stage,metric,shape,AV,Q,DLMAG,amplitude,AV_low_Q,AV_high_Q
coarse,Banchor_A,0.699999988079071,-0.17820402351217682,295.00921743778787,42.39717820572141,1.3738558162587544,667.8888537150092,1833.4134324175616
coarse,Banchor_B,0.699999988079071,-0.17693267590483114,301.8776130644396,42.395489582632166,1.3759942082949843,676.4513949115906,1839.039479428106
coarse,Aanchor_A,0.699999988079071,-0.17816049924630736,294.904759807646,42.39715646832547,1.373883322338655,667.6453920106113,1832.6259408853996
coarse,Aanchor_B,0.699999988079071,-0.17688923979234825,301.77330500619456,42.395467382115434,1.3760223441300297,676.2080205090873,1838.2542982730045
coarse,Banchor_A,0.7023077011108398,-0.17512997778764802,292.65177855912253,42.39889220140434,1.3716886920362303,668.6655317724912,1829.5678179958272
coarse,Banchor_B,0.7023077011108398,-0.17382959480743354,299.514548650994,42.397159813033646,1.3738790899738473,677.2221316520054,1835.1935888522496
coarse,Aanchor_A,0.7023077011108398,-0.17508705906025152,292.5482020296717,42.398871196848205,1.3717152288604604,668.4208470126797,1828.7822798570387
coarse,Aanchor_B,0.7023077011108398,-0.17378671917580774,299.4111181417933,42.39713827982072,1.3739063381435297,676.9775345123828,1834.4103573607024
coarse,Banchor_A,0.7046154141426086,-0.1720937964004457,290.30046534751216,42.400665743373494,1.3694498778589586,669.461239365134,1825.7170278239391
coarse,Banchor_B,0.7046154141426086,-0.1708202518021444,297.1576787282044,42.39897177115076,1.3715881695321457,678.0118792914509,1831.3425214524664
coarse,Aanchor_A,0.7046154141426086,-0.17205139255848384,290.19776816837305,42.40064533783806,1.369475615805691,669.2153087579957,1824.9334439166507
coarse,Aanchor_B,0.7046154141426086,-0.17077797864081234,297.0551267904257,42.398950965518914,1.371614453109867,677.7660366665341,1830.5612404542856
coarse,Banchor_A,0.706923097372055,-0.1687558384527844,287.84086025850803,42.40195345389054,1.3678266385630573,670.1475054995803,1821.5711708862111
coarse,Banchor_B,0.706923097372055,-0.16764906292470458,294.690727935023,42.400503873238605,1.3696540614909325,678.6883492282575,1827.1962994933112
coarse,Aanchor_A,0.706923097372055,-0.16871391937989866,287.73905210546167,42.40193363481832,1.367851607153264,669.9003971398619,1820.789569391843
coarse,Aanchor_B,0.706923097372055,-0.16760728071746,294.58907105360726,42.40048364876418,1.3696795748627912,678.4413290817121,1826.416996871314
coarse,Banchor_A,0.7092307806015015,-0.16556333438419568,285.3890328715965,42.403459692189564,1.3659303727702061,670.8541928999764,1817.4259814772145
coarse,Banchor_B,0.7092307806015015,-0.16431147615783376,292.23168266857317,42.40179553047223,1.3680256073070352,679.3852446318082,1823.0507444680586
coarse,Aanchor_A,0.7092307806015015,-0.16552189275638596,285.28811717170817,42.4034404325914,1.3659546028763008,670.605887516899,1816.6463591504482
coarse,Aanchor_B,0.7092307806015015,-0.16427008869522866,292.1309089495884,42.40177575860163,1.36805052005421,679.1370277305813,1822.2734169749097
coarse,Banchor_A,0.7115384638309479,-0.16179967232668457,283.07373365047454,42.40418279892009,1.3650209579389023,671.9967209780683,1813.4008658864695
coarse,Banchor_B,0.7115384638309479,-0.16083016153718532,289.9096266013573,42.40293275569306,1.3665934558000794,680.521719698881,1819.0252759119408
coarse,Aanchor_A,0.7115384638309479,-0.16175829794576196,282.9736677662276,42.40416347119383,1.3650452575672327,671.7475217357791,1812.6229972967226
coarse,Aanchor_B,0.7115384638309479,-0.16078898139668954,289.8097137237021,42.40291312066158,1.3666181702270663,680.2726087663381,1818.2496981998
coarse,Banchor_A,0.7138461470603943,-0.15831116439378623,280.76799992845014,42.4053153161426,1.3635978647802478,673.162380548523,1809.3695482254525
coarse,Banchor_B,0.7138461470603943,-0.1570761298586742,287.5970979039118,42.403673615192005,1.3656612695197572,681.6813365569265,1814.993604416351
coarse,Aanchor_A,0.7138461470603943,-0.15826988892817473,280.6687939295229,42.405295965408946,1.3636221679711304,672.9122705012127,1808.5934306052964
coarse,Aanchor_B,0.7138461470603943,-0.15703498494259227,287.49802945057064,42.40365386430796,1.365686112812808,681.4313146899455,1814.2197737096421
coarse,Banchor_A,0.7161538302898407,-0.15497296445397854,278.39558897382983,42.40659301110914,1.3619941258839252,674.3288986219279,1805.3344398976576
coarse,Banchor_B,0.7161538302898407,-0.15374414645207476,285.21877378885057,42.40495937785252,1.3640449680972986,682.8416769579844,1810.95819052844
coarse,Aanchor_A,0.7161538302898407,-0.15493234103419481,278.2973254820943,42.406574547771115,1.3620172872850527,674.0771297972213,1804.5601719189158
coarse,Aanchor_B,0.7161538302898407,-0.15370368981184548,285.12064605400934,42.40494056786229,1.364068599891712,682.5899971212762,1810.1862055158554
coarse,Banchor_A,0.7184615135192871,-0.15162653615033495,276.0316217754891,42.40786335707245,1.3604014812524006,675.5249087202038,1801.2945915345413
coarse,Banchor_B,0.7184615135192871,-0.15040395000619755,282.8488963356903,42.406237821040534,1.3624397644504367,684.0314844647025,1806.9180356199845
coarse,Aanchor_A,0.7184615135192871,-0.15158667015762498,275.93429549890027,42.40784593521899,1.3604233105930006,675.2714509831848,1800.5221736101034
coarse,Aanchor_B,0.7184615135192871,-0.1503641066511216,282.7517040349623,42.40621984075811,1.3624623272557297,683.7781165874457,1806.147896707002
coarse,Banchor_A,0.7207692265510559,-0.1485527497197189,273.63354815046904,42.40934584449201,1.358545227566484,676.2515920835671,1797.343931285285
coarse,Banchor_B,0.7207692265510559,-0.1473350685414046,280.4460153666129,42.407726638442746,1.3605727972095738,684.7540636998327,1802.9671222087643
coarse,Aanchor_A,0.7207692265510559,-0.14851312811806658,273.53710896679513,42.4093285704089,1.358566842218139,675.9972731170595,1796.5734461599088
coarse,Aanchor_B,0.7207692265510559,-0.14729557943119853,280.3497079305075,42.40770896759447,1.360594941328019,684.4998344658487,1802.198912280157
coarse,Banchor_A,0.7230769395828247,-0.14547222877924684,271.2426688245726,42.410822706565675,1.3566985359395438,676.9949850443282,1793.3870146271993
coarse,Banchor_B,0.7230769395828247,-0.1442594385005107,278.05032665510606,42.40920981417213,1.3587154483976829,685.4933319733619,1799.0099512247662
coarse,Aanchor_A,0.7230769395828247,-0.14543292886271394,271.14711273233075,42.410805693343484,1.356719795242114,676.7397910259523,1792.6184617494328
coarse,Aanchor_B,0.7230769395828247,-0.14422022880349283,277.9549000894406,42.409192342119695,1.3587373135049328,685.2382275949133,1798.243669719382
coarse,Banchor_A,0.7253846228122711,-0.1427097067131562,268.66431136089165,42.41264550664929,1.3544227386953809,677.3168627398225,1789.4232253902558
coarse,Banchor_B,0.7253846228122711,-0.14150057943595784,275.46834749696495,42.411037270588075,1.3564304506236977,685.8138116523976,1795.04592503851
coarse,Aanchor_A,0.7253846228122711,-0.14267106612740146,268.56972744077643,42.412629324620475,1.354442925432294,677.0604454600201,1788.6566117469533
coarse,Aanchor_B,0.7253846228122711,-0.14146140140596036,275.3738907545502,42.4110197067001,1.356452393693367,685.557483524174,1794.2815789494243
coarse,Banchor_A,0.7276923060417175,-0.13991160146607798,266.0943682356742,42.41442114274793,1.3522094972046856,677.6668077934161,1785.4109751369747
coarse,Banchor_B,0.7276923060417175,-0.13873924457152081,272.89474937657826,42.4128662608891,1.3541473825207373,686.1622976652792,1791.0334318933703
coarse,Aanchor_A,0.7276923060417175,-0.13987350939284282,266.00075024880573,42.41440562809361,1.352228819773765,677.4091424567051,1784.646310029331
coarse,Aanchor_B,0.7276923060417175,-0.13870133430626258,272.8012577636527,42.41285042194389,1.3541671372480477,685.9047210415591,1790.2710304727568
coarse,Banchor_A,0.7299999892711639,-0.13682781721911083,263.685389527346,42.415787201909104,1.3505092346637084,678.3890273039215,1781.2359180978192
coarse,Banchor_B,0.7299999892711639,-0.1356273454252857,270.4805824011485,42.41419005075865,1.3524973369569384,686.8793669989456,1786.8580903114205
coarse,Aanchor_A,0.7299999892711639,-0.1367900385001807,263.59262773562875,42.41577190338366,1.350528264097706,678.1303429321551,1780.4731971650021
coarse,Aanchor_B,0.7299999892711639,-0.13558977266961025,270.3879432422654,42.41417446352602,1.3525167540509462,686.6207713151845,1786.0976290469616
coarse,Banchor_A,0.7323076725006104,-0.13374449412431208,261.2838706900003,42.41715850745612,1.348804592451367,679.1287152956829,1777.0647321425402
coarse,Banchor_B,0.7323076725006104,-0.1325488503374931,268.07390595583536,42.41556753503147,1.350782498240952,687.6139074572209,1782.6866197655934
coarse,Aanchor_A,0.7323076725006104,-0.13370709821418497,261.191961130086,42.41714352658179,1.3488232032441236,678.86899363466,1776.3039541786034
coarse,Aanchor_B,0.7323076725006104,-0.1325115573199428,267.9821167588999,42.41555211379305,1.350801684196816,687.3542744957466,1781.9280974499334
coarse,Banchor_A,0.7346153855323792,-0.1302614272858744,258.90808847580973,42.41801634235855,1.347739329378434,680.3578430799372,1772.9978291277343
coarse,Banchor_B,0.7346153855323792,-0.1292113626453179,265.69417804023345,42.4166386783508,1.3494505281364462,688.8421615858406,1778.6195059588526
coarse,Aanchor_A,0.7346153855323792,-0.13022440477711011,258.8171117090738,42.41800175101464,1.3477574419366325,680.0967174014005,1772.2389446015752
coarse,Aanchor_B,0.7346153855323792,-0.12917447925965317,265.60332555487304,42.41662369726501,1.349469148104645,688.5811250515155,1777.8628730704734
coarse,Banchor_A,0.736923098564148,-0.1269149481245308,256.5395913783653,42.41907864259402,1.3464213263229525,681.6125294365498,1768.9247607942468
coarse,Banchor_B,0.736923098564148,-0.1257273389940245,263.3217633490292,42.41749799229581,1.3483829180804863,690.0959525438676,1774.5462260999707
coarse,Aanchor_A,0.736923098564148,-0.1268783814055015,256.4495490816512,42.419064561207456,1.3464387887618394,681.3499768866486,1768.1677698656647
coarse,Aanchor_B,0.736923098564148,-0.1256909089262058,263.2318369085902,42.417483520562456,1.3484008907408895,689.8334896423977,1773.7914827890363
coarse,Banchor_A,0.7392307817935944,-0.12405662937782039,254.03772664112822,42.42064834561995,1.3444761442668516,682.2301191522777,1764.8722487113093
coarse,Banchor_B,0.7392307817935944,-0.12287189147379615,260.8175172953382,42.419071450094236,1.346430245770548,690.7141632996153,1770.4936217728186
coarse,Aanchor_A,0.7392307817935944,-0.12402055518041663,253.94862069650782,42.42063476822692,1.3444929573703361,681.966247356491,1764.1170910955886
coarse,Aanchor_B,0.7392307817935944,-0.12283598928371721,260.72852480778323,42.4190575342746,1.3464475030015772,690.4503811524211,1769.7407079676757
coarse,Banchor_A,0.7415384650230408,-0.12119763180003382,251.5442664536576,42.422222187240976,1.3425286549826512,682.8687468685829,1760.8157933356606
coarse,Banchor_B,0.7415384650230408,-0.12000377115381448,258.3216770197627,42.42063141013504,1.3444971157817878,691.3533882522584,1766.4370740436266
coarse,Aanchor_A,0.7415384650230408,-0.12116205080978734,251.45609192141217,42.42220911377211,1.3425448206149322,682.6035329948387,1760.0624679227374
coarse,Aanchor_B,0.7415384650230408,-0.11996707547445083,258.23361303473587,42.42061610621882,1.344516067177288,691.0882640782987,1765.6859886267678
coarse,Banchor_A,0.7438461482524872,-0.11797356850358212,249.03491869617937,42.42318103335793,1.3413435511495517,683.2210186416379,1756.8431239912302
coarse,Banchor_B,0.7438461482524872,-0.11679810809040625,255.8074167159095,42.42161693060912,1.3432772722803663,691.7020932781339,1762.464130547201
coarse,Aanchor_A,0.7438461482524872,-0.11793830629675577,248.9476536766566,42.42316825483065,1.341359338129806,682.9548223647671,1756.0917139966966
coarse,Aanchor_B,0.7438461482524872,-0.11676298468957916,255.72026054213558,42.42160376473768,1.3432935612491024,691.4359861161546,1761.7149567056701
coarse,Banchor_A,0.7461538314819336,-0.11522705145390616,246.5345106436317,42.424847133059934,1.3392867916349867,683.5905268194552,1752.8666438193097
coarse,Banchor_B,0.7461538314819336,-0.11405573887705558,253.30277064485162,42.42328836585397,1.3412109566622394,692.0680282380993,1758.4873754161463
coarse,Aanchor_A,0.7461538314819336,-0.11519219824153024,246.44817067582977,42.42483477205349,1.3393020393782575,683.3233301804845,1752.1171489553615
coarse,Aanchor_B,0.7461538314819336,-0.11402109541195712,253.21653706573917,42.4232757216784,1.3412265761151778,691.8009201657436,1757.7401128549006
coarse,Banchor_A,0.7484615445137024,-0.11225503373984196,243.99907833971082,42.426216564630714,1.3375986233227657,684.3578028222944,1748.7383265466926
coarse,Banchor_B,0.7484615445137024,-0.11108603351053177,250.76513390774412,42.424660692850495,1.3395167907349246,692.8381605029283,1754.3588864679155
coarse,Aanchor_A,0.7484615445137024,-0.11222067385730304,243.9136602728114,42.42620467326688,1.337613273252393,684.0891687927588,1747.990711504013
coarse,Aanchor_B,0.7484615445137024,-0.11105184816746867,250.67981967225808,42.424648466575555,1.3395318748711167,692.5696151116553,1753.613499702988
coarse,Banchor_A,0.7507692575454712,-0.10896813030476363,241.47377108566164,42.42712829858774,1.336475862398749,685.1476414297786,1744.6146089447052
coarse,Banchor_B,0.7507692575454712,-0.10780169253853607,248.2371821211803,42.42557583294568,1.338388220972074,693.6308337543602,1750.234997980858
coarse,Aanchor_A,0.7507692575454712,-0.10893423109863698,241.38925690066284,42.42711683051839,1.3364899789758156,684.8775456727719,1743.8688664099602
coarse,Aanchor_B,0.7507692575454712,-0.10776789843226363,248.1527693114786,42.42556392795302,1.3384028963501615,693.3608267657604,1749.4914797033048
coarse,Banchor_A,0.7530769407749176,-0.1055442543559097,238.95015152635904,42.42779153580197,1.3356597066474705,686.4913973089662,1740.3880616737915
coarse,Banchor_B,0.7530769407749176,-0.10438380747073181,245.708474074042,42.42624702523635,1.3375610971792549,694.968429304798,1746.0082476631458
coarse,Aanchor_A,0.7530769407749176,-0.1055106809805418,238.86662767031692,42.42778038533851,1.3356734238848391,686.2197323622262,1739.644142250139
coarse,Aanchor_B,0.7530769407749176,-0.10435041104034021,245.62504914070126,42.426235543461786,1.337575242103337,694.6968539616147,1745.266548401839
coarse,Banchor_A,0.755384624004364,-0.10211190001404107,236.43647168970872,42.42844797415042,1.334852408106153,687.8594153280577,1736.1576830365725
coarse,Banchor_B,0.755384624004364,-0.10095876388435782,243.1897165712485,42.426913340281004,1.3367404893201469,696.330302827811,1741.7776654743832
coarse,Aanchor_A,0.755384624004364,-0.10207875726289815,236.353932205413,42.428437293509624,1.3348655394258566,687.58615421516,1735.4155860138492
coarse,Aanchor_B,0.755384624004364,-0.10092576272090174,243.10727362795532,42.42690227635854,1.3367541111082117,696.0571322113933,1741.0377845112191
coarse,Banchor_A,0.7576923072338104,-0.09970847756178616,234.05744906483193,42.430495168313385,1.3323378678693807,688.0640786580818,1732.368874493971
coarse,Banchor_B,0.7576923072338104,-0.09856221103237571,240.8097759517861,42.428970345030685,1.3342103365687024,696.5398169698915,1737.9887352088326
coarse,Aanchor_A,0.7576923072338104,-0.09967570742126958,233.97578351672226,42.43048479948611,1.3323505918138627,687.7898085168715,1731.628514629484
coarse,Aanchor_B,0.7576923072338104,-0.09852962496407466,240.72820459264963,42.42895965534833,1.3342234726830182,696.2656366340577,1737.2505877419849
coarse,Banchor_A,0.7599999904632568,-0.0973049492538399,231.68648553359822,42.432547173670415,1.3298221716016028,688.2853039847804,1728.6028297144567
coarse,Banchor_B,0.7599999904632568,-0.09615933598576025,238.43790497845276,42.43102302579798,1.3316902763267844,696.7658842195918,1734.2225717488686
coarse,Aanchor_A,0.7599999904632568,-0.09727260754671388,231.6056890964255,42.43253719769192,1.3298343903507552,688.0099973733381,1727.8641969220153
coarse,Aanchor_B,0.7599999904632568,-0.09612720432907472,238.35720014631735,42.431012767102004,1.3317028590058482,696.4906667757184,1733.4861477104105
coarse,Banchor_A,0.7623076736927032,-0.0939748441042301,229.25078307435564,42.43323676952845,1.3289778148470262,689.6542214801659,1724.4777861629257
coarse,Banchor_B,0.7623076736927032,-0.09283279978504662,235.99928198210776,42.431717333879114,1.3308389574280695,698.1348114952801,1730.097436865387
coarse,Aanchor_A,0.7623076736927032,-0.09394293437206527,229.1709612854136,42.43322726809723,1.3289894449708997,689.3773267352611,1723.7410404003888
coarse,Aanchor_B,0.7623076736927032,-0.09280106779753514,235.9195493237923,42.431707502139794,1.3308510087172218,697.8580066043545,1729.362895903329
coarse,Banchor_A,0.7646153569221497,-0.09064563623488686,226.82364814408845,42.43393285672848,1.328126053654684,691.0483912280048,1720.3522461570099
coarse,Banchor_B,0.7646153569221497,-0.08951551855717525,233.5692292513644,42.43243041791425,1.3299651830818198,699.5289598104653,1725.9718057681514
coarse,Aanchor_A,0.7646153569221497,-0.09061419488574128,226.74479557889947,42.43392388201188,1.3281370320158639,690.7698727175812,1719.6173851630454
coarse,Aanchor_B,0.7646153569221497,-0.08948420639397506,233.4904636522896,42.43242104127935,1.3299766689765984,699.2505319149368,1725.2391456164999
coarse,Banchor_A,0.7669230699539185,-0.08861323048212452,224.18162804411278,42.43630120729921,1.325232127927411,690.5760807865925,1716.4420924284832
coarse,Banchor_B,0.7669230699539185,-0.08747490969126748,230.9271273009361,42.43478657235674,1.3270821570713918,699.0614932709382,1722.0616189540794
coarse,Aanchor_A,0.7669230699539185,-0.08858220762537829,224.10363055572745,42.43629248044007,1.325242779833954,690.29665877097,1715.7090002602963
coarse,Aanchor_B,0.7669230699539185,-0.08744406475570801,230.84921359981368,42.43477751517368,1.327093227602269,698.7821607093697,1721.3307239817952
coarse,Banchor_A,0.7692307829856873,-0.08628147118609258,221.55233482377196,42.43823583778607,1.3228728516833284,690.1222959531862,1712.5294102623395
coarse,Banchor_B,0.7692307829856873,-0.0851433943750592,228.29734053349304,42.436721519231746,1.3247192012397457,698.6125405498428,1718.1489039521828
coarse,Aanchor_A,0.7692307829856873,-0.08625100240443208,221.47517488560956,42.43822755899079,1.3228829386963858,689.841950885939,1711.798085597866
coarse,Aanchor_B,0.7692307829856873,-0.08511310317998406,228.22026182843152,42.43671290935786,1.3247297062873151,698.332283821522,1717.4197728309243
coarse,Banchor_A,0.7715384662151337,-0.08312756583016746,219.18921181848825,42.439076683535795,1.3218487526437483,691.0699064530329,1708.7126400668915
coarse,Banchor_B,0.7715384662151337,-0.08199052897813701,225.93339294615984,42.43756378464821,1.3236919420432078,699.5672710870111,1714.3321083296278
coarse,Aanchor_A,0.7715384662151337,-0.08309741454112743,219.1129784953704,42.43906868867997,1.3218584861582636,690.7882373054322,1707.9830379882665
coarse,Aanchor_B,0.7715384662151337,-0.08196048605878224,225.857238126711,42.437555356840726,1.323702216973807,699.2856901341404,1713.6046961080292
coarse,Banchor_A,0.7738461494445801,-0.0802380882263175,216.83777364151453,42.44031173280335,1.3203459749446713,692.0381637801601,1704.9585387597658
coarse,Banchor_B,0.7738461494445801,-0.07910180135664598,223.5814844001655,42.43879973876428,1.3221859669616094,700.5426735651419,1710.577989830876
coarse,Aanchor_A,0.7738461494445801,-0.08020832252243179,216.7624707855254,42.44030411915257,1.3203552338128663,691.7551466154268,1704.230616555157
coarse,Aanchor_B,0.7738461494445801,-0.07907214350955304,223.50625727387097,42.43879169120658,1.3221957671388909,700.2597445085988,1709.8522538741345
coarse,Banchor_A,0.7761538326740265,-0.07731840083814245,214.34843410898216,42.44149962728375,1.318902185930259,693.0792701098483,1701.135636340563
coarse,Banchor_B,0.7761538326740265,-0.0761866374833085,221.08827138054568,42.43999356754698,1.3207329471864921,701.5793307581704,1706.7549234595222
coarse,Aanchor_A,0.7761538326740265,-0.07728916961996579,214.27406025852278,42.44149256943433,1.3189107595075584,692.7944052130416,1700.4094396732964
coarse,Aanchor_B,0.7761538326740265,-0.07615754174452363,221.01397080729487,42.43998611635796,1.3207420111419503,701.2945549876184,1706.0309093183214
coarse,Banchor_A,0.7784615159034729,-0.07437150488227144,211.87134686815648,42.44265385944533,1.3175008230375511,694.149727746721,1697.3104841000204
coarse,Banchor_B,0.7784615159034729,-0.07324427685840343,218.60727885029942,42.44115376560212,1.3193223896484925,702.6453337239324,1702.929606860345
coarse,Aanchor_A,0.7784615159034729,-0.07434272314161466,211.79789439456746,42.44264723153241,1.3175088657898626,693.862981148789,1696.586011576251
coarse,Aanchor_B,0.7784615159034729,-0.0732156386079425,218.5338972296343,42.44114675610347,1.3193309072039714,702.3586773368967,1702.207313134712
coarse,Banchor_A,0.7807692289352417,-0.07197014709863825,209.37300054040088,42.44431344382534,1.3154885169582893,694.2962534543375,1693.569510994912
coarse,Banchor_B,0.7807692289352417,-0.07087779707075118,216.10920691172376,42.44286455988574,1.3172451706345656,702.7989553241321,1699.1886439140878
coarse,Aanchor_A,0.7807692289352417,-0.07194183521686841,209.30044071838918,42.44430722457791,1.3154960522803794,694.0083676941034,1692.8467594707067
coarse,Aanchor_B,0.7807692289352417,-0.07084964419707798,216.03671634430432,42.44285798283195,1.3172531501221634,702.5111591997638,1698.4680676498772
coarse,Banchor_A,0.7830769419670105,-0.06947012214381669,206.88548245729143,42.44583386159815,1.313647653270774,694.4600848060966,1689.8275766140787
coarse,Banchor_B,0.7830769419670105,-0.06834269635956827,213.6217386655328,42.4443333609121,1.3154643854441221,702.9698749942892,1695.446720348361
coarse,Aanchor_A,0.7830769419670105,-0.06944222574156499,206.81380603720999,42.44582797145184,1.313654779861776,694.1710396138745,1689.1065434250554
coarse,Aanchor_B,0.7830769419670105,-0.06831516450299524,213.55012764042579,42.444327413766466,1.3154715909510113,702.6809189129372,1694.7278588770087
coarse,Banchor_A,0.7853846251964569,-0.06752119604463529,204.45958131538364,42.44820721643785,1.31077923378439,694.7049424569561,1686.2739605903585
coarse,Banchor_B,0.7853846251964569,-0.06619479680136967,211.19668230955,42.446413352072256,1.312946706591431,703.2217402728642,1691.8931613609252
coarse,Aanchor_A,0.7853846251964569,-0.06749367129304992,204.3887777855688,42.44820156282233,1.3107860592555245,694.4147415285483,1685.5545580843714
coarse,Aanchor_B,0.7853846251964569,-0.06616737679007369,211.12593425862156,42.446407281671064,1.3129540473575336,702.9316278767316,1691.1759272582058
coarse,Banchor_A,0.7876923084259033,-0.0652148325338514,202.04388850759548,42.45006201939993,1.3085418931752864,694.9679505269821,1682.7205036064756
coarse,Banchor_B,0.7876923084259033,-0.06409366825143055,208.7814377093939,42.44856969203043,1.3103417000857136,703.4917895154331,1688.3397624576335
coarse,Aanchor_A,0.7876923084259033,-0.06518770505420467,201.9739403739981,42.450056661888965,1.3085483501256943,694.6765717786453,1682.0027301626203
coarse,Aanchor_B,0.7876923084259033,-0.06406678768573908,208.71154895540272,42.448564103957175,1.3103484441771676,703.200498770005,1687.6241540997885
coarse,Banchor_A,0.7899999916553497,-0.062321466651603416,199.69058776814907,42.45103844375333,1.3073656241962812,696.1740105331075,1678.9269367647194
coarse,Banchor_B,0.7899999916553497,-0.06120187476465338,206.42746797962397,42.44954825055402,1.3091612398852082,704.7021993129706,1684.5462428330645
coarse,Aanchor_A,0.7899999916553497,-0.06229483362263308,199.62154644070827,42.45103358560298,1.3073714740454054,695.8807166907995,1678.2107064865704
coarse,Aanchor_B,0.7899999916553497,-0.06117538550530995,206.3584834794723,42.44954301017464,1.3091675586559128,704.4089946448531,1683.8321740037113
coarse,Banchor_A,0.7923076748847961,-0.05943664867400066,197.3484766501355,42.45203355129389,1.306167936047071,697.4053350443793,1675.0774093977745
coarse,Banchor_B,0.7923076748847961,-0.05831846440184147,204.08469199868975,42.45054524374973,1.3079596351537834,705.9378705158912,1680.6967575423525
coarse,Aanchor_A,0.7923076748847961,-0.05941043934549354,197.28033496451204,42.452029086548265,1.306173307259284,697.110091225127,1674.3627305084858
coarse,Aanchor_B,0.7923076748847961,-0.05829239775874918,204.0166045922788,42.45054039522292,1.3079654760675181,705.6427171207374,1679.9842364116637
coarse,Banchor_A,0.7946153879165649,-0.056859020873486744,194.9456027270289,42.453437707182346,1.3044797930826184,697.9686907980401,1671.1950555261851
coarse,Banchor_B,0.7946153879165649,-0.05574169690575782,201.68114080518026,42.45195046054621,1.306267900129423,706.5063964418481,1676.8143780752732
coarse,Aanchor_A,0.7946153879165649,-0.056833248359764284,194.87832292435638,42.45343359945966,1.304484728398729,697.6721540485453,1670.4820924765966
coarse,Aanchor_B,0.7946153879165649,-0.055716067151614854,201.61391250125507,42.45194596882349,1.3062733042094588,706.2099500022932,1676.1035691055722
coarse,Banchor_A,0.7969231009483337,-0.054283087979135836,192.5537851923979,42.45485028917617,1.302783721348996,698.5506726573371,1667.3124142118072
coarse,Banchor_B,0.7969231009483337,-0.05316660565223895,199.28864587422063,42.45336407496008,1.3045682630099642,707.0935777388706,1672.9317117678338
coarse,Aanchor_A,0.7969231009483337,-0.05425765491912705,192.4873613814242,42.454846394029374,1.3027883951757642,698.2528211656017,1666.6011646205002
coarse,Aanchor_B,0.7969231009483337,-0.05314128134208574,199.2222707964327,42.45335974549141,1.3045734651010965,706.7958164929601,1672.2226125738543
coarse,Banchor_A,0.7992307841777802,-0.05167511498527637,190.13414561404352,42.45621181506055,1.3011510392584167,699.4446910212392,1663.641925399422
coarse,Banchor_B,0.7992307841777802,-0.05056019649868095,196.86794396773757,42.454727626787644,1.3029309132631783,707.9911160365322,1669.2611848831687
coarse,Aanchor_A,0.7992307841777802,-0.0516502284967875,190.0685863517749,42.45620846675849,1.3011550518845094,699.1449766923223,1662.932193112529
coarse,Aanchor_B,0.7992307841777802,-0.05053548647187665,196.80243078999834,42.45472394356188,1.3029353333026252,707.6914927962994,1668.5535994441866
coarse,Banchor_A,0.8015384674072266,-0.04906577418458322,187.72791402287226,42.457578141307856,1.2995146577332513,700.3692270330617,1659.970417768843
coarse,Banchor_B,0.8015384674072266,-0.047952416191143175,194.46064173861805,42.456095973512205,1.3012898716851977,708.9191509768253,1665.5896394201209
coarse,Aanchor_A,0.8015384674072266,-0.04904133289842157,187.66321214267012,42.4575751895226,1.2995181907216566,700.0676203919021,1659.2622009703339
coarse,Aanchor_B,0.8015384674072266,-0.047928186339336064,194.3959833098534,42.456092738087726,1.3012937494516041,708.6176363448183,1664.8835659154508
coarse,Banchor_A,0.803846150636673,-0.04650049481865055,185.33747238006097,42.45895108725183,1.2978724210813046,701.0237044224256,1656.112483011047
coarse,Banchor_B,0.803846150636673,-0.04538691266269468,192.07091924980043,42.45746854994078,1.2996458339573,709.5820334842305,1661.731790313181
coarse,Aanchor_A,0.803846150636673,-0.04647650403428667,185.27359099416014,42.458948430645805,1.2978755967513285,700.7205762649204,1655.405981814014
coarse,Aanchor_B,0.803846150636673,-0.045363094718060035,192.0070784810563,42.457465552781954,1.2996494216154593,709.2789977013825,1661.0274287201385
coarse,Banchor_A,0.8061538338661194,-0.04391363345315644,182.95941146235313,42.46029887374584,1.2962622973363203,701.7018998386334,1652.2564937089503
coarse,Banchor_B,0.8061538338661194,-0.042799822258420904,189.69354179733148,42.45881599203731,1.2980339218778585,710.2686314151872,1657.8758881742651
coarse,Aanchor_A,0.8061538338661194,-0.04389009171052934,182.89634319783684,42.46029650942511,1.2962651201059228,701.3972213684284,1651.5517053839887
coarse,Aanchor_B,0.8061538338661194,-0.04277642133147611,189.63051134182166,42.458813239913404,1.298037212138145,709.9640457602503,1657.1732357611452
coarse,Banchor_A,0.8084615468978882,-0.04171916241195973,180.54999572700686,42.46201204552173,1.294218551472482,702.046872235722,1648.7600419163637
coarse,Banchor_B,0.8084615468978882,-0.040605688024164054,187.28430765571343,42.46052959490438,1.2959868682192708,710.6193366305142,1654.3794692742492
coarse,Aanchor_A,0.8084615468978882,-0.04169597888903539,180.4877943244201,42.46200992151891,1.2942210833273917,701.7408670581381,1648.0567770852333
coarse,Aanchor_B,0.8084615468978882,-0.04058264501302096,187.22214125187884,42.4605270824358,1.295989867225874,710.3134242413109,1653.6783370329542
coarse,Banchor_A,0.810769259929657,-0.03952440379495298,178.15366144015763,42.463731532612265,1.29217051178459,702.4112236011492,1645.2651046147143
coarse,Banchor_B,0.810769259929657,-0.03841123147327451,184.88814801625105,42.4622494613907,1.293935578105401,710.9894118514264,1650.884565533482
coarse,Aanchor_A,0.810769259929657,-0.03950168210631308,178.0923199237022,42.463729799980264,1.2921725738488006,702.1038679588451,1644.5633605505068
coarse,Aanchor_B,0.810769259929657,-0.03838864993743527,184.82683870408772,42.46224733951968,1.2939381068661375,710.6821490286012,1650.184950734914
coarse,Banchor_A,0.8130769431591034,-0.037156952167644176,175.81096165625752,42.46519865838273,1.290425616136442,702.9740105524843,1641.7098987811557
coarse,Banchor_B,0.8130769431591034,-0.036044044171338586,182.54600767122326,42.46371697211763,1.292187840826291,711.5585413311637,1647.3294706081765
coarse,Aanchor_A,0.8130769431591034,-0.0371346977318635,175.75045433650385,42.46519732629982,1.2904271993524754,702.6651042432102,1641.0096943389856
coarse,Aanchor_B,0.8130769431591034,-0.0360218614435659,182.48552985431238,42.46371515009004,1.292190009312396,711.2497283447726,1646.6313920250652
coarse,Banchor_A,0.8153846263885498,-0.034765388990204385,173.48188424389,42.46663719731923,1.2887170074855379,703.5577716757454,1638.1600583547136
coarse,Banchor_B,0.8153846263885498,-0.03365270130149626,180.2174490271426,42.46515585372804,1.2904764915806815,712.148655022281,1643.7797427483476
coarse,Aanchor_A,0.8153846263885498,-0.0347435298129652,173.42220351254912,42.466636159020965,1.2887182398965673,703.2472883992998,1637.4613898405107
coarse,Aanchor_B,0.8153846263885498,-0.03363098100285123,180.1577951248131,42.46515442425148,1.2904781906187215,711.8382656376074,1643.083196687412
coarse,Banchor_A,0.8176923096179962,-0.032967620634871124,171.2008438922849,42.46883567167848,1.2861101635964807,703.8402843811815,1634.7003815545543
coarse,Banchor_B,0.8176923096179962,-0.03185453165346773,177.9376722309467,42.4673537179771,1.2878668122638608,712.4392108498117,1640.3201447262336
coarse,Aanchor_A,0.8176923096179962,-0.03294621999276527,171.1419373414158,42.46883495870554,1.2861110081497271,703.5283330901696,1634.0031268948119
coarse,Aanchor_B,0.8176923096179962,-0.031833269195514095,177.8787896277682,42.46735261244962,1.287868123607138,712.1273535789254,1639.625009271609
coarse,Banchor_A,0.8199999928474426,-0.03088204919655387,168.9325064514205,42.47061742386554,1.2840013176793048,704.144309330515,1631.242568302335
coarse,Banchor_B,0.8199999928474426,-0.029768424250947313,175.670207573607,42.469134734476036,1.2857559571747073,712.7513297758619,1636.862411425895
coarse,Aanchor_A,0.8199999928474426,-0.030861054434831277,168.87435942256283,42.470616958275244,1.2840018682906578,703.8308572913818,1630.5467253425434
coarse,Aanchor_B,0.8199999928474426,-0.029747600874867962,175.6120817668708,42.46913392478937,1.2857569160262536,712.4379719544845,1636.168684421546
coarse,Banchor_A,0.822307676076889,-0.028062133111360302,166.60179006789514,42.47138510795348,1.2830937685162802,705.2369696504609,1627.6509622890221
coarse,Banchor_B,0.822307676076889,-0.026949320983712447,173.33965388485962,42.469903722090955,1.284845625231979,713.8505961449758,1633.2709494931785
coarse,Aanchor_A,0.822307676076889,-0.028041658025259774,166.54451553518462,42.471385167398886,1.2830936982652998,704.9213067600904,1626.9566761565152
coarse,Aanchor_B,0.822307676076889,-0.026928914496428424,173.28239799352696,42.469903286101896,1.2848461411756704,713.5350288791999,1632.5787758964184
coarse,Banchor_A,0.8246153593063354,-0.02547628054884202,164.2874070228291,42.47250421861625,1.2817719150732523,706.3570471517363,1624.064066989319
coarse,Banchor_B,0.8246153593063354,-0.024363976530890716,171.02574601896697,42.471023588461655,1.2835210736392038,714.9772687222934,1629.6842002044573
coarse,Aanchor_A,0.8246153593063354,-0.0254564203379199,164.23100190757214,42.47250493938108,1.2817710641706026,706.0391383106696,1623.3713344848427
coarse,Aanchor_B,0.8246153593063354,-0.024344234659694947,170.9693569349312,42.47102388670245,1.2835207210689472,714.65945700312,1628.9935768163518
coarse,Banchor_A,0.8269230723381042,-0.02281058978130213,162.15807055235848,42.47350190887163,1.2805946272850541,707.2971121470497,1620.7062080574556
coarse,Banchor_B,0.8269230723381042,-0.020971279437502554,168.89714878799973,42.470952143731886,1.2836055359911203,715.9261233354293,1626.326517800381
coarse,Aanchor_A,0.8269230723381042,-0.022791004552102118,162.10238199893834,42.4735027202536,1.2805936702837193,706.9775771483378,1620.0148692508894
coarse,Aanchor_B,0.8269230723381042,-0.020951486155395733,168.84145628686812,42.47095203627507,1.2836056630313413,715.6066864704381,1625.6372849106333
coarse,Banchor_A,0.829230785369873,-0.0197417917703255,160.0421339805283,42.47391156587451,1.280111539774196,708.2589674965722,1617.349410566783
coarse,Banchor_B,0.829230785369873,-0.018631221699618453,166.7816535225865,42.472432973583,1.2818560265531374,716.8967632767753,1622.9698983367805
coarse,Aanchor_A,0.829230785369873,-0.019722219263589812,159.98714606346255,42.47391206146304,1.280110955462417,707.9377805937272,1616.659463854986
coarse,Aanchor_B,0.829230785369873,-0.018611751439058657,166.72667664734936,42.47243302245502,1.2818559688532123,716.5756755923336,1622.2820543398013
coarse,Banchor_A,0.8315384685993195,-0.01765402483830949,157.67369990264066,42.47559641166008,1.2781266027935838,708.5506475622271,1613.8242265968117
coarse,Banchor_B,0.8315384685993195,-0.016542205906770253,164.41490997041507,42.4741161334807,1.279870371906851,717.1984514695047,1619.4448525369032
coarse,Aanchor_A,0.8315384685993195,-0.01763495658808048,157.6194893068824,42.47559725922723,1.2781256050395318,708.2277160424039,1613.1358753299533
coarse,Aanchor_B,0.8315384685993195,-0.016523272505439984,164.36070771248544,42.47411658212568,1.2798698430423823,716.8756198450352,1618.7586006258864
coarse,Banchor_A,0.8338461518287659,-0.01627283577835689,155.32181325807625,42.478328680382184,1.2749142249213201,708.8691331678732,1610.3025936179529
coarse,Banchor_B,0.8338461518287659,-0.014450450491213256,162.06473603796192,42.47580324649381,1.27788314041002,717.5269448842332,1615.9233592750272
coarse,Aanchor_A,0.8338461518287659,-0.0155445895789943,155.26840523454035,42.47728587346626,1.276139318116804,708.544425381741,1609.6158341722169
coarse,Aanchor_B,0.8338461518287659,-0.014432075400137955,162.0113004225667,42.47580412519951,1.2778821061967978,717.202337758028,1615.2386958258405
coarse,Banchor_A,0.8361538350582123,-0.013587877678841336,153.2366564493225,42.47905820737818,1.2740578733141885,709.4656235168377,1607.2866968427306
coarse,Banchor_B,0.8361538350582123,-0.012473898053065905,159.98141643462057,42.47757513441487,1.2757993754126302,718.1333509194334,1612.9076640908163
coarse,Aanchor_A,0.8361538350582123,-0.013569765308064368,153.18395974139693,42.479059791129124,1.2740560148619415,709.139397716522,1606.6012126607743
coarse,Aanchor_B,0.8361538350582123,-0.012455885112994116,159.92872274030609,42.477576266556845,1.2757980450846336,717.8072263073217,1612.224273093526
coarse,Banchor_A,0.8384615182876587,-0.011512553551331541,151.16516551302814,42.4806913024905,1.272142957274159,710.0816537900135,1604.1994856619376
coarse,Banchor_B,0.8384615182876587,-0.010497565682269972,157.91177584050598,42.479354122549985,1.2737106787742745,718.7593244106363,1609.8206482368703
coarse,Aanchor_A,0.8384615182876587,-0.011494797480162543,151.11320407567587,42.48069313033655,1.2721408156125817,709.7538856799739,1603.5152749220942
coarse,Aanchor_B,0.8384615182876587,-0.010479970653021722,157.85981695776343,42.47935558867037,1.273708958824322,718.4316580828884,1609.1385278096363
coarse,Banchor_A,0.8407692313194275,-0.009400698636160379,149.0339576178225,42.48238060570219,1.2701651617537826,710.9190854213757,1600.7903391688046
coarse,Banchor_B,0.8407692313194275,-0.00821983790078843,155.780595102977,42.480799274250856,1.2720164544602754,719.6007562522111,1606.411593486243
coarse,Aanchor_A,0.8407692313194275,-0.009383489602843286,148.98272515563332,42.48238293569163,1.2701624359827959,710.5891869630076,1600.1073697135562
coarse,Aanchor_B,0.8407692313194275,-0.008202767266341395,155.72935930817403,42.48080121035099,1.2720141861845933,719.2709613821434,1605.7307110806898
coarse,Banchor_A,0.8430769443511963,-0.007204391678588809,146.91832692251785,42.48395271102266,1.2683273410865927,711.7836536840805,1597.3840477891122
coarse,Banchor_B,0.8430769443511963,-0.006091201099741414,153.66500539093283,42.482470872025246,1.2700595667000112,720.4693012382331,1603.005394826087
coarse,Aanchor_A,0.8430769443511963,-0.007187665459319736,146.86781375119529,42.483955448531695,1.2683241432074377,711.4515935754649,1596.7023167250597
coarse,Aanchor_B,0.8430769443511963,-0.006074605399404038,153.61448796326152,42.48247320298425,1.2700568400214718,720.1373466051018,1602.325747547842
coarse,Banchor_A,0.8453846275806427,-0.005420999329714919,144.71660692834433,42.485877148882814,1.2660812565588193,712.0370598286846,1594.2861779829198
coarse,Banchor_B,0.8453846275806427,-0.00430547612904548,151.46651085183444,42.48439228726232,1.267813944080371,720.7366108526021,1599.9077775897206
coarse,Aanchor_A,0.8453846275806427,-0.005404917644388795,144.66681644663774,42.48588045103613,1.2660774059107096,711.7032255144867,1593.6058290036713
coarse,Aanchor_B,0.8453846275806427,-0.0042894233756935254,151.41671338219882,42.484395033048045,1.2678107378309915,720.4028826511723,1599.2295094874264
coarse,Banchor_A,0.8476923108100891,-0.0036215551698876997,142.5321047970269,42.48778612607241,1.2638571465782689,712.318058381801,1591.2021332223856
coarse,Banchor_B,0.8476923108100891,-0.0025035424850753164,149.28521270276133,42.48629802317157,1.2655905685073667,721.0315528735183,1596.8239887518123
coarse,Aanchor_A,0.8476923108100891,-0.003605916443416304,142.48302785326254,42.48778969463283,1.2638529925828896,711.9824127446633,1590.5231570038115
coarse,Aanchor_B,0.8476923108100891,-0.0024880981615284094,149.23612606893107,42.486301278508215,1.2655867739234206,720.6960140876708,1596.1470905137764
coarse,Banchor_A,0.8499999940395355,-0.001687435981992136,140.43316588792925,42.48948766199137,1.2618780156430258,713.0008955269775,1587.9790779005834
coarse,Banchor_B,0.8499999940395355,-0.00035918815018142175,147.18875480940017,42.48769056084397,1.2639683946991718,721.7258692519356,1593.6011865909677
coarse,Aanchor_A,0.8499999940395355,-0.00167230450244673,140.38479442161074,42.489491628427395,1.2618734057301728,712.6634551178702,1587.3013971990679
coarse,Aanchor_B,0.8499999940395355,-0.0003441427427266051,147.1403671953942,42.4876940553932,1.2639643264985778,721.3885370005014,1592.9255808265566
coarse,Banchor_A,0.8523076772689819,0.0004682847866633215,138.3486847931134,42.49087027958419,1.2602721151231668,713.7086111192868,1584.75978696961
coarse,Banchor_B,0.8523076772689819,0.001484824730416385,145.10684399467453,42.48953212406978,1.2618263414239488,722.4450784931422,1590.3821508275166
coarse,Aanchor_A,0.8523076772689819,0.00048303586689061695,138.30100729427218,42.490874457009205,1.26026726617173,713.369342949284,1584.083399195493
coarse,Aanchor_B,0.8523076772689819,0.0014994428802357397,145.05915348345073,42.48953589610665,1.2618219576268586,722.1059198782958,1589.7078349470676
coarse,Banchor_A,0.8546153903007507,0.00230423556946142,136.39134404842312,42.49267379787906,1.258180412670801,714.2162070714626,1581.7563182404322
coarse,Banchor_B,0.8546153903007507,0.003428938717520605,143.15066131328112,42.491176695161926,1.2599164923486665,722.9601683110342,1587.3788387419024
coarse,Aanchor_A,0.8546153903007507,0.0023184681016799537,136.34430558922963,42.49267839265978,1.2581750881261684,713.8751252739704,1581.0812052661538
coarse,Aanchor_B,0.8546153903007507,0.003442982698883466,143.1036057698826,42.49118096762972,1.2599115344758245,722.6191973852108,1586.7057948192185
coarse,Banchor_A,0.8569231033325195,0.0041048803879576296,134.4483099655885,42.494535900569126,1.256024407192507,714.7460094822228,1578.761360750717
coarse,Banchor_B,0.8569231033325195,0.005226320307303559,141.20890520726076,42.493043741003476,1.2577517856225497,723.4974619866446,1584.3840396204034
coarse,Aanchor_A,0.8569231033325195,0.004118602469183229,134.40190390021365,42.49454089949369,1.2560186242437794,714.4030764416412,1578.0875203047956
coarse,Aanchor_B,0.8569231033325195,0.005239919909046667,141.16247987080112,42.49304832013397,1.2577464810214976,723.1546412207479,1583.712265388128
coarse,Banchor_A,0.8592307865619659,0.006344145827730259,132.3896242970119,42.49580103440827,1.2545617005664926,715.6616211616712,1575.5685182780614
coarse,Banchor_B,0.8592307865619659,0.007378643057860296,139.1522218588657,42.49443709976122,1.256138709241314,724.4244494116224,1581.1914122307799
coarse,Aanchor_A,0.8592307865619659,0.006357335280972695,132.34389766922592,42.49580643816082,1.2545554565782266,715.3164603866704,1574.8960489280787
coarse,Aanchor_B,0.8592307865619659,0.007391735605109358,139.10647500286044,42.494442044490064,1.2561329884675747,724.0794030311042,1580.5210060136287
coarse,Banchor_A,0.8615384697914124,0.00849443477567753,130.34816623957255,42.49720464516924,1.2529408846140866,716.6048794295072,1572.3819582579788
coarse,Banchor_B,0.8615384697914124,0.009619114045031593,137.11284323750456,42.495708296064784,1.2546688637451675,725.3790947424336,1578.0050693790756
coarse,Aanchor_A,0.8615384697914124,0.00850717899647771,130.30311174750233,42.497210322375736,1.2529343331280935,716.2574500918803,1571.7108570181092
coarse,Aanchor_B,0.8615384697914124,0.009631738743337946,137.0677646866434,42.49571354867941,1.2546627938765724,725.0317820310983,1577.3360281931375
coarse,Banchor_A,0.8638461530208588,0.009836920167506402,128.29684920844483,42.499553436067956,1.250233306824914,716.3401299773319,1569.5554202827961
coarse,Banchor_B,0.8638461530208588,0.010962862473094984,135.06353490333981,42.49805544281387,1.2519594476939662,725.1232400668308,1575.1786865113893
coarse,Aanchor_A,0.8638461530208588,0.009849072047676627,128.25243175499108,42.49955958543508,1.2502262258030343,715.9913044577578,1568.885595094903
coarse,Aanchor_B,0.8638461530208588,0.010974963779748008,135.0190909127446,42.49806106593106,1.2519529637097064,724.7745314538844,1574.510918689208
coarse,Banchor_A,0.8661538362503052,0.011209888014777611,126.26447470909889,42.50186580153753,1.2475734342659826,716.1052760237258,1566.7335767767113
coarse,Banchor_B,0.8661538362503052,0.012337342967745232,133.03312193173437,42.50036581438557,1.2492981970375237,724.8972777948474,1572.356999232122
coarse,Aanchor_A,0.8661538362503052,0.011221536418528003,126.22068557784293,42.50187229125027,1.2475659772345387,715.7550184646077,1566.0650258301139
coarse,Aanchor_B,0.8661538362503052,0.012348908294268,132.98930379795158,42.50037182536171,1.2492912805500362,724.547137514248,1571.6905029637444
coarse,Banchor_A,0.8684615194797516,0.013539622103092123,124.39826979216544,42.5029882484543,1.2462843445620901,717.6842164434689,1563.79621715935
coarse,Banchor_B,0.8684615194797516,0.014666933281378093,131.16803477324467,42.50148861115609,1.2480069230330013,726.48380180991,1569.419881014302
coarse,Aanchor_A,0.8684615194797516,0.013550808857132394,124.35514755816753,42.502995144481794,1.246276428842066,717.3315358905735,1563.1288343481558
coarse,Aanchor_B,0.8684615194797516,0.014678004426967362,131.12488134243583,42.50149507604767,1.2479994919411856,726.1312415160273,1568.7545500796668
coarse,Banchor_A,0.870769202709198,0.01586467096883144,122.54765158542695,42.50412464146114,1.2449805951868484,719.2915895656377,1560.8628141812235
coarse,Banchor_B,0.870769202709198,0.016991714567728886,129.31853922018945,42.50262553374431,1.2467007635587712,728.0987587003939,1566.4867213125938
coarse,Aanchor_A,0.870769202709198,0.01587546047167258,122.50518815574065,42.5041318474859,1.2449723322854291,718.9364450362781,1560.19659664538
coarse,Aanchor_B,0.870769202709198,0.017002389386817394,129.2760424173146,42.50263230703858,1.2466929861218905,727.743737520074,1565.8225528520209
coarse,Banchor_A,0.8730769157409668,0.01718330475513718,120.68471527945364,42.50641949052454,1.2423519407354293,719.0294006193708,1558.3287379192777
coarse,Banchor_B,0.8730769157409668,0.01811595016106614,127.4588964127407,42.5052069198444,1.2437401978962854,727.8492471092869,1563.952927297528
coarse,Aanchor_A,0.8730769157409668,0.017193684620514668,120.64279675042012,42.506426854728,1.2423435142858128,718.6727570167754,1557.6636067385477
coarse,Aanchor_B,0.8730769157409668,0.018126133147978726,127.41694466122135,42.505213970382904,1.2437321213398937,727.4927274840559,1563.289842877976
coarse,Banchor_A,0.8753846287727356,0.018306383678291675,118.84229182625552,42.50900941984455,1.2393919499976396,718.7929188431573,1555.8008580648288
coarse,Banchor_B,0.8753846287727356,0.01943880895507287,125.61988768689618,42.50750349710703,1.2411121869046569,727.625482762312,1561.425331555046
coarse,Aanchor_A,0.8753846287727356,0.018316331795666208,118.8009122606794,42.509016971595486,1.2393833295364962,718.434735935763,1555.1368102705105
coarse,Aanchor_B,0.8753846287727356,0.019448644953831903,125.57847006891289,42.50751061152476,1.241104054393669,727.2674245595014,1560.7633282105978
coarse,Banchor_A,0.877692312002182,0.01988404005599039,116.96346338860813,42.51087454421669,1.2372646968410967,719.2223303912332,1553.0643320280237
coarse,Banchor_B,0.877692312002182,0.021018731596613632,123.74415005863213,42.50936569511018,1.2389853206024761,728.0675193446077,1558.6890792691213
coarse,Aanchor_A,0.877692312002182,0.01989345642637408,116.92268422157676,42.51088252045045,1.2372556074544194,718.8623510710689,1552.401458716792
coarse,Aanchor_B,0.877692312002182,0.021028076630265097,123.7033305936011,42.509373173801634,1.2389767863406813,727.707666321247,1558.0282478130523
coarse,Banchor_A,0.8799999952316284,0.02146949639989698,115.10168697862744,42.51273581834074,1.2351454749115194,719.674763076163,1550.3340405064441
coarse,Banchor_B,0.8799999952316284,0.022606528555269338,121.88545159658032,42.51122393488702,1.2368666082520259,728.5325979445619,1555.9590633445973
coarse,Aanchor_A,0.8799999952316284,0.02147848019645769,115.06150034031951,42.51274407194204,1.2351360855593883,719.3129605374062,1549.6723384927184
coarse,Aanchor_B,0.8799999952316284,0.022615371954110765,121.84522244152916,42.51123179233121,1.2368576571134942,728.1709233833953,1555.2994005937978
coarse,Banchor_A,0.8823076784610748,0.023184363899778404,113.23436516887622,42.514531033330606,1.2331049060082941,720.3636079037698,1547.6512570958537
coarse,Banchor_B,0.8823076784610748,0.02432320560885902,120.01971693105376,42.51301668899969,1.2348259946789621,729.2278196388577,1553.2765402912605
coarse,Aanchor_A,0.8823076784610748,0.023192762498291535,113.19477232435023,42.51453976281193,1.2330949917004506,719.9994184557147,1546.9906471142465
coarse,Aanchor_B,0.8823076784610748,0.02433146371086257,119.98007945008312,42.51302502230577,1.2348165171065661,728.8637608393578,1552.617966999082
coarse,Banchor_A,0.8846153616905212,0.024975680964193163,111.38681512611049,42.516222059892286,1.2311858485701048,721.0949118789309,1544.9734673793475
coarse,Banchor_B,0.8846153616905212,0.026113232404140645,118.17364226278112,42.514709940378026,1.2329017323627713,729.9654606077754,1550.599012531847
coarse,Aanchor_A,0.8846153616905212,0.024983508466499823,111.34780618294846,42.516231244004764,1.2311754341605612,720.7282871268974,1544.313947403605
coarse,Aanchor_B,0.8846153616905212,0.02612095339856197,118.1345866508764,42.5147186782381,1.232891810174102,729.5989693013398,1549.9415266730718
coarse,Banchor_A,0.88692307472229,0.026493888955735616,109.68468465959492,42.518184041098046,1.2289630413399673,721.9403327295092,1542.3790009913366
coarse,Banchor_B,0.88692307472229,0.027760704116590464,116.4741843007326,42.51648210896908,1.230890997571781,730.8226579525586,1548.0048153771008
coarse,Aanchor_A,0.88692307472229,0.02650111755862519,109.64619512864735,42.51819376104925,1.2289520392132411,721.5713100774711,1541.720594136683
coarse,Aanchor_B,0.88692307472229,0.027767847767863625,116.43564497230943,42.516491352282706,1.2308805185410148,730.4537714382888,1547.34844020693
coarse,Banchor_A,0.8892307877540588,0.028143397120202564,107.99853736894582,42.5199603345973,1.2269540687160727,722.8101508926075,1539.7929740652105
coarse,Banchor_B,0.8892307877540588,0.02928321907316206,114.79085042825626,42.51844539925559,1.2286672412567263,731.7042849365698,1545.419059828215
coarse,Aanchor_A,0.8892307877540588,0.028150103849540305,107.96055821297813,42.51997047731032,1.2269426068298133,722.4386926404449,1539.1356778973286
coarse,Aanchor_B,0.8892307877540588,0.029289852071696147,114.75282060337196,42.518455046840074,1.228656323670767,731.332965619487,1544.7637929172033
coarse,Banchor_A,0.8915384709835052,0.02927768435661817,106.30577414328057,42.522307816577,1.22430412383639,722.7983360545769,1537.525103140875
coarse,Banchor_B,0.8915384709835052,0.030420213147634104,113.10002929155226,42.52078917218963,1.2260177845720523,731.6991425247392,1543.1514058511598
coarse,Aanchor_A,0.8915384709835052,0.029283962404865155,106.26833122529663,42.52231817225913,1.224292446558042,722.4254820918646,1536.8688315007118
coarse,Aanchor_B,0.8915384709835052,0.03042638896809402,113.0625336258912,42.52079907446015,1.2260066029384773,731.3264286223427,1542.4971612938054
coarse,Banchor_A,0.8938461542129517,0.030416536982898514,104.63165108494809,42.52465667327928,1.2216583554181373,722.8112837216613,1535.2654024665753
coarse,Banchor_B,0.8938461542129517,0.03156015003489429,111.42783922233572,42.523136707907206,1.2233698013056096,731.7187416065705,1540.8919232879393
coarse,Aanchor_A,0.8938461542129517,0.030422386885888306,104.59473622583859,42.52466723973948,1.221646466211976,722.4370042886464,1534.610152313411
coarse,Aanchor_B,0.8938461542129517,0.03156593296913039,111.39086957829387,42.523146768908695,1.223358464971507,731.3446034399751,1540.2386980475399
coarse,Banchor_A,0.8961538374423981,0.03213022137316947,103.0312576694932,42.52632490460917,1.2197827213206671,723.8125439538919,1532.7257456233383
coarse,Banchor_B,0.8961538374423981,0.033275449005410046,109.82990148537525,42.5248029196352,1.2214938117199126,732.7319553670987,1538.3525182754927
coarse,Aanchor_A,0.8961538374423981,0.032135634856069115,102.9948287107571,42.52633575870119,1.219770527228156,723.4360682598981,1532.0715584117747
coarse,Aanchor_B,0.8961538374423981,0.0332807629221265,109.7934157617596,42.52481331577204,1.2214821157333886,732.3556237174658,1537.7003535577348
coarse,Banchor_A,0.8984615206718445,0.03400742004236473,101.44747502133666,42.52775926360958,1.2181723383112117,724.8356635396887,1530.1924932889565
coarse,Banchor_B,0.8984615206718445,0.03515461984758557,108.2483452064864,42.52623479307697,1.2198839623504054,733.7670767066603,1535.819519761001
coarse,Aanchor_A,0.8984615206718445,0.034012429849926064,101.41152394913436,42.52777035731585,1.2181598914783482,724.4569621288451,1529.5393664767128
coarse,Aanchor_B,0.8984615206718445,0.03515953273981612,108.21233548633636,42.52624542446868,1.2198720174592934,733.3885222128699,1535.168413026824
coarse,Banchor_A,0.9007692337036133,0.03541249259346288,99.80386200810155,42.529677395643255,1.2160221359128986,725.216004171218,1528.068594057381
coarse,Banchor_B,0.9007692337036133,0.03650636748037251,106.6090622176095,42.528232086618786,1.2176419567039716,734.1620951809884,1533.6960772056623
coarse,Aanchor_A,0.9007692337036133,0.03541710549079196,99.76842087726841,42.529688668546406,1.2160095103519766,724.8354928019996,1527.4165232105245
coarse,Aanchor_B,0.9007692337036133,0.03651083939569174,106.57356073086207,42.52824296143099,1.217629760775315,733.7817328740638,1533.0460245081713
coarse,Banchor_A,0.9030769467353821,0.03687907529873944,98.180067606859,42.531512855259805,1.2139681618543732,725.6256309086851,1525.9514973657492
coarse,Banchor_B,0.9030769467353821,0.03788847334219713,104.98949821558412,42.530192521295625,1.215445333169637,734.5864221837152,1531.5794397844122
coarse,Aanchor_A,0.9030769467353821,0.036883228354027145,98.14512783886414,42.53152439875707,1.213955255069467,725.2432729579295,1525.3004799242838
coarse,Aanchor_B,0.9030769467353821,0.03789249674881124,104.95449653952815,42.530203649362726,1.2154328757348964,734.2042155579109,1530.9304385670996
coarse,Banchor_A,0.9053846299648285,0.03815421329950703,96.54465676219934,42.533510429419735,1.211736715581003,725.8864429035211,1523.7869097169785
coarse,Banchor_B,0.9053846299648285,0.03910794327308814,103.35553158197487,42.5322724837136,1.2131191137747743,734.8533714215507,1529.4150491757348
coarse,Aanchor_A,0.9053846299648285,0.038157766659024615,96.51017477131528,42.533522457725134,1.2117232914559881,725.5017885699328,1523.1367921014166
coarse,Aanchor_B,0.9053846299648285,0.03911140418071116,103.32098609313881,42.5322840402093,1.21310620149355,734.4688708700324,1528.7669457286265
coarse,Banchor_A,0.9076923131942749,0.03918806044850707,94.92975788202627,42.53586972460382,1.2091064811727334,726.1979124223157,1521.633772577995
coarse,Banchor_B,0.9076923131942749,0.040340528749210715,101.74232106855983,42.53433990234236,1.2108113352237129,735.1709295972512,1527.2621106532838
coarse,Aanchor_A,0.9076923131942749,0.03919103913296349,94.89572586495143,42.5358821966664,1.2090925920116118,725.8109013273164,1520.9845515457382
coarse,Aanchor_B,0.9076923131942749,0.04034341392284526,101.70822287436829,42.53435190603126,1.2107979488024248,734.7840748880931,1526.6149017413259
coarse,Banchor_A,0.9099999964237213,0.04032236749403579,93.50924698347885,42.53810023856121,1.2066250676313066,726.5603995760208,1519.5176092189065
coarse,Banchor_B,0.9099999964237213,0.04147663720009505,100.32448256085193,42.536568159947024,1.20832893398023,735.5432016765022,1525.1462166832332
coarse,Aanchor_A,0.9099999964237213,0.04032484148163876,93.4756218132991,42.538113032698405,1.2066108490433773,726.1713412185183,1518.8693399421834
coarse,Aanchor_B,0.9099999964237213,0.04147908699349126,100.29078960881637,42.53658038353214,1.2083153302813103,735.1543023346559,1524.4999575294592
coarse,Banchor_A,0.9123076796531677,0.041631272063350815,92.10606875448832,42.54008031725925,1.2044265268816914,726.9479312430777,1517.411932489943
coarse,Banchor_B,0.9123076796531677,0.042787295820840794,98.92372531375572,42.5385462311017,1.2061295188378969,735.9405253610034,1523.0408111066963
coarse,Aanchor_A,0.9123076796531677,0.041633405767885226,92.07284199356681,42.5400931912169,1.2044122456556494,726.5567803076568,1516.7646117498748
coarse,Aanchor_B,0.9123076796531677,0.04278930513122761,98.8904292315232,42.538558681631464,1.2061156877937522,735.5495361843182,1522.3954984990671
coarse,Banchor_A,0.9146153926849365,0.042837292838982265,90.66444650312128,42.54219860492963,1.2020789634176394,727.5780188148168,1515.470407866772
coarse,Banchor_B,0.9146153926849365,0.04399507579162945,97.48512559500769,42.54066239113474,1.2037809950087,736.5809632813582,1521.099627116955
coarse,Aanchor_A,0.9146153926849365,0.042838901889149864,90.63166681862761,42.54221190786375,1.2020642350893118,727.1849796033683,1514.8239750352243
coarse,Aanchor_B,0.9146153926849365,0.04399659549562603,97.45227484993731,42.54067521879798,1.2037667727639878,736.1880883514293,1520.4552006094957
coarse,Banchor_A,0.9169231057167053,0.04407409506472366,89.23994385960529,42.54427856799204,1.19977832497007,728.2277857447438,1513.537092714939
coarse,Banchor_B,0.9169231057167053,0.04523348264417128,96.06360230450551,42.54274048382299,1.2014791688321338,737.2410984692599,1519.1666544328245
coarse,Aanchor_A,0.9169231057167053,0.04407515507597324,89.20760405726169,42.544292335002574,1.1997631120149856,727.8328378207576,1512.8915447983795
coarse,Aanchor_B,0.9169231057167053,0.04523452289817764,96.03118983098076,42.542753672908866,1.2014645738360228,736.8463174274718,1518.5231110369414
coarse,Banchor_A,0.9192307889461517,0.04556819249317803,87.82901476436813,42.54590737053999,1.1979797878236025,729.3863977367732,1511.4173061080849
coarse,Banchor_B,0.9192307889461517,0.046727710772109216,94.65391713908603,42.54436927070986,1.199678099326915,738.4051342012004,1517.0471040551708
coarse,Aanchor_A,0.9192307889461517,0.04556871884066096,87.79709895181284,42.5459215506629,1.1979641418594884,728.9887177482058,1510.7727327337732
coarse,Aanchor_B,0.9192307889461517,0.04672815052402133,94.62192710680671,42.54438297085837,1.1996629615205454,738.0076251211401,1516.4045331608622
coarse,Banchor_A,0.9215384721755981,0.047083272635747395,86.4356069495647,42.54751254594898,1.1962099777080106,730.5720194843184,1509.3057888136423
coarse,Banchor_B,0.9215384721755981,0.04822356335662106,93.26180163357823,42.546002903151376,1.1978743836727903,739.5961753923034,1514.935824447717
coarse,Aanchor_A,0.9215384721755981,0.04708321200058045,86.40410675544214,42.54752721635454,1.1961938146963507,730.1715665342531,1508.662187175136
coarse,Aanchor_B,0.9215384721755981,0.04822344269501497,93.23022573212224,42.54601705412768,1.1978587712418112,739.1958974858038,1514.2942232531118
coarse,Banchor_A,0.9238461554050446,0.047976427910747146,84.98492492452361,42.54993410966573,1.193544992648164,730.8552952340764,1507.4958358180706
coarse,Banchor_B,0.9238461554050446,0.04911964291245757,91.81498706381743,42.548420723658914,1.1952098111798972,739.8928383631691,1513.1262078295194
coarse,Aanchor_A,0.9238461554050446,0.04797571929720437,84.95379759462548,42.54994928643089,1.1935283090141668,730.4522625301372,1506.85306107447
coarse,Aanchor_B,0.9238461554050446,0.04911884252711559,91.78378242616968,42.548435427235134,1.1951936251676036,739.4899840488791,1512.485431849861
coarse,Banchor_A,0.926153838634491,0.048874783548846064,83.5540238938123,42.55235607394732,1.1908855054365086,731.1700091590525,1505.694257981031
coarse,Banchor_B,0.926153838634491,0.05002089118574627,90.38795277989922,42.55083899230839,1.1925506735779934,740.2209792268387,1511.3249682633373
coarse,Aanchor_A,0.926153838634491,0.04887338970697186,83.52326080721619,42.5523718105926,1.1908682448838397,730.7643571565118,1505.0523071440375
coarse,Aanchor_B,0.926153838634491,0.05001940774120138,90.35711081877412,42.55085425214722,1.1925339125976542,739.8155090907499,1510.6850145156561
coarse,Banchor_A,0.9284615218639374,0.04964683642466697,82.34809925575847,42.554837990888615,1.1881663336585988,731.3775007768432,1504.095063675006
coarse,Banchor_B,0.9284615218639374,0.05081453028584218,89.18584266085365,42.55328972172232,1.1898618777125782,740.440296415228,1509.7261361093206
coarse,Aanchor_A,0.9284615218639374,0.0496450547515697,82.31767298974971,42.554853916705724,1.1881489055016872,730.9701526822015,1503.4538834131893
coarse,Aanchor_B,0.9284615218639374,0.0508125990103694,89.15533610802537,42.553305258644734,1.1898448508700348,740.0331325792362,1509.086951478275
coarse,Banchor_A,0.9307692050933838,0.050438865979783906,81.15846018833874,42.55729732733689,1.1854780252253536,731.6085911039952,1502.5062666761658
coarse,Banchor_B,0.9307692050933838,0.05159044823173671,88.0000018024547,42.55577331837629,1.1871432066054506,740.6832343084889,1508.1377031527168
coarse,Aanchor_A,0.9307692050933838,0.05043656282213302,81.12836407685676,42.55731363797444,1.1854602163348735,731.1995134096846,1501.8658544462678
coarse,Aanchor_B,0.9307692050933838,0.05158805886145659,87.96982393261266,42.55578914658949,1.1871259001743597,740.2743433656648,1507.4992851021925
coarse,Banchor_A,0.9330769181251526,0.051435504151490896,79.86839671608635,42.55947779809204,1.1830996332379113,731.8361918337788,1500.8561737679554
coarse,Banchor_B,0.9330769181251526,0.0525883451811065,86.71205520868091,42.55795239394287,1.1847629962489798,740.9181675308442,1506.487847816683
coarse,Aanchor_A,0.9330769181251526,0.05143281955045669,79.838664616228,42.55949431540839,1.183081634867599,731.4253216365071,1500.2165427814393
coarse,Aanchor_B,0.9330769181251526,0.05258554148074051,86.68223993534944,42.55796847711397,1.184745446309351,740.5074865939223,1505.850209390614
coarse,Banchor_A,0.9353846311569214,0.05205440081023783,78.59742213819973,42.56222088399173,1.1801143337543845,732.0915759785586,1499.214586358376
coarse,Banchor_B,0.9353846311569214,0.0532080126774422,85.4437450950149,42.56069449838847,1.1817745678915499,741.1808795039001,1504.8464990211792
coarse,Aanchor_A,0.9353846311569214,0.05205113546256505,78.56804588877415,42.56223789826759,1.180095840649511,731.6788829388707,1498.5757345826612
coarse,Aanchor_B,0.9353846311569214,0.05320466367152739,85.41428417356708,42.560711026358945,1.1817565780829682,740.7683783275556,1504.20963819196
coarse,Banchor_A,0.9376923143863678,0.052814376063258325,77.4346820301714,42.564616069558596,1.1775138150468238,732.2578871125335,1497.610690704819
coarse,Banchor_B,0.9376923143863678,0.05397171452539773,84.28593603706089,42.5630849840261,1.1791754950633528,741.362529837974,1503.2430855157584
coarse,Aanchor_A,0.9376923143863678,0.05281070713630513,77.40561405124312,42.56463326673581,1.177495164334712,731.8434993000332,1496.9726188668494
coarse,Aanchor_B,0.9376923143863678,0.0539679296139561,84.2567819286992,42.563101741954874,1.1791572950748304,740.9483364316449,1502.6070032706393
coarse,Banchor_A,0.9399999976158142,0.05357555020885172,76.28761599714947,42.56701589306604,1.1749140079914047,732.4449178935497,1496.016603647774
coarse,Banchor_B,0.9399999976158142,0.054736560108913604,83.14381270484505,42.56548019147584,1.1765770214818916,741.5649630610766,1501.649483309159
coarse,Aanchor_A,0.9399999976158142,0.05357140605749766,76.25884990128654,42.567033377567185,1.1748950875392579,732.0288075752112,1495.3793086258456
coarse,Aanchor_B,0.9399999976158142,0.05473233592088938,83.11495904834612,42.56549718341132,1.1765586080180144,741.1490497893833,1501.0141765339476
coarse,Banchor_A,0.9423076808452606,0.05439978158204935,75.11298214608111,42.569281938193754,1.1724643966389832,732.8606018559661,1494.6379857251725
coarse,Banchor_B,0.9423076808452606,0.05556186993254615,81.97131447532146,42.567744981665136,1.1741252999671181,741.9873085947532,1500.271112387568
coarse,Aanchor_A,0.9423076808452606,0.05439505467064277,75.08449744418314,42.56929981754642,1.172445089249452,732.4422654662545,1494.0015474902384
coarse,Aanchor_B,0.9423076808452606,0.05555706430758077,81.94274100319187,42.56776236620279,1.1741065003157962,741.5691726358717,1499.6366610617806
coarse,Banchor_A,0.944615364074707,0.05522768531512829,73.95719380859782,42.5715501262987,1.170017583220054,733.3061118272138,1493.2683293658479
coarse,Banchor_B,0.944615364074707,0.05639085018199398,80.81765662213584,42.57001191796957,1.17167637129714,742.4394805440692,1498.9017041567063
coarse,Aanchor_A,0.944615364074707,0.05522237104402652,73.92898274959774,42.57156840616575,1.1699978845255412,732.8855082936091,1492.6327458513217
coarse,Aanchor_B,0.944615364074707,0.05638545846092573,80.78935561547516,42.57002970086194,1.1716571809781025,742.0190809393265,1498.2681062192753
coarse,Banchor_A,0.9469230771064758,0.05630461226604329,72.82110340214226,42.573522184258195,1.1678943710667227,734.1443064324301,1491.6810276795131
coarse,Banchor_B,0.9469230771064758,0.05746935984349194,79.68418872610012,42.57198204035127,1.169552233965213,743.2868523160569,1497.3147026650504
coarse,Aanchor_A,0.9469230771064758,0.056298900202774525,72.79324465673787,42.57354073690603,1.1678744147018494,733.72176800626,1491.0461372695063
coarse,Aanchor_B,0.9469230771064758,0.05746353753800377,79.6562386532705,42.57200014396259,1.169532732964464,742.8645211112346,1496.6817962911225
coarse,Banchor_A,0.9492307901382446,0.057382152216575374,71.70164393231738,42.57549986106,1.1657689788333105,735.0025556890033,1490.1052315692289
coarse,Banchor_B,0.9492307901382446,0.058548382486432106,78.56735003633125,42.573957928967886,1.1674257473950942,744.1542837439014,1495.7392083564132
coarse,Aanchor_A,0.9492307901382446,0.05737593975817738,71.67413125181835,42.57551883666941,1.165748604654572,734.5780671173194,1489.4710301605517
coarse,Aanchor_B,0.9492307901382446,0.058542095344441984,78.53974467035717,42.57397640298511,1.1674058835830596,743.7300057584083,1495.106989450945
coarse,Banchor_A,0.951538473367691,0.058341283441185686,70.65216043332515,42.577496568284104,1.1636270586483746,735.9567259355412,1488.7150531296265
coarse,Banchor_B,0.951538473367691,0.05950941502090227,77.52087725370522,42.575952292494975,1.165283298560801,745.1189074827479,1494.349335880829
coarse,Aanchor_A,0.951538473367691,0.05833449332853935,70.62492964164336,42.5775160594978,1.1636061693200224,735.5295230863039,1488.0815235902937
coarse,Aanchor_B,0.951538473367691,0.05950255210901511,77.49355274808057,42.57597127906682,1.1652629211049148,744.6919198391818,1493.7177875016923
coarse,Banchor_A,0.9538461565971375,0.059335088539396334,69.6178687199678,42.57944832155764,1.1615371653374067,736.9319222852359,1487.3339922100533
coarse,Banchor_B,0.9538461565971375,0.06050505953461966,76.48954743480232,42.57790186100285,1.1631927712405292,746.1045753973303,1492.9685823151824
coarse,Aanchor_A,0.9538461565971375,0.05932775946373986,69.59091267595976,42.57946827005795,1.1615158243233186,736.5019697903978,1486.7011315698276
coarse,Aanchor_B,0.9538461565971375,0.06049765988163184,76.46249669099196,42.57792130131193,1.1631719442436437,745.6748428380653,1492.337701498357
coarse,Banchor_A,0.9561538398265839,0.05951513423904024,68.6584059616146,42.58240833159163,1.158374814089596,736.4479324764861,1486.3165270760294
coarse,Banchor_B,0.9561538398265839,0.0606866029277364,75.53228629635437,42.580860049594456,1.1600278585843227,745.6253378830702,1491.9513353019418
coarse,Aanchor_A,0.9561538398265839,0.05950733399159308,68.63163830906821,42.58242851367076,1.1583532819763822,736.0166056086723,1485.6842978941036
coarse,Aanchor_B,0.9561538398265839,0.06067869879669892,75.50542286830674,42.58087977199517,1.1600067868669288,745.1942325580616,1491.3210850458895
coarse,Banchor_A,0.9584615230560303,0.05969954444337163,67.7162169375447,42.58536869501385,1.1552206965193166,735.9976748255212,1485.3073744556725
coarse,Banchor_B,0.9584615230560303,0.060872513918383477,74.59230003577426,42.58381858851749,1.156871184004075,745.179844022405,1490.94240200647
coarse,Aanchor_A,0.9584615230560303,0.05969126795795012,67.68963126562532,42.58538911738978,1.1551989673650656,735.5649162333516,1484.6757755320966
coarse,Aanchor_B,0.9584615230560303,0.06086416882678666,74.56561754278377,42.58383849893426,1.1568499692963643,744.7473087074724,1490.3127811168774
coarse,Banchor_A,0.9607692360877991,0.059994030975499886,66.71294523680591,42.58810030588653,1.1523179222415358,735.7989278045491,1484.3787650444804
coarse,Banchor_B,0.9607692360877991,0.06117038934290782,73.59380283517389,42.58654597263868,1.1539687548440196,744.9938525165068,1490.0142506441373
coarse,Aanchor_A,0.9607692360877991,0.0599852161998128,66.68661746675232,42.58812113127141,1.1522958199721376,735.3644709470839,1483.7478152226106
coarse,Aanchor_B,0.9607692360877991,0.06116147385346418,73.56737721430925,42.58656633297292,1.1539471151776346,744.559621640428,1489.385278082319
coarse,Banchor_A,0.9630769491195679,0.06008728790468085,65.72618131550541,42.59113471141404,1.1491019308491512,735.6252442644568,1483.459331864883
coarse,Banchor_B,0.9630769491195679,0.061266624138146576,72.61212207173864,42.58957662370209,1.1507521354427344,744.8329397032184,1489.09527721665
coarse,Aanchor_A,0.9630769491195679,0.06007781157565638,65.70010283027865,42.59115611913947,1.1490792739496216,735.1890648093798,1482.8290280232488
coarse,Aanchor_B,0.9630769491195679,0.06125708327717117,72.58594465202513,42.58959751304416,1.1507299954204662,744.396989028723,1488.4669498676233
coarse,Banchor_A,0.9653846323490143,0.061065157505829415,64.87416275565523,42.59299979914784,1.147129687336805,736.8453941161234,1482.2260808532021
coarse,Banchor_B,0.9653846323490143,0.062245128985293115,71.76196985734747,42.59144109730925,1.148777709411705,746.0589580023649,1487.8622972130875
coarse,Aanchor_A,0.9653846323490143,0.061055229825920695,64.84828637459056,42.59302152757653,1.147106730493241,736.4065414498028,1481.5963809331406
coarse,Aanchor_B,0.9653846323490143,0.062235069843831294,71.73599371670419,42.591462405420955,1.1487551643004217,745.6203390068879,1487.2345725951793
coarse,Banchor_A,0.9676923155784607,0.062041781972165956,64.03591016644194,42.59487214677715,1.145153171635182,738.0857744131862,1481.0021431766345
coarse,Banchor_B,0.9676923155784607,0.06320650806600395,70.92559889125513,42.593336175423026,1.1467743455490589,747.3052185247161,1486.6386318663504
coarse,Aanchor_A,0.9676923155784607,0.062031331355979304,64.0102299849682,42.59489430035637,1.1451298059386295,737.6442189193119,1480.3730449818522
coarse,Aanchor_B,0.9676923155784607,0.06319595395342943,70.89981793550166,42.593357867099925,1.146751434633879,746.8639016825067,1486.011507789899
coarse,Banchor_A,0.9699999988079071,0.06234751821837032,63.10449475572549,42.597510773606906,1.1423735248306215,738.0126025911629,1480.0976717549738
coarse,Banchor_B,0.9699999988079071,0.06352988240617174,69.99676466734306,42.59594928364654,1.1440176517542213,747.2388513751116,1485.7344058182214
coarse,Aanchor_A,0.9699999988079071,0.062336571367474995,63.07901070938227,42.59753323592574,1.142349891011661,737.5693879744491,1479.4691110936471
coarse,Aanchor_B,0.9699999988079071,0.06351887531856246,69.9711790810981,42.595971220303625,1.1439945377885086,746.7958779979579,1485.1078184292605
coarse,Banchor_A,0.9723076820373535,0.06267258824827054,62.18960391188719,42.60012742495629,1.139623691041405,737.9604717511797,1479.201335497024
coarse,Banchor_B,0.9723076820373535,0.06385663669465674,69.08443698443622,42.59856386578181,1.141266035390692,747.1935280443728,1484.8383157294875
coarse,Aanchor_A,0.9723076820373535,0.06266115073530365,62.164310928950876,42.60015018759336,1.1395997988948279,737.5155762737085,1478.573310675438
coarse,Aanchor_B,0.9723076820373535,0.06384514035678923,69.05904151017278,42.59858610035786,1.1412426638695785,746.7488764680903,1484.212263339776
coarse,Banchor_A,0.9746153652667999,0.06268286264204688,61.39350460681048,42.603027392589524,1.1365838530719081,737.453368707643,1478.528369826773
coarse,Banchor_B,0.9746153652667999,0.06387221359057185,68.29433144284253,42.601456972300525,1.1382290094342362,746.7042128859949,1484.165830813288
coarse,Aanchor_A,0.9746153652667999,0.06267089351285447,61.36841194302073,42.60305056476955,1.136559595941587,737.0071458584616,1477.9009546664693
coarse,Aanchor_B,0.9746153652667999,0.06386015393576655,68.26913536751962,42.601479662535105,1.1382052224284702,746.2582361841423,1483.5403875878626
coarse,Banchor_A,0.9769230484962463,0.06269671816895556,60.61394519440243,42.605928494921244,1.1335509389114211,736.9725696119523,1477.864025735129
coarse,Banchor_B,0.9769230484962463,0.06389098453386886,67.52078377775995,42.60435178600543,1.1351982803546932,746.241288505504,1483.5019694862983
coarse,Aanchor_A,0.9769230484962463,0.06268424789000217,60.58904615999547,42.60595203084496,1.1335263667555469,736.5249849484046,1477.2372173842984
coarse,Aanchor_B,0.9769230484962463,0.06387842620486595,67.49578043919327,42.60437483587841,1.1351741806716327,745.793952353846,1482.877132579896
coarse,Banchor_A,0.9792307615280151,0.06317716506846055,59.8339899944575,42.608213426631444,1.1311678895421262,737.6723356680362,1477.1463338841036
coarse,Banchor_B,0.9792307615280151,0.06437151554167879,66.74210279844348,42.60663684481175,1.1328116351941686,746.9431379630491,1482.7844766209992
coarse,Aanchor_A,0.9792307615280151,0.06316400964842923,59.80925209729946,42.608237601259454,1.1311427036282753,737.2220398771512,1476.5199887064787
coarse,Aanchor_B,0.9792307615280151,0.06435830775615282,66.71726000780642,42.60666048058202,1.1327869748908457,746.493095189846,1482.1601021976446
coarse,Banchor_A,0.9815384745597839,0.06365955611582037,59.0690278465193,42.6105011655784,1.1287869314756733,738.3943188619437,1476.4370084449997
coarse,Banchor_B,0.9815384745597839,0.06485406283422124,65.97841808469492,42.60892460624338,1.130427193851398,747.6672254192275,1482.0753512017327
coarse,Aanchor_A,0.9815384745597839,0.0636457127206206,59.0444445078993,42.61052598211019,1.1287611312338555,737.9412812528641,1475.8111242564655
coarse,Aanchor_B,0.9815384745597839,0.06484016851819106,65.95372928702648,42.6089488814348,1.1304019197289825,747.2144454196157,1481.4514370830284
coarse,Banchor_A,0.9838461577892303,0.06368565786780282,58.35785720221594,42.61338634133333,1.1257913370110535,737.992960347317,1475.849512231252
coarse,Banchor_B,0.9838461577892303,0.06488253803158422,65.27037840416742,42.6118067993795,1.1274303435821051,747.2740010133872,1481.4881193470796
coarse,Aanchor_A,0.9838461577892303,0.0636714518913605,58.33343933297199,42.61341131189639,1.1257654455282227,737.5386311330897,1475.2240979932174
coarse,Aanchor_B,0.9838461577892303,0.0648682140103996,65.24585428900205,42.61183132691418,1.1274048744355691,746.8199314333473,1480.8646746478694
coarse,Banchor_A,0.9861538410186768,0.06371542237110465,57.66310797227962,42.61627241525997,1.1228027634720494,737.6171877569939,1475.2708191098143
coarse,Banchor_B,0.9861538410186768,0.06491465152788847,64.57876014555036,42.61468992781766,1.1244404695515406,746.9063750483092,1480.9096915075731
coarse,Aanchor_A,0.9861538410186768,0.06370074788704654,57.63884965788677,42.6162976949352,1.1227766210641168,737.1615360800923,1474.6458723269263
coarse,Aanchor_B,0.9861538410186768,0.06489992992568674,64.55439482731592,42.61471465985988,1.1244148561545624,746.4509851231701,1480.2867137387464
coarse,Banchor_A,0.9884615242481232,0.06424024617701392,57.00234416075666,42.6183719718494,1.1206336269138508,738.5281455256179,1474.7206094403361
coarse,Banchor_B,0.9884615242481232,0.06544158699400074,63.92180297656835,42.6167870277865,1.1222707083996832,747.82790495748,1480.359912793991
coarse,Aanchor_A,0.9884615242481232,0.06422505834000362,56.978200370892665,42.61839762964302,1.120607144747683,738.0699597516726,1474.0960069762061
coarse,Aanchor_B,0.9884615242481232,0.06542638731849526,63.89755154249143,42.616812085623266,1.12224480767759,747.3699860066066,1479.7372789340816
coarse,Banchor_A,0.9907692074775696,0.06476652004824564,56.3542261634046,42.62047422811481,1.1184658998371722,739.456917190421,1474.1771724223242
coarse,Banchor_B,0.9907692074775696,0.06597008341280414,63.27750421650124,42.61888667055068,1.1201025108133862,748.767307122982,1479.8169085933432
coarse,Aanchor_A,0.9907692074775696,0.06475081654657909,56.33019159680594,42.6205002666284,1.1184390767099817,738.9961722425312,1473.5529123946455
coarse,Aanchor_B,0.9907692074775696,0.06595433580008123,63.25336139003304,42.61891215606337,1.1200762189281273,748.3068341686,1479.194616765528
coarse,Banchor_A,0.9930769205093384,0.06443327257557821,55.681568119929835,42.623606790668205,1.1152435564570147,738.7819220492704,1473.925612959383
coarse,Banchor_B,0.9930769205093384,0.06563895698372613,62.60788649182056,42.62201661139226,1.116878149200475,748.0980060607369,1479.5655823378431
coarse,Aanchor_A,0.9930769205093384,0.06441698084805321,55.657641206829396,42.62363333454678,1.1152162915214312,738.3195823485657,1473.3016540331805
coarse,Aanchor_B,0.9930769205093384,0.06562262320882455,62.583850924150816,42.622042599055725,1.1168514164582315,747.6359406864246,1478.94359139254
coarse,Banchor_A,0.9953846335411072,0.0641021761925987,55.02231022198101,42.62674124472389,1.1120285594634887,738.1243818481312,1473.6817421275357
coarse,Banchor_B,0.9953846335411072,0.06530998323590766,61.95166943807551,42.62514844237882,1.113661130573462,747.4461618913534,1479.3219452668384
coarse,Aanchor_A,0.9953846335411072,0.06408529282430664,54.99848568218362,42.6267682982642,1.112000851135694,737.6604225273649,1473.0580825129387
coarse,Aanchor_B,0.9953846335411072,0.0652930256163028,61.927735875292335,42.62517498685033,1.11363390371609,746.9824793004967,1478.700253419584
coarse,Banchor_A,0.9976923167705536,0.06424749108671468,54.492168041991455,42.62927385838547,1.1094376386365177,738.0475158666935,1473.2531860753097
coarse,Banchor_B,0.9976923167705536,0.06537375255962785,61.424678101975736,42.62780141278605,1.1109432481715027,747.3771921724083,1478.8936957259932
coarse,Aanchor_A,0.9976923167705536,0.06423027545416594,54.468484293330256,42.62930104879453,1.109409855013415,737.5827195506427,1472.630013487981
coarse,Aanchor_B,0.9976923167705536,0.06535650131532506,61.400882819462645,42.62782803667592,1.1109160065008976,746.9126744617392,1478.272490544533
coarse,Banchor_A,1.0,0.06431139529969895,53.97561281453619,42.6319312359623,1.1067255712600779,737.9902142811333,1472.8322430574983
coarse,Banchor_B,1.0,0.06552361693131487,60.91131356521723,42.63033295552109,1.1083559492538706,747.3278014869022,1478.473060209554
coarse,Aanchor_A,1.0,0.06429388363176518,53.95206393019644,42.631958509467836,1.1066977708544565,737.524564455846,1472.2095551047742
coarse,Aanchor_B,1.0,0.0655060675117126,60.88765432687025,42.63035966564748,1.108328682995986,746.8624322063336,1477.8523393069167
coarse,Banchor_A,1.0023077130317688,0.064605798427893,53.35956184363621,42.63407449578189,1.104543033001671,737.8890589547275,1472.4091303974794
coarse,Banchor_B,1.0023077130317688,0.06552200364583516,60.297854576917565,42.63291180229764,1.1057264999098784,747.2343020632618,1478.0501599706781
coarse,Aanchor_A,1.0023077130317688,0.06458784229670189,53.33610891979441,42.63410201731528,1.104515035102593,737.421256707127,1471.7869006734597
coarse,Aanchor_B,1.0023077130317688,0.0655038381657496,60.27428400793957,42.63293901441949,1.1056987871127464,746.7667839622438,1477.429896925974
coarse,Banchor_A,1.0046154260635376,0.06460446198441647,52.758581335067284,42.63665737148515,1.1019185403876126,737.809814837629,1471.995183620154
coarse,Banchor_B,1.0046154260635376,0.06582046981584075,59.699267274743434,42.63505480879287,1.103546189368033,747.1627893036815,1477.6364268086872
coarse,Aanchor_A,1.0046154260635376,0.064585851294795,52.73521187495269,42.636685451028676,1.1018900427015461,737.3398311250411,1471.373409145665
coarse,Aanchor_B,1.0046154260635376,0.06580185866144898,59.67578665120983,42.63508226934684,1.1035182787150268,746.6930934361906,1477.0166186498438
coarse,Banchor_A,1.0069230794906616,0.0645033162120653,52.23193265545492,42.6392998861913,1.099239901388465,737.4838177568156,1471.863170026429
coarse,Banchor_B,1.0069230794906616,0.06572091138408763,59.1766075753002,42.63769566995364,1.1008652703240591,746.8463184721824,1477.504793198426
coarse,Aanchor_A,1.0069230794906616,0.06448368643267335,52.20863534431314,42.6393290995269,1.099210325113872,737.012446525041,1471.2417023863236
coarse,Aanchor_B,1.0069230794906616,0.06570125474195374,59.15319958774579,42.63772430305031,1.1008362386256263,746.3752377449379,1476.8852918721545
coarse,Banchor_A,1.0092307329177856,0.06429101854854449,51.717149332729804,42.64211030337103,1.0963982094587312,737.1713548131871,1471.73724354446
coarse,Banchor_B,1.0092307329177856,0.06551151189728673,58.66599754209775,42.64050253463279,1.0980229692804775,746.5434192181352,1477.379247868323
coarse,Aanchor_A,1.0092307329177856,0.06427086656076628,51.693916790040596,42.64213991785083,1.0963683045705328,736.6985817739629,1471.1160817197485
coarse,Aanchor_B,1.0092307329177856,0.06549133502564056,58.64265397807153,42.64053156560241,1.0979936101735714,746.0709394039457,1476.7600523602564
coarse,Banchor_A,1.0115384459495544,0.06407567358176333,51.238274212649856,42.644871145110535,1.0936137977043034,736.8205261376175,1471.7476433819136
coarse,Banchor_B,1.0115384459495544,0.06529841977761124,58.190186509195286,42.64326060359976,1.0952372283205392,746.2007792988973,1477.3898761586454
coarse,Aanchor_A,1.0115384459495544,0.06405510360887716,51.21513085577495,42.644901026437196,1.093583699986918,736.3465989241544,1471.1267142452732
coarse,Aanchor_B,1.0115384459495544,0.06527786060882111,58.16693157267801,42.6432898484411,1.095207727961739,745.7271474064119,1476.7709134156944
coarse,Banchor_A,1.0138461589813232,0.06381915065323672,50.773140539363794,42.64769751422406,1.0907706240364439,736.4955510059644,1471.7647348840478
coarse,Banchor_B,1.0138461589813232,0.06508513526163537,57.72817329154762,42.6460240111851,1.0924531832699442,745.8840549073051,1477.4071972449995
coarse,Aanchor_A,1.0138461589813232,0.06379820473235241,50.75008049996013,42.64772759863583,1.090740400545856,736.020443126483,1471.1440369878312
coarse,Aanchor_B,1.0138461589813232,0.06506422352578894,57.70500223625438,42.64605342618541,1.092423586692721,745.4092445355567,1476.788465824642
coarse,Banchor_A,1.016153872013092,0.06360552001095038,50.34083968693866,42.650350883187514,1.0881082063327205,736.2346959546064,1471.7398056708696
coarse,Banchor_B,1.016153872013092,0.06487380639848071,57.2995029672835,42.64867462897898,1.0897894201123381,745.6316831837671,1477.3825749397613
coarse,Aanchor_A,1.016153872013092,0.06358408885715998,50.31787570598333,42.65038137072913,1.0880776526141258,735.7582289664771,1471.1192900024187
coarse,Aanchor_B,1.016153872013092,0.06485237702180642,57.27642763324136,42.64870449443451,1.0897594435768838,745.155516216066,1476.7640257657902
coarse,Banchor_A,1.0184615850448608,0.06338625124813001,49.920693239043366,42.65301666816346,1.0854398745214433,735.9885960615029,1471.7232297086673
coarse,Banchor_B,1.0184615850448608,0.06469754057678798,56.88295982702617,42.65127808397443,1.0871793765547244,745.3940917088662,1477.3663066596591
coarse,Aanchor_A,1.0184615850448608,0.06336430342762477,49.897820337726415,42.65304759488269,1.0854089566833878,735.5107555816372,1471.102893537102
coarse,Aanchor_B,1.0184615850448608,0.06467564075005466,56.85997641093836,42.65130832908054,1.0871490916683333,744.9165538217869,1476.7479370077072
coarse,Banchor_A,1.0207692384719849,0.06329958996167782,49.530325945385705,42.6555387564847,1.0829214008048818,735.9915774152009,1471.7587551341348
coarse,Banchor_B,1.0207692384719849,0.06451474099510049,56.49575467881369,42.65394224833116,1.084514941277125,745.4048238123236,1477.4021302628016
coarse,Aanchor_A,1.0207692384719849,0.06327730991178379,49.507517750437955,42.655569813725585,1.0828904245238784,735.5127155591767,1471.138641986721
coarse,Aanchor_B,1.0207692384719849,0.06449241875598526,56.4728327214731,42.65397274541665,1.0844844789233532,744.9262668928735,1476.7839837668043
coarse,Banchor_A,1.0230768918991089,0.06328583234703955,49.14989704433015,42.65795734636681,1.080511766042176,736.0082442596092,1471.800953774861
coarse,Banchor_B,1.0230768918991089,0.0645236083607639,56.118342222032425,42.65632825423408,1.0821342360820942,745.4293273384052,1477.4446285479305
coarse,Aanchor_A,1.0230768918991089,0.0632632158451147,49.1271527105252,42.65798853960003,1.0804807233531684,735.5283426571237,1471.1810619716812
coarse,Aanchor_B,1.0230768918991089,0.06450097806437723,56.09548423295685,42.656358845011304,1.082103747220383,744.9497330815044,1476.8267035335261
coarse,Banchor_A,1.0253846049308777,0.06295478607193548,48.765921268128686,42.660580866685244,1.0779040216864575,735.8291368728101,1472.007948209036
coarse,Banchor_B,1.0253846049308777,0.06419473935565777,55.737967385119745,42.6589492129194,1.0795251229772196,745.2572295686749,1477.6519581703078
coarse,Aanchor_A,1.0253846049308777,0.06293158873474664,48.743181839949905,42.66061257909181,1.0778725385036922,735.3472508413383,1471.3882059743598
coarse,Aanchor_B,1.0253846049308777,0.06417153079932073,55.71511430891562,42.658980318800225,1.0794941954842823,744.7756545203295,1477.0341830218927
coarse,Banchor_A,1.0276923179626465,0.06261371533562295,48.392122114171606,42.66322284574468,1.0752842897488535,735.6639883418313,1472.2218609817692
coarse,Banchor_B,1.0276923179626465,0.06386680073486402,55.36778877251672,42.661572543604215,1.076919947913669,745.0991026393847,1477.8662068863537
coarse,Aanchor_A,1.0276923179626465,0.06258993016926855,48.36938239319716,42.66325508670275,1.0752523596346917,735.18009147705,1471.6022666938413
coarse,Aanchor_B,1.0276923179626465,0.0638430089807022,55.344935765983784,42.66160417105722,1.0768885777347903,744.6155204717226,1477.2485799876074
coarse,Banchor_A,1.0300000309944153,0.06189061330056651,48.12145062026127,42.66638442329802,1.0721577017386739,734.8214978529277,1472.6253462380537
coarse,Banchor_B,1.0300000309944153,0.06315181808709583,55.100676078003346,42.66472287717035,1.0737997242390676,744.2639418664746,1478.2699270759267
coarse,Aanchor_A,1.0300000309944153,0.061866419347129706,48.098700981831676,42.666416878628205,1.0721256527824103,734.3367961749689,1472.0058214241456
coarse,Aanchor_B,1.0300000309944153,0.0631276560827611,55.077813194151176,42.66475466494591,1.0737682863954991,743.7795564573793,1477.6523701345675
coarse,Banchor_A,1.032307744026184,0.06121429165963655,47.85966344500288,42.66948016079169,1.0691050344258344,733.9921651754889,1473.0343768832793
coarse,Banchor_B,1.032307744026184,0.06246380406964564,54.842398058775274,42.66783657106789,1.0707246734465807,743.442006358248,1478.6791936559964
coarse,Aanchor_A,1.032307744026184,0.061189716839514754,47.836901838985526,42.669512790407396,1.0690729051092658,733.5066419193678,1472.4149203284614
coarse,Aanchor_B,1.032307744026184,0.062439224570357374,54.81952268008766,42.667868583314565,1.070693104270828,742.9568010016686,1478.0617054614436
coarse,Banchor_A,1.034615397453308,0.06081843790243934,47.521419546023104,42.67202609503299,1.0666010354354138,733.3817853060706,1473.3723479380092
coarse,Banchor_B,1.034615397453308,0.06197881688884274,54.50689304994715,42.67051396610115,1.068087549302022,742.8383726621983,1479.0173580677667
coarse,Aanchor_A,1.034615397453308,0.060793472431593665,47.49871539560045,42.67205897920609,1.0665687313068635,732.8954954846613,1472.7529917730033
coarse,Aanchor_B,1.034615397453308,0.06195383816516364,54.48407184967433,42.670546246129966,1.068055794457522,742.3524020135089,1478.3999706535346
coarse,Banchor_A,1.0369230508804321,0.060358135226330996,47.194736734785465,42.674670668006726,1.0640062322100892,732.7910607040249,1473.715577258348
coarse,Banchor_B,1.0369230508804321,0.0616116449865735,54.18302017116088,42.67302248772278,1.0656226523175503,742.2545009643765,1479.3607818196722
coarse,Aanchor_A,1.0369230508804321,0.060332797342578834,47.17208419481733,42.67470377756814,1.0639737857996296,732.3039897620894,1473.0963196405598
coarse,Aanchor_B,1.0369230508804321,0.061586305296855506,54.160253171749,42.67305497477127,1.0655907675773229,741.767750533553,1478.7434933471584
coarse,Banchor_A,1.039230763912201,0.05974429392463776,46.92915343914562,42.67753558513118,1.0612023545674758,732.1233816172288,1474.1215104282617
coarse,Banchor_B,1.039230763912201,0.06100089250109095,53.921539775358504,42.675883559291954,1.0628182794477925,741.5959087582088,1479.767015320402
coarse,Aanchor_A,1.039230763912201,0.05971856584726618,46.90651686871397,42.677568967907476,1.0611697266270568,731.6354687214794,1473.502286972963
coarse,Aanchor_B,1.039230763912201,0.060975164651955904,53.89878865903582,42.67591631624144,1.0627862144219045,741.1083181958542,1479.149761482468
coarse,Banchor_A,1.0415384769439697,0.0591304733312749,46.67128327130615,42.68040326397808,1.058403173524946,731.464032073359,1474.533213675224
coarse,Banchor_B,1.0415384769439697,0.06039013869237114,53.66778521089579,42.67874742764828,1.0600185562333364,740.9456823525313,1480.1790195000838
coarse,Aanchor_A,1.0415384769439697,0.059104319402520276,46.6486599210187,42.68043697204353,1.0583703145583938,730.9752686585272,1473.9140227907785
coarse,Aanchor_B,1.0415384769439697,0.060364021264740546,53.64504724425665,42.67878045630319,1.0599863104130236,740.4572431332462,1479.5617987097046
coarse,Banchor_A,1.0438461899757385,0.05841284913516042,46.460006089085006,42.683249541042066,1.0556321841820724,730.7186053004438,1475.155383144217
coarse,Banchor_B,1.0438461899757385,0.059674533323963594,53.4593125357417,42.68159124728077,1.0572457306255036,740.2052417805312,1480.8013695382315
coarse,Aanchor_A,1.0438461899757385,0.05838626160654517,46.43736249043295,42.68328353447208,1.0555991337994224,730.2287164638278,1474.5362298182279
coarse,Aanchor_B,1.0438461899757385,0.059647949941035054,53.43655438300462,42.68162460844329,1.057213245382206,739.7156790329514,1480.1841869476868
coarse,Banchor_A,1.0461539030075073,0.05769732301540136,46.25777325523786,42.68609600368023,1.052868269568102,729.9889764684257,1475.783024333053
coarse,Banchor_B,1.0461539030075073,0.058961000188224165,53.259893246174045,42.68443529280185,1.0544799388652162,739.480634986182,1481.4291919536258
coarse,Aanchor_A,1.0461539030075073,0.05767026427165744,46.23510500515408,42.6861303368468,1.0528349762782665,729.4979374961692,1475.1639070755687
coarse,Aanchor_B,1.0461539030075073,0.05893394730795573,53.23711052623981,42.68446899081793,1.0544472114583574,738.9899240661251,1480.8120460770706
coarse,Banchor_A,1.0484615564346313,0.056884727812423624,46.01257803168879,42.68901152624654,1.0500447997429603,729.0289157154239,1476.360608202026
coarse,Banchor_B,1.0484615564346313,0.05815116706044375,53.01824661975927,42.687347442644274,1.051655413887723,738.5275176299824,1482.0070426226027
coarse,Aanchor_A,1.0484615564346313,0.05685732856937662,45.98988425692655,42.689045968444944,1.0500114902912356,728.5371826544064,1475.7414212701763
coarse,Aanchor_B,1.0484615564346313,0.058123775186383904,52.995438140062966,42.68738124684901,1.0516226712921062,738.0361138985886,1481.3898278098693
coarse,Banchor_A,1.0507692098617554,0.056165497880292646,45.77883021780961,42.69179411105222,1.0473571323668232,728.1378563147409,1476.9428583612294
coarse,Banchor_B,1.0507692098617554,0.057327057576547276,52.78794577077241,42.690284621427544,1.0488142765929407,737.6434001336253,1482.5895613851533
coarse,Aanchor_A,1.0507692098617554,0.056137404328824615,45.7561105458055,42.69182918364921,1.0473233000775855,727.6453960432369,1476.323600869382
coarse,Aanchor_B,1.0507692098617554,0.05729931643901157,52.76510790503508,42.69031854716776,1.0487815050554048,737.1512705951563,1481.972276754555
coarse,Banchor_A,1.0530769228935242,0.05545509344127689,45.62014985515831,42.69450964800749,1.0447408585325868,727.2636746785183,1477.594960381479
coarse,Banchor_B,1.0530769228935242,0.0567270902787351,52.63422351700352,42.692838882950866,1.0463497762688274,736.7823349614907,1483.2420016112544
coarse,Aanchor_A,1.0530769228935242,0.055426824982977366,45.59745494325658,42.69454466735264,1.0447071619951236,726.7711507925758,1476.9756768318316
coarse,Aanchor_B,1.0530769228935242,0.05669883578488669,52.61141396952958,42.69287325363443,1.0463166529487593,736.2901425473289,1482.62469169132
coarse,Banchor_A,1.055384635925293,0.054726067160648546,45.46873726806849,42.69725516387628,1.0421023455796135,726.4001645536276,1478.2514783755453
coarse,Banchor_B,1.055384635925293,0.056002193471978656,52.48783719795651,42.695579175703735,1.0437122209038698,735.9320211251027,1483.898858551003
coarse,Aanchor_A,1.055384635925293,0.05469757842140587,45.44606387022134,42.69729019585203,1.0420687220207927,725.907568305842,1477.6321672706795
coarse,Aanchor_B,1.055384635925293,0.05597372053144942,52.46504888846298,42.695613555789315,1.0436791720406142,735.439757129575,1483.2815218480928
coarse,Banchor_A,1.057692289352417,0.05399190122068136,45.37632450308056,42.69990271968781,1.0395642862270775,725.7808285139673,1478.921082909251
coarse,Banchor_B,1.057692289352417,0.05527077599779837,52.39899959022493,42.69822334584252,1.041173487377368,735.3206955746604,1484.568706703578
coarse,Aanchor_A,1.057692289352417,0.053962989637775946,45.35358542774057,42.69993804572438,1.0395304630125515,725.287184168005,1478.3018500501958
coarse,Aanchor_B,1.057692289352417,0.05524188208278745,52.37614576354095,42.698258016719784,1.0411402400547967,734.8273855498138,1483.9514490103688
coarse,Banchor_A,1.059999942779541,0.05325335146059653,45.290804621569414,42.70255920633997,1.0370238781773942,725.1726461579791,1479.5957679378323
coarse,Banchor_B,1.059999942779541,0.05453499999251414,52.31708333576568,42.70087641289186,1.0386324181254099,734.7206026183376,1485.2436363051218
coarse,Aanchor_A,1.059999942779541,0.05322401185562139,45.267996269696184,42.70259483338182,1.0369898501263914,724.6779355922404,1478.9766117828945
coarse,Aanchor_B,1.059999942779541,0.0545056799723194,52.294160410634774,42.70091138143732,1.0385989672006737,734.2262285030945,1484.6264560841778
coarse,Banchor_A,1.0623076558113098,0.05243526695717836,45.12042633591686,42.705244440396946,1.0344622880128862,724.5685890902838,1480.4464024990534
coarse,Banchor_B,1.0623076558113098,0.05371871405487356,52.14948152397599,42.703559499761134,1.036068903610221,734.121091038451,1486.0944275644938
coarse,Aanchor_A,1.0623076558113098,0.05240542089353834,45.097555602617796,42.70528048080024,1.034427950188361,724.0724494112409,1479.827057521126
coarse,Aanchor_B,1.0623076558113098,0.053688889841729225,52.1264964967907,42.703594878043404,1.0360351442672175,733.625290494345,1485.477059384511
coarse,Banchor_A,1.0646153688430786,0.05161965994864856,44.956949994920095,42.70792842290151,1.031908214827833,723.9765804643945,1481.301014935617
coarse,Banchor_B,1.0646153688430786,0.05290491495226051,51.988792357538905,42.70624132389301,1.0335129182674752,733.5336895375775,1486.9491973355136
coarse,Aanchor_A,1.0646153688430786,0.05158930495686925,44.93401338197342,42.707964879597434,1.0318735661422205,723.4789951456976,1480.6814801376274
coarse,Aanchor_B,1.0646153688430786,0.05287458409093401,51.965741748496,42.70627711482413,1.0334788494210738,733.0364460964769,1486.331640202615
coarse,Banchor_A,1.0669230818748474,0.05050903799209649,44.802483750548106,42.71092327196934,1.0290657646724555,722.4720777558623,1482.108935468892
coarse,Banchor_B,1.0669230818748474,0.05177605680822121,51.83744653542555,42.70926357980866,1.030640031461436,732.0353576560021,1487.757267870139
coarse,Aanchor_A,1.0669230818748474,0.05047847116705422,44.77951465339855,42.710959685291755,1.0290312525368663,721.9748083977772,1481.4893090382795
coarse,Aanchor_B,1.0669230818748474,0.051745505299452176,51.81436240242343,42.709299339519475,1.0306060869522709,731.5384293041108,1487.1396200355618
coarse,Banchor_A,1.0692307949066162,0.04936075898935614,44.65459607469439,42.71397558913497,1.0261768271554843,720.9763046605586,1482.9208664325677
coarse,Banchor_B,1.0692307949066162,0.05065166115797505,51.69275997843951,42.71228143158531,1.0277792995412387,730.5458808473445,1488.569350259005
coarse,Aanchor_A,1.0692307949066162,0.04932996128476816,44.631591479315155,42.714011987900015,1.0261424256655316,720.4793471032842,1482.3011478891858
coarse,Aanchor_B,1.0692307949066162,0.050620889080597586,51.669640966248835,42.7123171610908,1.0277454778433501,730.0492634520472,1487.9516112459319
coarse,Banchor_A,1.0715384483337402,0.048339308679348277,44.57825851133334,42.716724882115784,1.023581637125734,719.9518998636865,1483.8829971280304
coarse,Banchor_B,1.0715384483337402,0.04963345041975951,51.620483125471154,42.71502668360261,1.0251838724650806,729.5306605531554,1489.5317114145696
coarse,Aanchor_A,1.0715384483337402,0.048308256226312095,44.55522572838885,42.7167613854644,1.023547224043559,719.4546957331349,1483.2630126656654
coarse,Aanchor_B,1.0715384483337402,0.04960242595557882,51.59733584684499,42.71506251365928,1.0251500412360997,729.0337971702168,1488.9137075593958
coarse,Banchor_A,1.0738461017608643,0.047318698787770626,44.50729351892992,42.719474869120916,1.0209923576643756,718.9357117194414,1484.848463294071
coarse,Banchor_B,1.0738461017608643,0.04861612595516582,51.55360299504957,42.7177725670973,1.022594404806816,728.5237488853951,1490.4974089782356
coarse,Aanchor_A,1.0738461017608643,0.04728739106295013,44.48423015756989,42.719511477379854,1.0209579329833858,718.4382525574945,1484.2282116938834
coarse,Aanchor_B,1.0738461017608643,0.048584813801144995,51.53042507139406,42.717808549074746,1.0225605159496896,728.0266310944601,1489.8791390649344
coarse,Banchor_A,1.076153814792633,0.0462731551573334,44.45479050258589,42.72221090837973,1.0184227110431763,717.7297238606382,1485.7661274229197
coarse,Banchor_B,1.076153814792633,0.04757261194143776,51.503810241629985,42.720506144918666,1.0200230385915126,727.3212110642954,1491.4152378595568
coarse,Aanchor_A,1.076153814792633,0.04624159500479869,44.431707978021535,42.722247612628806,1.0183882829667648,717.2324378456415,1485.145738160509
coarse,Aanchor_B,1.076153814792633,0.047541082698456895,51.48061310446508,42.72054217057804,1.0199891939129049,726.8242659022768,1490.7968312667058
coarse,Banchor_A,1.0784615278244019,0.04523533889042997,44.40817850400938,42.72493766243657,1.0158682193961748,716.5342149858096,1486.686560992792
coarse,Banchor_B,1.0784615278244019,0.04653687388290431,51.45992002516685,42.72323037296922,1.0174669000436785,726.1293771722371,1492.335837428084
coarse,Aanchor_A,1.0784615278244019,0.04520355856832086,44.385075352183684,42.72497441517497,1.0158338323076321,716.0370963013189,1486.0660333793035
coarse,Aanchor_B,1.0784615278244019,0.046505091540366125,51.43670222910555,42.72326649501242,1.0174330498581674,725.6325988705315,1491.7172934688997
coarse,Banchor_A,1.0807692408561707,0.0441168884522549,44.384390989990095,42.72759450678325,1.0133853841316889,715.5188637477462,1487.8234476861187
coarse,Banchor_B,1.0807692408561707,0.04542171104328475,51.440142191288125,42.725883091205574,1.014984014744052,725.1233216187346,1493.4729188391846
coarse,Aanchor_A,1.0807692408561707,0.04408474212933878,44.36119066816509,42.7276314739868,1.0133508809200877,715.0211606366045,1487.2026577180884
coarse,Aanchor_B,1.0807692408561707,0.04538959880461373,51.41682740027449,42.725919374163354,1.0149500967383132,724.6259601641686,1492.8541137488157
coarse,Banchor_A,1.0830769538879395,0.04299976908847692,44.36577768559137,42.73025118961098,1.010908767434231,714.5167537910487,1488.9629130995606
coarse,Banchor_B,1.0830769538879395,0.04430788130775993,51.42556048578872,42.72853564944524,1.0125073375393205,724.1305790026511,1494.6125796561053
coarse,Aanchor_A,1.0830769538879395,0.042967288792196474,44.34247787161047,42.73028832387396,1.0108741930045468,714.018451151314,1488.3418602800305
coarse,Aanchor_B,1.0830769538879395,0.04427543726170109,51.40214639201957,42.72857209573104,1.0124733499903453,723.6326193482473,1493.9935129397027
coarse,Banchor_A,1.0853846073150635,0.041942171065649125,44.32516827736218,42.732902636245576,1.0084430667693305,713.2166646163012,1489.8226276140374
coarse,Banchor_B,1.0853846073150635,0.04325397006395801,51.38901542441583,42.73118238272984,1.0100421225536833,722.8408718416241,1495.4724926001109
coarse,Aanchor_A,1.0853846073150635,0.0419095632373951,44.30185589786338,42.73293970970393,1.0084086331439432,712.7188487842193,1489.2013264916789
coarse,Aanchor_B,1.0853846073150635,0.043221399985946596,51.365588556267326,42.731218765418014,1.0100082769181362,722.343398341725,1494.8531785415557
coarse,Banchor_A,1.0876922607421875,0.040885450551810226,44.28905303611949,42.7355544551595,1.0059830352446022,711.9241890275741,1490.6850994865636
coarse,Banchor_B,1.0876922607421875,0.04220096602206579,51.3569918289852,42.73382944983171,1.0075825999928265,721.5588851543696,1496.3351639219834
coarse,Aanchor_A,1.0876922607421875,0.04085274075906193,44.265727003789436,42.73559143022939,1.0059487767760062,711.4268572921701,1490.0635495345657
coarse,Aanchor_B,1.0876922607421875,0.042168235808364485,51.333551107194324,42.733865818916186,1.0075488493978006,721.0618951219266,1495.715601996861
coarse,Banchor_A,1.0899999737739563,0.03958464465117849,44.25276245265452,42.73833577684036,1.0034093145622083,710.5928718305554,1491.8364667460878
coarse,Banchor_B,1.0899999737739563,0.04090045445672358,51.32292650012286,42.736610595425915,1.005004949955719,720.2287162238521,1497.486626700427
coarse,Aanchor_A,1.0899999737739563,0.039551626035648525,44.2293532468357,42.738372876562195,1.0033750285447647,710.0953952036979,1491.2147096455055
coarse,Aanchor_B,1.0899999737739563,0.040867476198738296,51.299402773827595,42.73664699962548,1.0049712532002377,719.7315811837778,1496.8668588542039
coarse,Banchor_A,1.092307686805725,0.03833687097572508,44.22118597008579,42.74104090478923,1.0009124171085173,709.2705389619946,1492.9901876189772
coarse,Banchor_B,1.092307686805725,0.03965413656426145,51.2935024880627,42.73931403083306,1.0025056446944471,718.9075863825288,1498.6404440667875
coarse,Aanchor_A,1.092307686805725,0.03830355708385401,44.197693678941555,42.74107810512066,1.0008781236626423,708.7729087304223,1492.368222723055
coarse,Aanchor_B,1.092307686805725,0.03962082969998776,51.269895927858485,42.73935058415664,1.0024718940502204,718.4102976531805,1498.0204696542862
coarse,Banchor_A,1.094615399837494,0.03687966903898798,44.21328827723335,42.74388237056582,0.99829636724586,707.5898922945829,1494.272060203923
coarse,Banchor_B,1.094615399837494,0.038202327074520356,51.291671954380995,42.74214861820771,0.9998917652049857,717.24264295995,1499.9226312152623
coarse,Aanchor_A,1.094615399837494,0.03684608961906968,44.18970489146288,42.74391962954694,0.9982621095070762,707.0926513961386,1493.649869456501
coarse,Aanchor_B,1.094615399837494,0.03816875704142174,51.26797436739373,42.74218522597816,0.9998580524200743,716.7457432445744,1499.302432447853
coarse,Banchor_A,1.0969231128692627,0.03538190169344348,44.209289150630745,42.74678483327137,0.9956312184816977,705.9177589949132,1495.5556152115366
coarse,Banchor_B,1.0969231128692627,0.036751567313247135,51.29383496052474,42.74498305369864,0.9972848405150482,715.5863850181518,1501.2065018659598
coarse,Aanchor_A,1.0969231128692627,0.035348058234641815,44.18561148626087,42.746822150407915,0.9955969988734011,705.4209008782386,1494.9331984767894
coarse,Aanchor_B,1.0969231128692627,0.03671776740840891,51.270044973976866,42.74501966680039,0.9972512107295386,715.0898677990618,1500.586078609587
coarse,Banchor_A,1.0992307662963867,0.03431875195411001,44.28903979469237,42.74911867805102,0.9934933574617819,705.0155016512355,1496.7627045673328
coarse,Banchor_B,1.0992307662963867,0.03564830609389039,51.376217114799196,42.74737624638556,0.9950890342799079,714.6899061192825,1502.4136792516927
coarse,Aanchor_A,1.0992307662963867,0.034284648695604505,44.26527347420416,42.749156170876226,0.9934590505744371,704.5183047450862,1496.1399383106525
coarse,Aanchor_B,1.0992307662963867,0.035614249738593916,51.35233675099314,42.747413031698265,0.9950553207120553,714.1930505473734,1501.7929077383246
coarse,Banchor_A,1.1015384197235107,0.03325640069289748,44.37238463664939,42.751452644821015,0.9913599755600155,704.1208106191136,1497.971473740397
coarse,Banchor_B,1.1015384197235107,0.034591225656008334,51.462210399015795,42.74970298618403,0.9929588352919491,713.801121709417,1503.6225377990606
coarse,Aanchor_A,1.1015384197235107,0.03322203613685885,44.348527877176515,42.75149031519291,0.9913255802336481,703.6232661932781,1497.3483576478714
coarse,Aanchor_B,1.1015384197235107,0.03455691102955557,51.438239865284,42.74973994404544,0.9929250360962751,713.3039190941313,1503.0014177161415
coarse,Banchor_A,1.1038461327552795,0.03185710527353623,44.409447114823145,42.7540279597913,0.9890113031167471,702.2821850089235,1499.3238653004325
coarse,Banchor_B,1.1038461327552795,0.0331119476003508,51.502812642268744,42.75239623842404,0.9904987769028218,711.9685125368301,1504.9750770307842
coarse,Aanchor_A,1.1038461327552795,0.03182287200035823,44.38556399928867,42.75406512459308,0.9889774497923445,701.7862283550733,1498.7004517676755
coarse,Aanchor_B,1.1038461327552795,0.03307767588383433,51.47881189598986,42.752432812492195,0.9904654115609813,711.4728949173788,1504.3536609312073
coarse,Banchor_A,1.1061538457870483,0.030423192924012087,44.45153797175065,42.756656005882476,0.986620276506097,700.4549745160682,1500.6781264431288
coarse,Banchor_B,1.1061538457870483,0.03171720812473983,51.54844066840469,42.75496730897205,0.9881560077099854,710.1473548702468,1506.329486305254
coarse,Aanchor_A,1.1061538457870483,0.030389413616913316,44.42762568709225,42.75669218491986,0.9865874007698041,699.9605984635764,1500.0544155157877
coarse,Aanchor_B,1.1061538457870483,0.03168306565347136,51.524412166064906,42.75500337999309,0.9881231791058461,709.653315103243,1505.707774235766
coarse,Banchor_A,1.1084615588188171,0.02913700086007078,44.488271218882474,42.759053851663566,0.984443732343649,699.0242848428436,1501.871646571637
coarse,Banchor_B,1.1084615588188171,0.030476519679071685,51.58708991461789,42.75729874826373,0.9860363823724513,708.7197947044275,1507.5230321556978
coarse,Aanchor_A,1.1084615588188171,0.029102696725552914,44.4642838188075,42.75909056464825,0.984410445016154,698.530152954931,1501.2475359777084
coarse,Aanchor_B,1.1084615588188171,0.030442232033519503,51.562988222785854,42.75733479646102,0.9860036449139151,708.2259980022358,1506.9009217074802
coarse,Banchor_A,1.110769271850586,0.027847305686458674,44.52807017023922,42.76145789672134,0.982266381263216,697.6008755437622,1503.0666419343017
coarse,Banchor_B,1.110769271850586,0.029188664773090723,51.62891619030499,42.759700522686025,0.9838575663071387,707.2996659731358,1508.7180553462588
coarse,Aanchor_A,1.110769271850586,0.027812765098335312,44.50400600099883,42.76149471977556,0.9822330679825985,697.1069789599179,1502.4421317753322
coarse,Aanchor_B,1.110769271850586,0.02915420931156662,51.60473772925797,42.75973657952366,0.9838248933582903,706.806103511548,1508.095546621975
coarse,Banchor_A,1.11307692527771,0.02627243102233445,44.61251161654608,42.76405455426203,0.9799199901294356,695.8873106648118,1504.5461003861415
coarse,Banchor_B,1.11307692527771,0.02761838913132502,51.7186381796992,42.762291362019766,0.9815126339094057,705.5978549432893,1510.1977645085078
coarse,Aanchor_A,1.11307692527771,0.026237691562106622,44.58834382841564,42.764091442724094,0.9798866973948303,695.3939358861196,1503.9211648070448
coarse,Aanchor_B,1.11307692527771,0.027583736882145823,51.69435628365833,42.76232748058369,0.9814799830343541,705.1048132689382,1509.5748320206867
coarse,Banchor_A,1.115384578704834,0.024703380114970034,44.6993566838168,42.76664349245444,0.9775861543432528,694.1788386438553,1506.0269098172064
coarse,Banchor_B,1.115384578704834,0.026053874397768063,51.81078594210037,42.76487457026129,0.9791801725779133,703.901236721351,1511.6788252691772
coarse,Aanchor_A,1.115384578704834,0.02466848988727523,44.675084454961656,42.76668037581377,0.9775529454948985,693.6859825475386,1505.4015488493044
coarse,Aanchor_B,1.115384578704834,0.026019039769472042,51.786399774599445,42.764910729525894,0.9791475625892074,703.4087127292436,1511.0554690501583
coarse,Banchor_A,1.1176922917366028,0.023119874521581586,44.732623536702754,42.769229326838534,0.9752606649457667,692.2295483370175,1507.4641615784178
coarse,Banchor_B,1.1176922917366028,0.02447263030576875,51.84712563334269,42.76745778781035,0.9768532457208294,701.9573574630858,1513.1161493693417
coarse,Aanchor_A,1.1176922917366028,0.02308488416822603,44.70828304597197,42.7692660845597,0.9752276479453129,691.7378239744264,1506.838428905513
coarse,Aanchor_B,1.1176922917366028,0.024437696019600327,51.822671173478696,42.767493820264235,0.9768208273163307,701.4659625588308,1512.4924229905585
coarse,Banchor_A,1.1200000047683716,0.021499494522671546,44.76874954738742,42.77187021901282,0.9728913707717638,690.2885137620806,1508.9024714130496
coarse,Banchor_B,1.1200000047683716,0.022855156726743632,51.886415493307084,42.770095006237014,0.9744833798395602,700.0218252654914,1514.5545325860378
coarse,Aanchor_A,1.1200000047683716,0.02146436998120074,44.74433835166059,42.771906903342334,0.9728584997442118,689.7979182318868,1508.2763672125573
coarse,Aanchor_B,1.1200000047683716,0.022820089187681223,51.86189032741868,42.7701309633475,0.9744511077036644,699.5315565669426,1513.9304362254122
coarse,Banchor_A,1.1223077178001404,0.019844711192080144,44.90811125265158,42.77437961283259,0.970645384624267,688.4998092456734,1510.5057685109775
coarse,Banchor_B,1.1223077178001404,0.02120138193722606,52.029428541780916,42.77260357062394,0.9722344611549489,698.2414236390051,1516.1578816211347
coarse,Aanchor_A,1.1223077178001404,0.01980950331648599,44.88358241545361,42.77441613830207,0.9706127314974035,688.0099689840599,1509.8791785055644
coarse,Aanchor_B,1.1223077178001404,0.02116623111282066,52.00478572916312,42.77263936812188,0.9722024064189808,697.7519086985661,1515.533301130466
coarse,Banchor_A,1.1246154308319092,0.018262765856610436,45.05096905131948,42.77678328953449,0.9684988807276107,686.7214564924683,1512.1099801000541
coarse,Banchor_B,1.1246154308319092,0.019551639114935036,52.175965233308304,42.77510743512689,0.9699949313980851,696.4715025372466,1517.762146581699
coarse,Aanchor_A,1.1246154308319092,0.018227502787057523,45.026324274692705,42.776819614465325,0.9684664786890705,686.23236372767,1511.4829046746597
coarse,Aanchor_B,1.1246154308319092,0.0195164053828947,52.15120335509691,42.77514307223765,0.9699630937847238,695.9827336194262,1517.1370823463
coarse,Banchor_A,1.1269230842590332,0.016490318646421316,45.10213209676917,42.77943595136954,0.9661355403884052,684.6476831048831,1513.674357088477
coarse,Banchor_B,1.1269230842590332,0.01785598385972109,52.232900342559105,42.77764842234331,0.9677274719604335,694.4125947700157,1519.326751163269
coarse,Aanchor_A,1.1269230842590332,0.01645488249829225,45.07739953669976,42.77947229084262,0.9661032044777396,684.1596016813525,1513.046895287793
coarse,Aanchor_B,1.1269230842590332,0.017820608269628543,52.2080540093892,42.7776840273063,0.9676957374233401,693.9248351948996,1518.7013023395687
coarse,Banchor_A,1.1292307376861572,0.014718484630233482,45.15580763275438,42.78208858591782,0.963777991316873,682.5832451045007,1515.2396306412725
coarse,Banchor_B,1.1292307376861572,0.016089705290414806,52.2925086977683,42.78029391896253,0.9653723848852592,692.3631757140804,1520.892252855202
coarse,Aanchor_A,1.1292307376861572,0.014682875361470104,45.13098667218652,42.78212493995784,0.9637457213815607,682.0961742131814,1514.6117828789988
coarse,Aanchor_B,1.1292307376861572,0.01605412477065548,52.26757404452239,42.780329584416286,0.9653406737951199,691.8764246858402,1520.2664198574118
coarse,Banchor_A,1.131538450717926,0.013155833319591812,45.31638865796781,42.78436284539989,0.9617613069754735,680.7455246209163,1516.687678122111
coarse,Banchor_B,1.131538450717926,0.014532003156649527,52.45697165028462,42.78256162637609,0.9633581778491961,690.5337287825663,1522.3404290410524
coarse,Aanchor_A,1.131538450717926,0.013120250717107594,45.29147357174712,42.7843989227012,0.9617293496953867,680.2597287391525,1516.0594092576155
coarse,Aanchor_B,1.131538450717926,0.014496487081505702,52.43194293594239,42.78259695909646,0.9633268281427734,690.0482503282934,1521.714176524584
coarse,Banchor_A,1.1338461637496948,0.01159573334289384,45.48027708755546,42.78663451197787,0.9597511345316341,678.9184829398422,1518.1381208869489
coarse,Banchor_B,1.1338461637496948,0.012974432932683029,52.62477306152297,42.78483029645037,0.9613473209950308,688.7150749939608,1523.7910019436606
coarse,Aanchor_A,1.1338461637496948,0.011560177969320734,45.45526657211029,42.78667031159866,0.95971948949661,678.4339542193824,1517.5094309332992
coarse,Aanchor_B,1.1338461637496948,0.012938908707033155,52.5996488759533,42.78486540273253,0.9613162372156301,688.2308612978185,1523.164329923214
coarse,Banchor_A,1.1361538767814636,0.009570667865911923,45.58413440020039,42.789331380198426,0.9573701598469722,676.527114253346,1519.9662381691517
coarse,Banchor_B,1.1361538767814636,0.010952228611196333,52.73131063684153,42.78752348717836,0.9589656345539593,686.3281625691764,1525.6190554119155
coarse,Aanchor_A,1.1361538767814636,0.009535000477860881,45.5590157762377,42.78936714263164,0.9573386261075734,676.0439152633304,1519.336926697781
coarse,Aanchor_B,1.1361538767814636,0.010916626946472874,52.70607832463633,42.787558504791356,0.9589347060965729,685.8452746877315,1524.9917637869344
coarse,Banchor_A,1.1384615898132324,0.007546085563085331,45.69042815280234,42.792028400097685,0.9549949585300301,674.1447102996563,1521.794852570074
coarse,Banchor_B,1.1384615898132324,0.008930582363654445,52.84032472236866,42.79021672666433,0.9565898056550339,683.950358568949,1527.4476080581771
coarse,Aanchor_A,1.1384615898132324,0.007510305669194382,45.665200652808544,42.79206412599721,0.9549635351580695,673.6628358097512,1521.1649198047828
coarse,Aanchor_B,1.1384615898132324,0.008894869380762751,52.814983521887854,42.79025170526156,0.9565589881964299,683.4687912967024,1526.8196970521774
coarse,Banchor_A,1.1407692432403564,0.005505510281324496,45.8206142617898,42.79475747907291,0.9525975217643173,671.6320944858224,1523.4979650902417
coarse,Banchor_B,1.1407692432403564,0.006907960539729169,52.97738275464192,42.792920637997184,0.954210483742232,681.4544229883686,1529.1509936370803
coarse,Aanchor_A,1.1407692432403564,0.005469730739151817,45.79527915988336,42.79479291314762,0.9525664333094933,671.1520575103892,1522.8675861062572
coarse,Aanchor_B,1.1407692432403564,0.006872221668566833,52.95193451933221,42.79295536268835,0.9541799660765722,680.9746899367877,1528.5226383820725
coarse,Banchor_A,1.1430768966674805,0.0034723679280344822,45.95406126270639,42.79747676166467,0.9502146771283958,669.1328261786027,1525.201120668321
coarse,Banchor_B,1.1430768966674805,0.00487800902526074,53.117781075310305,42.795636437314876,0.9518266580727931,678.9719898740744,1530.8544229763284
coarse,Aanchor_A,1.1430768966674805,0.003436554098883062,45.92861769357338,42.797511954643866,0.9501838774339126,668.6546194643392,1524.5702960699625
coarse,Aanchor_B,1.1430768966674805,0.004842240449969025,53.09222426921348,42.79567091342805,0.9517964345595278,678.4940838128124,1530.225624076528
coarse,Banchor_A,1.1453846096992493,0.001822329719850746,46.079777218242896,42.79960526552615,0.9483536777610074,667.4240141746681,1526.9406576779563
coarse,Banchor_B,1.1453846096992493,0.003236556945875409,53.24646479269924,42.79775261044788,0.9499732904390656,677.2687993577512,1532.5939666215675
coarse,Aanchor_A,1.1453846096992493,0.0017866999987096103,46.05430829364195,42.79964009697813,0.9483232541594034,666.9477498542769,1526.30921471757
coarse,Aanchor_B,1.1453846096992493,0.0032010049770201214,53.22088238608338,42.79778667655237,0.9499434845050383,676.7928314597739,1531.9645511552906
coarse,Banchor_A,1.147692322731018,0.0002641250979230315,46.20803731531387,42.80159903345416,0.9466137872249458,665.7203821302803,1528.6812241105401
coarse,Banchor_B,1.147692322731018,0.0016810687996393493,53.37755746813949,42.79974290689467,0.9482334603234193,675.5709310804997,1534.3345409116312
coarse,Aanchor_A,1.147692322731018,0.00022868791456940013,46.182546433899965,42.801633486110184,0.9465837496876343,665.2460514211393,1528.0491632449505
coarse,Aanchor_B,1.147692322731018,0.0016457424943029178,53.351952610865794,42.79977654487697,0.9482040828686495,675.0968925861879,1533.704509335971
coarse,Banchor_A,1.1500000357627869,-0.0018936165608391042,46.39949243948013,42.804203312024015,0.944345932707247,663.2199970024506,1530.5362133238164
coarse,Banchor_B,1.1500000357627869,-0.00047344144030201914,53.57315537280644,42.80234339298325,0.9459650297203162,673.0777636058843,1536.1895986625034
coarse,Aanchor_A,1.1500000357627869,-0.0019291278240684989,46.37388217962606,42.804237638703945,0.9443160766998687,662.747326342294,1529.903605728036
coarse,Aanchor_B,1.1500000357627869,-0.0005089081488630741,53.54743122823814,42.80237700172643,0.9459357480186179,672.6053811510454,1535.5590223971692
coarse,Banchor_A,1.1523077487945557,-0.003998870603894623,46.593849788496726,42.80673156892306,0.9421494770402964,660.7318406041736,1532.3903074056154
coarse,Banchor_B,1.1523077487945557,-0.002574484225149927,53.771607862743934,42.80486627731504,0.9437694782524099,670.5969750452681,1538.0437627836332
coarse,Aanchor_A,1.1523077487945557,-0.0040344446564220164,46.568121362855216,42.806765757476605,0.9421198103306845,660.260821719614,1531.7571536466598
coarse,Aanchor_B,1.1523077487945557,-0.0026099792035964337,53.74576566280976,42.80489969653104,0.9437404292527503,670.1262403897108,1537.4126423941927
coarse,Banchor_A,1.1546154022216797,-0.006398571720489746,46.78673093507567,42.809540321078416,0.9397153273571311,658.3953989243446,1534.4247573394086
coarse,Banchor_B,1.1546154022216797,-0.0049695274143394625,53.96921513354285,42.80766850361257,0.9413368010358094,668.2686519992154,1540.0782403622577
coarse,Aanchor_A,1.1546154022216797,-0.006434273285315592,46.76084493887558,42.809574476031344,0.9396857663755566,657.9258677333739,1533.7909428819873
coarse,Aanchor_B,1.1546154022216797,-0.005005147363497201,53.94321550896533,42.80770188455661,0.9413078600942625,667.7994016269133,1539.4464613936389
coarse,Banchor_A,1.1569230556488037,-0.008500051742356072,46.98282148116588,42.81191174683861,0.9376650749761369,656.0672362372527,1536.4599126620026
coarse,Banchor_B,1.1569230556488037,-0.007066725775786069,54.16951767409283,42.81003438764682,0.9392878051792641,665.9486988358076,1542.1134243220788
coarse,Aanchor_A,1.1569230556488037,-0.008535735838076526,46.95679010918215,42.81194564908874,0.9376357967228481,655.5991862082128,1535.82543816321
coarse,Aanchor_B,1.1569230556488037,-0.00710236030679954,54.14337282147593,42.81006756228665,0.9392591057047124,665.4809262374622,1541.4809874310617
coarse,Banchor_A,1.1592307686805725,-0.010458448883208137,47.10775771678168,42.81414811900872,0.9357356837388248,653.6804083182865,1538.184302141318
coarse,Banchor_B,1.1592307686805725,-0.009019886249016644,54.299394760614824,42.81226393982896,0.9373609628821634,663.5742871827296,1543.83790159674
coarse,Aanchor_A,1.1592307686805725,-0.01049414032272407,47.081627076387136,42.81418183860474,0.935706623144606,653.2140675240174,1537.5492961200848
coarse,Aanchor_B,1.1592307686805725,-0.009055493198301576,54.27315057176075,42.81229687971615,0.93733252494681,663.10821993286,1543.20493509345
coarse,Banchor_A,1.1615384817123413,-0.01249562877211609,47.23505563698479,42.8165009520711,0.9337101032546369,651.3035533545094,1539.911941459177
coarse,Banchor_B,1.1615384817123413,-0.011051321705214586,54.43182898991975,42.81460928036856,0.9353383187920709,661.2100196789492,1545.5656304638842
coarse,Aanchor_A,1.1615384817123413,-0.012531364617841649,47.20882133504193,42.81653454067321,0.9336812182161758,650.8389164629209,1539.276403745222
coarse,Aanchor_B,1.1615384817123413,-0.011086937843062458,54.40548108914998,42.81464203664603,0.9353101003913238,660.7456524626944,1544.932134180765
coarse,Banchor_A,1.1638461351394653,-0.014858070255401605,47.43843445197551,42.8190703194995,0.9315031141948671,648.4657072644541,1542.006839651645
coarse,Banchor_B,1.1638461351394653,-0.013409935361226965,54.638491891840395,42.81717364847355,0.9331317777960052,658.3773186557314,1547.6604541578113
coarse,Aanchor_A,1.1638461351394653,-0.014893690298035181,47.41208914598413,42.81910351719964,0.9314746327937952,648.0036208710192,1541.3706930918527
coarse,Aanchor_B,1.1638461351394653,-0.013445468914740057,54.61203286091638,42.817206061886026,0.933103920629959,657.9154959287916,1547.0263512047377
coarse,Banchor_A,1.1661537885665894,-0.01722047791326475,47.64469366379235,42.821640611484796,0.9293005503995904,645.6396453607525,1544.1022126461232
coarse,Banchor_B,1.1661537885665894,-0.015768492034454604,54.848075926208125,42.81973891429931,0.9309296724917363,655.5565208761006,1549.755754646902
coarse,Aanchor_A,1.1661537885665894,-0.017256015869861526,47.618236141022955,42.82167346758299,0.9292724287177171,645.1800985810493,1543.465458118347
coarse,Aanchor_B,1.1661537885665894,-0.015803909526921203,54.821504557603006,42.81977093549627,0.9309022173486733,655.0972317886549,1549.121045900971
coarse,Banchor_A,1.1684615015983582,-0.01942772760513983,47.792331281622005,42.82395946058756,0.9273179249559447,642.9641182774735,1546.006331799272
coarse,Banchor_B,1.1684615015983582,-0.01797012034532182,55.000572856486315,42.822050353601895,0.9289499111440098,652.8929584271169,1551.6598916048013
coarse,Aanchor_A,1.1684615015983582,-0.019462999745201996,47.76579292681794,42.82399178114293,0.9272903206593265,642.5070870564742,1545.3689462067148
coarse,Aanchor_B,1.1684615015983582,-0.01800533837381057,54.97392028222011,42.822081935751015,0.9289228900243388,652.4361791509615,1551.0245538807822
coarse,Banchor_A,1.170769214630127,-0.021572615526773194,47.94282619090671,42.82618782271101,0.9254166518435566,640.310043858982,1547.9107929172617
coarse,Banchor_B,1.170769214630127,-0.02016442190833719,55.155881807379096,42.82435216213968,0.9269825825973275,650.2510104117238,1553.5643720088353
coarse,Aanchor_A,1.170769214630127,-0.021607695182648632,47.91620850525464,42.826219714971245,0.9253894691862088,639.8554821219659,1547.2727765169222
coarse,Aanchor_B,1.170769214630127,-0.020199438986289866,55.12914706527175,42.82438330140522,0.9269559968182726,649.7966949619633,1552.9284055632959
coarse,Banchor_A,1.1730769276618958,-0.024204024724539,48.209812631551316,42.82885207705568,0.9231485845774849,637.2255444706512,1550.252414925944
coarse,Banchor_B,1.1730769276618958,-0.022735643300714158,55.42777338741302,42.826928923528996,0.9247851973315809,647.1755390620859,1555.9059982356064
coarse,Aanchor_A,1.1730769276618958,-0.02423911036166097,48.1830406125505,42.82888378677976,0.9231216237380886,636.7732958590028,1549.613626783481
coarse,Aanchor_B,1.1730769276618958,-0.02277063907678898,55.40088698313282,42.82695984082578,0.9247588636317392,646.72353115216,1555.2692624967842
coarse,Banchor_A,1.1753846406936646,-0.02687563994727408,48.47956582540183,42.83157629047838,0.9208352220959053,634.1547354504089,1552.5934648073362
coarse,Banchor_B,1.1753846406936646,-0.02540159340495415,55.702564748484406,42.82964573953761,0.9224740186266022,644.113892787687,1558.247053346554
coarse,Aanchor_A,1.1753846406936646,-0.026910744703253397,48.45263659366286,42.8316078351933,0.9208084687625613,633.7047904934079,1551.953905977108
coarse,Aanchor_B,1.1753846406936646,-0.02543660503338723,55.675521334851986,42.829676486311726,0.9224478956157339,643.664182980318,1557.6095493668506
coarse,Banchor_A,1.1776922941207886,-0.028960121278689722,48.71254463247476,42.833573887002004,0.9191425769570559,631.7271020980647,1554.6102443622688
coarse,Banchor_B,1.1776922941207886,-0.02747966051388065,55.9404845796856,42.831634782394524,0.9207856152341772,641.6990793006928,1560.2638728742804
coarse,Aanchor_A,1.1776922941207886,-0.028994909921614877,48.68552423428373,42.833604815385925,0.9191163945478494,631.2797394537644,1553.9700363693191
coarse,Aanchor_B,1.1776922941207886,-0.027514356581098107,55.9133495930964,42.83166491274048,0.9207600627988265,641.2519462297292,1559.625721902114
coarse,Banchor_A,1.1799999475479126,-0.030609618247619375,48.94799400988183,42.834934646082175,0.9179913321564662,629.3080495525489,1556.6279184236112
coarse,Banchor_B,1.1799999475479126,-0.02911341166953233,56.18008069440282,42.83297466805921,0.9196499927118367,639.293012472855,1562.281588249222
coarse,Aanchor_A,1.1799999475479126,-0.030644124272007536,48.920900214716966,42.83496498236345,0.9179656831506661,628.863258971942,1555.987061879916
coarse,Aanchor_B,1.1799999475479126,-0.029147821514996584,56.15287236133337,42.83300420057206,0.9196249781588183,638.8484458999767,1561.6427908965763
coarse,Banchor_A,1.1823076605796814,-0.03317171067076703,49.19576864626944,42.83735837460975,0.9159443522498066,626.3533068510811,1558.9597624649575
coarse,Banchor_B,1.1823076605796814,-0.031672898554880154,56.430503660146485,42.83539513715829,0.9176020689246647,636.3372890558446,1564.613392262998
coarse,Aanchor_A,1.1823076605796814,-0.03320609095185061,49.168522531371806,42.837388333304204,0.915919078966773,625.910998486494,1558.3181167153998
coarse,Aanchor_B,1.1823076605796814,-0.03170718249624088,56.403143082262275,42.8354242913326,0.9175774298167635,635.8951984053646,1563.973808143199
coarse,Banchor_A,1.1846153736114502,-0.035708605688561844,49.44661183026361,42.83974624796975,0.9139321178347694,623.4103316380927,1561.292054220664
coarse,Banchor_B,1.1846153736114502,-0.03420726215729946,56.683973834767386,42.83777986113166,0.9155888485162709,633.3933924527919,1566.9456457649255
coarse,Aanchor_A,1.1846153736114502,-0.035742846868722936,49.41921327705569,42.83977580978688,0.9139072341418281,622.9704950738368,1560.6496199762762
coarse,Aanchor_B,1.1846153736114502,-0.034241407054351754,56.65646089413796,42.83780861801159,0.9155645984914548,632.9537673540186,1566.3052755879276
coarse,Banchor_A,1.186923086643219,-0.03838713800944078,49.57856482178654,42.84231180979224,0.9117750733939177,620.0532287881136,1563.3883503579968
coarse,Banchor_B,1.186923086643219,-0.03688747242042416,56.82056629601908,42.84034867524031,0.9134251577542275,630.0450104420685,1569.041869362039
coarse,Aanchor_A,1.186923086643219,-0.038421307947019215,49.55109797288998,42.84234112578538,0.9117504548624364,619.6163501618644,1562.7453201738927
coarse,Aanchor_B,1.186923086643219,-0.03692151446001216,56.79298464688034,42.840377139183445,0.9134012114762711,629.6083361828474,1568.4009054285932
coarse,Banchor_A,1.1892307996749878,-0.041072867456860604,49.713319705592596,42.84488894399884,0.9096134247459202,616.711111064621,1565.4836842314173
coarse,Banchor_B,1.1892307996749878,-0.03956004992333599,56.95999405040328,42.84290730702572,0.9112751262988323,626.7116790998073,1571.1371319015864
coarse,Aanchor_A,1.1892307996749878,-0.04110696869039419,49.68578302800764,42.84491801778452,0.9095890674926829,616.2771753961292,1564.8400598523458
coarse,Aanchor_B,1.1892307996749878,-0.0395940526213494,56.932342803770275,42.84293557122671,0.9112514040282019,626.2779407340972,1570.4955759541833
coarse,Banchor_A,1.1915384531021118,-0.043059610234509285,49.68330444988869,42.84760048846971,0.907344567993838,614.4645620905047,1566.929281112487
coarse,Banchor_B,1.1915384531021118,-0.041538802419288104,56.939928914971745,42.845608958261856,0.9090104076204668,624.4822900015553,1572.583394594601
coarse,Aanchor_A,1.1915384531021118,-0.04309406164574612,49.655725466296616,42.847629753249606,0.9073201118864486,614.0314119751489,1566.2852548702663
coarse,Aanchor_B,1.1915384531021118,-0.04157315121595417,56.912235804501265,42.84563740691301,0.9089865898817966,624.0493358443156,1571.9414386593928
coarse,Banchor_A,1.1938461065292358,-0.045046018122958456,49.66243685866259,42.85031488492241,0.9050789930314941,612.2310824197921,1568.3783558138225
coarse,Banchor_B,1.1938461065292358,-0.0435171534883193,56.92907069818273,42.848313377510195,0.9067490055658436,622.2661172684205,1574.0331367885565
coarse,Aanchor_A,1.1938461065292358,-0.04508082108261543,49.63481341810356,42.85034434264864,0.905054437151903,611.7987126631463,1567.7339274666062
coarse,Aanchor_B,1.1938461065292358,-0.04355185004898036,56.901333600042044,42.848342012999005,0.9067250910473014,621.8339421729111,1573.390780627174
coarse,Banchor_A,1.1961538195610046,-0.04744127223961227,49.57254100901528,42.85346522847574,0.902456645988204,609.1908882760821,1569.7895073390498
coarse,Banchor_B,1.1961538195610046,-0.04590352910484044,56.84948734369048,42.85145254599722,0.9041311257084296,619.2419994606801,1575.4449167417451
coarse,Aanchor_A,1.1961538195610046,-0.0474763351261637,49.54496755707796,42.85349473419928,0.9024321213620794,608.760573130363,1569.1447339859897
coarse,Aanchor_B,1.1961538195610046,-0.04593848124508467,56.821800499719956,42.85148122265802,0.9041072459491416,618.8118751224155,1574.8022173913764
coarse,Banchor_A,1.1984615325927734,-0.049841059055320235,49.49541775090444,42.856626847641756,0.899832551839401,606.1724751273265,1571.2049781591884
coarse,Banchor_B,1.1984615325927734,-0.0482873423751448,56.78273571178904,42.85459259299506,0.9015200744910445,616.2397098900065,1576.8610173175148
coarse,Aanchor_A,1.1984615325927734,-0.04987636091884428,49.46789289730626,42.856656371291926,0.8998080836673363,605.7442081566852,1570.55985934221
coarse,Aanchor_B,1.1984615325927734,-0.048322549545793236,56.75509807282282,42.85462131077364,0.901496229553958,615.811629915219,1576.2179743238105
coarse,Banchor_A,1.2007692456245422,-0.05193119837572032,49.409524216803675,42.85942415138984,0.8975171964223754,603.7189239858006,1572.7126856080067
coarse,Banchor_B,1.2007692456245422,-0.05037601148617064,56.706927106838116,42.857389525220206,0.8992006846096423,613.8039092785027,1578.3693193458894
coarse,Aanchor_A,1.2007692456245422,-0.05196664008314744,49.382074043972416,42.85945360959089,0.8974928453109106,603.2925531703024,1572.0671564309332
coarse,Aanchor_B,1.2007692456245422,-0.05041133554153934,56.679363769330514,42.85741814321597,0.8991769836571153,613.3777220216696,1577.7258678549163
coarse,Banchor_A,1.203076958656311,-0.054162505444071966,49.33265934784093,42.86243182604852,0.8950343610787115,601.2773413745666,1574.2244851948167
coarse,Banchor_B,1.203076958656311,-0.05245804030777114,56.64021992589554,42.860180047381014,0.8968925570861984,611.3801527516649,1579.8817142730409
coarse,Aanchor_A,1.203076958656311,-0.054198216363909084,49.305275794174875,42.86246138280339,0.8950099960893,600.8528602374191,1573.5785446516982
coarse,Aanchor_B,1.203076958656311,-0.052493545410221325,56.61272954486673,42.860208659958715,0.8968689214464071,610.9558517582575,1579.237853282216
coarse,Banchor_A,1.205384612083435,-0.05680336407115794,49.37659333577973,42.865738662721945,0.8923124938640048,598.1274535053476,1575.9268156890867
coarse,Banchor_B,1.205384612083435,-0.05512138189122177,56.69251934882746,42.863522299382296,0.894135872911334,608.2375528730336,1581.5844754182604
coarse,Aanchor_A,1.205384612083435,-0.056839436442050806,49.34917349180078,42.86576841949104,0.8922880385931314,597.7048218565942,1575.2805720235945
coarse,Aanchor_B,1.205384612083435,-0.0551571868580939,56.66499237612282,42.86355102224685,0.8941122190958325,607.8150973856611,1580.9403132670493
coarse,Banchor_A,1.207692265510559,-0.05944883485547683,49.43176634461316,42.869056298578094,0.8895900557776947,594.9979575013231,1577.6322552226943
coarse,Banchor_B,1.207692265510559,-0.05787656660582779,56.755899642593896,42.86700246802761,0.8912744395165815,605.115321319221,1583.290345969089
coarse,Aanchor_A,1.207692265510559,-0.05948523154598972,49.40430819406665,42.86908620137658,0.889565555474819,594.5771665021265,1576.9857080957736
coarse,Aanchor_B,1.207692265510559,-0.057907737621220326,56.72833013177042,42.86702404110972,0.8912567304767952,604.6947025513263,1582.6458823200544
coarse,Banchor_A,1.2099999785423279,-0.062064298356308216,49.38701734160024,42.872326131293974,0.8869149723435521,591.9698652944446,1579.3653606848009
coarse,Banchor_B,1.2099999785423279,-0.060461166315326206,56.7214618042072,42.87022906004368,0.8886296809773011,602.1014526648776,1585.024023798721
coarse,Aanchor_A,1.2099999785423279,-0.06210114734300761,49.3594963364048,42.87235630231222,0.8868903266184667,591.5503334387665,1578.7183307721298
coarse,Aanchor_B,1.2099999785423279,-0.060497853562376906,56.69383120605087,42.87025832979326,0.8886057252341577,601.6820907221188,1584.3790794543236
coarse,Banchor_A,1.2123076915740967,-0.06465459085628811,49.35277549163368,42.87556220737959,0.8842754257290181,588.9613366246529,1581.1021844507004
coarse,Banchor_B,1.2123076915740967,-0.0630867864245162,56.69768726698862,42.873518932430116,0.8859411333230346,599.1071670788386,1586.761420371176
coarse,Aanchor_A,1.2123076915740967,-0.06469183620719066,49.32519018698453,42.875592572398176,0.8842506953533052,588.5430556889431,1580.4546707581185
coarse,Aanchor_B,1.2123076915740967,-0.06312390836113041,56.669991278593805,42.87354844726716,0.8859170500764264,598.6890537921149,1586.1159943398734
coarse,Banchor_A,1.2146154046058655,-0.06704850319263052,49.40198995886427,42.878516129180284,0.8818728804588175,586.3013781064466,1582.5926592994995
coarse,Banchor_B,1.2146154046058655,-0.06556218526412746,56.75759670351706,42.876594028238955,0.8834354607261474,596.4637781883004,1588.2524781441232
coarse,Aanchor_A,1.2146154046058655,-0.06708608361684139,49.37438363529571,42.87854664622976,0.8818480937933318,585.8847618804417,1581.9448595893216
coarse,Aanchor_B,1.2146154046058655,-0.06559955463588193,56.72987611675296,42.876623572088405,0.8834114219872342,596.0473270171518,1587.6067678812599
coarse,Banchor_A,1.2169231176376343,-0.06949139401629785,49.461903700747605,42.88154624708009,0.8794151440020991,583.6589465730037,1584.0871508028165
coarse,Banchor_B,1.2169231176376343,-0.06787945260062728,56.82850332297135,42.87944108454489,0.8811219193174091,593.8379478771365,1589.7475530215809
coarse,Aanchor_A,1.2169231176376343,-0.06952933271187463,49.434272236260746,42.8815769622665,0.8793902659351334,583.2439890731921,1583.4390639077335
coarse,Aanchor_B,1.2169231176376343,-0.06791721076285276,56.80076407708961,42.87947086599704,0.8810977507115528,593.4231528814898,1589.1015573627246
coarse,Banchor_A,1.2192307710647583,-0.07158605715588297,49.487063631689885,42.88401989656511,0.877413839628271,581.4450263565678,1585.7291373896978
coarse,Banchor_B,1.2192307710647583,-0.06992121082141452,56.862944175321886,42.881838771434076,0.8791782395919451,591.6380758832837,1591.3900272484673
coarse,Aanchor_A,1.2192307710647583,-0.07162430515609992,49.45942406996516,42.88405077655309,0.8773888849998812,581.0311144810115,1585.0805949018265
coarse,Aanchor_B,1.2192307710647583,-0.06995929142090264,56.83519973258889,42.88186873898444,0.879153973610524,591.2243249613198,1590.7435778384267
coarse,Banchor_A,1.2215384244918823,-0.07368228628592037,49.52167984278793,42.88649925836063,0.8754124839061546,579.2431279056989,1587.3756300806394
coarse,Banchor_B,1.2215384244918823,-0.07200809995102231,56.906799728062936,42.8843060007619,0.8771826612732152,589.4502479200336,1593.0370076680376
coarse,Aanchor_A,1.2215384244918823,-0.07372084487778457,49.49403026316625,42.886530305062664,0.8753874517833945,578.8302584801031,1586.726630920297
coarse,Aanchor_B,1.2215384244918823,-0.07204648596107621,56.87904609087996,42.88433612729615,0.87715832192933,589.0375379295149,1592.3901034303638
coarse,Banchor_A,1.2238461375236511,-0.07637584798165241,49.581766885126356,42.88966201811911,0.8728661097278307,575.4820165913785,1589.1926656279425
coarse,Banchor_B,1.2238461375236511,-0.07503315131300918,56.97870068512419,42.8879571423736,0.8742378031745938,585.7066040867685,1594.8546188644834
coarse,Aanchor_A,1.2238461375236511,-0.07641438914142669,49.554166358043,42.88969269182095,0.8728414502788087,575.0723272139045,1588.543285938168
coarse,Aanchor_B,1.2238461375236511,-0.07507171027677657,56.95097984537268,42.88798717707248,0.8742136194862575,585.2970680350634,1594.2073362831304
coarse,Banchor_A,1.22615385055542,-0.07940858939017974,49.65481443921432,42.89332626409008,0.8699252433808572,571.7478453941076,1591.0120073017565
coarse,Banchor_B,1.22615385055542,-0.07775932219262785,57.063178149333226,42.89117421305728,0.8716512428604783,581.9899238336117,1596.6745363508164
coarse,Aanchor_A,1.22615385055542,-0.07944727179145034,49.627245104161105,42.89335680016963,0.8699007772787165,571.3413180651901,1590.3622468971234
coarse,Aanchor_B,1.22615385055542,-0.0777978417795523,57.03550349313443,42.89120384056882,0.8716274576124662,581.583543783361,1596.0268752411575
coarse,Banchor_A,1.2284615635871887,-0.08218079909462007,49.79598464809132,42.89655295888348,0.8673437541210354,568.6652541713947,1592.9420990797191
coarse,Banchor_B,1.2284615635871887,-0.08055344645976645,57.21553755272016,42.8944350387602,0.8690373124736066,578.9245856858104,1598.6051083315242
coarse,Aanchor_A,1.2284615635871887,-0.08221980951169156,49.76838265971836,42.8965836790013,0.8673192136062658,568.2604749125167,1592.291762586642
coarse,Aanchor_B,1.2284615635871887,-0.08059229754939974,57.18782967991325,42.894464856842966,0.8690134460219113,578.5199505564591,1597.9568733033327
coarse,Banchor_A,1.2307692766189575,-0.08496965675375148,49.94707961689716,42.899807523969194,0.8647477274731676,565.6030917971758,1594.8743939587646
coarse,Banchor_B,1.2307692766189575,-0.08347125476291567,57.37789261376464,42.89788096509927,0.8662835207513837,575.8796985599215,1600.5378830876314
coarse,Aanchor_A,1.2307692766189575,-0.08500900829948091,49.919442509448274,42.89983844976638,0.8647230965988847,565.2000543546861,1594.223480992383
coarse,Aanchor_B,1.2307692766189575,-0.08351089002441249,57.35014379022397,42.897911595526985,0.8662590817943316,575.4768021440069,1599.889073756574
coarse,Banchor_A,1.2330769300460815,-0.08718201643133663,49.980070425020344,42.90229031539407,0.8627725374536018,563.1839906944625,1596.4693253878613
coarse,Banchor_B,1.2330769300460815,-0.08566968496177052,57.41981944366378,42.9003450517011,0.8643197129718018,573.4698315131374,1602.1332886674088
coarse,Aanchor_A,1.2330769300460815,-0.08722151634364805,49.95245843806618,42.902321176279195,0.8627480144196983,562.7826911621614,1595.8179344324944
coarse,Aanchor_B,1.2330769300460815,-0.0857094613996207,57.392096757252055,42.900375606872295,0.8642953893238745,573.0686702491383,1601.484003110571
coarse,Banchor_A,1.2353845834732056,-0.08939745348761835,50.02196977203477,42.9047808532564,0.8607957174414959,560.7765944815229,1598.069197105814
coarse,Banchor_B,1.2353845834732056,-0.08787113295132275,57.47069811424594,42.902816801756025,0.862354270237719,571.0717089603504,1603.7336338155885
coarse,Aanchor_A,1.2353845834732056,-0.08943706910861937,49.99438175785922,42.90481160167645,0.8607713397580488,560.3770294598249,1597.4173276544116
coarse,Aanchor_B,1.2353845834732056,-0.08791105147646534,57.44300043915289,42.90284728334821,0.8623300603402441,570.6722794845073,1603.083871528518
coarse,Banchor_A,1.2376922965049744,-0.09255054536285874,50.19223503148627,42.908353216907656,0.85796812271752,557.473133948702,1600.1412066688474
coarse,Banchor_B,1.2376922965049744,-0.09083921464797898,57.65559566197864,42.90612145329836,0.8597335159328283,567.7948305459873,1605.8062874037455
coarse,Aanchor_A,1.2376922965049744,-0.09260141151682112,50.164589026229024,42.908400048139015,0.8579311166409531,557.0755281515425,1599.4889177169484
coarse,Aanchor_B,1.2376922965049744,-0.09087951263212721,57.627850191315254,42.90615212895457,0.8597092259468362,567.3973571336529,1605.1561080385588
coarse,Banchor_A,1.2400000095367432,-0.09551602973668702,50.374573184965605,42.91165584263909,0.85536229418685,554.1939713875273,1602.216395993095
coarse,Banchor_B,1.2400000095367432,-0.09379109416453979,57.852409776807875,42.90940667218462,0.857136067283686,564.5423538079505,1607.882120743343
coarse,Aanchor_A,1.2400000095367432,-0.09555692321443657,50.346877352549605,42.91168769901648,0.8553371975342872,553.7983171678795,1601.5636863428815
coarse,Aanchor_B,1.2400000095367432,-0.0938317813054951,57.82461549771761,42.90943755630117,0.8571116861185503,564.1468288638374,1607.2315231037896
coarse,Banchor_A,1.242307722568512,-0.09807525566610488,50.44175733965392,42.914494432356136,0.8531289234940023,551.4290476763799,1604.079088873619
coarse,Banchor_B,1.242307722568512,-0.09636197468609602,57.926542313613645,42.91226356021844,0.8548836574341445,561.7784967729359,1609.7450847020216
coarse,Aanchor_A,1.242307722568512,-0.09811645965711036,50.41400993222924,42.914526431939265,0.8531037798472323,551.0348383714169,1603.42583313579
coarse,Aanchor_B,1.242307722568512,-0.09640297435488787,57.89869687834268,42.91229459239494,0.8548592237629533,561.3844141236178,1609.0939428751494
coarse,Banchor_A,1.2446154356002808,-0.10063193641786601,50.51795526748685,42.91733243298301,0.8509018458590549,548.6797300255788,1605.9447431895344
coarse,Banchor_B,1.2446154356002808,-0.09889612837202114,58.009643690820155,42.915069856215624,0.8526768977892547,559.0303095296842,1611.611010491318
coarse,Aanchor_A,1.2446154356002808,-0.10067344746953312,50.49015466265102,42.91736457241975,0.8508766582479502,548.286958475555,1605.290940765532
coarse,Aanchor_B,1.2446154356002808,-0.09893742493262955,57.98174726881536,42.91510101230639,0.8526524298774918,558.6376620725039,1610.959323879925
coarse,Banchor_A,1.2469230890274048,-0.10356233881318425,50.64177817745664,42.92053782023011,0.8483934577647815,545.3329257293608,1607.8492193693146
coarse,Banchor_B,1.2469230890274048,-0.10181467863912437,58.14611585676156,42.918260054583705,0.8501751704097905,555.7032472905089,1613.5160100292835
coarse,Aanchor_A,1.2469230890274048,-0.10360393067248669,50.614015038313326,42.92056976975773,0.8483684927951274,544.9429342656344,1607.1948481162904
coarse,Aanchor_B,1.2469230890274048,-0.10185605032263288,58.118257600451216,42.918291012216095,0.8501509296825657,555.3133750971747,1612.8637567586452
coarse,Banchor_A,1.2492307424545288,-0.10649258551612988,50.7761669185656,42.92374677315757,0.8458896861887845,542.0231043050807,1609.756234381599
coarse,Banchor_B,1.2492307424545288,-0.10473298895825334,58.29322197249137,42.92145370916787,0.8476780846085783,552.4131505016954,1615.4235482777372
coarse,Aanchor_A,1.2492307424545288,-0.1065342572801796,50.74844023611941,42.9237785319242,0.8458649435117688,541.6358692849807,1609.1012936574039
coarse,Aanchor_B,1.2492307424545288,-0.10477443585301358,58.26540089793177,42.92148446894753,0.847654069547058,552.0260300064066,1614.7707277065542
coarse,Banchor_A,1.2515384554862976,-0.10926815780954496,50.9330930930276,42.926658977065856,0.8436238480661461,539.1320806564437,1611.7835011837703
coarse,Banchor_B,1.2515384554862976,-0.10749828172381731,58.46178645467909,42.924352903038454,0.8454175863156702,549.5400224918676,1617.4512377924043
coarse,Aanchor_A,1.2515384554862976,-0.10931016228253046,50.90535184577526,42.92669095353865,0.8435990025118858,538.7465948477787,1611.12792435648
coarse,Aanchor_B,1.2515384554862976,-0.10754002061774978,58.43395193785144,42.92438382077561,0.845393512303543,549.1546482890992,1616.7977832744525
coarse,Banchor_A,1.2538461685180664,-0.11204007491773758,51.09941842327592,42.92956908937268,0.8413657001550506,536.2578764086112,1613.8155226875685
coarse,Banchor_B,1.2538461685180664,-0.11025937936484911,58.63980076662115,42.927249152228356,0.8431654028695119,546.6837525385139,1619.4836819267962
coarse,Aanchor_A,1.2538461685180664,-0.11208238163413742,51.07166141566243,42.92960124096457,0.8413407854050575,535.8741363220354,1613.1593048958682
coarse,Aanchor_B,1.2538461685180664,-0.11030141435036121,58.61195164878036,42.927280235959486,0.8431412640857101,546.3001211771181,1618.8295886029794
coarse,Banchor_A,1.2561538815498352,-0.11516778531893121,51.33950947108482,42.932913294406724,0.8387781742275557,532.8851327368656,1615.962930815955
coarse,Banchor_B,1.2561538815498352,-0.11337471721734738,58.892646386351224,42.93057742347337,0.8405846781200641,543.3304134412227,1621.631541895784
coarse,Aanchor_A,1.2561538815498352,-0.11521024854296089,51.31172025190751,42.93294534648167,0.838753412978962,532.5038595249765,1615.306212524763
coarse,Aanchor_B,1.2561538815498352,-0.11341697267752747,58.864766345325236,42.930608501307496,0.840560617784596,542.9492448765701,1620.9769504185845
coarse,Banchor_A,1.258461594581604,-0.11828823793466622,51.591621473817504,42.93625173380109,0.8362030464654727,529.5399759610136,1618.1120384236674
coarse,Banchor_B,1.258461594581604,-0.11648124777826822,59.15756172492434,42.93389736631093,0.8380182805443472,540.004685400268,1623.781100851867
coarse,Aanchor_A,1.258461594581604,-0.11833098908754736,51.56379881167052,42.93628388713891,0.8361782832487633,529.1611568501835,1617.4548192308146
coarse,Aanchor_B,1.258461594581604,-0.1165237481944115,59.12964959416622,42.93392848201902,0.8379942644357986,539.6259669260945,1623.12601081857
coarse,Banchor_A,1.260769248008728,-0.1209255666260079,51.75942771835255,42.93893101737629,0.8341420826794571,526.7631011648759,1620.1527510088974
coarse,Banchor_B,1.260769248008728,-0.11914235750241987,59.33606874229232,42.936613399475355,0.835924548269615,537.2406993794822,1625.8222412046541
coarse,Aanchor_A,1.260769248008728,-0.12096847919954994,51.73162846246093,42.93896315740265,0.8341173907224199,526.3863077090413,1619.4948309977847
coarse,Aanchor_B,1.260769248008728,-0.11918503180900145,59.30817935911056,42.93664451949052,0.8359005888477073,536.8640034252883,1625.1664525214994
coarse,Banchor_A,1.263076901435852,-0.12364490600686194,51.93565423518738,42.941733432947096,0.8319918379747243,524.0073397085945,1622.196191624097
coarse,Banchor_B,1.263076901435852,-0.12185173721726211,59.52313421940642,42.93940308513411,0.8337794844817669,534.4978434575388,1627.8661093300138
coarse,Aanchor_A,1.263076901435852,-0.12368798350973569,51.90787272201761,42.941765564272366,0.831967216335798,523.6325652569103,1621.5375701481316
coarse,Aanchor_B,1.263076901435852,-0.12189457159826349,59.49526366837365,42.93943418942547,0.8337555986166502,534.1231634207054,1627.2096213512646
coarse,Banchor_A,1.2653846144676208,-0.12676971075168766,52.18131986317548,42.94494725077555,0.8295327537915007,520.7715498859656,1624.272145339836
coarse,Banchor_B,1.2653846144676208,-0.1249662727748347,59.77981222453727,42.942603731855364,0.8313252014014859,531.2743403630585,1629.9423875954897
coarse,Aanchor_A,1.2653846144676208,-0.12681320072116484,52.153416538715895,42.944979611434846,0.8295080297133529,520.3986937111512,1623.6130644130421
coarse,Aanchor_B,1.2653846144676208,-0.12500947817372887,59.751821731431804,42.94263500498132,0.8313012565765796,530.9015756302116,1629.2854423175984
coarse,Banchor_A,1.2676923274993896,-0.12989789973623503,52.437986059731124,42.94817009602539,0.8270740610351789,517.5602552919029,1626.3484620196166
coarse,Banchor_B,1.2676923274993896,-0.12808487155494264,60.04756077580676,42.94581438186881,0.8288705059319723,528.0753761673383,1632.0190287214964
coarse,Aanchor_A,1.2676923274993896,-0.12994173407669943,52.40995915235563,42.94820258725744,0.8270493107753679,517.1893078799628,1625.6889214272885
coarse,Aanchor_B,1.2676923274993896,-0.12812845010963334,60.019448563565064,42.94584582798123,0.8288464997529882,527.7045173029667,1631.3616259276657
coarse,Banchor_A,1.2699999809265137,-0.1326557897598809,52.67088688818115,42.95090285919355,0.8249949597911835,514.7131293004302,1628.2801846922755
coarse,Banchor_B,1.2699999809265137,-0.13083017320856405,60.29332670722473,42.948530891296926,0.8267992660766856,525.247931431232,1633.9512471760681
coarse,Aanchor_A,1.2699999809265137,-0.13269983240405706,52.64287347151276,42.950935390362694,0.8249702414034197,514.3442942823721,1627.6200888458516
coarse,Aanchor_B,1.2699999809265137,-0.13087395410896724,60.265229272348215,42.9485623686203,0.8267752961192566,524.8791818837553,1633.2932912252495
coarse,Banchor_A,1.2723076343536377,-0.13541215980199872,52.914063260950094,42.95363707015153,0.8229199876634326,511.9002126616351,1630.2151223515104
coarse,Banchor_B,1.2723076343536377,-0.13355943578183263,60.54944034132248,42.95122759382507,0.8247482475851206,522.4547056847194,1635.88668074183
coarse,Aanchor_A,1.2723076343536377,-0.1354564102157439,52.88606193110911,42.95366964080137,0.8228953015227065,511.5334841558047,1629.554469902167
coarse,Aanchor_B,1.2723076343536377,-0.13358443619483457,60.52135792749049,42.951231295315516,0.8247454358592704,522.0880596174399,1635.2281702865241
coarse,Banchor_A,1.2746153473854065,-0.1387753570826167,53.16828624849232,42.95704227964625,0.8203430953937223,508.53423106710187,1632.510834458855
coarse,Banchor_B,1.2746153473854065,-0.13680541903134305,60.816182397586246,42.954463543536974,0.8222938109980785,519.1069719141946,1638.1826828910232
coarse,Aanchor_A,1.2746153473854065,-0.13881980046864983,53.1402664617863,42.95707480920682,0.82031851759984,508.1702484727309,1631.84947235563
coarse,Aanchor_B,1.2746153473854065,-0.1369070889515376,60.788082360455135,42.95457923650673,0.8222061943705875,518.7430669735527,1637.5234651500025
coarse,Banchor_A,1.2769230604171753,-0.14201713461513513,53.432614111866435,42.96027324378997,0.8179055241775273,505.19295051699726,1634.807813033189
coarse,Banchor_B,1.2769230604171753,-0.140154962918055,61.09285209346491,42.95785436780818,0.8197297402957564,515.7839530457605,1640.4799510009066
coarse,Aanchor_A,1.2769230604171753,-0.1420899728245118,53.40458077034633,42.96034706619429,0.8178499142610615,504.83169986029094,1634.1457410982862
coarse,Aanchor_B,1.2769230604171753,-0.14019923658565836,61.064739210091375,42.95788566975314,0.8197061076995276,515.4227753136279,1639.8200257952828
coarse,Banchor_A,1.279230773448944,-0.14507960679508977,53.72671617107922,42.96319915695409,0.8157043459767441,502.203299510742,1637.100035940968
coarse,Banchor_B,1.279230773448944,-0.14314280604033722,61.39818847888322,42.9606730716014,0.8176043818116225,512.8068622701738,1642.7724969730443
coarse,Aanchor_A,1.279230773448944,-0.14512438890583348,53.69864235635528,42.96323156112603,0.8156800013621611,501.8441449326832,1636.4373578866587
coarse,Aanchor_B,1.279230773448944,-0.14318726335867776,61.370039493008,42.96070433423547,0.8175808400908062,512.4477776721295,1642.1119679623282
coarse,Banchor_A,1.281538486480713,-0.14812538748808776,54.03097281897898,42.96610356927792,0.8135252017544945,499.2337498518929,1639.3946641149134
coarse,Banchor_B,1.281538486480713,-0.14617846832891224,61.71379334650598,42.963565001269785,0.8154295365659451,509.84992015193694,1645.0674481436865
coarse,Aanchor_A,1.281538486480713,-0.14817040921049612,54.002857323732286,42.96613600992515,0.8135008948466997,498.87668438775506,1638.7313794845322
coarse,Aanchor_B,1.281538486480713,-0.14622319533503816,61.68560444980146,42.963596344933876,0.8154059966117149,509.492921783557,1644.4063148712005
coarse,Banchor_A,1.283846139907837,-0.15107791281583166,54.30693991143467,42.968962878311245,0.8113855846981344,496.2070215260014,1641.4527058720043
coarse,Banchor_B,1.283846139907837,-0.14914834186037712,62.000603072961695,42.96645147661082,0.8132645619781967,506.83442770193244,1647.1258138369237
coarse,Aanchor_A,1.283846139907837,-0.1511230130342447,54.278842896435954,42.96899517456255,0.811361449624718,495.8526848383162,1640.7887993747245
coarse,Aanchor_B,1.283846139907837,-0.14919309016788881,61.97243218113243,42.966482588718755,0.8132412579636477,506.48015346969925,1646.4640607995123
coarse,Banchor_A,1.286153793334961,-0.15405785537791572,54.59249828307097,42.971865691112065,0.8092191701470753,493.20184169441876,1643.5129496617042
coarse,Banchor_B,1.286153793334961,-0.15211751245271646,62.29711245346757,42.969340382806024,0.8111035194410832,503.84052981148807,1649.1863817293656
coarse,Aanchor_A,1.286153793334961,-0.15410294532391142,54.564417399070464,42.9718977098289,0.8091953063601703,492.85021973258836,1642.8484208117577
coarse,Aanchor_B,1.286153793334961,-0.15216231677600886,62.268958826452916,42.96937131469309,0.811080411981856,503.488965737356,1648.5240084415038
coarse,Banchor_A,1.2884615063667297,-0.1574915922821172,54.81888546604251,42.97511610475752,0.8068001997447466,489.7599908597578,1645.8692351974034
coarse,Banchor_B,1.2884615063667297,-0.15553935265883215,62.53602664243756,42.9725754568272,0.8086903415717309,500.41323841982256,1651.5429558750686
coarse,Aanchor_A,1.2884615063667297,-0.15753701448071106,54.79077021605765,42.975148357597355,0.8067762333236093,489.4107025786192,1645.2039057023585
coarse,Aanchor_B,1.2884615063667297,-0.15558444635962257,62.50784033458025,42.97260656025275,0.8086671750977409,500.0640040321519,1650.87978433069
coarse,Banchor_A,1.2907692193984985,-0.16092572424017215,55.055321228638704,42.978370752716344,0.8043853232195248,486.3431637930991,1648.227481898893
coarse,Banchor_B,1.2907692193984985,-0.158959059376976,62.78507524907992,42.975811076917985,0.8062839378180913,497.01101420931934,1653.9014912225698
coarse,Aanchor_A,1.2907692193984985,-0.1609714431431768,55.027170146586045,42.97840318792606,0.8043612934258864,485.9961981389755,1647.561351141764
coarse,Aanchor_B,1.2907692193984985,-0.15900444135029854,62.75685496370598,42.97584235061961,0.8062607138341843,496.66409852898914,1653.2375208043145
coarse,Banchor_A,1.2930769324302673,-0.16442471681216222,55.42778921514003,42.981752125487354,0.8018840751296755,482.988459769011,1650.6407901120876
coarse,Banchor_B,1.2930769324302673,-0.16244549123572039,63.170005559204895,42.97917615422696,0.8037888496732263,493.67329785751076,1656.3149997127002
coarse,Aanchor_A,1.2930769324302673,-0.16447069794505387,55.399569591396336,42.981784599195784,0.8018600916241855,482.6438051911242,1649.973944124747
coarse,Aanchor_B,1.2930769324302673,-0.16249112796921691,63.14171854917954,42.979207455440346,0.8037656771903319,493.3286896931429,1655.650316496909
coarse,Banchor_A,1.2953846454620361,-0.16792101413377583,55.81198017755968,42.98513380571846,0.7993903783354832,479.66389340642974,1653.05491964843
coarse,Banchor_B,1.2953846454620361,-0.1659284754161702,63.566714794314805,42.98254044938332,0.8013020599592728,490.36571752130806,1658.7293289297293
coarse,Aanchor_A,1.2953846454620361,-0.16796725719603206,55.78369081920475,42.98516631809084,0.7993664409477347,479.3215388346833,1652.3873583236289
coarse,Aanchor_B,1.2953846454620361,-0.1659743666743309,63.53835994055799,42.982571778381406,0.8012789386629535,490.02340587665867,1658.0639328072252
coarse,Banchor_A,1.2976922988891602,-0.170961376870191,56.082943818580674,42.98783250650867,0.7974058847267169,476.6695923346445,1655.318322557923
coarse,Banchor_B,1.2976922988891602,-0.1689577781986112,63.84956568450658,42.98522503530884,0.7993232119348229,487.3848342045346,1660.9930566651042
coarse,Aanchor_A,1.2976922988891602,-0.17100771638231604,56.05467581761701,42.987864916366696,0.7973820820519242,476.3298393141125,1654.650010091374
coarse,Aanchor_B,1.2976922988891602,-0.16900372460901925,63.821233403003724,42.985256201619485,0.7993002675051616,487.04511998248813,1660.3269116902
coarse,Banchor_A,1.2999999523162842,-0.17404947224422984,56.363182000879206,42.99060437436001,0.7953727161813294,473.6966012018385,1657.5831253514068
coarse,Banchor_B,1.2999999523162842,-0.1720318761309727,64.14187023789228,42.98797844059549,0.7972987123961975,484.4253055722162,1663.258184177036
coarse,Aanchor_A,1.2999999523162842,-0.17409586830642212,56.33493178428871,42.990636624064976,0.7953490915159876,473.359436788097,1656.9140612968624
coarse,Aanchor_B,1.2999999523162842,-0.17207790797939887,64.11355716043234,42.98800948942003,0.7972759123516219,484.0881758962026,1662.5912899027883
fine,Banchor_A,0.699999988079071,-0.1782040108960232,295.0092174377877,42.39717818715942,1.3738558397465006,667.8888537150092,1833.4134324175616
fine,Banchor_B,0.699999988079071,-0.17693266967924298,301.8776130644392,42.39548957347466,1.3759942199006387,676.4513949115906,1839.039479428106
fine,Aanchor_A,0.699999988079071,-0.17816048697185993,294.90475980764563,42.39715645026628,1.3738833451906298,667.6453920106113,1832.6259408853996
fine,Aanchor_B,0.699999988079071,-0.17688923359639816,301.7733050061946,42.39546737300155,1.3760223556806321,676.2080205090873,1838.2542982730045
fine,Banchor_A,0.7011538445949554,-0.17665144691770232,293.829766439428,42.39801182585958,1.372801384881685,668.2745247006308,1831.4913262221721
fine,Banchor_B,0.7011538445949554,-0.17538312976180834,300.6953322744495,42.39632714299059,1.3749331459593657,676.8340975100766,1837.1172352901
fine,Aanchor_A,0.7011538445949554,-0.17660820831881224,293.72574900961484,42.39799043009234,1.3728284378879028,668.0304544059171,1830.7048112463006
fine,Aanchor_B,0.7011538445949554,-0.17533997523267308,300.5914635239235,42.39630527820499,1.3749608349330125,676.5901146706641,1836.3330288274544
fine,Banchor_A,0.7023077011108398,-0.17513004961972892,292.65177855912316,42.398892307092,1.371688558513403,668.6655317724912,1829.5678179958272
fine,Banchor_B,0.7023077011108398,-0.17382952225690357,299.51454865099527,42.39715970631532,1.3738792250140885,677.2221316520054,1835.1935888522496
fine,Aanchor_A,0.7023077011108398,-0.1750870592140173,292.54820202967187,42.39887119707444,1.3717152285746343,668.4208470126797,1828.7822798570387
fine,Aanchor_B,0.7023077011108398,-0.17378668355753002,299.4111181417945,42.39713822742812,1.3739064044418905,676.9775345123828,1834.4103573607024
fine,Banchor_A,0.7034615576267242,-0.1735944752474363,291.4752650327748,42.39975292069366,1.3706017143174636,669.0609591590226,1827.6430744631516
fine,Banchor_B,0.7034615576267242,-0.17237016996457313,298.33529683330363,42.398131913009394,1.3726495554701763,677.6145813196056,1833.268706837918
fine,Aanchor_A,0.7034615576267242,-0.17355179146528926,291.3721278020208,42.399732182592764,1.370627893741128,668.8156542847252,1826.8585133284405
fine,Aanchor_B,0.7034615576267242,-0.17232757953182326,298.23230834046404,42.39811071961607,1.3726763496267305,677.3693642409843,1832.486450482415
fine,Banchor_A,0.7046154141426086,-0.17209379643978964,290.300465347512,42.40066574343138,1.3694498777859432,669.461239365134,1825.7170278239391
fine,Banchor_B,0.7046154141426086,-0.17082025193941486,297.1576787282038,42.39897177135269,1.3715881692770575,678.0118792914509,1831.3425214524664
fine,Aanchor_A,0.7046154141426086,-0.17205135665709953,290.1977681683746,42.40064528501462,1.369475682433677,669.2153087579957,1824.9334439166507
fine,Aanchor_B,0.7046154141426086,-0.17077794292839085,297.0551267904265,42.39895091298574,1.3716145194752234,677.7660366665341,1830.5612404542856
fine,Banchor_A,0.7057692557573318,-0.1703485757804688,289.06966807439585,42.40119693265685,1.3687800473990912,669.801827891653,1823.6445176340428
fine,Banchor_B,0.7057692557573318,-0.16922957676228187,295.9232434461691,42.399729776057725,1.3706309317421614,678.3475692082294,1829.2698288814947
fine,Aanchor_A,0.7057692557573318,-0.17030631974414318,288.9674121076327,42.4011766886859,1.3688055690697503,669.5553108009086,1822.8619249292203
fine,Aanchor_B,0.7057692557573318,-0.16918758832754038,295.82113925286785,42.39970931880608,1.3706567571737145,678.101140210424,1828.4895370682952
fine,Banchor_A,0.706923097372055,-0.16875585501411997,287.8408602585057,42.401953478251556,1.3678266078726922,670.1475054995803,1821.5711708862111
fine,Banchor_B,0.706923097372055,-0.16764906295501514,294.6907279350233,42.40050387328319,1.3696540614346862,678.6883492282575,1827.1962994933112
fine,Aanchor_A,0.706923097372055,-0.16871395522600321,287.7390521054599,42.40193368754623,1.3678515407246412,669.9003971398619,1820.789569391843
fine,Aanchor_B,0.706923097372055,-0.16760728068194672,294.5890710536076,42.40048364871194,1.3696795749286916,678.4413290817121,1826.416996871314
fine,Banchor_A,0.7080769389867783,-0.16716309041169983,286.61397891020465,42.4027111052166,1.3668724710987832,670.4982791128976,1819.4976128324638
fine,Banchor_B,0.7080769389867783,-0.16590778449256108,293.46021279713705,42.40104252978015,1.3689747158685523,679.0342262885293,1825.1225586026658
fine,Aanchor_A,0.7080769389867783,-0.16712136778619402,286.5126176267165,42.40269150423748,1.366897147701163,670.2505746908396,1818.7170025042776
fine,Aanchor_B,0.7080769389867783,-0.16586615091929818,293.35899442827446,42.401022467756334,1.3690000117525525,678.7866102093939,1824.3442451263115
fine,Banchor_A,0.7092307806015015,-0.16556337024517054,285.3890328715952,42.40345974494041,1.3659303064060342,670.8541928999764,1817.4259814772145
fine,Banchor_B,0.7092307806015015,-0.16431147610512,292.23168266857454,42.40179553039471,1.3680256074047143,679.3852446318082,1823.0507444680586
fine,Aanchor_A,0.7092307806015015,-0.16552189285342217,285.28811717171,42.403440432734136,1.3659546026967229,670.605887516899,1816.6463591504482
fine,Aanchor_B,0.7092307806015015,-0.1642701244197598,292.13090894958856,42.40177581113965,1.3680504538551994,679.1370277305813,1822.2734169749097
fine,Banchor_A,0.7103846222162247,-0.16381957592330407,284.23036773791017,42.4040237660915,1.3652209135473141,671.422261359718,1815.4143199266205
fine,Banchor_B,0.7103846222162247,-0.16257095840191568,291.0697151460101,42.40236377651229,1.3673098056812034,679.9502852936391,1821.0389065642364
fine,Aanchor_A,0.7103846222162247,-0.16377814768920426,284.1298840348474,42.40400444228467,1.365245211806745,671.1735113066663,1814.6355743969011
fine,Aanchor_B,0.7103846222162247,-0.1625296916115406,290.96937225331766,42.402344098142414,1.3673345876418734,679.7016236305576,1820.2624538914067
fine,Banchor_A,0.7115384638309479,-0.1617996714836012,283.07373365047465,42.404182797680036,1.3650209594979423,671.9967209780683,1813.4008658864695
fine,Banchor_B,0.7115384638309479,-0.1608301972953928,289.90962660135705,42.402932808280696,1.3665933896091218,680.521719698881,1819.0252759119408
fine,Aanchor_A,0.7115384638309479,-0.16175826133960108,282.9736677662272,42.404163417351405,1.3650453252607957,671.7475217357791,1812.6229972967226
fine,Aanchor_B,0.7115384638309479,-0.16078898135012695,289.8097137237016,42.4029131205931,1.3666181703132576,680.2726087663381,1818.2496981998
fine,Banchor_A,0.7126923054456711,-0.16005558281978438,281.919928358364,42.404748702018765,1.3643096725367252,672.5767434587979,1811.3859378448021
fine,Banchor_B,0.7126923054456711,-0.15881729532676833,288.75229831544317,42.40310280411928,1.3663794361624386,681.0987194958885,1817.0101710491865
fine,Aanchor_A,0.7126923054456711,-0.16001425779911663,281.8202928240673,42.40472936271062,1.3643339740567733,672.327090886297,1810.6089453779634
fine,Aanchor_B,0.7126923054456711,-0.15877610026304906,288.65280149256716,42.40308306385937,1.3664042791494262,680.8491551632278,1816.2354674787482
fine,Banchor_A,0.7138461470603943,-0.15831112876325004,280.76799992845037,42.405315263735154,1.363597930599808,673.162380548523,1809.3695482254525
fine,Banchor_B,0.7138461470603943,-0.1570760941187137,287.59709790391116,42.40367356263543,1.3656613356264924,681.6813365569265,1814.993604416351
fine,Aanchor_A,0.7138461470603943,-0.1582698890880677,280.6687939295231,42.40529596564412,1.3636221676757592,672.9122705012127,1808.5934306052964
fine,Aanchor_B,0.7138461470603943,-0.15703494953063923,287.49802945057115,42.403653812233905,1.3656861783138226,681.4313146899455,1814.2197737096421
fine,Banchor_A,0.7149999886751175,-0.1566454951727207,279.5807453006617,42.405958616883694,1.3627901697875922,673.7420370505642,1807.35264541624
fine,Banchor_B,0.7149999886751175,-0.15541360934282838,286.40688988099595,42.40432100735437,1.3648472091024066,682.2579073195169,1812.9765489661763
fine,Aanchor_A,0.7149999886751175,-0.15660458626367482,279.4820113324811,42.405939769562174,1.3628138267010457,673.4911013647423,1806.5774526017644
fine,Aanchor_B,0.7149999886751175,-0.15537279212811766,286.3082925624017,42.40430170284149,1.364871476456341,682.0070602099587,1812.2036410925202
fine,Banchor_A,0.7161538302898407,-0.1549728932277533,278.3955889738292,42.406592906345466,1.361994257303983,674.3288986219279,1805.3344398976576
fine,Banchor_B,0.7161538302898407,-0.15374411075437686,285.2187737888503,42.40495932535802,1.3640450340478107,682.8416769579844,1810.95819052844
fine,Aanchor_A,0.7161538302898407,-0.15493234100608486,278.2973254820931,42.40657454772977,1.3620172873369205,674.0771297972213,1804.5601719189158
fine,Aanchor_B,0.7161538302898407,-0.15370361864774476,285.12064605400906,42.40494046321375,1.3640687313672883,682.5899971212762,1810.1862055158554
fine,Banchor_A,0.7173076719045639,-0.15329983772305436,277.21254427712506,42.40722771708455,1.3611981561277433,674.9227785163145,1803.3149548903768
fine,Banchor_B,0.7173076719045639,-0.15207419192769556,284.03277230378563,42.405598214699765,1.3632426130952302,683.4324586569705,1808.9385523542896
fine,Aanchor_A,0.7173076719045639,-0.15325964595138442,277.11475001395127,42.407209852468384,1.3612205533569595,674.6701690218005,1802.5416119140032
fine,Aanchor_B,0.7173076719045639,-0.15203398919952743,283.9351129062809,42.40557974214227,1.3632658073036064,683.1799385777994,1808.1674903674605
fine,Banchor_A,0.7184615135192871,-0.15162658799623374,276.031621775489,42.40786343333025,1.3604013857032073,675.5249087202038,1801.2945915345413
fine,Banchor_B,0.7184615135192871,-0.15040397822407617,282.84889633569145,42.4062378625357,1.3624397123800902,684.0314844647025,1806.9180356199845
fine,Aanchor_A,0.7184615135192871,-0.15158664999797755,275.9342954989008,42.40784590556716,1.3604233477466239,675.2714509831848,1800.5221736101034
fine,Aanchor_B,0.7184615135192871,-0.15036413645940472,282.7517040349627,42.40621988459187,1.362462272249878,683.7781165874457,1806.147896707002
fine,Banchor_A,0.7196153700351715,-0.15008579662489738,274.83169325018025,42.40859841450788,1.3594807835741216,675.8861609597737,1799.320467500503
fine,Banchor_B,0.7196153700351715,-0.14886561501183224,281.64655765265235,42.406975973363494,1.3615138062988956,684.3906872055102,1804.9437852056506
fine,Aanchor_A,0.7196153700351715,-0.1500460162616486,274.73481079899733,42.408581012834006,1.3595025728731391,675.6322743292016,1798.5490159528338
fine,Aanchor_B,0.7196153700351715,-0.1488259658351747,281.5498080635377,42.40695817295727,1.3615361282012157,684.1368903667503,1804.1746107637912
fine,Banchor_A,0.7207692265510559,-0.1485527497356612,273.6335481504694,42.40934584451546,1.3585452275371446,676.2515920835671,1797.343931285285
fine,Banchor_B,0.7207692265510559,-0.14733510397746505,280.44601536661304,42.40772669055242,1.3605727319091838,684.7540636998327,1802.9671222087643
fine,Aanchor_A,0.7207692265510559,-0.14851312803366903,273.5371089667957,42.409328570284764,1.358566842373467,675.9972731170595,1796.5734461599088
fine,Aanchor_B,0.7207692265510559,-0.1472955793420347,280.34970793050445,42.40770896746336,1.3605949414923295,684.4998344658487,1802.198912280157
fine,Banchor_A,0.7219230830669403,-0.14701238996392385,272.4371939047994,42.41008362819048,1.3576223772022775,676.6212078234647,1795.3660065222005
fine,Banchor_B,0.7219230830669403,-0.14579713924758206,279.24725530701494,42.40846755656744,1.3596446443495602,685.1216196396722,1800.9890703976982
fine,Aanchor_A,0.7219230830669403,-0.1469728898580149,272.34119673008126,42.41006642673875,1.3576438863503277,676.366453058199,1794.5964876500032
fine,Aanchor_B,0.7219230830669403,-0.14575780757283843,279.15138876869025,42.40845001126178,1.3596666161448456,684.8669545563037,1800.221824811011
fine,Banchor_A,0.7230769395828247,-0.14547219266169734,271.2426688245723,42.41082265344224,1.3566986023207634,676.9949850443282,1793.3870146271993
fine,Banchor_B,0.7230769395828247,-0.14425944656016426,278.05032665510544,42.40920982602403,1.3587154335659295,685.4933319733619,1799.0099512247662
fine,Aanchor_A,0.7230769395828247,-0.14543285003048056,271.1471127323303,42.410805577393575,1.3567199401313992,676.7397910259523,1792.6184617494328
fine,Aanchor_B,0.7230769395828247,-0.14422025912801448,277.95490008944074,42.409192386712476,1.3587372576996024,685.2382275949133,1798.243669719382
fine,Banchor_A,0.7242307811975479,-0.14409123010502245,269.95244617744083,42.41173385330025,1.3555604759825515,677.1510175367679,1791.4057108197617
fine,Banchor_B,0.7242307811975479,-0.14288020865192225,276.7582933894049,42.41012319672434,1.357572900959409,685.648678675254,1797.0285290444328
fine,Aanchor_A,0.7242307811975479,-0.14405220276150893,269.8573767596696,42.41171717181791,1.3555813032624655,676.8952156301999,1790.6381275998103
fine,Aanchor_B,0.7242307811975479,-0.1428413860071659,276.6633523347362,42.410106224761066,1.3575941223734227,685.3929661569817,1796.2632152887804
fine,Banchor_A,0.7253846228122711,-0.14270973436914175,268.66431136089193,42.41264554732749,1.354422687950566,677.3168627398225,1789.4232253902558
fine,Banchor_B,0.7253846228122711,-0.14150059660660855,275.4683474969662,42.41103729583821,1.356430419078239,685.8138116523976,1795.04592503851
fine,Aanchor_A,0.7253846228122711,-0.1426710228862682,268.5697274407776,42.41262926101883,1.3544430047745861,677.0604454600201,1788.6566117469533
fine,Aanchor_B,0.7253846228122711,-0.1414614396726331,275.37389075454905,42.41101976297259,1.3564523233899626,685.557483524174,1794.2815789494243
fine,Banchor_A,0.7265384644269943,-0.1413272274821309,267.37827720746634,42.41355703625602,1.3532861105592322,677.4895041196118,1787.432253542173
fine,Banchor_B,0.7265384644269943,-0.14011984968537772,274.18050094420465,42.411951008480656,1.3552893810861864,685.9857267799395,1793.0548335489373
fine,Aanchor_A,0.7265384644269943,-0.1412888678396069,267.28417757534214,42.41354119780913,1.353305852100899,677.232465571174,1786.6666110398114
fine,Aanchor_B,0.7265384644269943,-0.14008158838594637,274.08652735441945,42.41193472312213,1.3553097097248625,685.7287771582306,1792.291456681804
fine,Banchor_A,0.7276923060417175,-0.1399115653699361,266.0943682356749,42.41442108965538,1.3522095633278035,677.6668077934161,1785.4109751369747
fine,Banchor_B,0.7276923060417175,-0.13873920885428598,272.89474937657957,42.412866208364896,1.3541474480297666,686.1622976652792,1791.0334318933703
fine,Aanchor_A,0.7276923060417175,-0.1398735438828011,266.00075024880647,42.414405678823535,1.3522287565922468,677.4091424567051,1784.646310029331
fine,Aanchor_B,0.7276923060417175,-0.1387013343479147,272.80125776365406,42.412850422005135,1.3541671371716528,685.9047210415591,1790.2710304727568
fine,Banchor_A,0.7288461476564407,-0.1383696745624845,264.88895292166995,42.41510355196651,1.3513598706605625,678.0257200043126,1783.3198743872872
fine,Banchor_B,0.7288461476564407,-0.13716672746342937,271.68672989706135,42.413503222645716,1.3533531867199549,686.5186356844462,1788.9421885653312
fine,Aanchor_A,0.7288461476564407,-0.1383317491937277,264.7957635273661,42.415088160204895,1.3513790281283993,677.7675474150366,1782.5561817198277
fine,Aanchor_B,0.7288461476564407,-0.13712896368571426,271.5936642643386,42.41348747695564,1.3533728136185241,686.2605517910721,1788.1807575733585
fine,Banchor_A,0.7299999892711639,-0.13682778183680094,263.6853895273457,42.41578714986649,1.3505092993976915,678.3890273039215,1781.2359180978192
fine,Banchor_B,0.7299999892711639,-0.1356273806932533,270.4805824011485,42.41419010262173,1.3524972723513078,686.8793669989456,1786.8580903114205
fine,Aanchor_A,0.7299999892711639,-0.13679003849460017,263.5926277356299,42.41577190337545,1.350528264107915,678.1303429321551,1780.4731971650021
fine,Aanchor_B,0.7299999892711639,-0.13558980793956046,270.3879432422669,42.41417451539185,1.3525166894409568,686.6207713151845,1786.0976290469616
fine,Banchor_A,0.7311538308858871,-0.13528594724164206,262.4836911307153,42.41647197529267,1.349657737585317,678.7566722432143,1779.1508671918748
fine,Banchor_B,0.7311538308858871,-0.13408813160766417,269.2763033840326,42.414878269203136,1.3516402975922899,687.2444337924875,1784.7728972208834
fine,Aanchor_A,0.7311538308858871,-0.1352483255539177,262.3913559467263,42.416456785114434,1.3496766203350388,678.4974715182504,1778.3891178295876
fine,Aanchor_B,0.7311538308858871,-0.13405064584902943,269.18408970536905,42.41486268729615,1.3516596957522018,686.9853217567459,1784.0134055178833
fine,Banchor_A,0.7323076725006104,-0.13374449666018212,261.28387069000104,42.417158511186045,1.348804587817703,679.1287152956829,1777.0647321425402
fine,Banchor_B,0.7323076725006104,-0.13254884686972018,268.0739059558358,42.415567529931955,1.3507825045853439,687.6139074572209,1782.6866197655934
fine,Aanchor_A,0.7323076725006104,-0.13370706539506633,261.19196113008513,42.417143478309434,1.3488232632134611,678.86899363466,1776.3039541786034
fine,Aanchor_B,0.7323076725006104,-0.13251151874858422,267.98211675890064,42.41555205707231,1.3508017547650324,687.3542744957466,1781.9280974499334
fine,Banchor_A,0.7334615290164948,-0.13207064796755955,260.0950646701491,42.41768648040592,1.3481488537773807,679.7406055603916,1775.0323044243758
fine,Banchor_B,0.7334615290164948,-0.1308774053189982,266.88318010372683,42.41609866697837,1.3501218697381658,688.2253639018207,1780.6540867441806
fine,Aanchor_A,0.7334615290164948,-0.13203340961731358,260.003625013073,42.417671652015684,1.3481672661815336,679.4801847461118,1774.2724731651153
fine,Aanchor_B,0.7334615290164948,-0.13084033898818642,266.7918596816589,42.416083499999004,1.350140730133054,687.9650320027677,1779.8965091293433
fine,Banchor_A,0.7346153855323792,-0.13026139159335184,258.90808847580934,42.41801628986058,1.3477393945448868,680.3578430799372,1772.9978291277343
fine,Banchor_B,0.7346153855323792,-0.12921132728762372,265.69417804023243,42.41663862635224,1.3494505927649327,688.8421615858406,1778.6195059588526
fine,Aanchor_A,0.7346153855323792,-0.13022440471868935,258.81711170907494,42.41800175092872,1.3477574420432974,680.0967174014005,1772.2389446015752
fine,Aanchor_B,0.7346153855323792,-0.12917447947559918,265.6033255548732,42.41662369758259,1.3494691477099228,688.5811250515155,1777.8628730704734
fine,Banchor_A,0.7357692420482635,-0.1285890942734963,257.72295598156376,42.418548326849766,1.3470791314441524,680.9824111793602,1770.961954140577
fine,Banchor_B,0.7357692420482635,-0.1273994900104056,264.50704561305747,42.416965113197165,1.3490448665590336,689.4662847400787,1776.5835252990928
fine,Aanchor_A,0.7357692420482635,-0.12855229947018287,257.63244705034725,42.41853399028828,1.3470969190155782,680.7205749323476,1770.2040164047141
fine,Aanchor_B,0.7357692420482635,-0.12736277218562872,264.41665367370877,42.41695029844048,1.3490632742603885,689.2045378824597,1775.8278371920594
fine,Banchor_A,0.736923098564148,-0.1269149435941769,256.53959137836404,42.4190786359306,1.3464213345862592,681.6125294365498,1768.9247607942468
fine,Banchor_B,0.736923098564148,-0.12572732891758742,263.3217633490302,42.417497977478206,1.3483829364825668,690.0959525438676,1774.5462260999707
fine,Aanchor_A,0.736923098564148,-0.12687834462827471,256.4495490816521,42.41906450711425,1.3464388558436884,681.3499768866486,1768.1677698656647
fine,Aanchor_B,0.736923098564148,-0.12569086288456607,263.2318369085891,42.4174834528575,1.348400974825236,689.8334896423977,1773.7914827890363
fine,Banchor_A,0.7380769401788712,-0.12548586874838052,255.28761337395824,42.41986297720869,1.3454490243065365,681.9186101678148,1766.8989734066197
fine,Banchor_B,0.7380769401788712,-0.12429971570400421,262.06859501633966,42.4182842343421,1.3474068323849615,690.4023463950158,1772.5203926038857
fine,Aanchor_A,0.7380769401788712,-0.12544954805733574,255.1980398684215,42.41984914761076,1.3454661621135406,681.6554007607186,1766.1428992889882
fine,Aanchor_B,0.7380769401788712,-0.12426349779575274,261.97913616652215,42.41826996455729,1.3474245414120876,690.1392266298221,1771.7665642012792
fine,Banchor_A,0.7392307817935944,-0.12405659486689397,254.03772664112756,42.42064829485981,1.3444762071235545,682.2301191522777,1764.8722487113093
fine,Banchor_B,0.7392307817935944,-0.12287192662380504,260.81751729533744,42.41907150178319,1.3464301816706528,690.7141632996153,1770.4936217728186
fine,Aanchor_A,0.7392307817935944,-0.12402052070073565,253.94862069650992,42.42063471751289,1.344493020170725,681.966247356491,1764.1170910955886
fine,Aanchor_B,0.7392307817935944,-0.12283602438696198,260.72852480778386,42.419057585894635,1.3464474389863368,690.4503811524211,1769.7407079676757
fine,Banchor_A,0.7403846234083176,-0.12262718982844621,252.789945804731,42.421434692776025,1.3435027565955953,682.5467856597613,1762.844548348157
fine,Banchor_B,0.7403846234083176,-0.12144574095501383,259.56854557104907,42.41986240043983,1.3454497390411924,691.0311314134691,1768.4658752467517
fine,Aanchor_A,0.7403846234083176,-0.12259139730590228,252.70130618431952,42.421421419065,1.3435191817422296,682.2822458200601,1762.0903069516128
fine,Aanchor_B,0.7403846234083176,-0.1214100506327015,259.4800182854893,42.419848685604876,1.345466734640662,690.7666812419158,1767.7138757544833
fine,Banchor_A,0.7415384650230408,-0.12119763196954848,251.54426645365834,42.422222187490306,1.3425286546743518,682.8687468685829,1760.8157933356606
fine,Banchor_B,0.7415384650230408,-0.12000378619563713,258.3216770197621,42.42063143225435,1.3444970883908294,691.3533882522584,1766.4370740436266
fine,Aanchor_A,0.7415384650230408,-0.12116205083513397,251.45609192141058,42.422209113809394,1.3425448205688322,682.6035329948387,1760.0624679227374
fine,Aanchor_B,0.7415384650230408,-0.11996711079889037,258.23361303473405,42.42061615816397,1.3445160028512733,691.0882640782987,1765.6859886267678
fine,Banchor_A,0.742692306637764,-0.11933440196462042,250.28838646276563,42.42233161063614,1.34239335817626,683.0428393968868,1758.8299508114048
fine,Banchor_B,0.742692306637764,-0.11839515368092039,257.06302286024265,42.421115169621736,1.3438981964913128,691.5256982123122,1764.451094544465
fine,Aanchor_A,0.742692306637764,-0.11929888079829129,250.20065668337972,42.422318543241644,1.3424095146690276,682.7771365547228,1758.077583143279
fine,Aanchor_B,0.742692306637764,-0.11839514484569306,256.9754138540964,42.421153720257614,1.3438504802872775,691.2600847730422,1763.7009649517856
fine,Banchor_A,0.7438461482524872,-0.1179735689141583,249.03491869618003,42.42318103396165,1.3413435504037043,683.2210186416379,1756.8431239912302
fine,Banchor_B,0.7438461482524872,-0.11679810907151193,255.80741671590926,42.42161693205144,1.3432772704959168,691.7020932781339,1762.464130547201
fine,Aanchor_A,0.7438461482524872,-0.11793827169067377,248.94765367665835,42.4231682039455,1.3413594009952314,682.9548223647671,1756.0917139966966
fine,Aanchor_B,0.7438461482524872,-0.11676295062317621,255.72026054213467,42.421603714656825,1.3432936232100925,691.4359861161546,1761.7149567056701
fine,Banchor_A,0.7449999898672104,-0.11658853286858989,247.7836240965034,42.42399611965863,1.340336952617953,683.4034935067206,1754.855360894514
fine,Banchor_B,0.7449999898672104,-0.1154152657281988,254.5539857752113,42.42243487244293,1.3422656923847247,691.8827823594978,1760.4762300722991
fine,Aanchor_A,0.7449999898672104,-0.11655349057769838,247.69682168571694,42.423983572995624,1.340352441512172,683.1367993100303,1754.1049084993929
fine,Aanchor_B,0.7449999898672104,-0.11538032766082881,254.4672909864545,42.42242188753585,1.342281745362824,691.6161769988527,1759.7280119059408
fine,Banchor_A,0.7461538314819336,-0.1152269820993849,246.53451064363085,42.42484703108123,1.3392869174286612,683.5905268194552,1752.8666438193097
fine,Banchor_B,0.7461538314819336,-0.11405570537961453,253.30277064485304,42.42328831660995,1.3412110174934293,692.0680282380993,1758.4873754161463
fine,Aanchor_A,0.7461538314819336,-0.11519219890056394,246.44817067582912,42.424834773022525,1.3393020381829082,683.3233301804845,1752.1171489553615
fine,Aanchor_B,0.7461538314819336,-0.11402102690816683,253.21653706573795,42.42327562097245,1.3412267005187932,691.8009201657436,1757.7401128549006
fine,Banchor_A,0.747307687997818,-0.11374118381368155,245.2656269900138,42.42553137637048,1.3384430237634881,683.9712940388149,1750.8029285143032
fine,Banchor_B,0.747307687997818,-0.11257101093260229,252.0327855725626,42.42397403262451,1.3403642192495726,692.4502262619817,1756.4235743096467
fine,Aanchor_A,0.747307687997818,-0.11370664728770528,245.17974863750828,42.42551935327339,1.3384578453375173,683.7033817408402,1750.0543737411006
fine,Aanchor_B,0.747307687997818,-0.11253657897489144,251.94701232872274,42.423961571722714,1.3403796025836376,692.1824025590466,1755.6772498275443
fine,Banchor_A,0.7484615445137024,-0.11225506578361348,243.99907833971264,42.42621661174799,1.337598565275511,684.3578028222944,1748.7383265466926
fine,Banchor_B,0.7484615445137024,-0.11108599716319194,250.76513390774494,42.424660639416636,1.339516856658445,692.8381605029283,1754.3588864679155
fine,Aanchor_A,0.7484615445137024,-0.11222070695842501,243.91366027281333,42.426204721938745,1.3376132132892729,684.0891687927588,1747.990711504013
fine,Aanchor_B,0.7484615445137024,-0.11105184448468984,250.6798196722581,42.42464846116155,1.3395318815506618,692.5696151116553,1753.613499702988
fine,Banchor_A,0.7496154010295868,-0.11076856043062916,242.7348808877578,42.42690264226689,1.3367536606033865,684.750067564982,1746.6766372826974
fine,Banchor_B,0.7496154010295868,-0.1096006985738209,249.49983184496676,42.4253481921293,1.3386688634777342,693.2318453292132,1752.2971117658178
fine,Aanchor_A,0.7496154010295868,-0.11073448226448436,242.64992177058102,42.42689103687807,1.3367679491836397,684.4807057151136,1745.929958839902
fine,Aanchor_B,0.7496154010295868,-0.10956676096045381,249.4149752847381,42.42533620186352,1.3386836470725132,692.9625721756837,1751.552659591018
fine,Banchor_A,0.7507692575454712,-0.10896812718492432,241.47377108566118,42.42712829400086,1.3364758680449207,685.1476414297786,1744.6146089447052
fine,Banchor_B,0.7507692575454712,-0.10780169290145407,248.23718212118052,42.425575833479144,1.3383882203144783,693.6308337543602,1750.234997980858
fine,Aanchor_A,0.7507692575454712,-0.10893419770885986,241.3892569006634,42.427116781427934,1.3364900394038595,684.8775456727719,1743.8688664099602
fine,Aanchor_B,0.7507692575454712,-0.10776793262617745,248.15276931147915,42.42556397821504,1.338402834391442,693.3608267657604,1749.4914797033048
fine,Banchor_A,0.7519230991601944,-0.10726035130674062,240.21072462846666,42.427465332093796,1.3360610588408266,685.8164703841829,1742.501947210838
fine,Banchor_B,0.7519230991601944,-0.10609696757606417,246.97159551225334,42.42591694135696,1.337967802301504,694.2965838964444,1748.1222348091726
fine,Aanchor_A,0.7519230991601944,-0.10722661543193669,240.12670647487315,42.42745402393722,1.336074974252555,685.5455934397572,1741.7571163134842
fine,Aanchor_B,0.7519230991601944,-0.10606340650757723,246.88767750319252,42.42590529872926,1.3379821497502165,694.025796130514,1747.3796261227126
fine,Banchor_A,0.7530769407749176,-0.10554421836117253,238.9501515263584,42.427791482882185,1.3356597717487642,686.4913973089662,1740.3880616737915
fine,Banchor_B,0.7530769407749176,-0.10438382327327445,245.70847407404327,42.42624704846447,1.3375610685636254,694.968429304798,1746.0082476631458
fine,Aanchor_A,0.7530769407749176,-0.10551067994538689,238.86662767031686,42.42778038381662,1.3356734257570695,686.2197323622262,1739.644142250139
fine,Aanchor_B,0.7530769407749176,-0.10435039071460926,245.62504914070027,42.42623551358514,1.3375752789099393,694.6968539616147,1745.266548401839
fine,Banchor_A,0.7542307823896408,-0.10382803947292371,237.69206846180427,42.428118972439,1.3352569587423044,687.172058988048,1738.273356445503
fine,Banchor_B,0.7542307823896408,-0.10267207907035891,244.44785045543532,42.42658062143124,1.3371501900468812,695.6460213641944,1743.8934407247339
fine,Aanchor_A,0.7542307823896408,-0.10379473352147568,237.60903749568536,42.428108133645225,1.335270288542852,686.8995994053709,1737.5303483139169
fine,Aanchor_B,0.7542307823896408,-0.10263887949381265,244.36491724911014,42.42656934758049,1.3371640745520441,695.3736518241442,1743.152650705106
fine,Banchor_A,0.755384624004364,-0.102111927188355,236.436471689709,42.4284480141023,1.3348523589875338,687.8594153280577,1736.1576830365725
fine,Banchor_B,0.755384624004364,-0.1009587888636646,243.18971657124845,42.42691337699803,1.3367404441147503,696.330302827811,1741.7776654743832
fine,Aanchor_A,0.755384624004364,-0.10207874917532235,236.3539322054124,42.428437281619246,1.3348655540445615,687.58615421516,1735.4155860138492
fine,Aanchor_B,0.755384624004364,-0.10092575299131668,243.10727362795538,42.42690226205709,1.3367541287160993,696.0571322113933,1741.0377845112191
fine,Banchor_A,0.7565384656190872,-0.1009101617064304,235.24595901776746,42.42947091827802,1.3335953473452795,687.9594632156632,1734.2592608751665
fine,Banchor_B,0.7565384656190872,-0.09975743303548228,241.99874424950497,42.42793673964045,1.3354810905643977,696.4327774894195,1739.8791819241276
fine,Aanchor_A,0.7565384656190872,-0.10087729642766168,235.1638571022092,42.429460527707604,1.3336081100058703,687.6857017727192,1733.5180346783623
fine,Aanchor_B,0.7565384656190872,-0.09972464071358283,241.91673757859726,42.427925864865664,1.335494466860377,696.1591061897931,1739.1401699527291
fine,Banchor_A,0.7576923072338104,-0.09970851244844137,234.05744906483247,42.43049521960413,1.3323378049290435,688.0640786580818,1732.368874493971
fine,Banchor_B,0.7576923072338104,-0.09856218807631363,240.80977595178604,42.42897031128749,1.3342103780341266,696.5398169698915,1737.9887352088326
fine,Aanchor_A,0.7576923072338104,-0.09967575124199292,233.97578351672206,42.43048486391162,1.3323505127547242,687.7898085168715,1731.628514629484
fine,Aanchor_B,0.7576923072338104,-0.09852963761407021,240.72820459264818,42.428959673942536,1.3342234498332437,696.2656366340577,1737.2505877419849
fine,Banchor_A,0.7588461488485336,-0.09850674436476134,232.8709584069705,42.431520577221775,1.3310801533569725,688.1729061300274,1730.4862139883185
fine,Banchor_B,0.7588461488485336,-0.09736081066809317,239.62283227430493,42.42999610078318,1.332950428645276,696.6510661630174,1736.1060153522574
fine,Aanchor_A,0.7588461488485336,-0.09847419045473445,232.78972801833706,42.43151040790973,1.3310926206881468,687.8981201812813,1729.7467179600335
fine,Aanchor_B,0.7588461488485336,-0.09732843602486702,239.54169478125647,42.42998560352782,1.332963316111504,696.3763696953548,1735.3687299005048
fine,Banchor_A,0.7599999904632568,-0.09730494897317528,231.68648553359995,42.43254717325778,1.3298221721070052,688.2853039847804,1728.6028297144567
fine,Banchor_B,0.7599999904632568,-0.09615936856673753,238.43790497845225,42.431023073688976,1.331690217586938,696.7658842195918,1734.2225717488686
fine,Aanchor_A,0.7599999904632568,-0.09727264399751188,231.60568909642618,42.43253725128225,1.3298343247121025,688.0099973733381,1727.8641969220153
fine,Aanchor_B,0.7599999904632568,-0.09612716748501013,238.3572001463179,42.431012712944835,1.3317029254319859,696.4906667757184,1733.4861477104105
fine,Banchor_A,0.76115383207798,-0.09563965407038712,230.46757133524525,42.43289097067633,1.3294011517419988,688.9669486963323,1726.539239768138
fine,Banchor_B,0.76115383207798,-0.0944958936409953,237.2175302239694,42.43136927928819,1.3312656530283378,697.4475373102646,1732.1589359822956
fine,Aanchor_A,0.76115383207798,-0.09560759394495685,230.3872628933892,42.43288132857832,1.329412957807838,688.6908510550211,1725.8015511200226
fine,Aanchor_B,0.76115383207798,-0.09446394538695403,237.13731214915444,42.43135921008666,1.3312779993462127,697.1715291724109,1731.4234541109047
fine,Banchor_A,0.7623076736927032,-0.09397477794455242,229.25078307435703,42.433236672260094,1.3289779339067869,689.6542214801659,1724.4777861629257
fine,Banchor_B,0.7623076736927032,-0.09283277165759238,235.99928198210856,42.43171729253459,1.3308390081060344,698.1348114952801,1730.097436865387
fine,Aanchor_A,0.7623076736927032,-0.09394290284687508,229.1709612854141,42.433227221748844,1.3289895017033844,689.3773267352611,1723.7410404003888
fine,Aanchor_B,0.7623076736927032,-0.09280110512053566,235.91954932379153,42.43170755700067,1.330850941471005,697.8580066043545,1729.362895903329
fine,Banchor_A,0.7634615153074265,-0.09231034555563576,228.03613708084472,42.433584319302085,1.3285524702572937,690.3483408027683,1722.415446063608
fine,Banchor_B,0.7634615153074265,-0.0911694970308111,234.78317603749636,42.432066374813466,1.3304111899713311,698.8289235955411,1728.0350512311138
fine,Aanchor_A,0.7634615153074265,-0.09227868762422933,227.95680059427727,42.433575107287666,1.3285637425132844,690.070637216037,1721.6796428568985
fine,Aanchor_B,0.7634615153074265,-0.0911379846840184,234.70392742409007,42.43205678515658,1.3304229407475439,698.5513102357813,1727.3014508467384
fine,Banchor_A,0.7646153569221497,-0.0906456222213374,226.8236481440887,42.4339328361258,1.3281260788569031,691.0483912280048,1720.3522461570099
fine,Banchor_B,0.7646153569221497,-0.08951551690874303,233.56922925136539,42.432430415491226,1.3299651860498882,699.5289598104653,1725.9718057681514
fine,Aanchor_A,0.7646153569221497,-0.09061417929016845,226.74479557889933,42.43392385908338,1.3281370600633715,690.7698727175812,1719.6173851630454
fine,Aanchor_B,0.7646153569221497,-0.0894842406534444,233.49046365228904,42.43242109163712,1.3299766072906625,699.2505319149368,1725.2391456164999
fine,Banchor_A,0.7657692134380341,-0.08963389451474921,225.501169765813,42.43512279613902,1.3266712584573668,690.8098723535472,1718.3975060736404
fine,Banchor_B,0.7657692134380341,-0.08849552118816179,232.24671622295426,42.43360815124165,1.328523308814068,699.2928643380116,1724.0170491124632
fine,Aanchor_A,0.7657692134380341,-0.0896026377275862,225.42274562953202,42.43511390910367,1.3266821176537098,690.5309046827924,1717.663529635402
fine,Aanchor_B,0.7657692134380341,-0.08846444253830267,232.16837729786928,42.433598934290316,1.3285345868635692,699.0139866960684,1723.2852716941188
fine,Banchor_A,0.7669230699539185,-0.08861322986516218,224.18162804411284,42.43630120639214,1.32523212903457,690.5760807865925,1716.4420924284832
fine,Banchor_B,0.7669230699539185,-0.08747490896552652,230.9271273009361,42.43478657128997,1.327082158375303,699.0614932709382,1722.0616189540794
fine,Aanchor_A,0.7669230699539185,-0.08858224166314897,224.10363055572634,42.43629253048311,1.3252427187517453,690.29665877097,1715.7090002602963
fine,Aanchor_B,0.7669230699539185,-0.08744406404928502,230.84921359981402,42.4347775141353,1.3270932288714796,698.7821607093697,1721.3307239817952
fine,Banchor_A,0.7680769264698029,-0.0875366426554396,222.86517590815788,42.43739902027736,1.3238928322948482,690.3467393290929,1714.4860291322002
fine,Banchor_B,0.7680769264698029,-0.08639841373466238,229.61055040821,42.43588447801384,1.3257408786111216,698.834569229841,1720.1055392031008
fine,Aanchor_A,0.7680769264698029,-0.08750591258816716,222.78760126425686,42.437390540417596,1.323903172255285,690.066857893474,1713.7538209240129
fine,Aanchor_B,0.7680769264698029,-0.08636793046593273,229.53305829825365,42.43587576895443,1.3257515128722988,698.5547766849616,1719.3755263652579
fine,Banchor_A,0.7692307829856873,-0.08628147122427642,221.55233482377272,42.43823583784221,1.322872851614933,690.1222959531862,1712.5294102623395
fine,Banchor_B,0.7692307829856873,-0.08514343063701574,228.2973405334924,42.436721572529756,1.3247191362102353,698.6125405498428,1718.1489039521828
fine,Aanchor_A,0.7692307829856873,-0.08625100244478404,221.4751748856076,42.43822755905011,1.3228829386241072,689.841950885939,1711.798085597866
fine,Aanchor_B,0.7692307829856873,-0.08511310486399234,228.2202618284318,42.43671291183302,1.3247297032673244,698.332283821522,1717.4197728309243
fine,Banchor_A,0.7703846246004105,-0.08483647298524966,220.36890173026612,42.438849570279636,1.3221252846171616,690.5935287667604,1710.6206620747491
fine,Banchor_B,0.7703846246004105,-0.08369880706813237,227.1136747163194,42.43733575674965,1.3239699749475933,699.0873329173252,1716.2401428742446
fine,Aanchor_A,0.7703846246004105,-0.08480616181078314,220.29221057755382,42.43884143128491,1.3221351956904148,690.3125246356608,1709.890198883103
fine,Aanchor_B,0.7703846246004105,-0.08366867341041141,227.03706340106115,42.437327286482784,1.323980303812661,698.8064170456857,1715.5118713826928
fine,Banchor_A,0.7715384662151337,-0.08312756582391743,219.18921181848816,42.43907668352661,1.321848752654935,691.0699064530329,1708.7126400668915
fine,Banchor_B,0.7715384662151337,-0.08199052889075426,225.9333929461604,42.43756378451979,1.3236919421997768,699.5672710870111,1714.3321083296278
fine,Aanchor_A,0.7715384662151337,-0.08309741459609,219.11297849537138,42.43906868876076,1.3218584860598999,690.7882373054322,1707.9830379882665
fine,Aanchor_B,0.7715384662151337,-0.08196048614916292,225.85723812670892,42.437555356973554,1.3237022168118653,699.2856901341404,1713.6046961080292
fine,Banchor_A,0.7726923078298569,-0.0816828582325845,218.0122901012348,42.4396935450904,1.3210979569325008,691.5514439554221,1706.8354442202262
fine,Banchor_B,0.7726923078298569,-0.08054616209323627,224.75623669737558,42.438181048277436,1.3229396095035184,700.0523791013039,1712.4549037613879
fine,Aanchor_A,0.7726923078298569,-0.08165289931335867,217.93652272575866,42.439685740384334,1.321107453547103,691.2691038097759,1706.1066824783188
fine,Aanchor_B,0.7726923078298569,-0.08051634663889898,224.68054643710704,42.43817286209745,1.3229495841755647,699.7701270997771,1711.7283300721149
fine,Banchor_A,0.7738461494445801,-0.0802380862132159,216.83777364151462,42.44031172984414,1.3203459785433231,692.0381637801601,1704.9585387597658
fine,Banchor_B,0.7738461494445801,-0.07910180036171925,223.58148440016575,42.43879973730206,1.3221859687422646,700.5426735651419,1710.577989830876
fine,Aanchor_A,0.7738461494445801,-0.0802083231142795,216.76247078552544,42.44030412002257,1.320355232754867,691.7551466154268,1704.230616555157
fine,Aanchor_B,0.7738461494445801,-0.07907214419734797,223.50625727387057,42.438791692217414,1.3221957659079153,700.2597445085988,1709.8522538741345
fine,Banchor_A,0.7749999910593033,-0.07876560497881678,215.59157327706524,42.440886311527855,1.3196474240453686,692.5550895668971,1703.0474688625031
fine,Banchor_B,0.7749999910593033,-0.07765745249684909,222.3333309262777,42.439415315144124,1.3214365438862006,701.0573752014973,1708.6668380092544
fine,Aanchor_A,0.7749999910593033,-0.07873610167937962,215.5167353134494,42.44087896892425,1.3196563485710946,692.271152764008,1702.3204094546695
fine,Aanchor_B,0.7749999910593033,-0.07762805958181339,222.25856838095146,42.43940754208282,1.3214460044199765,700.7735270075974,1707.9419629892375
fine,Banchor_A,0.7761538326740265,-0.07731838722108293,214.3484341089827,42.44149960726662,1.318902210246144,693.0792701098483,1701.135636340563
fine,Banchor_B,0.7761538326740265,-0.07618663756203319,221.08827138054625,42.439993567662675,1.32073294704575,701.5793307581704,1706.7549234595222
fine,Aanchor_A,0.7761538326740265,-0.07728917912670553,214.27406025852218,42.441492583409236,1.3189107425313815,692.7944052130416,1700.4094396732964
fine,Aanchor_B,0.7761538326740265,-0.07615754169295272,221.01397080729478,42.439986116282164,1.32074201123415,701.2945549876184,1706.0309093183214
fine,Banchor_A,0.7773076742887497,-0.07584565706460962,213.10836447440622,42.4420769826271,1.3182010277719305,693.6107271703762,1699.2233502228291
fine,Banchor_B,0.7773076742887497,-0.07471620671030067,219.84624942733055,42.440573972024104,1.3200271086429272,702.1085638490996,1704.8425552128454
fine,Aanchor_A,0.7773076742887497,-0.07581668071006521,213.0344521682762,42.442070184175606,1.318209281852217,693.3249256870843,1698.4980158228095
fine,Aanchor_B,0.7773076742887497,-0.07468730546164806,219.7724091846539,42.44056669148253,1.3200359602814922,701.8228520257154,1704.1194014756902
fine,Banchor_A,0.7784615159034729,-0.07437147036812129,211.8713468681549,42.442653808709,1.3175008846042178,694.149727746721,1697.3104841000204
fine,Banchor_B,0.7784615159034729,-0.07324420799792876,218.60727885029877,42.44115366439703,1.3193225126269355,702.6453337239324,1702.929606860345
fine,Aanchor_A,0.7784615159034729,-0.07434268866506412,211.79789439456803,42.442647180851516,1.3175089272896423,693.862981148789,1696.586011576251
fine,Aanchor_B,0.7784615159034729,-0.07321563860288206,218.53389722963507,42.44114675609603,1.3193309072130082,702.3586773368967,1702.207313134712
fine,Banchor_A,0.7796153724193573,-0.0731706428847931,210.62085819686408,42.44348266229001,1.3164954851306472,694.220971894479,1695.4400799071773
fine,Banchor_B,0.7796153724193573,-0.0720433701485069,217.35690717865964,42.44198248109467,1.318315767833201,702.7201262529202,1701.0592076671817
fine,Aanchor_A,0.7796153724193573,-0.07314211414027326,210.54785277190874,42.44347626606962,1.3165032408083421,693.9336582475698,1694.7164681722538
fine,Aanchor_B,0.7796153724193573,-0.07201498478322749,217.28397121650866,42.44197570306983,1.3183239978294623,702.4329025231494,1700.3377729618305
fine,Banchor_A,0.7807692289352417,-0.07197014656234528,209.3730005404018,42.444313443036975,1.3154885179134823,694.2962534543375,1693.569510994912
fine,Banchor_B,0.7807692289352417,-0.0708777626440512,216.10920691172362,42.44286450928881,1.317245232020159,702.7989553241321,1699.1886439140878
fine,Aanchor_A,0.7807692289352417,-0.07194183507056215,209.30044071838876,42.44430722436284,1.3154960525409665,694.0083676941034,1692.8467594707067
fine,Aanchor_B,0.7807692289352417,-0.07084964413448366,216.036716344303,42.44285798273996,1.3172531502337783,702.5111591997638,1698.4680676498772
fine,Banchor_A,0.7819230854511261,-0.07066020031960751,208.12773922284813,42.44498483881594,1.314675299738959,694.3755553995303,1691.6985432430872
fine,Banchor_B,0.7819230854511261,-0.06971922457993217,214.86407243093285,42.443758415289636,1.3161611668304496,702.8818027717878,1697.3176814789806
fine,Aanchor_A,0.7819230854511261,-0.07066021282958933,208.0556203351325,42.44502011517925,1.3146325856709404,694.0870924724861,1690.976651349629
fine,Aanchor_B,0.7819230854511261,-0.06969131129754617,214.7920260255107,42.443752049468,1.3161688836881533,702.5934292113438,1696.597963074735
fine,Banchor_A,0.7830769419670105,-0.06947015656820603,206.88548245729413,42.44583391220073,1.313647592045996,694.4600848060966,1689.8275766140787
fine,Banchor_B,0.7830769419670105,-0.06834266198585859,213.62173866553232,42.44433331039443,1.3154644466507013,702.9698749942892,1695.446720348361
fine,Aanchor_A,0.7830769419670105,-0.06944226012041027,206.8138060372095,42.44582802198732,1.3136547187178529,694.1710396138745,1689.1065434250554
fine,Aanchor_B,0.7830769419670105,-0.06831521004496464,213.55012763853014,42.44432748069549,1.3154715098602006,702.6809189129372,1694.7278588770087
fine,Banchor_A,0.7842307835817337,-0.06845340751288297,205.67135875423054,42.44695728876511,1.312289105762783,694.5801648031679,1688.050736879909
fine,Banchor_B,0.7842307835817337,-0.06713206371650764,212.4078905401085,42.4451717613903,1.3144489820221499,703.09345731683,1693.6699090139211
fine,Aanchor_A,0.7842307835817337,-0.06842563898320697,205.6001180009499,42.446951443126245,1.312296171188823,694.2905444830583,1687.3305191625768
fine,Aanchor_B,0.7842307835817337,-0.06710452261301496,212.33670715927065,42.445165657668895,1.314456371526983,702.803925811893,1692.9518613574053
fine,Banchor_A,0.7853846251964569,-0.06752119584469118,204.45958131538413,42.44820721614376,1.3107792341394455,694.7049424569561,1686.2739605903585
fine,Banchor_B,0.7853846251964569,-0.06619479678230927,211.19668230954952,42.44641335204424,1.312946706625307,703.2217402728642,1691.8931613609252
fine,Aanchor_A,0.7853846251964569,-0.0674936710871803,204.38877778556832,42.448201562519515,1.3107860596211014,694.4147415285483,1685.5545580843714
fine,Aanchor_B,0.7853846251964569,-0.06616737679189974,211.12593425862204,42.44640728167375,1.3129540473542887,702.9316278767316,1691.1759272582058
fine,Banchor_A,0.7865384668111801,-0.06636817200634343,203.2504139516294,42.449134089696415,1.3096607228775237,694.834101777095,1684.4970251460054
fine,Banchor_B,0.7865384668111801,-0.06524706628735191,209.9877636268578,42.44764186660919,1.3114619426964806,703.3544156470072,1690.1162547969534
fine,Aanchor_A,0.7865384668111801,-0.0663408971111362,203.18003884949857,42.449128659627476,1.30966727287168,694.5433147172547,1683.7784374429639
fine,Aanchor_B,0.7865384668111801,-0.06521990119651168,209.91744931868797,42.447636004488075,1.31146902357807,703.0637168484927,1689.3998338387328
fine,Banchor_A,0.7876923084259033,-0.06521476381265032,202.04388850759497,42.45006191831745,1.3085420150010663,694.9679505269821,1682.7205036064756
fine,Banchor_B,0.7876923084259033,-0.0640936679328546,208.78143770939423,42.448569691561936,1.3103417006511313,703.4917895154331,1688.3397624576335
fine,Aanchor_A,0.7876923084259033,-0.06518770481905976,201.97394037399744,42.450056661543094,1.3085483505425495,694.6765717786453,1682.0027301626203
fine,Aanchor_B,0.7876923084259033,-0.0640667531611596,208.71154895540292,42.448564053185336,1.310348505452454,703.200498770005,1687.6241540997885
fine,Banchor_A,0.7888461500406265,-0.0637680004345865,200.86584776457934,42.4505492562055,1.307954801456186,695.5679292893653,1680.8308366877498
fine,Banchor_B,0.7888461500406265,-0.06264775280247004,207.60306330445258,42.449058187836556,1.309752282096915,704.0939432978539,1686.450119796297
fine,Aanchor_A,0.7888461500406265,-0.06374117131684912,200.79635395587334,42.450544223815086,1.3079608638444729,695.275597340684,1680.1138339347035
fine,Aanchor_B,0.7888461500406265,-0.06262103709330157,207.53362759876802,42.44905272854114,1.3097588678058287,703.8016999281407,1685.7352803172826
fine,Banchor_A,0.7899999916553497,-0.062321466512409385,199.69058776814856,42.4510384435486,1.3073656244428158,696.1740105331075,1678.9269367647194
fine,Banchor_B,0.7899999916553497,-0.061201840804413335,206.42746797962417,42.449548200612355,1.3091613001039635,704.7021993129706,1684.5462428330645
fine,Aanchor_A,0.7899999916553497,-0.0622948335547155,199.6215464407087,42.451033585503076,1.3073714741656963,695.8807166907995,1678.2107064865704
fine,Aanchor_B,0.7899999916553497,-0.061175351118674046,206.35848347947137,42.44954295960607,1.3091676196308721,704.4089946448531,1683.8321740037113
fine,Banchor_A,0.7911538332700729,-0.06087496256540104,198.51812897926004,42.4515291926499,1.3067748331194826,696.7865992199892,1677.003564855634
fine,Banchor_B,0.7911538332700729,-0.059765637271792335,205.2546785395389,42.45005400664397,1.3085515502775342,705.316964526973,1682.622892023563
fine,Aanchor_A,0.7911538332700729,-0.06084859458579228,198.4495382765418,42.45152460973107,1.3067803490593715,696.4923346178052,1676.288109719737
fine,Aanchor_B,0.7911538332700729,-0.059739442520746706,205.1861436920259,42.45004908470956,1.3085574823073045,705.0227897140005,1681.9095964934315
fine,Banchor_A,0.7923076748847961,-0.0594366825807534,197.34847665013484,42.45203360116693,1.3061678760485393,697.4053350443793,1675.0774093977745
fine,Banchor_B,0.7923076748847961,-0.05831849826463786,204.08469199869015,42.4505452935479,1.3079595751631585,705.9378705158912,1680.6967575423525
fine,Aanchor_A,0.7923076748847961,-0.05941047327055352,197.2803349645112,42.4520291364481,1.3061732472282854,697.110091225127,1674.3627305084858
fine,Aanchor_B,0.7923076748847961,-0.058292465796737906,204.01660459227884,42.45054049527837,1.3079653555326565,705.6427171207374,1679.9842364116637
fine,Banchor_A,0.7934615314006805,-0.05814687395748173,196.14567112708477,42.452733465717934,1.3053261927498727,697.6846998577372,1673.1362985398584
fine,Banchor_B,0.7934615314006805,-0.05703176706177451,202.88154807697114,42.45124958200495,1.3071114113838123,706.2198195148198,1678.7556338127608
fine,Aanchor_A,0.7934615314006805,-0.058120846768581265,196.07796108778697,42.452729126307396,1.3053314098159792,697.3888122904651,1672.4224778448674
fine,Aanchor_B,0.7934615314006805,-0.057005923432840375,202.81389100479066,42.451244918749104,1.3071170254620659,705.9240223081612,1678.0439690375185
fine,Banchor_A,0.7946153879165649,-0.05685898630560517,194.9456027270299,42.45343765633672,1.3044798541721319,697.9686907980401,1671.1950555261851
fine,Banchor_B,0.7946153879165649,-0.055741696113135605,201.6811408051797,42.45195045938059,1.3062679015318035,706.5063964418481,1676.8143780752732
fine,Aanchor_A,0.7946153879165649,-0.05683324778744765,194.87832292435658,42.45343359861784,1.3044847294101465,697.6721540485453,1670.4820924765966
fine,Aanchor_B,0.7946153879165649,-0.05571603220684668,201.61391250125578,42.451945917434195,1.3062733660370602,706.2099500022932,1676.1035691055722
fine,Banchor_A,0.7957692444324493,-0.05557111803750378,193.748286392962,42.45414338264768,1.3036322204466853,698.2573507986433,1669.2537475119989
fine,Banchor_B,0.7957692444324493,-0.0544541185283696,200.48348609018433,42.452656510470725,1.305418715463421,706.7976522319951,1674.873057489423
fine,Aanchor_A,0.7957692444324493,-0.05554549802131122,193.68143534181502,42.45413935601896,1.303637055187062,697.9601594075122,1668.541641493364
fine,Aanchor_B,0.7957692444324493,-0.05442864096325449,200.41668514983957,42.45265209924006,1.305424019251517,706.500551112469,1674.163103709855
fine,Banchor_A,0.7969231009483337,-0.054283089072562914,192.55378519239724,42.45485029078449,1.3027837194191603,698.5506726573371,1667.3124142118072
fine,Banchor_B,0.7969231009483337,-0.053166572561297365,199.28864587421958,42.45336402629667,1.30456832148157,707.0935777388706,1672.9317117678338
fine,Aanchor_A,0.7969231009483337,-0.054257621869425544,192.48736138142547,42.4548463454168,1.3027884535066059,698.2528211656017,1666.6011646205002
fine,Aanchor_B,0.7969231009483337,-0.053141282326323036,199.22227079643235,42.45335974693882,1.30457346336195,706.7958164929601,1672.2226125738543
fine,Banchor_A,0.798076942563057,-0.052979305727418186,191.34229685101155,42.45553050858427,1.3019677761607604,698.9939494139768,1665.4772998081373
fine,Banchor_B,0.798076942563057,-0.05186365600396181,198.07662744641073,42.45404538192858,1.3037498942061607,707.5386171446329,1671.096578298175
fine,Aanchor_A,0.798076942563057,-0.05295409466898057,191.27630620865395,42.45552681157872,1.3019722094570454,698.6951701956676,1664.766809094563
fine,Aanchor_B,0.798076942563057,-0.051838587581865096,198.010684210957,42.454041300360174,1.3037547953546662,707.2399285840087,1670.3882362078018
fine,Banchor_A,0.7992307841777802,-0.05167511497996352,190.13414561404463,42.45621181505273,1.301151039267781,699.4446910212392,1663.641925399422
fine,Banchor_B,0.7992307841777802,-0.0505602635123686,196.8679439677369,42.454727725338074,1.302930794998361,707.9911160365322,1669.2611848831687
fine,Aanchor_A,0.7992307841777802,-0.051650194361357434,190.06858635177494,42.45620841654874,1.301155112056277,699.1449766923223,1662.932193112529
fine,Aanchor_B,0.7992307841777802,-0.05053545123272217,196.80243078999854,42.45472389173928,1.3029353954922203,707.6914927962994,1668.5535994441866
fine,Banchor_A,0.8003846257925034,-0.05037079936322172,188.92935096531062,42.45689463093266,1.3003330069723646,699.9035286243069,1661.8063033075432
fine,Banchor_B,0.8003846257925034,-0.04925641550494836,195.6626150473289,42.45541109170685,1.3021109835772458,708.4517059172163,1667.4255438450236
fine,Aanchor_A,0.8003846257925034,-0.05034610127172073,188.86422129541532,42.45689143073072,1.3003368397029291,699.6028718476365,1661.097328990423
fine,Aanchor_B,0.8003846257925034,-0.04923192737419889,195.59753013606795,42.45540760578341,1.3021151642119786,708.1511406802296,1666.7187145993669
fine,Banchor_A,0.8015384674072266,-0.04906577443659415,187.72791402287126,42.457578141678546,1.2995146572895806,700.3692270330617,1659.970417768843
fine,Banchor_B,0.8015384674072266,-0.047952451854346094,194.46064173861836,42.456096025958765,1.3012898088263116,708.9191509768253,1665.5896394201209
fine,Aanchor_A,0.8015384674072266,-0.049041333142297035,187.66321214266964,42.45757518988132,1.2995181902923092,700.0676203919021,1659.2622009703339
fine,Aanchor_B,0.8015384674072266,-0.04792818656741782,194.39598330985328,42.456092738423145,1.3012937490495937,708.6176363448183,1664.8835659154508
fine,Banchor_A,0.8026923090219498,-0.0477984759308647,186.5311645127397,42.45828636068085,1.2986672683299632,700.6935179488524,1658.0415581576108
fine,Banchor_B,0.8026923090219498,-0.04665513872602767,193.2642495111322,42.4567600823552,1.3004941591902903,709.2476447643534,1663.660822487391
fine,Aanchor_A,0.8026923090219498,-0.04777431510169228,186.4668741704865,42.45828363754865,1.298670525518113,700.3911541543945,1657.3341993317172
fine,Aanchor_B,0.8026923090219498,-0.046631042709770885,193.20000032587532,42.45675686049701,1.3004980183357862,708.9453731524868,1662.9556051110233
fine,Banchor_A,0.803846150636673,-0.0465004594356789,185.337472380061,42.45895103520512,1.2978724832971473,701.0237044224256,1656.112483011047
fine,Banchor_B,0.803846150636673,-0.04538694170912638,192.07091924980182,42.457468592657996,1.2996457828240182,709.5820334842305,1661.731790313181
fine,Aanchor_A,0.803846150636673,-0.04647650267340873,185.2735909941607,42.45894842864402,1.297875599144232,700.7205762649204,1655.405981814014
fine,Aanchor_B,0.803846150636673,-0.0453631263083071,192.00707848105654,42.4574655992401,1.299649366004065,709.2789977013825,1661.0274287201385
fine,Banchor_A,0.8049999922513962,-0.045201883635493656,184.14688363089604,42.45961651968909,1.2970772170526272,701.3598402836603,1654.1837445081471
fine,Banchor_B,0.8049999922513962,-0.04408822449177816,190.88066604566853,42.4581338649292,1.2988496838640804,709.9223709262757,1659.803095145644
fine,Aanchor_A,0.8049999922513962,-0.04517809781892196,184.08340949926023,42.45961398062152,1.2970802503590007,701.0559405837462,1653.4781001710871
fine,Aanchor_B,0.8049999922513962,-0.044064610299994054,190.81723112561414,42.45813098345354,1.2988531309340938,709.6185638118845,1659.0995885663401
fine,Banchor_A,0.8061538338661194,-0.043913670222649304,182.95941146235205,42.46029892783251,1.2962622327621542,701.7018998386334,1652.2564937089503
fine,Banchor_B,0.8061538338661194,-0.042799833009177266,189.69354179733145,42.45881600784807,1.2980339029755639,710.2686314151872,1657.8758881742651
fine,Aanchor_A,0.8061538338661194,-0.04389006071484147,182.89634319783713,42.46029646383165,1.2962651745401603,701.3972213684284,1651.5517053839887
fine,Aanchor_B,0.8061538338661194,-0.04277639836951262,189.63051134182183,42.45881320614414,1.2980372525105257,709.9640457602503,1657.1732357611452
fine,Banchor_A,0.8073076903820038,-0.042816403835180865,181.75308564954005,42.461154618016415,1.295241025320148,701.8719677027698,1650.5080597921137
fine,Banchor_B,0.8073076903820038,-0.04170278478331931,188.48730764378018,42.45967198685164,1.2970109547737996,710.4415667781836,1656.127470616752
fine,Aanchor_A,0.8073076903820038,-0.04279307442465294,181.69045168189285,42.461152422894244,1.295243644018086,701.566628836659,1649.8040335506378
fine,Aanchor_B,0.8073076903820038,-0.04167956268179355,188.42471007806185,42.45966935453121,1.2970140993245294,710.1363207066913,1655.4255786263736
fine,Banchor_A,0.8084615468978882,-0.0417191616004574,180.54999572700885,42.462012044328034,1.294218552895387,702.046872235722,1648.7600419163637
fine,Banchor_B,0.8084615468978882,-0.040605620450344014,187.28430765571315,42.46052949552575,1.2959869868423848,710.6193366305142,1654.3794692742492
fine,Aanchor_A,0.8084615468978882,-0.04169597813297704,180.48779432442083,42.46200992040678,1.2942210846530802,701.7408670581381,1648.0567770852333
fine,Aanchor_B,0.8084615468978882,-0.040582645348527895,187.22214125187904,42.460527082929225,1.2959898666369052,710.3134242413109,1653.6783370329542
fine,Banchor_A,0.8096154034137726,-0.040621763149635226,179.350165296675,42.462870947908925,1.2931951280753453,702.2266083495634,1647.0123650557873
fine,Banchor_B,0.8096154034137726,-0.03950845814302432,186.08456542404915,42.46138871406142,1.2949617879559783,710.8019358487734,1652.6318091118694
fine,Aanchor_A,0.8096154034137726,-0.040598827325131134,179.28839471908634,42.4628690444444,1.2931973952496325,701.9199309129951,1646.30986096175
fine,Aanchor_B,0.8096154034137726,-0.03948566264049951,186.02282844597414,42.46138642172405,1.2949645220385437,710.495351208831,1651.9314359458256
fine,Banchor_A,0.810769259929657,-0.039524370488620564,178.15366144015692,42.46373148361962,1.2921705700923558,702.4112236011492,1645.2651046147143
fine,Banchor_B,0.810769259929657,-0.03841126703865425,184.88814801625063,42.462249513695646,1.2939355157705268,710.9894118514264,1650.884565533482
fine,Aanchor_A,0.810769259929657,-0.03950164891844415,178.09231992370337,42.46372975116202,1.2921726319490998,702.1038679588451,1644.5633605505068
fine,Aanchor_B,0.810769259929657,-0.038388651587418623,184.82683870408806,42.46224734194625,1.2939381039742408,710.6821490286012,1650.184950734914
fine,Banchor_A,0.8119231015443802,-0.038340914050433564,176.98062325410513,42.46446458718919,1.291298373777833,702.6899084202294,1643.485239780568
fine,Banchor_B,0.8119231015443802,-0.03722785725860694,183.71539086737727,42.46298268411673,1.293062048526284,711.2712695430754,1649.1047557826996
fine,Aanchor_A,0.8119231015443802,-0.03831840880112389,176.91969970969825,42.46446302971056,1.2913002261348416,702.381780748478,1642.78426618507
fine,Aanchor_B,0.8119231015443802,-0.037205457944127385,183.65449817416285,42.46298068705793,1.2930644269339528,710.9632349338793,1648.4059097480867
fine,Banchor_A,0.8130769431591034,-0.03715702199827082,175.81096165625772,42.46519876110226,1.2904254940516333,702.9740105524843,1641.7098987811557
fine,Banchor_B,0.8130769431591034,-0.03604401290382671,182.54600767122315,42.46371692613311,1.2921878955547161,711.5585413311637,1647.3294706081765
fine,Aanchor_A,0.8130769431591034,-0.03713466587733047,175.75045433650436,42.46519727944255,1.290427255043627,702.6651042432102,1641.0096943389856
fine,Aanchor_B,0.8130769431591034,-0.03602189784228489,182.48552985431186,42.46371520362076,1.2921899456027552,711.2497283447726,1646.6313920250652
fine,Banchor_A,0.8142307847738266,-0.035972593046696304,174.64469869319453,42.46593386231035,1.2895521029978523,703.263563475982,1639.9348691054108
fine,Banchor_B,0.8142307847738266,-0.034859736324711614,181.38002046214083,42.46445224914113,1.2913130478688806,711.8512734044098,1645.554497056984
fine,Aanchor_A,0.8142307847738266,-0.03595052193233691,174.5846058434057,42.46593265602235,1.2895535357326962,702.9538719407082,1639.2354329810212
fine,Aanchor_B,0.8142307847738266,-0.03483777060984276,181.3199557716234,42.46445060245095,1.2913150063502454,711.5416754686954,1644.857185089103
fine,Banchor_A,0.8153846263885498,-0.03476542286191148,173.4818842438907,42.466637247143346,1.2887169483466954,703.5577716757454,1638.1600583547136
fine,Banchor_B,0.8153846263885498,-0.033652701807029374,180.21744902714255,42.46515585447151,1.290476490697015,712.148655022281,1643.7797427483476
fine,Aanchor_A,0.8153846263885498,-0.0347434960826646,173.42220351255037,42.466636109405,1.2887182987884027,703.2472883992998,1637.4613898405107
fine,Aanchor_B,0.8153846263885498,-0.033630947301064563,180.1577951248124,42.46515437468759,1.2904782495290925,711.8382656376074,1643.083196687412
fine,Banchor_A,0.816538468003273,-0.03401000134688646,172.33988913756863,42.46794670732547,1.2871636186277846,703.696525607182,1636.429964118986
fine,Banchor_B,0.816538468003273,-0.03289722721507348,179.0762801264003,42.46646519043394,1.2889211876144098,712.2914277753356,1642.049687755205
fine,Aanchor_A,0.816538468003273,-0.03398839917685034,172.28060014972888,42.467945872201405,1.2871646086857003,703.3853122061444,1635.7320028180397
fine,Aanchor_B,0.816538468003273,-0.032875786997103335,179.01701645560078,42.466463997899574,1.288922603320778,711.9803083218076,1641.3538472836267
fine,Banchor_A,0.8176923096179962,-0.03296760000434947,171.200843892285,42.46883564132923,1.28611019954672,703.8402843811815,1634.7003815545543
fine,Banchor_B,0.8176923096179962,-0.03185454959719832,177.93767223094594,42.46735374436845,1.2878667809592514,712.4392108498117,1640.3201447262336
fine,Aanchor_A,0.8176923096179962,-0.03294616549135189,171.14193734141676,42.468834878529584,1.2861111031223293,703.5283330901696,1634.0031268948119
fine,Aanchor_B,0.8176923096179962,-0.03183328723107591,177.87878962776665,42.46735263897595,1.287868092142385,712.1273535789254,1639.625009271609
fine,Banchor_A,0.8188461512327194,-0.03192495319996278,170.0650476152309,42.469725871378245,1.2850561086127215,703.989689198853,1632.9712527144313
fine,Banchor_B,0.8188461512327194,-0.030811666695588477,176.80231266673377,42.46824365345871,1.28681163073734,712.5926597879917,1638.591055714614
fine,Aanchor_A,0.8188461512327194,-0.03190372124312665,170.0065217183361,42.46972523188505,1.2850568655045602,703.6769918703816,1632.2747041662503
fine,Aanchor_B,0.8188461512327194,-0.030790572622395377,176.7438093525487,42.46824262079184,1.2868128546519098,712.2800565693785,1637.8966247469127
fine,Banchor_A,0.8199999928474426,-0.030882018367988498,168.93250645142015,42.470617378514106,1.2840013713123228,704.144309330515,1631.242568302335
fine,Banchor_B,0.8199999928474426,-0.029768460679880173,175.67020757360694,42.46913478805513,1.2857558937250044,712.7513297758619,1636.862411425895
fine,Aanchor_A,0.8199999928474426,-0.03086105738679014,168.87435942256315,42.47061696261782,1.284001863155096,703.8308572913818,1630.5467253425434
fine,Aanchor_B,0.8199999928474426,-0.02974760350073514,175.61208176687097,42.469133928651445,1.2857569114526888,712.4379719544845,1636.168684421546
fine,Banchor_A,0.8211538344621658,-0.0295891440190478,167.76456186170057,42.47117261628495,1.2833449100149439,704.687195854825,1629.4465364131229
fine,Banchor_B,0.8211538344621658,-0.02847585812742556,174.50250352081704,42.46969042972659,1.2850980573421855,713.2975208525717,1635.0664513600582
fine,Aanchor_A,0.8211538344621658,-0.029568489695420058,167.7068551398664,42.47117253131366,1.2833450104513793,704.3726427527806,1628.7514722165888
fine,Aanchor_B,0.8211538344621658,-0.02845527344860397,174.44481670386412,42.469689850889026,1.2850987424655376,712.9830626605043,1634.373501409443
fine,Banchor_A,0.822307676076889,-0.028062133864183752,166.6017900678952,42.47138510906085,1.283093767207625,705.2369696504609,1627.6509622890221
fine,Banchor_B,0.822307676076889,-0.02694925355832313,173.33965388485987,42.46990362293176,1.284845742575645,713.8505961449758,1633.2709494931785
fine,Aanchor_A,0.822307676076889,-0.02804165873328109,166.5445155351851,42.47138516844035,1.2830936970345297,704.9213067600904,1626.9566761565152
fine,Aanchor_B,0.822307676076889,-0.026928949100153143,173.28239799352662,42.469903336991734,1.284846080953301,713.5350288791999,1632.5787758964184
fine,Banchor_A,0.8234615176916122,-0.026769336721923442,165.4427536534673,42.47194394309099,1.2824335221514938,705.7935932854796,1625.8573012214788
fine,Banchor_B,0.8234615176916122,-0.025656761801509758,172.18085589706695,42.470462910365626,1.284184059725065,714.410518110165,1631.4773612449258
fine,Aanchor_A,0.8234615176916122,-0.0267491688995668,165.3859149655462,42.47194433319478,1.2824330613746664,705.476811836474,1625.163792213077
fine,Aanchor_B,0.8234615176916122,-0.02563669678667759,172.12403454318766,42.47046285522339,1.2841841249460533,714.0938330228333,1630.7859630628896
fine,Banchor_A,0.8246153593063354,-0.025476245058531105,164.28740702282826,42.47250416641174,1.281771976703584,706.3570471517363,1624.064066989319
fine,Banchor_B,0.8246153593063354,-0.024363976051935302,171.0257460189666,42.47102358775728,1.2835210744718932,714.9772687222934,1629.6842002044573
fine,Aanchor_A,0.8246153593063354,-0.025456452261049384,164.23100190757148,42.47250498633831,1.2817710087350311,706.0391383106696,1623.3713344848427
fine,Aanchor_B,0.8246153593063354,-0.024344253490257334,170.96935693492955,42.47102391439554,1.283520688331109,714.65945700312,1628.9935768163518
fine,Banchor_A,0.8257692158222198,-0.024013487393547344,163.22058009895383,42.47281125902199,1.2814094880632168,706.8243662227814,1622.3848513832831
fine,Banchor_B,0.8257692158222198,-0.023162417994119496,169.95941948490307,42.47171494886356,1.2827040306264832,715.4489832058232,1628.0050726620661
fine,Aanchor_A,0.8257692158222198,-0.02399370173322033,163.16453094691934,42.472811933994606,1.2814086914461038,706.505647503877,1621.6928159543024
fine,Aanchor_B,0.8257692158222198,-0.023142860534040438,169.90339135946704,42.47171536022173,1.282703544642238,715.1303621056754,1627.3151447498494
fine,Banchor_A,0.8269230723381042,-0.022810620625948474,162.15807055235854,42.47350195423665,1.2805945737783169,707.2971121470497,1620.7062080574556
fine,Banchor_B,0.8269230723381042,-0.02170021657481019,168.89727510887852,42.472024391794,1.2823385024856209,715.9261233354293,1626.326517800381
fine,Aanchor_A,0.8269230723381042,-0.022791035393029978,162.10238199893897,42.473502765613006,1.2805936167836371,706.9775771483378,1620.0148692508894
fine,Aanchor_B,0.8269230723381042,-0.021680734133279072,168.84160009490228,42.47202475768281,1.2823380703426845,715.6066864704381,1625.6372849106333
fine,Banchor_A,0.8280769288539886,-0.021607576048428726,161.0988747053611,42.47419400099252,1.2797785846502256,707.7753128306248,1619.0278334797258
fine,Banchor_B,0.8280769288539886,-0.01983113247657573,167.83770430222586,42.47173575348201,1.2826794519929743,716.4087170205156,1624.648232054711
fine,Aanchor_A,0.8280769288539886,-0.021588124458758327,161.0435451456968,42.474194850282714,1.2797775835755925,707.4549551036467,1618.3371909250711
fine,Aanchor_B,0.8280769288539886,-0.019811493643425285,167.78237114523372,42.47173571370933,1.282679498980076,716.0884579604444,1623.9596938163065
fine,Banchor_A,0.829230785369873,-0.019741791820527068,160.0421339805289,42.473911565948384,1.2801115396871017,708.2589674965722,1617.349410566783
fine,Banchor_B,0.829230785369873,-0.018631255376380086,166.78165352258623,42.472433023126335,1.2818559680606314,716.8967632767753,1622.9698983367805
fine,Aanchor_A,0.829230785369873,-0.019722185691454727,159.98714606346272,42.4739120120637,1.2801110137055203,707.9377805937272,1616.659463854986
fine,Aanchor_B,0.829230785369873,-0.01861171790244922,166.72667664735044,42.472432973118,1.2818560271021224,716.5756755923336,1622.2820543398013
fine,Banchor_A,0.8303846269845963,-0.018698304745141413,158.85585496995276,42.47475358188468,1.2791191656090048,708.4012396244768,1615.5865196786187
fine,Banchor_B,0.8303846269845963,-0.017587104334065535,165.5962211532061,42.47327413809111,1.2808633045510973,717.0440394612974,1621.2070763485774
fine,Aanchor_A,0.8303846269845963,-0.018678967199152144,158.8012567117364,42.474754228358066,1.2791184039909835,708.0791843545028,1614.897371145771
fine,Aanchor_B,0.8303846269845963,-0.017567868474762396,165.54163258183135,42.473274336945224,1.280863069959201,716.7220837370324,1620.5200288512592
fine,Banchor_A,0.8315384685993195,-0.017654017728793246,157.67369990264052,42.47559640119875,1.278126615108639,708.5506475622271,1613.8242265968117
fine,Banchor_B,0.8315384685993195,-0.01654222185836097,164.41490997041367,42.47411615694794,1.279870344243562,717.1984514695047,1619.4448525369032
fine,Aanchor_A,0.8315384685993195,-0.017634949276091227,157.61948930688357,42.475597248468,1.278125617705262,708.2277160424039,1613.1358753299533
fine,Aanchor_B,0.8315384685993195,-0.016523254565456193,164.36070771248646,42.474116555733275,1.2798698741538475,716.8756198450352,1618.7586006258864
fine,Banchor_A,0.8326923102140427,-0.01660896183241151,156.49569448152212,42.476440076397964,1.277133828027629,708.706686090739,1612.0629712090645
fine,Banchor_B,0.8326923102140427,-0.015496571789785996,163.23774565873444,42.47495903330226,1.2788771436684767,717.3594939990169,1617.6836668197623
fine,Aanchor_A,0.8326923102140427,-0.01659016301489786,156.4418695452086,42.47644112494801,1.2771325946358685,708.3828704671566,1611.3754162953073
fine,Aanchor_B,0.8326923102140427,-0.015477907321094957,163.18392771725647,42.47495968210546,1.278876379450314,717.0357786422844,1616.9982095822447
fine,Banchor_A,0.8338461518287659,-0.016272870009545914,155.32181325807457,42.478328730729984,1.2749141658009497,708.8691331678732,1610.3025936179529
fine,Banchor_B,0.8338461518287659,-0.01445046313105359,162.06473603796235,42.47580326508911,1.2778831185238355,717.5269448842332,1615.9233592750272
fine,Aanchor_A,0.8338461518287659,-0.015544555990745315,155.26840523454035,42.47728582404246,1.2761393762079412,708.544425381741,1609.6158341722169
fine,Aanchor_B,0.8338461518287659,-0.014432067545382668,162.0113004225669,42.475804113643896,1.2778821197974433,717.202337758028,1615.2386958258405
fine,Banchor_A,0.8349999934434891,-0.014575575602963343,154.27755120312557,42.4781706901816,1.2750997567374234,709.1649474343965,1608.7992240746355
fine,Banchor_B,0.8349999934434891,-0.013462061383200838,161.02137605508997,42.476688185039166,1.2768420152140805,717.8277135558934,1614.4200908431737
fine,Aanchor_A,0.8349999934434891,-0.014557221268767582,154.22448309827,42.478172057619915,1.2750981508048211,708.839483662644,1608.113102497293
fine,Aanchor_B,0.8349999934434891,-0.013443873898971226,160.96831228393356,42.47668920026474,1.2768408212941786,717.5023507000477,1613.7360638604591
fine,Banchor_A,0.8361538350582123,-0.013587911421926304,153.2366564493235,42.47905825702971,1.2740578150505635,709.4656235168377,1607.2866968427306
fine,Banchor_B,0.8361538350582123,-0.012473898156872724,159.98141643462066,42.47757513456759,1.2757993752331802,718.1333509194334,1612.9076640908163
fine,Aanchor_A,0.8361538350582123,-0.013569765489709786,153.18395974139713,42.47905979139641,1.2740560145482975,709.139397716522,1606.6012126607743
fine,Aanchor_B,0.8361538350582123,-0.012455918721638693,159.92872274030648,42.47757631600031,1.2757979869859242,717.8072263073217,1612.224273093526
fine,Banchor_A,0.8373076766729355,-0.012600089061667628,152.19918548706832,42.47994727622195,1.2730150219210494,709.771184567078,1605.7428132414148
fine,Banchor_B,0.8373076766729355,-0.011485932712468182,158.9448804966847,42.478464060193666,1.2747552665237258,718.4438801162416,1611.3638779538533
fine,Aanchor_A,0.8373076766729355,-0.012582219184345702,152.1468583897664,42.47994907669815,1.273012910882165,709.4441906665912,1605.0579660329122
fine,Aanchor_B,0.8373076766729355,-0.011468162013292631,158.89255510334834,42.47846540847704,1.2747536835146476,718.1169876927071,1610.6811224940986
fine,Banchor_A,0.8384615182876587,-0.011512520036953943,151.16516551302834,42.48069125317717,1.2721430150539492,710.0816537900135,1604.1994856619376
fine,Banchor_B,0.8384615182876587,-0.010497565694986794,157.91177584050513,42.479354122568694,1.2737106787523276,718.7593244106363,1609.8206482368703
fine,Aanchor_A,0.8384615182876587,-0.011494797501021748,151.11320407567712,42.480693130367236,1.2721408155766205,709.7538856799739,1603.5152749220942
fine,Aanchor_B,0.8384615182876587,-0.010480004161751324,157.8598169577645,42.479355637966606,1.2737089009934712,718.4316580828884,1609.1385278096363
fine,Banchor_A,0.8396153748035431,-0.010498235031267282,150.0976345898897,42.48159628495997,1.2710830429032869,710.4969859552878,1602.4946124359299
fine,Banchor_B,0.8396153748035431,-0.009416566719580114,156.84421610188915,42.480160930560004,1.2727645389571478,719.1766595921113,1608.115820764703
fine,Aanchor_A,0.8396153748035431,-0.01048078498727612,150.04603951834332,42.48159841130044,1.2710805535760858,710.1681565760013,1601.8110226873243
fine,Aanchor_B,0.8396153748035431,-0.00939921755804964,156.79262095887893,42.48016260752294,1.2727625731229957,718.8479328880136,1607.4343196974207
fine,Banchor_A,0.8407692313194275,-0.009400732046863583,149.03395761782323,42.48238065486582,1.2701651042389486,710.9190854213757,1600.7903391688046
fine,Banchor_B,0.8407692313194275,-0.00821990481814276,155.78059510297678,42.48079937269457,1.2720163391265333,719.6007562522111,1606.411593486243
fine,Aanchor_A,0.8407692313194275,-0.009383489551843555,148.98272515563386,42.482382935616585,1.270162436070589,710.5891869630076,1600.1073697135562
fine,Aanchor_B,0.8407692313194275,-0.008202733782174324,155.72935930817417,42.480801161091776,1.2720142438951278,719.2709613821434,1605.7307110806898
fine,Banchor_A,0.8419230878353119,-0.008302934313881887,147.97416942295652,42.48316637830793,1.2692462461722576,711.3479732129292,1599.0868224028013
fine,Banchor_B,0.8419230878353119,-0.007189399857791015,154.7208332546222,42.481684061625344,1.270980285971588,720.0316353840791,1604.708122960123
fine,Aanchor_A,0.8419230878353119,-0.008285966457783898,147.92329760443516,42.483168911862485,1.269243284402313,711.0169978400926,1598.4044725123274
fine,Aanchor_B,0.8419230878353119,-0.007172529594786715,154.6699583387971,42.48168614025064,1.2709778527016773,719.7007645329571,1604.0278584875084
fine,Banchor_A,0.8430769443511963,-0.007204391474028832,146.9183269225184,42.48395271072165,1.2683273414382226,711.7836536840805,1597.3840477891122
fine,Banchor_B,0.8430769443511963,-0.006091234275554695,153.66500539093215,42.482470920833414,1.2700595096057752,720.4693012382331,1603.005394826087
fine,Aanchor_A,0.8430769443511963,-0.007187631758032562,146.86781375119497,42.483955398940466,1.2683242011384075,711.4515935754649,1596.7023167250597
fine,Aanchor_B,0.8430769443511963,-0.006074571782257402,153.6144879632615,42.48247315352694,1.270056897874935,720.1373466051018,1602.325747547842
fine,Banchor_A,0.8442307859659195,-0.006313169302406809,145.81533388501626,42.484914613038015,1.2672041710654922,711.9067278938837,1595.8345064630848
fine,Banchor_B,0.8442307859659195,-0.005198779762260288,152.5636255806067,42.483431214697426,1.26893668515866,720.5993220924111,1601.4559795100363
fine,Aanchor_A,0.8442307859659195,-0.006296698076035034,145.7651831682985,42.48491753409808,1.26720076178937,711.5737850984085,1595.153466823859
fine,Aanchor_B,0.8442307859659195,-0.005182438368700305,152.51346923841726,42.483433728036516,1.2689337477375162,720.2664850785092,1600.7770222020015
fine,Banchor_A,0.8453846275806427,-0.005420998603520931,144.71660692834476,42.485877147814215,1.2660812578049125,712.0370598286846,1594.2861779829198
fine,Banchor_B,0.8453846275806427,-0.00430544211233129,151.46651085183478,42.48439223721693,1.2678140025183569,720.7366108526021,1599.9077775897206
fine,Aanchor_A,0.8453846275806427,-0.005404916951921813,144.66681644663726,42.48588045001717,1.2660774070989238,711.7032255144867,1593.6058290036713
fine,Aanchor_B,0.8453846275806427,-0.004289456114258616,151.41671338219834,42.484395081212874,1.2678106815890724,720.4028826511723,1599.2295094874264
fine,Banchor_A,0.8465384691953659,-0.004515362112091712,143.62218148654597,42.48682190232449,1.2649800550312849,712.1738981880351,1592.743517326715
fine,Banchor_B,0.8465384691953659,-0.0034112790752566843,150.37369224967836,42.48535408184172,1.2666913540409523,720.8804160382945,1598.365244614835
fine,Aanchor_A,0.8465384691953659,-0.0044994988783438935,143.57274876436838,42.48682533354112,1.264976057362499,711.8391634474618,1592.0638551131954
fine,Aanchor_B,0.8465384691953659,-0.0033955492872387158,150.32425143101773,42.48535711012915,1.2666878210463424,720.5457877660687,1597.6876618298077
fine,Banchor_A,0.8476923108100891,-0.0036215221624219204,142.5321047970262,42.48778607750224,1.2638572031166377,712.318058381801,1591.2021332223856
fine,Banchor_B,0.8476923108100891,-0.0025035431671247676,149.28521270276124,42.486298024175,1.2655905673377228,721.0315528735183,1596.8239887518123
fine,Aanchor_A,0.8476923108100891,-0.0036059167449516622,142.48302785326246,42.487789695076536,1.2638529920663946,711.9824127446633,1590.5231570038115
fine,Aanchor_B,0.8476923108100891,-0.002488065435370074,149.23612606893073,42.486301230362,1.2655868300449842,720.6960140876708,1596.1470905137764
fine,Banchor_A,0.8488461524248123,-0.002596716290430036,141.480674919752,42.488550992533575,1.2629671131423739,712.6566563090204,1589.5901396033905
fine,Banchor_B,0.8488461524248123,-0.0014779722613216658,148.2350231042325,42.487061968280116,1.2647003875818017,721.3758885237635,1595.2121214631065
fine,Aanchor_A,0.8488461524248123,-0.0025813533093564443,141.4319506039098,42.488554792881544,1.2629626924496844,712.3201168885241,1588.9118114664511
fine,Aanchor_B,0.8488461524248123,-0.001462736378572764,148.18628780175106,42.4870653562641,1.2646964411554538,721.0394565973866,1594.535869784992
fine,Banchor_A,0.8499999940395355,-0.0016874360103599976,140.4331658879298,42.48948766203311,1.261878015594509,713.0008955269775,1587.9790779005834
fine,Banchor_B,0.8499999940395355,-0.00035918799423834054,147.1887548093999,42.48769056061456,1.2639683949662435,721.7258692519356,1593.6011865909677
fine,Aanchor_A,0.8499999940395355,-0.0016723045420948142,140.38479442160985,42.48949162848574,1.2618734056623662,712.6634551178702,1587.3013971990679
fine,Aanchor_B,0.8499999940395355,-0.00034414256554507494,147.14036719539416,42.48769405513254,1.26396432680202,721.3885370005014,1592.9255808265566
fine,Banchor_A,0.8511538356542587,-0.0006619191067103936,139.3889673616437,42.49025508584801,1.260986405758885,713.3517567247856,1586.3689634458628
fine,Banchor_B,0.8511538356542587,0.00045828222452537606,146.14595164340457,42.488764210902644,1.262719114275756,722.0824758170744,1591.991199468066
fine,Aanchor_A,0.8511538356542587,-0.0006469982362284648,139.3409447833316,42.490259187302804,1.2609816422915265,713.0134061006519,1585.6919295298776
fine,Aanchor_B,0.8511538356542587,0.0004730773501979076,146.0979154430974,42.48876789786063,1.262714826324041,721.7442340383125,1591.3162389674712
fine,Banchor_A,0.8523076772689819,0.00046828120695351327,138.34868479311362,42.49087028485143,1.2602721090091986,713.7086111192868,1584.75978696961
fine,Banchor_B,0.8523076772689819,0.0014848580384260208,145.1068439946749,42.48953207506623,1.2618263983751448,722.4450784931422,1590.3821508275166
fine,Aanchor_A,0.8523076772689819,0.00048303465721312975,138.30100729427258,42.490874458789136,1.2602672641056762,713.369342949284,1584.083399195493
fine,Aanchor_B,0.8523076772689819,0.0014994429252409196,145.05915348345044,42.48953589604044,1.261821957703811,722.1059198782958,1589.7078349470676
fine,Banchor_A,0.8534615337848663,0.001400591211750592,137.3682344464107,42.49175011327619,1.2592512587581075,713.9592905935175,1583.2561862227376
fine,Banchor_B,0.8534615337848663,0.002519997609587235,144.12691390518998,42.490260730077,1.260979850504037,722.6995057907036,1588.878628102803
fine,Aanchor_A,0.8534615337848663,0.0014150266744522655,137.3208771279046,42.491754582424,1.2592460753918373,713.6191225010895,1582.5804361559924
fine,Aanchor_B,0.8534615337848663,0.0025343797693285087,144.0795407213949,42.490264678071206,1.2609752652907316,722.3594478979388,1588.2049485075302
fine,Banchor_A,0.8546153903007507,0.0023042028589161114,136.3913440484234,42.49267384600975,1.2581803568956527,714.2162070714626,1581.7563182404322
fine,Banchor_B,0.8546153903007507,0.003428938889662134,143.15066131328012,42.49117669490868,1.2599164926425344,722.9601683110342,1587.3788387419024
fine,Aanchor_A,0.8546153903007507,0.0023184371963979,136.34430558922958,42.492678438134064,1.2581750354295764,713.8751252739704,1581.0812052661538
fine,Aanchor_B,0.8546153903007507,0.003443016241953623,143.10360576988265,42.49118091828436,1.2599115917372345,722.6191973852108,1586.7057948192185
fine,Banchor_A,0.8557692468166351,0.003200341251226571,135.4180192947206,42.49361025271712,1.2570956913911935,714.47852389664,1580.2583216714393
fine,Banchor_B,0.8557692468166351,0.0043330414649731894,142.17797198251114,42.49210145502662,1.258843833857846,723.2262310076933,1585.8809211951097
fine,Aanchor_A,0.8557692468166351,0.0032143344795854934,135.37129801725268,42.49361502629052,1.2570901644267787,714.1365204573364,1579.5838452496303
fine,Aanchor_B,0.8557692468166351,0.004346882666601408,142.1312323613463,42.492105852451104,1.2588387353270394,722.8843391317995,1585.2085124058328
fine,Banchor_A,0.8569231033325195,0.004104846872808223,134.44830996558863,42.49453594988366,1.2560243501434207,714.7460094822228,1578.761360750717
fine,Banchor_B,0.8569231033325195,0.005226345631806198,141.2089052072614,42.493043703748405,1.257751828780022,723.4974619866446,1584.3840396204034
fine,Aanchor_A,0.8569231033325195,0.004118602674267184,134.4019039002128,42.49454089919193,1.2560186245928666,714.4030764416412,1578.0875203047956
fine,Aanchor_B,0.8569231033325195,0.005239877569860523,141.16247987080166,42.49304838241928,1.2577464088684958,723.1546412207479,1583.712265388128
fine,Banchor_A,0.8580769449472427,0.0051801207016132144,133.4168185388996,42.49523285025049,1.255218405785094,715.2002452720644,1577.164156708048
fine,Banchor_B,0.8580769449472427,0.006302229792893721,140.178466478462,42.49373982317305,1.2569456800509957,723.957384072924,1582.7869428626982
fine,Aanchor_A,0.8580769449472427,0.005193588675604548,133.37075401329764,42.49523803312673,1.2552124138820029,714.8562034482785,1576.491002186344
fine,Aanchor_B,0.8580769449472427,0.00631557632206711,140.13238146170178,42.493744584635465,1.2569401677668375,723.6134555696025,1582.1158530139994
fine,Banchor_A,0.8592307865619659,0.006344179330327513,132.3896242970119,42.49580098511602,1.2545617575233874,715.6616211616712,1575.5685182780614
fine,Banchor_B,0.8592307865619659,0.007378643210931521,139.1522218588665,42.494437099536036,1.25613870950184,724.4244494116224,1581.1914122307799
fine,Aanchor_A,0.8592307865619659,0.006357335366213104,132.3438976692266,42.4958064380354,1.254555456723142,715.3164603866704,1574.8960489280787
fine,Aanchor_B,0.8592307865619659,0.007391735657585567,139.10647500286038,42.494442044412864,1.2561329885568886,724.0794030311042,1580.5210060136287
fine,Banchor_A,0.8603846281766891,0.007419057605086808,131.3667804887403,42.49650219031111,1.2537517806546765,716.129836403951,1573.9742867100992
fine,Banchor_B,0.8603846281766891,0.008543066759722192,138.13040813872402,42.49500671015087,1.2554798733286907,724.8983569089993,1579.5972889559093
fine,Aanchor_A,0.8603846281766891,0.007431991590015782,131.32139101666414,42.4965077793289,1.2537453267638117,715.7835464698173,1573.3025018085375
fine,Aanchor_B,0.8603846281766891,0.008555846922632353,138.08499580796487,42.49501192510733,1.2554738430820103,724.5521824712922,1578.9275656473305
fine,Banchor_A,0.8615384697914124,0.008494454169825465,130.348166239572,42.49720461663472,1.252940917542953,716.6048794295072,1572.3819582579788
fine,Banchor_B,0.8615384697914124,0.009619135524252885,137.1128432375049,42.49570826446902,1.2546689002569948,725.3790947424336,1578.0050693790756
fine,Aanchor_A,0.8615384697914124,0.008507166540379125,130.30311174750236,42.49721034070228,1.2529343119793523,716.2574500918803,1571.7108570181092
fine,Aanchor_B,0.8615384697914124,0.00963169338381577,137.0677646866427,42.49571361540269,1.2546627167720146,725.0317820310983,1577.3360281931375
fine,Banchor_A,0.8626923114061356,0.009180720967920481,129.32017592860632,42.49835585891651,1.251613086627927,716.4686876486828,1570.968079748547
fine,Banchor_B,0.8626923114061356,0.010305907673286513,136.08583709798268,42.496858870304244,1.253339972769193,725.2473507445334,1576.5912682862245
fine,Aanchor_A,0.8626923114061356,0.009193133775163643,129.27544076202244,42.498361824270035,1.2516062099169978,716.1205645741837,1570.2976168044972
fine,Aanchor_B,0.8626923114061356,0.01031826913219659,136.0410766451712,42.49686431069986,1.2533336925621013,724.8993444250399,1575.922864051868
fine,Banchor_A,0.8638461530208588,0.00983686559104105,128.29684920844483,42.49955351636742,1.2502332143594839,716.3401299773319,1569.5554202827961
fine,Banchor_B,0.8638461530208588,0.01096285584735971,135.06353490333873,42.498055452560436,1.251959436455229,725.1232400668308,1575.1786865113893
fine,Aanchor_A,0.8638461530208588,0.009849051214921795,128.25243175499062,42.49955961608664,1.2502261905077314,715.9913044577578,1568.885595094903
fine,Aanchor_B,0.8638461530208588,0.010974957286850006,135.01909091274467,42.49806107548219,1.2519529526963822,724.7745314538844,1574.510918689208
fine,Banchor_A,0.864999994635582,0.010525267619127716,127.27827509610675,42.50070581219423,1.2489070411122172,716.2189492797003,1568.1438991150553
fine,Banchor_B,0.864999994635582,0.011646937254696592,134.04594347416273,42.499214220146165,1.2506239775045667,725.0065054899667,1573.7672433178925
fine,Aanchor_A,0.864999994635582,0.010537203003656131,127.23417280579646,42.50071208008121,1.2488998312710489,715.8694123007442,1567.4747112941739
fine,Aanchor_B,0.864999994635582,0.011658720172926684,134.00181348501414,42.49922011143468,1.2506171915406668,724.6570855919789,1573.100111518868
fine,Banchor_A,0.8661538362503052,0.011209854481707651,126.26447470909942,42.50186585087555,1.2475733775737627,716.1052760237258,1566.7335767767113
fine,Banchor_B,0.8661538362503052,0.01233734286756336,133.03312193173485,42.500365814532934,1.2492981968679528,724.8972777948474,1572.356999232122
fine,Aanchor_A,0.8661538362503052,0.011221584412585294,126.22068557784407,42.501872220635676,1.2475660583742951,715.7550184646077,1566.0650258301139
fine,Aanchor_B,0.8661538362503052,0.012348907849697431,132.98930379795178,42.50037182601568,1.249291279797553,724.547137514248,1571.6905029637444
fine,Banchor_A,0.8673076778650284,0.012377044642181832,125.32943058098131,42.502422782072834,1.2469335956825836,716.8906525390162,1565.2644066054397
fine,Banchor_B,0.8673076778650284,0.013504431773851668,132.0986336861419,42.50092296512922,1.2486572781320087,725.6864468180164,1570.8879495267388
fine,Aanchor_A,0.8673076778650284,0.012388497187168605,125.285975882977,42.50242942370539,1.2469259680015765,716.5391898575328,1564.5964400829455
fine,Aanchor_B,0.8673076778650284,0.01351573381869103,132.0551488865435,42.500929227089514,1.2486500765486774,725.3351028897778,1570.2220362815892
fine,Banchor_A,0.8684615194797516,0.01353961404041667,124.39826979216552,42.502988260317,1.2462843309452496,717.6842164434689,1563.79621715935
fine,Banchor_B,0.8684615194797516,0.014666920161875315,131.16803477324478,42.501488630454965,1.248006900849779,726.48380180991,1569.419881014302
fine,Aanchor_A,0.8684615194797516,0.0135508341217905,124.35514755816716,42.50299510730975,1.2462764715104802,717.3315358905735,1563.1288343481558
fine,Aanchor_B,0.8684615194797516,0.014677957565493597,131.12488134243605,42.50149514498098,1.2479994127057916,726.1312415160273,1568.7545500796668
fine,Banchor_A,0.8696153610944748,0.014702125503084874,123.47100809079468,42.50355557841906,1.245633293456212,718.4849896516375,1562.3290224788063
fine,Banchor_B,0.8696153610944748,0.015829336301344206,130.2413345813498,42.50205615673331,1.2473547243552372,727.2883655078066,1567.952807736163
fine,Aanchor_A,0.8696153610944748,0.01471314736060121,123.4282162798792,42.50356258001176,1.245625260760228,718.1310810146921,1561.6622226616678
fine,Aanchor_B,0.8696153610944748,0.015840209247007582,130.19851048309005,42.502062776072385,1.2473471197099633,726.9345786628044,1567.2880583948952
fine,Banchor_A,0.870769202709198,0.015864637777943988,122.54765158542774,42.504124690294894,1.2449805391906712,719.2915895656377,1560.8628141812235
fine,Banchor_B,0.870769202709198,0.01699171503802262,129.31853922018925,42.50262553305251,1.246700764353133,728.0987587003939,1566.4867213125938
fine,Aanchor_A,0.870769202709198,0.01587542716698675,122.50518815574084,42.50413189648693,1.2449722760978104,718.9364450362781,1560.19659664538
fine,Aanchor_B,0.870769202709198,0.017002389757675148,129.27604241731444,42.502632306493055,1.2466929867482919,727.743737520074,1565.8225528520209
fine,Banchor_A,0.8719230592250824,0.01642501155734058,121.6138428757185,42.50541671010339,1.243499900694926,719.1573073984262,1559.595067011469
fine,Banchor_B,0.8719230592250824,0.017553480623103194,128.38647552063577,42.50391575104664,1.2452201464983068,727.9708101575231,1565.2191150409083
fine,Aanchor_A,0.8719230592250824,0.01643557195308819,121.57165421963694,42.50542403042104,1.2434915167214142,718.8014183295637,1558.9293929503883
fine,Aanchor_B,0.8719230592250824,0.017563893480399988,128.3442523017044,42.50392268673578,1.245212192050245,727.6150447396332,1564.55548889777
fine,Banchor_A,0.8730769157409668,0.017183338073440003,120.68471527945384,42.50641944150801,1.242351996822521,719.0294006193708,1558.3287379192777
fine,Banchor_B,0.8730769157409668,0.018115982251112918,127.45889641274029,42.50520687264008,1.2437402519701075,727.8492471092869,1563.952927297528
fine,Aanchor_A,0.8730769157409668,0.01719368430992201,120.6427967504203,42.50642685518493,1.242343513762976,718.6727570167754,1557.6636067385477
fine,Aanchor_B,0.8730769157409668,0.0181261652410715,127.41694466122136,42.50521392317426,1.243732175418324,727.4927274840559,1563.289842877976
fine,Banchor_A,0.8742307722568512,0.017744483857336506,119.76122453969883,42.507714026571435,1.2408715526219443,718.9079119822468,1557.0638961459279
fine,Banchor_B,0.8742307722568512,0.018875547895959233,126.53707375338537,42.50620985955271,1.2425918338026902,727.7341122805944,1562.688227326432
fine,Aanchor_A,0.8742307722568512,0.017754631744248225,119.71957656589863,42.50772150840738,1.2408630017738114,718.5505037811078,1556.3993072501685
fine,Aanchor_B,0.8742307722568512,0.018885582903302826,126.49538889398889,42.50621690539115,1.242583770082552,727.3768284079304,1562.025684035723
fine,Banchor_A,0.8753846287727356,0.018306384265519483,118.8422918262545,42.509009418980646,1.2393919509838087,718.7929188431573,1555.8008580648288
fine,Banchor_B,0.8753846287727356,0.01943884288582726,125.61988768689574,42.50750344719986,1.2411122439538793,727.625482762312,1561.425331555046
fine,Aanchor_A,0.8753846287727356,0.018316298766170983,118.80091226067998,42.509017020186974,1.2393832740686217,718.434735935763,1555.1368102705105
fine,Aanchor_B,0.8753846287727356,0.01944864524002162,125.57847006891298,42.50751061110382,1.2411040548748469,727.2674245595014,1560.7633282105978
fine,Banchor_A,0.8765384703874588,0.01909876327412334,117.90075199463101,42.50993581127715,1.2383349046577288,719.0048646501335,1554.4317844994391
fine,Banchor_B,0.8765384703874588,0.0202251387316197,124.67989688228931,42.50843899175429,1.240043277393265,727.8437385772262,1560.0563946298907
fine,Aanchor_A,0.8765384703874588,0.019108396939568065,117.85967355700784,42.5099436469049,1.238325967775748,718.6457869543909,1553.7683243705571
fine,Aanchor_B,0.8765384703874588,0.020234691474498336,124.6387793515311,42.50844634400902,1.240034880249331,727.4847863712769,1559.3949776531742
fine,Banchor_A,0.877692312002182,0.019884040099051817,116.96346338860793,42.51087454415334,1.2372646969132874,719.2223303912332,1553.0643320280237
fine,Banchor_B,0.877692312002182,0.021018804443634773,123.74415005863227,42.50936558796338,1.2389854428728029,728.0675193446077,1558.6890792691213
fine,Aanchor_A,0.877692312002182,0.019893456527588945,116.92268422157649,42.51088252030155,1.2372556076241001,718.8623510710689,1552.401458716792
fine,Aanchor_B,0.877692312002182,0.021028076600731707,123.70333059360081,42.50937317384508,1.2389767862911103,727.707666321247,1558.0282478130523
fine,Banchor_A,0.8788461536169052,0.02067673082744507,116.03043881592755,42.511804267981724,1.23620567162251,719.4450335359935,1551.698419310366
fine,Banchor_B,0.8788461536169052,0.021812562202881167,122.81266481163792,42.51029394654813,1.2379265013376006,728.296542725147,1557.3233041198455
fine,Aanchor_A,0.8788461536169052,0.020685865088281064,115.98995688715127,42.511812479890224,1.2361963216814909,719.0841458944524,1551.036132035804
fine,Aanchor_B,0.8788461536169052,0.021821620299301174,122.77214147230956,42.51030166789851,1.23791769769798,727.9357822088668,1556.663057404036
fine,Banchor_A,0.8799999952316284,0.02146952819412963,115.10168697862699,42.51273577156686,1.2351455281220025,719.674763076163,1550.3340405064441
fine,Banchor_B,0.8799999952316284,0.022606528244082737,121.88545159658041,42.511223935344724,1.2368666077306094,728.5325979445619,1555.9590633445973
fine,Aanchor_A,0.8799999952316284,0.021478413326816864,115.06150034032004,42.512744170316566,1.2351359736482925,719.3129605374062,1549.6723384927184
fine,Aanchor_B,0.8799999952316284,0.022615371631882618,121.84522244152964,42.511231792805155,1.2368576565735823,728.1709233833953,1555.2994005937978
fine,Banchor_A,0.8811538368463516,0.022326136587288513,114.16558227375346,42.51363354582061,1.2341246323281725,720.0114000203171,1548.9920215034658
fine,Banchor_B,0.8811538368463516,0.023463349368764846,120.95014251582121,42.51212149760357,1.2358445307017898,728.8724311449681,1554.6171743199134
fine,Aanchor_A,0.8811538368463516,0.022334812589690358,114.12569367746119,42.513642059900754,1.2341149546598857,719.6484106603069,1548.3308657652701
fine,Aanchor_B,0.8811538368463516,0.023471883318718,120.91021034663217,42.512129617881946,1.2358352877898893,728.5095710804742,1553.9580565577578
fine,Banchor_A,0.8823076784610748,0.02318432956897051,113.23436516887615,42.51453108383653,1.2331048486471252,720.3636079037698,1547.6512570958537
fine,Banchor_B,0.8823076784610748,0.02432321747398936,120.0197169310533,42.51301667154786,1.2348260145272165,729.2278196388577,1553.2765402912605
fine,Aanchor_A,0.8823076784610748,0.023192728257025116,113.19477232435007,42.51453981318596,1.2330949344895321,719.9994184557147,1546.9906471142465
fine,Aanchor_B,0.8823076784610748,0.024331475497559183,119.98007945008337,42.513025004969364,1.2348165368234019,728.8637608393578,1552.617966999082
fine,Banchor_A,0.883461520075798,0.024044081179362613,112.3080588850497,42.51542842979882,1.2320861255763746,720.724689857007,1546.3117603707128
fine,Banchor_B,0.883461520075798,0.025183131075023155,119.09419777192068,42.51391387749087,1.233806028639073,729.5920741033431,1551.937174346145
fine,Aanchor_A,0.883461520075798,0.02405223112367016,112.26875949499848,42.51543733201637,1.232076023441331,720.3592886400492,1545.6516956240393
fine,Aanchor_B,0.883461520075798,0.025191077952560467,119.0548527053688,42.51392247550663,1.233796258087414,729.2268049181286,1551.2791450025738
fine,Banchor_A,0.8846153616905212,0.024975681130262026,111.38681512611058,42.516222059647994,1.231185848847124,721.0949118789309,1544.9734673793475
fine,Banchor_B,0.8846153616905212,0.026113232479499666,118.17364226278085,42.514709940267196,1.2329017324886293,729.9654606077754,1550.599012531847
fine,Aanchor_A,0.8846153616905212,0.02498347478112581,111.34780618294923,42.51623129355718,1.2311753779703785,720.7282871268974,1544.313947403605
fine,Aanchor_B,0.8846153616905212,0.02612091980435078,118.13458665087735,42.514718727646105,1.2328917540695692,729.5989693013398,1549.9415266730718
fine,Banchor_A,0.8857692182064056,0.02579852689747428,110.53372319893748,42.51710838047253,1.2301812029929322,721.5147355642483,1543.675343310663
fine,Banchor_B,0.8857692182064056,0.02693695840489526,117.32187693169824,42.51559515081574,1.2318969462154894,730.3911675701323,1549.3010228290216
fine,Aanchor_A,0.8857692182064056,0.025806077371559412,110.49497437262492,42.517117800544405,1.230170529732674,721.1469165802727,1543.0163801950396
fine,Aanchor_B,0.8857692182064056,0.02694440325427285,117.28308044773276,42.515604123136015,1.23188676609234,730.0234833647254,1548.644092613648
fine,Banchor_A,0.88692307472229,0.026493856870252876,109.6846846595945,42.51818408830343,1.2289629879074049,721.9403327295092,1542.3790009913366
fine,Banchor_B,0.88692307472229,0.027760676164491193,116.47418430073206,42.51648215007876,1.2308909509660475,730.8226579525586,1548.0048153771008
fine,Aanchor_A,0.88692307472229,0.026501119557697045,109.64619512864725,42.51819375810815,1.2289520425422926,721.5713100774711,1541.720594136683
fine,Aanchor_B,0.88692307472229,0.02776784379993943,116.43564497231006,42.51649135811839,1.230880511925203,730.4537714382888,1547.34844020693
fine,Banchor_A,0.8880769312381744,0.027318610454159876,108.83953583640249,42.519071379094356,1.2279590588796814,722.3723462719242,1541.0844562717944
fine,Banchor_B,0.8880769312381744,0.028457631586092377,115.63052318757059,42.51755743730972,1.229672509395236,731.2605709645823,1546.7104060274278
fine,Aanchor_A,0.8880769312381744,0.027325628083701904,108.80130249362814,42.51908123707174,1.2279479096358568,722.0021105701783,1540.4266050762205
fine,Aanchor_B,0.8880769312381744,0.02846451108350151,115.59224014615222,42.51756689509702,1.2296617978334994,730.8904727859282,1546.054585301532
fine,Banchor_A,0.8892307877540588,0.028143376047254018,107.99853736894516,42.5199603656003,1.226954033680622,722.8101508926075,1539.7929740652105
fine,Banchor_B,0.8892307877540588,0.029283237018782368,114.79085042825672,42.51844537285911,1.2286672711281594,731.7042849365698,1545.419059828215
fine,Aanchor_A,0.8892307877540588,0.02815011383483952,107.9605582129773,42.519970462619774,1.226942623430958,722.4386926404449,1539.1356778973286
fine,Aanchor_B,0.8892307877540588,0.029289837755665682,114.75282060337261,42.51845506789767,1.2286562998412713,731.332965619487,1544.7637929172033
fine,Banchor_A,0.890384629368782,0.02871098794384972,107.14983718234879,42.521132413642704,1.225630256171866,722.8011651510044,1538.6581287436863
fine,Banchor_B,0.890384629368782,0.029851354023155086,113.94312239493523,42.519616814278976,1.2273423309245808,731.6986380087836,1544.2843228474853
fine,Aanchor_A,0.890384629368782,0.02871747961797809,107.11212715785356,42.52114266406062,1.2256186850710966,722.4290127456319,1538.0013452186035
fine,Aanchor_B,0.890384629368782,0.029857743250724718,113.90536066495378,42.51962661171133,1.2273312557212661,731.3266250910648,1543.6295674918285
fine,Banchor_A,0.8915384709835052,0.0292776845213086,106.30577414328053,42.5223078163347,1.224304124109608,722.7983360545769,1537.525103140875
fine,Banchor_B,0.8915384709835052,0.03042024790696366,113.10002929155146,42.520789121061796,1.2260178423058177,731.6991425247392,1543.1514058511598
fine,Aanchor_A,0.8915384709835052,0.029283963232761088,106.26833122529646,42.52231817104112,1.2242924479314883,722.4254820918646,1536.8688315007118
fine,Aanchor_B,0.8915384709835052,0.030426423450991207,113.06253362589123,42.52079902373909,1.2260066602123874,731.3264286223427,1542.4971612938054
fine,Banchor_A,0.8926923125982285,0.029846729667780625,105.46637420048015,42.523481778721866,1.2229810492910018,722.8016975095672,1536.3943370935644
fine,Banchor_B,0.8926923125982285,0.03098981841339761,112.26159712785511,42.52196244771663,1.2246936326108748,731.7058323265971,1542.0207487255584
fine,Aanchor_A,0.8926923125982285,0.029852794043417466,105.42919633357465,42.52349223937907,1.2229692663884595,722.4281345523407,1535.7385765750014
fine,Aanchor_B,0.8926923125982285,0.030995780432085073,112.2243654911029,42.521972455059704,1.2246823445348136,731.3324100225631,1541.367014204368
fine,Banchor_A,0.8938461542129517,0.030416536951635646,104.63165108494815,42.524656673325275,1.2216583553663858,722.8112837216613,1535.2654024665753
fine,Banchor_B,0.8938461542129517,0.03156018402718361,111.42783922233521,42.523136657907806,1.2233698576431975,731.7187416065705,1540.8919232879393
fine,Aanchor_A,0.8938461542129517,0.03042242059569539,104.5947362258388,42.524667190145436,1.2216465220141073,722.4370042886464,1534.610152313411
fine,Aanchor_B,0.8938461542129517,0.0315659331130325,111.39086957829387,42.523146768697025,1.2233584652100036,731.3446034399751,1540.2386980475399
fine,Banchor_A,0.8949999958276749,0.03127315245104949,103.82947294002955,42.52549030781928,1.2207207190717961,723.3091615611356,1533.9947455258032
fine,Banchor_B,0.8949999958276749,0.03241766413039626,110.62688863460072,42.52396918277867,1.2224321570775405,732.2225900480273,1539.6213920159853
fine,Aanchor_A,0.8949999958276749,0.031278780982719044,103.79280187822903,42.52550102275683,1.2207086720555274,722.9337876732994,1533.3400271425871
fine,Aanchor_B,0.8949999958276749,0.032423192404265014,110.59016180019404,42.52397944101356,1.2224206073687758,731.8473588037393,1538.968697335625
fine,Banchor_A,0.8961538374423981,0.03213022138258109,103.03125766949296,42.52632490459532,1.2197827213362227,723.8125439538919,1532.7257456233383
fine,Banchor_B,0.8961538374423981,0.03327544895126625,109.82990148537495,42.52480291971484,1.2214938116303162,732.7319553670987,1538.3525182754927
fine,Aanchor_A,0.8961538374423981,0.03213563485673416,102.99482871075676,42.52633575870021,1.2197705272292552,723.4360682598981,1532.0715584117747
fine,Aanchor_B,0.8961538374423981,0.033280762999706046,109.79341576175938,42.52481331565793,1.2214821158617633,732.3556237174658,1537.7003535577348
fine,Banchor_A,0.8973076790571213,0.03315154811987117,102.23724107908706,42.526919530254986,1.2191148652567811,724.3214515171351,1531.458355941579
fine,Banchor_B,0.8973076790571213,0.034133143922790314,109.03691155701749,42.52563846212933,1.2205541567923417,733.2468581947455,1537.085255252319
fine,Aanchor_A,0.8973076790571213,0.03315678157801103,102.2010513925751,42.5269304726376,1.2191025787050158,723.9438666345314,1530.8046992664356
fine,Aanchor_B,0.8973076790571213,0.03413826972011269,109.0006652360797,42.52564895722703,1.2205423585552073,732.8694187811805,1536.4336198627452
fine,Banchor_A,0.8984615206718445,0.034007405617447,101.44747502133639,42.527759284829344,1.2181723145030972,724.8356635396887,1530.1924932889565
fine,Banchor_B,0.8984615206718445,0.03515461991694453,108.24834520648642,42.52623479297496,1.2198839624650188,733.7670767066603,1535.819519761001
fine,Aanchor_A,0.8984615206718445,0.034012416645225606,101.41152394913418,42.52777037674056,1.2181598696844764,724.4569621288451,1529.5393664767128
fine,Aanchor_B,0.8984615206718445,0.0351595666852639,108.21233548633676,42.52624537454383,1.2198720735520432,733.3885222128699,1535.168413026824
fine,Banchor_A,0.8996153771877289,0.03472358108229409,100.62318078185926,42.528697316933105,1.2171203174716163,725.0221900965807,1529.1296856511879
fine,Banchor_B,0.8996153771877289,0.035848913237560814,107.42621075747923,42.5272053926194,1.2187939280140214,733.9609393097097,1534.7569401301607
fine,Aanchor_A,0.8996153771877289,0.03472841504290927,100.58748562115552,42.52870846724845,1.2171078179292714,724.642588264371,1528.4770871427786
fine,Aanchor_B,0.8996153771877289,0.03585364013951508,107.39045607492233,42.52721609535051,1.2187819137150258,733.5814854526072,1534.106360735032
fine,Banchor_A,0.9007692337036133,0.035412492624180274,99.80386200810165,42.52967739559807,1.216022135963505,725.216004171218,1528.068594057381
fine,Banchor_B,0.9007692337036133,0.036506367450239906,106.60906221760935,42.5282320866631,1.217641956654271,734.1620951809884,1533.6960772056623
fine,Aanchor_A,0.9007692337036133,0.03541707176508615,99.76842087726844,42.52968871815495,1.21600945479109,724.8354928019996,1527.4165232105245
fine,Aanchor_B,0.9007692337036133,0.03651080563623582,106.57356073086218,42.52824301108034,1.2176297050946328,733.7817328740638,1533.0460245081713
fine,Banchor_A,0.9019230902194977,0.03609345264787015,98.98946664112356,42.5306711353234,1.214909658865082,725.4171416720823,1527.00919751808
fine,Banchor_B,0.9019230902194977,0.03719754561940199,105.79682269736668,42.52921116093463,1.216544429883399,734.3705801510899,1532.6369099815383
fine,Aanchor_A,0.9019230902194977,0.03609785082480922,98.95427752149041,42.53068252104951,1.2148969186100953,725.035711601628,1526.3576537102097
fine,Aanchor_B,0.9019230902194977,0.03720179652304707,105.76157214447133,42.529222157789526,1.2165321082027103,733.9893002594796,1531.9873833599918
fine,Banchor_A,0.9030769467353821,0.03687907535415449,98.18006760685923,42.5315128551783,1.2139681619455065,725.6256309086851,1525.9514973657492
fine,Banchor_B,0.9030769467353821,0.03788847401279318,104.98949821558358,42.53019252030944,1.215445334273633,734.5864221837152,1531.5794397844122
fine,Aanchor_A,0.9030769467353821,0.036883228342217356,98.14512783886278,42.53152439877444,1.2139552550500472,725.2432729579295,1525.3004799242838
fine,Aanchor_B,0.9030769467353821,0.037892497331289104,104.9544965395266,42.53020364850614,1.2154328766938143,734.2042155579109,1530.9304385670996
fine,Banchor_A,0.9042307883501053,0.03742559518899706,97.35984528798222,42.53264465144277,1.2127033531019293,725.7471336731309,1524.867117330685
fine,Banchor_B,0.9042307883501053,0.038577167569131265,104.17006388644162,42.531115366891655,1.214412677346259,734.7110048636712,1530.4951579805065
fine,Aanchor_A,0.9042307883501053,0.037429436244357274,97.32513591985052,42.53265645438648,1.2126901699810702,725.3636373826545,1524.2165503811505
fine,Aanchor_B,0.9042307883501053,0.03858091345808838,104.13529101049157,42.531126704280986,1.2143999963677865,734.3276611034054,1529.8466062256873
fine,Banchor_A,0.9053846299648285,0.03815417970091941,96.54465676219887,42.53351047882357,1.2117366604438105,725.8864429035211,1523.7869097169785
fine,Banchor_B,0.9053846299648285,0.03910794334616323,103.35553158197592,42.53227248360614,1.2131191138948392,734.8533714215507,1529.4150491757348
fine,Aanchor_A,0.9053846299648285,0.03815776686997392,96.51017477131498,42.53352245741495,1.211723291802163,725.5017885699328,1523.1367921014166
fine,Aanchor_B,0.9053846299648285,0.039111336459970794,103.32098609313847,42.532284139794406,1.2131060902259063,734.4688708700324,1528.7669457286265
fine,Banchor_A,0.9065384715795517,0.03870101591179819,95.73471820094008,42.534645100961555,1.210471026028332,726.0388243462255,1522.7091321690489
fine,Banchor_B,0.9065384715795517,0.039792624180713825,102.54643643667481,42.53320464677733,1.2120780325925624,735.0087974136444,1528.337370769738
fine,Aanchor_A,0.9065384715795517,0.03870428926580523,95.7004622214671,42.53465734067396,1.210457380233286,725.6529964105029,1522.0594631909198
fine,Aanchor_B,0.9065384715795517,0.03979582355464672,102.512115406942,42.53321638926569,1.2120649237589796,734.6231245495421,1527.6897149352615
fine,Banchor_A,0.9076923131942749,0.039188094452086784,94.92975788202679,42.53586967460387,1.209106536854086,726.1979124223157,1521.633772577995
fine,Banchor_B,0.9076923131942749,0.04034052959365898,101.74232106855948,42.534339901100914,1.2108113366081656,735.1709295972512,1527.2621106532838
fine,Aanchor_A,0.9076923131942749,0.03919103925685802,94.89572586495065,42.53588219648422,1.2090925922144866,725.8109013273164,1520.9845515457382
fine,Aanchor_B,0.9076923131942749,0.04034338081275065,101.70822287436881,42.53435195470693,1.210797894519996,734.7840748880931,1526.6149017413259
fine,Banchor_A,0.9088461548089981,0.03975506021429346,94.2174887572571,42.53698435748004,1.2078658314862913,726.3762429386762,1520.574285994059
fine,Banchor_B,0.9088461548089981,0.04090846373117983,101.03138834811804,42.535453356253306,1.209570249638814,735.3541515798919,1526.2027585322933
fine,Aanchor_A,0.9088461548089981,0.039757804232703454,94.18366115038651,42.5369969647585,1.2078518061526964,725.988213499104,1519.9255412527075
fine,Aanchor_B,0.9088461548089981,0.0409111149451621,100.99749375811999,42.53546549398688,1.2095567276071313,734.9662798276743,1525.556024911632
fine,Banchor_A,0.9099999964237213,0.04032233297299125,93.50924698347812,42.538100289321555,1.2066250112191663,726.5603995760208,1519.5176092189065
fine,Banchor_B,0.9099999964237213,0.04147667105513214,100.32448256085095,42.536568110176525,1.2083289893704166,735.5432016765022,1525.1462166832332
fine,Aanchor_A,0.9099999964237213,0.04032484083374608,93.47562181329985,42.53811303365107,1.2066108479846458,726.1713412185183,1518.8693399421834
fine,Aanchor_B,0.9099999964237213,0.04147908704001351,100.29078960881652,42.53658038346375,1.2083153303574232,735.1543023346559,1524.4999575294592
fine,Banchor_A,0.9111538380384445,0.04106366781521903,92.80548682475258,42.538961785763355,1.205667973172313,726.7505693428153,1518.4636509036898
fine,Banchor_B,0.9111538380384445,0.04221914276794604,99.62180735552735,42.53742830978547,1.2073720419256122,735.7382668923951,1524.0923937450866
fine,Aanchor_A,0.9111538380384445,0.04106604069387199,92.77206158357212,42.53897451909736,1.205653833381352,726.3604714370971,1517.8158562832216
fine,Aanchor_B,0.9111538380384445,0.04222139025647308,99.58831357583786,42.53744062128942,1.2073583512323105,735.3483293578236,1523.446608251611
fine,Banchor_A,0.9123076796531677,0.04163130628604312,92.10606875448795,42.54008026694453,1.2044265826967144,726.9479312430777,1517.411932489943
fine,Banchor_B,0.9123076796531677,0.042787329688310616,98.92372531375615,42.53854618131979,1.2061295741399407,735.9405253610034,1523.0408111066963
fine,Aanchor_A,0.9123076796531677,0.04163337239399495,92.0728419935672,42.540093240283525,1.2044121912258081,726.5567803076568,1516.7646117498748
fine,Aanchor_B,0.9123076796531677,0.0427893050520629,98.89042923152273,42.53855868174783,1.206115687664486,735.5495361843182,1522.3954984990671
fine,Banchor_A,0.9134615361690521,0.042232096995716124,91.38313572412501,42.54114179878666,1.2032495819208864,727.260525548522,1516.4402023904936
fine,Banchor_B,0.9134615361690521,0.043388984852138365,98.2023065426868,42.53960666976844,1.2049520671107,736.2582925465276,1522.06925109995
fine,Aanchor_A,0.9134615361690521,0.042233950800468024,91.35013337810432,42.5411549131799,1.2032350481945426,726.8684330286187,1515.7933259661486
fine,Aanchor_B,0.9134615361690521,0.04339078257440003,98.1692340025282,42.53961926015326,1.204938094359131,735.8663630370615,1521.4243819033031
fine,Banchor_A,0.9146153926849365,0.04283729279044271,90.66444650312138,42.54219860500099,1.2020789633386304,727.5780188148168,1515.470407866772
fine,Banchor_B,0.9146153926849365,0.04399507540140213,97.48512559500786,42.54066239170833,1.2037809943727467,736.5809632813582,1521.099627116955
fine,Aanchor_A,0.9146153926849365,0.042838901854666295,90.63166681862765,42.54221190791445,1.2020642350331843,727.1849796033683,1514.8239750352243
fine,Aanchor_B,0.9146153926849365,0.043996595122074704,97.4522748499375,42.54067521934705,1.2037667721552219,736.1880883514293,1520.4552006094957
fine,Banchor_A,0.9157692492008209,0.04343842534053385,89.95001121682226,42.54326314366596,1.2009009309618508,727.9003810882384,1514.5026920761168
fine,Banchor_B,0.9157692492008209,0.044597119327088715,96.77220483670462,42.54172581836782,1.2026025257113757,736.9085078194169,1520.1320823314466
fine,Aanchor_A,0.9157692492008209,0.04343978766664969,89.91745245582194,42.54327663776519,1.2008860056277264,727.5063900580475,1513.8567020861226
fine,Aanchor_B,0.9157692492008209,0.04459839248072904,96.73957415391489,42.541738836782564,1.2025881061087886,736.5146823613222,1519.4880977631904
fine,Banchor_A,0.9169231057167053,0.044074094762993773,89.23994385960484,42.54427856843563,1.1997783244798885,728.2277857447438,1513.537092714939
fine,Banchor_B,0.9169231057167053,0.045233515535801225,96.06360230450517,42.54274043547764,1.2014792223312587,737.2410984692599,1519.1666544328245
fine,Aanchor_A,0.9169231057167053,0.04407515472463155,89.20760405726205,42.544292335519096,1.1997631114442162,727.8328378207576,1512.8915447983795
fine,Aanchor_B,0.9169231057167053,0.045234487738937824,96.03118983098095,42.54275372458705,1.2014645166494693,736.8463174274718,1518.5231110369414
fine,Banchor_A,0.9180769473314285,0.04483085294461949,88.53230705823286,42.54507779847964,1.1988954709524269,728.8038588759459,1512.4761332999662
fine,Banchor_B,0.9180769473314285,0.045990340311218535,95.356573429876,42.54353965987407,1.2005951234478942,737.8198843440864,1518.1058129510884
fine,Aanchor_A,0.9180769473314285,0.044831638710490465,88.50018027327222,42.54509178316173,1.1988800288367747,728.4075499394891,1511.8310730184935
fine,Aanchor_B,0.9180769473314285,0.04599100481018592,95.32437321539237,42.54355321568544,1.2005801336747304,737.4237442897286,1517.4627561693528
fine,Banchor_A,0.9192307889461517,0.04556819328819624,87.82901476436847,42.5459073693712,1.1979797891132267,729.3863977367732,1511.4173061080849
fine,Banchor_B,0.9192307889461517,0.04672771091893464,94.65391713908615,42.544369270494045,1.1996780995653717,738.4051342012004,1517.0471040551708
fine,Aanchor_A,0.9192307889461517,0.045568719698343016,87.79709895181269,42.54592154940198,1.1979641432507409,728.9887177482058,1510.7727327337732
fine,Aanchor_B,0.9192307889461517,0.04672815070220241,94.6219271068064,42.54438297059647,1.199662961809923,738.0076251211401,1516.4045331608622
fine,Banchor_A,0.9203846305608749,0.04632558481333987,87.13012563146088,42.54670925846905,1.1970953272482654,729.9757721131409,1510.3606256099133
fine,Banchor_B,0.9203846305608749,0.04746578942049093,93.95567364669118,42.545199644274625,1.1987609335071807,738.9972187247529,1515.9905422160368
fine,Aanchor_A,0.9203846305608749,0.046325801364706,87.09841865911785,42.54672370787035,1.1970793959422978,729.576710810592,1509.7165384121195
fine,Aanchor_B,0.9203846305608749,0.047465979278887335,93.92389171283108,42.54521352539784,1.1987456074622596,738.5983303844633,1515.348456479731
fine,Banchor_A,0.9215384721755981,0.04708322976420151,86.43560694956491,42.54751260897599,1.1962099082679993,730.5720194843184,1509.3057888136423
fine,Banchor_B,0.9215384721755981,0.048223584748383126,93.26180163357745,42.54600287170915,1.1978744183624686,739.5961753923034,1514.935824447717
fine,Aanchor_A,0.9215384721755981,0.047083203065627396,86.40410675544234,42.547527229490086,1.1961938002244512,730.1715665342531,1508.662187175136
fine,Aanchor_B,0.9215384721755981,0.0482234298773317,93.23022573212165,42.546017072967416,1.1978587504565263,739.1958974858038,1514.2942232531118
fine,Banchor_A,0.9226923137903214,0.047529224414715944,85.70780260564403,42.54872324858468,1.194876829385764,730.7097436124047,1508.3997160761098
fine,Banchor_B,0.9226923137903214,0.04867098779358042,92.53593109923598,42.547211718597445,1.1965414601943667,739.7405881677676,1514.029919655033
fine,Aanchor_A,0.9226923137903214,0.04752882296557982,85.67648991978824,42.54873819705996,1.1948603783696607,730.308005705781,1507.7565282780768
fine,Aanchor_B,0.9226923137903214,0.048670493899995636,92.50454190165598,42.54722619507695,1.1965255064181348,739.3390269615401,1513.3887314602061
fine,Banchor_A,0.9238461554050446,0.0479763933265194,84.98492492452434,42.54993416050916,1.1935449367562063,730.8552952340764,1507.4958358180706
fine,Banchor_B,0.9238461554050446,0.04911967381397996,91.8149870638177,42.548420678239076,1.195209861179373,739.8928383631691,1513.1262078295194
fine,Aanchor_A,0.9238461554050446,0.04797571879994161,84.95379759462492,42.54994928716193,1.19352830821055,730.4522625301372,1506.85306107447
fine,Aanchor_B,0.9238461554050446,0.04911883698501722,91.78378242616995,42.548435435381016,1.1951936162004957,739.4899840488791,1512.485431849861
fine,Banchor_A,0.9249999970197678,0.04842496652302545,84.2669952077217,42.551145012210895,1.1922145948753982,731.0087057496326,1506.5940737207397
fine,Banchor_B,0.9249999970197678,0.049569607747398464,91.09899080821265,42.54962980779442,1.1938795572275753,740.0529573561928,1512.224614640356
fine,Aanchor_A,0.9249999970197678,0.04842391560682603,84.23605107785036,42.55116046861431,1.1921976227798832,730.6043683672652,1505.951711281938
fine,Aanchor_B,0.9249999970197678,0.049568466034731536,91.06796858297933,42.549644789360414,1.1938630835557023,739.6488000853997,1511.58425012759
fine,Banchor_A,0.926153838634491,0.04887474354590561,83.5540238938131,42.552356132756856,1.190885440931503,731.1700091590525,1505.694257981031
fine,Banchor_B,0.926153838634491,0.05002091383228061,90.38795277989921,42.55083895902203,1.192550710139061,740.2209792268387,1511.3249682633373
fine,Aanchor_A,0.926153838634491,0.04887341841733338,83.52326080721615,42.55237176838477,1.190868291178655,730.7643571565118,1505.0523071440375
fine,Aanchor_B,0.926153838634491,0.05001939635836829,90.3571108187741,42.55085426887789,1.1925338942212802,739.8155090907499,1510.6850145156561
fine,Banchor_A,0.9273076802492142,0.049270121495340394,82.94903712127591,42.55358249498615,1.189541069785365,731.2704055883424,1504.8932669365813
fine,Banchor_B,0.9273076802492142,0.0504176253389274,89.78486135761966,42.55206365337242,1.1912062889955075,740.3272852990058,1510.524158047022
fine,Aanchor_A,0.9273076802492142,0.04926850264247269,82.91844330247457,42.553598372054054,1.1895236748728952,730.8639091245591,1504.2517017056607
fine,Aanchor_B,0.9273076802492142,0.05041591840919817,89.75418793438803,42.552079051235545,1.1911893954800754,739.920971885433,1509.8845891751719
fine,Banchor_A,0.9284615218639374,0.049646869690547865,82.34809925575777,42.55483794198248,1.1881663871786277,731.3775007768432,1504.095063675006
fine,Banchor_B,0.9284615218639374,0.05081452435322781,89.18584266085351,42.55328973044209,1.189861868156559,740.440296415228,1509.7261361093206
fine,Aanchor_A,0.9284615218639374,0.0496450545370423,82.3176729897501,42.55485391702111,1.1881489051565497,730.9701526822015,1503.4538834131893
fine,Aanchor_B,0.9284615218639374,0.05081259321089111,89.15533610802555,42.55330526716878,1.189844841528632,740.0331325792362,1509.086951478275
fine,Banchor_A,0.9296153634786606,0.05004276558648464,81.75123038218865,42.55606693717479,1.1868222074229353,731.4899535373548,1503.2995463232241
fine,Banchor_B,0.9296153634786606,0.05119297635477607,88.59087453941729,42.55454465103557,1.1884873910420832,740.5586703421943,1508.9308005636435
fine,Aanchor_A,0.9296153634786606,0.05004068955370519,81.72097003261752,42.55608310494093,1.1868045345103564,731.0817454641655,1502.6587503925857
fine,Aanchor_B,0.9296153634786606,0.05119081339229351,88.56053314069746,42.554560337585855,1.1884702200824522,740.1506477604514,1508.2919995373327
fine,Banchor_A,0.9307692050933838,0.05043886460851962,81.15846018833875,42.557297329352835,1.1854780230242075,731.6085911039952,1502.5062666761658
fine,Banchor_B,0.9307692050933838,0.05159044754519069,88.00000180245455,42.555773319385395,1.187143205502094,740.6832343084889,1508.1377031527168
fine,Aanchor_A,0.9307692050933838,0.05043656146493404,81.12836407685641,42.557313639969706,1.1854602141563444,731.1995134096846,1501.8658544462678
fine,Aanchor_B,0.9307692050933838,0.05158805822628523,87.96982393261229,42.555789147523086,1.1871258991535871,740.2743433656648,1507.4992851021925
fine,Banchor_A,0.9319230616092682,0.05086787608223515,80.51071507469588,42.55848866566121,1.1841779572660378,731.7189320996523,1501.6801666070517
fine,Banchor_B,0.9319230616092682,0.05202017121022675,87.35341532754539,42.55696377068088,1.1858422802173687,740.7972421038962,1507.3117217277427
fine,Aanchor_A,0.9319230616092682,0.05086533460455788,80.48080159735582,42.55850514953293,1.1841599789677333,731.3089619334202,1501.040145250429
fine,Aanchor_B,0.9319230616092682,0.05201754431898707,87.32341937107621,42.55697977088099,1.18582480490992,740.3874599318775,1506.6736937404087
fine,Banchor_A,0.9330769181251526,0.051435501511885355,79.86839671608678,42.55947780197225,1.1830996290097429,731.8361918337788,1500.8561737679554
fine,Banchor_B,0.9330769181251526,0.05258834404784623,86.71205520868112,42.55795239560841,1.184762994431534,740.9181675308442,1506.487847816683
fine,Aanchor_A,0.9330769181251526,0.05143278278643145,79.83866461622816,42.55949436945117,1.1830815759794222,731.4253216365071,1500.2165427814393
fine,Aanchor_B,0.9330769181251526,0.052585540386497785,86.68223993534863,42.55796847872215,1.1847454445545114,740.5074865939223,1505.850209390614
fine,Banchor_A,0.934230774641037,0.05186570535682549,79.23087180474401,42.56067081499383,1.1818003464725777,731.960398632161,1500.034299864439
fine,Banchor_B,0.934230774641037,0.05301922167293868,86.07568735453187,42.55914458047405,1.1834627878804176,741.0460388892571,1505.6660931254403
fine,Aanchor_A,0.934230774641037,0.05186271272764545,79.20131892388629,42.56068760745019,1.181782068388832,731.5486208106564,1499.3950587434165
fine,Aanchor_B,0.934230774641037,0.053016213004972314,86.04605059464322,42.55916078722619,1.1834451224983134,740.6344516177827,1505.0288437572779
fine,Banchor_A,0.9353846311569214,0.052054401402842475,78.5974221382007,42.56222088312049,1.1801143347013576,732.0915759785586,1499.214586358376
fine,Banchor_B,0.9353846311569214,0.053208012785931964,85.44374509501539,42.560694498229005,1.181774568065121,741.1808795039001,1504.8464990211792
fine,Aanchor_A,0.9353846311569214,0.0520511360739428,78.5680458887749,42.56223789736875,1.1800958416264655,731.6788829388707,1498.5757345826612
fine,Aanchor_B,0.9353846311569214,0.05320466377854129,85.41428417356849,42.560711026201645,1.181756578254175,740.7683783275556,1504.20963819196
fine,Banchor_A,0.9365384727716446,0.052434267409416015,78.01410019599763,42.56341786031583,1.1788140265990936,732.1722800784618,1498.4113863620705
fine,Banchor_B,0.9365384727716446,0.05358972257486048,84.86288722106232,42.56188915380368,1.1804749548330018,741.2692453127464,1504.0435397597878
fine,Aanchor_A,0.9365384727716446,0.052430782903931696,77.98487887924198,42.56343499169009,1.1787954267358298,731.7587430837713,1497.7729249104714
fine,Aanchor_B,0.9365384727716446,0.053586156036975384,84.83358050032355,42.561905796248105,1.1804568603472745,740.8559014409014,1503.4070685769236
fine,Banchor_A,0.9376923143863678,0.05281443613128897,77.43468203017127,42.56461598124822,1.1775139108221064,732.2578871125335,1497.610690704819
fine,Banchor_B,0.9376923143863678,0.05397171383915925,84.28593603705998,42.56308498503477,1.1791754939678714,741.362529837974,1503.2430855157584
fine,Aanchor_A,0.9376923143863678,0.05281071380933542,77.40561405124309,42.56463325692534,1.1774951749742961,731.8434993000332,1496.9726188668494
fine,Aanchor_B,0.9376923143863678,0.053967928883341405,84.25678192869934,42.563101743028774,1.1791572939085317,740.9483364316449,1502.6070032706393
fine,Banchor_A,0.938846156001091,0.05319483398086246,76.85918456022634,42.56581535869947,1.1762138677156333,732.3489089212864,1496.812409110106
fine,Banchor_B,0.938846156001091,0.05435398987673731,83.71290845216583,42.56428199167003,1.1778761883882656,741.4612449112666,1502.4450460029382
fine,Aanchor_A,0.938846156001091,0.05319091159384336,76.83026832168852,42.56583272295207,1.1761950565980692,731.9336633144393,1496.1747261295245
fine,Aanchor_B,0.938846156001091,0.05434995197618177,83.68390536530204,42.56429891573686,1.1778578282194827,741.0461950186586,1501.8093519411539
fine,Banchor_A,0.9399999976158142,0.053575549289542945,76.2876159971487,42.56701589441757,1.1749140065288668,732.4449178935497,1496.016603647774
fine,Banchor_B,0.9399999976158142,0.054736559342927336,83.1438127048453,42.56548019260172,1.1765770202618129,741.5649630610766,1501.649483309159
fine,Aanchor_A,0.9399999976158142,0.05357144080628876,76.25884990128692,42.567033326481216,1.17489514282032,732.0288075752112,1495.3793086258456
fine,Aanchor_B,0.9399999976158142,0.05473233520377344,83.11495904834702,42.56549718446536,1.1765586068757976,741.1490497893833,1501.0141765339476
fine,Banchor_A,0.9411538392305374,0.05398717546236023,75.69795248152704,42.56814870000317,1.1736887963348834,732.6492862147236,1495.32616542668
fine,Banchor_B,0.9411538392305374,0.05514872331690382,82.55521763473588,42.566612372763664,1.175350752907856,741.7726621224504,1500.9591684454174
fine,Aanchor_A,0.9411538392305374,0.05398277466013859,75.66932805010721,42.56816633101037,1.173669737241605,732.23206799508,1494.6892991030716
fine,Aanchor_B,0.9411538392305374,0.0551442773128972,82.52650503388135,42.56662945986187,1.1753322556194483,741.3556426277232,1500.3242896990425
fine,Banchor_A,0.9423076808452606,0.054399781187458245,75.11298214608205,42.56928193877386,1.1724643960125376,732.8606018559661,1494.6379857251725
fine,Banchor_B,0.9423076808452606,0.05556186771032508,81.97131447532078,42.56774498493143,1.17412529643492,741.9873085947532,1500.271112387568
fine,Aanchor_A,0.9423076808452606,0.05439505451031329,75.08449744418208,42.56929981778213,1.172445088994921,732.4422654662545,1494.0015474902384
fine,Aanchor_B,0.9423076808452606,0.05555709624679814,81.94274100319208,42.567762319257696,1.1741065510818534,741.5691726358717,1499.6366610617806
fine,Banchor_A,0.9434615224599838,0.05481326882387867,74.53272538005558,42.570415759786194,1.1712406448983417,733.0797086877653,1493.9520409645233
fine,Banchor_B,0.9434615224599838,0.05597589477796677,81.39212359695252,42.568878178281835,1.172900489819313,742.2097464065429,1499.585291550605
fine,Aanchor_A,0.9434615224599838,0.05480824880142686,74.50437846938505,42.570433838698136,1.1712211423892587,732.6602439070599,1493.3160303248249
fine,Aanchor_B,0.9434615224599838,0.055970796683418464,81.36368732329953,42.568895761284445,1.1728814953846665,741.79048379149,1498.9512671533435
fine,Banchor_A,0.944615364074707,0.05522768447809492,73.95719380859813,42.57155012752926,1.1700175818939798,733.3061118272138,1493.2683293658479
fine,Banchor_B,0.944615364074707,0.05639084878178698,80.81765662213667,42.57001192002763,1.1716763690761847,742.4394805440692,1498.9017041567063
fine,Aanchor_A,0.944615364074707,0.055222335946571374,73.92898274959775,42.57156845776349,1.1699978289234174,732.8855082936091,1492.6327458513217
fine,Aanchor_B,0.944615364074707,0.056385457032889524,80.78935561547502,42.57002970296088,1.1716571787130543,742.0190809393265,1498.2681062192753
fine,Banchor_A,0.9457692205905914,0.05576613359672648,73.38707932355707,42.572535356372384,1.1689563552267939,733.722701209238,1492.4734413711444
fine,Banchor_B,0.9457692205905914,0.05693003793886862,80.24885359812026,42.570996256478864,1.1706146000146707,742.8606578406295,1498.1069660798346
fine,Aanchor_A,0.9457692205905914,0.055760569125003906,73.35904520091331,42.57255384813718,1.1689364462638145,733.3011321416006,1491.8382048466242
fine,Aanchor_B,0.9457692205905914,0.056924430985182864,80.22072883523398,42.57101419972629,1.1705952541977485,742.4392943390702,1497.4737143610903
fine,Banchor_A,0.9469230771064758,0.05630464645042456,72.82110340214204,42.573522134003056,1.1678944251246905,734.1443064324301,1491.6810276795131
fine,Banchor_B,0.9469230771064758,0.05746939390335886,79.68418872610012,42.57198199028987,1.1695522878912246,743.2868523160569,1497.3147026650504
fine,Aanchor_A,0.9469230771064758,0.05629890022275808,72.79324465673807,42.57354073687666,1.1678744147334497,733.72176800626,1491.0461372695063
fine,Aanchor_B,0.9469230771064758,0.05746357173424662,79.65623865327078,42.572000093700936,1.1695327871052876,742.8645211112346,1496.6817962911225
fine,Banchor_A,0.9480769336223602,0.0568432917555181,72.2592801684934,42.57451036310558,1.1668318998393814,734.5709291260953,1490.891969450068
fine,Banchor_B,0.9480769336223602,0.05800881451328047,79.12367612115683,42.57296927532494,1.168489270340262,743.7180655491752,1496.5257951706872
fine,Aanchor_A,0.9480769336223602,0.05683736369291,72.23159523970602,42.57452907703878,1.1668117883003597,734.147417520153,1490.2574239704322
fine,Aanchor_B,0.9480769336223602,0.05800277689532976,79.09589918318537,42.57298753907683,1.1684696147199247,743.2947628379543,1495.8932329599402
fine,Banchor_A,0.9492307901382446,0.05738211846405863,71.7016439323171,42.5754999106798,1.1657689255558918,735.0025556890033,1490.1052315692289
fine,Banchor_B,0.9492307901382446,0.05854838283673808,78.56735003633139,42.573957928453005,1.1674257479487093,744.1542837439014,1495.7392083564132
fine,Aanchor_A,0.9492307901382446,0.05737594027143919,71.67413125181854,42.57551883591486,1.1657486054647244,734.5780671173194,1489.4710301605517
fine,Aanchor_B,0.9492307901382446,0.058542164064345564,78.53974467035718,42.5739763019815,1.1674059921842224,743.7300057584083,1495.106989450945
fine,Banchor_A,0.9503846317529678,0.05786170040060033,71.17501669878189,42.5764974859692,1.1646983080563278,735.4769617690073,1489.4090066358365
fine,Banchor_B,0.9503846317529678,0.059028909017932646,78.04222783719474,42.574954341197156,1.166354857725031,744.6339143038266,1495.0431362316883
fine,Aanchor_A,0.9503846317529678,0.05785523339720147,71.14764589155185,42.576516669144546,1.1646777299321076,735.0511204388765,1488.7751415327716
fine,Aanchor_B,0.9503846317529678,0.05902236773235198,78.01476382692763,42.574973022060924,1.1663347899326306,744.2082858558473,1494.4112529595511
fine,Banchor_A,0.951538473367691,0.05834123793651952,70.65216043332494,42.57749663517994,1.163626986953426,735.9567259355412,1488.7150531296265
fine,Banchor_B,0.951538473367691,0.059509403304754634,77.520877253705,42.57595230971505,1.1652832800790904,745.1189074827479,1494.349335880829
fine,Aanchor_A,0.951538473367691,0.05833448264890011,70.62492964164174,42.57751607519774,1.163606152494066,735.5295230863039,1488.0815235902937
fine,Aanchor_B,0.951538473367691,0.059502569706051237,77.49355274808097,42.57597125320328,1.1652629488628785,744.6919198391818,1493.7177875016923
fine,Banchor_A,0.9526923149824142,0.05882076620703299,70.13309043470656,42.57849731080614,1.1625550168660554,736.4417469044935,1488.0233816385742
fine,Banchor_B,0.9526923149824142,0.05998986560746569,77.0033135758362,42.57695183828403,1.1642110141254949,745.6091619621324,1493.6578178920154
fine,Aanchor_A,0.9526923149824142,0.0588137201259884,70.10599779558703,42.57851701103143,1.1625339229872036,736.0131737000884,1487.390186919135
fine,Aanchor_B,0.9526923149824142,0.05998274652730345,76.97612671856106,42.57697103403254,1.164190431129199,745.1808063145173,1493.0266036635965
fine,Banchor_A,0.9538461565971375,0.059335124247009985,69.61786871996777,42.579448269067306,1.1615372214923707,736.9319222852359,1487.3339922100533
fine,Banchor_B,0.9538461565971375,0.06050502983166977,76.48954743480283,42.57790190465694,1.1631927244721494,746.1045753973303,1492.9685823151824
fine,Aanchor_A,0.9538461565971375,0.059327760855539965,69.59091267595905,42.57946826801201,1.1615158265120629,736.5019697903978,1486.7011315698276
fine,Aanchor_B,0.9538461565971375,0.060497664716255124,76.46249669099161,42.57792129420657,1.1631719518557686,745.6748428380653,1492.337701498357
fine,Banchor_A,0.9549999982118607,0.059424570133270675,69.13598503329412,42.58092828128069,1.1599549604259025,736.6845085100612,1486.824223724809
fine,Banchor_B,0.9549999982118607,0.06059532597994042,76.00876440922126,42.579380856903725,1.1616093422964096,745.859538661005,1492.4589227400584
fine,Aanchor_A,0.9549999982118607,0.05941700598061878,69.10912398620083,42.58094834591363,1.1599335244128446,736.2538790965418,1486.191678964161
fine,Aanchor_B,0.9549999982118607,0.06058765713066117,75.9818081207278,42.57940046327151,1.1615883659908877,745.4291299656841,1491.8283573533445
fine,Banchor_A,0.9561538398265839,0.059515136344513025,68.65840596161391,42.5824083284966,1.1583748173916921,736.4479324764861,1486.3165270760294
fine,Banchor_B,0.9561538398265839,0.06068660199716833,75.53228629635323,42.580860050962094,1.1600278571231066,745.6253378830702,1491.9513353019418
fine,Aanchor_A,0.9561538398265839,0.05950733627431148,68.631638309068,42.58242851031519,1.1583532855563803,736.0166056086723,1485.6842978941036
fine,Aanchor_B,0.9561538398265839,0.06067873193312227,75.50542286830566,42.58087972329551,1.1600068388979263,745.1942325580616,1491.3210850458895
fine,Banchor_A,0.9573076814413071,0.05960679373242511,68.18514711050581,42.58388845778301,1.1567967394577303,736.2192053476236,1485.810910479802
fine,Banchor_B,0.9573076814413071,0.06077900998054817,75.06012868575118,42.58233926751493,1.1584485010783743,745.3989900093846,1491.4458282169812
fine,Aanchor_A,0.9573076814413071,0.05959875591741788,68.15847124944655,42.58390875929187,1.1567751094341692,735.7871673350279,1485.1789965754035
fine,Aanchor_B,0.9573076814413071,0.06077093733275753,75.03335652262322,42.58235900764602,1.158427439132309,744.9671743947249,1490.8158927918066
fine,Banchor_A,0.9584615230560303,0.05969954670104699,67.71621693754504,42.58536869169511,1.155220700050449,735.9976748255212,1485.3073744556725
fine,Banchor_B,0.9584615230560303,0.06087254894631887,74.59230003577457,42.58381853703815,1.156871238856223,745.179844022405,1490.94240200647
fine,Aanchor_A,0.9584615230560303,0.05969127049419068,67.68963126562498,42.58538911366157,1.1551989713317994,735.5649162333516,1484.6757755320966
fine,Aanchor_B,0.9584615230560303,0.060864169940931474,74.56561754278414,42.58383849729685,1.1568499710410238,744.7473087074724,1490.3127811168774
fine,Banchor_A,0.9596153795719147,0.059843952218935494,67.21240567676436,42.58673781959503,1.1537648693749838,735.8953755430058,1484.8419291583066
fine,Banchor_B,0.9596153795719147,0.06102347342457297,74.0908726053565,42.585178459882954,1.1554231239720365,745.0839200590774,1490.4771855195302
fine,Aanchor_A,0.9596153795719147,0.059835388772562295,67.18594972396882,42.58675846973495,1.1537429255737972,735.4617708708305,1484.2106551736424
fine,Aanchor_B,0.9596153795719147,0.06101484424463197,74.06431936617318,42.58519859372811,1.1554016980543345,744.650540004464,1489.8478891810762
fine,Banchor_A,0.9607692360877991,0.05999406515590895,66.71294523680514,42.58810025564233,1.152317975566909,735.7989278045491,1484.3787650444804
fine,Banchor_B,0.9607692360877991,0.06117038945686651,73.59380283517426,42.5865459724712,1.1539687550220237,744.9938525165068,1490.0142506441373
fine,Aanchor_A,0.9607692360877991,0.05998521626004804,66.68661746675178,42.58812113118287,1.1522958200661109,735.3644709470839,1483.7478152226106
fine,Aanchor_B,0.9607692360877991,0.06116147387894835,73.56737721430994,42.58656633293547,1.1539471152174394,744.559621640428,1489.385278082319
fine,Banchor_A,0.9619230926036835,0.05993860350846904,66.21755490602065,42.589766665212146,1.1505507315156538,735.7083520250882,1483.9178906085351
fine,Banchor_B,0.9619230926036835,0.061116171672494085,73.10110536049669,42.58821079926349,1.152200658932559,744.9096617689789,1489.5536058745163
fine,Aanchor_A,0.9619230926036835,0.05992941542961883,66.19135139753719,42.58978784416498,1.1505282884747863,735.273036860421,1483.2872641722636
fine,Aanchor_B,0.9619230926036835,0.06110691799115223,73.07480341354231,42.58823146154775,1.1521787319940429,744.4745739731557,1488.9249563137535
fine,Banchor_A,0.9630769491195679,0.060087293480432846,65.72618131550529,42.59113470321706,1.149101939524527,735.6252442644568,1483.459331864883
fine,Banchor_B,0.9630769491195679,0.06126662007243273,72.61212207173942,42.58957662967785,1.1507521291091283,744.8329397032184,1489.09527721665
fine,Aanchor_A,0.9630769491195679,0.060077816834220386,65.70010283027851,42.59115611140882,1.1490792821312876,735.1890648093798,1482.8290280232488
fine,Aanchor_B,0.9630769491195679,0.06125707927976485,72.58594465202532,42.589597518919504,1.1507299891934146,744.396989028723,1488.4669498676233
fine,Banchor_A,0.9642307907342911,0.06057633763803944,65.29845643294578,42.59206641242466,1.1481162768822772,736.2322758960044,1482.841545828952
fine,Banchor_B,0.9642307907342911,0.061756009641060566,72.18532969703595,42.5905079908048,1.1497654195953666,745.4429054355713,1488.4776265199212
fine,Aanchor_A,0.9642307907342911,0.060566584521705776,65.27247973607784,42.59208805573905,1.1480933902973431,735.7947633971503,1482.2115442228305
fine,Aanchor_B,0.9642307907342911,0.0617462270807138,72.15925365098298,42.59052906399576,1.1497431038698624,745.005624151135,1487.8496008103539
fine,Banchor_A,0.9653846323490143,0.06106517339200774,64.8741627556562,42.59299977579374,1.1471297120114743,736.8453941161234,1482.2260808532021
fine,Banchor_B,0.9653846323490143,0.06224511175643057,71.76196985734767,42.59144112263174,1.1487776826189036,746.0589580023649,1487.8622972130875
fine,Aanchor_A,0.9653846323490143,0.06105521129580374,64.84828637459005,42.593021554817355,1.1471067017126497,736.4065414498028,1481.5963809331406
fine,Aanchor_B,0.9653846323490143,0.06223508681768514,71.73599371670458,42.59146238047337,1.1487551906960318,745.6203390068879,1487.2345725951793
fine,Banchor_A,0.9665384739637375,0.06155362150216481,64.45331214464343,42.59393506004485,1.1461419671324757,737.4633580442727,1481.6129465461001
fine,Banchor_B,0.9665384739637375,0.06273390454206226,71.34205443711645,42.59237606053384,1.1477888848858309,746.6798599468934,1487.2492989048071
fine,Aanchor_A,0.9665384739637375,0.06154341559073186,64.42753460205874,42.59395702579186,1.1461187795389298,737.0231576170276,1480.9835477618717
fine,Aanchor_B,0.9665384739637375,0.06272363634331633,71.31617673105512,42.5923975041258,1.1477662159600386,746.2398956698348,1486.6218748299918
fine,Banchor_A,0.9676923155784607,0.06204180579463324,64.03591016644212,42.59487211175655,1.1451532085722835,738.0857744131862,1481.0021431766345
fine,Banchor_B,0.9676923155784607,0.06320650989153968,70.92559889125496,42.593336172739946,1.1467743483829782,747.3052185247161,1486.6386318663504
fine,Aanchor_A,0.9676923155784607,0.06203132094735341,64.01022998496813,42.59489431565768,1.145129789800287,737.6442189193119,1480.3730449818522
fine,Aanchor_B,0.9676923155784607,0.06319599001101,70.89981793550152,42.593357814104536,1.1467514906074605,746.8639016825067,1486.011507789899
fine,Banchor_A,0.9688461571931839,0.062186116152328594,63.56813775062033,42.59620320310455,1.14375013338702,738.0465691126512,1480.5488933709905
fine,Banchor_B,0.9688461571931839,0.06336763403018128,70.4591247428633,42.594642754070286,1.145395143429957,747.2694151949022,1486.1855046482024
fine,Aanchor_A,0.9688461571931839,0.062175413727086855,63.542556189710396,42.596225516452385,1.1437266280160066,737.6041867673854,1479.920064154779
fine,Aanchor_B,0.9688461571931839,0.06335687072735961,70.43344212742522,42.59466454286095,1.1453721576213616,746.8272727860817,1485.5586491266583
fine,Banchor_A,0.9699999988079071,0.06234751752178687,63.10449475572522,42.597510774630926,1.1423735237531862,738.0126025911629,1480.0976717549738
fine,Banchor_B,0.9699999988079071,0.06352988175867151,69.99676466734334,42.59594928459819,1.1440176507514799,747.2388513751116,1485.7344058182214
fine,Aanchor_A,0.9699999988079071,0.06233657059931119,63.07901070938151,42.597533237054975,1.1423498898235376,737.5693879744491,1479.4691110936471
fine,Aanchor_B,0.9699999988079071,0.06351887463634695,69.97117908109735,42.59597122130631,1.1439945367320297,746.7958779979579,1485.1078184292605
fine,Banchor_A,0.9711538404226303,0.06250967289275318,62.644981009133765,42.59881884230383,1.1409980495975092,737.9838911259118,1479.6484856387
fine,Banchor_B,0.9711538404226303,0.0636928491436284,69.53853294611082,42.59725636186658,1.142641239298285,747.2135433091948,1485.2853426864315
fine,Aanchor_A,0.9711538404226303,0.06249848081809065,62.61959315494093,42.59884145467235,1.1409742865511976,737.5398388064515,1479.0201931078013
fine,Aanchor_B,0.9711538404226303,0.0636816318947996,69.51304307307724,42.59727839687832,1.1426180496344176,746.7697335508334,1484.6590230069687
fine,Banchor_A,0.9723076820373535,0.06267255211510527,62.189603911887374,42.60012747807385,1.1396236352875064,737.9604717511797,1479.201335497024
fine,Banchor_B,0.9723076820373535,0.06385664256694663,69.08443698443644,42.59856385715113,1.1412660444627942,747.1935280443728,1484.8383157294875
fine,Aanchor_A,0.9723076820373535,0.06266114969221248,62.164310928950606,42.600150189126744,1.139599797285367,737.5155762737085,1478.573310675438
fine,Aanchor_B,0.9723076820373535,0.06384514856274327,69.05904151017236,42.59858608829737,1.1412426765466506,746.7488764680903,1484.212263339776
fine,Banchor_A,0.9734615236520767,0.06267722705008484,61.789492736719104,42.601577346410586,1.1381028225128647,737.7036428012467,1478.8637830725681
fine,Banchor_B,0.9734615236520767,0.06386410264504608,68.68732041528122,42.60001009763113,1.139746848235113,746.9455822187197,1484.5010034320287
fine,Aanchor_A,0.9734615236520767,0.06266552394539661,61.76430074807219,42.60160031362791,1.1380787478082708,737.2580879274146,1478.2360634374356
fine,Aanchor_B,0.9734615236520767,0.06385234249503884,68.66202547381032,42.60003253393548,1.1397232960657642,746.5002723544648,1483.8752559794605
fine,Banchor_A,0.9746153652667999,0.06268285585743855,61.3935046068107,42.60302740256315,1.136583842631192,737.453368707643,1478.528369826773
fine,Banchor_B,0.9746153652667999,0.06387218348161519,68.2943314428415,42.60145701655217,1.1382289630431288,746.7042128859949,1484.165830813288
fine,Aanchor_A,0.9746153652667999,0.06267088682741968,61.36841194302083,42.603050574597354,1.136559585653748,737.0071458584616,1477.9009546664693
fine,Aanchor_B,0.9746153652667999,0.0638601581566282,68.2691353675203,42.601479656331655,1.1382052289317044,746.2582361841423,1483.5403875878626
fine,Banchor_A,0.9757692068815231,0.06268911692984463,61.00165308981348,42.60447812330332,1.1350661952875378,737.2096714854368,1478.1951029505212
fine,Banchor_B,0.9757692068815231,0.06388126231632049,67.90548366686303,42.60290406321958,1.1367129655869022,746.4694420978776,1483.8328050645805
fine,Aanchor_A,0.9757692068815231,0.06267688043097225,60.97665807387858,42.60450150217235,1.1350417544720848,736.7627720528961,1477.567991551984
fine,Aanchor_B,0.9757692068815231,0.06386900523387729,67.88038479455061,42.60292685710772,1.1366891017458611,746.0227899800169,1483.2076653548643
fine,Banchor_A,0.9769230484962463,0.06269673807390938,60.61394519440286,42.605928465660476,1.1335509694608037,736.9725696119523,1477.864025735129
fine,Banchor_B,0.9769230484962463,0.06389098359767492,67.5207837777596,42.604351787381354,1.1351982789160844,746.241288505504,1483.5019694862983
fine,Aanchor_A,0.9769230484962463,0.06268423348667372,60.58904615999485,42.605952052018125,1.133526344650419,736.5249849484046,1477.2372173842984
fine,Aanchor_B,0.9769230484962463,0.06387839096276723,67.49578043919345,42.60437488767362,1.1351741265179747,745.793952353846,1482.877132579896
fine,Banchor_A,0.9780769050121307,0.06293673796536892,60.22210100151821,42.60707054676921,1.1323592191210345,737.3196849806312,1477.5041474533616
fine,Banchor_B,0.9780769050121307,0.06413100479726645,67.12957628542888,42.60549396235786,1.1340046986489765,746.5894429440697,1483.1421905681705
fine,Aanchor_A,0.9780769050121307,0.0629238739709037,60.19728335668065,42.60709447735074,1.1323342612022804,736.8707485818821,1476.8775709485406
fine,Aanchor_B,0.9780769050121307,0.06411808780263734,67.1046540388193,42.60551735517818,1.1339802661189875,746.1407572994073,1482.5175851620006
fine,Banchor_A,0.9792307615280151,0.0631771623472762,59.83398999445757,42.608213430631594,1.1311678853745881,737.6723356680362,1477.1463338841036
fine,Banchor_B,0.9792307615280151,0.06437152068083235,66.74210279844256,42.60663683725882,1.1328116430745778,746.9431379630491,1482.7844766209992
fine,Aanchor_A,0.9792307615280151,0.06316400684815227,59.80925209729884,42.608237605375855,1.1311426993397187,737.2220398771512,1476.5199887064787
fine,Aanchor_B,0.9792307615280151,0.06435834707685498,66.7172600078061,42.60666042279326,1.1327870351839073,746.493095189846,1482.1601021976446
fine,Banchor_A,0.9803846180438995,0.06341808197645314,59.449623810287,42.60935701638191,1.1299770745196427,738.030540658642,1476.7906668706576
fine,Banchor_B,0.9803846180438995,0.06461249870824255,66.35837494355447,42.60778046305469,1.1316190600538265,747.3023925101741,1482.4289094967705
fine,Aanchor_A,0.9803846180438995,0.0634046341856843,59.424964016811074,42.60938143620347,1.1299516599409452,737.5788777950454,1476.1645524303628
fine,Aanchor_B,0.9803846180438995,0.0645989993434148,66.33360997082912,42.607804342691836,1.1315941715447573,746.8509849493691,1481.8047654678794
fine,Banchor_A,0.9815384745597839,0.06365955836823589,59.06902784651948,42.610501162267376,1.1287869349179773,738.3943188619437,1476.4370084449997
fine,Banchor_B,0.9815384745597839,0.06485403479383758,65.97841808469522,42.60892464745332,1.130427150945176,747.6672254192275,1482.0753512017327
fine,Aanchor_A,0.9815384745597839,0.06364574917428516,59.04444450789897,42.61052592852404,1.1287611869434837,737.9412812528641,1475.8111242564655
fine,Aanchor_B,0.9815384745597839,0.0648401747808702,65.95372928702625,42.608948872230805,1.1304019293116216,747.2144454196157,1481.4514370830284
fine,Banchor_A,0.9826923161745071,0.06367215796644607,58.71139500410929,42.61194363260896,1.1272882646742963,738.1904492533206,1476.1421628601663
fine,Banchor_B,0.9826923161745071,0.0648678223245165,65.62235072042127,42.610365624560266,1.1289278556518956,747.467421297539,1481.7806376813476
fine,Aanchor_A,0.9826923161745071,0.0636581336516991,58.6868951392463,42.611968525689235,1.1272624192106828,737.7367696879222,1475.5165139588114
fine,Aanchor_B,0.9826923161745071,0.06485374786028113,65.59774499946903,42.61038997499797,1.1289025368138235,747.0140003424243,1481.1569585835412
fine,Banchor_A,0.9838461577892303,0.06368566715479691,58.357857202215314,42.6133863276817,1.125791351166326,737.992960347317,1475.849512231252
fine,Banchor_B,0.9838461577892303,0.06488251994793909,65.27037840416783,42.61180682595616,1.127430315984864,747.2740010133872,1481.4881193470796
fine,Aanchor_A,0.9838461577892303,0.06367142684528142,58.333439332972176,42.61341134871331,1.1257654073539245,737.5386311330897,1475.2240979932174
fine,Aanchor_B,0.9838461577892303,0.06486823022487229,65.24585428900232,42.61183130308466,1.1274048991796295,746.8199314333473,1480.8646746478694
fine,Banchor_A,0.9849999994039536,0.06370008717748443,58.00842606961879,42.614829248808725,1.1242961913104552,737.80186861634,1475.5590634758203
fine,Banchor_B,0.9849999994039536,0.06489812921928229,64.92251275310691,42.61324825250671,1.1259345293357599,747.0869810177959,1481.1978031164954
fine,Aanchor_A,0.9849999994039536,0.06368563019288712,57.98408871705737,42.61485439863545,1.1242701485877442,737.3468820414652,1474.9338832763738
fine,Aanchor_B,0.9849999994039536,0.0648836234150912,64.89806877203172,42.61327285737895,1.1259090137812209,746.632255124221,1480.5745921927082
fine,Banchor_A,0.9861538410186768,0.06371542111733736,57.66310797227922,42.616272417102955,1.1228027615661436,737.6171877569939,1475.2708191098143
fine,Banchor_B,0.9861538410186768,0.06491465279495102,64.57876014555063,42.61468992595553,1.1244404714800464,746.9063750483092,1480.9096915075731
fine,Aanchor_A,0.9861538410186768,0.06370074639706444,57.638849657887164,42.616297697125404,1.1227766187991908,737.1615360800923,1474.6458723269263
fine,Aanchor_B,0.9861538410186768,0.06489993013422592,64.55439482731607,42.6147146595534,1.1244148564719558,746.4509851231701,1480.2867137387464
fine,Banchor_A,0.9873076826334,0.06397770514227955,57.33114939614673,42.6173217828771,1.1217180951560517,738.0704520296338,1474.9947965489998
fine,Banchor_B,0.9873076826334,0.06517801629121325,64.24870321707915,42.61573802825815,1.12335553023376,747.3649181163908,1480.633884183429
fine,Aanchor_A,0.9873076826334,0.06396277405853233,57.30694900711324,42.61734725159366,1.121691782700942,737.6135364300228,1474.3700221599875
fine,Aanchor_B,0.9873076826334,0.06516303825230267,64.22439550173075,42.615762948864926,1.1233297464567797,746.9082667918971,1480.011078602814
fine,Banchor_A,0.9884615242481232,0.06424024547222852,57.00234416075689,42.61837197288539,1.1206336258445608,738.5281455256179,1474.7206094403361
fine,Banchor_B,0.9884615242481232,0.0654416206126819,63.921802976568756,42.61678697837993,1.1222707594687644,747.82790495748,1480.359912793991
fine,Aanchor_A,0.9884615242481232,0.06422505753450727,56.97820037089257,42.61839763082705,1.1206071435256284,738.0699597516726,1474.0960069762061
fine,Aanchor_B,0.9884615242481232,0.06542635232809162,63.8975515424915,42.61681213704554,1.1222447545262098,747.3699860066066,1479.7372789340816
fine,Banchor_A,0.9896153658628464,0.06450345965883197,56.676701349518446,42.61942237569557,1.1195499855611748,738.9902970150341,1474.44796885876
fine,Banchor_B,0.9896153658628464,0.06570546819114141,63.59806844516158,42.617836775229954,1.1211861618402876,748.2953643623829,1480.0874883913482
fine,Aanchor_A,0.9896153658628464,0.06448804851692258,56.65261283995691,42.619448173174845,1.1195233849704385,738.53083480204,1473.8235378392453
fine,Aanchor_B,0.9896153658628464,0.06568997767924399,63.57387197146007,42.61786207180636,1.121160039619364,747.8361715451952,1479.4650257731298
fine,Banchor_A,0.9907692074775696,0.06476651987806771,56.35422616340477,42.620474228364955,1.1184658995794852,739.456917190421,1474.1771724223242
fine,Banchor_B,0.9907692074775696,0.06597008751622412,63.27750421650215,42.618886664520325,1.1201025170346168,748.767307122982,1479.8169085933432
fine,Aanchor_A,0.9907692074775696,0.0647508163696466,56.33019159680597,42.62050026688847,1.118439076442073,738.9961722425312,1473.5529123946455
fine,Aanchor_B,0.9907692074775696,0.06595433979922195,63.253361390032595,42.61891215018628,1.1200762249910945,748.3068341686,1479.194616765528
fine,Banchor_A,0.991923063993454,0.06459962730113976,56.01622907891648,42.62204026862782,1.1168538136745028,739.1172498245176,1474.0504360151012
fine,Banchor_B,0.991923063993454,0.06580425238011263,62.941027213424356,42.62045139833045,1.1184894180763614,748.430486530345,1479.6902887202934
fine,Aanchor_A,0.991923063993454,0.0645836300696796,55.99224899784127,42.62206655935204,1.1168267697756482,738.6557105978118,1473.4263267605863
fine,Aanchor_B,0.991923063993454,0.06578824640713006,62.91693867185963,42.62047708398439,1.1184629578808072,747.9692204548045,1479.0681475554882
fine,Banchor_A,0.9930769205093384,0.06443326956975677,55.68156811993011,42.623606795086474,1.1152435519186683,738.7819220492704,1473.925612959383
fine,Banchor_B,0.9930769205093384,0.06563895572199994,62.60788649182094,42.62201661324647,1.1168781472930842,748.0980060607369,1479.5655823378431
fine,Aanchor_A,0.9930769205093384,0.06441697779706575,55.65764120682983,42.62363333903142,1.1152162869150217,738.3195823485657,1473.3016540331805
fine,Aanchor_B,0.9930769205093384,0.06562262190792933,62.58385092415149,42.62204260096749,1.1168514144916826,747.6359406864246,1478.94359139254
fine,Banchor_A,0.9942307770252228,0.0642674479805023,55.35025423177476,42.625173808849034,1.1136351119864674,738.4509514114268,1473.8027118166938
fine,Banchor_B,0.9942307770252228,0.06547422998137427,62.27809298622202,42.62358226460908,1.1152687493521427,747.7698832438782,1479.4427980079631
fine,Aanchor_A,0.9942307770252228,0.06425086082410551,55.326379167050334,42.625200607070724,1.1136076255010932,737.9878050167832,1473.1789027724683
fine,Aanchor_B,0.9942307770252228,0.0654575675161048,62.254109079417084,42.62360855540594,1.1152417437599913,747.3070123685186,1478.8209568371788
fine,Banchor_A,0.9953846335411072,0.06410217621963625,55.022310221980874,42.62674124468415,1.1120285595041919,738.1243818481312,1473.6817421275357
fine,Banchor_B,0.9953846335411072,0.06530998321906167,61.951669438075726,42.62514844240358,1.1136611305480697,747.4461618913534,1479.3219452668384
fine,Aanchor_A,0.9953846335411072,0.06408529286574188,54.99848568218383,42.626768298203295,1.1120008511980726,737.6604225273649,1473.0580825129387
fine,Aanchor_B,0.9953846335411072,0.06529305997119526,61.92773587529237,42.62517493636372,1.1136339554999461,746.9824793004967,1478.700253419584
fine,Banchor_A,0.9965384751558304,0.0641745526255838,54.75555918669627,42.62800732939644,1.1107325708676252,738.0835065354688,1473.466518978336
fine,Banchor_B,0.9965384751558304,0.0653834772831421,61.68647064468028,42.626413146306824,1.1123646539418208,747.4092328840021,1479.1068752543747
fine,Aanchor_A,0.9965384751558304,0.06415752047796618,54.73180554968532,42.628034425892274,1.1107048508885096,737.6191307814638,1472.843103151717
fine,Aanchor_B,0.9965384751558304,0.06536637135382904,61.662607648515696,42.626439732877245,1.1123374156504333,746.9451347896875,1478.4854270136675
fine,Banchor_A,0.9976923167705536,0.06424749022983459,54.492168041992095,42.629273859644975,1.1094376373495163,738.0475158666935,1473.2531860753097
fine,Banchor_B,0.9976923167705536,0.06537374919383229,61.4246781019758,42.627801417732414,1.1109432431102981,747.3771921724083,1478.8936957259932
fine,Aanchor_A,0.9976923167705536,0.06423027614446138,54.46848429333032,42.62930104777989,1.109409856050183,737.5827195506427,1472.630013487981
fine,Aanchor_B,0.9976923167705536,0.06535649790253692,61.40088281946233,42.62782804169133,1.110916001369176,746.9126744617392,1478.272490544533
fine,Banchor_A,0.9988461583852768,0.06423727672394862,54.23216329179544,42.63066388369905,1.108018178143921,738.016416391733,1473.0417861997596
fine,Banchor_B,0.9988461583852768,0.06544841612728582,61.166310061870384,42.62906693105515,1.109649103305306,747.350046298859,1478.6824494699472
fine,Aanchor_A,0.9988461583852768,0.06421991478158227,54.208546568224584,42.63069111301122,1.107990390367849,737.551195386788,1472.4188562649078
fine,Aanchor_B,0.9988461583852768,0.06543101591257279,61.14258330443502,42.62909359791875,1.1096218494495682,746.8851048609486,1478.061486762368
fine,Banchor_A,1.0,0.06431142262650585,53.97561281453568,42.631931195794444,1.106725612204454,737.9902142811333,1472.8322430574983
fine,Banchor_B,1.0,0.06552361378354737,60.911313565216986,42.63033296014699,1.1083559445315996,747.3278014869022,1478.473060209554
fine,Aanchor_A,1.0,0.06429387662842995,53.95206393019627,42.631958519762044,1.1066977603615042,737.524564455846,1472.2095551047742
fine,Aanchor_B,1.0,0.06550606431624302,60.88765432687046,42.630359670343466,1.1083286782022876,746.8624322063336,1477.8523393069167
fine,Banchor_A,1.0011538565158844,0.06430923861558048,53.6657267338384,42.63322174422412,1.1054108964618792,737.9369217128927,1472.6196285250383
fine,Banchor_B,1.0011538565158844,0.06552246302135227,60.60278428453241,42.63162221747491,1.1070406084987148,747.2783274295015,1478.260551708737
fine,Aanchor_A,1.0011538565158844,0.06429138408735852,53.64222312868187,42.633249320271204,1.1053828210641068,737.4701993024113,1471.9971699969535
fine,Aanchor_B,1.0011538565158844,0.06550463103592574,60.57917010664747,42.631649141266124,1.1070131567470651,746.8118873526871,1477.6400600445274
fine,Banchor_A,1.0023077130317688,0.06460583270769928,53.359561843636335,42.63407444540669,1.1045430842494544,737.8890589547275,1472.4091303974794
fine,Banchor_B,1.0023077130317688,0.06552199973897425,60.29785457691748,42.63291180803903,1.1057264940627847,747.2343020632618,1478.0501599706781
fine,Aanchor_A,1.0023077130317688,0.06458780792085647,53.33610891979434,42.6341020678314,1.1045149837127481,737.421256707127,1471.7869006734597
fine,Aanchor_B,1.0023077130317688,0.06550383420382344,60.274284007938846,42.63293902024177,1.105698781183415,746.7667839622438,1477.429896925974
fine,Banchor_A,1.0034615695476532,0.06460485557961693,53.0572594490792,42.635365686785725,1.1032302570887882,737.8466423851505,1472.2009729232025
fine,Banchor_B,1.0034615695476532,0.06579043429001454,59.996579313039334,42.63380760097481,1.104814584263144,747.195741789385,1477.8421092385845
fine,Aanchor_A,1.0034615695476532,0.06458658918375204,53.03384898913347,42.63539346240846,1.1032020342890687,737.3777530237397,1471.5789712247374
fine,Aanchor_B,1.0034615695476532,0.06579046056402746,59.97305742506066,42.633807881444085,1.1048142988655436,746.7271384116162,1477.2220740366843
fine,Banchor_A,1.0046154260635376,0.06460446174506472,52.75858133506748,42.636657371836876,1.1019185400306395,737.809814837629,1471.995183620154
fine,Banchor_B,1.0046154260635376,0.06582050414315307,59.699267274743306,42.63505475835964,1.1035462406285568,747.1627893036815,1477.6364268086872
fine,Aanchor_A,1.0046154260635376,0.06458585112547895,52.73521187495267,42.636685451277486,1.101890042449032,737.3398311250411,1471.373409145665
fine,Aanchor_B,1.0046154260635376,0.0658018586099516,59.6757866512094,42.6350822694225,1.1035182786381303,746.6930934361906,1477.0166186498438
fine,Banchor_A,1.0057692527770996,0.06461008849284748,52.49371667532064,42.637895463607336,1.1006627113064993,737.6451289875771,1471.9284423013771
fine,Banchor_B,1.0057692527770996,0.06571326713505252,59.4364473016868,42.63645904243689,1.1021198438128514,747.0028619388878,1477.5698753362649
fine,Aanchor_A,1.0057692527770996,0.06459071901055248,52.470385524859196,42.637924477405306,1.100633299025035,737.1744532928936,1471.306821329214
fine,Aanchor_B,1.0057692527770996,0.06569438166224152,59.413002205828214,42.63648672356455,1.1020917453382273,746.5324754114357,1476.9502206782934
fine,Banchor_A,1.0069230794906616,0.06450331637677466,52.23193265545496,42.639299885949264,1.0992399016335141,737.4838177568156,1471.863170026429
fine,Banchor_B,1.0069230794906616,0.06572091156536052,59.17660757529996,42.63769566968732,1.1008652705940916,746.8463184721824,1477.504793198426
fine,Aanchor_A,1.0069230794906616,0.06448368661581803,52.20863534431236,42.63932909925777,1.099210325386341,737.012446525041,1471.2417023863236
fine,Aanchor_B,1.0069230794906616,0.06570125491096515,59.153199587745526,42.637724302802006,1.1008362388773851,746.3752377449379,1476.8852918721545
fine,Banchor_A,1.0080769062042236,0.06439696323541612,51.97307981539833,42.64070479870385,1.0978184353344376,737.3258926167499,1471.7994108400865
fine,Banchor_B,1.0080769062042236,0.06561597159422106,58.919840015522,42.63909885860919,1.0994434480669182,746.6931703760275,1477.4412244381367
fine,Aanchor_A,1.0080769062042236,0.06437707258802575,51.9498153728001,42.64073421231886,1.0977886948032873,736.8538222876086,1471.178096288691
fine,Aanchor_B,1.0080769062042236,0.06559608939407413,58.896464721261964,42.63912763992701,1.0994143037759165,746.2213919039604,1476.8218762013637
fine,Banchor_A,1.0092307329177856,0.0642910548684439,51.7171493327298,42.64211024999956,1.0963982633543108,737.1713548131871,1471.73724354446
fine,Banchor_B,1.0092307329177856,0.06551151375734006,58.66599754209723,42.640502531900076,1.0980229720441088,746.5434192181352,1477.379247868323
fine,Aanchor_A,1.0092307329177856,0.0642708685837722,51.69391679004056,42.64213991487807,1.0963683075724033,736.6985817739629,1471.1160817197485
fine,Aanchor_B,1.0092307329177856,0.06549133689435511,58.642653978070975,42.64053156285699,1.097993612949985,746.0709394039457,1476.7600523602564
fine,Banchor_A,1.01038458943367,0.06418508542784018,51.47599204011707,42.643487535509536,1.0950083345043136,736.9926966708974,1471.7416084954937
fine,Banchor_B,1.01038458943367,0.06540209120879013,58.42636799486951,42.64188516986944,1.0966255773590827,746.3688485229613,1477.3837269039254
fine,Aanchor_A,1.01038458943367,0.06416477680060789,51.452804731113,42.64351720634427,1.094978410691094,736.5193498372939,1471.1205631950606
fine,Aanchor_B,1.01038458943367,0.06538173863187983,58.40306926338316,42.641914285342864,1.0965961702668134,745.8957959511675,1476.7646479580212
fine,Banchor_A,1.0115384459495544,0.06407564256608704,51.23827421264956,42.64487119068648,1.0936137517976812,736.8205261376175,1471.7476433819136
fine,Banchor_B,1.0115384459495544,0.06529842228627816,58.1901865091954,42.64326059991422,1.0952372320383252,746.2007792988973,1477.3898761586454
fine,Aanchor_A,1.0115384459495544,0.06405510682357385,51.21513085577513,42.64490102171338,1.0935837047448747,736.3465989241544,1471.1267142452732
fine,Aanchor_B,1.0115384459495544,0.065277863094321,58.166931572678514,42.643289844789614,1.0952077316450748,745.7271474064119,1476.7709134156944
fine,Banchor_A,1.0126923024654388,0.06396725840116983,51.003998133191004,42.646254575680786,1.0922212170026153,736.6548243424768,1471.7553512778106
fine,Banchor_B,1.0126923024654388,0.0651912283269403,57.95744991457011,42.64464249253456,1.093844133529332,746.039194697601,1477.3976987067251
fine,Aanchor_A,1.0126923024654388,0.06394656316992087,50.980897566410285,42.64628446742185,1.0921911471345949,736.1803101258073,1471.1345379440963
fine,Aanchor_B,1.0126923024654388,0.06517047606607837,57.934237497477746,42.64467184719746,1.0938145600550369,745.5649768838276,1476.7788518071438
fine,Banchor_A,1.0138461589813232,0.06381915066436815,50.773140539363176,42.647697514207714,1.0907706240528752,736.4955510059644,1471.7647348840478
fine,Banchor_B,1.0138461589813232,0.06508513842863306,57.72817329154738,42.646024006532436,1.09245318795139,745.8840549073051,1477.4071972449995
fine,Aanchor_A,1.0138461589813232,0.06379820484293511,50.75008049995974,42.647727598473345,1.090740400709092,736.020443126483,1471.1440369878312
fine,Aanchor_B,1.0138461589813232,0.06506415811800109,57.705002236254046,42.64605352227609,1.0924234900101888,745.4092445355567,1476.788465824642
fine,Banchor_A,1.0150000154972076,0.06371216055038952,50.555493231440195,42.6490238947609,1.0894389068496726,736.3632646684656,1471.7509389078766
fine,Banchor_B,1.0150000154972076,0.06497929843977254,57.51234048004788,42.647349012398166,1.0911207980173037,745.7560070937034,1477.3935546292334
fine,Aanchor_A,1.0150000154972076,0.06369097221892756,50.53248181515968,42.64905418052369,1.0894085182267412,735.8874791289974,1471.130332469007
fine,Aanchor_B,1.0150000154972076,0.06495811089895548,57.489217876682496,42.647378677666545,1.0910909860344553,745.2805203108505,1476.7749146744343
fine,Banchor_A,1.016153872013092,0.06360552009019128,50.34083968693861,42.65035088307108,1.0881082064494099,736.2346959546064,1471.7398056708696
fine,Banchor_B,1.016153872013092,0.06487377222779812,57.29950296728401,42.64867467917867,1.0897893697252488,745.6316831837671,1477.3825749397613
fine,Aanchor_A,1.016153872013092,0.06358408898203617,50.31787570598376,42.650381370545645,1.088077652798006,735.7582289664771,1471.1192900024187
fine,Aanchor_B,1.016153872013092,0.06485237724471264,57.276427633241454,42.64870449410705,1.0897594439055638,745.155516216066,1476.7640257657902
fine,Banchor_A,1.0173077285289764,0.06349248581177704,50.12926035463613,42.65168827703029,1.0867687158450745,736.1097318650371,1471.730567816631
fine,Banchor_B,1.0173077285289764,0.06480238888578388,57.08969123632272,42.64995128990002,1.0885087463119965,745.5109701987794,1477.3734908306378
fine,Aanchor_A,1.0173077285289764,0.06347078173672885,50.106342422498294,42.65171900114773,1.0867379629447955,735.6325798760327,1471.1101422385177
fine,Aanchor_B,1.0173077285289764,0.06478073149264724,57.066662920979674,42.649981334333475,1.0884786255736725,745.0341195088292,1476.7550317588516
fine,Banchor_A,1.0184615850448608,0.06338628557238135,49.92069323904338,42.653016617744036,1.0854399249271076,735.9885960615029,1471.7232297086673
fine,Banchor_B,1.0184615850448608,0.06469754051285087,56.88295982702687,42.65127808406836,1.0871793764606756,745.3940917088662,1477.3663066596591
fine,Aanchor_A,1.0184615850448608,0.06336433767139642,49.89782033772736,42.65304754458171,1.0854090069692135,735.5107555816372,1471.102893537102
fine,Aanchor_B,1.0184615850448608,0.06467564070460517,56.85997641093827,42.651308329147305,1.0871490916014819,744.9165538217869,1476.7479370077072
fine,Banchor_A,1.0196154117584229,0.06334329233019176,49.7242688735853,42.65427671378563,1.084180903491339,735.9887539467147,1471.7401608975902
fine,Banchor_B,1.0196154117584229,0.0645541538600939,56.688170758732745,42.65268623893122,1.0857702638417845,745.3981136956905,1477.383386755591
fine,Aanchor_A,1.0196154117584229,0.06332118729042582,49.70142870514425,42.65430769274856,1.0841499693466339,735.5104036535024,1471.1199364445729
fine,Aanchor_B,1.0196154117584229,0.06453198787494697,56.665216971624446,42.65271668539357,1.0857398168512415,744.92006716149,1476.7651288873972
fine,Banchor_A,1.0207692384719849,0.06329962321645691,49.5303259453856,42.65553870763666,1.0829214495262902,735.9915774152009,1471.7587551341348
fine,Banchor_B,1.0207692384719849,0.06451474092056737,56.495754678813576,42.65394224844062,1.0845149411677908,745.4048238123236,1477.4021302628016
fine,Aanchor_A,1.0207692384719849,0.06327733006852969,49.50751775043856,42.655569784117404,1.0828904540544495,735.5127155591767,1471.138641986721
fine,Aanchor_B,1.0207692384719849,0.06449245294248403,56.472832721473615,42.653972695211095,1.08448452907103,744.9262668928735,1476.7839837668043
fine,Banchor_A,1.0219230651855469,0.06325960606327449,49.33882117218496,42.65679623178165,1.0816679115723462,735.9969610169326,1471.779017666383
fine,Banchor_B,1.0219230651855469,0.06449266501279798,56.305809269034825,42.65517370533359,1.0832855667671843,745.4141166667702,1477.4225424295441
fine,Aanchor_A,1.0219230651855469,0.06323710004274037,49.31604431957105,42.65682744221589,1.0816368185316383,735.5175858452436,1471.1590154111725
fine,Aanchor_B,1.0219230651855469,0.06447017562688946,56.28291888439153,42.6552042688689,1.083255072646678,744.9350476204978,1476.8045068937317
fine,Banchor_A,1.0230768918991089,0.06328583237971601,49.1498970443293,42.65795734631881,1.0805117660899408,736.0082442596092,1471.800953774861
fine,Banchor_B,1.0230768918991089,0.0645236084631092,56.11834222203264,42.65632825408379,1.082134236231887,745.4293273384052,1477.4446285479305
fine,Aanchor_A,1.0230768918991089,0.0632632159630904,49.12715271052555,42.65798853942674,1.0804807235256133,735.5283426571237,1471.1810619716812
fine,Aanchor_B,1.0230768918991089,0.06450101240780115,56.09548423295697,42.65635879457895,1.0821037974840135,744.9497330815044,1476.8267035335261
fine,Banchor_A,1.0242307484149933,0.06312019681303781,48.95663920663928,42.65926880049128,1.0792074104054779,735.9169625605549,1471.9035987555292
fine,Banchor_B,1.0242307484149933,0.06435906121975722,55.92688399065995,42.65763842763683,1.0808291967895969,745.3415487315721,1477.547441029092
fine,Aanchor_A,1.0242307484149933,0.06309729056380363,48.93389793274412,42.65930025242542,1.079176148052236,735.4360720606046,1471.28378193869
fine,Aanchor_B,1.0242307484149933,0.06433614231038126,55.904029062066485,42.65766927530509,1.080798488974267,744.8609673864548,1476.9295911491008
fine,Banchor_A,1.0253846049308777,0.06295476769072612,48.765921268128736,42.660580893683374,1.0779039948830895,735.8291368728101,1472.007948209036
fine,Banchor_B,1.0253846049308777,0.06419477481802074,55.73796738512037,42.658949160844436,1.0795251747542853,745.2572295686749,1477.6519581703078
fine,Aanchor_A,1.0253846049308777,0.06293157109946719,48.74318183994988,42.66061260499421,1.077872512788896,735.3472508413383,1471.3882059743598
fine,Aanchor_B,1.0253846049308777,0.06417151015674938,55.71511430891584,42.658980349112824,1.079494165345954,744.7756545203295,1477.0341830218927
fine,Banchor_A,1.026538461446762,0.06278957973145104,48.577749006698824,42.66189357650086,1.0766015688992918,735.7447791830274,1472.1140550677078
fine,Banchor_B,1.026538461446762,0.06403065068111141,55.551598177572515,42.66026060006263,1.078222024898864,745.1763818174214,1477.7582329107763
fine,Aanchor_A,1.026538461446762,0.06276612583085057,48.555010207301436,42.66192549847305,1.076569915961881,735.2618909596256,1471.4943870101843
fine,Aanchor_B,1.026538461446762,0.06400715155856646,55.528745742947706,42.660291965308765,1.07819087717571,744.6938064245892,1477.140532090308
fine,Banchor_A,1.0276923179626465,0.06261371425527408,48.39212211417246,42.66322284733146,1.0752842881773432,735.6639883418313,1472.2218609817692
fine,Banchor_B,1.0276923179626465,0.0638668010102262,55.36778877251649,42.66157254319987,1.0769199483147371,745.0991026393847,1477.8662068863537
fine,Aanchor_A,1.0276923179626465,0.06258992859060197,48.36938239319787,42.66325508902144,1.0752523573383896,735.18009147705,1471.6022666938413
fine,Aanchor_B,1.0276923179626465,0.06384301014994644,55.344935765983806,42.661604169340265,1.076888579437752,744.6155204717226,1477.2485799876074
fine,Banchor_A,1.0288461744785309,0.06226476977585011,48.25568645201338,42.66478475251711,1.073738530887683,735.2410852943124,1472.422910508596
fine,Banchor_B,1.0288461744785309,0.06349864535743883,55.233120936714386,42.66316296025441,1.0753436003829575,744.6798559017465,1478.067373754127
fine,Aanchor_A,1.0288461744785309,0.062240763817333705,48.23294259483611,42.664817126332196,1.0737065152891734,734.7567881275054,1471.8033511094432
fine,Aanchor_B,1.0288461744785309,0.06347470348629868,55.21026309534611,42.66319461649668,1.075312247609484,744.1958742105527,1477.4497819852952
fine,Banchor_A,1.0300000309944153,0.06189061333937415,48.12145062026061,42.66638442324103,1.0721577017949562,734.8214978529277,1472.6253462380537
fine,Banchor_B,1.0300000309944153,0.06315181491837173,55.10067607800276,42.664722881823394,1.0737997196371742,744.2639418664746,1478.2699270759267
fine,Aanchor_A,1.0300000309944153,0.061866419265185386,48.098700981831584,42.66641687874856,1.0721256526635707,734.3367961749689,1472.0058214241456
fine,Aanchor_B,1.0300000309944153,0.06312765315987415,55.07781319415068,42.664754669237944,1.0737682821507757,743.7795564573793,1477.6523701345675
fine,Banchor_A,1.0311538875102997,0.06159987340735136,47.98942552261125,42.66786231362763,1.0706992871078003,734.4051847168473,1472.829170185092
fine,Banchor_B,1.0311538875102997,0.06277949694499234,54.970434982251554,42.66632094576855,1.072220387233872,743.8513189558536,1478.4738688667696
fine,Aanchor_A,1.0311538875102997,0.06157550548949616,47.96667181621828,42.6678948313516,1.0706672202186671,733.9200743389589,1472.2096796530038
fine,Aanchor_B,1.0311538875102997,0.06275511320628821,54.94756539842179,42.66635286425449,1.0721888665494217,743.3665256547898,1477.8563464505467
fine,Banchor_A,1.032307744026184,0.061214291694395864,47.859663445003086,42.66948016074065,1.0691050344760982,733.9921651754889,1473.0343768832793
fine,Banchor_B,1.032307744026184,0.06246380402283932,54.84239805877498,42.667836571136604,1.07072467337881,743.442006358248,1478.6791936559964
fine,Aanchor_A,1.032307744026184,0.06118971688037436,47.83690183898547,42.66951279034739,1.069072905168348,733.5066419193678,1472.4149203284614
fine,Aanchor_B,1.032307744026184,0.06243922460706241,54.81952268008735,42.66786858326067,1.0706931043239727,742.9568010016686,1478.0617054614436
fine,Banchor_A,1.033461570739746,0.06105929592496882,47.68906399467348,42.6706895891858,1.0679147949450893,733.6845204497555,1473.2030074323027
fine,Banchor_B,1.033461570739746,0.06221708774097852,54.67322360090133,42.66918094102403,1.0693997113861895,743.137715561442,1478.847920765881
fine,Aanchor_A,1.033461570739746,0.06104047380261754,47.66633310436213,42.670713611420894,1.0678911672753488,733.1986157280656,1472.583601328796
fine,Aanchor_B,1.033461570739746,0.06219231956352835,54.65037564233687,42.6692130710915,1.0693680652309558,742.6521293672594,1478.2304832176897
fine,Banchor_A,1.034615397453308,0.06081843685391449,47.5214195460237,42.672026096572665,1.0666010339228762,733.3817853060706,1473.3723479380092
fine,Banchor_B,1.034615397453308,0.06197879925625043,54.50689304994681,42.670513991989225,1.0680875238347562,742.8383726621983,1479.0173580677667
fine,Aanchor_A,1.034615397453308,0.060793505567264934,47.49871539559968,42.67205893054928,1.0665687791047007,732.8954954846613,1472.7529917730033
fine,Aanchor_B,1.034615397453308,0.06195381996380102,54.48407184967503,42.67054627285299,1.0680557681696634,742.3524020135089,1478.3999706535346
fine,Banchor_A,1.0357692241668701,0.06060298615634252,47.35664770361361,42.67332627234511,1.0653245370939532,733.0839688420696,1473.5431596231358
fine,Banchor_B,1.0357692241668701,0.061825215092746605,54.3435091761375,42.67172368966661,1.0668981525420453,742.5439748654899,1479.1882668029248
fine,Aanchor_A,1.0357692241668701,0.06057783799765698,47.33397030254342,42.673359262713454,1.065292167431055,732.5972902887241,1472.9238529634474
fine,Aanchor_B,1.0357692241668701,0.06180009195228903,54.320716513332684,42.67175602119591,1.0668663824535676,742.0576161463547,1478.5709290906284
fine,Banchor_A,1.0369230508804321,0.060358134949410995,47.194736734786225,42.67467066841332,1.064006231811632,732.7910607040249,1473.715577258348
fine,Banchor_B,1.0369230508804321,0.061611645081288594,54.18302017116056,42.67302248758375,1.065622652454011,742.2545009643765,1479.3607818196722
fine,Aanchor_A,1.0369230508804321,0.06033279729797012,47.172084194816854,42.67470377763364,1.0639737857354454,732.3039897620894,1473.0963196405598
fine,Aanchor_B,1.0369230508804321,0.061586305290279635,54.16025317174808,42.67305497478092,1.065590767567849,741.767750533553,1478.7434933471584
fine,Banchor_A,1.0380769073963165,0.06005122808014947,47.060983286040155,42.67610275374745,1.0626037334479463,732.456189182524,1473.9178227353532
fine,Banchor_B,1.0380769073963165,0.06130627046879579,54.0513165766105,42.67445266764106,1.0642198909558624,741.9241683358573,1479.5631773861758
fine,Aanchor_A,1.0380769073963165,0.0600256952664848,47.03833907433206,42.6761359997071,1.062571196318003,731.9686983285802,1473.2985823972392
fine,Aanchor_B,1.0380769073963165,0.06128073713056541,54.02855786024351,42.67448528904269,1.0641879165012935,741.4369988992092,1478.9459064288067
fine,Banchor_A,1.039230763912201,0.0597442774167417,46.92915343914542,42.67753560936904,1.0612023308773095,732.1233816172288,1474.1215104282617
fine,Banchor_B,1.039230763912201,0.06100089249037597,53.921539775358745,42.675883559307685,1.0628182794323944,741.5959087582088,1479.767015320402
fine,Aanchor_A,1.039230763912201,0.05971858376776652,46.906516868714206,42.677568941595666,1.061169752343523,731.6354687214794,1473.502286972963
fine,Aanchor_B,1.039230763912201,0.06097516472693412,53.89878865903554,42.67591631613138,1.0627862145296398,741.1083181958542,1479.149761482468
fine,Banchor_A,1.0403846204280853,0.05943738539614755,46.79925072092445,42.678969085854014,1.0598021704966039,731.7926653822954,1474.3266427919925
fine,Banchor_B,1.0403846204280853,0.06069551134822858,53.7936932973816,42.67731516326801,1.0614178175360456,741.2697496127479,1479.972298077355
fine,Aanchor_A,1.0403846204280853,0.059411461854971946,46.77662110447466,42.67900260566959,1.0597694518447078,731.304328285708,1473.7074358213556
fine,Aanchor_B,1.0403846204280853,0.060669588742949816,53.77094909780402,42.67734805605431,1.0613856619715123,740.7817357756484,1479.3550609618605
fine,Banchor_A,1.0415384769439697,0.05913043199108833,46.67128327130613,42.68040332467555,1.058403114355513,731.464032073359,1474.533213675224
fine,Banchor_B,1.0415384769439697,0.06039013888032166,53.667785210895616,42.67874742737239,1.0600185565026943,740.9456823525313,1480.1790195000838
fine,Aanchor_A,1.0415384769439697,0.05910431250087422,46.6486599210187,42.680436982176786,1.0583703046805468,730.9752686585272,1473.9140227907785
fine,Aanchor_B,1.0415384769439697,0.06036402152006817,53.645047244256475,42.6787804559284,1.0599863107789311,740.4572431332462,1479.5617987097046
fine,Banchor_A,1.0426923334598541,0.058771393523044585,46.564517142950926,42.68182638396442,1.0570167888839066,731.0894158977259,1474.8436261819372
fine,Banchor_B,1.0426923334598541,0.060032065562205965,53.56242019813651,42.68016932263368,1.0586312500480932,740.5735547573555,1480.4895222080572
fine,Aanchor_A,1.0426923334598541,0.05874504086652904,46.541884217941934,42.68186020828559,1.0569838597817132,730.6000928323052,1474.2244542693472
fine,Aanchor_B,1.0426923334598541,0.06000571561389352,53.5396726851773,42.6802025169789,1.0585988848807126,740.0845568256851,1479.8723207097198
fine,Banchor_A,1.0438461899757385,0.058412844141707075,46.460006089085184,42.683249548373574,1.0556321770538488,730.7186053004438,1475.155383144217
fine,Banchor_B,1.0438461899757385,0.05967452603957663,53.45931253574169,42.68159125797342,1.0572457202134344,740.2052417805312,1480.8013695382315
fine,Aanchor_A,1.0438461899757385,0.05838625782392158,46.437362490432506,42.6832835400258,1.0555991283998685,730.2287164638278,1474.5362298182279
fine,Aanchor_B,1.0438461899757385,0.0596479433148721,53.436554383004655,42.6816246181697,1.057213235911317,739.7156790329514,1480.1841869476868
fine,Banchor_A,1.045000046491623,0.05805482199231756,46.35775522381607,42.68467276335417,1.0542493298554225,730.3518766900688,1475.46852640467
fine,Banchor_B,1.045000046491623,0.05931751857342842,53.358467334051866,42.68301323740198,1.0558619608756892,739.8410197252039,1481.114603330938
fine,Aanchor_A,1.045000046491623,0.05802799955181703,46.335099850631664,42.6847069257358,1.0542161587212435,729.8614158542248,1474.849391301045
fine,Aanchor_B,1.045000046491623,0.059290702131835536,53.335697446140614,42.68304676461504,1.0558293566738484,739.3508859513701,1480.4974392849927
fine,Banchor_A,1.0461539030075073,0.05769732305210963,46.25777325523743,42.686096003626325,1.0528682696203668,729.9889764684257,1475.783024333053
fine,Banchor_B,1.0461539030075073,0.0589610001656963,53.25989324617453,42.68443529283492,1.054479938833099,739.480634986182,1481.4291919536258
fine,Aanchor_A,1.0461539030075073,0.05767026412213145,46.235105005154466,42.68613033706634,1.052834976065386,729.4979374961692,1475.1639070755687
fine,Aanchor_B,1.0461539030075073,0.05893394733066124,53.23711052623968,42.68446899078461,1.0544472114907257,738.9899240661251,1480.8120460770706
fine,Banchor_A,1.0473077297210693,0.057299791686907194,46.13374807935561,42.687540401201574,1.0514685288234857,729.5020404560235,1476.0712357716127
fine,Banchor_B,1.0473077297210693,0.058546115046409455,53.13764561990723,42.685905502501654,1.053053020009715,738.9971654512215,1481.717536567664
fine,Aanchor_A,1.0473077297210693,0.05727256749083698,46.11106776554514,42.6875747817106,1.0514352339487854,729.0106602059109,1475.4520837874632
fine,Aanchor_B,1.0473077297210693,0.058518888325298835,53.114850062531886,42.68593926011828,1.053020279084845,738.5061138738862,1481.1003563330476
fine,Banchor_A,1.0484615564346313,0.05688472787348844,46.01257803168775,42.68901152615688,1.0500447998296667,729.0289157154239,1476.360608202026
fine,Banchor_B,1.0484615564346313,0.058151166978592954,53.01824661975921,42.68734744276442,1.051655413771351,738.5275176299824,1482.0070426226027
fine,Aanchor_A,1.0484615564346313,0.056857362681762724,45.98988425692678,42.68904591836236,1.0500115387259141,728.5371826544064,1475.7414212701763
fine,Aanchor_B,1.0484615564346313,0.058123775249647125,52.99543814006312,42.687381246756146,1.0516226713820482,738.0361138985886,1481.3898278098693
fine,Banchor_A,1.0496153831481934,0.05647079771342331,45.89422089247936,42.69048200063257,1.048623626864658,728.5790089708424,1476.6511423105
fine,Banchor_B,1.0496153831481934,0.057738513160987416,52.90168869733043,42.68881637462248,1.050233553110779,738.0810711047421,1482.2977108041794
fine,Aanchor_A,1.0496153831481934,0.05644322317297095,45.871512908954344,42.69051650490004,1.0485903025497725,728.0869140898689,1476.0319202101373
fine,Aanchor_B,1.0496153831481934,0.05771094685854289,52.87886589439925,42.68885023929628,1.050200796293906,737.5893062455061,1481.6804611934965
fine,Banchor_A,1.0507692098617554,0.05616549868347485,45.77883021780921,42.69179410987302,1.0473571335043377,728.1378563147409,1476.9428583612294
fine,Banchor_B,1.0507692098617554,0.057327057429716236,52.78794577077291,42.690284621643066,1.0488142763847477,737.6434001336253,1482.5895613851533
fine,Aanchor_A,1.0507692098617554,0.05613743829630049,45.75611054580589,42.691829133779926,1.047323348182515,727.6453960432369,1476.323600869382
fine,Aanchor_B,1.0507692098617554,0.05729931634435901,52.76510790503504,42.690318547306696,1.0487815049212004,737.1512705951563,1481.972276754555
fine,Banchor_A,1.0519230663776398,0.05582020103647774,45.69857819837111,42.69313700217736,1.0460625111274566,727.699417560438,1477.2683580245912
fine,Banchor_B,1.0519230663776398,0.05706998473687988,52.71016270422594,42.691498428950545,1.0476424014121988,737.2115098215896,1482.915230057975
fine,Aanchor_A,1.0519230663776398,0.055792008262462035,45.67587158359107,42.69317206564849,1.0460287294498758,727.2069265521886,1476.649087691195
fine,Aanchor_B,1.0519230663776398,0.057041828580552845,52.68734086957937,42.69153281041785,1.0476092267676451,736.7193499105554,1482.297932969589
fine,Banchor_A,1.0530769228935242,0.055455096618101864,45.62014985515839,42.69450964334347,1.0447408630205004,727.2636746785183,1477.594960381479
fine,Banchor_B,1.0530769228935242,0.0567270951852325,52.634223517003946,42.69283887574911,1.0463497832093267,736.7823349614907,1483.2420016112544
fine,Aanchor_A,1.0530769228935242,0.055426828120238546,45.597454943256714,42.69454466274672,1.0447071664269862,726.7711507925758,1476.9756768318316
fine,Aanchor_B,1.0530769228935242,0.056698840459482466,52.61141396952981,42.6928732467731,1.0463166595609834,736.2901425473289,1482.62469169132
fine,Banchor_A,1.0542307794094086,0.055090392663834004,45.54353407974749,42.69588236292893,1.043420809387344,726.8305876838951,1477.9226764629866
fine,Banchor_B,1.0542307794094086,0.056364453368408854,52.5601184544861,42.69420898707065,1.0450302071421305,736.3558360971792,1483.5698870758986
fine,Aanchor_A,1.0542307794094086,0.055062014100631315,45.52085024019569,42.69591738858366,1.0433871493625972,726.3380287213514,1477.303379321653
fine,Aanchor_B,1.0542307794094086,0.056336089733016015,52.5373198395979,42.694243362381684,1.0449971211406006,735.8636089914188,1482.9525639499332
fine,Banchor_A,1.055384635925293,0.05472606980829733,45.468737268068445,42.6972551599892,1.042102349310476,726.4001645536276,1478.2514783755453
fine,Banchor_B,1.055384635925293,0.05600219760794677,52.48783719795651,42.69557916963303,1.043712226739607,735.9320211251027,1483.898858551003
fine,Aanchor_A,1.055384635925293,0.05469758101101726,45.44606387022153,42.69729019205017,1.0420687256697416,725.907568305842,1477.6321672706795
fine,Aanchor_B,1.055384635925293,0.05597372454381027,52.46504888846288,42.69561354990007,1.0436791777017422,735.439757129575,1483.2815218480928
fine,Banchor_A,1.056538462638855,0.05435889757495596,45.421669466278104,42.698578757357716,1.0408327190716644,726.0891044829256,1478.585643292361
fine,Banchor_B,1.056538462638855,0.05563639649210198,52.44255446542164,42.696901078217756,1.0424422565719884,735.6249564516501,1484.2331451574205
fine,Aanchor_A,1.056538462638855,0.05433019779195315,45.398963655272155,42.69861393588424,1.0407989959922623,725.5959864480166,1477.9663715041768
fine,Aanchor_B,1.056538462638855,0.055607713461492986,52.41973382068038,42.69693560319147,1.042409108815532,735.1321716959054,1483.615848152602
fine,Banchor_A,1.057692289352417,0.053991901846282386,45.37632450308024,42.699902718769366,1.039564287106467,725.7808285139673,1478.921082909251
fine,Banchor_B,1.057692289352417,0.05527077174908922,52.398999590224854,42.69822335207862,1.041173481397224,735.3206955746604,1484.568706703578
fine,Aanchor_A,1.057692289352417,0.053962956153521854,45.35358542774077,42.699938094882505,1.0395304159464531,725.287184168005,1478.3018500501958
fine,Aanchor_B,1.057692289352417,0.05524187745420365,52.376145763540904,42.69825802351341,1.041140233540211,734.8273855498138,1483.9514490103688
fine,Banchor_A,1.058846116065979,0.053620015120019224,45.332701671981624,42.701234484281855,1.0382899378503094,725.4753409647619,1479.2577910974976
fine,Banchor_B,1.058846116065979,0.05490533749922441,52.35717540898162,42.69954597130601,1.039905919683267,735.0192428450221,1484.9055370593376
fine,Aanchor_A,1.058846116065979,0.05359085410862789,45.30992829058745,42.70127001286781,1.0382559624061913,724.981165777346,1478.6385967827832
fine,Aanchor_B,1.058846116065979,0.05487623203169974,52.33428755281835,42.699580788916954,1.0398725723019864,734.5254030358036,1484.288318294012
fine,Banchor_A,1.059999942779541,0.053253321100967886,45.29080462156928,42.70255925091043,1.037023835606613,725.1726461579791,1479.5957679378323
fine,Banchor_B,1.059999942779541,0.05453499366075765,52.31708333576565,42.70087642218524,1.0386324092352142,734.7206026183376,1485.2436363051218
fine,Aanchor_A,1.059999942779541,0.053224015494656614,45.267996269696056,42.70259482803944,1.0369898552289185,724.6779355922404,1478.9766117828945
fine,Aanchor_B,1.059999942779541,0.05450567237849766,52.29416041063444,42.700911392583045,1.0385989565388472,734.2262285030945,1484.6264560841778
fine,Banchor_A,1.0611537992954254,0.052843991506040425,45.20475367389541,42.70390200842449,1.0357421146473034,724.8691094643218,1480.0206704976422
fine,Banchor_B,1.0611537992954254,0.05412654795080658,52.23241932706758,42.7022181284078,1.0373497045812818,734.4193269182624,1485.6686171315944
fine,Aanchor_A,1.0611537992954254,0.052814398837057415,45.181914567118575,42.703937841987646,1.035707931649752,724.3736863910525,1479.401420051947
fine,Aanchor_B,1.0611537992954254,0.054096975721077065,52.2094657844293,42.70225330207064,1.0373160989986603,733.924241630004,1485.051343051574
fine,Banchor_A,1.0623076558113098,0.05243526220101317,45.12042633591738,42.705244447379314,1.0344622813602566,724.5685890902838,1480.4464024990534
fine,Banchor_B,1.0623076558113098,0.05371871301622294,52.14948152397586,42.70355950128558,1.0360689021555034,734.121091038451,1486.0944275644938
fine,Aanchor_A,1.0623076558113098,0.05240541606568473,45.097555602617504,42.705280487887826,1.0344279434357126,724.0724494112409,1479.827057521126
fine,Aanchor_B,1.0623076558113098,0.05368888864437303,52.126496496790594,42.70359487980079,1.0360351425902812,733.625290494345,1485.477059384511
fine,Banchor_A,1.0634615123271942,0.052027177303983346,45.03782306962519,42.70658655662599,1.0331843432716792,724.2710740655014,1480.8732868776765
fine,Banchor_B,1.0634615123271942,0.05331149418017687,52.06827051061805,42.704900586655995,1.0347899551366806,733.825873765527,1486.5213905296996
fine,Aanchor_A,1.0634615123271942,0.05199704252361284,45.014919834347126,42.70662285554649,1.0331498018708627,723.774213633165,1480.2538471082646
fine,Aanchor_B,1.0634615123271942,0.05328141671080073,52.045253128038745,42.70493617124872,1.0347560408437506,733.3293538323771,1485.9039279914903
fine,Banchor_A,1.0646153688430786,0.05161965025004736,44.956949994920116,42.70792843713955,1.0319082012956735,723.9765804643945,1481.301014935617
fine,Banchor_B,1.0646153688430786,0.05290490596231924,51.98879235753921,42.706241337087626,1.0335129057075125,733.5336895375775,1486.9491973355136
fine,Aanchor_A,1.0646153688430786,0.051589329361336866,44.93401338197432,42.707964843770576,1.0318736001917266,723.4789951456976,1480.6814801376274
fine,Aanchor_B,1.0646153688430786,0.05287460854809338,51.965741748496114,42.70627707892831,1.0334788835892033,733.0364460964769,1486.331640202615
fine,Banchor_A,1.065769225358963,0.05104506539619033,44.87888466544948,42.709453893858004,1.0304593908166677,723.223259826985,1481.7044806459132
fine,Banchor_B,1.065769225358963,0.05233172857047116,51.91231196540768,42.70776501809639,1.0320635301330825,732.7834385146421,1487.3527378677145
fine,Aanchor_A,1.065769225358963,0.05101462912135369,44.85593124853589,42.70949029315757,1.0304248452510203,722.7258330193488,1481.0849000886997
fine,Aanchor_B,1.065769225358963,0.05230128291023922,51.88924444275926,42.70780080050105,1.0320295171691836,732.286353145515,1486.735135440652
fine,Banchor_A,1.0669230818748474,0.050509038212206675,44.80248375054885,42.71092327164622,1.029065764978709,722.4720777558623,1482.108935468892
fine,Banchor_B,1.0669230818748474,0.051776086999787606,51.83744653542556,42.70926353549784,1.0306400735236882,732.0353576560021,1487.757267870139
fine,Aanchor_A,1.0669230818748474,0.05047847136816284,44.77951465339859,42.71095968499653,1.0290312528166707,721.9748083977772,1481.4893090382795
fine,Aanchor_B,1.0669230818748474,0.051745502215698506,51.81436240242414,42.70929934404534,1.0306060826562125,731.5384293041108,1487.1396200355618
fine,Banchor_A,1.0680769383907318,0.049934810330455784,44.72773547678324,42.712449281525615,1.027620421759362,721.7230644300638,1482.5144022620705
fine,Banchor_B,1.0680769383907318,0.05122425874659865,51.76429187737007,42.710756963327114,1.0292234048409126,731.28947697975,1488.1628101993094
fine,Aanchor_A,1.0680769383907318,0.049904126415099226,44.704748818619464,42.71248568998618,1.0275859626981878,721.2259514792611,1481.8947298353926
fine,Aanchor_B,1.0680769383907318,0.05119360175513454,51.7411909037742,42.71079270095742,1.0291895279193917,730.7927046096198,1487.5451168353932
fine,Banchor_A,1.0692307949066162,0.04936077214582309,44.65459607469429,42.71397556982151,1.0261768454094824,720.9763046605586,1482.9208664325677
fine,Banchor_B,1.0692307949066162,0.050651679850995446,51.692759978439966,42.71228140415071,1.027779325511372,730.5458808473445,1488.569350259005
fine,Aanchor_A,1.0692307949066162,0.0493299660647142,44.6315914793155,42.71401198088317,1.0261424322972368,720.4793471032842,1482.3011478891858
fine,Aanchor_B,1.0692307949066162,0.0506209054867529,51.66964096624886,42.712317137012604,1.027745500635495,730.0492634520472,1487.9516112459319
fine,Banchor_A,1.0703846216201782,0.04884993555040901,44.61575675454836,42.715350139231745,1.0248785016912263,720.4630766538133,1483.4015150283367
fine,Banchor_B,1.0703846216201782,0.05014244065962366,51.65594800059852,42.713653985333,1.0264808340128775,730.0372336179043,1489.0501139744945
fine,Aanchor_A,1.0703846216201782,0.048819011273158575,44.592738364030005,42.71538658916714,1.0248440954257305,719.9659968666965,1482.7816636778923
fine,Aanchor_B,1.0703846216201782,0.05011154276457562,51.63281515230893,42.71368976461775,1.0264470079833616,729.5404942808868,1488.432242692452
fine,Banchor_A,1.0715384483337402,0.04833930793960408,44.57825851133354,42.71672488320171,1.0235816361019796,719.9518998636865,1483.8829971280304
fine,Banchor_B,1.0715384483337402,0.049633443781130174,51.62048312547164,42.7150266933456,1.0251838632654646,729.5306605531554,1489.5317114145696
fine,Aanchor_A,1.0715384483337402,0.04830825554742577,44.55522572838879,42.71676138646098,1.023547223104064,719.4546957331349,1483.2630126656654
fine,Aanchor_B,1.0715384483337402,0.04960242283113363,51.59733584684517,42.71506251824476,1.0251500369064979,729.0337971702168,1488.9137075593958
fine,Banchor_A,1.0726922750473022,0.04782888106281843,44.5421034105566,42.71809981443306,1.0222862352286937,719.4427772354708,1484.3653130938367
fine,Banchor_B,1.0726922750473022,0.0491246871455468,51.586367430674365,42.71639953182041,1.023888408225444,729.0261646437377,1490.0141429604785
fine,Aanchor_A,1.0726922750473022,0.047797695952465705,44.519055637473684,42.71813637766311,1.0222518093181818,718.9454466469537,1483.7451952148451
fine,Aanchor_B,1.0726922750473022,0.04909352097659935,51.563205127063945,42.71643543475191,1.0238545510256565,728.5291751097881,1489.396006228173
fine,Banchor_A,1.0738461017608643,0.047318698102509174,44.50729351893054,42.719474870126845,1.0209923567184311,718.9357117194414,1484.848463294071
fine,Banchor_B,1.0738461017608643,0.04861612647563195,51.55360299504923,42.71777256633346,1.0225944055262313,728.5237488853951,1490.4974089782356
fine,Aanchor_A,1.0738461017608643,0.04728739022583383,44.484230157569385,42.719511478608695,1.0209579318278648,718.4382525574945,1484.2282116938834
fine,Aanchor_B,1.0738461017608643,0.048584844924165,51.53042507139418,42.71780850339873,1.0225605589679596,728.0266310944601,1489.8791390649344
fine,Banchor_A,1.0749999582767487,0.046798566139119216,44.48030457493746,42.72083877075516,1.0197105924849077,718.3314114373857,1485.3069830324137
fine,Banchor_B,1.0749999582767487,0.048091216824851186,51.52796820458546,42.719143737696015,1.0213037907848237,727.9211630784849,1490.9560109388506
fine,Aanchor_A,1.0749999582767487,0.04676713111982107,44.457231962499705,42.72087542862608,1.0196761644276344,717.8340395771828,1484.6866626866922
fine,Aanchor_B,1.0749999582767487,0.04805981496831036,51.50478076827122,42.71917971386833,1.0212699501592035,727.424132326099,1490.3376727711234
fine,Banchor_A,1.076153814792633,0.04627316006133691,44.45479050258578,42.72221090118094,1.0184227177956557,717.7297238606382,1485.7661274229197
fine,Banchor_B,1.076153814792633,0.04757261131313879,51.503810241629495,42.72050614584075,1.0200230377252337,727.3212110642954,1491.4152378595568
fine,Aanchor_A,1.076153814792633,0.04624156582861907,44.431707978021784,42.72224765545754,1.0183882427946909,717.2324378456415,1485.145738160509
fine,Aanchor_B,1.076153814792633,0.04754108254267216,51.48061310446496,42.72054217080667,1.0199891936981227,726.8242659022768,1490.7968312667058
fine,Banchor_A,1.0773076713085175,0.04575401462550309,44.4307485439252,42.72357437182283,1.0171445823349403,717.1306452791068,1486.2259923544325
fine,Banchor_B,1.0773076713085175,0.04705448311519853,51.481126526364534,42.721868385053426,1.0187440492863595,726.7238894494832,1491.8751856352328
fine,Aanchor_A,1.0773076713085175,0.04572232734475454,44.40765591635818,42.72361112535599,1.0171101512970533,716.633443656019,1485.605534001565
fine,Aanchor_B,1.0773076713085175,0.04702282862578188,51.45791926895266,42.72190445701254,1.0187102036035005,726.2270284329774,1491.2567104440354
fine,Banchor_A,1.0784615278244019,0.045235370295517364,44.40817850400893,42.72493761633605,1.0158682625300852,716.5342149858096,1486.686560992792
fine,Banchor_B,1.0784615278244019,0.04653686944244097,51.45992002516682,42.723230379485976,1.0174668939366822,726.1293771722371,1492.335837428084
fine,Aanchor_A,1.0784615278244019,0.04520355634777298,44.38507535218396,42.72497441843456,1.0158338292578957,716.0370963013189,1486.0660333793035
fine,Aanchor_B,1.0784615278244019,0.0465050876621073,51.43670222910604,42.72326650070407,1.0174330445245772,725.6325988705315,1491.7172934688997
fine,Banchor_A,1.0796153843402863,0.04467598189199604,44.39563894235326,42.72626605196128,1.0146260728234155,716.0249957669911,1487.254679427951
fine,Banchor_B,1.0796153843402863,0.04597912647887371,51.449382560872145,42.724556749085544,1.0162246831973154,725.624795967608,1492.9040531359208
fine,Aanchor_A,1.0796153843402863,0.04464400186168098,44.37248749580635,42.72630293650797,1.0145916046101344,715.5275873029585,1486.634020699977
fine,Aanchor_B,1.0796153843402863,0.0459471793670486,51.42611655582783,42.7245929513733,1.0161907992346126,725.1277285155663,1492.285378673662
fine,Banchor_A,1.0807692408561707,0.04411688007346639,44.38439098999048,42.72759451908261,1.0133853726519317,715.5188637477462,1487.8234476861187
fine,Banchor_B,1.0807692408561707,0.04542170848319663,51.44014219128764,42.72588309496268,1.0149840112317792,725.1233216187346,1493.4729188391846
fine,Aanchor_A,1.0807692408561707,0.04408476772140408,44.361190668164575,42.72763143641997,1.0133509159823562,715.0211606366045,1487.2026577180884
fine,Aanchor_B,1.0807692408561707,0.04538959624724339,51.41682740027462,42.72591937791645,1.014950093229904,724.6259601641686,1492.8541137488157
fine,Banchor_A,1.081923097372055,0.043558166386432146,44.37443651703644,42.72892286917665,1.0121462987227674,715.016688040627,1488.3928658139082
fine,Banchor_B,1.081923097372055,0.04486461650060638,51.43220079915113,42.72720941612512,1.0137448770337345,724.6258191403697,1494.0424345843878
fine,Aanchor_A,1.081923097372055,0.0435258534142411,44.35118673893692,42.72895991946149,1.012111760251388,714.5186864703547,1487.7719444803827
fine,Aanchor_B,1.081923097372055,0.044832338697737936,51.408836644762104,42.72724578029537,1.0137109246115794,724.1281598855379,1493.423498741002
fine,Banchor_A,1.0830769538879395,0.042999760966776227,44.365777685591176,42.73025120153282,1.0109087563340262,714.5167537910487,1488.9629130995606
fine,Banchor_B,1.0830769538879395,0.04430787253399885,51.42556048578822,42.72853566232119,1.0125073255318044,724.1305790026511,1494.6125796561053
fine,Aanchor_A,1.0830769538879395,0.0429672803579998,44.34247787161011,42.73028833625446,1.0108741814776887,714.018451151314,1488.3418602800305
fine,Aanchor_B,1.0830769538879395,0.04427546232943976,51.402146392019894,42.728572058943,1.0124733842960187,723.6326193482473,1493.9935129397027
fine,Banchor_A,1.0842307806015015,0.04247084307955125,44.34491168691652,42.73157689659269,1.0096751796155725,713.8657525353254,1489.3924296397058
fine,Banchor_B,1.0842307806015015,0.04378079926166225,51.406723273459804,42.72985899827169,1.0112739954490855,723.4847554711495,1495.0421952843878
fine,Aanchor_A,1.0842307806015015,0.042438326866364985,44.32160572624824,42.73161395957969,1.0096407136567334,713.3676936413933,1488.7712527332887
fine,Aanchor_B,1.0842307806015015,0.04374829212719394,51.38330292756968,42.72989541287076,1.0112400788131641,722.9870392329925,1494.4230049611415
fine,Banchor_A,1.0853846073150635,0.041942162400377785,44.325168277361904,42.732902648965265,1.008443054955152,713.2166646163012,1489.8226276140374
fine,Banchor_B,1.0853846073150635,0.043253961342710444,51.38901542441589,42.731182395528656,1.0100421106471595,722.8408718416241,1495.4724926001109
fine,Aanchor_A,1.0853846073150635,0.041909554582611135,44.30185589786247,42.73293972240817,1.008408621344518,712.7188487842193,1489.2013264916789
fine,Aanchor_B,1.0853846073150635,0.0432213908970934,51.36558855626751,42.731218778756244,1.0100082645102197,722.343398341725,1494.8531785415557
fine,Banchor_A,1.0865384340286255,0.04141367942546804,44.306548693066404,42.73422851699734,1.007212326583824,712.5694908847196,1490.2535080479054
fine,Banchor_B,1.0865384340286255,0.0427273566759625,51.372438190980766,42.732505857538875,1.0088116663019153,722.1989290331347,1495.9034726287375
fine,Aanchor_A,1.0865384340286255,0.041381040205305905,44.28322962302727,42.73426551251462,1.007178007284135,712.0719174327011,1489.632082579457
fine,Aanchor_B,1.0865384340286255,0.04269472400233376,51.349004530877664,42.73254220779393,1.0087778920321144,721.7016975956934,1495.2840347053175
fine,Banchor_A,1.0876922607421875,0.040885408469218655,44.28905303612017,42.73555451693194,1.0059829780096876,711.9241890275741,1490.6850994865636
fine,Banchor_B,1.0876922607421875,0.04220096794089217,51.356991828985166,42.733829447015765,1.0075826026060757,721.5588851543696,1496.3351639219834
fine,Aanchor_A,1.0876922607421875,0.040852706991662775,44.26572700378933,42.73559147979585,1.0059487308520354,711.4268572921701,1490.0635495345657
fine,Aanchor_B,1.0876922607421875,0.042168275050988746,51.333551107193955,42.73386576132647,1.0075489028402946,721.0618951219266,1495.715601996861
fine,Banchor_A,1.088846117258072,0.040209037007466565,44.270320305012156,42.73698308788,1.0046602137766614,711.2574111202301,1491.2604864153536
fine,Banchor_B,1.088846117258072,0.041524123929921,51.33941403848304,42.73525874658869,1.0062570597435254,720.892674517679,1496.910598487866
fine,Aanchor_A,1.088846117258072,0.04017620020825041,44.246951859763385,42.73702008699575,1.0046259781068652,710.7600080286019,1490.6388329702704
fine,Aanchor_B,1.088846117258072,0.04149129238943571,51.315930951465354,42.73529510190974,1.0062233663050704,720.3956130669814,1496.2909336831995
fine,Banchor_A,1.0899999737739563,0.03958464396377283,44.25276245265465,42.73833577784949,1.0034093136295965,710.5928718305554,1491.8364667460878
fine,Banchor_B,1.0899999737739563,0.040900453859562806,51.322926500123074,42.73661059630235,1.0050049491444517,720.2287162238521,1497.486626700427
fine,Aanchor_A,1.0899999737739563,0.039551625803177816,44.22935324683613,42.73837287690347,1.0033750282293814,710.0953952036979,1491.2147096455055
fine,Aanchor_B,1.0899999737739563,0.040867475584985664,51.2994027738272,42.73664700052627,1.0049712523664585,719.7315811837778,1496.8668588542039
fine,Banchor_A,1.0911538302898407,0.03896058085358239,44.23638367264679,42.7396884000377,1.0021600335391723,709.9305726395364,1492.4130407075838
fine,Banchor_B,1.0911538302898407,0.04027711680596707,51.307621995540536,42.737962374514375,1.0037544626803185,719.5670117244415,1498.0632487878247
fine,Aanchor_A,1.0911538302898407,0.03892741497866183,44.21293318436817,42.73972554954854,1.002125744254223,709.4330202984152,1491.791179788895
fine,Aanchor_B,1.0911538302898407,0.040243991420845164,51.28405711101914,42.73799882810746,1.0037207621899742,719.0698009238607,1497.4433777378356
fine,Banchor_A,1.092307686805725,0.038336870201339766,44.22118597008563,42.74104090592604,1.0009124160605198,709.2705389619946,1492.9901876189772
fine,Banchor_B,1.092307686805725,0.03965413573483312,51.29350248806287,42.73931403205038,1.0025056435704427,718.9075863825288,1498.6404440667875
fine,Aanchor_A,1.092307686805725,0.03830355624296963,44.197693678942365,42.741078106355076,1.0008781225246963,708.7729087304223,1492.368222723055
fine,Aanchor_B,1.092307686805725,0.03962086286519454,51.269895927857455,42.73935053548143,1.0024719389925671,718.4102976531805,1498.0204696542862
fine,Banchor_A,1.0934615433216095,0.037608138539201696,44.21674420404168,42.74246165671284,0.9996035188484266,708.4289033303687,1493.6309106608878
fine,Banchor_B,1.0934615433216095,0.03892807806181398,51.29208881124585,42.74073137521572,1.001197805178071,718.0737807949309,1499.2813242548154
fine,Aanchor_A,1.0934615433216095,0.037574691926795974,44.193206539014064,42.74249888633682,0.9995692432804457,707.9314690568907,1493.008832856758
fine,Aanchor_B,1.0934615433216095,0.03889467372410058,51.26843690966148,42.74076790573128,1.0011641195953618,717.5766878587654,1498.6612376821793
fine,Banchor_A,1.094615399837494,0.03687966740202021,44.21328827723379,42.7438823729689,0.9982963650363145,707.5898922945829,1494.272060203923
fine,Banchor_B,1.094615399837494,0.03820229236371789,51.291671954381044,42.74214866915116,0.9998917182894058,717.24264295995,1499.9226312152623
fine,Aanchor_A,1.094615399837494,0.03684608797319426,44.18970489146319,42.74391963196308,0.9982621072855927,707.0926513961386,1493.649869456501
fine,Aanchor_B,1.094615399837494,0.03816875632144108,51.26797436739404,42.74218522703484,0.9998580514469759,716.7457432445744,1499.302432447853
fine,Banchor_A,1.0957692563533783,0.0361514571592258,44.2108197319108,42.745303054600896,0.9969909523469812,706.752818370676,1494.9136361843643
fine,Banchor_B,1.0957692563533783,0.037476779094235455,51.29225350094944,42.74356591364917,0.9985873806920996,716.4134855571357,1500.5643648844375
fine,Aanchor_A,1.0957692563533783,0.03611774475361134,44.187190278927915,42.74534034313779,0.9969567122660452,706.2557693831536,1494.291332458666
fine,Aanchor_B,1.0957692563533783,0.03744311126076315,51.26850988494249,42.74360249896481,0.99855373253812,715.9167776059916,1499.9440538877225
fine,Banchor_A,1.0969231128692627,0.0353819016365067,44.20928915063085,42.74678483335496,0.9956312184050479,705.9177589949132,1495.5556152115366
fine,Banchor_B,1.0969231128692627,0.03675156683787392,51.29383496052545,42.74498305439632,0.9972848398742065,715.5863850181518,1501.2065018659598
fine,Aanchor_A,1.0969231128692627,0.035348058196196935,44.185611486261784,42.74682215046436,0.9955969988216476,705.4209008782386,1494.9331984767894
fine,Aanchor_B,1.0969231128692627,0.036717766568339284,51.270044973976525,42.7450196680333,0.9972512095971025,715.0898677990618,1500.586078609587
fine,Banchor_A,1.0980769395828247,0.03485017005655742,44.24871577643149,42.74795182737293,0.9945616478520192,705.4656805676694,1496.1589549255484
fine,Banchor_B,1.0980769395828247,0.0361786545163334,51.33458410913183,42.74621071368956,0.9961578312374599,715.1371813534254,1501.8098854269206
fine,Aanchor_A,1.0980769395828247,0.034816196960334285,44.224994004026236,42.74798923200966,0.9945273848550038,704.9686541467217,1495.536363467659
fine,Aanchor_B,1.0980769395828247,0.03614469422312058,51.31074823143014,42.746247461162056,0.9961241161758535,714.6404960436627,1501.1892880797116
fine,Banchor_A,1.0992307662963867,0.034318752078639686,44.2890397946927,42.7491186778682,0.9934933576290663,705.0155016512355,1496.7627045673328
fine,Banchor_B,1.0992307662963867,0.03564830602713746,51.37621711479906,42.74737624648353,0.9950890341901135,714.6899061192825,1502.4136792516927
fine,Aanchor_A,1.0992307662963867,0.034284648728195075,44.26527347420424,42.74915617082838,0.9934590506182164,704.5183047450862,1496.1399383106525
fine,Aanchor_B,1.0992307662963867,0.035614249734071166,51.35233675099287,42.7474130317049,0.9950553207059721,714.1930505473734,1501.7929077383246
fine,Banchor_A,1.1003845930099487,0.03378722730687145,44.33026162854595,42.75028600220241,0.992425781774214,704.5672217630904,1497.3668640345152
fine,Banchor_B,1.1003845930099487,0.03512137388430308,51.41875738154086,42.748537083660594,0.994025682851685,714.2445631531189,1503.0178832372
fine,Aanchor_A,1.1003845930099487,0.033752993376505926,44.30645030115175,42.75032358387736,0.9923914305409266,704.0698521921333,1496.743922903496
fine,Aanchor_B,1.1003845930099487,0.03508718960017286,51.394832230186985,42.74857395354388,0.9939919278857228,713.7475351495364,1502.3969374824549
fine,Banchor_A,1.1015384197235107,0.03325640089803857,44.3723846366499,42.75145264451986,0.9913599758349944,704.1208106191136,1497.971473740397
fine,Banchor_B,1.1015384197235107,0.03459122570207481,51.46221039901628,42.749702986116425,0.992958835353784,713.801121709417,1503.6225377990606
fine,Aanchor_A,1.1015384197235107,0.033222036059911496,44.34852787717643,42.751490315305865,0.9913255801305099,703.6232661932781,1497.3483576478714
fine,Aanchor_B,1.1015384197235107,0.03455691109409786,51.438239865283585,42.74973994395071,0.9929250361829054,713.3039190941313,1503.0014177161415
fine,Banchor_A,1.1026922762393951,0.03251560058921251,44.39026604829162,42.752800434636924,0.9901301041625611,703.2000625343817,1498.6474341607673
fine,Banchor_B,1.1026922762393951,0.03385078705996467,51.48189371875955,42.75105056728349,0.9917271710095089,712.8833773264481,1504.2985719975031
fine,Aanchor_A,1.1026922762393951,0.0324812570793286,44.36639445091487,42.75283791394704,0.9900959257382174,702.7033128855509,1498.0241693430671
fine,Aanchor_B,1.1026922762393951,0.03381649334633469,51.457908203578,42.75108733404216,0.9916935882883712,712.386968096685,1503.677303901057
fine,Banchor_A,1.1038461327552795,0.0318571155469844,44.40944711482336,42.75402794470774,0.9890113168565663,702.2821850089235,1499.3238653004325
fine,Banchor_B,1.1038461327552795,0.03311195966945245,51.502812642268196,42.75239622071036,0.9904987930627126,711.9685125368301,1504.9750770307842
fine,Aanchor_A,1.1038461327552795,0.03182288059403413,44.3855639992887,42.75406511197583,0.9889774612851723,701.7862283550733,1498.7004517676755
fine,Aanchor_B,1.1038461327552795,0.033077687413010044,51.47881189599003,42.75243279557104,0.9904654269973465,711.4728949173788,1504.3536609312073
fine,Banchor_A,1.104999989271164,0.031117998708966556,44.429870747137336,42.75537428788342,0.987785675311491,701.3671151857915,1500.0007672015142
fine,Banchor_B,1.104999989271164,0.03245433177768563,51.52497279808154,42.75362314000709,0.9893801275048622,711.0564646574709,1505.65205294079
fine,Aanchor_A,1.104999989271164,0.03108377854064456,44.405972229381206,42.755411273207265,0.9877520272202889,700.8719497346339,1499.377204963599
fine,Aanchor_B,1.104999989271164,0.03242016683036894,51.50096008469609,42.75365940449039,0.9893470819457642,710.561636862807,1505.0304888482608
fine,Banchor_A,1.1061538457870483,0.030423185523094302,44.451537971750824,42.75665601674858,0.9866202666319527,700.4549745160682,1500.6781264431288
fine,Banchor_B,1.1061538457870483,0.031717216274620014,51.5484406684037,42.75496729700926,0.988156018597623,710.1473548702468,1506.329486305254
fine,Aanchor_A,1.1061538457870483,0.03038938731818408,44.42762568709258,42.75669222353174,0.9865873656839316,699.9605984635764,1500.0544155157877
fine,Aanchor_B,1.1061538457870483,0.03168305160219569,51.524412166064565,42.755003400618136,0.9881231603350943,709.653315103243,1505.707774235766
fine,Banchor_A,1.1073077023029327,0.0297802227259734,44.469520445278796,42.757854609665216,0.9855316932201074,699.7387061674544,1501.2747665385
fine,Banchor_B,1.1073077023029327,0.03111247880991232,51.56734354263691,42.75610995714316,0.9871166017214921,709.4326323595656,1506.9261389848614
fine,Aanchor_A,1.1073077023029327,0.02974593280898597,44.445570791292006,42.757891420120984,0.985498280632711,699.2444533027291,1500.650855725897
fine,Aanchor_B,1.1073077023029327,0.031084153251646717,51.5432795713211,42.75613737250049,0.9870916768708887,708.9387152259026,1506.3042276739359
fine,Banchor_A,1.1084615588188171,0.029137037421076407,44.48827121888214,42.75905379798468,0.9844437810146328,699.0242848428436,1501.871646571637
fine,Banchor_B,1.1084615588188171,0.03047651891829165,51.58708991461818,42.75729874938043,0.986036381358288,708.7197947044275,1507.5230321556978
fine,Aanchor_A,1.1084615588188171,0.02910270452978821,44.464283818807,42.75909055319012,0.9844104554049564,698.530152954931,1501.2475359777084
fine,Aanchor_B,1.1084615588188171,0.030442232855006808,51.56298822278534,42.75733479525521,0.9860036460089642,708.2259980022358,1506.9009217074802
fine,Banchor_A,1.1096154153347015,0.028489998363536412,44.507787605924975,42.76025890964877,0.9833517049473379,698.3116657695618,1502.4689522456836
fine,Banchor_B,1.1096154153347015,0.029834517446737572,51.607615170555675,42.7584966804281,0.9849490525964921,708.0087970828623,1508.1203514878569
fine,Aanchor_A,1.1096154153347015,0.028455575280186156,44.48376191350478,42.760295678650586,0.9833184038119115,697.8176526437508,1501.844641864543
fine,Aanchor_B,1.1096154153347015,0.029800180211628467,51.58347536618824,42.758532682709514,0.9849163928906652,707.5151186064893,1507.498041896778
fine,Banchor_A,1.110769271850586,0.027847271415381975,44.528070170239275,42.761457947037684,0.9822663357419794,697.6008755437622,1503.0666419343017
fine,Banchor_B,1.110769271850586,0.02918866530888244,51.628916190303975,42.759700521899575,0.9838575670197953,707.2996659731358,1508.7180553462588
fine,Aanchor_A,1.110769271850586,0.027812746109665602,44.50400600099899,42.761494747654346,0.9822330427614964,697.1069789599179,1502.4421317753322
fine,Aanchor_B,1.110769271850586,0.02915420942418678,51.60473772925804,42.75973657935836,0.9838248935080794,706.806103511548,1508.095546621975
fine,Banchor_A,1.111923098564148,0.027056975586000943,44.56999295784044,42.76276037263403,0.9810887368080264,696.7434499769912,1503.806207668853
fine,Banchor_B,1.111923098564148,0.028400678080730695,51.67348019443091,42.76100002936949,0.9826807015649858,706.4481049188691,1509.4577463594308
fine,Aanchor_A,1.111923098564148,0.027022361347438326,44.545876990135454,42.76279719038436,0.9810554682593956,696.2498146887004,1503.181484794066
fine,Aanchor_B,1.111923098564148,0.028366116673860447,51.64925003716076,42.761036127999716,0.9826480298741911,705.9548032416603,1508.835025747502
fine,Banchor_A,1.11307692527771,0.02627243111971189,44.612511616545916,42.76405455411906,0.97991999025847,695.8873106648118,1504.5461003861415
fine,Banchor_B,1.11307692527771,0.027618389214535792,51.71863817969964,42.762291361897624,0.98151263401982,705.5978549432893,1510.1977645085078
fine,Aanchor_A,1.11307692527771,0.02623769155821372,44.588343828415816,42.76409144272981,0.9798866973896724,695.3939358861196,1503.9211648070448
fine,Aanchor_B,1.11307692527771,0.02758373695051952,51.6943562836579,42.762327480483336,0.9814799831250768,705.1048132689382,1509.5748320206867
fine,Banchor_A,1.114230751991272,0.025487916595284613,44.65563154245676,42.76534889870732,0.978752488975787,695.0324588515729,1505.286316766125
fine,Banchor_B,1.114230751991272,0.026836138595184408,51.764405379421895,42.763582846866505,0.9803458172594304,704.7489173543935,1510.9381064727268
fine,Aanchor_A,1.114230751991272,0.02545311868405628,44.63141166847592,42.765385759791464,0.9787192605863622,694.5393437974533,1504.661168494037
fine,Aanchor_B,1.114230751991272,0.026801395294287017,51.740071481163916,42.763618985612,0.9803131869775835,704.2561349023289,1510.3149621205696
fine,Banchor_A,1.115384578704834,0.024703380088405443,44.69935668381679,42.766643492493436,0.9775861543081381,694.1788386438553,1506.0269098172064
fine,Banchor_B,1.115384578704834,0.026053874500917257,51.81078594209991,42.76487457010989,0.9791801727144579,703.901236721351,1511.6788252691772
fine,Aanchor_A,1.115384578704834,0.024668489841523557,44.67508445496176,42.76668037588094,0.977552945434421,693.6859825475386,1505.4015488493044
fine,Aanchor_B,1.115384578704834,0.026019039874734962,51.78639977459843,42.764910729371394,0.9791475627285435,703.4087127292436,1511.0554690501583
fine,Banchor_A,1.1165384352207184,0.023930348261733642,44.71561681036352,42.76790883431267,0.9764475166586909,693.2030395667732,1506.745431750033
fine,Banchor_B,1.1165384352207184,0.02524397157498929,51.828548728337296,42.766194434628225,0.9779905652002827,702.9281316738052,1512.3973832403485
fine,Aanchor_A,1.1165384352207184,0.023895458744825366,44.69131139215409,42.76794557917019,0.9764144710463366,692.7107496880623,1506.1198849145228
fine,Aanchor_B,1.1165384352207184,0.02521995790088526,51.80412772308331,42.766214575699045,0.9779724230452704,702.4361725737791,1511.7738419263005
fine,Banchor_A,1.1176922917366028,0.023119905716606458,44.732623536703066,42.76922928104229,0.9752607060821682,692.2295483370175,1507.4641615784178
fine,Banchor_B,1.1176922917366028,0.024472659087193302,51.8471256333431,42.76745774556773,0.9768532837271543,701.9573574630858,1513.1161493693417
fine,Aanchor_A,1.1176922917366028,0.023084881757017603,44.70828304597201,42.76926608809949,0.9752276447658116,691.7378239744264,1506.838428905513
fine,Aanchor_B,1.1176922917366028,0.02443769118023637,51.82267117347863,42.767493827366955,0.9768208209261164,701.4659625588308,1512.4924229905585
fine,Banchor_A,1.1188461482524872,0.022309610899913766,44.75033443084738,42.77054975915453,0.9740753098441781,691.258189052213,1508.1832331426701
fine,Banchor_B,1.1188461482524872,0.023663780671335895,51.86641524721786,42.768776440234745,0.9756675544087984,700.9887380981102,1513.8352574949088
fine,Aanchor_A,1.1188461482524872,0.022274519886784576,44.72595868039049,42.77058652946251,0.9740423216814047,690.7670294904588,1507.557314688855
fine,Aanchor_B,1.1188461482524872,0.02362877983338879,51.841925526359866,42.768812434913514,0.9756352092977801,700.497906679244,1513.2113461080685
fine,Banchor_A,1.1200000047683716,0.021499493720773716,44.76874954738759,42.77187022019005,0.9728913697168856,690.2885137620806,1508.9024714130496
fine,Banchor_B,1.1200000047683716,0.022855154212815212,51.88641549330683,42.7700950099267,0.9744833765279467,700.0218252654914,1514.5545325860378
fine,Aanchor_A,1.1200000047683716,0.021464335582130113,44.74433835166119,42.77190695384187,0.9728584544948214,689.7979182318868,1508.2763672125573
fine,Aanchor_B,1.1200000047683716,0.022820120379031545,51.86189032741838,42.77013091756825,0.9744511487906586,699.5315565669426,1513.9304362254122
fine,Banchor_A,1.121153861284256,0.020671926770101715,44.83799435514765,42.773125022850486,0.9717676331185767,689.3928695762315,1509.7039954304064
fine,Banchor_B,1.121153861284256,0.0220268064556513,51.95748130818861,42.77135128313393,0.9733564827468212,699.1303164542392,1515.3560823922405
fine,Aanchor_A,1.121153861284256,0.020636760786214646,44.813524532253076,42.773161627452744,0.971734871414653,688.9026526464678,1509.077648289906
fine,Aanchor_B,1.121153861284256,0.021991696633064897,51.93289745337232,42.771387161394095,0.9733243186171101,698.6404255963713,1514.7317439289893
fine,Banchor_A,1.1223077178001404,0.019844677665722815,44.90811125265167,42.77437966205085,0.9706453406232727,688.4998092456734,1510.5057685109775
fine,Banchor_B,1.1223077178001404,0.021201381276713553,52.029428541780824,42.77260357159337,0.9722344602868653,698.2414236390051,1516.1578816211347
fine,Aanchor_A,1.1223077178001404,0.019809503490189735,44.88358241545401,42.774416138047066,0.9706127317253676,688.0099689840599,1509.8791785055644
fine,Aanchor_B,1.1223077178001404,0.021166230490239083,52.00478572916411,42.77263936903564,0.9722024056007774,697.7519086985661,1515.533301130466
fine,Banchor_A,1.1234615743160248,0.01901784725761128,44.979100760802,42.77563398990426,0.9695246222832694,687.6093107725906,1511.3077884242566
fine,Banchor_B,1.1234615743160248,0.020376314844604025,52.10225723408208,42.77385563833787,0.9711139295301554,697.3551249282722,1516.959928041228
fine,Aanchor_A,1.1234615743160248,0.018982597354782915,44.954512522582846,42.775670436374945,0.9694920774003631,687.1198452506779,1510.6809556301312
fine,Aanchor_B,1.1234615743160248,0.020341122757603452,52.07755507946451,42.773891355391385,0.9710819836877577,696.8659839858584,1516.3351055994558
fine,Banchor_A,1.1246154308319092,0.01826276593261263,45.05096905131974,42.77678328942292,0.9684988808271333,686.7214564924683,1512.1099801000541
fine,Banchor_B,1.1246154308319092,0.01955163934127084,52.17596523330911,42.775107434794705,0.9699949316948606,696.4715025372466,1517.762146581699
fine,Aanchor_A,1.1246154308319092,0.018227502841427462,45.026324274692534,42.77681961438551,0.9684664787602651,686.23236372767,1511.4829046746597
fine,Aanchor_B,1.1246154308319092,0.01951640564152016,52.15120335509644,42.775143071858075,0.9699630941238238,695.9827336194262,1517.1370823463
fine,Banchor_A,1.1257692575454712,0.017376458254398923,45.0762370033212,42.77810963494254,0.9673164758863046,685.683487037137,1512.892112696897
fine,Banchor_B,1.1257692575454712,0.018667869748248685,52.2040907562434,42.77643057310732,0.9688135620996334,695.4409465195936,1518.5443928724492
fine,Aanchor_A,1.1257692575454712,0.017341108713316913,45.05154841187682,42.77814596704871,0.9672841070137134,685.1949000729861,1512.2648440205335
fine,Aanchor_B,1.1257692575454712,0.018632550501410633,52.179285092063324,42.77646621559521,0.968781758463801,694.9526824015178,1517.9191362795257
fine,Banchor_A,1.1269230842590332,0.01649031856130998,45.10213209676904,42.779435951494484,0.9661355402772255,684.6476831048831,1513.674357088477
fine,Banchor_B,1.1269230842590332,0.017855983966968362,52.23290034256004,42.77764842218591,0.9677274721007243,694.4125947700157,1519.326751163269
fine,Aanchor_A,1.1269230842590332,0.016454882488686436,45.077399536699495,42.779472290856724,0.9661032044651912,684.1596016813525,1513.046895287793
fine,Aanchor_B,1.1269230842590332,0.017820608335746845,52.20805400938888,42.77768402720926,0.9676957375098274,693.9248351948996,1518.7013023395687
fine,Banchor_A,1.1280769109725952,0.015604347013625066,45.128654852612115,42.78076223899379,0.964956072218613,683.6146678613143,1514.4568191832866
fine,Banchor_B,1.1280769109725952,0.016972766752972466,52.26238393729551,42.778971173988715,0.9665492081549096,693.3870682282048,1520.1093272467863
fine,Aanchor_A,1.1280769109725952,0.015568824370097536,45.10387817039506,42.78079858566263,0.964923769388886,683.1270918869544,1513.8291643634388
fine,Aanchor_B,1.1280769109725952,0.01693733924154738,52.237493521368314,42.77900673502653,0.9665175513584329,692.8998131080742,1519.4836862975433
fine,Banchor_A,1.1292307376861572,0.014718484727425605,45.15580763275424,42.78208858577514,0.9637779914435224,682.5832451045007,1515.2396306412725
fine,Banchor_B,1.1292307376861572,0.016089671600720234,52.292508697767985,42.7802939684062,0.9653723409228775,692.3631757140804,1520.892252855202
fine,Aanchor_A,1.1292307376861572,0.014682875396748582,45.130986672185486,42.782124939906055,0.9637457214275291,682.0961742131814,1514.6117828789988
fine,Aanchor_B,1.1292307376861572,0.016054124907965102,52.26757404452212,42.78032958421477,0.9653406739742931,691.8764246858402,1520.2664198574118
fine,Banchor_A,1.1303845942020416,0.013937001948816367,45.23568397275303,42.783225801739405,0.9627690447787624,681.6630490553895,1515.9634967194497
fine,Banchor_B,1.1303845942020416,0.015310047178492029,52.37432199618526,42.78142881206638,0.9643638322938813,691.4471021421107,1521.6161831113063
fine,Aanchor_A,1.1303845942020416,0.013901406146485216,45.210816120133224,42.783262017237845,0.9627369314724369,681.1766166498811,1515.335438397263
fine,Aanchor_B,1.1303845942020416,0.015274514529199616,52.34934045339189,42.781464288178384,0.9643323225033335,690.9609883778361,1520.99014034528
fine,Banchor_A,1.131538450717926,0.01315582850545659,45.31638865796797,42.78436285246692,0.9617613007153896,680.7455246209163,1516.687678122111
fine,Banchor_B,1.131538450717926,0.014532000284656559,52.45697165028531,42.78256163059107,0.963358174109309,690.5337287825663,1522.3404290410524
fine,Aanchor_A,1.131538450717926,0.013120246538954683,45.2914735717473,42.7843989288346,0.9617293442625122,680.2597287391525,1516.0594092576155
fine,Aanchor_B,1.131538450717926,0.014496481811116981,52.43194293594219,42.78259696683132,0.9633268212799687,690.0482503282934,1521.714176524584
fine,Banchor_A,1.1326923072338104,0.012376274526495295,45.39792102695128,42.78549781395643,0.9607564602148615,679.8306648347722,1517.4123313646112
fine,Banchor_B,1.1326923072338104,0.013753027364947925,52.540455412084256,42.78369609589717,0.9623521050048058,689.6230486975525,1523.0651471476278
fine,Aanchor_A,1.1326923072338104,0.012340672471003988,45.37295842406225,42.78553380101328,0.9607246161774186,679.3455035207389,1516.7838519703662
fine,Aanchor_B,1.1326923072338104,0.01371752272729542,52.515379130494864,42.78373129265293,0.9623209085476602,689.1382036053659,1522.4386848935856
fine,Banchor_A,1.1338461637496948,0.011595731171036737,45.480277087554704,42.78663451516609,0.959751131713364,678.9184829398422,1518.1381208869489
fine,Banchor_B,1.1338461637496948,0.01297442973158389,52.624773061523115,42.784830301148325,0.9613473168353044,688.7150749939608,1523.7910019436606
fine,Aanchor_A,1.1338461637496948,0.011560175761173177,45.455266572110766,42.78667031484014,0.9597194866313552,678.4339542193824,1517.5094309332992
fine,Aanchor_B,1.1338461637496948,0.012938905563877948,52.59964887595362,42.78486540734542,0.9613162331313532,688.2308612978185,1523.164329923214
fine,Banchor_A,1.1350000202655792,0.010583144293764082,45.531901147853006,42.78798292181384,0.9585599293552816,677.7217027496291,1519.052036655535
fine,Banchor_B,1.1350000202655792,0.01196324896096455,52.677732244262046,42.78617690408949,0.9601557284415527,687.520504948199,1524.7048855364264
fine,Aanchor_A,1.1350000202655792,0.010547533108802397,45.5068366743749,42.78801870256223,0.9585283402580773,677.2378395470815,1518.4230360318688
fine,Aanchor_B,1.1350000202655792,0.011927702937826834,52.65255409086949,42.78621194121108,0.9601247443497871,687.0369548090192,1524.0779038025157
fine,Banchor_A,1.1361538767814636,0.009570668632676664,45.58413440019976,42.78933137907285,0.9573701608394758,676.527114253346,1519.9662381691517
fine,Banchor_B,1.1361538767814636,0.010952229218880142,52.73131063684143,42.78752348628653,0.9589656353416631,686.3281625691764,1525.6190554119155
fine,Aanchor_A,1.1361538767814636,0.009535001194994518,45.55901577623747,42.78936714157892,0.9573386270358005,676.0439152633304,1519.336926697781
fine,Aanchor_B,1.1361538767814636,0.010916627558013968,52.70607832463637,42.78755850389387,0.9589347068892469,685.8452746877315,1524.9917637869344
fine,Banchor_A,1.137307733297348,0.00855830254020478,45.63697725049576,42.79067988948265,0.9561818222606051,675.3348335954324,1520.8805213281441
fine,Banchor_B,1.137307733297348,0.009941325567500721,52.785508657347876,42.788870113814816,0.957776977348729,685.1381639658779,1526.5333074402736
fine,Aanchor_A,1.137307733297348,0.008522578953333911,45.611804283674914,42.79071563357663,0.9561503438129068,674.8522975199483,1520.2508991390962
fine,Aanchor_B,1.137307733297348,0.009905668231145451,52.760221995425184,42.78890511194542,0.9577461044135355,684.6559370504525,1525.905706054139
fine,Banchor_A,1.1384615898132324,0.007546083584458229,45.69042815280262,42.79202840300222,0.9549949559752511,674.1447102996563,1521.794852570074
fine,Banchor_B,1.1384615898132324,0.00893057986106241,52.84032472236812,42.790216730337114,0.9565898024191251,683.950358568949,1527.4476080581771
fine,Aanchor_A,1.1384615898132324,0.007510303579520267,45.66520065280789,42.792064129064734,0.9549635324600104,673.6628358097512,1521.1649198047828
fine,Aanchor_B,1.1384615898132324,0.008894866679118091,52.81498352188876,42.790251709226446,0.956558984703272,683.4687912967024,1526.8196970521774
fine,Banchor_A,1.1396154165267944,0.006525878550936956,45.75511566482208,42.79339268071347,0.9537957142935077,672.886921500291,1522.6464120265148
fine,Banchor_B,1.1396154165267944,0.007913624444218725,52.90842337193346,42.79157682532422,0.955392238573538,682.7008908366389,1528.299303957572
fine,Aanchor_A,1.1396154165267944,0.006490082305780269,45.72983451707607,42.79342828497913,0.9537644372309517,672.4059666926423,1522.0162560725773
fine,Aanchor_B,1.1396154165267944,0.007877895824318306,52.88302854574383,42.791611680860896,0.9553615679792037,682.2202415972163,1527.6711707477934
fine,Banchor_A,1.1407692432403564,0.005505532031811569,45.820614261789686,42.794757447144185,0.9525975497777736,671.6320944858224,1523.4979650902417
fine,Banchor_B,1.1407692432403564,0.0069079581455295325,52.97738275464252,42.792920641510875,0.9542104806541882,681.4544229883686,1529.1509936370803
fine,Aanchor_A,1.1407692432403564,0.005469719417671698,45.79527915988352,42.794792929766956,0.9525664187285837,671.1520575103892,1522.8675861062572
fine,Aanchor_B,1.1407692432403564,0.006872219485193897,52.95193451933248,42.79295536589262,0.9541799632605573,680.9746899367877,1528.5226383820725
fine,Banchor_A,1.1419230699539185,0.004491644151089893,45.88692652085278,42.79611301355111,0.9514089521672301,670.3807757574098,1524.3495114720224
fine,Banchor_B,1.1419230699539185,0.005891308194780339,53.04716601757394,42.794280860682356,0.9530157865000042,680.2115021534416,1530.002676807241
fine,Aanchor_A,1.1419230699539185,0.004455813320770906,45.86153746194298,42.79614837723143,0.9513779641850924,669.901654793244,1523.7189096166453
fine,Aanchor_B,1.1419230699539185,0.005855553926673667,53.02166356898805,42.79431546188616,0.9529854154320887,679.7326834747809,1529.3740996656124
fine,Banchor_A,1.1430768966674805,0.0034724013434073928,45.9540612627072,42.79747671261255,0.9502147200578296,669.1328261786027,1525.201120668321
fine,Banchor_B,1.1430768966674805,0.004878008972821385,53.11778107530972,42.795636437391835,0.9518266580053261,678.9719898740744,1530.8544229763284
fine,Aanchor_A,1.1430768966674805,0.003436520757548128,45.92861769357244,42.79751200358706,0.9501838346011949,668.6546194643392,1524.5702960699625
fine,Aanchor_B,1.1430768966674805,0.0048422404555149715,53.09222426921363,42.79567091341991,0.951796434566662,678.4940838128124,1530.225624076528
fine,Banchor_A,1.1442307531833649,0.0026934575760297723,46.01653934242604,42.798473392057026,0.9493428462828213,668.2777838386721,1526.0707391830447
fine,Banchor_B,1.1442307531833649,0.004014311387199381,53.18169211158312,42.79675771717572,0.9508441789529067,678.1197457295251,1531.7240446537257
fine,Aanchor_A,1.1442307531833649,0.00265772362199786,45.99108532539974,42.79850841993605,0.9493122192024811,667.8005494102963,1525.4396053490013
fine,Aanchor_B,1.1442307531833649,0.003978579440049518,53.15612064392705,42.79679209586386,0.9508140719546979,677.6428098365353,1531.0949374159654
fine,Banchor_A,1.1453846096992493,0.0018223630084358055,46.07977721824263,42.79960521665384,0.9483537204493103,667.4240141746681,1526.9406576779563
fine,Banchor_B,1.1453846096992493,0.00323659036746692,53.246464792699676,42.79775256139272,0.9499733333602579,677.2687993577512,1532.5939666215675
fine,Aanchor_A,1.1453846096992493,0.0017866999447751228,46.05430829364207,42.79964009705731,0.9483232540902433,666.9477498542769,1526.30921471757
fine,Aanchor_B,1.1453846096992493,0.003200971523479904,53.22088238608335,42.797786725654184,0.9499434415443777,676.7928314597739,1531.9645511552906
fine,Banchor_A,1.1465384662151337,0.0010432462909174857,46.14365374846178,42.800602030546685,0.9474834369145009,666.5715370919338,1527.810830035071
fine,Banchor_B,1.1465384662151337,0.002458844546298976,53.31175393349907,42.79874762032075,0.9491030976542185,676.4191803181515,1533.4641427558513
fine,Aanchor_A,1.1465384662151337,0.00100769616846088,46.11817394100889,42.800636697085125,0.9474531851401965,666.0962406877319,1527.1790780603776
fine,Aanchor_B,1.1465384662151337,0.002423372529616398,53.28616039680669,42.798781520634094,0.9490734639458078,675.9441782290438,1532.8344191731612
fine,Banchor_A,1.147692322731018,0.0002641250628481807,46.2080373153135,42.80159903350565,0.9466137871800503,665.7203821302803,1528.6812241105401
fine,Banchor_B,1.147692322731018,0.0016811021073891933,53.3775574681396,42.79974285800659,0.9482335030200857,675.5709310804997,1534.3345409116312
fine,Aanchor_A,1.147692322731018,0.000228687900679124,46.1825464339002,42.80163348613058,0.9465837496698551,665.2460514211393,1528.0491632449505
fine,Aanchor_B,1.147692322731018,0.0016457423922216692,53.35195261086574,42.799776545026795,0.948204082737798,675.0968925861879,1533.704509335971
fine,Banchor_A,1.1488461792469025,-0.0008350383889001186,46.30340491441443,42.80293086603181,0.9454533228831834,664.4686273725039,1529.6087473737234
fine,Banchor_B,1.1488461792469025,0.0006236385087079352,53.4749847114142,42.80101393835709,0.9471240477701528,674.3227664102754,1535.2620984072976
fine,Aanchor_A,1.1488461792469025,-0.0008705155029880377,46.277853570689174,42.80296525754202,0.9454233754129879,663.9951277113225,1528.976413054744
fine,Aanchor_B,1.1488461792469025,0.0005882451983824707,53.44932126522909,42.80104755951144,0.9470947193654904,673.8495569549921,1534.631794398618
fine,Banchor_A,1.1500000357627869,-0.0018936208186699558,46.39949243948051,42.80420331827462,0.9443459272706355,663.2199970024506,1530.5362133238164
fine,Banchor_B,1.1500000357627869,-0.000473416754177186,53.57315537280629,42.802343356752644,0.9459650612868119,673.0777636058843,1536.1895986625034
fine,Aanchor_A,1.1500000357627869,-0.001929131977898989,46.37388217962557,42.80423764480184,0.944316071396243,662.747326342294,1529.903605728036
fine,Aanchor_B,1.1500000357627869,-0.000508883289851084,53.54743122823783,42.80237696524226,0.9459357798050462,672.6053811510454,1535.5590223971692
fine,Banchor_A,1.1511538922786713,-0.002943123032954144,46.49631087795222,42.80546271404131,0.9432511716943217,661.974374681094,1531.4633215070946
fine,Banchor_B,1.1511538922786713,-0.0015208420369672185,53.67200954695452,42.80360012046225,0.9448707192569256,671.8358064790377,1537.1167416298183
fine,Aanchor_A,1.1511538922786713,-0.002978664543289225,46.470641823861484,42.80549696971008,0.9432214119885691,661.5025309617345,1530.8304407401606
fine,Aanchor_B,1.1511538922786713,-0.001556305070875666,53.64622666375852,42.80363360804583,0.9448415768657169,671.3642489726577,1536.4858932130048
fine,Banchor_A,1.1523077487945557,-0.003998870378208916,46.59384978849686,42.80673156859176,0.9421494773277872,660.7318406041736,1532.3903074056154
fine,Banchor_B,1.1523077487945557,-0.0025744840757198563,53.77160786274405,42.80486627709573,0.9437694784430409,670.5969750452681,1538.0437627836332
fine,Aanchor_A,1.1523077487945557,-0.004034444461921841,46.568121362855024,42.80676575719107,0.9421198105784427,660.260821719614,1531.7571536466598
fine,Aanchor_B,1.1523077487945557,-0.0026099790457048667,53.74576566280999,42.804899696299316,0.943740429454168,670.1262403897108,1537.4126423941927
fine,Banchor_A,1.1534615755081177,-0.005049657545751564,46.68985879924963,42.80791704336178,0.9411213409312196,659.562580967941,1533.4074570313157
fine,Banchor_B,1.1534615755081177,-0.003920943600527767,53.87004666169407,42.806485911647094,0.9423626706856492,669.4317634103463,1539.0609261084464
fine,Aanchor_A,1.1534615755081177,-0.005085222507175377,46.66405861711854,42.80795110535374,0.9410918162966305,659.0923067583091,1532.7739728292051
fine,Aanchor_B,1.1534615755081177,-0.003956606950313937,53.844119104022845,42.80651947004355,0.9423335441895021,668.9617717217548,1538.4294763355533
fine,Banchor_A,1.1546154022216797,-0.006398574224348713,46.786730935076015,42.809540324754984,0.9397153241750255,658.3953989243446,1534.4247573394086
fine,Banchor_B,1.1546154022216797,-0.004969527653713983,53.96921513354277,42.80766850396397,0.9413368007311468,668.2686519992154,1540.0782403622577
fine,Aanchor_A,1.1546154022216797,-0.0064342758295402435,46.76084493887529,42.809574479767164,0.939685763142268,657.9258677333739,1533.7909428819873
fine,Aanchor_B,1.1546154022216797,-0.0050051477715109625,53.943215508965075,42.807701885155566,0.941307859574982,667.7994016269133,1539.4464613936389
fine,Banchor_A,1.1557692289352417,-0.007449248575776838,46.88445036585115,42.81072584074223,0.9386898084538721,657.2302892887823,1535.4422108733954
fine,Banchor_B,1.1557692289352417,-0.006018099378363884,54.069036423947225,42.80885130442386,0.9403118672896542,667.107635641146,1541.0957080884652
fine,Aanchor_A,1.1557692289352417,-0.00748497475704711,46.85849186661391,42.81075991835539,0.9386603465956148,656.7614994707175,1534.8080663449305
fine,Aanchor_B,1.1557692289352417,-0.006053709868438444,54.04296436932109,42.80888455766764,0.9402830684517934,666.6391249449649,1540.4636001082738
fine,Banchor_A,1.1569230556488037,-0.008500056799759919,46.98282148116529,42.8119117542647,0.9376650685628112,656.0672362372527,1536.4599126620026
fine,Banchor_B,1.1569230556488037,-0.007066728689466181,54.169517674093264,42.810034391924056,0.9392878014789614,665.9486988358076,1542.1134243220788
fine,Aanchor_A,1.1569230556488037,-0.008535740912483098,46.956790109182435,42.811945656539756,0.9376357902881934,655.5991862082128,1535.82543816321
fine,Aanchor_B,1.1569230556488037,-0.007102329794707217,54.14337282147537,42.810067517495625,0.9392591444529583,665.4809262374622,1541.4809874310617
fine,Banchor_A,1.158076912164688,-0.009479263512252185,47.04496495712918,42.81302983660588,0.9366999656900624,654.8727892655445,1537.3219563960579
fine,Banchor_B,1.158076912164688,-0.00804330139175866,54.23412542109828,42.81114904011913,0.9383239962708307,664.7604387474254,1542.975511772206
fine,Aanchor_A,1.158076912164688,-0.009514951330718323,47.01888404983199,42.813063647604494,0.9366707962951549,654.405594545663,1536.6872160958926
fine,Aanchor_B,1.158076912164688,-0.008078905440317264,54.207930999583795,42.81118207288198,0.9382954488553518,664.2935195133143,1542.342810034811
fine,Banchor_A,1.1592307686805725,-0.010458458981243554,47.10775771678171,42.8141481338363,0.9357356709597618,653.6804083182865,1538.184302141318
fine,Banchor_B,1.1592307686805725,-0.00901989341018024,54.299394760614305,42.812263950341446,0.937360953806301,663.5742871827296,1543.83790159674
fine,Aanchor_A,1.1592307686805725,-0.01049411703684155,47.08162707638727,42.81418180441278,0.9357066526118353,653.2140675240174,1537.5492961200848
fine,Aanchor_B,1.1592307686805725,-0.009055500470444903,54.27315057176055,42.8122968903915,0.9373325157306189,663.10821993286,1543.20493509345
fine,Banchor_A,1.160384625196457,-0.011516203403047078,47.171158514550584,42.81538196585867,0.9346729037167244,652.4909876287206,1539.0472368331004
fine,Banchor_B,1.160384625196457,-0.009996420625279959,54.36532592540034,42.81337899920517,0.9363987801818613,662.3911390245155,1544.700880771701
fine,Aanchor_A,1.160384625196457,-0.011551935335793623,47.14497433461642,42.815415645345915,0.934643910655828,652.0254994898869,1538.4119651030946
fine,Aanchor_B,1.160384625196457,-0.010032030726522674,54.33903177465983,42.81341184658508,0.9363704512184564,661.9259224938223,1544.067649515268
fine,Banchor_A,1.1615384817123413,-0.012495662472253163,47.23505563698528,42.816501001554286,0.9337100607001501,651.3035533545094,1539.911941459177
fine,Banchor_B,1.1615384817123413,-0.011051321830746395,54.43182898991995,42.81460928055283,0.9353383186333223,661.2100196789492,1545.5656304638842
fine,Aanchor_A,1.1615384817123413,-0.012531364756220313,47.20882133504209,42.8165345408764,0.9336812180414451,650.8389164629209,1539.276403745222
fine,Aanchor_B,1.1615384817123413,-0.011086971493490996,54.405481089149816,42.81464208604326,0.9353100578379586,660.7456524626944,1544.932134180765
fine,Banchor_A,1.1626923084259033,-0.01367686411857354,47.336386066771475,42.81778553175481,0.9326060452350393,649.8830587177853,1540.9593930946105
fine,Banchor_B,1.1626923084259033,-0.012230617448324333,54.534796390951044,42.815891321788435,0.9342345195785664,659.7920826158414,1546.6130446066725
fine,Aanchor_A,1.1626923084259033,-0.013712541964431078,47.310096414055764,42.81781892478665,0.9325773623336903,649.4196984511942,1540.3235508432124
fine,Aanchor_B,1.1626923084259033,-0.012266242474759438,54.50839307570532,42.815923980321706,0.9342064185811639,659.3289890156378,1545.9792448742003
fine,Banchor_A,1.1638461351394653,-0.014858074739103132,47.43843445197534,42.81907032608309,0.9315031085465042,648.4657072644541,1542.006839651645
fine,Banchor_B,1.1638461351394653,-0.013409943827857342,54.63849189184108,42.81717366090221,0.9331317671142373,658.3773186557314,1547.6604541578113
fine,Aanchor_A,1.1638461351394653,-0.014893694738197067,47.412089145983835,42.81910352371927,0.9314746272004781,648.0036208710192,1541.3706930918527
fine,Aanchor_B,1.1638461351394653,-0.013445477258287323,54.61203286091673,42.81720607413395,0.9331039101038419,657.9154959287916,1547.0263512047377
fine,Banchor_A,1.1649999618530273,-0.016039260354303572,47.54120119684014,42.82035533477101,0.9304012925429024,647.0512722423406,1543.054334227603
fine,Banchor_B,1.1649999618530273,-0.014589200097538503,54.74291590826049,42.818456149947004,0.932030187612197,656.9655007984136,1548.7079122194746
fine,Aanchor_A,1.1649999618530273,-0.016074823004486358,47.51479993533569,42.820388337692435,0.9303730117377289,646.5904569834563,1542.4178835775324
fine,Aanchor_B,1.1649999618530273,-0.014624675474001392,54.71640086072132,42.818488367065356,0.9320025318324261,656.5049462147281,1548.073506263667
fine,Banchor_A,1.1661537885665894,-0.0172205006210907,47.644693663791735,42.821640644827546,0.9293005218609476,645.6396453607525,1544.1022126461232
fine,Banchor_B,1.1661537885665894,-0.015768499141154958,54.84807592620816,42.819738924731645,0.930929663546864,655.5565208761006,1549.755754646902
fine,Aanchor_A,1.1661537885665894,-0.017256004889337553,47.61823614102301,42.821673451459944,0.9292724425172909,645.1800985810493,1543.465458118347
fine,Aanchor_B,1.1661537885665894,-0.01580391601448648,54.82150455760351,42.8197709450197,0.9309022091833576,655.0972317886549,1549.121045900971
fine,Banchor_A,1.1673076450824738,-0.018324129932017343,47.718164501931874,42.82279995129454,0.9283087808359543,644.2982445598309,1545.0542878793642
fine,Banchor_B,1.1673076450824738,-0.01686935013250202,54.923970004984476,42.82089457265754,0.9299393174730126,654.221081883231,1550.7078386031124
fine,Aanchor_A,1.1673076450824738,-0.018359534932767582,47.69166672469353,42.8228325395736,0.9282809181456718,643.8399645411271,1544.4172177644728
fine,Aanchor_B,1.1673076450824738,-0.01690466785746767,54.897358194932494,42.8209263743008,0.9299120795811627,653.763056664434,1550.0728153135324
fine,Banchor_A,1.1684615015983582,-0.019427693986883533,47.792331281621074,42.823959411224294,0.9273179671166836,642.9641182774735,1546.006331799272
fine,Banchor_B,1.1684615015983582,-0.017970120367331838,55.00057285648607,42.82205035363421,0.9289499111163659,652.8929584271169,1551.6598916048013
fine,Aanchor_A,1.1684615015983582,-0.019463033370612132,47.76579292681831,42.82399183051646,0.9272902784910748,642.5070870564742,1545.3689462067148
fine,Aanchor_B,1.1684615015983582,-0.018005338419037346,54.97392028221997,42.82208193581741,0.9289228899675358,652.4361791509615,1551.0245538807822
fine,Banchor_A,1.1696153581142426,-0.020531192964359606,47.86719404353798,42.8251190249007,0.9263280797511312,641.6356808500971,1546.9585792504201
fine,Banchor_B,1.1696153581142426,-0.019063838006628364,55.07787565976898,42.823196077500455,0.927970153128853,651.5705624642533,1552.612148515147
fine,Aanchor_A,1.1696153581142426,-0.02056639946424579,47.84061478825353,42.825151176391564,0.9263006491582365,641.1798856642414,1546.3208781563235
fine,Aanchor_B,1.1696153581142426,-0.019098954707536635,55.05118231941487,42.82322743621369,0.9279433514715385,651.1150163924777,1551.9764963328364
fine,Banchor_A,1.170769214630127,-0.0215726155740319,47.94282619090674,42.826187822780405,0.9254166517844126,640.310043858982,1547.9107929172617
fine,Banchor_B,1.170769214630127,-0.020164422120278164,55.15588180737909,42.8243521624508,0.9269825823317033,650.2510104117238,1553.5643720088353
fine,Aanchor_A,1.170769214630127,-0.021607661579380884,47.916208505254815,42.826219665631534,0.9253895112391953,639.8554821219659,1547.2727765169222
fine,Aanchor_B,1.170769214630127,-0.02019943920559958,55.12914706527174,42.824383301727146,0.9269559965434226,649.7966949619633,1552.9284055632959
fine,Banchor_A,1.1719230711460114,-0.022894262122530668,48.07595075205938,42.82752854633676,0.9242746044283469,638.7660609799177,1549.081669576844
fine,Banchor_B,1.1719230711460114,-0.021428669209170824,55.29145566336596,42.82560905928647,0.9259100867005127,648.7115311689176,1554.7352506505404
fine,Aanchor_A,1.1719230711460114,-0.0229293091358531,48.04925576954254,42.82756029476166,0.9242475777585938,638.3126569830484,1548.443267174986
fine,Aanchor_B,1.1719230711460114,-0.021463661492072583,55.26464618388858,42.82564006719462,0.9258836436982206,648.258370662985,1554.098899428143
fine,Banchor_A,1.1730769276618958,-0.02420402451369877,48.209812631551095,42.8288520767461,0.9231485848407058,637.2255444706512,1550.252414925944
fine,Banchor_B,1.1730769276618958,-0.022735643062354323,55.42777338741272,42.826928923179096,0.9247851976296066,647.1755390620859,1555.9059982356064
fine,Aanchor_A,1.1730769276618958,-0.02423911014444653,48.18304061255074,42.82888378646083,0.9231216240092575,636.7732958590028,1549.613626783481
fine,Aanchor_B,1.1730769276618958,-0.022770638836584093,55.40088698313265,42.82695984047318,0.9247588639320621,646.72353115216,1555.2692624967842
fine,Banchor_A,1.1742307841777802,-0.025577769813207564,48.34436764392109,42.830269785583035,0.9219439627480844,635.6884441845244,1551.4230278952598
fine,Banchor_B,1.1742307841777802,-0.024054459953217523,55.56484024865344,42.82826643195667,0.9236466643852069,645.6429839546906,1557.0766136938066
fine,Aanchor_A,1.1742307841777802,-0.025612881220486924,48.31751544345928,42.83030143601904,0.9219170874325562,635.2373486011652,1550.7838542719742
fine,Aanchor_B,1.1742307841777802,-0.024089456159215865,55.53787611165099,42.82829725359026,0.9236204444849606,645.1921262908887,1556.4394936978656
fine,Banchor_A,1.1753846406936646,-0.02687564133668233,48.4795658254014,42.83157629251844,0.9208352203656859,634.1547354504089,1552.5934648073362
fine,Banchor_B,1.1753846406936646,-0.025401592915387263,55.702564748484455,42.82964573881897,0.9224740192371811,644.113892787687,1558.247053346554
fine,Aanchor_A,1.1753846406936646,-0.0269107446199163,48.45263659366296,42.83160783507094,0.9208084688663368,633.7047904934079,1551.953905977108
fine,Aanchor_B,1.1753846406936646,-0.025436604660111183,55.67552133485187,42.82967648576379,0.9224478960812614,643.664182980318,1557.6095493668506
fine,Banchor_A,1.1765384674072266,-0.027917811644570353,48.59570001511412,42.83257485818956,0.9199887056038986,632.9398448039276,1553.6017248197268
fine,Banchor_B,1.1765384674072266,-0.02644012002237808,55.821163122847594,42.83063938637198,0.9216301726923765,642.9053914177332,1559.2553331739882
fine,Aanchor_A,1.1765384674072266,-0.027952757602087965,48.56872538034065,42.832606093678244,0.9199622388771491,632.4911922955915,1552.9618413289286
fine,Aanchor_B,1.1765384674072266,-0.026474995700862747,55.79407412279505,42.830669857012516,0.9216043079680352,642.4569712695029,1558.6175056188295
fine,Banchor_A,1.1776922941207886,-0.028960120760208943,48.71254463247472,42.83357388624072,0.9191425776015311,631.7271020980647,1554.6102443622688
fine,Banchor_B,1.1776922941207886,-0.027479660500509262,55.94048457968595,42.8316347823749,0.9207856152508235,641.6990793006928,1560.2638728742804
fine,Aanchor_A,1.1776922941207886,-0.0289949093987782,48.68552423428325,42.83360481461825,0.919116395197717,631.2797394537644,1553.9700363693191
fine,Aanchor_B,1.1776922941207886,-0.027514322339953386,55.91334959309648,42.831664862477616,0.9207601054243146,641.2519462297292,1559.625721902114
fine,Banchor_A,1.1788461208343506,-0.030002575120788362,48.83009956644259,42.834573386110144,0.9182968287405414,630.5165310158087,1555.6189531207847
fine,Banchor_B,1.1788461208343506,-0.028078033437371756,56.06000380807882,42.831983902719216,0.9204895826497568,640.4949801377102,1561.2726021230555
fine,Aanchor_A,1.1788461208343506,-0.03003720652593972,48.803033044689066,42.8346040074448,0.9182709301126261,630.0704556523825,1554.978420784067
fine,Aanchor_B,1.1788461208343506,-0.02811260038195722,56.032842005665735,42.83201374229618,0.9204642849373028,640.0491315635666,1560.6341278922323
fine,Banchor_A,1.1799999475479126,-0.030609636545150466,48.94799400988249,42.834934672930146,0.917991309456473,629.3080495525489,1556.6279184236112
fine,Banchor_B,1.1799999475479126,-0.029113403578279566,56.18008069440308,42.83297465619004,0.9196500027653627,639.293012472855,1562.281588249222
fine,Aanchor_A,1.1799999475479126,-0.030644108634722184,48.92090021471767,42.83496495941897,0.917965702549713,628.863258971942,1555.987061879916
fine,Aanchor_B,1.1799999475479126,-0.029147847060252963,56.15287236133324,42.833004238044545,0.9196249464194021,638.8484458999767,1561.6427908965763
fine,Banchor_A,1.181153804063797,-0.031890617326835125,49.07152506484541,42.836146312302276,0.9169674382691145,627.8291608673966,1557.793845905456
fine,Banchor_B,1.181153804063797,-0.030393086071545092,56.30493237418493,42.83418467182157,0.9186256553955997,637.8136260142154,1563.4474955035837
fine,Aanchor_A,1.181153804063797,-0.03192506035530564,49.04435526282647,42.83617645962785,0.9169419774509289,627.3856127777993,1557.1525946478876
fine,Aanchor_B,1.181153804063797,-0.030427432844176663,56.27764807409699,42.834214015006985,0.9186008288874904,637.370298779844,1562.808304656619
fine,Banchor_A,1.1823076605796814,-0.03317170187474696,49.195768646270224,42.83735836170333,0.915944363137872,626.3533068510811,1558.9597624649575
fine,Banchor_B,1.1823076605796814,-0.0316729321849474,56.430503660146556,42.83539518649074,0.9176020272316995,636.3372890558446,1564.613392262998
fine,Aanchor_A,1.1823076605796814,-0.03320608193574476,49.1685225313717,42.83738832007491,0.9159190901269069,625.910998486494,1558.3181167153998
fine,Aanchor_B,1.1823076605796814,-0.03170718216745993,56.40314308226239,42.83542429085031,0.917577430224357,635.8951984053646,1563.973808143199
fine,Banchor_A,1.1834615170955658,-0.03442754885712018,49.32081690124101,42.83853366334368,0.9149533964000247,624.880367251777,1560.1258843601197
fine,Banchor_B,1.1834615170955658,-0.03292749201999851,56.55683790791367,42.83656887953655,0.9166106250773519,634.8638812932633,1565.7794948121598
fine,Aanchor_A,1.1834615170955658,-0.034461819106346395,49.29349527348225,42.83856336446434,0.9149283675123342,624.4392960778063,1559.4838442822029
fine,Aanchor_B,1.1834615170955658,-0.03296169983537164,56.52940185163235,42.83659782564452,0.9165861882423956,634.423024703474,1565.139517582971
fine,Banchor_A,1.1846153736114502,-0.03570860933149679,49.44661183026343,42.839746253315035,0.9139321133353064,623.4103316380927,1561.292054220664
fine,Banchor_B,1.1846153736114502,-0.03420725851835176,56.68397383476752,42.837779855793634,0.9155888530177658,633.3933924527919,1566.9456457649255
fine,Aanchor_A,1.1846153736114502,-0.03574284955915455,49.41921327705506,42.83977581373454,0.9139072308189292,622.9704950738368,1560.6496199762762
fine,Aanchor_B,1.1846153736114502,-0.03424140300739406,56.656460894138256,42.83780861207509,0.915564603497514,632.9537673540186,1566.3052755879276
fine,Banchor_A,1.1857692301273346,-0.03705085108942792,49.51223578629513,42.841033276578735,0.9128493871614783,621.7299080239874,1562.3400578957971
fine,Banchor_B,1.1857692301273346,-0.03554815495420796,56.7519168410812,42.839065299499076,0.9145054945673605,631.7173210503981,1567.9936130021413
fine,Aanchor_A,1.1857692301273346,-0.03708506117912378,49.48480310781588,42.84106272216442,0.9128246306688368,621.2915523010857,1561.6973256231358
fine,Aanchor_B,1.1857692301273346,-0.03558226488040506,56.72436966373538,42.83909393401963,0.9144813762953894,631.2791732394838,1567.3529458885378
fine,Banchor_A,1.186923086643219,-0.03838711496189466,49.57856482178683,42.84231177597441,0.9117751017933163,620.0532287881136,1563.3883503579968
fine,Banchor_B,1.186923086643219,-0.03688743845152099,56.820566296018185,42.8403486254106,0.9134251996757468,630.0450104420685,1569.041869362039
fine,Aanchor_A,1.186923086643219,-0.03842128359689694,49.551097972890084,42.84234109005644,0.9117504848659267,619.6163501618644,1562.7453201738927
fine,Aanchor_B,1.186923086643219,-0.03692151441630607,56.79298464688111,42.84037713911933,0.9134012115302083,629.6083361828474,1568.4009054285932
fine,Banchor_A,1.1880769431591034,-0.039730909660487534,49.645597350091734,42.843601572666536,0.9106926047131695,618.3802914442161,1564.4361248662528
fine,Banchor_B,1.1880769431591034,-0.03821927788824974,56.88992579958096,42.841621278563174,0.9123551493076982,628.3764581476831,1570.0896080582427
fine,Aanchor_A,1.1880769431591034,-0.03976504559253619,49.61809569988255,42.843630768072316,0.910668116552467,617.9448861704377,1563.7927975002094
fine,Aanchor_B,1.1880769431591034,-0.03825331530588667,56.862309698068024,42.841649664767324,0.9123312964041437,627.9412537045091,1569.4483480336114
fine,Banchor_A,1.1892307996749878,-0.0410728691681598,49.71331970559301,42.844888946509855,0.9096134226422244,616.711111064621,1565.4836842314173
fine,Banchor_B,1.1892307996749878,-0.039560047254959686,56.95999405040322,42.8429073031114,0.9112751295841778,626.7116790998073,1571.1371319015864
fine,Aanchor_A,1.1892307996749878,-0.041106970447849084,49.685783028007606,42.84491802036325,0.909589065332318,616.2771753961292,1564.8400598523458
fine,Aanchor_B,1.1892307996749878,-0.03959405042157568,56.93234280376961,42.84293556799982,0.9112514067365133,626.2779407340972,1570.4955759541833
fine,Banchor_A,1.1903846263885498,-0.04206629549644938,49.69717098341083,42.84624438132412,0.908478568315168,615.58619669062,1566.2059947733276
fine,Banchor_B,1.1903846263885498,-0.040549486158627863,56.948813043612546,42.84425780093499,0.9101423406058778,625.5953341138872,1571.859775139606
fine,Aanchor_A,1.1903846263885498,-0.04210057184464405,49.66961342179929,42.84627355065104,0.9084541615096506,615.1526544504081,1565.562169584017
fine,Aanchor_B,1.1903846263885498,-0.04058366178226966,56.92114113066681,42.844286157185444,0.9101185706633929,625.1619884991024,1571.2180193191357
fine,Banchor_A,1.1915384531021118,-0.04305961608589015,49.6833044498886,42.847600497055424,0.9073445608188008,614.4645620905047,1566.929281112487
fine,Banchor_B,1.1915384531021118,-0.041538805246310435,56.93992891497156,42.84560896240883,0.9090104041484991,624.4822900015553,1572.583394594601
fine,Aanchor_A,1.1915384531021118,-0.04309406763505803,49.655725466297525,42.84762976203766,0.9073201045425128,614.0314119751489,1566.2852548702663
fine,Aanchor_B,1.1915384531021118,-0.041573154315660395,56.91223580450145,42.84563741145996,0.9089865860750558,624.0493358443156,1571.9414386593928
fine,Banchor_A,1.1926922798156738,-0.04405283011639226,49.67172496807619,42.84895729393653,0.9062114003232825,613.3462146814556,1567.6534001908215
fine,Banchor_B,1.1926922798156738,-0.04252800464203858,56.93334656749975,42.84696078916318,0.9078793191714932,623.3725771442976,1573.307847200937
fine,Aanchor_A,1.1926922798156738,-0.04408745673009145,49.644124025144,42.848986654361866,0.9061868949302649,612.9134553907323,1567.0091728737154
fine,Aanchor_B,1.1926922798156738,-0.04256252673958499,56.90563172892272,42.84698933039143,0.907855453659609,622.9400131571972,1572.6656911298357
fine,Banchor_A,1.1938461065292358,-0.04504600256388934,49.66243685866286,42.850314862092986,0.9050790120623009,612.2310824197921,1568.3783558138225
fine,Banchor_B,1.1938461065292358,-0.0435171488419614,56.929070698182635,42.848313370694534,0.9067490112579158,622.2661172684205,1574.0331367885565
fine,Aanchor_A,1.1938461065292358,-0.045080805422841666,49.63481341810315,42.850344319671564,0.9050544563052736,611.7987126631463,1567.7339274666062
fine,Aanchor_B,1.1938461065292358,-0.04355184487526767,56.90133360004157,42.84834200540982,0.9067250973852158,621.8339421729111,1573.390780627174
fine,Banchor_A,1.1949999630451202,-0.046244015949317256,49.61589409125617,42.85189002399203,0.9037668956187366,610.708295013472,1569.0834513873813
fine,Banchor_B,1.1949999630451202,-0.044710535161966804,56.88767782711297,42.84988266796513,0.9054393645111535,620.7513620894513,1574.738546417485
fine,Aanchor_A,1.1949999630451202,-0.046278948958915885,49.5882957772509,42.851919505751034,0.9037423553335767,610.2769533197502,1568.438850593094
fine,Aanchor_B,1.1949999630451202,-0.04474535959326378,56.85996599337385,42.84991132406692,0.9054154673434298,620.3202131248232,1574.0960187170626
fine,Banchor_A,1.1961538195610046,-0.04744127009613706,49.5725410090151,42.853465225330694,0.9024566486023496,609.1908882760821,1569.7895073390498
fine,Banchor_B,1.1961538195610046,-0.045903529253438394,56.84948734369072,42.85145254621519,0.9041311255269141,619.2419994606801,1575.4449167417451
fine,Aanchor_A,1.1961538195610046,-0.04747633277859597,49.544967557078344,42.85349473075479,0.9024321242250422,608.760573130363,1569.1447339859897
fine,Aanchor_B,1.1961538195610046,-0.045938481432214975,56.82180049971959,42.85148122293252,0.9041072457205651,618.8118751224155,1574.8022173913764
fine,Banchor_A,1.197307676076889,-0.04863795452008204,49.53238279338111,42.8550407455174,0.901148036492376,607.6788730479924,1570.4965243563734
fine,Banchor_B,1.197307676076889,-0.04709574981312955,56.81450473775566,42.8530224474781,0.9028247576374043,617.7380402302774,1576.1522484488592
fine,Aanchor_A,1.197307676076889,-0.04867314671822043,49.504833932531525,42.85507027456087,0.9011235280735029,607.2495829314537,1569.8515783327837
fine,Aanchor_B,1.197307676076889,-0.0471308295534551,56.786842627825955,42.85305114472587,0.902800895263415,617.3089390099983,1575.5093773375854
fine,Banchor_A,1.1984615325927734,-0.04984104038894005,49.49541775090424,42.85662682025326,0.899832574538344,606.1724751273265,1571.2049781591884
fine,Banchor_B,1.1984615325927734,-0.048287342516095094,56.78273571178947,42.854592593201815,0.9015200743193695,616.2397098900065,1576.8610173175148
fine,Aanchor_A,1.1984615325927734,-0.04987636451363538,49.46789289730539,42.856656376566406,0.8998080792960906,605.7442081566852,1570.55985934221
fine,Aanchor_B,1.1984615325927734,-0.048322549648422475,56.75509807282265,42.85462131092419,0.9014962294289608,615.811629915219,1576.2179743238105
fine,Banchor_A,1.1996153891086578,-0.050885976162827536,49.45134187711997,42.85802486207013,0.8986746560872818,604.9442465601895,1571.9583172473483
fine,Banchor_B,1.1996153891086578,-0.049335041421933394,56.743698453301896,42.85599557974393,0.900355883903178,615.0203469247,1577.6146535988557
fine,Aanchor_A,1.1996153891086578,-0.05092135899212044,49.42385457747478,42.85805436917613,0.8986502330940266,604.516928484817,1571.3129933770397
fine,Aanchor_B,1.1996153891086578,-0.049370308199568426,56.71609801905461,42.85602424927782,0.9003321097648416,614.5932141238412,1576.9714064828086
fine,Banchor_A,1.2007692456245422,-0.05193119749295032,49.40952421680429,42.85942415009459,0.8975171974930863,603.7189239858006,1572.7126856080067
fine,Banchor_B,1.2007692456245422,-0.05037597881532942,56.70692710683792,42.8573894772967,0.8992007242996215,613.8039092785027,1578.3693193458894
fine,Aanchor_A,1.2007692456245422,-0.05196663915865229,49.38207404397239,42.859453608234425,0.8974928464321944,603.2925531703024,1572.0671564309332
fine,Aanchor_B,1.2007692456245422,-0.05041130280616026,56.67936376933089,42.85741809519804,0.8991770234242508,613.3777220216696,1577.7258678549163
fine,Banchor_A,1.2019231021404266,-0.052976495320520824,49.36996950443112,42.86082437901705,0.8963604528758176,602.4966053844557,1573.46808387714
fine,Banchor_B,1.2019231021404266,-0.05141704672603301,56.67243228535268,42.858784397948156,0.8980462005325307,612.5904944465375,1579.1250151942997
fine,Aanchor_A,1.2019231021404266,-0.05301199582986104,49.342556041378515,42.86085378824096,0.8963361735820731,602.0711802259004,1572.8223491399442
fine,Aanchor_B,1.2019231021404266,-0.051452427951330364,56.64490563203548,42.85881296428761,0.8980225727350846,612.165251136359,1578.481359075893
fine,Banchor_A,1.203076958656311,-0.0541625226500526,49.332659347840696,42.86243185128314,0.895034340276376,601.2773413745666,1574.2244851948167
fine,Banchor_B,1.203076958656311,-0.05245804493092672,56.64021992589505,42.86018005416249,0.8968925514842312,611.3801527516649,1579.8817142730409
fine,Aanchor_A,1.203076958656311,-0.05419820057948925,49.305275794174484,42.86246135965378,0.8950100151723268,600.8528602374191,1573.5785446516982
fine,Aanchor_B,1.203076958656311,-0.05249353593516473,56.612729544866596,42.860208646060286,0.8968689329271596,610.9558517582575,1579.237853282216
fine,Banchor_A,1.204230785369873,-0.05548307035979203,49.35322778234419,42.86408493450578,0.893672646282225,599.699813232324,1575.075359859619
fine,Banchor_B,1.204230785369873,-0.05379731087758555,56.66498048049202,42.86186181213284,0.8955043794730381,609.8062689094114,1580.7328042173745
fine,Aanchor_A,1.204230785369873,-0.05551892739013994,49.32582630088713,42.864114540467504,0.8936482778607681,599.2762579550683,1574.4292678070587
fine,Aanchor_B,1.204230785369873,-0.053832938516045016,56.63747168279055,42.86189043947416,0.895480768239063,609.3828917778233,1580.088792697979
fine,Banchor_A,1.205384612083435,-0.05680333323842632,49.37659333577969,42.86573861750276,0.892312531027405,598.1274535053476,1575.9268156890867
fine,Banchor_B,1.205384612083435,-0.055121377857012675,56.69251934882744,42.863522293464726,0.894135877784624,608.2375528730336,1581.5844754182604
fine,Aanchor_A,1.205384612083435,-0.056839435506329285,49.34917349180051,42.86576841811872,0.8922880397209431,597.7048218565942,1575.2805720235945
fine,Aanchor_B,1.205384612083435,-0.055157183457775615,56.66499237612248,42.863551017259134,0.8941122232032572,607.8150973856611,1580.9403132670493
fine,Banchor_A,1.206538438796997,-0.058128973400315614,49.40276914591301,42.8674011994205,0.8909471833658588,596.5601357420861,1576.7790947746257
fine,Banchor_B,1.206538438796997,-0.05655502485720515,56.722813934792846,42.865344145520005,0.8926367868114955,606.6738708483276,1582.436969961905
fine,Aanchor_A,1.206538438796997,-0.05816515514325341,49.37533024322525,42.8674309518424,0.8909227690807069,596.1384254901502,1576.1326994218189
fine,Aanchor_B,1.206538438796997,-0.0565911154744714,56.69526324762897,42.86537309649097,0.8926129851209517,606.2523347862256,1581.7926571049304
fine,Banchor_A,1.207692265510559,-0.059448852834292985,49.43176634461302,42.86905632494553,0.8895900341737262,594.9979575013231,1577.6322552226943
fine,Banchor_B,1.207692265510559,-0.05787659210432426,56.75589964185908,42.86700250541281,0.8912744088272903,605.115321319221,1583.290345969089
fine,Aanchor_A,1.207692265510559,-0.05948521292349484,49.40430819406693,42.869086174065274,0.8895655778515243,594.5771665021265,1576.9857080957736
fine,Aanchor_B,1.207692265510559,-0.057907737543525954,56.72833013177074,42.86702404099581,0.8912567305703036,604.6947025513263,1582.6458823200544
fine,Banchor_A,1.2088461220264435,-0.060725428983735515,49.40804918816706,42.87064512397287,0.8882892152888806,593.4814771413261,1578.4983115688892
fine,Banchor_B,1.2088461220264435,-0.0591889514484247,56.73733341144248,42.86864473445947,0.8899273317629648,603.6059502574853,1584.1566884444155
fine,Aanchor_A,1.2088461220264435,-0.060762037636572834,49.380561368039686,42.87067514116525,0.88826465722444,593.0613167407164,1577.8515232321538
fine,Aanchor_B,1.2088461220264435,-0.05922546279696076,56.709732594223425,42.868673942819115,0.8899033913547714,603.1859609222017,1583.5119846303946
fine,Banchor_A,1.2099999785423279,-0.06206430457350881,49.38701734160007,42.872326140410806,0.8869149648962047,591.9698652944446,1579.3653606848009
fine,Banchor_B,1.2099999785423279,-0.06046117440895293,56.72146180420686,42.87022907190964,0.8886296712655072,602.1014526648776,1585.024023798721
fine,Aanchor_A,1.2099999785423279,-0.062101146178193366,49.359496336404334,42.87235630060416,0.886890328013707,591.5503334387665,1578.7183307721298
fine,Aanchor_B,1.2099999785423279,-0.060497859624818254,56.693831206051,42.87025833868128,0.8886057179598799,601.6820907221188,1584.3790794543236
fine,Banchor_A,1.2111538350582123,-0.06335964817193131,49.368557317689756,42.87394397962399,0.8855943703700417,590.4631287748452,1580.233350608002
fine,Banchor_B,1.2111538350582123,-0.06179609464411629,56.70826779697563,42.8719060024427,0.8872582331366489,600.6018353461258,1585.8923000729021
fine,Aanchor_A,1.2111538350582123,-0.063396660857574,49.34100443655815,42.87397419705239,0.8855697234880605,590.044223415084,1579.5860788696896
fine,Aanchor_B,1.2111538350582123,-0.06183302081164976,56.680603769879355,42.87193542392446,0.8872341903736629,600.1830987604774,1585.2471149490875
fine,Banchor_A,1.2123076915740967,-0.06465459097074032,49.352775491633786,42.87556220754742,0.8842754255923283,588.9613366246529,1581.1021844507004
fine,Banchor_B,1.2123076915740967,-0.06308678644079878,56.69768726698864,42.87351893245399,0.885941133303557,599.1071670788386,1586.761420371176
fine,Aanchor_A,1.2123076915740967,-0.0646918362205602,49.32519018698434,42.87559257241778,0.8842506953373386,588.5430556889431,1580.4546707581185
fine,Aanchor_B,1.2123076915740967,-0.06312390833677177,56.66999127859424,42.87354844723145,0.8859170501055625,598.6890537921149,1586.1159943398734
fine,Banchor_A,1.213461548089981,-0.06582207722530653,49.37604045985523,42.87699540694721,0.8831089296155995,587.6291765250438,1581.8469490217344
fine,Banchor_B,1.213461548089981,-0.0642271274381607,56.726231789821746,42.87491325834278,0.8848041188071587,597.7832877964319,1587.5064763460848
fine,Aanchor_A,1.213461548089981,-0.0658594652044276,49.348446268013326,42.877025809421724,0.8830842013982815,587.2117286904814,1581.1992924721565
fine,Aanchor_B,1.213461548089981,-0.06426437705768132,56.698528348545196,42.87494278918693,0.8847800534245301,597.3660063083814,1586.860908350472
fine,Banchor_A,1.2146154046058655,-0.06704850305744195,49.401989958864235,42.87851612898203,0.8818728806198478,586.3013781064466,1582.5926592994995
fine,Banchor_B,1.2146154046058655,-0.06556218488263797,56.75759670351711,42.87659402767957,0.8834354611813016,596.4637781883004,1588.2524781441232
fine,Aanchor_A,1.2146154046058655,-0.06708608351744724,49.37438363529544,42.878546646084,0.8818480939117209,585.8847618804417,1581.9448595893216
fine,Aanchor_B,1.2146154046058655,-0.06559955431665158,56.7298761167538,42.87662357162032,0.8834114223680946,596.0473270171518,1587.6067678812599
fine,Banchor_A,1.2157692611217499,-0.06819767354269088,49.43047798903329,42.87992479490014,0.8807294548604401,584.9779494747378,1583.3393972545834
fine,Banchor_B,1.2157692611217499,-0.06673679749108695,56.79169826873991,42.87804046844825,0.8822593133665664,595.148646341194,1588.9995077334809
fine,Aanchor_A,1.2157692611217499,-0.06823541877686264,49.40286278481027,42.879955382752065,0.8807046429009989,584.5621633689284,1582.691454096975
fine,Aanchor_B,1.2157692611217499,-0.06677446046491026,56.76396776526497,42.878070280765066,0.8822350884830717,594.733024009434,1588.3536549172786
fine,Banchor_A,1.2169231176376343,-0.06949139357903092,49.46190370074769,42.88154624643864,0.879415144521657,583.6589465730037,1584.0871508028165
fine,Banchor_B,1.2169231176376343,-0.06787941841831358,56.82850332297137,42.87944103441501,0.8811219599999706,593.8379478771365,1589.7475530215809
fine,Aanchor_A,1.2169231176376343,-0.06952933226268534,49.4342722362614,42.881576961607564,0.879390266468839,583.2439890731921,1583.4390639077335
fine,Aanchor_B,1.2169231176376343,-0.06791721058061931,56.800764077090285,42.87947086572979,0.8810977509284333,593.4231528814898,1589.1015573627246
fine,Banchor_A,1.2180769443511963,-0.07053871496115391,49.47330407044069,42.88278262753093,0.8784142813187938,582.5504012855424,1584.9076253360945
fine,Banchor_B,1.2180769443511963,-0.06892291745169662,56.844542959602265,42.88067262406802,0.8801230383124352,592.736423968105,1590.5682713717242
fine,Aanchor_A,1.2180769443511963,-0.07057680822616347,49.44566878888588,42.88281342498154,0.8783893650116393,582.135967009131,1584.2593107368366
fine,Aanchor_B,1.2180769443511963,-0.06896086203748765,56.8168002497203,42.880702534395894,0.8800987926384609,592.3221514164749,1589.922048929167
fine,Banchor_A,1.2192307710647583,-0.07158605642989588,49.48706363168986,42.88401989550013,0.8774138404889082,581.4450263565678,1585.7291373896978
fine,Banchor_B,1.2192307710647583,-0.06992121012404531,56.862944175321076,42.88183877041134,0.8791782404201034,591.6380758832837,1591.3900272484673
fine,Aanchor_A,1.2192307710647583,-0.07162430438113321,49.45942406996503,42.88405077541626,0.8773888859185529,581.0311144810115,1585.0805949018265
fine,Aanchor_B,1.2192307710647583,-0.06995929072800448,56.835199732589004,42.88186873796827,0.8791539744333456,591.2243249613198,1590.7435778384267
fine,Banchor_A,1.2203845977783203,-0.07263341701142999,49.50318694303135,42.88525805027216,0.8764138232442451,580.3426239691819,1586.5518032892646
fine,Banchor_B,1.2203845977783203,-0.07096461474622158,56.88368240686949,42.883071905310146,0.8781802724655022,590.5427057885797,1592.2129369970153
fine,Aanchor_A,1.2203845977783203,-0.07267181989966781,49.47554263843638,42.88528901305214,0.8763888302290579,579.9292336983904,1585.9030325992824
fine,Aanchor_B,1.2203845977783203,-0.07100288235903993,56.85593359502458,42.88310200265533,0.8781559290491767,590.1294757081558,1591.5662603068606
fine,Banchor_A,1.2215384244918823,-0.07368228628964,49.52167984278746,42.88649925836609,0.875412483901754,579.2431279056989,1587.3756300806394
fine,Banchor_B,1.2215384244918823,-0.07200813015412705,56.906799728063156,42.88430604505582,0.8771826254874876,589.4502479200336,1593.0370076680376
fine,Aanchor_A,1.2215384244918823,-0.07372084486259409,49.49403026316629,42.88653030504038,0.875387451801361,578.8302584801031,1586.726630920297
fine,Aanchor_B,1.2215384244918823,-0.07204648184027414,56.87904609087944,42.88433612125288,0.8771583268116442,589.0375379295149,1592.3901034303638
fine,Banchor_A,1.2226922810077667,-0.07515466022220052,49.55017382240567,42.88826432966928,0.8739904900999717,577.3592866992385,1588.2838738856806
fine,Banchor_B,1.2226922810077667,-0.07352146413044759,56.94123776374904,42.886132257216104,0.8757084413287924,587.5751376432991,1593.945539273211
fine,Aanchor_A,1.2226922810077667,-0.07519327369432464,49.52254277743325,42.88829528652139,0.8739655709635226,576.9480093833392,1587.6346844760847
fine,Aanchor_B,1.2226922810077667,-0.07355991987237345,56.913500638013716,42.88616231316549,0.8756841998195043,587.1640167004123,1593.298445879062
fine,Banchor_A,1.2238461375236511,-0.07637584803100383,49.581766885125695,42.88966201819149,0.8728661096696417,575.4820165913785,1589.1926656279425
fine,Banchor_B,1.2238461375236511,-0.07503315602893054,56.97870068512411,42.88795714928961,0.8742377976058031,585.7066040867685,1594.8546188644834
fine,Aanchor_A,1.2238461375236511,-0.076414389515365,49.554166358043496,42.889692692369366,0.8728414498379212,575.0723272139045,1588.543285938168
fine,Aanchor_B,1.2238461375236511,-0.0750716806956403,56.95097984537249,42.887987133691276,0.874213654415959,585.2970680350634,1594.2073362831304
fine,Banchor_A,1.2249999940395355,-0.0778923686173583,49.616778752332664,42.89149380800668,0.8713947032542302,573.6113292886517,1590.1020837338303
fine,Banchor_B,1.2249999940395355,-0.07650253862808949,57.019197330299846,42.8897210985426,0.8728186139400479,583.844658919825,1595.7643248654222
fine,Aanchor_A,1.2249999940395355,-0.07793098059684118,49.589193969941114,42.89152441311899,0.8713701404214074,573.2032236778396,1589.452513688733
fine,Aanchor_B,1.2249999940395355,-0.07650256224401834,56.991495484961206,42.88969444967241,0.8728400371138273,583.4367036024247,1595.1168530219802
fine,Banchor_A,1.22615385055542,-0.07940858947076197,49.65481443921492,42.89332626420826,0.8699252432861657,571.7478453941076,1591.0120073017565
fine,Banchor_B,1.22615385055542,-0.07775932243668414,57.06317814933324,42.89117421341512,0.8716512425731997,581.9899238336117,1596.6745363508164
fine,Aanchor_A,1.22615385055542,-0.07944727172578239,49.62724510416041,42.89335680007332,0.8699007773558808,571.3413180651901,1590.3622468971234
fine,Aanchor_B,1.22615385055542,-0.07779784193419799,57.0355034931347,42.89120384079556,0.8716274574304395,581.583543783361,1596.0268752411575
fine,Banchor_A,1.2273077070713043,-0.08081792333374435,49.72416255192572,42.89497324926393,0.8686066285756407,570.2040131380561,1591.976773691756
fine,Banchor_B,1.2273077070713043,-0.07914939631805974,57.138133664597994,42.89279394525593,0.8703518581769654,580.4547152873849,1597.6395428816593
fine,Aanchor_A,1.2273077070713043,-0.08085677190936705,49.696575950856925,42.89500388102756,0.8685821230120454,569.7983606239487,1591.326725292109
fine,Aanchor_B,1.2273077070713043,-0.07918808381016676,57.110442936062306,42.89282367149959,0.8703280292421656,580.0492084716252,1596.9915948618705
fine,Banchor_A,1.2284615635871887,-0.08218083805182474,49.795984648091995,42.896553016015424,0.8673437084810098,568.6652541713947,1592.9420990797191
fine,Banchor_B,1.2284615635871887,-0.08055344664117188,57.21553755272032,42.89443503902617,0.8690373122607182,578.9245856858104,1598.6051083315242
fine,Aanchor_A,1.2284615635871887,-0.08221981316213002,49.76838265971853,42.89658368435476,0.8673192093297643,568.2604749125167,1592.291762586642
fine,Aanchor_B,1.2284615635871887,-0.08059229780198861,57.18782967991382,42.89446485721331,0.8690134457254964,578.5199505564591,1597.9568733033327
fine,Banchor_A,1.2296154201030731,-0.08357538694211988,49.87030076943723,42.898180024016,0.86604494149622,567.1315712061452,1593.9079840210793
fine,Banchor_B,1.2296154201030731,-0.08191540679151388,57.295413506711945,42.89601530281686,0.8677733687107694,577.3995377160244,1599.5712332555433
fine,Aanchor_A,1.2296154201030731,-0.08361460207454553,49.842681415111926,42.89821089702782,0.8660203157763947,566.7276636458076,1593.257359335739
fine,Aanchor_B,1.2296154201030731,-0.08195443210392828,57.26769016742204,42.896045227270115,0.8677494519567336,576.9957727279087,1598.9227111202579
fine,Banchor_A,1.2307692766189575,-0.08496965694452832,49.9470796168969,42.89980752424897,0.8647477272503371,565.6030917971758,1594.8743939587646
fine,Banchor_B,1.2307692766189575,-0.0834712512866926,57.37789261376512,42.89788096000604,0.8662835248151478,575.8796985599215,1600.5378830876314
fine,Aanchor_A,1.2307692766189575,-0.08500900850931052,49.91944250944777,42.89983845007409,0.8647230963538072,565.2000543546861,1594.223480992383
fine,Aanchor_B,1.2307692766189575,-0.08351088966824345,57.350143790224394,42.89791159500514,0.8662590822106855,575.4768021440069,1599.889073756574
fine,Banchor_A,1.2319231033325195,-0.08607572597290712,49.962463954550465,42.9010483507292,0.8637600205026735,564.3920093070584,1595.6713153093017
fine,Banchor_B,1.2319231033325195,-0.08457036399703112,57.39774010350445,42.899112445543935,0.8653015083326939,574.6732283024934,1601.3350420550073
fine,Aanchor_A,1.2319231033325195,-0.08611515190174275,49.934839538125786,42.90107924431759,0.8637354433845958,563.9898412467151,1595.0201634053774
fine,Aanchor_B,1.2319231033325195,-0.08461003523014916,57.37000447648437,42.89914298757872,0.8652771675241788,574.2711998850432,1600.685994668093
fine,Banchor_A,1.2330769300460815,-0.08718201585640185,49.98007042502091,42.90229031455093,0.8627725381235977,563.1839906944625,1596.4693253878613
fine,Banchor_B,1.2330769300460815,-0.08566968481390712,57.41981944366467,42.90034505148446,0.8643197131442633,573.4698315131374,1602.1332886674088
fine,Aanchor_A,1.2330769300460815,-0.08722151614142969,49.952458438066635,42.90232117598264,0.8627480146553445,562.7826911621614,1595.8179344324944
fine,Aanchor_B,1.2330769300460815,-0.08570946121980591,57.39209675725246,42.90037560660884,0.8642953895335953,573.0686702491383,1601.484003110571
fine,Banchor_A,1.2342307567596436,-0.08828852585159788,49.99990316101816,42.90353341585772,0.8617852818103202,561.9788857967134,1597.268656175826
fine,Banchor_B,1.2342307567596436,-0.0867713175030391,57.444136821586625,42.901581861454304,0.8633356890390322,572.2693583170485,1602.9328561047223
fine,Aanchor_A,1.2342307567596436,-0.08832810060147141,49.97230334262376,42.90356424538417,0.8617608117274199,561.5784539257581,1596.6170260479855
fine,Aanchor_B,1.2342307567596436,-0.08681116552375236,57.416426715149,42.901612380573134,0.8633114217501093,571.8690633487497,1602.2833322578758
fine,Banchor_A,1.2353845834732056,-0.0893974188791262,50.02196977203443,42.90478080250347,0.8607957576795439,560.7765944815229,1598.069197105814
fine,Banchor_B,1.2353845834732056,-0.08787113293912795,57.470698114246275,42.90281680173816,0.8623542702519099,571.0717089603504,1603.7336338155885
fine,Aanchor_A,1.2353845834732056,-0.08943706896289731,49.994381757858896,42.90481160146275,0.8607713399274688,560.3770294598249,1597.4173276544116
fine,Aanchor_B,1.2353845834732056,-0.08791105153794662,57.443000439153224,42.902847283438284,0.8623300602687016,570.6722794845073,1603.083871528518
fine,Banchor_A,1.23653843998909,-0.09088708680976945,50.10560125627665,42.90643901661604,0.8594820921495833,559.1218107576447,1599.104790013691
fine,Banchor_B,1.23653843998909,-0.08936266857153591,57.56165890951328,42.904479573669185,0.8610346117167428,569.4302032779092,1604.7695487353608
fine,Aanchor_A,1.23653843998909,-0.09092693734897064,50.077989020232216,42.90646992821638,0.8594576224960749,558.7232263348083,1598.4527109651262
fine,Aanchor_B,1.23653843998909,-0.08940277188993495,57.533937190934374,42.904510145064194,0.8610103676521867,569.0317528139404,1604.1195780621033
fine,Banchor_A,1.2376922965049744,-0.09255054536396516,50.19223503148652,42.908353216909276,0.8579681227162382,557.473133948702,1600.1412066688474
fine,Banchor_B,1.2376922965049744,-0.09083921457837006,57.655595661978204,42.90612145319638,0.8597335160135859,567.7948305459873,1605.8062874037455
fine,Aanchor_A,1.2376922965049744,-0.0926014109169831,50.16458902622863,42.90840004725997,0.8579311173355578,557.0755281515425,1599.4889177169484
fine,Aanchor_B,1.2376922965049744,-0.09087951257193455,57.62785019131484,42.906152128866374,0.8597092260166662,567.3973571336529,1605.1561080385588
fine,Banchor_A,1.2388461530208588,-0.09403349464668762,50.281924300459885,42.910004289320774,0.856664407362407,555.8304980189145,1601.1784643064955
fine,Banchor_B,1.2388461530208588,-0.09231537504050912,57.75251188678536,42.90776383973488,0.8584339855084144,566.1655247461499,1606.8438670593823
fine,Aanchor_A,1.2388461530208588,-0.0940741555294455,50.25425372439543,42.91003598550466,0.8566393988970638,555.4338689662932,1600.5259651425097
fine,Aanchor_B,1.2388461530208588,-0.09235586768367617,57.72474222819027,42.90779461970448,0.8584096497652286,565.7690265172065,1606.1934786939519
fine,Banchor_A,1.2400000095367432,-0.09551602957110573,50.37457318496579,42.91165584239643,0.855362294378026,554.1939713875273,1602.216395993095
fine,Banchor_B,1.2400000095367432,-0.09379109407386534,57.85240977680776,42.90940667205177,0.8571360673885631,564.5423538079505,1607.882120743343
fine,Aanchor_A,1.2400000095367432,-0.09555692313982386,50.346877352549406,42.91168769890714,0.8553371976204291,553.7983171678795,1601.5636863428815
fine,Aanchor_B,1.2400000095367432,-0.09383178121247639,57.82461549771756,42.90943755616489,0.8571116862261352,564.1468288638374,1607.2315231037896
fine,Banchor_A,1.2411538660526276,-0.09680415360145304,50.40705251037782,42.913087208422006,0.854235381751422,552.8095593888999,1603.1474158035867
fine,Banchor_B,1.2411538660526276,-0.09507655321842094,57.8883594734502,42.91083474026375,0.8560094179102525,563.1584671826296,1608.81327605066
fine,Aanchor_A,1.2411538660526276,-0.0968452052741321,50.379330669956325,42.913119141442294,0.8542102578635815,552.4146285196451,1602.4944331700065
fine,Aanchor_B,1.2411538660526276,-0.09511739648885031,57.860539831802846,42.91086569819314,0.8559850105991628,562.7636642718135,1608.1624063777595
fine,Banchor_A,1.242307722568512,-0.09807529242882919,50.44175733965388,42.91449448623081,0.8531288811613952,551.4290476763799,1604.079088873619
fine,Banchor_B,1.242307722568512,-0.09636197453493081,57.92654231361402,42.91226355999697,0.8548836576085244,561.7784967729359,1609.7450847020216
fine,Aanchor_A,1.242307722568512,-0.09811646071332265,50.414009932229135,42.91452643348711,0.8531037786310358,551.0348383714169,1603.42583313579
fine,Aanchor_B,1.242307722568512,-0.0964029741749487,57.898696878343095,42.91229459213132,0.8548592239705194,561.3844141236178,1609.0939428751494
fine,Banchor_A,1.2434615790843964,-0.09934374696001079,50.478731647695184,42.915898587514754,0.8520263065929702,550.052419191887,1605.0116326884138
fine,Banchor_B,1.2434615790843964,-0.097647357958475,57.966962546810855,42.91369313242828,0.8537587859460192,560.4024255263554,1610.6777642105624
fine,Aanchor_A,1.2434615790843964,-0.09938510398580747,50.45095837039222,42.91593065633272,0.8520011411127268,549.6589296671964,1604.3581036839946
fine,Aanchor_B,1.2434615790843964,-0.09768847937451237,57.93909088736546,42.91372418812655,0.8537343659294957,560.0090613687665,1610.0263500678361
fine,Banchor_A,1.2446154356002808,-0.10063193639338079,50.51795526748759,42.91733243294713,0.8509018458871745,548.6797300255788,1605.9447431895344
fine,Banchor_B,1.2446154356002808,-0.09889612842055297,58.00964369082046,42.91506985628672,0.8526768977334179,559.0303095296842,1611.611010491318
fine,Aanchor_A,1.2446154356002808,-0.10067344740623545,50.49015466265048,42.91736457232699,0.8508766583206446,548.286958475555,1605.290940765532
fine,Aanchor_B,1.2446154356002808,-0.09893742492526425,57.98174726881496,42.9151010122956,0.8526524298859647,558.6376620725039,1610.959323879925
fine,Banchor_A,1.2457692623138428,-0.10209716970729825,50.578549076902036,42.91893469562686,0.8496470633967464,547.0036037629329,1606.896629258555
fine,Banchor_B,1.2457692623138428,-0.10035544573875624,58.07655368378783,42.9166645375449,0.851425442930573,557.3640488960248,1612.5631582583392
fine,Aanchor_A,1.2457692623138428,-0.10213872128837831,50.55076733188641,42.9189667402333,0.8496219871361734,546.6122237537037,1606.242542486902
fine,Aanchor_B,1.2457692623138428,-0.10039678014967424,58.048676468485795,42.91669559476925,0.8514010884578243,556.972790562194,1611.9111883840503
fine,Banchor_A,1.2469230890274048,-0.10356234779173652,50.641778177457276,42.92053783338759,0.8483934474835326,545.3329257293608,1607.8492193693146
fine,Banchor_B,1.2469230890274048,-0.10181467824674242,58.14611585676117,42.91826005400886,0.8501751708599129,555.7032472905089,1613.5160100292835
fine,Aanchor_A,1.2469230890274048,-0.10360393983521185,50.614015038313866,42.92056978318504,0.8483684823033496,544.9429342656344,1607.1948481162904
fine,Aanchor_B,1.2469230890274048,-0.10185605034964323,58.11825760045104,42.918291012255665,0.8501509296515817,555.3133750971747,1612.8637567586452
fine,Banchor_A,1.2480769157409668,-0.10502743366830547,50.707647565837675,42.92214179355348,0.8471410395456921,543.6713721859857,1608.80251400325
fine,Banchor_B,1.2480769157409668,-0.10327384123996765,58.21833524044719,42.91985642960987,0.848926062995203,554.0515671768142,1614.4695662852362
fine,Aanchor_A,1.2480769157409668,-0.10506906581471413,50.67990278001546,42.92217364813577,0.8471161855084223,543.2827632762569,1608.1478581346933
fine,Aanchor_B,1.2480769157409668,-0.10331525054946906,58.19049569683426,42.91988728828955,0.8489019352512308,553.6630751522747,1613.8170294843503
fine,Banchor_A,1.2492307424545288,-0.10649257800836498,50.77616691856601,42.92374676215549,0.8458896947604249,542.0231043050807,1609.756234381599
fine,Banchor_B,1.2492307424545288,-0.10473297274353165,58.29322197249104,42.921453685413546,0.8476781031545387,552.4131505016954,1615.4235482777372
fine,Aanchor_A,1.2492307424545288,-0.10653424846488357,50.74844023611954,42.9237785190061,0.8458649535758733,541.6358692849807,1609.1012936574039
fine,Aanchor_B,1.2492307424545288,-0.10477441966393375,58.265400897931094,42.9214844452309,0.8476540880630609,552.0260300064066,1614.7707277065542
fine,Banchor_A,1.2503845989704132,-0.10787873562031752,50.8534620733354,42.9252001263237,0.8447581461322465,540.575500661908,1610.7691790077974
fine,Banchor_B,1.2503845989704132,-0.10611376768729382,58.3763248907852,42.9229001794865,0.8465495187709109,550.9744897991176,1616.4367042550366
fine,Aanchor_A,1.2503845989704132,-0.1079241118294482,50.82572829941028,42.92523717876945,0.8447293179314733,540.1891406791323,1610.1139211153852
fine,Aanchor_B,1.2503845989704132,-0.10615536313234437,58.348497365639176,42.92293102286513,0.8465254705017693,550.5882428769428,1615.7835675934566
fine,Banchor_A,1.2515384554862976,-0.10926819273097005,50.93309309302721,42.92665902823867,0.8436238083045517,539.1320806564437,1611.7835011837703
fine,Banchor_B,1.2515384554862976,-0.10749828124178128,58.461786454678894,42.9243529023323,0.8454175868655184,549.5400224918676,1617.4512377924043
fine,Aanchor_A,1.2515384554862976,-0.10931015981019944,50.90535184577587,42.92669094991579,0.8435990053267882,538.7465948477787,1611.12792435648
fine,Aanchor_B,1.2515384554862976,-0.10754002013049847,58.4339519378508,42.92438382006183,0.8453935128593209,549.1546482890992,1616.7977832744525
fine,Banchor_A,1.252692312002182,-0.11065414338054841,51.015078172340786,42.928113638078656,0.8424943241585577,537.6928524879332,1612.7991030489031
fine,Banchor_B,1.252692312002182,-0.10887883527734875,58.54960868395081,42.92580059838221,0.844291077412475,548.1097567670294,1618.467051013262
fine,Aanchor_A,1.252692312002182,-0.11069626404716928,50.987329216205914,42.928145650890706,0.8424694836726994,537.3082399889595,1612.143205819684
fine,Aanchor_B,1.252692312002182,-0.10892072239749374,58.52176703437794,42.92583159934193,0.8442669707649259,547.7252544287845,1617.8132771725068
fine,Banchor_A,1.2538461685180664,-0.11204009653576899,51.09941842327579,42.92956912105077,0.8413656756068599,536.2578764086112,1613.8155226875685
fine,Banchor_B,1.2538461685180664,-0.11025937448161095,58.63980076662152,42.92724914507486,0.8431654084248055,546.6837525385139,1619.4836819267962
fine,Aanchor_A,1.2538461685180664,-0.11208236830452045,51.07166141566247,42.92960122143206,0.8413408005408719,535.8741363220354,1613.1593048958682
fine,Aanchor_B,1.2538461685180664,-0.11030140945123089,58.61195164878047,42.92728022878274,0.8431412696588924,546.3001211771181,1618.8295886029794
fine,Banchor_A,1.2550000250339508,-0.11360421582149326,51.217965983293645,42.931241068575915,0.8400710363651142,534.5680608515167,1614.8890097598874
fine,Banchor_B,1.2550000250339508,-0.11181734931473049,58.764717879253304,42.92891318531781,0.8418741311128813,545.0036361496786,1620.5573949798318
fine,Aanchor_A,1.2550000250339508,-0.11364660082751488,51.190193068004376,42.93127317041605,0.8400461984465487,534.1855558036269,1614.2325417693169
fine,Aanchor_B,1.2550000250339508,-0.11185949450961058,58.73685349360531,42.928944266013104,0.841850031650494,544.621237779589,1619.9030526302636
fine,Banchor_A,1.2561538815498352,-0.11516775576450512,51.33950947108391,42.93291325109953,0.8387782076842408,532.8851327368656,1615.962930815955
fine,Banchor_B,1.2561538815498352,-0.11337472470286399,58.892646386351664,42.930577434438824,0.8405846696305372,543.3304134412227,1621.631541895784
fine,Aanchor_A,1.2561538815498352,-0.11521025405160984,51.311720251907055,42.93294535455365,0.8387534067431898,532.5038595249765,1615.306212524763
fine,Aanchor_B,1.2561538815498352,-0.11341698014412462,58.86476634532529,42.930608512245165,0.8405606093168153,542.9492448765701,1620.9769504185845
fine,Banchor_A,1.2573077380657196,-0.11673045661042603,51.46405347746898,42.93458528940997,0.8374874798436167,531.2090766446686,1617.0372865028287
fine,Banchor_B,1.2573077380657196,-0.11493149955539979,59.02359101013531,42.93224189233666,0.8392970217705727,541.6640688667933,1622.7061233215327
fine,Aanchor_A,1.2573077380657196,-0.11677306790310833,51.43624757470757,42.93461739417787,0.83746271605337,530.8290320868012,1616.380317808197
fine,Aanchor_B,1.2573077380657196,-0.11497386495800144,58.99569492889478,42.932272966930384,0.8392730007969443,541.2841269424022,1622.051282613759
fine,Banchor_A,1.258461594581604,-0.11828823851428381,51.591621473817966,42.93625173465052,0.8362030458112724,529.5399759610136,1618.1120384236674
fine,Banchor_B,1.258461594581604,-0.11648124998337414,59.15756172492409,42.93389736954149,0.8380182780508609,540.004685400268,1623.781100851867
fine,Aanchor_A,1.258461594581604,-0.11833098950279886,51.56379881167113,42.93628388774746,0.8361782827800962,529.1611568501835,1617.4548192308146
fine,Aanchor_B,1.258461594581604,-0.11652375043728071,59.1296495941656,42.93392848530489,0.8379942618996963,539.6259669260945,1623.12601081857
fine,Banchor_A,1.259615421295166,-0.11959931271246449,51.67446509562221,42.93757988068942,0.835180771013185,528.149570090328,1619.1320624497494
fine,Banchor_B,1.259615421295166,-0.11783583266384089,59.24574772786765,42.93529021564753,0.8369439083149773,538.6207188667511,1624.801338852925
fine,Aanchor_A,1.259615421295166,-0.1196421598759375,51.64665470577625,42.9376120493981,0.8351560262466472,527.7717646008175,1618.4744929255166
fine,Aanchor_B,1.259615421295166,-0.11787841361085788,59.21784586023929,42.93532132408292,0.8369199286020467,538.2430124406428,1624.1458995724088
fine,Banchor_A,1.260769248008728,-0.12092560182465283,51.759427718352995,42.93893106895779,0.8341420430507709,526.7631011648759,1620.1527510088974
fine,Banchor_B,1.260769248008728,-0.11914235779465468,59.336068742292,42.93661339990348,0.8359245479399983,537.2406993794822,1625.8222412046541
fine,Aanchor_A,1.260769248008728,-0.12096847907531823,51.73162846246081,42.9389631572206,0.8341173908622805,526.3863077090413,1619.4948309977847
fine,Aanchor_B,1.260769248008728,-0.11918503212622644,59.30817935911028,42.93664451995525,0.8359005884899157,536.8640034252883,1625.1664525214994
fine,Banchor_A,1.26192307472229,-0.12228557258323118,51.846490027733935,42.94033236410555,0.8330661599630336,525.3806753977047,1621.174104452701
fine,Banchor_B,1.26192307472229,-0.12049700778048143,59.428543694221496,42.93800782912614,0.8348516451401654,535.8647334472917,1626.8438084113552
fine,Aanchor_A,1.26192307472229,-0.1223285675496748,51.818699781529105,42.94036449965584,0.8330415032893573,525.00489239763,1620.5158337989362
fine,Aanchor_B,1.26192307472229,-0.12053976550511623,59.400663883185054,42.93803894621107,0.8348277187230794,535.489046398914,1626.1876701700244
fine,Banchor_A,1.263076901435852,-0.12364490598000076,51.93565423518798,42.94173343290773,0.8319918380048875,524.0073397085945,1622.196191624097
fine,Banchor_B,1.263076901435852,-0.12185173397229745,59.52313421940623,42.939403080380316,0.8337794881323928,534.4978434575388,1627.8661093300138
fine,Aanchor_A,1.263076901435852,-0.12368798345196838,51.90787272201801,42.94176556418771,0.8319672164006638,523.6325652569103,1621.5375701481316
fine,Aanchor_B,1.263076901435852,-0.12189456845307695,59.49526366837418,42.93943418481788,0.8337556021549041,534.1231634207054,1627.2096213512646
fine,Banchor_A,1.2642307579517365,-0.1252074952579693,52.05711000638585,42.94334011790106,0.830761557376526,522.3862646489154,1623.2339219787766
fine,Banchor_B,1.2642307579517365,-0.12340920000052098,59.65008905045573,42.941003195038604,0.8325516022476801,532.8829069930804,1628.9040019467643
fine,Aanchor_A,1.2642307579517365,-0.1252507612955033,52.02926777797336,42.943372337911704,0.830736904289579,522.0124504481012,1622.5750708403946
fine,Aanchor_B,1.2642307579517365,-0.12345221982789753,59.62215871404701,42.941034383608375,0.8325276869350303,532.5091857112062,1628.2472853814584
fine,Banchor_A,1.2653846144676208,-0.12676971095714157,52.1813198631755,42.94494725107662,0.8295327535614714,520.7715498859656,1624.272145339836
fine,Banchor_B,1.2653846144676208,-0.12496627757417637,59.77981222453653,42.94260373888617,0.8313251960181471,531.2743403630585,1629.9423875954897
fine,Aanchor_A,1.2653846144676208,-0.12681316544940197,52.15341653871559,42.94497955974766,0.8295080692026293,520.3986937111512,1623.6130644130421
fine,Aanchor_B,1.2653846144676208,-0.12500948292555003,59.75182173143135,42.94263501194247,0.8313012512467263,530.9015756302116,1629.2854423175984
fine,Banchor_A,1.2665384709835052,-0.12833653067257061,52.30827741550872,42.94656214950687,0.8282998432316555,519.1630746203114,1625.3103060581163
fine,Banchor_B,1.2665384709835052,-0.12652292523657427,59.91230755994946,42.94420465239674,0.8301003137438733,529.6720226952668,1630.980710555848
fine,Aanchor_A,1.2665384709835052,-0.12838094060172228,52.28031231918173,42.946595671504156,0.8282742699512007,518.7911742444104,1624.6509953087093
fine,Aanchor_B,1.2665384709835052,-0.12656635131417704,59.88425654131264,42.94423606160423,0.8300763001614302,529.3002123030705,1630.3235365304624
fine,Banchor_A,1.2676923274993896,-0.12989789978836921,52.43798605973174,42.94817009610179,0.8270740609769826,517.5602552919029,1626.3484620196166
fine,Banchor_B,1.2676923274993896,-0.12808488456704092,60.047560775807156,42.94581440093082,0.8288704913796858,528.0753761673383,1632.0190287214964
fine,Aanchor_A,1.2676923274993896,-0.1299417338627232,52.409959152356116,42.948202586943886,0.8270493110142186,517.1893078799628,1625.6889214272885
fine,Aanchor_B,1.2676923274993896,-0.12812846289220026,60.019448563564936,42.945845846706895,0.828846485457895,527.7045173029667,1631.3616259276657
fine,Banchor_A,1.2688461542129517,-0.13127730511185554,52.55315497638839,42.94953668793592,0.8260336962669254,516.1341253271319,1627.3139296913778
fine,Banchor_B,1.2688461542129517,-0.12945763026024182,60.16915323184098,42.94717232864665,0.8278344730149152,526.6590789217462,1632.9847442706402
fine,Aanchor_A,1.2688461542129517,-0.13132127888612777,52.52513497478273,42.949569250797126,0.8260089226459157,515.7642351289692,1626.654111637961
fine,Aanchor_B,1.2688461542129517,-0.12950131021816838,60.14104858584018,42.94720379065954,0.8278104847188796,526.2892757260463,1632.3270650641184
fine,Banchor_A,1.2699999809265137,-0.1326557548732443,52.67088688818095,42.95090280807111,0.8249949986364897,514.7131293004302,1628.2801846922755
fine,Banchor_B,1.2699999809265137,-0.13083017319416185,60.29332670722488,42.94853089127582,0.8267992660927521,525.247931431232,1633.9512471760681
fine,Aanchor_A,1.2699999809265137,-0.1326997975268003,52.64287347151268,42.95093533925427,0.8249702802369094,514.3442942823721,1627.6200888458516
fine,Aanchor_B,1.2699999809265137,-0.13087395406417315,60.26522927234904,42.948562368554676,0.8267752961692252,524.8791818837553,1633.2932912252495
fine,Banchor_A,1.2711538076400757,-0.13403400950864383,52.79118566642344,42.95226957196402,0.8239571185752732,513.3024758780526,1629.247227688233
fine,Banchor_B,1.2711538076400757,-0.13220249932222278,60.42008488447734,42.949890069403,0.8257648855749445,523.8471217518365,1634.9185381036057
fine,Aanchor_A,1.2711538076400757,-0.13407815611383195,52.76317847321584,42.95230212294754,0.8239324162466282,512.9346948379123,1628.5868537162435
fine,Aanchor_B,1.2711538076400757,-0.13224638114857115,60.39199430663161,42.949921562098275,0.8257409339146358,523.4794246606467,1634.2603050762461
fine,Banchor_A,1.2723076343536377,-0.1354121940914745,52.91406326095106,42.95363712039839,0.8229199495794659,511.9002126616351,1630.2151223515104
fine,Banchor_B,1.2723076343536377,-0.13355942109563748,60.54944034160205,42.951227572311204,0.824748263927508,522.4547056847194,1635.88668074183
fine,Aanchor_A,1.2723076343536377,-0.135548845653463,52.88605961051565,42.95380507837779,0.822792657810779,511.5334841558047,1629.554469902167
fine,Aanchor_B,1.2723076343536377,-0.1335844712398725,60.521357927489866,42.95123134665293,0.8247453968624116,522.0880596174399,1635.2281702865241
fine,Banchor_A,1.273461490869522,-0.1371399986800225,53.03991437358575,42.95540697754127,0.8215796016110074,510.2142058192498,1631.362815163015
fine,Banchor_B,1.273461490869522,-0.13520428682632327,60.68155296860856,42.95287715810772,0.8234961549678667,520.7778209334347,1637.0345186240806
fine,Aanchor_A,1.273461490869522,-0.137184412581471,53.01190137823253,42.95543962006768,0.8215549012919287,509.8488518721578,1630.701807905076
fine,Aanchor_B,1.273461490869522,-0.13523204122579593,60.65346307244754,42.9528847372965,0.8234904064158622,520.4125470251918,1636.375654544382
fine,Banchor_A,1.2746153473854065,-0.1387753570521324,53.16828624849252,42.95704227960159,0.8203430954274694,508.53423106710187,1632.510834458855
fine,Banchor_B,1.2746153473854065,-0.1368973818759777,60.81618128118875,42.954598253456545,0.8221917933430335,519.1069719141946,1638.1826828910232
fine,Aanchor_A,1.2746153473854065,-0.13881980038798908,53.140266461786396,42.95707480908864,0.8203185176891297,508.1702484727309,1631.84947235563
fine,Aanchor_B,1.2746153473854065,-0.13690704651961003,60.78808236045511,42.95457917435484,0.8222062414369673,518.7430669735527,1637.5234651500025
fine,Banchor_A,1.275769203901291,-0.14041049941469635,53.29918642907509,42.95867817631909,0.8191080016040334,506.8604595072577,1633.65918072917
fine,Banchor_B,1.275769203901291,-0.13852628591335944,60.95324479524675,42.95622600530303,0.8209600747291492,517.4423285676028,1639.331173998576
fine,Aanchor_A,1.275769203901291,-0.14045500744834988,53.27115963261986,42.95871064454514,0.8190835070850259,506.4978451003433,1632.9974637299308
fine,Aanchor_B,1.275769203901291,-0.13857049853464756,60.92513857231511,42.9562573738428,0.8209363563096669,517.0797894440028,1638.6716025452342
fine,Banchor_A,1.2769230604171753,-0.14201713447183892,53.432614111866236,42.96027324358001,0.8179055243356929,505.19295051699726,1634.807813033189
fine,Banchor_B,1.2769230604171753,-0.14015496283013565,61.09285209346369,42.9578543676794,0.8197297403929832,515.7839530457605,1640.4799510009066
fine,Aanchor_A,1.2769230604171753,-0.14208997275156515,53.4045807703459,42.96034706608741,0.8178499143415688,504.83169986029094,1634.1457410982862
fine,Aanchor_B,1.2769230604171753,-0.14019927190685103,61.06473921009197,42.95788572148918,0.8197060686400017,515.4227753136279,1639.8200257952828
fine,Banchor_A,1.2780769169330597,-0.14353025634486732,53.578336685578684,42.961709305095255,0.8168244272797043,503.69562309066214,1635.9535594511299
fine,Banchor_B,1.2780769169330597,-0.14166649569424405,61.24413088588221,42.959289189199914,0.8186471670694095,514.2928998147482,1641.6258589611332
fine,Aanchor_A,1.2780769169330597,-0.14357490908283121,53.55028470821385,42.961741673530945,0.8168000761208085,503.3354213387837,1635.2911844995936
fine,Aanchor_B,1.2780769169330597,-0.14171087771475244,61.21599912439123,42.959320497153705,0.8186235611529475,513.9327695076424,1640.96563189598
fine,Banchor_A,1.279230773448944,-0.14507960684713334,53.72671617107948,42.96319915703033,0.8157043459194621,502.203299510742,1637.100035940968
fine,Banchor_B,1.279230773448944,-0.14314280079156363,61.39818847888386,42.9606730639139,0.8176043876006276,512.8068622701738,1642.7724969730443
fine,Aanchor_A,1.279230773448944,-0.14512438880352252,53.69864235635566,42.96323156097614,0.8156800014747683,501.8441449326832,1636.4373578866587
fine,Aanchor_B,1.279230773448944,-0.14318725791308548,61.370039493007965,42.96070432625975,0.8175808460966809,512.4477776721295,1642.1119679623282
fine,Banchor_A,1.2803846299648285,-0.1465757311728103,53.87760348239791,42.96461175224094,0.814643765274489,500.7159878299311,1638.2470846101523
fine,Banchor_B,1.2803846299648285,-0.1446869245779937,61.55474348518601,42.96215712739417,0.8164875896902812,511.3258485095175,1643.9197071504143
fine,Aanchor_A,1.2803846299648285,-0.1466206237807761,53.849510476406905,42.96464415748169,0.8146194515109076,500.3578786939762,1637.5841033261308
fine,Aanchor_B,1.2803846299648285,-0.1447314723842022,61.52657323678198,42.96218836906069,0.8164640958932725,510.9678079038822,1643.258876067169
fine,Banchor_A,1.281538486480713,-0.14812538562337751,54.030972818978505,42.96610356654643,0.8135252038011581,499.2337498518929,1639.3946641149134
fine,Banchor_B,1.281538486480713,-0.14617848545821957,61.713793346505504,42.96356502635426,0.8154295177265417,509.84992015193694,1645.0674481436865
fine,Aanchor_A,1.281538486480713,-0.14817040600794118,54.002857323732684,42.96613600523396,0.8135008983616281,498.87668438775506,1638.7313794845322
fine,Aanchor_B,1.281538486480713,-0.14622317684837244,61.685604449801275,42.963596317861814,0.8154060169432849,509.492921783557,1644.4063148712005
fine,Banchor_A,1.282692313194275,-0.1496155701332846,54.16777241988529,42.96755321660069,0.8124397284381023,497.7176831950992,1640.4234364076724
fine,Banchor_B,1.282692313194275,-0.14766347686238968,61.85598887778297,42.965007906029996,0.814346579508998,508.3394657487969,1646.0963823905345
fine,Aanchor_A,1.282692313194275,-0.14966062389487314,54.13966549284857,42.967585572678104,0.8124155172430249,497.361983887686,1639.7598409016173
fine,Aanchor_B,1.282692313194275,-0.14770816139001167,61.82780907899701,42.96503905604951,0.8143232160549218,507.98383120790743,1645.434939293359
fine,Banchor_A,1.283846139907837,-0.15107790428113724,54.306939911434455,42.968962865808926,0.811385594041286,496.2070215260014,1641.4527058720043
fine,Banchor_B,1.283846139907837,-0.14914835371659074,62.00060307296179,42.96645149397309,0.81326454897309,506.83442770193244,1647.1258138369237
fine,Aanchor_A,1.283846139907837,-0.15112300455378117,54.27884289643585,42.96899516213975,0.8113614589081753,495.8526848383162,1640.7887993747245
fine,Aanchor_B,1.283846139907837,-0.14919310217268797,61.97243218113233,42.96648260629851,0.813241244796009,506.48015346969925,1646.4640607995123
fine,Banchor_A,1.284999966621399,-0.1525678865328727,54.44850832571172,42.9704138748885,0.8103019592672301,494.70177205876047,1642.482472935365
fine,Banchor_B,1.284999966621399,-0.1506327556912375,62.14763966041533,42.96789526376624,0.8121838201093391,505.3348132785358,1648.1557429103768
fine,Aanchor_A,1.284999966621399,-0.15261297541632762,54.42041947334234,42.970446023232846,0.810277966808808,494.34879445546943,1641.8182553304662
fine,Aanchor_B,1.284999966621399,-0.1506775677937957,62.11947750479434,42.967926338108754,0.8121605753129179,504.98189583780123,1647.4936798163405
fine,Banchor_A,1.286153793334961,-0.1540578286246002,54.59249828307138,42.971865651922,0.8092191993561499,493.20184169441876,1643.5129496617042
fine,Banchor_B,1.286153793334961,-0.15211749022213797,62.29711245346756,42.969340350251876,0.8111035437607849,503.84052981148807,1649.1863817293656
fine,Aanchor_A,1.286153793334961,-0.15410295514527286,54.56441739907007,42.971897724215815,0.809195295637656,492.85021973258836,1642.8484208117577
fine,Aanchor_B,1.286153793334961,-0.1521623305028027,62.26895882645272,42.969371334794296,0.8110803969655977,503.488965737356,1648.5240084415038
fine,Banchor_A,1.2873076498508453,-0.1557749477915363,54.704437492246925,42.97349077370579,0.8080088721762125,491.47767560691597,1644.6909578790157
fine,Banchor_B,1.2873076498508453,-0.15382851212970786,62.41530583369637,42.970957582455746,0.8098962833660851,502.12363802598423,1650.364534261033
fine,Aanchor_A,1.2873076498508453,-0.15582022334829385,54.676339592304714,42.97352293798893,0.8079849357530893,491.12722191775515,1644.0260287695214
fine,Aanchor_B,1.2873076498508453,-0.15387346109751462,62.38713603870202,42.970988600006606,0.8098731464012973,501.7732402177836,1649.701761908092
fine,Banchor_A,1.2884615063667297,-0.15749158343376146,54.8188854660427,42.97511609179597,0.8068002093763499,489.7599908597578,1645.8692351974034
fine,Banchor_B,1.2884615063667297,-0.15553934963567423,62.536026642438436,42.97257545240018,0.8086903448691148,500.41323841982256,1651.5429558750686
fine,Aanchor_A,1.2884615063667297,-0.15753704125474538,54.790770216057474,42.97514839681719,0.8067762041805917,489.4107025786192,1645.2039057023585
fine,Aanchor_B,1.2884615063667297,-0.15558444265670354,62.50784033458035,42.972606554830335,0.8086671791364088,500.0640040321519,1650.87978433069
fine,Banchor_A,1.2896153628826141,-0.15920909103635417,54.9358467905291,42.97674359300181,0.8055917347346914,488.0484639140201,1647.0477860899398
fine,Banchor_B,1.2896153628826141,-0.15724863118856217,62.65928493404066,42.97419195376543,0.8074872198624079,498.7090075455322,1652.7216510460446
fine,Aanchor_A,1.2896153628826141,-0.1592546972015873,54.90771378149668,42.97677598915081,0.8055676978826403,487.70033832416624,1646.3820560751763
fine,Aanchor_B,1.2896153628826141,-0.15729386843594703,62.63108184706108,42.97422314143295,0.8074640252032099,498.3609338800619,1652.0580801757135
fine,Banchor_A,1.2907692193984985,-0.16092572734091157,55.05532122863928,42.97837075725843,0.8043853198544436,486.3431637930991,1648.227481898893
fine,Banchor_B,1.2907692193984985,-0.15895906058762022,62.785075249079554,42.97581107869079,0.8062839365015755,497.01101420931934,1653.9014912225698
fine,Aanchor_A,1.2907692193984985,-0.16097144683487535,55.02717014658644,42.97840319333378,0.804361289419608,485.9961981389755,1647.561351141764
fine,Aanchor_B,1.2907692193984985,-0.15900444356510876,62.75685496370631,42.97584235386285,0.806260711425771,496.66409852898914,1653.2375208043145
fine,Banchor_A,1.291923075914383,-0.16267554999104972,55.240090085340256,42.980061394115204,0.8031337587288353,484.66207615892495,1649.4340279445357
fine,Banchor_B,1.291923075914383,-0.16070228297958047,62.97606816976743,42.97749309784928,0.8050358109754208,495.3384194975181,1655.1081374677988
fine,Aanchor_A,1.291923075914383,-0.16272140005315386,55.21190488303063,42.980093848564515,0.8031097520924297,484.3162674394811,1648.7675395869533
fine,Aanchor_B,1.291923075914383,-0.16074775671757757,62.94781468671665,42.97752433308151,0.8050126514651318,494.99265896183357,1654.4438106656517
fine,Banchor_A,1.2930769324302673,-0.16442471644360673,55.42778921514011,42.98175212494749,0.801884075528402,482.988459769011,1650.6407901120876
fine,Banchor_B,1.2930769324302673,-0.1624454855035252,63.17000555920508,42.97917614583312,0.8037888558873305,493.67329785751076,1656.3149997127002
fine,Aanchor_A,1.2930769324302673,-0.16447069769251613,55.39956959139676,42.98178459882586,0.8018600918973877,482.6438051911242,1649.973944124747
fine,Aanchor_B,1.2930769324302673,-0.1624911226269512,63.14171854917929,42.97920744761753,0.8037656829815248,493.3286896931429,1655.650316496909
fine,Banchor_A,1.2942307889461517,-0.16617322588629438,55.61842086142622,42.98344294936834,0.8006362678325823,481.3223781837352,1651.8477685676983
fine,Banchor_B,1.2942307889461517,-0.16418735160660347,63.36688927316946,42.98085829557411,0.8025444962169794,492.0157090070722,1657.522078123633
fine,Aanchor_A,1.2942307889461517,-0.1662193381242869,55.59016651769905,42.983475442535934,0.8006123072986702,480.97887500045397,1651.1805649205514
fine,Aanchor_B,1.2942307889461517,-0.16423311591713313,63.33856848402566,42.98088961106131,0.8025213490571536,491.67225048496607,1656.8570384636978
fine,Banchor_A,1.2953846454620361,-0.16792101439403156,55.81198017755941,42.98513380609969,0.7993903780548001,479.66389340642974,1653.05491964843
fine,Banchor_B,1.2953846454620361,-0.16592847488169818,63.56671479431526,42.98254044860069,0.8013020605368781,490.36571752130806,1658.7293289297293
fine,Aanchor_A,1.2953846454620361,-0.16796725751713248,55.78369081920372,42.98516631856119,0.7993664406014436,479.3215388346833,1652.3873583236289
fine,Aanchor_B,1.2953846454620361,-0.16597436622684267,63.53835994055831,42.98257177772614,0.8012789391465385,490.02340587665867,1658.0639328072252
fine,Banchor_A,1.2965384721755981,-0.16941382848778094,55.946298517200454,42.986442669218555,0.7984272875956224,478.1640829870666,1654.186447731909
fine,Banchor_B,1.2965384721755981,-0.16742042066345875,63.706906748372134,42.98384913310086,0.8003367985851918,488.8726104075044,1659.8610194398314
fine,Aanchor_A,1.2965384721755981,-0.16946004322902428,55.91802151204773,42.98647501688362,0.7984035001658308,477.82303080910793,1653.5185108907422
fine,Aanchor_B,1.2965384721755981,-0.16746635335828475,63.67856457656833,42.983880400809355,0.8003137503187107,488.53159908386294,1659.1952489457244
fine,Banchor_A,1.2976922988891602,-0.1709614001115635,56.08294381858091,42.98783254055158,0.7974058597243074,476.6695923346445,1655.318322557923
fine,Banchor_B,1.2976922988891602,-0.16895776027265555,63.84956568450648,42.98522500906059,0.799323231258885,487.3848342045346,1660.9930566651042
fine,Aanchor_A,1.2976922988891602,-0.17100770380577404,56.05467581761709,42.987864897945244,0.797382095580932,476.3298393141125,1654.650010091374
fine,Aanchor_B,1.2976922988891602,-0.16900370655794128,63.821233403003355,42.98525617518818,0.7993002869634339,487.04511998248813,1660.3269116902
fine,Banchor_A,1.2988461256027222,-0.17250428337523183,56.22190609238869,42.98921635313192,0.7963901826630999,475.18042701403647,1656.4505482417258
fine,Banchor_B,1.2988461256027222,-0.17049491001462222,63.99455229659745,42.98660144146267,0.7983105384044569,485.9023945173136,1662.1254447214349
fine,Aanchor_A,1.2988461256027222,-0.1725506687479345,56.19364715313041,42.98924870867121,0.7963664501488956,474.8419699169728,1655.7818600377416
fine,Aanchor_B,1.2988461256027222,-0.1705408994305362,63.96622971300876,42.986632549387664,0.7982876659714646,485.56397417986653,1661.4589251535065
fine,Banchor_A,1.2999999523162842,-0.17404950557973864,56.36318200087987,42.99060442318793,0.7953726804116864,473.6966012018385,1657.5831253514068
fine,Banchor_B,1.2999999523162842,-0.1720318927707911,64.14187023789188,42.98797846496026,0.7972986945041913,484.4253055722162,1663.258184177036
fine,Aanchor_A,1.2999999523162842,-0.17409585745584627,56.33493178428868,42.99063660817177,0.7953491031584548,473.359436788097,1656.9140612968624
fine,Aanchor_B,1.2999999523162842,-0.17207788787547715,64.11355716043232,42.98800945998313,0.7972759339676718,484.0881758962026,1662.5912899027883
shape_polish_final,Banchor_A,1.096923050826346,0.035381930504759226,44.20928705472027,42.74678477020692,0.9956312763124422,705.917783355005,1495.5555827801181
shape_polish_final,Banchor_A,1.203076865632163,-0.05416241745329598,49.332657802176904,42.86243171990964,0.8950344485750601,601.2774687707227,1574.224416606279
shape_polish_final,Banchor_A,1.2123076682006253,-0.06465456769474495,49.352775048681735,42.87556217907342,0.8842754487829136,588.9613636541122,1581.1021693702667
shape_polish_final,Banchor_B,1.0945205449782403,0.038261980493755815,51.291668580218925,42.74203211008586,0.999999067293443,717.3108912817963,1499.869895319887
shape_polish_final,Banchor_B,1.203076872716829,-0.052457946737768414,56.64021818467234,42.860179931225154,0.8968926530389083,611.3802701739393,1579.8816508921366
shape_polish_final,Banchor_B,1.2123076848797412,-0.06308677961735652,56.69768710939397,42.873518924063234,0.8859411401502613,599.1071747722794,1586.761416050324
shape_polish_final,Aanchor_A,1.096923050826346,0.03534808677984741,44.1856093927105,42.74682208773967,0.9955970563388533,705.420925247322,1494.9331660547634
shape_polish_final,Aanchor_A,1.2030769156596617,-0.05419815151020308,49.30527508041248,42.86246129828323,0.8950100657621998,600.8529190865898,1573.5785129550652
shape_polish_final,Aanchor_A,1.2123076479019215,-0.06469179277434896,49.3251893596403,42.87559251928628,0.8842507386089613,588.5431061605977,1580.4546425864735
shape_polish_final,Aanchor_B,1.0945735426872123,0.03819508487185228,51.26797371003507,42.74213381329931,0.9999053996466188,716.7758509899926,1499.2791650905247
shape_polish_final,Aanchor_B,1.2030768764780215,-0.052493476102140696,56.612727881074456,42.86020857847971,0.8968689887518871,610.9559639755971,1579.2377926859326
shape_polish_final,Aanchor_B,1.212307660161805,-0.06312387741539106,56.669990539303235,42.87354840947135,0.8859170809162897,598.6890898698032,1586.1159740687654
algorithm_boundary_probe,Banchor_A,0.7046153622330927,-0.17209379643978964,290.3004755227765,42.400665716378995,1.3694499119073829,,
algorithm_boundary_probe,Banchor_A,0.7046153722330928,-0.17209379643978964,290.3005100886385,42.400665630888,1.3694500197380353,,
algorithm_boundary_probe,Banchor_A,0.7046153822330928,-0.17209379643978964,290.3004994129892,42.4006656577419,1.369449985866944,,
algorithm_boundary_probe,Banchor_A,0.7092307463871145,-0.16556337024517054,285.3890879340932,42.40345960536791,1.3659304819977935,,
algorithm_boundary_probe,Banchor_A,0.7092307563871145,-0.16556337024517054,285.3890572067776,42.40345967928521,1.3659303890047678,,
algorithm_boundary_probe,Banchor_A,0.7092307663871146,-0.16556337024517054,285.38904715689154,42.40345970639934,1.365930354893338,,
algorithm_boundary_probe,Banchor_A,0.7138461305411362,-0.15831112876325004,280.7680340573841,42.405315170835635,1.3635980472741849,,
algorithm_boundary_probe,Banchor_A,0.7138461405411363,-0.15831112876325004,280.7680066423234,42.40531524626143,1.3635979525454112,,
algorithm_boundary_probe,Banchor_A,0.7138461505411363,-0.15831112876325004,280.76799634380154,42.40531527306467,1.3635979188826752,,
algorithm_boundary_probe,Banchor_A,0.718461514695158,-0.15162658799623374,276.0316205731049,42.40786343648681,1.3604013817481166,,
algorithm_boundary_probe,Banchor_A,0.718461524695158,-0.15162658799623374,276.0315920509593,42.407863509895215,1.3604012897691453,,
algorithm_boundary_probe,Banchor_A,0.718461534695158,-0.15162658799623374,276.03158164423235,42.40786353590073,1.360401257184864,,
algorithm_boundary_probe,Banchor_A,0.7230768988491797,-0.14547219266169734,271.2426676081274,42.410822656504656,1.3566985984940667,,
algorithm_boundary_probe,Banchor_A,0.7230769088491797,-0.14547219266169734,271.24270321853965,42.41082257508603,1.356698700231986,,
algorithm_boundary_probe,Banchor_A,0.7230769188491798,-0.14547219266169734,271.2426920275595,42.410822600581284,1.3566986683739937,,
algorithm_boundary_probe,Banchor_A,0.7276922830032014,-0.1399115653699361,266.0944135177973,42.41442098562196,1.3522096928942584,,
algorithm_boundary_probe,Banchor_A,0.7276922930032015,-0.1399115653699361,266.0943818673941,42.41442105632228,1.3522096048418797,,
algorithm_boundary_probe,Banchor_A,0.7276923030032015,-0.1399115653699361,266.09437141242984,42.41442108188738,1.3522095730023096,,
algorithm_boundary_probe,Banchor_A,0.7323076671572232,-0.13374449666018212,261.2838762419486,42.41715849750447,1.3488046048142586,,
algorithm_boundary_probe,Banchor_A,0.7323076771572232,-0.13374449666018212,261.28384750321993,42.41715856855811,1.3488045165446763,,
algorithm_boundary_probe,Banchor_A,0.7323076871572233,-0.13374449666018212,261.28383719317065,42.417158594465846,1.34880448435963,,
algorithm_boundary_probe,Banchor_A,0.7369230513112449,-0.1269149435941769,256.53959685458653,42.41907862206858,1.3464213517765493,,
algorithm_boundary_probe,Banchor_A,0.736923061311245,-0.1269149435941769,256.53963183330126,42.41907854276469,1.3464214501213057,,
algorithm_boundary_probe,Banchor_A,0.736923071311245,-0.1269149435941769,256.5396209737617,42.419078567773724,1.3464214191076025,,
algorithm_boundary_probe,Banchor_A,0.7415384354652667,-0.12119763196954848,251.5443174231612,42.42222206910635,1.3425288010578538,,
algorithm_boundary_probe,Banchor_A,0.7415384454652667,-0.12119763196954848,251.54428776986424,42.42222213919183,1.3425287143961198,,
algorithm_boundary_probe,Banchor_A,0.7415384554652668,-0.12119763196954848,251.54427687076821,42.42222216388711,1.3425286838600428,,
algorithm_boundary_probe,Banchor_A,0.7461538196192884,-0.1152269820993849,246.53454261415737,42.42484695798267,1.3392870075978318,,
algorithm_boundary_probe,Banchor_A,0.7461538296192884,-0.1152269820993849,246.53451269383945,42.42484702645086,1.3392869231403477,,
algorithm_boundary_probe,Banchor_A,0.7461538396192885,-0.1152269820993849,246.53450168687368,42.42484705130994,1.3392868924759627,,
algorithm_boundary_probe,Banchor_A,0.7507692037733101,-0.10896812718492432,241.47378403382896,42.42712826445916,1.3364759044089765,,
algorithm_boundary_probe,Banchor_A,0.7507692137733102,-0.10896812718492432,241.47381904530005,42.42712818598629,1.3364760010043577,,
algorithm_boundary_probe,Banchor_A,0.7507692237733102,-0.10896812718492432,241.4738080886463,42.427128210662836,1.3364759706290137,,
algorithm_boundary_probe,Banchor_A,0.7553845879273319,-0.102111927188355,236.43653014441895,42.428447881156586,1.33485252243692,,
algorithm_boundary_probe,Banchor_A,0.7553845979273319,-0.102111927188355,236.43649861801921,42.42844795106729,1.3348524364855838,,
algorithm_boundary_probe,Banchor_A,0.755384607927332,-0.102111927188355,236.4364882915722,42.428447975239905,1.3348524067666927,,
algorithm_boundary_probe,Banchor_A,0.7599999720813536,-0.09730494897317528,231.68652253580686,42.432547085895926,1.3298222791088101,,
algorithm_boundary_probe,Banchor_A,0.7599999820813537,-0.09730494897317528,231.6864943958945,42.43254715297939,1.3298221969442066,,
algorithm_boundary_probe,Banchor_A,0.7599999920813537,-0.09730494897317528,231.6864838227631,42.432547177172445,1.3298221673122734,,
algorithm_boundary_probe,Banchor_A,0.7646153562353754,-0.0906456222213374,226.82364886512423,42.43393283446122,1.3281260808930975,,
algorithm_boundary_probe,Banchor_A,0.7646153662353754,-0.0906456222213374,226.82361888041135,42.433932900618025,1.3281259999668296,,
algorithm_boundary_probe,Banchor_A,0.7646153762353755,-0.0906456222213374,226.8236074066496,42.433932923814524,1.32812597159173,,
algorithm_boundary_probe,Banchor_A,0.7692307403893971,-0.08628147122427642,221.55233560416363,42.43823583624529,1.3228728535606302,,
algorithm_boundary_probe,Banchor_A,0.7692307503893971,-0.08628147122427642,221.5523682896804,42.43823576051126,1.3228729458357975,,
algorithm_boundary_probe,Banchor_A,0.7692307603893972,-0.08628147122427642,221.55235802289533,42.43823578423511,1.3228729169303988,,
algorithm_boundary_probe,Banchor_A,0.7738461245434188,-0.0802380862132159,216.83781695545267,42.44031162859527,1.3203461016704234,,
algorithm_boundary_probe,Banchor_A,0.7738461345434189,-0.0802380862132159,216.83778975486345,42.4403116944806,1.3203460215483447,,
algorithm_boundary_probe,Banchor_A,0.7738461445434189,-0.0802380862132159,216.83777894137882,42.44031171821267,1.320345992688161,,
algorithm_boundary_probe,Banchor_A,0.7784615086974406,-0.07437147036812129,211.87135458406894,42.44265379156765,1.317500905404608,,
algorithm_boundary_probe,Banchor_A,0.7784615186974406,-0.07437147036812129,211.87132488956306,42.44265385708077,1.31750082590685,,
algorithm_boundary_probe,Banchor_A,0.7784615286974407,-0.07437147036812129,211.87131403975997,42.44265387955596,1.3175007986340397,,
algorithm_boundary_probe,Banchor_A,0.7830768928514623,-0.06947015656820603,206.88549020753626,42.445833895968036,1.3136476116861626,,
algorithm_boundary_probe,Banchor_A,0.7830769028514624,-0.06947015656820603,206.88552366182836,42.44583382347473,1.313647699396841,,
algorithm_boundary_probe,Banchor_A,0.7830769128514624,-0.06947015656820603,206.885513127773,42.44583384615778,1.3136476719522938,,
algorithm_boundary_probe,Banchor_A,0.787692277005484,-0.06521476381265032,202.04393980804494,42.45006180657548,1.3085421496738154,,
algorithm_boundary_probe,Banchor_A,0.7876922870054841,-0.06521476381265032,202.0439104029433,42.450061869778175,1.308542073501172,,
algorithm_boundary_probe,Banchor_A,0.7876922970054842,-0.06521476381265032,202.04390018122535,42.450061892438455,1.3085420461907333,,
algorithm_boundary_probe,Banchor_A,0.7923076611595058,-0.0594366825807534,197.34850846192649,42.452033529802854,1.306167961901317,,
algorithm_boundary_probe,Banchor_A,0.7923076711595058,-0.0594366825807534,197.3484805378536,42.4520335927847,1.30616788613258,,
algorithm_boundary_probe,Banchor_A,0.7923076811595059,-0.0594366825807534,197.34847010183978,42.45203361528559,1.3061678590634378,,
algorithm_boundary_probe,Banchor_A,0.7969230453135275,-0.054283089072562914,192.55379938511368,42.45485025982952,1.3027837565622755,,
algorithm_boundary_probe,Banchor_A,0.7969230553135276,-0.054283089072562914,192.55383317288758,42.454850188068065,1.302783842669437,,
algorithm_boundary_probe,Banchor_A,0.7969230653135276,-0.054283089072562914,192.5538226588759,42.45485021057642,1.302783815661481,,
algorithm_boundary_probe,Banchor_A,0.8015384294675493,-0.04906577443659415,187.72797186998122,42.45757801612659,1.299514807562375,,
algorithm_boundary_probe,Banchor_A,0.8015384394675493,-0.04906577443659415,187.72794303824355,42.45757807941156,1.2995147318167604,,
algorithm_boundary_probe,Banchor_A,0.8015384494675494,-0.04906577443659415,187.7279326532372,42.457578101697784,1.2995147051424432,,
algorithm_boundary_probe,Banchor_A,0.806153813621571,-0.043913670222649304,182.95945045492024,42.460298843061054,1.296262333970938,,
algorithm_boundary_probe,Banchor_A,0.8061538236215711,-0.043913670222649304,182.95942218704644,42.46029890591246,1.2962622589325408,,
algorithm_boundary_probe,Banchor_A,0.8061538336215711,-0.043913670222649304,182.95941171836208,42.46029892730925,1.2962622333868685,,
algorithm_boundary_probe,Banchor_A,0.8107691977755928,-0.039524370488620564,178.15368240478278,42.463731440182876,1.292170621787867,,
algorithm_boundary_probe,Banchor_A,0.8107692077755928,-0.039524370488620564,178.15371453789857,42.4637313718355,1.292170703130339,,
algorithm_boundary_probe,Banchor_A,0.8107692177755929,-0.039524370488620564,178.1537043569584,42.46373139326895,1.2921706776216857,,
algorithm_boundary_probe,Banchor_A,0.8153845819296145,-0.03476542286191148,173.48194678437588,42.46663711355946,1.2887171069043921,,
algorithm_boundary_probe,Banchor_A,0.8153845919296145,-0.03476542286191148,173.48191838289216,42.46663717487488,1.2887170341259075,,
algorithm_boundary_probe,Banchor_A,0.8153846019296146,-0.03476542286191148,173.48190847573642,42.46663719584723,1.2887170092327382,,
algorithm_boundary_probe,Banchor_A,0.8199999660836362,-0.030882018367988498,168.9325500256097,42.47061728501617,1.2840014818838235,,
algorithm_boundary_probe,Banchor_A,0.8199999760836363,-0.030882018367988498,168.93252344653374,42.47061734282786,1.2840014135151938,,
algorithm_boundary_probe,Banchor_A,0.8199999860836363,-0.030882018367988498,168.93251330855279,42.47061736411553,1.2840013883402,,
algorithm_boundary_probe,Banchor_A,0.824615350237658,-0.025476245058531105,164.28741608877277,42.472504147052,1.2817719995588277,,
algorithm_boundary_probe,Banchor_A,0.824615360237658,-0.025476245058531105,164.28738847055845,42.47250420617102,1.2817719297655457,,
algorithm_boundary_probe,Banchor_A,0.8246153702376581,-0.025476245058531105,164.28737920977034,42.47250422747259,1.2817719046178564,,
algorithm_boundary_probe,Banchor_A,0.8292307343916797,-0.019741791820527068,160.04214227241891,42.473911546585335,1.2801115625166462,,
algorithm_boundary_probe,Banchor_A,0.8292307443916798,-0.019741791820527068,160.04217618365414,42.47391148154942,1.2801116391956953,,
algorithm_boundary_probe,Banchor_A,0.8292307543916798,-0.019741791820527068,160.04216588473003,42.47391150214549,1.2801116149123906,,
algorithm_boundary_probe,Banchor_A,0.8338461185457015,-0.016272870009545914,155.3218650370578,42.47832862542416,1.274914289455203,,
algorithm_boundary_probe,Banchor_A,0.8338461285457015,-0.016272870009545914,155.32183435608155,42.47832868354798,1.2749142212039213,,
algorithm_boundary_probe,Banchor_A,0.8338461385457016,-0.016272870009545914,155.32182529455724,42.4783287038125,1.274914197408525,,
algorithm_boundary_probe,Banchor_A,0.8384615026997232,-0.011512520036953943,151.1651952847747,42.48069118553308,1.2721430943116474,,
algorithm_boundary_probe,Banchor_A,0.8384615126997232,-0.011512520036953943,151.1651706917724,42.48069124157116,1.2721430286525615,,
algorithm_boundary_probe,Banchor_A,0.8384615226997233,-0.011512520036953943,151.16516142404842,42.480691262340926,1.2721430043168978,,
algorithm_boundary_probe,Banchor_A,0.8430768868537449,-0.007204391474028832,146.91834116038243,42.48395267824742,1.2683273793737329,,
algorithm_boundary_probe,Banchor_A,0.843076896853745,-0.007204391474028832,146.91837241419157,42.48395261718237,1.2683274507082611,,
algorithm_boundary_probe,Banchor_A,0.843076906853745,-0.007204391474028832,146.91836283648237,42.483952636875905,1.2683274277028094,,
algorithm_boundary_probe,Banchor_A,0.8476922710077667,-0.0036215221624219204,142.53215900779972,42.48778596386478,1.2638573353969549,,
algorithm_boundary_probe,Banchor_A,0.8476922810077667,-0.0036215221624219204,142.5321320033682,42.48778601881897,1.2638572714272214,,
algorithm_boundary_probe,Banchor_A,0.8476922910077668,-0.0036215221624219204,142.53212287443432,42.48778603850981,1.2638572485059918,,
algorithm_boundary_probe,Banchor_A,0.8523076551617884,0.00046828120695351327,138.34872060771673,42.49087020623521,1.2602722002632605,,
algorithm_boundary_probe,Banchor_A,0.8523076651617885,0.00046828120695351327,138.34869509991688,42.49087026123436,1.2602721364227951,,
algorithm_boundary_probe,Banchor_A,0.8523076751617885,0.00046828120695351327,138.34868658695768,42.49087028074101,1.2602721137803927,,
algorithm_boundary_probe,Banchor_A,0.8569230393158102,0.004104846872808223,134.44832851076646,42.4945359066309,1.2560244001799958,,
algorithm_boundary_probe,Banchor_A,0.8569230493158102,0.004104846872808223,134.44835835231598,42.49453584323499,1.2560244735189987,,
algorithm_boundary_probe,Banchor_A,0.8569230593158103,0.004104846872808223,134.4483493945818,42.49453586297864,1.2560244506787368,,
algorithm_boundary_probe,Banchor_A,0.8615384234698319,0.008494454169825465,130.34822263455962,42.49720448982686,1.252941063879388,,
algorithm_boundary_probe,Banchor_A,0.8615384334698319,0.008494454169825465,130.3481986739392,42.49720454864398,1.2529409960043552,,
algorithm_boundary_probe,Banchor_A,0.861538443469832,0.008494454169825465,130.34818974416103,42.497204567363084,1.252940974402485,,
algorithm_boundary_probe,Banchor_A,0.8661538076238536,0.011209854481707651,126.2645153118186,42.50186576382755,1.2475734775969207,,
algorithm_boundary_probe,Banchor_A,0.8661538176238537,0.011209854481707651,126.26448983509378,42.50186581417643,1.2475734197431556,,
algorithm_boundary_probe,Banchor_A,0.8661538276238537,0.011209854481707651,126.26448171438683,42.501865833879116,1.2475733971036358,,
algorithm_boundary_probe,Banchor_A,0.8707691917778754,0.015864637777943988,122.54767444447793,42.50412463371979,1.2449806040636113,,
algorithm_boundary_probe,Banchor_A,0.8707692017778754,0.015864637777943988,122.54765234094452,42.50412468858738,1.2449805411486177,,
algorithm_boundary_probe,Banchor_A,0.8707692117778755,0.015864637777943988,122.54764422865267,42.504124706921615,1.2449805201253181,,
algorithm_boundary_probe,Banchor_A,0.8753845759318971,0.018306384265519483,118.84230051077388,42.509009398866844,1.2393919739441626,,
algorithm_boundary_probe,Banchor_A,0.8753845859318972,0.018306384265519483,118.84232686293704,42.50900934133807,1.239392039614533,,
algorithm_boundary_probe,Banchor_A,0.8753845959318972,0.018306384265519483,118.84231868459865,42.509009359461565,1.2393920189261602,,
algorithm_boundary_probe,Banchor_A,0.8799999600859189,0.02146952819412963,115.10172941216337,42.51273567545365,1.235145637461459,,
algorithm_boundary_probe,Banchor_A,0.8799999700859189,0.02146952819412963,115.10170743227887,42.51273572456097,1.2351455815964234,,
algorithm_boundary_probe,Banchor_A,0.879999980085919,0.02146952819412963,115.10169929822668,42.512735743254375,1.235145560330598,,
algorithm_boundary_probe,Banchor_A,0.8846153442399406,0.024975681130262026,111.3868431076309,42.516221993704285,1.2311859236249245,,
algorithm_boundary_probe,Banchor_A,0.8846153542399406,0.024975681130262026,111.38682064772027,42.5162220461147,1.2311858641933977,,
algorithm_boundary_probe,Banchor_A,0.8846153642399407,0.024975681130262026,111.38681323674115,42.51622206427878,1.2311858435959773,,
algorithm_boundary_probe,Banchor_A,0.8892307283939623,0.028143376047254018,107.99855005715465,42.519960333789506,1.2269540696289314,,
algorithm_boundary_probe,Banchor_A,0.8892307383939624,0.028143376047254018,107.99857377424723,42.51996027978024,1.2269541306629932,,
algorithm_boundary_probe,Banchor_A,0.8892307483939624,0.028143376047254018,107.99856639879513,42.51996029716677,1.2269541110150608,,
algorithm_boundary_probe,Banchor_A,0.8938461125479841,0.030416536951635646,104.6316939060647,42.524656569704355,1.2216584719595072,,
algorithm_boundary_probe,Banchor_A,0.8938461225479841,0.030416536951635646,104.63167315346577,42.52465661588568,1.221658419996785,,
algorithm_boundary_probe,Banchor_A,0.8938461325479842,0.030416536951635646,104.63166618408636,42.524656634025476,1.2216583995860888,,
algorithm_boundary_probe,Banchor_A,0.8984614967020058,0.034007405617447,101.44750346665109,42.52775920901361,1.2181723995667002,,
algorithm_boundary_probe,Banchor_A,0.8984615067020059,0.034007405617447,101.44748503074003,42.52775926072901,1.218172341543141,,
algorithm_boundary_probe,Banchor_A,0.8984615167020059,0.034007405617447,101.44747786572962,42.52775927798071,1.2181723221871228,,
algorithm_boundary_probe,Banchor_A,0.9030768808560276,0.03687907535415449,98.18008436299571,42.531512813666396,1.213968208360218,,
algorithm_boundary_probe,Banchor_A,0.9030768908560276,0.03687907535415449,98.18010744672605,42.5315127614868,1.2139682667025329,,
algorithm_boundary_probe,Banchor_A,0.9030769008560277,0.03687907535415449,98.18010031710304,42.53151277825355,1.2139682479555334,,
algorithm_boundary_probe,Banchor_A,0.9076922650100493,0.039188094452086784,94.92980370028347,42.53586956373618,1.2091066603194955,,
algorithm_boundary_probe,Banchor_A,0.9076922750100493,0.039188094452086784,94.92978151965491,42.535869610154386,1.2091066086268627,,
algorithm_boundary_probe,Banchor_A,0.9076922850100494,0.039188094452086784,94.92977532923669,42.53586962703295,1.2091065898304152,,
algorithm_boundary_probe,Banchor_A,0.912307649164071,0.04163130628604312,92.10609787656772,42.54008018535176,1.2044266732090343,,
algorithm_boundary_probe,Banchor_A,0.9123076591640711,0.04163130628604312,92.10608162907054,42.54008023242576,1.2044266209890098,,
algorithm_boundary_probe,Banchor_A,0.9123076691640711,0.04163130628604312,92.10607534544359,42.540080249273146,1.2044266022998995,,
algorithm_boundary_probe,Banchor_A,0.9169230333180928,0.044074094762993773,89.2399625659539,42.54427851688563,1.199778381444527,,
algorithm_boundary_probe,Banchor_A,0.9169230433180928,0.044074094762993773,89.23998224494561,42.54427846509696,1.1997784386729113,,
algorithm_boundary_probe,Banchor_A,0.9169230533180929,0.044074094762993773,89.23997609331087,42.54427848165801,1.1997784203723412,,
algorithm_boundary_probe,Banchor_A,0.9215384174721145,0.04708322976420151,86.43565038910974,42.54751248862556,1.1962100408641052,,
algorithm_boundary_probe,Banchor_A,0.9215384274721146,0.04708322976420151,86.43563524217922,42.54751253670778,1.1962099878895138,,
algorithm_boundary_probe,Banchor_A,0.9215384374721146,0.04708322976420151,86.43562891322766,42.547512552873904,1.1962099700784838,,
algorithm_boundary_probe,Banchor_A,0.9261538016261363,0.04887474354590561,83.55405757704162,42.552356043942545,1.1908855383471313,,
algorithm_boundary_probe,Banchor_A,0.9261538116261363,0.04887474354590561,83.55403810246003,42.55235609046468,1.190885487319512,,
algorithm_boundary_probe,Banchor_A,0.9261538216261364,0.04887474354590561,83.55403284162618,42.552356106123604,1.1908854701440825,,
algorithm_boundary_probe,Banchor_A,0.930769185780158,0.05043886460851962,81.15847913451523,42.55729727118591,1.1854780865346788,,
algorithm_boundary_probe,Banchor_A,0.930769195780158,0.05043886460851962,81.15846543552207,42.55729731465403,1.1854780390733337,,
algorithm_boundary_probe,Banchor_A,0.9307692057801581,0.05043886460851962,81.15845980140128,42.557297330436754,1.185478021840716,,
algorithm_boundary_probe,Banchor_A,0.9353845699341797,0.052054401402842475,78.59743270306335,42.56222085251419,1.1801143679681252,,
algorithm_boundary_probe,Banchor_A,0.9353845799341798,0.052054401402842475,78.59744812014324,42.56222080522553,1.1801144193673783,,
algorithm_boundary_probe,Banchor_A,0.9353845899341798,0.052054401402842475,78.59744304779731,42.562220820432636,1.180114402838387,,
algorithm_boundary_probe,Banchor_A,0.9399999540882015,0.053575549289542945,76.28764621930307,42.56701580097798,1.174914107643196,,
algorithm_boundary_probe,Banchor_A,0.9399999640882015,0.053575549289542945,76.28763319921477,42.56701584394416,1.1749140611479512,,
algorithm_boundary_probe,Banchor_A,0.9399999740882016,0.053575549289542945,76.28762806849915,42.56701585899844,1.174914044857174,,
algorithm_boundary_probe,Banchor_A,0.9446153382422232,0.05522768447809492,73.95721543011628,42.571550061718426,1.1700176528134445,,
algorithm_boundary_probe,Banchor_A,0.9446153482422233,0.05522768447809492,73.95720165967542,42.57155010316011,1.1700176081548084,,
algorithm_boundary_probe,Banchor_A,0.9446153582422233,0.05522768447809492,73.95719670083396,42.571550118551976,1.1700175915681332,,
algorithm_boundary_probe,Banchor_A,0.949230722396245,0.05738211846405863,71.70165637035707,42.57549987077169,1.1657689684057506,,
algorithm_boundary_probe,Banchor_A,0.949230732396245,0.05738211846405863,71.7016703805678,42.575499825513226,1.1657690170003403,,
algorithm_boundary_probe,Banchor_A,0.949230742396245,0.05738211846405863,71.70166580014882,42.57549984026273,1.1657690011636077,,
algorithm_boundary_probe,Banchor_A,0.9538461065502667,0.059335124247009985,69.61789885361266,42.579448168805314,1.1615373287541886,,
algorithm_boundary_probe,Banchor_A,0.9538461165502667,0.059335124247009985,69.61788551943282,42.5794482131655,1.161537281296982,,
algorithm_boundary_probe,Banchor_A,0.9538461265502668,0.059335124247009985,69.61788132448167,42.579448227124594,1.1615372663633268,,
algorithm_boundary_probe,Banchor_A,0.9584614907042884,0.05969954670104699,67.71623718241405,42.58536862154177,1.1552207746934386,,
algorithm_boundary_probe,Banchor_A,0.9584615007042885,0.05969954670104699,67.71622673914395,42.58536866107768,1.1552207326273205,,
algorithm_boundary_probe,Banchor_A,0.9584615107042885,0.05969954670104699,67.71622235398259,42.58536867477569,1.1552207180526746,,
algorithm_boundary_probe,Banchor_A,0.9630768748583102,0.060087293480432846,65.7261950313389,42.59113465870565,1.1491019866337167,,
algorithm_boundary_probe,Banchor_A,0.9630768848583102,0.060087293480432846,65.72620523225275,42.59113461132386,1.1491020367808042,,
algorithm_boundary_probe,Banchor_A,0.9630768948583103,0.060087293480432846,65.72620151045369,42.591134625623795,1.149102021646291,,
algorithm_boundary_probe,Banchor_A,0.9676922590123319,0.06204180579463324,64.03593691859447,42.59487200521708,1.1451533209421447,,
algorithm_boundary_probe,Banchor_A,0.967692269012332,0.06204180579463324,64.03592912764064,42.59487204950772,1.1451532742276875,,
algorithm_boundary_probe,Banchor_A,0.967692279012332,0.06204180579463324,64.03592505575374,42.59487206287556,1.145153260128297,,
algorithm_boundary_probe,Banchor_A,0.9723076431663537,0.06267255211510527,62.18962613423001,42.60012740214236,1.1396237149876387,,
algorithm_boundary_probe,Banchor_A,0.9723076531663537,0.06267255211510527,62.189613974790994,42.60012744164368,1.1396236735257825,,
algorithm_boundary_probe,Banchor_A,0.9723076631663538,0.06267255211510527,62.18961048931922,42.60012745426194,1.1396236602812548,,
algorithm_boundary_probe,Banchor_A,0.9769230273203754,0.06269673807390938,60.613958185363344,42.60592841639725,1.1335510208935409,,
algorithm_boundary_probe,Banchor_A,0.9769230373203754,0.06269673807390938,60.61394900771731,42.605928451188404,1.1335509845702165,,
algorithm_boundary_probe,Banchor_A,0.9769230473203755,0.06269673807390938,60.61394559562108,42.6059284641378,1.1335509710505431,,
algorithm_boundary_probe,Banchor_A,0.9815384114743971,0.06365955836823589,59.0690347970287,42.610501134741114,1.1287869635356942,,
algorithm_boundary_probe,Banchor_A,0.9815384214743972,0.06365955836823589,59.069044394345234,42.61050109508667,1.1287870047624855,,
algorithm_boundary_probe,Banchor_A,0.9815384314743972,0.06365955836823589,59.06904127713535,42.61050110774188,1.128786991605474,,
algorithm_boundary_probe,Banchor_A,0.9861537956284189,0.06371542111733736,57.66312673919688,42.616272336924794,1.1228028444815568,,
algorithm_boundary_probe,Banchor_A,0.9861538056284189,0.06371542111733736,57.66311820227404,42.616272373110164,1.122802807060834,,
algorithm_boundary_probe,Banchor_A,0.986153815628419,0.06371542111733736,57.66311531164934,42.616272385540924,1.1228027942056886,,
algorithm_boundary_probe,Banchor_A,0.9907691797824406,0.06476651987806771,56.354238786368875,42.62047417175267,1.1184659578983585,,
algorithm_boundary_probe,Banchor_A,0.9907691897824407,0.06476651987806771,56.35423137233151,42.62047420812058,1.1184659204341347,,
algorithm_boundary_probe,Banchor_A,0.9907691997824407,0.06476651987806771,56.354228428625206,42.620474219561224,1.1184659086486037,,
algorithm_boundary_probe,Banchor_A,0.9953845639364624,0.06410217621963625,55.02231805326938,42.626741212876574,1.1120285920820236,,
algorithm_boundary_probe,Banchor_A,0.9953845739364624,0.06410217621963625,55.02232408834467,42.62674117381846,1.1120286320859727,,
algorithm_boundary_probe,Banchor_A,0.9953845839364625,0.06410217621963625,55.02232176195405,42.62674118570775,1.11202861990877,,
algorithm_boundary_probe,Banchor_A,0.9999999480904841,0.06431142262650585,53.97562818857708,42.63193111273298,1.1067256968716632,,
algorithm_boundary_probe,Banchor_A,0.9999999580904841,0.06431142262650585,53.97562413519576,42.631931149061074,1.1067256598412727,,
algorithm_boundary_probe,Banchor_A,0.9999999680904842,0.06431142262650585,53.9756214339814,42.63193116021209,1.106725648474685,,
algorithm_boundary_probe,Banchor_A,1.004615332244506,0.06460446174506472,52.75859469103269,42.636657313720335,1.1019185990133842,,
algorithm_boundary_probe,Banchor_A,1.0046153422445059,0.06460446174506472,52.75860068463738,42.636657281336845,1.101918631879535,,
algorithm_boundary_probe,Banchor_A,1.0046153522445058,0.06460446174506472,52.75859837614293,42.63665729213392,1.1019186209215357,,
algorithm_boundary_probe,Banchor_A,1.0092307163985277,0.0642910548684439,51.71717002162542,42.642110148336826,1.0963983660153944,,
algorithm_boundary_probe,Banchor_A,1.0092307263985276,0.0642910548684439,51.71715070498806,42.64211024310124,1.0963982703203712,,
algorithm_boundary_probe,Banchor_A,1.0092307363985276,0.0642910548684439,51.71714860005781,42.64211025368269,1.096398259635013,,
algorithm_boundary_probe,Banchor_A,1.0138461005525494,0.06381915066436815,50.77314382074666,42.64769749665699,1.0907706416849807,,
algorithm_boundary_probe,Banchor_A,1.0138461105525494,0.06381915066436815,50.77314973700497,42.64769746515964,1.0907706733283773,,
algorithm_boundary_probe,Banchor_A,1.0138461205525493,0.06381915066436815,50.77314783779406,42.647697475287515,1.0907706631535368,,
algorithm_boundary_probe,Banchor_A,1.0184614847065712,0.06338628557238135,49.92070372449536,42.653016558348526,1.08543998430641,,
algorithm_boundary_probe,Banchor_A,1.018461494706571,0.06338628557238135,49.920708712000284,42.65301652406518,1.0854400185804043,,
algorithm_boundary_probe,Banchor_A,1.018461504706571,0.06338628557238135,49.920706999220926,42.65301653443496,1.0854400082134492,,
algorithm_boundary_probe,Banchor_A,1.023076868860593,0.06328583237971601,49.14991336603084,42.65795724196466,1.0805118699419551,,
algorithm_boundary_probe,Banchor_A,1.0230768788605928,0.06328583237971601,49.149899242461515,42.6579573342539,1.080511778096797,,
algorithm_boundary_probe,Banchor_A,1.0230768888605928,0.06328583237971601,49.149897556585415,42.657957343507185,1.0805117688880368,,
algorithm_boundary_probe,Banchor_A,1.0276922530146146,0.06261371425527408,48.39212579551268,42.66322282593783,1.0752843093650295,,
algorithm_boundary_probe,Banchor_A,1.0276922630146146,0.06261371425527408,48.3921286641874,42.663222797378005,1.0752843376499186,,
algorithm_boundary_probe,Banchor_A,1.0276922730146145,0.06261371425527408,48.39212747214869,42.663222806469044,1.075284328646398,,
algorithm_boundary_probe,Banchor_A,1.0323076371686364,0.061214291694395864,47.859670686704646,42.669480101522886,1.069105092786768,,
algorithm_boundary_probe,Banchor_A,1.0323076471686363,0.061214291694395864,47.85967788576749,42.66948007836742,1.0691051155875457,,
algorithm_boundary_probe,Banchor_A,1.0323076571686363,0.061214291694395864,47.859676394838466,42.66948008687199,1.0691051072132423,,
algorithm_boundary_probe,Banchor_A,1.0369230213226581,0.060358134949410995,47.1947515964344,42.674670577158594,1.0640063212399844,,
algorithm_boundary_probe,Banchor_A,1.036923031322658,0.060358134949410995,47.19473901817932,42.67467065178359,1.0640062481085315,,
algorithm_boundary_probe,Banchor_A,1.036923041322658,0.060358134949410995,47.194737850667494,42.674670660286466,1.064006239775836,,
algorithm_boundary_probe,Banchor_A,1.0415384054766799,0.05913043199108833,46.67128652474777,42.680403299470285,1.0584031389262485,,
algorithm_boundary_probe,Banchor_A,1.0415384154766798,0.05913043199108833,46.671289018840746,42.68040327697164,1.0584031608584976,,
algorithm_boundary_probe,Banchor_A,1.0415384254766797,0.05913043199108833,46.67128808378442,42.6804032847325,1.0584031532930127,,
algorithm_boundary_probe,Banchor_A,1.0461537896307016,0.05769732305210963,46.25777937786896,42.68609594795631,1.052868323605112,,
algorithm_boundary_probe,Banchor_A,1.0461537996307015,0.05769732305210963,46.257784493804245,42.68609592655337,1.0528683443601352,,
algorithm_boundary_probe,Banchor_A,1.0461538096307015,0.05769732305210963,46.257783406657104,42.68609593400891,1.0528683371302947,,
algorithm_boundary_probe,Banchor_A,1.0507691737847233,0.05616549868347485,45.77884140327882,42.69179402493791,1.0473572154371271,,
algorithm_boundary_probe,Banchor_A,1.0507691837847233,0.05616549868347485,45.77883205227327,42.691794090988445,1.0473571517213744,,
algorithm_boundary_probe,Banchor_A,1.0507691937847232,0.05616549868347485,45.77883134879431,42.69179409823029,1.0473571447355199,,
algorithm_boundary_probe,Banchor_A,1.055384557938745,0.05472606980829733,45.46873957835598,42.69725513377882,1.0421023744675089,,
algorithm_boundary_probe,Banchor_A,1.055384567938745,0.05472606980829733,45.46874009213419,42.697255113780194,1.0421023936624216,,
algorithm_boundary_probe,Banchor_A,1.055384577938745,0.05472606980829733,45.468739676747724,42.69725512057698,1.042102387138786,,
algorithm_boundary_probe,Banchor_A,1.0599999420927668,0.053253321100967886,45.29080464599228,42.70255925044216,1.037023836053882,,
algorithm_boundary_probe,Banchor_A,1.0599999520927668,0.053253321100967886,45.29080117120875,42.7025593096023,1.0370237795480006,,
algorithm_boundary_probe,Banchor_A,1.0599999620927667,0.053253321100967886,45.29080041801677,42.7025593160283,1.0370237734103145,,
algorithm_boundary_probe,Banchor_A,1.0646153262467886,0.05161965025004736,44.95695004254326,42.707928436696754,1.0319082017165158,,
algorithm_boundary_probe,Banchor_A,1.0646153362467885,0.05161965025004736,44.95695222287007,42.70792841788313,1.0319082195974096,,
algorithm_boundary_probe,Banchor_A,1.0646153462467884,0.05161965025004736,44.95695153937179,42.70792842379068,1.0319082139827411,,
algorithm_boundary_probe,Banchor_A,1.0692307104008103,0.04936077214582309,44.65459874516778,42.71397554457337,1.0261768692725965,,
algorithm_boundary_probe,Banchor_A,1.0692307204008102,0.04936077214582309,44.654598625915206,42.71397552950033,1.0261768835187886,,
algorithm_boundary_probe,Banchor_A,1.0692307304008102,0.04936077214582309,44.65459828349578,42.71397553491215,1.0261768784038434,,
algorithm_boundary_probe,Banchor_A,1.073846094554832,0.047318698102509174,44.507293732125326,42.719474866214924,1.0209923603970807,,
algorithm_boundary_probe,Banchor_A,1.073846104554832,0.047318698102509174,44.50729116485828,42.7194749135434,1.0209923158908625,,
algorithm_boundary_probe,Banchor_A,1.073846114554832,0.047318698102509174,44.507290924627014,42.719474918743934,1.0209923110004426,,
algorithm_boundary_probe,Banchor_A,1.0784614787088538,0.045235370295517364,44.4081786403696,42.72493761257522,1.0158682660489042,,
algorithm_boundary_probe,Banchor_A,1.0784614887088537,0.045235370295517364,44.408178950970445,42.7249375991466,1.0158682786133824,,
algorithm_boundary_probe,Banchor_A,1.0784614987088537,0.045235370295517364,44.40817883670335,42.72493760354113,1.015868274501643,,
algorithm_boundary_probe,Banchor_A,1.0830768628628755,0.042999760966776227,44.36577802658691,42.730251179871004,1.010908776502942,,
algorithm_boundary_probe,Banchor_A,1.0830768728628755,0.042999760966776227,44.365779190253015,42.73025116297384,1.0109087922355713,,
algorithm_boundary_probe,Banchor_A,1.0830768828628754,0.042999760966776227,44.36577900454926,42.73025116773274,1.0109087878046525,,
algorithm_boundary_probe,Banchor_A,1.0876922470168973,0.040885408469218655,44.28905437184834,42.73555447348541,1.0059830182648348,,
algorithm_boundary_probe,Banchor_A,1.0876922570168972,0.040885408469218655,44.28905309815922,42.73555451552648,1.0059829793119084,,
algorithm_boundary_probe,Banchor_A,1.0876922670168971,0.040885408469218655,44.28905293162494,42.735554519299235,1.005982975816283,,
algorithm_boundary_probe,Banchor_A,1.092307631170919,0.038336870201339766,44.221186143844115,42.74104090072652,1.000912420853832,,
algorithm_boundary_probe,Banchor_A,1.092307641170919,0.038336870201339766,44.22118616523233,42.74104089205246,1.0009124288502205,,
algorithm_boundary_probe,Banchor_A,1.0923076511709189,0.038336870201339766,44.22118612246972,42.741040895092596,1.0009124260476001,,
algorithm_boundary_probe,Banchor_A,1.0969230153249407,0.0353819016365067,44.20928920279754,42.746784816370436,0.9956312339800288,,
algorithm_boundary_probe,Banchor_A,1.0969230253249407,0.0353819016365067,44.209286193242896,42.746784804052055,0.9956312452761064,,
algorithm_boundary_probe,Banchor_A,1.0969230353249406,0.0353819016365067,44.20928653105857,42.746784807399266,0.9956312422066824,,
algorithm_boundary_probe,Banchor_A,1.1015383994789625,0.03325640089803857,44.37238103780457,42.751452611760975,0.9913600057463552,,
algorithm_boundary_probe,Banchor_A,1.1015384094789624,0.03325640089803857,44.37238448335237,42.75145264221107,0.991359977943093,,
algorithm_boundary_probe,Banchor_A,1.1015384194789624,0.03325640089803857,44.37238463299033,42.75145264446475,0.9913599758853169,,
algorithm_boundary_probe,Banchor_A,1.1061537836329842,0.030423185523094302,44.45153757889705,42.75665601215394,0.9866202708071536,,
algorithm_boundary_probe,Banchor_A,1.1061537936329842,0.030423185523094302,44.45153717632482,42.75665600524734,0.9866202770832493,,
algorithm_boundary_probe,Banchor_A,1.106153803632984,0.030423185523094302,44.45153732883921,42.756656007452584,0.9866202750793224,,
algorithm_boundary_probe,Banchor_A,1.110769167787006,0.027847271415381975,44.5280690569009,42.76145793327278,0.9822663481951003,,
algorithm_boundary_probe,Banchor_A,1.110769177787006,0.027847271415381975,44.52806677593885,42.76145793545847,0.9822663462176997,,
algorithm_boundary_probe,Banchor_A,1.1107691877870058,0.027847271415381975,44.528067136789716,42.761457936689474,0.982266345104015,,
algorithm_boundary_probe,Banchor_A,1.1153845519410277,0.024703380088405443,44.69935271332707,42.76664347960874,0.9775861659093921,,
algorithm_boundary_probe,Banchor_A,1.1153845619410276,0.024703380088405443,44.69935645361412,42.76664349059923,0.9775861560136643,,
algorithm_boundary_probe,Banchor_A,1.1153845719410276,0.024703380088405443,44.69935659093547,42.76664349172917,0.9775861549962771,,
algorithm_boundary_probe,Banchor_A,1.1199999360950494,0.021499493720773716,44.76874911205149,42.77187021714471,0.9728913724457096,,
algorithm_boundary_probe,Banchor_A,1.1199999460950494,0.021499493720773716,44.768746048472025,42.771870218169475,0.9728913715274522,,
algorithm_boundary_probe,Banchor_A,1.1199999560950493,0.021499493720773716,44.768746644810015,42.771870218513854,0.9728913712188686,,
algorithm_boundary_probe,Banchor_A,1.1246153202490712,0.01826276593261263,45.05096474381943,42.77678328698314,0.9684988830034651,,
algorithm_boundary_probe,Banchor_A,1.1246153302490711,0.01826276593261263,45.05096687595525,42.776783287230536,0.9684988827827831,,
algorithm_boundary_probe,Banchor_A,1.124615340249071,0.01826276593261263,45.05096709223094,42.77678328744851,0.968498882588351,,
algorithm_boundary_probe,Banchor_A,1.129230704403093,0.014718484727425605,45.155805000490005,42.78208858328099,0.9637779936575159,,
algorithm_boundary_probe,Banchor_A,1.1292307144030929,0.014718484727425605,45.155806029327714,42.78208858597957,0.9637779912620551,,
algorithm_boundary_probe,Banchor_A,1.1292307244030928,0.014718484727425605,45.155806717994096,42.78208858589177,0.9637779913399956,,
algorithm_boundary_probe,Banchor_A,1.1338460885571147,0.011595731171036737,45.48027469994991,42.786634515424794,0.9597511314846805,,
algorithm_boundary_probe,Banchor_A,1.1338460985571146,0.011595731171036737,45.48027418801449,42.786634522971376,0.9597511248137791,,
algorithm_boundary_probe,Banchor_A,1.1338461085571145,0.011595731171036737,45.480274632779114,42.786634521774104,0.959751125872118,,
algorithm_boundary_probe,Banchor_A,1.1384614727111364,0.007546083584458229,45.690424649597496,42.79202841194798,0.9549949481067125,,
algorithm_boundary_probe,Banchor_A,1.1384614827111363,0.007546083584458229,45.69042218596683,42.792028415392046,0.9549949450773731,,
algorithm_boundary_probe,Banchor_A,1.1384614927111363,0.007546083584458229,45.6904227430829,42.79202841423522,0.954994946094896,,
algorithm_boundary_probe,Banchor_A,1.1430768568651581,0.0034724013434073928,45.95405440841026,42.797476726044735,0.9502147083022522,,
algorithm_boundary_probe,Banchor_A,1.143076866865158,0.0034724013434073928,45.954059655518634,42.79747671640571,0.9502147167381351,,
algorithm_boundary_probe,Banchor_A,1.143076876865158,0.0034724013434073928,45.954060194802025,42.79747671513294,0.9502147178520411,,
algorithm_boundary_probe,Banchor_A,1.1476922410191799,0.0002641250628481807,46.208035085531264,42.801599038568625,0.9466137827658312,,
algorithm_boundary_probe,Banchor_A,1.1476922510191798,0.0002641250628481807,46.20803140946428,42.801599051028404,0.9466137719026072,,
algorithm_boundary_probe,Banchor_A,1.1476922610191798,0.0002641250628481807,46.20803223301653,42.801599048584904,0.9466137740330005,,
algorithm_boundary_probe,Banchor_A,1.1523076251732016,-0.003998870378208916,46.59384285487002,42.80673158848203,0.9421494600679712,,
algorithm_boundary_probe,Banchor_A,1.1523076351732016,-0.003998870378208916,46.59384036585955,42.806731603766,0.9421494468052777,,
algorithm_boundary_probe,Banchor_A,1.1523076451732015,-0.003998870378208916,46.593841195159975,42.80673160067026,0.9421494494916132,,
algorithm_boundary_probe,Banchor_A,1.1569230093272234,-0.008500056799759919,46.98281090779903,42.81191179250455,0.9376650355380508,,
algorithm_boundary_probe,Banchor_A,1.1569230193272233,-0.008500056799759919,46.982819535205834,42.811911764333395,0.9376650598672684,,
algorithm_boundary_probe,Banchor_A,1.1569230293272232,-0.008500056799759919,46.982820070963456,42.8119117615613,0.9376650622613114,,
algorithm_boundary_probe,Banchor_A,1.161538393481245,-0.012495662472253163,47.23505305871994,42.81650101436203,0.9337100496857635,,
algorithm_boundary_probe,Banchor_A,1.161538403481245,-0.012495662472253163,47.23504879097721,42.81650103206481,0.9337100344617499,,
algorithm_boundary_probe,Banchor_A,1.161538413481245,-0.012495662472253163,47.23504966607716,42.81650102816476,0.9337100378157097,,
algorithm_boundary_probe,Banchor_A,1.1661537776352668,-0.0172205006210907,47.644685722949376,42.8216406791613,0.9293004924740912,,
algorithm_boundary_probe,Banchor_A,1.1661537876352668,-0.0172205006210907,47.6446936047712,42.82164064519989,0.9293005215422485,,
algorithm_boundary_probe,Banchor_A,1.1661537976352667,-0.0172205006210907,47.64469423849727,42.82164064120184,0.9293005249642556,,
algorithm_boundary_probe,Banchor_A,1.1707691617892886,-0.0215726155740319,47.942825470383724,42.82618782713997,0.9254166480685775,,
algorithm_boundary_probe,Banchor_A,1.1707691717892885,-0.0215726155740319,47.942821262088565,42.826187845057184,0.9254166327970135,,
algorithm_boundary_probe,Banchor_A,1.1707691817892885,-0.0215726155740319,47.94282241258388,42.82618783985729,0.9254166372290926,,
algorithm_boundary_probe,Banchor_A,1.1753845459433103,-0.02687564133668233,48.47955961630546,42.831576319951544,0.9208351970991059,,
algorithm_boundary_probe,Banchor_A,1.1753845559433103,-0.02687564133668233,48.4795573212652,42.83157633157828,0.9208351872382331,,
algorithm_boundary_probe,Banchor_A,1.1753845659433102,-0.02687564133668233,48.47955832469855,42.83157632696947,0.9208351911470606,,
algorithm_boundary_probe,Banchor_A,1.179999930097332,-0.030609636545150466,48.94798432538902,42.83493471634749,0.9179912727470537,,
algorithm_boundary_probe,Banchor_A,1.179999940097332,-0.030609636545150466,48.94799321453044,42.834934677243965,0.9179913058091319,,
algorithm_boundary_probe,Banchor_A,1.179999950097332,-0.030609636545150466,48.94799428203386,42.83493467145406,0.9179913107045107,,
algorithm_boundary_probe,Banchor_A,1.1846153142513538,-0.03570860933149679,49.44660992231399,42.83974626340267,0.9139321048439176,,
algorithm_boundary_probe,Banchor_A,1.1846153242513537,-0.03570860933149679,49.44660903788819,42.83974628251442,0.9139320887563577,,
algorithm_boundary_probe,Banchor_A,1.1846153342513537,-0.03570860933149679,49.44660960360352,42.83974627659884,0.9139320937358751,,
algorithm_boundary_probe,Banchor_A,1.1892306984053755,-0.0410728691681598,49.7133162035658,42.844888981575224,0.9096133932649906,,
algorithm_boundary_probe,Banchor_A,1.1892307084053755,-0.0410728691681598,49.71332107312924,42.844888954630036,0.9096134158392586,,
algorithm_boundary_probe,Banchor_A,1.1892307184053754,-0.0410728691681598,49.71332092329319,42.844888953740345,0.9096134165846306,,
algorithm_boundary_probe,Banchor_A,1.1938460825593973,-0.04504600256388934,49.66243757309696,42.850314870805065,0.9050790047998372,,
algorithm_boundary_probe,Banchor_A,1.1938460925593972,-0.04504600256388934,49.6624374414511,42.85031486431135,0.9050790102130483,,
algorithm_boundary_probe,Banchor_A,1.1938461025593972,-0.04504600256388934,49.662437024275334,42.85031486272338,0.9050790115367957,,
algorithm_boundary_probe,Banchor_A,1.198461466713419,-0.04984104038894005,49.49541848563616,42.85662682396339,0.8998325714634755,,
algorithm_boundary_probe,Banchor_A,1.198461476713419,-0.04984104038894005,49.495419940054035,42.85662682681855,0.8998325690971858,,
algorithm_boundary_probe,Banchor_A,1.198461486713419,-0.04984104038894005,49.495419548289846,42.856626825643644,0.8998325700709188,,
algorithm_boundary_probe,Banchor_A,1.2030768508674408,-0.0541625226500526,49.33266141786306,42.862431858811064,0.8950343340706766,,
algorithm_boundary_probe,Banchor_A,1.2030768608674407,-0.0541625226500526,49.33265772301646,42.862431875366646,0.8950343204229638,,
algorithm_boundary_probe,Banchor_A,1.2030768708674406,-0.0541625226500526,49.33265788917056,42.86243187290384,0.8950343224531963,,
algorithm_boundary_probe,Banchor_A,1.2076922350214625,-0.059448852834292985,49.4317635045876,42.8690563511082,0.8895900127375369,,
algorithm_boundary_probe,Banchor_A,1.2076922450214624,-0.059448852834292985,49.43176678970517,42.86905632998599,0.8895900300438628,,
algorithm_boundary_probe,Banchor_A,1.2076922550214624,-0.059448852834292985,49.43176657247181,42.86905632752592,0.889590032059503,,
algorithm_boundary_probe,Banchor_A,1.2123076191754842,-0.06465459097074032,49.35277587325015,42.87556221495055,0.8842754195628639,,
algorithm_boundary_probe,Banchor_A,1.2123076291754842,-0.06465459097074032,49.35277430912047,42.87556222265046,0.8842754132916932,,
algorithm_boundary_probe,Banchor_A,1.2123076391754841,-0.06465459097074032,49.35277449862932,42.875562220230044,0.8842754152629925,,
algorithm_boundary_probe,Banchor_A,1.216923003329506,-0.06949139357903092,49.46190163959245,42.88154626375969,0.879415130492105,,
algorithm_boundary_probe,Banchor_A,1.216923013329506,-0.06949139357903092,49.46190277664783,42.88154627359728,0.879415122523938,,
algorithm_boundary_probe,Banchor_A,1.2169230233295059,-0.06949139357903092,49.461902865239566,42.88154627099359,0.8794151246328549,,
algorithm_boundary_probe,Banchor_A,1.2215383874835277,-0.07368228628964,49.521677893959726,42.88649928778505,0.8754124601816945,,
algorithm_boundary_probe,Banchor_A,1.2215383974835277,-0.07368228628964,49.52167920938162,42.886499267618056,0.8754124764420325,,
algorithm_boundary_probe,Banchor_A,1.2215384074835276,-0.07368228628964,49.521679443904105,42.88649926419246,0.8754124792040379,,
algorithm_boundary_probe,Banchor_A,1.2261537716375495,-0.07940858947076197,49.65481317065212,42.89332627674041,0.8699252332450209,,
algorithm_boundary_probe,Banchor_A,1.2261537816375494,-0.07940858947076197,49.65481036900396,42.89332628931769,0.8699252231677203,,
algorithm_boundary_probe,Banchor_A,1.2261537916375493,-0.07940858947076197,49.65481095959146,42.893326285674306,0.8699252260869121,,
algorithm_boundary_probe,Banchor_A,1.2307691557915712,-0.08496965694452832,49.94707428102785,42.899807552754915,0.8647477045464351,,
algorithm_boundary_probe,Banchor_A,1.2307691657915711,-0.08496965694452832,49.94707824580557,42.89980756090656,0.8647476980539587,,
algorithm_boundary_probe,Banchor_A,1.230769175791571,-0.08496965694452832,49.94707836951809,42.89980755759893,0.8647477006883602,,
algorithm_boundary_probe,Banchor_A,1.235384539945593,-0.0893974188791262,50.02196734427804,42.90478084212464,0.8607957262670042,,
algorithm_boundary_probe,Banchor_A,1.2353845499455929,-0.0893974188791262,50.021967384864745,42.90478081781357,0.8607957455413562,,
algorithm_boundary_probe,Banchor_A,1.2353845599455928,-0.0893974188791262,50.02196809686525,42.90478081324716,0.860795749161711,,
algorithm_boundary_probe,Banchor_A,1.2399999240996147,-0.09551602957110573,50.37456963383499,42.91165586203668,0.8553622789050812,,
algorithm_boundary_probe,Banchor_A,1.2399999340996146,-0.09551602957110573,50.37457113416917,42.91165587226289,0.8553622708486963,,
algorithm_boundary_probe,Banchor_A,1.2399999440996146,-0.09551602957110573,50.374571406023456,42.91165586830377,0.8553622739677618,,
algorithm_boundary_probe,Banchor_A,1.2446153082536364,-0.10063193639338079,50.51795228033209,42.91733246652916,0.8509018195686122,,
algorithm_boundary_probe,Banchor_A,1.2446153182536364,-0.10063193639338079,50.51794923883272,42.91733248841876,0.8509018024135281,,
algorithm_boundary_probe,Banchor_A,1.2446153282536363,-0.10063193639338079,50.51794975257801,42.917332483691595,0.8509018061182497,,
algorithm_boundary_probe,Banchor_A,1.2492306924076582,-0.10649257800836498,50.77615921052339,42.92374682192866,0.8458896481915597,,
algorithm_boundary_probe,Banchor_A,1.249230702407658,-0.10649257800836498,50.77616427664967,42.923746782228974,0.8458896791213087,,
algorithm_boundary_probe,Banchor_A,1.249230712407658,-0.10649257800836498,50.776164936354846,42.92374677721648,0.845889683026512,,
algorithm_boundary_probe,Banchor_A,1.25384607656168,-0.11204009653576899,51.09941471380954,42.92956914599173,0.8413656562794521,,
algorithm_boundary_probe,Banchor_A,1.2538460865616798,-0.11204009653576899,51.09941010935402,42.92956916512976,0.8413656414488851,,
algorithm_boundary_probe,Banchor_A,1.2538460965616798,-0.11204009653576899,51.099411123785565,42.929569159751416,0.8413656456167097,,
algorithm_boundary_probe,Banchor_A,1.2584614607157016,-0.11828823851428381,51.59161118702696,42.93625178373206,0.8362030080100706,,
algorithm_boundary_probe,Banchor_A,1.2584614707157016,-0.11828823851428381,51.591612698877434,42.93625179837275,0.8362029967342258,,
algorithm_boundary_probe,Banchor_A,1.2584614807157015,-0.11828823851428381,51.59161340729857,42.9362517932283,0.8362030006963365,,
algorithm_boundary_probe,Banchor_A,1.2630768448697234,-0.12364490598000076,51.935643769423606,42.941733501419655,0.8319917855046962,,
algorithm_boundary_probe,Banchor_A,1.2630768548697233,-0.12364490598000076,51.93564938913039,42.94173346049875,0.8319918168620878,,
algorithm_boundary_probe,Banchor_A,1.2630768648697233,-0.12364490598000076,51.935650429812945,42.94173345457363,0.8319918214024691,,
algorithm_boundary_probe,Banchor_A,1.2676922290237451,-0.12989789978836921,52.437979632968705,42.948170129418756,0.8270740355973378,,
algorithm_boundary_probe,Banchor_A,1.267692239023745,-0.12989789978836921,52.43797732674135,42.94817014634687,0.827074022702124,,
algorithm_boundary_probe,Banchor_A,1.267692249023745,-0.12989789978836921,52.43797831378993,42.94817014066789,0.8270740270281582,,
algorithm_boundary_probe,Banchor_A,1.2723076131777669,-0.1354121940914745,52.914052664640785,42.95363717600161,0.8229199074357145,,
algorithm_boundary_probe,Banchor_A,1.2723076231777668,-0.1354121940914745,52.9140620531673,42.95363712778119,0.8229199439837617,,
algorithm_boundary_probe,Banchor_A,1.2723076331777667,-0.1354121940914745,52.91406313387392,42.95363712117517,0.8229199489907135,,
algorithm_boundary_probe,Banchor_A,1.2769229973317886,-0.14201713447183892,53.4326116402221,42.96027325750209,0.8179055138479271,,
algorithm_boundary_probe,Banchor_A,1.2769230073317885,-0.14201713447183892,53.43260746894958,42.960273279524976,0.8179054972576728,,
algorithm_boundary_probe,Banchor_A,1.2769230173317885,-0.14201713447183892,53.432608720313134,42.96027327275382,0.8179055023585161,,
algorithm_boundary_probe,Banchor_A,1.2815383814858103,-0.14812538562337751,54.03096436647892,42.96610360906952,0.8135251719392684,,
algorithm_boundary_probe,Banchor_A,1.2815383914858103,-0.14812538562337751,54.03096165510486,42.96610362694885,0.8135251585425652,,
algorithm_boundary_probe,Banchor_A,1.2815384014858102,-0.14812538562337751,54.030962830310855,42.96610362059036,0.8135251633068842,,
algorithm_boundary_probe,Banchor_A,1.286153765639832,-0.1540578286246002,54.59248507144385,42.97186571837751,0.8092191498256345,,
algorithm_boundary_probe,Banchor_A,1.286153775639832,-0.1540578286246002,54.59249658562996,42.97186566558118,0.809219189175711,,
algorithm_boundary_probe,Banchor_A,1.286153785639832,-0.1540578286246002,54.59249754490011,42.971865657862004,0.8092191949289552,,
algorithm_boundary_probe,Banchor_A,1.2907691497938538,-0.16092572734091157,55.05531833063478,42.97837077854872,0.8043853040811864,,
algorithm_boundary_probe,Banchor_A,1.2907691597938538,-0.16092572734091157,55.055311759708374,42.97837080236019,0.8043852864400767,,
algorithm_boundary_probe,Banchor_A,1.2907691697938537,-0.16092572734091157,55.055313348330415,42.97837079479337,0.8043852920460764,,
algorithm_boundary_probe,Banchor_A,1.2953845339478756,-0.16792101439403156,55.81196841241629,42.98513385850971,0.7993903394670968,,
algorithm_boundary_probe,Banchor_A,1.2953845439478755,-0.16792101439403156,55.811968478777395,42.98513388335595,0.7993903211736637,,
algorithm_boundary_probe,Banchor_A,1.2953845539478754,-0.16792101439403156,55.81196963120401,42.985133875745554,0.7993903267769352,,
boundary_polish_final,Banchor_A,1.0969230253249407,0.035381942156787964,44.209286193242015,42.746784744564934,0.9956312998264117,705.9177933677031,1495.5555694498821
algorithm_boundary_probe,Banchor_B,0.7046153622330927,-0.17082025193941486,297.1576889278833,42.39897174430938,1.3715882034403126,,
algorithm_boundary_probe,Banchor_B,0.7046153722330928,-0.17082025193941486,297.15772359984106,42.398971658852226,1.3715883113965788,,
algorithm_boundary_probe,Banchor_B,0.7046153822330928,-0.17082025193941486,297.1577128930509,42.398971685695884,1.3715882774855366,,
algorithm_boundary_probe,Banchor_B,0.7092307463871145,-0.16431147610512,292.2317378916943,42.40179539087448,1.368025783199949,,
algorithm_boundary_probe,Banchor_B,0.7092307563871145,-0.16431147610512,292.23170707312795,42.40179546476423,1.368025690098997,,
algorithm_boundary_probe,Banchor_B,0.7092307663871146,-0.16431147610512,292.2316969945929,42.40179549186815,1.3680256559481074,,
algorithm_boundary_probe,Banchor_B,0.7138461305411362,-0.1570760941187137,287.59713212977107,42.40367346977039,1.3656614524340582,,
algorithm_boundary_probe,Banchor_B,0.7138461405411363,-0.1570760941187137,287.597104634533,42.40367354516786,1.365661357597562,,
algorithm_boundary_probe,Banchor_B,0.7138461505411363,-0.1570760941187137,287.5970943103201,42.40367357196166,1.3656613238957658,,
algorithm_boundary_probe,Banchor_B,0.718461514695158,-0.15040397822407617,282.84889513030123,42.40623786569115,1.3624397084204558,,
algorithm_boundary_probe,Banchor_B,0.718461524695158,-0.15040397822407617,282.84886654253916,42.40623793907493,1.3624396163345858,,
algorithm_boundary_probe,Banchor_B,0.718461534695158,-0.15040397822407617,282.84885611491563,42.406237965072236,1.3624395837117724,,
algorithm_boundary_probe,Banchor_B,0.7230768988491797,-0.14425944656016426,278.05032543621024,42.4092098290855,1.3587154297347428,,
algorithm_boundary_probe,Banchor_B,0.7230769088491797,-0.14425944656016426,278.0503610972932,42.409209747689516,1.3587155315955601,,
algorithm_boundary_probe,Banchor_B,0.7230769188491798,-0.14425944656016426,278.05034989062267,42.409209773177714,1.35871549969904,,
algorithm_boundary_probe,Banchor_B,0.7276922830032014,-0.13873920885428598,272.8947947288129,42.41286610435949,1.354147577746971,,
algorithm_boundary_probe,Banchor_B,0.7276922930032015,-0.13873920885428598,272.89476303945355,42.41286617504244,1.354147489590062,,
algorithm_boundary_probe,Banchor_B,0.7276923030032015,-0.13873920885428598,272.89475256059535,42.412866200599375,1.3541474577150447,,
algorithm_boundary_probe,Banchor_B,0.7323076671572232,-0.13254884686972018,268.07391151970813,42.4155675162548,1.3507825216013283,,
algorithm_boundary_probe,Banchor_B,0.7323076771572232,-0.13254884686972018,268.07388272181885,42.41556758728573,1.3507824332305636,,
algorithm_boundary_probe,Banchor_B,0.7323076871572233,-0.13254884686972018,268.0738723951285,42.41556761318559,1.3507824010081233,,
algorithm_boundary_probe,Banchor_B,0.7369230513112449,-0.12572732891758742,263.3217688341314,42.41749796362037,1.3483829536927048,,
algorithm_boundary_probe,Banchor_B,0.736923061311245,-0.12572732891758742,263.3218038423866,42.41749788433454,1.3483830521583107,,
algorithm_boundary_probe,Banchor_B,0.736923071311245,-0.12572732891758742,263.3217929725342,42.4174979093376,1.3483830211068393,,
algorithm_boundary_probe,Banchor_B,0.7415384354652667,-0.12000378619563713,258.32172803919275,42.42063131389878,1.3444972349538054,,
algorithm_boundary_probe,Banchor_B,0.7415384454652667,-0.12000378619563713,258.3216983723875,42.420631383970004,1.3444971481826713,,
algorithm_boundary_probe,Banchor_B,0.7415384554652668,-0.12000378619563713,258.3216874546697,42.42063140865807,1.3444971176107663,,
algorithm_boundary_probe,Banchor_B,0.7461538196192884,-0.11405570537961453,253.30280266919416,42.423288243532426,1.3412111077661644,,
algorithm_boundary_probe,Banchor_B,0.7461538296192884,-0.11405570537961453,253.3027726968372,42.42328831198074,1.3412110232118888,,
algorithm_boundary_probe,Banchor_B,0.7461538396192885,-0.11405570537961453,253.30276168033276,42.423288336833586,1.3412109925111442,,
algorithm_boundary_probe,Banchor_B,0.7507692037733101,-0.10780169290145407,248.23719508071616,42.42557580394481,1.338388256721482,,
algorithm_boundary_probe,Banchor_B,0.7507692137733102,-0.10780169290145407,248.2372301776768,42.425575725501574,1.338388353418558,,
algorithm_boundary_probe,Banchor_B,0.7507692237733102,-0.10780169290145407,248.2372191988949,42.42557575016966,1.3383883230101707,,
algorithm_boundary_probe,Banchor_B,0.7553845879273319,-0.1009587888636646,243.1897751441152,42.4269132440973,1.3367406077399338,,
algorithm_boundary_probe,Banchor_B,0.7553845979273319,-0.1009587888636646,243.1897435099331,42.42691331397468,1.33674052170806,,
algorithm_boundary_probe,Banchor_B,0.755384607927332,-0.1009587888636646,243.1897331795093,42.426913338142825,1.3367404919526367,,
algorithm_boundary_probe,Banchor_B,0.7599999720813536,-0.09615936856673753,238.43794199488894,42.43102298634314,1.3316903247194087,,
algorithm_boundary_probe,Banchor_B,0.7599999820813537,-0.09615936856673753,238.43791385135978,42.431023053416254,1.3316902424520813,,
algorithm_boundary_probe,Banchor_B,0.7599999920813537,-0.09615936856673753,238.43790326556814,42.43102307760255,1.331690212786812,,
algorithm_boundary_probe,Banchor_B,0.7646153562353754,-0.08951551690874303,233.56922997324838,42.432430413827106,1.3299651880883387,,
algorithm_boundary_probe,Banchor_B,0.7646153662353754,-0.08951551690874303,233.56919996558912,42.432430479968566,1.3299651070688123,,
algorithm_boundary_probe,Banchor_B,0.7646153762353755,-0.08951551690874303,233.56918849154573,42.43243050316181,1.329965078658407,,
algorithm_boundary_probe,Banchor_B,0.7692307403893971,-0.08514343063701574,228.29734131391535,42.43672157093307,1.3247191381583725,,
algorithm_boundary_probe,Banchor_B,0.7692307503893971,-0.08514343063701574,228.2973740059563,42.43672149521408,1.3247192305439728,,
algorithm_boundary_probe,Banchor_B,0.7692307603893972,-0.08514343063701574,228.29736373716105,42.43672151893325,1.324719201603948,,
algorithm_boundary_probe,Banchor_B,0.7738461245434188,-0.07910180036171925,223.58152772283177,42.438799636073114,1.3221860920166855,,
algorithm_boundary_probe,Banchor_B,0.7738461345434189,-0.07910180036171925,223.58150053875784,42.43879970194886,1.3221860117946298,,
algorithm_boundary_probe,Banchor_B,0.7738461445434189,-0.07910180036171925,223.58148970833258,42.438799725673995,1.3221859829026748,,
algorithm_boundary_probe,Banchor_B,0.7784615086974406,-0.07324420799792876,218.6072865784075,42.44115364726065,1.3193225334500476,,
algorithm_boundary_probe,Banchor_B,0.7784615186974406,-0.07324420799792876,218.60725684216052,42.441153712755664,1.3193224538643806,,
algorithm_boundary_probe,Banchor_B,0.7784615286974407,-0.07324420799792876,218.60724599379213,42.441153735227495,1.319322426557937,,
algorithm_boundary_probe,Banchor_B,0.7830768928514623,-0.06834266198585859,213.62174641478825,42.44433329416415,1.3154644663150992,,
algorithm_boundary_probe,Banchor_B,0.7830769028514624,-0.06834266198585859,213.6217798628997,42.44433322168078,1.3154645541350554,,
algorithm_boundary_probe,Banchor_B,0.7830769128514624,-0.06834266198585859,213.621769330676,42.44433324436067,1.315464526656377,,
algorithm_boundary_probe,Banchor_B,0.787692277005484,-0.0640936679328546,208.78148900137458,42.44856957983559,1.3103418354902308,,
algorithm_boundary_probe,Banchor_B,0.7876922870054841,-0.0640936679328546,208.78145961092147,42.44856964303244,1.3103417592198912,,
algorithm_boundary_probe,Banchor_B,0.7876922970054842,-0.0640936679328546,208.78144938631965,42.448569665688154,1.3103417318773996,,
algorithm_boundary_probe,Banchor_B,0.7923076611595058,-0.05831849826463786,204.08472381972666,42.45054522219815,1.3079596611164408,,
algorithm_boundary_probe,Banchor_B,0.7923076711595058,-0.05831849826463786,204.08469588749523,42.450545285167244,1.3079595852591208,,
algorithm_boundary_probe,Banchor_B,0.7923076811595059,-0.05831849826463786,204.08468544856433,42.45054530766389,1.307959558157979,,
algorithm_boundary_probe,Banchor_B,0.7969230453135275,-0.053166572561297365,199.2886600709721,42.453363995347544,1.3045683586685488,,
algorithm_boundary_probe,Banchor_B,0.7969230553135276,-0.053166572561297365,199.28869387563617,42.4533639236012,1.3045684448755013,,
algorithm_boundary_probe,Banchor_B,0.7969230653135276,-0.053166572561297365,199.28868335703802,42.453363946104965,1.304568417836066,,
algorithm_boundary_probe,Banchor_B,0.8015384294675493,-0.047952451854346094,194.46069961165324,42.45609590043235,1.3012899592737666,,
algorithm_boundary_probe,Banchor_B,0.8015384394675493,-0.047952451854346094,194.46067074571252,42.456095963701316,1.301289883443873,,
algorithm_boundary_probe,Banchor_B,0.8015384494675494,-0.047952451854346094,194.46066036366847,42.45609598598412,1.301289856737205,,
algorithm_boundary_probe,Banchor_B,0.806153813621571,-0.042799833009177266,189.69358077899142,42.458815923089624,1.2980340043071263,,
algorithm_boundary_probe,Banchor_B,0.8061538236215711,-0.042799833009177266,189.69355252120377,42.45881598593123,1.298033929177879,,
algorithm_boundary_probe,Banchor_B,0.8061538336215711,-0.042799833009177266,189.6935420533207,42.45881600732489,1.2980339036010415,,
algorithm_boundary_probe,Banchor_B,0.8107691977755928,-0.03841126703865425,184.88816897937468,42.462249470265256,1.2939355675290682,,
algorithm_boundary_probe,Banchor_B,0.8107692077755928,-0.03841126703865425,184.88820110122865,42.46224940192768,1.2939356489709746,,
algorithm_boundary_probe,Banchor_B,0.8107692177755929,-0.03841126703865425,184.88819092273474,42.462249423358024,1.2939356234311734,,
algorithm_boundary_probe,Banchor_B,0.8153845819296145,-0.033652701807029374,180.2175115530014,42.465155720906964,1.2904766494482087,,
algorithm_boundary_probe,Banchor_B,0.8153845919296145,-0.033652701807029374,180.21748315301545,42.465155782211596,1.2904765765831852,,
algorithm_boundary_probe,Banchor_B,0.8153846019296146,-0.033652701807029374,180.21747324966904,42.46515580318146,1.2904765516589756,,
algorithm_boundary_probe,Banchor_B,0.8199999660836362,-0.029768460679880173,175.67025113100544,42.46913469456827,1.2857560044344816,,
algorithm_boundary_probe,Banchor_B,0.8199999760836363,-0.029768460679880173,175.6702245652134,42.46913475237447,1.2857559359789266,,
algorithm_boundary_probe,Banchor_B,0.8199999860836363,-0.029768460679880173,175.6702144293247,42.469134773658816,1.2857559107734802,,
algorithm_boundary_probe,Banchor_B,0.824615350237658,-0.024363976051935302,171.02575508305443,42.47102356840056,1.283521097354753,,
algorithm_boundary_probe,Banchor_B,0.824615360237658,-0.024363976051935302,171.0257274708049,42.47102362751041,1.2835210274770672,,
algorithm_boundary_probe,Banchor_B,0.8246153702376581,-0.024363976051935302,171.02571821529892,42.47102364880935,1.2835210022981776,,
algorithm_boundary_probe,Banchor_B,0.8292307343916797,-0.018631255376380086,166.78166180968717,42.472433003765666,1.2818559909184837,,
algorithm_boundary_probe,Banchor_B,0.8292307443916798,-0.018631255376380086,166.78169569559222,42.47243293873579,1.281856067694899,,
algorithm_boundary_probe,Banchor_B,0.8292307543916798,-0.018631255376380086,166.78168540401836,42.4724329593298,1.2818560433809263,,
algorithm_boundary_probe,Banchor_B,0.8338461185457015,-0.01445046313105359,162.06478776966273,42.47580315975244,1.2778832425023587,,
algorithm_boundary_probe,Banchor_B,0.8338461285457015,-0.01445046313105359,162.06475712580158,42.47580321790748,1.2778831740553833,,
algorithm_boundary_probe,Banchor_B,0.8338461385457016,-0.01445046313105359,162.0647480686431,42.47580323817184,1.2778831502047656,,
algorithm_boundary_probe,Banchor_B,0.8384615026997232,-0.010497565694986794,157.91180559046617,42.47935405492873,1.2737107581028677,,
algorithm_boundary_probe,Banchor_B,0.8384615126997232,-0.010497565694986794,157.9117810196557,42.4793541109642,1.2737106923659156,,
algorithm_boundary_probe,Banchor_B,0.8384615226997233,-0.010497565694986794,157.9117717512057,42.47935413173125,1.273710668003451,,
algorithm_boundary_probe,Banchor_B,0.8430768868537449,-0.006091234275554695,153.66501962861292,42.48247088836402,1.2700595475874312,,
algorithm_boundary_probe,Banchor_B,0.843076896853745,-0.006091234275554695,153.6650508161771,42.48247082729672,1.2700596190220121,,
algorithm_boundary_probe,Banchor_B,0.843076906853745,-0.006091234275554695,153.66504125245334,42.48247084698971,1.2700595959857799,,
algorithm_boundary_probe,Banchor_B,0.8476922710077667,-0.0025035431671247676,149.2852668333259,42.48629791054079,1.2655906997956696,,
algorithm_boundary_probe,Banchor_B,0.8476922810077667,-0.0025035431671247676,149.28523987705293,42.486297965495716,1.2655906357373452,,
algorithm_boundary_probe,Banchor_B,0.8476922910077668,-0.0025035431671247676,149.285230758874,42.48629798518522,1.2655906127862386,,
algorithm_boundary_probe,Banchor_B,0.8523076551617884,0.0014848580384260208,145.10687977164832,42.48953199644899,1.261826489742935,,
algorithm_boundary_probe,Banchor_B,0.8523076651617885,0.0014848580384260208,145.10685429743828,42.48953205144887,1.2618264258228902,,
algorithm_boundary_probe,Banchor_B,0.8523076751617885,0.0014848580384260208,145.10684578781706,42.489532070955754,1.2618264031522806,,
algorithm_boundary_probe,Banchor_B,0.8569230393158102,0.005226345631806198,141.2089237402263,42.49304366049949,1.2577518788809634,,
algorithm_boundary_probe,Banchor_B,0.8569230493158102,0.005226345631806198,141.20895354466768,42.49304359710949,1.2577519523139853,,
algorithm_boundary_probe,Banchor_B,0.8569230593158103,0.005226345631806198,141.2089445960643,42.49304361685133,1.2577519294444004,,
algorithm_boundary_probe,Banchor_B,0.8615384234698319,0.009619135524252885,137.11289957432865,42.4957081376728,1.2546690467818058,,
algorithm_boundary_probe,Banchor_B,0.8615384334698319,0.009619135524252885,137.11287564058856,42.49570819648124,1.2546689788231866,,
algorithm_boundary_probe,Banchor_B,0.861538443469832,0.009619135524252885,137.11286671942338,42.495708215199535,1.2546689571924654,,
algorithm_boundary_probe,Banchor_B,0.8661538076238536,0.01233734286756336,133.03316249505852,42.50036572748884,1.2492982970249085,,
algorithm_boundary_probe,Banchor_B,0.8661538176238537,0.01233734286756336,133.03313704865187,42.50036577783843,1.2492982390903398,,
algorithm_boundary_probe,Banchor_B,0.8661538276238537,0.01233734286756336,133.03312893281878,42.50036579753864,1.2492982164223683,,
algorithm_boundary_probe,Banchor_B,0.8707691917778754,0.01699171503802262,129.31856206532203,42.50262547648449,1.2467008293075788,,
algorithm_boundary_probe,Banchor_B,0.8707692017778754,0.01699171503802262,129.31853997429752,42.50262553134494,1.246700766313855,,
algorithm_boundary_probe,Banchor_B,0.8707692117778755,0.01699171503802262,129.31853187712727,42.50262554967982,1.2467007452607597,,
algorithm_boundary_probe,Banchor_B,0.8753845759318971,0.01943884288582726,125.61989635486597,42.50750342708535,1.2411122669469128,,
algorithm_boundary_probe,Banchor_B,0.8753845859318972,0.01943884288582726,125.61992266636132,42.507503369558684,1.241112332706026,,
algorithm_boundary_probe,Banchor_B,0.8753845959318972,0.01943884288582726,125.61991450137951,42.50750338768185,1.2411123119893093,,
algorithm_boundary_probe,Banchor_B,0.8799999600859189,0.022606528244082737,121.88549395967239,42.511223839233296,1.2368667172203918,,
algorithm_boundary_probe,Banchor_B,0.8799999700859189,0.022606528244082737,121.88547203285579,42.51122388834235,1.2368666612755381,,
algorithm_boundary_probe,Banchor_B,0.879999980085919,0.022606528244082737,121.88546390571405,42.511223907034356,1.2368666399816737,,
algorithm_boundary_probe,Banchor_B,0.8846153442399406,0.026113232479499666,118.17367022042814,42.51470987432849,1.2329018073649642,,
algorithm_boundary_probe,Banchor_B,0.8846153542399406,0.026113232479499666,118.1736477758281,42.51470992673434,1.2329017478557878,,
algorithm_boundary_probe,Banchor_B,0.8846153642399407,0.026113232479499666,118.17364037634299,42.51470994489783,1.232901727230333,,
algorithm_boundary_probe,Banchor_B,0.8892307283939623,0.029283237018782368,114.79086309640996,42.518445341049365,1.2286673071254788,,
algorithm_boundary_probe,Banchor_B,0.8892307383939624,0.029283237018782368,114.7908867919176,42.51844528704068,1.2286673682441052,,
algorithm_boundary_probe,Banchor_B,0.8892307483939624,0.029283237018782368,114.79087942490072,42.518445304426876,1.2286673485691129,,
algorithm_boundary_probe,Banchor_B,0.8938461125479841,0.03156018402718361,111.42788199386348,42.52313655428882,1.223369974397476,,
algorithm_boundary_probe,Banchor_B,0.8938461225479841,0.03156018402718361,111.42786125717846,42.523136600470956,1.2233699223610464,,
algorithm_boundary_probe,Banchor_B,0.8938461325479842,0.03156018402718361,111.42785429843286,42.52313661860988,1.2233699019227338,,
algorithm_boundary_probe,Banchor_B,0.8984614967020058,0.03515461991694453,108.24837360730444,42.526234717162815,1.219884047644117,,
algorithm_boundary_probe,Banchor_B,0.8984615067020059,0.03515461991694453,108.24835518881753,42.52623476887308,1.2198839895447982,,
algorithm_boundary_probe,Banchor_B,0.8984615167020059,0.03515461991694453,108.24834804318567,42.52623478612588,1.2198839701603366,,
algorithm_boundary_probe,Banchor_B,0.9030768808560276,0.03788847401279318,104.98951493703638,42.5301924787927,1.2154453807502423,,
algorithm_boundary_probe,Banchor_B,0.9030768908560276,0.03788847401279318,104.98953803551974,42.53019242661632,1.2154454391599585,,
algorithm_boundary_probe,Banchor_B,0.9030769008560277,0.03788847401279318,104.98953090946368,42.530192443383356,1.2154454203898184,,
algorithm_boundary_probe,Banchor_B,0.9076922650100493,0.04034052959365898,101.74236683894948,42.534339790236,1.2108114602445597,,
algorithm_boundary_probe,Banchor_B,0.9076922750100493,0.04034052959365898,101.742344661954,42.53433983665078,1.210811408482863,,
algorithm_boundary_probe,Banchor_B,0.9076922850100494,0.04034052959365898,101.74233848312034,42.53433985352951,1.2108113896597237,,
algorithm_boundary_probe,Banchor_B,0.912307649164071,0.042787329688310616,98.9237543800365,42.538546099726204,1.2061296647811437,,
algorithm_boundary_probe,Banchor_B,0.9123076591640711,0.042787329688310616,98.9237381614516,42.53854614680031,1.2061296124871637,,
algorithm_boundary_probe,Banchor_B,0.9123076691640711,0.042787329688310616,98.92373189094788,42.53854616364804,1.2061295937712448,,
algorithm_boundary_probe,Banchor_B,0.9169230333180928,0.045233515535801225,96.06362097082898,42.54274038392659,1.201479279377816,,
algorithm_boundary_probe,Banchor_B,0.9169230433180928,0.045233515535801225,96.06364065695465,42.542740332146785,1.2014793366775212,,
algorithm_boundary_probe,Banchor_B,0.9169230533180929,0.045233515535801225,96.0636345105914,42.54274034870659,1.2014793183523917,,
algorithm_boundary_probe,Banchor_B,0.9215384174721145,0.048223584748383126,93.26184503256997,42.546002751367176,1.1978745511337385,,
algorithm_boundary_probe,Banchor_B,0.9215384274721146,0.048223584748383126,93.26182985126854,42.54600279943549,1.197874498100774,,
algorithm_boundary_probe,Banchor_B,0.9215384374721146,0.048223584748383126,93.2618235390768,42.54600281560283,1.1978744802636183,,
algorithm_boundary_probe,Banchor_B,0.9261538016261363,0.05002091383228061,90.38798637147953,42.550838870201126,1.1925508076981552,,
algorithm_boundary_probe,Banchor_B,0.9261538116261363,0.05002091383228061,90.3879669441915,42.55083891672588,1.1925507565963054,,
algorithm_boundary_probe,Banchor_B,0.9261538216261364,0.05002091383228061,90.38796169977958,42.55083893238628,1.192550739395241,,
algorithm_boundary_probe,Banchor_B,0.930769185780158,0.05159044754519069,88.00002068776176,42.555773261213005,1.1871432691077466,,
algorithm_boundary_probe,Banchor_B,0.930769195780158,0.05159044754519069,88.00000704028102,42.555773304686355,1.1871432215740185,,
algorithm_boundary_probe,Banchor_B,0.9307692057801581,0.05159044754519069,88.00000141620718,42.555773320469335,1.1871432043169203,,
algorithm_boundary_probe,Banchor_B,0.9353845699341797,0.053208012785931964,85.44375564060958,42.56069446762226,1.1817746013791712,,
algorithm_boundary_probe,Banchor_B,0.9353845799341798,0.053208012785931964,85.4437709676344,42.56069442032205,1.1817746528633042,,
algorithm_boundary_probe,Banchor_B,0.9353845899341798,0.053208012785931964,85.44376591663114,42.560694435531495,1.1817746363085124,,
algorithm_boundary_probe,Banchor_B,0.9399999540882015,0.054736559342927336,83.14384279571792,42.56548009914771,1.1765771215348864,,
algorithm_boundary_probe,Banchor_B,0.9399999640882015,0.054736559342927336,83.14382987584743,42.56548014212726,1.1765770749593534,,
algorithm_boundary_probe,Banchor_B,0.9399999740882016,0.054736559342927336,83.14382475439649,42.56548015718185,1.1765770586451754,,
algorithm_boundary_probe,Banchor_B,0.9446153382422232,0.05639084878178698,80.8176782035189,42.570011854215466,1.1716764400976334,,
algorithm_boundary_probe,Banchor_B,0.9446153482422233,0.05639084878178698,80.81766445521579,42.57001189565811,1.1716763953746385,,
algorithm_boundary_probe,Banchor_B,0.9446153582422233,0.05639084878178698,80.8176595077423,42.570011911050216,1.1716763787641977,,
algorithm_boundary_probe,Banchor_B,0.949230722396245,0.05854838283673808,78.56736244504536,42.5739578885443,1.1674257908600991,,
algorithm_boundary_probe,Banchor_B,0.949230732396245,0.05854838283673808,78.56737640928297,42.573957843282706,1.167425839527128,,
algorithm_boundary_probe,Banchor_B,0.949230742396245,0.05854838283673808,78.56737184190396,42.573957858032855,1.1674258236671953,,
algorithm_boundary_probe,Banchor_B,0.9538461065502667,0.06050502983166977,76.48957747988945,42.57790180439053,1.1631928318915818,,
algorithm_boundary_probe,Banchor_B,0.9538461165502667,0.06050502983166977,76.48956419607134,42.57790184874953,1.1631927843680017,,
algorithm_boundary_probe,Banchor_B,0.9538461265502668,0.06050502983166977,76.48956001065913,42.57790186271003,1.1631927694115627,,
algorithm_boundary_probe,Banchor_B,0.9584614907042884,0.06087254894631887,74.592320232862,42.5838184668778,1.1568713136133222,,
algorithm_boundary_probe,Banchor_B,0.9584615007042885,0.06087254894631887,74.5923097910782,42.58381850641432,1.1568712714864613,,
algorithm_boundary_probe,Banchor_B,0.9584615107042885,0.06087254894631887,74.59230542662839,42.58381852011519,1.1568712568879396,,
algorithm_boundary_probe,Banchor_B,0.9630768748583102,0.06126662007243273,72.61213572054237,42.58957658515719,1.1507521762957693,,
algorithm_boundary_probe,Banchor_B,0.9630768848583102,0.06126662007243273,72.61214593658893,42.589576537784424,1.15075222650531,,
algorithm_boundary_probe,Banchor_B,0.9630768948583103,0.06126662007243273,72.61214222286632,42.589576552084395,1.1507522113490267,,
algorithm_boundary_probe,Banchor_B,0.9676922590123319,0.06320650989153968,70.92562558116342,42.59333606619952,1.1467744609129205,,
algorithm_boundary_probe,Banchor_B,0.967692269012332,0.06320650989153968,70.92561779979948,42.59333611048474,1.1467744141380614,,
algorithm_boundary_probe,Banchor_B,0.967692279012332,0.06320650989153968,70.92561373921995,42.593336123853945,1.1467744000172644,,
algorithm_boundary_probe,Banchor_B,0.9723076431663537,0.06385664256694663,69.08445914399616,42.59856378121223,1.1412661242855773,,
algorithm_boundary_probe,Banchor_B,0.9723076531663537,0.06385664256694663,69.08444697247702,42.59856382070936,1.1412660827683723,,
algorithm_boundary_probe,Banchor_B,0.9723076631663538,0.06385664256694663,69.08444351293522,42.59856383333163,1.1412660695005334,,
algorithm_boundary_probe,Banchor_B,0.9769230273203754,0.06389098359767492,67.52079666732298,42.60435173810241,1.1351983304399949,,
algorithm_boundary_probe,Banchor_B,0.9769230373203754,0.06389098359767492,67.52078758491115,42.604351772908814,1.1351982940479401,,
algorithm_boundary_probe,Banchor_B,0.9769230473203755,0.06389098359767492,67.52078417832968,42.604351785858626,1.1351982805081857,,
algorithm_boundary_probe,Banchor_B,0.9815384114743971,0.06485403479383758,65.97842502346764,42.608924619926164,1.1304271796054073,,
algorithm_boundary_probe,Banchor_B,0.9815384214743972,0.06485403479383758,65.97843456049738,42.608924580261174,1.1304272209030815,,
algorithm_boundary_probe,Banchor_B,0.9815384314743972,0.06485403479383758,65.9784314568548,42.60892459291854,1.1304272077247104,,
algorithm_boundary_probe,Banchor_B,0.9861537956284189,0.06491465279495102,64.57877882687826,42.61468984576378,1.1244405545304728,,
algorithm_boundary_probe,Banchor_B,0.9861538056284189,0.06491465279495102,64.57877031726967,42.614689881955435,1.1244405170486558,,
algorithm_boundary_probe,Banchor_B,0.986153815628419,0.06491465279495102,64.57876744311156,42.61468989438826,1.1244405041726233,,
algorithm_boundary_probe,Banchor_B,0.9907691797824406,0.06597008751622412,63.27751676420089,42.61888660789858,1.1201025754485838,,
algorithm_boundary_probe,Banchor_B,0.9907691897824407,0.06597008751622412,63.27750940211916,42.61888664427132,1.1201025379245528,,
algorithm_boundary_probe,Banchor_B,0.9907691997824407,0.06597008751622412,63.2775064715858,42.61888665571458,1.1201025261190813,,
algorithm_boundary_probe,Banchor_B,0.9953845639364624,0.06530998321906167,61.95167723286628,42.62514841058876,1.1136611631811635,,
algorithm_boundary_probe,Banchor_B,0.9953845739364624,0.06530998321906167,61.95168322426975,42.6251483715256,1.113661203249023,,
algorithm_boundary_probe,Banchor_B,0.9953845839364625,0.06530998321906167,61.951680911329696,42.62514838341695,1.113661191051826,,
algorithm_boundary_probe,Banchor_B,0.9999999480904841,0.06552361378354737,60.91132884549861,42.630332877071126,1.1083560293382264,,
algorithm_boundary_probe,Banchor_B,0.9999999580904841,0.06552361378354737,60.91132483665671,42.63033291340534,1.1083559922470372,,
algorithm_boundary_probe,Banchor_B,0.9999999680904842,0.06552361378354737,60.9113221471862,42.63033292455833,1.1083559808616903,,
algorithm_boundary_probe,Banchor_B,1.004615332244506,0.06582050414315307,59.69928056915109,42.635054700232736,1.103546299708949,,
algorithm_boundary_probe,Banchor_B,1.0046153422445059,0.06582050414315307,59.69928647310324,42.635054667831525,1.1035463326416646,,
algorithm_boundary_probe,Banchor_B,1.0046153522445058,0.06582050414315307,59.699284182648896,42.635054678631946,1.1035463216640728,,
algorithm_boundary_probe,Banchor_B,1.0092307163985277,0.06551151375734006,58.66601806112025,42.640502430205785,1.0980230748892303,,
algorithm_boundary_probe,Banchor_B,1.0092307263985276,0.06551151375734006,58.66599890569351,42.640502525000116,1.0980229790221543,,
algorithm_boundary_probe,Banchor_B,1.0092307363985276,0.06551151375734006,58.66599681404988,42.64050253558408,1.098022968318413,,
algorithm_boundary_probe,Banchor_B,1.0138461005525494,0.06508513842863306,57.72817654937726,42.64602398897539,1.0924532056170604,,
algorithm_boundary_probe,Banchor_B,1.0138461105525494,0.06508513842863306,57.72818241306475,42.64602395746995,1.0924532373174065,,
algorithm_boundary_probe,Banchor_B,1.0138461205525493,0.06508513842863306,57.72818052957302,42.646023967600804,1.092453227123877,,
algorithm_boundary_probe,Banchor_B,1.0184614847065712,0.06469754051285087,56.88297021948385,42.65127802465108,1.0871794359569358,,
algorithm_boundary_probe,Banchor_B,1.018461494706571,0.06469754051285087,56.88297517181029,42.65127799033516,1.087179470318469,,
algorithm_boundary_probe,Banchor_B,1.018461504706571,0.06469754051285087,56.882973473218684,42.65127800071096,1.0871794599288769,,
algorithm_boundary_probe,Banchor_B,1.023076868860593,0.0645236084631092,56.11835840697859,42.65632814970423,1.0821343402651664,,
algorithm_boundary_probe,Banchor_B,1.0230768788605928,0.0645236084631092,56.118344399838996,42.65632824201467,1.082134248260965,,
algorithm_boundary_probe,Banchor_B,1.0230768888605928,0.0645236084631092,56.11834272955258,42.656328251271184,1.0821342390351614,,
algorithm_boundary_probe,Banchor_B,1.0276922530146146,0.0638668010102262,55.36779241716104,42.66157252179868,1.0769199695421436,,
algorithm_boundary_probe,Banchor_B,1.0276922630146146,0.0638668010102262,55.3677952376119,42.66157249322623,1.0769199978825863,,
algorithm_boundary_probe,Banchor_B,1.0276922730146145,0.0638668010102262,55.36779406102783,42.66157250232094,1.0769199888617278,,
algorithm_boundary_probe,Banchor_B,1.0323076371686364,0.06246380402283932,54.842405200525306,42.66783651189496,1.0707247318013722,,
algorithm_boundary_probe,Banchor_B,1.0323076471686363,0.06246380402283932,54.842412379180246,42.66783648873548,1.070724754640648,,
algorithm_boundary_probe,Banchor_B,1.0323076571686363,0.06246380402283932,54.8424109006771,42.66783649724294,1.0707247462508174,,
algorithm_boundary_probe,Banchor_B,1.0369230213226581,0.061611645081288594,54.18303489908806,42.67302239629809,1.065622742048588,,
algorithm_boundary_probe,Banchor_B,1.036923031322658,0.061611645081288594,54.18302241983566,42.67302247094646,1.0656226687830952,,
algorithm_boundary_probe,Banchor_B,1.036923041322658,0.061611645081288594,54.18302127007497,42.673022479453195,1.0656226604339436,,
algorithm_boundary_probe,Banchor_B,1.0415384054766799,0.06039013888032166,53.66778841154095,42.67874740215561,1.0600185811221765,,
algorithm_boundary_probe,Banchor_B,1.0415384154766798,0.06039013888032166,53.66779088385157,42.67874737964859,1.0600186030960737,,
algorithm_boundary_probe,Banchor_B,1.0415384254766797,0.06039013888032166,53.66778996092864,42.678747387412685,1.0600185955158823,,
algorithm_boundary_probe,Banchor_B,1.0461537896307016,0.0589610001656963,53.259899281532235,42.684435237141656,1.0544799929230584,,
algorithm_boundary_probe,Banchor_B,1.0461537996307015,0.0589610001656963,53.259904324994814,42.684435215720036,1.054480013727994,,
algorithm_boundary_probe,Banchor_B,1.0461538096307015,0.0589610001656963,53.259903253300514,42.684435223179634,1.0544800064831468,,
algorithm_boundary_probe,Banchor_B,1.0507691737847233,0.057327057429716236,52.78795680780829,42.690284536671065,1.048814358467162,,
algorithm_boundary_probe,Banchor_B,1.0507691837847233,0.057327057429716236,52.787947549888855,42.690284602746715,1.048814294638502,,
algorithm_boundary_probe,Banchor_B,1.0507691937847232,0.057327057429716236,52.78794686763428,42.69028460999307,1.048814287638567,,
algorithm_boundary_probe,Banchor_B,1.055384557938745,0.05600219760794677,52.487839429510856,42.69557914340563,1.0437122519518574,,
algorithm_boundary_probe,Banchor_B,1.055384567938745,0.05600219760794677,52.48783991698829,42.695579123397614,1.0437122711854587,,
algorithm_boundary_probe,Banchor_B,1.055384577938745,0.05600219760794677,52.48783951705148,42.69557913019828,1.0437122646480108,,
algorithm_boundary_probe,Banchor_B,1.0599999420927668,0.05453499366075765,52.3170833591156,42.70087642171669,1.0386324096834347,,
algorithm_boundary_probe,Banchor_B,1.0599999520927668,0.05453499366075765,52.3170800173583,42.70087648091054,1.0386323530576647,,
algorithm_boundary_probe,Banchor_B,1.0599999620927667,0.05453499366075765,52.317079276173416,42.700876487339876,1.0386323469072616,,
algorithm_boundary_probe,Banchor_B,1.0646153262467886,0.05290490596231924,51.98879240433102,42.7062413366446,1.03351290612923,,
algorithm_boundary_probe,Banchor_B,1.0646153362467885,0.05290490596231924,51.988794540820024,42.70624131781747,1.033512924050785,,
algorithm_boundary_probe,Banchor_B,1.0646153462467884,0.05290490596231924,51.988793871025464,42.70624132372924,1.033512918423374,,
algorithm_boundary_probe,Banchor_B,1.0692307104008103,0.050651679850995446,51.6927625894284,42.712281378884406,1.0277793494289535,,
algorithm_boundary_probe,Banchor_B,1.0692307204008102,0.050651679850995446,51.692762398942776,42.712281363795235,1.0277793637126624,,
algorithm_boundary_probe,Banchor_B,1.0692307304008102,0.050651679850995446,51.69276207406786,42.71228136921165,1.0277793585853718,,
algorithm_boundary_probe,Banchor_B,1.073846094554832,0.04861612647563195,51.5536031954507,42.71777256241819,1.022594409213808,,
algorithm_boundary_probe,Banchor_B,1.073846104554832,0.04861612647563195,51.55360078147111,42.71777260978701,1.0225943645997524,,
algorithm_boundary_probe,Banchor_B,1.073846114554832,0.04861612647563195,51.55360055289471,42.71777261499135,1.02259435969808,,
algorithm_boundary_probe,Banchor_B,1.0784614787088538,0.04653686944244097,51.459920152995316,42.72323037572238,1.0174668974636278,,
algorithm_boundary_probe,Banchor_B,1.0784614887088537,0.04653686944244097,51.45992040435124,42.72323036227816,1.0174669100625033,,
algorithm_boundary_probe,Banchor_B,1.0784614987088537,0.04653686944244097,51.459920307411174,42.723230366677384,1.0174669059398929,,
algorithm_boundary_probe,Banchor_B,1.0830768628628755,0.04430787253399885,51.425560740741865,42.7285356406361,1.0125073457543172,,
algorithm_boundary_probe,Banchor_B,1.0830768728628755,0.04430787253399885,51.4255618482198,42.728535623724916,1.0125073615249094,,
algorithm_boundary_probe,Banchor_B,1.0830768828628754,0.04430787253399885,51.42556168007013,42.728535628488416,1.0125073570826895,,
algorithm_boundary_probe,Banchor_B,1.0876922470168973,0.04220096794089217,51.35699300278435,42.733829403526876,1.007582642964537,,
algorithm_boundary_probe,Banchor_B,1.0876922570168972,0.04220096794089217,51.35699188757863,42.73382944560888,1.0075826039116824,,
algorithm_boundary_probe,Banchor_B,1.0876922670168971,0.04220096794089217,51.35699173029248,42.733829449385446,1.0075826004069683,,
algorithm_boundary_probe,Banchor_B,1.092307631170919,0.03965413573483312,51.29350264897232,42.739314026845605,1.0025056483762271,,
algorithm_boundary_probe,Banchor_B,1.092307641170919,0.03965413573483312,51.29350256366627,42.73931401814632,1.0025056564086485,,
algorithm_boundary_probe,Banchor_B,1.0923076511709189,0.03965413573483312,51.293502547099195,42.739314021193124,1.0025056535953996,,
algorithm_boundary_probe,Banchor_B,1.0969230153249407,0.03675156683787392,51.29383486013941,42.74498303737706,0.9972848555069653,,
algorithm_boundary_probe,Banchor_B,1.0969230253249407,0.03675156683787392,51.29383189875918,42.744983025064,0.9972848668169186,,
algorithm_boundary_probe,Banchor_B,1.0969230353249406,0.03675156683787392,51.29383224849755,42.74498302841457,0.9972848637393096,,
algorithm_boundary_probe,Banchor_B,1.1015383994789625,0.03459122570207481,51.46220668747437,42.74970295332,0.9929588653477165,,
algorithm_boundary_probe,Banchor_B,1.1015384094789624,0.03459122570207481,51.46221022974426,42.74970298380246,0.992958837470022,,
algorithm_boundary_probe,Banchor_B,1.1015384194789624,0.03459122570207481,51.462210394975486,42.74970298606119,0.992958835404301,,
algorithm_boundary_probe,Banchor_B,1.1061537836329842,0.031717216274620014,51.54844024578096,42.75496729240522,0.9881560227878781,,
algorithm_boundary_probe,Banchor_B,1.1061537936329842,0.031717216274620014,51.548439831594926,42.75496728548957,0.9881560290819843,,
algorithm_boundary_probe,Banchor_B,1.106153803632984,0.031717216274620014,51.54843999204366,42.75496728769835,0.9881560270717176,,
algorithm_boundary_probe,Banchor_B,1.110769167787006,0.02918866530888244,51.628915022033596,42.75970050811083,0.9838575795146883,,
algorithm_boundary_probe,Banchor_B,1.110769177787006,0.02918866530888244,51.62891258182767,42.75970051026016,0.98385757756704,,
algorithm_boundary_probe,Banchor_B,1.1107691877870058,0.02918866530888244,51.62891296544802,42.759700511497556,0.9838575764457513,,
algorithm_boundary_probe,Banchor_B,1.1153845519410277,0.026053874500917257,51.81078173177411,42.764874557157896,0.9791801843953225,,
algorithm_boundary_probe,Banchor_B,1.1153845619410276,0.026053874500917257,51.810785689182154,42.76487456820722,0.9791801744304006,,
algorithm_boundary_probe,Banchor_B,1.1153845719410276,0.026053874500917257,51.8107858400534,42.764874569342204,0.9791801734068006,,
algorithm_boundary_probe,Banchor_B,1.1199999360950494,0.022855154212815212,51.886415021126986,42.77009500686773,0.974483379273474,,
algorithm_boundary_probe,Banchor_B,1.1199999460950494,0.022855154212815212,51.88641190231998,42.7700950078746,0.9744833783697698,,
algorithm_boundary_probe,Banchor_B,1.1199999560950493,0.022855154212815212,51.886412514350106,42.77009500822435,0.9744833780558584,,
algorithm_boundary_probe,Banchor_B,1.1246153202490712,0.01955163934127084,52.175960820065036,42.77510743231923,0.9699949339064436,,
algorithm_boundary_probe,Banchor_B,1.1246153302490711,0.01955163934127084,52.175962809297,42.7751074325334,0.9699949337151069,,
algorithm_boundary_probe,Banchor_B,1.124615340249071,0.01955163934127084,52.17596305029344,42.77510743275822,0.9699949335142528,,
algorithm_boundary_probe,Banchor_B,1.129230704403093,0.016089671600720234,52.292505780163,42.78029396583245,0.965372343211299,,
algorithm_boundary_probe,Banchor_B,1.1292307144030929,0.016089671600720234,52.29250705533997,42.78029396859777,0.9653723407525445,,
algorithm_boundary_probe,Banchor_B,1.1292307244030928,0.016089671600720234,52.292507760757594,42.78029396851549,0.9653723408257018,,
algorithm_boundary_probe,Banchor_B,1.1338460885571147,0.01297442973158389,52.6247706172144,42.78483030138845,0.9613473166226926,,
algorithm_boundary_probe,Banchor_B,1.1338460985571146,0.01297442973158389,52.62477008683004,42.784830308918174,0.9613473099556249,,
algorithm_boundary_probe,Banchor_B,1.1338461085571145,0.01297442973158389,52.62477054312238,42.784830307726345,0.9613473110109106,,
algorithm_boundary_probe,Banchor_B,1.1384614727111364,0.00893057986106241,52.840321129870055,42.79021673924148,0.9565897945739149,,
algorithm_boundary_probe,Banchor_B,1.1384614827111363,0.00893057986106241,52.8403184394351,42.790216742638066,0.9565897915813467,,
algorithm_boundary_probe,Banchor_B,1.1384614927111363,0.00893057986106241,52.84031902606458,42.790216741489544,0.956589792593258,,
algorithm_boundary_probe,Banchor_B,1.1430768568651581,0.004878008972821385,53.11777386655874,42.79563645072481,0.9518266463167764,,
algorithm_boundary_probe,Banchor_B,1.143076866865158,0.004878008972821385,53.11777943227183,42.79563644117102,0.9518266546922454,,
algorithm_boundary_probe,Banchor_B,1.143076876865158,0.004878008972821385,53.11777998358394,42.795636439902935,0.951826655803931,,
algorithm_boundary_probe,Banchor_B,1.1476922410191799,0.0016811021073891933,53.37755518924578,42.79974286305061,0.9482334986148607,,
algorithm_boundary_probe,Banchor_B,1.1476922510191798,0.0016811021073891933,53.377551436531384,42.79974287548068,0.9482334877589951,,
algorithm_boundary_probe,Banchor_B,1.1476922610191798,0.0016811021073891933,53.37755227761981,42.799742873043975,0.9482334898871081,,
algorithm_boundary_probe,Banchor_B,1.1523076251732016,-0.0025744840757198563,53.771600782567695,42.80486629692989,0.9437694612023245,,
algorithm_boundary_probe,Banchor_B,1.1523076351732016,-0.0025744840757198563,53.77159823524452,42.804866312195124,0.9437694479331175,,
algorithm_boundary_probe,Banchor_B,1.1523076451732015,-0.0025744840757198563,53.77159908257529,42.80486630910597,0.9437694506183456,,
algorithm_boundary_probe,Banchor_B,1.1569230093272234,-0.007066728689466181,54.16950687422482,42.8100344300816,0.9392877684682539,,
algorithm_boundary_probe,Banchor_B,1.1569230193272233,-0.007066728689466181,54.16951565075442,42.810034401967584,0.9392877927901414,,
algorithm_boundary_probe,Banchor_B,1.1569230293272232,-0.007066728689466181,54.169516207816585,42.810034399202415,0.9392877951823339,,
algorithm_boundary_probe,Banchor_B,1.161538393481245,-0.011051321830746395,54.43182631095395,42.81460929332802,0.9353383076277707,,
algorithm_boundary_probe,Banchor_B,1.161538403481245,-0.011051321830746395,54.4318220332625,42.81460931101218,0.9353382923932531,,
algorithm_boundary_probe,Banchor_B,1.161538413481245,-0.011051321830746395,54.43182292250602,42.81460930711867,0.9353382957474252,,
algorithm_boundary_probe,Banchor_B,1.1661537776352668,-0.015768499141154958,54.84806785747018,42.819738959007005,0.9309296341585548,,
algorithm_boundary_probe,Banchor_B,1.1661537876352668,-0.015768499141154958,54.848075865236815,42.819738925103316,0.9309296632281856,,
algorithm_boundary_probe,Banchor_B,1.1661537976352667,-0.015768499141154958,54.848076519908474,42.81973892111252,0.9309296666499677,,
algorithm_boundary_probe,Banchor_B,1.1707691617892886,-0.020164422120278164,55.15588106498526,42.82435216680286,0.9269825786159887,,
algorithm_boundary_probe,Banchor_B,1.1707691717892885,-0.020164422120278164,55.15587679540739,42.82435218469559,0.926982563339487,,
algorithm_boundary_probe,Banchor_B,1.1707691817892885,-0.020164422120278164,55.155877965311944,42.824352179503165,0.9269825677726896,,
algorithm_boundary_probe,Banchor_B,1.1753845459433103,-0.025401592915387263,55.702558424794965,42.82964576620843,0.9224739959662738,,
algorithm_boundary_probe,Banchor_B,1.1753845559433103,-0.025401592915387263,55.70255606396984,42.829645777817944,0.9224739861024841,,
algorithm_boundary_probe,Banchor_B,1.1753845659433102,-0.025401592915387263,55.70255708868609,42.82964577321631,0.9224739900121667,,
algorithm_boundary_probe,Banchor_B,1.179999930097332,-0.029113403578279566,56.18007080497336,42.83297469953862,0.9196499660478615,,
algorithm_boundary_probe,Banchor_B,1.179999940097332,-0.029113403578279566,56.18007989054562,42.83297466049885,0.9196499991156752,,
algorithm_boundary_probe,Banchor_B,1.179999950097332,-0.029113403578279566,56.18008096946453,42.83297465471566,0.9196500040142033,,
algorithm_boundary_probe,Banchor_B,1.1846153142513538,-0.03420725851835176,56.683971906483904,42.837779865869436,0.9155888445209561,,
algorithm_boundary_probe,Banchor_B,1.1846153242513537,-0.03420725851835176,56.68397094343704,42.837779884954024,0.9155888284271424,,
algorithm_boundary_probe,Banchor_B,1.1846153342513537,-0.03420725851835176,56.68397152919995,42.83777987904634,0.915588833409026,,
algorithm_boundary_probe,Banchor_B,1.1892306984053755,-0.039560047254959686,56.95999042762825,42.84290733812941,0.9112751001930316,,
algorithm_boundary_probe,Banchor_B,1.1892307084053755,-0.039560047254959686,56.959995025565206,42.842907311128904,0.9112751228549686,,
algorithm_boundary_probe,Banchor_B,1.1892307184053754,-0.039560047254959686,56.95999491871971,42.84290731025046,0.9112751235922595,,
algorithm_boundary_probe,Banchor_B,1.1938460825593973,-0.0435171488419614,56.929070972079955,42.84831337929123,0.90674900407842,,
algorithm_boundary_probe,Banchor_B,1.1938460925593972,-0.0435171488419614,56.92907121870354,42.848313372896044,0.9067490094193322,,
algorithm_boundary_probe,Banchor_B,1.1938461025593972,-0.0435171488419614,56.92907084610028,42.848313371320145,0.9067490107354426,,
algorithm_boundary_probe,Banchor_B,1.198461466713419,-0.048287342516095094,56.782736338376246,42.854592596882604,0.9015200712630984,,
algorithm_boundary_probe,Banchor_B,1.198461476713419,-0.048287342516095094,56.78273765676453,42.854592599703764,0.9015200689206059,,
algorithm_boundary_probe,Banchor_B,1.198461486713419,-0.048287342516095094,56.782737308696944,42.854592598540194,0.9015200698867523,,
algorithm_boundary_probe,Banchor_B,1.2030768508674408,-0.05245804493092672,56.640221699924176,42.86018006163741,0.8968925453094394,,
algorithm_boundary_probe,Banchor_B,1.2030768608674407,-0.05245804493092672,56.64021794460174,42.86018007816881,0.8968925316533684,,
algorithm_boundary_probe,Banchor_B,1.2030768708674406,-0.05245804493092672,56.64021814720929,42.86018007571389,0.8968925336812945,,
algorithm_boundary_probe,Banchor_B,1.2076922350214625,-0.05787659210432426,56.75589642810927,42.867002531457,0.8912743874477734,,
algorithm_boundary_probe,Banchor_B,1.2076922450214624,-0.05787659210432426,56.755900003526904,42.86700251042977,0.8912744047088974,,
algorithm_boundary_probe,Banchor_B,1.2076922550214624,-0.05787659210432426,56.755899830794185,42.867002507982185,0.8912744067181088,,
algorithm_boundary_probe,Banchor_B,1.2123076191754842,-0.06308678644079878,56.697687511005995,42.87351893981856,0.885941127294198,,
algorithm_boundary_probe,Banchor_B,1.2123076291754842,-0.06308678644079878,56.697685798044915,42.87351894748154,0.8859411210413435,,
algorithm_boundary_probe,Banchor_B,1.2123076391754841,-0.06308678644079878,56.697686033457025,42.87351894507323,0.885941123006486,,
algorithm_boundary_probe,Banchor_B,1.216923003329506,-0.06787941841831358,56.82850092729614,42.87944105164752,0.8811219460150445,,
algorithm_boundary_probe,Banchor_B,1.216923013329506,-0.06787941841831358,56.82850197988466,42.879441061461186,0.8811219380508294,,
algorithm_boundary_probe,Banchor_B,1.2169230233295059,-0.06787941841831358,56.828502108644464,42.879441058868274,0.8811219401550893,,
algorithm_boundary_probe,Banchor_B,1.2215383874835277,-0.07200813015412705,56.906797320111245,42.8843060743565,0.8771826018150292,,
algorithm_boundary_probe,Banchor_B,1.2215383974835277,-0.07200813015412705,56.90679895727307,42.88430605427086,0.8771826180425245,,
algorithm_boundary_probe,Banchor_B,1.2215384074835276,-0.07200813015412705,56.906799242662814,42.88430605085894,0.8771826207990665,,
algorithm_boundary_probe,Banchor_B,1.2261537716375495,-0.07775932243668414,57.06317668852561,42.89117422589277,0.8716512325558882,,
algorithm_boundary_probe,Banchor_B,1.2261537816375494,-0.07775932243668414,57.06317374606777,42.89117423843157,0.8716512224894819,,
algorithm_boundary_probe,Banchor_B,1.2261537916375493,-0.07775932243668414,57.06317438498235,42.891174234801674,0.8716512254036347,,
algorithm_boundary_probe,Banchor_B,1.2307691557915712,-0.0834712512866926,57.37788687867612,42.89788098824965,0.8662835022802298,,
algorithm_boundary_probe,Banchor_B,1.2307691657915711,-0.0834712512866926,57.37789081444517,42.897880996438424,0.8662834957466004,,
algorithm_boundary_probe,Banchor_B,1.230769175791571,-0.0834712512866926,57.37789097679702,42.89788099315112,0.8662834983694662,,
algorithm_boundary_probe,Banchor_B,1.235384539945593,-0.08787113293912795,57.470695215539266,42.90281684111258,0.8623542389784752,,
algorithm_boundary_probe,Banchor_B,1.2353845499455929,-0.08787113293912795,57.470695514981884,42.902816816936586,0.8623542581804469,,
algorithm_boundary_probe,Banchor_B,1.2353845599455928,-0.08787113293912795,57.470696290242145,42.90281681240348,0.8623542617809012,,
algorithm_boundary_probe,Banchor_B,1.2399999240996147,-0.09379109407386534,57.85240595178659,42.909406691619964,0.8571360519404259,,
algorithm_boundary_probe,Banchor_B,1.2399999340996146,-0.09379109407386534,57.852407499395234,42.90940670184213,0.8571360438705259,,
algorithm_boundary_probe,Banchor_B,1.2399999440996146,-0.09379109407386534,57.85240780128965,42.9094066978931,0.8571360469880942,,
algorithm_boundary_probe,Banchor_B,1.2446153082536364,-0.09889612842055297,58.00964044450527,42.91506988978183,0.852676871428221,,
algorithm_boundary_probe,Banchor_B,1.2446153182536364,-0.09889612842055297,58.00963702065431,42.91506991158317,0.852676854306662,,
algorithm_boundary_probe,Banchor_B,1.2446153282536363,-0.09889612842055297,58.00963758906736,42.91506990687094,0.8526768580073865,,
algorithm_boundary_probe,Banchor_B,1.2492306924076582,-0.10473297274353165,58.29321356079592,42.92145374499427,0.8476780566374663,,
algorithm_boundary_probe,Banchor_B,1.249230702407658,-0.10473297274353165,58.293219129261345,42.921453705431645,0.8476780875256044,,
algorithm_boundary_probe,Banchor_B,1.249230712407658,-0.10473297274353165,58.29321983923617,42.92145370043298,0.8476780914282649,,
algorithm_boundary_probe,Banchor_B,1.25384607656168,-0.11025937448161095,58.63979680300742,42.9272491699458,0.8431653891104253,,
algorithm_boundary_probe,Banchor_B,1.2538460865616798,-0.11025937448161095,58.63979200083073,42.92724918902674,0.84316537429248,,
algorithm_boundary_probe,Banchor_B,1.2538460965616798,-0.11025937448161095,58.63979307039732,42.927249183663896,0.8431653784571749,,
algorithm_boundary_probe,Banchor_B,1.2584614607157016,-0.11648124998337414,59.157550925796826,42.9338974184786,0.8380182402790762,,
algorithm_boundary_probe,Banchor_B,1.2584614707157016,-0.11648124998337414,59.15755237067946,42.93389743309832,0.8380182289949437,,
algorithm_boundary_probe,Banchor_B,1.2584614807157015,-0.11648124998337414,59.157553125869406,42.933897427967224,0.8380182329553488,,
algorithm_boundary_probe,Banchor_B,1.2630768448697234,-0.12185173397229745,59.523123123362026,42.939403148712714,0.8337794356572606,,
algorithm_boundary_probe,Banchor_B,1.2630768548697233,-0.12185173397229745,59.52312915171169,42.93940310790515,0.8337794669949883,,
algorithm_boundary_probe,Banchor_B,1.2630768648697233,-0.12185173397229745,59.52313023998986,42.93940310199424,0.8337794715342113,,
algorithm_boundary_probe,Banchor_B,1.2676922290237451,-0.12808488456704092,60.047554077003966,42.945814434166586,0.8288704660069092,,
algorithm_boundary_probe,Banchor_B,1.267692239023745,-0.12808488456704092,60.047551550954026,42.94581445104408,0.8288704531223299,,
algorithm_boundary_probe,Banchor_B,1.267692249023745,-0.12808488456704092,60.04755259359576,42.94581444538,0.8288704574463855,,
algorithm_boundary_probe,Banchor_B,1.2723076131777669,-0.13355942109563748,60.5494292009465,42.95122762776811,0.8247482218012657,,
algorithm_boundary_probe,Banchor_B,1.2723076231777668,-0.13355942109563748,60.54943907398187,42.951227579676576,0.8247482583326179,,
algorithm_boundary_probe,Banchor_B,1.2723076331777667,-0.13355942109563748,60.549440208229015,42.95122757308615,0.8247482633388413,,
algorithm_boundary_probe,Banchor_B,1.2769229973317886,-0.14015496283013565,61.09284950784561,42.95785438156827,0.8197297299069067,,
algorithm_boundary_probe,Banchor_B,1.2769230073317885,-0.14015496283013565,61.092845192362766,42.95785440354779,0.8197297133123899,,
algorithm_boundary_probe,Banchor_B,1.2769230173317885,-0.14015496283013565,61.09284649236257,42.957854396791056,0.8197297184137179,,
algorithm_boundary_probe,Banchor_B,1.2815383814858103,-0.14617848545821957,61.71378457938286,42.96356506878754,0.8154294858575246,,
algorithm_boundary_probe,Banchor_B,1.2815383914858103,-0.14617848545821957,61.713781738981424,42.96356508663708,0.8154294724518346,,
algorithm_boundary_probe,Banchor_B,1.2815384014858102,-0.14617848545821957,61.71378296088975,42.96356508029118,0.8154294772178494,,
algorithm_boundary_probe,Banchor_B,1.286153765639832,-0.15211749022213797,62.29709874228447,42.969340416556854,0.8111034942273887,,
algorithm_boundary_probe,Banchor_B,1.286153775639832,-0.15211749022213797,62.2971106602536,42.96934036388246,0.8111035335780026,,
algorithm_boundary_probe,Banchor_B,1.286153785639832,-0.15211749022213797,62.29711167364742,42.969340356179444,0.8111035393325712,,
algorithm_boundary_probe,Banchor_B,1.2907691497938538,-0.15895906058762022,62.78507219925213,42.975811099935754,0.8062839207247481,,
algorithm_boundary_probe,Banchor_B,1.2907691597938538,-0.15895906058762022,62.785065459002226,42.97581112369444,0.8062839030811928,,
algorithm_boundary_probe,Banchor_B,1.2907691697938537,-0.15895906058762022,62.7850671015034,42.97581111614409,0.8062839086882027,,
algorithm_boundary_probe,Banchor_B,1.2953845339478756,-0.16592847488169818,63.5667026507249,42.98254050089492,0.80130202194235,,
algorithm_boundary_probe,Banchor_B,1.2953845439478755,-0.16592847488169818,63.566702568877325,42.98254052570128,0.8013020036346031,,
algorithm_boundary_probe,Banchor_B,1.2953845539478754,-0.16592847488169818,63.5667037731836,42.98254051810622,0.8013020092399578,,
algorithm_boundary_probe,Aanchor_A,0.7046153622330927,-0.17205135665709953,290.1977783398518,42.400645257962985,1.369475716554816,,
algorithm_boundary_probe,Aanchor_A,0.7046153722330928,-0.17205135665709953,290.19781289319025,42.40064517247406,1.3694758243848835,,
algorithm_boundary_probe,Aanchor_A,0.7046153822330928,-0.17205135665709953,290.1978022214333,42.400645199327286,1.3694757905140047,,
algorithm_boundary_probe,Aanchor_A,0.7092307463871145,-0.16552189285342217,285.28817221416995,42.40344029316516,1.365954778287169,,
algorithm_boundary_probe,Aanchor_A,0.7092307563871145,-0.16552189285342217,285.288141497818,42.40344036708086,1.3659546852945041,,
algorithm_boundary_probe,Aanchor_A,0.7092307663871146,-0.16552189285342217,285.2881314516796,42.40344039419419,1.365954651183468,,
algorithm_boundary_probe,Aanchor_A,0.7138461305411362,-0.1582698890880677,280.6688280457307,42.405295872747345,1.363622284348772,,
algorithm_boundary_probe,Aanchor_A,0.7138461405411363,-0.1582698890880677,280.66880064072814,42.40529594817064,1.363622189621446,,
algorithm_boundary_probe,Aanchor_A,0.7138461505411363,-0.1582698890880677,280.66879034630074,42.40529597497351,1.363622155958584,,
algorithm_boundary_probe,Aanchor_A,0.718461514695158,-0.15158664999797755,275.93429429699376,42.40784590872367,1.3604233437915274,,
algorithm_boundary_probe,Aanchor_A,0.718461524695158,-0.15158664999797755,275.93426578584075,42.407845982130354,1.360423251813231,,
algorithm_boundary_probe,Aanchor_A,0.718461534695158,-0.15158664999797755,275.93425538296486,42.4078460081349,1.3604232192296477,,
algorithm_boundary_probe,Aanchor_A,0.7230768988491797,-0.14543285003048056,271.14711151633463,42.41080558045588,1.3567199363047862,,
algorithm_boundary_probe,Aanchor_A,0.7230769088491797,-0.14543285003048056,271.1471471133206,42.41080549903938,1.3567200380416555,,
algorithm_boundary_probe,Aanchor_A,0.7230769188491798,-0.14543285003048056,271.14713592656295,42.41080552453398,1.3567200061839753,,
algorithm_boundary_probe,Aanchor_A,0.7276922830032014,-0.1398735438828011,266.0007955138921,42.4144055747928,1.3522288861571907,,
algorithm_boundary_probe,Aanchor_A,0.7276922930032015,-0.1398735438828011,266.00076387567634,42.41440564549189,1.352228798105095,,
algorithm_boundary_probe,Aanchor_A,0.7276923030032015,-0.1398735438828011,266.0007534244332,42.414405671055874,1.352228766266466,,
algorithm_boundary_probe,Aanchor_A,0.7323076671572232,-0.13370706539506633,261.1919666800627,42.41714346462845,1.3488232802095064,,
algorithm_boundary_probe,Aanchor_A,0.7323076771572232,-0.13370706539506633,261.19193795172214,42.41714353567916,1.3488231919423528,,
algorithm_boundary_probe,Aanchor_A,0.7323076871572233,-0.13370706539506633,261.19192764574865,42.417143561586144,1.348823159757796,,
algorithm_boundary_probe,Aanchor_A,0.7369230513112449,-0.12687834462827471,256.4495545557188,42.41906449325264,1.3464388730336947,,
algorithm_boundary_probe,Aanchor_A,0.736923061311245,-0.12687834462827471,256.44958952143594,42.41906441395209,1.346438971375582,,
algorithm_boundary_probe,Aanchor_A,0.736923071311245,-0.12687834462827471,256.4495786659631,42.41906443896012,1.3464389403627253,,
algorithm_boundary_probe,Aanchor_A,0.7415384354652667,-0.12116205083513397,251.4561428718948,42.42220899543024,1.3425449669481553,,
algorithm_boundary_probe,Aanchor_A,0.7415384454652667,-0.12116205083513397,251.45611322971243,42.422209065512575,1.342544880289277,,
algorithm_boundary_probe,Aanchor_A,0.7415384554652668,-0.12116205083513397,251.45610233465763,42.42220909020701,1.3425448497538766,,
algorithm_boundary_probe,Aanchor_A,0.7461538196192884,-0.11519219890056394,246.44820263452146,42.4248346999265,1.3393021283499815,,
algorithm_boundary_probe,Aanchor_A,0.7461538296192884,-0.11519219890056394,246.44817272528974,42.42483476839237,1.3393020438943923,,
algorithm_boundary_probe,Aanchor_A,0.7461538396192885,-0.11519219890056394,246.4481617223313,42.424834793250284,1.3393020132310953,,
algorithm_boundary_probe,Aanchor_A,0.7507692037733101,-0.10893419770885986,241.38926984413496,42.427116751887624,1.3364900757665845,,
algorithm_boundary_probe,Aanchor_A,0.7507692137733102,-0.10893419770885986,241.38930484147363,42.42711667341673,1.3364901723605618,,
algorithm_boundary_probe,Aanchor_A,0.7507692237733102,-0.10893419770885986,241.3892938891214,42.427116698092505,1.336490141985842,,
algorithm_boundary_probe,Aanchor_A,0.7553845879273319,-0.10207874917532235,236.3539906372545,42.4284371486777,1.334865717490424,,
algorithm_boundary_probe,Aanchor_A,0.7553845979273319,-0.10207874917532235,236.35395912382108,42.428437218587014,1.334865631539955,,
algorithm_boundary_probe,Aanchor_A,0.755384607927332,-0.10207874917532235,236.35394880117136,42.42843724275856,1.3348656018220808,,
algorithm_boundary_probe,Aanchor_A,0.7599999720813536,-0.09727264399751188,231.60572608508576,42.43253716392428,1.329834431710128,,
algorithm_boundary_probe,Aanchor_A,0.7599999820813537,-0.09727264399751188,231.60569795517307,42.4325372310045,1.3298343495487521,,
algorithm_boundary_probe,Aanchor_A,0.7599999920813537,-0.09727264399751188,231.6056873862767,42.4325372551968,1.3298343199174756,,
algorithm_boundary_probe,Aanchor_A,0.7646153562353754,-0.09061417929016845,226.7447962996474,42.433923857418854,1.3281370620995185,,
algorithm_boundary_probe,Aanchor_A,0.7646153662353754,-0.09061417929016845,226.74476632609492,42.43392392357273,1.3281369811761656,,
algorithm_boundary_probe,Aanchor_A,0.7646153762353755,-0.09061417929016845,226.74475485605046,42.4339239467676,1.3281369528028248,,
algorithm_boundary_probe,Aanchor_A,0.7692307403893971,-0.08625100244478404,221.4751756657481,42.43822755745331,1.3228829405696823,,
algorithm_boundary_probe,Aanchor_A,0.7692307503893971,-0.08625100244478404,221.4752083382521,42.43822748172194,1.322883032842315,,
algorithm_boundary_probe,Aanchor_A,0.7692307603893972,-0.08625100244478404,221.4751980755358,42.43822750544494,1.3228830039377326,,
algorithm_boundary_probe,Aanchor_A,0.7738461245434188,-0.0802083231142795,216.762514082339,42.44030401877737,1.3203553558783616,,
algorithm_boundary_probe,Aanchor_A,0.7738461345434189,-0.0802083231142795,216.76248689285845,42.44030408466059,1.3203552757582906,,
algorithm_boundary_probe,Aanchor_A,0.7738461445434189,-0.0802083231142795,216.7624760834108,42.440304108391615,1.3203552468991806,,
algorithm_boundary_probe,Aanchor_A,0.7784615086974406,-0.07434268866506412,211.79790210761576,42.44264716371093,1.3175089480892344,,
algorithm_boundary_probe,Aanchor_A,0.7784615186974406,-0.07434268866506412,211.79787242410146,42.44264722922106,1.3175088685946215,,
algorithm_boundary_probe,Aanchor_A,0.7784615286974407,-0.07434268866506412,211.79786157818853,42.442647251694986,1.3175088413231757,,
algorithm_boundary_probe,Aanchor_A,0.7830768928514623,-0.06944226012041027,206.81381378468572,42.44582800575554,1.3136547383570192,,
algorithm_boundary_probe,Aanchor_A,0.7830769028514624,-0.06944226012041027,206.81384722710447,42.44582793326636,1.3136548260631884,,
algorithm_boundary_probe,Aanchor_A,0.7830769128514624,-0.06944226012041027,206.81383669679113,42.44582795594812,1.3136547986200509,,
algorithm_boundary_probe,Aanchor_A,0.787692277005484,-0.06518770481905976,201.97399165630205,42.45005654980747,1.3085484852082891,,
algorithm_boundary_probe,Aanchor_A,0.7876922870054841,-0.06518770481905976,201.9739622608929,42.45005661300604,1.3085484090402595,,
algorithm_boundary_probe,Aanchor_A,0.7876922970054842,-0.06518770481905976,201.97395204312062,42.450056635665284,1.3085483817309393,,
algorithm_boundary_probe,Aanchor_A,0.7923076611595058,-0.05941047327055352,197.2803667641087,42.45202906508733,1.3061733330774354,,
algorithm_boundary_probe,Aanchor_A,0.7923076711595058,-0.05941047327055352,197.28033885083323,42.452029128066336,1.3061732573117941,,
algorithm_boundary_probe,Aanchor_A,0.7923076811595059,-0.05941047327055352,197.28032841856597,42.45202915056595,1.3061732302440838,,
algorithm_boundary_probe,Aanchor_A,0.7969230453135275,-0.054257621869425544,192.48737556906772,42.4548463144636,1.3027884906477274,,
algorithm_boundary_probe,Aanchor_A,0.7969230553135276,-0.054257621869425544,192.48740934475077,42.45484624270567,1.3027885767509766,,
algorithm_boundary_probe,Aanchor_A,0.7969230653135276,-0.054257621869425544,192.48739883450034,42.45484626521286,1.302788549744316,,
algorithm_boundary_probe,Aanchor_A,0.8015384294675493,-0.049041333142297035,187.66326996919793,42.45757506433588,1.2995183405577162,,
algorithm_boundary_probe,Aanchor_A,0.8015384394675493,-0.049041333142297035,187.66324114807887,42.4575751276189,1.2995182648142227,,
algorithm_boundary_probe,Aanchor_A,0.8015384494675494,-0.049041333142297035,187.66323076663772,42.45757514990349,1.2995182381417902,,
algorithm_boundary_probe,Aanchor_A,0.806153813621571,-0.04389006071484147,182.89638217710038,42.46029637906644,1.296265275741711,,
algorithm_boundary_probe,Aanchor_A,0.8061538236215711,-0.04389006071484147,182.89635391866798,42.4602964419129,1.2962652007090416,,
algorithm_boundary_probe,Aanchor_A,0.8061538336215711,-0.04389006071484147,182.89634345375492,42.460296463308424,1.2962651751648377,,
algorithm_boundary_probe,Aanchor_A,0.8107691977755928,-0.03950164891844415,178.09234088081587,42.463729707727886,1.2921726836415808,,
algorithm_boundary_probe,Aanchor_A,0.8107692077755928,-0.03950164891844415,178.09237300251326,42.463729639384596,1.2921727649793249,,
algorithm_boundary_probe,Aanchor_A,0.8107692177755929,-0.03950164891844415,178.0923628252024,42.46372966081675,1.29217273947216,,
algorithm_boundary_probe,Aanchor_A,0.8153845819296145,-0.0347434960826646,173.42226603085655,42.46663597582916,1.2887184573367056,,
algorithm_boundary_probe,Aanchor_A,0.8153845919296145,-0.0347434960826646,173.42223764005718,42.46663603714186,1.2887183845613879,,
algorithm_boundary_probe,Aanchor_A,0.8153846019296146,-0.0347434960826646,173.422227736236,42.466636058112655,1.2887183596700253,,
algorithm_boundary_probe,Aanchor_A,0.8199999660836362,-0.03086105738679014,168.8744029821875,42.47061686912681,1.284001973718448,,
algorithm_boundary_probe,Aanchor_A,0.8199999760836363,-0.03086105738679014,168.87437641126232,42.470616926933396,1.284001905355827,,
algorithm_boundary_probe,Aanchor_A,0.8199999860836363,-0.03086105738679014,168.8743662771077,42.470616948219984,1.2840018801821098,,
algorithm_boundary_probe,Aanchor_A,0.824615350237658,-0.025456452261049384,164.23101097011565,42.47250496697958,1.2817710315890722,,
algorithm_boundary_probe,Aanchor_A,0.824615360237658,-0.025456452261049384,164.2309833622273,42.47250502609549,1.2817709617994986,,
algorithm_boundary_probe,Aanchor_A,0.8246153702376581,-0.025456452261049384,164.23097410458692,42.47250504739565,1.2817709366534973,,
algorithm_boundary_probe,Aanchor_A,0.8292307343916797,-0.019722185691454727,159.98715435254869,42.473911992701936,1.2801110365335318,,
algorithm_boundary_probe,Aanchor_A,0.8292307443916798,-0.019722185691454727,159.98718825271393,42.47391192767181,1.2801111132057381,,
algorithm_boundary_probe,Aanchor_A,0.8292307543916798,-0.019722185691454727,159.9871779571751,42.47391194826615,1.2801110889244782,,
algorithm_boundary_probe,Aanchor_A,0.8338461185457015,-0.015544555990745315,155.26845698632746,42.477285718704074,1.2761395000192937,,
algorithm_boundary_probe,Aanchor_A,0.8338461285457015,-0.015544555990745315,155.2684263337053,42.47728577686012,1.2761394316645471,,
algorithm_boundary_probe,Aanchor_A,0.8338461385457016,-0.015544555990745315,155.26841727168235,42.47728579712478,1.276139407846117,,
algorithm_boundary_probe,Aanchor_A,0.8384615026997232,-0.011494797501021748,151.11323383684055,42.48069306272733,1.2721408948292863,,
algorithm_boundary_probe,Aanchor_A,0.8384615126997232,-0.011494797501021748,151.1132092526514,42.48069311876198,1.2721408291743281,,
algorithm_boundary_probe,Aanchor_A,0.8384615226997233,-0.011494797501021748,151.11319998809563,42.480693139530395,1.272140804840283,,
algorithm_boundary_probe,Aanchor_A,0.8430768868537449,-0.007187631758032562,146.86782798422857,42.48395536646835,1.2683242390713563,,
algorithm_boundary_probe,Aanchor_A,0.843076896853745,-0.007187631758032562,146.86785922790497,42.48395530540922,1.2683243103987898,,
algorithm_boundary_probe,Aanchor_A,0.843076906853745,-0.007187631758032562,146.86784965334616,42.483955325101064,1.2683242873953708,,
algorithm_boundary_probe,Aanchor_A,0.8476922710077667,-0.0036059167449516622,142.48308204636555,42.487789581448894,1.263853124334841,,
algorithm_boundary_probe,Aanchor_A,0.8476922810077667,-0.0036059167449516622,142.48305505047358,42.48778963639786,1.2638530603713958,,
algorithm_boundary_probe,Aanchor_A,0.8476922910077668,-0.0036059167449516622,142.48304592460332,42.48778965608716,1.2638530374520391,,
algorithm_boundary_probe,Aanchor_A,0.8523076551617884,0.00048303465721312975,138.30104309694008,42.49087438017912,1.2602673553521806,,
algorithm_boundary_probe,Aanchor_A,0.8523076651617885,0.00048303465721312975,138.30101759770068,42.49087443517392,1.2602672915170183,,
algorithm_boundary_probe,Aanchor_A,0.8523076751617885,0.00048303465721312975,138.30100908752988,42.49087445467903,1.2602672688764756,,
algorithm_boundary_probe,Aanchor_A,0.8569230393158102,0.004118602674267184,134.4019224393694,42.494540855942574,1.2560186746252737,,
algorithm_boundary_probe,Aanchor_A,0.8569230493158102,0.004118602674267184,134.40195227090317,42.49454079255237,1.2560187479573461,,
algorithm_boundary_probe,Aanchor_A,0.8569230593158103,0.004118602674267184,134.40194331613895,42.494540812294325,1.2560187251191388,,
algorithm_boundary_probe,Aanchor_A,0.8615384234698319,0.008507166540379125,130.30316812396575,42.49721021390529,1.2529344583024706,,
algorithm_boundary_probe,Aanchor_A,0.8615384334698319,0.008507166540379125,130.30314417178133,42.4972102727179,1.2529343904330001,,
algorithm_boundary_probe,Aanchor_A,0.861538443469832,0.008507166540379125,130.30313524477975,42.49721029143525,1.2529343688332646,,
algorithm_boundary_probe,Aanchor_A,0.8661538076238536,0.011221584412585294,126.2207261680362,42.50187213359586,1.2475661583874682,,
algorithm_boundary_probe,Aanchor_A,0.8661538176238537,0.011221584412585294,126.22070069842478,42.50187218393885,1.247566100540816,,
algorithm_boundary_probe,Aanchor_A,0.8661538276238537,0.011221584412585294,126.22069258062473,42.50187220364031,1.2475660779028361,,
algorithm_boundary_probe,Aanchor_A,0.8707691917778754,0.01587542716698675,122.50521100666937,42.50413183991538,1.244972340966256,,
algorithm_boundary_probe,Aanchor_A,0.8707692017778754,0.01587542716698675,122.50518891103476,42.50413189477961,1.2449722780555343,,
algorithm_boundary_probe,Aanchor_A,0.8707692117778755,0.01587542716698675,122.50518080113206,42.504131913111884,1.2449722570346147,,
algorithm_boundary_probe,Aanchor_A,0.8753845759318971,0.018316298766170983,118.8009209426666,42.50901700007532,1.239383297026363,,
algorithm_boundary_probe,Aanchor_A,0.8753845859318972,0.018316298766170983,118.80094728614516,42.50901694255116,1.239383362691005,,
algorithm_boundary_probe,Aanchor_A,0.8753845959318972,0.018316298766170983,118.8009391104264,42.50901696067308,1.239383342004578,,
algorithm_boundary_probe,Aanchor_A,0.8799999600859189,0.021478413326816864,115.06154276037662,42.51274407421176,1.2351360829773441,,
algorithm_boundary_probe,Aanchor_A,0.8799999700859189,0.021478413326816864,115.06152078745114,42.51274412331495,1.2351360271174396,,
algorithm_boundary_probe,Aanchor_A,0.879999980085919,0.021478413326816864,115.0615126559911,42.51274414200666,1.2351360058537122,,
algorithm_boundary_probe,Aanchor_A,0.8846153442399406,0.02498347478112581,111.34783415563581,42.5162312276195,1.231175452740711,,
algorithm_boundary_probe,Aanchor_A,0.8846153542399406,0.02498347478112581,111.34781170287306,42.51623128002502,1.231175393315238,,
algorithm_boundary_probe,Aanchor_A,0.8846153642399407,0.02498347478112581,111.34780429415692,42.516231298187584,1.2311753727197152,,
algorithm_boundary_probe,Aanchor_A,0.8892307283939623,0.02815011383483952,107.96057089735784,42.519970430811654,1.2269426593759105,,
algorithm_boundary_probe,Aanchor_A,0.8892307383939624,0.02815011383483952,107.96059460672498,42.51997037680875,1.2269427204022116,,
algorithm_boundary_probe,Aanchor_A,0.8892307483939624,0.02815011383483952,107.9605872336129,42.51997039419345,1.2269427007565328,,
algorithm_boundary_probe,Aanchor_A,0.8938461125479841,0.03042242059569539,104.59477903347923,42.52466708653545,1.2216466385937867,,
algorithm_boundary_probe,Aanchor_A,0.8938461225479841,0.03042242059569539,104.59475828764415,42.52466713271081,1.221646586638282,,
algorithm_boundary_probe,Aanchor_A,0.8938461325479842,0.03042242059569539,104.59475132038344,42.524667150849034,1.221646566229552,,
algorithm_boundary_probe,Aanchor_A,0.8984614967020058,0.034012416645225606,101.41155238586393,42.527770300931394,1.2181599547398407,,
algorithm_boundary_probe,Aanchor_A,0.8984615067020059,0.034012416645225606,101.41153395542241,42.52777035264272,1.2181598967214533,,
algorithm_boundary_probe,Aanchor_A,0.8984615167020059,0.034012416645225606,101.4115267926421,42.52777036989263,1.218159877367631,,
algorithm_boundary_probe,Aanchor_A,0.9030768808560276,0.036883228342217356,98.14514458982701,42.531524357266825,1.2139553014594624,,
algorithm_boundary_probe,Aanchor_A,0.9030768908560276,0.036883228342217356,98.14516766751906,42.531524305092724,1.2139553597950232,,
algorithm_boundary_probe,Aanchor_A,0.9030769008560277,0.036883228342217356,98.14516053990191,42.53152432185772,1.213955341050179,,
algorithm_boundary_probe,Aanchor_A,0.9076922650100493,0.03919103925685802,94.89577167049573,42.535882085628145,1.2090927156655285,,
algorithm_boundary_probe,Aanchor_A,0.9076922750100493,0.03919103925685802,94.8957494957802,42.53588213204176,1.2090926639786037,,
algorithm_boundary_probe,Aanchor_A,0.9076922850100494,0.03919103925685802,94.8957433071429,42.53588214891849,1.209092645184424,,
algorithm_boundary_probe,Aanchor_A,0.912307649164071,0.04163337239399495,92.07287110739931,42.540093158699705,1.204412281727128,,
algorithm_boundary_probe,Aanchor_A,0.9123076591640711,0.04163337239399495,92.07285486414926,42.540093205767846,1.2044122295142166,,
algorithm_boundary_probe,Aanchor_A,0.9123076691640711,0.04163337239399495,92.07284858247534,42.54009322261372,1.204412210827005,,
algorithm_boundary_probe,Aanchor_A,0.9169230333180928,0.04407515472463155,89.20762275784756,42.54429228397372,1.1997631684030254,,
algorithm_boundary_probe,Aanchor_A,0.9169230433180928,0.04407515472463155,89.2076424310264,42.54429223219066,1.1997632256244841,,
algorithm_boundary_probe,Aanchor_A,0.9169230533180929,0.04407515472463155,89.20763628124737,42.54429224875007,1.1997632073259576,,
algorithm_boundary_probe,Aanchor_A,0.9215384174721145,0.047083203065627396,86.40415018207759,42.54752710915161,1.1961939328055984,,
algorithm_boundary_probe,Aanchor_A,0.9215384274721146,0.047083203065627396,86.4041350407508,42.54752715723059,1.196193879835285,,
algorithm_boundary_probe,Aanchor_A,0.9215384374721146,0.047083203065627396,86.40412871343337,42.54752717339476,1.1961938620266435,,
algorithm_boundary_probe,Aanchor_A,0.9261538016261363,0.04887341841733338,83.52329448191571,42.5523716795812,1.1908683885811073,,
algorithm_boundary_probe,Aanchor_A,0.9261538116261363,0.04887341841733338,83.52327501188263,42.5523717260971,1.1908683375610585,,
algorithm_boundary_probe,Aanchor_A,0.9261538216261364,0.04887341841733338,83.52326975252187,42.55237174175436,1.1908683203877055,,
algorithm_boundary_probe,Aanchor_A,0.930769185780158,0.05043656146493404,81.12838301779313,42.55731358180898,1.1854602776590955,,
algorithm_boundary_probe,Aanchor_A,0.930769195780158,0.05043656146493404,81.1283693225598,42.55731362527234,1.1854602302036497,,
algorithm_boundary_probe,Aanchor_A,0.9307692057801581,0.05043656146493404,81.12836369002805,42.55731364105352,1.185460212972987,,
algorithm_boundary_probe,Aanchor_A,0.9353845699341797,0.0520511360739428,78.56805645067979,42.56223786676547,1.180095874889427,,
algorithm_boundary_probe,Aanchor_A,0.9353845799341798,0.0520511360739428,78.56807186380382,42.56223781948298,1.18009592628117,,
algorithm_boundary_probe,Aanchor_A,0.9353845899341798,0.0520511360739428,78.56806679280683,42.56223783468829,1.1800959097543886,,
algorithm_boundary_probe,Aanchor_A,0.9399999540882015,0.05357144080628876,76.25888011551801,42.56703323305266,1.1748952439210854,,
algorithm_boundary_probe,Aanchor_A,0.9399999640882015,0.05357144080628876,76.25886709920965,42.56703327601458,1.1748951974312043,,
algorithm_boundary_probe,Aanchor_A,0.9399999740882016,0.05357144080628876,76.2588619697289,42.567033291066835,1.1748951811428727,,
algorithm_boundary_probe,Aanchor_A,0.9446153382422232,0.055222335946571374,73.92900436602729,42.571568391961485,1.1699978998321716,,
algorithm_boundary_probe,Aanchor_A,0.9446153482422233,0.055222335946571374,73.9289905982363,42.57156843339652,1.1699978551814534,,
algorithm_boundary_probe,Aanchor_A,0.9446153582422233,0.055222335946571374,73.92898564093547,42.57156844878701,1.1699978385965415,,
algorithm_boundary_probe,Aanchor_A,0.949230722396245,0.05737594027143919,71.67414368602034,42.575518796010314,1.1657486483100048,,
algorithm_boundary_probe,Aanchor_A,0.949230732396245,0.05737594027143919,71.67415769292342,42.57551875075676,1.1657486968984934,,
algorithm_boundary_probe,Aanchor_A,0.949230742396245,0.05737594027143919,71.67415311374245,42.57551876550479,1.165748681063611,,
algorithm_boundary_probe,Aanchor_A,0.9538461065502667,0.059327760855539965,69.59094280165783,42.57946816776002,1.1615159337612053,,
algorithm_boundary_probe,Aanchor_A,0.9538461165502667,0.059327760855539965,69.59092947209876,42.57946821211817,1.1615158863070396,,
algorithm_boundary_probe,Aanchor_A,0.9538461265502668,0.059327760855539965,69.5909252779793,42.57946822607528,1.161515871375789,,
algorithm_boundary_probe,Aanchor_A,0.9584614907042884,0.05969127049419068,67.68965150661691,42.58538904351823,1.1551990459627448,,
algorithm_boundary_probe,Aanchor_A,0.9584615007042885,0.05969127049419068,67.68964106469626,42.585389083047914,1.1551990039040447,,
algorithm_boundary_probe,Aanchor_A,0.9584615107042885,0.05969127049419068,67.68963668066499,42.58538909674423,1.1551989893314687,,
algorithm_boundary_probe,Aanchor_A,0.9630768748583102,0.060077816834220386,65.70011654262873,42.5911560669029,1.149079329233734,,
algorithm_boundary_probe,Aanchor_A,0.9630768848583102,0.060077816834220386,65.70012674131526,42.59115601952531,1.149079379375392,,
algorithm_boundary_probe,Aanchor_A,0.9630768948583103,0.060077816834220386,65.70012302040512,42.59115603382374,1.149079364242774,,
algorithm_boundary_probe,Aanchor_A,0.9676922590123319,0.06203132094735341,64.01025673090082,42.59489420912946,1.1451299021559875,,
algorithm_boundary_probe,Aanchor_A,0.967692269012332,0.06203132094735341,64.01024894215116,42.59489425341737,1.1451298554453624,,
algorithm_boundary_probe,Aanchor_A,0.967692279012332,0.06203132094735341,64.01024487112684,42.59489426678338,1.1451298413481896,,
algorithm_boundary_probe,Aanchor_A,0.9723076431663537,0.06266114969221248,62.16433314667464,42.60015011320563,1.139599876972948,,
algorithm_boundary_probe,Aanchor_A,0.9723076531663537,0.06266114969221248,62.16432098930541,42.600150152701225,1.139599835517965,,
algorithm_boundary_probe,Aanchor_A,0.9723076631663538,0.06266114969221248,62.164317504716486,42.60015016531787,1.139599822275404,,
algorithm_boundary_probe,Aanchor_A,0.9769230273203754,0.06268423348667372,60.589059147750376,42.605952002761185,1.1335263960754702,,
algorithm_boundary_probe,Aanchor_A,0.9769230373203754,0.06268423348667372,60.58904997251309,42.605952037547844,1.1335263597576297,,
algorithm_boundary_probe,Aanchor_A,0.9769230473203755,0.06268423348667372,60.58904656112956,42.60595205049563,1.1335263462399272,,
algorithm_boundary_probe,Aanchor_A,0.9815384114743971,0.06364574917428516,59.04445145702019,42.610525901001196,1.1287612155569942,,
algorithm_boundary_probe,Aanchor_A,0.9815384214743972,0.06364574917428516,59.044461051850796,42.610525861352045,1.1287612567773413,,
algorithm_boundary_probe,Aanchor_A,0.9815384314743972,0.06364574917428516,59.04445793537057,42.61052587400562,1.128761243622336,,
algorithm_boundary_probe,Aanchor_A,0.9861537956284189,0.06370074639706444,57.638868420523515,42.61629761695763,1.12277670170193,,
algorithm_boundary_probe,Aanchor_A,0.9861538056284189,0.06370074639706444,57.63885988608423,42.616297653138425,1.1227766642868102,,
algorithm_boundary_probe,Aanchor_A,0.986153815628419,0.06370074639706444,57.63885699596756,42.61629766556755,1.1227766514336612,,
algorithm_boundary_probe,Aanchor_A,0.9907691797824406,0.0647508163696466,56.33020421767493,42.62050021028367,1.1184391347518363,,
algorithm_boundary_probe,Aanchor_A,0.9907691897824407,0.0647508163696466,56.330196804888146,42.620500246646834,1.1184390972934035,,
algorithm_boundary_probe,Aanchor_A,0.9907691997824407,0.0647508163696466,56.33019386165805,42.62050025808593,1.118439085509749,,
algorithm_boundary_probe,Aanchor_A,0.9953845639364624,0.06408529286574188,54.99849351227521,42.62676826640003,1.1120008837706876,,
algorithm_boundary_probe,Aanchor_A,0.9953845739364624,0.06408529286574188,54.99849954485891,42.626768227346716,1.1120009237687258,,
algorithm_boundary_probe,Aanchor_A,0.9953845839364625,0.06408529286574188,54.998497219087234,42.62676823923447,1.1120009115933913,,
algorithm_boundary_probe,Aanchor_A,0.9999999480904841,0.06429387662842995,53.95207930017487,42.63195843671122,1.1066978450157403,,
algorithm_boundary_probe,Aanchor_A,0.9999999580904841,0.06429387662842995,53.9520752491849,42.631958473035986,1.1066978079896714,,
algorithm_boundary_probe,Aanchor_A,0.9999999680904842,0.06429387662842995,53.952072548369365,42.63195848418526,1.1066977966251483,,
algorithm_boundary_probe,Aanchor_A,1.004615332244506,0.06458585112547895,52.73522522910612,42.63668539317003,1.101890101421024,,
algorithm_boundary_probe,Aanchor_A,1.0046153422445059,0.06458585112547895,52.73523122189267,42.63668536079064,1.1018901342821603,,
algorithm_boundary_probe,Aanchor_A,1.0046153522445058,0.06458585112547895,52.73522891371197,42.63668537158615,1.1018901233260419,,
algorithm_boundary_probe,Aanchor_A,1.0092307163985277,0.0642708685837722,51.693937476382104,42.64213981323017,1.0963684102156923,,
algorithm_boundary_probe,Aanchor_A,1.0092307263985276,0.0642708685837722,51.693918162040454,42.64213990798073,1.0963683145372882,,
algorithm_boundary_probe,Aanchor_A,1.0092307363985276,0.0642708685837722,51.693916057506776,42.64213991856068,1.0963683038537322,,
algorithm_boundary_probe,Aanchor_A,1.0138461005525494,0.06379820484293511,50.750083780755425,42.6477275809251,1.0907404183382172,,
algorithm_boundary_probe,Aanchor_A,1.0138461105525494,0.06379820484293511,50.75008969553552,42.64772754943174,1.0907404499767306,,
algorithm_boundary_probe,Aanchor_A,1.0138461205525493,0.06379820484293511,50.7500877967514,42.647727559558284,1.0907404398035154,,
algorithm_boundary_probe,Aanchor_A,1.0184614847065712,0.06336433767139642,49.897830820928355,42.653047485194044,1.0854090663389864,,
algorithm_boundary_probe,Aanchor_A,1.018461494706571,0.06336433767139642,49.897835808093845,42.65304745091682,1.0854091006058781,,
algorithm_boundary_probe,Aanchor_A,1.018461504706571,0.06336433767139642,49.897834095600565,42.653047461285055,1.0854090902407643,,
algorithm_boundary_probe,Aanchor_A,1.023076868860593,0.0632632159630904,49.12716902960401,42.65798843508811,1.0804808273591995,,
algorithm_boundary_probe,Aanchor_A,1.0230768788605928,0.0632632159630904,49.12715490861586,42.6579885273637,1.080480735530261,,
algorithm_boundary_probe,Aanchor_A,1.0230768888605928,0.0632632159630904,49.127153222772115,42.65798853661555,1.0804807263231953,,
algorithm_boundary_probe,Aanchor_A,1.0276922530146146,0.06258992859060197,48.369386074561795,42.66325506763113,1.0752523785221526,,
algorithm_boundary_probe,Aanchor_A,1.0276922630146146,0.06258992859060197,48.36938894338919,42.663255039076994,1.0752524068005733,,
algorithm_boundary_probe,Aanchor_A,1.0276922730146145,0.06258992859060197,48.36938775131822,42.663255048166384,1.0752523977989445,,
algorithm_boundary_probe,Aanchor_A,1.0323076371686364,0.06118971688037436,47.83690908109303,42.6695127311403,1.0690729634667588,,
algorithm_boundary_probe,Aanchor_A,1.0323076471686363,0.06118971688037436,47.83691627739325,42.66951270798737,1.0690729862643495,,
algorithm_boundary_probe,Aanchor_A,1.0323076571686363,0.06118971688037436,47.836914786707524,42.66951271649059,1.0690729778916408,,
algorithm_boundary_probe,Aanchor_A,1.0369230213226581,0.06033279729797012,47.172099054204004,42.674703686393535,1.063973875146747,,
algorithm_boundary_probe,Aanchor_A,1.036923031322658,0.06033279729797012,47.1720864780624,42.67470376100642,1.063973802029393,,
algorithm_boundary_probe,Aanchor_A,1.036923041322658,0.06033279729797012,47.17208531062645,42.67470376950801,1.0639737936982059,,
algorithm_boundary_probe,Aanchor_A,1.0415384054766799,0.05910431250087422,46.64866317430876,42.680436956975306,1.0583703292468223,,
algorithm_boundary_probe,Aanchor_A,1.0415384154766798,0.05910431250087422,46.64866566903432,42.680436934482096,1.0583703511731002,,
algorithm_boundary_probe,Aanchor_A,1.0415384254766797,0.05910431250087422,46.64866473390017,42.68043694224146,1.058370343609312,,
algorithm_boundary_probe,Aanchor_A,1.0461537896307016,0.05767026412213145,46.23511112861794,42.686130281407095,1.052835030037975,,
algorithm_boundary_probe,Aanchor_A,1.0461537996307015,0.05767026412213145,46.23511624482731,42.68613026001064,1.0528350507860547,,
algorithm_boundary_probe,Aanchor_A,1.0461538096307015,0.05767026412213145,46.23511515757324,42.686130267464506,1.052835043558062,,
algorithm_boundary_probe,Aanchor_A,1.0507691737847233,0.05613743829630049,45.75612173287749,42.69182904886379,1.0473234300943635,,
algorithm_boundary_probe,Aanchor_A,1.0507691837847233,0.05613743829630049,45.75611237998354,42.6918291148988,1.0473233663956352,,
algorithm_boundary_probe,Aanchor_A,1.0507691937847232,0.05613743829630049,45.756111676614,42.69182912213932,1.047323359411283,,
algorithm_boundary_probe,Aanchor_A,1.055384557938745,0.05469758101101726,45.44606618019193,42.69729016584457,1.0420687508213686,,
algorithm_boundary_probe,Aanchor_A,1.055384567938745,0.05469758101101726,45.4460666961715,42.69729014585064,1.0420687700111615,,
algorithm_boundary_probe,Aanchor_A,1.055384577938745,0.05469758101101726,45.44606628050769,42.69729015264603,1.0420687634890757,,
algorithm_boundary_probe,Aanchor_A,1.0599999420927668,0.053224015494656614,45.2679962941397,42.702594827571254,1.0369898556760815,,
algorithm_boundary_probe,Aanchor_A,1.0599999520927668,0.053224015494656614,45.26799281672063,42.70259488671918,1.0369897991837207,,
algorithm_boundary_probe,Aanchor_A,1.0599999620927667,0.053224015494656614,45.26799206326565,42.702594893143775,1.0369897930475789,,
algorithm_boundary_probe,Aanchor_A,1.0646153262467886,0.051589329361336866,44.93401342961766,42.70796484332788,1.0318736006124636,,
algorithm_boundary_probe,Aanchor_A,1.0646153362467885,0.051589329361336866,44.934015610392706,42.707964824519046,1.031873618488206,,
algorithm_boundary_probe,Aanchor_A,1.0646153462467884,0.051589329361336866,44.93401492675111,42.7079648304251,1.0318736128751498,,
algorithm_boundary_probe,Aanchor_A,1.0692307104008103,0.0493299660647142,44.63159415045831,42.714011955641425,1.0261424561535162,,
algorithm_boundary_probe,Aanchor_A,1.0692307204008102,0.0493299660647142,44.631594031408326,42.71401194057047,1.0261424703972575,,
algorithm_boundary_probe,Aanchor_A,1.0692307304008102,0.0493299660647142,44.63159368887178,42.71401194598115,1.0261424652835593,,
algorithm_boundary_probe,Aanchor_A,1.073846094554832,0.04728739022583383,44.484230370863166,42.7195114746976,1.020957935505616,,
algorithm_boundary_probe,Aanchor_A,1.073846104554832,0.04728739022583383,44.48422780241073,42.719511522016106,1.0209578910102706,,
algorithm_boundary_probe,Aanchor_A,1.073846114554832,0.04728739022583383,44.48422756210092,42.71951152721548,1.0209578861211055,,
algorithm_boundary_probe,Aanchor_A,1.0784614787088538,0.04520355634777298,44.38507548861161,42.72497441467457,1.0158338327758127,,
algorithm_boundary_probe,Aanchor_A,1.0784614887088537,0.04520355634777298,44.38507580077329,42.724974401250456,1.0158338453356486,,
algorithm_boundary_probe,Aanchor_A,1.0784614987088537,0.04520355634777298,44.385075686089806,42.72497440564362,1.015833841225326,,
algorithm_boundary_probe,Aanchor_A,1.0830768628628755,0.0429672803579998,44.342478214747736,42.73028831459936,1.010874201639653,,
algorithm_boundary_probe,Aanchor_A,1.0830768728628755,0.0429672803579998,44.3424793766937,42.73028829770394,1.010874217370128,,
algorithm_boundary_probe,Aanchor_A,1.0830768828628754,0.0429672803579998,44.34247919093804,42.730288302461794,1.0108742129403334,,
algorithm_boundary_probe,Aanchor_A,1.0876922470168973,0.040852706991662775,44.26572834007534,42.735591436358824,1.0059487710970028,,
algorithm_boundary_probe,Aanchor_A,1.0876922570168972,0.040852706991662775,44.26572706595742,42.73559147839091,1.0059487321537282,,
algorithm_boundary_probe,Aanchor_A,1.0876922670168971,0.040852706991662775,44.2657268990763,42.73559148216226,1.005948728659522,,
algorithm_boundary_probe,Aanchor_A,1.092307631170919,0.03830355624296963,44.19769385320135,42.741078101157484,1.0008781273160645,,
algorithm_boundary_probe,Aanchor_A,1.092307641170919,0.03830355624296963,44.197693875876645,42.74107809248785,1.0008781353081024,,
algorithm_boundary_probe,Aanchor_A,1.0923076511709189,0.03830355624296963,44.19769383272234,42.74107809552659,1.0008781325068616,,
algorithm_boundary_probe,Aanchor_A,1.0969230153249407,0.035348058196196935,44.18561154067182,42.7468221334876,0.9955970143889785,,
algorithm_boundary_probe,Aanchor_A,1.0969230253249407,0.035348058196196935,44.18560853220365,42.74682212116898,0.995597025684886,,
algorithm_boundary_probe,Aanchor_A,1.0969230353249406,0.035348058196196935,44.18560886963886,42.746822124515326,0.995597022616355,,
algorithm_boundary_probe,Aanchor_A,1.1015383994789625,0.033222036059911496,44.348524282190546,42.751490282555395,0.991325610033154,,
algorithm_boundary_probe,Aanchor_A,1.1015384094789624,0.033222036059911496,44.348527724009585,42.75149031299846,0.9913255822372773,,
algorithm_boundary_probe,Aanchor_A,1.1015384194789624,0.033222036059911496,44.34852787352019,42.751490315250784,0.9913255801808015,,
algorithm_boundary_probe,Aanchor_A,1.1061537836329842,0.03038938731818408,44.42762529449877,42.756692218939804,0.9865873698565394,,
algorithm_boundary_probe,Aanchor_A,1.1061537936329842,0.03038938731818408,44.42762489332242,42.756692212035624,0.9865873761302301,,
algorithm_boundary_probe,Aanchor_A,1.106153803632984,0.03038938731818408,44.427625045519214,42.75669221423989,0.9865873741272599,,
algorithm_boundary_probe,Aanchor_A,1.110769167787006,0.027812746109665602,44.50400488974431,42.76149473389558,0.9822330552086393,,
algorithm_boundary_probe,Aanchor_A,1.110769177787006,0.027812746109665602,44.50400261088878,42.761494736083904,0.9822330532289275,,
algorithm_boundary_probe,Aanchor_A,1.1107691877870058,0.027812746109665602,44.5040029712945,42.761494737313974,0.982233052116123,,
algorithm_boundary_probe,Aanchor_A,1.1153845519410277,0.024668489841523557,44.675080489205854,42.76668036300596,0.9775529570265279,,
algorithm_boundary_probe,Aanchor_A,1.1153845619410276,0.024668489841523557,44.675084225265074,42.76668037398861,0.9775529471381975,,
algorithm_boundary_probe,Aanchor_A,1.1153845719410276,0.024668489841523557,44.67508436228409,42.76668037511743,0.9775529461218554,,
algorithm_boundary_probe,Aanchor_A,1.1199999360950494,0.021464335582130113,44.74433791715088,42.77190695079953,0.9728584572208622,,
algorithm_boundary_probe,Aanchor_A,1.1199999460950494,0.021464335582130113,44.74433485571931,42.77190695182815,0.9728584562991891,,
algorithm_boundary_probe,Aanchor_A,1.1199999560950493,0.021464335582130113,44.744335451550405,42.771906952171356,0.972858455991662,,
algorithm_boundary_probe,Aanchor_A,1.1246153202490712,0.018227502841427462,45.02631997076262,42.77681961195376,0.9684664809293592,,
algorithm_boundary_probe,Aanchor_A,1.1246153302490711,0.018227502841427462,45.026322103141375,42.77681961220302,0.9684664807070237,,
algorithm_boundary_probe,Aanchor_A,1.124615340249071,0.018227502841427462,45.02632231903783,42.776819612420006,0.9684664805134756,,
algorithm_boundary_probe,Aanchor_A,1.129230704403093,0.014682875396748582,45.13098404417257,42.78212493742278,0.9637457236317909,,
algorithm_boundary_probe,Aanchor_A,1.1292307144030929,0.014682875396748582,45.13098506970189,42.782124940112766,0.96374572124404,,
algorithm_boundary_probe,Aanchor_A,1.1292307244030928,0.014682875396748582,45.13098575796387,42.782124940023984,0.9637457213228489,,
algorithm_boundary_probe,Aanchor_A,1.1338460885571147,0.011560175761173177,45.45526418589249,42.786670315102114,0.9597194863997877,,
algorithm_boundary_probe,Aanchor_A,1.1338460985571146,0.011560175761173177,45.455263675613736,42.786670322650714,0.9597194797273212,,
algorithm_boundary_probe,Aanchor_A,1.1338461085571145,0.011560175761173177,45.45526411991186,42.78667032145263,0.9597194807863436,,
algorithm_boundary_probe,Aanchor_A,1.1384614727111364,0.007510303579520267,45.665197153163014,42.792064138016606,0.9549635245863581,,
algorithm_boundary_probe,Aanchor_A,1.1384614827111363,0.007510303579520267,45.66519469093879,42.792064141467414,0.9549635215511902,,
algorithm_boundary_probe,Aanchor_A,1.1384614927111363,0.007510303579520267,45.6651952475909,42.792064140309385,0.9549635225697345,,
algorithm_boundary_probe,Aanchor_A,1.1430768568651581,0.003436520757548128,45.92861084482607,42.7975120170333,0.9501838228336942,,
algorithm_boundary_probe,Aanchor_A,1.143076866865158,0.003436520757548128,45.92861608665202,42.79751200738131,0.950183831280651,,
algorithm_boundary_probe,Aanchor_A,1.143076876865158,0.003436520757548128,45.92861662584533,42.79751200610817,0.9501838323948414,,
algorithm_boundary_probe,Aanchor_A,1.1476922410191799,0.000228687900679124,46.18254420450277,42.80163349119502,0.9465837452544964,,
algorithm_boundary_probe,Aanchor_A,1.1476922510191798,0.000228687900679124,46.182540531686385,42.80163350366,0.9465837343870795,,
algorithm_boundary_probe,Aanchor_A,1.1476922610191798,0.000228687900679124,46.182541354731484,42.801633501215576,0.9465837365182168,,
algorithm_boundary_probe,Aanchor_A,1.1523076251732016,-0.004034444461921841,46.56811443345026,42.806765777088955,0.9421197933125659,,
algorithm_boundary_probe,Aanchor_A,1.1523076351732016,-0.004034444461921841,46.568111947265706,42.80676579237572,0.9421197800478655,,
algorithm_boundary_probe,Aanchor_A,1.1523076451732015,-0.004034444461921841,46.5681127759464,42.80676578927906,0.9421197827349113,,
algorithm_boundary_probe,Aanchor_A,1.1569230093272234,-0.008535740912483098,46.956779543642654,42.811945694791,0.9376357572546308,,
algorithm_boundary_probe,Aanchor_A,1.1569230193272233,-0.008535740912483098,46.95678816477891,42.81194566661129,0.937635781590478,,
algorithm_boundary_probe,Aanchor_A,1.1569230293272232,-0.008535740912483098,46.956788700108255,42.81194566383841,0.9376357839851195,,
algorithm_boundary_probe,Aanchor_A,1.161538393481245,-0.012531364756220313,47.20881875879132,42.816534553687745,0.9336812070242974,,
algorithm_boundary_probe,Aanchor_A,1.161538403481245,-0.012531364756220313,47.20881449277236,42.816534571393845,0.9336811917978961,,
algorithm_boundary_probe,Aanchor_A,1.161538413481245,-0.012531364756220313,47.20881536739511,42.81653456749291,0.9336811951525137,,
algorithm_boundary_probe,Aanchor_A,1.1661537776352668,-0.017256004889337553,47.61822820449352,42.82167348580153,0.9292724131246209,,
algorithm_boundary_probe,Aanchor_A,1.1661537876352668,-0.017256004889337553,47.61823608203478,42.821673451832346,0.929272442198556,,
algorithm_boundary_probe,Aanchor_A,1.1661537976352667,-0.017256004889337553,47.61823671541336,42.82167344783373,0.9292724456209401,,
algorithm_boundary_probe,Aanchor_A,1.1707691617892886,-0.021607661579380884,47.91620778512379,42.826219669991715,0.9253895075229428,,
algorithm_boundary_probe,Aanchor_A,1.1707691717892885,-0.021607661579380884,47.91620357929973,42.82621968791153,0.9253894922496115,,
algorithm_boundary_probe,Aanchor_A,1.1707691817892885,-0.021607661579380884,47.91620472912618,42.82621968271089,0.9253894966821996,,
algorithm_boundary_probe,Aanchor_A,1.1753845459433103,-0.0269107446199163,48.45263038815062,42.83160786250802,0.9208084455970629,,
algorithm_boundary_probe,Aanchor_A,1.1753845559433103,-0.0269107446199163,48.45262809284854,42.831607874135834,0.920808435735562,,
algorithm_boundary_probe,Aanchor_A,1.1753845659433102,-0.0269107446199163,48.45262909588951,42.83160786952643,0.9208084396447803,,
algorithm_boundary_probe,Aanchor_A,1.179999930097332,-0.030644108634722184,48.920890534037675,42.83496500284196,0.9179656658365425,,
algorithm_boundary_probe,Aanchor_A,1.179999940097332,-0.030644108634722184,48.920899419854344,42.834964963733356,0.9179656989019963,,
algorithm_boundary_probe,Aanchor_A,1.179999950097332,-0.030644108634722184,48.920900486701484,42.83496495794269,0.9179657037978786,,
algorithm_boundary_probe,Aanchor_A,1.1846153142513538,-0.03574284955915455,49.41921137027213,42.839775823823494,0.9139072223266561,,
algorithm_boundary_probe,Aanchor_A,1.1846153242513537,-0.03574284955915455,49.419210486132954,42.83977584293654,0.9139072062384492,,
algorithm_boundary_probe,Aanchor_A,1.1846153342513537,-0.03574284955915455,49.419211051554335,42.83977583702042,0.9139072112182777,,
algorithm_boundary_probe,Aanchor_A,1.1892306984053755,-0.041106970447849084,49.68577952779059,42.84491805543177,0.9095890359532339,,
algorithm_boundary_probe,Aanchor_A,1.1892307084053755,-0.041106970447849084,49.68578439717454,42.84491802849565,0.9095890585193059,,
algorithm_boundary_probe,Aanchor_A,1.1892307184053754,-0.041106970447849084,49.68578424716017,42.84491802760461,0.9095890592657782,,
algorithm_boundary_probe,Aanchor_A,1.1938460825593973,-0.045080805422841666,49.634814134535354,42.85034432839719,0.9050544490317087,,
algorithm_boundary_probe,Aanchor_A,1.1938460925593972,-0.045080805422841666,49.63481400058548,42.85034432189185,0.9050544544544721,,
algorithm_boundary_probe,Aanchor_A,1.1938461025593972,-0.045080805422841666,49.63481358362837,42.850344320302504,0.9050544557793266,,
algorithm_boundary_probe,Aanchor_A,1.198461466713419,-0.04987636451363538,49.46789363153513,42.856656380279816,0.8998080762185914,,
algorithm_boundary_probe,Aanchor_A,1.198461476713419,-0.04987636451363538,49.46789508462681,42.856656383137896,0.8998080738499459,,
algorithm_boundary_probe,Aanchor_A,1.198461486713419,-0.04987636451363538,49.46789469318993,42.85665638196188,0.899808074824571,,
algorithm_boundary_probe,Aanchor_A,1.2030768508674408,-0.05419820057948925,49.30527786213483,42.862461367188985,0.8950100089607934,,
algorithm_boundary_probe,Aanchor_A,1.2030768608674407,-0.05419820057948925,49.30527417085165,42.86246138375045,0.8950099953086061,,
algorithm_boundary_probe,Aanchor_A,1.2030768708674406,-0.05419820057948925,49.30527433685234,42.862461381286295,0.8950099973398944,,
algorithm_boundary_probe,Aanchor_A,1.2076922350214625,-0.05948521292349484,49.40430535585364,42.869086200242414,0.8895655564040655,,
algorithm_boundary_probe,Aanchor_A,1.2076922450214624,-0.05948521292349484,49.404308639695316,42.869086179109004,0.889565573719094,,
algorithm_boundary_probe,Aanchor_A,1.2076922550214624,-0.05948521292349484,49.40430842220025,42.869086176647336,0.8895655757359872,,
algorithm_boundary_probe,Aanchor_A,1.2123076191754842,-0.0646918362205602,49.325190569465086,42.87559257982578,0.8842506893040799,,
algorithm_boundary_probe,Aanchor_A,1.2123076291754842,-0.0646918362205602,49.32518900488173,42.875592587529624,0.8842506830298775,,
algorithm_boundary_probe,Aanchor_A,1.2123076391754841,-0.0646918362205602,49.325189194325034,42.875592585107796,0.8842506850022713,,
algorithm_boundary_probe,Aanchor_A,1.216923003329506,-0.06952933226268534,49.43427017569318,42.88157697893877,0.8793902524314556,,
algorithm_boundary_probe,Aanchor_A,1.216923013329506,-0.06952933226268534,49.43427131248602,42.88157698877857,0.8793902444617284,,
algorithm_boundary_probe,Aanchor_A,1.2169230233295059,-0.06952933226268534,49.43427140104674,42.881576986173684,0.8793902465715457,,
algorithm_boundary_probe,Aanchor_A,1.2215383874835277,-0.07372084486259409,49.494028314877056,42.88653033447288,0.8753874280710657,,
algorithm_boundary_probe,Aanchor_A,1.2215383974835277,-0.07372084486259409,49.49402962937474,42.88653031429613,0.8753874443388058,,
algorithm_boundary_probe,Aanchor_A,1.2215384074835276,-0.07372084486259409,49.49402986403995,42.886530310869134,0.8753874471018606,,
algorithm_boundary_probe,Aanchor_A,1.2261537716375495,-0.07944727172578239,49.62724383510763,42.89335681261063,0.8699007673108854,,
algorithm_boundary_probe,Aanchor_A,1.2261537816375494,-0.07944727172578239,49.62724103492802,42.89335682519093,0.8699007572314483,,
algorithm_boundary_probe,Aanchor_A,1.2261537916375493,-0.07944727172578239,49.6272416253742,42.893356821546355,0.8699007601515091,,
algorithm_boundary_probe,Aanchor_A,1.2307691557915712,-0.08500900850931052,49.91943717480643,42.89983847858939,0.864723073643104,,
algorithm_boundary_probe,Aanchor_A,1.2307691657915711,-0.08500900850931052,49.91944113712505,42.89983848674445,0.8647230671480874,,
algorithm_boundary_probe,Aanchor_A,1.230769175791571,-0.08500900850931052,49.919441260949064,42.89983848343567,0.8647230697833316,,
algorithm_boundary_probe,Aanchor_A,1.235384539945593,-0.08943706896289731,49.9943793288691,42.9048116410978,0.860771308504811,,
algorithm_boundary_probe,Aanchor_A,1.2353845499455929,-0.08943706896289731,49.99437937138661,42.90481161677779,0.8607713277857074,,
algorithm_boundary_probe,Aanchor_A,1.2353845599455928,-0.08943706896289731,49.99438008317927,42.9048116122099,0.8607713314071296,,
algorithm_boundary_probe,Aanchor_A,1.2399999240996147,-0.09555692313982386,50.34687380237923,42.911687718553765,0.8553371821429229,,
algorithm_boundary_probe,Aanchor_A,1.2399999340996146,-0.09555692313982386,50.34687530343873,42.91168772878307,0.8553371740843265,,
algorithm_boundary_probe,Aanchor_A,1.2399999440996146,-0.09555692313982386,50.34687557506985,42.9116877248227,0.8553371772042903,,
algorithm_boundary_probe,Aanchor_A,1.2446153082536364,-0.10067344740623545,50.49015167753449,42.917364605919744,0.8508766319944618,,
algorithm_boundary_probe,Aanchor_A,1.2446153182536364,-0.10067344740623545,50.49014863206456,42.917364627813114,0.8508766148369241,,
algorithm_boundary_probe,Aanchor_A,1.2446153282536363,-0.10067344740623545,50.490149145974385,42.917364623084715,0.8508766185425041,,
algorithm_boundary_probe,Aanchor_A,1.2492306924076582,-0.10653424846488357,50.74843252609232,42.923778578794945,0.8458649069961558,,
algorithm_boundary_probe,Aanchor_A,1.249230702407658,-0.10653424846488357,50.748437594440546,42.923778539083855,0.8458649379338904,,
algorithm_boundary_probe,Aanchor_A,1.249230712407658,-0.10653424846488357,50.74843825408692,42.92377853407029,0.8458649418398101,,
algorithm_boundary_probe,Aanchor_A,1.25384607656168,-0.11208236830452045,51.071657706552614,42.92960124637834,0.8413407812099106,,
algorithm_boundary_probe,Aanchor_A,1.2538460865616798,-0.11208236830452045,51.071653102856274,42.929601265521846,0.8413407663755422,,
algorithm_boundary_probe,Aanchor_A,1.2538460965616798,-0.11208236830452045,51.07165411715139,42.92960126014218,0.8413407705442639,,
algorithm_boundary_probe,Aanchor_A,1.2584614607157016,-0.11833098950279886,51.56378852626204,42.93628393684106,0.8361782449707258,,
algorithm_boundary_probe,Aanchor_A,1.2584614707157016,-0.11833098950279886,51.5637900356684,42.936283951482004,0.836178233695024,,
algorithm_boundary_probe,Aanchor_A,1.2584614807157015,-0.11833098950279886,51.56379074417508,42.93628394633655,0.836178237657783,,
algorithm_boundary_probe,Aanchor_A,1.2630768448697234,-0.12368798345196838,51.90786225525883,42.941765632712915,0.8319671638918504,,
algorithm_boundary_probe,Aanchor_A,1.2630768548697233,-0.12368798345196838,51.907867878403984,42.94176559178581,0.831967195253067,,
algorithm_boundary_probe,Aanchor_A,1.2630768648697233,-0.12368798345196838,51.90786891856117,42.941765585859166,0.8319671997944786,,
algorithm_boundary_probe,Aanchor_A,1.2676922290237451,-0.1299417338627232,52.40995272863409,42.94820262026943,0.8270492856287981,,
algorithm_boundary_probe,Aanchor_A,1.267692239023745,-0.1299417338627232,52.40995041881889,42.94820263719831,0.8270492727333848,,
algorithm_boundary_probe,Aanchor_A,1.267692249023745,-0.1299417338627232,52.40995140592941,42.94820263151828,0.8270492770600933,,
algorithm_boundary_probe,Aanchor_A,1.2723076131777669,-0.135548845653463,52.88604902057158,42.953805133982414,0.8227926156724793,,
algorithm_boundary_probe,Aanchor_A,1.2723076231777668,-0.135548845653463,52.886058403859046,42.95380508576107,0.8227926522155793,,
algorithm_boundary_probe,Aanchor_A,1.2723076331777667,-0.135548845653463,52.88605948355728,42.95380507915462,0.8227926572220795,,
algorithm_boundary_probe,Aanchor_A,1.2769229973317886,-0.14208997275156515,53.40457829840902,42.96034708000939,0.8178499038545937,,
algorithm_boundary_probe,Aanchor_A,1.2769230073317885,-0.14208997275156515,53.404574129066354,42.960347102035904,0.8178498872627321,,
algorithm_boundary_probe,Aanchor_A,1.2769230173317885,-0.14208997275156515,53.404575380121976,42.96034709526408,0.8178498923637276,,
algorithm_boundary_probe,Aanchor_A,1.2815383814858103,-0.14817040600794118,54.002848872470246,42.96613604776478,0.8135008664949083,,
algorithm_boundary_probe,Aanchor_A,1.2815383914858103,-0.14817040600794118,54.00284615914494,42.966136065646225,0.8135008530970155,,
algorithm_boundary_probe,Aanchor_A,1.2815384014858102,-0.14817040600794118,54.00284733442617,42.9661360592867,0.8135008578619678,,
algorithm_boundary_probe,Aanchor_A,1.286153765639832,-0.15410295514527286,54.56440418672681,42.97189779068216,0.8091952461005277,,
algorithm_boundary_probe,Aanchor_A,1.286153775639832,-0.15410295514527286,54.564415701886716,42.97189773787672,0.8091952854562324,,
algorithm_boundary_probe,Aanchor_A,1.286153785639832,-0.15410295514527286,54.56441666101152,42.97189773015657,0.8091952912100326,,
algorithm_boundary_probe,Aanchor_A,1.2907691497938538,-0.16097144683487535,55.02716724902007,42.978403214626766,0.8043612736448258,,
algorithm_boundary_probe,Aanchor_A,1.2907691597938538,-0.16097144683487535,55.02716067941027,42.97840323844375,0.8043612560001591,,
algorithm_boundary_probe,Aanchor_A,1.2907691697938537,-0.16097144683487535,55.02716226773802,42.97840323087555,0.8043612616070122,,
algorithm_boundary_probe,Aanchor_A,1.2953845339478756,-0.16796725751713248,55.783679056181875,42.985166370980764,0.7993664020078666,,
algorithm_boundary_probe,Aanchor_A,1.2953845439478755,-0.16796725751713248,55.783679119584704,42.985166395827065,0.7993663837149332,,
algorithm_boundary_probe,Aanchor_A,1.2953845539478754,-0.16796725751713248,55.783680272093385,42.985166388215724,0.7993663893187342,,
boundary_polish_final,Aanchor_A,1.0969230253249407,0.0353480988283542,44.18560853220225,42.74682206151789,0.995597080383667,705.4209352637157,1494.9331527283882
algorithm_boundary_probe,Aanchor_B,0.7046153622330927,-0.17077794292839085,297.0551369863276,42.39895088594318,1.3716145536381898,,
algorithm_boundary_probe,Aanchor_B,0.7046153722330928,-0.17077794292839085,297.0551716457859,42.398950800488095,1.3716146615939102,,
algorithm_boundary_probe,Aanchor_B,0.7046153822330928,-0.17077794292839085,297.0551609428813,42.398950827331085,1.371614627683066,,
algorithm_boundary_probe,Aanchor_B,0.7092307463871145,-0.1642701244197598,292.13096415271184,42.40177567162296,1.3680506296491841,,
algorithm_boundary_probe,Aanchor_B,0.7092307563871145,-0.1642701244197598,292.13093334509404,42.4017757455111,1.3680505365485507,,
algorithm_boundary_probe,Aanchor_B,0.7092307663871146,-0.1642701244197598,292.1309232702946,42.40177577261423,1.3680505023980465,,
algorithm_boundary_probe,Aanchor_B,0.7138461305411362,-0.15703494953063923,287.498063663744,42.403653719371604,1.3656862951200586,,
algorithm_boundary_probe,Aanchor_B,0.7138461405411363,-0.15703494953063923,287.4980361785294,42.403653794766576,1.365686200284986,,
algorithm_boundary_probe,Aanchor_B,0.7138461505411363,-0.15703494953063923,287.4980258584023,42.403653821560006,1.3656861665830466,,
algorithm_boundary_probe,Aanchor_B,0.718461514695158,-0.15036413645940472,282.75170283004695,42.406219887747284,1.3624622682902359,,
algorithm_boundary_probe,Aanchor_B,0.718461524695158,-0.15036413645940472,282.7516742532545,42.40621996112933,1.3624621762050029,,
algorithm_boundary_probe,Aanchor_B,0.718461534695158,-0.15036413645940472,282.7516638294708,42.40621998712567,1.3624621435828772,,
algorithm_boundary_probe,Aanchor_B,0.7230768988491797,-0.14422025912801448,277.95489887099404,42.40919238977382,1.3587372538684976,,
algorithm_boundary_probe,Aanchor_B,0.7230769088491797,-0.14422025912801448,277.9549345186807,42.409192308379964,1.3587373557282971,,
algorithm_boundary_probe,Aanchor_B,0.7230769188491798,-0.14422025912801448,277.95492331622376,42.40919233386751,1.3587373238320803,,
algorithm_boundary_probe,Aanchor_B,0.7276922830032014,-0.1387013343479147,272.80130309888966,42.41285031800242,1.354167266887388,,
algorithm_boundary_probe,Aanchor_B,0.7276922930032015,-0.1387013343479147,272.8012714216901,42.41285038868414,1.3541671787307321,,
algorithm_boundary_probe,Aanchor_B,0.7276923030032015,-0.1387013343479147,272.8012609465419,42.41285041423996,1.3541671468566472,,
algorithm_boundary_probe,Aanchor_B,0.7323076671572232,-0.13251151874858422,267.9821223208093,42.41555204339575,1.3508017717805112,,
algorithm_boundary_probe,Aanchor_B,0.7323076771572232,-0.13251151874858422,267.98209353327815,42.41555211442374,1.3508016834121492,,
algorithm_boundary_probe,Aanchor_B,0.7323076871572233,-0.13251151874858422,267.98208321065346,42.415552140322845,1.350801651190184,,
algorithm_boundary_probe,Aanchor_B,0.7369230513112449,-0.12569086288456607,263.23184239153915,42.41748343900008,1.3484009920350983,,
algorithm_boundary_probe,Aanchor_B,0.736923061311245,-0.12569086288456607,263.23187738683214,42.41748335971759,1.3484010904978623,,
algorithm_boundary_probe,Aanchor_B,0.736923071311245,-0.12569086288456607,263.23186652103624,42.417483384719645,1.348401059447228,,
algorithm_boundary_probe,Aanchor_B,0.7415384354652667,-0.11996711079889037,258.233664035301,42.42061603981325,1.3445161494103135,,
algorithm_boundary_probe,Aanchor_B,0.7415384454652667,-0.11996711079889037,258.2336343795313,42.420616109881294,1.3445160626418888,,
algorithm_boundary_probe,Aanchor_B,0.7415384554652668,-0.11996711079889037,258.23362346581655,42.4206161345685,1.3445160320706095,,
algorithm_boundary_probe,Aanchor_B,0.7461538196192884,-0.11402102690816683,253.21656907828012,42.42327554789746,1.3412267907894597,,
algorithm_boundary_probe,Aanchor_B,0.7461538296192884,-0.11402102690816683,253.21653911697695,42.42327561634346,1.3412267062370533,,
algorithm_boundary_probe,Aanchor_B,0.7461538396192885,-0.11402102690816683,253.21652810446875,42.42327564119514,1.3412266755373883,,
algorithm_boundary_probe,Aanchor_B,0.7507692037733101,-0.10776793262617745,248.15278226632933,42.4255639486821,1.3384028707971238,,
algorithm_boundary_probe,Aanchor_B,0.7507692137733102,-0.10776793262617745,248.1528173491891,42.42556387024083,1.3384029674928228,,
algorithm_boundary_probe,Aanchor_B,0.7507692237733102,-0.10776793262617745,248.15280637469962,42.42556389490815,1.3384029370850514,,
algorithm_boundary_probe,Aanchor_B,0.7553845879273319,-0.10092575299131668,243.10733217801115,42.42690212916055,1.3367542923378046,,
algorithm_boundary_probe,Aanchor_B,0.7553845979273319,-0.10092575299131668,243.1073005567674,42.426902199036526,1.336754206306774,,
algorithm_boundary_probe,Aanchor_B,0.755384607927332,-0.10092575299131668,243.107290230128,42.426902223203605,1.3367541765523627,,
algorithm_boundary_probe,Aanchor_B,0.7599999720813536,-0.09612716748501013,238.35723714924924,42.43101262560288,1.3317030325607089,,
algorithm_boundary_probe,Aanchor_B,0.7599999820813537,-0.09612716748501013,238.35720901568604,42.43101269267275,1.3317029502965845,,
algorithm_boundary_probe,Aanchor_B,0.7599999920813537,-0.09612716748501013,238.35719843411658,42.43101271685829,1.3317029206319637,,
algorithm_boundary_probe,Aanchor_B,0.7646153562353754,-0.0894842406534444,233.49046437388574,42.43242108997305,1.3299766093290644,,
algorithm_boundary_probe,Aanchor_B,0.7646153662353754,-0.0894842406534444,233.4904343773545,42.43242115611157,1.3299765283124376,,
algorithm_boundary_probe,Aanchor_B,0.7646153762353755,-0.0894842406534444,233.49042290701618,42.432421179303184,1.329976499903785,,
algorithm_boundary_probe,Aanchor_B,0.7692307403893971,-0.08511310486399234,228.22026260860352,42.43671291023644,1.3247297052153406,,
algorithm_boundary_probe,Aanchor_B,0.7692307503893971,-0.08511310486399234,228.2202952876724,42.436712834520115,1.3247297975984296,,
algorithm_boundary_probe,Aanchor_B,0.7692307603893972,-0.08511310486399234,228.2202850229331,42.43671285823843,1.3247297686592112,,
algorithm_boundary_probe,Aanchor_B,0.7738461245434188,-0.07907214419734797,223.50630057946552,42.438791590992146,1.3221958891787695,,
algorithm_boundary_probe,Aanchor_B,0.7738461345434189,-0.07907214419734797,223.50627340646363,42.438791656865774,1.3221958089586967,,
algorithm_boundary_probe,Aanchor_B,0.7738461445434189,-0.07907214419734797,223.5062625800646,42.43879168058986,1.322195780067805,,
algorithm_boundary_probe,Aanchor_B,0.7784615086974406,-0.07321563860288206,218.53390495488446,42.44114673896042,1.3193309280353247,,
algorithm_boundary_probe,Aanchor_B,0.7784615186974406,-0.07321563860288206,218.53387522960236,42.44114680445244,1.3193308484527873,,
algorithm_boundary_probe,Aanchor_B,0.7784615286974407,-0.07321563860288206,218.53386438511276,42.44114682692301,1.3193308211477026,,
algorithm_boundary_probe,Aanchor_B,0.7830768928514623,-0.06831521004496464,213.55013538548863,42.44432746446661,1.3154715295230115,,
algorithm_boundary_probe,Aanchor_B,0.7830769028514624,-0.06831521004496464,213.5501688236021,42.44432739198928,1.315471617336114,,
algorithm_boundary_probe,Aanchor_B,0.7830769128514624,-0.06831521004496464,213.55015829452117,42.44432741466728,1.315471589859594,,
algorithm_boundary_probe,Aanchor_B,0.787692277005484,-0.0640667531611596,208.7116002292975,42.44856394146536,1.3103486402845734,,
algorithm_boundary_probe,Aanchor_B,0.7876922870054841,-0.0640667531611596,208.7115708485019,42.44856400465807,1.3103485640188353,,
algorithm_boundary_probe,Aanchor_B,0.7876922970054842,-0.0640667531611596,208.7115606278346,42.44856402731275,1.310348536677455,,
algorithm_boundary_probe,Aanchor_B,0.7923076611595058,-0.058292465796737906,204.01663640115402,42.45054042393193,1.3079654414823325,,
algorithm_boundary_probe,Aanchor_B,0.7923076711595058,-0.058292465796737906,204.0166084796918,42.4505404868982,1.3079653656280867,,
algorithm_boundary_probe,Aanchor_B,0.7923076811595059,-0.058292465796737906,204.01659804449633,42.45054050939355,1.3079653385283736,,
algorithm_boundary_probe,Aanchor_B,0.7969230453135275,-0.053141282326323036,199.2222849881271,42.45335971599147,1.3045735005469417,,
algorithm_boundary_probe,Aanchor_B,0.7969230553135276,-0.053141282326323036,199.22231878073234,42.45335964424865,1.3045735867500037,,
algorithm_boundary_probe,Aanchor_B,0.7969230653135276,-0.053141282326323036,199.22230826588552,42.45335966675125,1.3045735597118557,,
algorithm_boundary_probe,Aanchor_B,0.8015384294675493,-0.04792818656741782,194.39604116236944,42.456092612903255,1.3012938994896923,,
algorithm_boundary_probe,Aanchor_B,0.8015384394675493,-0.04792818656741782,194.39601230701754,42.456092676170265,1.3012938236619036,,
algorithm_boundary_probe,Aanchor_B,0.8015384494675494,-0.04792818656741782,194.3960019285274,42.456092698451435,1.3012937969571172,,
algorithm_boundary_probe,Aanchor_B,0.806153813621571,-0.04277639836951262,189.63055031022188,42.45881312139195,1.298037353834873,,
algorithm_boundary_probe,Aanchor_B,0.8061538236215711,-0.04277639836951262,189.630522061844,42.45881318422862,1.2980372787113383,,
algorithm_boundary_probe,Aanchor_B,0.8061538336215711,-0.04277639836951262,189.63051159772013,42.458813205621,1.2980372531359665,,
algorithm_boundary_probe,Aanchor_B,0.8107691977755928,-0.038388651587418623,184.82685965972308,42.462247298518484,1.2939381557297651,,
algorithm_boundary_probe,Aanchor_B,0.8107692077755928,-0.038388651587418623,184.82689177019583,42.462247230184985,1.2939382371669723,,
algorithm_boundary_probe,Aanchor_B,0.8107692177755929,-0.038388651587418623,184.82688159532103,42.462247251614045,1.293938211628647,,
algorithm_boundary_probe,Aanchor_B,0.8153845819296145,-0.033630947301064563,180.157857628562,42.465154241131096,1.29047840827093,,
algorithm_boundary_probe,Aanchor_B,0.8153845919296145,-0.033630947301064563,180.15782923923126,42.46515430243301,1.290478335409046,,
algorithm_boundary_probe,Aanchor_B,0.8153846019296146,-0.033630947301064563,180.1578193392087,42.46515432340132,1.290478310486641,,
algorithm_boundary_probe,Aanchor_B,0.8199999660836362,-0.02974760350073514,175.61212530975686,42.46913383517152,1.2857570221540418,,
algorithm_boundary_probe,Aanchor_B,0.8199999760836363,-0.02974760350073514,175.61209875208175,42.469133892972614,1.2857569537044817,,
algorithm_boundary_probe,Aanchor_B,0.8199999860836363,-0.02974760350073514,175.61208862000734,42.46913391425586,1.285756928500305,,
algorithm_boundary_probe,Aanchor_B,0.824615350237658,-0.024344253490257334,170.96936599563008,42.471023895039835,1.2835207112127731,,
algorithm_boundary_probe,Aanchor_B,0.824615360237658,-0.024344253490257334,170.96933839367355,42.47102395414658,1.2835206413387708,,
algorithm_boundary_probe,Aanchor_B,0.8246153702376581,-0.024344253490257334,170.96932914130105,42.4710239754441,1.2835206161615635,,
algorithm_boundary_probe,Aanchor_B,0.8292307343916797,-0.01861171790244922,166.72668493165787,42.47243295375862,1.2818560499584484,,
algorithm_boundary_probe,Aanchor_B,0.8292307443916798,-0.01861171790244922,166.72671880653326,42.47243288873453,1.281856126728045,,
algorithm_boundary_probe,Aanchor_B,0.8292307543916798,-0.01861171790244922,166.72670851833166,42.47243290932681,1.281856102416109,,
algorithm_boundary_probe,Aanchor_B,0.8338461185457015,-0.014432067545382668,162.01135213742114,42.47580400831607,1.2778822437654453,,
algorithm_boundary_probe,Aanchor_B,0.8338461285457015,-0.014432067545382668,162.0113215028852,42.47580406646516,1.2778821753255365,,
algorithm_boundary_probe,Aanchor_B,0.8338461385457016,-0.014432067545382668,162.01131244895706,42.475804086728274,1.2778821514764016,,
algorithm_boundary_probe,Aanchor_B,0.8384615026997232,-0.010480004161751324,157.85984669717934,42.47935557033082,1.2737089803389932,,
algorithm_boundary_probe,Aanchor_B,0.8384615126997232,-0.010480004161751324,157.85982213514941,42.47935562636287,1.2737089146061595,,
algorithm_boundary_probe,Aanchor_B,0.8384615226997233,-0.010480004161751324,157.8598128698591,42.47935564712857,1.273708890245305,,
algorithm_boundary_probe,Aanchor_B,0.8430768868537449,-0.006074571782257402,153.61450219612638,42.48247312105966,1.270056935854041,,
algorithm_boundary_probe,Aanchor_B,0.843076896853745,-0.006074571782257402,153.6145333735985,42.48247305999829,1.2700570072815405,,
algorithm_boundary_probe,Aanchor_B,0.843076906853745,-0.006074571782257402,153.61452381301456,42.48247307968959,1.2700569842473344,,
algorithm_boundary_probe,Aanchor_B,0.8476922710077667,-0.002488065435370074,149.23618018189143,42.48630111673762,1.2655869624910845,,
algorithm_boundary_probe,Aanchor_B,0.8476922810077667,-0.002488065435370074,149.2361532341254,42.48630117168732,1.2655868984390366,,
algorithm_boundary_probe,Aanchor_B,0.8476922910077668,-0.002488065435370074,149.23614411899794,42.486301191375276,1.2655868754897996,,
algorithm_boundary_probe,Aanchor_B,0.8523076551617884,0.0014994429252409196,145.0591892485327,42.489535817429406,1.2618220490640633,,
algorithm_boundary_probe,Aanchor_B,0.8523076651617885,0.0014994429252409196,145.05916378285028,42.48953587242492,1.2618219851493107,,
algorithm_boundary_probe,Aanchor_B,0.8523076751617885,0.0014994429252409196,145.0591552760063,42.48953589193028,1.2618219624805567,,
algorithm_boundary_probe,Aanchor_B,0.8569230393158102,0.005239877569860523,141.162498397764,42.493048339173775,1.2577464589652707,,
algorithm_boundary_probe,Aanchor_B,0.8569230493158102,0.005239877569860523,141.16252819222237,42.49304827578948,1.257746532391372,,
algorithm_boundary_probe,Aanchor_B,0.8569230593158103,0.005239877569860523,141.16251924657794,42.493048295529626,1.2577465095238398,,
algorithm_boundary_probe,Aanchor_B,0.8615384234698319,0.00963169338381577,137.06782100500644,42.49571348861734,1.2546628632835337,,
algorithm_boundary_probe,Aanchor_B,0.8615384334698319,0.00963169338381577,137.06779707967803,42.495713547421275,1.254662795330461,,
algorithm_boundary_probe,Aanchor_B,0.861538443469832,0.00963169338381577,137.06778816127897,42.49571356613781,1.254662773701874,,
algorithm_boundary_probe,Aanchor_B,0.8661538076238536,0.012348907849697431,132.98934434879482,42.500371738979766,1.2492913799445395,,
algorithm_boundary_probe,Aanchor_B,0.8661538176238537,0.012348907849697431,132.98931890947048,42.50037178932347,1.2492913220170758,,
algorithm_boundary_probe,Aanchor_B,0.8661538276238537,0.012348907849697431,132.98931079653576,42.50037180902245,1.2492912993506409,,
algorithm_boundary_probe,Aanchor_B,0.8707691917778754,0.017002389757675148,129.27606525435434,42.50263224992858,1.2466930516982562,,
algorithm_boundary_probe,Aanchor_B,0.8707692017778754,0.017002389757675148,129.27604317120105,42.502632304785664,1.2466929887087923,,
algorithm_boundary_probe,Aanchor_B,0.8707692117778755,0.017002389757675148,129.2760350764106,42.50263232311859,1.2466929676580725,,
algorithm_boundary_probe,Aanchor_B,0.8753845759318971,0.01944864524002162,125.57847873436195,42.50751059099146,1.2411040778652704,,
algorithm_boundary_probe,Aanchor_B,0.8753845859318972,0.01944864524002162,125.57850503720397,42.507510533469414,1.2411041436186678,,
algorithm_boundary_probe,Aanchor_B,0.8753845959318972,0.01944864524002162,125.57849687483,42.507510551591004,1.2411041229038962,,
algorithm_boundary_probe,Aanchor_B,0.8799999600859189,0.022615371631882618,121.8452647911952,42.51123169670214,1.2368577660529922,,
algorithm_boundary_probe,Aanchor_B,0.8799999700859189,0.022615371631882618,121.84524287130881,42.51123174580706,1.236857710113251,,
algorithm_boundary_probe,Aanchor_B,0.879999980085919,0.022615371631882618,121.84523474674964,42.51123176449737,1.236857688821478,,
algorithm_boundary_probe,Aanchor_B,0.8846153442399406,0.02612091980435078,118.13461459972137,42.514718661713424,1.2328918289384558,,
algorithm_boundary_probe,Aanchor_B,0.8846153542399406,0.02612091980435078,118.13459216224376,42.51471871411438,1.2328917694353183,,
algorithm_boundary_probe,Aanchor_B,0.8846153642399407,0.02612091980435078,118.13458476501293,42.51471873227635,1.2328917488117577,,
algorithm_boundary_probe,Aanchor_B,0.8892307283939623,0.029289837755665682,114.75283326771182,42.5184550360906,1.2286563358352387,,
algorithm_boundary_probe,Aanchor_B,0.8892307383939624,0.029289837755665682,114.75285695552186,42.51845498208828,1.2286563969461173,,
algorithm_boundary_probe,Aanchor_B,0.8892307483939624,0.029289837755665682,114.75284959083741,42.518454999472645,1.2286563772733732,,
algorithm_boundary_probe,Aanchor_B,0.8938461125479841,0.0315659331130325,111.39091233639694,42.52314666508899,1.2233585819508601,,
algorithm_boundary_probe,Aanchor_B,0.8938461225479841,0.0315659331130325,111.39089160645055,42.523146711265156,1.2233585299216378,,
algorithm_boundary_probe,Aanchor_B,0.8938461325479842,0.0315659331130325,111.39088464981612,42.52314672940251,1.2233585094852863,,
algorithm_boundary_probe,Aanchor_B,0.8984614967020058,0.0351595666852639,108.212363878607,42.52624529873825,1.21987215872292,,
algorithm_boundary_probe,Aanchor_B,0.8984615067020059,0.0351595666852639,108.2123454655648,42.52624535044444,1.2198721006287605,,
algorithm_boundary_probe,Aanchor_B,0.8984615167020059,0.0351595666852639,108.21233832215509,42.52624536769545,1.2198720812464914,,
algorithm_boundary_probe,Aanchor_B,0.9030768808560276,0.037892497331289104,104.95451325582648,42.530203606993695,1.2154329231651293,,
algorithm_boundary_probe,Aanchor_B,0.9030768908560276,0.037892497331289104,104.95453634829467,42.530203554822805,1.215432981568093,,
algorithm_boundary_probe,Aanchor_B,0.9030769008560277,0.037892497331289104,104.95452922423696,42.53020357158809,1.215432962800109,,
algorithm_boundary_probe,Aanchor_B,0.9076922650100493,0.04034338081275065,101.70826863209766,42.53435184385364,1.210798018142047,,
algorithm_boundary_probe,Aanchor_B,0.9076922750100493,0.04034338081275065,101.70824646099194,42.53435189026383,1.2107979663860466,,
algorithm_boundary_probe,Aanchor_B,0.9076922850100494,0.04034338081275065,101.70824028393223,42.53435190714072,1.2107979475651718,,
algorithm_boundary_probe,Aanchor_B,0.912307649164071,0.0427893050520629,98.89045828958709,42.53855860016319,1.2061157782947096,,
algorithm_boundary_probe,Aanchor_B,0.9123076591640711,0.0427893050520629,98.89044207523351,42.53855864723144,1.2061157260078326,,
algorithm_boundary_probe,Aanchor_B,0.9123076691640711,0.0427893050520629,98.89043580667416,42.53855866407766,1.2061157072938082,,
algorithm_boundary_probe,Aanchor_B,0.9169230333180928,0.045234487738937824,96.03120849156399,42.542753673040636,1.2014645736902094,,
algorithm_boundary_probe,Aanchor_B,0.9169230433180928,0.045234487738937824,96.03122817189697,42.54275362126644,1.2014646309829997,,
algorithm_boundary_probe,Aanchor_B,0.9169230533180929,0.045234487738937824,96.03122202738192,42.5427536378246,1.2014646126599127,,
algorithm_boundary_probe,Aanchor_B,0.9215384174721145,0.0482234298773317,93.23026911824923,42.54601695263741,1.1978588832128596,,
algorithm_boundary_probe,Aanchor_B,0.9215384274721146,0.0482234298773317,93.23025394253631,42.546017000702484,1.1978588301841615,,
algorithm_boundary_probe,Aanchor_B,0.9215384374721146,0.0482234298773317,93.23024763197238,42.54601701686787,1.1978588123493914,,
algorithm_boundary_probe,Aanchor_B,0.9261538016261363,0.05001939635836829,90.35714440185833,42.550854180067724,1.1925339917672027,,
algorithm_boundary_probe,Aanchor_B,0.9261538116261363,0.05001939635836829,90.35712497910163,42.55085422658624,1.1925339406729218,,
algorithm_boundary_probe,Aanchor_B,0.9261538216261364,0.05001939635836829,90.35711973615796,42.55085424224497,1.1925339234739336,,
algorithm_boundary_probe,Aanchor_B,0.930769185780158,0.05158805822628523,87.9698428127018,42.55578908935689,1.1871259627515331,,
algorithm_boundary_probe,Aanchor_B,0.930769195780158,0.05158805822628523,87.9698291689639,42.55578913282549,1.1871259152236948,,
algorithm_boundary_probe,Aanchor_B,0.9307692057801581,0.05158805822628523,87.96982354647434,42.55578914860691,1.1871258979685486,,
algorithm_boundary_probe,Aanchor_B,0.9353845699341797,0.05320466377854129,85.41429471621659,42.56071099559792,1.1817566115644287,,
algorithm_boundary_probe,Aanchor_B,0.9353845799341798,0.05320466377854129,85.41431003930661,42.56071094830389,1.1817566630410539,,
algorithm_boundary_probe,Aanchor_B,0.9353845899341798,0.05320466377854129,85.41430498964684,42.560710963511546,1.181756646488468,,
algorithm_boundary_probe,Aanchor_B,0.9399999540882015,0.05473233520377344,83.11498913133347,42.565497091022394,1.1765587081353182,,
algorithm_boundary_probe,Aanchor_B,0.9399999640882015,0.05473233520377344,83.11497621522275,42.56549713399766,1.1765586615651453,,
algorithm_boundary_probe,Aanchor_B,0.9399999740882016,0.05473233520377344,83.11497109500206,42.56549714905024,1.1765586452534125,,
algorithm_boundary_probe,Aanchor_B,0.9446153382422232,0.056385457032889524,80.78937719179126,42.57002963715755,1.1716572497238076,,
algorithm_boundary_probe,Aanchor_B,0.9446153482422233,0.056385457032889524,80.78936344612531,42.57002967859355,1.1716572050087233,,
algorithm_boundary_probe,Aanchor_B,0.9446153582422233,0.056385457032889524,80.78935850018617,42.57002969398427,1.1716571884000404,,
algorithm_boundary_probe,Aanchor_B,0.949230722396245,0.058542164064345564,78.53975707524735,42.57397626207637,1.1674060350910442,,
algorithm_boundary_probe,Aanchor_B,0.949230732396245,0.058542164064345564,78.53977103618926,42.57397621681967,1.1674060837519853,,
algorithm_boundary_probe,Aanchor_B,0.949230742396245,0.058542164064345564,78.53976647004373,42.57397623156835,1.1674060678938982,,
algorithm_boundary_probe,Aanchor_B,0.9538461065502667,0.060497664716255124,76.46252672816281,42.57792119395017,1.1631720592625618,,
algorithm_boundary_probe,Aanchor_B,0.9538461165502667,0.060497664716255124,76.46251344895461,42.57792123830714,1.1631720117419992,,
algorithm_boundary_probe,Aanchor_B,0.9538461265502668,0.060497664716255124,76.46250926436679,42.57792125226564,1.163171996787964,,
algorithm_boundary_probe,Aanchor_B,0.9584614907042884,0.060864169940931474,74.56563773601567,42.58383842714651,1.156850045786088,,
algorithm_boundary_probe,Aanchor_B,0.9584615007042885,0.060864169940931474,74.56562729556804,42.583838466676795,1.1568500036666431,,
algorithm_boundary_probe,Aanchor_B,0.9584615107042885,0.060864169940931474,74.56562293224651,42.583838480375974,1.1568499890701887,,
algorithm_boundary_probe,Aanchor_B,0.9630768748583102,0.06125707927976485,72.58595829735903,42.589597474404336,1.1507300363733242,,
algorithm_boundary_probe,Aanchor_B,0.9630768848583102,0.06125707927976485,72.5859685111881,42.58959742703577,1.1507300865774457,,
algorithm_boundary_probe,Aanchor_B,0.9630768948583103,0.06125707927976485,72.58596479835036,42.589597441334234,1.150730071423052,,
algorithm_boundary_probe,Aanchor_B,0.9676922590123319,0.06319599001101,70.89984461921716,42.593357707575365,1.1467516031232725,,
algorithm_boundary_probe,Aanchor_B,0.967692269012332,0.06319599001101,70.89983684005071,42.59335775185785,1.1467515563522301,,
algorithm_boundary_probe,Aanchor_B,0.967692279012332,0.06319599001101,70.89983278032932,42.59335776522523,1.146751542233649,,
algorithm_boundary_probe,Aanchor_B,0.9723076431663537,0.06384514856274327,69.05906366513685,42.59858601236885,1.1412427563568948,,
algorithm_boundary_probe,Aanchor_B,0.9723076531663537,0.06384514856274327,69.05905149567715,42.59858605186025,1.141242714846556,,
algorithm_boundary_probe,Aanchor_B,0.9723076631663538,0.06384514856274327,69.05904803701411,42.59858606448091,1.1412427015806816,,
algorithm_boundary_probe,Aanchor_B,0.9769230273203754,0.06387839096276723,67.4957933255667,42.60437483840097,1.135174178034205,,
algorithm_boundary_probe,Aanchor_B,0.9769230373203754,0.06387839096276723,67.49578424555155,42.60437487320288,1.1351741416476313,,
algorithm_boundary_probe,Aanchor_B,0.9769230473203755,0.06387839096276723,67.49578083967994,42.60437488615108,1.1351741281098444,,
algorithm_boundary_probe,Aanchor_B,0.9815384114743971,0.0648401747808702,65.95373622441588,42.608948844707065,1.1304019579676523,,
algorithm_boundary_probe,Aanchor_B,0.9815384214743972,0.0648401747808702,65.95374575897289,42.608948805047376,1.1304019992588892,,
algorithm_boundary_probe,Aanchor_B,0.9815384314743972,0.0648401747808702,65.9537426560573,42.6089488177031,1.130401986082519,,
algorithm_boundary_probe,Aanchor_B,0.9861537956284189,0.06489993013422592,64.55441350438281,42.61471457937204,1.124414939509723,,
algorithm_boundary_probe,Aanchor_B,0.9861538056284189,0.06489993013422592,64.5544049972477,42.61471461555912,1.124414902033501,,
algorithm_boundary_probe,Aanchor_B,0.986153815628419,0.06489993013422592,64.55440212359417,42.61471462799031,1.1244148891594634,,
algorithm_boundary_probe,Aanchor_B,0.9907691797824406,0.06595433979922195,63.25337393564757,42.618912093572035,1.1200762833959594,,
algorithm_boundary_probe,Aanchor_B,0.9907691897824407,0.06595433979922195,63.25336657480771,42.618912129940014,1.1200762458777158,,
algorithm_boundary_probe,Aanchor_B,0.9907691997824407,0.06595433979922195,63.25336364474947,42.618912141381735,1.1200762340741168,,
algorithm_boundary_probe,Aanchor_B,0.9953845639364624,0.06529305997119526,61.927743668890415,42.6251749045532,1.1136339881278319,,
algorithm_boundary_probe,Aanchor_B,0.9953845739364624,0.06529305997119526,61.92774965781508,42.62517486549484,1.1136340281897854,,
algorithm_boundary_probe,Aanchor_B,0.9953845839364625,0.06529305997119526,61.927747345490346,42.625174877384666,1.1136340159944538,,
algorithm_boundary_probe,Aanchor_B,0.9999999480904841,0.06550606431624302,60.887669603110766,42.63035958727826,1.108328762995961,,
algorithm_boundary_probe,Aanchor_B,0.9999999580904841,0.06550606431624302,60.88766559664683,42.630359623609145,1.1083287259090815,,
algorithm_boundary_probe,Aanchor_B,0.9999999680904842,0.06550606431624302,60.88766290757363,42.63035963476039,1.108328714525798,,
algorithm_boundary_probe,Aanchor_B,1.004615332244506,0.0658018586099516,59.675799943814475,42.6350822113047,1.1035183377077762,,
algorithm_boundary_probe,Aanchor_B,1.0046153422445059,0.0658018586099516,59.67580584695433,42.63508217890759,1.1035183706354879,,
algorithm_boundary_probe,Aanchor_B,1.0046153522445058,0.0658018586099516,59.675803556811395,42.63508218970644,1.1035183596597755,,
algorithm_boundary_probe,Aanchor_B,1.0092307163985277,0.06549133689435511,58.64267449455369,42.64053146117755,1.0979937157773367,,
algorithm_boundary_probe,Aanchor_B,1.0092307263985276,0.06549133689435511,58.64265534141086,42.640531555958006,1.0979936199268563,,
algorithm_boundary_probe,Aanchor_B,1.0092307363985276,0.06549133689435511,58.642653250161025,42.64053156654048,1.097993609224915,,
algorithm_boundary_probe,Aanchor_B,1.0138461005525494,0.06506415811800109,57.705005493499826,42.64605350472152,1.092423507672882,,
algorithm_boundary_probe,Aanchor_B,1.0138461105525494,0.06506415811800109,57.70501135571343,42.64605347322007,1.0924235393683537,,
algorithm_boundary_probe,Aanchor_B,1.0138461205525493,0.06506415811800109,57.705009472646076,42.64605348334959,1.0924235291764448,,
algorithm_boundary_probe,Aanchor_B,1.0184614847065712,0.06467564070460517,56.85998680115091,42.65130826973787,1.0871491510882305,,
algorithm_boundary_probe,Aanchor_B,1.018461494706571,0.06467564070460517,56.85999175314765,42.651308235428075,1.0871491854426694,,
algorithm_boundary_probe,Aanchor_B,1.018461504706571,0.06467564070460517,56.85999005484079,42.65130824580233,1.0871491750549154,,
algorithm_boundary_probe,Aanchor_B,1.023076868860593,0.06450101240780115,56.09550041530156,42.65635869021493,1.0821039014988771,,
algorithm_boundary_probe,Aanchor_B,1.0230768788605928,0.06450101240780115,56.0954864107224,42.6563587825117,1.0821038095108868,,
algorithm_boundary_probe,Aanchor_B,1.0230768888605928,0.06450101240780115,56.09548474046663,42.65635879176678,1.0821038002867749,,
algorithm_boundary_probe,Aanchor_B,1.0276922530146146,0.06384301014994644,55.34493941065193,42.661604147942406,1.076888600661242,,
algorithm_boundary_probe,Aanchor_B,1.0276922630146146,0.06384301014994644,55.34494223125885,42.66160411937564,1.0768886289952189,,
algorithm_boundary_probe,Aanchor_B,1.0276922730146145,0.06384301014994644,55.344941054642256,42.66160412846871,1.0768886199762502,,
algorithm_boundary_probe,Aanchor_B,1.0323076371686364,0.06243922460706241,54.819529822245485,42.66786852402971,1.0706931627342846,,
algorithm_boundary_probe,Aanchor_B,1.0323076471686363,0.06243922460706241,54.819536998153126,42.66786850087278,1.0706931855703707,,
algorithm_boundary_probe,Aanchor_B,1.0323076571686363,0.06243922460706241,54.81953551989138,42.66786850937886,1.0706931771821364,,
algorithm_boundary_probe,Aanchor_B,1.0369230213226581,0.061586305290279635,54.16026789743293,42.67305488350989,1.0655908571453816,,
algorithm_boundary_probe,Aanchor_B,1.036923031322658,0.061586305290279635,54.16025542027731,42.67305495814613,1.0655907838939844,,
algorithm_boundary_probe,Aanchor_B,1.036923041322658,0.061586305290279635,54.160254270591736,42.67305496665159,1.0655907755463399,,
algorithm_boundary_probe,Aanchor_B,1.0415384054766799,0.06036402152006817,53.645050444750375,42.6787804307154,1.0599863353939596,,
algorithm_boundary_probe,Aanchor_B,1.0415384154766798,0.06036402152006817,53.645052917691764,42.67878040821381,1.059986357361888,,
algorithm_boundary_probe,Aanchor_B,1.0415384254766797,0.06036402152006817,53.64505199469057,42.67878041597641,1.0599863497833921,,
algorithm_boundary_probe,Aanchor_B,1.0461537896307016,0.05893394733066124,53.2371165624263,42.684468935102124,1.0544472655685386,,
algorithm_boundary_probe,Aanchor_B,1.0461537996307015,0.05893394733066124,53.237121606176906,42.684468913687,1.0544472863665164,,
algorithm_boundary_probe,Aanchor_B,1.0461538096307015,0.05893394733066124,53.23712053437479,42.684468921144926,1.0544472791235175,,
algorithm_boundary_probe,Aanchor_B,1.0507691737847233,0.05729931634435901,52.76511894358709,42.690318462353645,1.048781586982748,,
algorithm_boundary_probe,Aanchor_B,1.0507691837847233,0.05729931634435901,52.76510968386562,42.690318528413805,1.0487815231710476,,
algorithm_boundary_probe,Aanchor_B,1.0507691937847232,0.05729931634435901,52.76510900172096,42.69031853565884,1.04878151617261,,
algorithm_boundary_probe,Aanchor_B,1.055384557938745,0.05597372454381027,52.46505111970502,42.69561352367746,1.0436792029085862,,
algorithm_boundary_probe,Aanchor_B,1.055384567938745,0.05597372454381027,52.46505160937509,42.69561350367413,1.04367922213707,,
algorithm_boundary_probe,Aanchor_B,1.055384577938745,0.05597372454381027,52.46505120916144,42.69561351047341,1.0436792156011703,,
algorithm_boundary_probe,Aanchor_B,1.0599999420927668,0.05450567237849766,52.294160434005384,42.70091139211459,1.0385989569869611,,
algorithm_boundary_probe,Aanchor_B,1.0599999520927668,0.05450567237849766,52.2941570896189,42.700911451296214,1.038598900374711,,
algorithm_boundary_probe,Aanchor_B,1.0599999620927667,0.05450567237849766,52.29415634817236,42.70091145772414,1.0385988942258526,,
algorithm_boundary_probe,Aanchor_B,1.0646153262467886,0.05287460854809338,51.96574179530825,42.706277078485385,1.0334788840108147,,
algorithm_boundary_probe,Aanchor_B,1.0646153362467885,0.05287460854809338,51.965743932250035,42.706277059663044,1.033478901927216,,
algorithm_boundary_probe,Aanchor_B,1.0646153462467884,0.05287460854809338,51.9657432623104,42.70627706557331,1.0334788963014183,,
algorithm_boundary_probe,Aanchor_B,1.0692307104008103,0.0506209054867529,51.66964357791039,42.71231711175269,1.0277455245462395,,
algorithm_boundary_probe,Aanchor_B,1.0692307204008102,0.0506209054867529,51.66964338762587,42.71231709666561,1.0277455388274983,,
algorithm_boundary_probe,Aanchor_B,1.0692307304008102,0.0506209054867529,51.66964306263379,42.712317102080895,1.0277455337014543,,
algorithm_boundary_probe,Aanchor_B,1.073846094554832,0.048584844924165,51.53042527189484,42.717808499484285,1.022560562654638,,
algorithm_boundary_probe,Aanchor_B,1.073846104554832,0.048584844924165,51.530422856726645,42.71780854684313,1.022560518051458,,
algorithm_boundary_probe,Aanchor_B,1.073846114554832,0.048584844924165,51.53042262807235,42.71780855204631,1.0225605131510398,,
algorithm_boundary_probe,Aanchor_B,1.0784614787088538,0.0465050876621073,51.43670235700077,42.723266496941314,1.0174330480506195,,
algorithm_boundary_probe,Aanchor_B,1.0784614887088537,0.0465050876621073,51.43670260991401,42.7232664835016,1.0174330606448496,,
algorithm_boundary_probe,Aanchor_B,1.0784614987088537,0.0465050876621073,51.43670251255894,42.72326648789946,1.0174330565236582,,
algorithm_boundary_probe,Aanchor_B,1.0830768628628755,0.04427546232943976,51.4021466491114,42.72857203726464,1.0124734045115766,,
algorithm_boundary_probe,Aanchor_B,1.0830768728628755,0.04427546232943976,51.402147754879664,42.728572020355195,1.0124734202800152,,
algorithm_boundary_probe,Aanchor_B,1.0830768828628754,0.04427546232943976,51.402147586677266,42.72857202511765,1.0124734158389197,,
algorithm_boundary_probe,Aanchor_B,1.0876922470168973,0.042168275050988746,51.33355228156057,42.73386571784711,1.0075489431885671,,
algorithm_boundary_probe,Aanchor_B,1.0876922570168972,0.042168275050988746,51.333551165916354,42.733865759920114,1.007548904145372,,
algorithm_boundary_probe,Aanchor_B,1.0876922670168971,0.042168275050988746,51.33355100828448,42.73386576369527,1.007548900642079,,
algorithm_boundary_probe,Aanchor_B,1.092307631170919,0.03962086286519454,51.26989608926577,42.739350530278585,1.0024719437964058,,
algorithm_boundary_probe,Aanchor_B,1.092307641170919,0.03962086286519454,51.26989600524719,42.739350521583724,1.0024719518244676,,
algorithm_boundary_probe,Aanchor_B,1.0923076511709189,0.03962086286519454,51.269895988288724,42.739350524629145,1.0024719490126004,,
algorithm_boundary_probe,Aanchor_B,1.0969230153249407,0.036717766568339284,51.27004487583466,42.745019651021806,0.9972512252221998,,
algorithm_boundary_probe,Aanchor_B,1.0969230253249407,0.036717766568339284,51.27004191553833,42.74501963870851,0.9972512365319891,,
algorithm_boundary_probe,Aanchor_B,1.0969230353249406,0.036717766568339284,51.270042264896944,42.745019642058224,0.9972512334552742,,
algorithm_boundary_probe,Aanchor_B,1.1015383994789625,0.03455691109409786,51.438236157594424,42.74973991116271,0.9929250661681123,,
algorithm_boundary_probe,Aanchor_B,1.1015384094789624,0.03455691109409786,51.438239696142375,42.74973994163812,0.9929250382978112,,
algorithm_boundary_probe,Aanchor_B,1.1015384194789624,0.03455691109409786,51.438239861245265,42.749739943895506,0.9929250362333912,,
algorithm_boundary_probe,Aanchor_B,1.1061537836329842,0.03168305160219569,51.52441174372106,42.75500339601682,0.9881231645227311,,
algorithm_boundary_probe,Aanchor_B,1.1061537936329842,0.03168305160219569,51.524411330938435,42.7550033891036,0.9881231708144201,,
algorithm_boundary_probe,Aanchor_B,1.106153803632984,0.03168305160219569,51.52441149106489,42.75500339131139,0.9881231688051186,,
algorithm_boundary_probe,Aanchor_B,1.110769167787006,0.02915420942418678,51.60473656307004,42.75973656557577,0.9838249059969827,,
algorithm_boundary_probe,Aanchor_B,1.110769177787006,0.02915420942418678,51.60473412496378,42.75973656772773,0.9838249040470158,,
algorithm_boundary_probe,Aanchor_B,1.1107691877870058,0.02915420942418678,51.60473450813951,42.75973656896419,0.9838249029266103,,
algorithm_boundary_probe,Aanchor_B,1.1153845519410277,0.026019039874734962,51.78639556899815,42.764910716429135,0.9791475744002388,,
algorithm_boundary_probe,Aanchor_B,1.1153845619410276,0.026019039874734962,51.7863995221866,42.7649107274706,0.9791475644427344,,
algorithm_boundary_probe,Aanchor_B,1.1153845719410276,0.026019039874734962,51.78639967275593,42.76491072860446,0.9791475634201804,,
algorithm_boundary_probe,Aanchor_B,1.1199999360950494,0.022820120379031545,51.861889856062085,42.770130914512286,0.974451151533397,,
algorithm_boundary_probe,Aanchor_B,1.1199999460950494,0.022820120379031545,51.861886739398344,42.77013091552302,0.9744511506262666,,
algorithm_boundary_probe,Aanchor_B,1.1199999560950493,0.022820120379031545,51.86188735092306,42.7701309158716,0.9744511503134148,,
algorithm_boundary_probe,Aanchor_B,1.1246153202490712,0.01951640564152016,52.15119894541897,42.775143069390644,0.9699630963281508,,
algorithm_boundary_probe,Aanchor_B,1.1246153302490711,0.01951640564152016,52.15120093489452,42.775143069606685,0.9699630961351489,,
algorithm_boundary_probe,Aanchor_B,1.124615340249071,0.01951640564152016,52.151201175511794,42.77514306983051,0.969963095935182,,
algorithm_boundary_probe,Aanchor_B,1.129230704403093,0.016054124907965102,52.26757113116326,42.78032958165193,0.9653406762529473,,
algorithm_boundary_probe,Aanchor_B,1.1292307144030929,0.016054124907965102,52.2675724030364,42.78032958440863,0.9653406738019297,,
algorithm_boundary_probe,Aanchor_B,1.1292307244030928,0.016054124907965102,52.26757310804904,42.780329584325365,0.9653406738759592,,
algorithm_boundary_probe,Aanchor_B,1.1338460885571147,0.012938905563877948,52.59964643303233,42.78486540758882,0.9613162329158468,,
algorithm_boundary_probe,Aanchor_B,1.1338460985571146,0.012938905563877948,52.59964590430647,42.784865415120564,0.9613162262472034,,
algorithm_boundary_probe,Aanchor_B,1.1338461085571145,0.012938905563877948,52.59964636013182,42.78486541392792,0.9613162273031738,,
algorithm_boundary_probe,Aanchor_B,1.1384614727111364,0.008894866679118091,52.81497993295104,42.790251718136936,0.9565589768529251,,
algorithm_boundary_probe,Aanchor_B,1.1384614827111363,0.008894866679118091,52.814977243919905,42.790251721540265,0.9565589738545075,,
algorithm_boundary_probe,Aanchor_B,1.1384614927111363,0.008894866679118091,52.81497783008609,42.79025172039054,0.956558974867444,,
algorithm_boundary_probe,Aanchor_B,1.1430768568651581,0.0048422404555149715,53.092217066004615,42.79567092676697,0.9517964228661421,,
algorithm_boundary_probe,Aanchor_B,1.143076866865158,0.0048422404555149715,53.092222626449335,42.7956709172002,0.9517964312527241,,
algorithm_boundary_probe,Aanchor_B,1.143076876865158,0.0048422404555149715,53.092223177669595,42.795670915931744,0.9517964323646981,,
algorithm_boundary_probe,Aanchor_B,1.1476922410191799,0.0016457423922216692,53.351950332366,42.7997765500723,0.9482040783314193,,
algorithm_boundary_probe,Aanchor_B,1.1476922510191798,0.0016457423922216692,53.35194658289022,42.799776562507574,0.9482040674713449,,
algorithm_boundary_probe,Aanchor_B,1.1476922610191798,0.0016457423922216692,53.35194742347242,42.79977656006993,0.9482040696002066,,
algorithm_boundary_probe,Aanchor_B,1.1523076251732016,-0.0026099790457048667,53.74575858685159,42.804899716141094,0.9437404122073556,,
algorithm_boundary_probe,Aanchor_B,1.1523076351732016,-0.0026099790457048667,53.745756042352234,42.804899731409115,0.9437403989361273,,
algorithm_boundary_probe,Aanchor_B,1.1523076451732015,-0.0026099790457048667,53.74575688906307,42.80489972831904,0.9437404016220701,,
algorithm_boundary_probe,Aanchor_B,1.1569230093272234,-0.007102329794707217,54.143362029426044,42.810067555664574,0.9392591114333949,,
algorithm_boundary_probe,Aanchor_B,1.1569230193272233,-0.007102329794707217,54.14337079969412,42.810067527541996,0.9392591357619485,,
algorithm_boundary_probe,Aanchor_B,1.1569230293272232,-0.007102329794707217,54.1433713563271,42.810067524776045,0.9392591381547444,,
algorithm_boundary_probe,Aanchor_B,1.161538393481245,-0.011086971493490996,54.405478412201575,42.81464209882206,0.9353100468296245,,
algorithm_boundary_probe,Aanchor_B,1.161538403481245,-0.011086971493490996,54.40547413623876,42.814642116509546,0.9353100315927027,,
algorithm_boundary_probe,Aanchor_B,1.161538413481245,-0.011086971493490996,54.405475025004286,42.81464211261515,0.9353100349475395,,
algorithm_boundary_probe,Aanchor_B,1.1661537776352668,-0.01580391601448648,54.82149649318299,42.81977097930291,0.930902179789192,,
algorithm_boundary_probe,Aanchor_B,1.1661537876352668,-0.01580391601448648,54.82150449666458,42.819770945391426,0.9309022088646438,,
algorithm_boundary_probe,Aanchor_B,1.1661537976352667,-0.01580391601448648,54.82150515098719,42.819770941400066,0.9309022122868094,,
algorithm_boundary_probe,Aanchor_B,1.1707691617892886,-0.02019943920559958,55.12914632327155,42.82438330607983,0.9269559928272849,,
algorithm_boundary_probe,Aanchor_B,1.1707691717892885,-0.02019943920559958,55.129142056160966,42.82438332397516,0.9269559775490018,,
algorithm_boundary_probe,Aanchor_B,1.1707691817892885,-0.02019943920559958,55.12914322539756,42.82438331878198,0.9269559819827186,,
algorithm_boundary_probe,Aanchor_B,1.1753845459433103,-0.025436604660111183,55.67551501474114,42.82967651315723,0.9224478728076343,,
algorithm_boundary_probe,Aanchor_B,1.1753845559433103,-0.025436604660111183,55.67551265367535,42.82967652476784,0.92244786294319,,
algorithm_boundary_probe,Aanchor_B,1.1753845659433102,-0.025436604660111183,55.67551367799756,42.82967652016561,0.9224478668532714,,
algorithm_boundary_probe,Aanchor_B,1.179999930097332,-0.029147847060252963,56.15286247574274,42.8330042813988,0.9196249096980943,,
algorithm_boundary_probe,Aanchor_B,1.179999940097332,-0.029147847060252963,56.15287155796636,42.83300424235392,0.9196249427693348,,
algorithm_boundary_probe,Aanchor_B,1.179999950097332,-0.029147847060252963,56.1528726362275,42.83300423656998,0.9196249476683727,,
algorithm_boundary_probe,Aanchor_B,1.1846153142513538,-0.03424140300739406,56.656458967019525,42.83780862215221,0.9155645949998124,,
algorithm_boundary_probe,Aanchor_B,1.1846153242513537,-0.03424140300739406,56.65645800426258,42.83780864123809,0.9155645789053353,,
algorithm_boundary_probe,Aanchor_B,1.1846153342513537,-0.03424140300739406,56.65645858973128,42.83780863532988,0.9155645838875335,,
algorithm_boundary_probe,Aanchor_B,1.1892306984053755,-0.03959405042157568,56.932339182806295,42.84293560302097,0.9112513773434876,,
algorithm_boundary_probe,Aanchor_B,1.1892307084053755,-0.03959405042157568,56.932343780544834,42.842935576029525,0.9112513999972308,,
algorithm_boundary_probe,Aanchor_B,1.1892307184053754,-0.03959405042157568,56.932343673523235,42.842935575149745,0.9112514007356257,,
algorithm_boundary_probe,Aanchor_B,1.1938460825593973,-0.04355184487526767,56.9013338759155,42.84834201402006,0.9067250901945897,,
algorithm_boundary_probe,Aanchor_B,1.1938460925593972,-0.04355184487526767,56.901334120254354,42.84834200761325,0.9067250955450802,,
algorithm_boundary_probe,Aanchor_B,1.1938461025593972,-0.04355184487526767,56.9013337478716,42.84834200603597,0.9067250968623009,,
algorithm_boundary_probe,Aanchor_B,1.198461466713419,-0.048322549648422475,56.75509869890374,42.854621314608245,0.9014962263700524,,
algorithm_boundary_probe,Aanchor_B,1.198461476713419,-0.048322549648422475,56.75510001597128,42.854621317432326,0.9014962240251951,,
algorithm_boundary_probe,Aanchor_B,1.198461486713419,-0.048322549648422475,56.75509966823123,42.85462131626765,0.9014962249922366,,
algorithm_boundary_probe,Aanchor_B,1.2030768508674408,-0.05249353593516473,56.612731316826334,42.86020865354251,0.8968689267464973,,
algorithm_boundary_probe,Aanchor_B,1.2030768608674407,-0.05249353593516473,56.61272756502845,42.860208670079764,0.8968689130859477,,
algorithm_boundary_probe,Aanchor_B,1.2030768708674406,-0.05249353593516473,56.61272776748731,42.8602086676235,0.8968689151149326,,
algorithm_boundary_probe,Aanchor_B,1.2076922350214625,-0.057907737543525954,56.7283269112433,42.86702406705208,0.8912567091812934,,
algorithm_boundary_probe,Aanchor_B,1.2076922450214624,-0.057907737543525954,56.72833048606489,42.86702404601391,0.8912567264510544,,
algorithm_boundary_probe,Aanchor_B,1.2076922550214624,-0.057907737543525954,56.728330313146415,42.867024043564754,0.8912567284615135,,
algorithm_boundary_probe,Aanchor_B,1.2123076191754842,-0.06312390833677177,56.6699915234629,42.873548454600886,0.8859170440924016,,
algorithm_boundary_probe,Aanchor_B,1.2123076291754842,-0.06312390833677177,56.669989810042274,42.8735484622678,0.8859170378365061,,
algorithm_boundary_probe,Aanchor_B,1.2123076391754841,-0.06312390833677177,56.6699900453917,42.87354845985808,0.8859170398027452,,
algorithm_boundary_probe,Aanchor_B,1.216923003329506,-0.06791721058061931,56.8007616819771,42.87947088297244,0.8810977369356574,,
algorithm_boundary_probe,Aanchor_B,1.216923013329506,-0.06791721058061931,56.80076273429575,42.87947089278831,0.881097728969876,,
algorithm_boundary_probe,Aanchor_B,1.2169230233295059,-0.06791721058061931,56.80076286302798,42.87947089019421,0.8810977310750384,,
algorithm_boundary_probe,Aanchor_B,1.2215383874835277,-0.07204648184027414,56.87904368342398,42.88433615056708,0.8771583031289188,,
algorithm_boundary_probe,Aanchor_B,1.2215383974835277,-0.07204648184027414,56.879045319696615,42.88433613047169,0.877158319363837,,
algorithm_boundary_probe,Aanchor_B,1.2215384074835276,-0.07204648184027414,56.87904560523121,42.88433612705837,0.8771583221214319,,
algorithm_boundary_probe,Aanchor_B,1.2261537716375495,-0.07779784193419799,57.035502031827306,42.89120385327836,0.8716274474092645,,
algorithm_boundary_probe,Aanchor_B,1.2261537816375494,-0.07779784193419799,57.035499090817765,42.891203865820174,0.8716274373407163,,
algorithm_boundary_probe,Aanchor_B,1.2261537916375493,-0.07779784193419799,57.03549972959407,42.891203862189094,0.8716274402557402,,
algorithm_boundary_probe,Aanchor_B,1.2307691557915712,-0.08351088966824345,57.35013805629392,42.897911623258004,0.8662590596690262,,
algorithm_boundary_probe,Aanchor_B,1.2307691657915711,-0.08351088966824345,57.350141989624795,42.897911631450214,0.866259053132837,,
algorithm_boundary_probe,Aanchor_B,1.230769175791571,-0.08351088966824345,57.35014215209201,42.897911628161765,0.8662590557565415,,
algorithm_boundary_probe,Aanchor_B,1.235384539945593,-0.08791105153794662,57.44299753915769,42.9028473228265,0.8623300289851912,,
algorithm_boundary_probe,Aanchor_B,1.2353845499455929,-0.08791105153794662,57.44299784055907,42.90284729864162,0.8623300481936806,,
algorithm_boundary_probe,Aanchor_B,1.2353845599455928,-0.08791105153794662,57.44299861561957,42.90284729410705,0.8623300517951957,,
algorithm_boundary_probe,Aanchor_B,1.2399999240996147,-0.09383178121247639,57.82461167363349,42.90943757573944,0.8571116707734175,,
algorithm_boundary_probe,Aanchor_B,1.2399999340996146,-0.09383178121247639,57.82461322194853,42.909437585964675,0.8571116627013188,,
algorithm_boundary_probe,Aanchor_B,1.2399999440996146,-0.09383178121247639,57.824613523625814,42.90943758201439,0.857111665819786,,
algorithm_boundary_probe,Aanchor_B,1.2446153082536364,-0.09893742492526425,57.98174402449009,42.915101045801386,0.8526524035731394,,
algorithm_boundary_probe,Aanchor_B,1.2446153182536364,-0.09893742492526425,57.98174059668274,42.91510106760652,0.8526523864490897,,
algorithm_boundary_probe,Aanchor_B,1.2446153282536363,-0.09893742492526425,57.981741165263635,42.91510106289305,0.8526523901506765,,
algorithm_boundary_probe,Aanchor_B,1.2492306924076582,-0.10477441966393375,58.26539248421151,42.921484504827276,0.8476540415350878,,
algorithm_boundary_probe,Aanchor_B,1.249230702407658,-0.10477441966393375,58.265398054919686,42.92148446525326,0.8476540724312457,,
algorithm_boundary_probe,Aanchor_B,1.249230712407658,-0.10477441966393375,58.26539876483969,42.921484460253524,0.8476540763346252,,
algorithm_boundary_probe,Aanchor_B,1.25384607656168,-0.11030140945123089,58.61194768549761,42.927280253659,0.8431412503409433,,
algorithm_boundary_probe,Aanchor_B,1.2538460865616798,-0.11030140945123089,58.611942884059765,42.92728027274539,0.8431412355191813,,
algorithm_boundary_probe,Aanchor_B,1.2538460965616798,-0.11030140945123089,58.611943953496386,42.927280267381235,0.843141239684777,,
algorithm_boundary_probe,Aanchor_B,1.2584614607157016,-0.11652375043728071,59.12963879636532,42.93392853425403,0.8379942241197089,,
algorithm_boundary_probe,Aanchor_B,1.2584614707157016,-0.11652375043728071,59.129640238801805,42.93392854887398,0.8379942128357191,,
algorithm_boundary_probe,Aanchor_B,1.2584614807157015,-0.11652375043728071,59.12964099408147,42.93392854374189,0.8379942167967757,,
algorithm_boundary_probe,Aanchor_B,1.2630768448697234,-0.12189456845307695,59.495252571273554,42.939434253163505,0.8337555496711135,,
algorithm_boundary_probe,Aanchor_B,1.2630768548697233,-0.12189456845307695,59.49525860308432,42.93943421234977,0.8337555810126873,,
algorithm_boundary_probe,Aanchor_B,1.2630768648697233,-0.12189456845307695,59.495259690846495,42.93943420643734,0.8337555855529437,,
algorithm_boundary_probe,Aanchor_B,1.2676922290237451,-0.12812846289220026,60.019441867755745,42.94584587995121,0.828846460079326,,
algorithm_boundary_probe,Aanchor_B,1.267692239023745,-0.12812846289220026,60.019439338117586,42.94584589682947,0.8288464471945319,,
algorithm_boundary_probe,Aanchor_B,1.267692249023745,-0.12812846289220026,60.01944038082672,42.94584589116434,0.8288464515192665,,
algorithm_boundary_probe,Aanchor_B,1.2723076131777669,-0.1335844712398725,60.52134677551522,42.951231402117024,0.8247453547308593,,
algorithm_boundary_probe,Aanchor_B,1.2723076231777668,-0.1335844712398725,60.52135666024487,42.95123135401973,0.8247453912664529,,
algorithm_boundary_probe,Aanchor_B,1.2723076331777667,-0.1335844712398725,60.52135779415658,42.95123134742803,0.8247453962736324,,
algorithm_boundary_probe,Aanchor_B,1.2769229973317886,-0.14019927190685103,61.06473662459954,42.95788573538066,0.8197060581522517,,
algorithm_boundary_probe,Aanchor_B,1.2769230073317885,-0.14019927190685103,61.06473230994242,42.95788575736404,0.8197060415552974,,
algorithm_boundary_probe,Aanchor_B,1.2769230173317885,-0.14019927190685103,61.06473360976298,42.95788575060609,0.8197060466573989,,
algorithm_boundary_probe,Aanchor_B,1.2815383814858103,-0.14622317684837244,61.685595683867724,42.96359636030277,0.8154059850694146,,
algorithm_boundary_probe,Aanchor_B,1.2815383914858103,-0.14622317684837244,61.685592841520304,42.963596378154435,0.8154059716625194,,
algorithm_boundary_probe,Aanchor_B,1.2815384014858102,-0.14622317684837244,61.68559406350843,42.963596371807505,0.8154059764291719,,
algorithm_boundary_probe,Aanchor_B,1.286153765639832,-0.1521623305028027,62.26894511450872,42.96937140111007,0.8110803474255543,,
algorithm_boundary_probe,Aanchor_B,1.286153775639832,-0.1521623305028027,62.26895703348583,42.9693713484266,0.8110803867818249,,
algorithm_boundary_probe,Aanchor_B,1.286153785639832,-0.1521623305028027,62.26895804674025,42.96937134072261,0.811080392536953,,
algorithm_boundary_probe,Aanchor_B,1.2907691497938538,-0.15900444356510876,62.75685191429557,42.975842375110496,0.8062606956474093,,
algorithm_boundary_probe,Aanchor_B,1.2907691597938538,-0.15900444356510876,62.75684517533637,42.97584239887468,0.8062606780002769,,
algorithm_boundary_probe,Aanchor_B,1.2907691697938537,-0.15900444356510876,62.75684681755126,42.97584239132295,0.8062606836081441,,
algorithm_boundary_probe,Aanchor_B,1.2953845339478756,-0.16597436622684267,63.53834779903098,42.9825718300299,0.8012789005461004,,
algorithm_boundary_probe,Aanchor_B,1.2953845439478755,-0.16597436622684267,63.53834771422814,42.9825718548363,0.8012788822388479,,
algorithm_boundary_probe,Aanchor_B,1.2953845539478754,-0.16597436622684267,63.53834891862212,42.9825718472403,0.8012788878447357,,
