metric,shape,AV,DLMAG,relative_error
Banchor_A,0.8430769443511963,0.29436672090256355,42.006715244709454,4.815421916283774e-10
Banchor_A,0.8453846275806427,0.2965475427201881,42.00819590165086,4.612183469077892e-10
Banchor_A,0.8476923108100891,0.2987266918093213,42.0096841103072,4.407926299682347e-10
Banchor_A,0.8499999940395355,0.30150948641383774,42.01041381722636,4.3078047900537565e-10
Banchor_A,0.8523076772689819,0.3042981256984652,42.01114137685885,4.207960602673194e-10
Banchor_A,0.8546153903007507,0.30651871038548095,42.01255507340367,4.013942549309382e-10
Banchor_A,0.8569231033325195,0.3087446940734448,42.013967305169984,3.820072679721535e-10
Banchor_A,0.8592307865619659,0.3112539201788452,42.01500911746151,3.6771178505779956e-10
Banchor_A,0.8615384697914124,0.3137682628360019,42.016049850893495,3.534288718682964e-10
Banchor_A,0.8638461530208588,0.3160233011861973,42.01730327306158,3.3622235771389175e-10
Banchor_A,0.8661538362503052,0.3182840639339794,42.01855503409183,3.190473282563671e-10
Banchor_A,0.8684615194797516,0.32023666967536984,42.02017487761284,2.9681325484620397e-10
Banchor_A,0.870769202709198,0.322196655071463,42.021791168605034,2.746287322028915e-10
Banchor_A,0.8730769157409668,0.32437056896443406,42.023144950709955,2.560510859920736e-10
Banchor_A,0.8753846287727356,0.3264791297278236,42.02458530582515,2.362848220186197e-10
Banchor_A,0.877692312002182,0.32849034807375976,42.02593154857822,2.1780845095516375e-10
Banchor_A,0.8799999952316284,0.33051797341264694,42.027262870497175,1.9953241967563737e-10
Banchor_A,0.8823076784610748,0.3323741133688421,42.02884188085379,1.7786658613783216e-10
Banchor_A,0.8846153616905212,0.33423658566977577,42.03041858384276,1.562236875813175e-10
Banchor_A,0.88692307472229,0.3364464935778567,42.03163109826501,1.395825825567736e-10
Banchor_A,0.8892307877540588,0.33866196873921234,42.03284197282434,1.229629190053328e-10
Banchor_A,0.8915384709835052,0.3408761542785145,42.033894589478024,1.0851893430669764e-10
Banchor_A,0.8938461542129517,0.34303800415606284,42.03501743555045,9.310877740555197e-11
Banchor_A,0.8961538374423981,0.3446704750309543,42.03676998141848,6.905206304808668e-11
Banchor_A,0.8984615206718445,0.3463157358679362,42.038512352939314,4.5144441483491104e-11
Banchor_A,0.9007692337036133,0.34814142375335433,42.040050497617116,2.403321563143549e-11
Banchor_A,0.9030769467353821,0.34996890035319456,42.041591394851004,2.880339556211645e-12
Banchor_A,0.9053846299648285,0.3515362845768605,42.04326631381207,2.0103581501147432e-11
Banchor_A,0.9076923131942749,0.35318271914170807,42.04484840734066,4.182008993492051e-11
Banchor_A,0.9099999964237213,0.3549703591722341,42.0462736258061,6.137952716140957e-11
Banchor_A,0.9123076796531677,0.3569166037016783,42.047507052950635,7.830627959823443e-11
Banchor_A,0.9146153926849365,0.3582821064525795,42.04945124272542,1.049907348505831e-10
Banchor_A,0.9169231057167053,0.359708408328641,42.051324545204274,1.3069909166323274e-10
Banchor_A,0.9192307889461517,0.3613661567299049,42.052835952597064,1.5144495403766474e-10
Banchor_A,0.9215384721755981,0.3630853005506382,42.054275780777495,1.7120378607514994e-10
Banchor_A,0.9238461554050446,0.3646574566392496,42.055855878057066,1.928890485864609e-10
Banchor_A,0.926153838634491,0.36622773385990676,42.05744371619725,2.1468416618780186e-10
Banchor_A,0.9284615218639374,0.36760664036988666,42.05922761861314,2.391661899194215e-10
Banchor_A,0.9307692050933838,0.36895696979014103,42.06105151455597,2.6419966593167667e-10
Banchor_A,0.9330769181251526,0.3703478554866873,42.0627487958137,2.8748876973239855e-10
Banchor_A,0.9353846311569214,0.37176933393407535,42.064412946249334,3.1033266408841303e-10
Banchor_A,0.9376923143863678,0.3730606015547923,42.06620968546001,3.3498841540230365e-10
Banchor_A,0.9399999976158142,0.3743554276973814,42.06800654420037,3.5965025220147546e-10
Banchor_A,0.9423076808452606,0.3755595570000753,42.06977109700804,3.838673383694462e-10
Banchor_A,0.944615364074707,0.37677279422659093,42.07152994995606,4.080085306226596e-10
Banchor_A,0.9469230771064758,0.3778620356043821,42.073505488648216,4.3512161696083356e-10
Banchor_A,0.9492307901382446,0.37895382779097464,42.0754820904823,4.622488013931407e-10
Banchor_A,0.951538473367691,0.3802368303753141,42.07714776132184,4.851083952223646e-10
Banchor_A,0.9538461565971375,0.38154088126788177,42.07879203822369,5.076785757737424e-10
Banchor_A,0.9561538398265839,0.38234832616841563,42.080900728898136,5.366202455801329e-10
Banchor_A,0.9584615230560303,0.3831759627787811,42.08298929967688,5.652846655027549e-10
Banchor_A,0.9607692360877991,0.38420971106371943,42.08487731352031,5.911942193064266e-10
Banchor_A,0.9630769491195679,0.38507167950213,42.08698319208601,6.200978337271588e-10
Banchor_A,0.9653846323490143,0.38624546708265045,42.08861924584619,6.42551624360733e-10
Banchor_A,0.9676923155784607,0.3874226387321256,42.09025536168376,6.650039526426329e-10
Banchor_A,0.9699999988079071,0.38804698302647944,42.092503821640705,6.958619101736298e-10
Banchor_A,0.9723076820373535,0.3886733102812303,42.09475447738901,7.267495342434464e-10
Banchor_A,0.9746153652667999,0.38932645677165123,42.09692199300296,7.565024593369013e-10
Banchor_A,0.9769230484962463,0.389982361345308,42.09909027342133,7.862588012596052e-10
Banchor_A,0.9792307615280151,0.3907299842656808,42.101070945087756,8.134434947237751e-10
Banchor_A,0.9815384745597839,0.3914810310321548,42.10305170494187,8.406258732361831e-10
Banchor_A,0.9838461577892303,0.3920425638016146,42.10527304113853,8.711122161118519e-10
Banchor_A,0.9861538410186768,0.3926076746473493,42.10749402734664,9.015950184808042e-10
Banchor_A,0.9884615242481232,0.39304946339765423,42.10973301351743,9.323234300977253e-10
Banchor_A,0.9907692074775696,0.39349369377967386,42.11197303555969,9.630673654630239e-10
Banchor_A,0.9930769205093384,0.39368564399106365,42.114469241040446,9.973258323801511e-10
Banchor_A,0.9953846335411072,0.39389444259024875,42.116948279549916,1.0313526533286612e-09
Banchor_A,0.9976923167705536,0.3943884904409178,42.11906024267161,1.060333117387938e-09
Banchor_A,1.0,0.39488222640595866,42.12117619148236,1.089376323427402e-09
Banchor_A,1.0023077130317688,0.39524950515379004,42.12329278067523,1.1184260867206822e-09
Banchor_A,1.0046154260635376,0.3956192960749612,42.12541049672412,1.1474919211709515e-09
Banchor_A,0.8430769443511963,0.29436672634173067,42.006715237935374,4.815404852605793e-10
Banchor_A,0.8442307859659195,0.2954561722868001,42.007456039267446,4.713722830465895e-10
Banchor_A,0.8453846275806427,0.2965475377766289,42.00819590780769,4.612162630575184e-10
Banchor_A,0.8465384691953659,0.29763080116325313,42.008947127050284,4.509078975296087e-10
Banchor_A,0.8476923108100891,0.2987266843863786,42.009684119551586,4.4079282083772534e-10
Banchor_A,0.8488461524248123,0.300116963717862,42.01004973535029,4.357753604831808e-10
Banchor_A,0.8499999940395355,0.3015094871322859,42.01041381633163,4.3077953063516476e-10
Banchor_A,0.8511538356542587,0.3029032099431908,42.01077768234507,4.2578200474409373e-10
Banchor_A,0.8523076772689819,0.30429817030545847,42.01114132130707,4.20794914405989e-10
Banchor_A,0.8534615337848663,0.3054076598044259,42.01184850434137,4.1108624106318483e-10
Banchor_A,0.8546153903007507,0.3065187246246786,42.01255505567089,4.013927344937968e-10
Banchor_A,0.8557692468166351,0.3076313610279516,42.01326098355196,3.917024272722247e-10
Banchor_A,0.8569231033325195,0.3087446785067374,42.013967324555814,3.820085990032893e-10
Banchor_A,0.8580769449472427,0.30999865680148175,42.014488365085974,3.748600169562327e-10
Banchor_A,0.8592307865619659,0.3112539432422112,42.01500908874005,3.677091229839276e-10
Banchor_A,0.8603846281766891,0.312510455124835,42.01552960154507,3.605673120138357e-10
Banchor_A,0.8615384697914124,0.3137682748625144,42.01604983591668,3.534250700667767e-10
Banchor_A,0.8626923114061356,0.31489504728370565,42.016676799328856,3.4482151172443925e-10
Banchor_A,0.8638461530208588,0.31602332021516377,42.017303249364616,3.362227353798471e-10
Banchor_A,0.864999994635582,0.31715294288543155,42.017929377631525,3.2763198312867694e-10
Banchor_A,0.8661538362503052,0.3182840547043714,42.018555045585494,3.190446665331788e-10
Banchor_A,0.8673076778650284,0.31925943788173355,42.019365413435196,3.079239491721691e-10
Banchor_A,0.8684615194797516,0.3202366685051481,42.0201748790701,2.968140159572007e-10
Banchor_A,0.8696153610944748,0.32121574657680635,42.020983445633235,2.857146623897734e-10
Banchor_A,0.870769202709198,0.3221966930393331,42.021791121324895,2.746304405748537e-10
Banchor_A,0.8719230592250824,0.3232845392670406,42.0224662298956,2.6536324908291665e-10
Banchor_A,0.8730769157409668,0.32437054551249905,42.023144979913695,2.5605013645607925e-10
Banchor_A,0.8742307722568512,0.3254274662163182,42.02386130507887,2.4621701480160657e-10
Banchor_A,0.8753846287727356,0.3264791294371183,42.0245853061871,2.362846315500404e-10
Banchor_A,0.8765384703874588,0.32747746013532564,42.02526680232844,2.26929986562045e-10
Banchor_A,0.877692312002182,0.3284903590555778,42.025931534905006,2.1780349495211554e-10
Banchor_A,0.8788461536169052,0.3295034041223039,42.02659745118715,2.0866492016880668e-10
Banchor_A,0.8799999952316284,0.33051797315380016,42.02726287081945,1.9953718623852007e-10
Banchor_A,0.8811538368463516,0.33144524598129005,42.02805267703113,1.8869636918300443e-10
Banchor_A,0.8823076784610748,0.33237411854795457,42.02884187440557,1.7786181590040483e-10
Banchor_A,0.883461520075798,0.33330456214236603,42.02963050247701,1.6704058045079164e-10
Banchor_A,0.8846153616905212,0.33423660343171757,42.03041856172869,1.5622540483519498e-10
Banchor_A,0.8857692182064056,0.33534086241661876,42.03102501527485,1.4790252443665395e-10
Banchor_A,0.88692307472229,0.336446489539456,42.03163110329286,1.3958411091445052e-10
Banchor_A,0.8880769312381744,0.3375535503182497,42.03223674718461,1.3126900202560378e-10
Banchor_A,0.8892307877540588,0.3386619849584406,42.03284195263148,1.2296349152841563e-10
Banchor_A,0.890384629368782,0.3397614783934547,42.03337708297275,1.1561695844290785e-10
Banchor_A,0.8915384709835052,0.34087613202039646,42.033894617188885,1.0851797918341617e-10
Banchor_A,0.8926923125982285,0.34195643453969216,42.03445615827175,1.0080909159324925e-10
Banchor_A,0.8938461542129517,0.3430379798614267,42.03501746579626,9.310418631200698e-11
Banchor_A,0.8949999958276749,0.34385721567411853,42.03588928806975,8.114292989575949e-11
Banchor_A,0.8961538374423981,0.34467047515448557,42.03676998126469,6.905455210419546e-11
Banchor_A,0.8973076790571213,0.34549225026491737,42.0376415022585,5.709473283578407e-11
Banchor_A,0.8984615206718445,0.34631574985870756,42.038512335521936,4.5139268050641415e-11
Banchor_A,0.8996153771877289,0.347227979005377,42.03928154420184,3.458678710925791e-11
Banchor_A,0.9007692337036133,0.34814142289937433,42.04005049868024,2.403091537010348e-11
Banchor_A,0.9019230902194977,0.3490506984309017,42.04082590222645,1.3390364128710245e-11
Banchor_A,0.9030769467353821,0.34996891099075006,42.04159138160848,2.879572425170883e-12
Banchor_A,0.9042307883501053,0.35078271693593005,42.04239066708657,8.088206133285106e-12
Banchor_A,0.9053846299648285,0.3515362791665881,42.04326632054741,2.0105884865834376e-11
Banchor_A,0.9065384715795517,0.35235403532831083,42.044063451471544,3.104687773721303e-11
Banchor_A,0.9076923131942749,0.35318271907909327,42.044848407418606,4.181586368581294e-11
Banchor_A,0.9088461548089981,0.3540757270723254,42.04556132975591,5.1604836780645106e-11
Banchor_A,0.9099999964237213,0.35497035826800555,42.04627362693177,6.137683608534544e-11
Banchor_A,0.9111538380384445,0.3558666150987979,42.04698529895354,7.114474468882038e-11
Banchor_A,0.9123076796531677,0.3569166046507477,42.04750705176918,7.830627956869402e-11
Banchor_A,0.9134615361690521,0.3575987816426324,42.0484792387772,9.164736589807269e-11
Banchor_A,0.9146153926849365,0.3582821063658689,42.049451242833356,1.0498958010315638e-10
Banchor_A,0.9157692492008209,0.3590228691609208,42.05035297610831,1.173665468433983e-10
Banchor_A,0.9169231057167053,0.35970840793524234,42.051324545693944,1.3070236561252113e-10
Banchor_A,0.9180769473314285,0.3605662002947301,42.0520436483486,1.4056658792686465e-10
Banchor_A,0.9192307889461517,0.3613661566488231,42.052835952697976,1.5144013573018043e-10
Banchor_A,0.9203846305608749,0.36222542164694194,42.05355558894861,1.6131606578101532e-10
Banchor_A,0.9215384721755981,0.3630852996406843,42.054275781910015,1.7120455764585334e-10
Banchor_A,0.9226923137903214,0.36387379801922476,42.05506214618894,1.8199846014813128e-10
Banchor_A,0.9238461554050446,0.36465744911975934,42.055855887415554,1.928869258797657e-10
Banchor_A,0.9249999970197678,0.36544132820616854,42.05665068647111,2.0379888297989242e-10
Banchor_A,0.926153838634491,0.3662277311239765,42.05744371960224,2.146845527719673e-10
Banchor_A,0.9273076802492142,0.3669167319223583,42.05833566157745,2.2692545909720947e-10
Banchor_A,0.9284615218639374,0.36760664029308987,42.05922761870872,2.391659965942432e-10
Banchor_A,0.9296153634786606,0.3682837447013184,42.060136599674685,2.5163924821570885e-10
Banchor_A,0.9307692050933838,0.36895697005149775,42.06105151423071,2.641961830370246e-10
Banchor_A,0.9319230616092682,0.36963907026045567,42.06191615545478,2.760669232784648e-10
Banchor_A,0.9330769181251526,0.3703478546801711,42.06274879681732,2.874932234571866e-10
Banchor_A,0.934230774641037,0.371057956595576,42.063581062795606,2.989106135502607e-10
Banchor_A,0.9353846311569214,0.37176934505472486,42.06441293241137,3.103291747065918e-10
Banchor_A,0.9365384727716446,0.372414506883403,42.06531132533005,3.226637423846802e-10
Banchor_A,0.9376923143863678,0.37306058396714337,42.066209707344775,3.349876420290264e-10
Banchor_A,0.938846156001091,0.3737075401117813,42.06710812585551,3.4732300260373034e-10
Banchor_A,0.9399999976158142,0.37435538571762605,42.06800659643592,3.596500641166498e-10
Banchor_A,0.9411538392305374,0.37495519592905213,42.068890978164866,3.717894634027872e-10
Banchor_A,0.9423076808452606,0.37555955754733766,42.069771096327095,3.8386578435287213e-10
Banchor_A,0.9434615224599838,0.3761654193557259,42.07065074949022,3.959435294383598e-10
Banchor_A,0.944615364074707,0.37677279486234394,42.07152994916503,4.0800542003328217e-10
Banchor_A,0.9457692205905914,0.37731659989989313,42.07251819727808,4.2157021428849284e-10
Banchor_A,0.9469230771064758,0.37786203639848354,42.0735054876602,4.3512356240476255e-10
Banchor_A,0.9480769336223602,0.3784075214903093,42.07449379192809,4.486859830771604e-10
Banchor_A,0.9492307901382446,0.37895382856512005,42.07548208951914,4.6225055365463325e-10
Banchor_A,0.9503846317529678,0.3795947290574701,42.076315080416016,4.736797742313489e-10
Banchor_A,0.951538473367691,0.38023683149652304,42.0771477599269,4.851080052320925e-10
Banchor_A,0.9526923149824142,0.3809077549979674,42.07794577083924,4.960605188394015e-10
Banchor_A,0.9538461565971375,0.3815408437397151,42.07879208491274,5.076750722115868e-10
Banchor_A,0.9549999982118607,0.38195085024071274,42.07983799172796,5.220293345448107e-10
Banchor_A,0.9561538398265839,0.3823483275698981,42.0809007271546,5.366157549252802e-10
Banchor_A,0.9573076814413071,0.3827625421469781,42.08194387594631,5.509349211391223e-10
Banchor_A,0.9584615230560303,0.3831759632556412,42.08298929908365,5.652803665312639e-10
Banchor_A,0.9596153795719147,0.3836058554643138,42.08404101901638,5.797176227474587e-10
Banchor_A,0.9607692360877991,0.3842097107077424,42.08487731396319,5.911924591446577e-10
Banchor_A,0.9619230926036835,0.38464033651082896,42.08593017966819,6.056434160450051e-10
Banchor_A,0.9630769491195679,0.385071679137608,42.08698319253951,6.200974422629552e-10
Banchor_A,0.9642307907342911,0.3856581448850778,42.08780122183975,6.313214464839185e-10
Banchor_A,0.9653846323490143,0.38624546261837905,42.088619251400054,6.425482949164704e-10
Banchor_A,0.9665384739637375,0.3868336326430023,42.08943728272627,6.537780084795802e-10
Banchor_A,0.9676923155784607,0.38742266608572645,42.090255327654894,6.650039454260654e-10
Banchor_A,0.9688461571931839,0.38773428532892235,42.09137966661378,6.804355956655953e-10
Banchor_A,0.9699999988079071,0.3880469661668937,42.09250384261408,6.958601483249664e-10
Banchor_A,0.9711538404226303,0.3883607080740818,42.09362785841097,7.112870340877883e-10
Banchor_A,0.9723076820373535,0.3886733055214719,42.09475448331001,7.267544481207797e-10
Banchor_A,0.9734615236520767,0.3889995412735598,42.09583814027981,7.416255577024701e-10
Banchor_A,0.9746153652667999,0.38932646542204896,42.09692198224241,7.565002934818314e-10
Banchor_A,0.9757692068815231,0.38965407635498106,42.098006013085076,7.7138124200885e-10
Banchor_A,0.9769230484962463,0.38998238223985343,42.09909024743054,7.862595820254489e-10
Banchor_A,0.9780769050121307,0.39035571429605737,42.1000806306113,7.998489426965431e-10
Banchor_A,0.9792307615280151,0.3907299853190232,42.10107094377753,8.134403421657999e-10
Banchor_A,0.9803846180438995,0.391105079685043,42.102061332808326,8.270367951522285e-10
Banchor_A,0.9815384745597839,0.3914810643494732,42.103051663500366,8.406260593374951e-10
Banchor_A,0.9826923161745071,0.39176134483301955,42.104162427028356,8.558741597086622e-10
Banchor_A,0.9838461577892303,0.39204255759660145,42.10527304885635,8.711145868453303e-10
Banchor_A,0.9849999994039536,0.39232466400679955,42.10638357866328,8.863558530562506e-10
Banchor_A,0.9861538410186768,0.39260766962395627,42.10749403359455,9.015958105086146e-10
Banchor_A,0.9873076826334,0.39282825816146105,42.108613401430425,9.169563845946884e-10
Banchor_A,0.9884615242481232,0.39304945999363494,42.10973301775114,9.323254092280602e-10
Banchor_A,0.9896153658628464,0.3932712758822363,42.11085288314451,9.476934161872822e-10
Banchor_A,0.9907692074775696,0.3934937103524702,42.11197301494787,9.630659730152895e-10
Banchor_A,0.991923063993454,0.39358226802909857,42.11322987637155,9.803158870636985e-10
Banchor_A,0.9930769205093384,0.3936856403046875,42.11446924562506,9.973288071863373e-10
Banchor_A,0.9942307770252228,0.39378969994920493,42.11570872765077,1.014337096695692e-09
Banchor_A,0.9953846335411072,0.3938944397978464,42.116948283022616,1.0313518607545301e-09
Banchor_A,0.9965384751558304,0.39414971327107085,42.11799354860351,1.0456955471816743e-09
Banchor_A,0.9976923167705536,0.3943884884678792,42.11906024512529,1.0603353029275149e-09
Banchor_A,0.9988461583852768,0.3946308531113093,42.12012338725146,1.074925285616119e-09
Banchor_A,1.0,0.39488218776941536,42.121176239528374,1.0893773340663803e-09
Banchor_A,1.0011538565158844,0.39506578257784586,42.122234053147025,1.1038946296928645e-09
Banchor_A,1.0023077130317688,0.3952495120870981,42.123292772053624,1.118425685624475e-09
Banchor_A,1.0034615695476532,0.3954340132755233,42.124351605755095,1.1329551330427698e-09
Banchor_A,1.0046154260635376,0.3956192984751161,42.125410493739594,1.147490126987877e-09
Banchor_A,0.9169230652665872,0.3597083394212954,42.051324568356605,1.3070294365384085e-10
Banchor_A,0.9238481166825304,0.3646588210777719,42.05585718806019,1.9291059886715024e-10
Banchor_A,0.8430768868537449,0.29436672634173067,42.006715208792336,4.815414287256915e-10
Banchor_A,0.843076896853745,0.29436672634173067,42.00671515161734,4.815433166527857e-10
Banchor_A,0.843076906853745,0.29436672634173067,42.00671516979054,4.815393398377155e-10
Banchor_A,0.8476922710077667,0.2987266843863786,42.00968401478189,4.407971687877918e-10
Banchor_A,0.8476922810077667,0.2987266843863786,42.00968406540379,4.4079527645873426e-10
Banchor_A,0.8476922910077668,0.2987266843863786,42.00968408357278,4.407911089145244e-10
Banchor_A,0.8523076551617884,0.30429817030545847,42.011141248815605,4.2079680049605525e-10
Banchor_A,0.8523076651617885,0.30429817030545847,42.01114129939564,4.2079680933337064e-10
Banchor_A,0.8523076751617885,0.30429817030545847,42.011141317493504,4.20792637206281e-10
Banchor_A,0.8569230393158102,0.3087446785067374,42.01396728444476,3.820093542392711e-10
Banchor_A,0.8569230493158102,0.3087446785067374,42.013967227087036,3.820074466334038e-10
Banchor_A,0.8569230593158103,0.3087446785067374,42.01396724513123,3.8200839818155697e-10
Banchor_A,0.8615384234698319,0.3137682748625144,42.016049720113394,3.5343075531950915e-10
Banchor_A,0.8615384334698319,0.3137682748625144,42.01604977203117,3.53430192300969e-10
Banchor_A,0.861538443469832,0.3137682748625144,42.01604978962003,3.534267743808684e-10
Banchor_A,0.8661538076238536,0.3182840547043714,42.01855496389351,3.1904865169979865e-10
Banchor_A,0.8661538176238537,0.3182840547043714,42.018555012906965,3.1904504445953177e-10
Banchor_A,0.8661538276238537,0.3182840547043714,42.01855503045112,3.1904219269321214e-10
Banchor_A,0.8707691917778754,0.3221966930393331,42.021791070964,2.746325303300918e-10
Banchor_A,0.8707692017778754,0.3221966930393331,42.02179111968714,2.746340557391745e-10
Banchor_A,0.8707692117778755,0.3221966930393331,42.02179113727241,2.746321546212023e-10
Banchor_A,0.8753845759318971,0.3264791294371183,42.02458528691826,2.3628062954385337e-10
Banchor_A,0.8753845859318972,0.3264791294371183,42.02458523475815,2.3628500713314887e-10
Banchor_A,0.8753845959318972,0.3264791294371183,42.02458525143125,2.3628405591619476e-10
Banchor_A,0.8799999600859189,0.33051797315380016,42.02726278246706,1.995345112952117e-10
Banchor_A,0.8799999700859189,0.33051797315380016,42.0272628284619,1.995352765043563e-10
Banchor_A,0.879999980085919,0.33051797315380016,42.027262845306744,1.9953432443556216e-10
Banchor_A,0.8846153442399406,0.33423660343171757,42.030418502358366,1.5622807439994216e-10
Banchor_A,0.8846153542399406,0.33423660343171757,42.03041854893963,1.562219674460102e-10
Banchor_A,0.8846153642399407,0.33423660343171757,42.030418566104814,1.5622616878039422e-10
Banchor_A,0.8892307283939623,0.3386619849584406,42.03284192259662,1.2296177032733438e-10
Banchor_A,0.8892307383939624,0.3386619849584406,42.032841871209875,1.2296750089930543e-10
Banchor_A,0.8892307483939624,0.3386619849584406,42.03284188770531,1.2296329735988348e-10
Banchor_A,0.8938461125479841,0.3430379798614267,42.035017367617435,9.310513945682965e-11
Banchor_A,0.8938461225479841,0.3430379798614267,42.035017413900825,9.310590659524233e-11
Banchor_A,0.8938461325479842,0.3430379798614267,42.035017430289734,9.310571580352995e-11
Banchor_A,0.8984614967020058,0.34631574985870756,42.03851226703212,4.514175773979329e-11
Banchor_A,0.8984615067020059,0.34631574985870756,42.038512312467226,4.5143866108667855e-11
Banchor_A,0.8984615167020059,0.34631574985870756,42.03851232897043,4.514405794118067e-11
Banchor_A,0.9030768808560276,0.34996891099075006,42.04159134194628,2.8805312878053233e-12
Banchor_A,0.9030768908560276,0.34996891099075006,42.04159129386964,2.8834079165652116e-12
Banchor_A,0.9030769008560277,0.34996891099075006,42.04159130957111,2.8855175117884015e-12
Banchor_A,0.9076922650100493,0.35318271907909327,42.044848303658775,4.181682242533142e-11
Banchor_A,0.9076922750100493,0.35318271907909327,42.04484834705827,4.181816799464178e-11
Banchor_A,0.9076922850100494,0.35318271907909327,42.044848362865935,4.182028136023259e-11
Banchor_A,0.912307649164071,0.3569166046507477,42.04750697536677,7.830608505211938e-11
Banchor_A,0.9123076591640711,0.3569166046507477,42.047507019437504,7.830724037213238e-11
Banchor_A,0.9123076691640711,0.3569166046507477,42.04750703521744,7.830377885690541e-11
Banchor_A,0.9169230333180928,0.35970840793524234,42.051324497455994,1.3069774148679226e-10
Banchor_A,0.9169230433180928,0.35970840793524234,42.05132444910003,1.306960052962328e-10
Banchor_A,0.9169230533180929,0.35970840793524234,42.05132446458017,1.3069850969693853e-10
Banchor_A,0.9215384174721145,0.3630852996406843,42.054275669531904,1.7120397130215498e-10
Banchor_A,0.9215384274721146,0.3630852996406843,42.05427571344894,1.712041672758854e-10
Banchor_A,0.9215384374721146,0.3630852996406843,42.05427572876342,1.7120378255396636e-10
Banchor_A,0.9261538016261363,0.3662277311239765,42.05744363557314,2.1468319341137677e-10
Banchor_A,0.9261538116261363,0.3662277311239765,42.057443678666004,2.1468242442962022e-10
Banchor_A,0.9261538216261364,0.3662277311239765,42.05744369382288,2.1468184616684827e-10
Banchor_A,0.930769185780158,0.36895697005149775,42.061051457995106,2.641952097846745e-10
Banchor_A,0.930769195780158,0.36895697005149775,42.061051500404524,2.641942467331533e-10
Banchor_A,0.9307692057801581,0.36895697005149775,42.061051515250284,2.6419908552797365e-10
Banchor_A,0.9353845699341797,0.37176934505472486,42.06441290365919,3.103326593395676e-10
Banchor_A,0.9353845799341798,0.37176934505472486,42.064412856914686,3.103268405317603e-10
Banchor_A,0.9353845899341798,0.37176934505472486,42.06441287165359,3.1032897381897627e-10
Banchor_A,0.9399999540882015,0.37435538571762605,42.06800650596197,3.596475287829624e-10
Banchor_A,0.9399999640882015,0.37435538571762605,42.068006549071576,3.5964986315900983e-10
Banchor_A,0.9399999740882016,0.37435538571762605,42.068006563198544,3.596518059942086e-10
Banchor_A,0.9446153382422232,0.37677279486234394,42.0715298874638,4.080083259034023e-10
Banchor_A,0.9446153482422233,0.37677279486234394,42.07152992632814,4.08005611036145e-10
Banchor_A,0.9446153582422233,0.37677279486234394,42.071529940752214,4.0800502996903006e-10
Banchor_A,0.949230722396245,0.37895382856512005,42.07548205216276,4.6224860020931283e-10
Banchor_A,0.949230732396245,0.37895382856512005,42.07548200795937,4.622507320689495e-10
Banchor_A,0.949230742396245,0.37895382856512005,42.07548202208423,4.622480089304383e-10
Banchor_A,0.9538461065502667,0.3815408437397151,42.07879198895038,5.076760263948932e-10
Banchor_A,0.9538461165502667,0.3815408437397151,42.07879203092974,5.07677402456925e-10
Banchor_A,0.9538461265502668,0.3815408437397151,42.078792044409695,5.07676624830201e-10
Banchor_A,0.9584614907042884,0.3831759632556412,42.08298923140544,5.652825012369763e-10
Banchor_A,0.9584615007042885,0.3831759632556412,42.08298926836124,5.6527918684107e-10
Banchor_A,0.9584615107042885,0.3831759632556412,42.08298928210622,5.652848567798221e-10
Banchor_A,0.9630768748583102,0.385071679137608,42.08698314795206,6.200944939931453e-10
Banchor_A,0.9630768848583102,0.385071679137608,42.08698310637502,6.200966388325885e-10
Banchor_A,0.9630768948583103,0.385071679137608,42.08698311978349,6.20097620879793e-10
Banchor_A,0.9676922590123319,0.38742266608572645,42.09025522781112,6.650039200743363e-10
Banchor_A,0.967692269012332,0.38742266608572645,42.09025526665755,6.65001966431104e-10
Banchor_A,0.967692279012332,0.38742266608572645,42.09025527975663,6.650041270136885e-10
Banchor_A,0.9723076431663537,0.3886733055214719,42.094754408987114,7.267516725046475e-10
Banchor_A,0.9723076531663537,0.3886733055214719,42.09475444605369,7.26751687391121e-10
Banchor_A,0.9723076631663538,0.3886733055214719,42.0947544589581,7.267512977597397e-10
Banchor_A,0.9769230273203754,0.38998238223985343,42.09909019712997,7.862558281691586e-10
Banchor_A,0.9769230373203754,0.38998238223985343,42.09909023334541,7.862574121429425e-10
Banchor_A,0.9769230473203755,0.38998238223985343,42.09909024594857,7.862570228494769e-10
Banchor_A,0.9815384114743971,0.3914810643494732,42.10305163673175,8.406295991700673e-10
Banchor_A,0.9815384214743972,0.3914810643494732,42.10305159638093,8.4062899603941e-10
Banchor_A,0.9815384314743972,0.3914810643494732,42.103051609024604,8.406272252044652e-10
Banchor_A,0.9861537956284189,0.39260766962395627,42.107493953609705,9.015971659393427e-10
Banchor_A,0.9861538056284189,0.39260766962395627,42.10749399086208,9.015983603365826e-10
Banchor_A,0.986153815628419,0.39260766962395627,42.10749400293672,9.015936241504289e-10
Banchor_A,0.9907691797824406,0.3934937103524702,42.11197295998181,9.63065353578317e-10
Banchor_A,0.9907691897824407,0.3934937103524702,42.111972993991174,9.630695290953316e-10
Banchor_A,0.9907691997824407,0.3934937103524702,42.11197300583438,9.630711178837236e-10
Banchor_A,0.9953845639364624,0.3938944397978464,42.11694825013123,1.0313528390184908e-09
Banchor_A,0.9953845739364624,0.3938944397978464,42.1169482126513,1.0313494501302741e-09
Banchor_A,0.9953845839364625,0.3938944397978464,42.11694822445765,1.0313512409358193e-09
Banchor_A,0.9999999480904841,0.39488218776941536,42.12117615713541,1.089375905946454e-09
Banchor_A,0.9999999580904841,0.39488218776941536,42.12117619283432,1.0893765141968991e-09
Banchor_A,0.9999999680904842,0.39488218776941536,42.121176203975956,1.0893785080111232e-09
Banchor_A,1.004615332244506,0.3956192984751161,42.1254104357111,1.1474883014648376e-09
Banchor_A,1.0046153422445059,0.3956192984751161,42.12541040100241,1.1474908840321038e-09
Banchor_A,1.0046153522445058,0.3956192984751161,42.12541041206639,1.147489294931249e-09
Banchor_A,0.9169230433180928,0.35970836169846054,42.05132450665142,1.3069908904213592e-10
Banchor_B,0.8407692313194275,0.29492190315609307,42.00244303955082,5.401703819100731e-10
Banchor_B,0.8430769443511963,0.29726926479945603,42.003835298046425,5.210688536885708e-10
Banchor_B,0.8453846275806427,0.2994633449308451,42.0053045295686,5.009028420852433e-10
Banchor_B,0.8476923108100891,0.30165527316652835,42.006782067039644,4.806254427034965e-10
Banchor_B,0.8499999940395355,0.3044504860919081,42.00750105477001,4.707517310474485e-10
Banchor_B,0.8523076772689819,0.30724915812914116,42.008220864006766,4.6087851346541387e-10
Banchor_B,0.8546153903007507,0.3094812578600473,42.00962519143829,4.4160454890812915e-10
Banchor_B,0.8569231033325195,0.3117197296564857,42.011026874102896,4.2236399455687184e-10
Banchor_B,0.8592307865619659,0.3142397995749927,42.0120595673256,4.081916279418648e-10
Banchor_B,0.8615384697914124,0.3167642555509254,42.01309211224785,3.940238229383506e-10
Banchor_B,0.8638461530208588,0.3190319109359904,42.014335227495735,3.76957856334571e-10
Banchor_B,0.8661538362503052,0.32130537541544385,42.01557661399984,3.5992455255823827e-10
Banchor_B,0.8684615194797516,0.32327107118490056,42.01718519463392,3.378447739639108e-10
Banchor_B,0.870769202709198,0.32524166634313206,42.0187933357185,3.157758331630422e-10
Banchor_B,0.8730769157409668,0.3274318019371768,42.02013268474032,2.9739052258218406e-10
Banchor_B,0.8753846287727356,0.3295863860156419,42.021521653551346,2.7832684896834757e-10
Banchor_B,0.877692312002182,0.33161387097369704,42.02285336633832,2.6005596184252095e-10
Banchor_B,0.8799999952316284,0.33362251943788185,42.02421385183259,2.4138184513407656e-10
Banchor_B,0.8823076784610748,0.3354938721914406,42.025779677604326,2.1989290246977594e-10
Banchor_B,0.8846153616905212,0.3373715934224928,42.0273431856426,1.9842876823136724e-10
Banchor_B,0.88692307472229,0.3395933410439435,42.02854630432296,1.8192027727683582e-10
Banchor_B,0.8892307877540588,0.34182073319841866,42.02974771809835,1.6543056562766093e-10
Banchor_B,0.8915384709835052,0.3439904206677624,42.0308612111458,1.5015023783019325e-10
Banchor_B,0.8938461542129517,0.34622301449271264,42.031901621365286,1.35869652208062e-10
Banchor_B,0.8961538374423981,0.34787689876048516,42.033633009600685,1.1210849141824043e-10
Banchor_B,0.8984615206718445,0.3495366562875889,42.03536286481456,8.836634455519516e-11
Banchor_B,0.9007692337036133,0.35136614784958814,42.03690259629529,6.723539634894535e-11
Banchor_B,0.9030769467353821,0.3532126000417574,42.0384262384174,4.632471838984472e-11
Banchor_B,0.9053846299648285,0.3548499973247042,42.04001949339301,2.4458437449003932e-11
Banchor_B,0.9076923131942749,0.35644327562614153,42.04167317962791,1.7574646866839659e-12
Banchor_B,0.9099999964237213,0.35824805698547535,42.04308285426239,1.758377996360695e-11
Banchor_B,0.9123076796531677,0.36005731863372087,42.04449267925834,3.6933297755722566e-11
Banchor_B,0.9146153926849365,0.36151409379913924,42.04632950817168,6.214240809669926e-11
Banchor_B,0.9169231057167053,0.36297356997996155,42.04816812344441,8.73764706411576e-11
Banchor_B,0.9192307889461517,0.36476232726306307,42.049522832088876,1.0597258858587405e-10
Banchor_B,0.9215384721755981,0.3664404367083552,42.05102014650081,1.2651868609461765e-10
Banchor_B,0.9238461554050446,0.36802240169143635,42.052594637846276,1.4813336342715198e-10
Banchor_B,0.926153838634491,0.3696104946069019,42.054166954660744,1.6971111322073627e-10
Banchor_B,0.9284615218639374,0.37100170721700637,42.05594151495097,1.940674430799342e-10
Banchor_B,0.9307692050933838,0.37239582349495837,42.05771707247357,2.1843669470961663e-10
Banchor_B,0.9330769181251526,0.3737811591601488,42.059428752428786,2.41923761327786e-10
Banchor_B,0.9353846311569214,0.3752185092911638,42.061080525454464,2.6459587551706484e-10
Banchor_B,0.9376923143863678,0.37652671448783354,42.062862749065815,2.8905597719002327e-10
Banchor_B,0.9399999976158142,0.377838529366683,42.06464506768793,3.13519810046997e-10
Banchor_B,0.9423076808452606,0.3792418562504828,42.066167680342424,3.344166467146634e-10
Banchor_B,0.944615364074707,0.3804911708412209,42.06788717779129,3.580153139125301e-10
Banchor_B,0.9469230771064758,0.38159713221171865,42.06984900422403,3.8494043784870083e-10
Banchor_B,0.9492307901382446,0.38270649336137647,42.07181088149586,4.118643477186057e-10
Banchor_B,0.951538473367691,0.38400262914688715,42.07346583986777,4.3457918341895035e-10
Banchor_B,0.9538461565971375,0.3853033414458897,42.075119904752555,4.5727640625486924e-10
Banchor_B,0.9561538398265839,0.3861341937498504,42.07720735456297,4.859261250335833e-10
Banchor_B,0.9584615230560303,0.386968283489913,42.07929586678006,5.14591879046234e-10
Banchor_B,0.9607692360877991,0.387842091468293,42.081388486103606,5.433127669150672e-10
Banchor_B,0.9630769491195679,0.3887399010775924,42.08345556229317,5.716837195842054e-10
Banchor_B,0.9653846323490143,0.3899305628226903,42.08507737106415,5.939391133360401e-10
Banchor_B,0.9676923155784607,0.39112477401728574,42.08669907571972,6.161940106664726e-10
Banchor_B,0.9699999988079071,0.391765373174736,42.08893496306432,6.468830955358507e-10
Banchor_B,0.9723076820373535,0.39241337992675734,42.09116635109728,6.775102324357834e-10
Banchor_B,0.9746153652667999,0.39308521656264905,42.093317436209425,7.070327174677458e-10
Banchor_B,0.9769230484962463,0.3937598348321259,42.095469294087614,7.365628377221629e-10
Banchor_B,0.9792307615280151,0.3945228963404952,42.09743724678585,7.635718488857767e-10
Banchor_B,0.9815384745597839,0.39528942524359933,42.09940526974085,7.905795278097899e-10
Banchor_B,0.9838461577892303,0.3958672185800146,42.10161262859531,8.208776457674349e-10
Banchor_B,0.9861538410186768,0.39644866054790867,42.10381957972014,8.511684422439247e-10
Banchor_B,0.9884615242481232,0.39691042199314436,42.106041314304015,8.816593979491454e-10
Banchor_B,0.9907692074775696,0.3973747533599947,42.1082639719566,9.121650224125102e-10
Banchor_B,0.9930769205093384,0.3975886974905669,42.11073988254442,9.461460478459146e-10
Banchor_B,0.9953846335411072,0.3978025637523232,42.11321965155909,9.801786910001186e-10
Banchor_B,0.9976923167705536,0.3983199871513977,42.115309357539864,1.0088568093527488e-09
Banchor_B,0.8396153748035431,0.29378771451418284,42.001699574074216,5.503746937144297e-10
Banchor_B,0.8407692313194275,0.2949219036418855,42.00244303894611,5.401718965051463e-10
Banchor_B,0.8419230878353119,0.2961323731150677,42.00309277739678,5.312584165807529e-10
Banchor_B,0.8430769443511963,0.2972692576581281,42.003835306935315,5.210669612673011e-10
Banchor_B,0.8442307859659195,0.29836532670708477,42.00457039929374,5.109776554270094e-10
Banchor_B,0.8453846275806427,0.29946332262499026,42.00530455733284,5.008977318421425e-10
Banchor_B,0.8465384691953659,0.30055272659841537,42.00605081070896,4.906598264904689e-10
Banchor_B,0.8476923108100891,0.30165527463915487,42.00678206520673,4.806208949852497e-10
Banchor_B,0.8488461524248123,0.30305227140096624,42.0071416769848,4.756849505164439e-10
Banchor_B,0.8499999940395355,0.3044504841190648,42.00750105722551,4.707572286114974e-10
Banchor_B,0.8511538356542587,0.30584858608594806,42.00786183814485,4.658036445872489e-10
Banchor_B,0.8523076772689819,0.30724917654153483,42.008220841090036,4.608788893761921e-10
Banchor_B,0.8534615337848663,0.3083643970841499,42.008923368537324,4.5123298769718784e-10
Banchor_B,0.8546153903007507,0.30948124239457186,42.00962521068699,4.416005683540055e-10
Banchor_B,0.8557692468166351,0.31059967996287235,42.010326411613,4.319763141868808e-10
Banchor_B,0.8569231033325195,0.31171971267457693,42.011026895238764,4.223621002239415e-10
Banchor_B,0.8580769449472427,0.31297908117749296,42.01154341303777,4.152762846971847e-10
Banchor_B,0.8592307865619659,0.3142398113291423,42.01205955269641,4.0819504272315936e-10
Banchor_B,0.8603846281766891,0.31550096949125234,42.01257647932244,4.010955410088048e-10
Banchor_B,0.8615384697914124,0.31676426845986316,42.01309209618158,3.940221116888237e-10
Banchor_B,0.8626923114061356,0.31789738202860396,42.013713860785735,3.854854671939299e-10
Banchor_B,0.8638461530208588,0.31903189948112626,42.014335241752185,3.7695823807904004e-10
Banchor_B,0.864999994635582,0.32016790361965397,42.01495613989289,3.684407848504153e-10
Banchor_B,0.8661538362503052,0.32130537470647974,42.0155766148822,3.599205602343267e-10
Banchor_B,0.8673076778650284,0.3222872902308136,42.01638136363455,3.488753552210674e-10
Banchor_B,0.8684615194797516,0.32327107105499725,42.01718519479559,3.3784458382955385e-10
Banchor_B,0.8696153610944748,0.3242541253214161,42.017991337004396,3.267833090029286e-10
Banchor_B,0.870769202709198,0.32524166951224553,42.01879333177445,3.157750720107281e-10
Banchor_B,0.8719230592250824,0.32633557176596995,42.019463774348196,3.0657130439046046e-10
Banchor_B,0.8730769157409668,0.32743178954553226,42.02013270016192,2.973905240458163e-10
Banchor_B,0.8742307722568512,0.3285269797560952,42.020804266935095,2.881741173474085e-10
Banchor_B,0.8753846287727356,0.329586385929409,42.02152165365866,2.783312282188542e-10
Banchor_B,0.8765384703874588,0.33060582327782856,42.02217973115103,2.693008828460444e-10
Banchor_B,0.877692312002182,0.3316138707690392,42.02285336659302,2.6005196168845176e-10
Banchor_B,0.8788461536169052,0.3326008237808408,42.02355458664974,2.5043059539547774e-10
Banchor_B,0.8799999952316284,0.3336225110799362,42.024213862232486,2.4137784397168056e-10
Banchor_B,0.8811538368463516,0.33455739874590246,42.02499706133017,2.3063133712824375e-10
Banchor_B,0.8823076784610748,0.3354938638655395,42.025779687964175,2.1989004265716808e-10
Banchor_B,0.883461520075798,0.3364319072510735,42.026561744919434,2.091558570608619e-10
Banchor_B,0.8846153616905212,0.3373715865331931,42.027343194214744,1.9843449385883964e-10
Banchor_B,0.8857692182064056,0.33848179065319417,42.027944914691,1.9017598436456516e-10
Banchor_B,0.88692307472229,0.3395933364678917,42.02854631001673,1.8191855928887407e-10
Banchor_B,0.8880769312381744,0.340706347278236,42.02914723014607,1.7367499006627284e-10
Banchor_B,0.8892307877540588,0.3418207198348227,42.02974773472582,1.65433813724907e-10
Banchor_B,0.890384629368782,0.3429049869283918,42.03030455567843,1.5778979884111104e-10
Banchor_B,0.8915384709835052,0.3439904298439935,42.03086119972859,1.5015195744065186e-10
Banchor_B,0.8926923125982285,0.3451346261028319,42.03134602774719,1.434922446305417e-10
Banchor_B,0.8938461542129517,0.3462230182329482,42.03190161671171,1.358667833995064e-10
Banchor_B,0.8949999958276749,0.3470486600646352,42.03276820895386,1.2397719656547672e-10
Banchor_B,0.8961538374423981,0.34787688178061155,42.033633030726556,1.1211078864747661e-10
Banchor_B,0.8973076790571213,0.3487059159780428,42.034498276567064,1.002316565466591e-10
Banchor_B,0.8984615206718445,0.34953665419278995,42.035362867420794,8.836749366364469e-11
Banchor_B,0.8996153771877289,0.3504446814562887,42.03614045877298,7.769233719444584e-11
Banchor_B,0.9007692337036133,0.3513661327415714,42.03690261509165,6.723194801657711e-11
Banchor_B,0.9019230902194977,0.35228877121566765,42.0376645649937,5.677972226150016e-11
Banchor_B,0.9030769467353821,0.3532126107751175,42.03842622506396,4.632222626625371e-11
Banchor_B,0.9042307883501053,0.35403299267122146,42.03922007456082,3.54253199794805e-11
Banchor_B,0.9053846299648285,0.3548500470949453,42.040019431474384,2.4460355425256455e-11
Banchor_B,0.9065384715795517,0.3556799435028085,42.04080418570893,1.3685797194617323e-11
Banchor_B,0.9076923131942749,0.35644327509484774,42.041673180288896,1.760152822706036e-12
Banchor_B,0.9088461548089981,0.3573431893991884,42.04238036481443,7.945705616894905e-12
Banchor_B,0.9099999964237213,0.3582480560394161,42.0430828554394,1.7586469767299148e-11
Banchor_B,0.9111538380384445,0.3591518561448734,42.04378808301606,2.7268017852621792e-11
Banchor_B,0.9123076796531677,0.36005731752350634,42.04449268063955,3.6936373736472986e-11
Banchor_B,0.9134615361690521,0.36074630576422917,42.0454594822742,5.02042872214377e-11
Banchor_B,0.9146153926849365,0.36151413910212465,42.046329451813776,6.214317646426873e-11
Banchor_B,0.9157692492008209,0.3622799735072767,42.04720325576648,7.413588500255208e-11
Banchor_B,0.9169231057167053,0.3629735695579405,42.04816812396942,8.738012806508633e-11
Banchor_B,0.9180769473314285,0.36390133373339467,42.04880334106991,9.6094747105182e-11
Banchor_B,0.9192307889461517,0.36476232750562537,42.04952283178716,1.0597470755742224e-10
Banchor_B,0.9203846305608749,0.3656304242384014,42.05023478788721,1.1574357515908793e-10
Banchor_B,0.9215384721755981,0.36644043064442017,42.0510201540431,1.2652369877300547e-10
Banchor_B,0.9226923137903214,0.3672303073522298,42.051808099817244,1.3733321797543337e-10
Banchor_B,0.9238461554050446,0.36802243183048605,42.05259460036012,1.481316252647255e-10
Banchor_B,0.9249999970197678,0.3688159217196438,42.053380758693585,1.5891993575824914e-10
Banchor_B,0.926153838634491,0.3696105027132579,42.05416694457847,1.697087956919756e-10
Banchor_B,0.9273076802492142,0.37030408990605634,42.05505616008373,1.8191220505944843e-10
Banchor_B,0.9284615218639374,0.3710016719940089,42.05594155875864,1.9406783226790816e-10
Banchor_B,0.9296153634786606,0.3717002552415921,42.056826866865144,2.062146961578004e-10
Banchor_B,0.9307692050933838,0.3723958235759424,42.05771707237285,2.1843224657544236e-10
Banchor_B,0.9319230616092682,0.3731037601086382,42.05855329462042,2.299090640243092e-10
Banchor_B,0.9330769181251526,0.37378115988738003,42.05942875152442,2.419245354264854e-10
Banchor_B,0.934230774641037,0.37449769354478646,42.06025669267878,2.5328855731296753e-10
Banchor_B,0.9353846311569214,0.37521847113790363,42.061080572899435,2.645987847828041e-10
Banchor_B,0.9365384727716446,0.3758721633047993,42.06197162658357,2.768246230526304e-10
Banchor_B,0.9376923143863678,0.3765267151862565,42.06286274819732,2.890575277802461e-10
Banchor_B,0.938846156001091,0.3771821693776473,42.063753887152366,3.01283561558178e-10
Banchor_B,0.9399999976158142,0.37783853042304455,42.064645066374354,3.1351728812566017e-10
Banchor_B,0.9411538392305374,0.37847516122377034,42.065486542324706,3.2506748071086376e-10
Banchor_B,0.9423076808452606,0.37924185588117565,42.066167680801684,3.344137347716852e-10
Banchor_B,0.9434615224599838,0.3798773189044307,42.067013274320416,3.460175990699003e-10
Banchor_B,0.944615364074707,0.3804911923820675,42.0678871510044,3.580135622045573e-10
Banchor_B,0.9457692205905914,0.38104372576864837,42.06886807917498,3.714721086197154e-10
Banchor_B,0.9469230771064758,0.3815971220774924,42.06984901682598,3.849398560526627e-10
Banchor_B,0.9480769336223602,0.3821513747389099,42.07082997439784,3.9839835743943545e-10
Banchor_B,0.9492307901382446,0.3827065116821041,42.071810858714635,4.1186570693241296e-10
Banchor_B,0.9503846317529678,0.3833539860361693,42.07263848073632,4.23224922313268e-10
Banchor_B,0.951538473367691,0.38400262523666806,42.07346584472988,4.34574119913472e-10
Banchor_B,0.9526923149824142,0.38465242823359563,42.07429295461946,4.459263576809465e-10
Banchor_B,0.9538461565971375,0.3853033414960663,42.07511990469017,4.5728089015054747e-10
Banchor_B,0.9549999982118607,0.38571309083288385,42.07617004908024,4.716907336908343e-10
Banchor_B,0.9561538398265839,0.38613419147205563,42.077207357395146,4.85930027921074e-10
Banchor_B,0.9573076814413071,0.3865565571041822,42.078244360313846,5.001622224149271e-10
Banchor_B,0.9584615230560303,0.38696831533159903,42.07929582719011,5.145932396095356e-10
Banchor_B,0.9596153795719147,0.3874048119972813,42.08034209385534,5.289529147597543e-10
Banchor_B,0.9607692360877991,0.38784209116271695,42.08138848648353,5.433143308730214e-10
Banchor_B,0.9619230926036835,0.3883011628135646,42.08240887214145,5.573139710440416e-10
Banchor_B,0.9630769491195679,0.3887398866859765,42.08345558018566,5.716833314847042e-10
Banchor_B,0.9642307907342911,0.3893347919194816,42.08426647908689,5.828094562150726e-10
Banchor_B,0.9653846323490143,0.3899305777808483,42.085077352467856,5.939359767248813e-10
Banchor_B,0.9665384739637375,0.3905272328942981,42.08588821637588,6.050701617159224e-10
Banchor_B,0.9676923155784607,0.39112477723862604,42.08669907171501,6.161989088411567e-10
Banchor_B,0.9688461571931839,0.3914430240981462,42.087818982245,6.315662467068803e-10
Banchor_B,0.9699999988079071,0.3917653671555407,42.088934970547065,6.468821161792667e-10
Banchor_B,0.9711538404226303,0.39208884101319535,42.09005072444273,6.621940828208981e-10
Banchor_B,0.9723076820373535,0.39241341395625323,42.09116630879483,6.775060988803906e-10
Banchor_B,0.9734615236520767,0.3927489579530571,42.09224179166092,6.92267953662949e-10
Banchor_B,0.9746153652667999,0.39308521466199003,42.093317438572086,7.070321283173044e-10
Banchor_B,0.9757692068815231,0.39342218463914974,42.09439325073652,7.217919635003591e-10
Banchor_B,0.9769230484962463,0.3937598739110322,42.095469245511055,7.365596787946418e-10
Banchor_B,0.9780769050121307,0.3941409454514142,42.09645323953397,7.500671435184793e-10
Banchor_B,0.9792307615280151,0.3945228955845116,42.097437247725544,7.63573030598552e-10
Banchor_B,0.9803846180438995,0.39490572635710297,42.098421269609624,7.770744001768706e-10
Banchor_B,0.9815384745597839,0.3952894256785225,42.099405269200254,7.905824842923741e-10
Banchor_B,0.9826923161745071,0.3955778682388768,42.10050900077032,8.0573256655727e-10
Banchor_B,0.9838461577892303,0.3958672204075081,42.10161262632386,8.208736995221165e-10
Banchor_B,0.9849999994039536,0.3961574836774611,42.10271614563807,8.360236524010003e-10
Banchor_B,0.9861538410186768,0.3964486636895739,42.1038195758154,8.511652818598388e-10
Banchor_B,0.9873076826334,0.39667922435632275,42.10493032971804,8.664138263866863e-10
Banchor_B,0.9884615242481232,0.39691042567482027,42.10604130972821,8.816599897251521e-10
Banchor_B,0.9896153658628464,0.3971422685181404,42.10715251632176,8.969093224020298e-10
Banchor_B,0.9907692074775696,0.3973747572454344,42.108263967127655,9.121628439295043e-10
Banchor_B,0.991923063993454,0.3974870337752117,42.10949484292922,9.290540801067088e-10
Banchor_B,0.9930769205093384,0.3975886952721693,42.11073988530144,9.461446618225493e-10
Banchor_B,0.9942307770252228,0.397688174099945,42.11198857543848,9.632812414666625e-10
Banchor_B,0.9953846335411072,0.39780256300479927,42.11321965248807,9.801761130210607e-10
Banchor_B,0.9965384751558304,0.39806133845397984,42.11426396470879,9.94511777890087e-10
Banchor_B,0.9976923167705536,0.3983199879913849,42.115309356496006,1.0088580000705682e-09
Banchor_B,0.907895574695668,0.3566016857773218,42.04179780461023,5.107735744855118e-14
Banchor_B,0.9169230511240646,0.3629735286708782,42.04816809020005,8.737685410407583e-11
Banchor_B,0.8430768868537449,0.2972692576581281,42.00383527777717,5.21068093338873e-10
Banchor_B,0.843076896853745,0.2972692576581281,42.003835220545156,5.210673283081487e-10
Banchor_B,0.843076906853745,0.2972692576581281,42.00383523873354,5.210644899299511e-10
Banchor_B,0.8476922710077667,0.30165527463915487,42.006781960348775,4.80621450183588e-10
Banchor_B,0.8476922810077667,0.30165527463915487,42.006782011024185,4.806248644316133e-10
Banchor_B,0.8476922910077668,0.30165527463915487,42.00678202920483,4.806254360693925e-10
Banchor_B,0.8523076551617884,0.30724917654153483,42.00822076855152,4.6087754957004104e-10
Banchor_B,0.8523076651617885,0.30724917654153483,42.00822081916108,4.608760421334653e-10
Banchor_B,0.8523076751617885,0.30724917654153483,42.00822083727342,4.608754753804939e-10
Banchor_B,0.8569230393158102,0.31171971267457693,42.011026855095274,4.2236513127922254e-10
Banchor_B,0.8569230493158102,0.31171971267457693,42.011026797710514,4.223658796232628e-10
Banchor_B,0.8569230593158103,0.31171971267457693,42.01102681576571,4.2236891788528847e-10
Banchor_B,0.8615384234698319,0.31676426845986316,42.01309198030709,3.9402323452366684e-10
Banchor_B,0.8615384334698319,0.31676426845986316,42.01309203223738,3.9402077344360207e-10
Banchor_B,0.861538443469832,0.31676426845986316,42.01309204984239,3.940245741654317e-10
Banchor_B,0.8661538076238536,0.32130537470647974,42.015576533114206,3.599264434380007e-10
Banchor_B,0.8661538176238537,0.32130537470647974,42.01557658217477,3.599209376498685e-10
Banchor_B,0.8661538276238537,0.32130537470647974,42.01557659973444,3.599226502007902e-10
Banchor_B,0.8707691917778754,0.32524166951224553,42.01879328136869,3.157727859096481e-10
Banchor_B,0.8707692017778754,0.32524166951224553,42.01879333013502,3.1577754428330967e-10
Banchor_B,0.8707692117778755,0.32524166951224553,42.01879334773823,3.1577222093922776e-10
Banchor_B,0.8753845759318971,0.329586385929409,42.02152163436536,2.7832665669407416e-10
Banchor_B,0.8753845859318972,0.329586385929409,42.02152158214487,2.7832798499575065e-10
Banchor_B,0.8753845959318972,0.329586385929409,42.02152159883777,2.7832874809508895e-10
Banchor_B,0.8799999600859189,0.3336225110799362,42.02421377379053,2.413814579049581e-10
Banchor_B,0.8799999700859189,0.3336225110799362,42.024213819827665,2.413801270263915e-10
Banchor_B,0.879999980085919,0.3336225110799362,42.0242138366913,2.4138203422699384e-10
Banchor_B,0.8846153442399406,0.3373715865331931,42.02734313477762,1.9843429864692588e-10
Banchor_B,0.8846153542399406,0.3373715865331931,42.02734318141389,1.9843048544034683e-10
Banchor_B,0.8846153642399407,0.3373715865331931,42.027343198594906,1.9843506666129688e-10
Banchor_B,0.8892307283939623,0.3418207198348227,42.02974770466298,1.6543457608669892e-10
Banchor_B,0.8892307383939624,0.3418207198348227,42.02974765322071,1.6542998828552513e-10
Banchor_B,0.8892307483939624,0.3418207198348227,42.029747669733055,1.6543209047727742e-10
Banchor_B,0.8938461125479841,0.3462230182329482,42.03190151843109,1.3587117677993278e-10
Banchor_B,0.8938461225479841,0.3462230182329482,42.03190156475817,1.3587098818090594e-10
Banchor_B,0.8938461325479842,0.3462230182329482,42.03190158116543,1.358730926181737e-10
Banchor_B,0.8984614967020058,0.34953665419278995,42.035362798854095,8.836825752334147e-11
Banchor_B,0.8984615067020059,0.34953665419278995,42.03536284433651,8.836347140112588e-11
Banchor_B,0.8984615167020059,0.34953665419278995,42.035362860860886,8.836404637678232e-11
Banchor_B,0.9030768808560276,0.3532126107751175,42.03842618535046,4.6322417372711894e-11
Banchor_B,0.9030768908560276,0.3532126107751175,42.03842613722299,4.6323566415031816e-11
Banchor_B,0.9030769008560277,0.3532126107751175,42.03842615294274,4.632625032454445e-11
Banchor_B,0.9076922650100493,0.35644327509484774,42.04167307641225,1.7626488737909127e-12
Banchor_B,0.9076922750100493,0.35644327509484774,42.041673119858096,1.7620728807821979e-12
Banchor_B,0.9076922850100494,0.35644327509484774,42.04167313568421,1.760344803771646e-12
Banchor_B,0.912307649164071,0.36005731752350634,42.044492604145965,3.69319510028123e-11
Banchor_B,0.9123076591640711,0.36005731752350634,42.04449264826241,3.693272062958883e-11
Banchor_B,0.9123076691640711,0.36005731752350634,42.04449266406454,3.693310531991521e-11
Banchor_B,0.9169230333180928,0.3629735695579405,42.0481680756561,8.7376276744872e-11
Banchor_B,0.9169230433180928,0.3629735695579405,42.04816802723442,8.737569729232412e-11
Banchor_B,0.9169230533180929,0.3629735695579405,42.04816804273717,8.737781528183306e-11
Banchor_B,0.9215384174721145,0.36644043064442017,42.05102004151287,1.2652003016720492e-10
Banchor_B,0.9215384274721146,0.36644043064442017,42.05102008547865,1.2652157473016557e-10
Banchor_B,0.9215384374721146,0.36644043064442017,42.05102010081625,1.2651791260712209e-10
Banchor_B,0.9261538016261363,0.3696105027132579,42.05416686042129,1.697105277710569e-10
Banchor_B,0.9261538116261363,0.3696105027132579,42.054166903585454,1.6970802065766033e-10
Banchor_B,0.9261538216261364,0.3696105027132579,42.05416691876336,1.6970975939725336e-10
Banchor_B,0.930769185780158,0.3723958235759424,42.05771701606035,2.1843494932913503e-10
Banchor_B,0.930769195780158,0.3723958235759424,42.057717058522194,2.1843553317765572e-10
Banchor_B,0.9307692057801581,0.3723958235759424,42.05771707339423,2.1843572780279522e-10
Banchor_B,0.9353845699341797,0.37521847113790363,42.061080544095105,2.645927776743232e-10
Banchor_B,0.9353845799341798,0.37521847113790363,42.06108049728109,2.645933540593064e-10
Banchor_B,0.9353845899341798,0.37521847113790363,42.061080512043745,2.6459761659125486e-10
Banchor_B,0.9399999540882015,0.37783853042304455,42.0646449757533,3.135133976705662e-10
Banchor_B,0.9399999640882015,0.37783853042304455,42.06464501894064,3.1351320844786973e-10
Banchor_B,0.9399999740882016,0.37783853042304455,42.0646450330883,3.1351650796794933e-10
Banchor_B,0.9446153382422232,0.3804911923820675,42.06788708921486,3.580143303943484e-10
Banchor_B,0.9446153482422233,0.3804911923820675,42.067887128124234,3.5801045049008386e-10
Banchor_B,0.9446153582422233,0.3804911923820675,42.067887142575636,3.5800948091153545e-10
Banchor_B,0.949230722396245,0.3827065116821041,42.07181082128682,4.1186472826254196e-10
Banchor_B,0.949230732396245,0.3827065116821041,42.07181077703698,4.118629679601509e-10
Banchor_B,0.949230742396245,0.3827065116821041,42.07181079118225,4.118590784729925e-10
Banchor_B,0.9538461065502667,0.3853033414960663,42.075119808589356,4.5727833668037825e-10
Banchor_B,0.9538461165502667,0.3853033414960663,42.07511985058176,4.572775664472789e-10
Banchor_B,0.9538461265502668,0.3853033414960663,42.075119864093026,4.5727522939415513e-10
Banchor_B,0.9584614907042884,0.38696831533159903,42.07929575935172,5.145908826076906e-10
Banchor_B,0.9584615007042885,0.38696831533159903,42.07929579642009,5.145930376731534e-10
Banchor_B,0.9584615107042885,0.38696831533159903,42.07929581018636,5.145879630186397e-10
Banchor_B,0.9630768748583102,0.3887398866859765,42.08345553552784,5.716827337024128e-10
Banchor_B,0.9630768848583102,0.3887398866859765,42.083455493861834,5.716819429131337e-10
Banchor_B,0.9630768948583103,0.3887398866859765,42.08345550729509,5.71678032265289e-10
Banchor_B,0.9676922590123319,0.39112477723862604,42.08669897168502,6.161981014106535e-10
Banchor_B,0.967692269012332,0.39112477723862604,42.08669901057484,6.161947765593531e-10
Banchor_B,0.967692279012332,0.39112477723862604,42.08669902370459,6.161938004512328e-10
Banchor_B,0.9723076431663537,0.39241341395625323,42.091166234296296,6.77504504614644e-10
Banchor_B,0.9723076531663537,0.39241341395625323,42.09116627146064,6.775086429816678e-10
Banchor_B,0.9723076631663538,0.39241341395625323,42.09116628439202,6.775062893230702e-10
Banchor_B,0.9769230273203754,0.3937598739110322,42.095469195104556,7.365600587972081e-10
Banchor_B,0.9769230373203754,0.3937598739110322,42.0954692313978,7.365616414332928e-10
Banchor_B,0.9769230473203755,0.3937598739110322,42.09546924402613,7.365604651974047e-10
Banchor_B,0.9815384114743971,0.3952894256785225,42.09940524237777,7.905830662620268e-10
Banchor_B,0.9815384214743972,0.3952894256785225,42.099405201948954,7.905789161165077e-10
Banchor_B,0.9815384314743972,0.3952894256785225,42.09940521461747,7.90579314143815e-10
Banchor_B,0.9861537956284189,0.3964486636895739,42.10381949567252,8.511618990134888e-10
Banchor_B,0.9861538056284189,0.3964486636895739,42.103819532973084,8.511688186196537e-10
Banchor_B,0.986153815628419,0.3964486636895739,42.103819545078764,8.511672438964319e-10
Banchor_B,0.9907691797824406,0.3973747572454344,42.10826391201904,9.121616322674813e-10
Banchor_B,0.9907691897824407,0.3973747572454344,42.10826394611891,9.121638256733832e-10
Banchor_B,0.9907691997824407,0.3973747572454344,42.108263957991525,9.121632363537119e-10
Banchor_B,0.9953845639364624,0.39780256300479927,42.113219619514474,9.8017867802391e-10
Banchor_B,0.9953845739364624,0.39780256300479927,42.11321958195264,9.801790597835675e-10
Banchor_B,0.9953845839364625,0.39780256300479927,42.11321959378652,9.80174106299307e-10
Banchor_B,0.9169230433180928,0.362973522809229,42.04816808539065,8.738166626466231e-11
Aanchor_A,0.8430769443511963,0.2943820166917702,42.00678314116277,4.806081795624805e-10
Aanchor_A,0.8453846275806427,0.29655911296256726,42.00826481418489,4.6027474512563927e-10
Aanchor_A,0.8476923108100891,0.29873451685395275,42.009754050465446,4.398338087095733e-10
Aanchor_A,0.8499999940395355,0.3015143545395808,42.01048415815467,4.298136630750493e-10
Aanchor_A,0.8523076772689819,0.30429999046877293,42.01121216849134,4.198214751219337e-10
Aanchor_A,0.8546153903007507,0.30651712513999907,42.01262673577052,4.0040569454850364e-10
Aanchor_A,0.8569231033325195,0.3087397602939715,42.014039702820575,3.810165452215775e-10
Aanchor_A,0.8592307865619659,0.3112455320993201,42.01508241045424,3.667081669818031e-10
Aanchor_A,0.8615384697914124,0.3137564076559984,42.016124047138256,3.524101142917066e-10
Aanchor_A,0.8638461530208588,0.31600817499035366,42.017378107979724,3.3519722123154813e-10
Aanchor_A,0.8661538362503052,0.3182656531514682,42.018630515211086,3.180114951117057e-10
Aanchor_A,0.8684615194797516,0.32021417305376954,42.02025189011123,2.957555161144178e-10
Aanchor_A,0.870769202709198,0.32217010416592184,42.02186966650313,2.73551241869256e-10
Aanchor_A,0.8730769157409668,0.32434086218588837,42.02322399513664,2.5496450070256896e-10
Aanchor_A,0.8753846287727356,0.326446506682403,42.02466457114899,2.351972742266441e-10
Aanchor_A,0.877692312002182,0.3284540760988124,42.0260119120651,2.1670600306529362e-10
Aanchor_A,0.8799999952316284,0.33047803509762674,42.0273443484368,1.984153254510301e-10
Aanchor_A,0.8823076784610748,0.33233056029764596,42.02892437869603,1.767315785352395e-10
Aanchor_A,0.8846153616905212,0.3341894870877689,42.030502006332185,1.550795960762894e-10
Aanchor_A,0.88692307472229,0.3363960232312162,42.03171529077503,1.384249825711228e-10
Aanchor_A,0.8892307877540588,0.3386081178629309,42.03292693876624,1.2179606138881734e-10
Aanchor_A,0.8915384709835052,0.34081887317280485,42.033980500924386,1.073418676187273e-10
Aanchor_A,0.8938461542129517,0.3429772382785351,42.03510434362355,9.19161194935685e-11
Aanchor_A,0.8961538374423981,0.34460595250739096,42.0368580149821,6.78484314437053e-11
Aanchor_A,0.8984615206718445,0.346247325381124,42.03860166958233,4.391420318366813e-11
Aanchor_A,0.9007692337036133,0.3480698141354883,42.04014052169748,2.279288748100475e-11
Aanchor_A,0.9030769467353821,0.34989408441129266,42.04168212812666,1.6393781379735968e-12
Aanchor_A,0.9053846299648285,0.35145857136031927,42.043357227512935,2.134907160064958e-11
Aanchor_A,0.9076923131942749,0.3530948931943096,42.04494848454687,4.3188421434719764e-11
Aanchor_A,0.9099999964237213,0.35488490445598203,42.046367247426446,6.266034420347686e-11
Aanchor_A,0.9123076796531677,0.3568261652305266,42.047603396979866,7.962809908009424e-11
Aanchor_A,0.9146153926849365,0.358188371767243,42.04954845832031,1.0632556471526326e-10
Aanchor_A,0.9169231057167053,0.35961138529066833,42.05142261809236,1.320435406143225e-10
Aanchor_A,0.9192307889461517,0.36126532392025934,42.052935374178425,1.5280963829081762e-10
Aanchor_A,0.9215384721755981,0.3629807006996578,42.05437651085389,1.7258785470178715e-10
Aanchor_A,0.9238461554050446,0.36454922952274826,42.05595776212462,1.9428575406363555e-10
Aanchor_A,0.926153838634491,0.3661158697188449,42.057546758853874,2.1609790705387168e-10
Aanchor_A,0.9284615218639374,0.367491653792862,42.05933150245135,2.405900605657742e-10
Aanchor_A,0.9307692050933838,0.3688389572783338,42.061156105640016,2.656309094334513e-10
Aanchor_A,0.9330769181251526,0.37022615676125864,42.062854709194696,2.889473408871155e-10
Aanchor_A,0.9353846311569214,0.371643951658705,42.064520186421376,3.118014670246287e-10
Aanchor_A,0.9376923143863678,0.3729323468677054,42.06631753691591,3.364676328730219e-10
Aanchor_A,0.9399999976158142,0.3742242543054847,42.068115060126665,3.61137890187502e-10
Aanchor_A,0.9423076808452606,0.37542426938573203,42.06988128839876,3.8537898460413565e-10
Aanchor_A,0.944615364074707,0.3766332620389786,42.07164197372333,4.0954300605672826e-10
Aanchor_A,0.9469230771064758,0.3777184104534167,42.07361967944381,4.3668909110097496e-10
Aanchor_A,0.9492307901382446,0.37880773068957146,42.075596427365376,4.638168450434019e-10
Aanchor_A,0.951538473367691,0.38008761389214485,42.07726293958125,4.866931768012628e-10
Aanchor_A,0.9538461565971375,0.38138851719548655,42.078908092464744,5.092714728516941e-10
Aanchor_A,0.9561538398265839,0.38219204732793033,42.08101848253467,5.38236044835056e-10
Aanchor_A,0.9584615230560303,0.38298914748664087,42.0831418700319,5.673756130094955e-10
Aanchor_A,0.9607692360877991,0.3840467637493783,42.084997431683796,5.928436404044955e-10
Aanchor_A,0.9630769491195679,0.3849058108385692,42.08710411587814,6.217555002559482e-10
Aanchor_A,0.9653846323490143,0.38607658372833575,42.0887410944507,6.442192756488434e-10
Aanchor_A,0.9676923155784607,0.3872508125926598,42.09037804227051,6.666915226327216e-10
Aanchor_A,0.9699999988079071,0.38787142742009195,42.09262814091012,6.97571605234592e-10
Aanchor_A,0.9723076820373535,0.3884940585625721,42.09488039028807,7.284791580004926e-10
Aanchor_A,0.9746153652667999,0.3891442266628829,42.09704882435831,7.582411480647088e-10
Aanchor_A,0.9769230484962463,0.38979715142345006,42.099218022738334,7.880112158733684e-10
Aanchor_A,0.9792307615280151,0.3905414558046658,42.10119994778334,8.152129309101182e-10
Aanchor_A,0.9815384745597839,0.39128917344039754,42.10318196992311,8.424140734734096e-10
Aanchor_A,0.9838461577892303,0.39184742126765715,42.10540464992755,8.72920163934369e-10
Aanchor_A,0.9861538410186768,0.3924092429898488,42.107626983032695,9.034177414084735e-10
Aanchor_A,0.9884615242481232,0.3928478811803367,42.109867203825196,9.341694884304557e-10
Aanchor_A,0.9907692074775696,0.3932889891515994,42.11210842321476,9.649286137245061e-10
Aanchor_A,0.9930769205093384,0.393478065394508,42.11460559233897,9.992006758969306e-10
Aanchor_A,0.9953846335411072,0.3936840200382742,42.11708556202026,1.0332374581556688e-09
Aanchor_A,0.9976923167705536,0.39417508206411683,42.11919871316864,1.06223622383868e-09
Aanchor_A,1.0,0.39466581001816614,42.12131586443553,1.091293129839295e-09
Aanchor_A,1.0023077130317688,0.395029909942289,42.12343369285281,1.1203568208107312e-09
Aanchor_A,1.0046154260635376,0.3953964781867326,42.125552700820236,1.149443142224288e-09
Aanchor_A,0.8430769443511963,0.294382020854177,42.00678313597934,4.806066628095973e-10
Aanchor_A,0.8442307859659195,0.29546960788850074,42.00752444198755,4.704346987900394e-10
Aanchor_A,0.8453846275806427,0.296559145722438,42.00826477338922,4.6027284375509283e-10
Aanchor_A,0.8465384691953659,0.2976405021281131,42.009016550290255,4.4995581531067935e-10
Aanchor_A,0.8476923108100891,0.2987345093851749,42.00975405976594,4.3983248295175054e-10
Aanchor_A,0.8488461524248123,0.30012332989399126,42.01011985242618,4.3481044844598313e-10
Aanchor_A,0.8499999940395355,0.3015143174503482,42.01048420433945,4.298159453657448e-10
Aanchor_A,0.8511538356542587,0.3029065397659722,42.01084829524554,4.2481747216997587e-10
Aanchor_A,0.8523076772689819,0.3042999972662522,42.01121216002693,4.198195765407764e-10
Aanchor_A,0.8534615337848663,0.3054078012202682,42.011919730419,4.101099735150894e-10
Aanchor_A,0.8546153903007507,0.3065171394694054,42.01262671792729,4.004089185708959e-10
Aanchor_A,0.8557692468166351,0.30762812187576866,42.0133329893589,3.907133440741485e-10
Aanchor_A,0.8569231033325195,0.30873978269921015,42.014039674921435,3.810176807528895e-10
Aanchor_A,0.8580769449472427,0.3099920354271086,42.01456116215608,3.738604631370316e-10
Aanchor_A,0.8592307865619659,0.3112455171348932,42.01508242908787,3.6670266152184554e-10
Aanchor_A,0.8603846281766891,0.3125002989117237,42.015603390237565,3.595560300973417e-10
Aanchor_A,0.8615384697914124,0.3137564197750535,42.01612403204783,3.524065022734713e-10
Aanchor_A,0.8626923114061356,0.314881596257862,42.0167512666928,3.437991721890154e-10
Aanchor_A,0.8638461530208588,0.3160081558665181,42.01737813179225,3.3519608308055476e-10
Aanchor_A,0.864999994635582,0.31713617603081357,42.01800453478996,3.26603678729102e-10
Aanchor_A,0.8661538362503052,0.31826564385006256,42.0186305267929,3.1800731150601376e-10
Aanchor_A,0.8673076778650284,0.31923898486472185,42.01944166022809,3.0687534787426814e-10
Aanchor_A,0.8684615194797516,0.32021417182664114,42.02025189163919,2.957543747378436e-10
Aanchor_A,0.8696153610944748,0.3211912044756788,42.02106122450675,2.8464551956071544e-10
Aanchor_A,0.870769202709198,0.3221701040245581,42.021869666679144,2.7355238362481505e-10
Aanchor_A,0.8719230592250824,0.32325639326263217,42.022545023942975,2.642858714807344e-10
Aanchor_A,0.8730769157409668,0.3243408417633311,42.023224020565216,2.549625988271774e-10
Aanchor_A,0.8742307722568512,0.3253964567132752,42.02394027138772,2.4513545152260034e-10
Aanchor_A,0.8753846287727356,0.3264465130969125,42.0246645631633,2.351927015033201e-10
Aanchor_A,0.8765384703874588,0.32744301828141487,42.02534660964922,2.2583182961270902e-10
Aanchor_A,0.877692312002182,0.32845408691777855,42.026011898596145,2.1670142802494612e-10
Aanchor_A,0.8788461536169052,0.3294652613819531,42.026678419526604,2.0755400228783127e-10
Aanchor_A,0.8799999952316284,0.33047803452003216,42.02734434915586,1.9841303745301418e-10
Aanchor_A,0.8811538368463516,0.33140352338666806,42.02813463729797,1.8757212221071612e-10
Aanchor_A,0.8823076784610748,0.33233057034013463,42.0289243661941,1.7672833417671109e-10
Aanchor_A,0.883461520075798,0.3332592604271994,42.02971343376494,1.6590016229648187e-10
Aanchor_A,0.8846153616905212,0.3341895057186503,42.03050198313887,1.550826499120727e-10
Aanchor_A,0.8857692182064056,0.3352920717874486,42.03110883139391,1.4675195988091456e-10
Aanchor_A,0.88692307472229,0.33639602010808783,42.03171529466292,1.3842899425291449e-10
Aanchor_A,0.8880769312381744,0.33750139127267037,42.03232132537373,1.3011049270743973e-10
Aanchor_A,0.8892307877540588,0.33860813112113913,42.0329269222617,1.2179816298557988e-10
Aanchor_A,0.890384629368782,0.3397059289744102,42.033462502699635,1.1444727747802143e-10
Aanchor_A,0.8915384709835052,0.3408188895086277,42.03398048058898,1.073355565412721e-10
Aanchor_A,0.8926923125982285,0.3418974703226276,42.034542495164295,9.962785729692787e-11
Aanchor_A,0.8938461542129517,0.34297725231628406,42.035104326149145,9.191420558434636e-11
Aanchor_A,0.8949999958276749,0.34379454916249275,42.035976788009435,7.993903906629392e-11
Aanchor_A,0.8961538374423981,0.34460595242768427,42.03685801508132,6.784709113915239e-11
Aanchor_A,0.8973076790571213,0.34542578449293,42.037730177235616,5.587587685070746e-11
Aanchor_A,0.8984615206718445,0.3462473003042229,42.03860170079744,4.391267077914036e-11
Aanchor_A,0.8996153771877289,0.34715796977277846,42.03937121444923,3.335552076261906e-11
Aanchor_A,0.9007692337036133,0.34806981293486794,42.04014052319196,2.279307918661544e-11
Aanchor_A,0.9019230902194977,0.34897748690267305,42.04091627955282,1.2146926453428175e-11
Aanchor_A,0.9030769467353821,0.34989405612355484,42.041682163337526,1.6368849514374705e-12
Aanchor_A,0.9042307883501053,0.35070606583037406,42.0424819765626,9.342446800340757e-12
Aanchor_A,0.9053846299648285,0.3514585653333747,42.0433572350151,2.1355213999075326e-11
Aanchor_A,0.9065384715795517,0.3522744697001355,42.044154957774204,3.230024185528039e-11
Aanchor_A,0.9076923131942749,0.3530948935615295,42.044948484089765,4.319015039455263e-11
Aanchor_A,0.9088461548089981,0.3539922979161533,42.04565418264973,5.2879125742646775e-11
Aanchor_A,0.9099999964237213,0.3548849035936585,42.04636724849983,6.266361205956032e-11
Aanchor_A,0.9111538380384445,0.35577913349455637,42.04707968967781,7.244207720061132e-11
Aanchor_A,0.9123076796531677,0.356826127525979,42.04760344391107,7.962983127273158e-11
Aanchor_A,0.9134615361690521,0.357506677050807,42.0485760418624,9.29767580913014e-11
Aanchor_A,0.9146153926849365,0.3581883717614868,42.04954845832747,1.0632325516878553e-10
Aanchor_A,0.9157692492008209,0.3589274817308273,42.05045063286101,1.1870386167374234e-10
Aanchor_A,0.9169231057167053,0.3596113850425352,42.051422618401176,1.3204296286498748e-10
Aanchor_A,0.9180769473314285,0.3604673014312389,42.05214236917725,1.419248908064737e-10
Aanchor_A,0.9192307889461517,0.3612653234401349,42.05293537477592,1.528053981370646e-10
Aanchor_A,0.9203846305608749,0.3621227073911768,42.05365566309434,1.6269227757134874e-10
Aanchor_A,0.9215384721755981,0.36298070048055736,42.05437651112655,1.7258689031687074e-10
Aanchor_A,0.9226923137903214,0.3637673839592555,42.05516345524216,1.8338364150188387e-10
Aanchor_A,0.9238461554050446,0.3645492214837776,42.05595777212842,1.9428845707827392e-10
Aanchor_A,0.9249999970197678,0.3653312822092674,42.05675315115419,2.052040155925762e-10
Aanchor_A,0.926153838634491,0.3661158585112727,42.057546772800514,2.1609868072584217e-10
Aanchor_A,0.9273076802492142,0.366803322982252,42.058439105033145,2.2834417399916962e-10
Aanchor_A,0.9284615218639374,0.3674916462424262,42.05933151184688,2.405935413047702e-10
Aanchor_A,0.9296153634786606,0.36816727421806217,42.06024079757254,2.5307057962256176e-10
Aanchor_A,0.9307692050933838,0.36883895751756873,42.06115610534233,2.656295549491112e-10
Aanchor_A,0.9319230616092682,0.3695192108768041,42.062021406589665,2.775105837770922e-10
Aanchor_A,0.9330769181251526,0.37022615548870746,42.06285471077804,2.8894521102118914e-10
Aanchor_A,0.934230774641037,0.3709344162435663,42.06368763999164,3.0037304811742725e-10
Aanchor_A,0.9353846311569214,0.37164392281514796,42.06452022230838,3.1180147059389374e-10
Aanchor_A,0.9365384727716446,0.37228772699865786,42.06541882367197,3.241377551209439e-10
Aanchor_A,0.9376923143863678,0.3729323668908154,42.066317512003714,3.364687937715003e-10
Aanchor_A,0.938846156001091,0.3735778839208904,42.067216238126136,3.488068181128301e-10
Aanchor_A,0.9399999976158142,0.3742242496355819,42.06811506593672,3.6113944348606273e-10
Aanchor_A,0.9411538392305374,0.3748219668794804,42.06900033028202,3.732887217907797e-10
Aanchor_A,0.9423076808452606,0.37542419220178336,42.069881384424164,3.853852121407337e-10
Aanchor_A,0.9434615224599838,0.37602799182370017,42.0707618797974,3.974652367511408e-10
Aanchor_A,0.944615364074707,0.3766332627326631,42.07164197286034,4.0954786607252383e-10
Aanchor_A,0.9457692205905914,0.3771754292762579,42.07263079740069,4.231195654412652e-10
Aanchor_A,0.9469230771064758,0.37771844101172297,42.073619641428,4.366910313831352e-10
Aanchor_A,0.9480769336223602,0.3782630685469492,42.074607548475754,4.50244824396014e-10
Aanchor_A,0.9492307901382446,0.37880773144347857,42.07559642642751,4.6381665019398903e-10
Aanchor_A,0.9503846317529678,0.3794471117595159,42.076429789345035,4.752566712439968e-10
Aanchor_A,0.951538473367691,0.3800876149731645,42.07726293823648,4.866875248953553e-10
Aanchor_A,0.9526923149824142,0.3807191360416316,42.078108447805846,4.982964381894397e-10
Aanchor_A,0.9538461565971375,0.3813885186187625,42.078908090694256,5.092673762849855e-10
Aanchor_A,0.9549999982118607,0.38179655307796606,42.079954867948146,5.236324113154859e-10
Aanchor_A,0.9561538398265839,0.3821920486648844,42.08101848087162,5.382348731624022e-10
Aanchor_A,0.9573076814413071,0.38260432829784835,42.08206245365172,5.525636154928309e-10
Aanchor_A,0.9584615230560303,0.38298912643667543,42.083141896215686,5.673756177460643e-10
Aanchor_A,0.9596153795719147,0.3834580864703947,42.08414360844001,5.811273385578111e-10
Aanchor_A,0.9607692360877991,0.38404676310815555,42.08499743248146,5.928446184581564e-10
Aanchor_A,0.9619230926036835,0.38447590968246753,42.08605072449928,6.07296776710552e-10
Aanchor_A,0.9630769491195679,0.3849057715186243,42.08710416479003,6.217566845994422e-10
Aanchor_A,0.9642307907342911,0.38549078956871136,42.08792258272116,6.329869457070456e-10
Aanchor_A,0.9653846323490143,0.3860765800030888,42.08874109908458,6.442253499288608e-10
Aanchor_A,0.9665384739637375,0.38666325989954886,42.08955957013639,6.554579796985995e-10
Aanchor_A,0.9676923155784607,0.38725080270542567,42.090378054569,6.666887804937057e-10
Aanchor_A,0.9688461571931839,0.38756057668202165,42.0915031890284,6.821275666170974e-10
Aanchor_A,0.9699999988079071,0.38787141186427443,42.09262816025912,6.975731797355766e-10
Aanchor_A,0.9711538404226303,0.3881833091162375,42.09375296929457,7.130042410605579e-10
Aanchor_A,0.9723076820373535,0.3884940549983702,42.09488039472126,7.284819099825973e-10
Aanchor_A,0.9734615236520767,0.3888188024716252,42.0959645100643,7.433604092258028e-10
Aanchor_A,0.9746153652667999,0.38914419773162173,42.097048860342305,7.582395835137337e-10
Aanchor_A,0.9757692068815231,0.38947035960834137,42.09813329964594,7.731255207913183e-10
Aanchor_A,0.9769230484962463,0.3897971359569125,42.099218041974716,7.880133856837525e-10
Aanchor_A,0.9780769050121307,0.39016888802964456,42.10020895376837,8.016149787381368e-10
Aanchor_A,0.9792307615280151,0.39054145907658266,42.10119994371402,8.152119448066127e-10
Aanchor_A,0.9803846180438995,0.3909148862495959,42.1021909676656,8.288153218215123e-10
Aanchor_A,0.9815384745597839,0.3912891675804173,42.10318197721105,8.424184138948872e-10
Aanchor_A,0.9826923161745071,0.3915678450530006,42.10429336382532,8.576703636754309e-10
Aanchor_A,0.9838461577892303,0.39184741478071267,42.105404657994974,8.729211530667647e-10
Aanchor_A,0.9849999994039536,0.39212787701339286,42.10651586104095,8.881729710132899e-10
Aanchor_A,0.9861538410186768,0.39240923738165545,42.10762699000704,9.034181385221966e-10
Aanchor_A,0.9873076826334,0.3926282515591866,42.108746974293084,9.187940386765851e-10
Aanchor_A,0.9884615242481232,0.3928478774941661,42.10986720840922,9.341651385956884e-10
Aanchor_A,0.9896153658628464,0.3930681160598722,42.11098769280943,9.495470801204347e-10
Aanchor_A,0.9907692074775696,0.39328897186931766,42.11210844470613,9.649246601022458e-10
Aanchor_A,0.991923063993454,0.3933761104982489,42.11336576263917,9.8218136917344e-10
Aanchor_A,0.9930769205093384,0.39347806120919454,42.114605597543395,9.991963167726965e-10
Aanchor_A,0.9942307770252228,0.3935806991793074,42.11584554495327,1.0162187133814158e-09
Aanchor_A,0.9953846335411072,0.3936840167336134,42.11708556612947,1.0332364673949186e-09
Aanchor_A,0.9965384751558304,0.3939377948945972,42.118131430682276,1.0475869266658548e-09
Aanchor_A,0.9976923167705536,0.39417507937553314,42.11919871651173,1.0622354305556515e-09
Aanchor_A,0.9988461583852768,0.3944159769491814,42.12026240950563,1.076832346400792e-09
Aanchor_A,1.0,0.39466582386476784,42.12131584721905,1.0912939189951951e-09
Aanchor_A,1.0011538565158844,0.3948471468522145,42.12237512924371,1.1058289233997345e-09
Aanchor_A,1.0023077130317688,0.39502991017650224,42.123433692561605,1.1203613978196163e-09
Aanchor_A,1.0034615695476532,0.39521282285732084,42.124493144044465,1.1349000882253612e-09
Aanchor_A,1.0046154260635376,0.39539647974904424,42.125552698877804,1.1494431415130538e-09
Aanchor_A,0.9117283351922532,0.35622497650319335,42.04743418088837,7.730748946417883e-11
Aanchor_A,0.9169230855592947,0.35961137024046597,42.05142260565099,1.3204469528645866e-10
Aanchor_A,0.9237809226552507,0.36450498221780214,42.05591287649261,1.936715602732123e-10
Aanchor_A,0.8430768868537449,0.294382020854177,42.006783106860865,4.806083643417738e-10
Aanchor_A,0.843076896853745,0.294382020854177,42.006783049741564,4.806113894147163e-10
Aanchor_A,0.843076906853745,0.294382020854177,42.00678306789786,4.806121496585938e-10
Aanchor_A,0.8476922710077667,0.2987345093851749,42.00975395509412,4.398351250481942e-10
Aanchor_A,0.8476922810077667,0.2987345093851749,42.00975400566517,4.3983531794543317e-10
Aanchor_A,0.8476922910077668,0.2987345093851749,42.009754023818374,4.398366479349381e-10
Aanchor_A,0.8523076551617884,0.3042999972662522,42.01121208759861,4.1982468846557785e-10
Aanchor_A,0.8523076651617885,0.3042999972662522,42.01121213813498,4.198212818630407e-10
Aanchor_A,0.8523076751617885,0.3042999972662522,42.01121215621674,4.198254582089243e-10
Aanchor_A,0.8569230393158102,0.30873978269921015,42.01403963484617,3.8101520909903116e-10
Aanchor_A,0.8569230493158102,0.30873978269921015,42.0140395775401,3.8101368105893554e-10
Aanchor_A,0.8569230593158103,0.30873978269921015,42.0140395955681,3.810191883636441e-10
Aanchor_A,0.8615384234698319,0.3137564197750535,42.01612391634873,3.524100977571238e-10
Aanchor_A,0.8615384334698319,0.3137564197750535,42.01612396822105,3.5241238492178744e-10
Aanchor_A,0.861538443469832,0.3137564197750535,42.01612398579374,3.524083967363918e-10
Aanchor_A,0.8661538076238536,0.31826564385006256,42.018630445176285,3.180103458603008e-10
Aanchor_A,0.8661538176238537,0.31826564385006256,42.01863049414518,3.1800806990542793e-10
Aanchor_A,0.8661538276238537,0.31826564385006256,42.01863051167279,3.180057886230426e-10
Aanchor_A,0.8707691917778754,0.3221701040245581,42.02186961636581,2.7355561525498963e-10
Aanchor_A,0.8707692017778754,0.3221701040245581,42.02186966504287,2.7355295433919243e-10
Aanchor_A,0.8707692117778755,0.3221701040245581,42.02186968261222,2.7355010166067234e-10
Aanchor_A,0.8753845759318971,0.3264465130969125,42.02466454391197,2.3519651002497547e-10
Aanchor_A,0.8753845859318972,0.3264465130969125,42.02466449180337,2.351961252271625e-10
Aanchor_A,0.8753845959318972,0.3264465130969125,42.024664508460354,2.3519746001636725e-10
Aanchor_A,0.8799999600859189,0.33047803452003216,42.027344260888995,1.9841779857828396e-10
Aanchor_A,0.8799999700859189,0.33047803452003216,42.027344306838984,1.98415703744883e-10
Aanchor_A,0.879999980085919,0.33047803452003216,42.02734432366765,1.9841761167759888e-10
Aanchor_A,0.8846153442399406,0.3341895057186503,42.03050192382574,1.5508169182742414e-10
Aanchor_A,0.8846153542399406,0.3341895057186503,42.03050197036186,1.5507940332324855e-10
Aanchor_A,0.8846153642399407,0.3341895057186503,42.030501987510874,1.5508054983894979e-10
Aanchor_A,0.8892307283939623,0.33860813112113913,42.03292689225521,1.2179720618473188e-10
Aanchor_A,0.8892307383939624,0.33860813112113913,42.032926840917845,1.2179835030187388e-10
Aanchor_A,0.8892307483939624,0.33860813112113913,42.03292685739753,1.2179701328280303e-10
Aanchor_A,0.8938461125479841,0.34297725231628406,42.0351042280643,9.191630685293296e-11
Aanchor_A,0.8938461225479841,0.34297725231628406,42.03510427430558,9.191649997222101e-11
Aanchor_A,0.8938461325479842,0.34297725231628406,42.03510429067811,9.19138217503137e-11
Aanchor_A,0.8984614967020058,0.3462473003042229,42.03860163237618,4.391305292038525e-11
Aanchor_A,0.8984615067020059,0.3462473003042229,42.03860167776413,4.391305367366785e-11
Aanchor_A,0.8984615167020059,0.3462473003042229,42.038601694252016,4.391267068933874e-11
Aanchor_A,0.9030768808560276,0.34989405612355484,42.041682123712214,1.639186351006963e-12
Aanchor_A,0.9030768908560276,0.34989405612355484,42.04168207568708,1.635734183206268e-12
Aanchor_A,0.9030769008560277,0.34989405612355484,42.041682091372735,1.6365013335966416e-12
Aanchor_A,0.9076922650100493,0.3530948935615295,42.04494838043466,4.318918803194732e-11
Aanchor_A,0.9076922750100493,0.3530948935615295,42.04494842379163,4.318822837492487e-11
Aanchor_A,0.9076922850100494,0.3530948935615295,42.044948439583,4.318784440801819e-11
Aanchor_A,0.912307649164071,0.356826127525979,42.04760336758761,7.963079072068067e-11
Aanchor_A,0.9123076591640711,0.356826127525979,42.047603411609856,7.962829175153619e-11
Aanchor_A,0.9123076691640711,0.356826127525979,42.04760342737493,7.962886916863156e-11
Aanchor_A,0.9169230333180928,0.3596113850425352,42.05142257020877,1.3204739025157936e-10
Aanchor_A,0.9169230433180928,0.3596113850425352,42.051422521905394,1.3204392071954108e-10
Aanchor_A,0.9169230533180929,0.3596113850425352,42.05142253736981,1.3204738810807856e-10
Aanchor_A,0.9215384174721145,0.36298070048055736,42.054376398862686,1.7258591816076243e-10
Aanchor_A,0.9215384274721146,0.36298070048055736,42.05437644273507,1.7258399247537655e-10
Aanchor_A,0.9215384374721146,0.36298070048055736,42.054376458033985,1.725855365535669e-10
Aanchor_A,0.9261538016261363,0.3661158585112727,42.057546688856974,2.1609423047907336e-10
Aanchor_A,0.9261538116261363,0.3661158585112727,42.05754673190233,2.1609829094317358e-10
Aanchor_A,0.9261538216261364,0.3661158585112727,42.057546747045116,2.1609558772611835e-10
Aanchor_A,0.930769185780158,0.36883895751756873,42.06115604915907,2.656314840828006e-10
Aanchor_A,0.930769195780158,0.36883895751756873,42.06115609153014,2.6562936007325965e-10
Aanchor_A,0.9307692057801581,0.36883895751756873,42.06115610636087,2.6563439240496787e-10
Aanchor_A,0.9353845699341797,0.37164392281514796,42.064520193585295,3.1180107964881453e-10
Aanchor_A,0.9353845799341798,0.37164392281514796,42.06452014688179,3.1180049284151643e-10
Aanchor_A,0.9353845899341798,0.37164392281514796,42.06452016160701,3.1180088212907536e-10
Aanchor_A,0.9399999540882015,0.3742242496355819,42.06811497554684,3.6114001338363637e-10
Aanchor_A,0.9399999640882015,0.3742242496355819,42.06811501862504,3.611433181689962e-10
Aanchor_A,0.9399999740882016,0.3742242496355819,42.0681150327363,3.6114215575215325e-10
Aanchor_A,0.9446153382422232,0.3766332627326631,42.07164191122776,4.0954260691033163e-10
Aanchor_A,0.9446153482422233,0.3766332627326631,42.07164195004466,4.0954727944970675e-10
Aanchor_A,0.9446153582422233,0.3766332627326631,42.07164196445533,4.095426158785044e-10
Aanchor_A,0.949230722396245,0.37880773144347857,42.075596389105854,4.638158650142568e-10
Aanchor_A,0.949230732396245,0.37880773144347857,42.07559634494874,4.6381682858689003e-10
Aanchor_A,0.949230742396245,0.37880773144347857,42.075596359059574,4.638166367021824e-10
Aanchor_A,0.9538461065502667,0.3813885186187625,42.078907994827226,5.092663798305993e-10
Aanchor_A,0.9538461165502667,0.3813885186187625,42.078908036768404,5.09267560837189e-10
Aanchor_A,0.9538461265502668,0.3813885186187625,42.07890805023409,5.092693190094942e-10
Aanchor_A,0.9584614907042884,0.38298912643667543,42.083141828608774,5.673763846144083e-10
Aanchor_A,0.9584615007042885,0.38298912643667543,42.08314186552183,5.673734610279051e-10
Aanchor_A,0.9584615107042885,0.38298912643667543,42.08314187925403,5.673732688839351e-10
Aanchor_A,0.9630768748583102,0.3849057715186243,42.08710412024418,6.217570645253809e-10
Aanchor_A,0.9630768848583102,0.3849057715186243,42.08710407870935,6.217572515937286e-10
Aanchor_A,0.9630768948583103,0.3849057715186243,42.087104092104774,6.217562758850996e-10
Aanchor_A,0.9676922590123319,0.38725080270542567,42.09037795482236,6.666887551373889e-10
Aanchor_A,0.967692269012332,0.38725080270542567,42.09037799363418,6.666899383819067e-10
Aanchor_A,0.967692279012332,0.38725080270542567,42.09037800671983,6.666901383944965e-10
Aanchor_A,0.9723076431663537,0.3884940549983702,42.094880320474495,7.284801168924191e-10
Aanchor_A,0.9723076531663537,0.3884940549983702,42.09488035750109,7.284765948485096e-10
Aanchor_A,0.9723076631663538,0.3884940549983702,42.09488037039298,7.284797421628948e-10
Aanchor_A,0.9769230273203754,0.3897971359569125,42.09921799172292,7.880106159908883e-10
Aanchor_A,0.9769230373203754,0.3897971359569125,42.09921802790408,7.88014561722303e-10
Aanchor_A,0.9769230473203755,0.3897971359569125,42.09921804049427,7.880147628861005e-10
Aanchor_A,0.9815384114743971,0.3912891675804173,42.10318195046998,8.424162347583742e-10
Aanchor_A,0.9815384214743972,0.3912891675804173,42.10318191015674,8.424144484288524e-10
Aanchor_A,0.9815384314743972,0.3912891675804173,42.103181922788146,8.424120860262502e-10
Aanchor_A,0.9861537956284189,0.39240923738165545,42.107626910099754,9.034175183971335e-10
Aanchor_A,0.9861538056284189,0.39240923738165545,42.10762694731682,9.034230589151447e-10
Aanchor_A,0.986153815628419,0.39240923738165545,42.10762695937952,9.034228665695548e-10
Aanchor_A,0.9907691797824406,0.39328897186931766,42.11210838979436,9.64926416819875e-10
Aanchor_A,0.9907691897824407,0.39328897186931766,42.11210842376965,9.649252459093518e-10
Aanchor_A,0.9907691997824407,0.39328897186931766,42.11210843560143,9.649270326627336e-10
Aanchor_A,0.9953845639364624,0.3936840167336134,42.11708553326977,1.0332360566737799e-09
Aanchor_A,0.9953845739364624,0.3936840167336134,42.11708549582548,1.0332326678961706e-09
Aanchor_A,0.9953845839364625,0.3936840167336134,42.11708550762053,1.0332318791491205e-09
Aanchor_A,0.9999999480904841,0.39466582386476784,42.12131576490489,1.0912918945806407e-09
Aanchor_A,0.9999999580904841,0.39466582386476784,42.12131580057535,1.0912938943009614e-09
Aanchor_A,0.9999999680904842,0.39466582386476784,42.121315811704974,1.0912958880469145e-09
Aanchor_A,1.004615332244506,0.39539647974904424,42.1255526409118,1.1494437067685584e-09
Aanchor_A,1.0046153422445059,0.39539647974904424,42.125552606233406,1.149439714828477e-09
Aanchor_A,1.0046153522445058,0.39539647974904424,42.12555261728632,1.1494439033138902e-09
Aanchor_A,0.9169230433180928,0.3596113386006041,42.05142257970517,1.3204796749174403e-10
Aanchor_B,0.8407692313194275,0.2949356497116814,42.00250977684806,5.392559553769178e-10
Aanchor_B,0.8430769443511963,0.29727966171268944,42.00390286415797,5.201367313463986e-10
Aanchor_B,0.8453846275806427,0.29947000972351145,42.005373103772186,4.999590623866938e-10
Aanchor_B,0.8476923108100891,0.3016581856426876,42.00685166149246,4.796706301038292e-10
Aanchor_B,0.8499999940395355,0.30445039268363405,42.00757109468629,4.697936454263985e-10
Aanchor_B,0.8523076772689819,0.30724604998120736,42.00829135248517,4.5990637464394946e-10
Aanchor_B,0.8546153903007507,0.309474765614504,42.009696451765144,4.406256447741463e-10
Aanchor_B,0.8569231033325195,0.3117098027238534,42.01109896034814,4.213765008424413e-10
Aanchor_B,0.8592307865619659,0.3142264509338292,42.01213249499418,4.071929372759026e-10
Aanchor_B,0.8615384697914124,0.31674743516332615,42.01316593553989,3.930075208526737e-10
Aanchor_B,0.8638461530208588,0.3190118086782687,42.01440968492726,3.759366956930613e-10
Aanchor_B,0.8661538362503052,0.3212819777615291,42.01565171310526,3.588923177941834e-10
Aanchor_B,0.8684615194797516,0.32324358484099636,42.017261814213846,3.3679523533251175e-10
Aanchor_B,0.870769202709198,0.3252100850072677,42.018871476698926,3.146993539111676e-10
Aanchor_B,0.8730769157409668,0.3273970531154329,42.02021136886256,2.963112380831996e-10
Aanchor_B,0.8753846287727356,0.3295487934964762,42.021600461121096,2.772477823971663e-10
Aanchor_B,0.877692312002182,0.33157261832271046,42.022933270667366,2.589582069373549e-10
Aanchor_B,0.8799999952316284,0.3335775505369273,42.024294904576024,2.4026656463237306e-10
Aanchor_B,0.8823076784610748,0.33544532474479616,42.02586168904473,2.18761832272282e-10
Aanchor_B,0.8846153616905212,0.33731945207855335,42.027426165927395,1.972901696860284e-10
Aanchor_B,0.88692307472229,0.3395378216656705,42.028630046860684,1.807708465596022e-10
Aanchor_B,0.8892307877540588,0.34176182634179625,42.02983222720642,1.642701602180199e-10
Aanchor_B,0.8915384709835052,0.34392807255633506,42.03094665396902,1.489801365589475e-10
Aanchor_B,0.8938461542129517,0.3461572583705699,42.03198795946286,1.346832563777476e-10
Aanchor_B,0.8961538374423981,0.34780722271564957,42.033720663545616,1.1090600788122125e-10
Aanchor_B,0.8984615206718445,0.3494630904017439,42.03545179071171,8.714648962055468e-11
Aanchor_B,0.9007692337036133,0.35128946069687605,42.0369921144764,6.600757267081204e-11
Aanchor_B,0.9030769467353821,0.3531326964692555,42.038516461689376,4.5083828622544124e-11
Aanchor_B,0.9053846299648285,0.354773829752444,42.04010163932509,2.3328515240691726e-11
Aanchor_B,0.9076923131942749,0.3563567869969009,42.04176471997346,5.057633969636661e-13
Aanchor_B,0.9099999964237213,0.3581575367468414,42.043175898770826,1.886638219643747e-11
Aanchor_B,0.9123076796531677,0.359962744406365,42.04458724691827,3.823005379241725e-11
Aanchor_B,0.9146153926849365,0.3614887483024751,42.04633473571767,6.221539694935855e-11
Aanchor_B,0.9169231057167053,0.3628715153742233,42.04826553026788,8.871356461767178e-11
Aanchor_B,0.9192307889461517,0.36465649169817554,42.04962155616308,1.0732690506753889e-10
Aanchor_B,0.9215384721755981,0.3663307758335011,42.0511202171429,1.2789605768044667e-10
Aanchor_B,0.9238461554050446,0.3679091535754876,42.05269579679928,1.4951716449883823e-10
Aanchor_B,0.926153838634491,0.3694935682826617,42.05426930819091,1.7111441816523183e-10
Aanchor_B,0.9284615218639374,0.3708816940907861,42.05604465137977,1.9548043635543093e-10
Aanchor_B,0.9307692050933838,0.3722727337578972,42.05782096849161,2.198573812589113e-10
Aanchor_B,0.9330769181251526,0.3736543674353819,42.05953396847909,2.4337231340458773e-10
Aanchor_B,0.9353846311569214,0.37508809619595085,42.061186974123,2.6605557498580154e-10
Aanchor_B,0.9376923143863678,0.37639338555068363,42.06296984840308,2.905221659437552e-10
Aanchor_B,0.9399999976158142,0.37770231634591306,42.06475277388875,3.1499571695516115e-10
Aanchor_B,0.9423076808452606,0.37894644780284525,42.066469907603945,3.385645933244179e-10
Aanchor_B,0.944615364074707,0.3803468517774929,42.06799812219696,3.5953354054215604e-10
Aanchor_B,0.9469230771064758,0.3814494990315013,42.06996113239628,3.8647705007910657e-10
Aanchor_B,0.9492307901382446,0.38255557765656756,42.0719241500486,4.134179347405137e-10
Aanchor_B,0.951538473367691,0.38384859608001676,42.07357993596654,4.361399138674611e-10
Aanchor_B,0.9538461565971375,0.38514618662842415,42.07523483001,4.5885455768439035e-10
Aanchor_B,0.9561538398265839,0.3859730697463096,42.077324036181516,4.875319738030253e-10
Aanchor_B,0.9584615230560303,0.3868032519125983,42.0794142222696,5.162173792987243e-10
Aanchor_B,0.9607692360877991,0.3876741035390197,42.081507683540885,5.449492348743629e-10
Aanchor_B,0.9630769491195679,0.38856891296810486,42.083575653898436,5.733271872573425e-10
Aanchor_B,0.9653846323490143,0.38975663806479394,42.085198277091756,5.956003266077242e-10
Aanchor_B,0.9676923155784607,0.39094786898223816,42.086820847137716,6.178678495260545e-10
Aanchor_B,0.9699999988079071,0.39158478375448186,42.08905830251416,6.485759966079557e-10
Aanchor_B,0.9723076820373535,0.3922291412608858,42.09129121272927,6.792215629775584e-10
Aanchor_B,0.9746153652667999,0.39289796338536676,42.093443249493234,7.087536193633887e-10
Aanchor_B,0.9769230484962463,0.3935696441023312,42.095595961201,7.383040465478465e-10
Aanchor_B,0.9792307615280151,0.3943293547980458,42.09756519587337,7.653270522166286e-10
Aanchor_B,0.9815384745597839,0.3950925600130168,42.09953446295069,7.923551806564062e-10
Aanchor_B,0.9838461577892303,0.3956670760400909,42.10174314646176,8.226711629699273e-10
Aanchor_B,0.9861538410186768,0.3962452368679695,42.10395142500981,8.52978404607431e-10
Aanchor_B,0.9884615242481232,0.39670385552477194,42.1061743719869,8.834828942226958e-10
Aanchor_B,0.9907692074775696,0.3971650387452612,42.10839824654777,9.140053799988341e-10
Aanchor_B,0.9930769205093384,0.39737615291344536,42.11087506013692,9.48002038595635e-10
Aanchor_B,0.9953846335411072,0.3975871798113541,42.11335573720416,9.820423323284519e-10
Aanchor_B,0.9976923167705536,0.3981016182171329,42.11544661862529,1.0107410215537562e-09
Aanchor_B,0.8396153748035431,0.29380311679166027,42.0017659230821,5.494680670616748e-10
Aanchor_B,0.8407692313194275,0.2949356501401744,42.00250977631473,5.392580381462073e-10
Aanchor_B,0.8419230878353119,0.29614443127500234,42.0031599519785,5.303331174130095e-10
Aanchor_B,0.8430769443511963,0.29727965451175214,42.00390287312011,5.201397632861475e-10
Aanchor_B,0.8442307859659195,0.2983738599798505,42.004638467872454,5.100451887083171e-10
Aanchor_B,0.8453846275806427,0.29946998679257025,42.00537313231146,4.999573619302601e-10
Aanchor_B,0.8465384691953659,0.3005575186255326,42.006119891758004,4.897109858104755e-10
Aanchor_B,0.8476923108100891,0.3016581871151155,42.006851659659986,4.796681664649746e-10
Aanchor_B,0.8488461524248123,0.3030536820888208,42.0072114937317,4.747280235270867e-10
Aanchor_B,0.8499999940395355,0.3044503907092827,42.00757109714341,4.69794024936124e-10
Aanchor_B,0.8511538356542587,0.3058469486096091,42.00793214893187,4.6483512268486495e-10
Aanchor_B,0.8523076772689819,0.30724603051165866,42.00829137671508,4.599103609109927e-10
Aanchor_B,0.8534615337848663,0.30835963642534797,42.008994194857024,4.50259537215765e-10
Aanchor_B,0.8546153903007507,0.30947478810488704,42.00969642377609,4.406241233111405e-10
Aanchor_B,0.8557692468166351,0.3105914910571477,42.01039806023779,4.309968977798987e-10
Aanchor_B,0.8569231033325195,0.3117097856496684,42.01109898159656,4.2137612424084967e-10
Aanchor_B,0.8580769449472427,0.3129674638076895,42.011615895574636,4.14281097084796e-10
Aanchor_B,0.8592307865619659,0.31422646269375415,42.01213248035939,4.0719008797211333e-10
Aanchor_B,0.8603846281766891,0.3154858486765948,42.01264990092172,4.000899447755942e-10
Aanchor_B,0.8615384697914124,0.3167474478928178,42.013165919698686,3.9300561961745704e-10
Aanchor_B,0.8626923114061356,0.31787888412056076,42.013788047841906,3.8446692426276517e-10
Aanchor_B,0.8638461530208588,0.319011797103921,42.01440969933084,3.7593460714816024e-10
Aanchor_B,0.864999994635582,0.3201461552778951,42.01503091732013,3.674090438792636e-10
Aanchor_B,0.8661538362503052,0.32128197695953215,42.015651714103285,3.5889383891093693e-10
Aanchor_B,0.8673076778650284,0.32226184905497657,42.0164572227791,3.478341748355066e-10
Aanchor_B,0.8684615194797516,0.323243584722161,42.01726181436173,3.3679048131609543e-10
Aanchor_B,0.8696153610944748,0.32422459548126475,42.018068712964755,3.2571933927891e-10
Aanchor_B,0.870769202709198,0.3252100883188984,42.01887147257796,3.1470030448687425e-10
Aanchor_B,0.8719230592250824,0.326302429116369,42.01954216016576,3.0549474303416023e-10
Aanchor_B,0.8730769157409668,0.32739708673181683,42.020211327031085,2.9631085352383604e-10
Aanchor_B,0.8742307722568512,0.3284906985677914,42.02088315456969,2.870930648591612e-10
Aanchor_B,0.8753846287727356,0.3295487929940235,42.02160046174633,2.7724721122175277e-10
Aanchor_B,0.8765384703874588,0.33056639986727654,42.02225908981778,2.6821009388499146e-10
Aanchor_B,0.877692312002182,0.33157261806573163,42.022933270987146,2.5895382563245035e-10
Aanchor_B,0.8788461536169052,0.3325577093044884,42.023635064226404,2.493216696895174e-10
Aanchor_B,0.8799999952316284,0.33357758087772155,42.02429486682687,2.402711355990055e-10
Aanchor_B,0.8811538368463516,0.33451068175397924,42.02507854330491,2.2951634886695188e-10
Aanchor_B,0.8823076784610748,0.33544531742010375,42.02586169815775,2.187650749797566e-10
Aanchor_B,0.883461520075798,0.3363816036998378,42.02664419108759,2.080245404545074e-10
Aanchor_B,0.8846153616905212,0.33731944507332606,42.0274261746428,1.9729036107774083e-10
Aanchor_B,0.8857692182064056,0.3384279229486027,42.028028323508096,1.8902690820689733e-10
Aanchor_B,0.88692307472229,0.3395378167947683,42.02863005292063,1.8076874666741742e-10
Aanchor_B,0.8880769312381744,0.3406491346488691,42.02923135626292,1.7251510071890952e-10
Aanchor_B,0.8892307877540588,0.34176185149580735,42.029832195912476,1.642688214429537e-10
Aanchor_B,0.890384629368782,0.3428443223838388,42.03038957866207,1.566234921422099e-10
Aanchor_B,0.8915384709835052,0.3439280428197147,42.03094669096351,1.4897784470017906e-10
Aanchor_B,0.8926923125982285,0.34507055868010433,42.0314319432435,1.423155521186825e-10
Aanchor_B,0.8938461542129517,0.34615722275657096,42.031988003768475,1.3468612697448928e-10
Aanchor_B,0.8949999958276749,0.3469809245911666,42.032855229736235,1.227816978132249e-10
Aanchor_B,0.8961538374423981,0.34780720439756274,42.03372068633381,1.1090294663473966e-10
Aanchor_B,0.8973076790571213,0.34863429523654726,42.0345865669822,9.902048005851369e-11
Aanchor_B,0.8984615206718445,0.34946304996884275,42.03545184101026,8.714227777706541e-11
Aanchor_B,0.8996153771877289,0.350369599695381,42.03622962526696,7.646800363684806e-11
Aanchor_B,0.9007692337036133,0.3512894483098278,42.036992129885704,6.600584858431141e-11
Aanchor_B,0.9019230902194977,0.3522104787756715,42.037754432940474,5.554229181546896e-11
Aanchor_B,0.9030769467353821,0.35313270879635233,42.038516446354954,4.5087278841793064e-11
Aanchor_B,0.9042307883501053,0.35395125413496387,42.03931086655332,3.41820993026809e-11
Aanchor_B,0.9053846299648285,0.3547738239672913,42.04010164652147,2.333100933769966e-11
Aanchor_B,0.9065384715795517,0.3555945237429484,42.04089612418404,1.242568198403925e-11
Aanchor_B,0.9076923131942749,0.35635678654110514,42.041764720540456,5.028831954773446e-13
Aanchor_B,0.9088461548089981,0.3572546774473217,42.0424726657851,9.208924164219105e-12
Aanchor_B,0.9099999964237213,0.358157536342257,42.04317589927411,1.8860426113634115e-11
Aanchor_B,0.9111538380384445,0.35905930999870395,42.04388188837924,2.855481968375389e-11
Aanchor_B,0.9123076796531677,0.359962743306602,42.04458724828631,3.8233898827203135e-11
Aanchor_B,0.9134615361690521,0.3606501077099242,42.04555444904049,5.150876615297026e-11
Aanchor_B,0.9146153926849365,0.36148874795727515,42.04633473614707,6.221597406301823e-11
Aanchor_B,0.9157692492008209,0.36217955727477436,42.04730025110196,7.546606634302816e-11
Aanchor_B,0.9169231057167053,0.3628715149425328,42.04826553080485,8.87189545707131e-11
Aanchor_B,0.9180769473314285,0.36379120912806445,42.04890909490306,9.754735113196923e-11
Aanchor_B,0.9192307889461517,0.36465649192324945,42.04962155588315,1.073261345101701e-10
Aanchor_B,0.9203846305608749,0.365522707752822,42.050334155763146,1.1710785926422784e-10
Aanchor_B,0.9215384721755981,0.36633077105168427,42.05112022308977,1.2789413006730143e-10
Aanchor_B,0.9226923137903214,0.3671188731768466,42.051908690245874,1.387132325009356e-10
Aanchor_B,0.9238461554050446,0.3679091834384301,42.052695759661106,1.49518320333658e-10
Aanchor_B,0.9249999970197678,0.3687008172679008,42.053482537253885,1.6031851285495906e-10
Aanchor_B,0.926153838634491,0.36949357842940006,42.05426929557247,1.711117143118299e-10
Aanchor_B,0.9273076802492142,0.37018562246092085,42.0551589026455,1.8332664014788904e-10
Aanchor_B,0.9284615218639374,0.3708816971419151,42.05604464758548,1.9548082259908747e-10
Aanchor_B,0.9296153634786606,0.3715786933178645,42.05693039978911,2.0763473393542228e-10
Aanchor_B,0.9307692050933838,0.3722727340753544,42.057820968096856,2.1985854161630372e-10
Aanchor_B,0.9319230616092682,0.37297883974624885,42.05865783056285,2.3134793262247676e-10
Aanchor_B,0.9330769181251526,0.37365436829879134,42.05953396740551,2.4337211977886277e-10
Aanchor_B,0.934230774641037,0.3743690852158343,42.06036253282572,2.5474075500222666e-10
Aanchor_B,0.9353846311569214,0.3750880580358039,42.061187021570625,2.660590653271918e-10
Aanchor_B,0.9365384727716446,0.3757402736593806,42.06207842429026,2.7829145249345606e-10
Aanchor_B,0.9376923143863678,0.3763933862968816,42.062969847475294,2.905275931969658e-10
Aanchor_B,0.938846156001091,0.37704739703574136,42.063861292161114,3.027611130502903e-10
Aanchor_B,0.9399999976158142,0.377702317366868,42.064752772619364,3.14994746911257e-10
Aanchor_B,0.9411538392305374,0.378310336518983,42.06562810151746,3.270088213855482e-10
Aanchor_B,0.9423076808452606,0.37894644890896895,42.066469906228726,3.385612927302172e-10
Aanchor_B,0.9434615224599838,0.37973505689058756,42.06712338948166,3.475273689867522e-10
Aanchor_B,0.944615364074707,0.3803468328251134,42.06799814576202,3.5953548617650687e-10
Aanchor_B,0.9457692205905914,0.3808977298161782,42.068979640644095,3.7300536753143615e-10
Aanchor_B,0.9469230771064758,0.3814494878353052,42.06996114631703,3.864776351305443e-10
Aanchor_B,0.9480769336223602,0.3820021030864247,42.070942669778056,3.9994550494029946e-10
Aanchor_B,0.9492307901382446,0.38255559796047833,42.07192412480456,4.13419877403914e-10
Aanchor_B,0.9503846317529678,0.38320151179638323,42.072752163361564,4.247824773384499e-10
Aanchor_B,0.951538473367691,0.38384859193359605,42.07357994112171,4.3614536825840916e-10
Aanchor_B,0.9526923149824142,0.38449680058832686,42.074407507687354,4.475005833481985e-10
Aanchor_B,0.9538461565971375,0.3851461870691081,42.07523482946212,4.588553374045841e-10
Aanchor_B,0.9549999982118607,0.38555395981367324,42.076285842297146,4.732805920661452e-10
Aanchor_B,0.9561538398265839,0.38597310691765774,42.07732398996925,4.875300154283426e-10
Aanchor_B,0.9573076814413071,0.38639350463801864,42.078361849497604,5.017727224847237e-10
Aanchor_B,0.9584615230560303,0.38680324544827543,42.07941423030589,5.162146465532368e-10
Aanchor_B,0.9596153795719147,0.3872383058299778,42.08046086629726,5.305821467778061e-10
Aanchor_B,0.9607692360877991,0.38767410878180936,42.08150767702331,5.449484518096758e-10
Aanchor_B,0.9619230926036835,0.38813170009560727,42.08252848610965,5.589603917284892e-10
Aanchor_B,0.9630769491195679,0.3885689352232449,42.083575626233134,5.733289432850089e-10
Aanchor_B,0.9642307907342911,0.38916239847555995,42.08438690001118,5.844630589763596e-10
Aanchor_B,0.9653846323490143,0.3897566540602968,42.08519825720839,5.956001270220788e-10
Aanchor_B,0.9665384739637375,0.3903518192954664,42.086009553900546,6.067301511385716e-10
Aanchor_B,0.9676923155784607,0.3909478713064322,42.08682084424869,6.178674570488062e-10
Aanchor_B,0.9688461571931839,0.39126423752259526,42.087941586599904,6.332520818102436e-10
Aanchor_B,0.9699999988079071,0.3915847776012909,42.089058310162486,6.48574232608976e-10
Aanchor_B,0.9711538404226303,0.3919064079722196,42.090174848963656,6.638985635883659e-10
Aanchor_B,0.9723076820373535,0.3922291358265901,42.091291219483814,6.792199932635368e-10
Aanchor_B,0.9734615236520767,0.39256319253725636,42.092367153621986,6.939852618116145e-10
Aanchor_B,0.9746153652667999,0.39289796149379463,42.09344325184429,7.087544061178814e-10
Aanchor_B,0.9757692068815231,0.3932334433598778,42.09451951523188,7.235286343238873e-10
Aanchor_B,0.9769230484962463,0.39356964410755246,42.095595961194505,7.383001122295648e-10
Aanchor_B,0.9780769050121307,0.3939490612671001,42.09658057059524,7.518140807905178e-10
Aanchor_B,0.9792307615280151,0.3943293538486572,42.097565197053314,7.653288246824764e-10
Aanchor_B,0.9803846180438995,0.3947105241366511,42.098549839803006,7.788406195563108e-10
Aanchor_B,0.9815384745597839,0.3950925600744886,42.099534462874296,7.923547864325433e-10
Aanchor_B,0.9826923161745071,0.39537936444853666,42.100638856440824,8.075102546278566e-10
Aanchor_B,0.9838461577892303,0.39566707748893254,42.101743144661185,8.226685979010489e-10
Aanchor_B,0.9849999994039536,0.3959557006343655,42.102847327387124,8.378229301983971e-10
Aanchor_B,0.9861538410186768,0.39624523961244845,42.103951421599184,8.529748495497305e-10
Aanchor_B,0.9873076826334,0.3964742295509473,42.10506278113873,8.682266091115061e-10
Aanchor_B,0.9884615242481232,0.39670385882037623,42.10617436789148,8.834815093084404e-10
Aanchor_B,0.9896153658628464,0.3969341283429203,42.107286182277306,8.987470880698695e-10
Aanchor_B,0.9907692074775696,0.3971650423163201,42.10839824211014,9.140039933392524e-10
Aanchor_B,0.991923063993454,0.39727590042340993,42.10962957447955,9.309069148148803e-10
Aanchor_B,0.9930769205093384,0.3973761875603466,42.11087501708358,9.480012331471866e-10
Aanchor_B,0.9942307770252228,0.3974742100859419,42.11212420362266,9.651401718161654e-10
Aanchor_B,0.9953846335411072,0.3975871806964513,42.11335573610436,9.820439185546625e-10
Aanchor_B,0.9965384751558304,0.39784442406655823,42.11440068554954,9.963865161982952e-10
Aanchor_B,0.9976923167705536,0.39810161923339055,42.11544661736255,1.0107414181505723e-09
Aanchor_B,0.9078336931906184,0.35646671701171545,42.04185149914489,6.837856719699141e-13
Aanchor_B,0.9169230511240646,0.36287147411755666,42.04826549703832,8.871895300922069e-11
Aanchor_B,0.8430768868537449,0.29727965451175214,42.00390284398664,5.201374861982932e-10
Aanchor_B,0.843076896853745,0.29727965451175214,42.003902786810585,5.201378575741254e-10
Aanchor_B,0.843076906853745,0.29727965451175214,42.00390280498198,5.201403222752714e-10
Aanchor_B,0.8476922710077667,0.3016581871151155,42.00685155490036,4.7966701636878e-10
Aanchor_B,0.8476922810077667,0.3016581871151155,42.00685160552472,4.79669483367535e-10
Aanchor_B,0.8476922910077668,0.3016581871151155,42.006851623689506,4.796675916713042e-10
Aanchor_B,0.8523076551617884,0.30724603051165866,42.00829130424004,4.5990769350426124e-10
Aanchor_B,0.8523076651617885,0.30724603051165866,42.008291354805706,4.599069445452906e-10
Aanchor_B,0.8523076751617885,0.30724603051165866,42.008291372901866,4.5991055010900936e-10
Aanchor_B,0.8569230393158102,0.3117097856496684,42.01109894148904,4.21377068475898e-10
Aanchor_B,0.8569230493158102,0.3117097856496684,42.01109888415613,4.2137364286249966e-10
Aanchor_B,0.8569230593158103,0.3117097856496684,42.011098902195066,4.213776299377151e-10
Aanchor_B,0.8615384234698319,0.3167474478928178,42.013165803928814,3.9301092094293563e-10
Aanchor_B,0.8615384334698319,0.3167474478928178,42.01316585581355,3.930065604410264e-10
Aanchor_B,0.861538443469832,0.3167474478928178,42.0131658734023,3.93007322563444e-10
Aanchor_B,0.8661538076238536,0.32128197695953215,42.01565163241108,3.5889420883987234e-10
Aanchor_B,0.8661538176238537,0.32128197695953215,42.015651681426796,3.588926953619255e-10
Aanchor_B,0.8661538276238537,0.32128197695953215,42.015651698969855,3.5889136598649696e-10
Aanchor_B,0.8707691917778754,0.3252100883188984,42.01887142221996,3.147048654267532e-10
Aanchor_B,0.8707692017778754,0.3252100883188984,42.01887147094003,3.1470182589045876e-10
Aanchor_B,0.8707692117778755,0.3252100883188984,42.01887148852722,3.1470391999598533e-10
Aanchor_B,0.8753845759318971,0.3295487929940235,42.02160044247065,2.7724968468463707e-10
Aanchor_B,0.8753845859318972,0.3295487929940235,42.02160039030193,2.7724815692265834e-10
Aanchor_B,0.8753845959318972,0.3295487929940235,42.021600406978635,2.772454926616403e-10
Aanchor_B,0.8799999600859189,0.33357758087772155,42.024294778470846,2.402705570266306e-10
Aanchor_B,0.8799999700859189,0.33357758087772155,42.024294824462935,2.402669391393734e-10
Aanchor_B,0.879999980085919,0.33357758087772155,42.024294841310315,2.4027094275979923e-10
Aanchor_B,0.8846153442399406,0.33731944507332606,42.027426115263125,1.972966545661844e-10
Aanchor_B,0.8846153542399406,0.33731944507332606,42.027426161854045,1.9729494046478245e-10
Aanchor_B,0.8846153642399407,0.33731944507332606,42.02742617901882,1.9729055221255898e-10
Aanchor_B,0.8892307283939623,0.34176185149580735,42.02983216587815,1.6427225811777658e-10
Aanchor_B,0.8892307383939624,0.34176185149580735,42.0298321144855,1.6427435587170814e-10
Aanchor_B,0.8892307483939624,0.34176185149580735,42.02983213098202,1.6427091856310785e-10
Aanchor_B,0.8938461125479841,0.34615722275657096,42.03198790558231,1.3468860808215747e-10
Aanchor_B,0.8938461225479841,0.34615722275657096,42.03198795186702,1.3468708072537644e-10
Aanchor_B,0.8938461325479842,0.34615722275657096,42.03198796825784,1.3468497779997836e-10
Aanchor_B,0.8984614967020058,0.34946304996884275,42.035451772512374,8.714610586822153e-11
Aanchor_B,0.8984615067020059,0.34946304996884275,42.035451817947475,8.714285168049024e-11
Aanchor_B,0.8984615167020059,0.34946304996884275,42.03545183445645,8.714649083945323e-11
Aanchor_B,0.9030768808560276,0.35313270879635233,42.038516406678546,4.508286938351553e-11
Aanchor_B,0.9030768908560276,0.35313270879635233,42.03851635860276,4.508497693898414e-11
Aanchor_B,0.9030769008560277,0.35313270879635233,42.03851637430663,4.508306031616379e-11
Aanchor_B,0.9076922650100493,0.35635678654110514,42.04176461676914,5.026911607332842e-13
Aanchor_B,0.9076922750100493,0.35635678654110514,42.04176466017219,5.024991575593819e-13
Aanchor_B,0.9076922850100494,0.35635678654110514,42.04176467598192,5.078755366421671e-13
Aanchor_B,0.912307649164071,0.359962743306602,42.04458717187197,3.823197524979671e-11
Aanchor_B,0.9123076591640711,0.359962743306602,42.044587215939785,3.823447516786884e-11
Aanchor_B,0.9123076691640711,0.359962743306602,42.04458723172697,3.82317838563142e-11
Aanchor_B,0.9169230333180928,0.3628715149425328,42.04826548253731,8.871298570591311e-11
Aanchor_B,0.9169230433180928,0.3628715149425328,42.04826543416845,8.871413869988594e-11
Aanchor_B,0.9169230533180929,0.3628715149425328,42.048265449655396,8.871548673340674e-11
Aanchor_B,0.9215384174721145,0.36633077105168427,42.05112011067432,1.278956665861329e-10
Aanchor_B,0.9215384274721146,0.36633077105168427,42.05112015459525,1.2789431940096554e-10
Aanchor_B,0.9215384374721146,0.36633077105168427,42.05112016991722,1.278962480286514e-10
Aanchor_B,0.9261538016261363,0.36949357842940006,42.054269211501264,1.71114604868671e-10
Aanchor_B,0.9261538116261363,0.36949357842940006,42.05426925461769,1.7111344933801568e-10
Aanchor_B,0.9261538216261364,0.36949357842940006,42.054269269781436,1.7111634659468945e-10
Aanchor_B,0.930769185780158,0.3722727340753544,42.05782091183694,2.1985892358869352e-10
Aanchor_B,0.930769195780158,0.3722727340753544,42.057820954260265,2.1986047444281789e-10
Aanchor_B,0.9307692057801581,0.3722727340753544,42.057820969117195,2.1986182945863362e-10
Aanchor_B,0.9353845699341797,0.3750880580358039,42.061186992795555,2.660563508429772e-10
Aanchor_B,0.9353845799341798,0.3750880580358039,42.06118694602275,2.6605285983963315e-10
Aanchor_B,0.9353845899341798,0.3750880580358039,42.06118696077165,2.660580907999661e-10
Aanchor_B,0.9399999540882015,0.377702317366868,42.06475268208283,3.1499396017365977e-10
Aanchor_B,0.9399999640882015,0.377702317366868,42.064752725238485,3.149937709648041e-10
Aanchor_B,0.9399999740882016,0.377702317366868,42.064752739370384,3.14995130646419e-10
Aanchor_B,0.9446153382422232,0.3803468328251134,42.06799808404135,3.595374201073628e-10
Aanchor_B,0.9446153482422233,0.3803468328251134,42.067998122903184,3.595372318125335e-10
Aanchor_B,0.9446153582422233,0.3803468328251134,42.067998137341114,3.595329592535995e-10
Aanchor_B,0.949230722396245,0.38255559796047833,42.071924087411645,4.1341442296230383e-10
Aanchor_B,0.949230732396245,0.38255559796047833,42.07192404320824,4.1341655463507305e-10
Aanchor_B,0.949230742396245,0.38255559796047833,42.07192405733943,4.134155841677978e-10
Aanchor_B,0.9538461065502667,0.3851461870691081,42.07523473345702,4.588514192888137e-10
Aanchor_B,0.9538461165502667,0.3851461870691081,42.07523477541115,4.588551329331876e-10
Aanchor_B,0.9538461265502668,0.3851461870691081,42.07523478890808,4.588563050111174e-10
Aanchor_B,0.9584614907042884,0.38680324544827543,42.07941416253944,5.162165859677718e-10
Aanchor_B,0.9584615007042885,0.38680324544827543,42.07941419956465,5.162152257743683e-10
Aanchor_B,0.9584615107042885,0.38680324544827543,42.07941421331805,5.162158146211018e-10
Aanchor_B,0.9630768748583102,0.3885689352232449,42.08357558161708,5.733283455041059e-10
Aanchor_B,0.9630768848583102,0.3885689352232449,42.08357553999356,5.733252066228988e-10
Aanchor_B,0.9630768948583103,0.3885689352232449,42.083575553413716,5.733310798150838e-10
Aanchor_B,0.9676922590123319,0.3909478713064322,42.086820744316334,6.178691970334847e-10
Aanchor_B,0.967692269012332,0.3909478713064322,42.08682078317135,6.178676358375342e-10
Aanchor_B,0.967692279012332,0.3909478713064322,42.086820796287604,6.178652880706677e-10
Aanchor_B,0.9723076431663537,0.3922291358265901,42.091291145061774,6.792199701980734e-10
Aanchor_B,0.9723076531663537,0.3922291358265901,42.091291182185934,6.792182165754584e-10
Aanchor_B,0.9723076631663538,0.3922291358265901,42.09129119510474,6.792182197331446e-10
Aanchor_B,0.9769230273203754,0.39356964410755246,42.095595910837,7.382973447701999e-10
Aanchor_B,0.9769230373203754,0.39356964410755246,42.0955959470958,7.383006978057301e-10
Aanchor_B,0.9769230473203755,0.39356964410755246,42.09559595971111,7.383038493495048e-10
Aanchor_B,0.9815384114743971,0.3950925600744886,42.09953443607947,7.923524118501385e-10
Aanchor_B,0.9815384214743972,0.3950925600744886,42.09953439568838,7.923571314288491e-10
Aanchor_B,0.9815384314743972,0.3950925600744886,42.099534408344574,7.923539816032253e-10
Aanchor_B,0.9861537956284189,0.39624523961244845,42.10395134153415,8.52976008203499e-10
Aanchor_B,0.9861538056284189,0.39624523961244845,42.103951378799316,8.529728575463907e-10
Aanchor_B,0.986153815628419,0.39624523961244845,42.103951390893,8.529738497460246e-10
Aanchor_B,0.9907691797824406,0.3971650423163201,42.10839818705608,9.140043649926548e-10
Aanchor_B,0.9907691897824407,0.3971650423163201,42.10839822112171,9.140079436987399e-10
Aanchor_B,0.9907691997824407,0.3971650423163201,42.10839823298284,9.140031982918194e-10
Aanchor_B,0.9953845639364624,0.3975871806964513,42.1133557031626,9.82045491862053e-10
Aanchor_B,0.9953845739364624,0.3975871806964513,42.11335566563656,9.820456752902052e-10
Aanchor_B,0.9953845839364625,0.3975871806964513,42.1133556774591,9.820474649050015e-10
Aanchor_B,0.9169230433180928,0.3628714683020922,42.048265492182914,8.871837529184792e-11
