START G11_first_hr_tripp_error_diag_0.42 196

Iteration:  100
Rhat values for alpha, beta, log(sigma^2), mean(xi), log(var(xi)), atanh(corr(xi, eta)):
[1.06510657 1.08371511 1.24649613 1.03279699 1.04044877 1.23037885]

Iteration:  200
Rhat values for alpha, beta, log(sigma^2), mean(xi), log(var(xi)), atanh(corr(xi, eta)):
[1.03533668 1.0447153  1.14380317 1.01461533 1.01236298 1.08388947]

Iteration:  300
Rhat values for alpha, beta, log(sigma^2), mean(xi), log(var(xi)), atanh(corr(xi, eta)):
[1.04892704 1.05198897 1.13656451 1.02383148 1.01289119 1.13445158]

Iteration:  400
Rhat values for alpha, beta, log(sigma^2), mean(xi), log(var(xi)), atanh(corr(xi, eta)):
[1.06717442 1.07030767 1.11654804 1.03356757 1.01344635 1.18933847]

Iteration:  500
Rhat values for alpha, beta, log(sigma^2), mean(xi), log(var(xi)), atanh(corr(xi, eta)):
[1.08442775 1.09200995 1.14178375 1.01855026 1.00088915 1.25825352]

Iteration:  600
Rhat values for alpha, beta, log(sigma^2), mean(xi), log(var(xi)), atanh(corr(xi, eta)):
[1.0945438  1.1074465  1.14780852 1.01326789 1.00009504 1.27781041]

Iteration:  700
Rhat values for alpha, beta, log(sigma^2), mean(xi), log(var(xi)), atanh(corr(xi, eta)):
[1.09273775 1.10931486 1.15139032 1.02079459 1.00288687 1.28179923]

Iteration:  800
Rhat values for alpha, beta, log(sigma^2), mean(xi), log(var(xi)), atanh(corr(xi, eta)):
[1.08147693 1.09391451 1.10048244 1.02585857 1.00511593 1.21676093]

Iteration:  900
Rhat values for alpha, beta, log(sigma^2), mean(xi), log(var(xi)), atanh(corr(xi, eta)):
[1.06270906 1.0709678  1.07292177 1.02832381 1.00718301 1.14099265]

Iteration:  1000
Rhat values for alpha, beta, log(sigma^2), mean(xi), log(var(xi)), atanh(corr(xi, eta)):
[1.05101836 1.05896445 1.06713125 1.02454311 1.00661795 1.12147812]

Iteration:  1100
Rhat values for alpha, beta, log(sigma^2), mean(xi), log(var(xi)), atanh(corr(xi, eta)):
[1.03876605 1.04808984 1.07592937 1.01881899 1.00424932 1.13295663]

Iteration:  1200
Rhat values for alpha, beta, log(sigma^2), mean(xi), log(var(xi)), atanh(corr(xi, eta)):
[1.03796132 1.04764534 1.0509384  1.01460197 1.00199923 1.14097222]

Iteration:  1300
Rhat values for alpha, beta, log(sigma^2), mean(xi), log(var(xi)), atanh(corr(xi, eta)):
[1.04337755 1.05374902 1.02921036 1.0149011  1.00153703 1.15216737]

Iteration:  1400
Rhat values for alpha, beta, log(sigma^2), mean(xi), log(var(xi)), atanh(corr(xi, eta)):
[1.04094852 1.04987991 1.02512107 1.01435581 1.00241046 1.14260803]

Iteration:  1500
Rhat values for alpha, beta, log(sigma^2), mean(xi), log(var(xi)), atanh(corr(xi, eta)):
[1.03598794 1.04191273 1.01750422 1.01863003 1.00554591 1.11859959]

Iteration:  1600
Rhat values for alpha, beta, log(sigma^2), mean(xi), log(var(xi)), atanh(corr(xi, eta)):
[1.02821934 1.03135692 1.01422878 1.01862891 1.00721811 1.08657775]

Iteration:  1700
Rhat values for alpha, beta, log(sigma^2), mean(xi), log(var(xi)), atanh(corr(xi, eta)):
[1.01644266 1.01844274 1.02498548 1.02225573 1.0072929  1.06295796]

Iteration:  1800
Rhat values for alpha, beta, log(sigma^2), mean(xi), log(var(xi)), atanh(corr(xi, eta)):
[1.01002781 1.01101952 1.0367279  1.02417688 1.00730393 1.05642705]

Iteration:  1900
Rhat values for alpha, beta, log(sigma^2), mean(xi), log(var(xi)), atanh(corr(xi, eta)):
[1.00600737 1.00574778 1.04484243 1.02077117 1.00648766 1.05165431]

Iteration:  2000
Rhat values for alpha, beta, log(sigma^2), mean(xi), log(var(xi)), atanh(corr(xi, eta)):
[1.00205966 1.00293127 1.0541636  1.0155494  1.0032604  1.04960975]

Iteration:  2100
Rhat values for alpha, beta, log(sigma^2), mean(xi), log(var(xi)), atanh(corr(xi, eta)):
[1.00008957 1.00353608 1.06885194 1.01483731 1.00369602 1.06314101]

Iteration:  2200
Rhat values for alpha, beta, log(sigma^2), mean(xi), log(var(xi)), atanh(corr(xi, eta)):
[0.99989382 1.00553731 1.08858369 1.01066079 1.002885   1.08131259]

Iteration:  2300
Rhat values for alpha, beta, log(sigma^2), mean(xi), log(var(xi)), atanh(corr(xi, eta)):
[1.00015216 1.00753989 1.10229778 1.00969901 1.00207625 1.09555959]

Iteration:  2400
Rhat values for alpha, beta, log(sigma^2), mean(xi), log(var(xi)), atanh(corr(xi, eta)):
[1.00049525 1.00866571 1.11644716 1.00991168 1.0017577  1.10736796]

Iteration:  2500
Rhat values for alpha, beta, log(sigma^2), mean(xi), log(var(xi)), atanh(corr(xi, eta)):
[1.00094739 1.00991004 1.13884303 1.00872782 1.00276731 1.1254189 ]

Iteration:  2600
Rhat values for alpha, beta, log(sigma^2), mean(xi), log(var(xi)), atanh(corr(xi, eta)):
[1.00162018 1.01184203 1.15767317 1.00738831 1.00320034 1.14165659]

Iteration:  2700
Rhat values for alpha, beta, log(sigma^2), mean(xi), log(var(xi)), atanh(corr(xi, eta)):
[1.00277017 1.01320839 1.17738524 1.00655091 1.00420302 1.15859989]

Iteration:  2800
Rhat values for alpha, beta, log(sigma^2), mean(xi), log(var(xi)), atanh(corr(xi, eta)):
[1.00431467 1.01430148 1.19419638 1.00617864 1.00433497 1.1719741 ]

Iteration:  2900
Rhat values for alpha, beta, log(sigma^2), mean(xi), log(var(xi)), atanh(corr(xi, eta)):
[1.00569346 1.016722   1.20702583 1.00567795 1.00397738 1.18513447]

Iteration:  3000
Rhat values for alpha, beta, log(sigma^2), mean(xi), log(var(xi)), atanh(corr(xi, eta)):
[1.00720062 1.01821676 1.20693406 1.00570709 1.00303293 1.1874674 ]

Iteration:  3100
Rhat values for alpha, beta, log(sigma^2), mean(xi), log(var(xi)), atanh(corr(xi, eta)):
[1.00611935 1.01586114 1.18578131 1.00458769 1.00367959 1.16893335]

Iteration:  3200
Rhat values for alpha, beta, log(sigma^2), mean(xi), log(var(xi)), atanh(corr(xi, eta)):
[1.00596519 1.01467522 1.1683517  1.00395828 1.00529681 1.15550383]

Iteration:  3300
Rhat values for alpha, beta, log(sigma^2), mean(xi), log(var(xi)), atanh(corr(xi, eta)):
[1.00637557 1.01338366 1.16188457 1.00429735 1.00622771 1.14492479]

Iteration:  3400
Rhat values for alpha, beta, log(sigma^2), mean(xi), log(var(xi)), atanh(corr(xi, eta)):
[1.00781018 1.01358916 1.15461816 1.00384163 1.0056408  1.13636911]

Iteration:  3500
Rhat values for alpha, beta, log(sigma^2), mean(xi), log(var(xi)), atanh(corr(xi, eta)):
[1.00864881 1.01252911 1.15457718 1.0025978  1.00602992 1.12794893]

Iteration:  3600
Rhat values for alpha, beta, log(sigma^2), mean(xi), log(var(xi)), atanh(corr(xi, eta)):
[1.01183521 1.01469    1.13995395 1.00142213 1.00314474 1.12045594]

Iteration:  3700
Rhat values for alpha, beta, log(sigma^2), mean(xi), log(var(xi)), atanh(corr(xi, eta)):
[1.01443838 1.01694068 1.13209027 1.00153739 1.00326636 1.11870903]

Iteration:  3800
Rhat values for alpha, beta, log(sigma^2), mean(xi), log(var(xi)), atanh(corr(xi, eta)):
[1.01453759 1.01668388 1.13562008 1.00215305 1.00287198 1.11846611]

Iteration:  3900
Rhat values for alpha, beta, log(sigma^2), mean(xi), log(var(xi)), atanh(corr(xi, eta)):
[1.0147415  1.01720207 1.14221096 1.00154868 1.00307537 1.12102171]

Iteration:  4000
Rhat values for alpha, beta, log(sigma^2), mean(xi), log(var(xi)), atanh(corr(xi, eta)):
[1.01638895 1.01908843 1.1470461  1.00194574 1.00321956 1.12430747]

Iteration:  4100
Rhat values for alpha, beta, log(sigma^2), mean(xi), log(var(xi)), atanh(corr(xi, eta)):
[1.01581004 1.01895435 1.15451437 1.00160885 1.00338034 1.12949817]

Iteration:  4200
Rhat values for alpha, beta, log(sigma^2), mean(xi), log(var(xi)), atanh(corr(xi, eta)):
[1.01525101 1.01880934 1.16581955 1.00124282 1.00309665 1.13738648]

Iteration:  4300
Rhat values for alpha, beta, log(sigma^2), mean(xi), log(var(xi)), atanh(corr(xi, eta)):
[1.01807372 1.02259193 1.17272191 1.000608   1.00302606 1.14605686]

Iteration:  4400
Rhat values for alpha, beta, log(sigma^2), mean(xi), log(var(xi)), atanh(corr(xi, eta)):
[1.01905653 1.02419024 1.16896385 1.00045932 1.00330911 1.14816482]

Iteration:  4500
Rhat values for alpha, beta, log(sigma^2), mean(xi), log(var(xi)), atanh(corr(xi, eta)):
[1.01980614 1.02407778 1.16274714 1.00038183 1.00353775 1.14338311]

Iteration:  4600
Rhat values for alpha, beta, log(sigma^2), mean(xi), log(var(xi)), atanh(corr(xi, eta)):
[1.02039656 1.02502353 1.1603159  1.00052016 1.00296729 1.14407817]

Iteration:  4700
Rhat values for alpha, beta, log(sigma^2), mean(xi), log(var(xi)), atanh(corr(xi, eta)):
[1.02154341 1.02693849 1.16009862 1.00037155 1.00249026 1.14881906]

Iteration:  4800
Rhat values for alpha, beta, log(sigma^2), mean(xi), log(var(xi)), atanh(corr(xi, eta)):
[1.02361884 1.02989807 1.15764919 1.00008727 1.00259836 1.15220842]

Iteration:  4900
Rhat values for alpha, beta, log(sigma^2), mean(xi), log(var(xi)), atanh(corr(xi, eta)):
[1.02488079 1.03179207 1.15559957 0.99997198 1.00277536 1.15283283]

Iteration:  5000
Rhat values for alpha, beta, log(sigma^2), mean(xi), log(var(xi)), atanh(corr(xi, eta)):
[1.0255009  1.03377547 1.1545463  1.00014321 1.00306228 1.15477899]

Iteration:  5100
Rhat values for alpha, beta, log(sigma^2), mean(xi), log(var(xi)), atanh(corr(xi, eta)):
[1.02568701 1.03486548 1.14930032 1.00045792 1.0030019  1.15343629]

Iteration:  5200
Rhat values for alpha, beta, log(sigma^2), mean(xi), log(var(xi)), atanh(corr(xi, eta)):
[1.02536988 1.03440954 1.14775378 1.00046618 1.00281172 1.15029497]

Iteration:  5300
Rhat values for alpha, beta, log(sigma^2), mean(xi), log(var(xi)), atanh(corr(xi, eta)):
[1.02589529 1.03477641 1.14523369 1.00003639 1.00045516 1.14706898]

Iteration:  5400
Rhat values for alpha, beta, log(sigma^2), mean(xi), log(var(xi)), atanh(corr(xi, eta)):
[1.02626493 1.03543205 1.14228264 1.00011309 1.00048634 1.1452646 ]

Iteration:  5500
Rhat values for alpha, beta, log(sigma^2), mean(xi), log(var(xi)), atanh(corr(xi, eta)):
[1.02688502 1.03665353 1.13967033 1.00025967 1.00050682 1.14416703]

Iteration:  5600
Rhat values for alpha, beta, log(sigma^2), mean(xi), log(var(xi)), atanh(corr(xi, eta)):
[1.02432583 1.03416515 1.13693808 0.99998677 1.00045366 1.14057139]

Iteration:  5700
Rhat values for alpha, beta, log(sigma^2), mean(xi), log(var(xi)), atanh(corr(xi, eta)):
[1.02258407 1.03231913 1.13649301 0.99989953 1.00048044 1.13869714]

Iteration:  5800
Rhat values for alpha, beta, log(sigma^2), mean(xi), log(var(xi)), atanh(corr(xi, eta)):
[1.02276495 1.03263642 1.13521963 0.99992874 1.00047316 1.13872354]

Iteration:  5900
Rhat values for alpha, beta, log(sigma^2), mean(xi), log(var(xi)), atanh(corr(xi, eta)):
[1.02377262 1.03443315 1.13270195 0.99987879 1.00058386 1.14141699]

Iteration:  6000
Rhat values for alpha, beta, log(sigma^2), mean(xi), log(var(xi)), atanh(corr(xi, eta)):
[1.02431127 1.0355653  1.13105112 0.99991696 1.00071079 1.14440402]

Iteration:  6100
Rhat values for alpha, beta, log(sigma^2), mean(xi), log(var(xi)), atanh(corr(xi, eta)):
[1.02430192 1.03581079 1.12391945 1.00011152 1.00069458 1.14125271]

Iteration:  6200
Rhat values for alpha, beta, log(sigma^2), mean(xi), log(var(xi)), atanh(corr(xi, eta)):
[1.02426754 1.03512124 1.11828509 1.00013359 1.00068623 1.13465609]

Iteration:  6300
Rhat values for alpha, beta, log(sigma^2), mean(xi), log(var(xi)), atanh(corr(xi, eta)):
[1.02205939 1.03191207 1.11742169 1.00027493 1.00066649 1.12757625]

Iteration:  6400
Rhat values for alpha, beta, log(sigma^2), mean(xi), log(var(xi)), atanh(corr(xi, eta)):
[1.01936562 1.0285066  1.11752982 1.00031191 1.00060869 1.12108825]

Iteration:  6500
Rhat values for alpha, beta, log(sigma^2), mean(xi), log(var(xi)), atanh(corr(xi, eta)):
[1.01681381 1.02583528 1.11455627 1.00040304 1.00061647 1.11714327]

Iteration:  6600
Rhat values for alpha, beta, log(sigma^2), mean(xi), log(var(xi)), atanh(corr(xi, eta)):
[1.01486789 1.02391403 1.11045436 1.00028515 1.00053491 1.11303662]

Iteration:  6700
Rhat values for alpha, beta, log(sigma^2), mean(xi), log(var(xi)), atanh(corr(xi, eta)):
[1.01434733 1.02334137 1.10761695 1.00021574 1.00052232 1.11109305]

Iteration:  6800
Rhat values for alpha, beta, log(sigma^2), mean(xi), log(var(xi)), atanh(corr(xi, eta)):
[1.01398986 1.02289314 1.10571865 1.000183   1.00057257 1.11021528]

Iteration:  6900
Rhat values for alpha, beta, log(sigma^2), mean(xi), log(var(xi)), atanh(corr(xi, eta)):
[1.01493674 1.02356043 1.10527595 1.00001556 1.00053101 1.11142515]

Iteration:  7000
Rhat values for alpha, beta, log(sigma^2), mean(xi), log(var(xi)), atanh(corr(xi, eta)):
[1.01610731 1.0244272  1.10624228 1.0000747  1.0004623  1.11400811]

Iteration:  7100
Rhat values for alpha, beta, log(sigma^2), mean(xi), log(var(xi)), atanh(corr(xi, eta)):
[1.01604726 1.02452792 1.10564213 1.00013381 1.00049482 1.11307016]

Iteration:  7200
Rhat values for alpha, beta, log(sigma^2), mean(xi), log(var(xi)), atanh(corr(xi, eta)):
[1.01508014 1.02312245 1.1049971  1.00015025 1.00047584 1.10739317]

Iteration:  7300
Rhat values for alpha, beta, log(sigma^2), mean(xi), log(var(xi)), atanh(corr(xi, eta)):
[1.01452072 1.02172033 1.10676268 1.00015147 1.00045512 1.10164022]

Iteration:  7400
Rhat values for alpha, beta, log(sigma^2), mean(xi), log(var(xi)), atanh(corr(xi, eta)):
[1.01240719 1.01871245 1.10863993 1.00028242 1.0004022  1.0942737 ]

Iteration:  7500
Rhat values for alpha, beta, log(sigma^2), mean(xi), log(var(xi)), atanh(corr(xi, eta)):
[1.0110824  1.01634533 1.10941605 1.00017084 1.00033649 1.08680076]

Iteration:  7600
Rhat values for alpha, beta, log(sigma^2), mean(xi), log(var(xi)), atanh(corr(xi, eta)):
[1.01027227 1.01567188 1.10943994 1.00027871 1.00028454 1.08600786]

Iteration:  7700
Rhat values for alpha, beta, log(sigma^2), mean(xi), log(var(xi)), atanh(corr(xi, eta)):
[1.00939029 1.01464308 1.10532569 1.00017867 1.00024582 1.08453726]

Iteration:  7800
Rhat values for alpha, beta, log(sigma^2), mean(xi), log(var(xi)), atanh(corr(xi, eta)):
[1.00832717 1.0129023  1.10041221 1.00018144 1.00021326 1.08128781]

Iteration:  7900
Rhat values for alpha, beta, log(sigma^2), mean(xi), log(var(xi)), atanh(corr(xi, eta)):
[1.00780577 1.01265167 1.09725592 1.00030196 1.0002017  1.08056046]
{"name": "G11_first_hr_tripp_error_diag_0.42", "n": 196, "mean": -0.017962181546711465, "sd": 0.010918658904627017, "median": -0.017754440097504914, "q16_84": [-0.02833463013473073, -0.007467885522091757], "q025_975": [-0.040305913812150075, 0.0034002800115734287], "p_negative": 0.9568354430379746, "scatter_mean": 0.024174314386997953, "retained_draws": 15800, "seed": 20260922, "rhat_retained": {"alpha": 1.0146240854573396, "beta": 1.0085581445628573, "sigsqr": 1.0072676582169935}}
START G11_first_hr_tripp_error_no_covadd_0.42 196

Iteration:  100
Rhat values for alpha, beta, log(sigma^2), mean(xi), log(var(xi)), atanh(corr(xi, eta)):
[1.02652656 1.03692032 1.20495445 1.01906584 0.99999993 1.11872891]

Iteration:  200
Rhat values for alpha, beta, log(sigma^2), mean(xi), log(var(xi)), atanh(corr(xi, eta)):
[1.04805177 1.06038746 1.37673235 1.00801494 0.99999989 1.26287004]

Iteration:  300
Rhat values for alpha, beta, log(sigma^2), mean(xi), log(var(xi)), atanh(corr(xi, eta)):
[1.07527352 1.09194624 1.36030493 1.02616128 0.99999995 1.38916093]

Iteration:  400
Rhat values for alpha, beta, log(sigma^2), mean(xi), log(var(xi)), atanh(corr(xi, eta)):
[1.12021108 1.13884103 1.28807189 1.02611057 1.0000001  1.50497684]

Iteration:  500
Rhat values for alpha, beta, log(sigma^2), mean(xi), log(var(xi)), atanh(corr(xi, eta)):
[1.14772627 1.16994069 1.16658535 1.02952768 1.00000011 1.52675044]

Iteration:  600
Rhat values for alpha, beta, log(sigma^2), mean(xi), log(var(xi)), atanh(corr(xi, eta)):
[1.13125232 1.15730658 1.15170582 1.01757017 1.0000001  1.43605054]

Iteration:  700
Rhat values for alpha, beta, log(sigma^2), mean(xi), log(var(xi)), atanh(corr(xi, eta)):
[1.11571238 1.14554163 1.16025331 1.01344928 1.00000005 1.35077236]

Iteration:  800
Rhat values for alpha, beta, log(sigma^2), mean(xi), log(var(xi)), atanh(corr(xi, eta)):
[1.12149844 1.15458582 1.15581111 1.01469932 1.00000008 1.35885609]

Iteration:  900
Rhat values for alpha, beta, log(sigma^2), mean(xi), log(var(xi)), atanh(corr(xi, eta)):
[1.12347406 1.15671552 1.12992428 1.00898491 1.00000007 1.34827767]

Iteration:  1000
Rhat values for alpha, beta, log(sigma^2), mean(xi), log(var(xi)), atanh(corr(xi, eta)):
[1.11224479 1.14373648 1.14660744 1.01172177 0.99999998 1.26268194]

Iteration:  1100
Rhat values for alpha, beta, log(sigma^2), mean(xi), log(var(xi)), atanh(corr(xi, eta)):
[1.10953004 1.13805023 1.14543759 1.0125611  1.00000002 1.18934448]

Iteration:  1200
Rhat values for alpha, beta, log(sigma^2), mean(xi), log(var(xi)), atanh(corr(xi, eta)):
[1.11306309 1.14215671 1.12762826 1.01052995 1.00000005 1.1762313 ]

Iteration:  1300
Rhat values for alpha, beta, log(sigma^2), mean(xi), log(var(xi)), atanh(corr(xi, eta)):
[1.11555513 1.14601337 1.09574438 1.00659342 1.00000009 1.17188402]

Iteration:  1400
Rhat values for alpha, beta, log(sigma^2), mean(xi), log(var(xi)), atanh(corr(xi, eta)):
[1.11856795 1.14711985 1.08290014 1.00326588 1.00000004 1.16482306]

Iteration:  1500
Rhat values for alpha, beta, log(sigma^2), mean(xi), log(var(xi)), atanh(corr(xi, eta)):
[1.12386278 1.1484418  1.08302657 1.0009817  1.00000001 1.16015161]

Iteration:  1600
Rhat values for alpha, beta, log(sigma^2), mean(xi), log(var(xi)), atanh(corr(xi, eta)):
[1.11596771 1.13785665 1.09150964 0.99986818 1.         1.13908523]

Iteration:  1700
Rhat values for alpha, beta, log(sigma^2), mean(xi), log(var(xi)), atanh(corr(xi, eta)):
[1.1119064  1.13024162 1.08350371 1.00021357 1.         1.13973371]

Iteration:  1800
Rhat values for alpha, beta, log(sigma^2), mean(xi), log(var(xi)), atanh(corr(xi, eta)):
[1.1009539  1.11629257 1.07172103 1.00046404 0.99999939 1.12693571]

Iteration:  1900
Rhat values for alpha, beta, log(sigma^2), mean(xi), log(var(xi)), atanh(corr(xi, eta)):
[1.09260724 1.10607761 1.07882345 0.99989607 0.99999948 1.11100068]

Iteration:  2000
Rhat values for alpha, beta, log(sigma^2), mean(xi), log(var(xi)), atanh(corr(xi, eta)):
[1.08658986 1.09817184 1.07832531 0.99974115 0.99999951 1.0981607 ]

Iteration:  2100
Rhat values for alpha, beta, log(sigma^2), mean(xi), log(var(xi)), atanh(corr(xi, eta)):
[1.08301258 1.09455119 1.06385467 0.99988161 0.99999953 1.07532341]

Iteration:  2200
Rhat values for alpha, beta, log(sigma^2), mean(xi), log(var(xi)), atanh(corr(xi, eta)):
[1.07782152 1.08962666 1.0541474  1.00005554 0.99999957 1.04949101]

Iteration:  2300
Rhat values for alpha, beta, log(sigma^2), mean(xi), log(var(xi)), atanh(corr(xi, eta)):
[1.07910865 1.09009342 1.04591809 1.00055314 0.99999942 1.04916909]

Iteration:  2400
Rhat values for alpha, beta, log(sigma^2), mean(xi), log(var(xi)), atanh(corr(xi, eta)):
[1.07715284 1.0861313  1.04140151 1.00026482 0.99999946 1.05371531]

Iteration:  2500
Rhat values for alpha, beta, log(sigma^2), mean(xi), log(var(xi)), atanh(corr(xi, eta)):
[1.07246412 1.08076233 1.03581982 0.99979188 0.9999995  1.05690436]

Iteration:  2600
Rhat values for alpha, beta, log(sigma^2), mean(xi), log(var(xi)), atanh(corr(xi, eta)):
[1.06743114 1.07441142 1.03303169 0.99977437 0.9999995  1.056035  ]

Iteration:  2700
Rhat values for alpha, beta, log(sigma^2), mean(xi), log(var(xi)), atanh(corr(xi, eta)):
[1.06188471 1.06720083 1.03224994 1.00012808 0.9999995  1.05163007]

Iteration:  2800
Rhat values for alpha, beta, log(sigma^2), mean(xi), log(var(xi)), atanh(corr(xi, eta)):
[1.05981066 1.06475949 1.02957667 1.00081298 0.99999947 1.04558064]

Iteration:  2900
Rhat values for alpha, beta, log(sigma^2), mean(xi), log(var(xi)), atanh(corr(xi, eta)):
[1.05333782 1.05908891 1.02846917 1.00051639 0.99999947 1.03697802]

Iteration:  3000
Rhat values for alpha, beta, log(sigma^2), mean(xi), log(var(xi)), atanh(corr(xi, eta)):
[1.04859854 1.05517761 1.02882556 1.00034531 0.99999948 1.03194907]

Iteration:  3100
Rhat values for alpha, beta, log(sigma^2), mean(xi), log(var(xi)), atanh(corr(xi, eta)):
[1.04527864 1.05182656 1.02507236 1.00008549 0.99999947 1.02831952]

Iteration:  3200
Rhat values for alpha, beta, log(sigma^2), mean(xi), log(var(xi)), atanh(corr(xi, eta)):
[1.04407124 1.05116252 1.02401846 0.99994694 0.9999995  1.02532832]

Iteration:  3300
Rhat values for alpha, beta, log(sigma^2), mean(xi), log(var(xi)), atanh(corr(xi, eta)):
[1.04417741 1.05279439 1.02275217 1.00014219 0.99999952 1.02581427]

Iteration:  3400
Rhat values for alpha, beta, log(sigma^2), mean(xi), log(var(xi)), atanh(corr(xi, eta)):
[1.04274941 1.05259764 1.02436994 1.00076174 0.99999953 1.02430629]

Iteration:  3500
Rhat values for alpha, beta, log(sigma^2), mean(xi), log(var(xi)), atanh(corr(xi, eta)):
[1.03941961 1.05025963 1.02965627 1.00087755 0.99999954 1.01750247]

Iteration:  3600
Rhat values for alpha, beta, log(sigma^2), mean(xi), log(var(xi)), atanh(corr(xi, eta)):
[1.03840604 1.0496587  1.0359994  1.00117271 0.99999954 1.01169805]

Iteration:  3700
Rhat values for alpha, beta, log(sigma^2), mean(xi), log(var(xi)), atanh(corr(xi, eta)):
[1.03692991 1.04863703 1.04556178 1.00054822 0.99999956 1.0073097 ]

Iteration:  3800
Rhat values for alpha, beta, log(sigma^2), mean(xi), log(var(xi)), atanh(corr(xi, eta)):
[1.03578937 1.04817301 1.0577767  1.0005627  0.99999959 1.00393485]

Iteration:  3900
Rhat values for alpha, beta, log(sigma^2), mean(xi), log(var(xi)), atanh(corr(xi, eta)):
[1.03484014 1.0471819  1.06753042 1.0010038  0.9999974  1.00265938]

Iteration:  4000
Rhat values for alpha, beta, log(sigma^2), mean(xi), log(var(xi)), atanh(corr(xi, eta)):
[1.03425927 1.04750683 1.07140674 1.00129375 0.99999746 1.00159569]

Iteration:  4100
Rhat values for alpha, beta, log(sigma^2), mean(xi), log(var(xi)), atanh(corr(xi, eta)):
[1.03365665 1.04781858 1.07243411 1.0017024  0.99999754 1.00102443]

Iteration:  4200
Rhat values for alpha, beta, log(sigma^2), mean(xi), log(var(xi)), atanh(corr(xi, eta)):
[1.03312941 1.04753231 1.07133744 1.00153332 0.9999976  1.00068261]

Iteration:  4300
Rhat values for alpha, beta, log(sigma^2), mean(xi), log(var(xi)), atanh(corr(xi, eta)):
[1.03319153 1.04771108 1.07156383 1.00101855 0.99999766 1.00029362]

Iteration:  4400
Rhat values for alpha, beta, log(sigma^2), mean(xi), log(var(xi)), atanh(corr(xi, eta)):
[1.03347919 1.04820606 1.0697009  1.0007023  0.99999772 1.00004599]

Iteration:  4500
Rhat values for alpha, beta, log(sigma^2), mean(xi), log(var(xi)), atanh(corr(xi, eta)):
[1.03352483 1.0482601  1.07081117 1.00043799 0.99999963 1.00021179]

Iteration:  4600
Rhat values for alpha, beta, log(sigma^2), mean(xi), log(var(xi)), atanh(corr(xi, eta)):
[1.03245268 1.04710966 1.07476732 1.00009941 0.99999964 1.0009671 ]

Iteration:  4700
Rhat values for alpha, beta, log(sigma^2), mean(xi), log(var(xi)), atanh(corr(xi, eta)):
[1.03206562 1.04654128 1.08087359 0.99996321 0.99999965 1.00234861]

Iteration:  4800
Rhat values for alpha, beta, log(sigma^2), mean(xi), log(var(xi)), atanh(corr(xi, eta)):
[1.03163957 1.04592238 1.0891374  0.99994401 0.99999964 1.00425758]

Iteration:  4900
Rhat values for alpha, beta, log(sigma^2), mean(xi), log(var(xi)), atanh(corr(xi, eta)):
[1.02983574 1.04453047 1.10071518 0.99990144 0.99999964 1.00756349]

Iteration:  5000
Rhat values for alpha, beta, log(sigma^2), mean(xi), log(var(xi)), atanh(corr(xi, eta)):
[1.02793045 1.04256414 1.11025954 0.99985853 0.99999965 1.01149571]

Iteration:  5100
Rhat values for alpha, beta, log(sigma^2), mean(xi), log(var(xi)), atanh(corr(xi, eta)):
[1.0258718  1.04051702 1.1224676  0.9998916  0.99999965 1.01707122]

Iteration:  5200
Rhat values for alpha, beta, log(sigma^2), mean(xi), log(var(xi)), atanh(corr(xi, eta)):
[1.02353342 1.03743162 1.13509048 0.99989207 0.99999966 1.02330335]

Iteration:  5300
Rhat values for alpha, beta, log(sigma^2), mean(xi), log(var(xi)), atanh(corr(xi, eta)):
[1.02301099 1.03601684 1.14332654 0.99989295 0.99999966 1.02706399]

Iteration:  5400
Rhat values for alpha, beta, log(sigma^2), mean(xi), log(var(xi)), atanh(corr(xi, eta)):
[1.02332552 1.03638731 1.14755849 0.99997657 0.99999967 1.02859034]

Iteration:  5500
Rhat values for alpha, beta, log(sigma^2), mean(xi), log(var(xi)), atanh(corr(xi, eta)):
[1.0230793  1.03656286 1.15214987 0.99996582 0.99999969 1.03007923]

Iteration:  5600
Rhat values for alpha, beta, log(sigma^2), mean(xi), log(var(xi)), atanh(corr(xi, eta)):
[1.02303744 1.03680218 1.15224384 1.00001515 0.99999638 1.02953879]

Iteration:  5700
Rhat values for alpha, beta, log(sigma^2), mean(xi), log(var(xi)), atanh(corr(xi, eta)):
[1.02373693 1.03775507 1.15159049 1.0000731  0.99999642 1.02780786]

Iteration:  5800
Rhat values for alpha, beta, log(sigma^2), mean(xi), log(var(xi)), atanh(corr(xi, eta)):
[1.02435105 1.03883142 1.14409028 1.00011079 0.99999647 1.02530189]

Iteration:  5900
Rhat values for alpha, beta, log(sigma^2), mean(xi), log(var(xi)), atanh(corr(xi, eta)):
[1.0236107  1.03753292 1.13723586 1.00006329 0.99999652 1.02397437]

Iteration:  6000
Rhat values for alpha, beta, log(sigma^2), mean(xi), log(var(xi)), atanh(corr(xi, eta)):
[1.02240013 1.03540463 1.13141732 1.0001183  0.99999657 1.02362411]

Iteration:  6100
Rhat values for alpha, beta, log(sigma^2), mean(xi), log(var(xi)), atanh(corr(xi, eta)):
[1.02170087 1.03479655 1.12651022 1.00035139 0.99999666 1.02274862]

Iteration:  6200
Rhat values for alpha, beta, log(sigma^2), mean(xi), log(var(xi)), atanh(corr(xi, eta)):
[1.01995725 1.03336071 1.12270929 1.00063911 0.99999672 1.02240716]

Iteration:  6300
Rhat values for alpha, beta, log(sigma^2), mean(xi), log(var(xi)), atanh(corr(xi, eta)):
[1.01733785 1.03050443 1.11956169 1.00145075 0.99999677 1.02312527]

Iteration:  6400
Rhat values for alpha, beta, log(sigma^2), mean(xi), log(var(xi)), atanh(corr(xi, eta)):
[1.01505726 1.02761438 1.11961961 1.00192117 0.99999682 1.02449924]

Iteration:  6500
Rhat values for alpha, beta, log(sigma^2), mean(xi), log(var(xi)), atanh(corr(xi, eta)):
[1.01439554 1.02680572 1.12322822 1.00200648 0.99999687 1.02642922]

Iteration:  6600
Rhat values for alpha, beta, log(sigma^2), mean(xi), log(var(xi)), atanh(corr(xi, eta)):
[1.01370106 1.02581242 1.12888926 1.00228697 0.99999692 1.02919726]

Iteration:  6700
Rhat values for alpha, beta, log(sigma^2), mean(xi), log(var(xi)), atanh(corr(xi, eta)):
[1.01231086 1.02391309 1.13061332 1.00240054 0.99999697 1.03093321]

Iteration:  6800
Rhat values for alpha, beta, log(sigma^2), mean(xi), log(var(xi)), atanh(corr(xi, eta)):
[1.01240909 1.02374015 1.13211111 1.00216474 0.99999703 1.03278239]

Iteration:  6900
Rhat values for alpha, beta, log(sigma^2), mean(xi), log(var(xi)), atanh(corr(xi, eta)):
[1.01333504 1.02464122 1.13219294 1.001976   0.99999707 1.03354463]

Iteration:  7000
Rhat values for alpha, beta, log(sigma^2), mean(xi), log(var(xi)), atanh(corr(xi, eta)):
[1.01333063 1.0248369  1.13071903 1.00170491 0.99999712 1.03419612]

Iteration:  7100
Rhat values for alpha, beta, log(sigma^2), mean(xi), log(var(xi)), atanh(corr(xi, eta)):
[1.01294623 1.02463923 1.12858427 1.00151638 0.99999716 1.03329807]

Iteration:  7200
Rhat values for alpha, beta, log(sigma^2), mean(xi), log(var(xi)), atanh(corr(xi, eta)):
[1.0138215  1.02573343 1.12706698 1.00161622 0.9999972  1.03237372]

Iteration:  7300
Rhat values for alpha, beta, log(sigma^2), mean(xi), log(var(xi)), atanh(corr(xi, eta)):
[1.01577378 1.02811    1.12403193 1.00174626 0.99999723 1.03017031]

Iteration:  7400
Rhat values for alpha, beta, log(sigma^2), mean(xi), log(var(xi)), atanh(corr(xi, eta)):
[1.01668544 1.02916145 1.11916194 1.0018047  0.99999726 1.02815714]

Iteration:  7500
Rhat values for alpha, beta, log(sigma^2), mean(xi), log(var(xi)), atanh(corr(xi, eta)):
[1.01642124 1.02909236 1.11635793 1.00150054 0.99999729 1.02689309]

Iteration:  7600
Rhat values for alpha, beta, log(sigma^2), mean(xi), log(var(xi)), atanh(corr(xi, eta)):
[1.01798557 1.03114945 1.11377573 1.00153992 0.99999733 1.02537401]

Iteration:  7700
Rhat values for alpha, beta, log(sigma^2), mean(xi), log(var(xi)), atanh(corr(xi, eta)):
[1.01843022 1.03146258 1.11504326 1.00145622 0.99999737 1.0262863 ]

Iteration:  7800
Rhat values for alpha, beta, log(sigma^2), mean(xi), log(var(xi)), atanh(corr(xi, eta)):
[1.01906079 1.03175492 1.11701981 1.00150684 0.9999974  1.02745452]

Iteration:  7900
Rhat values for alpha, beta, log(sigma^2), mean(xi), log(var(xi)), atanh(corr(xi, eta)):
[1.01925164 1.03181793 1.11656885 1.00152754 0.99999744 1.02814147]

Iteration:  8000
Rhat values for alpha, beta, log(sigma^2), mean(xi), log(var(xi)), atanh(corr(xi, eta)):
[1.01814441 1.03044048 1.11614252 1.00133467 0.99999747 1.02931126]

Iteration:  8100
Rhat values for alpha, beta, log(sigma^2), mean(xi), log(var(xi)), atanh(corr(xi, eta)):
[1.01523978 1.02637354 1.11704249 1.00106399 0.99999749 1.03108046]

Iteration:  8200
Rhat values for alpha, beta, log(sigma^2), mean(xi), log(var(xi)), atanh(corr(xi, eta)):
[1.01347346 1.02361676 1.11890315 1.00084044 0.99999753 1.03297438]

Iteration:  8300
Rhat values for alpha, beta, log(sigma^2), mean(xi), log(var(xi)), atanh(corr(xi, eta)):
[1.01362853 1.02319447 1.1204635  1.00081897 0.99999757 1.03442753]

Iteration:  8400
Rhat values for alpha, beta, log(sigma^2), mean(xi), log(var(xi)), atanh(corr(xi, eta)):
[1.01450844 1.02395656 1.119439   1.00085271 0.99999759 1.03338562]

Iteration:  8500
Rhat values for alpha, beta, log(sigma^2), mean(xi), log(var(xi)), atanh(corr(xi, eta)):
[1.01507561 1.02396223 1.11700564 1.00090093 0.99999762 1.03328442]

Iteration:  8600
Rhat values for alpha, beta, log(sigma^2), mean(xi), log(var(xi)), atanh(corr(xi, eta)):
[1.01609024 1.02518513 1.11455245 1.0009246  0.99999761 1.03230028]

Iteration:  8700
Rhat values for alpha, beta, log(sigma^2), mean(xi), log(var(xi)), atanh(corr(xi, eta)):
[1.01558478 1.02507877 1.11216666 1.00061193 0.99999763 1.03108816]

Iteration:  8800
Rhat values for alpha, beta, log(sigma^2), mean(xi), log(var(xi)), atanh(corr(xi, eta)):
[1.01496371 1.02437816 1.10922042 1.00060938 0.99999763 1.02992405]

Iteration:  8900
Rhat values for alpha, beta, log(sigma^2), mean(xi), log(var(xi)), atanh(corr(xi, eta)):
[1.0144983  1.02366296 1.1053049  1.00076479 0.99999766 1.0286379 ]

Iteration:  9000
Rhat values for alpha, beta, log(sigma^2), mean(xi), log(var(xi)), atanh(corr(xi, eta)):
[1.01539481 1.02486529 1.10407557 1.00066446 0.99999768 1.02684351]

Iteration:  9100
Rhat values for alpha, beta, log(sigma^2), mean(xi), log(var(xi)), atanh(corr(xi, eta)):
[1.01533572 1.02458873 1.10157883 1.00057548 0.99999771 1.02528552]

Iteration:  9200
Rhat values for alpha, beta, log(sigma^2), mean(xi), log(var(xi)), atanh(corr(xi, eta)):
[1.01505289 1.02461801 1.09807982 1.00047797 0.9999977  1.02372326]
{"name": "G11_first_hr_tripp_error_no_covadd_0.42", "n": 196, "mean": -0.024101829073263775, "sd": 0.012199616539984142, "median": -0.02376448898321279, "q16_84": [-0.036141678475433356, -0.012571953105350187], "q025_975": [-0.048560428844659984, 0.0013082744991897038], "p_negative": 0.9672282608695653, "scatter_mean": 0.025065544360632446, "retained_draws": 18400, "seed": 20260923, "rhat_retained": {"alpha": 1.0693795393892067, "beta": 1.0642280835831999, "sigsqr": 1.0560993334563378}}
START G11_first_hr_tripp_error_no_covadd_0.2 100

Iteration:  100
Rhat values for alpha, beta, log(sigma^2), mean(xi), log(var(xi)), atanh(corr(xi, eta)):
[1.05568863 1.07188643 1.27054629 1.02248624 0.99885406 1.100691  ]

Iteration:  200
Rhat values for alpha, beta, log(sigma^2), mean(xi), log(var(xi)), atanh(corr(xi, eta)):
[1.01199119 1.01123746 1.37251726 1.06089572 0.99952577 1.13487511]

Iteration:  300
Rhat values for alpha, beta, log(sigma^2), mean(xi), log(var(xi)), atanh(corr(xi, eta)):
[1.00949893 1.00228456 1.24904202 1.07737594 0.99960865 1.16286352]

Iteration:  400
Rhat values for alpha, beta, log(sigma^2), mean(xi), log(var(xi)), atanh(corr(xi, eta)):
[1.01693851 1.00780413 1.17742276 1.0378007  0.99964691 1.15419056]

Iteration:  500
Rhat values for alpha, beta, log(sigma^2), mean(xi), log(var(xi)), atanh(corr(xi, eta)):
[1.01474925 1.01241932 1.15641377 1.02311406 0.99954308 1.16376589]

Iteration:  600
Rhat values for alpha, beta, log(sigma^2), mean(xi), log(var(xi)), atanh(corr(xi, eta)):
[1.02363616 1.01944454 1.19335714 1.02593974 0.99966439 1.22085212]

Iteration:  700
Rhat values for alpha, beta, log(sigma^2), mean(xi), log(var(xi)), atanh(corr(xi, eta)):
[1.03323439 1.02794242 1.1467758  1.02098378 0.99982693 1.1971799 ]

Iteration:  800
Rhat values for alpha, beta, log(sigma^2), mean(xi), log(var(xi)), atanh(corr(xi, eta)):
[1.02383678 1.01613338 1.1304054  1.02283264 0.99978989 1.15802247]

Iteration:  900
Rhat values for alpha, beta, log(sigma^2), mean(xi), log(var(xi)), atanh(corr(xi, eta)):
[1.01695013 1.00996644 1.13381312 1.01817033 0.99976748 1.14231961]

Iteration:  1000
Rhat values for alpha, beta, log(sigma^2), mean(xi), log(var(xi)), atanh(corr(xi, eta)):
[1.01037477 1.00654872 1.1425141  1.01676356 0.99970105 1.1265416 ]

Iteration:  1100
Rhat values for alpha, beta, log(sigma^2), mean(xi), log(var(xi)), atanh(corr(xi, eta)):
[1.00860284 1.00252348 1.1526167  1.01618024 0.99954317 1.11887501]

Iteration:  1200
Rhat values for alpha, beta, log(sigma^2), mean(xi), log(var(xi)), atanh(corr(xi, eta)):
[1.01189604 1.0045378  1.13785091 1.02215627 0.99958844 1.11853066]

Iteration:  1300
Rhat values for alpha, beta, log(sigma^2), mean(xi), log(var(xi)), atanh(corr(xi, eta)):
[1.01168572 1.00577192 1.07767145 1.02343199 0.9995838  1.07589971]

Iteration:  1400
Rhat values for alpha, beta, log(sigma^2), mean(xi), log(var(xi)), atanh(corr(xi, eta)):
[1.00990406 1.0048589  1.05594944 1.0234235  0.99951689 1.05351672]

Iteration:  1500
Rhat values for alpha, beta, log(sigma^2), mean(xi), log(var(xi)), atanh(corr(xi, eta)):
[1.01014297 1.00520902 1.04792485 1.02320651 0.99952416 1.05162978]

Iteration:  1600
Rhat values for alpha, beta, log(sigma^2), mean(xi), log(var(xi)), atanh(corr(xi, eta)):
[1.00875585 1.00299835 1.04614493 1.02228677 0.99964416 1.04767521]

Iteration:  1700
Rhat values for alpha, beta, log(sigma^2), mean(xi), log(var(xi)), atanh(corr(xi, eta)):
[1.0053686  1.00146394 1.03471567 1.02498035 0.99962506 1.03346461]

Iteration:  1800
Rhat values for alpha, beta, log(sigma^2), mean(xi), log(var(xi)), atanh(corr(xi, eta)):
[1.00586842 1.0023328  1.03816299 1.0190257  0.99957783 1.0355526 ]

Iteration:  1900
Rhat values for alpha, beta, log(sigma^2), mean(xi), log(var(xi)), atanh(corr(xi, eta)):
[1.01162194 1.00581725 1.03103901 1.02081906 0.99958847 1.03905795]

Iteration:  2000
Rhat values for alpha, beta, log(sigma^2), mean(xi), log(var(xi)), atanh(corr(xi, eta)):
[1.00797371 1.00326595 1.02179238 1.01745919 0.99961768 1.02893794]

Iteration:  2100
Rhat values for alpha, beta, log(sigma^2), mean(xi), log(var(xi)), atanh(corr(xi, eta)):
[1.00854189 1.00486338 1.02235919 1.01649819 0.99962715 1.03673235]

Iteration:  2200
Rhat values for alpha, beta, log(sigma^2), mean(xi), log(var(xi)), atanh(corr(xi, eta)):
[1.0103466  1.00729758 1.02104031 1.01348522 0.99963268 1.03968918]

Iteration:  2300
Rhat values for alpha, beta, log(sigma^2), mean(xi), log(var(xi)), atanh(corr(xi, eta)):
[1.01267345 1.01033498 1.02227335 1.01325475 0.99964576 1.04100469]

Iteration:  2400
Rhat values for alpha, beta, log(sigma^2), mean(xi), log(var(xi)), atanh(corr(xi, eta)):
[1.00913142 1.00806929 1.01913543 1.01721628 0.99999267 1.034578  ]

Iteration:  2500
Rhat values for alpha, beta, log(sigma^2), mean(xi), log(var(xi)), atanh(corr(xi, eta)):
[1.00731864 1.00666078 1.01867454 1.01539326 0.99999419 1.03004851]

Iteration:  2600
Rhat values for alpha, beta, log(sigma^2), mean(xi), log(var(xi)), atanh(corr(xi, eta)):
[1.00536535 1.00494374 1.02663131 1.01060392 0.99999355 1.03301644]

Iteration:  2700
Rhat values for alpha, beta, log(sigma^2), mean(xi), log(var(xi)), atanh(corr(xi, eta)):
[1.00297257 1.00288914 1.03759585 1.00881617 0.99988409 1.03841143]

Iteration:  2800
Rhat values for alpha, beta, log(sigma^2), mean(xi), log(var(xi)), atanh(corr(xi, eta)):
[1.00567125 1.00640769 1.05208501 1.00689153 0.9998903  1.05227204]

Iteration:  2900
Rhat values for alpha, beta, log(sigma^2), mean(xi), log(var(xi)), atanh(corr(xi, eta)):
[1.00894994 1.01057477 1.06102006 1.00510393 0.99989455 1.05972277]

Iteration:  3000
Rhat values for alpha, beta, log(sigma^2), mean(xi), log(var(xi)), atanh(corr(xi, eta)):
[1.01350496 1.0164673  1.05864453 1.00383294 1.00002203 1.05701727]

Iteration:  3100
Rhat values for alpha, beta, log(sigma^2), mean(xi), log(var(xi)), atanh(corr(xi, eta)):
[1.01384937 1.01840453 1.05215484 1.00313476 1.00001928 1.05648529]

Iteration:  3200
Rhat values for alpha, beta, log(sigma^2), mean(xi), log(var(xi)), atanh(corr(xi, eta)):
[1.01499625 1.01964873 1.04945629 1.00270203 1.00001874 1.0564701 ]

Iteration:  3300
Rhat values for alpha, beta, log(sigma^2), mean(xi), log(var(xi)), atanh(corr(xi, eta)):
[1.01623198 1.02116749 1.04940611 1.00203232 1.00001825 1.05676121]

Iteration:  3400
Rhat values for alpha, beta, log(sigma^2), mean(xi), log(var(xi)), atanh(corr(xi, eta)):
[1.01809113 1.02316129 1.04173727 1.00105101 1.00001767 1.04749343]

Iteration:  3500
Rhat values for alpha, beta, log(sigma^2), mean(xi), log(var(xi)), atanh(corr(xi, eta)):
[1.01914188 1.02322373 1.04124237 1.00084614 1.00001706 1.04376597]

Iteration:  3600
Rhat values for alpha, beta, log(sigma^2), mean(xi), log(var(xi)), atanh(corr(xi, eta)):
[1.0237832  1.0262432  1.04249918 1.00077489 1.00001667 1.04542422]

Iteration:  3700
Rhat values for alpha, beta, log(sigma^2), mean(xi), log(var(xi)), atanh(corr(xi, eta)):
[1.02780233 1.02964832 1.04392971 1.00075676 1.00001616 1.04615386]

Iteration:  3800
Rhat values for alpha, beta, log(sigma^2), mean(xi), log(var(xi)), atanh(corr(xi, eta)):
[1.02554551 1.02682405 1.0471848  1.00067043 1.00001555 1.04278926]

Iteration:  3900
Rhat values for alpha, beta, log(sigma^2), mean(xi), log(var(xi)), atanh(corr(xi, eta)):
[1.02353719 1.02432276 1.04936125 1.00084394 1.00001507 1.03941776]

Iteration:  4000
Rhat values for alpha, beta, log(sigma^2), mean(xi), log(var(xi)), atanh(corr(xi, eta)):
[1.02120034 1.0225043  1.04702624 1.00073828 1.00001479 1.04022778]

Iteration:  4100
Rhat values for alpha, beta, log(sigma^2), mean(xi), log(var(xi)), atanh(corr(xi, eta)):
[1.02274311 1.024347   1.04353303 1.00085347 1.00001385 1.04000836]

Iteration:  4200
Rhat values for alpha, beta, log(sigma^2), mean(xi), log(var(xi)), atanh(corr(xi, eta)):
[1.02011238 1.02194724 1.04239262 1.00031776 1.00001348 1.0379292 ]

Iteration:  4300
Rhat values for alpha, beta, log(sigma^2), mean(xi), log(var(xi)), atanh(corr(xi, eta)):
[1.02037251 1.02257834 1.03801779 1.0002898  1.00001318 1.03570192]

Iteration:  4400
Rhat values for alpha, beta, log(sigma^2), mean(xi), log(var(xi)), atanh(corr(xi, eta)):
[1.01833606 1.02029691 1.03706881 1.00032998 1.00001293 1.03632884]

Iteration:  4500
Rhat values for alpha, beta, log(sigma^2), mean(xi), log(var(xi)), atanh(corr(xi, eta)):
[1.01788174 1.01946118 1.03363752 1.00051371 1.00001279 1.03825857]

Iteration:  4600
Rhat values for alpha, beta, log(sigma^2), mean(xi), log(var(xi)), atanh(corr(xi, eta)):
[1.01685162 1.01807554 1.0333276  1.00128097 1.00001264 1.03786786]

Iteration:  4700
Rhat values for alpha, beta, log(sigma^2), mean(xi), log(var(xi)), atanh(corr(xi, eta)):
[1.01553407 1.01643261 1.03776079 1.00169937 1.00001237 1.04243528]

Iteration:  4800
Rhat values for alpha, beta, log(sigma^2), mean(xi), log(var(xi)), atanh(corr(xi, eta)):
[1.01372275 1.01431929 1.03985865 1.00149342 1.00001215 1.04331654]

Iteration:  4900
Rhat values for alpha, beta, log(sigma^2), mean(xi), log(var(xi)), atanh(corr(xi, eta)):
[1.01088308 1.01188762 1.0383985  1.00134184 1.00001182 1.03964232]

Iteration:  5000
Rhat values for alpha, beta, log(sigma^2), mean(xi), log(var(xi)), atanh(corr(xi, eta)):
[1.0115342  1.01318644 1.03742615 1.00108379 1.0000116  1.03950608]
{"name": "G11_first_hr_tripp_error_no_covadd_0.2", "n": 100, "mean": -0.033652859237809904, "sd": 0.013130085118510312, "median": -0.0333051765254179, "q16_84": [-0.04555920572629053, -0.02087119055809643], "q025_975": [-0.06333744867430716, -0.009321372361259952], "p_negative": 0.9971, "scatter_mean": 0.032018729596787934, "retained_draws": 10000, "seed": 20260924, "rhat_retained": {"alpha": 1.0333611603700446, "beta": 1.036960456266136, "sigsqr": 1.014658638897395}}
START R19_first_hr_corrected_error_diag_0.42 196

Iteration:  100
Rhat values for alpha, beta, log(sigma^2), mean(xi), log(var(xi)), atanh(corr(xi, eta)):
[1.22308501 1.27130869 1.30520247 1.00105594 1.0141958  1.1705902 ]

Iteration:  200
Rhat values for alpha, beta, log(sigma^2), mean(xi), log(var(xi)), atanh(corr(xi, eta)):
[1.14812501 1.14984582 1.54854035 1.02896199 1.00233738 1.18155293]

Iteration:  300
Rhat values for alpha, beta, log(sigma^2), mean(xi), log(var(xi)), atanh(corr(xi, eta)):
[1.07430994 1.08336452 1.77205427 0.99808529 1.00239517 1.19342171]

Iteration:  400
Rhat values for alpha, beta, log(sigma^2), mean(xi), log(var(xi)), atanh(corr(xi, eta)):
[1.05058841 1.08014507 1.69529954 1.00397241 0.99821749 1.19829093]

Iteration:  500
Rhat values for alpha, beta, log(sigma^2), mean(xi), log(var(xi)), atanh(corr(xi, eta)):
[1.04867469 1.06614501 1.58698559 1.00370723 1.00378046 1.14350373]

Iteration:  600
Rhat values for alpha, beta, log(sigma^2), mean(xi), log(var(xi)), atanh(corr(xi, eta)):
[1.02251916 1.02812243 1.35082082 1.00961251 1.00588461 1.07770327]

Iteration:  700
Rhat values for alpha, beta, log(sigma^2), mean(xi), log(var(xi)), atanh(corr(xi, eta)):
[1.01408843 1.01418988 1.32642857 1.01331121 1.00719304 1.04483485]

Iteration:  800
Rhat values for alpha, beta, log(sigma^2), mean(xi), log(var(xi)), atanh(corr(xi, eta)):
[1.03190834 1.02640094 1.21667801 1.02030555 1.01141546 1.08960144]

Iteration:  900
Rhat values for alpha, beta, log(sigma^2), mean(xi), log(var(xi)), atanh(corr(xi, eta)):
[1.03465376 1.02821918 1.18231132 1.01817742 1.0083357  1.10182436]

Iteration:  1000
Rhat values for alpha, beta, log(sigma^2), mean(xi), log(var(xi)), atanh(corr(xi, eta)):
[1.04018787 1.03002584 1.1851603  1.02045315 1.00046296 1.10003142]

Iteration:  1100
Rhat values for alpha, beta, log(sigma^2), mean(xi), log(var(xi)), atanh(corr(xi, eta)):
[1.02914377 1.02190834 1.21037835 1.01293986 1.00040677 1.10538106]

Iteration:  1200
Rhat values for alpha, beta, log(sigma^2), mean(xi), log(var(xi)), atanh(corr(xi, eta)):
[1.04802914 1.03837006 1.18716591 1.00756733 1.00072752 1.13790826]

Iteration:  1300
Rhat values for alpha, beta, log(sigma^2), mean(xi), log(var(xi)), atanh(corr(xi, eta)):
[1.04893897 1.043207   1.18688017 1.00486565 1.00065723 1.14306744]

Iteration:  1400
Rhat values for alpha, beta, log(sigma^2), mean(xi), log(var(xi)), atanh(corr(xi, eta)):
[1.05054166 1.05626857 1.16841646 1.00607047 1.00057193 1.15303796]

Iteration:  1500
Rhat values for alpha, beta, log(sigma^2), mean(xi), log(var(xi)), atanh(corr(xi, eta)):
[1.04725663 1.06189973 1.16706318 1.00845582 1.00066378 1.1581495 ]

Iteration:  1600
Rhat values for alpha, beta, log(sigma^2), mean(xi), log(var(xi)), atanh(corr(xi, eta)):
[1.03348107 1.0510925  1.1593398  1.00794451 1.0004127  1.1406546 ]

Iteration:  1700
Rhat values for alpha, beta, log(sigma^2), mean(xi), log(var(xi)), atanh(corr(xi, eta)):
[1.02877221 1.04264357 1.15253206 1.00723869 1.00032927 1.12388655]

Iteration:  1800
Rhat values for alpha, beta, log(sigma^2), mean(xi), log(var(xi)), atanh(corr(xi, eta)):
[1.03896218 1.051781   1.14007818 1.00615293 1.00027854 1.1355691 ]

Iteration:  1900
Rhat values for alpha, beta, log(sigma^2), mean(xi), log(var(xi)), atanh(corr(xi, eta)):
[1.05164283 1.06347683 1.1369777  1.00346089 1.00023027 1.15288454]

Iteration:  2000
Rhat values for alpha, beta, log(sigma^2), mean(xi), log(var(xi)), atanh(corr(xi, eta)):
[1.05236667 1.06234661 1.14048248 1.00288803 1.0002356  1.15776848]

Iteration:  2100
Rhat values for alpha, beta, log(sigma^2), mean(xi), log(var(xi)), atanh(corr(xi, eta)):
[1.05022539 1.05978965 1.14960162 1.00397928 1.00019262 1.16185713]

Iteration:  2200
Rhat values for alpha, beta, log(sigma^2), mean(xi), log(var(xi)), atanh(corr(xi, eta)):
[1.04734874 1.05749448 1.14721013 1.00385538 1.00020436 1.16391046]

Iteration:  2300
Rhat values for alpha, beta, log(sigma^2), mean(xi), log(var(xi)), atanh(corr(xi, eta)):
[1.04607916 1.05301887 1.14278274 1.0032626  1.00027838 1.14906126]

Iteration:  2400
Rhat values for alpha, beta, log(sigma^2), mean(xi), log(var(xi)), atanh(corr(xi, eta)):
[1.04724386 1.05143135 1.14417326 1.00435409 1.00020613 1.13401158]

Iteration:  2500
Rhat values for alpha, beta, log(sigma^2), mean(xi), log(var(xi)), atanh(corr(xi, eta)):
[1.03830053 1.03461209 1.14587976 1.00524428 1.0000238  1.09807164]

Iteration:  2600
Rhat values for alpha, beta, log(sigma^2), mean(xi), log(var(xi)), atanh(corr(xi, eta)):
[1.03898583 1.0285471  1.14765259 1.00621281 0.99998204 1.07547585]

Iteration:  2700
Rhat values for alpha, beta, log(sigma^2), mean(xi), log(var(xi)), atanh(corr(xi, eta)):
[1.03979936 1.02747618 1.16138713 1.00745191 0.99995601 1.06543752]

Iteration:  2800
Rhat values for alpha, beta, log(sigma^2), mean(xi), log(var(xi)), atanh(corr(xi, eta)):
[1.04375109 1.02757491 1.17631832 1.0066888  0.99991676 1.05291953]

Iteration:  2900
Rhat values for alpha, beta, log(sigma^2), mean(xi), log(var(xi)), atanh(corr(xi, eta)):
[1.04911746 1.03092406 1.18474414 1.00680541 0.99989775 1.04970598]

Iteration:  3000
Rhat values for alpha, beta, log(sigma^2), mean(xi), log(var(xi)), atanh(corr(xi, eta)):
[1.0547869  1.03447974 1.19404572 1.00817518 0.9999322  1.04660846]

Iteration:  3100
Rhat values for alpha, beta, log(sigma^2), mean(xi), log(var(xi)), atanh(corr(xi, eta)):
[1.05302133 1.03189032 1.2071707  1.00731609 0.99994604 1.0401439 ]

Iteration:  3200
Rhat values for alpha, beta, log(sigma^2), mean(xi), log(var(xi)), atanh(corr(xi, eta)):
[1.04769018 1.02879688 1.22554011 1.00543853 0.99994148 1.0328828 ]

Iteration:  3300
Rhat values for alpha, beta, log(sigma^2), mean(xi), log(var(xi)), atanh(corr(xi, eta)):
[1.0465918  1.02861081 1.24271323 1.00450785 1.00002531 1.02905672]

Iteration:  3400
Rhat values for alpha, beta, log(sigma^2), mean(xi), log(var(xi)), atanh(corr(xi, eta)):
[1.04304509 1.02662077 1.25403005 1.00427263 0.99998111 1.02535936]

Iteration:  3500
Rhat values for alpha, beta, log(sigma^2), mean(xi), log(var(xi)), atanh(corr(xi, eta)):
[1.04284372 1.02757738 1.24730895 1.00324037 0.99999696 1.02354631]

Iteration:  3600
Rhat values for alpha, beta, log(sigma^2), mean(xi), log(var(xi)), atanh(corr(xi, eta)):
[1.04196364 1.02905624 1.24542112 1.00240011 1.00007616 1.0257335 ]

Iteration:  3700
Rhat values for alpha, beta, log(sigma^2), mean(xi), log(var(xi)), atanh(corr(xi, eta)):
[1.03958114 1.02946692 1.24690969 1.00215542 1.00006236 1.02786337]

Iteration:  3800
Rhat values for alpha, beta, log(sigma^2), mean(xi), log(var(xi)), atanh(corr(xi, eta)):
[1.04091425 1.03143515 1.23306356 1.0026534  1.00004478 1.02956435]

Iteration:  3900
Rhat values for alpha, beta, log(sigma^2), mean(xi), log(var(xi)), atanh(corr(xi, eta)):
[1.04115098 1.03111029 1.21056712 1.00248896 1.00001835 1.02910739]

Iteration:  4000
Rhat values for alpha, beta, log(sigma^2), mean(xi), log(var(xi)), atanh(corr(xi, eta)):
[1.04026352 1.0300048  1.18494559 1.00262782 1.00002867 1.02751541]

Iteration:  4100
Rhat values for alpha, beta, log(sigma^2), mean(xi), log(var(xi)), atanh(corr(xi, eta)):
[1.03982303 1.02877977 1.16219284 1.00298425 1.00005138 1.02698706]

Iteration:  4200
Rhat values for alpha, beta, log(sigma^2), mean(xi), log(var(xi)), atanh(corr(xi, eta)):
[1.03990506 1.02874726 1.15233039 1.00399881 1.000029   1.02733397]

Iteration:  4300
Rhat values for alpha, beta, log(sigma^2), mean(xi), log(var(xi)), atanh(corr(xi, eta)):
[1.03999156 1.02865045 1.14134288 1.00327397 1.00001313 1.02812114]

Iteration:  4400
Rhat values for alpha, beta, log(sigma^2), mean(xi), log(var(xi)), atanh(corr(xi, eta)):
[1.03511232 1.0239927  1.14032904 1.00387258 1.00003776 1.02474098]

Iteration:  4500
Rhat values for alpha, beta, log(sigma^2), mean(xi), log(var(xi)), atanh(corr(xi, eta)):
[1.03682326 1.02464646 1.13728573 1.00358262 1.00003454 1.02550385]

Iteration:  4600
Rhat values for alpha, beta, log(sigma^2), mean(xi), log(var(xi)), atanh(corr(xi, eta)):
[1.03637374 1.02421195 1.13525762 1.00335224 0.99988018 1.02781924]

Iteration:  4700
Rhat values for alpha, beta, log(sigma^2), mean(xi), log(var(xi)), atanh(corr(xi, eta)):
[1.03534883 1.02391039 1.13001557 1.00282334 0.99985563 1.02927053]

Iteration:  4800
Rhat values for alpha, beta, log(sigma^2), mean(xi), log(var(xi)), atanh(corr(xi, eta)):
[1.0350473  1.0235743  1.12636005 1.00234884 0.99985523 1.02890844]

Iteration:  4900
Rhat values for alpha, beta, log(sigma^2), mean(xi), log(var(xi)), atanh(corr(xi, eta)):
[1.03240545 1.02080693 1.12233813 1.00247263 0.99985211 1.02764442]

Iteration:  5000
Rhat values for alpha, beta, log(sigma^2), mean(xi), log(var(xi)), atanh(corr(xi, eta)):
[1.03195443 1.02035991 1.11334311 1.00241081 0.99986476 1.02823569]

Iteration:  5100
Rhat values for alpha, beta, log(sigma^2), mean(xi), log(var(xi)), atanh(corr(xi, eta)):
[1.03257231 1.02136504 1.10543288 1.00207973 0.99987848 1.02839749]

Iteration:  5200
Rhat values for alpha, beta, log(sigma^2), mean(xi), log(var(xi)), atanh(corr(xi, eta)):
[1.03302627 1.02255827 1.09920021 1.0023963  0.99988488 1.02865218]
{"name": "R19_first_hr_corrected_error_diag_0.42", "n": 196, "mean": -0.007698918866539758, "sd": 0.011733001117378883, "median": -0.006650723550055916, "q16_84": [-0.01906131535315028, 0.002573890437321012], "q025_975": [-0.03231536956738265, 0.01616186908351788], "p_negative": 0.7738461538461539, "scatter_mean": 0.02285210601127757, "retained_draws": 10400, "seed": 20260925, "rhat_retained": {"alpha": 1.0428888471970288, "beta": 1.055214717665389, "sigsqr": 1.0264779781560416}}
START R19_first_hr_no_bias_error_diag_0.42 196

Iteration:  100
Rhat values for alpha, beta, log(sigma^2), mean(xi), log(var(xi)), atanh(corr(xi, eta)):
[1.01223179 1.0018625  1.09455705 0.99804976 1.02162111 1.03286039]

Iteration:  200
Rhat values for alpha, beta, log(sigma^2), mean(xi), log(var(xi)), atanh(corr(xi, eta)):
[1.00838121 1.00112064 1.18963573 1.00583398 1.00085652 1.02533201]

Iteration:  300
Rhat values for alpha, beta, log(sigma^2), mean(xi), log(var(xi)), atanh(corr(xi, eta)):
[0.99730745 1.00217125 1.26103764 1.00378036 1.00061324 1.03769459]

Iteration:  400
Rhat values for alpha, beta, log(sigma^2), mean(xi), log(var(xi)), atanh(corr(xi, eta)):
[1.00538078 1.01938882 1.22633406 1.00379897 1.00049576 1.10038363]

Iteration:  500
Rhat values for alpha, beta, log(sigma^2), mean(xi), log(var(xi)), atanh(corr(xi, eta)):
[1.01616181 1.03449514 1.27209075 1.00884318 1.00051981 1.1542408 ]

Iteration:  600
Rhat values for alpha, beta, log(sigma^2), mean(xi), log(var(xi)), atanh(corr(xi, eta)):
[1.0204274  1.03948336 1.29736613 1.00274187 1.00090031 1.15133251]

Iteration:  700
Rhat values for alpha, beta, log(sigma^2), mean(xi), log(var(xi)), atanh(corr(xi, eta)):
[1.02146651 1.03748265 1.25463536 1.00744333 1.00078442 1.13126726]

Iteration:  800
Rhat values for alpha, beta, log(sigma^2), mean(xi), log(var(xi)), atanh(corr(xi, eta)):
[1.01696009 1.03183841 1.22273108 1.00952579 1.00067763 1.08960887]

Iteration:  900
Rhat values for alpha, beta, log(sigma^2), mean(xi), log(var(xi)), atanh(corr(xi, eta)):
[1.01221535 1.0246468  1.21827057 1.00648319 1.00056081 1.06899785]

Iteration:  1000
Rhat values for alpha, beta, log(sigma^2), mean(xi), log(var(xi)), atanh(corr(xi, eta)):
[1.00715899 1.01617471 1.19894633 1.01113742 1.0004993  1.04981011]

Iteration:  1100
Rhat values for alpha, beta, log(sigma^2), mean(xi), log(var(xi)), atanh(corr(xi, eta)):
[1.00797238 1.0159976  1.20564267 1.00812241 1.00044372 1.04806111]

Iteration:  1200
Rhat values for alpha, beta, log(sigma^2), mean(xi), log(var(xi)), atanh(corr(xi, eta)):
[1.0104115  1.01794028 1.21024681 1.00385193 1.00040316 1.04988338]

Iteration:  1300
Rhat values for alpha, beta, log(sigma^2), mean(xi), log(var(xi)), atanh(corr(xi, eta)):
[1.00799536 1.01377113 1.2078101  1.00239295 1.00036241 1.05441411]

Iteration:  1400
Rhat values for alpha, beta, log(sigma^2), mean(xi), log(var(xi)), atanh(corr(xi, eta)):
[1.00651218 1.01111864 1.17880777 1.00350117 1.0003425  1.05912945]

Iteration:  1500
Rhat values for alpha, beta, log(sigma^2), mean(xi), log(var(xi)), atanh(corr(xi, eta)):
[1.00464667 1.00868376 1.14472365 1.00557983 1.00033089 1.05388056]

Iteration:  1600
Rhat values for alpha, beta, log(sigma^2), mean(xi), log(var(xi)), atanh(corr(xi, eta)):
[1.00762007 1.01212921 1.09773531 1.00626664 1.00025955 1.06266035]

Iteration:  1700
Rhat values for alpha, beta, log(sigma^2), mean(xi), log(var(xi)), atanh(corr(xi, eta)):
[1.0104696  1.0156883  1.06585725 1.00642076 1.00024408 1.06373609]

Iteration:  1800
Rhat values for alpha, beta, log(sigma^2), mean(xi), log(var(xi)), atanh(corr(xi, eta)):
[1.0138233  1.02039386 1.05977308 1.0071931  1.0002347  1.06680631]

Iteration:  1900
Rhat values for alpha, beta, log(sigma^2), mean(xi), log(var(xi)), atanh(corr(xi, eta)):
[1.01515233 1.02230251 1.05986507 1.00896869 1.00022566 1.06890365]

Iteration:  2000
Rhat values for alpha, beta, log(sigma^2), mean(xi), log(var(xi)), atanh(corr(xi, eta)):
[1.01529877 1.02042401 1.06942316 1.00743159 1.00021149 1.06425695]

Iteration:  2100
Rhat values for alpha, beta, log(sigma^2), mean(xi), log(var(xi)), atanh(corr(xi, eta)):
[1.01508827 1.01939428 1.08241004 1.00407766 1.00019242 1.06295756]

Iteration:  2200
Rhat values for alpha, beta, log(sigma^2), mean(xi), log(var(xi)), atanh(corr(xi, eta)):
[1.01552525 1.01924098 1.08968111 1.00381879 1.00017779 1.0623597 ]

Iteration:  2300
Rhat values for alpha, beta, log(sigma^2), mean(xi), log(var(xi)), atanh(corr(xi, eta)):
[1.01339573 1.01788597 1.09516026 1.00229517 1.00016415 1.06516723]

Iteration:  2400
Rhat values for alpha, beta, log(sigma^2), mean(xi), log(var(xi)), atanh(corr(xi, eta)):
[1.01084854 1.01596179 1.10022942 1.0014249  1.0001585  1.066165  ]

Iteration:  2500
Rhat values for alpha, beta, log(sigma^2), mean(xi), log(var(xi)), atanh(corr(xi, eta)):
[1.01057471 1.01546606 1.1108972  1.00263187 1.00015178 1.07587472]

Iteration:  2600
Rhat values for alpha, beta, log(sigma^2), mean(xi), log(var(xi)), atanh(corr(xi, eta)):
[1.01247049 1.01776064 1.11820934 1.00427636 1.00016067 1.09175027]

Iteration:  2700
Rhat values for alpha, beta, log(sigma^2), mean(xi), log(var(xi)), atanh(corr(xi, eta)):
[1.01723203 1.02345172 1.12517652 1.00618767 1.00015532 1.10713664]

Iteration:  2800
Rhat values for alpha, beta, log(sigma^2), mean(xi), log(var(xi)), atanh(corr(xi, eta)):
[1.02226269 1.02962015 1.13527233 1.006927   1.00015532 1.1186612 ]

Iteration:  2900
Rhat values for alpha, beta, log(sigma^2), mean(xi), log(var(xi)), atanh(corr(xi, eta)):
[1.02725094 1.03653441 1.14683723 1.0083695  1.00016029 1.13015162]

Iteration:  3000
Rhat values for alpha, beta, log(sigma^2), mean(xi), log(var(xi)), atanh(corr(xi, eta)):
[1.02624378 1.03498527 1.16343883 1.01295877 1.00016378 1.13524924]

Iteration:  3100
Rhat values for alpha, beta, log(sigma^2), mean(xi), log(var(xi)), atanh(corr(xi, eta)):
[1.0248452  1.03233346 1.1696349  1.01733491 1.00016217 1.13819589]

Iteration:  3200
Rhat values for alpha, beta, log(sigma^2), mean(xi), log(var(xi)), atanh(corr(xi, eta)):
[1.02435129 1.03191957 1.18485525 1.0193384  1.00015586 1.14292951]

Iteration:  3300
Rhat values for alpha, beta, log(sigma^2), mean(xi), log(var(xi)), atanh(corr(xi, eta)):
[1.02649444 1.03394169 1.20299062 1.01817185 1.00016028 1.14680821]

Iteration:  3400
Rhat values for alpha, beta, log(sigma^2), mean(xi), log(var(xi)), atanh(corr(xi, eta)):
[1.0265242  1.03389035 1.21317021 1.0176484  1.00015482 1.15215516]

Iteration:  3500
Rhat values for alpha, beta, log(sigma^2), mean(xi), log(var(xi)), atanh(corr(xi, eta)):
[1.0274029  1.03426758 1.22382195 1.01798587 1.00015517 1.15731618]

Iteration:  3600
Rhat values for alpha, beta, log(sigma^2), mean(xi), log(var(xi)), atanh(corr(xi, eta)):
[1.02810643 1.03494779 1.21373411 1.01578449 1.00014792 1.14853448]

Iteration:  3700
Rhat values for alpha, beta, log(sigma^2), mean(xi), log(var(xi)), atanh(corr(xi, eta)):
[1.02848474 1.03491803 1.19754462 1.01403541 1.0001377  1.13395792]

Iteration:  3800
Rhat values for alpha, beta, log(sigma^2), mean(xi), log(var(xi)), atanh(corr(xi, eta)):
[1.0294943  1.03499762 1.17737632 1.01415148 1.00013985 1.12160731]

Iteration:  3900
Rhat values for alpha, beta, log(sigma^2), mean(xi), log(var(xi)), atanh(corr(xi, eta)):
[1.02987179 1.03629072 1.15560526 1.01474345 1.00013721 1.117195  ]

Iteration:  4000
Rhat values for alpha, beta, log(sigma^2), mean(xi), log(var(xi)), atanh(corr(xi, eta)):
[1.03169355 1.03810448 1.14524034 1.01561963 1.00013951 1.11168734]

Iteration:  4100
Rhat values for alpha, beta, log(sigma^2), mean(xi), log(var(xi)), atanh(corr(xi, eta)):
[1.03208246 1.0375571  1.13331615 1.01768429 1.00013702 1.10127258]

Iteration:  4200
Rhat values for alpha, beta, log(sigma^2), mean(xi), log(var(xi)), atanh(corr(xi, eta)):
[1.03364217 1.03834861 1.12750993 1.01648192 1.00013265 1.09656902]

Iteration:  4300
Rhat values for alpha, beta, log(sigma^2), mean(xi), log(var(xi)), atanh(corr(xi, eta)):
[1.0332981  1.03688316 1.12196198 1.01713992 1.00013571 1.0915206 ]

Iteration:  4400
Rhat values for alpha, beta, log(sigma^2), mean(xi), log(var(xi)), atanh(corr(xi, eta)):
[1.02916057 1.03176274 1.11229048 1.01643226 1.00013228 1.08702281]

Iteration:  4500
Rhat values for alpha, beta, log(sigma^2), mean(xi), log(var(xi)), atanh(corr(xi, eta)):
[1.02816561 1.02980024 1.11006969 1.01496503 1.00013194 1.08631457]

Iteration:  4600
Rhat values for alpha, beta, log(sigma^2), mean(xi), log(var(xi)), atanh(corr(xi, eta)):
[1.0268121  1.02700753 1.10800731 1.01631196 1.0001352  1.08348179]

Iteration:  4700
Rhat values for alpha, beta, log(sigma^2), mean(xi), log(var(xi)), atanh(corr(xi, eta)):
[1.02025112 1.02045033 1.10518747 1.01761881 1.00013679 1.07908172]

Iteration:  4800
Rhat values for alpha, beta, log(sigma^2), mean(xi), log(var(xi)), atanh(corr(xi, eta)):
[1.01699663 1.01766265 1.10198758 1.01828759 1.00013619 1.07631075]

Iteration:  4900
Rhat values for alpha, beta, log(sigma^2), mean(xi), log(var(xi)), atanh(corr(xi, eta)):
[1.01512673 1.01611909 1.09775733 1.01708793 1.00013474 1.07393431]

Iteration:  5000
Rhat values for alpha, beta, log(sigma^2), mean(xi), log(var(xi)), atanh(corr(xi, eta)):
[1.01465593 1.0158863  1.09395062 1.01544894 1.00013156 1.0723812 ]
{"name": "R19_first_hr_no_bias_error_diag_0.42", "n": 196, "mean": -0.019307042948321532, "sd": 0.012462877277190783, "median": -0.019145720556391934, "q16_84": [-0.032040069378023554, -0.007404432318731937], "q025_975": [-0.04394309205336534, 0.006789453392461495], "p_negative": 0.9367, "scatter_mean": 0.025161146132297574, "retained_draws": 10000, "seed": 20260926, "rhat_retained": {"alpha": 1.0372094938797953, "beta": 1.0302871109247511, "sigsqr": 1.0373571792382794}}
START R19_first_hr_tripp_error_diag_0.42 196

Iteration:  100
Rhat values for alpha, beta, log(sigma^2), mean(xi), log(var(xi)), atanh(corr(xi, eta)):
[1.07746965 1.09979103 1.12942544 1.02258066 1.01695859 1.36159215]

Iteration:  200
Rhat values for alpha, beta, log(sigma^2), mean(xi), log(var(xi)), atanh(corr(xi, eta)):
[1.04073873 1.04225485 1.25079422 1.04198085 1.03568076 1.10803179]

Iteration:  300
Rhat values for alpha, beta, log(sigma^2), mean(xi), log(var(xi)), atanh(corr(xi, eta)):
[1.04366828 1.04080463 1.34048482 1.03766423 1.05692445 1.09710082]

Iteration:  400
Rhat values for alpha, beta, log(sigma^2), mean(xi), log(var(xi)), atanh(corr(xi, eta)):
[1.06099138 1.06106067 1.41077318 1.0246021  1.05890413 1.13149755]

Iteration:  500
Rhat values for alpha, beta, log(sigma^2), mean(xi), log(var(xi)), atanh(corr(xi, eta)):
[1.05088925 1.05537544 1.37391938 1.03727318 1.04487314 1.11051696]

Iteration:  600
Rhat values for alpha, beta, log(sigma^2), mean(xi), log(var(xi)), atanh(corr(xi, eta)):
[1.04482997 1.05560526 1.38956672 1.04014202 1.04040074 1.11819252]

Iteration:  700
Rhat values for alpha, beta, log(sigma^2), mean(xi), log(var(xi)), atanh(corr(xi, eta)):
[1.04566817 1.06010635 1.35686794 1.06836554 1.04207438 1.11436098]

Iteration:  800
Rhat values for alpha, beta, log(sigma^2), mean(xi), log(var(xi)), atanh(corr(xi, eta)):
[1.04252489 1.0602664  1.37465469 1.07429903 1.05465781 1.11861176]

Iteration:  900
Rhat values for alpha, beta, log(sigma^2), mean(xi), log(var(xi)), atanh(corr(xi, eta)):
[1.05079919 1.07347544 1.39507284 1.07363595 1.00179496 1.12948035]

Iteration:  1000
Rhat values for alpha, beta, log(sigma^2), mean(xi), log(var(xi)), atanh(corr(xi, eta)):
[1.05111158 1.07566025 1.34613995 1.07758817 1.00187622 1.11170331]

Iteration:  1100
Rhat values for alpha, beta, log(sigma^2), mean(xi), log(var(xi)), atanh(corr(xi, eta)):
[1.04872426 1.07133087 1.22192004 1.07010359 1.00139295 1.08407756]

Iteration:  1200
Rhat values for alpha, beta, log(sigma^2), mean(xi), log(var(xi)), atanh(corr(xi, eta)):
[1.04517518 1.06557841 1.14620392 1.06084229 1.00164511 1.06591393]

Iteration:  1300
Rhat values for alpha, beta, log(sigma^2), mean(xi), log(var(xi)), atanh(corr(xi, eta)):
[1.03931247 1.05694847 1.13831487 1.05378552 1.001513   1.05512485]

Iteration:  1400
Rhat values for alpha, beta, log(sigma^2), mean(xi), log(var(xi)), atanh(corr(xi, eta)):
[1.02897842 1.04333067 1.12859456 1.03913553 1.00190568 1.05078035]

Iteration:  1500
Rhat values for alpha, beta, log(sigma^2), mean(xi), log(var(xi)), atanh(corr(xi, eta)):
[1.02507451 1.03726661 1.09538059 1.03063533 1.0012876  1.04989469]

Iteration:  1600
Rhat values for alpha, beta, log(sigma^2), mean(xi), log(var(xi)), atanh(corr(xi, eta)):
[1.02451715 1.03523639 1.07284483 1.02979623 1.00115334 1.04758153]

Iteration:  1700
Rhat values for alpha, beta, log(sigma^2), mean(xi), log(var(xi)), atanh(corr(xi, eta)):
[1.02104281 1.03194827 1.06778293 1.02645887 1.00158621 1.04955287]

Iteration:  1800
Rhat values for alpha, beta, log(sigma^2), mean(xi), log(var(xi)), atanh(corr(xi, eta)):
[1.02078886 1.03247352 1.05819386 1.02569143 1.00172271 1.05423558]

Iteration:  1900
Rhat values for alpha, beta, log(sigma^2), mean(xi), log(var(xi)), atanh(corr(xi, eta)):
[1.01864067 1.03043904 1.04203061 1.02184024 1.00164381 1.04892495]

Iteration:  2000
Rhat values for alpha, beta, log(sigma^2), mean(xi), log(var(xi)), atanh(corr(xi, eta)):
[1.01337276 1.02343912 1.03092795 1.01821707 1.00055812 1.03391741]

Iteration:  2100
Rhat values for alpha, beta, log(sigma^2), mean(xi), log(var(xi)), atanh(corr(xi, eta)):
[1.00842291 1.01465848 1.02790876 1.01570782 1.00045614 1.02387942]

Iteration:  2200
Rhat values for alpha, beta, log(sigma^2), mean(xi), log(var(xi)), atanh(corr(xi, eta)):
[1.00438127 1.00775855 1.02716365 1.01446692 1.00036891 1.01714981]

Iteration:  2300
Rhat values for alpha, beta, log(sigma^2), mean(xi), log(var(xi)), atanh(corr(xi, eta)):
[1.0034085  1.00678258 1.03126706 1.01462072 1.00058935 1.01669366]

Iteration:  2400
Rhat values for alpha, beta, log(sigma^2), mean(xi), log(var(xi)), atanh(corr(xi, eta)):
[1.00224626 1.00609722 1.03859478 1.01389311 1.00055017 1.01544477]

Iteration:  2500
Rhat values for alpha, beta, log(sigma^2), mean(xi), log(var(xi)), atanh(corr(xi, eta)):
[1.00129259 1.00522566 1.04503436 1.0169343  0.99991017 1.01604993]

Iteration:  2600
Rhat values for alpha, beta, log(sigma^2), mean(xi), log(var(xi)), atanh(corr(xi, eta)):
[1.00107303 1.00470353 1.0535053  1.01553003 0.99998657 1.0191406 ]

Iteration:  2700
Rhat values for alpha, beta, log(sigma^2), mean(xi), log(var(xi)), atanh(corr(xi, eta)):
[1.00094167 1.00478145 1.0582411  1.01292721 1.00003236 1.02363218]

Iteration:  2800
Rhat values for alpha, beta, log(sigma^2), mean(xi), log(var(xi)), atanh(corr(xi, eta)):
[1.00047272 1.00435626 1.06256886 1.00932621 0.99989272 1.02467383]

Iteration:  2900
Rhat values for alpha, beta, log(sigma^2), mean(xi), log(var(xi)), atanh(corr(xi, eta)):
[1.00039537 1.00427682 1.06064052 1.00952501 0.9999067  1.02277966]

Iteration:  3000
Rhat values for alpha, beta, log(sigma^2), mean(xi), log(var(xi)), atanh(corr(xi, eta)):
[1.00050299 1.00423607 1.05841165 1.01053975 0.99992487 1.02056932]

Iteration:  3100
Rhat values for alpha, beta, log(sigma^2), mean(xi), log(var(xi)), atanh(corr(xi, eta)):
[1.00109449 1.00513443 1.05572748 1.00964722 0.99992956 1.02094106]

Iteration:  3200
Rhat values for alpha, beta, log(sigma^2), mean(xi), log(var(xi)), atanh(corr(xi, eta)):
[1.00117384 1.00497103 1.05413432 1.00752576 0.9999394  1.02130315]

Iteration:  3300
Rhat values for alpha, beta, log(sigma^2), mean(xi), log(var(xi)), atanh(corr(xi, eta)):
[1.00153629 1.00551047 1.04954554 1.00863739 0.9999318  1.02073237]

Iteration:  3400
Rhat values for alpha, beta, log(sigma^2), mean(xi), log(var(xi)), atanh(corr(xi, eta)):
[1.00122652 1.00467524 1.04557506 1.00703912 0.99994199 1.01816955]

Iteration:  3500
Rhat values for alpha, beta, log(sigma^2), mean(xi), log(var(xi)), atanh(corr(xi, eta)):
[1.00065891 1.00344364 1.04801169 1.00635964 0.99995565 1.01612616]

Iteration:  3600
Rhat values for alpha, beta, log(sigma^2), mean(xi), log(var(xi)), atanh(corr(xi, eta)):
[1.00045878 1.00284699 1.0547803  1.00410513 0.99996098 1.01334305]

Iteration:  3700
Rhat values for alpha, beta, log(sigma^2), mean(xi), log(var(xi)), atanh(corr(xi, eta)):
[1.00087131 1.00282032 1.06228294 1.00357155 0.9999622  1.01170058]

Iteration:  3800
Rhat values for alpha, beta, log(sigma^2), mean(xi), log(var(xi)), atanh(corr(xi, eta)):
[1.0016146  1.0028479  1.0694899  1.0028883  0.99995581 1.01084194]

Iteration:  3900
Rhat values for alpha, beta, log(sigma^2), mean(xi), log(var(xi)), atanh(corr(xi, eta)):
[1.00235371 1.00302082 1.07405687 1.00196252 0.99995557 1.01076254]

Iteration:  4000
Rhat values for alpha, beta, log(sigma^2), mean(xi), log(var(xi)), atanh(corr(xi, eta)):
[1.00336244 1.00382524 1.07456392 1.00188463 0.99995387 1.00936783]

Iteration:  4100
Rhat values for alpha, beta, log(sigma^2), mean(xi), log(var(xi)), atanh(corr(xi, eta)):
[1.00400555 1.00434562 1.07253757 1.00123098 0.99995743 1.00853367]

Iteration:  4200
Rhat values for alpha, beta, log(sigma^2), mean(xi), log(var(xi)), atanh(corr(xi, eta)):
[1.00349595 1.00412935 1.07297589 1.00127322 0.99995897 1.00822441]

Iteration:  4300
Rhat values for alpha, beta, log(sigma^2), mean(xi), log(var(xi)), atanh(corr(xi, eta)):
[1.00221259 1.00305468 1.06904868 1.00128126 0.99995065 1.008643  ]

Iteration:  4400
Rhat values for alpha, beta, log(sigma^2), mean(xi), log(var(xi)), atanh(corr(xi, eta)):
[1.00141497 1.0022278  1.06897657 1.00141461 0.99994325 1.00959456]

Iteration:  4500
Rhat values for alpha, beta, log(sigma^2), mean(xi), log(var(xi)), atanh(corr(xi, eta)):
[1.00104484 1.00205644 1.06713952 1.00075024 0.99994522 1.01248841]

Iteration:  4600
Rhat values for alpha, beta, log(sigma^2), mean(xi), log(var(xi)), atanh(corr(xi, eta)):
[1.00132921 1.00279125 1.06595946 1.00098474 0.99994208 1.01422676]

Iteration:  4700
Rhat values for alpha, beta, log(sigma^2), mean(xi), log(var(xi)), atanh(corr(xi, eta)):
[1.00153723 1.00291958 1.0688149  1.00169389 0.99994348 1.0148963 ]

Iteration:  4800
Rhat values for alpha, beta, log(sigma^2), mean(xi), log(var(xi)), atanh(corr(xi, eta)):
[1.00111737 1.00204296 1.07250276 1.00145252 0.99994236 1.01534669]

Iteration:  4900
Rhat values for alpha, beta, log(sigma^2), mean(xi), log(var(xi)), atanh(corr(xi, eta)):
[1.00121534 1.0018     1.07181016 1.00114193 0.99994763 1.01362323]

Iteration:  5000
Rhat values for alpha, beta, log(sigma^2), mean(xi), log(var(xi)), atanh(corr(xi, eta)):
[1.00175418 1.00209581 1.07121422 1.00095691 0.99994756 1.01305551]
{"name": "R19_first_hr_tripp_error_diag_0.42", "n": 196, "mean": -0.019209088703639583, "sd": 0.014727726419746139, "median": -0.019863426284050918, "q16_84": [-0.03429602642581915, -0.0034745191577828867], "q025_975": [-0.04645869626958068, 0.00885140638151484], "p_negative": 0.8974, "scatter_mean": 0.02398810673819604, "retained_draws": 10000, "seed": 20260927, "rhat_retained": {"alpha": 1.0170102979830002, "beta": 1.0073454691157482, "sigsqr": 1.0454326788926736}}
START R19_first_hr_tripp_error_no_covadd_0.42 196

Iteration:  100
Rhat values for alpha, beta, log(sigma^2), mean(xi), log(var(xi)), atanh(corr(xi, eta)):
[0.99906988 1.00439449 1.2947015  1.01896384 1.20017642 1.0185585 ]

Iteration:  200
Rhat values for alpha, beta, log(sigma^2), mean(xi), log(var(xi)), atanh(corr(xi, eta)):
[1.00314652 1.01320012 1.16183808 1.0126886  1.18217452 1.03860861]

Iteration:  300
Rhat values for alpha, beta, log(sigma^2), mean(xi), log(var(xi)), atanh(corr(xi, eta)):
[1.01024418 1.01914993 1.22139059 0.99926924 1.10569241 1.06107377]

Iteration:  400
Rhat values for alpha, beta, log(sigma^2), mean(xi), log(var(xi)), atanh(corr(xi, eta)):
[1.01645013 1.02142043 1.31648336 1.00237023 0.99977175 1.09020965]

Iteration:  500
Rhat values for alpha, beta, log(sigma^2), mean(xi), log(var(xi)), atanh(corr(xi, eta)):
[1.01627038 1.01855442 1.32630836 1.00080369 0.99969354 1.09960278]

Iteration:  600
Rhat values for alpha, beta, log(sigma^2), mean(xi), log(var(xi)), atanh(corr(xi, eta)):
[1.0285552  1.03003813 1.25903335 1.00237908 1.00075795 1.14249517]

Iteration:  700
Rhat values for alpha, beta, log(sigma^2), mean(xi), log(var(xi)), atanh(corr(xi, eta)):
[1.02845065 1.03019123 1.27956677 1.00296387 1.00053775 1.16777496]

Iteration:  800
Rhat values for alpha, beta, log(sigma^2), mean(xi), log(var(xi)), atanh(corr(xi, eta)):
[1.0310603  1.0347987  1.3239353  1.00213369 1.00047626 1.21318694]

Iteration:  900
Rhat values for alpha, beta, log(sigma^2), mean(xi), log(var(xi)), atanh(corr(xi, eta)):
[1.03032829 1.03340359 1.36330023 0.99980784 1.00061953 1.24999083]

Iteration:  1000
Rhat values for alpha, beta, log(sigma^2), mean(xi), log(var(xi)), atanh(corr(xi, eta)):
[1.02960561 1.03188398 1.41342071 1.00236413 1.00029409 1.3027355 ]

Iteration:  1100
Rhat values for alpha, beta, log(sigma^2), mean(xi), log(var(xi)), atanh(corr(xi, eta)):
[1.03182661 1.03398862 1.45829603 1.00265031 1.00031544 1.35809064]

Iteration:  1200
Rhat values for alpha, beta, log(sigma^2), mean(xi), log(var(xi)), atanh(corr(xi, eta)):
[1.03647304 1.03917878 1.5068702  1.00394603 1.00033711 1.41027892]

Iteration:  1300
Rhat values for alpha, beta, log(sigma^2), mean(xi), log(var(xi)), atanh(corr(xi, eta)):
[1.04294158 1.04480715 1.54410741 1.00482318 1.00028053 1.46315968]

Iteration:  1400
Rhat values for alpha, beta, log(sigma^2), mean(xi), log(var(xi)), atanh(corr(xi, eta)):
[1.04834929 1.0506868  1.52754036 1.00463312 1.00026623 1.48088709]

Iteration:  1500
Rhat values for alpha, beta, log(sigma^2), mean(xi), log(var(xi)), atanh(corr(xi, eta)):
[1.04933611 1.05331925 1.47886166 1.0054024  1.0002578  1.45284919]

Iteration:  1600
Rhat values for alpha, beta, log(sigma^2), mean(xi), log(var(xi)), atanh(corr(xi, eta)):
[1.04590235 1.05162961 1.43595    1.00588634 1.00049714 1.42083141]

Iteration:  1700
Rhat values for alpha, beta, log(sigma^2), mean(xi), log(var(xi)), atanh(corr(xi, eta)):
[1.04514019 1.05071107 1.40211812 1.00827572 1.00063843 1.39397125]

Iteration:  1800
Rhat values for alpha, beta, log(sigma^2), mean(xi), log(var(xi)), atanh(corr(xi, eta)):
[1.04368066 1.04798838 1.39125444 1.00968468 1.00066107 1.38471513]

Iteration:  1900
Rhat values for alpha, beta, log(sigma^2), mean(xi), log(var(xi)), atanh(corr(xi, eta)):
[1.04547774 1.04824008 1.37458244 1.00886584 1.00057576 1.37815455]

Iteration:  2000
Rhat values for alpha, beta, log(sigma^2), mean(xi), log(var(xi)), atanh(corr(xi, eta)):
[1.0490933  1.05174928 1.35762622 1.01287189 1.00061283 1.37466534]

Iteration:  2100
Rhat values for alpha, beta, log(sigma^2), mean(xi), log(var(xi)), atanh(corr(xi, eta)):
[1.05421939 1.05354914 1.35805215 1.01635294 1.00068025 1.38537157]

Iteration:  2200
Rhat values for alpha, beta, log(sigma^2), mean(xi), log(var(xi)), atanh(corr(xi, eta)):
[1.06338807 1.05968602 1.34270665 1.01750312 1.00057926 1.38743552]

Iteration:  2300
Rhat values for alpha, beta, log(sigma^2), mean(xi), log(var(xi)), atanh(corr(xi, eta)):
[1.07282421 1.06768016 1.33684114 1.01283571 1.00047979 1.39714673]

Iteration:  2400
Rhat values for alpha, beta, log(sigma^2), mean(xi), log(var(xi)), atanh(corr(xi, eta)):
[1.07493582 1.0691686  1.31824972 1.00940899 1.00057908 1.38770219]

Iteration:  2500
Rhat values for alpha, beta, log(sigma^2), mean(xi), log(var(xi)), atanh(corr(xi, eta)):
[1.07018527 1.06502254 1.26287624 1.00862883 1.00088744 1.34524287]

Iteration:  2600
Rhat values for alpha, beta, log(sigma^2), mean(xi), log(var(xi)), atanh(corr(xi, eta)):
[1.0688352  1.06436366 1.24419388 1.00662703 1.00080811 1.32997915]

Iteration:  2700
Rhat values for alpha, beta, log(sigma^2), mean(xi), log(var(xi)), atanh(corr(xi, eta)):
[1.08005277 1.07695417 1.23784722 1.00473996 1.00057057 1.33695649]

Iteration:  2800
Rhat values for alpha, beta, log(sigma^2), mean(xi), log(var(xi)), atanh(corr(xi, eta)):
[1.08506625 1.08310659 1.24376107 1.00509441 1.00052456 1.34330185]

Iteration:  2900
Rhat values for alpha, beta, log(sigma^2), mean(xi), log(var(xi)), atanh(corr(xi, eta)):
[1.08274763 1.08318244 1.25034615 1.00624233 1.00049524 1.34576587]

Iteration:  3000
Rhat values for alpha, beta, log(sigma^2), mean(xi), log(var(xi)), atanh(corr(xi, eta)):
[1.08212991 1.08201301 1.25207441 1.00792717 1.00079769 1.35143878]

Iteration:  3100
Rhat values for alpha, beta, log(sigma^2), mean(xi), log(var(xi)), atanh(corr(xi, eta)):
[1.08222147 1.08125614 1.24999915 1.00754297 1.00109733 1.35898152]

Iteration:  3200
Rhat values for alpha, beta, log(sigma^2), mean(xi), log(var(xi)), atanh(corr(xi, eta)):
[1.08257376 1.08171026 1.24102432 1.00727956 1.00100967 1.35460621]

Iteration:  3300
Rhat values for alpha, beta, log(sigma^2), mean(xi), log(var(xi)), atanh(corr(xi, eta)):
[1.08466124 1.08360213 1.23837522 1.00702395 1.00089089 1.35781653]

Iteration:  3400
Rhat values for alpha, beta, log(sigma^2), mean(xi), log(var(xi)), atanh(corr(xi, eta)):
[1.08174235 1.08072974 1.23802974 1.01019188 1.00099028 1.35522069]

Iteration:  3500
Rhat values for alpha, beta, log(sigma^2), mean(xi), log(var(xi)), atanh(corr(xi, eta)):
[1.07404622 1.07382509 1.23126187 1.01097043 1.00103676 1.33244834]

Iteration:  3600
Rhat values for alpha, beta, log(sigma^2), mean(xi), log(var(xi)), atanh(corr(xi, eta)):
[1.06929586 1.06976905 1.22231643 1.01022026 1.000757   1.31163343]

Iteration:  3700
Rhat values for alpha, beta, log(sigma^2), mean(xi), log(var(xi)), atanh(corr(xi, eta)):
[1.06652626 1.06763863 1.22192849 1.01050502 1.00074807 1.30828778]

Iteration:  3800
Rhat values for alpha, beta, log(sigma^2), mean(xi), log(var(xi)), atanh(corr(xi, eta)):
[1.06410918 1.06498242 1.2143241  1.00926704 1.00074889 1.30008428]

Iteration:  3900
Rhat values for alpha, beta, log(sigma^2), mean(xi), log(var(xi)), atanh(corr(xi, eta)):
[1.064146   1.06416845 1.1975476  1.00684992 1.00064201 1.28257312]

Iteration:  4000
Rhat values for alpha, beta, log(sigma^2), mean(xi), log(var(xi)), atanh(corr(xi, eta)):
[1.06635387 1.0662598  1.18514399 1.00536685 1.00050641 1.27103293]

Iteration:  4100
Rhat values for alpha, beta, log(sigma^2), mean(xi), log(var(xi)), atanh(corr(xi, eta)):
[1.06247555 1.06249515 1.18085513 1.005128   1.00049681 1.2534254 ]

Iteration:  4200
Rhat values for alpha, beta, log(sigma^2), mean(xi), log(var(xi)), atanh(corr(xi, eta)):
[1.05787811 1.0573036  1.18786585 1.00541553 1.00049606 1.23974192]

Iteration:  4300
Rhat values for alpha, beta, log(sigma^2), mean(xi), log(var(xi)), atanh(corr(xi, eta)):
[1.05466583 1.05376713 1.20039213 1.00474556 1.00049477 1.24224094]

Iteration:  4400
Rhat values for alpha, beta, log(sigma^2), mean(xi), log(var(xi)), atanh(corr(xi, eta)):
[1.05213548 1.0515026  1.21493297 1.00432368 1.00043935 1.25073563]

Iteration:  4500
Rhat values for alpha, beta, log(sigma^2), mean(xi), log(var(xi)), atanh(corr(xi, eta)):
[1.04973736 1.04936262 1.22917655 1.00339514 1.00035243 1.25812128]

Iteration:  4600
Rhat values for alpha, beta, log(sigma^2), mean(xi), log(var(xi)), atanh(corr(xi, eta)):
[1.04543615 1.04499099 1.23998752 1.00289785 1.00036008 1.25812732]

Iteration:  4700
Rhat values for alpha, beta, log(sigma^2), mean(xi), log(var(xi)), atanh(corr(xi, eta)):
[1.03865562 1.03921348 1.24306757 1.00275351 1.00019701 1.24327654]

Iteration:  4800
Rhat values for alpha, beta, log(sigma^2), mean(xi), log(var(xi)), atanh(corr(xi, eta)):
[1.03180205 1.0329842  1.25032853 1.00302797 1.00019782 1.22453865]

Iteration:  4900
Rhat values for alpha, beta, log(sigma^2), mean(xi), log(var(xi)), atanh(corr(xi, eta)):
[1.0266356  1.0282912  1.25725345 1.00340313 1.00019935 1.20831217]

Iteration:  5000
Rhat values for alpha, beta, log(sigma^2), mean(xi), log(var(xi)), atanh(corr(xi, eta)):
[1.02269911 1.02482482 1.25897756 1.00367475 1.00019161 1.19807174]

Iteration:  5100
Rhat values for alpha, beta, log(sigma^2), mean(xi), log(var(xi)), atanh(corr(xi, eta)):
[1.01978978 1.02236876 1.25762196 1.00346538 1.00017948 1.1903063 ]

Iteration:  5200
Rhat values for alpha, beta, log(sigma^2), mean(xi), log(var(xi)), atanh(corr(xi, eta)):
[1.01836314 1.02135407 1.25707237 1.00340329 1.00016451 1.18861289]

Iteration:  5300
Rhat values for alpha, beta, log(sigma^2), mean(xi), log(var(xi)), atanh(corr(xi, eta)):
[1.01721987 1.02011187 1.26461282 1.00322538 1.00015017 1.19017272]

Iteration:  5400
Rhat values for alpha, beta, log(sigma^2), mean(xi), log(var(xi)), atanh(corr(xi, eta)):
[1.01571403 1.01879023 1.27127612 1.00308385 1.00013611 1.19406833]

Iteration:  5500
Rhat values for alpha, beta, log(sigma^2), mean(xi), log(var(xi)), atanh(corr(xi, eta)):
[1.01493039 1.01815604 1.27319936 1.00323086 1.00013212 1.19723913]

Iteration:  5600
Rhat values for alpha, beta, log(sigma^2), mean(xi), log(var(xi)), atanh(corr(xi, eta)):
[1.01210014 1.01534008 1.28025805 1.00348095 1.00014843 1.20090648]

Iteration:  5700
Rhat values for alpha, beta, log(sigma^2), mean(xi), log(var(xi)), atanh(corr(xi, eta)):
[1.00824626 1.01117302 1.28792704 1.00351361 1.0001413  1.19990191]

Iteration:  5800
Rhat values for alpha, beta, log(sigma^2), mean(xi), log(var(xi)), atanh(corr(xi, eta)):
[1.00645384 1.0093251  1.29298221 1.00367386 1.00013562 1.19873099]

Iteration:  5900
Rhat values for alpha, beta, log(sigma^2), mean(xi), log(var(xi)), atanh(corr(xi, eta)):
[1.0052063  1.00752058 1.30036544 1.00315901 1.00013154 1.19840334]

Iteration:  6000
Rhat values for alpha, beta, log(sigma^2), mean(xi), log(var(xi)), atanh(corr(xi, eta)):
[1.00503328 1.00705415 1.30652651 1.00323888 1.00012401 1.20082594]

Iteration:  6100
Rhat values for alpha, beta, log(sigma^2), mean(xi), log(var(xi)), atanh(corr(xi, eta)):
[1.00470574 1.00637174 1.31294339 1.00277141 1.00011754 1.20361974]

Iteration:  6200
Rhat values for alpha, beta, log(sigma^2), mean(xi), log(var(xi)), atanh(corr(xi, eta)):
[1.00434012 1.00563532 1.32022772 1.00321436 1.00011646 1.20636307]

Iteration:  6300
Rhat values for alpha, beta, log(sigma^2), mean(xi), log(var(xi)), atanh(corr(xi, eta)):
[1.00377777 1.00491637 1.32655617 1.00378605 1.00011563 1.2061289 ]

Iteration:  6400
Rhat values for alpha, beta, log(sigma^2), mean(xi), log(var(xi)), atanh(corr(xi, eta)):
[1.0031396  1.00409004 1.3316208  1.0043481  1.00011751 1.20421955]

Iteration:  6500
Rhat values for alpha, beta, log(sigma^2), mean(xi), log(var(xi)), atanh(corr(xi, eta)):
[1.00281149 1.00383689 1.33572217 1.00446472 1.00011126 1.20441335]

Iteration:  6600
Rhat values for alpha, beta, log(sigma^2), mean(xi), log(var(xi)), atanh(corr(xi, eta)):
[1.00233435 1.00353947 1.33606274 1.00429293 1.00010502 1.20303981]

Iteration:  6700
Rhat values for alpha, beta, log(sigma^2), mean(xi), log(var(xi)), atanh(corr(xi, eta)):
[1.00232033 1.00365847 1.32907305 1.00480085 1.00010906 1.19996948]

Iteration:  6800
Rhat values for alpha, beta, log(sigma^2), mean(xi), log(var(xi)), atanh(corr(xi, eta)):
[1.00204721 1.00335239 1.31793794 1.00416801 1.00010817 1.19107932]

Iteration:  6900
Rhat values for alpha, beta, log(sigma^2), mean(xi), log(var(xi)), atanh(corr(xi, eta)):
[1.00169665 1.00295156 1.31303402 1.00425834 1.00010507 1.18707875]

Iteration:  7000
Rhat values for alpha, beta, log(sigma^2), mean(xi), log(var(xi)), atanh(corr(xi, eta)):
[1.00181608 1.00318349 1.31175438 1.00461143 1.00010796 1.18953244]

Iteration:  7100
Rhat values for alpha, beta, log(sigma^2), mean(xi), log(var(xi)), atanh(corr(xi, eta)):
[1.00237026 1.00388531 1.30752238 1.00451094 1.00010137 1.18689949]

Iteration:  7200
Rhat values for alpha, beta, log(sigma^2), mean(xi), log(var(xi)), atanh(corr(xi, eta)):
[1.00200315 1.00334144 1.30557457 1.00390962 1.0000909  1.1874957 ]

Iteration:  7300
Rhat values for alpha, beta, log(sigma^2), mean(xi), log(var(xi)), atanh(corr(xi, eta)):
[1.00219055 1.0032838  1.2988468  1.00390814 1.00008697 1.18567935]

Iteration:  7400
Rhat values for alpha, beta, log(sigma^2), mean(xi), log(var(xi)), atanh(corr(xi, eta)):
[1.00238614 1.00319752 1.29572438 1.00348769 1.00008321 1.18735798]

Iteration:  7500
Rhat values for alpha, beta, log(sigma^2), mean(xi), log(var(xi)), atanh(corr(xi, eta)):
[1.00264324 1.00339525 1.29757594 1.0034183  0.99999889 1.1904481 ]

Iteration:  7600
Rhat values for alpha, beta, log(sigma^2), mean(xi), log(var(xi)), atanh(corr(xi, eta)):
[1.00308593 1.00399043 1.3022264  1.00346428 0.99995436 1.19502389]

Iteration:  7700
Rhat values for alpha, beta, log(sigma^2), mean(xi), log(var(xi)), atanh(corr(xi, eta)):
[1.00349806 1.00462846 1.29950886 1.00301288 0.99995388 1.19623807]

Iteration:  7800
Rhat values for alpha, beta, log(sigma^2), mean(xi), log(var(xi)), atanh(corr(xi, eta)):
[1.00343612 1.00485416 1.29781442 1.00288524 0.99995204 1.19733427]

Iteration:  7900
Rhat values for alpha, beta, log(sigma^2), mean(xi), log(var(xi)), atanh(corr(xi, eta)):
[1.00283524 1.00442051 1.29959984 1.00272891 0.99995147 1.19713064]

Iteration:  8000
Rhat values for alpha, beta, log(sigma^2), mean(xi), log(var(xi)), atanh(corr(xi, eta)):
[1.00254273 1.00415505 1.30125003 1.00275415 0.99995363 1.19811398]

Iteration:  8100
Rhat values for alpha, beta, log(sigma^2), mean(xi), log(var(xi)), atanh(corr(xi, eta)):
[1.00210631 1.00377173 1.29598926 1.00260143 0.99995402 1.1930023 ]

Iteration:  8200
Rhat values for alpha, beta, log(sigma^2), mean(xi), log(var(xi)), atanh(corr(xi, eta)):
[1.00216491 1.0037491  1.28792137 1.00289944 0.99995505 1.18956663]

Iteration:  8300
Rhat values for alpha, beta, log(sigma^2), mean(xi), log(var(xi)), atanh(corr(xi, eta)):
[1.00196232 1.00340147 1.27928599 1.0027804  0.99995566 1.18372465]

Iteration:  8400
Rhat values for alpha, beta, log(sigma^2), mean(xi), log(var(xi)), atanh(corr(xi, eta)):
[1.00171087 1.00307457 1.26572421 1.0024005  0.999955   1.17672696]

Iteration:  8500
Rhat values for alpha, beta, log(sigma^2), mean(xi), log(var(xi)), atanh(corr(xi, eta)):
[1.0018118  1.00311546 1.25472972 1.00245684 0.99995669 1.17211595]

Iteration:  8600
Rhat values for alpha, beta, log(sigma^2), mean(xi), log(var(xi)), atanh(corr(xi, eta)):
[1.00204147 1.00325505 1.24378452 1.00241922 0.99995732 1.16789756]

Iteration:  8700
Rhat values for alpha, beta, log(sigma^2), mean(xi), log(var(xi)), atanh(corr(xi, eta)):
[1.00232609 1.00359378 1.23413803 1.00236231 0.99995726 1.16431849]

Iteration:  8800
Rhat values for alpha, beta, log(sigma^2), mean(xi), log(var(xi)), atanh(corr(xi, eta)):
[1.00258257 1.0039837  1.22275473 1.00198224 0.99995634 1.16076354]

Iteration:  8900
Rhat values for alpha, beta, log(sigma^2), mean(xi), log(var(xi)), atanh(corr(xi, eta)):
[1.00285244 1.0041929  1.21110917 1.00181545 0.99995649 1.15634198]

Iteration:  9000
Rhat values for alpha, beta, log(sigma^2), mean(xi), log(var(xi)), atanh(corr(xi, eta)):
[1.00297336 1.00424205 1.20045563 1.00214872 0.999955   1.15074092]

Iteration:  9100
Rhat values for alpha, beta, log(sigma^2), mean(xi), log(var(xi)), atanh(corr(xi, eta)):
[1.00300796 1.00417043 1.19119185 1.00217098 0.99995394 1.14552853]

Iteration:  9200
Rhat values for alpha, beta, log(sigma^2), mean(xi), log(var(xi)), atanh(corr(xi, eta)):
[1.00303458 1.00438834 1.18674539 1.00225482 0.99995402 1.14391479]

Iteration:  9300
Rhat values for alpha, beta, log(sigma^2), mean(xi), log(var(xi)), atanh(corr(xi, eta)):
[1.00303145 1.0045525  1.18691333 1.00188127 0.99995973 1.14533725]

Iteration:  9400
Rhat values for alpha, beta, log(sigma^2), mean(xi), log(var(xi)), atanh(corr(xi, eta)):
[1.00254496 1.00411567 1.18417411 1.00176964 0.99997404 1.14231236]

Iteration:  9500
Rhat values for alpha, beta, log(sigma^2), mean(xi), log(var(xi)), atanh(corr(xi, eta)):
[1.00205257 1.00361102 1.17984746 1.00213566 0.99997542 1.13729758]

Iteration:  9600
Rhat values for alpha, beta, log(sigma^2), mean(xi), log(var(xi)), atanh(corr(xi, eta)):
[1.00190405 1.00341945 1.18042509 1.00218145 0.99997595 1.13644234]

Iteration:  9700
Rhat values for alpha, beta, log(sigma^2), mean(xi), log(var(xi)), atanh(corr(xi, eta)):
[1.00194696 1.00330586 1.18467234 1.00205053 0.99997745 1.13891478]

Iteration:  9800
Rhat values for alpha, beta, log(sigma^2), mean(xi), log(var(xi)), atanh(corr(xi, eta)):
[1.00219226 1.00345135 1.18895928 1.00202552 0.99997865 1.14269833]

Iteration:  9900
Rhat values for alpha, beta, log(sigma^2), mean(xi), log(var(xi)), atanh(corr(xi, eta)):
[1.00222943 1.00342785 1.19084733 1.00214349 0.99998132 1.14361286]

Iteration:  10000
Rhat values for alpha, beta, log(sigma^2), mean(xi), log(var(xi)), atanh(corr(xi, eta)):
[1.00232158 1.0033329  1.19170852 1.00232875 0.99998364 1.14332072]

Iteration:  10100
Rhat values for alpha, beta, log(sigma^2), mean(xi), log(var(xi)), atanh(corr(xi, eta)):
[1.00254425 1.00340182 1.18701918 1.00223249 0.99998504 1.14111039]

Iteration:  10200
Rhat values for alpha, beta, log(sigma^2), mean(xi), log(var(xi)), atanh(corr(xi, eta)):
[1.00301528 1.00378235 1.18113075 1.00234613 0.99998667 1.13922357]

Iteration:  10300
Rhat values for alpha, beta, log(sigma^2), mean(xi), log(var(xi)), atanh(corr(xi, eta)):
[1.00292986 1.00374039 1.17727602 1.00239121 0.99998689 1.13618549]

Iteration:  10400
Rhat values for alpha, beta, log(sigma^2), mean(xi), log(var(xi)), atanh(corr(xi, eta)):
[1.00298821 1.00361936 1.17843549 1.00229738 0.99998681 1.13594978]

Iteration:  10500
Rhat values for alpha, beta, log(sigma^2), mean(xi), log(var(xi)), atanh(corr(xi, eta)):
[1.00294335 1.00343214 1.18162672 1.00191268 0.99998427 1.13680166]

Iteration:  10600
Rhat values for alpha, beta, log(sigma^2), mean(xi), log(var(xi)), atanh(corr(xi, eta)):
[1.00277986 1.00337625 1.18262671 1.00196249 0.99998426 1.13708584]

Iteration:  10700
Rhat values for alpha, beta, log(sigma^2), mean(xi), log(var(xi)), atanh(corr(xi, eta)):
[1.00297542 1.00362881 1.17991738 1.00186602 0.99998412 1.13779004]

Iteration:  10800
Rhat values for alpha, beta, log(sigma^2), mean(xi), log(var(xi)), atanh(corr(xi, eta)):
[1.00300488 1.00367354 1.17473808 1.00186171 0.99998387 1.13566606]

Iteration:  10900
Rhat values for alpha, beta, log(sigma^2), mean(xi), log(var(xi)), atanh(corr(xi, eta)):
[1.00330804 1.0039137  1.17214614 1.00175228 0.99998574 1.13593604]

Iteration:  11000
Rhat values for alpha, beta, log(sigma^2), mean(xi), log(var(xi)), atanh(corr(xi, eta)):
[1.00358    1.00415389 1.16746894 1.00191576 0.99999459 1.1349454 ]

Iteration:  11100
Rhat values for alpha, beta, log(sigma^2), mean(xi), log(var(xi)), atanh(corr(xi, eta)):
[1.00405555 1.00453982 1.15943362 1.001822   0.99999412 1.13235548]

Iteration:  11200
Rhat values for alpha, beta, log(sigma^2), mean(xi), log(var(xi)), atanh(corr(xi, eta)):
[1.00436078 1.00469749 1.15056771 1.00184932 0.99999399 1.12721112]

Iteration:  11300
Rhat values for alpha, beta, log(sigma^2), mean(xi), log(var(xi)), atanh(corr(xi, eta)):
[1.00475744 1.00498004 1.14081762 1.00176759 0.99999264 1.12167696]

Iteration:  11400
Rhat values for alpha, beta, log(sigma^2), mean(xi), log(var(xi)), atanh(corr(xi, eta)):
[1.00518785 1.00563183 1.1342646  1.00178406 0.99999169 1.11858827]

Iteration:  11500
Rhat values for alpha, beta, log(sigma^2), mean(xi), log(var(xi)), atanh(corr(xi, eta)):
[1.00474584 1.0052884  1.1312409  1.00171461 0.99999228 1.11600816]

Iteration:  11600
Rhat values for alpha, beta, log(sigma^2), mean(xi), log(var(xi)), atanh(corr(xi, eta)):
[1.00477741 1.00515417 1.12912475 1.00168441 0.9999949  1.11496235]

Iteration:  11700
Rhat values for alpha, beta, log(sigma^2), mean(xi), log(var(xi)), atanh(corr(xi, eta)):
[1.00507711 1.0053556  1.12596687 1.00155272 0.99994344 1.11287311]

Iteration:  11800
Rhat values for alpha, beta, log(sigma^2), mean(xi), log(var(xi)), atanh(corr(xi, eta)):
[1.00495822 1.00532492 1.12189417 1.00153093 0.99994386 1.10956578]

Iteration:  11900
Rhat values for alpha, beta, log(sigma^2), mean(xi), log(var(xi)), atanh(corr(xi, eta)):
[1.00525537 1.00563027 1.11653984 1.00168578 0.9999439  1.10648179]

Iteration:  12000
Rhat values for alpha, beta, log(sigma^2), mean(xi), log(var(xi)), atanh(corr(xi, eta)):
[1.00557041 1.00599503 1.11169827 1.00167222 0.99994318 1.10245744]

Iteration:  12100
Rhat values for alpha, beta, log(sigma^2), mean(xi), log(var(xi)), atanh(corr(xi, eta)):
[1.00575508 1.00630164 1.10769403 1.00184593 0.99994021 1.10025332]

Iteration:  12200
Rhat values for alpha, beta, log(sigma^2), mean(xi), log(var(xi)), atanh(corr(xi, eta)):
[1.00559949 1.00623161 1.10300604 1.00199244 0.99994093 1.09626987]

Iteration:  12300
Rhat values for alpha, beta, log(sigma^2), mean(xi), log(var(xi)), atanh(corr(xi, eta)):
[1.00513874 1.00573119 1.09950503 1.00196357 0.999942   1.09250796]
{"name": "R19_first_hr_tripp_error_no_covadd_0.42", "n": 196, "mean": -0.02365558615869652, "sd": 0.012059433492509618, "median": -0.02363861637380199, "q16_84": [-0.03585530441117073, -0.011554347704037819], "q025_975": [-0.046240500971201, 0.00011968799532946621], "p_negative": 0.9742276422764228, "scatter_mean": 0.026255985026615535, "retained_draws": 24600, "seed": 20260928, "rhat_retained": {"alpha": 1.0136800966073423, "beta": 1.0056300666703737, "sigsqr": 1.0229153055279265}}
START R19_first_hr_tripp_error_no_covadd_0.2 100

Iteration:  100
Rhat values for alpha, beta, log(sigma^2), mean(xi), log(var(xi)), atanh(corr(xi, eta)):
[1.2335745  1.2506085  1.14960836 1.17289949 1.00029437 2.17647725]

Iteration:  200
Rhat values for alpha, beta, log(sigma^2), mean(xi), log(var(xi)), atanh(corr(xi, eta)):
[1.21168445 1.21940943 1.24813774 1.14369887 0.99848812 2.03522068]

Iteration:  300
Rhat values for alpha, beta, log(sigma^2), mean(xi), log(var(xi)), atanh(corr(xi, eta)):
[1.16773571 1.16343655 1.18038924 1.10919868 0.99882433 1.67412694]

Iteration:  400
Rhat values for alpha, beta, log(sigma^2), mean(xi), log(var(xi)), atanh(corr(xi, eta)):
[1.13101393 1.13297089 1.19112742 1.07909918 0.99934981 1.41349789]

Iteration:  500
Rhat values for alpha, beta, log(sigma^2), mean(xi), log(var(xi)), atanh(corr(xi, eta)):
[1.11715039 1.11149521 1.12738892 1.05050448 0.9993695  1.31764346]

Iteration:  600
Rhat values for alpha, beta, log(sigma^2), mean(xi), log(var(xi)), atanh(corr(xi, eta)):
[1.08391848 1.08491473 1.07855457 1.03717463 0.99931197 1.17379884]

Iteration:  700
Rhat values for alpha, beta, log(sigma^2), mean(xi), log(var(xi)), atanh(corr(xi, eta)):
[1.06674789 1.07526332 1.07513854 1.0368993  0.99938149 1.16676084]

Iteration:  800
Rhat values for alpha, beta, log(sigma^2), mean(xi), log(var(xi)), atanh(corr(xi, eta)):
[1.04080369 1.05493219 1.07130659 1.04524611 0.9993025  1.12129526]

Iteration:  900
Rhat values for alpha, beta, log(sigma^2), mean(xi), log(var(xi)), atanh(corr(xi, eta)):
[1.03230528 1.04805225 1.04475042 1.03932926 0.99923354 1.10502131]

Iteration:  1000
Rhat values for alpha, beta, log(sigma^2), mean(xi), log(var(xi)), atanh(corr(xi, eta)):
[1.03320664 1.05003978 1.02147616 1.02510488 0.99937823 1.09577172]

Iteration:  1100
Rhat values for alpha, beta, log(sigma^2), mean(xi), log(var(xi)), atanh(corr(xi, eta)):
[1.02998579 1.04325207 1.01036033 1.01776378 0.99962153 1.06497176]

Iteration:  1200
Rhat values for alpha, beta, log(sigma^2), mean(xi), log(var(xi)), atanh(corr(xi, eta)):
[1.02828311 1.03838974 1.02009254 1.01516037 0.99965082 1.05276915]

Iteration:  1300
Rhat values for alpha, beta, log(sigma^2), mean(xi), log(var(xi)), atanh(corr(xi, eta)):
[1.02923985 1.03779866 1.0198525  1.00868083 0.99963258 1.04552342]

Iteration:  1400
Rhat values for alpha, beta, log(sigma^2), mean(xi), log(var(xi)), atanh(corr(xi, eta)):
[1.0258113  1.03234693 1.01462219 1.00440114 0.99973655 1.02943702]

Iteration:  1500
Rhat values for alpha, beta, log(sigma^2), mean(xi), log(var(xi)), atanh(corr(xi, eta)):
[1.02352098 1.02974465 1.01109078 1.0035547  0.99983486 1.02462   ]

Iteration:  1600
Rhat values for alpha, beta, log(sigma^2), mean(xi), log(var(xi)), atanh(corr(xi, eta)):
[1.01765682 1.02195636 1.0127514  1.00344165 0.99990481 1.01821449]

Iteration:  1700
Rhat values for alpha, beta, log(sigma^2), mean(xi), log(var(xi)), atanh(corr(xi, eta)):
[1.01597681 1.01836831 1.01549351 1.00257611 0.9999383  1.01307347]

Iteration:  1800
Rhat values for alpha, beta, log(sigma^2), mean(xi), log(var(xi)), atanh(corr(xi, eta)):
[1.01439423 1.01696733 1.01578869 1.00285222 0.99993386 1.01178288]

Iteration:  1900
Rhat values for alpha, beta, log(sigma^2), mean(xi), log(var(xi)), atanh(corr(xi, eta)):
[1.01181188 1.01397556 1.01628734 1.00296729 0.99989856 1.00984293]

Iteration:  2000
Rhat values for alpha, beta, log(sigma^2), mean(xi), log(var(xi)), atanh(corr(xi, eta)):
[1.012158   1.01409308 1.01759112 1.00466787 0.99983367 1.00111065]

Iteration:  2100
Rhat values for alpha, beta, log(sigma^2), mean(xi), log(var(xi)), atanh(corr(xi, eta)):
[1.01083867 1.01456505 1.02473748 1.00899083 0.99981871 1.00127044]

Iteration:  2200
Rhat values for alpha, beta, log(sigma^2), mean(xi), log(var(xi)), atanh(corr(xi, eta)):
[1.01051779 1.0147941  1.03642972 1.00990177 0.99985324 1.00672914]

Iteration:  2300
Rhat values for alpha, beta, log(sigma^2), mean(xi), log(var(xi)), atanh(corr(xi, eta)):
[1.01122281 1.01534799 1.04579508 1.00948494 0.99994197 1.012338  ]

Iteration:  2400
Rhat values for alpha, beta, log(sigma^2), mean(xi), log(var(xi)), atanh(corr(xi, eta)):
[1.01266353 1.01724264 1.04808267 1.01132638 0.99996304 1.01278794]

Iteration:  2500
Rhat values for alpha, beta, log(sigma^2), mean(xi), log(var(xi)), atanh(corr(xi, eta)):
[1.0139971  1.01878554 1.04112635 1.01183105 0.99994972 1.01151193]

Iteration:  2600
Rhat values for alpha, beta, log(sigma^2), mean(xi), log(var(xi)), atanh(corr(xi, eta)):
[1.01636031 1.02002351 1.03320316 1.01065757 0.99995736 1.01206008]

Iteration:  2700
Rhat values for alpha, beta, log(sigma^2), mean(xi), log(var(xi)), atanh(corr(xi, eta)):
[1.01532428 1.01884668 1.02800646 1.01241634 0.99990244 1.01241889]

Iteration:  2800
Rhat values for alpha, beta, log(sigma^2), mean(xi), log(var(xi)), atanh(corr(xi, eta)):
[1.01528159 1.01833839 1.02400438 1.00817827 0.99990254 1.01119002]

Iteration:  2900
Rhat values for alpha, beta, log(sigma^2), mean(xi), log(var(xi)), atanh(corr(xi, eta)):
[1.01198323 1.01359617 1.01859024 1.00782246 0.99990149 1.00782066]

Iteration:  3000
Rhat values for alpha, beta, log(sigma^2), mean(xi), log(var(xi)), atanh(corr(xi, eta)):
[1.00796558 1.00881116 1.01845284 1.00730994 0.99990401 1.00745184]

Iteration:  3100
Rhat values for alpha, beta, log(sigma^2), mean(xi), log(var(xi)), atanh(corr(xi, eta)):
[1.00672339 1.00853241 1.02005305 1.00728103 0.99990714 1.00676846]

Iteration:  3200
Rhat values for alpha, beta, log(sigma^2), mean(xi), log(var(xi)), atanh(corr(xi, eta)):
[1.00719162 1.00893308 1.02084805 1.00821192 0.99992353 1.00659691]

Iteration:  3300
Rhat values for alpha, beta, log(sigma^2), mean(xi), log(var(xi)), atanh(corr(xi, eta)):
[1.00726345 1.00827921 1.02128481 1.0069113  0.99994331 1.00817832]

Iteration:  3400
Rhat values for alpha, beta, log(sigma^2), mean(xi), log(var(xi)), atanh(corr(xi, eta)):
[1.00651963 1.00599797 1.02062382 1.00666278 0.99995324 1.01208714]

Iteration:  3500
Rhat values for alpha, beta, log(sigma^2), mean(xi), log(var(xi)), atanh(corr(xi, eta)):
[1.00628884 1.00562539 1.02321765 1.00640436 1.00004181 1.01652626]

Iteration:  3600
Rhat values for alpha, beta, log(sigma^2), mean(xi), log(var(xi)), atanh(corr(xi, eta)):
[1.00724019 1.00660843 1.02638105 1.00502064 0.99984342 1.02013542]

Iteration:  3700
Rhat values for alpha, beta, log(sigma^2), mean(xi), log(var(xi)), atanh(corr(xi, eta)):
[1.00955218 1.0088002  1.02740707 1.00440262 0.99984143 1.02276601]

Iteration:  3800
Rhat values for alpha, beta, log(sigma^2), mean(xi), log(var(xi)), atanh(corr(xi, eta)):
[1.01092873 1.01048104 1.0275156  1.00413673 0.99991312 1.0242734 ]

Iteration:  3900
Rhat values for alpha, beta, log(sigma^2), mean(xi), log(var(xi)), atanh(corr(xi, eta)):
[1.01287794 1.01394527 1.0279066  1.00464186 0.99991351 1.02626792]

Iteration:  4000
Rhat values for alpha, beta, log(sigma^2), mean(xi), log(var(xi)), atanh(corr(xi, eta)):
[1.01747241 1.01948692 1.03033863 1.00620085 0.99991195 1.02993452]

Iteration:  4100
Rhat values for alpha, beta, log(sigma^2), mean(xi), log(var(xi)), atanh(corr(xi, eta)):
[1.018169   1.02103739 1.03304146 1.00586664 0.99990545 1.03114726]

Iteration:  4200
Rhat values for alpha, beta, log(sigma^2), mean(xi), log(var(xi)), atanh(corr(xi, eta)):
[1.0177421  1.02052136 1.03274834 1.00515332 0.99990433 1.0312746 ]

Iteration:  4300
Rhat values for alpha, beta, log(sigma^2), mean(xi), log(var(xi)), atanh(corr(xi, eta)):
[1.01763483 1.02124512 1.02859871 1.00438606 0.99989018 1.02811276]

Iteration:  4400
Rhat values for alpha, beta, log(sigma^2), mean(xi), log(var(xi)), atanh(corr(xi, eta)):
[1.01693382 1.02019955 1.02436639 1.00407488 0.99993885 1.02459088]

Iteration:  4500
Rhat values for alpha, beta, log(sigma^2), mean(xi), log(var(xi)), atanh(corr(xi, eta)):
[1.01849268 1.02135305 1.02455568 1.00403842 0.99994084 1.02579691]

Iteration:  4600
Rhat values for alpha, beta, log(sigma^2), mean(xi), log(var(xi)), atanh(corr(xi, eta)):
[1.01955871 1.0220173  1.02361209 1.00436212 0.99994471 1.02549616]

Iteration:  4700
Rhat values for alpha, beta, log(sigma^2), mean(xi), log(var(xi)), atanh(corr(xi, eta)):
[1.01849865 1.02154956 1.02456513 1.00431793 0.99994457 1.0265312 ]

Iteration:  4800
Rhat values for alpha, beta, log(sigma^2), mean(xi), log(var(xi)), atanh(corr(xi, eta)):
[1.01727653 1.02022227 1.02305311 1.00443888 0.99994462 1.02399605]

Iteration:  4900
Rhat values for alpha, beta, log(sigma^2), mean(xi), log(var(xi)), atanh(corr(xi, eta)):
[1.01612806 1.01908007 1.02339533 1.0043677  0.99994916 1.0217149 ]

Iteration:  5000
Rhat values for alpha, beta, log(sigma^2), mean(xi), log(var(xi)), atanh(corr(xi, eta)):
[1.01535715 1.01893211 1.02264498 1.0042915  0.99995014 1.02047135]
{"name": "R19_first_hr_tripp_error_no_covadd_0.2", "n": 100, "mean": -0.029413588026589353, "sd": 0.012875448362694613, "median": -0.029593780896733094, "q16_84": [-0.041503889955819585, -0.016856431765049175], "q025_975": [-0.0562654467652628, -0.0047233692737922925], "p_negative": 0.9955, "scatter_mean": 0.03166437944697141, "retained_draws": 10000, "seed": 20260929, "rhat_retained": {"alpha": 1.001997071238182, "beta": 1.0048513953675529, "sigsqr": 1.0368199217538538}}
START R19_first_hr_tripp_error_no_covadd_0.25 144

Iteration:  100
Rhat values for alpha, beta, log(sigma^2), mean(xi), log(var(xi)), atanh(corr(xi, eta)):
[1.26365502 1.31566487 1.36821833 0.99280963 1.00730704 2.23628194]

Iteration:  200
Rhat values for alpha, beta, log(sigma^2), mean(xi), log(var(xi)), atanh(corr(xi, eta)):
[1.3037338  1.38241754 1.27627618 1.01326477 1.03738013 2.23145156]

Iteration:  300
Rhat values for alpha, beta, log(sigma^2), mean(xi), log(var(xi)), atanh(corr(xi, eta)):
[1.26820129 1.34620581 1.16465112 1.00484137 1.06728782 2.00516182]

Iteration:  400
Rhat values for alpha, beta, log(sigma^2), mean(xi), log(var(xi)), atanh(corr(xi, eta)):
[1.18543652 1.25241239 1.08254229 0.99798017 1.02022264 1.50526919]

Iteration:  500
Rhat values for alpha, beta, log(sigma^2), mean(xi), log(var(xi)), atanh(corr(xi, eta)):
[1.15561287 1.21914836 1.04354186 1.00565082 1.01743782 1.37626594]

Iteration:  600
Rhat values for alpha, beta, log(sigma^2), mean(xi), log(var(xi)), atanh(corr(xi, eta)):
[1.14137684 1.19405117 1.03750935 1.00379418 1.03016314 1.3325236 ]

Iteration:  700
Rhat values for alpha, beta, log(sigma^2), mean(xi), log(var(xi)), atanh(corr(xi, eta)):
[1.12199329 1.16802611 1.0687829  1.00384511 1.00758098 1.31326557]

Iteration:  800
Rhat values for alpha, beta, log(sigma^2), mean(xi), log(var(xi)), atanh(corr(xi, eta)):
[1.10838016 1.1488865  1.07448678 1.00530315 1.00607802 1.26531567]

Iteration:  900
Rhat values for alpha, beta, log(sigma^2), mean(xi), log(var(xi)), atanh(corr(xi, eta)):
[1.11693394 1.16211591 1.0685175  1.00452817 1.00315059 1.28975677]

Iteration:  1000
Rhat values for alpha, beta, log(sigma^2), mean(xi), log(var(xi)), atanh(corr(xi, eta)):
[1.10916957 1.15037614 1.09276518 1.00410263 0.99921381 1.28324109]

Iteration:  1100
Rhat values for alpha, beta, log(sigma^2), mean(xi), log(var(xi)), atanh(corr(xi, eta)):
[1.1032883  1.1412805  1.10035958 1.0054767  0.99931393 1.28026008]

Iteration:  1200
Rhat values for alpha, beta, log(sigma^2), mean(xi), log(var(xi)), atanh(corr(xi, eta)):
[1.08971604 1.12208925 1.08021132 1.00954505 1.00014569 1.23898377]

Iteration:  1300
Rhat values for alpha, beta, log(sigma^2), mean(xi), log(var(xi)), atanh(corr(xi, eta)):
[1.07107448 1.0974224  1.07397348 1.01354129 1.00019876 1.21012612]

Iteration:  1400
Rhat values for alpha, beta, log(sigma^2), mean(xi), log(var(xi)), atanh(corr(xi, eta)):
[1.06356836 1.08653614 1.07530216 1.00995067 1.00019452 1.20088817]

Iteration:  1500
Rhat values for alpha, beta, log(sigma^2), mean(xi), log(var(xi)), atanh(corr(xi, eta)):
[1.06648155 1.08753718 1.07380271 1.00856244 1.00011699 1.18987154]

Iteration:  1600
Rhat values for alpha, beta, log(sigma^2), mean(xi), log(var(xi)), atanh(corr(xi, eta)):
[1.06539952 1.08355052 1.05687621 1.00860064 1.00039306 1.16642492]

Iteration:  1700
Rhat values for alpha, beta, log(sigma^2), mean(xi), log(var(xi)), atanh(corr(xi, eta)):
[1.05374164 1.06760001 1.0374577  1.00949903 1.00048002 1.1257801 ]

Iteration:  1800
Rhat values for alpha, beta, log(sigma^2), mean(xi), log(var(xi)), atanh(corr(xi, eta)):
[1.04048384 1.05036153 1.02856819 1.00947388 0.99987184 1.09409108]

Iteration:  1900
Rhat values for alpha, beta, log(sigma^2), mean(xi), log(var(xi)), atanh(corr(xi, eta)):
[1.02976462 1.0368128  1.02442825 1.00582028 0.99989142 1.0645786 ]

Iteration:  2000
Rhat values for alpha, beta, log(sigma^2), mean(xi), log(var(xi)), atanh(corr(xi, eta)):
[1.02290018 1.02817084 1.02125121 1.00571638 0.99987789 1.04934046]

Iteration:  2100
Rhat values for alpha, beta, log(sigma^2), mean(xi), log(var(xi)), atanh(corr(xi, eta)):
[1.02024116 1.02403013 1.01545528 1.00503405 0.99989023 1.0435651 ]

Iteration:  2200
Rhat values for alpha, beta, log(sigma^2), mean(xi), log(var(xi)), atanh(corr(xi, eta)):
[1.01935612 1.02145319 1.01288562 1.00354975 0.99990664 1.0432861 ]

Iteration:  2300
Rhat values for alpha, beta, log(sigma^2), mean(xi), log(var(xi)), atanh(corr(xi, eta)):
[1.0218157  1.02279801 1.00905395 1.00284706 0.9997339  1.03765126]

Iteration:  2400
Rhat values for alpha, beta, log(sigma^2), mean(xi), log(var(xi)), atanh(corr(xi, eta)):
[1.02279152 1.02409113 1.00796531 1.00312737 0.99974822 1.03458599]

Iteration:  2500
Rhat values for alpha, beta, log(sigma^2), mean(xi), log(var(xi)), atanh(corr(xi, eta)):
[1.02023879 1.02037335 1.00890023 1.00321135 0.99969689 1.03162183]

Iteration:  2600
Rhat values for alpha, beta, log(sigma^2), mean(xi), log(var(xi)), atanh(corr(xi, eta)):
[1.01898834 1.01939486 1.00841119 1.0034501  0.99971839 1.03031178]

Iteration:  2700
Rhat values for alpha, beta, log(sigma^2), mean(xi), log(var(xi)), atanh(corr(xi, eta)):
[1.01833398 1.01950788 1.00795128 1.00298347 0.99973768 1.02752998]

Iteration:  2800
Rhat values for alpha, beta, log(sigma^2), mean(xi), log(var(xi)), atanh(corr(xi, eta)):
[1.01719516 1.02003004 1.01072386 1.00471695 0.99975689 1.02812219]

Iteration:  2900
Rhat values for alpha, beta, log(sigma^2), mean(xi), log(var(xi)), atanh(corr(xi, eta)):
[1.01662798 1.02100952 1.01352085 1.00540044 0.99978253 1.03358384]

Iteration:  3000
Rhat values for alpha, beta, log(sigma^2), mean(xi), log(var(xi)), atanh(corr(xi, eta)):
[1.01746361 1.0217418  1.01718844 1.0056498  0.99979461 1.03943328]

Iteration:  3100
Rhat values for alpha, beta, log(sigma^2), mean(xi), log(var(xi)), atanh(corr(xi, eta)):
[1.01897067 1.02336031 1.0175762  1.00556398 0.99980568 1.04305802]

Iteration:  3200
Rhat values for alpha, beta, log(sigma^2), mean(xi), log(var(xi)), atanh(corr(xi, eta)):
[1.01768615 1.02262914 1.01824098 1.00674799 0.99984624 1.04234894]

Iteration:  3300
Rhat values for alpha, beta, log(sigma^2), mean(xi), log(var(xi)), atanh(corr(xi, eta)):
[1.01594258 1.0203602  1.01531449 1.0067481  0.99984824 1.03764425]

Iteration:  3400
Rhat values for alpha, beta, log(sigma^2), mean(xi), log(var(xi)), atanh(corr(xi, eta)):
[1.01407697 1.01866064 1.01195475 1.00665831 0.99990538 1.03323129]

Iteration:  3500
Rhat values for alpha, beta, log(sigma^2), mean(xi), log(var(xi)), atanh(corr(xi, eta)):
[1.01546133 1.02117976 1.01091101 1.00659156 0.99990676 1.0340813 ]

Iteration:  3600
Rhat values for alpha, beta, log(sigma^2), mean(xi), log(var(xi)), atanh(corr(xi, eta)):
[1.01849757 1.02624606 1.00710857 1.00598513 0.9999006  1.03732413]

Iteration:  3700
Rhat values for alpha, beta, log(sigma^2), mean(xi), log(var(xi)), atanh(corr(xi, eta)):
[1.02075276 1.03022611 1.00517329 1.00600033 0.99990576 1.04064134]

Iteration:  3800
Rhat values for alpha, beta, log(sigma^2), mean(xi), log(var(xi)), atanh(corr(xi, eta)):
[1.02281531 1.03256454 1.00412623 1.00557368 0.99991656 1.04183962]

Iteration:  3900
Rhat values for alpha, beta, log(sigma^2), mean(xi), log(var(xi)), atanh(corr(xi, eta)):
[1.02379586 1.03426532 1.00384343 1.00595954 0.99992238 1.04218951]

Iteration:  4000
Rhat values for alpha, beta, log(sigma^2), mean(xi), log(var(xi)), atanh(corr(xi, eta)):
[1.02714167 1.03933835 1.00346692 1.00535454 0.9999255  1.04511863]

Iteration:  4100
Rhat values for alpha, beta, log(sigma^2), mean(xi), log(var(xi)), atanh(corr(xi, eta)):
[1.0288726  1.04160279 1.00161526 1.00543317 0.99989493 1.04567151]

Iteration:  4200
Rhat values for alpha, beta, log(sigma^2), mean(xi), log(var(xi)), atanh(corr(xi, eta)):
[1.02861688 1.04116905 1.00098583 1.00517177 0.99989961 1.04420514]

Iteration:  4300
Rhat values for alpha, beta, log(sigma^2), mean(xi), log(var(xi)), atanh(corr(xi, eta)):
[1.02913533 1.04184127 1.00044967 1.00488251 0.99990484 1.04174114]

Iteration:  4400
Rhat values for alpha, beta, log(sigma^2), mean(xi), log(var(xi)), atanh(corr(xi, eta)):
[1.02858037 1.04154023 1.00016446 1.00536786 0.9999089  1.03944119]

Iteration:  4500
Rhat values for alpha, beta, log(sigma^2), mean(xi), log(var(xi)), atanh(corr(xi, eta)):
[1.02439269 1.03585847 1.00042665 1.00556485 0.99989863 1.03363936]

Iteration:  4600
Rhat values for alpha, beta, log(sigma^2), mean(xi), log(var(xi)), atanh(corr(xi, eta)):
[1.02251648 1.0329675  1.00076676 1.00516771 0.99990496 1.03035507]

Iteration:  4700
Rhat values for alpha, beta, log(sigma^2), mean(xi), log(var(xi)), atanh(corr(xi, eta)):
[1.020585   1.0303105  1.00105717 1.00490653 0.99990518 1.02823924]

Iteration:  4800
Rhat values for alpha, beta, log(sigma^2), mean(xi), log(var(xi)), atanh(corr(xi, eta)):
[1.01856541 1.02847747 1.00094242 1.00396181 0.99989342 1.02908795]

Iteration:  4900
Rhat values for alpha, beta, log(sigma^2), mean(xi), log(var(xi)), atanh(corr(xi, eta)):
[1.01627789 1.02539343 1.00091321 1.00339284 0.99989495 1.02783933]

Iteration:  5000
Rhat values for alpha, beta, log(sigma^2), mean(xi), log(var(xi)), atanh(corr(xi, eta)):
[1.01469158 1.02300703 1.0005587  1.00313693 0.99989783 1.025966  ]
{"name": "R19_first_hr_tripp_error_no_covadd_0.25", "n": 144, "mean": -0.023713624910346676, "sd": 0.013312827793848563, "median": -0.02288718988549281, "q16_84": [-0.03666737023751209, -0.01049496291085116], "q025_975": [-0.05301119427912003, -0.00010220406156277135], "p_negative": 0.9758, "scatter_mean": 0.030469452329965282, "retained_draws": 10000, "seed": 20260930, "rhat_retained": {"alpha": 1.0142568930938338, "beta": 1.0083984128041292, "sigsqr": 1.0221924076553217}}
START R19_first_hr_tripp_error_no_covadd_0.3 176

Iteration:  100
Rhat values for alpha, beta, log(sigma^2), mean(xi), log(var(xi)), atanh(corr(xi, eta)):
[1.11580631 1.12387305 1.10492124 0.9964589  1.01183997 1.2611257 ]

Iteration:  200
Rhat values for alpha, beta, log(sigma^2), mean(xi), log(var(xi)), atanh(corr(xi, eta)):
[1.03925519 1.05246693 1.13115269 0.99712045 1.00037917 1.12051546]

Iteration:  300
Rhat values for alpha, beta, log(sigma^2), mean(xi), log(var(xi)), atanh(corr(xi, eta)):
[1.03000975 1.04344455 1.06785001 1.01097998 1.00629759 1.09012325]

Iteration:  400
Rhat values for alpha, beta, log(sigma^2), mean(xi), log(var(xi)), atanh(corr(xi, eta)):
[1.02340743 1.038083   1.08119457 1.01284786 1.00975703 1.04412483]

Iteration:  500
Rhat values for alpha, beta, log(sigma^2), mean(xi), log(var(xi)), atanh(corr(xi, eta)):
[1.03532988 1.05235515 1.06948802 1.01021645 1.00383148 1.05417783]

Iteration:  600
Rhat values for alpha, beta, log(sigma^2), mean(xi), log(var(xi)), atanh(corr(xi, eta)):
[1.025114   1.03490099 1.05484919 1.0135822  1.00167881 1.03057586]

Iteration:  700
Rhat values for alpha, beta, log(sigma^2), mean(xi), log(var(xi)), atanh(corr(xi, eta)):
[1.01395335 1.01661738 1.04167661 1.02249277 1.0011685  1.00706498]

Iteration:  800
Rhat values for alpha, beta, log(sigma^2), mean(xi), log(var(xi)), atanh(corr(xi, eta)):
[1.01557894 1.01840783 1.03474004 1.01609633 1.00410625 1.00523421]

Iteration:  900
Rhat values for alpha, beta, log(sigma^2), mean(xi), log(var(xi)), atanh(corr(xi, eta)):
[1.02216718 1.02428034 1.04122779 1.01132699 1.00798831 1.00886141]

Iteration:  1000
Rhat values for alpha, beta, log(sigma^2), mean(xi), log(var(xi)), atanh(corr(xi, eta)):
[1.02710331 1.02993745 1.04516267 1.01073383 1.01035696 1.01899003]

Iteration:  1100
Rhat values for alpha, beta, log(sigma^2), mean(xi), log(var(xi)), atanh(corr(xi, eta)):
[1.03072312 1.03486845 1.05776772 1.01225492 1.00946444 1.03372123]

Iteration:  1200
Rhat values for alpha, beta, log(sigma^2), mean(xi), log(var(xi)), atanh(corr(xi, eta)):
[1.02745    1.0359099  1.08781997 1.00849886 1.00581809 1.05292851]

Iteration:  1300
Rhat values for alpha, beta, log(sigma^2), mean(xi), log(var(xi)), atanh(corr(xi, eta)):
[1.02183535 1.0322296  1.10371908 1.006531   1.0039861  1.06279854]

Iteration:  1400
Rhat values for alpha, beta, log(sigma^2), mean(xi), log(var(xi)), atanh(corr(xi, eta)):
[1.01738162 1.02673293 1.104938   1.00653076 1.00460742 1.06737137]

Iteration:  1500
Rhat values for alpha, beta, log(sigma^2), mean(xi), log(var(xi)), atanh(corr(xi, eta)):
[1.01144203 1.01891898 1.1072942  1.00326344 1.00260401 1.06207084]

Iteration:  1600
Rhat values for alpha, beta, log(sigma^2), mean(xi), log(var(xi)), atanh(corr(xi, eta)):
[1.00966276 1.01702933 1.11049373 1.00222768 1.00191521 1.06373078]

Iteration:  1700
Rhat values for alpha, beta, log(sigma^2), mean(xi), log(var(xi)), atanh(corr(xi, eta)):
[1.01024259 1.01764618 1.11021288 1.00189751 1.00182769 1.06719393]

Iteration:  1800
Rhat values for alpha, beta, log(sigma^2), mean(xi), log(var(xi)), atanh(corr(xi, eta)):
[1.00982183 1.01691015 1.11389845 1.00325523 1.00000035 1.06976192]

Iteration:  1900
Rhat values for alpha, beta, log(sigma^2), mean(xi), log(var(xi)), atanh(corr(xi, eta)):
[1.01040802 1.01685209 1.11340621 1.00275037 1.00000035 1.06948833]

Iteration:  2000
Rhat values for alpha, beta, log(sigma^2), mean(xi), log(var(xi)), atanh(corr(xi, eta)):
[1.00881277 1.01441218 1.11286904 1.00194087 1.00000046 1.06465883]

Iteration:  2100
Rhat values for alpha, beta, log(sigma^2), mean(xi), log(var(xi)), atanh(corr(xi, eta)):
[1.00983765 1.01579507 1.09906362 1.00160257 1.0000004  1.06115797]

Iteration:  2200
Rhat values for alpha, beta, log(sigma^2), mean(xi), log(var(xi)), atanh(corr(xi, eta)):
[1.00878193 1.01399762 1.07184956 1.00157046 1.00000044 1.05117294]

Iteration:  2300
Rhat values for alpha, beta, log(sigma^2), mean(xi), log(var(xi)), atanh(corr(xi, eta)):
[1.00686439 1.01141288 1.06011501 1.00097892 1.00000045 1.04111285]

Iteration:  2400
Rhat values for alpha, beta, log(sigma^2), mean(xi), log(var(xi)), atanh(corr(xi, eta)):
[1.00562734 1.01009609 1.06604119 1.00031907 1.0000005  1.03817637]

Iteration:  2500
Rhat values for alpha, beta, log(sigma^2), mean(xi), log(var(xi)), atanh(corr(xi, eta)):
[1.00597433 1.0109857  1.06927516 1.00075781 1.00000043 1.03837257]

Iteration:  2600
Rhat values for alpha, beta, log(sigma^2), mean(xi), log(var(xi)), atanh(corr(xi, eta)):
[1.00422679 1.00888653 1.05675546 1.00085481 1.00000044 1.03060353]

Iteration:  2700
Rhat values for alpha, beta, log(sigma^2), mean(xi), log(var(xi)), atanh(corr(xi, eta)):
[1.00368579 1.00785231 1.04822622 1.00128787 1.00000053 1.02625581]

Iteration:  2800
Rhat values for alpha, beta, log(sigma^2), mean(xi), log(var(xi)), atanh(corr(xi, eta)):
[1.00287112 1.00644596 1.04095883 1.00136061 1.00000053 1.020602  ]

Iteration:  2900
Rhat values for alpha, beta, log(sigma^2), mean(xi), log(var(xi)), atanh(corr(xi, eta)):
[1.00375025 1.00650334 1.03249066 1.00132991 1.00000052 1.01386808]

Iteration:  3000
Rhat values for alpha, beta, log(sigma^2), mean(xi), log(var(xi)), atanh(corr(xi, eta)):
[1.00528981 1.00766112 1.02053479 1.00192009 1.00000047 1.00922752]

Iteration:  3100
Rhat values for alpha, beta, log(sigma^2), mean(xi), log(var(xi)), atanh(corr(xi, eta)):
[1.00638382 1.00816205 1.00831249 1.00213874 1.00000054 1.0053948 ]

Iteration:  3200
Rhat values for alpha, beta, log(sigma^2), mean(xi), log(var(xi)), atanh(corr(xi, eta)):
[1.00690577 1.00843735 1.00345434 1.00156642 1.00000056 1.0044288 ]

Iteration:  3300
Rhat values for alpha, beta, log(sigma^2), mean(xi), log(var(xi)), atanh(corr(xi, eta)):
[1.00930083 1.0109062  1.0053665  1.0015753  1.00000061 1.00791228]

Iteration:  3400
Rhat values for alpha, beta, log(sigma^2), mean(xi), log(var(xi)), atanh(corr(xi, eta)):
[1.01159787 1.01340953 1.00935061 1.0014781  1.00000059 1.01377941]

Iteration:  3500
Rhat values for alpha, beta, log(sigma^2), mean(xi), log(var(xi)), atanh(corr(xi, eta)):
[1.0133916  1.01578629 1.01632451 1.00148742 1.00000054 1.02184549]

Iteration:  3600
Rhat values for alpha, beta, log(sigma^2), mean(xi), log(var(xi)), atanh(corr(xi, eta)):
[1.01374885 1.01613994 1.02306207 1.00114531 1.0000005  1.02652725]

Iteration:  3700
Rhat values for alpha, beta, log(sigma^2), mean(xi), log(var(xi)), atanh(corr(xi, eta)):
[1.01258971 1.01466204 1.02610756 1.00038298 1.0000004  1.02925468]

Iteration:  3800
Rhat values for alpha, beta, log(sigma^2), mean(xi), log(var(xi)), atanh(corr(xi, eta)):
[1.00999504 1.01177716 1.02655028 1.00027708 1.00000042 1.03041734]

Iteration:  3900
Rhat values for alpha, beta, log(sigma^2), mean(xi), log(var(xi)), atanh(corr(xi, eta)):
[1.0101061  1.01129976 1.02350918 1.00002843 1.00000044 1.03130431]

Iteration:  4000
Rhat values for alpha, beta, log(sigma^2), mean(xi), log(var(xi)), atanh(corr(xi, eta)):
[1.0103158  1.01098856 1.02067843 1.00014587 1.00000042 1.03011346]

Iteration:  4100
Rhat values for alpha, beta, log(sigma^2), mean(xi), log(var(xi)), atanh(corr(xi, eta)):
[1.01218434 1.01223395 1.01628958 1.00011164 1.00000042 1.02859797]

Iteration:  4200
Rhat values for alpha, beta, log(sigma^2), mean(xi), log(var(xi)), atanh(corr(xi, eta)):
[1.0126514  1.01253187 1.0142224  1.00005534 1.00000044 1.02749122]

Iteration:  4300
Rhat values for alpha, beta, log(sigma^2), mean(xi), log(var(xi)), atanh(corr(xi, eta)):
[1.01273303 1.01258721 1.01467677 0.99991794 1.00000039 1.02748931]

Iteration:  4400
Rhat values for alpha, beta, log(sigma^2), mean(xi), log(var(xi)), atanh(corr(xi, eta)):
[1.0128781  1.01318886 1.01601649 1.00008497 1.00000041 1.0273323 ]

Iteration:  4500
Rhat values for alpha, beta, log(sigma^2), mean(xi), log(var(xi)), atanh(corr(xi, eta)):
[1.01364091 1.01444589 1.01772578 1.00008486 1.00000041 1.02670311]

Iteration:  4600
Rhat values for alpha, beta, log(sigma^2), mean(xi), log(var(xi)), atanh(corr(xi, eta)):
[1.0134141  1.01451462 1.02097884 1.00013613 1.00000041 1.02828198]

Iteration:  4700
Rhat values for alpha, beta, log(sigma^2), mean(xi), log(var(xi)), atanh(corr(xi, eta)):
[1.01000853 1.01059415 1.02404524 1.00028287 1.00000039 1.03012376]

Iteration:  4800
Rhat values for alpha, beta, log(sigma^2), mean(xi), log(var(xi)), atanh(corr(xi, eta)):
[1.00981034 1.00972095 1.02663013 1.00034875 1.00000042 1.03397419]

Iteration:  4900
Rhat values for alpha, beta, log(sigma^2), mean(xi), log(var(xi)), atanh(corr(xi, eta)):
[1.01027078 1.00969374 1.02507222 1.0003119  1.00000042 1.03510385]

Iteration:  5000
Rhat values for alpha, beta, log(sigma^2), mean(xi), log(var(xi)), atanh(corr(xi, eta)):
[1.00879503 1.0081393  1.02234928 1.00019231 1.0000004  1.03269303]
{"name": "R19_first_hr_tripp_error_no_covadd_0.3", "n": 176, "mean": -0.023066716405602265, "sd": 0.012615041964990364, "median": -0.022915036274487897, "q16_84": [-0.035073492864864074, -0.010850828581338921], "q025_975": [-0.049436132961026384, 0.0010347347190551202], "p_negative": 0.9685, "scatter_mean": 0.030086183661999017, "retained_draws": 10000, "seed": 20260931, "rhat_retained": {"alpha": 1.0249466121362016, "beta": 1.0226473590367395, "sigsqr": 1.0093710229012356}}
START R19_first_hr_tripp_error_no_covadd_0.35 192

Iteration:  100
Rhat values for alpha, beta, log(sigma^2), mean(xi), log(var(xi)), atanh(corr(xi, eta)):
[1.00774877 1.0141302  1.17376974 1.00618116 1.01809934 1.05868777]

Iteration:  200
Rhat values for alpha, beta, log(sigma^2), mean(xi), log(var(xi)), atanh(corr(xi, eta)):
[1.00239732 1.00689232 1.20542437 1.02181327 0.99950893 1.02604793]

Iteration:  300
Rhat values for alpha, beta, log(sigma^2), mean(xi), log(var(xi)), atanh(corr(xi, eta)):
[1.00922224 1.01153614 1.15700073 1.01640051 0.99998844 1.02505246]

Iteration:  400
Rhat values for alpha, beta, log(sigma^2), mean(xi), log(var(xi)), atanh(corr(xi, eta)):
[1.02497976 1.02611668 1.16922694 1.00281608 1.00451611 1.05187762]

Iteration:  500
Rhat values for alpha, beta, log(sigma^2), mean(xi), log(var(xi)), atanh(corr(xi, eta)):
[1.0431808  1.04414136 1.21185672 1.01271953 1.0109684  1.07484555]

Iteration:  600
Rhat values for alpha, beta, log(sigma^2), mean(xi), log(var(xi)), atanh(corr(xi, eta)):
[1.0649124  1.06526483 1.2621878  1.01001125 0.99937643 1.12261181]

Iteration:  700
Rhat values for alpha, beta, log(sigma^2), mean(xi), log(var(xi)), atanh(corr(xi, eta)):
[1.0866183  1.08898438 1.24276178 1.02015307 0.99943139 1.16915324]

Iteration:  800
Rhat values for alpha, beta, log(sigma^2), mean(xi), log(var(xi)), atanh(corr(xi, eta)):
[1.08902469 1.0943174  1.22009722 1.01621817 0.99942437 1.15370227]

Iteration:  900
Rhat values for alpha, beta, log(sigma^2), mean(xi), log(var(xi)), atanh(corr(xi, eta)):
[1.07653863 1.08268104 1.21933282 1.01797141 0.99959778 1.07804513]

Iteration:  1000
Rhat values for alpha, beta, log(sigma^2), mean(xi), log(var(xi)), atanh(corr(xi, eta)):
[1.06626361 1.07370702 1.20911053 1.01587128 0.9995287  1.03843263]

Iteration:  1100
Rhat values for alpha, beta, log(sigma^2), mean(xi), log(var(xi)), atanh(corr(xi, eta)):
[1.05972189 1.0722303  1.20161687 1.02545827 0.99964334 1.02808929]

Iteration:  1200
Rhat values for alpha, beta, log(sigma^2), mean(xi), log(var(xi)), atanh(corr(xi, eta)):
[1.05516382 1.06759029 1.19443963 1.02512093 0.99964031 1.02898686]

Iteration:  1300
Rhat values for alpha, beta, log(sigma^2), mean(xi), log(var(xi)), atanh(corr(xi, eta)):
[1.05408592 1.06689909 1.19256839 1.01756583 0.99948936 1.03267898]

Iteration:  1400
Rhat values for alpha, beta, log(sigma^2), mean(xi), log(var(xi)), atanh(corr(xi, eta)):
[1.05592872 1.06968506 1.18195532 1.01406838 0.99950258 1.03793311]

Iteration:  1500
Rhat values for alpha, beta, log(sigma^2), mean(xi), log(var(xi)), atanh(corr(xi, eta)):
[1.0648622  1.07983458 1.18316849 1.01576623 0.99956745 1.048646  ]

Iteration:  1600
Rhat values for alpha, beta, log(sigma^2), mean(xi), log(var(xi)), atanh(corr(xi, eta)):
[1.0709232  1.08296138 1.17809236 1.01132709 0.99961779 1.06379217]

Iteration:  1700
Rhat values for alpha, beta, log(sigma^2), mean(xi), log(var(xi)), atanh(corr(xi, eta)):
[1.07372108 1.08463654 1.15346805 1.01309134 0.99992059 1.07923202]

Iteration:  1800
Rhat values for alpha, beta, log(sigma^2), mean(xi), log(var(xi)), atanh(corr(xi, eta)):
[1.07601231 1.08905828 1.12697854 1.014441   1.00009791 1.08669566]

Iteration:  1900
Rhat values for alpha, beta, log(sigma^2), mean(xi), log(var(xi)), atanh(corr(xi, eta)):
[1.07884698 1.09580615 1.08587385 1.014305   0.99982462 1.08876751]

Iteration:  2000
Rhat values for alpha, beta, log(sigma^2), mean(xi), log(var(xi)), atanh(corr(xi, eta)):
[1.07741486 1.09534957 1.07420998 1.01298899 0.99984091 1.08538973]

Iteration:  2100
Rhat values for alpha, beta, log(sigma^2), mean(xi), log(var(xi)), atanh(corr(xi, eta)):
[1.06070123 1.07550129 1.07114873 1.00895732 0.99984598 1.06210628]

Iteration:  2200
Rhat values for alpha, beta, log(sigma^2), mean(xi), log(var(xi)), atanh(corr(xi, eta)):
[1.04376348 1.05550009 1.07442703 1.0077264  0.9998493  1.04502496]

Iteration:  2300
Rhat values for alpha, beta, log(sigma^2), mean(xi), log(var(xi)), atanh(corr(xi, eta)):
[1.03838824 1.04989324 1.06234669 1.00797966 0.99984049 1.03478201]

Iteration:  2400
Rhat values for alpha, beta, log(sigma^2), mean(xi), log(var(xi)), atanh(corr(xi, eta)):
[1.0343963  1.04603375 1.05300811 1.00827056 0.99985238 1.0279261 ]

Iteration:  2500
Rhat values for alpha, beta, log(sigma^2), mean(xi), log(var(xi)), atanh(corr(xi, eta)):
[1.03853686 1.05036213 1.04671231 1.01010972 0.99986625 1.02865427]

Iteration:  2600
Rhat values for alpha, beta, log(sigma^2), mean(xi), log(var(xi)), atanh(corr(xi, eta)):
[1.03757602 1.04898208 1.04033766 1.00980197 0.99988439 1.02759101]

Iteration:  2700
Rhat values for alpha, beta, log(sigma^2), mean(xi), log(var(xi)), atanh(corr(xi, eta)):
[1.04316544 1.05495256 1.03740575 1.01075644 0.99989855 1.03151582]

Iteration:  2800
Rhat values for alpha, beta, log(sigma^2), mean(xi), log(var(xi)), atanh(corr(xi, eta)):
[1.05148756 1.06331529 1.03312801 1.01027953 0.99988995 1.03807059]

Iteration:  2900
Rhat values for alpha, beta, log(sigma^2), mean(xi), log(var(xi)), atanh(corr(xi, eta)):
[1.04764849 1.05762788 1.03396161 1.00958128 0.99988833 1.03504994]

Iteration:  3000
Rhat values for alpha, beta, log(sigma^2), mean(xi), log(var(xi)), atanh(corr(xi, eta)):
[1.04465353 1.054542   1.0382665  1.00918701 0.99989359 1.03335724]

Iteration:  3100
Rhat values for alpha, beta, log(sigma^2), mean(xi), log(var(xi)), atanh(corr(xi, eta)):
[1.04743162 1.0576188  1.03815906 1.00746434 0.99990851 1.03782402]

Iteration:  3200
Rhat values for alpha, beta, log(sigma^2), mean(xi), log(var(xi)), atanh(corr(xi, eta)):
[1.04430824 1.05376775 1.03078486 1.00820151 0.99992587 1.04154544]

Iteration:  3300
Rhat values for alpha, beta, log(sigma^2), mean(xi), log(var(xi)), atanh(corr(xi, eta)):
[1.03836514 1.04697423 1.02224108 1.00829586 0.99994475 1.04064556]

Iteration:  3400
Rhat values for alpha, beta, log(sigma^2), mean(xi), log(var(xi)), atanh(corr(xi, eta)):
[1.03312881 1.04031238 1.01780356 1.00729258 0.99994955 1.04107152]

Iteration:  3500
Rhat values for alpha, beta, log(sigma^2), mean(xi), log(var(xi)), atanh(corr(xi, eta)):
[1.03194097 1.03924505 1.0132797  1.00722833 0.99996481 1.04627821]

Iteration:  3600
Rhat values for alpha, beta, log(sigma^2), mean(xi), log(var(xi)), atanh(corr(xi, eta)):
[1.03080911 1.03674599 1.01113081 1.00662624 0.99995269 1.04806472]

Iteration:  3700
Rhat values for alpha, beta, log(sigma^2), mean(xi), log(var(xi)), atanh(corr(xi, eta)):
[1.02898532 1.03339141 1.00889072 1.00560643 0.99995052 1.04508421]

Iteration:  3800
Rhat values for alpha, beta, log(sigma^2), mean(xi), log(var(xi)), atanh(corr(xi, eta)):
[1.02906707 1.03245467 1.00621274 1.00421259 0.99994391 1.04391975]

Iteration:  3900
Rhat values for alpha, beta, log(sigma^2), mean(xi), log(var(xi)), atanh(corr(xi, eta)):
[1.02585738 1.02945344 1.00584949 1.00277474 0.9999482  1.0452383 ]

Iteration:  4000
Rhat values for alpha, beta, log(sigma^2), mean(xi), log(var(xi)), atanh(corr(xi, eta)):
[1.02554419 1.02997877 1.00567954 1.00242846 0.99994045 1.04561134]

Iteration:  4100
Rhat values for alpha, beta, log(sigma^2), mean(xi), log(var(xi)), atanh(corr(xi, eta)):
[1.02940322 1.03385359 1.00541898 1.00262887 0.9999371  1.04902769]

Iteration:  4200
Rhat values for alpha, beta, log(sigma^2), mean(xi), log(var(xi)), atanh(corr(xi, eta)):
[1.0319237  1.03617741 1.00645839 1.00215426 0.99998643 1.0517871 ]

Iteration:  4300
Rhat values for alpha, beta, log(sigma^2), mean(xi), log(var(xi)), atanh(corr(xi, eta)):
[1.03309611 1.03756407 1.00763797 1.00142576 1.00000672 1.05446146]

Iteration:  4400
Rhat values for alpha, beta, log(sigma^2), mean(xi), log(var(xi)), atanh(corr(xi, eta)):
[1.03313506 1.03782996 1.00781389 1.00158132 1.00012534 1.05459742]

Iteration:  4500
Rhat values for alpha, beta, log(sigma^2), mean(xi), log(var(xi)), atanh(corr(xi, eta)):
[1.03423278 1.03891756 1.00966097 1.0018019  1.00011268 1.05576119]

Iteration:  4600
Rhat values for alpha, beta, log(sigma^2), mean(xi), log(var(xi)), atanh(corr(xi, eta)):
[1.03097825 1.03587624 1.01134574 1.00131047 1.00011528 1.05519394]

Iteration:  4700
Rhat values for alpha, beta, log(sigma^2), mean(xi), log(var(xi)), atanh(corr(xi, eta)):
[1.03047062 1.03548738 1.01316222 1.00107357 1.00017325 1.05554911]

Iteration:  4800
Rhat values for alpha, beta, log(sigma^2), mean(xi), log(var(xi)), atanh(corr(xi, eta)):
[1.02724393 1.0324295  1.01589836 1.00145426 1.0001681  1.05436105]

Iteration:  4900
Rhat values for alpha, beta, log(sigma^2), mean(xi), log(var(xi)), atanh(corr(xi, eta)):
[1.02400343 1.03040313 1.01799784 1.00195331 1.00016005 1.05397976]

Iteration:  5000
Rhat values for alpha, beta, log(sigma^2), mean(xi), log(var(xi)), atanh(corr(xi, eta)):
[1.01983491 1.02708043 1.018636   1.0018354  1.0002001  1.04879435]
{"name": "R19_first_hr_tripp_error_no_covadd_0.35", "n": 192, "mean": -0.019458126189956126, "sd": 0.01401447812446127, "median": -0.0201923552228096, "q16_84": [-0.031478844367848285, -0.007099989064369907], "q025_975": [-0.045854682817874505, 0.014142940359661857], "p_negative": 0.934, "scatter_mean": 0.030622949960567428, "retained_draws": 10000, "seed": 20260932, "rhat_retained": {"alpha": 1.0960028609420407, "beta": 1.094470238057006, "sigsqr": 1.0306190383220293}}
START all_rows_hr_corrected_error_diag_0.42 226

Iteration:  100
Rhat values for alpha, beta, log(sigma^2), mean(xi), log(var(xi)), atanh(corr(xi, eta)):
[1.21316178 1.18778793 1.17904993 1.03973617 1.02899611 1.2314123 ]

Iteration:  200
Rhat values for alpha, beta, log(sigma^2), mean(xi), log(var(xi)), atanh(corr(xi, eta)):
[1.15900351 1.23515146 1.33923093 1.02155764 1.01925941 1.38472055]

Iteration:  300
Rhat values for alpha, beta, log(sigma^2), mean(xi), log(var(xi)), atanh(corr(xi, eta)):
[1.11292439 1.21960522 1.11371776 1.01307364 1.03086603 1.35461461]

Iteration:  400
Rhat values for alpha, beta, log(sigma^2), mean(xi), log(var(xi)), atanh(corr(xi, eta)):
[1.1448935  1.25153487 1.04671351 1.00791393 1.01838872 1.33541583]

Iteration:  500
Rhat values for alpha, beta, log(sigma^2), mean(xi), log(var(xi)), atanh(corr(xi, eta)):
[1.16581936 1.24271747 1.06794414 1.00989546 1.02093394 1.27584724]

Iteration:  600
Rhat values for alpha, beta, log(sigma^2), mean(xi), log(var(xi)), atanh(corr(xi, eta)):
[1.17848939 1.23869019 1.10951904 1.00342073 1.01343689 1.21915172]

Iteration:  700
Rhat values for alpha, beta, log(sigma^2), mean(xi), log(var(xi)), atanh(corr(xi, eta)):
[1.22394058 1.28538645 1.11067293 1.00791099 1.01248804 1.24950134]

Iteration:  800
Rhat values for alpha, beta, log(sigma^2), mean(xi), log(var(xi)), atanh(corr(xi, eta)):
[1.25420811 1.30164466 1.11814261 1.00584319 1.00808378 1.26820214]

Iteration:  900
Rhat values for alpha, beta, log(sigma^2), mean(xi), log(var(xi)), atanh(corr(xi, eta)):
[1.27203473 1.30382037 1.13616224 1.0044303  1.00682815 1.27422232]

Iteration:  1000
Rhat values for alpha, beta, log(sigma^2), mean(xi), log(var(xi)), atanh(corr(xi, eta)):
[1.29909001 1.32404941 1.12010037 1.00392676 1.0055012  1.29148727]

Iteration:  1100
Rhat values for alpha, beta, log(sigma^2), mean(xi), log(var(xi)), atanh(corr(xi, eta)):
[1.30869851 1.32024774 1.06582585 1.00072318 1.00473425 1.28615951]

Iteration:  1200
Rhat values for alpha, beta, log(sigma^2), mean(xi), log(var(xi)), atanh(corr(xi, eta)):
[1.31803542 1.31522081 1.03670107 1.00028662 1.00342704 1.30082449]

Iteration:  1300
Rhat values for alpha, beta, log(sigma^2), mean(xi), log(var(xi)), atanh(corr(xi, eta)):
[1.32398813 1.30934049 1.02045462 1.00150275 1.00278942 1.30973204]

Iteration:  1400
Rhat values for alpha, beta, log(sigma^2), mean(xi), log(var(xi)), atanh(corr(xi, eta)):
[1.3146645  1.29079615 1.01820221 1.00154547 1.00227667 1.2821288 ]

Iteration:  1500
Rhat values for alpha, beta, log(sigma^2), mean(xi), log(var(xi)), atanh(corr(xi, eta)):
[1.30582096 1.27156295 1.02362038 1.00193268 1.00211895 1.26812379]

Iteration:  1600
Rhat values for alpha, beta, log(sigma^2), mean(xi), log(var(xi)), atanh(corr(xi, eta)):
[1.24898238 1.22394162 1.02297889 1.00256403 1.00166901 1.22412732]

Iteration:  1700
Rhat values for alpha, beta, log(sigma^2), mean(xi), log(var(xi)), atanh(corr(xi, eta)):
[1.18147151 1.1613892  1.0363654  1.00352766 1.0018552  1.19768712]

Iteration:  1800
Rhat values for alpha, beta, log(sigma^2), mean(xi), log(var(xi)), atanh(corr(xi, eta)):
[1.14526984 1.12427379 1.05024364 1.00309015 1.0016803  1.1821174 ]

Iteration:  1900
Rhat values for alpha, beta, log(sigma^2), mean(xi), log(var(xi)), atanh(corr(xi, eta)):
[1.12491765 1.10370933 1.04748677 1.00342011 1.00108057 1.15218744]

Iteration:  2000
Rhat values for alpha, beta, log(sigma^2), mean(xi), log(var(xi)), atanh(corr(xi, eta)):
[1.11350803 1.09060478 1.03572386 1.00398643 1.00071808 1.12355842]

Iteration:  2100
Rhat values for alpha, beta, log(sigma^2), mean(xi), log(var(xi)), atanh(corr(xi, eta)):
[1.10850697 1.08410571 1.03554449 1.00180898 1.00057092 1.10965824]

Iteration:  2200
Rhat values for alpha, beta, log(sigma^2), mean(xi), log(var(xi)), atanh(corr(xi, eta)):
[1.10147849 1.0746976  1.03517275 1.00123104 1.00076881 1.0992018 ]

Iteration:  2300
Rhat values for alpha, beta, log(sigma^2), mean(xi), log(var(xi)), atanh(corr(xi, eta)):
[1.09576624 1.06995456 1.04323573 1.00109138 1.00115342 1.10195513]

Iteration:  2400
Rhat values for alpha, beta, log(sigma^2), mean(xi), log(var(xi)), atanh(corr(xi, eta)):
[1.09446072 1.07116765 1.04949159 1.00268879 1.00000061 1.10747805]

Iteration:  2500
Rhat values for alpha, beta, log(sigma^2), mean(xi), log(var(xi)), atanh(corr(xi, eta)):
[1.08920203 1.07024157 1.05032986 1.00488875 1.00000078 1.11362342]

Iteration:  2600
Rhat values for alpha, beta, log(sigma^2), mean(xi), log(var(xi)), atanh(corr(xi, eta)):
[1.0885433  1.07298612 1.0444436  1.00660291 1.00000207 1.11630892]

Iteration:  2700
Rhat values for alpha, beta, log(sigma^2), mean(xi), log(var(xi)), atanh(corr(xi, eta)):
[1.08981356 1.07513302 1.04318153 1.00758785 1.00000218 1.11595038]

Iteration:  2800
Rhat values for alpha, beta, log(sigma^2), mean(xi), log(var(xi)), atanh(corr(xi, eta)):
[1.0879676  1.07394886 1.04542418 1.0082524  1.00000239 1.11439481]

Iteration:  2900
Rhat values for alpha, beta, log(sigma^2), mean(xi), log(var(xi)), atanh(corr(xi, eta)):
[1.08575154 1.07245062 1.04833006 1.00791115 1.00000226 1.11150237]

Iteration:  3000
Rhat values for alpha, beta, log(sigma^2), mean(xi), log(var(xi)), atanh(corr(xi, eta)):
[1.08538436 1.07468887 1.05655099 1.0064502  1.00000177 1.11561732]

Iteration:  3100
Rhat values for alpha, beta, log(sigma^2), mean(xi), log(var(xi)), atanh(corr(xi, eta)):
[1.08789842 1.08016368 1.06071732 1.00789784 1.00000165 1.12036669]

Iteration:  3200
Rhat values for alpha, beta, log(sigma^2), mean(xi), log(var(xi)), atanh(corr(xi, eta)):
[1.08810631 1.08322976 1.06497717 1.00860445 1.00000107 1.12101605]

Iteration:  3300
Rhat values for alpha, beta, log(sigma^2), mean(xi), log(var(xi)), atanh(corr(xi, eta)):
[1.08187558 1.07746298 1.06742388 1.0081447  1.00000088 1.11476394]

Iteration:  3400
Rhat values for alpha, beta, log(sigma^2), mean(xi), log(var(xi)), atanh(corr(xi, eta)):
[1.07254109 1.06855086 1.06772104 1.00581619 1.00000067 1.10578761]

Iteration:  3500
Rhat values for alpha, beta, log(sigma^2), mean(xi), log(var(xi)), atanh(corr(xi, eta)):
[1.06926878 1.06395567 1.06777051 1.00438266 1.00000048 1.10091017]

Iteration:  3600
Rhat values for alpha, beta, log(sigma^2), mean(xi), log(var(xi)), atanh(corr(xi, eta)):
[1.06806686 1.06207848 1.06895924 1.00372233 1.00000089 1.09881524]

Iteration:  3700
Rhat values for alpha, beta, log(sigma^2), mean(xi), log(var(xi)), atanh(corr(xi, eta)):
[1.07299505 1.06770555 1.06954847 1.00328056 1.00000078 1.10416779]

Iteration:  3800
Rhat values for alpha, beta, log(sigma^2), mean(xi), log(var(xi)), atanh(corr(xi, eta)):
[1.08148841 1.07569057 1.05977613 1.00340889 1.00000054 1.1093976 ]

Iteration:  3900
Rhat values for alpha, beta, log(sigma^2), mean(xi), log(var(xi)), atanh(corr(xi, eta)):
[1.0798131  1.07529627 1.05432807 1.00355812 0.99999808 1.10639986]

Iteration:  4000
Rhat values for alpha, beta, log(sigma^2), mean(xi), log(var(xi)), atanh(corr(xi, eta)):
[1.0760532  1.0731585  1.0491796  1.00352217 0.99999819 1.10336356]

Iteration:  4100
Rhat values for alpha, beta, log(sigma^2), mean(xi), log(var(xi)), atanh(corr(xi, eta)):
[1.07349371 1.07282563 1.04255725 1.00268809 0.99999813 1.10193003]

Iteration:  4200
Rhat values for alpha, beta, log(sigma^2), mean(xi), log(var(xi)), atanh(corr(xi, eta)):
[1.06977334 1.06902096 1.03627427 1.00316688 0.99999819 1.09586113]

Iteration:  4300
Rhat values for alpha, beta, log(sigma^2), mean(xi), log(var(xi)), atanh(corr(xi, eta)):
[1.06356059 1.06279248 1.02780967 1.00285166 0.99999788 1.08261376]

Iteration:  4400
Rhat values for alpha, beta, log(sigma^2), mean(xi), log(var(xi)), atanh(corr(xi, eta)):
[1.06111083 1.0601774  1.02171027 1.00286296 0.99999757 1.07171076]

Iteration:  4500
Rhat values for alpha, beta, log(sigma^2), mean(xi), log(var(xi)), atanh(corr(xi, eta)):
[1.05952799 1.05767437 1.01864116 1.00307092 0.99999748 1.0644863 ]

Iteration:  4600
Rhat values for alpha, beta, log(sigma^2), mean(xi), log(var(xi)), atanh(corr(xi, eta)):
[1.06315282 1.06193045 1.01695933 1.00247795 0.99999721 1.06726935]

Iteration:  4700
Rhat values for alpha, beta, log(sigma^2), mean(xi), log(var(xi)), atanh(corr(xi, eta)):
[1.0676415  1.06641142 1.01745948 1.00176847 0.99999699 1.07179684]

Iteration:  4800
Rhat values for alpha, beta, log(sigma^2), mean(xi), log(var(xi)), atanh(corr(xi, eta)):
[1.06700865 1.06537156 1.021544   1.00197844 0.9999968  1.07258762]

Iteration:  4900
Rhat values for alpha, beta, log(sigma^2), mean(xi), log(var(xi)), atanh(corr(xi, eta)):
[1.06763355 1.06501821 1.02828679 1.00231068 0.99999649 1.07577467]

Iteration:  5000
Rhat values for alpha, beta, log(sigma^2), mean(xi), log(var(xi)), atanh(corr(xi, eta)):
[1.0667009  1.06421667 1.03300719 1.00285659 0.99999621 1.07893606]
{"name": "all_rows_hr_corrected_error_diag_0.42", "n": 226, "mean": -0.013237006406673947, "sd": 0.012829645188110247, "median": -0.011448467953328295, "q16_84": [-0.02762751924013648, -0.0011462229355451187], "q025_975": [-0.03886673306080017, 0.010505615020378726], "p_negative": 0.8658, "scatter_mean": 0.02223730203094418, "retained_draws": 10000, "seed": 20260933, "rhat_retained": {"alpha": 1.0917433312952713, "beta": 1.0695652904837634, "sigsqr": 1.041982363183526}}
START all_rows_hr_no_bias_error_diag_0.42 226

Iteration:  100
Rhat values for alpha, beta, log(sigma^2), mean(xi), log(var(xi)), atanh(corr(xi, eta)):
[0.99757448 0.99666032 1.01566722 1.03167355 1.03451673 1.00804533]

Iteration:  200
Rhat values for alpha, beta, log(sigma^2), mean(xi), log(var(xi)), atanh(corr(xi, eta)):
[1.00535773 1.00525053 1.01648251 1.04292166 1.00284887 1.02199564]

Iteration:  300
Rhat values for alpha, beta, log(sigma^2), mean(xi), log(var(xi)), atanh(corr(xi, eta)):
[1.01082882 1.01636619 1.03423469 1.05415531 1.00385446 1.03896741]

Iteration:  400
Rhat values for alpha, beta, log(sigma^2), mean(xi), log(var(xi)), atanh(corr(xi, eta)):
[1.01084987 1.01773612 1.069192   1.07004593 1.00254939 1.05752147]

Iteration:  500
Rhat values for alpha, beta, log(sigma^2), mean(xi), log(var(xi)), atanh(corr(xi, eta)):
[1.021266   1.03250088 1.08414045 1.04669524 1.00126979 1.10572586]

Iteration:  600
Rhat values for alpha, beta, log(sigma^2), mean(xi), log(var(xi)), atanh(corr(xi, eta)):
[1.03043568 1.04130516 1.10576623 1.02653838 1.00131626 1.13133285]

Iteration:  700
Rhat values for alpha, beta, log(sigma^2), mean(xi), log(var(xi)), atanh(corr(xi, eta)):
[1.03790424 1.04341573 1.08482168 1.01980801 1.0021958  1.0888117 ]

Iteration:  800
Rhat values for alpha, beta, log(sigma^2), mean(xi), log(var(xi)), atanh(corr(xi, eta)):
[1.02806801 1.02768719 1.0988635  1.01532326 1.00197902 1.05132558]

Iteration:  900
Rhat values for alpha, beta, log(sigma^2), mean(xi), log(var(xi)), atanh(corr(xi, eta)):
[1.02379361 1.02562554 1.12449433 1.01710855 1.00154533 1.04561394]

Iteration:  1000
Rhat values for alpha, beta, log(sigma^2), mean(xi), log(var(xi)), atanh(corr(xi, eta)):
[1.03194241 1.03943588 1.15116098 1.00972926 1.00123567 1.07535256]

Iteration:  1100
Rhat values for alpha, beta, log(sigma^2), mean(xi), log(var(xi)), atanh(corr(xi, eta)):
[1.03847933 1.04983848 1.12690237 1.00572416 1.00137168 1.09277242]

Iteration:  1200
Rhat values for alpha, beta, log(sigma^2), mean(xi), log(var(xi)), atanh(corr(xi, eta)):
[1.03714839 1.04967914 1.08362777 1.00312639 1.0016539  1.08127041]

Iteration:  1300
Rhat values for alpha, beta, log(sigma^2), mean(xi), log(var(xi)), atanh(corr(xi, eta)):
[1.02679068 1.03557157 1.05535876 1.00342494 1.00180452 1.05819415]

Iteration:  1400
Rhat values for alpha, beta, log(sigma^2), mean(xi), log(var(xi)), atanh(corr(xi, eta)):
[1.02302647 1.02889601 1.04884553 1.00603604 1.00201606 1.04879544]

Iteration:  1500
Rhat values for alpha, beta, log(sigma^2), mean(xi), log(var(xi)), atanh(corr(xi, eta)):
[1.02042359 1.02518911 1.04794356 1.00624502 1.00205707 1.04991715]

Iteration:  1600
Rhat values for alpha, beta, log(sigma^2), mean(xi), log(var(xi)), atanh(corr(xi, eta)):
[1.01671202 1.02035109 1.05514257 1.00393762 1.00171003 1.05374417]

Iteration:  1700
Rhat values for alpha, beta, log(sigma^2), mean(xi), log(var(xi)), atanh(corr(xi, eta)):
[1.01386395 1.01596611 1.07094035 1.00359848 1.0013725  1.06210125]

Iteration:  1800
Rhat values for alpha, beta, log(sigma^2), mean(xi), log(var(xi)), atanh(corr(xi, eta)):
[1.01276494 1.01513852 1.08128998 1.00375765 1.00105534 1.07427944]

Iteration:  1900
Rhat values for alpha, beta, log(sigma^2), mean(xi), log(var(xi)), atanh(corr(xi, eta)):
[1.01002536 1.01296211 1.0926836  1.00198709 1.00042815 1.08468376]

Iteration:  2000
Rhat values for alpha, beta, log(sigma^2), mean(xi), log(var(xi)), atanh(corr(xi, eta)):
[1.00866872 1.01167223 1.10492686 1.00161077 1.00011228 1.0909793 ]

Iteration:  2100
Rhat values for alpha, beta, log(sigma^2), mean(xi), log(var(xi)), atanh(corr(xi, eta)):
[1.00859178 1.01097987 1.1116412  1.00150103 1.00013974 1.09484319]

Iteration:  2200
Rhat values for alpha, beta, log(sigma^2), mean(xi), log(var(xi)), atanh(corr(xi, eta)):
[1.00854982 1.01165906 1.11369729 1.00254133 1.00015868 1.09616031]

Iteration:  2300
Rhat values for alpha, beta, log(sigma^2), mean(xi), log(var(xi)), atanh(corr(xi, eta)):
[1.00930243 1.01263361 1.10965187 1.00243291 1.00021306 1.09355046]

Iteration:  2400
Rhat values for alpha, beta, log(sigma^2), mean(xi), log(var(xi)), atanh(corr(xi, eta)):
[1.00835621 1.01105291 1.10436127 1.00187647 1.00035831 1.08592496]

Iteration:  2500
Rhat values for alpha, beta, log(sigma^2), mean(xi), log(var(xi)), atanh(corr(xi, eta)):
[1.00835864 1.01098455 1.10044395 1.00206143 1.00062067 1.09055483]

Iteration:  2600
Rhat values for alpha, beta, log(sigma^2), mean(xi), log(var(xi)), atanh(corr(xi, eta)):
[1.00756955 1.01069224 1.10048496 1.00103275 1.00004831 1.09273499]

Iteration:  2700
Rhat values for alpha, beta, log(sigma^2), mean(xi), log(var(xi)), atanh(corr(xi, eta)):
[1.00562219 1.0088436  1.10021897 1.00077304 1.00001173 1.08904968]

Iteration:  2800
Rhat values for alpha, beta, log(sigma^2), mean(xi), log(var(xi)), atanh(corr(xi, eta)):
[1.00385925 1.0070977  1.09889269 1.00103761 1.0000058  1.08163803]

Iteration:  2900
Rhat values for alpha, beta, log(sigma^2), mean(xi), log(var(xi)), atanh(corr(xi, eta)):
[1.00304735 1.00636587 1.09644743 1.00049013 1.00003116 1.07668284]

Iteration:  3000
Rhat values for alpha, beta, log(sigma^2), mean(xi), log(var(xi)), atanh(corr(xi, eta)):
[1.00334345 1.00707393 1.09034043 1.00008959 1.00006341 1.07412194]

Iteration:  3100
Rhat values for alpha, beta, log(sigma^2), mean(xi), log(var(xi)), atanh(corr(xi, eta)):
[1.00389145 1.00856757 1.08975065 1.00018521 1.00008562 1.07579352]

Iteration:  3200
Rhat values for alpha, beta, log(sigma^2), mean(xi), log(var(xi)), atanh(corr(xi, eta)):
[1.00402729 1.00892421 1.09577179 1.00022386 1.00008077 1.08112893]

Iteration:  3300
Rhat values for alpha, beta, log(sigma^2), mean(xi), log(var(xi)), atanh(corr(xi, eta)):
[1.00395344 1.00939364 1.10361401 1.00005713 1.00006488 1.08940746]

Iteration:  3400
Rhat values for alpha, beta, log(sigma^2), mean(xi), log(var(xi)), atanh(corr(xi, eta)):
[1.00596291 1.01253308 1.10273877 1.00003496 1.00006191 1.09404286]

Iteration:  3500
Rhat values for alpha, beta, log(sigma^2), mean(xi), log(var(xi)), atanh(corr(xi, eta)):
[1.00790111 1.01564693 1.10504053 1.00000261 1.00007651 1.10007658]

Iteration:  3600
Rhat values for alpha, beta, log(sigma^2), mean(xi), log(var(xi)), atanh(corr(xi, eta)):
[1.00988543 1.01844091 1.09952884 0.99999238 1.00007935 1.1026385 ]

Iteration:  3700
Rhat values for alpha, beta, log(sigma^2), mean(xi), log(var(xi)), atanh(corr(xi, eta)):
[1.00910541 1.01701705 1.09481044 0.99990617 1.00005571 1.09714393]

Iteration:  3800
Rhat values for alpha, beta, log(sigma^2), mean(xi), log(var(xi)), atanh(corr(xi, eta)):
[1.00819905 1.01578516 1.0887413  0.99990957 1.00001946 1.09083162]

Iteration:  3900
Rhat values for alpha, beta, log(sigma^2), mean(xi), log(var(xi)), atanh(corr(xi, eta)):
[1.00658175 1.01276422 1.08756842 0.99985823 1.00003695 1.08207079]

Iteration:  4000
Rhat values for alpha, beta, log(sigma^2), mean(xi), log(var(xi)), atanh(corr(xi, eta)):
[1.00560812 1.01058318 1.09017232 0.99987316 1.00002846 1.07877852]

Iteration:  4100
Rhat values for alpha, beta, log(sigma^2), mean(xi), log(var(xi)), atanh(corr(xi, eta)):
[1.00514107 1.00993954 1.09593421 0.99997669 1.00001617 1.08076571]

Iteration:  4200
Rhat values for alpha, beta, log(sigma^2), mean(xi), log(var(xi)), atanh(corr(xi, eta)):
[1.00434855 1.00891933 1.09814637 0.99999754 1.00003458 1.07876229]

Iteration:  4300
Rhat values for alpha, beta, log(sigma^2), mean(xi), log(var(xi)), atanh(corr(xi, eta)):
[1.0034982  1.00739541 1.09023887 1.00002794 1.00004568 1.06997228]

Iteration:  4400
Rhat values for alpha, beta, log(sigma^2), mean(xi), log(var(xi)), atanh(corr(xi, eta)):
[1.00364904 1.00740004 1.07554577 0.99997643 1.00007344 1.06152934]

Iteration:  4500
Rhat values for alpha, beta, log(sigma^2), mean(xi), log(var(xi)), atanh(corr(xi, eta)):
[1.00390426 1.00694762 1.06545046 0.99992614 1.00012535 1.05539211]

Iteration:  4600
Rhat values for alpha, beta, log(sigma^2), mean(xi), log(var(xi)), atanh(corr(xi, eta)):
[1.00367593 1.00600341 1.06035155 1.00018742 1.00011021 1.05221047]

Iteration:  4700
Rhat values for alpha, beta, log(sigma^2), mean(xi), log(var(xi)), atanh(corr(xi, eta)):
[1.00428481 1.00635595 1.05841038 1.00069725 1.0001641  1.05324533]

Iteration:  4800
Rhat values for alpha, beta, log(sigma^2), mean(xi), log(var(xi)), atanh(corr(xi, eta)):
[1.00408388 1.00629656 1.05669233 1.0011716  1.00022244 1.05377648]

Iteration:  4900
Rhat values for alpha, beta, log(sigma^2), mean(xi), log(var(xi)), atanh(corr(xi, eta)):
[1.00420439 1.00687524 1.0563352  1.00095073 1.00024463 1.05512753]

Iteration:  5000
Rhat values for alpha, beta, log(sigma^2), mean(xi), log(var(xi)), atanh(corr(xi, eta)):
[1.00485724 1.00745229 1.0561079  1.00076158 1.00026491 1.05628561]
{"name": "all_rows_hr_no_bias_error_diag_0.42", "n": 226, "mean": -0.02079977759320588, "sd": 0.0123911083891183, "median": -0.02039822242820796, "q16_84": [-0.03293244172865928, -0.0074841365124299715], "q025_975": [-0.049418605200891974, -0.0020798500490820933], "p_negative": 0.9846, "scatter_mean": 0.016688415580341176, "retained_draws": 10000, "seed": 20260934, "rhat_retained": {"alpha": 1.23115114696327, "beta": 1.1819156205233772, "sigsqr": 1.0406521799826585}}
START all_rows_hr_tripp_error_diag_0.42 226

Iteration:  100
Rhat values for alpha, beta, log(sigma^2), mean(xi), log(var(xi)), atanh(corr(xi, eta)):
[0.99684815 0.99463251 1.07835077 1.02111866 1.09465904 1.01683996]

Iteration:  200
Rhat values for alpha, beta, log(sigma^2), mean(xi), log(var(xi)), atanh(corr(xi, eta)):
[1.00168424 1.0017365  1.2186608  1.02601554 1.03444784 0.99881932]

Iteration:  300
Rhat values for alpha, beta, log(sigma^2), mean(xi), log(var(xi)), atanh(corr(xi, eta)):
[1.00122018 1.00401728 1.23704904 1.0304773  1.03537574 0.99877712]

Iteration:  400
Rhat values for alpha, beta, log(sigma^2), mean(xi), log(var(xi)), atanh(corr(xi, eta)):
[1.00116078 1.00528022 1.15702085 1.01240151 1.00744879 1.01638776]

Iteration:  500
Rhat values for alpha, beta, log(sigma^2), mean(xi), log(var(xi)), atanh(corr(xi, eta)):
[1.00304565 1.00830854 1.17531439 1.01291195 1.00872144 1.02597243]

Iteration:  600
Rhat values for alpha, beta, log(sigma^2), mean(xi), log(var(xi)), atanh(corr(xi, eta)):
[1.00746795 1.0142417  1.16898452 1.01113336 1.01247891 1.02834544]

Iteration:  700
Rhat values for alpha, beta, log(sigma^2), mean(xi), log(var(xi)), atanh(corr(xi, eta)):
[1.00463422 1.00932142 1.11336997 1.01371487 1.00256421 1.01528509]

Iteration:  800
Rhat values for alpha, beta, log(sigma^2), mean(xi), log(var(xi)), atanh(corr(xi, eta)):
[1.00140059 1.00395726 1.05440209 1.01275754 1.00279346 1.01267103]

Iteration:  900
Rhat values for alpha, beta, log(sigma^2), mean(xi), log(var(xi)), atanh(corr(xi, eta)):
[1.00141074 1.00216247 1.04380986 1.00497719 1.00171134 1.00939824]

Iteration:  1000
Rhat values for alpha, beta, log(sigma^2), mean(xi), log(var(xi)), atanh(corr(xi, eta)):
[1.00111487 1.00076481 1.04133851 1.00004816 1.00177586 1.01415167]

Iteration:  1100
Rhat values for alpha, beta, log(sigma^2), mean(xi), log(var(xi)), atanh(corr(xi, eta)):
[1.00336388 1.00139088 1.04069953 0.99940815 1.00135507 1.02199291]

Iteration:  1200
Rhat values for alpha, beta, log(sigma^2), mean(xi), log(var(xi)), atanh(corr(xi, eta)):
[1.00471712 1.00156931 1.04117681 1.00144889 1.00194121 1.02568337]

Iteration:  1300
Rhat values for alpha, beta, log(sigma^2), mean(xi), log(var(xi)), atanh(corr(xi, eta)):
[1.00597115 1.0034128  1.05025476 1.00074054 1.00258517 1.03733428]

Iteration:  1400
Rhat values for alpha, beta, log(sigma^2), mean(xi), log(var(xi)), atanh(corr(xi, eta)):
[1.00748427 1.00695748 1.04573645 1.00087161 1.0018479  1.04711177]

Iteration:  1500
Rhat values for alpha, beta, log(sigma^2), mean(xi), log(var(xi)), atanh(corr(xi, eta)):
[1.01129192 1.01143955 1.0357804  1.00335097 1.00864904 1.05111562]

Iteration:  1600
Rhat values for alpha, beta, log(sigma^2), mean(xi), log(var(xi)), atanh(corr(xi, eta)):
[1.01358181 1.01646833 1.02626837 1.00594302 1.0110984  1.05632933]

Iteration:  1700
Rhat values for alpha, beta, log(sigma^2), mean(xi), log(var(xi)), atanh(corr(xi, eta)):
[1.01883876 1.02149098 1.01763638 1.007293   0.99997977 1.05983926]

Iteration:  1800
Rhat values for alpha, beta, log(sigma^2), mean(xi), log(var(xi)), atanh(corr(xi, eta)):
[1.02487419 1.02590878 1.01793154 1.01004615 0.9999794  1.06847558]

Iteration:  1900
Rhat values for alpha, beta, log(sigma^2), mean(xi), log(var(xi)), atanh(corr(xi, eta)):
[1.02878014 1.02926004 1.02399571 1.01214835 0.9999777  1.07906508]

Iteration:  2000
Rhat values for alpha, beta, log(sigma^2), mean(xi), log(var(xi)), atanh(corr(xi, eta)):
[1.03705402 1.03528066 1.02861149 1.00800578 0.99998211 1.08997991]

Iteration:  2100
Rhat values for alpha, beta, log(sigma^2), mean(xi), log(var(xi)), atanh(corr(xi, eta)):
[1.04073989 1.03639949 1.03425462 1.00889574 0.99997939 1.09161568]

Iteration:  2200
Rhat values for alpha, beta, log(sigma^2), mean(xi), log(var(xi)), atanh(corr(xi, eta)):
[1.04116658 1.03447282 1.04291978 1.00783284 0.99998194 1.08634317]

Iteration:  2300
Rhat values for alpha, beta, log(sigma^2), mean(xi), log(var(xi)), atanh(corr(xi, eta)):
[1.03825509 1.03050653 1.04688343 1.00714611 0.99998689 1.07785751]

Iteration:  2400
Rhat values for alpha, beta, log(sigma^2), mean(xi), log(var(xi)), atanh(corr(xi, eta)):
[1.0358456  1.02858971 1.05973498 1.00958941 0.99998758 1.08266519]

Iteration:  2500
Rhat values for alpha, beta, log(sigma^2), mean(xi), log(var(xi)), atanh(corr(xi, eta)):
[1.03359855 1.02741161 1.06963749 1.00952071 0.99998868 1.08193118]

Iteration:  2600
Rhat values for alpha, beta, log(sigma^2), mean(xi), log(var(xi)), atanh(corr(xi, eta)):
[1.03130254 1.02571504 1.0822466  1.00773696 0.99998981 1.07295123]

Iteration:  2700
Rhat values for alpha, beta, log(sigma^2), mean(xi), log(var(xi)), atanh(corr(xi, eta)):
[1.02708436 1.02144332 1.09272065 1.00854298 0.99999026 1.0633042 ]

Iteration:  2800
Rhat values for alpha, beta, log(sigma^2), mean(xi), log(var(xi)), atanh(corr(xi, eta)):
[1.02392484 1.01809511 1.10201056 1.00730776 0.9999933  1.05748164]

Iteration:  2900
Rhat values for alpha, beta, log(sigma^2), mean(xi), log(var(xi)), atanh(corr(xi, eta)):
[1.02525348 1.02054412 1.10456488 1.00776832 0.99999359 1.06143459]

Iteration:  3000
Rhat values for alpha, beta, log(sigma^2), mean(xi), log(var(xi)), atanh(corr(xi, eta)):
[1.02696424 1.02353679 1.10834776 1.00688126 0.99999253 1.06751315]

Iteration:  3100
Rhat values for alpha, beta, log(sigma^2), mean(xi), log(var(xi)), atanh(corr(xi, eta)):
[1.02830202 1.02516711 1.09723785 1.00520161 0.99999122 1.06893825]

Iteration:  3200
Rhat values for alpha, beta, log(sigma^2), mean(xi), log(var(xi)), atanh(corr(xi, eta)):
[1.03076207 1.02806947 1.08172201 1.0056561  0.99998962 1.06357167]

Iteration:  3300
Rhat values for alpha, beta, log(sigma^2), mean(xi), log(var(xi)), atanh(corr(xi, eta)):
[1.03069715 1.02921919 1.06942107 1.00550045 0.99999188 1.05511793]

Iteration:  3400
Rhat values for alpha, beta, log(sigma^2), mean(xi), log(var(xi)), atanh(corr(xi, eta)):
[1.03097626 1.03063231 1.05927323 1.00593138 0.99999106 1.05114496]

Iteration:  3500
Rhat values for alpha, beta, log(sigma^2), mean(xi), log(var(xi)), atanh(corr(xi, eta)):
[1.03357912 1.03284614 1.05013527 1.00577976 0.99999494 1.05284722]

Iteration:  3600
Rhat values for alpha, beta, log(sigma^2), mean(xi), log(var(xi)), atanh(corr(xi, eta)):
[1.037067   1.03607069 1.04486424 1.00431339 0.99999479 1.05494469]

Iteration:  3700
Rhat values for alpha, beta, log(sigma^2), mean(xi), log(var(xi)), atanh(corr(xi, eta)):
[1.0381255  1.03746777 1.03913665 1.00461942 0.99999392 1.05209936]

Iteration:  3800
Rhat values for alpha, beta, log(sigma^2), mean(xi), log(var(xi)), atanh(corr(xi, eta)):
[1.0382888  1.03830202 1.03427817 1.00384042 0.99999328 1.04743474]

Iteration:  3900
Rhat values for alpha, beta, log(sigma^2), mean(xi), log(var(xi)), atanh(corr(xi, eta)):
[1.04314781 1.04298364 1.0291527  1.00455884 0.99999212 1.04785291]

Iteration:  4000
Rhat values for alpha, beta, log(sigma^2), mean(xi), log(var(xi)), atanh(corr(xi, eta)):
[1.04781965 1.04713372 1.02388378 1.00387196 0.999991   1.04854859]

Iteration:  4100
Rhat values for alpha, beta, log(sigma^2), mean(xi), log(var(xi)), atanh(corr(xi, eta)):
[1.04992997 1.05058497 1.02118361 1.00423509 0.99998924 1.04889779]

Iteration:  4200
Rhat values for alpha, beta, log(sigma^2), mean(xi), log(var(xi)), atanh(corr(xi, eta)):
[1.04820479 1.05087315 1.01847908 1.00386458 0.99998854 1.04879031]

Iteration:  4300
Rhat values for alpha, beta, log(sigma^2), mean(xi), log(var(xi)), atanh(corr(xi, eta)):
[1.04756306 1.05269627 1.01790659 1.00442936 0.99998919 1.05266877]

Iteration:  4400
Rhat values for alpha, beta, log(sigma^2), mean(xi), log(var(xi)), atanh(corr(xi, eta)):
[1.04967306 1.05667848 1.01842405 1.00560732 0.99998835 1.0600987 ]

Iteration:  4500
Rhat values for alpha, beta, log(sigma^2), mean(xi), log(var(xi)), atanh(corr(xi, eta)):
[1.04844007 1.05639789 1.02218717 1.00669178 0.9999897  1.06632515]

Iteration:  4600
Rhat values for alpha, beta, log(sigma^2), mean(xi), log(var(xi)), atanh(corr(xi, eta)):
[1.04889322 1.0573351  1.02677079 1.00776531 0.99998925 1.07194385]

Iteration:  4700
Rhat values for alpha, beta, log(sigma^2), mean(xi), log(var(xi)), atanh(corr(xi, eta)):
[1.04891253 1.05787129 1.03132037 1.00741351 0.99998839 1.07646295]

Iteration:  4800
Rhat values for alpha, beta, log(sigma^2), mean(xi), log(var(xi)), atanh(corr(xi, eta)):
[1.04956597 1.05891997 1.03483457 1.00825991 0.99998855 1.07907013]

Iteration:  4900
Rhat values for alpha, beta, log(sigma^2), mean(xi), log(var(xi)), atanh(corr(xi, eta)):
[1.04846137 1.05866043 1.0374091  1.00866525 0.99998851 1.07941259]

Iteration:  5000
Rhat values for alpha, beta, log(sigma^2), mean(xi), log(var(xi)), atanh(corr(xi, eta)):
[1.04701084 1.05794304 1.03903917 1.00889961 0.99998967 1.07796214]
{"name": "all_rows_hr_tripp_error_diag_0.42", "n": 226, "mean": -0.021127413308485724, "sd": 0.011307057235990915, "median": -0.020411742057140903, "q16_84": [-0.03318958236382184, -0.009652261747778485], "q025_975": [-0.04371234188654199, -0.0011339218956833994], "p_negative": 0.9803, "scatter_mean": 0.020059343541139966, "retained_draws": 10000, "seed": 20260935, "rhat_retained": {"alpha": 1.0244175874893051, "beta": 1.0167284312228635, "sigsqr": 1.1086752646416642}}
START all_rows_hr_tripp_error_no_covadd_0.42 226

Iteration:  100
Rhat values for alpha, beta, log(sigma^2), mean(xi), log(var(xi)), atanh(corr(xi, eta)):
[1.01924686 1.02299948 1.03910437 1.044515   1.18472045 1.13772887]

Iteration:  200
Rhat values for alpha, beta, log(sigma^2), mean(xi), log(var(xi)), atanh(corr(xi, eta)):
[1.00724951 1.01164253 1.06617175 1.04397911 1.14032454 1.0629521 ]

Iteration:  300
Rhat values for alpha, beta, log(sigma^2), mean(xi), log(var(xi)), atanh(corr(xi, eta)):
[1.00174393 1.00520383 1.14835425 1.04129013 1.04730896 1.01572912]

Iteration:  400
Rhat values for alpha, beta, log(sigma^2), mean(xi), log(var(xi)), atanh(corr(xi, eta)):
[1.01362717 1.02187914 1.26635324 1.02955406 1.01002221 1.02472964]

Iteration:  500
Rhat values for alpha, beta, log(sigma^2), mean(xi), log(var(xi)), atanh(corr(xi, eta)):
[1.0328162  1.04636929 1.35999281 1.02450539 1.01120291 1.05942505]

Iteration:  600
Rhat values for alpha, beta, log(sigma^2), mean(xi), log(var(xi)), atanh(corr(xi, eta)):
[1.05379957 1.07258479 1.43122611 1.00998548 1.00667044 1.11292796]

Iteration:  700
Rhat values for alpha, beta, log(sigma^2), mean(xi), log(var(xi)), atanh(corr(xi, eta)):
[1.07161291 1.09731611 1.50571067 1.00775353 1.00354236 1.14862752]

Iteration:  800
Rhat values for alpha, beta, log(sigma^2), mean(xi), log(var(xi)), atanh(corr(xi, eta)):
[1.08152509 1.10994431 1.55615327 1.00472772 1.00471591 1.12407399]

Iteration:  900
Rhat values for alpha, beta, log(sigma^2), mean(xi), log(var(xi)), atanh(corr(xi, eta)):
[1.08786162 1.1163916  1.59341962 1.0061694  1.00027757 1.07380994]

Iteration:  1000
Rhat values for alpha, beta, log(sigma^2), mean(xi), log(var(xi)), atanh(corr(xi, eta)):
[1.08865296 1.11720715 1.62150645 1.00332294 1.00002105 1.05255267]

Iteration:  1100
Rhat values for alpha, beta, log(sigma^2), mean(xi), log(var(xi)), atanh(corr(xi, eta)):
[1.09546558 1.12370444 1.63030812 1.00433676 0.99995482 1.03928548]

Iteration:  1200
Rhat values for alpha, beta, log(sigma^2), mean(xi), log(var(xi)), atanh(corr(xi, eta)):
[1.10293702 1.13129119 1.65796639 1.00401442 1.00003278 1.03794479]

Iteration:  1300
Rhat values for alpha, beta, log(sigma^2), mean(xi), log(var(xi)), atanh(corr(xi, eta)):
[1.10763558 1.13699799 1.70256717 1.00962341 1.00031981 1.03670105]

Iteration:  1400
Rhat values for alpha, beta, log(sigma^2), mean(xi), log(var(xi)), atanh(corr(xi, eta)):
[1.11084733 1.14185324 1.6799013  1.01080956 1.00047172 1.03539674]

Iteration:  1500
Rhat values for alpha, beta, log(sigma^2), mean(xi), log(var(xi)), atanh(corr(xi, eta)):
[1.11956494 1.15130898 1.6938251  1.01109529 1.00062882 1.03879315]

Iteration:  1600
Rhat values for alpha, beta, log(sigma^2), mean(xi), log(var(xi)), atanh(corr(xi, eta)):
[1.12731413 1.16140993 1.70476433 1.01205564 1.00074426 1.0392483 ]

Iteration:  1700
Rhat values for alpha, beta, log(sigma^2), mean(xi), log(var(xi)), atanh(corr(xi, eta)):
[1.12418478 1.1574507  1.6265436  1.01173822 1.0006445  1.04118622]

Iteration:  1800
Rhat values for alpha, beta, log(sigma^2), mean(xi), log(var(xi)), atanh(corr(xi, eta)):
[1.12433287 1.15449264 1.55748182 1.01079022 1.00073195 1.04432489]

Iteration:  1900
Rhat values for alpha, beta, log(sigma^2), mean(xi), log(var(xi)), atanh(corr(xi, eta)):
[1.11030648 1.1346494  1.51109991 1.00828521 1.0007945  1.04236412]

Iteration:  2000
Rhat values for alpha, beta, log(sigma^2), mean(xi), log(var(xi)), atanh(corr(xi, eta)):
[1.09556022 1.11520548 1.48342157 1.00542583 1.0008676  1.03980444]

Iteration:  2100
Rhat values for alpha, beta, log(sigma^2), mean(xi), log(var(xi)), atanh(corr(xi, eta)):
[1.07677964 1.09003604 1.44674229 1.00479541 1.00071932 1.03919495]

Iteration:  2200
Rhat values for alpha, beta, log(sigma^2), mean(xi), log(var(xi)), atanh(corr(xi, eta)):
[1.05733602 1.06939803 1.418624   1.00646944 1.00058134 1.04026305]

Iteration:  2300
Rhat values for alpha, beta, log(sigma^2), mean(xi), log(var(xi)), atanh(corr(xi, eta)):
[1.04455351 1.05394906 1.38348868 1.00574258 1.00007233 1.03457851]

Iteration:  2400
Rhat values for alpha, beta, log(sigma^2), mean(xi), log(var(xi)), atanh(corr(xi, eta)):
[1.03702889 1.04368278 1.34572279 1.00590284 1.00013703 1.03184585]

Iteration:  2500
Rhat values for alpha, beta, log(sigma^2), mean(xi), log(var(xi)), atanh(corr(xi, eta)):
[1.02871427 1.03433029 1.31048193 1.00713629 1.00014376 1.03431597]

Iteration:  2600
Rhat values for alpha, beta, log(sigma^2), mean(xi), log(var(xi)), atanh(corr(xi, eta)):
[1.02379698 1.03004251 1.28585758 1.00759296 1.00016264 1.03611119]

Iteration:  2700
Rhat values for alpha, beta, log(sigma^2), mean(xi), log(var(xi)), atanh(corr(xi, eta)):
[1.02041212 1.02634333 1.2719411  1.00639275 1.00015951 1.03851867]

Iteration:  2800
Rhat values for alpha, beta, log(sigma^2), mean(xi), log(var(xi)), atanh(corr(xi, eta)):
[1.0164747  1.02159862 1.26549049 1.00589875 1.00014857 1.04190206]

Iteration:  2900
Rhat values for alpha, beta, log(sigma^2), mean(xi), log(var(xi)), atanh(corr(xi, eta)):
[1.01743979 1.02280215 1.25946662 1.00579246 1.00015143 1.04087115]

Iteration:  3000
Rhat values for alpha, beta, log(sigma^2), mean(xi), log(var(xi)), atanh(corr(xi, eta)):
[1.01621777 1.02151159 1.25720605 1.00506074 1.00011481 1.04197097]

Iteration:  3100
Rhat values for alpha, beta, log(sigma^2), mean(xi), log(var(xi)), atanh(corr(xi, eta)):
[1.01500617 1.01935071 1.25101046 1.00368815 1.00014595 1.04233967]

Iteration:  3200
Rhat values for alpha, beta, log(sigma^2), mean(xi), log(var(xi)), atanh(corr(xi, eta)):
[1.01405887 1.01728756 1.24428107 1.00354637 1.00017293 1.04199282]

Iteration:  3300
Rhat values for alpha, beta, log(sigma^2), mean(xi), log(var(xi)), atanh(corr(xi, eta)):
[1.01384023 1.0166712  1.2348372  1.0024731  1.00019417 1.041395  ]

Iteration:  3400
Rhat values for alpha, beta, log(sigma^2), mean(xi), log(var(xi)), atanh(corr(xi, eta)):
[1.01328702 1.01644442 1.2292425  1.00261747 1.00017103 1.04124379]

Iteration:  3500
Rhat values for alpha, beta, log(sigma^2), mean(xi), log(var(xi)), atanh(corr(xi, eta)):
[1.012724   1.01702025 1.21957653 1.00199598 1.00017778 1.03898709]

Iteration:  3600
Rhat values for alpha, beta, log(sigma^2), mean(xi), log(var(xi)), atanh(corr(xi, eta)):
[1.01323875 1.01850237 1.21591719 1.00171519 1.00019382 1.04135428]

Iteration:  3700
Rhat values for alpha, beta, log(sigma^2), mean(xi), log(var(xi)), atanh(corr(xi, eta)):
[1.01444989 1.02045154 1.21017663 1.00144766 1.00018902 1.04253469]

Iteration:  3800
Rhat values for alpha, beta, log(sigma^2), mean(xi), log(var(xi)), atanh(corr(xi, eta)):
[1.01561074 1.022412   1.2015534  1.00140242 1.00018569 1.04190498]

Iteration:  3900
Rhat values for alpha, beta, log(sigma^2), mean(xi), log(var(xi)), atanh(corr(xi, eta)):
[1.01610874 1.023959   1.19017815 1.00201925 1.00022327 1.04353884]

Iteration:  4000
Rhat values for alpha, beta, log(sigma^2), mean(xi), log(var(xi)), atanh(corr(xi, eta)):
[1.01658796 1.0255604  1.18775579 1.00243564 1.00018484 1.04694995]

Iteration:  4100
Rhat values for alpha, beta, log(sigma^2), mean(xi), log(var(xi)), atanh(corr(xi, eta)):
[1.01759412 1.02736736 1.18841344 1.00225421 1.00020059 1.05310581]

Iteration:  4200
Rhat values for alpha, beta, log(sigma^2), mean(xi), log(var(xi)), atanh(corr(xi, eta)):
[1.01893896 1.02969556 1.19106122 1.0016947  1.00019238 1.05893388]

Iteration:  4300
Rhat values for alpha, beta, log(sigma^2), mean(xi), log(var(xi)), atanh(corr(xi, eta)):
[1.01991553 1.03123226 1.18655475 1.00127818 1.00018725 1.06070481]

Iteration:  4400
Rhat values for alpha, beta, log(sigma^2), mean(xi), log(var(xi)), atanh(corr(xi, eta)):
[1.02156995 1.03302358 1.17893454 1.00151675 1.00015417 1.05941292]

Iteration:  4500
Rhat values for alpha, beta, log(sigma^2), mean(xi), log(var(xi)), atanh(corr(xi, eta)):
[1.02402812 1.03543976 1.16360958 1.00223306 1.0001318  1.05367521]

Iteration:  4600
Rhat values for alpha, beta, log(sigma^2), mean(xi), log(var(xi)), atanh(corr(xi, eta)):
[1.02790785 1.04045265 1.14719963 1.00254438 1.00000275 1.04826961]

Iteration:  4700
Rhat values for alpha, beta, log(sigma^2), mean(xi), log(var(xi)), atanh(corr(xi, eta)):
[1.03202354 1.04557201 1.13533276 1.00297673 1.00000338 1.0439411 ]

Iteration:  4800
Rhat values for alpha, beta, log(sigma^2), mean(xi), log(var(xi)), atanh(corr(xi, eta)):
[1.03504217 1.04921628 1.12974805 1.00309255 1.00000163 1.04155695]

Iteration:  4900
Rhat values for alpha, beta, log(sigma^2), mean(xi), log(var(xi)), atanh(corr(xi, eta)):
[1.03455857 1.0482441  1.12617915 1.00265741 0.99999857 1.04012474]

Iteration:  5000
Rhat values for alpha, beta, log(sigma^2), mean(xi), log(var(xi)), atanh(corr(xi, eta)):
[1.03563845 1.04869192 1.12316912 1.00259565 1.00000011 1.03706104]

Iteration:  5100
Rhat values for alpha, beta, log(sigma^2), mean(xi), log(var(xi)), atanh(corr(xi, eta)):
[1.03343379 1.04660259 1.11359658 1.00284989 0.99999993 1.03302331]

Iteration:  5200
Rhat values for alpha, beta, log(sigma^2), mean(xi), log(var(xi)), atanh(corr(xi, eta)):
[1.03130821 1.04482527 1.10564585 1.00255247 1.00001354 1.02989996]

Iteration:  5300
Rhat values for alpha, beta, log(sigma^2), mean(xi), log(var(xi)), atanh(corr(xi, eta)):
[1.03229254 1.04573747 1.0979188  1.00219587 1.00001323 1.02897497]
{"name": "all_rows_hr_tripp_error_no_covadd_0.42", "n": 226, "mean": -0.025896663766692547, "sd": 0.010732340994655639, "median": -0.025954012574083002, "q16_84": [-0.03688558675823153, -0.014809105182241253], "q025_975": [-0.04639697063288672, -0.005631914762155941], "p_negative": 0.9939622641509434, "scatter_mean": 0.027268513858028635, "retained_draws": 10600, "seed": 20260936, "rhat_retained": {"alpha": 1.003630314983747, "beta": 1.002585309662073, "sigsqr": 1.0419396513383408}}
START all_rows_hr_tripp_error_no_covadd_0.2 130

Iteration:  100
Rhat values for alpha, beta, log(sigma^2), mean(xi), log(var(xi)), atanh(corr(xi, eta)):
[1.02192446 1.02270025 1.29813788 0.99766461 1.0049194  1.93022097]

Iteration:  200
Rhat values for alpha, beta, log(sigma^2), mean(xi), log(var(xi)), atanh(corr(xi, eta)):
[1.01120475 1.01761014 1.16255438 0.99509343 1.00165127 1.24458305]

Iteration:  300
Rhat values for alpha, beta, log(sigma^2), mean(xi), log(var(xi)), atanh(corr(xi, eta)):
[1.00616795 1.01081919 1.17305037 1.01128693 1.00112451 1.16417919]

Iteration:  400
Rhat values for alpha, beta, log(sigma^2), mean(xi), log(var(xi)), atanh(corr(xi, eta)):
[1.00935226 1.01043846 1.19997829 1.02179491 1.00035331 1.19755034]

Iteration:  500
Rhat values for alpha, beta, log(sigma^2), mean(xi), log(var(xi)), atanh(corr(xi, eta)):
[1.00272961 1.00303055 1.09162667 1.02959203 0.99969232 1.0618445 ]

Iteration:  600
Rhat values for alpha, beta, log(sigma^2), mean(xi), log(var(xi)), atanh(corr(xi, eta)):
[1.00359374 1.00791667 1.0798468  1.01997136 0.99937224 1.05565456]

Iteration:  700
Rhat values for alpha, beta, log(sigma^2), mean(xi), log(var(xi)), atanh(corr(xi, eta)):
[1.00697482 1.01318032 1.08837348 1.01781031 0.99932564 1.07031959]

Iteration:  800
Rhat values for alpha, beta, log(sigma^2), mean(xi), log(var(xi)), atanh(corr(xi, eta)):
[1.01317012 1.02161011 1.04750805 1.01155373 0.99939974 1.05466817]

Iteration:  900
Rhat values for alpha, beta, log(sigma^2), mean(xi), log(var(xi)), atanh(corr(xi, eta)):
[1.01449043 1.02737532 1.05809507 1.00644643 0.99948778 1.06086916]

Iteration:  1000
Rhat values for alpha, beta, log(sigma^2), mean(xi), log(var(xi)), atanh(corr(xi, eta)):
[1.01125658 1.02371677 1.07395442 1.00391769 0.99960252 1.07633058]

Iteration:  1100
Rhat values for alpha, beta, log(sigma^2), mean(xi), log(var(xi)), atanh(corr(xi, eta)):
[1.00942581 1.01965956 1.06853216 1.00434336 0.99962856 1.0775348 ]

Iteration:  1200
Rhat values for alpha, beta, log(sigma^2), mean(xi), log(var(xi)), atanh(corr(xi, eta)):
[1.00972066 1.01855689 1.08082977 1.0056842  0.99973514 1.08393023]

Iteration:  1300
Rhat values for alpha, beta, log(sigma^2), mean(xi), log(var(xi)), atanh(corr(xi, eta)):
[1.01298058 1.02357556 1.09106888 1.01076425 0.99974516 1.09915847]

Iteration:  1400
Rhat values for alpha, beta, log(sigma^2), mean(xi), log(var(xi)), atanh(corr(xi, eta)):
[1.01113087 1.0204085  1.08552816 1.01062732 0.99979386 1.08986498]

Iteration:  1500
Rhat values for alpha, beta, log(sigma^2), mean(xi), log(var(xi)), atanh(corr(xi, eta)):
[1.01155537 1.01729414 1.0620964  1.01172502 0.99975549 1.06375793]

Iteration:  1600
Rhat values for alpha, beta, log(sigma^2), mean(xi), log(var(xi)), atanh(corr(xi, eta)):
[1.01406127 1.01688357 1.04447479 1.01175148 0.99973854 1.04086289]

Iteration:  1700
Rhat values for alpha, beta, log(sigma^2), mean(xi), log(var(xi)), atanh(corr(xi, eta)):
[1.01693604 1.01774529 1.0410846  1.01053932 0.99971677 1.03560766]

Iteration:  1800
Rhat values for alpha, beta, log(sigma^2), mean(xi), log(var(xi)), atanh(corr(xi, eta)):
[1.0218227  1.021732   1.04824961 1.00846785 0.99974899 1.04051282]

Iteration:  1900
Rhat values for alpha, beta, log(sigma^2), mean(xi), log(var(xi)), atanh(corr(xi, eta)):
[1.02389136 1.02389894 1.05092633 1.01034742 0.99972289 1.04993807]

Iteration:  2000
Rhat values for alpha, beta, log(sigma^2), mean(xi), log(var(xi)), atanh(corr(xi, eta)):
[1.02991959 1.03014654 1.05154723 1.01067353 0.9996764  1.05356541]

Iteration:  2100
Rhat values for alpha, beta, log(sigma^2), mean(xi), log(var(xi)), atanh(corr(xi, eta)):
[1.03108234 1.03141807 1.06019187 1.01036666 0.99975828 1.06242638]

Iteration:  2200
Rhat values for alpha, beta, log(sigma^2), mean(xi), log(var(xi)), atanh(corr(xi, eta)):
[1.03298686 1.03413885 1.06177534 1.00810379 0.99976504 1.07936098]

Iteration:  2300
Rhat values for alpha, beta, log(sigma^2), mean(xi), log(var(xi)), atanh(corr(xi, eta)):
[1.03404109 1.03567334 1.0619589  1.00606174 0.99969719 1.09610311]

Iteration:  2400
Rhat values for alpha, beta, log(sigma^2), mean(xi), log(var(xi)), atanh(corr(xi, eta)):
[1.03140444 1.0329755  1.05545839 1.00420858 0.99966738 1.10205288]

Iteration:  2500
Rhat values for alpha, beta, log(sigma^2), mean(xi), log(var(xi)), atanh(corr(xi, eta)):
[1.03175458 1.03288904 1.05103804 1.00330313 0.99967527 1.10521686]

Iteration:  2600
Rhat values for alpha, beta, log(sigma^2), mean(xi), log(var(xi)), atanh(corr(xi, eta)):
[1.03528561 1.03744955 1.05685345 1.00216718 0.99973422 1.11674973]

Iteration:  2700
Rhat values for alpha, beta, log(sigma^2), mean(xi), log(var(xi)), atanh(corr(xi, eta)):
[1.03772583 1.04179012 1.06075613 1.00100327 0.99985865 1.12084785]

Iteration:  2800
Rhat values for alpha, beta, log(sigma^2), mean(xi), log(var(xi)), atanh(corr(xi, eta)):
[1.03798639 1.04338964 1.06739434 1.00076738 0.99974376 1.12631898]

Iteration:  2900
Rhat values for alpha, beta, log(sigma^2), mean(xi), log(var(xi)), atanh(corr(xi, eta)):
[1.03892677 1.0461969  1.07295988 1.00151264 0.99976511 1.13277975]

Iteration:  3000
Rhat values for alpha, beta, log(sigma^2), mean(xi), log(var(xi)), atanh(corr(xi, eta)):
[1.03593956 1.04437535 1.07319772 1.00180552 0.99978363 1.1305283 ]

Iteration:  3100
Rhat values for alpha, beta, log(sigma^2), mean(xi), log(var(xi)), atanh(corr(xi, eta)):
[1.03631426 1.04704743 1.06955261 1.00176461 0.9997984  1.12997199]

Iteration:  3200
Rhat values for alpha, beta, log(sigma^2), mean(xi), log(var(xi)), atanh(corr(xi, eta)):
[1.04214933 1.05501431 1.06613383 1.00153421 0.9998771  1.13062969]

Iteration:  3300
Rhat values for alpha, beta, log(sigma^2), mean(xi), log(var(xi)), atanh(corr(xi, eta)):
[1.04856774 1.06248716 1.06985173 1.0013283  0.99999993 1.13818337]

Iteration:  3400
Rhat values for alpha, beta, log(sigma^2), mean(xi), log(var(xi)), atanh(corr(xi, eta)):
[1.04836201 1.06193117 1.06994551 1.0011807  0.99999995 1.138834  ]

Iteration:  3500
Rhat values for alpha, beta, log(sigma^2), mean(xi), log(var(xi)), atanh(corr(xi, eta)):
[1.04944141 1.06292563 1.06307867 1.00045276 0.99999994 1.13306179]

Iteration:  3600
Rhat values for alpha, beta, log(sigma^2), mean(xi), log(var(xi)), atanh(corr(xi, eta)):
[1.04908443 1.06258583 1.05863413 1.00010194 0.99999995 1.12898793]

Iteration:  3700
Rhat values for alpha, beta, log(sigma^2), mean(xi), log(var(xi)), atanh(corr(xi, eta)):
[1.04911047 1.06285056 1.06149498 1.00031824 0.99999998 1.13269418]

Iteration:  3800
Rhat values for alpha, beta, log(sigma^2), mean(xi), log(var(xi)), atanh(corr(xi, eta)):
[1.04739192 1.06056796 1.06351225 1.00033402 0.99999991 1.13317695]

Iteration:  3900
Rhat values for alpha, beta, log(sigma^2), mean(xi), log(var(xi)), atanh(corr(xi, eta)):
[1.04353686 1.05625892 1.06342944 1.00025809 0.99999991 1.12779005]

Iteration:  4000
Rhat values for alpha, beta, log(sigma^2), mean(xi), log(var(xi)), atanh(corr(xi, eta)):
[1.04013418 1.05210063 1.06027475 1.00000811 1.00000113 1.11734779]

Iteration:  4100
Rhat values for alpha, beta, log(sigma^2), mean(xi), log(var(xi)), atanh(corr(xi, eta)):
[1.03922516 1.05275382 1.05590885 1.00003678 1.00000094 1.11013705]

Iteration:  4200
Rhat values for alpha, beta, log(sigma^2), mean(xi), log(var(xi)), atanh(corr(xi, eta)):
[1.03620741 1.04927213 1.05452038 1.00004545 1.00000093 1.1031315 ]

Iteration:  4300
Rhat values for alpha, beta, log(sigma^2), mean(xi), log(var(xi)), atanh(corr(xi, eta)):
[1.0336836  1.04633638 1.05513712 1.00013972 1.00000075 1.10003762]

Iteration:  4400
Rhat values for alpha, beta, log(sigma^2), mean(xi), log(var(xi)), atanh(corr(xi, eta)):
[1.03296816 1.04618277 1.05563681 1.00033808 1.00000068 1.0997605 ]

Iteration:  4500
Rhat values for alpha, beta, log(sigma^2), mean(xi), log(var(xi)), atanh(corr(xi, eta)):
[1.0297923  1.04231678 1.05164902 1.00051391 1.00000064 1.09256143]

Iteration:  4600
Rhat values for alpha, beta, log(sigma^2), mean(xi), log(var(xi)), atanh(corr(xi, eta)):
[1.029575   1.04184128 1.04705399 1.0004243  1.00000056 1.08761265]

Iteration:  4700
Rhat values for alpha, beta, log(sigma^2), mean(xi), log(var(xi)), atanh(corr(xi, eta)):
[1.03072292 1.04368156 1.0480816  1.00021087 1.00000059 1.09039491]

Iteration:  4800
Rhat values for alpha, beta, log(sigma^2), mean(xi), log(var(xi)), atanh(corr(xi, eta)):
[1.03227386 1.04609827 1.0503723  1.00009611 1.0000006  1.095237  ]

Iteration:  4900
Rhat values for alpha, beta, log(sigma^2), mean(xi), log(var(xi)), atanh(corr(xi, eta)):
[1.03455986 1.04909215 1.05225951 1.00001427 0.99999885 1.10018518]

Iteration:  5000
Rhat values for alpha, beta, log(sigma^2), mean(xi), log(var(xi)), atanh(corr(xi, eta)):
[1.03691302 1.05106336 1.05124199 1.00001178 0.99999889 1.10058669]

Iteration:  5100
Rhat values for alpha, beta, log(sigma^2), mean(xi), log(var(xi)), atanh(corr(xi, eta)):
[1.03908035 1.0521553  1.05343248 0.99996779 0.99999899 1.10550564]

Iteration:  5200
Rhat values for alpha, beta, log(sigma^2), mean(xi), log(var(xi)), atanh(corr(xi, eta)):
[1.0428     1.05559468 1.05460104 1.00000773 0.99999898 1.11027227]

Iteration:  5300
Rhat values for alpha, beta, log(sigma^2), mean(xi), log(var(xi)), atanh(corr(xi, eta)):
[1.04255735 1.05407332 1.05343742 1.00011256 0.99999901 1.10759219]

Iteration:  5400
Rhat values for alpha, beta, log(sigma^2), mean(xi), log(var(xi)), atanh(corr(xi, eta)):
[1.03975637 1.04932009 1.04824559 1.00002144 0.99999902 1.09723968]
{"name": "all_rows_hr_tripp_error_no_covadd_0.2", "n": 130, "mean": -0.03363350855766425, "sd": 0.011963389774961917, "median": -0.033250791103039135, "q16_84": [-0.04601311415208034, -0.021994332805614535], "q025_975": [-0.05748777310491982, -0.01030437172770074], "p_negative": 0.9976851851851852, "scatter_mean": 0.028983302272368543, "retained_draws": 10800, "seed": 20260937, "rhat_retained": {"alpha": 1.034267334101672, "beta": 1.037847735740042, "sigsqr": 1.0111556226506575}}
START C25_G11_hr_C25 199

Iteration:  100
Rhat values for alpha, beta, log(sigma^2), mean(xi), log(var(xi)), atanh(corr(xi, eta)):
[0.99965924 0.99672363 1.05005888 1.06971751 1.00171491 1.01171545]

Iteration:  200
Rhat values for alpha, beta, log(sigma^2), mean(xi), log(var(xi)), atanh(corr(xi, eta)):
[0.99650298 0.99752666 1.03358434 1.01637225 1.05448461 1.01555156]

Iteration:  300
Rhat values for alpha, beta, log(sigma^2), mean(xi), log(var(xi)), atanh(corr(xi, eta)):
[1.00034532 0.99915253 1.01587851 1.00268139 1.00980774 1.00274185]

Iteration:  400
Rhat values for alpha, beta, log(sigma^2), mean(xi), log(var(xi)), atanh(corr(xi, eta)):
[1.0025101  1.00208919 1.0090327  1.02849276 1.00301887 1.00146372]

Iteration:  500
Rhat values for alpha, beta, log(sigma^2), mean(xi), log(var(xi)), atanh(corr(xi, eta)):
[1.00267758 1.00150611 1.00406231 1.02891733 1.01261519 1.00061261]

Iteration:  600
Rhat values for alpha, beta, log(sigma^2), mean(xi), log(var(xi)), atanh(corr(xi, eta)):
[1.00125918 1.00044915 1.00537738 1.01935487 1.01125756 1.00403932]

Iteration:  700
Rhat values for alpha, beta, log(sigma^2), mean(xi), log(var(xi)), atanh(corr(xi, eta)):
[1.00071333 1.00136906 1.01450317 1.02546216 1.01234752 1.00783957]

Iteration:  800
Rhat values for alpha, beta, log(sigma^2), mean(xi), log(var(xi)), atanh(corr(xi, eta)):
[1.00201706 1.00433461 1.02007699 1.01943468 1.00424689 1.01347536]

Iteration:  900
Rhat values for alpha, beta, log(sigma^2), mean(xi), log(var(xi)), atanh(corr(xi, eta)):
[1.00183997 1.00387248 1.02017129 1.0101515  1.00478877 1.0159135 ]

Iteration:  1000
Rhat values for alpha, beta, log(sigma^2), mean(xi), log(var(xi)), atanh(corr(xi, eta)):
[0.99953158 1.00065454 1.01099506 1.00799557 1.00489976 1.01034443]

Iteration:  1100
Rhat values for alpha, beta, log(sigma^2), mean(xi), log(var(xi)), atanh(corr(xi, eta)):
[0.99927033 1.00005338 1.00707328 1.00778652 1.00479408 1.0081039 ]

Iteration:  1200
Rhat values for alpha, beta, log(sigma^2), mean(xi), log(var(xi)), atanh(corr(xi, eta)):
[0.99977518 1.00085546 1.00445174 1.00608    1.0056922  1.00651636]

Iteration:  1300
Rhat values for alpha, beta, log(sigma^2), mean(xi), log(var(xi)), atanh(corr(xi, eta)):
[1.00015209 1.00104084 1.00255778 1.0045903  1.00499687 1.00415906]

Iteration:  1400
Rhat values for alpha, beta, log(sigma^2), mean(xi), log(var(xi)), atanh(corr(xi, eta)):
[1.00092767 1.00199207 1.00392676 1.00409603 1.00403043 1.00600319]

Iteration:  1500
Rhat values for alpha, beta, log(sigma^2), mean(xi), log(var(xi)), atanh(corr(xi, eta)):
[1.00070554 1.00120126 1.00604985 1.0049366  1.00421439 1.00813803]

Iteration:  1600
Rhat values for alpha, beta, log(sigma^2), mean(xi), log(var(xi)), atanh(corr(xi, eta)):
[1.00351828 1.00442813 1.01006806 1.00606954 1.00407464 1.01538539]

Iteration:  1700
Rhat values for alpha, beta, log(sigma^2), mean(xi), log(var(xi)), atanh(corr(xi, eta)):
[1.00505969 1.00555685 1.01277723 1.00356788 1.0035805  1.01905621]

Iteration:  1800
Rhat values for alpha, beta, log(sigma^2), mean(xi), log(var(xi)), atanh(corr(xi, eta)):
[1.00729388 1.0075224  1.01328602 1.00396151 1.00271555 1.0199615 ]

Iteration:  1900
Rhat values for alpha, beta, log(sigma^2), mean(xi), log(var(xi)), atanh(corr(xi, eta)):
[1.00718887 1.00786661 1.01097245 1.00433258 1.0022123  1.01817905]

Iteration:  2000
Rhat values for alpha, beta, log(sigma^2), mean(xi), log(var(xi)), atanh(corr(xi, eta)):
[1.00846793 1.0093364  1.01149395 1.00283329 1.00193372 1.02019132]

Iteration:  2100
Rhat values for alpha, beta, log(sigma^2), mean(xi), log(var(xi)), atanh(corr(xi, eta)):
[1.00666226 1.00722665 1.00947407 1.00188454 1.00213417 1.01704371]

Iteration:  2200
Rhat values for alpha, beta, log(sigma^2), mean(xi), log(var(xi)), atanh(corr(xi, eta)):
[1.00532193 1.00554114 1.01011083 1.00109395 1.00247983 1.01559871]

Iteration:  2300
Rhat values for alpha, beta, log(sigma^2), mean(xi), log(var(xi)), atanh(corr(xi, eta)):
[1.00420567 1.00467143 1.0099298  1.00100214 1.00249383 1.01278888]

Iteration:  2400
Rhat values for alpha, beta, log(sigma^2), mean(xi), log(var(xi)), atanh(corr(xi, eta)):
[1.00377571 1.00468273 1.00910505 1.00073765 1.00214029 1.0107225 ]

Iteration:  2500
Rhat values for alpha, beta, log(sigma^2), mean(xi), log(var(xi)), atanh(corr(xi, eta)):
[1.00414016 1.00504295 1.00848023 1.00059632 1.00189761 1.01094203]

Iteration:  2600
Rhat values for alpha, beta, log(sigma^2), mean(xi), log(var(xi)), atanh(corr(xi, eta)):
[1.00469834 1.00558847 1.00915098 1.00034089 1.00196295 1.01238883]

Iteration:  2700
Rhat values for alpha, beta, log(sigma^2), mean(xi), log(var(xi)), atanh(corr(xi, eta)):
[1.00356046 1.00421892 1.00617688 1.00021989 1.0021086  1.00938468]

Iteration:  2800
Rhat values for alpha, beta, log(sigma^2), mean(xi), log(var(xi)), atanh(corr(xi, eta)):
[1.0047135  1.00570058 1.00811123 1.00021076 1.00205524 1.01117994]

Iteration:  2900
Rhat values for alpha, beta, log(sigma^2), mean(xi), log(var(xi)), atanh(corr(xi, eta)):
[1.00426425 1.00522567 1.00743866 1.000438   1.00207262 1.00968025]

Iteration:  3000
Rhat values for alpha, beta, log(sigma^2), mean(xi), log(var(xi)), atanh(corr(xi, eta)):
[1.00516964 1.00586571 1.00821389 1.00110353 1.00233236 1.01060634]

Iteration:  3100
Rhat values for alpha, beta, log(sigma^2), mean(xi), log(var(xi)), atanh(corr(xi, eta)):
[1.00589613 1.00633427 1.00749893 1.00173569 0.9998368  1.0105519 ]

Iteration:  3200
Rhat values for alpha, beta, log(sigma^2), mean(xi), log(var(xi)), atanh(corr(xi, eta)):
[1.00742892 1.00780288 1.00962557 1.00128842 0.99986534 1.01241244]

Iteration:  3300
Rhat values for alpha, beta, log(sigma^2), mean(xi), log(var(xi)), atanh(corr(xi, eta)):
[1.00835913 1.00847878 1.00944956 1.00134861 0.99987181 1.01296838]

Iteration:  3400
Rhat values for alpha, beta, log(sigma^2), mean(xi), log(var(xi)), atanh(corr(xi, eta)):
[1.00948738 1.00961727 1.00955113 1.00094995 0.99986567 1.01423463]

Iteration:  3500
Rhat values for alpha, beta, log(sigma^2), mean(xi), log(var(xi)), atanh(corr(xi, eta)):
[1.01077768 1.01096855 1.00968952 1.00096772 0.99986079 1.01481518]

Iteration:  3600
Rhat values for alpha, beta, log(sigma^2), mean(xi), log(var(xi)), atanh(corr(xi, eta)):
[1.01208014 1.01218211 1.0093391  1.00091623 0.99985793 1.01527597]

Iteration:  3700
Rhat values for alpha, beta, log(sigma^2), mean(xi), log(var(xi)), atanh(corr(xi, eta)):
[1.01210661 1.0124471  1.00755611 1.000903   0.99986293 1.01423418]

Iteration:  3800
Rhat values for alpha, beta, log(sigma^2), mean(xi), log(var(xi)), atanh(corr(xi, eta)):
[1.01394868 1.01424173 1.00771273 1.00141427 0.99986705 1.0154987 ]

Iteration:  3900
Rhat values for alpha, beta, log(sigma^2), mean(xi), log(var(xi)), atanh(corr(xi, eta)):
[1.01398667 1.01415918 1.00757069 1.00224558 0.99993244 1.01573957]

Iteration:  4000
Rhat values for alpha, beta, log(sigma^2), mean(xi), log(var(xi)), atanh(corr(xi, eta)):
[1.01421695 1.01428272 1.00749992 1.00270096 0.99994512 1.01604705]

Iteration:  4100
Rhat values for alpha, beta, log(sigma^2), mean(xi), log(var(xi)), atanh(corr(xi, eta)):
[1.01349033 1.01338874 1.00606105 1.00275163 0.99994967 1.01385571]

Iteration:  4200
Rhat values for alpha, beta, log(sigma^2), mean(xi), log(var(xi)), atanh(corr(xi, eta)):
[1.0133243  1.01299745 1.00618973 1.00254609 0.9999487  1.01341808]

Iteration:  4300
Rhat values for alpha, beta, log(sigma^2), mean(xi), log(var(xi)), atanh(corr(xi, eta)):
[1.01229562 1.01179504 1.00590134 1.00204091 0.99994966 1.01251073]

Iteration:  4400
Rhat values for alpha, beta, log(sigma^2), mean(xi), log(var(xi)), atanh(corr(xi, eta)):
[1.01372131 1.01333431 1.00608547 1.00130881 0.99993634 1.01336206]

Iteration:  4500
Rhat values for alpha, beta, log(sigma^2), mean(xi), log(var(xi)), atanh(corr(xi, eta)):
[1.01657972 1.01618251 1.0071416  1.00086796 0.99992284 1.01608299]

Iteration:  4600
Rhat values for alpha, beta, log(sigma^2), mean(xi), log(var(xi)), atanh(corr(xi, eta)):
[1.01752909 1.0173195  1.00861279 1.00039026 0.99991633 1.01750717]

Iteration:  4700
Rhat values for alpha, beta, log(sigma^2), mean(xi), log(var(xi)), atanh(corr(xi, eta)):
[1.01744568 1.01759716 1.00812346 1.00047195 0.99990135 1.01696806]

Iteration:  4800
Rhat values for alpha, beta, log(sigma^2), mean(xi), log(var(xi)), atanh(corr(xi, eta)):
[1.01815582 1.01833671 1.00789435 1.00039862 0.99989341 1.01690748]

Iteration:  4900
Rhat values for alpha, beta, log(sigma^2), mean(xi), log(var(xi)), atanh(corr(xi, eta)):
[1.01695197 1.01714462 1.00754825 1.0004253  0.99989283 1.01539312]

Iteration:  5000
Rhat values for alpha, beta, log(sigma^2), mean(xi), log(var(xi)), atanh(corr(xi, eta)):
[1.01668392 1.01708878 1.00735708 1.00042665 0.99989527 1.01546861]
{"name": "C25_G11_hr_C25", "n": 199, "mean": -0.04572633092539861, "sd": 0.014599148165369596, "median": -0.04567400620960975, "q16_84": [-0.060105487416014125, -0.031073773569144175], "q025_975": [-0.07492769955362187, -0.017994084190856508], "p_negative": 0.9989, "scatter_mean": 0.12612571466099065, "retained_draws": 10000, "seed": 20260938, "rhat_retained": {"alpha": 1.0024488422040878, "beta": 1.0029447356940377, "sigsqr": 1.002017891323824}}
START C25_G11_hr_original 199

Iteration:  100
Rhat values for alpha, beta, log(sigma^2), mean(xi), log(var(xi)), atanh(corr(xi, eta)):
[1.0155134  1.01437886 1.0663999  0.99374435 1.05235874 1.03350734]

Iteration:  200
Rhat values for alpha, beta, log(sigma^2), mean(xi), log(var(xi)), atanh(corr(xi, eta)):
[1.01314431 1.01181575 1.01247565 0.99742222 1.00720014 1.01799046]

Iteration:  300
Rhat values for alpha, beta, log(sigma^2), mean(xi), log(var(xi)), atanh(corr(xi, eta)):
[1.01982349 1.02315613 1.02776202 1.00844834 1.00609775 1.02290236]

Iteration:  400
Rhat values for alpha, beta, log(sigma^2), mean(xi), log(var(xi)), atanh(corr(xi, eta)):
[1.00689391 1.01007954 1.00624975 1.01284219 1.0186111  1.00280222]

Iteration:  500
Rhat values for alpha, beta, log(sigma^2), mean(xi), log(var(xi)), atanh(corr(xi, eta)):
[1.01113339 1.01601407 1.00555451 1.0311611  1.03259071 1.00467787]

Iteration:  600
Rhat values for alpha, beta, log(sigma^2), mean(xi), log(var(xi)), atanh(corr(xi, eta)):
[1.0195512  1.02539079 1.00504655 1.03111075 1.00000013 1.00632256]

Iteration:  700
Rhat values for alpha, beta, log(sigma^2), mean(xi), log(var(xi)), atanh(corr(xi, eta)):
[1.01799311 1.02206624 1.00576888 1.01899483 1.00000012 1.00761507]

Iteration:  800
Rhat values for alpha, beta, log(sigma^2), mean(xi), log(var(xi)), atanh(corr(xi, eta)):
[1.02118915 1.02440816 1.00427638 1.01436631 1.00000011 1.0074936 ]

Iteration:  900
Rhat values for alpha, beta, log(sigma^2), mean(xi), log(var(xi)), atanh(corr(xi, eta)):
[1.01662549 1.0192704  1.00370629 1.01266465 1.0000001  1.00758531]

Iteration:  1000
Rhat values for alpha, beta, log(sigma^2), mean(xi), log(var(xi)), atanh(corr(xi, eta)):
[1.01847506 1.01966878 1.0067456  1.00753561 0.99999942 1.00758469]

Iteration:  1100
Rhat values for alpha, beta, log(sigma^2), mean(xi), log(var(xi)), atanh(corr(xi, eta)):
[1.01033024 1.01131067 1.00527303 1.00421235 0.99999948 1.00441748]

Iteration:  1200
Rhat values for alpha, beta, log(sigma^2), mean(xi), log(var(xi)), atanh(corr(xi, eta)):
[1.01444539 1.01531164 1.00574716 1.00267189 0.99999952 1.00631349]

Iteration:  1300
Rhat values for alpha, beta, log(sigma^2), mean(xi), log(var(xi)), atanh(corr(xi, eta)):
[1.00861765 1.00896763 1.00335346 1.00085891 0.99999954 1.00498209]

Iteration:  1400
Rhat values for alpha, beta, log(sigma^2), mean(xi), log(var(xi)), atanh(corr(xi, eta)):
[1.01038432 1.01022412 1.00284111 0.99976462 0.99999957 1.00719562]

Iteration:  1500
Rhat values for alpha, beta, log(sigma^2), mean(xi), log(var(xi)), atanh(corr(xi, eta)):
[1.00796864 1.00783962 1.00150667 0.99946014 0.99999958 1.00525933]

Iteration:  1600
Rhat values for alpha, beta, log(sigma^2), mean(xi), log(var(xi)), atanh(corr(xi, eta)):
[1.00918273 1.00864601 1.00349088 0.99967369 0.99999963 1.00719315]

Iteration:  1700
Rhat values for alpha, beta, log(sigma^2), mean(xi), log(var(xi)), atanh(corr(xi, eta)):
[1.00891623 1.00861423 1.00207671 0.9998463  0.99999964 1.00583597]

Iteration:  1800
Rhat values for alpha, beta, log(sigma^2), mean(xi), log(var(xi)), atanh(corr(xi, eta)):
[1.00949988 1.00959309 1.00254967 1.00037723 0.99999965 1.00662249]

Iteration:  1900
Rhat values for alpha, beta, log(sigma^2), mean(xi), log(var(xi)), atanh(corr(xi, eta)):
[1.01028601 1.01038331 1.00283034 1.00065863 0.99999967 1.00819975]

Iteration:  2000
Rhat values for alpha, beta, log(sigma^2), mean(xi), log(var(xi)), atanh(corr(xi, eta)):
[1.0085975  1.00863038 1.00202902 1.00082884 0.99999968 1.00692731]

Iteration:  2100
Rhat values for alpha, beta, log(sigma^2), mean(xi), log(var(xi)), atanh(corr(xi, eta)):
[1.00882634 1.008552   1.00219634 0.99987875 0.99999971 1.00840713]

Iteration:  2200
Rhat values for alpha, beta, log(sigma^2), mean(xi), log(var(xi)), atanh(corr(xi, eta)):
[1.00768716 1.00764694 1.00184047 0.99987323 0.99999972 1.00725719]

Iteration:  2300
Rhat values for alpha, beta, log(sigma^2), mean(xi), log(var(xi)), atanh(corr(xi, eta)):
[1.0085707  1.00860184 1.00213129 1.00001775 0.99999972 1.00791403]

Iteration:  2400
Rhat values for alpha, beta, log(sigma^2), mean(xi), log(var(xi)), atanh(corr(xi, eta)):
[1.0080159  1.00793557 1.00192135 1.00018486 0.99999973 1.0073511 ]

Iteration:  2500
Rhat values for alpha, beta, log(sigma^2), mean(xi), log(var(xi)), atanh(corr(xi, eta)):
[1.00472409 1.00457717 1.00130273 1.00032464 0.99999973 1.00478122]

Iteration:  2600
Rhat values for alpha, beta, log(sigma^2), mean(xi), log(var(xi)), atanh(corr(xi, eta)):
[1.00327015 1.00330283 1.00095197 1.00006213 0.99999975 1.00345147]

Iteration:  2700
Rhat values for alpha, beta, log(sigma^2), mean(xi), log(var(xi)), atanh(corr(xi, eta)):
[1.00231788 1.00239407 1.00072221 1.00008295 0.99999975 1.00221483]

Iteration:  2800
Rhat values for alpha, beta, log(sigma^2), mean(xi), log(var(xi)), atanh(corr(xi, eta)):
[1.00151552 1.00153186 1.00065041 1.00022543 0.99999975 1.00167947]

Iteration:  2900
Rhat values for alpha, beta, log(sigma^2), mean(xi), log(var(xi)), atanh(corr(xi, eta)):
[1.00100665 1.00097956 1.0015642  1.00015418 0.99999975 1.00154855]

Iteration:  3000
Rhat values for alpha, beta, log(sigma^2), mean(xi), log(var(xi)), atanh(corr(xi, eta)):
[1.00115838 1.00118725 1.00264513 1.00047248 0.99999976 1.00195365]

Iteration:  3100
Rhat values for alpha, beta, log(sigma^2), mean(xi), log(var(xi)), atanh(corr(xi, eta)):
[1.00063402 1.00087433 1.00198185 1.00102083 0.99999977 1.00123897]

Iteration:  3200
Rhat values for alpha, beta, log(sigma^2), mean(xi), log(var(xi)), atanh(corr(xi, eta)):
[1.00066899 1.00108371 1.00205212 1.0008358  0.99999979 1.00133121]

Iteration:  3300
Rhat values for alpha, beta, log(sigma^2), mean(xi), log(var(xi)), atanh(corr(xi, eta)):
[1.00117627 1.00170745 1.00279276 1.00080825 0.99999979 1.00192748]

Iteration:  3400
Rhat values for alpha, beta, log(sigma^2), mean(xi), log(var(xi)), atanh(corr(xi, eta)):
[1.00067066 1.00102086 1.00244773 1.00073155 0.9999998  1.00149654]

Iteration:  3500
Rhat values for alpha, beta, log(sigma^2), mean(xi), log(var(xi)), atanh(corr(xi, eta)):
[1.00108913 1.00146173 1.0023117  1.00075713 0.9999998  1.00197743]

Iteration:  3600
Rhat values for alpha, beta, log(sigma^2), mean(xi), log(var(xi)), atanh(corr(xi, eta)):
[1.00133954 1.00172347 1.00155185 1.00070459 0.9999998  1.00150166]

Iteration:  3700
Rhat values for alpha, beta, log(sigma^2), mean(xi), log(var(xi)), atanh(corr(xi, eta)):
[1.001343   1.00165781 1.00132602 1.00083516 0.99999981 1.00153034]

Iteration:  3800
Rhat values for alpha, beta, log(sigma^2), mean(xi), log(var(xi)), atanh(corr(xi, eta)):
[1.00102053 1.00124933 1.00134293 1.00060838 0.99999982 1.00136027]

Iteration:  3900
Rhat values for alpha, beta, log(sigma^2), mean(xi), log(var(xi)), atanh(corr(xi, eta)):
[1.00082837 1.00098716 1.00160491 1.00031574 0.99999982 1.00138353]

Iteration:  4000
Rhat values for alpha, beta, log(sigma^2), mean(xi), log(var(xi)), atanh(corr(xi, eta)):
[1.00025045 1.00032657 1.00088852 1.00031664 0.99999983 1.00070634]

Iteration:  4100
Rhat values for alpha, beta, log(sigma^2), mean(xi), log(var(xi)), atanh(corr(xi, eta)):
[1.00007472 1.00012056 1.0006789  1.00034111 0.99999984 1.00023997]

Iteration:  4200
Rhat values for alpha, beta, log(sigma^2), mean(xi), log(var(xi)), atanh(corr(xi, eta)):
[0.9999     0.99991368 1.0008429  1.00067782 0.99999984 1.00013729]

Iteration:  4300
Rhat values for alpha, beta, log(sigma^2), mean(xi), log(var(xi)), atanh(corr(xi, eta)):
[0.9999779  0.99997303 1.00088674 1.00055544 0.99999985 1.00006261]

Iteration:  4400
Rhat values for alpha, beta, log(sigma^2), mean(xi), log(var(xi)), atanh(corr(xi, eta)):
[1.00012644 1.00012696 1.00087582 1.00040898 0.99999986 1.0000967 ]

Iteration:  4500
Rhat values for alpha, beta, log(sigma^2), mean(xi), log(var(xi)), atanh(corr(xi, eta)):
[1.00012781 1.00013809 1.00082518 1.00077882 0.99999987 1.00011768]

Iteration:  4600
Rhat values for alpha, beta, log(sigma^2), mean(xi), log(var(xi)), atanh(corr(xi, eta)):
[1.00029157 1.00031548 1.00178339 1.00086626 0.99999988 1.00081452]

Iteration:  4700
Rhat values for alpha, beta, log(sigma^2), mean(xi), log(var(xi)), atanh(corr(xi, eta)):
[1.00033802 1.00034982 1.00167195 1.0008049  0.99999988 1.00113881]

Iteration:  4800
Rhat values for alpha, beta, log(sigma^2), mean(xi), log(var(xi)), atanh(corr(xi, eta)):
[1.0007382  1.00076248 1.0016298  1.0006561  0.99999988 1.0017515 ]

Iteration:  4900
Rhat values for alpha, beta, log(sigma^2), mean(xi), log(var(xi)), atanh(corr(xi, eta)):
[1.00077743 1.00086764 1.00160006 1.000424   0.99999988 1.00187769]

Iteration:  5000
Rhat values for alpha, beta, log(sigma^2), mean(xi), log(var(xi)), atanh(corr(xi, eta)):
[1.00108977 1.00124637 1.00148939 1.00009996 0.99999988 1.00207666]
{"name": "C25_G11_hr_original", "n": 199, "mean": -0.036258472665803725, "sd": 0.015215443966304023, "median": -0.036262025157466515, "q16_84": [-0.05138731548512436, -0.021409283672554232], "q025_975": [-0.06561036990618392, -0.006031337751281634], "p_negative": 0.9896, "scatter_mean": 0.12953716091670153, "retained_draws": 10000, "seed": 20260939, "rhat_retained": {"alpha": 1.005362763387878, "beta": 1.0055699055634169, "sigsqr": 1.0035729850165866}}
START C25_R19_hr_C25 102

Iteration:  100
Rhat values for alpha, beta, log(sigma^2), mean(xi), log(var(xi)), atanh(corr(xi, eta)):
[1.05354738 1.06098226 1.11170122 1.05330306 1.00827945 1.13350164]

Iteration:  200
Rhat values for alpha, beta, log(sigma^2), mean(xi), log(var(xi)), atanh(corr(xi, eta)):
[1.02640231 1.02360386 1.06172987 1.01771313 0.99739507 1.0311818 ]

Iteration:  300
Rhat values for alpha, beta, log(sigma^2), mean(xi), log(var(xi)), atanh(corr(xi, eta)):
[1.00991478 1.00956555 1.02632158 1.02037111 1.0075199  1.00740999]

Iteration:  400
Rhat values for alpha, beta, log(sigma^2), mean(xi), log(var(xi)), atanh(corr(xi, eta)):
[1.00684054 1.00775525 1.00786045 1.01799932 1.00774267 1.00086165]

Iteration:  500
Rhat values for alpha, beta, log(sigma^2), mean(xi), log(var(xi)), atanh(corr(xi, eta)):
[1.00773975 1.00830139 1.01273687 1.01027645 1.00148952 1.00087356]

Iteration:  600
Rhat values for alpha, beta, log(sigma^2), mean(xi), log(var(xi)), atanh(corr(xi, eta)):
[1.00701076 1.0071192  1.00831384 1.0050653  1.00177934 1.00070147]

Iteration:  700
Rhat values for alpha, beta, log(sigma^2), mean(xi), log(var(xi)), atanh(corr(xi, eta)):
[1.00457952 1.00559502 1.00804878 1.00751433 1.0015397  1.00059882]

Iteration:  800
Rhat values for alpha, beta, log(sigma^2), mean(xi), log(var(xi)), atanh(corr(xi, eta)):
[1.00373795 1.00407816 1.00749189 1.00807644 1.00186962 1.0001321 ]

Iteration:  900
Rhat values for alpha, beta, log(sigma^2), mean(xi), log(var(xi)), atanh(corr(xi, eta)):
[1.00661283 1.00737263 1.00963744 1.00886173 1.00234537 1.00316965]

Iteration:  1000
Rhat values for alpha, beta, log(sigma^2), mean(xi), log(var(xi)), atanh(corr(xi, eta)):
[1.00444792 1.00469607 1.00848103 1.00832426 1.0023235  1.00204099]

Iteration:  1100
Rhat values for alpha, beta, log(sigma^2), mean(xi), log(var(xi)), atanh(corr(xi, eta)):
[1.00275803 1.0033299  1.00536423 1.01121368 1.00238123 1.0019934 ]

Iteration:  1200
Rhat values for alpha, beta, log(sigma^2), mean(xi), log(var(xi)), atanh(corr(xi, eta)):
[1.00255501 1.00389406 1.00306119 1.01420888 1.00238788 0.99983453]

Iteration:  1300
Rhat values for alpha, beta, log(sigma^2), mean(xi), log(var(xi)), atanh(corr(xi, eta)):
[1.00103965 1.0018169  1.00244969 1.0097384  1.00209338 0.99971761]

Iteration:  1400
Rhat values for alpha, beta, log(sigma^2), mean(xi), log(var(xi)), atanh(corr(xi, eta)):
[1.00214021 1.00326578 1.00383885 1.01031582 1.00194032 0.99988186]

Iteration:  1500
Rhat values for alpha, beta, log(sigma^2), mean(xi), log(var(xi)), atanh(corr(xi, eta)):
[1.00262748 1.00360192 1.00412915 1.00937319 1.00180062 1.00043708]

Iteration:  1600
Rhat values for alpha, beta, log(sigma^2), mean(xi), log(var(xi)), atanh(corr(xi, eta)):
[1.00336416 1.00435997 1.00324497 1.00725165 1.00191384 1.00002274]

Iteration:  1700
Rhat values for alpha, beta, log(sigma^2), mean(xi), log(var(xi)), atanh(corr(xi, eta)):
[1.00225357 1.00332647 1.00165219 1.0077532  1.00183425 0.99998867]

Iteration:  1800
Rhat values for alpha, beta, log(sigma^2), mean(xi), log(var(xi)), atanh(corr(xi, eta)):
[1.00269452 1.00384274 1.00118568 1.00875693 1.00176133 1.00000181]

Iteration:  1900
Rhat values for alpha, beta, log(sigma^2), mean(xi), log(var(xi)), atanh(corr(xi, eta)):
[1.00312564 1.00430603 1.00057432 1.00734512 1.00226603 0.99993348]

Iteration:  2000
Rhat values for alpha, beta, log(sigma^2), mean(xi), log(var(xi)), atanh(corr(xi, eta)):
[1.00371743 1.00522754 1.00053726 1.00805257 0.99996728 0.99984525]

Iteration:  2100
Rhat values for alpha, beta, log(sigma^2), mean(xi), log(var(xi)), atanh(corr(xi, eta)):
[1.00516765 1.00648005 1.00018765 1.00780853 0.99997564 1.00034661]

Iteration:  2200
Rhat values for alpha, beta, log(sigma^2), mean(xi), log(var(xi)), atanh(corr(xi, eta)):
[1.00506365 1.00618024 1.00013948 1.00681083 1.00014923 1.00058143]

Iteration:  2300
Rhat values for alpha, beta, log(sigma^2), mean(xi), log(var(xi)), atanh(corr(xi, eta)):
[1.00679645 1.00822619 1.00034033 1.00698076 1.00012696 1.00045934]

Iteration:  2400
Rhat values for alpha, beta, log(sigma^2), mean(xi), log(var(xi)), atanh(corr(xi, eta)):
[1.00734172 1.00871278 1.00101122 1.00576965 1.00012352 1.00126672]

Iteration:  2500
Rhat values for alpha, beta, log(sigma^2), mean(xi), log(var(xi)), atanh(corr(xi, eta)):
[1.00580078 1.00668009 1.00038899 1.00514812 1.00012437 1.00094358]

Iteration:  2600
Rhat values for alpha, beta, log(sigma^2), mean(xi), log(var(xi)), atanh(corr(xi, eta)):
[1.00475589 1.00589023 1.00028772 1.0062418  1.00012015 1.00094205]

Iteration:  2700
Rhat values for alpha, beta, log(sigma^2), mean(xi), log(var(xi)), atanh(corr(xi, eta)):
[1.00431912 1.00492449 1.00030562 1.0055226  1.00011436 1.00089704]

Iteration:  2800
Rhat values for alpha, beta, log(sigma^2), mean(xi), log(var(xi)), atanh(corr(xi, eta)):
[1.00526948 1.00581202 1.00036518 1.00542336 1.00010872 1.00084555]

Iteration:  2900
Rhat values for alpha, beta, log(sigma^2), mean(xi), log(var(xi)), atanh(corr(xi, eta)):
[1.00480955 1.00539138 1.0002512  1.00474315 1.00010429 1.00067492]

Iteration:  3000
Rhat values for alpha, beta, log(sigma^2), mean(xi), log(var(xi)), atanh(corr(xi, eta)):
[1.00444619 1.00507337 1.00026127 1.00404884 1.00010521 1.00092892]

Iteration:  3100
Rhat values for alpha, beta, log(sigma^2), mean(xi), log(var(xi)), atanh(corr(xi, eta)):
[1.00425814 1.00484664 1.00046984 1.00379993 1.00010071 1.00091363]

Iteration:  3200
Rhat values for alpha, beta, log(sigma^2), mean(xi), log(var(xi)), atanh(corr(xi, eta)):
[1.00425904 1.00473231 1.00078785 1.00326968 1.00009664 1.0008767 ]

Iteration:  3300
Rhat values for alpha, beta, log(sigma^2), mean(xi), log(var(xi)), atanh(corr(xi, eta)):
[1.00369755 1.00415552 1.0004783  1.00304262 1.00009252 1.00054467]

Iteration:  3400
Rhat values for alpha, beta, log(sigma^2), mean(xi), log(var(xi)), atanh(corr(xi, eta)):
[1.00311556 1.00350647 1.00040583 1.00212584 1.00008977 1.00057246]

Iteration:  3500
Rhat values for alpha, beta, log(sigma^2), mean(xi), log(var(xi)), atanh(corr(xi, eta)):
[1.00267623 1.00297775 1.00027356 1.00175418 1.00008438 1.00037173]

Iteration:  3600
Rhat values for alpha, beta, log(sigma^2), mean(xi), log(var(xi)), atanh(corr(xi, eta)):
[1.00257633 1.00293732 1.00031068 1.00204148 1.00007983 1.00054686]

Iteration:  3700
Rhat values for alpha, beta, log(sigma^2), mean(xi), log(var(xi)), atanh(corr(xi, eta)):
[1.00280298 1.00317827 1.00056938 1.00195474 1.00003255 1.00067091]

Iteration:  3800
Rhat values for alpha, beta, log(sigma^2), mean(xi), log(var(xi)), atanh(corr(xi, eta)):
[1.00252035 1.00299555 1.00072127 1.00217041 1.00003106 1.00097863]

Iteration:  3900
Rhat values for alpha, beta, log(sigma^2), mean(xi), log(var(xi)), atanh(corr(xi, eta)):
[1.00203909 1.00241987 1.00044406 1.00221069 0.99996289 1.00037122]

Iteration:  4000
Rhat values for alpha, beta, log(sigma^2), mean(xi), log(var(xi)), atanh(corr(xi, eta)):
[1.00190941 1.00218751 1.00031834 1.00186738 0.99996462 1.000229  ]

Iteration:  4100
Rhat values for alpha, beta, log(sigma^2), mean(xi), log(var(xi)), atanh(corr(xi, eta)):
[1.00183209 1.00208455 1.00031668 1.00188795 0.99996381 1.00022461]

Iteration:  4200
Rhat values for alpha, beta, log(sigma^2), mean(xi), log(var(xi)), atanh(corr(xi, eta)):
[1.00151944 1.0018681  1.00011308 1.00211293 0.99995679 1.00007783]

Iteration:  4300
Rhat values for alpha, beta, log(sigma^2), mean(xi), log(var(xi)), atanh(corr(xi, eta)):
[1.00173351 1.00208385 1.00014855 1.00198507 0.99995888 1.00008601]

Iteration:  4400
Rhat values for alpha, beta, log(sigma^2), mean(xi), log(var(xi)), atanh(corr(xi, eta)):
[1.0018275  1.00212478 1.00001505 1.00142028 0.99996676 0.99986672]

Iteration:  4500
Rhat values for alpha, beta, log(sigma^2), mean(xi), log(var(xi)), atanh(corr(xi, eta)):
[1.00200261 1.00241916 1.00010134 1.0013631  0.9999665  0.99986897]

Iteration:  4600
Rhat values for alpha, beta, log(sigma^2), mean(xi), log(var(xi)), atanh(corr(xi, eta)):
[1.00156669 1.00189878 1.00015989 1.00124123 0.99996567 1.00001924]

Iteration:  4700
Rhat values for alpha, beta, log(sigma^2), mean(xi), log(var(xi)), atanh(corr(xi, eta)):
[1.0012862  1.00161473 1.00018421 1.0016183  0.99996652 1.00004732]

Iteration:  4800
Rhat values for alpha, beta, log(sigma^2), mean(xi), log(var(xi)), atanh(corr(xi, eta)):
[1.00138872 1.00169817 1.00015918 1.0015708  0.9999634  1.00009239]

Iteration:  4900
Rhat values for alpha, beta, log(sigma^2), mean(xi), log(var(xi)), atanh(corr(xi, eta)):
[1.00139071 1.00178479 1.00016936 1.00175554 0.99996418 1.00011502]

Iteration:  5000
Rhat values for alpha, beta, log(sigma^2), mean(xi), log(var(xi)), atanh(corr(xi, eta)):
[1.00169024 1.00216325 1.00011267 1.0018933  0.99996522 1.00004652]
{"name": "C25_R19_hr_C25", "n": 102, "mean": -0.061361284849763977, "sd": 0.014494837434178749, "median": -0.060987588833658124, "q16_84": [-0.07570917725838598, -0.047343951815911875], "q025_975": [-0.0904420061284884, -0.03359987210705446], "p_negative": 1.0, "scatter_mean": 0.1270784139122955, "retained_draws": 10000, "seed": 20260940, "rhat_retained": {"alpha": 1.0019734571923409, "beta": 1.002198964791533, "sigsqr": 1.002920369550697}}
