CID,IDSURVEY,TYPE_refit,FIELD,CUTFLAG_SNANA,ERRFLAG_FIT,RA,DEC,zHEL_refit,zHELERR_refit,zCMB_refit,zCMBERR_refit,zHD_refit,zHDERR_refit,VPEC_refit,VPECERR_refit,LENSDMU,LENSDMUERR,MWEBV_refit,HOST_NMATCH,HOST_NMATCH2,HOST_OBJID,HOST_ZPHOT,HOST_ZPHOTERR,HOST_ZSPEC_refit,HOST_ZSPECERR_refit,HOST_RA_refit,HOST_DEC_refit,HOST_ANGSEP_refit,HOST_DDLR_refit,HOST_CONFUSION,HOST_LOGMASS_refit,HOST_LOGMASS_ERR_refit,HOST_LOGMASS_ZPHOT,HOST_LOGMASS_ZPHOTERR,HOST_LOGSFR,HOST_LOGSFR_ERR,HOST_LOGsSFR,HOST_LOGsSFR_ERR,HOST_COLOR_refit,HOST_COLOR_ERR_refit,HOST_MAG_g,HOST_MAG_r,HOST_MAG_i,HOST_MAG_z,HOST_MAGERR_g,HOST_MAGERR_r,HOST_MAGERR_i,HOST_MAGERR_z,HOST_SBFLUXCAL_g,HOST_SBFLUXCAL_r,HOST_SBFLUXCAL_i,HOST_SBFLUXCAL_z,HOST_SBMAG_g,HOST_SBMAG_r,HOST_SBMAG_i,HOST_SBMAG_z,PKMJDINI,SNRMAX1,SNRMAX2,SNRMAX3,SNRSUM,BANDLIST,OPT_PHOTOZ,PKMJD_refit,PKMJDERR_refit,x1_refit,x1ERR_refit,c_refit,cERR_refit,mB_refit,mBERR_refit,x0_refit,x0ERR_refit,COV_x1_c_refit,COV_x1_x0_refit,COV_c_x0_refit,NDOF_refit,FITCHI2,FITPROB_refit,RADIUS_POP,CIDint,TYPE_published,zHEL_published,zHELERR_published,zCMB_published,zCMBERR_published,zHD_published,zHDERR_published,VPEC_published,VPECERR_published,MWEBV_published,HOST_ZSPEC_published,HOST_ZSPECERR_published,HOST_RA_published,HOST_DEC_published,HOST_ANGSEP_published,HOST_DDLR_published,HOST_LOGMASS_published,HOST_LOGMASS_ERR_published,HOST_COLOR_published,HOST_COLOR_ERR_published,PKMJD_published,PKMJDERR_published,x1_published,x1ERR_published,c_published,cERR_published,mB_published,mBERR_published,mB_corr,x0_published,x0ERR_published,COV_x1_c_published,COV_x1_x0_published,COV_c_x0_published,NDOF_published,FITPROB_published,PROB_SCONE,PROB_SNIRFV19,PROB_SNNDESCC,PROB_SNNJ17,PROB_SNNV19,MU,MUERR_FINAL,PROBCC_BEAMS,biasCor_mu,biasCor_muCOVSCALE,biasCor_muCOVADD
1700105,10,0,C3,3,0,52.415016,-28.440306,0.7658799886703491,0.0010000000474974,0.7651829719543457,0.0010000000474974,0.7651829719543457,0.0020297854207456,0,300,0,0,0.0070556392893195,1,1,117599,-9,-9,0.7659000158309937,0.0010000000474974,52.414812,-28.440268,0.6610000133514404,0.8240000009536743,-9.0,10.628000259399414,0.0080000003799796,-9999,-9999,0.8970000147819519,0.1389999985694885,-9.732999801635742,0.1473838537931442,1.1130000352859497,-999,24.520000457763672,23.420000076293945,22.57999992370605,22.11000061035156,0.0099999997764825,0.0099999997764825,0.0,0.0,2.9200000762939453,8.02999973297119,19.0,26.82999992370605,26.3365421295166,25.238210678100582,24.30311584472656,23.928447723388672,57791.0625,13.140655517578123,12.711424827575684,7.115476131439209,31.32666015625,riz,0,57781.70703125,0.9954909682273864,-0.9859296083450316,0.8999978303909301,0.2040579319000244,0.079969584941864,24.237009048461918,0.0535102784633636,3.6240655845176657e-06,1.786113017487878e-07,0.0181335918605327,-7.913905619716387e-08,-1.5525842833596924e-09,14,9.512033462524414,0.7969191670417785,0.7554263472557067,1700105,0,0.76588,0.001,0.76518,0.001,0.76518,0.00203,0.0,300.0,0.01,0.7659,0.001,52.41481,-28.440268,0.661,0.82,10.63,0.01,1.11,-999.0,57781.707,0.9959,-0.9879,0.9001,0.2041,0.08,24.2368,0.0535,23.8838,3.6248e-06,1.7875e-07,0.0181,-0.0,-0.0,14,0.798,0.5962,0.9333,0.0029,0.0065,0.0,43.207,288.9836,1.0,-0.4236,1.0,0.0029
1652139,10,0,C3,3,0,53.220951,-28.031702,0.7833399772644043,0.0010000000474974,0.7826550006866455,0.0010000000474974,0.7826550006866455,0.0020450183656066,0,300,0,0,0.0061261970549821,1,2,-25122,-9,-9,0.78329998254776,0.0010000000474974,53.220968,-28.031461,0.8690000176429749,0.5569999814033508,-3.926313161849976,11.083999633789062,0.0120000001043081,-9999,-9999,1.1959999799728394,0.2989999949932098,-9.885000228881838,0.3075467348098754,1.350000023841858,-999,24.799999237060547,23.18000030517578,21.940000534057617,21.46999931335449,0.0199999995529651,0.0,0.0,0.0,2.25,11.539999961853027,35.7599983215332,50.880001068115234,26.619543075561523,24.844486236572266,23.61650657653809,23.233631134033203,57763.125,17.181432723999023,14.139902114868164,10.638710021972656,46.682090759277344,riz,0,57762.609375,0.5610489845275878,0.0939393043518066,0.498061716556549,0.0453067459166049,0.0474501103162765,24.08526992797852,0.0424262508749961,4.167656697973143e-06,1.6285544290894904e-07,0.0051301913335919,-5.480574927219095e-08,-5.964158056315226e-10,25,12.562532424926758,0.9814255237579343,0.1542345583438873,1652139,0,0.78334,0.001,0.78266,0.001,0.78266,0.00205,0.0,300.0,0.01,0.7833,0.001,53.220966,-28.031462,0.869,0.56,11.08,0.01,1.35,-999.0,57762.6094,0.5611,0.0938,0.4981,0.0453,0.0474,24.0852,0.0424,24.1036,4.1678e-06,1.6286e-07,0.0051,-0.0,-0.0,25,0.9814,0.9682,0.9748,1.0,0.9993,0.999,43.4268,0.1849,0.0,-0.1257,0.978,0.0
1397029,10,0,C1,3,0,54.639954,-27.672735,0.3599100112915039,0.0010000000474974,0.3594180047512054,0.0010000000474974,0.3594180345535278,0.0016883376520127,0,300,0,0,0.009402310475707,1,2,49434,-9,-9,0.3598999977111816,0.0010000000474974,54.640052,-27.672644,0.4550000131130218,0.6439999938011169,-3.1495394706726074,9.272999763488768,0.0340000018477439,-9999,-9999,0.2680000066757202,0.7879999876022338,-8.982999801635742,0.7957794666290283,0.6110000014305114,-999,23.959999084472656,23.01000022888184,22.729999542236328,22.440000534057617,0.0199999995529651,0.0099999997764825,0.0099999997764825,0.0099999997764825,5.239999771118164,13.949999809265137,18.229999542236328,23.57999992370605,25.7016716003418,24.63856506347656,24.348033905029297,24.068639755249023,57645.24609375,15.710376739501951,14.195571899414062,12.582837104797363,42.01700592041016,griz,0,57654.5625,0.4952573180198669,-0.2419948130846023,0.4414241909980773,-0.0711738020181655,0.037620436400175,22.69127082824707,0.0549462623894214,1.5048443856358062e-05,7.615623189849431e-07,0.0052762096747756,-1.8411121516237475e-07,-1.9592862443573722e-08,58,94.6253662109375,0.0017006169073283,0.2505843043327331,1397029,0,0.35991,0.001,0.35942,0.001,0.35942,0.00169,0.0,300.0,0.01,0.3599,0.001,54.640053,-27.672644,0.455,0.64,9.27,0.03,0.61,-999.0,57655.7656,0.4821,0.9371,0.5665,-0.1817,0.0269,22.7102,0.0529,23.2719,1.4788e-05,7.2103e-07,0.0031,-0.0,-0.0,60,0.0082,0.0,0.125,0.0,0.6874,0.0,42.5951,168.1352,1.0,0.1368,1.0,0.0046
1718059,10,0,C3,3,0,52.708935,-28.887663,0.2469000071287155,0.0010000000474974,0.2464179992675781,0.0010000000474974,0.2464179992675781,0.0015986342914402,0,300,0,0,0.0081526413559913,1,2,118272,-9,-9,0.2469000071287155,0.0010000000474974,52.709957,-28.887574,3.236000061035156,0.6639999747276306,-3.4629151821136475,8.96399974822998,0.0209999997168779,-9999,-9999,0.953000009059906,0.152999997138977,-8.00599956512451,0.1780168563127517,-0.0309999994933605,-999,22.559999465942383,22.18000030517578,22.01000022888184,21.920000076293945,0.0,0.0,0.0,0.0,7.460000038146973,9.40999984741211,11.039999961853027,10.130000114440918,25.318153381347656,25.06602668762207,24.892578125,24.98597717285156,57789.0703125,27.43006706237793,21.383560180664062,18.014917373657227,53.865264892578125,griz,0,57788.796875,0.4971190094947814,-1.860878348350525,0.5162543058395385,-0.1135900169610977,0.0384636260569095,22.74469757080078,0.0477200113236904,1.432587578165112e-05,6.29647388450394e-07,0.0036216713488101,-1.206314266255504e-07,-1.5242285655858723e-08,11,22.88755989074707,0.0183316264301538,0.7267230153083801,1718059,0,0.2469,0.001,0.24642,0.001,0.24642,0.0016,0.0,300.0,0.01,0.2469,0.001,52.709957,-28.887573,3.236,0.66,8.96,0.02,-0.03,-999.0,57789.2344,0.5965,-0.2503,0.6028,-0.0674,0.0348,22.804,0.0455,22.9797,1.3565e-05,5.6855e-07,0.0093,-0.0,-0.0,8,0.0729,0.0032,0.6031,0.9078,0.1043,0.0066,42.3029,147.5353,1.0,-0.0247,1.0,0.0067
1701055,10,0,C3,3,0,52.244515,-28.94447,0.2644599974155426,0.0010000000474974,0.263960987329483,0.0010000000474974,0.2639609575271606,0.0016123676905408,0,300,0,0,0.006719444412738,1,1,117281,-9,-9,0.2644999921321868,0.0010000000474974,52.244401,-28.944373,0.5009999871253967,0.3600000143051147,-9.0,10.217000007629396,0.0130000002682209,-9999,-9999,0.578000009059906,0.0750000029802322,-9.66800022125244,0.0985951349139213,0.5580000281333923,-999,21.309999465942383,20.3700008392334,19.8799991607666,19.530000686645508,0.0,0.0,0.0,0.0,76.52999877929686,177.0800018310547,278.20001220703125,351.82000732421875,22.79042053222656,21.87957763671875,21.38910675048828,21.13419914245605,57778.13671875,77.12348937988281,42.88727951049805,13.747426986694336,131.9163055419922,riz,0,57778.8671875,0.8131066560745239,2.5597357749938965,0.8706140518188475,0.0665323585271835,0.0480898916721343,21.77815055847168,0.058044396340847,3.489310256554745e-05,1.8654154700925572e-06,0.0147259272634983,-7.217183224383917e-07,-8.396225581464024e-08,9,15.82505226135254,0.0706260576844215,0.8815959692001342,1701055,0,0.26446,0.001,0.26396,0.001,0.26396,0.00161,0.0,300.0,0.01,0.2645,0.001,52.2444,-28.944372,0.501,0.36,10.22,0.01,0.56,-999.0,57776.4336,0.3939,0.0835,0.4218,0.0354,0.0377,21.7385,0.0426,21.7149,3.6192e-05,1.4215e-06,0.004,-0.0,-0.0,9,0.0199,0.9973,0.6711,0.9998,0.9982,0.9995,41.0381,0.1533,0.0001,-0.0547,1.0,0.0123
1519038,10,0,C1,3,0,53.196514,-27.119707,0.1199200004339218,0.0010000000474974,0.1194830015301704,0.0010000000474974,0.1194829940795898,0.00150163739454,0,300,0,0,0.0073237470351159,1,1,-23996,-9,-9,0.1199000030755996,0.0010000000474974,53.196007,-27.119045,2.884000062942505,0.962000012397766,-9.0,10.94200038909912,0.0130000002682209,-9999,-9999,1.4570000171661377,0.414000004529953,-9.47700023651123,0.4151590168476104,1.0290000438690186,-999,19.040000915527344,18.059999465942383,17.610000610351562,17.329999923706055,0.0,0.0,0.0,0.0,156.9600067138672,282.2200012207031,445.8200073242188,510.2900085449218,22.01052665710449,21.37353134155273,20.87710189819336,20.730457305908203,57703.05859375,123.24455261230467,121.63811492919922,68.99858856201172,296.49151611328125,gri,0,57702.33984375,0.1372015178203582,0.0390576124191284,0.1416860222816467,0.0874757766723632,0.0187450498342514,19.398370742797848,0.0243599638342857,0.0003123572678305,7.008158718235792e-06,0.0009142359485849,-6.21566300651466e-07,-9.714104010072333e-08,24,63.174671173095696,2.2458301828010008e-05,0.2918764352798461,1519038,0,0.11992,0.001,0.11948,0.001,0.11948,0.0015,0.0,300.0,0.01,0.1199,0.001,53.196007,-27.119045,2.884,0.96,10.94,0.01,1.03,-999.0,57702.3047,0.1662,-0.4251,0.1589,0.1475,0.0227,19.3443,0.0313,18.8921,0.00032831,9.4673e-06,0.0009,-0.0,-0.0,16,0.0013,0.0,0.8842,0.9961,0.9996,1.0,38.2154,0.1805,0.0,-0.0572,1.0,0.0266
1480038,10,1,X2,3,0,35.78344,-6.791725,0.3352999985218048,0.0010000000474974,0.3342300057411193,0.0010000000474974,0.3342299461364746,0.0016680965200066,0,300,0,0,0.0208896528929471,1,1,103731,-9,-9,0.3352999985218048,0.0010000000474974,35.783585,-6.791717,0.5180000066757202,0.4930000007152557,-9.0,10.458999633789062,0.0130000002682209,-9999,-9999,0.9359999895095824,0.3770000040531158,-9.50699996948242,0.3778280019760131,1.0460000038146973,-999,22.200000762939453,20.979999542236328,20.46999931335449,20.1200008392334,0.0,0.0,0.0,0.0,31.65999984741211,105.62000274658205,165.1300048828125,215.7700042724609,23.748722076416016,22.44063377380371,21.955434799194336,21.665021896362305,57681.09765625,27.31788444519043,20.783491134643555,16.133024215698242,79.01163482666014,griz,0,57680.47265625,0.2972794771194458,0.8013529181480407,0.243019014596939,-0.0165030844509601,0.0204045176506042,21.7027587890625,0.0293604899197816,3.740217289305292e-05,1.0114299584529365e-06,0.0007627422455698,-1.623374288328705e-07,-1.0394857419271377e-08,53,39.25846862792969,0.9200028777122496,0.2727232575416564,1480038,1,0.3353,0.001,0.33423,0.001,0.33423,0.00167,0.0,300.0,0.02,0.3353,0.001,35.783584999999995,-6.791717,0.518,0.49,10.46,0.01,1.05,-999.0,57680.4727,0.2973,0.802,0.243,-0.0165,0.0204,21.7028,0.0294,21.9063,3.7399e-05,1.0114e-06,0.0008,-0.0,-0.0,53,0.92,0.9833,1.0,0.9999,1.0,1.0,41.2295,0.1254,0.0,-0.0043,1.0,0.0079
1434201,10,0,X1,3,0,33.97369,-4.228354,0.2642300128936767,0.0010000000474974,0.2631680071353912,0.0010000000474974,0.2631679773330688,0.0016117453342303,0,300,0,0,0.0177147425711154,1,1,101045,-9,-9,0.2642000019550323,0.0010000000474974,33.97361,-4.228872,1.8869999647140503,1.444000005722046,-9.0,9.730999946594238,0.0359999984502792,-9999,-9999,1.3159999847412107,0.3889999985694885,-8.418999671936035,0.3981783390045166,0.2870000004768371,-999,21.940000534057617,21.299999237060547,20.989999771118164,20.8799991607666,0.0,0.0,0.0,0.0,17.729999542236328,25.309999465942383,37.84999847412109,34.16999816894531,24.37822723388672,23.99176979064941,23.55483627319336,23.6658878326416,57657.2265625,9.417605400085447,9.192451477050781,8.969294548034668,28.78646469116211,griz,0,57656.26171875,0.9469507932662964,-0.7247008681297302,0.8699371814727783,0.2721864581108093,0.0643844008445739,23.354867935180664,0.0812563598155975,8.16681313153822e-06,6.112032906457898e-07,0.012026353739202,-1.5869522940192837e-07,-2.501739615468068e-08,51,82.93626403808595,0.0031208388973027,0.938896358013153,1434201,0,0.26423,0.001,0.26317,0.001,0.26317,0.00161,0.0,300.0,0.02,0.2642,0.001,33.97361,-4.228872,1.887,1.44,9.73,0.04,0.29,-999.0,57655.4844,1.0043,-0.4749,0.8609,0.2245,0.0654,23.3281,0.0809,22.4819,8.3708e-06,6.2357e-07,0.0151,-0.0,-0.0,54,0.0327,0.0025,0.1906,0.0003,0.0007,0.0,41.8051,300.036,1.0,0.0511,1.0,0.0486
1442085,10,0,S2,3,0,41.011128,-0.765274,0.6347600221633911,0.0010000000474974,0.633554995059967,0.0010000000474974,0.6335549354553222,0.0019162629032507,0,300,0,0,0.0299512669444084,1,1,-20555,-9,-9,0.6348000168800354,0.0010000000474974,41.011193,-0.7651339999999999,0.5540000200271606,0.7110000252723693,-9.0,10.529000282287598,0.0350000001490116,-9999,-9999,0.6919999718666076,0.5410000085830688,-9.836000442504883,0.5603543519973754,0.9729999899864196,-999,23.979999542236328,22.63999938964844,21.88999938964844,21.46999931335449,0.0199999995529651,0.0099999997764825,0.0,0.0,5.929999828338623,19.959999084472656,43.130001068115234,59.700000762939446,25.567363739013672,24.24959945678711,23.41305160522461,23.060064315795895,57663.3125,8.760274887084961,7.586990833282471,6.250205039978027,21.128925323486328,riz,0,57666.328125,1.0935972929000854,-1.437192678451538,0.9014113545417785,0.0031155764590948,0.0939012169837951,23.604461669921875,0.0893648639321327,6.489562110800762e-06,5.341433961802977e-07,0.0101912412792444,-2.7244249167779344e-07,-2.2696378110254045e-08,46,57.639751434326165,0.1165781840682029,0.479176789522171,1442085,0,0.63476,0.001,0.63355,0.001,0.63355,0.00192,0.0,300.0,0.03,0.6348,0.001,41.011192,-0.765134,0.554,0.71,10.53,0.04,0.97,-999.0,57666.1875,1.1021,-1.4767,0.9083,0.004,0.0946,23.6067,0.0902,23.7293,6.4764e-06,5.3827e-07,0.0092,-0.0,-0.0,46,0.1161,0.9858,0.9411,0.9955,0.9995,0.9997,43.0525,0.1887,0.0,-0.3539,0.339,0.0
1564017,10,0,E1,3,0,6.612682,-42.902992,0.6591600179672241,0.0010000000474974,0.6579160094261169,0.0010000000474974,0.6579160690307617,0.0019370994996279,0,300,0,0,0.0058816587552428,2,2,107404,-9,-9,0.6592000126838684,0.0010000000474974,6.612773,-42.903025,0.2680000066757202,0.3449999988079071,-3.4974524974823,10.647000312805176,0.0359999984502792,-9999,-9999,-1.3949999809265137,1.36899995803833,-12.034999847412108,1.3733325004577637,1.3789999485015867,-999,24.540000915527344,22.6299991607666,21.63999938964844,21.18000030517578,0.0299999993294477,0.0099999997764825,0.0,0.0,3.259999990463257,19.299999237060547,52.27999877929688,75.0199966430664,26.216955184936523,24.28610610961914,23.204160690307617,22.812057495117188,57730.05078125,7.566848278045654,7.391621112823486,6.502007961273193,25.251317977905277,riz,0,57713.37890625,1.275294303894043,0.1214541122317314,0.8515392541885376,-0.037439402192831,0.071214273571968,23.50177383422852,0.0683232843875885,7.133300186978886e-06,4.488848048822547e-07,0.009976964443922,-2.383153798746207e-07,-1.2969876728163854e-08,35,33.28752136230469,0.5509258508682251,0.1312004327774047,1564017,0,0.65916,0.001,0.65792,0.001,0.65792,0.00194,0.0,300.0,0.01,0.6592,0.001,6.612773,-42.903027,0.268,0.34,10.65,0.04,1.38,-999.0,57714.457,1.0602,-0.6095,0.6978,-0.028,0.072,23.4915,0.0676,23.6637,7.2009e-06,4.4842e-07,0.0109,-0.0,-0.0,38,0.5157,0.8277,0.9888,0.9849,0.9933,0.9948,42.9869,0.1588,0.0001,-0.164,0.429,0.0
1257112,10,0,E2,3,0,10.021654,-43.859154,0.3709900081157684,0.0010000000474974,0.3700079917907714,0.0010000000474974,0.3700079917907714,0.0016968874260783,0,300,0,0,0.005455928388983,1,1,9819,-9,-9,0.3709999918937683,0.0010000000474974,10.021671,-43.859146,0.0529999993741512,0.050000000745058,-9.0,10.47700023651123,0.0080000003799796,-9999,-9999,2.138999938964844,0.0010000000474974,-8.300999641418457,0.0010000000474974,0.4339999854564666,-999,20.979999542236328,20.090000152587887,19.690000534057617,19.36000061035156,0.0,0.0,0.0,0.0,92.16999816894531,205.72000122070312,290.1600036621094,405.8299865722656,22.588525772094727,21.7168083190918,21.343406677246094,20.97913932800293,56609.02734375,17.347970962524414,11.887521743774414,10.318530082702637,34.075279235839844,grz,0,56609.59375,0.593834638595581,1.5477770566940308,0.6554137468338012,-0.1289940774440765,0.0356116741895675,21.530675888061523,0.0742226019501686,4.382579936645925e-05,2.9959992389194667e-06,-0.0053594894707202,-1.5700252333772369e-06,2.3763339740412448e-08,13,30.720163345336918,0.0037039958406239,0.6716117262840271,1257112,0,0.37099,0.001,0.37001,0.001,0.37001,0.0017,0.0,300.0,0.01,0.371,0.001,10.021671,-43.859146,0.053,0.05,10.48,0.01,0.43,-999.0,56610.4062,0.584,1.1635,0.5212,-0.1527,0.0396,21.487,0.07,21.9969,4.5624e-05,2.9409e-06,0.0054,-0.0,-0.0,11,0.0756,0.0,0.1693,0.0,0.0,0.0,41.3201,172.2755,1.0,0.1722,1.0,0.004
1402076,10,0,X3,3,0,36.740185,-4.144922,0.8976200222969055,0.0010000000474974,0.8961079716682434,0.0010000000474974,0.8961079120635986,0.0021447665058076,0,300,0,0,0.0241700317710638,1,2,49416,-9,-9,0.8975999951362609,0.0010000000474974,36.740018,-4.144964,0.6169999837875366,0.6269999742507933,-3.6422049999237056,9.845999717712402,0.0189999993890523,-9999,-9999,1.784000039100647,0.3939999938011169,-8.043000221252441,0.4057646989822387,0.1000000014901161,-999,24.090000152587887,23.569999694824215,22.93000030517578,22.6299991607666,0.0099999997764825,0.0099999997764825,0.0099999997764825,0.0099999997764825,5.869999885559082,9.720000267028809,16.350000381469727,20.209999084472656,25.578405380249023,25.030834197998047,24.466205596923828,24.236083984375,57670.10546875,11.377490043640137,8.388907432556152,-99.0,28.277252197265625,iz,0,57653.89453125,1.242889165878296,1.324316382408142,0.8280896544456481,-0.0046679372899234,0.1214830875396728,24.39847183227539,0.0610553957521915,3.123285068795667e-06,1.7563512244578305e-07,0.0166468042880296,-1.0016518103839189e-07,-6.785715545021275e-09,29,17.628387451171875,0.9514965415000916,0.4417129456996917,1402076,0,0.89762,0.001,0.89611,0.001,0.89611,0.00214,0.0,300.0,0.02,0.8976,0.001,36.740017,-4.144964,0.617,0.63,9.85,0.02,0.1,-999.0,57654.5586,1.0788,0.8893,0.7514,-0.0322,0.1199,24.3818,0.0588,24.6126,3.1717e-06,1.7182e-07,0.0092,-0.0,-0.0,30,0.9233,0.9462,0.9552,0.0,0.0,0.0,43.9358,204.1358,1.0,-0.0062,0.272,0.0
1377086,10,0,E1,3,0,8.32084,-43.408562,0.3321300148963928,0.0010000000474974,0.331153005361557,0.0010000000474974,0.3311530351638793,0.0016656330553814,0,300,0,0,0.0065863416530191,1,2,-20063,-9,-9,0.3321000039577484,0.0010000000474974,8.320797,-43.408614,0.2179999947547912,0.2680000066757202,-4.844014644622803,9.713000297546385,0.0179999992251396,-9999,-9999,1.2150000333786013,0.1580000072717666,-8.487999916076658,0.1612079441547393,0.4339999854564666,-999,22.090000152587887,21.280000686645508,20.989999771118164,20.739999771118164,0.0,0.0,0.0,0.0,32.689998626708984,69.98999786376953,89.80000305175781,107.41999816894533,23.71396255493164,22.88740921020508,22.616809844970703,22.422286987304688,57642.140625,15.799543380737305,14.79356861114502,10.597067832946776,49.0135612487793,griz,0,57640.5546875,0.393292635679245,0.4995672404766082,0.4621937274932861,-0.0271427333354949,0.0302780009806156,22.666120529174805,0.0443537980318069,1.5401110431412235e-05,6.291562613114365e-07,0.005126466974616,-2.1037334363427362e-07,-1.0856673782200232e-08,61,111.67311096191406,8.161743608070537e-05,0.1895140558481216,1377086,0,0.33213,0.001,0.33115,0.001,0.33115,0.00167,0.0,300.0,0.01,0.3321,0.001,8.320797,-43.408615000000005,0.218,0.27,9.71,0.02,0.43,-999.0,57640.2695,0.3867,0.6681,0.4603,-0.0349,0.03,22.6793,0.0436,22.8656,1.5215e-05,6.113e-07,0.0051,-0.0,-0.0,59,0.0024,0.0,0.9114,0.0,0.0,0.0,42.1888,155.8961,1.0,0.0115,1.0,0.0105
1302123,10,0,C3,3,0,52.453339,-28.578219,0.2920700013637542,0.0010000000474974,0.2915619909763336,0.0010000000474974,0.2915619611740112,0.0016341232694685,0,300,0,0,0.0076098144054412,1,1,26314,-9,-9,0.2921000123023986,0.0010000000474974,52.453431,-28.578407,0.7360000014305114,0.7659999728202819,-9.0,10.496999740600586,0.0120000001043081,-9999,-9999,0.9430000185966492,0.1360000073909759,-9.538000106811523,0.1442220509052276,0.9599999785423278,-999,21.36000061035156,20.36000061035156,19.75,19.319999694824215,0.0,0.0,0.0,0.0,64.41999816894531,173.7100067138672,257.3900146484375,327.6099853515625,22.977447509765625,21.90043830871582,21.473522186279297,21.21160697937012,56960.30078125,72.96089172363281,46.60963821411133,33.58259582519531,145.2314453125,griz,0,56960.5703125,0.2663736939430236,-0.840472400188446,0.1843198537826538,-0.0483743138611316,0.0220914632081985,21.503684997558597,0.0290701668709516,4.492888911045157e-05,1.202953626489034e-06,0.0010547246783971,-1.230354484960117e-07,-1.855764786284908e-08,26,20.160737991333008,0.78387850522995,0.3232476413249969,1302123,0,0.29207,0.001,0.29156,0.001,0.29156,0.00163,0.0,300.0,0.01,0.2921,0.001,52.45343,-28.578407,0.736,0.77,10.5,0.01,0.96,-999.0,56960.7109,0.41,-1.0462,0.2998,-0.0519,0.0261,21.4882,0.0329,21.5364,4.5574e-05,1.3798e-06,0.0036,-0.0,-0.0,16,0.9482,0.9938,0.966,0.9989,0.9988,0.9999,40.8596,0.1046,0.0,-0.036,1.0,0.0043
1318661,10,0,C2,3,0,55.129459,-28.489935,0.3449800014495849,0.0010000000474974,0.3445119857788085,0.0010000000474974,0.3445119857788085,0.0016763427993282,0,300,0,0,0.0096284095197916,1,1,24335,-9,-9,0.3449999988079071,0.0010000000474974,55.129572,-28.489968,0.3759999871253967,0.2599999904632568,-9.0,10.79300022125244,0.0230000000447034,-9999,-9999,0.6159999966621398,10.616000175476074,-10.196999549865724,10.61635684967041,1.49399995803833,-999,22.190000534057617,20.600000381469727,20.01000022888184,19.649999618530277,0.0,0.0,0.0,0.0,33.2599983215332,147.94000244140625,245.1300048828125,325.23001098632807,23.69519424438477,22.074785232543945,21.526508331298828,21.21952438354492,57004.04296875,20.596376419067383,16.58726692199707,10.986871719360352,39.28108215332031,griz,0,57007.19140625,0.77562016248703,-2.432429552078247,0.5604469776153564,0.017764039337635,0.0382109731435775,22.440818786621094,0.0604291558265686,1.895274908747524e-05,1.05485901258362e-06,0.0042229993268847,-1.7599772661469617e-07,-1.879697109075096e-08,50,58.03939056396485,0.2031644433736801,0.8129691481590271,1318661,0,0.34498,0.001,0.34451,0.001,0.34451,0.00168,0.0,300.0,0.01,0.345,0.001,55.129574,-28.489967,0.376,0.26,10.79,0.02,1.49,-999.0,57006.9766,0.9472,-2.0495,0.648,0.0226,0.0364,22.4547,0.0578,22.1871,1.8711e-05,9.9688e-07,0.003,-0.0,-0.0,50,0.1735,0.1822,0.9181,0.0022,0.9999,0.118,41.5103,0.2028,0.1656,-0.1136,1.0,0.0124
1291408,10,0,E2,3,0,9.866796,-43.877441,0.3481799960136413,0.0010000000474974,0.3472130000591278,0.0010000000474974,0.3472130298614502,0.0016785128973424,0,300,0,0,0.0054132300429046,1,1,29357,-9,-9,0.3481999933719635,0.0010000000474974,9.867333,-43.877473,1.39900004863739,0.8410000205039978,-9.0,11.20699977874756,0.1089999973773956,-9999,-9999,0.3689999878406524,0.0469999983906745,-10.968000411987305,0.0810246840119361,1.4249999523162842,-999,21.3799991607666,19.729999542236328,19.090000152587887,18.88999938964844,0.0,0.0,0.0,0.0,37.09000015258789,135.0800018310547,256.6300048828125,270.95001220703125,23.57685852050781,22.17352294921875,21.476730346679688,21.41777801513672,56887.21484375,51.37765502929688,48.278900146484375,35.41565704345703,94.0295181274414,griz,0,56881.609375,1.674399971961975,-0.7582550644874572,0.3874906003475189,-0.1737003475427627,0.0353489965200424,21.529733657836918,0.0813046768307685,4.3863823520950966e-05,3.284714921392151e-06,-0.003291369182989,4.920369747196674e-07,-1.055870839650197e-07,26,27.5977783203125,0.3785301148891449,0.6317639350891113,1291408,0,0.34818,0.001,0.34721,0.001,0.34721,0.00168,0.0,300.0,0.01,0.3482,0.001,9.867333,-43.877472,1.399,0.84,11.21,0.11,1.43,-999.0,56884.4844,0.0485,-1.2749,0.4108,-0.1206,0.031,21.6544,0.0555,21.8114,3.9107e-05,1.9994e-06,0.0016,-0.0,-0.0,31,0.0598,0.9463,0.581,0.9999,0.9998,1.0,41.1346,0.1501,0.0,0.0326,1.0,0.0053
1292040,10,0,S1,3,0,43.095604,0.622206,0.1697899997234344,0.0010000000474974,0.168965995311737,0.0010000000474974,0.1689660549163818,0.0015389299951493,0,300,0,0,0.0752534642815589,1,1,31352,-9,-9,0.1697999984025955,0.0010000000474974,43.095717,0.6217169999999999,1.8049999475479128,1.2139999866485596,-9.0,9.635999679565428,0.0209999997168779,-9999,-9999,1.2929999828338623,0.4329999983310699,-8.197999954223633,0.4329999983310699,0.3310000002384185,-999,21.38999938964844,20.850000381469727,20.559999465942383,20.3799991607666,0.0,0.0,0.0,0.0,37.5,57.83000183105469,78.54000091552734,77.51000213623048,23.564922332763672,23.094615936279297,22.76227188110352,22.776605606079105,56915.28125,30.22840690612793,21.39596176147461,19.73634147644043,62.51174545288086,griz,0,56910.26171875,0.4362753629684448,-1.4620003700256348,0.384837806224823,0.0845559760928153,0.0545811727643013,21.352712631225582,0.0881477072834968,5.163153036846779e-05,4.191811058262829e-06,0.0075906226411461,-8.27682526960416e-07,-1.9032235343274809e-07,25,35.86391067504883,0.0736903026700019,0.5629699230194091,1292040,0,0.16979,0.001,0.16897,0.001,0.16897,0.00154,0.0,300.0,0.08,0.1698,0.001,43.095718,0.621717,1.805,1.21,9.64,0.02,0.33,-999.0,56911.1562,0.3117,-1.1253,0.3628,-0.0208,0.0458,21.2094,0.0762,21.127,5.8917e-05,4.1366e-06,0.0084,-0.0,-0.0,26,0.0018,0.0001,0.8332,0.0,0.0,0.0,40.4502,137.17,1.0,-0.0525,1.0,0.0066
1293006,10,0,X1,3,0,33.76149,-5.317365,0.5056210160255432,0.0001199999969685,0.5043579936027526,0.0001199999969685,0.5043580532073973,0.0015101369936019,0,300,0,0,0.0164398532360792,1,1,35060,-9,-9,0.5055999755859375,9.999999747378752e-05,33.761365,-5.317504,0.6710000038146972,0.4779999852180481,-9.0,11.18000030517578,0.0299999993294477,-9999,-9999,0.8659999966621398,10.866000175476074,-10.293999671936035,10.86630153656006,1.4630000591278076,-999,22.899999618530277,21.059999465942383,20.280000686645508,19.819999694824215,0.0099999997764825,0.0,0.0,0.0,13.9399995803833,68.26000213623047,150.16000366210938,184.22000122070312,24.63934326171875,22.91458511352539,22.05861473083496,21.836658477783203,56903.2265625,7.473835468292237,6.8559393882751465,5.321361064910889,19.836433410644528,riz,0,56903.30859375,1.3622212409973145,-0.7004735469818115,0.8586970567703247,-0.0747407749295234,0.1225465014576911,22.82870101928711,0.1622470319271087,1.325926587014692e-05,1.981399009309825e-06,0.03940424695611,-1.0860138672796893e-06,-1.9688047814270249e-07,27,18.004478454589844,0.9033827781677246,0.3414481282234191,1293006,0,0.50562,0.00012,0.50436,0.00012,0.50436,0.00151,0.0,300.0,0.02,0.5056,0.0001,33.761364,-5.3175040000000005,0.671,0.48,11.18,0.03,1.46,-999.0,56903.3047,1.3619,-0.7013,0.8586,-0.0749,0.1225,22.8285,0.1623,22.994,1.3262e-05,1.9821e-06,0.0394,-0.0,-0.0,27,0.9034,0.9996,0.7578,0.9998,0.9997,0.9999,42.3172,0.2221,0.0,-0.0261,0.591,0.0
1320278,10,0,S2,3,0,41.94183,-0.5257629999999999,0.5762199759483337,0.0010000000474974,0.575083017349243,0.0010000000474974,0.575083017349243,0.0018666005926206,0,300,0,0,0.0307820904999971,1,2,33348,-9,-9,0.5762000083923339,0.0010000000474974,41.94175,-0.5259019999999999,0.5770000219345092,0.5389999747276306,-4.097418785095215,10.977999687194824,0.0140000004321336,-9999,-9999,1.0199999809265137,0.0170000009238719,-9.935000419616701,0.0371214225888252,0.7269999980926513,-999,22.6200008392334,21.40999984741211,20.770000457763672,20.340000152587887,0.0099999997764825,0.0,0.0,0.0,20.15999984741211,62.209999084472656,119.16000366210938,163.58999633789062,24.238773345947266,23.015350341796875,22.30967330932617,21.96560859680176,57019.046875,10.935993194580078,6.746819972991944,5.07853364944458,22.444793701171875,riz,0,57021.8046875,0.7384180426597595,-1.3607279062271118,0.7925058603286743,-0.0360997691750526,0.0941574424505233,23.04545783996582,0.0937807336449623,1.0859680514840877e-05,9.380075880471851e-07,0.0265782121568918,-5.049107016930066e-07,-5.238299749521502e-08,25,12.257015228271484,0.9843744039535522,0.4692665338516235,1320278,0,0.57622,0.001,0.57508,0.001,0.57508,0.00187,0.0,300.0,0.03,0.5762,0.001,41.94175,-0.5259020000000001,0.577,0.54,10.98,0.01,0.73,-999.0,57021.8047,0.7383,-1.3616,0.7924,-0.0361,0.0941,23.0455,0.0938,23.1447,1.086e-05,9.3794e-07,0.0266,-0.0,-0.0,25,0.9844,0.9919,0.8732,0.9992,0.9987,0.9999,42.4679,0.1853,0.0,-0.1869,0.464,0.0
1262899,10,0,C1+C3,3,0,53.59507,-27.713654,0.7775899767875671,0.0010000000474974,0.7769150137901306,0.0010000000474974,0.7769150733947753,0.0020400101784616,0,300,0,0,0.0072785229422152,1,3,6255,-9,-9,0.7775999903678894,0.0010000000474974,53.595094,-27.71366,0.0780000016093254,0.1070000007748603,-6.160833358764648,10.137999534606934,0.0689999982714653,-9999,-9999,1.7209999561309814,0.0280000008642673,-8.394000053405762,0.0382099449634552,0.3089999854564666,-999,22.959999084472656,22.38999938964844,21.790000915527344,21.280000686645508,0.0099999997764825,0.0099999997764825,0.0,0.0,15.5600004196167,26.040000915527344,44.290000915527344,67.16000366210938,24.519975662231445,23.96089744567871,23.38423538208008,22.93222427368164,56646.06640625,13.722155570983888,10.843744277954102,-99.0,33.7549934387207,iz,0,56646.52734375,0.7129955291748046,-1.8857880830764768,0.5977230072021484,0.2601692378520965,0.1054297238588333,24.256568908691406,0.0652221515774726,3.559362085070461e-06,2.1381737269621226e-07,0.0006011763471178,-5.049807683121799e-08,-1.5767742667094353e-08,44,63.432395935058594,0.0289920940995216,1.0710846185684204,1262899,0,0.77759,0.001,0.77692,0.001,0.77692,0.00204,0.0,300.0,0.01,0.7776,0.001,53.595093000000006,-27.713659000000003,0.078,0.11,10.14,0.07,0.31,-999.0,56646.7422,0.7233,-2.4236,0.6105,0.247,0.109,24.2322,0.0673,23.7296,3.6401e-06,2.256e-07,-0.0012,-0.0,-0.0,43,0.1413,0.0,0.5088,0.0,0.0024,0.0,43.0528,331.7325,1.0,-0.6386,1.0,0.0006
1292997,10,0,X3,3,0,35.598572,-4.87292,0.4156199991703033,0.0010000000474974,0.4144699871540069,0.0010000000474974,0.4144699573516845,0.0017330307746306,0,300,0,0,0.02098517306149,1,2,38112,-9,-9,0.4156000018119812,0.0010000000474974,35.598253,-4.873073,1.2690000534057615,0.8820000290870667,-2.96970796585083,11.006999969482422,0.0340000018477439,-9999,-9999,0.649999976158142,0.6549999713897705,-10.380999565124512,0.6619977355003356,1.475000023841858,-999,22.809999465942383,20.989999771118164,20.13999938964844,19.82999992370605,0.0099999997764825,0.0,0.0,0.0,10.779999732971191,58.02000045776367,88.87999725341797,132.67999267578125,24.91845321655273,23.09105682373047,22.62799072265625,22.19298553466797,56890.3671875,32.60768508911133,31.829395294189453,-99.0,59.21358108520508,ri,0,56892.0,1.6926350593566897,-0.1041528806090354,0.6476671695709229,-0.0277572069317102,0.0669505894184112,22.25564384460449,0.0667535290122032,2.2477193851955235e-05,1.3819490050082095e-06,-0.0014090473996475,-3.6137114989287516e-07,-7.182128314298097e-08,11,19.416746139526367,0.0540108606219291,0.0988231152296066,1292997,0,0.41562,0.001,0.41447,0.001,0.41447,0.00173,0.0,300.0,0.02,0.4156,0.001,35.598251,-4.873073000000001,1.269,0.88,11.01,0.03,1.48,-999.0,56893.207,1.7232,-0.3388,0.6843,-0.0619,0.0708,22.2219,0.0752,22.3961,2.3188e-05,1.6066e-06,0.0101,-0.0,-0.0,10,0.679,0.9922,0.7168,0.9981,0.9631,0.9742,41.7193,0.2145,0.0002,-0.0169,1.0,0.0041
1318689,10,0,C2,3,0,53.997543,-29.956009,0.4939199984073638,0.0010000000474974,0.4933849871158599,0.0010000000474974,0.4933849573135376,0.0017981033306568,0,300,0,0,0.0134456120431423,1,2,24844,-9,-9,0.4939000010490417,0.0010000000474974,53.997479,-29.956131,0.4830000102519989,0.9729999899864196,-3.140001058578491,8.743000030517578,0.061999998986721,-9999,-9999,-0.123999997973442,0.4210000038146972,-8.895000457763672,0.4953402876853942,0.1289999932050705,-999,25.049999237060547,24.059999465942383,23.82999992370605,23.65999984741211,0.050000000745058,0.0299999993294477,0.0299999993294477,0.0399999991059303,2.140000104904175,5.369999885559082,5.980000019073486,7.6599998474121085,26.67396545410156,25.675064086914062,25.558246612548828,25.2894287109375,57011.0859375,32.79677200317383,16.795583724975586,12.249732971191406,50.45492935180664,riz,0,57014.40234375,0.7096205949783325,0.6217139363288879,0.5268617868423461,-0.0334417521953582,0.0462496355175971,22.78494071960449,0.0478625409305095,1.3804587069898844e-05,6.085480208639639e-07,0.004303163383156,-1.6820365544845117e-07,-1.9363254111226524e-08,34,38.75061798095703,0.2639158070087432,0.2353161722421646,1318689,0,0.49392,0.001,0.49338,0.001,0.49338,0.0018,0.0,300.0,0.01,0.4939,0.001,53.997478,-29.956131,0.483,0.97,8.74,0.06,0.13,-999.0,57014.4023,0.7095,0.6217,0.5269,-0.0334,0.0462,22.785,0.0479,22.9735,1.3803e-05,6.0851e-07,0.0044,-0.0,-0.0,34,0.2641,1.0,0.99,1.0,0.9999,1.0,42.2967,0.1702,0.0,-0.0032,1.0,0.0051
1291346,10,0,X1+X2,3,0,35.23383,-5.434015,0.2987599968910217,0.0010000000474974,0.2976999878883361,0.0010000000474974,0.2976999282836914,0.0016389853553846,0,300,0,0,0.0220010820776224,1,2,35746,-9,-9,0.298799991607666,0.0010000000474974,35.233311,-5.433486,2.6630001068115234,2.2109999656677246,-1.8381650447845457,9.97700023651123,0.0149999996647238,-9999,-9999,1.1039999723434448,0.0399999991059303,-8.845000267028809,0.0696347579360008,0.5189999938011169,-999,21.959999084472656,21.149999618530277,20.770000457763672,20.51000022888184,0.0,0.0,0.0,0.0,2.8399999141693115,11.829999923706056,15.350000381469728,19.309999465942383,26.366704940795895,24.817539215087887,24.53472900390625,24.285545349121094,56903.2265625,53.40212631225586,45.80290222167969,29.51924514770508,116.55274200439452,griz,0,56896.65625,0.3010051548480987,0.382686972618103,0.2363408356904983,-0.0037531745620071,0.0189520232379436,21.325489044189453,0.0265773348510265,5.294245420373045e-05,1.295958782066009e-06,0.0013429814716801,-1.809763432447653e-07,-1.7430680898655737e-08,38,49.886905670166016,0.0938399955630302,0.1281743496656417,1291346,0,0.29876,0.001,0.2977,0.001,0.2977,0.00164,0.0,300.0,0.02,0.2988,0.001,35.233311,-5.433486,2.663,2.21,9.98,0.01,0.52,-999.0,56896.6562,0.3011,0.3834,0.2363,-0.0037,0.019,21.3255,0.0266,21.3813,5.2941e-05,1.2959e-06,0.0013,-0.0,-0.0,38,0.0942,0.9943,0.985,0.9995,0.9999,1.0,40.7045,0.1403,0.0,-0.0014,1.0,0.0141
1300516,10,1,X1,3,0,34.546364,-5.010114,0.3115099966526031,0.0010000000474974,0.3104240000247955,0.0010000000474974,0.3104239702224731,0.0016490914858877,0,300,0,0,0.0184643827378749,1,1,34657,-9,-9,0.3115000128746032,0.0010000000474974,34.546402,-5.010082,0.1770000010728836,0.2360000014305114,-9.0,9.753000259399414,0.0120000001043081,-9999,-9999,0.1299999952316284,0.2879999876022338,-9.62399959564209,0.2928361296653747,1.131999969482422,-999,23.569999694824215,22.26000022888184,21.780000686645508,21.420000076293945,0.0199999995529651,0.0099999997764825,0.0,0.0,9.020000457763674,29.280000686645508,47.31999969482422,62.200000762939446,25.111984252929688,23.833572387695312,23.312387466430664,23.01552391052246,56949.1015625,43.38128280639648,39.54167556762695,36.35992431640625,126.48155212402344,griz,0,56949.4921875,0.2449277937412262,0.8078586459159851,0.2098848819732666,0.1491767466068267,0.0175892300903797,21.77747344970703,0.022601943463087,3.491486859275028e-05,7.268283752637217e-07,0.0006742951227352,-7.835561888214214e-08,-8.628290970591479e-09,46,55.21361541748047,0.1656432300806045,0.5654895305633544,1300516,1,0.31151,0.001,0.31042,0.001,0.31042,0.00165,0.0,300.0,0.02,0.3115,0.001,34.546402,-5.010082,0.177,0.24,9.75,0.01,1.13,-999.0,56949.4922,0.245,0.8081,0.2099,0.1493,0.0176,21.7776,0.0226,21.3682,3.4912e-05,7.2706e-07,0.0007,-0.0,-0.0,46,0.1645,0.9884,0.931,1.0,0.9999,1.0,40.6915,0.2175,0.0,0.0552,1.0,0.0417
1302188,10,0,C3,3,0,52.253094,-27.181551,0.3495000004768371,0.0010000000474974,0.3489519953727722,0.0010000000474974,0.3489520549774169,0.0016799108125269,0,300,0,0,0.0091703059151768,1,1,27117,-9,-9,0.3495000004768371,0.0010000000474974,52.253184,-27.181614,0.367000013589859,0.4320000112056732,-9.0,8.732000350952147,0.0089999996125698,-9999,-9999,-0.2960000038146972,0.0460000000894069,-9.010000228881838,0.0896939262747764,0.0049999998882412,-999,24.030000686645508,23.25,23.090000152587887,22.82999992370605,0.0099999997764825,0.0099999997764825,0.0099999997764825,0.0099999997764825,5.670000076293944,12.239999771118164,13.880000114440918,17.790000915527344,25.616043090820312,24.78054618835449,24.644025802612305,24.37455940246582,56987.234375,133.8751220703125,80.17131042480467,74.72642517089844,250.2050323486328,griz,0,56969.6484375,0.4566348195075988,2.0258917808532715,0.2507046461105346,0.0137992035597562,0.0191126763820648,21.738725662231445,0.027936901897192,3.61833990609739e-05,9.310291488873191e-07,0.0002990225329995,-1.1921682130378033e-07,-1.0198665023608557e-08,25,51.56101989746094,0.0013618895318359,0.6768620014190673,1302188,0,0.3495,0.001,0.34895,0.001,0.34895,0.00168,0.0,300.0,0.01,0.3495,0.001,52.253185,-27.181614,0.367,0.43,8.73,0.01,0.01,-999.0,56970.0117,0.4248,1.9929,0.2611,0.0052,0.0186,21.7094,0.032,21.9938,3.7173e-05,1.0971e-06,0.0006,-0.0,-0.0,25,0.0042,0.0042,0.5612,0.0,0.0111,0.9866,41.317,0.15,0.0001,0.0013,1.0,0.0148
1291149,10,0,X2,3,0,35.334217,-7.2576,0.231560006737709,0.0010000000474974,0.230566993355751,0.0010000000474974,0.2305669784545898,0.001586290076375,0,300,0,0,0.0232433583587408,1,1,36455,-9,-9,0.2316000014543533,0.0010000000474974,35.334318,-7.257593,0.3619999885559082,0.3840000033378601,-9.0,10.144000053405762,0.0089999996125698,-9999,-9999,0.9409999847412108,0.135000005364418,-9.196000099182129,0.135092556476593,0.7990000247955322,-999,20.899999618530277,20.1299991607666,19.65999984741211,19.459999084472656,0.0,0.0,0.0,0.0,109.65000152587892,203.0200042724609,311.20999145507807,371.1600036621094,22.399978637695312,21.73115348815918,21.26736640930176,21.07609748840332,56960.23046875,11.717912673950195,9.395289421081545,5.847760677337647,23.386011123657227,gri,0,56958.15234375,0.9245145320892334,-1.2681776285171509,0.7711179256439209,-0.0685596466064453,0.0652603954076766,22.78263664245605,0.0690461248159408,1.383391281706281e-05,8.797514965408483e-07,0.0069192540831863,-3.5893253880203707e-07,-2.416166644536588e-08,31,42.5930290222168,0.0802898406982421,0.4805456399917602,1291149,0,0.23156,0.001,0.23057,0.001,0.23057,0.00159,0.0,300.0,0.02,0.2316,0.001,35.334315999999994,-7.257592999999999,0.362,0.38,10.14,0.01,0.8,-999.0,56958.7188,0.9387,-0.4975,0.73,-0.0867,0.0632,22.8047,0.0672,23.0145,1.3556e-05,8.3963e-07,0.006,-0.0,-0.0,35,0.0181,0.0006,0.1407,0.0067,0.3254,0.0378,42.3377,239.4149,1.0,-0.0009,1.0,0.0048
1291511,10,0,E2,3,0,9.433405,-44.809784,0.3732500076293945,0.0010000000474974,0.3722819983959198,0.0010000000474974,0.3722820281982421,0.0016987264389172,0,300,0,0,0.0065279058180749,1,1,31043,-9,-9,0.3732999861240387,0.0010000000474974,9.433378,-44.809761,0.1070000007748603,0.163000002503395,-9.0,9.802000045776367,0.0149999996647238,-9999,-9999,-0.0270000007003545,0.1749999970197677,-9.835000038146973,0.1850000023841857,1.0809999704360962,-999,23.819999694824215,22.549999237060547,21.959999084472656,21.63999938964844,0.0199999995529651,0.0099999997764825,0.0099999997764825,0.0099999997764825,4.230000019073486,20.940000534057617,39.27999877929688,50.869998931884766,25.93414878845215,24.19755744934082,23.514572143554688,23.23384475708008,56887.21484375,47.28409957885742,35.75745391845703,31.33935165405273,77.56269073486328,griz,0,56887.15625,1.1278523206710815,-0.9161633253097534,0.4530579149723053,-0.0111121525987982,0.024130642414093,22.00444221496582,0.0260089170187711,2.832848986145109e-05,6.786117410229053e-07,-0.001911612576805,-2.7237130328927606e-09,-9.020027391670736e-09,24,23.654857635498047,0.481468915939331,0.3076258897781372,1291511,0,0.37325,0.001,0.37228,0.001,0.37228,0.0017,0.0,300.0,0.01,0.3733,0.001,9.433378,-44.809761,0.107,0.16,9.8,0.01,1.08,-999.0,56887.1094,1.1402,-0.8677,0.4428,-0.0103,0.0241,22.0045,0.0261,21.9195,2.8327e-05,6.7988e-07,-0.0022,0.0,-0.0,28,0.682,0.971,0.9747,0.9998,0.9974,0.9998,41.2427,0.1674,0.0,-0.0412,1.0,0.0137
1304841,10,0,E2,3,0,10.004416,-44.418682,0.7424899935722351,0.0010000000474974,0.7412559986114502,0.0010000000474974,0.7412559986114502,0.0020089845638722,0,300,0,0,0.0060834698379039,1,1,30714,-9,-9,0.7425000071525573,0.0010000000474974,10.004323,-44.418731,0.2969999909400939,0.3729999959468841,-9.0,11.050000190734863,0.0509999990463256,-9999,-9999,0.5460000038146972,0.9049999713897704,-10.531999588012695,0.9599088430404664,1.6059999465942385,-999,25.450000762939453,23.440000534057617,22.149999618530277,21.600000381469727,0.0799999982118606,0.0099999997764825,0.0099999997764825,0.0099999997764825,1.7400000095367432,10.210000038146973,34.61000061035156,50.310001373291016,26.89862632751465,24.977436065673828,23.651996612548828,23.245864868164062,56960.1796875,7.411410808563232,6.92132043838501,5.061447620391846,20.20543098449707,riz,0,56956.37890625,1.129664659500122,-1.447612762451172,0.8084614276885986,-0.0025180685333907,0.0952058583498001,23.935968399047848,0.073780819773674,4.7820362851780365e-06,3.249615758704749e-07,0.0115843387320637,-1.47784248838434e-07,-3.3756220041425422e-09,39,34.93180084228516,0.6559557318687439,0.4826105833053588,1304841,0,0.74249,0.001,0.74126,0.001,0.74126,0.00201,0.0,300.0,0.01,0.7425,0.001,10.004323,-44.418732,0.297,0.37,11.05,0.05,1.61,-999.0,56956.1055,1.1932,-1.1159,0.9008,0.005,0.0947,23.9489,0.0747,24.1659,4.7254e-06,3.25e-07,0.0148,-0.0,-0.0,36,0.5879,0.9933,0.9812,0.9998,0.9992,0.9994,43.4891,0.1761,0.0,-0.3934,0.268,0.0
1291580,10,0,C2,3,0,54.13131,-29.701744,0.3131499886512756,0.0010000000474974,0.3126809895038604,0.0010000000474974,0.312680959701538,0.0016508880071341,0,300,0,0,0.0109365945681929,1,2,24850,-9,-9,0.3131000101566314,0.0010000000474974,54.131523,-29.701796,0.6919999718666076,0.7419999837875366,-3.1287484169006348,10.062999725341797,0.0089999996125698,-9999,-9999,0.8579999804496765,0.0189999993890523,-9.196000099182129,0.0189999993890523,0.800000011920929,-999,22.059999465942383,21.170000076293945,20.75,20.340000152587887,0.0,0.0,0.0,0.0,32.869998931884766,77.48000335693358,113.93000030517578,151.50999450683594,23.70800018310547,22.777027130126957,22.358406066894528,22.04889678955078,56890.3984375,19.068023681640625,16.032236099243164,14.280465126037598,47.52223205566406,griz,0,56902.36328125,0.6682420969009399,3.164270162582397,0.6114794611930847,0.1820211708545684,0.0415884628891944,22.555011749267575,0.0712334588170051,1.7060639947885647e-05,1.119321950682206e-06,0.0046074278652667,-4.755661109356879e-07,-2.8157092657465913e-08,21,55.257373809814446,6.483680772362277e-05,1.2168163061141968,1291580,0,0.31315,0.001,0.31268,0.001,0.31268,0.00165,0.0,300.0,0.01,0.3131,0.001,54.131523,-29.701796,0.692,0.74,10.06,0.01,0.8,-999.0,56901.1484,0.7132,2.2156,0.6087,0.107,0.0422,22.4173,0.0731,22.2936,1.9368e-05,1.3031e-06,0.0083,-0.0,-0.0,18,0.0083,0.0,0.0667,0.0,0.0,0.0,41.6168,221.2396,1.0,0.1654,1.0,0.0244
1293319,10,1,X2,3,0,36.002407,-6.497732,0.29789999127388,0.0010000000474974,0.2968620061874389,0.0010000000474974,0.2968620061874389,0.0016383209731429,0,300,0,0,0.0264247059822082,1,1,36917,-9,-9,0.29789999127388,0.0010000000474974,36.00278,-6.497495,1.5839999914169312,1.9079999923706052,-9.0,9.140000343322754,0.0199999995529651,-9999,-9999,0.2689999938011169,0.0579999983310699,-8.829000473022463,0.1062308773398399,0.512000024318695,-999,23.600000381469727,22.76000022888184,22.40999984741211,22.229999542236328,0.0099999997764825,0.0099999997764825,0.0099999997764825,0.0099999997764825,5.849999904632568,9.550000190734863,13.130000114440918,15.75,25.582109451293945,25.049991607666016,24.70433807373047,24.506797790527344,56915.296875,45.78804397583008,45.19559097290039,43.33013916015625,139.59312438964844,griz,0,56913.7109375,0.3669170141220092,1.9580284357070925,0.259756863117218,0.0049978266470134,0.020320551469922,21.33289909362793,0.0281037855893373,5.2582377975340926e-05,1.3610708720079856e-06,0.0009442692389711,-1.814707673020166e-07,-1.919042169618024e-08,35,22.05074691772461,0.9565603733062744,0.6528887748718261,1293319,1,0.2979,0.001,0.29686,0.001,0.29686,0.00164,0.0,300.0,0.03,0.2979,0.001,36.002781,-6.497495,1.584,1.91,9.14,0.02,0.51,-999.0,56913.7148,0.3668,1.9583,0.2597,0.0051,0.0203,21.333,0.0281,21.575,5.2576e-05,1.3604e-06,0.0009,-0.0,-0.0,35,0.9548,0.995,0.5456,1.0,1.0,1.0,40.8982,0.1489,0.0,0.0383,1.0,0.0155
1305785,10,0,E2,3,0,9.893359,-44.83342,0.4743100106716156,0.0010000000474974,0.4732750058174133,0.0010000000474974,0.4732749462127685,0.001781414146535,0,300,0,0,0.0075636748224496,1,1,29550,-9,-9,0.4742999970912933,0.0010000000474974,9.893391,-44.833419,0.0829999968409538,0.0860000029206275,-9.0,10.86299991607666,0.0540000014007091,-9999,-9999,0.1979999989271163,10.197999954223633,-10.638999938964844,10.198346138000488,1.36899995803833,-999,22.950000762939453,21.239999771118164,20.549999237060547,20.190000534057617,0.0099999997764825,0.0,0.0,0.0,15.210000038146973,72.2699966430664,142.77000427246094,194.5500030517578,24.544677734375,22.85260391235352,22.11340713500977,21.777421951293945,56973.0234375,21.241744995117188,14.521893501281738,9.917856216430664,42.86764144897461,riz,0,56970.44140625,0.5170524716377258,0.3808138072490692,0.4887153506278991,0.0104640200734138,0.0515997372567653,22.849802017211918,0.0563915036618709,1.300406438531354e-05,6.754115133844607e-07,0.0051130140200257,-2.0892822760743002e-07,-2.3397465298558018e-08,31,40.375991821289055,0.1207782700657844,0.131642922759056,1305785,0,0.47431,0.001,0.47328,0.001,0.47327,0.00178,0.0,300.0,0.01,0.4743,0.001,9.893391,-44.83342,0.083,0.09,10.86,0.05,1.37,-999.0,56970.4414,0.5169,0.3804,0.4886,0.0105,0.0516,22.8498,0.0564,22.9653,1.3004e-05,6.7523e-07,0.0051,-0.0,-0.0,31,0.1208,0.9985,0.9631,0.9998,0.995,0.4477,42.2885,0.1558,0.0408,-0.0683,0.873,0.0
1302635,10,0,E2,3,0,9.465967,-43.464108,0.2035499960184097,0.0010000000474974,0.2026759982109069,0.0010000000474974,0.2026760578155517,0.0015647236723452,0,300,0,0,0.005646089091897,1,2,30618,-9,-9,0.2035000026226043,0.0010000000474974,9.465727,-43.46403,0.6880000233650208,0.6869999766349792,-3.302155017852783,9.050000190734863,0.0149999996647238,-9999,-9999,-0.1669999957084655,0.8619999885559082,-9.22700023651123,0.8648375272750854,0.4050000011920929,-999,22.549999237060547,22.040000915527344,21.819999694824215,21.76000022888184,0.0099999997764825,0.0,0.0099999997764825,0.0099999997764825,18.559999465942383,27.420000076293945,39.049999237060554,35.0,24.328556060791016,23.904830932617188,23.520946502685547,23.63982963562012,56960.1796875,29.175500869750977,21.78030586242676,18.415748596191406,66.0022964477539,griz,0,56957.859375,0.341999351978302,-0.4032643437385559,0.265974223613739,0.2477792501449585,0.0277719721198081,22.334522247314453,0.0403771288692951,2.0902174583170563e-05,7.773249421916263e-07,0.0017430165316909,-9.350345919756364e-08,-1.529225635010789e-08,34,72.38978576660156,0.0001372197730233,0.8367979526519775,1302635,0,0.20355,0.001,0.20268,0.001,0.20268,0.00156,0.0,300.0,0.01,0.2035,0.001,9.465727,-43.464031,0.688,0.69,9.05,0.01,0.41,-999.0,56957.4805,0.2939,-0.5444,0.2675,0.2228,0.0259,22.2987,0.0373,21.4463,2.1603e-05,7.4123e-07,0.002,-0.0,-0.0,34,0.0017,0.0034,0.6024,0.0,0.0003,0.0001,40.7695,53.1158,1.0,0.0515,1.0,0.0464
1311247,10,0,E2,3,0,8.020238,-43.909603,0.4428800046443939,0.0010000000474974,0.4418309926986694,0.0010000000474974,0.4418309926986694,0.0017554633086547,0,300,0,0,0.0067370235919952,1,1,29612,-9,-9,0.442900002002716,0.0010000000474974,8.020134,-43.909563,0.3059999942779541,0.2430000007152557,-9.0,10.781000137329102,0.0260000005364418,-9999,-9999,0.703000009059906,0.0,-10.06700038909912,0.0,0.7419999837875366,-999,21.090000152587887,19.68000030517578,19.299999237060547,19.25,0.0,0.0,0.0,0.0,83.55999755859375,290.9100036621094,381.4700012207031,437.25,22.695003509521484,21.340602874755856,21.046348571777344,20.898174285888672,56992.05078125,27.3671989440918,17.867780685424805,11.1529541015625,68.84309387207031,riz,0,56992.75390625,0.5061136484146118,2.5738630294799805,0.5307643413543701,0.0548490136861801,0.0447619967162609,22.139562606811523,0.0542094372212886,2.5013518097694032e-05,1.2488933407439615e-06,0.0071675777435302,-4.4854937186755706e-07,-4.3326309651092736e-08,32,34.217220306396484,0.3616749346256256,0.8772185444831848,1311247,0,0.44288,0.001,0.44183,0.001,0.44183,0.00176,0.0,300.0,0.01,0.4429,0.001,8.020133999999999,-43.909561,0.306,0.24,10.78,0.03,0.74,-999.0,56992.7539,0.5052,2.5737,0.5303,0.0549,0.0447,22.1396,0.0541,22.2775,2.5012e-05,1.2472e-06,0.0071,-0.0,-0.0,32,0.3593,0.9842,0.3358,0.4789,0.9999,0.9987,41.6007,0.1587,0.0002,0.1237,1.0,0.0055
1815065,10,1,S1,3,0,43.229248,0.18329,0.1361699998378753,0.0010000000474974,0.1353739947080612,0.0010000000474974,0.1353739500045776,0.0015135371359065,0,300,0,0,0.0628285109996795,1,1,62371,-9,-9,0.1361999958753585,0.0010000000474974,43.229476,0.183282,0.8230000138282775,0.3869999945163726,-9.0,10.58899974822998,0.0860000029206275,-9999,-9999,-0.4410000145435333,9.559000015258787,-11.041000366210938,9.560406684875488,1.562999963760376,-999,20.8700008392334,19.65999984741211,19.1299991607666,18.76000022888184,0.0,0.0,0.0,0.0,121.75,367.20999145507807,601.8499755859375,836.5499877929686,22.286327362060547,21.08771324157715,20.551279067993164,20.193771362304688,58040.26953125,89.84324645996092,86.1414337158203,47.720157623291016,221.1815185546875,gri,0,58038.64453125,0.2472008764743804,-1.0437026023864746,0.1333860903978347,0.1142321527004241,0.0192549861967563,20.025711059570312,0.026534654200077,0.0001752733660396,4.283561793272384e-06,0.0002581664884928,-1.4475217824383438e-07,-6.404686558880712e-08,26,38.688114166259766,0.0522008389234542,0.5157749056816101,1815065,1,0.13617,0.001,0.13537,0.001,0.13537,0.00151,0.0,300.0,0.06,0.1362,0.001,43.229477,0.183282,0.823,0.39,10.59,0.09,1.56,-999.0,58038.8867,0.2626,-1.0476,0.1528,0.14,0.0229,20.0429,0.0276,19.5289,0.00017252,4.389e-06,0.0,-0.0,-0.0,18,0.0672,0.996,0.7735,0.9998,0.9897,1.0,38.8522,0.1722,0.0,-0.0723,1.0,0.0218
1896164,10,0,X3,3,0,36.693897,-5.518777,0.4218100011348724,0.0010000000474974,0.4206829965114593,0.0010000000474974,0.4206830263137817,0.001738112187013,0,300,0,0,0.0237786564975976,1,2,136488,-9,-9,0.4217999875545501,0.0010000000474974,36.694063,-5.518899,0.7409999966621398,0.615000009536743,-3.8234233856201167,11.194000244140623,0.0390000008046627,-9999,-9999,0.8889999985694885,0.1689999997615814,-10.364999771118164,0.1865529417991638,1.2059999704360962,-999,21.850000381469727,20.239999771118164,19.51000022888184,19.280000686645508,0.0,0.0,0.0,0.0,40.47999954223633,176.02999877929688,297.739990234375,361.98001098632807,23.48189926147461,21.88603401184082,21.315406799316406,21.10328865051269,58064.11328125,51.15234756469727,29.098119735717773,21.53470802307129,107.51670074462892,riz,0,58072.6953125,0.3277368247509002,0.4601383805274963,0.254287838935852,-0.0051858513616025,0.0303874649107456,22.10379219055176,0.0339399240911006,2.5851333703030832e-05,8.081082114586025e-07,0.0013289047637954,-9.797812339229495e-08,-1.94696578859066e-08,34,45.0771713256836,0.09696014970541,0.1543504744768142,1896164,0,0.42181,0.001,0.42068,0.001,0.42068,0.00174,0.0,300.0,0.02,0.4218,0.001,36.694061,-5.518899,0.741,0.61,11.19,0.04,1.21,-999.0,58072.5898,0.3779,0.5765,0.3759,0.0168,0.0556,22.1153,0.0771,22.2251,2.5579e-05,1.8159e-06,0.0129,-0.0,-0.0,25,0.0732,0.9998,0.7817,1.0,0.9995,1.0,41.5483,0.1437,0.0,-0.0508,1.0,0.0088
1876533,10,0,X3,3,0,36.780487,-4.078004,0.4909999966621398,0.0010000000474974,0.4898119866847991,0.0010000000474974,0.4898120164871215,0.0017951329937204,0,300,0,0,0.0238321926444768,1,1,-29891,-9,-9,0.4909999966621398,0.0010000000474974,36.780963,-4.077421,2.7060000896453857,3.039999961853028,-9.0,10.767999649047852,0.0109999999403953,-9999,-9999,0.8360000252723693,0.1439999938011169,-9.960000038146973,0.1579905003309249,0.9430000185966492,-999,22.21999931335449,21.11000061035156,20.36000061035156,20.090000152587887,0.0,0.0,0.0,0.0,2.309999942779541,6.539999961853027,8.699999809265137,18.1200008392334,26.590970993041992,25.461055755615234,25.151201248168945,24.354604721069336,58036.1484375,33.70182037353516,26.01012420654297,22.126361846923828,81.23311614990233,riz,0,58037.12890625,0.458873450756073,-1.4792261123657229,0.2760090231895446,0.0842763483524322,0.0330957397818565,23.165498733520508,0.0375674404203891,9.723002222017383e-06,3.364245344528172e-07,0.000661889265757,-2.971309598365224e-08,-8.050729860542559e-09,37,41.108009338378906,0.2953426539897918,0.5674856901168823,1876533,0,0.491,0.001,0.48981,0.001,0.48981,0.0018,0.0,300.0,0.02,0.491,0.001,36.780964,-4.077421,2.706,3.04,10.77,0.01,0.94,-999.0,58036.9258,0.477,-1.3836,0.3275,0.07,0.0399,23.147,0.0482,22.8692,9.89e-06,4.3866e-07,0.0005,-0.0,-0.0,30,0.3609,0.9798,0.9967,0.9996,0.9985,1.0,42.1924,0.1971,0.0,-0.1443,1.0,0.0155
1879649,10,23,C1,3,0,54.78249,-26.191349,0.1202000007033348,0.0010000000474974,0.1197870001196861,0.0010000000474974,0.1197869777679443,0.0015018644044175,0,300,0,0,0.0115568879991769,1,1,507137,-9,-9,0.1202000007033348,0.0010000000474974,54.787869,-26.176155,57.39099884033203,2.3949999809265137,-9.0,11.604999542236328,0.0289999991655349,-9999,-9999,-0.4379999935626983,3.450000047683716,-12.017000198364258,3.450070142745972,1.0679999589920044,-999,26.319999694824215,27.700000762939453,24.190000534057617,24.290000915527344,0.1400000005960464,0.7300000190734863,0.0399999991059303,0.050000000745058,45.16999816894531,72.0,87.29000091552734,83.55000305175781,23.362874984741207,22.85666847229004,22.6475887298584,22.69513320922852,58071.30859375,72.6027603149414,64.18022918701172,23.524534225463867,128.58934020996094,gri,0,58060.96875,0.3159921169281005,0.0545986890792846,0.3378853201866149,0.2472835630178451,0.0368783213198184,20.61455726623535,0.0557591244578361,0.000101900739537,5.233219781075604e-06,0.0044686859473586,-9.256766020371289e-07,-1.809799243801536e-07,5,20.099699020385746,0.0011970186606049,0.8244794011116027,1879649,23,0.1202,0.001,0.11979,0.001,0.11979,0.0015,0.0,300.0,0.01,0.1202,0.001,54.787868,-26.176155,57.391,2.4,11.61,0.03,1.07,-999.0,58063.8633,0.3649,-2.3529,0.3332,0.0586,0.0916,20.3043,0.1486,19.8428,0.0001356,1.8555e-05,0.0132,-0.0,-0.0,7,0.1383,0.091,0.2495,0.0,0.0009,0.0,39.166,197.0615,1.0,-0.0809,1.0,0.0151
1923060,10,1,X1,3,0,34.833687,-5.172581,0.3836100101470947,0.0010000000474974,0.3824709951877594,0.0010000000474974,0.382470965385437,0.0017069788882508,0,300,0,0,0.0185237545520067,1,1,141770,-9,-9,0.3835999965667724,0.0010000000474974,34.833242,-5.172078,2.4140000343322754,2.1659998893737797,-9.0,10.29800033569336,0.0130000002682209,-9999,-9999,1.4259999990463257,0.0260000005364418,-8.862000465393066,0.0485489442944526,0.524999976158142,-999,21.950000762939453,20.93000030517578,20.479999542236328,20.1200008392334,0.0,0.0,0.0,0.0,7.050000190734863,18.309999465942383,19.1200008392334,22.90999984741211,25.379528045654297,24.34327888488769,24.29627990722656,24.099937438964844,58101.046875,35.037071228027344,31.346729278564453,19.32817268371582,93.05607604980467,riz,0,58103.0546875,0.3639454543590545,0.294453740119934,0.3541716337203979,0.0276119969785213,0.0313960537314414,22.057016372680664,0.036014586687088,2.698939169931691e-05,8.952559937824845e-07,0.00388989248313,-1.7437132271425074e-07,-2.408855337421301e-08,20,18.204076766967773,0.5739666819572448,0.1345549225807189,1923060,1,0.38361,0.001,0.38247,0.001,0.38247,0.00171,0.0,300.0,0.02,0.3836,0.001,34.833240999999994,-5.172078,2.414,2.17,10.3,0.01,0.53,-999.0,58103.0547,0.364,0.2968,0.3542,0.0279,0.0314,22.0573,0.036,22.0947,2.6981e-05,8.9485e-07,0.0039,-0.0,-0.0,20,0.572,0.9835,0.9967,1.0,0.9999,1.0,41.4179,0.1365,0.0,-0.0578,1.0,0.0094
1901257,10,0,X3,3,0,36.371246,-4.74847,0.5210000276565551,0.0010000000474974,0.51978200674057,0.0010000000474974,0.5197820663452148,0.0018201154889538,0,300,0,0,0.0229108110070228,3,7,-33738,-9,-9,0.5210000276565551,0.0010000000474974,36.371342,-4.748481,0.3470000028610229,0.25,-3.5928285121917725,11.187999725341797,0.025000000372529,-9999,-9999,0.4280000030994415,10.428000450134276,-10.781000137329102,10.428184509277344,1.555999994277954,-999,23.229999542236328,21.290000915527344,20.309999465942383,19.989999771118164,0.0099999997764825,0.0,0.0,0.0,12.760000228881836,74.55000305175781,159.00999450683594,234.8699951171875,24.73537254333496,22.81888198852539,21.996438980102536,21.572931289672848,58071.09375,10.258488655090332,9.829687118530272,7.802058696746825,28.961452484130856,riz,0,58065.21484375,0.627527117729187,-1.575028419494629,0.5889784693717957,0.0957820490002632,0.0884831398725509,23.62355232238769,0.1065880358219146,6.376449164235964e-06,6.259837164179771e-07,0.0256032161414623,-2.475379119459831e-07,-5.038113215505292e-08,34,28.862302780151367,0.7175220847129821,0.6144676208496093,1901257,0,0.521,0.001,0.51978,0.001,0.51978,0.00182,0.0,300.0,0.02,0.521,0.001,36.371342,-4.748481,0.347,0.25,11.19,0.03,1.56,-999.0,58065.1875,0.6298,-1.6919,0.5877,0.0805,0.0897,23.6064,0.107,23.294,6.4781e-06,6.386e-07,0.0255,-0.0,-0.0,33,0.7379,0.998,0.9306,0.9996,0.9998,1.0,42.6172,0.2281,0.0,-0.1921,1.0,0.0159
1912270,10,0,C3,3,0,52.740223,-27.782036,0.8671500086784362,0.0010000000474974,0.8664150238037109,0.0010000000474974,0.8664150238037109,0.0021185264922678,0,300,0,0,0.0075520789250731,1,1,140109,-9,-9,0.8672000169754028,0.0010000000474974,52.739963,-27.781903,0.9570000171661376,1.093000054359436,-9.0,9.673999786376951,0.0149999996647238,-9999,-9999,1.2680000066757202,0.1969999969005584,-8.39799976348877,0.2008233070373535,-0.0299999993294477,-999,23.88999938964844,23.43000030517578,22.809999465942383,22.540000915527344,0.0099999997764825,0.0099999997764825,0.0,0.0099999997764825,5.039999961853027,8.52999973297119,14.640000343322754,18.26000022888184,25.743923187255856,25.172626495361328,24.58614730834961,24.346248626708984,58084.23046875,9.724583625793455,5.969116687774657,-99.0,19.06927299499512,iz,0,58095.125,1.2617743015289309,-1.1699556112289429,0.7776329517364502,-0.127593845129013,0.1891252398490905,24.60291290283203,0.0859182253479957,2.5872270725813e-06,2.0473662232234346e-07,-0.0090183718129992,-6.873546709584843e-08,-1.1213082906635918e-08,16,34.719459533691406,0.0043407496996223,0.5770437121391296,1912270,0,0.86715,0.001,0.86642,0.001,0.86642,0.00212,0.0,300.0,0.01,0.8672,0.001,52.739964,-27.781902,0.957,1.09,9.67,0.01,-0.03,-999.0,58094.3672,1.2084,-0.5094,0.7858,-0.065,0.1833,24.6343,0.0862,24.7403,2.5135e-06,1.9957e-07,0.0022,-0.0,-0.0,15,0.1448,0.0,0.946,0.0007,0.0001,0.0,44.0635,449.6125,1.0,-0.0041,0.592,0.0
1837071,10,0,S2,3,0,41.769619,-0.731298,0.129950001835823,0.0010000000474974,0.1291320025920867,0.0010000000474974,0.1291320323944091,0.0015088542131707,0,300,0,0,0.0332883186638355,1,1,125359,-9,-9,0.1299999952316284,0.0010000000474974,41.769724,-0.731334,0.3989999890327453,0.2380000054836273,-9.0,10.720000267028809,0.0949999988079071,-9999,-9999,-0.090999998152256,9.909000396728516,-10.876999855041504,9.912384033203123,1.5049999952316284,-999,19.88999938964844,18.770000457763672,18.350000381469727,18.030000686645508,0.0,0.0,0.0,0.0,284.0400085449219,759.2899780273436,1112.8399658203125,1544.3299560546875,21.36655044555664,20.298980712890625,19.88391876220703,19.52815055847168,58122.125,6.956186771392822,6.844069004058838,5.758669853210449,17.635005950927734,gri,0,58122.66796875,0.8670159578323364,0.6903498768806458,1.2056524753570557,0.3524729311466217,0.1378579586744308,22.693471908569336,0.2190353572368621,1.5017963050922845e-05,3.029709205293329e-06,0.0750696063041687,-2.246754547741148e-06,-3.132660140181543e-07,7,13.01409149169922,0.0717657953500747,1.1972328424453735,1837071,0,0.12995,0.001,0.12913,0.001,0.12913,0.00151,0.0,300.0,0.03,0.13,0.001,41.769726,-0.731334,0.399,0.24,10.72,0.1,1.5,-999.0,58123.2305,0.819,0.0121,0.992,0.2474,0.1126,22.5574,0.1585,21.8698,1.7024e-05,2.4851e-06,0.0362,-0.0,-0.0,8,0.0122,0.1451,0.016,0.0001,0.0,0.0,41.193,343.0536,1.0,-0.063,1.0,0.0276
1839117,10,0,X3,3,0,37.362591,-4.74307,0.6079999804496765,0.0010000000474974,0.6067379713058471,0.0010000000474974,0.6067379713058471,0.0018934234976768,0,300,0,0,0.025131044909358,1,1,-27767,-9,-9,0.6079999804496765,0.0010000000474974,37.362455,-4.74271,1.3830000162124634,1.5900000333786013,-9.0,10.47700023651123,0.0370000004768371,-9999,-9999,-0.4959999918937683,6.2210001945495605,-10.923999786376951,6.221299171447754,1.190000057220459,-999,24.270000457763672,22.6299991607666,21.729999542236328,21.3700008392334,0.0199999995529651,0.0,0.0,0.0,2.150000095367432,10.220000267028809,15.93000030517578,28.71999931335449,26.66890335083008,24.97637176513672,24.494461059570312,23.854537963867188,58028.296875,32.738067626953125,17.61109161376953,16.105276107788086,59.34130859375,riz,0,58020.9765625,0.5233669877052307,0.1340936869382858,0.3630955815315246,-0.0879862010478973,0.0400846824049949,23.206130981445312,0.0391212366521358,9.365864571009297e-06,3.374707375769504e-07,0.0024158610031008,-8.316681032738414e-08,-6.391998486066086e-09,39,44.32964706420898,0.2569644153118133,0.296673834323883,1839117,0,0.608,0.001,0.60674,0.001,0.60674,0.00189,0.0,300.0,0.03,0.608,0.001,37.362453,-4.74271,1.383,1.59,10.48,0.04,1.19,-999.0,58021.2891,0.5176,0.0222,0.3481,-0.0568,0.0394,23.1961,0.0392,23.3928,9.4528e-06,3.4103e-07,0.0024,-0.0,-0.0,40,0.0464,0.9938,0.9833,0.999,0.9939,0.9963,42.716,0.1576,0.0,0.0028,1.0,0.0056
1876204,10,101,C3,3,0,52.900402,-27.945885,0.510670006275177,0.0010000000474974,0.5100809931755065,0.0010000000474974,0.5100810527801513,0.0018120122840628,0,300,0,0,0.0072058048099279,2,2,130727,-9,-9,0.510699987411499,0.0010000000474974,52.900523,-27.945873,0.3860000073909759,0.5389999747276306,-2.979498863220215,9.770000457763674,0.0780000016093254,-9999,-9999,0.248999997973442,0.0299999993294477,-9.652000427246092,0.0626498237252235,0.5270000100135803,-999,23.229999542236328,22.239999771118164,21.8799991607666,21.57999992370605,0.0,0.0,0.0,0.0,11.369999885559082,30.590000152587887,43.450000762939446,51.06999969482422,24.860599517822266,23.78605079650879,23.40502548217773,23.229585647583008,58045.28515625,47.40569305419922,24.264928817749023,22.83625221252441,104.76648712158205,riz,0,58045.4296875,0.3913837671279907,0.4880349040031433,0.3212229013442993,0.0331455841660499,0.0258260406553745,23.012121200561523,0.027330495417118,1.1198289939784443e-05,2.8188691203467897e-07,0.0004992265021428,-4.744971704440104e-08,-4.488192928420176e-09,30,24.974721908569336,0.7262594103813171,0.1966500133275985,1876204,101,0.51067,0.001,0.51008,0.001,0.51008,0.00181,0.0,300.0,0.01,0.5107,0.001,52.900524,-27.945873,0.386,0.54,9.77,0.08,0.53,-999.0,58045.4141,0.4065,0.682,0.3686,0.0425,0.0286,23.0312,0.0338,23.0033,1.1003e-05,3.4303e-07,0.0022,-0.0,-0.0,27,0.8327,0.9991,1.0,1.0,0.9978,1.0,42.3265,0.1844,0.0,-0.0137,1.0,0.022
1791048,10,0,C1,3,0,54.440933,-27.145966,0.2113900035619735,0.0010000000474974,0.2109439969062805,0.0010000000474974,0.2109439373016357,0.0015710958978161,0,300,0,0,0.0092974482104182,1,1,125007,-9,-9,0.2114000022411346,0.0010000000474974,54.441032,-27.14596,0.3179999887943267,0.2739999890327453,-9.0,10.862000465393066,0.0120000001043081,-9999,-9999,1.1380000114440918,0.2809999883174896,-9.732999801635742,0.2839753627777099,1.218999981880188,-999,20.01000022888184,18.950000762939453,18.459999084472656,18.18000030517578,0.0,0.0,0.0,0.0,247.42999267578125,666.2999877929688,1013.4600219726562,1252.68994140625,21.5163688659668,20.440826416015625,19.985483169555664,19.755390167236328,58008.3359375,27.956439971923828,27.771116256713867,27.452611923217773,66.37896728515625,gri,0,58002.984375,0.2739405930042266,0.0635985136032104,0.3890261054039001,-0.0176451597362756,0.0375008098781108,20.500537872314453,0.0476703383028507,0.0001131839380832,4.969454494130332e-06,0.0078356647863984,-1.4860069086353178e-06,-1.283703880972098e-07,7,22.69674301147461,0.0019246739102527,0.0625210478901863,1791048,0,0.21139,0.001,0.21094,0.001,0.21094,0.00157,0.0,300.0,0.01,0.2114,0.001,54.44103199999999,-27.14596,0.318,0.27,10.86,0.01,1.22,-999.0,58002.5977,0.3301,0.4043,0.4608,0.0078,0.0386,20.513,0.0488,20.6206,0.00011189,5.034e-06,0.0108,-0.0,-0.0,6,0.0077,0.5763,0.6735,0.9769,0.9711,0.7661,39.9438,0.1409,0.0021,-0.0481,1.0,0.0088
1896213,10,0,C3,3,0,52.232731,-27.124613,0.6875699758529663,0.0010000000474974,0.6868839859962463,0.0010000000474974,0.6868839263916015,0.0019619825761765,0,300,0,0,0.0096659697592258,1,1,134643,-9,-9,0.6876000165939331,0.0010000000474974,52.233015,-27.125194,2.282000064849853,1.7970000505447388,-9.0,11.078000068664553,0.025000000372529,-9999,-9999,-0.4990000128746032,9.50100040435791,-11.586999893188477,9.501288414001465,1.4869999885559082,-999,24.3700008392334,22.459999084472656,21.309999465942383,20.76000022888184,0.0099999997764825,0.0,0.0,0.0,0.9800000190734864,5.03000020980835,12.039999961853027,16.790000915527344,27.5,25.74608039855957,24.798433303833008,24.437374114990234,58064.26171875,15.652215003967283,12.752921104431152,12.404582977294922,42.06874084472656,riz,0,58064.2578125,0.564311683177948,-1.0314197540283203,0.4277752339839935,0.123586781322956,0.0523108020424842,23.89867401123047,0.0432899855077266,4.949145477439743e-06,1.973301095858915e-07,0.0069573614746332,-4.984099888361016e-08,-5.2163429131724115e-09,38,51.78803253173828,0.0671634525060653,0.536573052406311,1896213,0,0.68757,0.001,0.68688,0.001,0.68688,0.00196,0.0,300.0,0.01,0.6876,0.001,52.233013,-27.125195,2.282,1.8,11.08,0.03,1.49,-999.0,58064.2578,0.5644,-1.0315,0.4278,0.1234,0.0523,23.8986,0.0433,23.5953,4.9497e-06,1.9735e-07,0.007,-0.0,-0.0,38,0.0674,0.9871,0.8908,1.0,0.9995,1.0,42.9185,0.2096,0.0,-0.2288,1.0,0.0157
1344639,10,0,E2,3,0,9.385376,-44.20084,0.3677000105381012,0.0010000000474974,0.3667219877243042,0.0010000000474974,0.3667219877243042,0.0016942319925874,0,300,0,0,0.006587937939912,1,1,44441,-9,-9,0.3677000105381012,0.0010000000474974,9.385548,-44.200862,0.449999988079071,0.3070000112056732,-9.0,10.890999794006348,0.0109999999403953,-9999,-9999,0.809000015258789,0.6190000176429749,-10.121999740600586,0.6214386820793151,1.4869999885559082,-999,22.13999938964844,20.459999084472656,19.82999992370605,19.440000534057617,0.0,0.0,0.0,0.0,30.71999931335449,145.52999877929688,267.2699890136719,357.3999938964844,23.78144645690918,22.092618942260746,21.432624816894528,21.117115020751957,57389.05859375,24.44477844238281,24.123565673828125,15.059568405151367,59.78585815429688,griz,0,57390.1640625,0.5359036922454834,-0.8378610014915466,0.5613471269607543,-0.0545817501842975,0.0282565485686063,22.06688690185547,0.0342813841998577,2.67451505351346e-05,8.444600325674401e-07,0.0068339458666741,-2.8534472562569135e-07,-1.1585759907006832e-08,15,17.955005645751953,0.2650384306907653,0.3333213031291961,1344639,0,0.3677,0.001,0.36672,0.001,0.36672,0.00169,0.0,300.0,0.01,0.3677,0.001,9.385548,-44.200863,0.45,0.31,10.89,0.01,1.49,-999.0,57390.1641,0.5358,-0.8373,0.5612,-0.0546,0.0282,22.0669,0.0343,22.1501,2.6745e-05,8.4411e-07,0.0068,-0.0,-0.0,15,0.2641,0.6973,0.945,0.9998,0.9988,1.0,41.4734,0.1411,0.0,-0.029,1.0,0.0061
1335585,10,0,X2,3,0,35.114647,-7.111384,0.6068699955940245,0.0010000000474974,0.6055669784545898,0.0010000000474974,0.6055669784545898,0.0018924286123365,0,300,0,0,0.0202516708523035,1,1,41200,-9,-9,0.6068999767303466,0.0010000000474974,35.114725,-7.111349,0.3059999942779541,0.4690000116825103,-9.0,10.32900047302246,0.0309999994933605,-9999,-9999,-3.0369999408721924,6.519000053405762,-13.32900047302246,6.519093990325928,1.5729999542236328,-999,25.299999237060547,23.26000022888184,22.280000686645508,21.819999694824215,0.0700000002980232,0.0099999997764825,0.0099999997764825,0.0099999997764825,2.009999990463257,11.960000038146973,26.709999084472656,40.34000015258789,26.74201011657715,24.805671691894528,23.93331527709961,23.48566055297852,57339.15625,5.463847160339356,5.255217552185059,4.655577182769776,19.846214294433597,riz,0,57323.3984375,0.8925768136978149,-1.5884138345718384,0.8815668821334838,0.0676594227552413,0.1028066277503967,23.58871841430664,0.0967322066426277,6.5843446463986766e-06,5.866233436790935e-07,0.0103788059204816,-3.3843190294646774e-07,-2.9316847616200903e-08,35,36.174076080322266,0.4135745763778686,0.5755034685134887,1335585,0,0.60687,0.001,0.60557,0.001,0.60557,0.00189,0.0,300.0,0.02,0.6069,0.001,35.114723,-7.111349000000001,0.306,0.47,10.33,0.03,1.57,-999.0,57323.4219,0.8814,-1.8288,0.8163,0.0679,0.1038,23.5742,0.0954,23.5592,6.6727e-06,5.8644e-07,0.0111,-0.0,-0.0,39,0.4009,0.8574,0.9385,0.9942,0.9989,0.9719,42.8824,0.2117,0.0007,-0.4721,0.402,0.0
1338266,10,1,X1+X2,3,0,34.905033,-5.869125,0.6498000025749207,0.0010000000474974,0.6484479904174804,0.0010000000474974,0.6484479904174804,0.0019289914052933,0,300,0,0,0.02246830239892,1,1,42497,-9,-9,0.6498000025749207,0.0010000000474974,34.905123,-5.869114,0.3240000009536743,0.4760000109672546,-9.0,9.194000244140623,0.0549999997019767,-9999,-9999,1.0,1.0299999713897705,-8.197999954223633,1.0432909727096558,0.1860000044107437,-999,24.93000030517578,24.1200008392334,23.670000076293945,23.46999931335449,0.0599999986588954,0.0299999993294477,0.0299999993294477,0.0299999993294477,2.740000009536743,5.480000019073486,8.590000152587889,10.350000381469728,26.40562438964844,25.65304946899414,25.165016174316406,24.962648391723636,57366.05859375,12.622635841369627,9.218923568725586,6.764821529388428,34.634002685546875,riz,0,57366.95703125,0.619636058807373,-0.5170833468437194,0.5441900491714478,-0.1101901903748512,0.0542824491858482,23.545808792114254,0.0470428243279457,6.849780675111106e-06,2.9678759005946636e-07,0.0052081942558288,-1.033558092444764e-07,-4.277746601388799e-09,53,53.72968292236328,0.4461925327777862,0.4057315587997436,1338266,1,0.6498,0.001,0.64845,0.001,0.64845,0.00193,0.0,300.0,0.02,0.6498,0.001,34.905125,-5.869114,0.324,0.48,9.19,0.06,0.19,-999.0,57367.0117,0.6243,-0.767,0.6127,-0.1107,0.0554,23.5337,0.0493,23.7698,6.9266e-06,3.1432e-07,0.0074,-0.0,-0.0,44,0.3927,0.9826,1.0,0.9965,0.9995,1.0,43.093,0.1327,0.0,-0.0332,0.432,0.0
1339730,10,0,E1,3,0,8.214377,-42.144386,0.4499000012874603,0.0010000000474974,0.4488080143928527,0.0010000000474974,0.448807954788208,0.0017612059600651,0,300,0,0,0.0125567223876714,1,1,43481,-9,-9,0.4499000012874603,0.0010000000474974,8.214398,-42.144202,0.6639999747276306,0.6280000209808348,-9.0,9.170999526977539,0.0240000002086162,-9999,-9999,0.8629999756813049,0.4650000035762786,-8.303000450134277,0.4734405875205993,0.0829999968409538,-999,24.020000457763672,23.11000061035156,22.840000152587887,22.61000061035156,0.0199999995529651,0.0099999997764825,0.0099999997764825,0.0199999995529651,5.670000076293944,11.800000190734863,14.470000267028809,17.549999237060547,25.616043090820312,24.820295333862305,24.59882926940918,24.389307022094727,57386.04296875,21.015892028808597,18.24635124206543,13.142333984375,40.41251373291016,riz,0,57389.1875,0.600940465927124,-2.1266744136810303,0.7171598672866821,0.1052926704287529,0.0647891610860824,22.46862030029297,0.0773144140839576,1.8473609088687223e-05,1.3154910902812844e-06,0.0150995291769504,-5.190554475120734e-07,-7.419887282367199e-08,15,41.020217895507805,0.0003175312012899,0.7910189628601074,1339730,0,0.4499,0.001,0.44881,0.001,0.44881,0.00176,0.0,300.0,0.01,0.4499,0.001,8.214398,-42.144203000000005,0.664,0.63,9.17,0.02,0.08,-999.0,57387.2578,0.6221,-2.6696,0.7356,0.0806,0.0741,22.356,0.0916,21.8552,2.0492e-05,1.7291e-06,0.0196,-0.0,-0.0,12,0.051,0.0007,0.9201,0.0,0.0008,0.0,41.1784,226.8607,1.0,-0.1988,1.0,0.0171
1334087,10,1,S2,3,0,41.008358,-0.467395,0.267219990491867,0.0010000000474974,0.2662850022315979,0.0010000000474974,0.2662849426269531,0.0016141926171258,0,300,0,0,0.0308373812586069,1,1,-15031,-9,-9,0.2671999931335449,0.0010000000474974,41.009009,-0.467349,2.3480000495910645,1.6519999504089355,-9.0,10.980999946594238,0.0989999994635581,-9999,-9999,-0.9760000109672546,9.02400016784668,-11.916999816894531,9.0248384475708,1.5410000085830688,-999,21.07999992370605,19.57999992370605,19.049999237060547,18.770000457763672,0.0,0.0,0.0,0.0,22.3799991607666,98.0999984741211,123.87000274658205,198.4900054931641,24.125349044799805,22.520828247070312,22.267585754394528,21.755653381347656,57339.12109375,84.58523559570312,49.657997131347656,38.246002197265625,172.08079528808594,griz,0,57337.109375,0.2238824665546417,1.0436418056488037,0.2092378139495849,-0.0524651408195495,0.0166923254728317,20.949766159057617,0.0219602864235639,7.483302761102094e-05,1.513585630164016e-06,0.0003995108418166,-1.7592502388197317e-07,-1.4253247471174292e-08,33,54.994422912597656,0.0094970855861902,0.3893651962280273,1334087,1,0.26722,0.001,0.26629,0.001,0.26628,0.00161,0.0,300.0,0.03,0.2672,0.001,41.00901,-0.4673489999999999,2.348,1.65,10.98,0.1,1.54,-999.0,57337.1094,0.2177,0.9022,0.2164,-0.0533,0.0164,20.9328,0.0235,21.2559,7.6011e-05,1.6433e-06,0.0005,-0.0,-0.0,32,0.013,0.8352,0.9743,0.9999,0.9995,1.0,40.5791,0.1094,0.0,0.0069,1.0,0.006
1278602,10,0,S1,3,0,42.406109,0.709029,0.3489600121974945,0.0010000000474974,0.3479929864406585,0.0010000000474974,0.3479930162429809,0.0016791397938504,0,300,0,0,0.0489063262939453,1,1,10365,-9,-9,0.3490000069141387,0.0010000000474974,42.406331,0.709346,1.3930000066757202,1.2580000162124634,-9.0,10.39900016784668,0.0130000002682209,-9999,-9999,0.6449999809265136,0.1410000026226043,-9.704999923706055,0.1420211195945739,1.2079999446868896,-999,23.3799991607666,22.069999694824215,21.549999237060547,21.07999992370605,0.0099999997764825,0.0,0.0,0.0,6.849999904632568,25.770000457763672,42.119998931884766,67.58000183105469,25.41077423095703,23.972213745117188,23.438777923583984,22.92545318603516,57269.2578125,17.126073837280273,15.309715270996094,11.27275562286377,41.45757293701172,griz,0,57265.4375,0.3904266357421875,-0.1799347698688507,0.4654802978038787,0.1489203423261642,0.0498462915420532,22.51710319519043,0.0768247544765472,1.766683089954313e-05,1.250073410119512e-06,0.0126903941854834,-4.51862206318765e-07,-5.618361953452222e-08,50,67.14881896972656,0.0530881322920322,0.5000114440917968,1278602,0,0.34896,0.001,0.34799,0.001,0.34799,0.00168,0.0,300.0,0.05,0.349,0.001,42.40633,0.709346,1.393,1.26,10.4,0.01,1.21,-999.0,57265.1641,0.436,0.1402,0.4557,0.2116,0.0378,22.6385,0.0611,22.1626,1.5797e-05,8.8888e-07,0.0055,-0.0,-0.0,50,0.2701,0.9963,0.6962,0.9924,0.9987,0.9994,41.4858,0.2051,0.0,-0.1425,1.0,0.0263
1289366,10,0,E1+E2,3,0,8.236758,-43.743782,0.3786900043487548,0.0010000000474974,0.3776859939098358,0.0010000000474974,0.3776860237121582,0.0017031007446348,0,300,0,0,0.0052828565239906,1,1,7549,-9,-9,0.3786999881267547,0.0010000000474974,8.237135,-43.743867,1.0279999971389773,1.031000018119812,-9.0,11.126999855041504,0.0260000005364418,-9999,-9999,1.187000036239624,0.3470000028610229,-10.020000457763672,0.3603026568889617,1.4210000038146973,-999,22.61000061035156,20.790000915527344,20.090000152587887,19.6200008392334,0.0099999997764825,0.0,0.0,0.0,15.729999542236328,97.5199966430664,182.2100067138672,221.25,24.5081787109375,22.52726554870605,21.84856986999512,21.637792587280277,57273.3203125,10.133966445922852,9.045540809631348,7.537835121154785,26.85386848449707,griz,0,57266.99609375,0.6887370347976683,-2.1886065006256104,0.7192370891571044,0.248384341597557,0.0794076845049858,23.56981658935547,0.109053611755371,6.699972345813876e-06,6.729592314513866e-07,0.0270417183637619,-3.131455059701693e-07,-4.3226783930094825e-08,121,152.7063446044922,0.0271013025194406,1.1035033464431765,1289366,0,0.37869,0.001,0.37769,0.001,0.37769,0.0017,0.0,300.0,0.01,0.3787,0.001,8.237135,-43.743866,1.028,1.03,11.13,0.03,1.42,-999.0,57267.0586,0.687,-2.5177,0.915,0.2321,0.0826,23.5465,0.1147,22.7429,6.8457e-06,7.2301e-07,0.04,-0.0,-0.0,107,0.1006,0.7541,0.2336,0.0173,0.3349,0.0139,42.0661,1.1497,0.9506,-0.3062,1.0,0.028
1339609,10,0,C2+C3,3,0,53.32391,-28.724577,1.122120022773743,0.0010000000474974,1.121319055557251,0.0010000000474974,1.121319055557251,0.0023464870173484,0,300,0,0,0.0069742212072014,1,1,42756,-9,-9,1.122099995613098,0.0010000000474974,53.323725,-28.724712,0.7590000033378601,1.1670000553131104,-9.0,10.902000427246094,0.0120000001043081,-9999,-9999,1.3969999551773071,0.3190000057220459,-9.501999855041506,0.3203154802322387,0.7639999985694885,-999,23.71999931335449,23.049999237060547,22.319999694824215,21.530000686645508,0.0099999997764825,0.0099999997764825,0.0099999997764825,0.0099999997764825,5.1599998474121085,9.449999809265137,21.75,38.93999862670898,25.71837615966797,25.061420440673828,24.15635299682617,23.524009704589844,57379.07421875,19.78152275085449,16.40265655517578,-99.0,38.85509490966797,iz,0,57372.359375,1.0035781860351562,0.8861123323440551,0.6148279905319213,-0.0694212689995765,0.0786376446485519,24.49392890930176,0.0559657663106918,2.8604088129213774e-06,1.474437141268936e-07,0.0123477205634117,-4.3051507248037524e-08,5.376318501504328e-09,39,34.583343505859375,0.6714823246002197,0.3752223253250122,1339609,0,1.12212,0.001,1.12132,0.001,1.12132,0.00235,0.0,300.0,0.01,1.1221,0.001,53.323727000000005,-28.724712,0.759,1.17,10.9,0.01,0.76,-999.0,57372.3594,1.0035,0.8862,0.6148,-0.0696,0.0786,24.494,0.056,24.8677,2.8601e-06,1.4743e-07,0.0123,-0.0,0.0,39,0.6714,0.1571,0.9783,0.9894,0.0877,0.8731,44.1909,0.109,0.0019,0.0048,0.137,0.0
1338288,10,0,X1,3,0,33.620819,-5.105864,0.1393599957227706,0.0010000000474974,0.1384000033140182,0.0010000000474974,0.1383999586105346,0.0015158114256337,0,300,0,0,0.0159206055104732,1,2,43104,-9,-9,0.1394000053405761,0.0010000000474974,33.620759,-5.105601,0.968999981880188,0.9229999780654908,-2.830169677734375,8.520000457763672,0.0120000001043081,-9999,-9999,-1.1579999923706057,1.281999945640564,-9.663000106811523,1.282687783241272,0.6349999904632568,-999,23.319999694824215,22.76000022888184,22.51000022888184,22.36000061035156,0.0199999995529651,0.0099999997764825,0.0099999997764825,0.0099999997764825,9.640000343322754,15.609999656677246,18.040000915527344,17.5,25.0398063659668,24.51649284362793,24.35940933227539,24.39240455627441,57372.046875,54.84445190429688,49.688926696777344,48.95421600341797,116.60053253173828,gri,0,57371.83984375,0.3053162097930908,0.7495949268341064,0.2707352638244628,0.1868058443069458,0.0260679461061954,21.142505645751957,0.0343217849731445,6.266105629038066e-05,1.980811930479831e-06,0.0001761210005497,-1.945558238958256e-07,-4.02940862898049e-08,10,44.90715026855469,2.260225528516457e-06,0.6709474921226501,1338288,0,0.13936,0.001,0.1384,0.001,0.1384,0.00152,0.0,300.0,0.02,0.1394,0.001,33.620758,-5.105601,0.969,0.92,8.52,0.01,0.64,-999.0,57372.6367,0.353,0.6867,0.5242,0.1443,0.0689,21.052,0.1089,20.6376,6.8109e-05,6.8317e-06,0.0272,-0.0,-0.0,6,0.124,0.0003,0.4076,0.0,0.103,0.0,39.9608,191.5557,1.0,0.0563,1.0,0.0283
1336975,10,1,C1,3,0,54.81863,-27.155611,0.1108800023794174,0.0010000000474974,0.1104779988527298,0.0010000000474974,0.1104780435562133,0.0014949272153899,0,300,0,0,0.0110095078125596,1,1,-15477,-9,-9,0.1108999997377395,0.0010000000474974,54.81839,-27.155559,0.7919999957084655,0.2150000035762786,-9.0,10.746999740600586,0.0099999997764825,-9999,-9999,1.1169999837875366,0.527999997138977,-9.623000144958496,0.5297480821609497,1.1419999599456787,-999,19.15999984741211,18.21999931335449,17.6200008392334,17.450000762939453,0.0,0.0,0.0,0.0,501.489990234375,1202.4200439453125,1886.800048828125,2453.050048828125,20.749343872070312,19.79986000061035,19.31068420410156,19.025733947753903,57355.23828125,252.0885772705078,207.7054901123047,117.94550323486328,459.2015686035156,gri,0,57355.14453125,0.1913513839244842,-0.7801630496978759,0.1089888215065002,-0.0004306590126361,0.0194831490516662,18.976364135742188,0.0249434076249599,0.0004607383743859,1.0584877600194886e-05,0.0001059239293681,-4.682218559537432e-07,-1.5135354658468716e-07,24,48.016883850097656,0.0025120084173977,0.2600583136081695,1336975,1,0.11088,0.001,0.11048,0.001,0.11048,0.00149,0.0,300.0,0.01,0.1109,0.001,54.81839,-27.15556,0.792,0.21,10.75,0.01,1.14,-999.0,57354.8438,0.1947,-0.931,0.1119,0.0234,0.021,18.9674,0.0281,18.8232,0.00046457,1.2023e-05,-0.0,-0.0,-0.0,22,0.0942,0.4806,0.9096,1.0,0.9989,1.0,38.1464,0.1338,0.0,-0.0598,1.0,0.0107
1281135,10,0,C2,3,0,54.483952,-29.118559,0.6525400280952453,0.0010000000474974,0.6519529819488525,0.0010000000474974,0.6519529819488525,0.0019319914281368,0,300,0,0,0.0089094247668981,1,5,3546,-9,-9,0.6524999737739563,0.0010000000474974,54.483776,-29.118592,0.5659999847412109,0.7839999794960022,-2.6415657997131348,9.520000457763674,0.0219999998807907,-9999,-9999,1.1660000085830688,0.0,-8.343999862670898,0.0140000004321336,0.0610000006854534,-999,23.649999618530277,22.809999465942383,22.540000915527344,22.299999237060547,0.0099999997764825,0.0099999997764825,0.0099999997764825,0.0099999997764825,6.7199997901916495,15.229999542236328,18.88999938964844,24.770000457763672,25.431575775146484,24.543251037597656,24.309419631958008,24.01518440246582,57266.2734375,18.603309631347656,12.846285820007324,11.538613319396973,42.495262145996094,riz,0,57269.65625,0.5629677772521972,0.2752736210823059,0.5331701040267944,-0.2729577422142028,0.044465072453022,22.770044326782227,0.0533252395689487,1.3995299013913607e-05,6.873701750009786e-07,0.007886859588325,-3.0027612751837296e-07,-1.0656249216367542e-08,45,71.3305435180664,0.0074661141261458,0.9144742488861084,1281135,0,0.65254,0.001,0.65195,0.001,0.65195,0.00193,0.0,300.0,0.01,0.6525,0.001,54.483776,-29.118591,0.566,0.78,9.52,0.02,0.06,-999.0,57269.6562,0.563,0.2754,0.5332,-0.2729,0.0445,22.7701,0.0533,23.1909,1.3995e-05,6.8738e-07,0.0079,-0.0,-0.0,45,0.0074,0.9973,0.01,0.9999,0.9973,0.9832,42.5141,0.1354,0.0436,0.4556,0.623,0.0
1275946,10,1,E2,3,0,10.403968,-43.637779,0.2329999953508377,0.0010000000474974,0.2321150004863739,0.0010000000474974,0.2321150302886962,0.0015874928794801,0,300,0,0,0.0083360103890299,2,2,-2796,-9,-9,0.2329999953508377,0.0010000000474974,10.404035,-43.637828,0.2479999959468841,0.527999997138977,-2.873262405395508,7.967000007629394,0.1260000020265579,-9999,-9999,-0.5540000200271606,9.446000099182129,-8.458999633789062,9.486717224121092,0.5699999928474426,-999,25.3799991607666,24.86000061035156,24.770000457763672,24.440000534057617,0.0599999986588954,0.050000000745058,0.0700000002980232,0.0799999982118606,1.559999942779541,2.140000104904175,3.190000057220459,3.660000085830689,27.017189025878903,26.67396545410156,26.240524291992188,26.091297149658203,57265.2265625,112.73664855957033,106.35010528564452,82.20736694335938,305.65530395507807,griz,0,57261.62890625,0.2108968496322631,1.84420382976532,0.1978659033775329,-0.0501951575279235,0.0170489735901355,20.606164932250977,0.0239158533513545,0.0001026913669193,2.262015186715871e-06,0.0010003638453781,-2.8117548822592653e-07,-2.725915138057644e-08,50,37.36165618896485,0.9067817330360411,0.6370978355407714,1275946,1,0.233,0.001,0.23212,0.001,0.23212,0.00159,0.0,300.0,0.01,0.233,0.001,10.404035,-43.637829,0.248,0.53,7.97,0.13,0.57,-999.0,57261.6719,0.2072,1.7073,0.1983,-0.0661,0.0176,20.5813,0.0248,21.0333,0.00010508,2.4027e-06,0.0012,-0.0,-0.0,48,0.9943,0.9965,0.4387,1.0,1.0,1.0,40.3565,0.1071,0.0,0.01,1.0,0.0067
1281119,10,0,C2,3,0,53.364552,-29.188067,0.1994699984788894,0.0010000000474974,0.1990219950675964,0.0010000000474974,0.1990220546722412,0.0015619131736457,0,300,0,0,0.0082621816545724,1,1,274405,-9,-9,0.1994999945163726,0.0010000000474974,53.364724,-29.188218,0.7670000195503234,0.3160000145435333,-9.0,10.991999626159668,0.0320000015199184,-9999,-9999,1.0579999685287476,0.7630000114440918,-9.982999801635742,0.7791873812675476,1.2070000171661377,-999,20.479999542236328,19.209999084472656,18.670000076293945,18.3799991607666,0.0,0.0,0.0,0.0,168.5500030517578,515.3599853515625,912.989990234375,1119.8499755859375,21.933177947998047,20.71972274780273,20.09883499145508,19.877099990844727,57266.2734375,27.41404914855957,21.631711959838867,15.03288745880127,65.16271209716797,griz,0,57264.86328125,0.2541568577289581,0.0880356729030609,0.3081278800964355,0.1794532090425491,0.0324482172727584,21.28774642944336,0.0519612170755863,5.481521293404512e-05,2.6233492462779395e-06,0.002837985754013,-4.679002643115382e-07,-7.373899535423334e-08,43,66.0899658203125,0.0133530786260962,0.5988966822624207,1281119,0,0.19947,0.001,0.19902,0.001,0.19902,0.00156,0.0,300.0,0.01,0.1995,0.001,53.364723,-29.188217,0.767,0.32,10.99,0.03,1.21,-999.0,57264.418,0.2311,-0.167,0.2955,0.2342,0.0308,21.3436,0.0498,20.6589,5.2066e-05,2.3886e-06,0.0038,-0.0,-0.0,43,0.0223,0.2221,0.5503,0.9752,0.9775,0.9705,39.9821,0.1956,0.0003,-0.0535,1.0,0.0308
1289306,10,0,E1+E2,3,0,8.238296999999998,-43.782833,0.5437999963760376,0.0010000000474974,0.5426759719848632,0.0010000000474974,0.5426759719848632,0.0018393002683296,0,300,0,0,0.0053335856646299,1,2,-5467,-9,-9,0.5437999963760376,0.0010000000474974,8.238298,-43.782772,0.2199999988079071,0.2339999973773956,-4.266988754272461,10.77299976348877,0.0270000007003545,-9999,-9999,1.0039999485015867,0.1759999990463256,-9.836000442504883,0.1886796206235885,1.184999942779541,-999,23.690000534057617,22.059999465942383,21.280000686645508,20.770000457763672,0.0199999995529651,0.0,0.0,0.0,8.199999809265137,36.700000762939446,74.12000274658203,105.52999877929688,25.215465545654297,23.588335037231445,22.82516098022461,22.441558837890625,57265.23046875,10.943610191345217,10.382450103759766,8.918087005615234,30.462177276611328,riz,0,57266.9765625,0.5863538980484008,-2.786343574523926,0.5897000432014465,-0.0570354834198951,0.0685635954141616,23.307188034057617,0.0693069994449615,8.533458640158642e-06,5.447257080959389e-07,0.0087705114856362,-1.898602164374097e-07,-2.5218895416401214e-08,99,85.9194107055664,0.8227959275245667,0.9480398297309875,1289306,0,0.5438,0.001,0.54268,0.001,0.54268,0.00184,0.0,300.0,0.01,0.5438,0.001,8.238298,-43.782772,0.22,0.23,10.77,0.03,1.19,-999.0,57266.9766,0.5863,-2.7865,0.5897,-0.0571,0.0686,23.3072,0.0693,23.2438,8.5335e-06,5.4466e-07,0.0087,-0.0,-0.0,99,0.8226,0.9663,0.923,0.9981,0.999,0.9951,42.567,0.1648,0.0001,-0.1883,0.631,0.0
1342778,10,0,E2,3,0,9.218061,-44.677235,0.4055700004100799,0.0010000000474974,0.4045740067958831,0.0010000000474974,0.4045740365982055,0.0017249525990337,0,300,0,0,0.0086438348516821,1,1,44432,-9,-9,0.4056000113487243,0.0010000000474974,9.217444,-44.677082,1.6729999780654907,1.628000020980835,-9.0,9.267000198364256,0.0130000002682209,-9999,-9999,0.0780000016093254,0.0130000002682209,-9.310000419616701,0.0487647429108619,0.2399999946355819,-999,23.40999984741211,22.540000915527344,22.32999992370605,22.090000152587887,0.0099999997764825,0.0099999997764825,0.0099999997764825,0.0099999997764825,4.599999904632568,8.430000305175781,12.949999809265137,15.989999771118164,25.84310531616211,25.1854305267334,24.71932601928711,24.490379333496094,57385.09765625,20.348812103271484,18.61774063110352,14.36236572265625,49.734188079833984,riz,0,57385.91796875,0.7422386407852172,1.30324387550354,0.6126863956451416,0.1608436405658721,0.0473039969801902,22.605817794799805,0.05056569352746,1.628068093850743e-05,7.582356715829519e-07,0.0035389468539506,-1.9747496082800358e-07,-2.5814241411126204e-08,10,19.719104766845703,0.0320242643356323,0.6900492906570433,1342778,0,0.40557,0.001,0.40457,0.001,0.40457,0.00172,0.0,300.0,0.01,0.4056,0.001,9.217444,-44.677082,1.673,1.63,9.27,0.01,0.24,-999.0,57386.832,0.8296,0.7874,0.6546,0.1829,0.0469,22.628,0.0503,22.1718,1.5951e-05,7.3946e-07,0.0022,-0.0,-0.0,9,0.0634,0.0005,0.8199,0.0004,0.0009,0.0,41.495,252.286,1.0,-0.0062,1.0,0.0346
1283923,10,1,E1+E2,3,0,9.115505,-43.267853,0.1471499949693679,0.0010000000474974,0.1463109999895095,0.0010000000474974,0.1463110446929931,0.0015217696782201,0,300,0,0,0.0052981213666498,1,1,9434,-9,-9,0.1471000015735626,0.0010000000474974,9.115502,-43.267849,0.0149999996647238,0.0089999996125698,-9.0,10.684000015258787,0.0270000007003545,-9999,-9999,0.3989999890327453,0.537000000476837,-10.30799961090088,0.5755154490470886,1.468999981880188,-999,20.350000381469727,19.200000762939453,18.739999771118164,18.319999694824215,0.0,0.0,0.0,0.0,165.1199951171875,487.9299926757813,745.2000122070312,952.4000244140624,21.955501556396484,20.77910614013672,20.319316864013672,20.05295181274414,57265.2265625,65.45822143554688,60.58398818969727,46.10757827758789,149.5029754638672,gri,0,57268.5625,0.2386038154363632,-2.1700241565704346,0.1494332551956176,0.1029846891760826,0.0245847590267658,20.72091293334961,0.0336721129715442,9.239214705303311e-05,2.865372607629979e-06,0.0008211767999455,-1.9751055901906514e-07,-5.629490829051065e-08,68,89.11046600341797,0.0439365357160568,0.8006656765937805,1283923,1,0.14715,0.001,0.14631,0.001,0.14631,0.00152,0.0,300.0,0.01,0.1471,0.001,9.115502,-43.267849,0.015,0.01,10.68,0.03,1.47,-999.0,57268.4766,0.2464,-2.2581,0.1527,0.1,0.025,20.7138,0.0341,20.1376,9.2999e-05,2.9182e-06,0.0002,-0.0,-0.0,65,0.1692,0.0,0.8964,0.9684,0.9999,0.9999,39.4609,0.1699,0.0,-0.0801,1.0,0.0194
1281879,10,0,S2,3,0,41.396969,-1.216635,0.5065699815750122,0.0010000000474974,0.5054720044136047,0.0010000000474974,0.5054719448089598,0.0018081679008901,0,300,0,0,0.0293065272271633,1,1,12518,-9,-9,0.506600022315979,0.0010000000474974,41.396855,-1.216815,0.7689999938011169,0.7519999742507933,-9.0,10.645000457763672,0.0149999996647238,-9999,-9999,0.6269999742507933,0.1759999990463256,-9.982000350952147,0.1824280619621276,0.8659999966621398,-999,23.11000061035156,21.76000022888184,21.18000030517578,20.809999465942383,0.0099999997764825,0.0,0.0,0.0,11.760000228881836,42.040000915527344,65.94999694824219,91.16000366210936,24.823982238769528,23.44084358215332,22.951963424682617,22.600488662719727,57265.29296875,10.110087394714355,8.9968900680542,8.284052848815918,29.53795051574707,riz,0,57262.23046875,0.7956653833389282,1.102961182594299,0.8019065856933593,0.1596257388591766,0.0682580322027206,22.97826194763184,0.0889305099844932,1.1553005606401712e-05,9.462838761464809e-07,0.0136044910177588,-5.420852176030166e-07,-4.4251841302411776e-08,46,33.41835403442383,0.9167736172676086,0.646749198436737,1281879,0,0.50657,0.001,0.50547,0.001,0.50547,0.00181,0.0,300.0,0.03,0.5066,0.001,41.396854,-1.216815,0.769,0.75,10.64,0.01,0.87,-999.0,57262.2305,0.7956,1.1027,0.8019,0.1596,0.0682,22.9783,0.0889,22.8773,1.1553e-05,9.4605e-07,0.0136,-0.0,-0.0,46,0.9171,0.9924,0.8096,0.9999,0.9998,0.9999,42.2005,0.1918,0.0,-0.2003,0.732,0.0
1280240,10,1,C2,3,0,55.229565,-28.688652,0.0599899999797344,0.0010000000474974,0.0596240013837814,0.0010000000474974,0.0596239566802978,0.001457498408854,0,300,0,0,0.0106422817334532,1,1,2289,-9,-9,0.0599999986588954,0.0010000000474974,55.228673,-28.689131,3.302999973297119,1.3899999856948853,-9.0,10.020999908447266,0.0160000007599592,-9999,-9999,0.0049999998882412,4.257999897003174,-10.020000457763672,4.2594990730285645,1.0740000009536743,-999,19.850000381469727,19.11000061035156,18.700000762939453,18.450000762939453,0.0,0.0,0.0,0.0,131.41000366210938,212.0200042724609,305.42999267578125,389.0299987792969,22.203428268432617,21.684057235717773,21.2877197265625,21.025043487548828,57276.35546875,432.3489685058594,431.3130493164063,206.38449096679688,924.822265625,gri,0,57257.703125,0.331714391708374,0.3654806315898895,0.1611502319574356,0.0383859127759933,0.0191181823611259,17.997390747070312,0.0260058175772428,0.0011351241264492,2.718876930885017e-05,0.0007026128005236,-1.0356877737649484e-06,-4.437131906342984e-07,20,26.49442672729492,0.1500963419675827,0.1766741871833801,1280240,1,0.05999,0.001,0.05962,0.001,0.05962,0.00146,0.0,300.0,0.01,0.06,0.001,55.228672,-28.689131,3.303,1.39,10.02,0.02,1.07,-999.0,57257.7031,0.3317,0.3655,0.1612,0.0383,0.0191,17.9973,0.026,18.0291,0.0011352,2.7183e-05,0.0007,-0.0,-0.0,20,0.1498,0.87,0.8906,0.9999,0.9993,0.9988,37.3523,0.1374,0.0,-0.0736,1.0,0.0129
1330817,10,0,S2,3,0,41.108952,-1.447716,0.2714399993419647,0.0010000000474974,0.2705079913139343,0.0010000000474974,0.2705080509185791,0.0016175120836123,0,300,0,0,0.0272209253162145,1,1,39351,-9,-9,0.2714000046253204,0.0010000000474974,41.10972,-1.448341,3.562000036239624,3.608000040054321,-9.0,10.54300022125244,0.1199999973177909,-9999,-9999,-0.5270000100135803,9.472999572753906,-10.942999839782717,9.473057746887209,1.5479999780654907,-999,21.93000030517578,20.440000534057617,19.959999084472656,19.61000061035156,0.0,0.0,0.0,0.0,0.5,2.4800000190734863,3.9600000381469727,5.449999809265137,27.5,26.51387023925781,26.005762100219727,25.659008026123047,57311.296875,45.46697998046875,44.582134246826165,41.8170166015625,115.6856689453125,griz,0,57308.9609375,0.277843177318573,-1.1046327352523804,0.2438247501850128,-0.0274652373045682,0.0188819915056228,21.617176055908203,0.0223380122333765,4.04696402256377e-05,8.326252327606199e-07,0.0009758194210007,-8.009084240256925e-08,-1.0139486583682356e-08,45,42.842578887939446,0.5637648701667785,0.3794216811656951,1330817,0,0.27144,0.001,0.27051,0.001,0.27051,0.00162,0.0,300.0,0.03,0.2714,0.001,41.109718,-1.448341,3.562,3.61,10.54,0.12,1.55,-999.0,57308.9609,0.2778,-1.1042,0.2438,-0.0274,0.0189,21.6172,0.0223,21.5907,4.0469e-05,8.3251e-07,0.001,-0.0,-0.0,45,0.5649,0.9993,0.9978,1.0,0.9999,1.0,40.9139,0.1117,0.0,-0.0468,1.0,0.0066
1329622,10,0,X2,3,0,35.499458,-6.228539,0.4872699975967407,0.0010000000474974,0.4860680103302002,0.0010000000474974,0.4860680103302002,0.0017920228419825,0,300,0,0,0.0229928698390722,1,2,21861,-9,-9,0.4873000085353851,0.0010000000474974,35.4992,-6.228611,0.9599999785423278,1.2660000324249268,-2.68863844871521,9.871000289916992,0.0419999994337558,-9999,-9999,0.8880000114440918,0.7960000038146972,-8.925000190734863,0.7978295683860778,0.5839999914169312,-999,23.700000762939453,22.450000762939453,22.059999465942383,21.82999992370605,0.0199999995529651,0.0099999997764825,0.0099999997764825,0.0099999997764825,4.800000190734863,16.75,23.600000381469727,25.840000152587887,25.79689598083496,24.43996238708496,24.067720413208008,23.969268798828125,57304.1953125,12.511192321777344,8.537181854248049,7.663581371307373,24.340038299560547,riz,0,57299.18359375,1.0874446630477903,0.0058123650960624,0.6757198572158813,0.0703479498624801,0.0878356471657752,22.847339630126957,0.1056903004646301,1.3033589311817195e-05,1.2687464732152876e-06,0.0149330468848347,-4.7313909590229747e-07,-8.420966679523188e-08,23,23.59834098815918,0.4263206124305725,0.2345011681318283,1329622,0,0.48727,0.001,0.48607,0.001,0.48607,0.00179,0.0,300.0,0.02,0.4873,0.001,35.499199,-6.228611,0.96,1.27,9.87,0.04,0.58,-999.0,57299.1367,1.0882,-0.0246,0.6648,0.0579,0.0864,22.8339,0.1043,22.7925,1.3197e-05,1.2674e-06,0.012,-0.0,-0.0,25,0.4605,0.9905,0.8788,0.9965,0.9991,0.9977,42.1157,0.2411,0.0001,-0.1619,1.0,0.0021
1280792,10,0,C3,3,0,52.292923,-28.016565,0.6812300086021423,0.0010000000474974,0.6805580258369445,0.0010000000474974,0.6805579662322998,0.0019565389957278,0,300,0,0,0.0074103563092648,1,1,6261,-9,-9,0.6812000274658203,0.0010000000474974,52.292986,-28.016585,0.2119999974966049,0.2750000059604644,-9.0,10.60099983215332,0.0199999995529651,-9999,-9999,-4.001999855041504,5.998000144958496,-14.625,5.998420238494873,1.5290000438690186,-999,25.030000686645508,23.149999618530277,22.07999992370605,21.559999465942383,0.0299999993294477,0.0099999997764825,0.0,0.0,2.4200000762939453,12.659999847412108,35.02000045776367,51.68999862670898,26.540462493896484,24.743915557861328,23.639209747314453,23.216484069824215,57253.28515625,20.982982635498047,13.030402183532717,12.260181427001951,35.015140533447266,riz,0,57249.9921875,1.8020577430725095,-2.6765289306640625,0.549021303653717,0.0208690371364355,0.0627361163496971,23.750665664672848,0.0629175081849098,5.6719695749052335e-06,3.286859282525257e-07,0.0009022253216244,-2.1740859779129096e-08,-3.1489262308781463e-09,30,34.89196014404297,0.2465928643941879,0.894884169101715,1280792,0,0.68123,0.001,0.68056,0.001,0.68056,0.00196,0.0,300.0,0.01,0.6812,0.001,52.292988,-28.016584,0.212,0.28,10.6,0.02,1.53,-999.0,57249.75,1.8321,-2.6492,0.5465,0.0143,0.0613,23.7395,0.0619,23.4562,5.7306e-06,3.2688e-07,0.0001,-0.0,-0.0,30,0.236,0.9403,0.8963,0.9644,0.9993,0.9149,42.7794,0.2554,0.0016,-0.1688,1.0,0.0111
1256426,10,0,C2,3,0,54.221615,-29.861069,0.3327299952507019,0.0010000000474974,0.3322570025920867,0.0010000000474974,0.3322570323944091,0.0016665166476741,0,300,0,0,0.0102805942296981,1,1,3558,-9,-9,0.3327000141143798,0.0010000000474974,54.2216,-29.861101,0.123999997973442,0.1120000034570694,-9.0,10.401000022888184,0.0130000002682209,-9999,-9999,1.281999945640564,0.0209999997168779,-9.10900020599365,0.0334215499460697,0.7170000076293945,-999,21.25,20.489999771118164,20.15999984741211,19.65999984741211,0.0,0.0,0.0,0.0,77.33000183105469,155.2100067138672,199.27999877929688,320.8099975585937,22.779129028320312,22.02270126342773,21.751340866088867,21.234378814697266,56675.09375,30.406124114990234,29.116439819335938,-99.0,61.75888442993164,grz,0,56664.015625,1.0447862148284912,4.016580104827881,0.761697769165039,0.4561136364936828,0.1228499710559845,21.4996395111084,0.2129237800836563,4.5096621761331335e-05,8.843901014188305e-06,0.0194943472743034,-1.4286216583059286e-06,-1.07697280782304e-06,2,2.74568247795105,0.253385990858078,2.0258572101593018,1256426,0,0.33273,0.001,0.33226,0.001,0.33226,0.00167,0.0,300.0,0.01,0.3327,0.001,54.2216,-29.861101,0.124,0.11,10.4,0.01,0.72,-999.0,56668.4492,0.4797,1.3504,0.7428,0.022,0.0792,20.7895,0.1344,20.9478,8.6733e-05,1.0736e-05,0.0461,-0.0,-0.0,3,0.2885,0.0,0.1432,0.0,0.0,0.0,40.271,185.2355,1.0,0.0093,1.0,0.0128
1256332,10,0,X3,3,0,37.245853,-4.734875,0.4791899919509887,0.0010000000474974,0.4780260026454925,0.0010000000474974,0.4780260324478149,0.0017853506142273,0,300,0,0,0.0337127447128295,1,2,19234,-9,-9,0.479200005531311,0.0010000000474974,37.24586,-4.734426,1.6150000095367432,1.3789999485015867,-2.5495400428771973,9.949000358581545,0.0189999993890523,-9999,-9999,0.2039999961853027,0.4359999895095825,-9.732999801635742,0.4398408830165863,0.9010000228881836,-999,24.569999694824215,23.18000030517578,22.690000534057617,22.270000457763672,0.0199999995529651,0.0099999997764825,0.0099999997764825,0.0099999997764825,1.830000042915344,6.78000020980835,9.069999694824217,10.949999809265137,26.8438720703125,25.42192649841309,25.105981826782227,24.901464462280277,56603.05078125,57.288604736328125,41.87318420410156,33.978050231933594,120.32759857177734,riz,0,56601.37890625,0.3711041510105133,1.080398678779602,0.2523228526115417,-0.0343795455992221,0.0295368637889623,22.519207000732425,0.0331062190234661,1.7632648450671695e-05,5.376539320423035e-07,0.0009394874214194,-6.388637530108099e-08,-1.1933035004574322e-08,25,19.434955596923828,0.7758019566535949,0.377926617860794,1256332,0,0.47919,0.001,0.47803,0.001,0.47803,0.00179,0.0,300.0,0.03,0.4792,0.001,37.245861,-4.734426,1.615,1.38,9.95,0.02,0.9,-999.0,56601.4688,0.373,1.2897,0.2506,-0.0183,0.0295,22.5376,0.0335,22.7725,1.7336e-05,5.3492e-07,0.0007,-0.0,-0.0,26,0.3767,0.9654,0.9503,0.9998,0.9986,1.0,42.0957,0.136,0.0,0.0108,1.0,0.0084
1253406,10,0,S2,3,0,41.88628,-0.629973,0.3622899949550628,0.0010000000474974,0.3613060116767883,0.0010000000474974,0.3613059520721435,0.0016898601315915,0,300,0,0,0.0323769971728324,1,2,12330,-9,-9,0.3623000085353851,0.0010000000474974,41.886306,-0.629948,0.1299999952316284,0.1589999943971633,-5.185765266418457,10.215999603271484,0.0989999994635581,-9999,-9999,-1.8949999809265137,8.104999542236328,-12.034000396728516,8.105706214904785,1.4670000076293943,-999,23.530000686645508,21.86000061035156,21.319999694824215,21.049999237060547,0.0099999997764825,0.0,0.0,0.0,9.260000228881838,43.299999237060554,71.6500015258789,93.55999755859376,25.083473205566406,23.408781051635746,22.86195945739746,22.572275161743164,56559.20703125,17.225330352783203,11.32411003112793,9.579191207885742,34.519229888916016,grz,0,56554.921875,0.4289180636405944,-1.3125579357147217,0.4736155271530151,0.0617641173303127,0.0517602786421775,22.51443290710449,0.0580209977924823,1.7710326574160717e-05,9.464276899961988e-07,0.0069875041954219,-3.2084483336802805e-07,-1.7363252169388943e-08,29,49.146732330322266,0.0111423647031188,0.4835389256477356,1253406,0,0.36229,0.001,0.36131,0.001,0.36131,0.00169,0.0,300.0,0.03,0.3623,0.001,41.886307,-0.629948,0.13,0.16,10.22,0.1,1.47,-999.0,56554.4531,0.4236,-1.2287,0.4451,0.068,0.048,22.5012,0.0558,22.2542,1.7927e-05,9.2058e-07,0.0053,-0.0,-0.0,30,0.0047,0.1633,1.0,0.9981,0.8575,0.9926,41.5774,0.2054,0.0002,-0.144,1.0,0.0144
1260241,10,0,X3,3,0,36.660049,-5.357839,0.3344199955463409,0.0010000000474974,0.3333609998226165,0.0010000000474974,0.3333610296249389,0.0016674005892127,0,300,0,0,0.0231261812150478,1,1,19591,-9,-9,0.3343999981880188,0.0010000000474974,36.660116,-5.357857,0.248999997973442,0.1589999943971633,-9.0,11.029000282287598,0.0270000007003545,-9999,-9999,-1.7719999551773071,8.227999687194824,-12.791999816894531,8.231677055358887,1.3919999599456787,-999,21.88999938964844,20.239999771118164,19.590000152587887,19.38999938964844,0.0,0.0,0.0,0.0,43.81999969482422,186.66999816894528,307.17999267578125,405.6000061035156,23.39581871032715,21.82231330871582,21.281517028808597,20.979755401611328,56636.15234375,41.19524383544922,34.50318908691406,33.62325668334961,109.06725311279295,griz,0,56638.19921875,0.2489186227321624,-0.5001047253608703,0.2829729616641998,0.0066940663382411,0.0234486199915409,21.937410354614254,0.0323767960071563,3.0132536267046817e-05,8.985562089947053e-07,0.0028212636243551,-1.773276210315089e-07,-1.500457358361018e-08,30,21.823999404907227,0.8603691458702087,0.1681883186101913,1260241,0,0.33442,0.001,0.33336,0.001,0.33336,0.00167,0.0,300.0,0.02,0.3344,0.001,36.660114,-5.357857,0.249,0.16,11.03,0.03,1.39,-999.0,56638.0273,0.2422,-0.7739,0.2586,-0.0041,0.024,21.9223,0.0323,21.8793,3.0554e-05,9.0882e-07,0.0025,-0.0,-0.0,30,0.7831,0.9758,1.0,0.9999,0.9993,0.9999,41.2026,0.1217,0.0,-0.0499,1.0,0.0079
1249090,10,0,E1,3,0,8.479995,-42.31237,0.3872399926185607,0.0010000000474974,0.3862000107765197,0.0010000000474974,0.386199951171875,0.0017100042896345,0,300,0,0,0.0065847868099808,1,1,7537,-9,-9,0.3871999979019165,0.0010000000474974,8.479261,-42.312588,2.1070001125335693,1.3309999704360962,-9.0,11.234999656677246,0.1519999951124191,-9999,-9999,-10.0,0.0,-21.375,0.3190000057220459,1.5729999542236328,-999,22.15999984741211,20.350000381469727,19.540000915527344,19.280000686645508,0.0,0.0,0.0,0.0,5.590000152587891,20.690000534057617,43.34000015258789,53.560001373291016,25.6314697265625,24.21059799194336,23.407777786254883,23.177898406982425,56534.15625,28.913278579711918,19.17723655700684,12.828022956848145,53.55294418334961,riz,0,56536.015625,0.6013166904449462,-1.7661806344985962,0.3661912083625793,0.0132393082603812,0.0478809103369712,22.432491302490234,0.0533768944442272,1.909868296934292e-05,9.389282240590546e-07,0.002932031173259,-1.1264468469107669e-07,-3.7660232266034654e-08,33,29.955265045166016,0.6194924712181091,0.5903785824775695,1249090,0,0.38724,0.001,0.3862,0.001,0.3862,0.00171,0.0,300.0,0.01,0.3872,0.001,8.479261,-42.312588,2.107,1.33,11.23,0.15,1.57,-999.0,56536.0156,0.6012,-1.7659,0.3661,0.0133,0.0479,22.4326,0.0534,22.2478,1.9098e-05,9.3872e-07,0.0029,-0.0,-0.0,33,0.6193,0.9442,0.974,0.9998,0.9999,1.0,41.571,0.1641,0.0,-0.1221,1.0,0.0097
1260605,10,0,C1,3,0,53.349716,-27.229445,0.5559399724006652,0.0010000000474974,0.5553380250930786,0.0010000000474974,0.5553380250930786,0.0018499473808333,0,300,0,0,0.0073906453326344,1,1,-3493,-9,-9,0.555899977684021,0.0010000000474974,53.34937,-27.229283,1.2510000467300415,1.3710000514984133,-9.0,10.338000297546388,0.0170000009238719,-9999,-9999,0.4000000059604644,0.0340000018477439,-9.935000419616701,0.0760263130068778,0.7319999933242797,-999,23.43000030517578,22.190000534057617,21.65999984741211,21.309999465942383,0.0099999997764825,0.0,0.0,0.0,6.9099998474121085,22.520000457763672,38.950000762939446,53.930000305175774,25.40130424499512,24.118579864501957,23.523731231689453,23.17042350769043,56635.13671875,18.779453277587887,11.628188133239746,10.63560390472412,40.49887466430664,riz,0,56634.609375,0.7748444080352783,1.1437267065048218,0.5248950719833374,0.0408193543553352,0.0494410432875156,22.96524810791016,0.0474750697612762,1.1692324733303394e-05,5.112603957968531e-07,0.002232922706753,-1.525869492979837e-07,-1.2893989875806255e-08,35,28.09218406677246,0.7898921370506286,0.404795229434967,1260605,0,0.55594,0.001,0.55534,0.001,0.55534,0.00185,0.0,300.0,0.01,0.5559,0.001,53.349369,-27.229282,1.251,1.37,10.34,0.02,0.73,-999.0,56634.6094,0.7748,1.1437,0.5249,0.0408,0.0494,22.9653,0.0475,23.0953,1.1692e-05,5.112e-07,0.0022,-0.0,-0.0,35,0.7902,0.9998,0.9342,1.0,0.999,1.0,42.4185,0.1453,0.0,-0.0546,0.656,0.0
1258289,10,0,X2,3,0,36.144314,-6.688757,0.5062879920005798,0.0001500000071246,0.5050879716873168,0.0001500000071246,0.5050879716873168,0.0015135433059185,0,300,0,0,0.0270483288913965,1,2,17350,-9,-9,0.5062999725341796,9.999999747378752e-05,36.144202,-6.688891,0.6280000209808348,0.4550000131130218,-4.194307804107666,11.258999824523926,0.0359999984502792,-9999,-9999,-4.500999927520752,5.499000072479248,-15.744999885559082,5.501415252685546,1.4110000133514404,-999,23.069999694824215,21.190000534057617,20.3700008392334,20.01000022888184,0.0099999997764825,0.0,0.0,0.0,11.270000457763672,60.369998931884766,113.8000030517578,161.57000732421875,24.870189666748047,23.04794692993164,22.359643936157227,21.97909927368164,56595.0703125,21.163631439208984,12.021968841552734,8.018506050109863,31.94746398925781,riz,0,56599.9765625,0.8830081224441528,-2.214723587036133,0.728590190410614,-0.117401011288166,0.0707047209143638,22.819454193115234,0.0563795268535614,1.33726780404686e-05,6.944092660887691e-07,0.0010765407932922,-1.749035902776086e-07,-2.6879762415887853e-08,30,33.51716613769531,0.3005440831184387,0.8355503678321838,1258289,0,0.50629,0.00015,0.50509,0.00015,0.50509,0.00151,0.0,300.0,0.03,0.5063,0.0001,36.144203000000005,-6.688891,0.628,0.46,11.26,0.04,1.41,-999.0,56599.3398,1.0195,-1.1448,0.8103,-0.1175,0.0676,22.8357,0.0532,23.008,1.3174e-05,6.4499e-07,0.0008,-0.0,-0.0,27,0.6166,0.9768,0.7145,0.9997,0.9998,0.9999,42.3312,0.1877,0.0,0.0287,0.58,0.0
1262128,10,1,C2,3,0,53.267674,-29.469212,0.1136500015854835,0.0010000000474974,0.1132339984178543,0.0010000000474974,0.1132340431213378,0.0014969783369451,0,300,0,0,0.0078829433768987,1,2,-4817,-9,-9,0.1137000024318695,0.0010000000474974,53.271968,-29.469991,13.746999740600586,3.7650001049041752,0.1761955469846725,11.079999923706056,0.0829999968409538,-9999,-9999,0.5199999809265136,10.520000457763672,-10.470000267028809,10.520514488220217,1.4639999866485596,-999,19.13999938964844,18.069999694824215,17.520000457763672,17.25,0.0,0.0,0.0,0.0,3.0999999046325684,6.650000095367432,9.18000030517578,11.109999656677246,26.271595001220703,25.44294548034668,25.092893600463867,24.88571548461914,56649.14453125,137.3652801513672,63.59413146972656,53.86588287353516,215.96994018554688,gri,0,56653.1328125,0.231239229440689,-1.979608178138733,0.194128006696701,0.0048286998644471,0.031950544565916,19.966026306152344,0.0417516976594924,0.0001851778797572,7.120966074580792e-06,0.0008696024888195,-8.327442628797143e-07,-1.4566562356321813e-07,16,28.757102966308597,0.02562634088099,0.6600656509399414,1262128,1,0.11365,0.001,0.11323,0.001,0.11323,0.0015,0.0,300.0,0.01,0.1137,0.001,53.27196899999999,-29.469992,13.747,3.77,11.08,0.08,1.46,-999.0,56653.3203,0.2436,-1.7971,0.1776,-0.0002,0.0304,19.9598,0.0394,19.7465,0.00018624,6.76e-06,0.0001,-0.0,-0.0,16,0.1098,0.9934,0.873,0.6026,0.5416,0.1156,39.0697,0.7632,0.9654,-0.0565,1.0,0.0081
1263130,10,0,C3,3,0,52.374332,-28.327791,0.680840015411377,0.0010000000474974,0.6801739931106567,0.0010000000474974,0.6801739931106567,0.0019562088418751,0,300,0,0,0.0070061711594462,4,9,3813,-9,-9,0.6808000206947326,0.0010000000474974,52.374235,-28.327821,0.3260000050067901,0.4009999930858612,-2.3976387977600098,11.189000129699709,0.0109999999403953,-9999,-9999,-1.7139999866485596,0.395000010728836,-12.89900016784668,0.395000010728836,1.6269999742507937,-999,23.989999771118164,22.040000915527344,20.940000534057617,20.38999938964844,0.0099999997764825,0.0,0.0,0.0,6.070000171661377,36.130001068115234,100.62000274658205,148.52000427246094,25.542028427124023,23.605329513549805,22.49328994750977,22.070537567138672,56653.17578125,25.631153106689453,16.745281219482422,11.555788993835447,47.91294860839844,riz,0,56656.47265625,0.6199235320091246,-1.7493913173675537,0.4688827395439147,0.0541517175734043,0.050202015787363,23.76377487182617,0.038806177675724,5.603897989203688e-06,2.002934564870884e-07,0.0034091949928551,-4.8477701852789323e-08,-3.3946916389027133e-09,26,13.346960067749023,0.9806422591209412,0.6104288697242736,1263130,0,0.68084,0.001,0.68017,0.001,0.68017,0.00196,0.0,300.0,0.01,0.6808,0.001,52.374233,-28.327822,0.326,0.4,11.19,0.01,1.63,-999.0,56656.2031,0.6493,-1.7504,0.4751,0.0544,0.0493,23.7476,0.0394,23.4908,5.688e-06,2.0631e-07,0.0033,-0.0,-0.0,24,0.9958,0.9936,0.9758,0.9999,0.9993,0.9865,42.814,0.2143,0.0002,-0.1756,1.0,0.0133
1249416,10,0,S2,3,0,40.912281,-1.748792,0.3326700031757354,0.0010000000474974,0.3316900134086608,0.0010000000474974,0.3316900730133056,0.0016660628607496,0,300,0,0,0.0250884890556335,1,1,13010,-9,-9,0.3327000141143798,0.0010000000474974,40.912396,-1.748804,0.4149999916553497,0.4320000112056732,-9.0,10.505999565124512,0.0099999997764825,-9999,-9999,0.9549999833106994,0.2549999952316284,-9.538000106811523,0.2582750618457794,1.0670000314712524,-999,21.82999992370605,20.65999984741211,20.239999771118164,19.8799991607666,0.0,0.0,0.0,0.0,46.72999954223633,131.0800018310547,192.16999816894528,277.0299987792969,23.326011657714844,22.20615768432617,21.790786743164062,21.3936824798584,56534.2890625,18.83703994750977,13.606179237365724,8.05201244354248,41.54409790039063,griz,0,56540.40234375,0.9218791127204896,0.1680904179811477,0.7633041143417358,-0.1289620697498321,0.0316409617662429,22.70210647583008,0.0418899320065975,1.4899010238877963e-05,5.748344165112941e-07,0.004819574765861,-2.78963938171728e-07,-3.0624884850283243e-09,36,68.68952941894531,0.0008307056268677,0.4335096776485443,1249416,0,0.33267,0.001,0.33169,0.001,0.33169,0.00167,0.0,300.0,0.03,0.3327,0.001,40.912395,-1.748804,0.415,0.43,10.51,0.01,1.07,-999.0,56540.8086,0.994,1.3213,0.7739,-0.1364,0.0312,22.752,0.0444,23.2989,1.423e-05,5.817e-07,0.0045,-0.0,-0.0,36,0.0015,0.0013,0.3588,0.0,0.0,0.0,42.6221,192.592,1.0,0.1097,1.0,0.0054
1258191,10,0,X1,3,0,35.132549,-4.823298,0.5181400179862976,0.0010000000474974,0.5168949961662292,0.0010000000474974,0.516895055770874,0.0018177023157477,0,300,0,0,0.0179164241999387,1,2,14997,-9,-9,0.5181000232696533,0.0010000000474974,35.132658,-4.823084,0.865000009536743,1.0829999446868896,-2.173670053482056,10.380000114440918,0.0160000007599592,-9999,-9999,0.2870000004768371,0.0350000001490116,-10.07900047302246,0.07206941395998,0.8180000185966491,-999,23.40999984741211,22.170000076293945,21.559999465942383,21.270000457763672,0.0099999997764825,0.0,0.0,0.0,7.84000015258789,28.71999931335449,49.97999954223633,68.0199966430664,25.264209747314453,23.854537963867188,23.253009796142575,22.918407440185547,56559.16796875,12.18979835510254,10.470276832580566,9.846075057983398,23.811843872070312,riz,0,56595.5,1.0594106912612915,0.0324065349996089,0.7276567816734314,0.2672126293182373,0.0829865634441375,23.53905296325684,0.0920842736959457,6.892532383062644e-06,5.845746500199312e-07,0.0131261767819523,-2.2095326812632266e-07,-3.678148630115175e-08,29,25.349763870239254,0.6599777340888977,0.8907742500305175,1258191,0,0.51814,0.001,0.51689,0.001,0.5169,0.00182,0.0,300.0,0.02,0.5181,0.001,35.132656,-4.823084,0.865,1.08,10.38,0.02,0.82,-999.0,56595.5,1.0599,0.0332,0.7278,0.2673,0.083,23.5393,0.0921,23.2215,6.8912e-06,5.8479e-07,0.0138,-0.0,-0.0,29,0.6606,0.9975,0.6518,0.9956,0.8331,0.269,42.5448,0.2008,0.0819,-0.4916,0.685,0.0
1266808,10,0,X1,3,0,34.983646,-4.672359,0.3303999900817871,0.0010000000474974,0.3293049931526184,0.0010000000474974,0.3293049335479736,0.0016641544643789,0,300,0,0,0.0188861899077892,1,1,14762,-9,-9,0.3303999900817871,0.0010000000474974,34.983429,-4.672231,0.9039999842643736,0.7799999713897705,-9.0,10.697999954223633,0.0120000001043081,-9999,-9999,1.1510000228881836,0.2549999952316284,-9.536999702453613,0.2567586302757263,0.8550000190734863,-999,21.350000381469727,20.3799991607666,19.840000152587887,19.61000061035156,0.0,0.0,0.0,0.0,47.790000915527344,120.26000213623048,174.80999755859375,242.6100006103516,23.301658630371094,22.29969787597656,21.893585205078125,21.53772735595703,56676.046875,12.577754020690918,11.966612815856934,10.033175468444824,28.63681411743164,griz,0,56679.125,1.1261451244354248,-1.5714173316955566,0.990795850753784,-0.1353246420621871,0.0603761263191699,22.669410705566406,0.0705241858959198,1.5354506103903987e-05,9.973546184482984e-07,0.0209814831614494,-5.588884164353658e-07,-2.612346605701532e-08,18,28.537078857421875,0.0543384775519371,0.6912652254104614,1266808,0,0.3304,0.001,0.3293,0.001,0.3293,0.00166,0.0,300.0,0.02,0.3304,0.001,34.983429,-4.672231,0.904,0.78,10.7,0.01,0.85,-999.0,56679.1211,1.1257,-1.5723,0.9905,-0.1354,0.0603,22.6694,0.0705,22.8042,1.5354e-05,9.9681e-07,0.0208,-0.0,-0.0,18,0.054,0.0001,0.0217,0.0032,0.003,0.0001,42.1274,177.0168,1.0,0.0533,1.0,0.0053
1248039,10,0,X2,3,0,34.858139,-6.177352,0.2266599982976913,0.0010000000474974,0.2256560027599334,0.0010000000474974,0.2256560325622558,0.0015824784059077,0,300,0,0,0.0219130311161279,1,1,16397,-9,-9,0.2266999930143356,0.0010000000474974,34.858189,-6.177236,0.4550000131130218,0.6769999861717224,-9.0,9.369999885559082,0.0410000011324882,-9999,-9999,-0.5099999904632568,0.5049999952316284,-9.90999984741211,0.5270920395851135,1.14900004863739,-999,23.38999938964844,22.309999465942383,21.86000061035156,21.61000061035156,0.0099999997764825,0.0,0.0,0.0,9.439999580383299,26.739999771118164,39.4900016784668,51.299999237060554,25.06257057189941,23.93209648132324,23.50878143310547,23.224706649780277,56543.2109375,61.464012145996094,52.69169616699219,33.49284744262695,141.57537841796875,griz,0,56544.12890625,0.2259080708026886,-1.1120259761810305,0.2126256376504898,0.0831205248832702,0.0205458924174308,21.308406829833984,0.0264469496905803,5.3782085160491995e-05,1.3100531077725464e-06,0.0011918530799448,-1.2537304883153413e-07,-1.9771540848978475e-08,38,57.35439300537109,0.0227393694221973,0.4627819061279296,1248039,0,0.22666,0.001,0.22566,0.001,0.22566,0.00158,0.0,300.0,0.02,0.2267,0.001,34.858189,-6.177236,0.455,0.68,9.37,0.04,1.15,-999.0,56544.5781,0.5193,-1.2181,0.2582,0.0996,0.0223,21.3332,0.0302,20.8536,5.257e-05,1.4613e-06,0.0011,-0.0,-0.0,35,0.0377,0.5532,0.8748,0.9539,0.9994,0.9989,40.1768,0.1902,0.0,-0.0456,1.0,0.0301
1250916,10,0,X3,3,0,37.153248,-4.299087,0.670799970626831,0.0010000000474974,0.66948002576828,0.0010000000474974,0.6694800853729248,0.0019470192492008,0,300,0,0,0.0229781102389097,1,2,179188,-9,-9,0.670799970626831,0.0010000000474974,37.153233,-4.299103,0.0790000036358833,0.1099999994039535,-5.509340763092041,11.02400016784668,0.101000003516674,-9999,-9999,-3.447999954223633,6.552000045776367,-14.520000457763672,6.559048652648926,1.5110000371932983,-999,24.459999084472656,22.549999237060547,21.280000686645508,20.920000076293945,0.0199999995529651,0.0,0.0,0.0,3.7100000381469727,23.190000534057617,60.83000183105469,89.5,26.07656478881836,24.086748123168945,23.039705276489254,22.620441436767575,56558.26171875,22.681182861328125,22.143871307373047,13.614266395568848,64.99566650390625,riz,0,56555.62890625,0.3597211837768554,-0.7939209938049316,0.3373730182647705,-0.1479994654655456,0.0385977551341056,23.268688201904297,0.0374110080301761,8.841473572829273e-06,3.046490064662067e-07,0.0044753002002835,-7.754517383773418e-08,-5.7226983152247604e-09,34,37.04701614379882,0.3301920592784881,0.5598307847976683,1250916,0,0.6708,0.001,0.66948,0.001,0.66948,0.00195,0.0,300.0,0.02,0.6708,0.001,37.153233,-4.299103,0.079,0.11,11.02,0.1,1.51,-999.0,56555.6602,0.359,-0.6867,0.3437,-0.1654,0.0387,23.2827,0.0378,23.5413,8.7283e-06,3.0356e-07,0.0046,-0.0,-0.0,33,0.8049,0.9868,0.8533,1.0,0.9994,1.0,42.8645,0.1523,0.0,0.1652,1.0,0.0056
1248441,10,0,C3,3,0,52.136707,-28.1868,0.2456700056791305,0.0010000000474974,0.245169997215271,0.0010000000474974,0.245169997215271,0.0015976601280272,0,300,0,0,0.0060542388819158,2,6,4032,-9,-9,0.2457000017166137,0.0010000000474974,52.136945,-28.186864,0.7900000214576721,0.6830000281333923,-2.186758279800415,10.611000061035156,0.0189999993890523,-9999,-9999,0.2730000019073486,0.3790000081062316,-10.586999893188477,0.4087175130844116,1.3380000591278076,-999,20.819999694824215,19.530000686645508,19.01000022888184,18.75,0.0,0.0,0.0,0.0,112.58999633789062,329.8900146484375,495.8599853515625,598.47998046875,22.371250152587887,21.204076766967773,20.7616024017334,20.557376861572266,56536.2578125,60.7343978881836,44.15935134887695,13.104969024658203,110.37506866455078,giz,0,56530.8046875,1.1244592666625977,-0.6173159480094909,0.2614546418190002,-0.1499794721603393,0.0333999991416931,20.809022903442383,0.0876015275716781,8.519040420651437e-05,6.873501661175396e-06,0.0007802619365975,-2.471216760113748e-07,-4.740220660437444e-08,20,21.41377830505371,0.3731478154659271,0.5406233668327332,1248441,0,0.24567,0.001,0.24517,0.001,0.24517,0.0016,0.0,300.0,0.01,0.2457,0.001,52.136944,-28.186865,0.79,0.68,10.61,0.02,1.34,-999.0,56534.3906,0.8903,-1.8562,0.3256,-0.1052,0.0335,20.9716,0.0695,21.0329,7.3343e-05,4.6938e-06,0.0045,-0.0,-0.0,14,0.4311,0.9697,0.653,0.9939,0.9777,0.9996,40.3561,0.1215,0.0,-0.0133,1.0,0.003
1263930,10,0,C2,3,0,53.448395,-29.441078,0.4363099932670593,0.0010000000474974,0.4357779920101165,0.0010000000474974,0.4357780218124389,0.001750488532707,0,300,0,0,0.0096006700769066,2,2,2124,-9,-9,0.4363000094890594,0.0010000000474974,53.447895,-29.441017,1.5829999446868896,0.3790000081062316,-3.2795848846435547,10.10200023651123,0.0149999996647238,-9999,-9999,2.0079998970031734,0.0260000005364418,-8.079000473022463,0.0468721650540828,0.1689999997615814,-999,22.26000022888184,21.18000030517578,20.780000686645508,20.530000686645508,0.0,0.0,0.0,0.0,8.800000190734863,18.38999938964844,30.920000076293945,31.690000534057617,25.1387939453125,24.338546752929688,23.77440071105957,23.74769401550293,56675.08984375,14.552913665771484,9.902848243713379,5.952542781829834,27.70311546325684,riz,0,56672.83203125,0.8138765096664428,-1.1577852964401243,0.8780722618103027,-0.0465836897492408,0.0920824259519577,22.73179626464844,0.0991432964801788,1.4497104530164506e-05,1.3237937537269318e-06,0.0305192023515701,-7.384792297671083e-07,-9.663235545076532e-08,11,3.3924951553344727,0.9844567775726318,0.4159955382347106,1263930,0,0.43631,0.001,0.43578,0.001,0.43578,0.00175,0.0,300.0,0.01,0.4363,0.001,53.447895,-29.441017,1.583,0.38,10.1,0.01,0.17,-999.0,56672.832,0.8138,-1.1577,0.878,-0.0465,0.0921,22.7319,0.0991,22.7761,1.4496e-05,1.3235e-06,0.0305,-0.0,-0.0,11,0.9846,0.9998,0.6495,0.9998,0.9996,0.9974,42.0993,0.2407,0.0001,-0.0668,0.933,0.0
1260639,10,0,C2,3,0,54.999687,-29.678026,0.5919600129127502,0.0010000000474974,0.591414988040924,0.0010000000474974,0.5914149284362793,0.001880420721136,0,300,0,0,0.0114941475912928,1,1,2918,-9,-9,0.5920000076293945,0.0010000000474974,54.999782,-29.678097,0.3919999897480011,0.2829999923706054,-9.0,11.112000465393066,0.0829999968409538,-9999,-9999,-1.2029999494552612,8.79699993133545,-12.359000205993652,8.797818183898924,1.4850000143051147,-999,23.6200008392334,21.75,20.709999084472656,20.290000915527344,0.0099999997764825,0.0,0.0,0.0,8.109999656677246,46.720001220703125,116.61000061035156,180.52999877929688,25.227447509765625,23.32624244689941,22.333160400390625,21.858627319335938,56635.1171875,11.05842399597168,7.600055694580078,5.956655025482178,24.502798080444336,riz,0,56632.453125,1.3401863574981687,-0.8196313381195068,0.918711483478546,0.2514285743236541,0.08121108263731,23.532228469848636,0.0715369433164596,6.93599076839746e-06,4.569982934299333e-07,0.0125290732830762,-2.677597308320401e-07,-1.7098964022466134e-08,36,26.215456008911133,0.8844448924064636,0.8815029859542846,1260639,0,0.59196,0.001,0.59141,0.001,0.59141,0.00188,0.0,300.0,0.01,0.592,0.001,54.999783,-29.678097,0.392,0.28,11.11,0.08,1.49,-999.0,56632.9414,1.1019,-1.2403,0.8125,0.2414,0.0826,23.5126,0.0712,23.2446,7.0623e-06,4.6341e-07,0.0052,-0.0,-0.0,39,0.885,0.9702,0.839,0.9983,0.9995,0.9785,42.5678,0.2241,0.0006,-0.6653,0.595,0.0
1246529,10,0,X3,3,0,36.113865,-4.944012,0.4979700148105621,0.0010000000474974,0.4967660009860992,0.0010000000474974,0.4967659711837768,0.0018009160412475,0,300,0,0,0.0252128634601831,2,3,18370,-9,-9,0.4979999959468841,0.0010000000474974,36.114047,-4.943895,0.7770000100135803,0.3409999907016754,-2.0283467769622803,10.560999870300291,0.0149999996647238,-9999,-9999,0.6100000143051147,0.3160000145435333,-9.935000419616701,0.3204137980937957,1.0399999618530271,-999,24.549999237060547,22.739999771118164,22.0,21.51000022888184,0.0199999995529651,0.0,0.0,0.0,3.940000057220459,20.280000686645508,40.34999847412109,59.799999237060554,26.01125907897949,24.232330322265625,23.48539161682129,23.058246612548828,56537.37890625,37.64965057373047,32.12754821777344,23.28995513916016,89.82964324951173,riz,0,56535.70703125,1.3270585536956787,0.6576088070869445,0.3835611939430236,0.0286520980298519,0.0331462994217872,22.718807220458984,0.0460903383791446,1.467159927415196e-05,6.228207212188863e-07,-0.0019979812204837,4.6712639090173986e-08,-1.594930765236313e-08,25,10.065733909606934,0.996472120285034,0.2391056567430496,1246529,0,0.49797,0.001,0.49677,0.001,0.49677,0.0018,0.0,300.0,0.03,0.498,0.001,36.114048,-4.943895,0.777,0.34,10.56,0.01,1.04,-999.0,56535.4141,1.6142,0.7135,0.4157,0.022,0.0377,22.7104,0.0542,22.8239,1.4786e-05,7.3755e-07,-0.0037,0.0,-0.0,23,0.9922,0.9549,0.9407,0.9996,0.9993,1.0,42.1471,0.1618,0.0,-0.0485,1.0,0.0095
1256819,10,0,X3,3,0,37.317406,-4.137487,0.5870100259780883,0.0010000000474974,0.5857599973678588,0.0010000000474974,0.5857599973678588,0.0018756309291347,0,300,0,0,0.0257873516529798,1,1,18838,-9,-9,0.5870000123977661,0.0010000000474974,37.317287,-4.137697,0.8690000176429749,1.034000039100647,-9.0,9.357999801635742,0.0189999993890523,-9999,-9999,-0.025000000372529,0.0299999993294477,-9.380000114440918,0.079849861562252,0.3059999942779541,-999,24.75,23.709999084472656,23.299999237060547,23.11000061035156,0.0199999995529651,0.0099999997764825,0.0099999997764825,0.0099999997764825,2.3599998950958248,5.610000133514404,8.229999542236328,10.81999969482422,26.567720413208008,25.627592086791992,25.21150016784668,24.91443252563477,56602.25,25.4985466003418,23.86874008178711,19.579002380371094,60.01255798339844,riz,0,56600.01171875,0.5885667204856871,-0.0902242287993431,0.3137097060680389,-0.0124453566968441,0.0382755808532238,23.32269859313965,0.0346194505691528,8.412413080804981e-06,2.682356239347428e-07,0.0005072552594356,-3.7290575960469135e-08,-6.33550589768106e-09,29,17.52930450439453,0.9533069729804992,0.0512391999363899,1256819,0,0.58701,0.001,0.58576,0.001,0.58576,0.00188,0.0,300.0,0.03,0.587,0.001,37.317287,-4.137697,0.869,1.03,9.36,0.02,0.31,-999.0,56600.0117,0.5886,-0.0909,0.3137,-0.0125,0.0383,23.3226,0.0346,23.3719,8.413e-06,2.6822e-07,0.0005,-0.0,-0.0,29,0.953,0.9955,0.9715,0.9999,0.9996,0.9997,42.6951,0.1753,0.0,-0.0436,1.0,0.0126
