# VERSION_PHOTOMETRY:  DES-SN5YR_DES_CONDITIONAL 
# SNANA_VERSION: 886408a4-output17g 
# PROGRAM:       snlc_fit.exe 
# TABLE_NAME:    FITRES 
# 
VARNAMES:  CID IDSURVEY TYPE FIELD CUTFLAG_SNANA ERRFLAG_FIT RA DEC zHEL zHELERR zCMB zCMBERR zHD zHDERR VPEC VPECERR LENSDMU LENSDMUERR MWEBV HOST_NMATCH HOST_NMATCH2 HOST_OBJID HOST_ZPHOT HOST_ZPHOTERR HOST_ZSPEC HOST_ZSPECERR HOST_RA HOST_DEC HOST_ANGSEP HOST_DDLR HOST_CONFUSION HOST_LOGMASS HOST_LOGMASS_ERR HOST_LOGMASS_ZPHOT HOST_LOGMASS_ZPHOTERR HOST_LOGSFR HOST_LOGSFR_ERR HOST_LOGsSFR HOST_LOGsSFR_ERR HOST_COLOR HOST_COLOR_ERR HOST_MAG_g HOST_MAG_r HOST_MAG_i HOST_MAG_z HOST_MAGERR_g HOST_MAGERR_r HOST_MAGERR_i HOST_MAGERR_z HOST_SBFLUXCAL_g HOST_SBFLUXCAL_r HOST_SBFLUXCAL_i HOST_SBFLUXCAL_z HOST_SBMAG_g HOST_SBMAG_r HOST_SBMAG_i HOST_SBMAG_z PKMJDINI SNRMAX1 SNRMAX2 SNRMAX3 SNRSUM BANDLIST OPT_PHOTOZ PKMJD PKMJDERR x1 x1ERR c cERR mB mBERR x0 x0ERR COV_x1_c COV_x1_x0 COV_c_x0 NDOF FITCHI2 FITPROB RADIUS_POP 
#
SN: 1632070 10 0 X2 3 0 35.710872999999999 -6.9524020000000002 0.4262700080871582 0.0010000000474974513 0.42512598633766174 0.0010000000474974513 0.42512595653533936 0.0017417503986507654 0 300 0 0 0.022981032729148865 1 1 110432 -9 -9 0.42629998922348022 0.0010000000474974513 35.710825 -6.9524270000000001 0.1940000057220459 0.14200000464916229 -9 9.8710002899169922 0.028999999165534973 -9999 -9999 1.0870000123977661 0.13899999856948853 -8.7910003662109375 0.14948578178882599 0.37999999523162842 -999 23.340000152587891 22.280000686645508 21.950000762939453 21.719999313354492 0.0099999997764825821 0.0099999997764825821 0 0.0099999997764825821 10.279999732971191 27.790000915527344 40.180000305175781 50.770000457763672 24.970016479492188 23.890277862548828 23.489974975585938 23.235980987548828 57750.05859375 14.15911865234375 13.61095142364502 7.7739181518554688 37.214897155761719 riz 0 57742.984375 0.874550461769104 1.1929748058319092 0.76479637622833252 0.16478002071380615 0.060176379978656769 23.136089324951172 0.067603543400764465 9.9899752967758104e-06 6.2202747130868374e-07 0.0093398513272404671 -2.3098145618405397e-07 -2.8899348691879823e-08 26 27.119937896728516 0.4030647873878479 0.6781046986579895
SN: 1654105 10 0 C3 3 0 53.071021999999999 -28.529700999999999 0.56331002712249756 0.0010000000474974513 0.56271100044250488 0.0010000000474974513 0.56271100044250488 0.0018561587203294039 0 300 0 0 0.0070317140780389309 1 2 113653 -9 -9 0.56330001354217529 0.0010000000474974513 53.070369999999997 -28.529304 2.5099999904632568 2.4189999103546143 -1.3638030290603638 9.4469995498657227 0.010999999940395355 -9999 -9999 1.2610000371932983 0.25 -8.1979999542236328 0.26310452818870544 0.10899999737739563 -999 23.860000610351562 23.100000381469727 22.780000686645508 22.600000381469727 0.0099999997764825821 0 0 0 0.81000000238418579 1.5499999523162842 2.0099999904632568 1.5099999904632568 27.5 27.024169921875 26.742010116577148 27.052556991577148 57763.1015625 78.323387145996094 51.953079223632812 38.821430206298828 165.57844543457031 riz 0 57764.8359375 0.25700885057449341 0.73163008689880371 0.23519554734230042 -0.025974957272410393 0.025522029027342796 22.789915084838867 0.025496872141957283 1.3741506336373277e-05 3.22698497257079e-07 0.0010420747566968203 -4.8522025508646038e-08 -5.1510471443805272e-09 22 31.095928192138672 0.094169236719608307 0.25879043340682983
SN: 1531078 10 0 X2 3 0 35.899616000000002 -6.848732 0.67847001552581787 0.0010000000474974513 0.67712801694869995 0.0010000000474974513 0.67712807655334473 0.0019535897299647331 0 300 0 0 0.022601932287216187 1 2 105916 -9 -9 0.67849999666213989 0.0010000000474974513 35.899729000000001 -6.8487330000000002 0.40299999713897705 0.58099997043609619 -3.2277176380157471 10.187000274658203 0.02500000037252903 -9999 -9999 0.15299999713897705 0.079999998211860657 -10.020000457763672 0.14756692945957184 0.7929999828338623 -999 24.360000610351562 23.299999237060547 22.510000228881836 22.200000762939453 0.029999999329447746 0.0099999997764825821 0.0099999997764825821 0.0099999997764825821 3.6700000762939453 10.439999580383301 19.930000305175781 28.760000228881836 26.088335037231445 24.953248977661133 24.251232147216797 23.85302734375 57694.203125 10.222844123840332 7.058570384979248 6.0242710113525391 27.392114639282227 riz 0 57698.58203125 1.0456345081329346 1.4615198373794556 0.84620296955108643 -0.064215861260890961 0.067830882966518402 23.524139404296875 0.076266847550868988 6.9878637987130787e-06 4.9085804221249418e-07 0.017148729413747787 -3.2647142234054627e-07 -1.0860432553272403e-08 47 49.822383880615234 0.3616807758808136 0.53212445974349976
SN: 1595127 10 0 C2+C3 3 0 53.150955000000003 -28.963417 0.5679900050163269 0.0010000000474974513 0.56739598512649536 0.0010000000474974513 0.56739592552185059 0.00186010985635221 0 300 0 0 0.0076051852665841579 1 4 108217 -9 -9 0.56800001859664917 0.0010000000474974513 53.150697999999998 -28.962879999999998 2.0969998836517334 1.6419999599456787 -1.3182271718978882 10.930999755859375 0.017999999225139618 -9999 -9999 1.25 0.18500000238418579 -9.6999998092651367 0.20235858857631683 1.2000000476837158 -999 23.370000839233398 21.760000228881836 20.979999542236328 20.520000457763672 0.0099999997764825821 0 0 0 1.25 5.9899997711181641 13.979999542236328 18.309999465942383 27.257724761962891 25.556432723999023 24.636232376098633 24.343278884887695 57740.1171875 46.953475952148438 35.528339385986328 22.096040725708008 102.86485290527344 riz 0 57738.6015625 0.28607898950576782 -0.13624607026576996 0.21730147302150726 -0.050939444452524185 0.026512410491704941 23.201189041137695 0.025562426075339317 9.4085844466462731e-06 2.2151444056817127e-07 0.0010940254433080554 -2.6926196383669776e-08 -3.3327729465071343e-09 75 61.828487396240234 0.86224406957626343 0.17576678097248077
SN: 1368111 10 0 E2 3 0 10.142037 -44.454318999999998 0.55204999446868896 0.0010000000474974513 0.5509529709815979 0.0010000000474974513 0.55095291137695312 0.0018462572479620576 0 300 0 0 0.0062655596993863583 1 1 -18944 -9 -9 0.55199998617172241 0.0010000000474974513 10.142125999999999 -44.454351000000003 0.25600001215934753 0.3449999988079071 -9 10.652000427246094 0.032999999821186066 -9999 -9999 -0.19699999690055847 9.8030004501342773 -10.897000312805176 9.8037347793579102 1.5740000009536743 -999 24.090000152587891 22.280000686645508 21.370000839233398 20.940000534057617 0.019999999552965164 0 0 0 4.940000057220459 29.799999237060547 70.449996948242188 93.5 25.765682220458984 23.814458847045898 22.880298614501953 22.572971343994141 57629.234375 17.247865676879883 15.478451728820801 12.462472915649414 44.131168365478516 riz 0 57622.33984375 0.93886458873748779 -0.2662297785282135 0.59374499320983887 0.042419921606779099 0.047163084149360657 22.962612152099609 0.048699602484703064 1.1720740076270886e-05 5.2572198683265015e-07 0.0058356393128633499 -1.6022359261569363e-07 -1.554792383728909e-08 50 37.604522705078125 0.90177434682846069 0.16694085299968719
SN: 1643313 10 0 C2 3 0 54.514488 -29.538906000000001 0.39092999696731567 0.0010000000474974513 0.39044100046157837 0.0010000000474974513 0.39044094085693359 0.0017134487861767411 0 300 0 0 0.0096422657370567322 1 2 112519 -9 -9 0.39089998602867126 0.0010000000474974513 54.514985000000003 -29.538665999999999 1.781000018119812 1.3339999914169312 -2.2543768882751465 10.711999893188477 0.010999999940395355 -9999 -9999 1.0190000534057617 0.25099998712539673 -9.7049999237060547 0.25448969006538391 0.7720000147819519 -999 21.979999542236328 20.850000381469727 20.420000076293945 20.110000610351562 0 0 0 0 24.520000457763672 69.379997253417969 91.989997863769531 117.58000183105469 24.026199340820312 22.896913528442383 22.590648651123047 22.324165344238281 57751.14453125 32.734210968017578 20.351230621337891 12.644953727722168 74.13330078125 riz 0 57752.40234375 0.38529211282730103 0.53515303134918213 0.32193249464035034 0.06168622151017189 0.034760087728500366 22.334035873413086 0.036286327987909317 2.0911515093757771e-05 6.9888255893602036e-07 0.0013588961446657777 -8.8728796754367067e-08 -1.86679489644348e-08 26 20.48570442199707 0.76799851655960083 0.27221474051475525
SN: 1420185 10 0 C3 3 0 52.394280000000002 -27.508322 0.64519000053405762 0.0010000000474974513 0.64452898502349854 0.0010000000474974513 0.64452898502349854 0.0019256388768553734 0 300 0 0 0.0082845622673630714 1 1 -23053 -9 -9 0.64520001411437988 0.0010000000474974513 52.394001000000003 -27.508067 1.2790000438690186 1.0770000219345093 -9 9.6899995803833008 0.012000000104308128 -9999 -9999 1.6080000400543213 0.41499999165534973 -8.0760002136230469 0.41569340229034424 0.22300000488758087 -999 24.090000152587891 23.340000152587891 22.899999618530273 22.739999771118164 0.0099999997764825821 0.0099999997764825821 0 0.0099999997764825821 4.179999828338623 9.5200004577636719 12.939999580383301 14.680000305175781 25.947059631347656 25.053407669067383 24.720165252685547 24.583185195922852 57660.2421875 25.889041900634766 24.8338623046875 15.151620864868164 57.619792938232422 riz 0 57660.1015625 0.57807564735412598 0.0051096221432089806 0.36335998773574829 0.066354550421237946 0.038057371973991394 23.842391967773438 0.032833684235811234 5.212465111981146e-06 1.5762985583478439e-07 0.0013668268220499158 -3.1012167056587714e-08 -3.0975668696697767e-09 43 31.194650650024414 0.90970051288604736 0.22118838131427765
SN: 1430116 10 0 C3 3 0 52.938735999999999 -28.139298 1.0222200155258179 0.0010000000474974513 1.021435022354126 0.0010000000474974513 1.021435022354126 0.002256469102576375 0 300 0 0 0.0078633604571223259 1 3 -23286 -9 -9 1.0221999883651733 0.0010000000474974513 52.938817999999998 -28.139223000000001 0.375 0.4050000011920929 -4.4400591850280762 11.253999710083008 0.018999999389052391 -9999 -9999 1.0249999761581421 0.35100001096725464 -10.237000465393066 0.36000138521194458 1.1419999599456787 -999 24.260000228881836 23.159999847412109 22.110000610351562 21.280000686645508 0.0099999997764825821 0 0 0 4.7300000190734863 13.210000038146973 36.770000457763672 69.080001831054688 25.812847137451172 24.697742462158203 23.586265563964844 22.901618957519531 57660.34765625 14.003506660461426 9.7510461807250977 -99 28.430604934692383 iz 0 57665.7890625 1.1429075002670288 0.44150105118751526 0.69938212633132935 -0.038416184484958649 0.12174209952354431 24.51115608215332 0.073532342910766602 2.81538223134703e-06 1.9067398682182102e-07 0.0053966701962053776 -7.5931666287942789e-08 1.1522489629101074e-08 36 45.824802398681641 0.12637633085250854 0.19507932662963867
SN: 1673068 10 0 C1+C3 3 0 53.431773999999997 -27.463429000000001 0.52837997674942017 0.0010000000474974513 0.52779299020767212 0.0010000000474974513 0.52779293060302734 0.0018268186831846833 0 300 0 0 0.0075726420618593693 1 1 -24908 -9 -9 0.5284000039100647 0.0010000000474974513 53.431837000000002 -27.463542 0.45300000905990601 0.49599999189376831 -9 10.788000106811523 0.039999999105930328 -9999 -9999 -0.2070000022649765 5.4099998474121094 -10.982999801635742 5.4104528427124023 1.1749999523162842 -999 22.940000534057617 21.260000228881836 20.549999237060547 20.149999618530273 0.0099999997764825821 0 0 0 15.470000267028809 67.389999389648438 134.83000183105469 188.33999633789062 24.526273727416992 22.928512573242188 22.175533294677734 21.812643051147461 57770.14453125 48.430561065673828 20.40306282043457 16.686946868896484 80.124130249023438 riz 0 57767.73046875 0.36746609210968018 -1.0408145189285278 0.31856763362884521 -0.10469672828912735 0.03558727353811264 22.94227409362793 0.032281156629323959 1.1942373930651229e-05 3.5507119378053176e-07 0.0015921045560389757 -5.9352178283234025e-08 -6.5764900192277764e-09 48 59.522026062011719 0.12301912158727646 0.49209699034690857
SN: 1366175 10 0 E2 3 0 10.430503 -44.249554000000003 0.40560999512672424 0.0010000000474974513 0.40461501479148865 0.0010000000474974513 0.40461504459381104 0.0017249860102310777 0 300 0 0 0.0059644118882715702 1 2 -18468 -9 -9 0.40560001134872437 0.0010000000474974513 10.430633 -44.249392 0.67199999094009399 0.57099997997283936 -3.949812650680542 10.309000015258789 0.054999999701976776 -9999 -9999 0.097000002861022949 10.097000122070312 -10.211000442504883 10.097400665283203 1.3609999418258667 -999 23.450000762939453 21.819999694824219 21.280000686645508 20.959999084472656 0.0099999997764825821 0 0 0 7.570000171661377 37.060001373291016 57.330001831054688 75.989997863769531 25.30225944519043 23.577735900878906 23.104045867919922 22.79810905456543 57614.2109375 10.907779693603516 10.455650329589844 7.9491395950317383 30.367918014526367 riz 0 57612.5234375 1.4286103248596191 -2.8097572326660156 0.62112748622894287 0.028849426656961441 0.086329951882362366 22.749822616577148 0.12394758313894272 1.4258407645684201e-05 1.6277390386676416e-06 0.012659553438425064 -2.8869092716377054e-07 -1.0986359200160223e-07 37 30.369945526123047 0.77139681577682495 0.9415096640586853
SN: 1643316 10 0 C2 3 0 53.841248 -29.68788 0.5494999885559082 0.0010000000474974513 0.54893898963928223 0.0010000000474974513 0.54893898963928223 0.0018445635214447975 0 300 0 0 0.0098923509940505028 1 1 112493 -9 -9 0.5494999885559082 0.0010000000474974513 53.841295000000002 -29.68788 0.14599999785423279 0.13300000131130219 -9 11.008999824523926 0.014000000432133675 -9999 -9999 1.0410000085830688 0.02500000037252903 -9.9600000381469727 0.068709529936313629 0.74099999666213989 -999 22.059999465942383 20.879999160766602 20.309999465942383 20 0 0 0 0 37.080001831054688 116.19000244140625 194.10000610351562 249.64999389648438 23.577150344848633 22.337078094482422 21.779935836791992 21.506671905517578 57751.1484375 19.360967636108398 9.7735958099365234 9.0305891036987305 41.467674255371094 riz 0 57748.88671875 0.61477220058441162 -1.6306694746017456 0.62495118379592896 0.036019675433635712 0.055963672697544098 23.033041000366211 0.046065635979175568 1.0984581422235351e-05 4.6605401848864858e-07 6.3181243604049087e-05 -1.2412542105266766e-07 -1.3463508530264789e-08 29 27.291275024414062 0.55599337816238403 0.55665916204452515
SN: 1662023 10 0 X2 3 0 35.454948000000002 -6.4518959999999996 0.31373998522758484 0.0010000000474974513 0.3126780092716217 0.0010000000474974513 0.31267797946929932 0.0016508855624124408 0 300 0 0 0.022478120401501656 1 2 115688 -9 -9 0.31369999051094055 0.0010000000474974513 35.455213999999998 -6.4514800000000001 1.7730000019073486 1.5460000038146973 -2.2136092185974121 10.369999885559082 0.010999999940395355 -9999 -9999 0.81699997186660767 0.25499999523162842 -9.5380001068115234 0.25827506184577942 1.0700000524520874 -999 22.379999160766602 21.229999542236328 20.729999542236328 20.370000839233398 0.0099999997764825821 0 0 0 13.579999923706055 46.229999542236328 62.950000762939453 96.870002746582031 24.667751312255859 23.337690353393555 23.002510070800781 22.534526824951172 57763.078125 42.397487640380859 37.505119323730469 28.202642440795898 100.77845001220703 griz 0 57766.27734375 0.29551756381988525 -0.40520891547203064 0.36334437131881714 -0.15593060851097107 0.0260918028652668 21.19898796081543 0.034834720194339752 5.9484638768481091e-05 1.9085030089627253e-06 0.0054053724743425846 -5.3900544116913807e-07 -3.5383180829740013e-08 18 15.103068351745605 0.65487825870513916 0.53703188896179199
SN: 1639025 10 0 E2 3 0 10.120908999999999 -43.370361000000003 0.66310000419616699 0.0010000000474974513 0.6618959903717041 0.0010000000474974513 0.6618959903717041 0.0019405113998800516 0 300 0 0 0.0084742158651351929 1 2 110909 -9 -9 0.66310000419616699 0.0010000000474974513 10.120682 -43.370440000000002 0.6589999794960022 0.90200001001358032 -3.0415439605712891 10.206000328063965 0.013000000268220901 -9999 -9999 0.44100001454353333 0.74299997091293335 -9.7620000839233398 0.74436146020889282 1.0290000438690186 -999 24.819999694824219 23.139999389648438 22.319999694824219 21.950000762939453 0.039999999105930328 0.0099999997764825821 0.0099999997764825821 0.0099999997764825821 2.3299999237060547 11.340000152587891 25.409999847412109 34.099998474121094 26.581609725952148 24.863468170166016 23.98748779296875 23.668113708496094 57740.05859375 21.654365539550781 14.726070404052734 12.382612228393555 43.593708038330078 riz 0 57743.8671875 0.92971533536911011 0.62931770086288452 0.65660250186920166 -0.11436263471841812 0.047265209257602692 23.262042999267578 0.040378864854574203 8.8957585830939934e-06 3.3083600214922626e-07 0.0069074174389243126 -1.3981093616166618e-07 -3.8780325617437938e-09 20 11.053718566894531 0.94481754302978516 0.4351145327091217
SN: 1559147 10 0 X3 3 0 37.158912999999998 -4.4117670000000002 0.63359999656677246 0.0010000000474974513 0.63231098651885986 0.0010000000474974513 0.63231098651885986 0.0019152010791003704 0 300 0 0 0.022816192358732224 1 1 107092 -9 -9 0.63359999656677246 0.0010000000474974513 37.158757999999999 -4.411778 0.55699998140335083 0.66600000858306885 -9 9.6800003051757812 0.035999998450279236 -9999 -9999 0.30500000715255737 0.32600000500679016 -9.380000114440918 0.3798697292804718 0.51800000667572021 -999 24.790000915527344 23.840000152587891 23.270000457763672 22.989999771118164 0.019999999552965164 0.0099999997764825821 0.0099999997764825821 0.0099999997764825821 2.5499999523162842 7.5900001525878906 12.050000190734863 14.630000114440918 26.483650207519531 25.299396514892578 24.79753303527832 24.586889266967773 57739.0703125 22.35966682434082 22.226642608642578 19.491600036621094 69.351280212402344 riz 0 57728.890625 0.4192083477973938 0.74728375673294067 0.35519331693649292 0.093653276562690735 0.034531693905591965 23.525745391845703 0.035393819212913513 6.9775333031429909e-06 2.274599921747722e-07 0.0033620195463299751 -5.8748597098201571e-08 -4.3547929706733157e-09 29 21.701032638549805 0.8323555588722229 0.3993782103061676
SN: 1385187 10 0 S1 3 0 43.139781999999997 -0.089557999999999999 0.52319002151489258 0.0010000000474974513 0.52212101221084595 0.0010000000474974513 0.52212095260620117 0.0018220714991912246 0 300 0 0 0.048342008143663406 1 1 48907 -9 -9 0.52319997549057007 0.0010000000474974513 43.140030000000003 -0.089605000000000004 0.9089999794960022 1.4029999971389771 -9 9.2170000076293945 0.041000001132488251 -9999 -9999 1.0260000228881836 1.121999979019165 -8.1339998245239258 1.125291109085083 0.27799999713897705 -999 24.299999237060547 23.329999923706055 22.969999313354492 22.860000610351562 0.029999999329447746 0.0099999997764825821 0.0099999997764825821 0.019999999552965164 3.4700000286102295 8.1099996566772461 11.25 13.039999961853027 26.149175643920898 25.227447509765625 24.872119903564453 24.71180534362793 57643.2734375 11.463766098022461 10.952764511108398 9.3272933959960938 37.37646484375 riz 0 57649.55078125 0.69712603092193604 2.0194418430328369 0.70501911640167236 0.17099450528621674 0.057869993150234222 23.10955810546875 0.075860545039176941 1.0237102287646849e-05 7.1526784495290485e-07 0.012801785953342915 -3.3937328680622159e-07 -3.0003995732386102e-08 53 49.688873291015625 0.60388082265853882 0.88204663991928101
SN: 1516019 10 1 E2 3 0 9.9586310000000005 -43.564757999999998 0.42539000511169434 0.0010000000474974513 0.42436099052429199 0.0010000000474974513 0.42436099052429199 0.001741123734973371 0 300 0 0 0.0052721835672855377 1 3 104883 -9 -9 0.42539998888969421 0.0010000000474974513 9.9587470000000007 -43.564663000000003 0.45699998736381531 0.48800000548362732 -3.6405525207519531 9.1450004577636719 0.059999998658895493 -9999 -9999 -0.14399999380111694 0.067000001668930054 -9.3789997100830078 0.36814805865287781 0.29499998688697815 -999 23.860000610351562 22.940000534057617 22.729999542236328 22.549999237060547 0.019999999552965164 0.0099999997764825821 0.0099999997764825821 0.0099999997764825821 4.929999828338623 12.609999656677246 16.370000839233398 18.299999237060547 25.76788330078125 24.748212814331055 24.464878082275391 24.3438720703125 57694.02734375 27.013755798339844 16.417701721191406 11.069527626037598 49.197338104248047 riz 0 57695.7265625 0.46810585260391235 -1.174471378326416 0.35157498717308044 -0.071932673454284668 0.052585996687412262 22.637340545654297 0.059295900166034698 1.5814797734492458e-05 8.6370215512943105e-07 0.0039555029943585396 -1.5811531284271041e-07 -3.600084852450891e-08 41 35.337085723876953 0.71976327896118164 0.45908290147781372
SN: 1366482 10 1 C3 3 0 52.570999 -28.321494999999999 0.3220599889755249 0.0010000000474974513 0.32153999805450439 0.0010000000474974513 0.32153999805450439 0.0016579502262175083 0 300 0 0 0.0070295985788106918 1 1 46862 -9 -9 0.32210001349449158 0.0010000000474974513 52.570962999999999 -28.321358 0.50599998235702515 0.6119999885559082 -9 9.305999755859375 0.008999999612569809 -9999 -9999 1.0770000219345093 0.14599999785423279 -8.1979999542236328 0.14612323045730591 0.12700000405311584 -999 22.649999618530273 22.040000915527344 21.870000839233398 21.620000839233398 0 0 0 0 20.360000610351562 34.889999389648438 42.439998626708984 49.360000610351562 24.228055953979492 23.643247604370117 23.430561065673828 23.266563415527344 57637.31640625 96.497177124023438 83.558341979980469 77.923583984375 320.5289306640625 griz 0 57637.40234375 0.16164569556713104 0.83068734407424927 0.1348225474357605 -0.0080886930227279663 0.012901022098958492 21.792684555053711 0.015672419220209122 3.442913293838501e-05 4.9697871418175055e-07 0.00027072775992564857 -3.2416792805634032e-08 -4.2987933213112228e-09 49 52.006111145019531 0.35765334963798523 0.27820539474487305
SN: 1536021 10 0 E1 3 0 6.62507 -43.462746000000003 0.53523999452590942 0.0010000000474974513 0.53410202264785767 0.0010000000474974513 0.53410196304321289 0.0018321054521948099 0 300 0 0 0.0060944627039134502 1 1 105597 -9 -9 0.53519999980926514 0.0010000000474974513 6.6253299999999999 -43.462668000000001 0.73500001430511475 1.1339999437332153 -9 10.029999732971191 0.012000000104308128 -9999 -9999 -1.5720000267028809 0.95499998331069946 -11.602999687194824 0.95942115783691406 1.4210000038146973 -999 25.129999160766602 23.159999847412109 22.469999313354492 22.110000610351562 0.059999998658895493 0.0099999997764825821 0.0099999997764825821 0.0099999997764825821 1.9900000095367432 12.050000190734863 22.610000610351562 30.819999694824219 26.752866744995117 24.79753303527832 24.114248275756836 23.777917861938477 57694.015625 9.4654912948608398 8.3326663970947266 7.3301272392272949 28.160726547241211 riz 0 57700.65234375 0.77396130561828613 -1.0028954744338989 0.59657746553421021 0.15384240448474884 0.068510934710502625 23.299205780029297 0.076385475695133209 8.5964247773517855e-06 6.0478964769572485e-07 0.0073413494974374771 -2.0175971826574823e-07 -3.0611992940521304e-08 43 41.291683197021484 0.54558056592941284 0.61214989423751831
SN: 1368131 10 1 X3 3 0 35.745559999999998 -4.1250390000000001 0.30799999833106995 0.0010000000474974513 0.30693700909614563 0.0010000000474974513 0.30693697929382324 0.0016463182400912046 0 300 0 0 0.021133050322532654 1 4 47201 -9 -9 0.30799999833106995 0.0010000000474974513 35.745727000000002 -4.1250169999999997 0.60500001907348633 0.335999995470047 -4.4724607467651367 10.923000335693359 0.010999999940395355 -9999 -9999 0.94499999284744263 0.15700000524520874 -9.9350004196166992 0.16130095720291138 0.93999999761581421 -999 21.590000152587891 20.270000457763672 19.629999160766602 19.409999847412109 0 0 0 0 64.30999755859375 204.02999877929688 319.6300048828125 424.989990234375 22.979303359985352 21.725765228271484 21.238380432128906 20.929054260253906 57631.29296875 69.030494689941406 45.698398590087891 31.44304084777832 136.32328796386719 griz 0 57627.77734375 0.29032233357429504 -0.67045813798904419 0.172449991106987 -0.078429818153381348 0.017974117770791054 21.443212509155273 0.024341097101569176 4.7502318921033293e-05 1.0649534942785976e-06 0.00062371318927034736 -8.8089606720131997e-08 -1.1316585890597253e-08 42 25.102832794189453 0.98199814558029175 0.34393760561943054
SN: 1387174 10 1 C2 3 0 54.836936999999999 -29.843738999999999 0.69900000095367432 0.0010000000474974513 0.69841498136520386 0.0010000000474974513 0.69841504096984863 0.0019719188567250967 0 300 0 0 0.010425875894725323 1 1 49102 -9 -9 0.69900000095367432 0.0010000000474974513 54.837076000000003 -29.843889000000001 0.69199997186660767 1.5549999475479126 -9 8.7539997100830078 0.092000000178813934 -9999 -9999 -0.32199999690055847 0.69199997186660767 -9.0139999389648438 0.86500000953674316 0.1940000057220459 -999 25.819999694824219 24.989999771118164 24.5 24.440000534057617 0.090000003576278687 0.059999998658895493 0.05000000074505806 0.059999998658895493 0.92000001668930054 2.130000114440918 3.5399999618530273 2.809999942779541 27.5 26.679050445556641 26.127490997314453 26.37823486328125 57645.26171875 11.992865562438965 9.715083122253418 9.3179817199707031 34.521476745605469 riz 0 57642.875 0.71553719043731689 -0.010902184993028641 0.60691708326339722 -0.096893079578876495 0.050712734460830688 23.320388793945312 0.051313180476427078 8.4303228504722938e-06 3.9842706200943212e-07 0.0083309337496757507 -1.7612624958474044e-07 -5.6871249931589318e-09 52 39.667625427246094 0.89507102966308594 0.32299736142158508
SN: 1372115 10 0 C3 3 0 53.024253999999999 -27.918801999999999 0.89915299415588379 0.0010000000474974513 0.89841598272323608 0.0010000000474974513 0.89841604232788086 0.0021468100603669882 0 300 0 0 0.0063776113092899323 2 5 46552 -9 -9 0.89920002222061157 0.0010000000474974513 53.024726999999999 -27.918793999999998 1.5039999485015869 1.5970000028610229 -1.0712456703186035 10.059000015258789 0.023000000044703484 -9999 -9999 0.97000002861022949 0.45300000905990601 -9.1079998016357422 0.46736922860145569 0.39599999785423279 -999 24.489999771118164 23.829999923706055 23.020000457763672 22.659999847412109 0.0099999997764825821 0.0099999997764825821 0.0099999997764825821 0.0099999997764825821 1.940000057220459 2.9500000476837158 5.679999828338623 8.6700000762939453 26.780494689941406 26.325445175170898 25.614130020141602 25.154953002929688 57643.328125 12.756497383117676 10.75139045715332 -99 32.422855377197266 iz 0 57634.26171875 1.2123794555664062 0.059515457600355148 0.65550291538238525 -0.015285898000001907 0.11068086326122284 24.492547988891602 0.046723257750272751 2.8640497475862503e-06 1.2325068610152812e-07 0.003516004653647542 -4.3404533300872572e-08 -2.5419799598580539e-09 31 42.602767944335938 0.080140627920627594 0.054678812623023987
SN: 1488029 10 1 E2 3 0 8.6584719999999997 -44.771503000000003 0.47938001155853271 0.0010000000474974513 0.47832998633384705 0.0010000000474974513 0.47833001613616943 0.0017856026533991098 0 300 0 0 0.0079517178237438202 1 1 103929 -9 -9 0.47940000891685486 0.0010000000474974513 8.6582109999999997 -44.77216 2.4570000171661377 1.8730000257492065 -9 9.6099996566772461 0.0030000000260770321 -9999 -9999 1.0080000162124634 0.068999998271465302 -8.5729999542236328 0.068999998271465302 -0.043000001460313797 -999 22.350000381469727 20.790000915527344 20.180000305175781 19.780000686645508 0.0099999997764825821 0 0 0 4.4000000953674316 20.040000915527344 38.849998474121094 48.450000762939453 25.891368865966797 24.245254516601562 23.526523590087891 23.286766052246094 57682.01953125 24.907865524291992 16.150239944458008 11.235843658447266 57.463722229003906 riz 0 57687.16015625 0.46213573217391968 0.58416026830673218 0.3474414050579071 -0.065388321876525879 0.036684378981590271 22.332956314086914 0.036590684205293655 2.0932338884449564e-05 7.0544632535529672e-07 0.00025378091959282756 -1.2692694895122258e-07 -1.5238009964946286e-08 46 31.605541229248047 0.9476466178894043 0.29227203130722046
SN: 1368188 10 1 C3 3 0 53.097220999999998 -28.794487 0.24050000309944153 0.0010000000474974513 0.24002699553966522 0.0010000000474974513 0.24002695083618164 0.0015936496201902628 0 300 0 0 0.0073042646981775761 1 2 -19255 -9 -9 0.24050000309944153 0.0010000000474974513 53.096249 -28.794407 3.0799999237060547 1.6790000200271606 -1.4981560707092285 10.866000175476074 0.004999999888241291 -9999 -9999 1.1690000295639038 0.028000000864267349 -9.6789999008178711 0.0382099449634552 1.1820000410079956 -999 20.850000381469727 19.719999313354492 19.139999389648438 18.930000305175781 0 0 0 0 14.319999694824219 35.069999694824219 46.849998474121094 64.589996337890625 24.610141754150391 23.637660980224609 23.323226928710938 22.974586486816406 57627.41796875 132.35655212402344 122.57506561279297 121.24383544921875 395.216064453125 griz 0 57627.390625 0.1942984014749527 -0.57737308740615845 0.112862229347229 -0.0029705152846872807 0.013802027329802513 21.107803344726562 0.017546351999044418 6.4696141635067761e-05 1.0455405572429299e-06 0.00023050974414218217 -3.7045829515136575e-08 -1.0236275826969177e-08 43 39.391860961914062 0.62856054306030273 0.19271223247051239
SN: 1636093 10 0 E1 3 0 8.5467820000000003 -42.989123999999997 0.47890999913215637 0.0010000000474974513 0.47781801223754883 0.0010000000474974513 0.47781801223754883 0.0017851782031357288 0 300 0 0 0.007250495720654726 1 1 110822 -9 -9 0.47889998555183411 0.0010000000474974513 8.5468460000000004 -42.989196999999997 0.31400001049041748 0.43599998950958252 -9 9.819000244140625 0.016000000759959221 -9999 -9999 1.3240000009536743 0.32600000500679016 -8.4890003204345703 0.32856810092926025 0.41299998760223389 -999 22.870000839233398 21.840000152587891 21.549999237060547 21.280000686645508 0.0099999997764825821 0 0 0 15.119999885559082 39.580001831054688 52.419998168945312 63.709999084472656 24.551120758056641 23.506309509277344 23.201257705688477 22.989480972290039 57747.046875 25.575836181640625 20.0477294921875 14.932496070861816 52.597011566162109 riz 0 57746.0234375 0.92741429805755615 1.937551736831665 0.78350245952606201 0.055800531059503555 0.045980527997016907 22.850374221801758 0.046922601759433746 1.2997214980714489e-05 5.6170472362282453e-07 0.0087751401588320732 -2.5788321522668411e-07 -1.9352848212861318e-08 17 17.85832405090332 0.39783114194869995 0.67210090160369873
SN: 1588019 10 0 C1+C3 3 0 53.405987000000003 -27.749009999999998 0.68831002712249756 0.0010000000474974513 0.6876639723777771 0.0010000000474974513 0.68766403198242188 0.0019626542925834656 0 300 0 0 0.006123837549239397 1 1 108043 -9 -9 0.68830001354217529 0.0010000000474974513 53.406072000000002 -27.749103000000002 0.43000000715255737 0.52100002765655518 -9 10.848999977111816 0.017999999225139618 -9999 -9999 0.36100000143051147 0 -10.47700023651123 0.026000000536441803 1.0609999895095825 -999 24.079999923706055 22.590000152587891 21.639999389648438 21.180000305175781 0.019999999552965164 0.0099999997764825821 0 0 4.9099998474121094 21.700000762939453 56.110000610351562 80.139999389648438 25.772296905517578 24.158851623535156 23.127399444580078 22.740375518798828 57739.22265625 22.481130599975586 19.713251113891602 14.661849975585938 68.054954528808594 riz 0 57730.8671875 0.33560371398925781 -0.29883420467376709 0.30463910102844238 0.0033260483760386705 0.034962482750415802 23.583911895751953 0.033228754997253418 6.6135648921772372e-06 2.0240693743289739e-07 0.0027504393365234137 -4.5383639957208288e-08 -2.6007263009830695e-09 52 69.711616516113281 0.051011491566896439 0.10022649168968201
SN: 1641173 10 101 X3 3 0 36.320602000000001 -4.4897309999999999 0.4447999894618988 0.0010000000474974513 0.44364100694656372 0.0010000000474974513 0.44364094734191895 0.0017569521442055702 0 300 0 0 0.020885447040200233 2 2 -25413 -9 -9 0.4447999894618988 0.0010000000474974513 36.320124999999997 -4.488861 3.5690000057220459 1.9819999933242798 -0.54535174369812012 10.621999740600586 0.013000000268220901 -9999 -9999 1.8890000581741333 0.018999999389052391 -8.6180000305175781 0.038078866899013519 0.3970000147819519 -999 21.450000762939453 20.590000152587891 20.040000915527344 19.899999618530273 0 0 0 0 5.7600002288818359 14.630000114440918 19.340000152587891 22.819999694824219 25.598943710327148 24.586889266967773 24.283859252929688 24.104211807250977 57747.07421875 39.666545867919922 25.079299926757812 -99 70.860633850097656 ri 0 57746.2421875 0.54624259471893311 -0.21302306652069092 0.43005743622779846 0.049747835844755173 0.051494047045707703 23.013147354125977 0.037987645715475082 1.1187703421455808e-05 3.9143441199485096e-07 0.00085166131611913443 -6.0057381290334888e-08 -1.4585884500206703e-08 12 8.9425153732299805 0.70783239603042603 0.18038955330848694
SN: 1397029 10 0 C1 3 0 54.639954000000003 -27.672734999999999 0.35991001129150391 0.0010000000474974513 0.35941800475120544 0.0010000000474974513 0.35941803455352783 0.0016883376520127058 0 300 0 0 0.0094023104757070541 1 2 49434 -9 -9 0.35989999771118164 0.0010000000474974513 54.640051999999997 -27.672643999999998 0.45500001311302185 0.64399999380111694 -3.1495394706726074 9.2729997634887695 0.034000001847743988 -9999 -9999 0.26800000667572021 0.78799998760223389 -8.9829998016357422 0.79577946662902832 0.61100000143051147 -999 23.959999084472656 23.010000228881836 22.729999542236328 22.440000534057617 0.019999999552965164 0.0099999997764825821 0.0099999997764825821 0.0099999997764825821 5.2399997711181641 13.949999809265137 18.229999542236328 23.579999923706055 25.701671600341797 24.638565063476562 24.348033905029297 24.068639755249023 57645.24609375 26.438638687133789 15.710376739501953 14.195571899414062 45.779510498046875 griz 0 57655.765625 0.48254519701004028 0.93571579456329346 0.56688976287841797 -0.18154443800449371 0.027003750205039978 22.710222244262695 0.052987933158874512 1.4788058251724578e-05 7.2171184228864149e-07 0.0031130930874496698 -3.4037154250654567e-07 -5.0039377086363857e-09 60 89.381744384765625 0.0082650836557149887 0.68080031871795654
SN: 1636043 10 0 E2 3 0 9.8556840000000001 -43.611569000000003 0.54054999351501465 0.0010000000474974513 0.53943902254104614 0.0010000000474974513 0.53943896293640137 0.0018365825526416302 0 300 0 0 0.0054260236211121082 1 1 110882 -9 -9 0.5404999852180481 0.0010000000474974513 9.8555489999999999 -43.611130000000003 1.6200000047683716 2.0069999694824219 -9 10.015999794006348 0.012000000104308128 -9999 -9999 1.8819999694824219 0 -8.1350002288818359 0.024000000208616257 0.25999999046325684 -999 22.319999694824219 21.399999618530273 21.069999694824219 20.889999389648438 0.0099999997764825821 0 0 0 9.6800003051757812 24.700000762939453 35.290000915527344 52.529998779296875 25.035312652587891 24.018257141113281 23.630870819091797 23.198982238769531 57747.0625 24.838445663452148 18.291557312011719 13.846591949462891 50.668838500976562 riz 0 57740.51171875 0.65919601917266846 1.0300918817520142 0.54998958110809326 0.049731362611055374 0.043775908648967743 23.082462310791016 0.041467450559139252 1.0495779861230403e-05 4.0086462149702129e-07 0.0045369276776909828 -1.1870445604245106e-07 -1.1338260108573195e-08 26 26.51679801940918 0.43499875068664551 0.38128584623336792
SN: 1501097 10 0 X1 3 0 34.206169000000003 -4.2182490000000001 0.43707001209259033 0.0010000000474974513 0.43586799502372742 0.0010000000474974513 0.4358680248260498 0.0017505624564364552 0 300 0 0 0.018255947157740593 1 2 104612 -9 -9 0.43709999322891235 0.0010000000474974513 34.206218999999997 -4.2181879999999996 0.28299999237060547 0.34799998998641968 -3.9240086078643799 10.253999710083008 0.061999998986721039 -9999 -9999 0.38199999928474426 6.9749999046325684 -9.824000358581543 6.9752168655395508 1.1080000400543213 -999 23.530000686645508 21.959999084472656 21.420000076293945 21.090000152587891 0.019999999552965164 0 0 0 8.7200002670288086 39.209999084472656 65.339996337890625 88.029998779296875 25.148708343505859 23.516508102416992 22.962051391601562 22.638423919677734 57687.08203125 27.298341751098633 18.402276992797852 10.707862854003906 63.315982818603516 riz 0 57696.17578125 0.51099014282226562 2.3136355876922607 0.44578653573989868 0.003855275921523571 0.040454894304275513 22.246868133544922 0.04971863329410553 2.2659618480247445e-05 1.0376418231317075e-06 0.0038578964304178953 -2.9634148290824669e-07 -3.0505294290605889e-08 41 33.252483367919922 0.79993289709091187 0.77131897211074829
SN: 1479069 10 1 E1+E2 3 0 8.9572459999999996 -43.393559000000003 0.17352999746799469 0.0010000000474974513 0.17267300188541412 0.0010000000474974513 0.17267298698425293 0.0015417514368891716 0 300 0 0 0.0064591411501169205 1 1 103882 -9 -9 0.17350000143051147 0.0010000000474974513 8.9575169999999993 -43.393658000000002 0.79400002956390381 1.0190000534057617 -9 9.0799999237060547 0.024000000208616257 -9999 -9999 0.49300000071525574 0.68800002336502075 -8.5719995498657227 0.68910449743270874 0.58099997043609619 -999 22.309999465942383 21.690000534057617 21.409999847412109 21.25 0 0 0 0 24.989999771118164 44.400001525878906 54.680000305175781 66.459999084472656 24.005584716796875 23.381542205810547 23.155429840087891 22.943599700927734 57686.01953125 203.26820373535156 168.83200073242188 106.35752868652344 668.92950439453125 griz 0 57688.95703125 0.11084882915019989 1.251167893409729 0.10856513679027557 -0.069489136338233948 0.012088996358215809 19.856002807617188 0.016043370589613914 0.00020492686599027365 3.0280998544185422e-06 0.00025921734049916267 -1.9082291657923633e-07 -2.4467604831102108e-08 98 46.740154266357422 0.99999749660491943 0.47706219553947449
SN: 1376168 10 1 E2 3 0 8.0887849999999997 -43.846072999999997 0.49347999691963196 0.0010000000474974513 0.49239298701286316 0.0010000000474974513 0.49239301681518555 0.0017972784116864204 0 300 0 0 0.0062207668088376522 1 2 47860 -9 -9 0.4934999942779541 0.0010000000474974513 8.0888240000000007 -43.846220000000002 0.53899997472763062 0.40200001001358032 -3.5721855163574219 11.079999923706055 0.032999999821186066 -9999 -9999 -0.95399999618530273 9.0459995269775391 -12.015999794006348 9.046198844909668 1.434999942779541 -999 22.790000915527344 20.989999771118164 20.219999313354492 19.819999694824219 0.0099999997764825821 0 0 0 17.299999237060547 98.339996337890625 187.83000183105469 280.010009765625 24.404884338378906 22.51817512512207 21.815587997436523 21.382064819335938 57641.09375 13.73334789276123 7.0066823959350586 5.8314828872680664 38.2078857421875 riz 0 57641.67578125 0.46455866098403931 -0.91832572221755981 0.47968962788581848 -0.19819600880146027 0.059811927378177643 22.73469352722168 0.056104261428117752 1.4458481018664315e-05 7.4712659170472762e-07 0.0046981354244053364 -2.3687769612479315e-07 -2.3642408919499758e-08 55 49.489204406738281 0.68435823917388916 0.72812449932098389
SN: 1641279 10 0 E1 3 0 7.7924920000000002 -42.662982999999997 0.2249000072479248 0.0010000000474974513 0.2239840030670166 0.0010000000474974513 0.2239840030670166 0.0015811820048838854 0 300 0 0 0.006083381362259388 2 2 112583 -9 -9 0.2249000072479248 0.0010000000474974513 7.7926630000000001 -42.662982 0.45300000905990601 0.18000000715255737 -4.1286053657531738 10.965000152587891 0.061000000685453415 -9999 -9999 1.0729999542236328 6.4699997901916504 -9.8610000610351562 6.4704465866088867 1.3650000095367432 -999 20.489999771118164 19.239999771118164 18.790000915527344 18.440000534057617 0 0 0 0 166.78999328613281 518.19000244140625 819.96002197265625 1086.9300537109375 21.944576263427734 20.713777542114258 20.215518951416016 19.909496307373047 57751.05859375 46.976089477539062 42.859462738037109 34.897373199462891 124.03365325927734 griz 0 57752.453125 0.32279938459396362 0.30670368671417236 0.33434665203094482 -0.023762362077832222 0.020129596814513206 20.696670532226562 0.025585900992155075 9.4478280516341329e-05 2.2264266590354964e-06 0.0021890229545533657 -3.6058042951481184e-07 -3.137914816875309e-08 20 16.007633209228516 0.71615058183670044 0.12932823598384857
SN: 1531089 10 1 E2 3 0 10.177927 -43.921810000000001 0.2924099862575531 0.0010000000474974513 0.291485995054245 0.0010000000474974513 0.29148602485656738 0.0016340630827471614 0 300 0 0 0.0052988547831773758 1 1 105658 -9 -9 0.29240000247955322 0.0010000000474974513 10.177837 -43.921788999999997 0.24500000476837158 0.28499999642372131 -9 10.14900016784668 0.0040000001899898052 -9999 -9999 0.20200000703334808 1.1369999647140503 -9.9479999542236328 1.1387439966201782 1.3760000467300415 -999 22.690000534057617 21.280000686645508 20.790000915527344 20.489999771118164 0.0099999997764825821 0 0 0 18.209999084472656 70.510002136230469 111.68000030517578 140.86000061035156 24.349224090576172 22.879373550415039 22.380062103271484 22.128030776977539 57701.04296875 52.760860443115234 40.687061309814453 27.870304107666016 124.25681304931641 griz 0 57701.7421875 0.20581784844398499 -0.92797994613647461 0.19023256003856659 -0.008852311410009861 0.020380977541208267 21.482816696166992 0.026791635900735855 4.5800832594977692e-05 1.1301817721687257e-06 0.0014513281639665365 -1.352648268948542e-07 -1.6665383739677964e-08 43 33.122077941894531 0.86133378744125366 0.31073087453842163
SN: 1644163 10 0 S2 3 0 41.037303999999999 -1.1755059999999999 0.56317001581192017 0.0010000000474974513 0.56202101707458496 0.0010000000474974513 0.56202101707458496 0.0018555769929662347 0 300 0 0 0.024090932682156563 1 1 111638 -9 -9 0.56319999694824219 0.0010000000474974513 41.037376999999999 -1.1754789999999999 0.27900001406669617 0.33500000834465027 -9 10.704999923706055 0.035999998450279236 -9999 -9999 0.8410000205039978 8.7060003280639648 -9.8610000610351562 8.7069263458251953 1.3209999799728394 -999 23.770000457763672 22.100000381469727 21.350000381469727 20.899999618530273 0.019999999552965164 0.0099999997764825821 0 0 7.5100002288818359 34.909999847412109 73.660003662109375 107.37000274658203 25.31089973449707 23.64262580871582 22.831920623779297 22.422792434692383 57750.1328125 13.389530181884766 10.047604560852051 7.6888861656188965 25.664455413818359 riz 0 57743.97265625 1.2968626022338867 -0.72300821542739868 0.86573874950408936 0.028135959059000015 0.077174946665763855 23.478206634521484 0.067418232560157776 7.2898264988907613e-06 4.5265804260452569e-07 0.01502002589404583 -2.6795265739565366e-07 -2.2559756729378933e-08 23 17.874380111694336 0.76426714658737183 0.25860825181007385
SN: 1403033 10 0 E2 3 0 10.065434 -44.450252999999996 0.4753899872303009 0.0010000000474974513 0.47434699535369873 0.0010000000474974513 0.47434699535369873 0.0017823019297793508 0 300 0 0 0.0061183450743556023 1 1 49275 -9 -9 0.47540000081062317 0.0010000000474974513 10.064921999999999 -44.450139 1.3799999952316284 1.2089999914169312 -9 10.628999710083008 0.0060000000521540642 -9999 -9999 0.95099997520446777 0.16699999570846558 -9.6789999008178711 0.16916856169700623 1.1759999990463257 -999 23.399999618530273 22.059999465942383 21.5 21.059999465942383 0.0099999997764825821 0 0 0 8.4300003051757812 29.680000305175781 56.25 71.959999084472656 25.185430526733398 23.818840026855469 23.12469482421875 22.857273101806641 57641.09375 13.944275856018066 10.180663108825684 8.9289283752441406 34.833717346191406 riz 0 57651.2890625 0.71464765071868896 -1.0140777826309204 0.59622031450271606 0.07851371169090271 0.05974525585770607 23.25547981262207 0.066159717738628387 8.9496979853720404e-06 5.4535303206648678e-07 0.0046666413545608521 -1.4650527191406582e-07 -1.9683469076881011e-08 50 61.228679656982422 0.13265688717365265 0.42749843001365662
SN: 1638030 10 101 S2 3 0 41.714396999999998 -1.379116 0.37235000729560852 0.0010000000474974513 0.37135800719261169 0.0010000000474974513 0.37135803699493408 0.0016979790525510907 0 300 0 0 0.029841357842087746 1 1 111709 -9 -9 0.37239998579025269 0.0010000000474974513 41.714495999999997 -1.3791 0.3619999885559082 0.38299998641014099 -9 10.76200008392334 0.093000002205371857 -9999 -9999 -0.054000001400709152 9.9460000991821289 -10.781000137329102 9.9462127685546875 1.5420000553131104 -999 22.540000915527344 20.790000915527344 20.190000534057617 19.829999923706055 0.0099999997764825821 0 0 0 23.290000915527344 121.45999908447266 215.92999267578125 295.989990234375 24.082077026367188 22.288917541503906 21.664218902587891 21.321807861328125 57756.08203125 20.884710311889648 18.96776008605957 14.170285224914551 48.133296966552734 giz 0 57753.1328125 0.54866790771484375 -0.49604699015617371 0.5822376012802124 -0.010643115267157555 0.026962531730532646 22.091520309448242 0.043048694729804993 2.6145207812078297e-05 1.0366395599703537e-06 0.0079650124534964561 -3.8946708968978783e-07 -1.4827641336978559e-08 17 11.058327674865723 0.85351580381393433 0.16911211609840393
SN: 1590122 10 0 C2 3 0 54.063476999999999 -28.557043 0.7801700234413147 0.0010000000474974513 0.77951902151107788 0.0010000000474974513 0.77951908111572266 0.002042281674221158 0 300 0 0 0.009553045965731144 1 1 108169 -9 -9 0.78020000457763672 0.0010000000474974513 54.063960000000002 -28.556692999999999 1.9800000190734863 1.3830000162124634 -9 10.788999557495117 0.032999999821186066 -9999 -9999 1.2539999485015869 0.41499999165534973 -9.5369997024536133 0.42137157917022705 0.75700002908706665 -999 23.819999694824219 22.760000228881836 21.780000686645508 21.309999465942383 0.019999999552965164 0.0099999997764825821 0 0 2.3599998950958252 7.9800000190734863 14.689999580383301 22.299999237060547 26.567720413208008 25.244993209838867 24.58244514465332 24.129238128662109 57725.0625 9.6858797073364258 7.4071693420410156 6.8438396453857422 26.722442626953125 riz 0 57731.3125 0.81795716285705566 0.11667119711637497 0.81681430339813232 -0.00085513707017526031 0.066542789340019226 23.686918258666992 0.071035943925380707 6.0149563978484366e-06 3.9353767533611972e-07 0.012665452435612679 -2.4987306801449449e-07 -2.3977890784010469e-09 46 35.029468536376953 0.8807680606842041 0.038994718343019485
SN: 1531113 10 0 X1 3 0 33.677765000000001 -4.50969 0.45816999673843384 0.0010000000474974513 0.45693999528884888 0.0010000000474974513 0.4569399356842041 0.0017679104348644614 0 300 0 0 0.018570639193058014 1 1 -23775 -9 -9 0.45820000767707825 0.0010000000474974513 33.677760999999997 -4.5095419999999997 0.5339999794960022 0.69099998474121094 -9 9.9300003051757812 0.016000000759959221 -9999 -9999 1.0449999570846558 0.027000000700354576 -8.8620004653930664 0.055946402251720428 0.52600002288818359 -999 23.190000534057617 22.079999923706055 21.709999084472656 21.430000305175781 0.0099999997764825821 0 0 0 10.439999580383301 32.479999542236328 48.450000762939453 60.529998779296875 24.953248977661133 23.72096061706543 23.286766052246094 23.045074462890625 57694.06640625 13.176359176635742 9.8602991104125977 7.4052786827087402 31.289962768554688 riz 0 57699.40234375 0.66249656677246094 -0.98085081577301025 0.56071019172668457 -0.036589343100786209 0.065346881747245789 22.909788131713867 0.071530476212501526 1.2305088603170589e-05 8.1068390045402339e-07 0.0071372766979038715 -2.7032274374505505e-07 -3.7322912760373583e-08 44 30.684244155883789 0.93596452474594116 0.34895819425582886
SN: 1531033 10 0 E2 3 0 8.9795239999999996 -44.621147000000001 0.6100199818611145 0.0010000000474974513 0.60887598991394043 0.0010000000474974513 0.60887598991394043 0.0018952405080199242 0 300 0 0 0.0086896196007728577 1 1 105671 -9 -9 0.61000001430511475 0.0010000000474974513 8.9796700000000005 -44.621313000000001 0.70300000905990601 0.65399998426437378 -9 10.862000465393066 0.017000000923871994 -9999 -9999 1.0160000324249268 0.35699999332427979 -9.9110002517700195 0.37074115872383118 1.2369999885559082 -999 23.819999694824219 22.219999313354492 21.350000381469727 20.940000534057617 0.019999999552965164 0 0 0 5.8499999046325684 29.110000610351562 65.94000244140625 89.080001831054688 25.582109451293945 23.839895248413086 22.952127456665039 22.62554931640625 57694.03515625 7.8157825469970703 7.0157113075256348 6.0315017700195312 20.583131790161133 riz 0 57690.92578125 1.0580267906188965 -1.0932526588439941 0.72551733255386353 0.067214824259281158 0.089562088251113892 23.681406021118164 0.078303426504135132 6.0455736274889205e-06 4.3600752519523667e-07 0.0028699610847979784 -1.8582770167085982e-07 -1.4840867201826313e-08 47 25.834629058837891 0.99486356973648071 0.42778298258781433
SN: 1555053 10 0 C1 3 0 53.683284999999998 -26.644317999999998 0.73138999938964844 0.0010000000474974513 0.73072397708892822 0.0010000000474974513 0.73072397708892822 0.0019998508505523205 0 300 0 0 0.0095934905111789703 1 1 106526 -9 -9 0.7314000129699707 0.0010000000474974513 53.683318 -26.644309 0.1120000034570694 0.15399999916553497 -9 10.796999931335449 0.048999998718500137 -9999 -9999 -6.4010000228881836 3.5989999771118164 -17.221000671386719 3.6033008098602295 1.2940000295639038 -999 24.479999542236328 22.600000381469727 21.520000457763672 21.040000915527344 0.029999999329447746 0.0099999997764825821 0 0 3.7999999523162842 19.270000457763672 56.360000610351562 85.319999694824219 26.050540924072266 24.287796020507812 23.12257194519043 22.672372817993164 57703.05859375 7.9055547714233398 6.3932485580444336 4.458284854888916 23.830060958862305 riz 0 57711.01171875 1.1165540218353271 0.34731262922286987 0.86064320802688599 -0.011204359121620655 0.075000129640102386 23.660732269287109 0.071734063327312469 6.1617911342182197e-06 4.0710654047870776e-07 0.01853555254638195 -2.3125062398321461e-07 -5.3320921011845712e-09 65 54.468952178955078 0.82108116149902344 0.12164603918790817
SN: 1702096 10 0 C2 3 0 53.458302000000003 -29.470303000000001 0.38859999179840088 0.0010000000474974513 0.3880859911441803 0.0010000000474974513 0.38808596134185791 0.0017115357331931591 0 300 0 0 0.0095353582873940468 1 1 117203 -9 -9 0.38859999179840088 0.0010000000474974513 53.458267999999997 -29.470593000000001 1.0479999780654907 1.0729999542236328 -9 10.234999656677246 0.010999999940395355 -9999 -9999 0.60699999332427979 0.24300000071525574 -9.6239995956420898 0.24536706507205963 1.1319999694824219 -999 23.409999847412109 22.090000152587891 21.520000457763672 21.049999237060547 0.0099999997764825821 0 0 0 7.940000057220459 29.520000457763672 48.529998779296875 68.480003356933594 25.250448226928711 23.824708938598633 23.284975051879883 22.911090850830078 57778.12890625 10.78028392791748 9.1219892501831055 6.9891657829284668 25.861814498901367 riz 0 57774.5859375 0.93054705858230591 -1.9022181034088135 0.83194875717163086 0.25369611382484436 0.081191316246986389 23.280498504638672 0.093771956861019135 8.7458256530226208e-06 7.553521754743997e-07 0.022268865257501602 -2.9366569265221187e-07 -5.3249586073889077e-08 16 12.841615676879883 0.68430119752883911 1.0569665431976318
SN: 1368133 10 0 X3 3 0 36.743580000000001 -3.8689230000000001 0.27720001339912415 0.0010000000474974513 0.27618101239204407 0.0010000000474974513 0.27618098258972168 0.0016219776589423418 0 300 0 0 0.02603418193757534 1 1 406279 -9 -9 0.27720001339912415 0.0010000000474974513 36.743746000000002 -3.8688959999999999 0.6029999852180481 0.79900002479553223 -9 9.4759998321533203 0.0099999997764825821 -9999 -9999 -0.19499999284744263 0.2720000147819519 -9.6520004272460938 0.27464157342910767 0.84399998188018799 -999 23.139999389648438 22.200000762939453 21.729999542236328 21.520000457763672 0.0099999997764825821 0 0 0 11.949999809265137 27.559999465942383 44.020000457763672 51.770000457763672 24.80657958984375 23.899301528930664 23.390874862670898 23.214805603027344 57626.25390625 93.796043395996094 69.993400573730469 50.794750213623047 205.27409362792969 griz 0 57627.79296875 0.2148691862821579 -0.24415221810340881 0.12494056671857834 0.13100831210613251 0.016086824238300323 21.94316291809082 0.021745834499597549 2.9973334676469676e-05 6.0032556348232902e-07 0.00029285677010193467 -2.6943103748067188e-08 -7.1714389981991644e-09 39 46.267524719238281 0.19733782112598419 0.4442131519317627
SN: 1434262 10 0 X3 3 0 36.663077999999999 -5.1175810000000004 0.79105997085571289 0.0010000000474974513 0.78963702917098999 0.0010000000474974513 0.78963708877563477 0.0020511157345026731 0 300 0 0 0.024785703048110008 1 1 -21102 -9 -9 0.79110002517700195 0.0010000000474974513 36.662646000000002 -5.1173520000000003 1.7549999952316284 1.5039999485015869 -9 11.163999557495117 0.010999999940395355 -9999 -9999 1.3860000371932983 0.50900000333786011 -9.7650003433227539 0.51098531484603882 1.281999945640564 -999 24.770000457763672 23.030000686645508 21.790000915527344 21.260000228881836 0.019999999552965164 0 0 0 1.2100000381469727 6.9499998092651367 18.399999618530273 30.979999542236328 27.293037414550781 25.395038604736328 24.337955474853516 23.772296905517578 57669.1328125 21.173624038696289 18.629199981689453 16.426668167114258 58.594142913818359 riz 0 57669.21484375 0.51291751861572266 0.4914652407169342 0.37590897083282471 -0.17412011325359344 0.033022396266460419 23.604450225830078 0.032810915261507034 6.4896344156295527e-06 1.9611655943663209e-07 0.0008417769568040967 -4.7779938228131869e-08 4.3049094844427316e-10 46 36.591827392578125 0.83798927068710327 0.603077232837677
SN: 1574062 10 0 X2 3 0 36.071629000000001 -7.0346399999999996 0.55144000053405762 0.0010000000474974513 0.55020499229431152 0.0010000000474974513 0.55020499229431152 0.001845628023147583 0 300 0 0 0.024801548570394516 1 3 -23665 -9 -9 0.55140000581741333 0.0010000000474974513 36.071500999999998 -7.0345769999999996 0.51099997758865356 0.48100000619888306 -3.6386170387268066 10.305999755859375 0.014000000432133675 -9999 -9999 0.36599999666213989 0.018999999389052391 -9.935999870300293 0.049769468605518341 0.71700000762939453 -999 24.139999389648438 22.639999389648438 21.940000534057617 21.510000228881836 0.019999999552965164 0.0099999997764825821 0 0 4.119999885559082 19.909999847412109 40.840000152587891 57.380001068115234 25.962757110595703 24.252321243286133 23.472286224365234 23.103097915649414 57722.078125 12.814753532409668 10.048714637756348 8.2766151428222656 32.959026336669922 riz 0 57720.8359375 0.8043941855430603 -0.39831918478012085 0.65645128488540649 0.1030726432800293 0.057612821459770203 23.458042144775391 0.051868651062250137 7.4264767135900911e-06 3.5478353765938664e-07 0.0026809708215296268 -1.1274794786686471e-07 -1.1895107121517867e-08 40 24.06724739074707 0.97817230224609375 0.36833786964416504
SN: 1535064 10 0 X3 3 0 37.040596000000001 -5.304894 0.80220001935958862 0.0010000000474974513 0.80077999830245972 0.0010000000474974513 0.80078005790710449 0.0020608582999557257 0 300 0 0 0.020600318908691406 1 1 105980 -9 -9 0.80220001935958862 0.0010000000474974513 37.040475999999998 -5.3049580000000001 0.48600000143051147 0.5 -9 10.557000160217285 0.0099999997764825821 -9999 -9999 0.8399999737739563 0.15999999642372131 -9.7060003280639648 0.16336768865585327 0.67199999094009399 -999 23.780000686645508 23.069999694824219 22.329999923706055 22.020000457763672 0.0099999997764825821 0 0 0 7.320000171661377 14.380000114440918 28.309999465942383 36.029998779296875 25.338722229003906 24.605602264404297 23.870151519775391 23.608339309692383 57708.125 12.621292114257812 10.878225326538086 8.084446907043457 34.738773345947266 riz 0 57701.828125 0.90266996622085571 0.97896254062652588 0.60461318492889404 -0.05293891578912735 0.051746003329753876 24.133705139160156 0.050297912210226059 3.9858250602264889e-06 1.8464768913872831e-07 0.0020733755081892014 -7.6063066956066905e-08 6.3709337805306632e-10 40 30.275665283203125 0.86739414930343628 0.37097775936126709
SN: 1370806 10 0 C2 3 0 54.567538999999996 -29.990320000000001 0.58950001001358032 0.0010000000474974513 0.58894699811935425 0.0010000000474974513 0.58894705772399902 0.0018783297855407 0 300 0 0 0.010875892825424671 1 1 47519 -9 -9 0.58950001001358032 0.0010000000474974513 54.567608 -29.990205 0.46700000762939453 0.40200001001358032 -9 10.510000228881836 0.012000000104308128 -9999 -9999 0.78700000047683716 0.016000000759959221 -9.7060003280639648 0.042154476046562195 0.57300001382827759 -999 23.409999847412109 22.25 21.620000839233398 21.270000457763672 0.0099999997764825821 0.0099999997764825821 0 0 9.7799997329711914 29.229999542236328 52.049999237060547 72.050003051757812 25.024152755737305 23.835428237915039 23.208948135375977 22.855915069580078 57633.31640625 12.304752349853516 6.9321351051330566 5.1295061111450195 26.440431594848633 riz 0 57634.91015625 0.98016935586929321 -1.0989986658096313 0.70150923728942871 -0.12780232727527618 0.073727287352085114 23.396205902099609 0.0637773796916008 7.8617267718072981e-06 4.6180679191820673e-07 0.0080215856432914734 -1.8873402041208465e-07 -1.6075523134873038e-08 42 28.607654571533203 0.94282698631286621 0.56185621023178101
SN: 1370898 10 0 E1 3 0 8.0785719999999994 -42.545299999999997 0.65192997455596924 0.0010000000474974513 0.65069401264190674 0.0010000000474974513 0.65069401264190674 0.0019309136550873518 0 300 0 0 0.0076617985032498837 1 2 48315 -9 -9 0.65189999341964722 0.0010000000474974513 8.0786069999999999 -42.545368000000003 0.25999999046325684 0.33100000023841858 -3.9366919994354248 9.8129997253417969 0.064999997615814209 -9999 -9999 0.2460000067949295 0.40999999642372131 -9.5950002670288086 0.46482363343238831 0.68500000238418579 -999 24.920000076293945 23.770000457763672 23.120000839233398 22.809999465942383 0.05000000074505806 0.019999999552965164 0.019999999552965164 0.019999999552965164 2.2400000095367432 6.75 11.970000267028809 15.939999580383301 26.624380111694336 25.426740646362305 24.804763793945312 24.493778228759766 57642.14453125 8.4777450561523438 7.4553422927856445 5.934232234954834 28.879978179931641 riz 0 57641.68359375 0.77916169166564941 0.42978525161743164 0.76835048198699951 -0.0050681284628808498 0.062880828976631165 23.639322280883789 0.071782805025577545 6.2845024331181776e-06 4.1549617435521213e-07 0.012751382775604725 -2.513723984520766e-07 -1.0584081167053228e-08 56 49.186031341552734 0.72850298881530762 0.14425438642501831
SN: 1559051 10 0 X3 3 0 36.109378999999997 -4.2508210000000002 0.70648002624511719 0.0010000000474974513 0.70510399341583252 0.0010000000474974513 0.70510399341583252 0.0019776904955506325 0 300 0 0 0.022927166894078255 1 2 462877 -9 -9 0.70649999380111694 0.0010000000474974513 36.109876 -4.2507060000000001 1.8309999704360962 1.7790000438690186 -2.2318975925445557 10.807999610900879 0.010999999940395355 -9999 -9999 -0.78899997472763062 1.375 -11.602999687194824 1.3776247501373291 1.1080000400543213 -999 23.889999389648438 22.139999389648438 21.040000915527344 20.790000915527344 0.0099999997764825821 0 0 0 4.119999885559082 21.5 47.560001373291016 79.569999694824219 25.962757110595703 24.168903350830078 23.306896209716797 22.748126983642578 57723.04296875 21.272289276123047 20.171924591064453 13.052646636962891 64.937545776367188 riz 0 57723.1171875 0.48750656843185425 1.4474102258682251 0.3749401867389679 -0.033569034188985825 0.03572956845164299 23.501537322998047 0.031810492277145386 7.1348526944348123e-06 2.0904082020933856e-07 0.0028879009187221527 -5.5646246721607895e-08 -2.0437302961084924e-09 32 27.56005859375 0.69093668460845947 0.49527594447135925
SN: 1574028 10 0 E1 3 0 7.4151220000000002 -43.250103000000003 0.6571199893951416 0.0010000000474974513 0.65589302778244019 0.0010000000474974513 0.65589308738708496 0.0019353659590706229 0 300 0 0 0.006741608027368784 1 2 107422 -9 -9 0.65710002183914185 0.0010000000474974513 7.4153019999999996 -43.250104 0.47200000286102295 0.42800000309944153 -4.2462763786315918 10.937000274658203 0.054999999701976776 -9999 -9999 -0.050999999046325684 5.7230000495910645 -10.942999839782715 5.7231330871582031 1.3020000457763672 -999 23.819999694824219 22 20.989999771118164 20.549999237060547 0.019999999552965164 0 0 0 6.8299999237060547 38.029998779296875 95.400001525878906 145.46000671386719 25.413948059082031 23.549684524536133 22.551128387451172 22.093141555786133 57718.03125 8.559880256652832 5.8267502784729004 5.3437356948852539 22.384401321411133 riz 0 57721.38671875 1.0433695316314697 -1.719036340713501 0.71250700950622559 -0.17092743515968323 0.082072451710700989 23.582517623901367 0.067416928708553314 6.6220541157235857e-06 4.1118511262538959e-07 0.0097124427556991577 -1.7165649524031323e-07 -7.5469790417059812e-09 35 29.873327255249023 0.71386808156967163 0.80806386470794678
SN: 1370441 10 0 C3 3 0 53.389828000000001 -28.383074000000001 0.93805998563766479 0.0010000000474974513 0.93732601404190063 0.0010000000474974513 0.93732595443725586 0.0021813393104821444 0 300 0 0 0.0072263255715370178 1 1 47653 -9 -9 0.93809998035430908 0.0010000000474974513 53.389378999999998 -28.383229 1.5260000228881836 2.1649999618530273 -9 10.644000053405762 0.076999999582767487 -9999 -9999 0.72000002861022949 0.38100001215934753 -9.9829998016357422 0.53529149293899536 0.93300002813339233 -999 24.600000381469727 23.729999542236328 22.700000762939453 22.069999694824219 0.019999999552965164 0.0099999997764825821 0 0 1.0800000429153442 2.440000057220459 5.070000171661377 10.420000076293945 27.416440963745117 26.531524658203125 25.737480163574219 24.955329895019531 57638.33203125 14.800762176513672 11.540754318237305 -99 38.287738800048828 iz 0 57642.3359375 0.81681346893310547 1.2188858985900879 0.65452378988265991 0.071259796619415283 0.095143124461174011 24.317058563232422 0.054127536714076996 3.3664848615444498e-06 1.6783039313850168e-07 0.0067006195895373821 -8.5562774643221928e-08 -1.9916106541728595e-09 33 41.336444854736328 0.15122982859611511 0.47063535451889038
SN: 1447146 10 0 C3 3 0 52.081744999999998 -28.358774 1.0008900165557861 0.0010000000474974513 1.0000870227813721 0.0010000000474974513 1.0000870227813721 0.0022373392712324858 0 300 0 0 0.0068787322379648685 1 1 102364 -9 -9 1.0009000301361084 0.0010000000474974513 52.081829999999997 -28.358841000000002 0.36100000143051147 0.48899999260902405 -9 9.4899997711181641 0.035999998450279236 -9999 -9999 0.91299998760223389 0.20800000429153442 -8.5319995880126953 0.23815961182117462 -0.18199999630451202 -999 24.010000228881836 23.909999847412109 23.370000839233398 23.120000839233398 0.0099999997764825821 0.0099999997764825821 0.0099999997764825821 0.0099999997764825821 6.070000171661377 6.4699997901916504 10.819999694824219 12.470000267028809 25.542028427124023 25.472740173339844 24.914432525634766 24.760334014892578 57666.34375 10.339128494262695 6.0481729507446289 -99 19.461685180664062 iz 0 57669.97265625 1.1629388332366943 -1.3308837413787842 0.82815194129943848 -0.17922374606132507 0.17757967114448547 24.766731262207031 0.090710557997226715 2.2248830191529123e-06 1.8588343664305285e-07 0.025787325575947762 -8.8964775102340354e-08 7.3434778258274491e-09 33 22.045263290405273 0.926582932472229 0.74411517381668091
SN: 1682020 10 1 E1 3 0 8.4635440000000006 -42.618358999999998 0.22014999389648438 0.0010000000474974513 0.21924099326133728 0.0010000000474974513 0.21924102306365967 0.0015775082865729928 0 300 0 0 0.0071141310036182404 4 8 116784 -9 -9 0.22010000050067902 0.0010000000474974513 8.4647249999999996 -42.618228999999999 3.1640000343322754 1.4839999675750732 -0.95956981182098389 11.052000045776367 0.061000000685453415 -9999 -9999 0.090999998152256012 10.090999603271484 -10.942000389099121 10.091047286987305 1.5870000123977661 -999 20.549999237060547 19.129999160766602 18.659999847412109 18.309999465942383 0 0 0 0 24.569999694824219 74.580001831054688 105.02999877929688 133.00999450683594 24.02398681640625 22.818443298339844 22.44671630859375 22.190288543701172 57772.0390625 64.077720642089844 63.677433013916016 44.089092254638672 126.28864288330078 griz 0 57770.73828125 0.3721308708190918 0.55985081195831299 0.40693998336791992 -0.14473153650760651 0.022999882698059082 20.142383575439453 0.030885601416230202 0.00015741521201562136 4.4779417294193991e-06 0.0040225367993116379 -1.3017950095672859e-06 -7.1444084426275367e-08 8 7.8742332458496094 0.44585096836090088 0.51727432012557983
SN: 1595118 10 0 C3 3 0 52.932434000000001 -28.699745 0.91013997793197632 0.0010000000474974513 0.90940600633621216 0.0010000000474974513 0.90940594673156738 0.0021565475035458803 0 300 0 0 0.0089543573558330536 1 2 108252 -9 -9 0.91009998321533203 0.0010000000474974513 52.931914999999996 -28.700303000000002 2.5929999351501465 2.3369998931884766 -0.68161481618881226 10.833999633789062 0.012000000104308128 -9999 -9999 1.3559999465942383 0.34000000357627869 -9.4879999160766602 0.34211695194244385 0.95099997520446777 -999 24.370000839233398 23.440000534057617 22.440000534057617 21.889999389648438 0.0099999997764825821 0.0099999997764825821 0 0 0.18999999761581421 0.56999999284744263 2.1700000762939453 3.7899999618530273 27.5 27.5 26.658849716186523 26.053401947021484 57730.12890625 15.299063682556152 12.578291893005371 -99 36.293998718261719 iz 0 57732.390625 0.58677875995635986 -1.7613242864608765 0.46175718307495117 -0.055619183927774429 0.12024061381816864 24.162357330322266 0.0595681332051754 3.8820166992081795e-06 2.1298404817571281e-07 0.018027344718575478 -6.8580298773213144e-08 -1.2856319564491514e-08 23 24.12724494934082 0.39679053425788879 0.61568504571914673
SN: 1386047 10 1 X3 3 0 36.735230000000001 -4.419295 0.49300000071525574 0.0010000000474974513 0.49181199073791504 0.0010000000474974513 0.49181199073791504 0.0017967952881008387 0 300 0 0 0.023896893486380577 1 1 -18153 -9 -9 0.49300000071525574 0.0010000000474974513 36.735492000000001 -4.4194570000000004 1.1069999933242798 0.87900000810623169 -9 10.486000061035156 0.028999999165534973 -9999 -9999 0.65600001811981201 0.48399999737739563 -9.758000373840332 0.48700308799743652 0.92199999094009399 -999 23.659999847412109 22.25 21.620000839233398 21.260000228881836 0.0099999997764825821 0 0 0 4.070000171661377 20.889999389648438 30.25 45.759998321533203 25.97601318359375 24.200153350830078 23.798187255859375 23.348785400390625 57642.3359375 32.156795501708984 28.067108154296875 19.434597015380859 86.770416259765625 riz 0 57645.05859375 0.30625525116920471 -0.66708725690841675 0.2808813750743866 0.039157606661319733 0.030364664271473885 23.055765151977539 0.033918969333171844 1.0757064956123941e-05 3.3605635962885572e-07 0.0011694149579852819 -4.8910102634636132e-08 -7.4942470007499651e-09 38 35.946769714355469 0.56473606824874878 0.25784087181091309
SN: 1598039 10 0 C3 3 0 53.091918999999997 -28.326740000000001 0.62353998422622681 0.0010000000474974513 0.62291598320007324 0.0010000000474974513 0.62291598320007324 0.0019071894930675626 0 300 0 0 0.0061930399388074875 1 3 109201 -9 -9 0.62349998950958252 0.0010000000474974513 53.092229000000003 -28.326656 1.0269999504089355 1.4600000381469727 -2.0874600410461426 10.137999534606934 0.014000000432133675 -9999 -9999 0.34900000691413879 0.30300000309944153 -9.8100004196166992 0.31469666957855225 1.0559999942779541 -999 24.610000610351562 23.399999618530273 22.690000534057617 22.309999465942383 0.0099999997764825821 0.0099999997764825821 0 0 2.809999942779541 8.5100002288818359 16.270000457763672 19.200000762939453 26.37823486328125 25.175176620483398 24.471530914306641 24.291746139526367 57739.22265625 23.572492599487305 20.627590179443359 17.441614151000977 62.002597808837891 riz 0 57735.1875 0.42895454168319702 0.047619007527828217 0.34835505485534668 0.14071063697338104 0.038015607744455338 23.851964950561523 0.040625929832458496 5.1667061597981956e-06 1.9332711076458509e-07 0.0039288410916924477 -5.1135682355152312e-08 -4.2503507380331484e-09 37 18.480930328369141 0.99527585506439209 0.46930393576622009
SN: 1562098 10 0 X2 3 0 34.776108000000001 -6.1653840000000004 0.57747000455856323 0.0010000000474974513 0.5761759877204895 0.0010000000474974513 0.57617592811584473 0.0018675241153687239 0 300 0 0 0.021355314180254936 1 1 107015 -9 -9 0.57749998569488525 0.0010000000474974513 34.776080999999998 -6.1651990000000003 0.67299997806549072 1.093999981880188 -9 9.3859996795654297 0.032999999821186066 -9999 -9999 1.1820000410079956 1.1109999418258667 -8.1979999542236328 1.1137347221374512 0.29499998688697815 -999 24 23.170000076293945 22.770000457763672 22.639999389648438 0.019999999552965164 0.0099999997764825821 0.0099999997764825821 0.0099999997764825821 4.9200000762939453 10 15.369999885559082 14.789999961853027 25.770088195800781 25 24.533315658569336 24.575078964233398 57722.07421875 20.189908981323242 13.254447937011719 8.7769107818603516 49.499759674072266 riz 0 57720.7109375 0.60562241077423096 0.58746421337127686 0.46066242456436157 -0.13364836573600769 0.043782774358987808 22.950481414794922 0.035756390541791916 1.1852423995151184e-05 3.9033412235767173e-07 0.0018887647893279791 -1.0993365151534817e-07 -6.2254801314054475e-09 40 29.232606887817383 0.89550930261611938 0.48663270473480225
SN: 1487055 10 0 S1 3 0 43.073681000000001 0.78459800000000002 0.583079993724823 0.0010000000474974513 0.58196401596069336 0.0010000000474974513 0.58196401596069336 0.00187241833191365 0 300 0 0 0.065513134002685547 1 2 104011 -9 -9 0.58310002088546753 0.0010000000474974513 43.073650000000001 0.78461899999999996 0.13400000333786011 0.12300000339746475 -5.130272388458252 10.52299976348877 0.018999999389052391 -9999 -9999 0.99199998378753662 0.14599999785423279 -9.5069999694824219 0.16794344782829285 0.52399998903274536 -999 22.959999084472656 21.879999160766602 21.340000152587891 21.030000686645508 0.0099999997764825821 0 0 0 15.760000228881836 45.959999084472656 69.569999694824219 97.540000915527344 24.506109237670898 23.344049453735352 22.893943786621094 22.527042388916016 57671.17578125 6.6048884391784668 6.458369255065918 5.9884486198425293 20.040069580078125 riz 0 57678.40234375 0.967071533203125 -1.3302369117736816 0.83111178874969482 0.06260131299495697 0.10105077922344208 23.54176139831543 0.099531471729278564 6.8753547566302586e-06 6.3027664509718306e-07 0.012989349663257599 -3.2155506346498441e-07 -3.6656164326132057e-08 49 40.714591979980469 0.79417711496353149 0.4900592565536499
SN: 1456020 10 0 X3 3 0 36.452423000000003 -4.5580559999999997 0.88340002298355103 0.0010000000474974513 0.88189297914505005 0.0010000000474974513 0.88189291954040527 0.0021321931853890419 0 300 0 0 0.022614272311329842 1 1 104125 -9 -9 0.88340002298355103 0.0010000000474974513 36.452423000000003 -4.5580290000000003 0.096000000834465027 0.13300000131130219 -9 10.909999847412109 0.024000000208616257 -9999 -9999 1.0429999828338623 0.5559999942779541 -9.8330001831054688 0.56026512384414673 1.3109999895095825 -999 25.219999313354492 23.889999389648438 22.770000457763672 22.120000839233398 0.029999999329447746 0.0099999997764825821 0.0099999997764825821 0 2.1700000762939453 6.9899997711181641 18.489999771118164 32.599998474121094 26.658849716186523 25.38880729675293 24.332656860351562 23.716957092285156 57671.140625 9.8082275390625 7.6214537620544434 -99 19.222082138061523 iz 0 57665.37890625 1.3260483741760254 -2.0613033771514893 0.86782670021057129 0.2282731831073761 0.19397479295730591 24.831024169921875 0.085217572748661041 2.0969614524801727e-06 1.6458690765830397e-07 -0.001411143341101706 -4.736347136713448e-08 -1.732052190561717e-08 31 36.933135986328125 0.2136831134557724 1.0252281427383423
SN: 1528034 10 0 S2 3 0 41.438282000000001 -1.612107 0.64008998870849609 0.0010000000474974513 0.63889700174331665 0.0010000000474974513 0.63889694213867188 0.001920824870467186 0 300 0 0 0.033778849989175797 1 1 105306 -9 -9 0.64010000228881836 0.0010000000474974513 41.438129000000004 -1.612088 0.55299997329711914 0.68599998950958252 -9 10.524999618530273 0.048000000417232513 -9999 -9999 -0.4440000057220459 9.555999755859375 -10.942999839782715 9.5562562942504883 1.5809999704360962 -999 25.120000839233398 23.200000762939453 22.299999237060547 21.770000457763672 0.05000000074505806 0.0099999997764825821 0.0099999997764825821 0.0099999997764825821 1.4900000095367432 9.4499998092651367 20.350000381469727 38.810001373291016 27.067033767700195 25.061420440673828 24.228588104248047 23.527641296386719 57684.1171875 9.4293384552001953 8.0952386856079102 5.3527765274047852 19.968477249145508 riz 0 57684.22265625 1.2927273511886597 -1.3186196088790894 0.73082005977630615 -0.013854357413947582 0.090591311454772949 23.449886322021484 0.087277933955192566 7.4824829425779171e-06 6.014864766257233e-07 0.0034660240635275841 -1.9656698668768513e-07 -1.6614340125897797e-08 43 42.008098602294922 0.51423424482345581 0.44195926189422607
SN: 1620051 10 0 S2 3 0 41.023612999999997 -1.8664499999999999 0.38352999091148376 0.0010000000474974513 0.38251501321792603 0.0010000000474974513 0.38251495361328125 0.0017070145113393664 0 300 0 0 0.025369180366396904 1 2 111087 -9 -9 0.38350000977516174 0.0010000000474974513 41.023676999999999 -1.8665799999999999 0.52300000190734863 0.53299999237060547 -3.9044044017791748 11.057999610900879 0.057999998331069946 -9999 -9999 0.90700000524520874 10.906999588012695 -10.121999740600586 10.907308578491211 1.4900000095367432 -999 21.889999389648438 20.200000762939453 19.649999618530273 19.299999237060547 0 0 0 0 44.150001525878906 208.05000305175781 334.26998901367188 444.1300048828125 23.387672424316406 21.704580307006836 21.189756393432617 20.8812255859375 57730.109375 16.2674560546875 14.415043830871582 11.659016609191895 34.949451446533203 riz 0 57734.96875 0.57647943496704102 -0.69328439235687256 0.55415624380111694 0.19390812516212463 0.06874556839466095 22.536649703979492 0.091601192951202393 1.7351610949845053e-05 1.4639175560660078e-06 0.015150291845202446 -5.2644526249423507e-07 -8.2937212653177994e-08 25 39.286960601806641 0.034471478313207626 0.68643033504486084
SN: 1550021 10 1 E1 3 0 8.1343200000000007 -43.228164999999997 0.20676000416278839 0.0010000000474974513 0.20587100088596344 0.0010000000474974513 0.20587098598480225 0.0015671839937567711 0 300 0 0 0.005892142653465271 1 2 106660 -9 -9 0.20679999887943268 0.0010000000474974513 8.1347799999999992 -43.227739999999997 1.9490000009536743 1.4620000123977661 -2.1993091106414795 10.199000358581543 0.0099999997764825821 -9999 -9999 1.1239999532699585 0.25 -9.069000244140625 0.25156310200691223 0.70300000905990601 -999 21.229999542236328 20.459999084472656 20.079999923706055 19.870000839233398 0 0 0 0 50.419998168945312 82.680000305175781 131.41000366210938 166.53999328613281 23.243492126464844 22.706499099731445 22.203428268432617 21.946203231811523 57718.03125 62.874961853027344 45.397636413574219 42.088245391845703 182.24681091308594 griz 0 57716.89453125 0.17951351404190063 -0.60589498281478882 0.14970995485782623 0.15603859722614288 0.01671513170003891 21.12870979309082 0.021751163527369499 6.3462357502430677e-05 1.271377072953328e-06 0.00068229826865717769 -8.0738466579077794e-08 -1.764217572031157e-08 39 48.467487335205078 0.14232547581195831 0.55796384811401367
SN: 1537077 10 0 C3 3 0 53.093513999999999 -27.494150000000001 0.74518001079559326 0.0010000000474974513 0.74449998140335083 0.0010000000474974513 0.74449992179870605 0.0020118006505072117 0 300 0 0 0.00796494260430336 1 1 105538 -9 -9 0.74519997835159302 0.0010000000474974513 53.093519000000001 -27.494064000000002 0.30799999833106995 0.414000004529953 -9 9.8610000610351562 0.02199999988079071 -9999 -9999 0.54100000858306885 0.0080000003799796104 -9.3100004196166992 0.029120439663529396 0.26199999451637268 -999 23.770000457763672 23.059999465942383 22.450000762939453 22.190000534057617 0.0099999997764825821 0 0 0 6.809999942779541 12.350000381469727 23.239999771118164 27.479999542236328 25.417131423950195 24.770832061767578 24.084409713745117 23.902458190917969 57708.1640625 15.790621757507324 14.175876617431641 12.111968994140625 40.406867980957031 riz 0 57701.0546875 0.6977841854095459 -0.73196649551391602 0.45704907178878784 0.12246406078338623 0.050571177154779434 24.094844818115234 0.043107230216264725 4.1310645428893622e-06 1.6401659763687348e-07 0.0047105508856475353 -4.5372452461833745e-08 -3.3245850517005238e-09 45 45.593364715576172 0.44727730751037598 0.47557210922241211
SN: 1592067 10 0 S2 3 0 41.572220000000002 -0.89189399999999996 0.69313997030258179 0.0010000000474974513 0.69190901517868042 0.0010000000474974513 0.6919090747833252 0.0019663104321807623 0 300 0 0 0.026095053181052208 1 1 108382 -9 -9 0.6930999755859375 0.0010000000474974513 41.572298000000004 -0.89193900000000004 0.32300001382827759 0.35199999809265137 -9 10.979000091552734 0.035999998450279236 -9999 -9999 -5.0060000419616699 1.2389999628067017 -15.921999931335449 1.2446063756942749 1.1959999799728394 -999 23.909999847412109 22.129999160766602 21.200000762939453 20.75 0.019999999552965164 0.0099999997764825821 0 0 6.130000114440918 32.479999542236328 83.290000915527344 122.59999847412109 25.531349182128906 23.72096061706543 22.698516845703125 22.278774261474609 57739.1796875 10.877273559570312 7.4170823097229004 6.6534380912780762 27.025241851806641 riz 0 57727.59765625 0.84947526454925537 -0.079450048506259918 0.76914083957672119 -0.020622089505195618 0.06640799343585968 23.389453887939453 0.068572342395782471 7.9107694546109997e-06 4.9962415005211369e-07 0.011546652764081955 -2.9141617119421426e-07 -7.890658793030525e-09 32 42.498371124267578 0.10157696902751923 0.073665432631969452
SN: 1595028 10 0 X2 3 0 35.630412999999997 -6.7976080000000003 0.46641001105308533 0.0010000000474974513 0.46523100137710571 0.0010000000474974513 0.46523094177246094 0.0017747583333402872 0 300 0 0 0.021572640165686607 1 1 108647 -9 -9 0.46639999747276306 0.0010000000474974513 35.630634000000001 -6.797498 0.88400000333786011 1.3680000305175781 -9 9.9420003890991211 0.017999999225139618 -9999 -9999 0.31499999761581421 0.74900001287460327 -9.6239995956420898 0.75226390361785889 1.0230000019073486 -999 24.280000686645508 22.889999389648438 22.399999618530273 22 0.029999999329447746 0.0099999997764825821 0.0099999997764825821 0.0099999997764825821 3.7599999904632568 14.779999732971191 23.090000152587891 35.470001220703125 26.062030792236328 24.575813293457031 24.091440200805664 23.625347137451172 57728.0546875 11.874499320983887 10.477070808410645 9.0049829483032227 35.554958343505859 riz 0 57729.5390625 0.61564350128173828 0.27228590846061707 0.64713966846466064 0.24778218567371368 0.057946518063545227 23.351417541503906 0.069211892783641815 8.1928119470831007e-06 5.222631784818077e-07 0.0070074810646474361 -1.9209689128274476e-07 -2.1604581235123987e-08 37 46.632186889648438 0.13325792551040649 0.83091253042221069
SN: 1719037 10 0 C2 3 0 54.677371999999998 -29.447645000000001 0.4079500138759613 0.0010000000474974513 0.40745800733566284 0.0010000000474974513 0.40745806694030762 0.0017273048870265484 0 300 0 0 0.0096750352531671524 1 1 118251 -9 -9 0.40799999237060547 0.0010000000474974513 54.677016999999999 -29.448081999999999 1.9290000200271606 1.7929999828338623 -9 10.289999961853027 0.010999999940395355 -9999 -9999 0.48600000143051147 0.14100000262260437 -9.8100004196166992 0.14800675213336945 0.74199998378753662 -999 22.420000076293945 21.399999618530273 21.010000228881836 20.649999618530273 0 0 0 0 4.4200000762939453 15.789999961853027 27.489999771118164 26.129999160766602 25.886444091796875 24.504043579101562 23.902063369750977 23.957151412963867 57791.09375 21.541997909545898 18.076221466064453 10.585691452026367 49.445930480957031 riz 0 57786.09375 0.68716877698898315 0.099524319171905518 0.76048225164413452 0.14834676682949066 0.051422290503978729 22.638853073120117 0.058897465467453003 1.5792795238667168e-05 8.5670501448475989e-07 0.012802246958017349 -3.3087161455114256e-07 -3.7201719038648662e-08 11 15.210094451904297 0.17307934165000916 0.49560078978538513
SN: 1432078 10 0 E1 3 0 8.7448040000000002 -42.785729000000003 0.54585999250411987 0.0010000000474974513 0.54471498727798462 0.0010000000474974513 0.54471492767333984 0.0018410130869597197 0 300 0 0 0.0060456767678260803 1 1 -24172 -9 -9 0.54589998722076416 0.0010000000474974513 8.7447389999999992 -42.785682000000001 0.24099999666213989 0.27599999308586121 -9 10.574999809265137 0.014999999664723873 -9999 -9999 0.92199999094009399 0.46299999952316284 -9.6520004272460938 0.46856483817100525 0.84899997711181641 -999 22.879999160766602 21.600000381469727 21.110000610351562 20.739999771118164 0.0099999997764825821 0 0 0 16.430000305175781 52.299999237060547 85.529998779296875 114.19000244140625 24.460906982421875 23.203746795654297 22.669704437255859 22.355930328369141 57653.05859375 13.308913230895996 9.1277532577514648 5.3750720024108887 31.999704360961914 riz 0 57656.58203125 1.3301259279251099 2.6264216899871826 0.97580397129058838 -0.062967829406261444 0.062122318893671036 23.336240768432617 0.060601495206356049 8.3081386037520133e-06 4.6372738893296628e-07 0.001491777366027236 -1.9351466562511632e-07 -1.2551304884311776e-08 54 45.121055603027344 0.79986882209777832 0.90028303861618042
SN: 1484053 10 0 E2 3 0 10.577676 -43.729728999999999 0.46426999568939209 0.0010000000474974513 0.46322199702262878 0.0010000000474974513 0.46322202682495117 0.0017730979016050696 0 300 0 0 0.0088823875412344933 1 2 103917 -9 -9 0.4643000066280365 0.0010000000474974513 10.577769999999999 -43.730069999999998 1.2519999742507935 1.0049999952316284 -2.8092329502105713 10.359999656677246 0.039999999105930328 -9999 -9999 1.0529999732971191 0.017999999225139618 -9.4139995574951172 0.029999999329447746 0.35400000214576721 -999 22.260000228881836 21.190000534057617 20.790000915527344 20.450000762939453 0.0099999997764825821 0 0 0 26.670000076293945 66.790000915527344 103.09999847412109 132.66999816894531 23.934942245483398 22.938220977783203 22.466854095458984 22.193069458007812 57680.01953125 25.111776351928711 17.578544616699219 12.28294563293457 56.304061889648438 riz 0 57687.92578125 0.522480309009552 0.67130374908447266 0.38074538111686707 0.049354702234268188 0.037216544151306152 22.449745178222656 0.040264714509248734 1.8797592929331586e-05 6.9711200012534391e-07 0.0013189917663112283 -1.4083498456329835e-07 -1.7688005726768097e-08 44 31.2353515625 0.92609691619873047 0.2777363657951355
SN: 1552143 10 0 C1 3 0 54.115929000000001 -26.586366999999999 0.76058000326156616 0.0010000000474974513 0.75991499423980713 0.0010000000474974513 0.75991499423980713 0.0020251998212188482 0 300 0 0 0.010332182049751282 2 4 106502 -9 -9 0.76059997081756592 0.0010000000474974513 54.115929000000001 -26.586366999999999 0 0 -9.1222267150878906 10.76099967956543 0.027000000700354576 -9999 -9999 0.23000000417232513 0.10899999737739563 -10.553999900817871 0.12954150140285492 1.0260000228881836 -999 -10 -10 -10 -10 -10 -10 -10 -10 4.75 19.219999313354492 51.279998779296875 78.430000305175781 25.808265686035156 24.290616989135742 23.225130081176758 22.7637939453125 57714.29296875 10.382224082946777 7.117342472076416 4.9526615142822266 26.05168342590332 riz 0 57714.15234375 1.1063446998596191 -0.11667542159557343 0.77757918834686279 -0.18386361002922058 0.069082312285900116 23.565553665161133 0.062543421983718872 6.7263349592394661e-06 3.874679919135815e-07 0.01186638418585062 -1.6492101906351309e-07 3.8012251124541763e-09 54 45.577732086181641 0.78575921058654785 0.61411142349243164
SN: 1551083 10 0 C3 3 0 52.208458 -28.025245999999999 0.80373001098632812 0.0010000000474974513 0.80300599336624146 0.0010000000474974513 0.80300593376159668 0.0020628061611205339 0 300 0 0 0.0070662815123796463 1 2 106119 -9 -9 0.80369997024536133 0.0010000000474974513 52.208483000000001 -28.025341000000001 0.34999999403953552 0.45800000429153442 -3.7500050067901611 9.2840003967285156 0.013000000268220901 -9999 -9999 1.2120000123977661 0.38999998569488525 -8.0749998092651367 0.39474168419837952 -0.10499999672174454 -999 24.049999237060547 23.670000076293945 23.159999847412109 22.920000076293945 0.0099999997764825821 0.0099999997764825821 0.0099999997764825821 0.0099999997764825821 5.2300000190734863 7.6100001335144043 12.270000457763672 13.739999771118164 25.703746795654297 25.296539306640625 24.777889251708984 24.655033111572266 57718.26171875 13.130631446838379 9.3655967712402344 8.3698272705078125 35.252235412597656 riz 0 57710.734375 0.72572672367095947 -0.62947005033493042 0.54293835163116455 0.017155291512608528 0.053748354315757751 24.315942764282227 0.047091137617826462 3.3699441246426431e-06 1.4616304611081432e-07 0.0046427571214735508 -5.1052449379085374e-08 -7.480711605722945e-10 46 32.202907562255859 0.93855535984039307 0.21747617423534393
SN: 1433108 10 0 E2 3 0 8.9689219999999992 -44.307228000000002 0.68402999639511108 0.0010000000474974513 0.68282502889633179 0.0010000000474974513 0.68282508850097656 0.0019584891851991415 0 300 0 0 0.0073428195901215076 1 1 100321 -9 -9 0.68400001525878906 0.0010000000474974513 8.9688940000000006 -44.306685000000002 1.9559999704360962 2.380000114440918 -9 11.043999671936035 0.016000000759959221 -9999 -9999 -0.5820000171661377 1.3700000047683716 -11.602999687194824 1.3720513582229614 1.4479999542236328 -999 23.860000610351562 21.979999542236328 20.930000305175781 20.479999542236328 0.019999999552965164 0 0 0 0.52999997138977051 4.4600000381469727 12.609999656677246 13.369999885559082 27.5 25.876663208007812 24.748212814331055 24.684671401977539 57666.046875 9.7165622711181641 7.2270545959472656 6.7867622375488281 27.487445831298828 riz 0 57652.41796875 0.98307275772094727 0.32467803359031677 0.78393316268920898 -0.098375231027603149 0.071686685085296631 23.66865348815918 0.06719672679901123 6.1169976106612012e-06 3.7858387713640695e-07 0.01727902889251709 -2.31143673090628e-07 -7.5833028745364572e-09 59 58.543792724609375 0.49227920174598694 0.3453153669834137
SN: 1375087 10 0 C3 3 0 52.23122 -29.034728999999999 0.63015997409820557 0.0010000000474974513 0.62951797246932983 0.0010000000474974513 0.62951803207397461 0.0019128180574625731 0 300 0 0 0.0065555255860090256 1 2 47580 -9 -9 0.63020002841949463 0.0010000000474974513 52.231217000000001 -29.034784999999999 0.20200000703334808 0.21500000357627869 -5.306114673614502 9.9670000076293945 0.0060000000521540642 -9999 -9999 1.6699999570846558 0 -8.300999641418457 0.048999998718500137 0.41100001335144043 -999 23.600000381469727 22.909999847412109 22.469999313354492 22.110000610351562 0.0099999997764825821 0 0 0 10.159999847412109 19.239999771118164 29.489999771118164 40.380001068115234 24.982765197753906 24.289487838745117 23.825813293457031 23.484584808349609 57637.31640625 23.632749557495117 18.782035827636719 14.513252258300781 69.248542785644531 riz 0 57641.62890625 0.38601791858673096 0.079948753118515015 0.34058329463005066 -0.090258486568927765 0.034162662923336029 23.450176239013672 0.030348876491189003 7.4804770520131569e-06 2.0909689624204475e-07 0.00063177727861329913 -4.9962505244138811e-08 -1.8698400605643428e-09 42 42.651012420654297 0.44298899173736572 0.30203956365585327
SN: 1452059 10 0 X1 3 0 34.452351 -5.6530269999999998 0.56550002098083496 0.0010000000474974513 0.56420499086380005 0.0010000000474974513 0.56420493125915527 0.0018574183341115713 0 300 0 0 0.021269489079713821 1 2 -20671 -9 -9 0.56550002098083496 0.0010000000474974513 34.452156000000002 -5.6525429999999997 1.8789999485015869 2.440000057220459 -1.7739408016204834 10.378999710083008 0.017999999225139618 -9999 -9999 0.5820000171661377 0.49000000953674316 -9.7849998474121094 0.49697989225387573 0.95099997520446777 -999 24.280000686645508 22.930000305175781 22.260000228881836 21.860000610351562 0.029999999329447746 0.0099999997764825821 0.0099999997764825821 0.0099999997764825821 4.4899997711181641 15.829999923706055 29.370000839233398 41.830001831054688 25.869384765625 24.501296997070312 23.830240249633789 23.446281433105469 57671.1015625 10.66224193572998 7.1839513778686523 6.3608684539794922 25.020622253417969 riz 0 57671.9296875 0.65591037273406982 -1.7676067352294922 0.58534824848175049 0.077979244291782379 0.091211006045341492 23.215394973754883 0.089821375906467438 9.2862856035935692e-06 7.6824090911031817e-07 0.0045293555594980717 -2.2430465662637289e-07 -4.1561726504824037e-08 44 63.114910125732422 0.030798206105828285 0.64399009943008423
SN: 1659122 10 0 C1 3 0 54.53492 -27.754090999999999 0.51927000284194946 0.0010000000474974513 0.51871901750564575 0.0010000000474974513 0.51871895790100098 0.0018192266579717398 0 300 0 0 0.0096636582165956497 1 1 115745 -9 -9 0.51929998397827148 0.0010000000474974513 54.535235999999998 -27.753996999999998 1.0640000104904175 1.3899999856948853 -9 9.2709999084472656 0.018999999389052391 -9999 -9999 1.031999945640564 0.61299997568130493 -8.2519998550415039 0.61520159244537354 0.02500000037252903 -999 23.860000610351562 22.979999542236328 22.790000915527344 22.639999389648438 0.0099999997764825821 0.0099999997764825821 0.0099999997764825821 0.0099999997764825821 5.380000114440918 12.319999694824219 14.210000038146973 16.040000915527344 25.673044204711914 24.773473739624023 24.618515014648438 24.486988067626953 57775.1640625 18.036905288696289 13.98673152923584 10.995536804199219 48.711074829101562 riz 0 57766.85546875 0.54003489017486572 0.13460101187229156 0.54104828834533691 0.10463313013315201 0.044047784060239792 22.886846542358398 0.049817740917205811 1.256786345038563e-05 5.7666176189741236e-07 0.0073305484838783741 -2.0109048648464523e-07 -1.7746016212072391e-08 25 23.252334594726562 0.5628313422203064 0.35165110230445862
SN: 1370135 10 0 E2 3 0 8.8800930000000005 -44.296211 0.51723998785018921 0.0010000000474974513 0.51615297794342041 0.0010000000474974513 0.51615297794342041 0.0018170822877436876 0 300 0 0 0.0075022503733634949 2 3 46829 -9 -9 0.51719999313354492 0.0010000000474974513 8.8801260000000006 -44.296171999999999 0.16500000655651093 0.29300001263618469 -3.855243444442749 9.5019998550415039 0.018999999389052391 -9999 -9999 -0.25699999928474426 0.77899998426437378 -9.7849998474121094 0.78977274894714355 0.94199997186660767 -999 25.069999694824219 23.979999542236328 23.450000762939453 23.120000839233398 0.05000000074505806 0.019999999552965164 0.019999999552965164 0.019999999552965164 2.0199999809265137 5.380000114440918 8.1499996185302734 12.229999542236328 26.736621856689453 25.673044204711914 25.22210693359375 24.78143310546875 57627.3671875 16.738775253295898 14.159347534179688 11.163812637329102 41.534595489501953 riz 0 57621.20703125 1.2225868701934814 0.21229855716228485 0.71077537536621094 0.0048367171548306942 0.05029170960187912 23.101053237915039 0.056093160063028336 1.0317598025721963e-05 5.3304540870158235e-07 0.0044831354171037674 -1.3665909648352681e-07 -1.8086764086433504e-08 50 48.730644226074219 0.52438205480575562 0.072579510509967804
SN: 1431163 10 0 S2 3 0 40.820599000000001 -0.062144999999999999 0.36812001466751099 0.0010000000474974513 0.36710500717163086 0.0010000000474974513 0.36710500717163086 0.0016945414245128632 0 300 0 0 0.028303001075983047 1 1 -22251 -9 -9 0.36809998750686646 0.0010000000474974513 40.821049000000002 -0.062293000000000001 1.7039999961853027 1.246999979019165 -9 10.741999626159668 0.026000000536441803 -9999 -9999 0.70300000905990601 7.619999885559082 -10.034999847412109 7.6202363967895508 1.3240000009536743 -999 22.590000152587891 20.940000534057617 20.379999160766602 20 0.0099999997764825821 0 0 0 12.170000076293945 66.919998168945312 105.94999694824219 126.16999816894531 24.786773681640625 22.93610954284668 22.437248229980469 22.247610092163086 57657.3828125 28.875837326049805 21.722169876098633 21.328716278076172 74.268585205078125 griz 0 57659.484375 0.48793709278106689 -0.00030384582350961864 0.32441359758377075 -0.025476047769188881 0.021737229079008102 21.954757690429688 0.026527181267738342 2.9654936952283606e-05 7.2454236033081543e-07 0.0016115353209897876 -1.0686704854379059e-07 -9.2517469241215622e-09 50 50.891464233398438 0.43831068277359009 0.084920212626457214
SN: 1433114 10 0 C3 3 0 51.889476999999999 -28.011202000000001 0.68506002426147461 0.0010000000474974513 0.68437498807907104 0.0010000000474974513 0.68437504768371582 0.0019598230719566345 0 300 0 0 0.0074449633248150349 1 1 100127 -9 -9 0.6851000189781189 0.0010000000474974513 51.889549000000002 -28.011277 0.35400000214576721 0.26499998569488525 -9 11.10200023651123 0.008999999612569809 -9999 -9999 0.91200000047683716 0.45399999618530273 -10.196000099182129 0.4569682776927948 1.4950000047683716 -999 24.290000915527344 22.409999847412109 21.329999923706055 20.780000686645508 0.0099999997764825821 0 0 0 5.0300002098083496 27.290000915527344 72.470001220703125 105.18000030517578 25.74608039855957 23.909990310668945 22.849603652954102 22.445167541503906 57668.12109375 17.350841522216797 14.787294387817383 10.642260551452637 40.102867126464844 riz 0 57663.6328125 0.72508114576339722 0.37439772486686707 0.52833712100982666 0.21451608836650848 0.050882525742053986 24.058027267456055 0.044288951903581619 4.2735550778161269e-06 1.7432529375582817e-07 0.0039123524911701679 -5.4803358295885118e-08 -3.8878020802712854e-09 42 38.156135559082031 0.64040273427963257 0.72586262226104736
SN: 1504096 10 0 X1 3 0 33.627406999999998 -5.0442910000000003 0.50708997249603271 0.0010000000474974513 0.50582098960876465 0.0010000000474974513 0.50582098960876465 0.0018084588227793574 0 300 0 0 0.015838531777262688 1 2 104579 -9 -9 0.50709998607635498 0.0010000000474974513 33.62744 -5.0442799999999997 0.12600000202655792 0.1080000028014183 -5.6913447380065918 11.01099967956543 0.035999998450279236 -9999 -9999 1.0789999961853027 11.079000473022461 -9.9300003051757812 11.079424858093262 1.375 -999 23.299999237060547 21.639999389648438 20.870000839233398 20.440000534057617 0.0099999997764825821 0 0 0 12.779999732971191 62.349998474121094 123.23999786376953 174.80999755859375 24.733673095703125 23.012908935546875 22.273120880126953 21.893585205078125 57686.08203125 11.019804954528809 6.6241016387939453 5.0824565887451172 21.993982315063477 riz 0 57690.20703125 0.97350263595581055 -2.2526237964630127 0.68639898300170898 0.0079907318577170372 0.091563314199447632 23.176458358764648 0.079565286636352539 9.6253497758880258e-06 7.0536816565436311e-07 -0.0010245996527373791 -1.6489295262545056e-07 -3.8089961407195005e-08 47 37.856132507324219 0.82698321342468262 0.75134682655334473
SN: 1530098 10 0 E1 3 0 7.103809 -43.317309999999999 0.54873001575469971 0.0010000000474974513 0.54758197069168091 0.0010000000474974513 0.54758191108703613 0.0018434225348755717 0 300 0 0 0.005685979500412941 2 2 105621 -9 -9 0.54869997501373291 0.0010000000474974513 7.103917 -43.317276 0.31000000238418579 0.40900000929832458 -3.102855920791626 10.263999938964844 0.048000000417232513 -9999 -9999 -0.18500000238418579 5.0190000534057617 -10.513999938964844 5.0215816497802734 1.3949999809265137 -999 24.510000228881836 22.780000686645508 22.100000381469727 21.680000305175781 0.029999999329447746 0.0099999997764825821 0.0099999997764825821 0.0099999997764825821 3.4100000858306885 17.329999923706055 34.779998779296875 50.479999542236328 26.168113708496094 24.403003692626953 23.646677017211914 23.24220085144043 57701.02734375 11.229547500610352 7.4669857025146484 5.425605297088623 28.003332138061523 riz 0 57700.046875 0.97365814447402954 1.6071254014968872 0.75525772571563721 -0.25105291604995728 0.071821138262748718 23.33892822265625 0.072209283709526062 8.2875985754071735e-06 5.5118505315476796e-07 0.0071686077862977982 -3.0528201477864059e-07 -1.6150272230675e-08 43 56.348800659179688 0.083330519497394562 0.99362456798553467
SN: 1389210 10 0 C2 3 0 54.382717 -28.796006999999999 0.54921001195907593 0.0010000000474974513 0.54865401983261108 0.0010000000474974513 0.54865407943725586 0.0018443239387124777 0 300 0 0 0.0089781619608402252 1 1 49111 -9 -9 0.54919999837875366 0.0010000000474974513 54.383146000000004 -28.795809999999999 1.5290000438690186 1.6490000486373901 -9 10.001999855041504 0.010999999940395355 -9999 -9999 1.8990000486373901 0.090999998152256012 -8.1070003509521484 0.094641432166099548 0.22300000488758087 -999 22.559999465942383 21.75 21.450000762939453 21.270000457763672 0 0 0 0 12.069999694824219 29.129999160766602 30.989999771118164 33.360000610351562 24.795732498168945 23.839149475097656 23.771945953369141 23.691934585571289 57644.21875 13.040776252746582 12.440155029296875 12.050643920898438 38.495956420898438 riz 0 57645.65625 0.53901731967926025 -0.80232769250869751 0.52838015556335449 0.010691877454519272 0.054621122777462006 23.136789321899414 0.058107510209083557 9.9835306173190475e-06 5.3430852631208836e-07 0.0092727392911911011 -1.8937757317871728e-07 -2.0633839525885378e-08 50 45.446891784667969 0.65640354156494141 0.26980680227279663
SN: 1559048 10 0 X3 3 0 36.981380999999999 -4.5756309999999996 0.98157000541687012 0.0010000000474974513 0.98000198602676392 0.0010000000474974513 0.98000192642211914 0.0022193784825503826 0 300 0 0 0.023849334567785263 1 3 106840 -9 -9 0.98159998655319214 0.0010000000474974513 36.981482999999997 -4.5756959999999998 0.43500000238418579 0.46500000357627869 -3.3735976219177246 11.229999542236328 0.027000000700354576 -9999 -9999 0.89800000190734863 0.0040000001899898052 -10.366000175476074 0.076105192303657532 0.98900002241134644 -999 25 23.409999847412109 22.340000152587891 21.459999084472656 0.029999999329447746 0.0099999997764825821 0 0 1.7999999523162842 9.8599996566772461 25.969999313354492 58.439998626708984 26.861818313598633 25.015308380126953 23.96381950378418 23.083225250244141 57708.125 11.991233825683594 5.1591744422912598 -99 23.344425201416016 iz 0 57717.28515625 1.1366050243377686 -0.87334132194519043 0.63703954219818115 -0.25847136974334717 0.15588349103927612 24.53765869140625 0.076653651893138885 2.7474911803437863e-06 1.9397458572711912e-07 0.012420567683875561 -6.415237407964014e-08 1.3351233896230497e-08 22 17.004337310791016 0.76312255859375 0.9094240665435791
SN: 1367556 10 1 X1 3 0 34.670208000000002 -4.6711150000000004 0.45234999060630798 0.0010000000474974513 0.45114800333976746 0.0010000000474974513 0.45114803314208984 0.0017631339142099023 0 300 0 0 0.017777375876903534 1 1 47039 -9 -9 0.45230001211166382 0.0010000000474974513 34.670262000000001 -4.6710140000000004 0.41200000047683716 0.69599997997283936 -9 9.2089996337890625 0.050999999046325684 -9999 -9999 0.22300000488758087 1.062000036239624 -8.9799995422363281 1.0724015235900879 0.63400000333786011 -999 24.709999084472656 23.600000381469727 23.290000915527344 22.959999084472656 0.05000000074505806 0.019999999552965164 0.019999999552965164 0.019999999552965164 3.0199999809265137 8.2299995422363281 10.279999732971191 14.170000076293945 26.299982070922852 25.21150016784668 24.970016479492188 24.621574401855469 57633.34765625 27.109701156616211 19.356491088867188 14.986352920532227 74.632347106933594 riz 0 57634.6015625 0.37630611658096313 0.36119234561920166 0.34031897783279419 -0.07836422324180603 0.033430781215429306 22.320882797241211 0.035623308271169662 2.116639370797202e-05 6.9447531814148533e-07 0.0022858702577650547 -1.2921263703447039e-07 -1.6744495567877493e-08 49 51.80181884765625 0.3650849461555481 0.28762534260749817
SN: 1293465 10 0 X2 3 0 36.421776000000001 -6.3166060000000002 0.49919998645782471 0.0010000000474974513 0.49801000952720642 0.0010000000474974513 0.49801003932952881 0.0018019514391198754 0 300 0 0 0.028931589797139168 1 2 35855 -9 -9 0.49919998645782471 0.0010000000474974513 36.421684999999997 -6.316649 0.35899999737739563 0.46799999475479126 -4.1262655258178711 10.689999580383301 0.061000000685453415 -9999 -9999 0.043999999761581421 10.043999671936035 -10.62600040435791 10.044302940368652 1.4359999895095825 -999 23.530000686645508 21.700000762939453 20.930000305175781 20.510000228881836 0.0099999997764825821 0 0 0 8.4600000381469727 39.580001831054688 85.580001831054688 121.63999938964844 25.181573867797852 23.506309509277344 22.669069290161133 22.287309646606445 56904.2265625 7.3772192001342773 5.8169159889221191 5.7503137588500977 17.77342414855957 riz 0 56904.15234375 0.9378393292427063 -2.3158960342407227 0.78400534391403198 0.099989898502826691 0.10843582451343536 23.251165390014648 0.13602019846439362 8.9853283498086967e-06 1.1256749985477654e-06 0.0036476165987551212 -4.0664920675226313e-07 -2.1301064023759864e-08 30 20.516958236694336 0.90238255262374878 0.84084427356719971
SN: 1293758 10 1 E1+E2 3 0 8.4838749999999994 -43.349716000000001 0.14895999431610107 0.0010000000474974513 0.14811800420284271 0.0010000000474974513 0.14811801910400391 0.0015231331344693899 0 300 0 0 0.0072730453684926033 1 1 -5663 -9 -9 0.14900000393390656 0.0010000000474974513 8.4855020000000003 -43.349733999999998 4.2589998245239258 2.0699999332427979 -9 10.807000160217285 0.019999999552965164 -9999 -9999 0.83600002527236938 0.15099999308586121 -9.8859996795654297 0.15595512092113495 0.90700000524520874 -999 19.549999237060547 18.600000381469727 18.040000915527344 18.020000457763672 0 0 0 0 20.829999923706055 46.630001068115234 67.569999694824219 73.120002746582031 24.203277587890625 23.328336715698242 22.925615310668945 22.839908599853516 56916.08984375 226.10383605957031 150.83966064453125 83.8994140625 538.5589599609375 griz 0 56915.8125 0.17401084303855896 -1.2731776237487793 0.083466202020645142 -0.047022305428981781 0.013921499252319336 20.023786544799805 0.017275057733058929 0.0001755841076374054 2.7937041977565968e-06 1.7793390725273639e-05 -6.6471365300913021e-08 -2.5360701982890532e-08 72 54.915668487548828 0.93296629190444946 0.4524121880531311
SN: 1305051 10 0 S1 3 0 42.559826000000001 -0.034187000000000002 0.29980000853538513 0.0010000000474974513 0.29887399077415466 0.0010000000474974513 0.29887402057647705 0.001639916212297976 0 300 0 0 0.053746022284030914 1 1 31674 -9 -9 0.29980000853538513 0.0010000000474974513 42.560155000000002 -0.033989999999999999 1.3819999694824219 0.88300001621246338 -9 10.208999633789062 0.016000000759959221 -9999 -9999 1.309999942779541 0.028999999165534973 -8.8290004730224609 0.051039200276136398 0.50800001621246338 -999 22.239999771118164 21.329999923706055 20.950000762939453 20.610000610351562 0 0 0 0 26.319999694824219 55.5 74.879997253417969 90.959999084472656 23.949285507202148 23.139266967773438 22.814085006713867 22.602874755859375 56960.26171875 35.405170440673828 32.240623474121094 26.212228775024414 85.779273986816406 griz 0 56962.33984375 0.34122323989868164 -1.0059045553207397 0.3121451735496521 0.031931180506944656 0.024793524295091629 21.922616958618164 0.034134566783905029 3.0545903427992016e-05 9.6033568297571037e-07 0.0036143965553492308 -2.2823469691957143e-07 -1.7662488360770112e-08 45 48.535915374755859 0.33240580558776855 0.35178971290588379
SN: 1323777 10 0 C3 3 0 53.455005999999997 -28.234988999999999 0.53347998857498169 0.0010000000474974513 0.53289997577667236 0.0010000000474974513 0.53289997577667236 0.0018310976447537541 0 300 0 0 0.0082506993785500526 1 1 27291 -9 -9 0.53350001573562622 0.0010000000474974513 53.454695999999998 -28.234455000000001 2.1600000858306885 1.1469999551773071 -9 10.852999687194824 0.019999999552965164 -9999 -9999 0.66699999570846558 0.19799999892711639 -10.194999694824219 0.21667486429214478 0.99400001764297485 -999 23.629999160766602 22.129999160766602 21.409999847412109 20.909999847412109 0.0099999997764825821 0 0 0 6.7199997901916504 21.350000381469727 35.299999237060547 46.900001525878906 25.431575775146484 24.176506042480469 23.630563735961914 23.322067260742188 57040.125 21.664674758911133 16.686511993408203 2.2347147464752197 37.277210235595703 riz 0 57040.25 1.2950351238250732 -0.95627307891845703 0.86424493789672852 0.070968292653560638 0.052116837352514267 23.733255386352539 0.055670846253633499 5.7636520978121553e-06 2.9552978730862378e-07 0.0072360103949904442 -8.8809045450943813e-08 -9.6976844332630208e-09 5 6.9107732772827148 0.22736124694347382 0.39694780111312866
SN: 1290394 10 0 E1 3 0 8.2041749999999993 -42.305821000000002 0.57270997762680054 0.0010000000474974513 0.57152897119522095 0.0010000000474974513 0.57152891159057617 0.0018635984743013978 0 300 0 0 0.0096868770197033882 1 1 -6404 -9 -9 0.57270002365112305 0.0010000000474974513 8.2042420000000007 -42.305714000000002 0.42599999904632568 0.40999999642372131 -9 10.793999671936035 0.032999999821186066 -9999 -9999 -2.1429998874664307 1.2610000371932983 -12.89799976348877 1.2610142230987549 1.3350000381469727 -999 23.639999389648438 21.760000228881836 20.860000610351562 20.520000457763672 0.019999999552965164 0 0 0 7.9800000190734863 45.560001373291016 94.470001220703125 136.14999389648438 25.244993209838867 23.353540420532227 22.561765670776367 22.164955139160156 56890.22265625 12.370780944824219 9.8352766036987305 7.8103923797607422 26.341371536254883 riz 0 56885.1484375 1.7831571102142334 -0.9540979266166687 0.92555272579193115 -0.040279727429151535 0.073628440499305725 23.062437057495117 0.063325986266136169 1.0691176612454001e-05 6.2356707530852873e-07 0.00054998445557430387 -1.9210746415865287e-07 -2.3180755093221705e-08 30 21.900558471679688 0.85763674974441528 0.34521305561065674
SN: 1291408 10 0 E2 3 0 9.8667960000000008 -43.877440999999997 0.34817999601364136 0.0010000000474974513 0.34721300005912781 0.0010000000474974513 0.3472130298614502 0.0016785128973424435 0 300 0 0 0.0054132300429046154 1 1 29357 -9 -9 0.3481999933719635 0.0010000000474974513 9.8673330000000004 -43.877473000000002 1.3990000486373901 0.8410000205039978 -9 11.206999778747559 0.10899999737739563 -9999 -9999 0.36899998784065247 0.046999998390674591 -10.968000411987305 0.081024684011936188 1.4249999523162842 -999 21.379999160766602 19.729999542236328 19.090000152587891 18.889999389648438 0 0 0 0 37.090000152587891 135.08000183105469 256.6300048828125 270.95001220703125 23.576858520507812 22.17352294921875 21.476730346679688 21.417778015136719 56887.21484375 51.377655029296875 48.278900146484375 35.415657043457031 94.07098388671875 griz 0 56883.9453125 1.4339234828948975 -1.1676952838897705 0.41556030511856079 -0.12938311696052551 0.031503230333328247 21.63524055480957 0.056020870804786682 3.980191468144767e-05 2.0536645024549216e-06 0.0011606842745095491 -8.485397273716444e-08 -1.4280139737365971e-08 31 44.561614990234375 0.054505355656147003 0.5809485912322998
SN: 1298079 10 0 S1 3 0 43.202987999999998 -0.589503 0.26136100292205811 3.9999998989515007e-05 0.26047900319099426 3.9999998989515007e-05 0.26047897338867188 0.0012619539629667997 0 300 0 0 0.055133245885372162 1 2 31335 -9 -9 0 0 43.203378999999998 -0.58980999999999995 1.7879999876022339 1.1410000324249268 -2.2585887908935547 11.171999931335449 0.018999999389052391 -9999 -9999 1.2009999752044678 0.31299999356269836 -9.9350004196166992 0.32162865996360779 1.3609999418258667 -999 20.569999694824219 19.270000457763672 18.579999923706055 18.309999465942383 0 0 0 0 51.549999237060547 159.67999267578125 224.97000122070312 410.04998779296875 23.219429016113281 21.991874694824219 21.619688034057617 20.967906951904297 56932.2734375 44.242759704589844 37.406917572021484 33.521327972412109 101.18235778808594 griz 0 56932.6953125 0.30568069219589233 -0.17262198030948639 0.23338726162910461 0.050391435623168945 0.019463121891021729 21.517467498779297 0.026124026626348495 4.4362222979543731e-05 1.0674046961867134e-06 0.0004739134747069329 -1.0261860694527059e-07 -1.3559186662348566e-08 36 23.753637313842773 0.94163411855697632 0.17755374312400818
SN: 1315795 10 0 C1 3 0 55.123660999999998 -27.538530000000002 0.37861999869346619 0.0010000000474974513 0.37813198566436768 0.0010000000474974513 0.37813198566436768 0.0017034619813784957 0 300 0 0 0.012447710148990154 1 1 -9149 -9 -9 0.37860000133514404 0.0010000000474974513 55.124215999999997 -27.538907999999999 2.2339999675750732 0.80400002002716064 -9 11.51099967956543 0.125 -9999 -9999 -1.1950000524520874 8.8050003051757812 -12.467000007629395 8.8050441741943359 1.5479999780654907 -999 21.959999084472656 20.100000381469727 19.399999618530273 19.209999084472656 0 0 0 0 13.949999809265137 59.080001831054688 104.26000213623047 124.94999694824219 24.638565063476562 23.071399688720703 22.454706192016602 22.258159637451172 57001.3046875 22.051897048950195 18.669179916381836 15.557990074157715 56.450382232666016 griz 0 57003.328125 0.44264867901802063 -1.1782693862915039 0.36672449111938477 0.20244832336902618 0.03611329197883606 22.570261001586914 0.050450772047042847 1.6822685211081989e-05 7.816976790309127e-07 0.0049087642692029476 -1.835847172060312e-07 -2.062844295380728e-08 49 46.067058563232422 0.59275954961776733 0.78080093860626221
SN: 1309696 10 0 E2 3 0 9.2089180000000006 -43.436115000000001 0.81085997819900513 0.0010000000474974513 0.80954200029373169 0.0010000000474974513 0.80954194068908691 0.0020685291383415461 0 300 0 0 0.0058233854360878468 1 1 30910 -9 -9 0.81089997291564941 0.0010000000474974513 9.2090309999999995 -43.436084000000001 0.31600001454353333 0.51899999380111694 -9 10.743000030517578 0.043000001460313797 -9999 -9999 -2.0260000228881836 7.9739999771118164 -12.880000114440918 7.9756860733032227 1.4839999675750732 -999 25.569999694824219 23.440000534057617 22.149999618530273 21.569999694824219 0.090000003576278687 0.019999999552965164 0.0099999997764825821 0.0099999997764825821 1.3799999952316284 9.25 31.510000228881836 52.080001831054688 27.150302886962891 25.084646224975586 23.753879547119141 23.208322525024414 56973.02734375 7.9568910598754883 6.5372142791748047 6.0575556755065918 22.337984085083008 riz 0 56974.92578125 1.1432793140411377 0.24512785673141479 0.83813846111297607 -0.075996682047843933 0.075892448425292969 23.979650497436523 0.077567383646965027 4.5934584704809822e-06 3.2816677730806987e-07 0.006378877442330122 -1.8834792570032732e-07 4.1459347066563623e-09 42 39.131938934326172 0.59758871793746948 0.26617395877838135
SN: 1324542 10 1 C2 3 0 53.895198999999998 -29.047989000000001 0.54210001230239868 0.0010000000474974513 0.54153597354888916 0.0010000000474974513 0.54153597354888916 0.0018383429851382971 0 300 0 0 0.0076169334352016449 1 3 25097 -9 -9 0.54210001230239868 0.0010000000474974513 53.895403000000002 -29.048022 0.65200001001358032 0.89300000667572021 -2.97458815574646 8.9429998397827148 0.14100000262260437 -9999 -9999 -0.55299997329711914 0.18899999558925629 -9.5659999847412109 0.45510107278823853 0.41899999976158142 -999 25.549999237060547 24.5 24.229999542236328 23.889999389648438 0.079999998211860657 0.039999999105930328 0.039999999105930328 0.039999999105930328 1.1699999570846558 3.1400001049041748 4.4000000953674316 4.4099998474121094 27.329534530639648 26.257675170898438 25.891368865966797 25.888904571533203 57044.17578125 17.574529647827148 13.795296669006348 9.2150840759277344 38.720817565917969 riz 0 57043.703125 0.75250625610351562 0.31189188361167908 0.64484262466430664 -0.00018847797764465213 0.053132258355617523 23.095775604248047 0.046424780040979385 1.0367880349804182e-05 4.4331815729492519e-07 0.0047630509361624718 -1.5552647880667791e-07 -1.2829039164330425e-08 20 25.356689453125 0.18812417984008789 0.10396586358547211
SN: 1317612 10 1 E1 3 0 6.8564080000000001 -42.850411000000001 0.10525000095367432 0.0010000000474974513 0.10442099720239639 0.0010000000474974513 0.10442101955413818 0.0014904274139553308 0 300 0 0 0.0041324691846966743 1 1 29198 -9 -9 0.10530000180006027 0.0010000000474974513 6.8554579999999996 -42.849998999999997 2.9130001068115234 1.5410000085830688 -9 10.717000007629395 0.014000000432133675 -9999 -9999 -10 0 -20.711999893188477 0.24500000476837158 1.6790000200271606 -999 19.879999160766602 18.680000305175781 17.889999389648438 18.010000228881836 0 0 0 0 38.669998168945312 82.180000305175781 117.43000030517578 137.28999328613281 23.531564712524414 22.713085174560547 22.325551986694336 22.155902862548828 57016.10546875 375.793212890625 161.98541259765625 96.082717895507812 616.42120361328125 gri 0 57014.421875 0.2991405725479126 -0.99704885482788086 0.1239067018032074 0.05338422954082489 0.021108731627464294 19.262622833251953 0.026815669611096382 0.00035395743907429278 8.742092177271843e-06 -3.068299702135846e-05 -3.9648918459533888e-07 -1.0631964642016101e-07 13 6.1531205177307129 0.94040209054946899 0.37699010968208313
SN: 1296173 10 0 X3 3 0 35.747959000000002 -4.1773119999999997 0.65898001194000244 0.0010000000474974513 0.65763199329376221 0.0010000000474974513 0.65763199329376221 0.0019368559587746859 0 300 0 0 0.021857418119907379 1 1 38854 -9 -9 0.6589999794960022 0.0010000000474974513 35.747979999999998 -4.1772390000000001 0.2720000147819519 0.3529999852180481 -9 10.376999855041504 0.046999998390674591 -9999 -9999 -1.875 8.125 -12.232000350952148 8.1259927749633789 1.3669999837875366 -999 25.100000381469727 23.360000610351562 22.329999923706055 21.879999160766602 0.039999999105930328 0.0099999997764825821 0.0099999997764825821 0 2.3199999332427979 10.699999809265137 26.620000839233398 39.130001068115234 26.586280822753906 24.926540374755859 23.936979293823242 23.518726348876953 56924.23046875 20.485248565673828 17.634698867797852 -99 42.373805999755859 iz 0 56919.7734375 1.0195598602294922 -1.0075931549072266 0.5263792872428894 0.21406036615371704 0.089708596467971802 23.82859992980957 0.08537069708108902 5.279097877064487e-06 4.1509187553856464e-07 -0.0002199473965447396 -4.4348869465693497e-08 -3.2723892928743226e-08 22 15.886722564697266 0.82146775722503662 0.78862947225570679
SN: 1297532 10 0 C2+C3 3 0 53.222633000000002 -28.768408000000001 0.86532002687454224 0.0010000000474974513 0.86461299657821655 0.0010000000474974513 0.86461305618286133 0.0021169369574636221 0 300 0 0 0.0070936921983957291 2 4 26395 -9 -9 0.86529999971389771 0.0010000000474974513 53.222614 -28.768501000000001 0.34099999070167542 0.47499999403953552 -2.9483833312988281 11.371999740600586 0.017000000923871994 -9999 -9999 0.019999999552965164 10.020000457763672 -11.354000091552734 10.020560264587402 1.5479999780654907 -999 24.989999771118164 22.819999694824219 21.520000457763672 20.780000686645508 0.039999999105930328 0.0099999997764825821 0 0 2.2300000190734863 16.059999465942383 55.369998931884766 100.01999664306641 26.629238128662109 24.485635757446289 23.141813278198242 22.499782562255859 56925.328125 17.384172439575195 11.640748977661133 -99 35.609107971191406 iz 0 56924.81640625 1.090657114982605 0.21537752449512482 0.60621047019958496 0.17961570620536804 0.11408522725105286 24.190162658691406 0.043930530548095703 3.7838597108930117e-06 1.5310070011764765e-07 -0.006548228207975626 -4.5286856931170405e-08 -2.5971609307617882e-09 30 29.925588607788086 0.4694695770740509 0.603007972240448
SN: 1311921 10 0 X3 3 0 36.541004000000001 -4.2548589999999997 1.0460000038146973 0.0010000000474974513 1.0443639755249023 0.0010000000474974513 1.0443639755249023 0.0022770599462091923 0 300 0 0 0.022321764379739761 1 3 -8531 -9 -9 1.0460000038146973 0.0010000000474974513 36.541034000000003 -4.2551300000000003 0.98100000619888306 0.70599997043609619 -3.3424603939056396 11.446000099182129 0.030999999493360519 -9999 -9999 1.4129999876022339 0.7070000171661377 -10.062000274658203 0.71490210294723511 1.3660000562667847 -999 25.139999389648438 23.670000076293945 22.5 21.5 0.039999999105930328 0.0099999997764825821 0.0099999997764825821 0 1.3600000143051147 5.2199997901916504 13.060000419616699 31.239999771118164 27.166152954101562 25.70582389831543 24.710142135620117 23.763221740722656 56980.12890625 7.7795677185058594 6.8775639533996582 -99 18.992090225219727 iz 0 56982.8515625 1.5026631355285645 -2.3520457744598389 0.8747704029083252 -0.034747164696455002 0.18031468987464905 24.531005859375 0.090559646487236023 2.7643804969557095e-06 2.305728799001372e-07 0.031077198684215546 -8.5099784996600647e-08 1.648072434079495e-08 22 16.0068359375 0.81554639339447021 0.79252445697784424
SN: 1320367 10 0 S2 3 0 41.410342999999997 -0.26805600000000002 0.40211999416351318 0.0010000000474974513 0.401093989610672 0.0010000000474974513 0.40109395980834961 0.0017221162561327219 0 300 0 0 0.024957031011581421 1 2 32495 -9 -9 0.40209999680519104 0.0010000000474974513 41.410513000000002 -0.26815299999999997 0.70399999618530273 0.97299998998641968 -2.7539870738983154 9.310999870300293 0.12200000137090683 -9999 -9999 0.460999995470047 0.22300000488758087 -8.6660003662109375 0.2566281259059906 0.50800001621246338 -999 24.280000686645508 23.5 23.100000381469727 22.520000457763672 0.029999999329447746 0.019999999552965164 0.019999999552965164 0.0099999997764825821 4.4699997901916504 9.9300003051757812 13.439999580383301 21.120000839233398 25.874231338500977 25.007627487182617 24.679000854492188 24.188264846801758 57018.046875 18.129253387451172 9.8788671493530273 6.685671329498291 29.458255767822266 riz 0 57018.5859375 0.60528004169464111 -1.611915111541748 0.7109382152557373 -0.07068692147731781 0.078022725880146027 23.113056182861328 0.085041515529155731 1.0204166756011546e-05 7.9925291629479034e-07 0.01134380791336298 -2.4009341359487735e-07 -5.0235506421358878e-08 26 42.114433288574219 0.02389085665345192 0.58669835329055786
SN: 1319870 10 0 C2 3 0 54.921398000000003 -28.315712000000001 0.26811999082565308 0.0010000000474974513 0.26767298579216003 0.0010000000474974513 0.26767301559448242 0.0016152831958606839 0 300 0 0 0.009639393538236618 1 1 23618 -9 -9 0.26809999346733093 0.0010000000474974513 54.921764000000003 -28.315974000000001 1.4950000047683716 1.4019999504089355 -9 10.300999641418457 0.008999999612569809 -9999 -9999 0.70300000905990601 0.24199999868869781 -9.5959997177124023 0.2443767637014389 1.1059999465942383 -999 21.969999313354492 20.879999160766602 20.360000610351562 20.030000686645508 0 0 0 0 24.709999084472656 67.300003051757812 106.31999969482422 141.05999755859375 24.017818450927734 22.929962158203125 22.433462142944336 22.126491546630859 57011.0859375 20.535026550292969 13.123566627502441 6.0982437133789062 31.31700325012207 griz 0 57017.33984375 0.59893912076950073 -1.9635778665542603 0.86624741554260254 -0.11126334220170975 0.049427613615989685 23.003942489624023 0.062600933015346527 1.1282963896519504e-05 6.5054848619183758e-07 0.013024304993450642 -2.8093185733268911e-07 -1.3203617754697916e-08 42 74.40423583984375 0.0015134022105485201 0.75229954719543457
SN: 1320762 10 0 S1 3 0 43.318801999999998 -0.271146 0.51445001363754272 0.0010000000474974513 0.51339298486709595 0.0010000000474974513 0.51339292526245117 0.0018147769151255488 0 300 0 0 0.061879828572273254 2 2 32067 -9 -9 0.51450002193450928 0.0010000000474974513 43.319133000000001 -0.27101500000000001 1.2829999923706055 1.7220000028610229 -1.0294826030731201 9.2349996566772461 0.016000000759959221 -9999 -9999 1.6890000104904175 0.035999998450279236 -7.5370001792907715 0.053814496845006943 0.027000000700354576 -999 23.069999694824219 22.579999923706055 22.209999084472656 21.889999389648438 0.0099999997764825821 0.0099999997764825821 0.0099999997764825821 0.0099999997764825821 10.199999809265137 18.299999237060547 24.829999923706055 30.799999237060547 24.978500366210938 24.3438720703125 24.012557983398438 23.778623580932617 57019.05859375 10.997925758361816 8.2241525650024414 6.9265437126159668 28.987003326416016 riz 0 57022.25390625 0.63113439083099365 -0.8763921856880188 0.75353658199310303 0.078713893890380859 0.074242018163204193 23.052295684814453 0.087411925196647644 1.0791493878059555e-05 8.6881624383750022e-07 0.023470673710107803 -4.6979067747088266e-07 -4.9088630049709536e-08 24 9.3478479385375977 0.99675494432449341 0.39266198873519897
SN: 1321276 10 0 X3 3 0 37.034222 -4.0908730000000002 0.33226999640464783 0.0010000000474974513 0.33121401071548462 0.0010000000474974513 0.33121395111083984 0.0016656818334013224 0 300 0 0 0.021432578563690186 1 1 37607 -9 -9 0.33230000734329224 0.0010000000474974513 37.034292999999998 -4.0910549999999999 0.70399999618530273 0.72100001573562622 -9 9.9739999771118164 0.057000000029802322 -9999 -9999 1.1059999465942383 0.61100000143051147 -8.7460002899169922 0.61258226633071899 0.56499999761581421 -999 22.389999389648438 21.510000228881836 20.930000305175781 20.760000228881836 0 0 0 0 21.889999389648438 52.090000152587891 70.360000610351562 97.349998474121094 24.149385452270508 23.208114624023438 22.881685256958008 22.529159545898438 57025.1171875 52.226638793945312 39.131984710693359 35.526664733886719 134.74565124511719 griz 0 57024.16015625 0.22436948120594025 0.056833084672689438 0.25814706087112427 -0.016548272222280502 0.021689735352993011 21.967510223388672 0.028067167848348618 2.9308648663572967e-05 7.5765251494885888e-07 0.0018319615628570318 -1.0087982360573733e-07 -1.029490892534568e-08 19 35.081043243408203 0.01365621667355299 0.058323360979557037
SN: 1303466 10 0 C2 3 0 54.387118999999998 -29.136845000000001 0.65333002805709839 0.0010000000474974513 0.6527400016784668 0.0010000000474974513 0.6527400016784668 0.0019326652400195599 0 300 0 0 0.0093938261270523071 1 1 24593 -9 -9 0.65329998731613159 0.0010000000474974513 54.387149000000001 -29.136873999999999 0.14300000667572021 0.20900000631809235 -9 9.6549997329711914 0.027000000700354576 -9999 -9999 1.4980000257492065 0.37400001287460327 -8.1339998245239258 0.37483462691307068 0.2669999897480011 -999 23.690000534057617 22.879999160766602 22.430000305175781 22.229999542236328 0.0099999997764825821 0.0099999997764825821 0.0099999997764825821 0.0099999997764825821 7.4000000953674316 16.229999542236328 26.129999160766602 30.440000534057617 25.326921463012695 24.474203109741211 23.957151412963867 23.791387557983398 56956.35546875 7.7639894485473633 7.3433003425598145 4.6543521881103516 19.772491455078125 riz 0 56956.13671875 1.1866474151611328 -0.78865170478820801 0.96459752321243286 -0.073901936411857605 0.086916953325271606 23.927310943603516 0.084477312862873077 4.8203141886915546e-06 3.7505168393181521e-07 0.010636507533490658 -2.4858084657353174e-07 -8.5805078597900319e-09 37 29.638870239257812 0.79987168312072754 0.36026549339294434
SN: 1295800 10 0 C3 3 0 52.383201999999997 -28.782820000000001 0.74923998117446899 0.0010000000474974513 0.74855202436447144 0.0010000000474974513 0.74855208396911621 0.0020153201185166836 0 300 0 0 0.0096353255212306976 1 1 26058 -9 -9 0.74919998645782471 0.0010000000474974513 52.383054999999999 -28.782733 0.55900001525878906 0.81099998950958252 -9 10.125 0.014999999664723873 -9999 -9999 0.56000000238418579 0.28600001335144043 -9.5659999847412109 0.29307335615158081 0.98799997568130493 -999 24.860000610351562 23.899999618530273 23.200000762939453 22.860000610351562 0.019999999552965164 0.0099999997764825821 0.0099999997764825821 0.0099999997764825821 2.2699999809265137 6.2699999809265137 12.189999580383301 16.329999923706055 26.609935760498047 25.506832122802734 24.784990310668945 24.467535018920898 56912.2578125 11.170226097106934 10.047702789306641 6.1906847953796387 25.117216110229492 riz 0 56905.76171875 1.2363111972808838 -0.19954435527324677 0.72799962759017944 0.21948333084583282 0.088607370853424072 24.4239501953125 0.1006811112165451 3.0508460895362077e-06 2.8290719455981161e-07 0.025624729692935944 -1.5549464649211586e-07 -1.403191074444976e-08 32 22.200143814086914 0.90195983648300171 0.73462849855422974
SN: 1326367 10 0 C1 3 0 53.736130000000003 -27.140719000000001 0.55856001377105713 0.0010000000474974513 0.55796700716018677 0.0010000000474974513 0.55796694755554199 0.0018521611345931888 0 300 0 0 0.0085806502029299736 1 1 23370 -9 -9 0.55860000848770142 0.0010000000474974513 53.736694 -27.140878000000001 1.8949999809265137 1.7020000219345093 -9 10.434000015258789 0.017999999225139618 -9999 -9999 0.81199997663497925 0.47900000214576721 -9.6239995956420898 0.48912370204925537 0.81099998950958252 -999 23.430000305175781 22.149999618530273 21.579999923706055 21.290000915527344 0.0099999997764825821 0 0 0 5.070000171661377 18.700000762939453 29.170000076293945 36.590000152587891 25.737480163574219 24.320396423339844 23.83765983581543 23.591594696044922 57054.03515625 15.761002540588379 10.852785110473633 8.5514650344848633 30.177688598632812 riz 0 57053.9609375 1.0451617240905762 -0.11013892292976379 0.86883020401000977 -0.075453005731105804 0.06829959899187088 23.150911331176758 0.062291324138641357 9.854516974883154e-06 5.6537760428909678e-07 0.013008540496230125 -2.3466567711238895e-07 -2.0993521587797659e-08 14 17.112802505493164 0.25021642446517944 0.25417536497116089
SN: 1303118 10 0 X2 3 0 35.289028000000002 -6.4322509999999999 0.58967000246047974 0.0010000000474974513 0.58838099241256714 0.0010000000474974513 0.58838105201721191 0.0018778502708300948 0 300 0 0 0.020360412076115608 1 1 36770 -9 -9 0.58969998359680176 0.0010000000474974513 35.289091999999997 -6.4322559999999998 0.22800000011920929 0.14599999785423279 -9 10.800000190734863 0.029999999329447746 -9999 -9999 1.3459999561309814 1.1069999933242798 -9.4499998092651367 1.1168495416641235 1.0460000038146973 -999 23.719999313354492 22.190000534057617 21.469999313354492 21.079999923706055 0.019999999552965164 0.0099999997764825821 0 0 8.7200002670288086 35.099998474121094 67.989997863769531 95.319999694824219 25.148708343505859 23.63673210144043 22.918888092041016 22.552040100097656 56949.11328125 9.6804294586181641 8.4524307250976562 -99 23.386980056762695 ri 0 56951.56640625 0.96589672565460205 0.77963763475418091 0.81521153450012207 0.061878591775894165 0.11533261835575104 23.365762710571289 0.076900996267795563 8.085276022029575e-06 5.7266743169748224e-07 0.01501524168998003 -3.4539411331024894e-07 -1.7872713087285774e-08 28 34.170307159423828 0.19532209634780884 0.33178487420082092
SN: 1301933 10 1 X3 3 0 36.663719 -4.9707569999999999 0.33065000176429749 0.0010000000474974513 0.32959198951721191 0.0010000000474974513 0.32959198951721191 0.0016643841518089175 0 300 0 0 0.023013077676296234 1 1 38991 -9 -9 0.33070001006126404 0.0010000000474974513 36.663173 -4.9717799999999999 4.1710000038146973 3.3570001125335693 -9 9.7329998016357422 0.0099999997764825821 -9999 -9999 0.61699998378753662 0.1289999932050705 -9.1079998016357422 0.13159407675266266 0.7149999737739563 -999 23.200000762939453 22.229999542236328 21.809999465942383 21.479999542236328 0.0099999997764825821 0 0 0 -0.15000000596046448 0.019999999552965164 0.18000000715255737 0.029999999329447746 27.5 27.5 27.5 27.5 56949.1328125 116.77255249023438 83.079048156738281 79.532844543457031 249.19659423828125 griz 0 56952.875 0.18067871034145355 -0.12148363143205643 0.12887045741081238 -0.13265837728977203 0.014347890391945839 21.583194732666016 0.017727261409163475 4.1756295104278252e-05 6.8177223511156626e-07 0.0002067250752588734 -4.0999736938829301e-08 -5.7441975620520225e-09 41 44.257637023925781 0.33583077788352966 0.44404488801956177
SN: 1297377 10 0 C3 3 0 52.657702999999998 -28.738693000000001 0.61044001579284668 0.0010000000474974513 0.60981398820877075 0.0010000000474974513 0.60981392860412598 0.0018960379529744387 0 300 0 0 0.008697880432009697 1 3 27407 -9 -9 0.61040002107620239 0.0010000000474974513 52.658056000000002 -28.738591 1.1729999780654907 1.3830000162124634 -2.4941871166229248 10.696000099182129 0.012000000104308128 -9999 -9999 0.85900002717971802 0.42699998617172241 -9.8360004425048828 0.43577286601066589 1.1770000457763672 -999 24.020000457763672 22.670000076293945 21.899999618530273 21.350000381469727 0.0099999997764825821 0 0 0 3.4200000762939453 11.850000381469727 24.840000152587891 42.400001525878906 26.164934158325195 24.815704345703125 24.012121200561523 23.431585311889648 56933.16796875 28.701026916503906 27.255954742431641 16.405891418457031 70.974189758300781 riz 0 56929.0078125 0.38952791690826416 -1.5147191286087036 0.30896031856536865 0.081384509801864624 0.044143840670585632 23.512718200683594 0.035272177308797836 7.061756605253322e-06 2.2941441102375393e-07 0.00076770910527557135 -3.7092302562768964e-08 -5.767102795317669e-09 37 20.089805603027344 0.98937344551086426 0.57317030429840088
SN: 1290176 10 0 C3 3 0 52.035580000000003 -28.064798 0.79601997137069702 0.0010000000474974513 0.79529500007629395 0.0010000000474974513 0.79529500007629395 0.0020560608245432377 0 300 0 0 0.0088971406221389771 1 1 26992 -9 -9 0.79600000381469727 0.0010000000474974513 52.035426999999999 -28.064889000000001 0.58700001239776611 0.72000002861022949 -9 10.472000122070312 0.017000000923871994 -9999 -9999 -0.24899999797344208 6.4580001831054688 -10.734000205993652 6.4589366912841797 1.1440000534057617 -999 25.290000915527344 23.719999313354492 22.559999465942383 22.100000381469727 0.029999999329447746 0.0099999997764825821 0 0.0099999997764825821 1.4700000286102295 6.7100000381469727 20.379999160766602 31.729999542236328 27.081707000732422 25.433193206787109 24.22698974609375 23.74632453918457 56903.26171875 13.203619956970215 10.404058456420898 7.0456910133361816 32.959499359130859 riz 0 56897.90625 0.71743261814117432 0.61807805299758911 0.76314163208007812 0.095057204365730286 0.065378680825233459 24.052764892578125 0.082927338778972626 4.2943147491314448e-06 3.2799505333969137e-07 0.014357889071106911 -2.1994257792812277e-07 -6.3930780669352316e-09 30 19.098348617553711 0.93792492151260376 0.37794879078865051
SN: 1319898 10 0 C2+C3 3 0 53.264488 -28.849996999999998 0.72925001382827759 0.0010000000474974513 0.72859698534011841 0.0010000000474974513 0.72859692573547363 0.0019980079960078001 0 300 0 0 0.0065350029617547989 1 1 25674 -9 -9 0.72930002212524414 0.0010000000474974513 53.264493000000002 -28.850092 0.34400001168251038 0.33199998736381531 -9 11.079999923706055 0.0070000002160668373 -9999 -9999 1.2890000343322754 0.14900000393390656 -9.7849998474121094 0.1523975133895874 0.93900001049041748 -999 23.350000381469727 22.290000915527344 21.409999847412109 20.979999542236328 0.0099999997764825821 0 0 0 11.640000343322754 32.599998474121094 69.910003662109375 99.25 24.835117340087891 23.716957092285156 22.888652801513672 22.508172988891602 57025.07421875 15.450929641723633 12.081164360046387 10.472895622253418 46.293220520019531 riz 0 57021.625 0.47199177742004395 -0.89334201812744141 0.3963208794593811 -0.06198524683713913 0.044156730175018311 23.747373580932617 0.040405292063951492 5.6891935855674092e-06 2.1172134267999354e-07 0.0057664196938276291 -5.8256290458302828e-08 -2.9512807753206971e-09 61 55.113132476806641 0.68802124261856079 0.36244186758995056
SN: 1322229 10 1 X3 3 0 35.926357000000003 -4.0188860000000002 0.52736002206802368 0.0010000000474974513 0.52612197399139404 0.0010000000474974513 0.52612197399139404 0.0018254196038469672 0 300 0 0 0.022290507331490517 1 2 38919 -9 -9 0.52740001678466797 0.0010000000474974513 35.926425999999999 -4.0188709999999999 0.25400000810623169 0.36599999666213989 -3.7723038196563721 9.6210002899169922 0.013000000268220901 -9999 -9999 0.043000001460313797 0.030999999493360519 -9.5659999847412109 0.049819674342870712 0.45800000429153442 -999 23.920000076293945 22.950000762939453 22.540000915527344 22.290000915527344 0.0099999997764825821 0 0.0099999997764825821 0.0099999997764825821 6.2399997711181641 14.970000267028809 21.760000228881836 27.090000152587891 25.512039184570312 24.561944961547852 24.155853271484375 23.917978286743164 57032.0625 44.018264770507812 29.907480239868164 24.487579345703125 89.374259948730469 riz 0 57034.546875 0.80296605825424194 1.4585502147674561 0.79718160629272461 0.026136703789234161 0.033519994467496872 22.827737808227539 0.035082109272480011 1.3271028365124948e-05 4.2881103468062065e-07 -0.0035911090672016144 -2.1497399416148255e-07 -6.2337415229762883e-09 12 6.3263945579528809 0.89874309301376343 0.49392774701118469
SN: 1318847 10 0 S1 3 0 43.538131999999997 -0.61169700000000005 0.66106998920440674 0.0010000000474974513 0.65991801023483276 0.0010000000474974513 0.65991806983947754 0.0019388155778869987 0 300 0 0 0.053873144090175629 1 1 32323 -9 -9 0.66109997034072876 0.0010000000474974513 43.538342999999998 -0.61148999999999998 1.062000036239624 1.687000036239624 -9 9.2060003280639648 0.068999998271465302 -9999 -9999 0.97699999809265137 1.0299999713897705 -8.1979999542236328 1.0434504747390747 0.18500000238418579 -999 24.840000152587891 24.059999465942383 23.639999389648438 23.5 0.05000000074505806 0.029999999329447746 0.029999999329447746 0.029999999329447746 1.75 3.8299999237060547 5.619999885559082 6.8299999237060547 26.892404556274414 26.042003631591797 25.625659942626953 25.413948059082031 57005.20703125 11.618288040161133 7.7794008255004883 6.7129907608032227 25.609869003295898 riz 0 57014.38671875 0.9229053258895874 0.82996618747711182 0.81210863590240479 -0.047774564474821091 0.072473391890525818 23.380039215087891 0.069977864623069763 7.9796627687755972e-06 5.143052135281323e-07 0.019474871456623077 -3.0632688208243053e-07 -1.4546301940754347e-08 27 22.18022346496582 0.72816365957260132 0.31921514868736267
SN: 1293006 10 0 X1 3 0 33.761490000000002 -5.3173649999999997 0.50562101602554321 0.00011999999696854502 0.50435799360275269 0.00011999999696854502 0.50435805320739746 0.0015101369936019182 0 300 0 0 0.016439853236079216 1 1 35060 -9 -9 0.5055999755859375 9.9999997473787516e-05 33.761364999999998 -5.3175039999999996 0.67100000381469727 0.4779999852180481 -9 11.180000305175781 0.029999999329447746 -9999 -9999 0.86599999666213989 10.866000175476074 -10.293999671936035 10.866301536560059 1.4630000591278076 -999 22.899999618530273 21.059999465942383 20.280000686645508 19.819999694824219 0.0099999997764825821 0 0 0 13.939999580383301 68.260002136230469 150.16000366210938 184.22000122070312 24.63934326171875 22.914585113525391 22.058614730834961 21.836658477783203 56903.2265625 7.4738354682922363 6.8559393882751465 5.3213610649108887 19.836433410644531 riz 0 56903.30859375 1.3620803356170654 -0.70069026947021484 0.8586658239364624 -0.074765041470527649 0.12254228442907333 22.828647613525391 0.16225917637348175 1.3259926163300406e-05 1.9816459371213568e-06 0.039318468421697617 -1.0843681366168312e-06 -1.9900640779724199e-07 27 18.004728317260742 0.90337514877319336 0.34155654907226562
SN: 1301142 10 0 S2 3 0 40.468139999999998 -1.416064 0.71266001462936401 0.0010000000474974513 0.71138501167297363 0.0010000000474974513 0.71138501167297363 0.0019831156823784113 0 300 0 0 0.025615207850933075 1 1 32998 -9 -9 0.7127000093460083 0.0010000000474974513 40.468004999999998 -1.4160889999999999 0.49500000476837158 0.57899999618530273 -9 9.8229999542236328 0.032000001519918442 -9999 -9999 1.0549999475479126 0.54199999570846558 -8.7530002593994141 0.54992091655731201 0.46799999475479126 -999 24.780000686645508 23.75 23.129999160766602 22.819999694824219 0.039999999105930328 0.019999999552965164 0.019999999552965164 0.019999999552965164 2.6600000858306885 6.9099998474121094 13.319999694824219 17.510000228881836 26.437795639038086 25.401304244995117 24.688739776611328 24.39178466796875 56943.20703125 7.5359559059143066 7.2578887939453125 6.8262853622436523 23.823287963867188 riz 0 56940.16796875 0.8972582221031189 -0.088935315608978271 0.81321698427200317 -0.047105811536312103 0.076768457889556885 23.491657257080078 0.080613531172275543 7.2000784712145105e-06 5.3459001492228708e-07 0.017264433205127716 -3.3503033591841813e-07 -1.3489279915290808e-08 42 48.885566711425781 0.21604254841804504 0.15979333221912384
SN: 1310475 10 0 X2 3 0 35.053260999999999 -6.4725339999999996 0.66510999202728271 0.0010000000474974513 0.66375398635864258 0.0010000000474974513 0.66375398635864258 0.0019421050092205405 0 300 0 0 0.023799408227205276 1 1 36752 -9 -9 0.66509997844696045 0.0010000000474974513 35.053413999999997 -6.4726730000000003 0.74099999666213989 1.1699999570846558 -9 9.1070003509521484 0.048000000417232513 -9999 -9999 0.80500000715255737 0.69800001382827759 -8.300999641418457 0.71840375661849976 0.004999999888241291 -999 24.659999847412109 23.840000152587891 23.5 23.399999618530273 0.039999999105930328 0.019999999552965164 0.019999999552965164 0.029999999329447746 2.8900001049041748 5.190000057220459 7.6500000953674316 8.9200000762939453 26.347755432128906 25.712081909179688 25.29084587097168 25.124088287353516 56992.06640625 13.225486755371094 11.256192207336426 7.3658056259155273 33.386890411376953 riz 0 56985.0078125 0.79454886913299561 -0.017282679677009583 0.62411820888519287 -0.082362100481987 0.052945926785469055 23.299655914306641 0.048367850482463837 8.5928550106473267e-06 3.8279824821074726e-07 0.0050699841231107712 -1.5591760416100442e-07 -3.9621048664173486e-09 44 39.697933197021484 0.65642517805099487 0.27460077404975891
SN: 1302185 10 0 C3 3 0 53.147728000000001 -28.521929 0.73782998323440552 0.0010000000474974513 0.73716598749160767 0.0010000000474974513 0.73716592788696289 0.0020054357592016459 0 300 0 0 0.0072493846528232098 1 1 27180 -9 -9 0.7378000020980835 0.0010000000474974513 53.147875999999997 -28.521965000000002 0.48600000143051147 0.67100000381469727 -9 9.9650001525878906 0.008999999612569809 -9999 -9999 0.39599999785423279 0.02199999988079071 -9.5670003890991211 0.052801515907049179 0.44800001382827759 -999 23.930000305175781 23.159999847412109 22.569999694824219 22.299999237060547 0.0099999997764825821 0 0 0 6.0300002098083496 12.180000305175781 21.020000457763672 26.030000686645508 25.549205780029297 24.785881042480469 24.193418502807617 23.961315155029297 56956.3125 14.530730247497559 11.482661247253418 7.3868389129638672 33.999053955078125 riz 0 56953.859375 0.78031224012374878 -0.2595832347869873 0.53989094495773315 0.10797645151615143 0.067973442375659943 24.342927932739258 0.05432487279176712 3.2872223982849391e-06 1.6447636141947442e-07 0.012535783462226391 -5.831427785096821e-08 -6.1163802911323728e-09 39 38.636741638183594 0.48628899455070496 0.37017631530761719
SN: 1299643 10 1 C1 3 0 55.102634000000002 -26.722079999999998 0.37727001309394836 0.0010000000474974513 0.37677499651908875 0.0010000000474974513 0.37677502632141113 0.0017023629043251276 0 300 0 0 0.0120496591553092 2 3 22950 -9 -9 0.37729999423027039 0.0010000000474974513 55.102701000000003 -26.722182 0.42599999904632568 0.74400001764297485 -2.1265316009521484 9.4060001373291016 0.02500000037252903 -9999 -9999 -0.10899999737739563 0.57599997520446777 -9.5069999694824219 0.5798836350440979 0.84200000762939453 -999 24.290000915527344 23.110000610351562 22.719999313354492 22.409999847412109 0.019999999552965164 0.0099999997764825821 0.0099999997764825821 0.0099999997764825821 4.6500000953674316 15.329999923706055 20.940000534057617 27.209999084472656 25.831367492675781 24.536144256591797 24.19755744934082 23.913179397583008 56943.23046875 39.188156127929688 33.823524475097656 30.697677612304688 101.24754333496094 griz 0 56940.9296875 0.30905026197433472 0.80146771669387817 0.24714216589927673 -0.070526286959648132 0.020998736843466759 21.862852096557617 0.029319392517209053 3.2274474506266415e-05 8.7154501215991331e-07 0.0015712239546701312 -1.255490644780366e-07 -1.1033284508243923e-08 42 48.607093811035156 0.22418463230133057 0.35586300492286682
SN: 1302738 10 0 E2 3 0 10.061045999999999 -44.952156000000002 0.67900002002716064 0.0010000000474974513 0.67782598733901978 0.0010000000474974513 0.677825927734375 0.0019541897345334291 0 300 0 0 0.0074542388319969177 1 1 29908 -9 -9 0.67900002002716064 0.0010000000474974513 10.060976999999999 -44.952314000000001 0.59399998188018799 0.51999998092651367 -9 11.267999649047852 0.067000001668930054 -9999 -9999 -1.2039999961853027 2.5510001182556152 -12.467000007629395 2.5516366958618164 1.5499999523162842 -999 24.090000152587891 22.030000686645508 20.850000381469727 20.399999618530273 0.029999999329447746 0 0 0 4.820000171661377 35.069999694824219 110.22000122070312 165.16999816894531 25.792383193969727 23.637660980224609 22.39434814453125 21.955171585083008 56930.1328125 11.644987106323242 9.1783313751220703 6.8007850646972656 27.602420806884766 riz 0 56926.2734375 1.1860349178314209 -0.23628818988800049 0.7217484712600708 -0.11467771977186203 0.063118204474449158 23.391860961914062 0.054369684308767319 7.893248948676046e-06 3.9526494788333366e-07 0.0029199838172644377 -1.5786928031502612e-07 -1.6030045346671074e-10 39 33.012096405029297 0.73878175020217896 0.39028903841972351
SN: 1303314 10 0 X3 3 0 36.328105999999998 -4.7544269999999997 0.60619997978210449 0.0010000000474974513 0.60491299629211426 0.0010000000474974513 0.60491299629211426 0.0018918729620054364 0 300 0 0 0.023894457146525383 1 2 323909 -9 -9 0.60619997978210449 0.0010000000474974513 36.328170999999998 -4.7539899999999999 1.590999960899353 1.4029999971389771 -2.2194764614105225 10.654000282287598 0.0080000003799796104 -9999 -9999 1.2339999675750732 0.26199999451637268 -9.4130001068115234 0.2626880407333374 0.98100000619888306 -999 23.260000228881836 22.309999465942383 21.440000534057617 21.219999313354492 0.0099999997764825821 0 0 0 4.570000171661377 14.670000076293945 28.569999694824219 38.150001525878906 25.850210189819336 24.583925247192383 23.860223770141602 23.5462646484375 56961.19921875 13.24643611907959 11.164841651916504 9.4970273971557617 33.832645416259766 riz 0 56957.71875 0.61728084087371826 0.72880727052688599 0.62850701808929443 0.22630167007446289 0.066561475396156311 23.994260787963867 0.081706225872039795 4.5320634853851516e-06 3.41056875186041e-07 0.010123602114617825 -1.7800661566980125e-07 -1.2481114808338134e-08 31 40.493850708007812 0.11827675253152847 0.79249286651611328
SN: 1303753 10 0 E1 3 0 8.0856569999999994 -43.381183999999998 0.65363001823425293 0.0010000000474974513 0.65241497755050659 0.0010000000474974513 0.65241503715515137 0.0019323870074003935 0 300 0 0 0.0048897434026002884 1 2 28240 -9 -9 0.65359997749328613 0.0010000000474974513 8.0863680000000002 -43.381678999999998 2.5769999027252197 3.75 -0.63953161239624023 9.6800003051757812 0.035000000149011612 -9999 -9999 1.4609999656677246 1.1189999580383301 -8.1979999542236328 1.1193503141403198 0.32800000905990601 -999 23.819999694824219 22.959999084472656 22.450000762939453 22.309999465942383 0.019999999552965164 0.0099999997764825821 0.0099999997764825821 0.0099999997764825821 0.68999999761581421 0.46000000834465027 1.1699999570846558 0.38999998569488525 27.5 27.5 27.329534530639648 27.5 56961.015625 16.920297622680664 13.497111320495605 10.100344657897949 40.978351593017578 riz 0 56962.52734375 0.65258973836898804 1.4061949253082275 0.63166749477386475 -0.12806868553161621 0.049468785524368286 23.238082885742188 0.060256335884332657 9.0942567112506367e-06 5.0471430768084247e-07 0.011473250575363636 -2.7067460450780345e-07 -1.0880471634777678e-08 40 38.496284484863281 0.53800803422927856 0.63399463891983032
SN: 1300084 10 0 S1 3 0 42.631306000000002 0.60408499999999998 0.6195799708366394 0.0010000000474974513 0.61842602491378784 0.0010000000474974513 0.61842608451843262 0.0019033651333302259 0 300 0 0 0.049009792506694794 1 1 32013 -9 -9 0.61959999799728394 0.0010000000474974513 42.631220999999996 0.60379400000000005 1.0900000333786011 1.3860000371932983 -9 9.9600000381469727 0.037000000476837158 -9999 -9999 -0.039000000804662704 0.15800000727176666 -9.9820003509521484 0.24865236878395081 0.75999999046325684 -999 24.739999771118164 23.590000152587891 22.940000534057617 22.540000915527344 0.05000000074505806 0.019999999552965164 0.0099999997764825821 0.0099999997764825821 2.75 5.570000171661377 11.380000114440918 15.670000076293945 26.401668548583984 25.63536262512207 24.859643936157227 24.512327194213867 56943.22265625 7.946561336517334 7.7419567108154297 7.3679547309875488 23.359857559204102 riz 0 56942.48828125 0.83025264739990234 0.30323809385299683 0.8751370906829834 -0.029832392930984497 0.089868411421775818 23.51207160949707 0.10639593005180359 7.065962563501671e-06 6.9242389599821763e-07 0.036423847079277039 -4.9376035349268932e-07 -3.9361395920423092e-08 37 28.000154495239258 0.85685306787490845 0.14179426431655884
SN: 1315910 10 0 E1 3 0 8.2145200000000003 -43.092964000000002 0.39467999339103699 0.0010000000474974513 0.39364999532699585 0.0010000000474974513 0.39365005493164062 0.0017160574207082391 0 300 0 0 0.0055435914546251297 1 1 28288 -9 -9 0.39469999074935913 0.0010000000474974513 8.2141470000000005 -43.093184000000001 1.2599999904632568 0.93599998950958252 -9 10.876999855041504 0.012000000104308128 -9999 -9999 1.1809999942779541 0.25200000405311584 -9.7060003280639648 0.25547602772712708 0.77100002765655518 -999 21.600000381469727 20.409999847412109 19.950000762939453 19.639999389648438 0 0 0 0 42.669998168945312 101.5 133.1300048828125 205.69999694824219 23.424694061279297 22.483835220336914 22.189310073852539 21.716915130615234 57002.0390625 11.462553024291992 10.128355979919434 8.080230712890625 28.079912185668945 riz 0 57001.02734375 0.67787384986877441 -0.90871340036392212 0.69896209239959717 0.14490647614002228 0.078610457479953766 23.279962539672852 0.091353222727775574 8.7501393863931298e-06 7.3623175467218971e-07 0.01410109456628561 -2.7700272653419233e-07 -4.6047386348391228e-08 27 24.797922134399414 0.58578574657440186 0.57014113664627075
SN: 1297353 10 0 C2 3 0 54.054771000000002 -28.395136000000001 0.54458999633789062 0.0010000000474974513 0.54402297735214233 0.0010000000474974513 0.54402303695678711 0.0018404318252578378 0 300 0 0 0.008914504200220108 1 1 24523 -9 -9 0.54460000991821289 0.0010000000474974513 54.054921999999998 -28.394947999999999 0.82800000905990601 1.2760000228881836 -9 9.6610002517700195 0.046000000089406967 -9999 -9999 0.53299999237060547 0.99299997091293335 -9.130000114440918 1.0097217559814453 0.74599999189376831 -999 24.809999465942383 23.479999542236328 22.969999313354492 22.680000305175781 0.039999999105930328 0.019999999552965164 0.0099999997764825821 0.0099999997764825821 2.8599998950958252 8.9499998092651367 12.760000228881836 16.870000839233398 26.359085083007812 25.120441436767578 24.735372543334961 24.432212829589844 56943.18359375 24.042444229125977 15.835891723632812 15.316771507263184 59.520175933837891 riz 0 56933.703125 0.45658943057060242 1.3427687883377075 0.45000660419464111 0.046039193868637085 0.040350224822759628 22.748207092285156 0.048661999404430389 1.4279633433034178e-05 6.400040319931577e-07 0.0029200336430221796 -2.0680676016127109e-07 -1.5279116638566848e-08 35 25.261129379272461 0.88724696636199951 0.47316768765449524
SN: 1293046 10 0 X3 3 0 37.167392999999997 -4.7320770000000003 0.60863000154495239 0.0010000000474974513 0.60736298561096191 0.0010000000474974513 0.60736298561096191 0.0018939545843750238 0 300 0 0 0.034864813089370728 1 1 37824 -9 -9 0.60860002040863037 0.0010000000474974513 37.167211999999999 -4.7323029999999999 1.0390000343322754 0.79500001668930054 -9 10.951000213623047 0.05299999937415123 -9999 -9999 -10 0 -20.945999145507812 0.20600000023841858 1.6039999723434448 -999 24.920000076293945 23.010000228881836 21.950000762939453 21.420000076293945 0.029999999329447746 0.0099999997764825821 0 0 1.559999942779541 11.460000038146973 24.129999160766602 45.200000762939453 27.017189025878906 24.852039337158203 24.043605804443359 23.362154006958008 56903.359375 13.272336006164551 11.986021041870117 10.61698055267334 32.133686065673828 riz 0 56899.609375 0.77322262525558472 -1.4684993028640747 0.6116899847984314 -0.13451090455055237 0.098616227507591248 23.42901611328125 0.11448373645544052 7.6277046900941059e-06 8.0429128956893692e-07 0.040521219372749329 -4.1947203044401249e-07 -7.1515124488996662e-08 25 28.17596435546875 0.29981651902198792 0.66381126642227173
SN: 1302399 10 0 C3 3 0 52.858009000000003 -27.140433999999999 0.76564997434616089 0.0010000000474974513 0.76495099067687988 0.0010000000474974513 0.76495099067687988 0.0020295835565775633 0 300 0 0 0.0069973818026483059 1 2 27138 -9 -9 0.76560002565383911 0.0010000000474974513 52.858167999999999 -27.140636000000001 0.88899999856948853 0.89300000667572021 -2.8213722705841064 10.807999610900879 0.02199999988079071 -9999 -9999 0.92400002479553223 0.12800000607967377 -9.8859996795654297 0.14494137465953827 1.3190000057220459 -999 25.329999923706055 23.870000839233398 22.760000228881836 21.840000152587891 0.029999999329447746 0.0099999997764825821 0.0099999997764825821 0 1.25 6.2699999809265137 17.659999847412109 42.729999542236328 27.257724761962891 25.506832122802734 24.382522583007812 23.423168182373047 56943.13671875 10.67292308807373 8.2528457641601562 4.5394062995910645 23.63929557800293 riz 0 56950.88671875 1.1376247406005859 -2.0827548503875732 0.02956986241042614 0.27851343154907227 0.14981120824813843 24.577024459838867 0.067310988903045654 2.649658199516125e-06 1.6426744764430623e-07 0.0005069540929980576 -9.7478789484739536e-09 -6.9962782234256338e-09 44 54.806102752685547 0.12735363841056824 1.1592545509338379
SN: 1324509 10 0 C2 3 0 54.563225000000003 -28.812569 0.21105000376701355 0.0010000000474974513 0.2106190025806427 0.0010000000474974513 0.21061897277832031 0.0015708451392129064 0 300 0 0 0.0099980505183339119 1 2 25100 -9 -9 0.21109999716281891 0.0010000000474974513 54.563307000000002 -28.812611 0.29899999499320984 0.26399999856948853 -4.8439931869506836 10.321999549865723 0.010999999940395355 -9999 -9999 0.99000000953674316 0.23100000619888306 -9.3459997177124023 0.23224340379238129 0.9100000262260437 -999 20.75 19.930000305175781 19.450000762939453 19.190000534057617 0 0 0 0 121.36000061035156 266.04000854492188 397.22000122070312 479.57000732421875 22.289810180664062 21.437633514404297 21.002422332763672 20.797870635986328 57044.171875 80.793006896972656 67.853584289550781 42.226161956787109 166.37716674804688 griz 0 57042.48046875 0.24989044666290283 -0.87027597427368164 0.23307442665100098 0.079203508794307709 0.020386384800076485 20.945127487182617 0.025334743782877922 7.5153417128603905e-05 1.7536419818497961e-06 0.0013981402153149247 -1.7817514219586883e-07 -2.5905070089038418e-08 28 39.806533813476562 0.068795390427112579 0.39224421977996826
SN: 1298266 10 0 S2 3 0 41.767643 -1.0585640000000001 0.49037998914718628 0.0010000000474974513 0.48930200934410095 0.0010000000474974513 0.48930203914642334 0.0017947091255337 0 300 0 0 0.029959563165903091 1 2 32873 -9 -9 0.49039998650550842 0.0010000000474974513 41.767735999999999 -1.0586139999999999 0.37799999117851257 0.42300000786781311 -4.0712752342224121 9.9549999237060547 0.023000000044703484 -9999 -9999 0.059000000357627869 0.063000001013278961 -9.8859996795654297 0.094921022653579712 0.69900000095367432 -999 23.989999771118164 22.729999542236328 22.280000686645508 21.959999084472656 0.019999999552965164 0.0099999997764825821 0.0099999997764825821 0.0099999997764825821 5.6399998664855957 20.799999237060547 31.440000534057617 41.299999237060547 25.621801376342773 24.204841613769531 23.756294250488281 23.460124969482422 56927.28515625 8.6407022476196289 8.2899436950683594 8.2804756164550781 25.827554702758789 riz 0 56926.08984375 1.4630129337310791 -0.98805534839630127 0.80559033155441284 0.18941690027713776 0.075932696461677551 23.304105758666992 0.082048013806343079 8.5577084973920137e-06 6.4669757193769328e-07 -0.0073407217860221863 -8.1707405286124413e-08 -3.6173947393081107e-08 34 19.656911849975586 0.97649282217025757 0.71212738752365112
SN: 1322975 10 0 C3 3 0 52.880023999999999 -28.727432 0.8470500111579895 0.0010000000474974513 0.84633898735046387 0.0010000000474974513 0.84633898735046387 0.002100837416946888 0 300 0 0 0.008747749961912632 1 2 -13475 -9 -9 0.84710001945495605 0.0010000000474974513 52.880457999999997 -28.727620999999999 1.5299999713897705 1.4160000085830688 -1.7754590511322021 11.16100025177002 0.02500000037252903 -9999 -9999 0.54699999094009399 6.6420001983642578 -10.585000038146973 6.642481803894043 1.7319999933242798 -999 26.059999465942383 24.069999694824219 22.709999084472656 21.940000534057617 0.059999998658895493 0.0099999997764825821 0 0 0.37999999523162842 3.0699999332427979 10.970000267028809 21.260000228881836 27.5 26.282154083251953 24.899482727050781 24.18109130859375 57032.12109375 13.32316780090332 11.161050796508789 -99 30.034692764282227 iz 0 57032.47265625 1.0702104568481445 -0.16685737669467926 0.7425084114074707 -0.20131376385688782 0.11826613545417786 24.295236587524414 0.053842414170503616 3.4348288409091765e-06 1.7033555366197106e-07 -0.00042773413588292897 -7.2719934962606203e-08 -5.3219970652662596e-09 14 12.150033950805664 0.59425520896911621 0.6733468770980835
SN: 1300441 10 0 E2 3 0 10.266400000000001 -44.180996 0.48590001463890076 0.0010000000474974513 0.48484501242637634 0.0010000000474974513 0.48484504222869873 0.0017910074675455689 0 300 0 0 0.0055403676815330982 1 1 29853 -9 -9 0.48590001463890076 0.0010000000474974513 10.266398000000001 -44.181055999999998 0.21600000560283661 0.3619999885559082 -9 9.2620000839233398 0.018999999389052391 -9999 -9999 1.0870000123977661 0.335999995470047 -8.1350002288818359 0.33638074994087219 0.26600000262260437 -999 23.790000915527344 22.889999389648438 22.559999465942383 22.309999465942383 0.019999999552965164 0.0099999997764825821 0.0099999997764825821 0.0099999997764825821 6.179999828338623 14.680000305175781 19.690000534057617 25.719999313354492 25.522529602050781 24.583185195922852 24.264385223388672 23.974323272705078 56943.01953125 20.354850769042969 18.335432052612305 10.437292098999023 56.810470581054688 riz 0 56942.25390625 0.42565011978149414 0.68946659564971924 0.37134876847267151 0.0058474545367062092 0.040236547589302063 22.669765472412109 0.046154871582984924 1.5349482055171393e-05 6.5250969782937318e-07 0.0023770390544086695 -1.5362842020749667e-07 -1.7905460225620118e-08 31 20.814662933349609 0.91671407222747803 0.23064728081226349
SN: 1309551 10 0 E1 3 0 6.4740010000000003 -42.907004999999998 0.65258997678756714 0.0010000000474974513 0.65134900808334351 0.0010000000474974513 0.65134906768798828 0.0019314744276925921 0 300 0 0 0.0059652631171047688 1 1 28425 -9 -9 0.6525999903678894 0.0010000000474974513 6.4740080000000004 -42.907020000000003 0.059000000357627869 0.1289999932050705 -9 9.1020002365112305 0.15000000596046448 -9999 -9999 0.68900001049041748 3.1630001068115234 -8.3439998626708984 3.1844513416290283 0.49300000071525574 -999 25.860000610351562 24.969999313354492 24.350000381469727 24.079999923706055 0.11999999731779099 0.059999998658895493 0.05000000074505806 0.059999998658895493 1.1599999666213989 2.9200000762939453 4.1100001335144043 4.0399999618530273 27.338855743408203 26.336542129516602 25.965394973754883 25.984046936035156 56973.1171875 10.358162879943848 8.0347871780395508 5.7600717544555664 21.274261474609375 riz 0 56974.80859375 1.5405005216598511 -1.0802550315856934 0.9108622670173645 -0.0012693519238382578 0.088742703199386597 23.844749450683594 0.081680752336978912 5.2011573643540032e-06 3.9128698858803546e-07 0.015404488891363144 -1.9022859021333716e-07 -1.3098258477839408e-08 38 23.755704879760742 0.96561002731323242 0.36010986566543579
SN: 1302648 10 1 E2 3 0 10.002610000000001 -44.054122999999997 0.23259000480175018 0.0010000000474974513 0.23171000182628632 0.0010000000474974513 0.23170995712280273 0.0015871780924499035 0 300 0 0 0.0057163895107805729 1 1 30753 -9 -9 0.23260000348091125 0.0010000000474974513 10.00264 -44.054130999999998 0.082000002264976501 0.087999999523162842 -9 10.104999542236328 0.014000000432133675 -9999 -9999 -0.086000002920627594 0.3059999942779541 -10.421999931335449 0.38643500208854675 1.3480000495910645 -999 22 20.739999771118164 20.219999313354492 19.959999084472656 0.0099999997764825821 0 0 0 33.840000152587891 111.48999786376953 183.66999816894531 232.3800048828125 23.676424026489258 22.38191032409668 21.83990478515625 21.584503173828125 56949.03125 67.751358032226562 63.779365539550781 50.519035339355469 180.20753479003906 griz 0 56948.46484375 0.2930443286895752 -0.47363311052322388 0.17284485697746277 0.13225507736206055 0.01558335218578577 21.230554580688477 0.020921932533383369 5.7780122006079182e-05 1.1134120541100856e-06 0.00048130049253813922 -6.7119643176738464e-08 -1.2469242527402002e-08 35 40.661968231201172 0.23511278629302979 0.46826732158660889
SN: 1292997 10 0 X3 3 0 35.598571999999997 -4.8729199999999997 0.41561999917030334 0.0010000000474974513 0.41446998715400696 0.0010000000474974513 0.41446995735168457 0.0017330307746306062 0 300 0 0 0.020985173061490059 1 2 38112 -9 -9 0.4156000018119812 0.0010000000474974513 35.598253 -4.8730729999999998 1.2690000534057617 0.88200002908706665 -2.9697079658508301 11.006999969482422 0.034000001847743988 -9999 -9999 0.64999997615814209 0.65499997138977051 -10.380999565124512 0.66199773550033569 1.4750000238418579 -999 22.809999465942383 20.989999771118164 20.139999389648438 19.829999923706055 0.0099999997764825821 0 0 0 10.779999732971191 58.020000457763672 88.879997253417969 132.67999267578125 24.918453216552734 23.091056823730469 22.62799072265625 22.192985534667969 56890.3671875 32.607685089111328 31.829395294189453 -99 59.176597595214844 ri 0 56893.203125 1.7195112705230713 -0.33858633041381836 0.68325936794281006 -0.063246771693229675 0.070454783737659454 22.220808029174805 0.074832901358604431 2.3210079234559089e-05 1.5997233049347415e-06 0.0094950934872031212 -6.3369191138917813e-07 -9.1197456697500456e-08 10 7.5325846672058105 0.6743888258934021 0.23913177847862244
SN: 1306059 10 0 X3 3 0 36.378788 -4.7527900000000001 0.60759997367858887 0.0010000000474974513 0.60631299018859863 0.0010000000474974513 0.60631299018859863 0.0018930623773485422 0 300 0 0 0.0227215476334095 1 3 38286 -9 -9 0.60759997367858887 0.0010000000474974513 36.378858999999999 -4.7526780000000004 0.47699999809265137 0.68999999761581421 -2.8873286247253418 9.699000358581543 0.026000000536441803 -9999 -9999 0.17399999499320984 0.054000001400709152 -9.5069999694824219 0.082975901663303375 0.42199999094009399 -999 24.010000228881836 23.239999771118164 22.5 22.489999771118164 0.0099999997764825821 0.0099999997764825821 0.0099999997764825821 0.0099999997764825821 4.5900001525878906 11.100000381469727 17.819999694824219 20.520000457763672 25.845468521118164 24.886692047119141 24.372730255126953 24.21955680847168 56966.1484375 22.097715377807617 18.631978988647461 14.887494087219238 52.292350769042969 riz 0 56963.81640625 0.52834963798522949 -0.2862832248210907 0.36197096109390259 0.016466030851006508 0.044484682381153107 23.559625625610352 0.053664635866880417 6.7631617639563046e-06 3.3428250389988534e-07 0.0061716251075267792 -9.2002046869765763e-08 -9.3562668723734532e-09 33 26.19908332824707 0.79362338781356812 0.11008638143539429
SN: 1308589 10 0 C3 3 0 52.369987999999999 -28.462506999999999 0.68642997741699219 0.0010000000474974513 0.68576300144195557 0.0010000000474974513 0.68576300144195557 0.0019610177259892225 0 300 0 0 0.0075000794604420662 1 2 26161 -9 -9 0.68639999628067017 0.0010000000474974513 52.369990999999999 -28.462612 0.37799999117851257 0.43700000643730164 -4.0233588218688965 9.1750001907348633 0.019999999552965164 -9999 -9999 0.86699998378753662 0.56300002336502075 -8.300999641418457 0.57462507486343384 -0.11400000005960464 -999 24.319999694824219 23.709999084472656 23.360000610351562 23.280000686645508 0.0099999997764825821 0.0099999997764825821 0.0099999997764825821 0.019999999552965164 4.2699999809265137 7.6500000953674316 10.710000038146973 11.859999656677246 25.923931121826172 25.29084587097168 24.925525665283203 24.814788818359375 56990.25 51.571861267089844 33.822921752929688 26.586380004882812 94.973785400390625 riz 0 56982.99609375 0.44638511538505554 0.48803150653839111 0.30419522523880005 0.055840209126472473 0.027831349521875381 23.302717208862305 0.027613410726189613 8.568657904106658e-06 2.1792574500523187e-07 0.0014836976770311594 -4.1973009956564056e-08 -2.7247393230567241e-09 38 44.733810424804688 0.20997737348079681 0.24720384180545807
SN: 1303658 10 0 E1 3 0 8.5248889999999999 -42.873451000000003 0.66912001371383667 0.0010000000474974513 0.66788399219512939 0.0010000000474974513 0.66788399219512939 0.0019456490408629179 0 300 0 0 0.007137887179851532 1 2 28805 -9 -9 0.66909998655319214 0.0010000000474974513 8.5247519999999994 -42.873412999999999 0.38499999046325684 0.42100000381469727 -3.6291797161102295 11.086999893188477 0.061999998986721039 -9999 -9999 -0.63400000333786011 9.3660001754760742 -11.670999526977539 9.3667945861816406 1.3300000429153442 -999 23.829999923706055 22.110000610351562 21.059999465942383 20.639999389648438 0.019999999552965164 0.0099999997764825821 0 0 6.7199997901916504 33.569999694824219 85.410003662109375 124.05000305175781 25.431575775146484 23.685121536254883 22.671228408813477 22.266008377075195 56953.0390625 10.298426628112793 8.7059469223022461 7.0561141967773438 29.609395980834961 riz 0 56956.234375 1.0199189186096191 -0.23532350361347198 0.66052484512329102 -0.089042738080024719 0.061164669692516327 23.312044143676758 0.060106482356786728 8.4953671830589883e-06 4.7030451355567493e-07 0.0091531528159976006 -2.2055131410070317e-07 -7.4523249793401192e-09 39 36.734798431396484 0.57365161180496216 0.30699944496154785
SN: 1297026 10 1 X3 3 0 35.820991999999997 -5.1821479999999998 0.2595599889755249 0.0010000000474974513 0.25854301452636719 0.0010000000474974513 0.25854301452636719 0.0016081182984635234 0 300 0 0 0.020979981869459152 1 4 38652 -9 -9 0.25960001349449158 0.0010000000474974513 35.821058999999998 -5.1821039999999998 0.28600001335144043 0.23000000417232513 -4.6235165596008301 10.869000434875488 0.016000000759959221 -9999 -9999 0.59799998998641968 0.164000004529953 -10.253000259399414 0.18659314513206482 1.5420000553131104 -999 21.850000381469727 20.379999160766602 19.620000839233398 19.229999542236328 0 0 0 0 44.400001525878906 164.6300048828125 264.489990234375 344 23.381542205810547 21.95872688293457 21.443977355957031 21.158603668212891 56931.17578125 106.91120910644531 106.34831237792969 37.789623260498047 217.5999755859375 griz 0 56928.921875 0.25693011283874512 -0.63167434930801392 0.14381267130374908 -0.012293615378439426 0.017798049375414848 21.260061264038086 0.021613506600260735 5.6230910558952019e-05 1.1193760656169616e-06 0.00039940091664902866 -6.3208695166849793e-08 -1.3477402305284159e-08 35 19.602582931518555 0.98335278034210205 0.21450868248939514
SN: 1305276 10 0 X1 3 0 34.147736000000002 -5.2711040000000002 0.25389999151229858 0.0010000000474974513 0.25285500288009644 0.0010000000474974513 0.25285506248474121 0.001603664830327034 0 300 0 0 0.017571780830621719 1 1 34512 -9 -9 0.25389999151229858 0.0010000000474974513 34.147984999999998 -5.2710970000000001 0.89200001955032349 0.82400000095367432 -9 10.203000068664551 0.010999999940395355 -9999 -9999 0.69800001382827759 0.36500000953674316 -9.5069999694824219 0.36752414703369141 1.0379999876022339 -999 21.770000457763672 20.790000915527344 20.270000457763672 20.010000228881836 0 0 0 0 50.099998474121094 120.58999633789062 192.99000549316406 224.58999633789062 23.250406265258789 22.296722412109375 21.786163330078125 21.621524810791016 56960.203125 27.486452102661133 25.042617797851562 22.70832633972168 60.059650421142578 griz 0 56965.8984375 0.41128253936767578 -1.1185317039489746 0.43431377410888672 0.1416899710893631 0.032510749995708466 21.913070678710938 0.047215037047863007 3.0815652280580252e-05 1.3400697298493469e-06 0.0029974039644002914 -2.7198873908673704e-07 -2.1275704753520586e-08 17 25.637666702270508 0.081319719552993774 0.60173064470291138
SN: 1318689 10 0 C2 3 0 53.997543 -29.956009000000002 0.49391999840736389 0.0010000000474974513 0.49338498711585999 0.0010000000474974513 0.4933849573135376 0.0017981033306568861 0 300 0 0 0.013445612043142319 1 2 24844 -9 -9 0.49390000104904175 0.0010000000474974513 53.997478999999998 -29.956130999999999 0.4830000102519989 0.97299998998641968 -3.1400010585784912 8.7430000305175781 0.061999998986721039 -9999 -9999 -0.12399999797344208 0.42100000381469727 -8.8950004577636719 0.49534028768539429 0.1289999932050705 -999 25.049999237060547 24.059999465942383 23.829999923706055 23.659999847412109 0.05000000074505806 0.029999999329447746 0.029999999329447746 0.039999999105930328 2.1400001049041748 5.369999885559082 5.9800000190734863 7.6599998474121094 26.673965454101562 25.675064086914062 25.558246612548828 25.2894287109375 57011.0859375 32.796772003173828 16.795583724975586 12.249732971191406 50.454929351806641 riz 0 57014.40234375 0.70948517322540283 0.62171000242233276 0.5268598198890686 -0.033429287374019623 0.046248540282249451 22.78495979309082 0.047863628715276718 1.3804358786728699e-05 6.0855177252960857e-07 0.0043732537887990475 -1.7013287845202285e-07 -1.9388926020269537e-08 34 38.752403259277344 0.26385101675987244 0.23529532551765442
SN: 1304991 10 0 S1 3 0 42.527180000000001 -0.84879599999999999 0.65983998775482178 0.0010000000474974513 0.65866100788116455 0.0010000000474974513 0.65866100788116455 0.0019377379212528467 0 300 0 0 0.053681287914514542 1 2 32055 -9 -9 0.65979999303817749 0.0010000000474974513 42.527279 -0.848549 0.95800000429153442 1.2680000066757202 -2.7060666084289551 9.3030004501342773 0.041999999433755875 -9999 -9999 1.0199999809265137 0.79600000381469727 -8.2530002593994141 0.8080451488494873 0.05299999937415123 -999 24.809999465942383 23.909999847412109 23.409999847412109 23.209999084472656 0.05000000074505806 0.029999999329447746 0.019999999552965164 0.019999999552965164 1.8999999761581421 5.3600001335144043 7.8000001907348633 9.1400003433227539 26.803115844726562 25.677087783813477 25.269763946533203 25.097635269165039 56973.13671875 13.733502388000488 11.728069305419922 8.981114387512207 27.86689567565918 riz 0 56958.08984375 1.1734271049499512 0.21774859726428986 0.69483256340026855 -0.044660806655883789 0.0665101557970047 23.372751235961914 0.062033526599407196 8.0333957157563418e-06 4.5898798362031812e-07 0.0060697463341057301 -1.9425908703851746e-07 -1.0852041043563077e-08 34 45.588199615478516 0.088466458022594452 0.16562111675739288
SN: 1297742 10 0 E1 3 0 8.6097409999999996 -43.095084999999997 0.4636400043964386 0.0010000000474974513 0.46256199479103088 0.0010000000474974513 0.4625619649887085 0.0017725526122376323 0 300 0 0 0.0067964191548526287 1 2 28501 -9 -9 0.46360000967979431 0.0010000000474974513 8.6094650000000001 -43.095177 0.79799997806549072 0.68500000238418579 -3.6474716663360596 10.871999740600586 0.046999998390674591 -9999 -9999 1.0670000314712524 0.99599999189376831 -9.7910003662109375 0.99845683574676514 1.1720000505447388 -999 22.879999160766602 21.350000381469727 20.690000534057617 20.319999694824219 0.0099999997764825821 0 0 0 15.430000305175781 60.770000457763672 103.98000335693359 152.38999938964844 24.529085159301758 23.040777206420898 22.457626342773438 22.042608261108398 56943.01171875 21.006561279296875 15.440139770507812 9.8337764739990234 57.265888214111328 riz 0 56937.87109375 0.4295465350151062 1.0903245210647583 0.41945058107376099 -0.024639558047056198 0.040286146104335785 22.309291839599609 0.049556393176317215 2.1393565475591458e-05 9.7646920949046034e-07 0.0027503685560077429 -2.8438094545890635e-07 -2.5425652694366363e-08 38 25.706567764282227 0.93582832813262939 0.37260615825653076
SN: 1289982 10 0 C3 3 0 53.069808999999999 -27.550407 0.11665000021457672 0.0010000000474974513 0.11621499806642532 0.0010000000474974513 0.11621499061584473 0.0014991994248703122 0 300 0 0 0.0083115203306078911 1 1 27219 -9 -9 0.11670000106096268 0.0010000000474974513 53.069941999999998 -27.550136999999999 1.059999942779541 0.8970000147819519 -9 8.2180004119873047 0.013000000268220901 -9999 -9999 0.11400000005960464 0.28999999165534973 -8.1059999465942383 0.30083218216896057 0.035999998450279236 -999 22.639999389648438 22.350000381469727 22.110000610351562 22.030000686645508 0 0 0 0.0099999997764825821 17.579999923706055 26.700000762939453 32.029998779296875 32.119998931884766 24.387453079223633 23.933721542358398 23.736106872558594 23.733060836791992 56888.28125 33.253742218017578 25.303613662719727 21.24836540222168 67.302391052246094 gri 0 56895.10546875 0.26697778701782227 0.39980372786521912 0.30493614077568054 0.15179768204689026 0.03569546714425087 22.552343368530273 0.063304536044597626 1.7102631318266504e-05 9.9717976809188258e-07 0.0028335340321063995 -1.8762004572181468e-07 -2.5695646499457325e-08 17 34.749114990234375 0.0067104273475706577 0.52324801683425903
SN: 1310432 10 0 X2 3 0 36.299636999999997 -6.3595069999999998 0.29574000835418701 0.0010000000474974513 0.29470899701118469 0.0010000000474974513 0.2947089672088623 0.0016366150230169296 0 300 0 0 0.029885083436965942 1 2 35661 -9 -9 0.29570001363754272 0.0010000000474974513 36.299621999999999 -6.3596269999999997 0.43500000238418579 0.33500000834465027 -4.6765346527099609 10.324999809265137 0.010999999940395355 -9999 -9999 0.53899997472763062 0.019999999552965164 -9.7589998245239258 0.025612497702240944 1.2439999580383301 -999 22.879999160766602 21.600000381469727 21.030000686645508 20.649999618530273 0.0099999997764825821 0 0 0 17.159999847412109 52.900001525878906 94.110000610351562 124.33000183105469 24.413707733154297 23.191360473632812 22.565910339355469 22.263561248779297 56987.07421875 36.498310089111328 35.957386016845703 31.020772933959961 99.34161376953125 griz 0 56988.46875 0.22917643189430237 -0.35225909948348999 0.22229769825935364 0.094059161841869354 0.020953632891178131 21.803768157958984 0.027479272335767746 3.4079464967362583e-05 8.6252896380756283e-07 0.0011690878309309483 -9.6131699933721393e-08 -1.2830527751361842e-08 52 33.711959838867188 0.97689950466156006 0.33479663729667664
SN: 1290191 10 0 C3 3 0 52.973289999999999 -28.748176999999998 0.59566998481750488 0.0010000000474974513 0.59505802392959595 0.0010000000474974513 0.59505796432495117 0.0018835088703781366 0 300 0 0 0.008159145712852478 1 2 25396 -9 -9 0.59570002555847168 0.0010000000474974513 52.973438999999999 -28.748031999999998 0.70300000905990601 1.0499999523162842 -2.6435611248016357 9.2770004272460938 0.032000001519918442 -9999 -9999 -0.25299999117851257 0.083999998867511749 -9.5380001068115234 0.17017637193202972 0.42899999022483826 -999 24.940000534057617 24.030000686645508 23.629999160766602 23.299999237060547 0.019999999552965164 0.0099999997764825821 0.0099999997764825821 0.019999999552965164 1.9800000190734863 5.190000057220459 7.309999942779541 7.690000057220459 26.758337020874023 25.712081909179688 25.340206146240234 25.285184860229492 56885.37109375 42.999282836914062 38.567771911621094 18.813863754272461 67.709236145019531 riz 0 56888.9453125 1.8582632541656494 -0.35841614007949829 0.69941949844360352 -0.053274556994438171 0.061222240328788757 22.947538375854492 0.049572300165891647 1.1884608284162823e-05 5.4262477533484343e-07 0.18890303373336792 -1.6142485037562437e-06 -1.0000002248489182e-07 11 5.8018908500671387 0.8862500786781311 0.21403010189533234
SN: 1309492 10 1 C3 3 0 53.300849999999997 -28.024871999999998 0.33403000235557556 0.0010000000474974513 0.33351999521255493 0.0010000000474974513 0.33351993560791016 0.0016675278311595321 0 300 0 0 0.005780411884188652 1 2 26129 -9 -9 0.33399999141693115 0.0010000000474974513 53.300852999999996 -28.024961999999999 0.32300001382827759 0.31700000166893005 -4.8089132308959961 9.3290004730224609 0.014999999664723873 -9999 -9999 -0.30199998617172241 0.210999995470047 -9.6239995956420898 0.25888413190841675 0.59899997711181641 -999 23.719999313354492 22.790000915527344 22.469999313354492 22.069999694824219 0.0099999997764825821 0 0 0.0099999997764825821 6.869999885559082 16.629999160766602 23.329999923706055 31.149999618530273 25.407608032226562 24.447769165039062 24.08021354675293 23.766355514526367 56990.21875 130.65829467773438 126.10798645019531 116.35787963867188 377.26318359375 griz 0 56993.125 0.1716001033782959 0.25910285115242004 0.11893560737371445 -0.07015693187713623 0.013098148629069328 21.532503128051758 0.017410088330507278 4.3752090277848765e-05 7.015771643636981e-07 0.00021953962277621031 -4.3679079908542917e-08 -5.7101829931127668e-09 41 24.743629455566406 0.97896003723144531 0.24929538369178772
SN: 1290593 10 0 C3 3 0 52.669547999999999 -27.690344 0.67593997716903687 0.0010000000474974513 0.6752769947052002 0.0010000000474974513 0.6752769947052002 0.0019519986817613244 0 300 0 0 0.0073891514912247658 1 1 26626 -9 -9 0.67589998245239258 0.0010000000474974513 52.6693 -27.690290000000001 0.81400001049041748 0.92100000381469727 -9 11.067000389099121 0.037999998778104782 -9999 -9999 -1.8660000562667847 8.1339998245239258 -12.89799976348877 8.1340017318725586 1.5219999551773071 -999 23.950000762939453 22.059999465942383 20.899999618530273 20.280000686645508 0.0099999997764825821 0 0 0 4.4200000762939453 26.149999618530273 67.199996948242188 105.18000030517578 25.886444091796875 23.956321716308594 22.931575775146484 22.445167541503906 56903.26171875 13.43275260925293 12.101792335510254 10.114502906799316 30.850776672363281 riz 0 56894.5 1.0042015314102173 0.15342061221599579 0.93243777751922607 0.067175231873989105 0.066434741020202637 23.831300735473633 0.093336053192615509 5.2659893299278338e-06 4.5269436554917775e-07 0.018676387146115303 -3.6197312169861107e-07 -1.3328834924664079e-08 28 30.249172210693359 0.35140669345855713 0.22968311607837677
SN: 1305350 10 0 X2 3 0 35.931987999999997 -7.1774849999999999 0.49382001161575317 0.0010000000474974513 0.49262800812721252 0.0010000000474974513 0.49262797832489014 0.001797473756596446 0 300 0 0 0.023752657696604729 1 2 35935 -9 -9 0.49380001425743103 0.0010000000474974513 35.932043999999998 -7.1775370000000001 0.27399998903274536 0.35699999332427979 -4.3602495193481445 9.5129995346069336 0.017000000923871994 -9999 -9999 1.3589999675750732 0.041000001132488251 -8.1379995346069336 0.06014150008559227 0.18400000035762787 -999 23.030000686645508 22.120000839233398 21.799999237060547 21.579999923706055 0.0099999997764825821 0.0099999997764825821 0 0.0099999997764825821 15.319999694824219 31.059999465942383 42.099998474121094 52.069999694824219 24.536853790283203 23.769496917724609 23.439294815063477 23.208530426025391 56956.2109375 9.1867027282714844 8.8171625137329102 6.8588156700134277 24.343841552734375 riz 0 56961.58203125 0.98844510316848755 0.9215017557144165 0.8411099910736084 0.2885526716709137 0.079308003187179565 23.472509384155273 0.089544624090194702 7.3281871664221399e-06 6.043823077561683e-07 0.0070051942020654678 -2.7415393333285465e-07 -3.2656444659551198e-08 41 25.318380355834961 0.97405481338500977 1.0096989870071411
SN: 1294948 10 29 C2 3 0 55.089550000000003 -29.048573999999999 0.30291000008583069 0.0010000000474974513 0.30246001482009888 0.0010000000474974513 0.3024599552154541 0.00164276163559407 0 300 0 0 0.012110772542655468 1 2 23978 -9 -9 0.30289998650550842 0.0010000000474974513 55.089334999999998 -29.048210000000001 1.4739999771118164 1.5429999828338623 -2.005631685256958 9.6260004043579102 0.013000000268220901 -9999 -9999 0.66299998760223389 0.024000000208616257 -8.9560003280639648 0.044102154672145844 0.5899999737739563 -999 22.770000457763672 21.959999084472656 21.610000610351562 21.329999923706055 0.0099999997764825821 0 0 0 8.7899999618530273 17.819999694824219 26.239999771118164 33.669998168945312 25.14002799987793 24.372730255126953 23.952590942382812 23.681892395019531 56920.29296875 71.095962524414062 61.008270263671875 48.356334686279297 146.98558044433594 griz 0 56920.7734375 0.24449431896209717 -0.84667527675628662 0.18127578496932983 0.14407345652580261 0.019511552527546883 21.659889221191406 0.023178480565547943 3.8908492570044473e-05 8.3062514022458345e-07 0.00040943967178463936 -5.3438910185832356e-08 -1.2404312244029825e-08 32 55.191238403320312 0.0066240956075489521 0.55703330039978027
SN: 1302572 10 0 E1 3 0 8.4258380000000006 -42.896225000000001 0.58858001232147217 0.0010000000474974513 0.58740299940109253 0.0010000000474974513 0.5874030590057373 0.001877022092230618 0 300 0 0 0.0062014507129788399 1 2 28766 -9 -9 0.58859997987747192 0.0010000000474974513 8.4259740000000001 -42.895853000000002 1.3880000114440918 1.2510000467300415 -1.8118655681610107 11.008000373840332 0.024000000208616257 -9999 -9999 -0.60399997234344482 0.47499999403953552 -11.602999687194824 0.47703355550765991 1.3049999475479126 -999 23.139999389648438 21.319999694824219 20.469999313354492 20.170000076293945 0.0099999997764825821 0 0 0 6.0900001525878906 31.700000762939453 59.830001831054688 77.94000244140625 25.538455963134766 23.747352600097656 23.057703018188477 22.770599365234375 56961.01171875 14.727370262145996 11.804707527160645 8.2568387985229492 39.019515991210938 riz 0 56952.67578125 0.74124354124069214 0.64290416240692139 0.47960919141769409 -0.11608012020587921 0.050848986953496933 22.999013900756836 0.045171987265348434 1.1334284863551147e-05 4.7156223104138917e-07 0.0034286973532289267 -1.4001906833982503e-07 -9.8526768965712108e-09 37 28.181116104125977 0.85106062889099121 0.44231528043746948
SN: 1304506 10 0 C3 3 0 53.164428999999998 -28.657108000000001 0.75488001108169556 0.0010000000474974513 0.75421202182769775 0.0010000000474974513 0.75421202182769775 0.0020202393643558025 0 300 0 0 0.0082358289510011673 1 2 27261 -9 -9 0.75489997863769531 0.0010000000474974513 53.164501999999999 -28.657007 0.4309999942779541 0.58499997854232788 -3.2988662719726562 10.449000358581543 0.097000002861022949 -9999 -9999 0.23899999260902405 0.6470000147819519 -10.196999549865723 0.65611737966537476 1.0829999446868896 -999 24.780000686645508 23.280000686645508 22.180000305175781 21.649999618530273 0.019999999552965164 0.0099999997764825821 0 0 2.5499999523162842 11.5 31.159999847412109 50.009998321533203 26.483650207519531 24.848255157470703 23.766006469726562 23.252357482910156 56966.12890625 18.903606414794922 16.912382125854492 12.478289604187012 48.645420074462891 riz 0 56967.9296875 0.48926916718482971 -0.2975933849811554 0.45061695575714111 -0.10062137246131897 0.043626584112644196 23.898715972900391 0.045408569276332855 4.9489572120364755e-06 2.0697943625691551e-07 0.0073583107441663742 -7.2391046046504925e-08 -2.9214064500848735e-09 41 29.650012969970703 0.90603733062744141 0.34976625442504883
SN: 1309293 10 0 C2 3 0 53.945625 -28.484200000000001 0.33520999550819397 0.0010000000474974513 0.33471798896789551 0.0010000000474974513 0.33471798896789551 0.0016684873262420297 0 300 0 0 0.0091608334332704544 1 1 23972 -9 -9 0.33520001173019409 0.0010000000474974513 53.945695000000001 -28.484144000000001 0.30000001192092896 0.45300000905990601 -9 9.2349996566772461 0.02199999988079071 -9999 -9999 -0.014999999664723873 0.48199999332427979 -9.2349996566772461 0.48409605026245117 0.84299999475479126 -999 24.149999618530273 23.139999389648438 22.829999923706055 22.520000457763672 0.019999999552965164 0.0099999997764825821 0.0099999997764825821 0.0099999997764825821 4.9800000190734863 12.739999771118164 17.510000228881836 20.129999160766602 25.756927490234375 24.737075805664062 24.39178466796875 24.240390777587891 56987.3046875 38.485385894775391 37.579631805419922 26.154098510742188 97.596412658691406 griz 0 56986.83203125 0.27528941631317139 0.15504702925682068 0.21304430067539215 0.076995775103569031 0.018933681771159172 22.095586776733398 0.024306809529662132 2.6047446226584725e-05 5.8313457884651143e-07 0.00087207206524908543 -6.4334983562730486e-08 -6.9874075414588788e-09 43 38.72772216796875 0.65701162815093994 0.26180452108383179
SN: 1304442 10 1 C3 3 0 52.163063000000001 -28.108288000000002 0.21760000288486481 0.0010000000474974513 0.2171110063791275 0.0010000000474974513 0.21711099147796631 0.0015758604276925325 0 300 0 0 0.0071005257777869701 1 2 27359 -9 -9 0.21760000288486481 0.0010000000474974513 52.163170999999998 -28.108172 0.54100000858306885 0.50400000810623169 -4.0454540252685547 9.2740001678466797 0.0020000000949949026 -9999 -9999 1.0420000553131104 0.071999996900558472 -8.1979999542236328 0.071999996900558472 0.33000001311302185 -999 22.25 21.610000610351562 21.319999694824219 21.180000305175781 0 0 0 0 34.150001525878906 58.090000152587891 76.550003051757812 93.529998779296875 23.666522979736328 23.089746475219727 22.790136337280273 22.572622299194336 56956.3125 84.690345764160156 69.738883972167969 48.341411590576172 129.21743774414062 griz 0 56965.25390625 0.38051944971084595 0.86973267793655396 0.64934384822845459 0.0059389341622591019 0.067414790391921997 20.735786437988281 0.12710770964622498 9.1135028924327344e-05 1.0669225957826711e-05 0.033080268651247025 -5.922948730585631e-06 -6.0951026625843951e-07 5 4.5232253074645996 0.47678199410438538 0.29058599472045898
SN: 1299785 10 1 C2 3 0 53.911510999999997 -28.319296000000001 0.38181999325752258 0.0010000000474974513 0.38130900263786316 0.0010000000474974513 0.38130903244018555 0.001706036739051342 0 300 0 0 0.0087095890194177628 1 2 24040 -9 -9 0.38179999589920044 0.0010000000474974513 53.912123000000001 -28.319022 2.1770000457763672 1.8580000400543213 -1.9382991790771484 10.11400032043457 0.017999999225139618 -9999 -9999 0.40999999642372131 0.1550000011920929 -9.7049999237060547 0.16349005699157715 0.66500002145767212 -999 22.870000839233398 21.629999160766602 21.159999847412109 20.920000076293945 0.0099999997764825821 0 0 0 4.4000000953674316 14.689999580383301 16.379999160766602 19.950000762939453 25.891368865966797 24.58244514465332 24.464214324951172 24.250143051147461 56943.1796875 20.356258392333984 17.211503982543945 14.050076484680176 47.276618957519531 riz 0 56943.59375 0.59975367784500122 -0.20819316804409027 0.39559543132781982 0.054674647748470306 0.049236498773097992 22.276067733764648 0.058521375060081482 2.2058338799979538e-05 1.1889484312632703e-06 0.0044301478192210197 -2.255367377301809e-07 -4.8562810661678668e-08 28 9.0588455200195312 0.99973165988922119 0.19501455128192902
SN: 1290995 10 0 C1 3 0 54.029471999999998 -26.593786000000001 0.54409998655319214 0.0010000000474974513 0.54351502656936646 0.0010000000474974513 0.54351496696472168 0.0018400049302726984 0 300 0 0 0.0092886490747332573 1 1 22598 -9 -9 0.54409998655319214 0.0010000000474974513 54.029715000000003 -26.593791 0.78100001811981201 0.79500001668930054 -9 10.293000221252441 0.014000000432133675 -9999 -9999 0.53799998760223389 0.019999999552965164 -9.7589998245239258 0.056648034602403641 0.60199999809265137 -999 23.180000305175781 22.030000686645508 21.569999694824219 21.329999923706055 0.0099999997764825821 0 0 0 10.979999542236328 31.549999237060547 52.319999694824219 66.129997253417969 24.898494720458984 23.75250244140625 23.203330993652344 22.949003219604492 56912.34765625 16.401681900024414 16.001810073852539 12.236043930053711 44.32525634765625 riz 0 56906.296875 0.57391047477722168 0.62587124109268188 0.42769235372543335 0.053209219127893448 0.045723907649517059 22.884716033935547 0.050075441598892212 1.2592551684065256e-05 5.8078342135559069e-07 0.0022789766080677509 -1.548073242929604e-07 -1.6115153655960057e-08 32 42.753192901611328 0.096981950104236603 0.2738281786441803
SN: 1310963 10 0 C2 3 0 54.152068999999997 -29.405450999999999 0.45971000194549561 0.0010000000474974513 0.45918598771095276 0.0010000000474974513 0.45918595790863037 0.0017697643488645554 0 300 0 0 0.0082839382812380791 1 1 23870 -9 -9 0.45969998836517334 0.0010000000474974513 54.152084000000002 -29.405484999999999 0.13199999928474426 0.12999999523162842 -9 9.9969997406005859 0.016000000759959221 -9999 -9999 1.9110000133514404 0.36500000953674316 -8.0749998092651367 0.36697274446487427 0.20000000298023224 -999 22.090000152587891 21.219999313354492 20.930000305175781 20.700000762939453 0 0 0 0 35.990001678466797 79 100.43000030517578 120.87999725341797 23.60954475402832 22.755931854248047 22.495342254638672 22.294113159179688 57004.0390625 16.296291351318359 11.660248756408691 7.770988941192627 30.820724487304688 riz 0 56999.984375 0.79736781120300293 1.2364864349365234 0.87116014957427979 0.025113778188824654 0.069664463400840759 23.189384460449219 0.087992839515209198 9.5114355644909665e-06 7.7084860095055774e-07 0.010758574120700359 -4.765852281707339e-07 -3.4159118200705052e-08 34 34.059902191162109 0.46485701203346252 0.42057749629020691
SN: 1294351 10 0 S2 3 0 41.592354 -0.41775800000000002 0.33926001191139221 0.0010000000474974513 0.33828499913215637 0.0010000000474974513 0.33828496932983398 0.0016713459044694901 0 300 0 0 0.029324727132916451 1 1 33251 -9 -9 0.3393000066280365 0.0010000000474974513 41.592309 -0.41782999999999998 0.3059999942779541 0.38899999856948853 -9 9.3249998092651367 0.018999999389052391 -9999 -9999 1.090999960899353 0.45300000905990601 -8.1979999542236328 0.45620718598365784 0.30500000715255737 -999 22.940000534057617 22.110000610351562 21.930000305175781 21.649999618530273 0.0099999997764825821 0.0099999997764825821 0.0099999997764825821 0.0099999997764825821 16.729999542236328 32.689998626708984 42.360000610351562 53.029998779296875 24.441259384155273 23.713962554931641 23.432609558105469 23.188695907592773 56903.38671875 23.775251388549805 19.859323501586914 15.31916618347168 59.14422607421875 griz 0 56910.32421875 0.33772608637809753 0.43177080154418945 0.33247828483581543 -0.049544520676136017 0.02517213299870491 21.770366668701172 0.039270669221878052 3.5144195862812921e-05 1.2711523140751524e-06 0.0027622529305517673 -3.0899511216375686e-07 -1.8391659750705003e-08 39 43.317253112792969 0.29226383566856384 0.21906162798404694
SN: 1311884 10 0 X3 3 0 36.810276000000002 -5.1810679999999998 0.68269002437591553 0.0010000000474974513 0.68135702610015869 0.0010000000474974513 0.68135702610015869 0.0019572263117879629 0 300 0 0 0.023501675575971603 2 2 37619 -9 -9 0.68269997835159302 0.0010000000474974513 36.810234999999999 -5.1810590000000003 0.15099999308586121 0.22200000286102295 -4.239591121673584 9.7440004348754883 0.0080000003799796104 -9999 -9999 1.5130000114440918 0.19900000095367432 -8.1979999542236328 0.19900000095367432 0.31400001049041748 -999 23.799999237060547 23.020000457763672 22.469999313354492 22.299999237060547 0.0099999997764825821 0.0099999997764825821 0.0099999997764825821 0.0099999997764825821 6.4800000190734863 14.319999694824219 23.690000534057617 25.809999465942383 25.471061706542969 24.610141754150391 24.063587188720703 23.970529556274414 57001.09765625 32.855937957763672 23.942829132080078 17.829389572143555 75.492141723632812 riz 0 56997.66796875 0.38205352425575256 0.2230466902256012 0.33322715759277344 -0.030446013435721397 0.03206971287727356 23.445072174072266 0.028769331052899361 7.515727702411823e-06 1.9914824633815442e-07 0.0027069346979260445 -4.5009617366531529e-08 -2.0417512125447956e-09 29 15.674097061157227 0.97901493310928345 0.12580662965774536
SN: 1315192 10 1 S1 3 0 42.985900999999998 -0.52307099999999995 0.22800000011920929 0.0010000000474974513 0.22713600099086761 0.0010000000474974513 0.22713601589202881 0.0015836264938116074 0 300 0 0 0.049244344234466553 2 2 319410 -9 -9 0.22800000011920929 0.0010000000474974513 42.985900999999998 -0.52307099999999995 0 0 -10.460903167724609 10.444000244140625 0.010999999940395355 -9999 -9999 0.88700002431869507 0.24500000476837158 -9.5369997024536133 0.24824383854866028 1.0700000524520874 -999 -10 -10 -10 -10 -10 -10 -10 -10 17.780000686645508 39.889999389648438 56.090000152587891 63.349998474121094 24.37516975402832 23.497840881347656 23.127786636352539 22.995634078979492 57012.0703125 71.814178466796875 63.850170135498047 54.891925811767578 185.51670837402344 griz 0 57008.5703125 0.26199179887771606 1.0989234447479248 0.21075460314750671 0.092345573008060455 0.016533736139535904 20.875434875488281 0.023213699460029602 8.0135680036619306e-05 1.7133495475718519e-06 0.00084900931688025594 -1.7544067532071494e-07 -2.0373462916722929e-08 32 25.333896636962891 0.79228454828262329 0.47847014665603638
SN: 1318659 10 0 C2 3 0 55.065170000000002 -29.327721 0.42403000593185425 0.0010000000474974513 0.42353999614715576 0.0010000000474974513 0.42353999614715576 0.0017404514364898205 0 300 0 0 0.011032400652766228 3 3 23734 -9 -9 0.42399999499320984 0.0010000000474974513 55.065252000000001 -29.327760999999999 0.29499998688697815 0.65499997138977051 -2.0875382423400879 8.819000244140625 0.035999998450279236 -9999 -9999 0.37099999189376831 0.081000000238418579 -8.4340000152587891 0.12791402637958527 0.30099999904632568 -999 24.079999923706055 23.319999694824219 23 22.819999694824219 0.019999999552965164 0.0099999997764825821 0.0099999997764825821 0.019999999552965164 6.2399997711181641 13.010000228881836 17.549999237060547 20.700000762939453 25.512039184570312 24.714305877685547 24.389307022094727 24.210073471069336 57017.24609375 16.774360656738281 10.17589282989502 9.9625234603881836 27.740877151489258 riz 0 57012.37109375 1.1497607231140137 -1.3560053110122681 0.83595132827758789 0.15465722978115082 0.087630286812782288 23.501235961914062 0.095953740179538727 7.1368353928846773e-06 6.307296871455037e-07 0.0044515794143080711 -1.4137077641862561e-07 -4.3103927538368225e-08 34 38.672946929931641 0.26674368977546692 0.68561702966690063
SN: 1292767 10 0 X3 3 0 37.096812999999997 -4.5428300000000004 0.3099600076675415 0.0010000000474974513 0.30892500281333923 0.0010000000474974513 0.30892503261566162 0.0016478991601616144 0 300 0 0 0.025510514155030251 1 1 37886 -9 -9 0.31000000238418579 0.0010000000474974513 37.096832999999997 -4.5428179999999996 0.083999998867511749 0.10899999737739563 -9 8.3570003509521484 0.041000001132488251 -9999 -9999 0.28099998831748962 0.59799998998641968 -8.0749998092651367 0.60581600666046143 0.097000002861022949 -999 24.520000457763672 23.899999618530273 23.760000228881836 23.610000610351562 0.019999999552965164 0.0099999997764825821 0.019999999552965164 0.019999999552965164 3.4900000095367432 6.8299999237060547 7.820000171661377 8.7600002288818359 26.142936706542969 25.413948059082031 25.266983032226562 25.143739700317383 56890.33984375 75.391731262207031 57.375728607177734 34.068424224853516 140.62712097167969 griz 0 56886.9296875 1.0576848983764648 0.5083499550819397 0.24453884363174438 0.011743218638002872 0.028457572683691978 21.650066375732422 0.047364100813865662 3.9262067730305716e-05 1.7127664477811777e-06 -5.0434620789019391e-05 -3.9254910433328405e-08 -2.8075113789327588e-08 23 38.194126129150391 0.024276638403534889 0.17391249537467957
SN: 1316701 10 0 S1 3 0 42.271178999999997 -0.30716199999999999 0.36212998628616333 0.0010000000474974513 0.3611539900302887 0.0010000000474974513 0.36115396022796631 0.0016897375462576747 0 300 0 0 0.045454390347003937 1 1 32395 -9 -9 0.36210000514984131 0.0010000000474974513 42.271242999999998 -0.307056 0.44800001382827759 0.48399999737739563 -9 9.5620002746582031 0.017000000923871994 -9999 -9999 0.64499998092651367 0.16300000250339508 -8.8950004577636719 0.17267888784408569 0.54699999094009399 -999 23.510000228881836 22.520000457763672 22.260000228881836 21.940000534057617 0.0099999997764825821 0.0099999997764825821 0.0099999997764825821 0.0099999997764825821 10.079999923706055 24.180000305175781 30.920000076293945 41.229999542236328 24.991348266601562 24.041358947753906 23.77440071105957 23.461967468261719 57026.15234375 16.859043121337891 15.61070728302002 12.126337051391602 41.641189575195312 griz 0 57013.6640625 0.47163760662078857 -1.5723638534545898 0.45184141397476196 0.050841402262449265 0.039319582283496857 22.532379150390625 0.050210949033498764 1.7419999494450167e-05 8.0560516835248563e-07 0.0066295387223362923 -2.0149614954334538e-07 -2.2195608906372399e-08 34 31.277301788330078 0.60176533460617065 0.55083900690078735
SN: 1301397 10 0 S2 3 0 40.252228000000002 -1.0203009999999999 0.61075997352600098 0.0010000000474974513 0.60955297946929932 0.0010000000474974513 0.60955297946929932 0.0018958160653710365 0 300 0 0 0.028825042769312859 1 1 32444 -9 -9 0.61080002784729004 0.0010000000474974513 40.252358999999998 -1.020248 0.50900000333786011 0.67199999094009399 -9 10.468000411987305 0.020999999716877937 -9999 -9999 -0.9100000262260437 1.6410000324249268 -11.387999534606934 1.6465436220169067 1.3839999437332153 -999 24.569999694824219 22.780000686645508 21.909999847412109 21.520000457763672 0.039999999105930328 0.0099999997764825821 0.0099999997764825821 0.0099999997764825821 3.9900000095367432 18.030000686645508 40.049999237060547 57.549999237060547 25.997568130493164 24.360010147094727 23.493494033813477 23.099887847900391 56943.203125 7.3133373260498047 6.0944581031799316 5.9267387390136719 23.323427200317383 riz 0 56940.99609375 0.9083627462387085 0.30423939228057861 0.8306347131729126 -0.067989662289619446 0.084717899560928345 23.454553604125977 0.096216507256031036 7.4503764153632801e-06 6.6024250600094092e-07 0.019539989531040192 -4.2738241745610139e-07 -2.8468594592823138e-08 40 44.065109252929688 0.30363863706588745 0.24828767776489258
SN: 1324062 10 0 C3 3 0 53.323368000000002 -27.906645000000001 0.70389902591705322 0.0010000000474974513 0.70324701070785522 0.0010000000474974513 0.7032470703125 0.0019760876893997192 0 300 0 0 0.0057570678181946278 1 2 -13073 -9 -9 0.70389997959136963 0.0010000000474974513 53.322296000000001 -27.906209 3.7539999485015869 3.5309998989105225 -0.77974963188171387 11.111000061035156 0.0060000000521540642 -9999 -9999 1.3279999494552612 0.14900000393390656 -9.7849998474121094 0.15593908727169037 1.1469999551773071 -999 23.659999847412109 22.379999160766602 21.420000076293945 20.930000305175781 0.0099999997764825821 0 0 0 0.059999998658895493 0.46000000834465027 0.64999997615814209 0.68000000715255737 27.5 27.5 27.5 27.5 57032.12109375 14.986855506896973 11.553778648376465 9.838627815246582 34.771320343017578 riz 0 57035.83203125 0.77045625448226929 -2.4148044586181641 0.69164514541625977 -0.18954701721668243 0.062572091817855835 24.273653030395508 0.050879783928394318 3.5037955967709422e-06 1.6419491544183984e-07 0.017239660024642944 -6.9817978953778947e-08 -3.4565592610391604e-09 21 27.695030212402344 0.14901447296142578 1.0232892036437988
SN: 1295592 10 0 C3 3 0 52.805686999999999 -28.313438000000001 0.35684001445770264 0.0010000000474974513 0.35631200671195984 0.0010000000474974513 0.35631203651428223 0.0016858343733474612 0 300 0 0 0.0085828080773353577 1 1 27267 -9 -9 0.35679998993873596 0.0010000000474974513 52.805925999999999 -28.313578 0.9100000262260437 0.72600001096725464 -9 10.911999702453613 0.014000000432133675 -9999 -9999 1.0740000009536743 0.31099998950958252 -9.7849998474121094 0.31409710645675659 1.156999945640564 -999 21.909999847412109 20.520000457763672 19.799999237060547 19.239999771118164 0 0 0 0 38.740001678466797 138.35000610351562 233.07000732421875 319.17999267578125 23.529600143432617 22.147552490234375 21.581283569335938 21.239910125732422 56920.22265625 86.63134765625 55.92626953125 53.567291259765625 185.06605529785156 griz 0 56921.0234375 0.24211624264717102 0.035965923219919205 0.1774166077375412 0.0097909495234489441 0.015753770247101784 21.929691314697266 0.01821993850171566 3.034753717656713e-05 5.0926757921843091e-07 0.00032236502738669515 -4.0882795815377904e-08 -4.6731938319055644e-09 42 31.013553619384766 0.89403551816940308 0.034768786281347275
SN: 1297365 10 0 C2 3 0 54.320937999999998 -28.519957000000002 0.34365001320838928 0.0010000000474974513 0.34316399693489075 0.0010000000474974513 0.34316396713256836 0.0016752604860812426 0 300 0 0 0.0098373796790838242 1 2 24888 -9 -9 0.34369999170303345 0.0010000000474974513 54.320810000000002 -28.520174000000001 0.87999999523162842 0.81499999761581421 -3.4945747852325439 10.154000282287598 0.014000000432133675 -9999 -9999 0.61799997091293335 0.25499999523162842 -9.5369997024536133 0.25827506184577942 0.9660000205039978 -999 22.850000381469727 21.680000305175781 21.190000534057617 20.870000839233398 0.0099999997764825821 0 0 0 12.840000152587891 37.759998321533203 56.409999847412109 73.419998168945312 24.728588104248047 23.55742073059082 23.121608734130859 22.835464477539062 56927.22265625 11.823122024536133 10.422183990478516 6.8387856483459473 28.147729873657227 griz 0 56932.328125 0.67150986194610596 0.61063462495803833 0.75161254405975342 -0.0062197758816182613 0.049375981092453003 23.247962951660156 0.075240716338157654 9.0118601292488165e-06 6.2451522353512701e-07 0.0043051042594015598 -3.1654013810111792e-07 -1.2096899482116896e-08 37 58.713909149169922 0.0130122359842062 0.20459802448749542
SN: 1309376 10 0 C1 3 0 54.044079000000004 -28.000813000000001 0.74072998762130737 0.0010000000474974513 0.74008601903915405 0.0010000000474974513 0.74008607864379883 0.0020079694222658873 0 300 0 0 0.0088518019765615463 1 1 22251 -9 -9 0.74070000648498535 0.0010000000474974513 54.044286 -28.000912 0.74900001287460327 0.78700000047683716 -9 11.024999618530273 0.035999998450279236 -9999 -9999 0.97699999809265137 5.0339999198913574 -10.067000389099121 5.0361456871032715 1.1670000553131104 -999 23.709999084472656 21.989999771118164 20.870000839233398 20.549999237060547 0.019999999552965164 0 0 0 7.119999885559082 36.209999084472656 99.010002136230469 143.55000305175781 25.368799209594727 23.602928161621094 22.51080322265625 22.107492446899414 56980.3203125 9.3989143371582031 8.0250949859619141 4.9123363494873047 21.750129699707031 riz 0 56975.3359375 1.2112923860549927 -0.091839857399463654 0.88199317455291748 -0.22858229279518127 0.081207767128944397 23.622922897338867 0.084189429879188538 6.3801485339354258e-06 4.9472521368443267e-07 0.024993596598505974 -3.0857057708999491e-07 -4.4877621618866215e-09 50 34.173675537109375 0.9573514461517334 0.76255565881729126
SN: 1316626 10 0 C3 3 0 51.751804 -28.535869999999999 0.61667001247406006 0.0010000000474974513 0.61601400375366211 0.0010000000474974513 0.61601400375366211 0.0019013117998838425 0 300 0 0 0.0090561620891094208 1 1 27449 -9 -9 0.61669999361038208 0.0010000000474974513 51.751857000000001 -28.535896999999999 0.1940000057220459 0.31799998879432678 -9 9.9320001602172852 0.034000001847743988 -9999 -9999 0.47400000691413879 0.58399999141693115 -9.4499998092651367 0.59104734659194946 1.0299999713897705 -999 25.139999389648438 23.780000686645508 23.100000381469727 22.680000305175781 0.029999999329447746 0.0099999997764825821 0.0099999997764825821 0.0099999997764825821 2 7.619999885559082 14.399999618530273 21.020000457763672 26.747425079345703 25.295112609863281 24.604093551635742 24.193418502807617 57018.2109375 23.565122604370117 20.328474044799805 16.988542556762695 67.994064331054688 riz 0 57020.6171875 0.3852124810218811 0.73831313848495483 0.33702340722084045 0.032816119492053986 0.035188436508178711 23.467678070068359 0.036963462829589844 7.3608639468147885e-06 2.505977363398415e-07 0.0036974337417632341 -6.3680367645702063e-08 -5.1222159846986415e-09 27 24.299545288085938 0.61365336179733276 0.2693193256855011
SN: 1317956 10 0 X3 3 0 36.107070999999998 -4.7453729999999998 0.87067997455596924 0.0010000000474974513 0.86917400360107422 0.0010000000474974513 0.86917400360107422 0.0021209607366472483 0 300 0 0 0.023235782980918884 1 3 37145 -9 -9 0.87070000171661377 0.0010000000474974513 36.107089999999999 -4.7453940000000001 0.10199999809265137 0.097000002861022949 -6.1131105422973633 11.220999717712402 0.045000001788139343 -9999 -9999 0.49900001287460327 0.3059999942779541 -10.763999938964844 0.33734256029129028 1.2640000581741333 -999 25.530000686645508 23.370000839233398 22.020000457763672 21.159999847412109 0.05000000074505806 0.0099999997764825821 0 0 1.2100000381469727 10.630000114440918 36.299999237060547 73.870002746582031 27.293037414550781 24.933666229248047 23.60023307800293 22.828830718994141 57005.109375 14.000289916992188 5.9407434463500977 -99 24.389303207397461 iz 0 57007.8125 1.2527906894683838 -1.3516832590103149 0.70765054225921631 -0.11843971908092499 0.18097245693206787 24.321332931518555 0.061200305819511414 3.3532558063598117e-06 1.8901486953382118e-07 -0.0075213625095784664 -5.1161258340925997e-08 4.8381099126970639e-10 16 15.921932220458984 0.45842257142066956 0.59905892610549927
SN: 1305835 10 0 E2 3 0 10.065388 -44.370457000000002 0.34290999174118042 0.0010000000474974513 0.34195899963378906 0.0010000000474974513 0.34195899963378906 0.0016742931911721826 0 300 0 0 0.0062437518499791622 1 1 29457 -9 -9 0.34290000796318054 0.0010000000474974513 10.065436 -44.37041 0.210999995470047 0.19200000166893005 -9 10.534000396728516 0.0080000003799796104 -9999 -9999 0.38100001215934753 0.40099999308586121 -10.28600025177002 0.41503012180328369 1.496999979019165 -999 22.540000915527344 20.979999542236328 20.370000839233398 20 0.0099999997764825821 0 0 0 21.389999389648438 100.83000183105469 182.25999450683594 227.55999755859375 24.174472808837891 22.491025924682617 21.848270416259766 21.607259750366211 57011.05859375 28.744298934936523 18.727178573608398 18.197128295898438 53.150299072265625 griz 0 57009.1171875 0.40942856669425964 -2.9793572425842285 0.48754554986953735 0.10143525898456573 0.03687053918838501 22.599649429321289 0.041372824460268021 1.6373458493035287e-05 6.2392342670136713e-07 0.0071698976680636406 -1.580959576585883e-07 -1.6387236456694154e-08 33 24.675762176513672 0.85133898258209229 1.0490990877151489
SN: 1305807 10 0 E2 3 0 9.6136549999999996 -43.922908999999997 0.57109999656677246 0.0010000000474974513 0.56997197866439819 0.0010000000474974513 0.56997203826904297 0.0018622841453179717 0 300 0 0 0.0053855427540838718 1 1 29618 -9 -9 0.57109999656677246 0.0010000000474974513 9.6136510000000008 -43.923051999999998 0.51599997282028198 0.93699997663497925 -9 9.2220001220703125 0.15399999916553497 -9999 -9999 -0.32800000905990601 0.097000002861022949 -9.7049999237060547 0.32386726140975952 0.56199997663497925 -999 24.680000305175781 23.819999694824219 23.459999084472656 23.25 0.039999999105930328 0.019999999552965164 0.019999999552965164 0.029999999329447746 2.3399999141693115 5.380000114440918 7.5399999618530273 9.3900003433227539 26.576959609985352 25.673044204711914 25.306571960449219 25.068336486816406 56973.02734375 9.4611272811889648 8.5577058792114258 7.2600064277648926 24.70880126953125 riz 0 56969.453125 1.0657683610916138 0.0026112988125532866 0.92656755447387695 0.21107959747314453 0.079671353101730347 23.840311050415039 0.083146721124649048 5.2224640967324376e-06 3.9994131384446518e-07 0.017505472525954247 -2.454923162531486e-07 -1.9298560971492407e-08 30 23.196269989013672 0.80710595846176147 0.70359915494918823
SN: 1299758 10 0 C2 3 0 54.467705000000002 -29.132677000000001 0.47293001413345337 0.0010000000474974513 0.4724070131778717 0.0010000000474974513 0.47240698337554932 0.0017806953983381391 0 300 0 0 0.0087606562301516533 1 2 23716 -9 -9 0.47290000319480896 0.0010000000474974513 54.467382000000001 -29.132839000000001 1.1729999780654907 1.6619999408721924 -2.2219464778900146 10.27299976348877 0.016000000759959221 -9999 -9999 0.34599998593330383 0.16699999570846558 -9.9110002517700195 0.17582377791404724 0.81599998474121094 -999 22.979999542236328 21.809999465942383 21.340000152587891 20.940000534057617 0.0099999997764825821 0 0 0 8.3900003433227539 30.219999313354492 46.580001831054688 65.650001525878906 25.190595626831055 23.799263000488281 23.329502105712891 22.956912994384766 56943.18359375 15.361795425415039 11.695929527282715 10.89403247833252 37.167987823486328 riz 0 56939.23046875 0.61452436447143555 -0.86969548463821411 0.53896099328994751 0.1356782466173172 0.059652775526046753 23.033821105957031 0.077833712100982666 1.0976695193676278e-05 7.8689186011615675e-07 0.0099718235433101654 -2.8486695669016626e-07 -3.5275622423114328e-08 35 39.3341064453125 0.28194734454154968 0.5371972918510437
SN: 1291090 10 1 E2 3 0 9.4630519999999994 -43.721462000000002 0.29291999340057373 0.0010000000474974513 0.29198700189590454 0.0010000000474974513 0.29198694229125977 0.0016344595933333039 0 300 0 0 0.0072631216607987881 1 1 30507 -9 -9 0.29289999604225159 0.0010000000474974513 9.4629709999999996 -43.721265000000002 0.73799997568130493 0.5130000114440918 -9 9.4670000076293945 0.023000000044703484 -9999 -9999 1.2940000295639038 0.18000000715255737 -8.1350002288818359 0.18629010021686554 0.15600000321865082 -999 22.479999542236328 21.790000915527344 21.540000915527344 21.329999923706055 0.0099999997764825821 0 0 0 22.709999084472656 42.349998474121094 54.450000762939453 65.050003051757812 24.109457015991211 23.432867050170898 23.160005569458008 22.966880798339844 56903.12109375 45.83544921875 44.746456146240234 28.162185668945312 134.60638427734375 griz 0 56905.1953125 0.20739996433258057 1.2375907897949219 0.19410613179206848 -0.08575720340013504 0.018526189029216766 21.131814956665039 0.027365365996956825 6.3281055190600455e-05 1.5949631233524997e-06 0.00083019258454442024 -2.1595486998648994e-07 -1.82442274621053e-08 43 33.424121856689453 0.85260367393493652 0.50189203023910522
SN: 1320704 10 0 S1 3 0 42.341641000000003 0.36147099999999999 0.27087000012397766 0.0010000000474974513 0.26995900273323059 0.0010000000474974513 0.2699589729309082 0.0016170801827684045 0 300 0 0 0.044651906937360764 1 1 31725 -9 -9 0.27090001106262207 0.0010000000474974513 42.341676 0.36142400000000002 0.21199999749660492 0.10300000011920929 -9 10.918999671936035 0.026000000536441803 -9999 -9999 1.1629999876022339 0.45199999213218689 -9.7329998016357422 0.45801746845245361 1.2259999513626099 -999 21.620000839233398 20.110000610351562 19.540000915527344 19.180000305175781 0 0 0 0 59.080001831054688 221.69000244140625 360.39999389648438 503.1300048828125 23.071399688720703 21.635635375976562 21.108037948608398 20.745800018310547 57026.15234375 24.487489700317383 21.760276794433594 14.141138076782227 63.033306121826172 griz 0 57020.72265625 0.28441023826599121 -2.3022418022155762 0.35932707786560059 0.023224266245961189 0.033503569662570953 21.463279724121094 0.044074378907680511 4.6632459998363629e-05 1.8929982843474136e-06 0.0046318387612700462 -3.9124500972320675e-07 -4.7588446960844522e-08 29 17.172260284423828 0.95943790674209595 0.77130866050720215
SN: 1321166 10 0 X3 3 0 37.248832999999998 -4.3616910000000004 0.43623000383377075 0.0010000000474974513 0.43509799242019653 0.0010000000474974513 0.43509793281555176 0.0017499299719929695 0 300 0 0 0.022939668968319893 1 1 37634 -9 -9 0.43619999289512634 0.0010000000474974513 37.247937999999998 -4.3624619999999998 4.244999885559082 3.9059998989105225 -9 10.744000434875488 0.024000000208616257 -9999 -9999 0.089000001549720764 0.79199999570846558 -10.659999847412109 0.81309288740158081 1.565000057220459 -999 23.829999923706055 22.139999389648438 21.239999771118164 20.899999618530273 0.0099999997764825821 0 0 0 0.090000003576278687 -0.10000000149011612 0.31999999284744263 0.15000000596046448 27.5 27.5 27.5 27.5 57025.1015625 45.517940521240234 30.622104644775391 17.881889343261719 94.298294067382812 riz 0 57027.67578125 0.35982313752174377 -0.61896389722824097 0.44041168689727783 -0.046970758587121964 0.037306934595108032 22.700736999511719 0.04221595823764801 1.4917810403858311e-05 5.8003928415928385e-07 0.0052077276632189751 -1.6325090257396369e-07 -1.6580116835029912e-08 12 10.223940849304199 0.59632164239883423 0.259002685546875
SN: 1313177 10 0 E1 3 0 7.6328139999999998 -42.948551000000002 0.63620001077651978 0.0010000000474974513 0.63498198986053467 0.0010000000474974513 0.63498198986053467 0.0019174810731783509 0 300 0 0 0.0056433863937854767 2 2 28635 -9 -9 0.63620001077651978 0.0010000000474974513 7.6328699999999996 -42.948566999999997 0.15800000727176666 0.22200000286102295 -2.8921248912811279 10.545999526977539 0.023000000044703484 -9999 -9999 0.65499997138977051 0.80699998140335083 -9.8859996795654297 0.82471144199371338 1.2079999446868896 -999 24.940000534057617 23.370000839233398 22.399999618530273 21.950000762939453 0.05000000074505806 0.019999999552965164 0.0099999997764825821 0.0099999997764825821 2.4600000381469727 11.800000190734863 27.469999313354492 40.319999694824219 26.522663116455078 24.820295333862305 23.902853012084961 23.486198425292969 56987.03125 10.60919189453125 9.8558893203735352 6.6515188217163086 27.495584487915039 riz 0 56994.49609375 0.67053067684173584 -1.6380175352096558 0.54435253143310547 0.012509537860751152 0.074492648243904114 23.520282745361328 0.066629759967327118 7.0127248363860417e-06 4.3035885255449102e-07 0.010584034956991673 -1.5506776662732591e-07 -1.6185779827537772e-08 32 30.624851226806641 0.53612029552459717 0.5475957989692688
SN: 1314071 10 0 X3 3 0 36.619380999999997 -4.0360440000000004 0.32813000679016113 0.0010000000474974513 0.32706800103187561 0.0010000000474974513 0.32706797122955322 0.001662365859374404 0 300 0 0 0.02400614507496357 3 3 329204 -9 -9 0.32809999585151672 0.0010000000474974513 36.619432000000003 -4.0359959999999999 0.25400000810623169 0.29499998688697815 -2.7849729061126709 10.144000053405762 0.010999999940395355 -9999 -9999 -9.8280000686645508 0.17200000584125519 -19.951999664306641 0.19505897164344788 1.2979999780654907 -999 23.090000152587891 21.579999923706055 20.889999389648438 20.690000534057617 0.0099999997764825821 0 0 0 13.930000305175781 53.430000305175781 85.339996337890625 111.72000122070312 24.640121459960938 23.180536270141602 22.672119140625 22.379673004150391 57001.05859375 98.770942687988281 58.6182861328125 54.924774169921875 177.74800109863281 griz 0 57001.51953125 0.23899632692337036 -1.37811279296875 0.18612763285636902 0.066757403314113617 0.019843026995658875 21.993755340576172 0.025430314242839813 2.8608676075236872e-05 6.7007772486249451e-07 0.00098005635663866997 -6.2719514914988395e-08 -9.4446148679594444e-09 31 33.170890808105469 0.36173224449157715 0.51043009757995605
SN: 1310485 10 0 X2 3 0 35.259174000000002 -6.3957680000000003 0.43428999185562134 0.0010000000474974513 0.43312600255012512 0.0010000000474974513 0.43312597274780273 0.0017483109841123223 0 300 0 0 0.02101161889731884 1 1 35982 -9 -9 0.4343000054359436 0.0010000000474974513 35.259194000000001 -6.395823 0.210999995470047 0.31400001049041748 -9 9.2880001068115234 0.041999999433755875 -9999 -9999 0.18600000441074371 0.63300001621246338 -9.1079998016357422 0.6440885066986084 0.50599998235702515 -999 24.5 23.350000381469727 22.989999771118164 22.760000228881836 0.029999999329447746 0.0099999997764825821 0.0099999997764825821 0.019999999552965164 4.1700000762939453 9.3400001525878906 14.789999961853027 17.100000381469727 25.94965934753418 25.074132919311523 24.575078964233398 24.417509078979492 56992.0625 21.396327972412109 19.171419143676758 11.127306938171387 55.379951477050781 riz 0 56990.8515625 0.50672799348831177 1.1420369148254395 0.45633959770202637 0.057254347950220108 0.043002575635910034 22.624231338500977 0.050157785415649414 1.6006913938326761e-05 7.3947182954725577e-07 0.0040329298935830593 -1.9050688138122496e-07 -2.4347366789356784e-08 41 51.434425354003906 0.1273188441991806 0.4258396327495575
SN: 1948484 10 0 X3 3 0 35.975360999999999 -3.8512140000000001 0.34545299410820007 4.9999998736893758e-05 0.3443630039691925 4.9999998736893758e-05 0.34436297416687012 0.0013461887137964368 0 300 0 0 0.025610802695155144 1 2 151782 -9 -9 0.34549999237060547 9.9999997473787516e-05 35.975529000000002 -3.8512339999999998 0.60799998044967651 0.45699998736381531 -3.5289032459259033 10.819999694824219 0.083999998867511749 -9999 -9999 0.098999999463558197 10.098999977111816 -10.859999656677246 10.103695869445801 1.4960000514984131 -999 22.489999771118164 20.780000686645508 20.040000915527344 19.719999313354492 0 0 0 0 23.190000534057617 104.80000305175781 189.57000732421875 256.32998657226562 24.086748123168945 22.4490966796875 21.805576324462891 21.478000640869141 58140.03515625 55.640529632568359 32.028949737548828 27.781951904296875 92.887870788574219 griz 0 58138.5546875 0.55846476554870605 -2.1365745067596436 0.53526031970977783 -0.063586190342903137 0.036532528698444366 21.908365249633789 0.04343646764755249 3.0949500796850771e-05 1.238180175278103e-06 0.0024355254136025906 -7.8909472733812436e-08 -2.7786024148213073e-08 8 5.3635845184326172 0.71810221672058105 0.74306207895278931
SN: 1880632 10 1 X3 3 0 36.659142000000003 -4.4813140000000002 0.40650001168251038 0.0010000000474974513 0.40537899732589722 0.0010000000474974513 0.40537905693054199 0.0017256090650334954 0 300 0 0 0.024656612426042557 1 3 -28361 -9 -9 0.40650001168251038 0.0010000000474974513 36.659134999999999 -4.4813780000000003 0.23000000417232513 0.24400000274181366 -4.985628604888916 10.560000419616699 0.082000002264976501 -9999 -9999 -2.8029999732971191 7.1970000267028809 -13.329999923706055 7.1970305442810059 1.4529999494552612 -999 22.979999542236328 21.180000305175781 20.409999847412109 20.190000534057617 0 0 0 0 14.75 77.339996337890625 132.63999938964844 186.11000061035156 24.578020095825195 22.778989791870117 22.193313598632812 21.825576782226562 58045.12109375 74.334907531738281 42.430370330810547 -99 150.87966918945312 ri 0 58047.796875 0.28692108392715454 -0.37492060661315918 0.2253168523311615 -0.12479675561189651 0.037264265120029449 21.913959503173828 0.031515870243310928 3.0790466553298756e-05 8.9376067080593202e-07 5.3651729103876278e-05 -8.2500690723463777e-08 -2.4790130837004654e-08 22 23.455034255981445 0.37642869353294373 0.43435627222061157
SN: 1810306 10 0 S1 3 0 43.102553999999998 -0.52114700000000003 0.64244997501373291 0.0010000000474974513 0.64129799604415894 0.0010000000474974513 0.64129805564880371 0.0019228766905143857 0 300 0 0 0.050454284995794296 1 1 124483 -9 -9 0.64240002632141113 0.0010000000474974513 43.102615999999998 -0.52122900000000005 0.36899998784065247 0.30099999904632568 -9 11.121999740600586 0.046000000089406967 -9999 -9999 -0.05000000074505806 6.940000057220459 -11.154999732971191 6.9407944679260254 1.2230000495910645 -999 23.540000915527344 21.770000457763672 20.799999237060547 20.360000610351562 0.0099999997764825821 0 0 0 8.5200004577636719 46.799999237060547 114.11000061035156 175.36000061035156 25.173900604248047 23.324384689331055 22.356691360473633 21.890172958374023 58010.24609375 10.453525543212891 7.3721537590026855 7.3343634605407715 23.239078521728516 riz 0 58002.328125 1.1091518402099609 0.5734599232673645 0.91269820928573608 -0.17684490978717804 0.078126117587089539 23.244466781616211 0.090550221502780914 9.0409384938539006e-06 7.5401277399578248e-07 0.023239921778440475 -5.5132233001131681e-07 -2.0116774024359074e-08 45 44.161289215087891 0.50738298892974854 0.61970138549804688
SN: 1904092 10 0 E2 3 0 8.8897440000000003 -44.363632000000003 0.36895999312400818 0.0010000000474974513 0.36798098683357239 0.0010000000474974513 0.36798095703125 0.0016952491132542491 0 300 0 0 0.0075395973399281502 1 1 -31018 -9 -9 0.36899998784065247 0.0010000000474974513 8.8895560000000007 -44.363872999999998 0.99199998378753662 0.59600001573562622 -9 10.911999702453613 0.0060000000521540642 -9999 -9999 1.2460000514984131 0.12999999523162842 -9.6520004272460938 0.13298119604587555 1.1529999971389771 -999 22 20.790000915527344 20.239999771118164 19.860000610351562 0 0 0 0 37.369998931884766 120.62000274658203 191.94999694824219 285.6199951171875 23.568691253662109 22.296451568603516 21.792030334472656 21.360528945922852 58085.11328125 28.319520950317383 22.602838516235352 17.917675018310547 56.894512176513672 griz 0 58088.65625 0.32333707809448242 -0.15325066447257996 0.33682841062545776 0.027594385668635368 0.02852080762386322 22.099678039550781 0.042195700109004974 2.5949486371246167e-05 1.0084924042530474e-06 0.0027237790636718273 -2.3083596545347973e-07 -1.6006937997303794e-08 29 22.146251678466797 0.81408369541168213 0.10521447658538818
SN: 1879187 10 0 S1 3 0 42.427391 0.45272200000000001 0.59271001815795898 0.0010000000474974513 0.59157001972198486 0.0010000000474974513 0.59157001972198486 0.0018805521540343761 0 300 0 0 0.047001715749502182 3 3 130934 -9 -9 0.59270000457763672 0.0010000000474974513 42.427512999999998 0.45258700000000002 0.65399998426437378 0.58799999952316284 -1.5553549528121948 10.857999801635742 0.054000001400709152 -9999 -9999 1.3090000152587891 3.9700000286102295 -9.5920000076293945 3.9793753623962402 1.093999981880188 -999 23.399999618530273 21.729999542236328 20.950000762939453 20.559999465942383 0.0099999997764825821 0 0 0 11.579999923706055 50.340000152587891 103.09999847412109 152.53999328613281 24.840728759765625 23.245216369628906 22.466854095458984 22.041540145874023 58052.28125 6.8946247100830078 6.8836870193481445 6.2808523178100586 21.717023849487305 riz 0 58044.74609375 1.1506574153900146 -1.2692719697952271 0.94201350212097168 0.2620733380317688 0.093165889382362366 23.614564895629883 0.087904460728168488 6.4294558796973433e-06 5.2054804200452054e-07 0.0090205157175660133 -2.5497104161331663e-07 -2.9789335442842457e-08 44 45.063514709472656 0.4272138774394989 0.97064089775085449
SN: 1879188 10 0 S1 3 0 42.174973000000001 0.280719 0.64845997095108032 0.0010000000474974513 0.64727401733398438 0.0010000000474974513 0.64727401733398438 0.0019279868574813008 0 300 0 0 0.0412757508456707 1 1 130988 -9 -9 0.64850002527236938 0.0010000000474974513 42.175128999999998 0.28065600000000002 0.60399997234344482 0.62800002098083496 -9 10.670999526977539 0.026000000536441803 -9999 -9999 -1.7849999666213989 4.2610001564025879 -12.465999603271484 4.2614364624023438 1.5429999828338623 -999 24.850000381469727 22.920000076293945 21.920000076293945 21.399999618530273 0.039999999105930328 0.0099999997764825821 0 0 2.940000057220459 16.159999847412109 38.799999237060547 67.650001525878906 26.329132080078125 24.478897094726562 23.527919769287109 22.924331665039062 58052.28125 10.056024551391602 8.3541526794433594 7.4646096229553223 29.901840209960938 riz 0 58044.29296875 1.1123397350311279 1.3336772918701172 0.78829193115234375 0.064467824995517731 0.061056692153215408 23.399311065673828 0.059161484241485596 7.8392649811576121e-06 4.2715953441074817e-07 0.0068232342600822449 -2.1879282030567992e-07 -1.0523407922846673e-08 44 36.6148681640625 0.77756804227828979 0.49377289414405823
SN: 1933196 10 0 C2 3 0 54.314098000000001 -29.233384999999998 0.75073999166488647 0.0010000000474974513 0.75011497735977173 0.0010000000474974513 0.75011491775512695 0.0020166779868304729 0 300 0 0 0.0084239393472671509 1 2 146002 -9 -9 0.75069999694824219 0.0010000000474974513 54.314250999999999 -29.233371999999999 0.4830000102519989 0.49399998784065247 -3.7058098316192627 10.592000007629395 0.020999999716877937 -9999 -9999 1.1490000486373901 1.0870000123977661 -9.4499998092651367 1.0914989709854126 1.0249999761581421 -999 24.969999313354492 23.219999313354492 22.139999389648438 21.639999389648438 0.039999999105930328 0.0099999997764825821 0.0099999997764825821 0 2.1700000762939453 11.420000076293945 31.690000534057617 48.439998626708984 26.658849716186523 24.8558349609375 23.74769401550293 23.286989212036133 58117.17578125 11.305164337158203 10.60621452331543 8.1762237548828125 27.806558609008789 riz 0 58115.60546875 0.97119605541229248 -1.2971091270446777 0.76922249794006348 -0.072624616324901581 0.068115822970867157 23.534133911132812 0.062139332294464111 6.9238262767612468e-06 3.962674668400723e-07 0.017053907737135887 -1.9990568489447469e-07 -6.2780070031465129e-09 28 19.618080139160156 0.87798500061035156 0.49552726745605469
SN: 1770254 10 0 X3 3 0 36.174472999999999 -4.7166050000000004 0.73619997501373291 0.0010000000474974513 0.73480397462844849 0.0010000000474974513 0.73480391502380371 0.0020033873151987791 0 300 0 0 0.021801574155688286 1 3 121078 -9 -9 0.73619997501373291 0.0010000000474974513 36.174481999999998 -4.7164960000000002 0.39399999380111694 0.36300000548362732 -4.1009893417358398 11.21399974822998 0.017999999225139618 -9999 -9999 1.184999942779541 0.30700001120567322 -10.020000457763672 0.32925674319267273 1.3999999761581421 -999 24.399999618530273 22.829999923706055 21.760000228881836 21.229999542236328 0.019999999552965164 0 0 0 4.3499999046325684 18.290000915527344 47.639999389648438 77.489997863769531 25.903776168823242 24.344465255737305 23.305070877075195 22.776885986328125 57989.40234375 16.744686126708984 12.38304615020752 7.9483351707458496 33.382003784179688 riz 0 57990.125 1.0679072141647339 -1.7374289035797119 0.67141759395599365 -0.075918823480606079 0.056076288223266602 23.970386505126953 0.051886539906263351 4.6328163989528548e-06 2.2139892053019139e-07 0.0059914304874837399 -8.6725194137216022e-08 -1.4560913585981439e-09 37 42.152568817138672 0.25785595178604126 0.63201844692230225
SN: 1770442 10 1 X1 3 0 33.758071999999999 -5.5161990000000003 0.34690999984741211 0.0010000000474974513 0.34578099846839905 0.0010000000474974513 0.34578096866607666 0.0016773621318861842 0 300 0 0 0.01722804456949234 1 1 120562 -9 -9 0.34689998626708984 0.0010000000474974513 33.758273000000003 -5.514939 4.5910000801086426 3.4500000476837158 -9 10.576000213623047 0.057000000029802322 -9999 -9999 0.36000001430511475 9.2110004425048828 -10.208000183105469 9.2113561630249023 1.4010000228881836 -999 22.819999694824219 21.340000152587891 20.729999542236328 20.409999847412109 0.0099999997764825821 0 0 0 0.6600000262260437 1.5 2.7400000095367432 3.6099998950958252 27.5 27.059772491455078 26.405624389648438 26.106231689453125 57994.3359375 30.798511505126953 23.944004058837891 20.311103820800781 70.332771301269531 griz 0 57993.890625 0.385040283203125 -1.5981603860855103 0.33705639839172363 0.04266766831278801 0.024626681581139565 22.21185302734375 0.030258730053901672 2.340232276765164e-05 6.522068360936828e-07 0.0022291573695838451 -1.0964576091510025e-07 -9.5332852723117867e-09 54 35.015399932861328 0.97898381948471069 0.55137908458709717
SN: 1876287 10 1 E1+E2 3 0 8.3221349999999994 -43.951633999999999 0.56558001041412354 0.0010000000474974513 0.56444597244262695 0.0010000000474974513 0.56444597244262695 0.0018576214788481593 0 300 0 0 0.0059257601387798786 1 2 130831 -9 -9 0.56559997797012329 0.0010000000474974513 8.3222719999999999 -43.951588000000001 0.39100000262260437 0.34700000286102295 -4.6231594085693359 10.53600025177002 0.017000000923871994 -9999 -9999 -1.0980000495910645 0.95599997043609619 -11.602999687194824 0.96051287651062012 1.3200000524520874 -999 24.309999465942383 22.530000686645508 21.770000457763672 21.340000152587891 0.019999999552965164 0.0099999997764825821 0 0 4.369999885559082 22.780000686645508 49.080001831054688 69.5 25.898796081542969 24.106115341186523 23.272739410400391 22.895038604736328 58040.0390625 12.210150718688965 9.1379051208496094 7.7902712821960449 44.953048706054688 riz 0 58048.4375 0.49642652273178101 -1.2069917917251587 0.37568637728691101 -0.047045197337865829 0.045445702970027924 23.059926986694336 0.041017871350049973 1.0715918506321032e-05 4.0483513430444873e-07 0.0029850034043192863 -8.7531994097389543e-08 -1.039818986470209e-08 84 67.389129638671875 0.90741270780563354 0.43181198835372925
SN: 1959025 10 0 C2 3 0 54.472777999999998 -28.942347000000002 0.61194002628326416 0.0010000000474974513 0.61136502027511597 0.0010000000474974513 0.61136507987976074 0.001897356822155416 0 300 0 0 0.0095572825521230698 1 1 -33562 -9 -9 0.6118999719619751 0.0010000000474974513 54.473528999999999 -28.942257999999999 2.3880000114440918 2.7939999103546143 -9 10.798999786376953 0.014999999664723873 -9999 -9999 0.93699997663497925 1.0019999742507935 -9.8730001449584961 1.0114583969116211 1.3029999732971191 -999 23.770000457763672 22.120000839233398 21.299999237060547 20.780000686645508 0.0099999997764825821 0 0 0 -999 -999 -999 -999 99 99 99 99 58143.1015625 8.5499563217163086 8.3446617126464844 4.5727410316467285 20.829315185546875 riz 0 58140.7734375 0.86493599414825439 -2.1567199230194092 0.65241062641143799 -0.12054338306188583 0.09932410717010498 23.777292251586914 0.079018980264663696 5.5345576583931688e-06 4.0280053781316383e-07 0.017875637859106064 -1.4915100621237798e-07 -1.9260948391774946e-08 19 21.965353012084961 0.28598397970199585 0.82357698678970337
SN: 1850045 10 1 E1 3 0 8.2918029999999998 -42.122123999999999 0.31413000822067261 0.0010000000474974513 0.31314000487327576 0.0010000000474974513 0.31314003467559814 0.0016512535512447357 0 300 0 0 0.012147012166678905 2 2 -29518 -9 -9 0.3140999972820282 0.0010000000474974513 8.2932620000000004 -42.121850000000002 4.0180001258850098 2.7049999237060547 1.7681123018264771 10.237000465393066 0.013000000268220901 -9999 -9999 0.47400000691413879 0.14000000059604645 -9.7589998245239258 0.14339107275009155 1.2359999418258667 -999 23.25 21.840000152587891 21.239999771118164 20.799999237060547 0.0099999997764825821 0 0 0 1.9900000095367432 3.5999999046325684 4.7399997711181641 5.1399998664855957 26.752866744995117 26.109243392944336 25.810554504394531 25.722591400146484 58021.05078125 28.554044723510742 21.743955612182617 17.279504776000977 62.305839538574219 griz 0 58020.53515625 0.3448004424571991 -1.3119676113128662 0.26683628559112549 0.093462653458118439 0.028643233701586723 22.024747848510742 0.03811834380030632 2.7803569537354633e-05 9.7613587968226057e-07 0.001436254708096385 -1.3802848286559311e-07 -1.9798294559336682e-08 44 59.564006805419922 0.05875873938202858 0.53694462776184082
SN: 1916124 10 0 X1 3 0 34.323231 -4.7006920000000001 0.43189999461174011 0.0010000000474974513 0.43070700764656067 0.0010000000474974513 0.43070697784423828 0.0017463259864598513 0 300 0 0 0.016723990440368652 1 1 140750 -9 -9 0.43189999461174011 0.0010000000474974513 34.323248999999997 -4.7007500000000002 0.21799999475479126 0.25099998712539673 -9 9.5989999771118164 0.017999999225139618 -9999 -9999 1.3739999532699585 0.20000000298023224 -8.2019996643066406 0.20880612730979919 0.20299999415874481 -999 22.350000381469727 21.670000076293945 21.420000076293945 21.229999542236328 0.0099999997764825821 0 0 0 19.459999084472656 46.5 58.400001525878906 66.25 24.277143478393555 23.331367492675781 23.083967208862305 22.94703483581543 58097.0546875 19.984958648681641 15.934416770935059 11.18619441986084 54.235286712646484 riz 0 58095.8671875 0.55596119165420532 0.9489714503288269 0.47388464212417603 0.16027508676052094 0.041623860597610474 22.736324310302734 0.049101822078227997 1.4436775018111803e-05 6.5289520989608718e-07 0.0037137952167540789 -1.5530160624166456e-07 -2.1137303463092394e-08 26 18.646623611450195 0.8509976863861084 0.62087363004684448
SN: 1887027 10 0 C2 3 0 53.796447999999998 -28.530863 0.21347999572753906 0.0010000000474974513 0.21302999556064606 0.0010000000474974513 0.21302998065948486 0.0015727065037935972 0 300 0 0 0.0076269544661045074 1 1 -31416 -9 -9 0.21349999308586121 0.0010000000474974513 53.795828999999998 -28.532191999999998 5.1710000038146973 2.8080000877380371 -9 10.809000015258789 0.010999999940395355 -9999 -9999 1.218999981880188 0.12399999797344208 -9.5959997177124023 0.12831601500511169 1.1039999723434448 -999 21.079999923706055 19.809999465942383 19.25 18.850000381469727 0 0 0 0 1.9500000476837158 4.7899999618530273 6.059999942779541 8.119999885559082 26.774913787841797 25.799161911010742 25.543819427490234 25.226110458374023 58064.3046875 74.136810302734375 67.853858947753906 45.966007232666016 165.12586975097656 griz 0 58060.08984375 0.22271609306335449 -1.1991133689880371 0.16505807638168335 0.1490727961063385 0.021555295214056969 21.325614929199219 0.030088905245065689 5.293638605508022e-05 1.4670210930489702e-06 0.0011103629367426038 -1.208771180927215e-07 -2.5193950037305513e-08 39 61.706272125244141 0.0117221400141716 0.63771665096282959
SN: 1918076 10 0 X3 3 0 36.165424000000002 -3.7473890000000001 0.37077000737190247 0.0010000000474974513 0.36966300010681152 0.0010000000474974513 0.36966300010681152 0.001696608611382544 0 300 0 0 0.020025784149765968 1 1 142016 -9 -9 0.37079998850822449 0.0010000000474974513 36.165457000000004 -3.7475520000000002 0.59899997711181641 0.59899997711181641 -9 9.7899999618530273 0.019999999552965164 -9999 -9999 1.4739999771118164 0.24899999797344208 -8.300999641418457 0.24899999797344208 0.41899999976158142 -999 22.479999542236328 21.569999694824219 21.229999542236328 21.059999465942383 0 0 0 0 26.440000534057617 58.279998779296875 71.129997253417969 89.180000305175781 23.944347381591797 23.086200714111328 22.869867324829102 22.624332427978516 58100.046875 43.015769958496094 37.214561462402344 26.813543319702148 95.674713134765625 griz 0 58098.48046875 0.30411419272422791 0.019721811637282372 0.24169313907623291 0.17547677457332611 0.02252931147813797 22.680181503295898 0.02967706136405468 1.5202922440948896e-05 4.1555034613338648e-07 0.0017056274227797985 -5.769217636952817e-08 -7.1486501163064986e-09 31 27.827932357788086 0.63003367185592651 0.58495950698852539
SN: 1900856 10 0 C2 3 0 54.840584 -28.397078 0.72477000951766968 0.0010000000474974513 0.72416001558303833 0.0010000000474974513 0.72415995597839355 0.0019941653590649366 0 300 0 0 0.009907933883368969 1 3 136845 -9 -9 0.7247999906539917 0.0010000000474974513 54.840743000000003 -28.397082999999999 0.50199997425079346 0.49099999666213989 -3.7125465869903564 11.218000411987305 0.071000002324581146 -9999 -9999 -0.83300000429153442 9.1669998168945312 -12.034999847412109 9.1673154830932617 1.4809999465942383 -999 24.25 22.25 21.040000915527344 20.530000686645508 0.019999999552965164 0 0 0 4.5999999046325684 29.020000457763672 92.110000610351562 138.63999938964844 25.843105316162109 23.843255996704102 22.5892333984375 22.145278930664062 58076.32421875 9.1330661773681641 6.6930336952209473 4.9940242767333984 23.667732238769531 riz 0 58081.2734375 0.98249232769012451 -0.82945507764816284 0.7225416898727417 -0.042962547391653061 0.071937501430511475 23.565456390380859 0.063970528542995453 6.7269393184687942e-06 3.96344773889723e-07 0.0066246949136257172 -1.6842540162542718e-07 1.7806216223714699e-10 41 27.979251861572266 0.93951314687728882 0.31137219071388245
SN: 1905244 10 0 X3 3 0 36.339790000000001 -4.4144189999999996 0.36285001039505005 0.0010000000474974513 0.36175701022148132 0.0010000000474974513 0.36175704002380371 0.0016902240458875895 0 300 0 0 0.021257635205984116 1 1 137897 -9 -9 0.36289998888969421 0.0010000000474974513 36.339824999999998 -4.4144240000000003 0.125 0.11699999868869781 -9 10.416999816894531 0.13699999451637268 -9999 -9999 -0.66900002956390381 9.3310003280639648 -11.309000015258789 9.3368692398071289 1.4160000085830688 -999 22.979999542236328 21.290000915527344 20.559999465942383 20.360000610351562 0 0 0 0 14.210000038146973 68.019996643066406 114.56999969482422 146.77000427246094 24.618515014648438 22.918407440185547 22.352323532104492 22.083406448364258 58086.109375 53.297229766845703 34.430278778076172 31.028451919555664 122.53675842285156 gri 0 58081.6015625 0.27773970365524292 -0.37211900949478149 0.21038046479225159 0.020671507343649864 0.019855009391903877 22.217090606689453 0.020880779251456261 2.3289703676709905e-05 4.4790544961870182e-07 0.00045838771620765328 -4.9066720464452374e-08 -4.6473549453196483e-09 30 28.48570442199707 0.54471492767333984 0.1418934166431427
SN: 1933258 10 0 S1 3 0 43.302985999999997 -0.34559699999999999 0.69090002775192261 0.0010000000474974513 0.68971902132034302 0.0010000000474974513 0.68971896171569824 0.001964423805475235 0 300 0 0 0.05684337392449379 1 2 146222 -9 -9 0.69090002775192261 0.0010000000474974513 43.303151999999997 -0.34566200000000002 0.64399999380111694 0.76200002431869507 -3.1476812362670898 10.935999870300293 0.046000000089406967 -9999 -9999 -1.5219999551773071 3.8250000476837158 -12.465999603271484 3.8255023956298828 1.5420000553131104 -999 24.610000610351562 22.620000839233398 21.510000228881836 21.020000457763672 0.039999999105930328 0.0099999997764825821 0 0 2.940000057220459 20.280000686645508 58.169998168945312 95.209999084472656 26.329132080078125 24.232330322265625 23.088253021240234 22.553293228149414 58113.08203125 9.593836784362793 7.3726177215576172 6.6609516143798828 21.91400146484375 riz 0 58116.1328125 1.213166356086731 -2.5859198570251465 0.63099181652069092 -0.12334268540143967 0.084888659417629242 23.450061798095703 0.060452274978160858 7.4812746788666118e-06 4.1654692495285417e-07 0.017818225547671318 -1.6686719561676e-08 -7.8256370272811182e-09 20 18.454105377197266 0.55752092599868774 0.9550057053565979
SN: 1901738 10 0 X1 3 0 35.005653000000002 -5.3476270000000001 0.47095999121665955 0.0010000000474974513 0.46975401043891907 0.0010000000474974513 0.46975398063659668 0.0017784993397071958 0 300 0 0 0.020791320130228996 1 1 139373 -9 -9 0.47099998593330383 0.0010000000474974513 35.005738999999998 -5.3476749999999997 0.35400000214576721 0.3580000102519989 -9 10.746000289916992 0.034000001847743988 -9999 -9999 -0.30199998617172241 6.5279998779296875 -11.067999839782715 6.5286068916320801 1.1820000410079956 -999 22.489999771118164 20.860000610351562 20.229999542236328 19.940000534057617 0.0099999997764825821 0 0 0 22.850000381469727 106.26999664306641 186.78999328613281 234.3800048828125 24.102785110473633 22.43397331237793 21.821615219116211 21.575199127197266 58082.0625 15.636622428894043 10.035662651062012 6.2395000457763672 41.723533630371094 riz 0 58087.40234375 0.49534282088279724 -0.72446179389953613 0.48244753479957581 -0.11496425420045853 0.051190514117479324 22.569614410400391 0.057353377342224121 1.6832718756631948e-05 8.8917852281156229e-07 0.005156985018402338 -2.8767169624188682e-07 -2.9076069552047556e-08 29 29.190193176269531 0.45519366860389709 0.45295608043670654
SN: 1913214 10 1 X2 3 0 35.648541000000002 -6.4687250000000001 0.31720998883247375 0.0010000000474974513 0.31614899635314941 0.0010000000474974513 0.31614899635314941 0.0016536506591364741 0 300 0 0 0.021970061585307121 1 3 141016 -9 -9 0.31720000505447388 0.0010000000474974513 35.648704000000002 -6.4682919999999999 1.6660000085830688 1.2089999914169312 -2.5849540233612061 10.633999824523926 0.079999998211860657 -9999 -9999 0.62300002574920654 9.4449996948242188 -9.9479999542236328 9.4453134536743164 1.3810000419616699 -999 22.270000457763672 20.799999237060547 20.239999771118164 19.920000076293945 0 0 0 0 11.119999885559082 37.490001678466797 58.810001373291016 86.269996643066406 24.884738922119141 23.565212249755859 23.076372146606445 22.660350799560547 58097.1171875 35.593101501464844 32.494358062744141 23.145082473754883 86.029716491699219 griz 0 58095.22265625 0.35498982667922974 -1.7067611217498779 0.21274356544017792 -0.055591706186532974 0.023324085399508476 21.793743133544922 0.030465204268693924 3.4395616239635274e-05 9.6512349045951851e-07 0.0012777668889611959 -9.7987616243244702e-08 -1.5351984572475885e-08 36 15.511281967163086 0.99885833263397217 0.59833818674087524
SN: 1889226 10 0 C1+C3 3 0 53.286949 -27.345255000000002 0.59337997436523438 0.0010000000474974513 0.59276300668716431 0.0010000000474974513 0.59276294708251953 0.0018815632211044431 0 300 0 0 0.0064443517476320267 2 3 134175 -9 -9 0.59340000152587891 0.0010000000474974513 53.286991999999998 -27.345245999999999 0.14100000262260437 0.14900000393390656 -4.2196750640869141 10.71399974822998 0.02500000037252903 -9999 -9999 -0.5 8.1120004653930664 -11.210000038146973 8.1135387420654297 1.2209999561309814 -999 23.979999542236328 22.209999084472656 21.329999923706055 20.879999160766602 0.019999999552965164 0 0 0 6.429999828338623 29.149999618530273 67.459999084472656 100.51999664306641 25.479473114013672 23.838403701782227 22.927383422851562 22.494369506835938 58064.32421875 38.073139190673828 25.421413421630859 23.515697479248047 90.978309631347656 riz 0 58069.23046875 0.30864769220352173 0.13412359356880188 0.23088815808296204 0.13227544724941254 0.027449045330286026 23.239618301391602 0.026340456679463387 9.0814000941463746e-06 2.2031892399354547e-07 0.0007618744857609272 -3.072511844948167e-08 -3.4206815158199788e-09 82 98.405876159667969 0.10461504757404327 0.44317898154258728
SN: 1780287 10 0 X1 3 0 34.857613000000001 -4.5407130000000002 0.52620100975036621 0.00015999999595806003 0.52494198083877563 0.00015999999595806003 0.52494192123413086 0.0015343244886025786 0 300 0 0 0.018224390223622322 1 1 121789 -9 -9 0.52619999647140503 0.00019999999494757503 34.857728999999999 -4.5408179999999998 0.56099998950958252 0.4830000102519989 -9 11.043999671936035 0.075999997556209564 -9999 -9999 -0.79699999094009399 9.2030000686645508 -11.800999641418457 9.2032814025878906 1.5039999485015869 -999 23.129999160766602 21.399999618530273 20.540000915527344 20.120000839233398 0.0099999997764825821 0 0 0 11.899999618530273 68.480003356933594 145.55999755859375 211.72000122070312 24.811132431030273 22.911090850830078 22.092395782470703 21.685596466064453 57996.2578125 12.184243202209473 7.498476505279541 6.9408798217773438 34.113731384277344 riz 0 58005.2890625 0.65096235275268555 0.52255380153656006 0.67199045419692993 0.01337155420333147 0.060823611915111542 22.742252349853516 0.07288573682308197 1.4358170119521674e-05 9.6386747827637009e-07 0.0083334697410464287 -4.9901058218893013e-07 -3.1747379836133405e-08 49 55.853183746337891 0.23298175632953644 0.17979690432548523
SN: 1876462 10 0 X3 3 0 36.788052 -4.3334960000000002 0.8410000205039978 0.0010000000474974513 0.83953601121902466 0.0010000000474974513 0.83953595161437988 0.0020948529709130526 0 300 0 0 0.021540500223636627 1 1 131268 -9 -9 0.8410000205039978 0.0010000000474974513 36.787911999999999 -4.3333649999999997 0.68900001049041748 0.88200002908706665 -9 10.807000160217285 0.0080000003799796104 -9999 -9999 1.2000000476837158 0.44900000095367432 -9.5959997177124023 0.4528597891330719 1.1239999532699585 -999 24.559999465942383 23.389999389648438 22.370000839233398 21.930000305175781 0.019999999552965164 0.0099999997764825821 0 0 2.8900001049041748 9.7299995422363281 23.670000076293945 32.349998474121094 26.347755432128906 25.029718399047852 24.064504623413086 23.725315093994141 58036.25 9.9454107284545898 6.1604304313659668 -99 22.758440017700195 iz 0 58037.3671875 1.2709656953811646 -1.9590338468551636 0.67792052030563354 -0.18686969578266144 0.16798202693462372 24.530368804931641 0.066345274448394775 2.7660034902510233e-06 1.6902012589525839e-07 -0.00097285967785865068 -4.5053081265677974e-08 -7.5001391763862557e-09 27 40.073951721191406 0.050426386296749115 0.90245598554611206
SN: 1920362 10 0 C2 3 0 55.186176000000003 -29.210408999999999 0.39882999658584595 0.0010000000474974513 0.39835101366043091 0.0010000000474974513 0.39835095405578613 0.001719882246106863 0 300 0 0 0.011392975226044655 1 1 142100 -9 -9 0.39879998564720154 0.0010000000474974513 55.186559000000003 -29.210386 1.2059999704360962 1.2630000114440918 -9 10.460000038146973 0.013000000268220901 -9999 -9999 0.75199997425079346 0.2669999897480011 -9.7060003280639648 0.27201655507087708 0.98299998044967651 -999 22.659999847412109 21.389999389648438 20.870000839233398 20.5 0.0099999997764825821 0 0 0 15.119999885559082 44.799999237060547 81.519996643066406 103.51999664306641 24.551120758056641 23.371805191040039 22.721839904785156 22.462440490722656 58108.06640625 33.7498779296875 27.491033554077148 11.758034706115723 64.357933044433594 riz 0 58104.2421875 0.43398171663284302 -0.18883650004863739 0.33147919178009033 0.15568169951438904 0.038023121654987335 22.432731628417969 0.041304547339677811 1.9094442905043252e-05 7.2640784765098942e-07 0.00088737782789394259 -9.5550504397579061e-08 -2.1474580336189319e-08 30 28.507289886474609 0.54357349872589111 0.52274250984191895
SN: 1876301 10 0 E1 3 0 7.3024570000000004 -42.072372000000001 0.60194998979568481 0.0010000000474974513 0.60073298215866089 0.0010000000474974513 0.60073304176330566 0.0018883236916735768 0 300 0 0 0.0078860027715563774 1 2 130809 -9 -9 0.60189998149871826 0.0010000000474974513 7.3026109999999997 -42.072386000000002 0.41499999165534973 0.460999995470047 -4.3061122894287109 10.234000205993652 0.02199999988079071 -9999 -9999 1.9830000400543213 0 -8.2530002593994141 0 0.36100000143051147 -999 22.719999313354492 21.799999237060547 21.340000152587891 21.049999237060547 0.0099999997764825821 0 0 0 19.989999771118164 48.189998626708984 75.720001220703125 95.860000610351562 24.247968673706055 23.292608261108398 22.801973342895508 22.545906066894531 58040.00390625 6.8754892349243164 6.3373250961303711 4.7819356918334961 22.263452529907227 riz 0 58041.4609375 1.6221344470977783 -0.03088325634598732 0.89485406875610352 0.10366847366094589 0.081956647336483002 23.469156265258789 0.081673979759216309 7.3508540481270757e-06 5.5296442269536783e-07 0.0049505308270454407 -2.5725154273459339e-07 -1.9308124876715738e-08 44 49.494434356689453 0.26323691010475159 0.34571486711502075
SN: 1862183 10 0 C1 3 0 54.030205000000002 -27.823436999999998 0.449180006980896 0.0010000000474974513 0.44864198565483093 0.0010000000474974513 0.44864201545715332 0.0017610691720619798 0 300 0 0 0.010050964541733265 1 1 128850 -9 -9 0.44920000433921814 0.0010000000474974513 54.030451999999997 -27.823571999999999 0.92299997806549072 0.8619999885559082 -9 10.328000068664551 0.032000001519918442 -9999 -9999 1.4119999408721924 0.024000000208616257 -8.8950004577636719 0.03465544804930687 0.55199998617172241 -999 22.709999084472656 21.610000610351562 21.180000305175781 20.829999923706055 0.0099999997764825821 0 0 0 18.579999923706055 55.020000457763672 82.430000305175781 108.75 24.327384948730469 23.148698806762695 22.709787368774414 22.408927917480469 58028.1875 12.029196739196777 10.017512321472168 9.3234415054321289 36.441726684570312 riz 0 58027.6484375 0.54206287860870361 -0.67460614442825317 0.57683134078979492 0.10878323018550873 0.063146799802780151 22.962501525878906 0.080515146255493164 1.1721943337761331e-05 8.6926638687145896e-07 0.013476103544235229 -3.2133399940903473e-07 -4.3393704629579588e-08 43 52.873516082763672 0.14381957054138184 0.42667612433433533
SN: 1849276 10 0 X3 3 0 36.269764000000002 -3.8409399999999998 0.61541998386383057 0.0010000000474974513 0.61411899328231812 0.0010000000474974513 0.61411905288696289 0.0018996994476765394 0 300 0 0 0.024477770552039146 1 2 127249 -9 -9 0.61540001630783081 0.0010000000474974513 36.269919999999999 -3.840862 0.62800002098083496 0.81499999761581421 -3.3942766189575195 9.7650003433227539 0.037000000476837158 -9999 -9999 1.5570000410079956 0 -8.1979999542236328 0 0.31400001049041748 -999 23.600000381469727 22.729999542236328 22.370000839233398 22.159999847412109 0.0099999997764825821 0 0 0.0099999997764825821 7.5500001907348633 17.75 23.329999923706055 29.639999389648438 25.305131912231445 24.377004623413086 24.08021354675293 23.820304870605469 58015.265625 20.713535308837891 20.185182571411133 16.638595581054688 47.868824005126953 riz 0 58021.1015625 0.52632540464401245 0.32314515113830566 0.54527091979980469 -0.10092965513467789 0.057826414704322815 23.332046508789062 0.073068000376224518 8.3402901509543881e-06 5.6128584446923924e-07 0.017771909013390541 -2.6814785769602167e-07 -2.3594514786395848e-08 33 42.192794799804688 0.13109017908573151 0.35325503349304199
SN: 1876305 10 0 E1 3 0 7.448677 -42.036743000000001 0.53784000873565674 0.0010000000474974513 0.53667199611663818 0.0010000000474974513 0.53667199611663818 0.0018342607654631138 0 300 0 0 0.0064784130081534386 1 1 -29478 -9 -9 0.53780001401901245 0.0010000000474974513 7.448766 -42.036696999999997 0.289000004529953 0.36399999260902405 -9 10.623000144958496 0.05000000074505806 -9999 -9999 0.93500000238418579 1.1230000257492065 -9.6780004501342773 1.1297159194946289 1.1759999990463257 -999 23.469999313354492 21.969999313354492 21.280000686645508 20.870000839233398 0.0099999997764825821 0 0 0 8.6800003051757812 34.189998626708984 67.25 96.650001525878906 25.153701782226562 23.665252685546875 22.930768966674805 22.536994934082031 58052.015625 14.577532768249512 9.6431713104248047 8.8339290618896484 37.268497467041016 riz 0 58050.12890625 0.64446818828582764 -0.057611662894487381 0.51576638221740723 -0.06999371200799942 0.053704209625720978 22.862045288085938 0.051066458225250244 1.2858253285230603e-05 6.0477441365947016e-07 0.0038074229378253222 -1.8249282618398865e-07 -1.2679440608565073e-08 41 37.751514434814453 0.61580139398574829 0.23410136997699738
SN: 1912020 10 0 C1 3 0 53.489815 -27.37941 0.55496001243591309 0.0010000000474974513 0.55436402559280396 0.0010000000474974513 0.55436396598815918 0.0018491273513063788 0 300 0 0 0.0075141480192542076 1 1 139774 -9 -9 0.55500000715255737 0.0010000000474974513 53.489652999999997 -27.379300000000001 0.65200001001358032 0.89600002765655518 -9 10.340000152587891 0.054000001400709152 -9999 -9999 -0.043000001460313797 4.2579998970031738 -10.352999687194824 4.2584371566772461 1.2269999980926514 -999 23.959999084472656 22.239999771118164 21.569999694824219 21.190000534057617 0.019999999552965164 0.0099999997764825821 0 0 5.2199997901916504 25.270000457763672 43.979999542236328 65.610000610351562 25.70582389831543 23.993486404418945 23.391860961914062 22.957574844360352 58092.1796875 18.320323944091797 11.186763763427734 9.2205276489257812 41.138420104980469 riz 0 58090.296875 0.54190772771835327 -0.004487836267799139 0.49883025884628296 -0.12706911563873291 0.051384598016738892 22.897201538085938 0.052312411367893219 1.2448575034795795e-05 5.9979117850161856e-07 0.0057179601863026619 -2.1597718102839281e-07 -1.6264710467339683e-08 32 33.629024505615234 0.38844233751296997 0.4235663115978241
SN: 1861472 10 0 X3 3 0 35.786881000000001 -4.1964680000000003 0.83925002813339233 0.0010000000474974513 0.83775699138641357 0.0010000000474974513 0.83775699138641357 0.0020932888146489859 0 300 0 0 0.021774604916572571 1 2 130481 -9 -9 0.83929997682571411 0.0010000000474974513 35.786963999999998 -4.1964499999999996 0.3059999942779541 0.40099999308586121 -4.1294903755187988 10.857999801635742 0.016000000759959221 -9999 -9999 -2.0699999332427979 1.6619999408721924 -12.89799976348877 1.6620075702667236 1.5199999809265137 -999 25.579999923706055 23.5 22.170000076293945 21.520000457763672 0.05000000074505806 0.0099999997764825821 0 0 1.3700000047683716 9.0900001525878906 29.049999237060547 54.040000915527344 27.158199310302734 25.10359001159668 23.842134475708008 23.168210983276367 58028.296875 13.347410202026367 9.6925172805786133 -99 33.693843841552734 iz 0 58035.16796875 0.8597412109375 0.49196752905845642 0.54659092426300049 -0.058650732040405273 0.10607439279556274 24.033676147460938 0.050719559192657471 4.3704835661628749e-06 2.0416469226347544e-07 -0.0017834958853200078 -6.7214656951364304e-08 -6.4831464641201819e-09 28 23.525917053222656 0.70629358291625977 0.25517377257347107
SN: 1946322 10 0 C2 3 0 54.696533000000002 -29.998207000000001 0.59097999334335327 0.0010000000474974513 0.59043002128601074 0.0010000000474974513 0.59043002128601074 0.0018795861396938562 0 300 0 0 0.011586371809244156 1 1 -36925 -9 -9 0.5910000205039978 0.0010000000474974513 54.695515 -29.998176999999998 3.1760001182556152 2.250999927520752 -9 11.034999847412109 0.043000001460313797 -9999 -9999 1.3839999437332153 1.246999979019165 -9.6969995498657227 1.2567199468612671 1.1940000057220459 -999 23.459999084472656 21.790000915527344 20.850000381469727 20.379999160766602 0.0099999997764825821 0 0 0 1.3500000238418579 4.4099998474121094 8.1000003814697266 10.960000038146973 27.174165725708008 25.888904571533203 25.228786468505859 24.900474548339844 58125.109375 23.498737335205078 16.490255355834961 11.801576614379883 45.656005859375 riz 0 58130.83984375 0.030942155048251152 0.51374703645706177 0.61119937896728516 -0.0017765804659575224 0.046040188521146774 23.240135192871094 0.041855022311210632 9.0770772658288479e-06 3.4992041264558793e-07 0.0026405798271298409 -1.1258709520234333e-07 -6.4315477388277031e-09 22 24.828388214111328 0.30535170435905457 0.17135138809680939
SN: 1920365 10 1 C2 3 0 53.765621000000003 -28.693724 0.36599999666213989 0.0010000000474974513 0.3654940128326416 0.0010000000474974513 0.3654940128326416 0.0016932402504608035 0 300 0 0 0.0076121604070067406 2 3 -34653 -9 -9 0.36599999666213989 0.0010000000474974513 53.764411000000003 -28.693749 3.8210000991821289 3.4200000762939453 0.91480928659439087 10.569999694824219 0.010999999940395355 -9999 -9999 1.093999981880188 0.23800000548362732 -9.4770002365112305 0.2415056973695755 1.0140000581741333 -999 22.149999618530273 20.950000762939453 20.430000305175781 19.979999542236328 0 0 0 0 1.1699999570846558 4.4499998092651367 4.6999998092651367 6.2300000190734863 27.329534530639648 25.879100799560547 25.819755554199219 25.51378059387207 58108.0625 51.822643280029297 38.505741119384766 37.072319030761719 112.09290313720703 griz 0 58103.8125 0.31169819831848145 0.35750636458396912 0.22440299391746521 -0.026713212952017784 0.018258605152368546 21.901958465576172 0.023546101525425911 3.1132705771597102e-05 6.7516754143071012e-07 0.00084363465430215001 -8.1398795259701728e-08 -7.0068240098919432e-09 39 24.796665191650391 0.96257519721984863 0.14876168966293335
SN: 1921033 10 0 S2 3 0 41.598323999999998 -0.67819600000000002 0.23796999454498291 0.0010000000474974513 0.2370699942111969 0.0010000000474974513 0.23706996440887451 0.0015913468087092042 0 300 0 0 0.028769655153155327 1 1 141585 -9 -9 0.23800000548362732 0.0010000000474974513 41.598418000000002 -0.67820400000000003 0.34000000357627869 0.5350000262260437 -9 8.6129999160766602 0.026000000536441803 -9999 -9999 0.012000000104308128 0.89300000667572021 -8.5729999542236328 0.89742410182952881 0.38600000739097595 -999 23.530000686645508 22.899999618530273 22.760000228881836 22.649999618530273 0.0099999997764825821 0.0099999997764825821 0.0099999997764825821 0.0099999997764825821 8.4200000762939453 15.140000343322754 18.639999389648438 17.620000839233398 25.18671989440918 24.549686431884766 24.323884963989258 24.384984970092773 58102.05859375 70.267463684082031 64.482772827148438 56.308578491210938 200.8121337890625 griz 0 58101.09765625 0.27470624446868896 0.94730806350708008 0.24468578398227692 -0.0098415249958634377 0.016215994954109192 21.062870025634766 0.021548602730035782 6.7429849877953529e-05 1.3382800716499332e-06 0.0011861958773806691 -1.6580806061483599e-07 -1.5450547508066848e-08 28 23.944328308105469 0.68447083234786987 0.31746882200241089
SN: 1849244 10 0 X2 3 0 34.769779 -6.1608429999999998 0.57826000452041626 0.0010000000474974513 0.57696598768234253 0.0010000000474974513 0.5769660472869873 0.001868191990070045 0 300 0 0 0.021281113848090172 1 1 -26465 -9 -9 0.57829999923706055 0.0010000000474974513 34.769965999999997 -6.1609850000000002 0.84200000762939453 0.83099997043609619 -9 10.432999610900879 0.012000000104308128 -9999 -9999 0.79199999570846558 0.017000000923871994 -9.6230001449584961 0.025495097041130066 0.50900000333786011 -999 23.069999694824219 22.020000457763672 21.489999771118164 21.170000076293945 0.0099999997764825821 0 0 0 13.159999847412109 34.299999237060547 48.189998626708984 73.139999389648438 24.701860427856445 23.661764144897461 23.292608261108398 22.83961296081543 58026.171875 10.859404563903809 9.2389774322509766 9.1221675872802734 31.031360626220703 riz 0 58025.3828125 0.83560264110565186 1.0954875946044922 0.67972803115844727 0.14116252958774567 0.064213015139102936 23.218921661376953 0.074385493993759155 9.2561658675549552e-06 6.3415450313186739e-07 0.010541409254074097 -3.1415629564435221e-07 -2.4727619063469319e-08 39 44.332244873046875 0.25687745213508606 0.59561163187026978
SN: 1876263 10 0 E1 3 0 7.079396 -42.552193000000003 0.64762997627258301 0.0010000000474974513 0.64638900756835938 0.0010000000474974513 0.64638900756835938 0.0019272296922281384 0 300 0 0 0.0060145305469632149 1 2 -27395 -9 -9 0.64759999513626099 0.0010000000474974513 7.0796539999999997 -42.552174999999998 0.68699997663497925 0.46000000834465027 -4.2623591423034668 11.371000289916992 0.043999999761581421 -9999 -9999 -0.45100000500679016 9.2250003814697266 -11.800999641418457 9.2253046035766602 1.4229999780654907 -999 23.350000381469727 21.540000915527344 20.479999542236328 20 0.0099999997764825821 0 0 0 9.6899995803833008 56.729999542236328 146.3699951171875 225.22999572753906 25.034191131591797 23.115467071533203 22.086370468139648 21.618434906005859 58076.05078125 10.240312576293945 7.1136932373046875 -99 21.626388549804688 ri 0 58075.00390625 1.112619161605835 -0.80040067434310913 0.88224935531616211 -0.081799782812595367 0.12290145456790924 23.419469833374023 0.072035215795040131 7.6950636866968125e-06 5.1054354344159947e-07 0.026573013514280319 -2.5914400225701684e-07 6.8607137748699643e-09 24 28.211860656738281 0.25120535492897034 0.38148272037506104
SN: 1810037 10 0 E1 3 0 7.2206159999999997 -43.254185 0.49761000275611877 0.0010000000474974513 0.49649998545646667 0.0010000000474974513 0.49650001525878906 0.0018006947357207537 0 300 0 0 0.0049223541282117367 2 3 123784 -9 -9 0.49759998917579651 0.0010000000474974513 7.2206890000000001 -43.254223000000003 0.23499999940395355 0.37299999594688416 -3.3969683647155762 9.2659997940063477 0.039000000804662704 -9999 -9999 0.71100002527236938 0.067000001668930054 -8.5629997253417969 0.13395895063877106 0.35899999737739563 -999 24.299999237060547 23.200000762939453 22.829999923706055 22.620000839233398 0.019999999552965164 0.0099999997764825821 0.0099999997764825821 0.0099999997764825821 4.369999885559082 12.800000190734863 18.040000915527344 22.75 25.898796081542969 24.731975555419922 24.359409332275391 24.107545852661133 58007.08984375 11.761384010314941 8.0636386871337891 6.3904633522033691 27.452136993408203 riz 0 58004.1484375 0.615012526512146 -1.9437057971954346 0.55972731113433838 -0.069136381149291992 0.074508011341094971 23.033802032470703 0.069520376622676849 1.0976878002111334e-05 7.0285648234857945e-07 0.0026388259138911963 -1.9722554611689702e-07 -3.1837025460390578e-08 41 40.720680236816406 0.48291808366775513 0.68766725063323975
SN: 1878719 10 0 S1 3 0 43.562389000000003 0.20257700000000001 0.45853999257087708 0.0010000000474974513 0.45752599835395813 0.0010000000474974513 0.45752596855163574 0.0017683940241113305 0 300 0 0 0.065272115170955658 1 1 131819 -9 -9 0.45849999785423279 0.0010000000474974513 43.562275 0.20275199999999999 0.75199997425079346 0.69499999284744263 -9 10.586000442504883 0.032999999821186066 -9999 -9999 0.80800002813339233 10.807999610900879 -9.7650003433227539 10.808311462402344 1.2929999828338623 -999 23.770000457763672 22 21.329999923706055 20.840000152587891 0.019999999552965164 0 0 0 5.75 30.110000610351562 59.240001678466797 90.419998168945312 25.600830078125 23.80322265625 23.068462371826172 22.609338760375977 58052.2734375 17.747776031494141 10.743374824523926 8.3837690353393555 40.038299560546875 riz 0 58052.45703125 0.58194887638092041 -0.047174248844385147 0.49001055955886841 -0.079278059303760529 0.052398696541786194 22.77183723449707 0.054071091115474701 1.3972216947877314e-05 6.9583478534696042e-07 0.0034579064231365919 -1.7752235237367131e-07 -2.4773205709038848e-08 38 53.591602325439453 0.048067271709442139 0.26472762227058411
SN: 1901257 10 0 X3 3 0 36.371245999999999 -4.7484700000000002 0.52100002765655518 0.0010000000474974513 0.51978200674057007 0.0010000000474974513 0.51978206634521484 0.0018201154889538884 0 300 0 0 0.022910811007022858 3 7 -33738 -9 -9 0.52100002765655518 0.0010000000474974513 36.371341999999999 -4.748481 0.34700000286102295 0.25 -3.5928285121917725 11.187999725341797 0.02500000037252903 -9999 -9999 0.42800000309944153 10.428000450134277 -10.781000137329102 10.428184509277344 1.5559999942779541 -999 23.229999542236328 21.290000915527344 20.309999465942383 19.989999771118164 0.0099999997764825821 0 0 0 12.760000228881836 74.550003051757812 159.00999450683594 234.8699951171875 24.735372543334961 22.818881988525391 21.996438980102539 21.572931289672852 58064.16796875 10.258488655090332 9.8296871185302734 7.8020586967468262 28.825139999389648 riz 0 58065.18359375 0.62164700031280518 -1.6881260871887207 0.58419358730316162 0.082175113260746002 0.088873580098152161 23.608108520507812 0.10612981766462326 6.4677956288505811e-06 6.3222171320376219e-07 0.025374174118041992 -2.4661676434334368e-07 -5.0855277322625625e-08 33 27.694278717041016 0.72856009006500244 0.62583673000335693
SN: 1927254 10 0 C2 3 0 53.746296000000001 -28.379280000000001 0.58149999380111694 0.0010000000474974513 0.58091098070144653 0.0010000000474974513 0.58091092109680176 0.0018715275218710303 0 300 0 0 0.0084726568311452866 1 2 144036 -9 -9 0.58149999380111694 0.0010000000474974513 53.746262999999999 -28.379322999999999 0.18600000441074371 0.25 -5.1490626335144043 10.015999794006348 0.013000000268220901 -9999 -9999 0.41100001335144043 0.017999999225139618 -9.5959997177124023 0.026907248422503471 0.48600000143051147 -999 23.280000686645508 22.340000152587891 21.899999618530273 21.559999465942383 0.0099999997764825821 0.0099999997764825821 0 0 10.340000152587891 27.420000076293945 40.509998321533203 51.740001678466797 24.963699340820312 23.904830932617188 23.481094360351562 23.215435028076172 58108.06640625 11.010332107543945 10.322829246520996 8.3010215759277344 24.962692260742188 riz 0 58104.703125 1.1010282039642334 -0.17418491840362549 0.68809986114501953 0.053035076707601547 0.076303690671920776 23.648097991943359 0.072362072765827179 6.2339117903320584e-06 4.1547733076185978e-07 0.0082987258210778236 -1.5550227772109793e-07 -1.7454768297398005e-08 33 30.320266723632812 0.6012122631072998 0.18607413768768311
SN: 1770206 10 0 E2 3 0 9.6257509999999993 -44.420440999999997 0.58524000644683838 0.0010000000474974513 0.58411401510238647 0.0010000000474974513 0.58411407470703125 0.0018742376705631614 0 300 0 0 0.0065846377983689308 1 2 119696 -9 -9 0.58520001173019409 0.0010000000474974513 9.6256839999999997 -44.420985000000002 1.968000054359436 1.5019999742507935 -2.5037999153137207 11.034999847412109 0.0080000003799796104 -9999 -9999 1.312999963760376 0.16300000250339508 -9.7329998016357422 0.16573774814605713 1.121999979019165 -999 23.329999923706055 21.889999389648438 21.120000839233398 20.709999084472656 0.0099999997764825821 0 0 0 5.5399999618530273 16.979999542236328 31.920000076293945 32.200000762939453 25.641225814819336 24.425155639648438 23.739843368530273 23.73036003112793 57985.2421875 18.037261962890625 15.25736141204834 12.521492004394531 42.065765380859375 riz 0 57984.609375 1.9675633907318115 -0.32552775740623474 0.90150725841522217 -9.1426540166139603e-05 0.049194887280464172 23.004537582397461 0.048829458653926849 1.1276782061031554e-05 5.0715743782348e-07 0.0037173370365053415 -1.1024247470459159e-07 -1.1275619549167004e-08 35 29.668674468994141 0.72305625677108765 0.10850968211889267
SN: 1895036 10 1 E1 3 0 7.3899489999999997 -43.239986000000002 0.45302000641822815 0.0010000000474974513 0.45194399356842041 0.0010000000474974513 0.45194399356842041 0.0017637899145483971 0 300 0 0 0.0067414124496281147 1 2 134771 -9 -9 0.45300000905990601 0.0010000000474974513 7.3893639999999996 -43.239956999999997 1.5369999408721924 1.3049999475479126 -2.2595183849334717 10.11400032043457 0.014999999664723873 -9999 -9999 0.39899998903274536 0.29800000786781311 -9.7060003280639648 0.30438134074211121 0.77399998903274536 -999 23.600000381469727 22.379999160766602 21.969999313354492 21.600000381469727 0.0099999997764825821 0.0099999997764825821 0.0099999997764825821 0.0099999997764825821 4.1500000953674316 15.880000114440918 19.879999160766602 27.100000381469727 25.954879760742188 24.497873306274414 24.253959655761719 23.917575836181641 58071.02734375 26.61604118347168 20.821310043334961 13.431581497192383 71.678886413574219 riz 0 58073.875 0.45219379663467407 0.79066312313079834 0.3789406418800354 -0.026141973212361336 0.033841561526060104 22.365930557250977 0.035392709076404572 2.0306142687331885e-05 6.6193740622111363e-07 0.001446231035515666 -1.2217044798035204e-07 -1.6133840929910548e-08 35 19.451183319091797 0.98443597555160522 0.27758651971817017
SN: 1878334 10 101 S2 3 0 41.938918999999999 -0.50844599999999995 0.36142000555992126 0.0010000000474974513 0.36043798923492432 0.0010000000474974513 0.36043798923492432 0.0016891601262614131 0 300 0 0 0.031180106103420258 1 2 131946 -9 -9 0.36140000820159912 0.0010000000474974513 41.939245 -0.50852299999999995 1.2070000171661377 1.0829999446868896 -3.0534656047821045 10.538999557495117 0.014999999664723873 -9999 -9999 0.78899997472763062 0.28499999642372131 -9.7320003509521484 0.28868842124938965 1.1189999580383301 -999 22.5 21.219999313354492 20.719999313354492 20.319999694824219 0.0099999997764825821 0 0 0 17.329999923706055 58.630001068115234 96.05999755859375 135.42999267578125 24.403003692626953 23.079700469970703 22.543643951416016 22.170713424682617 58044.3046875 16.120035171508789 14.252316474914551 10.314190864562988 45.628871917724609 griz 0 58040.1796875 0.77259236574172974 0.12120020389556885 0.47166299819946289 0.26887556910514832 0.036026522517204285 22.634021759033203 0.047427468001842499 1.5863211956457235e-05 6.9294179638745845e-07 0.0055300635285675526 -1.2716124331291212e-07 -2.0563923897043423e-08 43 48.970928192138672 0.24590401351451874 0.89716196060180664
SN: 1833339 10 1 C1 3 0 54.653015000000003 -27.661984 0.13091999292373657 0.0010000000474974513 0.13051100075244904 0.0010000000474974513 0.13051104545593262 0.0015098877483978868 0 300 0 0 0.0093127097934484482 1 1 -26406 -9 -9 0.13089999556541443 0.0010000000474974513 54.652912000000001 -27.662127999999999 0.61299997568130493 0.24899999797344208 -9 10.680999755859375 0.008999999612569809 -9999 -9999 1.2649999856948853 0.3919999897480011 -9.4130001068115234 0.39307123422622681 0.9779999852180481 -999 20.319999694824219 19.340000152587891 18.879999160766602 18.590000152587891 0 0 0 0 192.13999938964844 446.60000610351562 624.4000244140625 852.739990234375 21.79095458984375 20.875202178955078 20.511343002319336 20.172958374023438 58019.20703125 113.08293914794922 98.359611511230469 61.039508819580078 250.26840209960938 gri 0 58022.6171875 0.20685762166976929 -1.1332837343215942 0.12473148852586746 0.0039875991642475128 0.021972730755805969 19.689781188964844 0.029917377978563309 0.00023882940877228975 6.580926310562063e-06 0.0008018281077966094 -4.2396504795760848e-07 -1.1302061153628529e-07 33 35.836284637451172 0.33680373430252075 0.37799504399299622
SN: 1904352 10 0 C1 3 0 55.094036000000003 -27.367657000000001 0.64395999908447266 0.0010000000474974513 0.6433749794960022 0.0010000000474974513 0.64337491989135742 0.0019246520241722465 0 300 0 0 0.012395447120070457 1 2 119280 -9 -9 0.64399999380111694 0.0010000000474974513 55.094095000000003 -27.367584999999998 0.32100000977516174 0.32300001382827759 -4.0275020599365234 9.9820003509521484 0.041000001132488251 -9999 -9999 0.24799999594688416 0.057000000029802322 -9.7329998016357422 0.13920488953590393 0.58399999141693115 -999 24.469999313354492 23.459999084472656 22.979999542236328 22.729999542236328 0.019999999552965164 0.0099999997764825821 0.0099999997764825821 0.0099999997764825821 3.5299999713897705 9.2299995422363281 14.270000457763672 17.680000305175781 26.130563735961914 25.086996078491211 24.613941192626953 24.381294250488281 58079.13671875 6.7091341018676758 6.1988472938537598 4.8063201904296875 18.545225143432617 riz 0 58081.13671875 1.0351825952529907 -1.4841346740722656 0.80815809965133667 0.00078804930672049522 0.093510940670967102 23.683067321777344 0.085650444030761719 6.0363277043506969e-06 4.7618763687751198e-07 0.008049297146499157 -2.3308956542678061e-07 -1.5916581830310861e-08 37 18.011964797973633 0.99636101722717285 0.4947185218334198
SN: 1833468 10 0 X3 3 0 36.869011 -4.9708019999999999 0.78516000509262085 0.0010000000474974513 0.78374701738357544 0.0010000000474974513 0.78374695777893066 0.0020459715742617846 0 300 0 0 0.024314658716320992 1 1 -26536 -9 -9 0.78519999980926514 0.0010000000474974513 36.868918999999998 -4.9707090000000003 0.4699999988079071 0.48100000619888306 -9 11.284000396728516 0.0030000000260770321 -9999 -9999 -0.77499997615814209 0.9089999794960022 -12.034000396728516 0.91011315584182739 1.3830000162124634 -999 24.170000076293945 22.209999084472656 20.829999923706055 20.420000076293945 0.0099999997764825821 0 0 0 5.0399999618530273 30.370000839233398 98.790000915527344 150.47000122070312 25.743923187255859 23.793888092041016 22.513217926025391 22.056375503540039 58015.265625 12.193545341491699 8.821558952331543 -99 24.881668090820312 iz 0 58016.53125 1.1620786190032959 -0.28002449870109558 0.69286024570465088 -0.19511508941650391 0.14008942246437073 23.944034576416016 0.07220371812582016 4.7466419346164912e-06 3.1566156621920527e-07 -0.0058374586515128613 -9.7896325712554244e-08 -2.4195662362558323e-08 30 17.874454498291016 0.96053129434585571 0.65704751014709473
SN: 1773339 10 0 E2 3 0 8.747007 -44.425732000000004 0.28508999943733215 0.0010000000474974513 0.28417098522186279 0.0010000000474974513 0.28417098522186279 0.0016282801516354084 0 300 0 0 0.0083011947572231293 1 2 -29374 -9 -9 0.28510001301765442 0.0010000000474974513 8.7471990000000002 -44.425364999999999 1.4099999666213989 1.2170000076293945 -2.5328218936920166 10.26200008392334 0.0060000000521540642 -9999 -9999 0.87000000476837158 0.12700000405311584 -9.380000114440918 0.13147242367267609 0.95200002193450928 -999 22.139999389648438 21.170000076293945 20.709999084472656 20.450000762939453 0 0 0 0 15.840000152587891 46.279998779296875 52.310001373291016 73.269996643066406 24.500612258911133 23.336517333984375 23.203536987304688 22.837684631347656 57990.25 12.186955451965332 11.287354469299316 9.803318977355957 29.951509475708008 griz 0 57994.43359375 0.59053736925125122 -2.1780159473419189 0.6928640604019165 0.15428516268730164 0.050679437816143036 23.336008071899414 0.062914349138736725 8.3099175753886811e-06 4.8152861609196407e-07 0.009756285697221756 -1.3780089602732914e-07 -1.5797024133235027e-08 47 28.161767959594727 0.98666805028915405 0.88970309495925903
SN: 1919042 10 0 E2 3 0 10.683892999999999 -44.227409000000002 0.34909000992774963 0.0010000000474974513 0.34813600778579712 0.0010000000474974513 0.34813594818115234 0.0016792546957731247 0 300 0 0 0.0054167211055755615 1 3 -31998 -9 -9 0.34909999370574951 0.0010000000474974513 10.683286000000001 -44.227904000000002 2.371999979019165 3.2929999828338623 -0.58377301692962646 9.9479999542236328 0.012000000104308128 -9999 -9999 0.33899998664855957 0.0099999997764825821 -9.6520004272460938 0.13337540626525879 0.50300002098083496 -999 22.450000762939453 21.549999237060547 21.190000534057617 20.850000381469727 0.0099999997764825821 0 0 0 2.1700000762939453 5.2800002098083496 6.8499999046325684 7.7199997901916504 26.658849716186523 25.693414688110352 25.410774230957031 25.280956268310547 58099.1484375 41.300247192382812 30.828611373901367 30.656761169433594 92.145034790039062 griz 0 58101.8671875 0.2709084153175354 0.11036670207977295 0.32376167178153992 0.029480285942554474 0.022107949480414391 21.917932510375977 0.028225842863321304 3.0677998438477516e-05 7.9753476711630356e-07 0.0030331641901284456 -1.689279685024303e-07 -1.2060210607955923e-08 24 14.688935279846191 0.92953121662139893 0.10492829978466034
SN: 1876204 10 101 C3 3 0 52.900402 -27.945885000000001 0.510670006275177 0.0010000000474974513 0.51008099317550659 0.0010000000474974513 0.51008105278015137 0.0018120122840628028 0 300 0 0 0.0072058048099279404 2 2 130727 -9 -9 0.51069998741149902 0.0010000000474974513 52.900523 -27.945872999999999 0.38600000739097595 0.53899997472763062 -2.9794988632202148 9.7700004577636719 0.078000001609325409 -9999 -9999 0.24899999797344208 0.029999999329447746 -9.6520004272460938 0.062649823725223541 0.52700001001358032 -999 23.229999542236328 22.239999771118164 21.879999160766602 21.579999923706055 0 0 0 0 11.369999885559082 30.590000152587891 43.450000762939453 51.069999694824219 24.860599517822266 23.786050796508789 23.405025482177734 23.229585647583008 58040.296875 46.705589294433594 24.264928817749023 22.836252212524414 92.879783630371094 riz 0 58045.4140625 0.4064863920211792 0.68167811632156372 0.36855712532997131 0.042510144412517548 0.028562840074300766 23.031181335449219 0.033845812082290649 1.1003410691046156e-05 3.4301092455280013e-07 0.0022471649572253227 -7.8541980030877312e-08 -6.7731189545838788e-09 27 19.972988128662109 0.83188778162002563 0.26778852939605713
SN: 1923155 10 101 C3 3 0 51.865668999999997 -28.515791 0.39256998896598816 0.0010000000474974513 0.39200800657272339 0.0010000000474974513 0.39200806617736816 0.0017147223697975278 0 300 0 0 0.0076735122129321098 1 2 -32460 -9 -9 0.39259999990463257 0.0010000000474974513 51.865752999999998 -28.515874 0.39899998903274536 0.46900001168251038 -3.5974147319793701 9.444000244140625 0.013000000268220901 -9999 -9999 0.85699999332427979 0.10100000351667404 -8.5930004119873047 0.10756393522024155 0.41100001335144043 -999 23.510000228881836 22.559999465942383 22.280000686645508 21.969999313354492 0.0099999997764825821 0 0 0 9.9200000762939453 23.540000915527344 30.969999313354492 38.049999237060547 25.008720397949219 24.070484161376953 23.772647857666016 23.549114227294922 58117.14453125 62.787834167480469 55.535930633544922 25.754650115966797 141.54571533203125 riz 0 58109.421875 0.22400021553039551 0.75498098134994507 0.22982731461524963 0.19774524867534637 0.026636037975549698 22.901189804077148 0.03261992335319519 1.2402934771671426e-05 3.7263450280988764e-07 0.0017878495855256915 -5.0073797552840915e-08 -8.2217406216500422e-09 26 17.644790649414062 0.88831204175949097 0.7055584192276001
SN: 1817269 10 0 C3 3 0 52.228951000000002 -28.005026000000001 0.53070002794265747 0.0010000000474974513 0.5300859808921814 0.0010000000474974513 0.53008604049682617 0.0018287394195795059 0 300 0 0 0.0072534116916358471 1 1 124760 -9 -9 0.53070002794265747 0.0010000000474974513 52.229002000000001 -28.005040999999999 0.17100000381469727 0.21699999272823334 -9 9.5930004119873047 0.059000000357627869 -9999 -9999 0.18199999630451202 0.027000000700354576 -9.5670003890991211 0.038183767348527908 0.46799999475479126 -999 23.540000915527344 22.590000152587891 22.25 22.030000686645508 0.0099999997764825821 0 0 0 8.6700000762939453 21.190000534057617 29.25 32.75 25.154953002929688 24.184673309326172 23.834686279296875 23.711971282958984 58021.203125 47.017318725585938 40.694301605224609 30.283334732055664 106.24411010742188 riz 0 58020.5859375 0.30834126472473145 0.34033879637718201 0.22704252600669861 0.0084010595455765724 0.025395691394805908 23.032739639282227 0.028585078194737434 1.0987639143422712e-05 2.8928070605616085e-07 0.0005953948711976409 -3.6953569093611804e-08 -4.8057979817883734e-09 38 52.327804565429688 0.060869570821523666 0.11685141175985336
SN: 1894320 10 0 C2 3 0 53.220326 -29.139047999999999 0.71944999694824219 0.0010000000474974513 0.71880298852920532 0.0010000000474974513 0.71880292892456055 0.0019895292352885008 0 300 0 0 0.0070951362140476704 1 1 134474 -9 -9 0.71939998865127563 0.0010000000474974513 53.220441000000001 -29.139113999999999 0.43200001120567322 0.46299999952316284 -9 10.930999755859375 0.026000000536441803 -9999 -9999 -6.2859997749328613 3.7139999866485596 -17.219999313354492 3.7166001796722412 1.2860000133514404 -999 24.129999160766602 22.430000305175781 21.399999618530273 20.899999618530273 0.019999999552965164 0.0099999997764825821 0 0 4.6500000953674316 25.280000686645508 68.800003051757812 98.730003356933594 25.831367492675781 23.993057250976562 22.906028747558594 22.513877868652344 58071.296875 7.7991647720336914 6.5042967796325684 4.2219233512878418 20.480442047119141 riz 0 58066.8203125 0.9655073881149292 -1.4776605367660522 0.89231276512145996 -0.060918185859918594 0.087846271693706512 23.732870101928711 0.081844516098499298 5.7656984608911444e-06 4.346275090938434e-07 0.025226306170225143 -2.6906806738224986e-07 -8.1159754472537315e-09 47 46.693187713623047 0.48518136143684387 0.53276878595352173
SN: 1910132 10 0 X3 3 0 37.114604999999997 -4.3553360000000003 0.26370999217033386 0.0010000000474974513 0.26271098852157593 0.0010000000474974513 0.2627110481262207 0.0016113867750391364 0 300 0 0 0.022520562633872032 1 1 -36128 -9 -9 0.26370000839233398 0.0010000000474974513 37.114783000000003 -4.355264 0.68800002336502075 0.33500000834465027 -9 11.098999977111816 0.16200000047683716 -9999 -9999 0.15800000727176666 0.22499999403953552 -11.076999664306641 0.23115795850753784 1.4839999675750732 -999 21.25 19.510000228881836 19.030000686645508 18.850000381469727 0 0 0 0 70.620002746582031 299.75 471.8900146484375 616.75 22.877681732177734 21.308101654052734 20.815399169921875 20.524726867675781 58086.109375 55.854194641113281 53.531806945800781 46.547931671142578 163.32029724121094 gri 0 58087.77734375 0.2082047164440155 -0.55896371603012085 0.16203945875167847 -0.058081824332475662 0.019579635933041573 21.080530166625977 0.023434001952409744 6.6341854108031839e-05 1.4318902685772628e-06 0.00072641094448044896 -1.2973914920166862e-07 -1.7797811224795623e-08 25 40.986301422119141 0.023033550009131432 0.26869854331016541
SN: 1900865 10 0 C3 3 0 52.213634999999996 -28.306494000000001 0.45462998747825623 0.0010000000474974513 0.45404899120330811 0.0010000000474974513 0.45404899120330811 0.0017655255505815148 0 300 0 0 0.0073544667102396488 1 1 137014 -9 -9 0.4546000063419342 0.0010000000474974513 52.213999000000001 -28.3063 1.3480000495910645 1.0740000009536743 -9 10.854000091552734 0.0060000000521540642 -9999 -9999 1.3059999942779541 0.289000004529953 -9.5369997024536133 0.29087796807289124 1.0809999704360962 -999 22.680000305175781 21.299999237060547 20.739999771118164 20.270000457763672 0 0 0 0 18.75 62.919998168945312 101.43000030517578 129.8699951171875 24.317497253417969 23.003028869628906 22.484584808349609 22.216228485107422 58076.28125 37.310031890869141 19.49522590637207 17.019710540771484 86.899955749511719 riz 0 58079.7578125 0.34089994430541992 -1.2762744426727295 0.24928681552410126 0.095715977251529694 0.034713026136159897 23.046110153198242 0.037975896149873734 1.0853153980860952e-05 3.7961177667966695e-07 0.0011799073545262218 -4.2716870041203947e-08 -9.9827426325305169e-09 34 20.03248405456543 0.97260421514511108 0.53177177906036377
SN: 1847216 10 0 X2 3 0 36.167895999999999 -6.8941929999999996 0.48023000359535217 0.0010000000474974513 0.47905299067497253 0.0010000000474974513 0.47905302047729492 0.0017862019594758749 0 300 0 0 0.026725107803940773 1 1 130064 -9 -9 0.48019999265670776 0.0010000000474974513 36.168038000000003 -6.89419 0.50900000333786011 0.6029999852180481 -9 10.472000122070312 0.023000000044703484 -9999 -9999 0.48600000143051147 0.49799999594688416 -9.9829998016357422 0.5039176344871521 1.0740000009536743 -999 23.360000610351562 21.920000076293945 21.329999923706055 20.909999847412109 0.0099999997764825821 0 0 0 8.7899999618530273 38.729999542236328 65.300003051757812 96.180000305175781 25.14002799987793 23.529880523681641 22.962717056274414 22.542287826538086 58026.1640625 17.381416320800781 10.775823593139648 8.3088865280151367 34.367313385009766 riz 0 58023.7578125 0.63074231147766113 -0.32753321528434753 0.5300147533416748 -0.037767544388771057 0.059279337525367737 22.875762939453125 0.063233792781829834 1.2696822523139417e-05 7.3946898737631273e-07 0.0023890919983386993 -2.2643800434707373e-07 -2.6967816424416924e-08 37 42.587970733642578 0.24316251277923584 0.16663891077041626
SN: 1934253 10 101 C3 3 0 52.328941 -28.770074999999999 0.53799998760223389 0.0010000000474974513 0.53739398717880249 0.0010000000474974513 0.53739404678344727 0.0018348664743825793 0 300 0 0 0.0091393878683447838 1 2 146134 -9 -9 0.53799998760223389 0.0010000000474974513 52.328809999999997 -28.770035 0.43700000643730164 0.77600002288818359 -3.4087960720062256 8.4879999160766602 0.028999999165534973 -9999 -9999 -0.47900000214576721 0.12399999797344208 -9.1960000991821289 0.50932502746582031 0.11699999868869781 -999 25.200000762939453 24.5 24.149999618530273 24.129999160766602 0.029999999329447746 0.019999999552965164 0.019999999552965164 0.029999999329447746 1.8400000333786011 3.5199999809265137 5.0199999809265137 4.7100000381469727 26.837955474853516 26.133644104003906 25.748241424560547 25.817447662353516 58124.09765625 79.585807800292969 53.186222076416016 42.47705078125 140.04814147949219 riz 0 58122.88671875 0.31857514381408691 0.32357889413833618 0.23920819163322449 0.0088752387091517448 0.0267828069627285 23.059492111206055 0.027678968384861946 1.0720206773839891e-05 2.7329315344104543e-07 0.0017602975713089108 -3.7603893332516236e-08 -5.3422017920468079e-09 20 23.178329467773438 0.2801232635974884 0.1118432879447937
SN: 1849109 10 0 X2 3 0 35.525955000000003 -5.6789540000000001 0.62529999017715454 0.0010000000474974513 0.62398302555084229 0.0010000000474974513 0.62398302555084229 0.0019080988131463528 0 300 0 0 0.021681530401110649 1 1 127042 -9 -9 0.62529999017715454 0.0010000000474974513 35.525979 -5.6789129999999997 0.17000000178813934 0.23600000143051147 -9 10.218999862670898 0.024000000208616257 -9999 -9999 -0.73900002241134644 2.502000093460083 -10.956000328063965 2.507110595703125 1.2079999446868896 -999 24.709999084472656 23.049999237060547 22.209999084472656 21.889999389648438 0.039999999105930328 0.0099999997764825821 0.0099999997764825821 0.0099999997764825821 2.7400000095367432 12.689999580383301 28.219999313354492 38.150001525878906 26.405624389648438 24.74134635925293 23.873607635498047 23.5462646484375 58019.18359375 13.450414657592773 12.641328811645508 8.5295886993408203 34.025970458984375 riz 0 58020.9765625 0.70419430732727051 0.29438978433609009 0.60540556907653809 0.0015967239160090685 0.056727990508079529 23.077945709228516 0.060782939195632935 1.0539545655774418e-05 5.9003701835536049e-07 0.0079094246029853821 -2.6506685912863759e-07 -1.6299184224521923e-08 46 54.304363250732422 0.18749658763408661 0.098274156451225281
SN: 1933035 10 0 E1 3 0 8.8570879999999992 -42.933726999999998 0.34204000234603882 0.0010000000474974513 0.34104999899864197 0.0010000000474974513 0.34105002880096436 0.0016735638491809368 0 300 0 0 0.0070429118350148201 1 2 145480 -9 -9 0.34200000762939453 0.0010000000474974513 8.8571629999999999 -42.933697000000002 0.22499999403953552 0.2669999897480011 -4.4934701919555664 10.637999534606934 0.043999999761581421 -9999 -9999 -3.9800000190734863 6.0199999809265137 -14.62399959564209 6.0203509330749512 1.6289999485015869 -999 22.440000534057617 20.739999771118164 20.100000381469727 19.739999771118164 0 0 0 0 23.440000534057617 116.59999847412109 212.52000427246094 280.57998657226562 24.075105667114258 22.333253860473633 21.681499481201172 21.379858016967773 58117.046875 12.920193672180176 10.29926586151123 7.6432795524597168 28.219329833984375 griz 0 58117.98828125 0.71524429321289062 -0.79549944400787354 0.84886956214904785 0.15467417240142822 0.067145660519599915 22.759098052978516 0.088439226150512695 1.4137126527202781e-05 1.1515472806422622e-06 0.031612198799848557 -7.1759922093406203e-07 -6.8198879432657122e-08 16 15.280908584594727 0.50416857004165649 0.57977283000946045
SN: 1904182 10 0 X3 3 0 36.854843000000002 -3.8997459999999999 0.76797997951507568 0.0010000000474974513 0.76657301187515259 0.0010000000474974513 0.76657295227050781 0.0020309961400926113 0 300 0 0 0.02496657706797123 1 2 130599 -9 -9 0.76800000667572021 0.0010000000474974513 36.854832000000002 -3.8997220000000001 0.096000000834465027 0.075000002980232239 -6.7130069732666016 10.781000137329102 0.048000000417232513 -9999 -9999 -2.3190000057220459 6.2399997711181641 -13.095000267028809 6.2425956726074219 1.2100000381469727 -999 25.430000305175781 23.389999389648438 22.190000534057617 21.729999542236328 0.039999999105930328 0.0099999997764825821 0 0 1.8300000429153442 11.079999923706055 31.370000839233398 47.459999084472656 26.8438720703125 24.888650894165039 23.758712768554688 23.309181213378906 58071.1171875 13.266397476196289 12.284004211425781 10.913830757141113 33.465194702148438 riz 0 58073.72265625 0.79181110858917236 -1.6194069385528564 0.50550162792205811 -0.032959483563899994 0.067720726132392883 23.956707000732422 0.049304291605949402 4.6915561142668594e-06 2.1304794017851236e-07 0.0044708517380058765 -6.0222340891868953e-08 -2.354747508093169e-09 37 51.026527404785156 0.062253654003143311 0.5508691668510437
SN: 1773078 10 1 E2 3 0 9.7897200000000009 -43.244484 0.272350013256073 0.0010000000474974513 0.27142399549484253 0.0010000000474974513 0.2714240550994873 0.0016182325780391693 0 300 0 0 0.0076115531846880913 1 2 119711 -9 -9 0.27239999175071716 0.0010000000474974513 9.7903149999999997 -43.243979000000003 2.3959999084472656 1.8930000066757202 -1.8986773490905762 9.7600002288818359 0.017000000923871994 -9999 -9999 1.4650000333786011 0.0030000000260770321 -8.300999641418457 0.045099887996912003 0.40700000524520874 -999 21.870000839233398 21.340000152587891 21.030000686645508 20.819999694824219 0 0 0 0 9.3400001525878906 12.689999580383301 19.659999847412109 18.450000762939453 25.074132919311523 24.74134635925293 24.266040802001953 24.33500862121582 57985.2421875 94.046173095703125 89.642112731933594 64.451278686523438 238.58253479003906 griz 0 57987.94921875 0.31742841005325317 1.165210485458374 0.22415453195571899 -0.042213752865791321 0.014803661964833736 21.012723922729492 0.017612919211387634 7.0617148594465107e-05 1.1455583717179252e-06 0.0008326356764882803 -1.0881063872147934e-07 -1.1080627970727619e-08 43 21.480319976806641 0.99752110242843628 0.41310688853263855
SN: 1936293 10 0 C3 3 0 52.393990000000002 -28.687922 0.83240002393722534 0.0010000000474974513 0.83167898654937744 0.0010000000474974513 0.83167898654937744 0.0020879476796835661 0 300 0 0 0.0093880230560898781 1 1 146103 -9 -9 0.83240002393722534 0.0010000000474974513 52.393915999999997 -28.687963 0.27500000596046448 0.34200000762939453 -9 10.770000457763672 0.017999999225139618 -9999 -9999 0.40400001406669617 0.88200002908706665 -10.380999565124512 0.88765084743499756 1.3789999485015869 -999 25.569999694824219 23.770000457763672 22.510000228881836 21.870000839233398 0.039999999105930328 0.0099999997764825821 0 0 1.2899999618530273 7.130000114440918 23.190000534057617 39.069999694824219 27.223526000976562 25.367275238037109 24.086748123168945 23.520391464233398 58117.14453125 19.217620849609375 14.417290687561035 10.986085891723633 36.204299926757812 riz 0 58123.6953125 0.94519120454788208 -1.3246140480041504 0.62690830230712891 -0.068614542484283447 0.054147973656654358 24.465934753417969 0.047668687999248505 2.9351238026720239e-06 1.2886509637155541e-07 0.011040220037102699 -5.0388116790145432e-08 -3.2231828317463851e-11 22 26.981588363647461 0.21192660927772522 0.49725890159606934
SN: 1919017 10 0 E1 3 0 8.8036139999999996 -42.932845999999998 0.21939000487327576 0.0010000000474974513 0.21849000453948975 0.0010000000474974513 0.21849000453948975 0.0015769272577017546 0 300 0 0 0.0081555768847465515 1 2 141109 -9 -9 0.21940000355243683 0.0010000000474974513 8.8037910000000004 -42.932887999999998 0.49000000953674316 0.51499998569488525 -3.9279427528381348 10.543999671936035 0.10400000214576721 -9999 -9999 -0.75099998712539673 9.2489995956420898 -11.156999588012695 9.2489995956420898 1.590999960899353 -999 21.319999694824219 19.940000534057617 19.420000076293945 19.079999923706055 0 0 0 0 65.510002136230469 235.71000671386719 380.8699951171875 485.80999755859375 22.959230422973633 21.569053649902344 21.048057556152344 20.783834457397461 58093.12109375 30.010967254638672 23.883203506469727 18.284662246704102 67.358955383300781 griz 0 58095.265625 0.30657744407653809 -1.8689364194869995 0.3028503954410553 0.21630877256393433 0.031828656792640686 21.6966552734375 0.044014092534780502 3.7613015592796728e-05 1.524774461358902e-06 0.0029121318366378546 -2.2999813609203557e-07 -3.8373226374233127e-08 32 29.365703582763672 0.60054028034210205 0.95288288593292236
SN: 1342580 10 0 X3 3 0 36.688201999999997 -3.9741469999999999 0.8762199878692627 0.0010000000474974513 0.87472200393676758 0.0010000000474974513 0.87472200393676758 0.0021258583292365074 0 300 0 0 0.024914080277085304 1 3 43817 -9 -9 0.87620002031326294 0.0010000000474974513 36.688402000000004 -3.9742320000000002 0.78100001811981201 0.76700001955032349 -3.2029707431793213 10.984999656677246 0.05000000074505806 -9999 -9999 -0.40599998831748962 6.6269998550415039 -11.371000289916992 6.6289796829223633 1.4559999704360962 -999 25.850000381469727 23.709999084472656 22.399999618530273 21.670000076293945 0.079999998211860657 0.0099999997764825821 0.0099999997764825821 0 0.99000000953674316 7.9699997901916504 24.700000762939453 48.209999084472656 27.5 25.246353149414062 24.018257141113281 23.292156219482422 57387.046875 15.494816780090332 12.221329689025879 -99 31.847475051879883 iz 0 57384.91796875 0.91046160459518433 -0.95457655191421509 0.78627479076385498 0.080496549606323242 0.11683261394500732 24.024497985839844 0.053833581507205963 4.407584583532298e-06 2.1853934129012487e-07 0.0080071724951267242 -1.0572949094012074e-07 -8.0942861302446545e-09 7 3.7179722785949707 0.81162786483764648 0.41622453927993774
SN: 1341426 10 0 E2 3 0 9.3808900000000008 -44.346477999999998 0.55431997776031494 0.0010000000474974513 0.55321198701858521 0.0010000000474974513 0.55321192741394043 0.0018481577280908823 0 300 0 0 0.0062008872628211975 1 1 43537 -9 -9 0.55430001020431519 0.0010000000474974513 9.3810680000000009 -44.346722999999997 0.99400001764297485 1.0880000591278076 -9 9.6590003967285156 0.016000000759959221 -9999 -9999 1.2059999704360962 0.86799997091293335 -8.4600000381469727 0.86896777153015137 0.29600000381469727 -999 23.860000610351562 22.870000839233398 22.479999542236328 22.319999694824219 0.019999999552965164 0.0099999997764825821 0.0099999997764825821 0.0099999997764825821 6.7699999809265137 17.170000076293945 25.040000915527344 27.340000152587891 25.423528671264648 24.413074493408203 24.003414154052734 23.908004760742188 57385.09375 14.368136405944824 10.517703056335449 8.3366031646728516 33.557601928710938 riz 0 57381.13671875 0.83241665363311768 0.58922106027603149 0.725288987159729 -0.0062844757921993732 0.06564263254404068 23.120552062988281 0.06547459214925766 1.01339664979605e-05 6.1112206140023773e-07 0.016663789749145508 -3.1665729238739004e-07 -2.4413807864220871e-08 14 16.291574478149414 0.29589435458183289 0.19752100110054016
SN: 1331976 10 0 X3 3 0 36.830399 -5.1877199999999997 0.5606200098991394 0.0010000000474974513 0.55938500165939331 0.0010000000474974513 0.55938506126403809 0.0018533557886257768 0 300 0 0 0.023253785446286201 1 2 -14221 -9 -9 0.56059998273849487 0.0010000000474974513 36.830449999999999 -5.1875929999999997 0.49200001358985901 0.67500001192092896 -2.9820258617401123 8.9750003814697266 0.018999999389052391 -9999 -9999 0.96700000762939453 1.1109999418258667 -8.0059995651245117 1.129936695098877 0.16200000047683716 -999 24.649999618530273 23.899999618530273 23.510000228881836 23.450000762939453 0.019999999552965164 0.0099999997764825821 0.019999999552965164 0.019999999552965164 2.7100000381469727 6.0799999237060547 8.3500003814697266 8.6800003051757812 26.417575836181641 25.540241241455078 25.195783615112305 25.153701782226562 57327.18359375 11.722485542297363 6.3095030784606934 5.3279585838317871 29.298418045043945 riz 0 57324.7109375 0.75050634145736694 -1.198111891746521 0.5939253568649292 -0.077917210757732391 0.063920348882675171 24.105974197387695 0.063570626080036163 4.0889344745664857e-06 2.3941001359162328e-07 0.00058417051332071424 -7.7474936688304297e-08 -8.3956415153352282e-09 34 24.763496398925781 0.8766666054725647 0.4763963520526886
SN: 1314317 10 0 X3 3 0 36.596671999999998 -5.312144 0.78807002305984497 0.0010000000474974513 0.78664898872375488 0.0010000000474974513 0.78664898872375488 0.0020485054701566696 0 300 0 0 0.023300524801015854 1 3 18257 -9 -9 0.78810000419616699 0.0010000000474974513 36.597023 -5.3121590000000003 1.2599999904632568 1.1390000581741333 -2.20772385597229 11.25100040435791 0.0020000000949949026 -9999 -9999 -2.0980000495910645 7.9019999504089355 -13.329000473022461 7.9020395278930664 1.5559999942779541 -999 24.75 22.780000686645508 21.370000839233398 20.75 0.029999999329447746 0 0 0 1.3600000143051147 12.579999923706055 48.419998168945312 66.870002746582031 27.166152954101562 24.750797271728516 23.287437438964844 22.936922073364258 57283.1875 11.973806381225586 11.790312767028809 9.1479759216308594 29.043317794799805 riz 0 57281.875 1.0353527069091797 -2.9300925731658936 0.73906397819519043 -0.10750836879014969 0.070352017879486084 24.017068862915039 0.057110674679279327 4.4378484744811431e-06 2.3343471866610344e-07 0.0027762663085013628 -8.3402767359075369e-08 -5.7711653234093774e-09 41 22.520437240600586 0.99157464504241943 1.0403656959533691
SN: 1337838 10 1 X2 3 0 35.496009999999998 -6.4981960000000001 0.31299999356269836 0.0010000000474974513 0.31194001436233521 0.0010000000474974513 0.31193995475769043 0.0016502980142831802 0 300 0 0 0.023159092292189598 1 2 42536 -9 -9 0.31299999356269836 0.0010000000474974513 35.496121000000002 -6.4981450000000001 0.43799999356269836 1.0859999656677246 -3.017371654510498 7.9689998626708984 0.19799999892711639 -9999 -9999 -0.96799999475479126 9.0319995880126953 -9.0100002288818359 9.0650177001953125 0.45899999141693115 -999 26.090000152587891 25.409999847412109 24.979999542236328 24.969999313354492 0.14000000059604645 0.090000003576278687 0.079999998211860657 0.12999999523162842 1.1100000143051147 1.5499999523162842 2.1700000762939453 2.559999942779541 27.386692047119141 27.024169921875 26.658849716186523 26.479400634765625 57366.0546875 70.365592956542969 67.323638916015625 44.378627777099609 175.92825317382812 griz 0 57364.8046875 0.21736472845077515 1.0516157150268555 0.22540254890918732 -0.033191908150911331 0.017106901854276657 21.474033355712891 0.021938430145382881 4.6172859583748505e-05 9.3297069270192878e-07 0.0010667601600289345 -1.2699402418547834e-07 -1.0039226339131346e-08 27 20.212417602539062 0.82172465324401855 0.36758461594581604
SN: 1281691 10 0 E2 3 0 9.7907910000000005 -43.715645000000002 0.57934999465942383 0.0010000000474974513 0.57821297645568848 0.0010000000474974513 0.57821297645568848 0.0018692460143938661 0 300 0 0 0.0062447120435535908 1 2 9258 -9 -9 0.57929998636245728 0.0010000000474974513 9.7908030000000004 -43.715685000000001 0.14800000190734863 0.2669999897480011 -4.731877326965332 10.060000419616699 0.020999999716877937 -9999 -9999 0.027000000700354576 5.0359997749328613 -10.064999580383301 5.0375509262084961 1.3559999465942383 -999 25.209999084472656 23.590000152587891 22.780000686645508 22.360000610351562 0.05000000074505806 0.019999999552965164 0.0099999997764825821 0.0099999997764825821 1.6100000143051147 7.630000114440918 15.609999656677246 22.920000076293945 26.982934951782227 25.29368782043457 24.51649284362793 24.099464416503906 57257.23046875 11.350701332092285 10.765193939208984 7.7140040397644043 30.179937362670898 riz 0 57263.48046875 0.83518302440643311 0.67240214347839355 0.96910268068313599 0.15044401586055756 0.071308717131614685 23.484584808349609 0.088807865977287292 7.2471266321372241e-06 5.9277920172462473e-07 0.03082796186208725 -4.694147435202467e-07 -2.927977327260578e-08 48 43.049720764160156 0.6754528284072876 0.54928892850875854
SN: 1281886 10 1 S2 3 0 41.725181999999997 -1.009943 0.38493001461029053 0.0010000000474974513 0.38392698764801025 0.0010000000474974513 0.38392698764801025 0.0017081599216908216 0 300 0 0 0.028678370639681816 1 2 13736 -9 -9 0.38490000367164612 0.0010000000474974513 41.725133 -1.0099389999999999 0.17800000309944153 0.29800000786781311 -4.8693385124206543 9.4099998474121094 0.020999999716877937 -9999 -9999 0.16699999570846558 0.50499999523162842 -9.2360000610351562 0.50700098276138306 0.82700002193450928 -999 24.139999389648438 22.979999542236328 22.639999389648438 22.340000152587891 0.019999999552965164 0.0099999997764825821 0.0099999997764825821 0.0099999997764825821 4.5199999809265137 14.189999580383301 19.360000610351562 25.770000457763672 25.862154006958008 24.620044708251953 24.282735824584961 23.972213745117188 57265.2890625 25.236495971679688 20.100101470947266 12.418859481811523 58.245864868164062 riz 0 57268.23828125 0.40776312351226807 1.1813461780548096 0.35980871319770813 -0.0016671157209202647 0.041992664337158203 22.043493270874023 0.054697893559932709 2.7327660063747317e-05 1.3767298696620855e-06 0.0036328274291008711 -2.917106769473321e-07 -4.7423998950080204e-08 47 49.866886138916016 0.36002996563911438 0.39382123947143555
SN: 1341556 10 0 X2 3 0 35.919296000000003 -6.9837309999999997 0.71720999479293823 0.0010000000474974513 0.71583902835845947 0.0010000000474974513 0.71583902835845947 0.0019869657699018717 0 300 0 0 0.022955169901251793 1 3 43783 -9 -9 0.71719998121261597 0.0010000000474974513 35.919365999999997 -6.9836919999999996 0.28799998760223389 0.37700000405311584 -3.9800169467926025 10.517999649047852 0.030999999493360519 -9999 -9999 0.48899999260902405 0.51200002431869507 -10.020000457763672 0.53324007987976074 1.1050000190734863 -999 25.319999694824219 23.670000076293945 22.610000610351562 22.110000610351562 0.070000000298023224 0.019999999552965164 0.0099999997764825821 0.0099999997764825821 1.9800000190734863 7.820000171661377 21.120000839233398 31.030000686645508 26.758337020874023 25.266983032226562 24.188264846801758 23.770545959472656 57366.05859375 9.1048564910888672 8.223637580871582 4.2301578521728516 20.962869644165039 riz 0 57370.66796875 1.082424521446228 -1.130405068397522 0.85690242052078247 -0.071853362023830414 0.083813533186912537 23.775266647338867 0.076999738812446594 5.5448936109314673e-06 3.9324044109889655e-07 0.015944182872772217 -2.0793038402189268e-07 -2.4895128181157133e-09 26 25.029647827148438 0.51729744672775269 0.44648081064224243
SN: 1314897 10 1 X3 3 0 36.606628000000001 -4.1551600000000004 0.33768999576568604 0.0010000000474974513 0.3366209864616394 0.0010000000474974513 0.33662104606628418 0.0016700121341273189 0 300 0 0 0.024131104350090027 1 2 -9231 -9 -9 0.3377000093460083 0.0010000000474974513 36.606771999999999 -4.1546419999999999 1.937000036239624 1.1920000314712524 -2.713350772857666 10.901000022888184 0.0099999997764825821 -9999 -9999 1.1360000371932983 0.26600000262260437 -9.7060003280639648 0.26654267311096191 1.1039999723434448 -999 21.790000915527344 20.430000305175781 19.909999847412109 19.399999618530273 0 0 0 0 20.579999923706055 71.910003662109375 105.16999816894531 147.19000244140625 24.216386795043945 22.858026504516602 22.445270538330078 22.080303192138672 57301.29296875 55.344905853271484 35.033210754394531 -99 88.3489990234375 gr 0 57301.96484375 0.31511902809143066 -0.088037721812725067 0.25986069440841675 -0.027281051501631737 0.033005855977535248 21.68359375 0.030900400131940842 3.8068239518906921e-05 1.0834343129317858e-06 -7.2925621452668565e-07 -1.9828695485557546e-07 -6.3671201644410758e-09 17 37.499656677246094 0.0028778137639164925 0.095554642379283905
SN: 1332747 10 0 C3 3 0 53.140884 -27.796586999999999 0.34356600046157837 0.0010000000474974513 0.34304600954055786 0.0010000000474974513 0.34304594993591309 0.0016751656075939536 0 300 0 0 0.0067595755681395531 1 1 -16699 -9 -9 0.34360000491142273 0.0010000000474974513 53.140967000000003 -27.796668 0.3919999897480011 0.47900000214576721 -9 9.3000001907348633 0.010999999940395355 -9999 -9999 0.30700001120567322 0.66299998760223389 -8.9829998016357422 0.66769003868103027 0.61900001764297485 -999 23.680000305175781 22.729999542236328 22.389999389648438 22.090000152587891 0.0099999997764825821 0 0 0.0099999997764825821 7.369999885559082 17.909999847412109 24.549999237060547 30.760000228881836 25.331331253051758 24.367259979248047 24.024871826171875 23.780033111572266 57327.09765625 40.717681884765625 36.635986328125 27.689397811889648 137.05741882324219 griz 0 57325.1640625 0.21618080139160156 1.0711206197738647 0.16612417995929718 0.25901290774345398 0.019718371331691742 22.893720626831055 0.026085255667567253 1.2488545507949311e-05 3.0004241580172675e-07 0.00060482136905193329 -2.5660517266601346e-08 -4.4502410645463897e-09 41 30.178579330444336 0.89336299896240234 0.93428921699523926
SN: 1335585 10 0 X2 3 0 35.114646999999998 -7.1113840000000001 0.60686999559402466 0.0010000000474974513 0.60556697845458984 0.0010000000474974513 0.60556697845458984 0.0018924286123365164 0 300 0 0 0.020251670852303505 1 1 41200 -9 -9 0.60689997673034668 0.0010000000474974513 35.114725 -7.1113489999999997 0.3059999942779541 0.46900001168251038 -9 10.329000473022461 0.030999999493360519 -9999 -9999 -3.0369999408721924 6.5190000534057617 -13.329000473022461 6.5190939903259277 1.5729999542236328 -999 25.299999237060547 23.260000228881836 22.280000686645508 21.819999694824219 0.070000000298023224 0.0099999997764825821 0.0099999997764825821 0.0099999997764825821 2.0099999904632568 11.960000038146973 26.709999084472656 40.340000152587891 26.742010116577148 24.805671691894531 23.933315277099609 23.485660552978516 57339.15625 5.4638471603393555 5.2552175521850586 4.6555771827697754 19.976333618164062 riz 0 57323.421875 0.88136684894561768 -1.8283644914627075 0.81627428531646729 0.067878358066082001 0.10382383316755295 23.574258804321289 0.095417171716690063 6.6726265686156694e-06 5.8640688394007157e-07 0.011108820326626301 -3.019536620740837e-07 -3.0955565222257064e-08 39 40.585182189941406 0.4003521203994751 0.65009945631027222
SN: 1302675 10 0 X3 3 0 35.719444000000003 -4.2130369999999999 1.0300099849700928 0.0010000000474974513 1.0283600091934204 0.0010000000474974513 1.0283598899841309 0.0022626831196248531 0 300 0 0 0.023137880489230156 1 3 18230 -9 -9 1.0299999713897705 0.0010000000474974513 35.719442000000001 -4.2130229999999997 0.052000001072883606 0.065999999642372131 -6.155911922454834 10.225000381469727 0.048000000417232513 -9999 -9999 1.2719999551773071 0.14599999785423279 -9 0.19482555985450745 0.23000000417232513 -999 23.979999542236328 23.430000305175781 22.670000076293945 22.200000762939453 0.0099999997764825821 0.0099999997764825821 0.0099999997764825821 0.0099999997764825821 5.820000171661377 10.689999580383301 20.549999237060547 30.059999465942383 25.587692260742188 24.927555084228516 24.21796989440918 23.805027008056641 57287.2890625 9.0690221786499023 8.6463556289672852 -99 24.82811164855957 iz 0 57283.59765625 1.434235692024231 1.760798454284668 0.87233954668045044 0.084745094180107117 0.13086554408073425 24.502239227294922 0.072694174945354462 2.8385984478518367e-06 1.9005499041213625e-07 0.022686684504151344 -1.0926723348347878e-07 2.5690580773840566e-09 33 41.031723022460938 0.15893970429897308 0.65137326717376709
SN: 1331123 10 1 E1 3 0 8.0363389999999999 -42.554183999999999 0.22247999906539917 0.0010000000474974513 0.22156499326229095 0.0010000000474974513 0.22156500816345215 0.0015793077182024717 0 300 0 0 0.0070101232267916203 1 2 -14650 -9 -9 0.22249999642372131 0.0010000000474974513 8.0351540000000004 -42.554946000000001 4.1710000038146973 2.2339999675750732 -1.4929800033569336 11.109999656677246 0.037999998778104782 -9999 -9999 0.86100000143051147 1.1360000371932983 -10.218999862670898 1.1474928855895996 1.5460000038146973 -999 20.780000686645508 19.379999160766602 18.819999694824219 18.430000305175781 0 0 0 0 5.0399999618530273 14.069999694824219 21.489999771118164 27.209999084472656 25.743923187255859 24.629264831542969 24.169408798217773 23.913179397583008 57316.0078125 51.218063354492188 45.057487487792969 37.830310821533203 144.56192016601562 griz 0 57318.4296875 0.19790291786193848 -1.6320960521697998 0.19330725073814392 -0.0030342650134116411 0.021042950451374054 21.151773452758789 0.027785897254943848 6.2128412537276745e-05 1.5899752270343015e-06 0.0013965292600914836 -1.703052987522824e-07 -2.5436104778009394e-08 47 20.607891082763672 0.99971193075180054 0.54412603378295898
SN: 1340539 10 0 C1 3 0 54.401767999999997 -26.540396000000001 0.44819998741149902 0.0010000000474974513 0.44765999913215637 0.0010000000474974513 0.44765996932983398 0.0017602603184059262 0 300 0 0 0.0096517587080597878 1 2 43366 -9 -9 0.44819998741149902 0.0010000000474974513 54.401798999999997 -26.540417000000001 0.12600000202655792 0.22200000286102295 -5.0990262031555176 9.1379995346069336 0.027000000700354576 -9999 -9999 0.49700000882148743 0.18000000715255737 -8.6180000305175781 0.19992248713970184 0.39500001072883606 -999 24.149999618530273 23.200000762939453 22.920000076293945 22.639999389648438 0.019999999552965164 0.0099999997764825821 0.0099999997764825821 0.0099999997764825821 4.75 11.170000076293945 14.439999580383301 17.270000457763672 25.808265686035156 24.879867553710938 24.601081848144531 24.406768798828125 57385.15234375 21.016977310180664 19.455442428588867 12.068570137023926 56.026321411132812 riz 0 57382.54296875 0.44752329587936401 0.54294395446777344 0.44230785965919495 -0.0048379148356616497 0.044403150677680969 22.651044845581055 0.048206042498350143 1.5616442397003993e-05 6.9336078922788147e-07 0.0075464523397386074 -2.0432449332474789e-07 -2.4633333595147633e-08 22 26.852975845336914 0.21686391532421112 0.18169836699962616
SN: 1337687 10 1 C1 3 0 55.047089 -26.975625999999998 0.32916998863220215 0.0010000000474974513 0.32869300246238708 0.0010000000474974513 0.32869303226470947 0.0016636650543659925 0 300 0 0 0.012217376381158829 1 1 42124 -9 -9 0.32919999957084656 0.0010000000474974513 55.047110000000004 -26.975614 0.081000000238418579 0.15999999642372131 -9 8.2829999923706055 0.059000000357627869 -9999 -9999 -0.164000004529953 0.67100000381469727 -8.4479999542236328 0.69738155603408813 0.1120000034570694 -999 24.569999694824219 23.870000839233398 23.790000915527344 23.5 0.029999999329447746 0.019999999552965164 0.029999999329447746 0.029999999329447746 3 5.8499999046325684 6.4800000190734863 7.619999885559082 26.307197570800781 25.582109451293945 25.471061706542969 25.295112609863281 57365.18359375 96.467033386230469 87.108909606933594 65.122962951660156 179.22930908203125 griz 0 57361.7890625 0.26190447807312012 1.0002641677856445 0.19266892969608307 -0.10315024852752686 0.016535710543394089 21.403364181518555 0.021721977740526199 4.9278161895927042e-05 9.8589248409552965e-07 0.00063824548851698637 -1.0647006831732142e-07 -9.7536627663430409e-09 35 24.748632431030273 0.9012647271156311 0.47894859313964844
SN: 1338170 10 101 E1 3 0 6.669886 -42.964066000000003 0.38780000805854797 0.0010000000474974513 0.38676100969314575 0.0010000000474974513 0.38676095008850098 0.0017104598227888346 0 300 0 0 0.0058297296054661274 1 1 42930 -9 -9 0.38780000805854797 0.0010000000474974513 6.6699729999999997 -42.964224999999999 0.61500000953674316 0.88599997758865356 -9 10.166000366210938 0.017000000923871994 -9999 -9999 0.48800000548362732 7.559999942779541 -9.6840000152587891 7.560584545135498 1.2039999961853027 -999 23.049999237060547 21.520000457763672 21.059999465942383 20.739999771118164 0.0099999997764825821 0 0 0 12.390000343322754 49.299999237060547 77.139999389648438 98.760002136230469 24.767322540283203 23.26788330078125 22.781801223754883 22.513547897338867 57372.03515625 24.077079772949219 19.227607727050781 13.622123718261719 49.104946136474609 riz 0 57363.15234375 0.5722697377204895 -0.37749075889587402 0.48381644487380981 0.035991676151752472 0.046296924352645874 22.357221603393555 0.05373937264084816 2.0469704395509325e-05 1.0131642511623795e-06 0.0046083005145192146 -1.8938411017188628e-07 -3.9231807136275165e-08 23 26.068937301635742 0.29762259125709534 0.17385797202587128
SN: 1334707 10 101 C3 3 0 51.776356 -28.627846000000002 0.64989000558853149 0.0010000000474974513 0.64922302961349487 0.0010000000474974513 0.64922308921813965 0.0019296546233817935 0 300 0 0 0.010207646526396275 2 2 40689 -9 -9 0.64990001916885376 0.0010000000474974513 51.776426000000001 -28.627804999999999 0.26600000262260437 0.44800001382827759 -3.1203281879425049 9.0249996185302734 0.012000000104308128 -9999 -9999 0.75099998712539673 0.32100000977516174 -8.2530002593994141 0.32249340415000916 -0.25600001215934753 -999 23.770000457763672 23.319999694824219 23 22.829999923706055 0.0099999997764825821 0.0099999997764825821 0.0099999997764825821 0.0099999997764825821 7.0500001907348633 10.670000076293945 15.300000190734863 16.190000534057617 25.379528045654297 24.929588317871094 24.538270950317383 24.476882934570312 57339.1328125 34.553024291992188 30.697227478027344 23.617580413818359 108.39430236816406 riz 0 57339.75 0.30585917830467224 0.73686492443084717 0.23684388399124146 -0.11387217789888382 0.025879224762320518 23.160346984863281 0.02521141991019249 9.7692545750760473e-06 2.2684771749936772e-07 0.0012912423117086291 -3.7330018187731184e-08 -2.7484714504311114e-09 37 28.884481430053711 0.82734322547912598 0.45211318135261536
SN: 1344598 10 0 S2 3 0 40.661620999999997 -0.94060900000000003 0.69735002517700195 0.0010000000474974513 0.6960899829864502 0.0010000000474974513 0.6960899829864502 0.0019699139520525932 0 300 0 0 0.028453020378947258 1 1 -17754 -9 -9 0.69739997386932373 0.0010000000474974513 40.661593000000003 -0.94076599999999999 0.57400000095367432 0.61699998378753662 -9 10.958000183105469 0.041999999433755875 -9999 -9999 -1.5149999856948853 8.4849996566772461 -12.465999603271484 8.4851913452148438 1.5800000429153442 -999 24.600000381469727 22.600000381469727 21.459999084472656 21 0.039999999105930328 0.0099999997764825821 0 0 2.9700000286102295 19.950000762939453 55.959999084472656 85.639999389648438 26.318109512329102 24.250143051147461 23.130306243896484 22.668308258056641 57385.0703125 11.517146110534668 8.9627666473388672 4.4857478141784668 22.450275421142578 riz 0 57387.42578125 1.3919963836669922 -1.2456400394439697 0.91702377796173096 -0.20432575047016144 0.086421012878417969 23.591968536376953 0.067321032285690308 6.5646631810523104e-06 4.0704171055949701e-07 0.03028387576341629 -2.1073239508950792e-07 -4.6322673474818998e-10 14 22.896247863769531 0.061979047954082489 0.7976716160774231
SN: 1291794 10 1 C2 3 0 55.169327000000003 -28.711853000000001 0.39559999108314514 0.0010000000474974513 0.39511701464653015 0.0010000000474974513 0.39511704444885254 0.0017172505613416433 0 300 0 0 0.01057753711938858 1 2 3318 -9 -9 0.39559999108314514 0.0010000000474974513 55.169367999999999 -28.712150000000001 1.0750000476837158 1.3530000448226929 -2.4726738929748535 10.609000205993652 0.041000001132488251 -9999 -9999 0.51899999380111694 0.49500000476837158 -10.13700008392334 0.51960468292236328 1.1690000295639038 -999 22.489999771118164 21.040000915527344 20.469999313354492 20.139999389648438 0 0 0 0 16.370000839233398 63.569999694824219 109.04000091552734 154.64999389648438 24.464878082275391 22.99186897277832 22.406036376953125 22.02662467956543 57276.35546875 28.740015029907227 17.532854080200195 10.12298583984375 52.292953491210938 riz 0 57277.53515625 0.58375388383865356 -0.54679024219512939 0.377724289894104 -0.11042667925357819 0.044016517698764801 22.100776672363281 0.04053385928273201 2.5923234716174193e-05 9.6779376690392382e-07 -0.0010680216364562511 -7.3742775441587582e-08 -3.1815766021736636e-08 39 40.603008270263672 0.39959391951560974 0.41074252128601074
SN: 1347112 10 0 C3 3 0 52.841625000000001 -27.223948 0.79388999938964844 0.0010000000474974513 0.79317998886108398 0.0010000000474974513 0.79317998886108398 0.0020542119164019823 0 300 0 0 0.007975713349878788 1 1 45079 -9 -9 0.7939000129699707 0.0010000000474974513 52.842067 -27.224435 2.253000020980835 2.5969998836517334 -9 9.3330001831054688 0.020999999716877937 -9999 -9999 1.0249999761581421 0.17800000309944153 -8.3070001602172852 0.18721111118793488 -0.071000002324581146 -999 24.459999084472656 23.969999313354492 23.440000534057617 23.159999847412109 0.019999999552965164 0.0099999997764825821 0.0099999997764825821 0.0099999997764825821 2.6700000762939453 4.2600002288818359 7.1700000762939453 7.429999828338623 26.433721542358398 25.926475524902344 25.361202239990234 25.322528839111328 57391.171875 15.131465911865234 13.998826026916504 11.118227005004883 33.803661346435547 riz 0 57401.82421875 1.1262950897216797 -0.4932919442653656 0.86074948310852051 0.13310062885284424 0.056061830371618271 24.22126579284668 0.047759301960468292 3.6769977214134997e-06 1.6174357142517692e-07 0.010470199398696423 -7.0108519878431252e-08 -1.8140811075539887e-09 14 13.634917259216309 0.47724887728691101 0.47315895557403564
SN: 1306626 10 101 C1 3 0 54.877281000000004 -27.238987000000002 0.42140001058578491 0.0010000000474974513 0.42088800668716431 0.0010000000474974513 0.42088794708251953 0.0017382799414917827 0 300 0 0 0.011017823591828346 1 1 236 -9 -9 0.42140001058578491 0.0010000000474974513 54.87724 -27.23911 0.460999995470047 0.6940000057220459 -9 8.7659997940063477 0.032000001519918442 -9999 -9999 0.67400002479553223 0.55800002813339233 -8.1059999465942383 0.57505214214324951 0.1379999965429306 -999 24.180000305175781 23.409999847412109 23.219999313354492 23.030000686645508 0.019999999552965164 0.0099999997764825821 0.019999999552965164 0.019999999552965164 4.4899997711181641 8.4300003051757812 9.9600000381469727 11.609999656677246 25.869384765625 25.185430526733398 25.004352569580078 24.837919235229492 57298.34765625 28.054903030395508 23.262514114379883 14.372890472412109 66.863227844238281 riz 0 57285.09375 0.45291119813919067 0.31625384092330933 0.41073295474052429 -0.081327334046363831 0.038496881723403931 22.112089157104492 0.047239191830158234 2.5654531782492995e-05 1.1162005648657214e-06 0.0034485128708183765 -2.9407729584818298e-07 -3.2225322854628757e-08 46 58.995796203613281 0.094590462744235992 0.29086652398109436
SN: 1306390 10 101 S1 3 0 43.316361000000001 -0.030057 0.41008999943733215 0.0010000000474974513 0.40910500288009644 0.0010000000474974513 0.40910506248474121 0.0017286489019170403 0 300 0 0 0.05563734844326973 1 2 11407 -9 -9 0.41010001301765442 0.0010000000474974513 43.316398 -0.030026000000000001 0.17399999499320984 0.2199999988079071 -5.2467727661132812 10.406000137329102 0.043000001460313797 -9999 -9999 0.48500001430511475 0.82400000095367432 -9.8839998245239258 0.82655972242355347 1.3480000495910645 -999 23.530000686645508 21.860000610351562 21.239999771118164 20.850000381469727 0.0099999997764825821 0 0 0 8.4499998092651367 40.840000152587891 68.800003051757812 100.80999755859375 25.182857513427734 23.472286224365234 22.906028747558594 22.491241455078125 57283.265625 14.816474914550781 13.884600639343262 10.076862335205078 32.736423492431641 riz 0 57279.62109375 1.8664960861206055 0.404356449842453 0.81179189682006836 0.13825628161430359 0.066855132579803467 22.826602935791016 0.078977674245834351 1.3284923625178635e-05 9.6636028956709197e-07 0.00081243534805253148 -1.6501356725484584e-08 -5.3747829298345096e-08 37 26.423242568969727 0.90174829959869385 0.48016014695167542
SN: 1334423 10 101 S1 3 0 42.213656999999998 -0.152201 0.35888001322746277 0.0010000000474974513 0.35790500044822693 0.0010000000474974513 0.35790503025054932 0.0016871180851012468 0 300 0 0 0.040131609886884689 1 1 40748 -9 -9 0.35890001058578491 0.0010000000474974513 42.2136 -0.152085 0.46599999070167542 0.3919999897480011 -9 9.3199996948242188 0.02199999988079071 -9999 -9999 0.85699999332427979 0.056000001728534698 -8.4379997253417969 0.075742989778518677 0.093000002205371857 -999 23.190000534057617 22.450000762939453 22.239999771118164 22.040000915527344 0.0099999997764825821 0.0099999997764825821 0.0099999997764825821 0.0099999997764825821 14.5 28.780000686645508 31 39.529998779296875 24.596580505371094 23.852272033691406 23.771595001220703 23.507682800292969 57339.1640625 25.64866828918457 22.485860824584961 20.037788391113281 82.996543884277344 griz 0 57335.859375 0.32728570699691772 1.0943852663040161 0.30585604906082153 0.02965368889272213 0.019852425903081894 22.054132461547852 0.028037028387188911 2.7061183573096059e-05 6.9880252340226434e-07 0.0013465984957292676 -1.3508979179732705e-07 -7.6582979957606767e-09 40 27.15211296081543 0.9395211935043335 0.37794962525367737
SN: 1330339 10 0 C2 3 0 55.219448 -29.516826999999999 0.57968002557754517 0.0010000000474974513 0.5791429877281189 0.0010000000474974513 0.57914304733276367 0.001870032399892807 0 300 0 0 0.011991120874881744 1 1 -14061 -9 -9 0.57969999313354492 0.0010000000474974513 55.219535999999998 -29.516895000000002 0.36899998784065247 0.41299998760223389 -9 10.885000228881836 0.027000000700354576 -9999 -9999 -1.1330000162124634 0.89800000190734863 -12.034999847412109 0.89974439144134521 1.1710000038146973 -999 22.680000305175781 20.969999313354492 20.229999542236328 19.940000534057617 0.0099999997764825821 0 0 0 19.040000915527344 93.389999389648438 184.17999267578125 241.44000244140625 24.300832748413086 22.574249267578125 21.836894989013672 21.542976379394531 57317.17578125 9.6797962188720703 8.4757919311523438 6.8253574371337891 21.800573348999023 riz 0 57312.921875 1.0075567960739136 -1.6351773738861084 0.78045094013214111 -0.048276107758283615 0.091387316584587097 23.312116622924805 0.081955984234809875 8.4948042058385909e-06 6.412239486053295e-07 0.011104151606559753 -2.7593424078986573e-07 -3.2626058299456417e-08 41 22.818729400634766 0.99037432670593262 0.56831753253936768
SN: 1302550 10 0 X3 3 0 35.907119999999999 -4.7960240000000001 0.75391000509262085 0.0010000000474974513 0.75249302387237549 0.0010000000474974513 0.75249302387237549 0.002018745057284832 0 300 0 0 0.022313879802823067 1 2 19372 -9 -9 0.75389999151229858 0.0010000000474974513 35.906948999999997 -4.7964539999999998 1.6640000343322754 2.0179998874664307 -0.93829280138015747 10.678999900817871 0.008999999612569809 -9999 -9999 1.1720000505447388 0.19300000369548798 -9.5010004043579102 0.19448649883270264 1.0479999780654907 -999 24.690000534057617 23.090000152587891 21.959999084472656 21.510000228881836 0.029999999329447746 0.0099999997764825821 0 0 0.43000000715255737 2.7100000381469727 6.0300002098083496 11.079999923706055 27.5 26.417575836181641 25.549205780029297 24.888650894165039 57297.296875 20.590328216552734 19.92181396484375 -99 49.255462646484375 rz 0 57289.19921875 0.70953464508056641 1.0971139669418335 0.64211761951446533 -0.063929170370101929 0.036120079457759857 23.499917984008789 0.046393577009439468 7.1455065153713804e-06 3.0532794426108012e-07 0.0061761476099491119 -1.4838454376331356e-07 -4.5881334287400932e-09 25 18.039907455444336 0.84069192409515381 0.42326152324676514
SN: 1277710 10 0 C3 3 0 52.448898 -28.976278000000001 0.68244999647140503 0.0010000000474974513 0.6817929744720459 0.0010000000474974513 0.6817929744720459 0.0019576011691242456 0 300 0 0 0.0070488653145730495 1 2 -4416 -9 -9 0.68239998817443848 0.0010000000474974513 52.448912 -28.976282999999999 0.046999998390674591 0.064000003039836884 -6.0534939765930176 10.02299976348877 0.014999999664723873 -9999 -9999 -0.032999999821186066 0.20200000703334808 -10.064999580383301 0.2228003591299057 0.82400000095367432 -999 24.719999313354492 23.579999923706055 22.829999923706055 22.409999847412109 0.019999999552965164 0.0099999997764825821 0.0099999997764825821 0.0099999997764825821 3.119999885559082 8.7299995422363281 17.510000228881836 24.790000915527344 26.264614105224609 25.147464752197266 24.39178466796875 24.014308929443359 57257.28125 21.292181015014648 17.573892593383789 14.845845222473145 52.920261383056641 riz 0 57258.03125 1.1261080503463745 0.84939175844192505 0.65965276956558228 -0.032607171684503555 0.043341532349586487 23.489025115966797 0.041407652199268341 7.217547590698814e-06 2.752618115664518e-07 0.0084793455898761749 -1.048171824891142e-07 -3.9753960123789511e-09 34 28.030757904052734 0.75458508729934692 0.30327638983726501
SN: 1336687 10 1 X2 3 0 35.605808000000003 -6.1498590000000002 0.23479999601840973 0.0010000000474974513 0.23380300402641296 0.0010000000474974513 0.23380303382873535 0.0015888051129877567 0 300 0 0 0.024287000298500061 1 1 41918 -9 -9 0.23479999601840973 0.0010000000474974513 35.605691999999998 -6.1498299999999997 0.42699998617172241 0.4830000102519989 -9 8.6059999465942383 0.028000000864267349 -9999 -9999 0.032000001519918442 0.43900001049041748 -8.5719995498657227 0.44916144013404846 0.13199999928474426 -999 23.639999389648438 23.149999618530273 22.940000534057617 22.930000305175781 0.019999999552965164 0.0099999997764825821 0.0099999997764825821 0.019999999552965164 8.0900001525878906 12.029999732971191 13.569999694824219 15.869999885559082 25.230129241943359 24.799335479736328 24.668550491333008 24.498558044433594 57356.09765625 92.920722961425781 71.893272399902344 65.017745971679688 185.32005310058594 griz 0 57351.2421875 0.20279921591281891 0.48820954561233521 0.15683469176292419 0.10671569406986237 0.017600886523723602 21.239059448242188 0.024430342018604279 5.7329252740601078e-05 1.2899756711703958e-06 0.00077103113289922476 -1.0604220790355612e-07 -1.7399125695760631e-08 35 27.081209182739258 0.82835233211517334 0.39117664098739624
SN: 1332795 10 0 C1 3 0 54.081608000000003 -26.713063999999999 0.68046998977661133 0.0010000000474974513 0.6798359751701355 0.0010000000474974513 0.67983603477478027 0.0019559180364012718 0 300 0 0 0.0089885573834180832 1 1 40114 -9 -9 0.68049997091293335 0.0010000000474974513 54.081428000000002 -26.712789000000001 1.1460000276565552 1.2589999437332153 -9 10.880999565124512 0.029999999329447746 -9999 -9999 1.156999945640564 0.75900000333786011 -9.7329998016357422 0.76906239986419678 1.2079999446868896 -999 24.139999389648438 22.649999618530273 21.700000762939453 21.260000228881836 0.019999999552965164 0.0099999997764825821 0 0 3.0799999237060547 15.329999923706055 33.369998931884766 45.599998474121094 26.278623580932617 24.536144256591797 23.691608428955078 23.352588653564453 57325.12890625 6.6454906463623047 6.2692489624023438 5.2488565444946289 22.188774108886719 riz 0 57323.04296875 0.92672407627105713 -0.57911586761474609 0.90642035007476807 0.021990600973367691 0.085397176444530487 23.695884704589844 0.081717997789382935 5.965488981019007e-06 4.4899286422150908e-07 0.01993897370994091 -2.9431362236209679e-07 -1.3540196519556957e-08 51 47.433807373046875 0.6160895824432373 0.20648752152919769
SN: 1328016 10 0 E2 3 0 10.347795 -44.268295000000002 0.35166999697685242 0.0010000000474974513 0.35071301460266113 0.0010000000474974513 0.35071301460266113 0.0016813271213322878 0 300 0 0 0.0050660674460232258 1 1 21985 -9 -9 0.35170000791549683 0.0010000000474974513 10.347867000000001 -44.268337000000002 0.23899999260902405 0.23399999737739563 -9 10.626999855041504 0.023000000044703484 -9999 -9999 0.15700000524520874 0.49700000882148743 -10.520000457763672 0.50339746475219727 1.4149999618530273 -999 21.950000762939453 20.360000610351562 19.770000457763672 19.469999313354492 0 0 0 0 36.490001678466797 159.75 266.95001220703125 347.77999877929688 23.594566345214844 21.991397857666016 21.433925628662109 21.146738052368164 57301.05078125 13.720269203186035 13.61159610748291 8.9801626205444336 42.167503356933594 griz 0 57305.7265625 0.50865304470062256 -1.5030902624130249 0.37023317813873291 0.025381870567798615 0.032153487205505371 22.1466064453125 0.042618066072463989 2.4851762645994313e-05 9.7549855126999319e-07 0.0020298776216804981 -1.9786683935762994e-07 -1.4374932355565306e-08 54 62.913505554199219 0.18998275697231293 0.50812339782714844
SN: 1339176 10 0 C3 3 0 52.728462 -27.909497999999999 0.92612999677658081 0.0010000000474974513 0.92537301778793335 0.0010000000474974513 0.92537307739257812 0.0021707164123654366 0 300 0 0 0.0077045150101184845 1 2 42432 -9 -9 0.92610001564025879 0.0010000000474974513 52.728555 -27.909434999999998 0.37200000882148743 0.46000000834465027 -4.3197197914123535 9.4219999313354492 0.083999998867511749 -9999 -9999 0.84700000286102295 0.34400001168251038 -8.564000129699707 0.36954161524772644 -0.039999999105930328 -999 24.569999694824219 24.219999313354492 23.540000915527344 23.149999618530273 0.019999999552965164 0.0099999997764825821 0.0099999997764825821 0.0099999997764825821 3.4800000190734863 4.75 9.1899995803833008 11.390000343322754 26.146051406860352 25.808265686035156 25.091711044311523 24.85869026184082 57356.14453125 12.763507843017578 7.6731762886047363 -99 20.261880874633789 iz 0 57361.84765625 1.586336612701416 -0.36191067099571228 0.89127039909362793 -0.18382306396961212 0.17383117973804474 25.057607650756836 0.073148958384990692 1.7019891629388439e-06 1.1466757143807627e-07 0.019924050197005272 -4.9081133823847267e-08 1.3690022448997752e-09 21 6.7506694793701172 0.99858236312866211 0.62450611591339111
SN: 1329312 10 1 X3 3 0 36.263297999999999 -5.5417969999999999 0.34586000442504883 0.0010000000474974513 0.34478399157524109 0.0010000000474974513 0.34478402137756348 0.0016765613108873367 0 300 0 0 0.022646427154541016 1 2 37679 -9 -9 0.34589999914169312 0.0010000000474974513 36.263174999999997 -5.5419980000000004 0.84799998998641968 0.50099998712539673 -3.8314270973205566 10.862000465393066 0.013000000268220901 -9999 -9999 1.0479999780654907 0.28700000047683716 -9.7849998474121094 0.29082298278808594 1.2619999647140503 -999 22.379999160766602 20.819999694824219 20.25 19.760000228881836 0 0 0 0 25.090000152587891 100.08999633789062 174.69999694824219 246.53999328613281 24.001247406005859 22.4990234375 21.894268035888672 21.520280838012695 57311.1328125 41.925182342529297 34.924373626708984 32.773231506347656 98.122329711914062 griz 0 57310.4765625 0.26492166519165039 -1.7384202480316162 0.22087052464485168 -0.040638253092765808 0.019773112609982491 22.012746810913086 0.025213748216629028 2.8112626750953496e-05 6.528516678372398e-07 0.0011953708017244935 -6.6802186893255566e-08 -7.3733774641482341e-09 44 24.21998405456543 0.9933006763458252 0.59509587287902832
SN: 1279714 10 0 X3 3 0 36.509407000000003 -4.6275029999999999 0.70073997974395752 0.0010000000474974513 0.69938099384307861 0.0010000000474974513 0.69938099384307861 0.0019727519247680902 0 300 0 0 0.023182718083262444 1 2 17732 -9 -9 0.70069998502731323 0.0010000000474974513 36.509576000000003 -4.6273580000000001 0.80000001192092896 0.97500002384185791 -2.9135448932647705 10.673999786376953 0.0099999997764825821 -9999 -9999 -1.7829999923706055 8.2170000076293945 -12.467000007629395 8.217219352722168 1.4320000410079956 -999 24.690000534057617 22.899999618530273 21.739999771118164 21.260000228881836 0.019999999552965164 0 0 0 2.2799999713897705 13.930000305175781 39 53.380001068115234 26.60516357421875 24.640121459960938 23.5223388671875 23.181552886962891 57265.2421875 13.726950645446777 12.975454330444336 7.288358211517334 33.911617279052734 riz 0 57255.71484375 1.5636385679244995 -1.0213519334793091 0.8706551194190979 -0.098648957908153534 0.060558449476957321 24.157403945922852 0.043808184564113617 3.8997645788185764e-06 1.5735093938928912e-07 -0.0024625225923955441 -6.1384909599837556e-08 3.506936130381888e-10 39 21.257369995117188 0.99074286222457886 0.47332412004470825
SN: 1340253 10 0 S1 3 0 43.035102999999999 0.081143999999999994 0.69379997253417969 0.0010000000474974513 0.69260698556900024 0.0010000000474974513 0.69260692596435547 0.0019669118337333202 0 300 0 0 0.060554064810276031 1 1 43592 -9 -9 0.69379997253417969 0.0010000000474974513 43.035015000000001 0.080881999999999996 0.99299997091293335 1.2960000038146973 -9 9.9329996109008789 0.023000000044703484 -9999 -9999 1.6920000314712524 0.51999998092651367 -8.1979999542236328 0.52117657661437988 0.31600001454353333 -999 23.760000228881836 22.860000610351562 22.270000457763672 22.040000915527344 0.019999999552965164 0.0099999997764825821 0.0099999997764825821 0.0099999997764825821 3.9200000762939453 11.180000305175781 20.120000839233398 25.850000381469727 26.01678466796875 24.878894805908203 24.240930557250977 23.968849182128906 57372.12109375 12.126477241516113 8.6084022521972656 7.2042365074157715 28.363449096679688 riz 0 57376.12109375 0.67527097463607788 -1.0713636875152588 0.83960723876953125 -0.16475450992584229 0.070678755640983582 23.424003601074219 0.068102061748504639 7.6629930845228955e-06 4.806560127690318e-07 0.014576252549886703 -2.9497891773644369e-07 -6.2693712443717686e-09 17 21.39503288269043 0.20911704003810883 0.65508478879928589
SN: 1336359 10 0 X1 3 0 35.238964000000003 -5.2898560000000003 0.42937999963760376 0.0010000000474974513 0.42821300029754639 0.0010000000474974513 0.42821300029754639 0.001744280569255352 0 300 0 0 0.019127409905195236 1 1 41906 -9 -9 0.4293999969959259 0.0010000000474974513 35.238988999999997 -5.289758 0.36300000548362732 0.4869999885559082 -9 9.2709999084472656 0.059999998658895493 -9999 -9999 0.37900000810623169 0.84899997711181641 -8.8280000686645508 0.85844630002975464 0.49799999594688416 -999 24.299999237060547 23.340000152587891 22.959999084472656 22.780000686645508 0.029999999329447746 0.0099999997764825821 0.0099999997764825821 0.019999999552965164 4.2600002288818359 10.800000190734863 14.619999885559082 17.559999465942383 25.926475524902344 24.916440963745117 24.587631225585938 24.388689041137695 57344.21875 13.755947113037109 9.4164066314697266 5.928105354309082 27.27720832824707 riz 0 57345.01171875 0.94144546985626221 -0.99111306667327881 0.7074623703956604 0.092801123857498169 0.079024620354175568 23.240777969360352 0.083071373403072357 9.0717003331519663e-06 6.9408997660502791e-07 0.0043929563835263252 -1.8041643556898634e-07 -4.1362937963640434e-08 29 26.628255844116211 0.59175401926040649 0.45258638262748718
SN: 1289812 10 0 X3 3 0 37.300285000000002 -4.7001179999999998 0.71008998155593872 0.0010000000474974513 0.70874601602554321 0.0010000000474974513 0.70874595642089844 0.0019808358047157526 0 300 0 0 0.02817857451736927 1 1 19809 -9 -9 0.71009999513626099 0.0010000000474974513 37.300305000000002 -4.70031 0.69499999284744263 0.62199997901916504 -9 10.08899974822998 0.020999999716877937 -9999 -9999 0.74900001287460327 0.008999999612569809 -9.3459997177124023 0.048836462199687958 0.28099998831748962 -999 23.709999084472656 22.969999313354492 22.340000152587891 22.129999160766602 0.0099999997764825821 0.0099999997764825821 0.0099999997764825821 0.0099999997764825821 7.4200000762939453 15.149999618530273 27.389999389648438 33.659999847412109 25.323989868164062 24.548969268798828 23.90601921081543 23.682214736938477 57273.34375 13.454197883605957 11.232645034790039 10.734461784362793 31.119039535522461 riz 0 57272.51953125 0.77091449499130249 -0.98567771911621094 0.5318683385848999 -0.16453635692596436 0.065494798123836517 23.90794563293457 0.062505222856998444 4.90706361233606e-06 2.824968987624743e-07 0.012421834282577038 -1.0427970664750319e-07 -9.1653307165984188e-09 42 35.700160980224609 0.74258249998092651 0.63933831453323364
SN: 1347766 10 0 X2 3 0 35.020611000000002 -6.6402669999999997 0.63021600246429443 0.00015999999595806003 0.62888902425765991 0.00015999999595806003 0.62888908386230469 0.0016378097934648395 0 300 0 0 0.021450720727443695 1 1 45891 -9 -9 0.63020002841949463 0.00019999999494757503 35.020359999999997 -6.6406210000000003 1.5579999685287476 1.3500000238418579 -9 11.295000076293945 0.068999998271465302 -9999 -9999 -2.5079998970031738 0.78799998760223389 -13.76099967956543 0.78886818885803223 1.7009999752044678 -999 24.030000686645508 22.049999237060547 20.899999618530273 20.450000762939453 0.019999999552965164 0 0 0 -999 -999 -999 -999 99 99 99 99 57403.0625 8.6999425888061523 7.3044018745422363 4.62982177734375 16.31828498840332 riz 0 57405.19140625 1.8961155414581299 -0.78352349996566772 0.98451197147369385 -0.18843252956867218 0.13387048244476318 23.390722274780273 0.11232997477054596 7.9015289884409867e-06 8.1749004721132223e-07 0.0047508380375802517 -2.20280725216071e-07 -5.2785642523645038e-09 10 9.8608131408691406 0.45278844237327576 0.68024426698684692
SN: 1338675 10 1 X3 3 0 36.743656000000001 -4.9677410000000002 0.33153000473976135 0.0010000000474974513 0.33047300577163696 0.0010000000474974513 0.33047294616699219 0.001665088813751936 0 300 0 0 0.021932194009423256 1 4 42571 -9 -9 0.33149999380111694 0.0010000000474974513 36.743702999999996 -4.9676299999999998 0.43500000238418579 0.40299999713897705 -3.8489000797271729 9.319000244140625 0.014999999664723873 -9999 -9999 0.83799999952316284 0.13899999856948853 -8.4650001525878906 0.1419929563999176 0.37000000476837158 -999 23.090000152587891 22.340000152587891 22.059999465942383 21.809999465942383 0.0099999997764825821 0 0 0 12.560000419616699 28.200000762939453 34.869998931884766 41.049999237060547 24.752525329589844 23.874378204345703 23.643869400024414 23.466716766357422 57372.07421875 93.051651000976562 86.121810913085938 56.181324005126953 210.46148681640625 griz 0 57372 0.19576585292816162 0.14932608604431152 0.18429422378540039 0.049428343772888184 0.016771726310253143 22.057401657104492 0.021452885121107101 2.6979831091011874e-05 5.3309008762880694e-07 0.00099943892564624548 -5.484135456867989e-08 -6.5342109500932111e-09 23 14.538382530212402 0.91041165590286255 0.17211571335792542
SN: 1277716 10 0 C3 3 0 53.549919000000003 -28.179991000000001 0.69376999139785767 0.0010000000474974513 0.69313102960586548 0.0010000000474974513 0.6931309700012207 0.0019673635251820087 0 300 0 0 0.0071031125262379646 2 3 5130 -9 -9 0.69379997253417969 0.0010000000474974513 53.550052000000001 -28.180008999999998 0.42500001192092896 0.57400000095367432 -2.1395328044891357 10.996000289916992 0.02199999988079071 -9999 -9999 1.1950000524520874 0.46299999952316284 -9.7849998474121094 0.4778001606464386 0.94300001859664917 -999 23.069999694824219 21.879999160766602 21 20.670000076293945 0 0 0 0 14.789999961853027 44.880001068115234 95.290000915527344 127.51999664306641 24.575078964233398 23.369867324829102 22.55238151550293 22.236053466796875 57265.30078125 13.955876350402832 12.773990631103516 12.745100975036621 40.117469787597656 riz 0 57262.79296875 0.63899040222167969 0.20982220768928528 0.53736865520477295 -0.025247203186154366 0.052748840302228928 23.56678581237793 0.05279155820608139 6.7187029344495386e-06 3.2668231142451987e-07 0.011879592202603817 -1.3661016851074237e-07 -7.564167070484018e-09 35 32.698783874511719 0.57968473434448242 0.10942652821540833
SN: 1335432 10 0 C3 3 0 51.549858 -28.163319000000001 0.42750999331474304 0.0010000000474974513 0.426923006772995 0.0010000000474974513 0.42692303657531738 0.001743223168887198 0 300 0 0 0.012514232657849789 1 2 41156 -9 -9 0.42750000953674316 0.0010000000474974513 51.550020000000004 -28.163716000000001 1.5199999809265137 1.1160000562667847 -2.9666869640350342 10.229000091552734 0.014000000432133675 -9999 -9999 0.49399998784065247 0.26800000667572021 -9.7060003280639648 0.27002406120300293 0.89499998092651367 -999 23.610000610351562 22.209999084472656 21.690000534057617 21.209999084472656 0.0099999997764825821 0 0 0 6.9800000190734863 20.25 35.049999237060547 44.919998168945312 25.390361785888672 24.233938217163086 23.638278961181641 23.368900299072266 57345.26171875 53.733673095703125 39.846954345703125 21.074460983276367 130.73666381835938 riz 0 57344.734375 0.36308583617210388 -1.7374153137207031 0.221546471118927 -0.045400988310575485 0.035173282027244568 22.665748596191406 0.039526771754026413 1.5406381862703711e-05 5.6087708344421117e-07 0.00089449179358780384 -4.2535372557495066e-08 -1.6303769001524415e-08 36 18.985588073730469 0.9911348819732666 0.59858512878417969
SN: 1334644 10 1 X2 3 0 35.107216000000001 -5.772545 0.28909999132156372 0.0010000000474974513 0.28804698586463928 0.0010000000474974513 0.28804695606231689 0.0016313428059220314 0 300 0 0 0.020300045609474182 1 1 -14328 -9 -9 0.28909999132156372 0.0010000000474974513 35.108238 -5.7727349999999999 3.7249999046325684 1.281000018119812 -9 11.357999801635742 0.0099999997764825821 -9999 -9999 -1.7730000019073486 8.2270002365112305 -13.133999824523926 8.2276449203491211 1.5839999914169312 -999 21.440000534057617 19.840000152587891 19.260000228881836 19.010000228881836 0 0 0 0 6.6500000953674316 30.459999084472656 47.520000457763672 59.520000457763672 25.44294548034668 23.790676116943359 23.307807922363281 23.063343048095703 57331.0546875 40.898403167724609 36.891246795654297 27.063026428222656 105.53279876708984 griz 0 57332.640625 0.32912254333496094 -1.9597113132476807 0.21889455616474152 -0.047942664474248886 0.025433540344238281 21.554250717163086 0.029617832973599434 4.2884450522251427e-05 1.1698463140419335e-06 0.00080040417378768325 -1.0266845151818416e-07 -2.0431690117561629e-08 43 34.828868865966797 0.80809521675109863 0.67250096797943115
SN: 1336008 10 1 E2 3 0 10.321224000000001 -43.886226999999998 0.43867000937461853 0.0010000000474974513 0.43764200806617737 0.0010000000474974513 0.43764197826385498 0.0017520197434350848 0 300 0 0 0.0065279817208647728 1 1 41385 -9 -9 0.43869999051094055 0.0010000000474974513 10.321348 -43.886313000000001 0.44600000977516174 0.49700000882148743 -9 9.8990001678466797 0.0070000002160668373 -9999 -9999 0.44600000977516174 0.29800000786781311 -9.444000244140625 0.29960808157920837 1.0110000371932983 -999 23.75 22.719999313354492 22.319999694824219 21.950000762939453 0.019999999552965164 0.0099999997764825821 0.0099999997764825821 0.0099999997764825821 5.8499999046325684 16.709999084472656 25.180000305175781 31.860000610351562 25.582109451293945 24.442558288574219 23.997360229492188 23.741886138916016 57347.078125 37.51739501953125 29.201835632324219 20.637947082519531 92.809097290039062 riz 0 57347.9609375 0.32147592306137085 0.61075121164321899 0.30994102358818054 -0.0079991547390818596 0.030659370124340057 22.170585632324219 0.035380944609642029 2.4308923457283527e-05 7.921562428236939e-07 0.0020329707767814398 -1.4115204294284922e-07 -1.8176795180124827e-08 31 25.261625289916992 0.75589364767074585 0.20532241463661194
SN: 1333291 10 0 X3 3 0 36.347591000000001 -4.3689119999999999 0.36570000648498535 0.0010000000474974513 0.36460399627685547 0.0010000000474974513 0.36460399627685547 0.0016925216186791658 0 300 0 0 0.021671678870916367 2 2 40234 -9 -9 0.36570000648498535 0.0010000000474974513 36.347568000000003 -4.3686819999999997 0.8320000171661377 1.3969999551773071 0.657703697681427 10.01200008392334 0.014000000432133675 -9999 -9999 -0.5339999794960022 0.14900000393390656 -10.532999992370605 0.2253042459487915 1.1030000448226929 -999 23.649999618530273 22.309999465942383 21.790000915527344 21.540000915527344 0.0099999997764825821 0 0 0 8.4899997711181641 31.350000381469727 54.310001373291016 67.459999084472656 25.177730560302734 23.759407043457031 23.162799835205078 22.927383422851562 57327.18359375 68.2889404296875 35.211643218994141 23.498197555541992 142.45793151855469 gri 0 57330.2890625 0.26493227481842041 -0.44247177243232727 0.17021587491035461 0.065307013690471649 0.024793608114123344 22.087381362915039 0.022928925231099129 2.6245037588523701e-05 5.5425113032470108e-07 0.00014201563317328691 -4.3554866380191015e-08 -8.6676728017209825e-09 31 30.270698547363281 0.50335013866424561 0.26294949650764465
SN: 1307277 10 1 S2 3 0 41.738815000000002 -0.23554900000000001 0.41216000914573669 0.0010000000474974513 0.4111349880695343 0.0010000000474974513 0.41113495826721191 0.0017303061904385686 0 300 0 0 0.030493583530187607 1 1 12758 -9 -9 0.41220000386238098 0.0010000000474974513 41.738829000000003 -0.23556099999999999 0.064999997615814209 0.079000003635883331 -9 10.357999801635742 0.014000000432133675 -9999 -9999 0.6470000147819519 0.41699999570846558 -9.7060003280639648 0.4202297031879425 1.090999960899353 -999 22.979999542236328 21.639999389648438 21.159999847412109 20.75 0.0099999997764825821 0 0 0 15.739999771118164 53.319999694824219 81.879997253417969 116.83999633789062 24.507488250732422 23.182773590087891 22.717056274414062 22.331020355224609 57288.19921875 12.703795433044434 11.370456695556641 8.3200092315673828 35.883747100830078 riz 0 57284.359375 0.640857994556427 -0.26385703682899475 0.64847862720489502 0.23649746179580688 0.063556700944900513 22.762454986572266 0.083121240139007568 1.4093474419496488e-05 1.0789610769279534e-06 0.013503417372703552 -3.956572243168921e-07 -5.9924516904175107e-08 44 37.901744842529297 0.72933465242385864 0.79321599006652832
SN: 1334302 10 1 E1 3 0 7.3673489999999999 -43.388157 0.45570001006126404 0.0010000000474974513 0.45462501049041748 0.0010000000474974513 0.45462501049041748 0.0017660005250945687 0 300 0 0 0.0062540783546864986 1 1 40917 -9 -9 0.45570001006126404 0.0010000000474974513 7.367534 -43.387915999999997 0.99299997091293335 1.0449999570846558 -9 10.668000221252441 0.014000000432133675 -9999 -9999 0.80099999904632568 0.31600001454353333 -9.8610000610351562 0.3210996687412262 1.3059999942779541 -999 23.409999847412109 21.770000457763672 21.110000610351562 20.629999160766602 0.0099999997764825821 0 0 0 8.8599996566772461 42.189998626708984 74.230003356933594 106.80000305175781 25.131416320800781 23.436975479125977 22.823551177978516 22.428571701049805 57329.015625 22.740257263183594 19.516458511352539 15.826044082641602 53.003059387207031 riz 0 57331.71484375 0.61288797855377197 -0.73957973718643188 0.48496749997138977 0.042461585253477097 0.043607443571090698 22.635622024536133 0.043482709676027298 1.5839867046452127e-05 6.3437170183533453e-07 -0.00017774870502762496 -9.9696016775396856e-08 -1.9924904393064935e-08 31 22.708375930786133 0.85951864719390869 0.28426840901374817
SN: 1314581 10 0 S1 3 0 42.559646999999998 -0.94177500000000003 0.57561999559402466 0.0010000000474974513 0.57450199127197266 0.0010000000474974513 0.57450199127197266 0.0018661096692085266 0 300 0 0 0.058069813996553421 1 1 11231 -9 -9 0.5756000280380249 0.0010000000474974513 42.559888999999998 -0.94168799999999997 0.92500001192092896 1.6059999465942383 -9 9.7589998245239258 0.043000001460313797 -9999 -9999 -0.039000000804662704 0.31600001454353333 -9.7849998474121094 0.36975666880607605 0.72299998998641968 -999 24.670000076293945 23.479999542236328 22.889999389648438 22.629999160766602 0.039999999105930328 0.019999999552965164 0.0099999997764825821 0.0099999997764825821 2.7799999713897705 8.5600004196166992 14.189999580383301 20.840000152587891 26.389888763427734 25.168815612792969 24.620044708251953 24.202754974365234 57283.26171875 10.92735481262207 8.3953924179077148 6.6422224044799805 22.836507797241211 riz 0 57285.3046875 1.4863476753234863 -0.64307236671447754 0.98663830757141113 -0.065603315830230713 0.084584929049015045 23.287757873535156 0.074261605739593506 8.6875388660700992e-06 5.9420563047751784e-07 0.0031735277734696865 -3.2995473020491772e-07 -2.2159685642009208e-08 42 35.040988922119141 0.76789712905883789 0.30621734261512756
SN: 1329795 10 0 S1 3 0 41.792191000000003 -0.012864 0.52669000625610352 0.0010000000474974513 0.52558201551437378 0.0010000000474974513 0.52558207511901855 0.0018249676795676351 0 300 0 0 0.034450545907020569 1 1 21997 -9 -9 0.52670001983642578 0.0010000000474974513 41.792273999999999 -0.012676 0.74000000953674316 0.73299998044967651 -9 10.782999992370605 0.068999998271465302 -9999 -9999 -0.49000000953674316 9.5100002288818359 -11.27299976348877 9.5112466812133789 1.2879999876022339 -999 23.799999237060547 21.979999542236328 21.159999847412109 20.760000228881836 0.019999999552965164 0 0 0 6.0799999237060547 33.75 68.870002746582031 106.91000366210938 25.540241241455078 23.679315567016602 22.904924392700195 22.427453994750977 57305.2734375 11.567916870117188 9.7807159423828125 8.5930280685424805 32.481014251708984 riz 0 57303.9921875 0.76466691493988037 0.94194823503494263 0.52847248315811157 -0.052496794611215591 0.061014484614133835 22.855951309204102 0.055155929177999496 1.2930620869155973e-05 6.5688186623447109e-07 0.0047118072398006916 -2.0440286618850223e-07 -2.2836587731944746e-08 43 39.165962219238281 0.63828951120376587 0.35945296287536621
SN: 1336662 10 1 C2+C3 3 0 53.658957999999998 -28.397870999999999 0.18199999630451202 0.0010000000474974513 0.18155799806118011 0.0010000000474974513 0.18155801296234131 0.0015485292533412576 0 300 0 0 0.0077753891237080097 1 2 -16917 -9 -9 0.18199999630451202 0.0010000000474974513 53.658641000000003 -28.398872999999998 3.7430000305175781 1.4559999704360962 -2.6213364601135254 10.23799991607666 0.0099999997764825821 -9999 -9999 0.62000000476837158 0.3919999897480011 -9.6239995956420898 0.39468973875045776 1.0249999761581421 -999 21.799999237060547 20.899999618530273 20.379999160766602 20.069999694824219 0 0 0 0 24.059999465942383 44.959999084472656 68.699996948242188 78.800003051757812 24.046760559082031 23.367935180664062 22.907608032226562 22.758684158325195 57356.078125 502.107177734375 328.9813232421875 313.39581298828125 1101.652099609375 griz 0 57357.7578125 0.13695695996284485 1.4738078117370605 0.10376408696174622 0.080639511346817017 0.013577258214354515 20.355489730834961 0.017774855718016624 0.00012936125858686864 2.1178052520554047e-06 9.9992677860427648e-05 -9.3841450166110008e-08 -2.0743843975878917e-08 72 90.00042724609375 0.074213199317455292 0.5599982738494873
SN: 1289288 10 1 E2 3 0 10.178906 -43.948338 0.29093000292778015 0.0010000000474974513 0.29000800848007202 0.0010000000474974513 0.2900080680847168 0.0016328936908394098 0 300 0 0 0.0054974188096821308 1 1 9546 -9 -9 0.29089999198913574 0.0010000000474974513 10.178826000000001 -43.948354000000002 0.21500000357627869 0.19699999690055847 -9 10.560999870300293 0.017000000923871994 -9999 -9999 0.82099997997283936 0.15000000596046448 -9.7320003509521484 0.16155494749546051 1.0119999647140503 -999 21.370000839233398 20.280000686645508 19.780000686645508 19.450000762939453 0 0 0 0 64.199996948242188 181.75999450683594 282.760009765625 353.69000244140625 22.981163024902344 21.851253509521484 21.371456146240234 21.128442764282227 57273.31640625 36.858390808105469 35.916454315185547 32.410423278808594 90.384468078613281 griz 0 57273.578125 0.39788591861724854 -1.1145051717758179 0.3425203263759613 0.076001167297363281 0.022915840148925781 21.837347030639648 0.027166305109858513 3.3041589631466195e-05 8.2673665247057215e-07 0.0017459875671193004 -9.9230895500568295e-08 -1.1593147775101897e-08 51 49.057521820068359 0.55114293098449707 0.44965904951095581
SN: 1335671 10 0 C2 3 0 55.145125999999998 -28.628086 0.52480000257492065 0.0010000000474974513 0.52427101135253906 0.0010000000474974513 0.52427101135253906 0.0018238703487440944 0 300 0 0 0.011006738059222698 1 1 -14306 -9 -9 0.52480000257492065 0.0010000000474974513 55.145932999999999 -28.627934 2.6059999465942383 2.0320000648498535 -9 11.005000114440918 0.027000000700354576 -9999 -9999 -2.5290000438690186 5.8420000076293945 -13.527000427246094 5.8424077033996582 1.2439999580383301 -999 22.799999237060547 21.069999694824219 20.299999237060547 19.969999313354492 0.0099999997764825821 0 0 0 4.0500001907348633 14.390000343322754 22.399999618530273 30.209999084472656 25.981363296508789 24.604846954345703 24.124380111694336 23.799623489379883 57345.33203125 20.861970901489258 20.290250778198242 15.258248329162598 58.783748626708984 riz 0 57347.71875 0.42513450980186462 0.5613895058631897 0.37633025646209717 -0.0742383673787117 0.03827986866235733 22.688116073608398 0.041089832782745361 1.5092228750290815e-05 5.7116744756058324e-07 0.0030946300830692053 -1.4234326783935103e-07 -1.347064504386708e-08 39 28.702610015869141 0.88698208332061768 0.31024929881095886
SN: 1333949 10 0 E2 3 0 9.6895539999999993 -43.753760999999997 0.66047000885009766 0.0010000000474974513 0.65927398204803467 0.0010000000474974513 0.65927398204803467 0.0019382633036002517 0 300 0 0 0.0061215721070766449 1 1 367021 -9 -9 0.66049998998641968 0.0010000000474974513 9.6897470000000006 -43.753551999999999 0.90299999713897705 0.7279999852180481 -9 11.26099967956543 0.012000000104308128 -9999 -9999 1.8350000381469727 0.29600000381469727 -9.425999641418457 0.30348804593086243 0.98900002241134644 -999 22.440000534057617 20.870000839233398 20.069999694824219 19.719999313354492 0 0 0 0 22.950000762939453 100.33999633789062 209.22999572753906 283.79998779296875 24.098043441772461 22.496315002441406 21.698440551757812 21.367469787597656 57340.0703125 11.79564380645752 8.7216777801513672 7.9627900123596191 31.333217620849609 riz 0 57340.734375 0.95667070150375366 1.3312456607818604 0.7775806188583374 0.043049115687608719 0.059888467192649841 23.338525772094727 0.059697665274143219 8.2906781244673766e-06 4.5585119323732215e-07 0.014576716348528862 -2.6112346063200675e-07 -1.0403811145920372e-08 33 47.632175445556641 0.047725208103656769 0.46637344360351562
SN: 1281119 10 0 C2 3 0 53.364552000000003 -29.188067 0.19946999847888947 0.0010000000474974513 0.19902199506759644 0.0010000000474974513 0.19902205467224121 0.0015619131736457348 0 300 0 0 0.0082621816545724869 1 1 274405 -9 -9 0.19949999451637268 0.0010000000474974513 53.364724000000002 -29.188217999999999 0.76700001955032349 0.31600001454353333 -9 10.991999626159668 0.032000001519918442 -9999 -9999 1.0579999685287476 0.7630000114440918 -9.9829998016357422 0.77918738126754761 1.2070000171661377 -999 20.479999542236328 19.209999084472656 18.670000076293945 18.379999160766602 0 0 0 0 168.55000305175781 515.3599853515625 912.989990234375 1119.8499755859375 21.933177947998047 20.719722747802734 20.098834991455078 19.877099990844727 57266.2734375 27.41404914855957 21.631711959838867 15.03288745880127 66.106834411621094 griz 0 57264.41796875 0.23129847645759583 -0.16669052839279175 0.29564395546913147 0.23416826128959656 0.030842036008834839 21.343662261962891 0.049844264984130859 5.2063704060856253e-05 2.3901543499960098e-06 0.0037610386498272419 -4.8190651114055072e-07 -6.275086406049013e-08 43 63.522525787353516 0.022510716691613197 0.78253597021102905
SN: 1276546 10 0 S2 3 0 41.615924999999997 -0.296348 0.35427999496459961 0.0010000000474974513 0.35329398512840271 0.0010000000474974513 0.3532940149307251 0.0016834039706736803 0 300 0 0 0.028149373829364777 1 2 12195 -9 -9 0.35429999232292175 0.0010000000474974513 41.615763000000001 -0.29608899999999999 1.1000000238418579 1.215999960899353 -2.459022045135498 8.814000129699707 0.064000003039836884 -9999 -9999 0.27799999713897705 0.90299999713897705 -8.5200004577636719 0.92988872528076172 0.29199999570846558 -999 24.610000610351562 23.739999771118164 23.530000686645508 23.379999160766602 0.039999999105930328 0.019999999552965164 0.019999999552965164 0.029999999329447746 2.3199999332427979 6.7600002288818359 6.7399997711181641 7.1100001335144043 26.586280822753906 25.425132751464844 25.428350448608398 25.370326995849609 57256.296875 22.005512237548828 21.910720825195312 14.448613166809082 61.210708618164062 griz 0 57258.2265625 0.41744351387023926 0.35502013564109802 0.36503559350967407 -0.067458324134349823 0.022411808371543884 21.986814498901367 0.033976651728153229 2.8792173907277174e-05 9.0101229943684302e-07 0.002367998706176877 -2.2642120711680036e-07 -1.077635491952833e-08 54 63.826824188232422 0.16930198669433594 0.25410011410713196
SN: 1339371 10 0 E2 3 0 9.3380390000000002 -43.889530000000001 0.6369900107383728 0.0010000000474974513 0.6358109712600708 0.0010000000474974513 0.6358109712600708 0.0019181889947503805 0 300 0 0 0.0068241222761571407 1 1 43175 -9 -9 0.63700002431869507 0.0010000000474974513 9.3379490000000001 -43.889522999999997 0.23600000143051147 0.29499998688697815 -9 9.9969997406005859 0.064999997615814209 -9999 -9999 0.65200001001358032 0.02199999988079071 -9.5659999847412109 0.2439938485622406 0.4309999942779541 -999 23.329999923706055 22.469999313354492 21.989999771118164 21.790000915527344 0.0099999997764825821 0.0099999997764825821 0.0099999997764825821 0.0099999997764825821 11.140000343322754 24.350000381469727 37.709999084472656 42.290000915527344 24.882785797119141 24.03375244140625 23.558858871459961 23.434406280517578 57366.046875 7.3220367431640625 7.2564287185668945 5.0116496086120605 16.572896957397461 riz 0 57355.94140625 1.2834558486938477 -1.8026853799819946 0.93764543533325195 0.033549271523952484 0.11474258452653885 23.950231552124023 0.095064006745815277 4.7196258492476773e-06 4.1323716004626476e-07 0.023978408426046371 -2.1931307969680347e-07 -2.1232645863733524e-08 29 18.855758666992188 0.92493075132369995 0.61121279001235962
SN: 1289306 10 0 E1+E2 3 0 8.2382969999999993 -43.782832999999997 0.5437999963760376 0.0010000000474974513 0.54267597198486328 0.0010000000474974513 0.54267597198486328 0.00183930026832968 0 300 0 0 0.0053335856646299362 1 2 -5467 -9 -9 0.5437999963760376 0.0010000000474974513 8.2382980000000003 -43.782772000000001 0.2199999988079071 0.23399999737739563 -4.2669887542724609 10.77299976348877 0.027000000700354576 -9999 -9999 1.0039999485015869 0.17599999904632568 -9.8360004425048828 0.18867962062358856 1.184999942779541 -999 23.690000534057617 22.059999465942383 21.280000686645508 20.770000457763672 0.019999999552965164 0 0 0 8.1999998092651367 36.700000762939453 74.120002746582031 105.52999877929688 25.215465545654297 23.588335037231445 22.825160980224609 22.441558837890625 57265.23046875 10.943610191345215 10.382450103759766 8.9180870056152344 30.462177276611328 riz 0 57266.9765625 0.58647644519805908 -2.7867569923400879 0.58976596593856812 -0.057026758790016174 0.06857820600271225 23.307182312011719 0.069323576986789703 8.5334932009573095e-06 5.4485821010530344e-07 0.0087128235027194023 -1.8902987619640044e-07 -2.5181035923083073e-08 99 85.906387329101562 0.82306009531021118 0.94816899299621582
SN: 1337703 10 1 C1 3 0 54.883586999999999 -26.724333000000001 0.53280997276306152 0.0010000000474974513 0.53225302696228027 0.0010000000474974513 0.53225302696228027 0.0018305553821846843 0 300 0 0 0.011965030804276466 1 2 42108 -9 -9 0.53280001878738403 0.0010000000474974513 54.883687000000002 -26.724340999999999 0.32300001382827759 0.43900001049041748 -3.8489761352539062 10.619999885559082 0.017999999225139618 -9999 -9999 -2.2960000038146973 1.659000039100647 -12.89799976348877 1.6590148210525513 1.4229999780654907 -999 23.540000915527344 21.709999084472656 20.920000076293945 20.549999237060547 0.0099999997764825821 0 0 0 8.4499998092651367 46.400001525878906 93.510002136230469 131.60000610351562 25.182857513427734 23.333705902099609 22.572854995727539 22.201860427856445 57355.23828125 33.814990997314453 19.154228210449219 17.55708122253418 52.413196563720703 riz 0 57359.30859375 0.65064597129821777 -1.1948027610778809 0.39698797464370728 -0.043920226395130157 0.048933379352092743 22.681694030761719 0.049847539514303207 1.5181777598627377e-05 6.9701485472251079e-07 0.0044312099926173687 -1.4614150245506607e-07 -2.2957426182301788e-08 31 36.053337097167969 0.24396981298923492 0.42432329058647156
SN: 1279501 10 0 X3 3 0 35.565773 -4.5668899999999999 0.56655001640319824 0.0010000000474974513 0.56527501344680786 0.0010000000474974513 0.56527495384216309 0.0018583206692710519 0 300 0 0 0.021440325304865837 2 6 19006 -9 -9 0.56660002470016479 0.0010000000474974513 35.565533000000002 -4.5667799999999996 0.94599997997283936 1.3380000591278076 -0.14673581719398499 10.262999534606934 0.045000001788139343 -9999 -9999 0.32100000977516174 6.4219999313354492 -9.9469995498657227 6.4237985610961914 1.1720000505447388 -999 24.370000839233398 22.719999313354492 21.950000762939453 21.579999923706055 0.019999999552965164 0 0 0 3.559999942779541 17.170000076293945 32.849998474121094 43.720001220703125 26.121374130249023 24.413074493408203 23.708662033081055 23.398300170898438 57257.3515625 27.988134384155273 27.068964004516602 14.369585037231445 72.533576965332031 riz 0 57258.4140625 0.50691491365432739 -0.006718076765537262 0.38592356443405151 0.070441097021102905 0.034924283623695374 23.212881088256836 0.034281741827726364 9.3078051577322185e-06 2.9389070732577238e-07 0.00022345433535519987 -5.5059413028857307e-08 -5.8144689063510668e-09 36 39.158905029296875 0.32995739579200745 0.23481433093547821
SN: 1334581 10 0 X3 3 0 35.560623 -4.3713319999999998 0.82884997129440308 0.0010000000474974513 0.82735997438430786 0.0010000000474974513 0.82735991477966309 0.0020841548684984446 0 300 0 0 0.021128231659531593 3 3 -15176 -9 -9 0.8288000226020813 0.0010000000474974513 35.560679 -4.3713749999999996 0.25400000810623169 0.30000001192092896 -2.024829626083374 10.963000297546387 0.057999998331069946 -9999 -9999 0.64899998903274536 0.045000001788139343 -10.243000030517578 0.091787800192832947 0.97000002861022949 -999 23.870000839233398 22.780000686645508 21.729999542236328 21.209999084472656 0.0099999997764825821 0 0 0 6.2100000381469727 20.430000305175781 49.759998321533203 72.55999755859375 25.517271041870117 24.224328994750977 23.25779914855957 22.848257064819336 57339.046875 6.969670295715332 6.9473419189453125 5.5491275787353516 22.593450546264648 riz 0 57328.0859375 0.98125439882278442 -0.88429927825927734 0.71785867214202881 0.060105524957180023 0.074094004929065704 24.063070297241211 0.080483019351959229 4.2537467379588634e-06 3.1532005095868954e-07 0.0016133139142766595 -1.6877845609997166e-07 -5.6054011432493667e-10 39 35.880851745605469 0.61293071508407593 0.35640999674797058
SN: 1289470 10 0 C3 3 0 53.473770000000002 -27.984755 0.61268001794815063 0.0010000000474974513 0.61206799745559692 0.0010000000474974513 0.61206793785095215 0.0018979546148329973 0 300 0 0 0.0059256074018776417 1 1 -6382 -9 -9 0.61269998550415039 0.0010000000474974513 53.473835999999999 -27.984358 1.4429999589920044 1.1740000247955322 -9 10.762999534606934 0.013000000268220901 -9999 -9999 0.98500001430511475 0.014999999664723873 -9.7849998474121094 0.052201531827449799 0.62000000476837158 -999 22.870000839233398 21.840000152587891 21.159999847412109 20.809999465942383 0 0 0 0 13.609999656677246 31.879999160766602 54.540000915527344 67.44000244140625 24.665355682373047 23.741203308105469 23.158212661743164 22.927705764770508 57277.3203125 22.184288024902344 19.648347854614258 16.911972045898438 48.301536560058594 riz 0 57271.0625 0.60757744312286377 -1.7465113401412964 0.32963180541992188 0.074685312807559967 0.056092120707035065 23.531332015991211 0.055845577269792557 6.9417260419868398e-06 3.5705238587979693e-07 0.0057209078222513199 -6.9382963374664541e-08 -1.4256709590654282e-08 41 30.026769638061523 0.89710736274719238 0.63316589593887329
SN: 1339327 10 0 E2 3 0 10.015751 -43.458354999999997 0.77377998828887939 0.0010000000474974513 0.77249801158905029 0.0010000000474974513 0.77249801158905029 0.0020361586939543486 0 300 0 0 0.0060063768178224564 1 1 42468 -9 -9 0.77380001544952393 0.0010000000474974513 10.015442999999999 -43.458477999999999 0.91900002956390381 1.1160000562667847 -9 9.8640003204345703 0.02500000037252903 -9999 -9999 1.5119999647140503 0.37000000476837158 -8.3439998626708984 0.3720497190952301 0.46500000357627869 -999 24.629999160766602 23.719999313354492 22.979999542236328 22.719999313354492 0.029999999329447746 0.019999999552965164 0.0099999997764825821 0.019999999552965164 2.4100000858306885 6.5100002288818359 11.310000419616699 13.119999885559082 26.544958114624023 25.466047286987305 24.866344451904297 24.705165863037109 57366.04296875 10.397522926330566 10.167948722839355 6.8110461235046387 24.876123428344727 riz 0 57359.37109375 1.1345081329345703 0.53662925958633423 0.84609216451644897 -0.13388793170452118 0.069479689002037048 23.676061630249023 0.067395687103271484 6.075403234717669e-06 3.7712288758484647e-07 0.01506715826690197 -2.0653472176945797e-07 9.1820312464463427e-10 29 22.857761383056641 0.78301209211349487 0.48080587387084961
SN: 1318052 10 0 C3 3 0 52.429530999999997 -28.082204999999998 0.48126998543739319 0.0010000000474974513 0.48068198561668396 0.0010000000474974513 0.48068201541900635 0.0017875529592856765 0 300 0 0 0.0062254867516458035 1 1 21633 -9 -9 0.4812999963760376 0.0010000000474974513 52.430041000000003 -28.082142999999999 1.6360000371932983 2.5390000343322754 -9 8.9569997787475586 0.008999999612569809 -9999 -9999 0.76200002431869507 0.28299999237060547 -8.1979999542236328 0.31662753224372864 0.29600000381469727 -999 24.840000152587891 24.030000686645508 23.690000534057617 23.420000076293945 0.019999999552965164 0.0099999997764825821 0.0099999997764825821 0.019999999552965164 1.7100000381469727 4.1399998664855957 5.5500001907348633 5.309999942779541 26.917509078979492 25.957498550415039 25.639266967773438 25.687263488769531 57311.234375 46.073421478271484 44.684970855712891 26.135686874389648 100.74188232421875 riz 0 57307.76171875 0.38313332200050354 0.59541064500808716 0.25655993819236755 0.13825541734695435 0.026857566088438034 23.250892639160156 0.029627200216054916 8.9875775302061811e-06 2.4524996433683555e-07 0.00034931683330796659 -2.9192145589718166e-08 -4.891941074447459e-09 40 54.789207458496094 0.059691060334444046 0.50177127122879028
SN: 1278747 10 0 X2 3 0 36.290184000000004 -6.9266170000000002 0.32425999641418457 0.0010000000474974513 0.32321000099182129 0.0010000000474974513 0.32321000099182129 0.0016592835308983922 0 300 0 0 0.031541179865598679 1 1 17328 -9 -9 0.32429999113082886 0.0010000000474974513 36.290286000000002 -6.9266290000000001 0.36599999666213989 0.2070000022649765 -9 10.880999565124512 0.012000000104308128 -9999 -9999 1.4170000553131104 0.36800000071525574 -9.4449996948242188 0.36906367540359497 1.0010000467300415 -999 21.899999618530273 20.629999160766602 20.040000915527344 19.709999084472656 0 0 0 0 48.419998168945312 156.44999694824219 260.42001342773438 368.489990234375 23.287437438964844 22.014060974121094 21.460813522338867 21.083934783935547 57265.3828125 12.480189323425293 12.346137046813965 9.8137645721435547 39.609687805175781 griz 0 57259.53515625 0.4571702778339386 -2.5967607498168945 0.50259858369827271 0.22998423874378204 0.048180066049098969 22.498687744140625 0.065596573054790497 1.7969043256016448e-05 1.0856299468287034e-06 0.011364107020199299 -3.5116201502205513e-07 -4.7445926298905761e-08 47 56.121532440185547 0.17008854448795319 1.1562602519989014
SN: 1345553 10 1 X1 3 0 35.344692000000002 -4.6679769999999996 0.31902000308036804 0.0010000000474974513 0.31794199347496033 0.0010000000474974513 0.31794202327728271 0.0016550798900425434 0 300 0 0 0.021647591143846512 1 2 44608 -9 -9 0.3190000057220459 0.0010000000474974513 35.344560999999999 -4.6678050000000004 0.77899998426437378 0.77899998426437378 -2.9067695140838623 9.8470001220703125 0.013000000268220901 -9999 -9999 0.56199997663497925 0.35199999809265137 -9.2740001678466797 0.35275062918663025 0.85100001096725464 -999 23.049999237060547 22.069999694824219 21.620000839233398 21.340000152587891 0.0099999997764825821 0 0 0 12.380000114440918 30.030000686645508 46.729999542236328 54.869998931884766 24.768198013305664 23.806112289428711 23.326011657714844 23.151662826538086 57395.09765625 42.874980926513672 42.302394866943359 37.334762573242188 108.72449493408203 griz 0 57394.73828125 0.35663098096847534 0.49177196621894836 0.47615039348602295 -0.12516148388385773 0.019797090440988541 21.460460662841797 0.025259017944335938 4.6753677452215925e-05 1.0876970009121578e-06 0.0040553705766797066 -3.537392387897853e-07 -1.2195195964181949e-08 16 18.320634841918945 0.3054584264755249 0.44825330376625061
SN: 1332721 10 0 C1 3 0 55.302475000000001 -27.368549000000002 0.42274001240730286 0.0010000000474974513 0.42223900556564331 0.0010000000474974513 0.42223906517028809 0.0017393861198797822 0 300 0 0 0.01113447081297636 1 2 40089 -9 -9 0.42269998788833618 0.0010000000474974513 55.302455000000002 -27.368611999999999 0.23600000143051147 0.27300000190734863 -4.442537784576416 9.9090003967285156 0.017000000923871994 -9999 -9999 0.045000001788139343 0.33700001239776611 -9.8610000610351562 0.34340208768844604 0.88099998235702515 -999 23.860000610351562 22.590000152587891 22.180000305175781 21.870000839233398 0.019999999552965164 0.0099999997764825821 0.0099999997764825821 0.0099999997764825821 6.2899999618530273 21.040000915527344 29.719999313354492 39.159999847412109 25.503374099731445 24.192386627197266 23.817378997802734 23.517892837524414 57319.1484375 14.194132804870605 11.078683853149414 7.827247142791748 44.026969909667969 riz 0 57324.6171875 0.54080796241760254 1.0732254981994629 0.51626718044281006 0.048378091305494308 0.049562219530344009 22.819778442382812 0.058721601963043213 1.3368685358727816e-05 7.2303993192690541e-07 0.0039898310787975788 -2.1286021478772454e-07 -2.7381194200870596e-08 40 48.677494049072266 0.16326926648616791 0.39240807294845581
SN: 1336453 10 1 S2 3 0 40.969749999999998 -1.229276 0.18579000234603882 0.0010000000474974513 0.18491700291633606 0.0010000000474974513 0.18491697311401367 0.0015510971425101161 0 300 0 0 0.026728885248303413 1 2 41864 -9 -9 0.18580000102519989 0.0010000000474974513 40.969763 -1.2294560000000001 0.65100002288818359 0.59299999475479126 -3.9055981636047363 9.1899995803833008 0.043999999761581421 -9999 -9999 0.84600001573562622 0.51999998092651367 -8.3439998626708984 0.52429860830307007 0.25200000405311584 -999 22.079999923706055 21.549999237060547 21.329999923706055 21.200000762939453 0 0 0 0 36.180000305175781 57.270000457763672 67.75 76.169998168945312 23.603828430175781 23.105182647705078 22.922725677490234 22.795539855957031 57355.2109375 158.96372985839844 154.97245788574219 92.929214477539062 345.65106201171875 griz 0 57355.08984375 0.17191319167613983 1.0664887428283691 0.15773314237594604 -0.062936045229434967 0.016681952401995659 20.195640563964844 0.024147851392626762 0.00014987993927206844 3.3334786166960839e-06 0.00042912250501103699 -3.1143102319219906e-07 -3.7305337485804557e-08 32 22.692558288574219 0.88775724172592163 0.41278091073036194
SN: 1336480 10 1 S2 3 0 41.724587 -1.1645570000000001 0.25694999098777771 0.0010000000474974513 0.25604099035263062 0.0010000000474974513 0.25604104995727539 0.0016061584465205669 0 300 0 0 0.029965324327349663 1 1 41848 -9 -9 0.25690001249313354 0.0010000000474974513 41.724806000000001 -1.1647730000000001 1.1069999933242798 0.99699997901916504 -9 9.9860000610351562 0.0080000003799796104 -9999 -9999 0.88099998235702515 0.22800000011920929 -9.1090002059936523 0.23067076504230499 0.69800001382827759 -999 21.629999160766602 20.760000228881836 20.350000381469727 20.120000839233398 0 0 0 0 44.540000915527344 90.050003051757812 130.67999267578125 167.07000732421875 23.378124237060547 22.613790512084961 22.209476470947266 21.942752838134766 57355.2109375 47.123992919921875 41.508388519287109 32.128257751464844 109.83036041259766 griz 0 57350.609375 0.2525067925453186 -0.3397306501865387 0.20153695344924927 -0.00019688432803377509 0.021108679473400116 21.40080451965332 0.028828496113419533 4.9394449888495728e-05 1.3115227375237737e-06 0.0012948754010722041 -1.5599627545270778e-07 -1.9346705570910672e-08 32 31.409383773803711 0.49629119038581848 0.11324544996023178
SN: 1339102 10 0 X2 3 0 35.408805999999998 -5.7656200000000002 0.64929002523422241 0.0010000000474974513 0.64795100688934326 0.0010000000474974513 0.64795100688934326 0.0019285661401227117 0 300 0 0 0.020182998850941658 1 1 41636 -9 -9 0.6492999792098999 0.0010000000474974513 35.409367000000003 -5.7659200000000004 2.2820000648498535 2.1110000610351562 -9 11.130000114440918 0.019999999552965164 -9999 -9999 -0.27799999713897705 0.67000001668930054 -11.38700008392334 0.6703946590423584 1.2990000247955322 -999 23.469999313354492 21.780000686645508 20.799999237060547 20.440000534057617 0.0099999997764825821 0 0 0 2.1700000762939453 9.4600000381469727 18.889999389648438 32.159999847412109 26.658849716186523 25.060272216796875 24.309419631958008 23.731710433959961 57356.1015625 12.422842979431152 10.951220512390137 5.8470640182495117 26.242240905761719 riz 0 57362.2578125 1.1860041618347168 0.7585521936416626 0.92371416091918945 0.027268974110484123 0.071425184607505798 23.651033401489258 0.065600641071796417 6.2170825003704522e-06 3.7563876276180963e-07 0.016892809420824051 -2.44078336208986e-07 -8.6249158925966185e-09 28 29.533060073852539 0.38587814569473267 0.26869255304336548
SN: 1334858 10 1 C3 3 0 53.131512000000001 -27.577598999999999 0.62800002098083496 0.0010000000474974513 0.62736797332763672 0.0010000000474974513 0.62736797332763672 0.001910984399728477 0 300 0 0 0.0083398614078760147 1 3 -14251 -9 -9 0.62800002098083496 0.0010000000474974513 53.132201999999999 -27.577718000000001 2.2439999580383301 1.9780000448226929 -0.97476375102996826 10.489999771118164 0.12999999523162842 -9999 -9999 1.031999945640564 0.024000000208616257 -9.6510000228881836 0.028844410553574562 0.52499997615814209 -999 22.389999389648438 21.600000381469727 21.069999694824219 20.899999618530273 0 0 0 0 6.0500001907348633 13.279999732971191 23.75 22.190000534057617 25.545612335205078 24.692005157470703 24.060840606689453 24.134607315063477 57327.09765625 8.4599838256835938 8.0091028213500977 6.6828951835632324 26.830375671386719 riz 0 57332.046875 0.91091877222061157 -0.4728437066078186 0.55895936489105225 0.21705561876296997 0.077264681458473206 24.175502777099609 0.078888781368732452 3.8352959563781042e-06 2.7866974505741382e-07 0.011371569707989693 -9.2850477528827469e-08 -1.5225650074057739e-08 40 8.362849235534668 1 0.74048751592636108
SN: 1328089 10 0 E1 3 0 6.994421 -43.390152 0.56980001926422119 0.0010000000474974513 0.56863802671432495 0.0010000000474974513 0.56863808631896973 0.0018611580599099398 0 300 0 0 0.0062023177742958069 1 2 21943 -9 -9 0.56980001926422119 0.0010000000474974513 6.9940930000000003 -43.390554000000002 1.6809999942779541 2.0680000782012939 -1.652154803276062 9.6009998321533203 0.017999999225139618 -9999 -9999 1.4750000238418579 0.18899999558925629 -8.1339998245239258 0.1952485591173172 0.23999999463558197 -999 23.489999771118164 22.579999923706055 22.239999771118164 22.040000915527344 0.0099999997764825821 0.0099999997764825821 0.0099999997764825821 0.0099999997764825821 5.8400001525878906 11.170000076293945 15.5 14.390000343322754 25.583967208862305 24.879867553710938 24.524169921875 24.604846954345703 57305.0546875 10.287084579467773 8.7809581756591797 6.3191823959350586 31.358320236206055 riz 0 57299.2890625 0.88679170608520508 -0.10644616186618805 0.49697902798652649 -0.064089685678482056 0.060833975672721863 22.898780822753906 0.067033156752586365 1.243047427124111e-05 7.6745521937482408e-07 0.0045956792309880257 -2.2884444206283661e-07 -2.6616778114885165e-08 44 44.877456665039062 0.43488574028015137 0.21655882894992828
SN: 1340470 10 0 X1 3 0 34.974418999999997 -4.8018099999999997 0.58187001943588257 0.0010000000474974513 0.58056902885437012 0.0010000000474974513 0.58056902885437012 0.0018712383462116122 0 300 0 0 0.018291082233190536 1 1 43692 -9 -9 0.58190000057220459 0.0010000000474974513 34.974406000000002 -4.8017079999999996 0.36899998784065247 0.55199998617172241 -9 10.022000312805176 0.045000001788139343 -9999 -9999 0.49900001287460327 0.008999999612569809 -9.5380001068115234 0.092439167201519012 0.42699998617172241 -999 23.040000915527344 22.100000381469727 21.610000610351562 21.430000305175781 0.0099999997764825821 0 0 0.0099999997764825821 13.340000152587891 33.729999542236328 49.770000457763672 58.860000610351562 24.687110900878906 23.679958343505859 23.257579803466797 23.075448989868164 57379.0625 10.879095077514648 10.579095840454102 7.4413313865661621 30.027288436889648 riz 0 57381.28515625 0.72618097066879272 1.0541338920593262 0.76440697908401489 -0.0096120424568653107 0.070307940244674683 23.101058959960938 0.076834946870803833 1.0317550731997471e-05 7.3014831514228717e-07 0.019253423437476158 -4.3848569930560188e-07 -2.9750637509096123e-08 17 21.66871452331543 0.19779740273952484 0.35283571481704712
SN: 1338223 10 0 E1 3 0 7.7606260000000002 -42.630088999999998 0.60071998834609985 0.0010000000474974513 0.59952199459075928 0.0010000000474974513 0.59952199459075928 0.001887295744381845 0 300 0 0 0.005693536251783371 1 1 42866 -9 -9 0.6007000207901001 0.0010000000474974513 7.7606820000000001 -42.630025000000003 0.27500000596046448 0.23499999940395355 -9 10.630000114440918 0.013000000268220901 -9999 -9999 0.87199997901916504 0.014999999664723873 -9.758000373840332 0.023430749773979187 0.61299997568130493 -999 22.729999542236328 21.610000610351562 21.010000228881836 20.590000152587891 0.0099999997764825821 0 0 0 20.049999237060547 55.25 97.150001525878906 131.64999389648438 24.244714736938477 23.144168853759766 22.531393051147461 22.201448440551758 57372.03515625 11.668440818786621 10.052326202392578 8.2267389297485352 25.778305053710938 riz 0 57366.171875 1.0486829280853271 -0.19570571184158325 0.743949294090271 -0.038357064127922058 0.074871242046356201 23.140703201293945 0.070251777768135071 9.947612852556631e-06 6.4365315211034613e-07 0.0078020053915679455 -2.656709341408714e-07 -2.8653241557208275e-08 24 16.378307342529297 0.87393957376480103 0.14353750646114349
SN: 1338649 10 1 S1 3 0 42.165390000000002 -0.42173300000000002 0.6144300103187561 0.0010000000474974513 0.61327099800109863 0.0010000000474974513 0.61327099800109863 0.0018989779055118561 0 300 0 0 0.040151022374629974 1 1 42231 -9 -9 0.61440002918243408 0.0010000000474974513 42.165511000000002 -0.42174800000000001 0.43900001049041748 0.72399997711181641 -9 10.421999931335449 0.054000001400709152 -9999 -9999 0.22900000214576721 10.229000091552734 -10.196000099182129 10.229801177978516 1.4839999675750732 -999 24.870000839233398 23.149999618530273 22.219999313354492 21.709999084472656 0.05000000074505806 0.0099999997764825821 0.0099999997764825821 0.0099999997764825821 2.3900001049041748 11.529999732971191 27.159999847412109 44.659999847412109 26.554004669189453 24.845426559448242 23.915176391601562 23.375202178955078 57355.23046875 7.5110721588134766 6.4653396606445312 6.3381481170654297 19.240400314331055 riz 0 57350.46484375 1.0136401653289795 -0.57502985000610352 0.84514921903610229 0.073932439088821411 0.10373609513044357 23.695365905761719 0.10695875436067581 5.9683388826670125e-06 5.8795689028556808e-07 0.019234474748373032 -3.5101120943181741e-07 -3.1200656280816474e-08 29 24.517511367797852 0.70302420854568481 0.31220716238021851
SN: 1341857 10 0 C1 3 0 53.118178999999998 -26.979706 0.50372999906539917 0.0010000000474974513 0.50313997268676758 0.0010000000474974513 0.50313997268676758 0.0018062241142615676 0 300 0 0 0.0079245353117585182 1 3 43888 -9 -9 0.50370001792907715 0.0010000000474974513 53.118153999999997 -26.979880999999999 0.63599997758865356 0.66600000858306885 -3.1675944328308105 10.855999946594238 0.071999996900558472 -9999 -9999 -0.38699999451637268 9.6129999160766602 -11.211000442504883 9.6133413314819336 1.4190000295639038 -999 23.260000228881836 21.389999389648438 20.620000839233398 20.219999313354492 0.0099999997764825821 0 0 0 10.289999961853027 59.229999542236328 116.22000122070312 168.41999816894531 24.968961715698242 23.068645477294922 22.336797714233398 21.934015274047852 57385.15234375 11.981837272644043 8.6675081253051758 8.1401214599609375 27.759103775024414 riz 0 57382.9296875 0.7088472843170166 -1.8827060461044312 0.62174034118652344 -0.041250374168157578 0.078129485249519348 23.092670440673828 0.071165911853313446 1.0397564437880646e-05 6.8152110088703921e-07 0.0068049021065235138 -1.7623354153784021e-07 -2.85484382800405e-08 22 31.749160766601562 0.081774242222309113 0.64245545864105225
SN: 1338665 10 0 X3 3 0 36.616759999999999 -5.1379590000000004 0.72198998928070068 0.0010000000474974513 0.72062098979949951 0.0010000000474974513 0.72062098979949951 0.0019911022391170263 0 300 0 0 0.025065353140234947 1 2 42651 -9 -9 0.72200000286102295 0.0010000000474974513 36.616464999999998 -5.137823 1.1649999618530273 1.2669999599456787 -2.846266508102417 10.694000244140625 0.013000000268220901 -9999 -9999 0.90399998426437378 0.16599999368190765 -9.7849998474121094 0.17425556480884552 0.94700002670288086 -999 23.799999237060547 22.850000381469727 21.950000762939453 21.569999694824219 0.0099999997764825821 0 0 0 5.690000057220459 15.890000343322754 32.509998321533203 45.090000152587891 25.612218856811523 24.497190475463867 23.71995735168457 23.364799499511719 57366.07421875 20.309471130371094 16.713733673095703 9.7083368301391602 38.245082855224609 riz 0 57366.1796875 0.80977141857147217 -0.23952080309391022 0.58560383319854736 0.15702486038208008 0.056645933538675308 24.204320907592773 0.04547245055437088 3.7348365822253982e-06 1.5642120843040175e-07 0.0058236340992152691 -5.3867136529106574e-08 -2.9931535028282497e-09 19 12.370909690856934 0.86916488409042358 0.52947044372558594
SN: 1317666 10 1 X3 3 0 36.771053000000002 -5.0030919999999997 0.14226999878883362 0.0010000000474974513 0.14136399328708649 0.0010000000474974513 0.14136397838592529 0.0015180415939539671 0 300 0 0 0.022805597633123398 1 2 -14178 -9 -9 0.14229999482631683 0.0010000000474974513 36.771016000000003 -5.0024129999999998 2.4470000267028809 1.5 -2.3850104808807373 10.062000274658203 0.0060000000521540642 -9999 -9999 0.49500000476837158 0.1379999965429306 -9.5659999847412109 0.15128780901432037 1.0809999704360962 -999 20.909999847412109 20.049999237060547 19.610000610351562 19.309999465942383 0 0 0 0 33.669998168945312 67.680000305175781 85.680000305175781 106.75 23.681892395019531 22.923849105834961 22.667800903320312 22.429080963134766 57301.29296875 208.12460327148438 199.17369079589844 163.95011901855469 464.15411376953125 gri 0 57301.6015625 0.1817752867937088 -0.16442662477493286 0.098234310746192932 0.061915215104818344 0.016701307147741318 20.169782638549805 0.020688697695732117 0.00015349251043517143 2.9247989914438222e-06 -4.7203786380123347e-05 -7.4161327745514427e-08 -3.521800806538522e-08 27 9.4059829711914062 0.99931496381759644 0.21353779733181
SN: 1319066 10 0 C2 3 0 54.948836999999997 -28.900407999999999 0.33449000120162964 0.0010000000474974513 0.33402499556541443 0.0010000000474974513 0.33402502536773682 0.0016679322579875588 0 300 0 0 0.012018564157187939 1 1 3372 -9 -9 0.3345000147819519 0.0010000000474974513 54.948833999999998 -28.900427000000001 0.068000003695487976 0.1289999932050705 -9 8.8819999694824219 0.029999999329447746 -9999 -9999 0.24699999392032623 0.31400001049041748 -8.625 0.32748281955718994 0.38499999046325684 -999 23.899999618530273 23.100000381469727 22.920000076293945 22.639999389648438 0.019999999552965164 0.0099999997764825821 0.0099999997764825821 0.019999999552965164 6.0300002098083496 13.310000419616699 15.600000381469727 18.510000228881836 25.549205780029297 24.689554214477539 24.517189025878906 24.331483840942383 57302.296875 25.934337615966797 23.243471145629883 22.430177688598633 67.617919921875 griz 0 57298.66796875 0.42425739765167236 0.58041971921920776 0.31020307540893555 0.084843352437019348 0.026617042720317841 22.220615386962891 0.038936920464038849 2.3214204702526331e-05 8.3251313753862632e-07 0.0022398508153855801 -1.4472300335910404e-07 -1.5024440358502034e-08 51 49.529972076416016 0.53217828273773193 0.34265732765197754
SN: 1280792 10 0 C3 3 0 52.292923000000002 -28.016565 0.68123000860214233 0.0010000000474974513 0.68055802583694458 0.0010000000474974513 0.6805579662322998 0.0019565389957278967 0 300 0 0 0.0074103563092648983 1 1 6261 -9 -9 0.68120002746582031 0.0010000000474974513 52.292985999999999 -28.016584999999999 0.21199999749660492 0.27500000596046448 -9 10.60099983215332 0.019999999552965164 -9999 -9999 -4.0019998550415039 5.9980001449584961 -14.625 5.998420238494873 1.5290000438690186 -999 25.030000686645508 23.149999618530273 22.079999923706055 21.559999465942383 0.029999999329447746 0.0099999997764825821 0 0 2.4200000762939453 12.659999847412109 35.020000457763672 51.689998626708984 26.540462493896484 24.743915557861328 23.639209747314453 23.216484069824219 57253.28515625 20.982982635498047 13.030402183532715 12.260181427001953 35.015140533447266 riz 0 57249.98828125 1.8079459667205811 -2.677001953125 0.54916298389434814 0.019460977986454964 0.062700353562831879 23.749782562255859 0.062950566411018372 5.6765861700114328e-06 3.2912629421844031e-07 0.00062949408311396837 -2.9853637784071907e-08 -3.1442388692681789e-09 30 34.909046173095703 0.24596497416496277 0.89468878507614136
SN: 1340700 10 0 X3 3 0 36.162502000000003 -4.6816639999999996 0.32657000422477722 0.0010000000474974513 0.32550299167633057 0.0010000000474974513 0.32550299167633057 0.0016611150931566954 0 300 0 0 0.020885536447167397 1 1 43324 -9 -9 0.32659998536109924 0.0010000000474974513 36.162488000000003 -4.6816630000000004 0.048999998718500137 0.043000001460313797 -9 10.461000442504883 0.0080000003799796104 -9999 -9999 1.1039999723434448 0.13099999725818634 -9.3459997177124023 0.13223086297512054 0.92100000381469727 -999 22.059999465942383 20.899999618530273 20.459999084472656 20.030000686645508 0 0 0 0 40.400001525878906 115.83999633789062 166.33000183105469 226.02999877929688 23.484046936035156 22.340354919433594 21.947574615478516 21.614585876464844 57376.09765625 68.693534851074219 45.661544799804688 42.18292236328125 153.82225036621094 griz 0 57373.859375 0.19139860570430756 -0.3451591432094574 0.22467410564422607 0.117381252348423 0.020530601963400841 22.064783096313477 0.027979716658592224 2.6797048121807165e-05 6.9056721940796706e-07 0.0020497920922935009 -1.0420438911751262e-07 -1.0964701147031519e-08 23 24.030500411987305 0.40212109684944153 0.40783581137657166
SN: 1330403 10 0 C2 3 0 54.519131000000002 -29.132798999999999 0.77713000774383545 0.0010000000474974513 0.77649998664855957 0.0010000000474974513 0.77649998664855957 0.0020396481268107891 0 300 0 0 0.0091983843594789505 1 1 39910 -9 -9 0.77710002660751343 0.0010000000474974513 54.519261999999998 -29.133044000000002 0.97200000286102295 1.0679999589920044 -9 10.548000335693359 0.014000000432133675 -9999 -9999 0.97100001573562622 0.014000000432133675 -9.5670003890991211 0.054817881435155869 0.46299999952316284 -999 23.360000610351562 22.520000457763672 21.659999847412109 21.299999237060547 0.0099999997764825821 0.0099999997764825821 0 0 9.3500003814697266 19.590000152587891 42.340000152587891 62.380001068115234 25.072971343994141 24.269914627075195 23.433122634887695 23.012386322021484 57311.26171875 13.885819435119629 9.3696632385253906 8.7423553466796875 28.032577514648438 riz 0 57313.16796875 1.1280672550201416 0.21530629694461823 0.8213958740234375 -0.077994935214519501 0.065144993364810944 23.575551986694336 0.058337468653917313 6.6646839513850864e-06 3.5809875953418668e-07 0.012574467808008194 -1.9109891979951499e-07 -2.8203515078928376e-09 47 47.269428253173828 0.46154811978340149 0.26970717310905457
SN: 1308529 10 0 X3 3 0 35.844116 -3.9928560000000002 0.72351998090744019 0.0010000000474974513 0.72212100028991699 0.0010000000474974513 0.72212100028991699 0.0019924002699553967 0 300 0 0 0.021167654544115067 1 1 20154 -9 -9 0.72350001335144043 0.0010000000474974513 35.843981999999997 -3.9927049999999999 0.72600001096725464 0.94800001382827759 -9 9.7650003433227539 0.02199999988079071 -9999 -9999 0.46700000762939453 0.018999999389052391 -9.2729997634887695 0.049769468605518341 0.2370000034570694 -999 23.879999160766602 23.219999313354492 22.600000381469727 22.389999389648438 0.0099999997764825821 0.0099999997764825821 0.0099999997764825821 0.0099999997764825821 5.1700000762939453 10.520000457763672 15.869999885559082 20.180000305175781 25.716274261474609 24.944961547851562 24.498558044433594 24.237697601318359 57291.25390625 12.689544677734375 9.8260459899902344 8.1965780258178711 31.738296508789062 riz 0 57289.078125 0.99179035425186157 0.87868022918701172 0.82866740226745605 0.12060660123825073 0.060026820749044418 24.100212097167969 0.064102388918399811 4.1106918615696486e-06 2.4269724008263438e-07 0.0076789143495261669 -1.3321933067800273e-07 -8.0010034153588094e-09 39 58.152755737304688 0.02483416348695755 0.49740147590637207
SN: 1306366 10 0 S1 3 0 42.248134999999998 -0.50309999999999999 0.15144999325275421 0.0010000000474974513 0.15062500536441803 0.0010000000474974513 0.15062499046325684 0.0015250261640176177 0 300 0 0 0.040541872382164001 1 1 11034 -9 -9 0.15139999985694885 0.0010000000474974513 42.247118999999998 -0.50301899999999999 3.6679999828338623 1.8279999494552612 -9 9.064000129699707 0.020999999716877937 -9999 -9999 0.57400000095367432 0.48600000143051147 -8.4589996337890625 0.4872586727142334 0.45800000429153442 -999 23.209999084472656 22.520000457763672 22.120000839233398 21.940000534057617 0.0099999997764825821 0.0099999997764825821 0.0099999997764825821 0.0099999997764825821 3.2100000381469727 4.9000000953674316 6.6999998092651367 9.7399997711181641 26.233737945556641 25.774509429931641 25.434812545776367 25.028602600097656 57283.26171875 79.026710510253906 74.764411926269531 57.532184600830078 155.59013366699219 griz 0 57284.12890625 0.22407642006874084 -0.28352585434913635 0.22963458299636841 0.22252932190895081 0.023894065991044044 21.083274841308594 0.033880174160003662 6.6174376115668565e-05 2.0649576981668361e-06 0.0023523306008428335 -2.454059426781896e-07 -4.0152027480644392e-08 21 23.908161163330078 0.2975296676158905 0.7477608323097229
SN: 1334645 10 1 X2 3 0 36.379593 -5.8789889999999998 0.24799999594688416 0.0010000000474974513 0.24700699746608734 0.0010000000474974513 0.24700701236724854 0.0015990941319614649 0 300 0 0 0.024309612810611725 1 1 -14228 -9 -9 0.24799999594688416 0.0010000000474974513 36.380208000000003 -5.8791270000000004 2.2560000419616699 1.3559999465942383 -9 10.475000381469727 0.050999999046325684 -9999 -9999 0.63499999046325684 0.70899999141693115 -9.7650003433227539 0.71090435981750488 1.1599999666213989 -999 22.100000381469727 20.950000762939453 20.450000762939453 20.219999313354492 0 0 0 0 10.640000343322754 25.780000686645508 39.090000152587891 51.849998474121094 24.932645797729492 23.971792221069336 23.51983642578125 23.213127136230469 57339.15234375 61.412731170654297 59.021823883056641 42.80267333984375 186.38922119140625 griz 0 57335.515625 0.1934388279914856 -0.85774964094161987 0.16800551116466522 -0.042296767234802246 0.017337484285235405 20.906728744506836 0.022363131865859032 7.7859011071268469e-05 1.6036781289585633e-06 0.00062862643972039223 -1.2907278801321809e-07 -1.9222239799887575e-08 40 27.294460296630859 0.93700891733169556 0.31878870725631714
SN: 1331707 10 0 E1+E2 3 0 8.4123180000000009 -43.710296999999997 0.65516000986099243 0.0010000000474974513 0.65395498275756836 0.0010000000474974513 0.65395498275756836 0.0019337058765813708 0 300 0 0 0.0054189856164157391 1 1 39614 -9 -9 0.65520000457763672 0.0010000000474974513 8.4123719999999995 -43.710386 0.34900000691413879 0.46900001168251038 -9 10.529000282287598 0.039000000804662704 -9999 -9999 -0.42800000309944153 8.3299999237060547 -10.942999839782715 8.3300867080688477 1.2899999618530273 -999 24.489999771118164 22.639999389648438 21.620000839233398 21.190000534057617 0.029999999329447746 0.0099999997764825821 0 0 3.3299999237060547 19.670000076293945 50.569999694824219 70.800003051757812 26.193889617919922 24.26548957824707 23.240268707275391 22.874916076660156 57305.0546875 7.7890448570251465 7.0833148956298828 7.0181369781494141 31.279008865356445 riz 0 57313.27734375 0.88600766658782959 0.42661330103874207 0.61529326438903809 -0.10382186621427536 0.058728616684675217 23.566423416137695 0.059520438313484192 6.7209525695943739e-06 3.684449723095895e-07 0.0081827938556671143 -1.6062170971054002e-07 -6.2400764555547994e-09 98 95.44476318359375 0.55424016714096069 0.37415042519569397
SN: 1289714 10 0 C1 3 0 54.518154000000003 -27.567592999999999 0.53637999296188354 0.0010000000474974513 0.53582000732421875 0.0010000000474974513 0.53582000732421875 0.0018335460918024182 0 300 0 0 0.0097678527235984802 1 1 1794 -9 -9 0.53640002012252808 0.0010000000474974513 54.518380000000001 -27.567661999999999 0.7630000114440918 1.2380000352859497 -9 10.291999816894531 0.039000000804662704 -9999 -9999 0.18500000238418579 10.185000419616699 -10.121999740600586 10.185648918151855 1.3710000514984131 -999 24.290000915527344 22.659999847412109 21.909999847412109 21.489999771118164 0.019999999552965164 0.0099999997764825821 0 0 3.7799999713897705 16.799999237060547 32.909999847412109 49.180000305175781 26.056270599365234 24.436727523803711 23.706680297851562 23.270528793334961 57278.23828125 11.94630241394043 10.259806632995605 8.5453891754150391 30.07975959777832 riz 0 57276.30859375 1.0540249347686768 1.3420296907424927 0.71409428119659424 0.053726393729448318 0.064575493335723877 23.254640579223633 0.062990203499794006 8.9566174210631289e-06 5.1962820180051494e-07 0.0023848791606724262 -1.7048073175374157e-07 -2.1202946953735591e-08 52 61.475372314453125 0.17296156287193298 0.48185938596725464
SN: 1339246 10 0 C3 3 0 52.980212999999999 -27.713514 0.95867002010345459 0.0010000000474974513 0.95790600776672363 0.0010000000474974513 0.95790600776672363 0.002199661685153842 0 300 0 0 0.0081085944548249245 1 1 42465 -9 -9 0.95870000123977661 0.0010000000474974513 52.980254000000002 -27.712733 2.812999963760376 3.4570000171661377 -9 11.206000328063965 0.085000000894069672 -9999 -9999 -1.7949999570846558 0.39300000667572021 -12.89799976348877 0.39310303330421448 1.2560000419616699 -999 24.659999847412109 22.770000457763672 21.479999542236328 20.760000228881836 0.019999999552965164 0 0 0 0.2800000011920929 0.2800000011920929 1.4800000190734863 2.9600000381469727 27.5 27.5 27.074346542358398 26.321769714355469 57355.25 10.724264144897461 7.867164134979248 -99 21.513605117797852 iz 0 57352.26171875 1.1832289695739746 -0.25749975442886353 0.88933801651000977 -0.081189744174480438 0.15964874625205994 25.015781402587891 0.088490553200244904 1.7688356592771015e-06 1.4416508520298521e-07 -0.0025609130971133709 -9.5512085351856513e-08 4.7775561284879586e-09 25 19.901927947998047 0.75195074081420898 0.28391775488853455
SN: 1255824 10 0 X3 3 0 35.777954000000001 -4.5112680000000003 0.81999999284744263 0.0010000000474974513 0.81852400302886963 0.0010000000474974513 0.81852400302886963 0.0020764016080647707 0 300 0 0 0.025308163836598396 1 3 19731 -9 -9 0.81999999284744263 0.0010000000474974513 35.778015000000003 -4.5112120000000004 0.29899999499320984 0.23000000417232513 -4.4681172370910645 11.288999557495117 0.017999999225139618 -9999 -9999 0.54100000858306885 10.541000366210938 -10.781000137329102 10.54118824005127 1.4440000057220459 -999 25.059999465942383 23.049999237060547 21.700000762939453 21.059999465942383 0.029999999329447746 0 0 0 2.4200000762939453 15.600000381469727 52.470001220703125 92.30999755859375 26.540462493896484 24.517189025878906 23.200222015380859 22.586877822875977 56592.08203125 11.119672775268555 8.607151985168457 7.4907317161560059 26.489261627197266 riz 0 56590.85546875 0.83861768245697021 -1.2364925146102905 0.62632536888122559 -0.044295590370893478 0.070324689149856567 24.103578567504883 0.07085224986076355 4.0979712139233015e-06 2.6742267777990492e-07 0.0035026969853788614 -1.1426419632698526e-07 1.4651819757460771e-09 37 33.10894775390625 0.65207815170288086 0.43781322240829468
SN: 1256505 10 0 S2 3 0 41.995303999999997 -0.64230900000000002 0.55738002061843872 0.0010000000474974513 0.55625802278518677 0.0010000000474974513 0.55625796318054199 0.0018507218919694424 0 300 0 0 0.031055716797709465 1 1 12512 -9 -9 0.55739998817443848 0.0010000000474974513 41.995544000000002 -0.64221700000000004 0.92500001192092896 1.3009999990463257 -9 10.347999572753906 0.059000000357627869 -9999 -9999 -2.5789999961853027 2.5429999828338623 -12.89900016784668 2.5432989597320557 1.5069999694824219 -999 24.790000915527344 22.809999465942383 21.959999084472656 21.590000152587891 0.039999999105930328 0.0099999997764825821 0.0099999997764825821 0.0099999997764825821 2.0399999618530273 14.550000190734863 33.75 40.490001678466797 26.725925445556641 24.592842102050781 23.679315567016602 23.481630325317383 56590.30078125 18.717678070068359 14.863245010375977 11.614699363708496 38.009319305419922 riz 0 56596.41015625 0.74422836303710938 0.6265484094619751 0.51285421848297119 -0.010543304495513439 0.052918724715709686 22.895212173461914 0.052687324583530426 1.2471389709389769e-05 6.0519687394844368e-07 0.0029176480602473021 -1.7682482678083034e-07 -1.8873860696544398e-08 37 24.15562629699707 0.94869506359100342 0.21178579330444336
SN: 1256426 10 0 C2 3 0 54.221615 -29.861069000000001 0.3327299952507019 0.0010000000474974513 0.33225700259208679 0.0010000000474974513 0.33225703239440918 0.0016665166476741433 0 300 0 0 0.010280594229698181 1 1 3558 -9 -9 0.33270001411437988 0.0010000000474974513 54.221600000000002 -29.861101000000001 0.12399999797344208 0.1120000034570694 -9 10.401000022888184 0.013000000268220901 -9999 -9999 1.281999945640564 0.020999999716877937 -9.1090002059936523 0.033421549946069717 0.71700000762939453 -999 21.25 20.489999771118164 20.159999847412109 19.659999847412109 0 0 0 0 77.330001831054688 155.21000671386719 199.27999877929688 320.80999755859375 22.779129028320312 22.022701263427734 21.751340866088867 21.234378814697266 56675.09375 43.868980407714844 30.406124114990234 22.611852645874023 76.546234130859375 grz 0 56668.4453125 0.47817158699035645 1.3514524698257446 0.74113225936889648 0.02205645851790905 0.078964293003082275 20.789649963378906 0.13405121862888336 8.6724205175414681e-05 1.0707468391046859e-05 0.045929297804832458 -6.6615402829484083e-06 -7.0337074475901318e-07 3 3.7835350036621094 0.28580710291862488 0.45644429326057434
SN: 1256432 10 0 C2 3 0 54.723019000000001 -29.351569999999999 0.51182997226715088 0.0010000000474974513 0.51130199432373047 0.0010000000474974513 0.51130199432373047 0.001813031267374754 0 300 0 0 0.0098179029300808907 1 1 2658 -9 -9 0.51179999113082886 0.0010000000474974513 54.723300000000002 -29.351783999999999 1.1690000295639038 1.3789999485015869 -9 10.111000061035156 0.014999999664723873 -9999 -9999 0.29699999094009399 0.017999999225139618 -9.810999870300293 0.049396354705095291 0.63499999046325684 -999 23.270000457763672 22.159999847412109 21.719999313354492 21.450000762939453 0.0099999997764825821 0 0 0 8.8100004196166992 26.920000076293945 37.849998474121094 44.669998168945312 25.13755989074707 23.924812316894531 23.554836273193359 23.374959945678711 56590.328125 29.601877212524414 17.989753723144531 11.859989166259766 47.646762847900391 riz 0 56595.55859375 0.61534273624420166 -0.046543914824724197 0.39580786228179932 -0.08341023325920105 0.047440089285373688 22.650152206420898 0.046497192233800888 1.5629286281182431e-05 6.693319392070407e-07 0.0015259897336363792 -1.4203243381416542e-07 -1.8629162212846495e-08 36 33.142669677734375 0.60522156953811646 0.2784666121006012
SN: 1264434 10 0 X3 3 0 36.716152000000001 -4.3552489999999997 0.31178998947143555 0.0010000000474974513 0.3107450008392334 0.0010000000474974513 0.3107450008392334 0.001649347017519176 0 300 0 0 0.023079723119735718 1 1 18655 -9 -9 0.31180000305175781 0.0010000000474974513 36.716188000000002 -4.3551729999999997 0.30099999904632568 0.17900000512599945 -9 11.026000022888184 0.054999999701976776 -9999 -9999 0.71100002527236938 0.20200000703334808 -10.364999771118164 0.21763502061367035 1.2109999656677246 -999 21.760000228881836 20.190000534057617 19.549999237060547 19.299999237060547 0 0 0 0 49.369998931884766 196.39999389648438 330.44000244140625 442.04998779296875 23.266342163085938 21.767147064208984 21.202268600463867 20.886322021484375 56669.05859375 96.1402587890625 50.321952819824219 40.219730377197266 159.9986572265625 griz 0 56667.16796875 0.21951869130134583 0.26125949621200562 0.22584570944309235 0.036139115691184998 0.020183494314551353 21.553764343261719 0.025843145325779915 4.2903629946522415e-05 1.0212100960416137e-06 0.0018833836074918509 -1.4770539280561934e-07 -1.5198152070183824e-08 19 23.203943252563477 0.22847840189933777 0.14864577353000641
SN: 1251114 10 0 C2 3 0 53.801479 -28.814411 0.62691998481750488 0.0010000000474974513 0.6263200044631958 0.0010000000474974513 0.6263200044631958 0.0019100907957181334 0 300 0 0 0.0078247850760817528 1 1 2915 -9 -9 0.62690001726150513 0.0010000000474974513 53.801530999999997 -28.814411 0.16500000655651093 0.24400000274181366 -9 10.576000213623047 0.026000000536441803 -9999 -9999 -2.3489999771118164 1.2599999904632568 -12.89799976348877 1.2606997489929199 1.5249999761581421 -999 24.420000076293945 22.649999618530273 21.659999847412109 21.229999542236328 0.019999999552965164 0.0099999997764825821 0 0 3.4200000762939453 19.260000228881836 48.889999389648438 71.360000610351562 26.164934158325195 24.288358688354492 23.276950836181641 22.866363525390625 56547.2578125 14.74738597869873 10.594488143920898 6.5809602737426758 37.041534423828125 riz 0 56550.71875 0.82216215133666992 0.54906529188156128 0.65689414739608765 -0.030814748257398605 0.0535692498087883 23.288534164428711 0.055025104433298111 8.6813279267516918e-06 4.3996965359838214e-07 0.010519114322960377 -2.074151410624836e-07 -1.0754258816803031e-08 38 37.673355102539062 0.48442751169204712 0.20987498760223389
SN: 1255412 10 0 S2 3 0 41.137352 -1.56517 0.37303000688552856 0.0010000000474974513 0.37202399969100952 0.0010000000474974513 0.3720240592956543 0.0016985178226605058 0 300 0 0 0.02589799091219902 1 1 13327 -9 -9 0.37299999594688416 0.0010000000474974513 41.13702 -1.5653589999999999 1.3739999532699585 0.97299998998641968 -9 10.47599983215332 0.013000000268220901 -9999 -9999 0.72399997711181641 0.28099998831748962 -9.7320003509521484 0.28202304244041443 0.80800002813339233 -999 22.479999542236328 21.190000534057617 20.680000305175781 20.399999618530273 0 0 0 0 16.829999923706055 50.540000915527344 69.290000915527344 85.180000305175781 24.434789657592773 23.240911483764648 22.898323059082031 22.674156188964844 56590.30078125 17.874408721923828 17.415607452392578 14.520431518554688 51.784770965576172 griz 0 56586.19921875 0.3321879506111145 -0.10204899311065674 0.4057881236076355 0.035495299845933914 0.033681072294712067 22.393932342529297 0.05249226838350296 1.9789134967140853e-05 9.5674863587191794e-07 0.0055475365370512009 -2.9702451342927816e-07 -2.1714711806453124e-08 41 33.585762023925781 0.78791558742523193 0.12311043590307236
SN: 1255737 10 0 X3 3 0 36.613785 -4.3579569999999999 0.92049002647399902 0.0010000000474974513 0.91895699501037598 0.0010000000474974513 0.91895699501037598 0.0021650197450071573 0 300 0 0 0.02238071896135807 1 2 17970 -9 -9 0.92049998044967651 0.0010000000474974513 36.612926999999999 -4.3582869999999998 3.3010001182556152 1.6840000152587891 -1.5480719804763794 9.866999626159668 0.039000000804662704 -9999 -9999 1.8849999904632568 0.14300000667572021 -8.0419998168945312 0.18667887151241302 -0.028000000864267349 -999 24.120000839233398 23.639999389648438 22.940000534057617 22.629999160766602 0.0099999997764825821 0.0099999997764825821 0.0099999997764825821 0.0099999997764825821 0.5899999737739563 1.0499999523162842 1.6699999570846558 2.5099999904632568 27.5 27.447027206420898 26.943208694458008 26.500816345214844 56580.1328125 11.319680213928223 7.4527044296264648 -99 23.363811492919922 iz 0 56588.09765625 0.89549827575683594 -0.57475978136062622 0.71602648496627808 -0.14751850068569183 0.15673103928565979 24.503040313720703 0.082307524979114532 2.8365072921587853e-06 2.1503004177247931e-07 -0.00475693354383111 -1.1265785815339768e-07 2.6908049122198463e-09 26 29.386280059814453 0.2938111424446106 0.52773302793502808
SN: 1256823 10 1 X3 3 0 36.531844999999997 -4.6173089999999997 0.44198998808860779 0.0010000000474974513 0.44083899259567261 0.0010000000474974513 0.44083905220031738 0.0017546475864946842 0 300 0 0 0.023299448192119598 1 1 19971 -9 -9 0.44200000166893005 0.0010000000474974513 36.531815000000002 -4.6174540000000004 0.5350000262260437 0.66900002956390381 -9 9.3129997253417969 0.10499999672174454 -9999 -9999 0.63099998235702515 0.91500002145767212 -8.5319995880126953 0.91752332448959351 0.35600000619888306 -999 24.069999694824219 23.100000381469727 22.809999465942383 22.510000228881836 0.0099999997764825821 0 0.0099999997764825821 0.0099999997764825821 5.0100002288818359 12.840000152587891 16.479999542236328 19.540000915527344 25.750406265258789 24.728588104248047 24.457607269287109 24.272687911987305 56608.20703125 74.216392517089844 57.660427093505859 35.570590972900391 172.91249084472656 riz 0 56609.25390625 0.3521694540977478 1.1049371957778931 0.24508485198020935 -0.13294112682342529 0.029321460053324699 22.102840423583984 0.037695653736591339 2.5874016500893049e-05 8.9831951299856883e-07 0.0016964067472144961 -1.301394974007053e-07 -2.0904311170966139e-08 26 38.048572540283203 0.059935435652732849 0.57621568441390991
SN: 1259412 10 1 X3 3 0 36.345382999999998 -5.3240999999999996 0.30581000447273254 0.0010000000474974513 0.30476701259613037 0.0010000000474974513 0.30476701259613037 0.0016445938963443041 0 300 0 0 0.021609766408801079 1 1 -1570 -9 -9 0.30579999089241028 0.0010000000474974513 36.345582999999998 -5.3234279999999998 2.5239999294281006 1.6189999580383301 -9 10.470999717712402 0.0060000000521540642 -9999 -9999 1.309999942779541 0.17299999296665192 -9.130000114440918 0.22963014245033264 0.71899998188018799 -999 22.139999389648438 21.030000686645508 20.520000457763672 20.350000381469727 0 0 0 0 14.979999542236328 39.159999847412109 45.349998474121094 56.290000915527344 24.561220169067383 23.517892837524414 23.358556747436523 23.123922348022461 56627.1171875 139.96253967285156 132.32814025878906 -99 253.15325927734375 gi 0 56624.4375 0.23479995131492615 0.79400157928466797 0.23462346196174622 -0.033777616918087006 0.016479592770338058 21.371868133544922 0.025967532768845558 5.0728565838653594e-05 1.2132742313042399e-06 0.00045140535803511739 -1.7247808159481792e-07 -9.6459453757802294e-09 14 17.858898162841797 0.21328310668468475 0.28762072324752808
SN: 1280135 10 0 C1 3 0 53.49221 -27.400271 0.77149999141693115 0.0010000000474974513 0.7708209753036499 0.0010000000474974513 0.7708209753036499 0.0020346972160041332 0 300 0 0 0.0074234595522284508 1 1 188 -9 -9 0.77149999141693115 0.0010000000474974513 53.492319999999999 -27.400359000000002 0.47299998998641968 0.68000000715255737 -9 9.2290000915527344 0.028000000864267349 -9999 -9999 0.87699997425079346 0.28099998831748962 -8.3489999771118164 0.28887712955474854 -0.23600000143051147 -999 23.940000534057617 23.540000915527344 23.090000152587891 22.979999542236328 0.019999999552965164 0.0099999997764825821 0.0099999997764825821 0.019999999552965164 5.8000001907348633 8.2700004577636719 12.229999542236328 14.430000305175781 25.5914306640625 25.206235885620117 24.78143310546875 24.601833343505859 56575.1953125 9.6675119400024414 6.9067578315734863 4.5878787040710449 19.823677062988281 riz 0 56584.98046875 0.98787033557891846 -0.89470428228378296 0.80800819396972656 -0.064961366355419159 0.086654633283615112 23.866264343261719 0.092234618961811066 5.0991125135624316e-06 4.3317584186297609e-07 0.0084632784128189087 -2.3342938959558523e-07 4.6789555563364615e-10 46 44.5020751953125 0.53511404991149902 0.36855477094650269
SN: 1257016 10 0 E1 3 0 8.2110050000000001 -43.777164999999997 0.33840000629425049 0.0010000000474974513 0.33742600679397583 0.0010000000474974513 0.33742594718933105 0.0016706571914255619 0 300 0 0 0.0055422079749405384 1 1 7877 -9 -9 0.33840000629425049 0.0010000000474974513 8.2111330000000002 -43.777141 0.34299999475479126 0.41100001335144043 -9 9.7460002899169922 0.014999999664723873 -9999 -9999 0.7850000262260437 0.012000000104308128 -8.9560003280639648 0.039849717170000076 0.5820000171661377 -999 22.819999694824219 21.920000076293945 21.559999465942383 21.260000228881836 0.0099999997764825821 0 0 0 -999 -999 -999 -999 99 99 99 99 56590.02734375 33.236434936523438 28.43145751953125 26.297792434692383 77.531150817871094 griz 0 56591.88671875 0.38965839147567749 -0.78629529476165771 0.26888608932495117 0.036335993558168411 0.023469984531402588 22.020936965942383 0.033308710902929306 2.7901372959604487e-05 8.5597105226042913e-07 0.0023503983393311501 -1.8085809472268011e-07 -1.5248915019583364e-08 41 28.940242767333984 0.92146515846252441 0.28873109817504883
SN: 1266255 10 0 X3 3 0 36.697941 -4.4501400000000002 0.29460999369621277 0.0010000000474974513 0.29357901215553284 0.0010000000474974513 0.29357898235321045 0.0016357200220227242 0 300 0 0 0.024783680215477943 1 2 18146 -9 -9 0.29460000991821289 0.0010000000474974513 36.697825000000002 -4.4500469999999996 0.53200000524520874 0.59899997711181641 -3.3611807823181152 10.489999771118164 0.014000000432133675 -9999 -9999 -0.0010000000474974513 3.6840000152587891 -10.494999885559082 3.6840598583221436 1.5920000076293945 -999 22.25 20.549999237060547 19.989999771118164 19.719999313354492 0 0 0 0 24.450000762939453 100.09999847412109 173.80999755859375 218.91999816894531 24.029302597045898 22.49891471862793 21.899814605712891 21.649286270141602 56685.0625 86.149322509765625 73.832481384277344 45.415943145751953 145.46351623535156 gri 0 56688.0625 0.49952191114425659 -0.81830328702926636 0.51629996299743652 -0.088204346597194672 0.024918992072343826 21.477993011474609 0.027426643297076225 4.6004799514776096e-05 1.1621214071055874e-06 0.0060448651202023029 -3.2576085118307674e-07 -1.4372071532875452e-08 7 4.3936882019042969 0.73347830772399902 0.40105706453323364
SN: 1265089 10 0 X2 3 0 36.229098999999998 -5.6218360000000001 0.44587999582290649 0.0010000000474974513 0.44472399353981018 0.0010000000474974513 0.44472396373748779 0.0017578433034941554 0 300 0 0 0.022919028997421265 1 1 -2188 -9 -9 0.44589999318122864 0.0010000000474974513 36.228411000000001 -5.622369 3.122999906539917 1.8159999847412109 -9 10.961999893188477 0.02500000037252903 -9999 -9999 0.89800000190734863 0.18299999833106995 -10.079000473022461 0.21938550472259521 0.91100001335144043 -999 22.889999389648438 21.409999847412109 20.790000915527344 20.510000228881836 0.0099999997764825821 0 0 0 4.0999999046325684 17.239999771118164 22.159999847412109 27.75 25.968040466308594 24.408657073974609 24.136075973510742 23.891841888427734 56675.1171875 21.90003776550293 17.171470642089844 9.8175716400146484 42.890720367431641 riz 0 56677.609375 0.77845585346221924 0.86930668354034424 0.77404642105102539 0.002442292170599103 0.053990650922060013 22.376617431640625 0.066303811967372894 2.0107265299884602e-05 1.2279118664082489e-06 0.0057477769441902637 -3.2671684380147781e-07 -4.0139145340845062e-08 14 15.385149955749512 0.35234341025352478 0.28988322615623474
SN: 1261503 10 0 X2 3 0 34.953003000000002 -6.7818659999999999 0.35321000218391418 0.0010000000474974513 0.35210800170898438 0.0010000000474974513 0.35210800170898438 0.0016824493650346994 0 300 0 0 0.022480888292193413 1 2 16525 -9 -9 0.35319998860359192 0.0010000000474974513 34.953094 -6.7817499999999997 0.52799999713897705 0.37900000810623169 -4.5471758842468262 10.758000373840332 0.11699999868869781 -9999 -9999 -0.017000000923871994 9.9829998016357422 -10.729000091552734 9.9831199645996094 1.531000018119812 -999 22.309999465942383 20.620000839233398 19.989999771118164 19.690000534057617 0 0 0 0 29.129999160766602 135.86000061035156 234.11000061035156 316.6199951171875 23.839149475097656 22.167270660400391 21.576450347900391 21.248653411865234 56645.09375 20.784885406494141 19.031532287597656 18.79585075378418 56.496658325195312 griz 0 56646.765625 0.36985835433006287 -0.32338854670524597 0.34754854440689087 -0.047735866159200668 0.029788125306367874 21.679821014404297 0.042252711951732635 3.8200738345040008e-05 1.4866270703350892e-06 0.0031512579880654812 -2.8718574185404577e-07 -2.3744632926536724e-08 34 43.371299743652344 0.13020963966846466 0.1921953409910202
SN: 1260605 10 0 C1 3 0 53.349716000000001 -27.229444999999998 0.55593997240066528 0.0010000000474974513 0.55533802509307861 0.0010000000474974513 0.55533802509307861 0.0018499473808333278 0 300 0 0 0.007390645332634449 1 1 -3493 -9 -9 0.555899977684021 0.0010000000474974513 53.34937 -27.229282999999999 1.2510000467300415 1.3710000514984131 -9 10.338000297546387 0.017000000923871994 -9999 -9999 0.40000000596046448 0.034000001847743988 -9.9350004196166992 0.076026313006877899 0.73199999332427979 -999 23.430000305175781 22.190000534057617 21.659999847412109 21.309999465942383 0.0099999997764825821 0 0 0 6.9099998474121094 22.520000457763672 38.950000762939453 53.930000305175781 25.401304244995117 24.118579864501953 23.523731231689453 23.17042350769043 56635.13671875 18.779453277587891 11.628188133239746 10.635603904724121 40.498874664306641 riz 0 56634.609375 0.77484345436096191 1.1437166929244995 0.52488452196121216 0.040821138769388199 0.0494399294257164 22.965248107910156 0.04747387021780014 1.1692321095324587e-05 5.1124732181051513e-07 0.0022319916170090437 -1.5254822471888474e-07 -1.2893521805779073e-08 35 28.092733383178711 0.78987026214599609 0.4047941267490387
SN: 1261784 10 0 C1 3 0 53.494923 -26.862579 0.26572000980377197 0.0010000000474974513 0.26523101329803467 0.0010000000474974513 0.26523101329803467 0.0016133647877722979 0 300 0 0 0.0075488672591745853 1 1 557 -9 -9 0.26570001244544983 0.0010000000474974513 53.495427999999997 -26.862234999999998 2.0409998893737793 1.7580000162124634 -9 10.121999740600586 0.017000000923871994 -9999 -9999 1.656999945640564 0.45100000500679016 -8.4600000381469727 0.45259806513786316 0.52600002288818359 -999 21.129999160766602 20.360000610351562 20.129999160766602 19.969999313354492 0 0 0 0 40.720001220703125 64.05999755859375 84.550003051757812 98.480003356933594 23.475481033325195 22.983531951904297 22.682216644287109 22.516630172729492 56653.08984375 32.056209564208984 24.120265960693359 21.064617156982422 71.146957397460938 griz 0 56651.58203125 0.33161503076553345 -0.31707412004470825 0.29168382287025452 0.28603088855743408 0.027166988700628281 22.38958740234375 0.036965496838092804 1.9868506569764577e-05 6.7645271428773412e-07 0.0019864279311150312 -9.009976054130675e-08 -1.4098755940494812e-08 36 34.316791534423828 0.54877555370330811 0.95927649736404419
SN: 1262135 10 0 C2 3 0 54.139083999999997 -28.613938999999998 0.38378000259399414 0.0010000000474974513 0.38327598571777344 0.0010000000474974513 0.38327598571777344 0.0017076318617910147 0 300 0 0 0.010938935913145542 2 3 2548 -9 -9 0.38379999995231628 0.0010000000474974513 54.139384 -28.613454999999998 1.9839999675750732 1.3079999685287476 -1.2850689888000488 10.838000297546387 0.012000000104308128 -9999 -9999 1.0529999732971191 0.26100000739097595 -9.7849998474121094 0.26307794451713562 0.93800002336502075 -999 21.930000305175781 20.610000610351562 20.020000457763672 19.729999542236328 0 0 0 0 13.560000419616699 45.409999847412109 65.720001220703125 76.550003051757812 24.669349670410156 23.357120513916016 22.955757141113281 22.790136337280273 56653.1640625 44.213279724121094 28.841375350952148 14.772796630859375 81.38787841796875 riz 0 56656.15234375 0.34341233968734741 -0.093232959508895874 0.29877281188964844 -0.070554070174694061 0.033412523567676544 21.964929580688477 0.033273771405220032 2.9378419640124775e-05 9.0033915967069333e-07 0.0010256026871502399 -1.1021049317605502e-07 -2.3364917112189687e-08 26 18.848363876342773 0.84276753664016724 0.23722469806671143
SN: 1284567 10 0 E2 3 0 9.8634500000000003 -43.767024999999997 0.65601998567581177 0.0010000000474974513 0.65482902526855469 0.0010000000474974513 0.65482902526855469 0.001934454427100718 0 300 0 0 0.0060126129537820816 2 3 8697 -9 -9 0.65600001811981201 0.0010000000474974513 9.8634430000000002 -43.76699 0.12700000405311584 0.28700000047683716 -3.2736711502075195 8.8159999847412109 0.082999996840953827 -9999 -9999 -0.093999996781349182 0.14699999988079071 -8.9499998092651367 0.41024139523506165 -0.063000001013278961 -999 24.659999847412109 24.180000305175781 23.590000152587891 23.760000228881836 0.029999999329447746 0.019999999552965164 0.019999999552965164 0.039999999105930328 3.6400001049041748 6.429999828338623 8.9499998092651367 8.6899995803833008 26.097246170043945 25.479473114013672 25.120441436767578 25.152450561523438 56645.11328125 15.084258079528809 11.733966827392578 10.349179267883301 33.437873840332031 riz 0 56643.4765625 1.0595654249191284 1.0932494401931763 0.87665104866027832 0.065018489956855774 0.061509069055318832 23.354652404785156 0.067048028111457825 8.1684356700861827e-06 5.0442963583918754e-07 0.020697075873613358 -3.4964139672410965e-07 -1.540738736593994e-08 25 21.563440322875977 0.66080993413925171 0.4239935576915741
SN: 1255470 10 0 X1 3 0 35.054485 -5.4487949999999996 0.4699699878692627 0.0010000000474974513 0.46876698732376099 0.0010000000474974513 0.46876692771911621 0.0017776826862245798 0 300 0 0 0.020543131977319717 1 2 14013 -9 -9 0.4699999988079071 0.0010000000474974513 35.054214000000002 -5.4489989999999997 1.2170000076293945 0.92100000381469727 -2.5948946475982666 10.906999588012695 0.059999998658895493 -9999 -9999 0.050999999046325684 8.6929998397827148 -10.878000259399414 8.6955604553222656 1.2560000419616699 -999 23.030000686645508 21.430000305175781 20.729999542236328 20.399999618530273 0.0099999997764825821 0 0 0 6.7600002288818359 29.110000610351562 38.349998474121094 66.139999389648438 25.425132751464844 23.839895248413086 23.540586471557617 22.94883918762207 56579.12890625 19.912914276123047 13.710500717163086 9.4777498245239258 37.491748809814453 riz 0 56583.12890625 0.50684201717376709 -1.6532227993011475 0.48252511024475098 -0.012486139312386513 0.064652547240257263 22.788412094116211 0.072575435042381287 1.3760536603513174e-05 9.1981542027497198e-07 0.0056972210295498371 -2.3414035865698679e-07 -4.356643401592919e-08 34 26.872531890869141 0.80259823799133301 0.55264371633529663
SN: 1248962 10 0 E1 3 0 7.8086019999999996 -43.090941999999998 0.48451998829841614 0.0010000000474974513 0.48342001438140869 0.0010000000474974513 0.48342001438140869 0.0017898245714604855 0 300 0 0 0.0053359558805823326 1 1 7124 -9 -9 0.48449999094009399 0.0010000000474974513 7.808713 -43.090837999999998 0.47400000691413879 0.68000000715255737 -9 10.126999855041504 0.032000001519918442 -9999 -9999 0.071999996900558472 1.2089999914169312 -10.034999847412109 1.2105379104614258 1.4119999408721924 -999 24.620000839233398 22.860000610351562 22.209999084472656 21.719999313354492 0.029999999329447746 0.0099999997764825821 0.0099999997764825821 0.0099999997764825821 2.9000000953674316 14.920000076293945 28.129999160766602 45.040000915527344 26.344005584716797 24.565578460693359 23.8770751953125 23.366004943847656 56547.08203125 22.362813949584961 13.510542869567871 9.1796817779541016 55.155921936035156 riz 0 56546.484375 0.41650786995887756 -0.051068510860204697 0.44717937707901001 -0.06288011372089386 0.041318930685520172 22.639537811279297 0.043393872678279877 1.5782834452693351e-05 6.3079625078898971e-07 0.0028844501357525587 -1.7712537214720214e-07 -1.5820686982692678e-08 38 26.439325332641602 0.92107474803924561 0.21029049158096313
SN: 1253148 10 0 E2 3 0 10.54467 -43.468792000000001 0.43972000479698181 0.0010000000474974513 0.43868398666381836 0.0010000000474974513 0.43868398666381836 0.0017528759781271219 0 300 0 0 0.0079694967716932297 1 1 8796 -9 -9 0.43970000743865967 0.0010000000474974513 10.544463 -43.468805000000003 0.5429999828338623 0.76800000667572021 -9 8.8280000686645508 0.070000000298023224 -9999 -9999 0.55199998617172241 1.0980000495910645 -8.255000114440918 1.1151812076568604 0.29100000858306885 -999 24.969999313354492 24.079999923706055 23.780000686645508 23.610000610351562 0.039999999105930328 0.019999999552965164 0.019999999552965164 0.029999999329447746 2.6500000953674316 4.929999828338623 6.4200000762939453 7.2899999618530273 26.441884994506836 25.76788330078125 25.481163024902344 25.343181610107422 56563.0546875 16.936717987060547 13.274284362792969 8.797877311706543 36.739189147949219 riz 0 56561.69921875 0.67519998550415039 0.46983715891838074 0.54024648666381836 -0.014685038477182388 0.057502515614032745 22.615249633789062 0.066623762249946594 1.6139871149789542e-05 9.9038697953801602e-07 0.0026582896243780851 -3.0457860589194752e-07 -3.8843367633489834e-08 33 23.612581253051758 0.8856208324432373 0.16408397257328033
SN: 1252237 10 0 C3 3 0 52.269179999999999 -28.083105 0.88655000925064087 0.0010000000474974513 0.88579601049423218 0.0010000000474974513 0.88579607009887695 0.0021356435026973486 0 300 0 0 0.0065417108125984669 2 2 6327 -9 -9 0.88660001754760742 0.0010000000474974513 52.269238999999999 -28.082965999999999 0.53299999237060547 0.6380000114440918 -1.8060072660446167 10.934000015258789 0.048999998718500137 -9999 -9999 0.31600001454353333 0.44699999690055847 -10.66100025177002 0.48531433939933777 1.3580000400543213 -999 25.549999237060547 24 22.829999923706055 22.120000839233398 0.029999999329447746 0.0099999997764825821 0 0 1.0099999904632568 6.0999999046325684 17.340000152587891 31.799999237060547 27.48919677734375 25.536674499511719 24.402378082275391 23.743932723999023 56559.2734375 11.446290969848633 8.2650289535522461 -99 29.129961013793945 iz 0 56557.71875 0.87805616855621338 -1.8843386173248291 0.60436999797821045 -0.084092713892459869 0.12976029515266418 24.495513916015625 0.055632703006267548 2.8562380975927226e-06 1.4635253364758682e-07 0.0071672764606773853 -4.6166025668981092e-08 -4.8727732959719106e-09 33 21.484102249145508 0.93849575519561768 0.68782186508178711
SN: 1265990 10 0 S2 3 0 41.155543999999999 -0.641988 0.58691000938415527 0.0010000000474974513 0.58574402332305908 0.0010000000474974513 0.58574402332305908 0.0018756173085421324 0 300 0 0 0.027614118531346321 2 2 12625 -9 -9 0.58689999580383301 0.0010000000474974513 41.155500000000004 -0.642069 0.33100000023841858 0.289000004529953 -3.8039920330047607 10.154000282287598 0.02500000037252903 -9999 -9999 1.0509999990463257 0.83600002527236938 -9.1079998016357422 0.85351037979125977 0.70800000429153442 -999 24.229999542236328 22.889999389648438 22.309999465942383 21.979999542236328 0.019999999552965164 0.0099999997764825821 0.0099999997764825821 0.0099999997764825821 4.8899998664855957 16.680000305175781 28.530000686645508 38.450000762939453 25.776727676391602 24.444509506225586 23.861745834350586 23.537759780883789 56682.046875 9.8294496536254883 8.5215015411376953 7.3613553047180176 23.761802673339844 riz 0 56678.80078125 1.1552836894989014 -1.4897372722625732 0.85303103923797607 -0.045369837433099747 0.088239029049873352 23.169473648071289 0.075886867940425873 9.6874700830085203e-06 6.7709981976804556e-07 0.0091092325747013092 -2.2932850640700053e-07 -3.0889275137724326e-08 14 9.2565488815307617 0.8142731785774231 0.51909744739532471
SN: 1262084 10 0 C1 3 0 53.772686 -26.353059999999999 0.45416000485420227 0.0010000000474974513 0.45359998941421509 0.0010000000474974513 0.45359992980957031 0.0017651552334427834 0 300 0 0 0.0095705268904566765 1 2 1456 -9 -9 0.45419999957084656 0.0010000000474974513 53.772098999999997 -26.352622 2.4639999866485596 1.5249999761581421 -1.8661174774169922 10.739999771118164 0.013000000268220901 -9999 -9999 1.0520000457763672 0.42800000309944153 -9.6789999008178711 0.43046486377716064 0.86000001430511475 -999 22.549999237060547 21.209999084472656 20.780000686645508 20.299999237060547 0 0 0 0 9.2100000381469727 25.780000686645508 37.020000457763672 48.5 25.089351654052734 23.971792221069336 23.578908920288086 23.28564453125 56653.08984375 20.409942626953125 15.193549156188965 11.834953308105469 42.972526550292969 riz 0 56654.125 0.58821690082550049 -0.1668282151222229 0.55326074361801147 0.065361104905605316 0.049459569156169891 22.900749206542969 0.05526435375213623 1.2407956091919914e-05 6.315693212854967e-07 0.005748700350522995 -1.8033760795788112e-07 -2.3729695541874207e-08 28 20.477705001831055 0.84643352031707764 0.22485525906085968
SN: 1259330 10 0 E2 3 0 10.287800000000001 -44.204475000000002 0.60356998443603516 0.0010000000474974513 0.6024320125579834 0.0010000000474974513 0.6024320125579834 0.0018897660775110126 0 300 0 0 0.0052630528807640076 1 1 9380 -9 -9 0.60360002517700195 0.0010000000474974513 10.287661 -44.204526000000001 0.40299999713897705 0.26899999380111694 -9 10.772000312805176 0.0099999997764825821 -9999 -9999 0.8880000114440918 0.046999998390674591 -9.8859996795654297 0.072346389293670654 1.3200000524520874 -999 24.020000457763672 22.719999313354492 21.959999084472656 21.559999465942383 0.019999999552965164 0.0099999997764825821 0 0 4.8299999237060547 16.850000381469727 34.150001525878906 52.470001220703125 25.790132522583008 24.433500289916992 23.666522979736328 23.200222015380859 56615.07421875 7.0704474449157715 6.5456876754760742 6.0660953521728516 21.497034072875977 riz 0 56613.140625 1.0302870273590088 0.36844480037689209 0.9079253077507019 0.22138699889183044 0.092845156788825989 23.710176467895508 0.1018383800983429 5.887481620447943e-06 5.5222585615410935e-07 0.019771693274378777 -3.5051334634772502e-07 -3.1954915158394215e-08 34 38.462062835693359 0.27451741695404053 0.74810659885406494
SN: 1250034 10 0 S1 3 0 43.029656000000003 -0.41525499999999999 0.16166999936103821 0.0010000000474974513 0.16085299849510193 0.0010000000474974513 0.16085302829742432 0.0015327682485803962 0 300 0 0 0.047172341495752335 1 2 11762 -9 -9 0.16169999539852142 0.0010000000474974513 43.029522 -0.414962 1.1619999408721924 0.6600000262260437 -3.6095039844512939 10.48799991607666 0.010999999940395355 -9999 -9999 1.059999942779541 0.69199997186660767 -9.4139995574951172 0.69269400835037231 0.98199999332427979 -999 20.649999618530273 19.760000228881836 19.290000915527344 19.079999923706055 0 0 0 0 124.84999847412109 254.8699951171875 332.85000610351562 448.42999267578125 22.259029388427734 21.484203338623047 21.194377899169922 20.870763778686523 56559.22265625 102.22643280029297 99.118118286132812 60.536979675292969 245.55117797851562 griz 0 56556.44921875 0.16082330048084259 -0.40226748585700989 0.14942516386508942 0.0086923381313681602 0.018256446346640587 20.119802474975586 0.027849417179822922 0.00016072341531980783 4.1225976019632071e-06 0.00094906508456915617 -3.6321651464277238e-07 -5.8200495089977267e-08 39 38.384086608886719 0.49777936935424805 0.13718388974666595
SN: 1258309 10 0 X2 3 0 35.273311999999997 -6.2692740000000002 0.47736001014709473 0.0010000000474974513 0.47616100311279297 0.0010000000474974513 0.47616100311279297 0.0017838047351688147 0 300 0 0 0.022178953513503075 1 1 16928 -9 -9 0.47740000486373901 0.0010000000474974513 35.273322999999998 -6.2692290000000002 0.16500000655651093 0.27399998903274536 -9 9.0489997863769531 0.027000000700354576 -9999 -9999 0.25999999046325684 0.33300000429153442 -8.7670001983642578 0.34547504782676697 0.048999998718500137 -999 24.059999465942383 23.129999160766602 22.889999389648438 22.809999465942383 0.019999999552965164 0.0099999997764825821 0.0099999997764825821 0.0099999997764825821 5.0500001907348633 12.220000267028809 14.710000038146973 16.290000915527344 25.741771697998047 24.782321929931641 24.580968856811523 24.470197677612305 56609.09765625 26.642601013183594 18.978862762451172 11.073271751403809 49.884853363037109 riz 0 56610.35546875 0.64075803756713867 2.5108442306518555 0.66791856288909912 0.067163258790969849 0.051605012267827988 22.638301849365234 0.065342344343662262 1.5800798792042769e-05 9.5093196250672918e-07 0.011717735789716244 -4.6301497036438377e-07 -3.6826893534680494e-08 31 20.038961410522461 0.93496471643447876 0.86637359857559204
SN: 1251390 10 0 S2 3 0 40.859295000000003 -1.7469159999999999 0.43503999710083008 0.0010000000474974513 0.43398299813270569 0.0010000000474974513 0.4339829683303833 0.0017490144819021225 0 300 0 0 0.025760704651474953 1 2 12012 -9 -9 0.43500000238418579 0.0010000000474974513 40.859383999999999 -1.7468649999999999 0.36899998784065247 0.39899998903274536 -4.3748750686645508 10.489999771118164 0.030999999493360519 -9999 -9999 -0.30700001120567322 9.6929998397827148 -10.781999588012695 9.6932182312011719 1.3470000028610229 -999 23.239999771118164 21.440000534057617 20.860000610351562 20.510000228881836 0.0099999997764825821 0 0 0 12.260000228881836 64.360000610351562 109.84999847412109 154.32000732421875 24.778774261474609 22.978460311889648 22.397998809814453 22.02894401550293 56567.17578125 24.086915969848633 19.653587341308594 8.7690792083740234 53.378360748291016 riz 0 56557.8671875 0.45305806398391724 -0.028612006455659866 0.42789164185523987 -0.037767749279737473 0.044203553348779678 22.313905715942383 0.053134705871343613 2.1302832465153188e-05 1.0425366099298117e-06 0.004811794962733984 -2.8482878633440123e-07 -3.5421017230419238e-08 34 45.021041870117188 0.097932338714599609 0.12625323235988617
SN: 1250823 10 0 C3 3 0 52.689017999999997 -27.5611 0.66553002595901489 0.0010000000474974513 0.66487002372741699 0.0010000000474974513 0.66487002372741699 0.0019430624088272452 0 300 0 0 0.0082048401236534119 1 2 4539 -9 -9 0.6654999852180481 0.0010000000474974513 52.689095000000002 -27.561094000000001 0.2460000067949295 0.34200000762939453 -4.730125904083252 10.199000358581543 0.010999999940395355 -9999 -9999 0.60399997234344482 0.28200000524520874 -9.5959997177124023 0.29008275270462036 1.0130000114440918 -999 24.479999542236328 23.379999160766602 22.649999618530273 22.260000228881836 0.0099999997764825821 0.0099999997764825821 0 0 3.6600000858306885 9.5900001525878906 19.620000839233398 25.909999847412109 26.091297149658203 25.045454025268555 24.268253326416016 23.966331481933594 56567.30078125 13.545538902282715 13.405318260192871 9.6586494445800781 43.070159912109375 riz 0 56557.3515625 0.60159975290298462 0.10265325009822845 0.50497651100158691 0.28227204084396362 0.052924901247024536 24.345449447631836 0.053455118089914322 3.279592647231766e-06 1.614674118854964e-07 0.011278337799012661 -5.8738848451866943e-08 -6.323384926787412e-09 43 45.401123046875 0.37225320935249329 0.94152873754501343
SN: 1258289 10 0 X2 3 0 36.144314000000001 -6.6887569999999998 0.50628799200057983 0.0001500000071246177 0.50508797168731689 0.0001500000071246177 0.50508797168731689 0.0015135433059185743 0 300 0 0 0.027048328891396523 1 2 17350 -9 -9 0.50629997253417969 9.9999997473787516e-05 36.144202 -6.6888909999999999 0.62800002098083496 0.45500001311302185 -4.194307804107666 11.258999824523926 0.035999998450279236 -9999 -9999 -4.500999927520752 5.499000072479248 -15.744999885559082 5.5014152526855469 1.4110000133514404 -999 23.069999694824219 21.190000534057617 20.370000839233398 20.010000228881836 0.0099999997764825821 0 0 0 11.270000457763672 60.369998931884766 113.80000305175781 161.57000732421875 24.870189666748047 23.047946929931641 22.359643936157227 21.979099273681641 56595.0703125 21.163631439208984 12.021968841552734 8.0185060501098633 31.870449066162109 riz 0 56599.34765625 1.0199589729309082 -1.1460373401641846 0.81045293807983398 -0.11775091290473938 0.067672096192836761 22.835544586181641 0.053194295614957809 1.3175957974453922e-05 6.4553967149549862e-07 0.00087875075405463576 -1.895468813017942e-07 -2.2918536402016798e-08 27 24.263015747070312 0.61568987369537354 0.54771536588668823
SN: 1257934 10 0 S1 3 0 42.893859999999997 -0.59269000000000005 0.29739001393318176 0.0010000000474974513 0.29647600650787354 0.0010000000474974513 0.29647600650787354 0.0016380151500925422 0 300 0 0 0.045096792280673981 1 1 10598 -9 -9 0.29739999771118164 0.0010000000474974513 42.893880000000003 -0.59275500000000003 0.2460000067949295 0.289000004529953 -9 9.7159996032714844 0.0099999997764825821 -9999 -9999 0.51800000667572021 0.46500000357627869 -9.1949996948242188 0.46567156910896301 0.77899998426437378 -999 22.969999313354492 21.920000076293945 21.510000228881836 21.290000915527344 0.0099999997764825821 0 0 0 15.289999961853027 40.259998321533203 55.419998168945312 71.25 24.538982391357422 23.487815856933594 23.140834808349609 22.868038177490234 56616.078125 45.8448486328125 37.686004638671875 26.301877975463867 112.51380920410156 griz 0 56614.91796875 0.22209160029888153 0.76236110925674438 0.24177473783493042 -0.02521323598921299 0.02007547952234745 21.349920272827148 0.03038225881755352 5.1764498493866995e-05 1.4485308383882511e-06 0.0013326267944648862 -2.4177799673452682e-07 -1.8842358784354474e-08 41 21.838832855224609 0.99386686086654663 0.2676575779914856
SN: 1251975 10 0 X2 3 0 35.061047000000002 -5.8240660000000002 0.44764998555183411 0.0010000000474974513 0.44646701216697693 0.0010000000474974513 0.44646704196929932 0.0017592781223356724 0 300 0 0 0.021146316081285477 1 2 16063 -9 -9 0.44760000705718994 0.0010000000474974513 35.061081000000001 -5.8240610000000004 0.12399999797344208 0.086000002920627594 -5.8509073257446289 10.901000022888184 0.057000000029802322 -9999 -9999 1.1039999723434448 0.74599999189376831 -9.7460002899169922 0.74891388416290283 1.0399999618530273 -999 22.360000610351562 20.930000305175781 20.379999160766602 20.079999923706055 0 0 0 0 28.200000762939453 109.51999664306641 176.16000366210938 247.55999755859375 23.874378204345703 22.401266098022461 21.885231018066406 21.515798568725586 56567.1484375 16.699440002441406 14.175460815429688 10.590574264526367 43.902034759521484 riz 0 56560.51171875 0.56681036949157715 0.82697522640228271 0.50535452365875244 0.07510809600353241 0.049382932484149933 22.564840316772461 0.059801541268825531 1.6906891687540337e-05 9.3121900590631412e-07 0.00492461072281003 -2.8522129014163511e-07 -3.4235714707619991e-08 35 38.325271606445312 0.32107561826705933 0.3723812997341156
SN: 1262736 10 0 X3 3 0 36.951256000000001 -5.1870859999999999 0.53049999475479126 0.0010000000474974513 0.52929097414016724 0.0010000000474974513 0.52929091453552246 0.0018280732911080122 0 300 0 0 0.020674513652920723 1 2 -2018 -9 -9 0.53049999475479126 0.0010000000474974513 36.951242999999998 -5.1870919999999998 0.052000001072883606 0.046999998390674591 -7.2775669097900391 10.722999572753906 0.018999999389052391 -9999 -9999 0.73199999332427979 0.18199999630451202 -10.078000068664551 0.20003250241279602 0.9179999828338623 -999 22.610000610351562 21.270000457763672 20.649999618530273 20.409999847412109 0 0 0 0 20.719999313354492 72.790000915527344 116.90000152587891 154.47999572753906 24.209026336669922 22.844820022583008 22.330463409423828 22.02781867980957 56654.046875 42.814235687255859 18.391225814819336 14.059130668640137 69.367782592773438 riz 0 56654.45703125 0.45516484975814819 -1.0306094884872437 0.42038032412528992 0.0619073286652565 0.036578170955181122 23.156917572021484 0.036583911627531052 9.8001546575687826e-06 3.3021649414877174e-07 0.0016086174873635173 -6.5309606611663185e-08 -7.4959203288926801e-09 19 13.486821174621582 0.81274378299713135 0.40075033903121948
SN: 1253180 10 0 C3 3 0 52.867516000000002 -28.937798000000001 0.46209999918937683 0.0010000000474974513 0.46153900027275085 0.0010000000474974513 0.46153903007507324 0.0017717075534164906 0 300 0 0 0.008259166032075882 1 2 5805 -9 -9 0.46209999918937683 0.0010000000474974513 52.867114999999998 -28.937235000000001 2.3889999389648438 1.9019999504089355 -2.1982252597808838 10.861000061035156 0.004999999888241291 -9999 -9999 1.1599999666213989 0.15299999713897705 -9.7049999237060547 0.15536408126354218 1.1929999589920044 -999 22.899999618530273 21.469999313354492 20.879999160766602 20.389999389648438 0 0 0 0 3.6400001049041748 13.619999885559082 19.280000686645508 21.239999771118164 26.097246170043945 24.664556503295898 24.2872314453125 24.182113647460938 56579.3359375 75.980499267578125 55.315143585205078 38.904956817626953 154.90000915527344 riz 0 56578.4140625 0.27534127235412598 -1.0823462009429932 0.19547224044799805 0.0320168137550354 0.028180090710520744 22.819921493530273 0.030440531671047211 1.336691730102757e-05 3.7476513625733787e-07 0.00054967741016298532 -2.7600274066230668e-08 -8.1876994073581955e-09 40 43.961090087890625 0.30745941400527954 0.37623587250709534
SN: 1263062 10 0 X1 3 0 35.109436000000002 -5.3500550000000002 0.50950002670288086 0.0010000000474974513 0.50826501846313477 0.0010000000474974513 0.50826501846313477 0.0018104970222339034 0 300 0 0 0.019711704924702644 1 1 -2025 -9 -9 0.50950002670288086 0.0010000000474974513 35.109448999999998 -5.3500220000000001 0.12800000607967377 0.1809999942779541 -9 10.234999656677246 0.043999999761581421 -9999 -9999 -3.5929999351501465 5.0770001411437988 -13.760000228881836 5.0771207809448242 1.2430000305175781 -999 24.069999694824219 22.379999160766602 21.639999389648438 21.350000381469727 0.019999999552965164 0.0099999997764825821 0 0 5.5100002288818359 27.200000762939453 49.950000762939453 69.180000305175781 25.647121429443359 23.913578033447266 23.253662109375 22.900047302246094 56653.07421875 19.573335647583008 12.865450859069824 9.0428142547607422 43.401638031005859 riz 0 56653.49609375 0.65274238586425781 -0.5356065034866333 0.4697718620300293 -0.081672653555870056 0.050194878131151199 22.54083251953125 0.043847855180501938 1.7284903151448816e-05 6.9805719249416143e-07 0.0014206228079274297 -1.5008622256118542e-07 -2.0035161085729669e-08 26 21.657970428466797 0.70725703239440918 0.32556217908859253
SN: 1261144 10 0 C1 3 0 55.054031000000002 -27.361082 0.61125999689102173 0.0010000000474974513 0.61068600416183472 0.0010000000474974513 0.61068606376647949 0.0018967794021591544 0 300 0 0 0.012374670244753361 1 2 1092 -9 -9 0.61129999160766602 0.0010000000474974513 55.054791000000002 -27.361080999999999 2.4300000667572021 2.8980000019073486 -1.2766306400299072 9.7740001678466797 0.02199999988079071 -9999 -9999 0.25699999928474426 0.028000000864267349 -9.5069999694824219 0.055569775402545929 0.42100000381469727 -999 24.139999389648438 23.129999160766602 22.600000381469727 22.360000610351562 0.019999999552965164 0.0099999997764825821 0.0099999997764825821 0.0099999997764825821 1.3200000524520874 1.440000057220459 1.8300000429153442 1.6699999570846558 27.198564529418945 27.104093551635742 26.8438720703125 26.943208694458008 56645.08203125 10.496143341064453 9.2728090286254883 8.3910713195800781 31.83867073059082 riz 0 56643.55859375 0.67807894945144653 -0.36818990111351013 0.56427299976348877 -0.047485370188951492 0.062066875398159027 23.22178840637207 0.063647791743278503 9.2317550297593698e-06 5.4118191883389954e-07 0.011533944867551327 -2.2246582886964461e-07 -1.8673736335017566e-08 31 34.910015106201172 0.28738129138946533 0.20029139518737793
SN: 1255487 10 0 X1 3 0 34.843528999999997 -5.667872 0.45131000876426697 0.0010000000474974513 0.45011800527572632 0.0010000000474974513 0.45011806488037109 0.0017622851300984621 0 300 0 0 0.02031550370156765 1 2 14434 -9 -9 0.4512999951839447 0.0010000000474974513 34.843580000000003 -5.6678800000000003 0.18299999833106995 0.25600001215934753 -4.5481290817260742 9.5129995346069336 0.019999999552965164 -9999 -9999 0.90399998426437378 0.02199999988079071 -8.6180000305175781 0.075286120176315308 0.28499999642372131 -999 23.129999160766602 22.25 21.909999847412109 21.75 0.0099999997764825821 0 0 0.0099999997764825821 12.739999771118164 30.420000076293945 40.299999237060547 48.779998779296875 24.737075805664062 23.792102813720703 23.486736297607422 23.279396057128906 56591.0859375 16.33690071105957 15.43892765045166 10.290225982666016 40.810581207275391 riz 0 56590.125 0.58024418354034424 0.8799436092376709 0.58827662467956543 0.18146564066410065 0.054927658289670944 22.91191291809082 0.075010940432548523 1.2281036106287502e-05 8.4846772097080247e-07 0.0064790593460202217 -3.3028251777977857e-07 -3.3618643868749132e-08 32 38.491119384765625 0.19923378527164459 0.67224985361099243
SN: 1249758 10 0 C1 3 0 54.792175 -26.719947999999999 0.62198001146316528 0.0010000000474974513 0.6213880181312561 0.0010000000474974513 0.62138795852661133 0.0019058877369388938 0 300 0 0 0.011823093518614769 1 1 1566 -9 -9 0.62199997901916504 0.0010000000474974513 54.792234000000001 -26.719913999999999 0.22599999606609344 0.31200000643730164 -9 9.8269996643066406 0.014999999664723873 -9999 -9999 1.7330000400543213 0 -8.1059999465942383 0.030999999493360519 -0.18700000643730164 -999 21.569999694824219 21.25 20.889999389648438 20.770000457763672 0 0 0 0 51.099998474121094 66.989997863769531 96.650001525878906 104.77999877929688 23.228946685791016 22.934974670410156 22.536994934082031 22.449302673339844 56563.20703125 11.598840713500977 9.9938850402832031 8.8671016693115234 40.187770843505859 riz 0 56556.6953125 0.78387939929962158 2.5905518531799316 0.75631505250930786 0.0086985351517796516 0.051660574972629547 23.359424591064453 0.061267782002687454 8.1326124927727506e-06 4.5892099365119066e-07 0.011918763630092144 -2.8236601679054729e-07 -1.17345972938665e-08 47 54.523563385009766 0.2101120799779892 0.86400395631790161
SN: 1260522 10 0 X3 3 0 35.941273000000002 -3.8440810000000001 0.7427399754524231 0.0010000000474974513 0.74132698774337769 0.0010000000474974513 0.74132704734802246 0.0020090462639927864 0 300 0 0 0.025359844788908958 1 2 19405 -9 -9 0.74269998073577881 0.0010000000474974513 35.941167 -3.8438979999999998 0.75999999046325684 0.88200002908706665 -3.1897687911987305 10.571000099182129 0.027000000700354576 -9999 -9999 1.1460000276565552 0.54900002479553223 -9.4130001068115234 0.55509006977081299 0.97899997234344482 -999 24.430000305175781 23.149999618530273 22.209999084472656 21.75 0.019999999552965164 0 0 0 3.3599998950958252 10.270000457763672 24.739999771118164 36.529998779296875 26.184152603149414 24.971073150634766 24.016500473022461 23.593376159667969 56635.15234375 16.426231384277344 14.665400505065918 11.724394798278809 39.145542144775391 riz 0 56643.3125 0.77600193023681641 0.58089029788970947 0.6479877233505249 0.074470840394496918 0.061167474836111069 24.070158004760742 0.055051203817129135 4.2260717236786149e-06 2.1427888441394316e-07 0.020778318867087364 -1.0721505105948381e-07 -7.6749868682668421e-09 22 21.912923812866211 0.46509635448455811 0.31482341885566711
SN: 1263785 10 0 C2+C3 3 0 53.367607 -28.693276000000001 1.0649800300598145 0.0010000000474974513 1.0642019510269165 0.0010000000474974513 1.064201831817627 0.0022949110716581345 0 300 0 0 0.0066845682449638844 1 1 5517 -9 -9 1.065000057220459 0.0010000000474974513 53.367621999999997 -28.693290999999999 0.072999998927116394 0.096000000834465027 -9 11.277000427246094 0.086999997496604919 -9999 -9999 0.6600000262260437 0.51599997282028198 -10.656000137329102 0.6986393928527832 1.3090000152587891 -999 24.969999313354492 23.649999618530273 22.670000076293945 21.739999771118164 0.039999999105930328 0.019999999552965164 0.0099999997764825821 0.0099999997764825821 2.190000057220459 7.7699999809265137 20.579999923706055 42.880001068115234 26.648889541625977 25.273946762084961 24.216386795043945 23.419363021850586 56667.15234375 14.12885856628418 10.226661682128906 -99 27.903364181518555 iz 0 56669.125 0.96443486213684082 0.51575899124145508 0.69733095169067383 -0.22341953217983246 0.11217218637466431 24.54115104675293 0.069811984896659851 2.7386715828470187e-06 1.760944314810331e-07 0.028735073283314705 -6.2992917548854166e-08 6.5036256380324176e-09 30 19.445653915405273 0.93018037080764771 0.76431781053543091
SN: 1260463 10 0 X3 3 0 36.070816000000001 -4.9695039999999997 0.62154000997543335 0.0010000000474974513 0.62023502588272095 0.0010000000474974513 0.62023496627807617 0.0019049055408686399 0 300 0 0 0.025261299684643745 1 4 18298 -9 -9 0.62150001525878906 0.0010000000474974513 36.070965999999999 -4.9694339999999997 0.59299999475479126 0.83899998664855957 -2.5884413719177246 10.312999725341797 0.017999999225139618 -9999 -9999 0.25900000333786011 0.6940000057220459 -10.064999580383301 0.70204842090606689 1.3799999952316284 -999 25.270000457763672 23.659999847412109 22.709999084472656 22.239999771118164 0.029999999329447746 0.0099999997764825821 0.0099999997764825821 0 2 8.1700000762939453 18.790000915527344 28.329999923706055 26.747425079345703 25.219444274902344 24.315183639526367 23.869382858276367 56647.046875 15.317581176757812 14.236380577087402 14.092676162719727 40.499866485595703 riz 0 56638.03515625 0.48694789409637451 -1.8725509643554688 0.51258689165115356 0.060958165675401688 0.062944784760475159 23.838233947753906 0.060250397771596909 5.2324703574413434e-06 2.9036374371571583e-07 0.010638546198606491 -9.9967316202764778e-08 -1.1911406971876204e-08 26 12.65507698059082 0.98683422803878784 0.65642440319061279
SN: 1250120 10 0 S1 3 0 42.918236 -0.236987 0.69207000732421875 0.0010000000474974513 0.69087702035903931 0.0010000000474974513 0.69087696075439453 0.0019654212519526482 0 300 0 0 0.049345217645168304 1 2 10938 -9 -9 0.69209998846054077 0.0010000000474974513 42.918289999999999 -0.23699899999999999 0.20100000500679016 0.3449999988079071 -4.6530957221984863 10.364999771118164 0.018999999389052391 -9999 -9999 -1.2259999513626099 8.3620004653930664 -11.602999687194824 8.3634366989135742 1.4029999971389771 -999 25.299999237060547 23.450000762939453 22.409999847412109 22.020000457763672 0.059999998658895493 0.0099999997764825821 0.0099999997764825821 0.0099999997764825821 1.7699999809265137 9.0100002288818359 22.860000610351562 34.849998474121094 26.88006591796875 25.113187789916992 24.102310180664062 23.644493103027344 56543.28515625 9.2595329284667969 8.3062887191772461 5.5913887023925781 26.927360534667969 riz 0 56549.9140625 1.0407679080963135 0.070910990238189697 0.83525002002716064 -0.0086338892579078674 0.06593671441078186 23.460174560546875 0.065974317491054535 7.4119075179623906e-06 4.5038154894427862e-07 0.017129283398389816 -2.7643355338113906e-07 -1.017981343665042e-08 47 36.673122406005859 0.86099600791931152 0.037242110818624496
SN: 1262016 10 0 X3 3 0 36.069781999999996 -4.863308 0.46812000870704651 0.0010000000474974513 0.46693798899650574 0.0010000000474974513 0.46693801879882812 0.0017761698691174388 0 300 0 0 0.023187380284070969 1 1 17957 -9 -9 0.46810001134872437 0.0010000000474974513 36.069850000000002 -4.8634329999999997 0.51399999856948853 0.54100000858306885 -9 9.4219999313354492 0.02500000037252903 -9999 -9999 1.2730000019073486 0.36399999260902405 -8.1059999465942383 0.36460527777671814 0.13099999725818634 -999 23.290000915527344 22.399999618530273 22.110000610351562 21.899999618530273 0.0099999997764825821 0 0 0 8.75 21.860000610351562 28.610000610351562 32.279998779296875 25.144979476928711 24.150875091552734 23.858705520629883 23.727666854858398 56654.08984375 79.526954650878906 40.415073394775391 37.631420135498047 155.53294372558594 riz 0 56656.69921875 0.30543297529220581 0.75309854745864868 0.29371237754821777 -0.06197655200958252 0.027071138843894005 22.437938690185547 0.031073963269591331 1.9003096895175986e-05 5.4387203363148728e-07 0.00172620196826756 -9.0034085076240444e-08 -1.1103173491733287e-08 20 15.84591007232666 0.72613656520843506 0.32510966062545776
SN: 1252313 10 0 E1+E2 3 0 8.3321760000000005 -43.889018999999998 0.59807997941970825 0.0010000000474974513 0.59692001342773438 0.0010000000474974513 0.59692001342773438 0.001885088044218719 0 300 0 0 0.0055797821842133999 1 2 7917 -9 -9 0.59810000658035278 0.0010000000474974513 8.3326200000000004 -43.889166000000003 1.2680000066757202 1.3070000410079956 -2.4574921131134033 9.4750003814697266 0.054000001400709152 -9999 -9999 0.2199999988079071 0.59200000762939453 -9.2729997634887695 0.61403012275695801 0.53799998760223389 -999 25.229999542236328 24.090000152587891 23.549999237060547 23.290000915527344 0.05000000074505806 0.019999999552965164 0.019999999552965164 0.019999999552965164 1.1000000238418579 4.1500000953674316 7.0300002098083496 8.8599996566772461 27.396518707275391 25.954879760742188 25.382612228393555 25.131416320800781 56575.0234375 16.119800567626953 13.433738708496094 11.024773597717285 46.53790283203125 riz 0 56572.43359375 0.57415294647216797 0.7547951340675354 0.42540892958641052 -0.033312451094388962 0.042886264622211456 23.174333572387695 0.039181049913167953 9.6442063295398839e-06 3.4803125004145841e-07 0.0032045247498899698 -9.5964637125689478e-08 -6.820039644139797e-09 71 73.03118896484375 0.41110408306121826 0.27501264214515686
SN: 1258191 10 0 X1 3 0 35.132548999999997 -4.8232980000000003 0.51814001798629761 0.0010000000474974513 0.51689499616622925 0.0010000000474974513 0.51689505577087402 0.0018177023157477379 0 300 0 0 0.017916424199938774 1 2 14997 -9 -9 0.51810002326965332 0.0010000000474974513 35.132657999999999 -4.8230839999999997 0.86500000953674316 1.0829999446868896 -2.1736700534820557 10.380000114440918 0.016000000759959221 -9999 -9999 0.28700000047683716 0.035000000149011612 -10.079000473022461 0.072069413959980011 0.81800001859664917 -999 23.409999847412109 22.170000076293945 21.559999465942383 21.270000457763672 0.0099999997764825821 0 0 0 7.8400001525878906 28.719999313354492 49.979999542236328 68.019996643066406 25.264209747314453 23.854537963867188 23.253009796142578 22.918407440185547 56602.0703125 12.189798355102539 10.470276832580566 9.8460750579833984 23.811843872070312 riz 0 56595.5 1.0596761703491211 0.032440967857837677 0.7276768684387207 0.26722270250320435 0.082988500595092773 23.539070129394531 0.092088378965854645 6.8924291554139927e-06 5.8459193041926483e-07 0.013193788006901741 -2.2212719841263606e-07 -3.6856178553534846e-08 29 25.349061965942383 0.66001462936401367 0.89080792665481567
SN: 1251618 10 0 X3 3 0 36.348540999999997 -4.1659769999999998 0.82318001985549927 0.0010000000474974513 0.82171601057052612 0.0010000000474974513 0.8217160701751709 0.0020792013965547085 0 300 0 0 0.023756364360451698 1 1 19495 -9 -9 0.82319998741149902 0.0010000000474974513 36.348356000000003 -4.1657999999999999 0.92100000381469727 1.187999963760376 -9 10.548999786376953 0.013000000268220901 -9999 -9999 0.72899997234344482 0.30099999904632568 -9.8100004196166992 0.30949151515960693 0.95899999141693115 -999 24.579999923706055 23.549999237060547 22.649999618530273 22.190000534057617 0.019999999552965164 0.0099999997764825821 0.0099999997764825821 0 2.6500000953674316 7.7600002288818359 16.280000686645508 24.319999694824219 26.441884994506836 25.275344848632812 24.470863342285156 24.035091400146484 56564.265625 13.630134582519531 8.5998992919921875 6.8567752838134766 32.048896789550781 riz 0 56558.96484375 0.92907255887985229 0.73760050535202026 0.76412045955657959 0.044045157730579376 0.070702232420444489 24.413507461547852 0.061403140425682068 3.0803266781731509e-06 1.7420597941963933e-07 0.01003638282418251 -8.4316866377776023e-08 -1.6503790556399167e-09 38 22.924686431884766 0.97456014156341553 0.28636652231216431
SN: 1261259 10 0 C3 3 0 51.558543999999998 -28.134834000000001 0.52785998582839966 0.0010000000474974513 0.52723097801208496 0.0010000000474974513 0.52723097801208496 0.0018263482488691807 0 300 0 0 0.011808783747255802 1 2 5349 -9 -9 0.52789998054504395 0.0010000000474974513 51.558684 -28.134789999999999 0.4699999988079071 0.50599998235702515 -4.0272116661071777 10.125 0.010999999940395355 -9999 -9999 0.49500000476837158 0.008999999612569809 -9.6230001449584961 0.021023796871304512 0.50400000810623169 -999 23.319999694824219 22.139999389648438 21.719999313354492 21.299999237060547 0 0 0 0 12.399999618530273 36.419998168945312 57.419998168945312 73.449996948242188 24.766445159912109 23.596649169921875 23.10234260559082 22.835020065307617 56648.2109375 52.176658630371094 39.498970031738281 27.297609329223633 119.67855834960938 riz 0 56645.1015625 0.29667744040489197 0.30146953463554382 0.25359117984771729 -0.050653740763664246 0.027332823723554611 22.812679290771484 0.029177764430642128 1.3456387023325078e-05 3.6162310834697564e-07 0.0015965724596753716 -5.5071172511134137e-08 -7.0140449004441052e-09 30 14.150946617126465 0.99372678995132446 0.1964869350194931
SN: 1262588 10 0 X2 3 0 34.910834999999999 -6.2940100000000001 0.40759000182151794 0.0010000000474974513 0.40643900632858276 0.0010000000474974513 0.40643906593322754 0.0017264735652133822 0 300 0 0 0.023357769474387169 1 3 16633 -9 -9 0.40759998559951782 0.0010000000474974513 34.911228000000001 -6.2941560000000001 1.5010000467300415 1.0779999494552612 -2.9032807350158691 10.520000457763672 0.048999998718500137 -9999 -9999 0.4869999885559082 0.89800000190734863 -10.020999908447266 0.90138113498687744 1.3370000123977661 -999 23.340000152587891 21.739999771118164 21.110000610351562 20.739999771118164 0.0099999997764825821 0 0 0 8.5900001525878906 37.590000152587891 62.959999084472656 93.779998779296875 25.165016174316406 23.562318801879883 23.002338409423828 22.569725036621094 56660.10546875 13.005789756774902 9.6966619491577148 5.4336824417114258 22.447395324707031 riz 0 56656.49609375 0.91957658529281616 -2.4689576625823975 0.88152801990509033 0.080791108310222626 0.091676324605941772 22.917213439941406 0.099663317203521729 1.2221215001773089e-05 1.121825789596187e-06 0.0010520693613216281 -3.3916310826498375e-07 -8.2009663060489402e-08 17 20.549036026000977 0.24711374938488007 0.86592739820480347
SN: 1265040 10 0 X1 3 0 33.968079000000003 -5.7388589999999997 0.4309999942779541 0.0010000000474974513 0.42980599403381348 0.0010000000474974513 0.42980599403381348 0.0017455869819968939 0 300 0 0 0.019197989255189896 1 1 14671 -9 -9 0.4309999942779541 0.0010000000474974513 33.967981999999999 -5.7388079999999997 0.39100000262260437 0.3449999988079071 -9 11.060999870300293 0.030999999493360519 -9999 -9999 -2.3190000057220459 0.3970000147819519 -13.329999923706055 0.39700126647949219 1.3589999675750732 -999 21.780000686645508 20.069999694824219 19.430000305175781 19.170000076293945 0 0 0 0 39.659999847412109 218.41999816894531 377.1099853515625 454.30999755859375 23.504117965698242 21.651769638061523 21.058830261230469 20.856618881225586 56667.13671875 16.666107177734375 10.385732650756836 7.6284074783325195 36.208667755126953 riz 0 56660.71484375 0.71662306785583496 1.3088735342025757 0.69815564155578613 0.19281810522079468 0.060016211122274399 22.368261337280273 0.069577038288116455 2.0262601537979208e-05 1.2984846762265079e-06 0.0099850092083215714 -5.5132124998635845e-07 -5.8005205971767282e-08 21 10.431093215942383 0.97275382280349731 0.77681916952133179
SN: 1265231 10 0 X3 3 0 36.261353 -3.7958340000000002 0.68532997369766235 0.0010000000474974513 0.68397200107574463 0.0010000000474974513 0.68397200107574463 0.0019594761542975903 0 300 0 0 0.02323291078209877 2 2 -2501 -9 -9 0.68529999256134033 0.0010000000474974513 36.261448999999999 -3.795728 0.51499998569488525 0.74099999666213989 -2.3237252235412598 10.791000366210938 0.046000000089406967 -9999 -9999 -0.164000004529953 5.4109997749328613 -10.984000205993652 5.414060115814209 1.1699999570846558 -999 23.979999542236328 22.329999923706055 21.229999542236328 20.909999847412109 0.0099999997764825821 0 0 0 5.309999942779541 26.389999389648438 66.510002136230469 91.720001220703125 25.687263488769531 23.946401596069336 22.942783355712891 22.593839645385742 56677.05859375 13.583734512329102 11.413220405578613 9.8131208419799805 31.602006912231445 riz 0 56675.69921875 1.0475492477416992 0.052803628146648407 0.97416388988494873 0.062950253486633301 0.068720623850822449 23.700595855712891 0.072400711476802826 5.9396656979515683e-06 3.9607783719475265e-07 0.029503794386982918 -3.0153924512887897e-07 -1.4319355479130991e-08 13 3.9585831165313721 0.99162399768829346 0.21057108044624329
SN: 1252595 10 0 C3 3 0 53.059489999999997 -27.715036000000001 0.81400001049041748 0.0010000000474974513 0.81329500675201416 0.0010000000474974513 0.81329500675201416 0.0020718174055218697 0 300 0 0 0.0081624686717987061 1 2 5406 -9 -9 0.81400001049041748 0.0010000000474974513 53.059345999999998 -27.715164999999999 0.65100002288818359 0.81400001049041748 -3.5028200149536133 9.9700002670288086 0.029999999329447746 -9999 -9999 0.10499999672174454 0.56199997663497925 -9.8610000610351562 0.5982215404510498 0.8880000114440918 -999 25.989999771118164 24.889999389648438 23.989999771118164 23.549999237060547 0.05000000074505806 0.019999999552965164 0.0099999997764825821 0.0099999997764825821 0.8399999737739563 2.1400001049041748 5.4200000762939453 7.7600002288818359 27.5 26.673965454101562 25.665000915527344 25.275344848632812 56564.23828125 10.290931701660156 7.536461353302002 4.3318419456481934 26.012277603149414 riz 0 56563.62109375 1.2815585136413574 -1.5404845476150513 0.71832787990570068 0.27801701426506042 0.090934127569198608 24.98008918762207 0.06062249094247818 1.8279507685292629e-06 1.0206431966253149e-07 0.0083133084699511528 -3.6465436892285652e-08 -3.4223628375684712e-09 48 38.046127319335938 0.84772545099258423 1.0594778060913086
SN: 1253046 10 0 C1 3 0 53.643996999999999 -26.873615000000001 0.50191998481750488 0.0010000000474974513 0.5013430118560791 0.0010000000474974513 0.5013430118560791 0.0018047270132228732 0 300 0 0 0.0090747140347957611 1 1 187877 -9 -9 0.50190001726150513 0.0010000000474974513 53.643540000000002 -26.873732 1.5269999504089355 1.093000054359436 -9 10.501999855041504 0.05000000074505806 -9999 -9999 0.29499998688697815 3.5769999027252197 -10.210000038146973 3.5782086849212646 1.2560000419616699 -999 23.719999313354492 21.889999389648438 21.25 20.879999160766602 0.0099999997764825821 0 0 0 2.369999885559082 9.9399995803833008 19.870000839233398 25.489999771118164 26.563129425048828 25.006534576416016 24.254505157470703 23.984075546264648 56579.18359375 33.098468780517578 19.393100738525391 15.350038528442383 62.908584594726562 riz 0 56578.69140625 0.42661416530609131 0.56181377172470093 0.35423865914344788 -0.10076089948415756 0.039247207343578339 22.656116485595703 0.037543326616287231 1.5543670087936334e-05 5.3747965012007626e-07 0.0012840937124565244 -1.0483506684977328e-07 -1.2096307955289376e-08 39 42.013290405273438 0.34168064594268799 0.3845503032207489
SN: 1260461 10 0 X3 3 0 35.972065000000001 -5.0150800000000002 0.8600500226020813 0.0010000000474974513 0.858551025390625 0.0010000000474974513 0.858551025390625 0.0021115923300385475 0 300 0 0 0.022772544994950294 1 2 18251 -9 -9 0.86009997129440308 0.0010000000474974513 35.972433000000002 -5.0147339999999998 1.8140000104904175 2.1319999694824219 -1.8898187875747681 10.668999671936035 0.017000000923871994 -9999 -9999 1.0240000486373901 0.50800001621246338 -9.6669998168945312 0.51380246877670288 1.0779999494552612 -999 24.870000839233398 23.790000915527344 22.700000762939453 22.190000534057617 0.019999999552965164 0.0099999997764825821 0.0099999997764825821 0 1.0099999904632568 2.3299999237060547 7.070000171661377 12.430000305175781 27.48919677734375 26.581609725952148 25.37645149230957 24.763822555541992 56627.12109375 17.966804504394531 12.561894416809082 -99 34.016658782958984 iz 0 56635.48828125 0.94111114740371704 -1.0897371768951416 0.67704248428344727 -0.085563816130161285 0.11522236466407776 24.227375030517578 0.051619421690702438 3.656369017335237e-06 1.7383564454576117e-07 -0.0073909335769712925 -5.8497768407050899e-08 -6.2827494318185018e-09 19 29.164276123046875 0.063444674015045166 0.46183735132217407
SN: 1265281 10 0 X3 3 0 35.896248 -4.5713869999999996 0.36131000518798828 0.0010000000474974513 0.36020898818969727 0.0010000000474974513 0.36020898818969727 0.0016889753751456738 0 300 0 0 0.02283371239900589 1 1 20184 -9 -9 0.36129999160766602 0.0010000000474974513 35.896262 -4.5713590000000002 0.11299999803304672 0.1120000034570694 -9 9.1829996109008789 0.017000000923871994 -9999 -9999 0.65200001001358032 0.29199999570846558 -8.5030002593994141 0.3083261251449585 0.26499998569488525 -999 23.350000381469727 22.510000228881836 22.280000686645508 22.040000915527344 0.0099999997764825821 0 0 0 10.430000305175781 22.620000839233398 27.700000762939453 34.790000915527344 24.954288482666016 24.113767623901367 23.893800735473633 23.646364212036133 56683.0859375 35.446338653564453 33.063941955566406 19.542837142944336 73.320465087890625 griz 0 56678.7265625 0.50207245349884033 -0.34209704399108887 0.51580429077148438 0.15640360116958618 0.03653712198138237 22.864484786987305 0.048870492726564407 1.2829384104406927e-05 5.7746837001104723e-07 0.011130952276289463 -2.1880799749851576e-07 -1.752935929744126e-08 15 9.3781843185424805 0.85692805051803589 0.53367060422897339
SN: 1257102 10 0 E2 3 0 10.057632999999999 -44.561985 0.47433999180793762 0.0010000000474974513 0.47330000996589661 0.0010000000474974513 0.47329998016357422 0.0017814347520470619 0 300 0 0 0.0063538537360727787 1 1 9018 -9 -9 0.47429999709129333 0.0010000000474974513 10.057776 -44.561978000000003 0.36700001358985901 0.56499999761581421 -9 9.4600000381469727 0.028000000864267349 -9999 -9999 0.73299998044967651 0.037999998778104782 -8.7119998931884766 0.065215028822422028 0.43799999356269836 -999 23.739999771118164 22.670000076293945 22.350000381469727 22.120000839233398 0.0099999997764825821 0.0099999997764825821 0.0099999997764825821 0.0099999997764825821 6.3400001525878906 17.030000686645508 24.819999694824219 30.270000457763672 25.494777679443359 24.421962738037109 24.012996673583984 23.797468185424805 56609.02734375 26.152090072631836 16.641412734985352 11.771940231323242 53.868904113769531 riz 0 56604.90625 0.50491911172866821 -0.071513846516609192 0.38873320817947388 -0.085453487932682037 0.042177490890026093 22.517845153808594 0.042282912880182266 1.7654765542829409e-05 6.8754724225073005e-07 0.0013814872363582253 -1.3014208377626346e-07 -1.8910911947500608e-08 29 22.65478515625 0.79209935665130615 0.28584066033363342
SN: 1252751 10 0 S2 3 0 41.392764999999997 -1.5097419999999999 0.5617300271987915 0.0010000000474974513 0.56059300899505615 0.0010000000474974513 0.56059300899505615 0.0018543734913691878 0 300 0 0 0.028314677998423576 1 1 13682 -9 -9 0.56169998645782471 0.0010000000474974513 41.392707999999999 -1.5096959999999999 0.26399999856948853 0.23199999332427979 -9 10.546999931335449 0.029999999329447746 -9999 -9999 -2.8139998912811279 2.0729999542236328 -13.329999923706055 2.0730001926422119 1.2690000534057617 -999 23.75 22 21.239999771118164 20.920000076293945 0.019999999552965164 0 0 0 7.3899998664855957 37.700000762939453 74.220001220703125 105.86000061035156 25.328388214111328 23.559146881103516 22.823698043823242 22.43817138671875 56567.171875 19.291275024414062 13.291177749633789 9.603144645690918 41.459617614746094 riz 0 56565.2890625 0.77527463436126709 -0.4668366014957428 0.47628679871559143 -0.13125459849834442 0.052065536379814148 22.879505157470703 0.04437173530459404 1.265312221221393e-05 5.1710628667933634e-07 0.0020594128873199224 -1.2886945910395298e-07 -1.2464627552333241e-08 41 43.910037994384766 0.34925279021263123 0.46436497569084167
SN: 1261236 10 0 C3 3 0 53.167113999999998 -28.705193000000001 0.59850001335144043 0.0010000000474974513 0.59789198637008667 0.0010000000474974513 0.59789204597473145 0.001885912730358541 0 300 0 0 0.0080779464915394783 2 3 3900 -9 -9 0.59850001335144043 0.0010000000474974513 53.167009 -28.705162999999999 0.35100001096725464 0.27000001072883606 -2.367706298828125 10.942999839782715 0.017999999225139618 -9999 -9999 0.85600000619888306 0.030999999493360519 -10.078000068664551 0.087664134800434113 0.81400001049041748 -999 22.850000381469727 21.729999542236328 21.059999465942383 20.639999389648438 0 0 0 0 18.629999160766602 53.299999237060547 96.319999694824219 137.39999389648438 24.324466705322266 23.183181762695312 22.540708541870117 22.155033111572266 56648.05078125 22.818181991577148 21.048501968383789 16.247150421142578 64.797233581542969 riz 0 56645.34765625 0.43000704050064087 0.58538013696670532 0.36828809976577759 0.17524413764476776 0.036178756505250931 23.451227188110352 0.038213115185499191 7.4732415669132024e-06 2.630250719448668e-07 0.004031473770737648 -6.9418938153376075e-08 -6.0020455272535855e-09 31 15.113063812255859 0.99260729551315308 0.61587518453598022
SN: 1263197 10 0 C2 3 0 54.324539000000001 -28.489844999999999 0.3382599949836731 0.0010000000474974513 0.33777600526809692 0.0010000000474974513 0.33777594566345215 0.0016709378687664866 0 300 0 0 0.010008701123297215 1 1 2311 -9 -9 0.33829998970031738 0.0010000000474974513 54.324607 -28.489837999999999 0.21500000357627869 0.24699999392032623 -9 10.142999649047852 0.075000002980232239 -9999 -9999 -0.26100000739097595 6.8779997825622559 -10.418000221252441 6.8790817260742188 1.3710000514984131 -999 23.389999389648438 21.899999618530273 21.319999694824219 21 0.0099999997764825821 0 0 0 10.300000190734863 41.040000915527344 70.330001831054688 91.44000244140625 24.967906951904297 23.466981887817383 22.882148742675781 22.597160339355469 56660.078125 41.008152008056641 34.741809844970703 29.199260711669922 83.481346130371094 griz 0 56659.640625 0.30059272050857544 -2.1418640613555908 0.27506142854690552 0.034993488341569901 0.025224454700946808 22.007625579833984 0.028971303254365921 2.8245538487681188e-05 7.5369143814896233e-07 0.0017920300597324967 -9.6211586253502901e-08 -1.1867857807601467e-08 36 29.985769271850586 0.74946141242980957 0.72342061996459961
SN: 1253857 10 0 X3 3 0 36.788124000000003 -4.3705259999999999 0.85799998044967651 0.0010000000474974513 0.85652202367782593 0.0010000000474974513 0.8565220832824707 0.0021098044235259295 0 300 0 0 0.021371293812990189 1 1 17590 -9 -9 0.85799998044967651 0.0010000000474974513 36.788099000000003 -4.370501 0.12700000405311584 0.14900000393390656 -9 10.720000267028809 0.014000000432133675 -9999 -9999 0.92000001668930054 0.31200000643730164 -9.7849998474121094 0.32065558433532715 0.94900000095367432 -999 24.670000076293945 23.549999237060547 22.610000610351562 22.110000610351562 0.019999999552965164 0.0099999997764825821 0.0099999997764825821 0 3.5199999809265137 9.4799995422363281 22.25 32.840000152587891 26.133644104003906 25.057979583740234 24.131675720214844 23.708992004394531 56576.125 17.942644119262695 9.5529537200927734 -99 34.948528289794922 iz 0 56580.26953125 0.85477924346923828 0.78771317005157471 0.61793279647827148 -0.026965377852320671 0.11420299857854843 24.140010833740234 0.053047575056552887 3.9627389014640357e-06 1.9361397107786615e-07 -0.010604127310216427 -7.6533083870344853e-08 -2.4393838060632334e-09 25 18.482572555541992 0.82123231887817383 0.27752983570098877
SN: 1262573 10 0 S2 3 0 41.562469999999998 -1.5214620000000001 0.23837000131607056 0.0010000000474974513 0.23747199773788452 0.0010000000474974513 0.2374720573425293 0.0015916598495095968 0 300 0 0 0.030436346307396889 1 1 13651 -9 -9 0.23839999735355377 0.0010000000474974513 41.562846 -1.520996 2.1549999713897705 1.1119999885559082 -9 11.152000427246094 0.018999999389052391 -9999 -9999 -1.3799999952316284 8.619999885559082 -12.48799991607666 8.6222505569458008 1.5269999504089355 -999 20.909999847412109 19.430000305175781 18.959999084472656 18.670000076293945 0 0 0 0 29.639999389648438 83.800003051757812 136.60000610351562 177.39999389648438 23.820304870605469 22.691890716552734 22.161373138427734 21.877616882324219 56653.1015625 39.217575073242188 38.117351531982422 27.8741455078125 105.61791229248047 griz 0 56650.89453125 0.32495146989822388 -2.5638535022735596 0.28623712062835693 0.035107780247926712 0.025273209437727928 21.513690948486328 0.03108997642993927 4.4516738853417337e-05 1.274733563150221e-06 0.0015747008146718144 -1.2734497545352497e-07 -2.3977010599196547e-08 34 29.253536224365234 0.69946503639221191 0.86259299516677856
SN: 1254108 10 0 C3 3 0 53.434581999999999 -27.813009000000001 0.9676399827003479 0.0010000000474974513 0.96688902378082275 0.0010000000474974513 0.96688902378082275 0.0022076722234487534 0 300 0 0 0.005563030019402504 1 1 5478 -9 -9 0.96759998798370361 0.0010000000474974513 53.434677999999998 -27.813510999999998 1.8339999914169312 1.9029999971389771 -9 10.901000022888184 0.05299999937415123 -9999 -9999 1.3020000457763672 0.45600000023841858 -9.6309995651245117 0.46931546926498413 0.89800000190734863 -999 24.379999160766602 23.209999084472656 21.940000534057617 21.299999237060547 0.0099999997764825821 0 0 0 2.25 6.0199999809265137 25.329999923706055 38.349998474121094 26.619543075561523 25.551008224487305 23.990911483764648 23.540586471557617 56579.21484375 14.300888061523438 10.252583503723145 -99 30.433849334716797 iz 0 56580.765625 1.0184369087219238 -0.36602464318275452 0.64808368682861328 -0.12056487053632736 0.12075578421354294 24.609262466430664 0.057713728398084641 2.5721419660840183e-06 1.3672557486188452e-07 0.0089303962886333466 -4.9939547608346402e-08 3.9976533194874264e-09 36 23.033195495605469 0.95373892784118652 0.41999506950378418
SN: 1258118 10 0 S2 3 0 40.812840000000001 -1.4372929999999999 0.62638002634048462 0.0010000000474974513 0.6251789927482605 0.0010000000474974513 0.62517905235290527 0.0019091181457042694 0 300 0 0 0.027773518115282059 1 2 12769 -9 -9 0.62639999389648438 0.0010000000474974513 40.812961999999999 -1.437297 0.43999999761581421 0.63700002431869507 -3.4630930423736572 9.8219995498657227 0.035999998450279236 -9999 -9999 1.4850000143051147 0.29100000858306885 -8.300999641418457 0.29100000858306885 0.42500001192092896 -999 23.729999542236328 22.709999084472656 22.260000228881836 22.069999694824219 0.0099999997764825821 0.0099999997764825821 0.0099999997764825821 0.0099999997764825821 8.380000114440918 19.129999160766602 29.920000076293945 35.810001373291016 25.191890716552734 24.295713424682617 23.810096740722656 23.614990234375 56609.07421875 12.050481796264648 9.9702205657958984 6.8300290107727051 25.045808792114258 riz 0 56605.94921875 1.1406040191650391 -0.16458189487457275 0.78558015823364258 0.050813987851142883 0.075388997793197632 23.456874847412109 0.071446716785430908 7.4344698077766225e-06 4.8922424866759684e-07 0.0099351666867733002 -2.4897494199649373e-07 -1.7697662002547077e-08 37 23.214797973632812 0.96247833967208862 0.17804284393787384
SN: 1253920 10 1 C1 3 0 54.629311000000001 -27.042770000000001 0.19598999619483948 0.0010000000474974513 0.1955530047416687 0.0010000000474974513 0.19555306434631348 0.0015592481940984726 0 300 0 0 0.0091201206669211388 2 4 1167 -9 -9 0.19599999487400055 0.0010000000474974513 54.629382 -27.042752 0.2370000034570694 0.23299999535083771 -4.0736327171325684 9.4329996109008789 0.064000003039836884 -9999 -9999 -7.7659997940063477 2.2339999675750732 -17.219999313354492 2.2361483573913574 1.3240000009536743 -999 22.840000152587891 21.790000915527344 21.440000534057617 21.159999847412109 0.0099999997764825821 0 0 0 15.680000305175781 43.680000305175781 61.299999237060547 76.44000244140625 24.511634826660156 23.399293899536133 23.031349182128906 22.791698455810547 56579.1796875 175.68077087402344 110.12891387939453 78.56805419921875 321.77264404296875 griz 0 56583.37109375 0.16597071290016174 -0.75979161262512207 0.15973673760890961 -0.065054066479206085 0.018016897141933441 20.34245491027832 0.02541024424135685 0.00013092358130961657 3.0640962904726621e-06 0.0007964193937368691 -3.0191100108822866e-07 -3.7805772734600396e-08 40 33.139858245849609 0.77037417888641357 0.33341437578201294
SN: 1259538 10 0 X3 3 0 37.174919000000003 -4.7141729999999997 0.5136299729347229 0.0010000000474974513 0.51243698596954346 0.0010000000474974513 0.51243698596954346 0.0018139787716791034 0 300 0 0 0.035199128091335297 1 1 18119 -9 -9 0.51359999179840088 0.0010000000474974513 37.174793999999999 -4.7144219999999999 1.0039999485015869 1.1339999437332153 -9 9.2489995956420898 0.020999999716877937 -9999 -9999 1.0410000085830688 0.41100001335144043 -8.1979999542236328 0.41345617175102234 0.20600000023841858 -999 24.090000152587891 23.149999618530273 22.870000839233398 22.659999847412109 0.0099999997764825821 0 0.0099999997764825821 0.0099999997764825821 3.8599998950958252 9.0500001907348633 13.149999618530273 15.300000190734863 26.033531188964844 25.108379364013672 24.702686309814453 24.538270950317383 56627.16015625 52.020797729492188 31.67388916015625 30.052968978881836 87.683998107910156 riz 0 56628.73046875 0.53386491537094116 -0.31132924556732178 0.30093228816986084 -0.028220720589160919 0.034150846302509308 22.986787796020508 0.037761881947517395 1.1462642760307062e-05 3.986704655289941e-07 0.0012266203993931413 -4.6264847952670607e-08 -1.0255899240974031e-08 28 23.388080596923828 0.71338248252868652 0.14006617665290833
SN: 1252810 10 0 S2 3 0 41.878886999999999 -1.60164 0.58139997720718384 0.0010000000474974513 0.58026200532913208 0.0010000000474974513 0.5802619457244873 0.0018709785072132945 0 300 0 0 0.036981396377086639 1 1 13289 -9 -9 0.58139997720718384 0.0010000000474974513 41.878590000000003 -1.60141 1.3509999513626099 1.0089999437332153 -9 10.916999816894531 0.043999999761581421 -9999 -9999 0.59700000286102295 0.32800000905990601 -10.295999526977539 0.33538633584976196 1.0859999656677246 -999 23.450000762939453 21.989999771118164 21.190000534057617 20.829999923706055 0.0099999997764825821 0 0 0 9.6099996566772461 30.719999313354492 62.540000915527344 87.80999755859375 25.043191909790039 23.78144645690918 23.009605407714844 22.641139984130859 56567.1796875 12.182668685913086 11.11803150177002 7.1623644828796387 31.186960220336914 riz 0 56558.234375 0.79190158843994141 1.0158512592315674 0.72342300415039062 0.069698520004749298 0.062295660376548767 23.17633056640625 0.072237119078636169 9.6264866442652419e-06 6.4047753767226823e-07 0.0120425159111619 -3.5878656490240246e-07 -2.2425107104595554e-08 41 31.255119323730469 0.86440736055374146 0.41065558791160583
SN: 1256335 10 0 X3 3 0 35.884377000000001 -4.8831530000000001 0.62070000171661377 0.0010000000474974513 0.61939102411270142 0.0010000000474974513 0.61939096450805664 0.0019041866762563586 0 300 0 0 0.021740827709436417 1 4 18898 -9 -9 0.62070000171661377 0.0010000000474974513 35.884376000000003 -4.8831030000000002 0.17900000512599945 0.22499999403953552 -4.5207595825195312 9.4799995422363281 0.054999999701976776 -9999 -9999 0.2669999897480011 0.034000001847743988 -9.2729997634887695 0.17434735596179962 0.21799999475479126 -999 24.110000610351562 23.270000457763672 22.819999694824219 22.649999618530273 0.0099999997764825821 0.0099999997764825821 0.0099999997764825821 0.0099999997764825821 5.5 11.600000381469727 18.090000152587891 20.75 25.649093627929688 24.838855743408203 24.356403350830078 24.207454681396484 56595.1640625 20.554859161376953 20.342599868774414 13.82199764251709 51.735206604003906 riz 0 56594.62890625 0.55731582641601562 -0.68132340908050537 0.32794868946075439 -0.11206194013357162 0.04348411038517952 23.394010543823242 0.042419668287038803 7.8776374721201137e-06 3.077789756389393e-07 0.0015351383481174707 -6.5358072731669381e-08 -6.3775931202769698e-09 29 30.29597282409668 0.39933919906616211 0.43716120719909668
SN: 1250578 10 0 X2 3 0 36.104045999999997 -6.9964620000000002 0.27961999177932739 0.0010000000474974513 0.2786020040512085 0.0010000000474974513 0.2786020040512085 0.0016238857060670853 0 300 0 0 0.025754401460289955 1 2 16352 -9 -9 0.27959999442100525 0.0010000000474974513 36.104098 -6.9963040000000003 0.59700000286102295 0.70800000429153442 -2.7870368957519531 10.215000152587891 0.010999999940395355 -9999 -9999 0.97399997711181641 0.4699999988079071 -9.2349996566772461 0.47061237692832947 0.82300001382827759 -999 21.209999084472656 20.280000686645508 19.829999923706055 19.690000534057617 0 0 0 0 74.629997253417969 171.25 252.27999877929688 285.510009765625 22.817716598510742 21.915924072265625 21.495292663574219 21.360946655273438 56551.28125 23.947301864624023 21.718057632446289 15.929888725280762 66.294044494628906 griz 0 56546.359375 0.4290347695350647 0.4230484664440155 0.34331724047660828 0.23629331588745117 0.025709321722388268 22.057512283325195 0.033238321542739868 2.6977075322065502e-05 8.2586609551071888e-07 0.0020984855946153402 -1.2731581477964937e-07 -1.5496382843593892e-08 41 74.440399169921875 0.0010793788824230433 0.80016815662384033
SN: 1250916 10 0 X3 3 0 37.153247999999998 -4.2990870000000001 0.67079997062683105 0.0010000000474974513 0.66948002576828003 0.0010000000474974513 0.6694800853729248 0.0019470192492008209 0 300 0 0 0.022978110238909721 1 2 179188 -9 -9 0.67079997062683105 0.0010000000474974513 37.153233 -4.2991029999999997 0.079000003635883331 0.10999999940395355 -5.509340763092041 11.02400016784668 0.10100000351667404 -9999 -9999 -3.4479999542236328 6.5520000457763672 -14.520000457763672 6.5590486526489258 1.5110000371932983 -999 24.459999084472656 22.549999237060547 21.280000686645508 20.920000076293945 0.019999999552965164 0 0 0 3.7100000381469727 23.190000534057617 60.830001831054688 89.5 26.076564788818359 24.086748123168945 23.039705276489258 22.620441436767578 56552.20703125 22.681182861328125 22.143871307373047 13.614266395568848 64.173255920410156 riz 0 56555.66015625 0.35894230008125305 -0.68624114990234375 0.34369003772735596 -0.16537000238895416 0.03867030143737793 23.282770156860352 0.037758029997348785 8.7275393525487743e-06 3.0351267810146965e-07 0.004561129491776228 -7.9472819436432474e-08 -5.3766529006793462e-09 33 25.906200408935547 0.80545252561569214 0.59681099653244019
SN: 1248441 10 0 C3 3 0 52.136707000000001 -28.186800000000002 0.24567000567913055 0.0010000000474974513 0.245169997215271 0.0010000000474974513 0.245169997215271 0.0015976601280272007 0 300 0 0 0.0060542388819158077 2 6 4032 -9 -9 0.24570000171661377 0.0010000000474974513 52.136944999999997 -28.186864 0.79000002145767212 0.68300002813339233 -2.186758279800415 10.611000061035156 0.018999999389052391 -9999 -9999 0.27300000190734863 0.37900000810623169 -10.586999893188477 0.40871751308441162 1.3380000591278076 -999 20.819999694824219 19.530000686645508 19.010000228881836 18.75 0 0 0 0 112.58999633789062 329.8900146484375 495.8599853515625 598.47998046875 22.371250152587891 21.204076766967773 20.761602401733398 20.557376861572266 56536.2578125 60.734397888183594 44.159351348876953 13.104969024658203 100.39754486083984 giz 0 56534.34765625 0.06547604501247406 -1.8469868898391724 0.32420563697814941 -0.10552261024713516 0.033345676958560944 20.969522476196289 0.069228626787662506 7.3483650339767337e-05 4.6854588617861737e-06 0.0047610080800950527 -6.399816925295454e-07 -7.1085224817579729e-08 14 14.375357627868652 0.42213737964630127 0.70905745029449463
SN: 1257533 10 0 C3 3 0 51.988888000000003 -27.996670000000002 0.23003000020980835 0.0010000000474974513 0.22953200340270996 0.0010000000474974513 0.22953200340270996 0.0015854862285777926 0 300 0 0 0.008908560499548912 1 2 4002 -9 -9 0.23000000417232513 0.0010000000474974513 51.988874000000003 -27.996701999999999 0.12300000339746475 0.15199999511241913 -5.4956512451171875 9.9870004653930664 0.028999999165534973 -9999 -9999 -0.034000001847743988 0.38699999451637268 -10.13700008392334 0.40260401368141174 1.2760000228881836 -999 22.069999694824219 20.870000839233398 20.379999160766602 19.989999771118164 0 0 0 0 34.369998931884766 101.20999908447266 157.3699951171875 196.61000061035156 23.659551620483398 22.486942291259766 22.007694244384766 21.765985488891602 56615.25390625 233.98020935058594 224.04046630859375 53.263755798339844 521.2913818359375 griz 0 56611.98046875 0.17491999268531799 -0.013568984344601631 0.12152558565139771 -0.032821670174598694 0.01595112681388855 20.640501022338867 0.020256869494915009 9.9494558526203036e-05 1.8562964214652311e-06 0.00029929046286270022 -1.2457361719953042e-07 -1.8406469237675083e-08 32 60.355110168457031 0.0017730399267747998 0.1094990149140358
SN: 1248677 10 1 C3 3 0 53.646217 -28.127001 0.35067000985145569 0.0010000000474974513 0.35016199946403503 0.0010000000474974513 0.35016202926635742 0.0016808838117867708 0 300 0 0 0.0073089143261313438 1 1 3732 -9 -9 0.35069999098777771 0.0010000000474974513 53.646281000000002 -28.126491000000001 1.8480000495910645 1.7460000514984131 -9 9.564000129699707 0.016000000759959221 -9999 -9999 1.1979999542236328 0.34799998998641968 -8.3479995727539062 0.35089743137359619 0.36000001430511475 -999 23.090000152587891 22.239999771118164 21.950000762939453 21.690000534057617 0 0 0 0 5.25 10.880000114440918 11.930000305175781 15.420000076293945 25.699602127075195 24.908428192138672 24.808399200439453 24.529788970947266 56558.24609375 121.3475341796875 95.64678955078125 93.442451477050781 368.874755859375 griz 0 56554.33984375 0.18213354051113129 1.1765701770782471 0.1582503616809845 -0.095871135592460632 0.014099267311394215 21.555194854736328 0.019216753542423248 4.2847146687563509e-05 7.5836385349248303e-07 0.00051805697148665786 -7.7711618473585986e-08 -6.503218408226985e-09 48 21.252555847167969 0.99971300363540649 0.50590348243713379
SN: 1260556 10 0 C1 3 0 53.319640999999997 -27.018248 0.27487000823020935 0.0010000000474974513 0.27437400817871094 0.0010000000474974513 0.27437400817871094 0.0016205544816330075 0 300 0 0 0.0086453501135110855 1 1 1197 -9 -9 0.27489998936653137 0.0010000000474974513 53.319192999999999 -27.018039000000002 1.6210000514984131 1.3619999885559082 -9 10.381999969482422 0.0070000002160668373 -9999 -9999 1.1940000057220459 0.46599999070167542 -9.1960000991821289 0.46690148115158081 0.77100002765655518 -999 21.190000534057617 20.270000457763672 19.860000610351562 19.600000381469727 0 0 0 0 29.850000381469727 72.989997863769531 104.93000030517578 138.08999633789062 23.812639236450195 22.841842651367188 22.447750091552734 22.149593353271484 56635.1328125 42.533580780029297 42.236965179443359 30.880670547485352 113.70348358154297 griz 0 56635.35546875 0.27316433191299438 0.10518161207437515 0.23772126436233521 0.10270992666482925 0.019595388323068619 21.638481140136719 0.026355400681495667 3.9683258364675567e-05 9.6328017207270022e-07 0.0014367961557582021 -1.3010586030759441e-07 -1.3574902979485159e-08 36 60.739387512207031 0.0061101056635379791 0.34415692090988159
SN: 1247537 10 0 X1 3 0 34.025146999999997 -5.0109329999999996 0.45686998963356018 0.0010000000474974513 0.45565199851989746 0.0010000000474974513 0.45565199851989746 0.0017668477958068252 0 300 0 0 0.017763100564479828 1 2 14816 -9 -9 0.45690000057220459 0.0010000000474974513 34.025460000000002 -5.0108139999999999 1.2020000219345093 1.1740000247955322 -2.8360254764556885 9.9270000457763672 0.014999999664723873 -9999 -9999 1.2510000467300415 0.018999999389052391 -8.6649999618530273 0.033015146851539612 0.41299998760223389 -999 23.079999923706055 22.069999694824219 21.670000076293945 21.450000762939453 0.0099999997764825821 0 0 0 12.369999885559082 33.430000305175781 44.930000305175781 52.689998626708984 24.769075393676758 23.689659118652344 23.368659973144531 23.1956787109375 56551.296875 21.68345832824707 15.501626968383789 9.4981803894042969 57.349224090576172 riz 0 56548.64453125 0.45052060484886169 0.40365701913833618 0.39399051666259766 -0.090370476245880127 0.0395466648042202 22.381080627441406 0.042080536484718323 2.0024788682349026e-05 7.7611286997125717e-07 0.0025133213493973017 -1.7357454851207876e-07 -2.1064625599365172e-08 34 27.628721237182617 0.77176761627197266 0.32991936802864075
SN: 1260050 10 0 S2 3 0 41.245640000000002 -0.38762200000000002 0.27371999621391296 0.0010000000474974513 0.2727850079536438 0.0010000000474974513 0.27278494834899902 0.0016193034825846553 0 300 0 0 0.025775760412216187 1 1 11824 -9 -9 0.27369999885559082 0.0010000000474974513 41.2455 -0.38680300000000001 2.9909999370574951 2.2349998950958252 -9 10.505999565124512 0.070000000298023224 -9999 -9999 0.47099998593330383 6.8350000381469727 -9.9469995498657227 6.8352131843566895 1.3509999513626099 -999 22.040000915527344 20.639999389648438 20.129999160766602 19.840000152587891 0 0 0 0 4.2899999618530273 12.069999694824219 19.659999847412109 24.159999847412109 25.918857574462891 24.795732498168945 24.266040802001953 24.042257308959961 56635.046875 74.626754760742188 71.872627258300781 58.257369995117188 152.58869934082031 griz 0 56631.1171875 0.32646670937538147 -0.79699468612670898 0.20234505832195282 -0.04037075862288475 0.019649965688586235 21.288497924804688 0.025248978286981583 5.4777297918917611e-05 1.2738553323288215e-06 0.0010171494213864207 -1.096572503911375e-07 -1.794022708168086e-08 40 27.008726119995117 0.94198065996170044 0.29780313372612
SN: 1264963 10 0 E2 3 0 9.0985490000000002 -44.278934999999997 0.5532500147819519 0.0010000000474974513 0.55213898420333862 0.0010000000474974513 0.5521390438079834 0.0018472549272701144 0 300 0 0 0.0071664820425212383 1 1 8544 -9 -9 0.55330002307891846 0.0010000000474974513 9.0981539999999992 -44.279006000000003 1.0490000247955322 1.159000039100647 -9 10.340000152587891 0.012000000104308128 -9999 -9999 0.66200000047683716 0.008999999612569809 -9.6780004501342773 0.020124612376093864 0.54600000381469727 -999 22.5 21.510000228881836 21.010000228881836 20.799999237060547 0.0099999997764825821 0 0 0 12.899999618530273 32.580001831054688 41.819999694824219 63.490001678466797 24.723526000976562 23.717622756958008 23.446540832519531 22.993236541748047 56675.0625 9.3991765975952148 6.9447684288024902 5.088019847869873 23.468128204345703 riz 0 56674.89453125 1.034496545791626 0.25954347848892212 0.89369809627532959 -0.0038075884804129601 0.080715589225292206 23.138093948364258 0.077174462378025055 9.9715371106867678e-06 7.0877990765438881e-07 0.014565497636795044 -4.1301956343886559e-07 -2.8932513274071425e-08 13 10.189519882202148 0.67836809158325195 0.087440513074398041
SN: 1262163 10 0 C2 3 0 55.221043000000002 -29.451878000000001 0.33566001057624817 0.0010000000474974513 0.33520498871803284 0.0010000000474974513 0.33520495891571045 0.0016688774339854717 0 300 0 0 0.012321138754487038 1 1 2332 -9 -9 0.33570000529289246 0.0010000000474974513 55.220838999999998 -29.451692999999999 0.92299997806549072 0.72299998998641968 -9 10.663000106811523 0.017999999225139618 -9999 -9999 0.79799997806549072 0.28499999642372131 -9.8610000610351562 0.29470324516296387 0.89200001955032349 -999 21.459999084472656 20.329999923706055 19.850000381469727 19.620000839233398 0 0 0 0 35.080001831054688 103.65000152587891 146.71000671386719 196.6300048828125 23.637351989746094 22.461076736450195 22.083850860595703 21.765876770019531 56645.0703125 10.857056617736816 8.5524435043334961 7.2823200225830078 25.971338272094727 griz 0 56630.3046875 1.7276835441589355 0.5715680718421936 0.95390826463699341 0.27502265572547913 0.070836275815963745 23.470296859741211 0.079464875161647797 7.3431278906355146e-06 5.3744247452414129e-07 0.016300765797495842 -2.4745369842094078e-07 -2.4479868798721327e-08 37 58.348648071289062 0.014101991429924965 0.93633061647415161
SN: 1259615 10 0 X1 3 0 35.216273999999999 -4.591526 0.32115998864173889 0.0010000000474974513 0.32007700204849243 0.0010000000474974513 0.32007694244384766 0.0016567828133702278 0 300 0 0 0.020706698298454285 3 4 14747 -9 -9 0.32120001316070557 0.0010000000474974513 35.216270000000002 -4.5915869999999996 0.22100000083446503 0.29300001263618469 -3.111379861831665 10.406000137329102 0.024000000208616257 -9999 -9999 0.33799999952316284 0.44800001382827759 -10.022000312805176 0.45328247547149658 1.4210000038146973 -999 23.100000381469727 21.559999465942383 20.909999847412109 20.590000152587891 0.0099999997764825821 0 0 0 15.279999732971191 54.770000457763672 89.209999084472656 129.82000732421875 24.539691925048828 23.153642654418945 22.623966217041016 22.216646194458008 56627.0546875 49.126708984375 40.962451934814453 27.74608039855957 79.060264587402344 griz 0 56626.9765625 0.37280017137527466 -0.44147205352783203 0.32654717564582825 0.035028237849473953 0.033533979207277298 21.83906364440918 0.037709102034568787 3.2989435567287728e-05 1.1457682376203593e-06 0.001429227995686233 -1.2156957041042915e-07 -2.6966793242877429e-08 21 41.146537780761719 0.0053776386193931103 0.18785199522972107
SN: 1264375 10 0 X3 3 0 36.976303000000001 -5.4104929999999998 0.49689999222755432 0.0010000000474974513 0.49571999907493591 0.0010000000474974513 0.4957200288772583 0.0018000456038862467 0 300 0 0 0.021345417946577072 1 1 20169 -9 -9 0.49689999222755432 0.0010000000474974513 36.976379000000001 -5.4103729999999999 0.51099997758865356 0.68999999761581421 -9 10.25 0.0099999997764825821 -9999 -9999 0.43799999356269836 0.32300001382827759 -9.8360004425048828 0.33252066373825073 0.97699999809265137 -999 23.510000228881836 22.25 21.549999237060547 21.299999237060547 0.0099999997764825821 0 0 0 8.0799999237060547 28.979999542236328 47.5 61.919998168945312 25.231472015380859 23.844753265380859 23.308265686035156 23.020423889160156 56661.05859375 26.91148567199707 11.98383617401123 11.696610450744629 44.648643493652344 riz 0 56665.875 0.53763961791992188 -1.4812060594558716 0.50332844257354736 0.15549179911613464 0.054600857198238373 23.490423202514648 0.060497596859931946 7.2082689257513266e-06 4.0164724168789689e-07 0.0045746420510113239 -9.6394671800226206e-08 -1.6128490543110274e-08 15 6.5670614242553711 0.96857017278671265 0.71583211421966553
SN: 1253131 10 0 E2 3 0 10.159466 -44.371948000000003 0.40448001027107239 0.0010000000474974513 0.40348601341247559 0.0010000000474974513 0.40348601341247559 0.0017240656306967139 0 300 0 0 0.0058578047901391983 1 1 8835 -9 -9 0.40450000762939453 0.0010000000474974513 10.160546 -44.372304999999997 3.062000036239624 1.6820000410079956 -9 11.197999954223633 0.057999998331069946 -9999 -9999 0.71899998188018799 0.41299998760223389 -10.461000442504883 0.42011666297912598 1.6799999475479126 -999 23.059999465942383 21.110000610351562 20.25 19.819999694824219 0.0099999997764825821 0 0 0 1.4800000190734863 7.1999998092651367 13.350000381469727 19.319999694824219 27.074346542358398 25.356668472290039 24.686296463012695 24.284982681274414 56575.01953125 11.081954956054688 9.2081995010375977 6.6122288703918457 22.349838256835938 riz 0 56566.81640625 1.0794985294342041 -2.7528467178344727 0.80044424533843994 0.13771076500415802 0.095056049525737762 23.296894073486328 0.10721630603075027 8.6147383626666851e-06 8.5070428212929983e-07 0.0094437999650835991 -2.2529690113515244e-07 -6.5311432706494088e-08 31 26.232812881469727 0.71009534597396851 1.0260274410247803
SN: 1246758 10 0 X3 3 0 36.618941999999997 -5.53918 0.53249001502990723 0.0010000000474974513 0.53127402067184448 0.0010000000474974513 0.53127408027648926 0.0018297350034117699 0 300 0 0 0.022998010739684105 1 2 17566 -9 -9 0.53250002861022949 0.0010000000474974513 36.618102999999998 -5.539466 3.1770000457763672 2.6670000553131104 -1.3384203910827637 9.7749996185302734 0.013000000268220901 -9999 -9999 0.31000000238418579 0.017999999225139618 -9.4449996948242188 0.034985709935426712 0.37700000405311584 -999 23.879999160766602 22.799999237060547 22.409999847412109 22.170000076293945 0.0099999997764825821 0 0 0 0.6600000262260437 1.3600000143051147 1.559999942779541 0.72000002861022949 27.5 27.166152954101562 27.017189025878906 27.5 56545.2109375 45.877113342285156 39.526012420654297 29.267126083374023 121.64792633056641 riz 0 56546.71875 0.34578201174736023 -0.28418824076652527 0.27624297142028809 0.013254528865218163 0.028352979570627213 22.818717956542969 0.033345252275466919 1.3381746612139978e-05 4.1098172687270562e-07 0.0030841403640806675 -7.6985209318536363e-08 -9.8388337477217647e-09 30 48.692123413085938 0.016891073435544968 0.10452602058649063
SN: 1254299 10 0 X1 3 0 34.452263000000002 -4.5358809999999998 0.49624800682067871 0.00025000001187436283 0.49500399827957153 0.00025000001187436283 0.49500393867492676 0.0015167464734986424 0 300 0 0 0.017870394513010979 1 1 14653 -9 -9 0.49619999527931213 0.00019999999494757503 34.452330000000003 -4.5356969999999999 0.70399999618530273 0.20299999415874481 -9 10.866999626159668 0.014000000432133675 -9999 -9999 0.94300001859664917 0.028000000864267349 -9.9110002517700195 0.047201693058013916 0.70999997854232788 -999 23.129999160766602 21.590000152587891 20.889999389648438 20.530000686645508 0.0099999997764825821 0 0 0 14.279999732971191 61.459999084472656 109.98000335693359 158.05999755859375 24.613180160522461 23.028518676757812 22.396717071533203 22.002944946289062 56575.140625 22.752298355102539 13.838610649108887 9.260772705078125 37.286712646484375 riz 0 56579.32421875 0.69590282440185547 0.15973678231239319 0.50658047199249268 -0.038956485688686371 0.058790631592273712 22.644006729125977 0.052760876715183258 1.5718009308329783e-05 7.638097940798616e-07 0.00071268167812377214 -1.86089607723261e-07 -2.5236095879677123e-08 32 26.259128570556641 0.75203150510787964 0.14034742116928101
SN: 1260105 10 0 X1 3 0 34.811836 -4.9879569999999998 0.69550001621246338 0.0010000000474974513 0.69410198926925659 0.0010000000474974513 0.69410204887390137 0.0019682003185153008 0 300 0 0 0.016832035034894943 1 1 14783 -9 -9 0.69550001621246338 0.0010000000474974513 34.811511000000003 -4.9888640000000004 3.4679999351501465 2.5920000076293945 -9 10.857000350952148 0.057999998331069946 -9999 -9999 -1.6720000505447388 1.2790000438690186 -12.467000007629395 1.2803144454956055 1.062000036239624 -999 23.600000381469727 21.969999313354492 21.020000457763672 20.719999313354492 0.019999999552965164 0 0 0 0.5899999737739563 2.3299999237060547 5.3899998664855957 6.0199999809265137 27.5 26.581609725952148 25.671028137207031 25.551008224487305 56635.05859375 13.720973014831543 8.4862518310546875 6.1546926498413086 27.486202239990234 riz 0 56641.06640625 0.83884346485137939 0.28468090295791626 0.81366640329360962 -0.17845161259174347 0.072599291801452637 23.347522735595703 0.077836953103542328 8.2222568380529992e-06 5.8945755654349341e-07 0.020826850086450577 -3.8262558632595756e-07 -1.2036102781110003e-08 32 27.655027389526367 0.68631166219711304 0.60236024856567383
SN: 1252142 10 0 C2 3 0 53.499386000000001 -29.534050000000001 0.55344998836517334 0.0010000000474974513 0.55287599563598633 0.0010000000474974513 0.55287599563598633 0.0018478750716894865 0 300 0 0 0.01069139689207077 2 7 2157 -9 -9 0.55339998006820679 0.0010000000474974513 53.499344000000001 -29.534047000000001 0.13199999928474426 0.25200000405311584 -2.5725314617156982 10.468000411987305 0.019999999552965164 -9999 -9999 -2.4319999217987061 0.86799997091293335 -12.89799976348877 0.86896777153015137 1.5110000371932983 -999 24.190000534057617 22.360000610351562 21.520000457763672 21.149999618530273 0.019999999552965164 0 0 0 5.6599998474121094 28.719999313354492 57.75 90.480003356933594 25.617958068847656 23.854537963867188 23.096118927001953 22.608617782592773 56567.21484375 17.928869247436523 14.360817909240723 10.724839210510254 43.620826721191406 riz 0 56568.421875 0.74319148063659668 0.069204472005367279 0.57527375221252441 -0.015909060835838318 0.047248810529708862 23.068071365356445 0.041450850665569305 1.0635825674398802e-05 4.0605078766020597e-07 0.0016957796178758144 -1.1859346216169797e-07 -1.0315482690259614e-08 39 35.263217926025391 0.64103859663009644 0.057830289006233215
SN: 1251225 10 0 E2 3 0 8.7485350000000004 -44.666556999999997 0.43274000287055969 0.0010000000474974513 0.43172100186347961 0.0010000000474974513 0.43172097206115723 0.0017471580067649484 0 300 0 0 0.0078231533989310265 3 4 9324 -9 -9 0.43270000815391541 0.0010000000474974513 8.7482439999999997 -44.666493000000003 0.77899998426437378 0.99599999189376831 -0.94664591550827026 8.7709999084472656 0.046999998390674591 -9999 -9999 0.86400002241134644 0.18199999630451202 -7.9039998054504395 0.23458047211170197 0.10400000214576721 -999 24.549999237060547 23.680000305175781 23.420000076293945 23.25 0.029999999329447746 0.019999999552965164 0.019999999552965164 0.019999999552965164 3.1700000762939453 6.7100000381469727 9.4200000762939453 11.529999732971191 26.247352600097656 25.433193206787109 25.064872741699219 24.845426559448242 56547.1015625 6.1947150230407715 5.4918665885925293 4.3973798751831055 19.097291946411133 riz 0 56546.95703125 0.93068057298660278 -1.9366089105606079 0.9365164041519165 0.28872549533843994 0.12086059153079987 23.667558670043945 0.14028763771057129 6.1231776271597482e-06 7.9117387485894142e-07 0.0045633008703589439 -2.3415201155785326e-07 -6.8968041944117431e-08 34 53.797191619873047 0.016751032322645187 1.1588641405105591
SN: 1248084 10 0 X3 3 0 36.337150999999999 -5.321758 0.28165000677108765 0.0010000000474974513 0.28062599897384644 0.0010000000474974513 0.28062605857849121 0.001625482109375298 0 300 0 0 0.021741313859820366 2 3 17771 -9 -9 0.28169998526573181 0.0010000000474974513 36.336865000000003 -5.3218779999999999 1.1130000352859497 0.60900002717971802 -2.8701460361480713 11.026000022888184 0.0099999997764825821 -9999 -9999 0.7720000147819519 0.037000000476837158 -10.253000259399414 0.062201287597417831 1.5360000133514404 -999 22.469999313354492 20.899999618530273 20.129999160766602 19.829999923706055 0 0 0 0 18.530000686645508 64.550003051757812 123.66999816894531 168.02999877929688 24.330310821533203 22.975259780883789 22.269338607788086 21.936532974243164 56559.234375 130.79827880859375 97.758255004882812 79.118125915527344 330.8011474609375 gri 0 56555.17578125 0.16185259819030762 1.1590691804885864 0.17954103648662567 0.0090558668598532677 0.017640773206949234 21.1795654296875 0.022588165476918221 6.0558348195627332e-05 1.2598843568412121e-06 0.000745662662666291 -1.4846541773749777e-07 -1.4449921259540588e-08 26 14.921245574951172 0.95875740051269531 0.38753381371498108
SN: 1253101 10 1 E1 3 0 7.4651170000000002 -43.137768000000001 0.45440000295639038 0.0010000000474974513 0.45332100987434387 0.0010000000474974513 0.45332098007202148 0.0017649251967668533 0 300 0 0 0.0058441837318241596 1 1 7962 -9 -9 0.45440000295639038 0.0010000000474974513 7.4651579999999997 -43.137731000000002 0.17100000381469727 0.42100000381469727 -9 8.6120004653930664 0.074000000953674316 -9999 -9999 0.15399999916553497 2.7019999027252197 -8.4589996337890625 2.7145764827728271 0.50199997425079346 -999 25.639999389648438 24.579999923706055 24.469999313354492 24.149999618530273 0.079999998211860657 0.039999999105930328 0.05000000074505806 0.05000000074505806 0.88999998569488525 2.7300000190734863 3.5399999618530273 3.9000000953674316 27.5 26.40959358215332 26.127490997314453 26.0223388671875 56575.03125 34.466930389404297 24.772148132324219 16.322362899780273 62.851593017578125 riz 0 56577.80859375 0.51824104785919189 1.5947110652923584 0.41555702686309814 0.023893831297755241 0.043176047503948212 22.455615997314453 0.047853514552116394 1.8696200640988536e-05 8.2402971202100161e-07 0.0038693600799888372 -1.9630489589417266e-07 -2.6116591556046842e-08 32 45.82989501953125 0.053804472088813782 0.53750401735305786
SN: 1258090 10 0 S2 3 0 41.002482999999998 -0.26217699999999999 0.36757001280784607 0.0010000000474974513 0.36656001210212708 0.0010000000474974513 0.36655998229980469 0.0016941011417657137 0 300 0 0 0.026345996186137199 1 1 12530 -9 -9 0.36759999394416809 0.0010000000474974513 41.002496999999998 -0.262216 0.14800000190734863 0.17599999904632568 -9 10.140000343322754 0.029999999329447746 -9999 -9999 -2.3829998970031738 1.7519999742507935 -12.465999603271484 1.7530966997146606 1.3370000123977661 -999 23.309999465942383 21.680000305175781 21.190000534057617 20.950000762939453 0.0099999997764825821 0 0 0 11.829999923706055 49.380001068115234 79.019996643066406 100.58000183105469 24.817539215087891 23.266122817993164 22.755657196044922 22.493721008300781 56616.0625 26.579196929931641 18.782440185546875 17.413782119750977 58.764213562011719 griz 0 56613.9296875 0.33077597618103027 -1.4023376703262329 0.31278491020202637 -0.11157782375812531 0.029335249215364456 21.950546264648438 0.04182019829750061 2.9770186301902868e-05 1.1466828482298297e-06 0.0026554390788078308 -2.4062799752755382e-07 -1.8258656808711748e-08 45 36.746273040771484 0.80462706089019775 0.59735637903213501
SN: 1265426 10 0 C2 3 0 54.577404000000001 -28.502773000000001 0.42080000042915344 0.0010000000474974513 0.42029199004173279 0.0010000000474974513 0.42029201984405518 0.0017377921612933278 0 300 0 0 0.010750825516879559 2 2 3276 -9 -9 0.42080000042915344 0.0010000000474974513 54.577587999999999 -28.502853999999999 0.65100002288818359 0.81400001049041748 -2.3008036613464355 9.4090003967285156 0.019999999552965164 -9999 -9999 1.003000020980835 0.20999999344348907 -8.3979997634887695 0.21541588008403778 0.29600000381469727 -999 23.520000457763672 22.510000228881836 22.270000457763672 22.079999923706055 0.0099999997764825821 0.0099999997764825821 0.0099999997764825821 0.0099999997764825821 9.630000114440918 23.840000152587891 30.370000839233398 36.849998474121094 25.040933609008789 24.056734085083008 23.793888092041016 23.583906173706055 56681.12109375 26.322072982788086 18.798221588134766 9.7919931411743164 52.279880523681641 riz 0 56678.515625 0.53255337476730347 -0.36978098750114441 0.52232003211975098 -0.079952679574489594 0.048754945397377014 22.485366821289062 0.053756110370159149 1.8190856280853041e-05 9.0065128688365803e-07 0.0078665455803275108 -2.8328403800514934e-07 -3.5160660161182022e-08 17 12.646740913391113 0.75949454307556152 0.29363259673118591
SN: 1260427 10 0 X3 3 0 36.541428000000003 -5.1249580000000003 0.81894999742507935 0.0010000000474974513 0.8175010085105896 0.0010000000474974513 0.81750106811523438 0.0020755045115947723 0 300 0 0 0.026014061644673347 1 3 19962 -9 -9 0.81889998912811279 0.0010000000474974513 36.541462000000003 -5.1248870000000002 0.28299999237060547 0.37200000882148743 -3.6549365520477295 10.74899959564209 0.072999998927116394 -9999 -9999 0.068000003695487976 1.3899999856948853 -10.732999801635742 1.408900260925293 1.5249999761581421 -999 26.040000915527344 24.170000076293945 22.950000762939453 22.329999923706055 0.059999998658895493 0.0099999997764825821 0.0099999997764825821 0.0099999997764825821 0.80000001192092896 4.5799999237060547 14.880000114440918 25.360000610351562 27.5 25.847835540771484 24.568492889404297 23.989627838134766 56627.12109375 19.405757904052734 11.970247268676758 11.409475326538086 35.063468933105469 riz 0 56621.94140625 0.82209908962249756 -0.13618609309196472 0.56382417678833008 0.10336761176586151 0.063182421028614044 24.174037933349609 0.057068098336458206 3.8404773476941045e-06 2.0186186588944111e-07 0.010475348681211472 -8.1969069753995427e-08 -4.6153605381960006e-09 29 35.157333374023438 0.19941985607147217 0.34753623604774475
