# VERSION_PHOTOMETRY:  DES-SN5YR_DES 
# SNANA_VERSION: 886408a4-output17g 
# PROGRAM:       snlc_fit.exe 
# TABLE_NAME:    FITRES 
# 
VARNAMES:  CID IDSURVEY TYPE FIELD CUTFLAG_SNANA ERRFLAG_FIT RA DEC zHEL zHELERR zCMB zCMBERR zHD zHDERR VPEC VPECERR LENSDMU LENSDMUERR MWEBV HOST_NMATCH HOST_NMATCH2 HOST_OBJID HOST_ZPHOT HOST_ZPHOTERR HOST_ZSPEC HOST_ZSPECERR HOST_RA HOST_DEC HOST_ANGSEP HOST_DDLR HOST_CONFUSION HOST_LOGMASS HOST_LOGMASS_ERR HOST_LOGMASS_ZPHOT HOST_LOGMASS_ZPHOTERR HOST_LOGSFR HOST_LOGSFR_ERR HOST_LOGsSFR HOST_LOGsSFR_ERR HOST_COLOR HOST_COLOR_ERR HOST_MAG_g HOST_MAG_r HOST_MAG_i HOST_MAG_z HOST_MAGERR_g HOST_MAGERR_r HOST_MAGERR_i HOST_MAGERR_z HOST_SBFLUXCAL_g HOST_SBFLUXCAL_r HOST_SBFLUXCAL_i HOST_SBFLUXCAL_z HOST_SBMAG_g HOST_SBMAG_r HOST_SBMAG_i HOST_SBMAG_z PKMJDINI SNRMAX1 SNRMAX2 SNRMAX3 SNRSUM BANDLIST OPT_PHOTOZ PKMJD PKMJDERR x1 x1ERR c cERR mB mBERR x0 x0ERR COV_x1_c COV_x1_x0 COV_c_x0 NDOF FITCHI2 FITPROB RADIUS_POP 
#
SN: 1443078 10 0 S2 3 0 40.987976000000003 -1.3774960000000001 0.61215001344680786 0.0010000000474974513 0.61096400022506714 0.0010000000474974513 0.61096405982971191 0.0018970157252624631 0 300 0 0 0.027656609192490578 2 2 101988 -9 -9 0.61220002174377441 0.0010000000474974513 40.987502999999997 -1.377993 2.4690001010894775 3.2609999179840088 1.8234806060791016 10.564000129699707 0.05000000074505806 -9999 -9999 0.75999999046325684 7.375 -9.8610000610351562 7.3765869140625 1.2309999465942383 -999 23.879999160766602 22.200000762939453 21.409999847412109 20.979999542236328 0.019999999552965164 0.0099999997764825821 0 0 -0.54000002145767212 0.5899999737739563 0.81999999284744263 2.7000000476837158 27.5 27.5 27.5 26.421590805053711 57670.125 8.5680217742919922 6.5516753196716309 6.436011791229248 22.707511901855469 riz 0 57667.91796875 0.96287882328033447 0.3995402455329895 0.8724982738494873 0.037801057100296021 0.085167184472084045 23.62385368347168 0.0921897292137146 6.3746801970410161e-06 5.4127332305142772e-07 0.010976013727486134 -3.3063108162423305e-07 -2.1268339978064432e-08 42 27.129920959472656 0.9634060263633728 0.18334072828292847
SN: 1536028 10 1 E1+E2 3 0 8.968451 -43.358021000000001 0.45221000909805298 0.0010000000474974513 0.45114898681640625 0.0010000000474974513 0.45114898681640625 0.0017631347291171551 0 300 0 0 0.0058758659288287163 1 2 105630 -9 -9 0.45219999551773071 0.0010000000474974513 8.9689060000000005 -43.358020000000003 1.190000057220459 1.2640000581741333 -2.3960103988647461 10.772000312805176 0.048999998718500137 -9999 -9999 0.68699997663497925 0.95800000429153442 -10.065999984741211 0.95957750082015991 1.468999981880188 -999 23.270000457763672 21.549999237060547 20.850000381469727 20.389999389648438 0.0099999997764825821 0 0 0 9.6999998092651367 51.479999542236328 93.80999755859375 145.1199951171875 25.033071517944336 23.220903396606445 22.569377899169922 22.095682144165039 57708.0546875 14.316794395446777 10.089744567871094 7.9907650947570801 53.870559692382812 riz 0 57706.96484375 0.43428993225097656 -0.59161156415939331 0.37317425012588501 0.044386163353919983 0.038842678070068359 22.821413040161133 0.04629998654127121 1.3348570973903406e-05 5.6923465763247805e-07 0.0034207128919661045 -1.2788153469500685e-07 -1.6662562885016996e-08 76 104.50882720947266 0.016742629930377007 0.24653542041778564
SN: 1650024 10 1 X1 3 0 34.649417999999997 -5.0659419999999997 0.31101998686790466 0.0010000000474974513 0.30993598699569702 0.0010000000474974513 0.3099360466003418 0.0016487033572047949 0 300 0 0 0.018027100712060928 1 1 113211 -9 -9 0.31099998950958252 0.0010000000474974513 34.649562000000003 -5.0658380000000003 0.63599997758865356 0.68800002336502075 -9 10.057000160217285 0.0099999997764825821 -9999 -9999 0.46000000834465027 0.125 -9.5950002670288086 0.12954150140285492 1.1160000562667847 -999 22.729999542236328 21.700000762939453 21.149999618530273 20.739999771118164 0.0099999997764825821 0 0 0 16.719999313354492 45.470001220703125 70.25 107 24.441909790039062 23.355688095092773 22.883384704589844 22.426540374755859 57756.0546875 23.5880126953125 22.325555801391602 18.519744873046875 74.048881530761719 griz 0 57755.50390625 0.30365651845932007 -0.40888887643814087 0.3015093207359314 0.031895916908979416 0.025550607591867447 21.907964706420898 0.032778039574623108 3.096093496424146e-05 9.3470100637205178e-07 0.0032090297900140285 -1.7162906829071289e-07 -1.7178663824779505e-08 24 26.836549758911133 0.31212955713272095 0.17285995185375214
SN: 1702112 10 0 C3 3 0 53.606586999999998 -28.116586999999999 0.47602999210357666 0.0010000000474974513 0.47547399997711182 0.0010000000474974513 0.47547399997711182 0.0017832355806604028 0 300 0 0 0.0069295661523938179 1 3 117278 -9 -9 0.47600001096725464 0.0010000000474974513 53.606965000000002 -28.116306999999999 1.5690000057220459 1.7920000553131104 -1.89543616771698 8.939000129699707 0.014999999664723873 -9999 -9999 0.85900002717971802 0.039999999105930328 -8.0459995269775391 0.068818598985671997 -0.27599999308586121 -999 23.260000228881836 22.690000534057617 22.459999084472656 22.329999923706055 0 0 0 0.0099999997764825821 6.369999885559082 9.0200004577636719 13.550000190734863 13.989999771118164 25.489650726318359 25.111984252929688 24.670150756835938 24.635456085205078 57789.0703125 45.295886993408203 38.519744873046875 25.452341079711914 107.23737335205078 riz 0 57788.67578125 0.41888594627380371 -0.22979444265365601 0.48654332756996155 -0.095378927886486053 0.036573097109794617 22.391263961791992 0.038541611284017563 1.9837825675494969e-05 7.0420583142549731e-07 0.0054698614403605461 -2.0023003344249446e-07 -1.8809073409897792e-08 10 11.418759346008301 0.32583636045455933 0.32702690362930298
SN: 1645208 10 0 C3 3 0 52.949165000000001 -29.020192999999999 0.69581001996994019 0.0010000000474974513 0.69516199827194214 0.0010000000474974513 0.69516205787658691 0.0019691139459609985 0 300 0 0 0.0087529262527823448 1 2 111227 -9 -9 0.69580000638961792 0.0010000000474974513 52.949446000000002 -29.020848000000001 2.5190000534057617 2.6150000095367432 -1.3281012773513794 9.1020002365112305 0.0030000000260770321 -9999 -9999 1.5499999523162842 0 -7.3990001678466797 0 -0.32499998807907104 -999 23.219999313354492 21.510000228881836 20.450000762939453 20.040000915527344 0 0 0 0 0.76999998092651367 3.9200000762939453 10.800000190734863 18.090000152587891 27.5 26.01678466796875 24.916440963745117 24.356403350830078 57757.11328125 38.638980865478516 26.799093246459961 15.729103088378906 88.016380310058594 riz 0 57757.15234375 0.38420051336288452 0.77458864450454712 0.35278275609016418 -0.092443227767944336 0.030999962240457535 23.513671875 0.027777587994933128 7.0555561251239851e-06 1.8051008510155953e-07 0.0024909095373004675 -4.5966370265659862e-08 -1.4346401844278489e-09 23 21.494951248168945 0.55088901519775391 0.40201747417449951
SN: 1470063 10 0 C1 3 0 54.089008 -26.589735000000001 0.53605002164840698 0.0010000000474974513 0.53546899557113647 0.0010000000474974513 0.53546905517578125 0.0018332517938688397 0 300 0 0 0.010033276863396168 2 3 -23872 -9 -9 0.53609997034072876 0.0010000000474974513 54.089055000000002 -26.589749000000001 0.15800000727176666 0.18700000643730164 -4.2790570259094238 10.430000305175781 0.046999998390674591 -9999 -9999 0.17900000512599945 5.6599998474121094 -10.211000442504883 5.6603507995605469 1.2699999809265137 -999 23.850000381469727 22.180000305175781 21.469999313354492 21.079999923706055 0.0099999997764825821 0 0 0 5.75 30 60.830001831054688 86.230003356933594 25.600830078125 23.807197570800781 23.039705276489258 22.660854339599609 57667.16796875 14.447177886962891 6.9746208190917969 -99 27.926128387451172 ri 0 57676.2109375 0.69117975234985352 0.25729835033416748 0.746315598487854 -0.11515426635742188 0.10495655238628387 23.069482803344727 0.076220408082008362 1.0622020454320591e-05 7.4568276886566309e-07 0.0071934405714273453 -4.3612584477159544e-07 -2.4278817178924328e-08 31 33.655494689941406 0.34006628394126892 0.39331254363059998
SN: 1435067 10 1 E2 3 0 8.6320779999999999 -44.575522999999997 0.39234998822212219 0.0010000000474974513 0.39135700464248657 0.0010000000474974513 0.3913569450378418 0.0017141931457445025 0 300 0 0 0.0077307266183197498 1 1 -19890 -9 -9 0.39230000972747803 0.0010000000474974513 8.6321759999999994 -44.575690000000002 0.64999997615814209 0.65700000524520874 -9 10.699000358581543 0.017000000923871994 -9999 -9999 0.49000000953674316 0.55400002002716064 -10.23799991607666 0.55780011415481567 1.5670000314712524 -999 23.040000915527344 21.270000457763672 20.629999160766602 20.280000686645508 0.0099999997764825821 0 0 0 12.609999656677246 69.199996948242188 128.17999267578125 170.17999267578125 24.748212814331055 22.899734497070312 22.230449676513672 21.9227294921875 57662.2421875 27.0499267578125 17.182258605957031 14.182126045227051 60.466934204101562 riz 0 57660.609375 0.41332727670669556 -1.4539639949798584 0.37861526012420654 0.024213187396526337 0.039301156997680664 22.39171028137207 0.038115426898002625 1.9829698430839926e-05 6.9613355435649282e-07 0.0019329219358041883 -9.0039534939023724e-08 -2.1351164392058308e-08 53 54.215744018554688 0.42783835530281067 0.49132916331291199
SN: 1504139 10 0 C3 3 0 51.805798000000003 -27.488938999999998 0.5570799708366394 0.0010000000474974513 0.55643898248672485 0.0010000000474974513 0.55643892288208008 0.0018508742796257138 0 300 0 0 0.0084738954901695251 1 1 -24136 -9 -9 0.55709999799728394 0.0010000000474974513 51.806027 -27.488159 2.9030001163482666 2.5320000648498535 -9 10.866999626159668 0.014999999664723873 -9999 -9999 0.7929999828338623 0.023000000044703484 -10.078000068664551 0.080361679196357727 0.81400001049041748 -999 23.479999542236328 22.120000839233398 21.430000305175781 20.979999542236328 0.0099999997764825821 0 0 0 2.4500000476837158 7.7300000190734863 10.810000419616699 14.659999847412109 26.527084350585938 25.279550552368164 24.915435791015625 24.584665298461914 57694.125 53.640129089355469 39.517471313476562 33.962059020996094 136.62742614746094 riz 0 57696.12109375 0.26767489314079285 0.7398717999458313 0.19653069972991943 -0.088001102209091187 0.023611491546034813 22.737676620483398 0.024689637124538422 1.4418797036341857e-05 3.2788338444333931e-07 0.00086950254626572132 -3.9902612769537882e-08 -4.9329020868071893e-09 41 31.491237640380859 0.85749852657318115 0.38323616981506348
SN: 1643292 10 0 E1 3 0 7.9529120000000004 -43.732669999999999 0.49292001128196716 0.0010000000474974513 0.49182999134063721 0.0010000000474974513 0.49182999134063721 0.0017968103056773543 0 300 0 0 0.0063672978430986404 1 2 112648 -9 -9 0.49290001392364502 0.0010000000474974513 7.9531910000000003 -43.732641000000001 0.73299998044967651 0.7369999885559082 -3.3656563758850098 10.145999908447266 0.018999999389052391 -9999 -9999 0.36599999666213989 0.33799999952316284 -9.758000373840332 0.34047761559486389 0.82700002193450928 -999 23.629999160766602 22.399999618530273 21.950000762939453 21.559999465942383 0.0099999997764825821 0.0099999997764825821 0.0099999997764825821 0.0099999997764825821 7.9899997711181641 24.809999465942383 38.400001525878906 50.060001373291016 25.243633270263672 24.013433456420898 23.53917121887207 23.251272201538086 57759.06640625 12.081665992736816 11.467333793640137 9.3293790817260742 35.311443328857422 riz 0 57760.8671875 0.83248472213745117 1.7852263450622559 0.90121901035308838 0.048192877322435379 0.060470834374427795 22.868484497070312 0.070796214044094086 1.2782220437657088e-05 8.334739050042117e-07 0.0095897391438484192 -4.4054121417502756e-07 -3.2818430639736107e-08 14 9.0603103637695312 0.827167809009552 0.61637723445892334
SN: 1660018 10 0 X2 3 0 36.209899999999998 -5.8643619999999999 0.43549999594688416 0.0010000000474974513 0.43435299396514893 0.0010000000474974513 0.43435299396514893 0.0017493183258920908 0 300 0 0 0.022487521171569824 1 2 115613 -9 -9 0.43549999594688416 0.0010000000474974513 36.210515000000001 -5.8646269999999996 2.3989999294281006 1.715999960899353 -1.4881517887115479 9.8789997100830078 0.016000000759959221 -9999 -9999 1.5140000581741333 0.36500000953674316 -8.3470001220703125 0.36788719892501831 0.34599998593330383 -999 23.219999313354492 22.190000534057617 21.879999160766602 21.620000839233398 0.0099999997764825821 0.0099999997764825821 0 0 5.7600002288818359 12.859999656677246 13.210000038146973 15.859999656677246 25.598943710327148 24.726898193359375 24.697742462158203 24.499242782592773 57763.08203125 21.420557022094727 15.991111755371094 11.9771728515625 51.918922424316406 riz 0 57766.65234375 0.83530235290527344 1.6708731651306152 0.93124747276306152 0.050498731434345245 0.052369672805070877 22.256290435791016 0.067493423819541931 2.2463842469733208e-05 1.3964364597995882e-06 0.021421991288661957 -9.7974361779051833e-07 -6.0001433155321138e-08 14 6.0665316581726074 0.9647865891456604 0.58183896541595459
SN: 1625037 10 0 S1 3 0 43.182113999999999 0.79191199999999995 0.31956198811531067 1.9999999494757503e-05 0.31863400340080261 1.9999999494757503e-05 0.318634033203125 0.0013196652289479971 0 300 0 0 0.070580571889877319 1 1 -23339 -9 -9 0 0 43.181167000000002 0.79225900000000005 3.6310000419616699 2.1549999713897705 -9 10.755000114440918 0.016000000759959221 -9999 -9999 1.1499999761581421 0.25499999523162842 -9.5670003890991211 0.25767034292221069 1.0850000381469727 -999 21.819999694824219 20.579999923706055 20.090000152587891 19.690000534057617 0 0 0 0 1.7200000286102295 4.4600000381469727 8.9499998092651367 10.649999618530273 26.911178588867188 25.876663208007812 25.120441436767578 24.931625366210938 57746.0625 48.718204498291016 42.845375061035156 36.152698516845703 109.47708892822266 griz 0 57740.55859375 0.33284303545951843 -0.0045434986241161823 0.24655219912528992 0.011348576284945011 0.021025901660323143 21.769660949707031 0.028518209233880043 3.5167053283657879e-05 9.2370635229599429e-07 0.001494490192271769 -1.1909340003057878e-07 -1.3101191242981258e-08 31 32.651737213134766 0.38568481802940369 0.037858892232179642
SN: 1673097 10 0 S1 3 0 43.250979999999998 0.50875300000000001 0.59962999820709229 0.0010000000474974513 0.59850800037384033 0.0010000000474974513 0.59850800037384033 0.0018864353187382221 0 300 0 0 0.076231531798839569 1 1 116133 -9 -9 0.59960001707077026 0.0010000000474974513 43.251069999999999 0.50875499999999996 0.32400000095367432 0.31099998950958252 -9 10.923999786376953 0.020999999716877937 -9999 -9999 -0.05000000074505806 4.494999885559082 -10.942999839782715 4.4951605796813965 1.3769999742507935 -999 23.610000610351562 21.790000915527344 20.870000839233398 20.430000305175781 0.0099999997764825821 0 0 0 8.0200004577636719 43.639999389648438 101.62000274658203 160.08999633789062 25.23956298828125 23.400287628173828 22.482551574707031 21.989089965820312 57770.0703125 10.10205078125 8.2809476852416992 5.0881304740905762 18.511676788330078 riz 0 57763.19921875 1.000103235244751 -2.4329943656921387 0.78292548656463623 -0.21311044692993164 0.12139149755239487 23.193492889404297 0.096767403185367584 9.4755150712444447e-06 8.4451545490082935e-07 0.023657510057091713 -4.2627863194866222e-07 -4.1499127689803572e-08 14 12.652275085449219 0.55406785011291504 1.078119158744812
SN: 1549078 10 0 C2 3 0 53.956108 -29.754836999999998 0.60615998506546021 0.0010000000474974513 0.60558199882507324 0.0010000000474974513 0.60558199882507324 0.0018924414180219173 0 300 0 0 0.010200191289186478 1 1 106080 -9 -9 0.60619997978210449 0.0010000000474974513 53.956186000000002 -29.754857000000001 0.25299999117851257 0.3529999852180481 -9 9.3389997482299805 0.017000000923871994 -9999 -9999 1.1809999942779541 0 -8.1350002288818359 0.02500000037252903 -0.030999999493360519 -999 23.420000076293945 22.870000839233398 22.530000686645508 22.219999313354492 0.0099999997764825821 0.0099999997764825821 0.0099999997764825821 0.0099999997764825821 8.3999996185302734 17.950000762939453 26.649999618530273 27.920000076293945 25.189302444458008 24.364839553833008 23.935756683349609 23.885211944580078 57720.0546875 9.4434309005737305 8.8182811737060547 6.4160833358764648 25.864458084106445 riz 0 57717.42578125 1.0689141750335693 1.3060740232467651 0.78990054130554199 0.17704512178897858 0.077599301934242249 23.551605224609375 0.063773646950721741 6.8133062995912042e-06 4.0019796188062173e-07 0.0030297944322228432 -1.8747140018149366e-07 -1.3267411169692878e-08 21 20.448772430419922 0.49301639199256897 0.73335802555084229
SN: 1430136 10 0 S1 3 0 41.931823999999999 0.34282400000000002 0.41337001323699951 0.0010000000474974513 0.41234698891639709 0.0010000000474974513 0.41234695911407471 0.001731296069920063 0 300 0 0 0.037325259298086166 1 2 100619 -9 -9 0.41339999437332153 0.0010000000474974513 41.931922999999998 0.342752 0.43999999761581421 0.43799999356269836 -4.3257598876953125 9.9420003890991211 0.014000000432133675 -9999 -9999 1.2890000343322754 0.020999999716877937 -8.616999626159668 0.037443291395902634 0.3919999897480011 -999 22.299999237060547 21.389999389648438 21.139999389648438 20.819999694824219 0 0 0 0 28.829999923706055 66.819999694824219 84.139999389648438 113.56999969482422 23.850387573242188 22.937732696533203 22.687494277954102 22.361841201782227 57660.20703125 18.563920974731445 15.077616691589355 11.760976791381836 48.000850677490234 riz 0 57658.734375 0.68429207801818848 0.36774244904518127 0.46591183543205261 -0.010143103078007698 0.04679252952337265 22.409582138061523 0.053738966584205627 1.9505951058818027e-05 9.6545522865199018e-07 0.0015526636270806193 -1.6978002292944439e-07 -3.4414757266176821e-08 49 40.446193695068359 0.80282098054885864 0.12715815007686615
SN: 1432017 10 0 C1 3 0 55.070762999999999 -27.628599000000001 0.34626999497413635 0.0010000000474974513 0.34579300880432129 0.0010000000474974513 0.34579300880432129 0.0016773717943578959 0 300 0 0 0.012015254236757755 2 2 -23753 -9 -9 0.34630000591278076 0.0010000000474974513 55.070841999999999 -27.628639 0.28999999165534973 0.37700000405311584 -3.5659008026123047 10.701000213623047 0.052000001072883606 -9999 -9999 -5.9670000076293945 4.0329999923706055 -16.684999465942383 4.0463972091674805 1.5809999704360962 -999 22.780000686645508 21.059999465942383 20.459999084472656 20.129999160766602 0.0099999997764825821 0 0 0 16.190000534057617 83.819999694824219 149.33000183105469 199.82000732421875 24.476882934570312 22.691631317138672 22.064632415771484 21.748401641845703 57660.27734375 21.434165954589844 14.041927337646484 12.435394287109375 44.778903961181641 griz 0 57659.73046875 0.55669939517974854 -2.4021735191345215 0.4285053014755249 0.21468658745288849 0.037044227123260498 22.859270095825195 0.044343750923871994 1.2891150618088432e-05 5.2650170800916385e-07 0.004616711288690567 -9.1437300397956278e-08 -1.5070543923911828e-08 66 50.819683074951172 0.91613644361495972 1.0739061832427979
SN: 1368530 10 0 X1 3 0 34.284973000000001 -5.2755429999999999 0.34336000680923462 0.0010000000474974513 0.34224298596382141 0.0010000000474974513 0.34224295616149902 0.0016745210159569979 0 300 0 0 0.018688974902033806 1 1 47917 -9 -9 0.34340000152587891 0.0010000000474974513 34.285057999999999 -5.2756480000000003 0.48600000143051147 0.67500001192092896 -9 9.939000129699707 0.014000000432133675 -9999 -9999 0.42800000309944153 0.24699999392032623 -9.5069999694824219 0.24990598857402802 1.0399999618530273 -999 23.040000915527344 21.959999084472656 21.459999084472656 21.090000152587891 0.0099999997764825821 0 0 0 11.859999656677246 38.130001068115234 60.200000762939453 78.580001831054688 24.814788818359375 23.546833038330078 23.051008224487305 22.76171875 57633.34765625 22.07002067565918 19.968475341796875 18.147342681884766 74.005821228027344 griz 0 57633.73046875 0.33375287055969238 -0.36588117480278015 0.33194887638092041 0.031267512589693069 0.0224948450922966 22.267417907714844 0.028306646272540092 2.2234760763240047e-05 5.7969100453192368e-07 0.0022104636300355196 -1.0700424013521115e-07 -7.8400947955969968e-09 59 93.505516052246094 0.0028238410595804453 0.16042816638946533
SN: 1569050 10 1 S2 3 0 40.875850999999997 -1.9231579999999999 0.33085998892784119 0.0010000000474974513 0.32988101243972778 0.0010000000474974513 0.32988095283508301 0.001664615236222744 0 300 0 0 0.023732598870992661 1 1 107315 -9 -9 0.33090001344680786 0.0010000000474974513 40.875886999999999 -1.923079 0.31099998950958252 0.46200001239776611 -9 8.9300003051757812 0.026000000536441803 -9999 -9999 0.62099999189376831 0.37299999594688416 -8.3039999008178711 0.37795501947402954 0.10300000011920929 -999 23.100000381469727 22.409999847412109 22.340000152587891 22.100000381469727 0.0099999997764825821 0.0099999997764825821 0.0099999997764825821 0.0099999997764825821 13.239999771118164 24.049999237060547 27.040000915527344 33.740001678466797 24.695280075073242 24.047212600708008 23.91998291015625 23.679637908935547 57718.18359375 33.779369354248047 21.854442596435547 21.841297149658203 80.08245849609375 griz 0 57720.5234375 0.39433318376541138 0.36388680338859558 0.27100610733032227 0.10160330682992935 0.021412171423435211 22.042196273803711 0.026682665571570396 2.7360325475456193e-05 6.723976184730418e-07 0.0012944514164701104 -8.6841346558230725e-08 -9.6173362607032686e-09 44 58.8092041015625 0.066914588212966919 0.35974320769309998
SN: 1536026 10 0 E1 3 0 8.8253039999999991 -42.616321999999997 0.44236001372337341 0.0010000000474974513 0.44128900766372681 0.0010000000474974513 0.44128894805908203 0.0017550175543874502 0 300 0 0 0.0068321819417178631 1 1 105624 -9 -9 0.4424000084400177 0.0010000000474974513 8.8256409999999992 -42.616149999999998 1.0870000123977661 1.0900000333786011 -9 9.7290000915527344 0.014999999664723873 -9999 -9999 1.3020000457763672 0.36000001430511475 -8.4200000762939453 0.36116617918014526 0.28700000047683716 -999 23.129999160766602 22.200000762939453 21.969999313354492 21.700000762939453 0.0099999997764825821 0.0099999997764825821 0.0099999997764825821 0.0099999997764825821 10.880000114440918 27.030000686645508 36 44.240001678466797 24.908428192138672 23.920385360717773 23.609243392944336 23.385461807250977 57701.02734375 13.852608680725098 10.907248497009277 7.9622077941894531 38.42645263671875 riz 0 57700.7578125 0.61538565158843994 0.53518819808959961 0.52359116077423096 0.12868267297744751 0.054887786507606506 23.053251266479492 0.067720077931880951 1.0782005119835958e-05 6.7250061874801759e-07 0.0064917318522930145 -2.0323410865330516e-07 -2.862183379193084e-08 42 50.024326324462891 0.18486158549785614 0.46456062793731689
SN: 1408068 10 0 X3 3 0 36.392426 -4.3713839999999999 0.42827999591827393 0.0010000000474974513 0.42713499069213867 0.0010000000474974513 0.42713499069213867 0.0017433968605473638 0 300 0 0 0.021927166730165482 1 2 -22730 -9 -9 0.42829999327659607 0.0010000000474974513 36.392204999999997 -4.3714089999999999 0.79799997806549072 0.4830000102519989 -4.0932102203369141 10.937999725341797 0.0070000002160668373 -9999 -9999 1.156999945640564 0.035999998450279236 -9.7589998245239258 0.045000001788139343 1.2430000305175781 -999 22.909999847412109 21.309999465942383 20.579999923706055 20.260000228881836 0 0 0 0 14.319999694824219 65.910003662109375 116.26999664306641 165.21000671386719 24.610141754150391 22.952621459960938 22.336330413818359 21.95490837097168 57655.19921875 28.385707855224609 26.462577819824219 -99 67.441421508789062 ri 0 57651.9921875 0.38767144083976746 0.13098087906837463 0.38517105579376221 0.17766158282756805 0.047881599515676498 22.95960807800293 0.043671451508998871 1.1753207218134776e-05 4.7274801318053505e-07 0.0024243188090622425 -9.889767227377888e-08 -1.6997832474885399e-08 24 14.972441673278809 0.92156249284744263 0.59381246566772461
SN: 1538019 10 1 S2 3 0 41.773533 -1.7360249999999999 0.29161998629570007 0.0010000000474974513 0.29068899154663086 0.0010000000474974513 0.29068899154663086 0.0016334323445335031 0 300 0 0 0.039418112486600876 1 3 105772 -9 -9 0.29159998893737793 0.0010000000474974513 41.774799999999999 -1.7345520000000001 6.9939999580383301 3.2200000286102295 -0.43608495593070984 11.076000213623047 0.057000000029802322 -9999 -9999 0.88700002431869507 5.8029999732971191 -10.178999900817871 5.8040614128112793 1.4440000057220459 -999 21.569999694824219 20.100000381469727 19.579999923706055 19.170000076293945 0 0 0 0 0.029999999329447746 1.4600000381469727 1.6799999475479126 3.2200000286102295 27.5 27.089117050170898 26.936727523803711 26.23036003112793 57709.16015625 57.734241485595703 42.407871246337891 37.786018371582031 138.88027954101562 griz 0 57711.203125 0.22507217526435852 0.5169638991355896 0.19365793466567993 -0.068945318460464478 0.017288032919168472 21.264614105224609 0.022952692583203316 5.5995682487264276e-05 1.1837605597975198e-06 0.00072179309790953994 -1.230304320642972e-07 -1.3366784124002606e-08 41 30.41632080078125 0.88733041286468506 0.2872469425201416
SN: 1574104 10 0 S2 3 0 40.412303999999999 -0.68620700000000001 0.27399000525474548 0.0010000000474974513 0.27303799986839294 0.0010000000474974513 0.27303802967071533 0.0016195026692003012 0 300 0 0 0.026701916009187698 1 1 108365 -9 -9 0.27399998903274536 0.0010000000474974513 40.412332999999997 -0.68613000000000002 0.29699999094009399 0.34400001168251038 -9 10.638999938964844 0.039000000804662704 -9999 -9999 0.38199999928474426 10.381999969482422 -10.211000442504883 10.382173538208008 1.3799999952316284 -999 21.200000762939453 19.819999694824219 19.409999847412109 19.100000381469727 0 0 0 0 84.569999694824219 298.80999755859375 435.22000122070312 577.77001953125 22.68195915222168 21.311511993408203 20.903228759765625 20.595611572265625 57730.10546875 32.794265747070312 20.998264312744141 19.344549179077148 77.835891723632812 griz 0 57731.29296875 0.24679288268089294 -0.14940991997718811 0.25906345248222351 -0.047037068754434586 0.027785636484622955 21.238283157348633 0.039299905300140381 5.7370223657926545e-05 2.0766042325703893e-06 0.0030094385147094727 -3.7698106325478875e-07 -4.4039470736834119e-08 36 26.753890991210938 0.86854708194732666 0.16451001167297363
SN: 1534078 10 0 X3 3 0 35.533847999999999 -4.3635190000000001 0.6135600209236145 0.0010000000474974513 0.61224400997161865 0.0010000000474974513 0.61224400997161865 0.0018981043249368668 0 300 0 0 0.021019721403717995 1 2 -23297 -9 -9 0.61360001564025879 0.0010000000474974513 35.533932999999998 -4.3633870000000003 0.56400001049041748 0.6589999794960022 -3.3218705654144287 9.7620000839233398 0.012000000104308128 -9999 -9999 0.210999995470047 0.028000000864267349 -9.5369997024536133 0.075392305850982666 0.44200000166893005 -999 24.200000762939453 23.180000305175781 22.670000076293945 22.430000305175781 0.0099999997764825821 0.0099999997764825821 0.0099999997764825821 0.0099999997764825821 4.7800002098083496 12.390000343322754 19.860000610351562 23.040000915527344 25.801429748535156 24.767322540283203 24.25505256652832 24.093793869018555 57701.1015625 21.398971557617188 19.608602523803711 14.794930458068848 60.165084838867188 riz 0 57700.40234375 0.48134869337081909 -0.25976794958114624 0.32287758588790894 0.012684985063970089 0.037158548831939697 23.426759719848633 0.034494474530220032 7.6435635492089204e-06 2.4284048549816362e-07 0.0023004580289125443 -4.9679641733746394e-08 -4.6217700777617665e-09 34 24.623788833618164 0.88089615106582642 0.096361741423606873
SN: 1380167 10 0 C3 3 0 52.879147000000003 -28.70973 0.75398999452590942 0.0010000000474974513 0.75331401824951172 0.0010000000474974513 0.75331401824951172 0.0020194586832076311 0 300 0 0 0.0089125568047165871 1 2 48011 -9 -9 0.75400000810623169 0.0010000000474974513 52.879337 -28.709395000000001 1.3480000495910645 1.468000054359436 -2.5103158950805664 9.8610000610351562 0.1080000028014183 -9999 -9999 1.5989999771118164 0.37000000476837158 -8.1979999542236328 0.37897756695747375 0.28499999642372131 -999 24.079999923706055 23.379999160766602 22.790000915527344 22.520000457763672 0.0099999997764825821 0.0099999997764825821 0 0.0099999997764825821 2.3399999141693115 4.1399998664855957 8.3999996185302734 9.2799997329711914 26.576959609985352 25.957498550415039 25.189302444458008 25.081130981445312 57643.328125 28.784908294677734 27.997451782226562 17.305904388427734 77.057586669921875 riz 0 57649.69140625 0.43166106939315796 0.36912336945533752 0.3605383038520813 -0.075587034225463867 0.029826782643795013 23.611764907836914 0.030073894187808037 6.4460596149729099e-06 1.7854992506727285e-07 0.0014339202316477895 -4.6551949850481833e-08 -5.8506649525114085e-10 46 31.479307174682617 0.94943749904632568 0.28039494156837463
SN: 1634024 10 0 X1 3 0 34.281559000000001 -4.8725370000000003 0.57760000228881836 0.0010000000474974513 0.57628601789474487 0.0010000000474974513 0.57628607749938965 0.0018676172476261854 0 300 0 0 0.016895746812224388 1 2 110279 -9 -9 0.57760000228881836 0.0010000000474974513 34.281579999999998 -4.8725829999999997 0.18299999833106995 0.27900001406669617 -4.2769966125488281 10.300000190734863 0.023000000044703484 -9999 -9999 -1.2970000505447388 3.5099999904632568 -11.602999687194824 3.5133330821990967 1.4049999713897705 -999 24.659999847412109 22.879999160766602 22.090000152587891 21.690000534057617 0.05000000074505806 0.0099999997764825821 0.0099999997764825821 0.0099999997764825821 2.7400000095367432 15.159999847412109 33.479999542236328 47.860000610351562 26.405624389648438 24.548252105712891 23.68803596496582 23.300067901611328 57739.109375 8.5451526641845703 8.1847286224365234 7.673093318939209 24.933656692504883 riz 0 57736.2734375 0.85699236392974854 -1.2019205093383789 0.67360138893127441 0.025383478030562401 0.083124175667762756 23.337770462036133 0.081000983715057373 8.296436135424301e-06 6.1895281078250264e-07 0.014639487490057945 -2.5612149556764052e-07 -3.2782988768076393e-08 29 21.485908508300781 0.84084081649780273 0.40947729349136353
SN: 1618036 10 0 E1 3 0 7.4082809999999997 -43.348686000000001 0.39318999648094177 0.0010000000474974513 0.39215999841690063 0.0010000000474974513 0.39215993881225586 0.0017148457700386643 0 300 0 0 0.0063841897062957287 1 3 109296 -9 -9 0.39320001006126404 0.0010000000474974513 7.4079740000000003 -43.348109000000001 2.2260000705718994 1.4839999675750732 -2.1494870185852051 10.11299991607666 0.016000000759959221 -9999 -9999 1.2899999618530273 0.014000000432133675 -8.8280000686645508 0.046173583716154099 0.50099998712539673 -999 22.979999542236328 21.850000381469727 21.479999542236328 21.079999923706055 0.0099999997764825821 0 0 0 7.3299999237060547 17.239999771118164 25.819999694824219 29.100000381469727 25.337240219116211 24.408657073974609 23.970109939575195 23.840267181396484 57740.046875 37.276195526123047 33.542007446289062 20.29377555847168 73.292503356933594 riz 0 57736.94921875 0.37939628958702087 -0.80197829008102417 0.33676120638847351 -0.03130282461643219 0.036737959831953049 22.300613403320312 0.039182782173156738 2.1565239876508713e-05 7.782609827700071e-07 0.0027524905744940042 -1.2091197731933789e-07 -2.3158809980827755e-08 26 23.398904800415039 0.6102946400642395 0.28696802258491516
SN: 1368482 10 0 X2 3 0 36.430649000000003 -6.1451409999999997 0.50967001914978027 0.0010000000474974513 0.50847101211547852 0.0010000000474974513 0.50847101211547852 0.00181066885124892 0 300 0 0 0.029365399852395058 1 2 48087 -9 -9 0.50970000028610229 0.0010000000474974513 36.430819 -6.1453519999999999 0.97200000286102295 0.81699997186660767 -3.1374659538269043 10.892999649047852 0.061000000685453415 -9999 -9999 -7.2369999885559082 2.7630000114440918 -18.086999893188477 2.7645647525787354 1.3420000076293945 -999 23.389999389648438 21.590000152587891 20.819999694824219 20.409999847412109 0.0099999997764825821 0 0 0 8.0100002288818359 39.869998931884766 83.660003662109375 125.09999847412109 25.24091911315918 23.498384475708008 22.693704605102539 22.256856918334961 57631.234375 14.064278602600098 9.7112512588500977 7.2204670906066895 31.028038024902344 riz 0 57633.19921875 1.3251082897186279 -0.65727216005325317 0.85995888710021973 -0.052505515515804291 0.062654249370098114 22.955402374267578 0.060180135071277618 1.1798832019849215e-05 6.5398512560932431e-07 0.0029733374249190092 -1.9127566019960796e-07 -2.743179727815459e-08 40 38.322528839111328 0.54591578245162964 0.28041428327560425
SN: 1391191 10 0 C2 3 0 55.190460000000002 -29.148699000000001 0.65126001834869385 0.0010000000474974513 0.65069401264190674 0.0010000000474974513 0.65069401264190674 0.0019309136550873518 0 300 0 0 0.011875038035213947 1 2 49114 -9 -9 0.65130001306533813 0.0010000000474974513 55.190576999999998 -29.148734000000001 0.38899999856948853 0.40000000596046448 -4.4688320159912109 9.6529998779296875 0.026000000536441803 -9999 -9999 1.3389999866485596 0.44600000977516174 -8.300999641418457 0.44868361949920654 0.33100000023841858 -999 24.100000381469727 23.239999771118164 22.809999465942383 22.649999618530273 0.019999999552965164 0.0099999997764825821 0.0099999997764825821 0.0099999997764825821 5.1599998474121094 11.680000305175781 19 21.059999465942383 25.718376159667969 24.831392288208008 24.303115844726562 24.191354751586914 57645.265625 8.8219661712646484 8.307281494140625 5.8505983352661133 25.592376708984375 riz 0 57643.75390625 1.0556840896606445 1.1972837448120117 0.95398873090744019 -0.080286212265491486 0.070468515157699585 23.683038711547852 0.078803449869155884 6.0364868659235071e-06 4.3813219008370652e-07 0.023838397115468979 -3.3254258369197487e-07 -1.386850900786385e-08 51 48.599456787109375 0.56953555345535278 0.48051774501800537
SN: 1643063 10 0 X1 3 0 34.191608000000002 -5.7191219999999996 0.57318997383117676 0.0010000000474974513 0.57188302278518677 0.0010000000474974513 0.57188296318054199 0.0018638974288478494 0 300 0 0 0.019798336550593376 1 2 111959 -9 -9 0.57319998741149902 0.0010000000474974513 34.191457 -5.7188319999999999 1.1759999990463257 1.2039999961853027 -2.2964715957641602 10.800000190734863 0.039999999105930328 -9999 -9999 0.8529999852180481 10.852999687194824 -9.9479999542236328 10.853641510009766 1.3890000581741333 -999 23.989999771118164 22.149999618530273 21.25 20.809999465942383 0.029999999329447746 0.0099999997764825821 0 0 4.6599998474121094 29.110000610351562 60.119998931884766 88.919998168945312 25.829034805297852 23.839895248413086 23.052452087402344 22.62750244140625 57744.05078125 10.296779632568359 7.8637700080871582 5.1170892715454102 22.901576995849609 riz 0 57740.58984375 1.1192033290863037 -0.52948576211929321 0.77781736850738525 -0.24510988593101501 0.090901210904121399 23.321662902832031 0.075023852288722992 8.4204475570004433e-06 5.8184889439871768e-07 0.0081302318722009659 -1.9314144594773097e-07 -1.6870416175152059e-08 24 27.442699432373047 0.28424444794654846 0.83587878942489624
SN: 1371111 10 0 X3 3 0 37.188751000000003 -5.1512070000000003 0.88499999046325684 0.0010000000474974513 0.88351798057556152 0.0010000000474974513 0.88351798057556152 0.0021336295176297426 0 300 0 0 0.024425612762570381 1 5 47289 -9 -9 0.88499999046325684 0.0010000000474974513 37.188643999999996 -5.1513059999999999 0.52499997615814209 0.5429999828338623 -3.2784113883972168 11.35099983215332 0.039000000804662704 -9999 -9999 1.2730000019073486 0.34599998593330383 -10.022000312805176 0.3986477255821228 1.4299999475479126 -999 25.360000610351562 23.379999160766602 22.090000152587891 21.360000610351562 0.039999999105930328 0.0099999997764825821 0 0 1.8899999856948853 10.529999732971191 32.029998779296875 63.470001220703125 26.808845520019531 24.943929672241211 23.736106872558594 22.99357795715332 57626.2578125 15.644916534423828 11.784662246704102 -99 34.371761322021484 iz 0 57626.8828125 1.1666481494903564 0.069677501916885376 0.63298404216766357 -0.20351487398147583 0.10582555830478668 24.053428649902344 0.047110870480537415 4.291694494895637e-06 1.8621969388732396e-07 0.011657234281301498 -5.7859470103949207e-08 -5.8675944103470101e-09 26 22.566965103149414 0.65731340646743774 0.67878037691116333
SN: 1576034 10 0 E2 3 0 9.6202500000000004 -44.509129000000001 0.76800000667572021 0.0010000000474974513 0.76674699783325195 0.0010000000474974513 0.76674699783325195 0.00203114771284163 0 300 0 0 0.0067015821114182472 1 2 107481 -9 -9 0.76800000667572021 0.0010000000474974513 9.6204699999999992 -44.509082999999997 0.58700001239776611 0.81099998950958252 -2.5287749767303467 10.342000007629395 0.045000001788139343 -9999 -9999 -2.1449999809265137 0 -12.467000007629395 0.016000000759959221 0.93000000715255737 -999 24.659999847412109 23.049999237060547 22.069999694824219 21.739999771118164 0.029999999329447746 0.0099999997764825821 0.0099999997764825821 0.0099999997764825821 2.619999885559082 12.479999542236328 34.180000305175781 45.479999542236328 26.454246520996094 24.759464263916016 23.665569305419922 23.355449676513672 57719.05078125 8.8102569580078125 8.3382349014282227 7.5610880851745605 25.201169967651367 riz 0 57720.12890625 1.1714951992034912 -0.46849742531776428 0.74065619707107544 -0.16010257601737976 0.065953649580478668 23.873540878295898 0.06103336438536644 5.0650487537495792e-06 2.8472567237258772e-07 0.0092120571061968803 -1.1202654093267483e-07 7.4199686395104436e-09 38 36.790046691894531 0.52532464265823364 0.55605489015579224
SN: 1473025 10 0 C2 3 0 53.765208999999999 -29.644449000000002 0.64709001779556274 0.0010000000474974513 0.64649099111557007 0.0010000000474974513 0.64649105072021484 0.0019273170037195086 0 300 0 0 0.010584321804344654 1 1 103613 -9 -9 0.64709997177124023 0.0010000000474974513 53.765177000000001 -29.644518999999999 0.27300000190734863 0.2800000011920929 -9 9.6969995498657227 0.032000001519918442 -9999 -9999 1.3550000190734863 1.0399999618530273 -8.3439998626708984 1.0410168170928955 0.45600000023841858 -999 24.459999084472656 23.350000381469727 22.850000381469727 22.590000152587891 0.029999999329447746 0.0099999997764825821 0.0099999997764825821 0.0099999997764825821 3.630000114440918 10.050000190734863 16.170000076293945 20.290000915527344 26.10023307800293 24.994585037231445 24.478225708007812 24.231794357299805 57694.1875 8.6948184967041016 7.6953802108764648 6.4946393966674805 26.118705749511719 riz 0 57682.31640625 0.96337509155273438 0.7864692211151123 0.7514578104019165 0.10757685452699661 0.070361346006393433 23.503301620483398 0.087648540735244751 7.1232639129448216e-06 5.7504178130329819e-07 0.01473312359303236 -3.4420378369759419e-07 -1.9415452356952301e-08 47 36.595500946044922 0.86308026313781738 0.4441986083984375
SN: 1533036 10 0 E1+E2 3 0 9.2044739999999994 -43.156883000000001 0.65446001291275024 0.0010000000474974513 0.65324801206588745 0.0010000000474974513 0.65324807167053223 0.0019331005169078708 0 300 0 0 0.0057585299946367741 1 2 -21513 -9 -9 0.65450000762939453 0.0010000000474974513 9.2045720000000006 -43.156894000000001 0.26100000739097595 0.28799998760223389 -4.8806042671203613 10.982999801635742 0.035999998450279236 -9999 -9999 0.0099999997764825821 10.010000228881836 -10.942000389099121 10.010071754455566 1.6160000562667847 -999 24.690000534057617 22.629999160766602 21.530000686645508 20.959999084472656 0.039999999105930328 0.0099999997764825821 0 0 3.690000057220459 19.889999389648438 57.869998931884766 91.540000915527344 26.082433700561523 24.253414154052734 23.093866348266602 22.595972061157227 57694.02734375 7.8080167770385742 5.776029109954834 5.0700788497924805 21.429349899291992 riz 0 57696.96875 1.2620342969894409 -0.40790492296218872 0.88182628154754639 0.1719210147857666 0.090423986315727234 24.059957504272461 0.091293908655643463 4.2659594328142703e-06 3.5870235137736017e-07 0.01831972599029541 -2.100118337011736e-07 -1.8027792592079095e-08 79 103.47291564941406 0.033796001225709915 0.58897936344146729
SN: 1530120 10 0 X1 3 0 34.142291999999998 -5.6371000000000002 0.40584000945091248 0.0010000000474974513 0.40467000007629395 0.0010000000474974513 0.40467000007629395 0.001725030830129981 0 300 0 0 0.019911659881472588 1 1 105865 -9 -9 0.40580001473426819 0.0010000000474974513 34.142474 -5.6368299999999998 1.1690000295639038 1.3339999914169312 -9 9.758000373840332 0.013000000268220901 -9999 -9999 1.7029999494552612 0.23199999332427979 -8.0430002212524414 0.23380547761917114 0.18700000643730164 -999 22.260000228881836 21.540000915527344 21.319999694824219 21.069999694824219 0.0099999997764825821 0 0 0 23.670000076293945 54.610000610351562 64.879997253417969 78.75 24.064504623413086 23.156820297241211 22.969722747802734 22.759372711181641 57709.0234375 19.300376892089844 13.412624359130859 10.220681190490723 50.657466888427734 riz 0 57709.31640625 0.49531421065330505 -1.9367440938949585 0.41298156976699829 -0.072050958871841431 0.048303060233592987 22.362586975097656 0.051019378006458282 2.0368777768453583e-05 9.5714074177521979e-07 0.0007891565328463912 -1.3921375341396924e-07 -3.3518972486490384e-08 34 50.444583892822266 0.034446753561496735 0.68880826234817505
SN: 1519038 10 0 C1 3 0 53.196514000000001 -27.119706999999998 0.11992000043392181 0.0010000000474974513 0.11948300153017044 0.0010000000474974513 0.11948299407958984 0.0015016373945400119 0 300 0 0 0.0073237470351159573 1 1 -23996 -9 -9 0.11990000307559967 0.0010000000474974513 53.196007000000002 -27.119045 2.8840000629425049 0.96200001239776611 -9 10.942000389099121 0.013000000268220901 -9999 -9999 1.4570000171661377 0.414000004529953 -9.4770002365112305 0.41515901684761047 1.0290000438690186 -999 19.040000915527344 18.059999465942383 17.610000610351562 17.329999923706055 0 0 0 0 156.96000671386719 282.22000122070312 445.82000732421875 510.29000854492188 22.010526657104492 21.373531341552734 20.877101898193359 20.730457305908203 57703.05859375 123.24455261230469 121.63811492919922 68.998588562011719 296.49151611328125 gri 0 57702.33984375 0.13720205426216125 0.039058759808540344 0.14168632030487061 0.087475962936878204 0.018745074048638344 19.398370742797852 0.024360012263059616 0.00031235720962285995 7.0081714511616156e-06 0.00091424031415954232 -6.2156908597899019e-07 -9.714139537209121e-08 24 63.174434661865234 2.2460073523689061e-05 0.29187703132629395
SN: 1642138 10 0 C1 3 0 54.310532000000002 -26.419895 0.66032999753952026 0.0010000000474974513 0.65970700979232788 0.0010000000474974513 0.65970706939697266 0.0019386346684768796 0 300 0 0 0.010612270794808865 1 1 111127 -9 -9 0.66030001640319824 0.0010000000474974513 54.310814000000001 -26.420183999999999 1.3810000419616699 2.6129999160766602 -9 9.1750001907348633 0.043999999761581421 -9999 -9999 -0.14300000667572021 0.13300000131130219 -9.3210000991821289 0.16883423924446106 0.28200000524520874 -999 24.790000915527344 23.899999618530273 23.340000152587891 23.340000152587891 0.029999999329447746 0.019999999552965164 0.019999999552965164 0.019999999552965164 0.30000001192092896 2.190000057220459 2.7599999904632568 3.119999885559082 27.5 26.648889541625977 26.397727966308594 26.264614105224609 57751.0546875 13.134810447692871 10.928529739379883 8.9245662689208984 30.495771408081055 riz 0 57747.8671875 1.0016719102859497 0.25070658326148987 0.71634215116500854 0.062452062964439392 0.058568097651004791 23.565185546875 0.053368560969829559 6.72861460770946e-06 3.3074007887989865e-07 0.0073161497712135315 -1.473374169336239e-07 -7.0248225014779564e-09 31 26.665069580078125 0.6888880729675293 0.22432112693786621
SN: 1599030 10 0 E2 3 0 8.6614839999999997 -44.278480999999999 0.36871999502182007 0.0010000000474974513 0.36773800849914551 0.0010000000474974513 0.36773800849914551 0.0016950528370216489 0 300 0 0 0.0066530131734907627 1 1 108924 -9 -9 0.36869999766349792 0.0010000000474974513 8.6617090000000001 -44.278596999999998 0.71399998664855957 0.97600001096725464 -9 8.5530004501342773 0.035999998450279236 -9999 -9999 0.26399999856948853 0.83399999141693115 -8.2530002593994141 0.85155153274536133 0.032000001519918442 -999 24.829999923706055 24.110000610351562 23.920000076293945 23.809999465942383 0.039999999105930328 0.029999999329447746 0.029999999329447746 0.039999999105930328 2.2999999523162842 4.0399999618530273 5.3400001525878906 5.679999828338623 26.595680236816406 25.984046936035156 25.681146621704102 25.614130020141602 57740.05859375 58.072761535644531 57.000175476074219 56.900104522705078 147.70742797851562 griz 0 57737.97265625 0.22025863826274872 -0.45794677734375 0.21030321717262268 -0.13067586719989777 0.017215987667441368 21.50933837890625 0.025361847132444382 4.4695570977637544e-05 1.0440494406793732e-06 0.0012864869786426425 -1.5537280262378772e-07 -1.0460570187831308e-08 34 44.713268280029297 0.10340502858161926 0.46155935525894165
SN: 1635042 10 0 E1 3 0 8.2903179999999992 -43.226593000000001 0.55948001146316528 0.0010000000474974513 0.55833202600479126 0.0010000000474974513 0.55833196640014648 0.0018524685874581337 0 300 0 0 0.0059868493117392063 1 2 110804 -9 -9 0.55949997901916504 0.0010000000474974513 8.2904149999999994 -43.226573999999999 0.26399999856948853 0.41699999570846558 -3.9083619117736816 10.317000389099121 0.030999999493360519 -9999 -9999 0.44299998879432678 0.46799999475479126 -9.8610000610351562 0.47277161478996277 1.3470000028610229 -999 24.350000381469727 22.639999389648438 21.950000762939453 21.520000457763672 0.029999999329447746 0.0099999997764825821 0.0099999997764825821 0 3.8599998950958252 19.25 39.5 51.930000305175781 26.033531188964844 24.288923263549805 23.508506774902344 23.211454391479492 57740.046875 25.635316848754883 21.522394180297852 16.295125961303711 51.758068084716797 riz 0 57736.66015625 0.65000081062316895 -0.17853462696075439 0.55870378017425537 -0.04558529332280159 0.044552933424711227 22.881233215332031 0.043018307536840439 1.2633014193852432e-05 5.0053677114192396e-07 0.0070756198838353157 -1.7347412040180643e-07 -1.4102410794691878e-08 21 39.492950439453125 0.0085657592862844467 0.16318921744823456
SN: 1551020 10 0 E1 3 0 7.1817089999999997 -42.200169000000002 0.46393999457359314 0.0010000000474974513 0.46283000707626343 0.0010000000474974513 0.4628300666809082 0.0017727740341797471 0 300 0 0 0.0072027291171252728 1 4 106196 -9 -9 0.46389999985694885 0.0010000000474974513 7.1810840000000002 -42.200037000000002 1.7319999933242798 0.89399999380111694 -3.0885374546051025 11.296999931335449 0.016000000759959221 -9999 -9999 1.3869999647140503 0.460999995470047 -9.9110002517700195 0.46706101298332214 1.0199999809265137 -999 22.479999542236328 20.909999847412109 20.219999313354492 19.780000686645508 0.0099999997764825821 0 0 0 17.209999084472656 65.900001525878906 116.19999694824219 139.72000122070312 24.410547256469727 22.952785491943359 22.336984634399414 22.136852264404297 57718.03125 14.046685218811035 11.289492607116699 10.37165355682373 46.051605224609375 riz 0 57716.734375 0.63218426704406738 0.47890478372573853 0.52577751874923706 0.13446196913719177 0.042806651443243027 22.786127090454102 0.047089606523513794 1.3789521290163975e-05 5.9806711760757025e-07 0.0020816707983613014 -1.3790622688247822e-07 -1.8755434538775262e-08 34 36.620151519775391 0.34812816977500916 0.47578611969947815
SN: 1600036 10 0 E1 3 0 7.3314810000000001 -43.519385999999997 0.81529998779296875 0.0010000000474974513 0.81396299600601196 0.0010000000474974513 0.81396293640136719 0.0020724027417600155 0 300 0 0 0.0061552268452942371 1 4 109245 -9 -9 0.81529998779296875 0.0010000000474974513 7.3316059999999998 -43.519559000000001 0.70200002193450928 0.61900001764297485 -3.2150514125823975 11.204999923706055 0.048999998718500137 -9999 -9999 -0.33899998664855957 9.6610002517700195 -11.586000442504883 9.6617574691772461 1.3680000305175781 -999 24.520000457763672 22.579999923706055 21.329999923706055 20.739999771118164 0.029999999329447746 0.0099999997764825821 0 0 3.3900001049041748 18.559999465942383 61.819999694824219 109.66000366210938 26.174501419067383 24.328556060791016 23.022178649902344 22.399879455566406 57718.03125 5.425722599029541 5.3387455940246582 4.6510820388793945 18.3671875 riz 0 57720.421875 1.2284171581268311 -1.4228427410125732 0.89277291297912598 -0.21174338459968567 0.084871873259544373 23.936616897583008 0.085432335734367371 4.7791781980777159e-06 3.7605485658787074e-07 0.0067641166970133781 -1.8186662487096328e-07 7.6354540468059895e-09 37 28.672122955322266 0.83470243215560913 0.85035985708236694
SN: 1431072 10 0 E1 3 0 8.0475220000000007 -42.668807999999999 0.42372998595237732 0.0010000000474974513 0.422666996717453 0.0010000000474974513 0.42266702651977539 0.0017397364135831594 0 300 0 0 0.0075942049734294415 1 1 100154 -9 -9 0.4237000048160553 0.0010000000474974513 8.0474610000000002 -42.668672999999998 0.51099997758865356 0.42300000786781311 -9 10.440999984741211 0.013000000268220901 -9999 -9999 0.64399999380111694 0.15000000596046448 -9.7849998474121094 0.15380507707595825 0.73500001430511475 -999 22.569999694824219 21.440000534057617 20.989999771118164 20.670000076293945 0.0099999997764825821 0 0 0 21.399999618530273 67.830001831054688 98.199996948242188 134.6199951171875 24.173965454101562 22.921445846557617 22.519721984863281 22.177227020263672 57661.0703125 12.806938171386719 12.735235214233398 6.602137565612793 33.191429138183594 riz 0 57657.86328125 0.8831106424331665 -1.4724947214126587 0.71931540966033936 0.1397615522146225 0.064838767051696777 23.143922805786133 0.064899764955043793 9.91816159512382e-06 5.9285702036504517e-07 0.0035862952936440706 -1.5023994137663976e-07 -3.0692184793679189e-08 49 67.090744018554688 0.043930370360612869 0.67672163248062134
SN: 1625059 10 0 S1 3 0 43.113087 -0.75539100000000003 0.59390997886657715 0.0010000000474974513 0.59279298782348633 0.0010000000474974513 0.59279298782348633 0.0018815885996446013 0 300 0 0 0.055622033774852753 1 1 111424 -9 -9 0.59390002489089966 0.0010000000474974513 43.113106000000002 -0.75532100000000002 0.25999999046325684 0.37999999523162842 -9 10.472000122070312 0.023000000044703484 -9999 -9999 0.91900002956390381 0.47099998593330383 -9.5410003662109375 0.47532829642295837 1.0509999990463257 -999 23.670000076293945 22.040000915527344 21.370000839233398 21.020000457763672 0.019999999552965164 0 0 0 6.4699997901916504 33.150001525878906 60.720001220703125 82.949996948242188 25.472740173339844 23.69879150390625 23.041671752929688 22.702959060668945 57739.09375 11.182053565979004 10.902368545532227 6.5751376152038574 24.600234985351562 riz 0 57736.5859375 0.86510705947875977 -1.5780434608459473 0.72100698947906494 -0.1483529806137085 0.089043319225311279 23.345687866210938 0.081567540764808655 8.2361639215378091e-06 6.1875402934674639e-07 0.021488064900040627 -3.3003217936311557e-07 -2.7239178024274224e-08 32 31.19715690612793 0.50701218843460083 0.72196352481842041
SN: 1579146 10 0 X3 3 0 35.429091999999997 -4.6738629999999999 0.80471998453140259 0.0010000000474974513 0.80324798822402954 0.0010000000474974513 0.80324792861938477 0.002063018037006259 0 300 0 0 0.021368758752942085 1 1 107924 -9 -9 0.80470001697540283 0.0010000000474974513 35.429119999999998 -4.6737609999999998 0.38199999928474426 0.58399999141693115 -9 10.590000152587891 0.0080000003799796104 -9999 -9999 0.71100002527236938 0.16200000047683716 -9.8620004653930664 0.16710774600505829 1.312999963760376 -999 25.170000076293945 24 23.030000686645508 22.579999923706055 0.029999999329447746 0.0099999997764825821 0.0099999997764825821 0.0099999997764825821 1.6399999856948853 4.7199997901916504 11.260000228881836 16.729999542236328 26.962890625 25.815145492553711 24.87115478515625 24.441259384155273 57723.04296875 17.833314895629883 14.370031356811523 11.658945083618164 48.537513732910156 riz 0 57729.984375 0.52410787343978882 -0.21491870284080505 0.44505414366722107 -0.08614715188741684 0.041112266480922699 23.892061233520508 0.039764311164617538 4.9793866310210433e-06 1.8236647747471579e-07 0.0035227115731686354 -5.6432799766525932e-08 -9.651634352847438e-11 29 42.384384155273438 0.051842574030160904 0.29595854878425598
SN: 1674022 10 0 X1 3 0 35.210766 -4.3014760000000001 0.60394001007080078 0.0010000000474974513 0.60262399911880493 0.0010000000474974513 0.60262393951416016 0.0018899290589615703 0 300 0 0 0.016470305621623993 1 1 116489 -9 -9 0.60390001535415649 0.0010000000474974513 35.210768999999999 -4.3015059999999998 0.10700000077486038 0.19300000369548798 -9 8.9029998779296875 0.063000001013278961 -9999 -9999 0.94999998807907104 1.1399999856948853 -7.9239997863769531 1.1627730131149292 0.096000000834465027 -999 24.760000228881836 24 23.579999923706055 23.590000152587891 0.059999998658895493 0.029999999329447746 0.029999999329447746 0.029999999329447746 2.5399999618530273 5.7800002098083496 8.130000114440918 8.3599996566772461 26.4879150390625 25.595180511474609 25.224773406982422 25.194484710693359 57763.07421875 15.232282638549805 12.705572128295898 10.966647148132324 31.81895637512207 riz 0 57765.1640625 0.84120672941207886 -0.4020007848739624 0.80087155103683472 -0.075786694884300232 0.069648370146751404 22.990690231323242 0.069890409708023071 1.1421510862419382e-05 7.3521914600860327e-07 0.022876013070344925 -4.4678427002509125e-07 -3.0007118567709767e-08 14 11.897171974182129 0.61456042528152466 0.28596171736717224
SN: 1590133 10 0 C2+C3 3 0 53.607067000000001 -28.308249 0.69426000118255615 0.0010000000474974513 0.69362401962280273 0.0010000000474974513 0.69362401962280273 0.0019677884411066771 0 300 0 0 0.0078804362565279007 1 1 108222 -9 -9 0.69429999589920044 0.0010000000474974513 53.607263000000003 -28.308187 0.66100001335144043 1.1330000162124634 -9 9.4910001754760742 0.030999999493360519 -9999 -9999 1.1649999618530273 0.81699997186660767 -8.300999641418457 0.82110476493835449 0.33300000429153442 -999 24.629999160766602 23.680000305175781 23.139999389648438 22.860000610351562 0.029999999329447746 0.019999999552965164 0.0099999997764825821 0.0099999997764825821 3.3299999237060547 7.1399998664855957 12.720000267028809 14.439999580383301 26.193889617919922 25.365755081176758 24.73878288269043 24.601081848144531 57740.12109375 9.9828023910522461 8.8506374359130859 8.4071292877197266 34.609615325927734 riz 0 57730.65234375 0.77001297473907471 1.6164505481719971 0.76101839542388916 0.26481187343597412 0.05721084401011467 24.685518264770508 0.066614359617233276 2.3976872398634441e-06 1.471079258408281e-07 0.013047792948782444 -9.0677538366890076e-08 -4.0921124266901643e-09 90 84.749481201171875 0.63655620813369751 1.0341633558273315
SN: 1640083 10 0 E2 3 0 9.1309129999999996 -44.385539999999999 0.58171999454498291 0.0010000000474974513 0.58059197664260864 0.0010000000474974513 0.58059191703796387 0.0018712576711550355 0 300 0 0 0.0060674590058624744 1 1 110897 -9 -9 0.58170002698898315 0.0010000000474974513 9.1308790000000002 -44.385713000000003 0.62800002098083496 1.0140000581741333 -9 8.6949996948242188 0.061999998986721039 -9999 -9999 0.89099997282028198 0.99199998378753662 -7.7919998168945312 1.0091030597686768 0.059000000357627869 -999 24.629999160766602 23.909999847412109 23.579999923706055 23.670000076293945 0.029999999329447746 0.019999999552965164 0.019999999552965164 0.029999999329447746 2.2400000095367432 5.2699999809265137 7.429999828338623 5.9600000381469727 26.624380111694336 25.695472717285156 25.322528839111328 25.561883926391602 57730.0546875 12.687384605407715 9.2163877487182617 6.0076198577880859 23.339599609375 riz 0 57738.34765625 1.1663286685943604 -2.353264331817627 0.87490665912628174 -0.12873534858226776 0.09918762743473053 23.875284194946289 0.080689229071140289 5.0569251470733434e-06 3.7581816059173434e-07 0.017779802903532982 -1.4880242815706879e-07 -1.6741946495812954e-08 26 37.820377349853516 0.062925264239311218 0.89412474632263184
SN: 1578063 10 0 X1 3 0 34.529068000000002 -5.0472400000000004 0.64433997869491577 0.0010000000474974513 0.6429780125617981 0.0010000000474974513 0.64297795295715332 0.0019243126735091209 0 300 0 0 0.018342467024922371 1 2 107643 -9 -9 0.64429998397827148 0.0010000000474974513 34.529071000000002 -5.047472 0.83700001239776611 0.87199997901916504 -2.7709348201751709 10.269000053405762 0.017000000923871994 -9999 -9999 0.86799997091293335 0.41899999976158142 -9.380000114440918 0.428556889295578 0.64600002765655518 -999 23.680000305175781 22.620000839233398 21.979999542236328 21.670000076293945 0.019999999552965164 0.0099999997764825821 0.0099999997764825821 0.0099999997764825821 5.4600000381469727 15.449999809265137 30.149999618530273 36.259998321533203 25.657018661499023 24.527679443359375 23.801782608032227 23.601430892944336 57709.02734375 7.4923315048217773 6.973149299621582 5.5525593757629395 23.168426513671875 riz 0 57717.890625 1.3135225772857666 0.84806299209594727 0.97418832778930664 0.15742839872837067 0.076844170689582825 23.818828582763672 0.072016038000583649 5.3268254305294249e-06 3.5332419656697311e-07 0.0056370110251009464 -2.1461447374804266e-07 -1.0294121999265826e-08 40 53.866436004638672 0.070355430245399475 0.59605932235717773
SN: 1434201 10 0 X1 3 0 33.973689999999998 -4.2283540000000004 0.26423001289367676 0.0010000000474974513 0.26316800713539124 0.0010000000474974513 0.26316797733306885 0.0016117453342303634 0 300 0 0 0.017714742571115494 1 1 101045 -9 -9 0.26420000195503235 0.0010000000474974513 33.973610000000001 -4.228872 1.8869999647140503 1.4440000057220459 -9 9.7309999465942383 0.035999998450279236 -9999 -9999 1.3159999847412109 0.38899999856948853 -8.4189996719360352 0.3981783390045166 0.28700000047683716 -999 21.940000534057617 21.299999237060547 20.989999771118164 20.879999160766602 0 0 0 0 17.729999542236328 25.309999465942383 37.849998474121094 34.169998168945312 24.378227233886719 23.991769790649414 23.554836273193359 23.665887832641602 57657.2265625 9.4176054000854492 9.1924514770507812 8.969294548034668 28.786464691162109 griz 0 57656.26171875 0.94695210456848145 -0.72470325231552124 0.86993706226348877 0.27218344807624817 0.064386844635009766 23.354866027832031 0.081256404519081116 8.1668304119375534e-06 6.1120488226151792e-07 0.012023705057799816 -1.5865528268932394e-07 -2.5012610649355338e-08 51 82.936164855957031 0.00312090665102005 0.93888688087463379
SN: 1532056 10 0 E2 3 0 8.121264 -44.128825999999997 0.47378998994827271 0.0010000000474974513 0.47272500395774841 0.0010000000474974513 0.4727250337600708 0.0017809587297961116 0 300 0 0 0.0069496780633926392 1 1 105715 -9 -9 0.47380000352859497 0.0010000000474974513 8.1213519999999999 -44.129128999999999 1.1150000095367432 0.80800002813339233 -9 10.949000358581543 0.012000000104308128 -9999 -9999 0.99599999189376831 0.17599999904632568 -9.8850002288818359 0.18500000238418579 0.79699999094009399 -999 22.610000610351562 21.209999084472656 20.590000152587891 20.159999847412109 0.0099999997764825821 0 0 0 21.040000915527344 81.519996643066406 142.92999267578125 209.58000183105469 24.192386627197266 22.721839904785156 22.112190246582031 21.696624755859375 57714.0625 11.351396560668945 10.202740669250488 7.3135476112365723 35.362434387207031 riz 0 57705.14453125 0.68497622013092041 0.4337056577205658 0.68225181102752686 0.26414501667022705 0.054446686059236526 23.195440292358398 0.074678942561149597 9.4585402621305548e-06 6.5057588471972849e-07 0.010518137365579605 -3.1780345466358995e-07 -2.6512235962172781e-08 35 34.042522430419922 0.51417160034179688 0.89227294921875
SN: 1442085 10 0 S2 3 0 41.011127999999999 -0.76527400000000001 0.63476002216339111 0.0010000000474974513 0.63355499505996704 0.0010000000474974513 0.63355493545532227 0.0019162629032507539 0 300 0 0 0.029951266944408417 1 1 -20555 -9 -9 0.6348000168800354 0.0010000000474974513 41.011192999999999 -0.76513399999999998 0.55400002002716064 0.71100002527236938 -9 10.529000282287598 0.035000000149011612 -9999 -9999 0.69199997186660767 0.54100000858306885 -9.8360004425048828 0.56035435199737549 0.97299998998641968 -999 23.979999542236328 22.639999389648438 21.889999389648438 21.469999313354492 0.019999999552965164 0.0099999997764825821 0 0 5.929999828338623 19.959999084472656 43.130001068115234 59.700000762939453 25.567363739013672 24.249599456787109 23.413051605224609 23.060064315795898 57663.3125 8.7602748870849609 7.5869908332824707 6.2502050399780273 21.128925323486328 riz 0 57666.328125 1.0936003923416138 -1.4371641874313354 0.9014136791229248 0.0031231127213686705 0.09390142560005188 23.604467391967773 0.089365571737289429 6.4895298237388488e-06 5.3414498779602582e-07 0.010189421474933624 -2.7241514999332139e-07 -2.2697735246879347e-08 46 57.639724731445312 0.11657865345478058 0.47916781902313232
SN: 1644213 10 0 E1 3 0 7.9631819999999998 -43.701050000000002 0.54622000455856323 0.0010000000474974513 0.54509001970291138 0.0010000000474974513 0.5450899600982666 0.0018413281068205833 0 300 0 0 0.0060587157495319843 1 1 112718 -9 -9 0.5461999773979187 0.0010000000474974513 7.9632529999999999 -43.700918999999999 0.50700002908706665 0.6600000262260437 -9 10.458000183105469 0.037000000476837158 -9999 -9999 0.4869999885559082 6.4229998588562012 -9.9479999542236328 6.423673152923584 1.2940000295639038 -999 24.020000457763672 22.280000686645508 21.549999237060547 21.129999160766602 0.019999999552965164 0.0099999997764825821 0 0 5.6700000762939453 27.190000534057617 56.139999389648438 79.220001220703125 25.616043090820312 23.913976669311523 23.126819610595703 22.752912521362305 57747.046875 19.876787185668945 14.489284515380859 11.118768692016602 40.606143951416016 riz 0 57747.38671875 0.76400673389434814 -1.2005404233932495 0.74837231636047363 -0.02766801230609417 0.053622812032699585 23.053075790405273 0.047331616282463074 1.0783743164211046e-05 4.7010684056658647e-07 0.0044734906405210495 -1.4866648712086317e-07 -1.5305760214801012e-08 17 17.175209045410156 0.44255807995796204 0.41067007184028625
SN: 1431096 10 1 E2 3 0 9.1618650000000006 -43.948441000000003 0.47786000370979309 0.0010000000474974513 0.47679600119590759 0.0010000000474974513 0.47679603099822998 0.0017843310488387942 0 300 0 0 0.0064934557303786278 1 1 100254 -9 -9 0.47789999842643738 0.0010000000474974513 9.161778 -43.948497000000003 0.30099999904632568 0.49399998784065247 -9 9.0989999771118164 0.026000000536441803 -9999 -9999 0.81400001049041748 1.0279999971389771 -8.2530002593994141 1.0302466154098511 0.19200000166893005 -999 24.219999313354492 23.270000457763672 22.969999313354492 22.790000915527344 0.029999999329447746 0.0099999997764825821 0.0099999997764825821 0.0099999997764825821 4.0900001525878906 10.340000152587891 14.189999580383301 16.159999847412109 25.970691680908203 24.963699340820312 24.620044708251953 24.478897094726562 57666.03515625 23.266740798950195 16.166748046875 12.243268013000488 53.986377716064453 riz 0 57663.8828125 0.4699167013168335 -0.60817229747772217 0.41177332401275635 0.014985471963882446 0.04078385978937149 22.82023811340332 0.038988158106803894 1.3363019206735771e-05 4.7985827222873922e-07 -3.6728099075844511e-05 -8.7293756223516539e-08 -1.196707177797407e-08 52 38.005149841308594 0.9267878532409668 0.20878750085830688
SN: 1564017 10 0 E1 3 0 6.6126820000000004 -42.902991999999998 0.65916001796722412 0.0010000000474974513 0.65791600942611694 0.0010000000474974513 0.65791606903076172 0.0019370994996279478 0 300 0 0 0.0058816587552428246 2 2 107404 -9 -9 0.65920001268386841 0.0010000000474974513 6.6127729999999998 -42.903025 0.26800000667572021 0.3449999988079071 -3.4974524974822998 10.647000312805176 0.035999998450279236 -9999 -9999 -1.3949999809265137 1.3689999580383301 -12.034999847412109 1.3733325004577637 1.3789999485015869 -999 24.540000915527344 22.629999160766602 21.639999389648438 21.180000305175781 0.029999999329447746 0.0099999997764825821 0 0 3.2599999904632568 19.299999237060547 52.279998779296875 75.019996643066406 26.216955184936523 24.286106109619141 23.204160690307617 22.812057495117188 57730.05078125 7.5668482780456543 7.3916211128234863 6.5020079612731934 25.251317977905273 riz 0 57713.37890625 1.2752220630645752 0.12140138447284698 0.85152578353881836 -0.03743952140212059 0.071214891970157623 23.501777648925781 0.068324245512485504 7.1332747211272363e-06 4.4888952288602013e-07 0.010072934441268444 -2.3919051272969227e-07 -1.2870574828127701e-08 35 33.287105560302734 0.55094617605209351 0.13119539618492126
SN: 1531108 10 1 X1 3 0 34.103203000000001 -4.6867320000000001 0.3449999988079071 0.0010000000474974513 0.34387499094009399 0.0010000000474974513 0.34387493133544922 0.00167583127040416 0 300 0 0 0.017351936548948288 1 1 -23906 -9 -9 0.3449999988079071 0.0010000000474974513 34.103191000000002 -4.6867999999999999 0.24699999392032623 0.34799998998641968 -9 8.6770000457763672 0.059999998658895493 -9999 -9999 0.35400000214576721 1.0549999475479126 -8.3030004501342773 1.0716197490692139 0.32199999690055847 -999 24.690000534057617 23.719999313354492 23.530000686645508 23.360000610351562 0.05000000074505806 0.019999999552965164 0.019999999552965164 0.019999999552965164 3.059999942779541 7.3299999237060547 9.4700002670288086 10.270000457763672 26.285696029663086 25.337240219116211 25.059123992919922 24.971073150634766 57709.02734375 28.65275764465332 18.724151611328125 14.790148735046387 78.340347290039062 griz 0 57707.390625 0.32988554239273071 0.20223645865917206 0.26541176438331604 0.05756765604019165 0.022618565708398819 22.175716400146484 0.031238418072462082 2.4194305296987295e-05 6.9611002118108445e-07 0.0021179125178605318 -1.2195776832868432e-07 -1.130569327045805e-08 46 50.417011260986328 0.30307450890541077 0.20338881015777588
SN: 1450026 10 0 S1 3 0 43.393452000000003 0.151253 0.35925999283790588 0.0010000000474974513 0.3583109974861145 0.0010000000474974513 0.35831093788146973 0.0016874452121555805 0 300 0 0 0.064006902277469635 1 1 102388 -9 -9 0.35929998755455017 0.0010000000474974513 43.393667000000001 0.15131500000000001 0.80699998140335083 0.8059999942779541 -9 10.616999626159668 0.092000000178813934 -9999 -9999 -0.59399998188018799 9.4060001373291016 -11.210000038146973 9.4063491821289062 1.531000018119812 -999 22.700000762939453 21.020000457763672 20.389999389648438 20.040000915527344 0.0099999997764825821 0 0 0 18.75 92.040000915527344 155.83999633789062 235.1300048828125 24.317497253417969 22.590057373046875 22.018302917480469 21.57172966003418 57671.17578125 21.591676712036133 21.073448181152344 18.614164352416992 59.680156707763672 griz 0 57670.2890625 0.34042245149612427 -0.24422115087509155 0.31291919946670532 -0.058987073600292206 0.02441820316016674 22.099014282226562 0.032348677515983582 2.5965346139855683e-05 7.7361755757010542e-07 0.0016767748165875673 -1.3580574886873364e-07 -9.4954542007030796e-09 60 66.672737121582031 0.25840297341346741 0.21280962228775024
SN: 1642178 10 0 C3 3 0 52.388534999999997 -28.350605000000002 0.68739998340606689 0.0010000000474974513 0.68673199415206909 0.0010000000474974513 0.68673205375671387 0.0019618517253547907 0 300 0 0 0.0071563525125384331 1 1 -22466 -9 -9 0.68739998340606689 0.0010000000474974513 52.388626000000002 -28.350617 0.29100000858306885 0.34799998998641968 -9 10.729000091552734 0.02500000037252903 -9999 -9999 -0.44600000977516174 6.3810000419616699 -11.156999588012695 6.381065845489502 1.3270000219345093 -999 24.120000839233398 22.350000381469727 21.290000915527344 20.860000610351562 0.0099999997764825821 0 0 0 5.070000171661377 26.420000076293945 67.349998474121094 94.230003356933594 25.737480163574219 23.945167541503906 22.929157257080078 22.56452751159668 57751.1171875 38.945034027099609 26.953237533569336 15.06810474395752 72.220466613769531 riz 0 57747.890625 0.52976506948471069 -0.54945385456085205 0.30635339021682739 -0.018769070506095886 0.035180985927581787 23.568727493286133 0.027256345376372337 6.7067021518596448e-06 1.6836520444485359e-07 0.0018816269002854824 -2.6584933365825236e-08 -1.6737039532088716e-09 28 15.646942138671875 0.97076421976089478 0.1935422271490097
SN: 1702083 10 0 C2 3 0 55.036105999999997 -29.200348000000002 0.38931998610496521 0.0010000000474974513 0.38884100317955017 0.0010000000474974513 0.38884103298187256 0.0017121488926932216 0 300 0 0 0.011281076818704605 1 1 117218 -9 -9 0.38929998874664307 0.0010000000474974513 55.035933 -29.200302000000001 0.56999999284744263 0.76499998569488525 -9 9.5279998779296875 0.019999999552965164 -9999 -9999 1.3029999732971191 0.10499999672174454 -8.1979999542236328 0.10499999672174454 0.31799998879432678 -999 22.579999923706055 21.739999771118164 21.540000915527344 21.290000915527344 0.0099999997764825821 0 0 0 13.989999771118164 35.150001525878906 41.5 49.619998931884766 24.635456085205078 23.635187149047852 23.454879760742188 23.260858535766602 57778.125 35.690624237060547 24.497997283935547 13.227847099304199 74.863510131835938 riz 0 57778.546875 0.40760362148284912 0.40193018317222595 0.45231896638870239 -0.11927030235528946 0.037305831909179688 21.934026718139648 0.03714645653963089 3.0226618036977015e-05 1.0341478855480091e-06 0.0042892154306173325 -2.3179143227025634e-07 -3.0767559167088621e-08 14 21.751943588256836 0.083856984972953796 0.41953521966934204
SN: 1644180 10 0 C3 3 0 51.558086000000003 -28.233629000000001 0.61220002174377441 0.0010000000474974513 0.61153799295425415 0.0010000000474974513 0.61153793334960938 0.0018975038547068834 0 300 0 0 0.013418238610029221 2 6 111224 -9 -9 0.61220002174377441 0.0010000000474974513 51.557451999999998 -28.233847999999998 2.1600000858306885 1.7120000123977661 -0.24359165132045746 11.003000259399414 0.014999999664723873 -9999 -9999 1.0010000467300415 0.29600000381469727 -9.9829998016357422 0.29761889576911926 0.9660000205039978 -999 23.829999923706055 22.209999084472656 21.260000228881836 20.639999389648438 0.0099999997764825821 0 0 0 5.8600001335144043 14.810000419616699 20.780000686645508 23.030000686645508 25.580255508422852 24.573612213134766 24.205886840820312 24.094264984130859 57751.0859375 42.163730621337891 30.442770004272461 18.069059371948242 91.525917053222656 riz 0 57753.8046875 0.40746971964836121 0.338237464427948 0.31188175082206726 -0.015560698695480824 0.030910719186067581 23.347055435180664 0.026965845376253128 8.2257975009270012e-06 2.0429970959412458e-07 0.0017815605970099568 -4.1395392003096276e-08 -2.9623015151969412e-09 26 14.004380226135254 0.97294247150421143 0.12410484254360199
SN: 1547071 10 1 C3 3 0 52.683219999999999 -28.84713 0.29960998892784119 0.0010000000474974513 0.29910600185394287 0.0010000000474974513 0.29910600185394287 0.0016401002649217844 0 300 0 0 0.0081464983522891998 1 1 106113 -9 -9 0.29960000514984131 0.0010000000474974513 52.683242999999997 -28.847214000000001 0.31000000238418579 0.28600001335144043 -9 9.7270002365112305 0.023000000044703484 -9999 -9999 1.5190000534057617 0.41600000858306885 -8.1070003509521484 0.41648048162460327 0.24300000071525574 -999 21.870000839233398 21.149999618530273 20.860000610351562 20.579999923706055 0 0 0 0 47.529998779296875 92.699996948242188 119.66999816894531 139.91000366210938 23.307580947875977 22.582300186157227 22.305036544799805 22.135377883911133 57714.09765625 81.87359619140625 54.161685943603516 34.336864471435547 202.99972534179688 griz 0 57713.1953125 0.1747296154499054 -0.018102608621120453 0.1243257075548172 0.091483987867832184 0.014772346243262291 21.938461303710938 0.017858648672699928 3.0103385142865591e-05 4.9515324462845456e-07 0.00019959155179094523 -2.6178250678299264e-08 -4.9886708097801602e-09 48 50.141571044921875 0.38848704099655151 0.30500629544258118
SN: 1367408 10 0 C1 3 0 53.485539000000003 -26.816943999999999 0.54365998506546021 0.0010000000474974513 0.54306197166442871 0.0010000000474974513 0.54306197166442871 0.001839624485000968 0 300 0 0 0.0072863423265516758 1 2 47456 -9 -9 0.54369997978210449 0.0010000000474974513 53.485498999999997 -26.816904999999998 0.19200000166893005 0.20000000298023224 -5.3886890411376953 10.798000335693359 0.012000000104308128 -9999 -9999 0.54400002956390381 0.335999995470047 -10.253000259399414 0.34609970450401306 1.1319999694824219 -999 23.239999771118164 21.819999694824219 21.100000381469727 20.680000305175781 0.0099999997764825821 0 0 0 11.989999771118164 43.590000152587891 85.739997863769531 123.30999755859375 24.802951812744141 23.401533126831055 22.667041778564453 22.272504806518555 57627.3828125 15.503849983215332 7.9802994728088379 7.6817760467529297 38.444972991943359 riz 0 57633.7890625 1.0205614566802979 1.174369215965271 0.65618735551834106 -0.050944678485393524 0.051149621605873108 22.994991302490234 0.048935845494270325 1.137637173087569e-05 5.1275105761305895e-07 0.0032144479919224977 -1.7433997356874897e-07 -1.3309198187982929e-08 46 53.397998809814453 0.21123860776424408 0.42670297622680664
SN: 1581017 10 0 C3 3 0 51.985999999999997 -27.793837 0.83888000249862671 0.0010000000474974513 0.83813202381134033 0.0010000000474974513 0.83813202381134033 0.0020936185028403997 0 300 0 0 0.0079112118110060692 1 1 107879 -9 -9 0.83890002965927124 0.0010000000474974513 51.985745999999999 -27.794318000000001 1.9119999408721924 1.1080000400543213 -9 10.909000396728516 0.014999999664723873 -9999 -9999 -5.8889999389648438 1.6679999828338623 -16.788000106811523 1.6729040145874023 1.1629999876022339 -999 25.809999465942383 23.709999084472656 22.370000839233398 21.709999084472656 0.039999999105930328 0.0099999997764825821 0 0 0.28999999165534973 1.6399999856948853 4.429999828338623 9.5 27.5 26.962890625 25.883991241455078 25.055690765380859 57730.12890625 14.036341667175293 9.5694160461425781 -99 36.898342132568359 iz 0 57727.79296875 0.71913242340087891 0.71167838573455811 0.52877593040466309 -0.0066043119877576828 0.095870509743690491 24.250320434570312 0.0533098503947258 3.5799105262412922e-06 1.7577427513515431e-07 0.0044620907865464687 -6.2475706386067031e-08 -7.3897150620894081e-09 26 14.0791015625 0.97194325923919678 0.2382453978061676
SN: 1387101 10 1 S2 3 0 41.601222999999997 -1.2252799999999999 0.48199999332427979 0.0010000000474974513 0.48092499375343323 0.0010000000474974513 0.48092496395111084 0.0017877544742077589 0 300 0 0 0.02961171418428421 1 1 -18230 -9 -9 0.48199999332427979 0.0010000000474974513 41.601401000000003 -1.225225 0.67000001668930054 0.97399997711181641 -9 9.3929996490478516 0.24799999594688416 -9999 -9999 -0.41200000047683716 0.28299999237060547 -9.8610000610351562 1.0961614847183228 0.47400000691413879 -999 24.819999694824219 23.840000152587891 23.469999313354492 23.010000228881836 0.039999999105930328 0.029999999329447746 0.019999999552965164 0.019999999552965164 2.5399999618530273 5.3899998664855957 8.7299995422363281 15.109999656677246 26.4879150390625 25.671028137207031 25.147464752197266 24.551837921142578 57643.2578125 21.546123504638672 19.821949005126953 15.050593376159668 59.352756500244141 riz 0 57649.35546875 0.5064130425453186 0.49520888924598694 0.44880589842796326 -0.030366837978363037 0.038645502179861069 22.516094207763672 0.045021500438451767 1.7683274563751183e-05 7.3326060601175413e-07 0.0039727720431983471 -2.0565165925745532e-07 -2.0024870650559023e-08 40 27.390834808349609 0.93526768684387207 0.19363376498222351
SN: 1645158 10 1 C1 3 0 54.691825999999999 -27.787437000000001 0.36096999049186707 0.0010000000474974513 0.36048001050949097 0.0010000000474974513 0.36048007011413574 0.0016891940031200647 0 300 0 0 0.0089025385677814484 1 1 111144 -9 -9 0.36100000143051147 0.0010000000474974513 54.691879999999998 -27.787324000000002 0.44299998879432678 0.60399997234344482 -9 10.147000312805176 0.064000003039836884 -9999 -9999 -0.3970000147819519 9.6029996871948242 -10.496000289916992 9.6031875610351562 1.468000054359436 -999 23.360000610351562 21.739999771118164 21.170000076293945 20.829999923706055 0.0099999997764825821 0 0 0 10.529999732971191 44.729999542236328 77 103.44999694824219 24.943929672241211 23.373502731323242 22.783773422241211 22.463172912597656 57756.1328125 22.714588165283203 20.33860969543457 16.129829406738281 52.584095001220703 giz 0 57750.06640625 0.59091496467590332 -1.7982152700424194 0.5277552604675293 0.088650055229663849 0.033152185380458832 22.369773864746094 0.050533410161733627 2.0234392650309019e-05 9.4176914444688009e-07 0.0082714557647705078 -2.8173329269520764e-07 -2.4313633772976573e-08 28 20.876810073852539 0.83044731616973877 0.66828650236129761
SN: 1533035 10 0 X1 3 0 35.171821999999999 -4.9827370000000002 0.58246999979019165 0.0010000000474974513 0.58117401599884033 0.0010000000474974513 0.58117401599884033 0.0018717499915510416 0 300 0 0 0.019980987533926964 1 2 105442 -9 -9 0.58249998092651367 0.0010000000474974513 35.171768999999998 -4.9826620000000004 0.32899999618530273 0.34900000691413879 -4.6220974922180176 10.800000190734863 0.017999999225139618 -9999 -9999 0.83600002527236938 0.49000000953674316 -9.9589996337890625 0.49681383371353149 1.0449999570846558 -999 23.25 21.989999771118164 21.209999084472656 20.799999237060547 0.0099999997764825821 0 0 0 11.680000305175781 39 80.629997253417969 109.33999633789062 24.831392288208008 23.5223388671875 22.733758926391602 22.403053283691406 57694.0625 10.563785552978516 8.8010730743408203 4.0763978958129883 24.13072395324707 riz 0 57694.21875 1.0101239681243896 -0.80795538425445557 0.66220748424530029 -0.11265974491834641 0.077178627252578735 23.241565704345703 0.067940458655357361 9.0651301434263587e-06 5.672548013535561e-07 0.0020923700649291277 -2.2588621106933715e-07 -1.6059008345337134e-08 47 55.204292297363281 0.19233302772045135 0.4621223509311676
SN: 1390343 10 0 X3 3 0 36.001148000000001 -4.4938779999999996 0.89270001649856567 0.0010000000474974513 0.89117199182510376 0.0010000000474974513 0.89117193222045898 0.0021403983701020479 0 300 0 0 0.023247413337230682 1 3 49007 -9 -9 0.89270001649856567 0.0010000000474974513 36.001660999999999 -4.4941139999999997 2.0280001163482666 2.25 -1.8284052610397339 10.067000389099121 0.034000001847743988 -9999 -9999 1.9880000352859497 0.008999999612569809 -8.0419998168945312 0.032280024141073227 0.19799999892711639 -999 23.520000457763672 22.950000762939453 22.350000381469727 22.059999465942383 0.0099999997764825821 0 0 0 2.1800000667572021 4.25 6.5300002098083496 6.630000114440918 26.653858184814453 25.929027557373047 25.462717056274414 25.446216583251953 57655.19921875 17.499439239501953 11.450041770935059 -99 39.611015319824219 iz 0 57655.02734375 0.7057567834854126 -0.50346279144287109 0.49342137575149536 -0.26479053497314453 0.092859774827957153 24.025642395019531 0.041905924677848816 4.4029411583323963e-06 1.6993936924336595e-07 0.0024387412704527378 -5.1151790358971994e-08 -3.2968334728877835e-09 30 31.364284515380859 0.39766025543212891 0.89844781160354614
SN: 1699105 10 0 C2 3 0 54.708187000000002 -28.239917999999999 0.46641999483108521 0.0010000000474974513 0.46589699387550354 0.0010000000474974513 0.46589696407318115 0.0017753089778125286 0 300 0 0 0.011665827594697475 1 1 117199 -9 -9 0.46639999747276306 0.0010000000474974513 54.707991 -28.240286000000001 1.4630000591278076 1.0590000152587891 -9 10.836999893188477 0.017000000923871994 -9999 -9999 0.9309999942779541 0.29600000381469727 -9.9110002517700195 0.30535387992858887 0.91699999570846558 -999 22.760000228881836 21.299999237060547 20.680000305175781 20.25 0.0099999997764825821 0 0 0 14.270000457763672 51.360000610351562 81.290000915527344 109.84999847412109 24.613941192626953 23.223438262939453 22.724906921386719 22.397998809814453 57784.03515625 17.510482788085938 12.010772705078125 9.0886125564575195 39.927131652832031 riz 0 57784.62109375 0.91492009162902832 1.6520539522171021 0.85200226306915283 0.057152241468429565 0.054901029914617538 22.721158981323242 0.055900357663631439 1.4639845176134259e-05 7.5374902053226833e-07 0.0097628179937601089 -3.3850213299047027e-07 -2.9242743337931643e-08 11 3.5075547695159912 0.98217904567718506 0.58270633220672607
SN: 1435033 10 0 C2 3 0 54.91816 -28.451902 0.5809599757194519 0.0010000000474974513 0.58040398359298706 0.0010000000474974513 0.58040404319763184 0.0018710987642407417 0 300 0 0 0.0095397643744945526 1 2 100004 -9 -9 0.58099997043609619 0.0010000000474974513 54.918469999999999 -28.451540000000001 1.6319999694824219 1.5690000057220459 -2.1981663703918457 10.520000457763672 0.029999999329447746 -9999 -9999 0.77999997138977051 0.87800002098083496 -9.7650003433227539 0.88671302795410156 1.2619999647140503 -999 24.440000534057617 22.780000686645508 22.020000457763672 21.510000228881836 0.029999999329447746 0.0099999997764825821 0.0099999997764825821 0 2.5699999332427979 10.579999923706055 22.360000610351562 27.260000228881836 26.475166320800781 24.938785552978516 24.126319885253906 23.911186218261719 57653.37109375 10.904800415039062 10.678176879882812 9.4733772277832031 28.800722122192383 riz 0 57653.5703125 0.86377966403961182 -0.98959100246429443 0.64348936080932617 0.021063432097434998 0.072747774422168732 23.460886001586914 0.065422616899013519 7.4070535447390284e-06 4.4632281515077921e-07 0.010150075890123844 -1.618130056613154e-07 -1.9268513895553951e-08 50 36.960643768310547 0.91467785835266113 0.3372531533241272
SN: 1593067 10 101 C2 3 0 54.871406999999998 -29.832599999999999 0.34821999073028564 0.0010000000474974513 0.34775599837303162 0.0010000000474974513 0.347756028175354 0.0016789492219686508 0 300 0 0 0.010444186627864838 1 1 108178 -9 -9 0.3481999933719635 0.0010000000474974513 54.871262000000002 -29.832689999999999 0.5559999942779541 0.67100000381469727 -9 10.453000068664551 0.0099999997764825821 -9999 -9999 0.90799999237060547 0.24500000476837158 -9.5380001068115234 0.24792942404747009 1.0609999895095825 -999 22.239999771118164 21 20.479999542236328 20.100000381469727 0 0 0 0 25.450000762939453 79.419998168945312 143.30999755859375 179.55000305175781 23.985780715942383 22.750175476074219 22.109308242797852 21.864536285400391 57730.21484375 18.281429290771484 17.323640823364258 13.486223220825195 56.043964385986328 griz 0 57729.2890625 0.34098827838897705 0.50698691606521606 0.38869625329971313 0.22529061138629913 0.030392967164516449 22.776596069335938 0.042875926941633224 1.3911108908359893e-05 5.4935230764385778e-07 0.0044113169424235821 -1.5337600700604526e-07 -1.1157800017258523e-08 47 37.970436096191406 0.82347869873046875 0.7697489857673645
SN: 1646092 10 0 C2 3 0 54.967692999999997 -28.979472999999999 0.72130000591278076 0.0010000000474974513 0.72070199251174927 0.0010000000474974513 0.72070193290710449 0.0019911720883101225 0 300 0 0 0.011719705536961555 1 2 112546 -9 -9 0.72130000591278076 0.0010000000474974513 54.967179999999999 -28.979538000000002 1.6319999694824219 1.378000020980835 -2.6018795967102051 10.64799976348877 0.030999999493360519 -9999 -9999 0.84799998998641968 0.58399999141693115 -9.7849998474121094 0.59336411952972412 1.0509999990463257 -999 24.989999771118164 23.540000915527344 22.549999237060547 22.069999694824219 0.039999999105930328 0.019999999552965164 0.0099999997764825821 0.0099999997764825821 1.2100000381469727 3.309999942779541 7.9200000762939453 12.029999732971191 27.293037414550781 26.200429916381836 25.25318717956543 24.799335479736328 57740.1171875 9.6011686325073242 7.2158594131469727 5.846473217010498 21.198467254638672 riz 0 57733.45703125 0.82220005989074707 -2.3084938526153564 0.73428231477737427 -0.11668922007083893 0.088008761405944824 23.896923065185547 0.082035355269908905 4.9571358431421686e-06 3.7454807966241788e-07 0.016071807593107224 -1.872847548156642e-07 -4.3110031100468404e-09 47 57.498565673828125 0.14030192792415619 0.86221814155578613
SN: 1514059 10 0 C2 3 0 55.145919999999997 -28.627946999999999 0.52480000257492065 0.0010000000474974513 0.52427101135253906 0.0010000000474974513 0.52427101135253906 0.0018238703487440944 0 300 0 0 0.011002526618540287 1 3 -22745 -9 -9 0.52480000257492065 0.0010000000474974513 55.145924000000001 -28.627918000000001 0.10599999874830246 0.10100000351667404 -6.1281208992004395 11.062000274658203 0.045000001788139343 -9999 -9999 0.098999999463558197 7.1840000152587891 -10.987000465393066 7.1851944923400879 1.2330000400543213 -999 22.790000915527344 21.129999160766602 20.370000839233398 19.959999084472656 0.0099999997764825821 0 0 0 18.229999542236328 91.349998474121094 181.49000549316406 252.52999877929688 24.348033905029297 22.598228454589844 21.852867126464844 21.494216918945312 57694.1953125 9.5763444900512695 6.1814661026000977 5.2439656257629395 22.084888458251953 riz 0 57687.6015625 1.4035286903381348 0.38518041372299194 0.87427783012390137 0.04338952898979187 0.085375621914863586 23.430562973022461 0.088813267648220062 7.6168444138602354e-06 6.2305821302288678e-07 0.0023076380603015423 -2.8427800202734943e-07 -2.6476948633558095e-08 49 32.6817626953125 0.96473664045333862 0.19339913129806519
SN: 1434258 10 0 C3 3 0 52.984046999999997 -27.694552000000002 0.6626020073890686 0.0010000000474974513 0.66195297241210938 0.0010000000474974513 0.66195297241210938 0.0019405602943152189 0 300 0 0 0.0083773965016007423 1 1 102331 -9 -9 0.66259998083114624 0.0010000000474974513 52.984059000000002 -27.694548999999999 0.039999999105930328 0.064999997615814209 -9 9.3389997482299805 0.071999996900558472 -9999 -9999 1.062999963760376 1.0789999961853027 -8.2519998550415039 1.0818881988525391 0.27900001406669617 -999 24.469999313354492 23.649999618530273 23.170000076293945 22.950000762939453 0.0099999997764825821 0.0099999997764825821 0.0099999997764825821 0.0099999997764825821 3.75 7.4800000190734863 11.989999771118164 13.25 26.064922332763672 25.31524658203125 24.802951812744141 24.694459915161133 57681.1328125 18.625192642211914 18.206817626953125 15.235183715820312 57.740272521972656 riz 0 57676.3046875 0.44450485706329346 1.081256628036499 0.4112057089805603 0.021245256066322327 0.040707089006900787 23.611921310424805 0.047017853707075119 6.4451246544194873e-06 2.7910641620110255e-07 0.0062140855006873608 -9.3482448448867217e-08 -6.6121295105858735e-09 40 42.884479522705078 0.34854906797409058 0.36731034517288208
SN: 1385052 10 0 X3 3 0 36.642825999999999 -4.7482470000000001 0.80250000953674316 0.0010000000474974513 0.80106502771377563 0.0010000000474974513 0.80106496810913086 0.0020611074287444353 0 300 0 0 0.021838732063770294 1 1 49010 -9 -9 0.80250000953674316 0.0010000000474974513 36.642825999999999 -4.7482829999999998 0.1289999932050705 0.085000000894069672 -9 10.98799991607666 0.026000000536441803 -9999 -9999 0.95999997854232788 0.50800001621246338 -10.053000450134277 0.51736640930175781 1.3559999465942383 -999 25.790000915527344 23.920000076293945 22.639999389648438 21.979999542236328 0.059999998658895493 0.0099999997764825821 0.0099999997764825821 0 1.1000000238418579 6.4899997711181641 21 36.849998474121094 27.396518707275391 25.469388961791992 24.194452285766602 23.583906173706055 57643.2421875 15.479135513305664 10.467397689819336 7.8937630653381348 40.789623260498047 riz 0 57645.84765625 0.65331995487213135 0.45314458012580872 0.53725576400756836 -0.0096752289682626724 0.044814236462116241 24.113620758056641 0.045454427599906921 4.0602371882414445e-06 1.6998212970520399e-07 0.00171203154604882 -6.6465688064454298e-08 -2.3506702140352331e-10 47 41.558467864990234 0.69671916961669922 0.15445281565189362
SN: 1392400 10 1 C1 3 0 54.931809000000001 -26.412486999999999 0.45258000493049622 0.0010000000474974513 0.45205101370811462 0.0010000000474974513 0.45205104351043701 0.0017638781573623419 0 300 0 0 0.011520650237798691 1 2 50117 -9 -9 0.45260000228881836 0.0010000000474974513 54.931742 -26.412575 0.38400000333786011 0.57200002670288086 -3.7708570957183838 9.0830001831054688 0.023000000044703484 -9999 -9999 0.87300002574920654 0.16599999368190765 -8.2019996643066406 0.17651061713695526 0.10300000011920929 -999 23.559999465942383 22.780000686645508 22.510000228881836 22.299999237060547 0.0099999997764825821 0.0099999997764825821 0.0099999997764825821 0.0099999997764825821 7.880000114440918 17.629999160766602 21.889999389648438 26.100000381469727 25.258684158325195 24.384368896484375 24.149385452270508 23.958398818969727 57653.34765625 29.225011825561523 17.62553596496582 14.841926574707031 58.510086059570312 riz 0 57657.62890625 0.53491169214248657 -0.24643617868423462 0.39689543843269348 -0.091652199625968933 0.04066234827041626 22.461147308349609 0.041467338800430298 1.8601193005451933e-05 7.1043223215383478e-07 0.0015380448894575238 -1.2430250251327379e-07 -2.0101660780369457e-08 59 45.279384613037109 0.90560925006866455 0.31635832786560059
SN: 1721068 10 0 C2+C3 3 0 53.321269999999998 -28.890017 0.2942500114440918 0.0010000000474974513 0.29376301169395447 0.0010000000474974513 0.29376304149627686 0.0016358657740056515 0 300 0 0 0.0061589772813022137 1 1 118805 -9 -9 0.29429998993873596 0.0010000000474974513 53.321237000000004 -28.889968 0.20499999821186066 0.17599999904632568 -9 10.527999877929688 0.0080000003799796104 -9999 -9999 1.1449999809265137 0.12700000405311584 -9.380000114440918 0.13049520552158356 0.9570000171661377 -999 21.700000762939453 20.770000457763672 20.329999923706055 20.040000915527344 0 0 0 0 59.150001525878906 141.78999328613281 214.33000183105469 264.19000244140625 23.070114135742188 22.120885848999023 21.672292709350586 21.445209503173828 57791.09375 33.821842193603516 31.897609710693359 27.937824249267578 98.400619506835938 griz 0 57791.40234375 0.23582559823989868 -0.89773690700531006 0.32179713249206543 0.11260560899972916 0.024118099361658096 22.018085479736328 0.03267451748251915 2.7974712793366052e-05 8.4188059190637432e-07 0.0036638996098190546 -1.7494330961653759e-07 -1.5748426562822715e-08 28 21.316898345947266 0.81189101934432983 0.48003864288330078
SN: 1488098 10 0 X3 3 0 36.081322 -4.4225219999999998 0.75217002630233765 0.0010000000474974513 0.75075697898864746 0.0010000000474974513 0.75075697898864746 0.0020172358490526676 0 300 0 0 0.021404337137937546 1 1 104677 -9 -9 0.75220000743865967 0.0010000000474974513 36.081302999999998 -4.4225510000000003 0.12399999797344208 0.11999999731779099 -9 10.937999725341797 0.0020000000949949026 -9999 -9999 -0.6589999794960022 1.375 -11.602999687194824 1.3775634765625 1.4140000343322754 -999 24.790000915527344 22.940000534057617 21.590000152587891 21.200000762939453 0.019999999552965164 0 0 0 2.1800000667572021 15.159999847412109 45.549999237060547 70.389999389648438 26.653858184814453 24.548252105712891 23.353778839111328 22.881221771240234 57681.2890625 17.020023345947266 16.509147644042969 9.4097557067871094 47.566776275634766 riz 0 57686.03125 0.55033934116363525 -0.29179203510284424 0.35403835773468018 -0.16542121767997742 0.04301014170050621 23.620756149291992 0.040155865252017975 6.3928900999599136e-06 2.3644052760118939e-07 0.0025960768107324839 -5.7302521838664688e-08 -9.1817037306540783e-10 41 49.056324005126953 0.18144872784614563 0.55991673469543457
SN: 1647048 10 0 X1 3 0 34.744872999999998 -5.1390399999999996 0.71022999286651611 0.0010000000474974513 0.70881998538970947 0.0010000000474974513 0.70881998538970947 0.0019808996003121138 0 300 0 0 0.017824346199631691 1 2 -22237 -9 -9 0.71020001173019409 0.0010000000474974513 34.744982999999998 -5.139049 0.39399999380111694 0.31099998950958252 -4.7696752548217773 11.149999618530273 0.035999998450279236 -9999 -9999 -1.312999963760376 8.6870002746582031 -12.467000007629395 8.6872282028198242 1.5479999780654907 -999 24.340000152587891 22.409999847412109 21.25 20.75 0.039999999105930328 0.0099999997764825821 0 0 4.2899999618530273 25.770000457763672 74.680000305175781 120.52999877929688 25.918857574462891 23.972213745117188 22.816989898681641 22.297262191772461 57756.0546875 8.1595592498779297 8.0731029510498047 5.9095864295959473 24.910488128662109 riz 0 57758.1796875 0.91685044765472412 0.078336112201213837 0.82618534564971924 -0.062754824757575989 0.0711798295378685 23.394798278808594 0.06975487619638443 7.871920388424769e-06 5.0574425358718145e-07 0.015845064073801041 -3.0600165246141842e-07 -7.9886897097480869e-09 17 11.913385391235352 0.80535346269607544 0.2108062207698822
SN: 1298369 10 0 X1 3 0 33.548611000000001 -5.1375820000000001 0.47916999459266663 0.0010000000474974513 0.47792300581932068 0.0010000000474974513 0.47792303562164307 0.0017852651653811336 0 300 0 0 0.016105296090245247 1 1 35296 -9 -9 0.47920000553131104 0.0010000000474974513 33.548341999999998 -5.1371890000000002 1.7120000123977661 1.6829999685287476 -9 11.416999816894531 0.0020000000949949026 -9999 -9999 -10 0 -21.437999725341797 0.0070000002160668373 2.1549999713897705 -999 23.040000915527344 21.379999160766602 20.690000534057617 20.25 0.0099999997764825821 0 0 0 7.7100000381469727 25.180000305175781 44.020000457763672 68.129997253417969 25.282363891601562 23.997360229492188 23.390874862670898 22.916654586791992 56924.16796875 19.163267135620117 14.032387733459473 6.4559879302978516 43.092929840087891 riz 0 56931.09765625 0.98462498188018799 1.9238722324371338 0.80052757263183594 -0.24966324865818024 0.054101660847663879 22.518598556518555 0.047935228794813156 1.7642532839090563e-05 7.7891741057101171e-07 -0.0025917219463735819 -3.4893170663963247e-07 -2.0302584502474019e-08 22 33.909809112548828 0.050171125680208206 1.0506324768066406
SN: 1309870 10 0 C3 3 0 53.223663000000002 -28.214186000000002 1.0145900249481201 0.0010000000474974513 1.0138189792633057 0.0010000000474974513 1.0138189792633057 0.0022496399469673634 0 300 0 0 0.0062323641031980515 1 1 27550 -9 -9 1.0146000385284424 0.0010000000474974513 53.22343 -28.214507999999999 1.375 1.5970000028610229 -9 11.25 0.029999999329447746 -9999 -9999 -0.72500002384185791 9.2749996185302734 -12.015999794006348 9.2754459381103516 1.434999942779541 -999 25.5 23.430000305175781 22.219999313354492 21.239999771118164 0.039999999105930328 0.0099999997764825821 0 0 0.82999998331069946 4.5799999237060547 15.600000381469727 43.040000915527344 27.5 25.847835540771484 24.517189025878906 23.415319442749023 56987.25390625 11.219947814941406 6.6771426200866699 -99 22.990459442138672 iz 0 56985.1875 1.1812485456466675 -2.1054210662841797 0.62646281719207764 0.015963928773999214 0.16706004738807678 24.766937255859375 0.078084006905555725 2.2244619231059914e-06 1.5997891011920728e-07 0.015342519618570805 -4.8567173394076235e-08 1.1778023889519318e-08 30 23.435779571533203 0.79692941904067993 0.70382153987884521
SN: 1298893 10 1 X2 3 0 35.724032999999999 -6.2568279999999996 0.19711999595165253 0.0010000000474974513 0.19615599513053894 0.0010000000474974513 0.19615602493286133 0.0015597110614180565 0 300 0 0 0.02513471245765686 1 1 36019 -9 -9 0.19709999859333038 0.0010000000474974513 35.724440999999999 -6.2570480000000002 1.6599999666213989 0.80900001525878906 -9 10.78600025177002 0.068000003695487976 -9999 -9999 0.335999995470047 9.6029996871948242 -10.418000221252441 9.6045398712158203 1.4589999914169312 -999 21.020000457763672 19.700000762939453 19.139999389648438 19.010000228881836 0 0 0 0 43.689998626708984 131.02000427246094 197.00999450683594 352.60000610351562 23.399044036865234 22.206655502319336 21.763778686523438 21.131793975830078 56931.16015625 45.320236206054688 44.751003265380859 39.224418640136719 105.49258422851562 griz 0 56935.82421875 0.28653571009635925 -2.3003280162811279 0.26197803020477295 -0.027822740375995636 0.040092088282108307 20.849483489990234 0.053117405623197556 8.2074184319935739e-05 4.0153104237106163e-06 0.0039298105984926224 -5.9289732234901749e-07 -1.3168570944799285e-07 23 13.491898536682129 0.94050401449203491 0.77236431837081909
SN: 1301332 10 0 S2 3 0 41.271008000000002 -1.558829 0.46860998868942261 0.0010000000474974513 0.46753799915313721 0.0010000000474974513 0.46753799915313721 0.0017766660312190652 0 300 0 0 0.02765093557536602 1 1 33890 -9 -9 0.46860000491142273 0.0010000000474974513 41.271028999999999 -1.558635 0.70099997520446777 0.51200002431869507 -9 10.682000160217285 0.016000000759959221 -9999 -9999 0.80299997329711914 0.16699999570846558 -9.8610000610351562 0.17220047116279602 0.78600001335144043 -999 23.040000915527344 21.670000076293945 21.120000839233398 20.709999084472656 0.0099999997764825821 0 0 0 15.789999961853027 53.540000915527344 88.860000610351562 117.68000030517578 24.504043579101562 23.178304672241211 22.62823486328125 22.323244094848633 56943.2109375 13.02921199798584 10.390644073486328 8.752720832824707 32.753589630126953 riz 0 56943.09765625 0.58946430683135986 -0.83903282880783081 0.57001239061355591 0.047483164817094803 0.063102386891841888 22.903614044189453 0.079643964767456055 1.2375267033348791e-05 9.0778530648094602e-07 0.009454578161239624 -3.3509587638036464e-07 -4.2417536150196611e-08 37 28.3232421875 0.84642136096954346 0.32135841250419617
SN: 1323831 10 0 C3 3 0 52.853745000000004 -27.137775000000001 0.31130999326705933 0.0010000000474974513 0.31079098582267761 0.0010000000474974513 0.310791015625 0.0016493835719302297 0 300 0 0 0.0069996020756661892 2 2 -11789 -9 -9 0.31130000948905945 0.0010000000474974513 52.853769999999997 -27.137886999999999 0.41200000047683716 0.2800000011920929 -3.8797409534454346 10.623000144958496 0.013000000268220901 -9999 -9999 1.1519999504089355 0.012000000104308128 -9.4770002365112305 0.023323807865381241 1.0230000019073486 -999 21.600000381469727 20.540000915527344 20.010000228881836 19.469999313354492 0 0 0 0 59.299999237060547 153.39999389648438 238.92999267578125 335.510009765625 23.067363739013672 22.035436630249023 21.554323196411133 21.185735702514648 57025.140625 18.933553695678711 16.277631759643555 12.786960601806641 39.734352111816406 griz 0 57028.921875 0.68792617321014404 0.59236824512481689 0.79466760158538818 0.046056095510721207 0.044803328812122345 22.387832641601562 0.070148415863513947 1.9900633560610004e-05 1.2857616411565687e-06 0.019423026591539383 -7.0796642148707178e-07 -3.6677423764785999e-08 12 25.093416213989258 0.014386354945600033 0.25011476874351501
SN: 1305873 10 0 C1+C3 3 0 53.600749999999998 -27.665558000000001 0.60153001546859741 0.0010000000474974513 0.60092198848724365 0.0010000000474974513 0.60092198848724365 0.0018884839955717325 0 300 0 0 0.0071587483398616314 1 1 22270 -9 -9 0.60149997472763062 0.0010000000474974513 53.600513999999997 -27.665676999999999 0.86699998378753662 0.99199998378753662 -9 9.2320003509521484 0.035000000149011612 -9999 -9999 1.0900000333786011 0.34099999070167542 -8.1350002288818359 0.35048824548721313 0.072999998927116394 -999 24.200000762939453 23.440000534057617 23.079999923706055 22.969999313354492 0.019999999552965164 0.019999999552965164 0.019999999552965164 0.019999999552965164 4.0300002098083496 9.0900001525878906 12.340000152587891 13.159999847412109 25.986736297607422 25.10359001159668 24.771711349487305 24.701860427856445 56980.3203125 48.690383911132812 33.378269195556641 23.908365249633789 104.15968322753906 riz 0 56979.0234375 0.4063701331615448 1.2480324506759644 0.26706448197364807 0.015094911679625511 0.026377715170383453 23.345535278320312 0.024912633001804352 8.2373262557666749e-06 1.8900860254689178e-07 0.00069916393840685487 -2.8670207541381387e-08 -2.7875191044302028e-09 88 76.128883361816406 0.81264501810073853 0.41904264688491821
SN: 1302123 10 0 C3 3 0 52.453339 -28.578219000000001 0.29207000136375427 0.0010000000474974513 0.29156199097633362 0.0010000000474974513 0.29156196117401123 0.0016341232694685459 0 300 0 0 0.0076098144054412842 1 1 26314 -9 -9 0.29210001230239868 0.0010000000474974513 52.453431000000002 -28.578406999999999 0.73600000143051147 0.76599997282028198 -9 10.496999740600586 0.012000000104308128 -9999 -9999 0.94300001859664917 0.13600000739097595 -9.5380001068115234 0.14422205090522766 0.95999997854232788 -999 21.360000610351562 20.360000610351562 19.75 19.319999694824219 0 0 0 0 64.419998168945312 173.71000671386719 257.3900146484375 327.6099853515625 22.977447509765625 21.90043830871582 21.473522186279297 21.211606979370117 56960.30078125 72.960891723632812 46.609638214111328 33.582595825195312 145.2314453125 griz 0 56960.5703125 0.2663724422454834 -0.84047245979309082 0.18431928753852844 -0.048374481499195099 0.022091381251811981 21.503684997558594 0.029070032760500908 4.4928892748430371e-05 1.2029481695208233e-06 0.0010547165293246508 -1.2303456742301933e-07 -1.8557454239953586e-08 26 20.160825729370117 0.7838742733001709 0.32324790954589844
SN: 1304501 10 0 S2 3 0 41.909706 -1.2715799999999999 0.51990997791290283 0.0010000000474974513 0.51881599426269531 0.0010000000474974513 0.51881599426269531 0.0018193077994510531 0 300 0 0 0.033686891198158264 1 2 32923 -9 -9 0.51990002393722534 0.0010000000474974513 41.909886 -1.2716149999999999 0.65799999237060547 0.8399999737739563 -2.9821972846984863 9.4289999008178711 0.019999999552965164 -9999 -9999 1.031000018119812 0.34599998593330383 -8.4200000762939453 0.35468295216560364 0.070000000298023224 -999 23.319999694824219 22.530000686645508 22.290000915527344 22.170000076293945 0.0099999997764825821 0.0099999997764825821 0.0099999997764825821 0.0099999997764825821 10.800000190734863 22.430000305175781 30.670000076293945 30.819999694824219 24.916440963745117 24.122926712036133 23.783214569091797 23.777917861938477 56964.21875 9.3992786407470703 7.0353798866271973 6.0977377891540527 23.939462661743164 riz 0 56955.25390625 1.0542316436767578 -2.1355669498443604 0.75631499290466309 0.10962586104869843 0.083036914467811584 23.500085830688477 0.081749409437179565 7.1443942033511121e-06 5.3792996368429158e-07 0.00043292489135637879 -1.3439625945466105e-07 -3.0406621220890884e-08 38 35.850444793701172 0.56924360990524292 0.80016869306564331
SN: 1297927 10 0 E2 3 0 9.8767680000000002 -44.063129000000004 0.28604999184608459 0.0010000000474974513 0.28513100743293762 0.0010000000474974513 0.28513097763061523 0.0016290383646264672 0 300 0 0 0.0059441961348056793 1 2 30678 -9 -9 0.28600001335144043 0.0010000000474974513 9.8767720000000008 -44.063009000000001 0.4309999942779541 0.57499998807907104 -3.5830762386322021 9.5059995651245117 0.008999999612569809 -9999 -9999 -0.25699999928474426 0.030999999493360519 -9.7329998016357422 0.04455333948135376 0.59799998998641968 -999 23 22.149999618530273 21.780000686645508 21.469999313354492 0.0099999997764825821 0 0 0.0099999997764825821 13.989999771118164 31.020000457763672 43.880001068115234 53.919998168945312 24.635456085205078 23.770895004272461 23.394332885742188 23.170625686645508 56943.01953125 56.827117919921875 43.400253295898438 40.996109008789062 148.32586669921875 griz 0 56940.52734375 0.18247820436954498 0.21524007618427277 0.166302889585495 -0.067684538662433624 0.017040502279996872 21.348377227783203 0.023435270413756371 5.1838142098858953e-05 1.1189098358954652e-06 0.00062191608594730496 -1.1768485563834474e-07 -1.161864116028255e-08 38 37.504253387451172 0.49220749735832214 0.23674832284450531
SN: 1302199 10 0 C3 3 0 52.618850999999999 -27.356852 0.87076002359390259 0.0010000000474974513 0.8700140118598938 0.0010000000474974513 0.87001395225524902 0.0021217020694166422 0 300 0 0 0.0073047438636422157 1 1 25995 -9 -9 0.87080001831054688 0.0010000000474974513 52.619010000000003 -27.356663000000001 0.84799998998641968 1.0199999809265137 -9 9.5430002212524414 0.008999999612569809 -9999 -9999 1.5490000247955322 0.35899999737739563 -8.0069999694824219 0.36483696103096008 0.056000001728534698 -999 24.129999160766602 23.729999542236328 23.110000610351562 22.860000610351562 0.0099999997764825821 0.0099999997764825821 0.0099999997764825821 0.0099999997764825821 4.1999998092651367 6.429999828338623 10.600000381469727 14.439999580383301 25.941877365112305 25.479473114013672 24.936735153198242 24.601081848144531 56961.30859375 23.252534866333008 16.991954803466797 -99 51.034965515136719 iz 0 56956.5546875 0.75435686111450195 1.5910004377365112 0.46942448616027832 0.18381793797016144 0.077778644859790802 24.016288757324219 0.041281268000602722 4.4410403461370151e-06 1.6885481102235644e-07 0.0024771844036877155 -5.1277048385145463e-08 -5.2090634028445493e-09 28 31.719226837158203 0.28608664870262146 0.81036239862442017
SN: 1318661 10 0 C2 3 0 55.129458999999997 -28.489934999999999 0.34498000144958496 0.0010000000474974513 0.34451198577880859 0.0010000000474974513 0.34451198577880859 0.0016763427993282676 0 300 0 0 0.0096284095197916031 1 1 24335 -9 -9 0.3449999988079071 0.0010000000474974513 55.129572000000003 -28.489968000000001 0.37599998712539673 0.25999999046325684 -9 10.793000221252441 0.023000000044703484 -9999 -9999 0.61599999666213989 10.616000175476074 -10.196999549865723 10.61635684967041 1.4939999580383301 -999 22.190000534057617 20.600000381469727 20.010000228881836 19.649999618530273 0 0 0 0 33.259998321533203 147.94000244140625 245.1300048828125 325.23001098632812 23.695194244384766 22.074785232543945 21.526508331298828 21.219524383544922 57004.04296875 20.596376419067383 16.58726692199707 10.986871719360352 39.281082153320312 griz 0 57007.19140625 0.77561646699905396 -2.4323263168334961 0.56044453382492065 0.017740637063980103 0.038210906088352203 22.440744400024414 0.060425091534852982 1.8954044207930565e-05 1.0548601494519971e-06 0.0042326278053224087 -1.7641251304212346e-07 -1.9002650120114595e-08 50 58.039527893066406 0.20316094160079956 0.81292921304702759
SN: 1309227 10 0 C3 3 0 53.180793999999999 -28.452227000000001 0.92649000883102417 0.0010000000474974513 0.92575502395629883 0.0010000000474974513 0.92575502395629883 0.0021710556466132402 0 300 0 0 0.0068900994956493378 1 2 27315 -9 -9 0.92650002241134644 0.0010000000474974513 53.180925999999999 -28.452266999999999 0.44200000166893005 0.59299999475479126 -3.5511064529418945 10.253999710083008 0.076999999582767487 -9999 -9999 0.65600001811981201 0.18199999630451202 -9.6230001449584961 0.38124662637710571 0.53100001811981201 -999 24.329999923706055 23.659999847412109 22.850000381469727 22.420000076293945 0.0099999997764825821 0.0099999997764825821 0.0099999997764825821 0 4.0799999237060547 7.5399999618530273 16.110000610351562 23.350000381469727 25.973350524902344 25.306571960449219 24.482261657714844 24.079282760620117 56980.2578125 11.877653121948242 10.700051307678223 -99 28.520530700683594 iz 0 56973.3359375 1.0461338758468628 0.09464070200920105 0.67073327302932739 -0.10163642466068268 0.12340210378170013 24.599540710449219 0.057862255722284317 2.5952749638236128e-06 1.3831026990374085e-07 0.011788398958742619 -6.0639294474640337e-08 -1.3337381199463039e-09 28 18.793846130371094 0.90437555313110352 0.34025365114212036
SN: 1291957 10 1 E1 3 0 7.200018 -43.562266999999999 0.37244001030921936 0.0010000000474974513 0.37142899632453918 0.0010000000474974513 0.3714289665222168 0.0016980364453047514 0 300 0 0 0.0058982660993933678 1 1 294699 -9 -9 0.37239998579025269 0.0010000000474974513 7.2001650000000001 -43.562292999999997 0.39500001072883606 1.3899999856948853 -9 7.6739997863769531 0.12700000405311584 -9999 -9999 -2.1670000553131104 7.304999828338623 -9.8780002593994141 7.3276734352111816 0.41899999976158142 -999 26.809999465942383 25.770000457763672 25.680000305175781 25.780000686645508 0.28999999165534973 0.12999999523162842 0.15999999642372131 0.2800000011920929 0.5 0.68999999761581421 1.0499999523162842 0.15999999642372131 27.5 27.5 27.447027206420898 27.5 56903.109375 25.412929534912109 19.164169311523438 16.491977691650391 72.147727966308594 griz 0 56905.6953125 0.31120538711547852 0.37540772557258606 0.27510637044906616 -0.052919469773769379 0.02745552733540535 21.887514114379883 0.042778607457876205 3.1549610866932198e-05 1.2430721199052641e-06 0.0033477356191724539 -2.6768276484290254e-07 -2.3735731602414489e-08 45 42.486610412597656 0.57900810241699219 0.21627606451511383
SN: 1291242 10 0 X2 3 0 35.999110999999999 -6.2898829999999997 0.28007999062538147 0.0010000000474974513 0.27905499935150146 0.0010000000474974513 0.27905499935150146 0.0016242429846897721 0 300 0 0 0.026364738121628761 1 1 35997 -9 -9 0.28009998798370361 0.0010000000474974513 35.999079000000002 -6.2896390000000002 0.88400000333786011 0.93800002336502075 -9 9.8950004577636719 0.016000000759959221 -9999 -9999 1.3220000267028809 0.15600000321865082 -8.5550003051757812 0.15867261588573456 0.47900000214576721 -999 21.819999694824219 21.020000457763672 20.670000076293945 20.450000762939453 0 0 0 0 38.25 82.769996643066406 112.05999755859375 142.49000549316406 23.543420791625977 22.705318450927734 22.376373291015625 22.11553955078125 56904.2265625 31.329914093017578 22.879201889038086 16.876152038574219 63.663829803466797 griz 0 56898.15234375 0.3458918035030365 0.28538015484809875 0.32951757311820984 0.099060095846652985 0.027851492166519165 21.90403938293457 0.041716303676366806 3.1073097488842905e-05 1.1938948318857001e-06 0.0026399216149002314 -2.3785381131347094e-07 -2.3307791252591414e-08 36 27.998291015625 0.82726150751113892 0.34362965822219849
SN: 1319926 10 0 C2 3 0 53.365943999999999 -28.932509 0.56400001049041748 0.0010000000474974513 0.56341302394866943 0.0010000000474974513 0.56341302394866943 0.001856750575825572 0 300 0 0 0.0060758581385016441 1 2 25034 -9 -9 0.56400001049041748 0.0010000000474974513 53.365976000000003 -28.932434000000001 0.28700000047683716 0.34200000762939453 -4.5634250640869141 9.7569999694824219 0.012000000104308128 -9999 -9999 1.5069999694824219 0.25699999928474426 -8.2519998550415039 0.25886291265487671 0.16899999976158142 -999 22.979999542236328 22.110000610351562 21.790000915527344 21.659999847412109 0.0099999997764825821 0 0 0.0099999997764825821 16.079999923706055 36.709999084472656 49.110000610351562 53.909999847412109 24.484285354614258 23.588039398193359 23.272075653076172 23.170825958251953 57017.24609375 20.592742919921875 12.216928482055664 6.9489536285400391 31.599063873291016 riz 0 57010.74609375 1.239688515663147 -0.84151631593704224 0.64686751365661621 0.070004090666770935 0.069049358367919922 23.259504318237305 0.051847726106643677 8.9165787358069792e-06 4.2579802084219409e-07 -0.00060243275947868824 -8.9924505175531522e-08 -2.9294117354083937e-08 33 37.704929351806641 0.26273158192634583 0.36487546563148499
SN: 1315818 10 0 C1 3 0 54.610171999999999 -27.541802000000001 0.55273997783660889 0.0010000000474974513 0.55217599868774414 0.0010000000474974513 0.55217599868774414 0.001847286126576364 0 300 0 0 0.0097561981528997421 2 3 23270 -9 -9 0.5526999831199646 0.0010000000474974513 54.610166999999997 -27.541847000000001 0.16300000250339508 0.23800000548362732 -4.1451034545898438 10.088000297546387 0.061000000685453415 -9999 -9999 0.63300001621246338 2.7060000896453857 -9.4829998016357422 2.7104356288909912 0.92699998617172241 -999 24 22.389999389648438 21.850000381469727 21.620000839233398 0.019999999552965164 0.0099999997764825821 0 0.0099999997764825821 6.1599998474121094 25.450000762939453 42.130001068115234 53.119998931884766 25.52604866027832 23.985780715942383 23.438522338867188 23.186855316162109 57008.1171875 13.675138473510742 10.433505058288574 10.362279891967773 33.154167175292969 riz 0 57005.2578125 0.8634566068649292 0.099309906363487244 0.62726634740829468 0.082392223179340363 0.059012621641159058 23.346979141235352 0.060926850885152817 8.2263668446103111e-06 4.6162836042640265e-07 0.004770488478243351 -1.7703588639506052e-07 -1.6111982859001728e-08 41 27.189239501953125 0.95201188325881958 0.27662855386734009
SN: 1318304 10 0 S2 3 0 40.449429000000002 -0.40804699999999999 0.39868998527526855 0.0010000000474974513 0.39764499664306641 0.0010000000474974513 0.39764499664306641 0.0017193076200783253 0 300 0 0 0.024857902899384499 1 1 33902 -9 -9 0.39869999885559082 0.0010000000474974513 40.449536999999999 -0.40778799999999998 1.0110000371932983 1.3209999799728394 -9 9.6239995956420898 0.020999999716877937 -9999 -9999 -0.11299999803304672 0.46799999475479126 -9.7329998016357422 0.47397151589393616 0.90299999713897705 -999 24.270000457763672 23.010000228881836 22.600000381469727 22.229999542236328 0.029999999329447746 0.0099999997764825821 0.0099999997764825821 0.0099999997764825821 3.7699999809265137 9.2100000381469727 15.060000419616699 23.290000915527344 26.059146881103516 25.089351654052734 24.555437088012695 24.082077026367188 57019.046875 38.046459197998047 24.321746826171875 15.265843391418457 71.280029296875 riz 0 57019.546875 0.39379233121871948 2.0659055709838867 0.47298669815063477 0.13527138531208038 0.040414582937955856 22.361902236938477 0.049843426793813705 2.0381648937473074e-05 9.35670414037304e-07 0.0077922921627759933 -2.9907491239100636e-07 -3.1086777596556203e-08 25 17.258291244506836 0.87221270799636841 0.82312417030334473
SN: 1296657 10 1 X2 3 0 36.255187999999997 -6.278562 0.14714999496936798 0.0010000000474974513 0.14623600244522095 0.0010000000474974513 0.14623594284057617 0.0015217129839584231 0 300 0 0 0.029522696509957314 1 1 36836 -9 -9 0.14710000157356262 0.0010000000474974513 36.255251000000001 -6.2786200000000001 0.30799999833106995 0.22699999809265137 -9 9.4659996032714844 0.019999999552965164 -9999 -9999 1.3250000476837158 0.26100000739097595 -8.1350002288818359 0.26176515221595764 0.17900000512599945 -999 20.350000381469727 19.979999542236328 19.690000534057617 19.680000305175781 0 0 0 0 172.80999755859375 230.27999877929688 319.42001342773438 295.76998901367188 21.906078338623047 21.5943603515625 21.239093780517578 21.322614669799805 56923.30078125 136.85365295410156 119.90892028808594 81.187088012695312 308.55490112304688 gri 0 56923.49609375 0.21131181716918945 0.88357430696487427 0.14887341856956482 -0.0010921332286670804 0.016288137063384056 19.869222640991211 0.019778748974204063 0.00020244687038939446 3.6879546314594336e-06 8.0936362792272121e-05 -2.0260490884993487e-07 -4.094903260920546e-08 26 17.514392852783203 0.89272046089172363 0.29454725980758667
SN: 1267094 10 0 C1 3 0 53.759216000000002 -27.361477000000001 0.62379997968673706 0.0010000000474974513 0.62318497896194458 0.0010000000474974513 0.6231849193572998 0.0019074187148362398 0 300 0 0 0.0080168908461928368 1 3 1411 -9 -9 0.62379997968673706 0.0010000000474974513 53.759275000000002 -27.361491999999998 0.1940000057220459 0.15399999916553497 -5.4029011726379395 11.25 0.034000001847743988 -9999 -9999 -2.9430000782012939 0.80299997329711914 -14.192000389099121 0.80399566888809204 1.5219999551773071 -999 23.260000228881836 21.409999847412109 20.450000762939453 19.930000305175781 0.0099999997764825821 0 0 0 11.319999694824219 63.439998626708984 164.64999389648438 244.8800048828125 24.865383148193359 22.994091033935547 21.958595275878906 21.527616500854492 56988.03515625 13.399496078491211 8.2438383102416992 5.7969961166381836 26.804075241088867 riz 0 56980.0859375 1.0836454629898071 -0.708091139793396 0.79304730892181396 -0.057245407253503799 0.072859779000282288 23.309167861938477 0.060762587934732437 8.5178990048007108e-06 4.7669922764725925e-07 0.012104660272598267 -2.170435067228027e-07 -1.086218937018657e-08 26 24.159330368041992 0.56685489416122437 0.30351582169532776
SN: 1308357 10 0 S2 3 0 41.335754000000001 -1.191918 0.34255000948905945 0.0010000000474974513 0.34156998991966248 0.0010000000474974513 0.34157001972198486 0.0016739809652790427 0 300 0 0 0.026561321690678596 1 1 32667 -9 -9 0.34259998798370361 0.0010000000474974513 41.335864000000001 -1.1918280000000001 0.51200002431869507 0.63099998235702515 -9 10.298000335693359 0.014999999664723873 -9999 -9999 0.7630000114440918 0.37599998712539673 -9.5369997024536133 0.37892612814903259 0.85199999809265137 -999 21.799999237060547 20.700000762939453 20.319999694824219 20.020000457763672 0 0 0 0 42.340000152587891 116.90000152587891 166.00999450683594 225.47000122070312 23.433122634887695 22.330463409423828 21.949665069580078 21.617279052734375 56980.18359375 33.959609985351562 26.221132278442383 26.059453964233398 82.631065368652344 griz 0 56976.85546875 0.37869173288345337 0.70926791429519653 0.25423488020896912 0.22892950475215912 0.023836486041545868 22.218547821044922 0.030203098431229591 2.3258453438756987e-05 6.4700554958108114e-07 0.0017348857363685966 -8.7125393122278183e-08 -1.1071214167657217e-08 51 78.506622314453125 0.0079696886241436005 0.79888343811035156
SN: 1297501 10 1 C3 3 0 51.838791000000001 -28.125025000000001 0.21540999412536621 0.0010000000474974513 0.21491600573062897 0.0010000000474974513 0.21491599082946777 0.0015741635579615831 0 300 0 0 0.0080476729199290276 1 1 27577 -9 -9 0.21539999544620514 0.0010000000474974513 51.838906000000001 -28.125561000000001 1.9639999866485596 1.093000054359436 -9 9.4670000076293945 0.0070000002160668373 -9999 -9999 1.2380000352859497 0.014999999664723873 -8.1979999542236328 0.014999999664723873 0.31499999761581421 -999 22.579999923706055 21.840000152587891 21.5 21.25 0 0 0 0 15.880000114440918 32.860000610351562 41.970001220703125 43.419998168945312 24.497873306274414 23.708332061767578 23.442653656005859 23.40577507019043 56943.35546875 199.00137329101562 151.27302551269531 69.752334594726562 509.4468994140625 griz 0 56938.375 0.17874079942703247 1.0003570318222046 0.12843507528305054 0.11524525284767151 0.014857827685773373 20.832645416259766 0.019252683967351913 8.3356884715612978e-05 1.4781157915422227e-06 3.6494551750365645e-05 -7.1774366006138735e-08 -1.5798949704048937e-08 33 49.888053894042969 0.029922844842076302 0.50868684053421021
SN: 1291159 10 0 X2 3 0 34.919986999999999 -6.725581 0.5410199761390686 0.0010000000474974513 0.53976297378540039 0.0010000000474974513 0.53976297378540039 0.0018368544988334179 0 300 0 0 0.021310903131961823 2 3 -5586 -9 -9 0.54100000858306885 0.0010000000474974513 34.920108999999997 -6.7251539999999999 1.5980000495910645 1.3710000514984131 -1.506346583366394 11.083000183105469 0.045000001788139343 -9999 -9999 0.085000000894069672 10.085000038146973 -11.022000312805176 10.086923599243164 1.531999945640564 -999 23.809999465942383 21.940000534057617 20.989999771118164 20.510000228881836 0.019999999552965164 0 0 0 4.9200000762939453 21.370000839233398 52.610000610351562 63.990001678466797 25.770088195800781 24.17548942565918 23.197330474853516 22.984720230102539 56891.41015625 14.96523380279541 8.0413370132446289 6.673163890838623 26.988533020019531 riz 0 56895.6875 1.0450646877288818 -1.4072989225387573 0.80482220649719238 -0.060041144490242004 0.076387271285057068 22.980358123779297 0.077010437846183777 1.153072025772417e-05 8.1786515693238471e-07 0.0028510021511465311 -3.6313218743089237e-07 -2.6718415924165129e-08 30 24.658191680908203 0.74146682024002075 0.51000916957855225
SN: 1292040 10 0 S1 3 0 43.095604000000002 0.62220600000000004 0.16978999972343445 0.0010000000474974513 0.16896599531173706 0.0010000000474974513 0.16896605491638184 0.001538929995149374 0 300 0 0 0.07525346428155899 1 1 31352 -9 -9 0.16979999840259552 0.0010000000474974513 43.095717 0.62171699999999996 1.8049999475479126 1.2139999866485596 -9 9.6359996795654297 0.020999999716877937 -9999 -9999 1.2929999828338623 0.43299999833106995 -8.1979999542236328 0.43299999833106995 0.33100000023841858 -999 21.389999389648438 20.850000381469727 20.559999465942383 20.379999160766602 0 0 0 0 37.5 57.830001831054688 78.540000915527344 77.510002136230469 23.564922332763672 23.094615936279297 22.762271881103516 22.776605606079102 56915.28125 30.22840690612793 21.395961761474609 19.73634147644043 62.511745452880859 griz 0 56910.26171875 0.43630653619766235 -1.4619103670120239 0.3848576545715332 0.08456055074930191 0.054585311561822891 21.35272216796875 0.088154777884483337 5.1631050155265257e-05 4.1921084630303085e-06 0.0075929248705506325 -8.2789046018660883e-07 -1.9040241738821351e-07 25 35.860198974609375 0.073748037219047546 0.56295162439346313
SN: 1315974 10 0 C3 3 0 52.041798 -28.777035000000001 0.81246000528335571 0.0010000000474974513 0.81173700094223022 0.0010000000474974513 0.811737060546875 0.0020704520866274834 0 300 0 0 0.0072636157274246216 1 1 -9306 -9 -9 0.8125 0.0010000000474974513 52.042504999999998 -28.777255 2.3670001029968262 2.2000000476837158 -9 10.78600025177002 0.019999999552965164 -9999 -9999 1.5049999952316284 0.26899999380111694 -9.2740001678466797 0.27101659774780273 0.76700001955032349 -999 23.780000686645508 22.799999237060547 21.879999160766602 21.430000305175781 0.0099999997764825821 0 0 0 2.8399999141693115 7.7199997901916504 16.860000610351562 20.139999389648438 26.366704940795898 25.280956268310547 24.432855606079102 24.239850997924805 57001.19921875 14.078807830810547 7.8051538467407227 7.3521833419799805 31.384958267211914 riz 0 56997.609375 0.72126489877700806 -1.2398982048034668 0.52582269906997681 0.046477880328893661 0.063902214169502258 24.364049911499023 0.054607778787612915 3.2238910989690339e-06 1.6214761444643955e-07 0.0031294040381908417 -5.4743004795909656e-08 -9.1837848437137382e-10 40 27.793819427490234 0.92762923240661621 0.44138255715370178
SN: 1308314 10 101 C2 3 0 53.415610999999998 -28.940747999999999 0.40700000524520874 0.0010000000474974513 0.40647301077842712 0.0010000000474974513 0.40647304058074951 0.0017265012720599771 0 300 0 0 0.0067592011764645576 1 1 -9222 -9 -9 0.40700000524520874 0.0010000000474974513 53.415838000000001 -28.940894 0.88700002431869507 2.1979999542236328 -9 7.9340000152587891 0.096000000834465027 -9999 -9999 -0.17100000381469727 0.99599999189376831 -8.0749998092651367 1.0707310438156128 0.013000000268220901 -999 25.840000152587891 25.129999160766602 25.049999237060547 24.639999389648438 0.090000003576278687 0.070000000298023224 0.090000003576278687 0.079999998211860657 0.89999997615814209 1.8899999856948853 1.5199999809265137 1.7899999618530273 27.5 26.808845520019531 27.045391082763672 26.867866516113281 56973.171875 36.887264251708984 26.289396286010742 16.034433364868164 77.148452758789062 riz 0 56977.94921875 0.48121479153633118 0.22104844450950623 0.328775554895401 -0.048255797475576401 0.035385705530643463 22.319210052490234 0.038196194916963577 2.1199031834839843e-05 7.4578184694473748e-07 0.0014436752535402775 -9.9165646361143445e-08 -2.0469782313625728e-08 34 34.515151977539062 0.44313949346542358 0.17692579329013824
SN: 1290967 10 0 C1 3 0 54.056567999999999 -26.969481999999999 0.28158000111579895 0.0010000000474974513 0.28109800815582275 0.0010000000474974513 0.28109800815582275 0.0016258544055745006 0 300 0 0 0.0089550931006669998 1 1 22690 -9 -9 0.28159999847412109 0.0010000000474974513 54.056626000000001 -26.969536000000002 0.26800000667572021 0.27300000190734863 -9 9.9910001754760742 0.008999999612569809 -9999 -9999 0.61799997091293335 0.37400001287460327 -9.380000114440918 0.37448230385780334 0.95300000905990601 -999 22.200000762939453 21.209999084472656 20.709999084472656 20.549999237060547 0 0 0 0 30 76.44000244140625 117.75 146.75 23.807197570800781 22.791698455810547 22.322597503662109 22.083555221557617 56887.39453125 30.816238403320312 29.491304397583008 18.101526260375977 67.209403991699219 griz 0 56884.4140625 1.6342699527740479 -1.2093626260757446 0.47532087564468384 0.27763953804969788 0.032853465527296066 22.214202880859375 0.069383375346660614 2.3351720301434398e-05 1.4922788977855816e-06 0.0012559116585180163 -3.3002674371118701e-08 -2.1067322109047382e-08 20 30.108846664428711 0.068109050393104553 1.0094513893127441
SN: 1302073 10 0 C2 3 0 54.865692000000003 -29.240126 0.58899998664855957 0.0010000000474974513 0.5884469747543335 0.0010000000474974513 0.5884469747543335 0.0018779061501845717 0 300 0 0 0.010974601842463017 1 1 25019 -9 -9 0.58899998664855957 0.0010000000474974513 54.865667999999999 -29.240216 0.33399999141693115 0.36100000143051147 -9 10.41100025177002 0.037999998778104782 -9999 -9999 2.0160000324249268 1.1540000438690186 -8.300999641418457 1.1540000438690186 0.42599999904632568 -999 23.040000915527344 21.940000534057617 21.420000076293945 21.090000152587891 0.0099999997764825821 0 0 0 15.510000228881836 42.900001525878906 69.169998168945312 87.75 24.523469924926758 23.418857574462891 22.900205612182617 22.641881942749023 56963.25 10.873943328857422 10.758063316345215 6.4306797981262207 28.011058807373047 riz 0 56954.109375 1.0599250793457031 1.0750759840011597 0.90622907876968384 0.16511695086956024 0.068704575300216675 23.364376068115234 0.076020978391170502 8.0956069723470137e-06 5.6683745697228005e-07 0.0087142270058393478 -3.869504894282727e-07 -1.9172412990542398e-08 31 22.672782897949219 0.86075776815414429 0.65677231550216675
SN: 1299439 10 0 E2 3 0 10.600771999999999 -44.221916 0.59271001815795898 0.0010000000474974513 0.5915830135345459 0.0010000000474974513 0.5915830135345459 0.0018805630970746279 0 300 0 0 0.006182374432682991 1 1 30456 -9 -9 0.59270000457763672 0.0010000000474974513 10.601159000000001 -44.221733999999998 1.1950000524520874 1.2660000324249268 -9 10.204000473022461 0.013000000268220901 -9999 -9999 0.88999998569488525 0.017999999225139618 -9.3100004196166992 0.032449960708618164 0.27099999785423279 -999 22.760000228881836 21.860000610351562 21.420000076293945 21.200000762939453 0.0099999997764825821 0 0 0 11.739999771118164 25.459999084472656 36.990001678466797 43 24.825830459594727 23.985353469848633 23.579788208007812 23.416328430175781 56930.1328125 14.035195350646973 13.324349403381348 10.347895622253418 35.906665802001953 riz 0 56935.95703125 0.67407333850860596 0.99199765920639038 0.62398195266723633 -0.025087298825383186 0.057318612933158875 23.303131103515625 0.059989854693412781 8.5653991845902056e-06 4.7326142293968587e-07 0.0056623099371790886 -2.2397892962544574e-07 -1.1512852005068908e-08 36 37.661422729492188 0.3931029736995697 0.34107616543769836
SN: 1319058 10 0 X1 3 0 33.944771000000003 -4.6107909999999999 0.66951000690460205 0.0010000000474974513 0.66810899972915649 0.0010000000474974513 0.66810894012451172 0.001945842057466507 0 300 0 0 0.017113976180553436 1 3 35011 -9 -9 0.66949999332427979 0.0010000000474974513 33.944915999999999 -4.6108149999999997 0.52799999713897705 0.45699998736381531 -3.3654611110687256 11.034000396728516 0.048000000417232513 -9999 -9999 1.0440000295639038 11.043999671936035 -9.9820003509521484 11.044685363769531 1.3660000562667847 -999 24.229999542236328 22.340000152587891 21.219999313354492 20.760000228881836 0.029999999329447746 0.0099999997764825821 0 0 5.320000171661377 30.270000457763672 89.040000915527344 133.91999816894531 25.685220718383789 23.797468185424805 22.62603759765625 22.182886123657227 56990.05859375 9.6707925796508789 6.4234838485717773 4.8861799240112305 23.953767776489258 riz 0 57018.58203125 0.91067588329315186 -0.30129918456077576 0.6872786283493042 -0.0085757328197360039 0.081459097564220428 23.373458862304688 0.066545911133289337 8.0281697591999546e-06 4.9205493724002736e-07 0.015573632903397083 -2.2269153987508616e-07 -1.0734537703172009e-08 24 18.497430801391602 0.77823340892791748 0.1044219583272934
SN: 1300590 10 0 X1 3 0 34.871422000000003 -4.7472830000000004 0.65770000219345093 0.0010000000474974513 0.65633398294448853 0.0010000000474974513 0.65633392333984375 0.0019357437267899513 0 300 0 0 0.016403054818511009 1 2 34752 -9 -9 0.65770000219345093 0.0010000000474974513 34.871518999999999 -4.7472880000000002 0.34700000286102295 0.46700000762939453 -3.7099072933197021 10.810999870300293 0.029999999329447746 -9999 -9999 0.098999999463558197 7.3090000152587891 -10.729000091552734 7.3099522590637207 1.496999979019165 -999 24.290000915527344 22.469999313354492 21.420000076293945 20.920000076293945 0.029999999329447746 0.0099999997764825821 0 0 4.7399997711181641 25.090000152587891 66.480003356933594 98.080001831054688 25.810554504394531 24.001247406005859 22.943271636962891 22.521049499511719 56943.12109375 9.7933568954467773 9.4208908081054688 7.0574631690979004 29.472585678100586 riz 0 56941.43359375 0.70085692405700684 -0.39781710505485535 0.56938213109970093 0.0036592292599380016 0.06408710777759552 23.231132507324219 0.062202379107475281 9.1526544565567747e-06 5.2436024589042063e-07 0.0090257422998547554 -2.065147413077284e-07 -1.3229317197271939e-08 46 34.003158569335938 0.90465962886810303 0.13316549360752106
SN: 1301915 10 0 C1 3 0 53.842830999999997 -27.549709 0.6210399866104126 0.0010000000474974513 0.62042999267578125 0.0010000000474974513 0.62042999267578125 0.001905071665532887 0 300 0 0 0.0085916100069880486 1 2 23157 -9 -9 0.62099999189376831 0.0010000000474974513 53.842886 -27.549754 0.23899999260902405 0.22200000286102295 -5.0265316963195801 11.005999565124512 0.057000000029802322 -9999 -9999 -2.7060000896453857 7.2940001487731934 -13.743000030517578 7.2948145866394043 1.4769999980926514 -999 23.930000305175781 22.059999465942383 21.010000228881836 20.610000610351562 0.019999999552965164 0 0 0 6.1999998092651367 35.799999237060547 92.410003662109375 139.35000610351562 25.519020080566406 23.615291595458984 22.585702896118164 22.139732360839844 56943.23828125 7.5906667709350586 7.2106194496154785 7.1130547523498535 18.811609268188477 riz 0 56940.3984375 1.2480738162994385 -1.6657986640930176 0.875388503074646 -0.064754106104373932 0.10852892696857452 23.678844451904297 0.10880324989557266 6.0598567870329134e-06 6.0726733863702975e-07 0.03289448469877243 -3.8545744018847472e-07 -3.701524775578946e-08 41 28.122961044311523 0.93701696395874023 0.59574365615844727
SN: 1302187 10 1 C3 3 0 52.161892000000002 -27.142116999999999 0.21991999447345734 0.0010000000474974513 0.21942199766635895 0.0010000000474974513 0.21942198276519775 0.0015776484506204724 0 300 0 0 0.0097418958321213722 1 3 25839 -9 -9 0.21989999711513519 0.0010000000474974513 52.161917000000003 -27.142319000000001 0.73100000619888306 0.32100000977516174 -4.6671042442321777 9.4670000076293945 0.0030000000260770321 -9999 -9999 2.0659999847412109 0 -7.3979997634887695 0 0.004999999888241291 -999 20.870000839233398 19.709999084472656 19.059999465942383 18.379999160766602 0 0 0 0 108.83999633789062 323.80999755859375 464.54998779296875 614.15997314453125 22.408027648925781 21.224273681640625 20.832418441772461 20.529296875 56950.12109375 86.613273620605469 86.196426391601562 61.566993713378906 233.34555053710938 griz 0 56953.08984375 0.18895512819290161 -0.6352839469909668 0.1398690938949585 0.086403101682662964 0.017611537128686905 21.002691268920898 0.024186274036765099 7.1272697823587805e-05 1.5876978523010621e-06 0.00066651636734604836 -1.0717284482097966e-07 -2.286998501688231e-08 38 55.656120300292969 0.032139994204044342 0.35748118162155151
SN: 1311903 10 0 X3 3 0 36.761498000000003 -4.0122850000000003 0.7204899787902832 0.0010000000474974513 0.71911901235580444 0.0010000000474974513 0.71911907196044922 0.0019898028112947941 0 300 0 0 0.023907119408249855 1 1 37249 -9 -9 0.72049999237060547 0.0010000000474974513 36.761690999999999 -4.0122220000000004 0.72899997234344482 1.0549999475479126 -9 9.9079999923706055 0.013000000268220901 -9999 -9999 0.125 0.048000000417232513 -9.7849998474121094 0.10023970901966095 0.61799997091293335 -999 24.530000686645508 23.729999542236328 23.100000381469727 22.840000152587891 0.019999999552965164 0.0099999997764825821 0.0099999997764825821 0.0099999997764825821 3.4200000762939453 7.9899997711181641 13.210000038146973 15.710000038146973 26.164934158325195 25.243633270263672 24.697742462158203 24.509559631347656 57001.07421875 16.648969650268555 14.784496307373047 12.08536434173584 47.496650695800781 riz 0 56995.046875 0.5976186990737915 0.3152148425579071 0.50406599044799805 0.11304056644439697 0.043619371950626373 24.04266357421875 0.041314553469419479 4.3344571167835966e-06 1.64935244129083e-07 0.0054225735366344452 -5.4207109911885709e-08 -2.1853563403340104e-09 30 23.392293930053711 0.79879522323608398 0.39117732644081116
SN: 1317277 10 1 X2 3 0 35.903148999999999 -5.4814559999999997 0.23810000717639923 0.0010000000474974513 0.23710300028324127 0.0010000000474974513 0.23710298538208008 0.0015913725364953279 0 300 0 0 0.019903203472495079 1 1 36281 -9 -9 0.23810000717639923 0.0010000000474974513 35.903202 -5.4814309999999997 0.20900000631809235 0.25499999523162842 -9 10.090000152587891 0.067000001668930054 -9999 -9999 -0.31200000643730164 9.6879997253417969 -10.352999687194824 9.6880464553833008 1.5039999485015869 -999 22.280000686645508 20.920000076293945 20.409999847412109 20.069999694824219 0 0 0 0 30.139999389648438 94.569999694824219 151.55000305175781 195.41999816894531 23.802141189575195 22.560615539550781 22.048610687255859 21.772577285766602 57012.0546875 49.164241790771484 41.181690216064453 34.688869476318359 117.14809417724609 griz 0 57007.8046875 0.27084821462631226 -1.694474458694458 0.24931803345680237 0.022697700187563896 0.022020680829882622 21.245002746582031 0.028837153688073158 5.7016328355530277e-05 1.5143536984396633e-06 0.0015911291120573878 -1.6501105903898861e-07 -2.5991141683334718e-08 44 45.547462463378906 0.40749135613441467 0.56986957788467407
SN: 1323740 10 0 C3 3 0 52.490360000000003 -28.548483000000001 0.77206999063491821 0.0010000000474974513 0.77137398719787598 0.0010000000474974513 0.77137398719787598 0.0020351789426058531 0 300 0 0 0.0075257024727761745 1 2 27490 -9 -9 0.77209997177124023 0.0010000000474974513 52.490513 -28.548522999999999 0.50599998235702515 0.80800002813339233 -3.2555942535400391 10.552000045776367 0.016000000759959221 -9999 -9999 -0.097999997437000275 6.9340000152587891 -10.637999534606934 6.9342861175537109 1.2949999570846558 -999 25.090000152587891 23.329999923706055 22.159999847412109 21.659999847412109 0.029999999329447746 0.0099999997764825821 0 0 1.4900000095367432 9.5900001525878906 28.690000534057617 45.389999389648438 27.067033767700195 25.045454025268555 23.855674743652344 23.357599258422852 57032.12109375 18.927774429321289 15.650579452514648 13.690118789672852 49.027072906494141 riz 0 57032.0390625 0.6821739673614502 -0.34573444724082947 0.54464852809906006 -0.0041377600282430649 0.044108681380748749 23.89794921875 0.041313804686069489 4.9524510359333362e-06 1.8844779958726576e-07 0.0086333286017179489 -7.6301546414470067e-08 -2.8042927979754495e-09 23 21.918430328369141 0.5251806378364563 0.11606722325086594
SN: 1314047 10 0 X3 3 0 36.422497 -3.849453 0.45813000202178955 0.0010000000474974513 0.45695900917053223 0.0010000000474974513 0.45695900917053223 0.0017679261509329081 0 300 0 0 0.024179887026548386 2 2 38727 -9 -9 0.45809999108314514 0.0010000000474974513 36.422424999999997 -3.8497430000000001 1.0770000219345093 1.1009999513626099 -1.3671333789825439 9.7379999160766602 0.017000000923871994 -9999 -9999 0.0060000000521540642 0.29300001263618469 -9.7060003280639648 0.29599493741989136 0.78700000047683716 -999 24.629999160766602 23.350000381469727 22.870000839233398 22.440000534057617 0.029999999329447746 0.0099999997764825821 0.0099999997764825821 0.0099999997764825821 2.4300000667572021 9.0799999237060547 14.640000343322754 16.540000915527344 26.535984039306641 25.104785919189453 24.586147308349609 24.45366096496582 57001.05859375 60.690422058105469 31.298751831054688 23.762849807739258 103.38130950927734 riz 0 57001.0546875 0.36964386701583862 -1.9905111789703369 0.25222504138946533 -0.039239078760147095 0.03592807799577713 22.863811492919922 0.035561367869377136 1.2837346730520949e-05 4.2046457338074106e-07 0.00097427051514387131 -3.892293420904025e-08 -1.100441693324683e-08 27 21.787124633789062 0.74811458587646484 0.67627286911010742
SN: 1290043 10 0 C3 3 0 53.040908999999999 -27.713324 0.73555999994277954 0.0010000000474974513 0.73488497734069824 0.0010000000474974513 0.73488497734069824 0.0020034578628838062 0 300 0 0 0.0082458527758717537 1 3 26473 -9 -9 0.73559999465942383 0.0010000000474974513 53.040495999999997 -27.713429999999999 1.3710000514984131 0.79000002145767212 -3.1409931182861328 11.190999984741211 0.012000000104308128 -9999 -9999 1.4980000257492065 0.5 -9.7030000686645508 0.50249379873275757 1.2309999465942383 -999 24.770000457763672 22.940000534057617 21.700000762939453 21.049999237060547 0.019999999552965164 0 0 0 1.940000057220459 8.3400001525878906 30.309999465942383 51.470001220703125 26.780494689941406 25.197084426879883 23.796035766601562 23.221115112304688 56903.26171875 21.025146484375 15.097068786621094 14.576684951782227 51.021797180175781 riz 0 56905.11328125 0.70319271087646484 0.89461600780487061 0.43860608339309692 -0.052045930176973343 0.045375458896160126 23.660337448120117 0.051390577107667923 6.1640339481527917e-06 2.9175896543165436e-07 0.0061465590260922909 -1.0156030327834742e-07 -4.7458739160788355e-09 34 28.509593963623047 0.73347657918930054 0.34499850869178772
SN: 1306141 10 1 C2 3 0 54.897773999999998 -28.910761000000001 0.33285999298095703 0.0010000000474974513 0.33239400386810303 0.0010000000474974513 0.33239400386810303 0.0016666263109073043 0 300 0 0 0.011739029549062252 1 3 23995 -9 -9 0.33289998769760132 0.0010000000474974513 54.897770999999999 -28.910247999999999 1.8480000495910645 1.4939999580383301 -1.7546844482421875 9.7469997406005859 0.014999999664723873 -9999 -9999 0.98299998044967651 0.052000001072883606 -8.7460002899169922 0.061057351529598236 0.47600001096725464 -999 22.129999160766602 21.379999160766602 21.149999618530273 20.860000610351562 0 0 0 0 4.929999828338623 11.359999656677246 9.5799999237060547 11.880000114440918 25.76788330078125 24.861553192138672 25.046586990356445 24.812957763671875 56980.3046875 43.608985900878906 39.133087158203125 25.792512893676758 99.749298095703125 griz 0 56977.3828125 0.32267078757286072 0.05317261815071106 0.23592156171798706 -0.0498640276491642 0.018436059355735779 21.591922760009766 0.024114262312650681 4.1421983041800559e-05 9.1998458628950175e-07 0.0012109071249142289 -1.1934200472296652e-07 -9.7681089883394634e-09 42 23.507347106933594 0.99059867858886719 0.16715577244758606
SN: 1300160 10 0 S2 3 0 40.907589000000002 -1.5753239999999999 0.41029000282287598 0.0010000000474974513 0.40925198793411255 0.0010000000474974513 0.40925192832946777 0.0017287688096985221 0 300 0 0 0.025432683527469635 1 1 -7327 -9 -9 0.41029998660087585 0.0010000000474974513 40.907775999999998 -1.57528 0.69099998474121094 0.46599999070167542 -9 10.758000373840332 0.028999999165534973 -9999 -9999 1.1430000066757202 0.94300001859664917 -9.6009998321533203 0.94402593374252319 1.156999945640564 -999 22.520000457763672 21.010000228881836 20.510000228881836 20.149999618530273 0.0099999997764825821 0 0 0 23.170000076293945 88.510002136230469 149.83999633789062 207.1199951171875 24.087684631347656 22.632518768310547 22.060930252075195 21.709445953369141 56943.20703125 15.638614654541016 14.983441352844238 13.158914566040039 49.301605224609375 riz 0 56940.38671875 0.43832972645759583 0.88595467805862427 0.45607912540435791 0.20406468212604523 0.048173569142818451 22.560445785522461 0.067735642194747925 1.6975465769064613e-05 1.0590455303827184e-06 0.0073062125593423843 -3.020590213509422e-07 -4.2544133549426988e-08 37 22.992710113525391 0.96529245376586914 0.74155652523040771
SN: 1299503 10 0 X3 3 0 36.583641 -4.0349170000000001 0.29602000117301941 0.0010000000474974513 0.29498299956321716 0.0010000000474974513 0.29498302936553955 0.0016368321375921369 0 300 0 0 0.024072885513305664 1 1 37274 -9 -9 0.29600000381469727 0.0010000000474974513 36.583385999999997 -4.0345129999999996 1.718999981880188 1.718999981880188 -9 9.1599998474121094 0.037999998778104782 -9999 -9999 0.64600002765655518 0.22800000011920929 -8.4670000076293945 0.2387990802526474 0.31600001454353333 -999 22.969999313354492 22.260000228881836 21.930000305175781 21.709999084472656 0.0099999997764825821 0 0 0 3.6600000858306885 8.1499996185302734 10.199999809265137 13.920000076293945 26.091297149658203 25.22210693359375 24.978500366210938 24.640901565551758 56931.17578125 10.09317684173584 8.5785388946533203 7.1866517066955566 25.52839469909668 griz 0 56932.52734375 0.93508678674697876 1.0319657325744629 0.95869934558868408 -0.058019336313009262 0.063146069645881653 24.308530807495117 0.085882432758808136 3.3930309655261226e-06 2.6839094857677992e-07 0.010193073190748692 -1.4225996380901051e-07 -1.0577909215214731e-08 44 54.509162902832031 0.13315577805042267 0.39462745189666748
SN: 1298763 10 0 X1 3 0 35.083477000000002 -4.1684760000000001 0.61093002557754517 0.0010000000474974513 0.60960400104522705 0.0010000000474974513 0.60960400104522705 0.001895859488286078 0 300 0 0 0.017468472942709923 2 2 -6693 -9 -9 0.61089998483657837 0.0010000000474974513 35.083786000000003 -4.1683700000000004 1.1749999523162842 1.156000018119812 -1.2968745231628418 10.677000045776367 0.020999999716877937 -9999 -9999 0.85000002384185791 0.32300001382827759 -9.8350000381469727 0.34319818019866943 0.86299997568130493 -999 23.129999160766602 21.959999084472656 21.299999237060547 20.950000762939453 0.0099999997764825821 0 0 0 7.429999828338623 22.579999923706055 42.439998626708984 57.060001373291016 25.322528839111328 24.115690231323242 23.430561065673828 23.109170913696289 56924.171875 8.7344255447387695 8.4026689529418945 6.4884500503540039 20.217512130737305 riz 0 56921.2109375 1.7997761964797974 -1.045025110244751 0.85721468925476074 -0.17282606661319733 0.094756960868835449 23.460081100463867 0.07960885763168335 7.4125491664744914e-06 5.4350641676137457e-07 0.0042751734144985676 -2.1859264620616159e-07 -1.6759186038939333e-08 40 43.471042633056641 0.32581955194473267 0.67321473360061646
SN: 1293783 10 0 C3 3 0 52.130668999999997 -28.779482000000002 0.32927000522613525 0.0010000000474974513 0.32874199748039246 0.0010000000474974513 0.32874202728271484 0.0016637042863294482 0 300 0 0 0.0081644551828503609 1 3 25961 -9 -9 0.32929998636245728 0.0010000000474974513 52.130799000000003 -28.779668999999998 0.78799998760223389 0.5690000057220459 -3.8456175327301025 11.041000366210938 0.0070000002160668373 -9999 -9999 0.3529999852180481 0.20600000023841858 -10.859999656677246 0.28228530287742615 1.4780000448226929 -999 21.719999313354492 20.129999160766602 19.379999160766602 18.809999465942383 0 0 0 0 49.130001068115234 216.63999938964844 368.010009765625 518 23.271633148193359 21.660652160644531 21.085350036621094 20.714176177978516 56903.26171875 32.641033172607422 25.875072479248047 13.427677154541016 74.369331359863281 griz 0 56901.19140625 0.36559164524078369 -0.91233867406845093 0.21832472085952759 0.064888253808021545 0.036680050194263458 22.082550048828125 0.045969545841217041 2.6362082280684263e-05 1.1161578186147381e-06 0.0025362554006278515 -1.3608688220756449e-07 -3.0704107700785244e-08 34 28.43267822265625 0.7369115948677063 0.37318602204322815
SN: 1262899 10 0 C1+C3 3 0 53.59507 -27.713653999999998 0.77758997678756714 0.0010000000474974513 0.77691501379013062 0.0010000000474974513 0.77691507339477539 0.0020400101784616709 0 300 0 0 0.0072785229422152042 1 3 6255 -9 -9 0.7775999903678894 0.0010000000474974513 53.595094000000003 -27.713660000000001 0.078000001609325409 0.10700000077486038 -6.1608333587646484 10.137999534606934 0.068999998271465302 -9999 -9999 1.7209999561309814 0.028000000864267349 -8.3940000534057617 0.0382099449634552 0.30899998545646667 -999 22.959999084472656 22.389999389648438 21.790000915527344 21.280000686645508 0.0099999997764825821 0.0099999997764825821 0 0 15.560000419616699 26.040000915527344 44.290000915527344 67.160003662109375 24.519975662231445 23.960897445678711 23.384235382080078 22.932224273681641 56646.06640625 13.722155570983887 10.843744277954102 -99 33.754993438720703 iz 0 56646.52734375 0.71301019191741943 -1.885804295539856 0.59773170948028564 0.26017880439758301 0.10543066263198853 24.256574630737305 0.065222583711147308 3.5593443499237765e-06 2.1381771375672542e-07 0.00060148804914206266 -5.0498115911068453e-08 -1.5799908936742213e-08 44 63.431724548339844 0.028995813801884651 1.0711135864257812
SN: 1293789 10 0 C3 3 0 52.168681999999997 -28.185521999999999 0.42914000153541565 0.0010000000474974513 0.42856699228286743 0.0010000000474974513 0.42856693267822266 0.0017445707926526666 0 300 0 0 0.0060156215913593769 1 1 26608 -9 -9 0.42910000681877136 0.0010000000474974513 52.168577999999997 -28.185438999999999 0.44600000977516174 0.41999998688697815 -9 10.605999946594238 0.028999999165534973 -9999 -9999 -0.15700000524520874 0.69199997186660767 -10.810999870300293 0.70037704706192017 1.2359999418258667 -999 22.579999923706055 20.940000534057617 20.290000915527344 19.809999465942383 0 0 0 0 17.809999465942383 83.400001525878906 136.52999877929688 192.41000366210938 24.373340606689453 22.697084426879883 22.161930084228516 21.789430618286133 56903.24609375 51.056446075439453 37.039196014404297 23.597417831420898 116.97340393066406 riz 0 56904.17578125 0.45233380794525146 1.1450047492980957 0.27258068323135376 -0.075557731091976166 0.033333189785480499 22.149349212646484 0.041302338242530823 2.4789063900243491e-05 9.4299730335478671e-07 0.0013018540339544415 -1.346061679896593e-07 -2.2734116811307103e-08 28 15.145349502563477 0.97686052322387695 0.4572785496711731
SN: 1306578 10 0 E1 3 0 6.8683350000000001 -43.116549999999997 0.42149999737739563 0.0010000000474974513 0.42043998837471008 0.0010000000474974513 0.4204399585723877 0.0017379132332280278 0 300 0 0 0.0061418735422194004 1 1 28498 -9 -9 0.42149999737739563 0.0010000000474974513 6.8688000000000002 -43.116655000000002 1.2799999713897705 1.3919999599456787 -9 10.401000022888184 0.030999999493360519 -9999 -9999 -3.374000072479248 0.79199999570846558 -13.760000228881836 0.79272943735122681 1.1740000247955322 -999 22.700000762939453 21.069999694824219 20.520000457763672 20.290000915527344 0.0099999997764825821 0 0 0 20.409999847412109 88.480003356933594 136.58999633789062 175.49000549316406 24.225393295288086 22.63288688659668 22.161453247070312 21.889369964599609 56980.02734375 41.106857299804688 29.332347869873047 17.679847717285156 85.782760620117188 riz 0 56975.5625 0.54530560970306396 0.5431981086730957 0.33670729398727417 -0.029429757967591286 0.03419988602399826 22.066377639770508 0.039002809673547745 2.6757721570902504e-05 9.6121539172600023e-07 0.0014303495408967137 -1.2702273011200305e-07 -2.538280519104319e-08 32 33.281291961669922 0.40467888116836548 0.20593290030956268
SN: 1315947 10 0 C3 3 0 52.611511 -28.142116999999999 0.73848998546600342 0.0010000000474974513 0.73780602216720581 0.0010000000474974513 0.73780608177185059 0.002005991293117404 0 300 0 0 0.0060118027031421661 1 2 26920 -9 -9 0.73849999904632568 0.0010000000474974513 52.6113 -28.142171999999999 0.69800001382827759 0.91600000858306885 -2.8996665477752686 10.402999877929688 0.028999999165534973 -9999 -9999 0.19099999964237213 5.6640000343322754 -10.196999549865723 5.6641950607299805 1.2009999752044678 -999 25.110000610351562 23.469999313354492 22.430000305175781 21.969999313354492 0.029999999329447746 0.0099999997764825821 0 0 1.6499999761581421 7.9800000190734863 20.159999847412109 28.079999923706055 26.956289291381836 25.244993209838867 24.238773345947266 23.879007339477539 57008.0390625 26.019807815551758 21.991764068603516 14.427678108215332 68.180747985839844 riz 0 57002.7421875 0.44147813320159912 -0.20195046067237854 0.3140711784362793 -0.10425499081611633 0.033380858600139618 23.547538757324219 0.031163293868303299 6.8388708314159885e-06 1.9629237613116857e-07 0.0020223541650921106 -4.1566114106217356e-08 -1.5278981413402448e-09 36 25.578195571899414 0.90168219804763794 0.35397648811340332
SN: 1295079 10 0 X2 3 0 35.172302000000002 -6.3138209999999999 0.54562002420425415 0.0010000000474974513 0.54436302185058594 0.0010000000474974513 0.54436302185058594 0.0018407173920422792 0 300 0 0 0.022037617862224579 1 1 36438 -9 -9 0.54559999704360962 0.0010000000474974513 35.172393999999997 -6.3136260000000002 0.77600002288818359 0.93500000238418579 -9 10.223999977111816 0.014000000432133675 -9999 -9999 0.43399998545646667 0.017999999225139618 -9.7849998474121094 0.039357338100671768 0.61799997091293335 -999 23.280000686645508 22.170000076293945 21.670000076293945 21.350000381469727 0.0099999997764825821 0 0 0 12.229999542236328 31.559999465942383 51.430000305175781 64.599998474121094 24.78143310546875 23.752157211303711 23.221958160400391 22.974418640136719 56915.30078125 7.4818739891052246 6.8964214324951172 6.2914657592773438 23.767820358276367 riz 0 56907.203125 1.0524082183837891 1.8388359546661377 0.99069404602050781 0.27679777145385742 0.087423540651798248 23.589290618896484 0.114114910364151 6.5808776525955182e-06 6.9167469973763218e-07 0.025316620245575905 -5.0480622348914039e-07 -4.5092615863495666e-08 35 36.979141235351562 0.37765052914619446 1.1077011823654175
SN: 1309982 10 0 C3 3 0 53.747498 -28.159517000000001 1.0822000503540039 0.0010000000474974513 1.0814210176467896 0.0010000000474974513 1.0814208984375 0.0023104315623641014 0 300 0 0 0.007250556256622076 1 1 25761 -9 -9 1.0822000503540039 0.0010000000474974513 53.747356000000003 -28.159222 1.1529999971389771 0.93199998140335083 -9 10.930999755859375 0.15299999713897705 -9999 -9999 0.90600001811981201 1.6829999685287476 -10.196000099182129 1.7154337167739868 1.0440000295639038 -999 24.829999923706055 23.709999084472656 22.659999847412109 21.860000610351562 0.019999999552965164 0.0099999997764825821 0 0 1.440000057220459 5.809999942779541 15.340000152587891 34.569999694824219 27.104093551635742 25.589559555053711 24.535436630249023 23.653251647949219 56973.26953125 7.9442734718322754 7.0040874481201172 -99 17.46112060546875 iz 0 56974.734375 1.5798146724700928 -1.4243084192276001 0.93910300731658936 0.14982861280441284 0.18832947313785553 24.898445129394531 0.093518368899822235 1.970704943232704e-06 1.6974391314761306e-07 0.067632503807544708 -7.2896220615348284e-08 8.5143394557007923e-09 33 13.875711441040039 0.99860316514968872 0.6890828013420105
SN: 1319653 10 0 C1 3 0 53.468806999999998 -27.335156999999999 0.59613001346588135 0.0010000000474974513 0.59551697969436646 0.0010000000474974513 0.59551692008972168 0.0018838980467990041 0 300 0 0 0.0076885875314474106 1 2 -11572 -9 -9 0.59609997272491455 0.0010000000474974513 53.468741999999999 -27.335152999999998 0.2070000022649765 0.27099999785423279 -4.605888843536377 10.595999717712402 0.035000000149011612 -9999 -9999 -0.58799999952316284 8.1540002822875977 -11.156999588012695 8.1540842056274414 1.434999942779541 -999 24.229999542236328 22.370000839233398 21.450000762939453 21.049999237060547 0.019999999552965164 0.0099999997764825821 0 0 4.5399999618530273 26.450000762939453 62.459999084472656 91.930000305175781 25.85736083984375 23.943935394287109 23.010993957519531 22.59135627746582 57026.17578125 11.963447570800781 9.3609933853149414 7.1305289268493652 34.455718994140625 riz 0 57023.328125 0.59449189901351929 0.20592531561851501 0.58649849891662598 -0.0072521367110311985 0.060115247964859009 23.178386688232422 0.062491089105606079 9.6082667369046248e-06 5.5301745760516496e-07 0.010119639337062836 -2.4736459636187647e-07 -1.585595654773897e-08 31 19.729568481445312 0.9414258599281311 0.072774074971675873
SN: 1324685 10 0 C3 3 0 52.068111000000002 -28.828848000000001 0.54243999719619751 0.0010000000474974513 0.54182600975036621 0.0010000000474974513 0.54182600975036621 0.001838586525991559 0 300 0 0 0.0073752584867179394 1 1 25719 -9 -9 0.54240000247955322 0.0010000000474974513 52.068424999999998 -28.829352 2.0669999122619629 2.4019999504089355 -9 10.086999893188477 0.016000000759959221 -9999 -9999 0.56400001049041748 0.27700001001358032 -9.5369997024536133 0.28130054473876953 0.75900000333786011 -999 23.649999618530273 22.530000686645508 22.069999694824219 21.739999771118164 0.0099999997764825821 0 0 0 2.4200000762939453 5.9600000381469727 11.800000190734863 11.159999847412109 26.540462493896484 25.561883926391602 24.820295333862305 24.880840301513672 57044.1171875 46.689159393310547 30.782997131347656 26.366477966308594 100.30379486083984 riz 0 57043.33984375 0.42637765407562256 -0.63171172142028809 0.40395283699035645 -0.0085072387009859085 0.029848348349332809 23.108545303344727 0.028888491913676262 1.0246643796563148e-05 2.7263536139798816e-07 0.0015104598132893443 -4.3004245497968441e-08 -5.344479081514919e-09 16 8.1044845581054688 0.94569474458694458 0.21247144043445587
SN: 1305687 10 0 S2 3 0 41.293858 -0.70032099999999997 0.62858998775482178 0.0010000000474974513 0.62739700078964233 0.0010000000474974513 0.62739706039428711 0.0019110091961920261 0 300 0 0 0.023965664207935333 1 1 32821 -9 -9 0.62860000133514404 0.0010000000474974513 41.293703000000001 -0.69928000000000001 3.7899999618530273 3.440000057220459 -9 10.963000297546387 0.012000000104308128 -9999 -9999 -1.4789999723434448 1.3559999465942383 -12.465999603271484 1.3595366477966309 1.5329999923706055 -999 24.100000381469727 22.200000762939453 21.229999542236328 20.770000457763672 0.029999999329447746 0.0099999997764825821 0 0 0.60000002384185791 0.70999997854232788 3.0099999904632568 3.0699999332427979 27.5 27.5 26.303583145141602 26.282154083251953 56964.21875 7.4018955230712891 6.315983772277832 5.8240900039672852 23.050270080566406 riz 0 56965.55859375 1.020909309387207 -0.2771410346031189 0.83692103624343872 0.084515079855918884 0.082034297287464142 23.784580230712891 0.08434373140335083 5.4975362218101509e-06 4.2706756175903138e-07 0.018836498260498047 -2.5540205683682871e-07 -1.8723515182728079e-08 46 51.220577239990234 0.27628940343856812 0.29647690057754517
SN: 1305486 10 0 X3 3 0 36.366768 -5.0722620000000003 0.90039998292922974 0.0010000000474974513 0.89888101816177368 0.0010000000474974513 0.89888095855712891 0.0021472217049449682 0 300 0 0 0.023735716938972473 1 2 37196 -9 -9 0.90039998292922974 0.0010000000474974513 36.366945999999999 -5.0722750000000003 0.64099997282028198 0.57499998807907104 -3.9802894592285156 11.013999938964844 0.012000000104308128 -9999 -9999 0.71200001239776611 1.0850000381469727 -10.298000335693359 1.0860612392425537 1.0479999780654907 -999 24.559999465942383 22.979999542236328 21.760000228881836 21.010000228881836 0.019999999552965164 0.0099999997764825821 0 0 2.3900001049041748 11.239999771118164 32.5 67.720001220703125 26.554004669189453 24.873085021972656 23.720291137695312 22.923208236694336 56961.20703125 15.13926887512207 9.732574462890625 -99 35.404975891113281 iz 0 56964.69921875 0.7677764892578125 0.34710022807121277 0.55610764026641846 -0.15319524705410004 0.11026246845722198 24.031209945678711 0.058265645056962967 4.3804247980006039e-06 2.3507392654664727e-07 0.016463777050375938 -9.8438150075708108e-08 -5.8725673213189111e-09 24 21.202953338623047 0.62672537565231323 0.52359408140182495
SN: 1299746 10 0 C2 3 0 53.939545000000003 -28.975147 0.36621001362800598 0.0010000000474974513 0.36571100354194641 0.0010000000474974513 0.36571097373962402 0.001693415455520153 0 300 0 0 0.0074949851259589195 2 4 23879 -9 -9 0.36620000004768372 0.0010000000474974513 53.939523000000001 -28.975059000000002 0.32499998807907104 0.32499998807907104 -3.0059728622436523 10.258000373840332 0.0099999997764825821 -9999 -9999 0.68400001525878906 0.25400000810623169 -9.5670003890991211 0.25543099641799927 0.9869999885559082 -999 23.260000228881836 21.909999847412109 21.340000152587891 20.950000762939453 0.0099999997764825821 0 0 0 12.239999771118164 41.909999847412109 67.209999084472656 95.680000305175781 24.780546188354492 23.444206237792969 22.931415557861328 22.547946929931641 56943.18359375 23.603246688842773 22.15858268737793 18.77180290222168 62.360931396484375 griz 0 56940.87890625 0.42330873012542725 0.39090785384178162 0.33163505792617798 0.19621624052524567 0.031595539301633835 22.425958633422852 0.044926229864358902 1.9213935956940986e-05 7.9504553696096991e-07 0.0041062184609472752 -1.7361256254844193e-07 -1.8881179286722727e-08 36 42.442096710205078 0.21310429275035858 0.66690742969512939
SN: 1321522 10 0 E1+E2 3 0 8.2997399999999999 -43.880974000000002 0.17800000309944153 0.0010000000474974513 0.17714500427246094 0.0010000000474974513 0.17714500427246094 0.0015451601939275861 0 300 0 0 0.005289966706186533 1 1 -13174 -9 -9 0.17800000309944153 0.0010000000474974513 8.3002830000000003 -43.880662999999998 1.7999999523162842 1.0809999704360962 -9 10.027000427246094 0.0099999997764825821 -9999 -9999 0.85799998044967651 0.27099999785423279 -9.1680002212524414 0.27325078845024109 0.78700000047683716 -999 21.5 20.780000686645508 20.389999389648438 20.219999313354492 0 0 0 0 52.979999542236328 97.819999694824219 132.3699951171875 141.30000305175781 23.189720153808594 22.523931503295898 22.195526123046875 22.124645233154297 57030.08984375 54.325107574462891 37.903209686279297 27.954809188842773 118.42483520507812 griz 0 57032.82421875 0.23499935865402222 0.35973072052001953 0.31423002481460571 0.092188507318496704 0.021474879235029221 21.389472961425781 0.028112124651670456 4.9912694521481171e-05 1.2923507028972381e-06 0.0019412275869399309 -2.0356526420073351e-07 -1.6305152783502308e-08 25 56.225002288818359 0.00033914711093530059 0.32986164093017578
SN: 1321116 10 0 X3 3 0 35.867333000000002 -4.2567890000000004 0.62815999984741211 0.0010000000474974513 0.62683999538421631 0.0010000000474974513 0.62683999538421631 0.0019105342216789722 0 300 0 0 0.022186197340488434 1 1 38263 -9 -9 0.6281999945640564 0.0010000000474974513 35.867474999999999 -4.2566269999999999 0.77399998903274536 0.49700000882148743 -9 11.107000350952148 0.012000000104308128 -9999 -9999 1.3159999847412109 0.014999999664723873 -9.7849998474121094 0.040853396058082581 0.62400001287460327 -999 22.799999237060547 21.799999237060547 20.770000457763672 20.5 0.0099999997764825821 0 0 0 18.360000610351562 56.150001525878906 108.15000152587891 152.8699951171875 24.34031867980957 23.126625061035156 22.414932250976562 22.039194107055664 57025.1171875 23.812751770019531 13.87667179107666 11.047707557678223 56.493888854980469 riz 0 57022.8125 0.44327563047409058 -0.033138372004032135 0.40284129977226257 -0.14389887452125549 0.045901075005531311 23.11518669128418 0.040705341845750809 1.0184168786508963e-05 3.8181471495590813e-07 0.0037114496808499098 -9.3307200188519346e-08 -3.3818832179122182e-09 18 19.478857040405273 0.36290979385375977 0.47979006171226501
SN: 1321365 10 0 X2 3 0 36.341327999999997 -6.0065359999999997 0.3137499988079071 0.0010000000474974513 0.31270399689674377 0.0010000000474974513 0.31270396709442139 0.0016509064007550478 0 300 0 0 0.027520565316081047 1 1 37008 -9 -9 0.31369999051094055 0.0010000000474974513 36.341213000000003 -6.0064609999999998 0.49200001358985901 0.50199997425079346 -9 8.9099998474121094 0.028000000864267349 -9999 -9999 0.8410000205039978 0.53100001811981201 -8.0430002212524414 0.5340505838394165 0.18400000035762787 -999 23.579999923706055 22.840000152587891 22.670000076293945 22.420000076293945 0.0099999997764825821 0.0099999997764825821 0.0099999997764825821 0.0099999997764825821 8.8500003814697266 15.600000381469727 17.979999542236328 25.309999465942383 25.132640838623047 24.517189025878906 24.363025665283203 23.991769790649414 57019.08984375 13.129803657531738 10.165400505065918 8.8085956573486328 31.596883773803711 griz 0 57021.67578125 0.56743037700653076 -0.28414478898048401 0.7724459171295166 -0.032344810664653778 0.047634005546569824 22.887762069702148 0.067462019622325897 1.2557271475088783e-05 7.8024379490670981e-07 0.012925866991281509 -3.7849522982469352e-07 -2.1788983062265288e-08 31 49.587734222412109 0.01842045970261097 0.14351032674312592
SN: 1313594 10 1 X1 3 0 34.832934999999999 -5.7894240000000003 0.28940001130104065 0.0010000000474974513 0.28834199905395508 0.0010000000474974513 0.28834199905395508 0.0016315761022269726 0 300 0 0 0.022255869582295418 1 1 34055 -9 -9 0.28940001130104065 0.0010000000474974513 34.832683000000003 -5.7892409999999996 1.1180000305175781 1.0260000228881836 -9 10.076999664306641 0.017000000923871994 -9999 -9999 0.32100000977516174 0.034000001847743988 -9.7320003509521484 0.045343134552240372 1.2259999513626099 -999 23.610000610351562 22.569999694824219 21.790000915527344 21.280000686645508 0.019999999552965164 0.0099999997764825821 0.0099999997764825821 0 10.100000381469727 18.649999618530273 27.840000152587891 35.720001220703125 24.98919677734375 24.32330322265625 23.888326644897461 23.617721557617188 57001.0390625 78.118522644042969 75.230392456054688 47.542461395263672 176.2064208984375 griz 0 57002.33984375 0.22531786561012268 0.58859938383102417 0.16701489686965942 -0.089731045067310333 0.015836078673601151 21.167877197265625 0.020426448434591293 6.1213788285385817e-05 1.1516427775859484e-06 0.00046965572983026505 -9.4321599419799895e-08 -1.1321962034571698e-08 45 23.903055191040039 0.99587500095367432 0.35771110653877258
SN: 1319840 10 0 C2 3 0 53.651352000000003 -28.866569999999999 0.49024999141693115 0.0010000000474974513 0.48969700932502747 0.0010000000474974513 0.48969697952270508 0.0017950373003259301 0 300 0 0 0.0067186993546783924 1 1 23740 -9 -9 0.49020001292228699 0.0010000000474974513 53.651169000000003 -28.866387 0.875 0.93000000715255737 -9 10.284999847412109 0.013000000268220901 -9999 -9999 0.46599999070167542 0.017999999225139618 -9.810999870300293 0.038470767438411713 0.64499998092651367 -999 22.979999542236328 21.860000610351562 21.450000762939453 21.100000381469727 0.0099999997764825821 0 0 0 9.9899997711181641 31.180000305175781 51.860000610351562 56.279998779296875 25.001087188720703 23.765310287475586 23.212919235229492 23.124114990234375 57011.0859375 31.064912796020508 16.947139739990234 13.263628005981445 48.750572204589844 riz 0 57017.296875 0.65807467699050903 -0.090812325477600098 0.54340916872024536 0.0046383626759052277 0.048572659492492676 22.787851333618164 0.056584659963846207 1.3767648852081038e-05 7.1752026542526437e-07 0.0072275972925126553 -2.5128966285592469e-07 -2.4873596515817553e-08 30 25.890953063964844 0.68068575859069824 0.033990714699029922
SN: 1296793 10 0 X2 3 0 35.009456999999998 -6.5247149999999996 0.64525997638702393 0.0010000000474974513 0.64391899108886719 0.0010000000474974513 0.64391899108886719 0.0019251173362135887 0 300 0 0 0.022863134741783142 2 3 35938 -9 -9 0.64529997110366821 0.0010000000474974513 35.009509999999999 -6.5245119999999996 0.75499999523162842 0.93300002813339233 -2.05893874168396 10.345000267028809 0.023000000044703484 -9999 -9999 0.44800001382827759 0.50199997425079346 -9.8859996795654297 0.51757127046585083 1.0119999647140503 -999 24.770000457763672 23.579999923706055 22.770000457763672 22.370000839233398 0.039999999105930328 0.019999999552965164 0.0099999997764825821 0.0099999997764825821 2.6700000762939453 8.0299997329711914 16.430000305175781 22.200000762939453 26.433721542358398 25.238210678100586 24.460906982421875 24.134117126464844 56915.296875 7.9692263603210449 6.9321889877319336 5.5507187843322754 22.15960693359375 riz 0 56917.703125 1.2786942720413208 -1.153937816619873 0.96001708507537842 0.082376450300216675 0.091715514659881592 23.515819549560547 0.095831200480461121 7.0416153903352097e-06 6.2151974589141901e-07 0.027403311803936958 -3.8172416338966286e-07 -3.9177507460408378e-08 38 40.491245269775391 0.3609546422958374 0.47260040044784546
SN: 1319711 10 0 X3 3 0 36.472687000000001 -4.8496769999999998 0.24269999563694 0.0010000000474974513 0.24170799553394318 0.0010000000474974513 0.24170804023742676 0.0015949597582221031 0 300 0 0 0.022707382217049599 1 1 -13109 -9 -9 0.24269999563694 0.0010000000474974513 36.472659999999998 -4.8496059999999996 0.2720000147819519 0.35100001096725464 -9 10.112000465393066 0.075999997556209564 -9999 -9999 -0.78200000524520874 0.20900000631809235 -10.968000411987305 0.27452686429023743 1.3190000057220459 -999 22.350000381469727 21.030000686645508 20.370000839233398 20.159999847412109 0 0 0 0 27 85.519996643066406 132.05000305175781 169.42999267578125 23.921590805053711 22.669830322265625 22.198154449462891 21.927524566650391 57018.1328125 140.29782104492188 128.20298767089844 72.3985595703125 353.7711181640625 griz 0 57019.8359375 0.16168692708015442 -0.38372033834457397 0.17445354163646698 -0.07773764431476593 0.018959494307637215 20.85206413269043 0.024219870567321777 8.1879356002900749e-05 1.8265094468006282e-06 0.0013909291010349989 -1.9232952297443262e-07 -2.6029985278341883e-08 24 22.960899353027344 0.52210736274719238 0.28897431492805481
SN: 1309509 10 0 C3 3 0 52.968662000000002 -27.248073999999999 0.96372997760772705 0.0010000000474974513 0.96295797824859619 0.0010000000474974513 0.96295797824859619 0.0022041657939553261 0 300 0 0 0.006696340162307024 1 4 25896 -9 -9 0.96369999647140503 0.0010000000474974513 52.968829999999997 -27.248276000000001 0.90600001811981201 1.340999960899353 -2.4919214248657227 10.246000289916992 0.079999998211860657 -9999 -9999 0.47099998593330383 0.037999998778104782 -9.7030000686645508 0.069339744746685028 0.63400000333786011 -999 24.770000457763672 24.100000381469727 23.170000076293945 22.610000610351562 0.019999999552965164 0.0099999997764825821 0.0099999997764825821 0.0099999997764825821 2.809999942779541 5.2100000381469727 12.810000419616699 20.850000381469727 26.37823486328125 25.707904815673828 24.73112678527832 24.202234268188477 56980.25390625 9.5588617324829102 8.914057731628418 -99 24.437110900878906 iz 0 56970.84375 1.1654518842697144 -0.347869873046875 0.74983024597167969 0.002989302622154355 0.14120224118232727 24.648000717163086 0.071633823215961456 2.481987849023426e-06 1.6375459210848931e-07 0.0093191741034388542 -7.1264985024299676e-08 3.3922928355245574e-10 30 56.002338409423828 0.0027286442928016186 0.11638396233320236
SN: 1293366 10 0 X2 3 0 36.235210000000002 -6.0363930000000003 0.32144999504089355 0.0010000000474974513 0.32039600610733032 0.0010000000474974513 0.32039594650268555 0.0016570371808484197 0 300 0 0 0.027426494285464287 1 1 36785 -9 -9 0.321399986743927 0.0010000000474974513 36.235242 -6.0364699999999996 0.30099999904632568 0.19200000166893005 -9 11.187000274658203 0.11699999868869781 -9999 -9999 -0.45399999618530273 9.5459995269775391 -11.586000442504883 9.5461015701293945 1.690000057220459 -999 21.850000381469727 20.100000381469727 19.430000305175781 19 0 0 0 0 47.669998168945312 222.05999755859375 407.97000122070312 583.3499755859375 23.304386138916016 21.633823394775391 20.973430633544922 20.585176467895508 56904.2265625 19.549362182617188 16.636756896972656 12.992729187011719 51.336162567138672 griz 0 56904.4765625 0.34474575519561768 0.82307207584381104 0.37463390827178955 0.019652912393212318 0.034436412155628204 21.836320877075195 0.054675482213497162 3.3072836231440306e-05 1.6654812498018146e-06 0.0067013753578066826 -5.0493235903559253e-07 -4.2829093160889897e-08 43 33.377799987792969 0.85396242141723633 0.28206998109817505
SN: 1316461 10 0 C3 3 0 52.581200000000003 -28.748646000000001 0.6104699969291687 0.0010000000474974513 0.60984200239181519 0.0010000000474974513 0.60984206199645996 0.0018960618181154132 0 300 0 0 0.0095013584941625595 1 1 25354 -9 -9 0.61049997806549072 0.0010000000474974513 52.581057000000001 -28.748799000000002 0.71200001239776611 0.67299997806549072 -9 10.96399974822998 0.028999999165534973 -9999 -9999 0.032999999821186066 10.032999992370605 -10.982999801635742 10.033867835998535 1.3969999551773071 -999 23.600000381469727 21.829999923706055 20.870000839233398 20.299999237060547 0.0099999997764825821 0 0 0 7.7100000381469727 40.5 91.349998474121094 142.21000671386719 25.282363891601562 23.481361389160156 22.598228454589844 22.117673873901367 57008.06640625 22.75286865234375 18.16181755065918 13.994976997375488 54.230625152587891 riz 0 57008.9140625 0.53760308027267456 -1.3953883647918701 0.36233270168304443 -0.019625773653388023 0.049465194344520569 23.326597213745117 0.036819349974393845 8.3822669694200158e-06 2.8425839104784245e-07 0.0029987180605530739 -5.5239119944872073e-08 -6.7723080476866926e-09 25 35.638507843017578 0.077266722917556763 0.46970745921134949
SN: 1304503 10 0 C3 3 0 53.092903 -27.954512000000001 0.53030002117156982 0.0010000000474974513 0.52970802783966064 0.0010000000474974513 0.52970802783966064 0.0018284227699041367 0 300 0 0 0.0073287463746964931 1 2 27010 -9 -9 0.53030002117156982 0.0010000000474974513 53.09301 -27.954535 0.35100001096725464 0.42500001192092896 -3.8714990615844727 10.574999809265137 0.014999999664723873 -9999 -9999 0.56300002336502075 0.31200000643730164 -10.019000053405762 0.3184964656829834 1.0950000286102295 -999 24.139999389648438 22.549999237060547 21.770000457763672 21.270000457763672 0.0099999997764825821 0 0 0 5.429999828338623 24.569999694824219 48.200000762939453 72.800003051757812 25.663000106811523 24.02398681640625 23.292381286621094 22.844671249389648 56963.265625 42.800983428955078 34.251930236816406 25.846641540527344 103.00144958496094 riz 0 56967.4375 0.32304394245147705 -0.97281640768051147 0.27975660562515259 -0.037965815514326096 0.032429303973913193 22.939708709716797 0.035265211015939713 1.1970618288614787e-05 3.8881120190126239e-07 0.0016938388580456376 -6.035459421127598e-08 -9.1708090010911292e-09 35 24.362276077270508 0.91107338666915894 0.34809195995330811
SN: 1291511 10 0 E2 3 0 9.4334050000000005 -44.809784000000001 0.37325000762939453 0.0010000000474974513 0.3722819983959198 0.0010000000474974513 0.37228202819824219 0.0016987264389172196 0 300 0 0 0.0065279058180749416 1 1 31043 -9 -9 0.3732999861240387 0.0010000000474974513 9.4333779999999994 -44.809761000000002 0.10700000077486038 0.16300000250339508 -9 9.8020000457763672 0.014999999664723873 -9999 -9999 -0.027000000700354576 0.17499999701976776 -9.8350000381469727 0.18500000238418579 1.0809999704360962 -999 23.819999694824219 22.549999237060547 21.959999084472656 21.639999389648438 0.019999999552965164 0.0099999997764825821 0.0099999997764825821 0.0099999997764825821 4.2300000190734863 20.940000534057617 39.279998779296875 50.869998931884766 25.934148788452148 24.19755744934082 23.514572143554688 23.233844757080078 56887.21484375 47.284099578857422 35.757453918457031 31.339351654052734 77.562690734863281 griz 0 56887.15625 1.1278526782989502 -0.91616308689117432 0.45305806398391724 -0.011112176813185215 0.024130653589963913 22.00444221496582 0.026008915156126022 2.8328491680440493e-05 6.7861174102290533e-07 -0.0019107976695522666 -2.7419961856622876e-09 -9.0193879032085533e-09 24 23.654857635498047 0.48146891593933105 0.30762583017349243
SN: 1302359 10 0 C3 3 0 52.210116999999997 -28.713799999999999 0.2535800039768219 0.0010000000474974513 0.2530829906463623 0.0010000000474974513 0.2530829906463623 0.0016038431786000729 0 300 0 0 0.0093239946290850639 1 1 25581 -9 -9 0.25360000133514404 0.0010000000474974513 52.210161999999997 -28.713830999999999 0.1809999942779541 0.11599999666213989 -9 10.956000328063965 0.029999999329447746 -9999 -9999 0.85100001096725464 0.15000000596046448 -10.13700008392334 0.17544515430927277 1.2640000581741333 -999 20.909999847412109 19.680000305175781 19 18.270000457763672 0 0 0 0 106.65000152587891 348.48001098632812 545.1500244140625 723.1500244140625 22.430097579956055 21.144554138183594 20.658710479736328 20.3519287109375 56956.3125 79.746955871582031 63.230155944824219 46.537792205810547 195.72428894042969 griz 0 56954.12109375 0.18960511684417725 -0.10344864428043365 0.13850679993629456 0.10120475292205811 0.016932906582951546 21.393793106079102 0.022308487445116043 4.9714457418303937e-05 1.0214768053629086e-06 0.00056112295715138316 -6.5057385256750422e-08 -1.3387932540354086e-08 40 43.443656921386719 0.32686281204223633 0.3391069769859314
SN: 1295027 10 101 X2 3 0 35.432738999999998 -6.9405570000000001 0.4267599880695343 0.0010000000474974513 0.42560899257659912 0.0010000000474974513 0.42560899257659912 0.001742146210744977 0 300 0 0 0.024035131558775902 1 1 36123 -9 -9 0.42680001258850098 0.0010000000474974513 35.432810000000003 -6.9403860000000002 0.6679999828338623 0.67100000381469727 -9 10.076000213623047 0.014000000432133675 -9999 -9999 0.25499999523162842 0.15800000727176666 -9.8100004196166992 0.16513025760650635 0.74000000953674316 -999 23.469999313354492 22.290000915527344 21.870000839233398 21.579999923706055 0.0099999997764825821 0.0099999997764825821 0.0099999997764825821 0.0099999997764825821 10.569999694824219 28.760000228881836 44.669998168945312 56.090000152587891 24.939811706542969 23.85302734375 23.374959945678711 23.127786636352539 56915.296875 16.603767395019531 15.290359497070312 11.234414100646973 47.384517669677734 riz 0 56910.703125 0.59706485271453857 -0.25211554765701294 0.46581587195396423 0.020969606935977936 0.050462298095226288 22.401803970336914 0.063855104148387909 1.9646207874757238e-05 1.1554470802366268e-06 0.0068073207512497902 -2.9066151796541817e-07 -4.6765812555804587e-08 32 25.178848266601562 0.79872167110443115 0.10930827260017395
SN: 1311496 10 0 S2 3 0 41.871059000000002 -0.68930599999999997 0.6918799877166748 0.0010000000474974513 0.69065797328948975 0.0010000000474974513 0.69065797328948975 0.0019652326591312885 0 300 0 0 0.034922555088996887 1 1 33446 -9 -9 0.69190001487731934 0.0010000000474974513 41.871099000000001 -0.68931699999999996 0.14900000393390656 0.18299999833106995 -9 10.170000076293945 0.050999999046325684 -9999 -9999 0.64600002765655518 0.017999999225139618 -9.5380001068115234 0.093744330108165741 0.42899999022483826 -999 23.649999618530273 22.760000228881836 22.180000305175781 21.889999389648438 0.019999999552965164 0.0099999997764825821 0.0099999997764825821 0.0099999997764825821 9.75 21.440000534057617 37.270000457763672 45.700000762939453 25.027488708496094 24.171937942504883 23.571601867675781 23.350210189819336 56990.18359375 9.2024202346801758 6.2003426551818848 5.8897380828857422 22.552627563476562 riz 0 56991.6484375 0.96729272603988647 0.40162858366966248 0.93602490425109863 -0.095863170921802521 0.07651936262845993 23.737577438354492 0.086886487901210785 5.7407573876844253e-06 4.5940649329168082e-07 0.010453793220221996 -3.3529892107253545e-07 -2.2598607429813455e-09 37 43.748104095458984 0.20674812793731689 0.34645509719848633
SN: 1290007 10 0 C3 3 0 52.025013000000001 -28.404817999999999 0.43169999122619629 0.0010000000474974513 0.4311249852180481 0.0010000000474974513 0.43112492561340332 0.0017466688295826316 0 300 0 0 0.0073875295929610729 1 2 25441 -9 -9 0.43169999122619629 0.0010000000474974513 52.024751000000002 -28.404896000000001 0.875 1.0069999694824219 -3.047480583190918 9.8590002059936523 0.013000000268220901 -9999 -9999 1.1890000104904175 0.064000003039836884 -8.6840000152587891 0.087045967578887939 0.52300000190734863 -999 23 21.930000305175781 21.549999237060547 21.190000534057617 0 0 0 0 10.010000228881836 32.459999084472656 40.650001525878906 49.669998168945312 24.99891471862793 23.721628189086914 23.477348327636719 23.259765625 56885.34765625 42.918106079101562 32.918777465820312 26.132755279541016 85.501121520996094 riz 0 56891.83203125 0.58937644958496094 -0.2534465491771698 0.41614767909049988 0.085382267832756042 0.040147777646780014 22.763614654541016 0.0557280033826828 1.4078423191676848e-05 7.2260871775142732e-07 0.0052448520436882973 -1.9161551279012201e-07 -2.3928086179125785e-08 20 16.492551803588867 0.68563562631607056 0.29688161611557007
SN: 1304678 10 1 C1 3 0 54.870091000000002 -27.643946 0.2192700058221817 0.0010000000474974513 0.21883399784564972 0.0010000000474974513 0.2188340425491333 0.0015771934995427728 0 300 0 0 0.010090808384120464 1 1 22530 -9 -9 0.21930000185966492 0.0010000000474974513 54.869934000000001 -27.643901 0.52600002288818359 0.30000001192092896 -9 10.916999816894531 0.028999999165534973 -9999 -9999 0.66200000047683716 7.0100002288818359 -10.23799991607666 7.0107421875 1.3380000591278076 -999 21.030000686645508 19.700000762939453 19.139999389648438 18.969999313354492 0 0 0 0 90.519996643066406 302.3900146484375 504.97000122070312 646.07000732421875 22.608139038085938 21.298580169677734 20.741836547851562 20.474300384521484 56966.35546875 58.450767517089844 40.020053863525391 19.791221618652344 119.25515747070312 griz 0 56963.5859375 0.23456355929374695 -1.8461530208587646 0.20785582065582275 -0.043240752071142197 0.025422582402825356 20.912021636962891 0.034066535532474518 7.7480362961068749e-05 2.4310579647135455e-06 0.0016669598408043385 -2.8815435371143394e-07 -4.5427583472701372e-08 46 25.206991195678711 0.99460989236831665 0.63203877210617065
SN: 1291254 10 0 E2 3 0 10.235841000000001 -44.621085999999998 0.35115998983383179 0.0010000000474974513 0.35021001100540161 0.0010000000474974513 0.35020995140075684 0.0016809223452582955 0 300 0 0 0.0062999562360346317 1 2 29565 -9 -9 0.35120001435279846 0.0010000000474974513 10.235683999999999 -44.620887000000003 0.82099997997283936 0.94800001382827759 -3.0906691551208496 9.9040002822875977 0.008999999612569809 -9999 -9999 0.42899999022483826 0.15099999308586121 -9.5069999694824219 0.15875138342380524 0.83899998664855957 -999 22.950000762939453 21.860000610351562 21.459999084472656 21.180000305175781 0.0099999997764825821 0 0 0 10.770000457763672 31.280000686645508 46.639999389648438 53.450000762939453 24.919460296630859 23.761833190917969 23.328104019165039 23.180130004882812 56903.125 14.022467613220215 13.120141983032227 10.469648361206055 49.28179931640625 griz 0 56902.05078125 0.33027452230453491 0.53500169515609741 0.35937157273292542 0.19669361412525177 0.037724293768405914 22.502529144287109 0.06139427050948143 1.790557689673733e-05 1.0124925893251202e-06 0.0060229729861021042 -2.7758147780332365e-07 -2.9862228245747247e-08 43 37.587474822998047 0.70449048280715942 0.67946583032608032
SN: 1295794 10 0 C3 3 0 52.681576 -27.389782 0.67163997888565063 0.0010000000474974513 0.67097598314285278 0.0010000000474974513 0.67097592353820801 0.0019483036594465375 0 300 0 0 0.0076580620370805264 1 2 -5169 -9 -9 0.67159998416900635 0.0010000000474974513 52.681113000000003 -27.389769999999999 1.4800000190734863 1.2619999647140503 -2.3029930591583252 11.435000419616699 0.046000000089406967 -9999 -9999 0.56800001859664917 0.48500001430511475 -10.871999740600586 0.49500101804733276 1.628000020980835 -999 24.110000610351562 22.190000534057617 20.979999542236328 20.309999465942383 0.0099999997764825821 0 0 0 2.0399999618530273 10.279999732971191 30.690000534057617 61.340000152587891 26.725925445556641 24.970016479492188 23.782508850097656 23.0306396484375 56927.1796875 17.913978576660156 15.717881202697754 11.656322479248047 41.060531616210938 riz 0 56923.83984375 0.72301292419433594 -1.6417750120162964 0.48594582080841064 0.15826141834259033 0.058151863515377045 24.109939575195312 0.041406221687793732 4.0740260374150239e-06 1.5536926412096363e-07 0.0012431654613465071 -3.6256775359788662e-08 -3.8666234658535359e-09 37 30.981334686279297 0.7463219165802002 0.76012372970581055
SN: 1301963 10 0 C2 3 0 54.885646999999999 -28.482949999999999 0.41576999425888062 0.0010000000474974513 0.41527101397514343 0.0010000000474974513 0.41527104377746582 0.0017336854944005609 0 300 0 0 0.0099979611113667488 1 1 -7532 -9 -9 0.41580000519752502 0.0010000000474974513 54.885663000000001 -28.483166000000001 0.78100001811981201 0.79600000381469727 -9 10.241999626159668 0.013000000268220901 -9999 -9999 0.52899998426437378 0.29199999570846558 -9.7049999237060547 0.29486438632011414 0.77700001001358032 -999 22.870000839233398 21.680000305175781 21.25 20.959999084472656 0.0099999997764825821 0 0 0 15.75 46.020000457763672 70.330001831054688 94.709999084472656 24.506797790527344 23.342634201049805 22.882148742675781 22.559009552001953 56949.33984375 42.465969085693359 29.589088439941406 19.973371505737305 85.4583740234375 riz 0 56950.08984375 0.65601170063018799 0.98783165216445923 0.42567488551139832 -0.10816442221403122 0.034757599234580994 22.03858757019043 0.038636326789855957 2.7451445930637419e-05 9.7686995559342904e-07 0.0023117631208151579 -1.8868216500322887e-07 -2.6494070937133074e-08 32 34.820018768310547 0.33523157238960266 0.48828104138374329
SN: 1299327 10 0 X3 3 0 36.817402000000001 -3.9626899999999998 0.98316001892089844 0.0010000000474974513 0.98158097267150879 0.0010000000474974513 0.98158097267150879 0.0022207892034202814 0 300 0 0 0.023982211947441101 1 3 37904 -9 -9 0.98320001363754272 0.0010000000474974513 36.817473999999997 -3.9626920000000001 0.25900000333786011 0.37000000476837158 -3.8761498928070068 10.468999862670898 0.12399999797344208 -9999 -9999 0.27000001072883606 0.23999999463558197 -10.067000389099121 0.24838680028915405 0.80900001525878906 -999 24.899999618530273 23.850000381469727 22.799999237060547 22.129999160766602 0.029999999329447746 0.0099999997764825821 0.0099999997764825821 0.0099999997764825821 2.5399999618530273 6.7899999618530273 16.549999237060547 30.879999160766602 26.4879150390625 25.420326232910156 24.453004837036133 23.775806427001953 56936.17578125 13.110342979431152 11.997374534606934 -99 32.450729370117188 iz 0 56933.9765625 1.1165120601654053 0.58369147777557373 0.73641443252563477 0.12413991987705231 0.10533542931079865 24.280782699584961 0.05507047101855278 3.4808620057447115e-06 1.7655551687312254e-07 0.0084670837968587875 -8.9698453109576803e-08 1.4258348945972443e-09 29 29.264537811279297 0.45135337114334106 0.4572584331035614
SN: 1305626 10 1 X3 3 0 35.654617000000002 -4.133254 0.32679998874664307 0.0010000000474974513 0.32572001218795776 0.0010000000474974513 0.32572007179260254 0.0016612885519862175 0 300 0 0 0.021475831046700478 1 1 37241 -9 -9 0.32679998874664307 0.0010000000474974513 35.654636000000004 -4.1332709999999997 0.090999998152256012 0.13600000739097595 -9 9.2510004043579102 0.010999999940395355 -9999 -9999 0.05299999937415123 0.62199997901916504 -9.1949996948242188 0.62355434894561768 0.77799999713897705 -999 23.940000534057617 22.959999084472656 22.590000152587891 22.290000915527344 0.0099999997764825821 0.0099999997764825821 0.0099999997764825821 0.0099999997764825821 5.929999828338623 14.890000343322754 20.840000152587891 26.440000534057617 25.567363739013672 24.567764282226562 24.202754974365234 23.944347381591797 56973.09765625 123.86524200439453 95.68109130859375 86.814628601074219 300.55276489257812 griz 0 56975.2890625 0.22922313213348389 -0.48992037773132324 0.13152435421943665 -0.092255249619483948 0.015631530433893204 21.606998443603516 0.020760262385010719 4.0850780351320282e-05 7.8110406320774928e-07 0.00042127992492169142 -4.6241240170274978e-08 -8.2346138796651758e-09 39 21.875743865966797 0.98778659105300903 0.34818977117538452
SN: 1320126 10 0 E2 3 0 10.244742 -43.782940000000004 0.5279499888420105 0.0010000000474974513 0.5268549919128418 0.0010000000474974513 0.5268549919128418 0.0018260333454236388 0 300 0 0 0.0043343021534383297 1 1 30655 -9 -9 0.52789998054504395 0.0010000000474974513 10.244915000000001 -43.782936999999997 0.44900000095367432 0.68900001049041748 -9 10.654000282287598 0.0080000003799796104 -9999 -9999 -2.6960000991821289 7.3039999008178711 -13.329000473022461 7.3039999008178711 1.4570000171661377 -999 23.409999847412109 21.610000610351562 20.799999237060547 20.430000305175781 0.0099999997764825821 0 0 0 9.0200004577636719 48.680000305175781 101.37000274658203 142.30999755859375 25.111984252929688 23.281623840332031 22.485225677490234 22.116910934448242 57011.0625 16.538768768310547 11.867086410522461 10.108254432678223 32.959125518798828 riz 0 57013.23046875 0.80188202857971191 -0.20764099061489105 0.7485802173614502 0.20744037628173828 0.061264980584383011 23.341814041137695 0.057704944163560867 8.2656006270553917e-06 4.3930194237873366e-07 0.006191588006913662 -1.6406332292717707e-07 -1.691152284877262e-08 22 16.458108901977539 0.79251784086227417 0.6949232816696167
SN: 1309874 10 0 E2 3 0 10.337526 -43.967869 0.27092000842094421 0.0010000000474974513 0.27001398801803589 0.0010000000474974513 0.27001404762268066 0.0016171234892681241 0 300 0 0 0.0058553987182676792 1 1 29517 -9 -9 0.27090001106262207 0.0010000000474974513 10.337539 -43.967655000000001 0.77100002765655518 0.34000000357627869 -9 10.906000137329102 0.034000001847743988 -9999 -9999 0.20999999344348907 0.32499998807907104 -10.949000358581543 0.39471635222434998 1.4950000047683716 -999 21.280000686645508 19.75 19.159999847412109 18.950000762939453 0 0 0 0 65.5 251.50999450683594 415.79000854492188 511.02999877929688 22.959396362304688 21.498611450195312 20.952816009521484 20.728883743286133 56980.0390625 83.901374816894531 63.327682495117188 -99 154.66136169433594 gr 0 56978.0234375 0.3082696795463562 -0.45986533164978027 0.21646422147750854 -0.039900325238704681 0.025534436106681824 21.192647933959961 0.020937087014317513 5.9833051636815071e-05 1.1538068065419793e-06 0.00066891341703012586 -1.0844262732234711e-07 -1.0620738066791091e-08 17 14.352783203125 0.64199143648147583 0.20294488966464996
SN: 1295285 10 0 X3 3 0 36.886341000000002 -4.3640030000000003 0.52634000778198242 0.0010000000474974513 0.52512800693511963 0.0010000000474974513 0.52512800693511963 0.0018245875835418701 0 300 0 0 0.021737018600106239 1 2 37124 -9 -9 0.52630001306533813 0.0010000000474974513 36.886471 -4.3641160000000001 0.61900001764297485 0.88200002908706665 -3.264427661895752 10.317000389099121 0.032000001519918442 -9999 -9999 0.5 1.0579999685287476 -9.810999870300293 1.0664520263671875 1.2779999971389771 -999 24.409999847412109 22.879999160766602 22.180000305175781 21.719999313354492 0.019999999552965164 0 0 0 3.3399999141693115 14.619999885559082 27.209999084472656 39.740001678466797 26.190633773803711 24.587631225585938 23.913179397583008 23.501930236816406 56915.203125 52.667392730712891 47.094501495361328 34.856437683105469 114.52750396728516 riz 0 56920.3359375 0.50779885053634644 0.58687537908554077 0.26872053742408752 -0.041540477424860001 0.027625881135463715 22.745424270629883 0.032026544213294983 1.4316285160020925e-05 4.2229515884173452e-07 0.00035231333458796144 -4.1110382653641864e-08 -8.6593647807831076e-09 32 20.176259994506836 0.94813209772109985 0.23967194557189941
SN: 1295291 10 0 X3 3 0 36.05827 -4.3490539999999998 0.86329001188278198 0.0010000000474974513 0.86178600788116455 0.0010000000474974513 0.86178600788116455 0.0021144440397620201 0 300 0 0 0.022820433601737022 1 1 38846 -9 -9 0.86330002546310425 0.0010000000474974513 36.058276999999997 -4.3490979999999997 0.15999999642372131 0.22699999809265137 -9 9.3039999008178711 0.071000002324581146 -9999 -9999 1.0570000410079956 0.70200002193450928 -8.2040004730224609 0.71847963333129883 -0.0099999997764825821 -999 24.5 24.159999847412109 23.559999465942383 23.319999694824219 0.019999999552965164 0.019999999552965164 0.0099999997764825821 0.019999999552965164 3.6400001049041748 5.059999942779541 9.0399999618530273 10.640000343322754 26.097246170043945 25.7396240234375 25.109579086303711 24.932645797729492 56915.203125 9.7577581405639648 9.1566457748413086 -99 22.480113983154297 iz 0 56913.16796875 1.4260783195495605 -0.29886487126350403 0.86165249347686768 0.067044563591480255 0.16620093584060669 24.515941619873047 0.10090227425098419 2.8030026442138478e-06 2.6049545454043255e-07 0.037143558263778687 -1.3891268224597297e-07 -2.8700815946081093e-08 24 32.362361907958984 0.11825837194919586 0.24468062818050385
SN: 1293319 10 1 X2 3 0 36.002406999999998 -6.4977320000000001 0.29789999127388 0.0010000000474974513 0.29686200618743896 0.0010000000474974513 0.29686200618743896 0.0016383209731429815 0 300 0 0 0.026424705982208252 1 1 36917 -9 -9 0.29789999127388 0.0010000000474974513 36.002780000000001 -6.4974949999999998 1.5839999914169312 1.9079999923706055 -9 9.1400003433227539 0.019999999552965164 -9999 -9999 0.26899999380111694 0.057999998331069946 -8.8290004730224609 0.10623087733983994 0.51200002431869507 -999 23.600000381469727 22.760000228881836 22.409999847412109 22.229999542236328 0.0099999997764825821 0.0099999997764825821 0.0099999997764825821 0.0099999997764825821 5.8499999046325684 9.5500001907348633 13.130000114440918 15.75 25.582109451293945 25.049991607666016 24.704338073730469 24.506797790527344 56915.296875 45.788043975830078 45.195590972900391 43.33013916015625 139.59312438964844 griz 0 56913.7109375 0.36691761016845703 1.9580276012420654 0.25975751876831055 0.0049978131428360939 0.020320609211921692 21.33289909362793 0.02810383215546608 5.2582370699383318e-05 1.3610729183710646e-06 0.00094427331350743771 -1.8147174785099196e-07 -1.9190471434171741e-08 35 22.05064582824707 0.95656192302703857 0.65288847684860229
SN: 1303699 10 0 C3 3 0 51.65831 -27.895589999999999 0.79620999097824097 0.0010000000474974513 0.79547101259231567 0.0010000000474974513 0.7954709529876709 0.0020562147255986929 0 300 0 0 0.0093315932899713516 1 1 335959 -9 -9 0.7961999773979187 0.0010000000474974513 51.658554000000002 -27.895477 0.87800002098083496 0.35600000619888306 -9 11.61299991607666 0.0070000002160668373 -9999 -9999 -1.534000039100647 0.19699999690055847 -13.095000267028809 0.19791412353515625 1.1990000009536743 -999 25.219999313354492 23.079999923706055 26.809999465942383 20.889999389648438 0.029999999329447746 0 -10 0 2.4100000858306885 18.25 65.80999755859375 117.44000244140625 26.544958114624023 24.346843719482422 22.954269409179688 22.325458526611328 56956.3125 21.943155288696289 15.929835319519043 12.164217948913574 45.136180877685547 riz 0 56955.26953125 0.71793782711029053 0.38753470778465271 0.44246995449066162 -0.033689651638269424 0.044446490705013275 23.771743774414062 0.040275484323501587 5.5629179769312032e-06 2.0635695818782551e-07 0.0037731528282165527 -5.3374893838054049e-08 6.5521449377214935e-10 33 24.581615447998047 0.85458183288574219 0.17116671800613403
SN: 1297063 10 0 C1 3 0 53.751694000000001 -27.299524000000002 0.43569999933242798 0.0010000000474974513 0.43515500426292419 0.0010000000474974513 0.43515503406524658 0.0017499768873676658 0 300 0 0 0.0082624461501836777 1 1 -5125 -9 -9 0.43569999933242798 0.0010000000474974513 53.751789000000002 -27.299503000000001 0.31200000643730164 0.23399999737739563 -9 10.58899974822998 0.014000000432133675 -9999 -9999 0.71799999475479126 0.15700000524520874 -9.8850002288818359 0.17272232472896576 0.7929999828338623 -999 22.819999694824219 21.579999923706055 21.100000381469727 20.819999694824219 0.0099999997764825821 0 0 0 21.020000457763672 64.470001220703125 97.970001220703125 131.41000366210938 24.193418502807617 22.976606369018555 22.522266387939453 22.203428268432617 56927.23828125 21.399415969848633 14.75263786315918 9.6317157745361328 47.376445770263672 riz 0 56933.453125 0.45675593614578247 -0.075189284980297089 0.49408203363418579 0.066324152052402496 0.051225185394287109 22.690670013427734 0.065702959895133972 1.5056775737321004e-05 9.1115566647204105e-07 0.0062310355715453625 -2.9562494319179677e-07 -3.4987866825986202e-08 35 44.036117553710938 0.14070025086402893 0.22249661386013031
SN: 1324536 10 0 C2 3 0 54.476436999999997 -29.947796 0.58955001831054688 0.0010000000474974513 0.58899402618408203 0.0010000000474974513 0.58899402618408203 0.0018783694831654429 0 300 0 0 0.0097401151433587074 1 1 23897 -9 -9 0.58960002660751343 0.0010000000474974513 54.476470999999997 -29.947807000000001 0.1120000034570694 0.19900000095367432 -9 10.152000427246094 0.02500000037252903 -9999 -9999 -1.8669999837875366 2.2320001125335693 -12.034000396728516 2.2348082065582275 1.4670000076293945 -999 25.159999847412109 23.280000686645508 22.409999847412109 21.989999771118164 0.05000000074505806 0.0099999997764825821 0.0099999997764825821 0.0099999997764825821 2.119999885559082 10.619999885559082 24.040000915527344 34.330001831054688 26.684160232543945 24.934688568115234 24.047664642333984 23.660816192626953 57025.078125 7.3719882965087891 5.6257362365722656 5.4061703681945801 20.777780532836914 riz 0 57026.88671875 1.0726063251495361 -0.87236171960830688 0.88032031059265137 0.089118555188179016 0.1099311038851738 23.714218139648438 0.1166735365986824 5.8655991779232863e-06 6.3031905028765323e-07 0.038236375898122787 -3.9469918533541204e-07 -4.6990038526928402e-08 28 17.763029098510742 0.93196141719818115 0.41569575667381287
SN: 1303140 10 0 X1 3 0 33.935436000000003 -4.3702959999999997 0.49718001484870911 0.0010000000474974513 0.49592199921607971 0.0010000000474974513 0.49592196941375732 0.0018002137076109648 0 300 0 0 0.016982238739728928 1 1 34061 -9 -9 0.49720001220703125 0.0010000000474974513 33.935474999999997 -4.3701600000000003 0.50800001621246338 0.69700002670288086 -9 10.074999809265137 0.014999999664723873 -9999 -9999 0.10499999672174454 0.02500000037252903 -9.9600000381469727 0.05679788812994957 0.74199998378753662 -999 23.549999237060547 22.399999618530273 21.920000076293945 21.540000915527344 0.019999999552965164 0.0099999997764825821 0.0099999997764825821 0.0099999997764825821 10 26.75 42.029998779296875 56.729999542236328 25 23.931690216064453 23.44110107421875 23.115467071533203 56956.0859375 16.231670379638672 13.270243644714355 7.3396644592285156 37.158023834228516 riz 0 56953.09375 0.65036475658416748 -0.33446118235588074 0.55144119262695312 -0.006924318615347147 0.053319357335567474 23.047855377197266 0.049603123217821121 1.0835725333890878e-05 4.9504274102218915e-07 0.0027665719389915466 -1.3231876039299095e-07 -1.678511196701038e-08 42 34.753776550292969 0.77857339382171631 0.11385121941566467
SN: 1302346 10 0 E2 3 0 10.543032999999999 -43.697811000000002 0.53152000904083252 0.0010000000474974513 0.53042298555374146 0.0010000000474974513 0.53042292594909668 0.0018290217267349362 0 300 0 0 0.0094909723848104477 1 2 30498 -9 -9 0.53149998188018799 0.0010000000474974513 10.542997 -43.697895000000003 0.31799998879432678 0.42199999094009399 -3.7091171741485596 10.767999649047852 0.041000001132488251 -9999 -9999 -4.3029999732971191 5.6970000267028809 -15.057000160217285 5.697843074798584 1.3300000429153442 -999 23.110000610351562 21.290000915527344 20.5 20.190000534057617 0.0099999997764825821 0 0 0 12.640000343322754 63.5 127.91999816894531 180.16999816894531 24.745632171630859 22.993064880371094 22.232654571533203 21.860794067382812 56943.01953125 13.448800086975098 7.9789509773254395 6.5545806884765625 31.971031188964844 riz 0 56939.10546875 0.61153495311737061 0.28778067231178284 0.61675035953521729 0.01123207900673151 0.065919004380702972 23.171939849853516 0.070948697626590729 9.6654948720242828e-06 6.3160302943288116e-07 0.0097697312012314796 -2.7858860107699002e-07 -2.4253040464827791e-08 33 34.007095336914062 0.41890415549278259 0.10297447443008423
SN: 1313698 10 0 X1 3 0 34.805790000000002 -4.1877630000000003 0.43737998604774475 0.0010000000474974513 0.43619099259376526 0.0010000000474974513 0.43619096279144287 0.001750827650539577 0 300 0 0 0.017715178430080414 1 3 35326 -9 -9 0.43740001320838928 0.0010000000474974513 34.805801000000002 -4.1876509999999998 0.40400001406669617 0.51399999856948853 -3.6472764015197754 9.9020004272460938 0.016000000759959221 -9999 -9999 1.0169999599456787 0.027000000700354576 -8.8620004653930664 0.048259712755680084 0.53200000524520874 -999 22.959999084472656 21.930000305175781 21.579999923706055 21.200000762939453 0.0099999997764825821 0 0 0 16.690000534057617 41.419998168945312 57.069999694824219 74.230003356933594 24.443859100341797 23.456974029541016 23.108980178833008 22.823551177978516 57001.0390625 29.238216400146484 19.797771453857422 12.70419979095459 60.728523254394531 riz 0 57000.54296875 0.48334351181983948 1.0251888036727905 0.41163772344589233 -0.047601275146007538 0.040641725063323975 22.290130615234375 0.043975193053483963 2.1774483684566803e-05 8.8192427938338369e-07 0.0019124671816825867 -1.8505765808640717e-07 -2.5648738244399283e-08 36 18.709882736206055 0.99227690696716309 0.37676993012428284
SN: 1300912 10 1 C3 3 0 52.037891000000002 -27.532907999999999 0.33834001421928406 0.0010000000474974513 0.33779498934745789 0.0010000000474974513 0.33779501914978027 0.001670953119173646 0 300 0 0 0.0071665588766336441 1 1 -5076 -9 -9 0.33829998970031738 0.0010000000474974513 52.038164999999999 -27.532741999999999 1.0590000152587891 0.90600001811981201 -9 9.5900001525878906 0.014000000432133675 -9999 -9999 0.95399999618530273 0.26399999856948853 -8.6210002899169922 0.26605451107025146 0.45699998736381531 -999 23.260000228881836 22.329999923706055 22.069999694824219 21.760000228881836 0.0099999997764825821 0 0 0 10.090000152587891 25.930000305175781 32.020000457763672 40.119998931884766 24.990272521972656 23.965494155883789 23.736446380615234 23.491598129272461 56949.3515625 93.665863037109375 60.934494018554688 38.508304595947266 193.93367004394531 griz 0 56946.15625 0.19867926836013794 -0.37498289346694946 0.13004523515701294 0.070008352398872375 0.016756931319832802 22.160854339599609 0.02109130285680294 2.4527773348381743e-05 4.7647182555010659e-07 3.1939191103447229e-05 -2.2015939293851261e-08 -6.9375216682487917e-10 43 39.116207122802734 0.64042574167251587 0.26472818851470947
SN: 1305541 10 0 X3 3 0 36.642719 -5.5600690000000004 0.83437997102737427 0.0010000000474974513 0.83292502164840698 0.0010000000474974513 0.83292508125305176 0.0020890424493700266 0 300 0 0 0.023608662188053131 2 2 -10479 -9 -9 0.8343999981880188 0.0010000000474974513 36.642237999999999 -5.5605890000000002 2.5450000762939453 2.9630000591278076 0.52283757925033569 10.788999557495117 0.019999999552965164 -9999 -9999 -2.565000057220459 3.7130000591278076 -13.329999923706055 3.7138617038726807 1.559999942779541 -999 26 23.920000076293945 22.600000381469727 21.959999084472656 0.079999998211860657 0.0099999997764825821 0.0099999997764825821 0 -0.019999999552965164 0.28999999165534973 1.4800000190734863 1.8500000238418579 27.5 27.5 27.074346542358398 26.832071304321289 56973.05078125 16.390966415405273 12.935667037963867 11.820465087890625 39.676883697509766 riz 0 56970.8046875 0.67375218868255615 -1.3436260223388672 0.45834553241729736 -0.063590236008167267 0.048069443553686142 24.126705169677734 0.046007867902517319 4.0116037780535407e-06 1.6999095464598213e-07 0.0059899291954934597 -4.7491855781345294e-08 -1.0926316518222734e-09 40 62.040351867675781 0.014288850128650665 0.4955022931098938
SN: 1295315 10 0 C1 3 0 55.076343999999999 -27.631439 0.34933999180793762 0.0010000000474974513 0.34886199235916138 0.0010000000474974513 0.3488619327545166 0.0016798384021967649 0 300 0 0 0.011922762729227543 1 1 22998 -9 -9 0.34929999709129333 0.0010000000474974513 55.076402999999999 -27.631419999999999 0.20100000500679016 0.16599999368190765 -9 10.89799976348877 0.017000000923871994 -9999 -9999 -2.1329998970031738 7.8670001029968262 -12.996999740600586 7.8728713989257812 1.5119999647140503 -999 22.459999084472656 20.739999771118164 20.120000839233398 19.930000305175781 0 0 0 0 24.270000457763672 118.52999877929688 205.22999572753906 271.989990234375 24.037324905395508 22.3154296875 21.719398498535156 21.413618087768555 56927.23828125 42.020748138427734 38.914073944091797 25.347587585449219 108.02603149414062 griz 0 56930.171875 0.23648113012313843 0.59800642728805542 0.25281006097793579 -0.02208293229341507 0.019329816102981567 21.683032989501953 0.028271384537220001 3.8087884604465216e-05 9.91766910374281e-07 0.0011640301672741771 -1.7435428389944718e-07 -1.0053174293034317e-08 40 38.742885589599609 0.52680087089538574 0.21249242126941681
SN: 1305219 10 0 S1 3 0 42.504555000000003 0.052603999999999998 0.61747997999191284 0.0010000000474974513 0.6163259744644165 0.0010000000474974513 0.6163259744644165 0.0019015774596482515 0 300 0 0 0.052087213844060898 1 1 31527 -9 -9 0.61750000715255737 0.0010000000474974513 42.504572000000003 0.052446 0.57200002670288086 0.88599997758865356 -9 10.220000267028809 0.019999999552965164 -9999 -9999 0.41299998760223389 0.29899999499320984 -9.7849998474121094 0.3061976432800293 0.83899998664855957 -999 24.110000610351562 22.899999618530273 22.25 21.860000610351562 0.019999999552965164 0.0099999997764825821 0.0099999997764825821 0.0099999997764825821 4.809999942779541 13.859999656677246 25.819999694824219 35.700000762939453 25.794637680053711 24.645591735839844 23.970109939575195 23.618330001831055 56973.13671875 10.142991065979004 9.2167806625366211 7.3245649337768555 26.249305725097656 riz 0 56966.1796875 0.85897380113601685 0.34476295113563538 0.89110392332077026 0.0062035908922553062 0.077297158539295197 23.474042892456055 0.083035118877887726 7.3178434831788763e-06 5.5965529099921696e-07 0.018187487497925758 -3.9370650029013632e-07 -1.8527185119410206e-08 39 32.447288513183594 0.76159262657165527 0.11676659435033798
SN: 1290948 10 0 C1 3 0 54.619995000000003 -27.671337000000001 0.53736001253128052 0.0010000000474974513 0.53680402040481567 0.0010000000474974513 0.5368039608001709 0.0018343714764341712 0 300 0 0 0.0094892755150794983 1 1 23360 -9 -9 0.5374000072479248 0.0010000000474974513 54.619748000000001 -27.670973 1.5279999971389771 1.4839999675750732 -9 10.868000030517578 0.02199999988079071 -9999 -9999 0.51800000667572021 0.23999999463558197 -10.366000175476074 0.28040149807929993 1.0839999914169312 -999 23.059999465942383 21.590000152587891 20.870000839233398 20.569999694824219 0.0099999997764825821 0 0 0 3.9900000095367432 14.359999656677246 27.559999465942383 36.139999389648438 25.997568130493164 24.607112884521484 23.899301528930664 23.605030059814453 56887.39453125 19.377176284790039 15.441981315612793 11.700255393981934 39.886287689208984 riz 0 56884.62109375 0.19170756638050079 -0.61699873208999634 0.70436966419219971 -0.074669681489467621 0.059905216097831726 22.838493347167969 0.079581253230571747 1.3140228475094773e-05 9.6313988251495175e-07 0.0004905257374048233 -1.121274664228622e-07 -1.7036580146623237e-08 20 16.577035903930664 0.68024283647537231 0.32287657260894775
SN: 1321492 10 0 E1 3 0 8.1793980000000008 -42.666995999999997 0.55583000183105469 0.0010000000474974513 0.55466997623443604 0.0010000000474974513 0.55466997623443604 0.0018493849784135818 0 300 0 0 0.0087827872484922409 1 1 28264 -9 -9 0.55580002069473267 0.0010000000474974513 8.1795539999999995 -42.666938000000002 0.46200001239776611 0.5899999737739563 -9 10.434000015258789 0.035999998450279236 -9999 -9999 -2.0639998912811279 7.935999870300293 -12.501999855041504 7.9366049766540527 1.2949999570846558 -999 24.290000915527344 22.450000762939453 21.600000381469727 21.239999771118164 0.029999999329447746 0.0099999997764825821 0 0 4.679999828338623 22.5 49.770000457763672 71.480003356933594 25.824384689331055 24.119543075561523 23.257579803466797 22.864538192749023 57030.046875 15.575762748718262 10.559372901916504 8.2310419082641602 31.65009880065918 riz 0 57031.66015625 0.82510316371917725 -1.539225697517395 0.57348501682281494 -0.13237476348876953 0.074735835194587708 22.872360229492188 0.056815885007381439 1.2736669305013493e-05 6.665018190687988e-07 0.0068648122251033783 -2.1052061072168726e-07 -2.3564107110018995e-08 15 8.7722187042236328 0.88912296295166016 0.67671787738800049
SN: 1297318 10 0 C2 3 0 53.740729999999999 -28.626982000000002 0.33529001474380493 0.0010000000474974513 0.33479499816894531 0.0010000000474974513 0.33479499816894531 0.0016685490263625979 0 300 0 0 0.0068119294010102749 1 1 24826 -9 -9 0.33529999852180481 0.0010000000474974513 53.740825000000001 -28.626861000000002 0.52799999713897705 0.57099997997283936 -9 10.038999557495117 0.017000000923871994 -9999 -9999 1.1970000267028809 0.028999999165534973 -8.8280000686645508 0.051865208894014359 0.51399999856948853 -999 21.659999847412109 20.909999847412109 20.600000381469727 20.219999313354492 0 0 0 0 49.700000762939453 101.15000152587891 133.22000122070312 170.19000244140625 23.259109497070312 22.487585067749023 22.188575744628906 21.922664642333984 56943.18359375 17.862159729003906 17.649391174316406 14.191740989685059 54.435489654541016 griz 0 56936.14453125 0.30267950892448425 0.21984584629535675 0.35030335187911987 0.2132902592420578 0.034145370125770569 22.513130187988281 0.052670080214738846 1.7731597836245783e-05 8.6017644207458943e-07 0.0044619985856115818 -2.1235628366866877e-07 -2.1749663403625163e-08 40 30.469753265380859 0.86171692609786987 0.71473419666290283
SN: 1306067 10 0 C2 3 0 55.089385999999998 -28.779875000000001 0.72280001640319824 0.0010000000474974513 0.72220200300216675 0.0010000000474974513 0.72220206260681152 0.0019924705848097801 0 300 0 0 0.011267635971307755 1 1 24407 -9 -9 0.72280001640319824 0.0010000000474974513 55.089506999999998 -28.779916 0.41100001335144043 0.5899999737739563 -9 10.354999542236328 0.061000000685453415 -9999 -9999 0.27000001072883606 2.4900000095367432 -10.083999633789062 2.4930360317230225 0.95999997854232788 -999 24.420000076293945 22.889999389648438 21.920000076293945 21.629999160766602 0.029999999329447746 0.0099999997764825821 0.0099999997764825821 0.0099999997764825821 3.7200000286102295 15.310000419616699 38.889999389648438 49.319999694824219 26.073642730712891 24.537561416625977 23.525405883789062 23.26744270324707 56961.359375 12.43332576751709 12.252058982849121 9.8204774856567383 32.786243438720703 riz 0 56969.37109375 0.7110411524772644 -0.15415894985198975 0.59701919555664062 -0.16328863799571991 0.054523244500160217 23.310079574584961 0.05288686603307724 8.5107612903811969e-06 4.1456434018982691e-07 0.010222873650491238 -1.7266185636799491e-07 -3.6172593809169484e-09 42 40.015552520751953 0.55840176343917847 0.54671573638916016
SN: 1315832 10 0 C2 3 0 54.635643000000002 -28.219819999999999 0.62967997789382935 0.0010000000474974513 0.62909597158432007 0.0010000000474974513 0.62909603118896484 0.0019124581012874842 0 300 0 0 0.01118231937289238 1 2 25228 -9 -9 0.62970000505447388 0.0010000000474974513 54.635948999999997 -28.219815000000001 0.96899998188018799 1.4179999828338623 -2.5623085498809814 9.9770002365112305 0.027000000700354576 -9999 -9999 0.38299998641014099 0.02500000037252903 -9.5950002670288086 0.064999997615814209 0.48199999332427979 -999 23.719999313354492 22.700000762939453 22.190000534057617 21.959999084472656 0.0099999997764825821 0.0099999997764825821 0.0099999997764825821 0.0099999997764825821 6.0500001907348633 15.359999656677246 27.139999389648438 32.389999389648438 25.545612335205078 24.534021377563477 23.915975570678711 23.723972320556641 57017.24609375 12.222203254699707 9.561518669128418 9.5368833541870117 26.284646987915039 riz 0 56999.61328125 0.88859999179840088 -0.22680667042732239 0.93957042694091797 -0.066732294857501984 0.07545105367898941 23.330322265625 0.089919142425060272 8.3535433077486232e-06 6.9182868855932611e-07 0.025459496304392815 -5.3656401632906636e-07 -2.6082078719014135e-08 37 43.738868713378906 0.20702223479747772 0.23493762314319611
SN: 1878756 10 0 X3 3 0 36.122387000000003 -4.5556960000000002 0.55418998003005981 0.0010000000474974513 0.55293798446655273 0.0010000000474974513 0.55293798446655273 0.001847927225753665 0 300 0 0 0.021074045449495316 2 3 -28764 -9 -9 0.55419999361038208 0.0010000000474974513 36.122230000000002 -4.5559969999999996 1.2209999561309814 0.93500000238418579 -1.9151794910430908 10.916000366210938 0.0080000003799796104 -9999 -9999 1.0290000438690186 0.037000000476837158 -9.8859996795654297 0.054488532245159149 1.3200000524520874 -999 24.010000228881836 22.459999084472656 21.719999313354492 21.239999771118164 0.0099999997764825821 0 0 0 3.880000114440918 15.199999809265137 25.049999237060547 36.439998626708984 26.027919769287109 24.545391082763672 24.002981185913086 23.596054077148438 58045.1796875 15.417928695678711 14.512675285339355 13.329197883605957 44.802661895751953 riz 0 58039.47265625 0.73617422580718994 -0.053705092519521713 0.4646373987197876 0.24333973228931427 0.046556144952774048 24.002674102783203 0.050192441791296005 4.4970765884499997e-06 2.0789512689134426e-07 0.0037159009370952845 -4.9116327005549465e-08 -7.3173529457903896e-09 38 32.269359588623047 0.73107773065567017 0.81132996082305908
SN: 1892103 10 1 X2 3 0 36.076210000000003 -6.1360140000000003 0.26684999465942383 0.0010000000474974513 0.26583701372146606 0.0010000000474974513 0.26583695411682129 0.0016138406936079264 0 300 0 0 0.026174826547503471 1 1 134033 -9 -9 0.26679998636245728 0.0010000000474974513 36.076554999999999 -6.1362189999999996 1.437000036239624 1.3500000238418579 -9 10.270999908447266 0.0099999997764825821 -9999 -9999 0.88599997758865356 0.35199999809265137 -9.380000114440918 0.3525124192237854 0.94700002670288086 -999 21.680000305175781 20.690000534057617 20.200000762939453 19.959999084472656 0 0 0 0 36.799999237060547 104.58000183105469 160.38999938964844 194.25999450683594 23.585380554199219 22.451377868652344 21.987056732177734 21.779041290283203 58102.04296875 48.177864074707031 38.479141235351562 37.646381378173828 116.96077728271484 griz 0 58102.73046875 0.29604890942573547 0.53326135873794556 0.28659138083457947 0.14079083502292633 0.019349738955497742 21.672683715820312 0.025041908025741577 3.8452697481261566e-05 8.8689034782873932e-07 0.0018294790061190724 -1.3325430359145685e-07 -1.259539317288727e-08 28 30.061403274536133 0.3602885901927948 0.50183814764022827
SN: 1864046 10 0 C3 3 0 52.431057000000003 -28.635308999999999 0.74939000606536865 0.0010000000474974513 0.74870198965072632 0.0010000000474974513 0.74870204925537109 0.0020154502708464861 0 300 0 0 0.0081044118851423264 1 1 130262 -9 -9 0.74940001964569092 0.0010000000474974513 52.431159999999998 -28.635283000000001 0.33899998664855957 0.47099998593330383 -9 9.6000003814697266 0.089000001549720764 -9999 -9999 1.3559999465942383 0.19599999487400055 -8.1979999542236328 0.19813379645347595 0.10100000351667404 -999 23.860000610351562 23.290000915527344 22.760000228881836 22.530000686645508 0.0099999997764825821 0 0 0.0099999997764825821 6.7300000190734863 11.640000343322754 18.760000228881836 21.700000762939453 25.429962158203125 24.835117340087891 24.316917419433594 24.158851623535156 58046.1328125 14.101271629333496 11.909710884094238 9.4992961883544922 39.700580596923828 riz 0 58038.66015625 0.74577033519744873 0.71170169115066528 0.50169956684112549 0.074416622519493103 0.04770173504948616 24.331483840942383 0.045496847480535507 3.3220501336472807e-06 1.3920767116815114e-07 0.0061308364383876324 -4.6664840880339398e-08 -2.4774171603070272e-09 44 48.278404235839844 0.30409139394760132 0.34323665499687195
SN: 1904300 10 0 C3 3 0 51.897925999999998 -28.673559000000001 0.91158998012542725 0.0010000000474974513 0.91082102060317993 0.0010000000474974513 0.91082096099853516 0.0021578019950538874 0 300 0 0 0.0086417738348245621 1 1 137011 -9 -9 0.91159999370574951 0.0010000000474974513 51.898122999999998 -28.673589 0.63300001621246338 0.58799999952316284 -9 10.859000205993652 0.019999999552965164 -9999 -9999 0.035999998450279236 0.10700000077486038 -10.781000137329102 0.10700000077486038 1.0329999923706055 -999 25.129999160766602 23.540000915527344 22.389999389648438 21.579999923706055 0.019999999552965164 0.0099999997764825821 0 0 1.7200000286102295 9.4099998474121094 28.780000686645508 56.560001373291016 26.911178588867188 25.06602668762207 23.852272033691406 23.11872673034668 58076.296875 8.1873989105224609 6.3515720367431641 -99 21.887517929077148 iz 0 58082.48046875 1.0322691202163696 -0.6272122859954834 0.76165592670440674 0.15404936671257019 0.16754257678985596 24.670648574829102 0.076968804001808167 2.4307494186359691e-06 1.7231798210559646e-07 0.044729690998792648 -8.9921535106896044e-08 -1.1005084843418445e-08 25 26.326139450073242 0.3903617262840271 0.55442821979522705
SN: 1810087 10 0 C2 3 0 54.615966999999998 -29.858678999999999 0.55997002124786377 0.0010000000474974513 0.55942702293395996 0.0010000000474974513 0.55942702293395996 0.0018533910624682903 0 300 0 0 0.0099206119775772095 1 1 123934 -9 -9 0.56000000238418579 0.0010000000474974513 54.615955999999997 -29.858844999999999 0.59899997711181641 0.69499999284744263 -9 9.9890003204345703 0.019999999552965164 -9999 -9999 1.6339999437332153 0.63099998235702515 -8.3439998626708984 0.63202613592147827 0.460999995470047 -999 23.620000839233398 22.489999771118164 22.079999923706055 21.860000610351562 0.0099999997764825821 0.0099999997764825821 0.0099999997764825821 0.0099999997764825821 7.619999885559082 22.569999694824219 33.430000305175781 41.840000152587891 25.295112609863281 24.116170883178711 23.689659118652344 23.446020126342773 58008.35546875 12.8343505859375 10.724065780639648 7.7486004829406738 28.866044998168945 riz 0 58009.33203125 0.75722169876098633 -0.15262280404567719 0.65866738557815552 -0.080920957028865814 0.068132296204566956 23.065410614013672 0.069825641810894012 1.0661931810318492e-05 6.8568795086321188e-07 0.0089770080521702766 -2.9082451646900154e-07 -2.8059444545647239e-08 46 39.028888702392578 0.75698643922805786 0.27449220418930054
SN: 1905127 10 0 X2 3 0 36.025688000000002 -6.7730309999999996 0.66711997985839844 0.0010000000474974513 0.66579002141952515 0.0010000000474974513 0.66579008102416992 0.0019438518211245537 0 300 0 0 0.024895951151847839 2 2 137704 -9 -9 0.66710001230239868 0.0010000000474974513 36.025708000000002 -6.7730059999999996 0.11599999666213989 0.15800000727176666 -3.4422986507415771 10.350000381469727 0.017999999225139618 -9999 -9999 0.57599997520446777 0.16300000250339508 -9.7589998245239258 0.18291528522968292 0.71200001239776611 -999 23.790000915527344 22.690000534057617 21.979999542236328 21.639999389648438 0.019999999552965164 0.0099999997764825821 0.0099999997764825821 0 7.679999828338623 19.389999389648438 37.790000915527344 52.119998931884766 25.286596298217773 24.281055450439453 23.556556701660156 23.207489013671875 58071.07421875 8.5863008499145508 7.8682518005371094 6.1415271759033203 24.182519912719727 riz 0 58074.68359375 1.2025870084762573 0.63969135284423828 0.86382007598876953 0.11598311364650726 0.07271210104227066 23.764032363891602 0.066893532872200012 5.6025642152235378e-06 3.4518080838097376e-07 0.0054962588474154472 -1.9166958509231335e-07 -7.2709838150331052e-09 38 30.616125106811523 0.79706287384033203 0.44151422381401062
SN: 1883166 10 0 X2 3 0 35.622222999999998 -7.1451989999999999 0.51472699642181396 0.00016999999934341758 0.51351100206375122 0.00016999999934341758 0.51351094245910645 0.001524031744338572 0 300 0 0 0.023008272051811218 1 4 133218 -9 -9 0.51469999551773071 0.00019999999494757503 35.622329999999998 -7.1452229999999997 0.3919999897480011 0.26600000262260437 -4.0922999382019043 10.777000427246094 0.030999999493360519 -9999 -9999 -4.3039999008178711 5.6960000991821289 -15.055999755859375 5.6963157653808594 1.3489999771118164 -999 23.860000610351562 22.040000915527344 21.260000228881836 20.860000610351562 0.019999999552965164 0 0 0 7.4800000190734863 38.040000915527344 79.849998474121094 109.26000213623047 25.31524658203125 23.549398422241211 22.744312286376953 22.403846740722656 58052.2265625 11.221295356750488 7.6712656021118164 7.5403647422790527 30.58367919921875 riz 0 58054.296875 0.64103740453720093 -1.0421704053878784 0.52877974510192871 0.020670400932431221 0.06404075026512146 22.997262954711914 0.065393820405006409 1.1352591172908433e-05 6.8376584749785252e-07 0.0038807690143585205 -2.0290976010528539e-07 -2.683268007785955e-08 41 41.897495269775391 0.43173035979270935 0.35415717959403992
SN: 1889211 10 0 C1 3 0 53.913558999999999 -26.665564 0.46406999230384827 0.0010000000474974513 0.46351298689842224 0.0010000000474974513 0.46351301670074463 0.0017733385320752859 0 300 0 0 0.0090772220864892006 1 1 134074 -9 -9 0.46410000324249268 0.0010000000474974513 53.913632 -26.665627000000001 0.32600000500679016 0.21899999678134918 -9 11.034000396728516 0.041000001132488251 -9999 -9999 -0.55699998140335083 8.2760000228881836 -11.586999893188477 8.2761173248291016 1.3890000581741333 -999 22.540000915527344 20.780000686645508 20.069999694824219 19.700000762939453 0 0 0 0 23.069999694824219 123.91000366210938 223.3800048828125 319.33999633789062 24.092380523681641 22.267234802246094 21.627388000488281 21.23936653137207 58064.3203125 16.702129364013672 10.835146903991699 8.4930858612060547 38.896083831787109 riz 0 58064.890625 0.49566978216171265 -1.0011410713195801 0.52098417282104492 0.11771281063556671 0.058470916002988815 22.777948379516602 0.065486229956150055 1.3893781215301715e-05 8.380040412703238e-07 0.0066331285052001476 -2.4297875711454253e-07 -3.3921846664952682e-08 31 55.704010009765625 0.0041846800595521927 0.51509588956832886
SN: 1899053 10 0 E1 3 0 6.9363479999999997 -43.572955999999998 0.53859001398086548 0.0010000000474974513 0.53745502233505249 0.0010000000474974513 0.53745508193969727 0.001834917813539505 0 300 0 0 0.0078943297266960144 1 2 -35854 -9 -9 0.53860002756118774 0.0010000000474974513 6.9364879999999998 -43.572920000000003 0.38600000739097595 0.51399999856948853 -3.4711878299713135 10.60099983215332 0.014000000432133675 -9999 -9999 0.38999998569488525 0.19200000166893005 -10.196000099182129 0.20207177102565765 0.99800002574920654 -999 23.540000915527344 22 21.290000915527344 20.889999389648438 0.0099999997764825821 0 0 0 7.6100001335144043 35.639999389648438 69.5 99.040000915527344 25.296539306640625 23.620155334472656 22.895038604736328 22.510473251342773 58064.01953125 13.366652488708496 8.6988420486450195 7.9402828216552734 32.388980865478516 riz 0 58066.265625 0.65017390251159668 -2.7420735359191895 0.56377476453781128 -0.019083863124251366 0.06987646222114563 23.063068389892578 0.065486535429954529 1.068494839273626e-05 6.4446618353031226e-07 0.0046242699027061462 -1.631736097351677e-07 -2.9042825033798181e-08 41 32.809814453125 0.81536495685577393 0.91623550653457642
SN: 1891070 10 0 E1+E2 3 0 8.4676620000000007 -43.945278000000002 0.79478001594543457 0.0010000000474974513 0.79348099231719971 0.0010000000474974513 0.79348099231719971 0.0020544750150293112 0 300 0 0 0.0066051622852683067 1 1 133556 -9 -9 0.79479998350143433 0.0010000000474974513 8.4678170000000001 -43.945256000000001 0.40900000929832458 0.57200002670288086 -9 10.394000053405762 0.019999999552965164 -9999 -9999 0.80400002002716064 0.010999999940395355 -9.5950002670288086 0.31419262290000916 0.41699999570846558 -999 23.309999465942383 22.579999923706055 21.920000076293945 21.700000762939453 0.0099999997764825821 0.0099999997764825821 0.0099999997764825821 0.0099999997764825821 10.899999618530273 21.340000152587891 39.790000915527344 48.25 24.90643310546875 24.177013397216797 23.500564575195312 23.291255950927734 58064.03125 8.6854047775268555 5.1899580955505371 4.9808082580566406 27.016290664672852 riz 0 58061.18359375 0.93613684177398682 -0.43645292520523071 0.72353446483612061 0.044706661254167557 0.071254834532737732 23.976253509521484 0.062845781445503235 4.607854407367995e-06 2.6671690989132912e-07 0.0088999504223465919 -1.2529810078376613e-07 -2.4464088532738515e-09 95 124.8782958984375 0.021593002602458 0.20826257765293121
SN: 1879256 10 1 E1 3 0 7.7821530000000001 -43.465099000000002 0.2502799928188324 0.0010000000474974513 0.24936099350452423 0.0010000000474974513 0.24936103820800781 0.0016009330283850431 0 300 0 0 0.0055133518762886524 1 1 130806 -9 -9 0.25029999017715454 0.0010000000474974513 7.782273 -43.465150000000001 0.36300000548362732 0.42899999022483826 -9 9.0920000076293945 0.017999999225139618 -9999 -9999 0.63499999046325684 0.49599999189376831 -8.4600000381469727 0.49737811088562012 0.51700001955032349 -999 22.979999542236328 22.25 21.959999084472656 21.829999923706055 0.0099999997764825821 0.0099999997764825821 0.0099999997764825821 0.0099999997764825821 15.130000114440918 29.959999084472656 40.090000152587891 45.880001068115234 24.550403594970703 23.808645248413086 23.492408752441406 23.345941543579102 58045.00390625 41.69378662109375 35.804183959960938 32.584877014160156 130.65052795410156 griz 0 58042.0703125 0.28652721643447876 -1.0539612770080566 0.18819153308868408 0.094746142625808716 0.018964905291795731 21.453330993652344 0.023827835917472839 4.7061737859621644e-05 1.0328285497962497e-06 0.00057655066484585404 -6.7531303216128435e-08 -1.4477309129290461e-08 48 69.979782104492188 0.020850347355008125 0.47240722179412842
SN: 1936171 10 0 C2 3 0 54.335171000000003 -28.637129000000002 0.47389000654220581 0.0010000000474974513 0.47335800528526306 0.0010000000474974513 0.47335803508758545 0.0017814829479902983 0 300 0 0 0.0098745096474885941 1 2 -35309 -9 -9 0.47389999032020569 0.0010000000474974513 54.335393000000003 -28.637262 0.84899997711181641 0.78799998760223389 -3.2711367607116699 10.975000381469727 0.014999999664723873 -9999 -9999 1.0219999551773071 0.31499999761581421 -9.935999870300293 0.31942760944366455 1.0399999618530273 -999 22.239999771118164 20.879999160766602 20.25 19.840000152587891 0 0 0 0 30.25 119.70999908447266 204.35000610351562 279.30999755859375 23.798187255859375 22.30467414855957 21.724063873291016 21.384784698486328 58117.17578125 19.359169006347656 14.079974174499512 10.273904800415039 42.482803344726562 riz 0 58115.8671875 0.50061273574829102 -1.7443320751190186 0.59241402149200439 0.098675265908241272 0.055740274488925934 22.863212585449219 0.065734267234802246 1.2844440789194778e-05 7.7764741490682354e-07 0.010077533312141895 -2.8239534799467947e-07 -3.4218157196619359e-08 25 15.162399291992188 0.93750405311584473 0.66802984476089478
SN: 1848092 10 0 S1 3 0 42.449226000000003 0.13147500000000001 0.58882999420166016 0.0010000000474974513 0.58769500255584717 0.0010000000474974513 0.58769500255584717 0.0018772692419588566 0 300 0 0 0.048951070755720139 1 1 125890 -9 -9 0.58880001306533813 0.0010000000474974513 42.449505000000002 0.131547 1.0379999876022339 1.1979999542236328 -9 10.461000442504883 0.013000000268220901 -9999 -9999 0.66399997472763062 0.016000000759959221 -9.7589998245239258 0.056320510804653168 0.6029999852180481 -999 23.030000686645508 21.950000762939453 21.409999847412109 21.059999465942383 0.0099999997764825821 0 0 0 12.170000076293945 33.779998779296875 52.759998321533203 82.470001220703125 24.786773681640625 23.678350448608398 23.194236755371094 22.709259033203125 57999.3203125 10.931149482727051 9.1781721115112305 5.9795675277709961 26.873111724853516 riz 0 58009.203125 1.1006227731704712 -0.15234574675559998 0.70660281181335449 -0.014833779074251652 0.069357924163341522 23.18885612487793 0.068546786904335022 9.5160603450494818e-06 6.00786222548777e-07 0.0082055572420358658 -2.2409548705581983e-07 -2.0727938476738927e-08 48 36.246913909912109 0.89338970184326172 0.070878088474273682
SN: 1847317 10 0 C3 3 0 53.168948999999998 -28.308271000000001 0.8184400200843811 0.0010000000474974513 0.81774401664733887 0.0010000000474974513 0.81774401664733887 0.0020757175516337156 0 300 0 0 0.0062229754403233528 2 3 125788 -9 -9 0.81840002536773682 0.0010000000474974513 53.169158000000003 -28.308319999999998 0.68500000238418579 0.86400002241134644 -1.0244907140731812 10.534999847412109 0.028999999165534973 -9999 -9999 0.039000000804662704 10.038999557495117 -10.496000289916992 10.039178848266602 1.2849999666213989 -999 25.409999847412109 23.639999389648438 22.409999847412109 21.860000610351562 0.029999999329447746 0.0099999997764825821 0 0 1.6799999475479126 7.7800002098083496 24.340000152587891 38.959999084472656 26.936727523803711 25.272550582885742 24.034198760986328 23.523452758789062 58026.3046875 16.979581832885742 11.700371742248535 10.954180717468262 31.776041030883789 riz 0 58019.63671875 0.70089560747146606 -2.8268048763275146 0.48589879274368286 0.002825866686180234 0.065421491861343384 24.291694641113281 0.053859509527683258 3.446053824518458e-06 1.7094646409532288e-07 -2.6317495212424546e-05 -1.277840588898016e-08 -4.2370779107514522e-10 50 57.053054809570312 0.22946488857269287 0.94231539964675903
SN: 1901803 10 0 X2 3 0 35.980125000000001 -5.7789640000000002 0.50382900238037109 0.00014000000373926014 0.50262200832366943 0.00014000000373926014 0.50262200832366943 0.0015101279132068157 0 300 0 0 0.019648432731628418 1 1 137697 -9 -9 0.50379997491836548 9.9999997473787516e-05 35.979883999999998 -5.7785890000000002 1.6019999980926514 1.6160000562667847 -9 11.11299991607666 0.026000000536441803 -9999 -9999 -10 0 -21.128999710083008 0.22699999809265137 1.4900000095367432 -999 23.549999237060547 21.639999389648438 20.739999771118164 20.299999237060547 0.0099999997764825821 0 0 0 6.2699999809265137 25.840000152587891 43.240001678466797 64.830001831054688 25.506832122802734 23.969268798828125 23.410285949707031 22.970560073852539 58092.05859375 10.130187034606934 7.9851522445678711 7.4810972213745117 30.761297225952148 riz 0 58086.19921875 0.64132654666900635 0.14483490586280823 0.64421546459197998 0.098836854100227356 0.064711689949035645 23.290863037109375 0.074323117733001709 8.6627278506057337e-06 5.929994131292915e-07 0.006692859809845686 -2.4741328275013075e-07 -2.3880170729739802e-08 32 37.226032257080078 0.24099069833755493 0.33297473192214966
SN: 1770702 10 101 S2 3 0 41.891331000000001 -1.1161220000000001 0.33943000435829163 0.0010000000474974513 0.33846500515937805 0.0010000000474974513 0.33846497535705566 0.0016714902594685555 0 300 0 0 0.033950880169868469 1 1 120125 -9 -9 0.33939999341964722 0.0010000000474974513 41.891525000000001 -1.1162190000000001 0.77999997138977051 0.84700000286102295 -9 10.579999923706055 0.024000000208616257 -9999 -9999 0.36000001430511475 10.359999656677246 -10.211000442504883 10.360179901123047 1.4600000381469727 -999 22.170000076293945 20.600000381469727 20.100000381469727 19.75 0 0 0 0 28.870000839233398 127.41999816894531 209.27999877929688 280.05999755859375 23.848882675170898 22.236906051635742 21.69818115234375 21.381872177124023 57999.3046875 17.037923812866211 14.757314682006836 12.964800834655762 44.424724578857422 griz 0 57989.8359375 1.1497104167938232 -0.3585110604763031 0.5177847146987915 0.28869941830635071 0.036943197250366211 22.265890121459961 0.046946175396442413 2.2266105588641949e-05 9.6276471595047042e-07 0.0058205127716064453 -1.7000499497044075e-07 -2.5918945212310973e-08 40 42.313751220703125 0.37140613794326782 0.96972304582595825
SN: 1950043 10 0 C1 3 0 54.209643999999997 -27.262025999999999 0.68891000747680664 0.0010000000474974513 0.68828201293945312 0.0010000000474974513 0.68828201293945312 0.0019631863106042147 0 300 0 0 0.0097024589776992798 1 1 150384 -9 -9 0.68889999389648438 0.0010000000474974513 54.209713000000001 -27.262326000000002 1.1039999723434448 1.3819999694824219 -9 9.8149995803833008 0.056000001728534698 -9999 -9999 1.4500000476837158 1.1640000343322754 -8.300999641418457 1.1650309562683105 0.42599999904632568 -999 24.409999847412109 23.469999313354492 22.909999847412109 22.670000076293945 0.019999999552965164 0.0099999997764825821 0.0099999997764825821 0.0099999997764825821 2.7899999618530273 5.5500001907348633 11.390000343322754 13.920000076293945 26.385990142822266 25.639266967773438 24.85869026184082 24.640901565551758 58117.1640625 11.498049736022949 9.6568975448608398 8.2305746078491211 29.484439849853516 riz 0 58128.23046875 0.99639594554901123 0.35019627213478088 0.74644994735717773 -0.06152772530913353 0.063907578587532043 23.505062103271484 0.05769265815615654 7.1117337938630953e-06 3.7789550333400257e-07 0.017986681312322617 -2.059128263454113e-07 -9.8970192041747396e-09 20 15.893280982971191 0.72322249412536621 0.23598575592041016
SN: 1900662 10 0 E2 3 0 9.3845799999999997 -44.352974000000003 0.44894000887870789 0.0010000000474974513 0.44790801405906677 0.0010000000474974513 0.44790804386138916 0.0017604646272957325 0 300 0 0 0.0062475688755512238 1 1 -32007 -9 -9 0.4489000141620636 0.0010000000474974513 9.3847839999999998 -44.353104999999999 0.70599997043609619 0.77499997615814209 -9 10.322999954223633 0.017000000923871994 -9999 -9999 0.45500001311302185 0.028999999165534973 -9.8610000610351562 0.10796758532524109 0.67699998617172241 -999 22.850000381469727 21.620000839233398 21.139999389648438 20.819999694824219 0.0099999997764825821 0 0 0 18.309999465942383 57.080001831054688 86.379997253417969 115.5 24.343278884887695 23.108789443969727 22.658966064453125 22.343544006347656 58085.11328125 23.542167663574219 18.986530303955078 11.590517044067383 55.0643310546875 riz 0 58087.66015625 0.49271336197853088 0.83732223510742188 0.4843451976776123 0.11285236477851868 0.041997659951448441 22.721904754638672 0.047136232256889343 1.4629789802711457e-05 6.3513880377286114e-07 0.0045614461414515972 -1.8042585736566252e-07 -1.9738973122684911e-08 26 18.911399841308594 0.84014850854873657 0.46841034293174744
SN: 1928157 10 0 X1+X2 3 0 35.089123000000001 -5.6971550000000004 0.54505002498626709 0.0010000000474974513 0.54378801584243774 0.0010000000474974513 0.54378795623779297 0.0018402342684566975 0 300 0 0 0.020336417481303215 1 1 144917 -9 -9 0.54509997367858887 0.0010000000474974513 35.089480000000002 -5.697279 1.3539999723434448 1.3910000324249268 -9 10.376999855041504 0.012000000104308128 -9999 -9999 0.8320000171661377 0.008999999612569809 -9.5369997024536133 0.042953461408615112 0.43200001120567322 -999 22.649999618530273 21.690000534057617 21.219999313354492 21.010000228881836 0.0099999997764825821 0 0 0 12.859999656677246 31.549999237060547 46.299999237060547 60.319999694824219 24.726898193359375 23.75250244140625 23.336048126220703 23.048847198486328 58113.05078125 15.939199447631836 13.954224586486816 9.8698558807373047 47.112049102783203 riz 0 58112.45703125 0.5230751633644104 -1.2099593877792358 0.45098239183425903 -0.015255055390298367 0.044618263840675354 23.177726745605469 0.041910618543624878 9.6141129688476212e-06 3.7111539086254197e-07 0.0041409865953028202 -8.5258250237529865e-08 -1.1062773808134807e-08 43 44.321151733398438 0.41573530435562134 0.40651273727416992
SN: 1892149 10 0 S1 3 0 42.955013000000001 -0.077302999999999997 0.64140999317169189 0.0010000000474974513 0.64025300741195679 0.0010000000474974513 0.64025306701660156 0.0019219836685806513 0 300 0 0 0.059406541287899017 1 1 133657 -9 -9 0.64139997959136963 0.0010000000474974513 42.955117999999999 -0.077340999999999993 0.40099999308586121 0.45100000500679016 -9 10.798000335693359 0.019999999552965164 -9999 -9999 -1.215999960899353 1.3700000047683716 -12.034999847412109 1.3742502927780151 1.4709999561309814 -999 24.309999465942383 22.420000076293945 21.409999847412109 20.940000534057617 0.029999999329447746 0.0099999997764825821 0 0 3.9800000190734863 23.989999771118164 59.430000305175781 94.919998168945312 26.00029182434082 24.049924850463867 23.064985275268555 22.556606292724609 58071.1953125 11.562963485717773 11.305140495300293 7.5701251029968262 29.409460067749023 riz 0 58065.10546875 0.71289539337158203 -0.77837038040161133 0.60309684276580811 -0.099952466785907745 0.067697823047637939 23.207975387573242 0.063967771828174591 9.349962965643499e-06 5.508670710696606e-07 0.012346170842647552 -2.3842093810344522e-07 -1.6320946372161416e-08 41 44.548294067382812 0.32481756806373596 0.42228347063064575
SN: 1861451 10 0 X3 3 0 36.758094999999997 -5.481236 0.78189998865127563 0.0010000000474974513 0.78048902750015259 0.0010000000474974513 0.78048896789550781 0.0020431280136108398 0 300 0 0 0.023829730227589607 1 2 -27561 -9 -9 0.78189998865127563 0.0010000000474974513 36.760281999999997 -5.4843999999999999 13.824999809265137 3.0769999027252197 -1.3424111604690552 10.788999557495117 0.043000001460313797 -9999 -9999 1.8159999847412109 0.018999999389052391 -8.9560003280639648 0.064845971763134003 0.58799999952316284 -999 24.930000305175781 23.319999694824219 22.25 21.780000686645508 0.019999999552965164 0.0099999997764825821 0 0 -0.15000000596046448 0.2199999988079071 -0.31000000238418579 -0.019999999552965164 27.5 27.5 27.5 27.5 58036.1484375 17.501108169555664 15.434787750244141 13.754310607910156 52.095706939697266 riz 0 58030.4765625 0.49076098203659058 -0.21460434794425964 0.41012752056121826 0.012348456308245659 0.044876184314489365 23.766319274902344 0.040819399058818817 5.5907776186359115e-06 2.1019118889853416e-07 0.0038392776623368263 -6.3653160964349809e-08 -2.8029412124652708e-09 43 40.673954010009766 0.57267940044403076 0.08253178745508194
SN: 1891082 10 101 X1 3 0 34.150803000000003 -5.1820659999999998 0.55000001192092896 0.0010000000474974513 0.54870802164077759 0.0010000000474974513 0.54870796203613281 0.0018443692242726684 0 300 0 0 0.017739778384566307 1 1 133895 -9 -9 0.55000001192092896 0.0010000000474974513 34.150872 -5.1822039999999996 0.55500000715255737 0.77700001001358032 -9 9.5419998168945312 0.037999998778104782 -9999 -9999 1.1779999732971191 0.99199998378753662 -8.3479995727539062 0.9958077073097229 0.31200000643730164 -999 24.010000228881836 23.040000915527344 22.670000076293945 22.569999694824219 0.029999999329447746 0.0099999997764825821 0.0099999997764825821 0.0099999997764825821 5.6999998092651367 13.909999847412109 20.809999465942383 22.090000152587891 25.610313415527344 24.641681671142578 24.204319000244141 24.139511108398438 58064.0625 14.715229034423828 10.18196964263916 8.5617008209228516 39.52825927734375 riz 0 58063.5 0.70013833045959473 1.111539363861084 0.52999645471572876 -0.022432427853345871 0.049651928246021271 22.995315551757812 0.050070922821760178 1.1372976587153971e-05 5.2448785936576314e-07 0.00068016030127182603 -1.7153882936327136e-07 -1.3004167520591636e-08 37 45.463069915771484 0.16019046306610107 0.37798312306404114
SN: 1889090 10 101 S2 3 0 41.393227000000003 -1.1920519999999999 0.51399999856948853 0.0010000000474974513 0.51289600133895874 0.0010000000474974513 0.51289606094360352 0.0018143620109185576 0 300 0 0 0.028515934944152832 1 1 -32380 -9 -9 0.51399999856948853 0.0010000000474974513 41.393498999999998 -1.192115 1.0049999952316284 1.4800000190734863 -9 8.5489997863769531 0.061999998986721039 -9999 -9999 0.057999998331069946 0.51599997282028198 -8.4589996337890625 0.56740814447402954 -0.096000000834465027 -999 25.180000305175781 24.340000152587891 24.139999389648438 24.079999923706055 0.070000000298023224 0.039999999105930328 0.039999999105930328 0.05000000074505806 1.7200000286102295 3.4000000953674316 3.630000114440918 2.9100000858306885 26.911178588867188 26.171302795410156 26.10023307800293 26.340267181396484 58071.1796875 21.579679489135742 16.886537551879883 12.696490287780762 53.738945007324219 riz 0 58066.828125 0.53523778915405273 1.5114437341690063 0.43791881203651428 0.018722709268331528 0.039700552821159363 22.802042007446289 0.04359763115644455 1.3588873116532341e-05 5.4565987284149742e-07 0.0017595213139429688 -1.3874118565126992e-07 -1.3998228354239473e-08 41 30.038534164428711 0.89682018756866455 0.50766527652740479
SN: 1905184 10 0 X3 3 0 36.016719999999999 -4.4118750000000002 0.45704999566078186 0.0010000000474974513 0.45587301254272461 0.0010000000474974513 0.45587301254272461 0.0017670301022008061 0 300 0 0 0.022268623113632202 1 1 137870 -9 -9 0.45699998736381531 0.0010000000474974513 36.016576000000001 -4.4119760000000001 0.63099998235702515 0.60399997234344482 -9 10.536999702453613 0.014000000432133675 -9999 -9999 0.77899998426437378 0.1679999977350235 -9.7849998474121094 0.17341569066047668 0.83300000429153442 -999 22.590000152587891 21.370000839233398 20.790000915527344 20.590000152587891 0 0 0 0 21.229999542236328 66.760002136230469 105.37999725341797 131.75 24.182624816894531 22.938709259033203 22.443103790283203 22.20062255859375 58093.1640625 31.07066535949707 24.524547576904297 21.9310302734375 85.762649536132812 riz 0 58086.27734375 0.30497631430625916 0.11146389693021774 0.25825792551040649 0.22422394156455994 0.029955420643091202 22.823976516723633 0.034915056079626083 1.3317082448338624e-05 4.2825013224501163e-07 0.0014858429785817862 -5.7650286322541433e-08 -1.0068319511447044e-08 27 26.555095672607422 0.48798471689224243 0.74833601713180542
SN: 1880545 10 101 E1 3 0 6.7227319999999997 -43.155620999999996 0.55226999521255493 0.0010000000474974513 0.55111300945281982 0.0010000000474974513 0.55111300945281982 0.0018463918240740895 0 300 0 0 0.0071513643488287926 1 1 131575 -9 -9 0.55229997634887695 0.0010000000474974513 6.7228459999999997 -43.155835000000003 0.82700002193450928 0.69199997186660767 -9 11.027000427246094 0.043000001460313797 -9999 -9999 0.53700000047683716 10.536999702453613 -10.465999603271484 10.537334442138672 1.4270000457763672 -999 23.809999465942383 21.969999313354492 21.079999923706055 20.530000686645508 0.019999999552965164 0 0 0 6.7100000381469727 38.630001068115234 93.099998474121094 140.33000183105469 25.433193206787109 23.532688140869141 22.577625274658203 22.132123947143555 58052.015625 9.315526008605957 7.1270256042480469 6.9036655426025391 28.417146682739258 riz 0 58043.13671875 1.3112673759460449 0.35242491960525513 0.84705519676208496 0.26155221462249756 0.065667614340782166 23.318000793457031 0.067430652678012848 8.4488956417771988e-06 5.2472648803814081e-07 0.0069633601233363152 -2.3117632963476353e-07 -2.1587855059124195e-08 43 33.117706298828125 0.86145788431167603 0.87971955537796021
SN: 1776329 10 0 S2 3 0 41.586314999999999 -1.1204590000000001 0.42548000812530518 0.0010000000474974513 0.42444500327110291 0.0010000000474974513 0.42444503307342529 0.0017411926528438926 0 300 0 0 0.028208006173372269 1 2 -28752 -9 -9 0.42550000548362732 0.0010000000474974513 41.586480999999999 -1.1204270000000001 0.60699999332427979 0.78299999237060547 -3.3730406761169434 9.0279998779296875 0.045000001788139343 -9999 -9999 0.63999998569488525 0.50599998235702515 -8.3500003814697266 0.52692031860351562 0.26100000739097595 -999 24.270000457763672 23.200000762939453 23.049999237060547 22.860000610351562 0.029999999329447746 0.0099999997764825821 0.0099999997764825821 0.019999999552965164 4.5799999237060547 11.180000305175781 13.340000152587891 16.440000534057617 25.847835540771484 24.878894805908203 24.687110900878906 24.460245132446289 57991.27734375 17.908412933349609 11.470885276794434 7.1200404167175293 35.068347930908203 riz 0 57990.83984375 1.144307017326355 -1.2357029914855957 0.64265590906143188 0.093125052750110626 0.063941515982151031 22.535943984985352 0.07348930835723877 1.7362919606966898e-05 1.1752292721212143e-06 0.0063591431826353073 -2.8351692549222207e-07 -6.0780735111620743e-08 29 17.42042350769043 0.95524126291275024 0.51577222347259521
SN: 1916143 10 0 X2 3 0 35.387450999999999 -5.6213600000000001 0.45480599999427795 0.0010000000474974513 0.45362401008605957 0.0010000000474974513 0.45362401008605957 0.0017651751404628158 0 300 0 0 0.020347217097878456 1 1 -35135 -9 -9 0.45480000972747803 0.0010000000474974513 35.387545000000003 -5.6214449999999996 0.45699998736381531 0.73799997568130493 -9 8.8039999008178711 0.034000001847743988 -9999 -9999 0.79199999570846558 0.51899999380111694 -8.0069999694824219 0.53032255172729492 0.045000001788139343 -999 24.229999542236328 23.440000534057617 23.190000534057617 22.979999542236328 0.029999999329447746 0.019999999552965164 0.019999999552965164 0.019999999552965164 4.4099998474121094 9.0399999618530273 11.229999542236328 13.689999580383301 25.888904571533203 25.109579086303711 24.874050140380859 24.658990859985352 58097.1171875 26.326547622680664 17.945156097412109 10.371407508850098 57.677059173583984 riz 0 58094.58984375 0.47263091802597046 0.41726577281951904 0.40463292598724365 -0.13647408783435822 0.041019607335329056 22.402568817138672 0.047504834830760956 1.9632354451459832e-05 8.589855724494555e-07 0.0037003317847847939 -2.0954385604454728e-07 -2.372062546385223e-08 26 30.993345260620117 0.22851735353469849 0.47570163011550903
SN: 1915087 10 0 E2 3 0 9.1606500000000004 -44.221271999999999 0.56216001510620117 0.0010000000474974513 0.56104201078414917 0.0010000000474974513 0.56104207038879395 0.001854752073995769 0 300 0 0 0.0077774706296622753 1 2 140555 -9 -9 0.56220000982284546 0.0010000000474974513 9.1607450000000004 -44.221257999999999 0.25 0.24500000476837158 -4.993156909942627 10.406999588012695 0.019999999552965164 -9999 -9999 -2.244999885559082 5.3610000610351562 -12.663000106811523 5.3620085716247559 1.159000039100647 -999 24.159999847412109 22.440000534057617 21.670000076293945 21.299999237060547 0.019999999552965164 0.0099999997764825821 0 0 4.5300002098083496 22.770000457763672 48.25 67.239997863769531 25.85975456237793 24.106592178344727 23.291255950927734 22.930931091308594 58093.0546875 18.843484878540039 10.510624885559082 6.8120031356811523 30.633440017700195 riz 0 58092.7265625 0.70803272724151611 -2.0242936611175537 0.56110727787017822 -0.13645917177200317 0.075357623398303986 23.110965728759766 0.055309001356363297 1.0223833669442683e-05 5.208171387494076e-07 0.0045144124887883663 -1.4476317744538392e-07 -1.706162677805878e-08 26 18.335241317749023 0.86323803663253784 0.81376188993453979
SN: 1927242 10 1 E2 3 0 10.18268 -43.410336000000001 0.24665999412536621 0.0010000000474974513 0.24575899541378021 0.0010000000474974513 0.24575901031494141 0.0015981197357177734 0 300 0 0 0.0078615937381982803 1 1 -34739 -9 -9 0.24670000374317169 0.0010000000474974513 10.182544 -43.409958000000003 1.4049999713897705 0.2669999897480011 -9 11.050000190734863 0.018999999389052391 -9999 -9999 0.58399999141693115 5.2340002059936523 -10.47700023651123 5.2386636734008789 1.6759999990463257 -999 21.590000152587891 20.170000076293945 19.600000381469727 19.239999771118164 0 0 0 0 34.689998626708984 125.16999816894531 228.57000732421875 250.8800048828125 23.649490356445312 22.256248474121094 21.602451324462891 21.501335144042969 58107.1015625 44.231353759765625 39.697643280029297 28.34501838684082 76.23760986328125 griz 0 58107 0.36455810070037842 -2.4007740020751953 0.33133840560913086 -0.02172415517270565 0.028370719403028488 21.60321044921875 0.03254309669137001 4.0993552829604596e-05 1.2287121080589714e-06 0.0022475316654890776 -1.4257435054787493e-07 -2.2694758072816512e-08 19 25.076383590698242 0.15804329514503479 0.8035275936126709
SN: 1879483 10 0 X3 3 0 36.244571999999998 -4.2318860000000003 0.87716001272201538 0.0010000000474974513 0.87564998865127563 0.0010000000474974513 0.87564992904663086 0.0021266776602715254 0 300 0 0 0.023614009842276573 1 2 132355 -9 -9 0.87720000743865967 0.0010000000474974513 36.244309999999999 -4.2312209999999997 2.5720000267028809 3.1289999485015869 -0.49426540732383728 10.720000267028809 0.05000000074505806 -9999 -9999 -0.91500002145767212 0.88099998235702515 -11.602999687194824 0.88130015134811401 0.92500001192092896 -999 24.309999465942383 22.870000839233398 21.670000076293945 21.200000762939453 0.019999999552965164 0 0 0 0.019999999552965164 1.0299999713897705 1.7799999713897705 3.2999999523162842 27.5 27.467906951904297 26.873950958251953 26.203714370727539 58040.203125 16.787511825561523 13.974721908569336 -99 44.347816467285156 iz 0 58045.5703125 0.75164347887039185 -0.70409572124481201 0.43863081932067871 0.010657043196260929 0.085499480366706848 23.996315002441406 0.038256995379924774 4.5234937715576962e-06 1.5938979913698859e-07 0.0020778728649020195 -3.3590175974040903e-08 -5.284599868815576e-09 28 28.07441520690918 0.46050927042961121 0.23737172782421112
SN: 1840041 10 101 X1 3 0 35.022488000000003 -4.1611500000000001 0.23993000388145447 0.0010000000474974513 0.23890799283981323 0.0010000000474974513 0.23890805244445801 0.0015927780186757445 0 300 0 0 0.017661813646554947 1 1 125477 -9 -9 0.23989999294281006 0.0010000000474974513 35.022516000000003 -4.1611019999999996 0.19900000095367432 0.2669999897480011 -9 9.8730001449584961 0.079000003635883331 -9999 -9999 -0.33399999141693115 7.0809998512268066 -10.199000358581543 7.0822114944458008 1.3669999837875366 -999 22.639999389648438 21.450000762939453 20.950000762939453 20.649999618530273 0.0099999997764825821 0 0 0 17.920000076293945 62.319999694824219 98.040000915527344 124.73000335693359 24.366655349731445 23.013431549072266 22.521492004394531 22.260072708129883 58026.15234375 43.204540252685547 41.170932769775391 27.344152450561523 111.04776763916016 griz 0 58021.1015625 0.27116852998733521 -0.77168047428131104 0.20190607011318207 0.0055349045433104038 0.020582407712936401 21.215950012207031 0.028282420709729195 5.8562589401844889e-05 1.5255011476256186e-06 0.0013091996079310775 -1.7514892647341185e-07 -2.3610283506059204e-08 48 49.897640228271484 0.39779064059257507 0.25788763165473938
SN: 1925122 10 0 S2 3 0 40.604702000000003 -0.70711900000000005 0.38376998901367188 0.0010000000474974513 0.38273999094963074 0.0010000000474974513 0.38274002075195312 0.0017071970505639911 0 300 0 0 0.029192877933382988 1 1 143172 -9 -9 0.38379999995231628 0.0010000000474974513 40.604762999999998 -0.707202 0.37000000476837158 0.5 -9 9.7360000610351562 0.017000000923871994 -9999 -9999 0.74900001287460327 0.024000000208616257 -8.9560003280639648 0.042438190430402756 0.60199999809265137 -999 23.059999465942383 22.059999465942383 21.790000915527344 21.389999389648438 0.0099999997764825821 0.0099999997764825821 0 0 13.720000267028809 35.009998321533203 46.450000762939453 65.629997253417969 24.656614303588867 23.639518737792969 23.332534790039062 22.957244873046875 58113.09375 17.543731689453125 15.173197746276855 11.972665786743164 40.998031616210938 riz 0 58109.046875 0.62262135744094849 -0.87587422132492065 0.59497624635696411 0.15042179822921753 0.054471381008625031 22.954319000244141 0.061470594257116318 1.1810619980678894e-05 6.686760798402247e-07 0.0097532337531447411 -1.5756195637095516e-07 -3.1209804518539386e-08 20 21.840635299682617 0.34922045469284058 0.58021330833435059
SN: 1776304 10 0 S2 3 0 40.803798999999998 -1.5081329999999999 0.45517000555992126 0.0010000000474974513 0.4540959894657135 0.0010000000474974513 0.45409595966339111 0.0017655642004683614 0 300 0 0 0.02616521529853344 2 3 120055 -9 -9 0.45519998669624329 0.0010000000474974513 40.803789999999999 -1.508157 0.093000002205371857 0.1120000034570694 -5.1093778610229492 9.4989995956420898 0.018999999389052391 -9999 -9999 1.1339999437332153 0.36700001358985901 -8.3470001220703125 0.3697485625743866 0.12999999523162842 -999 23.129999160766602 22.270000457763672 22.069999694824219 21.870000839233398 0.0099999997764825821 0.0099999997764825821 0.0099999997764825821 0.0099999997764825821 13.289999961853027 29.260000228881836 36.389999389648438 43.759998321533203 24.691186904907227 23.834314346313477 23.597545623779297 23.397306442260742 57986.3046875 20.247137069702148 15.137086868286133 7.800966739654541 37.587482452392578 riz 0 57986.75390625 1.6970887184143066 -0.70759838819503784 0.68418294191360474 -0.030323000624775887 0.055556528270244598 22.452217102050781 0.060089785605669022 1.8754817574517801e-05 1.0379804962212802e-06 0.00074700260302051902 -1.7773878369098384e-07 -3.9535869689188985e-08 31 22.888326644897461 0.85316020250320435 0.25661122798919678
SN: 1880513 10 0 S2 3 0 41.812069000000001 -1.588004 0.64577001333236694 0.0010000000474974513 0.64458400011062622 0.0010000000474974513 0.64458394050598145 0.0019256859086453915 0 300 0 0 0.035005282610654831 2 2 132046 -9 -9 0.64579999446868896 0.0010000000474974513 41.812260000000002 -1.587931 0.73400002717971802 1.0140000581741333 -1.7098100185394287 9.5430002212524414 0.024000000208616257 -9999 -9999 1.2680000066757202 0.89300000667572021 -8.2530002593994141 0.89469212293624878 0.15700000524520874 -999 24.209999084472656 23.239999771118164 22.829999923706055 22.670000076293945 0.019999999552965164 0.0099999997764825821 0.0099999997764825821 0.0099999997764825821 5.0100002288818359 9.6899995803833008 16.659999847412109 18.850000381469727 25.750406265258789 25.034191131591797 24.445812225341797 24.311721801757812 58044.3046875 11.102444648742676 8.3459272384643555 7.8990960121154785 31.694189071655273 riz 0 58047.953125 0.92936050891876221 0.43621638417243958 0.78611958026885986 0.038649763911962509 0.058199122548103333 23.355155944824219 0.059915408492088318 8.1646549006109126e-06 4.5055938358018466e-07 0.0060974010266363621 -2.5015668825290049e-07 -1.0554859208866674e-08 42 49.837467193603516 0.18974576890468597 0.1942693293094635
SN: 1900056 10 0 E2 3 0 9.5523369999999996 -44.501418999999999 0.47944000363349915 0.0010000000474974513 0.47839099168777466 0.0010000000474974513 0.47839093208312988 0.0017856530612334609 0 300 0 0 0.0074487044475972652 1 2 -31599 -9 -9 0.47940000891685486 0.0010000000474974513 9.5515810000000005 -44.501685999999999 2.1659998893737793 1.9429999589920044 -2.051276683807373 10.788999557495117 0.028999999165534973 -9999 -9999 0.56499999761581421 6.9829998016357422 -10.196999549865723 6.9832839965820312 1.409000039100647 -999 23.190000534057617 21.409999847412109 20.709999084472656 20.299999237060547 0.0099999997764825821 0 0 0 1.6499999761581421 7.2699999809265137 12.579999923706055 15.050000190734863 26.956289291381836 25.346164703369141 24.750797271728516 24.556158065795898 58076.109375 13.820478439331055 9.9123125076293945 6.1576833724975586 31.368335723876953 riz 0 58069.171875 0.87941551208496094 -2.7235689163208008 0.78774213790893555 0.12844492495059967 0.075412258505821228 23.460153579711914 0.065655849874019623 7.4120544013567269e-06 4.4821638311987044e-07 0.0013790279626846313 -1.1799065902096117e-07 -2.2719223835565572e-08 25 17.881185531616211 0.84739267826080322 1.0037505626678467
SN: 1899158 10 0 X2 3 0 35.008797000000001 -6.5256910000000001 0.64881002902984619 0.0010000000474974513 0.64746600389480591 0.0010000000474974513 0.64746594429016113 0.0019281510030850768 0 300 0 0 0.022837249562144279 1 3 -35481 -9 -9 0.64880001544952393 0.0010000000474974513 35.008648000000001 -6.5257240000000003 0.54699999094009399 0.40599998831748962 -4.20147705078125 11.133000373840332 0.02199999988079071 -9999 -9999 1.4539999961853027 0.75099998712539673 -9.6789999008178711 0.76622778177261353 1.0690000057220459 -999 23.659999847412109 22.069999694824219 21.110000610351562 20.639999389648438 0.019999999552965164 0 0 0 6.070000171661377 33.479999542236328 87.889999389648438 137.66000366210938 25.542028427124023 23.68803596496582 22.640151977539062 22.152980804443359 58064.07421875 9.5947484970092773 6.6999516487121582 5.9973816871643066 24.771036148071289 riz 0 58067.296875 0.96811211109161377 -1.6722047328948975 0.69038820266723633 -0.066559493541717529 0.078102707862854004 23.259853363037109 0.066838912665843964 8.9137174654752016e-06 5.4873657973075751e-07 0.0077496753074228764 -2.2745106775801105e-07 -1.2692322748364404e-08 41 24.028308868408203 0.98402881622314453 0.59993386268615723
SN: 1880686 10 0 C1 3 0 53.438701999999999 -26.467533 0.31457000970840454 0.0010000000474974513 0.31405699253082275 0.0010000000474974513 0.31405699253082275 0.0016519838245585561 0 300 0 0 0.0083715710788965225 1 1 -28070 -9 -9 0.31459999084472656 0.0010000000474974513 53.438456000000002 -26.467483999999999 0.81199997663497925 0.68500000238418579 -9 10.564999580383301 0.061000000685453415 -9999 -9999 0.61000001430511475 0.94900000095367432 -9.9449996948242188 0.95384329557418823 1.3810000419616699 -999 22.370000839233398 20.930000305175781 20.379999160766602 20.020000457763672 0 0 0 0 24.239999771118164 81.239997863769531 135.55000305175781 187.41000366210938 24.038669586181641 22.725574493408203 22.169750213623047 21.818017959594727 58053.12109375 59.500953674316406 51.323047637939453 36.635383605957031 146.27029418945312 griz 0 58053.203125 0.19454705715179443 0.080635719001293182 0.17298555374145508 -0.08256792277097702 0.015587720088660717 21.432516098022461 0.018941303715109825 4.7972669563023373e-05 8.3691134022956248e-07 0.00051214243285357952 -7.6262487880285335e-08 -7.4427664031873064e-09 44 65.186576843261719 0.020605048164725304 0.2765357494354248
SN: 1912270 10 0 C3 3 0 52.740223 -27.782036000000002 0.86715000867843628 0.0010000000474974513 0.86641502380371094 0.0010000000474974513 0.86641502380371094 0.0021185264922678471 0 300 0 0 0.0075520789250731468 1 1 140109 -9 -9 0.86720001697540283 0.0010000000474974513 52.739963000000003 -27.781903 0.9570000171661377 1.093000054359436 -9 9.6739997863769531 0.014999999664723873 -9999 -9999 1.2680000066757202 0.19699999690055847 -8.3979997634887695 0.20082330703735352 -0.029999999329447746 -999 23.889999389648438 23.430000305175781 22.809999465942383 22.540000915527344 0.0099999997764825821 0.0099999997764825821 0 0.0099999997764825821 5.0399999618530273 8.5299997329711914 14.640000343322754 18.260000228881836 25.743923187255859 25.172626495361328 24.586147308349609 24.346248626708984 58084.23046875 9.724583625793457 5.9691166877746582 -99 19.069272994995117 iz 0 58095.12109375 1.2618738412857056 -1.1703839302062988 0.7776796817779541 -0.12755893170833588 0.18913042545318604 24.602916717529297 0.085928857326507568 2.5872213882394135e-06 2.0476150552894978e-07 -0.015575005672872066 -9.0937682273306564e-08 -1.0297444674733924e-08 16 34.716716766357422 0.00434448616579175 0.57705444097518921
SN: 1899065 10 0 E1 3 0 7.076638 -43.318283000000001 0.54877001047134399 0.0010000000474974513 0.54762202501296997 0.0010000000474974513 0.5476219654083252 0.0018434561789035797 0 300 0 0 0.0059785838238894939 1 3 135663 -9 -9 0.54879999160766602 0.0010000000474974513 7.0769469999999997 -43.318286999999998 0.80900001525878906 1.1820000410079956 -2.0194211006164551 10.656000137329102 0.027000000700354576 -9999 -9999 0.90200001001358032 5.375999927520752 -9.7720003128051758 5.3781204223632812 1.2660000324249268 -999 23.239999771118164 21.569999694824219 20.860000610351562 20.479999542236328 0.0099999997764825821 0 0 0 10.039999961853027 50.610000610351562 101.19999694824219 142.66000366210938 24.99566650390625 23.239408493041992 22.487049102783203 22.11424446105957 58081.05078125 11.693388938903809 8.8351678848266602 8.7850131988525391 34.005886077880859 riz 0 58073.81640625 0.88470780849456787 1.4093291759490967 0.70777630805969238 0.23822422325611115 0.057339996099472046 23.222549438476562 0.05745275691151619 9.2252939793979749e-06 4.8816514208738226e-07 0.0057071424089372158 -1.9345988278018922e-07 -1.7750723557696801e-08 37 32.687602996826172 0.6714247465133667 0.9226343035697937
SN: 1839117 10 0 X3 3 0 37.362591000000002 -4.7430700000000003 0.60799998044967651 0.0010000000474974513 0.60673797130584717 0.0010000000474974513 0.60673797130584717 0.0018934234976768494 0 300 0 0 0.025131044909358025 1 1 -27767 -9 -9 0.60799998044967651 0.0010000000474974513 37.362454999999997 -4.7427099999999998 1.3830000162124634 1.5900000333786011 -9 10.47700023651123 0.037000000476837158 -9999 -9999 -0.49599999189376831 6.2210001945495605 -10.923999786376953 6.2212991714477539 1.190000057220459 -999 24.270000457763672 22.629999160766602 21.729999542236328 21.370000839233398 0.019999999552965164 0 0 0 2.1500000953674316 10.220000267028809 15.930000305175781 28.719999313354492 26.668903350830078 24.976371765136719 24.494461059570312 23.854537963867188 58028.296875 32.738067626953125 17.611091613769531 16.105276107788086 59.34130859375 riz 0 58020.9765625 0.52337253093719482 0.13409890234470367 0.36309778690338135 -0.087986163794994354 0.040085058659315109 23.206130981445312 0.039121713489294052 9.3658609330304898e-06 3.3747474503798003e-07 0.0024163641501218081 -8.3174477083503007e-08 -6.3923937254628527e-09 39 44.329483032226562 0.25696989893913269 0.29667395353317261
SN: 1909375 10 1 C3 3 0 52.875686999999999 -28.241541000000002 0.33805000782012939 0.0010000000474974513 0.3375299870967865 0.0010000000474974513 0.33753001689910889 0.0016707406612113118 0 300 0 0 0.0084052402526140213 1 1 -30570 -9 -9 0.33809998631477356 0.0010000000474974513 52.875630999999998 -28.241769000000001 0.8399999737739563 0.84700000286102295 -9 10.583000183105469 0.014000000432133675 -9999 -9999 0.57700002193450928 0.05000000074505806 -9.9829998016357422 0.061032779514789581 1.3899999856948853 -999 22.809999465942383 21.479999542236328 20.889999389648438 20.370000839233398 0 0 0 0 15.590000152587891 48.790000915527344 84.650001525878906 111.69000244140625 24.517885208129883 23.279172897338867 22.680932998657227 22.379962921142578 58092.08984375 117.10573577880859 99.146697998046875 79.967361450195312 333.73623657226562 griz 0 58093.19140625 0.15875169634819031 0.62478029727935791 0.13556653261184692 -0.094004444777965546 0.014158427715301514 21.477344512939453 0.01758638396859169 4.6032277168706059e-05 7.4561512519721873e-07 0.0002379498619120568 -5.8515947642945321e-08 -5.6406230797279022e-09 41 34.532855987548828 0.75203090906143188 0.3762437105178833
SN: 1848198 10 0 S2 3 0 41.502583000000001 -0.92796599999999996 0.3612000048160553 0.0010000000474974513 0.36020898818969727 0.0010000000474974513 0.36020898818969727 0.0016889753751456738 0 300 0 0 0.02513018436729908 1 1 126318 -9 -9 0.3612000048160553 0.0010000000474974513 41.502369000000002 -0.92793800000000004 0.77899998426437378 1.0859999656677246 -9 9.3389997482299805 0.020999999716877937 -9999 -9999 0.46500000357627869 0.15000000596046448 -8.8819999694824219 0.17143219709396362 0.33100000023841858 -999 23.409999847412109 22.5 22.360000610351562 22.120000839233398 0.0099999997764825821 0.0099999997764825821 0.0099999997764825821 0.0099999997764825821 9.0600004196166992 19.489999771118164 21.299999237060547 29.420000076293945 25.107179641723633 24.275470733642578 24.179050445556641 23.828393936157227 58021.28125 9.6677722930908203 8.009857177734375 6.3403315544128418 23.9581298828125 griz 0 58015.9453125 1.2299983501434326 -0.29903733730316162 0.87734425067901611 0.024430606514215469 0.054814480245113373 23.359134674072266 0.070225685834884644 8.1347789091523737e-06 5.2615951062762178e-07 0.013339725323021412 -2.3870208565313078e-07 -1.6056953100473947e-08 49 52.747768402099609 0.33129876852035522 0.12871535122394562
SN: 1847303 10 0 X3 3 0 36.655132000000002 -3.6392259999999998 0.48082000017166138 0.0010000000474974513 0.47963500022888184 0.0010000000474974513 0.47963500022888184 0.0017866846174001694 0 300 0 0 0.024035900831222534 1 2 128792 -9 -9 0.48080000281333923 0.0010000000474974513 36.655152999999999 -3.6392099999999998 0.094999998807907104 0.14300000667572021 -5.6601266860961914 8.9060001373291016 0.037000000476837158 -9999 -9999 0.69499999284744263 0.33700001239776611 -8.2010002136230469 0.34804883599281311 0.24400000274181366 -999 24.620000839233398 23.670000076293945 23.299999237060547 23.069999694824219 0.019999999552965164 0.0099999997764825821 0.0099999997764825821 0.0099999997764825821 2.7100000381469727 7.4699997901916504 9.7700004577636719 12.130000114440918 26.417575836181641 25.31669807434082 25.025262832641602 24.790348052978516 58028.2109375 46.459972381591797 28.056205749511719 23.808698654174805 112.54146575927734 riz 0 58030.17578125 0.29085081815719604 0.74989217519760132 0.27788516879081726 -0.023761535063385963 0.028209690004587173 22.646781921386719 0.0373515784740448 1.5677878764108755e-05 5.3935156074658153e-07 0.00191785569768399 -1.0014677798153571e-07 -1.1297796476128497e-08 37 24.347604751586914 0.94549387693405151 0.26221266388893127
SN: 1922297 10 1 E2 3 0 9.5385039999999996 -44.475211999999999 0.43327000737190247 0.0010000000474974513 0.43225300312042236 0.0010000000474974513 0.43225300312042236 0.0017475945642217994 0 300 0 0 0.0075541124679148197 1 2 142345 -9 -9 0.43329998850822449 0.0010000000474974513 9.5394159999999992 -44.474736999999998 2.8989999294281006 3.1679999828338623 0.10466885566711426 9.9110002517700195 0.0020000000949949026 -9999 -9999 1.5349999666213989 0.24300000071525574 -8.3439998626708984 0.24300000071525574 0.46399998664855957 -999 22.75 21.770000457763672 21.389999389648438 21.069999694824219 0.0099999997764825821 0 0 0 0.86000001430511475 2.1500000953674316 3.3299999237060547 4.0100002288818359 27.5 26.668903350830078 26.193889617919922 25.99213981628418 58107.10546875 30.016742706298828 24.495597839355469 16.019086837768555 55.714012145996094 riz 0 58107.84765625 0.47297170758247375 0.024080798029899597 0.43209564685821533 0.050871551036834717 0.046341091394424438 22.42650032043457 0.050787992775440216 1.9204364434699528e-05 8.9833162064678618e-07 0.0040346742607653141 -1.8765813081245142e-07 -3.1809225475853964e-08 14 7.5829839706420898 0.90990155935287476 0.16976170241832733
SN: 1904293 10 0 C3 3 0 52.383972 -27.142531999999999 0.44681999087333679 0.0010000000474974513 0.44623500108718872 0.0010000000474974513 0.44623494148254395 0.0017590870847925544 0 300 0 0 0.0084972744807600975 1 1 136963 -9 -9 0.44679999351501465 0.0010000000474974513 52.383957000000002 -27.142617999999999 0.31400001049041748 0.34999999403953552 -9 10.019000053405762 0.041000001132488251 -9999 -9999 0.56499999761581421 0.15399999916553497 -9.6789999008178711 0.32043251395225525 0.6589999794960022 -999 22.760000228881836 21.659999847412109 21.239999771118164 20.879999160766602 0 0 0 0 19.579999923706055 50.930000305175781 76.580001831054688 96.919998168945312 24.270467758178711 23.232566833496094 22.789710998535156 22.533966064453125 58092.109375 49.937644958496094 30.926185607910156 27.040122985839844 124.77374267578125 riz 0 58086.41796875 0.27258825302124023 0.15535251796245575 0.2197553962469101 0.060569148510694504 0.025837596505880356 22.590707778930664 0.032018516212701797 1.6508860426256433e-05 4.8684864850656595e-07 0.0010925286915153265 -5.9559834397759914e-08 -9.845840587274779e-09 30 33.602840423583984 0.29698744416236877 0.2084323912858963
SN: 1792093 10 0 X3 3 0 36.492077000000002 -3.8902239999999999 0.27761000394821167 0.0010000000474974513 0.27658599615097046 0.0010000000474974513 0.27658605575561523 0.0016222968697547913 0 300 0 0 0.023774990811944008 1 1 485922 -9 -9 0.2775999903678894 0.0010000000474974513 36.492167000000002 -3.890228 0.32300001382827759 0.27500000596046448 -9 10.062999725341797 0.017000000923871994 -9999 -9999 0.26600000262260437 0.27000001072883606 -9.7589998245239258 0.27188968658447266 0.81999999284744263 -999 22.170000076293945 21.219999313354492 20.600000381469727 20.549999237060547 0 0 0 0 29.809999465942383 72.139999389648438 106.69999694824219 126.38999938964844 23.814094543457031 22.854560852050781 22.429588317871094 22.245718002319336 58010.203125 153.23281860351562 131.30587768554688 90.242263793945312 339.9368896484375 griz 0 58012.80078125 0.18765431642532349 0.82331317663192749 0.12469692528247833 -0.099233046174049377 0.014191161841154099 21.053855895996094 0.019313937053084373 6.7992012191098183e-05 1.209495849252562e-06 0.00018448206537868828 -7.0453978651130456e-08 -1.0744244605120912e-08 46 51.1966552734375 0.27706581354141235 0.42980155348777771
SN: 1927203 10 0 C1 3 0 54.053336999999999 -26.959662000000002 0.68132001161575317 0.0010000000474974513 0.68068701028823853 0.0010000000474974513 0.68068695068359375 0.0019566498231142759 0 300 0 0 0.0091585153713822365 2 4 144023 -9 -9 0.68129998445510864 0.0010000000474974513 54.053373999999998 -26.959589999999999 0.28600001335144043 0.41999998688697815 -3.4165289402008057 10.282999992370605 0.020999999716877937 -9999 -9999 0.62800002098083496 1.8070000410079956 -9.6639995574951172 1.8100481033325195 1.0299999713897705 -999 24.559999465942383 22.840000152587891 22.049999237060547 21.719999313354492 0.029999999329447746 0.0099999997764825821 0.0099999997764825821 0 2.7899999618530273 15.060000419616699 32.229999542236328 41.439998626708984 26.385990142822266 24.555437088012695 23.729349136352539 23.456451416015625 58124.19140625 9.6233749389648438 9.5943193435668945 8.4639997482299805 26.04973030090332 riz 0 58111.05078125 0.9067683219909668 0.051052708178758621 0.83720076084136963 0.12408824265003204 0.072113022208213806 23.634416580200195 0.070813030004501343 6.3129596128419507e-06 4.1173888121193158e-07 0.014877345412969589 -2.4185280267374765e-07 -1.3464215520286871e-08 26 33.936183929443359 0.13663852214813232 0.41397738456726074
SN: 1908493 10 0 X3 3 0 36.822521000000002 -4.2041300000000001 0.67962998151779175 0.0010000000474974513 0.67829400300979614 0.0010000000474974513 0.67829394340515137 0.001954592065885663 0 300 0 0 0.023004708811640739 1 1 139690 -9 -9 0.67960000038146973 0.0010000000474974513 36.822702 -4.204097 0.66100001335144043 1.0140000581741333 -9 8.9849996566772461 0.02199999988079071 -9999 -9999 0.35899999737739563 0.21899999678134918 -8.619999885559082 0.23491699993610382 -0.14300000667572021 -999 24.690000534057617 23.969999313354492 23.579999923706055 23.579999923706055 0.019999999552965164 0.0099999997764825821 0.0099999997764825821 0.019999999552965164 2.940000057220459 5.3899998664855957 7.7600002288818359 7.679999828338623 26.329132080078125 25.671028137207031 25.275344848632812 25.286596298217773 58076.1875 10.94167423248291 7.8183865547180176 7.7214765548706055 26.708417892456055 riz 0 58084.77734375 0.65696942806243896 -1.7953886985778809 0.62335491180419922 -0.094331614673137665 0.077140450477600098 24.412384033203125 0.062680535018444061 3.0835183224553475e-06 1.7801431795305689e-07 0.0068658627569675446 -6.8262558272635943e-08 -3.7363196980777502e-09 31 46.379981994628906 0.037378232926130295 0.67603957653045654
SN: 1895233 10 0 C3 3 0 52.269379000000001 -28.402449000000001 0.5709800124168396 0.0010000000474974513 0.57035499811172485 0.0010000000474974513 0.57035493850708008 0.0018626073142513633 0 300 0 0 0.0079584969207644463 2 5 134629 -9 -9 0.57099997997283936 0.0010000000474974513 52.269329999999997 -28.402563000000001 0.43999999761581421 0.51800000667572021 -3.0408549308776855 9.7019996643066406 0.012000000104308128 -9999 -9999 0.28600001335144043 0.02199999988079071 -9.6230001449584961 0.25694358348846436 0.41999998688697815 -999 23.620000839233398 22.649999618530273 22.239999771118164 22 0.0099999997764825821 0 0 0 8.7799997329711914 20.530000686645508 29.469999313354492 34.889999389648438 25.141263961791992 24.219028472900391 23.826549530029297 23.643247604370117 58079.09375 62.671253204345703 43.55303955078125 31.455015182495117 147.05839538574219 riz 0 58076.609375 0.28377747535705566 0.82409441471099854 0.19007045030593872 0.024735976010560989 0.02441507950425148 22.75146484375 0.023237472400069237 1.4236848983273376e-05 3.0470420142592047e-07 0.00044082719250582159 -3.1737080519178562e-08 -4.5388754976727341e-09 36 29.620695114135742 0.7647203803062439 0.28680586814880371
SN: 1916207 10 0 S2 3 0 41.082073000000001 -1.4619009999999999 0.40944001078605652 0.0010000000474974513 0.40840598940849304 0.0010000000474974513 0.40840601921081543 0.0017280783504247665 0 300 0 0 0.025839505717158318 1 1 140705 -9 -9 0.40939998626708984 0.0010000000474974513 41.082310999999997 -1.4616560000000001 1.2280000448226929 1.0980000495910645 -9 9.5069999694824219 0.024000000208616257 -9999 -9999 0.86699998378753662 0.02199999988079071 -8.6180000305175781 0.071470275521278381 0.2800000011920929 -999 23.260000228881836 22.360000610351562 22.290000915527344 22.090000152587891 0.0099999997764825821 0.0099999997764825821 0.0099999997764825821 0.0099999997764825821 5.2699999809265137 13.979999542236328 19.590000152587891 27.829999923706055 25.695472717285156 24.636232376098633 24.269914627075195 23.888717651367188 58097.14453125 23.82415771484375 21.509616851806641 12.93673038482666 64.170127868652344 riz 0 58097.16796875 0.51423561573028564 0.16625428199768066 0.40857237577438354 0.012128469534218311 0.039484575390815735 22.386245727539062 0.04779791459441185 1.9929730115109123e-05 8.7737663534426247e-07 0.0037132438737899065 -1.7723469625252619e-07 -2.7203510555295907e-08 26 21.9793701171875 0.68982487916946411 0.068597421050071716
SN: 1929034 10 101 C1 3 0 53.499516 -26.843516999999999 0.60888999700546265 0.0010000000474974513 0.60826802253723145 0.0010000000474974513 0.60826802253723145 0.0018947237404063344 0 300 0 0 0.0074477256275713444 1 1 143922 -9 -9 0.60890001058578491 0.0010000000474974513 53.499533999999997 -26.843450000000001 0.24699999392032623 0.27300000190734863 -9 10.951999664306641 0.037000000476837158 -9999 -9999 0.29800000786781311 8.2690000534057617 -10.637999534606934 8.2693052291870117 1.5110000371932983 -999 23.809999465942383 21.979999542236328 21.010000228881836 20.520000457763672 0.0099999997764825821 0 0 0 7.0100002288818359 38.799999237060547 95.919998168945312 146.25 25.385704040527344 23.527919769287109 22.54522705078125 22.087261199951172 58108.0546875 12.370819091796875 10.651546478271484 9.4661350250244141 29.809673309326172 riz 0 58107.4375 0.88268578052520752 -0.22796909511089325 0.69595801830291748 0.27271601557731628 0.063618898391723633 23.49144172668457 0.061606872826814651 7.2015004661807325e-06 4.0862772721084184e-07 0.0022852080874145031 -1.6134484326357779e-07 -1.4435562079029296e-08 29 23.281145095825195 0.76352226734161377 0.91222387552261353
SN: 1916193 10 0 X3 3 0 36.129703999999997 -4.582554 0.62695997953414917 0.0010000000474974513 0.62564998865127563 0.0010000000474974513 0.62564992904663086 0.0019095195457339287 0 300 0 0 0.021205950528383255 1 1 141091 -9 -9 0.62699997425079346 0.0010000000474974513 36.129703999999997 -4.5825519999999997 0.008999999612569809 0.014999999664723873 -9 9.3839998245239258 0.046999998390674591 -9999 -9999 -0.164000004529953 0.034000001847743988 -9.5670003890991211 0.11992080509662628 0.45399999618530273 -999 24.840000152587891 23.930000305175781 23.409999847412109 23.180000305175781 0.019999999552965164 0.0099999997764825821 0.0099999997764825821 0.0099999997764825821 2.1400001049041748 5.7199997901916504 9.8400001525878906 10.850000381469727 26.673965454101562 25.606510162353516 25.017513275146484 24.911426544189453 58093.1640625 22.245506286621094 18.201208114624023 18.04863166809082 54.324539184570312 riz 0 58096.09375 0.5215766429901123 0.79688489437103271 0.45582926273345947 0.090165205299854279 0.040936551988124847 23.707107543945312 0.044987976551055908 5.9041394706582651e-06 2.4464071657348541e-07 0.0062068672850728035 -7.491252773661472e-08 -5.8037956662815304e-09 25 15.611303329467773 0.92591333389282227 0.40110984444618225
SN: 1910032 10 0 E1 3 0 7.5483729999999998 -43.084601999999997 0.66579002141952515 0.0010000000474974513 0.66455298662185669 0.0010000000474974513 0.66455292701721191 0.0019427903462201357 0 300 0 0 0.0042496179230511189 1 1 138629 -9 -9 0.66579997539520264 0.0010000000474974513 7.5482630000000004 -43.084620999999999 0.29699999094009399 0.36800000071525574 -9 9.2589998245239258 0.043000001460313797 -9999 -9999 1.3049999475479126 0.94300001859664917 -7.9679999351501465 0.95614486932754517 0.035000000149011612 -999 24.819999694824219 23.959999084472656 23.450000762939453 23.379999160766602 0.039999999105930328 0.019999999552965164 0.019999999552965164 0.029999999329447746 2.5299999713897705 5.2399997711181641 8.7399997711181641 8.8500003814697266 26.492198944091797 25.701671600341797 25.146221160888672 25.132640838623047 58093.125 9.9996776580810547 8.0586881637573242 6.6254448890686035 26.623113632202148 riz 0 58091.234375 0.84609782695770264 0.24244077503681183 0.79436707496643066 -0.03216731920838356 0.070455394685268402 23.511869430541992 0.072488479316234589 7.0672736001142766e-06 4.7184198592731263e-07 0.015107063576579094 -2.7994400397801655e-07 -1.25714318954806e-08 28 28.53767204284668 0.43624791502952576 0.13426804542541504
SN: 1791048 10 0 C1 3 0 54.440933000000001 -27.145966000000001 0.21139000356197357 0.0010000000474974513 0.21094399690628052 0.0010000000474974513 0.21094393730163574 0.0015710958978161216 0 300 0 0 0.0092974482104182243 1 1 125007 -9 -9 0.21140000224113464 0.0010000000474974513 54.441032 -27.145959999999999 0.31799998879432678 0.27399998903274536 -9 10.862000465393066 0.012000000104308128 -9999 -9999 1.1380000114440918 0.28099998831748962 -9.7329998016357422 0.28397536277770996 1.218999981880188 -999 20.010000228881836 18.950000762939453 18.459999084472656 18.180000305175781 0 0 0 0 247.42999267578125 666.29998779296875 1013.4600219726562 1252.68994140625 21.516368865966797 20.440826416015625 19.985483169555664 19.755390167236328 58008.3359375 27.956439971923828 27.771116256713867 27.452611923217773 66.37896728515625 gri 0 58002.984375 0.27393868565559387 0.063590817153453827 0.38902664184570312 -0.017645742744207382 0.037500679492950439 20.50053596496582 0.047670241445302963 0.00011318406177451834 4.9694499466568232e-06 0.0078356154263019562 -1.486005999140616e-06 -1.2836932228310616e-07 7 22.696670532226562 0.001924729673191905 0.062522009015083313
SN: 1878148 10 1 S1 3 0 43.070988 0.88600000000000001 0.22540000081062317 0.0010000000474974513 0.22453500330448151 0.0010000000474974513 0.22453498840332031 0.0015816091326996684 0 300 0 0 0.062157440930604935 1 1 131032 -9 -9 0.22540000081062317 0.0010000000474974513 43.070182000000003 0.88617000000000001 2.9649999141693115 1.7380000352859497 -9 10.522000312805176 0.012000000104308128 -9999 -9999 0.89800000190734863 0.14100000262260437 -9.5959997177124023 0.14458560943603516 1.1230000257492065 -999 21.409999847412109 20.329999923706055 19.760000228881836 19.420000076293945 0 0 0 0 10.229999542236328 24.659999847412109 37.919998168945312 40.75 24.975311279296875 24.020017623901367 23.552829742431641 23.474681854248047 58052.2734375 74.229629516601562 70.960990905761719 52.974308013916016 210.031005859375 griz 0 58050.609375 0.17391365766525269 0.70312380790710449 0.14929348230361938 0.021845258772373199 0.015986640006303787 20.802833557128906 0.022683603689074516 8.567742770537734e-05 1.7900046032082173e-06 0.00044414884177967906 -1.1561112245317418e-07 -2.0038955383938628e-08 43 33.949062347412109 0.83671075105667114 0.24542583525180817
SN: 1876602 10 0 E1 3 0 7.0782699999999998 -43.142623999999998 0.73116999864578247 0.0010000000474974513 0.72988200187683105 0.0010000000474974513 0.72988200187683105 0.0019991211593151093 0 300 0 0 0.0050400597974658012 1 2 -30163 -9 -9 0.73119997978210449 0.0010000000474974513 7.0782740000000004 -43.142625000000002 0.012000000104308128 0.014000000432133675 -8.6312017440795898 10.86400032043457 0.043000001460313797 -9999 -9999 -1.9869999885559082 8.0129995346069336 -12.878999710083008 8.0146169662475586 1.2940000295639038 -999 24.559999465942383 22.600000381469727 21.530000686645508 21.059999465942383 0.029999999329447746 0.0099999997764825821 0 0 3.4700000286102295 21.100000381469727 57.840000152587891 85.099998474121094 26.149175643920898 24.189292907714844 23.094429016113281 22.675176620483398 58057.01953125 6.2554030418395996 5.7000327110290527 5.5848860740661621 21.022184371948242 riz 0 58039.2109375 2.3785629272460938 0.78620773553848267 1.2308578491210938 -0.0052414410747587681 0.083390921354293823 23.583110809326172 0.080198541283607483 6.618436145799933e-06 4.8887466164160287e-07 0.010536171495914459 -3.0417874086197116e-07 -4.3481747091789202e-09 44 32.603256225585938 0.89731425046920776 0.2626509964466095
SN: 1929063 10 0 E1 3 0 8.1021389999999993 -43.557648 0.22300000488758087 0.0010000000474974513 0.2221049964427948 0.0010000000474974513 0.22210502624511719 0.0015797259984537959 0 300 0 0 0.0055587352253496647 1 1 -30787 -9 -9 0.22300000488758087 0.0010000000474974513 8.1022800000000004 -43.557808000000001 0.68300002813339233 0.63400000333786011 -9 9.7679996490478516 0.0099999997764825821 -9999 -9999 0.48600000143051147 0.36300000548362732 -9.2729997634887695 0.36330977082252502 0.87400001287460327 -999 22.25 21.399999618530273 20.940000534057617 20.700000762939453 0 0 0 0 24.059999465942383 57.509998321533203 79.769996643066406 107.88999938964844 24.046760559082031 23.100641250610352 22.745401382446289 22.417547225952148 58117.046875 53.744205474853516 36.998298645019531 34.563137054443359 121.46486663818359 griz 0 58116.51953125 0.23396389186382294 -0.66455543041229248 0.32059121131896973 0.054841846227645874 0.026480128988623619 21.129247665405273 0.037347085773944855 6.3430918089579791e-05 2.1818927962158341e-06 0.0051918691024184227 -5.3275755362847121e-07 -5.203954955845802e-08 16 14.888228416442871 0.53283965587615967 0.28720813989639282
SN: 1847100 10 1 X2 3 0 36.015079999999998 -6.2710340000000002 0.37999999523162842 0.0010000000474974513 0.37889599800109863 0.0010000000474974513 0.37889599800109863 0.0017040809616446495 0 300 0 0 0.026978673413395882 2 2 126810 -9 -9 0.37999999523162842 0.0010000000474974513 36.015374999999999 -6.2709720000000004 1.0800000429153442 2.2320001125335693 1.1007088422775269 8.3610000610351562 0.11400000005960464 -9999 -9999 -0.004999999888241291 3.5179998874664307 -8.3439998626708984 3.5342955589294434 0.34900000691413879 -999 25.459999084472656 24.700000762939453 24.489999771118164 24.5 0.079999998211860657 0.05000000074505806 0.05000000074505806 0.070000000298023224 1.5499999523162842 3.630000114440918 3.9600000381469727 4.3000001907348633 27.024169921875 26.10023307800293 26.005762100219727 25.916328430175781 58026.1640625 37.286170959472656 27.732065200805664 16.036918640136719 80.977699279785156 riz 0 58024.0390625 0.30922979116439819 0.75088620185852051 0.26653420925140381 -0.09779762476682663 0.034761872142553329 21.828577041625977 0.041957121342420578 3.3309592254227027e-05 1.2872137631347869e-06 0.0018782931147143245 -1.9814258678252372e-07 -3.4245363877971613e-08 37 42.360824584960938 0.25075855851173401 0.41099712252616882
SN: 1774102 10 1 X3 3 0 35.505146000000003 -4.6330470000000004 0.317330002784729 0.0010000000474974513 0.31625699996948242 0.0010000000474974513 0.31625699996948242 0.0016537366900593042 0 300 0 0 0.021551791578531265 1 1 -27212 -9 -9 0.31729999184608459 0.0010000000474974513 35.505203999999999 -4.6331920000000002 0.56000000238418579 0.18000000715255737 -9 11.668999671936035 0.0099999997764825821 -9999 -9999 0.89800000190734863 0.20999999344348907 -10.75100040435791 0.20999999344348907 1.5360000133514404 -999 21.270000457763672 19.540000915527344 18.809999465942383 18.659999847412109 0 0 0 0 74.480003356933594 357.41000366210938 602.17999267578125 814.70001220703125 22.819900512695312 21.117084503173828 20.550683975219727 20.222505569458008 57989.40234375 56.016265869140625 53.385982513427734 39.769256591796875 150.65885925292969 griz 0 57990.82421875 0.23634344339370728 0.81032145023345947 0.22033990919589996 -0.052602123469114304 0.015403877943754196 21.279514312744141 0.021493637934327126 5.5232434533536434e-05 1.0934018064290285e-06 0.00062661606352776289 -1.3206783933128463e-07 -9.092593344917077e-09 40 71.994529724121094 0.0014240071177482605 0.32202816009521484
SN: 1770680 10 0 X2 3 0 35.368549000000002 -6.4642549999999996 0.61040997505187988 0.0010000000474974513 0.60910600423812866 0.0010000000474974513 0.60910606384277344 0.0018954362021759152 0 300 0 0 0.02155928872525692 1 1 120674 -9 -9 0.61040002107620239 0.0010000000474974513 35.368648 -6.4641859999999998 0.4309999942779541 0.42899999022483826 -9 10.836999893188477 0.027000000700354576 -9999 -9999 0.91399997472763062 0.33300000429153442 -9.935999870300293 0.35197299718856812 0.93199998140335083 -999 23.180000305175781 21.860000610351562 21.079999923706055 20.700000762939453 0.0099999997764825821 0 0 0 13.239999771118164 44.599998474121094 92.730003356933594 128.32000732421875 24.695280075073242 23.376663208007812 22.581949234008789 22.229263305664062 57999.265625 11.939166069030762 9.8096389770507812 5.5091357231140137 31.006725311279297 riz 0 58001.015625 0.92666542530059814 1.1312433481216431 0.74950516223907471 0.1177637055516243 0.068526938557624817 23.145225524902344 0.073495730757713318 9.906261766445823e-06 6.7057538899462088e-07 0.014084394089877605 -3.8081037700976594e-07 -2.5251347679500213e-08 46 58.417179107666016 0.10352626442909241 0.54431819915771484
SN: 1896111 10 0 X3 3 0 35.715912000000003 -4.9175310000000003 0.49364000558853149 0.0010000000474974513 0.49243000149726868 0.0010000000474974513 0.49242997169494629 0.0017973091453313828 0 300 0 0 0.022355085238814354 1 2 135497 -9 -9 0.49360001087188721 0.0010000000474974513 35.715949999999999 -4.9175019999999998 0.17000000178813934 0.15299999713897705 -5.8051266670227051 11.085000038146973 0.034000001847743988 -9999 -9999 0.8619999885559082 0.57200002670288086 -10.173000335693359 0.58286190032958984 1.3259999752044678 -999 23.149999618530273 21.450000762939453 20.530000686645508 20.25 0.0099999997764825821 0 0 0 12.560000419616699 65.870002746582031 128.11000061035156 187.53999328613281 24.752525329589844 22.953281402587891 22.231042861938477 21.817264556884766 58064.11328125 38.213214874267578 22.862096786499023 -99 74.866195678710938 ri 0 58065.25390625 0.37300747632980347 -0.64615839719772339 0.31651663780212402 -0.10814353823661804 0.05108221247792244 22.600439071655273 0.039681907743215561 1.6361542293452658e-05 5.9798799156851601e-07 0.0038563574198633432 -1.2296888485252566e-07 -1.9270482098932007e-08 23 23.199352264404297 0.44918128848075867 0.41992369294166565
SN: 1879532 10 1 E1 3 0 6.9662689999999996 -42.884419000000001 0.37821999192237854 0.0010000000474974513 0.37718799710273743 0.0010000000474974513 0.37718796730041504 0.0017026972491294146 0 300 0 0 0.0044830264523625374 1 1 -30468 -9 -9 0.3781999945640564 0.0010000000474974513 6.9665489999999997 -42.884520999999999 0.82599997520446777 0.75300002098083496 -9 10.670999526977539 0.046999998390674591 -9999 -9999 0.79799997806549072 0.75 -9.8839998245239258 0.75281137228012085 1.2369999885559082 -999 22.520000457763672 21.030000686645508 20.469999313354492 20.110000610351562 0.0099999997764825821 0 0 0 20.729999542236328 85.099998474121094 140.69999694824219 194.57000732421875 24.208501815795898 22.675176620483398 22.129264831542969 21.777309417724609 58057.015625 24.335268020629883 16.369144439697266 15.167601585388184 66.711143493652344 griz 0 58053.37109375 0.31009039282798767 -0.024628862738609314 0.27896276116371155 0.052010200917720795 0.025779634714126587 22.158000946044922 0.032936915755271912 2.4592338377260603e-05 7.4603372013370972e-07 0.0023149277549237013 -1.2890065193005285e-07 -1.2495240397925045e-08 52 55.949493408203125 0.3289131224155426 0.17356160283088684
SN: 1339756 10 0 E1 3 0 8.079682 -43.238422 0.27632999420166016 0.0010000000474974513 0.27538898587226868 0.0010000000474974513 0.27538895606994629 0.0016213537892326713 0 300 0 0 0.0057251071557402611 1 1 43525 -9 -9 0.27630001306533813 0.0010000000474974513 8.0798290000000001 -43.238469000000002 0.42199999094009399 0.22400000691413879 -9 11.017999649047852 0.048000000417232513 -9999 -9999 0.48800000548362732 7.5240001678466797 -10.496000289916992 7.5240449905395508 1.5640000104904175 -999 20.930000305175781 19.450000762939453 18.909999847412109 18.549999237060547 0 0 0 0 96.779998779296875 378.42999267578125 630.44000244140625 813.90997314453125 22.53553581237793 21.055036544799805 20.500890731811523 20.223560333251953 57372.03125 34.431842803955078 25.970026016235352 18.27446174621582 76.767311096191406 griz 0 57378.6796875 0.29755023121833801 -0.39384430646896362 0.28223139047622681 -0.055560022592544556 0.026746727526187897 21.248018264770508 0.033087607473134995 5.6858116295188665e-05 1.7327404293610016e-06 0.0037935911677777767 -3.2524368975828111e-07 -3.5524692520993995e-08 28 14.138164520263672 0.98617905378341675 0.22701074182987213
SN: 1280780 10 0 C3 3 0 53.071171 -28.840306999999999 0.68462997674942017 0.0010000000474974513 0.68398797512054443 0.0010000000474974513 0.68398797512054443 0.0019594896584749222 0 300 0 0 0.0072143278084695339 1 1 5916 -9 -9 0.68459999561309814 0.0010000000474974513 53.071215000000002 -28.840326999999998 0.15700000524520874 0.22300000488758087 -9 10.177000045776367 0.020999999716877937 -9999 -9999 -0.85900002717971802 9.1409997940063477 -11.067999839782715 9.141514778137207 1.2910000085830688 -999 25.530000686645508 23.780000686645508 22.760000228881836 22.319999694824219 0.039999999105930328 0.0099999997764825821 0.0099999997764825821 0.0099999997764825821 1.440000057220459 6.9899997711181641 18.260000228881836 25.680000305175781 27.104093551635742 25.38880729675293 24.346248626708984 23.97601318359375 57253.28515625 23.051704406738281 16.032745361328125 12.902774810791016 44.165760040283203 riz 0 57249.08984375 3.9294543266296387 -0.28763172030448914 0.969230055809021 -0.0035906156990677118 0.043472651392221451 23.588052749633789 0.10191092640161514 6.5883891693374608e-06 6.1840881926400471e-07 0.0014561887364834547 5.00848607032367e-08 -8.0962797577299739e-10 29 32.626708984375 0.29304945468902588 0.096621401607990265
SN: 1346139 10 0 C1 3 0 54.010818999999998 -27.905289 0.50379002094268799 0.0010000000474974513 0.50323200225830078 0.0010000000474974513 0.50323200225830078 0.0018063008319586515 0 300 0 0 0.0092780198901891708 1 1 44822 -9 -9 0.50379997491836548 0.0010000000474974513 54.011305999999998 -27.905470999999999 1.6829999685287476 1.3209999799728394 -9 10.534999847412109 0.026000000536441803 -9999 -9999 1.8259999752044678 0.017000000923871994 -8.7130002975463867 0.0353553406894207 0.42699998617172241 -999 22.389999389648438 21.309999465942383 20.840000152587891 20.530000686645508 0 0 0 0 21.409999847412109 51.680000305175781 81.260002136230469 92.330001831054688 24.173458099365234 23.216693878173828 22.725307464599609 22.586643218994141 57408.0703125 25.706108093261719 13.929985046386719 11.241315841674805 40.661579132080078 riz 0 57403.36328125 1.0168615579605103 1.8261535167694092 0.84385740756988525 0.06126423180103302 0.058668524026870728 23.013080596923828 0.052113436162471771 1.1188394637429155e-05 5.3702336799688055e-07 0.0068074050359427929 -1.8209821917025693e-07 -1.8012668689948441e-08 14 18.90644645690918 0.16855485737323761 0.64205986261367798
SN: 1344639 10 0 E2 3 0 9.3853760000000008 -44.200839999999999 0.3677000105381012 0.0010000000474974513 0.3667219877243042 0.0010000000474974513 0.3667219877243042 0.0016942319925874472 0 300 0 0 0.0065879379399120808 1 1 44441 -9 -9 0.3677000105381012 0.0010000000474974513 9.385548 -44.200862000000001 0.44999998807907104 0.30700001120567322 -9 10.890999794006348 0.010999999940395355 -9999 -9999 0.80900001525878906 0.61900001764297485 -10.121999740600586 0.62143868207931519 1.4869999885559082 -999 22.139999389648438 20.459999084472656 19.829999923706055 19.440000534057617 0 0 0 0 30.719999313354492 145.52999877929688 267.26998901367188 357.39999389648438 23.78144645690918 22.092618942260742 21.432624816894531 21.117115020751953 57389.05859375 24.444778442382812 24.123565673828125 15.059568405151367 59.785858154296875 griz 0 57390.1640625 0.53591024875640869 -0.83785355091094971 0.56135338544845581 -0.054580874741077423 0.028257053345441818 22.066888809204102 0.034281853586435318 2.6745123250293545e-05 8.4447066228676704e-07 0.006834141444414854 -2.8535092155834718e-07 -1.1586287484988134e-08 15 17.954681396484375 0.26505559682846069 0.33331760764122009
SN: 1334614 10 0 X2 3 0 36.220573000000002 -5.8103860000000003 0.44056001305580139 0.0010000000474974513 0.43940898776054382 0.0010000000474974513 0.43940901756286621 0.001753471908159554 0 300 0 0 0.022739311680197716 1 1 -15143 -9 -9 0.44060000777244568 0.0010000000474974513 36.220747000000003 -5.8103720000000001 0.62699997425079346 0.79500001668930054 -9 10.157999992370605 0.012000000104308128 -9999 -9999 0.33199998736381531 0.15700000524520874 -9.8100004196166992 0.16360011696815491 0.75 -999 22.959999084472656 21.790000915527344 21.329999923706055 21.069999694824219 0.0099999997764825821 0 0 0 14.310000419616699 42.5 65.089996337890625 79.260002136230469 24.61090087890625 23.429027557373047 22.966213226318359 22.752365112304688 57331.05859375 8.1379718780517578 7.1551198959350586 3.995833158493042 21.309160232543945 riz 0 57327.01953125 0.98094475269317627 0.70228177309036255 0.85179996490478516 0.084009885787963867 0.092516228556632996 23.491489410400391 0.1011667475104332 7.201185781013919e-06 6.7099222178512719e-07 0.0038064965046942234 -2.8899106041535561e-07 -4.3684870831839362e-08 34 25.908279418945312 0.83877235651016235 0.36499097943305969
SN: 1327978 10 1 E2 3 0 8.2799549999999993 -44.140155999999998 0.20785999298095703 0.0010000000474974513 0.20698800683021545 0.0010000000474974513 0.20698797702789307 0.0015680447686463594 0 300 0 0 0.0061578280292451382 1 1 21976 -9 -9 0.20790000259876251 0.0010000000474974513 8.2799879999999995 -44.140320000000003 0.59600001573562622 0.28799998760223389 -9 10.892999649047852 0.024000000208616257 -9999 -9999 0.93599998950958252 0.45600000023841858 -10.13700008392334 0.4624553918838501 1.4639999866485596 -999 20.540000915527344 19.209999084472656 18.690000534057617 18.299999237060547 0 0 0 0 156.97000122070312 507.3900146484375 810.15997314453125 1099.7099609375 22.010457992553711 20.736644744873047 20.228572845458984 19.896804809570312 57305.06640625 42.556182861328125 37.236915588378906 17.822393417358398 110.79270172119141 griz 0 57307.8125 0.24580471217632294 0.39977926015853882 0.19303692877292633 0.087059736251831055 0.018164366483688354 20.816108703613281 0.023204997181892395 8.4636267274618149e-05 1.8088963997797691e-06 0.00035207709879614413 -1.6989027074032492e-07 -2.1528208549170813e-08 47 57.281116485595703 0.14472402632236481 0.31933319568634033
SN: 1339002 10 1 X2 3 0 35.830547000000003 -6.5263109999999998 0.30355998873710632 0.0010000000474974513 0.30251398682594299 0.0010000000474974513 0.30251395702362061 0.0016428047092631459 0 300 0 0 0.023176698014140129 3 5 387827 -9 -9 0.303600013256073 0.0010000000474974513 35.830547000000003 -6.5263109999999998 0 0 -9.4048786163330078 10.680000305175781 0.043000001460313797 -9999 -9999 0.3529999852180481 0.31799998879432678 -10.364999771118164 0.37043759226799011 1.315000057220459 -999 -10 -10 -10 -10 -10 -10 -10 -10 37.169998168945312 119.37999725341797 203.17999267578125 277.35000610351562 23.574518203735352 22.307670593261719 21.730297088623047 21.392429351806641 57373.0546875 32.097759246826172 31.365901947021484 21.653194427490234 72.550125122070312 griz 0 57370.06640625 0.38604223728179932 -1.3062955141067505 0.30592653155326843 0.11070924252271652 0.029218252748250961 22.039342880249023 0.035198133438825607 2.7432326533016749e-05 8.893197787074314e-07 0.0028829649090766907 -1.4205568277247949e-07 -1.8422046110799783e-08 28 20.328115463256836 0.85221123695373535 0.57077544927597046
SN: 1335305 10 0 S2 3 0 41.159858999999997 -0.40597699999999998 0.33500999212265015 0.0010000000474974513 0.33402800559997559 0.0010000000474974513 0.33402800559997559 0.0016679347027093172 0 300 0 0 0.026603076606988907 1 1 41437 -9 -9 0.33500000834465027 0.0010000000474974513 41.159896000000003 -0.40559400000000001 1.3869999647140503 1.1410000324249268 -9 9.5319995880126953 0.016000000759959221 -9999 -9999 1.5880000591278076 0.32699999213218689 -7.9239997863769531 0.33159312605857849 0.11599999666213989 -999 22.100000381469727 21.409999847412109 21.290000915527344 20.920000076293945 0 0 0 0 23.680000305175781 44.400001525878906 52.240001678466797 60.580001831054688 24.064044952392578 23.381542205810547 23.204992294311523 23.04417610168457 57339.12109375 17.359628677368164 15.113846778869629 13.329322814941406 51.342308044433594 griz 0 57341.31640625 0.41891312599182129 -0.45741346478462219 0.30544894933700562 0.0027957635466009378 0.028540555387735367 22.264259338378906 0.037854667752981186 2.2299569536698982e-05 7.7748427429469302e-07 0.0019734487868845463 -1.3800885767523141e-07 -1.2943741189985758e-08 34 19.192426681518555 0.98070716857910156 0.15275569260120392
SN: 1307830 10 1 C3 3 0 53.294463999999998 -27.957768000000002 0.36000001430511475 0.0010000000474974513 0.35947901010513306 0.0010000000474974513 0.35947895050048828 0.0016883867792785168 0 300 0 0 0.0058148251846432686 2 2 -10010 -9 -9 0.36000001430511475 0.0010000000474974513 53.294859000000002 -27.957585999999999 1.4179999828338623 1.7380000352859497 -0.22076152265071869 10.394000053405762 0.061000000685453415 -9999 -9999 -0.97200000286102295 9.0279998779296875 -11.371000289916992 9.0280532836914062 1.562999963760376 -999 22.899999618530273 21.239999771118164 20.389999389648438 20.280000686645508 0 0 0 0 9.3500003814697266 38.689998626708984 74.360000610351562 110.73000335693359 25.072971343994141 23.531003952026367 22.821651458740234 22.389335632324219 57287.3515625 59.387195587158203 42.937946319580078 40.513473510742188 145.14447021484375 griz 0 57286.28125 0.24976840615272522 -1.6866117715835571 0.18593771755695343 -0.069666549563407898 0.020251728594303131 22.195972442626953 0.021002111956477165 2.3747132217977196e-05 4.5935644266137388e-07 0.00038130514440126717 -3.4138825100171744e-08 -5.4167972329821623e-09 46 29.298807144165039 0.97382843494415283 0.60827642679214478
SN: 1307783 10 0 C3 3 0 52.687190999999999 -27.469522999999999 0.74129998683929443 0.0010000000474974513 0.74060899019241333 0.0010000000474974513 0.74060893058776855 0.002008422976359725 0 300 0 0 0.0074336426332592964 2 2 -11170 -9 -9 0.74129998683929443 0.0010000000474974513 52.687258999999997 -27.469806999999999 1.0440000295639038 1.0160000324249268 -1.3993611335754395 10.984999656677246 0.004999999888241291 -9999 -9999 1.3509999513626099 0.15299999713897705 -9.6230001449584961 0.15892764925956726 1.0410000085830688 -999 23.979999542236328 22.840000152587891 21.989999771118164 21.590000152587891 0.0099999997764825821 0 0 0 4.4800000190734863 13.699999809265137 31.809999465942383 48.439998626708984 25.871805191040039 24.658199310302734 23.74359130859375 23.286989212036133 57292.2265625 12.048921585083008 11.61444091796875 8.5085821151733398 37.160896301269531 riz 0 57289.65625 0.74850022792816162 1.0246254205703735 0.63175302743911743 0.084743067622184753 0.052435338497161865 24.229425430297852 0.052661165595054626 3.6494716368906666e-06 1.770093263075978e-07 0.0026795223820954561 -8.5702552610200655e-08 -8.1324774692248525e-10 44 25.00178337097168 0.99059319496154785 0.44322001934051514
SN: 1335717 10 1 C3 3 0 52.859904999999998 -28.353096000000001 0.30527999997138977 0.0010000000474974513 0.30477398633956909 0.0010000000474974513 0.30477404594421387 0.0016445994842797518 0 300 0 0 0.0081065362319350243 1 2 41120 -9 -9 0.30529999732971191 0.0010000000474974513 52.860221000000003 -28.353428000000001 1.5570000410079956 1.3489999771118164 -2.2364840507507324 9.6070003509521484 0.012000000104308128 -9999 -9999 0.90399998426437378 0.19099999964237213 -8.6829996109008789 0.19961212575435638 0.53200000524520874 -999 22.819999694824219 21.959999084472656 21.620000839233398 21.350000381469727 0 0 0 0 12.279999732971191 27.319999694824219 35.290000915527344 42.459999084472656 24.777004241943359 23.908798217773438 23.630870819091797 23.430049896240234 57349.2421875 117.52465057373047 89.019157409667969 64.092674255371094 290.11776733398438 griz 0 57346.8046875 0.16085940599441528 -0.10385488718748093 0.12233640253543854 0.045702140778303146 0.014912711456418037 21.979526519775391 0.019814185798168182 2.8986058168811724e-05 5.2898224112141179e-07 0.00037810151115991175 -3.2543145067620571e-08 -5.6845776974512319e-09 42 37.086166381835938 0.68618077039718628 0.156224325299263
SN: 1334084 10 1 S2 3 0 41.734005000000003 -0.69061499999999998 0.13431000709533691 0.0010000000474974513 0.1334879994392395 0.0010000000474974513 0.13348793983459473 0.0015121210599318147 0 300 0 0 0.033915262669324875 1 1 40993 -9 -9 0.13429999351501465 0.0010000000474974513 41.733987999999997 -0.69057000000000002 0.17299999296665192 0.12600000202655792 -9 9.9879999160766602 0.010999999940395355 -9999 -9999 0.69099998474121094 0.36399999260902405 -9.2740001678466797 0.36401236057281494 0.87999999523162842 -999 20.239999771118164 19.590000152587891 19.200000762939453 19.030000686645508 0 0 0 0 186.36000061035156 329.57998657226562 465.3800048828125 486.70999145507812 21.824119567871094 21.205097198486328 20.830480575561523 20.781824111938477 57339.12109375 81.77313232421875 67.42877197265625 43.569656372070312 196.91093444824219 gri 0 57336.5234375 0.18884064257144928 -0.67083805799484253 0.14880362153053284 0.095712170004844666 0.020334700122475624 20.045980453491211 0.026067478582262993 0.00017203149036504328 4.1303101170342416e-06 0.00025803071912378073 -2.4482841354256379e-07 -6.1694144903867709e-08 20 18.342206954956055 0.5648764967918396 0.38960173726081848
SN: 1338266 10 1 X1+X2 3 0 34.905033000000003 -5.8691250000000004 0.64980000257492065 0.0010000000474974513 0.64844799041748047 0.0010000000474974513 0.64844799041748047 0.0019289914052933455 0 300 0 0 0.022468302398920059 1 1 42497 -9 -9 0.64980000257492065 0.0010000000474974513 34.905123000000003 -5.8691139999999997 0.32400000095367432 0.47600001096725464 -9 9.194000244140625 0.054999999701976776 -9999 -9999 1 1.0299999713897705 -8.1979999542236328 1.0432909727096558 0.18600000441074371 -999 24.930000305175781 24.120000839233398 23.670000076293945 23.469999313354492 0.059999998658895493 0.029999999329447746 0.029999999329447746 0.029999999329447746 2.7400000095367432 5.4800000190734863 8.5900001525878906 10.350000381469727 26.405624389648438 25.653049468994141 25.165016174316406 24.962648391723633 57366.05859375 12.622635841369629 9.2189235687255859 6.7648215293884277 34.634002685546875 riz 0 57366.95703125 0.61963057518005371 -0.51708900928497314 0.54418849945068359 -0.11019064486026764 0.054282035678625107 23.545806884765625 0.047042433172464371 6.8497843130899128e-06 2.9678528790100245e-07 0.005207989364862442 -1.0335384814652571e-07 -4.2775494257796254e-09 53 53.729885101318359 0.44618484377861023 0.40573373436927795
SN: 1340493 10 0 C1 3 0 54.051067000000003 -26.164375 0.71784001588821411 0.0010000000474974513 0.71718502044677734 0.0010000000474974513 0.71718502044677734 0.0019881296902894974 0 300 0 0 0.011273706331849098 1 2 43373 -9 -9 0.71780002117156982 0.0010000000474974513 54.050764000000001 -26.164100999999999 1.3910000324249268 1.5169999599456787 -2.0362718105316162 11.281999588012695 0.057000000029802322 -9999 -9999 0.92599999904632568 0.50400000810623169 -10.368000030517578 0.53827226161956787 1.4049999713897705 -999 24.180000305175781 22.530000686645508 21.360000610351562 20.840000152587891 0.019999999552965164 0.0099999997764825821 0 0 3.9300000667572021 10.810000419616699 35.799999237060547 57.650001525878906 26.014019012451172 24.915435791015625 23.615291595458984 23.098001480102539 57375.05078125 16.527000427246094 9.3956327438354492 6.9299359321594238 28.046253204345703 riz 0 57373.76953125 0.9038434624671936 -0.78265917301177979 0.78784334659576416 -0.20123109221458435 0.071290150284767151 23.504663467407227 0.065399929881095886 7.1143408604257274e-06 4.285363388589758e-07 0.01331540010869503 -2.3255537939803617e-07 -1.2059796494767738e-09 24 22.023611068725586 0.57785743474960327 0.719718337059021
SN: 1308453 10 0 X3 3 0 36.880294999999997 -3.9619070000000001 0.75712001323699951 0.0010000000474974513 0.75572198629379272 0.0010000000474974513 0.7557220458984375 0.0020215525291860104 0 300 0 0 0.023427590727806091 1 2 18319 -9 -9 0.75709998607635498 0.0010000000474974513 36.880547 -3.9618159999999998 0.95999997854232788 1.0529999732971191 -2.4845230579376221 10.215999603271484 0.026000000536441803 -9999 -9999 0.81800001859664917 0.0099999997764825821 -9.4110002517700195 0.080622576177120209 0.33100000023841858 -999 23.389999389648438 22.75 22.079999923706055 21.879999160766602 0.0099999997764825821 0 0 0 6.25 13.010000228881836 20.379999160766602 30.739999771118164 25.510299682617188 24.714305877685547 24.22698974609375 23.780740737915039 57287.26171875 12.427262306213379 11.200972557067871 9.9261379241943359 30.150764465332031 riz 0 57281.25390625 1.0440247058868408 -0.62436026334762573 0.70599251985549927 -0.055426862090826035 0.059385083615779877 24.036001205444336 0.056978944689035416 4.3611344153760001e-06 2.2887036266183713e-07 0.005276127252727747 -8.9319009077826195e-08 -4.5846220153578088e-09 36 47.216529846191406 0.099924787878990173 0.27829629182815552
SN: 1339730 10 0 E1 3 0 8.2143770000000007 -42.144385999999997 0.44990000128746033 0.0010000000474974513 0.44880801439285278 0.0010000000474974513 0.44880795478820801 0.0017612059600651264 0 300 0 0 0.012556722387671471 1 1 43481 -9 -9 0.44990000128746033 0.0010000000474974513 8.2143979999999992 -42.144202 0.66399997472763062 0.62800002098083496 -9 9.1709995269775391 0.024000000208616257 -9999 -9999 0.86299997568130493 0.46500000357627869 -8.3030004501342773 0.47344058752059937 0.082999996840953827 -999 24.020000457763672 23.110000610351562 22.840000152587891 22.610000610351562 0.019999999552965164 0.0099999997764825821 0.0099999997764825821 0.019999999552965164 5.6700000762939453 11.800000190734863 14.470000267028809 17.549999237060547 25.616043090820312 24.820295333862305 24.59882926940918 24.389307022094727 57386.04296875 21.015892028808594 18.24635124206543 13.142333984375 40.412513732910156 riz 0 57389.1875 0.60096454620361328 -2.126544713973999 0.71719527244567871 0.10529332607984543 0.064793169498443604 22.468622207641602 0.077320024371147156 1.8473574527888559e-05 1.3155840861145407e-06 0.015102448873221874 -5.1915475296482327e-07 -7.4209509648426319e-08 15 41.015499114990234 0.00031805768958292902 0.79098117351531982
SN: 1291788 10 0 C2 3 0 53.768214999999998 -29.662417999999999 0.38449999690055847 0.0010000000474974513 0.38399600982666016 0.0010000000474974513 0.38399600982666016 0.0017082159174606204 0 300 0 0 0.010562445037066936 1 2 2694 -9 -9 0.38449999690055847 0.0010000000474974513 53.768296999999997 -29.662497999999999 0.38699999451637268 0.43399998545646667 -3.7860872745513916 9.0790004730224609 0.019999999552965164 -9999 -9999 0.82700002193450928 0.3449999988079071 -8.255000114440918 0.34904727339744568 0.18400000035762787 -999 23.600000381469727 22.760000228881836 22.590000152587891 22.329999923706055 0.0099999997764825821 0.0099999997764825821 0.0099999997764825821 0.0099999997764825821 8.8000001907348633 18.709999084472656 21.469999313354492 27 25.1387939453125 24.319816589355469 24.170419692993164 23.921590805053711 57276.359375 18.008703231811523 12.599990844726562 8.8815717697143555 37.544879913330078 riz 0 57276.08984375 0.68723297119140625 -0.087480992078781128 0.47313249111175537 0.15475541353225708 0.057440482079982758 22.912113189697266 0.064854353666305542 1.2278771464480087e-05 7.3344870088476455e-07 0.0010595819912850857 -8.977138321597522e-08 -3.4527143810691996e-08 40 43.388351440429688 0.32897511124610901 0.51667493581771851
SN: 1282018 10 0 S2 3 0 41.519283000000001 -0.134907 0.42480000853538513 0.0010000000474974513 0.42375999689102173 0.0010000000474974513 0.42375993728637695 0.0017406314145773649 0 300 0 0 0.026774043217301369 1 2 13531 -9 -9 0.42480000853538513 0.0010000000474974513 41.519336000000003 -0.13494400000000001 0.23199999332427979 0.21400000154972076 -5.3517770767211914 10.715999603271484 0.029999999329447746 -9999 -9999 0.33899998664855957 5.4840002059936523 -10.352999687194824 5.4842658042907715 1.3339999914169312 -999 22.590000152587891 20.829999923706055 20.280000686645508 19.930000305175781 0.0099999997764825821 0 0 0 23.950000762939453 113.80999755859375 184.80999755859375 250.77000427246094 24.051736831665039 22.359548568725586 21.833187103271484 21.501811981201172 57265.2890625 17.654680252075195 12.702302932739258 8.7025852203369141 37.290557861328125 riz 0 57267.21875 0.59403228759765625 -0.58129966259002686 0.53090190887451172 -0.12809997797012329 0.061988301575183868 22.119895935058594 0.080804571509361267 2.5470761102042161e-05 1.8956299072669935e-06 0.0090308105573058128 -6.5791368797363248e-07 -8.8965812494734564e-08 47 33.176280975341797 0.93640005588531494 0.46890765428543091
SN: 1330031 10 1 E2 3 0 9.1408389999999997 -43.487254999999998 0.10643000155687332 0.0010000000474974513 0.10562500357627869 0.0010000000474974513 0.10562503337860107 0.0014913210179656744 0 300 0 0 0.0059716026298701763 1 1 21946 -9 -9 0.10639999806880951 0.0010000000474974513 9.1414779999999993 -43.487406999999997 1.7560000419616699 1.440000057220459 -9 9.0629997253417969 0.028000000864267349 -9999 -9999 -0.94599997997283936 2.9930000305175781 -10.020000457763672 2.9953250885009766 0.82200002670288086 -999 21.709999084472656 21.040000915527344 20.739999771118164 20.600000381469727 0 0 0 0 30.950000762939453 49.209999084472656 81.269996643066406 76.25 23.773347854614258 23.269866943359375 22.725173950195312 22.794399261474609 57315.1640625 390.99679565429688 243.96540832519531 124.71970367431641 865.78802490234375 gri 0 57315.0078125 0.15472604334354401 0.36446776986122131 0.11858009546995163 -0.11896656453609467 0.016996836289763451 18.832908630371094 0.021715134382247925 0.00052581896306946874 1.0516578186070547e-05 0.00045219963067211211 -6.9040947892062832e-07 -1.2836315477215976e-07 27 18.974758148193359 0.87091940641403198 0.41474771499633789
SN: 1341823 10 0 C3 3 0 52.749844000000003 -27.851603000000001 0.55093002319335938 0.0010000000474974513 0.55032002925872803 0.0010000000474974513 0.55032002925872803 0.001845724880695343 0 300 0 0 0.0076876496896147728 1 2 44117 -9 -9 0.55089998245239258 0.0010000000474974513 52.750227000000002 -27.851742999999999 1.3190000057220459 1.2050000429153442 -2.7180051803588867 10.977999687194824 0.014999999664723873 -9999 -9999 0.32899999618530273 0.054999999701976776 -10.642000198364258 0.06628725677728653 1.1740000247955322 -999 23.049999237060547 21.610000610351562 20.729999542236328 20.409999847412109 0 0 0 0 13.75 41.669998168945312 86.269996643066406 111.91999816894531 24.654243469238281 23.450441360473633 22.660350799560547 22.377731323242188 57387.12890625 15.914981842041016 10.458330154418945 10.187804222106934 32.536445617675781 riz 0 57381.73828125 0.614174485206604 -2.4846701622009277 0.52348685264587402 0.20441259443759918 0.066483199596405029 24.120134353637695 0.065358519554138184 4.035950951220002e-06 2.4295383127537207e-07 0.0062952977605164051 -6.2318818550011201e-08 -1.1550942424776167e-08 21 6.0863804817199707 0.9993584156036377 1.0724860429763794
SN: 1335472 10 1 E2 3 0 9.5553120000000007 -44.049526 0.50704997777938843 0.0010000000474974513 0.50597000122070312 0.0010000000474974513 0.50597000122070312 0.0018085831543430686 0 300 0 0 0.0056461840867996216 1 1 41364 -9 -9 0.50700002908706665 0.0010000000474974513 9.5558870000000002 -44.049759000000002 1.7059999704360962 2.6619999408721924 -9 10.244999885559082 0.017000000923871994 -9999 -9999 0.43599998950958252 0.43700000643730164 -9.810999870300293 0.44008293747901917 0.95300000905990601 -999 23.510000228881836 22.260000228881836 21.729999542236328 21.319999694824219 0.0099999997764825821 0 0 0 3.0899999141693115 9.5200004577636719 17.959999084472656 23.040000915527344 26.275104522705078 25.053407669067383 24.364234924316406 24.093793869018555 57340.06640625 29.290502548217773 15.197269439697266 13.998804092407227 64.635093688964844 riz 0 57344.48828125 0.41398999094963074 0.14184470474720001 0.37099266052246094 -0.071513347327709198 0.035921439528465271 22.686273574829102 0.034558989107608795 1.5117879229364917e-05 4.8120216433744645e-07 0.0017713748384267092 -1.0311548237496027e-07 -9.9703267864015288e-09 35 28.525028228759766 0.77230775356292725 0.2430216521024704
SN: 1306360 10 101 C1 3 0 53.676712000000002 -26.486982000000001 0.45533999800682068 0.0010000000474974513 0.45477798581123352 0.0010000000474974513 0.45477795600891113 0.0017661267193034291 0 300 0 0 0.0098691796883940697 1 1 807 -9 -9 0.45530000329017639 0.0010000000474974513 53.676704999999998 -26.487257 0.99199998378753662 0.92500001192092896 -9 10.800000190734863 0.024000000208616257 -9999 -9999 1.1030000448226929 1.3040000200271606 -9.7030000686645508 1.3071020841598511 1.1150000095367432 -999 22.75 21.229999542236328 20.649999618530273 20.270000457763672 0.0099999997764825821 0 0 0 16.600000381469727 64.910003662109375 108.48000335693359 147.61000061035156 24.449729919433594 22.969221115112305 22.411624908447266 22.07720947265625 57276.34375 18.469585418701172 13.419548034667969 9.8111476898193359 37.845703125 riz 0 57278.66796875 0.87767320871353149 -1.3060283660888672 0.51169651746749878 -0.02903655543923378 0.056720420718193054 22.657840728759766 0.054811608046293259 1.5518999134656042e-05 7.834511848159309e-07 0.00028702357667498291 -1.2003020799511432e-07 -3.2670794070099873e-08 47 34.482978820800781 0.91262555122375488 0.44597238302230835
SN: 1317783 10 0 S1 3 0 43.108246000000001 0.70258500000000002 0.39533999562263489 0.0010000000474974513 0.39435699582099915 0.0010000000474974513 0.39435696601867676 0.0017166322795674205 0 300 0 0 0.070585355162620544 1 2 10368 -9 -9 0.3953000009059906 0.0010000000474974513 43.108294999999998 0.70250299999999999 0.34400001168251038 0.51999998092651367 -3.4427385330200195 9.0430002212524414 0.023000000044703484 -9999 -9999 0.79900002479553223 0.37400001287460327 -8.1979999542236328 0.37528255581855774 0.026000000536441803 -999 23.719999313354492 22.870000839233398 22.690000534057617 22.479999542236328 0.019999999552965164 0.0099999997764825821 0.0099999997764825821 0.0099999997764825821 8.3400001525878906 17.239999771118164 20.819999694824219 25.780000686645508 25.197084426879883 24.408657073974609 24.203798294067383 23.971792221069336 57299.2109375 19.421436309814453 18.975986480712891 13.416520118713379 56.472969055175781 riz 0 57302.2578125 0.44953471422195435 1.0458424091339111 0.3379356861114502 0.0098088579252362251 0.040906596928834915 22.16142463684082 0.045995540916919708 2.451488580845762e-05 1.0385354016761994e-06 0.0022738552652299404 -1.5919788154405978e-07 -3.4449474384246059e-08 39 21.739526748657227 0.98849475383758545 0.35014402866363525
SN: 1337311 10 0 X1 3 0 34.414490000000001 -4.1676669999999998 0.42250001430511475 0.0010000000474974513 0.42131400108337402 0.0010000000474974513 0.42131400108337402 0.0017386287217959762 0 300 0 0 0.019747849553823471 1 1 42308 -9 -9 0.42250001430511475 0.0010000000474974513 34.414543000000002 -4.1675899999999997 0.33700001239776611 0.27700001001358032 -9 10.423999786376953 0.013000000268220901 -9999 -9999 0.64399999380111694 0.29800000786781311 -9.7589998245239258 0.29982161521911621 0.82300001382827759 -999 22.940000534057617 21.670000076293945 21.190000534057617 20.809999465942383 0.0099999997764825821 0 0 0 17.239999771118164 58.490001678466797 86.900001525878906 116.37000274658203 24.408657073974609 23.082296371459961 22.652450561523438 22.335397720336914 57355.16015625 17.551277160644531 17.329319000244141 12.975021362304688 44.930809020996094 riz 0 57358.1328125 0.57933580875396729 0.0169077068567276 0.48149389028549194 -0.041888199746608734 0.052780531346797943 22.421421051025391 0.06172330304980278 1.9294422600069083e-05 1.0968736887662089e-06 0.0058345673605799675 -2.8927951234436478e-07 -4.5858282504696035e-08 23 18.644931793212891 0.72162967920303345 0.13974101841449738
SN: 1316989 10 0 X1 3 0 33.797825000000003 -4.7446450000000002 0.55474001169204712 0.0010000000474974513 0.55343300104141235 0.0010000000474974513 0.55343294143676758 0.0018483437597751617 0 300 0 0 0.017518587410449982 2 5 21855 -9 -9 0.55470001697540283 0.0010000000474974513 33.797795000000001 -4.7452800000000002 2.2880001068115234 1.7640000581741333 0.16184437274932861 11.060999870300293 0.013000000268220901 -9999 -9999 0.87900000810623169 0.012000000104308128 -10.194999694824219 0.097739450633525848 0.86299997568130493 -999 22.739999771118164 21.530000686645508 20.840000152587891 20.5 0.0099999997764825821 0 0 0 6.1999998092651367 16.549999237060547 27.100000381469727 38.580001831054688 25.519020080566406 24.453004837036133 23.917575836181641 23.534093856811523 57286.21484375 6.8644356727600098 6.4049487113952637 6.2041149139404297 20.420024871826172 riz 0 57294.30078125 0.98556941747665405 -0.10970284044742584 0.886260986328125 0.022468792274594307 0.087210297584533691 22.754371643066406 0.10894002020359039 1.4198802091414109e-05 1.4246718365029665e-06 0.01157864648848772 -7.0284818320942577e-07 -6.6666515863289533e-08 36 22.015623092651367 0.96762371063232422 0.083346247673034668
SN: 1278493 10 0 X2 3 0 35.487361999999997 -6.8297549999999996 0.27340000867843628 0.0010000000474974513 0.27237299084663391 0.0010000000474974513 0.27237296104431152 0.0016189792659133673 0 300 0 0 0.023140715435147285 1 2 16920 -9 -9 0.27340000867843628 0.0010000000474974513 35.487406999999997 -6.8297340000000002 0.17800000309944153 0.23899999260902405 -5.1981334686279297 9.8450002670288086 0.016000000759959221 -9999 -9999 -0.064999997615814209 0.30500000715255737 -9.8850002288818359 0.31123784184455872 1.3320000171661377 -999 23.469999313354492 22.209999084472656 21.600000381469727 21.290000915527344 0.0099999997764825821 0.0099999997764825821 0 0 10.289999961853027 30.860000610351562 51.520000457763672 68.339996337890625 24.968961715698242 23.776510238647461 23.220060348510742 22.913312911987305 57249.28125 45.683750152587891 38.453525543212891 35.485019683837891 118.06700897216797 griz 0 57244.578125 0.9348289966583252 0.19749768078327179 0.31169667840003967 -0.029609229415655136 0.020740021020174026 21.270761489868164 0.043108996003866196 5.5679505749139935e-05 2.2107465156295802e-06 -0.0004629484610632062 3.1291983759729192e-07 -3.5460601566228434e-08 34 29.570133209228516 0.68460559844970703 0.11863856017589569
SN: 1331513 10 0 S2 3 0 41.409587999999999 -0.239845 0.40674999356269836 0.0010000000474974513 0.40572100877761841 0.0010000000474974513 0.40572094917297363 0.0017258878797292709 0 300 0 0 0.02475428394973278 1 1 39507 -9 -9 0.40669998526573181 0.0010000000474974513 41.409466000000002 -0.23980599999999999 0.46200001239776611 0.70099997520446777 -9 9.8710002899169922 0.019999999552965164 -9999 -9999 0.73500001430511475 0.75199997425079346 -9.1090002059936523 0.75286120176315308 0.69800001382827759 -999 23.190000534057617 22.030000686645508 21.690000534057617 21.370000839233398 0.0099999997764825821 0 0 0 12.050000190734863 32.970001220703125 46.970001220703125 60.189998626708984 24.79753303527832 23.704702377319336 23.320449829101562 23.051189422607422 57325.11328125 19.525541305541992 18.484441757202148 14.045269966125488 44.80072021484375 riz 0 57311.6796875 0.59228658676147461 -0.21795615553855896 0.50950050354003906 0.093654371798038483 0.050838932394981384 22.69975471496582 0.054911505430936813 1.4931313671695534e-05 7.5515663411351852e-07 0.0030525070615112782 -1.5147804788284702e-07 -3.015330563016505e-08 34 36.036628723144531 0.37343305349349976 0.3205237090587616
SN: 1346137 10 1 C1 3 0 53.259174000000002 -26.854089999999999 0.36379000544548035 0.0010000000474974513 0.36325699090957642 0.0010000000474974513 0.36325693130493164 0.0016914344159886241 0 300 0 0 0.0075161824934184551 1 2 44801 -9 -9 0.36379998922348022 0.0010000000474974513 53.259073000000001 -26.854085000000001 0.32400000095367432 0.40000000596046448 -4.4046263694763184 9.9040002822875977 0.016000000759959221 -9999 -9999 1.312999963760376 0.14699999988079071 -8.5710000991821289 0.14983324706554413 0.43399998545646667 -999 22 21.129999160766602 20.850000381469727 20.540000915527344 0 0 0 0 37.060001373291016 82.169998168945312 105.09999847412109 136.6300048828125 23.577735900878906 22.713216781616211 22.445993423461914 22.161134719848633 57408.0703125 43.126712799072266 38.115127563476562 25.973474502563477 79.6715087890625 griz 0 57403.17578125 0.50499659776687622 0.81887626647949219 0.46540701389312744 0.032352723181247711 0.024984169751405716 22.029975891113281 0.028739511966705322 2.7670019335346296e-05 7.3242733833467355e-07 0.0049562584608793259 -1.688453323822614e-07 -9.1795460122057193e-09 20 10.786459922790527 0.95157331228256226 0.29349014163017273
SN: 1329615 10 101 X2 3 0 35.442698999999998 -5.6398479999999998 0.40474000573158264 0.0010000000474974513 0.40360000729560852 0.0010000000474974513 0.40359997749328613 0.00172415841370821 0 300 0 0 0.02030550129711628 2 2 22024 -9 -9 0.40470001101493835 0.0010000000474974513 35.442188000000002 -5.6395119999999999 2.1940000057220459 1.5540000200271606 -1.3347229957580566 10.925999641418457 0.079000003635883331 -9999 -9999 0.29499998688697815 10.295000076293945 -10.656000137329102 10.296403884887695 1.4490000009536743 -999 22.940000534057617 21.260000228881836 20.579999923706055 20.229999542236328 0.0099999997764825821 0 0 0 6.4600000381469727 27.180000305175781 49.040000915527344 80.720001220703125 25.474418640136719 23.914377212524414 23.273624420166016 22.732547760009766 57298.3359375 25.343118667602539 19.155353546142578 13.291277885437012 52.006259918212891 riz 0 57305.09375 0.69727754592895508 0.20798076689243317 0.43550276756286621 0.044006984680891037 0.045426882803440094 22.403299331665039 0.052550110965967178 1.9619157683337107e-05 9.4957590590638574e-07 0.0033448822796344757 -1.6490264442836633e-07 -3.4860747177845042e-08 41 38.745983123779297 0.57125937938690186 0.16224722564220428
SN: 1342647 10 0 E2 3 0 10.653181999999999 -44.470635000000001 0.51725000143051147 0.0010000000474974513 0.51618301868438721 0.0010000000474974513 0.51618301868438721 0.0018171073170378804 0 300 0 0 0.0052876975387334824 1 2 43540 -9 -9 0.51730000972747803 0.0010000000474974513 10.65321 -44.470469999999999 0.59899997711181641 0.58300000429153442 -3.6422977447509766 10.074999809265137 0.012000000104308128 -9999 -9999 0.53600001335144043 0.017999999225139618 -9.5369997024536133 0.047539457678794861 0.43700000643730164 -999 23.290000915527344 22.239999771118164 21.829999923706055 21.549999237060547 0.0099999997764825821 0 0 0.0099999997764825821 10.449999809265137 28.930000305175781 38.909999847412109 49.919998168945312 24.95220947265625 23.846628189086914 23.524847030639648 23.254314422607422 57373.0390625 10.515077590942383 8.8274974822998047 8.0999994277954102 28.530715942382812 riz 0 57376 0.60478091239929199 -1.0481077432632446 0.75051999092102051 0.10169663280248642 0.073039427399635315 23.170724868774414 0.08245636522769928 9.6763187684700824e-06 7.3486921792209614e-07 0.017177419736981392 -3.790332812059205e-07 -3.7058690338653832e-08 17 13.412505149841309 0.70816349983215332 0.48679795861244202
SN: 1335854 10 0 C1 3 0 54.311703000000001 -27.683095999999999 0.57927000522613525 0.0010000000474974513 0.57868999242782593 0.0010000000474974513 0.5786900520324707 0.0018696493934839964 0 300 0 0 0.0098277013748884201 1 2 41282 -9 -9 0.57929998636245728 0.0010000000474974513 54.311580999999997 -27.683239 0.64399999380111694 0.87699997425079346 -3.4096033573150635 9.6639995574951172 0.014999999664723873 -9999 -9999 1.3300000429153442 0.35600000619888306 -8.3439998626708984 0.35858750343322754 0.44600000977516174 -999 23.950000762939453 22.889999389648438 22.489999771118164 22.260000228881836 0.019999999552965164 0.0099999997764825821 0.0099999997764825821 0.0099999997764825821 5.3600001335144043 14.350000381469727 19.690000534057617 25.25 25.677087783813477 24.607870101928711 24.264385223388672 23.994346618652344 57345.31640625 11.685811042785645 10.87952995300293 6.8441367149353027 32.603546142578125 riz 0 57343.61328125 0.69529485702514648 1.0248866081237793 0.5953679084777832 0.15297470986843109 0.058876581490039825 23.371137619018555 0.065381661057472229 8.0453446571482345e-06 4.8448049483340583e-07 0.0056875334121286869 -2.0942998446571437e-07 -1.5484115323260994e-08 37 30.566041946411133 0.76347285509109497 0.61377865076065063
SN: 1342810 10 0 X2 3 0 35.030265999999997 -6.42943 0.70231997966766357 0.0010000000474974513 0.70093297958374023 0.0010000000474974513 0.70093297958374023 0.0019740909337997437 0 300 0 0 0.023740345612168312 1 1 43769 -9 -9 0.70230001211166382 0.0010000000474974513 35.029887000000002 -6.4287409999999996 2.8280000686645508 2.3849999904632568 -9 10.968999862670898 0.059000000357627869 -9999 -9999 -1.9930000305175781 2.871999979019165 -12.89799976348877 2.8720085620880127 1.1239999532699585 -999 23.670000076293945 21.889999389648438 20.850000381469727 20.489999771118164 0.019999999552965164 0 0 0 0.18000000715255737 3.6099998950958252 6.5199999809265137 10.060000419616699 27.5 26.106231689453125 25.464380264282227 24.993505477905273 57373.0546875 8.0121393203735352 6.1449871063232422 5.297032356262207 19.04058837890625 riz 0 57378.97265625 0.9242292046546936 -1.4546585083007812 0.82357966899871826 -0.26827704906463623 0.099082194268703461 23.753889083862305 0.082739412784576416 5.6551580200903118e-06 4.3095593582620495e-07 0.015211248770356178 -2.1578534870059229e-07 1.0471348232954369e-09 20 16.969137191772461 0.65497678518295288 1.0172560214996338
SN: 1339220 10 0 C3 3 0 53.665455000000001 -28.183354999999999 0.60052001476287842 0.0010000000474974513 0.59991902112960815 0.0010000000474974513 0.59991908073425293 0.001887632766738534 0 300 0 0 0.0071658478118479252 1 1 42414 -9 -9 0.60049998760223389 0.0010000000474974513 53.665602999999997 -28.182732000000001 2.2899999618530273 1.5809999704360962 -9 10.864999771118164 0.012000000104308128 -9999 -9999 0.9649999737739563 0.017000000923871994 -9.9110002517700195 0.074953317642211914 0.70399999618530273 -999 22.719999313354492 21.659999847412109 20.940000534057617 20.610000610351562 0 0 0 0 6.1500000953674316 15.890000343322754 32.759998321533203 42.880001068115234 25.527812957763672 24.497190475463867 23.711639404296875 23.419363021850586 57365.22265625 39.524383544921875 37.822040557861328 23.418167114257812 80.262664794921875 riz 0 57366.72265625 0.41133791208267212 -0.16711357235908508 0.33784806728363037 0.065785646438598633 0.035330288112163544 23.660860061645508 0.032793682068586349 6.1610685406776611e-06 1.8608950824727799e-07 0.0021768372971564531 -3.9090576109401809e-08 -3.6382199475326615e-09 27 11.933335304260254 0.99454736709594727 0.22625011205673218
SN: 1345458 10 0 C3 3 0 53.130634000000001 -28.877844 0.56932002305984497 0.0010000000474974513 0.56872397661209106 0.0010000000474974513 0.56872391700744629 0.0018612305866554379 0 300 0 0 0.0073331412859261036 1 4 44323 -9 -9 0.56929999589920044 0.0010000000474974513 53.130746000000002 -28.877877999999999 0.37299999594688416 0.45699998736381531 -4.0863246917724609 9.9750003814697266 0.0070000002160668373 -9999 -9999 0.50300002098083496 0.010999999940395355 -9.4770002365112305 0.050219517201185226 0.38299998641014099 -999 23.090000152587891 22.120000839233398 21.729999542236328 21.590000152587891 0 0 0 0 14.210000038146973 33.419998168945312 47.619998931884766 50.669998168945312 24.618515014648438 23.689983367919922 23.305526733398438 23.238122940063477 57401.07421875 40.680782318115234 29.297382354736328 25.396373748779297 73.411857604980469 riz 0 57401.88671875 0.61763888597488403 -0.015157481655478477 0.45471304655075073 0.01478363573551178 0.036794662475585938 23.309301376342773 0.031830668449401855 8.5168521763989702e-06 2.496896627235401e-07 0.0025770722422748804 -4.8744464464789417e-08 -5.3789563914108385e-09 12 2.1969494819641113 0.9990389347076416 0.049537122249603271
SN: 1314847 10 0 X3 3 0 37.032578000000001 -4.6339800000000002 0.52173000574111938 0.0010000000474974513 0.52052700519561768 0.0010000000474974513 0.52052700519561768 0.0018207384273409843 0 300 0 0 0.027528392150998116 1 1 -11001 -9 -9 0.52170002460479736 0.0010000000474974513 37.032767 -4.6337010000000003 1.2139999866485596 0.64600002765655518 -9 11.21399974822998 0.05299999937415123 -9999 -9999 -1.0390000343322754 8.9610004425048828 -12.232000350952148 8.9611692428588867 1.5470000505447388 -999 23.25 21.389999389648438 20.559999465942383 20.079999923706055 0.0099999997764825821 0 0 0 8.4300003051757812 45.290000915527344 104.30000305175781 134.75 25.185430526733398 23.359994888305664 22.454288482666016 22.176177978515625 57297.2578125 15.543243408203125 14.354549407958984 14.002351760864258 46.72760009765625 riz 0 57295.6171875 0.44047257304191589 -1.592249870300293 0.38840460777282715 -0.01938994973897934 0.047497492283582687 23.021139144897461 0.05704014003276825 1.1105664270871785e-05 5.8344619446870638e-07 0.004421931691467762 -1.2051195596995967e-07 -2.1907464287096445e-08 36 17.695291519165039 0.99550426006317139 0.53467094898223877
SN: 1282114 10 0 X1 3 0 35.115901999999998 -4.5332169999999996 0.21881000697612762 0.0010000000474974513 0.21780900657176971 0.0010000000474974513 0.21780896186828613 0.0015764004783704877 0 300 0 0 0.019223229959607124 1 1 14581 -9 -9 0.21879999339580536 0.0010000000474974513 35.116000999999997 -4.5332100000000004 0.3580000102519989 0.41699999570846558 -9 10.189999580383301 0.0099999997764825821 -9999 -9999 0.95499998331069946 0.11400000005960464 -9.2349996566772461 0.115572489798069 0.82099997997283936 -999 20.860000610351562 20.100000381469727 19.600000381469727 19.450000762939453 0 0 0 0 107.06999969482422 224.8699951171875 331.1099853515625 372.8900146484375 22.425830841064453 21.620170593261719 21.200069427490234 21.071048736572266 57257.2578125 25.729742050170898 23.927486419677734 17.969474792480469 66.293502807617188 griz 0 57264.390625 0.22553291916847229 -0.96168142557144165 0.29052501916885376 0.041135769337415695 0.032211624085903168 21.168317794799805 0.052106793969869614 6.1188897234387696e-05 2.9365855880314484e-06 0.0041683558374643326 -6.4778271280374611e-07 -7.2001903106411191e-08 43 22.534286499023438 0.9957316517829895 0.3486555814743042
SN: 1336599 10 0 C3 3 0 52.838634999999996 -27.982700000000001 0.67812597751617432 0.0010000000474974513 0.67747002840042114 0.0010000000474974513 0.67746996879577637 0.0019538835622370243 0 300 0 0 0.0072536319494247437 2 2 376376 -9 -9 0.67809998989105225 0.0010000000474974513 52.838634999999996 -27.982700000000001 0 0 -10.316731452941895 11.324000358581543 0.081000000238418579 -9999 -9999 0.33199998736381531 10.331999778747559 -10.942999839782715 10.332085609436035 1.6069999933242798 -999 -10 -10 -10 -10 -10 -10 -10 -10 2.2999999523162842 15.979999542236328 41.279998779296875 51.110000610351562 26.595680236816406 24.491058349609375 23.460651397705078 23.228734970092773 57355.25390625 19.506803512573242 17.498664855957031 15.935531616210938 53.045509338378906 riz 0 57347.7265625 0.49088874459266663 -0.73880845308303833 0.37026536464691162 0.17843608558177948 0.044787649065256119 24.000631332397461 0.039841696619987488 4.505542619881453e-06 1.6533340385649353e-07 0.0017711592372506857 -3.9222033620944785e-08 -3.2867122357060907e-09 35 56.872043609619141 0.01113854069262743 0.64375472068786621
SN: 1304183 10 0 E2 3 0 9.7637579999999993 -44.235523000000001 0.63617998361587524 0.0010000000474974513 0.63501501083374023 0.0010000000474974513 0.63501501083374023 0.0019175093621015549 0 300 0 0 0.0062396163120865822 2 4 9552 -9 -9 0.63620001077651978 0.0010000000474974513 9.7637239999999998 -44.235546999999997 0.12300000339746475 0.22499999403953552 -4.1206836700439453 9.1090002059936523 0.0070000002160668373 -9999 -9999 0.83600002527236938 0.36899998784065247 -8.300999641418457 0.37736189365386963 -0.11900000274181366 -999 23.870000839233398 23.260000228881836 22.879999160766602 22.870000839233398 0.019999999552965164 0.0099999997764825821 0.0099999997764825821 0.019999999552965164 6.1599998474121094 10.760000228881836 14.920000076293945 15.069999694824219 25.52604866027832 24.920469284057617 24.565578460693359 24.554718017578125 57283.1328125 17.552669525146484 12.157129287719727 8.5150251388549805 36.811927795410156 riz 0 57284.7890625 0.74174129962921143 -0.097801096737384796 0.62804651260375977 -0.093923553824424744 0.053720578551292419 23.195022583007812 0.056910283863544464 9.4621764219482429e-06 4.959723582942388e-07 0.0038920438382774591 -2.0602134043201659e-07 -8.3210904833208588e-09 51 53.623542785644531 0.37401509284973145 0.31477120518684387
SN: 1323349 10 0 X3 3 0 37.200702999999997 -4.2477330000000002 0.50609999895095825 0.0010000000474974513 0.50491100549697876 0.0010000000474974513 0.50491094589233398 0.0018077001441270113 0 300 0 0 0.023163760080933571 1 1 21876 -9 -9 0.50609999895095825 0.0010000000474974513 37.200423999999998 -4.2478699999999998 1.1160000562667847 1.2589999437332153 -9 10.63700008392334 0.010999999940395355 -9999 -9999 0.67400002479553223 0.016000000759959221 -9.9350004196166992 0.036674242466688156 0.7279999852180481 -999 22.590000152587891 21.329999923706055 20.790000915527344 20.340000152587891 0 0 0 0 12.159999847412109 43.490001678466797 68.30999755859375 94.989997863769531 24.787666320800781 23.404026031494141 22.913789749145508 22.555805206298828 57311.16015625 19.215456008911133 17.393287658691406 17.281826019287109 45.236618041992188 riz 0 57303.2265625 0.5372498631477356 -1.0819664001464844 0.4137764573097229 0.056281287223100662 0.050098985433578491 23.280786514282227 0.063501328229904175 8.7434964370913804e-06 5.1137988066329854e-07 0.0042546382173895836 -1.0150591123192498e-07 -2.0761513397360432e-08 35 21.329248428344727 0.96647387742996216 0.40653133392333984
SN: 1342707 10 0 X2 3 0 36.165497000000002 -6.8101260000000003 0.65375000238418579 0.0010000000474974513 0.65243399143218994 0.0010000000474974513 0.65243399143218994 0.0019324033055454493 0 300 0 0 0.027544356882572174 1 2 43796 -9 -9 0.65380001068115234 0.0010000000474974513 36.164762000000003 -6.8099470000000002 2.7049999237060547 2.7420001029968262 -0.19492852687835693 10.890999794006348 0.032000001519918442 -9999 -9999 -2.4790000915527344 1.6660000085830688 -13.329999923706055 1.6663469076156616 1.375 -999 23.879999160766602 22.079999923706055 21.049999237060547 20.670000076293945 0.019999999552965164 0 0 0 0.43999999761581421 1.8700000047683716 5.380000114440918 6.190000057220459 27.5 26.820396423339844 25.673044204711914 25.520772933959961 57385.11328125 9.6661081314086914 9.6371564865112305 8.8596897125244141 27.6258544921875 riz 0 57384.64453125 1.1144126653671265 0.46134001016616821 0.94558745622634888 0.061281520873308182 0.067502841353416443 23.461410522460938 0.065889537334442139 7.4034783210663591e-06 4.4929126374881889e-07 0.020261300727725029 -3.1035543202051485e-07 -1.3567711398820848e-08 17 5.149838924407959 0.9973151683807373 0.25568577647209167
SN: 1330903 10 1 S2 3 0 41.116287 -0.64501799999999998 0.56543999910354614 0.0010000000474974513 0.56428897380828857 0.0010000000474974513 0.56428897380828857 0.0018574891146272421 0 300 0 0 0.028325939550995827 1 1 39339 -9 -9 0.56540000438690186 0.0010000000474974513 41.116756000000002 -0.64516099999999998 1.7660000324249268 2.4130001068115234 -9 10.37600040435791 0.034000001847743988 -9999 -9999 -0.14599999785423279 9.8540000915527344 -10.496000289916992 9.8542013168334961 1.3880000114440918 -999 24.409999847412109 22.659999847412109 21.829999923706055 21.440000534057617 0.029999999329447746 0.0099999997764825821 0 0.0099999997764825821 0.85000002384185791 3.7100000381469727 4.619999885559082 9.8599996566772461 27.5 26.076564788818359 25.838394165039062 25.015308380126953 57303.171875 14.06781005859375 11.751745223999023 8.3641748428344727 33.704250335693359 riz 0 57307.125 1.0214136838912964 0.45479217171669006 0.65570616722106934 -0.060297675430774689 0.058128140866756439 23.104856491088867 0.052483435720205307 1.0281524737365544e-05 4.9699895043886499e-07 0.0038772458210587502 -1.8227282794214261e-07 -1.553281947508367e-08 44 44.252597808837891 0.46097216010093689 0.25175315141677856
SN: 1343208 10 1 C3 3 0 52.846480999999997 -28.544225999999998 0.49557998776435852 0.0010000000474974513 0.49500098824501038 0.0010000000474974513 0.49500095844268799 0.0017994473455473781 0 300 0 0 0.0067232688888907433 1 3 44078 -9 -9 0.49559998512268066 0.0010000000474974513 52.846587999999997 -28.544114 0.52700001001358032 0.53299999237060547 -3.6378390789031982 10.557000160217285 0.023000000044703484 -9999 -9999 0.55299997329711914 0.64800000190734863 -10.003999710083008 0.65145450830459595 1.2209999561309814 -999 23.530000686645508 21.920000076293945 21.200000762939453 20.850000381469727 0.0099999997764825821 0 0 0 9.8299999237060547 43.180000305175781 76.040000915527344 103.34999847412109 25.01861572265625 23.411792755126953 22.797393798828125 22.464223861694336 57389.1640625 46.196731567382812 45.542503356933594 31.407188415527344 111.47528839111328 riz 0 57390.84765625 0.3874090313911438 -0.14886882901191711 0.36407327651977539 0.036507997661828995 0.027108151465654373 22.815265655517578 0.029948785901069641 1.342436735285446e-05 3.7029576560598798e-07 0.0011919669341295958 -7.0770106219697482e-08 -6.757169046522904e-09 17 14.726827621459961 0.61515063047409058 0.13142184913158417
SN: 1339702 10 0 E1 3 0 8.4667150000000007 -42.546692 0.25709998607635498 0.0010000000474974513 0.25616198778152466 0.0010000000474974513 0.25616192817687988 0.0016062530921772122 0 300 0 0 0.0079296566545963287 2 2 43514 -9 -9 0.25709998607635498 0.0010000000474974513 8.4666029999999992 -42.546652000000002 0.33000001311302185 0.35600000619888306 -3.655348539352417 9.8389997482299805 0.0099999997764825821 -9999 -9999 0.64499998092651367 0.46599999070167542 -9.1960000991821289 0.46667012572288513 0.78899997472763062 -999 21.930000305175781 21.120000839233398 20.729999542236328 20.5 0 0 0 0 38.189998626708984 81.980003356933594 110.48000335693359 131.24000549316406 23.545125961303711 22.715730667114258 22.391790390014648 22.204833984375 57376.04296875 21.7730712890625 18.081203460693359 15.807656288146973 61.112037658691406 griz 0 57374.7109375 0.30609345436096191 -1.9221888780593872 0.42134201526641846 0.037953026592731476 0.041452936828136444 21.737741470336914 0.057532329112291336 3.6216224543750286e-05 1.9190699731552741e-06 0.0097588850185275078 -5.3366926522357971e-07 -6.8917884732400125e-08 28 12.265988349914551 0.9956243634223938 0.65309971570968628
SN: 1331836 10 0 X1 3 0 35.063015 -5.1701009999999998 0.35778000950813293 0.0010000000474974513 0.35666701197624207 0.0010000000474974513 0.35666704177856445 0.00168612040579319 0 300 0 0 0.018279341980814934 1 1 39726 -9 -9 0.35780000686645508 0.0010000000474974513 35.063079999999999 -5.1700410000000003 0.31799998879432678 0.21500000357627869 -9 10.652000427246094 0.016000000759959221 -9999 -9999 0.45300000905990601 0.030999999493360519 -10.196000099182129 0.096135318279266357 1.4950000047683716 -999 23.620000839233398 22.049999237060547 21.299999237060547 20.799999237060547 0.019999999552965164 0 0 0 9.119999885559082 37.959999084472656 72.360000610351562 111.06999969482422 25.100013732910156 23.551685333251953 22.851253509521484 22.386007308959961 57325.07421875 26.207239151000977 25.025424957275391 20.558126449584961 81.135047912597656 griz 0 57324.45703125 0.26923045516014099 1.1428295373916626 0.26323753595352173 0.0086679188534617424 0.021104466170072556 21.868322372436523 0.028893707320094109 3.2112289773067459e-05 8.5457509158004541e-07 0.0011177733540534973 -1.5037068124001962e-07 -9.3958698599294621e-09 44 42.213394165039062 0.54843491315841675 0.38203731179237366
SN: 1346149 10 0 C1 3 0 54.035442000000003 -27.193003000000001 0.58493000268936157 0.0010000000474974513 0.58433502912521362 0.0010000000474974513 0.5843350887298584 0.0018744247499853373 0 300 0 0 0.0092719485983252525 1 2 44795 -9 -9 0.58490002155303955 0.0010000000474974513 54.035502000000001 -27.193135999999999 0.51499998569488525 0.56699997186660767 -3.1199605464935303 10.748000144958496 0.032000001519918442 -9999 -9999 -1.2860000133514404 1.371999979019165 -12.034000396728516 1.3741589784622192 1.3799999952316284 -999 23.610000610351562 21.860000610351562 20.989999771118164 20.629999160766602 0.0099999997764825821 0 0 0 7.7800002098083496 38.319999694824219 82.400001525878906 118.12000274658203 25.272550582885742 23.541435241699219 22.710182189941406 22.319190979003906 57394.16015625 16.997089385986328 10.889538764953613 8.2556781768798828 34.940456390380859 riz 0 57392.8125 0.95453989505767822 0.2889212965965271 0.94036585092544556 0.012758621014654636 0.061705008149147034 23.252311706542969 0.054685428738594055 8.9758414105745032e-06 4.5208747678771033e-07 0.014764070510864258 -3.0822815233477741e-07 -1.1950524125836637e-08 19 10.675544738769531 0.93427050113677979 0.10527939349412918
SN: 1281135 10 0 C2 3 0 54.483952000000002 -29.118559000000001 0.65254002809524536 0.0010000000474974513 0.65195298194885254 0.0010000000474974513 0.65195298194885254 0.0019319914281368256 0 300 0 0 0.0089094247668981552 1 5 3546 -9 -9 0.6524999737739563 0.0010000000474974513 54.483775999999999 -29.118592 0.56599998474121094 0.7839999794960022 -2.6415657997131348 9.5200004577636719 0.02199999988079071 -9999 -9999 1.1660000085830688 0 -8.3439998626708984 0.014000000432133675 0.061000000685453415 -999 23.649999618530273 22.809999465942383 22.540000915527344 22.299999237060547 0.0099999997764825821 0.0099999997764825821 0.0099999997764825821 0.0099999997764825821 6.7199997901916504 15.229999542236328 18.889999389648438 24.770000457763672 25.431575775146484 24.543251037597656 24.309419631958008 24.01518440246582 57266.2734375 18.603309631347656 12.846285820007324 11.538613319396973 42.495262145996094 riz 0 57269.65625 0.56296736001968384 0.27527064085006714 0.53316998481750488 -0.27295809984207153 0.044465061277151108 22.770044326782227 0.05332520604133606 1.399530447088182e-05 6.8737000447072205e-07 0.0078869452700018883 -3.0027999287085549e-07 -1.0656358462313165e-08 45 71.330589294433594 0.0074660405516624451 0.91447532176971436
SN: 1275946 10 1 E2 3 0 10.403968000000001 -43.637779000000002 0.23299999535083771 0.0010000000474974513 0.2321150004863739 0.0010000000474974513 0.23211503028869629 0.0015874928794801235 0 300 0 0 0.0083360103890299797 2 2 -2796 -9 -9 0.23299999535083771 0.0010000000474974513 10.404035 -43.637827999999999 0.24799999594688416 0.52799999713897705 -2.8732624053955078 7.9670000076293945 0.12600000202655792 -9999 -9999 -0.55400002002716064 9.4460000991821289 -8.4589996337890625 9.4867172241210938 0.56999999284744263 -999 25.379999160766602 24.860000610351562 24.770000457763672 24.440000534057617 0.059999998658895493 0.05000000074505806 0.070000000298023224 0.079999998211860657 1.559999942779541 2.1400001049041748 3.190000057220459 3.6600000858306885 27.017189025878906 26.673965454101562 26.240524291992188 26.091297149658203 57265.2265625 112.73664855957031 106.35010528564453 82.207366943359375 305.65530395507812 griz 0 57261.62890625 0.21089667081832886 1.8442038297653198 0.19786599278450012 -0.050195112824440002 0.017048979178071022 20.606164932250977 0.023915825411677361 0.00010269136691931635 2.2620124582317658e-06 0.0010003653587773442 -2.8117608508182457e-07 -2.7259128287937529e-08 50 37.361621856689453 0.90678244829177856 0.63709777593612671
SN: 1339703 10 0 E1 3 0 8.4283439999999992 -42.578842000000002 0.49382999539375305 0.0010000000474974513 0.49271601438522339 0.0010000000474974513 0.49271607398986816 0.0017975469818338752 0 300 0 0 0.0076531069353222847 1 1 43484 -9 -9 0.49380001425743103 0.0010000000474974513 8.4283859999999997 -42.578833000000003 0.11699999868869781 0.16099999845027924 -9 10.715999603271484 0.039999999105930328 -9999 -9999 0.15700000524520874 1.9889999628067017 -10.513999938964844 1.9897060394287109 1.2599999904632568 -999 22.709999084472656 20.899999618530273 20.329999923706055 20 0.0099999997764825821 0 0 0 18.010000228881836 93.449996948242188 156.39999389648438 204.39999389648438 24.361215591430664 22.573551177978516 22.014408111572266 21.723796844482422 57372.03515625 18.726512908935547 11.811299324035645 9.2556629180908203 39.936782836914062 riz 0 57380.08203125 0.64449238777160645 -0.56842207908630371 0.5881953239440918 -0.099677346646785736 0.055479027330875397 22.516254425048828 0.056596957147121429 1.7680655219010077e-05 9.21652315355459e-07 0.0088309990242123604 -3.3599579296605953e-07 -3.6148712467820587e-08 20 32.672027587890625 0.036643173545598984 0.38248616456985474
SN: 1317164 10 1 X1 3 0 34.285483999999997 -4.2981730000000002 0.15555000305175781 0.0010000000474974513 0.15458500385284424 0.0010000000474974513 0.15458500385284424 0.0015280201332643628 0 300 0 0 0.018807400017976761 1 1 -11189 -9 -9 0.15559999644756317 0.0010000000474974513 34.285285000000002 -4.2974600000000001 2.6630001068115234 1.3940000534057617 -9 10.815999984741211 0.059999998658895493 -9999 -9999 0.41499999165534973 10.414999961853027 -10.354000091552734 10.415460586547852 1.6349999904632568 -999 20.379999160766602 19.190000534057617 18.600000381469727 18.350000381469727 0 0 0 0 23.469999313354492 67.849998474121094 105.30999755859375 133.89999389648438 24.07371711730957 22.921125411987305 22.443826675415039 22.183048248291016 57297.1640625 66.5736083984375 54.459617614746094 47.229045867919922 144.04786682128906 griz 0 57296.61328125 0.27720707654953003 -2.2288229465484619 0.17502869665622711 0.15300235152244568 0.024876385927200317 20.613895416259766 0.039319682866334915 0.00010196277435170487 3.6925580388924573e-06 0.0013873444404453039 -3.1935584843267861e-07 -7.1953301983285201e-08 35 41.359130859375 0.21272015571594238 0.90114885568618774
SN: 1328103 10 0 E1 3 0 7.2026209999999997 -43.288787999999997 0.57589000463485718 0.0010000000474974513 0.57472199201583862 0.0010000000474974513 0.5747220516204834 0.0018662955844774842 0 300 0 0 0.0049596126191318035 1 1 21704 -9 -9 0.57590001821517944 0.0010000000474974513 7.2032400000000001 -43.288967 1.746999979019165 2.0190000534057617 -9 10.354999542236328 0.010999999940395355 -9999 -9999 0.67000001668930054 0.017000000923871994 -9.6780004501342773 0.025495097041130066 0.5559999942779541 -999 23.149999618530273 22.049999237060547 21.510000228881836 21.129999160766602 0.0099999997764825821 0 0 0 5.0999999046325684 9.9200000762939453 16.559999465942383 16.899999618530273 25.731075286865234 25.008720397949219 24.452348709106445 24.430282592773438 57301.03515625 5.8981409072875977 5.4083118438720703 4.6837821006774902 23.404815673828125 riz 0 57296.00390625 0.9800257682800293 0.32252541184425354 0.69991403818130493 0.0025128761772066355 0.086210459470748901 23.235832214355469 0.10340771824121475 9.1131187218707055e-06 8.6795193965372164e-07 0.014095557853579521 -4.0803118395160709e-07 -4.2130913868732023e-08 47 53.521194458007812 0.23827233910560608 0.10783428698778152
SN: 1346956 10 101 C2 3 0 54.343502000000001 -28.826429000000001 0.33399999141693115 0.0010000000474974513 0.33352100849151611 0.0010000000474974513 0.33352100849151611 0.0016675286460667849 0 300 0 0 0.0093957949429750443 1 1 390089 -9 -9 0.33399999141693115 0.0010000000474974513 54.343564999999998 -28.826453999999998 0.21799999475479126 1.093999981880188 -9 6.9079999923706055 0.28099998831748962 -9999 -9999 -1.3509999513626099 4.0570001602172852 -8.3070001602172852 4.1330099105834961 -0.041000001132488251 -999 27.049999237060547 26.329999923706055 26.260000228881836 26.280000686645508 0.2800000011920929 0.18000000715255737 0.23999999463558197 0.41999998688697815 0.68000000715255737 0.49000000953674316 0.019999999552965164 -0.52999997138977051 27.5 27.5 27.5 27.5 57408.08203125 76.949928283691406 62.263149261474609 39.965263366699219 126.25600433349609 griz 0 57412.66015625 0.42072427272796631 1.4480572938919067 0.55156970024108887 -0.061167310923337936 0.029163245111703873 21.488639831542969 0.046784866601228714 4.55558329122141e-05 1.9630215319921263e-06 0.0078011825680732727 -8.8586961055625579e-07 -3.5943589438147683e-08 12 18.289226531982422 0.10718666017055511 0.52398198843002319
SN: 1279500 10 1 X3 3 0 36.925739 -4.3149259999999998 0.2356799989938736 0.0010000000474974513 0.23469999432563782 0.0010000000474974513 0.23469996452331543 0.0015895026735961437 0 300 0 0 0.022016597911715508 1 2 19471 -9 -9 0.23569999635219574 0.0010000000474974513 36.92597 -4.3152059999999999 1.3040000200271606 1.0900000333786011 -2.884953498840332 9.7080001831054688 0.014000000432133675 -9999 -9999 0.10999999940395355 0.42399999499320984 -9.5950002670288086 0.43040910363197327 0.79400002956390381 -999 22.469999313354492 21.579999923706055 21.209999084472656 20.950000762939453 0 0 0 0 17.170000076293945 37.419998168945312 56.279998779296875 61.180000305175781 24.413074493408203 23.567239761352539 23.124114990234375 23.033475875854492 57253.3515625 166.9031982421875 146.87770080566406 145.75651550292969 455.67507934570312 griz 0 57252.37109375 0.46456250548362732 0.7846723198890686 0.17887994647026062 -0.027755506336688995 0.014334184117615223 20.882955551147461 0.019230911508202553 7.958257629070431e-05 1.4095924143475713e-06 -5.0864648073911667e-05 -1.3787084363059421e-08 -1.3016943078980603e-08 30 19.245561599731445 0.93471658229827881 0.27743816375732422
SN: 1338940 10 0 C3 3 0 52.552920999999998 -27.858481999999999 0.77403998374938965 0.0010000000474974513 0.77333700656890869 0.0010000000474974513 0.77333700656890869 0.002036890247836709 0 300 0 0 0.007070714607834816 1 1 42127 -9 -9 0.77399998903274536 0.0010000000474974513 52.552970000000002 -27.858540000000001 0.26100000739097595 0.39399999380111694 -9 10.015000343322754 0.050999999046325684 -9999 -9999 1.0729999542236328 0.51700001955032349 -8.9250001907348633 0.51904237270355225 0.58099997043609619 -999 24.360000610351562 23.510000228881836 22.75 22.379999160766602 0.0099999997764825821 0.0099999997764825821 0 0.0099999997764825821 3.9000000953674316 9.1099996566772461 18.809999465942383 24.809999465942383 26.0223388671875 25.101203918457031 24.314027786254883 24.013433456420898 57355.25 16.346168518066406 12.103838920593262 10.180968284606934 33.773784637451172 riz 0 57360.26171875 1.0465511083602905 0.5537838339805603 0.71750962734222412 0.29083320498466492 0.062528632581233978 24.684253692626953 0.053855296224355698 2.4004839360713959e-06 1.1907015107226471e-07 0.008501407690346241 -5.9321564549463801e-08 -2.1863642007957651e-09 33 25.509675979614258 0.82093024253845215 0.98686206340789795
SN: 1303910 10 0 E2 3 0 9.1017620000000008 -43.936408999999998 0.68576997518539429 0.0010000000474974513 0.68455499410629272 0.0010000000474974513 0.6845550537109375 0.0019599779043346643 0 300 0 0 0.0062275901436805725 1 1 8479 -9 -9 0.68580001592636108 0.0010000000474974513 9.1015999999999995 -43.936480000000003 0.49300000071525574 0.81300002336502075 -9 9.550999641418457 0.029999999329447746 -9999 -9999 0.1289999932050705 0.05299999937415123 -9.4130001068115234 0.08080841600894928 0.35600000619888306 -999 24.360000610351562 23.700000762939453 23.209999084472656 23.129999160766602 0.029999999329447746 0.019999999552965164 0.019999999552965164 0.019999999552965164 3.809999942779541 7.130000114440918 10.899999618530273 11.310000419616699 26.047687530517578 25.367275238037109 24.90643310546875 24.866344451904297 57278.19140625 8.9346714019775391 8.4179134368896484 7.268526554107666 23.389427185058594 riz 0 57273.84765625 1.4827194213867188 -0.31949472427368164 0.93940490484237671 0.045453205704689026 0.082780741155147552 23.841011047363281 0.066379167139530182 5.2190953283570707e-06 3.1908228947941097e-07 0.013460090383887291 -1.5635569639016467e-07 -1.0331600464041912e-08 55 66.797950744628906 0.1322568953037262 0.18519547581672668
SN: 1341502 10 0 X2 3 0 35.771557000000001 -6.7874629999999998 0.51184999942779541 0.0010000000474974513 0.51063799858093262 0.0010000000474974513 0.51063799858093262 0.0018124770140275359 0 300 0 0 0.020949104800820351 1 1 43772 -9 -9 0.51179999113082886 0.0010000000474974513 35.771662999999997 -6.7873939999999999 0.45199999213218689 0.70899999141693115 -9 10.095999717712402 0.016000000759959221 -9999 -9999 0.13199999928474426 0.027000000700354576 -9.9600000381469727 0.072235725820064545 0.73199999332427979 -999 23.409999847412109 22.239999771118164 21.75 21.440000534057617 0.0099999997764825821 0.0099999997764825821 0 0 9.869999885559082 28.979999542236328 44.25 59.830001831054688 25.01420783996582 23.844753265380859 23.385215759277344 23.057703018188477 57385.11328125 11.365056991577148 11.343643188476562 9.6183948516845703 33.616001129150391 riz 0 57377.3984375 0.66044723987579346 -0.045213416218757629 0.75480186939239502 0.15513873100280762 0.061079062521457672 23.174654006958008 0.069003179669380188 9.6413587016286328e-06 6.1274960216906038e-07 0.014781756326556206 -3.1234327479978674e-07 -2.6966974431275048e-08 19 12.377143859863281 0.86887794733047485 0.51734864711761475
SN: 1339875 10 0 X1 3 0 35.215755999999999 -4.7544420000000001 0.46064001321792603 0.0010000000474974513 0.45944398641586304 0.0010000000474974513 0.45944404602050781 0.0017699773889034986 0 300 0 0 0.019197426736354828 1 2 43707 -9 -9 0.46059998869895935 0.0010000000474974513 35.215052999999997 -4.7544190000000004 2.5250000953674316 1.7549999952316284 -1.8857879638671875 10.475000381469727 0.061000000685453415 -9999 -9999 1.4509999752044678 0.024000000208616257 -8.8620004653930664 0.049244288355112076 0.53899997472763062 -999 23.280000686645508 22.120000839233398 21.530000686645508 21.069999694824219 0.0099999997764825821 0 0 0 4.3400001525878906 11.460000038146973 14.430000305175781 17.600000381469727 25.906274795532227 24.852039337158203 24.601833343505859 24.386219024658203 57379.0625 22.048328399658203 17.421451568603516 11.805473327636719 48.703098297119141 riz 0 57375.55859375 0.45364490151405334 -0.59532099962234497 0.49517172574996948 -0.011033281683921814 0.050836093723773956 22.511236190795898 0.057541418820619583 1.7762564311851747e-05 9.4137340056477115e-07 0.0075199403800070286 -2.8696382514681318e-07 -3.688472105523033e-08 19 15.57608699798584 0.68534737825393677 0.20181961357593536
SN: 1339149 10 1 X2 3 0 35.555027000000003 -5.8717079999999999 0.46998000144958496 0.0010000000474974513 0.46879100799560547 0.0010000000474974513 0.46879100799560547 0.0017777024768292904 0 300 0 0 0.022899622097611427 1 1 43270 -9 -9 0.4699999988079071 0.0010000000474974513 35.555399000000001 -5.8715320000000002 1.4769999980926514 1.4630000591278076 -9 9.7790002822875977 0.017999999225139618 -9999 -9999 1.1690000295639038 0.024000000208616257 -8.564000129699707 0.060926184058189392 0.3580000102519989 -999 23.25 22.229999542236328 21.899999618530273 21.670000076293945 0.0099999997764825821 0.0099999997764825821 0.0099999997764825821 0.0099999997764825821 7.5999999046325684 18.280000686645508 22.020000457763672 28.969999313354492 25.297966003417969 24.345058441162109 24.142955780029297 23.845129013061523 57373.0546875 22.540563583374023 16.230022430419922 11.017862319946289 52.407825469970703 riz 0 57373.9453125 0.44230300188064575 -0.05530833825469017 0.47949916124343872 -0.0018261381192132831 0.043445020914077759 22.606620788574219 0.047612667083740234 1.6268642866634764e-05 7.1342697083309758e-07 0.005072298925369978 -2.1266878036385606e-07 -2.2267915511520187e-08 20 14.371198654174805 0.81118768453598022 0.019415030255913734
SN: 1341423 10 0 E2 3 0 8.3422219999999996 -44.206164999999999 0.59824997186660767 0.0010000000474974513 0.59709799289703369 0.0010000000474974513 0.59709799289703369 0.0018852390348911285 0 300 0 0 0.0065764398314058781 1 1 43548 -9 -9 0.59820002317428589 0.0010000000474974513 8.3422909999999995 -44.205852 1.1419999599456787 1.190000057220459 -9 10.786999702453613 0.046999998390674591 -9999 -9999 0.14300000667572021 10.142999649047852 -10.637999534606934 10.143574714660645 1.5089999437332153 -999 24.090000152587891 22.290000915527344 21.329999923706055 20.870000839233398 0.019999999552965164 0 0 0 3.4700000286102295 14.289999961853027 38.169998168945312 54.189998626708984 26.149175643920898 24.612419128417969 23.545694351196289 23.165203094482422 57373.04296875 14.443710327148438 10.982654571533203 8.4995889663696289 36.846969604492188 riz 0 57377.16796875 0.53289949893951416 -0.21597947180271149 0.5658002495765686 -0.16616633534431458 0.061357684433460236 22.833585739135742 0.059925615787506104 1.3199757631809916e-05 7.2854123800425441e-07 0.012158120051026344 -3.297557782389049e-07 -2.0836289138514985e-08 17 20.948144912719727 0.22861838340759277 0.55854696035385132
SN: 1340141 10 0 S1 3 0 42.731383999999998 0.74183100000000002 0.65522998571395874 0.0010000000474974513 0.6540529727935791 0.0010000000474974513 0.6540529727935791 0.0019337896956130862 0 300 0 0 0.049598421901464462 1 1 42945 -9 -9 0.65520000457763672 0.0010000000474974513 42.731296 0.741842 0.31999999284744263 0.44699999690055847 -9 9.9340000152587891 0.030999999493360519 -9999 -9999 1.3589999675750732 1.0140000581741333 -8.5719995498657227 1.0164827108383179 0.56199997663497925 -999 24.069999694824219 22.979999542236328 22.409999847412109 22.190000534057617 0.019999999552965164 0.0099999997764825821 0.0099999997764825821 0.0099999997764825821 4.3899998664855957 13.960000038146973 21.530000686645508 27.180000305175781 25.893838882446289 24.637786865234375 24.167388916015625 23.914377212524414 57365.125 13.189202308654785 10.377041816711426 8.1909112930297852 26.326837539672852 riz 0 57366.828125 1.2763549089431763 0.8863527774810791 0.89342081546783447 0.03636150062084198 0.068461790680885315 23.560588836669922 0.064423665404319763 6.7571586441772524e-06 4.009453959952225e-07 0.015131606720387936 -2.2750415951122704e-07 -1.2704823859621683e-08 20 20.279239654541016 0.44058826565742493 0.31934604048728943
SN: 1277173 10 0 X1 3 0 34.878901999999997 -4.5087159999999997 0.15035000443458557 0.0010000000474974513 0.149400994181633 0.0010000000474974513 0.14940094947814941 0.00152410170994699 0 300 0 0 0.018532751128077507 1 1 14078 -9 -9 0.15039999783039093 0.0010000000474974513 34.878971 -4.5087020000000004 0.25099998712539673 0.087999999523162842 -9 10.98799991607666 0.045000001788139343 -9999 -9999 0.84799998998641968 7.1360001564025879 -10.109999656677246 7.1370773315429688 1.503000020980835 -999 19.909999847412109 18.780000686645508 18.190000534057617 17.969999313354492 0 0 0 0 261.73001098632812 761.94000244140625 1164.1199951171875 1552.8299560546875 21.455366134643555 20.295198440551758 19.835004806518555 19.522190093994141 57248.421875 72.058029174804688 65.912773132324219 33.565540313720703 152.7020263671875 griz 0 57246.58203125 0.57972961664199829 -1.2899515628814697 0.23718880116939545 -0.078363016247749329 0.021596403792500496 19.920347213745117 0.035549316555261612 0.00019313520169816911 6.3236579990189057e-06 0.00017581845168024302 5.6158291350527634e-09 -8.6726991810337495e-08 25 34.224048614501953 0.10320498794317245 0.50310719013214111
SN: 1275873 10 0 E2 3 0 9.6009720000000005 -44.416794000000003 0.40288001298904419 0.0010000000474974513 0.40188398957252502 0.0010000000474974513 0.40188395977020264 0.001722759916447103 0 300 0 0 0.0067178215831518173 1 1 8589 -9 -9 0.40290001034736633 0.0010000000474974513 9.6010030000000004 -44.416854000000001 0.23000000417232513 0.24199999868869781 -9 10.859999656677246 0.0099999997764825821 -9999 -9999 0.2070000022649765 0.72500002384185791 -10.62600040435791 0.72973555326461792 1.3400000333786011 -999 22.139999389648438 20.479999542236328 19.889999389648438 19.549999237060547 0 0 0 0 30.170000076293945 142.86000061035156 241.41000366210938 317.17001342773438 23.801061630249023 22.112724304199219 21.543111801147461 21.246768951416016 57257.23046875 25.217582702636719 14.866962432861328 9.0210075378417969 41.8961181640625 riz 0 57251.88671875 1.3504444360733032 -1.9341216087341309 0.66520416736602783 0.02036949060857296 0.052461899816989899 22.413463592529297 0.050763197243213654 1.9436349248280749e-05 9.0873936642310582e-07 0.0050217192620038986 -7.8355057553380902e-08 -3.5408504572842503e-08 36 32.383914947509766 0.64131778478622437 0.64827275276184082
SN: 1308916 10 0 C1 3 0 55.022717 -27.152811 0.43819999694824219 0.0010000000474974513 0.43768501281738281 0.0010000000474974513 0.43768501281738281 0.0017520550172775984 0 300 0 0 0.012023092247545719 1 1 738 -9 -9 0.43819999694824219 0.0010000000474974513 55.022606000000003 -27.152871999999999 0.41800001263618469 0.51700001955032349 -9 9.8310003280639648 0.014999999664723873 -9999 -9999 1.2519999742507935 0.023000000044703484 -8.564000129699707 0.043566040694713593 0.35499998927116394 -999 22.590000152587891 21.639999389648438 21.319999694824219 21.079999923706055 0.0099999997764825821 0 0 0 20.670000076293945 50.959999084472656 66.94000244140625 83.779998779296875 24.211648941040039 23.231925964355469 22.935785293579102 22.692150115966797 57286.25390625 12.657390594482422 9.0581188201904297 5.8669066429138184 34.826091766357422 riz 0 57291.09375 0.52803432941436768 -0.85996049642562866 0.51593667268753052 -0.04838956892490387 0.064750857651233673 22.634048461914062 0.081425771117210388 1.5862817235756665e-05 1.1896463547600433e-06 0.0090511050075292587 -4.1501365899421216e-07 -5.6826305439017233e-08 50 44.587760925292969 0.68960708379745483 0.32891860604286194
SN: 1307843 10 0 C3 3 0 52.784644999999998 -28.720317999999999 0.92220002412796021 0.0010000000474974513 0.92145699262619019 0.0010000000474974513 0.92145705223083496 0.002167239086702466 0 300 0 0 0.0081614768132567406 1 2 6126 -9 -9 0.92220002412796021 0.0010000000474974513 52.784731000000001 -28.720337000000001 0.2800000011920929 0.37900000810623169 -4.4052996635437012 9.5760002136230469 0.075999997556209564 -9999 -9999 1.312999963760376 0.69499999284744263 -8.2589998245239258 0.70093226432800293 0.013000000268220901 -999 24.110000610351562 23.829999923706055 23.139999389648438 22.819999694824219 0.0099999997764825821 0.0099999997764825821 0.0099999997764825821 0.0099999997764825821 5.440000057220459 7.0300002098083496 13.819999694824219 16.760000228881836 25.661003112792969 25.382612228393555 24.64872932434082 24.439315795898438 57277.3203125 10.182295799255371 10.110686302185059 -99 21.669363021850586 iz 0 57281.140625 1.5706357955932617 0.67100745439529419 0.82778084278106689 0.16558732092380524 0.16272780299186707 24.722089767456055 0.071025915443897247 2.3182717541203601e-06 1.5165504407832486e-07 0.0068241143599152565 -7.4802862570777506e-08 -3.3489755413285138e-09 30 22.321062088012695 0.84211146831512451 0.59555459022521973
SN: 1281668 10 1 E2 3 0 9.4105299999999996 -43.920338000000001 0.30790999531745911 0.0010000000474974513 0.30696898698806763 0.0010000000474974513 0.30696892738342285 0.0016463437350466847 0 300 0 0 0.0069768265821039677 1 2 8811 -9 -9 0.30790001153945923 0.0010000000474974513 9.4103709999999996 -43.920721 1.437999963760376 1.0429999828338623 -2.5847113132476807 9.9530000686645508 0.0099999997764825821 -9999 -9999 0.83399999141693115 0.020999999716877937 -9.1079998016357422 0.021587032824754715 0.71899998188018799 -999 22.579999923706055 21.639999389648438 21.200000762939453 20.870000839233398 0.0099999997764825821 0 0 0 15.939999580383301 36.830001831054688 53.939998626708984 67.709999084472656 24.493778228759766 23.584495544433594 23.170223236083984 22.923368453979492 57273.31640625 67.478111267089844 62.454563140869141 51.048309326171875 154.51580810546875 griz 0 57271.453125 0.25725644826889038 0.24312563240528107 0.21984347701072693 -0.091719754040241241 0.017460029572248459 21.397027969360352 0.021808881312608719 4.9566555389901623e-05 9.9562964805954834e-07 0.0011695767752826214 -1.2841117325024243e-07 -1.1197087701475539e-08 54 56.529857635498047 0.38068011403083801 0.3162912130355835
SN: 1273127 10 1 E1 3 0 8.5563219999999998 -43.275948 0.19023999571800232 0.0010000000474974513 0.18936599791049957 0.0010000000474974513 0.18936598300933838 0.0015545029891654849 0 300 0 0 0.0069190212525427341 1 1 7778 -9 -9 0.19020000100135803 0.0010000000474974513 8.5564459999999993 -43.276052 0.49599999189376831 0.30899998545646667 -9 10.472000122070312 0.010999999940395355 -9999 -9999 0.61000001430511475 0.31600001454353333 -9.8610000610351562 0.32146072387695312 1.312999963760376 -999 21.110000610351562 19.989999771118164 19.479999542236328 19.090000152587891 0 0 0 0 87.25 238.47999572753906 386.05999755859375 497.5 22.648086547851562 21.556369781494141 21.033363342285156 20.758018493652344 57248.40625 50.287544250488281 48.231277465820312 21.879316329956055 104.11760711669922 griz 0 57246.0390625 0.77779704332351685 -1.9772036075592041 0.38804090023040771 0.01360578928142786 0.026551265269517899 20.909942626953125 0.049378208816051483 7.7628828876186162e-05 3.5304824450577144e-06 0.00078678020508959889 2.142311501529548e-07 -5.7272508513506182e-08 33 16.101278305053711 0.99409753084182739 0.66062647104263306
SN: 1338430 10 1 S2 3 0 40.639319999999998 -1.2546580000000001 0.51829999685287476 0.0010000000474974513 0.51717400550842285 0.0010000000474974513 0.51717400550842285 0.0018179353792220354 0 300 0 0 0.028146013617515564 1 1 42280 -9 -9 0.51829999685287476 0.0010000000474974513 40.639676000000001 -1.254915 1.5809999704360962 1.562000036239624 -9 10.980999946594238 0.029999999329447746 -9999 -9999 0.98900002241134644 0.99500000476837158 -9.9750003814697266 0.99789828062057495 1.2979999780654907 -999 23.120000839233398 21.489999771118164 20.799999237060547 20.350000381469727 0.0099999997764825821 0 0 0 5.619999885559082 22.840000152587891 47.150001525878906 63.619998931884766 25.625659942626953 24.103260040283203 23.316295623779297 22.991016387939453 57365.109375 32.609336853027344 21.97279167175293 20.314077377319336 57.441120147705078 riz 0 57362.609375 0.65117788314819336 0.27463868260383606 0.41860735416412354 -0.055871739983558655 0.04035581648349762 22.594305038452148 0.039647277444601059 1.6454241631436162e-05 6.0085119457653491e-07 0.003248781431466341 -1.1757222040387205e-07 -1.6524522195027203e-08 20 10.797143936157227 0.95131444931030273 0.20752282440662384
SN: 1341459 10 0 X2 3 0 35.725346000000002 -6.3075109999999999 0.5234140157699585 9.9999997473787516e-05 0.52218800783157349 9.9999997473787516e-05 0.52218794822692871 0.0015264824032783508 0 300 0 0 0.024302585050463676 1 2 43799 -9 -9 0.52340000867843628 9.9999997473787516e-05 35.725467999999999 -6.3074500000000002 0.4869999885559082 0.43000000715255737 -4.0877628326416016 11.045999526977539 0.037999998778104782 -9999 -9999 1.1679999828338623 0.5559999942779541 -9.8859996795654297 0.57459640502929688 0.99699997901916504 -999 22.5 21.010000228881836 20.319999694824219 19.979999542236328 0.0099999997764825821 0 0 0 24.989999771118164 97.430000305175781 174.41000366210938 250.1199951171875 24.005584716796875 22.528266906738281 21.896072387695312 21.504629135131836 57389.078125 16.026514053344727 11.734708786010742 10.355830192565918 40.365493774414062 riz 0 57380.1875 0.62278389930725098 -0.3088928759098053 0.62822532653808594 -0.00082813011249527335 0.053225792944431305 22.686185836791992 0.053316734731197357 1.5119102499738801e-05 7.4244661618649843e-07 0.0087733622640371323 -3.0619807489529194e-07 -2.4328413061880383e-08 17 17.2552490234375 0.43720674514770508 0.10300128906965256
SN: 1329168 10 0 C3 3 0 52.656750000000002 -27.635352999999999 0.67716997861862183 0.0010000000474974513 0.67650598287582397 0.0010000000474974513 0.67650604248046875 0.0019530549179762602 0 300 0 0 0.0076602697372436523 2 3 25384 -9 -9 0.67720001935958862 0.0010000000474974513 52.656750000000002 -27.635352999999999 0 0 -9.1126289367675781 10.795000076293945 0.027000000700354576 -9999 -9999 -2.9670000076293945 7.0329999923706055 -13.76099967956543 7.0333685874938965 1.6890000104904175 -999 -10 -10 -10 -10 -10 -10 -10 -10 2.2899999618530273 16.209999084472656 47.25 71.80999755859375 26.600410461425781 24.475542068481445 23.313995361328125 22.859537124633789 57311.234375 35.654148101806641 35.612438201904297 17.910358428955078 65.17242431640625 riz 0 57308.0390625 0.57499134540557861 -0.52818000316619873 0.30290725827217102 -0.11147787421941757 0.040425650775432587 23.305940628051758 0.030742917209863663 8.5432666310225613e-06 2.4190492808884301e-07 0.0037735467776656151 -3.9625202674642424e-08 -3.6122036473074104e-09 22 12.95630931854248 0.93437254428863525 0.41119146347045898
SN: 1332392 10 0 X2 3 0 35.978175999999998 -5.8983619999999997 0.51318001747131348 0.0010000000474974513 0.51196599006652832 0.0010000000474974513 0.51196599006652832 0.001813585520721972 0 300 0 0 0.022371135652065277 1 1 -16901 -9 -9 0.51319998502731323 0.0010000000474974513 35.977939999999997 -5.8982929999999998 0.88099998235702515 0.83300000429153442 -9 10.246000289916992 0.02500000037252903 -9999 -9999 0.54799997806549072 0.013000000268220901 -9.7060003280639648 0.11970797926187515 0.54699999094009399 -999 23.219999313354492 22.049999237060547 21.620000839233398 21.379999160766602 0.0099999997764825821 0 0 0 11.199999809265137 27.690000534057617 45.939998626708984 57.040000915527344 24.876955032348633 23.894191741943359 23.344522476196289 23.109550476074219 57315.19921875 9.8986291885375977 8.7048063278198242 8.5572347640991211 27.497709274291992 riz 0 57316.8828125 0.91079586744308472 -0.52305841445922852 0.7205277681350708 0.13278390467166901 0.073016807436943054 23.330123901367188 0.074931792914867401 8.3550803537946194e-06 5.7662361996335676e-07 0.0029337427113205194 -2.0267805211915402e-07 -2.8008480867924845e-08 41 31.841026306152344 0.84690177440643311 0.47571542859077454
SN: 1335323 10 0 S2 3 0 40.316090000000003 -1.0874999999999999 0.20081000030040741 0.0010000000474974513 0.19991199672222137 0.0010000000474974513 0.19991195201873779 0.0015625973464921117 0 300 0 0 0.026507632806897163 1 2 41439 -9 -9 0.20080000162124634 0.0010000000474974513 40.316136 -1.0875509999999999 0.24899999797344208 0.27500000596046448 -4.772284984588623 10.366000175476074 0.072999998927116394 -9999 -9999 -0.8970000147819519 9.1029996871948242 -11.210000038146973 9.1033697128295898 1.406000018119812 -999 20.979999542236328 19.739999771118164 19.309999465942383 19.020000457763672 0 0 0 0 98.55999755859375 297.45001220703125 433.8599853515625 566.44000244140625 22.5157470703125 21.316465377807617 20.906625747680664 20.617115020751953 57345.23046875 36.974647521972656 36.382827758789062 23.852611541748047 95.893447875976562 griz 0 57339.82421875 0.26030081510543823 -0.64232909679412842 0.21482762694358826 0.21282340586185455 0.022568453103303909 21.163915634155273 0.030570223927497864 6.1437531257979572e-05 1.7298484635830391e-06 0.0011220314772799611 -1.7381803729676903e-07 -3.0486337010415809e-08 29 37.91015625 0.12434715032577515 0.74101781845092773
SN: 1333442 10 0 X3 3 0 36.550358000000003 -4.4176060000000001 0.6934400200843811 0.0010000000474974513 0.69208699464797974 0.0010000000474974513 0.69208693504333496 0.0019664636347442865 0 300 0 0 0.022643504664301872 1 2 40677 -9 -9 0.69340002536773682 0.0010000000474974513 36.550395000000002 -4.4176630000000001 0.2460000067949295 0.19699999690055847 -5.3718428611755371 11.192999839782715 0.028000000864267349 -9999 -9999 -2.1579999923706055 7.8420000076293945 -13.329000473022461 7.8420000076293945 1.5540000200271606 -999 24.149999618530273 22.25 21.020000457763672 20.479999542236328 0.0099999997764825821 0 0 0 4.690000057220459 30.110000610351562 88.580001831054688 135.57000732421875 25.822067260742188 23.80322265625 22.631660461425781 22.169589996337891 57325.08203125 13.362997055053711 10.116445541381836 7.4220795631408691 36.300991058349609 riz 0 57324.03125 0.60976982116699219 -0.98888099193572998 0.54245805740356445 -0.06278720498085022 0.050108369439840317 23.659374237060547 0.054441113024950027 6.1695095610048156e-06 3.0935228778616874e-07 0.0026566640008240938 -1.183892379685858e-07 -2.8797695339477514e-09 38 45.755279541015625 0.1812160313129425 0.39045685529708862
SN: 1334257 10 0 C1 3 0 54.055016000000002 -27.664705000000001 0.68067002296447754 0.0010000000474974513 0.68004500865936279 0.0010000000474974513 0.68004500865936279 0.0019560977816581726 0 300 0 0 0.010295655578374863 1 1 40848 -9 -9 0.68070000410079956 0.0010000000474974513 54.054943999999999 -27.664811 0.44600000977516174 0.46900001168251038 -9 10.840999603271484 0.043000001460313797 -9999 -9999 -0.95200002193450928 9.0480003356933594 -11.784999847412109 9.0490217208862305 1.3170000314712524 -999 24.319999694824219 22.540000915527344 21.489999771118164 21.040000915527344 0.019999999552965164 0.0099999997764825821 0 0 4.119999885559082 21.530000686645508 54.639999389648438 79.349998474121094 25.962757110595703 24.167388916015625 23.156223297119141 22.751132965087891 57329.21484375 14.448600769042969 10.099297523498535 7.0315418243408203 37.016342163085938 riz 0 57337.578125 0.71131348609924316 0.66139090061187744 0.53766733407974243 -0.11767241358757019 0.047763049602508545 23.144741058349609 0.045770715922117233 9.9106900961487554e-06 4.1779890125326347e-07 0.00012803279969375581 -1.5493081662043551e-07 2.6013560749937881e-10 43 44.878974914550781 0.39302358031272888 0.44995275139808655
SN: 1281879 10 0 S2 3 0 41.396968999999999 -1.2166349999999999 0.50656998157501221 0.0010000000474974513 0.50547200441360474 0.0010000000474974513 0.50547194480895996 0.0018081679008901119 0 300 0 0 0.029306527227163315 1 1 12518 -9 -9 0.506600022315979 0.0010000000474974513 41.396855000000002 -1.216815 0.76899999380111694 0.75199997425079346 -9 10.645000457763672 0.014999999664723873 -9999 -9999 0.62699997425079346 0.17599999904632568 -9.9820003509521484 0.18242806196212769 0.86599999666213989 -999 23.110000610351562 21.760000228881836 21.180000305175781 20.809999465942383 0.0099999997764825821 0 0 0 11.760000228881836 42.040000915527344 65.949996948242188 91.160003662109375 24.823982238769531 23.44084358215332 22.951963424682617 22.600488662719727 57265.29296875 10.110087394714355 8.9968900680541992 8.284052848815918 29.53795051574707 riz 0 57262.23046875 0.79566514492034912 1.1029571294784546 0.80190646648406982 0.15962512791156769 0.068258017301559448 22.978261947631836 0.088930420577526093 1.1553013791854028e-05 9.4628364877280546e-07 0.013604470528662205 -5.4208504707276006e-07 -4.4251773800851879e-08 46 33.418357849121094 0.91677355766296387 0.64674681425094604
SN: 1280240 10 1 C2 3 0 55.229565000000001 -28.688652000000001 0.059989999979734421 0.0010000000474974513 0.059624001383781433 0.0010000000474974513 0.059623956680297852 0.0014574984088540077 0 300 0 0 0.010642281733453274 1 1 2289 -9 -9 0.059999998658895493 0.0010000000474974513 55.228673000000001 -28.689131 3.3029999732971191 1.3899999856948853 -9 10.020999908447266 0.016000000759959221 -9999 -9999 0.004999999888241291 4.2579998970031738 -10.020000457763672 4.2594990730285645 1.0740000009536743 -999 19.850000381469727 19.110000610351562 18.700000762939453 18.450000762939453 0 0 0 0 131.41000366210938 212.02000427246094 305.42999267578125 389.02999877929688 22.203428268432617 21.684057235717773 21.2877197265625 21.025043487548828 57276.35546875 432.34896850585938 431.31304931640625 206.38449096679688 924.822265625 gri 0 57257.703125 0.33165895938873291 0.365439772605896 0.16111639142036438 0.038376796990633011 0.019111771136522293 17.997392654418945 0.025993578135967255 0.0011351224966347218 2.717593451961875e-05 0.0007021005148999393 -1.0345563623559428e-06 -4.4326623083179584e-07 20 26.505027770996094 0.14977265894412994 0.17664279043674469
SN: 1283855 10 0 E1 3 0 7.5031410000000003 -43.714291000000003 0.56651002168655396 0.0010000000474974513 0.56536197662353516 0.0010000000474974513 0.56536197662353516 0.0018583941273391247 0 300 0 0 0.0059592160396277905 1 1 6814 -9 -9 0.56650000810623169 0.0010000000474974513 7.5033010000000004 -43.714075000000001 0.88099998235702515 0.65399998426437378 -9 10.939000129699707 0.037999998778104782 -9999 -9999 1.1419999599456787 0.98900002241134644 -9.8000001907348633 0.99637442827224731 1.2779999971389771 -999 23.739999771118164 22.010000228881836 21.120000839233398 20.649999618530273 0.019999999552965164 0 0 0 7.190000057220459 34.110000610351562 73.629997253417969 109.61000061035156 25.358177185058594 23.667795181274414 22.832363128662109 22.400375366210938 57273.09765625 11.360599517822266 8.9390401840209961 6.3400344848632812 31.985185623168945 riz 0 57266.2734375 0.57092225551605225 -0.89409333467483521 0.60468095541000366 -0.2216920405626297 0.066708818078041077 22.787343978881836 0.062314998358488083 1.3774076251138467e-05 7.9055257629079279e-07 0.007548806257545948 -3.3360589668518514e-07 -2.1912738290552625e-08 48 41.345054626464844 0.74037224054336548 0.79680877923965454
SN: 1329622 10 0 X2 3 0 35.499457999999997 -6.2285389999999996 0.48726999759674072 0.0010000000474974513 0.4860680103302002 0.0010000000474974513 0.4860680103302002 0.0017920228419825435 0 300 0 0 0.022992869839072227 1 2 21861 -9 -9 0.48730000853538513 0.0010000000474974513 35.499200000000002 -6.2286109999999999 0.95999997854232788 1.2660000324249268 -2.68863844871521 9.8710002899169922 0.041999999433755875 -9999 -9999 0.8880000114440918 0.79600000381469727 -8.9250001907348633 0.79782956838607788 0.58399999141693115 -999 23.700000762939453 22.450000762939453 22.059999465942383 21.829999923706055 0.019999999552965164 0.0099999997764825821 0.0099999997764825821 0.0099999997764825821 4.8000001907348633 16.75 23.600000381469727 25.840000152587891 25.796895980834961 24.439962387084961 24.067720413208008 23.969268798828125 57304.1953125 12.511192321777344 8.5371818542480469 7.663581371307373 24.340038299560547 riz 0 57299.18359375 1.0874426364898682 0.0057635437697172165 0.67571878433227539 0.070342250168323517 0.087835483253002167 22.847332000732422 0.10568935424089432 1.3033680261287373e-05 1.2687439721048577e-06 0.014914382249116898 -4.7211972287186654e-07 -8.4161804636551096e-08 23 23.598419189453125 0.42631620168685913 0.23448202013969421
SN: 1333489 10 0 C3 3 0 52.939652000000002 -28.331986000000001 0.68243998289108276 0.0010000000474974513 0.68178898096084595 0.0010000000474974513 0.68178892135620117 0.0019575976766645908 0 300 0 0 0.0076056495308876038 2 2 -15732 -9 -9 0.68239998817443848 0.0010000000474974513 52.939812000000003 -28.331917000000001 0.56499999761581421 0.61400002241134644 -2.8581793308258057 10.920999526977539 0.014000000432133675 -9999 -9999 0.56699997186660767 3.8499999046325684 -10.354000091552734 3.8500747680664062 1.5230000019073486 -999 24.559999465942383 22.659999847412109 21.450000762939453 20.979999542236328 0.019999999552965164 0 0 0 3.4900000095367432 19.420000076293945 55.439998626708984 80.550003051757812 26.142936706542969 24.279376983642578 23.14044189453125 22.734836578369141 57325.18359375 17.037681579589844 13.864953994750977 11.604068756103516 47.106243133544922 riz 0 57331.78125 0.5410149097442627 -0.8036532998085022 0.339373379945755 -0.080136694014072418 0.043907869607210159 23.785078048706055 0.038566559553146362 5.4950101002759766e-06 1.951888748408237e-07 0.0039332122541964054 -4.2143810219386069e-08 -3.6201666109292319e-09 40 39.748359680175781 0.48146834969520569 0.37830725312232971
SN: 1302110 10 0 E1 3 0 7.3241740000000002 -43.248089 0.45458999276161194 0.0010000000474974513 0.45351201295852661 0.0010000000474974513 0.45351195335388184 0.0017650827066972852 0 300 0 0 0.0058124437928199768 1 1 7106 -9 -9 0.4546000063419342 0.0010000000474974513 7.3245490000000002 -43.248327000000003 1.3049999475479126 1.406000018119812 -9 10.579000473022461 0.012000000104308128 -9999 -9999 0.78899997472763062 0.289000004529953 -9.7849998474121094 0.29279685020446777 0.83399999141693115 -999 22.420000076293945 21.170000076293945 20.719999313354492 20.299999237060547 0.0099999997764825821 0 0 0 12.939999580383301 38.389999389648438 53.060001373291016 84.120002746582031 24.720165252685547 23.539455413818359 23.188081741333008 22.687751770019531 57283.09765625 11.868825912475586 8.4542064666748047 6.1860594749450684 26.420446395874023 riz 0 57279.109375 1.1818585395812988 0.78235524892807007 0.74758362770080566 0.12301319092512131 0.074496954679489136 23.049114227294922 0.078252874314785004 1.0823165212059394e-05 7.8006405601627193e-07 -0.0047346893697977066 -2.2666726806619408e-07 -3.8596457585526878e-08 44 35.017704010009766 0.83129823207855225 0.48594743013381958
SN: 1334647 10 0 X2 3 0 35.948376000000003 -7.0332509999999999 0.7447199821472168 0.0010000000474974513 0.74332797527313232 0.0010000000474974513 0.74332797527313232 0.0020107831805944443 0 300 0 0 0.023091970011591911 1 1 -16969 -9 -9 0.74470001459121704 0.0010000000474974513 35.947861000000003 -7.0340309999999997 3.3580000400543213 3.2839999198913574 -9 9.7559995651245117 0.028999999165534973 -9999 -9999 1.3839999437332153 0.3449999988079071 -8.3509998321533203 0.35757657885551453 0.27000001072883606 -999 24.299999237060547 23.600000381469727 23.010000228881836 22.719999313354492 0.029999999329447746 0.019999999552965164 0.0099999997764825821 0.019999999552965164 -0.18999999761581421 -0.87000000476837158 0.090000003576278687 0.25999999046325684 27.5 27.5 27.5 27.5 57327.0703125 9.5441627502441406 7.0740523338317871 5.2499666213989258 24.99652099609375 riz 0 57330.76171875 1.0351983308792114 1.2641117572784424 0.75243502855300903 -0.19858963787555695 0.071492657065391541 23.612926483154297 0.071884103119373322 6.4391633713967167e-06 4.2632223085092846e-07 0.0079740323126316071 -2.4130696374413674e-07 6.1555149866165948e-10 41 47.618450164794922 0.22134554386138916 0.7846982479095459
SN: 1335259 10 0 C1 3 0 54.514609999999998 -27.69791 0.72763997316360474 0.0010000000474974513 0.72701197862625122 0.0010000000474974513 0.72701191902160645 0.0019966349937021732 0 300 0 0 0.0096895806491374969 1 4 40860 -9 -9 0.72759997844696045 0.0010000000474974513 54.514758999999998 -27.697821000000001 0.57200002670288086 0.87099999189376831 -3.0775277614593506 10.652999877929688 0.028000000864267349 -9999 -9999 -0.75199997425079346 4.9260001182556152 -11.387999534606934 4.9278221130371094 1.2960000038146973 -999 24.709999084472656 22.879999160766602 21.780000686645508 21.360000610351562 0.029999999329447746 0.0099999997764825821 0 0 2.5999999046325684 15.390000343322754 40.529998779296875 57.889999389648438 26.462566375732422 24.531904220581055 23.480558395385742 23.093490600585938 57345.31640625 8.0360889434814453 6.0798835754394531 4.0533671379089355 19.940732955932617 riz 0 57338.3515625 1.0779012441635132 -0.91619056463241577 0.85861063003540039 -0.18239009380340576 0.086496308445930481 23.837404251098633 0.081880301237106323 5.2364684961503372e-06 3.9490589642809937e-07 0.0022426885552704334 -2.0744307960285369e-07 8.3441680231999271e-09 42 39.677642822265625 0.57340782880783081 0.68036097288131714
SN: 1338959 10 0 X2 3 0 36.407950999999997 -6.4624569999999997 0.46283000707626343 0.0010000000474974513 0.46167001128196716 0.0010000000474974513 0.46167004108428955 0.0017718157032504678 0 300 0 0 0.029167266562581062 1 1 42507 -9 -9 0.46279999613761902 0.0010000000474974513 36.407966000000002 -6.4622979999999997 0.57700002193450928 0.61900001764297485 -9 10.026000022888184 0.014000000432133675 -9999 -9999 1.2790000438690186 0.032000001519918442 -8.7130002975463867 0.043185647577047348 0.44999998807907104 -999 22.860000610351562 21.75 21.329999923706055 21.110000610351562 0.0099999997764825821 0 0 0 16.729999542236328 46.150001525878906 62.650001525878906 82.660003662109375 24.441259384155273 23.339570999145508 23.007698059082031 22.706760406494141 57373.0546875 28.344350814819336 19.930803298950195 14.845577239990234 62.099403381347656 riz 0 57364.08984375 0.51860165596008301 1.3396842479705811 0.49732190370559692 0.11706894636154175 0.038668043911457062 22.585319519042969 0.043826356530189514 1.6590975064900704e-05 6.6970409307032241e-07 0.0042962213046848774 -1.9203842782644642e-07 -1.9584303956321492e-08 26 27.821771621704102 0.36728423833847046 0.59303998947143555
SN: 1303883 10 1 E2 3 0 8.8632749999999998 -44.917099 0.25993001461029053 0.0010000000474974513 0.25903999805450439 0.0010000000474974513 0.25903999805450439 0.0016085078241303563 0 300 0 0 0.010010464116930962 1 1 9501 -9 -9 0.25990000367164612 0.0010000000474974513 8.8624390000000002 -44.917166999999999 2.1459999084472656 1.4110000133514404 -9 9.9560003280639648 0.0020000000949949026 -9999 -9999 -1.659000039100647 0.40299999713897705 -11.602999687194824 0.40498024225234985 0.7929999828338623 -999 21.819999694824219 20.389999389648438 19.819999694824219 19.409999847412109 0 0 0 0 17.149999618530273 48.299999237060547 76.900001525878906 102.19999694824219 24.414339065551758 23.290132522583008 22.785182952880859 22.476371765136719 57283.1328125 67.984550476074219 59.129383087158203 40.601226806640625 155.09182739257812 griz 0 57286.1640625 0.17966032028198242 0.76868045330047607 0.168691486120224 -0.0033512385562062263 0.016771525144577026 21.084648132324219 0.023467233404517174 6.6090731706935912e-05 1.4284930784924654e-06 0.00059404043713584542 -1.4155243377445004e-07 -1.6073091302359899e-08 54 52.116302490234375 0.54736888408660889 0.2564702033996582
SN: 1339232 10 0 C3 3 0 52.908130999999997 -27.227523999999999 0.96937000751495361 0.0010000000474974513 0.96859300136566162 0.0010000000474974513 0.96859300136566162 0.0022091923747211695 0 300 0 0 0.0068536391481757164 1 2 42836 -9 -9 0.96939998865127563 0.0010000000474974513 52.908352999999998 -27.227751999999999 1.0850000381469727 0.78299999237060547 -3.0459964275360107 11.793000221252441 0.018999999389052391 -9999 -9999 1.440000057220459 0.37099999189376831 -10.364999771118164 0.38640004396438599 1.5 -999 25.079999923706055 23.340000152587891 22.110000610351562 21.190000534057617 0.029999999329447746 0.0099999997764825821 0 0 2.3199999332427979 10.920000076293945 36.490001678466797 78.639999389648438 26.586280822753906 24.904443740844727 23.594566345214844 22.760890960693359 57378.140625 22.69328498840332 13.757673263549805 -99 38.68499755859375 iz 0 57372.62890625 1.0577530860900879 0.92529296875 0.69050741195678711 0.10052642226219177 0.10592882335186005 24.155139923095703 0.05206632986664772 3.9079068301361986e-06 1.8740313123544183e-07 0.02094576507806778 -8.6854427649996069e-08 -1.3986548030864299e-10 15 23.462944030761719 0.074793115258216858 0.45542693138122559
SN: 1336957 10 0 C3 3 0 53.080478999999997 -28.460851999999999 0.83030998706817627 0.0010000000474974513 0.82960802316665649 0.0010000000474974513 0.82960796356201172 0.0020861288066953421 0 300 0 0 0.0068627889268100262 2 3 41768 -9 -9 0.830299973487854 0.0010000000474974513 53.080536000000002 -28.461002000000001 0.57099997997283936 0.60900002717971802 -2.88462233543396 11.156000137329102 0.035999998450279236 -9999 -9999 -0.014000000432133675 9.9860000610351562 -11.210000038146973 9.9865732192993164 1.534000039100647 -999 25.059999465942383 23.040000915527344 21.709999084472656 21.040000915527344 0.019999999552965164 0 0 0 2.3199999332427979 14.130000114440918 48.069999694824219 84.300003051757812 26.586280822753906 24.624645233154297 23.295314788818359 22.685430526733398 57349.2421875 20.455011367797852 12.444650650024414 9.7634286880493164 39.742473602294922 riz 0 57351.61328125 0.67598617076873779 -0.33866569399833679 0.51218664646148682 0.2101382315158844 0.054683223366737366 24.292572021484375 0.047926537692546844 3.4432700886100065e-06 1.5199273661892221e-07 0.0050229029729962349 -5.5560597900239372e-08 -1.0741876277364781e-09 39 26.977378845214844 0.9272606372833252 0.70949918031692505
SN: 1331887 10 0 X3 3 0 36.783710999999997 -5.4685420000000002 0.78539001941680908 0.0010000000474974513 0.7839769721031189 0.0010000000474974513 0.78397703170776367 0.0020461725071072578 0 300 0 0 0.023822471499443054 1 2 -15924 -9 -9 0.78539997339248657 0.0010000000474974513 36.783811999999998 -5.46861 0.43500000238418579 0.33799999952316284 -4.3049235343933105 11.291000366210938 0.017000000923871994 -9999 -9999 0.9779999852180481 0 -10.309000015258789 0.086000002920627594 0.93599998950958252 -999 23.219999313354492 22.340000152587891 21.360000610351562 20.739999771118164 0.0099999997764825821 0 0 0 11.890000343322754 30.649999618530273 71.980003356933594 115.26999664306641 24.812046051025391 23.783924102783203 22.856969833374023 22.345708847045898 57311.13671875 13.140255928039551 8.4672565460205078 8.1687250137329102 27.424444198608398 riz 0 57310.2109375 1.0789783000946045 -1.219944953918457 0.66325831413269043 0.073923200368881226 0.076272204518318176 24.010093688964844 0.060968037694692612 4.4664511733571999e-06 2.5080748855543789e-07 0.019447121769189835 -9.6603386623428378e-08 -1.1525350451790928e-08 42 38.347797393798828 0.63205558061599731 0.47547981142997742
SN: 1257605 10 0 C3 3 0 52.446269999999998 -27.333341999999998 0.74605000019073486 0.0010000000474974513 0.74534898996353149 0.0010000000474974513 0.74534893035888672 0.0020125380251556635 0 300 0 0 0.0086187627166509628 1 2 5097 -9 -9 0.74610000848770142 0.0010000000474974513 52.446148999999998 -27.333338000000001 0.38600000739097595 0.40999999642372131 -4.4247212409973145 10.659000396728516 0.0080000003799796104 -9999 -9999 0.032999999821186066 0.36500000953674316 -10.638999938964844 0.36989864706993103 0.98900002241134644 -999 23.860000610351562 22.360000610351562 21.409999847412109 20.909999847412109 0.0099999997764825821 0 0 0 6.4800000190734863 25.770000457763672 62.069999694824219 88.040000915527344 25.471061706542969 23.972213745117188 23.017795562744141 22.638299942016602 56607.27734375 19.072757720947266 15.618160247802734 12.30134391784668 53.705028533935547 riz 0 56615.9921875 0.57950383424758911 1.490025520324707 0.51888430118560791 0.043858528137207031 0.040166623890399933 23.727884292602539 0.044572740793228149 5.7922316045733169e-06 2.3778855506861873e-07 0.0062689948827028275 -9.7747040683771047e-08 -3.6447480589174575e-09 47 49.067169189453125 0.39021944999694824 0.51774436235427856
SN: 1252199 10 0 C3 3 0 53.223419 -27.416074999999999 0.60559999942779541 0.0010000000474974513 0.60497701168060303 0.0010000000474974513 0.60497701168060303 0.0018919274443760514 0 300 0 0 0.0060633439570665359 1 1 3915 -9 -9 0.60559999942779541 0.0010000000474974513 53.223193000000002 -27.415642999999999 1.7150000333786011 0.85000002384185791 -9 10.831999778747559 0.010999999940395355 -9999 -9999 1.2450000047683716 0.14599999785423279 -9.5959997177124023 0.15248607099056244 1.0039999485015869 -999 23.930000305175781 22.610000610351562 21.829999923706055 21.389999389648438 0.0099999997764825821 0 0 0 5.75 16.200000762939453 29.280000686645508 38.680000305175781 25.600830078125 24.476211547851562 23.833572387695312 23.531284332275391 56575.22265625 29.712200164794922 28.930170059204102 25.181737899780273 83.0877685546875 riz 0 56575.671875 0.38137847185134888 0.021291177719831467 0.28748628497123718 0.14160524308681488 0.030671685934066772 23.624277114868164 0.026689257472753525 6.3721963670104742e-06 1.5663951558053668e-07 0.000628750363830477 -2.3032161067249035e-08 -2.7493152199298265e-09 42 32.611503601074219 0.85042190551757812 0.47207081317901611
SN: 1288083 10 0 X2 3 0 35.58334 -6.6137810000000004 0.23147000372409821 0.0010000000474974513 0.23047800362110138 0.0010000000474974513 0.23047804832458496 0.0015862210420891643 0 300 0 0 0.022123148664832115 1 2 16588 -9 -9 0.23149999976158142 0.0010000000474974513 35.583373999999999 -6.6137009999999998 0.31400001049041748 0.28700000047683716 -4.4251646995544434 10.057999610900879 0.054000001400709152 -9999 -9999 -0.55900001525878906 9.4409999847412109 -10.656000137329102 9.44293212890625 1.3630000352859497 -999 22.340000152587891 21.069999694824219 20.549999237060547 20.290000915527344 0 0 0 0 26.579999923706055 87.620002746582031 138.03999328613281 176.57000732421875 23.93861198425293 22.643491744995117 22.149988174438477 21.882707595825195 56690.0390625 72.020736694335938 52.631435394287109 36.540580749511719 118.82810974121094 griz 0 56685.30859375 0.44483482837677002 -2.4099104404449463 0.46978285908699036 -0.097415059804916382 0.03220541775226593 20.950246810913086 0.045373339205980301 7.4799951107706875e-05 3.1259191928256769e-06 0.0057806465774774551 -6.8118072249490069e-07 -5.6259036540495799e-08 14 8.0943632125854492 0.88435214757919312 0.86645108461380005
SN: 1254356 10 0 X2 3 0 35.395763000000002 -7.2209099999999999 0.35238000750541687 0.0010000000474974513 0.35128998756408691 0.0010000000474974513 0.35128998756408691 0.00168179115280509 0 300 0 0 0.023305675014853477 1 2 16770 -9 -9 0.35240000486373901 0.0010000000474974513 35.395867000000003 -7.2210869999999998 0.73799997568130493 0.60100001096725464 -3.846571683883667 10.248000144958496 0.014999999664723873 -9999 -9999 1.9240000247955322 0.29699999094009399 -8.300999641418457 0.29699999094009399 0.42399999499320984 -999 21.799999237060547 20.879999160766602 20.540000915527344 20.309999465942383 0 0 0 0 44.979999542236328 104.18000030517578 133.72999572753906 178.74000549316406 23.367450714111328 22.455539703369141 22.184429168701172 21.86944580078125 56575.125 30.769577026367188 24.522703170776367 20.866798400878906 62.181358337402344 griz 0 56576.53125 0.38088291883468628 -0.45859670639038086 0.32625842094421387 0.0032731022220104933 0.026841470971703529 22.156293869018555 0.033890370279550552 2.463103191985283e-05 7.6883759447810007e-07 0.0029616858810186386 -1.3877071580736811e-07 -1.2894730616608285e-08 43 42.263572692871094 0.50311136245727539 0.153254434466362
SN: 1254000 10 0 C2 3 0 53.674315999999997 -29.564550000000001 0.53355997800827026 0.0010000000474974513 0.53299897909164429 0.0010000000474974513 0.53299903869628906 0.0018311806488782167 0 300 0 0 0.0091429892927408218 1 1 2876 -9 -9 0.53359997272491455 0.0010000000474974513 53.674154000000001 -29.564305999999998 1.0130000114440918 0.90100002288818359 -9 10.314000129699707 0.010999999940395355 -9999 -9999 0.66100001335144043 0.017999999225139618 -9.6510000228881836 0.051264021545648575 0.52300000190734863 -999 23 21.879999160766602 21.409999847412109 21.200000762939453 0.0099999997764825821 0 0 0 10.970000267028809 31.920000076293945 47.380001068115234 66.230003356933594 24.899482727050781 23.739843368530273 23.311012268066406 22.947362899780273 56575.18359375 12.855348587036133 8.9179039001464844 7.921417236328125 26.457527160644531 riz 0 56577.5 0.92998921871185303 -0.36420044302940369 0.7680477499961853 0.15555773675441742 0.074516743421554565 23.66871452331543 0.071656465530395508 6.1166551859059837e-06 4.0368729514739243e-07 0.0063562262803316116 -1.4132942283140437e-07 -1.8669963353090679e-08 35 37.427398681640625 0.35829430818557739 0.53254765272140503
SN: 1260459 10 0 X3 3 0 35.911957000000001 -5.0291439999999996 0.85824000835418701 0.0010000000474974513 0.85674101114273071 0.0010000000474974513 0.85674095153808594 0.0021099972072988749 0 300 0 0 0.022270586341619492 1 2 19090 -9 -9 0.85820001363754272 0.0010000000474974513 35.911777999999998 -5.0293929999999998 1.1009999513626099 0.94800001382827759 -2.9991726875305176 11.180000305175781 0.008999999612569809 -9999 -9999 1.3860000371932983 0.16599999368190765 -9.7849998474121094 0.17225562036037445 1.1469999551773071 -999 24.729999542236328 23.559999465942383 22.430000305175781 21.889999389648438 0.019999999552965164 0.0099999997764825821 0 0 1.8899999856948853 5.0100002288818359 11.439999580383301 20.659999847412109 26.808845520019531 25.750406265258789 24.853935241699219 24.212173461914062 56640.0703125 19.207704544067383 14.598623275756836 -99 41.6280517578125 iz 0 56637.12109375 0.79965990781784058 -0.15905497968196869 0.63769912719726562 0.076850250363349915 0.092627882957458496 24.000631332397461 0.046721946448087692 4.5055498958390672e-06 1.9388508576412278e-07 -5.031484761275351e-05 -7.2254501048973907e-08 -7.2629120495548705e-09 17 16.518106460571289 0.48744800686836243 0.26159650087356567
SN: 1261579 10 1 X3 3 0 36.119594999999997 -4.9673109999999996 0.32319998741149902 0.0010000000474974513 0.32213601469993591 0.0010000000474974513 0.3221360445022583 0.001658426015637815 0 300 0 0 0.025166446343064308 1 1 -1238 -9 -9 0.32319998741149902 0.0010000000474974513 36.120187999999999 -4.9664299999999999 3.8190000057220459 2.5239999294281006 -9 11.220999717712402 0.028000000864267349 -9999 -9999 0.31000000238418579 0.22100000083446503 -10.968000411987305 0.2626880407333374 1.4010000228881836 -999 21.549999237060547 19.920000076293945 19.270000457763672 19.049999237060547 0 0 0 0 3.8599998950958252 16.889999389648438 24.350000381469727 31.319999694824219 26.033531188964844 24.430925369262695 24.03375244140625 23.760444641113281 56636.15234375 108.46287536621094 100.26095581054688 71.750389099121094 296.387451171875 griz 0 56638.50390625 0.18748107552528381 -0.21826183795928955 0.14437645673751831 -0.0015441555297002196 0.016214780509471893 21.613323211669922 0.02207627147436142 4.0613562305225059e-05 8.2579549598449375e-07 0.00060852908063679934 -6.560331655691698e-08 -9.6006296246287093e-09 32 22.642562866210938 0.88925290107727051 0.072935789823532104
SN: 1253406 10 0 S2 3 0 41.886279999999999 -0.62997300000000001 0.36228999495506287 0.0010000000474974513 0.36130601167678833 0.0010000000474974513 0.36130595207214355 0.0016898601315915585 0 300 0 0 0.032376997172832489 1 2 12330 -9 -9 0.36230000853538513 0.0010000000474974513 41.886305999999998 -0.62994799999999995 0.12999999523162842 0.15899999439716339 -5.185765266418457 10.215999603271484 0.098999999463558197 -9999 -9999 -1.8949999809265137 8.1049995422363281 -12.034000396728516 8.1057062149047852 1.4670000076293945 -999 23.530000686645508 21.860000610351562 21.319999694824219 21.049999237060547 0.0099999997764825821 0 0 0 9.2600002288818359 43.299999237060547 71.650001525878906 93.55999755859375 25.083473205566406 23.408781051635742 22.861959457397461 22.572275161743164 56559.20703125 17.225330352783203 11.32411003112793 9.5791912078857422 34.519229888916016 grz 0 56554.921875 0.42893129587173462 -1.3124849796295166 0.47362780570983887 0.061765916645526886 0.051762118935585022 22.514442443847656 0.058022968471050262 1.7710190149955451e-05 9.4645258741365978e-07 0.0069882217794656754 -3.2078193612505856e-07 -1.7365351823173114e-08 29 49.145809173583984 0.011144877411425114 0.48351946473121643
SN: 1252917 10 0 X3 3 0 37.300167000000002 -4.7189759999999996 0.694100022315979 0.0010000000474974513 0.69276899099349976 0.0010000000474974513 0.69276905059814453 0.0019670515321195126 0 300 0 0 0.028994696214795113 1 1 20031 -9 -9 0.694100022315979 0.0010000000474974513 37.300175000000003 -4.7189810000000003 0.035000000149011612 0.037000000476837158 -9 11.404999732971191 0.027000000700354576 -9999 -9999 0.35699999332427979 0 -11.020999908447266 0.10899999737739563 1.3389999866485596 -999 23.979999542236328 22.219999313354492 20.959999084472656 20.520000457763672 0.0099999997764825821 0 0 0 6.7100000381469727 33.159999847412109 90.889999389648438 144.86000061035156 25.433193206787109 23.698463439941406 22.603710174560547 22.097629547119141 56568.1484375 14.353781700134277 13.268739700317383 8.8137083053588867 34.202018737792969 riz 0 56565.375 0.9677048921585083 -1.8126592636108398 0.56731164455413818 -0.028701562434434891 0.062339246273040771 23.935619354248047 0.046723529696464539 4.7835683290031739e-06 2.058558976614222e-07 0.004695545881986618 -5.0811305385423111e-08 -3.1187967763912638e-09 35 35.936805725097656 0.42441973090171814 0.611747145652771
SN: 1264077 10 0 S1 3 0 41.938251999999999 -0.055709000000000002 0.56572002172470093 0.0010000000474974513 0.56458801031112671 0.0010000000474974513 0.56458806991577148 0.0018577413866296411 0 300 0 0 0.0399310402572155 1 1 21123 -9 -9 0.5656999945640564 0.0010000000474974513 41.938271 -0.0557 0.075999997556209564 0.079000003635883331 -9 10.102999687194824 0.016000000759959221 -9999 -9999 0.31400001049041748 0.027000000700354576 -9.7589998245239258 0.043416585773229599 0.6119999885559082 -999 23.739999771118164 22.620000839233398 22.049999237060547 21.790000915527344 0.0099999997764825821 0.0099999997764825821 0.0099999997764825821 0.0099999997764825821 7.369999885559082 21.649999618530273 34.299999237060547 47.880001068115234 25.331331253051758 24.161355972290039 23.661764144897461 23.299613952636719 56660.06640625 10.943442344665527 7.7654209136962891 7.3025617599487305 23.297304153442383 riz 0 56665.26953125 1.0632691383361816 0.45109033584594727 0.93697220087051392 0.063263252377510071 0.086049512028694153 23.440690994262695 0.084228754043579102 7.5461166488821618e-06 5.8540922509564552e-07 0.0092690084129571915 -3.3737978810677305e-07 -2.5571999628937192e-08 23 29.587045669555664 0.16162696480751038 0.25899514555931091
SN: 1258529 10 0 X3 3 0 35.700446999999997 -4.6581570000000001 0.82542002201080322 0.0010000000474974513 0.82393902540206909 0.0010000000474974513 0.82393908500671387 0.0020811520516872406 0 300 0 0 0.021246524527668953 1 1 19348 -9 -9 0.82539999485015869 0.0010000000474974513 35.70064 -4.658347 0.97299998998641968 0.85799998044967651 -9 10.873000144958496 0.0080000003799796104 -9999 -9999 1.1829999685287476 0.16300000250339508 -9.6780004501342773 0.16592167317867279 1.184999942779541 -999 24.670000076293945 23.590000152587891 22.569999694824219 22.090000152587891 0.019999999552965164 0.0099999997764825821 0 0 3.2100000381469727 7.9800000190734863 19.389999389648438 29.659999847412109 26.233737945556641 25.244993209838867 24.281055450439453 23.819572448730469 56608.20703125 8.1115341186523438 7.252418041229248 4.5099329948425293 20.907783508300781 riz 0 56611.4296875 1.2333524227142334 -1.1171478033065796 0.85416126251220703 0.1426192969083786 0.108821801841259 24.593330383300781 0.083348400890827179 2.6101633920916356e-06 2.0037367676195572e-07 0.018611563369631767 -1.1636973340500845e-07 -6.495588955601761e-09 31 20.151706695556641 0.9324955940246582 0.60388052463531494
SN: 1249371 10 0 S2 3 0 41.362918999999998 -0.25362499999999999 0.45190998911857605 0.0010000000474974513 0.45084699988365173 0.0010000000474974513 0.45084702968597412 0.0017628858331590891 0 300 0 0 0.02392866462469101 1 2 12155 -9 -9 0.45190000534057617 0.0010000000474974513 41.362904999999998 -0.253585 0.15099999308586121 0.14699999988079071 -5.7030324935913086 10.684000015258789 0.026000000536441803 -9999 -9999 0.82999998331069946 0.32199999690055847 -9.8360004425048828 0.33380833268165588 0.87000000476837158 -999 22.590000152587891 21.200000762939453 20.680000305175781 20.399999618530273 0.0099999997764825821 0 0 0 25 86.269996643066406 132.89999389648438 188.86000061035156 24.005149841308594 22.660350799560547 22.191188812255859 21.809650421142578 56547.23046875 13.505498886108398 8.939061164855957 -99 31.63629150390625 ri 0 56543.0390625 0.84883952140808105 -0.22453421354293823 0.78083765506744385 0.08358176052570343 0.085090354084968567 23.027549743652344 0.062915749847888947 1.104028160625603e-05 6.3975721786846407e-07 0.0035770258400589228 -2.499418769730255e-07 -3.4863695930198446e-08 22 14.489325523376465 0.88320660591125488 0.2884838879108429
SN: 1266634 10 0 S1 3 0 42.452862000000003 -0.70216900000000004 0.4992699921131134 0.0010000000474974513 0.49820199608802795 0.0010000000474974513 0.49820196628570557 0.0018021112773567438 0 300 0 0 0.046341173350811005 1 1 11638 -9 -9 0.49930000305175781 0.0010000000474974513 42.452820000000003 -0.70216400000000001 0.15199999511241913 0.18600000441074371 -9 9.5139999389648438 0.026000000536441803 -9999 -9999 1.2619999647140503 0.45399999618530273 -8.1979999542236328 0.45622473955154419 0.32400000095367432 -999 23.739999771118164 22.75 22.440000534057617 22.200000762939453 0.019999999552965164 0.0099999997764825821 0.0099999997764825821 0.0099999997764825821 6.9699997901916504 17 22.149999618530273 29.280000686645508 25.391918182373047 24.423877716064453 24.136566162109375 23.833572387695312 56683.046875 13.791265487670898 11.086786270141602 9.9142179489135742 33.044189453125 riz 0 56680.92578125 0.92309308052062988 1.4240574836730957 0.96898365020751953 0.062551610171794891 0.062164679169654846 22.971466064453125 0.067469201982021332 1.1625548722804524e-05 7.2242823989654426e-07 0.012303422205150127 -4.0298414205608424e-07 -3.0689360386304543e-08 14 11.367291450500488 0.65697187185287476 0.51846033334732056
SN: 1260954 10 0 E2 3 0 9.8585779999999996 -44.263458 0.699940025806427 0.0010000000474974513 0.69873100519180298 0.0010000000474974513 0.6987309455871582 0.0019721912685781717 0 300 0 0 0.0064936545677483082 1 5 9561 -9 -9 0.69989997148513794 0.0010000000474974513 9.8581529999999997 -44.263215000000002 1.4029999971389771 1.5970000028610229 -1.9366238117218018 9.7259998321533203 0.035000000149011612 -9999 -9999 0.29399999976158142 0.24199999868869781 -9.4130001068115234 0.39960980415344238 0.45199999213218689 -999 24.430000305175781 23.639999389648438 23.030000686645508 22.879999160766602 0.029999999329447746 0.0099999997764825821 0.0099999997764825821 0.019999999552965164 1.7100000381469727 4.0300002098083496 8.3500003814697266 9.1700000762939453 26.917509078979492 25.986736297607422 25.195783615112305 25.094076156616211 56635.08984375 10.19929313659668 7.8743329048156738 6.8048877716064453 24.151409149169922 riz 0 56632.171875 1.1354806423187256 0.39959341287612915 0.79222136735916138 0.13312877714633942 0.078713983297348022 23.649116516113281 0.076014339923858643 6.2280660131364129e-06 4.3603807853287435e-07 0.014186290092766285 -2.4006965304579353e-07 -1.3213270477763217e-08 31 35.167373657226562 0.27721595764160156 0.46332156658172607
SN: 1257335 10 0 C1 3 0 54.795670000000001 -27.395337999999999 0.48464000225067139 0.0010000000474974513 0.48410499095916748 0.0010000000474974513 0.48410499095916748 0.0017903930274769664 0 300 0 0 0.011810809373855591 1 1 75 -9 -9 0.4846000075340271 0.0010000000474974513 54.795918 -27.395206999999999 0.92299997806549072 1.0659999847412109 -9 10.064000129699707 0.017000000923871994 -9999 -9999 1.378000020980835 0.035000000149011612 -8.6660003662109375 0.04482186958193779 0.42500001192092896 -999 22.579999923706055 21.530000686645508 21.239999771118164 20.860000610351562 0 0 0 0 18.129999160766602 43.340000152587891 67.209999084472656 85.349998474121094 24.354005813598633 23.407777786254883 22.931415557861328 22.671991348266602 56614.07421875 13.630094528198242 9.7165546417236328 6.8954873085021973 32.904239654541016 riz 0 56613.83203125 0.56091082096099854 -0.34193724393844604 0.59383994340896606 0.037418253719806671 0.063920885324478149 22.98358154296875 0.08005513995885849 1.1496555998746771e-05 8.4768146280111978e-07 0.012315994128584862 -3.5148337929058471e-07 -4.0923151090055399e-08 36 22.996816635131836 0.95429837703704834 0.16896207630634308
SN: 1259667 10 0 C3 3 0 52.068931999999997 -27.355460999999998 0.65938997268676758 0.0010000000474974513 0.65871298313140869 0.0010000000474974513 0.65871298313140869 0.0019377825083211064 0 300 0 0 0.0080583048984408379 2 6 4365 -9 -9 0.65939998626708984 0.0010000000474974513 52.069094 -27.355250999999999 0.9179999828338623 1.1749999523162842 -0.4210684597492218 10.095000267028809 0.017000000923871994 -9999 -9999 0.66299998760223389 0.31099998950958252 -9.4449996948242188 0.34230104088783264 0.68599998950958252 -999 24.25 23.079999923706055 22.350000381469727 21.959999084472656 0.0099999997764825821 0 0 0 4.2800002098083496 11.920000076293945 23.639999389648438 33.310001373291016 25.921390533447266 24.809309005737305 24.065881729125977 23.693563461303711 56636.0546875 20.301351547241211 12.342597007751465 11.926594734191895 43.273555755615234 riz 0 56634.63671875 0.68173849582672119 -0.65723377466201782 0.46726763248443604 0.066351279616355896 0.045378401875495911 24.093420028686523 0.043116439133882523 4.1364905882801395e-06 1.6426710658379307e-07 0.0049649039283394814 -4.9715055183696677e-08 -3.6377811873933297e-09 36 19.356569290161133 0.98938888311386108 0.31130647659301758
SN: 1258500 10 0 X3 3 0 36.695393000000003 -5.0425409999999999 0.49502000212669373 0.0010000000474974513 0.49383300542831421 0.0010000000474974513 0.49383306503295898 0.0017984759761020541 0 300 0 0 0.023782342672348022 1 1 19845 -9 -9 0.49500000476837158 0.0010000000474974513 36.695436000000001 -5.0424860000000002 0.25200000405311584 0.29800000786781311 -9 10.043999671936035 0.057000000029802322 -9999 -9999 1.1790000200271606 0.78600001335144043 -8.7919998168945312 0.78687036037445068 0.47600001096725464 -999 23.139999389648438 21.989999771118164 21.620000839233398 21.309999465942383 0.0099999997764825821 0 0 0 12.939999580383301 38.439998626708984 55.979999542236328 68.760002136230469 24.720165252685547 23.538042068481445 23.129917144775391 22.906660079956055 56627.0703125 51.357662200927734 39.324272155761719 36.766860961914062 98.859672546386719 riz 0 56619.55078125 0.38513478636741638 1.4225099086761475 0.32578158378601074 0.16446113586425781 0.035256184637546539 22.947446823120117 0.046532534062862396 1.1885605090355966e-05 5.0939382845172076e-07 0.0034159317146986723 -1.0625977608924586e-07 -1.4607340226291399e-08 29 20.324817657470703 0.88254368305206299 0.72482031583786011
SN: 1253997 10 0 C2 3 0 55.035342999999997 -29.436558000000002 0.59134000539779663 0.0010000000474974513 0.59079301357269287 0.0010000000474974513 0.59079301357269287 0.001879893708974123 0 300 0 0 0.010924479924142361 1 2 2948 -9 -9 0.59130001068115234 0.0010000000474974513 55.035518000000003 -29.436643 0.62599998712539673 1.0210000276565552 -2.2254092693328857 10.392999649047852 0.035999998450279236 -9999 -9999 -0.1080000028014183 2.4760000705718994 -10.513999938964844 2.4778993129730225 1.3270000219345093 -999 24.25 22.520000457763672 21.700000762939453 21.329999923706055 0.019999999552965164 0.0099999997764825821 0 0 4.2600002288818359 20.860000610351562 46.509998321533203 64.889999389648438 25.926475524902344 24.201713562011719 23.331134796142578 22.969554901123047 56567.2109375 15.346430778503418 12.617654800415039 8.8609695434570312 36.35107421875 riz 0 56569.32421875 0.77145099639892578 -2.0079185962677002 0.60356354713439941 -0.077546440064907074 0.062873974442481995 23.210657119750977 0.050905331969261169 9.3268972705118358e-06 4.372966486698715e-07 0.0060342508368194103 -1.3642981855355174e-07 -1.382316305864606e-08 39 40.940883636474609 0.38533905148506165 0.71748650074005127
SN: 1256596 10 0 C3 3 0 52.929065999999999 -27.730841000000002 0.6820330023765564 0.0010000000474974513 0.68137598037719727 0.0010000000474974513 0.68137598037719727 0.0019572426099330187 0 300 0 0 0.0071212947368621826 1 3 6057 -9 -9 0.68199998140335083 0.0010000000474974513 52.929001 -27.730847000000001 0.20800000429153442 0.23299999535083771 -4.5137972831726074 10.277999877929688 0.017000000923871994 -9999 -9999 0.034000001847743988 0.19599999487400055 -10.253000259399414 0.22574321925640106 1.0110000371932983 -999 24.799999237060547 23.649999618530273 22.809999465942383 22.389999389648438 0.019999999552965164 0.0099999997764825821 0 0.0099999997764825821 2.6600000858306885 7.7399997711181641 17.190000534057617 23.059999465942383 26.437795639038086 25.278148651123047 24.411809921264648 24.092851638793945 56607.21484375 23.355861663818359 13.906716346740723 13.786988258361816 55.104537963867188 riz 0 56607.01953125 0.54907810688018799 0.39268714189529419 0.33358895778656006 0.0043611009605228901 0.035920757800340652 23.733854293823242 0.033201791346073151 5.7604743233241607e-06 1.761551970957953e-07 0.0016450752737000585 -3.6571794481687903e-08 -2.2781836417351542e-09 42 34.604557037353516 0.78403037786483765 0.13170047104358673
SN: 1256570 10 0 C3 3 0 52.585506000000002 -27.807054999999998 0.3460099995136261 0.0010000000474974513 0.34547701478004456 0.0010000000474974513 0.34547698497772217 0.0016771178925409913 0 300 0 0 0.0068813497200608253 1 1 4311 -9 -9 0.34599998593330383 0.0010000000474974513 52.585506000000002 -27.807024999999999 0.1080000028014183 0.13500000536441803 -9 10.286999702453613 0.035999998450279236 -9999 -9999 0.086999997496604919 8.7309999465942383 -10.196000099182129 8.7312126159667969 1.5099999904632568 -999 22.909999847412109 21.350000381469727 20.790000915527344 20.389999389648438 0 0 0 0 16.100000381469727 67.5 112.55000305175781 141.28999328613281 24.482934951782227 22.926740646362305 22.371635437011719 22.124721527099609 56602.2734375 74.844032287597656 72.670631408691406 36.486907958984375 159.88638305664062 griz 0 56602 0.26735207438468933 -1.4548755884170532 0.16951163113117218 -0.0049138469621539116 0.017539497464895248 22.163324356079102 0.020241385325789452 2.4472041332046501e-05 4.5623238520420273e-07 0.00047968796570785344 -3.0246777527054292e-08 -5.061250973881215e-09 44 30.381309509277344 0.94098043441772461 0.4852350652217865
SN: 1253972 10 0 C3 3 0 53.201866000000003 -27.904430000000001 0.8409000039100647 0.0010000000474974513 0.84019100666046143 0.0010000000474974513 0.84019100666046143 0.0020954287610948086 0 300 0 0 0.0066583608277142048 1 2 5955 -9 -9 0.8409000039100647 0.0010000000474974513 53.201965000000001 -27.904451999999999 0.32499998807907104 0.36700001358985901 -4.4930739402770996 10.491000175476074 0.098999999463558197 -9999 -9999 1.840999960899353 0.90200001001358032 -8.555999755859375 0.90355575084686279 0.47499999403953552 -999 23.819999694824219 22.969999313354492 22.100000381469727 21.680000305175781 0.0099999997764825821 0 0 0 7.4000000953674316 16.389999389648438 36.759998321533203 49.889999389648438 25.326921463012695 24.463552474975586 23.58656120300293 23.254966735839844 56579.3359375 23.287225723266602 15.338624000549316 -99 44.888031005859375 iz 0 56579.3046875 0.6696467399597168 -1.6405599117279053 0.45710325241088867 0.15855897963047028 0.097949683666229248 24.158113479614258 0.042295705527067184 3.8972157199168578e-06 1.5181909418515716e-07 -0.007273335475474596 -2.4254955377500664e-08 -6.1614611190918822e-09 35 47.294841766357422 0.080222420394420624 0.76052111387252808
SN: 1287437 10 0 C2 3 0 55.153247999999998 -28.954432000000001 0.33726999163627625 0.0010000000474974513 0.33680900931358337 0.0010000000474974513 0.33680903911590576 0.0016701628919690847 0 300 0 0 0.011419420130550861 1 2 2739 -9 -9 0.33730000257492065 0.0010000000474974513 55.153213999999998 -28.954495999999999 0.25299999117851257 0.17299999296665192 -5.2253427505493164 11.307000160217285 0.017000000923871994 -9999 -9999 1.1660000085830688 0.028000000864267349 -10.13700008392334 0.042520582675933838 1.4720000028610229 -999 21.139999389648438 19.709999084472656 19.200000762939453 18.850000381469727 0 0 0 0 87.669998168945312 348.1300048828125 544.8599853515625 662.15997314453125 22.642871856689453 21.145647048950195 20.659286499023438 20.447593688964844 56681.125 22.293289184570312 14.738081932067871 7.1839957237243652 39.018074035644531 giz 0 56677.4609375 0.68859767913818359 1.1369152069091797 0.88891398906707764 0.064996056258678436 0.045553408563137054 22.068042755126953 0.068906038999557495 2.6716683350969106e-05 1.6955691535258666e-06 0.018184773623943329 -7.3648715215313132e-07 -3.2531602300878149e-08 12 13.040400505065918 0.36611104011535645 0.43652984499931335
SN: 1259511 10 0 X3 3 0 36.733383000000003 -3.742845 0.32815998792648315 0.0010000000474974513 0.32709899544715881 0.0010000000474974513 0.32709896564483643 0.0016623905394226313 0 300 0 0 0.024014610797166824 1 1 17861 -9 -9 0.32820001244544983 0.0010000000474974513 36.732695999999997 -3.7427039999999998 2.5179998874664307 1.7730000019073486 -9 10.824000358581543 0.061999998986721039 -9999 -9999 -0.25299999117851257 8.8970003128051758 -11.130000114440918 8.8988819122314453 1.2749999761581421 -999 22.020000457763672 20.340000152587891 19.75 19.5 0 0 0 0 6.7600002288818359 20.260000228881836 33.520000457763672 45.020000457763672 25.425132751464844 24.233402252197266 23.686740875244141 23.366485595703125 56627.16015625 141.17599487304688 125.09511566162109 101.061767578125 296.11532592773438 griz 0 56631.890625 0.2448921799659729 0.21457922458648682 0.15623252093791962 -0.091453328728675842 0.01514124870300293 21.569423675537109 0.019525924697518349 4.2289328121114522e-05 7.6053305519963033e-07 0.00037975620944052935 -5.1649276855414428e-08 -6.9923125067816727e-09 32 43.950027465820312 0.077624067664146423 0.3131231963634491
SN: 1263369 10 1 S1 3 0 43.229519000000003 -0.54182300000000005 0.31343001127243042 0.0010000000474974513 0.31251201033592224 0.0010000000474974513 0.31251204013824463 0.001650753547437489 0 300 0 0 0.056573309004306793 1 1 11119 -9 -9 0.31340000033378601 0.0010000000474974513 43.229356000000003 -0.54130299999999998 1.9620000123977661 1.1670000553131104 -9 10.477999687194824 0.010999999940395355 -9999 -9999 1.0549999475479126 0.24099999666213989 -9.380000114440918 0.24182845652103424 0.96299999952316284 -999 22.629999160766602 21.489999771118164 20.899999618530273 20.5 0.0099999997764825821 0 0 0 15.859999656677246 45.619998931884766 71.19000244140625 92.25 24.499242782592773 23.35211181640625 22.868951797485352 22.587583541870117 56669.046875 50.807209014892578 47.012992858886719 25.213813781738281 103.77638244628906 griz 0 56665.9375 0.25289863348007202 0.27297079563140869 0.25313624739646912 -0.071241945028305054 0.019737936556339264 21.474462509155273 0.027880778536200523 4.6154582378221676e-05 1.1852102943521459e-06 0.0016675780061632395 -1.877947823913928e-07 -1.4913313250985993e-08 28 32.263999938964844 0.26390093564987183 0.2543083131313324
SN: 1250017 10 1 S1 3 0 43.193733000000002 -0.12748100000000001 0.18298999965190887 0.0010000000474974513 0.18216100335121155 0.0010000000474974513 0.18216097354888916 0.0015489899087697268 0 300 0 0 0.048700418323278427 1 2 10265 -9 -9 0.18299999833106995 0.0010000000474974513 43.193950000000001 -0.12765399999999999 0.99800002574920654 1.0099999904632568 -2.5133075714111328 8.8489999771118164 0.023000000044703484 -9999 -9999 0.2720000147819519 0.98799997568130493 -8.4890003204345703 0.98964285850524902 0.46700000762939453 -999 23.020000457763672 22.440000534057617 22.200000762939453 22.129999160766602 0.0099999997764825821 0.0099999997764825821 0.0099999997764825821 0.0099999997764825821 13.439999580383301 23.969999313354492 28.049999237060547 30.840000152587891 24.679000854492188 24.050830841064453 23.880168914794922 23.777214050292969 56551.234375 134.07209777832031 125.04864501953125 75.599555969238281 368.65985107421875 griz 0 56553.984375 0.15441715717315674 1.004749059677124 0.1751592755317688 -0.11280674487352371 0.016408994793891907 20.040546417236328 0.0252394899725914 0.00017289462266489863 4.0191825974034145e-06 0.00070444867014884949 -4.4648848529504903e-07 -4.5032336970507458e-08 44 48.143611907958984 0.3088320791721344 0.50354927778244019
SN: 1258433 10 0 X3 3 0 37.153702000000003 -4.7837680000000002 0.61571997404098511 0.0010000000474974513 0.61444699764251709 0.0010000000474974513 0.61444699764251709 0.0018999784952029586 0 300 0 0 0.033009335398674011 1 1 17936 -9 -9 0.61570000648498535 0.0010000000474974513 37.153905999999999 -4.7836280000000002 0.8880000114440918 1.0410000085830688 -9 9.5670003890991211 0.019999999552965164 -9999 -9999 -0.017000000923871994 0.017999999225139618 -9.5659999847412109 0.045694638043642044 0.45899999141693115 -999 24.659999847412109 23.729999542236328 23.25 23.020000457763672 0.019999999552965164 0.0099999997764825821 0.0099999997764825821 0.0099999997764825821 2.4700000286102295 6.320000171661377 11.279999732971191 11.079999923706055 26.518257141113281 25.498207092285156 24.869228363037109 24.888650894165039 56608.20703125 23.057260513305664 20.153196334838867 -99 49.173568725585938 ri 0 56609.6953125 0.65322959423065186 1.0381171703338623 0.4905356764793396 -0.036469325423240662 0.069103829562664032 23.488187789916992 0.049398839473724365 7.2231227932206821e-06 3.2863772503333166e-07 0.0087102334946393967 -1.1736074156942777e-07 -9.0472340730229917e-09 16 18.015752792358398 0.32297530770301819 0.36677095293998718
SN: 1255735 10 0 X3 3 0 36.338856 -4.3952939999999998 0.36572998762130737 0.0010000000474974513 0.36463400721549988 0.0010000000474974513 0.36463403701782227 0.0016925459494814277 0 300 0 0 0.021380452439188957 1 1 19240 -9 -9 0.36570000648498535 0.0010000000474974513 36.338850000000001 -4.3952289999999996 0.23299999535083771 0.32499998807907104 -9 8.2799997329711914 0.035000000149011612 -9999 -9999 -0.2460000067949295 0.36500000953674316 -8.5030002593994141 0.40697050094604492 -0.15800000727176666 -999 24.639999389648438 23.959999084472656 23.969999313354492 23.709999084472656 0.019999999552965164 0.0099999997764825821 0.019999999552965164 0.019999999552965164 3.0299999713897705 6.0900001525878906 6.1100001335144043 6.9600000381469727 26.296394348144531 25.538455963134766 25.534896850585938 25.393476486206055 56592.109375 61.949592590332031 56.073013305664062 37.795661926269531 143.32723999023438 gri 0 56596.39453125 0.2932363748550415 -0.28053560853004456 0.19051326811313629 0.067469775676727295 0.019485071301460266 22.258066177368164 0.023304305970668793 2.242711343569681e-05 4.8137690100702457e-07 9.6652529464336112e-06 -4.9860645390253922e-08 -4.4797232590099156e-09 25 13.061374664306641 0.97574019432067871 0.24356546998023987
SN: 1255730 10 0 X3 3 0 36.651786999999999 -4.5407570000000002 0.69242000579833984 0.0010000000474974513 0.69107097387313843 0.0010000000474974513 0.6910710334777832 0.0019655884243547916 0 300 0 0 0.023926109075546265 1 2 19851 -9 -9 0.69239997863769531 0.0010000000474974513 36.651899 -4.5407739999999999 0.40599998831748962 0.63899999856948853 -3.2136588096618652 9.7209997177124023 0.019999999552965164 -9999 -9999 1.440000057220459 0.29300001263618469 -8.2530002593994141 0.29643550515174866 0.37299999594688416 -999 24.010000228881836 23.180000305175781 22.639999389648438 22.440000534057617 0.0099999997764825821 0 0.0099999997764825821 0.0099999997764825821 5.4600000381469727 12.399999618530273 19.440000534057617 23.170000076293945 25.657018661499023 24.766445159912109 24.27825927734375 24.087684631347656 56580.15625 13.602863311767578 11.781767845153809 -99 28.201631546020508 ri 0 56584.046875 0.83669686317443848 0.043336056172847748 0.62272453308105469 0.021280819550156593 0.091024473309516907 24.182252883911133 0.063735626637935638 3.8115235838631634e-06 2.2374666741598048e-07 -0.00027197800227440894 -8.9048093343535584e-08 3.5096281436608479e-09 21 20.88117790222168 0.46622106432914734 0.072391942143440247
SN: 1260113 10 0 X1 3 0 33.601855999999998 -5.2470080000000001 0.35583001375198364 0.0010000000474974513 0.35468900203704834 0.0010000000474974513 0.35468900203704834 0.0016845271456986666 0 300 0 0 0.016302555799484253 1 3 15258 -9 -9 0.35580000281333923 0.0010000000474974513 33.601911999999999 -5.246937 0.32400000095367432 0.17399999499320984 -5.3272829055786133 11.045000076293945 0.010999999940395355 -9999 -9999 1.2489999532699585 0.019999999552965164 -9.7849998474121094 0.038587562739849091 1.2580000162124634 -999 22.549999237060547 20.950000762939453 20.190000534057617 19.819999694824219 0.0099999997764825821 0 0 0 25.309999465942383 112.05000305175781 215.02000427246094 317.66000366210938 23.991769790649414 22.376470565795898 21.668804168701172 21.245094299316406 56635.05859375 18.144207000732422 12.887697219848633 11.501116752624512 31.761812210083008 griz 0 56632.1015625 0.78352546691894531 -1.2823526859283447 0.53879052400588989 0.25779712200164795 0.051632784307003021 22.728588104248047 0.066116668283939362 1.4540006304741837e-05 8.854239013089682e-07 0.0094965612515807152 -2.0751629392634641e-07 -3.1153550850149259e-08 33 44.884387969970703 0.081230349838733673 0.95976632833480835
SN: 1265832 10 0 E2 3 0 9.5493419999999993 -43.431038000000001 0.39978000521659851 0.0010000000474974513 0.39876401424407959 0.0010000000474974513 0.39876401424407959 0.0017202186863869429 0 300 0 0 0.0049634985625743866 1 1 8580 -9 -9 0.39980000257492065 0.0010000000474974513 9.549474 -43.430714999999999 1.2139999866485596 1.1490000486373901 -9 10.788000106811523 0.071000002324581146 -9999 -9999 -0.083999998867511749 9.9160003662109375 -10.949000358581543 9.9185523986816406 1.2920000553131104 -999 22.409999847412109 20.809999465942383 20.200000762939453 19.930000305175781 0.0099999997764825821 0 0 0 18.469999313354492 74.30999755859375 145.89999389648438 176.25 24.333831787109375 22.822381973266602 22.089862823486328 21.884677886962891 56675.0625 10.069309234619141 7.9996705055236816 5.7949099540710449 21.924592971801758 riz 0 56674.9375 0.80190712213516235 -0.94871598482131958 0.91399574279785156 0.11002007871866226 0.091899916529655457 22.869285583496094 0.099903956055641174 1.2772799891536124e-05 1.1752885029636673e-06 0.0070918840356171131 -4.1553863638910116e-07 -2.351966443825404e-08 12 11.093053817749023 0.52096128463745117 0.48425242304801941
SN: 1253358 10 0 S2 3 0 41.259746999999997 -0.885598 0.71505802869796753 0.00011999999696854502 0.71380198001861572 0.00011999999696854502 0.71380198001861572 0.0017191385850310326 0 300 0 0 0.023066576570272446 1 2 12978 -9 -9 0.7150999903678894 9.9999997473787516e-05 41.259127999999997 -0.88521799999999995 2.6140000820159912 1.934999942779541 -1.7025511264801025 11.340999603271484 0.0099999997764825821 -9999 -9999 -0.046999998390674591 0.67000001668930054 -11.387999534606934 0.6703946590423584 1.3910000324249268 -999 23.620000839233398 21.770000457763672 20.680000305175781 20.290000915527344 0.0099999997764825821 0 0 0 0.52999997138977051 3.2699999809265137 10.350000381469727 13.529999732971191 27.5 26.213630676269531 24.962648391723633 24.671754837036133 56563.22265625 7.5004844665527344 6.3837847709655762 6.0089831352233887 18.386623382568359 riz 0 56561.890625 1.3138446807861328 -1.9684933423995972 0.86331456899642944 0.00065445038489997387 0.11106552928686142 23.813203811645508 0.094562254846096039 5.3544904403679539e-06 4.6634966111014364e-07 0.027413763105869293 -2.8459214718168369e-07 -1.515311254252083e-08 42 34.696022033691406 0.78069287538528442 0.65616810321807861
SN: 1251536 10 0 X2 3 0 34.971919999999997 -6.9332539999999998 0.52850997447967529 0.0010000000474974513 0.52726602554321289 0.0010000000474974513 0.52726602554321289 0.0018263774691149592 0 300 0 0 0.021288579329848289 1 1 16183 -9 -9 0.5285000205039978 0.0010000000474974513 34.971423000000001 -6.9334239999999996 1.8789999485015869 1.6469999551773071 -9 10.788999557495117 0.013000000268220901 -9999 -9999 0.8529999852180481 0.027000000700354576 -9.9110002517700195 0.034205261617898941 0.7149999737739563 -999 22.479999542236328 21.329999923706055 20.760000228881836 20.459999084472656 0 0 0 0 6.7800002098083496 21.430000305175781 29.270000457763672 38.520000457763672 25.421926498413086 24.172445297241211 23.833942413330078 23.535783767700195 56547.19921875 11.040779113769531 6.2655658721923828 6.2261161804199219 27.022785186767578 riz 0 56548.671875 0.91150593757629395 -0.86591994762420654 0.706787109375 -0.12022746354341507 0.075222089886665344 23.143997192382812 0.070463806390762329 9.9174794740974903e-06 6.43640134967427e-07 0.0056889946572482586 -2.5265342173952376e-07 -2.6708050882007228e-08 38 44.509300231933594 0.21670222282409668 0.49388277530670166
SN: 1263244 10 0 E2 3 0 10.094374999999999 -44.421852000000001 0.4590199887752533 0.0010000000474974513 0.45798799395561218 0.0010000000474974513 0.45798802375793457 0.0017687754007056355 0 300 0 0 0.0061630415730178356 2 6 9039 -9 -9 0.45899999141693115 0.0010000000474974513 10.094522 -44.422007999999998 0.67699998617172241 0.72100001573562622 -2.2661657333374023 10.96399974822998 0.026000000536441803 -9999 -9999 -0.93999999761581421 9.0600004196166992 -11.784000396728516 9.0608081817626953 1.4019999504089355 -999 22.690000534057617 20.940000534057617 20.190000534057617 19.870000839233398 0.0099999997764825821 0 0 0 16.850000381469727 95.379997253417969 171.11000061035156 223.1199951171875 24.433500289916992 22.551357269287109 21.916810989379883 21.628654479980469 56649.0546875 20.016033172607422 10.145113945007324 -99 29.689817428588867 ri 0 56649.6484375 1.1784548759460449 -1.8628947734832764 0.97346043586730957 -0.19762088358402252 0.1116175502538681 23.078662872314453 0.066761702299118042 1.0532588021305855e-05 6.4764674334583106e-07 0.008662092499434948 -2.3413441851971584e-07 -4.2373770270387467e-08 13 16.179622650146484 0.23956626653671265 0.90527945756912231
SN: 1248243 10 0 S1 3 0 42.391460000000002 -0.41773399999999999 0.32488998770713806 0.0010000000474974513 0.32394400238990784 0.0010000000474974513 0.32394397258758545 0.0016598696820437908 0 300 0 0 0.045480247586965561 1 1 11225 -9 -9 0.32490000128746033 0.0010000000474974513 42.391347000000003 -0.41761300000000001 0.59399998188018799 0.95099997520446777 -9 9.194000244140625 0.016000000759959221 -9999 -9999 0.17800000309944153 0.14599999785423279 -8.9829998016357422 0.15400324761867523 0.61599999666213989 -999 23.770000457763672 22.819999694824219 22.579999923706055 22.270000457763672 0.019999999552965164 0.0099999997764825821 0.0099999997764825821 0.0099999997764825821 5.7100000381469727 13.930000305175781 18.430000305175781 22.649999618530273 25.608409881591797 24.640121459960938 24.336187362670898 24.112329483032227 56534.234375 37.50836181640625 34.613357543945312 30.018302917480469 107.26487731933594 griz 0 56532.953125 0.84104800224304199 1.2529579401016235 0.32620459794998169 -0.072724141180515289 0.019414409995079041 21.541818618774414 0.032864317297935486 4.337830250733532e-05 1.3130245406500762e-06 0.00037628368590958416 -1.3345146498977556e-07 -9.8337498144474011e-09 39 43.373649597167969 0.29022485017776489 0.48290595412254333
SN: 1254671 10 0 C1 3 0 54.306750999999998 -27.421778 0.47119000554084778 0.0010000000474974513 0.47064700722694397 0.0010000000474974513 0.47064697742462158 0.001779238460585475 0 300 0 0 0.0091628953814506531 1 3 1086 -9 -9 0.47119998931884766 0.0010000000474974513 54.306995999999998 -27.422145 1.5349999666213989 1.2569999694824219 -2.6476659774780273 9.6780004501342773 0.016000000759959221 -9999 -9999 1.1080000400543213 0.02500000037252903 -8.569000244140625 0.0414004847407341 0.164000004529953 -999 23.149999618530273 22.219999313354492 21.930000305175781 21.739999771118164 0.0099999997764825821 0 0 0 7.380000114440918 20.200000762939453 21.260000228881836 26.540000915527344 25.329858779907227 24.236621856689453 24.18109130859375 23.94024658203125 56594.140625 18.408327102661133 13.031381607055664 8.747096061706543 43.204277038574219 riz 0 56586.703125 0.44760507345199585 0.036738593131303787 0.55880600214004517 0.0072410395368933678 0.053215879946947098 22.82331657409668 0.066097594797611237 1.3325188774615526e-05 8.1121265793626662e-07 0.0056394245475530624 -3.3325099479952769e-07 -2.6443478517990116e-08 36 40.149188995361328 0.29139444231987 0.027065740898251534
SN: 1255139 10 0 C3 3 0 52.319049999999997 -29.002452999999999 0.65053999423980713 0.0010000000474974513 0.64989197254180908 0.0010000000474974513 0.64989197254180908 0.0019302271539345384 0 300 0 0 0.0069460738450288773 1 2 -4221 -9 -9 0.65049999952316284 0.0010000000474974513 52.319018 -29.002293000000002 0.58499997854232788 0.6600000262260437 -2.9046928882598877 9.2460002899169922 0.020999999716877937 -9999 -9999 -0.014999999664723873 0.029999999329447746 -9.2729997634887695 0.098671168088912964 0.21799999475479126 -999 24.909999847412109 24.139999389648438 23.629999160766602 23.479999542236328 0.019999999552965164 0.0099999997764825821 0.0099999997764825821 0.0099999997764825821 2.9800000190734863 5.5 8.9300003051757812 9.8999996185302734 26.314458847045898 25.649093627929688 25.122871398925781 25.01091194152832 56602.2734375 25.207618713378906 23.877618789672852 -99 63.923171997070312 iz 0 56597.94140625 0.51947760581970215 0.65508472919464111 0.38357597589492798 -0.13992580771446228 0.064215719699859619 23.197647094726562 0.057725131511688232 9.4393308245344087e-06 5.0185911959488294e-07 0.0032637750264257193 -9.6253607750895753e-08 -2.6531822072684008e-08 27 14.696602821350098 0.97347551584243774 0.51500368118286133
SN: 1262232 10 0 C3 3 0 53.225521000000001 -28.239892999999999 0.26151001453399658 0.0010000000474974513 0.261027991771698 0.0010000000474974513 0.26102805137634277 0.0016100665088742971 0 300 0 0 0.0063432054594159126 1 4 4965 -9 -9 0.26150000095367432 0.0010000000474974513 53.225715000000001 -28.239972999999999 0.67900002002716064 0.79400002956390381 -2.9665677547454834 8.6549997329711914 0.012000000104308128 -9999 -9999 0.56499999761581421 0.0060000000521540642 -8.0749998092651367 0.025709919631481171 0 -999 22.870000839233398 22.389999389648438 22.200000762939453 22.149999618530273 0 0 0 0 15.199999809265137 24.430000305175781 29.909999847412109 28.809999465942383 24.545391082763672 24.030191421508789 23.810459136962891 23.851142883300781 56661.171875 126.10282135009766 117.663330078125 39.261707305908203 230.40074157714844 griz 0 56661.859375 0.23058503866195679 0.97009217739105225 0.24391059577465057 0.0037882155738770962 0.017257960513234138 21.52717399597168 0.026314154267311096 4.3967331293970346e-05 1.0656024187483126e-06 0.00054234213894233108 -1.5320884472203034e-07 -1.0705353936657502e-08 14 31.020296096801758 0.0055073578841984272 0.32361051440238953
SN: 1256807 10 0 X3 3 0 35.787894999999999 -4.8405779999999998 0.62073999643325806 0.0010000000474974513 0.61942797899246216 0.0010000000474974513 0.61942791938781738 0.0019042182248085737 0 300 0 0 0.02296622097492218 1 1 18664 -9 -9 0.62070000171661377 0.0010000000474974513 35.787995000000002 -4.8404340000000001 0.62999999523162842 0.69499999284744263 -9 11.107000350952148 0.0070000002160668373 -9999 -9999 1.0540000200271606 0.15099999308586121 -10.078000068664551 0.16140012443065643 1.0210000276565552 -999 22.610000610351562 21.389999389648438 20.569999694824219 20.299999237060547 0 0 0 0 22.709999084472656 68.930000305175781 123.26000213623047 180.83000183105469 24.109457015991211 22.903980255126953 22.272945404052734 21.856822967529297 56602.25 26.15101432800293 20.010828018188477 -99 46.114646911621094 ri 0 56602.54296875 0.55546581745147705 -0.13565218448638916 0.36727532744407654 -0.059668894857168198 0.066361531615257263 23.117975234985352 0.038038894534111023 1.0158036275242921e-05 3.5588800528785214e-07 0.0049478900618851185 -8.0159139770330512e-08 -4.6818402488213451e-09 17 7.4924530982971191 0.97623103857040405 0.20397146046161652
SN: 1265169 10 0 S1 3 0 42.146827999999999 0.11799800000000001 0.68453001976013184 0.0010000000474974513 0.68331801891326904 0.0010000000474974513 0.68331801891326904 0.0019589134026318789 0 300 0 0 0.041222468018531799 1 2 10805 -9 -9 0.68449997901916504 0.0010000000474974513 42.146859999999997 0.11797299999999999 0.14699999988079071 0.22300000488758087 -5.2486691474914551 9.5679998397827148 0.017000000923871994 -9999 -9999 1.3109999895095825 0.86299997568130493 -8.2530002593994141 0.86481499671936035 0.15099999308586121 -999 23.860000610351562 23.090000152587891 22.600000381469727 22.469999313354492 0.019999999552965164 0.0099999997764825821 0.0099999997764825821 0.0099999997764825821 7 13.449999809265137 20.610000610351562 24.430000305175781 25.38725471496582 24.678194046020508 24.214805603027344 24.030191421508789 56669.05078125 9.8750104904174805 6.9502167701721191 6.3568620681762695 21.006654739379883 riz 0 56666.6484375 1.1348754167556763 -0.93566000461578369 0.92837011814117432 0.051549464464187622 0.088783599436283112 23.571949005126953 0.079598821699619293 6.6868296926259063e-06 4.902330488221196e-07 0.020558496937155724 -2.8669290941252257e-07 -1.9110084181761522e-08 22 22.069755554199219 0.45573171973228455 0.35608899593353271
SN: 1264689 10 0 X3 3 0 35.443981000000001 -4.695913 0.73303002119064331 0.0010000000474974513 0.73161697387695312 0.0010000000474974513 0.73161697387695312 0.0020006247796118259 0 300 0 0 0.02144039049744606 1 1 18245 -9 -9 0.73299998044967651 0.0010000000474974513 35.444133000000001 -4.6956699999999998 1.0329999923706055 1.6139999628067017 -9 9.8710002899169922 0.008999999612569809 -9999 -9999 0.19200000166893005 0.15299999713897705 -9.6789999008178711 0.26715165376663208 0.63700002431869507 -999 24.629999160766602 23.819999694824219 23.200000762939453 22.870000839233398 0.019999999552965164 0.0099999997764825821 0.0099999997764825821 0.0099999997764825821 2.5299999713897705 5.6100001335144043 9.9300003051757812 13.569999694824219 26.492198944091797 25.627592086791992 25.007627487182617 24.668550491333008 56683.0859375 18.732736587524414 15.874123573303223 10.703801155090332 41.557723999023438 riz 0 56675.63671875 0.77784550189971924 -0.00020085484720766544 0.73912262916564941 -0.1200074702501297 0.054558649659156799 23.653160095214844 0.054524343460798264 6.2049198277236428e-06 3.1160348612502276e-07 0.0046501467004418373 -1.5633732175501791e-07 -1.5328707192452384e-09 13 8.4776248931884766 0.81115329265594482 0.4000248908996582
SN: 1250980 10 0 X3 3 0 35.794376 -4.4599830000000003 0.82115000486373901 0.0010000000474974513 0.81967300176620483 0.0010000000474974513 0.81967306137084961 0.0020774092990905046 0 300 0 0 0.0250831488519907 1 1 18394 -9 -9 0.82120001316070557 0.0010000000474974513 35.794345999999997 -4.4599549999999999 0.14599999785423279 0.2199999988079071 -9 10.508000373840332 0.0099999997764825821 -9999 -9999 0.86900001764297485 0.58600002527236938 -9.6319999694824219 0.58981776237487793 1.1490000486373901 -999 25.149999618530273 23.930000305175781 22.840000152587891 22.399999618530273 0.029999999329447746 0.0099999997764825821 0.0099999997764825821 0.0099999997764825821 2.0299999713897705 6.2699999809265137 16.370000839233398 24.659999847412109 26.731260299682617 25.506832122802734 24.464878082275391 24.020017623901367 56559.23046875 13.027347564697266 8.1049518585205078 6.9082870483398438 31.64399528503418 riz 0 56555.95703125 0.77149879932403564 -0.09506804496049881 0.69663387537002563 0.043809752911329269 0.068227700889110565 24.420534133911133 0.060600101947784424 3.0604569474235177e-06 1.7081866587886907e-07 0.013340437784790993 -9.1340218943969376e-08 -2.576182822622286e-09 37 26.327844619750977 0.90413856506347656 0.14943127334117889
SN: 1255523 10 0 X1 3 0 34.504883 -4.9661080000000002 0.55664998292922974 0.0010000000474974513 0.55535900592803955 0.0010000000474974513 0.55535900592803955 0.0018499650759622455 0 300 0 0 0.017696643248200417 1 1 14689 -9 -9 0.55659997463226318 0.0010000000474974513 34.504874999999998 -4.9660869999999999 0.081000000238418579 0.086000002920627594 -9 10.821999549865723 0.0070000002160668373 -9999 -9999 -0.10999999940395355 2.8180000782012939 -10.942999839782715 2.8188202381134033 1.5770000219345093 -999 23.719999313354492 21.840000152587891 20.950000762939453 20.559999465942383 0.0099999997764825821 0 0 0 7 40.520000457763672 94.349998474121094 136.24000549316406 25.38725471496582 23.480827331542969 22.563144683837891 22.164237976074219 56575.140625 16.670005798339844 8.9736356735229492 7.7245526313781738 26.444208145141602 riz 0 56579.16015625 0.91686028242111206 -1.8785513639450073 0.60499680042266846 -0.019489316269755363 0.086484536528587341 23.247642517089844 0.073003605008125305 9.0145313151879236e-06 6.0612632069023675e-07 0.0013716381508857012 -1.5233466399422468e-07 -2.9248070632093004e-08 37 18.326822280883789 0.99565845727920532 0.62954473495483398
SN: 1257144 10 0 E2 3 0 8.6472549999999995 -43.891593999999998 0.52670001983642578 0.0010000000474974513 0.52559500932693481 0.0010000000474974513 0.52559494972229004 0.001824978506192565 0 300 0 0 0.0066867554560303688 1 1 8727 -9 -9 0.52670001983642578 0.0010000000474974513 8.6472250000000006 -43.891672 0.29100000858306885 0.42100000381469727 -9 9.9250001907348633 0.012000000104308128 -9999 -9999 0.3619999885559082 0.15999999642372131 -9.5959997177124023 0.17464248836040497 0.57999998331069946 -999 23.469999313354492 22.270000457763672 21.870000839233398 21.719999313354492 0.0099999997764825821 0 0 0.0099999997764825821 8.6000003814697266 25.059999465942383 39.159999847412109 44.520000457763672 25.163753509521484 24.002548217773438 23.517892837524414 23.378612518310547 56594.015625 16.827507019042969 14.57026195526123 9.6850013732910156 43.476726531982422 riz 0 56594.5546875 0.6870042085647583 1.8956254720687866 0.57172715663909912 -0.006805954035371542 0.0476679727435112 22.880943298339844 0.051021929830312729 1.2636371138796676e-05 5.938201752542227e-07 0.00078611535718664527 -2.1607405642498634e-07 -1.5492247484871768e-08 32 35.808113098144531 0.29425173997879028 0.6322823166847229
SN: 1254051 10 0 C2 3 0 54.068233999999997 -28.638290000000001 0.76213997602462769 0.0010000000474974513 0.76149600744247437 0.0010000000474974513 0.76149606704711914 0.0020265758503228426 0 300 0 0 0.0097831180319190025 1 1 3119 -9 -9 0.7620999813079834 0.0010000000474974513 54.068317 -28.638643999999999 1.2999999523162842 1.2070000171661377 -9 11.145999908447266 0.057000000029802322 -9999 -9999 1.2039999961853027 3.9300000667572021 -9.9750003814697266 3.93430495262146 1.2369999885559082 -999 23.829999923706055 22.209999084472656 21.020000457763672 20.639999389648438 0.0099999997764825821 0 0 0 3.7300000190734863 17.299999237060547 57.979999542236328 87.720001220703125 26.070728302001953 24.404884338378906 23.091804504394531 22.642253875732422 56563.18359375 7.6854252815246582 7.4225459098815918 5.0988197326660156 19.548185348510742 riz 0 56569.98828125 1.3102712631225586 -2.3979597091674805 0.99710643291473389 -0.10298874974250793 0.096786186099052429 24.02325439453125 0.078991219401359558 4.4126386455900501e-06 3.2103534408634005e-07 0.033299639821052551 -1.9302559906009265e-07 -6.9835554006303369e-10 44 43.183933258056641 0.50649601221084595 0.86992204189300537
SN: 1249304 10 0 S2 3 0 40.629578000000002 -1.440712 0.63801997900009155 0.0010000000474974513 0.63680499792098999 0.0010000000474974513 0.63680505752563477 0.0019190378952771425 0 300 0 0 0.027425410225987434 1 1 12886 -9 -9 0.6380000114440918 0.0010000000474974513 40.629741000000003 -1.4411080000000001 1.5429999828338623 1.3960000276565552 -9 10.635000228881836 0.041999999433755875 -9999 -9999 0.46299999952316284 7.5139999389648438 -10.208000183105469 7.515477180480957 1.5110000371932983 -999 25.069999694824219 23.260000228881836 22.350000381469727 21.770000457763672 0.05000000074505806 0.0099999997764825821 0.0099999997764825821 0.0099999997764825821 1.7200000286102295 7.9899997711181641 15.270000457763672 29.530000686645508 26.911178588867188 25.243633270263672 24.540401458740234 23.8243408203125 56550.25 15.93732738494873 10.905586242675781 8.1897068023681641 40.615245819091797 riz 0 56540.375 1.6760895252227783 1.488053560256958 0.89697998762130737 -0.032368015497922897 0.047530464828014374 23.137182235717773 0.043264877051115036 9.9799135568900965e-06 3.9768383430782706e-07 0.0033823368139564991 -2.0011214019177714e-07 -5.8152069826178376e-09 38 39.414585113525391 0.406473308801651 0.50761669874191284
SN: 1249416 10 0 S2 3 0 40.912281 -1.7487919999999999 0.33267000317573547 0.0010000000474974513 0.33169001340866089 0.0010000000474974513 0.33169007301330566 0.0016660628607496619 0 300 0 0 0.025088489055633545 1 1 13010 -9 -9 0.33270001411437988 0.0010000000474974513 40.912396000000001 -1.748804 0.41499999165534973 0.43200001120567322 -9 10.505999565124512 0.0099999997764825821 -9999 -9999 0.95499998331069946 0.25499999523162842 -9.5380001068115234 0.25827506184577942 1.0670000314712524 -999 21.829999923706055 20.659999847412109 20.239999771118164 19.879999160766602 0 0 0 0 46.729999542236328 131.08000183105469 192.16999816894531 277.02999877929688 23.326011657714844 22.206157684326172 21.790786743164062 21.393682479858398 56534.2890625 18.837039947509766 13.606179237365723 8.0520124435424805 41.544097900390625 griz 0 56540.40234375 0.92193818092346191 0.16851752996444702 0.76331824064254761 -0.12896065413951874 0.031643077731132507 22.702190399169922 0.041895542293787003 1.489785427111201e-05 5.7486681726004463e-07 0.0048194285482168198 -2.7897857535208459e-07 -3.0632103520389364e-09 36 68.680870056152344 0.00083260994870215654 0.43352341651916504
SN: 1255169 10 0 C3 3 0 52.359085 -27.170658 1.0476299524307251 0.0010000000474974513 1.0468020439147949 0.0010000000474974513 1.0468020439147949 0.0022792520467191935 0 300 0 0 0.0085459500551223755 1 3 5235 -9 -9 1.0476000308990479 0.0010000000474974513 52.359133 -27.170724 0.28099998831748962 0.3580000102519989 -4.2856111526489258 11.291999816894531 0.026000000536441803 -9999 -9999 0.99000000953674316 0.25999999046325684 -10.293999671936035 0.28389436006546021 1.2730000019073486 -999 24.899999618530273 23.780000686645508 22.739999771118164 21.850000381469727 0.019999999552965164 0.0099999997764825821 0 0 2.5099999904632568 7.4699997901916504 19.700000762939453 41.319999694824219 26.500816345214844 25.31669807434082 24.263833999633789 23.459598541259766 56575.3671875 16.865278244018555 10.23193359375 -99 34.962455749511719 iz 0 56590.48046875 0.71009129285812378 -0.25757071375846863 0.52300989627838135 -0.17202500998973846 0.097664147615432739 24.27818489074707 0.062816374003887177 3.4891991163021885e-06 2.0187115978842485e-07 0.0093577299267053604 -6.1967064368673164e-08 7.3497163910474228e-09 37 30.761997222900391 0.75544118881225586 0.57980865240097046
SN: 1252620 10 0 X3 3 0 37.267574000000003 -4.1274309999999996 0.95453000068664551 0.0010000000474974513 0.95298898220062256 0.0010000000474974513 0.95298898220062256 0.0021952805109322071 0 300 0 0 0.024685651063919067 1 1 -867 -9 -9 0.95450001955032349 0.0010000000474974513 37.267628999999999 -4.1274439999999997 0.20399999618530273 0.2199999988079071 -9 11.407999992370605 0.046999998390674591 -9999 -9999 -0.85000002384185791 7.625999927520752 -12.232000350952148 7.6281242370605469 1.6440000534057617 -999 25.860000610351562 23.479999542236328 22.190000534057617 21.299999237060547 0.059999998658895493 0.0099999997764825821 0 0 0.92000001668930054 9.3400001525878906 31.049999237060547 66.819999694824219 27.5 25.074132919311523 23.769845962524414 22.937732696533203 56564.265625 13.309718132019043 5.5668816566467285 -99 24.00599479675293 iz 0 56557.40234375 0.93645316362380981 -1.6297726631164551 0.75640547275543213 0.065177649259567261 0.16223862767219543 24.326869964599609 0.077257320284843445 3.3361975511070341e-06 2.3739255539112492e-07 0.019076379016041756 -1.2347489075636986e-07 2.4429720468788219e-09 25 27.23387336730957 0.34430286288261414 0.58508986234664917
SN: 1258802 10 0 E1 3 0 6.6362949999999996 -42.985118999999997 0.55062997341156006 0.0010000000474974513 0.549468994140625 0.0010000000474974513 0.549468994140625 0.0018450090428814292 0 300 0 0 0.0063767698593437672 1 1 6941 -9 -9 0.55059999227523804 0.0010000000474974513 6.6363289999999999 -42.985075000000002 0.1809999942779541 0.20100000500679016 -9 10.440999984741211 0.012000000104308128 -9999 -9999 0.76599997282028198 0.008999999612569809 -9.6780004501342773 0.039051249623298645 0.5429999828338623 -999 22.469999313354492 21.489999771118164 20.979999542236328 20.719999313354492 0 0 0 0 23.600000381469727 62.009998321533203 97.319999694824219 128.3800048828125 24.067720413208008 23.018844604492188 22.529495239257812 22.228755950927734 56615.08984375 12.243838310241699 9.4897279739379883 7.4029755592346191 30.02794075012207 riz 0 56616.40234375 0.64568221569061279 -0.67387354373931885 0.61025631427764893 -0.040448218584060669 0.071086645126342773 22.905294418334961 0.079702973365783691 1.2356127626844682e-05 9.0705282218550565e-07 0.014670251868665218 -4.065026075750211e-07 -4.2510528430739214e-08 33 21.833206176757812 0.93125152587890625 0.26198205351829529
SN: 1264068 10 0 S1 3 0 43.424430999999998 -0.52314799999999995 0.33147001266479492 0.0010000000474974513 0.33054399490356445 0.0010000000474974513 0.33054399490356445 0.0016651456244289875 0 300 0 0 0.056529752910137177 1 1 11104 -9 -9 0.33149999380111694 0.0010000000474974513 43.424605999999997 -0.52317400000000003 0.63599997758865356 0.61900001764297485 -9 10.23799991607666 0.012000000104308128 -9999 -9999 1.5509999990463257 0.19599999487400055 -8.619999885559082 0.19798989593982697 0.50499999523162842 -999 21.610000610351562 20.75 20.430000305175781 20.180000305175781 0 0 0 0 59.819999694824219 131.72000122070312 164.91000366210938 221.64999389648438 23.057884216308594 22.200870513916016 21.956882476806641 21.635829925537109 56669.046875 25.45836067199707 24.016014099121094 16.335960388183594 57.052585601806641 griz 0 56667.078125 0.35442143678665161 -0.24284456670284271 0.38651555776596069 -0.021117385476827621 0.028961058706045151 21.917648315429688 0.04039870947599411 3.0686034733662382e-05 1.1417839687055675e-06 0.0043349838815629482 -2.7805825197901868e-07 -2.1929526639041796e-08 28 13.774076461791992 0.98871535062789917 0.10727321356534958
SN: 1259561 10 0 X1 3 0 34.392375999999999 -4.2572239999999999 0.56881999969482422 0.0010000000474974513 0.56751197576522827 0.0010000000474974513 0.56751203536987305 0.0018602078780531883 0 300 0 0 0.018932180479168892 1 5 13774 -9 -9 0.56879997253417969 0.0010000000474974513 34.392662999999999 -4.257053 1.2009999752044678 1.4950000047683716 -1.6419284343719482 10.604999542236328 0.052000001072883606 -9999 -9999 0.12700000405311584 0.69599997997283936 -10.411999702453613 0.70002931356430054 1.1380000114440918 -999 24.040000915527344 22.309999465942383 21.469999313354492 21.110000610351562 0.029999999329447746 0 0 0 3.9700000286102295 20.200000762939453 38.369998931884766 61.270000457763672 26.003023147583008 24.236621856689453 23.540019989013672 23.031879425048828 56618.0390625 23.37574577331543 17.802543640136719 12.864617347717285 40.557834625244141 riz 0 56625.06640625 0.82079768180847168 -0.6110040545463562 0.59958738088607788 -0.015283181332051754 0.053250793367624283 22.998977661132812 0.041984137147665024 1.1334663213347085e-05 4.3829805917994236e-07 0.0012009914498776197 -1.1807625810433819e-07 -1.1557342638468526e-08 34 33.159683227539062 0.50862926244735718 0.20994271337985992
SN: 1249308 10 0 S2 3 0 40.863658999999998 -1.6016820000000001 0.22896300256252289 1.9999999494757503e-05 0.22805699706077576 1.9999999494757503e-05 0.22805702686309814 0.0012290390441194177 0 300 0 0 0.025297395884990692 1 1 13324 -9 -9 0 0 40.863557 -1.6023780000000001 2.5320000648498535 1.1449999809265137 -9 11.276000022888184 0.028999999165534973 -9999 -9999 1.2799999713897705 0.63200002908706665 -9.9750003814697266 0.63755786418914795 1.184999942779541 -999 19.819999694824219 18.530000686645508 18.040000915527344 17.809999465942383 0 0 0 0 76.699996948242188 215.97999572753906 263.92999267578125 337.8699951171875 22.78801155090332 21.663967132568359 21.446277618408203 21.178125381469727 56550.25 41.579975128173828 34.20794677734375 25.93867301940918 115.31121063232422 griz 0 56541.55859375 0.2985721230506897 0.17272326350212097 0.25674089789390564 0.17799162864685059 0.01813318207859993 21.577281951904297 0.023989342153072357 4.1984359995694831e-05 9.2764446435467107e-07 0.001188381458632648 -1.145963750559531e-07 -1.1765524554618878e-08 38 39.6231689453125 0.39746943116188049 0.59609240293502808
SN: 1261163 10 0 C1 3 0 53.244746999999997 -27.250668000000001 0.61917001008987427 0.0010000000474974513 0.61854100227355957 0.0010000000474974513 0.61854100227355957 0.0019034630386158824 0 300 0 0 0.0066144200973212719 1 2 1131 -9 -9 0.61919999122619629 0.0010000000474974513 53.244627999999999 -27.250557000000001 0.55199998617172241 0.61900001764297485 -3.2142672538757324 10.517999649047852 0.032999999821186066 -9999 -9999 0.21699999272823334 7.3239998817443848 -10.303999900817871 7.3251361846923828 1.2100000381469727 -999 24.139999389648438 22.5 21.680000305175781 21.270000457763672 0.019999999552965164 0.0099999997764825821 0 0 4.7100000381469727 19.680000305175781 43.040000915527344 59.970001220703125 25.817447662353516 24.264938354492188 23.415319442749023 23.055164337158203 56645.08203125 9.2892484664916992 7.2858867645263672 -99 24.61317253112793 iz 0 56644.1171875 1.1417421102523804 0.89630991220474243 0.944122314453125 -0.15698599815368652 0.14693000912666321 23.024745941162109 0.12522530555725098 1.1068828825955279e-05 1.2766429335897556e-06 0.010152735747396946 -5.5476016314059962e-07 -1.5611364290180063e-07 19 20.889856338500977 0.34291872382164001 0.60257148742675781
SN: 1253243 10 0 S1 3 0 42.204127999999997 -0.52380700000000002 0.57841998338699341 0.0010000000474974513 0.57728797197341919 0.0010000000474974513 0.57728791236877441 0.0018684640526771545 0 300 0 0 0.038633599877357483 1 3 10250 -9 -9 0.57840001583099365 0.0010000000474974513 42.204439000000001 -0.52371100000000004 1.1720000505447388 1.1970000267028809 -2.6587593555450439 10.651000022888184 0.032999999821186066 -9999 -9999 -2.2890000343322754 1.656999945640564 -12.89799976348877 1.6570075750350952 1.4160000085830688 -999 24.149999618530273 22.290000915527344 21.350000381469727 20.979999542236328 0.019999999552965164 0 0 0 4.0199999809265137 18.329999923706055 48.990001678466797 67.959999084472656 25.989435195922852 24.342094421386719 23.274730682373047 22.919366836547852 56551.234375 9.4628114700317383 8.2944803237915039 6.2396054267883301 24.208768844604492 riz 0 56556.30859375 0.7127690315246582 -2.0951442718505859 0.74478393793106079 0.019004110246896744 0.092184126377105713 23.354246139526367 0.090968459844589233 8.171502486220561e-06 6.8464976266113808e-07 0.019757771864533424 -3.6606408571060456e-07 -4.0282230884258752e-08 45 53.548786163330078 0.1790606826543808 0.70124852657318115
SN: 1261233 10 0 C3 3 0 52.883198 -28.800204999999998 0.53224998712539673 0.0010000000474974513 0.53166097402572632 0.0010000000474974513 0.53166103363037109 0.0018300592200830579 0 300 0 0 0.0082656536251306534 1 1 6171 -9 -9 0.53219997882843018 0.0010000000474974513 52.883372999999999 -28.800107000000001 0.65499997138977051 0.85600000619888306 -9 9.2810001373291016 0.0070000002160668373 -9999 -9999 1.1030000448226929 0 -8.1979999542236328 0.05000000074505806 -0.0040000001899898052 -999 23.370000839233398 22.729999542236328 22.489999771118164 22.409999847412109 0.0099999997764825821 0 0 0.0099999997764825821 10.239999771118164 18.030000686645508 22.559999465942383 22.170000076293945 24.974250793457031 24.360010147094727 24.11665153503418 24.135585784912109 56648.2109375 49.489528656005859 38.812366485595703 28.569293975830078 109.27745819091797 riz 0 56645.37890625 0.31068393588066101 -0.94712996482849121 0.24961660802364349 -0.044474776834249496 0.030236829072237015 23.011503219604492 0.031601343303918839 1.1204659131180961e-05 3.261218353145523e-07 0.0016012996202334762 -4.2828929736060672e-08 -7.3107577769349064e-09 31 17.157985687255859 0.97890943288803101 0.34878450632095337
SN: 1249245 10 0 E2 3 0 8.4216289999999994 -44.601703999999998 0.36932000517845154 0.0010000000474974513 0.36834299564361572 0.0010000000474974513 0.36834299564361572 0.0016955416649580002 0 300 0 0 0.0074365381151437759 1 1 9067 -9 -9 0.36930000782012939 0.0010000000474974513 8.4220989999999993 -44.602263999999998 2.3480000495910645 0.45600000023841858 -9 11.173999786376953 0.0080000003799796104 -9999 -9999 0.18199999630451202 0 -10.956000328063965 0 0.81999999284744263 -999 21.979999542236328 20.159999847412109 26.120000839233398 19.25 0 0 -10 0 11.189999580383301 46.049999237060547 73.339996337890625 99.139999389648438 24.877925872802734 23.341926574707031 22.836647033691406 22.509376525878906 56551.0859375 33.648841857910156 26.107639312744141 18.660001754760742 79.23394775390625 griz 0 56548.06640625 0.3081982433795929 0.016025658696889877 0.31612935662269592 -0.018388392403721809 0.020418848842382431 21.827335357666016 0.032677613198757172 3.3347681892337278e-05 1.0036716275863e-06 0.0016450346447527409 -2.2625627593697573e-07 -9.5833723179339358e-09 42 55.966537475585938 0.073159202933311462 0.06152697280049324
SN: 1256765 10 0 X2 3 0 35.418308000000003 -6.4838630000000004 0.35376998782157898 0.0010000000474974513 0.35267499089241028 0.0010000000474974513 0.35267496109008789 0.001682905713096261 0 300 0 0 0.022393308579921722 1 2 17407 -9 -9 0.35379999876022339 0.0010000000474974513 35.418508000000003 -6.4838209999999998 0.73199999332427979 0.88899999856948853 -2.9615552425384521 8.925999641418457 0.028999999165534973 -9999 -9999 0.70800000429153442 0.56800001859664917 -8.1979999542236328 0.57056111097335815 0.20999999344348907 -999 23.760000228881836 22.969999313354492 22.780000686645508 22.620000839233398 0.0099999997764825821 0.0099999997764825821 0.0099999997764825821 0.0099999997764825821 6.7600002288818359 14.819999694824219 16.159999847412109 19.059999465942383 25.425132751464844 24.572879791259766 24.478897094726562 24.299692153930664 56591.09765625 12.433762550354004 12.096314430236816 7.2229242324829102 29.440532684326172 griz 0 56590.98828125 0.72896349430084229 0.77018821239471436 0.70082592964172363 0.17076313495635986 0.060907907783985138 23.146615982055664 0.085592880845069885 9.893577043840196e-06 7.7994980074436171e-07 0.0090320855379104614 -3.5099000683658232e-07 -2.7536012581208524e-08 36 44.613956451416016 0.15359848737716675 0.62442809343338013
SN: 1257022 10 0 E1 3 0 7.705597 -43.297237000000003 0.3878600001335144 0.0010000000474974513 0.3868350088596344 0.0010000000474974513 0.38683497905731201 0.0017105198930948973 0 300 0 0 0.0062354542315006256 1 1 7643 -9 -9 0.38789999485015869 0.0010000000474974513 7.7065580000000002 -43.297896999999999 3.4600000381469727 2.7560000419616699 -9 10.592000007629395 0.018999999389052391 -9999 -9999 0.73100000619888306 0.31099998950958252 -9.8610000610351562 0.31692585349082947 1.1929999589920044 -999 22.959999084472656 21.479999542236328 20.780000686645508 20.450000762939453 0.0099999997764825821 0 0 0 2 6.2800002098083496 7.6399998664855957 10.340000152587891 26.747425079345703 25.505100250244141 25.292266845703125 24.963699340820312 56609.04296875 40.765731811523438 26.61503791809082 15.567231178283691 71.762031555175781 riz 0 56605.703125 0.41500252485275269 -0.5599370002746582 0.28921395540237427 -0.062851093709468842 0.038984194397926331 22.143936157226562 0.041002076119184494 2.4912977096391842e-05 9.4082133728079498e-07 0.0015513120451942086 -1.0207754286284398e-07 -2.9733522310948501e-08 29 27.297313690185547 0.55566787719726562 0.28058576583862305
SN: 1246314 10 0 C1 3 0 54.836567000000002 -26.640186 0.38387998938560486 0.0010000000474974513 0.38337498903274536 0.0010000000474974513 0.38337492942810059 0.0017077120719477534 0 300 0 0 0.011779955588281155 1 2 1471 -9 -9 0.383899986743927 0.0010000000474974513 54.836568999999997 -26.640256000000001 0.25200000405311584 0.3449999988079071 -4.4819736480712891 9.6210002899169922 0.014000000432133675 -9999 -9999 -0.067000001668930054 0.29399999976158142 -9.6789999008178711 0.29757687449455261 0.76399999856948853 -999 23.690000534057617 22.629999160766602 22.280000686645508 22.020000457763672 0.0099999997764825821 0.0099999997764825821 0.0099999997764825821 0.0099999997764825821 7.1999998092651367 19.059999465942383 26.479999542236328 34.080001831054688 25.356668472290039 24.299692153930664 23.942705154418945 23.668750762939453 56534.22265625 19.030723571777344 16.255804061889648 10.060596466064453 54.373523712158203 riz 0 56532.7265625 1.7661914825439453 0.85224545001983643 0.4903523325920105 0.13880079984664917 0.043562859296798706 22.679792404174805 0.073991909623146057 1.5208381228148937e-05 1.0364369700255338e-06 0.00066146091558039188 4.3313237441111596e-09 -2.9551156188745153e-08 34 16.197172164916992 0.99581456184387207 0.5429229736328125
SN: 1257228 10 0 C3 3 0 51.953709000000003 -28.739286 1.0251400470733643 0.0010000000474974513 1.0243289470672607 0.0010000000474974513 1.0243289470672607 0.002259065629914403 0 300 0 0 0.0077194590121507645 1 2 4707 -9 -9 1.0250999927520752 0.0010000000474974513 51.953769999999999 -28.739287999999998 0.19300000369548798 0.25900000333786011 -4.5516762733459473 9.7410001754760742 0.014999999664723873 -9999 -9999 0.9179999828338623 0.20800000429153442 -8.8229999542236328 0.23623716831207275 0.0020000000949949026 -999 24.25 23.899999618530273 23.260000228881836 22.899999618530273 0.0099999997764825821 0.0099999997764825821 0.0099999997764825821 0.0099999997764825821 4.7800002098083496 6.7699999809265137 12.319999694824219 16.020000457763672 25.801429748535156 25.423528671264648 24.773473739624023 24.488344192504883 56602.1328125 13.200078010559082 11.396608352661133 -99 35.073295593261719 iz 0 56612.49609375 1.1775522232055664 1.3705284595489502 0.68578433990478516 -0.12428715825080872 0.091168075799942017 24.288022994995117 0.058557387441396713 3.4577308269945206e-06 1.8648700006451691e-07 0.0066132554784417152 -8.6473107785423053e-08 4.540721132428871e-09 32 50.446407318115234 0.020181417465209961 0.61671870946884155
SN: 1249970 10 0 E2 3 0 10.491206999999999 -43.734085 0.26866000890731812 0.0010000000474974513 0.26775199174880981 0.0010000000474974513 0.26775193214416504 0.0016153452452272177 0 300 0 0 0.0088329697027802467 1 1 9395 -9 -9 0.2687000036239624 0.0010000000474974513 10.491351999999999 -43.734088 0.37599998712539673 0.49700000882148743 -9 8.9130001068115234 0.035999998450279236 -9999 -9999 0.62800002098083496 0.21699999272823334 -8.1979999542236328 0.21699999272823334 0.32400000095367432 -999 23.340000152587891 22.620000839233398 22.370000839233398 22.209999084472656 0.0099999997764825821 0.0099999997764825821 0.0099999997764825821 0.0099999997764825821 9.9899997711181641 18.930000305175781 25.770000457763672 28.299999237060547 25.001087188720703 24.307123184204102 23.972213745117188 23.870532989501953 56551.08203125 27.67138671875 22.569952011108398 21.691282272338867 74.74908447265625 griz 0 56553.88671875 0.22887705266475677 -0.58997297286987305 0.24361249804496765 0.020602207630872726 0.025632638484239578 21.719743728637695 0.036637909710407257 3.6821613321080804e-05 1.2425365412127576e-06 0.0020592494402080774 -1.9210321511309303e-07 -2.2794671039605419e-08 44 40.120201110839844 0.63860535621643066 0.20830352604389191
SN: 1254566 10 0 X3 3 0 37.117877999999997 -5.2253639999999999 0.79259002208709717 0.0010000000474974513 0.79118001461029053 0.0010000000474974513 0.79118001461029053 0.0020524638239294291 0 300 0 0 0.021317070350050926 1 2 19818 -9 -9 0.79259997606277466 0.0010000000474974513 37.117972999999999 -5.2253660000000002 0.34000000357627869 0.34999999403953552 -4.1371402740478516 10.861000061035156 0.008999999612569809 -9999 -9999 1.0700000524520874 0.14900000393390656 -9.7849998474121094 0.15564703941345215 1.2510000467300415 -999 24.760000228881836 23.559999465942383 22.489999771118164 21.989999771118164 0.019999999552965164 0.0099999997764825821 0 0 3.1500000953674316 9.5600004196166992 24.959999084472656 38.209999084472656 26.254222869873047 25.048854827880859 24.006889343261719 23.544557571411133 56580.1328125 14.662784576416016 14.026454925537109 8.1698665618896484 35.649410247802734 riz 0 56576.61328125 0.72010958194732666 -0.92080700397491455 0.63393664360046387 -0.039421550929546356 0.055592477321624756 24.257036209106445 0.048749819397926331 3.5578325423557544e-06 1.5974754319358908e-07 0.0039767823182046413 -5.8237631606061768e-08 4.676233844591593e-10 35 31.683879852294922 0.62898945808410645 0.3338814377784729
SN: 1247570 10 0 X1 3 0 33.701939000000003 -4.5081350000000002 0.58060002326965332 0.0010000000474974513 0.57926702499389648 0.0010000000474974513 0.57926702499389648 0.0018701371736824512 0 300 0 0 0.01868295855820179 1 1 14328 -9 -9 0.58060002326965332 0.0010000000474974513 33.702030000000001 -4.5081059999999997 0.34200000762939453 0.42399999499320984 -9 9.8280000686645508 0.016000000759959221 -9999 -9999 1.5590000152587891 0.3970000147819519 -8.255000114440918 0.39853984117507935 -0.14399999380111694 -999 21.940000534057617 21.329999923706055 21.059999465942383 21.149999618530273 0 0 0 0 34.279998779296875 64.569999694824219 81.029998779296875 77.730003356933594 23.662397384643555 22.974922180175781 22.728385925292969 22.773529052734375 56543.33203125 11.187680244445801 8.7512655258178711 7.7383880615234375 30.737001419067383 riz 0 56540.0546875 1.4231810569763184 -0.66821950674057007 0.88912832736968994 -0.059141188859939575 0.060403000563383102 22.99854850769043 0.053623683750629425 1.1339153388689738e-05 5.6003216286626412e-07 0.0033738117199391127 -2.2743034833183629e-07 -1.6667927482671985e-08 34 33.385856628417969 0.49754691123962402 0.29744938015937805
SN: 1255008 10 0 E1 3 0 7.3742599999999996 -42.466538 0.44488999247550964 0.0010000000474974513 0.44380199909210205 0.0010000000474974513 0.44380199909210205 0.0017570846248418093 0 300 0 0 0.0059341788291931152 2 3 6769 -9 -9 0.44490000605583191 0.0010000000474974513 7.3740829999999997 -42.466538999999997 0.4699999988079071 0.47600001096725464 -3.2433328628540039 10.883999824523926 0.1120000034570694 -9999 -9999 -2.9179999828338623 5.6609997749328613 -13.76099967956543 5.6611146926879883 1.4830000400543213 -999 22.760000228881836 20.959999084472656 20.190000534057617 19.889999389648438 0.0099999997764825821 0 0 0 17.559999465942383 95.550003051757812 177.44999694824219 260.30999755859375 24.388689041137695 22.549423217773438 21.877309799194336 21.461273193359375 56590.02734375 18.70197868347168 14.614405632019043 9.1159648895263672 40.037826538085938 riz 0 56589.69921875 0.58658373355865479 -0.73862707614898682 0.57011961936950684 0.014890384860336781 0.056505970656871796 22.505792617797852 0.068636089563369751 1.7851829397841357e-05 1.1285243317615823e-06 0.0074181882664561272 -4.2137736500080791e-07 -4.3856967835154137e-08 27 17.714851379394531 0.91199350357055664 0.25116226077079773
SN: 1259006 10 0 X2 3 0 35.595542999999999 -7.0009620000000004 0.52912998199462891 0.0010000000474974513 0.52790099382400513 0.0010000000474974513 0.52790093421936035 0.0018269092543050647 0 300 0 0 0.024594850838184357 1 1 15279 -9 -9 0.52910000085830688 0.0010000000474974513 35.595745999999998 -7.0005309999999996 1.7130000591278076 2.0680000782012939 -9 8.9519996643066406 0.041000001132488251 -9999 -9999 1.0490000247955322 0.35699999332427979 -7.9000000953674316 0.37858289480209351 0.12099999934434891 -999 24.670000076293945 23.780000686645508 23.459999084472656 23.319999694824219 0.029999999329447746 0.019999999552965164 0.019999999552965164 0.019999999552965164 1.5399999618530273 3.940000057220459 3.6400001049041748 6.1399998664855957 27.031198501586914 26.011259078979492 26.097246170043945 25.529579162597656 56615.0546875 15.860527992248535 11.836852073669434 9.8003416061401367 35.068305969238281 riz 0 56620.9375 0.75252926349639893 0.67707377672195435 0.72129726409912109 0.00040282239206135273 0.06011490523815155 22.826831817626953 0.075467348098754883 1.3282123290991876e-05 9.2321380407156539e-07 0.0059071197174489498 -3.3201541782545974e-07 -2.8975602361924757e-08 30 30.813114166259766 0.42463591694831848 0.22569525241851807
SN: 1255399 10 0 S2 3 0 40.819564999999997 -1.8671070000000001 0.38238999247550964 0.0010000000474974513 0.38137099146842957 0.0010000000474974513 0.38137102127075195 0.0017060870304703712 0 300 0 0 0.02431962639093399 1 3 13427 -9 -9 0.38240000605583191 0.0010000000474974513 40.819856000000001 -1.8675710000000001 1.9709999561309814 1.815000057220459 -1.8972587585449219 10.741000175476074 0.035000000149011612 -9999 -9999 0.33000001311302185 0.32899999618530273 -10.420999526977539 0.36941170692443848 1.1399999856948853 -999 22.5 21.010000228881836 20.469999313354492 20.190000534057617 0.0099999997764825821 0 0 0 7.5999999046325684 26.340000152587891 38.889999389648438 38.669998168945312 25.297966003417969 23.948459625244141 23.525405883789062 23.531564712524414 56590.3046875 14.41916561126709 14.382186889648438 10.828828811645508 43.040500640869141 riz 0 56585.61328125 0.38548058271408081 -1.4388424158096313 0.42699640989303589 0.10012686252593994 0.059511095285415649 22.489543914794922 0.078257083892822266 1.8121001630788669e-05 1.3061153367743827e-06 0.0087599456310272217 -3.2576545550000446e-07 -6.5543417804292403e-08 31 29.817493438720703 0.52673584222793579 0.58431404829025269
SN: 1262550 10 0 S2 3 0 40.850700000000003 -1.887019 0.29304000735282898 0.0010000000474974513 0.29208800196647644 0.0010000000474974513 0.29208803176879883 0.0016345396870747209 0 300 0 0 0.023846151307225227 1 1 13739 -9 -9 0.29300001263618469 0.0010000000474974513 40.850873999999997 -1.8871869999999999 0.87099999189376831 0.66100001335144043 -9 10.446000099182129 0.014000000432133675 -9999 -9999 0.84600001573562622 0.37700000405311584 -9.5950002670288086 0.38017100095748901 0.9100000262260437 -999 21.870000839233398 20.790000915527344 20.309999465942383 20.090000152587891 0 0 0 0 43.729999542236328 120.59999847412109 168.52000427246094 210.82000732421875 23.398052215576172 22.296630859375 21.933372497558594 21.690219879150391 56649.12109375 45.931407928466797 37.221668243408203 26.512237548828125 113.51251220703125 griz 0 56650.4609375 0.31307601928710938 -0.50176709890365601 0.24851296842098236 -0.076250113546848297 0.018264055252075195 21.347671508789062 0.022102897986769676 5.1871822506655008e-05 1.0559817837929586e-06 0.00098292739130556583 -1.1539241739910722e-07 -1.149714634607335e-08 36 22.942070007324219 0.95513123273849487 0.30426198244094849
SN: 1251603 10 0 X3 3 0 35.795974999999999 -4.2140510000000004 0.63164997100830078 0.0010000000474974513 0.63032501935958862 0.0010000000474974513 0.6303250789642334 0.0019135065376758575 0 300 0 0 0.022049810737371445 3 4 20248 -9 -9 0.631600022315979 0.0010000000474974513 35.796328000000003 -4.2139720000000001 1.2979999780654907 1.5069999694824219 -0.036872494965791702 10.557000160217285 0.024000000208616257 -9999 -9999 0.059999998658895493 10.060000419616699 -10.513999938964844 10.061386108398438 1.4479999542236328 -999 24.959999084472656 23.100000381469727 22.129999160766602 21.670000076293945 0.029999999329447746 0 0 0 1.8400000333786011 10.329999923706055 24.790000915527344 34.619998931884766 26.837955474853516 24.964748382568359 24.014308929443359 23.651681900024414 56552.2109375 18.016223907470703 14.33008861541748 12.181225776672363 42.606201171875 riz 0 56556.12109375 0.45780068635940552 -1.9947547912597656 0.41792821884155273 -0.034822676330804825 0.060903493314981461 23.758447647094727 0.055631969124078751 5.6314602261409163e-06 2.8855004075012403e-07 0.0070044039748609066 -8.046030330888243e-08 -1.0579167764035446e-08 32 27.020824432373047 0.71680808067321777 0.67497390508651733
SN: 1307261 10 0 X3 3 0 36.624493000000001 -4.0031879999999997 0.70486998558044434 0.0010000000474974513 0.70350700616836548 0.0010000000474974513 0.7035069465637207 0.0019763119053095579 0 300 0 0 0.024164946749806404 1 3 21535 -9 -9 0.70490002632141113 0.0010000000474974513 36.624588000000003 -4.0031949999999998 0.34099999070167542 0.43900001049041748 -3.5403361320495605 10.770000457763672 0.016000000759959221 -9999 -9999 -0.80900001525878906 1.3739999532699585 -11.602999687194824 1.3765653371810913 1.3159999847412109 -999 24.360000610351562 22.469999313354492 21.270000457763672 20.930000305175781 0.019999999552965164 0 0 0 4 23.870000839233398 62.549999237060547 91.230003356933594 25.994850158691406 24.055368423461914 23.009431838989258 22.599655151367188 56647.046875 19.918205261230469 18.144647598266602 17.586307525634766 54.250057220458984 riz 0 56640.64453125 0.53637576103210449 0.69762688875198364 0.47701674699783325 0.061989497393369675 0.042967531830072403 23.54962158203125 0.041187290102243423 6.8257704697316512e-06 2.5893490374073735e-07 0.007696137297898531 -9.240083898021112e-08 -5.1633382014415474e-09 26 27.72981071472168 0.37188082933425903 0.3110828697681427
SN: 1263852 10 0 C1 3 0 54.290184000000004 -27.414891999999998 0.66144001483917236 0.0010000000474974513 0.66082602739334106 0.0010000000474974513 0.66082596778869629 0.0019395939307287335 0 300 0 0 0.0091697871685028076 2 4 233135 -9 -9 0.66140002012252808 0.0010000000474974513 54.290184000000004 -27.414891999999998 0 0 -9.7604951858520508 11.029999732971191 0.075000002980232239 -9999 -9999 -0.81400001049041748 9.185999870300293 -11.802000045776367 9.1863059997558594 1.4329999685287476 -999 -10 -10 -10 -10 -10 -10 -10 -10 4.820000171661377 29.040000915527344 83.150001525878906 111.5 25.792383193969727 23.842508316040039 22.700344085693359 22.381813049316406 56667.1171875 8.2689380645751953 6.3586878776550293 5.341733455657959 20.016199111938477 riz 0 56668.1328125 0.97567474842071533 -2.2556440830230713 0.77368736267089844 0.086149893701076508 0.098186127841472626 23.735738754272461 0.082203015685081482 5.7504885262460448e-06 4.3537971805562847e-07 0.011820008046925068 -2.1203452149620716e-07 -1.7151009501503722e-08 23 28.952243804931641 0.18189838528633118 0.80485403537750244
SN: 1262895 10 0 C3 3 0 52.514633000000003 -28.742975000000001 0.70614999532699585 0.0010000000474974513 0.70548301935195923 0.0010000000474974513 0.70548295974731445 0.0019780178554356098 0 300 0 0 0.011033313348889351 1 1 4170 -9 -9 0.7060999870300293 0.0010000000474974513 52.514615999999997 -28.743109 0.48600000143051147 0.70399999618530273 -9 10.654000282287598 0.037000000476837158 -9999 -9999 -0.30399999022483826 9.6960000991821289 -10.923999786376953 9.6962528228759766 1.4650000333786011 -999 25.059999465942383 23.229999542236328 22.100000381469727 21.569999694824219 0.019999999552965164 0 0 0 1.8400000333786011 10.359999656677246 31.190000534057617 45.630001068115234 26.837955474853516 24.961601257324219 23.764961242675781 23.351873397827148 56660.13671875 20.415250778198242 17.946540832519531 12.726853370666504 43.356594085693359 riz 0 56653.83984375 0.6961180567741394 -1.5836787223815918 0.50287514925003052 0.24527749419212341 0.052829314023256302 24.231357574462891 0.040229193866252899 3.6429789815883851e-06 1.3498132034328592e-07 0.0029650104697793722 -3.434394102441729e-08 -3.1820419632566654e-09 28 28.753835678100586 0.42509192228317261 0.97320443391799927
SN: 1262803 10 0 X3 3 0 37.152419999999999 -4.7330030000000001 0.61470001935958862 0.0010000000474974513 0.61342698335647583 0.0010000000474974513 0.61342692375183105 0.001899110502563417 0 300 0 0 0.034295782446861267 1 2 20181 -9 -9 0.61470001935958862 0.0010000000474974513 37.152420999999997 -4.7332080000000003 0.73900002241134644 0.60000002384185791 -3.8721039295196533 10.758000373840332 0.029999999329447746 -9999 -9999 1.1529999971389771 0.44999998807907104 -9.6230001449584961 0.46812498569488525 1.125 -999 23.989999771118164 22.520000457763672 21.719999313354492 21.239999771118164 0.0099999997764825821 0 0 0 5.809999942779541 22.280000686645508 48.880001068115234 68.279998779296875 25.589559555053711 24.130212783813477 23.277172088623047 22.914266586303711 56646.0859375 16.345088958740234 14.956457138061523 12.758038520812988 36.237754821777344 riz 0 56647.98046875 0.65383350849151611 -2.0188915729522705 0.5043940544128418 0.01528126560151577 0.06428547203540802 23.947280883789062 0.056794419884681702 4.7324701881734654e-06 2.4755360072958865e-07 0.0093453070148825645 -7.6579866004067298e-08 -9.5431627045172718e-09 23 20.876630783081055 0.58862143754959106 0.67488884925842285
SN: 1246281 10 0 C1 3 0 53.725414000000001 -27.622060999999999 0.335999995470047 0.0010000000474974513 0.3354949951171875 0.0010000000474974513 0.3354949951171875 0.0016691097989678383 0 300 0 0 0.0074204104021191597 1 1 -317 -9 -9 0.335999995470047 0.0010000000474974513 53.726332999999997 -27.622108000000001 2.934999942779541 2.7660000324249268 -9 10.616000175476074 0.017000000923871994 -9999 -9999 1.7699999809265137 0.028999999165534973 -8.8280000686645508 0.051865208894014359 0.51700001955032349 -999 20.729999542236328 19.719999313354492 19.440000534057617 19.010000228881836 0 0 0 0 10.449999809265137 27.729999542236328 30.079999923706055 40.930000305175781 24.95220947265625 23.89262580871582 23.804306030273438 23.46989631652832 56551.24609375 43.304012298583984 42.848281860351562 36.441970825195312 135.2901611328125 griz 0 56548.5703125 0.20647427439689636 0.32281991839408875 0.1906430721282959 0.030439870432019234 0.016428742557764053 21.86622428894043 0.022255249321460724 3.2174382795346901e-05 6.5950541738857282e-07 0.0011472264304757118 -8.0248568679053278e-08 -7.6966566453506857e-09 50 76.6246337890625 0.0090890219435095787 0.14790059626102448
SN: 1261456 10 0 X1 3 0 34.098517999999999 -4.5032509999999997 0.62297999858856201 0.0010000000474974513 0.62162101268768311 0.0010000000474974513 0.62162101268768311 0.0019060862250626087 0 300 0 0 0.016938492655754089 1 1 14027 -9 -9 0.62300002574920654 0.0010000000474974513 34.099319000000001 -4.5035030000000003 3.0130000114440918 2.4279999732971191 -9 10.685000419616699 0.023000000044703484 -9999 -9999 0.81099998950958252 6.9180002212524414 -9.8719997406005859 6.9198966026306152 1.3480000495910645 -999 24.379999160766602 22.559999465942383 21.600000381469727 21.219999313354492 0.029999999329447746 0.0099999997764825821 0 0 0.62000000476837158 2.7999999523162842 4.1399998664855957 6.440000057220459 27.5 26.382104873657227 25.957498550415039 25.477785110473633 56648.1484375 11.83331298828125 8.1440572738647461 6.2955684661865234 27.93016242980957 riz 0 56642.18359375 0.76456916332244873 0.35164192318916321 0.63622391223907471 -0.14394524693489075 0.072675436735153198 23.238540649414062 0.071769870817661285 9.0904077296727337e-06 6.0089860198786482e-07 0.0093433577567338943 -2.8663930606853683e-07 -1.4421546623566428e-08 32 35.04937744140625 0.32544997334480286 0.49392703175544739
SN: 1250454 10 0 X1 3 0 35.299788999999997 -4.5355699999999999 0.78880000114440918 0.0010000000474974513 0.78733599185943604 0.0010000000474974513 0.78733599185943604 0.0020491054747253656 0 300 0 0 0.022527832537889481 1 1 15093 -9 -9 0.78880000114440918 0.0010000000474974513 35.299832000000002 -4.5355530000000002 0.16699999570846558 0.22900000214576721 -9 10.548999786376953 0.035999998450279236 -9999 -9999 -1.5290000438690186 1.7630000114440918 -12.034000396728516 1.7664283514022827 1.0800000429153442 -999 24.950000762939453 23.229999542236328 22.049999237060547 21.690000534057617 0.059999998658895493 0.0099999997764825821 0.0099999997764825821 0.0099999997764825821 2.0299999713897705 11.710000038146973 34.150001525878906 49.369998931884766 26.731260299682617 24.828607559204102 23.666522979736328 23.266342163085938 56551.296875 7.3034157752990723 6.1614656448364258 5.1614265441894531 22.548101425170898 riz 0 56551.91796875 1.126255989074707 0.58734661340713501 0.91531801223754883 -0.13849322497844696 0.072279348969459534 23.696277618408203 0.079223543405532837 5.9633275668602437e-06 4.3512960701264092e-07 0.002958986209705472 -2.8861643386335345e-07 3.8150296255423655e-09 43 39.094104766845703 0.64137381315231323 0.50144380331039429
SN: 1263856 10 0 C1 3 0 53.619143999999999 -26.503567 0.69849002361297607 0.0010000000474974513 0.69783300161361694 0.0010000000474974513 0.69783306121826172 0.001971416873857379 0 300 0 0 0.009694097563624382 2 4 1644 -9 -9 0.69849997758865356 0.0010000000474974513 53.619123000000002 -26.503522 0.17499999701976776 0.23899999260902405 -3.8922886848449707 10.715000152587891 0.10300000011920929 -9999 -9999 -2.312999963760376 7.6869997978210449 -12.89799976348877 7.6871147155761719 1.4099999666213989 -999 24.920000076293945 23.049999237060547 21.959999084472656 21.5 0.029999999329447746 0.0099999997764825821 0 0 2.3900001049041748 13.460000038146973 37.840000152587891 56.759998321533203 26.554004669189453 24.677387237548828 23.555122375488281 23.114894866943359 56653.08984375 9.264124870300293 7.8148283958435059 5.223811149597168 17.902963638305664 riz 0 56657.015625 1.1217620372772217 -2.3234596252441406 0.97081726789474487 -0.11029582470655441 0.098750986158847809 23.87213134765625 0.07974010705947876 5.0716280384222046e-06 3.7247735917844693e-07 0.010181622579693794 -1.6531659241536545e-07 -3.1162525893080328e-09 28 18.035606384277344 0.92524880170822144 0.85732018947601318
SN: 1263125 10 0 C3 3 0 52.814957 -27.656624000000001 1.0294749736785889 0.0010000000474974513 1.0286769866943359 0.0010000000474974513 1.0286769866943359 0.0022629678715020418 0 300 0 0 0.0072743697091937065 1 3 5265 -9 -9 1.0295000076293945 0.0010000000474974513 52.814869000000002 -27.656442999999999 0.70899999141693115 0.9100000262260437 -2.9778003692626953 10.739999771118164 0.010999999940395355 -9999 -9999 0.7850000262260437 0.017999999225139618 -9.9600000381469727 0.093744330108165741 0.73299998044967651 -999 24.200000762939453 23.569999694824219 22.780000686645508 22.25 0.0099999997764825821 0.0099999997764825821 0 0 4.7899999618530273 7.3600001335144043 16.739999771118164 22.850000381469727 25.799161911010742 25.332805633544922 24.440610885620117 24.102785110473633 56667.15234375 9.4499645233154297 8.2107963562011719 -99 22.808498382568359 iz 0 56660.3125 1.3096675872802734 -0.0069364625960588455 0.83766043186187744 0.20927333831787109 0.14075958728790283 24.711832046508789 0.0727958083152771 2.3402781152981333e-06 1.5690960708525381e-07 0.018337784335017204 -7.5786054765103472e-08 5.5444067115217877e-09 17 22.319814682006836 0.17273050546646118 0.69758158922195435
SN: 1259771 10 0 S1 3 0 42.351050999999998 -0.74802100000000005 0.53341001272201538 0.0010000000474974513 0.53231501579284668 0.0010000000474974513 0.53231501579284668 0.0018306073034182191 0 300 0 0 0.044954750686883926 1 1 10595 -9 -9 0.53339999914169312 0.0010000000474974513 42.351242999999997 -0.74802500000000005 0.69099998474121094 1.1950000524520874 -9 9.1920003890991211 0.037000000476837158 -9999 -9999 0.92100000381469727 1.1599999666213989 -8.2530002593994141 1.1626869440078735 0.34900000691413879 -999 24.549999237060547 23.510000228881836 23.229999542236328 23.030000686645508 0.029999999329447746 0.0099999997764825821 0.019999999552965164 0.019999999552965164 3.0999999046325684 8.2700004577636719 10.699999809265137 13.380000114440918 26.271595001220703 25.206235885620117 24.926540374755859 24.683858871459961 56616.07421875 18.634550094604492 11.206222534179688 9.4725885391235352 36.294445037841797 riz 0 56623.37109375 0.73392283916473389 1.0695803165435791 0.55996984243392944 0.021564476191997528 0.051926635205745697 22.889299392700195 0.058179207146167755 1.2539508134068456e-05 6.7192991082265507e-07 0.0031887227669358253 -1.875761341807447e-07 -1.9585142396749688e-08 39 29.780704498291016 0.85601377487182617 0.36370083689689636
SN: 1260107 10 0 X1 3 0 34.653984000000001 -4.8648600000000002 0.4309999942779541 0.0010000000474974513 0.42981600761413574 0.0010000000474974513 0.42981600761413574 0.0017455951310694218 0 300 0 0 0.017272435128688812 1 1 14221 -9 -9 0.4309999942779541 0.0010000000474974513 34.653897999999998 -4.8649610000000001 0.47900000214576721 0.46200001239776611 -9 9.7159996032714844 0.020999999716877937 -9999 -9999 -0.046000000089406967 0.1940000057220459 -9.7589998245239258 0.21557365357875824 0.71200001239776611 -999 24.020000457763672 22.850000381469727 22.420000076293945 22.180000305175781 0.019999999552965164 0.0099999997764825821 0.0099999997764825821 0.0099999997764825821 6.070000171661377 16.790000915527344 25.360000610351562 31.090000152587891 25.542028427124023 24.437374114990234 23.989627838134766 23.768447875976562 56642.1171875 16.401025772094727 12.044661521911621 8.6734399795532227 30.377946853637695 riz 0 56636.046875 0.50947088003158569 -2.1566412448883057 0.60929065942764282 0.098933354020118713 0.081532113254070282 22.925416946411133 0.10021913051605225 1.2129222341172863e-05 1.11959070636658e-06 0.010979659855365753 -3.6145095805295568e-07 -7.4962635210340522e-08 34 26.521100997924805 0.81620937585830688 0.7909124493598938
SN: 1262267 10 0 E1 3 0 8.2161969999999993 -42.391067999999997 0.56331998109817505 0.0010000000474974513 0.56214797496795654 0.0010000000474974513 0.56214797496795654 0.0018556840950623155 0 300 0 0 0.008871828205883503 1 1 7895 -9 -9 0.56330001354217529 0.0010000000474974513 8.2159969999999998 -42.390875000000001 0.87400001287460327 0.69800001382827759 -9 11.041999816894531 0.037000000476837158 -9999 -9999 -2.7349998950958252 2.9089999198913574 -13.76099967956543 2.9092481136322021 1.378000020980835 -999 23.110000610351562 21.350000381469727 20.389999389648438 20.049999237060547 0.0099999997764825821 0 0 0 12.050000190734863 66.029998779296875 137.05000305175781 218.58000183105469 24.79753303527832 22.950647354125977 22.157802581787109 21.650974273681641 56657.05078125 14.937939643859863 10.175233840942383 8.7900848388671875 27.807661056518555 riz 0 56652.3203125 1.0726156234741211 -2.0199542045593262 0.79188007116317749 0.20083419978618622 0.077319622039794922 23.176967620849609 0.066926553845405579 9.6208368631778285e-06 5.9304409205651609e-07 0.0056651020422577858 -1.8187274974934553e-07 -3.0008120432967189e-08 23 10.840553283691406 0.9847567081451416 0.94948244094848633
SN: 1252521 10 0 C1 3 0 54.140780999999997 -26.568391999999999 0.43375998735427856 0.0010000000474974513 0.43321898579597473 0.0010000000474974513 0.43321895599365234 0.0017483873525634408 0 300 0 0 0.010446337051689625 1 2 1560 -9 -9 0.43380001187324524 0.0010000000474974513 54.140555999999997 -26.568299 0.79799997806549072 0.48100000619888306 -4.1446409225463867 9.074000358581543 0.035999998450279236 -9999 -9999 1.1050000190734863 0.21299999952316284 -7.9679999351501465 0.24798789620399475 0.014000000432133675 -999 24.709999084472656 23.860000610351562 23.549999237060547 23.450000762939453 0.029999999329447746 0.019999999552965164 0.019999999552965164 0.019999999552965164 3.2300000190734863 7.4499998092651367 8.5 10.680000305175781 26.226993560791016 25.319608688354492 25.17645263671875 24.928571701049805 56567.22265625 39.082244873046875 28.047782897949219 19.671098709106445 89.129547119140625 riz 0 56570.54296875 0.4439825713634491 1.0799882411956787 0.35790583491325378 -0.054806739091873169 0.033281367272138596 22.31361198425293 0.035240296274423599 2.130862048943527e-05 6.9162479121587239e-07 0.0018957769498229027 -1.1832549517976076e-07 -1.7362989268576712e-08 38 28.476219177246094 0.86899405717849731 0.40369853377342224
SN: 1263039 10 0 X1 3 0 35.075684000000003 -5.0316619999999999 0.65649998188018799 0.0010000000474974513 0.65514200925827026 0.0010000000474974513 0.65514206886291504 0.0019347226480022073 0 300 0 0 0.018411077558994293 1 1 14569 -9 -9 0.65649998188018799 0.0010000000474974513 35.075738000000001 -5.0316219999999996 0.23999999463558197 0.30500000715255737 -9 10.211000442504883 0.026000000536441803 -9999 -9999 0.79199999570846558 0.40799999237060547 -9.4130001068115234 0.42154479026794434 0.65600001811981201 -999 23.760000228881836 22.729999542236328 22.040000915527344 21.790000915527344 0.019999999552965164 0.0099999997764825821 0.0099999997764825821 0.0099999997764825821 7.7399997711181641 20.239999771118164 37.020000457763672 46.729999542236328 25.278148651123047 24.234474182128906 23.578908920288086 23.326011657714844 56653.07421875 9.2879858016967773 6.1792607307434082 5.8666849136352539 21.477518081665039 riz 0 56658.36328125 1.010206937789917 -0.89969068765640259 0.85383212566375732 -0.0073643820360302925 0.090814128518104553 23.391143798828125 0.078483447432518005 7.8984594438225031e-06 5.7094746352959191e-07 0.020711967721581459 -3.2622969570184068e-07 -1.9157601727215479e-08 26 34.371040344238281 0.12593476474285126 0.30089989304542542
SN: 1254002 10 0 C2 3 0 54.683684999999997 -30.014547 0.53644001483917236 0.0010000000474974513 0.53590899705886841 0.0010000000474974513 0.53590893745422363 0.0018336207140237093 0 300 0 0 0.011642280034720898 1 2 2151 -9 -9 0.53640002012252808 0.0010000000474974513 54.683725000000003 -30.014402 0.5350000262260437 0.6029999852180481 -3.6862542629241943 10.694999694824219 0.016000000759959221 -9999 -9999 -0.45699998736381531 2.1710000038146973 -11.156999588012695 2.1713151931762695 1.434999942779541 -999 23.579999923706055 21.75 20.940000534057617 20.559999465942383 0.0099999997764825821 0 0 0 7.4200000762939453 39.680000305175781 81.599998474121094 123.31999969482422 25.323989868164062 23.503570556640625 22.720775604248047 22.272415161132812 56579.17578125 19.704702377319336 11.050890922546387 10.51099681854248 37.896312713623047 riz 0 56577.41015625 0.63905614614486694 0.24178576469421387 0.5281444787979126 0.079683616757392883 0.053907684981822968 23.089757919311523 0.051382869482040405 1.0425506843603216e-05 4.9339098495693179e-07 0.0046321065165102482 -1.4215649457582913e-07 -1.5356315330450343e-08 36 29.090377807617188 0.78615498542785645 0.2775704562664032
SN: 1263580 10 0 E1 3 0 8.5183370000000007 -42.807938 0.58393001556396484 0.0010000000474974513 0.58275502920150757 0.0010000000474974513 0.58275508880615234 0.0018730877200141549 0 300 0 0 0.0067427651956677437 1 3 6808 -9 -9 0.58389997482299805 0.0010000000474974513 8.51844 -42.807944999999997 0.2720000147819519 0.34700000286102295 -4.3429551124572754 9.7620000839233398 0.028000000864267349 -9999 -9999 0.028999999165534973 0.056000001728534698 -9.7329998016357422 0.11548592895269394 0.58399999141693115 -999 24.299999237060547 23.549999237060547 23.219999313354492 23.030000686645508 0.019999999552965164 0.019999999552965164 0.019999999552965164 0.019999999552965164 4.6500000953674316 8.7600002288818359 12.430000305175781 15.899999618530273 25.831367492675781 25.143739700317383 24.763822555541992 24.49650764465332 56650.05078125 19.419248580932617 10.65570068359375 8.2554006576538086 33.085689544677734 riz 0 56654.43359375 0.96582096815109253 -0.084791325032711029 0.72589051723480225 -0.11183222383260727 0.063137143850326538 23.063272476196289 0.049885381013154984 1.0682938409445342e-05 4.90839738631621e-07 0.0036307827103883028 -2.0662942290528008e-07 -1.0164370678467094e-08 23 21.761756896972656 0.53467077016830444 0.37384402751922607
SN: 1246529 10 0 X3 3 0 36.113864999999997 -4.9440119999999999 0.49797001481056213 0.0010000000474974513 0.49676600098609924 0.0010000000474974513 0.49676597118377686 0.0018009160412475467 0 300 0 0 0.025212863460183144 2 3 18370 -9 -9 0.49799999594688416 0.0010000000474974513 36.114046999999999 -4.9438950000000004 0.77700001001358032 0.34099999070167542 -2.0283467769622803 10.560999870300293 0.014999999664723873 -9999 -9999 0.61000001430511475 0.31600001454353333 -9.9350004196166992 0.32041379809379578 1.0399999618530273 -999 24.549999237060547 22.739999771118164 22 21.510000228881836 0.019999999552965164 0 0 0 3.940000057220459 20.280000686645508 40.349998474121094 59.799999237060547 26.011259078979492 24.232330322265625 23.485391616821289 23.058246612548828 56537.37890625 37.649650573730469 32.127548217773438 23.289955139160156 89.841560363769531 riz 0 56535.78515625 1.2917791604995728 0.63464325666427612 0.38026553392410278 0.030392562970519066 0.032929733395576477 22.721542358398438 0.045092683285474777 1.4634676517744083e-05 6.0780587318731705e-07 -0.0045517063699662685 1.4433939554692188e-07 -1.9739363921189579e-08 26 10.786112785339355 0.99620538949966431 0.23455461859703064
SN: 1249178 10 0 E1 3 0 6.9571440000000004 -43.081069999999997 0.76648998260498047 0.0010000000474974513 0.76517301797866821 0.0010000000474974513 0.76517295837402344 0.002029776806011796 0 300 0 0 0.0055772331543266773 1 1 8046 -9 -9 0.76649999618530273 0.0010000000474974513 6.957376 -43.081135000000003 0.65399998426437378 0.71700000762939453 -9 10.807000160217285 0.037999998778104782 -9999 -9999 0.061000000685453415 0.23499999940395355 -10.734000205993652 0.24824383854866028 1.065000057220459 -999 24.180000305175781 22.620000839233398 21.530000686645508 21.100000381469727 0.019999999552965164 0.0099999997764825821 0 0 5.059999942779541 20.75 56.529998779296875 86.5 25.7396240234375 24.207454681396484 23.119302749633789 22.657459259033203 56538.16796875 11.073575019836426 6.9360256195068359 6.884028434753418 23.287761688232422 riz 0 56540.421875 1.4038965702056885 0.043069895356893539 0.9147263765335083 -0.089120067656040192 0.079478755593299866 23.766717910766602 0.069509550929069519 5.5887235248519573e-06 3.5779379459199845e-07 0.012437514029443264 -2.0009960621791834e-07 3.0263451744616532e-09 43 57.528003692626953 0.06830190122127533 0.29741358757019043
SN: 1253871 10 0 X3 3 0 35.732998000000002 -5.0124139999999997 0.84930002689361572 0.0010000000474974513 0.84780299663543701 0.0010000000474974513 0.84780299663543701 0.0021021259017288685 0 300 0 0 0.021175669506192207 1 2 19902 -9 -9 0.84930002689361572 0.0010000000474974513 35.732996 -5.0123280000000001 0.31000000238418579 0.51899999380111694 -3.739332914352417 9.8559999465942383 0.027000000700354576 -9999 -9999 1.1610000133514404 0.70099997520446777 -8.7119998931884766 0.71426182985305786 0.32499998807907104 -999 24.409999847412109 23.639999389648438 22.889999389648438 22.569999694824219 0.019999999552965164 0.0099999997764825821 0.0099999997764825821 0.0099999997764825821 4.0399999618530273 7.8299999237060547 15.359999656677246 20.290000915527344 25.984046936035156 25.265596389770508 24.534021377563477 24.231794357299805 56552.20703125 13.557804107666016 8.4960756301879883 -99 27.524011611938477 iz 0 56562.2890625 1.2535276412963867 0.98423224687576294 0.83075004816055298 0.0409671850502491 0.13570325076580048 24.562234878540039 0.060510449111461639 2.6860022899199976e-06 1.4969677408771531e-07 -0.00024924028548412025 -7.6273416027561325e-08 -5.0883626201425614e-09 24 41.367214202880859 0.01517587061971426 0.35536274313926697
SN: 1255130 10 0 E2 3 0 9.5481759999999998 -43.568249000000002 0.62528997659683228 0.0010000000474974513 0.62411302328109741 0.0010000000474974513 0.62411308288574219 0.001908209640532732 0 300 0 0 0.0068492577411234379 1 3 8184 -9 -9 0.62529999017715454 0.0010000000474974513 9.5493629999999996 -43.568309999999997 3.1050000190734863 3.0250000953674316 -0.7033197283744812 10.597999572753906 0.052000001072883606 -9999 -9999 0.73900002241134644 2.2430000305175781 -9.8680000305175781 2.2457449436187744 0.87300002574920654 -999 23.290000915527344 21.680000305175781 20.979999542236328 20.770000457763672 0.0099999997764825821 0 0 0 0.62000000476837158 2.2599999904632568 3.0999999046325684 2.6700000762939453 27.5 26.614728927612305 26.271595001220703 26.433721542358398 56579.015625 14.239579200744629 10.929387092590332 7.5224008560180664 30.116561889648438 riz 0 56582.44921875 0.83849990367889404 0.71610444784164429 0.70017260313034058 -0.20747658610343933 0.063690856099128723 23.273204803466797 0.065046936273574829 8.8047763711074367e-06 5.2749805945495609e-07 0.0099946977570652962 -2.8611219704544055e-07 -9.7660057818416135e-09 35 33.344009399414062 0.54816800355911255 0.73162364959716797
SN: 1248925 10 0 E1 3 0 7.4896779999999996 -42.731380999999999 0.34408000111579895 0.0010000000474974513 0.34307399392127991 0.0010000000474974513 0.34307396411895752 0.001675188192166388 0 300 0 0 0.0058327550068497658 1 1 7403 -9 -9 0.34409999847412109 0.0010000000474974513 7.4898189999999998 -42.731389 0.375 0.54900002479553223 -9 9.5600004196166992 0.014999999664723873 -9999 -9999 0.50099998712539673 0.020999999716877937 -9.060999870300293 0.036619666963815689 0.66500002145767212 -999 23.069999694824219 22.139999389648438 21.799999237060547 21.469999313354492 0.0099999997764825821 0 0 0 12.609999656677246 30.309999465942383 42.479999542236328 55.919998168945312 24.748212814331055 23.796035766601562 23.429538726806641 23.131082534790039 56543.09375 43.778610229492188 39.338180541992188 27.181562423706055 106.07506561279297 griz 0 56540.3203125 0.4225328266620636 -0.10113814473152161 0.3378753662109375 -0.043921705335378647 0.018686836585402489 22.033283233642578 0.02293919213116169 2.7585867428570054e-05 5.8282807913201395e-07 0.0021329028531908989 -1.1216881290465608e-07 -5.7766427197236681e-09 43 46.019184112548828 0.34834131598472595 0.15023705363273621
SN: 1253474 10 0 X1 3 0 34.528903999999997 -5.7114190000000002 0.44789999723434448 0.0010000000474974513 0.44670400023460388 0.0010000000474974513 0.44670403003692627 0.0017594732344150543 0 300 0 0 0.020821882411837578 1 2 14554 -9 -9 0.44789999723434448 0.0010000000474974513 34.529161000000002 -5.7113630000000004 0.94099998474121094 0.74599999189376831 -3.1594176292419434 10.996999740600586 0.014999999664723873 -9999 -9999 0.46399998664855957 0.51999998092651367 -10.532999992370605 0.55060058832168579 1.2960000038146973 -999 23.110000610351562 21.440000534057617 20.680000305175781 20.389999389648438 0.0099999997764825821 0 0 0 13.840000152587891 67.769996643066406 128.8800048828125 177.77999877929688 24.647159576416016 22.922405242919922 22.224536895751953 21.875293731689453 56575.140625 32.266750335693359 20.32038688659668 12.355253219604492 56.952526092529297 riz 0 56579.52734375 0.52616465091705322 0.85262399911880493 0.38880330324172974 -0.060898479074239731 0.042458441108465195 22.233062744140625 0.045424487441778183 2.2949587219045497e-05 9.601533292880049e-07 0.0015473287785425782 -1.8621464903390006e-07 -2.8894110215560431e-08 34 34.798126220703125 0.42981687188148499 0.34925797581672668
SN: 1256819 10 0 X3 3 0 37.317405999999998 -4.1374870000000001 0.58701002597808838 0.0010000000474974513 0.58575999736785889 0.0010000000474974513 0.58575999736785889 0.0018756309291347861 0 300 0 0 0.025787351652979851 1 1 18838 -9 -9 0.58700001239776611 0.0010000000474974513 37.317287 -4.1376970000000002 0.86900001764297485 1.034000039100647 -9 9.3579998016357422 0.018999999389052391 -9999 -9999 -0.02500000037252903 0.029999999329447746 -9.380000114440918 0.079849861562252045 0.3059999942779541 -999 24.75 23.709999084472656 23.299999237060547 23.110000610351562 0.019999999552965164 0.0099999997764825821 0.0099999997764825821 0.0099999997764825821 2.3599998950958252 5.6100001335144043 8.2299995422363281 10.819999694824219 26.567720413208008 25.627592086791992 25.21150016784668 24.914432525634766 56602.25 25.498546600341797 23.868740081787109 19.579002380371094 60.012557983398438 riz 0 56600.01171875 0.58856600522994995 -0.090224355459213257 0.313709557056427 -0.01244537066668272 0.038275562226772308 23.322698593139648 0.034619428217411041 8.4124130808049813e-06 2.6823545340448618e-07 0.00050725549226626754 -3.7290558196900747e-08 -6.3354939072723937e-09 29 17.529315948486328 0.95330673456192017 0.051239263266324997
