# VERSION_PHOTOMETRY:  DES-SN5YR_DES 
# SNANA_VERSION: 886408a4-output17g 
# PROGRAM:       snlc_fit.exe 
# TABLE_NAME:    FITRES 
# 
VARNAMES:  CID IDSURVEY TYPE FIELD CUTFLAG_SNANA ERRFLAG_FIT RA DEC zHEL zHELERR zCMB zCMBERR zHD zHDERR VPEC VPECERR LENSDMU LENSDMUERR MWEBV HOST_NMATCH HOST_NMATCH2 HOST_OBJID HOST_ZPHOT HOST_ZPHOTERR HOST_ZSPEC HOST_ZSPECERR HOST_RA HOST_DEC HOST_ANGSEP HOST_DDLR HOST_CONFUSION HOST_LOGMASS HOST_LOGMASS_ERR HOST_LOGMASS_ZPHOT HOST_LOGMASS_ZPHOTERR HOST_LOGSFR HOST_LOGSFR_ERR HOST_LOGsSFR HOST_LOGsSFR_ERR HOST_COLOR HOST_COLOR_ERR HOST_MAG_g HOST_MAG_r HOST_MAG_i HOST_MAG_z HOST_MAGERR_g HOST_MAGERR_r HOST_MAGERR_i HOST_MAGERR_z HOST_SBFLUXCAL_g HOST_SBFLUXCAL_r HOST_SBFLUXCAL_i HOST_SBFLUXCAL_z HOST_SBMAG_g HOST_SBMAG_r HOST_SBMAG_i HOST_SBMAG_z PKMJDINI SNRMAX1 SNRMAX2 SNRMAX3 SNRSUM BANDLIST OPT_PHOTOZ PKMJD PKMJDERR x1 x1ERR c cERR mB mBERR x0 x0ERR COV_x1_c COV_x1_x0 COV_c_x0 NDOF FITCHI2 FITPROB RADIUS_POP 
#
SN: 1632070 10 0 X2 3 0 35.710872999999999 -6.9524020000000002 0.4262700080871582 0.0010000000474974513 0.42512598633766174 0.0010000000474974513 0.42512595653533936 0.0017417503986507654 0 300 0 0 0.022981032729148865 1 1 110432 -9 -9 0.42629998922348022 0.0010000000474974513 35.710825 -6.9524270000000001 0.1940000057220459 0.14200000464916229 -9 9.8710002899169922 0.028999999165534973 -9999 -9999 1.0870000123977661 0.13899999856948853 -8.7910003662109375 0.14948578178882599 0.37999999523162842 -999 23.340000152587891 22.280000686645508 21.950000762939453 21.719999313354492 0.0099999997764825821 0.0099999997764825821 0 0.0099999997764825821 10.279999732971191 27.790000915527344 40.180000305175781 50.770000457763672 24.970016479492188 23.890277862548828 23.489974975585938 23.235980987548828 57750.05859375 14.15911865234375 13.61095142364502 7.7739181518554688 37.214897155761719 riz 0 57742.984375 0.874550461769104 1.1929748058319092 0.76479637622833252 0.16478002071380615 0.060176379978656769 23.136089324951172 0.067603543400764465 9.9899752967758104e-06 6.2202747130868374e-07 0.0093398513272404671 -2.3098145618405397e-07 -2.8899348691879823e-08 26 27.119937896728516 0.4030647873878479 0.6781046986579895
SN: 1654105 10 0 C3 3 0 53.071021999999999 -28.529700999999999 0.56331002712249756 0.0010000000474974513 0.56271100044250488 0.0010000000474974513 0.56271100044250488 0.0018561587203294039 0 300 0 0 0.0070317140780389309 1 2 113653 -9 -9 0.56330001354217529 0.0010000000474974513 53.070369999999997 -28.529304 2.5099999904632568 2.4189999103546143 -1.3638030290603638 9.4469995498657227 0.010999999940395355 -9999 -9999 1.2610000371932983 0.25 -8.1979999542236328 0.26310452818870544 0.10899999737739563 -999 23.860000610351562 23.100000381469727 22.780000686645508 22.600000381469727 0.0099999997764825821 0 0 0 0.81000000238418579 1.5499999523162842 2.0099999904632568 1.5099999904632568 27.5 27.024169921875 26.742010116577148 27.052556991577148 57763.1015625 78.323387145996094 51.953079223632812 38.821430206298828 165.55430603027344 riz 0 57764.96875 0.27090007066726685 0.88609105348587036 0.25151288509368896 -0.028480308130383492 0.025732856243848801 22.794967651367188 0.025904126465320587 1.3677687093149871e-05 3.2633022328809602e-07 0.00095506181241944432 -5.0828894870846852e-08 -5.1063433481601805e-09 21 21.163793563842773 0.44898092746734619 0.31024545431137085
SN: 1531078 10 0 X2 3 0 35.899616000000002 -6.848732 0.67847001552581787 0.0010000000474974513 0.67712801694869995 0.0010000000474974513 0.67712807655334473 0.0019535897299647331 0 300 0 0 0.022601932287216187 1 2 105916 -9 -9 0.67849999666213989 0.0010000000474974513 35.899729000000001 -6.8487330000000002 0.40299999713897705 0.58099997043609619 -3.2277176380157471 10.187000274658203 0.02500000037252903 -9999 -9999 0.15299999713897705 0.079999998211860657 -10.020000457763672 0.14756692945957184 0.7929999828338623 -999 24.360000610351562 23.299999237060547 22.510000228881836 22.200000762939453 0.029999999329447746 0.0099999997764825821 0.0099999997764825821 0.0099999997764825821 3.6700000762939453 10.439999580383301 19.930000305175781 28.760000228881836 26.088335037231445 24.953248977661133 24.251232147216797 23.85302734375 57694.203125 10.222844123840332 7.058570384979248 6.0242710113525391 27.392114639282227 riz 0 57698.58203125 1.045651912689209 1.4616231918334961 0.84619611501693726 -0.064211286604404449 0.067830681800842285 23.524141311645508 0.07626660168170929 6.9878492467978504e-06 4.9085542741522659e-07 0.017146280035376549 -3.2683584549886291e-07 -1.0863366206592673e-08 47 49.822563171386719 0.36167412996292114 0.53214985132217407
SN: 1595127 10 0 C2+C3 3 0 53.150955000000003 -28.963417 0.5679900050163269 0.0010000000474974513 0.56739598512649536 0.0010000000474974513 0.56739592552185059 0.00186010985635221 0 300 0 0 0.0076051852665841579 1 4 108217 -9 -9 0.56800001859664917 0.0010000000474974513 53.150697999999998 -28.962879999999998 2.0969998836517334 1.6419999599456787 -1.3182271718978882 10.930999755859375 0.017999999225139618 -9999 -9999 1.25 0.18500000238418579 -9.6999998092651367 0.20235858857631683 1.2000000476837158 -999 23.370000839233398 21.760000228881836 20.979999542236328 20.520000457763672 0.0099999997764825821 0 0 0 1.25 5.9899997711181641 13.979999542236328 18.309999465942383 27.257724761962891 25.556432723999023 24.636232376098633 24.343278884887695 57740.1171875 46.953475952148438 35.528339385986328 22.096040725708008 102.86485290527344 riz 0 57738.6015625 0.2860797643661499 -0.13620814681053162 0.21730050444602966 -0.050933912396430969 0.026511892676353455 23.201169967651367 0.02556157298386097 9.4087481556925923e-06 2.2151090206534718e-07 0.0010812126565724611 -2.6648104167747988e-08 -3.3157399048633351e-09 75 61.828353881835938 0.8622468113899231 0.17574571073055267
SN: 1368111 10 0 E2 3 0 10.142037 -44.454318999999998 0.55204999446868896 0.0010000000474974513 0.5509529709815979 0.0010000000474974513 0.55095291137695312 0.0018462572479620576 0 300 0 0 0.0062655596993863583 1 1 -18944 -9 -9 0.55199998617172241 0.0010000000474974513 10.142125999999999 -44.454351000000003 0.25600001215934753 0.3449999988079071 -9 10.652000427246094 0.032999999821186066 -9999 -9999 -0.19699999690055847 9.8030004501342773 -10.897000312805176 9.8037347793579102 1.5740000009536743 -999 24.090000152587891 22.280000686645508 21.370000839233398 20.940000534057617 0.019999999552965164 0 0 0 4.940000057220459 29.799999237060547 70.449996948242188 93.5 25.765682220458984 23.814458847045898 22.880298614501953 22.572971343994141 57629.234375 17.247865676879883 15.478451728820801 12.462472915649414 44.131168365478516 riz 0 57622.33984375 0.93883258104324341 -0.26623350381851196 0.59373855590820312 0.042436618357896805 0.047162007540464401 22.962621688842773 0.048698868602514267 1.1720641850843094e-05 5.2570965181075735e-07 0.0058441120199859142 -1.6036977967814892e-07 -1.5542116926781091e-08 50 37.605003356933594 0.90176427364349365 0.16698865592479706
SN: 1643313 10 0 C2 3 0 54.514488 -29.538906000000001 0.39092999696731567 0.0010000000474974513 0.39044100046157837 0.0010000000474974513 0.39044094085693359 0.0017134487861767411 0 300 0 0 0.0096422657370567322 1 2 112519 -9 -9 0.39089998602867126 0.0010000000474974513 54.514985000000003 -29.538665999999999 1.781000018119812 1.3339999914169312 -2.2543768882751465 10.711999893188477 0.010999999940395355 -9999 -9999 1.0190000534057617 0.25099998712539673 -9.7049999237060547 0.25448969006538391 0.7720000147819519 -999 21.979999542236328 20.850000381469727 20.420000076293945 20.110000610351562 0 0 0 0 24.520000457763672 69.379997253417969 91.989997863769531 117.58000183105469 24.026199340820312 22.896913528442383 22.590648651123047 22.324165344238281 57751.14453125 32.734210968017578 20.351230621337891 12.644953727722168 74.13330078125 riz 0 57752.40234375 0.38529229164123535 0.53512579202651978 0.32193195819854736 0.061681985855102539 0.034759901463985443 22.334035873413086 0.036285977810621262 2.0911524188704789e-05 6.9887613562968909e-07 0.0013500452041625977 -8.8515619722784322e-08 -1.8664044532101798e-08 26 20.485799789428711 0.76799380779266357 0.27219811081886292
SN: 1420185 10 0 C3 3 0 52.394280000000002 -27.508322 0.64519000053405762 0.0010000000474974513 0.64452898502349854 0.0010000000474974513 0.64452898502349854 0.0019256388768553734 0 300 0 0 0.0082845622673630714 1 1 -23053 -9 -9 0.64520001411437988 0.0010000000474974513 52.394001000000003 -27.508067 1.2790000438690186 1.0770000219345093 -9 9.6899995803833008 0.012000000104308128 -9999 -9999 1.6080000400543213 0.41499999165534973 -8.0760002136230469 0.41569340229034424 0.22300000488758087 -999 24.090000152587891 23.340000152587891 22.899999618530273 22.739999771118164 0.0099999997764825821 0.0099999997764825821 0 0.0099999997764825821 4.179999828338623 9.5200004577636719 12.939999580383301 14.680000305175781 25.947059631347656 25.053407669067383 24.720165252685547 24.583185195922852 57660.2421875 25.889041900634766 24.8338623046875 15.151620864868164 57.619792938232422 riz 0 57660.1015625 0.57807517051696777 0.0051401774398982525 0.36335611343383789 0.066350899636745453 0.0380568727850914 23.84239387512207 0.032833155244588852 5.2124605645076372e-06 1.5762716998324322e-07 0.0013667630264535546 -3.1017840740332758e-08 -3.0974232068103902e-09 43 31.194950103759766 0.90969401597976685 0.22117629647254944
SN: 1430116 10 0 C3 3 0 52.938735999999999 -28.139298 1.0222200155258179 0.0010000000474974513 1.021435022354126 0.0010000000474974513 1.021435022354126 0.002256469102576375 0 300 0 0 0.0078633604571223259 1 3 -23286 -9 -9 1.0221999883651733 0.0010000000474974513 52.938817999999998 -28.139223000000001 0.375 0.4050000011920929 -4.4400591850280762 11.253999710083008 0.018999999389052391 -9999 -9999 1.0249999761581421 0.35100001096725464 -10.237000465393066 0.36000138521194458 1.1419999599456787 -999 24.260000228881836 23.159999847412109 22.110000610351562 21.280000686645508 0.0099999997764825821 0 0 0 4.7300000190734863 13.210000038146973 36.770000457763672 69.080001831054688 25.812847137451172 24.697742462158203 23.586265563964844 22.901618957519531 57660.34765625 14.003506660461426 9.7510461807250977 -99 28.430604934692383 iz 0 57665.7890625 1.1426353454589844 0.44143077731132507 0.69926297664642334 -0.038470834493637085 0.12174269556999207 24.511171340942383 0.073532968759536743 2.8153447146905819e-06 1.9067306311626453e-07 0.0053959670476615429 -7.5914641683993977e-08 1.1519795783954123e-08 36 45.828407287597656 0.12630131840705872 0.19518128037452698
SN: 1673068 10 0 C1+C3 3 0 53.431773999999997 -27.463429000000001 0.52837997674942017 0.0010000000474974513 0.52779299020767212 0.0010000000474974513 0.52779293060302734 0.0018268186831846833 0 300 0 0 0.0075726420618593693 1 1 -24908 -9 -9 0.5284000039100647 0.0010000000474974513 53.431837000000002 -27.463542 0.45300000905990601 0.49599999189376831 -9 10.788000106811523 0.039999999105930328 -9999 -9999 -0.2070000022649765 5.4099998474121094 -10.982999801635742 5.4104528427124023 1.1749999523162842 -999 22.940000534057617 21.260000228881836 20.549999237060547 20.149999618530273 0.0099999997764825821 0 0 0 15.470000267028809 67.389999389648438 134.83000183105469 188.33999633789062 24.526273727416992 22.928512573242188 22.175533294677734 21.812643051147461 57770.14453125 48.430561065673828 20.40306282043457 16.686946868896484 80.124130249023438 riz 0 57767.73046875 0.36705723404884338 -1.0393357276916504 0.31845003366470337 -0.10470418632030487 0.035561554133892059 22.942310333251953 0.032251086086034775 1.1941972843487747e-05 3.5472854165163881e-07 0.0016136429039761424 -5.9932212082003389e-08 -6.5859389053457562e-09 48 59.536624908447266 0.12275652587413788 0.49176725745201111
SN: 1366175 10 0 E2 3 0 10.430503 -44.249554000000003 0.40560999512672424 0.0010000000474974513 0.40461501479148865 0.0010000000474974513 0.40461504459381104 0.0017249860102310777 0 300 0 0 0.0059644118882715702 1 2 -18468 -9 -9 0.40560001134872437 0.0010000000474974513 10.430633 -44.249392 0.67199999094009399 0.57099997997283936 -3.949812650680542 10.309000015258789 0.054999999701976776 -9999 -9999 0.097000002861022949 10.097000122070312 -10.211000442504883 10.097400665283203 1.3609999418258667 -999 23.450000762939453 21.819999694824219 21.280000686645508 20.959999084472656 0.0099999997764825821 0 0 0 7.570000171661377 37.060001373291016 57.330001831054688 75.989997863769531 25.30225944519043 23.577735900878906 23.104045867919922 22.79810905456543 57614.2109375 10.907779693603516 10.455650329589844 7.9491395950317383 30.367918014526367 riz 0 57612.5234375 1.4320015907287598 -2.8115973472595215 0.62232571840286255 0.02863205224275589 0.086677581071853638 22.749528884887695 0.12428101152181625 1.4262271179177333e-05 1.6325600427080644e-06 0.012642114423215389 -2.8837462195951957e-07 -1.0981445086599706e-07 37 30.36741828918457 0.77149820327758789 0.94204622507095337
SN: 1643316 10 0 C2 3 0 53.841248 -29.68788 0.5494999885559082 0.0010000000474974513 0.54893898963928223 0.0010000000474974513 0.54893898963928223 0.0018445635214447975 0 300 0 0 0.0098923509940505028 1 1 112493 -9 -9 0.5494999885559082 0.0010000000474974513 53.841295000000002 -29.68788 0.14599999785423279 0.13300000131130219 -9 11.008999824523926 0.014000000432133675 -9999 -9999 1.0410000085830688 0.02500000037252903 -9.9600000381469727 0.068709529936313629 0.74099999666213989 -999 22.059999465942383 20.879999160766602 20.309999465942383 20 0 0 0 0 37.080001831054688 116.19000244140625 194.10000610351562 249.64999389648438 23.577150344848633 22.337078094482422 21.779935836791992 21.506671905517578 57751.1484375 19.360967636108398 9.7735958099365234 9.0305891036987305 41.467674255371094 riz 0 57748.88671875 0.61478942632675171 -1.6305915117263794 0.62495183944702148 0.036038815975189209 0.055965036153793335 23.033054351806641 0.046067789196968079 1.0984443179040682e-05 4.6606993464592961e-07 3.5434040910331532e-05 -1.2392962389640161e-07 -1.3457633230018473e-08 29 27.290647506713867 0.55602723360061646 0.55664753913879395
SN: 1662023 10 0 X2 3 0 35.454948000000002 -6.4518959999999996 0.31373998522758484 0.0010000000474974513 0.3126780092716217 0.0010000000474974513 0.31267797946929932 0.0016508855624124408 0 300 0 0 0.022478120401501656 1 2 115688 -9 -9 0.31369999051094055 0.0010000000474974513 35.455213999999998 -6.4514800000000001 1.7730000019073486 1.5460000038146973 -2.2136092185974121 10.369999885559082 0.010999999940395355 -9999 -9999 0.81699997186660767 0.25499999523162842 -9.5380001068115234 0.25827506184577942 1.0700000524520874 -999 22.379999160766602 21.229999542236328 20.729999542236328 20.370000839233398 0.0099999997764825821 0 0 0 13.579999923706055 46.229999542236328 62.950000762939453 96.870002746582031 24.667751312255859 23.337690353393555 23.002510070800781 22.534526824951172 57763.078125 42.397487640380859 37.505119323730469 28.202642440795898 100.77845001220703 griz 0 57766.27734375 0.29529562592506409 -0.40548801422119141 0.36307048797607422 -0.15592864155769348 0.026075318455696106 21.19896125793457 0.03481590747833252 5.9486148529686034e-05 1.9075207546848105e-06 0.0053990264423191547 -5.3843967862121644e-07 -3.5350797844557746e-08 18 15.129222869873047 0.65307587385177612 0.53704893589019775
SN: 1639025 10 0 E2 3 0 10.120908999999999 -43.370361000000003 0.66310000419616699 0.0010000000474974513 0.6618959903717041 0.0010000000474974513 0.6618959903717041 0.0019405113998800516 0 300 0 0 0.0084742158651351929 1 2 110909 -9 -9 0.66310000419616699 0.0010000000474974513 10.120682 -43.370440000000002 0.6589999794960022 0.90200001001358032 -3.0415439605712891 10.206000328063965 0.013000000268220901 -9999 -9999 0.44100001454353333 0.74299997091293335 -9.7620000839233398 0.74436146020889282 1.0290000438690186 -999 24.819999694824219 23.139999389648438 22.319999694824219 21.950000762939453 0.039999999105930328 0.0099999997764825821 0.0099999997764825821 0.0099999997764825821 2.3299999237060547 11.340000152587891 25.409999847412109 34.099998474121094 26.581609725952148 24.863468170166016 23.98748779296875 23.668113708496094 57740.05859375 21.654365539550781 14.726070404052734 12.382612228393555 43.593708038330078 riz 0 57743.8671875 0.92971736192703247 0.62931829690933228 0.65660512447357178 -0.11436270922422409 0.047265432775020599 23.262042999267578 0.040378943085670471 8.8957585830939934e-06 3.3083665584854316e-07 0.0069227595813572407 -1.3995948222600418e-07 -3.8864125251336645e-09 20 11.053668022155762 0.94481885433197021 0.43511483073234558
SN: 1559147 10 0 X3 3 0 37.158912999999998 -4.4117670000000002 0.63359999656677246 0.0010000000474974513 0.63231098651885986 0.0010000000474974513 0.63231098651885986 0.0019152010791003704 0 300 0 0 0.022816192358732224 1 1 107092 -9 -9 0.63359999656677246 0.0010000000474974513 37.158757999999999 -4.411778 0.55699998140335083 0.66600000858306885 -9 9.6800003051757812 0.035999998450279236 -9999 -9999 0.30500000715255737 0.32600000500679016 -9.380000114440918 0.3798697292804718 0.51800000667572021 -999 24.790000915527344 23.840000152587891 23.270000457763672 22.989999771118164 0.019999999552965164 0.0099999997764825821 0.0099999997764825821 0.0099999997764825821 2.5499999523162842 7.5900001525878906 12.050000190734863 14.630000114440918 26.483650207519531 25.299396514892578 24.79753303527832 24.586889266967773 57739.0703125 22.35966682434082 22.226642608642578 19.491600036621094 69.351280212402344 riz 0 57728.890625 0.4192083477973938 0.74728375673294067 0.35519331693649292 0.093653276562690735 0.034531693905591965 23.525745391845703 0.035393819212913513 6.9775333031429909e-06 2.274599921747722e-07 0.0033620195463299751 -5.8748597098201571e-08 -4.3547929706733157e-09 29 21.701032638549805 0.8323555588722229 0.3993782103061676
SN: 1385187 10 0 S1 3 0 43.139781999999997 -0.089557999999999999 0.52319002151489258 0.0010000000474974513 0.52212101221084595 0.0010000000474974513 0.52212095260620117 0.0018220714991912246 0 300 0 0 0.048342008143663406 1 1 48907 -9 -9 0.52319997549057007 0.0010000000474974513 43.140030000000003 -0.089605000000000004 0.9089999794960022 1.4029999971389771 -9 9.2170000076293945 0.041000001132488251 -9999 -9999 1.0260000228881836 1.121999979019165 -8.1339998245239258 1.125291109085083 0.27799999713897705 -999 24.299999237060547 23.329999923706055 22.969999313354492 22.860000610351562 0.029999999329447746 0.0099999997764825821 0.0099999997764825821 0.019999999552965164 3.4700000286102295 8.1099996566772461 11.25 13.039999961853027 26.149175643920898 25.227447509765625 24.872119903564453 24.71180534362793 57625.3046875 11.463766098022461 10.952764511108398 9.3272933959960938 37.565456390380859 riz 0 57649.37890625 0.69078648090362549 2.0498526096343994 0.69850313663482666 0.17055715620517731 0.057851679623126984 23.10856819152832 0.075471565127372742 1.0246435522276442e-05 7.1224900466404506e-07 0.01259496808052063 -3.3613864047765674e-07 -2.9862949446624043e-08 55 59.63525390625 0.31090006232261658 0.88887381553649902
SN: 1516019 10 1 E2 3 0 9.9586310000000005 -43.564757999999998 0.42539000511169434 0.0010000000474974513 0.42436099052429199 0.0010000000474974513 0.42436099052429199 0.001741123734973371 0 300 0 0 0.0052721835672855377 1 3 104883 -9 -9 0.42539998888969421 0.0010000000474974513 9.9587470000000007 -43.564663000000003 0.45699998736381531 0.48800000548362732 -3.6405525207519531 9.1450004577636719 0.059999998658895493 -9999 -9999 -0.14399999380111694 0.067000001668930054 -9.3789997100830078 0.36814805865287781 0.29499998688697815 -999 23.860000610351562 22.940000534057617 22.729999542236328 22.549999237060547 0.019999999552965164 0.0099999997764825821 0.0099999997764825821 0.0099999997764825821 4.929999828338623 12.609999656677246 16.370000839233398 18.299999237060547 25.76788330078125 24.748212814331055 24.464878082275391 24.3438720703125 57694.02734375 27.013755798339844 16.417701721191406 11.069527626037598 49.197338104248047 riz 0 57695.7265625 0.46826040744781494 -1.1742570400238037 0.35167211294174194 -0.07191823422908783 0.052603553980588913 22.637374877929688 0.059324100613594055 1.5814315702300519e-05 8.6408658717118669e-07 0.003959971945732832 -1.5825168020455749e-07 -3.6033171113558637e-08 41 35.32794189453125 0.72013837099075317 0.45899683237075806
SN: 1366482 10 1 C3 3 0 52.570999 -28.321494999999999 0.3220599889755249 0.0010000000474974513 0.32153999805450439 0.0010000000474974513 0.32153999805450439 0.0016579502262175083 0 300 0 0 0.0070295985788106918 1 1 46862 -9 -9 0.32210001349449158 0.0010000000474974513 52.570962999999999 -28.321358 0.50599998235702515 0.6119999885559082 -9 9.305999755859375 0.008999999612569809 -9999 -9999 1.0770000219345093 0.14599999785423279 -8.1979999542236328 0.14612323045730591 0.12700000405311584 -999 22.649999618530273 22.040000915527344 21.870000839233398 21.620000839233398 0 0 0 0 20.360000610351562 34.889999389648438 42.439998626708984 49.360000610351562 24.228055953979492 23.643247604370117 23.430561065673828 23.266563415527344 57637.31640625 96.497177124023438 83.558341979980469 77.923583984375 320.5289306640625 griz 0 57637.40234375 0.16168643534183502 0.83075493574142456 0.13485029339790344 -0.0080749616026878357 0.01290251687169075 21.792697906494141 0.01567368395626545 3.4428689104970545e-05 4.9701242232913501e-07 0.00027080997824668884 -3.2423891127564275e-08 -4.2998817839645653e-09 49 51.977977752685547 0.35867246985435486 0.27822339534759521
SN: 1536021 10 0 E1 3 0 6.62507 -43.462746000000003 0.53523999452590942 0.0010000000474974513 0.53410202264785767 0.0010000000474974513 0.53410196304321289 0.0018321054521948099 0 300 0 0 0.0060944627039134502 1 1 105597 -9 -9 0.53519999980926514 0.0010000000474974513 6.6253299999999999 -43.462668000000001 0.73500001430511475 1.1339999437332153 -9 10.029999732971191 0.012000000104308128 -9999 -9999 -1.5720000267028809 0.95499998331069946 -11.602999687194824 0.95942115783691406 1.4210000038146973 -999 25.129999160766602 23.159999847412109 22.469999313354492 22.110000610351562 0.059999998658895493 0.0099999997764825821 0.0099999997764825821 0.0099999997764825821 1.9900000095367432 12.050000190734863 22.610000610351562 30.819999694824219 26.752866744995117 24.79753303527832 24.114248275756836 23.777917861938477 57694.015625 9.4654912948608398 8.3326663970947266 7.3301272392272949 28.160726547241211 riz 0 57700.65234375 0.77395439147949219 -1.0029091835021973 0.59657531976699829 0.15384460985660553 0.068510286509990692 23.299205780029297 0.076384387910366058 8.5964211393729784e-06 6.0478078012238257e-07 0.0073421169072389603 -2.0174488213342556e-07 -3.0614859980460096e-08 43 41.292060852050781 0.54556399583816528 0.61215859651565552
SN: 1368131 10 1 X3 3 0 35.745559999999998 -4.1250390000000001 0.30799999833106995 0.0010000000474974513 0.30693700909614563 0.0010000000474974513 0.30693697929382324 0.0016463182400912046 0 300 0 0 0.021133050322532654 1 4 47201 -9 -9 0.30799999833106995 0.0010000000474974513 35.745727000000002 -4.1250169999999997 0.60500001907348633 0.335999995470047 -4.4724607467651367 10.923000335693359 0.010999999940395355 -9999 -9999 0.94499999284744263 0.15700000524520874 -9.9350004196166992 0.16130095720291138 0.93999999761581421 -999 21.590000152587891 20.270000457763672 19.629999160766602 19.409999847412109 0 0 0 0 64.30999755859375 204.02999877929688 319.6300048828125 424.989990234375 22.979303359985352 21.725765228271484 21.238380432128906 20.929054260253906 57631.29296875 69.030494689941406 45.698398590087891 31.44304084777832 136.32328796386719 griz 0 57627.77734375 0.29029059410095215 -0.67045295238494873 0.17243912816047668 -0.078428663313388824 0.017973333597183228 21.443214416503906 0.024339666590094566 4.750226071337238e-05 1.0648896022757981e-06 0.0006236675544641912 -8.8082742877304554e-08 -1.13154969838547e-08 42 25.105291366577148 0.98198133707046509 0.34393355250358582
SN: 1387174 10 1 C2 3 0 54.836936999999999 -29.843738999999999 0.69900000095367432 0.0010000000474974513 0.69841498136520386 0.0010000000474974513 0.69841504096984863 0.0019719188567250967 0 300 0 0 0.010425875894725323 1 1 49102 -9 -9 0.69900000095367432 0.0010000000474974513 54.837076000000003 -29.843889000000001 0.69199997186660767 1.5549999475479126 -9 8.7539997100830078 0.092000000178813934 -9999 -9999 -0.32199999690055847 0.69199997186660767 -9.0139999389648438 0.86500000953674316 0.1940000057220459 -999 25.819999694824219 24.989999771118164 24.5 24.440000534057617 0.090000003576278687 0.059999998658895493 0.05000000074505806 0.059999998658895493 0.92000001668930054 2.130000114440918 3.5399999618530273 2.809999942779541 27.5 26.679050445556641 26.127490997314453 26.37823486328125 57645.26171875 11.992865562438965 9.715083122253418 9.3179817199707031 34.521476745605469 riz 0 57642.875 0.71559303998947144 -0.010919706895947456 0.60694026947021484 -0.096894413232803345 0.050719708204269409 23.320392608642578 0.05132019892334938 8.4302955656312406e-06 3.9848026744948584e-07 0.0083329016342759132 -1.761414551992857e-07 -5.6903495249116531e-09 52 39.665782928466797 0.89511042833328247 0.32300186157226562
SN: 1372115 10 0 C3 3 0 53.024253999999999 -27.918801999999999 0.89915299415588379 0.0010000000474974513 0.89841598272323608 0.0010000000474974513 0.89841604232788086 0.0021468100603669882 0 300 0 0 0.0063776113092899323 2 5 46552 -9 -9 0.89920002222061157 0.0010000000474974513 53.024726999999999 -27.918793999999998 1.5039999485015869 1.5970000028610229 -1.0712456703186035 10.059000015258789 0.023000000044703484 -9999 -9999 0.97000002861022949 0.45300000905990601 -9.1079998016357422 0.46736922860145569 0.39599999785423279 -999 24.489999771118164 23.829999923706055 23.020000457763672 22.659999847412109 0.0099999997764825821 0.0099999997764825821 0.0099999997764825821 0.0099999997764825821 1.940000057220459 2.9500000476837158 5.679999828338623 8.6700000762939453 26.780494689941406 26.325445175170898 25.614130020141602 25.154953002929688 57643.328125 12.756497383117676 10.75139045715332 -99 32.422855377197266 iz 0 57634.26171875 1.2123762369155884 0.05957316979765892 0.65550529956817627 -0.015297017060220242 0.11068025231361389 24.492532730102539 0.046722047030925751 2.8640934033319354e-06 1.2324937870289432e-07 0.0037595767062157393 -4.328523672825213e-08 -2.5498658740019664e-09 31 42.602832794189453 0.080139629542827606 0.054720334708690643
SN: 1488029 10 1 E2 3 0 8.6584719999999997 -44.771503000000003 0.47938001155853271 0.0010000000474974513 0.47832998633384705 0.0010000000474974513 0.47833001613616943 0.0017856026533991098 0 300 0 0 0.0079517178237438202 1 1 103929 -9 -9 0.47940000891685486 0.0010000000474974513 8.6582109999999997 -44.77216 2.4570000171661377 1.8730000257492065 -9 9.6099996566772461 0.0030000000260770321 -9999 -9999 1.0080000162124634 0.068999998271465302 -8.5729999542236328 0.068999998271465302 -0.043000001460313797 -999 22.350000381469727 20.790000915527344 20.180000305175781 19.780000686645508 0.0099999997764825821 0 0 0 4.4000000953674316 20.040000915527344 38.849998474121094 48.450000762939453 25.891368865966797 24.245254516601562 23.526523590087891 23.286766052246094 57682.01953125 24.907865524291992 16.150239944458008 11.235843658447266 57.463722229003906 riz 0 57687.16015625 0.46211650967597961 0.58406269550323486 0.34743648767471313 -0.065388038754463196 0.03668329119682312 22.332950592041016 0.036589790135622025 2.0932424376951531e-05 7.0543194397032494e-07 0.00025347428163513541 -1.2694223983089614e-07 -1.5236381045724556e-08 46 31.607563018798828 0.94761753082275391 0.2922496497631073
SN: 1368188 10 1 C3 3 0 53.097220999999998 -28.794487 0.24050000309944153 0.0010000000474974513 0.24002699553966522 0.0010000000474974513 0.24002695083618164 0.0015936496201902628 0 300 0 0 0.0073042646981775761 1 2 -19255 -9 -9 0.24050000309944153 0.0010000000474974513 53.096249 -28.794407 3.0799999237060547 1.6790000200271606 -1.4981560707092285 10.866000175476074 0.004999999888241291 -9999 -9999 1.1690000295639038 0.028000000864267349 -9.6789999008178711 0.0382099449634552 1.1820000410079956 -999 20.850000381469727 19.719999313354492 19.139999389648438 18.930000305175781 0 0 0 0 14.319999694824219 35.069999694824219 46.849998474121094 64.589996337890625 24.610141754150391 23.637660980224609 23.323226928710938 22.974586486816406 57627.41796875 132.35655212402344 122.57506561279297 121.24383544921875 395.216064453125 griz 0 57627.390625 0.19430054724216461 -0.57737606763839722 0.11286346614360809 -0.0029708764050155878 0.013801836408674717 21.107803344726562 0.017545972019433975 6.4696134359110147e-05 1.0455178198753856e-06 0.00023063001572154462 -3.7079097126024863e-08 -1.0234467495706667e-08 43 39.392063140869141 0.62855178117752075 0.19271329045295715
SN: 1636093 10 0 E1 3 0 8.5467820000000003 -42.989123999999997 0.47890999913215637 0.0010000000474974513 0.47781801223754883 0.0010000000474974513 0.47781801223754883 0.0017851782031357288 0 300 0 0 0.007250495720654726 1 1 110822 -9 -9 0.47889998555183411 0.0010000000474974513 8.5468460000000004 -42.989196999999997 0.31400001049041748 0.43599998950958252 -9 9.819000244140625 0.016000000759959221 -9999 -9999 1.3240000009536743 0.32600000500679016 -8.4890003204345703 0.32856810092926025 0.41299998760223389 -999 22.870000839233398 21.840000152587891 21.549999237060547 21.280000686645508 0.0099999997764825821 0 0 0 15.119999885559082 39.580001831054688 52.419998168945312 63.709999084472656 24.551120758056641 23.506309509277344 23.201257705688477 22.989480972290039 57747.046875 25.575836181640625 20.0477294921875 14.932496070861816 52.597011566162109 riz 0 57746.046875 0.92803829908370972 1.9471390247344971 0.78395158052444458 0.056027792394161224 0.046009067445993423 22.850645065307617 0.046967364847660065 1.2993963537155651e-05 5.6209989907074487e-07 0.0057715638540685177 -2.120197848398675e-07 -1.8295445158855728e-08 17 17.845260620117188 0.39866530895233154 0.67538154125213623
SN: 1588019 10 0 C1+C3 3 0 53.405987000000003 -27.749009999999998 0.68831002712249756 0.0010000000474974513 0.6876639723777771 0.0010000000474974513 0.68766403198242188 0.0019626542925834656 0 300 0 0 0.006123837549239397 1 1 108043 -9 -9 0.68830001354217529 0.0010000000474974513 53.406072000000002 -27.749103000000002 0.43000000715255737 0.52100002765655518 -9 10.848999977111816 0.017999999225139618 -9999 -9999 0.36100000143051147 0 -10.47700023651123 0.026000000536441803 1.0609999895095825 -999 24.079999923706055 22.590000152587891 21.639999389648438 21.180000305175781 0.019999999552965164 0.0099999997764825821 0 0 4.9099998474121094 21.700000762939453 56.110000610351562 80.139999389648438 25.772296905517578 24.158851623535156 23.127399444580078 22.740375518798828 57739.22265625 22.481130599975586 19.713251113891602 14.661849975585938 68.054954528808594 riz 0 57730.8671875 0.335624098777771 -0.29906302690505981 0.30465960502624512 0.0033303988166153431 0.034964479506015778 23.583896636962891 0.033232018351554871 6.6136476561950985e-06 2.0242933373992855e-07 0.0027509499341249466 -4.5392127390186943e-08 -2.6009621123534998e-09 52 69.704360961914062 0.051072925329208374 0.10030389577150345
SN: 1641173 10 101 X3 3 0 36.320602000000001 -4.4897309999999999 0.4447999894618988 0.0010000000474974513 0.44364100694656372 0.0010000000474974513 0.44364094734191895 0.0017569521442055702 0 300 0 0 0.020885447040200233 2 2 -25413 -9 -9 0.4447999894618988 0.0010000000474974513 36.320124999999997 -4.488861 3.5690000057220459 1.9819999933242798 -0.54535174369812012 10.621999740600586 0.013000000268220901 -9999 -9999 1.8890000581741333 0.018999999389052391 -8.6180000305175781 0.038078866899013519 0.3970000147819519 -999 21.450000762939453 20.590000152587891 20.040000915527344 19.899999618530273 0 0 0 0 5.7600002288818359 14.630000114440918 19.340000152587891 22.819999694824219 25.598943710327148 24.586889266967773 24.283859252929688 24.104211807250977 57747.07421875 39.666545867919922 25.079299926757812 -99 70.860633850097656 ri 0 57746.2421875 0.54624855518341064 -0.21301893889904022 0.43005943298339844 0.049748983234167099 0.05149439349770546 23.013149261474609 0.037988040596246719 1.1187696145498194e-05 3.9143822050391464e-07 0.00085176643915474415 -6.0058312101318734e-08 -1.4586237995217743e-08 12 8.9424247741699219 0.70784008502960205 0.18039253354072571
SN: 1397029 10 0 C1 3 0 54.639954000000003 -27.672734999999999 0.35991001129150391 0.0010000000474974513 0.35941800475120544 0.0010000000474974513 0.35941803455352783 0.0016883376520127058 0 300 0 0 0.0094023104757070541 1 2 49434 -9 -9 0.35989999771118164 0.0010000000474974513 54.640051999999997 -27.672643999999998 0.45500001311302185 0.64399999380111694 -3.1495394706726074 9.2729997634887695 0.034000001847743988 -9999 -9999 0.26800000667572021 0.78799998760223389 -8.9829998016357422 0.79577946662902832 0.61100000143051147 -999 23.959999084472656 23.010000228881836 22.729999542236328 22.440000534057617 0.019999999552965164 0.0099999997764825821 0.0099999997764825821 0.0099999997764825821 5.2399997711181641 13.949999809265137 18.229999542236328 23.579999923706055 25.701671600341797 24.638565063476562 24.348033905029297 24.068639755249023 57645.24609375 15.710376739501953 14.195571899414062 12.582837104797363 42.017005920410156 griz 0 57654.5625 0.49526280164718628 -0.24198727309703827 0.44142621755599976 -0.07117868959903717 0.037620149552822113 22.69127082824707 0.054945606738328934 1.5048457498778589e-05 7.6155390615895158e-07 0.0052778120152652264 -1.842677761487721e-07 -1.9593464628542279e-08 58 94.625701904296875 0.0017004931578412652 0.25059890747070312
SN: 1636043 10 0 E2 3 0 9.8556840000000001 -43.611569000000003 0.54054999351501465 0.0010000000474974513 0.53943902254104614 0.0010000000474974513 0.53943896293640137 0.0018365825526416302 0 300 0 0 0.0054260236211121082 1 1 110882 -9 -9 0.5404999852180481 0.0010000000474974513 9.8555489999999999 -43.611130000000003 1.6200000047683716 2.0069999694824219 -9 10.015999794006348 0.012000000104308128 -9999 -9999 1.8819999694824219 0 -8.1350002288818359 0.024000000208616257 0.25999999046325684 -999 22.319999694824219 21.399999618530273 21.069999694824219 20.889999389648438 0.0099999997764825821 0 0 0 9.6800003051757812 24.700000762939453 35.290000915527344 52.529998779296875 25.035312652587891 24.018257141113281 23.630870819091797 23.198982238769531 57747.0625 24.838445663452148 18.291557312011719 13.846591949462891 50.668838500976562 riz 0 57740.51171875 0.65919601917266846 1.0300918817520142 0.54998958110809326 0.049731362611055374 0.043775908648967743 23.082462310791016 0.041467450559139252 1.0495779861230403e-05 4.0086462149702129e-07 0.0045369276776909828 -1.1870445604245106e-07 -1.1338260108573195e-08 26 26.51679801940918 0.43499875068664551 0.38128584623336792
SN: 1501097 10 0 X1 3 0 34.206169000000003 -4.2182490000000001 0.43707001209259033 0.0010000000474974513 0.43586799502372742 0.0010000000474974513 0.4358680248260498 0.0017505624564364552 0 300 0 0 0.018255947157740593 1 2 104612 -9 -9 0.43709999322891235 0.0010000000474974513 34.206218999999997 -4.2181879999999996 0.28299999237060547 0.34799998998641968 -3.9240086078643799 10.253999710083008 0.061999998986721039 -9999 -9999 0.38199999928474426 6.9749999046325684 -9.824000358581543 6.9752168655395508 1.1080000400543213 -999 23.530000686645508 21.959999084472656 21.420000076293945 21.090000152587891 0.019999999552965164 0 0 0 8.7200002670288086 39.209999084472656 65.339996337890625 88.029998779296875 25.148708343505859 23.516508102416992 22.962051391601562 22.638423919677734 57687.08203125 27.298341751098633 18.402276992797852 10.707862854003906 63.315982818603516 riz 0 57696.17578125 0.51099085807800293 2.3136308193206787 0.44578671455383301 0.0038554796483367682 0.040454745292663574 22.246870040893555 0.049718532711267471 2.265960029035341e-05 1.0376388672739267e-06 0.0038578200619667768 -2.9633960707542428e-07 -3.0505134418490343e-08 41 33.252391815185547 0.79993617534637451 0.77131730318069458
SN: 1479069 10 1 E1+E2 3 0 8.9572459999999996 -43.393559000000003 0.17352999746799469 0.0010000000474974513 0.17267300188541412 0.0010000000474974513 0.17267298698425293 0.0015417514368891716 0 300 0 0 0.0064591411501169205 1 1 103882 -9 -9 0.17350000143051147 0.0010000000474974513 8.9575169999999993 -43.393658000000002 0.79400002956390381 1.0190000534057617 -9 9.0799999237060547 0.024000000208616257 -9999 -9999 0.49300000071525574 0.68800002336502075 -8.5719995498657227 0.68910449743270874 0.58099997043609619 -999 22.309999465942383 21.690000534057617 21.409999847412109 21.25 0 0 0 0 24.989999771118164 44.400001525878906 54.680000305175781 66.459999084472656 24.005584716796875 23.381542205810547 23.155429840087891 22.943599700927734 57686.01953125 203.26820373535156 168.83200073242188 106.35752868652344 668.92950439453125 griz 0 57688.95703125 0.1108531653881073 1.251160740852356 0.10857187211513519 -0.069490492343902588 0.012089291587471962 19.856000900268555 0.016043690964579582 0.00020492725889198482 3.0281660201580962e-06 0.0002592436212580651 -1.9083974223121913e-07 -2.4468333137406262e-08 98 46.732906341552734 0.99999749660491943 0.47706231474876404
SN: 1376168 10 1 E2 3 0 8.0887849999999997 -43.846072999999997 0.49347999691963196 0.0010000000474974513 0.49239298701286316 0.0010000000474974513 0.49239301681518555 0.0017972784116864204 0 300 0 0 0.0062207668088376522 1 2 47860 -9 -9 0.4934999942779541 0.0010000000474974513 8.0888240000000007 -43.846220000000002 0.53899997472763062 0.40200001001358032 -3.5721855163574219 11.079999923706055 0.032999999821186066 -9999 -9999 -0.95399999618530273 9.0459995269775391 -12.015999794006348 9.046198844909668 1.434999942779541 -999 22.790000915527344 20.989999771118164 20.219999313354492 19.819999694824219 0.0099999997764825821 0 0 0 17.299999237060547 98.339996337890625 187.83000183105469 280.010009765625 24.404884338378906 22.51817512512207 21.815587997436523 21.382064819335938 57641.09375 13.73334789276123 7.0066823959350586 5.8314828872680664 38.2078857421875 riz 0 57641.67578125 0.46485120058059692 -0.91852110624313354 0.47988039255142212 -0.19817426800727844 0.059838071465492249 22.734674453735352 0.056142944842576981 1.4458742043643724e-05 7.4765523550013313e-07 0.004708731546998024 -2.371473470930141e-07 -2.3684775030119454e-08 55 49.470813751220703 0.68502646684646606 0.72808611392974854
SN: 1641279 10 0 E1 3 0 7.7924920000000002 -42.662982999999997 0.2249000072479248 0.0010000000474974513 0.2239840030670166 0.0010000000474974513 0.2239840030670166 0.0015811820048838854 0 300 0 0 0.006083381362259388 2 2 112583 -9 -9 0.2249000072479248 0.0010000000474974513 7.7926630000000001 -42.662982 0.45300000905990601 0.18000000715255737 -4.1286053657531738 10.965000152587891 0.061000000685453415 -9999 -9999 1.0729999542236328 6.4699997901916504 -9.8610000610351562 6.4704465866088867 1.3650000095367432 -999 20.489999771118164 19.239999771118164 18.790000915527344 18.440000534057617 0 0 0 0 166.78999328613281 518.19000244140625 819.96002197265625 1086.9300537109375 21.944576263427734 20.713777542114258 20.215518951416016 19.909496307373047 57751.05859375 46.976089477539062 42.859462738037109 34.897373199462891 124.03365325927734 griz 0 57752.453125 0.32278144359588623 0.30638691782951355 0.33434408903121948 -0.02376982569694519 0.020129585638642311 20.696662902832031 0.025586003437638283 9.4478906248696148e-05 2.2264503058977425e-06 0.0021541656460613012 -3.5694520761353488e-07 -3.1315231296957791e-08 20 16.008447647094727 0.71610003709793091 0.12926003336906433
SN: 1531089 10 1 E2 3 0 10.177927 -43.921810000000001 0.2924099862575531 0.0010000000474974513 0.291485995054245 0.0010000000474974513 0.29148602485656738 0.0016340630827471614 0 300 0 0 0.0052988547831773758 1 1 105658 -9 -9 0.29240000247955322 0.0010000000474974513 10.177837 -43.921788999999997 0.24500000476837158 0.28499999642372131 -9 10.14900016784668 0.0040000001899898052 -9999 -9999 0.20200000703334808 1.1369999647140503 -9.9479999542236328 1.1387439966201782 1.3760000467300415 -999 22.690000534057617 21.280000686645508 20.790000915527344 20.489999771118164 0.0099999997764825821 0 0 0 18.209999084472656 70.510002136230469 111.68000030517578 140.86000061035156 24.349224090576172 22.879373550415039 22.380062103271484 22.128030776977539 57701.04296875 52.760860443115234 40.687061309814453 27.870304107666016 124.25681304931641 griz 0 57701.7421875 0.20589849352836609 -0.92805540561676025 0.19028881192207336 -0.0088553400710225105 0.020387474447488785 21.482810974121094 0.026801044121384621 4.5801083615515381e-05 1.1305847920084489e-06 0.0014523976715281606 -1.353608354293101e-07 -1.6677622838301431e-08 43 33.110843658447266 0.86165255308151245 0.3107568621635437
SN: 1644163 10 0 S2 3 0 41.037303999999999 -1.1755059999999999 0.56317001581192017 0.0010000000474974513 0.56202101707458496 0.0010000000474974513 0.56202101707458496 0.0018555769929662347 0 300 0 0 0.024090932682156563 1 1 111638 -9 -9 0.56319999694824219 0.0010000000474974513 41.037376999999999 -1.1754789999999999 0.27900001406669617 0.33500000834465027 -9 10.704999923706055 0.035999998450279236 -9999 -9999 0.8410000205039978 8.7060003280639648 -9.8610000610351562 8.7069263458251953 1.3209999799728394 -999 23.770000457763672 22.100000381469727 21.350000381469727 20.899999618530273 0.019999999552965164 0.0099999997764825821 0 0 7.5100002288818359 34.909999847412109 73.660003662109375 107.37000274658203 25.31089973449707 23.64262580871582 22.831920623779297 22.422792434692383 57750.1328125 13.389530181884766 10.047604560852051 7.6888861656188965 25.664455413818359 riz 0 57743.97265625 1.2968626022338867 -0.72300821542739868 0.86573874950408936 0.028135959059000015 0.077174946665763855 23.478206634521484 0.067418232560157776 7.2898264988907613e-06 4.5265804260452569e-07 0.01502002589404583 -2.6795265739565366e-07 -2.2559756729378933e-08 23 17.874380111694336 0.76426714658737183 0.25860825181007385
SN: 1403033 10 0 E2 3 0 10.065434 -44.450252999999996 0.4753899872303009 0.0010000000474974513 0.47434699535369873 0.0010000000474974513 0.47434699535369873 0.0017823019297793508 0 300 0 0 0.0061183450743556023 1 1 49275 -9 -9 0.47540000081062317 0.0010000000474974513 10.064921999999999 -44.450139 1.3799999952316284 1.2089999914169312 -9 10.628999710083008 0.0060000000521540642 -9999 -9999 0.95099997520446777 0.16699999570846558 -9.6789999008178711 0.16916856169700623 1.1759999990463257 -999 23.399999618530273 22.059999465942383 21.5 21.059999465942383 0.0099999997764825821 0 0 0 8.4300003051757812 29.680000305175781 56.25 71.959999084472656 25.185430526733398 23.818840026855469 23.12469482421875 22.857273101806641 57641.09375 13.944275856018066 10.180663108825684 8.9289283752441406 34.88092041015625 riz 0 57651.34765625 0.71204590797424316 -1.0278196334838867 0.5785478949546814 0.075723990797996521 0.059863939881324768 23.254905700683594 0.065930686891078949 8.9544291768106632e-06 5.4375243507820414e-07 0.0074023562483489513 -1.9612870971741359e-07 -2.2467983029628158e-08 53 62.999721527099609 0.16354876756668091 0.4255487322807312
SN: 1638030 10 101 S2 3 0 41.714396999999998 -1.379116 0.37235000729560852 0.0010000000474974513 0.37135800719261169 0.0010000000474974513 0.37135803699493408 0.0016979790525510907 0 300 0 0 0.029841357842087746 1 1 111709 -9 -9 0.37239998579025269 0.0010000000474974513 41.714495999999997 -1.3791 0.3619999885559082 0.38299998641014099 -9 10.76200008392334 0.093000002205371857 -9999 -9999 -0.054000001400709152 9.9460000991821289 -10.781000137329102 9.9462127685546875 1.5420000553131104 -999 22.540000915527344 20.790000915527344 20.190000534057617 19.829999923706055 0.0099999997764825821 0 0 0 23.290000915527344 121.45999908447266 215.92999267578125 295.989990234375 24.082077026367188 22.288917541503906 21.664218902587891 21.321807861328125 57756.08203125 20.884710311889648 18.96776008605957 14.170285224914551 48.133296966552734 giz 0 57753.1328125 0.54871594905853271 -0.49592903256416321 0.58227229118347168 -0.010628451593220234 0.026964413002133369 22.091524124145508 0.043051116168498993 2.6145120500586927e-05 1.0366943570261355e-06 0.0079667791724205017 -3.8955903391979518e-07 -1.4830423999967479e-08 17 11.057856559753418 0.85354053974151611 0.16906343400478363
SN: 1590122 10 0 C2 3 0 54.063476999999999 -28.557043 0.7801700234413147 0.0010000000474974513 0.77951902151107788 0.0010000000474974513 0.77951908111572266 0.002042281674221158 0 300 0 0 0.009553045965731144 1 1 108169 -9 -9 0.78020000457763672 0.0010000000474974513 54.063960000000002 -28.556692999999999 1.9800000190734863 1.3830000162124634 -9 10.788999557495117 0.032999999821186066 -9999 -9999 1.2539999485015869 0.41499999165534973 -9.5369997024536133 0.42137157917022705 0.75700002908706665 -999 23.819999694824219 22.760000228881836 21.780000686645508 21.309999465942383 0.019999999552965164 0.0099999997764825821 0 0 2.3599998950958252 7.9800000190734863 14.689999580383301 22.299999237060547 26.567720413208008 25.244993209838867 24.58244514465332 24.129238128662109 57725.0625 9.6858797073364258 7.4071693420410156 6.8438396453857422 26.722442626953125 riz 0 57731.3125 0.81794935464859009 0.11665967851877213 0.81681513786315918 -0.00085457699606195092 0.066542640328407288 23.686918258666992 0.07103583961725235 6.0149614000692964e-06 3.9353741954073485e-07 0.012657415121793747 -2.4962741917988751e-07 -2.3949031646708363e-09 46 35.029514312744141 0.88076692819595337 0.038990754634141922
SN: 1531113 10 0 X1 3 0 33.677765000000001 -4.50969 0.45816999673843384 0.0010000000474974513 0.45693999528884888 0.0010000000474974513 0.4569399356842041 0.0017679104348644614 0 300 0 0 0.018570639193058014 1 1 -23775 -9 -9 0.45820000767707825 0.0010000000474974513 33.677760999999997 -4.5095419999999997 0.5339999794960022 0.69099998474121094 -9 9.9300003051757812 0.016000000759959221 -9999 -9999 1.0449999570846558 0.027000000700354576 -8.8620004653930664 0.055946402251720428 0.52600002288818359 -999 23.190000534057617 22.079999923706055 21.709999084472656 21.430000305175781 0.0099999997764825821 0 0 0 10.439999580383301 32.479999542236328 48.450000762939453 60.529998779296875 24.953248977661133 23.72096061706543 23.286766052246094 23.045074462890625 57694.06640625 13.176359176635742 9.8602991104125977 7.4052786827087402 31.289962768554688 riz 0 57699.40234375 0.66268062591552734 -0.98087882995605469 0.5608140230178833 -0.036594267934560776 0.065370112657546997 22.909778594970703 0.071568325161933899 1.2305189557082485e-05 8.1111954841617262e-07 0.0071521159261465073 -2.7043481054533913e-07 -3.7362362093062984e-08 44 30.676233291625977 0.93610084056854248 0.34897267818450928
SN: 1531033 10 0 E2 3 0 8.9795239999999996 -44.621147000000001 0.6100199818611145 0.0010000000474974513 0.60887598991394043 0.0010000000474974513 0.60887598991394043 0.0018952405080199242 0 300 0 0 0.0086896196007728577 1 1 105671 -9 -9 0.61000001430511475 0.0010000000474974513 8.9796700000000005 -44.621313000000001 0.70300000905990601 0.65399998426437378 -9 10.862000465393066 0.017000000923871994 -9999 -9999 1.0160000324249268 0.35699999332427979 -9.9110002517700195 0.37074115872383118 1.2369999885559082 -999 23.819999694824219 22.219999313354492 21.350000381469727 20.940000534057617 0.019999999552965164 0 0 0 5.8499999046325684 29.110000610351562 65.94000244140625 89.080001831054688 25.582109451293945 23.839895248413086 22.952127456665039 22.62554931640625 57694.03515625 7.8157825469970703 7.0157113075256348 6.0315017700195312 20.583131790161133 riz 0 57690.92578125 1.0580284595489502 -1.0932075977325439 0.72551953792572021 0.067218512296676636 0.089562490582466125 23.681407928466797 0.078303977847099304 6.0455622588051483e-06 4.3600977051028167e-07 0.0028703503776341677 -1.8583270389171958e-07 -1.4841275763899375e-08 47 25.834516525268555 0.99486380815505981 0.42777663469314575
SN: 1555053 10 0 C1 3 0 53.683284999999998 -26.644317999999998 0.73138999938964844 0.0010000000474974513 0.73072397708892822 0.0010000000474974513 0.73072397708892822 0.0019998508505523205 0 300 0 0 0.0095934905111789703 1 1 106526 -9 -9 0.7314000129699707 0.0010000000474974513 53.683318 -26.644309 0.1120000034570694 0.15399999916553497 -9 10.796999931335449 0.048999998718500137 -9999 -9999 -6.4010000228881836 3.5989999771118164 -17.221000671386719 3.6033008098602295 1.2940000295639038 -999 24.479999542236328 22.600000381469727 21.520000457763672 21.040000915527344 0.029999999329447746 0.0099999997764825821 0 0 3.7999999523162842 19.270000457763672 56.360000610351562 85.319999694824219 26.050540924072266 24.287796020507812 23.12257194519043 22.672372817993164 57703.05859375 7.9055547714233398 6.3932485580444336 4.458284854888916 23.830060958862305 riz 0 57711.01171875 1.1165585517883301 0.34730663895606995 0.86065208911895752 -0.011211778037250042 0.074998848140239716 23.660732269287109 0.071732312440872192 6.1617906794708688e-06 4.0709656445869769e-07 0.017982909455895424 -2.2627492057836207e-07 -5.0983888222333462e-09 65 54.468955993652344 0.82108104228973389 0.12165173143148422
SN: 1702096 10 0 C2 3 0 53.458302000000003 -29.470303000000001 0.38859999179840088 0.0010000000474974513 0.3880859911441803 0.0010000000474974513 0.38808596134185791 0.0017115357331931591 0 300 0 0 0.0095353582873940468 1 1 117203 -9 -9 0.38859999179840088 0.0010000000474974513 53.458267999999997 -29.470593000000001 1.0479999780654907 1.0729999542236328 -9 10.234999656677246 0.010999999940395355 -9999 -9999 0.60699999332427979 0.24300000071525574 -9.6239995956420898 0.24536706507205963 1.1319999694824219 -999 23.409999847412109 22.090000152587891 21.520000457763672 21.049999237060547 0.0099999997764825821 0 0 0 7.940000057220459 29.520000457763672 48.529998779296875 68.480003356933594 25.250448226928711 23.824708938598633 23.284975051879883 22.911090850830078 57778.12890625 10.78028392791748 9.1219892501831055 6.9891657829284668 25.861814498901367 riz 0 57774.5859375 0.93045389652252197 -1.9018473625183105 0.83182144165039062 0.25370055437088013 0.081180199980735779 23.280519485473633 0.093762785196304321 8.7456492110504769e-06 7.5526304499362595e-07 0.022267581894993782 -2.9363528142312134e-07 -5.3237904751313181e-08 16 12.84477424621582 0.68407171964645386 1.0569041967391968
SN: 1368133 10 0 X3 3 0 36.743580000000001 -3.8689230000000001 0.27720001339912415 0.0010000000474974513 0.27618101239204407 0.0010000000474974513 0.27618098258972168 0.0016219776589423418 0 300 0 0 0.02603418193757534 1 1 406279 -9 -9 0.27720001339912415 0.0010000000474974513 36.743746000000002 -3.8688959999999999 0.6029999852180481 0.79900002479553223 -9 9.4759998321533203 0.0099999997764825821 -9999 -9999 -0.19499999284744263 0.2720000147819519 -9.6520004272460938 0.27464157342910767 0.84399998188018799 -999 23.139999389648438 22.200000762939453 21.729999542236328 21.520000457763672 0.0099999997764825821 0 0 0 11.949999809265137 27.559999465942383 44.020000457763672 51.770000457763672 24.80657958984375 23.899301528930664 23.390874862670898 23.214805603027344 57626.25390625 93.796043395996094 69.993400573730469 50.794750213623047 205.27409362792969 griz 0 57627.79296875 0.21486757695674896 -0.24415375292301178 0.12494005262851715 0.13100831210613251 0.016086777672171593 21.943161010742188 0.021745737642049789 2.9973345590406097e-05 6.00323119215318e-07 0.00029285685741342604 -2.6942961639520036e-08 -7.1713972538134385e-09 39 46.267765045166016 0.19733108580112457 0.44421324133872986
SN: 1434262 10 0 X3 3 0 36.663077999999999 -5.1175810000000004 0.79105997085571289 0.0010000000474974513 0.78963702917098999 0.0010000000474974513 0.78963708877563477 0.0020511157345026731 0 300 0 0 0.024785703048110008 1 1 -21102 -9 -9 0.79110002517700195 0.0010000000474974513 36.662646000000002 -5.1173520000000003 1.7549999952316284 1.5039999485015869 -9 11.163999557495117 0.010999999940395355 -9999 -9999 1.3860000371932983 0.50900000333786011 -9.7650003433227539 0.51098531484603882 1.281999945640564 -999 24.770000457763672 23.030000686645508 21.790000915527344 21.260000228881836 0.019999999552965164 0 0 0 1.2100000381469727 6.9499998092651367 18.399999618530273 30.979999542236328 27.293037414550781 25.395038604736328 24.337955474853516 23.772296905517578 57669.1328125 21.173624038696289 18.629199981689453 16.426668167114258 58.594142913818359 riz 0 57669.21484375 0.51267868280410767 0.49173524975776672 0.37593251466751099 -0.17410342395305634 0.032980449497699738 23.604471206665039 0.032784104347229004 6.4895098148554098e-06 1.9595253775150923e-07 0.00088313763262704015 -4.7229985256080909e-08 4.1960718233369221e-10 46 36.590789794921875 0.83802014589309692 0.60304814577102661
SN: 1574062 10 0 X2 3 0 36.071629000000001 -7.0346399999999996 0.55144000053405762 0.0010000000474974513 0.55020499229431152 0.0010000000474974513 0.55020499229431152 0.001845628023147583 0 300 0 0 0.024801548570394516 1 3 -23665 -9 -9 0.55140000581741333 0.0010000000474974513 36.071500999999998 -7.0345769999999996 0.51099997758865356 0.48100000619888306 -3.6386170387268066 10.305999755859375 0.014000000432133675 -9999 -9999 0.36599999666213989 0.018999999389052391 -9.935999870300293 0.049769468605518341 0.71700000762939453 -999 24.139999389648438 22.639999389648438 21.940000534057617 21.510000228881836 0.019999999552965164 0.0099999997764825821 0 0 4.119999885559082 19.909999847412109 40.840000152587891 57.380001068115234 25.962757110595703 24.252321243286133 23.472286224365234 23.103097915649414 57722.078125 12.814753532409668 10.048714637756348 8.2766151428222656 32.959026336669922 riz 0 57720.83984375 0.80442392826080322 -0.3974170982837677 0.6564629077911377 0.10310074687004089 0.057598952203989029 23.458066940307617 0.051848132163286209 7.4263107308070175e-06 3.5463526160128822e-07 0.0026562681887298822 -1.1054954995870503e-07 -1.190934550976408e-08 40 24.066974639892578 0.97817456722259521 0.36831700801849365
SN: 1535064 10 0 X3 3 0 37.040596000000001 -5.304894 0.80220001935958862 0.0010000000474974513 0.80077999830245972 0.0010000000474974513 0.80078005790710449 0.0020608582999557257 0 300 0 0 0.020600318908691406 1 1 105980 -9 -9 0.80220001935958862 0.0010000000474974513 37.040475999999998 -5.3049580000000001 0.48600000143051147 0.5 -9 10.557000160217285 0.0099999997764825821 -9999 -9999 0.8399999737739563 0.15999999642372131 -9.7060003280639648 0.16336768865585327 0.67199999094009399 -999 23.780000686645508 23.069999694824219 22.329999923706055 22.020000457763672 0.0099999997764825821 0 0 0 7.320000171661377 14.380000114440918 28.309999465942383 36.029998779296875 25.338722229003906 24.605602264404297 23.870151519775391 23.608339309692383 57708.125 12.621292114257812 10.878225326538086 8.084446907043457 34.738773345947266 riz 0 57701.828125 0.90265655517578125 0.97895568609237671 0.60461640357971191 -0.052939783781766891 0.051746111363172531 24.133703231811523 0.050298124551773071 3.9858273339632433e-06 1.8464857021172065e-07 0.0020731070544570684 -7.6059748721490905e-08 6.3702720876079866e-10 40 30.275432586669922 0.8674008846282959 0.37097713351249695
SN: 1370806 10 0 C2 3 0 54.567538999999996 -29.990320000000001 0.58950001001358032 0.0010000000474974513 0.58894699811935425 0.0010000000474974513 0.58894705772399902 0.0018783297855407 0 300 0 0 0.010875892825424671 1 1 47519 -9 -9 0.58950001001358032 0.0010000000474974513 54.567608 -29.990205 0.46700000762939453 0.40200001001358032 -9 10.510000228881836 0.012000000104308128 -9999 -9999 0.78700000047683716 0.016000000759959221 -9.7060003280639648 0.042154476046562195 0.57300001382827759 -999 23.409999847412109 22.25 21.620000839233398 21.270000457763672 0.0099999997764825821 0.0099999997764825821 0 0 9.7799997329711914 29.229999542236328 52.049999237060547 72.050003051757812 25.024152755737305 23.835428237915039 23.208948135375977 22.855915069580078 57633.31640625 12.304752349853516 6.9321351051330566 5.1295061111450195 26.440431594848633 riz 0 57634.91015625 0.98028039932250977 -1.0987825393676758 0.7016107439994812 -0.12778311967849731 0.073740392923355103 23.396238327026367 0.063793420791625977 7.8614903031848371e-06 4.6190905322873732e-07 0.007999141700565815 -1.8867571327518817e-07 -1.6090202947793841e-08 42 28.605072021484375 0.94286888837814331 0.56176066398620605
SN: 1370898 10 0 E1 3 0 8.0785719999999994 -42.545299999999997 0.65192997455596924 0.0010000000474974513 0.65069401264190674 0.0010000000474974513 0.65069401264190674 0.0019309136550873518 0 300 0 0 0.0076617985032498837 1 2 48315 -9 -9 0.65189999341964722 0.0010000000474974513 8.0786069999999999 -42.545368000000003 0.25999999046325684 0.33100000023841858 -3.9366919994354248 9.8129997253417969 0.064999997615814209 -9999 -9999 0.2460000067949295 0.40999999642372131 -9.5950002670288086 0.46482363343238831 0.68500000238418579 -999 24.920000076293945 23.770000457763672 23.120000839233398 22.809999465942383 0.05000000074505806 0.019999999552965164 0.019999999552965164 0.019999999552965164 2.2400000095367432 6.75 11.970000267028809 15.939999580383301 26.624380111694336 25.426740646362305 24.804763793945312 24.493778228759766 57642.14453125 8.4777450561523438 7.4553422927856445 5.934232234954834 28.879978179931641 riz 0 57641.68359375 0.77916222810745239 0.42972284555435181 0.76835113763809204 -0.0050729010254144669 0.062880054116249084 23.639316558837891 0.071781523525714874 6.2845401771483012e-06 4.1549122897777124e-07 0.012756213545799255 -2.5140658976852137e-07 -1.0584672693880748e-08 56 49.185783386230469 0.72851145267486572 0.14423558115959167
SN: 1559051 10 0 X3 3 0 36.109378999999997 -4.2508210000000002 0.70648002624511719 0.0010000000474974513 0.70510399341583252 0.0010000000474974513 0.70510399341583252 0.0019776904955506325 0 300 0 0 0.022927166894078255 1 2 462877 -9 -9 0.70649999380111694 0.0010000000474974513 36.109876 -4.2507060000000001 1.8309999704360962 1.7790000438690186 -2.2318975925445557 10.807999610900879 0.010999999940395355 -9999 -9999 -0.78899997472763062 1.375 -11.602999687194824 1.3776247501373291 1.1080000400543213 -999 23.889999389648438 22.139999389648438 21.040000915527344 20.790000915527344 0.0099999997764825821 0 0 0 4.119999885559082 21.5 47.560001373291016 79.569999694824219 25.962757110595703 24.168903350830078 23.306896209716797 22.748126983642578 57723.04296875 21.272289276123047 20.171924591064453 13.052646636962891 64.937545776367188 riz 0 57723.1171875 0.4875037670135498 1.4474058151245117 0.37493813037872314 -0.03356914222240448 0.035729125142097473 23.501537322998047 0.031810253858566284 7.1348563324136194e-06 2.0903934228044818e-07 0.0028879065066576004 -5.5645731578124469e-08 -2.0435957370779079e-09 32 27.560216903686523 0.69092899560928345 0.49527460336685181
SN: 1574028 10 0 E1 3 0 7.4151220000000002 -43.250103000000003 0.6571199893951416 0.0010000000474974513 0.65589302778244019 0.0010000000474974513 0.65589308738708496 0.0019353659590706229 0 300 0 0 0.006741608027368784 1 2 107422 -9 -9 0.65710002183914185 0.0010000000474974513 7.4153019999999996 -43.250104 0.47200000286102295 0.42800000309944153 -4.2462763786315918 10.937000274658203 0.054999999701976776 -9999 -9999 -0.050999999046325684 5.7230000495910645 -10.942999839782715 5.7231330871582031 1.3020000457763672 -999 23.819999694824219 22 20.989999771118164 20.549999237060547 0.019999999552965164 0 0 0 6.8299999237060547 38.029998779296875 95.400001525878906 145.46000671386719 25.413948059082031 23.549684524536133 22.551128387451172 22.093141555786133 57718.03125 8.559880256652832 5.8267502784729004 5.3437356948852539 22.384401321411133 riz 0 57721.38671875 1.0433087348937988 -1.7190214395523071 0.71247071027755737 -0.17091198265552521 0.082067757844924927 23.582515716552734 0.067413210868835449 6.6220718508702703e-06 4.1116351212622249e-07 0.0097104292362928391 -1.7164042276363034e-07 -7.5456654258232447e-09 35 29.874267578125 0.71382564306259155 0.80802398920059204
SN: 1370441 10 0 C3 3 0 53.389828000000001 -28.383074000000001 0.93805998563766479 0.0010000000474974513 0.93732601404190063 0.0010000000474974513 0.93732595443725586 0.0021813393104821444 0 300 0 0 0.0072263255715370178 1 1 47653 -9 -9 0.93809998035430908 0.0010000000474974513 53.389378999999998 -28.383229 1.5260000228881836 2.1649999618530273 -9 10.644000053405762 0.076999999582767487 -9999 -9999 0.72000002861022949 0.38100001215934753 -9.9829998016357422 0.53529149293899536 0.93300002813339233 -999 24.600000381469727 23.729999542236328 22.700000762939453 22.069999694824219 0.019999999552965164 0.0099999997764825821 0 0 1.0800000429153442 2.440000057220459 5.070000171661377 10.420000076293945 27.416440963745117 26.531524658203125 25.737480163574219 24.955329895019531 57638.33203125 14.800762176513672 11.540754318237305 -99 38.287738800048828 iz 0 57642.3359375 0.81680291891098022 1.2189126014709473 0.65451657772064209 0.07125379890203476 0.095141634345054626 24.317060470581055 0.054127112030982971 3.3664805414446164e-06 1.6782885836619243e-07 0.0067120464518666267 -8.5582996689481661e-08 -1.9931725159239022e-09 33 41.337600708007812 0.15120112895965576 0.47063294053077698
SN: 1447146 10 0 C3 3 0 52.081744999999998 -28.358774 1.0008900165557861 0.0010000000474974513 1.0000870227813721 0.0010000000474974513 1.0000870227813721 0.0022373392712324858 0 300 0 0 0.0068787322379648685 1 1 102364 -9 -9 1.0009000301361084 0.0010000000474974513 52.081829999999997 -28.358841000000002 0.36100000143051147 0.48899999260902405 -9 9.4899997711181641 0.035999998450279236 -9999 -9999 0.91299998760223389 0.20800000429153442 -8.5319995880126953 0.23815961182117462 -0.18199999630451202 -999 24.010000228881836 23.909999847412109 23.370000839233398 23.120000839233398 0.0099999997764825821 0.0099999997764825821 0.0099999997764825821 0.0099999997764825821 6.070000171661377 6.4699997901916504 10.819999694824219 12.470000267028809 25.542028427124023 25.472740173339844 24.914432525634766 24.760334014892578 57666.34375 10.339128494262695 6.0481729507446289 -99 19.461685180664062 iz 0 57669.97265625 1.1629824638366699 -1.3308757543563843 0.82818329334259033 -0.17922079563140869 0.17759071290493011 24.766731262207031 0.090714037418365479 2.2248827917792369e-06 1.8589055628126516e-07 0.025762502104043961 -8.8963993505331018e-08 7.3411112744281581e-09 33 22.045045852661133 0.92658782005310059 0.74410569667816162
SN: 1682020 10 1 E1 3 0 8.4635440000000006 -42.618358999999998 0.22014999389648438 0.0010000000474974513 0.21924099326133728 0.0010000000474974513 0.21924102306365967 0.0015775082865729928 0 300 0 0 0.0071141310036182404 4 8 116784 -9 -9 0.22010000050067902 0.0010000000474974513 8.4647249999999996 -42.618228999999999 3.1640000343322754 1.4839999675750732 -0.95956981182098389 11.052000045776367 0.061000000685453415 -9999 -9999 0.090999998152256012 10.090999603271484 -10.942000389099121 10.091047286987305 1.5870000123977661 -999 20.549999237060547 19.129999160766602 18.659999847412109 18.309999465942383 0 0 0 0 24.569999694824219 74.580001831054688 105.02999877929688 133.00999450683594 24.02398681640625 22.818443298339844 22.44671630859375 22.190288543701172 57772.0390625 64.077720642089844 63.677433013916016 44.089092254638672 126.28864288330078 griz 0 57770.73828125 0.37215119600296021 0.55979031324386597 0.40696665644645691 -0.14472916722297668 0.023000411689281464 20.14238166809082 0.030887056142091751 0.00015741537208668888 4.4781572796637192e-06 0.0040229163132607937 -1.301947690990346e-06 -7.1449129279699264e-08 8 7.8737516403198242 0.44589874148368835 0.51725971698760986
SN: 1595118 10 0 C3 3 0 52.932434000000001 -28.699745 0.91013997793197632 0.0010000000474974513 0.90940600633621216 0.0010000000474974513 0.90940594673156738 0.0021565475035458803 0 300 0 0 0.0089543573558330536 1 2 108252 -9 -9 0.91009998321533203 0.0010000000474974513 52.931914999999996 -28.700303000000002 2.5929999351501465 2.3369998931884766 -0.68161481618881226 10.833999633789062 0.012000000104308128 -9999 -9999 1.3559999465942383 0.34000000357627869 -9.4879999160766602 0.34211695194244385 0.95099997520446777 -999 24.370000839233398 23.440000534057617 22.440000534057617 21.889999389648438 0.0099999997764825821 0.0099999997764825821 0 0 0.18999999761581421 0.56999999284744263 2.1700000762939453 3.7899999618530273 27.5 27.5 26.658849716186523 26.053401947021484 57730.12890625 15.299063682556152 12.578291893005371 -99 36.293998718261719 iz 0 57732.390625 0.58671998977661133 -1.761256217956543 0.46169376373291016 -0.055612765252590179 0.12021454423666 24.162361145019531 0.059554141014814377 3.8820007830508985e-06 2.1293314489412296e-07 0.018007531762123108 -6.853449008303869e-08 -1.2841510965699854e-08 23 24.131763458251953 0.39654240012168884 0.61565697193145752
SN: 1386047 10 1 X3 3 0 36.735230000000001 -4.419295 0.49300000071525574 0.0010000000474974513 0.49181199073791504 0.0010000000474974513 0.49181199073791504 0.0017967952881008387 0 300 0 0 0.023896893486380577 1 1 -18153 -9 -9 0.49300000071525574 0.0010000000474974513 36.735492000000001 -4.4194570000000004 1.1069999933242798 0.87900000810623169 -9 10.486000061035156 0.028999999165534973 -9999 -9999 0.65600001811981201 0.48399999737739563 -9.758000373840332 0.48700308799743652 0.92199999094009399 -999 23.659999847412109 22.25 21.620000839233398 21.260000228881836 0.0099999997764825821 0 0 0 4.070000171661377 20.889999389648438 30.25 45.759998321533203 25.97601318359375 24.200153350830078 23.798187255859375 23.348785400390625 57642.3359375 32.156795501708984 28.067108154296875 19.434597015380859 86.770416259765625 riz 0 57645.0546875 0.30614429712295532 -0.66727936267852783 0.28081315755844116 0.039152868092060089 0.030356200411915779 23.055736541748047 0.033907648175954819 1.0757352356449701e-05 3.3595318882362335e-07 0.0011665968922898173 -4.8851038769726074e-08 -7.487334308109439e-09 38 35.957054138183594 0.5642547607421875 0.25788810849189758
SN: 1598039 10 0 C3 3 0 53.091918999999997 -28.326740000000001 0.62353998422622681 0.0010000000474974513 0.62291598320007324 0.0010000000474974513 0.62291598320007324 0.0019071894930675626 0 300 0 0 0.0061930399388074875 1 3 109201 -9 -9 0.62349998950958252 0.0010000000474974513 53.092229000000003 -28.326656 1.0269999504089355 1.4600000381469727 -2.0874600410461426 10.137999534606934 0.014000000432133675 -9999 -9999 0.34900000691413879 0.30300000309944153 -9.8100004196166992 0.31469666957855225 1.0559999942779541 -999 24.610000610351562 23.399999618530273 22.690000534057617 22.309999465942383 0.0099999997764825821 0.0099999997764825821 0 0 2.809999942779541 8.5100002288818359 16.270000457763672 19.200000762939453 26.37823486328125 25.175176620483398 24.471530914306641 24.291746139526367 57739.22265625 23.572492599487305 20.627590179443359 17.441614151000977 62.002597808837891 riz 0 57735.1875 0.42895856499671936 0.047600332647562027 0.3483583927154541 0.14071328938007355 0.038016289472579956 23.851963043212891 0.040626596659421921 5.1667175284819677e-06 1.9333070611082803e-07 0.003928779624402523 -5.11357178822891e-08 -4.2505408082149643e-09 37 18.481042861938477 0.99527561664581299 0.46931257843971252
SN: 1562098 10 0 X2 3 0 34.776108000000001 -6.1653840000000004 0.57747000455856323 0.0010000000474974513 0.5761759877204895 0.0010000000474974513 0.57617592811584473 0.0018675241153687239 0 300 0 0 0.021355314180254936 1 1 107015 -9 -9 0.57749998569488525 0.0010000000474974513 34.776080999999998 -6.1651990000000003 0.67299997806549072 1.093999981880188 -9 9.3859996795654297 0.032999999821186066 -9999 -9999 1.1820000410079956 1.1109999418258667 -8.1979999542236328 1.1137347221374512 0.29499998688697815 -999 24 23.170000076293945 22.770000457763672 22.639999389648438 0.019999999552965164 0.0099999997764825821 0.0099999997764825821 0.0099999997764825821 4.9200000762939453 10 15.369999885559082 14.789999961853027 25.770088195800781 25 24.533315658569336 24.575078964233398 57722.07421875 20.189908981323242 13.254447937011719 8.7769107818603516 49.499759674072266 riz 0 57720.7109375 0.60591131448745728 0.58800822496414185 0.46065771579742432 -0.13363873958587646 0.04378201812505722 22.950481414794922 0.035755734890699387 1.1852423995151184e-05 3.903269885086047e-07 0.0018902270821854472 -1.0996964761034178e-07 -6.2257532462695053e-09 40 29.233057022094727 0.89549809694290161 0.48667633533477783
SN: 1487055 10 0 S1 3 0 43.073681000000001 0.78459800000000002 0.583079993724823 0.0010000000474974513 0.58196401596069336 0.0010000000474974513 0.58196401596069336 0.00187241833191365 0 300 0 0 0.065513134002685547 1 2 104011 -9 -9 0.58310002088546753 0.0010000000474974513 43.073650000000001 0.78461899999999996 0.13400000333786011 0.12300000339746475 -5.130272388458252 10.52299976348877 0.018999999389052391 -9999 -9999 0.99199998378753662 0.14599999785423279 -9.5069999694824219 0.16794344782829285 0.52399998903274536 -999 22.959999084472656 21.879999160766602 21.340000152587891 21.030000686645508 0.0099999997764825821 0 0 0 15.760000228881836 45.959999084472656 69.569999694824219 97.540000915527344 24.506109237670898 23.344049453735352 22.893943786621094 22.527042388916016 57671.17578125 6.6048884391784668 6.458369255065918 5.9884486198425293 20.040069580078125 riz 0 57678.40234375 0.96705222129821777 -1.3302377462387085 0.83110260963439941 0.062604218721389771 0.1010487824678421 23.541769027709961 0.099529914557933807 6.875313374621328e-06 6.3026300267665647e-07 0.012983916327357292 -3.2153747042684699e-07 -3.6654338231301153e-08 49 40.715000152587891 0.79416388273239136 0.49006363749504089
SN: 1456020 10 0 X3 3 0 36.452423000000003 -4.5580559999999997 0.88340002298355103 0.0010000000474974513 0.88189297914505005 0.0010000000474974513 0.88189291954040527 0.0021321931853890419 0 300 0 0 0.022614272311329842 1 1 104125 -9 -9 0.88340002298355103 0.0010000000474974513 36.452423000000003 -4.5580290000000003 0.096000000834465027 0.13300000131130219 -9 10.909999847412109 0.024000000208616257 -9999 -9999 1.0429999828338623 0.5559999942779541 -9.8330001831054688 0.56026512384414673 1.3109999895095825 -999 25.219999313354492 23.889999389648438 22.770000457763672 22.120000839233398 0.029999999329447746 0.0099999997764825821 0.0099999997764825821 0 2.1700000762939453 6.9899997711181641 18.489999771118164 32.599998474121094 26.658849716186523 25.38880729675293 24.332656860351562 23.716957092285156 57671.140625 9.8082275390625 7.6214537620544434 -99 19.222082138061523 iz 0 57665.37890625 1.3260476589202881 -2.0612952709197998 0.86782634258270264 0.22827364504337311 0.19397413730621338 24.831026077270508 0.085217729210853577 2.096958496622392e-06 1.6458697871257755e-07 -0.0014232686953619123 -4.7357808341530472e-08 -1.7321228895639251e-08 31 36.933162689208984 0.21368223428726196 1.0252275466918945
SN: 1528034 10 0 S2 3 0 41.438282000000001 -1.612107 0.64008998870849609 0.0010000000474974513 0.63889700174331665 0.0010000000474974513 0.63889694213867188 0.001920824870467186 0 300 0 0 0.033778849989175797 1 1 105306 -9 -9 0.64010000228881836 0.0010000000474974513 41.438129000000004 -1.612088 0.55299997329711914 0.68599998950958252 -9 10.524999618530273 0.048000000417232513 -9999 -9999 -0.4440000057220459 9.555999755859375 -10.942999839782715 9.5562562942504883 1.5809999704360962 -999 25.120000839233398 23.200000762939453 22.299999237060547 21.770000457763672 0.05000000074505806 0.0099999997764825821 0.0099999997764825821 0.0099999997764825821 1.4900000095367432 9.4499998092651367 20.350000381469727 38.810001373291016 27.067033767700195 25.061420440673828 24.228588104248047 23.527641296386719 57684.1171875 9.4293384552001953 8.0952386856079102 5.3527765274047852 19.968477249145508 riz 0 57684.22265625 1.2929497957229614 -1.3184019327163696 0.73090964555740356 -0.0138050252571702 0.090608790516853333 23.449962615966797 0.087300859391689301 7.4819531619141344e-06 6.0160186876601074e-07 0.003510739654302597 -1.9730831013475836e-07 -1.6678592729135744e-08 43 42.001502990722656 0.51452189683914185 0.44186997413635254
SN: 1620051 10 0 S2 3 0 41.023612999999997 -1.8664499999999999 0.38352999091148376 0.0010000000474974513 0.38251501321792603 0.0010000000474974513 0.38251495361328125 0.0017070145113393664 0 300 0 0 0.025369180366396904 1 2 111087 -9 -9 0.38350000977516174 0.0010000000474974513 41.023676999999999 -1.8665799999999999 0.52300000190734863 0.53299999237060547 -3.9044044017791748 11.057999610900879 0.057999998331069946 -9999 -9999 0.90700000524520874 10.906999588012695 -10.121999740600586 10.907308578491211 1.4900000095367432 -999 21.889999389648438 20.200000762939453 19.649999618530273 19.299999237060547 0 0 0 0 44.150001525878906 208.05000305175781 334.26998901367188 444.1300048828125 23.387672424316406 21.704580307006836 21.189756393432617 20.8812255859375 57730.109375 16.2674560546875 14.415043830871582 11.659016609191895 35.297283172607422 riz 0 57735.11328125 0.57803839445114136 -0.79976785182952881 0.54676556587219238 0.19460630416870117 0.067302227020263672 22.534597396850586 0.091019250452518463 1.7384460079483688e-05 1.457371126889484e-06 0.014256441965699196 -5.0621417813090375e-07 -8.1130451690114569e-08 29 42.631294250488281 0.049224168062210083 0.70133125782012939
SN: 1550021 10 1 E1 3 0 8.1343200000000007 -43.228164999999997 0.20676000416278839 0.0010000000474974513 0.20587100088596344 0.0010000000474974513 0.20587098598480225 0.0015671839937567711 0 300 0 0 0.005892142653465271 1 2 106660 -9 -9 0.20679999887943268 0.0010000000474974513 8.1347799999999992 -43.227739999999997 1.9490000009536743 1.4620000123977661 -2.1993091106414795 10.199000358581543 0.0099999997764825821 -9999 -9999 1.1239999532699585 0.25 -9.069000244140625 0.25156310200691223 0.70300000905990601 -999 21.229999542236328 20.459999084472656 20.079999923706055 19.870000839233398 0 0 0 0 50.419998168945312 82.680000305175781 131.41000366210938 166.53999328613281 23.243492126464844 22.706499099731445 22.203428268432617 21.946203231811523 57718.03125 62.874961853027344 45.397636413574219 42.088245391845703 182.24681091308594 griz 0 57716.89453125 0.17951035499572754 -0.60593158006668091 0.14970956742763519 0.15603752434253693 0.016715757548809052 21.128707885742188 0.021751461550593376 6.3462452089879662e-05 1.2713963997157407e-06 0.00068228825693950057 -8.0738345786812715e-08 -1.7643424499169669e-08 39 48.467487335205078 0.14232547581195831 0.55796492099761963
SN: 1537077 10 0 C3 3 0 53.093513999999999 -27.494150000000001 0.74518001079559326 0.0010000000474974513 0.74449998140335083 0.0010000000474974513 0.74449992179870605 0.0020118006505072117 0 300 0 0 0.00796494260430336 1 1 105538 -9 -9 0.74519997835159302 0.0010000000474974513 53.093519000000001 -27.494064000000002 0.30799999833106995 0.414000004529953 -9 9.8610000610351562 0.02199999988079071 -9999 -9999 0.54100000858306885 0.0080000003799796104 -9.3100004196166992 0.029120439663529396 0.26199999451637268 -999 23.770000457763672 23.059999465942383 22.450000762939453 22.190000534057617 0.0099999997764825821 0 0 0 6.809999942779541 12.350000381469727 23.239999771118164 27.479999542236328 25.417131423950195 24.770832061767578 24.084409713745117 23.902458190917969 57708.1640625 15.790621757507324 14.175876617431641 12.111968994140625 40.406867980957031 riz 0 57701.0546875 0.69774472713470459 -0.73193573951721191 0.457042396068573 0.12245640158653259 0.050569444894790649 24.094842910766602 0.043105795979499817 4.1310704546049237e-06 1.6401136804233829e-07 0.0047104540280997753 -4.5370565970870302e-08 -3.3238840568827754e-09 45 45.594043731689453 0.44724929332733154 0.47554492950439453
SN: 1592067 10 0 S2 3 0 41.572220000000002 -0.89189399999999996 0.69313997030258179 0.0010000000474974513 0.69190901517868042 0.0010000000474974513 0.6919090747833252 0.0019663104321807623 0 300 0 0 0.026095053181052208 1 1 108382 -9 -9 0.6930999755859375 0.0010000000474974513 41.572298000000004 -0.89193900000000004 0.32300001382827759 0.35199999809265137 -9 10.979000091552734 0.035999998450279236 -9999 -9999 -5.0060000419616699 1.2389999628067017 -15.921999931335449 1.2446063756942749 1.1959999799728394 -999 23.909999847412109 22.129999160766602 21.200000762939453 20.75 0.019999999552965164 0.0099999997764825821 0 0 6.130000114440918 32.479999542236328 83.290000915527344 122.59999847412109 25.531349182128906 23.72096061706543 22.698516845703125 22.278774261474609 57739.1796875 10.877273559570312 7.4170823097229004 6.6534380912780762 27.025241851806641 riz 0 57727.59765625 0.84947526454925537 -0.079450048506259918 0.76914083957672119 -0.020622089505195618 0.06640799343585968 23.389453887939453 0.068572342395782471 7.9107694546109997e-06 4.9962415005211369e-07 0.011546652764081955 -2.9141617119421426e-07 -7.890658793030525e-09 32 42.498371124267578 0.10157696902751923 0.073665432631969452
SN: 1595028 10 0 X2 3 0 35.630412999999997 -6.7976080000000003 0.46641001105308533 0.0010000000474974513 0.46523100137710571 0.0010000000474974513 0.46523094177246094 0.0017747583333402872 0 300 0 0 0.021572640165686607 1 1 108647 -9 -9 0.46639999747276306 0.0010000000474974513 35.630634000000001 -6.797498 0.88400000333786011 1.3680000305175781 -9 9.9420003890991211 0.017999999225139618 -9999 -9999 0.31499999761581421 0.74900001287460327 -9.6239995956420898 0.75226390361785889 1.0230000019073486 -999 24.280000686645508 22.889999389648438 22.399999618530273 22 0.029999999329447746 0.0099999997764825821 0.0099999997764825821 0.0099999997764825821 3.7599999904632568 14.779999732971191 23.090000152587891 35.470001220703125 26.062030792236328 24.575813293457031 24.091440200805664 23.625347137451172 57728.0546875 11.874499320983887 10.477070808410645 9.0049829483032227 35.554958343505859 riz 0 57729.5390625 0.61564362049102783 0.27229437232017517 0.64713984727859497 0.24778202176094055 0.057946514338254929 23.351417541503906 0.069211907684803009 8.1928119470831007e-06 5.2226329216864542e-07 0.007006519939750433 -1.9207536183785123e-07 -2.1604412481224244e-08 37 46.632194519042969 0.13325776159763336 0.83091223239898682
SN: 1719037 10 0 C2 3 0 54.677371999999998 -29.447645000000001 0.4079500138759613 0.0010000000474974513 0.40745800733566284 0.0010000000474974513 0.40745806694030762 0.0017273048870265484 0 300 0 0 0.0096750352531671524 1 1 118251 -9 -9 0.40799999237060547 0.0010000000474974513 54.677016999999999 -29.448081999999999 1.9290000200271606 1.7929999828338623 -9 10.289999961853027 0.010999999940395355 -9999 -9999 0.48600000143051147 0.14100000262260437 -9.8100004196166992 0.14800675213336945 0.74199998378753662 -999 22.420000076293945 21.399999618530273 21.010000228881836 20.649999618530273 0 0 0 0 4.4200000762939453 15.789999961853027 27.489999771118164 26.129999160766602 25.886444091796875 24.504043579101562 23.902063369750977 23.957151412963867 57791.09375 21.541997909545898 18.076221466064453 10.585691452026367 49.445930480957031 riz 0 57786.09375 0.68716877698898315 0.099524319171905518 0.76048225164413452 0.14834676682949066 0.051422290503978729 22.638853073120117 0.058897465467453003 1.5792795238667168e-05 8.5670501448475989e-07 0.012802246958017349 -3.3087161455114256e-07 -3.7201719038648662e-08 11 15.210094451904297 0.17307934165000916 0.49560078978538513
SN: 1432078 10 0 E1 3 0 8.7448040000000002 -42.785729000000003 0.54585999250411987 0.0010000000474974513 0.54471498727798462 0.0010000000474974513 0.54471492767333984 0.0018410130869597197 0 300 0 0 0.0060456767678260803 1 1 -24172 -9 -9 0.54589998722076416 0.0010000000474974513 8.7447389999999992 -42.785682000000001 0.24099999666213989 0.27599999308586121 -9 10.574999809265137 0.014999999664723873 -9999 -9999 0.92199999094009399 0.46299999952316284 -9.6520004272460938 0.46856483817100525 0.84899997711181641 -999 22.879999160766602 21.600000381469727 21.110000610351562 20.739999771118164 0.0099999997764825821 0 0 0 16.430000305175781 52.299999237060547 85.529998779296875 114.19000244140625 24.460906982421875 23.203746795654297 22.669704437255859 22.355930328369141 57653.05859375 13.308913230895996 9.1277532577514648 5.3750720024108887 31.999704360961914 riz 0 57656.578125 1.3299028873443604 2.6227953433990479 0.97568953037261963 -0.063022300601005554 0.062089517712593079 23.336088180541992 0.060561075806617737 8.3093091234331951e-06 4.6348338855750626e-07 0.0076943244785070419 -2.9429014603010728e-07 -1.5117295859568003e-08 54 45.144451141357422 0.79915755987167358 0.89915001392364502
SN: 1484053 10 0 E2 3 0 10.577676 -43.729728999999999 0.46426999568939209 0.0010000000474974513 0.46322199702262878 0.0010000000474974513 0.46322202682495117 0.0017730979016050696 0 300 0 0 0.0088823875412344933 1 2 103917 -9 -9 0.4643000066280365 0.0010000000474974513 10.577769999999999 -43.730069999999998 1.2519999742507935 1.0049999952316284 -2.8092329502105713 10.359999656677246 0.039999999105930328 -9999 -9999 1.0529999732971191 0.017999999225139618 -9.4139995574951172 0.029999999329447746 0.35400000214576721 -999 22.260000228881836 21.190000534057617 20.790000915527344 20.450000762939453 0.0099999997764825821 0 0 0 26.670000076293945 66.790000915527344 103.09999847412109 132.66999816894531 23.934942245483398 22.938220977783203 22.466854095458984 22.193069458007812 57680.01953125 25.111776351928711 17.578544616699219 12.28294563293457 56.304061889648438 riz 0 57687.92578125 0.52368324995040894 0.67299145460128784 0.3819197416305542 0.049280401319265366 0.037312980741262436 22.449819564819336 0.040406376123428345 1.8796297808876261e-05 6.9951641989973723e-07 0.00138744933065027 -1.4126250391655049e-07 -1.7683834840909185e-08 44 31.235601425170898 0.92609220743179321 0.27804341912269592
SN: 1552143 10 0 C1 3 0 54.115929000000001 -26.586366999999999 0.76058000326156616 0.0010000000474974513 0.75991499423980713 0.0010000000474974513 0.75991499423980713 0.0020251998212188482 0 300 0 0 0.010332182049751282 2 4 106502 -9 -9 0.76059997081756592 0.0010000000474974513 54.115929000000001 -26.586366999999999 0 0 -9.1222267150878906 10.76099967956543 0.027000000700354576 -9999 -9999 0.23000000417232513 0.10899999737739563 -10.553999900817871 0.12954150140285492 1.0260000228881836 -999 -10 -10 -10 -10 -10 -10 -10 -10 4.75 19.219999313354492 51.279998779296875 78.430000305175781 25.808265686035156 24.290616989135742 23.225130081176758 22.7637939453125 57714.29296875 10.382224082946777 7.117342472076416 4.9526615142822266 26.05168342590332 riz 0 57714.1484375 1.1063309907913208 -0.11702007800340652 0.77755272388458252 -0.18386071920394897 0.069086849689483643 23.565540313720703 0.062542058527469635 6.7264213612361345e-06 3.8746452446503099e-07 0.010234876535832882 -1.5057582913868828e-07 4.4061865267508438e-09 54 45.576126098632812 0.78580969572067261 0.6141090989112854
SN: 1551083 10 0 C3 3 0 52.208458 -28.025245999999999 0.80373001098632812 0.0010000000474974513 0.80300599336624146 0.0010000000474974513 0.80300593376159668 0.0020628061611205339 0 300 0 0 0.0070662815123796463 1 2 106119 -9 -9 0.80369997024536133 0.0010000000474974513 52.208483000000001 -28.025341000000001 0.34999999403953552 0.45800000429153442 -3.7500050067901611 9.2840003967285156 0.013000000268220901 -9999 -9999 1.2120000123977661 0.38999998569488525 -8.0749998092651367 0.39474168419837952 -0.10499999672174454 -999 24.049999237060547 23.670000076293945 23.159999847412109 22.920000076293945 0.0099999997764825821 0.0099999997764825821 0.0099999997764825821 0.0099999997764825821 5.2300000190734863 7.6100001335144043 12.270000457763672 13.739999771118164 25.703746795654297 25.296539306640625 24.777889251708984 24.655033111572266 57718.26171875 13.130631446838379 9.3655967712402344 8.3698272705078125 35.252235412597656 riz 0 57710.734375 0.72577345371246338 -0.62950420379638672 0.54294478893280029 0.01715436764061451 0.053749248385429382 24.315927505493164 0.047091357409954071 3.369990736246109e-06 1.4616574617321021e-07 0.0046426169574260712 -5.1048207438952886e-08 -7.4811962180731939e-10 46 32.202484130859375 0.93856215476989746 0.21748633682727814
SN: 1433108 10 0 E2 3 0 8.9689219999999992 -44.307228000000002 0.68402999639511108 0.0010000000474974513 0.68282502889633179 0.0010000000474974513 0.68282508850097656 0.0019584891851991415 0 300 0 0 0.0073428195901215076 1 1 100321 -9 -9 0.68400001525878906 0.0010000000474974513 8.9688940000000006 -44.306685000000002 1.9559999704360962 2.380000114440918 -9 11.043999671936035 0.016000000759959221 -9999 -9999 -0.5820000171661377 1.3700000047683716 -11.602999687194824 1.3720513582229614 1.4479999542236328 -999 23.860000610351562 21.979999542236328 20.930000305175781 20.479999542236328 0.019999999552965164 0 0 0 0.52999997138977051 4.4600000381469727 12.609999656677246 13.369999885559082 27.5 25.876663208007812 24.748212814331055 24.684671401977539 57666.046875 9.7165622711181641 7.2270545959472656 6.7867622375488281 27.487445831298828 riz 0 57652.41796875 0.98308968544006348 0.32469481229782104 0.78394556045532227 -0.098377734422683716 0.071687936782836914 23.668657302856445 0.067197680473327637 6.1169839682406746e-06 3.7858842460991582e-07 0.017279913648962975 -2.3115744340884703e-07 -7.5838695323682259e-09 59 58.543407440185547 0.49229341745376587 0.3453250527381897
SN: 1375087 10 0 C3 3 0 52.23122 -29.034728999999999 0.63015997409820557 0.0010000000474974513 0.62951797246932983 0.0010000000474974513 0.62951803207397461 0.0019128180574625731 0 300 0 0 0.0065555255860090256 1 2 47580 -9 -9 0.63020002841949463 0.0010000000474974513 52.231217000000001 -29.034784999999999 0.20200000703334808 0.21500000357627869 -5.306114673614502 9.9670000076293945 0.0060000000521540642 -9999 -9999 1.6699999570846558 0 -8.300999641418457 0.048999998718500137 0.41100001335144043 -999 23.600000381469727 22.909999847412109 22.469999313354492 22.110000610351562 0.0099999997764825821 0 0 0 10.159999847412109 19.239999771118164 29.489999771118164 40.380001068115234 24.982765197753906 24.289487838745117 23.825813293457031 23.484584808349609 57637.31640625 23.632749557495117 18.782035827636719 14.513252258300781 69.248542785644531 riz 0 57641.62890625 0.38602107763290405 0.079952150583267212 0.34058541059494019 -0.090256184339523315 0.034163050353527069 23.450178146362305 0.030349204316735268 7.4804706855502445e-06 2.0909898523768788e-07 0.00063193839741870761 -4.9964221204845671e-08 -1.8700134774007893e-09 42 42.6507568359375 0.44299986958503723 0.30203205347061157
SN: 1452059 10 0 X1 3 0 34.452351 -5.6530269999999998 0.56550002098083496 0.0010000000474974513 0.56420499086380005 0.0010000000474974513 0.56420493125915527 0.0018574183341115713 0 300 0 0 0.021269489079713821 1 2 -20671 -9 -9 0.56550002098083496 0.0010000000474974513 34.452156000000002 -5.6525429999999997 1.8789999485015869 2.440000057220459 -1.7739408016204834 10.378999710083008 0.017999999225139618 -9999 -9999 0.5820000171661377 0.49000000953674316 -9.7849998474121094 0.49697989225387573 0.95099997520446777 -999 24.280000686645508 22.930000305175781 22.260000228881836 21.860000610351562 0.029999999329447746 0.0099999997764825821 0.0099999997764825821 0.0099999997764825821 4.4899997711181641 15.829999923706055 29.370000839233398 41.830001831054688 25.869384765625 24.501296997070312 23.830240249633789 23.446281433105469 57671.1015625 10.66224193572998 7.1839513778686523 6.3608684539794922 25.020622253417969 riz 0 57671.9296875 0.6562650203704834 -1.7686070203781128 0.58562976121902466 0.078184343874454498 0.091275312006473541 23.215469360351562 0.089894890785217285 9.2856507762917317e-06 7.6881713084731018e-07 0.0045403600670397282 -2.2445593117481621e-07 -4.1654342197716687e-08 44 63.083702087402344 0.030980989336967468 0.64457136392593384
SN: 1659122 10 0 C1 3 0 54.53492 -27.754090999999999 0.51927000284194946 0.0010000000474974513 0.51871901750564575 0.0010000000474974513 0.51871895790100098 0.0018192266579717398 0 300 0 0 0.0096636582165956497 1 1 115745 -9 -9 0.51929998397827148 0.0010000000474974513 54.535235999999998 -27.753996999999998 1.0640000104904175 1.3899999856948853 -9 9.2709999084472656 0.018999999389052391 -9999 -9999 1.031999945640564 0.61299997568130493 -8.2519998550415039 0.61520159244537354 0.02500000037252903 -999 23.860000610351562 22.979999542236328 22.790000915527344 22.639999389648438 0.0099999997764825821 0.0099999997764825821 0.0099999997764825821 0.0099999997764825821 5.380000114440918 12.319999694824219 14.210000038146973 16.040000915527344 25.673044204711914 24.773473739624023 24.618515014648438 24.486988067626953 57775.1640625 18.036905288696289 13.98673152923584 10.995536804199219 48.711074829101562 riz 0 57766.85546875 0.54003489017486572 0.13460101187229156 0.54104828834533691 0.10463313013315201 0.044047784060239792 22.886846542358398 0.049817740917205811 1.256786345038563e-05 5.7666176189741236e-07 0.0073305484838783741 -2.0109048648464523e-07 -1.7746016212072391e-08 25 23.252334594726562 0.5628313422203064 0.35165110230445862
SN: 1370135 10 0 E2 3 0 8.8800930000000005 -44.296211 0.51723998785018921 0.0010000000474974513 0.51615297794342041 0.0010000000474974513 0.51615297794342041 0.0018170822877436876 0 300 0 0 0.0075022503733634949 2 3 46829 -9 -9 0.51719999313354492 0.0010000000474974513 8.8801260000000006 -44.296171999999999 0.16500000655651093 0.29300001263618469 -3.855243444442749 9.5019998550415039 0.018999999389052391 -9999 -9999 -0.25699999928474426 0.77899998426437378 -9.7849998474121094 0.78977274894714355 0.94199997186660767 -999 25.069999694824219 23.979999542236328 23.450000762939453 23.120000839233398 0.05000000074505806 0.019999999552965164 0.019999999552965164 0.019999999552965164 2.0199999809265137 5.380000114440918 8.1499996185302734 12.229999542236328 26.736621856689453 25.673044204711914 25.22210693359375 24.78143310546875 57627.3671875 16.738775253295898 14.159347534179688 11.163812637329102 41.534595489501953 riz 0 57621.20703125 1.2226427793502808 0.21145884692668915 0.71070736646652222 0.0047930888831615448 0.050291154533624649 23.101015090942383 0.056093893945217133 1.0317969099560287e-05 5.3307155667425832e-07 0.00565732317045331 -1.6037343186781072e-07 -1.7425346499067018e-08 50 48.730621337890625 0.52438294887542725 0.072274334728717804
SN: 1431163 10 0 S2 3 0 40.820599000000001 -0.062144999999999999 0.36812001466751099 0.0010000000474974513 0.36710500717163086 0.0010000000474974513 0.36710500717163086 0.0016945414245128632 0 300 0 0 0.028303001075983047 1 1 -22251 -9 -9 0.36809998750686646 0.0010000000474974513 40.821049000000002 -0.062293000000000001 1.7039999961853027 1.246999979019165 -9 10.741999626159668 0.026000000536441803 -9999 -9999 0.70300000905990601 7.619999885559082 -10.034999847412109 7.6202363967895508 1.3240000009536743 -999 22.590000152587891 20.940000534057617 20.379999160766602 20 0.0099999997764825821 0 0 0 12.170000076293945 66.919998168945312 105.94999694824219 126.16999816894531 24.786773681640625 22.93610954284668 22.437248229980469 22.247610092163086 57657.3828125 28.875837326049805 21.722169876098633 21.328716278076172 74.268585205078125 griz 0 57659.484375 0.48789560794830322 -0.00073038903065025806 0.32441112399101257 -0.025468006730079651 0.021737124770879745 21.954767227172852 0.026527225971221924 2.9654649551957846e-05 7.2453656230209162e-07 0.0016131007578223944 -1.069015027610476e-07 -9.2239336169086528e-09 50 50.891902923583984 0.43829360604286194 0.084893703460693359
SN: 1433114 10 0 C3 3 0 51.889476999999999 -28.011202000000001 0.68506002426147461 0.0010000000474974513 0.68437498807907104 0.0010000000474974513 0.68437504768371582 0.0019598230719566345 0 300 0 0 0.0074449633248150349 1 1 100127 -9 -9 0.6851000189781189 0.0010000000474974513 51.889549000000002 -28.011277 0.35400000214576721 0.26499998569488525 -9 11.10200023651123 0.008999999612569809 -9999 -9999 0.91200000047683716 0.45399999618530273 -10.196000099182129 0.4569682776927948 1.4950000047683716 -999 24.290000915527344 22.409999847412109 21.329999923706055 20.780000686645508 0.0099999997764825821 0 0 0 5.0300002098083496 27.290000915527344 72.470001220703125 105.18000030517578 25.74608039855957 23.909990310668945 22.849603652954102 22.445167541503906 57668.12109375 17.350841522216797 14.787294387817383 10.642260551452637 40.102867126464844 riz 0 57663.6328125 0.72507607936859131 0.37439411878585815 0.52833515405654907 0.21451123058795929 0.050881326198577881 24.058021545410156 0.044287566095590591 4.273574631952215e-06 1.7432063259548158e-07 0.0039121345616877079 -5.4800949556010892e-08 -3.8874561347768122e-09 42 38.156063079833984 0.64040589332580566 0.72584646940231323
SN: 1504096 10 0 X1 3 0 33.627406999999998 -5.0442910000000003 0.50708997249603271 0.0010000000474974513 0.50582098960876465 0.0010000000474974513 0.50582098960876465 0.0018084588227793574 0 300 0 0 0.015838531777262688 1 2 104579 -9 -9 0.50709998607635498 0.0010000000474974513 33.62744 -5.0442799999999997 0.12600000202655792 0.1080000028014183 -5.6913447380065918 11.01099967956543 0.035999998450279236 -9999 -9999 1.0789999961853027 11.079000473022461 -9.9300003051757812 11.079424858093262 1.375 -999 23.299999237060547 21.639999389648438 20.870000839233398 20.440000534057617 0.0099999997764825821 0 0 0 12.779999732971191 62.349998474121094 123.23999786376953 174.80999755859375 24.733673095703125 23.012908935546875 22.273120880126953 21.893585205078125 57686.08203125 11.019804954528809 6.6241016387939453 5.0824565887451172 21.993982315063477 riz 0 57690.20703125 0.97346949577331543 -2.2528505325317383 0.68640196323394775 0.007970801554620266 0.091563403606414795 23.176412582397461 0.079558081924915314 9.6257608674932271e-06 7.0533440066355979e-07 -0.0009573001298122108 -1.6662752955198812e-07 -3.798847458824639e-08 47 37.856090545654297 0.8269844651222229 0.75142008066177368
SN: 1530098 10 0 E1 3 0 7.103809 -43.317309999999999 0.54873001575469971 0.0010000000474974513 0.54758197069168091 0.0010000000474974513 0.54758191108703613 0.0018434225348755717 0 300 0 0 0.005685979500412941 2 2 105621 -9 -9 0.54869997501373291 0.0010000000474974513 7.103917 -43.317276 0.31000000238418579 0.40900000929832458 -3.102855920791626 10.263999938964844 0.048000000417232513 -9999 -9999 -0.18500000238418579 5.0190000534057617 -10.513999938964844 5.0215816497802734 1.3949999809265137 -999 24.510000228881836 22.780000686645508 22.100000381469727 21.680000305175781 0.029999999329447746 0.0099999997764825821 0.0099999997764825821 0.0099999997764825821 3.4100000858306885 17.329999923706055 34.779998779296875 50.479999542236328 26.168113708496094 24.403003692626953 23.646677017211914 23.24220085144043 57708.05078125 11.229547500610352 7.4669857025146484 5.425605297088623 28.003332138061523 riz 0 57700.046875 0.97371768951416016 1.6071202754974365 0.75524944067001343 -0.25105255842208862 0.07182013988494873 23.338930130004883 0.072207942605018616 8.287588570965454e-06 5.5117413921834668e-07 0.0071693710051476955 -3.0522465976901003e-07 -1.6150607962117647e-08 43 56.349449157714844 0.083321556448936462 0.99362266063690186
SN: 1389210 10 0 C2 3 0 54.382717 -28.796006999999999 0.54921001195907593 0.0010000000474974513 0.54865401983261108 0.0010000000474974513 0.54865407943725586 0.0018443239387124777 0 300 0 0 0.0089781619608402252 1 1 49111 -9 -9 0.54919999837875366 0.0010000000474974513 54.383146000000004 -28.795809999999999 1.5290000438690186 1.6490000486373901 -9 10.001999855041504 0.010999999940395355 -9999 -9999 1.8990000486373901 0.090999998152256012 -8.1070003509521484 0.094641432166099548 0.22300000488758087 -999 22.559999465942383 21.75 21.450000762939453 21.270000457763672 0 0 0 0 12.069999694824219 29.129999160766602 30.989999771118164 33.360000610351562 24.795732498168945 23.839149475097656 23.771945953369141 23.691934585571289 57644.21875 13.040776252746582 12.440155029296875 12.050643920898438 38.495956420898438 riz 0 57645.65625 0.53900724649429321 -0.80232995748519897 0.52837550640106201 0.010691854171454906 0.054620452225208282 23.136791229248047 0.058106809854507446 9.983524250856135e-06 5.3430176194524392e-07 0.0092735430225729942 -1.8939073243018356e-07 -2.0634022490639836e-08 50 45.447406768798828 0.65638339519500732 0.26980754733085632
SN: 1559048 10 0 X3 3 0 36.981380999999999 -4.5756309999999996 0.98157000541687012 0.0010000000474974513 0.98000198602676392 0.0010000000474974513 0.98000192642211914 0.0022193784825503826 0 300 0 0 0.023849334567785263 1 3 106840 -9 -9 0.98159998655319214 0.0010000000474974513 36.981482999999997 -4.5756959999999998 0.43500000238418579 0.46500000357627869 -3.3735976219177246 11.229999542236328 0.027000000700354576 -9999 -9999 0.89800000190734863 0.0040000001899898052 -10.366000175476074 0.076105192303657532 0.98900002241134644 -999 25 23.409999847412109 22.340000152587891 21.459999084472656 0.029999999329447746 0.0099999997764825821 0 0 1.7999999523162842 9.8599996566772461 25.969999313354492 58.439998626708984 26.861818313598633 25.015308380126953 23.96381950378418 23.083225250244141 57708.125 11.991233825683594 5.1591744422912598 -99 23.344425201416016 iz 0 57717.28515625 1.1366050243377686 -0.87334132194519043 0.63703954219818115 -0.25847136974334717 0.15588349103927612 24.53765869140625 0.076653651893138885 2.7474911803437863e-06 1.9397458572711912e-07 0.012420567683875561 -6.415237407964014e-08 1.3351233896230497e-08 22 17.004337310791016 0.76312255859375 0.9094240665435791
SN: 1367556 10 1 X1 3 0 34.670208000000002 -4.6711150000000004 0.45234999060630798 0.0010000000474974513 0.45114800333976746 0.0010000000474974513 0.45114803314208984 0.0017631339142099023 0 300 0 0 0.017777375876903534 1 1 47039 -9 -9 0.45230001211166382 0.0010000000474974513 34.670262000000001 -4.6710140000000004 0.41200000047683716 0.69599997997283936 -9 9.2089996337890625 0.050999999046325684 -9999 -9999 0.22300000488758087 1.062000036239624 -8.9799995422363281 1.0724015235900879 0.63400000333786011 -999 24.709999084472656 23.600000381469727 23.290000915527344 22.959999084472656 0.05000000074505806 0.019999999552965164 0.019999999552965164 0.019999999552965164 3.0199999809265137 8.2299995422363281 10.279999732971191 14.170000076293945 26.299982070922852 25.21150016784668 24.970016479492188 24.621574401855469 57633.34765625 27.109701156616211 19.356491088867188 14.986352920532227 74.632347106933594 riz 0 57634.6015625 0.37632772326469421 0.36148014664649963 0.3403249979019165 -0.078323513269424438 0.033432520925998688 22.320938110351562 0.035627856850624084 2.1165304133319296e-05 6.9452823936444474e-07 0.0022868313826620579 -1.2923523229346756e-07 -1.6749067910382109e-08 49 51.800128936767578 0.36514672636985779 0.28754228353500366
SN: 1293465 10 0 X2 3 0 36.421776000000001 -6.3166060000000002 0.49919998645782471 0.0010000000474974513 0.49801000952720642 0.0010000000474974513 0.49801003932952881 0.0018019514391198754 0 300 0 0 0.028931589797139168 1 2 35855 -9 -9 0.49919998645782471 0.0010000000474974513 36.421684999999997 -6.316649 0.35899999737739563 0.46799999475479126 -4.1262655258178711 10.689999580383301 0.061000000685453415 -9999 -9999 0.043999999761581421 10.043999671936035 -10.62600040435791 10.044302940368652 1.4359999895095825 -999 23.530000686645508 21.700000762939453 20.930000305175781 20.510000228881836 0.0099999997764825821 0 0 0 8.4600000381469727 39.580001831054688 85.580001831054688 121.63999938964844 25.181573867797852 23.506309509277344 22.669069290161133 22.287309646606445 56904.2265625 7.3772192001342773 5.8169159889221191 5.7503137588500977 17.77342414855957 riz 0 56904.15234375 0.93792891502380371 -2.315995454788208 0.78400516510009766 0.1000249832868576 0.1083812341094017 23.251209259033203 0.136027991771698 8.9849600044544786e-06 1.1256934158154763e-06 0.0041809710673987865 -4.0877424112295557e-07 -2.4533877152066452e-08 30 20.517768859863281 0.9023592472076416 0.84092110395431519
SN: 1293758 10 1 E1+E2 3 0 8.4838749999999994 -43.349716000000001 0.14895999431610107 0.0010000000474974513 0.14811800420284271 0.0010000000474974513 0.14811801910400391 0.0015231331344693899 0 300 0 0 0.0072730453684926033 1 1 -5663 -9 -9 0.14900000393390656 0.0010000000474974513 8.4855020000000003 -43.349733999999998 4.2589998245239258 2.0699999332427979 -9 10.807000160217285 0.019999999552965164 -9999 -9999 0.83600002527236938 0.15099999308586121 -9.8859996795654297 0.15595512092113495 0.90700000524520874 -999 19.549999237060547 18.600000381469727 18.040000915527344 18.020000457763672 0 0 0 0 20.829999923706055 46.630001068115234 67.569999694824219 73.120002746582031 24.203277587890625 23.328336715698242 22.925615310668945 22.839908599853516 56916.08984375 226.10383605957031 150.83966064453125 83.8994140625 538.5589599609375 griz 0 56915.8125 0.17401197552680969 -1.2731767892837524 0.083466619253158569 -0.047022279351949692 0.013921484351158142 20.023786544799805 0.017275122925639153 0.00017558412218932062 2.7937148843193427e-06 1.7672875401331112e-05 -6.6408233578840736e-08 -2.5366665212800399e-08 72 54.915241241455078 0.93297183513641357 0.45241189002990723
SN: 1305051 10 0 S1 3 0 42.559826000000001 -0.034187000000000002 0.29980000853538513 0.0010000000474974513 0.29887399077415466 0.0010000000474974513 0.29887402057647705 0.001639916212297976 0 300 0 0 0.053746022284030914 1 1 31674 -9 -9 0.29980000853538513 0.0010000000474974513 42.560155000000002 -0.033989999999999999 1.3819999694824219 0.88300001621246338 -9 10.208999633789062 0.016000000759959221 -9999 -9999 1.309999942779541 0.028999999165534973 -8.8290004730224609 0.051039200276136398 0.50800001621246338 -999 22.239999771118164 21.329999923706055 20.950000762939453 20.610000610351562 0 0 0 0 26.319999694824219 55.5 74.879997253417969 90.959999084472656 23.949285507202148 23.139266967773438 22.814085006713867 22.602874755859375 56960.26171875 35.405170440673828 32.240623474121094 26.212228775024414 85.779273986816406 griz 0 56962.33984375 0.34111756086349487 -1.006111741065979 0.31210678815841675 0.031917404383420944 0.024785421788692474 21.922603607177734 0.034123741090297699 3.0546299967681989e-05 9.6004350780276582e-07 0.0033371793106198311 -2.1488922641310637e-07 -1.726981579963649e-08 45 48.544883728027344 0.33207976818084717 0.35184162855148315
SN: 1323777 10 0 C3 3 0 53.455005999999997 -28.234988999999999 0.53347998857498169 0.0010000000474974513 0.53289997577667236 0.0010000000474974513 0.53289997577667236 0.0018310976447537541 0 300 0 0 0.0082506993785500526 1 1 27291 -9 -9 0.53350001573562622 0.0010000000474974513 53.454695999999998 -28.234455000000001 2.1600000858306885 1.1469999551773071 -9 10.852999687194824 0.019999999552965164 -9999 -9999 0.66699999570846558 0.19799999892711639 -10.194999694824219 0.21667486429214478 0.99400001764297485 -999 23.629999160766602 22.129999160766602 21.409999847412109 20.909999847412109 0.0099999997764825821 0 0 0 6.7199997901916504 21.350000381469727 35.299999237060547 46.900001525878906 25.431575775146484 24.176506042480469 23.630563735961914 23.322067260742188 57034.16015625 21.664674758911133 16.686511993408203 2.2347147464752197 37.277210235595703 riz 0 57040.25 1.2948293685913086 -0.95635497570037842 0.86418509483337402 0.070970706641674042 0.052105598151683807 23.733257293701172 0.055653855204582214 5.763645276601892e-06 2.9543923574237851e-07 0.0072322478517889977 -8.8770192974152451e-08 -9.6917522895978436e-09 5 6.911430835723877 0.22731108963489532 0.39697450399398804
SN: 1290394 10 0 E1 3 0 8.2041749999999993 -42.305821000000002 0.57270997762680054 0.0010000000474974513 0.57152897119522095 0.0010000000474974513 0.57152891159057617 0.0018635984743013978 0 300 0 0 0.0096868770197033882 1 1 -6404 -9 -9 0.57270002365112305 0.0010000000474974513 8.2042420000000007 -42.305714000000002 0.42599999904632568 0.40999999642372131 -9 10.793999671936035 0.032999999821186066 -9999 -9999 -2.1429998874664307 1.2610000371932983 -12.89799976348877 1.2610142230987549 1.3350000381469727 -999 23.639999389648438 21.760000228881836 20.860000610351562 20.520000457763672 0.019999999552965164 0 0 0 7.9800000190734863 45.560001373291016 94.470001220703125 136.14999389648438 25.244993209838867 23.353540420532227 22.561765670776367 22.164955139160156 56890.22265625 12.370780944824219 9.8352766036987305 7.8103923797607422 26.341371536254883 riz 0 56885.1484375 1.7831969261169434 -0.95426928997039795 0.92559170722961426 -0.040252193808555603 0.073628157377243042 23.062519073486328 0.063330702483654022 1.0690359886211809e-05 6.2356582475331379e-07 -6.2585882005805615e-06 -1.8700900739077042e-07 -2.3607730881280986e-08 30 21.900533676147461 0.85763764381408691 0.34522998332977295
SN: 1291408 10 0 E2 3 0 9.8667960000000008 -43.877440999999997 0.34817999601364136 0.0010000000474974513 0.34721300005912781 0.0010000000474974513 0.3472130298614502 0.0016785128973424435 0 300 0 0 0.0054132300429046154 1 1 29357 -9 -9 0.3481999933719635 0.0010000000474974513 9.8673330000000004 -43.877473000000002 1.3990000486373901 0.8410000205039978 -9 11.206999778747559 0.10899999737739563 -9999 -9999 0.36899998784065247 0.046999998390674591 -10.968000411987305 0.081024684011936188 1.4249999523162842 -999 21.379999160766602 19.729999542236328 19.090000152587891 18.889999389648438 0 0 0 0 37.090000152587891 135.08000183105469 256.6300048828125 270.95001220703125 23.576858520507812 22.17352294921875 21.476730346679688 21.417778015136719 56887.21484375 51.377655029296875 48.278900146484375 35.415657043457031 94.067596435546875 griz 0 56882.359375 0.054581351578235626 -0.93702799081802368 0.37730354070663452 -0.16486145555973053 0.035890813916921616 21.562162399291992 0.076620213687419891 4.257309774402529e-05 3.0043761398701463e-06 0.0023547441232949495 -1.8714030147748417e-07 -1.2545386951501314e-08 30 34.567024230957031 0.25873512029647827 0.63209974765777588
SN: 1298079 10 0 S1 3 0 43.202987999999998 -0.589503 0.26136100292205811 3.9999998989515007e-05 0.26047900319099426 3.9999998989515007e-05 0.26047897338867188 0.0012619539629667997 0 300 0 0 0.055133245885372162 1 2 31335 -9 -9 0 0 43.203378999999998 -0.58980999999999995 1.7879999876022339 1.1410000324249268 -2.2585887908935547 11.171999931335449 0.018999999389052391 -9999 -9999 1.2009999752044678 0.31299999356269836 -9.9350004196166992 0.32162865996360779 1.3609999418258667 -999 20.569999694824219 19.270000457763672 18.579999923706055 18.309999465942383 0 0 0 0 51.549999237060547 159.67999267578125 224.97000122070312 410.04998779296875 23.219429016113281 21.991874694824219 21.619688034057617 20.967906951904297 56932.2734375 44.242759704589844 37.406917572021484 33.521327972412109 101.18235778808594 griz 0 56932.6953125 0.30566573143005371 -0.17267361283302307 0.23339766263961792 0.050397373735904694 0.019463442265987396 21.517467498779297 0.026126701384782791 4.4362193875713274e-05 1.0675132671167376e-06 0.00047452023136429489 -1.0277111783807413e-07 -1.356379364381155e-08 36 23.75385856628418 0.94163012504577637 0.17757804691791534
SN: 1315795 10 0 C1 3 0 55.123660999999998 -27.538530000000002 0.37861999869346619 0.0010000000474974513 0.37813198566436768 0.0010000000474974513 0.37813198566436768 0.0017034619813784957 0 300 0 0 0.012447710148990154 1 1 -9149 -9 -9 0.37860000133514404 0.0010000000474974513 55.124215999999997 -27.538907999999999 2.2339999675750732 0.80400002002716064 -9 11.51099967956543 0.125 -9999 -9999 -1.1950000524520874 8.8050003051757812 -12.467000007629395 8.8050441741943359 1.5479999780654907 -999 21.959999084472656 20.100000381469727 19.399999618530273 19.209999084472656 0 0 0 0 13.949999809265137 59.080001831054688 104.26000213623047 124.94999694824219 24.638565063476562 23.071399688720703 22.454706192016602 22.258159637451172 57001.3046875 22.051897048950195 18.669179916381836 15.557990074157715 56.450382232666016 griz 0 57003.328125 0.44265151023864746 -1.1781941652297974 0.36672681570053101 0.20245440304279327 0.036114025861024857 22.570268630981445 0.050452057272195816 1.6822570614749566e-05 7.8171228778955992e-07 0.0049089011736214161 -1.8359014575253241e-07 -2.062941995006895e-08 49 46.066230773925781 0.59279334545135498 0.78080582618713379
SN: 1309696 10 0 E2 3 0 9.2089180000000006 -43.436115000000001 0.81085997819900513 0.0010000000474974513 0.80954200029373169 0.0010000000474974513 0.80954194068908691 0.0020685291383415461 0 300 0 0 0.0058233854360878468 1 1 30910 -9 -9 0.81089997291564941 0.0010000000474974513 9.2090309999999995 -43.436084000000001 0.31600001454353333 0.51899999380111694 -9 10.743000030517578 0.043000001460313797 -9999 -9999 -2.0260000228881836 7.9739999771118164 -12.880000114440918 7.9756860733032227 1.4839999675750732 -999 25.569999694824219 23.440000534057617 22.149999618530273 21.569999694824219 0.090000003576278687 0.019999999552965164 0.0099999997764825821 0.0099999997764825821 1.3799999952316284 9.25 31.510000228881836 52.080001831054688 27.150302886962891 25.084646224975586 23.753879547119141 23.208322525024414 56973.02734375 7.9568910598754883 6.5372142791748047 6.0575556755065918 22.337984085083008 riz 0 56974.92578125 1.143559455871582 0.24513126909732819 0.83813965320587158 -0.075997143983840942 0.07589191198348999 23.979650497436523 0.077567540109157562 4.593459379975684e-06 3.2816751627251506e-07 0.006331262644380331 -1.8757184250262071e-07 4.1623908764165662e-09 42 39.132011413574219 0.59758549928665161 0.266175776720047
SN: 1324542 10 1 C2 3 0 53.895198999999998 -29.047989000000001 0.54210001230239868 0.0010000000474974513 0.54153597354888916 0.0010000000474974513 0.54153597354888916 0.0018383429851382971 0 300 0 0 0.0076169334352016449 1 3 25097 -9 -9 0.54210001230239868 0.0010000000474974513 53.895403000000002 -29.048022 0.65200001001358032 0.89300000667572021 -2.97458815574646 8.9429998397827148 0.14100000262260437 -9999 -9999 -0.55299997329711914 0.18899999558925629 -9.5659999847412109 0.45510107278823853 0.41899999976158142 -999 25.549999237060547 24.5 24.229999542236328 23.889999389648438 0.079999998211860657 0.039999999105930328 0.039999999105930328 0.039999999105930328 1.1699999570846558 3.1400001049041748 4.4000000953674316 4.4099998474121094 27.329534530639648 26.257675170898438 25.891368865966797 25.888904571533203 57044.17578125 17.574529647827148 13.795296669006348 9.2150840759277344 38.720817565917969 riz 0 57043.703125 0.75249475240707397 0.31058725714683533 0.64484500885009766 -0.00029888006974942982 0.053131721913814545 23.095720291137695 0.046422015875577927 1.0368404218752403e-05 4.433141498338955e-07 0.0047577801160514355 -1.5544416953616746e-07 -1.2823275774564991e-08 20 25.357851028442383 0.18808194994926453 0.10353388637304306
SN: 1317612 10 1 E1 3 0 6.8564080000000001 -42.850411000000001 0.10525000095367432 0.0010000000474974513 0.10442099720239639 0.0010000000474974513 0.10442101955413818 0.0014904274139553308 0 300 0 0 0.0041324691846966743 1 1 29198 -9 -9 0.10530000180006027 0.0010000000474974513 6.8554579999999996 -42.849998999999997 2.9130001068115234 1.5410000085830688 -9 10.717000007629395 0.014000000432133675 -9999 -9999 -10 0 -20.711999893188477 0.24500000476837158 1.6790000200271606 -999 19.879999160766602 18.680000305175781 17.889999389648438 18.010000228881836 0 0 0 0 38.669998168945312 82.180000305175781 117.43000030517578 137.28999328613281 23.531564712524414 22.713085174560547 22.325551986694336 22.155902862548828 57016.10546875 375.793212890625 340.462890625 96.082717895507812 781.97528076171875 gri 0 57014.453125 0.24953034520149231 -0.99885392189025879 0.11560820043087006 0.052894528955221176 0.020312555134296417 19.263910293579102 0.025010025128722191 0.00035353770363144577 8.1437710832688026e-06 0.00013500690693035722 -2.8554583764162089e-07 -1.2341759259015816e-07 16 6.4158124923706055 0.98294943571090698 0.37675398588180542
SN: 1296173 10 0 X3 3 0 35.747959000000002 -4.1773119999999997 0.65898001194000244 0.0010000000474974513 0.65763199329376221 0.0010000000474974513 0.65763199329376221 0.0019368559587746859 0 300 0 0 0.021857418119907379 1 1 38854 -9 -9 0.6589999794960022 0.0010000000474974513 35.747979999999998 -4.1772390000000001 0.2720000147819519 0.3529999852180481 -9 10.376999855041504 0.046999998390674591 -9999 -9999 -1.875 8.125 -12.232000350952148 8.1259927749633789 1.3669999837875366 -999 25.100000381469727 23.360000610351562 22.329999923706055 21.879999160766602 0.039999999105930328 0.0099999997764825821 0.0099999997764825821 0 2.3199999332427979 10.699999809265137 26.620000839233398 39.130001068115234 26.586280822753906 24.926540374755859 23.936979293823242 23.518726348876953 56924.23046875 20.485248565673828 17.634698867797852 -99 42.373805999755859 iz 0 56919.7734375 1.0194594860076904 -1.0075838565826416 0.52636629343032837 0.21405871212482452 0.089706666767597198 23.828601837158203 0.085368886590003967 5.279089691612171e-06 4.1508241110932431e-07 -0.00023505243007093668 -4.4245464181358329e-08 -3.2782359937755245e-08 22 15.887189865112305 0.82144486904144287 0.78862309455871582
SN: 1297532 10 0 C2+C3 3 0 53.222633000000002 -28.768408000000001 0.86532002687454224 0.0010000000474974513 0.86461299657821655 0.0010000000474974513 0.86461305618286133 0.0021169369574636221 0 300 0 0 0.0070936921983957291 2 4 26395 -9 -9 0.86529999971389771 0.0010000000474974513 53.222614 -28.768501000000001 0.34099999070167542 0.47499999403953552 -2.9483833312988281 11.371999740600586 0.017000000923871994 -9999 -9999 0.019999999552965164 10.020000457763672 -11.354000091552734 10.020560264587402 1.5479999780654907 -999 24.989999771118164 22.819999694824219 21.520000457763672 20.780000686645508 0.039999999105930328 0.0099999997764825821 0 0 2.2300000190734863 16.059999465942383 55.369998931884766 100.01999664306641 26.629238128662109 24.485635757446289 23.141813278198242 22.499782562255859 56925.328125 17.384172439575195 11.640748977661133 -99 35.609107971191406 iz 0 56924.81640625 1.0906580686569214 0.2153787761926651 0.60621058940887451 0.1796155571937561 0.11408527940511703 24.190162658691406 0.043930571526288986 3.7838597108930117e-06 1.531008422261948e-07 -0.0065489122644066811 -4.5286540739652992e-08 -2.5971884642927989e-09 30 29.925615310668945 0.46946820616722107 0.60300755500793457
SN: 1311921 10 0 X3 3 0 36.541004000000001 -4.2548589999999997 1.0460000038146973 0.0010000000474974513 1.0443639755249023 0.0010000000474974513 1.0443639755249023 0.0022770599462091923 0 300 0 0 0.022321764379739761 1 3 -8531 -9 -9 1.0460000038146973 0.0010000000474974513 36.541034000000003 -4.2551300000000003 0.98100000619888306 0.70599997043609619 -3.3424603939056396 11.446000099182129 0.030999999493360519 -9999 -9999 1.4129999876022339 0.7070000171661377 -10.062000274658203 0.71490210294723511 1.3660000562667847 -999 25.139999389648438 23.670000076293945 22.5 21.5 0.039999999105930328 0.0099999997764825821 0.0099999997764825821 0 1.3600000143051147 5.2199997901916504 13.060000419616699 31.239999771118164 27.166152954101562 25.70582389831543 24.710142135620117 23.763221740722656 56980.12890625 7.7795677185058594 6.8775639533996582 -99 18.992090225219727 iz 0 56982.8515625 1.5032715797424316 -2.3521728515625 0.87478029727935791 -0.034744679927825928 0.1803448498249054 24.531009674072266 0.089685522019863129 2.7643702651403146e-06 2.2834643687019707e-07 0.031079614534974098 -8.5123829762778769e-08 1.6484763776247746e-08 22 16.006341934204102 0.8155708909034729 0.79256516695022583
SN: 1320367 10 0 S2 3 0 41.410342999999997 -0.26805600000000002 0.40211999416351318 0.0010000000474974513 0.401093989610672 0.0010000000474974513 0.40109395980834961 0.0017221162561327219 0 300 0 0 0.024957031011581421 1 2 32495 -9 -9 0.40209999680519104 0.0010000000474974513 41.410513000000002 -0.26815299999999997 0.70399999618530273 0.97299998998641968 -2.7539870738983154 9.310999870300293 0.12200000137090683 -9999 -9999 0.460999995470047 0.22300000488758087 -8.6660003662109375 0.2566281259059906 0.50800001621246338 -999 24.280000686645508 23.5 23.100000381469727 22.520000457763672 0.029999999329447746 0.019999999552965164 0.019999999552965164 0.0099999997764825821 4.4699997901916504 9.9300003051757812 13.439999580383301 21.120000839233398 25.874231338500977 25.007627487182617 24.679000854492188 24.188264846801758 57018.046875 18.129253387451172 9.8788671493530273 6.685671329498291 29.458255767822266 riz 0 57018.5859375 0.60528337955474854 -1.6119073629379272 0.71094226837158203 -0.070685945451259613 0.078023254871368408 23.113058090209961 0.085041835904121399 1.0204153113591019e-05 7.9925484897103161e-07 0.011343949474394321 -2.4009577259676007e-07 -5.0235929194286655e-08 26 42.114269256591797 0.023891787976026535 0.58669465780258179
SN: 1319870 10 0 C2 3 0 54.921398000000003 -28.315712000000001 0.26811999082565308 0.0010000000474974513 0.26767298579216003 0.0010000000474974513 0.26767301559448242 0.0016152831958606839 0 300 0 0 0.009639393538236618 1 1 23618 -9 -9 0.26809999346733093 0.0010000000474974513 54.921764000000003 -28.315974000000001 1.4950000047683716 1.4019999504089355 -9 10.300999641418457 0.008999999612569809 -9999 -9999 0.70300000905990601 0.24199999868869781 -9.5959997177124023 0.2443767637014389 1.1059999465942383 -999 21.969999313354492 20.879999160766602 20.360000610351562 20.030000686645508 0 0 0 0 24.709999084472656 67.300003051757812 106.31999969482422 141.05999755859375 24.017818450927734 22.929962158203125 22.433462142944336 22.126491546630859 57011.0859375 20.535026550292969 13.123566627502441 6.0982437133789062 31.31700325012207 griz 0 57017.33984375 0.59894132614135742 -1.9635571241378784 0.86625194549560547 -0.11126160621643066 0.049427948892116547 23.003944396972656 0.062601245939731598 1.1282939340162557e-05 6.5055036202465999e-07 0.013025332242250443 -2.8090943260394852e-07 -1.3203631077374212e-08 42 74.404045104980469 0.0015134726418182254 0.75229066610336304
SN: 1320762 10 0 S1 3 0 43.318801999999998 -0.271146 0.51445001363754272 0.0010000000474974513 0.51339298486709595 0.0010000000474974513 0.51339292526245117 0.0018147769151255488 0 300 0 0 0.061879828572273254 2 2 32067 -9 -9 0.51450002193450928 0.0010000000474974513 43.319133000000001 -0.27101500000000001 1.2829999923706055 1.7220000028610229 -1.0294826030731201 9.2349996566772461 0.016000000759959221 -9999 -9999 1.6890000104904175 0.035999998450279236 -7.5370001792907715 0.053814496845006943 0.027000000700354576 -999 23.069999694824219 22.579999923706055 22.209999084472656 21.889999389648438 0.0099999997764825821 0.0099999997764825821 0.0099999997764825821 0.0099999997764825821 10.199999809265137 18.299999237060547 24.829999923706055 30.799999237060547 24.978500366210938 24.3438720703125 24.012557983398438 23.778623580932617 57019.05859375 10.997925758361816 8.2241525650024414 6.9265437126159668 28.987003326416016 riz 0 57022.25390625 0.6311345100402832 -0.8763883113861084 0.75353670120239258 0.07871585339307785 0.074242033064365387 23.052297592163086 0.087412029504776001 1.0791482054628432e-05 8.6881635752433795e-07 0.02347077801823616 -4.6979050694062607e-07 -4.9088892950521767e-08 24 9.3478469848632812 0.99675494432449341 0.39266538619995117
SN: 1321276 10 0 X3 3 0 37.034222 -4.0908730000000002 0.33226999640464783 0.0010000000474974513 0.33121401071548462 0.0010000000474974513 0.33121395111083984 0.0016656818334013224 0 300 0 0 0.021432578563690186 1 1 37607 -9 -9 0.33230000734329224 0.0010000000474974513 37.034292999999998 -4.0910549999999999 0.70399999618530273 0.72100001573562622 -9 9.9739999771118164 0.057000000029802322 -9999 -9999 1.1059999465942383 0.61100000143051147 -8.7460002899169922 0.61258226633071899 0.56499999761581421 -999 22.389999389648438 21.510000228881836 20.930000305175781 20.760000228881836 0 0 0 0 21.889999389648438 52.090000152587891 70.360000610351562 97.349998474121094 24.149385452270508 23.208114624023438 22.881685256958008 22.529159545898438 57025.1171875 52.226638793945312 39.131984710693359 35.526664733886719 134.74565124511719 griz 0 57024.16015625 0.22438666224479675 0.056846600025892258 0.25823277235031128 -0.016548898071050644 0.021691793575882912 21.967510223388672 0.028069594874978065 2.9308681405382231e-05 7.577189080620883e-07 0.001837664982303977 -1.011724819477422e-07 -1.0307618758531589e-08 19 35.078842163085938 0.013664567843079567 0.058326795697212219
SN: 1303466 10 0 C2 3 0 54.387118999999998 -29.136845000000001 0.65333002805709839 0.0010000000474974513 0.6527400016784668 0.0010000000474974513 0.6527400016784668 0.0019326652400195599 0 300 0 0 0.0093938261270523071 1 1 24593 -9 -9 0.65329998731613159 0.0010000000474974513 54.387149000000001 -29.136873999999999 0.14300000667572021 0.20900000631809235 -9 9.6549997329711914 0.027000000700354576 -9999 -9999 1.4980000257492065 0.37400001287460327 -8.1339998245239258 0.37483462691307068 0.2669999897480011 -999 23.690000534057617 22.879999160766602 22.430000305175781 22.229999542236328 0.0099999997764825821 0.0099999997764825821 0.0099999997764825821 0.0099999997764825821 7.4000000953674316 16.229999542236328 26.129999160766602 30.440000534057617 25.326921463012695 24.474203109741211 23.957151412963867 23.791387557983398 56956.35546875 7.7639894485473633 7.3433003425598145 4.6543521881103516 19.772491455078125 riz 0 56956.13671875 1.186568021774292 -0.78863108158111572 0.96459174156188965 -0.073913522064685822 0.086915314197540283 23.927312850952148 0.084475994110107422 4.8203055484918877e-06 3.7504514693864621e-07 0.010612925514578819 -2.487012977780978e-07 -8.5691977957935705e-09 37 29.639232635498047 0.7998579740524292 0.3602868914604187
SN: 1295800 10 0 C3 3 0 52.383201999999997 -28.782820000000001 0.74923998117446899 0.0010000000474974513 0.74855202436447144 0.0010000000474974513 0.74855208396911621 0.0020153201185166836 0 300 0 0 0.0096353255212306976 1 1 26058 -9 -9 0.74919998645782471 0.0010000000474974513 52.383054999999999 -28.782733 0.55900001525878906 0.81099998950958252 -9 10.125 0.014999999664723873 -9999 -9999 0.56000000238418579 0.28600001335144043 -9.5659999847412109 0.29307335615158081 0.98799997568130493 -999 24.860000610351562 23.899999618530273 23.200000762939453 22.860000610351562 0.019999999552965164 0.0099999997764825821 0.0099999997764825821 0.0099999997764825821 2.2699999809265137 6.2699999809265137 12.189999580383301 16.329999923706055 26.609935760498047 25.506832122802734 24.784990310668945 24.467535018920898 56912.2578125 11.170226097106934 10.047702789306641 6.1906847953796387 25.117216110229492 riz 0 56905.76171875 1.2362158298492432 -0.19960451126098633 0.72798937559127808 0.21949629485607147 0.088606417179107666 24.423942565917969 0.10067786276340485 3.0508660984196467e-06 2.8289991860219743e-07 0.025806767866015434 -1.5705664679899201e-07 -1.4211343213332839e-08 32 22.20005989074707 0.90196216106414795 0.73467332124710083
SN: 1326367 10 0 C1 3 0 53.736130000000003 -27.140719000000001 0.55856001377105713 0.0010000000474974513 0.55796700716018677 0.0010000000474974513 0.55796694755554199 0.0018521611345931888 0 300 0 0 0.0085806502029299736 1 1 23370 -9 -9 0.55860000848770142 0.0010000000474974513 53.736694 -27.140878000000001 1.8949999809265137 1.7020000219345093 -9 10.434000015258789 0.017999999225139618 -9999 -9999 0.81199997663497925 0.47900000214576721 -9.6239995956420898 0.48912370204925537 0.81099998950958252 -999 23.430000305175781 22.149999618530273 21.579999923706055 21.290000915527344 0.0099999997764825821 0 0 0 5.070000171661377 18.700000762939453 29.170000076293945 36.590000152587891 25.737480163574219 24.320396423339844 23.83765983581543 23.591594696044922 57054.03515625 15.761002540588379 10.852785110473633 8.5514650344848633 30.177688598632812 riz 0 57053.9609375 1.0451047420501709 -0.11034167557954788 0.86883717775344849 -0.075448602437973022 0.068298593163490295 23.150911331176758 0.06229056790471077 9.8545260698301718e-06 5.6537123782618437e-07 0.012735417112708092 -2.3420922445893666e-07 -2.0986806958944726e-08 14 17.112142562866211 0.25025102496147156 0.25417062640190125
SN: 1303118 10 0 X2 3 0 35.289028000000002 -6.4322509999999999 0.58967000246047974 0.0010000000474974513 0.58838099241256714 0.0010000000474974513 0.58838105201721191 0.0018778502708300948 0 300 0 0 0.020360412076115608 1 1 36770 -9 -9 0.58969998359680176 0.0010000000474974513 35.289091999999997 -6.4322559999999998 0.22800000011920929 0.14599999785423279 -9 10.800000190734863 0.029999999329447746 -9999 -9999 1.3459999561309814 1.1069999933242798 -9.4499998092651367 1.1168495416641235 1.0460000038146973 -999 23.719999313354492 22.190000534057617 21.469999313354492 21.079999923706055 0.019999999552965164 0.0099999997764825821 0 0 8.7200002670288086 35.099998474121094 67.989997863769531 95.319999694824219 25.148708343505859 23.63673210144043 22.918888092041016 22.552040100097656 56949.11328125 9.6804294586181641 8.4524307250976562 -99 23.386980056762695 ri 0 56951.56640625 0.96588683128356934 0.77962726354598999 0.81521701812744141 0.061887986958026886 0.11533133685588837 23.365762710571289 0.076900184154510498 8.0852842074818909e-06 5.7266197472927161e-07 0.015015705488622189 -3.4540570936769655e-07 -1.7872693547360541e-08 28 34.170486450195312 0.19531631469726562 0.33180162310600281
SN: 1301933 10 1 X3 3 0 36.663719 -4.9707569999999999 0.33065000176429749 0.0010000000474974513 0.32959198951721191 0.0010000000474974513 0.32959198951721191 0.0016643841518089175 0 300 0 0 0.023013077676296234 1 1 38991 -9 -9 0.33070001006126404 0.0010000000474974513 36.663173 -4.9717799999999999 4.1710000038146973 3.3570001125335693 -9 9.7329998016357422 0.0099999997764825821 -9999 -9999 0.61699998378753662 0.1289999932050705 -9.1079998016357422 0.13159407675266266 0.7149999737739563 -999 23.200000762939453 22.229999542236328 21.809999465942383 21.479999542236328 0.0099999997764825821 0 0 0 -0.15000000596046448 0.019999999552965164 0.18000000715255737 0.029999999329447746 27.5 27.5 27.5 27.5 56949.1328125 116.77255249023438 83.079048156738281 79.532844543457031 249.19659423828125 griz 0 56952.875 0.18068999052047729 -0.12149160355329514 0.1288686990737915 -0.13265754282474518 0.014346836134791374 21.583202362060547 0.01772523857653141 4.1756033169804141e-05 6.8169015321473125e-07 0.00020668092474807054 -4.0996447125962732e-08 -5.7425180166603695e-09 41 44.251911163330078 0.33604967594146729 0.44404232501983643
SN: 1297377 10 0 C3 3 0 52.657702999999998 -28.738693000000001 0.61044001579284668 0.0010000000474974513 0.60981398820877075 0.0010000000474974513 0.60981392860412598 0.0018960379529744387 0 300 0 0 0.008697880432009697 1 3 27407 -9 -9 0.61040002107620239 0.0010000000474974513 52.658056000000002 -28.738591 1.1729999780654907 1.3830000162124634 -2.4941871166229248 10.696000099182129 0.012000000104308128 -9999 -9999 0.85900002717971802 0.42699998617172241 -9.8360004425048828 0.43577286601066589 1.1770000457763672 -999 24.020000457763672 22.670000076293945 21.899999618530273 21.350000381469727 0.0099999997764825821 0 0 0 3.4200000762939453 11.850000381469727 24.840000152587891 42.400001525878906 26.164934158325195 24.815704345703125 24.012121200561523 23.431585311889648 56933.16796875 28.701026916503906 27.255954742431641 16.405891418457031 70.974189758300781 riz 0 56929.0078125 0.3895021378993988 -1.5147485733032227 0.30894726514816284 0.081378825008869171 0.044141210615634918 23.512712478637695 0.035269860178232193 7.0617911660519894e-06 2.294004559644236e-07 0.0007680209819227457 -3.7089449733684887e-08 -5.7656301954978062e-09 37 20.090848922729492 0.9893682599067688 0.57316994667053223
SN: 1290176 10 0 C3 3 0 52.035580000000003 -28.064798 0.79601997137069702 0.0010000000474974513 0.79529500007629395 0.0010000000474974513 0.79529500007629395 0.0020560608245432377 0 300 0 0 0.0088971406221389771 1 1 26992 -9 -9 0.79600000381469727 0.0010000000474974513 52.035426999999999 -28.064889000000001 0.58700001239776611 0.72000002861022949 -9 10.472000122070312 0.017000000923871994 -9999 -9999 -0.24899999797344208 6.4580001831054688 -10.734000205993652 6.4589366912841797 1.1440000534057617 -999 25.290000915527344 23.719999313354492 22.559999465942383 22.100000381469727 0.029999999329447746 0.0099999997764825821 0 0.0099999997764825821 1.4700000286102295 6.7100000381469727 20.379999160766602 31.729999542236328 27.081707000732422 25.433193206787109 24.22698974609375 23.74632453918457 56903.26171875 13.203619956970215 10.404058456420898 7.0456910133361816 32.959499359130859 riz 0 56897.90625 0.71745944023132324 0.61812698841094971 0.76312339305877686 0.095049135386943817 0.065379679203033447 24.052768707275391 0.082927510142326355 4.2943029257003218e-06 3.2799482596601592e-07 0.014358119107782841 -2.1994452481521876e-07 -6.3932379390507776e-09 30 19.098678588867188 0.93791788816452026 0.37793514132499695
SN: 1319898 10 0 C2+C3 3 0 53.264488 -28.849996999999998 0.72925001382827759 0.0010000000474974513 0.72859698534011841 0.0010000000474974513 0.72859692573547363 0.0019980079960078001 0 300 0 0 0.0065350029617547989 1 1 25674 -9 -9 0.72930002212524414 0.0010000000474974513 53.264493000000002 -28.850092 0.34400001168251038 0.33199998736381531 -9 11.079999923706055 0.0070000002160668373 -9999 -9999 1.2890000343322754 0.14900000393390656 -9.7849998474121094 0.1523975133895874 0.93900001049041748 -999 23.350000381469727 22.290000915527344 21.409999847412109 20.979999542236328 0.0099999997764825821 0 0 0 11.640000343322754 32.599998474121094 69.910003662109375 99.25 24.835117340087891 23.716957092285156 22.888652801513672 22.508172988891602 57025.07421875 15.450929641723633 12.081164360046387 10.472895622253418 46.293220520019531 riz 0 57021.625 0.47203963994979858 -0.89335530996322632 0.39635485410690308 -0.061986256390810013 0.044160164892673492 23.747373580932617 0.04040922224521637 5.6891867643571459e-06 2.1174167841309099e-07 0.0057681356556713581 -5.8268216918122562e-08 -2.9523246070084497e-09 61 55.110328674316406 0.68811726570129395 0.36244744062423706
SN: 1322229 10 1 X3 3 0 35.926357000000003 -4.0188860000000002 0.52736002206802368 0.0010000000474974513 0.52612197399139404 0.0010000000474974513 0.52612197399139404 0.0018254196038469672 0 300 0 0 0.022290507331490517 1 2 38919 -9 -9 0.52740001678466797 0.0010000000474974513 35.926425999999999 -4.0188709999999999 0.25400000810623169 0.36599999666213989 -3.7723038196563721 9.6210002899169922 0.013000000268220901 -9999 -9999 0.043000001460313797 0.030999999493360519 -9.5659999847412109 0.049819674342870712 0.45800000429153442 -999 23.920000076293945 22.950000762939453 22.540000915527344 22.290000915527344 0.0099999997764825821 0 0.0099999997764825821 0.0099999997764825821 6.2399997711181641 14.970000267028809 21.760000228881836 27.090000152587891 25.512039184570312 24.561944961547852 24.155853271484375 23.917978286743164 57032.0625 44.018264770507812 29.907480239868164 24.487579345703125 89.374259948730469 riz 0 57034.55078125 0.80431896448135376 1.4588056802749634 0.79875528812408447 0.026018593460321426 0.033563971519470215 22.827716827392578 0.035131972283124924 1.3271284842630848e-05 4.2942880895679991e-07 -0.0035167648456990719 -2.1186619392210559e-07 -6.2800586952960202e-09 12 6.3093070983886719 0.89969426393508911 0.4939422607421875
SN: 1318847 10 0 S1 3 0 43.538131999999997 -0.61169700000000005 0.66106998920440674 0.0010000000474974513 0.65991801023483276 0.0010000000474974513 0.65991806983947754 0.0019388155778869987 0 300 0 0 0.053873144090175629 1 1 32323 -9 -9 0.66109997034072876 0.0010000000474974513 43.538342999999998 -0.61148999999999998 1.062000036239624 1.687000036239624 -9 9.2060003280639648 0.068999998271465302 -9999 -9999 0.97699999809265137 1.0299999713897705 -8.1979999542236328 1.0434504747390747 0.18500000238418579 -999 24.840000152587891 24.059999465942383 23.639999389648438 23.5 0.05000000074505806 0.029999999329447746 0.029999999329447746 0.029999999329447746 1.75 3.8299999237060547 5.619999885559082 6.8299999237060547 26.892404556274414 26.042003631591797 25.625659942626953 25.413948059082031 57005.20703125 11.618288040161133 7.7794008255004883 6.7129907608032227 25.609869003295898 riz 0 57014.38671875 0.92291295528411865 0.83003491163253784 0.81211197376251221 -0.047775004059076309 0.072473183274269104 23.380043029785156 0.069978199899196625 7.9796363934292458e-06 5.1430595249257749e-07 0.019484985619783401 -3.0662931749247946e-07 -1.4550614046981991e-08 27 22.180381774902344 0.72815549373626709 0.31923571228981018
SN: 1293006 10 0 X1 3 0 33.761490000000002 -5.3173649999999997 0.50562101602554321 0.00011999999696854502 0.50435799360275269 0.00011999999696854502 0.50435805320739746 0.0015101369936019182 0 300 0 0 0.016439853236079216 1 1 35060 -9 -9 0.5055999755859375 9.9999997473787516e-05 33.761364999999998 -5.3175039999999996 0.67100000381469727 0.4779999852180481 -9 11.180000305175781 0.029999999329447746 -9999 -9999 0.86599999666213989 10.866000175476074 -10.293999671936035 10.866301536560059 1.4630000591278076 -999 22.899999618530273 21.059999465942383 20.280000686645508 19.819999694824219 0.0099999997764825821 0 0 0 13.939999580383301 68.260002136230469 150.16000366210938 184.22000122070312 24.63934326171875 22.914585113525391 22.058614730834961 21.836658477783203 56903.2265625 7.4738354682922363 6.8559393882751465 5.3213610649108887 19.836433410644531 riz 0 56903.30859375 1.362190842628479 -0.70062512159347534 0.85869526863098145 -0.074748523533344269 0.12254540622234344 22.828685760498047 0.16224342584609985 1.3259462321002502e-05 1.9813842300209217e-06 0.039391286671161652 -1.0857590950763552e-06 -1.9715855614776956e-07 27 18.004571914672852 0.90337991714477539 0.34150153398513794
SN: 1301142 10 0 S2 3 0 40.468139999999998 -1.416064 0.71266001462936401 0.0010000000474974513 0.71138501167297363 0.0010000000474974513 0.71138501167297363 0.0019831156823784113 0 300 0 0 0.025615207850933075 1 1 32998 -9 -9 0.7127000093460083 0.0010000000474974513 40.468004999999998 -1.4160889999999999 0.49500000476837158 0.57899999618530273 -9 9.8229999542236328 0.032000001519918442 -9999 -9999 1.0549999475479126 0.54199999570846558 -8.7530002593994141 0.54992091655731201 0.46799999475479126 -999 24.780000686645508 23.75 23.129999160766602 22.819999694824219 0.039999999105930328 0.019999999552965164 0.019999999552965164 0.019999999552965164 2.6600000858306885 6.9099998474121094 13.319999694824219 17.510000228881836 26.437795639038086 25.401304244995117 24.688739776611328 24.39178466796875 56943.20703125 7.5359559059143066 7.2578887939453125 6.8262853622436523 23.823287963867188 riz 0 56940.16796875 0.89727973937988281 -0.088908098638057709 0.81322759389877319 -0.04710812121629715 0.076770171523094177 23.491659164428711 0.080616086721420288 7.2000580075837206e-06 5.3460547633221722e-07 0.017280684784054756 -3.3503252439004427e-07 -1.3493083095283964e-08 42 48.885395050048828 0.2160475105047226 0.1597992330789566
SN: 1310475 10 0 X2 3 0 35.053260999999999 -6.4725339999999996 0.66510999202728271 0.0010000000474974513 0.66375398635864258 0.0010000000474974513 0.66375398635864258 0.0019421050092205405 0 300 0 0 0.023799408227205276 1 1 36752 -9 -9 0.66509997844696045 0.0010000000474974513 35.053413999999997 -6.4726730000000003 0.74099999666213989 1.1699999570846558 -9 9.1070003509521484 0.048000000417232513 -9999 -9999 0.80500000715255737 0.69800001382827759 -8.300999641418457 0.71840375661849976 0.004999999888241291 -999 24.659999847412109 23.840000152587891 23.5 23.399999618530273 0.039999999105930328 0.019999999552965164 0.019999999552965164 0.029999999329447746 2.8900001049041748 5.190000057220459 7.6500000953674316 8.9200000762939453 26.347755432128906 25.712081909179688 25.29084587097168 25.124088287353516 56992.06640625 13.225486755371094 11.256192207336426 7.3658056259155273 33.327854156494141 riz 0 56985.02734375 0.81232666969299316 -0.0070669851265847683 0.64531612396240234 -0.083644367754459381 0.053013548254966736 23.300270080566406 0.048827521502971649 8.587995580455754e-06 3.862176924940286e-07 0.0052457735873758793 -1.6452173667858006e-07 -3.9773446758317732e-09 41 37.868980407714844 0.61056667566299438 0.27882450819015503
SN: 1302185 10 0 C3 3 0 53.147728000000001 -28.521929 0.73782998323440552 0.0010000000474974513 0.73716598749160767 0.0010000000474974513 0.73716592788696289 0.0020054357592016459 0 300 0 0 0.0072493846528232098 1 1 27180 -9 -9 0.7378000020980835 0.0010000000474974513 53.147875999999997 -28.521965000000002 0.48600000143051147 0.67100000381469727 -9 9.9650001525878906 0.008999999612569809 -9999 -9999 0.39599999785423279 0.02199999988079071 -9.5670003890991211 0.052801515907049179 0.44800001382827759 -999 23.930000305175781 23.159999847412109 22.569999694824219 22.299999237060547 0.0099999997764825821 0 0 0 6.0300002098083496 12.180000305175781 21.020000457763672 26.030000686645508 25.549205780029297 24.785881042480469 24.193418502807617 23.961315155029297 56963.2578125 14.530730247497559 11.482661247253418 7.3868389129638672 33.999053955078125 riz 0 56953.859375 0.78037238121032715 -0.25973361730575562 0.53991901874542236 0.10795661062002182 0.067975983023643494 24.342905044555664 0.05433008074760437 3.2872912925085984e-06 1.6449557449504937e-07 0.012537568807601929 -5.8324683749333417e-08 -6.1175251531153663e-09 39 38.634086608886719 0.48640945553779602 0.37012377381324768
SN: 1299643 10 1 C1 3 0 55.102634000000002 -26.722079999999998 0.37727001309394836 0.0010000000474974513 0.37677499651908875 0.0010000000474974513 0.37677502632141113 0.0017023629043251276 0 300 0 0 0.0120496591553092 2 3 22950 -9 -9 0.37729999423027039 0.0010000000474974513 55.102701000000003 -26.722182 0.42599999904632568 0.74400001764297485 -2.1265316009521484 9.4060001373291016 0.02500000037252903 -9999 -9999 -0.10899999737739563 0.57599997520446777 -9.5069999694824219 0.5798836350440979 0.84200000762939453 -999 24.290000915527344 23.110000610351562 22.719999313354492 22.409999847412109 0.019999999552965164 0.0099999997764825821 0.0099999997764825821 0.0099999997764825821 4.6500000953674316 15.329999923706055 20.940000534057617 27.209999084472656 25.831367492675781 24.536144256591797 24.19755744934082 23.913179397583008 56943.23046875 39.188156127929688 33.823524475097656 30.697677612304688 101.24754333496094 griz 0 56940.9296875 0.30901747941970825 0.8018794059753418 0.24711647629737854 -0.07052997499704361 0.020996138453483582 21.862890243530273 0.029319332912564278 3.2273328542942181e-05 8.7151232719406835e-07 0.0015681497752666473 -1.2530300352864288e-07 -1.1016053846901741e-08 42 48.613128662109375 0.22400602698326111 0.35597413778305054
SN: 1302738 10 0 E2 3 0 10.061045999999999 -44.952156000000002 0.67900002002716064 0.0010000000474974513 0.67782598733901978 0.0010000000474974513 0.677825927734375 0.0019541897345334291 0 300 0 0 0.0074542388319969177 1 1 29908 -9 -9 0.67900002002716064 0.0010000000474974513 10.060976999999999 -44.952314000000001 0.59399998188018799 0.51999998092651367 -9 11.267999649047852 0.067000001668930054 -9999 -9999 -1.2039999961853027 2.5510001182556152 -12.467000007629395 2.5516366958618164 1.5499999523162842 -999 24.090000152587891 22.030000686645508 20.850000381469727 20.399999618530273 0.029999999329447746 0 0 0 4.820000171661377 35.069999694824219 110.22000122070312 165.16999816894531 25.792383193969727 23.637660980224609 22.39434814453125 21.955171585083008 56930.1328125 11.644987106323242 9.1783313751220703 6.8007850646972656 27.602420806884766 riz 0 56926.2734375 1.1860287189483643 -0.23628838360309601 0.72175025939941406 -0.11467757821083069 0.063118383288383484 23.391860961914062 0.054369866847991943 7.893248948676046e-06 3.9526628370367689e-07 0.0029193898662924767 -1.5785951745783677e-07 -1.608185945523033e-10 39 33.012077331542969 0.73878252506256104 0.3902885913848877
SN: 1303314 10 0 X3 3 0 36.328105999999998 -4.7544269999999997 0.60619997978210449 0.0010000000474974513 0.60491299629211426 0.0010000000474974513 0.60491299629211426 0.0018918729620054364 0 300 0 0 0.023894457146525383 1 2 323909 -9 -9 0.60619997978210449 0.0010000000474974513 36.328170999999998 -4.7539899999999999 1.590999960899353 1.4029999971389771 -2.2194764614105225 10.654000282287598 0.0080000003799796104 -9999 -9999 1.2339999675750732 0.26199999451637268 -9.4130001068115234 0.2626880407333374 0.98100000619888306 -999 23.260000228881836 22.309999465942383 21.440000534057617 21.219999313354492 0.0099999997764825821 0 0 0 4.570000171661377 14.670000076293945 28.569999694824219 38.150001525878906 25.850210189819336 24.583925247192383 23.860223770141602 23.5462646484375 56961.19921875 13.24643611907959 11.164841651916504 9.4970273971557617 33.832645416259766 riz 0 56957.71875 0.61728060245513916 0.72874140739440918 0.62850940227508545 0.22630016505718231 0.066561982035636902 23.994255065917969 0.081705495715141296 4.5320834942685906e-06 3.4105534041373176e-07 0.010123975574970245 -1.7800330454065261e-07 -1.2481684130705162e-08 31 40.493755340576172 0.11827876418828964 0.79248136281967163
SN: 1303753 10 0 E1 3 0 8.0856569999999994 -43.381183999999998 0.65363001823425293 0.0010000000474974513 0.65241497755050659 0.0010000000474974513 0.65241503715515137 0.0019323870074003935 0 300 0 0 0.0048897434026002884 1 2 28240 -9 -9 0.65359997749328613 0.0010000000474974513 8.0863680000000002 -43.381678999999998 2.5769999027252197 3.75 -0.63953161239624023 9.6800003051757812 0.035000000149011612 -9999 -9999 1.4609999656677246 1.1189999580383301 -8.1979999542236328 1.1193503141403198 0.32800000905990601 -999 23.819999694824219 22.959999084472656 22.450000762939453 22.309999465942383 0.019999999552965164 0.0099999997764825821 0.0099999997764825821 0.0099999997764825821 0.68999999761581421 0.46000000834465027 1.1699999570846558 0.38999998569488525 27.5 27.5 27.329534530639648 27.5 56961.015625 16.920297622680664 13.497111320495605 10.100344657897949 40.978351593017578 riz 0 56962.52734375 0.65258479118347168 1.4062087535858154 0.63166606426239014 -0.12805749475955963 0.049468763172626495 23.238086700439453 0.060256611555814743 9.0942121460102499e-06 5.0471413715058588e-07 0.011470192112028599 -2.7073514274889021e-07 -1.0871834987824514e-08 40 38.496315002441406 0.53800660371780396 0.63397294282913208
SN: 1300084 10 0 S1 3 0 42.631306000000002 0.60408499999999998 0.6195799708366394 0.0010000000474974513 0.61842602491378784 0.0010000000474974513 0.61842608451843262 0.0019033651333302259 0 300 0 0 0.049009792506694794 1 1 32013 -9 -9 0.61959999799728394 0.0010000000474974513 42.631220999999996 0.60379400000000005 1.0900000333786011 1.3860000371932983 -9 9.9600000381469727 0.037000000476837158 -9999 -9999 -0.039000000804662704 0.15800000727176666 -9.9820003509521484 0.24865236878395081 0.75999999046325684 -999 24.739999771118164 23.590000152587891 22.940000534057617 22.540000915527344 0.05000000074505806 0.019999999552965164 0.0099999997764825821 0.0099999997764825821 2.75 5.570000171661377 11.380000114440918 15.670000076293945 26.401668548583984 25.63536262512207 24.859643936157227 24.512327194213867 56943.22265625 7.946561336517334 7.7419567108154297 7.3679547309875488 23.359857559204102 riz 0 56942.48828125 0.83024406433105469 0.30296698212623596 0.87518179416656494 -0.029877191409468651 0.089869797229766846 23.51203727722168 0.10639216005802155 7.0661826612195e-06 6.9242088329701801e-07 0.027390142902731895 -4.4755762473869254e-07 -2.9599219075748806e-08 37 28.000270843505859 0.85684937238693237 0.14183466136455536
SN: 1315910 10 0 E1 3 0 8.2145200000000003 -43.092964000000002 0.39467999339103699 0.0010000000474974513 0.39364999532699585 0.0010000000474974513 0.39365005493164062 0.0017160574207082391 0 300 0 0 0.0055435914546251297 1 1 28288 -9 -9 0.39469999074935913 0.0010000000474974513 8.2141470000000005 -43.093184000000001 1.2599999904632568 0.93599998950958252 -9 10.876999855041504 0.012000000104308128 -9999 -9999 1.1809999942779541 0.25200000405311584 -9.7060003280639648 0.25547602772712708 0.77100002765655518 -999 21.600000381469727 20.409999847412109 19.950000762939453 19.639999389648438 0 0 0 0 42.669998168945312 101.5 133.1300048828125 205.69999694824219 23.424694061279297 22.483835220336914 22.189310073852539 21.716915130615234 57002.0390625 11.462553024291992 10.128355979919434 8.080230712890625 28.079912185668945 riz 0 57001.02734375 0.67788296937942505 -0.908672034740448 0.69896858930587769 0.14490967988967896 0.078611031174659729 23.27996826171875 0.09135427325963974 8.7500993686262518e-06 7.3623681373646832e-07 0.014075269922614098 -2.7661673129841802e-07 -4.6020701915949758e-08 27 24.797710418701172 0.58579760789871216 0.57014292478561401
SN: 1297353 10 0 C2 3 0 54.054771000000002 -28.395136000000001 0.54458999633789062 0.0010000000474974513 0.54402297735214233 0.0010000000474974513 0.54402303695678711 0.0018404318252578378 0 300 0 0 0.008914504200220108 1 1 24523 -9 -9 0.54460000991821289 0.0010000000474974513 54.054921999999998 -28.394947999999999 0.82800000905990601 1.2760000228881836 -9 9.6610002517700195 0.046000000089406967 -9999 -9999 0.53299999237060547 0.99299997091293335 -9.130000114440918 1.0097217559814453 0.74599999189376831 -999 24.809999465942383 23.479999542236328 22.969999313354492 22.680000305175781 0.039999999105930328 0.019999999552965164 0.0099999997764825821 0.0099999997764825821 2.8599998950958252 8.9499998092651367 12.760000228881836 16.870000839233398 26.359085083007812 25.120441436767578 24.735372543334961 24.432212829589844 56943.18359375 24.042444229125977 15.835891723632812 15.316771507263184 59.520175933837891 riz 0 56933.703125 0.45661354064941406 1.3427634239196777 0.45002499222755432 0.046038191765546799 0.040352292358875275 22.748207092285156 0.048663772642612457 1.4279641618486494e-05 6.4002767885540379e-07 0.0029215945396572351 -2.0696771230177546e-07 -1.5282045850995019e-08 35 25.260343551635742 0.88726931810379028 0.47316491603851318
SN: 1293046 10 0 X3 3 0 37.167392999999997 -4.7320770000000003 0.60863000154495239 0.0010000000474974513 0.60736298561096191 0.0010000000474974513 0.60736298561096191 0.0018939545843750238 0 300 0 0 0.034864813089370728 1 1 37824 -9 -9 0.60860002040863037 0.0010000000474974513 37.167211999999999 -4.7323029999999999 1.0390000343322754 0.79500001668930054 -9 10.951000213623047 0.05299999937415123 -9999 -9999 -10 0 -20.945999145507812 0.20600000023841858 1.6039999723434448 -999 24.920000076293945 23.010000228881836 21.950000762939453 21.420000076293945 0.029999999329447746 0.0099999997764825821 0 0 1.559999942779541 11.460000038146973 24.129999160766602 45.200000762939453 27.017189025878906 24.852039337158203 24.043605804443359 23.362154006958008 56903.359375 13.272336006164551 11.986021041870117 10.61698055267334 32.133686065673828 riz 0 56899.61328125 0.77329087257385254 -1.4695661067962646 0.6117321252822876 -0.13459579646587372 0.098629005253314972 23.428915023803711 0.11448384076356888 7.628409093740629e-06 8.0436626603841432e-07 0.04048595204949379 -4.1917576254490996e-07 -7.150390501919901e-08 25 28.171157836914062 0.30003434419631958 0.66426461935043335
SN: 1302399 10 0 C3 3 0 52.858009000000003 -27.140433999999999 0.76564997434616089 0.0010000000474974513 0.76495099067687988 0.0010000000474974513 0.76495099067687988 0.0020295835565775633 0 300 0 0 0.0069973818026483059 1 2 27138 -9 -9 0.76560002565383911 0.0010000000474974513 52.858167999999999 -27.140636000000001 0.88899999856948853 0.89300000667572021 -2.8213722705841064 10.807999610900879 0.02199999988079071 -9999 -9999 0.92400002479553223 0.12800000607967377 -9.8859996795654297 0.14494137465953827 1.3190000057220459 -999 25.329999923706055 23.870000839233398 22.760000228881836 21.840000152587891 0.029999999329447746 0.0099999997764825821 0.0099999997764825821 0 1.25 6.2699999809265137 17.659999847412109 42.729999542236328 27.257724761962891 25.506832122802734 24.382522583007812 23.423168182373047 56936.30859375 10.67292308807373 8.2528457641601562 4.5394062995910645 23.63929557800293 riz 0 56950.88671875 1.1372501850128174 -2.0827004909515381 0.55430078506469727 0.27741611003875732 0.097191601991653442 24.575904846191406 0.067694075405597687 2.6523962333158124e-06 1.6537305214114895e-07 0.0054984483867883682 -5.1885642449178704e-08 -7.7036332868374302e-09 44 54.807834625244141 0.12732037901878357 1.1563165187835693
SN: 1324509 10 0 C2 3 0 54.563225000000003 -28.812569 0.21105000376701355 0.0010000000474974513 0.2106190025806427 0.0010000000474974513 0.21061897277832031 0.0015708451392129064 0 300 0 0 0.0099980505183339119 1 2 25100 -9 -9 0.21109999716281891 0.0010000000474974513 54.563307000000002 -28.812611 0.29899999499320984 0.26399999856948853 -4.8439931869506836 10.321999549865723 0.010999999940395355 -9999 -9999 0.99000000953674316 0.23100000619888306 -9.3459997177124023 0.23224340379238129 0.9100000262260437 -999 20.75 19.930000305175781 19.450000762939453 19.190000534057617 0 0 0 0 121.36000061035156 266.04000854492188 397.22000122070312 479.57000732421875 22.289810180664062 21.437633514404297 21.002422332763672 20.797870635986328 57044.171875 80.793006896972656 67.853584289550781 42.226161956787109 166.37716674804688 griz 0 57042.48046875 0.24989044666290283 -0.87027597427368164 0.23307442665100098 0.079203508794307709 0.020386384800076485 20.945127487182617 0.025334743782877922 7.5153417128603905e-05 1.7536419818497961e-06 0.0013981402153149247 -1.7817514219586883e-07 -2.5905070089038418e-08 28 39.806533813476562 0.068795390427112579 0.39224421977996826
SN: 1298266 10 0 S2 3 0 41.767643 -1.0585640000000001 0.49037998914718628 0.0010000000474974513 0.48930200934410095 0.0010000000474974513 0.48930203914642334 0.0017947091255337 0 300 0 0 0.029959563165903091 1 2 32873 -9 -9 0.49039998650550842 0.0010000000474974513 41.767735999999999 -1.0586139999999999 0.37799999117851257 0.42300000786781311 -4.0712752342224121 9.9549999237060547 0.023000000044703484 -9999 -9999 0.059000000357627869 0.063000001013278961 -9.8859996795654297 0.094921022653579712 0.69900000095367432 -999 23.989999771118164 22.729999542236328 22.280000686645508 21.959999084472656 0.019999999552965164 0.0099999997764825821 0.0099999997764825821 0.0099999997764825821 5.6399998664855957 20.799999237060547 31.440000534057617 41.299999237060547 25.621801376342773 24.204841613769531 23.756294250488281 23.460124969482422 56927.28515625 8.6407022476196289 8.2899436950683594 8.2804756164550781 25.827554702758789 riz 0 56926.08984375 1.4630436897277832 -0.98823511600494385 0.80560070276260376 0.18944710493087769 0.075937561690807343 23.304119110107422 0.082055419683456421 8.5576130004483275e-06 6.4674873101466801e-07 -0.007575466763228178 -7.7505013962309022e-08 -3.6322617802397872e-08 34 19.656002044677734 0.9765017032623291 0.71224445104598999
SN: 1322975 10 0 C3 3 0 52.880023999999999 -28.727432 0.8470500111579895 0.0010000000474974513 0.84633898735046387 0.0010000000474974513 0.84633898735046387 0.002100837416946888 0 300 0 0 0.008747749961912632 1 2 -13475 -9 -9 0.84710001945495605 0.0010000000474974513 52.880457999999997 -28.727620999999999 1.5299999713897705 1.4160000085830688 -1.7754590511322021 11.16100025177002 0.02500000037252903 -9999 -9999 0.54699999094009399 6.6420001983642578 -10.585000038146973 6.642481803894043 1.7319999933242798 -999 26.059999465942383 24.069999694824219 22.709999084472656 21.940000534057617 0.059999998658895493 0.0099999997764825821 0 0 0.37999999523162842 3.0699999332427979 10.970000267028809 21.260000228881836 27.5 26.282154083251953 24.899482727050781 24.18109130859375 57032.12109375 13.32316780090332 11.161050796508789 -99 30.034692764282227 iz 0 57032.47265625 1.0701998472213745 -0.16683286428451538 0.7425084114074707 -0.2013106495141983 0.11826682090759277 24.29524040222168 0.053846202790737152 3.4348206554568605e-06 1.7034713550856395e-07 -0.00044739680015482008 -7.3209072581903456e-08 -5.3184070480938317e-09 14 12.149916648864746 0.59426462650299072 0.67333585023880005
SN: 1300441 10 0 E2 3 0 10.266400000000001 -44.180996 0.48590001463890076 0.0010000000474974513 0.48484501242637634 0.0010000000474974513 0.48484504222869873 0.0017910074675455689 0 300 0 0 0.0055403676815330982 1 1 29853 -9 -9 0.48590001463890076 0.0010000000474974513 10.266398000000001 -44.181055999999998 0.21600000560283661 0.3619999885559082 -9 9.2620000839233398 0.018999999389052391 -9999 -9999 1.0870000123977661 0.335999995470047 -8.1350002288818359 0.33638074994087219 0.26600000262260437 -999 23.790000915527344 22.889999389648438 22.559999465942383 22.309999465942383 0.019999999552965164 0.0099999997764825821 0.0099999997764825821 0.0099999997764825821 6.179999828338623 14.680000305175781 19.690000534057617 25.719999313354492 25.522529602050781 24.583185195922852 24.264385223388672 23.974323272705078 56943.01953125 20.354850769042969 18.335432052612305 10.437292098999023 56.816535949707031 riz 0 56942.44140625 0.4171302318572998 0.60595893859863281 0.36999207735061646 0.0062537123449146748 0.040189370512962341 22.66819953918457 0.046355560421943665 1.5371635527117178e-05 6.5629274104139768e-07 0.0025206280406564474 -1.5666932995372918e-07 -1.8051313332989594e-08 33 25.086221694946289 0.83674448728561401 0.20305913686752319
SN: 1309551 10 0 E1 3 0 6.4740010000000003 -42.907004999999998 0.65258997678756714 0.0010000000474974513 0.65134900808334351 0.0010000000474974513 0.65134906768798828 0.0019314744276925921 0 300 0 0 0.0059652631171047688 1 1 28425 -9 -9 0.6525999903678894 0.0010000000474974513 6.4740080000000004 -42.907020000000003 0.059000000357627869 0.1289999932050705 -9 9.1020002365112305 0.15000000596046448 -9999 -9999 0.68900001049041748 3.1630001068115234 -8.3439998626708984 3.1844513416290283 0.49300000071525574 -999 25.860000610351562 24.969999313354492 24.350000381469727 24.079999923706055 0.11999999731779099 0.059999998658895493 0.05000000074505806 0.059999998658895493 1.1599999666213989 2.9200000762939453 4.1100001335144043 4.0399999618530273 27.338855743408203 26.336542129516602 25.965394973754883 25.984046936035156 56973.1171875 10.358162879943848 8.0347871780395508 5.7600717544555664 21.274261474609375 riz 0 56974.80859375 1.5405428409576416 -1.0799471139907837 0.9108881950378418 -0.0012208790285512805 0.088747106492519379 23.844797134399414 0.081689782440662384 5.2009309001732618e-06 3.9131322182583972e-07 0.015444112941622734 -1.9055279665280977e-07 -1.3147364086307789e-08 38 23.755256652832031 0.96561539173126221 0.36000537872314453
SN: 1302648 10 1 E2 3 0 10.002610000000001 -44.054122999999997 0.23259000480175018 0.0010000000474974513 0.23171000182628632 0.0010000000474974513 0.23170995712280273 0.0015871780924499035 0 300 0 0 0.0057163895107805729 1 1 30753 -9 -9 0.23260000348091125 0.0010000000474974513 10.00264 -44.054130999999998 0.082000002264976501 0.087999999523162842 -9 10.104999542236328 0.014000000432133675 -9999 -9999 -0.086000002920627594 0.3059999942779541 -10.421999931335449 0.38643500208854675 1.3480000495910645 -999 22 20.739999771118164 20.219999313354492 19.959999084472656 0.0099999997764825821 0 0 0 33.840000152587891 111.48999786376953 183.66999816894531 232.3800048828125 23.676424026489258 22.38191032409668 21.83990478515625 21.584503173828125 56949.03125 67.751358032226562 63.779365539550781 50.519035339355469 180.20753479003906 griz 0 56948.46484375 0.29325553774833679 -0.47356477379798889 0.17290014028549194 0.13224790990352631 0.015591931529343128 21.230554580688477 0.020936062559485435 5.7780129282036796e-05 1.1141642062284518e-06 0.0004815067513845861 -6.7164975803279958e-08 -1.2486996325833388e-08 35 40.631019592285156 0.23614215850830078 0.46823719143867493
SN: 1292997 10 0 X3 3 0 35.598571999999997 -4.8729199999999997 0.41561999917030334 0.0010000000474974513 0.41446998715400696 0.0010000000474974513 0.41446995735168457 0.0017330307746306062 0 300 0 0 0.020985173061490059 1 2 38112 -9 -9 0.4156000018119812 0.0010000000474974513 35.598253 -4.8730729999999998 1.2690000534057617 0.88200002908706665 -2.9697079658508301 11.006999969482422 0.034000001847743988 -9999 -9999 0.64999997615814209 0.65499997138977051 -10.380999565124512 0.66199773550033569 1.4750000238418579 -999 22.809999465942383 20.989999771118164 20.139999389648438 19.829999923706055 0.0099999997764825821 0 0 0 10.779999732971191 58.020000457763672 88.879997253417969 132.67999267578125 24.918453216552734 23.091056823730469 22.62799072265625 22.192985534667969 56890.3671875 32.607685089111328 31.829395294189453 -99 59.213581085205078 ri 0 56892.00390625 1.692155122756958 -0.10534749180078506 0.647560715675354 -0.02775798924267292 0.066930487751960754 22.255626678466797 0.066730216145515442 2.2477577658719383e-05 1.3814899375574896e-06 -0.0013821186730638146 -3.6099942235523486e-07 -7.1789038713632181e-08 11 19.422664642333984 0.053915832191705704 0.098966151475906372
SN: 1306059 10 0 X3 3 0 36.378788 -4.7527900000000001 0.60759997367858887 0.0010000000474974513 0.60631299018859863 0.0010000000474974513 0.60631299018859863 0.0018930623773485422 0 300 0 0 0.0227215476334095 1 3 38286 -9 -9 0.60759997367858887 0.0010000000474974513 36.378858999999999 -4.7526780000000004 0.47699999809265137 0.68999999761581421 -2.8873286247253418 9.699000358581543 0.026000000536441803 -9999 -9999 0.17399999499320984 0.054000001400709152 -9.5069999694824219 0.082975901663303375 0.42199999094009399 -999 24.010000228881836 23.239999771118164 22.5 22.489999771118164 0.0099999997764825821 0.0099999997764825821 0.0099999997764825821 0.0099999997764825821 4.5900001525878906 11.100000381469727 17.819999694824219 20.520000457763672 25.845468521118164 24.886692047119141 24.372730255126953 24.21955680847168 56966.1484375 22.097715377807617 18.631978988647461 14.887494087219238 52.292350769042969 riz 0 56963.81640625 0.52839595079421997 -0.28627946972846985 0.36199063062667847 0.016466129571199417 0.044487703591585159 23.559627532958984 0.053668830543756485 6.7631449383043218e-06 3.343077992212784e-07 0.0061827101744711399 -9.2157989683983033e-08 -9.3764720432432114e-09 33 26.197788238525391 0.79367643594741821 0.11008546501398087
SN: 1308589 10 0 C3 3 0 52.369987999999999 -28.462506999999999 0.68642997741699219 0.0010000000474974513 0.68576300144195557 0.0010000000474974513 0.68576300144195557 0.0019610177259892225 0 300 0 0 0.0075000794604420662 1 2 26161 -9 -9 0.68639999628067017 0.0010000000474974513 52.369990999999999 -28.462612 0.37799999117851257 0.43700000643730164 -4.0233588218688965 9.1750001907348633 0.019999999552965164 -9999 -9999 0.86699998378753662 0.56300002336502075 -8.300999641418457 0.57462507486343384 -0.11400000005960464 -999 24.319999694824219 23.709999084472656 23.360000610351562 23.280000686645508 0.0099999997764825821 0.0099999997764825821 0.0099999997764825821 0.019999999552965164 4.2699999809265137 7.6500000953674316 10.710000038146973 11.859999656677246 25.923931121826172 25.29084587097168 24.925525665283203 24.814788818359375 56990.25 51.571861267089844 33.822921752929688 26.586380004882812 94.973785400390625 riz 0 56982.99609375 0.4463803768157959 0.48803520202636719 0.30419164896011353 0.055839426815509796 0.027830714359879494 23.302717208862305 0.027612844482064247 8.5686569946119562e-06 2.1792125437514187e-07 0.0014836967457085848 -4.1971905062609949e-08 -2.7245699030231663e-09 38 44.734424591064453 0.20995917916297913 0.24720269441604614
SN: 1303658 10 0 E1 3 0 8.5248889999999999 -42.873451000000003 0.66912001371383667 0.0010000000474974513 0.66788399219512939 0.0010000000474974513 0.66788399219512939 0.0019456490408629179 0 300 0 0 0.007137887179851532 1 2 28805 -9 -9 0.66909998655319214 0.0010000000474974513 8.5247519999999994 -42.873412999999999 0.38499999046325684 0.42100000381469727 -3.6291797161102295 11.086999893188477 0.061999998986721039 -9999 -9999 -0.63400000333786011 9.3660001754760742 -11.670999526977539 9.3667945861816406 1.3300000429153442 -999 23.829999923706055 22.110000610351562 21.059999465942383 20.639999389648438 0.019999999552965164 0.0099999997764825821 0 0 6.7199997901916504 33.569999694824219 85.410003662109375 124.05000305175781 25.431575775146484 23.685121536254883 22.671228408813477 22.266008377075195 56953.0390625 10.298426628112793 8.7059469223022461 7.0561141967773438 29.609395980834961 riz 0 56956.234375 1.0200245380401611 -0.23593366146087646 0.66057980060577393 -0.089070066809654236 0.061177071183919907 23.311927795410156 0.060113836079835892 8.4962821347289719e-06 4.7041271500347648e-07 0.0092101367190480232 -2.2104272545675485e-07 -7.4773582880993672e-09 39 36.729316711425781 0.57390457391738892 0.30713954567909241
SN: 1297026 10 1 X3 3 0 35.820991999999997 -5.1821479999999998 0.2595599889755249 0.0010000000474974513 0.25854301452636719 0.0010000000474974513 0.25854301452636719 0.0016081182984635234 0 300 0 0 0.020979981869459152 1 4 38652 -9 -9 0.25960001349449158 0.0010000000474974513 35.821058999999998 -5.1821039999999998 0.28600001335144043 0.23000000417232513 -4.6235165596008301 10.869000434875488 0.016000000759959221 -9999 -9999 0.59799998998641968 0.164000004529953 -10.253000259399414 0.18659314513206482 1.5420000553131104 -999 21.850000381469727 20.379999160766602 19.620000839233398 19.229999542236328 0 0 0 0 44.400001525878906 164.6300048828125 264.489990234375 344 23.381542205810547 21.95872688293457 21.443977355957031 21.158603668212891 56931.17578125 106.91120910644531 106.34831237792969 65.718475341796875 236.10792541503906 griz 0 56928.92578125 0.24586471915245056 -0.63142216205596924 0.14181017875671387 -0.012348391115665436 0.017243076115846634 21.260099411010742 0.021437345072627068 5.6228967878269032e-05 1.110214270738652e-06 0.0005002686521038413 -6.0028924053767696e-08 -1.4096265488205972e-08 37 19.604486465454102 0.99156969785690308 0.21446114778518677
SN: 1305276 10 0 X1 3 0 34.147736000000002 -5.2711040000000002 0.25389999151229858 0.0010000000474974513 0.25285500288009644 0.0010000000474974513 0.25285506248474121 0.001603664830327034 0 300 0 0 0.017571780830621719 1 1 34512 -9 -9 0.25389999151229858 0.0010000000474974513 34.147984999999998 -5.2710970000000001 0.89200001955032349 0.82400000095367432 -9 10.203000068664551 0.010999999940395355 -9999 -9999 0.69800001382827759 0.36500000953674316 -9.5069999694824219 0.36752414703369141 1.0379999876022339 -999 21.770000457763672 20.790000915527344 20.270000457763672 20.010000228881836 0 0 0 0 50.099998474121094 120.58999633789062 192.99000549316406 224.58999633789062 23.250406265258789 22.296722412109375 21.786163330078125 21.621524810791016 56960.203125 27.486452102661133 25.042617797851562 22.70832633972168 60.127758026123047 griz 0 56965.78515625 0.40743762254714966 -1.1435137987136841 0.41282492876052856 0.13819015026092529 0.032615073025226593 21.919097900390625 0.046749472618103027 3.0645060178358108e-05 1.3195106021157699e-06 0.0028261363040655851 -2.4143398036358121e-07 -2.0954249890792198e-08 19 28.920028686523438 0.067253485321998596 0.597892165184021
SN: 1318689 10 0 C2 3 0 53.997543 -29.956009000000002 0.49391999840736389 0.0010000000474974513 0.49338498711585999 0.0010000000474974513 0.4933849573135376 0.0017981033306568861 0 300 0 0 0.013445612043142319 1 2 24844 -9 -9 0.49390000104904175 0.0010000000474974513 53.997478999999998 -29.956130999999999 0.4830000102519989 0.97299998998641968 -3.1400010585784912 8.7430000305175781 0.061999998986721039 -9999 -9999 -0.12399999797344208 0.42100000381469727 -8.8950004577636719 0.49534028768539429 0.1289999932050705 -999 25.049999237060547 24.059999465942383 23.829999923706055 23.659999847412109 0.05000000074505806 0.029999999329447746 0.029999999329447746 0.039999999105930328 2.1400001049041748 5.369999885559082 5.9800000190734863 7.6599998474121094 26.673965454101562 25.675064086914062 25.558246612548828 25.2894287109375 57011.0859375 32.796772003173828 16.795583724975586 12.249732971191406 50.454929351806641 riz 0 57014.40234375 0.70962166786193848 0.6217154860496521 0.52686190605163574 -0.03344205766916275 0.046249564737081528 22.784940719604492 0.047862417995929718 1.3804588888888247e-05 6.0854654293507338e-07 0.0043027200736105442 -1.6819163306536211e-07 -1.9362998315841651e-08 34 38.750598907470703 0.2639164924621582 0.23531711101531982
SN: 1304991 10 0 S1 3 0 42.527180000000001 -0.84879599999999999 0.65983998775482178 0.0010000000474974513 0.65866100788116455 0.0010000000474974513 0.65866100788116455 0.0019377379212528467 0 300 0 0 0.053681287914514542 1 2 32055 -9 -9 0.65979999303817749 0.0010000000474974513 42.527279 -0.848549 0.95800000429153442 1.2680000066757202 -2.7060666084289551 9.3030004501342773 0.041999999433755875 -9999 -9999 1.0199999809265137 0.79600000381469727 -8.2530002593994141 0.8080451488494873 0.05299999937415123 -999 24.809999465942383 23.909999847412109 23.409999847412109 23.209999084472656 0.05000000074505806 0.029999999329447746 0.019999999552965164 0.019999999552965164 1.8999999761581421 5.3600001335144043 7.8000001907348633 9.1400003433227539 26.803115844726562 25.677087783813477 25.269763946533203 25.097635269165039 56973.13671875 13.733502388000488 11.728069305419922 8.981114387512207 27.86689567565918 riz 0 56958.08984375 1.1734321117401123 0.21776306629180908 0.69483566284179688 -0.044660098850727081 0.066510811448097229 23.372753143310547 0.062034305185079575 8.0333838923252188e-06 4.5899307110630616e-07 0.0060667544603347778 -1.9418628482981148e-07 -1.0850377485382978e-08 34 45.588092803955078 0.088468164205551147 0.16562111675739288
SN: 1297742 10 0 E1 3 0 8.6097409999999996 -43.095084999999997 0.4636400043964386 0.0010000000474974513 0.46256199479103088 0.0010000000474974513 0.4625619649887085 0.0017725526122376323 0 300 0 0 0.0067964191548526287 1 2 28501 -9 -9 0.46360000967979431 0.0010000000474974513 8.6094650000000001 -43.095177 0.79799997806549072 0.68500000238418579 -3.6474716663360596 10.871999740600586 0.046999998390674591 -9999 -9999 1.0670000314712524 0.99599999189376831 -9.7910003662109375 0.99845683574676514 1.1720000505447388 -999 22.879999160766602 21.350000381469727 20.690000534057617 20.319999694824219 0.0099999997764825821 0 0 0 15.430000305175781 60.770000457763672 103.98000335693359 152.38999938964844 24.529085159301758 23.040777206420898 22.457626342773438 22.042608261108398 56943.01171875 21.006561279296875 15.440139770507812 9.8337764739990234 57.265888214111328 riz 0 56937.87109375 0.42957150936126709 1.0903147459030151 0.41945761442184448 -0.024637898430228233 0.040286965668201447 22.309291839599609 0.049557339400053024 2.1393563656602055e-05 9.7648774044500897e-07 0.0027502581942826509 -2.8440527444217878e-07 -2.5426645677839588e-08 38 25.706001281738281 0.93583893775939941 0.37260177731513977
SN: 1289982 10 0 C3 3 0 53.069808999999999 -27.550407 0.11665000021457672 0.0010000000474974513 0.11621499806642532 0.0010000000474974513 0.11621499061584473 0.0014991994248703122 0 300 0 0 0.0083115203306078911 1 1 27219 -9 -9 0.11670000106096268 0.0010000000474974513 53.069941999999998 -27.550136999999999 1.059999942779541 0.8970000147819519 -9 8.2180004119873047 0.013000000268220901 -9999 -9999 0.11400000005960464 0.28999999165534973 -8.1059999465942383 0.30083218216896057 0.035999998450279236 -999 22.639999389648438 22.350000381469727 22.110000610351562 22.030000686645508 0 0 0 0.0099999997764825821 17.579999923706055 26.700000762939453 32.029998779296875 32.119998931884766 24.387453079223633 23.933721542358398 23.736106872558594 23.733060836791992 56888.28125 33.253742218017578 25.303613662719727 21.24836540222168 67.302391052246094 gri 0 56895.10546875 0.26796656847000122 0.40257522463798523 0.30543613433837891 0.15240432322025299 0.035852178931236267 22.553348541259766 0.063589565455913544 1.7086784282582812e-05 1.0007414630308631e-06 0.0031868426594883204 -2.0063815497906035e-07 -2.8200915380693914e-08 17 34.660747528076172 0.0068912315182387829 0.52543890476226807
SN: 1310432 10 0 X2 3 0 36.299636999999997 -6.3595069999999998 0.29574000835418701 0.0010000000474974513 0.29470899701118469 0.0010000000474974513 0.2947089672088623 0.0016366150230169296 0 300 0 0 0.029885083436965942 1 2 35661 -9 -9 0.29570001363754272 0.0010000000474974513 36.299621999999999 -6.3596269999999997 0.43500000238418579 0.33500000834465027 -4.6765346527099609 10.324999809265137 0.010999999940395355 -9999 -9999 0.53899997472763062 0.019999999552965164 -9.7589998245239258 0.025612497702240944 1.2439999580383301 -999 22.879999160766602 21.600000381469727 21.030000686645508 20.649999618530273 0.0099999997764825821 0 0 0 17.159999847412109 52.900001525878906 94.110000610351562 124.33000183105469 24.413707733154297 23.191360473632812 22.565910339355469 22.263561248779297 56987.07421875 36.498310089111328 35.957386016845703 31.020772933959961 99.34161376953125 griz 0 56988.46875 0.22921726107597351 -0.35226383805274963 0.2223091721534729 0.094061002135276794 0.020955557003617287 21.80377197265625 0.027481915429234505 3.4079363103955984e-05 8.6260934040183201e-07 0.001167631708085537 -9.6076611555417912e-08 -1.283506545490809e-08 52 33.710102081298828 0.97691285610198975 0.33480292558670044
SN: 1290191 10 0 C3 3 0 52.973289999999999 -28.748176999999998 0.59566998481750488 0.0010000000474974513 0.59505802392959595 0.0010000000474974513 0.59505796432495117 0.0018835088703781366 0 300 0 0 0.008159145712852478 1 2 25396 -9 -9 0.59570002555847168 0.0010000000474974513 52.973438999999999 -28.748031999999998 0.70300000905990601 1.0499999523162842 -2.6435611248016357 9.2770004272460938 0.032000001519918442 -9999 -9999 -0.25299999117851257 0.083999998867511749 -9.5380001068115234 0.17017637193202972 0.42899999022483826 -999 24.940000534057617 24.030000686645508 23.629999160766602 23.299999237060547 0.019999999552965164 0.0099999997764825821 0.0099999997764825821 0.019999999552965164 1.9800000190734863 5.190000057220459 7.309999942779541 7.690000057220459 26.758337020874023 25.712081909179688 25.340206146240234 25.285184860229492 56885.37109375 42.999282836914062 38.567771911621094 18.813863754272461 67.734703063964844 riz 0 56888.984375 1.8213757276535034 -0.37368634343147278 0.68681472539901733 -0.054229393601417542 0.061168055981397629 22.94700813293457 0.049599699676036835 1.1890404493897222e-05 5.4318951470122556e-07 0.018145749345421791 -2.2391036225144489e-07 -2.1211384648722742e-08 12 5.8550114631652832 0.92321354150772095 0.21952579915523529
SN: 1309492 10 1 C3 3 0 53.300849999999997 -28.024871999999998 0.33403000235557556 0.0010000000474974513 0.33351999521255493 0.0010000000474974513 0.33351993560791016 0.0016675278311595321 0 300 0 0 0.005780411884188652 1 2 26129 -9 -9 0.33399999141693115 0.0010000000474974513 53.300852999999996 -28.024961999999999 0.32300001382827759 0.31700000166893005 -4.8089132308959961 9.3290004730224609 0.014999999664723873 -9999 -9999 -0.30199998617172241 0.210999995470047 -9.6239995956420898 0.25888413190841675 0.59899997711181641 -999 23.719999313354492 22.790000915527344 22.469999313354492 22.069999694824219 0.0099999997764825821 0 0 0.0099999997764825821 6.869999885559082 16.629999160766602 23.329999923706055 31.149999618530273 25.407608032226562 24.447769165039062 24.08021354675293 23.766355514526367 56990.21875 130.65829467773438 126.10798645019531 116.35787963867188 377.4703369140625 griz 0 56993.203125 0.16414156556129456 0.23070217669010162 0.11716264486312866 -0.071054063737392426 0.013087194412946701 21.531900405883789 0.017418749630451202 4.3776410166174173e-05 7.0231641302598291e-07 0.00020726691582240164 -4.330576075517456e-08 -5.7167297562443764e-09 43 27.551691055297852 0.96764147281646729 0.24901840090751648
SN: 1290593 10 0 C3 3 0 52.669547999999999 -27.690344 0.67593997716903687 0.0010000000474974513 0.6752769947052002 0.0010000000474974513 0.6752769947052002 0.0019519986817613244 0 300 0 0 0.0073891514912247658 1 1 26626 -9 -9 0.67589998245239258 0.0010000000474974513 52.6693 -27.690290000000001 0.81400001049041748 0.92100000381469727 -9 11.067000389099121 0.037999998778104782 -9999 -9999 -1.8660000562667847 8.1339998245239258 -12.89799976348877 8.1340017318725586 1.5219999551773071 -999 23.950000762939453 22.059999465942383 20.899999618530273 20.280000686645508 0.0099999997764825821 0 0 0 4.4200000762939453 26.149999618530273 67.199996948242188 105.18000030517578 25.886444091796875 23.956321716308594 22.931575775146484 22.445167541503906 56903.26171875 13.43275260925293 12.101792335510254 10.114502906799316 30.850776672363281 riz 0 56894.5 1.0041548013687134 0.15344643592834473 0.93242764472961426 0.067177802324295044 0.066430926322937012 23.831302642822266 0.093333683907985687 5.2659779612440616e-06 4.526818884187378e-07 0.018723061308264732 -3.6266385450289818e-07 -1.3349437999465863e-08 28 30.249481201171875 0.35139217972755432 0.22969338297843933
SN: 1305350 10 0 X2 3 0 35.931987999999997 -7.1774849999999999 0.49382001161575317 0.0010000000474974513 0.49262800812721252 0.0010000000474974513 0.49262797832489014 0.001797473756596446 0 300 0 0 0.023752657696604729 1 2 35935 -9 -9 0.49380001425743103 0.0010000000474974513 35.932043999999998 -7.1775370000000001 0.27399998903274536 0.35699999332427979 -4.3602495193481445 9.5129995346069336 0.017000000923871994 -9999 -9999 1.3589999675750732 0.041000001132488251 -8.1379995346069336 0.06014150008559227 0.18400000035762787 -999 23.030000686645508 22.120000839233398 21.799999237060547 21.579999923706055 0.0099999997764825821 0.0099999997764825821 0 0.0099999997764825821 15.319999694824219 31.059999465942383 42.099998474121094 52.069999694824219 24.536853790283203 23.769496917724609 23.439294815063477 23.208530426025391 56956.2109375 9.1867027282714844 8.8171625137329102 6.8588156700134277 24.343841552734375 riz 0 56961.58203125 0.98801600933074951 0.92156976461410522 0.84087371826171875 0.2886020839214325 0.079274728894233704 23.472564697265625 0.089528836309909821 7.3278124546050094e-06 6.0424486036936287e-07 0.0063074100762605667 -2.6523275664658286e-07 -3.1996904681363958e-08 41 25.318408966064453 0.97405451536178589 1.0098627805709839
SN: 1294948 10 29 C2 3 0 55.089550000000003 -29.048573999999999 0.30291000008583069 0.0010000000474974513 0.30246001482009888 0.0010000000474974513 0.3024599552154541 0.00164276163559407 0 300 0 0 0.012110772542655468 1 2 23978 -9 -9 0.30289998650550842 0.0010000000474974513 55.089334999999998 -29.048210000000001 1.4739999771118164 1.5429999828338623 -2.005631685256958 9.6260004043579102 0.013000000268220901 -9999 -9999 0.66299998760223389 0.024000000208616257 -8.9560003280639648 0.044102154672145844 0.5899999737739563 -999 22.770000457763672 21.959999084472656 21.610000610351562 21.329999923706055 0.0099999997764825821 0 0 0 8.7899999618530273 17.819999694824219 26.239999771118164 33.669998168945312 25.14002799987793 24.372730255126953 23.952590942382812 23.681892395019531 56920.29296875 71.095962524414062 61.008270263671875 48.356334686279297 146.98558044433594 griz 0 56920.7734375 0.24446791410446167 -0.84667420387268066 0.18126526474952698 0.14407551288604736 0.019510721787810326 21.659894943237305 0.023177875205874443 3.8908274291316047e-05 8.3059876487823203e-07 0.00040948824607767165 -5.3435595503970035e-08 -1.2402554538937238e-08 32 55.1971435546875 0.0066145150922238827 0.55703902244567871
SN: 1302572 10 0 E1 3 0 8.4258380000000006 -42.896225000000001 0.58858001232147217 0.0010000000474974513 0.58740299940109253 0.0010000000474974513 0.5874030590057373 0.001877022092230618 0 300 0 0 0.0062014507129788399 1 2 28766 -9 -9 0.58859997987747192 0.0010000000474974513 8.4259740000000001 -42.895853000000002 1.3880000114440918 1.2510000467300415 -1.8118655681610107 11.008000373840332 0.024000000208616257 -9999 -9999 -0.60399997234344482 0.47499999403953552 -11.602999687194824 0.47703355550765991 1.3049999475479126 -999 23.139999389648438 21.319999694824219 20.469999313354492 20.170000076293945 0.0099999997764825821 0 0 0 6.0900001525878906 31.700000762939453 59.830001831054688 77.94000244140625 25.538455963134766 23.747352600097656 23.057703018188477 22.770599365234375 56961.01171875 14.727370262145996 11.804707527160645 8.2568387985229492 39.019515991210938 riz 0 56952.67578125 0.74089133739471436 0.64330494403839111 0.47961980104446411 -0.11609493941068649 0.050849288702011108 22.99903678894043 0.045173041522502899 1.1334063856338616e-05 4.7156402160908328e-07 0.0034353889059275389 -1.4017302873980952e-07 -9.8527790370894763e-09 37 28.180856704711914 0.85106903314590454 0.44242322444915771
SN: 1304506 10 0 C3 3 0 53.164428999999998 -28.657108000000001 0.75488001108169556 0.0010000000474974513 0.75421202182769775 0.0010000000474974513 0.75421202182769775 0.0020202393643558025 0 300 0 0 0.0082358289510011673 1 2 27261 -9 -9 0.75489997863769531 0.0010000000474974513 53.164501999999999 -28.657007 0.4309999942779541 0.58499997854232788 -3.2988662719726562 10.449000358581543 0.097000002861022949 -9999 -9999 0.23899999260902405 0.6470000147819519 -10.196999549865723 0.65611737966537476 1.0829999446868896 -999 24.780000686645508 23.280000686645508 22.180000305175781 21.649999618530273 0.019999999552965164 0.0099999997764825821 0 0 2.5499999523162842 11.5 31.159999847412109 50.009998321533203 26.483650207519531 24.848255157470703 23.766006469726562 23.252357482910156 56966.12890625 18.903606414794922 16.912382125854492 12.478289604187012 48.645420074462891 riz 0 56967.9296875 0.4892924427986145 -0.29760456085205078 0.45062857866287231 -0.10062050819396973 0.043627656996250153 23.898714065551758 0.045410096645355225 4.9489658522361424e-06 2.0698675484709383e-07 0.007356107234954834 -7.2366276526736328e-08 -2.9198929940577045e-09 41 29.648508071899414 0.90607202053070068 0.34976452589035034
SN: 1309293 10 0 C2 3 0 53.945625 -28.484200000000001 0.33520999550819397 0.0010000000474974513 0.33471798896789551 0.0010000000474974513 0.33471798896789551 0.0016684873262420297 0 300 0 0 0.0091608334332704544 1 1 23972 -9 -9 0.33520001173019409 0.0010000000474974513 53.945695000000001 -28.484144000000001 0.30000001192092896 0.45300000905990601 -9 9.2349996566772461 0.02199999988079071 -9999 -9999 -0.014999999664723873 0.48199999332427979 -9.2349996566772461 0.48409605026245117 0.84299999475479126 -999 24.149999618530273 23.139999389648438 22.829999923706055 22.520000457763672 0.019999999552965164 0.0099999997764825821 0.0099999997764825821 0.0099999997764825821 4.9800000190734863 12.739999771118164 17.510000228881836 20.129999160766602 25.756927490234375 24.737075805664062 24.39178466796875 24.240390777587891 56987.3046875 38.485385894775391 37.579631805419922 26.154098510742188 97.596412658691406 griz 0 56986.83203125 0.2752678394317627 0.15504884719848633 0.21303187310695648 0.076996937394142151 0.01893213763833046 22.095588684082031 0.024305105209350586 2.6047418941743672e-05 5.8309308315074304e-07 0.00087195512605831027 -6.4327082327508833e-08 -6.9859655837944956e-09 43 38.729148864746094 0.65695106983184814 0.26180842518806458
SN: 1304442 10 1 C3 3 0 52.163063000000001 -28.108288000000002 0.21760000288486481 0.0010000000474974513 0.2171110063791275 0.0010000000474974513 0.21711099147796631 0.0015758604276925325 0 300 0 0 0.0071005257777869701 1 2 27359 -9 -9 0.21760000288486481 0.0010000000474974513 52.163170999999998 -28.108172 0.54100000858306885 0.50400000810623169 -4.0454540252685547 9.2740001678466797 0.0020000000949949026 -9999 -9999 1.0420000553131104 0.071999996900558472 -8.1979999542236328 0.071999996900558472 0.33000001311302185 -999 22.25 21.610000610351562 21.319999694824219 21.180000305175781 0 0 0 0 34.150001525878906 58.090000152587891 76.550003051757812 93.529998779296875 23.666522979736328 23.089746475219727 22.790136337280273 22.572622299194336 56956.3125 84.690345764160156 69.738883972167969 48.341411590576172 129.21743774414062 griz 0 56965.25390625 0.3805881142616272 0.86950761079788208 0.64947497844696045 0.0059385327622294426 0.067427515983581543 20.735754013061523 0.12713342905044556 9.1137837443966419e-05 1.0671714335330762e-05 0.03309500589966774 -5.9257736211293377e-06 -6.0982580407653586e-07 5 4.5215177536010742 0.47700959444046021 0.29051107168197632
SN: 1299785 10 1 C2 3 0 53.911510999999997 -28.319296000000001 0.38181999325752258 0.0010000000474974513 0.38130900263786316 0.0010000000474974513 0.38130903244018555 0.001706036739051342 0 300 0 0 0.0087095890194177628 1 2 24040 -9 -9 0.38179999589920044 0.0010000000474974513 53.912123000000001 -28.319022 2.1770000457763672 1.8580000400543213 -1.9382991790771484 10.11400032043457 0.017999999225139618 -9999 -9999 0.40999999642372131 0.1550000011920929 -9.7049999237060547 0.16349005699157715 0.66500002145767212 -999 22.870000839233398 21.629999160766602 21.159999847412109 20.920000076293945 0.0099999997764825821 0 0 0 4.4000000953674316 14.689999580383301 16.379999160766602 19.950000762939453 25.891368865966797 24.58244514465332 24.464214324951172 24.250143051147461 56943.1796875 20.356258392333984 17.211503982543945 14.050076484680176 47.276618957519531 riz 0 56943.59375 0.59973251819610596 -0.20819658041000366 0.39558923244476318 0.054671209305524826 0.049236588180065155 22.276067733764648 0.05852402001619339 2.2058356989873573e-05 1.1890031146322144e-06 0.004431143868714571 -2.2557949819201895e-07 -4.8564864130185015e-08 28 9.0590600967407227 0.99973160028457642 0.19500423967838287
SN: 1290995 10 0 C1 3 0 54.029471999999998 -26.593786000000001 0.54409998655319214 0.0010000000474974513 0.54351502656936646 0.0010000000474974513 0.54351496696472168 0.0018400049302726984 0 300 0 0 0.0092886490747332573 1 1 22598 -9 -9 0.54409998655319214 0.0010000000474974513 54.029715000000003 -26.593791 0.78100001811981201 0.79500001668930054 -9 10.293000221252441 0.014000000432133675 -9999 -9999 0.53799998760223389 0.019999999552965164 -9.7589998245239258 0.056648034602403641 0.60199999809265137 -999 23.180000305175781 22.030000686645508 21.569999694824219 21.329999923706055 0.0099999997764825821 0 0 0 10.979999542236328 31.549999237060547 52.319999694824219 66.129997253417969 24.898494720458984 23.75250244140625 23.203330993652344 22.949003219604492 56912.34765625 16.401681900024414 16.001810073852539 12.236043930053711 44.32525634765625 riz 0 56906.296875 0.57393336296081543 0.62584221363067627 0.427703857421875 0.053208798170089722 0.045725792646408081 22.884716033935547 0.050077591091394424 1.2592554412549362e-05 5.8080848930330831e-07 0.0022788809146732092 -1.5481360549074452e-07 -1.6116839418600648e-08 32 42.751735687255859 0.097007736563682556 0.27381989359855652
SN: 1310963 10 0 C2 3 0 54.152068999999997 -29.405450999999999 0.45971000194549561 0.0010000000474974513 0.45918598771095276 0.0010000000474974513 0.45918595790863037 0.0017697643488645554 0 300 0 0 0.0082839382812380791 1 1 23870 -9 -9 0.45969998836517334 0.0010000000474974513 54.152084000000002 -29.405484999999999 0.13199999928474426 0.12999999523162842 -9 9.9969997406005859 0.016000000759959221 -9999 -9999 1.9110000133514404 0.36500000953674316 -8.0749998092651367 0.36697274446487427 0.20000000298023224 -999 22.090000152587891 21.219999313354492 20.930000305175781 20.700000762939453 0 0 0 0 35.990001678466797 79 100.43000030517578 120.87999725341797 23.60954475402832 22.755931854248047 22.495342254638672 22.294113159179688 57004.0390625 16.296291351318359 11.660248756408691 7.770988941192627 30.820724487304688 riz 0 56999.984375 0.79737353324890137 1.2365715503692627 0.87117183208465576 0.025123324245214462 0.069663733243942261 23.189399719238281 0.087993934750556946 9.5113082352327183e-06 7.7084786198611255e-07 0.010749568231403828 -4.7515649725937692e-07 -3.4152996875036479e-08 34 34.059722900390625 0.46486562490463257 0.42061164975166321
SN: 1294351 10 0 S2 3 0 41.592354 -0.41775800000000002 0.33926001191139221 0.0010000000474974513 0.33828499913215637 0.0010000000474974513 0.33828496932983398 0.0016713459044694901 0 300 0 0 0.029324727132916451 1 1 33251 -9 -9 0.3393000066280365 0.0010000000474974513 41.592309 -0.41782999999999998 0.3059999942779541 0.38899999856948853 -9 9.3249998092651367 0.018999999389052391 -9999 -9999 1.090999960899353 0.45300000905990601 -8.1979999542236328 0.45620718598365784 0.30500000715255737 -999 22.940000534057617 22.110000610351562 21.930000305175781 21.649999618530273 0.0099999997764825821 0.0099999997764825821 0.0099999997764825821 0.0099999997764825821 16.729999542236328 32.689998626708984 42.360000610351562 53.029998779296875 24.441259384155273 23.713962554931641 23.432609558105469 23.188695907592773 56903.38671875 23.775251388549805 19.859323501586914 15.31916618347168 59.14422607421875 griz 0 56910.32421875 0.33776116371154785 0.43189153075218201 0.33249127864837646 -0.049542035907506943 0.025172743946313858 21.77037239074707 0.039271939545869827 3.5143970308126882e-05 1.2711852832580917e-06 0.002762199379503727 -3.0900497449692921e-07 -1.8391602907286142e-08 39 43.313987731933594 0.29238215088844299 0.2190818190574646
SN: 1311884 10 0 X3 3 0 36.810276000000002 -5.1810679999999998 0.68269002437591553 0.0010000000474974513 0.68135702610015869 0.0010000000474974513 0.68135702610015869 0.0019572263117879629 0 300 0 0 0.023501675575971603 2 2 37619 -9 -9 0.68269997835159302 0.0010000000474974513 36.810234999999999 -5.1810590000000003 0.15099999308586121 0.22200000286102295 -4.239591121673584 9.7440004348754883 0.0080000003799796104 -9999 -9999 1.5130000114440918 0.19900000095367432 -8.1979999542236328 0.19900000095367432 0.31400001049041748 -999 23.799999237060547 23.020000457763672 22.469999313354492 22.299999237060547 0.0099999997764825821 0.0099999997764825821 0.0099999997764825821 0.0099999997764825821 6.4800000190734863 14.319999694824219 23.690000534057617 25.809999465942383 25.471061706542969 24.610141754150391 24.063587188720703 23.970529556274414 57001.09765625 32.855937957763672 23.942829132080078 17.829389572143555 75.492141723632812 riz 0 56997.66796875 0.38205352425575256 0.2230466902256012 0.33322715759277344 -0.030446013435721397 0.03206971287727356 23.445072174072266 0.028769331052899361 7.515727702411823e-06 1.9914824633815442e-07 0.0027069346979260445 -4.5009617366531529e-08 -2.0417512125447956e-09 29 15.674097061157227 0.97901493310928345 0.12580662965774536
SN: 1315192 10 1 S1 3 0 42.985900999999998 -0.52307099999999995 0.22800000011920929 0.0010000000474974513 0.22713600099086761 0.0010000000474974513 0.22713601589202881 0.0015836264938116074 0 300 0 0 0.049244344234466553 2 2 319410 -9 -9 0.22800000011920929 0.0010000000474974513 42.985900999999998 -0.52307099999999995 0 0 -10.460903167724609 10.444000244140625 0.010999999940395355 -9999 -9999 0.88700002431869507 0.24500000476837158 -9.5369997024536133 0.24824383854866028 1.0700000524520874 -999 -10 -10 -10 -10 -10 -10 -10 -10 17.780000686645508 39.889999389648438 56.090000152587891 63.349998474121094 24.37516975402832 23.497840881347656 23.127786636352539 22.995634078979492 57012.0703125 71.814178466796875 63.850170135498047 54.891925811767578 185.51670837402344 griz 0 57008.5703125 0.26201155781745911 1.0988615751266479 0.21078923344612122 0.092346049845218658 0.016535364091396332 20.875431060791016 0.023215031251311302 8.0136051110457629e-05 1.7134557310782839e-06 0.00084944424452260137 -1.754941081344441e-07 -2.0377596499088213e-08 32 25.324140548706055 0.79269230365753174 0.47845539450645447
SN: 1318659 10 0 C2 3 0 55.065170000000002 -29.327721 0.42403000593185425 0.0010000000474974513 0.42353999614715576 0.0010000000474974513 0.42353999614715576 0.0017404514364898205 0 300 0 0 0.011032400652766228 3 3 23734 -9 -9 0.42399999499320984 0.0010000000474974513 55.065252000000001 -29.327760999999999 0.29499998688697815 0.65499997138977051 -2.0875382423400879 8.819000244140625 0.035999998450279236 -9999 -9999 0.37099999189376831 0.081000000238418579 -8.4340000152587891 0.12791402637958527 0.30099999904632568 -999 24.079999923706055 23.319999694824219 23 22.819999694824219 0.019999999552965164 0.0099999997764825821 0.0099999997764825821 0.019999999552965164 6.2399997711181641 13.010000228881836 17.549999237060547 20.700000762939453 25.512039184570312 24.714305877685547 24.389307022094727 24.210073471069336 57017.24609375 16.774360656738281 10.17589282989502 9.9625234603881836 27.740877151489258 riz 0 57012.37109375 1.1497204303741455 -1.3560007810592651 0.83595240116119385 0.15465150773525238 0.087629660964012146 23.501232147216797 0.09595152735710144 7.1368535827787127e-06 6.3071672684600344e-07 0.0044520017690956593 -1.4137556547666463e-07 -4.3102140523387789e-08 34 38.672855377197266 0.26674702763557434 0.68560171127319336
SN: 1292767 10 0 X3 3 0 37.096812999999997 -4.5428300000000004 0.3099600076675415 0.0010000000474974513 0.30892500281333923 0.0010000000474974513 0.30892503261566162 0.0016478991601616144 0 300 0 0 0.025510514155030251 1 1 37886 -9 -9 0.31000000238418579 0.0010000000474974513 37.096832999999997 -4.5428179999999996 0.083999998867511749 0.10899999737739563 -9 8.3570003509521484 0.041000001132488251 -9999 -9999 0.28099998831748962 0.59799998998641968 -8.0749998092651367 0.60581600666046143 0.097000002861022949 -999 24.520000457763672 23.899999618530273 23.760000228881836 23.610000610351562 0.019999999552965164 0.0099999997764825821 0.019999999552965164 0.019999999552965164 3.4900000095367432 6.8299999237060547 7.820000171661377 8.7600002288818359 26.142936706542969 25.413948059082031 25.266983032226562 25.143739700317383 56903.359375 75.391731262207031 57.375728607177734 34.068424224853516 140.62712097167969 griz 0 56886.9296875 1.0564965009689331 0.50834417343139648 0.24417772889137268 0.011787875555455685 0.02842598594725132 21.650123596191406 0.047295726835727692 3.9259997720364481e-05 1.7102038327720948e-06 2.4354711058549583e-05 -4.6136534592733369e-08 -2.7537325308912841e-08 23 38.221202850341797 0.024114038795232773 0.17394419014453888
SN: 1316701 10 0 S1 3 0 42.271178999999997 -0.30716199999999999 0.36212998628616333 0.0010000000474974513 0.3611539900302887 0.0010000000474974513 0.36115396022796631 0.0016897375462576747 0 300 0 0 0.045454390347003937 1 1 32395 -9 -9 0.36210000514984131 0.0010000000474974513 42.271242999999998 -0.307056 0.44800001382827759 0.48399999737739563 -9 9.5620002746582031 0.017000000923871994 -9999 -9999 0.64499998092651367 0.16300000250339508 -8.8950004577636719 0.17267888784408569 0.54699999094009399 -999 23.510000228881836 22.520000457763672 22.260000228881836 21.940000534057617 0.0099999997764825821 0.0099999997764825821 0.0099999997764825821 0.0099999997764825821 10.079999923706055 24.180000305175781 30.920000076293945 41.229999542236328 24.991348266601562 24.041358947753906 23.77440071105957 23.461967468261719 57026.15234375 16.859043121337891 15.61070728302002 12.126337051391602 41.641189575195312 griz 0 57013.6640625 0.47163760662078857 -1.5723638534545898 0.45184141397476196 0.050841402262449265 0.039319582283496857 22.532379150390625 0.050210949033498764 1.7419999494450167e-05 8.0560516835248563e-07 0.0066295387223362923 -2.0149614954334538e-07 -2.2195608906372399e-08 34 31.277301788330078 0.60176533460617065 0.55083900690078735
SN: 1301397 10 0 S2 3 0 40.252228000000002 -1.0203009999999999 0.61075997352600098 0.0010000000474974513 0.60955297946929932 0.0010000000474974513 0.60955297946929932 0.0018958160653710365 0 300 0 0 0.028825042769312859 1 1 32444 -9 -9 0.61080002784729004 0.0010000000474974513 40.252358999999998 -1.020248 0.50900000333786011 0.67199999094009399 -9 10.468000411987305 0.020999999716877937 -9999 -9999 -0.9100000262260437 1.6410000324249268 -11.387999534606934 1.6465436220169067 1.3839999437332153 -999 24.569999694824219 22.780000686645508 21.909999847412109 21.520000457763672 0.039999999105930328 0.0099999997764825821 0.0099999997764825821 0.0099999997764825821 3.9900000095367432 18.030000686645508 40.049999237060547 57.549999237060547 25.997568130493164 24.360010147094727 23.493494033813477 23.099887847900391 56943.203125 7.3133373260498047 6.0944581031799316 5.9267387390136719 23.323427200317383 riz 0 56940.99609375 0.90851807594299316 0.30426084995269775 0.83063697814941406 -0.067989341914653778 0.084718897938728333 23.454551696777344 0.096217356622219086 7.4503982432361227e-06 6.6025029354932485e-07 0.019542243331670761 -4.2741342554108996e-07 -2.8469020918464594e-08 40 44.064502716064453 0.30366083979606628 0.24828964471817017
SN: 1324062 10 0 C3 3 0 53.323368000000002 -27.906645000000001 0.70389902591705322 0.0010000000474974513 0.70324701070785522 0.0010000000474974513 0.7032470703125 0.0019760876893997192 0 300 0 0 0.0057570678181946278 1 2 -13073 -9 -9 0.70389997959136963 0.0010000000474974513 53.322296000000001 -27.906209 3.7539999485015869 3.5309998989105225 -0.77974963188171387 11.111000061035156 0.0060000000521540642 -9999 -9999 1.3279999494552612 0.14900000393390656 -9.7849998474121094 0.15593908727169037 1.1469999551773071 -999 23.659999847412109 22.379999160766602 21.420000076293945 20.930000305175781 0.0099999997764825821 0 0 0 0.059999998658895493 0.46000000834465027 0.64999997615814209 0.68000000715255737 27.5 27.5 27.5 27.5 57029.0546875 14.986855506896973 11.553778648376465 9.838627815246582 34.771320343017578 riz 0 57035.83203125 0.77051907777786255 -2.4147651195526123 0.69170641899108887 -0.18954184651374817 0.062580093741416931 24.273649215698242 0.050885628908872604 3.5038110581808724e-06 1.6421449799963739e-07 0.017242956906557083 -6.9829681592636916e-08 -3.457757191682731e-09 21 27.691745758056641 0.149112269282341 1.0232682228088379
SN: 1295592 10 0 C3 3 0 52.805686999999999 -28.313438000000001 0.35684001445770264 0.0010000000474974513 0.35631200671195984 0.0010000000474974513 0.35631203651428223 0.0016858343733474612 0 300 0 0 0.0085828080773353577 1 1 27267 -9 -9 0.35679998993873596 0.0010000000474974513 52.805925999999999 -28.313578 0.9100000262260437 0.72600001096725464 -9 10.911999702453613 0.014000000432133675 -9999 -9999 1.0740000009536743 0.31099998950958252 -9.7849998474121094 0.31409710645675659 1.156999945640564 -999 21.909999847412109 20.520000457763672 19.799999237060547 19.239999771118164 0 0 0 0 38.740001678466797 138.35000610351562 233.07000732421875 319.17999267578125 23.529600143432617 22.147552490234375 21.581283569335938 21.239910125732422 56920.22265625 86.63134765625 55.92626953125 53.567291259765625 185.06605529785156 griz 0 56921.0234375 0.24209702014923096 0.035966064780950546 0.17741329967975616 0.0097912391647696495 0.015753075480461121 21.929693222045898 0.018218828365206718 3.0347484425874427e-05 5.0923569006045e-07 0.00032244925387203693 -4.0886668273287796e-08 -4.671648845544496e-09 42 31.014381408691406 0.89401525259017944 0.034769706428050995
SN: 1297365 10 0 C2 3 0 54.320937999999998 -28.519957000000002 0.34365001320838928 0.0010000000474974513 0.34316399693489075 0.0010000000474974513 0.34316396713256836 0.0016752604860812426 0 300 0 0 0.0098373796790838242 1 2 24888 -9 -9 0.34369999170303345 0.0010000000474974513 54.320810000000002 -28.520174000000001 0.87999999523162842 0.81499999761581421 -3.4945747852325439 10.154000282287598 0.014000000432133675 -9999 -9999 0.61799997091293335 0.25499999523162842 -9.5369997024536133 0.25827506184577942 0.9660000205039978 -999 22.850000381469727 21.680000305175781 21.190000534057617 20.870000839233398 0.0099999997764825821 0 0 0 12.840000152587891 37.759998321533203 56.409999847412109 73.419998168945312 24.728588104248047 23.55742073059082 23.121608734130859 22.835464477539062 56927.22265625 11.823122024536133 10.422183990478516 6.8387856483459473 28.147729873657227 griz 0 56932.328125 0.67150342464447021 0.61074310541152954 0.75156986713409424 -0.0062260185368359089 0.049365967512130737 23.247993469238281 0.075231671333312988 9.0116154751740396e-06 6.2442325088341022e-07 0.0043010646477341652 -3.1645026865589898e-07 -1.2088850809277574e-08 37 58.715446472167969 0.013007816858589649 0.2046361118555069
SN: 1309376 10 0 C1 3 0 54.044079000000004 -28.000813000000001 0.74072998762130737 0.0010000000474974513 0.74008601903915405 0.0010000000474974513 0.74008607864379883 0.0020079694222658873 0 300 0 0 0.0088518019765615463 1 1 22251 -9 -9 0.74070000648498535 0.0010000000474974513 54.044286 -28.000912 0.74900001287460327 0.78700000047683716 -9 11.024999618530273 0.035999998450279236 -9999 -9999 0.97699999809265137 5.0339999198913574 -10.067000389099121 5.0361456871032715 1.1670000553131104 -999 23.709999084472656 21.989999771118164 20.870000839233398 20.549999237060547 0.019999999552965164 0 0 0 7.119999885559082 36.209999084472656 99.010002136230469 143.55000305175781 25.368799209594727 23.602928161621094 22.51080322265625 22.107492446899414 56980.3203125 9.3989143371582031 8.0250949859619141 4.9123363494873047 21.750129699707031 riz 0 56975.3359375 1.211298942565918 -0.09184187650680542 0.88199412822723389 -0.22858254611492157 0.081208251416683197 23.6229248046875 0.084190458059310913 6.3801412579778116e-06 4.9473067065264331e-07 0.025017432868480682 -3.0892979907548579e-07 -4.501476968954421e-09 50 34.173732757568359 0.95735079050064087 0.76255661249160767
SN: 1316626 10 0 C3 3 0 51.751804 -28.535869999999999 0.61667001247406006 0.0010000000474974513 0.61601400375366211 0.0010000000474974513 0.61601400375366211 0.0019013117998838425 0 300 0 0 0.0090561620891094208 1 1 27449 -9 -9 0.61669999361038208 0.0010000000474974513 51.751857000000001 -28.535896999999999 0.1940000057220459 0.31799998879432678 -9 9.9320001602172852 0.034000001847743988 -9999 -9999 0.47400000691413879 0.58399999141693115 -9.4499998092651367 0.59104734659194946 1.0299999713897705 -999 25.139999389648438 23.780000686645508 23.100000381469727 22.680000305175781 0.029999999329447746 0.0099999997764825821 0.0099999997764825821 0.0099999997764825821 2 7.619999885559082 14.399999618530273 21.020000457763672 26.747425079345703 25.295112609863281 24.604093551635742 24.193418502807617 57018.2109375 23.565122604370117 20.328474044799805 16.988542556762695 67.994064331054688 riz 0 57020.6171875 0.38520896434783936 0.73832017183303833 0.3370206356048584 0.032819852232933044 0.035188622772693634 23.467681884765625 0.036964043974876404 7.3608398452051915e-06 2.5060083430616942e-07 0.0036976085975766182 -6.3681646622626431e-08 -5.1223283392687335e-09 27 24.299468994140625 0.61365759372711182 0.26932650804519653
SN: 1317956 10 0 X3 3 0 36.107070999999998 -4.7453729999999998 0.87067997455596924 0.0010000000474974513 0.86917400360107422 0.0010000000474974513 0.86917400360107422 0.0021209607366472483 0 300 0 0 0.023235782980918884 1 3 37145 -9 -9 0.87070000171661377 0.0010000000474974513 36.107089999999999 -4.7453940000000001 0.10199999809265137 0.097000002861022949 -6.1131105422973633 11.220999717712402 0.045000001788139343 -9999 -9999 0.49900001287460327 0.3059999942779541 -10.763999938964844 0.33734256029129028 1.2640000581741333 -999 25.530000686645508 23.370000839233398 22.020000457763672 21.159999847412109 0.05000000074505806 0.0099999997764825821 0 0 1.2100000381469727 10.630000114440918 36.299999237060547 73.870002746582031 27.293037414550781 24.933666229248047 23.60023307800293 22.828830718994141 57005.109375 14.000289916992188 5.9407434463500977 -99 24.389303207397461 iz 0 57007.8125 1.2527517080307007 -1.3515626192092896 0.70762836933135986 -0.11841698735952377 0.18096792697906494 24.32136344909668 0.061198711395263672 3.3531639473949326e-06 1.8900476561611868e-07 -0.0074461712501943111 -5.1330562911289235e-08 4.76171380103807e-10 16 15.922215461730957 0.45840272307395935 0.59897869825363159
SN: 1305835 10 0 E2 3 0 10.065388 -44.370457000000002 0.34290999174118042 0.0010000000474974513 0.34195899963378906 0.0010000000474974513 0.34195899963378906 0.0016742931911721826 0 300 0 0 0.0062437518499791622 1 1 29457 -9 -9 0.34290000796318054 0.0010000000474974513 10.065436 -44.37041 0.210999995470047 0.19200000166893005 -9 10.534000396728516 0.0080000003799796104 -9999 -9999 0.38100001215934753 0.40099999308586121 -10.28600025177002 0.41503012180328369 1.496999979019165 -999 22.540000915527344 20.979999542236328 20.370000839233398 20 0.0099999997764825821 0 0 0 21.389999389648438 100.83000183105469 182.25999450683594 227.55999755859375 24.174472808837891 22.491025924682617 21.848270416259766 21.607259750366211 57011.05859375 28.744298934936523 18.727178573608398 18.197128295898438 53.150299072265625 griz 0 57009.1171875 0.40945565700531006 -2.9792771339416504 0.48754733800888062 0.10143633931875229 0.036872714757919312 22.599653244018555 0.041375618427991867 1.6373393009416759e-05 6.2396304656431312e-07 0.0071652564220130444 -1.580510797793977e-07 -1.6385770962301649e-08 33 24.67530632019043 0.85135477781295776 1.0490750074386597
SN: 1305807 10 0 E2 3 0 9.6136549999999996 -43.922908999999997 0.57109999656677246 0.0010000000474974513 0.56997197866439819 0.0010000000474974513 0.56997203826904297 0.0018622841453179717 0 300 0 0 0.0053855427540838718 1 1 29618 -9 -9 0.57109999656677246 0.0010000000474974513 9.6136510000000008 -43.923051999999998 0.51599997282028198 0.93699997663497925 -9 9.2220001220703125 0.15399999916553497 -9999 -9999 -0.32800000905990601 0.097000002861022949 -9.7049999237060547 0.32386726140975952 0.56199997663497925 -999 24.680000305175781 23.819999694824219 23.459999084472656 23.25 0.039999999105930328 0.019999999552965164 0.019999999552965164 0.029999999329447746 2.3399999141693115 5.380000114440918 7.5399999618530273 9.3900003433227539 26.576959609985352 25.673044204711914 25.306571960449219 25.068336486816406 56990.04296875 9.4611272811889648 8.5577058792114258 7.2600064277648926 24.70880126953125 riz 0 56969.453125 1.0657074451446533 0.0024230489507317543 0.9265822172164917 0.21107485890388489 0.079669877886772156 23.840311050415039 0.08314407616853714 5.2224681894585956e-06 3.9992892197915353e-07 0.0173366479575634 -2.4399292897214764e-07 -1.9404634343800353e-08 30 23.19560432434082 0.80713391304016113 0.70358330011367798
SN: 1299758 10 0 C2 3 0 54.467705000000002 -29.132677000000001 0.47293001413345337 0.0010000000474974513 0.4724070131778717 0.0010000000474974513 0.47240698337554932 0.0017806953983381391 0 300 0 0 0.0087606562301516533 1 2 23716 -9 -9 0.47290000319480896 0.0010000000474974513 54.467382000000001 -29.132839000000001 1.1729999780654907 1.6619999408721924 -2.2219464778900146 10.27299976348877 0.016000000759959221 -9999 -9999 0.34599998593330383 0.16699999570846558 -9.9110002517700195 0.17582377791404724 0.81599998474121094 -999 22.979999542236328 21.809999465942383 21.340000152587891 20.940000534057617 0.0099999997764825821 0 0 0 8.3900003433227539 30.219999313354492 46.580001831054688 65.650001525878906 25.190595626831055 23.799263000488281 23.329502105712891 22.956912994384766 56943.18359375 15.361795425415039 11.695929527282715 10.89403247833252 37.167987823486328 riz 0 56939.23046875 0.61435210704803467 -0.87012547254562378 0.5388948917388916 0.13561220467090607 0.059640500694513321 23.033727645874023 0.077813409268856049 1.0977644706144929e-05 7.867545832596079e-07 0.0099345482885837555 -2.8384323513819254e-07 -3.5212703863862771e-08 35 39.342540740966797 0.28163284063339233 0.53708940744400024
SN: 1291090 10 1 E2 3 0 9.4630519999999994 -43.721462000000002 0.29291999340057373 0.0010000000474974513 0.29198700189590454 0.0010000000474974513 0.29198694229125977 0.0016344595933333039 0 300 0 0 0.0072631216607987881 1 1 30507 -9 -9 0.29289999604225159 0.0010000000474974513 9.4629709999999996 -43.721265000000002 0.73799997568130493 0.5130000114440918 -9 9.4670000076293945 0.023000000044703484 -9999 -9999 1.2940000295639038 0.18000000715255737 -8.1350002288818359 0.18629010021686554 0.15600000321865082 -999 22.479999542236328 21.790000915527344 21.540000915527344 21.329999923706055 0.0099999997764825821 0 0 0 22.709999084472656 42.349998474121094 54.450000762939453 65.050003051757812 24.109457015991211 23.432867050170898 23.160005569458008 22.966880798339844 56903.12109375 45.83544921875 44.746456146240234 28.162185668945312 134.60638427734375 griz 0 56905.1953125 0.20740151405334473 1.2375898361206055 0.19410613179206848 -0.085757054388523102 0.018526185303926468 21.131814956665039 0.027365406975150108 6.3281069742515683e-05 1.5949659655234427e-06 0.00083021348109468818 -2.1595518262529367e-07 -1.8244367794295613e-08 43 33.423896789550781 0.85261029005050659 0.50189149379730225
SN: 1320704 10 0 S1 3 0 42.341641000000003 0.36147099999999999 0.27087000012397766 0.0010000000474974513 0.26995900273323059 0.0010000000474974513 0.2699589729309082 0.0016170801827684045 0 300 0 0 0.044651906937360764 1 1 31725 -9 -9 0.27090001106262207 0.0010000000474974513 42.341676 0.36142400000000002 0.21199999749660492 0.10300000011920929 -9 10.918999671936035 0.026000000536441803 -9999 -9999 1.1629999876022339 0.45199999213218689 -9.7329998016357422 0.45801746845245361 1.2259999513626099 -999 21.620000839233398 20.110000610351562 19.540000915527344 19.180000305175781 0 0 0 0 59.080001831054688 221.69000244140625 360.39999389648438 503.1300048828125 23.071399688720703 21.635635375976562 21.108037948608398 20.745800018310547 57026.15234375 24.487489700317383 21.760276794433594 14.141138076782227 63.033306121826172 griz 0 57020.72265625 0.28434216976165771 -2.3021647930145264 0.35928928852081299 0.023223645985126495 0.033496346324682236 21.463277816772461 0.044066488742828369 4.6632492740172893e-05 1.8926607481262181e-06 0.0046305195428431034 -3.9116031302910415e-07 -4.7567343841592447e-08 29 17.17683219909668 0.95936322212219238 0.77128297090530396
SN: 1321166 10 0 X3 3 0 37.248832999999998 -4.3616910000000004 0.43623000383377075 0.0010000000474974513 0.43509799242019653 0.0010000000474974513 0.43509793281555176 0.0017499299719929695 0 300 0 0 0.022939668968319893 1 1 37634 -9 -9 0.43619999289512634 0.0010000000474974513 37.247937999999998 -4.3624619999999998 4.244999885559082 3.9059998989105225 -9 10.744000434875488 0.024000000208616257 -9999 -9999 0.089000001549720764 0.79199999570846558 -10.659999847412109 0.81309288740158081 1.565000057220459 -999 23.829999923706055 22.139999389648438 21.239999771118164 20.899999618530273 0.0099999997764825821 0 0 0 0.090000003576278687 -0.10000000149011612 0.31999999284744263 0.15000000596046448 27.5 27.5 27.5 27.5 57025.1015625 45.517940521240234 30.622104644775391 17.881889343261719 94.298294067382812 riz 0 57027.67578125 0.35934022068977356 -0.61940234899520874 0.43989166617393494 -0.04700305312871933 0.037269100546836853 22.700689315795898 0.04217156395316124 1.4918472516001202e-05 5.7945504750023247e-07 0.0051851058378815651 -1.626496555218182e-07 -1.6528218793609994e-08 12 10.242215156555176 0.59472048282623291 0.25918418169021606
SN: 1313177 10 0 E1 3 0 7.6328139999999998 -42.948551000000002 0.63620001077651978 0.0010000000474974513 0.63498198986053467 0.0010000000474974513 0.63498198986053467 0.0019174810731783509 0 300 0 0 0.0056433863937854767 2 2 28635 -9 -9 0.63620001077651978 0.0010000000474974513 7.6328699999999996 -42.948566999999997 0.15800000727176666 0.22200000286102295 -2.8921248912811279 10.545999526977539 0.023000000044703484 -9999 -9999 0.65499997138977051 0.80699998140335083 -9.8859996795654297 0.82471144199371338 1.2079999446868896 -999 24.940000534057617 23.370000839233398 22.399999618530273 21.950000762939453 0.05000000074505806 0.019999999552965164 0.0099999997764825821 0.0099999997764825821 2.4600000381469727 11.800000190734863 27.469999313354492 40.319999694824219 26.522663116455078 24.820295333862305 23.902853012084961 23.486198425292969 56987.03125 10.60919189453125 9.8558893203735352 6.6515188217163086 27.495584487915039 riz 0 56994.49609375 0.67053115367889404 -1.6380171775817871 0.54435276985168457 0.012509536929428577 0.074492692947387695 23.520282745361328 0.066629804670810699 7.0127248363860417e-06 4.3035913677158533e-07 0.010584059171378613 -1.5506799400100135e-07 -1.6185818907388239e-08 32 30.624841690063477 0.53612077236175537 0.54759567975997925
SN: 1314071 10 0 X3 3 0 36.619380999999997 -4.0360440000000004 0.32813000679016113 0.0010000000474974513 0.32706800103187561 0.0010000000474974513 0.32706797122955322 0.001662365859374404 0 300 0 0 0.02400614507496357 3 3 329204 -9 -9 0.32809999585151672 0.0010000000474974513 36.619432000000003 -4.0359959999999999 0.25400000810623169 0.29499998688697815 -2.7849729061126709 10.144000053405762 0.010999999940395355 -9999 -9999 -9.8280000686645508 0.17200000584125519 -19.951999664306641 0.19505897164344788 1.2979999780654907 -999 23.090000152587891 21.579999923706055 20.889999389648438 20.690000534057617 0.0099999997764825821 0 0 0 13.930000305175781 53.430000305175781 85.339996337890625 111.72000122070312 24.640121459960938 23.180536270141602 22.672119140625 22.379673004150391 57001.05859375 98.770942687988281 58.6182861328125 54.924774169921875 189.27499389648438 griz 0 57001.4921875 0.23564529418945312 -1.3856713771820068 0.17116823792457581 0.06853882223367691 0.019431740045547485 21.999963760375977 0.022929888218641281 2.8445545467548072e-05 6.0074739849369507e-07 0.00071996700717136264 -4.5333681697456996e-08 -8.2103133181021803e-09 33 34.665096282958984 0.38841605186462402 0.51530379056930542
SN: 1310485 10 0 X2 3 0 35.259174000000002 -6.3957680000000003 0.43428999185562134 0.0010000000474974513 0.43312600255012512 0.0010000000474974513 0.43312597274780273 0.0017483109841123223 0 300 0 0 0.02101161889731884 1 1 35982 -9 -9 0.4343000054359436 0.0010000000474974513 35.259194000000001 -6.395823 0.210999995470047 0.31400001049041748 -9 9.2880001068115234 0.041999999433755875 -9999 -9999 0.18600000441074371 0.63300001621246338 -9.1079998016357422 0.6440885066986084 0.50599998235702515 -999 24.5 23.350000381469727 22.989999771118164 22.760000228881836 0.029999999329447746 0.0099999997764825821 0.0099999997764825821 0.019999999552965164 4.1700000762939453 9.3400001525878906 14.789999961853027 17.100000381469727 25.94965934753418 25.074132919311523 24.575078964233398 24.417509078979492 56992.0625 21.396327972412109 19.171419143676758 11.127306938171387 55.379951477050781 riz 0 56990.8515625 0.50672799348831177 1.1420369148254395 0.45633959770202637 0.057254347950220108 0.043002575635910034 22.624231338500977 0.050157785415649414 1.6006913938326761e-05 7.3947182954725577e-07 0.0040329298935830593 -1.9050688138122496e-07 -2.4347366789356784e-08 41 51.434425354003906 0.1273188441991806 0.4258396327495575
SN: 1948484 10 0 X3 3 0 35.975360999999999 -3.8512140000000001 0.34545299410820007 4.9999998736893758e-05 0.3443630039691925 4.9999998736893758e-05 0.34436297416687012 0.0013461887137964368 0 300 0 0 0.025610802695155144 1 2 151782 -9 -9 0.34549999237060547 9.9999997473787516e-05 35.975529000000002 -3.8512339999999998 0.60799998044967651 0.45699998736381531 -3.5289032459259033 10.819999694824219 0.083999998867511749 -9999 -9999 0.098999999463558197 10.098999977111816 -10.859999656677246 10.103695869445801 1.4960000514984131 -999 22.489999771118164 20.780000686645508 20.040000915527344 19.719999313354492 0 0 0 0 23.190000534057617 104.80000305175781 189.57000732421875 256.32998657226562 24.086748123168945 22.4490966796875 21.805576324462891 21.478000640869141 58140.03515625 55.640529632568359 32.028949737548828 27.781951904296875 92.887870788574219 griz 0 58138.5546875 0.55861747264862061 -2.1353471279144287 0.53595542907714844 -0.063611559569835663 0.036566033959388733 21.908269882202148 0.043474283069372177 3.0952247470850125e-05 1.2393680890454561e-06 0.0024435794912278652 -7.9455375612269563e-08 -2.7843006122907354e-08 8 5.3554387092590332 0.71899807453155518 0.74269407987594604
SN: 1880632 10 1 X3 3 0 36.659142000000003 -4.4813140000000002 0.40650001168251038 0.0010000000474974513 0.40537899732589722 0.0010000000474974513 0.40537905693054199 0.0017256090650334954 0 300 0 0 0.024656612426042557 1 3 -28361 -9 -9 0.40650001168251038 0.0010000000474974513 36.659134999999999 -4.4813780000000003 0.23000000417232513 0.24400000274181366 -4.985628604888916 10.560000419616699 0.082000002264976501 -9999 -9999 -2.8029999732971191 7.1970000267028809 -13.329999923706055 7.1970305442810059 1.4529999494552612 -999 22.979999542236328 21.180000305175781 20.409999847412109 20.190000534057617 0 0 0 0 14.75 77.339996337890625 132.63999938964844 186.11000061035156 24.578020095825195 22.778989791870117 22.193313598632812 21.825576782226562 58045.12109375 74.334907531738281 42.430370330810547 -99 150.87966918945312 ri 0 58047.796875 0.28700387477874756 -0.37505492568016052 0.22535240650177002 -0.12480310350656509 0.037270668894052505 21.913951873779297 0.031522791832685471 3.0790652090217918e-05 8.9396235125605017e-07 5.3942214435664937e-05 -8.2533624379266257e-08 -2.480041771946162e-08 22 23.45109748840332 0.37664410471916199 0.43438941240310669
SN: 1810306 10 0 S1 3 0 43.102553999999998 -0.52114700000000003 0.64244997501373291 0.0010000000474974513 0.64129799604415894 0.0010000000474974513 0.64129805564880371 0.0019228766905143857 0 300 0 0 0.050454284995794296 1 1 124483 -9 -9 0.64240002632141113 0.0010000000474974513 43.102615999999998 -0.52122900000000005 0.36899998784065247 0.30099999904632568 -9 11.121999740600586 0.046000000089406967 -9999 -9999 -0.05000000074505806 6.940000057220459 -11.154999732971191 6.9407944679260254 1.2230000495910645 -999 23.540000915527344 21.770000457763672 20.799999237060547 20.360000610351562 0.0099999997764825821 0 0 0 8.5200004577636719 46.799999237060547 114.11000061035156 175.36000061035156 25.173900604248047 23.324384689331055 22.356691360473633 21.890172958374023 58010.24609375 10.453525543212891 7.3721537590026855 7.3343634605407715 23.331329345703125 riz 0 58002.33203125 1.11082923412323 0.6013336181640625 0.91437458992004395 -0.17672674357891083 0.077875867486000061 23.244646072387695 0.090570308268070221 9.0394405560800806e-06 7.5405512234283378e-07 0.023241177201271057 -5.5280401056734263e-07 -2.0074711670758916e-08 48 45.933448791503906 0.55790793895721436 0.62225717306137085
SN: 1904092 10 0 E2 3 0 8.8897440000000003 -44.363632000000003 0.36895999312400818 0.0010000000474974513 0.36798098683357239 0.0010000000474974513 0.36798095703125 0.0016952491132542491 0 300 0 0 0.0075395973399281502 1 1 -31018 -9 -9 0.36899998784065247 0.0010000000474974513 8.8895560000000007 -44.363872999999998 0.99199998378753662 0.59600001573562622 -9 10.911999702453613 0.0060000000521540642 -9999 -9999 1.2460000514984131 0.12999999523162842 -9.6520004272460938 0.13298119604587555 1.1529999971389771 -999 22 20.790000915527344 20.239999771118164 19.860000610351562 0 0 0 0 37.369998931884766 120.62000274658203 191.94999694824219 285.6199951171875 23.568691253662109 22.296451568603516 21.792030334472656 21.360528945922852 58085.11328125 28.319520950317383 22.602838516235352 17.917675018310547 56.894512176513672 griz 0 58088.65625 0.32333657145500183 -0.15325295925140381 0.33682817220687866 0.027594350278377533 0.028520591557025909 22.099678039550781 0.042195461690425873 2.5949493647203781e-05 1.0084870609716745e-06 0.0027237897738814354 -2.3083701705672866e-07 -1.6006350023189952e-08 29 22.146276473999023 0.81408268213272095 0.10521474480628967
SN: 1879187 10 0 S1 3 0 42.427391 0.45272200000000001 0.59271001815795898 0.0010000000474974513 0.59157001972198486 0.0010000000474974513 0.59157001972198486 0.0018805521540343761 0 300 0 0 0.047001715749502182 3 3 130934 -9 -9 0.59270000457763672 0.0010000000474974513 42.427512999999998 0.45258700000000002 0.65399998426437378 0.58799999952316284 -1.5553549528121948 10.857999801635742 0.054000001400709152 -9999 -9999 1.3090000152587891 3.9700000286102295 -9.5920000076293945 3.9793753623962402 1.093999981880188 -999 23.399999618530273 21.729999542236328 20.950000762939453 20.559999465942383 0.0099999997764825821 0 0 0 11.579999923706055 50.340000152587891 103.09999847412109 152.53999328613281 24.840728759765625 23.245216369628906 22.466854095458984 22.041540145874023 58052.28125 6.8946247100830078 6.8836870193481445 6.2808523178100586 21.717023849487305 riz 0 58044.74609375 1.1506596803665161 -1.2692666053771973 0.9420095682144165 0.26207473874092102 0.09316609799861908 23.614564895629883 0.087906904518604279 6.4294517869711854e-06 5.2056219601581688e-07 0.0090232742950320244 -2.5500142442069773e-07 -2.9791825895131296e-08 44 45.063468933105469 0.42721575498580933 0.97064435482025146
SN: 1879188 10 0 S1 3 0 42.174973000000001 0.280719 0.64845997095108032 0.0010000000474974513 0.64727401733398438 0.0010000000474974513 0.64727401733398438 0.0019279868574813008 0 300 0 0 0.0412757508456707 1 1 130988 -9 -9 0.64850002527236938 0.0010000000474974513 42.175128999999998 0.28065600000000002 0.60399997234344482 0.62800002098083496 -9 10.670999526977539 0.026000000536441803 -9999 -9999 -1.7849999666213989 4.2610001564025879 -12.465999603271484 4.2614364624023438 1.5429999828338623 -999 24.850000381469727 22.920000076293945 21.920000076293945 21.399999618530273 0.039999999105930328 0.0099999997764825821 0 0 2.940000057220459 16.159999847412109 38.799999237060547 67.650001525878906 26.329132080078125 24.478897094726562 23.527919769287109 22.924331665039062 58052.28125 10.056024551391602 8.3541526794433594 7.4646096229553223 29.901840209960938 riz 0 58044.29296875 1.1123505830764771 1.3336892127990723 0.78829741477966309 0.064467929303646088 0.061057321727275848 23.399311065673828 0.059162039309740067 7.8392649811576121e-06 4.2716354187177785e-07 0.0068253008648753166 -2.1883829504076857e-07 -1.0531603145125246e-08 44 36.614627838134766 0.77757668495178223 0.49377661943435669
SN: 1933196 10 0 C2 3 0 54.314098000000001 -29.233384999999998 0.75073999166488647 0.0010000000474974513 0.75011497735977173 0.0010000000474974513 0.75011491775512695 0.0020166779868304729 0 300 0 0 0.0084239393472671509 1 2 146002 -9 -9 0.75069999694824219 0.0010000000474974513 54.314250999999999 -29.233371999999999 0.4830000102519989 0.49399998784065247 -3.7058098316192627 10.592000007629395 0.020999999716877937 -9999 -9999 1.1490000486373901 1.0870000123977661 -9.4499998092651367 1.0914989709854126 1.0249999761581421 -999 24.969999313354492 23.219999313354492 22.139999389648438 21.639999389648438 0.039999999105930328 0.0099999997764825821 0.0099999997764825821 0 2.1700000762939453 11.420000076293945 31.690000534057617 48.439998626708984 26.658849716186523 24.8558349609375 23.74769401550293 23.286989212036133 58117.17578125 11.305164337158203 10.60621452331543 8.1762237548828125 27.806558609008789 riz 0 58115.60546875 0.97124218940734863 -1.2971123456954956 0.76923811435699463 -0.072632327675819397 0.068119987845420837 23.534133911132812 0.062151100486516953 6.923825822013896e-06 3.9634250015296857e-07 0.017060764133930206 -1.99912705056704e-07 -6.2794911492858319e-09 28 19.617197036743164 0.87801533937454224 0.49554076790809631
SN: 1770254 10 0 X3 3 0 36.174472999999999 -4.7166050000000004 0.73619997501373291 0.0010000000474974513 0.73480397462844849 0.0010000000474974513 0.73480391502380371 0.0020033873151987791 0 300 0 0 0.021801574155688286 1 3 121078 -9 -9 0.73619997501373291 0.0010000000474974513 36.174481999999998 -4.7164960000000002 0.39399999380111694 0.36300000548362732 -4.1009893417358398 11.21399974822998 0.017999999225139618 -9999 -9999 1.184999942779541 0.30700001120567322 -10.020000457763672 0.32925674319267273 1.3999999761581421 -999 24.399999618530273 22.829999923706055 21.760000228881836 21.229999542236328 0.019999999552965164 0 0 0 4.3499999046325684 18.290000915527344 47.639999389648438 77.489997863769531 25.903776168823242 24.344465255737305 23.305070877075195 22.776885986328125 57989.40234375 16.744686126708984 12.38304615020752 7.9483351707458496 33.382003784179688 riz 0 57990.12890625 1.0694763660430908 -1.7388209104537964 0.67224955558776855 -0.076016552746295929 0.056180663406848907 23.970420837402344 0.051983285695314407 4.6326767915161327e-06 2.2180503833624243e-07 0.005975636187940836 -8.6844764268789731e-08 -1.4737648879048493e-09 37 42.110130310058594 0.2593177855014801 0.63257408142089844
SN: 1770442 10 1 X1 3 0 33.758071999999999 -5.5161990000000003 0.34690999984741211 0.0010000000474974513 0.34578099846839905 0.0010000000474974513 0.34578096866607666 0.0016773621318861842 0 300 0 0 0.01722804456949234 1 1 120562 -9 -9 0.34689998626708984 0.0010000000474974513 33.758273000000003 -5.514939 4.5910000801086426 3.4500000476837158 -9 10.576000213623047 0.057000000029802322 -9999 -9999 0.36000001430511475 9.2110004425048828 -10.208000183105469 9.2113561630249023 1.4010000228881836 -999 22.819999694824219 21.340000152587891 20.729999542236328 20.409999847412109 0.0099999997764825821 0 0 0 0.6600000262260437 1.5 2.7400000095367432 3.6099998950958252 27.5 27.059772491455078 26.405624389648438 26.106231689453125 57994.3359375 30.798511505126953 23.944004058837891 20.311103820800781 70.332771301269531 griz 0 57993.890625 0.3845120370388031 -1.5980875492095947 0.33673292398452759 0.042673487216234207 0.024598641321063042 22.211858749389648 0.030227236449718475 2.3402208171319216e-05 6.5152482875419082e-07 0.0021950132213532925 -1.0575993769634806e-07 -9.4192635913259437e-09 54 35.016036987304688 0.97897970676422119 0.55136054754257202
SN: 1876287 10 1 E1+E2 3 0 8.3221349999999994 -43.951633999999999 0.56558001041412354 0.0010000000474974513 0.56444597244262695 0.0010000000474974513 0.56444597244262695 0.0018576214788481593 0 300 0 0 0.0059257601387798786 1 2 130831 -9 -9 0.56559997797012329 0.0010000000474974513 8.3222719999999999 -43.951588000000001 0.39100000262260437 0.34700000286102295 -4.6231594085693359 10.53600025177002 0.017000000923871994 -9999 -9999 -1.0980000495910645 0.95599997043609619 -11.602999687194824 0.96051287651062012 1.3200000524520874 -999 24.309999465942383 22.530000686645508 21.770000457763672 21.340000152587891 0.019999999552965164 0.0099999997764825821 0 0 4.369999885559082 22.780000686645508 49.080001831054688 69.5 25.898796081542969 24.106115341186523 23.272739410400391 22.895038604736328 58040.0390625 12.210150718688965 9.1379051208496094 7.7902712821960449 44.953048706054688 riz 0 58048.4765625 0.49672180414199829 -1.2118903398513794 0.37577840685844421 -0.047417797148227692 0.045458532869815826 23.059846878051758 0.041041195392608643 1.0716711585700978e-05 4.0509530663257465e-07 0.0030477591790258884 -8.7774324697420525e-08 -1.0447378961941922e-08 84 67.352210998535156 0.90795910358428955 0.43378475308418274
SN: 1959025 10 0 C2 3 0 54.472777999999998 -28.942347000000002 0.61194002628326416 0.0010000000474974513 0.61136502027511597 0.0010000000474974513 0.61136507987976074 0.001897356822155416 0 300 0 0 0.0095572825521230698 1 1 -33562 -9 -9 0.6118999719619751 0.0010000000474974513 54.473528999999999 -28.942257999999999 2.3880000114440918 2.7939999103546143 -9 10.798999786376953 0.014999999664723873 -9999 -9999 0.93699997663497925 1.0019999742507935 -9.8730001449584961 1.0114583969116211 1.3029999732971191 -999 23.770000457763672 22.120000839233398 21.299999237060547 20.780000686645508 0.0099999997764825821 0 0 0 -999 -999 -999 -999 99 99 99 99 58143.1015625 8.5499563217163086 8.3446617126464844 4.5727410316467285 20.829315185546875 riz 0 58140.7734375 0.86493599414825439 -2.1567199230194092 0.65241062641143799 -0.12054338306188583 0.09932410717010498 23.777292251586914 0.079018980264663696 5.5345576583931688e-06 4.0280053781316383e-07 0.017875637859106064 -1.4915100621237798e-07 -1.9260948391774946e-08 19 21.965353012084961 0.28598397970199585 0.82357698678970337
SN: 1850045 10 1 E1 3 0 8.2918029999999998 -42.122123999999999 0.31413000822067261 0.0010000000474974513 0.31314000487327576 0.0010000000474974513 0.31314003467559814 0.0016512535512447357 0 300 0 0 0.012147012166678905 2 2 -29518 -9 -9 0.3140999972820282 0.0010000000474974513 8.2932620000000004 -42.121850000000002 4.0180001258850098 2.7049999237060547 1.7681123018264771 10.237000465393066 0.013000000268220901 -9999 -9999 0.47400000691413879 0.14000000059604645 -9.7589998245239258 0.14339107275009155 1.2359999418258667 -999 23.25 21.840000152587891 21.239999771118164 20.799999237060547 0.0099999997764825821 0 0 0 1.9900000095367432 3.5999999046325684 4.7399997711181641 5.1399998664855957 26.752866744995117 26.109243392944336 25.810554504394531 25.722591400146484 58021.05078125 28.554044723510742 21.743955612182617 17.279504776000977 62.305839538574219 griz 0 58020.53515625 0.34512549638748169 -1.3124579191207886 0.26699072122573853 0.093468837440013885 0.028668230399489403 22.024751663208008 0.038145117461681366 2.7803513148683123e-05 9.7681947863748064e-07 0.0014375778846442699 -1.3818069533044763e-07 -1.9832897990568199e-08 44 59.519580841064453 0.059214312583208084 0.53708970546722412
SN: 1916124 10 0 X1 3 0 34.323231 -4.7006920000000001 0.43189999461174011 0.0010000000474974513 0.43070700764656067 0.0010000000474974513 0.43070697784423828 0.0017463259864598513 0 300 0 0 0.016723990440368652 1 1 140750 -9 -9 0.43189999461174011 0.0010000000474974513 34.323248999999997 -4.7007500000000002 0.21799999475479126 0.25099998712539673 -9 9.5989999771118164 0.017999999225139618 -9999 -9999 1.3739999532699585 0.20000000298023224 -8.2019996643066406 0.20880612730979919 0.20299999415874481 -999 22.350000381469727 21.670000076293945 21.420000076293945 21.229999542236328 0.0099999997764825821 0 0 0 19.459999084472656 46.5 58.400001525878906 66.25 24.277143478393555 23.331367492675781 23.083967208862305 22.94703483581543 58097.0546875 19.984958648681641 15.934416770935059 11.18619441986084 54.235286712646484 riz 0 58095.8671875 0.55593180656433105 0.94881761074066162 0.4738619327545166 0.16028349101543427 0.041621342301368713 22.73634147644043 0.049099300056695938 1.4436551282415166e-05 6.5285155415040208e-07 0.0037067458033561707 -1.5489349891595339e-07 -2.1121337567819864e-08 26 18.647968292236328 0.85094356536865234 0.62087160348892212
SN: 1887027 10 0 C2 3 0 53.796447999999998 -28.530863 0.21347999572753906 0.0010000000474974513 0.21302999556064606 0.0010000000474974513 0.21302998065948486 0.0015727065037935972 0 300 0 0 0.0076269544661045074 1 1 -31416 -9 -9 0.21349999308586121 0.0010000000474974513 53.795828999999998 -28.532191999999998 5.1710000038146973 2.8080000877380371 -9 10.809000015258789 0.010999999940395355 -9999 -9999 1.218999981880188 0.12399999797344208 -9.5959997177124023 0.12831601500511169 1.1039999723434448 -999 21.079999923706055 19.809999465942383 19.25 18.850000381469727 0 0 0 0 1.9500000476837158 4.7899999618530273 6.059999942779541 8.119999885559082 26.774913787841797 25.799161911010742 25.543819427490234 25.226110458374023 58064.3046875 74.136810302734375 67.853858947753906 45.966007232666016 163.94709777832031 griz 0 58060.11328125 0.22174465656280518 -1.1479917764663696 0.16763217747211456 0.1469961404800415 0.02147817425429821 21.329187393188477 0.030069110915064812 5.276249794405885e-05 1.4612402310376638e-06 0.00094774604076519608 -9.5728402982331318e-08 -2.7836746241405308e-08 38 57.288105010986328 0.023054186254739761 0.62170654535293579
SN: 1918076 10 0 X3 3 0 36.165424000000002 -3.7473890000000001 0.37077000737190247 0.0010000000474974513 0.36966300010681152 0.0010000000474974513 0.36966300010681152 0.001696608611382544 0 300 0 0 0.020025784149765968 1 1 142016 -9 -9 0.37079998850822449 0.0010000000474974513 36.165457000000004 -3.7475520000000002 0.59899997711181641 0.59899997711181641 -9 9.7899999618530273 0.019999999552965164 -9999 -9999 1.4739999771118164 0.24899999797344208 -8.300999641418457 0.24899999797344208 0.41899999976158142 -999 22.479999542236328 21.569999694824219 21.229999542236328 21.059999465942383 0 0 0 0 26.440000534057617 58.279998779296875 71.129997253417969 89.180000305175781 23.944347381591797 23.086200714111328 22.869867324829102 22.624332427978516 58100.046875 43.015769958496094 37.214561462402344 26.813543319702148 95.674713134765625 griz 0 58098.48046875 0.30412095785140991 0.019708855077624321 0.24169662594795227 0.17547841370105743 0.022529741749167442 22.680183410644531 0.02967752143740654 1.5202918802970089e-05 4.1555671259629889e-07 0.0017067112494260073 -5.7729867108946564e-08 -7.1508727828017982e-09 31 27.827064514160156 0.63007831573486328 0.58496493101119995
SN: 1900856 10 0 C2 3 0 54.840584 -28.397078 0.72477000951766968 0.0010000000474974513 0.72416001558303833 0.0010000000474974513 0.72415995597839355 0.0019941653590649366 0 300 0 0 0.009907933883368969 1 3 136845 -9 -9 0.7247999906539917 0.0010000000474974513 54.840743000000003 -28.397082999999999 0.50199997425079346 0.49099999666213989 -3.7125465869903564 11.218000411987305 0.071000002324581146 -9999 -9999 -0.83300000429153442 9.1669998168945312 -12.034999847412109 9.1673154830932617 1.4809999465942383 -999 24.25 22.25 21.040000915527344 20.530000686645508 0.019999999552965164 0 0 0 4.5999999046325684 29.020000457763672 92.110000610351562 138.63999938964844 25.843105316162109 23.843255996704102 22.5892333984375 22.145278930664062 58076.32421875 9.1330661773681641 6.6930336952209473 4.9940242767333984 23.667732238769531 riz 0 58081.2734375 0.98249852657318115 -0.82953745126724243 0.72252750396728516 -0.042956270277500153 0.071938574314117432 23.565452575683594 0.063970789313316345 6.7269593273522332e-06 3.9634758763895661e-07 0.0066242380999028683 -1.684152266534511e-07 1.7745295510795955e-10 41 27.979095458984375 0.93951582908630371 0.31138694286346436
SN: 1905244 10 0 X3 3 0 36.339790000000001 -4.4144189999999996 0.36285001039505005 0.0010000000474974513 0.36175701022148132 0.0010000000474974513 0.36175704002380371 0.0016902240458875895 0 300 0 0 0.021257635205984116 1 1 137897 -9 -9 0.36289998888969421 0.0010000000474974513 36.339824999999998 -4.4144240000000003 0.125 0.11699999868869781 -9 10.416999816894531 0.13699999451637268 -9999 -9999 -0.66900002956390381 9.3310003280639648 -11.309000015258789 9.3368692398071289 1.4160000085830688 -999 22.979999542236328 21.290000915527344 20.559999465942383 20.360000610351562 0 0 0 0 14.210000038146973 68.019996643066406 114.56999969482422 146.77000427246094 24.618515014648438 22.918407440185547 22.352323532104492 22.083406448364258 58086.109375 53.297229766845703 34.430278778076172 31.028451919555664 127.40354919433594 gri 0 58081.6171875 0.22998332977294922 -0.37893325090408325 0.19837336242198944 0.020672924816608429 0.019873976707458496 22.217113494873047 0.020889922976493835 2.328920345462393e-05 4.4809198129769356e-07 0.00045571167720481753 -4.9307722349567484e-08 -4.6547583565370587e-09 31 28.461774826049805 0.59724247455596924 0.14388552308082581
SN: 1933258 10 0 S1 3 0 43.302985999999997 -0.34559699999999999 0.69090002775192261 0.0010000000474974513 0.68971902132034302 0.0010000000474974513 0.68971896171569824 0.001964423805475235 0 300 0 0 0.05684337392449379 1 2 146222 -9 -9 0.69090002775192261 0.0010000000474974513 43.303151999999997 -0.34566200000000002 0.64399999380111694 0.76200002431869507 -3.1476812362670898 10.935999870300293 0.046000000089406967 -9999 -9999 -1.5219999551773071 3.8250000476837158 -12.465999603271484 3.8255023956298828 1.5420000553131104 -999 24.610000610351562 22.620000839233398 21.510000228881836 21.020000457763672 0.039999999105930328 0.0099999997764825821 0 0 2.940000057220459 20.280000686645508 58.169998168945312 95.209999084472656 26.329132080078125 24.232330322265625 23.088253021240234 22.553293228149414 58113.08203125 9.593836784362793 7.3726177215576172 6.6609516143798828 21.91400146484375 riz 0 58116.1328125 1.0049272775650024 -2.5864267349243164 0.63062095642089844 -0.12333381175994873 0.084873035550117493 23.450017929077148 0.060450185090303421 7.4815675361605827e-06 4.1654882920738601e-07 0.01341688260436058 -1.7299309718055156e-07 -7.1612378249596986e-09 20 18.453203201293945 0.55758023262023926 0.95514553785324097
SN: 1901738 10 0 X1 3 0 35.005653000000002 -5.3476270000000001 0.47095999121665955 0.0010000000474974513 0.46975401043891907 0.0010000000474974513 0.46975398063659668 0.0017784993397071958 0 300 0 0 0.020791320130228996 1 1 139373 -9 -9 0.47099998593330383 0.0010000000474974513 35.005738999999998 -5.3476749999999997 0.35400000214576721 0.3580000102519989 -9 10.746000289916992 0.034000001847743988 -9999 -9999 -0.30199998617172241 6.5279998779296875 -11.067999839782715 6.5286068916320801 1.1820000410079956 -999 22.489999771118164 20.860000610351562 20.229999542236328 19.940000534057617 0.0099999997764825821 0 0 0 22.850000381469727 106.26999664306641 186.78999328613281 234.3800048828125 24.102785110473633 22.43397331237793 21.821615219116211 21.575199127197266 58082.0625 15.636622428894043 10.035662651062012 6.2395000457763672 41.723533630371094 riz 0 58087.40234375 0.49525552988052368 -0.72484427690505981 0.4823489785194397 -0.1150045320391655 0.051183201372623444 22.569555282592773 0.057336196303367615 1.6833630070323125e-05 8.8896024408313679e-07 0.0051524895243346691 -2.8749755642820674e-07 -2.9058552897254231e-08 29 29.196037292480469 0.4548913836479187 0.45313763618469238
SN: 1913214 10 1 X2 3 0 35.648541000000002 -6.4687250000000001 0.31720998883247375 0.0010000000474974513 0.31614899635314941 0.0010000000474974513 0.31614899635314941 0.0016536506591364741 0 300 0 0 0.021970061585307121 1 3 141016 -9 -9 0.31720000505447388 0.0010000000474974513 35.648704000000002 -6.4682919999999999 1.6660000085830688 1.2089999914169312 -2.5849540233612061 10.633999824523926 0.079999998211860657 -9999 -9999 0.62300002574920654 9.4449996948242188 -9.9479999542236328 9.4453134536743164 1.3810000419616699 -999 22.270000457763672 20.799999237060547 20.239999771118164 19.920000076293945 0 0 0 0 11.119999885559082 37.490001678466797 58.810001373291016 86.269996643066406 24.884738922119141 23.565212249755859 23.076372146606445 22.660350799560547 58097.1171875 35.593101501464844 32.494358062744141 23.145082473754883 86.029716491699219 griz 0 58095.22265625 0.35498195886611938 -1.7067548036575317 0.21274088323116302 -0.055591445416212082 0.023323673754930496 21.793743133544922 0.030464701354503632 3.4395576221868396e-05 9.6510643743386026e-07 0.0012785297585651278 -9.8050740859889629e-08 -1.5361969474270154e-08 36 15.511747360229492 0.99885797500610352 0.59833598136901855
SN: 1889226 10 0 C1+C3 3 0 53.286949 -27.345255000000002 0.59337997436523438 0.0010000000474974513 0.59276300668716431 0.0010000000474974513 0.59276294708251953 0.0018815632211044431 0 300 0 0 0.0064443517476320267 2 3 134175 -9 -9 0.59340000152587891 0.0010000000474974513 53.286991999999998 -27.345245999999999 0.14100000262260437 0.14900000393390656 -4.2196750640869141 10.71399974822998 0.02500000037252903 -9999 -9999 -0.5 8.1120004653930664 -11.210000038146973 8.1135387420654297 1.2209999561309814 -999 23.979999542236328 22.209999084472656 21.329999923706055 20.879999160766602 0.019999999552965164 0 0 0 6.429999828338623 29.149999618530273 67.459999084472656 100.51999664306641 25.479473114013672 23.838403701782227 22.927383422851562 22.494369506835938 58064.32421875 38.073139190673828 25.421413421630859 23.515697479248047 90.961631774902344 riz 0 58069.15625 0.30805143713951111 0.17839120328426361 0.23189336061477661 0.1314910501241684 0.027438968420028687 23.240602493286133 0.026251612231135368 9.0731673481059261e-06 2.1937674432592758e-07 0.0007154683698900044 -3.0513252369246402e-08 -3.3825278134003156e-09 80 96.043510437011719 0.10671494901180267 0.44231873750686646
SN: 1780287 10 0 X1 3 0 34.857613000000001 -4.5407130000000002 0.52620100975036621 0.00015999999595806003 0.52494198083877563 0.00015999999595806003 0.52494192123413086 0.0015343244886025786 0 300 0 0 0.018224390223622322 1 1 121789 -9 -9 0.52619999647140503 0.00019999999494757503 34.857728999999999 -4.5408179999999998 0.56099998950958252 0.4830000102519989 -9 11.043999671936035 0.075999997556209564 -9999 -9999 -0.79699999094009399 9.2030000686645508 -11.800999641418457 9.2032814025878906 1.5039999485015869 -999 23.129999160766602 21.399999618530273 20.540000915527344 20.120000839233398 0.0099999997764825821 0 0 0 11.899999618530273 68.480003356933594 145.55999755859375 211.72000122070312 24.811132431030273 22.911090850830078 22.092395782470703 21.685596466064453 58004.31640625 12.184243202209473 7.498476505279541 6.9408798217773438 34.113731384277344 riz 0 58005.2890625 0.65098273754119873 0.52226775884628296 0.67199724912643433 0.013361268676817417 0.060824450105428696 22.742233276367188 0.072883173823356628 1.4358431144501083e-05 9.6385110737173818e-07 0.0083271553739905357 -4.9809511892817682e-07 -3.1742843020765577e-08 49 55.853912353515625 0.23296113312244415 0.17969602346420288
SN: 1876462 10 0 X3 3 0 36.788052 -4.3334960000000002 0.8410000205039978 0.0010000000474974513 0.83953601121902466 0.0010000000474974513 0.83953595161437988 0.0020948529709130526 0 300 0 0 0.021540500223636627 1 1 131268 -9 -9 0.8410000205039978 0.0010000000474974513 36.787911999999999 -4.3333649999999997 0.68900001049041748 0.88200002908706665 -9 10.807000160217285 0.0080000003799796104 -9999 -9999 1.2000000476837158 0.44900000095367432 -9.5959997177124023 0.4528597891330719 1.1239999532699585 -999 24.559999465942383 23.389999389648438 22.370000839233398 21.930000305175781 0.019999999552965164 0.0099999997764825821 0 0 2.8900001049041748 9.7299995422363281 23.670000076293945 32.349998474121094 26.347755432128906 25.029718399047852 24.064504623413086 23.725315093994141 58036.25 9.9454107284545898 6.1604304313659668 -99 22.758440017700195 iz 0 58037.3671875 1.2709524631500244 -1.9592928886413574 0.67786586284637451 -0.18704275786876678 0.16796618700027466 24.530176162719727 0.066314838826656342 2.7664905246638227e-06 1.6897232057999645e-07 -0.0009810073534026742 -4.5029295847598405e-08 -7.4913621972427791e-09 27 40.076225280761719 0.050401646643877029 0.90291672945022583
SN: 1920362 10 0 C2 3 0 55.186176000000003 -29.210408999999999 0.39882999658584595 0.0010000000474974513 0.39835101366043091 0.0010000000474974513 0.39835095405578613 0.001719882246106863 0 300 0 0 0.011392975226044655 1 1 142100 -9 -9 0.39879998564720154 0.0010000000474974513 55.186559000000003 -29.210386 1.2059999704360962 1.2630000114440918 -9 10.460000038146973 0.013000000268220901 -9999 -9999 0.75199997425079346 0.2669999897480011 -9.7060003280639648 0.27201655507087708 0.98299998044967651 -999 22.659999847412109 21.389999389648438 20.870000839233398 20.5 0.0099999997764825821 0 0 0 15.119999885559082 44.799999237060547 81.519996643066406 103.51999664306641 24.551120758056641 23.371805191040039 22.721839904785156 22.462440490722656 58108.06640625 33.7498779296875 27.491033554077148 11.758034706115723 64.357933044433594 riz 0 58104.2421875 0.4339367151260376 -0.18893897533416748 0.33145815134048462 0.15568488836288452 0.03802172839641571 22.432733535766602 0.041304562240839005 1.9094408344244584e-05 7.2640682446944993e-07 0.00088748638518154621 -9.5543143174836587e-08 -2.1483312906411811e-08 30 28.509777069091797 0.5434420108795166 0.52275729179382324
SN: 1876301 10 0 E1 3 0 7.3024570000000004 -42.072372000000001 0.60194998979568481 0.0010000000474974513 0.60073298215866089 0.0010000000474974513 0.60073304176330566 0.0018883236916735768 0 300 0 0 0.0078860027715563774 1 2 130809 -9 -9 0.60189998149871826 0.0010000000474974513 7.3026109999999997 -42.072386000000002 0.41499999165534973 0.460999995470047 -4.3061122894287109 10.234000205993652 0.02199999988079071 -9999 -9999 1.9830000400543213 0 -8.2530002593994141 0 0.36100000143051147 -999 22.719999313354492 21.799999237060547 21.340000152587891 21.049999237060547 0.0099999997764825821 0 0 0 19.989999771118164 48.189998626708984 75.720001220703125 95.860000610351562 24.247968673706055 23.292608261108398 22.801973342895508 22.545906066894531 58040.00390625 6.8754892349243164 6.3373250961303711 4.7819356918334961 22.263452529907227 riz 0 58041.45703125 1.6221269369125366 -0.031382516026496887 0.89487016201019287 0.10359080880880356 0.081958413124084473 23.468994140625 0.081663131713867188 7.3519518082321156e-06 5.5297357448580442e-07 0.0049876696430146694 -2.5534515657454904e-07 -1.9271769957640572e-08 44 49.49420166015625 0.2632443904876709 0.34546110033988953
SN: 1862183 10 0 C1 3 0 54.030205000000002 -27.823436999999998 0.449180006980896 0.0010000000474974513 0.44864198565483093 0.0010000000474974513 0.44864201545715332 0.0017610691720619798 0 300 0 0 0.010050964541733265 1 1 128850 -9 -9 0.44920000433921814 0.0010000000474974513 54.030451999999997 -27.823571999999999 0.92299997806549072 0.8619999885559082 -9 10.328000068664551 0.032000001519918442 -9999 -9999 1.4119999408721924 0.024000000208616257 -8.8950004577636719 0.03465544804930687 0.55199998617172241 -999 22.709999084472656 21.610000610351562 21.180000305175781 20.829999923706055 0.0099999997764825821 0 0 0 18.579999923706055 55.020000457763672 82.430000305175781 108.75 24.327384948730469 23.148698806762695 22.709787368774414 22.408927917480469 58028.1875 12.029196739196777 10.017512321472168 9.3234415054321289 36.441726684570312 riz 0 58027.6484375 0.54219180345535278 -0.67426103353500366 0.57687956094741821 0.10882395505905151 0.063155800104141235 22.962577819824219 0.0805329829454422 1.1721118426066823e-05 8.6939775201244629e-07 0.013478383421897888 -3.2137100447471312e-07 -4.3406014782476632e-08 43 52.867259979248047 0.14395284652709961 0.42673090100288391
SN: 1849276 10 0 X3 3 0 36.269764000000002 -3.8409399999999998 0.61541998386383057 0.0010000000474974513 0.61411899328231812 0.0010000000474974513 0.61411905288696289 0.0018996994476765394 0 300 0 0 0.024477770552039146 1 2 127249 -9 -9 0.61540001630783081 0.0010000000474974513 36.269919999999999 -3.840862 0.62800002098083496 0.81499999761581421 -3.3942766189575195 9.7650003433227539 0.037000000476837158 -9999 -9999 1.5570000410079956 0 -8.1979999542236328 0 0.31400001049041748 -999 23.600000381469727 22.729999542236328 22.370000839233398 22.159999847412109 0.0099999997764825821 0 0 0.0099999997764825821 7.5500001907348633 17.75 23.329999923706055 29.639999389648438 25.305131912231445 24.377004623413086 24.08021354675293 23.820304870605469 58015.265625 20.713535308837891 20.185182571411133 16.638595581054688 47.868824005126953 riz 0 58021.1015625 0.52636098861694336 0.32328322529792786 0.54528677463531494 -0.1009177640080452 0.057829130440950394 23.332067489624023 0.073073163628578186 8.3401328083709814e-06 5.6131489145627711e-07 0.017772344872355461 -2.6816786657946068e-07 -2.3595891462946383e-08 33 42.192344665527344 0.13110019266605377 0.35323134064674377
SN: 1876305 10 0 E1 3 0 7.448677 -42.036743000000001 0.53784000873565674 0.0010000000474974513 0.53667199611663818 0.0010000000474974513 0.53667199611663818 0.0018342607654631138 0 300 0 0 0.0064784130081534386 1 1 -29478 -9 -9 0.53780001401901245 0.0010000000474974513 7.448766 -42.036696999999997 0.289000004529953 0.36399999260902405 -9 10.623000144958496 0.05000000074505806 -9999 -9999 0.93500000238418579 1.1230000257492065 -9.6780004501342773 1.1297159194946289 1.1759999990463257 -999 23.469999313354492 21.969999313354492 21.280000686645508 20.870000839233398 0.0099999997764825821 0 0 0 8.6800003051757812 34.189998626708984 67.25 96.650001525878906 25.153701782226562 23.665252685546875 22.930768966674805 22.536994934082031 58052.015625 14.577532768249512 9.6431713104248047 8.8339290618896484 37.268497467041016 riz 0 58050.12890625 0.64445954561233521 -0.057616144418716431 0.51576197147369385 -0.070000454783439636 0.05370369553565979 22.862039566040039 0.051065318286418915 1.2858325135312043e-05 6.0476429553091293e-07 0.0037345406599342823 -1.8201166085418663e-07 -1.2437104679463573e-08 41 37.751789093017578 0.61578917503356934 0.23412388563156128
SN: 1912020 10 0 C1 3 0 53.489815 -27.37941 0.55496001243591309 0.0010000000474974513 0.55436402559280396 0.0010000000474974513 0.55436396598815918 0.0018491273513063788 0 300 0 0 0.0075141480192542076 1 1 139774 -9 -9 0.55500000715255737 0.0010000000474974513 53.489652999999997 -27.379300000000001 0.65200001001358032 0.89600002765655518 -9 10.340000152587891 0.054000001400709152 -9999 -9999 -0.043000001460313797 4.2579998970031738 -10.352999687194824 4.2584371566772461 1.2269999980926514 -999 23.959999084472656 22.239999771118164 21.569999694824219 21.190000534057617 0.019999999552965164 0.0099999997764825821 0 0 5.2199997901916504 25.270000457763672 43.979999542236328 65.610000610351562 25.70582389831543 23.993486404418945 23.391860961914062 22.957574844360352 58092.1796875 18.320323944091797 11.186763763427734 9.2205276489257812 41.138420104980469 riz 0 58090.296875 0.54192095994949341 -0.0044564655981957912 0.49883198738098145 -0.12706416845321655 0.051385462284088135 22.897209167480469 0.052313514053821564 1.2448477718862705e-05 5.9979913658025907e-07 0.0057130740024149418 -2.156887859428025e-07 -1.6260374380294706e-08 32 33.629119873046875 0.38843792676925659 0.42354980111122131
SN: 1861472 10 0 X3 3 0 35.786881000000001 -4.1964680000000003 0.83925002813339233 0.0010000000474974513 0.83775699138641357 0.0010000000474974513 0.83775699138641357 0.0020932888146489859 0 300 0 0 0.021774604916572571 1 2 130481 -9 -9 0.83929997682571411 0.0010000000474974513 35.786963999999998 -4.1964499999999996 0.3059999942779541 0.40099999308586121 -4.1294903755187988 10.857999801635742 0.016000000759959221 -9999 -9999 -2.0699999332427979 1.6619999408721924 -12.89799976348877 1.6620075702667236 1.5199999809265137 -999 25.579999923706055 23.5 22.170000076293945 21.520000457763672 0.05000000074505806 0.0099999997764825821 0 0 1.3700000047683716 9.0900001525878906 29.049999237060547 54.040000915527344 27.158199310302734 25.10359001159668 23.842134475708008 23.168210983276367 58028.296875 13.347410202026367 9.6925172805786133 -99 33.693843841552734 iz 0 58035.16796875 0.85972398519515991 0.49197077751159668 0.54658573865890503 -0.058652672916650772 0.10607331246137619 24.033674240112305 0.050718706101179123 4.3704885683837347e-06 2.0416149482116452e-07 -0.001770850969478488 -6.7062323694244697e-08 -6.4886562789467916e-09 28 23.526203155517578 0.70627886056900024 0.25517940521240234
SN: 1946322 10 0 C2 3 0 54.696533000000002 -29.998207000000001 0.59097999334335327 0.0010000000474974513 0.59043002128601074 0.0010000000474974513 0.59043002128601074 0.0018795861396938562 0 300 0 0 0.011586371809244156 1 1 -36925 -9 -9 0.5910000205039978 0.0010000000474974513 54.695515 -29.998176999999998 3.1760001182556152 2.250999927520752 -9 11.034999847412109 0.043000001460313797 -9999 -9999 1.3839999437332153 1.246999979019165 -9.6969995498657227 1.2567199468612671 1.1940000057220459 -999 23.459999084472656 21.790000915527344 20.850000381469727 20.379999160766602 0.0099999997764825821 0 0 0 1.3500000238418579 4.4099998474121094 8.1000003814697266 10.960000038146973 27.174165725708008 25.888904571533203 25.228786468505859 24.900474548339844 58125.109375 23.498737335205078 16.490255355834961 11.801576614379883 45.656005859375 riz 0 58130.83984375 0.044328387826681137 0.51378017663955688 0.61119198799133301 -0.0017726690275594592 0.046039827167987823 23.240140914916992 0.041855059564113617 9.0770217866520397e-06 3.4991859365618438e-07 0.0026806946843862534 -1.1329322546771436e-07 -6.4469074523287873e-09 22 24.828401565551758 0.30535104870796204 0.17136196792125702
SN: 1920365 10 1 C2 3 0 53.765621000000003 -28.693724 0.36599999666213989 0.0010000000474974513 0.3654940128326416 0.0010000000474974513 0.3654940128326416 0.0016932402504608035 0 300 0 0 0.0076121604070067406 2 3 -34653 -9 -9 0.36599999666213989 0.0010000000474974513 53.764411000000003 -28.693749 3.8210000991821289 3.4200000762939453 0.91480928659439087 10.569999694824219 0.010999999940395355 -9999 -9999 1.093999981880188 0.23800000548362732 -9.4770002365112305 0.2415056973695755 1.0140000581741333 -999 22.149999618530273 20.950000762939453 20.430000305175781 19.979999542236328 0 0 0 0 1.1699999570846558 4.4499998092651367 4.6999998092651367 6.2300000190734863 27.329534530639648 25.879100799560547 25.819755554199219 25.51378059387207 58108.0625 51.822643280029297 38.505741119384766 37.072319030761719 112.09290313720703 griz 0 58103.8125 0.31168949604034424 0.35752460360527039 0.22439940273761749 -0.026709342375397682 0.018257409334182739 21.901968002319336 0.023545140400528908 3.1132425647228956e-05 6.7513394697016338e-07 0.00084366335067898035 -8.1403712215433188e-08 -7.0050796274756522e-09 39 24.797374725341797 0.96256625652313232 0.14875884354114532
SN: 1921033 10 0 S2 3 0 41.598323999999998 -0.67819600000000002 0.23796999454498291 0.0010000000474974513 0.2370699942111969 0.0010000000474974513 0.23706996440887451 0.0015913468087092042 0 300 0 0 0.028769655153155327 1 1 141585 -9 -9 0.23800000548362732 0.0010000000474974513 41.598418000000002 -0.67820400000000003 0.34000000357627869 0.5350000262260437 -9 8.6129999160766602 0.026000000536441803 -9999 -9999 0.012000000104308128 0.89300000667572021 -8.5729999542236328 0.89742410182952881 0.38600000739097595 -999 23.530000686645508 22.899999618530273 22.760000228881836 22.649999618530273 0.0099999997764825821 0.0099999997764825821 0.0099999997764825821 0.0099999997764825821 8.4200000762939453 15.140000343322754 18.639999389648438 17.620000839233398 25.18671989440918 24.549686431884766 24.323884963989258 24.384984970092773 58102.05859375 70.267463684082031 64.482772827148438 56.308578491210938 200.8121337890625 griz 0 58101.1015625 0.27450829744338989 0.94657915830612183 0.24449627101421356 -0.0098376236855983734 0.016204336658120155 21.062904357910156 0.021538319066166878 6.7427652538754046e-05 1.3375977232499281e-06 0.001190018723718822 -1.6584597517521615e-07 -1.5394611807550973e-08 28 23.988803863525391 0.68212646245956421 0.31722584366798401
SN: 1849244 10 0 X2 3 0 34.769779 -6.1608429999999998 0.57826000452041626 0.0010000000474974513 0.57696598768234253 0.0010000000474974513 0.5769660472869873 0.001868191990070045 0 300 0 0 0.021281113848090172 1 1 -26465 -9 -9 0.57829999923706055 0.0010000000474974513 34.769965999999997 -6.1609850000000002 0.84200000762939453 0.83099997043609619 -9 10.432999610900879 0.012000000104308128 -9999 -9999 0.79199999570846558 0.017000000923871994 -9.6230001449584961 0.025495097041130066 0.50900000333786011 -999 23.069999694824219 22.020000457763672 21.489999771118164 21.170000076293945 0.0099999997764825821 0 0 0 13.159999847412109 34.299999237060547 48.189998626708984 73.139999389648438 24.701860427856445 23.661764144897461 23.292608261108398 22.83961296081543 58026.171875 10.859404563903809 9.2389774322509766 9.1221675872802734 31.031360626220703 riz 0 58025.3828125 0.83558368682861328 1.0957930088043213 0.67971360683441162 0.14120431244373322 0.064211368560791016 23.218965530395508 0.074386000633239746 9.2557893367484212e-06 6.34133016319538e-07 0.010540816932916641 -3.141600188882876e-07 -2.4725434144556857e-08 39 44.333595275878906 0.25683224201202393 0.59578406810760498
SN: 1876263 10 0 E1 3 0 7.079396 -42.552193000000003 0.64762997627258301 0.0010000000474974513 0.64638900756835938 0.0010000000474974513 0.64638900756835938 0.0019272296922281384 0 300 0 0 0.0060145305469632149 1 2 -27395 -9 -9 0.64759999513626099 0.0010000000474974513 7.0796539999999997 -42.552174999999998 0.68699997663497925 0.46000000834465027 -4.2623591423034668 11.371000289916992 0.043999999761581421 -9999 -9999 -0.45100000500679016 9.2250003814697266 -11.800999641418457 9.2253046035766602 1.4229999780654907 -999 23.350000381469727 21.540000915527344 20.479999542236328 20 0.0099999997764825821 0 0 0 9.6899995803833008 56.729999542236328 146.3699951171875 225.22999572753906 25.034191131591797 23.115467071533203 22.086370468139648 21.618434906005859 58076.05078125 10.240312576293945 7.1136932373046875 -99 21.626388549804688 ri 0 58075.00390625 1.1125953197479248 -0.80031061172485352 0.88224363327026367 -0.081801123917102814 0.12289952486753464 23.419471740722656 0.072034098207950592 7.6950473157921806e-06 5.105345053380006e-07 0.026665529236197472 -2.601285018499766e-07 6.8247594242620835e-09 24 28.211786270141602 0.25120842456817627 0.38146492838859558
SN: 1810037 10 0 E1 3 0 7.2206159999999997 -43.254185 0.49761000275611877 0.0010000000474974513 0.49649998545646667 0.0010000000474974513 0.49650001525878906 0.0018006947357207537 0 300 0 0 0.0049223541282117367 2 3 123784 -9 -9 0.49759998917579651 0.0010000000474974513 7.2206890000000001 -43.254223000000003 0.23499999940395355 0.37299999594688416 -3.3969683647155762 9.2659997940063477 0.039000000804662704 -9999 -9999 0.71100002527236938 0.067000001668930054 -8.5629997253417969 0.13395895063877106 0.35899999737739563 -999 24.299999237060547 23.200000762939453 22.829999923706055 22.620000839233398 0.019999999552965164 0.0099999997764825821 0.0099999997764825821 0.0099999997764825821 4.369999885559082 12.800000190734863 18.040000915527344 22.75 25.898796081542969 24.731975555419922 24.359409332275391 24.107545852661133 58007.08984375 11.761384010314941 8.0636386871337891 6.3904633522033691 27.452136993408203 riz 0 58004.1484375 0.61504292488098145 -1.9437805414199829 0.55974298715591431 -0.069146595895290375 0.074510522186756134 23.033796310424805 0.06952337920665741 1.0976948942698073e-05 7.0289132736434112e-07 0.0026388112455606461 -1.9723476896160719e-07 -3.1839750391782218e-08 41 40.719257354736328 0.48298093676567078 0.68770217895507812
SN: 1878719 10 0 S1 3 0 43.562389000000003 0.20257700000000001 0.45853999257087708 0.0010000000474974513 0.45752599835395813 0.0010000000474974513 0.45752596855163574 0.0017683940241113305 0 300 0 0 0.065272115170955658 1 1 131819 -9 -9 0.45849999785423279 0.0010000000474974513 43.562275 0.20275199999999999 0.75199997425079346 0.69499999284744263 -9 10.586000442504883 0.032999999821186066 -9999 -9999 0.80800002813339233 10.807999610900879 -9.7650003433227539 10.808311462402344 1.2929999828338623 -999 23.770000457763672 22 21.329999923706055 20.840000152587891 0.019999999552965164 0 0 0 5.75 30.110000610351562 59.240001678466797 90.419998168945312 25.600830078125 23.80322265625 23.068462371826172 22.609338760375977 58052.2734375 17.747776031494141 10.743374824523926 8.3837690353393555 40.038299560546875 riz 0 58052.45703125 0.5820920467376709 -0.047268051654100418 0.4900413453578949 -0.07927946001291275 0.052404634654521942 22.77183723449707 0.054077774286270142 1.3972207852930296e-05 6.9592033469234593e-07 0.0034578554332256317 -1.775274824922235e-07 -2.4780815621738839e-08 38 53.587284088134766 0.04810672253370285 0.26473414897918701
SN: 1901257 10 0 X3 3 0 36.371245999999999 -4.7484700000000002 0.52100002765655518 0.0010000000474974513 0.51978200674057007 0.0010000000474974513 0.51978206634521484 0.0018201154889538884 0 300 0 0 0.022910811007022858 3 7 -33738 -9 -9 0.52100002765655518 0.0010000000474974513 36.371341999999999 -4.748481 0.34700000286102295 0.25 -3.5928285121917725 11.187999725341797 0.02500000037252903 -9999 -9999 0.42800000309944153 10.428000450134277 -10.781000137329102 10.428184509277344 1.5559999942779541 -999 23.229999542236328 21.290000915527344 20.309999465942383 19.989999771118164 0.0099999997764825821 0 0 0 12.760000228881836 74.550003051757812 159.00999450683594 234.8699951171875 24.735372543334961 22.818881988525391 21.996438980102539 21.572931289672852 58071.09375 10.258488655090332 9.8296871185302734 7.8020586967468262 28.961452484130859 riz 0 58065.21484375 0.62752640247344971 -1.5750283002853394 0.58897805213928223 0.095782116055488586 0.088483065366744995 23.623552322387695 0.10658795386552811 6.3764482547412626e-06 6.2598314798378851e-07 0.025603193789720535 -2.475376561505982e-07 -5.0381050442638298e-08 34 28.862323760986328 0.71752113103866577 0.61446774005889893
SN: 1927254 10 0 C2 3 0 53.746296000000001 -28.379280000000001 0.58149999380111694 0.0010000000474974513 0.58091098070144653 0.0010000000474974513 0.58091092109680176 0.0018715275218710303 0 300 0 0 0.0084726568311452866 1 2 144036 -9 -9 0.58149999380111694 0.0010000000474974513 53.746262999999999 -28.379322999999999 0.18600000441074371 0.25 -5.1490626335144043 10.015999794006348 0.013000000268220901 -9999 -9999 0.41100001335144043 0.017999999225139618 -9.5959997177124023 0.026907248422503471 0.48600000143051147 -999 23.280000686645508 22.340000152587891 21.899999618530273 21.559999465942383 0.0099999997764825821 0.0099999997764825821 0 0 10.340000152587891 27.420000076293945 40.509998321533203 51.740001678466797 24.963699340820312 23.904830932617188 23.481094360351562 23.215435028076172 58093.1796875 11.010332107543945 10.322829246520996 8.3010215759277344 24.962692260742188 riz 0 58104.703125 1.1010295152664185 -0.17404666543006897 0.6881248950958252 0.053031675517559052 0.07630389928817749 23.648103713989258 0.072365313768386841 6.2338845054910053e-06 4.1549412799213314e-07 0.0082974191755056381 -1.5544026155112078e-07 -1.7468831714495536e-08 33 30.320438385009766 0.60120362043380737 0.18604901432991028
SN: 1770206 10 0 E2 3 0 9.6257509999999993 -44.420440999999997 0.58524000644683838 0.0010000000474974513 0.58411401510238647 0.0010000000474974513 0.58411407470703125 0.0018742376705631614 0 300 0 0 0.0065846377983689308 1 2 119696 -9 -9 0.58520001173019409 0.0010000000474974513 9.6256839999999997 -44.420985000000002 1.968000054359436 1.5019999742507935 -2.5037999153137207 11.034999847412109 0.0080000003799796104 -9999 -9999 1.312999963760376 0.16300000250339508 -9.7329998016357422 0.16573774814605713 1.121999979019165 -999 23.329999923706055 21.889999389648438 21.120000839233398 20.709999084472656 0.0099999997764825821 0 0 0 5.5399999618530273 16.979999542236328 31.920000076293945 32.200000762939453 25.641225814819336 24.425155639648438 23.739843368530273 23.73036003112793 57985.2421875 18.037261962890625 15.25736141204834 12.521492004394531 42.065765380859375 riz 0 57984.609375 1.9674224853515625 -0.32646694779396057 0.90130329132080078 -0.00017956086958292872 0.049188032746315002 23.004461288452148 0.04881490021944046 1.1277570592937991e-05 5.0704164777926053e-07 0.0047607235610485077 -1.218016336679284e-07 -1.2746008692943178e-08 35 29.674535751342773 0.72279459238052368 0.10882396250963211
SN: 1895036 10 1 E1 3 0 7.3899489999999997 -43.239986000000002 0.45302000641822815 0.0010000000474974513 0.45194399356842041 0.0010000000474974513 0.45194399356842041 0.0017637899145483971 0 300 0 0 0.0067414124496281147 1 2 134771 -9 -9 0.45300000905990601 0.0010000000474974513 7.3893639999999996 -43.239956999999997 1.5369999408721924 1.3049999475479126 -2.2595183849334717 10.11400032043457 0.014999999664723873 -9999 -9999 0.39899998903274536 0.29800000786781311 -9.7060003280639648 0.30438134074211121 0.77399998903274536 -999 23.600000381469727 22.379999160766602 21.969999313354492 21.600000381469727 0.0099999997764825821 0.0099999997764825821 0.0099999997764825821 0.0099999997764825821 4.1500000953674316 15.880000114440918 19.879999160766602 27.100000381469727 25.954879760742188 24.497873306274414 24.253959655761719 23.917575836181641 58071.02734375 26.61604118347168 20.821310043334961 13.431581497192383 71.678886413574219 riz 0 58073.875 0.45218956470489502 0.79067611694335938 0.37893927097320557 -0.02614167332649231 0.033841401338577271 22.365932464599609 0.035392493009567261 2.0306126316427253e-05 6.6193285874760477e-07 0.001447204384021461 -1.2222977829878801e-07 -1.6134970692860406e-08 35 19.451276779174805 0.98443537950515747 0.27759033441543579
SN: 1878334 10 101 S2 3 0 41.938918999999999 -0.50844599999999995 0.36142000555992126 0.0010000000474974513 0.36043798923492432 0.0010000000474974513 0.36043798923492432 0.0016891601262614131 0 300 0 0 0.031180106103420258 1 2 131946 -9 -9 0.36140000820159912 0.0010000000474974513 41.939245 -0.50852299999999995 1.2070000171661377 1.0829999446868896 -3.0534656047821045 10.538999557495117 0.014999999664723873 -9999 -9999 0.78899997472763062 0.28499999642372131 -9.7320003509521484 0.28868842124938965 1.1189999580383301 -999 22.5 21.219999313354492 20.719999313354492 20.319999694824219 0.0099999997764825821 0 0 0 17.329999923706055 58.630001068115234 96.05999755859375 135.42999267578125 24.403003692626953 23.079700469970703 22.543643951416016 22.170713424682617 58044.3046875 16.120035171508789 14.252316474914551 10.314190864562988 45.628871917724609 griz 0 58040.1796875 0.77259403467178345 0.12121123075485229 0.47166413068771362 0.26887449622154236 0.036026298999786377 22.634021759033203 0.047427050769329071 1.5863222870393656e-05 6.9293616888899123e-07 0.0055295638740062714 -1.2713846331280365e-07 -2.0564302261050216e-08 43 48.971035003662109 0.24590069055557251 0.89715856313705444
SN: 1833339 10 1 C1 3 0 54.653015000000003 -27.661984 0.13091999292373657 0.0010000000474974513 0.13051100075244904 0.0010000000474974513 0.13051104545593262 0.0015098877483978868 0 300 0 0 0.0093127097934484482 1 1 -26406 -9 -9 0.13089999556541443 0.0010000000474974513 54.652912000000001 -27.662127999999999 0.61299997568130493 0.24899999797344208 -9 10.680999755859375 0.008999999612569809 -9999 -9999 1.2649999856948853 0.3919999897480011 -9.4130001068115234 0.39307123422622681 0.9779999852180481 -999 20.319999694824219 19.340000152587891 18.879999160766602 18.590000152587891 0 0 0 0 192.13999938964844 446.60000610351562 624.4000244140625 852.739990234375 21.79095458984375 20.875202178955078 20.511343002319336 20.172958374023438 58019.20703125 113.08293914794922 98.359611511230469 61.039508819580078 250.26840209960938 gri 0 58022.6171875 0.20671969652175903 -1.1333675384521484 0.1246287077665329 0.00397913483902812 0.021957520395517349 19.689769744873047 0.029892418533563614 0.00023883192625362426 6.5755052673921455e-06 0.00079997169086709619 -4.2308488445996772e-07 -1.1283971446118812e-07 33 35.879402160644531 0.33497515320777893 0.37802192568778992
SN: 1904352 10 0 C1 3 0 55.094036000000003 -27.367657000000001 0.64395999908447266 0.0010000000474974513 0.6433749794960022 0.0010000000474974513 0.64337491989135742 0.0019246520241722465 0 300 0 0 0.012395447120070457 1 2 119280 -9 -9 0.64399999380111694 0.0010000000474974513 55.094095000000003 -27.367584999999998 0.32100000977516174 0.32300001382827759 -4.0275020599365234 9.9820003509521484 0.041000001132488251 -9999 -9999 0.24799999594688416 0.057000000029802322 -9.7329998016357422 0.13920488953590393 0.58399999141693115 -999 24.469999313354492 23.459999084472656 22.979999542236328 22.729999542236328 0.019999999552965164 0.0099999997764825821 0.0099999997764825821 0.0099999997764825821 3.5299999713897705 9.2299995422363281 14.270000457763672 17.680000305175781 26.130563735961914 25.086996078491211 24.613941192626953 24.381294250488281 58079.13671875 6.7091341018676758 6.1988472938537598 4.8063201904296875 18.545225143432617 riz 0 58081.13671875 1.0351049900054932 -1.4843573570251465 0.80812805891036987 0.00078525621211156249 0.093503847718238831 23.683048248291016 0.085641838610172272 6.0364341152308043e-06 4.7614818754482258e-07 0.0080149276182055473 -2.3309070229515783e-07 -1.5907207995269346e-08 37 18.012832641601562 0.99635922908782959 0.49479272961616516
SN: 1833468 10 0 X3 3 0 36.869011 -4.9708019999999999 0.78516000509262085 0.0010000000474974513 0.78374701738357544 0.0010000000474974513 0.78374695777893066 0.0020459715742617846 0 300 0 0 0.024314658716320992 1 1 -26536 -9 -9 0.78519999980926514 0.0010000000474974513 36.868918999999998 -4.9707090000000003 0.4699999988079071 0.48100000619888306 -9 11.284000396728516 0.0030000000260770321 -9999 -9999 -0.77499997615814209 0.9089999794960022 -12.034000396728516 0.91011315584182739 1.3830000162124634 -999 24.170000076293945 22.209999084472656 20.829999923706055 20.420000076293945 0.0099999997764825821 0 0 0 5.0399999618530273 30.370000839233398 98.790000915527344 150.47000122070312 25.743923187255859 23.793888092041016 22.513217926025391 22.056375503540039 58015.265625 12.193545341491699 8.821558952331543 -99 24.881668090820312 iz 0 58016.53125 1.1621477603912354 -0.28001239895820618 0.6928718090057373 -0.19512088596820831 0.14009244740009308 23.944032669067383 0.072206780314445496 4.7466492105741054e-06 3.1567543601340731e-07 -0.0059181805700063705 -9.7665569853688794e-08 -2.4236181062065043e-08 30 17.874370574951172 0.96053260564804077 0.65706604719161987
SN: 1773339 10 0 E2 3 0 8.747007 -44.425732000000004 0.28508999943733215 0.0010000000474974513 0.28417098522186279 0.0010000000474974513 0.28417098522186279 0.0016282801516354084 0 300 0 0 0.0083011947572231293 1 2 -29374 -9 -9 0.28510001301765442 0.0010000000474974513 8.7471990000000002 -44.425364999999999 1.4099999666213989 1.2170000076293945 -2.5328218936920166 10.26200008392334 0.0060000000521540642 -9999 -9999 0.87000000476837158 0.12700000405311584 -9.380000114440918 0.13147242367267609 0.95200002193450928 -999 22.139999389648438 21.170000076293945 20.709999084472656 20.450000762939453 0 0 0 0 15.840000152587891 46.279998779296875 52.310001373291016 73.269996643066406 24.500612258911133 23.336517333984375 23.203536987304688 22.837684631347656 57990.25 12.186955451965332 11.287354469299316 9.803318977355957 29.951509475708008 griz 0 57994.43359375 0.59053826332092285 -2.1780097484588623 0.69286811351776123 0.15428583323955536 0.050679638981819153 23.336009979248047 0.062914654612541199 8.3099112089257687e-06 4.815306056116242e-07 0.0097574293613433838 -1.3777680862858688e-07 -1.5796887353758393e-08 47 28.161762237548828 0.98666805028915405 0.88970267772674561
SN: 1919042 10 0 E2 3 0 10.683892999999999 -44.227409000000002 0.34909000992774963 0.0010000000474974513 0.34813600778579712 0.0010000000474974513 0.34813594818115234 0.0016792546957731247 0 300 0 0 0.0054167211055755615 1 3 -31998 -9 -9 0.34909999370574951 0.0010000000474974513 10.683286000000001 -44.227904000000002 2.371999979019165 3.2929999828338623 -0.58377301692962646 9.9479999542236328 0.012000000104308128 -9999 -9999 0.33899998664855957 0.0099999997764825821 -9.6520004272460938 0.13337540626525879 0.50300002098083496 -999 22.450000762939453 21.549999237060547 21.190000534057617 20.850000381469727 0.0099999997764825821 0 0 0 2.1700000762939453 5.2800002098083496 6.8499999046325684 7.7199997901916504 26.658849716186523 25.693414688110352 25.410774230957031 25.280956268310547 58099.1484375 41.300247192382812 30.828611373901367 30.656761169433594 92.145034790039062 griz 0 58101.8671875 0.27086946368217468 0.11044119298458099 0.32375156879425049 0.029491990804672241 0.02210540696978569 21.917943954467773 0.028224056586623192 3.0677700124215335e-05 7.9747655945539009e-07 0.0030327662825584412 -1.6891297605070577e-07 -1.2057397746900733e-08 24 14.690329551696777 0.92949336767196655 0.10497354716062546
SN: 1876204 10 101 C3 3 0 52.900402 -27.945885000000001 0.510670006275177 0.0010000000474974513 0.51008099317550659 0.0010000000474974513 0.51008105278015137 0.0018120122840628028 0 300 0 0 0.0072058048099279404 2 2 130727 -9 -9 0.51069998741149902 0.0010000000474974513 52.900523 -27.945872999999999 0.38600000739097595 0.53899997472763062 -2.9794988632202148 9.7700004577636719 0.078000001609325409 -9999 -9999 0.24899999797344208 0.029999999329447746 -9.6520004272460938 0.062649823725223541 0.52700001001358032 -999 23.229999542236328 22.239999771118164 21.879999160766602 21.579999923706055 0 0 0 0 11.369999885559082 30.590000152587891 43.450000762939453 51.069999694824219 24.860599517822266 23.786050796508789 23.405025482177734 23.229585647583008 58045.28515625 47.405693054199219 24.264928817749023 22.836252212524414 104.76648712158203 riz 0 58045.4296875 0.39138466119766235 0.48803636431694031 0.32122340798377991 0.033145774155855179 0.025826092809438705 23.012121200561523 0.027330605313181877 1.119828721130034e-05 2.818879636379279e-07 0.00049927947111427784 -4.7450264162307576e-08 -4.4882249028432852e-09 30 24.974653244018555 0.72626274824142456 0.19665077328681946
SN: 1923155 10 101 C3 3 0 51.865668999999997 -28.515791 0.39256998896598816 0.0010000000474974513 0.39200800657272339 0.0010000000474974513 0.39200806617736816 0.0017147223697975278 0 300 0 0 0.0076735122129321098 1 2 -32460 -9 -9 0.39259999990463257 0.0010000000474974513 51.865752999999998 -28.515874 0.39899998903274536 0.46900001168251038 -3.5974147319793701 9.444000244140625 0.013000000268220901 -9999 -9999 0.85699999332427979 0.10100000351667404 -8.5930004119873047 0.10756393522024155 0.41100001335144043 -999 23.510000228881836 22.559999465942383 22.280000686645508 21.969999313354492 0.0099999997764825821 0 0 0 9.9200000762939453 23.540000915527344 30.969999313354492 38.049999237060547 25.008720397949219 24.070484161376953 23.772647857666016 23.549114227294922 58117.14453125 62.787834167480469 55.535930633544922 25.754650115966797 141.54571533203125 riz 0 58109.421875 0.22400021553039551 0.75498098134994507 0.22982731461524963 0.19774524867534637 0.026636037975549698 22.901189804077148 0.03261992335319519 1.2402934771671426e-05 3.7263450280988764e-07 0.0017878495855256915 -5.0073797552840915e-08 -8.2217406216500422e-09 26 17.644790649414062 0.88831204175949097 0.7055584192276001
SN: 1817269 10 0 C3 3 0 52.228951000000002 -28.005026000000001 0.53070002794265747 0.0010000000474974513 0.5300859808921814 0.0010000000474974513 0.53008604049682617 0.0018287394195795059 0 300 0 0 0.0072534116916358471 1 1 124760 -9 -9 0.53070002794265747 0.0010000000474974513 52.229002000000001 -28.005040999999999 0.17100000381469727 0.21699999272823334 -9 9.5930004119873047 0.059000000357627869 -9999 -9999 0.18199999630451202 0.027000000700354576 -9.5670003890991211 0.038183767348527908 0.46799999475479126 -999 23.540000915527344 22.590000152587891 22.25 22.030000686645508 0.0099999997764825821 0 0 0 8.6700000762939453 21.190000534057617 29.25 32.75 25.154953002929688 24.184673309326172 23.834686279296875 23.711971282958984 58021.203125 47.017318725585938 40.694301605224609 30.283334732055664 106.24411010742188 riz 0 58020.5859375 0.30833730101585388 0.34025678038597107 0.22704252600669861 0.0084073645994067192 0.025396088138222694 23.032739639282227 0.028588088229298592 1.0987637324433308e-05 2.8931111728525138e-07 0.00059601129032671452 -3.6966529393112069e-08 -4.8059245472131806e-09 38 52.334747314453125 0.060791991651058197 0.11682991683483124
SN: 1894320 10 0 C2 3 0 53.220326 -29.139047999999999 0.71944999694824219 0.0010000000474974513 0.71880298852920532 0.0010000000474974513 0.71880292892456055 0.0019895292352885008 0 300 0 0 0.0070951362140476704 1 1 134474 -9 -9 0.71939998865127563 0.0010000000474974513 53.220441000000001 -29.139113999999999 0.43200001120567322 0.46299999952316284 -9 10.930999755859375 0.026000000536441803 -9999 -9999 -6.2859997749328613 3.7139999866485596 -17.219999313354492 3.7166001796722412 1.2860000133514404 -999 24.129999160766602 22.430000305175781 21.399999618530273 20.899999618530273 0.019999999552965164 0.0099999997764825821 0 0 4.6500000953674316 25.280000686645508 68.800003051757812 98.730003356933594 25.831367492675781 23.993057250976562 22.906028747558594 22.513877868652344 58071.296875 7.7991647720336914 6.5042967796325684 4.2219233512878418 20.480442047119141 riz 0 58066.8203125 0.96251016855239868 -1.4786525964736938 0.89190924167633057 -0.060646992176771164 0.08767719566822052 23.732948303222656 0.081682763993740082 5.7652878240332939e-06 4.3373762537157745e-07 0.025222338736057281 -2.6899613203568151e-07 -8.1239663884957736e-09 47 46.692901611328125 0.4851931631565094 0.5327308177947998
SN: 1910132 10 0 X3 3 0 37.114604999999997 -4.3553360000000003 0.26370999217033386 0.0010000000474974513 0.26271098852157593 0.0010000000474974513 0.2627110481262207 0.0016113867750391364 0 300 0 0 0.022520562633872032 1 1 -36128 -9 -9 0.26370000839233398 0.0010000000474974513 37.114783000000003 -4.355264 0.68800002336502075 0.33500000834465027 -9 11.098999977111816 0.16200000047683716 -9999 -9999 0.15800000727176666 0.22499999403953552 -11.076999664306641 0.23115795850753784 1.4839999675750732 -999 21.25 19.510000228881836 19.030000686645508 18.850000381469727 0 0 0 0 70.620002746582031 299.75 471.8900146484375 616.75 22.877681732177734 21.308101654052734 20.815399169921875 20.524726867675781 58086.109375 55.854194641113281 53.531806945800781 46.547931671142578 169.7825927734375 gri 0 58087.91015625 0.1890605241060257 -0.56954342126846313 0.15739277005195618 -0.064397402107715607 0.019054792821407318 21.082469940185547 0.023335432633757591 6.6223503381479532e-05 1.4233237379812635e-06 0.00069564022123813629 -1.2483558009535045e-07 -1.7845424693518908e-08 28 47.297924041748047 0.012738879770040512 0.28656628727912903
SN: 1900865 10 0 C3 3 0 52.213634999999996 -28.306494000000001 0.45462998747825623 0.0010000000474974513 0.45404899120330811 0.0010000000474974513 0.45404899120330811 0.0017655255505815148 0 300 0 0 0.0073544667102396488 1 1 137014 -9 -9 0.4546000063419342 0.0010000000474974513 52.213999000000001 -28.3063 1.3480000495910645 1.0740000009536743 -9 10.854000091552734 0.0060000000521540642 -9999 -9999 1.3059999942779541 0.289000004529953 -9.5369997024536133 0.29087796807289124 1.0809999704360962 -999 22.680000305175781 21.299999237060547 20.739999771118164 20.270000457763672 0 0 0 0 18.75 62.919998168945312 101.43000030517578 129.8699951171875 24.317497253417969 23.003028869628906 22.484584808349609 22.216228485107422 58076.28125 37.310031890869141 19.49522590637207 17.019710540771484 86.899955749511719 riz 0 58079.7578125 0.34062081575393677 -1.2766566276550293 0.24918562173843384 0.095636792480945587 0.034690305590629578 23.045999526977539 0.037941504269838333 1.0854253559955396e-05 3.7930641383354669e-07 0.0011774369049817324 -4.2661891797024509e-08 -9.964589153810266e-09 34 20.046607971191406 0.97244918346405029 0.53171545267105103
SN: 1847216 10 0 X2 3 0 36.167895999999999 -6.8941929999999996 0.48023000359535217 0.0010000000474974513 0.47905299067497253 0.0010000000474974513 0.47905302047729492 0.0017862019594758749 0 300 0 0 0.026725107803940773 1 1 130064 -9 -9 0.48019999265670776 0.0010000000474974513 36.168038000000003 -6.89419 0.50900000333786011 0.6029999852180481 -9 10.472000122070312 0.023000000044703484 -9999 -9999 0.48600000143051147 0.49799999594688416 -9.9829998016357422 0.5039176344871521 1.0740000009536743 -999 23.360000610351562 21.920000076293945 21.329999923706055 20.909999847412109 0.0099999997764825821 0 0 0 8.7899999618530273 38.729999542236328 65.300003051757812 96.180000305175781 25.14002799987793 23.529880523681641 22.962717056274414 22.542287826538086 58026.1640625 17.381416320800781 10.775823593139648 8.3088865280151367 34.367313385009766 riz 0 58023.7578125 0.63064116239547729 -0.32758760452270508 0.5299454927444458 -0.037771958857774734 0.059271208941936493 22.875755310058594 0.063217110931873322 1.2696912563114893e-05 7.3927913035731763e-07 0.0023859310895204544 -2.2633095397850411e-07 -2.6953172138632908e-08 37 42.589668273925781 0.24310632050037384 0.16666190326213837
SN: 1934253 10 101 C3 3 0 52.328941 -28.770074999999999 0.53799998760223389 0.0010000000474974513 0.53739398717880249 0.0010000000474974513 0.53739404678344727 0.0018348664743825793 0 300 0 0 0.0091393878683447838 1 2 146134 -9 -9 0.53799998760223389 0.0010000000474974513 52.328809999999997 -28.770035 0.43700000643730164 0.77600002288818359 -3.4087960720062256 8.4879999160766602 0.028999999165534973 -9999 -9999 -0.47900000214576721 0.12399999797344208 -9.1960000991821289 0.50932502746582031 0.11699999868869781 -999 25.200000762939453 24.5 24.149999618530273 24.129999160766602 0.029999999329447746 0.019999999552965164 0.019999999552965164 0.029999999329447746 1.8400000333786011 3.5199999809265137 5.0199999809265137 4.7100000381469727 26.837955474853516 26.133644104003906 25.748241424560547 25.817447662353516 58124.09765625 79.585807800292969 53.186222076416016 42.47705078125 140.04814147949219 riz 0 58122.88671875 0.31858605146408081 0.32354390621185303 0.23920994997024536 0.0088703380897641182 0.026785159483551979 23.059490203857422 0.027679804712533951 1.0720228601712734e-05 2.7330196417096886e-07 0.0017564155859872699 -3.7520837992133238e-08 -5.3373843122983544e-09 20 23.180482864379883 0.280019611120224 0.11182771623134613
SN: 1849109 10 0 X2 3 0 35.525955000000003 -5.6789540000000001 0.62529999017715454 0.0010000000474974513 0.62398302555084229 0.0010000000474974513 0.62398302555084229 0.0019080988131463528 0 300 0 0 0.021681530401110649 1 1 127042 -9 -9 0.62529999017715454 0.0010000000474974513 35.525979 -5.6789129999999997 0.17000000178813934 0.23600000143051147 -9 10.218999862670898 0.024000000208616257 -9999 -9999 -0.73900002241134644 2.502000093460083 -10.956000328063965 2.507110595703125 1.2079999446868896 -999 24.709999084472656 23.049999237060547 22.209999084472656 21.889999389648438 0.039999999105930328 0.0099999997764825821 0.0099999997764825821 0.0099999997764825821 2.7400000095367432 12.689999580383301 28.219999313354492 38.150001525878906 26.405624389648438 24.74134635925293 23.873607635498047 23.5462646484375 58019.18359375 13.450414657592773 12.641328811645508 8.5295886993408203 34.025970458984375 riz 0 58020.9765625 0.70417070388793945 0.29369246959686279 0.60542654991149902 0.0015160905895754695 0.056731726974248886 23.077850341796875 0.060784406960010529 1.0540471521380823e-05 5.9010312725149561e-07 0.0079043405130505562 -2.6502851824261597e-07 -1.6370876210203278e-08 46 54.303726196289062 0.1875125914812088 0.098027847707271576
SN: 1933035 10 0 E1 3 0 8.8570879999999992 -42.933726999999998 0.34204000234603882 0.0010000000474974513 0.34104999899864197 0.0010000000474974513 0.34105002880096436 0.0016735638491809368 0 300 0 0 0.0070429118350148201 1 2 145480 -9 -9 0.34200000762939453 0.0010000000474974513 8.8571629999999999 -42.933697000000002 0.22499999403953552 0.2669999897480011 -4.4934701919555664 10.637999534606934 0.043999999761581421 -9999 -9999 -3.9800000190734863 6.0199999809265137 -14.62399959564209 6.0203509330749512 1.6289999485015869 -999 22.440000534057617 20.739999771118164 20.100000381469727 19.739999771118164 0 0 0 0 23.440000534057617 116.59999847412109 212.52000427246094 280.57998657226562 24.075105667114258 22.333253860473633 21.681499481201172 21.379858016967773 58117.046875 12.920193672180176 10.29926586151123 7.6432795524597168 28.219329833984375 griz 0 58117.98828125 0.71524214744567871 -0.79550492763519287 0.8488694429397583 0.15467375516891479 0.067145407199859619 22.759096145629883 0.088438957929611206 1.4137137441139203e-05 1.1515446658449946e-06 0.031609635800123215 -7.1754664077161578e-07 -6.8196285951671598e-08 16 15.281001091003418 0.50416183471679688 0.5797724723815918
SN: 1904182 10 0 X3 3 0 36.854843000000002 -3.8997459999999999 0.76797997951507568 0.0010000000474974513 0.76657301187515259 0.0010000000474974513 0.76657295227050781 0.0020309961400926113 0 300 0 0 0.02496657706797123 1 2 130599 -9 -9 0.76800000667572021 0.0010000000474974513 36.854832000000002 -3.8997220000000001 0.096000000834465027 0.075000002980232239 -6.7130069732666016 10.781000137329102 0.048000000417232513 -9999 -9999 -2.3190000057220459 6.2399997711181641 -13.095000267028809 6.2425956726074219 1.2100000381469727 -999 25.430000305175781 23.389999389648438 22.190000534057617 21.729999542236328 0.039999999105930328 0.0099999997764825821 0 0 1.8300000429153442 11.079999923706055 31.370000839233398 47.459999084472656 26.8438720703125 24.888650894165039 23.758712768554688 23.309181213378906 58071.1171875 13.266397476196289 12.284004211425781 10.913830757141113 33.465194702148438 riz 0 58073.71875 0.79193544387817383 -1.6206589937210083 0.50552475452423096 -0.033101323992013931 0.067726947367191315 23.956605911254883 0.049308374524116516 4.6919922169763595e-06 2.1308538578068692e-07 0.005568597000092268 -6.4705950819643476e-08 -2.9528284262170246e-09 37 51.022850036621094 0.062296025454998016 0.55137258768081665
SN: 1773078 10 1 E2 3 0 9.7897200000000009 -43.244484 0.272350013256073 0.0010000000474974513 0.27142399549484253 0.0010000000474974513 0.2714240550994873 0.0016182325780391693 0 300 0 0 0.0076115531846880913 1 2 119711 -9 -9 0.27239999175071716 0.0010000000474974513 9.7903149999999997 -43.243979000000003 2.3959999084472656 1.8930000066757202 -1.8986773490905762 9.7600002288818359 0.017000000923871994 -9999 -9999 1.4650000333786011 0.0030000000260770321 -8.300999641418457 0.045099887996912003 0.40700000524520874 -999 21.870000839233398 21.340000152587891 21.030000686645508 20.819999694824219 0 0 0 0 9.3400001525878906 12.689999580383301 19.659999847412109 18.450000762939453 25.074132919311523 24.74134635925293 24.266040802001953 24.33500862121582 57985.2421875 94.046173095703125 89.642112731933594 64.451278686523438 238.58253479003906 griz 0 57987.94921875 0.31739962100982666 1.1652114391326904 0.22413960099220276 -0.04221373051404953 0.01480180025100708 21.012723922729492 0.017610698938369751 7.0617250457871705e-05 1.1454155810497468e-06 0.00084014853928238153 -1.0844331654880079e-07 -1.1072026850911243e-08 43 21.482425689697266 0.99751824140548706 0.41310712695121765
SN: 1936293 10 0 C3 3 0 52.393990000000002 -28.687922 0.83240002393722534 0.0010000000474974513 0.83167898654937744 0.0010000000474974513 0.83167898654937744 0.0020879476796835661 0 300 0 0 0.0093880230560898781 1 1 146103 -9 -9 0.83240002393722534 0.0010000000474974513 52.393915999999997 -28.687963 0.27500000596046448 0.34200000762939453 -9 10.770000457763672 0.017999999225139618 -9999 -9999 0.40400001406669617 0.88200002908706665 -10.380999565124512 0.88765084743499756 1.3789999485015869 -999 25.569999694824219 23.770000457763672 22.510000228881836 21.870000839233398 0.039999999105930328 0.0099999997764825821 0 0 1.2899999618530273 7.130000114440918 23.190000534057617 39.069999694824219 27.223526000976562 25.367275238037109 24.086748123168945 23.520391464233398 58117.14453125 19.217620849609375 14.417290687561035 10.986085891723633 36.204299926757812 riz 0 58123.6953125 0.94549351930618286 -1.3252222537994385 0.62699347734451294 -0.068633086979389191 0.054163835942745209 24.465923309326172 0.047681543976068497 2.9351540433708578e-06 1.2890117773167731e-07 0.011044791899621487 -5.0406054441509696e-08 -3.30973165540982e-11 22 26.971799850463867 0.21229951083660126 0.49746736884117126
SN: 1919017 10 0 E1 3 0 8.8036139999999996 -42.932845999999998 0.21939000487327576 0.0010000000474974513 0.21849000453948975 0.0010000000474974513 0.21849000453948975 0.0015769272577017546 0 300 0 0 0.0081555768847465515 1 2 141109 -9 -9 0.21940000355243683 0.0010000000474974513 8.8037910000000004 -42.932887999999998 0.49000000953674316 0.51499998569488525 -3.9279427528381348 10.543999671936035 0.10400000214576721 -9999 -9999 -0.75099998712539673 9.2489995956420898 -11.156999588012695 9.2489995956420898 1.590999960899353 -999 21.319999694824219 19.940000534057617 19.420000076293945 19.079999923706055 0 0 0 0 65.510002136230469 235.71000671386719 380.8699951171875 485.80999755859375 22.959230422973633 21.569053649902344 21.048057556152344 20.783834457397461 58093.12109375 30.010967254638672 23.883203506469727 18.284662246704102 67.358955383300781 griz 0 58095.265625 0.30658125877380371 -1.8689402341842651 0.30285415053367615 0.21630859375 0.031829081475734711 21.6966552734375 0.044014591723680496 3.7613022868754342e-05 1.5247919691319112e-06 0.002912171883508563 -2.3000256987870671e-07 -3.8374128763507542e-08 32 29.365016937255859 0.60057532787322998 0.95288318395614624
SN: 1342580 10 0 X3 3 0 36.688201999999997 -3.9741469999999999 0.8762199878692627 0.0010000000474974513 0.87472200393676758 0.0010000000474974513 0.87472200393676758 0.0021258583292365074 0 300 0 0 0.024914080277085304 1 3 43817 -9 -9 0.87620002031326294 0.0010000000474974513 36.688402000000004 -3.9742320000000002 0.78100001811981201 0.76700001955032349 -3.2029707431793213 10.984999656677246 0.05000000074505806 -9999 -9999 -0.40599998831748962 6.6269998550415039 -11.371000289916992 6.6289796829223633 1.4559999704360962 -999 25.850000381469727 23.709999084472656 22.399999618530273 21.670000076293945 0.079999998211860657 0.0099999997764825821 0.0099999997764825821 0 0.99000000953674316 7.9699997901916504 24.700000762939453 48.209999084472656 27.5 25.246353149414062 24.018257141113281 23.292156219482422 57387.046875 15.494816780090332 12.221329689025879 -99 31.847475051879883 iz 0 57384.91796875 0.9101906418800354 -0.95460450649261475 0.78614205121994019 0.080511569976806641 0.11682312935590744 24.024496078491211 0.05382968857884407 4.4075954974687193e-06 2.1852407883216074e-07 0.0079648476094007492 -1.0515051229731398e-07 -8.0829591908582188e-09 7 3.7179453372955322 0.81163078546524048 0.41626396775245667
SN: 1341426 10 0 E2 3 0 9.3808900000000008 -44.346477999999998 0.55431997776031494 0.0010000000474974513 0.55321198701858521 0.0010000000474974513 0.55321192741394043 0.0018481577280908823 0 300 0 0 0.0062008872628211975 1 1 43537 -9 -9 0.55430001020431519 0.0010000000474974513 9.3810680000000009 -44.346722999999997 0.99400001764297485 1.0880000591278076 -9 9.6590003967285156 0.016000000759959221 -9999 -9999 1.2059999704360962 0.86799997091293335 -8.4600000381469727 0.86896777153015137 0.29600000381469727 -999 23.860000610351562 22.870000839233398 22.479999542236328 22.319999694824219 0.019999999552965164 0.0099999997764825821 0.0099999997764825821 0.0099999997764825821 6.7699999809265137 17.170000076293945 25.040000915527344 27.340000152587891 25.423528671264648 24.413074493408203 24.003414154052734 23.908004760742188 57385.09375 14.368136405944824 10.517703056335449 8.3366031646728516 33.557601928710938 riz 0 57381.13671875 0.83247232437133789 0.58919024467468262 0.7253490686416626 -0.0063453824259340763 0.065645605325698853 23.120513916015625 0.065474845468997955 1.0134313015441876e-05 6.111453103585518e-07 0.01666317880153656 -3.1669210898144229e-07 -2.4414230637148648e-08 14 16.289205551147461 0.29603374004364014 0.19753243029117584
SN: 1331976 10 0 X3 3 0 36.830399 -5.1877199999999997 0.5606200098991394 0.0010000000474974513 0.55938500165939331 0.0010000000474974513 0.55938506126403809 0.0018533557886257768 0 300 0 0 0.023253785446286201 1 2 -14221 -9 -9 0.56059998273849487 0.0010000000474974513 36.830449999999999 -5.1875929999999997 0.49200001358985901 0.67500001192092896 -2.9820258617401123 8.9750003814697266 0.018999999389052391 -9999 -9999 0.96700000762939453 1.1109999418258667 -8.0059995651245117 1.129936695098877 0.16200000047683716 -999 24.649999618530273 23.899999618530273 23.510000228881836 23.450000762939453 0.019999999552965164 0.0099999997764825821 0.019999999552965164 0.019999999552965164 2.7100000381469727 6.0799999237060547 8.3500003814697266 8.6800003051757812 26.417575836181641 25.540241241455078 25.195783615112305 25.153701782226562 57327.18359375 11.722485542297363 6.3095030784606934 5.3279585838317871 29.309993743896484 riz 0 57324.74609375 0.74679279327392578 -1.2428432703018188 0.59104490280151367 -0.076252877712249756 0.064077287912368774 24.104736328125 0.063722409307956696 4.0936015466286335e-06 2.402555594471778e-07 0.00086814328096807003 -7.7427280587016867e-08 -8.4614804052307591e-09 35 25.751964569091797 0.87274855375289917 0.48603948950767517
SN: 1314317 10 0 X3 3 0 36.596671999999998 -5.312144 0.78807002305984497 0.0010000000474974513 0.78664898872375488 0.0010000000474974513 0.78664898872375488 0.0020485054701566696 0 300 0 0 0.023300524801015854 1 3 18257 -9 -9 0.78810000419616699 0.0010000000474974513 36.597023 -5.3121590000000003 1.2599999904632568 1.1390000581741333 -2.20772385597229 11.25100040435791 0.0020000000949949026 -9999 -9999 -2.0980000495910645 7.9019999504089355 -13.329000473022461 7.9020395278930664 1.5559999942779541 -999 24.75 22.780000686645508 21.370000839233398 20.75 0.029999999329447746 0 0 0 1.3600000143051147 12.579999923706055 48.419998168945312 66.870002746582031 27.166152954101562 24.750797271728516 23.287437438964844 22.936922073364258 57283.1875 11.973806381225586 11.790312767028809 9.1479759216308594 29.043317794799805 riz 0 57281.875 1.0354006290435791 -2.930070161819458 0.73908019065856934 -0.10750705748796463 0.070356547832489014 24.017072677612305 0.057114187628030777 4.4378343773132656e-06 2.334483326649206e-07 0.0024597563315182924 -8.1481985603204521e-08 -5.4423212603182947e-09 41 22.519992828369141 0.99157631397247314 1.040357232093811
SN: 1337838 10 1 X2 3 0 35.496009999999998 -6.4981960000000001 0.31299999356269836 0.0010000000474974513 0.31194001436233521 0.0010000000474974513 0.31193995475769043 0.0016502980142831802 0 300 0 0 0.023159092292189598 1 2 42536 -9 -9 0.31299999356269836 0.0010000000474974513 35.496121000000002 -6.4981450000000001 0.43799999356269836 1.0859999656677246 -3.017371654510498 7.9689998626708984 0.19799999892711639 -9999 -9999 -0.96799999475479126 9.0319995880126953 -9.0100002288818359 9.0650177001953125 0.45899999141693115 -999 26.090000152587891 25.409999847412109 24.979999542236328 24.969999313354492 0.14000000059604645 0.090000003576278687 0.079999998211860657 0.12999999523162842 1.1100000143051147 1.5499999523162842 2.1700000762939453 2.559999942779541 27.386692047119141 27.024169921875 26.658849716186523 26.479400634765625 57366.0546875 70.365592956542969 67.323638916015625 44.378627777099609 175.92825317382812 griz 0 57364.8046875 0.2174333930015564 1.0516321659088135 0.22542457282543182 -0.033196482807397842 0.017113644629716873 21.474023818969727 0.021946161985397339 4.6173288865247741e-05 9.333081720797054e-07 0.0010671585332602262 -1.2705005758562038e-07 -1.0045543064052254e-08 27 20.205642700195312 0.82201629877090454 0.36759442090988159
SN: 1281691 10 0 E2 3 0 9.7907910000000005 -43.715645000000002 0.57934999465942383 0.0010000000474974513 0.57821297645568848 0.0010000000474974513 0.57821297645568848 0.0018692460143938661 0 300 0 0 0.0062447120435535908 1 2 9258 -9 -9 0.57929998636245728 0.0010000000474974513 9.7908030000000004 -43.715685000000001 0.14800000190734863 0.2669999897480011 -4.731877326965332 10.060000419616699 0.020999999716877937 -9999 -9999 0.027000000700354576 5.0359997749328613 -10.064999580383301 5.0375509262084961 1.3559999465942383 -999 25.209999084472656 23.590000152587891 22.780000686645508 22.360000610351562 0.05000000074505806 0.019999999552965164 0.0099999997764825821 0.0099999997764825821 1.6100000143051147 7.630000114440918 15.609999656677246 22.920000076293945 26.982934951782227 25.29368782043457 24.51649284362793 24.099464416503906 57257.23046875 11.350701332092285 10.765193939208984 7.7140040397644043 30.179937362670898 riz 0 57263.48046875 0.83520233631134033 0.67285150289535522 0.96920633316040039 0.1505073606967926 0.071311146020889282 23.484674453735352 0.088817432522773743 7.2465272751287557e-06 5.927940378569474e-07 0.030821727588772774 -4.6943270604060672e-07 -2.9278023561118971e-08 48 43.048198699951172 0.67551285028457642 0.54954278469085693
SN: 1281886 10 1 S2 3 0 41.725181999999997 -1.009943 0.38493001461029053 0.0010000000474974513 0.38392698764801025 0.0010000000474974513 0.38392698764801025 0.0017081599216908216 0 300 0 0 0.028678370639681816 1 2 13736 -9 -9 0.38490000367164612 0.0010000000474974513 41.725133 -1.0099389999999999 0.17800000309944153 0.29800000786781311 -4.8693385124206543 9.4099998474121094 0.020999999716877937 -9999 -9999 0.16699999570846558 0.50499999523162842 -9.2360000610351562 0.50700098276138306 0.82700002193450928 -999 24.139999389648438 22.979999542236328 22.639999389648438 22.340000152587891 0.019999999552965164 0.0099999997764825821 0.0099999997764825821 0.0099999997764825821 4.5199999809265137 14.189999580383301 19.360000610351562 25.770000457763672 25.862154006958008 24.620044708251953 24.282735824584961 23.972213745117188 57265.2890625 25.236495971679688 20.100101470947266 12.418859481811523 58.245864868164062 riz 0 57268.23828125 0.40776276588439941 1.1813492774963379 0.35980921983718872 -0.0016669329488649964 0.041992664337158203 22.043495178222656 0.054697956889867783 2.7327647330821492e-05 1.3767307791567873e-06 0.0036317368503659964 -2.9161924430809449e-07 -4.7420197546443887e-08 47 49.86688232421875 0.36003011465072632 0.39382228255271912
SN: 1341556 10 0 X2 3 0 35.919296000000003 -6.9837309999999997 0.71720999479293823 0.0010000000474974513 0.71583902835845947 0.0010000000474974513 0.71583902835845947 0.0019869657699018717 0 300 0 0 0.022955169901251793 1 3 43783 -9 -9 0.71719998121261597 0.0010000000474974513 35.919365999999997 -6.9836919999999996 0.28799998760223389 0.37700000405311584 -3.9800169467926025 10.517999649047852 0.030999999493360519 -9999 -9999 0.48899999260902405 0.51200002431869507 -10.020000457763672 0.53324007987976074 1.1050000190734863 -999 25.319999694824219 23.670000076293945 22.610000610351562 22.110000610351562 0.070000000298023224 0.019999999552965164 0.0099999997764825821 0.0099999997764825821 1.9800000190734863 7.820000171661377 21.120000839233398 31.030000686645508 26.758337020874023 25.266983032226562 24.188264846801758 23.770545959472656 57366.05859375 9.1048564910888672 8.223637580871582 4.2301578521728516 20.962869644165039 riz 0 57370.66796875 1.0823748111724854 -1.1304780244827271 0.85688138008117676 -0.071853175759315491 0.083810850977897644 23.775262832641602 0.076996698975563049 5.5449181672884151e-06 3.9322662814811338e-07 0.01596231572329998 -2.0817411439111311e-07 -2.4938773268701198e-09 26 25.030086517333984 0.51727259159088135 0.44650101661682129
SN: 1314897 10 1 X3 3 0 36.606628000000001 -4.1551600000000004 0.33768999576568604 0.0010000000474974513 0.3366209864616394 0.0010000000474974513 0.33662104606628418 0.0016700121341273189 0 300 0 0 0.024131104350090027 1 2 -9231 -9 -9 0.3377000093460083 0.0010000000474974513 36.606771999999999 -4.1546419999999999 1.937000036239624 1.1920000314712524 -2.713350772857666 10.901000022888184 0.0099999997764825821 -9999 -9999 1.1360000371932983 0.26600000262260437 -9.7060003280639648 0.26654267311096191 1.1039999723434448 -999 21.790000915527344 20.430000305175781 19.909999847412109 19.399999618530273 0 0 0 0 20.579999923706055 71.910003662109375 105.16999816894531 147.19000244140625 24.216386795043945 22.858026504516602 22.445270538330078 22.080303192138672 57301.29296875 55.344905853271484 35.033210754394531 -99 87.07879638671875 gr 0 57301.1875 0.41146343946456909 0.3601384162902832 0.30934596061706543 -0.029117079451680183 0.033449672162532806 21.686269760131836 0.030626257881522179 3.7974499718984589e-05 1.0711780760175316e-06 -0.00011806828842964023 -2.0900864683426335e-07 -7.670914570212517e-09 16 27.559825897216797 0.035664692521095276 0.15437331795692444
SN: 1332747 10 0 C3 3 0 53.140884 -27.796586999999999 0.34356600046157837 0.0010000000474974513 0.34304600954055786 0.0010000000474974513 0.34304594993591309 0.0016751656075939536 0 300 0 0 0.0067595755681395531 1 1 -16699 -9 -9 0.34360000491142273 0.0010000000474974513 53.140967000000003 -27.796668 0.3919999897480011 0.47900000214576721 -9 9.3000001907348633 0.010999999940395355 -9999 -9999 0.30700001120567322 0.66299998760223389 -8.9829998016357422 0.66769003868103027 0.61900001764297485 -999 23.680000305175781 22.729999542236328 22.389999389648438 22.090000152587891 0.0099999997764825821 0 0 0.0099999997764825821 7.369999885559082 17.909999847412109 24.549999237060547 30.760000228881836 25.331331253051758 24.367259979248047 24.024871826171875 23.780033111572266 57327.09765625 40.717681884765625 36.635986328125 27.689397811889648 137.05741882324219 griz 0 57325.1640625 0.21616201102733612 1.0711334943771362 0.16611203551292419 0.259012371301651 0.019717274233698845 22.893720626831055 0.026083739474415779 1.2488546417444013e-05 3.0002499329384591e-07 0.00060471089091151953 -2.5657437063841826e-08 -4.4497174833679765e-09 41 30.181589126586914 0.89328795671463013 0.93428921699523926
SN: 1335585 10 0 X2 3 0 35.114646999999998 -7.1113840000000001 0.60686999559402466 0.0010000000474974513 0.60556697845458984 0.0010000000474974513 0.60556697845458984 0.0018924286123365164 0 300 0 0 0.020251670852303505 1 1 41200 -9 -9 0.60689997673034668 0.0010000000474974513 35.114725 -7.1113489999999997 0.3059999942779541 0.46900001168251038 -9 10.329000473022461 0.030999999493360519 -9999 -9999 -3.0369999408721924 6.5190000534057617 -13.329000473022461 6.5190939903259277 1.5729999542236328 -999 25.299999237060547 23.260000228881836 22.280000686645508 21.819999694824219 0.070000000298023224 0.0099999997764825821 0.0099999997764825821 0.0099999997764825821 2.0099999904632568 11.960000038146973 26.709999084472656 40.340000152587891 26.742010116577148 24.805671691894531 23.933315277099609 23.485660552978516 57339.15625 5.4638471603393555 5.2552175521850586 4.6555771827697754 19.846214294433594 riz 0 57323.3984375 0.89262306690216064 -1.5884373188018799 0.88158780336380005 0.067663572728633881 0.10281054675579071 23.588720321655273 0.096735455095767975 6.5843364609463606e-06 5.8664232938099303e-07 0.010342990979552269 -3.3814575317592244e-07 -2.9304199955504373e-08 35 36.173244476318359 0.41361239552497864 0.57551604509353638
SN: 1302675 10 0 X3 3 0 35.719444000000003 -4.2130369999999999 1.0300099849700928 0.0010000000474974513 1.0283600091934204 0.0010000000474974513 1.0283598899841309 0.0022626831196248531 0 300 0 0 0.023137880489230156 1 3 18230 -9 -9 1.0299999713897705 0.0010000000474974513 35.719442000000001 -4.2130229999999997 0.052000001072883606 0.065999999642372131 -6.155911922454834 10.225000381469727 0.048000000417232513 -9999 -9999 1.2719999551773071 0.14599999785423279 -9 0.19482555985450745 0.23000000417232513 -999 23.979999542236328 23.430000305175781 22.670000076293945 22.200000762939453 0.0099999997764825821 0.0099999997764825821 0.0099999997764825821 0.0099999997764825821 5.820000171661377 10.689999580383301 20.549999237060547 30.059999465942383 25.587692260742188 24.927555084228516 24.21796989440918 23.805027008056641 57269.2265625 9.0690221786499023 8.6463556289672852 -99 24.82811164855957 iz 0 57283.59765625 1.4347314834594727 1.7611204385757446 0.87262153625488281 0.084721967577934265 0.13089859485626221 24.502233505249023 0.072717070579528809 2.8386139092617668e-06 1.9011588392459089e-07 0.022725535556674004 -1.0926380156206505e-07 2.5529589553485721e-09 33 41.023948669433594 0.1591402143239975 0.65143656730651855
SN: 1331123 10 1 E1 3 0 8.0363389999999999 -42.554183999999999 0.22247999906539917 0.0010000000474974513 0.22156499326229095 0.0010000000474974513 0.22156500816345215 0.0015793077182024717 0 300 0 0 0.0070101232267916203 1 2 -14650 -9 -9 0.22249999642372131 0.0010000000474974513 8.0351540000000004 -42.554946000000001 4.1710000038146973 2.2339999675750732 -1.4929800033569336 11.109999656677246 0.037999998778104782 -9999 -9999 0.86100000143051147 1.1360000371932983 -10.218999862670898 1.1474928855895996 1.5460000038146973 -999 20.780000686645508 19.379999160766602 18.819999694824219 18.430000305175781 0 0 0 0 5.0399999618530273 14.069999694824219 21.489999771118164 27.209999084472656 25.743923187255859 24.629264831542969 24.169408798217773 23.913179397583008 57316.0078125 51.218063354492188 45.057487487792969 37.830310821533203 144.56192016601562 griz 0 57318.4296875 0.19785898923873901 -1.6320551633834839 0.19328179955482483 -0.0030325155239552259 0.021038498729467392 21.151782989501953 0.027780298143625259 6.2127961427904665e-05 1.5896433751549921e-06 0.0013962778029963374 -1.7025506338086416e-07 -2.5426604821632282e-08 47 20.614879608154297 0.99971061944961548 0.54411232471466064
SN: 1340539 10 0 C1 3 0 54.401767999999997 -26.540396000000001 0.44819998741149902 0.0010000000474974513 0.44765999913215637 0.0010000000474974513 0.44765996932983398 0.0017602603184059262 0 300 0 0 0.0096517587080597878 1 2 43366 -9 -9 0.44819998741149902 0.0010000000474974513 54.401798999999997 -26.540417000000001 0.12600000202655792 0.22200000286102295 -5.0990262031555176 9.1379995346069336 0.027000000700354576 -9999 -9999 0.49700000882148743 0.18000000715255737 -8.6180000305175781 0.19992248713970184 0.39500001072883606 -999 24.149999618530273 23.200000762939453 22.920000076293945 22.639999389648438 0.019999999552965164 0.0099999997764825821 0.0099999997764825821 0.0099999997764825821 4.75 11.170000076293945 14.439999580383301 17.270000457763672 25.808265686035156 24.879867553710938 24.601081848144531 24.406768798828125 57385.15234375 21.016977310180664 19.455442428588867 12.068570137023926 56.026321411132812 riz 0 57382.54296875 0.44752329587936401 0.54294395446777344 0.44230785965919495 -0.0048379148356616497 0.044403150677680969 22.651044845581055 0.048206042498350143 1.5616442397003993e-05 6.9336078922788147e-07 0.0075464523397386074 -2.0432449332474789e-07 -2.4633333595147633e-08 22 26.852975845336914 0.21686391532421112 0.18169836699962616
SN: 1337687 10 1 C1 3 0 55.047089 -26.975625999999998 0.32916998863220215 0.0010000000474974513 0.32869300246238708 0.0010000000474974513 0.32869303226470947 0.0016636650543659925 0 300 0 0 0.012217376381158829 1 1 42124 -9 -9 0.32919999957084656 0.0010000000474974513 55.047110000000004 -26.975614 0.081000000238418579 0.15999999642372131 -9 8.2829999923706055 0.059000000357627869 -9999 -9999 -0.164000004529953 0.67100000381469727 -8.4479999542236328 0.69738155603408813 0.1120000034570694 -999 24.569999694824219 23.870000839233398 23.790000915527344 23.5 0.029999999329447746 0.019999999552965164 0.029999999329447746 0.029999999329447746 3 5.8499999046325684 6.4800000190734863 7.619999885559082 26.307197570800781 25.582109451293945 25.471061706542969 25.295112609863281 57365.18359375 96.467033386230469 87.108909606933594 65.122962951660156 179.22930908203125 griz 0 57361.7890625 0.26190838217735291 1.0002661943435669 0.19267265498638153 -0.10315012186765671 0.016535993665456772 21.403364181518555 0.021722372621297836 4.9278154619969428e-05 9.8591021924221423e-07 0.00063827354460954666 -1.0647411841091525e-07 -9.7542098842495761e-09 35 24.74787712097168 0.90128457546234131 0.47894874215126038
SN: 1338170 10 101 E1 3 0 6.669886 -42.964066000000003 0.38780000805854797 0.0010000000474974513 0.38676100969314575 0.0010000000474974513 0.38676095008850098 0.0017104598227888346 0 300 0 0 0.0058297296054661274 1 1 42930 -9 -9 0.38780000805854797 0.0010000000474974513 6.6699729999999997 -42.964224999999999 0.61500000953674316 0.88599997758865356 -9 10.166000366210938 0.017000000923871994 -9999 -9999 0.48800000548362732 7.559999942779541 -9.6840000152587891 7.560584545135498 1.2039999961853027 -999 23.049999237060547 21.520000457763672 21.059999465942383 20.739999771118164 0.0099999997764825821 0 0 0 12.390000343322754 49.299999237060547 77.139999389648438 98.760002136230469 24.767322540283203 23.26788330078125 22.781801223754883 22.513547897338867 57372.03515625 24.077079772949219 19.227607727050781 13.622123718261719 49.104946136474609 riz 0 57363.15234375 0.5722697377204895 -0.37749075889587402 0.48381644487380981 0.035991676151752472 0.046296924352645874 22.357221603393555 0.05373937264084816 2.0469704395509325e-05 1.0131642511623795e-06 0.0046083005145192146 -1.8938411017188628e-07 -3.9231807136275165e-08 23 26.068937301635742 0.29762259125709534 0.17385797202587128
SN: 1334707 10 101 C3 3 0 51.776356 -28.627846000000002 0.64989000558853149 0.0010000000474974513 0.64922302961349487 0.0010000000474974513 0.64922308921813965 0.0019296546233817935 0 300 0 0 0.010207646526396275 2 2 40689 -9 -9 0.64990001916885376 0.0010000000474974513 51.776426000000001 -28.627804999999999 0.26600000262260437 0.44800001382827759 -3.1203281879425049 9.0249996185302734 0.012000000104308128 -9999 -9999 0.75099998712539673 0.32100000977516174 -8.2530002593994141 0.32249340415000916 -0.25600001215934753 -999 23.770000457763672 23.319999694824219 23 22.829999923706055 0.0099999997764825821 0.0099999997764825821 0.0099999997764825821 0.0099999997764825821 7.0500001907348633 10.670000076293945 15.300000190734863 16.190000534057617 25.379528045654297 24.929588317871094 24.538270950317383 24.476882934570312 57339.1328125 34.553024291992188 30.697227478027344 23.617580413818359 108.39430236816406 riz 0 57339.75 0.30587184429168701 0.73670107126235962 0.2368735671043396 -0.11386056989431381 0.025879889726638794 23.160331726074219 0.025211889296770096 9.7693791758501902e-06 2.2685483713758003e-07 0.0012909759534522891 -3.7332508640020023e-08 -2.7486359854833609e-09 37 28.882358551025391 0.82741761207580566 0.45205104351043701
SN: 1344598 10 0 S2 3 0 40.661620999999997 -0.94060900000000003 0.69735002517700195 0.0010000000474974513 0.6960899829864502 0.0010000000474974513 0.6960899829864502 0.0019699139520525932 0 300 0 0 0.028453020378947258 1 1 -17754 -9 -9 0.69739997386932373 0.0010000000474974513 40.661593000000003 -0.94076599999999999 0.57400000095367432 0.61699998378753662 -9 10.958000183105469 0.041999999433755875 -9999 -9999 -1.5149999856948853 8.4849996566772461 -12.465999603271484 8.4851913452148438 1.5800000429153442 -999 24.600000381469727 22.600000381469727 21.459999084472656 21 0.039999999105930328 0.0099999997764825821 0 0 2.9700000286102295 19.950000762939453 55.959999084472656 85.639999389648438 26.318109512329102 24.250143051147461 23.130306243896484 22.668308258056641 57385.0703125 11.517146110534668 8.9627666473388672 4.4857478141784668 22.450275421142578 riz 0 57387.42578125 1.391993522644043 -1.2454016208648682 0.91698849201202393 -0.20431864261627197 0.086415223777294159 23.591972351074219 0.067316554486751556 6.5646477196423803e-06 4.070136583322892e-07 0.030281912535429001 -2.1072548861411633e-07 -4.598818270640237e-10 14 22.899421691894531 0.061926130205392838 0.79760998487472534
SN: 1291794 10 1 C2 3 0 55.169327000000003 -28.711853000000001 0.39559999108314514 0.0010000000474974513 0.39511701464653015 0.0010000000474974513 0.39511704444885254 0.0017172505613416433 0 300 0 0 0.01057753711938858 1 2 3318 -9 -9 0.39559999108314514 0.0010000000474974513 55.169367999999999 -28.712150000000001 1.0750000476837158 1.3530000448226929 -2.4726738929748535 10.609000205993652 0.041000001132488251 -9999 -9999 0.51899999380111694 0.49500000476837158 -10.13700008392334 0.51960468292236328 1.1690000295639038 -999 22.489999771118164 21.040000915527344 20.469999313354492 20.139999389648438 0 0 0 0 16.370000839233398 63.569999694824219 109.04000091552734 154.64999389648438 24.464878082275391 22.99186897277832 22.406036376953125 22.02662467956543 57276.35546875 28.740015029907227 17.532854080200195 10.12298583984375 52.292953491210938 riz 0 57277.53515625 0.58410286903381348 -0.54696887731552124 0.37786948680877686 -0.11039132624864578 0.044037796556949615 22.100833892822266 0.040539871901273727 2.5921866836142726e-05 9.6788630798982922e-07 -0.0010743709281086922 -7.3630495478482771e-08 -3.1831678626303983e-08 39 40.583717346191406 0.40041443705558777 0.41066333651542664
SN: 1347112 10 0 C3 3 0 52.841625000000001 -27.223948 0.79388999938964844 0.0010000000474974513 0.79317998886108398 0.0010000000474974513 0.79317998886108398 0.0020542119164019823 0 300 0 0 0.007975713349878788 1 1 45079 -9 -9 0.7939000129699707 0.0010000000474974513 52.842067 -27.224435 2.253000020980835 2.5969998836517334 -9 9.3330001831054688 0.020999999716877937 -9999 -9999 1.0249999761581421 0.17800000309944153 -8.3070001602172852 0.18721111118793488 -0.071000002324581146 -999 24.459999084472656 23.969999313354492 23.440000534057617 23.159999847412109 0.019999999552965164 0.0099999997764825821 0.0099999997764825821 0.0099999997764825821 2.6700000762939453 4.2600002288818359 7.1700000762939453 7.429999828338623 26.433721542358398 25.926475524902344 25.361202239990234 25.322528839111328 57391.171875 15.131465911865234 13.998826026916504 11.118227005004883 33.803661346435547 riz 0 57401.8203125 1.1266458034515381 -0.49412751197814941 0.86068350076675415 0.13304074108600616 0.05606614425778389 24.221296310424805 0.047764740884304047 3.6768988138646819e-06 1.6175764017134497e-07 0.0073577933944761753 -6.249638317967765e-08 -1.6806139813141385e-09 14 13.634037971496582 0.47731596231460571 0.47306868433952332
SN: 1306626 10 101 C1 3 0 54.877281000000004 -27.238987000000002 0.42140001058578491 0.0010000000474974513 0.42088800668716431 0.0010000000474974513 0.42088794708251953 0.0017382799414917827 0 300 0 0 0.011017823591828346 1 1 236 -9 -9 0.42140001058578491 0.0010000000474974513 54.87724 -27.23911 0.460999995470047 0.6940000057220459 -9 8.7659997940063477 0.032000001519918442 -9999 -9999 0.67400002479553223 0.55800002813339233 -8.1059999465942383 0.57505214214324951 0.1379999965429306 -999 24.180000305175781 23.409999847412109 23.219999313354492 23.030000686645508 0.019999999552965164 0.0099999997764825821 0.019999999552965164 0.019999999552965164 4.4899997711181641 8.4300003051757812 9.9600000381469727 11.609999656677246 25.869384765625 25.185430526733398 25.004352569580078 24.837919235229492 57298.34765625 28.054903030395508 23.262514114379883 14.372890472412109 66.863227844238281 riz 0 57285.09375 0.45290875434875488 0.31625032424926758 0.41073226928710938 -0.081327475607395172 0.038496769964694977 22.112089157104492 0.047239020466804504 2.5654539058450609e-05 1.1161968132000766e-06 0.0034491547849029303 -2.9412598223643727e-07 -3.2226299850890427e-08 46 58.995800018310547 0.094590403139591217 0.29086652398109436
SN: 1306390 10 101 S1 3 0 43.316361000000001 -0.030057 0.41008999943733215 0.0010000000474974513 0.40910500288009644 0.0010000000474974513 0.40910506248474121 0.0017286489019170403 0 300 0 0 0.05563734844326973 1 2 11407 -9 -9 0.41010001301765442 0.0010000000474974513 43.316398 -0.030026000000000001 0.17399999499320984 0.2199999988079071 -5.2467727661132812 10.406000137329102 0.043000001460313797 -9999 -9999 0.48500001430511475 0.82400000095367432 -9.8839998245239258 0.82655972242355347 1.3480000495910645 -999 23.530000686645508 21.860000610351562 21.239999771118164 20.850000381469727 0.0099999997764825821 0 0 0 8.4499998092651367 40.840000152587891 68.800003051757812 100.80999755859375 25.182857513427734 23.472286224365234 22.906028747558594 22.491241455078125 57283.265625 14.816474914550781 13.884600639343262 10.076862335205078 32.736423492431641 riz 0 57279.625 1.866007924079895 0.4041389524936676 0.81163626909255981 0.13830853998661041 0.06685260683298111 22.826698303222656 0.078971698880195618 1.3283743101055734e-05 9.6620135536795715e-07 0.0010407770751044154 -2.4828095135376316e-08 -5.3497615226660855e-08 37 26.423542022705078 0.90174072980880737 0.48030701279640198
SN: 1334423 10 101 S1 3 0 42.213656999999998 -0.152201 0.35888001322746277 0.0010000000474974513 0.35790500044822693 0.0010000000474974513 0.35790503025054932 0.0016871180851012468 0 300 0 0 0.040131609886884689 1 1 40748 -9 -9 0.35890001058578491 0.0010000000474974513 42.2136 -0.152085 0.46599999070167542 0.3919999897480011 -9 9.3199996948242188 0.02199999988079071 -9999 -9999 0.85699999332427979 0.056000001728534698 -8.4379997253417969 0.075742989778518677 0.093000002205371857 -999 23.190000534057617 22.450000762939453 22.239999771118164 22.040000915527344 0.0099999997764825821 0.0099999997764825821 0.0099999997764825821 0.0099999997764825821 14.5 28.780000686645508 31 39.529998779296875 24.596580505371094 23.852272033691406 23.771595001220703 23.507682800292969 57339.1640625 25.64866828918457 22.485860824584961 20.037788391113281 82.996543884277344 griz 0 57335.859375 0.3272852897644043 1.0943833589553833 0.30585986375808716 0.029653143137693405 0.019852176308631897 22.054132461547852 0.028036655858159065 2.7061207219958305e-05 6.9879382635917864e-07 0.0013465664815157652 -1.3509097129826841e-07 -7.6578361429824326e-09 40 27.15202522277832 0.93952274322509766 0.37794852256774902
SN: 1330339 10 0 C2 3 0 55.219448 -29.516826999999999 0.57968002557754517 0.0010000000474974513 0.5791429877281189 0.0010000000474974513 0.57914304733276367 0.001870032399892807 0 300 0 0 0.011991120874881744 1 1 -14061 -9 -9 0.57969999313354492 0.0010000000474974513 55.219535999999998 -29.516895000000002 0.36899998784065247 0.41299998760223389 -9 10.885000228881836 0.027000000700354576 -9999 -9999 -1.1330000162124634 0.89800000190734863 -12.034999847412109 0.89974439144134521 1.1710000038146973 -999 22.680000305175781 20.969999313354492 20.229999542236328 19.940000534057617 0.0099999997764825821 0 0 0 19.040000915527344 93.389999389648438 184.17999267578125 241.44000244140625 24.300832748413086 22.574249267578125 21.836894989013672 21.542976379394531 57317.17578125 9.6797962188720703 8.4757919311523438 6.8253574371337891 21.800573348999023 riz 0 57312.921875 1.0075118541717529 -1.6351605653762817 0.78042840957641602 -0.048280805349349976 0.091381847858428955 23.312118530273438 0.081949330866336823 8.4947960203862749e-06 6.4117125475604553e-07 0.011099657975137234 -2.7587989848143479e-07 -3.2617879952567819e-08 41 22.818996429443359 0.99037319421768188 0.56831663846969604
SN: 1302550 10 0 X3 3 0 35.907119999999999 -4.7960240000000001 0.75391000509262085 0.0010000000474974513 0.75249302387237549 0.0010000000474974513 0.75249302387237549 0.002018745057284832 0 300 0 0 0.022313879802823067 1 2 19372 -9 -9 0.75389999151229858 0.0010000000474974513 35.906948999999997 -4.7964539999999998 1.6640000343322754 2.0179998874664307 -0.93829280138015747 10.678999900817871 0.008999999612569809 -9999 -9999 1.1720000505447388 0.19300000369548798 -9.5010004043579102 0.19448649883270264 1.0479999780654907 -999 24.690000534057617 23.090000152587891 21.959999084472656 21.510000228881836 0.029999999329447746 0.0099999997764825821 0 0 0.43000000715255737 2.7100000381469727 6.0300002098083496 11.079999923706055 27.5 26.417575836181641 25.549205780029297 24.888650894165039 57297.296875 20.590328216552734 19.92181396484375 -99 49.255462646484375 rz 0 57289.19921875 0.70953905582427979 1.0971052646636963 0.64212101697921753 -0.063928961753845215 0.036120273172855377 23.499916076660156 0.046393617987632751 7.1455115175922401e-06 3.0532842743014044e-07 0.0061763450503349304 -1.4838468587186071e-07 -4.5882848631606521e-09 25 18.039773941040039 0.84069764614105225 0.42325869202613831
SN: 1277710 10 0 C3 3 0 52.448898 -28.976278000000001 0.68244999647140503 0.0010000000474974513 0.6817929744720459 0.0010000000474974513 0.6817929744720459 0.0019576011691242456 0 300 0 0 0.0070488653145730495 1 2 -4416 -9 -9 0.68239998817443848 0.0010000000474974513 52.448912 -28.976282999999999 0.046999998390674591 0.064000003039836884 -6.0534939765930176 10.02299976348877 0.014999999664723873 -9999 -9999 -0.032999999821186066 0.20200000703334808 -10.064999580383301 0.2228003591299057 0.82400000095367432 -999 24.719999313354492 23.579999923706055 22.829999923706055 22.409999847412109 0.019999999552965164 0.0099999997764825821 0.0099999997764825821 0.0099999997764825821 3.119999885559082 8.7299995422363281 17.510000228881836 24.790000915527344 26.264614105224609 25.147464752197266 24.39178466796875 24.014308929443359 57257.28125 21.292181015014648 17.573892593383789 14.845845222473145 52.920261383056641 riz 0 57258.02734375 1.1255658864974976 0.85150206089019775 0.65975189208984375 -0.032511163502931595 0.043354615569114685 23.489162445068359 0.041469354182481766 7.2166358222602867e-06 2.7563714866118971e-07 0.0040267910808324814 -8.022492892223454e-08 -2.8385978012579471e-09 34 28.033405303955078 0.75447022914886475 0.30381888151168823
SN: 1336687 10 1 X2 3 0 35.605808000000003 -6.1498590000000002 0.23479999601840973 0.0010000000474974513 0.23380300402641296 0.0010000000474974513 0.23380303382873535 0.0015888051129877567 0 300 0 0 0.024287000298500061 1 1 41918 -9 -9 0.23479999601840973 0.0010000000474974513 35.605691999999998 -6.1498299999999997 0.42699998617172241 0.4830000102519989 -9 8.6059999465942383 0.028000000864267349 -9999 -9999 0.032000001519918442 0.43900001049041748 -8.5719995498657227 0.44916144013404846 0.13199999928474426 -999 23.639999389648438 23.149999618530273 22.940000534057617 22.930000305175781 0.019999999552965164 0.0099999997764825821 0.0099999997764825821 0.019999999552965164 8.0900001525878906 12.029999732971191 13.569999694824219 15.869999885559082 25.230129241943359 24.799335479736328 24.668550491333008 24.498558044433594 57356.09765625 92.920722961425781 71.893272399902344 65.017745971679688 185.32005310058594 griz 0 57351.2421875 0.20271351933479309 0.488078773021698 0.15681636333465576 0.10673148185014725 0.017599867656826973 21.239068984985352 0.024429332464933395 5.7328747061546892e-05 1.2899109833597322e-06 0.00077252311166375875 -1.0620479429235274e-07 -1.7636503812923365e-08 35 27.086982727050781 0.82814371585845947 0.39120635390281677
SN: 1332795 10 0 C1 3 0 54.081608000000003 -26.713063999999999 0.68046998977661133 0.0010000000474974513 0.6798359751701355 0.0010000000474974513 0.67983603477478027 0.0019559180364012718 0 300 0 0 0.0089885573834180832 1 1 40114 -9 -9 0.68049997091293335 0.0010000000474974513 54.081428000000002 -26.712789000000001 1.1460000276565552 1.2589999437332153 -9 10.880999565124512 0.029999999329447746 -9999 -9999 1.156999945640564 0.75900000333786011 -9.7329998016357422 0.76906239986419678 1.2079999446868896 -999 24.139999389648438 22.649999618530273 21.700000762939453 21.260000228881836 0.019999999552965164 0.0099999997764825821 0 0 3.0799999237060547 15.329999923706055 33.369998931884766 45.599998474121094 26.278623580932617 24.536144256591797 23.691608428955078 23.352588653564453 57325.12890625 6.6454906463623047 6.2692489624023438 5.2488565444946289 22.188774108886719 riz 0 57323.04296875 0.92672103643417358 -0.57911449670791626 0.90641587972640991 0.021986667066812515 0.085396870970726013 23.695882797241211 0.081717610359191895 5.965501259197481e-06 4.48991670509713e-07 0.019962675869464874 -2.9477865837179706e-07 -1.3546137545006331e-08 51 47.433822631835938 0.61608898639678955 0.2064824253320694
SN: 1328016 10 0 E2 3 0 10.347795 -44.268295000000002 0.35166999697685242 0.0010000000474974513 0.35071301460266113 0.0010000000474974513 0.35071301460266113 0.0016813271213322878 0 300 0 0 0.0050660674460232258 1 1 21985 -9 -9 0.35170000791549683 0.0010000000474974513 10.347867000000001 -44.268337000000002 0.23899999260902405 0.23399999737739563 -9 10.626999855041504 0.023000000044703484 -9999 -9999 0.15700000524520874 0.49700000882148743 -10.520000457763672 0.50339746475219727 1.4149999618530273 -999 21.950000762939453 20.360000610351562 19.770000457763672 19.469999313354492 0 0 0 0 36.490001678466797 159.75 266.95001220703125 347.77999877929688 23.594566345214844 21.991397857666016 21.433925628662109 21.146738052368164 57301.05078125 13.720269203186035 13.61159610748291 8.9801626205444336 42.167503356933594 griz 0 57305.7265625 0.50864523649215698 -1.5031527280807495 0.3702276349067688 0.025381321087479591 0.032152742147445679 22.146602630615234 0.042617108672857285 2.4851846319506876e-05 9.7547990662860684e-07 0.0020297060254961252 -1.9785237270752987e-07 -1.4376650092629006e-08 54 62.915054321289062 0.189946249127388 0.50814354419708252
SN: 1339176 10 0 C3 3 0 52.728462 -27.909497999999999 0.92612999677658081 0.0010000000474974513 0.92537301778793335 0.0010000000474974513 0.92537307739257812 0.0021707164123654366 0 300 0 0 0.0077045150101184845 1 2 42432 -9 -9 0.92610001564025879 0.0010000000474974513 52.728555 -27.909434999999998 0.37200000882148743 0.46000000834465027 -4.3197197914123535 9.4219999313354492 0.083999998867511749 -9999 -9999 0.84700000286102295 0.34400001168251038 -8.564000129699707 0.36954161524772644 -0.039999999105930328 -999 24.569999694824219 24.219999313354492 23.540000915527344 23.149999618530273 0.019999999552965164 0.0099999997764825821 0.0099999997764825821 0.0099999997764825821 3.4800000190734863 4.75 9.1899995803833008 11.390000343322754 26.146051406860352 25.808265686035156 25.091711044311523 24.85869026184082 57356.14453125 12.763507843017578 7.6731762886047363 -99 20.261880874633789 iz 0 57361.8515625 1.5902565717697144 -0.36155575513839722 0.89308565855026245 -0.18385162949562073 0.1741071343421936 25.057657241821289 0.073321618139743805 1.7019133338180836e-06 1.1493310836385717e-07 0.01995743066072464 -5.3876409111808243e-08 1.3647775132241691e-09 21 6.7507500648498535 0.99858224391937256 0.62457668781280518
SN: 1329312 10 1 X3 3 0 36.263297999999999 -5.5417969999999999 0.34586000442504883 0.0010000000474974513 0.34478399157524109 0.0010000000474974513 0.34478402137756348 0.0016765613108873367 0 300 0 0 0.022646427154541016 1 2 37679 -9 -9 0.34589999914169312 0.0010000000474974513 36.263174999999997 -5.5419980000000004 0.84799998998641968 0.50099998712539673 -3.8314270973205566 10.862000465393066 0.013000000268220901 -9999 -9999 1.0479999780654907 0.28700000047683716 -9.7849998474121094 0.29082298278808594 1.2619999647140503 -999 22.379999160766602 20.819999694824219 20.25 19.760000228881836 0 0 0 0 25.090000152587891 100.08999633789062 174.69999694824219 246.53999328613281 24.001247406005859 22.4990234375 21.894268035888672 21.520280838012695 57311.1328125 41.925182342529297 34.924373626708984 32.773231506347656 98.122329711914062 griz 0 57310.4765625 0.2648715078830719 -1.738408088684082 0.22083230316638947 -0.040638372302055359 0.019769325852394104 22.012748718261719 0.0252090934664011 2.8112550353398547e-05 6.527293976432702e-07 0.0011950040934607387 -6.6775179163869325e-08 -7.3705033187820845e-09 44 24.22552490234375 0.99328404664993286 0.59509199857711792
SN: 1279714 10 0 X3 3 0 36.509407000000003 -4.6275029999999999 0.70073997974395752 0.0010000000474974513 0.69938099384307861 0.0010000000474974513 0.69938099384307861 0.0019727519247680902 0 300 0 0 0.023182718083262444 1 2 17732 -9 -9 0.70069998502731323 0.0010000000474974513 36.509576000000003 -4.6273580000000001 0.80000001192092896 0.97500002384185791 -2.9135448932647705 10.673999786376953 0.0099999997764825821 -9999 -9999 -1.7829999923706055 8.2170000076293945 -12.467000007629395 8.217219352722168 1.4320000410079956 -999 24.690000534057617 22.899999618530273 21.739999771118164 21.260000228881836 0.019999999552965164 0 0 0 2.2799999713897705 13.930000305175781 39 53.380001068115234 26.60516357421875 24.640121459960938 23.5223388671875 23.181552886962891 57265.2421875 13.726950645446777 12.975454330444336 7.288358211517334 33.911617279052734 riz 0 57255.71484375 1.5641250610351562 -1.0218877792358398 0.87086284160614014 -0.098554663360118866 0.060607731342315674 24.157402038574219 0.043831788003444672 3.8997732190182433e-06 1.5743606240903318e-07 -0.0024443701840937138 -6.1090844383215881e-08 3.4422659167532288e-10 39 21.251686096191406 0.99076712131500244 0.47323435544967651
SN: 1340253 10 0 S1 3 0 43.035102999999999 0.081143999999999994 0.69379997253417969 0.0010000000474974513 0.69260698556900024 0.0010000000474974513 0.69260692596435547 0.0019669118337333202 0 300 0 0 0.060554064810276031 1 1 43592 -9 -9 0.69379997253417969 0.0010000000474974513 43.035015000000001 0.080881999999999996 0.99299997091293335 1.2960000038146973 -9 9.9329996109008789 0.023000000044703484 -9999 -9999 1.6920000314712524 0.51999998092651367 -8.1979999542236328 0.52117657661437988 0.31600001454353333 -999 23.760000228881836 22.860000610351562 22.270000457763672 22.040000915527344 0.019999999552965164 0.0099999997764825821 0.0099999997764825821 0.0099999997764825821 3.9200000762939453 11.180000305175781 20.120000839233398 25.850000381469727 26.01678466796875 24.878894805908203 24.240930557250977 23.968849182128906 57372.12109375 12.126477241516113 8.6084022521972656 7.2042365074157715 28.363449096679688 riz 0 57376.12109375 0.67519068717956543 -1.0715401172637939 0.8395538330078125 -0.16477452218532562 0.070670843124389648 23.423990249633789 0.068095177412033081 7.6630922194453888e-06 4.806136644219805e-07 0.01457073912024498 -2.949180668565532e-07 -6.2648095600081888e-09 17 21.396097183227539 0.20907211303710938 0.65517276525497437
SN: 1336359 10 0 X1 3 0 35.238964000000003 -5.2898560000000003 0.42937999963760376 0.0010000000474974513 0.42821300029754639 0.0010000000474974513 0.42821300029754639 0.001744280569255352 0 300 0 0 0.019127409905195236 1 1 41906 -9 -9 0.4293999969959259 0.0010000000474974513 35.238988999999997 -5.289758 0.36300000548362732 0.4869999885559082 -9 9.2709999084472656 0.059999998658895493 -9999 -9999 0.37900000810623169 0.84899997711181641 -8.8280000686645508 0.85844630002975464 0.49799999594688416 -999 24.299999237060547 23.340000152587891 22.959999084472656 22.780000686645508 0.029999999329447746 0.0099999997764825821 0.0099999997764825821 0.019999999552965164 4.2600002288818359 10.800000190734863 14.619999885559082 17.559999465942383 25.926475524902344 24.916440963745117 24.587631225585938 24.388689041137695 57344.21875 13.755947113037109 9.4164066314697266 5.928105354309082 27.27720832824707 riz 0 57345.01171875 0.94140917062759399 -0.99102360010147095 0.70740616321563721 0.092801526188850403 0.079010024666786194 23.240779876708984 0.083046108484268188 9.0716930571943521e-06 6.9387834855660913e-07 0.0043839956633746624 -1.8030405612989853e-07 -4.1338591216799614e-08 29 26.629852294921875 0.59166795015335083 0.45256555080413818
SN: 1289812 10 0 X3 3 0 37.300285000000002 -4.7001179999999998 0.71008998155593872 0.0010000000474974513 0.70874601602554321 0.0010000000474974513 0.70874595642089844 0.0019808358047157526 0 300 0 0 0.02817857451736927 1 1 19809 -9 -9 0.71009999513626099 0.0010000000474974513 37.300305000000002 -4.70031 0.69499999284744263 0.62199997901916504 -9 10.08899974822998 0.020999999716877937 -9999 -9999 0.74900001287460327 0.008999999612569809 -9.3459997177124023 0.048836462199687958 0.28099998831748962 -999 23.709999084472656 22.969999313354492 22.340000152587891 22.129999160766602 0.0099999997764825821 0.0099999997764825821 0.0099999997764825821 0.0099999997764825821 7.4200000762939453 15.149999618530273 27.389999389648438 33.659999847412109 25.323989868164062 24.548969268798828 23.90601921081543 23.682214736938477 57273.34375 13.454197883605957 11.232645034790039 10.734461784362793 31.119039535522461 riz 0 57272.51953125 0.77093231678009033 -0.98571711778640747 0.53187167644500732 -0.16453790664672852 0.065495491027832031 23.907943725585938 0.062505766749382019 4.9070754357671831e-06 2.8250002515051165e-07 0.012421934865415096 -1.0427960006609283e-07 -9.1654994704981618e-09 42 35.699703216552734 0.74260044097900391 0.63934952020645142
SN: 1347766 10 0 X2 3 0 35.020611000000002 -6.6402669999999997 0.63021600246429443 0.00015999999595806003 0.62888902425765991 0.00015999999595806003 0.62888908386230469 0.0016378097934648395 0 300 0 0 0.021450720727443695 1 1 45891 -9 -9 0.63020002841949463 0.00019999999494757503 35.020359999999997 -6.6406210000000003 1.5579999685287476 1.3500000238418579 -9 11.295000076293945 0.068999998271465302 -9999 -9999 -2.5079998970031738 0.78799998760223389 -13.76099967956543 0.78886818885803223 1.7009999752044678 -999 24.030000686645508 22.049999237060547 20.899999618530273 20.450000762939453 0.019999999552965164 0 0 0 -999 -999 -999 -999 99 99 99 99 57403.0625 8.6999425888061523 7.3044018745422363 4.62982177734375 16.31828498840332 riz 0 57405.19140625 1.8960769176483154 -0.78348541259765625 0.98448169231414795 -0.18843558430671692 0.13386543095111847 23.390722274780273 0.11232667416334152 7.9015326264197938e-06 8.1746640034907614e-07 0.0047247209586203098 -2.1832912011632288e-07 -5.2946171891221638e-09 10 9.8612499237060547 0.4527495801448822 0.68024879693984985
SN: 1338675 10 1 X3 3 0 36.743656000000001 -4.9677410000000002 0.33153000473976135 0.0010000000474974513 0.33047300577163696 0.0010000000474974513 0.33047294616699219 0.001665088813751936 0 300 0 0 0.021932194009423256 1 4 42571 -9 -9 0.33149999380111694 0.0010000000474974513 36.743702999999996 -4.9676299999999998 0.43500000238418579 0.40299999713897705 -3.8489000797271729 9.319000244140625 0.014999999664723873 -9999 -9999 0.83799999952316284 0.13899999856948853 -8.4650001525878906 0.1419929563999176 0.37000000476837158 -999 23.090000152587891 22.340000152587891 22.059999465942383 21.809999465942383 0.0099999997764825821 0 0 0 12.560000419616699 28.200000762939453 34.869998931884766 41.049999237060547 24.752525329589844 23.874378204345703 23.643869400024414 23.466716766357422 57372.07421875 93.051651000976562 86.121810913085938 56.181324005126953 210.46148681640625 griz 0 57372 0.19576597213745117 0.14932586252689362 0.18429425358772278 0.049428466707468033 0.016771722584962845 22.057401657104492 0.021452879533171654 2.6979825634043664e-05 5.330898602551315e-07 0.0009994398569688201 -5.4841361674107247e-08 -6.5342113941824209e-09 23 14.538383483886719 0.91041159629821777 0.17211607098579407
SN: 1277716 10 0 C3 3 0 53.549919000000003 -28.179991000000001 0.69376999139785767 0.0010000000474974513 0.69313102960586548 0.0010000000474974513 0.6931309700012207 0.0019673635251820087 0 300 0 0 0.0071031125262379646 2 3 5130 -9 -9 0.69379997253417969 0.0010000000474974513 53.550052000000001 -28.180008999999998 0.42500001192092896 0.57400000095367432 -2.1395328044891357 10.996000289916992 0.02199999988079071 -9999 -9999 1.1950000524520874 0.46299999952316284 -9.7849998474121094 0.4778001606464386 0.94300001859664917 -999 23.069999694824219 21.879999160766602 21 20.670000076293945 0 0 0 0 14.789999961853027 44.880001068115234 95.290000915527344 127.51999664306641 24.575078964233398 23.369867324829102 22.55238151550293 22.236053466796875 57265.30078125 13.955876350402832 12.773990631103516 12.745100975036621 40.117469787597656 riz 0 57262.79296875 0.63903522491455078 0.20974764227867126 0.5373765230178833 -0.025248296558856964 0.052749782800674438 23.56678581237793 0.05279252678155899 6.7187061176809948e-06 3.2668845051375683e-07 0.011904284358024597 -1.3669524889792228e-07 -7.5712716096631993e-09 35 32.69842529296875 0.57970219850540161 0.10941344499588013
SN: 1335432 10 0 C3 3 0 51.549858 -28.163319000000001 0.42750999331474304 0.0010000000474974513 0.426923006772995 0.0010000000474974513 0.42692303657531738 0.001743223168887198 0 300 0 0 0.012514232657849789 1 2 41156 -9 -9 0.42750000953674316 0.0010000000474974513 51.550020000000004 -28.163716000000001 1.5199999809265137 1.1160000562667847 -2.9666869640350342 10.229000091552734 0.014000000432133675 -9999 -9999 0.49399998784065247 0.26800000667572021 -9.7060003280639648 0.27002406120300293 0.89499998092651367 -999 23.610000610351562 22.209999084472656 21.690000534057617 21.209999084472656 0.0099999997764825821 0 0 0 6.9800000190734863 20.25 35.049999237060547 44.919998168945312 25.390361785888672 24.233938217163086 23.638278961181641 23.368900299072266 57345.26171875 53.733673095703125 39.846954345703125 21.074460983276367 130.73666381835938 riz 0 57344.734375 0.36310786008834839 -1.73741614818573 0.22155509889125824 -0.045398775488138199 0.03517536073923111 22.665750503540039 0.039529483765363693 1.5406343663926236e-05 5.6091414535330841e-07 0.00089383788872510195 -4.2524952448275144e-08 -1.6308185024627164e-08 36 18.984878540039062 0.99113798141479492 0.59858345985412598
SN: 1334644 10 1 X2 3 0 35.107216000000001 -5.772545 0.28909999132156372 0.0010000000474974513 0.28804698586463928 0.0010000000474974513 0.28804695606231689 0.0016313428059220314 0 300 0 0 0.020300045609474182 1 1 -14328 -9 -9 0.28909999132156372 0.0010000000474974513 35.108238 -5.7727349999999999 3.7249999046325684 1.281000018119812 -9 11.357999801635742 0.0099999997764825821 -9999 -9999 -1.7730000019073486 8.2270002365112305 -13.133999824523926 8.2276449203491211 1.5839999914169312 -999 21.440000534057617 19.840000152587891 19.260000228881836 19.010000228881836 0 0 0 0 6.6500000953674316 30.459999084472656 47.520000457763672 59.520000457763672 25.44294548034668 23.790676116943359 23.307807922363281 23.063343048095703 57331.0546875 40.898403167724609 36.891246795654297 27.063026428222656 105.53279876708984 griz 0 57332.640625 0.32913357019424438 -1.9597066640853882 0.21889685094356537 -0.047941625118255615 0.025434423238039017 21.554250717163086 0.029618313536047935 4.288444688427262e-05 1.1698651860569953e-06 0.00078546407166868448 -1.0242145265237923e-07 -2.0348418061644225e-08 43 34.828338623046875 0.80811315774917603 0.67249864339828491
SN: 1336008 10 1 E2 3 0 10.321224000000001 -43.886226999999998 0.43867000937461853 0.0010000000474974513 0.43764200806617737 0.0010000000474974513 0.43764197826385498 0.0017520197434350848 0 300 0 0 0.0065279817208647728 1 1 41385 -9 -9 0.43869999051094055 0.0010000000474974513 10.321348 -43.886313000000001 0.44600000977516174 0.49700000882148743 -9 9.8990001678466797 0.0070000002160668373 -9999 -9999 0.44600000977516174 0.29800000786781311 -9.444000244140625 0.29960808157920837 1.0110000371932983 -999 23.75 22.719999313354492 22.319999694824219 21.950000762939453 0.019999999552965164 0.0099999997764825821 0.0099999997764825821 0.0099999997764825821 5.8499999046325684 16.709999084472656 25.180000305175781 31.860000610351562 25.582109451293945 24.442558288574219 23.997360229492188 23.741886138916016 57347.078125 37.51739501953125 29.201835632324219 20.637947082519531 92.809097290039062 riz 0 57347.9609375 0.32148098945617676 0.61074858903884888 0.309944748878479 -0.0079982327297329903 0.030659902840852737 22.170587539672852 0.035381507128477097 2.4308896172442473e-05 7.9216795256797923e-07 0.0020329835824668407 -1.4115360613686789e-07 -1.8177484406578515e-08 31 25.261276245117188 0.75590962171554565 0.20532116293907166
SN: 1333291 10 0 X3 3 0 36.347591000000001 -4.3689119999999999 0.36570000648498535 0.0010000000474974513 0.36460399627685547 0.0010000000474974513 0.36460399627685547 0.0016925216186791658 0 300 0 0 0.021671678870916367 2 2 40234 -9 -9 0.36570000648498535 0.0010000000474974513 36.347568000000003 -4.3686819999999997 0.8320000171661377 1.3969999551773071 0.657703697681427 10.01200008392334 0.014000000432133675 -9999 -9999 -0.5339999794960022 0.14900000393390656 -10.532999992370605 0.2253042459487915 1.1030000448226929 -999 23.649999618530273 22.309999465942383 21.790000915527344 21.540000915527344 0.0099999997764825821 0 0 0 8.4899997711181641 31.350000381469727 54.310001373291016 67.459999084472656 25.177730560302734 23.759407043457031 23.162799835205078 22.927383422851562 57327.18359375 68.2889404296875 35.211643218994141 23.498197555541992 142.45793151855469 gri 0 57330.28515625 0.26494082808494568 -0.44249677658081055 0.17022041976451874 0.065319627523422241 0.024793758988380432 22.087377548217773 0.022928575053811073 2.6245150365866721e-05 5.5424504807888297e-07 0.00014244021440390497 -4.3561666274172239e-08 -8.6673201948883616e-09 31 30.268159866333008 0.50348061323165894 0.26298895478248596
SN: 1307277 10 1 S2 3 0 41.738815000000002 -0.23554900000000001 0.41216000914573669 0.0010000000474974513 0.4111349880695343 0.0010000000474974513 0.41113495826721191 0.0017303061904385686 0 300 0 0 0.030493583530187607 1 1 12758 -9 -9 0.41220000386238098 0.0010000000474974513 41.738829000000003 -0.23556099999999999 0.064999997615814209 0.079000003635883331 -9 10.357999801635742 0.014000000432133675 -9999 -9999 0.6470000147819519 0.41699999570846558 -9.7060003280639648 0.4202297031879425 1.090999960899353 -999 22.979999542236328 21.639999389648438 21.159999847412109 20.75 0.0099999997764825821 0 0 0 15.739999771118164 53.319999694824219 81.879997253417969 116.83999633789062 24.507488250732422 23.182773590087891 22.717056274414062 22.331020355224609 57288.19921875 12.703795433044434 11.370456695556641 8.3200092315673828 35.883747100830078 riz 0 57284.359375 0.64086228609085083 -0.26366317272186279 0.64847683906555176 0.23651121556758881 0.06355595588684082 22.762481689453125 0.083121277391910553 1.4093129721004516e-05 1.0789351563289529e-06 0.013519502244889736 -3.9635369830648415e-07 -5.9950714614842582e-08 44 37.901493072509766 0.72934442758560181 0.79325443506240845
SN: 1334302 10 1 E1 3 0 7.3673489999999999 -43.388157 0.45570001006126404 0.0010000000474974513 0.45462501049041748 0.0010000000474974513 0.45462501049041748 0.0017660005250945687 0 300 0 0 0.0062540783546864986 1 1 40917 -9 -9 0.45570001006126404 0.0010000000474974513 7.367534 -43.387915999999997 0.99299997091293335 1.0449999570846558 -9 10.668000221252441 0.014000000432133675 -9999 -9999 0.80099999904632568 0.31600001454353333 -9.8610000610351562 0.3210996687412262 1.3059999942779541 -999 23.409999847412109 21.770000457763672 21.110000610351562 20.629999160766602 0.0099999997764825821 0 0 0 8.8599996566772461 42.189998626708984 74.230003356933594 106.80000305175781 25.131416320800781 23.436975479125977 22.823551177978516 22.428571701049805 57329.015625 22.740257263183594 19.516458511352539 15.826044082641602 53.003059387207031 riz 0 57331.71484375 0.61300015449523926 -0.73953872919082642 0.48501676321029663 0.042481679469347 0.043616138398647308 22.635641098022461 0.043496042490005493 1.5839566913200542e-05 6.3455422605329659e-07 -0.00017697972361929715 -9.9733810543511936e-08 -1.9937155926186279e-08 31 22.702264785766602 0.85973185300827026 0.28428992629051208
SN: 1314581 10 0 S1 3 0 42.559646999999998 -0.94177500000000003 0.57561999559402466 0.0010000000474974513 0.57450199127197266 0.0010000000474974513 0.57450199127197266 0.0018661096692085266 0 300 0 0 0.058069813996553421 1 1 11231 -9 -9 0.5756000280380249 0.0010000000474974513 42.559888999999998 -0.94168799999999997 0.92500001192092896 1.6059999465942383 -9 9.7589998245239258 0.043000001460313797 -9999 -9999 -0.039000000804662704 0.31600001454353333 -9.7849998474121094 0.36975666880607605 0.72299998998641968 -999 24.670000076293945 23.479999542236328 22.889999389648438 22.629999160766602 0.039999999105930328 0.019999999552965164 0.0099999997764825821 0.0099999997764825821 2.7799999713897705 8.5600004196166992 14.189999580383301 20.840000152587891 26.389888763427734 25.168815612792969 24.620044708251953 24.202754974365234 57283.26171875 10.92735481262207 8.3953924179077148 6.6422224044799805 22.836507797241211 riz 0 57285.3046875 1.4861719608306885 -0.6433296799659729 0.98657822608947754 -0.065607532858848572 0.084580674767494202 23.287740707397461 0.074254892766475677 8.6876807472435758e-06 5.9416163367131958e-07 0.0031408492941409349 -3.3324215564789483e-07 -2.2145698608255771e-08 42 35.041187286376953 0.76788967847824097 0.30628743767738342
SN: 1329795 10 0 S1 3 0 41.792191000000003 -0.012864 0.52669000625610352 0.0010000000474974513 0.52558201551437378 0.0010000000474974513 0.52558207511901855 0.0018249676795676351 0 300 0 0 0.034450545907020569 1 1 21997 -9 -9 0.52670001983642578 0.0010000000474974513 41.792273999999999 -0.012676 0.74000000953674316 0.73299998044967651 -9 10.782999992370605 0.068999998271465302 -9999 -9999 -0.49000000953674316 9.5100002288818359 -11.27299976348877 9.5112466812133789 1.2879999876022339 -999 23.799999237060547 21.979999542236328 21.159999847412109 20.760000228881836 0.019999999552965164 0 0 0 6.0799999237060547 33.75 68.870002746582031 106.91000366210938 25.540241241455078 23.679315567016602 22.904924392700195 22.427453994750977 57305.2734375 11.567916870117188 9.7807159423828125 8.5930280685424805 32.481014251708984 riz 0 57303.9921875 0.76428115367889404 0.94208186864852905 0.5284455418586731 -0.052479937672615051 0.061011470854282379 22.855981826782227 0.055154412984848022 1.2930260709254071e-05 6.5684548644640017e-07 0.0038564424030482769 -1.8260088552324305e-07 -2.1677600159364374e-08 43 39.170467376708984 0.63809597492218018 0.35946449637413025
SN: 1336662 10 1 C2+C3 3 0 53.658957999999998 -28.397870999999999 0.18199999630451202 0.0010000000474974513 0.18155799806118011 0.0010000000474974513 0.18155801296234131 0.0015485292533412576 0 300 0 0 0.0077753891237080097 1 2 -16917 -9 -9 0.18199999630451202 0.0010000000474974513 53.658641000000003 -28.398872999999998 3.7430000305175781 1.4559999704360962 -2.6213364601135254 10.23799991607666 0.0099999997764825821 -9999 -9999 0.62000000476837158 0.3919999897480011 -9.6239995956420898 0.39468973875045776 1.0249999761581421 -999 21.799999237060547 20.899999618530273 20.379999160766602 20.069999694824219 0 0 0 0 24.059999465942383 44.959999084472656 68.699996948242188 78.800003051757812 24.046760559082031 23.367935180664062 22.907608032226562 22.758684158325195 57356.078125 502.107177734375 328.9813232421875 313.39581298828125 1112.3875732421875 griz 0 57357.48828125 0.1282879114151001 1.2253217697143555 0.09849955141544342 0.093663051724433899 0.013029627501964569 20.362356185913086 0.017516518011689186 0.00012854574015364051 2.0738682451337809e-06 0.00021038214617874473 -9.7817355992901867e-08 -1.9766558168043957e-08 70 107.24483489990234 0.0027932319790124893 0.51410007476806641
SN: 1289288 10 1 E2 3 0 10.178906 -43.948338 0.29093000292778015 0.0010000000474974513 0.29000800848007202 0.0010000000474974513 0.2900080680847168 0.0016328936908394098 0 300 0 0 0.0054974188096821308 1 1 9546 -9 -9 0.29089999198913574 0.0010000000474974513 10.178826000000001 -43.948354000000002 0.21500000357627869 0.19699999690055847 -9 10.560999870300293 0.017000000923871994 -9999 -9999 0.82099997997283936 0.15000000596046448 -9.7320003509521484 0.16155494749546051 1.0119999647140503 -999 21.370000839233398 20.280000686645508 19.780000686645508 19.450000762939453 0 0 0 0 64.199996948242188 181.75999450683594 282.760009765625 353.69000244140625 22.981163024902344 21.851253509521484 21.371456146240234 21.128442764282227 57273.31640625 36.858390808105469 35.916454315185547 32.410423278808594 90.384468078613281 griz 0 57273.578125 0.39814698696136475 -1.114187479019165 0.34267255663871765 0.075961299240589142 0.022935390472412109 21.837318420410156 0.0271943099796772 3.304248457425274e-05 8.2761130215658341e-07 0.0017346148379147053 -9.8806516746208217e-08 -1.1506529062899062e-08 51 49.032928466796875 0.55213063955307007 0.44949671626091003
SN: 1335671 10 0 C2 3 0 55.145125999999998 -28.628086 0.52480000257492065 0.0010000000474974513 0.52427101135253906 0.0010000000474974513 0.52427101135253906 0.0018238703487440944 0 300 0 0 0.011006738059222698 1 1 -14306 -9 -9 0.52480000257492065 0.0010000000474974513 55.145932999999999 -28.627934 2.6059999465942383 2.0320000648498535 -9 11.005000114440918 0.027000000700354576 -9999 -9999 -2.5290000438690186 5.8420000076293945 -13.527000427246094 5.8424077033996582 1.2439999580383301 -999 22.799999237060547 21.069999694824219 20.299999237060547 19.969999313354492 0.0099999997764825821 0 0 0 4.0500001907348633 14.390000343322754 22.399999618530273 30.209999084472656 25.981363296508789 24.604846954345703 24.124380111694336 23.799623489379883 57345.33203125 20.861970901489258 20.290250778198242 15.258248329162598 58.783748626708984 riz 0 57347.71875 0.42513695359230042 0.56137692928314209 0.37633341550827026 -0.074240602552890778 0.038280051201581955 22.688114166259766 0.041089210659265518 1.5092267858562991e-05 5.7116028528980678e-07 0.0030940028373152018 -1.4237276957373979e-07 -1.3469775517194194e-08 39 28.702571868896484 0.88698309659957886 0.31025272607803345
SN: 1333949 10 0 E2 3 0 9.6895539999999993 -43.753760999999997 0.66047000885009766 0.0010000000474974513 0.65927398204803467 0.0010000000474974513 0.65927398204803467 0.0019382633036002517 0 300 0 0 0.0061215721070766449 1 1 367021 -9 -9 0.66049998998641968 0.0010000000474974513 9.6897470000000006 -43.753551999999999 0.90299999713897705 0.7279999852180481 -9 11.26099967956543 0.012000000104308128 -9999 -9999 1.8350000381469727 0.29600000381469727 -9.425999641418457 0.30348804593086243 0.98900002241134644 -999 22.440000534057617 20.870000839233398 20.069999694824219 19.719999313354492 0 0 0 0 22.950000762939453 100.33999633789062 209.22999572753906 283.79998779296875 24.098043441772461 22.496315002441406 21.698440551757812 21.367469787597656 57340.0703125 11.79564380645752 8.7216777801513672 7.9627900123596191 31.333217620849609 riz 0 57340.734375 0.95704913139343262 1.3304107189178467 0.77755880355834961 0.042999245226383209 0.059888191521167755 23.338396072387695 0.059690110385417938 8.2916676547029056e-06 4.5584789631902822e-07 0.014533309265971184 -2.6152608256779786e-07 -1.03902824122315e-08 33 47.632534027099609 0.047721769660711288 0.46605747938156128
SN: 1281119 10 0 C2 3 0 53.364552000000003 -29.188067 0.19946999847888947 0.0010000000474974513 0.19902199506759644 0.0010000000474974513 0.19902205467224121 0.0015619131736457348 0 300 0 0 0.0082621816545724869 1 1 274405 -9 -9 0.19949999451637268 0.0010000000474974513 53.364724000000002 -29.188217999999999 0.76700001955032349 0.31600001454353333 -9 10.991999626159668 0.032000001519918442 -9999 -9999 1.0579999685287476 0.7630000114440918 -9.9829998016357422 0.77918738126754761 1.2070000171661377 -999 20.479999542236328 19.209999084472656 18.670000076293945 18.379999160766602 0 0 0 0 168.55000305175781 515.3599853515625 912.989990234375 1119.8499755859375 21.933177947998047 20.719722747802734 20.098834991455078 19.877099990844727 57266.2734375 27.41404914855957 21.631711959838867 15.03288745880127 65.162712097167969 griz 0 57264.86328125 0.25415748357772827 0.088032767176628113 0.30812835693359375 0.17945337295532227 0.032448343932628632 21.287746429443359 0.051961444318294525 5.4815205658087507e-05 2.6233603875880362e-06 0.0028379703871905804 -4.6789998009444389e-07 -7.3740139328037912e-08 43 66.089797973632812 0.013353546150028706 0.59889721870422363
SN: 1276546 10 0 S2 3 0 41.615924999999997 -0.296348 0.35427999496459961 0.0010000000474974513 0.35329398512840271 0.0010000000474974513 0.3532940149307251 0.0016834039706736803 0 300 0 0 0.028149373829364777 1 2 12195 -9 -9 0.35429999232292175 0.0010000000474974513 41.615763000000001 -0.29608899999999999 1.1000000238418579 1.215999960899353 -2.459022045135498 8.814000129699707 0.064000003039836884 -9999 -9999 0.27799999713897705 0.90299999713897705 -8.5200004577636719 0.92988872528076172 0.29199999570846558 -999 24.610000610351562 23.739999771118164 23.530000686645508 23.379999160766602 0.039999999105930328 0.019999999552965164 0.019999999552965164 0.029999999329447746 2.3199999332427979 6.7600002288818359 6.7399997711181641 7.1100001335144043 26.586280822753906 25.425132751464844 25.428350448608398 25.370326995849609 57256.296875 22.005512237548828 21.910720825195312 14.448613166809082 61.053852081298828 griz 0 57258.22265625 0.41610640287399292 0.3243897557258606 0.36552652716636658 -0.068500228226184845 0.022460758686065674 21.986181259155273 0.034009449183940887 2.8808959541493095e-05 9.0240780536987586e-07 0.0024091955274343491 -2.2719932246673125e-07 -1.0864599886417636e-08 51 59.261493682861328 0.19966451823711395 0.25264310836791992
SN: 1339371 10 0 E2 3 0 9.3380390000000002 -43.889530000000001 0.6369900107383728 0.0010000000474974513 0.6358109712600708 0.0010000000474974513 0.6358109712600708 0.0019181889947503805 0 300 0 0 0.0068241222761571407 1 1 43175 -9 -9 0.63700002431869507 0.0010000000474974513 9.3379490000000001 -43.889522999999997 0.23600000143051147 0.29499998688697815 -9 9.9969997406005859 0.064999997615814209 -9999 -9999 0.65200001001358032 0.02199999988079071 -9.5659999847412109 0.2439938485622406 0.4309999942779541 -999 23.329999923706055 22.469999313354492 21.989999771118164 21.790000915527344 0.0099999997764825821 0.0099999997764825821 0.0099999997764825821 0.0099999997764825821 11.140000343322754 24.350000381469727 37.709999084472656 42.290000915527344 24.882785797119141 24.03375244140625 23.558858871459961 23.434406280517578 57366.046875 7.3220367431640625 7.2564287185668945 5.0116496086120605 16.572896957397461 riz 0 57355.94140625 1.2834558486938477 -1.8026853799819946 0.93764543533325195 0.033549271523952484 0.11474258452653885 23.950231552124023 0.095064006745815277 4.7196258492476773e-06 4.1323716004626476e-07 0.023978408426046371 -2.1931307969680347e-07 -2.1232645863733524e-08 29 18.855758666992188 0.92493075132369995 0.61121279001235962
SN: 1289306 10 0 E1+E2 3 0 8.2382969999999993 -43.782832999999997 0.5437999963760376 0.0010000000474974513 0.54267597198486328 0.0010000000474974513 0.54267597198486328 0.00183930026832968 0 300 0 0 0.0053335856646299362 1 2 -5467 -9 -9 0.5437999963760376 0.0010000000474974513 8.2382980000000003 -43.782772000000001 0.2199999988079071 0.23399999737739563 -4.2669887542724609 10.77299976348877 0.027000000700354576 -9999 -9999 1.0039999485015869 0.17599999904632568 -9.8360004425048828 0.18867962062358856 1.184999942779541 -999 23.690000534057617 22.059999465942383 21.280000686645508 20.770000457763672 0.019999999552965164 0 0 0 8.1999998092651367 36.700000762939453 74.120002746582031 105.52999877929688 25.215465545654297 23.588335037231445 22.825160980224609 22.441558837890625 57265.23046875 10.943610191345215 10.382450103759766 8.9180870056152344 30.462177276611328 riz 0 57266.9765625 0.5863417387008667 -2.7863321304321289 0.58969295024871826 -0.057038210332393646 0.068566001951694489 23.307184219360352 0.06930522620677948 8.53348319651559e-06 5.4471331623062724e-07 0.0087710143998265266 -1.8986447969382425e-07 -2.5218032106977262e-08 99 85.920799255371094 0.82276773452758789 0.94803792238235474
SN: 1337703 10 1 C1 3 0 54.883586999999999 -26.724333000000001 0.53280997276306152 0.0010000000474974513 0.53225302696228027 0.0010000000474974513 0.53225302696228027 0.0018305553821846843 0 300 0 0 0.011965030804276466 1 2 42108 -9 -9 0.53280001878738403 0.0010000000474974513 54.883687000000002 -26.724340999999999 0.32300001382827759 0.43900001049041748 -3.8489761352539062 10.619999885559082 0.017999999225139618 -9999 -9999 -2.2960000038146973 1.659000039100647 -12.89799976348877 1.6590148210525513 1.4229999780654907 -999 23.540000915527344 21.709999084472656 20.920000076293945 20.549999237060547 0.0099999997764825821 0 0 0 8.4499998092651367 46.400001525878906 93.510002136230469 131.60000610351562 25.182857513427734 23.333705902099609 22.572854995727539 22.201860427856445 57355.23828125 33.814990997314453 19.154228210449219 17.55708122253418 52.413196563720703 riz 0 57359.30859375 0.65066665410995483 -1.1949025392532349 0.39699357748031616 -0.04391789436340332 0.048935674130916595 22.681692123413086 0.049849893897771835 1.5181796698016115e-05 6.9704867655673297e-07 0.0044318707659840584 -1.4615689281072264e-07 -2.2960128021054516e-08 31 36.052539825439453 0.24399849772453308 0.42435184121131897
SN: 1279501 10 0 X3 3 0 35.565773 -4.5668899999999999 0.56655001640319824 0.0010000000474974513 0.56527501344680786 0.0010000000474974513 0.56527495384216309 0.0018583206692710519 0 300 0 0 0.021440325304865837 2 6 19006 -9 -9 0.56660002470016479 0.0010000000474974513 35.565533000000002 -4.5667799999999996 0.94599997997283936 1.3380000591278076 -0.14673581719398499 10.262999534606934 0.045000001788139343 -9999 -9999 0.32100000977516174 6.4219999313354492 -9.9469995498657227 6.4237985610961914 1.1720000505447388 -999 24.370000839233398 22.719999313354492 21.950000762939453 21.579999923706055 0.019999999552965164 0 0 0 3.559999942779541 17.170000076293945 32.849998474121094 43.720001220703125 26.121374130249023 24.413074493408203 23.708662033081055 23.398300170898438 57257.3515625 27.988134384155273 27.068964004516602 14.369585037231445 72.533576965332031 riz 0 57258.4140625 0.50689697265625 -0.0067273713648319244 0.38593584299087524 0.070456556975841522 0.034924797713756561 23.212894439697266 0.034285817295312881 9.3076905613997951e-06 2.9392202804956469e-07 0.00023136947129387408 -5.5197713066945653e-08 -5.8196047980629828e-09 36 39.159217834472656 0.32994478940963745 0.23486588895320892
SN: 1334581 10 0 X3 3 0 35.560623 -4.3713319999999998 0.82884997129440308 0.0010000000474974513 0.82735997438430786 0.0010000000474974513 0.82735991477966309 0.0020841548684984446 0 300 0 0 0.021128231659531593 3 3 -15176 -9 -9 0.8288000226020813 0.0010000000474974513 35.560679 -4.3713749999999996 0.25400000810623169 0.30000001192092896 -2.024829626083374 10.963000297546387 0.057999998331069946 -9999 -9999 0.64899998903274536 0.045000001788139343 -10.243000030517578 0.091787800192832947 0.97000002861022949 -999 23.870000839233398 22.780000686645508 21.729999542236328 21.209999084472656 0.0099999997764825821 0 0 0 6.2100000381469727 20.430000305175781 49.759998321533203 72.55999755859375 25.517271041870117 24.224328994750977 23.25779914855957 22.848257064819336 57339.046875 6.969670295715332 6.9473419189453125 5.5491275787353516 22.593450546264648 riz 0 57328.0859375 0.98125439882278442 -0.88429927825927734 0.71785867214202881 0.060105524957180023 0.074094004929065704 24.063070297241211 0.080483019351959229 4.2537467379588634e-06 3.1532005095868954e-07 0.0016133139142766595 -1.6877845609997166e-07 -5.6054011432493667e-10 39 35.880851745605469 0.61293071508407593 0.35640999674797058
SN: 1289470 10 0 C3 3 0 53.473770000000002 -27.984755 0.61268001794815063 0.0010000000474974513 0.61206799745559692 0.0010000000474974513 0.61206793785095215 0.0018979546148329973 0 300 0 0 0.0059256074018776417 1 1 -6382 -9 -9 0.61269998550415039 0.0010000000474974513 53.473835999999999 -27.984358 1.4429999589920044 1.1740000247955322 -9 10.762999534606934 0.013000000268220901 -9999 -9999 0.98500001430511475 0.014999999664723873 -9.7849998474121094 0.052201531827449799 0.62000000476837158 -999 22.870000839233398 21.840000152587891 21.159999847412109 20.809999465942383 0 0 0 0 13.609999656677246 31.879999160766602 54.540000915527344 67.44000244140625 24.665355682373047 23.741203308105469 23.158212661743164 22.927705764770508 57277.3203125 22.184288024902344 19.648347854614258 16.911972045898438 48.301536560058594 riz 0 57271.05859375 0.60749375820159912 -1.7459850311279297 0.32961946725845337 0.074658460915088654 0.056078605353832245 23.531293869018555 0.055831652134656906 6.9419688770722132e-06 3.5697584621630085e-07 0.0057159671559929848 -6.9342483755008288e-08 -1.4248358937152261e-08 41 30.023427963256836 0.89718884229660034 0.63296937942504883
SN: 1339327 10 0 E2 3 0 10.015751 -43.458354999999997 0.77377998828887939 0.0010000000474974513 0.77249801158905029 0.0010000000474974513 0.77249801158905029 0.0020361586939543486 0 300 0 0 0.0060063768178224564 1 1 42468 -9 -9 0.77380001544952393 0.0010000000474974513 10.015442999999999 -43.458477999999999 0.91900002956390381 1.1160000562667847 -9 9.8640003204345703 0.02500000037252903 -9999 -9999 1.5119999647140503 0.37000000476837158 -8.3439998626708984 0.3720497190952301 0.46500000357627869 -999 24.629999160766602 23.719999313354492 22.979999542236328 22.719999313354492 0.029999999329447746 0.019999999552965164 0.0099999997764825821 0.019999999552965164 2.4100000858306885 6.5100002288818359 11.310000419616699 13.119999885559082 26.544958114624023 25.466047286987305 24.866344451904297 24.705165863037109 57366.04296875 10.397522926330566 10.167948722839355 6.8110461235046387 24.876123428344727 riz 0 57359.37109375 1.1345081329345703 0.53662925958633423 0.84609216451644897 -0.13388793170452118 0.069479689002037048 23.676061630249023 0.067395687103271484 6.075403234717669e-06 3.7712288758484647e-07 0.01506715826690197 -2.0653472176945797e-07 9.1820312464463427e-10 29 22.857761383056641 0.78301209211349487 0.48080587387084961
SN: 1318052 10 0 C3 3 0 52.429530999999997 -28.082204999999998 0.48126998543739319 0.0010000000474974513 0.48068198561668396 0.0010000000474974513 0.48068201541900635 0.0017875529592856765 0 300 0 0 0.0062254867516458035 1 1 21633 -9 -9 0.4812999963760376 0.0010000000474974513 52.430041000000003 -28.082142999999999 1.6360000371932983 2.5390000343322754 -9 8.9569997787475586 0.008999999612569809 -9999 -9999 0.76200002431869507 0.28299999237060547 -8.1979999542236328 0.31662753224372864 0.29600000381469727 -999 24.840000152587891 24.030000686645508 23.690000534057617 23.420000076293945 0.019999999552965164 0.0099999997764825821 0.0099999997764825821 0.019999999552965164 1.7100000381469727 4.1399998664855957 5.5500001907348633 5.309999942779541 26.917509078979492 25.957498550415039 25.639266967773438 25.687263488769531 57311.234375 46.073421478271484 44.684970855712891 26.135686874389648 100.74188232421875 riz 0 57307.76171875 0.38314801454544067 0.59538853168487549 0.25656136870384216 0.13825282454490662 0.026856480166316032 23.250885009765625 0.029624713584780693 8.9876402853406034e-06 2.4523109232177376e-07 0.00037950254045426846 -3.2623749035565197e-08 -4.9553787739853306e-09 40 54.790374755859375 0.059678491204977036 0.50176042318344116
SN: 1278747 10 0 X2 3 0 36.290184000000004 -6.9266170000000002 0.32425999641418457 0.0010000000474974513 0.32321000099182129 0.0010000000474974513 0.32321000099182129 0.0016592835308983922 0 300 0 0 0.031541179865598679 1 1 17328 -9 -9 0.32429999113082886 0.0010000000474974513 36.290286000000002 -6.9266290000000001 0.36599999666213989 0.2070000022649765 -9 10.880999565124512 0.012000000104308128 -9999 -9999 1.4170000553131104 0.36800000071525574 -9.4449996948242188 0.36906367540359497 1.0010000467300415 -999 21.899999618530273 20.629999160766602 20.040000915527344 19.709999084472656 0 0 0 0 48.419998168945312 156.44999694824219 260.42001342773438 368.489990234375 23.287437438964844 22.014060974121094 21.460813522338867 21.083934783935547 57265.3828125 12.480189323425293 12.346137046813965 9.8137645721435547 39.623073577880859 griz 0 57259.53125 0.45702171325683594 -2.6180961132049561 0.50007534027099609 0.22853697836399078 0.048136051744222641 22.496715545654297 0.065515473484992981 1.8001721400651149e-05 1.0862595445360057e-06 0.0098610548302531242 -3.2054035159490013e-07 -4.1667920669397063e-08 51 56.766902923583984 0.26885649561882019 1.158415675163269
SN: 1345553 10 1 X1 3 0 35.344692000000002 -4.6679769999999996 0.31902000308036804 0.0010000000474974513 0.31794199347496033 0.0010000000474974513 0.31794202327728271 0.0016550798900425434 0 300 0 0 0.021647591143846512 1 2 44608 -9 -9 0.3190000057220459 0.0010000000474974513 35.344560999999999 -4.6678050000000004 0.77899998426437378 0.77899998426437378 -2.9067695140838623 9.8470001220703125 0.013000000268220901 -9999 -9999 0.56199997663497925 0.35199999809265137 -9.2740001678466797 0.35275062918663025 0.85100001096725464 -999 23.049999237060547 22.069999694824219 21.620000839233398 21.340000152587891 0.0099999997764825821 0 0 0 12.380000114440918 30.030000686645508 46.729999542236328 54.869998931884766 24.768198013305664 23.806112289428711 23.326011657714844 23.151662826538086 57395.09765625 42.874980926513672 42.302394866943359 37.334762573242188 108.72449493408203 griz 0 57394.73828125 0.35663557052612305 0.49174922704696655 0.4761587381362915 -0.12516199052333832 0.019796919077634811 21.460458755493164 0.025258991867303848 4.6753717469982803e-05 1.0876967735384824e-06 0.0040553663857281208 -3.537469979164598e-07 -1.2194507625906681e-08 16 18.320306777954102 0.30547696352005005 0.44825208187103271
SN: 1332721 10 0 C1 3 0 55.302475000000001 -27.368549000000002 0.42274001240730286 0.0010000000474974513 0.42223900556564331 0.0010000000474974513 0.42223906517028809 0.0017393861198797822 0 300 0 0 0.01113447081297636 1 2 40089 -9 -9 0.42269998788833618 0.0010000000474974513 55.302455000000002 -27.368611999999999 0.23600000143051147 0.27300000190734863 -4.442537784576416 9.9090003967285156 0.017000000923871994 -9999 -9999 0.045000001788139343 0.33700001239776611 -9.8610000610351562 0.34340208768844604 0.88099998235702515 -999 23.860000610351562 22.590000152587891 22.180000305175781 21.870000839233398 0.019999999552965164 0.0099999997764825821 0.0099999997764825821 0.0099999997764825821 6.2899999618530273 21.040000915527344 29.719999313354492 39.159999847412109 25.503374099731445 24.192386627197266 23.817378997802734 23.517892837524414 57319.1484375 14.194132804870605 11.078683853149414 7.827247142791748 44.026969909667969 riz 0 57324.6171875 0.54079049825668335 1.0731104612350464 0.5162578821182251 0.048372972756624222 0.049560301005840302 22.819768905639648 0.058718182146549225 1.3368796317081433e-05 7.230038363559288e-07 0.0039897188544273376 -2.1284670026489039e-07 -2.7377984324061799e-08 40 48.678955078125 0.16323395073413849 0.39236608147621155
SN: 1336453 10 1 S2 3 0 40.969749999999998 -1.229276 0.18579000234603882 0.0010000000474974513 0.18491700291633606 0.0010000000474974513 0.18491697311401367 0.0015510971425101161 0 300 0 0 0.026728885248303413 1 2 41864 -9 -9 0.18580000102519989 0.0010000000474974513 40.969763 -1.2294560000000001 0.65100002288818359 0.59299999475479126 -3.9055981636047363 9.1899995803833008 0.043999999761581421 -9999 -9999 0.84600001573562622 0.51999998092651367 -8.3439998626708984 0.52429860830307007 0.25200000405311584 -999 22.079999923706055 21.549999237060547 21.329999923706055 21.200000762939453 0 0 0 0 36.180000305175781 57.270000457763672 67.75 76.169998168945312 23.603828430175781 23.105182647705078 22.922725677490234 22.795539855957031 57355.2109375 158.96372985839844 154.97245788574219 92.929214477539062 345.65106201171875 griz 0 57355.08984375 0.17191319167613983 1.0664887428283691 0.15773314237594604 -0.062936045229434967 0.016681952401995659 20.195640563964844 0.024147851392626762 0.00014987993927206844 3.3334786166960839e-06 0.00042912250501103699 -3.1143102319219906e-07 -3.7305337485804557e-08 32 22.692558288574219 0.88775724172592163 0.41278091073036194
SN: 1336480 10 1 S2 3 0 41.724587 -1.1645570000000001 0.25694999098777771 0.0010000000474974513 0.25604099035263062 0.0010000000474974513 0.25604104995727539 0.0016061584465205669 0 300 0 0 0.029965324327349663 1 1 41848 -9 -9 0.25690001249313354 0.0010000000474974513 41.724806000000001 -1.1647730000000001 1.1069999933242798 0.99699997901916504 -9 9.9860000610351562 0.0080000003799796104 -9999 -9999 0.88099998235702515 0.22800000011920929 -9.1090002059936523 0.23067076504230499 0.69800001382827759 -999 21.629999160766602 20.760000228881836 20.350000381469727 20.120000839233398 0 0 0 0 44.540000915527344 90.050003051757812 130.67999267578125 167.07000732421875 23.378124237060547 22.613790512084961 22.209476470947266 21.942752838134766 57355.2109375 47.123992919921875 41.508388519287109 32.128257751464844 109.83036041259766 griz 0 57350.609375 0.25250506401062012 -0.33972731232643127 0.20153608918190002 -0.00019665494619403034 0.021108563989400864 21.40080451965332 0.028828326612710953 4.9394431698601693e-05 1.3115145520714577e-06 0.0012948614312335849 -1.5599474068039854e-07 -1.9346451551882637e-08 32 31.409534454345703 0.49628359079360962 0.11324433237314224
SN: 1339102 10 0 X2 3 0 35.408805999999998 -5.7656200000000002 0.64929002523422241 0.0010000000474974513 0.64795100688934326 0.0010000000474974513 0.64795100688934326 0.0019285661401227117 0 300 0 0 0.020182998850941658 1 1 41636 -9 -9 0.6492999792098999 0.0010000000474974513 35.409367000000003 -5.7659200000000004 2.2820000648498535 2.1110000610351562 -9 11.130000114440918 0.019999999552965164 -9999 -9999 -0.27799999713897705 0.67000001668930054 -11.38700008392334 0.6703946590423584 1.2990000247955322 -999 23.469999313354492 21.780000686645508 20.799999237060547 20.440000534057617 0.0099999997764825821 0 0 0 2.1700000762939453 9.4600000381469727 18.889999389648438 32.159999847412109 26.658849716186523 25.060272216796875 24.309419631958008 23.731710433959961 57356.1015625 12.422842979431152 10.951220512390137 5.8470640182495117 26.242240905761719 riz 0 57362.2578125 1.1860038042068481 0.75856393575668335 0.92371737957000732 0.027269255369901657 0.071425259113311768 23.651033401489258 0.065600410103797913 6.2170820456231013e-06 3.756374269414664e-07 0.016878793016076088 -2.4375211182814382e-07 -8.6197085025219167e-09 28 29.532999038696289 0.38588112592697144 0.26869654655456543
SN: 1334858 10 1 C3 3 0 53.131512000000001 -27.577598999999999 0.62800002098083496 0.0010000000474974513 0.62736797332763672 0.0010000000474974513 0.62736797332763672 0.001910984399728477 0 300 0 0 0.0083398614078760147 1 3 -14251 -9 -9 0.62800002098083496 0.0010000000474974513 53.132201999999999 -27.577718000000001 2.2439999580383301 1.9780000448226929 -0.97476375102996826 10.489999771118164 0.12999999523162842 -9999 -9999 1.031999945640564 0.024000000208616257 -9.6510000228881836 0.028844410553574562 0.52499997615814209 -999 22.389999389648438 21.600000381469727 21.069999694824219 20.899999618530273 0 0 0 0 6.0500001907348633 13.279999732971191 23.75 22.190000534057617 25.545612335205078 24.692005157470703 24.060840606689453 24.134607315063477 57327.09765625 8.4599838256835938 8.0091028213500977 6.6828951835632324 26.830375671386719 riz 0 57332.046875 0.91121470928192139 -0.47294992208480835 0.55896252393722534 0.21704979240894318 0.07726539671421051 24.175479888916016 0.078888379037380219 3.8353764466592111e-06 2.7867417884408496e-07 0.011486390605568886 -9.3688598212793295e-08 -1.530170834485034e-08 40 8.362788200378418 1 0.74047601222991943
SN: 1328089 10 0 E1 3 0 6.994421 -43.390152 0.56980001926422119 0.0010000000474974513 0.56863802671432495 0.0010000000474974513 0.56863808631896973 0.0018611580599099398 0 300 0 0 0.0062023177742958069 1 2 21943 -9 -9 0.56980001926422119 0.0010000000474974513 6.9940930000000003 -43.390554000000002 1.6809999942779541 2.0680000782012939 -1.652154803276062 9.6009998321533203 0.017999999225139618 -9999 -9999 1.4750000238418579 0.18899999558925629 -8.1339998245239258 0.1952485591173172 0.23999999463558197 -999 23.489999771118164 22.579999923706055 22.239999771118164 22.040000915527344 0.0099999997764825821 0.0099999997764825821 0.0099999997764825821 0.0099999997764825821 5.8400001525878906 11.170000076293945 15.5 14.390000343322754 25.583967208862305 24.879867553710938 24.524169921875 24.604846954345703 57305.0546875 10.287084579467773 8.7809581756591797 6.3191823959350586 31.358320236206055 riz 0 57299.2890625 0.88678574562072754 -0.10645803064107895 0.49697744846343994 -0.064088858664035797 0.060833625495433807 22.898780822753906 0.067032650113105774 1.2430468814272899e-05 7.6744908028558712e-07 0.0045955111272633076 -2.2884015038471262e-07 -2.6616339354745833e-08 44 44.87738037109375 0.43488889932632446 0.21655675768852234
SN: 1340470 10 0 X1 3 0 34.974418999999997 -4.8018099999999997 0.58187001943588257 0.0010000000474974513 0.58056902885437012 0.0010000000474974513 0.58056902885437012 0.0018712383462116122 0 300 0 0 0.018291082233190536 1 1 43692 -9 -9 0.58190000057220459 0.0010000000474974513 34.974406000000002 -4.8017079999999996 0.36899998784065247 0.55199998617172241 -9 10.022000312805176 0.045000001788139343 -9999 -9999 0.49900001287460327 0.008999999612569809 -9.5380001068115234 0.092439167201519012 0.42699998617172241 -999 23.040000915527344 22.100000381469727 21.610000610351562 21.430000305175781 0.0099999997764825821 0 0 0.0099999997764825821 13.340000152587891 33.729999542236328 49.770000457763672 58.860000610351562 24.687110900878906 23.679958343505859 23.257579803466797 23.075448989868164 57379.0625 10.879095077514648 10.579095840454102 7.4413313865661621 30.027288436889648 riz 0 57381.28515625 0.7262275218963623 1.054168701171875 0.76439887285232544 -0.0096062673255801201 0.070307932794094086 23.101062774658203 0.076835334300994873 1.0317502528778277e-05 7.3014859935938148e-07 0.019261309877038002 -4.3862965526386688e-07 -2.9754678720905758e-08 17 21.668767929077148 0.19779524207115173 0.35284551978111267
SN: 1338223 10 0 E1 3 0 7.7606260000000002 -42.630088999999998 0.60071998834609985 0.0010000000474974513 0.59952199459075928 0.0010000000474974513 0.59952199459075928 0.001887295744381845 0 300 0 0 0.005693536251783371 1 1 42866 -9 -9 0.6007000207901001 0.0010000000474974513 7.7606820000000001 -42.630025000000003 0.27500000596046448 0.23499999940395355 -9 10.630000114440918 0.013000000268220901 -9999 -9999 0.87199997901916504 0.014999999664723873 -9.758000373840332 0.023430749773979187 0.61299997568130493 -999 22.729999542236328 21.610000610351562 21.010000228881836 20.590000152587891 0.0099999997764825821 0 0 0 20.049999237060547 55.25 97.150001525878906 131.64999389648438 24.244714736938477 23.144168853759766 22.531393051147461 22.201448440551758 57372.03515625 11.668440818786621 10.052326202392578 8.2267389297485352 25.778305053710938 riz 0 57366.171875 1.0486829280853271 -0.19570571184158325 0.743949294090271 -0.038357064127922058 0.074871242046356201 23.140703201293945 0.070251777768135071 9.947612852556631e-06 6.4365315211034613e-07 0.0078020053915679455 -2.656709341408714e-07 -2.8653241557208275e-08 24 16.378307342529297 0.87393957376480103 0.14353750646114349
SN: 1338649 10 1 S1 3 0 42.165390000000002 -0.42173300000000002 0.6144300103187561 0.0010000000474974513 0.61327099800109863 0.0010000000474974513 0.61327099800109863 0.0018989779055118561 0 300 0 0 0.040151022374629974 1 1 42231 -9 -9 0.61440002918243408 0.0010000000474974513 42.165511000000002 -0.42174800000000001 0.43900001049041748 0.72399997711181641 -9 10.421999931335449 0.054000001400709152 -9999 -9999 0.22900000214576721 10.229000091552734 -10.196000099182129 10.229801177978516 1.4839999675750732 -999 24.870000839233398 23.149999618530273 22.219999313354492 21.709999084472656 0.05000000074505806 0.0099999997764825821 0.0099999997764825821 0.0099999997764825821 2.3900001049041748 11.529999732971191 27.159999847412109 44.659999847412109 26.554004669189453 24.845426559448242 23.915176391601562 23.375202178955078 57355.23046875 7.5110721588134766 6.4653396606445312 6.3381481170654297 19.240400314331055 riz 0 57350.46484375 1.0136139392852783 -0.57493853569030762 0.84514051675796509 0.073926918208599091 0.10373342782258987 23.695369720458984 0.10695628076791763 5.9683202380256262e-06 5.879414857190568e-07 0.019243840128183365 -3.5085139415969024e-07 -3.1206212725010118e-08 29 24.518009185791016 0.70299893617630005 0.31217396259307861
SN: 1341857 10 0 C1 3 0 53.118178999999998 -26.979706 0.50372999906539917 0.0010000000474974513 0.50313997268676758 0.0010000000474974513 0.50313997268676758 0.0018062241142615676 0 300 0 0 0.0079245353117585182 1 3 43888 -9 -9 0.50370001792907715 0.0010000000474974513 53.118153999999997 -26.979880999999999 0.63599997758865356 0.66600000858306885 -3.1675944328308105 10.855999946594238 0.071999996900558472 -9999 -9999 -0.38699999451637268 9.6129999160766602 -11.211000442504883 9.6133413314819336 1.4190000295639038 -999 23.260000228881836 21.389999389648438 20.620000839233398 20.219999313354492 0.0099999997764825821 0 0 0 10.289999961853027 59.229999542236328 116.22000122070312 168.41999816894531 24.968961715698242 23.068645477294922 22.336797714233398 21.934015274047852 57385.15234375 11.981837272644043 8.6675081253051758 8.1401214599609375 27.759103775024414 riz 0 57382.9296875 0.70889735221862793 -1.8827755451202393 0.6217915415763855 -0.041298270225524902 0.078132674098014832 23.092645645141602 0.071168117225170135 1.039781272993423e-05 6.8155850385664962e-07 0.0067462394945323467 -1.7533201912556251e-07 -2.8478105207341287e-08 22 31.746820449829102 0.081816062331199646 0.64251226186752319
SN: 1338665 10 0 X3 3 0 36.616759999999999 -5.1379590000000004 0.72198998928070068 0.0010000000474974513 0.72062098979949951 0.0010000000474974513 0.72062098979949951 0.0019911022391170263 0 300 0 0 0.025065353140234947 1 2 42651 -9 -9 0.72200000286102295 0.0010000000474974513 36.616464999999998 -5.137823 1.1649999618530273 1.2669999599456787 -2.846266508102417 10.694000244140625 0.013000000268220901 -9999 -9999 0.90399998426437378 0.16599999368190765 -9.7849998474121094 0.17425556480884552 0.94700002670288086 -999 23.799999237060547 22.850000381469727 21.950000762939453 21.569999694824219 0.0099999997764825821 0 0 0 5.690000057220459 15.890000343322754 32.509998321533203 45.090000152587891 25.612218856811523 24.497190475463867 23.71995735168457 23.364799499511719 57366.07421875 20.309471130371094 16.713733673095703 9.7083368301391602 38.245082855224609 riz 0 57366.20703125 0.80876344442367554 -0.23929844796657562 0.58550643920898438 0.15721797943115234 0.056602124124765396 24.20452880859375 0.045454222708940506 3.7341196730267256e-06 1.5632849681423977e-07 0.0058303829282522202 -5.3874551042554231e-08 -2.8848881061804832e-09 19 12.372021675109863 0.8691137433052063 0.53009569644927979
SN: 1317666 10 1 X3 3 0 36.771053000000002 -5.0030919999999997 0.14226999878883362 0.0010000000474974513 0.14136399328708649 0.0010000000474974513 0.14136397838592529 0.0015180415939539671 0 300 0 0 0.022805597633123398 1 2 -14178 -9 -9 0.14229999482631683 0.0010000000474974513 36.771016000000003 -5.0024129999999998 2.4470000267028809 1.5 -2.3850104808807373 10.062000274658203 0.0060000000521540642 -9999 -9999 0.49500000476837158 0.1379999965429306 -9.5659999847412109 0.15128780901432037 1.0809999704360962 -999 20.909999847412109 20.049999237060547 19.610000610351562 19.309999465942383 0 0 0 0 33.669998168945312 67.680000305175781 85.680000305175781 106.75 23.681892395019531 22.923849105834961 22.667800903320312 22.429080963134766 57301.29296875 208.12460327148438 199.17369079589844 163.95011901855469 464.15411376953125 gri 0 57301.59765625 0.18177831172943115 -0.16407907009124756 0.098238155245780945 0.061897680163383484 0.016701895743608475 20.169729232788086 0.020687919110059738 0.00015349990280810744 2.924829686890007e-06 -4.6545745135517791e-05 -7.4219336454461882e-08 -3.5219184013612903e-08 27 9.4060583114624023 0.99931490421295166 0.2134515792131424
SN: 1319066 10 0 C2 3 0 54.948836999999997 -28.900407999999999 0.33449000120162964 0.0010000000474974513 0.33402499556541443 0.0010000000474974513 0.33402502536773682 0.0016679322579875588 0 300 0 0 0.012018564157187939 1 1 3372 -9 -9 0.3345000147819519 0.0010000000474974513 54.948833999999998 -28.900427000000001 0.068000003695487976 0.1289999932050705 -9 8.8819999694824219 0.029999999329447746 -9999 -9999 0.24699999392032623 0.31400001049041748 -8.625 0.32748281955718994 0.38499999046325684 -999 23.899999618530273 23.100000381469727 22.920000076293945 22.639999389648438 0.019999999552965164 0.0099999997764825821 0.0099999997764825821 0.019999999552965164 6.0300002098083496 13.310000419616699 15.600000381469727 18.510000228881836 25.549205780029297 24.689554214477539 24.517189025878906 24.331483840942383 57302.296875 25.934337615966797 23.243471145629883 22.430177688598633 67.617919921875 griz 0 57298.66796875 0.42425912618637085 0.58042895793914795 0.31020385026931763 0.084845073521137238 0.026617523282766342 22.220619201660156 0.038937468081712723 2.3214135580928996e-05 8.3252234617248178e-07 0.0022398664150387049 -1.4472325915448891e-07 -1.5024815169795147e-08 51 49.530002593994141 0.53217709064483643 0.34266379475593567
SN: 1280792 10 0 C3 3 0 52.292923000000002 -28.016565 0.68123000860214233 0.0010000000474974513 0.68055802583694458 0.0010000000474974513 0.6805579662322998 0.0019565389957278967 0 300 0 0 0.0074103563092648983 1 1 6261 -9 -9 0.68120002746582031 0.0010000000474974513 52.292985999999999 -28.016584999999999 0.21199999749660492 0.27500000596046448 -9 10.60099983215332 0.019999999552965164 -9999 -9999 -4.0019998550415039 5.9980001449584961 -14.625 5.998420238494873 1.5290000438690186 -999 25.030000686645508 23.149999618530273 22.079999923706055 21.559999465942383 0.029999999329447746 0.0099999997764825821 0 0 2.4200000762939453 12.659999847412109 35.020000457763672 51.689998626708984 26.540462493896484 24.743915557861328 23.639209747314453 23.216484069824219 57253.28515625 20.982982635498047 13.030402183532715 12.260181427001953 35.015140533447266 riz 0 57249.9921875 1.8013594150543213 -2.6765396595001221 0.54834461212158203 0.020765213295817375 0.062602728605270386 23.750341415405273 0.06283191591501236 5.6736598708084784e-06 3.2833659702191653e-07 0.0002588459465187043 -4.6126341857188891e-08 -3.5599236891670216e-09 30 34.935226440429688 0.24500495195388794 0.89486086368560791
SN: 1340700 10 0 X3 3 0 36.162502000000003 -4.6816639999999996 0.32657000422477722 0.0010000000474974513 0.32550299167633057 0.0010000000474974513 0.32550299167633057 0.0016611150931566954 0 300 0 0 0.020885536447167397 1 1 43324 -9 -9 0.32659998536109924 0.0010000000474974513 36.162488000000003 -4.6816630000000004 0.048999998718500137 0.043000001460313797 -9 10.461000442504883 0.0080000003799796104 -9999 -9999 1.1039999723434448 0.13099999725818634 -9.3459997177124023 0.13223086297512054 0.92100000381469727 -999 22.059999465942383 20.899999618530273 20.459999084472656 20.030000686645508 0 0 0 0 40.400001525878906 115.83999633789062 166.33000183105469 226.02999877929688 23.484046936035156 22.340354919433594 21.947574615478516 21.614585876464844 57376.09765625 68.693534851074219 45.661544799804688 42.18292236328125 153.82225036621094 griz 0 57373.859375 0.19139860570430756 -0.3451591432094574 0.22467410564422607 0.117381252348423 0.020530601963400841 22.064783096313477 0.027979716658592224 2.6797048121807165e-05 6.9056721940796706e-07 0.0020497920922935009 -1.0420438911751262e-07 -1.0964701147031519e-08 23 24.030500411987305 0.40212109684944153 0.40783581137657166
SN: 1330403 10 0 C2 3 0 54.519131000000002 -29.132798999999999 0.77713000774383545 0.0010000000474974513 0.77649998664855957 0.0010000000474974513 0.77649998664855957 0.0020396481268107891 0 300 0 0 0.0091983843594789505 1 1 39910 -9 -9 0.77710002660751343 0.0010000000474974513 54.519261999999998 -29.133044000000002 0.97200000286102295 1.0679999589920044 -9 10.548000335693359 0.014000000432133675 -9999 -9999 0.97100001573562622 0.014000000432133675 -9.5670003890991211 0.054817881435155869 0.46299999952316284 -999 23.360000610351562 22.520000457763672 21.659999847412109 21.299999237060547 0.0099999997764825821 0.0099999997764825821 0 0 9.3500003814697266 19.590000152587891 42.340000152587891 62.380001068115234 25.072971343994141 24.269914627075195 23.433122634887695 23.012386322021484 57311.26171875 13.885819435119629 9.3696632385253906 8.7423553466796875 28.032577514648438 riz 0 57313.16796875 1.1281249523162842 0.21543581783771515 0.82140243053436279 -0.077990204095840454 0.065144985914230347 23.575553894042969 0.058337628841400146 6.6646716732066125e-06 3.5809910059469985e-07 0.012457539327442646 -1.9088697911229247e-07 -2.8132245422085589e-09 47 47.269268035888672 0.46155464649200439 0.26970347762107849
SN: 1308529 10 0 X3 3 0 35.844116 -3.9928560000000002 0.72351998090744019 0.0010000000474974513 0.72212100028991699 0.0010000000474974513 0.72212100028991699 0.0019924002699553967 0 300 0 0 0.021167654544115067 1 1 20154 -9 -9 0.72350001335144043 0.0010000000474974513 35.843981999999997 -3.9927049999999999 0.72600001096725464 0.94800001382827759 -9 9.7650003433227539 0.02199999988079071 -9999 -9999 0.46700000762939453 0.018999999389052391 -9.2729997634887695 0.049769468605518341 0.2370000034570694 -999 23.879999160766602 23.219999313354492 22.600000381469727 22.389999389648438 0.0099999997764825821 0.0099999997764825821 0.0099999997764825821 0.0099999997764825821 5.1700000762939453 10.520000457763672 15.869999885559082 20.180000305175781 25.716274261474609 24.944961547851562 24.498558044433594 24.237697601318359 57291.25390625 12.689544677734375 9.8260459899902344 8.1965780258178711 31.738296508789062 riz 0 57289.078125 0.99181413650512695 0.87869477272033691 0.82866156101226807 0.12060537189245224 0.06002609059214592 24.100212097167969 0.064101509749889374 4.1106932258117013e-06 2.4269397158604988e-07 0.0076859700493514538 -1.3317514913069317e-07 -8.0016731018872633e-09 39 58.152980804443359 0.02483302541077137 0.49740102887153625
SN: 1306366 10 0 S1 3 0 42.248134999999998 -0.50309999999999999 0.15144999325275421 0.0010000000474974513 0.15062500536441803 0.0010000000474974513 0.15062499046325684 0.0015250261640176177 0 300 0 0 0.040541872382164001 1 1 11034 -9 -9 0.15139999985694885 0.0010000000474974513 42.247118999999998 -0.50301899999999999 3.6679999828338623 1.8279999494552612 -9 9.064000129699707 0.020999999716877937 -9999 -9999 0.57400000095367432 0.48600000143051147 -8.4589996337890625 0.4872586727142334 0.45800000429153442 -999 23.209999084472656 22.520000457763672 22.120000839233398 21.940000534057617 0.0099999997764825821 0.0099999997764825821 0.0099999997764825821 0.0099999997764825821 3.2100000381469727 4.9000000953674316 6.6999998092651367 9.7399997711181641 26.233737945556641 25.774509429931641 25.434812545776367 25.028602600097656 57283.26171875 79.026710510253906 74.764411926269531 57.532184600830078 155.59013366699219 griz 0 57284.12890625 0.22405347228050232 -0.28355950117111206 0.22961342334747314 0.22252368927001953 0.023890703916549683 21.083267211914062 0.03387436643242836 6.6174921812489629e-05 2.0646207303798292e-06 0.0023516030050814152 -2.4532977249691612e-07 -4.0138530721378629e-08 21 23.911252975463867 0.29737845063209534 0.74774360656738281
SN: 1334645 10 1 X2 3 0 36.379593 -5.8789889999999998 0.24799999594688416 0.0010000000474974513 0.24700699746608734 0.0010000000474974513 0.24700701236724854 0.0015990941319614649 0 300 0 0 0.024309612810611725 1 1 -14228 -9 -9 0.24799999594688416 0.0010000000474974513 36.380208000000003 -5.8791270000000004 2.2560000419616699 1.3559999465942383 -9 10.475000381469727 0.050999999046325684 -9999 -9999 0.63499999046325684 0.70899999141693115 -9.7650003433227539 0.71090435981750488 1.1599999666213989 -999 22.100000381469727 20.950000762939453 20.450000762939453 20.219999313354492 0 0 0 0 10.640000343322754 25.780000686645508 39.090000152587891 51.849998474121094 24.932645797729492 23.971792221069336 23.51983642578125 23.213127136230469 57339.15234375 61.412731170654297 59.021823883056641 42.80267333984375 186.38922119140625 griz 0 57335.515625 0.1935015469789505 -0.85785317420959473 0.16806091368198395 -0.042303390800952911 0.017341829836368561 20.906723022460938 0.022369304671883583 7.7859403972979635e-05 1.6041287835832918e-06 0.00062913203146308661 -1.2916233060877857e-07 -1.9233739934065852e-08 40 27.282442092895508 0.93722379207611084 0.31882938742637634
SN: 1331707 10 0 E1+E2 3 0 8.4123180000000009 -43.710296999999997 0.65516000986099243 0.0010000000474974513 0.65395498275756836 0.0010000000474974513 0.65395498275756836 0.0019337058765813708 0 300 0 0 0.0054189856164157391 1 1 39614 -9 -9 0.65520000457763672 0.0010000000474974513 8.4123719999999995 -43.710386 0.34900000691413879 0.46900001168251038 -9 10.529000282287598 0.039000000804662704 -9999 -9999 -0.42800000309944153 8.3299999237060547 -10.942999839782715 8.3300867080688477 1.2899999618530273 -999 24.489999771118164 22.639999389648438 21.620000839233398 21.190000534057617 0.029999999329447746 0.0099999997764825821 0 0 3.3299999237060547 19.670000076293945 50.569999694824219 70.800003051757812 26.193889617919922 24.26548957824707 23.240268707275391 22.874916076660156 57305.0546875 7.7890448570251465 7.0833148956298828 7.0181369781494141 31.279008865356445 riz 0 57313.27734375 0.88600873947143555 0.42663383483886719 0.61529397964477539 -0.1038135439157486 0.058728873729705811 23.566432952880859 0.059521269053220749 6.7208902692073025e-06 3.6844670603386476e-07 0.0081838248297572136 -1.60667966042638e-07 -6.2400880018742555e-09 98 95.444801330566406 0.55423903465270996 0.37412735819816589
SN: 1289714 10 0 C1 3 0 54.518154000000003 -27.567592999999999 0.53637999296188354 0.0010000000474974513 0.53582000732421875 0.0010000000474974513 0.53582000732421875 0.0018335460918024182 0 300 0 0 0.0097678527235984802 1 1 1794 -9 -9 0.53640002012252808 0.0010000000474974513 54.518380000000001 -27.567661999999999 0.7630000114440918 1.2380000352859497 -9 10.291999816894531 0.039000000804662704 -9999 -9999 0.18500000238418579 10.185000419616699 -10.121999740600586 10.185648918151855 1.3710000514984131 -999 24.290000915527344 22.659999847412109 21.909999847412109 21.489999771118164 0.019999999552965164 0.0099999997764825821 0 0 3.7799999713897705 16.799999237060547 32.909999847412109 49.180000305175781 26.056270599365234 24.436727523803711 23.706680297851562 23.270528793334961 57278.23828125 11.94630241394043 10.259806632995605 8.5453891754150391 29.950693130493164 riz 0 57276.30859375 1.0547648668289185 1.3295395374298096 0.71562165021896362 0.056004524230957031 0.064651638269424438 23.255990982055664 0.063080921769142151 8.9454852059134282e-06 5.1972978099001921e-07 0.0024921717122197151 -1.7007833719162591e-07 -2.1269725536399164e-08 49 56.739437103271484 0.20879006385803223 0.48089340329170227
SN: 1339246 10 0 C3 3 0 52.980212999999999 -27.713514 0.95867002010345459 0.0010000000474974513 0.95790600776672363 0.0010000000474974513 0.95790600776672363 0.002199661685153842 0 300 0 0 0.0081085944548249245 1 1 42465 -9 -9 0.95870000123977661 0.0010000000474974513 52.980254000000002 -27.712733 2.812999963760376 3.4570000171661377 -9 11.206000328063965 0.085000000894069672 -9999 -9999 -1.7949999570846558 0.39300000667572021 -12.89799976348877 0.39310303330421448 1.2560000419616699 -999 24.659999847412109 22.770000457763672 21.479999542236328 20.760000228881836 0.019999999552965164 0 0 0 0.2800000011920929 0.2800000011920929 1.4800000190734863 2.9600000381469727 27.5 27.5 27.074346542358398 26.321769714355469 57355.25 10.724264144897461 7.867164134979248 -99 21.513605117797852 iz 0 57352.2578125 1.183279275894165 -0.25812271237373352 0.88935220241546631 -0.081157885491847992 0.15965163707733154 25.015745162963867 0.088489755988121033 1.7688948901195545e-06 1.4416860949495458e-07 -0.0028129583224654198 -9.5166818425695965e-08 4.8168553590244301e-09 25 19.90123176574707 0.75198698043823242 0.28387936949729919
SN: 1255824 10 0 X3 3 0 35.777954000000001 -4.5112680000000003 0.81999999284744263 0.0010000000474974513 0.81852400302886963 0.0010000000474974513 0.81852400302886963 0.0020764016080647707 0 300 0 0 0.025308163836598396 1 3 19731 -9 -9 0.81999999284744263 0.0010000000474974513 35.778015000000003 -4.5112120000000004 0.29899999499320984 0.23000000417232513 -4.4681172370910645 11.288999557495117 0.017999999225139618 -9999 -9999 0.54100000858306885 10.541000366210938 -10.781000137329102 10.54118824005127 1.4440000057220459 -999 25.059999465942383 23.049999237060547 21.700000762939453 21.059999465942383 0.029999999329447746 0 0 0 2.4200000762939453 15.600000381469727 52.470001220703125 92.30999755859375 26.540462493896484 24.517189025878906 23.200222015380859 22.586877822875977 56592.08203125 11.119672775268555 8.607151985168457 7.4907317161560059 26.489261627197266 riz 0 56590.85546875 0.83832263946533203 -1.2366787195205688 0.62608027458190918 -0.044336006045341492 0.070304945111274719 24.103538513183594 0.070832923054695129 4.098121735296445e-06 2.6735955316325999e-07 0.0035073498729616404 -1.1426151758087144e-07 1.4650360924406414e-09 37 33.120452880859375 0.65154629945755005 0.43791705369949341
SN: 1256505 10 0 S2 3 0 41.995303999999997 -0.64230900000000002 0.55738002061843872 0.0010000000474974513 0.55625802278518677 0.0010000000474974513 0.55625796318054199 0.0018507218919694424 0 300 0 0 0.031055716797709465 1 1 12512 -9 -9 0.55739998817443848 0.0010000000474974513 41.995544000000002 -0.64221700000000004 0.92500001192092896 1.3009999990463257 -9 10.347999572753906 0.059000000357627869 -9999 -9999 -2.5789999961853027 2.5429999828338623 -12.89900016784668 2.5432989597320557 1.5069999694824219 -999 24.790000915527344 22.809999465942383 21.959999084472656 21.590000152587891 0.039999999105930328 0.0099999997764825821 0.0099999997764825821 0.0099999997764825821 2.0399999618530273 14.550000190734863 33.75 40.490001678466797 26.725925445556641 24.592842102050781 23.679315567016602 23.481630325317383 56590.30078125 18.717678070068359 14.863245010375977 11.614699363708496 38.009319305419922 riz 0 56596.41015625 0.74422216415405273 0.62651646137237549 0.51285272836685181 -0.01054676715284586 0.052918203175067902 22.895208358764648 0.052686456590890884 1.2471445188566577e-05 6.051895979908295e-07 0.0029176047537475824 -1.7682313568911923e-07 -1.887317324644755e-08 37 24.155729293823242 0.94869339466094971 0.2117772102355957
SN: 1256426 10 0 C2 3 0 54.221615 -29.861069000000001 0.3327299952507019 0.0010000000474974513 0.33225700259208679 0.0010000000474974513 0.33225703239440918 0.0016665166476741433 0 300 0 0 0.010280594229698181 1 1 3558 -9 -9 0.33270001411437988 0.0010000000474974513 54.221600000000002 -29.861101000000001 0.12399999797344208 0.1120000034570694 -9 10.401000022888184 0.013000000268220901 -9999 -9999 1.281999945640564 0.020999999716877937 -9.1090002059936523 0.033421549946069717 0.71700000762939453 -999 21.25 20.489999771118164 20.159999847412109 19.659999847412109 0 0 0 0 77.330001831054688 155.21000671386719 199.27999877929688 320.80999755859375 22.779129028320312 22.022701263427734 21.751340866088867 21.234378814697266 56675.09375 30.406124114990234 29.116439819335938 -99 61.758884429931641 grz 0 56664.015625 1.0448489189147949 4.0165939331054688 0.76172709465026855 0.45611563324928284 0.12285374104976654 21.499643325805664 0.21293184161186218 4.5096447138348594e-05 8.8442011474398896e-06 0.02109888382256031 -1.5457818562936154e-06 -1.0574746056590811e-06 2 2.7455434799194336 0.25340360403060913 2.0258653163909912
SN: 1256432 10 0 C2 3 0 54.723019000000001 -29.351569999999999 0.51182997226715088 0.0010000000474974513 0.51130199432373047 0.0010000000474974513 0.51130199432373047 0.001813031267374754 0 300 0 0 0.0098179029300808907 1 1 2658 -9 -9 0.51179999113082886 0.0010000000474974513 54.723300000000002 -29.351783999999999 1.1690000295639038 1.3789999485015869 -9 10.111000061035156 0.014999999664723873 -9999 -9999 0.29699999094009399 0.017999999225139618 -9.810999870300293 0.049396354705095291 0.63499999046325684 -999 23.270000457763672 22.159999847412109 21.719999313354492 21.450000762939453 0.0099999997764825821 0 0 0 8.8100004196166992 26.920000076293945 37.849998474121094 44.669998168945312 25.13755989074707 23.924812316894531 23.554836273193359 23.374959945678711 56590.328125 29.601877212524414 17.989753723144531 11.859989166259766 47.646762847900391 riz 0 56595.55859375 0.61534297466278076 -0.046543795615434647 0.39580869674682617 -0.083409816026687622 0.047440208494663239 22.650152206420898 0.04649738222360611 1.562928082421422e-05 6.6933444031747058e-07 0.0015271645970642567 -1.4209587106961408e-07 -1.8631691744985801e-08 36 33.142646789550781 0.60522270202636719 0.27846527099609375
SN: 1264434 10 0 X3 3 0 36.716152000000001 -4.3552489999999997 0.31178998947143555 0.0010000000474974513 0.3107450008392334 0.0010000000474974513 0.3107450008392334 0.001649347017519176 0 300 0 0 0.023079723119735718 1 1 18655 -9 -9 0.31180000305175781 0.0010000000474974513 36.716188000000002 -4.3551729999999997 0.30099999904632568 0.17900000512599945 -9 11.026000022888184 0.054999999701976776 -9999 -9999 0.71100002527236938 0.20200000703334808 -10.364999771118164 0.21763502061367035 1.2109999656677246 -999 21.760000228881836 20.190000534057617 19.549999237060547 19.299999237060547 0 0 0 0 49.369998931884766 196.39999389648438 330.44000244140625 442.04998779296875 23.266342163085938 21.767147064208984 21.202268600463867 20.886322021484375 56669.05859375 96.1402587890625 50.321952819824219 40.219730377197266 159.9986572265625 griz 0 56667.16796875 0.21959123015403748 0.26122429966926575 0.22591917216777802 0.036137092858552933 0.02019142173230648 21.55375862121582 0.025853937491774559 4.290384822525084e-05 1.0216417649644427e-06 0.0018856147071346641 -1.4784721713567706e-07 -1.5214311588351848e-08 19 23.197214126586914 0.22876705229282379 0.14863342046737671
SN: 1251114 10 0 C2 3 0 53.801479 -28.814411 0.62691998481750488 0.0010000000474974513 0.6263200044631958 0.0010000000474974513 0.6263200044631958 0.0019100907957181334 0 300 0 0 0.0078247850760817528 1 1 2915 -9 -9 0.62690001726150513 0.0010000000474974513 53.801530999999997 -28.814411 0.16500000655651093 0.24400000274181366 -9 10.576000213623047 0.026000000536441803 -9999 -9999 -2.3489999771118164 1.2599999904632568 -12.89799976348877 1.2606997489929199 1.5249999761581421 -999 24.420000076293945 22.649999618530273 21.659999847412109 21.229999542236328 0.019999999552965164 0.0099999997764825821 0 0 3.4200000762939453 19.260000228881836 48.889999389648438 71.360000610351562 26.164934158325195 24.288358688354492 23.276950836181641 22.866363525390625 56547.2578125 14.74738597869873 10.594488143920898 6.5809602737426758 37.041534423828125 riz 0 56550.72265625 0.82215785980224609 0.54915118217468262 0.65689206123352051 -0.030817937105894089 0.05356939509510994 23.288536071777344 0.055025648325681686 8.6813133748364635e-06 4.399732631554798e-07 0.010541265830397606 -2.0768170827523136e-07 -1.0761654678503874e-08 38 37.674026489257812 0.48439669609069824 0.20990514755249023
SN: 1255412 10 0 S2 3 0 41.137352 -1.56517 0.37303000688552856 0.0010000000474974513 0.37202399969100952 0.0010000000474974513 0.3720240592956543 0.0016985178226605058 0 300 0 0 0.02589799091219902 1 1 13327 -9 -9 0.37299999594688416 0.0010000000474974513 41.13702 -1.5653589999999999 1.3739999532699585 0.97299998998641968 -9 10.47599983215332 0.013000000268220901 -9999 -9999 0.72399997711181641 0.28099998831748962 -9.7320003509521484 0.28202304244041443 0.80800002813339233 -999 22.479999542236328 21.190000534057617 20.680000305175781 20.399999618530273 0 0 0 0 16.829999923706055 50.540000915527344 69.290000915527344 85.180000305175781 24.434789657592773 23.240911483764648 22.898323059082031 22.674156188964844 56590.30078125 17.874408721923828 17.415607452392578 14.520431518554688 51.784770965576172 griz 0 56586.19921875 0.3321881890296936 -0.10205525904893875 0.40578776597976685 0.035494543612003326 0.033680874854326248 22.393932342529297 0.052492029964923859 1.9789153157034889e-05 9.5674511157994857e-07 0.005547509528696537 -2.9702349024773866e-07 -2.1714392062222032e-08 41 33.585811614990234 0.7879137396812439 0.12310858815908432
SN: 1255737 10 0 X3 3 0 36.613785 -4.3579569999999999 0.92049002647399902 0.0010000000474974513 0.91895699501037598 0.0010000000474974513 0.91895699501037598 0.0021650197450071573 0 300 0 0 0.02238071896135807 1 2 17970 -9 -9 0.92049998044967651 0.0010000000474974513 36.612926999999999 -4.3582869999999998 3.3010001182556152 1.6840000152587891 -1.5480719804763794 9.866999626159668 0.039000000804662704 -9999 -9999 1.8849999904632568 0.14300000667572021 -8.0419998168945312 0.18667887151241302 -0.028000000864267349 -999 24.120000839233398 23.639999389648438 22.940000534057617 22.629999160766602 0.0099999997764825821 0.0099999997764825821 0.0099999997764825821 0.0099999997764825821 0.5899999737739563 1.0499999523162842 1.6699999570846558 2.5099999904632568 27.5 27.447027206420898 26.943208694458008 26.500816345214844 56580.1328125 11.319680213928223 7.4527044296264648 -99 23.310022354125977 iz 0 56588.13671875 0.89362567663192749 -0.66845625638961792 0.72102725505828857 -0.14156451821327209 0.1575920581817627 24.495395660400391 0.082599744200706482 2.8565489174070535e-06 2.1731817412273813e-07 -0.004365094006061554 -1.1442611480561027e-07 2.5203656939254415e-09 25 28.321771621704102 0.29325464367866516 0.52184343338012695
SN: 1256823 10 1 X3 3 0 36.531844999999997 -4.6173089999999997 0.44198998808860779 0.0010000000474974513 0.44083899259567261 0.0010000000474974513 0.44083905220031738 0.0017546475864946842 0 300 0 0 0.023299448192119598 1 1 19971 -9 -9 0.44200000166893005 0.0010000000474974513 36.531815000000002 -4.6174540000000004 0.5350000262260437 0.66900002956390381 -9 9.3129997253417969 0.10499999672174454 -9999 -9999 0.63099998235702515 0.91500002145767212 -8.5319995880126953 0.91752332448959351 0.35600000619888306 -999 24.069999694824219 23.100000381469727 22.809999465942383 22.510000228881836 0.0099999997764825821 0 0.0099999997764825821 0.0099999997764825821 5.0100002288818359 12.840000152587891 16.479999542236328 19.540000915527344 25.750406265258789 24.728588104248047 24.457607269287109 24.272687911987305 56608.20703125 74.216392517089844 57.660427093505859 35.570590972900391 172.91249084472656 riz 0 56609.25390625 0.35218715667724609 1.1048723459243774 0.24510601162910461 -0.13292208313941956 0.029322445392608643 22.102870941162109 0.037698931992053986 2.5873276172205806e-05 8.9837186578733963e-07 0.0016957302577793598 -1.3013112720727804e-07 -2.0907904740852246e-08 26 38.042533874511719 0.060012947767972946 0.57615303993225098
SN: 1259412 10 1 X3 3 0 36.345382999999998 -5.3240999999999996 0.30581000447273254 0.0010000000474974513 0.30476701259613037 0.0010000000474974513 0.30476701259613037 0.0016445938963443041 0 300 0 0 0.021609766408801079 1 1 -1570 -9 -9 0.30579999089241028 0.0010000000474974513 36.345582999999998 -5.3234279999999998 2.5239999294281006 1.6189999580383301 -9 10.470999717712402 0.0060000000521540642 -9999 -9999 1.309999942779541 0.17299999296665192 -9.130000114440918 0.22963014245033264 0.71899998188018799 -999 22.139999389648438 21.030000686645508 20.520000457763672 20.350000381469727 0 0 0 0 14.979999542236328 39.159999847412109 45.349998474121094 56.290000915527344 24.561220169067383 23.517892837524414 23.358556747436523 23.123922348022461 56627.1171875 139.96253967285156 132.32814025878906 -99 253.15325927734375 gi 0 56624.4375 0.23476561903953552 0.79415839910507202 0.23458361625671387 -0.033782586455345154 0.016477929428219795 21.371881484985352 0.025965617969632149 5.072795829619281e-05 1.2131702078477247e-06 0.0004512924060691148 -1.7244003913674533e-07 -9.6442258623596899e-09 14 17.863351821899414 0.21307554841041565 0.28767532110214233
SN: 1280135 10 0 C1 3 0 53.49221 -27.400271 0.77149999141693115 0.0010000000474974513 0.7708209753036499 0.0010000000474974513 0.7708209753036499 0.0020346972160041332 0 300 0 0 0.0074234595522284508 1 1 188 -9 -9 0.77149999141693115 0.0010000000474974513 53.492319999999999 -27.400359000000002 0.47299998998641968 0.68000000715255737 -9 9.2290000915527344 0.028000000864267349 -9999 -9999 0.87699997425079346 0.28099998831748962 -8.3489999771118164 0.28887712955474854 -0.23600000143051147 -999 23.940000534057617 23.540000915527344 23.090000152587891 22.979999542236328 0.019999999552965164 0.0099999997764825821 0.0099999997764825821 0.019999999552965164 5.8000001907348633 8.2700004577636719 12.229999542236328 14.430000305175781 25.5914306640625 25.206235885620117 24.78143310546875 24.601833343505859 56575.1953125 9.6675119400024414 6.9067578315734863 4.5878787040710449 19.823677062988281 riz 0 56584.98046875 0.98790186643600464 -0.89428400993347168 0.80812793970108032 -0.0649418905377388 0.086666136980056763 23.866291046142578 0.09224981814622879 5.0989842748094816e-06 4.3323632326064399e-07 0.0082620000466704369 -2.3294710160826071e-07 4.1928097105348172e-10 46 44.496841430664062 0.5353354811668396 0.36840325593948364
SN: 1257016 10 0 E1 3 0 8.2110050000000001 -43.777164999999997 0.33840000629425049 0.0010000000474974513 0.33742600679397583 0.0010000000474974513 0.33742594718933105 0.0016706571914255619 0 300 0 0 0.0055422079749405384 1 1 7877 -9 -9 0.33840000629425049 0.0010000000474974513 8.2111330000000002 -43.777141 0.34299999475479126 0.41100001335144043 -9 9.7460002899169922 0.014999999664723873 -9999 -9999 0.7850000262260437 0.012000000104308128 -8.9560003280639648 0.039849717170000076 0.5820000171661377 -999 22.819999694824219 21.920000076293945 21.559999465942383 21.260000228881836 0.0099999997764825821 0 0 0 -999 -999 -999 -999 99 99 99 99 56590.02734375 33.236434936523438 28.43145751953125 26.297792434692383 77.531150817871094 griz 0 56591.88671875 0.38967990875244141 -0.78637748956680298 0.2688860297203064 0.036350149661302567 0.023469239473342896 22.020959854125977 0.033307120203971863 2.7900741770281456e-05 8.5591079823643668e-07 0.0018304066034033895 -1.4206936782557023e-07 -1.2932855675273913e-08 41 28.941261291503906 0.92144429683685303 0.2887757420539856
SN: 1266255 10 0 X3 3 0 36.697941 -4.4501400000000002 0.29460999369621277 0.0010000000474974513 0.29357901215553284 0.0010000000474974513 0.29357898235321045 0.0016357200220227242 0 300 0 0 0.024783680215477943 1 2 18146 -9 -9 0.29460000991821289 0.0010000000474974513 36.697825000000002 -4.4500469999999996 0.53200000524520874 0.59899997711181641 -3.3611807823181152 10.489999771118164 0.014000000432133675 -9999 -9999 -0.0010000000474974513 3.6840000152587891 -10.494999885559082 3.6840598583221436 1.5920000076293945 -999 22.25 20.549999237060547 19.989999771118164 19.719999313354492 0 0 0 0 24.450000762939453 100.09999847412109 173.80999755859375 218.91999816894531 24.029302597045898 22.49891471862793 21.899814605712891 21.649286270141602 56685.0625 86.149322509765625 73.832481384277344 45.415943145751953 145.46351623535156 gri 0 56688.0625 0.49952191114425659 -0.81830334663391113 0.51629996299743652 -0.088204346597194672 0.024918990209698677 21.477993011474609 0.027426658198237419 4.6004799514776096e-05 1.162121975539776e-06 0.0060448646545410156 -3.2576070907452959e-07 -1.4372070644697033e-08 7 4.3936886787414551 0.73347824811935425 0.40105709433555603
SN: 1265089 10 0 X2 3 0 36.229098999999998 -5.6218360000000001 0.44587999582290649 0.0010000000474974513 0.44472399353981018 0.0010000000474974513 0.44472396373748779 0.0017578433034941554 0 300 0 0 0.022919028997421265 1 1 -2188 -9 -9 0.44589999318122864 0.0010000000474974513 36.228411000000001 -5.622369 3.122999906539917 1.8159999847412109 -9 10.961999893188477 0.02500000037252903 -9999 -9999 0.89800000190734863 0.18299999833106995 -10.079000473022461 0.21938550472259521 0.91100001335144043 -999 22.889999389648438 21.409999847412109 20.790000915527344 20.510000228881836 0.0099999997764825821 0 0 0 4.0999999046325684 17.239999771118164 22.159999847412109 27.75 25.968040466308594 24.408657073974609 24.136075973510742 23.891841888427734 56675.1171875 21.90003776550293 17.171470642089844 9.8175716400146484 42.890720367431641 riz 0 56677.609375 0.060304135084152222 0.86925435066223145 0.77413719892501831 0.0024686530232429504 0.053994812071323395 22.37664794921875 0.066311463713645935 2.0106703232158907e-05 1.2280191867830581e-06 0.0056795012205839157 -3.2358889257011469e-07 -4.0055429195717807e-08 14 15.383228302001953 0.35246956348419189 0.28986826539039612
SN: 1261503 10 0 X2 3 0 34.953003000000002 -6.7818659999999999 0.35321000218391418 0.0010000000474974513 0.35210800170898438 0.0010000000474974513 0.35210800170898438 0.0016824493650346994 0 300 0 0 0.022480888292193413 1 2 16525 -9 -9 0.35319998860359192 0.0010000000474974513 34.953094 -6.7817499999999997 0.52799999713897705 0.37900000810623169 -4.5471758842468262 10.758000373840332 0.11699999868869781 -9999 -9999 -0.017000000923871994 9.9829998016357422 -10.729000091552734 9.9831199645996094 1.531000018119812 -999 22.309999465942383 20.620000839233398 19.989999771118164 19.690000534057617 0 0 0 0 29.129999160766602 135.86000061035156 234.11000061035156 316.6199951171875 23.839149475097656 22.167270660400391 21.576450347900391 21.248653411865234 56645.09375 20.784885406494141 19.031532287597656 18.79585075378418 56.496658325195312 griz 0 56646.765625 0.36985835433006287 -0.32338854670524597 0.34754854440689087 -0.047735866159200668 0.029788125306367874 21.679821014404297 0.042252711951732635 3.8200738345040008e-05 1.4866270703350892e-06 0.0031512579880654812 -2.8718574185404577e-07 -2.3744632926536724e-08 34 43.371299743652344 0.13020963966846466 0.1921953409910202
SN: 1260605 10 0 C1 3 0 53.349716000000001 -27.229444999999998 0.55593997240066528 0.0010000000474974513 0.55533802509307861 0.0010000000474974513 0.55533802509307861 0.0018499473808333278 0 300 0 0 0.007390645332634449 1 1 -3493 -9 -9 0.555899977684021 0.0010000000474974513 53.34937 -27.229282999999999 1.2510000467300415 1.3710000514984131 -9 10.338000297546387 0.017000000923871994 -9999 -9999 0.40000000596046448 0.034000001847743988 -9.9350004196166992 0.076026313006877899 0.73199999332427979 -999 23.430000305175781 22.190000534057617 21.659999847412109 21.309999465942383 0.0099999997764825821 0 0 0 6.9099998474121094 22.520000457763672 38.950000762939453 53.930000305175781 25.401304244995117 24.118579864501953 23.523731231689453 23.17042350769043 56635.13671875 18.779453277587891 11.628188133239746 10.635603904724121 40.498874664306641 riz 0 56634.609375 0.77485454082489014 1.1437273025512695 0.52489650249481201 0.040818981826305389 0.049441192299127579 22.965248107910156 0.047475218772888184 1.1692326552292798e-05 5.1126210109941894e-07 0.0022332319058477879 -1.5259912800047459e-07 -1.2893992540341515e-08 35 28.092107772827148 0.78989517688751221 0.40479502081871033
SN: 1261784 10 0 C1 3 0 53.494923 -26.862579 0.26572000980377197 0.0010000000474974513 0.26523101329803467 0.0010000000474974513 0.26523101329803467 0.0016133647877722979 0 300 0 0 0.0075488672591745853 1 1 557 -9 -9 0.26570001244544983 0.0010000000474974513 53.495427999999997 -26.862234999999998 2.0409998893737793 1.7580000162124634 -9 10.121999740600586 0.017000000923871994 -9999 -9999 1.656999945640564 0.45100000500679016 -8.4600000381469727 0.45259806513786316 0.52600002288818359 -999 21.129999160766602 20.360000610351562 20.129999160766602 19.969999313354492 0 0 0 0 40.720001220703125 64.05999755859375 84.550003051757812 98.480003356933594 23.475481033325195 22.983531951904297 22.682216644287109 22.516630172729492 56653.08984375 32.056209564208984 24.120265960693359 21.064617156982422 71.146957397460938 griz 0 56651.58203125 0.33161914348602295 -0.31706851720809937 0.29168650507926941 0.28602948784828186 0.027167230844497681 22.389585494995117 0.036965623497962952 1.986853385460563e-05 6.7645601120602805e-07 0.0019864698406308889 -9.0103426941823273e-08 -1.4099379441745441e-08 36 34.316318511962891 0.5487983226776123 0.95927160978317261
SN: 1262135 10 0 C2 3 0 54.139083999999997 -28.613938999999998 0.38378000259399414 0.0010000000474974513 0.38327598571777344 0.0010000000474974513 0.38327598571777344 0.0017076318617910147 0 300 0 0 0.010938935913145542 2 3 2548 -9 -9 0.38379999995231628 0.0010000000474974513 54.139384 -28.613454999999998 1.9839999675750732 1.3079999685287476 -1.2850689888000488 10.838000297546387 0.012000000104308128 -9999 -9999 1.0529999732971191 0.26100000739097595 -9.7849998474121094 0.26307794451713562 0.93800002336502075 -999 21.930000305175781 20.610000610351562 20.020000457763672 19.729999542236328 0 0 0 0 13.560000419616699 45.409999847412109 65.720001220703125 76.550003051757812 24.669349670410156 23.357120513916016 22.955757141113281 22.790136337280273 56653.1640625 44.213279724121094 28.841375350952148 14.772796630859375 81.38787841796875 riz 0 56656.15234375 0.34341305494308472 -0.093223512172698975 0.29879051446914673 -0.070545047521591187 0.03341389074921608 21.964935302734375 0.03327607735991478 2.9378230465226807e-05 9.003957757158787e-07 0.0010261036222800612 -1.1024349078070372e-07 -2.3368921020505695e-08 26 18.846977233886719 0.84282487630844116 0.23719446361064911
SN: 1284567 10 0 E2 3 0 9.8634500000000003 -43.767024999999997 0.65601998567581177 0.0010000000474974513 0.65482902526855469 0.0010000000474974513 0.65482902526855469 0.001934454427100718 0 300 0 0 0.0060126129537820816 2 3 8697 -9 -9 0.65600001811981201 0.0010000000474974513 9.8634430000000002 -43.76699 0.12700000405311584 0.28700000047683716 -3.2736711502075195 8.8159999847412109 0.082999996840953827 -9999 -9999 -0.093999996781349182 0.14699999988079071 -8.9499998092651367 0.41024139523506165 -0.063000001013278961 -999 24.659999847412109 24.180000305175781 23.590000152587891 23.760000228881836 0.029999999329447746 0.019999999552965164 0.019999999552965164 0.039999999105930328 3.6400001049041748 6.429999828338623 8.9499998092651367 8.6899995803833008 26.097246170043945 25.479473114013672 25.120441436767578 25.152450561523438 56645.11328125 15.084258079528809 11.733966827392578 10.349179267883301 33.437873840332031 riz 0 56643.4765625 1.0595865249633789 1.093265175819397 0.87667751312255859 0.065021097660064697 0.061510622501373291 23.354654312133789 0.067049525678157806 8.168430213117972e-06 5.0444054977560882e-07 0.020814934745430946 -3.5124239161632431e-07 -1.5475055903380053e-08 25 21.5628662109375 0.66084271669387817 0.42400249838829041
SN: 1255470 10 0 X1 3 0 35.054485 -5.4487949999999996 0.4699699878692627 0.0010000000474974513 0.46876698732376099 0.0010000000474974513 0.46876692771911621 0.0017776826862245798 0 300 0 0 0.020543131977319717 1 2 14013 -9 -9 0.4699999988079071 0.0010000000474974513 35.054214000000002 -5.4489989999999997 1.2170000076293945 0.92100000381469727 -2.5948946475982666 10.906999588012695 0.059999998658895493 -9999 -9999 0.050999999046325684 8.6929998397827148 -10.878000259399414 8.6955604553222656 1.2560000419616699 -999 23.030000686645508 21.430000305175781 20.729999542236328 20.399999618530273 0.0099999997764825821 0 0 0 6.7600002288818359 29.110000610351562 38.349998474121094 66.139999389648438 25.425132751464844 23.839895248413086 23.540586471557617 22.94883918762207 56579.12890625 19.912914276123047 13.710500717163086 9.4777498245239258 37.491748809814453 riz 0 56583.12890625 0.50710600614547729 -1.6523876190185547 0.48270547389984131 -0.012450136244297028 0.064682953059673309 22.788482666015625 0.072616539895534515 1.3759629837295506e-05 9.2027573828090681e-07 0.0057048937305808067 -2.3439356766630226e-07 -4.3615127509610829e-08 34 26.864850997924805 0.80290079116821289 0.55235707759857178
SN: 1248962 10 0 E1 3 0 7.8086019999999996 -43.090941999999998 0.48451998829841614 0.0010000000474974513 0.48342001438140869 0.0010000000474974513 0.48342001438140869 0.0017898245714604855 0 300 0 0 0.0053359558805823326 1 1 7124 -9 -9 0.48449999094009399 0.0010000000474974513 7.808713 -43.090837999999998 0.47400000691413879 0.68000000715255737 -9 10.126999855041504 0.032000001519918442 -9999 -9999 0.071999996900558472 1.2089999914169312 -10.034999847412109 1.2105379104614258 1.4119999408721924 -999 24.620000839233398 22.860000610351562 22.209999084472656 21.719999313354492 0.029999999329447746 0.0099999997764825821 0.0099999997764825821 0.0099999997764825821 2.9000000953674316 14.920000076293945 28.129999160766602 45.040000915527344 26.344005584716797 24.565578460693359 23.8770751953125 23.366004943847656 56547.08203125 22.362813949584961 13.510542869567871 9.1796817779541016 55.155921936035156 riz 0 56546.484375 0.41635090112686157 -0.051008038222789764 0.44715946912765503 -0.062879167497158051 0.041316185146570206 22.639541625976562 0.043390240520238876 1.5782787158968858e-05 6.3074156742004561e-07 0.0028837914578616619 -1.7709839994495269e-07 -1.5817287035702066e-08 38 26.440650939941406 0.92104613780975342 0.2102857232093811
SN: 1253148 10 0 E2 3 0 10.54467 -43.468792000000001 0.43972000479698181 0.0010000000474974513 0.43868398666381836 0.0010000000474974513 0.43868398666381836 0.0017528759781271219 0 300 0 0 0.0079694967716932297 1 1 8796 -9 -9 0.43970000743865967 0.0010000000474974513 10.544463 -43.468805000000003 0.5429999828338623 0.76800000667572021 -9 8.8280000686645508 0.070000000298023224 -9999 -9999 0.55199998617172241 1.0980000495910645 -8.255000114440918 1.1151812076568604 0.29100000858306885 -999 24.969999313354492 24.079999923706055 23.780000686645508 23.610000610351562 0.039999999105930328 0.019999999552965164 0.019999999552965164 0.029999999329447746 2.6500000953674316 4.929999828338623 6.4200000762939453 7.2899999618530273 26.441884994506836 25.76788330078125 25.481163024902344 25.343181610107422 56563.0546875 16.936717987060547 13.274284362792969 8.797877311706543 36.739189147949219 riz 0 56561.69921875 0.67525124549865723 0.46978616714477539 0.54028880596160889 -0.01467224583029747 0.057509727776050568 22.615257263183594 0.066633217036724091 1.6139774743351154e-05 9.9052158475387841e-07 0.0026580386329442263 -3.0461660571745597e-07 -3.8857368878097986e-08 33 23.611337661743164 0.88565784692764282 0.16405504941940308
SN: 1252237 10 0 C3 3 0 52.269179999999999 -28.083105 0.88655000925064087 0.0010000000474974513 0.88579601049423218 0.0010000000474974513 0.88579607009887695 0.0021356435026973486 0 300 0 0 0.0065417108125984669 2 2 6327 -9 -9 0.88660001754760742 0.0010000000474974513 52.269238999999999 -28.082965999999999 0.53299999237060547 0.6380000114440918 -1.8060072660446167 10.934000015258789 0.048999998718500137 -9999 -9999 0.31600001454353333 0.44699999690055847 -10.66100025177002 0.48531433939933777 1.3580000400543213 -999 25.549999237060547 24 22.829999923706055 22.120000839233398 0.029999999329447746 0.0099999997764825821 0 0 1.0099999904632568 6.0999999046325684 17.340000152587891 31.799999237060547 27.48919677734375 25.536674499511719 24.402378082275391 23.743932723999023 56559.18359375 11.446290969848633 8.2650289535522461 -99 29.129961013793945 iz 0 56557.71875 0.87801635265350342 -1.8845775127410889 0.60434556007385254 -0.084125086665153503 0.12975732982158661 24.495506286621094 0.055630631744861603 2.8562576517288107e-06 1.4634808565006097e-07 0.0071674110367894173 -4.6160963051988801e-08 -4.8720210088504246e-09 33 21.485433578491211 0.93846917152404785 0.68793857097625732
SN: 1265990 10 0 S2 3 0 41.155543999999999 -0.641988 0.58691000938415527 0.0010000000474974513 0.58574402332305908 0.0010000000474974513 0.58574402332305908 0.0018756173085421324 0 300 0 0 0.027614118531346321 2 2 12625 -9 -9 0.58689999580383301 0.0010000000474974513 41.155500000000004 -0.642069 0.33100000023841858 0.289000004529953 -3.8039920330047607 10.154000282287598 0.02500000037252903 -9999 -9999 1.0509999990463257 0.83600002527236938 -9.1079998016357422 0.85351037979125977 0.70800000429153442 -999 24.229999542236328 22.889999389648438 22.309999465942383 21.979999542236328 0.019999999552965164 0.0099999997764825821 0.0099999997764825821 0.0099999997764825821 4.8899998664855957 16.680000305175781 28.530000686645508 38.450000762939453 25.776727676391602 24.444509506225586 23.861745834350586 23.537759780883789 56682.046875 9.8294496536254883 8.5215015411376953 7.3613553047180176 23.761802673339844 riz 0 56678.80078125 1.1552019119262695 -1.4900836944580078 0.85290861129760742 -0.045361597090959549 0.088230244815349579 23.169469833374023 0.075877346098423004 9.6875037343124859e-06 6.7701722628044081e-07 0.0070645473897457123 -2.0398995559389732e-07 -2.9199950901670491e-08 14 9.2581443786621094 0.81416678428649902 0.5191999077796936
SN: 1262084 10 0 C1 3 0 53.772686 -26.353059999999999 0.45416000485420227 0.0010000000474974513 0.45359998941421509 0.0010000000474974513 0.45359992980957031 0.0017651552334427834 0 300 0 0 0.0095705268904566765 1 2 1456 -9 -9 0.45419999957084656 0.0010000000474974513 53.772098999999997 -26.352622 2.4639999866485596 1.5249999761581421 -1.8661174774169922 10.739999771118164 0.013000000268220901 -9999 -9999 1.0520000457763672 0.42800000309944153 -9.6789999008178711 0.43046486377716064 0.86000001430511475 -999 22.549999237060547 21.209999084472656 20.780000686645508 20.299999237060547 0 0 0 0 9.2100000381469727 25.780000686645508 37.020000457763672 48.5 25.089351654052734 23.971792221069336 23.578908920288086 23.28564453125 56653.08984375 20.409942626953125 15.193549156188965 11.834953308105469 42.972526550292969 riz 0 56654.125 0.58822166919708252 -0.16691310703754425 0.55325758457183838 0.065361000597476959 0.049460031092166901 22.900747299194336 0.055264871567487717 1.2407970643835142e-05 6.3157597196550341e-07 0.0057564759626984596 -1.8047759908768057e-07 -2.3742947163896133e-08 28 20.477378845214844 0.84644621610641479 0.22486193478107452
SN: 1259330 10 0 E2 3 0 10.287800000000001 -44.204475000000002 0.60356998443603516 0.0010000000474974513 0.6024320125579834 0.0010000000474974513 0.6024320125579834 0.0018897660775110126 0 300 0 0 0.0052630528807640076 1 1 9380 -9 -9 0.60360002517700195 0.0010000000474974513 10.287661 -44.204526000000001 0.40299999713897705 0.26899999380111694 -9 10.772000312805176 0.0099999997764825821 -9999 -9999 0.8880000114440918 0.046999998390674591 -9.8859996795654297 0.072346389293670654 1.3200000524520874 -999 24.020000457763672 22.719999313354492 21.959999084472656 21.559999465942383 0.019999999552965164 0.0099999997764825821 0 0 4.8299999237060547 16.850000381469727 34.150001525878906 52.470001220703125 25.790132522583008 24.433500289916992 23.666522979736328 23.200222015380859 56615.07421875 7.0704474449157715 6.5456876754760742 6.0660953521728516 21.497034072875977 riz 0 56613.140625 1.0302895307540894 0.36834776401519775 0.90792500972747803 0.22139823436737061 0.092845648527145386 23.710170745849609 0.1018383800983429 5.8875107242783997e-06 5.5222858463821467e-07 0.019766233861446381 -3.5045010804424237e-07 -3.195478015527442e-08 34 38.461971282958984 0.27452081441879272 0.74813824892044067
SN: 1250034 10 0 S1 3 0 43.029656000000003 -0.41525499999999999 0.16166999936103821 0.0010000000474974513 0.16085299849510193 0.0010000000474974513 0.16085302829742432 0.0015327682485803962 0 300 0 0 0.047172341495752335 1 2 11762 -9 -9 0.16169999539852142 0.0010000000474974513 43.029522 -0.414962 1.1619999408721924 0.6600000262260437 -3.6095039844512939 10.48799991607666 0.010999999940395355 -9999 -9999 1.059999942779541 0.69199997186660767 -9.4139995574951172 0.69269400835037231 0.98199999332427979 -999 20.649999618530273 19.760000228881836 19.290000915527344 19.079999923706055 0 0 0 0 124.84999847412109 254.8699951171875 332.85000610351562 448.42999267578125 22.259029388427734 21.484203338623047 21.194377899169922 20.870763778686523 56559.22265625 102.22643280029297 99.118118286132812 60.536979675292969 245.55117797851562 griz 0 56556.453125 0.16094109416007996 -0.40201446413993835 0.14948306977748871 0.0087224189192056656 0.018263019621372223 20.119857788085938 0.027858957648277283 0.00016071516438387334 4.1237981349695474e-06 0.00094965263269841671 -3.6352255960991897e-07 -5.823961046758086e-08 39 38.361507415771484 0.49880892038345337 0.13712267577648163
SN: 1258309 10 0 X2 3 0 35.273311999999997 -6.2692740000000002 0.47736001014709473 0.0010000000474974513 0.47616100311279297 0.0010000000474974513 0.47616100311279297 0.0017838047351688147 0 300 0 0 0.022178953513503075 1 1 16928 -9 -9 0.47740000486373901 0.0010000000474974513 35.273322999999998 -6.2692290000000002 0.16500000655651093 0.27399998903274536 -9 9.0489997863769531 0.027000000700354576 -9999 -9999 0.25999999046325684 0.33300000429153442 -8.7670001983642578 0.34547504782676697 0.048999998718500137 -999 24.059999465942383 23.129999160766602 22.889999389648438 22.809999465942383 0.019999999552965164 0.0099999997764825821 0.0099999997764825821 0.0099999997764825821 5.0500001907348633 12.220000267028809 14.710000038146973 16.290000915527344 25.741771697998047 24.782321929931641 24.580968856811523 24.470197677612305 56609.09765625 26.642601013183594 18.978862762451172 11.073271751403809 49.884853363037109 riz 0 56610.35546875 0.64119100570678711 2.5111043453216553 0.66827189922332764 0.067192807793617249 0.05164935439825058 22.638320922851562 0.06539405882358551 1.5800529581611045e-05 9.5166831215465209e-07 0.01173226535320282 -4.6350672278094862e-07 -3.689558880637378e-08 31 20.024543762207031 0.93527597188949585 0.86648279428482056
SN: 1251390 10 0 S2 3 0 40.859295000000003 -1.7469159999999999 0.43503999710083008 0.0010000000474974513 0.43398299813270569 0.0010000000474974513 0.4339829683303833 0.0017490144819021225 0 300 0 0 0.025760704651474953 1 2 12012 -9 -9 0.43500000238418579 0.0010000000474974513 40.859383999999999 -1.7468649999999999 0.36899998784065247 0.39899998903274536 -4.3748750686645508 10.489999771118164 0.030999999493360519 -9999 -9999 -0.30700001120567322 9.6929998397827148 -10.781999588012695 9.6932182312011719 1.3470000028610229 -999 23.239999771118164 21.440000534057617 20.860000610351562 20.510000228881836 0.0099999997764825821 0 0 0 12.260000228881836 64.360000610351562 109.84999847412109 154.32000732421875 24.778774261474609 22.978460311889648 22.397998809814453 22.02894401550293 56567.17578125 24.086915969848633 19.653587341308594 8.7690792083740234 53.38055419921875 riz 0 56557.87109375 0.45388656854629517 -0.015570532530546188 0.42821463942527771 -0.036418311297893524 0.044165901839733124 22.316171646118164 0.053080882877111435 2.1258440028759651e-05 1.0393102911621099e-06 0.0049266028217971325 -2.900657989357569e-07 -3.5731307690411995e-08 35 45.656295776367188 0.10723695158958435 0.12150526791810989
SN: 1250823 10 0 C3 3 0 52.689017999999997 -27.5611 0.66553002595901489 0.0010000000474974513 0.66487002372741699 0.0010000000474974513 0.66487002372741699 0.0019430624088272452 0 300 0 0 0.0082048401236534119 1 2 4539 -9 -9 0.6654999852180481 0.0010000000474974513 52.689095000000002 -27.561094000000001 0.2460000067949295 0.34200000762939453 -4.730125904083252 10.199000358581543 0.010999999940395355 -9999 -9999 0.60399997234344482 0.28200000524520874 -9.5959997177124023 0.29008275270462036 1.0130000114440918 -999 24.479999542236328 23.379999160766602 22.649999618530273 22.260000228881836 0.0099999997764825821 0.0099999997764825821 0 0 3.6600000858306885 9.5900001525878906 19.620000839233398 25.909999847412109 26.091297149658203 25.045454025268555 24.268253326416016 23.966331481933594 56567.30078125 13.545538902282715 13.405318260192871 9.6586494445800781 43.070159912109375 riz 0 56557.3515625 0.60157179832458496 0.10254048556089401 0.50496858358383179 0.28223636746406555 0.052923455834388733 24.345417022705078 0.053450476378202438 3.2796908726595575e-06 1.6145823167335038e-07 0.011291005648672581 -5.8860489815515393e-08 -6.3317635579096532e-09 43 45.401912689208984 0.37222215533256531 0.94140857458114624
SN: 1258289 10 0 X2 3 0 36.144314000000001 -6.6887569999999998 0.50628799200057983 0.0001500000071246177 0.50508797168731689 0.0001500000071246177 0.50508797168731689 0.0015135433059185743 0 300 0 0 0.027048328891396523 1 2 17350 -9 -9 0.50629997253417969 9.9999997473787516e-05 36.144202 -6.6888909999999999 0.62800002098083496 0.45500001311302185 -4.194307804107666 11.258999824523926 0.035999998450279236 -9999 -9999 -4.500999927520752 5.499000072479248 -15.744999885559082 5.5014152526855469 1.4110000133514404 -999 23.069999694824219 21.190000534057617 20.370000839233398 20.010000228881836 0.0099999997764825821 0 0 0 11.270000457763672 60.369998931884766 113.80000305175781 161.57000732421875 24.870189666748047 23.047946929931641 22.359643936157227 21.979099273681641 56595.0703125 21.163631439208984 12.021968841552734 8.0185060501098633 31.947463989257812 riz 0 56599.9765625 0.88299834728240967 -2.2147259712219238 0.72858762741088867 -0.11740121245384216 0.070703878998756409 22.819454193115234 0.05637846514582634 1.3372678949963301e-05 6.9439624894584995e-07 0.0010763495229184628 -1.7489882964127901e-07 -2.6878719694423125e-08 30 33.517349243164062 0.30053645372390747 0.83555138111114502
SN: 1257934 10 0 S1 3 0 42.893859999999997 -0.59269000000000005 0.29739001393318176 0.0010000000474974513 0.29647600650787354 0.0010000000474974513 0.29647600650787354 0.0016380151500925422 0 300 0 0 0.045096792280673981 1 1 10598 -9 -9 0.29739999771118164 0.0010000000474974513 42.893880000000003 -0.59275500000000003 0.2460000067949295 0.289000004529953 -9 9.7159996032714844 0.0099999997764825821 -9999 -9999 0.51800000667572021 0.46500000357627869 -9.1949996948242188 0.46567156910896301 0.77899998426437378 -999 22.969999313354492 21.920000076293945 21.510000228881836 21.290000915527344 0.0099999997764825821 0 0 0 15.289999961853027 40.259998321533203 55.419998168945312 71.25 24.538982391357422 23.487815856933594 23.140834808349609 22.868038177490234 56616.078125 45.8448486328125 37.686004638671875 26.301877975463867 112.51380920410156 griz 0 56614.91796875 0.22209453582763672 0.76235145330429077 0.2417733371257782 -0.025210857391357422 0.020076226443052292 21.349918365478516 0.03038446418941021 5.1764531235676259e-05 1.4486369082078454e-06 0.0013292072108015418 -2.4117414909596846e-07 -1.8825376812969807e-08 41 21.839151382446289 0.993865966796875 0.26765203475952148
SN: 1251975 10 0 X2 3 0 35.061047000000002 -5.8240660000000002 0.44764998555183411 0.0010000000474974513 0.44646701216697693 0.0010000000474974513 0.44646704196929932 0.0017592781223356724 0 300 0 0 0.021146316081285477 1 2 16063 -9 -9 0.44760000705718994 0.0010000000474974513 35.061081000000001 -5.8240610000000004 0.12399999797344208 0.086000002920627594 -5.8509073257446289 10.901000022888184 0.057000000029802322 -9999 -9999 1.1039999723434448 0.74599999189376831 -9.7460002899169922 0.74891388416290283 1.0399999618530273 -999 22.360000610351562 20.930000305175781 20.379999160766602 20.079999923706055 0 0 0 0 28.200000762939453 109.51999664306641 176.16000366210938 247.55999755859375 23.874378204345703 22.401266098022461 21.885231018066406 21.515798568725586 56567.1484375 16.699440002441406 14.175460815429688 10.590574264526367 43.902034759521484 riz 0 56560.51171875 0.56675362586975098 0.82703220844268799 0.50530862808227539 0.075091682374477386 0.049377068877220154 22.564821243286133 0.05979292094707489 1.6907206372707151e-05 9.311021358371363e-07 0.0049244612455368042 -2.8518380190689641e-07 -3.4225365652673645e-08 35 38.32830810546875 0.32095345854759216 0.37235859036445618
SN: 1262736 10 0 X3 3 0 36.951256000000001 -5.1870859999999999 0.53049999475479126 0.0010000000474974513 0.52929097414016724 0.0010000000474974513 0.52929091453552246 0.0018280732911080122 0 300 0 0 0.020674513652920723 1 2 -2018 -9 -9 0.53049999475479126 0.0010000000474974513 36.951242999999998 -5.1870919999999998 0.052000001072883606 0.046999998390674591 -7.2775669097900391 10.722999572753906 0.018999999389052391 -9999 -9999 0.73199999332427979 0.18199999630451202 -10.078000068664551 0.20003250241279602 0.9179999828338623 -999 22.610000610351562 21.270000457763672 20.649999618530273 20.409999847412109 0 0 0 0 20.719999313354492 72.790000915527344 116.90000152587891 154.47999572753906 24.209026336669922 22.844820022583008 22.330463409423828 22.02781867980957 56654.046875 42.814235687255859 18.391225814819336 14.059130668640137 70.647605895996094 riz 0 56654.48828125 0.45109978318214417 -0.97253626585006714 0.41914370656013489 0.06032218411564827 0.036671601235866547 23.164674758911133 0.035894393920898438 9.730388228490483e-06 3.2168622965400573e-07 0.0016977224731817842 -6.22425844198915e-08 -7.4844805908469425e-09 20 14.795407295227051 0.78799229860305786 0.38147422671318054
SN: 1253180 10 0 C3 3 0 52.867516000000002 -28.937798000000001 0.46209999918937683 0.0010000000474974513 0.46153900027275085 0.0010000000474974513 0.46153903007507324 0.0017717075534164906 0 300 0 0 0.008259166032075882 1 2 5805 -9 -9 0.46209999918937683 0.0010000000474974513 52.867114999999998 -28.937235000000001 2.3889999389648438 1.9019999504089355 -2.1982252597808838 10.861000061035156 0.004999999888241291 -9999 -9999 1.1599999666213989 0.15299999713897705 -9.7049999237060547 0.15536408126354218 1.1929999589920044 -999 22.899999618530273 21.469999313354492 20.879999160766602 20.389999389648438 0 0 0 0 3.6400001049041748 13.619999885559082 19.280000686645508 21.239999771118164 26.097246170043945 24.664556503295898 24.2872314453125 24.182113647460938 56579.3359375 75.980499267578125 55.315143585205078 38.904956817626953 154.90000915527344 riz 0 56578.4140625 0.27534380555152893 -1.0823236703872681 0.19547396898269653 0.032022416591644287 0.028180548921227455 22.819925308227539 0.030441738665103912 1.3366863640840165e-05 3.7477849446077016e-07 0.00054973678197711706 -2.7601981145153331e-08 -8.1883468894261568e-09 40 43.960620880126953 0.3074766993522644 0.37623396515846252
SN: 1263062 10 0 X1 3 0 35.109436000000002 -5.3500550000000002 0.50950002670288086 0.0010000000474974513 0.50826501846313477 0.0010000000474974513 0.50826501846313477 0.0018104970222339034 0 300 0 0 0.019711704924702644 1 1 -2025 -9 -9 0.50950002670288086 0.0010000000474974513 35.109448999999998 -5.3500220000000001 0.12800000607967377 0.1809999942779541 -9 10.234999656677246 0.043999999761581421 -9999 -9999 -3.5929999351501465 5.0770001411437988 -13.760000228881836 5.0771207809448242 1.2430000305175781 -999 24.069999694824219 22.379999160766602 21.639999389648438 21.350000381469727 0.019999999552965164 0.0099999997764825821 0 0 5.5100002288818359 27.200000762939453 49.950000762939453 69.180000305175781 25.647121429443359 23.913578033447266 23.253662109375 22.900047302246094 56653.07421875 19.573335647583008 12.865450859069824 9.0428142547607422 43.401638031005859 riz 0 56653.49609375 0.65274786949157715 -0.53560972213745117 0.46977502107620239 -0.081673428416252136 0.050195358693599701 22.54083251953125 0.043848536908626556 1.728491042740643e-05 6.9806833380425815e-07 0.0014211774105206132 -1.5010967047146551e-07 -2.0037862924482397e-08 26 21.657800674438477 0.70726621150970459 0.3255649209022522
SN: 1261144 10 0 C1 3 0 55.054031000000002 -27.361082 0.61125999689102173 0.0010000000474974513 0.61068600416183472 0.0010000000474974513 0.61068606376647949 0.0018967794021591544 0 300 0 0 0.012374670244753361 1 2 1092 -9 -9 0.61129999160766602 0.0010000000474974513 55.054791000000002 -27.361080999999999 2.4300000667572021 2.8980000019073486 -1.2766306400299072 9.7740001678466797 0.02199999988079071 -9999 -9999 0.25699999928474426 0.028000000864267349 -9.5069999694824219 0.055569775402545929 0.42100000381469727 -999 24.139999389648438 23.129999160766602 22.600000381469727 22.360000610351562 0.019999999552965164 0.0099999997764825821 0.0099999997764825821 0.0099999997764825821 1.3200000524520874 1.440000057220459 1.8300000429153442 1.6699999570846558 27.198564529418945 27.104093551635742 26.8438720703125 26.943208694458008 56645.08203125 10.496143341064453 9.2728090286254883 8.3910713195800781 31.83867073059082 riz 0 56643.55859375 0.67807590961456299 -0.36818584799766541 0.56427168846130371 -0.047485236078500748 0.062066689133644104 23.221790313720703 0.06364760547876358 9.2317532107699662e-06 5.4118027037475258e-07 0.011533036828041077 -2.2245269803988776e-07 -1.8672619006565583e-08 31 34.910106658935547 0.28737762570381165 0.20029023289680481
SN: 1255487 10 0 X1 3 0 34.843528999999997 -5.667872 0.45131000876426697 0.0010000000474974513 0.45011800527572632 0.0010000000474974513 0.45011806488037109 0.0017622851300984621 0 300 0 0 0.02031550370156765 1 2 14434 -9 -9 0.4512999951839447 0.0010000000474974513 34.843580000000003 -5.6678800000000003 0.18299999833106995 0.25600001215934753 -4.5481290817260742 9.5129995346069336 0.019999999552965164 -9999 -9999 0.90399998426437378 0.02199999988079071 -8.6180000305175781 0.075286120176315308 0.28499999642372131 -999 23.129999160766602 22.25 21.909999847412109 21.75 0.0099999997764825821 0 0 0.0099999997764825821 12.739999771118164 30.420000076293945 40.299999237060547 48.779998779296875 24.737075805664062 23.792102813720703 23.486736297607422 23.279396057128906 56591.0859375 16.33690071105957 15.43892765045166 10.290225982666016 40.810581207275391 riz 0 56590.125 0.58026266098022461 0.8799859881401062 0.58828854560852051 0.18147122859954834 0.054930135607719421 22.911922454833984 0.075014799833297729 1.2280918781470973e-05 8.4850319126417162e-07 0.0064947907812893391 -3.3087371775764041e-07 -3.3638954732850834e-08 32 38.490226745605469 0.19926132261753082 0.67227274179458618
SN: 1249758 10 0 C1 3 0 54.792175 -26.719947999999999 0.62198001146316528 0.0010000000474974513 0.6213880181312561 0.0010000000474974513 0.62138795852661133 0.0019058877369388938 0 300 0 0 0.011823093518614769 1 1 1566 -9 -9 0.62199997901916504 0.0010000000474974513 54.792234000000001 -26.719913999999999 0.22599999606609344 0.31200000643730164 -9 9.8269996643066406 0.014999999664723873 -9999 -9999 1.7330000400543213 0 -8.1059999465942383 0.030999999493360519 -0.18700000643730164 -999 21.569999694824219 21.25 20.889999389648438 20.770000457763672 0 0 0 0 51.099998474121094 66.989997863769531 96.650001525878906 104.77999877929688 23.228946685791016 22.934974670410156 22.536994934082031 22.449302673339844 56563.20703125 11.598840713500977 9.9938850402832031 8.8671016693115234 40.187770843505859 riz 0 56556.6953125 0.78450876474380493 2.5899548530578613 0.75676643848419189 0.0087193222716450691 0.051691252738237381 23.359420776367188 0.061295602470636368 8.1326452345820144e-06 4.5913122903584735e-07 0.011922272853553295 -2.8262894602448796e-07 -1.1751462913878186e-08 47 54.502780914306641 0.21067199110984802 0.8638073205947876
SN: 1260522 10 0 X3 3 0 35.941273000000002 -3.8440810000000001 0.7427399754524231 0.0010000000474974513 0.74132698774337769 0.0010000000474974513 0.74132704734802246 0.0020090462639927864 0 300 0 0 0.025359844788908958 1 2 19405 -9 -9 0.74269998073577881 0.0010000000474974513 35.941167 -3.8438979999999998 0.75999999046325684 0.88200002908706665 -3.1897687911987305 10.571000099182129 0.027000000700354576 -9999 -9999 1.1460000276565552 0.54900002479553223 -9.4130001068115234 0.55509006977081299 0.97899997234344482 -999 24.430000305175781 23.149999618530273 22.209999084472656 21.75 0.019999999552965164 0 0 0 3.3599998950958252 10.270000457763672 24.739999771118164 36.529998779296875 26.184152603149414 24.971073150634766 24.016500473022461 23.593376159667969 56635.15234375 16.426231384277344 14.665400505065918 11.724394798278809 39.145542144775391 riz 0 56643.3125 0.77599900960922241 0.58086597919464111 0.64798855781555176 0.074467986822128296 0.061167582869529724 24.070156097412109 0.055051244795322418 4.2260780901415274e-06 2.1427936758300348e-07 0.020818887278437614 -1.07410791372331e-07 -7.6876158772165581e-09 22 21.91302490234375 0.4650903046131134 0.31481093168258667
SN: 1263785 10 0 C2+C3 3 0 53.367607 -28.693276000000001 1.0649800300598145 0.0010000000474974513 1.0642019510269165 0.0010000000474974513 1.064201831817627 0.0022949110716581345 0 300 0 0 0.0066845682449638844 1 1 5517 -9 -9 1.065000057220459 0.0010000000474974513 53.367621999999997 -28.693290999999999 0.072999998927116394 0.096000000834465027 -9 11.277000427246094 0.086999997496604919 -9999 -9999 0.6600000262260437 0.51599997282028198 -10.656000137329102 0.6986393928527832 1.3090000152587891 -999 24.969999313354492 23.649999618530273 22.670000076293945 21.739999771118164 0.039999999105930328 0.019999999552965164 0.0099999997764825821 0.0099999997764825821 2.190000057220459 7.7699999809265137 20.579999923706055 42.880001068115234 26.648889541625977 25.273946762084961 24.216386795043945 23.419363021850586 56667.15234375 14.12885856628418 10.226661682128906 -99 27.903364181518555 iz 0 56669.125 0.96444112062454224 0.51521152257919312 0.69731986522674561 -0.22339770197868347 0.11217367649078369 24.541097640991211 0.069808758795261383 2.7388052785681793e-06 1.760949004392387e-07 0.028677245602011681 -6.3106988079653092e-08 6.5086855904894492e-09 30 19.446353912353516 0.9301641583442688 0.76420587301254272
SN: 1260463 10 0 X3 3 0 36.070816000000001 -4.9695039999999997 0.62154000997543335 0.0010000000474974513 0.62023502588272095 0.0010000000474974513 0.62023496627807617 0.0019049055408686399 0 300 0 0 0.025261299684643745 1 4 18298 -9 -9 0.62150001525878906 0.0010000000474974513 36.070965999999999 -4.9694339999999997 0.59299999475479126 0.83899998664855957 -2.5884413719177246 10.312999725341797 0.017999999225139618 -9999 -9999 0.25900000333786011 0.6940000057220459 -10.064999580383301 0.70204842090606689 1.3799999952316284 -999 25.270000457763672 23.659999847412109 22.709999084472656 22.239999771118164 0.029999999329447746 0.0099999997764825821 0.0099999997764825821 0 2 8.1700000762939453 18.790000915527344 28.329999923706055 26.747425079345703 25.219444274902344 24.315183639526367 23.869382858276367 56647.046875 15.317581176757812 14.236380577087402 14.092676162719727 40.499866485595703 riz 0 56638.03515625 0.48694789409637451 -1.8725509643554688 0.51258689165115356 0.060958165675401688 0.062944784760475159 23.838233947753906 0.060250397771596909 5.2324703574413434e-06 2.9036374371571583e-07 0.010638546198606491 -9.9967316202764778e-08 -1.1911406971876204e-08 26 12.65507698059082 0.98683422803878784 0.65642440319061279
SN: 1250120 10 0 S1 3 0 42.918236 -0.236987 0.69207000732421875 0.0010000000474974513 0.69087702035903931 0.0010000000474974513 0.69087696075439453 0.0019654212519526482 0 300 0 0 0.049345217645168304 1 2 10938 -9 -9 0.69209998846054077 0.0010000000474974513 42.918289999999999 -0.23699899999999999 0.20100000500679016 0.3449999988079071 -4.6530957221984863 10.364999771118164 0.018999999389052391 -9999 -9999 -1.2259999513626099 8.3620004653930664 -11.602999687194824 8.3634366989135742 1.4029999971389771 -999 25.299999237060547 23.450000762939453 22.409999847412109 22.020000457763672 0.059999998658895493 0.0099999997764825821 0.0099999997764825821 0.0099999997764825821 1.7699999809265137 9.0100002288818359 22.860000610351562 34.849998474121094 26.88006591796875 25.113187789916992 24.102310180664062 23.644493103027344 56543.28515625 9.2595329284667969 8.3062887191772461 5.5913887023925781 26.927360534667969 riz 0 56549.9140625 1.0407497882843018 0.070926345884799957 0.8352348804473877 -0.0086234426125884056 0.065933376550674438 23.460176467895508 0.065970443189144135 7.4118988777627237e-06 4.5035454832031974e-07 0.017136255279183388 -2.7647837441691081e-07 -1.0180047915753221e-08 47 36.673362731933594 0.86098951101303101 0.037218458950519562
SN: 1262016 10 0 X3 3 0 36.069781999999996 -4.863308 0.46812000870704651 0.0010000000474974513 0.46693798899650574 0.0010000000474974513 0.46693801879882812 0.0017761698691174388 0 300 0 0 0.023187380284070969 1 1 17957 -9 -9 0.46810001134872437 0.0010000000474974513 36.069850000000002 -4.8634329999999997 0.51399999856948853 0.54100000858306885 -9 9.4219999313354492 0.02500000037252903 -9999 -9999 1.2730000019073486 0.36399999260902405 -8.1059999465942383 0.36460527777671814 0.13099999725818634 -999 23.290000915527344 22.399999618530273 22.110000610351562 21.899999618530273 0.0099999997764825821 0 0 0 8.75 21.860000610351562 28.610000610351562 32.279998779296875 25.144979476928711 24.150875091552734 23.858705520629883 23.727666854858398 56654.08984375 79.526954650878906 40.415073394775391 37.631420135498047 155.53294372558594 riz 0 56656.69921875 0.30543297529220581 0.75309860706329346 0.29371237754821777 -0.061976555734872818 0.027071140706539154 22.437938690185547 0.031073963269591331 1.9003096895175986e-05 5.4387203363148728e-07 0.0017262048786506057 -9.0034170341368736e-08 -1.1103180597160645e-08 20 15.845908164978027 0.72613668441772461 0.32510969042778015
SN: 1252313 10 0 E1+E2 3 0 8.3321760000000005 -43.889018999999998 0.59807997941970825 0.0010000000474974513 0.59692001342773438 0.0010000000474974513 0.59692001342773438 0.001885088044218719 0 300 0 0 0.0055797821842133999 1 2 7917 -9 -9 0.59810000658035278 0.0010000000474974513 8.3326200000000004 -43.889166000000003 1.2680000066757202 1.3070000410079956 -2.4574921131134033 9.4750003814697266 0.054000001400709152 -9999 -9999 0.2199999988079071 0.59200000762939453 -9.2729997634887695 0.61403012275695801 0.53799998760223389 -999 25.229999542236328 24.090000152587891 23.549999237060547 23.290000915527344 0.05000000074505806 0.019999999552965164 0.019999999552965164 0.019999999552965164 1.1000000238418579 4.1500000953674316 7.0300002098083496 8.8599996566772461 27.396518707275391 25.954879760742188 25.382612228393555 25.131416320800781 56575.0234375 16.119800567626953 13.433738708496094 11.024773597717285 46.53790283203125 riz 0 56572.4375 0.57408547401428223 0.75492352247238159 0.42541003227233887 -0.033307109028100967 0.042886409908533096 23.174345016479492 0.039181359112262726 9.6441071946173906e-06 3.4803042581188492e-07 0.0032970539759844542 -9.7719173197674536e-08 -6.9221166576483029e-09 71 73.031303405761719 0.41110041737556458 0.27504464983940125
SN: 1258191 10 0 X1 3 0 35.132548999999997 -4.8232980000000003 0.51814001798629761 0.0010000000474974513 0.51689499616622925 0.0010000000474974513 0.51689505577087402 0.0018177023157477379 0 300 0 0 0.017916424199938774 1 2 14997 -9 -9 0.51810002326965332 0.0010000000474974513 35.132657999999999 -4.8230839999999997 0.86500000953674316 1.0829999446868896 -2.1736700534820557 10.380000114440918 0.016000000759959221 -9999 -9999 0.28700000047683716 0.035000000149011612 -10.079000473022461 0.072069413959980011 0.81800001859664917 -999 23.409999847412109 22.170000076293945 21.559999465942383 21.270000457763672 0.0099999997764825821 0 0 0 7.8400001525878906 28.719999313354492 49.979999542236328 68.019996643066406 25.264209747314453 23.854537963867188 23.253009796142578 22.918407440185547 56559.16796875 10.470276832580566 9.8460750579833984 3.8338901996612549 20.455141067504883 riz 0 56595.203125 1.1357345581054688 0.53816676139831543 0.89898538589477539 0.42924776673316956 0.11797627806663513 23.750053405761719 0.14897438883781433 5.675167813024018e-06 7.7869253800599836e-07 0.038444094359874725 -4.0707129755901406e-07 -8.8755442106958071e-08 28 21.231733322143555 0.81555557250976562 1.4420273303985596
SN: 1251618 10 0 X3 3 0 36.348540999999997 -4.1659769999999998 0.82318001985549927 0.0010000000474974513 0.82171601057052612 0.0010000000474974513 0.8217160701751709 0.0020792013965547085 0 300 0 0 0.023756364360451698 1 1 19495 -9 -9 0.82319998741149902 0.0010000000474974513 36.348356000000003 -4.1657999999999999 0.92100000381469727 1.187999963760376 -9 10.548999786376953 0.013000000268220901 -9999 -9999 0.72899997234344482 0.30099999904632568 -9.8100004196166992 0.30949151515960693 0.95899999141693115 -999 24.579999923706055 23.549999237060547 22.649999618530273 22.190000534057617 0.019999999552965164 0.0099999997764825821 0.0099999997764825821 0 2.6500000953674316 7.7600002288818359 16.280000686645508 24.319999694824219 26.441884994506836 25.275344848632812 24.470863342285156 24.035091400146484 56564.265625 13.630134582519531 8.5998992919921875 6.8567752838134766 32.048896789550781 riz 0 56558.96484375 0.92907440662384033 0.73785573244094849 0.76412320137023926 0.043994754552841187 0.070701643824577332 24.413522720336914 0.061404667794704437 3.0802852961642202e-06 1.7420796893929946e-07 0.010281307622790337 -8.5625970314140432e-08 -1.7000952867718411e-09 38 22.92462158203125 0.97456073760986328 0.28635349869728088
SN: 1261259 10 0 C3 3 0 51.558543999999998 -28.134834000000001 0.52785998582839966 0.0010000000474974513 0.52723097801208496 0.0010000000474974513 0.52723097801208496 0.0018263482488691807 0 300 0 0 0.011808783747255802 1 2 5349 -9 -9 0.52789998054504395 0.0010000000474974513 51.558684 -28.134789999999999 0.4699999988079071 0.50599998235702515 -4.0272116661071777 10.125 0.010999999940395355 -9999 -9999 0.49500000476837158 0.008999999612569809 -9.6230001449584961 0.021023796871304512 0.50400000810623169 -999 23.319999694824219 22.139999389648438 21.719999313354492 21.299999237060547 0 0 0 0 12.399999618530273 36.419998168945312 57.419998168945312 73.449996948242188 24.766445159912109 23.596649169921875 23.10234260559082 22.835020065307617 56648.2109375 52.176658630371094 39.498970031738281 27.297609329223633 119.67855834960938 riz 0 56645.1015625 0.29667744040489197 0.30146953463554382 0.25359117984771729 -0.050653740763664246 0.027332823723554611 22.812679290771484 0.029177764430642128 1.3456387023325078e-05 3.6162310834697564e-07 0.0015965724596753716 -5.5071172511134137e-08 -7.0140449004441052e-09 30 14.150946617126465 0.99372678995132446 0.1964869350194931
SN: 1262588 10 0 X2 3 0 34.910834999999999 -6.2940100000000001 0.40759000182151794 0.0010000000474974513 0.40643900632858276 0.0010000000474974513 0.40643906593322754 0.0017264735652133822 0 300 0 0 0.023357769474387169 1 3 16633 -9 -9 0.40759998559951782 0.0010000000474974513 34.911228000000001 -6.2941560000000001 1.5010000467300415 1.0779999494552612 -2.9032807350158691 10.520000457763672 0.048999998718500137 -9999 -9999 0.4869999885559082 0.89800000190734863 -10.020999908447266 0.90138113498687744 1.3370000123977661 -999 23.340000152587891 21.739999771118164 21.110000610351562 20.739999771118164 0.0099999997764825821 0 0 0 8.5900001525878906 37.590000152587891 62.959999084472656 93.779998779296875 25.165016174316406 23.562318801879883 23.002338409423828 22.569725036621094 56660.10546875 13.005789756774902 9.6966619491577148 5.4336824417114258 22.607364654541016 riz 0 56657.01953125 1.0606794357299805 -1.8280680179595947 0.90017974376678467 0.00015390165208373219 0.09162408858537674 22.925888061523438 0.097338572144508362 1.2123970009270124e-05 1.0869398465729319e-06 0.0043162875808775425 -3.3754142236830376e-07 -6.4159941359775985e-08 19 34.506252288818359 0.016005123034119606 0.60935622453689575
SN: 1265040 10 0 X1 3 0 33.968079000000003 -5.7388589999999997 0.4309999942779541 0.0010000000474974513 0.42980599403381348 0.0010000000474974513 0.42980599403381348 0.0017455869819968939 0 300 0 0 0.019197989255189896 1 1 14671 -9 -9 0.4309999942779541 0.0010000000474974513 33.967981999999999 -5.7388079999999997 0.39100000262260437 0.3449999988079071 -9 11.060999870300293 0.030999999493360519 -9999 -9999 -2.3190000057220459 0.3970000147819519 -13.329999923706055 0.39700126647949219 1.3589999675750732 -999 21.780000686645508 20.069999694824219 19.430000305175781 19.170000076293945 0 0 0 0 39.659999847412109 218.41999816894531 377.1099853515625 454.30999755859375 23.504117965698242 21.651769638061523 21.058830261230469 20.856618881225586 56667.13671875 16.666107177734375 10.385732650756836 7.6284074783325195 36.208667755126953 riz 0 56660.71484375 0.71662306785583496 1.3088735342025757 0.69815564155578613 0.19281810522079468 0.060016211122274399 22.368261337280273 0.069577038288116455 2.0262601537979208e-05 1.2984846762265079e-06 0.0099850092083215714 -5.5132124998635845e-07 -5.8005205971767282e-08 21 10.431093215942383 0.97275382280349731 0.77681916952133179
SN: 1265231 10 0 X3 3 0 36.261353 -3.7958340000000002 0.68532997369766235 0.0010000000474974513 0.68397200107574463 0.0010000000474974513 0.68397200107574463 0.0019594761542975903 0 300 0 0 0.02323291078209877 2 2 -2501 -9 -9 0.68529999256134033 0.0010000000474974513 36.261448999999999 -3.795728 0.51499998569488525 0.74099999666213989 -2.3237252235412598 10.791000366210938 0.046000000089406967 -9999 -9999 -0.164000004529953 5.4109997749328613 -10.984000205993652 5.414060115814209 1.1699999570846558 -999 23.979999542236328 22.329999923706055 21.229999542236328 20.909999847412109 0.0099999997764825821 0 0 0 5.309999942779541 26.389999389648438 66.510002136230469 91.720001220703125 25.687263488769531 23.946401596069336 22.942783355712891 22.593839645385742 56677.05859375 13.583734512329102 11.413220405578613 9.8131208419799805 31.602006912231445 riz 0 56675.69921875 1.0475547313690186 0.052818648517131805 0.97416937351226807 0.062951289117336273 0.068720966577529907 23.700595855712891 0.072401106357574463 5.9396597862360068e-06 3.960795709190279e-07 0.029504286125302315 -3.0154470209708961e-07 -1.4319582852806434e-08 13 3.9585244655609131 0.99162459373474121 0.21057493984699249
SN: 1252595 10 0 C3 3 0 53.059489999999997 -27.715036000000001 0.81400001049041748 0.0010000000474974513 0.81329500675201416 0.0010000000474974513 0.81329500675201416 0.0020718174055218697 0 300 0 0 0.0081624686717987061 1 2 5406 -9 -9 0.81400001049041748 0.0010000000474974513 53.059345999999998 -27.715164999999999 0.65100002288818359 0.81400001049041748 -3.5028200149536133 9.9700002670288086 0.029999999329447746 -9999 -9999 0.10499999672174454 0.56199997663497925 -9.8610000610351562 0.5982215404510498 0.8880000114440918 -999 25.989999771118164 24.889999389648438 23.989999771118164 23.549999237060547 0.05000000074505806 0.019999999552965164 0.0099999997764825821 0.0099999997764825821 0.8399999737739563 2.1400001049041748 5.4200000762939453 7.7600002288818359 27.5 26.673965454101562 25.665000915527344 25.275344848632812 56564.23828125 10.290931701660156 7.536461353302002 4.3318419456481934 26.011692047119141 riz 0 56563.62109375 1.2811284065246582 -1.5325262546539307 0.71908754110336304 0.27794858813285828 0.09086097776889801 24.97999382019043 0.060609191656112671 1.8281119764651521e-06 1.0205093303738977e-07 0.0083409231156110764 -3.6529534952478571e-08 -3.4187428443743784e-09 47 37.819728851318359 0.82809144258499146 1.0579948425292969
SN: 1253046 10 0 C1 3 0 53.643996999999999 -26.873615000000001 0.50191998481750488 0.0010000000474974513 0.5013430118560791 0.0010000000474974513 0.5013430118560791 0.0018047270132228732 0 300 0 0 0.0090747140347957611 1 1 187877 -9 -9 0.50190001726150513 0.0010000000474974513 53.643540000000002 -26.873732 1.5269999504089355 1.093000054359436 -9 10.501999855041504 0.05000000074505806 -9999 -9999 0.29499998688697815 3.5769999027252197 -10.210000038146973 3.5782086849212646 1.2560000419616699 -999 23.719999313354492 21.889999389648438 21.25 20.879999160766602 0.0099999997764825821 0 0 0 2.369999885559082 9.9399995803833008 19.870000839233398 25.489999771118164 26.563129425048828 25.006534576416016 24.254505157470703 23.984075546264648 56579.18359375 33.098468780517578 19.393100738525391 15.350038528442383 62.908584594726562 riz 0 56578.69140625 0.42663568258285522 0.56176245212554932 0.35424923896789551 -0.10076558589935303 0.039249099791049957 22.656110763549805 0.03754657506942749 1.5543755580438301e-05 5.3752910389448516e-07 0.0012725534616038203 -1.0475800138465274e-07 -1.2095219048546824e-08 39 42.012706756591797 0.34170368313789368 0.3845556378364563
SN: 1260461 10 0 X3 3 0 35.972065000000001 -5.0150800000000002 0.8600500226020813 0.0010000000474974513 0.858551025390625 0.0010000000474974513 0.858551025390625 0.0021115923300385475 0 300 0 0 0.022772544994950294 1 2 18251 -9 -9 0.86009997129440308 0.0010000000474974513 35.972433000000002 -5.0147339999999998 1.8140000104904175 2.1319999694824219 -1.8898187875747681 10.668999671936035 0.017000000923871994 -9999 -9999 1.0240000486373901 0.50800001621246338 -9.6669998168945312 0.51380246877670288 1.0779999494552612 -999 24.870000839233398 23.790000915527344 22.700000762939453 22.190000534057617 0.019999999552965164 0.0099999997764825821 0.0099999997764825821 0 1.0099999904632568 2.3299999237060547 7.070000171661377 12.430000305175781 27.48919677734375 26.581609725952148 25.37645149230957 24.763822555541992 56627.12109375 17.966804504394531 12.561894416809082 -99 34.016658782958984 iz 0 56635.48828125 0.94123756885528564 -1.0896439552307129 0.67706644535064697 -0.085523843765258789 0.11523205041885376 24.227388381958008 0.051626089960336685 3.6563217236107448e-06 1.7385585238116619e-07 -0.0073890029452741146 -5.8502013899897065e-08 -6.2858034333146406e-09 19 29.163093566894531 0.06346265971660614 0.46173065900802612
SN: 1265281 10 0 X3 3 0 35.896248 -4.5713869999999996 0.36131000518798828 0.0010000000474974513 0.36020898818969727 0.0010000000474974513 0.36020898818969727 0.0016889753751456738 0 300 0 0 0.02283371239900589 1 1 20184 -9 -9 0.36129999160766602 0.0010000000474974513 35.896262 -4.5713590000000002 0.11299999803304672 0.1120000034570694 -9 9.1829996109008789 0.017000000923871994 -9999 -9999 0.65200001001358032 0.29199999570846558 -8.5030002593994141 0.3083261251449585 0.26499998569488525 -999 23.350000381469727 22.510000228881836 22.280000686645508 22.040000915527344 0.0099999997764825821 0 0 0 10.430000305175781 22.620000839233398 27.700000762939453 34.790000915527344 24.954288482666016 24.113767623901367 23.893800735473633 23.646364212036133 56683.0859375 35.446338653564453 33.063941955566406 19.542837142944336 73.320465087890625 griz 0 56678.7265625 0.50207245349884033 -0.34209704399108887 0.51580429077148438 0.15640360116958618 0.03653712198138237 22.864484786987305 0.048870492726564407 1.2829384104406927e-05 5.7746837001104723e-07 0.011130952276289463 -2.1880799749851576e-07 -1.752935929744126e-08 15 9.3781843185424805 0.85692805051803589 0.53367060422897339
SN: 1257102 10 0 E2 3 0 10.057632999999999 -44.561985 0.47433999180793762 0.0010000000474974513 0.47330000996589661 0.0010000000474974513 0.47329998016357422 0.0017814347520470619 0 300 0 0 0.0063538537360727787 1 1 9018 -9 -9 0.47429999709129333 0.0010000000474974513 10.057776 -44.561978000000003 0.36700001358985901 0.56499999761581421 -9 9.4600000381469727 0.028000000864267349 -9999 -9999 0.73299998044967651 0.037999998778104782 -8.7119998931884766 0.065215028822422028 0.43799999356269836 -999 23.739999771118164 22.670000076293945 22.350000381469727 22.120000839233398 0.0099999997764825821 0.0099999997764825821 0.0099999997764825821 0.0099999997764825821 6.3400001525878906 17.030000686645508 24.819999694824219 30.270000457763672 25.494777679443359 24.421962738037109 24.012996673583984 23.797468185424805 56609.02734375 26.152090072631836 16.641412734985352 11.771940231323242 53.868904113769531 riz 0 56604.90625 0.50495398044586182 -0.071528337895870209 0.38874512910842896 -0.085453510284423828 0.042179390788078308 22.517843246459961 0.042285941541194916 1.7654783732723445e-05 6.875972076159087e-07 0.0013818793231621385 -1.3015849731345952e-07 -1.8913745236659452e-08 29 22.654195785522461 0.79212552309036255 0.28584116697311401
SN: 1252751 10 0 S2 3 0 41.392764999999997 -1.5097419999999999 0.5617300271987915 0.0010000000474974513 0.56059300899505615 0.0010000000474974513 0.56059300899505615 0.0018543734913691878 0 300 0 0 0.028314677998423576 1 1 13682 -9 -9 0.56169998645782471 0.0010000000474974513 41.392707999999999 -1.5096959999999999 0.26399999856948853 0.23199999332427979 -9 10.546999931335449 0.029999999329447746 -9999 -9999 -2.8139998912811279 2.0729999542236328 -13.329999923706055 2.0730001926422119 1.2690000534057617 -999 23.75 22 21.239999771118164 20.920000076293945 0.019999999552965164 0 0 0 7.3899998664855957 37.700000762939453 74.220001220703125 105.86000061035156 25.328388214111328 23.559146881103516 22.823698043823242 22.43817138671875 56567.171875 19.291275024414062 13.291177749633789 9.603144645690918 41.459617614746094 riz 0 56565.2890625 0.77523773908615112 -0.46698012948036194 0.47627094388008118 -0.13124740123748779 0.052062258124351501 22.879501342773438 0.044366937130689621 1.2653177691390738e-05 5.1705262649193173e-07 0.0020545870065689087 -1.2871490184807044e-07 -1.2453202025142218e-08 41 43.910923004150391 0.34921827912330627 0.46435838937759399
SN: 1261236 10 0 C3 3 0 53.167113999999998 -28.705193000000001 0.59850001335144043 0.0010000000474974513 0.59789198637008667 0.0010000000474974513 0.59789204597473145 0.001885912730358541 0 300 0 0 0.0080779464915394783 2 3 3900 -9 -9 0.59850001335144043 0.0010000000474974513 53.167009 -28.705162999999999 0.35100001096725464 0.27000001072883606 -2.367706298828125 10.942999839782715 0.017999999225139618 -9999 -9999 0.85600000619888306 0.030999999493360519 -10.078000068664551 0.087664134800434113 0.81400001049041748 -999 22.850000381469727 21.729999542236328 21.059999465942383 20.639999389648438 0 0 0 0 18.629999160766602 53.299999237060547 96.319999694824219 137.39999389648438 24.324466705322266 23.183181762695312 22.540708541870117 22.155033111572266 56648.05078125 22.818181991577148 21.048501968383789 16.247150421142578 64.797233581542969 riz 0 56645.34765625 0.43000704050064087 0.58538013696670532 0.36828809976577759 0.17524413764476776 0.036178756505250931 23.451227188110352 0.038213115185499191 7.4732415669132024e-06 2.630250719448668e-07 0.004031473770737648 -6.9418938153376075e-08 -6.0020455272535855e-09 31 15.113063812255859 0.99260729551315308 0.61587518453598022
SN: 1263197 10 0 C2 3 0 54.324539000000001 -28.489844999999999 0.3382599949836731 0.0010000000474974513 0.33777600526809692 0.0010000000474974513 0.33777594566345215 0.0016709378687664866 0 300 0 0 0.010008701123297215 1 1 2311 -9 -9 0.33829998970031738 0.0010000000474974513 54.324607 -28.489837999999999 0.21500000357627869 0.24699999392032623 -9 10.142999649047852 0.075000002980232239 -9999 -9999 -0.26100000739097595 6.8779997825622559 -10.418000221252441 6.8790817260742188 1.3710000514984131 -999 23.389999389648438 21.899999618530273 21.319999694824219 21 0.0099999997764825821 0 0 0 10.300000190734863 41.040000915527344 70.330001831054688 91.44000244140625 24.967906951904297 23.466981887817383 22.882148742675781 22.597160339355469 56660.078125 41.008152008056641 34.741809844970703 29.199260711669922 83.481346130371094 griz 0 56659.640625 0.30058580636978149 -2.1418564319610596 0.27505511045455933 0.034993428736925125 0.025223806500434875 22.007625579833984 0.028970476239919662 2.824552939273417e-05 7.5366966711953864e-07 0.0017919125966727734 -9.6205631905377231e-08 -1.1867172133861459e-08 36 29.986927032470703 0.74941235780715942 0.72341805696487427
SN: 1253857 10 0 X3 3 0 36.788124000000003 -4.3705259999999999 0.85799998044967651 0.0010000000474974513 0.85652202367782593 0.0010000000474974513 0.8565220832824707 0.0021098044235259295 0 300 0 0 0.021371293812990189 1 1 17590 -9 -9 0.85799998044967651 0.0010000000474974513 36.788099000000003 -4.370501 0.12700000405311584 0.14900000393390656 -9 10.720000267028809 0.014000000432133675 -9999 -9999 0.92000001668930054 0.31200000643730164 -9.7849998474121094 0.32065558433532715 0.94900000095367432 -999 24.670000076293945 23.549999237060547 22.610000610351562 22.110000610351562 0.019999999552965164 0.0099999997764825821 0.0099999997764825821 0 3.5199999809265137 9.4799995422363281 22.25 32.840000152587891 26.133644104003906 25.057979583740234 24.131675720214844 23.708992004394531 56576.125 17.942644119262695 9.5529537200927734 -99 34.948528289794922 iz 0 56580.26953125 0.8548126220703125 0.78768241405487061 0.61795711517333984 -0.026967303827404976 0.11420629918575287 24.140012741088867 0.053049448877573013 3.9627357182325795e-06 1.936206501795823e-07 -0.010592897422611713 -7.6579766528084292e-08 -2.4277113652715343e-09 25 18.482219696044922 0.82124829292297363 0.27752220630645752
SN: 1262573 10 0 S2 3 0 41.562469999999998 -1.5214620000000001 0.23837000131607056 0.0010000000474974513 0.23747199773788452 0.0010000000474974513 0.2374720573425293 0.0015916598495095968 0 300 0 0 0.030436346307396889 1 1 13651 -9 -9 0.23839999735355377 0.0010000000474974513 41.562846 -1.520996 2.1549999713897705 1.1119999885559082 -9 11.152000427246094 0.018999999389052391 -9999 -9999 -1.3799999952316284 8.619999885559082 -12.48799991607666 8.6222505569458008 1.5269999504089355 -999 20.909999847412109 19.430000305175781 18.959999084472656 18.670000076293945 0 0 0 0 29.639999389648438 83.800003051757812 136.60000610351562 177.39999389648438 23.820304870605469 22.691890716552734 22.161373138427734 21.877616882324219 56653.1015625 39.217575073242188 38.117351531982422 27.8741455078125 105.61791229248047 griz 0 56650.89453125 0.32495146989822388 -2.5638535022735596 0.28623712062835693 0.035107780247926712 0.025273209437727928 21.513690948486328 0.03108997642993927 4.4516738853417337e-05 1.274733563150221e-06 0.0015747008146718144 -1.2734497545352497e-07 -2.3977010599196547e-08 34 29.253536224365234 0.69946503639221191 0.86259299516677856
SN: 1254108 10 0 C3 3 0 53.434581999999999 -27.813009000000001 0.9676399827003479 0.0010000000474974513 0.96688902378082275 0.0010000000474974513 0.96688902378082275 0.0022076722234487534 0 300 0 0 0.005563030019402504 1 1 5478 -9 -9 0.96759998798370361 0.0010000000474974513 53.434677999999998 -27.813510999999998 1.8339999914169312 1.9029999971389771 -9 10.901000022888184 0.05299999937415123 -9999 -9999 1.3020000457763672 0.45600000023841858 -9.6309995651245117 0.46931546926498413 0.89800000190734863 -999 24.379999160766602 23.209999084472656 21.940000534057617 21.299999237060547 0.0099999997764825821 0 0 0 2.25 6.0199999809265137 25.329999923706055 38.349998474121094 26.619543075561523 25.551008224487305 23.990911483764648 23.540586471557617 56579.21484375 14.300888061523438 10.252583503723145 -99 30.433849334716797 iz 0 56580.76953125 1.0184326171875 -0.36505573987960815 0.64810514450073242 -0.1205553412437439 0.12075905501842499 24.609277725219727 0.057716470211744308 2.5721083147800528e-06 1.3673027865479526e-07 0.0087810223922133446 -4.9612172148272293e-08 4.0007006596454175e-09 36 23.03309440612793 0.95374047756195068 0.41987094283103943
SN: 1258118 10 0 S2 3 0 40.812840000000001 -1.4372929999999999 0.62638002634048462 0.0010000000474974513 0.6251789927482605 0.0010000000474974513 0.62517905235290527 0.0019091181457042694 0 300 0 0 0.027773518115282059 1 2 12769 -9 -9 0.62639999389648438 0.0010000000474974513 40.812961999999999 -1.437297 0.43999999761581421 0.63700002431869507 -3.4630930423736572 9.8219995498657227 0.035999998450279236 -9999 -9999 1.4850000143051147 0.29100000858306885 -8.300999641418457 0.29100000858306885 0.42500001192092896 -999 23.729999542236328 22.709999084472656 22.260000228881836 22.069999694824219 0.0099999997764825821 0.0099999997764825821 0.0099999997764825821 0.0099999997764825821 8.380000114440918 19.129999160766602 29.920000076293945 35.810001373291016 25.191890716552734 24.295713424682617 23.810096740722656 23.614990234375 56609.07421875 12.050481796264648 9.9702205657958984 6.8300290107727051 25.045808792114258 riz 0 56605.94921875 1.1405297517776489 -0.16464440524578094 0.78554797172546387 0.050805971026420593 0.075381994247436523 23.456867218017578 0.071438625454902649 7.4345225584693253e-06 4.8917229378275806e-07 0.0099473847076296806 -2.4911309992603492e-07 -1.7695633403036481e-08 37 23.215137481689453 0.96247392892837524 0.17802385985851288
SN: 1253920 10 1 C1 3 0 54.629311000000001 -27.042770000000001 0.19598999619483948 0.0010000000474974513 0.1955530047416687 0.0010000000474974513 0.19555306434631348 0.0015592481940984726 0 300 0 0 0.0091201206669211388 2 4 1167 -9 -9 0.19599999487400055 0.0010000000474974513 54.629382 -27.042752 0.2370000034570694 0.23299999535083771 -4.0736327171325684 9.4329996109008789 0.064000003039836884 -9999 -9999 -7.7659997940063477 2.2339999675750732 -17.219999313354492 2.2361483573913574 1.3240000009536743 -999 22.840000152587891 21.790000915527344 21.440000534057617 21.159999847412109 0.0099999997764825821 0 0 0 15.680000305175781 43.680000305175781 61.299999237060547 76.44000244140625 24.511634826660156 23.399293899536133 23.031349182128906 22.791698455810547 56579.1796875 175.68077087402344 110.12891387939453 78.56805419921875 321.77264404296875 griz 0 56583.37109375 0.16598024964332581 -0.7601313591003418 0.1597248762845993 -0.065066255629062653 0.018019743263721466 20.342439651489258 0.02541302889585495 0.00013092551671434194 3.0644773687527049e-06 0.00079743901733309031 -3.0218748747756763e-07 -3.7762045934641719e-08 40 33.139755249023438 0.77037817239761353 0.33352681994438171
SN: 1259538 10 0 X3 3 0 37.174919000000003 -4.7141729999999997 0.5136299729347229 0.0010000000474974513 0.51243698596954346 0.0010000000474974513 0.51243698596954346 0.0018139787716791034 0 300 0 0 0.035199128091335297 1 1 18119 -9 -9 0.51359999179840088 0.0010000000474974513 37.174793999999999 -4.7144219999999999 1.0039999485015869 1.1339999437332153 -9 9.2489995956420898 0.020999999716877937 -9999 -9999 1.0410000085830688 0.41100001335144043 -8.1979999542236328 0.41345617175102234 0.20600000023841858 -999 24.090000152587891 23.149999618530273 22.870000839233398 22.659999847412109 0.0099999997764825821 0 0.0099999997764825821 0.0099999997764825821 3.8599998950958252 9.0500001907348633 13.149999618530273 15.300000190734863 26.033531188964844 25.108379364013672 24.702686309814453 24.538270950317383 56627.16015625 52.020797729492188 31.67388916015625 30.052968978881836 87.683998107910156 riz 0 56628.73046875 0.53384548425674438 -0.31133359670639038 0.3009224534034729 -0.028223149478435516 0.034148670732975006 22.986783981323242 0.037758849561214447 1.1462695510999765e-05 3.9864028167357901e-07 0.0012262891978025436 -4.6257770947022436e-08 -1.0254282756250177e-08 28 23.388967514038086 0.7133370041847229 0.14007268846035004
SN: 1252810 10 0 S2 3 0 41.878886999999999 -1.60164 0.58139997720718384 0.0010000000474974513 0.58026200532913208 0.0010000000474974513 0.5802619457244873 0.0018709785072132945 0 300 0 0 0.036981396377086639 1 1 13289 -9 -9 0.58139997720718384 0.0010000000474974513 41.878590000000003 -1.60141 1.3509999513626099 1.0089999437332153 -9 10.916999816894531 0.043999999761581421 -9999 -9999 0.59700000286102295 0.32800000905990601 -10.295999526977539 0.33538633584976196 1.0859999656677246 -999 23.450000762939453 21.989999771118164 21.190000534057617 20.829999923706055 0.0099999997764825821 0 0 0 9.6099996566772461 30.719999313354492 62.540000915527344 87.80999755859375 25.043191909790039 23.78144645690918 23.009605407714844 22.641139984130859 56567.1796875 12.182668685913086 11.11803150177002 7.1623644828796387 31.186960220336914 riz 0 56558.234375 0.79208648204803467 1.0160200595855713 0.72356003522872925 0.069645211100578308 0.062301456928253174 23.176319122314453 0.072244681417942047 9.6265857791877352e-06 6.4055120674311183e-07 0.012122679501771927 -3.6213839393894887e-07 -2.2487387951741766e-08 41 31.252714157104492 0.86447674036026001 0.41060149669647217
SN: 1256335 10 0 X3 3 0 35.884377000000001 -4.8831530000000001 0.62070000171661377 0.0010000000474974513 0.61939102411270142 0.0010000000474974513 0.61939096450805664 0.0019041866762563586 0 300 0 0 0.021740827709436417 1 4 18898 -9 -9 0.62070000171661377 0.0010000000474974513 35.884376000000003 -4.8831030000000002 0.17900000512599945 0.22499999403953552 -4.5207595825195312 9.4799995422363281 0.054999999701976776 -9999 -9999 0.2669999897480011 0.034000001847743988 -9.2729997634887695 0.17434735596179962 0.21799999475479126 -999 24.110000610351562 23.270000457763672 22.819999694824219 22.649999618530273 0.0099999997764825821 0.0099999997764825821 0.0099999997764825821 0.0099999997764825821 5.5 11.600000381469727 18.090000152587891 20.75 25.649093627929688 24.838855743408203 24.356403350830078 24.207454681396484 56595.1640625 20.554859161376953 20.342599868774414 13.82199764251709 51.735206604003906 riz 0 56594.62890625 0.5571780800819397 -0.68113511800765991 0.32788848876953125 -0.11204251646995544 0.043471924960613251 23.394054412841797 0.042406555265188217 7.8773109635221772e-06 3.0767108682994149e-07 0.0015309863956645131 -6.4967665025505994e-08 -6.3694916008216751e-09 29 30.304437637329102 0.39892318844795227 0.43707329034805298
SN: 1250578 10 0 X2 3 0 36.104045999999997 -6.9964620000000002 0.27961999177932739 0.0010000000474974513 0.2786020040512085 0.0010000000474974513 0.2786020040512085 0.0016238857060670853 0 300 0 0 0.025754401460289955 1 2 16352 -9 -9 0.27959999442100525 0.0010000000474974513 36.104098 -6.9963040000000003 0.59700000286102295 0.70800000429153442 -2.7870368957519531 10.215000152587891 0.010999999940395355 -9999 -9999 0.97399997711181641 0.4699999988079071 -9.2349996566772461 0.47061237692832947 0.82300001382827759 -999 21.209999084472656 20.280000686645508 19.829999923706055 19.690000534057617 0 0 0 0 74.629997253417969 171.25 252.27999877929688 285.510009765625 22.817716598510742 21.915924072265625 21.495292663574219 21.360946655273438 56551.28125 23.947301864624023 21.718057632446289 15.929888725280762 66.294044494628906 griz 0 56546.35546875 0.42903655767440796 0.42304569482803345 0.34331870079040527 0.23629453778266907 0.025709621608257294 22.057514190673828 0.033239129930734634 2.6977033485309221e-05 8.2588485383894295e-07 0.0020978497341275215 -1.2727008424917585e-07 -1.5496164351702646e-08 41 74.440567016601562 0.0010793334804475307 0.80017209053039551
SN: 1250916 10 0 X3 3 0 37.153247999999998 -4.2990870000000001 0.67079997062683105 0.0010000000474974513 0.66948002576828003 0.0010000000474974513 0.6694800853729248 0.0019470192492008209 0 300 0 0 0.022978110238909721 1 2 179188 -9 -9 0.67079997062683105 0.0010000000474974513 37.153233 -4.2991029999999997 0.079000003635883331 0.10999999940395355 -5.509340763092041 11.02400016784668 0.10100000351667404 -9999 -9999 -3.4479999542236328 6.5520000457763672 -14.520000457763672 6.5590486526489258 1.5110000371932983 -999 24.459999084472656 22.549999237060547 21.280000686645508 20.920000076293945 0.019999999552965164 0 0 0 3.7100000381469727 23.190000534057617 60.830001831054688 89.5 26.076564788818359 24.086748123168945 23.039705276489258 22.620441436767578 56558.26171875 22.681182861328125 22.143871307373047 13.614266395568848 64.99566650390625 riz 0 56555.62890625 0.35972175002098083 -0.79392147064208984 0.33737325668334961 -0.14799943566322327 0.038597799837589264 23.268688201904297 0.037411041557788849 8.8414744823239744e-06 3.0464929068330093e-07 0.0044753081165254116 -7.7545273313717189e-08 -5.7227147465255257e-09 34 37.047000885009766 0.3301926851272583 0.55983078479766846
SN: 1248441 10 0 C3 3 0 52.136707000000001 -28.186800000000002 0.24567000567913055 0.0010000000474974513 0.245169997215271 0.0010000000474974513 0.245169997215271 0.0015976601280272007 0 300 0 0 0.0060542388819158077 2 6 4032 -9 -9 0.24570000171661377 0.0010000000474974513 52.136944999999997 -28.186864 0.79000002145767212 0.68300002813339233 -2.186758279800415 10.611000061035156 0.018999999389052391 -9999 -9999 0.27300000190734863 0.37900000810623169 -10.586999893188477 0.40871751308441162 1.3380000591278076 -999 20.819999694824219 19.530000686645508 19.010000228881836 18.75 0 0 0 0 112.58999633789062 329.8900146484375 495.8599853515625 598.47998046875 22.371250152587891 21.204076766967773 20.761602401733398 20.557376861572266 56536.2578125 60.734397888183594 44.159351348876953 13.104969024658203 110.37506866455078 giz 0 56530.8046875 1.1246135234832764 -0.61740154027938843 0.26147922873497009 -0.14998041093349457 0.03339855745434761 20.809032440185547 0.087644495069980621 8.5189698438625783e-05 6.8768158598686568e-06 0.0011515578953549266 -4.1020012986336951e-07 -3.4207189969492902e-08 20 21.407993316650391 0.37347790598869324 0.54063713550567627
SN: 1257533 10 0 C3 3 0 51.988888000000003 -27.996670000000002 0.23003000020980835 0.0010000000474974513 0.22953200340270996 0.0010000000474974513 0.22953200340270996 0.0015854862285777926 0 300 0 0 0.008908560499548912 1 2 4002 -9 -9 0.23000000417232513 0.0010000000474974513 51.988874000000003 -27.996701999999999 0.12300000339746475 0.15199999511241913 -5.4956512451171875 9.9870004653930664 0.028999999165534973 -9999 -9999 -0.034000001847743988 0.38699999451637268 -10.13700008392334 0.40260401368141174 1.2760000228881836 -999 22.069999694824219 20.870000839233398 20.379999160766602 19.989999771118164 0 0 0 0 34.369998931884766 101.20999908447266 157.3699951171875 196.61000061035156 23.659551620483398 22.486942291259766 22.007694244384766 21.765985488891602 56615.25390625 233.98020935058594 224.04046630859375 78.197723388671875 548.23577880859375 griz 0 56612.0546875 0.15546190738677979 0.072652600705623627 0.11022214591503143 -0.036995086818933487 0.014550972729921341 20.648746490478516 0.019552223384380341 9.8741955298464745e-05 1.7781711676434497e-06 0.00038658891571685672 -1.0316326637394013e-07 -1.8882658991969947e-08 40 70.538681030273438 0.0020389764104038477 0.12567242980003357
SN: 1248677 10 1 C3 3 0 53.646217 -28.127001 0.35067000985145569 0.0010000000474974513 0.35016199946403503 0.0010000000474974513 0.35016202926635742 0.0016808838117867708 0 300 0 0 0.0073089143261313438 1 1 3732 -9 -9 0.35069999098777771 0.0010000000474974513 53.646281000000002 -28.126491000000001 1.8480000495910645 1.7460000514984131 -9 9.564000129699707 0.016000000759959221 -9999 -9999 1.1979999542236328 0.34799998998641968 -8.3479995727539062 0.35089743137359619 0.36000001430511475 -999 23.090000152587891 22.239999771118164 21.950000762939453 21.690000534057617 0 0 0 0 5.25 10.880000114440918 11.930000305175781 15.420000076293945 25.699602127075195 24.908428192138672 24.808399200439453 24.529788970947266 56558.24609375 121.3475341796875 95.64678955078125 93.442451477050781 368.874755859375 griz 0 56554.33984375 0.1821327805519104 1.1765695810317993 0.15825055539608002 -0.095871046185493469 0.01409919373691082 21.555194854736328 0.019216621294617653 4.2847153963521123e-05 7.5835873758478556e-07 0.00051804940449073911 -7.7711327151064324e-08 -6.5030802964827217e-09 48 21.252429962158203 0.99971300363540649 0.50590312480926514
SN: 1260556 10 0 C1 3 0 53.319640999999997 -27.018248 0.27487000823020935 0.0010000000474974513 0.27437400817871094 0.0010000000474974513 0.27437400817871094 0.0016205544816330075 0 300 0 0 0.0086453501135110855 1 1 1197 -9 -9 0.27489998936653137 0.0010000000474974513 53.319192999999999 -27.018039000000002 1.6210000514984131 1.3619999885559082 -9 10.381999969482422 0.0070000002160668373 -9999 -9999 1.1940000057220459 0.46599999070167542 -9.1960000991821289 0.46690148115158081 0.77100002765655518 -999 21.190000534057617 20.270000457763672 19.860000610351562 19.600000381469727 0 0 0 0 29.850000381469727 72.989997863769531 104.93000030517578 138.08999633789062 23.812639236450195 22.841842651367188 22.447750091552734 22.149593353271484 56635.1328125 42.533580780029297 42.236965179443359 30.880670547485352 113.70348358154297 griz 0 56635.35546875 0.27322447299957275 0.10499650239944458 0.237736776471138 0.10270047187805176 0.019598465412855148 21.638467788696289 0.026358518749475479 3.968374221585691e-05 9.6340590971522033e-07 0.0014369265409186482 -1.3013013244744798e-07 -1.3577706958756153e-08 36 60.734813690185547 0.0061167203821241856 0.34411931037902832
SN: 1247537 10 0 X1 3 0 34.025146999999997 -5.0109329999999996 0.45686998963356018 0.0010000000474974513 0.45565199851989746 0.0010000000474974513 0.45565199851989746 0.0017668477958068252 0 300 0 0 0.017763100564479828 1 2 14816 -9 -9 0.45690000057220459 0.0010000000474974513 34.025460000000002 -5.0108139999999999 1.2020000219345093 1.1740000247955322 -2.8360254764556885 9.9270000457763672 0.014999999664723873 -9999 -9999 1.2510000467300415 0.018999999389052391 -8.6649999618530273 0.033015146851539612 0.41299998760223389 -999 23.079999923706055 22.069999694824219 21.670000076293945 21.450000762939453 0.0099999997764825821 0 0 0 12.369999885559082 33.430000305175781 44.930000305175781 52.689998626708984 24.769075393676758 23.689659118652344 23.368659973144531 23.1956787109375 56551.296875 21.68345832824707 15.501626968383789 9.4981803894042969 57.349224090576172 riz 0 56548.64453125 0.45053458213806152 0.40367740392684937 0.39400053024291992 -0.090362943708896637 0.039547689259052277 22.381088256835938 0.042082056403160095 2.0024650439154357e-05 7.7613555049538263e-07 0.0025132331065833569 -1.7357649539917475e-07 -2.1066133726321823e-08 34 27.628076553344727 0.77179473638534546 0.32989925146102905
SN: 1260050 10 0 S2 3 0 41.245640000000002 -0.38762200000000002 0.27371999621391296 0.0010000000474974513 0.2727850079536438 0.0010000000474974513 0.27278494834899902 0.0016193034825846553 0 300 0 0 0.025775760412216187 1 1 11824 -9 -9 0.27369999885559082 0.0010000000474974513 41.2455 -0.38680300000000001 2.9909999370574951 2.2349998950958252 -9 10.505999565124512 0.070000000298023224 -9999 -9999 0.47099998593330383 6.8350000381469727 -9.9469995498657227 6.8352131843566895 1.3509999513626099 -999 22.040000915527344 20.639999389648438 20.129999160766602 19.840000152587891 0 0 0 0 4.2899999618530273 12.069999694824219 19.659999847412109 24.159999847412109 25.918857574462891 24.795732498168945 24.266040802001953 24.042257308959961 56635.046875 74.626754760742188 71.872627258300781 58.257369995117188 152.58869934082031 griz 0 56631.1171875 0.32646140456199646 -0.79699665307998657 0.20234265923500061 -0.040371093899011612 0.019649775698781013 21.288497924804688 0.025248603895306587 5.4777301556896418e-05 1.2738364603137597e-06 0.0010167225264012814 -1.0927761451284823e-07 -1.7941326646564448e-08 40 27.009441375732422 0.94196856021881104 0.29780420660972595
SN: 1264963 10 0 E2 3 0 9.0985490000000002 -44.278934999999997 0.5532500147819519 0.0010000000474974513 0.55213898420333862 0.0010000000474974513 0.5521390438079834 0.0018472549272701144 0 300 0 0 0.0071664820425212383 1 1 8544 -9 -9 0.55330002307891846 0.0010000000474974513 9.0981539999999992 -44.279006000000003 1.0490000247955322 1.159000039100647 -9 10.340000152587891 0.012000000104308128 -9999 -9999 0.66200000047683716 0.008999999612569809 -9.6780004501342773 0.020124612376093864 0.54600000381469727 -999 22.5 21.510000228881836 21.010000228881836 20.799999237060547 0.0099999997764825821 0 0 0 12.899999618530273 32.580001831054688 41.819999694824219 63.490001678466797 24.723526000976562 23.717622756958008 23.446540832519531 22.993236541748047 56675.0625 9.3991765975952148 6.9447684288024902 5.088019847869873 23.468128204345703 riz 0 56674.89453125 1.0344910621643066 0.25957131385803223 0.8936922550201416 -0.003808341920375824 0.080714963376522064 23.138095855712891 0.077173523604869843 9.9715298347291537e-06 7.0877081270737108e-07 0.014564896002411842 -4.1300540942756925e-07 -2.8931525619668719e-08 13 10.189725875854492 0.67835110425949097 0.0874500572681427
SN: 1262163 10 0 C2 3 0 55.221043000000002 -29.451878000000001 0.33566001057624817 0.0010000000474974513 0.33520498871803284 0.0010000000474974513 0.33520495891571045 0.0016688774339854717 0 300 0 0 0.012321138754487038 1 1 2332 -9 -9 0.33570000529289246 0.0010000000474974513 55.220838999999998 -29.451692999999999 0.92299997806549072 0.72299998998641968 -9 10.663000106811523 0.017999999225139618 -9999 -9999 0.79799997806549072 0.28499999642372131 -9.8610000610351562 0.29470324516296387 0.89200001955032349 -999 21.459999084472656 20.329999923706055 19.850000381469727 19.620000839233398 0 0 0 0 35.080001831054688 103.65000152587891 146.71000671386719 196.6300048828125 23.637351989746094 22.461076736450195 22.083850860595703 21.765876770019531 56645.0703125 10.857056617736816 8.5524435043334961 7.2823200225830078 25.971338272094727 griz 0 56630.3046875 1.7279739379882812 0.57182163000106812 0.95391100645065308 0.27494567632675171 0.070837050676345825 23.470230102539062 0.079460501670837402 7.3435785452602431e-06 5.3744588512927294e-07 0.016291031613945961 -2.4651731678204669e-07 -2.4474271498320377e-08 37 58.348400115966797 0.014102758839726448 0.93609660863876343
SN: 1259615 10 0 X1 3 0 35.216273999999999 -4.591526 0.32115998864173889 0.0010000000474974513 0.32007700204849243 0.0010000000474974513 0.32007694244384766 0.0016567828133702278 0 300 0 0 0.020706698298454285 3 4 14747 -9 -9 0.32120001316070557 0.0010000000474974513 35.216270000000002 -4.5915869999999996 0.22100000083446503 0.29300001263618469 -3.111379861831665 10.406000137329102 0.024000000208616257 -9999 -9999 0.33799999952316284 0.44800001382827759 -10.022000312805176 0.45328247547149658 1.4210000038146973 -999 23.100000381469727 21.559999465942383 20.909999847412109 20.590000152587891 0.0099999997764825821 0 0 0 15.279999732971191 54.770000457763672 89.209999084472656 129.82000732421875 24.539691925048828 23.153642654418945 22.623966217041016 22.216646194458008 56627.0546875 49.126708984375 40.962451934814453 27.74608039855957 79.060264587402344 griz 0 56626.9765625 0.37270206212997437 -0.44157612323760986 0.32649761438369751 0.034992154687643051 0.033518418669700623 21.839021682739258 0.037691932171583176 3.2990705221891403e-05 1.1452905255282531e-06 0.0014389943098649383 -1.2198715637623536e-07 -2.6903936856115251e-08 21 41.156867980957031 0.0053618019446730614 0.18780443072319031
SN: 1264375 10 0 X3 3 0 36.976303000000001 -5.4104929999999998 0.49689999222755432 0.0010000000474974513 0.49571999907493591 0.0010000000474974513 0.4957200288772583 0.0018000456038862467 0 300 0 0 0.021345417946577072 1 1 20169 -9 -9 0.49689999222755432 0.0010000000474974513 36.976379000000001 -5.4103729999999999 0.51099997758865356 0.68999999761581421 -9 10.25 0.0099999997764825821 -9999 -9999 0.43799999356269836 0.32300001382827759 -9.8360004425048828 0.33252066373825073 0.97699999809265137 -999 23.510000228881836 22.25 21.549999237060547 21.299999237060547 0.0099999997764825821 0 0 0 8.0799999237060547 28.979999542236328 47.5 61.919998168945312 25.231472015380859 23.844753265380859 23.308265686035156 23.020423889160156 56661.05859375 26.91148567199707 11.98383617401123 11.696610450744629 44.648643493652344 riz 0 56665.875 0.53763151168823242 -1.4811925888061523 0.50330787897109985 0.15549351274967194 0.054598703980445862 23.490425109863281 0.060494258999824524 7.2082552833308e-06 4.0162433379009599e-07 0.0045301578938961029 -9.5765010144077678e-08 -1.611268629631013e-08 15 6.5672717094421387 0.96856534481048584 0.71583324670791626
SN: 1253131 10 0 E2 3 0 10.159466 -44.371948000000003 0.40448001027107239 0.0010000000474974513 0.40348601341247559 0.0010000000474974513 0.40348601341247559 0.0017240656306967139 0 300 0 0 0.0058578047901391983 1 1 8835 -9 -9 0.40450000762939453 0.0010000000474974513 10.160546 -44.372304999999997 3.062000036239624 1.6820000410079956 -9 11.197999954223633 0.057999998331069946 -9999 -9999 0.71899998188018799 0.41299998760223389 -10.461000442504883 0.42011666297912598 1.6799999475479126 -999 23.059999465942383 21.110000610351562 20.25 19.819999694824219 0.0099999997764825821 0 0 0 1.4800000190734863 7.1999998092651367 13.350000381469727 19.319999694824219 27.074346542358398 25.356668472290039 24.686296463012695 24.284982681274414 56575.01953125 11.081954956054688 9.2081995010375977 6.6122288703918457 22.349838256835938 riz 0 56566.80859375 1.0795193910598755 -2.7522509098052979 0.80044442415237427 0.13777026534080505 0.095059491693973541 23.29676628112793 0.10720626264810562 8.6157515397644602e-06 8.50724632073252e-07 0.0087686916813254356 -2.3686311578785535e-07 -6.6595546854841814e-08 31 26.232728958129883 0.71009939908981323 1.0259386301040649
SN: 1246758 10 0 X3 3 0 36.618941999999997 -5.53918 0.53249001502990723 0.0010000000474974513 0.53127402067184448 0.0010000000474974513 0.53127408027648926 0.0018297350034117699 0 300 0 0 0.022998010739684105 1 2 17566 -9 -9 0.53250002861022949 0.0010000000474974513 36.618102999999998 -5.539466 3.1770000457763672 2.6670000553131104 -1.3384203910827637 9.7749996185302734 0.013000000268220901 -9999 -9999 0.31000000238418579 0.017999999225139618 -9.4449996948242188 0.034985709935426712 0.37700000405311584 -999 23.879999160766602 22.799999237060547 22.409999847412109 22.170000076293945 0.0099999997764825821 0 0 0 0.6600000262260437 1.3600000143051147 1.559999942779541 0.72000002861022949 27.5 27.166152954101562 27.017189025878906 27.5 56545.2109375 45.877113342285156 39.526012420654297 29.267126083374023 121.64792633056641 riz 0 56546.71875 0.34580183029174805 -0.28418189287185669 0.27620941400527954 0.013250084593892097 0.028348352760076523 22.818710327148438 0.033338464796543121 1.3381834833126049e-05 4.1090078184424783e-07 0.0030731679871678352 -7.6235039614402922e-08 -9.8312185059512558e-09 30 48.697616577148438 0.016869457438588142 0.10451784729957581
SN: 1254299 10 0 X1 3 0 34.452263000000002 -4.5358809999999998 0.49624800682067871 0.00025000001187436283 0.49500399827957153 0.00025000001187436283 0.49500393867492676 0.0015167464734986424 0 300 0 0 0.017870394513010979 1 1 14653 -9 -9 0.49619999527931213 0.00019999999494757503 34.452330000000003 -4.5356969999999999 0.70399999618530273 0.20299999415874481 -9 10.866999626159668 0.014000000432133675 -9999 -9999 0.94300001859664917 0.028000000864267349 -9.9110002517700195 0.047201693058013916 0.70999997854232788 -999 23.129999160766602 21.590000152587891 20.889999389648438 20.530000686645508 0.0099999997764825821 0 0 0 14.279999732971191 61.459999084472656 109.98000335693359 158.05999755859375 24.613180160522461 23.028518676757812 22.396717071533203 22.002944946289062 56575.140625 22.752298355102539 13.838610649108887 9.260772705078125 37.286712646484375 riz 0 56579.32421875 0.69589507579803467 0.15973295271396637 0.50658369064331055 -0.038954492658376694 0.058791138231754303 22.644006729125977 0.052761703729629517 1.5718005670350976e-05 7.6382161751098465e-07 0.00071443442720919847 -1.8608551499710302e-07 -2.5236611023160549e-08 32 26.259071350097656 0.75203412771224976 0.14034079015254974
SN: 1260105 10 0 X1 3 0 34.811836 -4.9879569999999998 0.69550001621246338 0.0010000000474974513 0.69410198926925659 0.0010000000474974513 0.69410204887390137 0.0019682003185153008 0 300 0 0 0.016832035034894943 1 1 14783 -9 -9 0.69550001621246338 0.0010000000474974513 34.811511000000003 -4.9888640000000004 3.4679999351501465 2.5920000076293945 -9 10.857000350952148 0.057999998331069946 -9999 -9999 -1.6720000505447388 1.2790000438690186 -12.467000007629395 1.2803144454956055 1.062000036239624 -999 23.600000381469727 21.969999313354492 21.020000457763672 20.719999313354492 0.019999999552965164 0 0 0 0.5899999737739563 2.3299999237060547 5.3899998664855957 6.0199999809265137 27.5 26.581609725952148 25.671028137207031 25.551008224487305 56635.05859375 13.720973014831543 8.4862518310546875 6.1546926498413086 27.486202239990234 riz 0 56641.06640625 0.83882921934127808 0.28472700715065002 0.81367295980453491 -0.17845244705677032 0.072597905993461609 23.34752082824707 0.077836237847805023 8.2222713899682276e-06 5.8945317960024113e-07 0.020769471302628517 -3.8168013816175517e-07 -1.20108190060364e-08 32 27.654756546020508 0.68632489442825317 0.60236543416976929
SN: 1252142 10 0 C2 3 0 53.499386000000001 -29.534050000000001 0.55344998836517334 0.0010000000474974513 0.55287599563598633 0.0010000000474974513 0.55287599563598633 0.0018478750716894865 0 300 0 0 0.01069139689207077 2 7 2157 -9 -9 0.55339998006820679 0.0010000000474974513 53.499344000000001 -29.534047000000001 0.13199999928474426 0.25200000405311584 -2.5725314617156982 10.468000411987305 0.019999999552965164 -9999 -9999 -2.4319999217987061 0.86799997091293335 -12.89799976348877 0.86896777153015137 1.5110000371932983 -999 24.190000534057617 22.360000610351562 21.520000457763672 21.149999618530273 0.019999999552965164 0 0 0 5.6599998474121094 28.719999313354492 57.75 90.480003356933594 25.617958068847656 23.854537963867188 23.096118927001953 22.608617782592773 56567.21484375 17.928869247436523 14.360817909240723 10.724839210510254 43.620826721191406 riz 0 56568.421875 0.7431941032409668 0.069206058979034424 0.57527589797973633 -0.015907086431980133 0.047248750925064087 23.068073272705078 0.041450727730989456 1.0635812941472977e-05 4.0604908235764015e-07 0.0016893994761630893 -1.1850186609763114e-07 -1.0311218545666634e-08 39 35.263278961181641 0.64103585481643677 0.057824462652206421
SN: 1251225 10 0 E2 3 0 8.7485350000000004 -44.666556999999997 0.43274000287055969 0.0010000000474974513 0.43172100186347961 0.0010000000474974513 0.43172097206115723 0.0017471580067649484 0 300 0 0 0.0078231533989310265 3 4 9324 -9 -9 0.43270000815391541 0.0010000000474974513 8.7482439999999997 -44.666493000000003 0.77899998426437378 0.99599999189376831 -0.94664591550827026 8.7709999084472656 0.046999998390674591 -9999 -9999 0.86400002241134644 0.18199999630451202 -7.9039998054504395 0.23458047211170197 0.10400000214576721 -999 24.549999237060547 23.680000305175781 23.420000076293945 23.25 0.029999999329447746 0.019999999552965164 0.019999999552965164 0.019999999552965164 3.1700000762939453 6.7100000381469727 9.4200000762939453 11.529999732971191 26.247352600097656 25.433193206787109 25.064872741699219 24.845426559448242 56547.1015625 6.1947150230407715 5.4918665885925293 4.3973798751831055 19.097291946411133 riz 0 56546.95703125 0.93089532852172852 -1.9380576610565186 0.9366486668586731 0.28877702355384827 0.12091759592294693 23.667478561401367 0.14034794270992279 6.1236246438056696e-06 7.9157177879096707e-07 0.0045693414285778999 -2.3421874573159585e-07 -6.9052148887749354e-08 34 53.783500671386719 0.016802217811346054 1.1592758893966675
SN: 1248084 10 0 X3 3 0 36.337150999999999 -5.321758 0.28165000677108765 0.0010000000474974513 0.28062599897384644 0.0010000000474974513 0.28062605857849121 0.001625482109375298 0 300 0 0 0.021741313859820366 2 3 17771 -9 -9 0.28169998526573181 0.0010000000474974513 36.336865000000003 -5.3218779999999999 1.1130000352859497 0.60900002717971802 -2.8701460361480713 11.026000022888184 0.0099999997764825821 -9999 -9999 0.7720000147819519 0.037000000476837158 -10.253000259399414 0.062201287597417831 1.5360000133514404 -999 22.469999313354492 20.899999618530273 20.129999160766602 19.829999923706055 0 0 0 0 18.530000686645508 64.550003051757812 123.66999816894531 168.02999877929688 24.330310821533203 22.975259780883789 22.269338607788086 21.936532974243164 56559.234375 130.79827880859375 98.542411804199219 97.758255004882812 345.1666259765625 gri 0 56555.18359375 0.16029700636863708 1.1491541862487793 0.17772263288497925 0.01090340968221426 0.017309915274381638 21.178993225097656 0.022531328722834587 6.0590205976041034e-05 1.2573752883326961e-06 0.00079991330858319998 -1.4767840639251517e-07 -1.4680722415505443e-08 27 15.232776641845703 0.96603906154632568 0.38477176427841187
SN: 1253101 10 1 E1 3 0 7.4651170000000002 -43.137768000000001 0.45440000295639038 0.0010000000474974513 0.45332100987434387 0.0010000000474974513 0.45332098007202148 0.0017649251967668533 0 300 0 0 0.0058441837318241596 1 1 7962 -9 -9 0.45440000295639038 0.0010000000474974513 7.4651579999999997 -43.137731000000002 0.17100000381469727 0.42100000381469727 -9 8.6120004653930664 0.074000000953674316 -9999 -9999 0.15399999916553497 2.7019999027252197 -8.4589996337890625 2.7145764827728271 0.50199997425079346 -999 25.639999389648438 24.579999923706055 24.469999313354492 24.149999618530273 0.079999998211860657 0.039999999105930328 0.05000000074505806 0.05000000074505806 0.88999998569488525 2.7300000190734863 3.5399999618530273 3.9000000953674316 27.5 26.40959358215332 26.127490997314453 26.0223388671875 56575.03125 34.466930389404297 24.772148132324219 16.322362899780273 62.851593017578125 riz 0 56577.80859375 0.51815390586853027 1.5945628881454468 0.41547945141792297 0.023906270042061806 0.043167710304260254 22.45561408996582 0.047842912375926971 1.8696257029660046e-05 8.2384963207005057e-07 0.0038705666083842516 -1.9634252623745851e-07 -2.6111404594075793e-08 32 45.837078094482422 0.053727120161056519 0.53746128082275391
SN: 1258090 10 0 S2 3 0 41.002482999999998 -0.26217699999999999 0.36757001280784607 0.0010000000474974513 0.36656001210212708 0.0010000000474974513 0.36655998229980469 0.0016941011417657137 0 300 0 0 0.026345996186137199 1 1 12530 -9 -9 0.36759999394416809 0.0010000000474974513 41.002496999999998 -0.262216 0.14800000190734863 0.17599999904632568 -9 10.140000343322754 0.029999999329447746 -9999 -9999 -2.3829998970031738 1.7519999742507935 -12.465999603271484 1.7530966997146606 1.3370000123977661 -999 23.309999465942383 21.680000305175781 21.190000534057617 20.950000762939453 0.0099999997764825821 0 0 0 11.829999923706055 49.380001068115234 79.019996643066406 100.58000183105469 24.817539215087891 23.266122817993164 22.755657196044922 22.493721008300781 56616.0625 26.579196929931641 18.782440185546875 17.413782119750977 58.764213562011719 griz 0 56613.93359375 0.33075302839279175 -1.4023011922836304 0.31277447938919067 -0.11157941818237305 0.029333949089050293 21.950544357299805 0.041818834841251373 2.9770220862701535e-05 1.1466468095022719e-06 0.002655496820807457 -2.4062646275524457e-07 -1.8257665601595363e-08 45 36.747840881347656 0.80457484722137451 0.59735018014907837
SN: 1265426 10 0 C2 3 0 54.577404000000001 -28.502773000000001 0.42080000042915344 0.0010000000474974513 0.42029199004173279 0.0010000000474974513 0.42029201984405518 0.0017377921612933278 0 300 0 0 0.010750825516879559 2 2 3276 -9 -9 0.42080000042915344 0.0010000000474974513 54.577587999999999 -28.502853999999999 0.65100002288818359 0.81400001049041748 -2.3008036613464355 9.4090003967285156 0.019999999552965164 -9999 -9999 1.003000020980835 0.20999999344348907 -8.3979997634887695 0.21541588008403778 0.29600000381469727 -999 23.520000457763672 22.510000228881836 22.270000457763672 22.079999923706055 0.0099999997764825821 0.0099999997764825821 0.0099999997764825821 0.0099999997764825821 9.630000114440918 23.840000152587891 30.370000839233398 36.849998474121094 25.040933609008789 24.056734085083008 23.793888092041016 23.583906173706055 56681.12109375 26.322072982788086 18.798221588134766 9.7919931411743164 52.279880523681641 riz 0 56678.515625 0.53259330987930298 -0.37031087279319763 0.52237617969512939 -0.07997981458902359 0.048756040632724762 22.485321044921875 0.053746424615383148 1.819162571337074e-05 9.0052708401344717e-07 0.0024756179191172123 -2.0406015721619042e-07 -1.1078661543706403e-08 17 12.645353317260742 0.75958466529846191 0.29378888010978699
SN: 1260427 10 0 X3 3 0 36.541428000000003 -5.1249580000000003 0.81894999742507935 0.0010000000474974513 0.8175010085105896 0.0010000000474974513 0.81750106811523438 0.0020755045115947723 0 300 0 0 0.026014061644673347 1 3 19962 -9 -9 0.81889998912811279 0.0010000000474974513 36.541462000000003 -5.1248870000000002 0.28299999237060547 0.37200000882148743 -3.6549365520477295 10.74899959564209 0.072999998927116394 -9999 -9999 0.068000003695487976 1.3899999856948853 -10.732999801635742 1.408900260925293 1.5249999761581421 -999 26.040000915527344 24.170000076293945 22.950000762939453 22.329999923706055 0.059999998658895493 0.0099999997764825821 0.0099999997764825821 0.0099999997764825821 0.80000001192092896 4.5799999237060547 14.880000114440918 25.360000610351562 27.5 25.847835540771484 24.568492889404297 23.989627838134766 56627.12109375 19.405757904052734 11.970247268676758 11.409475326538086 35.063468933105469 riz 0 56621.94140625 0.82186424732208252 -0.13649435341358185 0.56382369995117188 0.10332582145929337 0.063189476728439331 24.173995971679688 0.057067997753620148 3.8406255953304935e-06 2.0186931237731187e-07 0.01047414168715477 -8.1968870802029414e-08 -4.6165316014423752e-09 29 35.155498504638672 0.19947902858257294 0.34741157293319702
