# VERSION_PHOTOMETRY:  DES-SN5YR_Foundation 
# SNANA_VERSION: 886408a4-output17g 
# PROGRAM:       snlc_fit.exe 
# TABLE_NAME:    FITRES 
# 
VARNAMES:  CID IDSURVEY TYPE FIELD CUTFLAG_SNANA ERRFLAG_FIT RA DEC zHEL zHELERR zCMB zCMBERR zHD zHDERR VPEC VPECERR LENSDMU LENSDMUERR MWEBV HOST_NMATCH HOST_NMATCH2 HOST_OBJID HOST_ZPHOT HOST_ZPHOTERR HOST_ZSPEC HOST_ZSPECERR HOST_RA HOST_DEC HOST_ANGSEP HOST_DDLR HOST_CONFUSION HOST_LOGMASS HOST_LOGMASS_ERR HOST_LOGMASS_ZPHOT HOST_LOGMASS_ZPHOTERR HOST_LOGSFR HOST_LOGSFR_ERR HOST_LOGsSFR HOST_LOGsSFR_ERR HOST_COLOR HOST_COLOR_ERR HOST_MAG_g HOST_MAG_r HOST_MAG_i HOST_MAG_z HOST_MAGERR_g HOST_MAGERR_r HOST_MAGERR_i HOST_MAGERR_z HOST_SBFLUXCAL_g HOST_SBFLUXCAL_r HOST_SBFLUXCAL_i HOST_SBFLUXCAL_z HOST_SBMAG_g HOST_SBMAG_r HOST_SBMAG_i HOST_SBMAG_z PKMJDINI SNRMAX1 SNRMAX2 SNRMAX3 SNRSUM BANDLIST OPT_PHOTOZ PKMJD PKMJDERR x1 x1ERR c cERR mB mBERR x0 x0ERR COV_x1_c COV_x1_x0 COV_c_x0 NDOF FITCHI2 FITPROB RADIUS_POP 
#
SN: 2016afk 150 1 VOID 3 0 155.624551 15.09661 0.045605000108480453 7.0000000960135367e-06 0.046773001551628113 7.0000000960135367e-06 0.047375082969665527 0.00087292073294520378 -172.36000061035156 250 0 0 0.049836039543151855 1 1 0 -9 -9 -9 -9 -999 -999 -9 -9 -9 9.7019996643066406 0.081000000238418579 -9999 -9999 0.22499999403953552 0.40299999713897705 -9.4770002365112305 0.41105961799621582 0.60399997234344482 -999 999 999 999 999 999 999 999 999 -999 -999 -999 -999 99 99 99 99 57444.37890625 49.316543579101562 34.609127044677734 34.025550842285156 153.29013061523438 gri 0 57440.67578125 0.36743712425231934 0.0031673258636146784 0.21514835953712463 0.075510323047637939 0.023998238146305084 17.51533317565918 0.032196369022130966 0.0017695663264021277 5.2474635594990104e-05 0.0017060425598174334 -2.3462198441848159e-06 -1.0571420716587454e-06 20 31.691251754760742 0.046701349318027496 0.25170326232910156
SN: ASASSN-15bc 150 1 VOID 3 0 61.560986999999997 -8.8856099999999998 0.03671799972653389 9.6999996458180249e-05 0.03638799861073494 9.6999996458180249e-05 0.037531495094299316 0.0008696593577042222 -330.39999389648438 250 0 0 0.03746553510427475 1 1 0 -9 -9 -9 -9 -999 -999 -9 -9 -9 10.164999961853027 0.035000000149011612 -9999 -9999 0.67699998617172241 0.40299999713897705 -9.4879999160766602 0.40451699495315552 0.73400002717971802 -999 999 999 999 999 999 999 999 999 -999 -999 -999 -999 99 99 99 99 57046.21484375 63.968120574951172 63.163349151611328 62.003288269042969 277.93063354492188 gri 0 57048.0859375 0.1945158988237381 0.69887715578079224 0.19595083594322205 0.064133621752262115 0.018616687506437302 16.855915069580078 0.023541470989584923 0.0032481350935995579 7.0427675382234156e-05 0.0014721889747306705 -6.83929738443112e-06 -1.1027353821191355e-06 21 17.047750473022461 0.70820754766464233 0.31618231534957886
SN: ASASSN-15fa 150 1 VOID 3 0 257.44176599999997 62.974303999999997 0.027343999594449997 7.0000000960135367e-06 0.027211999520659447 7.0000000960135367e-06 0.027410149574279785 0.0008566096075810492 -57.830001831054688 250 0 0 0.023599684238433838 1 1 0 -9 -9 -9 -9 -999 -999 -9 -9 -9 10.909999847412109 0.1289999932050705 -9999 -9999 0.88999998569488525 0.82999998331069946 -10.020000457763672 0.83996486663818359 1.1979999542236328 -999 999 999 999 999 999 999 999 999 -999 -999 -999 -999 99 99 99 99 57102.6328125 105.16818237304688 90.483978271484375 64.69720458984375 282.87164306640625 gri 0 57102.15234375 0.37795883417129517 0.78579962253570557 0.1864992082118988 0.086348459124565125 0.019110862165689468 16.310089111328125 0.025564311072230339 0.0053698774427175522 0.00012643699301406741 0.00057203375035896897 -1.6672589708832675e-06 -1.9304366105643567e-06 15 11.276391983032227 0.73276662826538086 0.38917100429534912
SN: ASASSN-15hg 150 1 VOID 3 0 148.45239900000001 9.1938999999999993 0.029918000102043152 9.9999997473787516e-06 0.031067999079823494 9.9999997473787516e-06 0.031429290771484375 0.0008598546264693141 -105.01000213623047 250 0 0 0.04202144593000412 1 1 0 -9 -9 -9 -9 -999 -999 -9 -9 -9 10.38700008392334 0.083999998867511749 -9999 -9999 -0.53700000047683716 9.4630002975463867 -10.923999786376953 9.4633731842041016 1.4809999465942383 -999 999 999 999 999 999 999 999 999 -999 -999 -999 -999 99 99 99 99 57134.24609375 58.569965362548828 56.868045806884766 46.168964385986328 177.49484252929688 gri 0 57131.71484375 0.015843547880649567 -1.1989126205444336 0.15536826848983765 0.024431709200143814 0.021705685183405876 16.627735137939453 0.030376950278878212 0.0040077976882457733 0.00011213099060114473 -8.9292530901730061e-05 -1.5916599522824981e-06 -1.5698115021223202e-06 16 15.040206909179688 0.52169567346572876 0.40785104036331177
SN: ASASSN-15jl 150 1 VOID 3 0 230.67110099999999 50.976641000000001 0.034678999334573746 9.9999997473787516e-06 0.034924998879432678 9.9999997473787516e-06 0.035119175910949707 0.000863070716150105 -56.229999542236328 250 0 0 0.013757567852735519 1 1 0 -9 -9 -9 -9 -999 -999 -9 -9 -9 9.0799999237060547 0.14399999380111694 -9999 -9999 -0.70499998331069946 3.6530001163482666 -9.7849998474121094 3.6558370590209961 0.73000001907348633 -999 999 999 999 999 999 999 999 999 -999 -999 -999 -999 99 99 99 99 57163.42578125 60.246192932128906 58.213790893554688 57.205146789550781 272.80709838867188 gri 0 57166.44140625 0.28477466106414795 0.43181008100509644 0.15507632493972778 -0.048462849110364914 0.017978768795728683 16.440389633178711 0.021212732419371605 0.0047626001760363579 9.3050010036677122e-05 0.00060006958665326238 -2.6040706870844588e-06 -1.2823757060687058e-06 25 30.739246368408203 0.19779875874519348 0.21636509895324707
SN: ASASSN-15lu 150 1 VOID 3 0 200.30369999999999 40.265739000000004 0.035052001476287842 9.0000003183376975e-06 0.035769999027252197 9.0000003183376975e-06 0.036351442337036133 0.00086376426042988896 -168.22999572753906 250 0 0 0.013812764547765255 1 1 0 -9 -9 -9 -9 -999 -999 -9 -9 -9 9.9849996566772461 0.10700000077486038 -9999 -9999 0.098999999463558197 0.48500001430511475 -9.8859996795654297 0.49666285514831543 0.90299999713897705 -999 999 999 999 999 999 999 999 999 -999 -999 -999 -999 99 99 99 99 57199.26953125 58.747341156005859 55.593276977539062 48.738029479980469 178.62921142578125 gri 0 57199.33203125 0.011436230503022671 -0.42655178904533386 0.16079819202423096 -0.026435131207108498 0.020723607391119003 16.767950057983398 0.026367649435997009 0.0035222461447119713 8.5539519204758108e-05 0.00012721226084977388 -2.8671233849308919e-06 -1.3418201660897466e-06 16 29.081056594848633 0.02339525893330574 0.16727490723133087
SN: ASASSN-15mf 150 1 VOID 3 0 213.594775 2.9755199999999999 0.02603599987924099 7.9999999798019417e-06 0.026906000450253487 7.9999999798019417e-06 0.026954054832458496 0.0008563632145524025 -14.010000228881836 250 0 0 0.031778689473867416 1 1 0 -9 -9 -9 -9 -999 -999 -9 -9 -9 11.001999855041504 0.40799999237060547 -9999 -9999 -10 0 -21.00200080871582 0.40799999237060547 1.5900000333786011 -999 999 999 999 999 999 999 999 999 -999 -999 -999 -999 99 99 99 99 57212.2734375 60.613594055175781 59.864215850830078 54.619396209716797 190.91752624511719 gri 0 57212.1328125 0.38290432095527649 -0.73013788461685181 0.22493687272071838 -0.024140838533639908 0.021334707736968994 15.970332145690918 0.025754202157258987 0.0073428889736533165 0.00017417698109056801 0.00088813510956242681 -3.4058859910146566e-07 -2.7350265554559883e-06 11 16.427377700805664 0.12599152326583862 0.25633731484413147
SN: ASASSN-15mg 150 1 VOID 3 0 233.09405599999999 41.850380000000001 0.042775001376867294 1.2000000424450263e-05 0.043071001768112183 1.2000000424450263e-05 0.044080257415771484 0.00086988846305757761 -289.79998779296875 250 0 0 0.027855664491653442 1 1 0 -9 -9 -9 -9 -999 -999 -9 -9 -9 10.137999534606934 0.15800000727176666 -9999 -9999 -0.23600000143051147 9.5790004730224609 -10.37399959564209 9.5803031921386719 1.1210000514984131 -999 999 999 999 999 999 999 999 999 -999 -999 -999 -999 99 99 99 99 57221.2734375 56.970035552978516 47.729057312011719 45.813888549804688 156.50967407226562 gri 0 57218.58203125 0.15280559659004211 -0.21277566254138947 0.13552716374397278 0.030638394877314568 0.021804759278893471 17.316856384277344 0.027736237272620201 0.0021245051175355911 5.427264841273427e-05 0.00035330204991623759 -2.4750861484790221e-06 -9.5431039426330244e-07 18 457.985107421875 0 0.12434030324220657
SN: ASASSN-15np 150 1 VOID 3 0 226.51078799999999 7.561464 0.037680000066757202 4.5000000682193786e-05 0.0383169986307621 4.5000000682193786e-05 0.038837432861328125 0.00086700991960242391 -150.19999694824219 250 0 0 0.026422010734677315 1 1 0 -9 -9 -9 -9 -999 -999 -9 -9 -9 10.166999816894531 0.30799999833106995 -9999 -9999 -0.69300001859664917 9.3070001602172852 -10.859999656677246 9.3120946884155273 1.4830000400543213 -999 999 999 999 999 999 999 999 999 -999 -999 -999 -999 99 99 99 99 57245.265625 51.929347991943359 50.329334259033203 44.041675567626953 132.59648132324219 gri 0 57241.58984375 0.63532733917236328 -0.80609327554702759 0.21200986206531525 0.06431657075881958 0.022253304719924927 17.071182250976562 0.030410416424274445 0.0026639553252607584 7.4614799814298749e-05 -0.0003318773815408349 4.0770910345599987e-06 -1.2958849993083277e-06 11 8.9961719512939453 0.6222456693649292 0.34374547004699707
SN: ASASSN-15nq 150 1 VOID 3 0 259.330106 33.462100999999997 0.030356999486684799 1.2000000424450263e-05 0.030246999114751816 1.2000000424450263e-05 0.030233144760131836 0.00085919559933245182 4.0399999618530273 250 0 0 0.03986629843711853 1 1 0 -9 -9 -9 -9 -999 -999 -9 -9 -9 10.404000282287598 0.16300000250339508 -9999 -9999 -0.013000000268220901 9.9870004653930664 -10.416999816894531 9.9883298873901367 1.6679999828338623 -999 999 999 999 999 999 999 999 999 -999 -999 -999 -999 99 99 99 99 57245.31640625 60.263408660888672 59.902362823486328 56.273689270019531 209.79866027832031 gri 0 57247.7578125 0.20189589262008667 0.0020144740119576454 0.19980943202972412 -0.067243173718452454 0.022449709475040436 16.12537956237793 0.02933865413069725 0.0063657290302217007 0.00017201408627443016 0.0016760353464633226 -1.8577738956082612e-05 -3.224089141440345e-06 14 17.971885681152344 0.20806431770324707 0.22414490580558777
SN: ASASSN-15pm 150 1 VOID 3 0 24.650403000000001 -4.6798000000000002 0.048785001039505005 0.0001500000071246177 0.047772999852895737 0.0001500000071246177 0.048367619514465332 0.00088650896213948727 -170.02999877929688 250 0 0 0.027652107179164886 1 1 0 -9 -9 -9 -9 -999 -999 -9 -9 -9 10.670999526977539 0.24400000274181366 -9999 -9999 0.41800001263618469 10.418000221252441 -10.253000259399414 10.420857429504395 1.125 -999 999 999 999 999 999 999 999 999 -999 -999 -999 -999 99 99 99 99 57277.57421875 55.08843994140625 53.124942779541016 50.771888732910156 195.92800903320312 gri 0 57277.921875 0.34439003467559814 0.5935053825378418 0.17676439881324768 -0.090006805956363678 0.020404499024152756 16.966218948364258 0.026934074237942696 0.002934351097792387 7.2793030994944274e-05 8.7567568698432297e-05 -3.3794908631534781e-06 -2.7978555294794205e-07 25 25.170698165893555 0.45284044742584229 0.35937771201133728
SN: ASASSN-15pn 150 1 VOID 3 0 60.859760000000001 -5.4920070000000001 0.038359999656677246 4.9999998736893758e-06 0.038003001362085342 4.9999998736893758e-06 0.039092659950256348 0.0008655939600430429 -314.39999389648438 250 0 0 0.081049270927906036 1 1 0 -9 -9 -9 -9 -999 -999 -9 -9 -9 9.3719997406005859 0.082000002264976501 -9999 -9999 -0.27799999713897705 3.7300000190734863 -9.6499996185302734 3.7309012413024902 0.76700001955032349 -999 999 999 999 999 999 999 999 999 -999 -999 -999 -999 99 99 99 99 57277.5703125 49.928855895996094 45.900611877441406 42.181110382080078 193.70448303222656 gri 0 57279.79296875 0.20009452104568481 0.49834510684013367 0.13350272178649902 -0.041813094168901443 0.020527239888906479 16.87684440612793 0.029967278242111206 0.003186121117323637 8.7939755758270621e-05 -0.00052910472732037306 -1.3126569911037222e-06 -1.3897171129428898e-06 30 42.020576477050781 0.071283943951129913 0.21684129536151886
SN: ASASSN-15pr 150 1 VOID 3 0 346.66453899999999 -12.572770999999999 0.033091999590396881 0.0001500000071246177 0.03189300000667572 0.0001500000071246177 0.032643556594848633 0.0008734606672078371 -217.88999938964844 250 0 0 0.029407911002635956 1 1 0 -9 -9 -9 -9 -999 -999 -9 -9 -9 9.7200002670288086 0.14800000190734863 -9999 -9999 -0.19099999964237213 3.9909999370574951 -9.9110002517700195 3.9937431812286377 0.81400001049041748 -999 999 999 999 999 999 999 999 999 -999 -999 -999 -999 99 99 99 99 57286.4375 46.489509582519531 39.632854461669922 37.213157653808594 127.35997772216797 gri 0 57283.48828125 0.74257349967956543 -0.50572896003723145 0.23008459806442261 -0.029284490272402763 0.027792472392320633 16.695550918579102 0.048465609550476074 0.0037651294842362404 0.00016806964413262904 0.00028817463316954672 -6.3045781644177623e-06 -2.4635630779812345e-06 14 18.217502593994141 0.1970534473657608 0.1947990208864212
SN: ASASSN-15ss 150 1 VOID 3 0 93.139105999999998 -14.257483000000001 0.035560999065637589 0.00011700000322889537 0.035920999944210052 0.00011700000322889537 0.035988450050354004 0.00087173061911016703 -19.520000457763672 250 0 0 0.19921210408210754 1 1 0 -9 -9 -9 -9 -999 -999 -9 -9 -9 10.77299976348877 0.043999999761581421 -9999 -9999 1.2660000324249268 0.40400001406669617 -9.5069999694824219 0.40638896822929382 1.0479999780654907 -999 999 999 999 999 999 999 999 999 -999 -999 -999 -999 99 99 99 99 57342.56640625 51.069976806640625 48.118198394775391 40.247272491455078 143.80873107910156 gri 0 57338.34375 0.60550665855407715 0.98114657402038574 0.22475671768188477 -0.090121299028396606 0.02814427949488163 16.357696533203125 0.057914130389690399 0.0051395082846283913 0.00027414591750130057 0.0012473008828237653 -1.3613193914352451e-05 -5.2824120757577475e-06 14 8.5896835327148438 0.85640382766723633 0.44407624006271362
SN: ASASSN-15tg 150 1 VOID 3 0 5.1709889999999996 25.229047999999999 0.035613998770713806 5.7000001106644049e-05 0.034453999251127243 5.7000001106644049e-05 0.035287380218505859 0.00086450122762471437 -241.33000183105469 250 0 0 0.024721557274460793 1 1 0 -9 -9 -9 -9 -999 -999 -9 -9 -9 10.071999549865723 0.13899999856948853 -9999 -9999 -10 0 -20.072000503540039 0.13899999856948853 1.312000036239624 -999 999 999 999 999 999 999 999 999 -999 -999 -999 -999 99 99 99 99 57358.203125 59.470829010009766 58.171115875244141 53.462329864501953 203.41227722167969 gri 0 57361.9765625 0.45372509956359863 1.3048039674758911 0.23037315905094147 -0.058747526258230209 0.021920651197433472 16.230972290039062 0.02632206492125988 0.0057757892645895481 0.00014002545503899455 0.0011332669528201222 -1.0210291293333285e-05 -2.498060894140508e-06 13 16.435291290283203 0.2264208197593689 0.47698596119880676
SN: ASASSN-16aj 150 1 VOID 3 0 65.450896 -15.755359 0.030748000368475914 8.2999998994637281e-05 0.03052699938416481 8.2999998994637281e-05 0.029531359672546387 0.00086334435036405921 289.92999267578125 250 0 0 0.028174363076686859 1 1 0 -9 -9 -9 -9 -999 -999 -9 -9 -9 10.651000022888184 0.079000003635883331 -9999 -9999 0.34599998593330383 10.345999717712402 -10.305000305175781 10.346302032470703 1.5490000247955322 -999 999 999 999 999 999 999 999 999 -999 -999 -999 -999 99 99 99 99 57403.2734375 63.597801208496094 53.127605438232422 49.961250305175781 250.59870910644531 gri 0 57402.140625 0.37284025549888611 -1.8148536682128906 0.1792321652173996 0.007571773137897253 0.024099482223391533 16.434591293334961 0.033012200146913528 0.0047880988568067551 0.00014558387920260429 -1.52455540955998e-05 1.1860494169013691e-06 -3.0920632525521796e-06 25 16.237634658813477 0.90756797790527344 0.60547751188278198
SN: ASASSN-16ay 150 1 VOID 3 0 108.059415 7.2395440000000004 0.028344999998807907 1.2999999853491317e-05 0.028953000903129578 1.2999999853491317e-05 0.029380679130554199 0.00085813127225264907 -124.58000183105469 250 0 0 0.059207003563642502 1 1 0 -9 -9 -9 -9 -999 -999 -9 -9 -9 10.479000091552734 0.039000000804662704 -9999 -9999 -1.3220000267028809 6.2030000686645508 -11.800999641418457 6.203122615814209 1.2050000429153442 -999 999 999 999 999 999 999 999 999 -999 -999 -999 -999 99 99 99 99 57418.42578125 58.328533172607422 52.315357208251953 51.914318084716797 188.75392150878906 gri 0 57416.7578125 0.4539794921875 1.0363560914993286 0.1494392454624176 0.2275233268737793 0.019806146621704102 16.775781631469727 0.030581686645746231 0.0034969362895935774 9.8497417639009655e-05 -0.00023753836285322905 2.0465361103561008e-06 -1.4529492773363017e-06 14 9.8221321105957031 0.77506858110427856 0.8333812952041626
SN: ASASSN-16bc 150 1 VOID 3 0 181.357495 -21.400445999999999 0.03193800151348114 0.0001500000071246177 0.033139999955892563 0.0001500000071246177 0.032983899116516113 0.0008744850056245923 45.270000457763672 250 0 0 0.047773052006959915 1 1 0 -9 -9 -9 -9 -999 -999 -9 -9 -9 10.48900032043457 0.12200000137090683 -9999 -9999 0.37900000810623169 10.378999710083008 -10.109999656677246 10.379716873168945 1.1829999685287476 -999 999 999 999 999 999 999 999 999 -999 -999 -999 -999 99 99 99 99 57428.47265625 97.538993835449219 60.336868286132812 59.549522399902344 246.14019775390625 gri 0 57430.15234375 0.1664910614490509 1.0332523584365845 0.17683254182338715 -0.13400141894817352 0.02076856791973114 15.922707557678223 0.02755282074213028 0.0076721487566828728 0.00019469678227324039 0.00084995344514027238 -1.6825351849547587e-05 -3.1905672130960738e-06 18 28.748035430908203 0.051546730101108551 0.56403785943984985
SN: ASASSN-16bq 150 1 VOID 3 0 212.860434 1.2859719999999999 0.024932999163866043 9.9999997473787516e-06 0.025818999856710434 9.9999997473787516e-06 0.025336146354675293 0.00085547781782224774 141.16000366210938 250 0 0 0.033033907413482666 1 1 0 -9 -9 -9 -9 -999 -999 -9 -9 -9 10.619000434875488 0.029999999329447746 -9999 -9999 -3.1419999599456787 6.8579998016357422 -13.76099967956543 6.8580656051635742 1.5870000123977661 -999 999 999 999 999 999 999 999 999 -999 -999 -999 -999 99 99 99 99 57437.60546875 63.871803283691406 59.254402160644531 54.283775329589844 299.20724487304688 gri 0 57437.94921875 0.19888100028038025 -1.6654841899871826 0.11819010972976685 -0.042008992284536362 0.024233929812908173 16.06321907043457 0.031284049153327942 0.0067408117465674877 0.0001942275557667017 0.00021110250963829458 -6.7412825046631042e-06 -4.1352323023602366e-06 30 20.518083572387695 0.90235018730163574 0.57254922389984131
SN: ASASSN-16br 150 1 VOID 3 0 236.37623099999999 -13.152811 0.028518000617623329 0.0001500000071246177 0.029004000127315521 0.0001500000071246177 0.02956092357635498 0.0008710873662494123 -162.17999267578125 250 0 0 0.13794888556003571 1 1 0 -9 -9 -9 -9 -999 -999 -9 -9 -9 9.9219999313354492 0.019999999552965164 -9999 -9999 0.59299999475479126 1.3370000123977661 -9.3290004730224609 1.3371496200561523 0.92199999094009399 -999 999 999 999 999 999 999 999 999 -999 -999 -999 -999 99 99 99 99 57443.6484375 57.445972442626953 54.673469543457031 51.997100830078125 246.88858032226562 gri 0 57439.72265625 0.14891812205314636 0.91653865575790405 0.11893318593502045 -0.033239021897315979 0.02032625675201416 16.008756637573242 0.035523217171430588 0.0070875715464353561 0.00023189181229099631 6.5571053710300475e-05 -6.1465298131224699e-06 -3.5108139400108485e-06 21 16.619787216186523 0.73388040065765381 0.32498311996459961
SN: ASASSN-16ct 150 1 VOID 3 0 228.47631200000001 4.7572559999999999 0.041907999664545059 3.600000127335079e-05 0.042520999908447266 3.600000127335079e-05 0.043062925338745117 0.00087009207345545292 -155.75 250 0 0 0.045624919235706329 1 1 0 -9 -9 -9 -9 -999 -999 -9 -9 -9 9.1309995651245117 0.086000002920627594 -9999 -9999 -1.7929999828338623 4.9250001907348633 -10.923999786376953 4.925750732421875 1.062000036239624 -999 999 999 999 999 999 999 999 999 -999 -999 -999 -999 99 99 99 99 57457.53125 58.911647796630859 51.925247192382812 45.325168609619141 226.17959594726562 gri 0 57459.76171875 0.5881994366645813 1.3880223035812378 0.20910590887069702 0.027500474825501442 0.020709739997982979 16.829330444335938 0.027679897844791412 0.0033286451362073421 8.4860905189998448e-05 -0.00034008338116109371 9.7786210062622558e-07 -1.4250856565922732e-06 22 37.504665374755859 0.020808642730116844 0.47166767716407776
SN: ASASSN-16db 150 1 VOID 3 0 167.35722699999999 29.573201000000001 0.034862998872995377 7.0000000960135367e-06 0.035890001803636551 7.0000000960135367e-06 0.037304878234863281 0.00086384586757048965 -408.92999267578125 250 0 0 0.022606192156672478 1 1 0 -9 -9 -9 -9 -999 -999 -9 -9 -9 10.819000244140625 0.083999998867511749 -9999 -9999 0.81599998474121094 10.815999984741211 -10.003000259399414 10.816326141357422 1.2079999446868896 -999 999 999 999 999 999 999 999 999 -999 -999 -999 -999 99 99 99 99 57472.4609375 54.157810211181641 50.418392181396484 48.433040618896484 206.66816711425781 gri 0 57465.1796875 0.30330651998519897 -0.5843079686164856 0.11700846254825592 0.057030424475669861 0.021911047399044037 16.845136642456055 0.029178055003285408 0.0032805385999381542 8.8161134044639766e-05 -1.9387354768696241e-05 -1.2327041076787282e-06 -1.5439882190548815e-06 24 42.257251739501953 0.012074650265276432 0.27216470241546631
SN: ASASSN-16dw 150 1 VOID 3 0 202.50322800000001 -27.973939000000001 0.034655001014471054 0.0001500000071246177 0.035649999976158142 0.0001500000071246177 0.03436744213104248 0.00087654718663543463 371.739990234375 250 0 0 0.045610591769218445 1 1 0 -9 -9 -9 -9 -999 -999 -9 -9 -9 10.239999771118164 0.067000001668930054 -9999 -9999 0.47600001096725464 3.6319999694824219 -9.7639999389648438 3.6326179504394531 1.2779999971389771 -999 999 999 999 999 999 999 999 999 -999 -999 -999 -999 99 99 99 99 57482.43359375 55.713680267333984 53.032325744628906 51.495792388916016 194.42478942871094 gri 0 57482.8828125 0.40143197774887085 -0.14572712779045105 0.15778845548629761 0.076752364635467529 0.019652165472507477 16.7047119140625 0.027225421741604805 0.0037334940861910582 9.3619382823817432e-05 6.7403394496068358e-05 8.8040468426697771e-07 -1.4750489754078444e-06 21 29.909305572509766 0.093825697898864746 0.2604118287563324
SN: ASASSN-16fo 150 1 VOID 3 0 203.14916600000001 -5.272513 0.028898000717163086 0.00021300000662449747 0.029937999323010445 0.00021300000662449747 0.030357837677001953 0.00088487262837588787 -122.18000030517578 250 0 0 0.026832470670342445 1 1 0 -9 -9 -9 -9 -999 -999 -9 -9 -9 10.093000411987305 0.11400000005960464 -9999 -9999 -1.6909999847412109 8.3090000152587891 -11.784000396728516 8.3097820281982422 1.5080000162124634 -999 999 999 999 999 999 999 999 999 -999 -999 -999 -999 99 99 99 99 57540.31640625 60.242115020751953 60.125255584716797 50.629531860351562 204.23904418945312 gri 0 57539.8359375 0.45153644680976868 0.87721830606460571 0.21132071316242218 -0.090927466750144958 0.020037423819303513 15.851441383361816 0.025872452184557915 0.0081926332786679268 0.00019522561342455447 0.00026036766939796507 1.4347338037623558e-06 -2.916368430305738e-06 17 15.911066055297852 0.53014814853668213 0.42114821076393127
SN: ASASSN-16fs 150 1 VOID 3 0 221.776669 11.59492 0.029202999547123909 9.9999997473787516e-06 0.029900999739766121 9.9999997473787516e-06 0.029436826705932617 0.00085888156900182366 135.19000244140625 250 0 0 0.027859553694725037 1 1 0 -9 -9 -9 -9 -999 -999 -9 -9 -9 10.942000389099121 0.070000000298023224 -9999 -9999 -0.64499998092651367 9.3549995422363281 -11.586999893188477 9.3552618026733398 1.593999981880188 -999 999 999 999 999 999 999 999 999 -999 -999 -999 -999 99 99 99 99 57544.30859375 68.973831176757812 58.593173980712891 57.916130065917969 184.53900146484375 gri 0 57542.3828125 0.44652307033538818 -1.2466821670532227 0.15154263377189636 -0.030818458646535873 0.023544039577245712 16.157419204711914 0.034178201109170914 0.0061806268058717251 0.00019456172594800591 -0.00023536635853815824 2.9517659640987404e-06 -3.5242812828073511e-06 14 16.042705535888672 0.31077325344085693 0.42806985974311829
SN: ASASSN-16hc 150 1 VOID 3 0 209.76836800000001 33.139015999999998 0.050932001322507858 1.1000000085914508e-05 0.051649998873472214 1.1000000085914508e-05 0.051507353782653809 0.00087702862219884992 40.680000305175781 250 0 0 0.01248453464359045 1 1 0 -9 -9 -9 -9 -999 -999 -9 -9 -9 10.99899959564209 0.29499998688697815 -9999 -9999 -10 0 -20.999000549316406 0.29499998688697815 1.3760000467300415 -999 999 999 999 999 999 999 999 999 -999 -999 -999 -999 99 99 99 99 57581.2734375 53.757175445556641 52.268035888671875 44.628246307373047 162.77297973632812 gri 0 57582.09765625 0.52989888191223145 1.568524956703186 0.28338754177093506 -0.083585970103740692 0.021143805235624313 16.948410034179688 0.026078902184963226 0.0029828832484781742 7.1647533331997693e-05 0.00101779296528548 1.160614260697912e-06 -1.0630902806951781e-06 13 20.235452651977539 0.089492805302143097 0.59244614839553833
SN: ASASSN-16hr 150 1 VOID 3 0 336.38236999999998 38.984358 0.030856000259518623 7.9999999798019417e-06 0.029798999428749084 7.9999999798019417e-06 0.030831456184387207 0.00085877551464363933 -300.26998901367188 250 0 0 0.10525918006896973 1 1 0 -9 -9 -9 -9 -999 -999 -9 -9 -9 9.8920001983642578 0.19799999892711639 -9999 -9999 -0.18600000441074371 3.8519999980926514 -10.078000068664551 3.8570854663848877 0.80900001525878906 -999 999 999 999 999 999 999 999 999 -999 -999 -999 -999 99 99 99 99 57599.48828125 58.191158294677734 55.203575134277344 50.738758087158203 193.15223693847656 gri 0 57596.88671875 0.59550577402114868 1.2783108949661255 0.21118244528770447 0.051056869328022003 0.021065205335617065 16.300420761108398 0.038578052073717117 0.0054179085418581963 0.00019250749028287828 0.00042457424569875002 -7.3953347055066843e-06 -2.5872709557006601e-06 12 9.6556596755981445 0.64614057540893555 0.45883417129516602
SN: ASASSN-16oz 150 1 VOID 3 0 135.055632 -13.633959000000001 0.031000999733805656 0.0020000000949949026 0.032069001346826553 0.0020000000949949026 0.03192138671875 0.0021773118060082197 42.869998931884766 250 0 0 0.046826299279928207 1 1 0 -9 -9 -9 -9 -999 -999 -9 -9 -9 8.2899999618530273 0.42800000309944153 -9999 -9999 -1.6319999694824219 2.0680000782012939 -9.9219999313354492 2.111825704574585 0.65600001811981201 -999 999 999 999 999 999 999 999 999 -999 -999 -999 -999 99 99 99 99 57744.4921875 61.258548736572266 59.803356170654297 55.491603851318359 213.18843078613281 gri 0 57749.98046875 0.29919189214706421 1.4505829811096191 0.19856742024421692 -0.044081971049308777 0.020583570003509521 15.915274620056152 0.025911636650562286 0.0077248546294867992 0.00018435751553624868 0.00078623625449836254 -1.289719784836052e-05 -2.8280019250814803e-06 13 10.35411262512207 0.6647525429725647 0.50536161661148071
SN: ASASSN-17at 150 1 VOID 3 0 174.64034699999999 25.397127999999999 0.025368999689817429 9.0000003183376975e-06 0.026430999860167503 9.0000003183376975e-06 0.027130603790283203 0.00085597706492990255 -204.19000244140625 250 0 0 0.023691702634096146 1 1 0 -9 -9 -9 -9 -999 -999 -9 -9 -9 10.354999542236328 0.17599999904632568 -9999 -9999 0.15899999439716339 1.0900000333786011 -10.196000099182129 1.104117751121521 1.1940000057220459 -999 999 999 999 999 999 999 999 999 -999 -999 -999 -999 99 99 99 99 57778.66015625 59.707244873046875 59.008640289306641 58.695308685302734 249.18193054199219 gri 0 57777.33203125 0.31941336393356323 -1.5913608074188232 0.15376949310302734 -0.013645895756781101 0.019778413698077202 16.16389274597168 0.024026475846767426 0.0061438810080289841 0.00013595918426290154 4.4236192479729652e-05 1.0157292535950546e-06 -2.0647503333748318e-06 19 15.904943466186523 0.66361057758331299 0.53240025043487549
SN: ASASSN-17eb 150 1 VOID 3 0 234.641762 13.34778 0.049235999584197998 1.2000000424450263e-05 0.049695000052452087 1.2000000424450263e-05 0.050443291664123535 0.00087541161337867379 -213.55999755859375 250 0 0 0.035467125475406647 1 1 0 -9 -9 -9 -9 -999 -999 -9 -9 -9 10.895000457763672 0.083999998867511749 -9999 -9999 -0.028999999165534973 9.9709997177124023 -10.923999786376953 9.9713535308837891 1.5850000381469727 -999 999 999 999 999 999 999 999 999 -999 -999 -999 -999 99 99 99 99 57839.59375 49.313587188720703 44.764987945556641 38.372749328613281 116.22367095947266 gri 0 57836.7890625 0.67966663837432861 -1.1884627342224121 0.1867125928401947 0.055615391582250595 0.025910232216119766 17.525365829467773 0.046979151666164398 0.0017532889032736421 7.5863754318561405e-05 -0.0004379288584459573 2.2992119284026558e-06 -1.2365317161311395e-06 8 6.7784466743469238 0.5607144832611084 0.43738502264022827
SN: AT2016aj 150 1 VOID 3 0 70.602538999999993 -21.724373 0.067409001290798187 4.6000001020729542e-05 0.067313000559806824 4.6000001020729542e-05 0.06725156307220459 0.00089120876509696245 17.260000228881836 250 0 0 0.041362952440977097 1 1 0 -9 -9 -9 -9 -999 -999 -9 -9 -9 10.885000228881836 0.24199999868869781 -9999 -9999 0.079999998211860657 10.079999923706055 -10.805000305175781 10.082904815673828 1.4390000104904175 -999 999 999 999 999 999 999 999 999 -999 -999 -999 -999 99 99 99 99 57444.23828125 32.733676910400391 29.236276626586914 20.792575836181641 79.804901123046875 gri 0 57442.6953125 0.53544294834136963 -0.88580876588821411 0.32820749282836914 0.0025939557235687971 0.030457444489002228 18.117866516113281 0.039681017398834229 0.0010159050580114126 3.7128858821233734e-05 0.0015518905129283667 -1.9565552520361962e-06 -9.3079376028981642e-07 14 13.314805030822754 0.5018991231918335 0.29539614915847778
SN: AT2016cor 150 1 VOID 3 0 236.13007999999999 16.303511 0.049539998173713684 3.3000000257743523e-05 0.04995499923825264 3.3000000257743523e-05 0.050661921501159668 0.00087616784730926156 -201.72000122070312 250 0 0 0.026638489216566086 1 1 0 -9 -9 -9 -9 -999 -999 -9 -9 -9 9.9689998626708984 0.037000000476837158 -9999 -9999 0.73299998044967651 0.64200001955032349 -9.2360000610351562 0.64306533336639404 0.82700002193450928 -999 999 999 999 999 999 999 999 999 -999 -999 -999 -999 99 99 99 99 57541.44140625 55.788238525390625 38.464183807373047 35.661109924316406 164.48507690429688 gri 0 57541.4453125 0.34918898344039917 -0.2991025447845459 0.2352994978427887 0.19747740030288696 0.022278513759374619 18.130191802978516 0.028158154338598251 0.001004438498057425 2.6049729058286175e-05 0.00079048605402931571 -4.5185015551396646e-07 -4.5408739879349014e-07 23 45.011672973632812 0.0039615719579160213 0.66576558351516724
SN: AT2016cvv 150 1 VOID 3 0 290.12016499999999 54.208686 0.044567998498678207 0.00039999998989515007 0.044043999165296555 0.00039999998989515007 0.044383525848388672 0.00095810962375253439 -97.44000244140625 250 0 0 0.088603883981704712 1 1 0 -9 -9 -9 -9 -999 -999 -9 -9 -9 11.22599983215332 0.35899999737739563 -9999 -9999 -0.80000001192092896 9.1999998092651367 -12.026000022888184 9.2070016860961914 1.5700000524520874 -999 999 999 999 999 999 999 999 999 -999 -999 -999 -999 99 99 99 99 57559.46484375 66.050498962402344 62.518882751464844 38.65765380859375 205.69827270507812 gri 0 57558.76953125 0.534903883934021 1.0462672710418701 0.14184084534645081 0.071083173155784607 0.022552624344825745 17.204870223999023 0.038586243987083435 0.0023553313221782446 8.3706698205787688e-05 -0.00013848059461452067 4.7976959649531636e-07 -1.4158299563860055e-06 19 33.247035980224609 0.022509433329105377 0.4216313362121582
SN: AT2016cvw 150 1 VOID 3 0 341.55330800000002 10.558845 0.038876000791788101 9.3000002379994839e-05 0.037606000900268555 9.3000002379994839e-05 0.037865757942199707 0.00087023212108761072 -75.029998779296875 250 0 0 0.06792537122964859 1 1 0 -9 -9 -9 -9 -999 -999 -9 -9 -9 10.885000228881836 0.064000003039836884 -9999 -9999 0.2460000067949295 10.246000289916992 -10.638999938964844 10.246199607849121 1.6200000047683716 -999 999 999 999 999 999 999 999 999 -999 -999 -999 -999 99 99 99 99 57561.57421875 49.095851898193359 46.210659027099609 43.642066955566406 187.62098693847656 gri 0 57559.77734375 0.51448625326156616 -1.465734601020813 0.18579313158988953 -0.035622458904981613 0.024856064468622208 17.009387969970703 0.042761288583278656 0.0028199742082506418 0.00011106356396339834 0.00080697826342657208 -1.8591539401313639e-06 -2.0855113689322025e-06 22 45.110935211181641 0.0025691594928503036 0.5028003454208374
SN: AT2016cyt 150 1 VOID 3 0 317.39930399999997 15.125496999999999 0.030736999586224556 9.0000001364387572e-05 0.029649000614881516 9.0000001364387572e-05 0.030593633651733398 0.00086331728380173445 -274.77999877929688 250 0 0 0.071618281304836273 1 1 0 -9 -9 -9 -9 -999 -999 -9 -9 -9 10.916000366210938 0.23899999260902405 -9999 -9999 -0.063000001013278961 9.9370002746582031 -10.979000091552734 9.9398736953735352 1.4539999961853027 -999 999 999 999 999 999 999 999 999 -999 -999 -999 -999 99 99 99 99 57578.4765625 59.854454040527344 58.858036041259766 55.083869934082031 311.77093505859375 gri 0 57580.86328125 0.12734544277191162 -1.8026058673858643 0.1255050003528595 -0.078330546617507935 0.020418446511030197 16.147882461547852 0.026036884635686874 0.0062351487576961517 0.00014952421770431101 0.00026630648062564433 -4.8655265345587395e-06 -2.2909673589310842e-06 39 30.220430374145508 0.84212809801101685 0.65514677762985229
SN: AT2016ews 150 1 VOID 3 0 225.65234000000001 23.352817999999999 0.04555099830031395 7.9999999798019417e-06 0.04611700028181076 7.9999999798019417e-06 0.046306848526000977 0.00087238231208175421 -54.409999847412109 250 0 0 0.038068816065788269 1 1 0 -9 -9 -9 -9 -999 -999 -9 -9 -9 10.677000045776367 0.19900000095367432 -9999 -9999 0.38299998641014099 10.383000373840332 -10.293999671936035 10.384906768798828 1.1629999876022339 -999 999 999 999 999 999 999 999 999 -999 -999 -999 -999 99 99 99 99 57618.30078125 49.26873779296875 46.298126220703125 45.185016632080078 157.71009826660156 gri 0 57619.98046875 0.19154435396194458 0.9490547776222229 0.20716634392738342 -0.15417970716953278 0.023678524419665337 16.744117736816406 0.031347025185823441 0.0036004157736897469 0.00010395004210295156 0.0016241611447185278 -1.2103484550607391e-05 -2.0170180050627096e-06 12 25.193452835083008 0.013932299800217152 0.60349380970001221
SN: AT2016gmg 150 1 VOID 3 0 320.92430200000001 33.114733999999999 0.049435000866651535 0.00010699999984353781 0.048392001539468765 0.00010699999984353781 0.048646330833435059 0.00088076648535206914 -72.709999084472656 250 0 0 0.11756328493356705 1 1 0 -9 -9 -9 -9 -999 -999 -9 -9 -9 11.185000419616699 0.3619999885559082 -9999 -9999 -10 0 -21.184999465942383 0.3619999885559082 1.6299999952316284 -999 999 999 999 999 999 999 999 999 -999 -999 -999 -999 99 99 99 99 57667.41015625 40.567821502685547 34.625869750976562 28.521120071411133 103.25499725341797 gri 0 57662.60546875 0.22335894405841827 -1.7961934804916382 0.23335401713848114 -0.062649331986904144 0.028676398098468781 17.50505256652832 0.041248317807912827 0.0017864014953374863 6.7867367761209607e-05 0.0011648542713373899 -4.861887646256946e-06 -1.5301344546969631e-06 14 28.946294784545898 0.010626561008393764 0.63410520553588867
SN: AT2016gsu 150 1 VOID 3 0 17.102447999999999 21.151623000000001 0.076419003307819366 5.5000000429572538e-05 0.075289003551006317 5.5000000429572538e-05 0.075753927230834961 0.00089835713151842356 -129.55999755859375 250 0 0 0.041290663182735443 1 1 0 -9 -9 -9 -9 -999 -999 -9 -9 -9 10.067999839782715 0.083999998867511749 -9999 -9999 0.38899999856948853 0.63599997758865356 -9.6789999008178711 0.64152318239212036 0.86500000953674316 -999 999 999 999 999 999 999 999 999 -999 -999 -999 -999 99 99 99 99 57669.35546875 31.183673858642578 29.242033004760742 23.448116302490234 77.625503540039062 gri 0 57670.54296875 0.63696485757827759 -0.83454048633575439 0.2851792573928833 0.0097404289990663528 0.03438916802406311 18.404884338378906 0.048442058265209198 0.00077991257421672344 3.4797190892277285e-05 -0.00020041290554217994 3.3703628332659719e-07 -9.5834343483147677e-07 18 28.064985275268555 0.061073124408721924 0.28006851673126221
SN: AT2016hns 150 1 VOID 3 0 324.92104599999999 24.406490999999999 0.038167998194694519 5.999999848427251e-05 0.037039998918771744 5.999999848427251e-05 0.037404417991638184 0.00086685543647035956 -105.30999755859375 250 0 0 0.062678791582584381 1 1 0 -9 -9 -9 -9 -999 -999 -9 -9 -9 10.416000366210938 0.10999999940395355 -9999 -9999 0.85399997234344482 7.5980000495910645 -9.5620002746582031 7.5987963676452637 0.89300000667572021 -999 999 999 999 999 999 999 999 999 -999 -999 -999 -999 99 99 99 99 57698.26171875 54.852008819580078 52.738319396972656 46.315841674804688 163.73902893066406 gri 0 57697.6640625 0.26371118426322937 -1.2173775434494019 0.18829286098480225 -0.092475220561027527 0.022239360958337784 16.649383544921875 0.0269661545753479 0.0039286785759031773 9.75755974650383e-05 5.2068749937461689e-05 -3.1750091693538707e-06 -1.6735889403207693e-06 11 22.57832145690918 0.020256798714399338 0.50959402322769165
SN: AT2016htm 150 1 VOID 3 0 38.010893000000003 -26.665946999999999 0.043315999209880829 0.0001500000071246177 0.042653001844882965 0.0001500000071246177 0.042887687683105469 0.00088230130495503545 -67.489997863769531 250 0 0 0.014586000703275204 1 1 0 -9 -9 -9 -9 -999 -999 -9 -9 -9 10.140000343322754 0.15199999511241913 -9999 -9999 0.086999997496604919 3.8329999446868896 -10.053000450134277 3.836012601852417 0.81699997186660767 -999 999 999 999 999 999 999 999 999 -999 -999 -999 -999 99 99 99 99 57702.43359375 53.752330780029297 50.354236602783203 44.964931488037109 194.77134704589844 gri 0 57702.640625 0.14896051585674286 0.035139959305524826 0.19252407550811768 -0.068863846361637115 0.019099835306406021 16.862710952758789 0.022896185517311096 0.0032278650905936956 6.8069755798205733e-05 0.00080375681864097714 -4.8432866606162861e-06 -1.0608483762553078e-06 21 27.649190902709961 0.15038397908210754 0.22984480857849121
SN: AT2016htn 150 1 VOID 3 0 32.871062999999999 -16.510228000000001 0.053119000047445297 0.0001500000071246177 0.052289001643657684 0.0001500000071246177 0.052215456962585449 0.00089022080646827817 20.940000534057617 250 0 0 0.023181376978754997 1 1 0 -9 -9 -9 -9 -999 -999 -9 -9 -9 10.48799991607666 0.029999999329447746 -9999 -9999 0.97299998998641968 1.5980000495910645 -9.5150003433227539 1.5982816219329834 1.090999960899353 -999 999 999 999 999 999 999 999 999 -999 -999 -999 -999 99 99 99 99 57702.4375 44.65081787109375 39.9097900390625 36.543132781982422 133.73512268066406 gri 0 57701.75 0.31680911779403687 0.021949198096990585 0.28538161516189575 0.078458353877067566 0.023774687200784683 17.790445327758789 0.029815679416060448 0.0013734784442931414 3.7717443774454296e-05 0.0026666957419365644 -4.4102621359343175e-06 -7.9224304272429436e-07 15 14.34451961517334 0.49957674741744995 0.26163014769554138
SN: AT2017cfc 150 1 VOID 3 0 208.16248999999999 -2.0022169999999999 0.024025000631809235 0.00016300000424962491 0.024987999349832535 0.00016300000424962491 0.025123000144958496 0.00087013014126569033 -39.470001220703125 250 0 0 0.040091756731271744 1 1 0 -9 -9 -9 -9 -999 -999 -9 -9 -9 10.383999824523926 0.13500000536441803 -9999 -9999 -0.16899999976158142 9.8310003280639648 -10.553000450134277 9.8319272994995117 1.6519999504089355 -999 999 999 999 999 999 999 999 999 -999 -999 -999 -999 99 99 99 99 57839.50390625 121.72831726074219 86.559402465820312 77.982498168945312 303.06973266601562 gri 0 57837.75390625 0.13815896213054657 -0.74885910749435425 0.10793302208185196 0.03625105693936348 0.01798132061958313 15.9337158203125 0.021276954561471939 0.0075947516597807407 0.00014883282710798085 7.8436481999233365e-05 -3.1695344659965485e-06 -2.113109985657502e-06 17 11.554839134216309 0.82631200551986694 0.27732929587364197
SN: AT2017lm 150 1 VOID 3 0 45.384898999999997 -15.015962999999999 0.030639000236988068 6.3999999838415533e-05 0.03002299927175045 6.3999999838415533e-05 0.030309319496154785 0.00086130615090951324 -83.300003051757812 250 0 0 0.058757498860359192 1 1 0 -9 -9 -9 -9 -999 -999 -9 -9 -9 9.8070001602172852 0.10100000351667404 -9999 -9999 0.27000001072883606 0.48800000548362732 -9.5369997024536133 0.49834224581718445 0.75300002098083496 -999 999 999 999 999 999 999 999 999 -999 -999 -999 -999 99 99 99 99 57776.234375 60.427268981933594 58.534286499023438 54.690410614013672 164.00718688964844 gri 0 57779.2578125 0.51095485687255859 0.96655261516571045 0.274412602186203 -0.0059252590872347355 0.024059675633907318 16.152984619140625 0.029670197516679764 0.0062059205956757069 0.00016959081403911114 0.0017313550924882293 -9.3910148279974237e-06 -3.2466041375300847e-06 8 6.1331677436828613 0.63231796026229858 0.32278901338577271
SN: AT2017ns 150 1 VOID 3 0 42.293224000000002 14.600795 0.028767999261617661 0.00039699999615550041 0.028018999844789505 0.00039699999615550041 0.02849268913269043 0.00094471866032108665 -138.08000183105469 250 0 0 0.093668900430202484 1 1 0 -9 -9 -9 -9 -999 -999 -9 -9 -9 10.074999809265137 0.076999999582767487 -9999 -9999 -0.33700001239776611 9.6630001068115234 -10.411999702453613 9.6633071899414062 1.2769999504089355 -999 999 999 999 999 999 999 999 999 -999 -999 -999 -999 99 99 99 99 57783.23046875 51.826374053955078 47.113796234130859 45.951114654541016 139.63458251953125 gri 0 57784.55078125 0.2281467616558075 -0.8496931791305542 0.23345936834812164 0.22458367049694061 0.027290955185890198 16.830612182617188 0.039444055408239365 0.0033247205428779125 0.00012078482541255653 0.0027773785404860973 -1.3253330507723149e-05 -2.8509668936749222e-06 10 11.444979667663574 0.32391616702079773 0.80039995908737183
SN: AT2017oz 150 1 VOID 3 0 211.67308299999999 30.318828 0.055686000734567642 9.9999997473787516e-06 0.056412998586893082 9.9999997473787516e-06 0.056135177612304688 0.00088098825654014945 78.860000610351562 250 0 0 0.010836255736649036 1 1 0 -9 -9 -9 -9 -999 -999 -9 -9 -9 9.8219995498657227 0.24199999868869781 -9999 -9999 -0.4869999885559082 9.5129995346069336 -10.309000015258789 9.516077995300293 1.0570000410079956 -999 999 999 999 999 999 999 999 999 -999 -999 -999 -999 99 99 99 99 57787.65234375 43.702892303466797 43.014408111572266 31.357429504394531 107.35274505615234 gri 0 57788.19921875 0.37494361400604248 0.10763932764530182 0.30551904439926147 -0.035527553409337997 0.025163950398564339 17.52308464050293 0.030623599886894226 0.0017569758929312229 4.9556168960407376e-05 0.0023946803994476795 -7.3150517891917843e-06 -1.0423771072964882e-06 11 19.875522613525391 0.047077275812625885 0.12374117970466614
SN: AT2017po 150 1 VOID 3 0 240.96549899999999 39.990076999999999 0.031824998557567596 7.0000000960135367e-06 0.032009001821279526 7.0000000960135367e-06 0.032547116279602051 0.00086060963803902268 -156.24000549316406 250 0 0 0.011904274113476276 1 1 0 -9 -9 -9 -9 -999 -999 -9 -9 -9 10.871000289916992 0.048000000417232513 -9999 -9999 0.51800000667572021 10.517999649047852 -10.352999687194824 10.518109321594238 1.5399999618530273 -999 999 999 999 999 999 999 999 999 -999 -999 -999 -999 99 99 99 99 57786.63671875 59.930618286132812 59.581993103027344 54.270526885986328 207.73245239257812 gri 0 57784.6875 0.7384876012802124 0.091546572744846344 0.23929150402545929 -0.071476250886917114 0.023273520171642303 16.131721496582031 0.038686327636241913 0.0063286568038165569 0.00022549906861968338 -0.0027318182401359081 3.0999326554592699e-05 -4.2224119169986807e-06 19 33.902595520019531 0.018869725987315178 0.24020041525363922
SN: AT2017wb 150 1 VOID 3 0 165.33124599999999 70.664924999999997 0.030652999877929688 8.3999999333173037e-05 0.030925000086426735 8.3999999333173037e-05 0.031165838241577148 0.00086377136176452041 -70.019996643066406 250 0 0 0.021249394863843918 1 1 0 -9 -9 -9 -9 -999 -999 -9 -9 -9 9.4409999847412109 0.05000000074505806 -9999 -9999 -0.62599998712539673 2.4100000858306885 -10.067000389099121 2.4105186462402344 0.85600000619888306 -999 999 999 999 999 999 999 999 999 -999 -999 -999 -999 99 99 99 99 57788.4609375 109.92837524414062 58.415916442871094 56.252262115478516 309.85806274414062 gri 0 57790.2421875 0.19612911343574524 1.3417596817016602 0.11828877031803131 0.072407275438308716 0.017681211233139038 16.36256217956543 0.022056134417653084 0.0051165265031158924 0.00010393942648079246 0.00012673743185587227 -3.1633539947506506e-06 -1.4568346387022757e-06 31 29.505697250366211 0.54291397333145142 0.5082213282585144
SN: AT2017yk 150 1 VOID 3 0 146.13246000000001 -12.308159 0.046438999474048615 0.0001500000071246177 0.047635998576879501 0.0001500000071246177 0.046912193298339844 0.00088639644673094153 207.28999328613281 250 0 0 0.029528480023145676 1 1 0 -9 -9 -9 -9 -999 -999 -9 -9 -9 10.312999725341797 0.11599999666213989 -9999 -9999 0.29300001263618469 7.1929998397827148 -10.020000457763672 7.1939353942871094 1.1239999532699585 -999 999 999 999 999 999 999 999 999 -999 -999 -999 -999 99 99 99 99 57786.49609375 44.143230438232422 43.360923767089844 40.0911865234375 133.6943359375 gri 0 57789.1875 0.37132763862609863 -0.72271102666854858 0.16868023574352264 0.20552109181880951 0.026037584990262985 17.993783950805664 0.035791762173175812 0.0011389029677957296 3.7544428778346628e-05 0.00034939011675305665 -5.5449618230341002e-07 -8.0619827258487931e-07 16 19.298530578613281 0.25348669290542603 0.72619271278381348
SN: AT2017zd 150 1 VOID 3 0 203.17561799999999 -21.801072999999999 0.029467999935150146 0.0001500000071246177 0.030481999740004539 0.0001500000071246177 0.029690265655517578 0.00087230157805606723 230.52000427246094 250 0 0 0.072750478982925415 1 1 0 -9 -9 -9 -9 -999 -999 -9 -9 -9 9.9670000076293945 0.061999998986721039 -9999 -9999 -1.8350000381469727 8.1649999618530273 -11.802000045776367 8.1652355194091797 1.4149999618530273 -999 999 999 999 999 999 999 999 999 -999 -999 -999 -999 99 99 99 99 57793.61328125 58.496612548828125 55.501506805419922 50.625751495361328 207.31095886230469 gri 0 57793.1796875 0.15030434727668762 0.4746803343296051 0.13574683666229248 -0.030833831056952477 0.020341038703918457 15.90324878692627 0.028665889054536819 0.0078108892776072025 0.00020622512965928763 -4.6718694648006931e-05 -9.1165820776950568e-06 -3.121372628811514e-06 19 24.072887420654297 0.19337134063243866 0.18867781758308411
SN: ATLAS16agv 150 1 VOID 3 0 250.290312 50.972448 0.047788001596927643 0.00016999999934341758 0.047773998230695724 0.00016999999934341758 0.048192977905273438 0.00089011213276535273 -119.83999633789062 250 0 0 0.021150277927517891 1 1 0 -9 -9 -9 -9 -999 -999 -9 -9 -9 8.7250003814697266 0.62000000476837158 -9999 -9999 -10 0 -18.725000381469727 0.62000000476837158 2.1099998950958252 -999 999 999 999 999 999 999 999 999 -999 -999 -999 -999 99 99 99 99 57467.5390625 52.841880798339844 50.350025177001953 43.058612823486328 183.090576171875 gri 0 57470.26171875 0.020006235688924789 1.4327547550201416 0.2120879590511322 -0.060943849384784698 0.019981734454631805 16.864646911621094 0.024529645219445229 0.0032221151050180197 7.2796079621184617e-05 0.00074054556898772717 -5.5336190598609392e-06 -1.1141007689730031e-06 17 17.854076385498047 0.3981022834777832 0.51899492740631104
SN: ATLAS16bwu 150 1 VOID 3 0 18.592749999999999 -13.153090000000001 0.071804001927375793 5.8000001445179805e-05 0.070742003619670868 5.8000001445179805e-05 0.070912718772888184 0.00089476205175742507 -47.779998779296875 250 0 0 0.018668672069907188 1 1 0 -9 -9 -9 -9 -999 -999 -9 -9 -9 9.8940000534057617 0.087999999523162842 -9999 -9999 0.44699999690055847 0.625 -9.4469995498657227 0.6311647891998291 0.95800000429153442 -999 999 999 999 999 999 999 999 999 -999 -999 -999 -999 99 99 99 99 57608.609375 39.845409393310547 34.434539794921875 31.760583877563477 110.40904998779297 gri 0 57609.2734375 0.50553381443023682 0.113404281437397 0.26369637250900269 0.10005893558263779 0.027945883572101593 18.247648239135742 0.038236036896705627 0.00090144819114357233 3.1746021704748273e-05 0.0013243071734905243 -9.4719752041783067e-07 -7.3139847245329292e-07 14 30.034704208374023 0.0075483601540327072 0.33566510677337646
SN: ATLAS17ajn 150 1 VOID 3 0 176.11069800000001 -28.457445 0.028705000877380371 3.3000000257743523e-05 0.029875999316573143 3.3000000257743523e-05 0.029778003692626953 0.00085943628801032901 28.510000228881836 250 0 0 0.064649127423763275 1 1 0 -9 -9 -9 -9 -999 -999 -9 -9 -9 10.204000473022461 0.097000002861022949 -9999 -9999 -2.4590001106262207 5.3779997825622559 -12.663000106811523 5.3788747787475586 1.1529999971389771 -999 999 999 999 999 999 999 999 999 -999 -999 -999 -999 99 99 99 99 57781.58984375 57.073341369628906 54.23516845703125 50.773757934570312 176.92576599121094 gri 0 57777.30859375 0.6488463282585144 -1.9260129928588867 0.16106894612312317 -0.085213318467140198 0.02697395533323288 16.338302612304688 0.056914422661066055 0.0052321325056254864 0.00027426902670413256 -0.00031423478503711522 1.3901587863074383e-06 -4.5454166865965817e-06 14 9.5813741683959961 0.79210501909255981 0.70203328132629395
SN: ATLAS17ajs 150 1 VOID 3 0 171.97721899999999 27.345839999999999 0.032653000205755234 7.0000000960135367e-06 0.0337040014564991 7.0000000960135367e-06 0.034506797790527344 0.00086202309466898441 -232.64999389648438 250 0 0 0.015449464321136475 1 1 0 -9 -9 -9 -9 -999 -999 -9 -9 -9 9.7930002212524414 0.093000002205371857 -9999 -9999 0.057999998331069946 0.19599999487400055 -9.7349996566772461 0.21694469451904297 0.59700000286102295 -999 999 999 999 999 999 999 999 999 -999 -999 -999 -999 99 99 99 99 57782.44140625 55.580593109130859 52.128196716308594 51.995040893554688 230.40289306640625 gri 0 57782.48046875 0.72972476482391357 1.3328160047531128 0.22042247653007507 0.17433597147464752 0.020427606999874115 17.076068878173828 0.029018748551607132 0.0026519943494349718 7.0880530984140933e-05 -2.394862167420797e-05 4.3131353777425829e-06 -1.1043865697502042e-06 20 14.898886680603027 0.78216379880905151 0.73149019479751587
SN: ATLAS17axb 150 1 VOID 3 0 205.846914 -19.943650999999999 0.03164999932050705 0.00010199999815085903 0.032641001045703888 0.00010199999815085903 0.031431913375854492 0.00086712825577706099 351.47000122070312 250 0 0 0.09409930557012558 1 1 0 -9 -9 -9 -9 -999 -999 -9 -9 -9 9.7749996185302734 0.074000000953674316 -9999 -9999 -0.25999999046325684 9.7399997711181641 -10.034999847412109 9.7402811050415039 1.3350000381469727 -999 999 999 999 999 999 999 999 999 -999 -999 -999 -999 99 99 99 99 57793.609375 56.218948364257812 53.444366455078125 52.323661804199219 196.165771484375 gri 0 57796.76953125 0.32322242856025696 0.057055570185184479 0.14215852320194244 -0.10817036032676697 0.021894978359341621 16.090387344360352 0.03283030167222023 0.0065742339938879013 0.00019879054161719978 -0.00026251192321069539 -3.4337808756390586e-06 -3.1871284136286704e-06 15 16.80682373046875 0.33054310083389282 0.36106911301612854
SN: CSS160129 150 1 VOID 3 0 115.12335899999999 10.933301999999999 0.06766200065612793 0.0010000000474974513 0.068407997488975525 0.0010000000474974513 0.068439245223999023 0.0013393145054578781 -8.7600002288818359 250 0 0 0.032475750893354416 1 1 0 -9 -9 -9 -9 -999 -999 -9 -9 -9 9.2049999237060547 0.2370000034570694 -9999 -9999 -10 0 -19.204999923706055 0.2370000034570694 2.2880001068115234 -999 999 999 999 999 999 999 999 999 -999 -999 -999 -999 99 99 99 99 57418.421875 44.854312896728516 44.150718688964844 33.430912017822266 142.37577819824219 gri 0 57415.7421875 0.8829227089881897 0.86303955316543579 0.22984252870082855 -0.15819911658763885 0.028004154562950134 17.495586395263672 0.04976978525519371 0.0018020429415628314 8.2605045463424176e-05 -0.00054054515203461051 -3.6112826364842476e-06 -9.7875090432353318e-07 17 10.070121765136719 0.90064394474029541 0.6006971001625061
SN: CSS160428 150 1 VOID 3 0 200.780011 52.649075000000003 0.030287999659776688 0.0001500000071246177 0.030809000134468079 0.0001500000071246177 0.03148341178894043 0.00087257020641118288 -196 250 0 0 0.0095283258706331253 1 1 0 -9 -9 -9 -9 -999 -999 -9 -9 -9 8.1750001907348633 0.22699999809265137 -9999 -9999 -10 0 -18.174999237060547 0.22699999809265137 1.2450000047683716 -999 999 999 999 999 999 999 999 999 -999 -999 -999 -999 99 99 99 99 57514.35546875 60.137123107910156 58.945327758789062 55.33892822265625 226.1197509765625 gri 0 57517.59765625 0.34370699524879456 1.0361645221710205 0.18625697493553162 -0.037901345640420914 0.01944858580827713 16.187812805175781 0.023551244288682938 0.0060100103728473186 0.00013036612654104829 0.00061704334802925587 -3.7606857858918374e-06 -1.9813273866020609e-06 17 11.477680206298828 0.83068263530731201 0.3677692711353302
SN: Gaia16acv 150 1 VOID 3 0 179.957435 54.802152999999997 0.077719002962112427 9.899999713525176e-05 0.078331999480724335 9.899999713525176e-05 0.078591346740722656 0.00090464280219748616 -72.080001831054688 250 0 0 0.010285815224051476 1 1 0 -9 -9 -9 -9 -999 -999 -9 -9 -9 8.5939998626708984 0.17700000107288361 -9999 -9999 0.24500000476837158 0.31099998950958252 -8.3489999771118164 0.35784074664115906 -0.3619999885559082 -999 999 999 999 999 999 999 999 999 -999 -999 -999 -999 99 99 99 99 57437.5 37.244098663330078 35.254287719726562 28.123729705810547 98.875373840332031 gri 0 57435.55078125 0.52536767721176147 0.44341233372688293 0.31937184929847717 -0.15364551544189453 0.027839712798595428 18.129304885864258 0.036036651581525803 0.001005258527584374 3.3365518902428448e-05 0.0032418535556644201 -3.7948805129417451e-06 -7.4493794954832993e-07 21 26.709047317504883 0.18069246411323547 0.53305292129516602
SN: Gaia16agf 150 1 VOID 3 0 98.537349000000006 -25.1846 0.025067999958992004 2.4999999368446879e-05 0.025533000007271767 2.4999999368446879e-05 0.025086879730224609 0.00085554621182382107 130.44999694824219 250 0 0 0.05712427943944931 1 1 0 -9 -9 -9 -9 -999 -999 -9 -9 -9 9.1820001602172852 0.064000003039836884 -9999 -9999 -1.9900000095367432 0.87000000476837158 -11.171999931335449 0.87235087156295776 0.84299999475479126 -999 999 999 999 999 999 999 999 999 -999 -999 -999 -999 99 99 99 99 57457.23828125 60.907962799072266 59.320064544677734 56.869705200195312 252.56596374511719 gri 0 57456.18359375 0.14132176339626312 1.2788172960281372 0.12521083652973175 0.055804677307605743 0.018918357789516449 15.970968246459961 0.024792991578578949 0.0073385937139391899 0.0001675781822996214 3.1497020245296881e-05 -5.1381070989009459e-06 -2.4896730792534072e-06 21 29.421741485595703 0.10423880815505981 0.46509134769439697
SN: Gaia16aki 150 1 VOID 3 0 239.794039 14.641615 0.073628000915050507 7.0000000960135367e-06 0.073983997106552124 7.0000000960135367e-06 0.073929190635681152 0.00089561106869950891 15.300000190734863 250 0 0 0.036789990961551666 1 1 0 -9 -9 -9 -9 -999 -999 -9 -9 -9 9.8789997100830078 0.20000000298023224 -9999 -9999 0.5690000057220459 0.58700001239776611 -9.3100004196166992 0.62013626098632812 0.57700002193450928 -999 999 999 999 999 999 999 999 999 -999 -999 -999 -999 99 99 99 99 57494.4609375 37.189834594726562 35.100372314453125 27.975814819335938 118.65190887451172 gri 0 57490.796875 0.63681513071060181 0.79914748668670654 0.23471887409687042 -0.069943010807037354 0.024797044694423676 18.025852203369141 0.034837611019611359 0.0011057546362280846 3.5479934012982994e-05 -0.0010272637009620667 1.3314721627466497e-06 -7.1446265792474151e-07 32 39.457176208496094 0.17101094126701355 0.35399922728538513
SN: Gaia16bba 150 1 VOID 3 0 15.398037 17.101262999999999 0.030457999557256699 8.6000000010244548e-05 0.029343999922275543 8.6000000010244548e-05 0.029897809028625488 0.00086265633581206203 -161.22000122070312 250 0 0 0.040005628019571304 1 1 0 -9 -9 -9 -9 -999 -999 -9 -9 -9 8.4540004730224609 0.40000000596046448 -9999 -9999 -2.7179999351501465 5.8499999046325684 -11.171999931335449 5.8636593818664551 0.73799997568130493 -999 999 999 999 999 999 999 999 999 -999 -999 -999 -999 99 99 99 99 57630.59375 61.125480651855469 60.064411163330078 55.490554809570312 168.22581481933594 gri 0 57625.80078125 0.77035444974899292 0.38731077313423157 0.20276091992855072 -0.041898682713508606 0.025246188044548035 16.012624740600586 0.050346590578556061 0.0070623639039695263 0.00032748834928497672 -0.0011274379212409258 2.2252368580666371e-05 -6.62074307911098e-06 8 3.2376782894134521 0.91856861114501953 0.19019275903701782
SN: iPTF17dz 150 1 VOID 3 0 126.106898 24.997796000000001 0.092000998556613922 0.0099999997764825821 0.092836000025272369 0.0099999997764825821 0.09293210506439209 0.010041438043117523 -26.350000381469727 250 0 0 0.024864593520760536 1 1 0 -9 -9 -9 -9 -999 -999 -9 -9 -9 9.8690004348754883 0.37799999117851257 -9999 -9999 -10 0 -19.868999481201172 0.37799999117851257 2.2690000534057617 -999 999 999 999 999 999 999 999 999 -999 -999 -999 -999 99 99 99 99 57780.515625 23.931095123291016 19.446615219116211 12.664093017578125 59.509159088134766 griz 0 57767.37109375 0.083154790103435516 1.5957918167114258 1.0498048067092896 0.075618438422679901 0.11681897938251495 18.984584808349609 0.22303079068660736 0.00045726291136816144 9.3930466391611844e-05 0.0097447074949741364 -1.4873206055199262e-05 -1.8562996046966873e-06 13 13.236928939819336 0.42968174815177917 0.58862990140914917
SN: MASTERJ0134 150 1 VOID 3 0 23.562692999999999 -17.812061 0.044847998768091202 3.9999998989515007e-05 0.043905999511480331 3.9999998989515007e-05 0.043694853782653809 0.00087142048869282007 60.650001525878906 250 0 0 0.017611468210816383 1 1 0 -9 -9 -9 -9 -999 -999 -9 -9 -9 9.5150003433227539 0.072999998927116394 -9999 -9999 -0.99900001287460327 1.9859999418258667 -10.513999938964844 1.9873411655426025 0.92299997806549072 -999 999 999 999 999 999 999 999 999 -999 -999 -999 -999 99 99 99 99 57668.4296875 56.027481079101562 45.560932159423828 43.142436981201172 142.09600830078125 gri 0 57664.74609375 0.6687585711479187 0.74696862697601318 0.20582517981529236 -0.073556080460548401 0.02781132236123085 16.744480133056641 0.053093720227479935 0.0035992148332297802 0.00017600564751774073 3.73584553017281e-05 6.4540955690972623e-07 -4.0100308069668245e-06 14 7.3511457443237305 0.92032653093338013 0.3494458794593811
SN: PS15ahs 150 1 VOID 3 0 269.87403999999998 43.390096999999997 0.0255110003054142 4.0999999328050762e-05 0.025217000395059586 4.0999999328050762e-05 0.025342822074890137 0.00085589999798685312 -36.770000457763672 250 0 0 0.030867252498865128 1 1 0 -9 -9 -9 -9 -999 -999 -9 -9 -9 9.758000373840332 0.071000002324581146 -9999 -9999 0.13400000333786011 0.44200000166893005 -9.6239995956420898 0.44766616821289062 0.71399998664855957 -999 999 999 999 999 999 999 999 999 -999 -999 -999 -999 99 99 99 99 57155.53515625 61.572563171386719 60.794570922851562 58.031478881835938 334.99386596679688 gri 0 57156.74609375 0.10731701552867889 0.20962424576282501 0.1028350442647934 -0.076921619474887848 0.017870631068944931 15.716104507446289 0.021842202171683311 0.0092802150174975395 0.00018669391283765435 -0.00010785771883092821 -5.0013845793728251e-06 -2.5651988835306838e-06 34 27.756677627563477 0.76635533571243286 0.26575589179992676
SN: PS15aii 150 1 VOID 3 0 191.189753 9.7596729999999994 0.046546999365091324 9.0000003183376975e-06 0.047681998461484909 9.0000003183376975e-06 0.047774195671081543 0.00087369716493412852 -26.350000381469727 250 0 0 0.022431951016187668 1 1 0 -9 -9 -9 -9 -999 -999 -9 -9 -9 10.550000190734863 0.075000002980232239 -9999 -9999 0.84500002861022949 0.34799998998641968 -9.7049999237060547 0.35599017143249512 0.77999997138977051 -999 999 999 999 999 999 999 999 999 -999 -999 -999 -999 99 99 99 99 57156.31640625 56.878726959228516 53.104213714599609 47.393936157226562 203.20335388183594 gri 0 57159.5 0.13889774680137634 0.38289624452590942 0.13879168033599854 -0.046744789928197861 0.018996041268110275 17.133792877197266 0.023691071197390556 0.0025146808475255966 5.4871048632776365e-05 0.00029864173848181963 -2.9945128972030943e-06 -8.2262261003052117e-07 24 34.025405883789062 0.084218569099903107 0.20141638815402985
SN: PS15asb 150 1 VOID 3 0 215.08466300000001 -9.3009079999999997 0.048627998679876328 0.00033000000985339284 0.049515999853610992 0.00033000000985339284 0.049890875816345215 0.00093532889150083065 -107.06999969482422 250 0 0 0.045648865401744843 1 1 0 -9 -9 -9 -9 -999 -999 -9 -9 -9 10.097000122070312 0.0080000003799796104 -9999 -9999 -10 0 -20.097000122070312 0.0080000003799796104 2.2869999408721924 -999 999 999 999 999 999 999 999 999 -999 -999 -999 -999 99 99 99 99 57195.2734375 49.830608367919922 43.811130523681641 40.432266235351562 127.80911254882812 gri 0 57194.35546875 0.47334009408950806 -1.2037980556488037 0.24072156846523285 -0.010097634047269821 0.024297811090946198 17.416793823242188 0.033312827348709106 0.0019376826239749789 5.9452457207953557e-05 0.0011509711621329188 -8.0539831515125115e-07 -1.1274489679635735e-06 15 20.154094696044922 0.16610078513622284 0.40267521142959595
SN: PS15atx 150 1 VOID 3 0 195.82739000000001 -23.065798999999998 0.071878999471664429 0.0002680000034160912 0.073009997606277466 0.0002680000034160912 0.072522163391113281 0.00093404494691640139 136.36000061035156 250 0 0 0.1059148982167244 1 1 0 -9 -9 -9 -9 -999 -999 -9 -9 -9 10.505999565124512 0.15800000727176666 -9999 -9999 0.67100000381469727 10.670999526977539 -9.8350000381469727 10.67216968536377 1.0789999961853027 -999 999 999 999 999 999 999 999 999 -999 -999 -999 -999 99 99 99 99 57192.26953125 28.658391952514648 28.046947479248047 19.699943542480469 56.876789093017578 gri 0 57191.99609375 0.92054033279418945 -0.63193541765213013 0.56711071729660034 -0.13751024007797241 0.042139295488595963 18.200626373291016 0.055704753845930099 0.00094134692335501313 4.8296722525265068e-05 0.0048232427798211575 -4.6494074013025966e-06 -1.6075972553153406e-06 13 34.3701171875 0.0010571356397122145 0.50445222854614258
SN: PS15bdr 150 1 VOID 3 0 253.705907 36.725195999999997 0.070956997573375702 1.4000000192027073e-05 0.070938996970653534 1.4000000192027073e-05 0.071155309677124023 0.00089315418154001236 -60.540000915527344 250 0 0 0.013788520358502865 1 1 0 -9 -9 -9 -9 -999 -999 -9 -9 -9 10.552000045776367 0.087999999523162842 -9999 -9999 -0.22900000214576721 9.7709999084472656 -10.781000137329102 9.7713966369628906 1.6549999713897705 -999 999 999 999 999 999 999 999 999 -999 -999 -999 -999 99 99 99 99 57215.27734375 37.348487854003906 34.538265228271484 28.159770965576172 117.81636047363281 gri 0 57215.74609375 0.2444608062505722 -1.9627925157546997 0.22816789150238037 -0.037612695246934891 0.035965055227279663 18.326620101928711 0.047605011612176895 0.00083820882719010115 3.675196785479784e-05 0.0024744938127696514 -3.6587455269909697e-06 -1.1643925290627521e-06 24 18.092002868652344 0.79852265119552612 0.66616863012313843
SN: PS15bif 150 1 VOID 3 0 305.07399099999998 -23.743528999999999 0.079368002712726593 0.00026500000967644155 0.078547000885009766 0.00026500000967644155 0.078447222709655762 0.00093761668540537357 27.75 250 0 0 0.060912035405635834 1 1 0 -9 -9 -9 -9 -999 -999 -9 -9 -9 9.7379999160766602 0.11699999868869781 -9999 -9999 -2.3340001106262207 7.6659998893737793 -12.071999549865723 7.6668930053710938 1.343999981880188 -999 999 999 999 999 999 999 999 999 -999 -999 -999 -999 99 99 99 99 57237.41796875 36.662410736083984 29.318038940429688 24.410619735717773 111.8038330078125 gri 0 57234.0546875 0.29008734226226807 0.70840209722518921 0.30568963289260864 0.011043530888855457 0.027683336287736893 18.244087219238281 0.037607431411743164 0.00090440938947722316 3.1326682801591232e-05 0.0037685101851820946 -4.908469691145001e-06 -7.3580054049671162e-07 20 30.717397689819336 0.059033531695604324 0.23898617923259735
SN: PS15bjg 150 1 VOID 3 0 343.79343 -0.410242 0.068887002766132355 1.2000000424450263e-05 0.067584000527858734 1.2000000424450263e-05 0.067861199378967285 0.0008903276757337153 -77.800003051757812 250 0 0 0.079281911253929138 1 1 0 -9 -9 -9 -9 -999 -999 -9 -9 -9 11.050999641418457 0.082000002264976501 -9999 -9999 0.74599999189376831 10.746000289916992 -10.305000305175781 10.746313095092773 1.5479999780654907 -999 999 999 999 999 999 999 999 999 -999 -999 -999 -999 99 99 99 99 57240.48828125 37.118927001953125 28.944356918334961 22.819650650024414 120.94212341308594 gri 0 57239.05859375 0.23795399069786072 -1.0871515274047852 0.25626260042190552 -0.09161841869354248 0.032483454793691635 18.040622711181641 0.047099649906158447 0.0010908148251473904 4.7319961595349014e-05 0.0019715283997356892 -4.6083437155175488e-06 -1.288166458834894e-06 22 32.12127685546875 0.075351767241954803 0.47390714287757874
SN: PS15brr 150 1 VOID 3 0 358.35638499999999 -15.654507000000001 0.051803998649120331 8.9000001025851816e-05 0.050627999007701874 8.9000001025851816e-05 0.05048680305480957 0.00088061630958691239 40.270000457763672 250 0 0 0.027629787102341652 1 1 0 -9 -9 -9 -9 -999 -999 -9 -9 -9 9.8219995498657227 0.032999999821186066 -9999 -9999 0.44200000166893005 0.34599998593330383 -9.380000114440918 0.34757015109062195 0.95200002193450928 -999 999 999 999 999 999 999 999 999 -999 -999 -999 -999 99 99 99 99 57262.41796875 64.833259582519531 50.9365234375 44.284305572509766 154.17747497558594 gri 0 57259.8203125 0.70069575309753418 0.79648172855377197 0.26761436462402344 -0.061072565615177155 0.02654651552438736 17.027572631835938 0.045849241316318512 0.0027731349691748619 0.00011710591934388503 0.00047238741535693407 4.511061888479162e-06 -2.531076916056918e-06 11 17.274141311645508 0.1000240296125412 0.33455923199653625
SN: PS15bsq 150 1 VOID 3 0 355.467353 -8.6378760000000003 0.034304000437259674 1.7000000298139639e-05 0.033087000250816345 1.7000000298139639e-05 0.033705472946166992 0.00086164782987907529 -179.3800048828125 250 0 0 0.029598981142044067 1 1 0 -9 -9 -9 -9 -999 -999 -9 -9 -9 10.913999557495117 0.097999997437000275 -9999 -9999 0.70599997043609619 10.706000328063965 -10.208000183105469 10.706448554992676 1.5230000019073486 -999 999 999 999 999 999 999 999 999 -999 -999 -999 -999 99 99 99 99 57262.421875 58.596538543701172 56.664886474609375 50.521209716796875 205.05937194824219 gri 0 57262.8046875 0.15255051851272583 0.66445982456207275 0.14977288246154785 -0.063408926129341125 0.020127378404140472 16.271244049072266 0.025432979688048363 0.0055654733441770077 0.0001303692115470767 0.00055083894403651357 -9.0782878032769077e-06 -2.0756504000019049e-06 14 7.9730744361877441 0.8907240629196167 0.30615466833114624
SN: PS15bwh 150 1 VOID 3 0 352.64413500000001 -18.891496 0.072671003639698029 0.00042999998549930751 0.071486003696918488 0.00042999998549930751 0.071582913398742676 0.00099158624652773142 -27.120000839233398 250 0 0 0.024725880473852158 1 1 0 -9 -9 -9 -9 -999 -999 -9 -9 -9 9.5380001068115234 0.059000000357627869 -9999 -9999 -10 0 -19.538000106811523 0.059000000357627869 2.2880001068115234 -999 999 999 999 999 999 999 999 999 -999 -999 -999 -999 99 99 99 99 57276.4453125 53.581012725830078 41.574752807617188 31.406303405761719 156.85896301269531 gri 0 57278.87890625 0.23564633727073669 1.0356383323669434 0.24152424931526184 -0.10996866971254349 0.026430858299136162 17.664804458618164 0.034022029489278793 0.001541977166198194 4.8318546760128811e-05 0.00065895606530830264 -5.4283109420794062e-06 -1.0267146990372567e-06 18 14.53798770904541 0.69340759515762329 0.50352728366851807
SN: PS15bzz 150 1 VOID 3 0 9.4247300000000003 1.762823 0.080241002142429352 9.9999997473787516e-06 0.079006999731063843 9.9999997473787516e-06 0.079308509826660156 0.00089982786448672414 -83.730003356933594 250 0 0 0.01724967360496521 1 1 0 -9 -9 -9 -9 -999 -999 -9 -9 -9 10.531000137329102 0.097999997437000275 -9999 -9999 0.40900000929832458 10.409000396728516 -10.121999740600586 10.40946102142334 1.3799999952316284 -999 999 999 999 999 999 999 999 999 -999 -999 -999 -999 99 99 99 99 57284.50390625 36.949386596679688 31.708974838256836 27.429662704467773 94.350608825683594 gri 0 57284.49609375 0.61997848749160767 -0.84384423494338989 0.2403668612241745 -0.0092990007251501083 0.028073731809854507 18.344118118286133 0.038616038858890533 0.00082480837590992451 2.9335700673982501e-05 -0.0011142496950924397 1.6354113085981226e-06 -6.8319275214889785e-07 21 22.415273666381836 0.37592768669128418 0.2829841673374176
SN: PS15cms 150 1 VOID 3 0 149.64620500000001 0.74303399999999997 0.064790003001689911 2.7000000045518391e-05 0.066027000546455383 2.7000000045518391e-05 0.066274523735046387 0.00088935845997184515 -69.580001831054688 250 0 0 0.022448327392339706 1 1 0 -9 -9 -9 -9 -999 -999 -9 -9 -9 10.668999671936035 0.090000003576278687 -9999 -9999 0.99099999666213989 0.93400001525878906 -9.6780004501342773 0.93832617998123169 1.0759999752044678 -999 999 999 999 999 999 999 999 999 -999 -999 -999 -999 99 99 99 99 57323.6328125 47.765102386474609 35.384014129638672 26.782880783081055 141.19044494628906 gri 0 57326.54296875 0.24602460861206055 1.0698502063751221 0.16554117202758789 0.02244097925722599 0.028348185122013092 17.853721618652344 0.041396357119083405 0.001295721041969955 4.9402544391341507e-05 0.00014041969552636147 -2.7729761313821655e-06 -1.179912715087994e-06 24 13.234437942504883 0.96209830045700073 0.36437758803367615
SN: PS15cwx 150 1 VOID 3 0 78.699190999999999 7.050389 0.030067000538110733 0.00010900000052060932 0.030065000057220459 0.00010900000052060932 0.030862808227539062 0.00086584844393655658 -232.02000427246094 250 0 0 0.14867094159126282 1 1 0 -9 -9 -9 -9 -999 -999 -9 -9 -9 10.185000419616699 0.1289999932050705 -9999 -9999 -0.97000002861022949 9.0299997329711914 -11.154999732971191 9.0309209823608398 1.5390000343322754 -999 999 999 999 999 999 999 999 999 -999 -999 -999 -999 99 99 99 99 57349.4765625 61.134220123291016 48.630123138427734 46.089736938476562 242.23115539550781 gri 0 57348.62109375 0.33589461445808411 -1.4456062316894531 0.10858561843633652 -0.061691872775554657 0.024822795763611794 16.196813583374023 0.04363679513335228 0.005960383452475071 0.00023955361393745989 -0.00035369774559512734 -2.4454495815007249e-06 -4.264470589987468e-06 23 8.0544395446777344 0.99828237295150757 0.52391326427459717
SN: PS15cze 150 1 VOID 3 0 56.847625000000001 0.87722999999999995 0.039372999221086502 2.0999999833293259e-05 0.038913000375032425 2.0999999833293259e-05 0.04035031795501709 0.00086659286171197891 -414.19000244140625 250 0 0 0.18478378653526306 1 1 0 -9 -9 -9 -9 -999 -999 -9 -9 -9 10.72700023651123 0.29600000381469727 -9999 -9999 -0.024000000208616257 9.9759998321533203 -10.75100040435791 9.9803905487060547 1.3270000219345093 -999 999 999 999 999 999 999 999 999 -999 -999 -999 -999 99 99 99 99 57364.3515625 46.944786071777344 34.602733612060547 32.676551818847656 146.7598876953125 gri 0 57364.4296875 0.17067477107048035 -1.7411468029022217 0.23703038692474365 0.12149746716022491 0.027523815631866455 17.620536804199219 0.048464413732290268 0.0016061466885730624 7.1694172220304608e-05 0.00086730311159044504 -2.6651443931768881e-06 -1.5262578472174937e-06 21 44.244991302490234 0.0021732507739216089 0.70771586894989014
SN: PS15mt 150 1 VOID 3 0 148.68407500000001 23.198112999999999 0.070849999785423279 8.800000068731606e-05 0.071925997734069824 8.800000068731606e-05 0.071933984756469727 0.00089818885317072272 -2.2300000190734863 250 0 0 0.021172201260924339 1 1 0 -9 -9 -9 -9 -999 -999 -9 -9 -9 9.2080001831054688 0.20900000631809235 -9999 -9999 0.30399999022483826 3.1019999980926514 -8.9040002822875977 3.1090328693389893 0.625 -999 999 999 999 999 999 999 999 999 -999 -999 -999 -999 99 99 99 99 57105.23828125 59.144756317138672 58.391139984130859 50.474002838134766 153.4627685546875 gri 0 57106 0.4173208475112915 1.4694461822509766 0.38378229737281799 -0.10257527232170105 0.027966976165771484 17.877462387084961 0.036076180636882782 0.0012676954502239823 4.212221028865315e-05 0.0026721211615949869 -9.5202594820875674e-06 -9.0206776803825051e-07 14 9.82861328125 0.77460336685180664 0.59734976291656494
SN: PS16aer 150 1 VOID 3 0 163.74247500000001 14.27164 0.055465999990701675 1.2999999853491317e-05 0.056678000837564468 1.2999999853491317e-05 0.056928515434265137 0.00088124832836911082 -71.050003051757812 250 0 0 0.020118031650781631 1 1 0 -9 -9 -9 -9 -999 -999 -9 -9 -9 10.76099967956543 0.17100000381469727 -9999 -9999 1.4479999542236328 11.447999954223633 -9.3129997253417969 11.449276924133301 0.89899998903274536 -999 999 999 999 999 999 999 999 999 -999 -999 -999 -999 99 99 99 99 57437.421875 54.793186187744141 37.957233428955078 36.400466918945312 181.5196533203125 gri 0 57434.14453125 0.15635596215724945 -0.18000631034374237 0.19649863243103027 0.027141604572534561 0.022068461403250694 17.8238525390625 0.028050674125552177 0.0013318610144779086 3.4409462386975065e-05 0.0012703941902145743 -2.9727918899880024e-06 -6.6129985043517081e-07 25 27.736696243286133 0.32011616230010986 0.10856075584888458
SN: PS16axi 150 1 VOID 3 0 162.02968200000001 0.16350799999999999 0.039298001676797867 1.1000000085914508e-05 0.040564998984336853 1.1000000085914508e-05 0.04088890552520752 0.0008677857113070786 -93.279998779296875 250 0 0 0.03383110836148262 1 1 0 -9 -9 -9 -9 -999 -999 -9 -9 -9 10.527999877929688 0.15800000727176666 -9999 -9999 0.44999998807907104 1.1840000152587891 -10.078000068664551 1.194495677947998 1.2309999465942383 -999 999 999 999 999 999 999 999 999 -999 -999 -999 -999 99 99 99 99 57463.35546875 61.771965026855469 48.103450775146484 43.088565826416016 189.40910339355469 gri 0 57461.27734375 0.015418825671076775 -0.67547392845153809 0.19149971008300781 -0.014407279901206493 0.024592006579041481 16.911045074462891 0.033341135829687119 0.0030873236246407032 9.4806520792189986e-05 0.00097442069090902805 -4.993746642867336e-06 -1.7747245237842435e-06 18 18.194046020507812 0.4429398775100708 0.23022259771823883
SN: PS16ayd 150 1 VOID 3 0 216.826402 -1.675306 0.05399399995803833 1.1000000085914508e-05 0.054848000407218933 1.1000000085914508e-05 0.054687023162841797 0.00087969517335295677 45.729999542236328 250 0 0 0.04172312468290329 1 1 0 -9 -9 -9 -9 -999 -999 -9 -9 -9 10.815999984741211 0.22800000011920929 -9999 -9999 0.44999998807907104 10.449999809265137 -10.366000175476074 10.452486991882324 1.2000000476837158 -999 999 999 999 999 999 999 999 999 -999 -999 -999 -999 99 99 99 99 57458.55859375 59.718345642089844 46.251419067382812 37.64642333984375 215.27073669433594 gri 0 57461.1953125 0.42367970943450928 1.0032985210418701 0.22192326188087463 -0.12899579107761383 0.022151626646518707 17.154924392700195 0.028672857210040092 0.0024662129580974579 6.5129424910992384e-05 0.0012038152199238539 -4.7355179049191065e-06 -1.1939849855480134e-06 22 19.844753265380859 0.59275025129318237 0.54473227262496948
SN: PS16bby 150 1 VOID 3 0 215.07515900000001 -22.189015999999999 0.053424999117851257 8.2999998994637281e-05 0.054297998547554016 8.2999998994637281e-05 0.054681062698364258 0.00088307703845202923 -108.87999725341797 250 0 0 0.099241331219673157 1 1 0 -9 -9 -9 -9 -999 -999 -9 -9 -9 10.564000129699707 0.082999996840953827 -9999 -9999 0.94099998474121094 0.81800001859664917 -9.6230001449584961 0.82220011949539185 1.031000018119812 -999 999 999 999 999 999 999 999 999 -999 -999 -999 -999 99 99 99 99 57466.6015625 37.804241180419922 32.861473083496094 30.475521087646484 109.16957855224609 gri 0 57467.35546875 0.278270423412323 -1.1599090099334717 0.27401602268218994 0.0066624809987843037 0.028699731454253197 17.671695709228516 0.040544670075178146 0.0015322210965678096 5.7217766880057752e-05 0.0029126240406185389 -7.1774034040572587e-06 -1.3695873803953873e-06 15 10.894062995910645 0.76006728410720825 0.3872736394405365
SN: PS16bnz 150 1 VOID 3 0 155.15375 -2.4667500000000002 0.062700003385543823 0.00021300000662449747 0.063975997269153595 0.00021300000662449747 0.064456701278686523 0.00091244757641106844 -135.3800048828125 250 0 0 0.037938829511404037 1 1 0 -9 -9 -9 -9 -999 -999 -9 -9 -9 9.4119997024536133 0.33700001239776611 -9999 -9999 -10 0 -19.41200065612793 0.33700001239776611 1.4459999799728394 -999 999 999 999 999 999 999 999 999 -999 -999 -999 -999 99 99 99 99 57488.2890625 42.838836669921875 40.658653259277344 35.656131744384766 130.9422607421875 gri 0 57487.65625 0.2511446475982666 -1.0642564296722412 0.23778036236763 -0.10651633143424988 0.027724290266633034 17.68634033203125 0.034230835735797882 0.0015116934664547443 4.7660316340625286e-05 0.0017697621369734406 -4.6117752390273381e-06 -1.0822761851159157e-06 17 12.86759090423584 0.74500387907028198 0.50190907716751099
SN: PS16cqa 150 1 VOID 3 0 234.779179 9.2946220000000004 0.043855000287294388 1.2999999853491317e-05 0.044325999915599823 1.2999999853491317e-05 0.04520714282989502 0.00087094918126240373 -252.75999450683594 250 0 0 0.033960182219743729 1 1 0 -9 -9 -9 -9 -999 -999 -9 -9 -9 10.704999923706055 0.13899999856948853 -9999 -9999 0.40900000929832458 10.409000396728516 -10.295999526977539 10.409928321838379 1.593000054359436 -999 999 999 999 999 999 999 999 999 -999 -999 -999 -999 99 99 99 99 57547.2890625 33.603317260742188 28.938224792480469 22.334613800048828 74.848716735839844 gri 0 57545.3515625 0.6764521598815918 -2.8207447528839111 0.40437912940979004 0.18084532022476196 0.042985115200281143 18.24284553527832 0.068883061408996582 0.00090544408885762095 5.7444674894213676e-05 0.0031583185773342848 -1.2521509233920369e-06 -1.9886126665369375e-06 14 31.984468460083008 0.0040264581330120564 1.1168956756591797
SN: PS16cvc 150 1 VOID 3 0 318.09726799999999 14.779329000000001 0.029538000002503395 9.0000001364387572e-05 0.028442999348044395 9.0000001364387572e-05 0.029151082038879395 0.00086231704335659742 -206.27000427246094 250 0 0 0.082375548779964447 1 1 0 -9 -9 -9 -9 -999 -999 -9 -9 -9 8.949000358581543 0.13899999856948853 -9999 -9999 0.12099999934434891 0.47999998927116394 -8.8280000686645508 0.49972093105316162 0.50599998235702515 -999 999 999 999 999 999 999 999 999 -999 -999 -999 -999 99 99 99 99 57566.4609375 61.372970581054688 58.227886199951172 56.208522796630859 296.805419921875 gri 0 57564.6015625 0.29315030574798584 1.1970841884613037 0.13266155123710632 -0.092526055872440338 0.019246090203523636 16.046440124511719 0.031095949932932854 0.0068458011373877525 0.00019606668502092361 -0.00018281016673427075 -1.973091912077507e-06 -2.8442129860195564e-06 32 45.142242431640625 0.061667267233133316 0.50432765483856201
SN: PS16dnp 150 1 VOID 3 0 344.91459800000001 2.1498089999999999 0.05127200111746788 3.0999999580672011e-05 0.04998299852013588 3.0999999580672011e-05 0.050231695175170898 0.00087611813796684146 -70.970001220703125 250 0 0 0.079046495258808136 1 1 0 -9 -9 -9 -9 -999 -999 -9 -9 -9 8.2329998016357422 0.87400001287460327 -9999 -9999 -1.6449999809265137 2.9010000228881836 -9.8780002593994141 3.0297982692718506 0.47099998593330383 -999 999 999 999 999 999 999 999 999 -999 -999 -999 -999 99 99 99 99 57597.5390625 56.982719421386719 45.959239959716797 38.153434753417969 209.322998046875 gri 0 57598.41015625 0.34919536113739014 1.0402094125747681 0.28568840026855469 -0.061624277383089066 0.022063322365283966 17.299459457397461 0.031229421496391296 0.0021588173694908619 6.2094841268844903e-05 0.001565696089528501 -3.7714485188189428e-06 -1.1173083294124808e-06 19 24.965137481689453 0.16169297695159912 0.40301513671875
SN: PS16el 150 1 VOID 3 0 162.80224100000001 19.362542999999999 0.047805000096559525 9.9999997473787516e-06 0.048960000276565552 9.9999997473787516e-06 0.049402236938476562 0.00087477359920740128 -126.33000183105469 250 0 0 0.033365875482559204 1 1 0 -9 -9 -9 -9 -999 -999 -9 -9 -9 10.210000038146973 0.13300000131130219 -9999 -9999 0.27500000596046448 0.98400002717971802 -9.9350004196166992 0.99294763803482056 1.0399999618530273 -999 999 999 999 999 999 999 999 999 -999 -999 -999 -999 99 99 99 99 57397.52734375 57.367191314697266 47.019332885742188 38.484992980957031 170.31256103515625 gri 0 57395.12109375 0.2247159481048584 -0.99282294511795044 0.18055041134357452 -0.032872561365365982 0.024552475661039352 17.340763092041016 0.03082621842622757 0.0020782351493835449 5.900524411117658e-05 6.042589302523993e-05 -1.9494559637678321e-06 -1.2520295058493502e-06 17 15.289835929870605 0.57461374998092651 0.34860962629318237
SN: PS16em 150 1 VOID 3 0 163.89164299999999 -3.3662719999999999 0.069815002381801605 0.00017299999308306724 0.071130000054836273 0.00017299999308306724 0.07082676887512207 0.00090980331879109144 84.910003662109375 250 0 0 0.036695290356874466 1 1 0 -9 -9 -9 -9 -999 -999 -9 -9 -9 10.39900016784668 0.14800000190734863 -9999 -9999 0.289000004529953 9.2690000534057617 -10.109999656677246 9.2701816558837891 1.0779999494552612 -999 999 999 999 999 999 999 999 999 -999 -999 -999 -999 99 99 99 99 57390.57421875 45.259689331054688 19.826507568359375 13.397801399230957 113.19184112548828 gri 0 57386.90625 0.88349407911300659 -0.97772467136383057 0.19425615668296814 0.16588859260082245 0.053090557456016541 18.764009475708008 0.087374202907085419 0.00056026823585852981 4.50873703812249e-05 -0.0023041435051709414 2.9054392598482082e-06 -2.4387913981627207e-06 31 27.579328536987305 0.64278930425643921 0.64185905456542969
SN: PS16evk 150 1 VOID 3 0 338.34443199999998 -1.3570340000000001 0.054467998445034027 1.4000000192027073e-05 0.053199999034404755 1.4000000192027073e-05 0.052620291709899902 0.00087836373131722212 165.11000061035156 250 0 0 0.061359599232673645 1 1 0 -9 -9 -9 -9 -999 -999 -9 -9 -9 10.138999938964844 0.11999999731779099 -9999 -9999 -0.24099999666213989 9.7589998245239258 -10.380000114440918 9.7597379684448242 1.378000020980835 -999 999 999 999 999 999 999 999 999 -999 -999 -999 -999 99 99 99 99 57697.23828125 48.833316802978516 38.537952423095703 37.662864685058594 121.41433715820312 gri 0 57695.296875 0.61622345447540283 1.3580350875854492 0.29750216007232666 -0.0093619190156459808 0.025724884122610092 17.417301177978516 0.039302516728639603 0.001936777145601809 7.0109308580867946e-05 0.0017286848742514849 -4.6515383473888505e-06 -1.3138368331055972e-06 10 11.089006423950195 0.35062578320503235 0.45375269651412964
SN: PS16fa 150 1 VOID 3 0 154.81928199999999 4.7617070000000004 0.046110000461339951 9.9999997473787516e-06 0.047341998666524887 9.9999997473787516e-06 0.047600865364074707 0.00087342440383508801 -74.089996337890625 250 0 0 0.021818092092871666 1 1 0 -9 -9 -9 -9 -999 -999 -9 -9 -9 10.60200023651123 0.10700000077486038 -9999 -9999 0.71700000762939453 0.45399999618530273 -9.8850002288818359 0.46643862128257751 0.90299999713897705 -999 999 999 999 999 999 999 999 999 -999 -999 -999 -999 99 99 99 99 57400.53125 51.130081176757812 46.476894378662109 39.434341430664062 197.59454345703125 gri 0 57400.47265625 0.26096475124359131 -0.60580360889434814 0.12080667912960052 0.019525762647390366 0.018313491716980934 17.440900802612305 0.021749133244156837 0.0018951338715851307 3.7962738133501261e-05 -0.00013563220272772014 -5.569148697759374e-08 -5.5409805099770892e-07 25 15.580855369567871 0.92674028873443604 0.21216438710689545
SN: PS16fbb 150 1 VOID 3 0 1.763091 -20.696811 0.052499998360872269 9.9999997473787516e-05 0.051385998725891113 9.9999997473787516e-05 0.051064372062683105 0.00088242394849658012 91.739997863769531 250 0 0 0.017623374238610268 1 1 0 -9 -9 -9 -9 -999 -999 -9 -9 -9 9.1780004501342773 0.15800000727176666 -9999 -9999 -0.91600000858306885 0.59500002861022949 -10.093999862670898 0.61562085151672363 0.53100001811981201 -999 999 999 999 999 999 999 999 999 -999 -999 -999 -999 99 99 99 99 57721.23828125 47.686416625976562 46.573200225830078 39.347942352294922 127.92807006835938 gri 0 57719.59375 0.19784346222877502 0.43973457813262939 0.21757033467292786 -0.049639817327260971 0.024582631886005402 17.286275863647461 0.030573680996894836 0.002185191260650754 6.1533675761893392e-05 0.00082876387750729918 -4.7851449380686972e-06 -1.2088155472156359e-06 21 29.508031845092773 0.10232899338006973 0.22105243802070618
SN: PS16n 150 1 VOID 3 0 75.933267999999998 3.4125100000000002 0.052730999886989594 2.2000000171829015e-05 0.052675999701023102 2.2000000171829015e-05 0.053094387054443359 0.00087809085380285978 -119.12999725341797 250 0 0 0.065889380872249603 1 1 0 -9 -9 -9 -9 -999 -999 -9 -9 -9 10.168000221252441 0.039999999105930328 -9999 -9999 0.079000003635883331 4.5149998664855957 -10.08899974822998 4.5151772499084473 1.2560000419616699 -999 999 999 999 999 999 999 999 999 -999 -999 -999 -999 99 99 99 99 57399.328125 56.385967254638672 39.1800537109375 30.564815521240234 167.24072265625 gri 0 57392.5859375 0.24169644713401794 0.0039991773664951324 0.17683573067188263 -0.052191607654094696 0.025896579027175903 17.428308486938477 0.036692477762699127 0.0019172412576153874 6.4793210185598582e-05 0.00085713044973090291 -3.3367523428751156e-06 -1.4989004739618395e-06 25 34.129081726074219 0.10517743229866028 0.17397713661193848
SN: PS17akj 150 1 VOID 3 0 207.454779 -3.0800200000000002 0.046805001795291901 6.0000002122251317e-06 0.047802001237869263 6.0000002122251317e-06 0.047771811485290527 0.00087377137970179319 8.6099996566772461 250 0 0 0.0442696213722229 1 1 0 -9 -9 -9 -9 -999 -999 -9 -9 -9 9.1059999465942383 0.21899999678134918 -9999 -9999 -0.27399998903274536 0.67299997806549072 -9.380000114440918 0.70773583650588989 0.31700000166893005 -999 999 999 999 999 999 999 999 999 -999 -999 -999 -999 99 99 99 99 57793.609375 77.692947387695312 53.271598815917969 44.585918426513672 160.71392822265625 gri 0 57798.84375 0.020241336897015572 1.352643609046936 0.20706091821193695 -0.039713449776172638 0.022402331233024597 16.991710662841797 0.029134385287761688 0.0028662625700235367 7.6912605436518788e-05 -0.0001712923840386793 -5.1994284149259329e-06 -1.2898937029603985e-06 10 17.020570755004883 0.073910042643547058 0.46991258859634399
SN: PS17bii 150 1 VOID 3 0 171.40939399999999 7.3336030000000001 0.073389999568462372 1.7000000298139639e-05 0.074671998620033264 1.7000000298139639e-05 0.074462890625 0.00089631864102557302 58.340000152587891 250 0 0 0.066196545958518982 1 1 0 -9 -9 -9 -9 -999 -999 -9 -9 -9 10.571999549865723 0.097000002861022949 -9999 -9999 1.0349999666213989 4.7389998435974121 -9.5369997024536133 4.739992618560791 1.0700000524520874 -999 999 999 999 999 999 999 999 999 -999 -999 -999 -999 99 99 99 99 57808.43359375 32.131023406982422 29.436775207519531 24.305116653442383 82.440948486328125 gri 0 57812.2109375 0.35043665766716003 -0.87202626466751099 0.25894123315811157 -0.016981670632958412 0.036580532789230347 18.141820907592773 0.048653692007064819 0.00099373748525977135 4.4531072489917278e-05 0.00095981056801974773 -3.2971336167975096e-06 -1.3463968571159057e-06 15 18.341651916503906 0.24513007700443268 0.29613578319549561
SN: PS17tn 150 1 VOID 3 0 145.80680899999999 41.317323999999999 0.044704001396894455 1.1000000085914508e-05 0.045492000877857208 1.1000000085914508e-05 0.045899033546447754 0.00087189394980669022 -116.66000366210938 250 0 0 0.014502535574138165 1 1 0 -9 -9 -9 -9 -999 -999 -9 -9 -9 10.310999870300293 0.086000002920627594 -9999 -9999 -2.1559998989105225 7.8439998626708984 -12.467000007629395 7.8444714546203613 1.5479999780654907 -999 999 999 999 999 999 999 999 999 -999 -999 -999 -999 99 99 99 99 57787.453125 54.460884094238281 51.926864624023438 49.447071075439453 253.56085205078125 gri 0 57785.8671875 0.11440476775169373 -0.41700920462608337 0.12203744053840637 0.075613558292388916 0.020331775769591331 17.355663299560547 0.025862200185656548 0.0020499089732766151 4.8828762373887002e-05 0.00034843050525523722 -1.7436265125070349e-06 -8.1948650176855153e-07 34 30.638925552368164 0.63315224647521973 0.28783437609672546
SN: PS17yt 150 1 VOID 3 0 150.991466 49.041248000000003 0.069762997329235077 2.0999999833293259e-05 0.070464000105857849 2.0999999833293259e-05 0.070726275444030762 0.00089289539027959108 -73.430000305175781 250 0 0 0.009180508553981781 1 1 0 -9 -9 -9 -9 -999 -999 -9 -9 -9 10.173999786376953 0.13899999856948853 -9999 -9999 0.33799999952316284 7.4180002212524414 -9.8360004425048828 7.4193019866943359 0.97399997711181641 -999 999 999 999 999 999 999 999 999 -999 -999 -999 -999 99 99 99 99 57784.51953125 45.5135498046875 39.312946319580078 39.209972381591797 208.24513244628906 gri 0 57786.7734375 0.16958606243133545 0.034931577742099762 0.20380197465419769 -0.1208655834197998 0.023974120616912842 17.792020797729492 0.032598596066236496 0.001371487625874579 4.1178114770445973e-05 0.00088838202646002173 -3.6433004879654618e-06 -7.983933301147772e-07 44 30.325113296508789 0.94187968969345093 0.40305349230766296
SN: PSNJ0153424 150 1 VOID 3 0 28.426722999999999 29.936284000000001 0.025646999478340149 7.0000000960135367e-06 0.024744000285863876 7.0000000960135367e-06 0.02555692195892334 0.00085455173393711448 -237.6199951171875 250 0 0 0.04658031091094017 1 1 0 -9 -9 -9 -9 -999 -999 -9 -9 -9 10.652000427246094 0.1379999965429306 -9999 -9999 0.57400000095367432 0.58099997043609619 -10.078000068664551 0.59716415405273438 1.0199999809265137 -999 999 999 999 999 999 999 999 999 -999 -999 -999 -999 99 99 99 99 57397.22265625 60.46978759765625 58.467201232910156 57.239421844482422 249.50526428222656 gri 0 57393.62890625 0.12979581952095032 -0.39715838432312012 0.10357213020324707 0.10806117951869965 0.019532682374119759 16.231964111328125 0.025534063577651978 0.0057705119252204895 0.00013570941518992186 0.00034482486080378294 -4.5394890548777767e-06 -2.1935441054665716e-06 21 17.081632614135742 0.70614594221115112 0.38376158475875854
SN: PSNJ0859349 150 1 VOID 3 0 134.89542800000001 45.925856000000003 0.028119999915361404 1.4000000192027073e-05 0.02874399907886982 1.4000000192027073e-05 0.029381632804870605 0.00085797271458432078 -185.72000122070312 250 0 0 0.020849075168371201 1 1 0 -9 -9 -9 -9 -999 -999 -9 -9 -9 10.347999572753906 0.081000000238418579 -9999 -9999 0.67000001668930054 0.3529999852180481 -9.6780004501342773 0.36217400431632996 0.75900000333786011 -999 999 999 999 999 999 999 999 999 -999 -999 -999 -999 99 99 99 99 57103.23828125 64.897422790527344 64.461273193359375 63.301540374755859 307.2938232421875 gri 0 57099.09375 0.260914146900177 -0.77470481395721436 0.13953174650669098 0.09442543238401413 0.019509118050336838 16.532978057861328 0.025033600628376007 0.0043732961639761925 0.00010083420784212649 0.00057575537357479334 -2.2788487967773108e-06 -1.5370973187600612e-06 28 23.469963073730469 0.70917767286300659 0.40712866187095642
SN: PSNJ1204051 150 1 VOID 3 0 181.021298 14.068113 0.043848998844623566 1.4000000192027073e-05 0.045019999146461487 1.4000000192027073e-05 0.045450448989868164 0.0008715433650650084 -123.44000244140625 250 0 0 0.027014799416065216 1 1 0 -9 -9 -9 -9 -999 -999 -9 -9 -9 10.35099983215332 0.092000000178813934 -9999 -9999 0.56599998474121094 0.47999998927116394 -9.7849998474121094 0.48873713612556458 0.73000001907348633 -999 999 999 999 999 999 999 999 999 -999 -999 -999 -999 99 99 99 99 57167.45703125 51.041988372802734 47.013347625732422 38.490104675292969 162.06820678710938 gri 0 57170.3125 0.46500828862190247 1.415419340133667 0.24344244599342346 0.024476656690239906 0.021281696856021881 17.082677841186523 0.02685956284403801 0.0026359001640230417 6.5208405430894345e-05 0.00075857952469959855 -2.8566089440573705e-06 -1.0186970484937774e-06 14 20.807418823242188 0.10667040199041367 0.47880899906158447
SN: PSNJ2352371 150 1 VOID 3 0 358.15476000000001 14.552489 0.026481999084353447 7.9999999798019417e-06 0.025248000398278236 7.9999999798019417e-06 0.025960564613342285 0.00085498072439804673 -208.22000122070312 250 0 0 0.035506114363670349 1 1 0 -9 -9 -9 -9 -999 -999 -9 -9 -9 10.706999778747559 0.027000000700354576 -9999 -9999 -0.44999998807907104 9.5500001907348633 -11.156999588012695 9.5500383377075195 1.6519999504089355 -999 999 999 999 999 999 999 999 999 -999 -999 -999 -999 99 99 99 99 57284.5078125 57.660209655761719 56.123897552490234 53.660419464111328 194.00169372558594 gri 0 57284.64453125 0.41569316387176514 -2.1185877323150635 0.18514081835746765 0.02019154280424118 0.025582380592823029 16.445432662963867 0.032603863626718521 0.0047405343502759933 0.00014235478010959923 0.0005607125349342823 -2.6631166747392854e-06 -2.8132685656601097e-06 17 32.463985443115234 0.013169209472835064 0.70939594507217407
SN: PTSS17-niq 150 1 VOID 3 0 215.06940800000001 15.341661 0.068277999758720398 1.4000000192027073e-05 0.069095000624656677 1.4000000192027073e-05 0.068968653678894043 0.00089161674259230494 35.459999084472656 250 0 0 0.020455952733755112 1 1 0 -9 -9 -9 -9 -999 -999 -9 -9 -9 10.975000381469727 0.37700000405311584 -9999 -9999 -10 0 -20.975000381469727 0.37700000405311584 1.5509999990463257 -999 999 999 999 999 999 999 999 999 -999 -999 -999 -999 99 99 99 99 57843.46875 41.325851440429688 37.392711639404297 34.216880798339844 126.54110717773438 gri 0 57842.73046875 0.3116946816444397 -0.70014560222625732 0.18920144438743591 -0.033160392194986343 0.027925159782171249 17.996103286743164 0.036807071417570114 0.0011364724487066269 3.8527057768078521e-05 0.00091950147179886699 -1.7207593145940336e-06 -9.3975449999561533e-07 19 19.404836654663086 0.43115603923797607 0.2582344114780426
SN: SN2016aqb 150 1 VOID 3 0 170.49332999999999 -13.98367 0.062893003225326538 3.9999998989515007e-05 0.064194999635219574 3.9999998989515007e-05 0.063837647438049316 0.0008883217815309763 100.69999694824219 250 0 0 0.032336264848709106 1 1 0 -9 -9 -9 -9 -999 -999 -9 -9 -9 10.137999534606934 0.098999999463558197 -9999 -9999 0.32800000905990601 2.2620000839233398 -9.8100004196166992 2.2641654014587402 0.63999998569488525 -999 999 999 999 999 999 999 999 999 -999 -999 -999 -999 99 99 99 99 57449.46484375 58.635372161865234 44.075695037841797 36.119586944580078 201.29783630371094 gri 0 57450.63671875 0.30691564083099365 0.80414563417434692 0.25714954733848572 -0.095297209918498993 0.02276885136961937 17.417470932006836 0.028578391298651695 0.0019364721374586225 5.0971182645298541e-05 0.0014790059067308903 -5.1296728997840546e-06 -9.6575945462973323e-07 23 9.0950222015380859 0.99562680721282959 0.41563954949378967
SN: SN2016ayg 150 1 VOID 3 0 112.572436 25.032055 0.042690999805927277 0.00011999999696854502 0.043283000588417053 0.00011999999696854502 0.043493747711181641 0.00087821949273347855 -60.560001373291016 250 0 0 0.042016137391328812 1 1 0 -9 -9 -9 -9 -999 -999 -9 -9 -9 8.3929996490478516 0.086999997496604919 -9999 -9999 -4.0729999542236328 2.4769999980926514 -12.465999603271484 2.478527307510376 0.92100000381469727 -999 999 999 999 999 999 999 999 999 -999 -999 -999 -999 99 99 99 99 57471.30859375 61.832412719726562 48.041305541992188 43.546768188476562 161.68002319335938 gri 0 57467.671875 0.17490077018737793 0.0024103412870317698 0.18930453062057495 -0.10585078597068787 0.022156745195388794 16.926536560058594 0.029137225821614265 0.0030435868538916111 8.1678845162969083e-05 0.0010458023753017187 -7.3472656367812306e-06 -1.4318704870674992e-06 13 21.402011871337891 0.065348461270332336 0.35283687710762024
SN: SN2016esh 150 1 VOID 3 0 241.05977799999999 16.690242000000001 0.044569998979568481 2.5999999706982635e-05 0.044881001114845276 2.5999999706982635e-05 0.045833945274353027 0.0008717028540559113 -273.17001342773438 250 0 0 0.030649259686470032 1 1 0 -9 -9 -9 -9 -999 -999 -9 -9 -9 9.8660001754760742 0.14000000059604645 -9999 -9999 -9.0869998931884766 0.91299998760223389 -18.952999114990234 0.92367148399353027 1.3639999628067017 -999 999 999 999 999 999 999 999 999 -999 -999 -999 -999 99 99 99 99 57609.2890625 61.491294860839844 53.828857421875 49.917911529541016 139.81898498535156 gri 0 57613.5 0.27333599328994751 -0.94474154710769653 0.24458880722522736 -0.13816046714782715 0.026999762281775475 16.833532333374023 0.034312579780817032 0.0033157891593873501 0.00010478906915523112 0.0013900413177907467 -1.2464849532989319e-05 -2.2026217720849672e-06 10 15.164020538330078 0.12619540095329285 0.55790954828262329
SN: SN2016glp 150 1 VOID 3 0 354.05831699999999 23.695969999999999 0.084928996860980988 0.00011999999696854502 0.083655998110771179 0.00011999999696854502 0.084097146987915039 0.00091158191207796335 -122 250 0 0 0.045635662972927094 1 1 0 -9 -9 -9 -9 -999 -999 -9 -9 -9 10.309000015258789 0.067000001668930054 -9999 -9999 0.96299999952316284 0.47499999403953552 -9.3459997177124023 0.47970199584960938 0.92299997806549072 -999 999 999 999 999 999 999 999 999 -999 -999 -999 -999 99 99 99 99 57661.47265625 32.641521453857422 27.580144882202148 18.839231491088867 111.36147308349609 gri 0 57658.58203125 0.20477479696273804 1.3345144987106323 0.30960127711296082 0.15274429321289062 0.036479242146015167 18.89393424987793 0.055310502648353577 0.00049707997823134065 2.5322673536720686e-05 0.0029909941367805004 -3.5298689908813685e-06 -8.3171954656791058e-07 30 53.898181915283203 0.0047190003097057343 0.67610079050064087
SN: SN2016glz 150 1 VOID 3 0 1.47323 8.4301879999999993 0.040993001312017441 7.0000001869630069e-05 0.039746001362800598 7.0000001869630069e-05 0.040767908096313477 0.00086985417874529958 -294.35000610351562 250 0 0 0.070457883179187775 1 1 0 -9 -9 -9 -9 -999 -999 -9 -9 -9 9.8070001602172852 0.18199999630451202 -9999 -9999 -0.078000001609325409 9.0880002975463867 -9.8850002288818359 9.0898218154907227 1.0080000162124634 -999 999 999 999 999 999 999 999 999 -999 -999 -999 -999 99 99 99 99 57668.43359375 67.893875122070312 56.741497039794922 54.954673767089844 198.41546630859375 gri 0 57664.5859375 0.4422324001789093 1.1230905055999756 0.20917424559593201 -0.023488344624638557 0.021960455924272537 16.605560302734375 0.030022770166397095 0.0040904916822910309 0.00011311024718452245 0.00099213514477014542 -3.0734104257135186e-06 -1.962603846550337e-06 17 12.623275756835938 0.7610173225402832 0.38246315717697144
SN: SN2016gmb 150 1 VOID 3 0 8.6860780000000002 -6.1588909999999997 0.058269999921321869 7.9999997979030013e-05 0.057082999497652054 7.9999997979030013e-05 0.058296322822570801 0.00088511285139247775 -343.70001220703125 250 0 0 0.029260354116559029 1 1 0 -9 -9 -9 -9 -999 -999 -9 -9 -9 9.3649997711181641 0.12600000202655792 -9999 -9999 -0.17200000584125519 3.8859999179840088 -9.5369997024536133 3.8880422115325928 0.75400000810623169 -999 999 999 999 999 999 999 999 999 -999 -999 -999 -999 99 99 99 99 57661.46484375 43.488563537597656 41.172439575195312 32.009738922119141 109.06968688964844 gri 0 57656.9140625 0.81498312950134277 1.2045447826385498 0.29869264364242554 -0.081127285957336426 0.033515378832817078 17.342226028442383 0.059343244880437851 0.0020754360593855381 0.00011343741789460182 0.00031233811751008034 -1.4423185348277912e-06 -3.1310944450524403e-06 11 5.1480989456176758 0.92378246784210205 0.4840904176235199
SN: SN2016grz 150 1 VOID 3 0 28.887354999999999 33.822918000000001 0.087480999529361725 0.00050000002374872565 0.086556002497673035 0.00050000002374872565 0.08703911304473877 0.0010348709765821695 -133.25999450683594 250 0 0 0.042588416486978531 1 1 0 -9 -9 -9 -9 -999 -999 -9 -9 -9 9.2700004577636719 0.14699999988079071 -9999 -9999 -2.7460000514984131 7.254000186920166 -12.015999794006348 7.2554893493652344 1.121999979019165 -999 999 999 999 999 999 999 999 999 -999 -999 -999 -999 99 99 99 99 57668.4375 32.185188293457031 26.490297317504883 24.797197341918945 73.516777038574219 griz 0 57669.515625 0.78713077306747437 1.6128627061843872 0.47586122155189514 0.041549917310476303 0.033995479345321655 18.628398895263672 0.045466996729373932 0.00063480465905740857 2.6583493308862671e-05 0.0060929581522941589 -4.2256992855982389e-06 -7.5996746318196529e-07 16 21.037412643432617 0.17707695066928864 0.55517423152923584
SN: SN2016hhv 150 1 VOID 3 0 353.95204999999999 20.70881 0.061939001083374023 0.00014000000373926014 0.060674998909235001 0.00014000000373926014 0.061212897300720215 0.00089549686526879668 -151.97000122070312 250 0 0 0.051069289445877075 1 1 0 -9 -9 -9 -9 -999 -999 -9 -9 -9 10.96399974822998 0.12099999934434891 -9999 -9999 1.2050000429153442 7.0339999198913574 -9.7589998245239258 7.0350408554077148 1.2400000095367432 -999 999 999 999 999 999 999 999 999 -999 -999 -999 -999 99 99 99 99 57696.2109375 39.273525238037109 38.363304138183594 28.296054840087891 79.807960510253906 gri 0 57692.8125 1.1702322959899902 -0.73334890604019165 0.43228882551193237 -0.14707861840724945 0.047239918261766434 17.667594909667969 0.078994274139404297 0.0015380190452560782 0.00011190075019840151 0.003552860114723444 -9.5597870313213207e-06 -2.6623838493833318e-06 8 6.937617301940918 0.64361435174942017 0.54782521724700928
SN: SN2016hpx 150 1 VOID 3 0 90.819379999999995 -26.898582999999999 0.033378001302480698 0.00046499999007210135 0.033698998391628265 0.00046499999007210135 0.032821059226989746 0.00097941444255411625 254.85000610351562 250 0 0 0.024510679766535759 1 1 0 -9 -9 -9 -9 -999 -999 -9 -9 -9 9.5909996032714844 0.046999998390674591 -9999 -9999 -0.15399999916553497 2.7300000190734863 -9.744999885559082 2.7304046154022217 0.61799997091293335 -999 999 999 999 999 999 999 999 999 -999 -999 -999 -999 99 99 99 99 57700.5390625 59.757205963134766 54.594406127929688 54.124214172363281 198.65708923339844 gri 0 57703.8828125 0.21002092957496643 0.77892392873764038 0.14348103106021881 -0.019983401522040367 0.024913381785154343 16.207504272460938 0.035712767392396927 0.0059019839391112328 0.0001941320369951427 0.0003212291921954602 -7.9280362115241587e-06 -2.2205922505236231e-06 14 15.034582138061523 0.37579479813575745 0.26804977655410767
SN: SN2016ixf 150 1 VOID 3 0 159.93568099999999 15.034696 0.066019997000694275 0.00011000000085914508 0.06722799688577652 0.00011000000085914508 0.067112922668457031 0.000896722252946347 32.319999694824219 250 0 0 0.029312791302800179 1 1 0 -9 -9 -9 -9 -999 -999 -9 -9 -9 8.5869998931884766 0.030999999493360519 -9999 -9999 -3.8789999485015869 1.2350000143051147 -12.465999603271484 1.2353889942169189 0.92199999094009399 -999 999 999 999 999 999 999 999 999 -999 -999 -999 -999 99 99 99 99 57744.54296875 41.955322265625 39.622440338134766 31.441261291503906 93.486038208007812 gri 0 57742.99609375 0.87018001079559326 0.70712065696716309 0.33461546897888184 -0.099671691656112671 0.032952666282653809 17.804271697998047 0.050638116896152496 0.0013560992665588856 6.3247694924939424e-05 -0.0014635107945650816 2.3282352685782826e-06 -1.6337810393451946e-06 11 19.803573608398438 0.048108372837305069 0.40735790133476257
SN: SN2017cii 150 1 VOID 3 0 248.33282800000001 23.731273000000002 0.03323499858379364 7.0000000960135367e-06 0.033365998417139053 7.0000000960135367e-06 0.032887816429138184 0.00086174113675951958 138.77000427246094 250 0 0 0.05798972025513649 1 1 0 -9 -9 -9 -9 -999 -999 -9 -9 -9 9.3210000991821289 0.17499999701976776 -9999 -9999 0.085000000894069672 2.0999999046325684 -9.2360000610351562 2.1072790622711182 0.61599999666213989 -999 999 999 999 999 999 999 999 999 -999 -999 -999 -999 99 99 99 99 57841.53125 56.889503479003906 55.226348876953125 47.789096832275391 180.47029113769531 gri 0 57837.41796875 0.60131287574768066 0.48901426792144775 0.16953624784946442 -0.0872301384806633 0.022486487403512001 16.287437438964844 0.040505025535821915 0.0054830843582749367 0.00020455472986213863 -0.00063172064255923033 9.7319598353351466e-06 -3.4317013160034548e-06 14 14.616206169128418 0.40488258004188538 0.33334076404571533
SN: SN2017cjv 150 1 VOID 3 0 152.69019900000001 -3.7775210000000001 0.05952800065279007 0.00014000000373926014 0.060789000242948532 0.00014000000373926014 0.060920953750610352 0.00089559075422585011 -37.279998779296875 250 0 0 0.025970004498958588 1 1 0 -9 -9 -9 -9 -999 -999 -9 -9 -9 10.715999603271484 0.18700000643730164 -9999 -9999 -0.32499998807907104 9.6750001907348633 -11.041000366210938 9.6768074035644531 1.4529999494552612 -999 999 999 999 999 999 999 999 999 -999 -999 -999 -999 99 99 99 99 57839.3984375 40.260948181152344 39.381252288818359 29.92439079284668 103.61673736572266 gri 0 57839.9765625 0.73382800817489624 -1.1494555473327637 0.24322085082530975 -0.12447676807641983 0.029608309268951416 17.669736862182617 0.040105618536472321 0.0015349894529208541 5.6700424465816468e-05 -0.0016113725723698735 2.4302487418026431e-06 -1.3483380598700023e-06 23 30.793613433837891 0.12794846296310425 0.56477081775665283
SN: SN2017ckx 150 1 VOID 3 0 117.045391 28.230710999999999 0.027160000056028366 4.9999998736893758e-06 0.027786999940872192 4.9999998736893758e-06 0.028575301170349121 0.0008570750942453742 -229.77000427246094 250 0 0 0.029411351308226585 1 1 0 -9 -9 -9 -9 -999 -999 -9 -9 -9 10.326999664306641 0.057000000029802322 -9999 -9999 0.56800001859664917 0.52700001001358032 -9.7589998245239258 0.53007358312606812 1.1360000371932983 -999 999 999 999 999 999 999 999 999 -999 -999 -999 -999 99 99 99 99 57843.296875 56.869522094726562 56.559371948242188 50.488361358642578 163.40940856933594 gri 0 57846.99609375 0.42488804459571838 1.4882079362869263 0.236674964427948 0.015480545349419117 0.025774214416742325 16.027959823608398 0.034759372472763062 0.0069633200764656067 0.00022292765788733959 0.00090055377222597599 -1.9996825358248316e-05 -4.6472473513858858e-06 8 7.3154773712158203 0.50300878286361694 0.49874594807624817
SN: SN2017coa 150 1 VOID 3 0 132.480332 56.099044999999997 0.039999999105930328 0.0030000000260770321 0.040449999272823334 0.0030000000260770321 0.040948390960693359 0.0031229415908455849 -143.55999755859375 250 0 0 0.055685475468635559 1 1 0 -9 -9 -9 -9 -999 -999 -9 -9 -9 9.3439998626708984 0.057999998331069946 -9999 -9999 -9.505000114440918 0.49500000476837158 -18.849000930786133 0.49838638305664062 2.2880001068115234 -999 999 999 999 999 999 999 999 999 -999 -999 -999 -999 99 99 99 99 57846.3515625 47.873142242431641 45.289081573486328 38.680522918701172 130.86886596679688 gri 0 57848.92578125 0.48553943634033203 0.96964991092681885 0.2633804976940155 -0.0076846652664244175 0.026531010866165161 16.988534927368164 0.036873344331979752 0.0028746570460498333 9.7627969807945192e-05 0.0011768924305215478 -6.3077536651690025e-06 -2.104494342347607e-06 10 8.6172704696655273 0.56876957416534424 0.32423010468482971
SN: SN2017cpu 150 1 VOID 3 0 211.968898 9.6420340000000007 0.054402001202106476 9.9999997473787516e-06 0.055291999131441116 9.9999997473787516e-06 0.055016398429870605 0.00088005344150587916 78.290000915527344 250 0 0 0.023768944665789604 1 1 0 -9 -9 -9 -9 -999 -999 -9 -9 -9 11.031000137329102 0.19699999690055847 -9999 -9999 -10 0 -21.031000137329102 0.19699999690055847 2.1670000553131104 -999 999 999 999 999 999 999 999 999 -999 -999 -999 -999 99 99 99 99 57847.49609375 48.847560882568359 48.286983489990234 41.839462280273438 146.3665771484375 gri 0 57847.73828125 0.48877823352813721 0.87719267606735229 0.25760281085968018 -0.066732220351696014 0.023644452914595604 17.100040435791016 0.031089164316654205 0.0025940805207937956 7.4279363616369665e-05 0.0011134393280372024 -6.0083216339990031e-06 -1.4149895832815673e-06 14 14.96501350402832 0.38055050373077393 0.36739107966423035
SN: SN2017hn 150 1 VOID 3 0 196.91421500000001 6.3376020000000004 0.023848999291658401 7.9999999798019417e-06 0.024923000484704971 7.9999999798019417e-06 0.02557063102722168 0.00085470965132117271 -189.32000732421875 250 0 0 0.028397761285305023 1 1 0 -9 -9 -9 -9 -999 -999 -9 -9 -9 10.576000213623047 0.097000002861022949 -9999 -9999 0.5559999942779541 1.4320000410079956 -10.020000457763672 1.43528151512146 1.2289999723434448 -999 999 999 999 999 999 999 999 999 -999 -999 -999 -999 99 99 99 99 57766.64453125 91.294235229492188 61.039211273193359 59.342830657958984 206.02531433105469 gri 0 57768.20703125 0.41075599193572998 0.78742378950119019 0.20486542582511902 -0.009299498051404953 0.02345927432179451 15.652904510498047 0.030898662284016609 0.009836442768573761 0.00027993257390335202 0.00053769280202686787 -8.8122624219977297e-06 -5.2024611250089947e-06 8 3.8974471092224121 0.86625552177429199 0.2642987072467804
SN: SN2017mf 150 1 VOID 3 0 214.12941799999999 39.586353000000003 0.025608999654650688 9.0000003183376975e-06 0.02618199959397316 9.0000003183376975e-06 0.025980114936828613 0.00085576949641108513 59.009998321533203 250 0 0 0.009421737864613533 1 1 0 -9 -9 -9 -9 -999 -999 -9 -9 -9 10.569000244140625 0.075000002980232239 -9999 -9999 0.91699999570846558 0.53600001335144043 -9.6520004272460938 0.5412217378616333 0.84200000762939453 -999 999 999 999 999 999 999 999 999 -999 -999 -999 -999 99 99 99 99 57777.66015625 60.392120361328125 59.395332336425781 53.709514617919922 193.24404907226562 gri 0 57779.0625 0.45476269721984863 0.059676896780729294 0.20750072598457336 0.021737737581133842 0.021556397899985313 16.036872863769531 0.028172053396701813 0.0069063859991729259 0.00017920290702022612 0.0010457398602738976 -1.6436487157989177e-06 -2.701140829231008e-06 9 6.0995612144470215 0.72991389036178589 0.075140058994293213
SN: SN2017ms 150 1 VOID 3 0 156.67644000000001 36.680529 0.02448200061917305 9.0000003183376975e-06 0.025377999991178513 9.0000003183376975e-06 0.025912284851074219 0.00085509906057268381 -156.1199951171875 250 0 0 0.0085496315732598305 1 1 0 -9 -9 -9 -9 -999 -999 -9 -9 -9 9.0830001831054688 0.11400000005960464 -9999 -9999 -0.92000001668930054 3.3810000419616699 -10.003000259399414 3.3829214572906494 0.78700000047683716 -999 999 999 999 999 999 999 999 999 -999 -999 -999 -999 99 99 99 99 57782.4375 62.942672729492188 62.620338439941406 58.113689422607422 185.20858764648438 gri 0 57782.34765625 0.48421359062194824 0.80933785438537598 0.26951706409454346 -0.11440259963274002 0.023611605167388916 15.549032211303711 0.027072086930274963 0.010823983699083328 0.00026988860918208957 0.00082139152800664306 -1.7850094081950374e-05 -5.0053613449563272e-06 8 16.845640182495117 0.031757157295942307 0.46712160110473633
