# VERSION_PHOTOMETRY:  DES-SN5YR_DES 
# SNANA_VERSION: 886408a4-output17g 
# PROGRAM:       snlc_fit.exe 
# TABLE_NAME:    FITRES 
# 
VARNAMES:  CID IDSURVEY TYPE FIELD CUTFLAG_SNANA ERRFLAG_FIT RA DEC zHEL zHELERR zCMB zCMBERR zHD zHDERR VPEC VPECERR LENSDMU LENSDMUERR MWEBV HOST_NMATCH HOST_NMATCH2 HOST_OBJID HOST_ZPHOT HOST_ZPHOTERR HOST_ZSPEC HOST_ZSPECERR HOST_RA HOST_DEC HOST_ANGSEP HOST_DDLR HOST_CONFUSION HOST_LOGMASS HOST_LOGMASS_ERR HOST_LOGMASS_ZPHOT HOST_LOGMASS_ZPHOTERR HOST_LOGSFR HOST_LOGSFR_ERR HOST_LOGsSFR HOST_LOGsSFR_ERR HOST_COLOR HOST_COLOR_ERR HOST_MAG_g HOST_MAG_r HOST_MAG_i HOST_MAG_z HOST_MAGERR_g HOST_MAGERR_r HOST_MAGERR_i HOST_MAGERR_z HOST_SBFLUXCAL_g HOST_SBFLUXCAL_r HOST_SBFLUXCAL_i HOST_SBFLUXCAL_z HOST_SBMAG_g HOST_SBMAG_r HOST_SBMAG_i HOST_SBMAG_z PKMJDINI SNRMAX1 SNRMAX2 SNRMAX3 SNRSUM BANDLIST OPT_PHOTOZ PKMJD PKMJDERR x1 x1ERR c cERR mB mBERR x0 x0ERR COV_x1_c COV_x1_x0 COV_c_x0 NDOF FITCHI2 FITPROB RADIUS_POP 
#
SN: 1643312 10 0 C2 3 0 55.241985 -28.717827 0.340829998254776 0.0010000000474974513 0.34036800265312195 0.0010000000474974513 0.34036803245544434 0.0016730165807530284 0 300 0 0 0.01010080985724926 1 2 112537 -9 -9 0.34079998731613159 0.0010000000474974513 55.242019999999997 -28.717981999999999 0.56800001859664917 0.57499998807907104 -3.3668222427368164 10.39900016784668 0.071999996900558472 -9999 -9999 -0.11699999868869781 8.5369997024536133 -10.468999862670898 8.5376577377319336 1.3710000514984131 -999 22.909999847412109 21.440000534057617 20.840000152587891 20.5 0.0099999997764825821 0 0 0 15.510000228881836 59.349998474121094 104.43000030517578 141.33000183105469 24.523469924926758 23.066448211669922 22.452936172485352 22.124414443969727 57751.1484375 34.049266815185547 22.499910354614258 21.933063507080078 82.731178283691406 griz 0 57747.2890625 0.32861271500587463 -1.1085556745529175 0.32076576352119446 0.17772911489009857 0.023521561175584793 22.360631942749023 0.026923298835754395 2.0405504983500578e-05 5.06000901623338e-07 0.002331824041903019 -7.8223131083632325e-08 -8.2763511599637241e-09 39 35.493759155273438 0.63058841228485107 0.69822466373443604
SN: 1703072 10 0 C1 3 0 53.823909999999998 -26.152574999999999 0.49474999308586121 0.0010000000474974513 0.49417400360107422 0.0010000000474974513 0.49417400360107422 0.0017987595638260245 0 300 0 0 0.010758290067315102 1 1 117144 -9 -9 0.49470001459121704 0.0010000000474974513 53.824021999999999 -26.152588000000002 0.36300000548362732 0.3580000102519989 -9 10.357000350952148 0.061999998986721039 -9999 -9999 1.565000057220459 0.017000000923871994 -8.7530002593994141 0.029410881921648979 0.46599999070167542 -999 22.459999084472656 21.360000610351562 20.969999313354492 20.610000610351562 0 0 0 0 27.75 77.010002136230469 110.23999786376953 147.74000549316406 23.891841888427734 22.783632278442383 22.39415168762207 22.076253890991211 57784.1015625 15.704130172729492 12.09446907043457 9.7255868911743164 41.9886474609375 riz 0 57778.45703125 0.73841208219528198 -1.2236001491546631 0.73217481374740601 0.056657362729310989 0.049917109310626984 22.653827667236328 0.044924210757017136 1.557646828587167e-05 6.4450330228282837e-07 0.0040270858444273472 -1.5298056155188533e-07 -2.1595758070702686e-08 19 15.031878471374512 0.72056907415390015 0.4494691789150238
SN: 1366436 10 1 C2 3 0 53.637379000000003 -29.511119999999998 0.23999999463558197 0.0010000000474974513 0.23954500257968903 0.0010000000474974513 0.23954498767852783 0.0015932741807773709 0 300 0 0 0.0093135414645075798 1 1 -21001 -9 -9 0.23999999463558197 0.0010000000474974513 53.637478999999999 -29.511130999999999 0.31600001454353333 0.56099998950958252 -9 7.9559998512268066 0.065999999642372131 -9999 -9999 -0.46900001168251038 1.3389999866485596 -8.4589996337890625 1.3651655912399292 0.19099999964237213 -999 24.690000534057617 24.100000381469727 23.920000076293945 23.840000152587891 0.029999999329447746 0.029999999329447746 0.029999999329447746 0.039999999105930328 2.2699999809265137 4.8000001907348633 5.7800002098083496 4.619999885559082 26.609935760498047 25.796895980834961 25.595180511474609 25.838394165039062 57637.33984375 89.836807250976562 67.331840515136719 47.034450531005859 214.30642700195312 griz 0 57638.9609375 0.19177886843681335 -0.26383587718009949 0.15187712013721466 -0.04876767098903656 0.015985695645213127 21.025762557983398 0.020484780892729759 6.9774236180819571e-05 1.3164431038603652e-06 0.00061758526135236025 -9.8163752682012273e-08 -1.5000612307858319e-08 52 50.416007995605469 0.53638505935668945 0.18482361733913422
SN: 1466032 10 0 E2 3 0 10.053222 -44.519089000000001 0.57717001438140869 0.0010000000474974513 0.57605600357055664 0.0010000000474974513 0.57605600357055664 0.0018674227176234126 0 300 0 0 0.0062234881334006786 1 1 -23536 -9 -9 0.57719999551773071 0.0010000000474974513 10.053383 -44.519092000000001 0.414000004529953 0.35100001096725464 -9 10.880000114440918 0.020999999716877937 -9999 -9999 -2.878000020980835 2.0829999446868896 -13.76099967956543 2.0833284854888916 1.4830000400543213 -999 23.770000457763672 21.909999847412109 20.989999771118164 20.569999694824219 0.019999999552965164 0 0 0 6.1999998092651367 35.529998779296875 91.949996948242188 133.38999938964844 25.519020080566406 23.623512268066406 22.591121673583984 22.187191009521484 57681.015625 14.568272590637207 6.6011252403259277 -99 30.399065017700195 rz 0 57683.5234375 0.74748909473419189 -0.10256309062242508 0.54189121723175049 -0.072811402380466461 0.058275803923606873 22.985607147216797 0.059106089174747467 1.1475120118120685e-05 6.246908696994069e-07 0.0030843543354421854 -2.3855488961999072e-07 -7.7502821937969202e-09 32 44.697414398193359 0.067260198295116425 0.24510069191455841
SN: 1371206 10 0 C3 3 0 52.917743999999999 -27.303329999999999 0.52838999032974243 0.0010000000474974513 0.52778798341751099 0.0010000000474974513 0.52778792381286621 0.0018268144922330976 0 300 0 0 0.0075342310592532158 1 2 46564 -9 -9 0.5284000039100647 0.0010000000474974513 52.917754000000002 -27.303332000000001 0.032000001519918442 0.037999998778104782 -6.6813230514526367 10.321000099182129 0.0070000002160668373 -9999 -9999 0.64099997282028198 0.30399999022483826 -9.6780004501342773 0.3089352548122406 1.1790000200271606 -999 24.309999465942383 22.760000228881836 22.110000610351562 21.690000534057617 0.0099999997764825821 0 0 0 4.7199997901916504 18.709999084472656 35.040000915527344 47.659999847412109 25.815145492553711 24.319816589355469 23.638589859008789 23.304615020751953 57615.3984375 28.83772087097168 24.070919036865234 20.48890495300293 66.131172180175781 riz 0 57615.50390625 1.0041549205780029 -1.6344126462936401 0.35832786560058594 -0.028168175369501114 0.039360545575618744 23.189735412597656 0.050185225903987885 9.5083642008830793e-06 4.394984784994449e-07 0.0010919087799265981 -4.5956709548988783e-09 -1.1531645860429762e-08 32 35.150138854980469 0.32120320200920105 0.55283606052398682
SN: 1495047 10 0 C3 3 0 52.594211999999999 -28.819742000000002 0.41152000427246094 0.0010000000474974513 0.41097000241279602 0.0010000000474974513 0.41096997261047363 0.0017301714979112148 0 300 0 0 0.0085301613435149193 1 2 -20218 -9 -9 0.41150000691413879 0.0010000000474974513 52.594321000000001 -28.819959000000001 0.85399997234344482 1.0290000438690186 -2.5243675708770752 10.034000396728516 0.012000000104308128 -9999 -9999 0.52300000190734863 0.27700001001358032 -9.5369997024536133 0.28363710641860962 0.85699999332427979 -999 23.020000457763672 21.860000610351562 21.450000762939453 21.079999923706055 0 0 0 0 13.069999694824219 40.040000915527344 55.689998626708984 70.680000305175781 24.709310531616211 23.493764877319336 23.135557174682617 22.876758575439453 57680.328125 47.396053314208984 42.777103424072266 22.902240753173828 130.12507629394531 riz 0 57685.7734375 0.36834394931793213 -0.28940275311470032 0.20166029036045074 -0.042883019894361496 0.027116451412439346 22.325189590454102 0.032139267772436142 2.1082605599076487e-05 6.2407377754425397e-07 0.00055429490748792887 -4.5213809585220588e-08 -1.3529695586100843e-08 34 26.632968902587891 0.81192833185195923 0.17244943976402283
SN: 1595110 10 0 C2 3 0 54.846226000000001 -29.236843 0.59324997663497925 0.0010000000474974513 0.59269499778747559 0.0010000000474974513 0.59269499778747559 0.0018815055955201387 0 300 0 0 0.010958864353597164 1 1 109003 -9 -9 0.59320002794265747 0.0010000000474974513 54.846359 -29.237559000000001 2.6129999160766602 2.0439999103546143 -9 11.260000228881836 0.032999999821186066 -9999 -9999 -2.5220000743865967 0.78799998760223389 -13.760000228881836 0.78886818885803223 1.3830000162124634 -999 22.760000228881836 21.020000457763672 20.100000381469727 19.700000762939453 0.0099999997764825821 0 0 0 6.0199999809265137 25.530000686645508 53.340000152587891 93.010002136230469 25.551008224487305 23.982372283935547 23.182367324829102 22.578676223754883 57740.11328125 19.31456184387207 14.633056640625 10.665928840637207 36.748222351074219 riz 0 57734.4140625 0.70182633399963379 0.68861782550811768 0.6217307448387146 -0.062627702951431274 0.061704486608505249 23.112180709838867 0.053705926984548569 1.0212390407104976e-05 5.051557536717155e-07 0.0073858676478266716 -2.224417983143212e-07 -1.0874645184344445e-08 21 16.665397644042969 0.73117882013320923 0.31027179956436157
SN: 1389074 10 1 S1 3 0 43.083443000000003 -0.91116699999999995 0.50389999151229858 0.0010000000474974513 0.50284600257873535 0.0010000000474974513 0.50284600257873535 0.0018059791764244437 0 300 0 0 0.05608416348695755 1 1 48913 -9 -9 0.50389999151229858 0.0010000000474974513 43.083438000000001 -0.91104099999999999 0.45300000905990601 0.56499999761581421 -9 9.7010002136230469 0.016000000759959221 -9999 -9999 1.4539999961853027 0.20299999415874481 -8.1979999542236328 0.20535334944725037 0.31400001049041748 -999 23.370000839233398 22.360000610351562 22.059999465942383 21.760000228881836 0.0099999997764825821 0.0099999997764825821 0.0099999997764825821 0.0099999997764825821 9.7200002670288086 25.120000839233398 33.130001068115234 42.509998321533203 25.030834197998047 23.999950408935547 23.699445724487305 23.42877197265625 57643.2734375 11.632083892822266 10.879483222961426 10.805344581604004 38.603927612304688 riz 0 57646.40625 0.55766177177429199 0.61140710115432739 0.55479741096496582 0.0088291680440306664 0.052840784192085266 22.795846939086914 0.065065473318099976 1.3666632185049821e-05 8.1900731174755492e-07 0.0078186383470892906 -3.0550626206604647e-07 -3.044528540385727e-08 50 47.145294189453125 0.58863723278045654 0.2059163898229599
SN: 1439028 10 0 X3 3 0 36.039230000000003 -3.913589 0.55549997091293335 0.0010000000474974513 0.55424201488494873 0.0010000000474974513 0.55424201488494873 0.0018490246729925275 0 300 0 0 0.027650197967886925 1 1 101783 -9 -9 0.55549997091293335 0.0010000000474974513 36.039378999999997 -3.9135390000000001 0.56400001049041748 0.78200000524520874 -9 10.361000061035156 0.035999998450279236 -9999 -9999 -0.63700002431869507 3.6080000400543213 -10.942999839782715 3.6081898212432861 1.4079999923706055 -999 24.379999160766602 22.549999237060547 21.790000915527344 21.350000381469727 0.019999999552965164 0 0 0 3.8499999046325684 20.879999160766602 42.520000457763672 60.770000457763672 26.036348342895508 24.200674057006836 23.428516387939453 23.040777206420898 57671.14453125 25.870920181274414 25.487951278686523 24.90142822265625 74.897331237792969 riz 0 57666.953125 0.38134574890136719 -0.23842974007129669 0.29640311002731323 0.062699072062969208 0.033009365200996399 23.159788131713867 0.033878274261951447 9.7742758953245357e-06 3.0498716796500958e-07 0.0015909579815343022 -4.676526899061173e-08 -7.1526167211288794e-09 34 38.206661224365234 0.28411805629730225 0.22359836101531982
SN: 1370247 10 0 X1 3 0 33.958874000000002 -4.6397700000000004 0.6702200174331665 0.0010000000474974513 0.66881901025772095 0.0010000000474974513 0.66881895065307617 0.0019464516080915928 0 300 0 0 0.017309160903096199 1 2 47067 -9 -9 0.67019999027252197 0.0010000000474974513 33.959380000000003 -4.6396569999999997 1.8619999885559082 1.9179999828338623 -1.6541249752044678 10.642999649047852 0.017999999225139618 -9999 -9999 0.67000001668930054 5.1989998817443848 -9.9759998321533203 5.2021150588989258 1.2300000190734863 -999 24.489999771118164 22.719999313354492 21.799999237060547 21.379999160766602 0.039999999105930328 0.0099999997764825821 0 0 1.3500000238418579 5.9699997901916504 12.680000305175781 22.799999237060547 27.174165725708008 25.560064315795898 24.742202758789062 24.10516357421875 57629.24609375 10.265616416931152 9.6265583038330078 8.0778236389160156 29.287439346313477 riz 0 57630.21875 1.0630645751953125 0.43626222014427185 0.70003378391265869 -0.1448390930891037 0.059154897928237915 23.327169418334961 0.053338728845119476 8.3778377302223817e-06 4.1157622376886138e-07 0.0073646972887217999 -1.8434357684782299e-07 -5.4071209731887393e-09 52 34.952655792236328 0.96655982732772827 0.50422227382659912
SN: 1578103 10 1 S2 3 0 41.942383 -1.386431 0.16091999411582947 0.0010000000474974513 0.16008499264717102 0.0010000000474974513 0.16008496284484863 0.0015321859391406178 0 300 0 0 0.034215737134218216 2 2 107557 -9 -9 0.16089999675750732 0.0010000000474974513 41.942689000000001 -1.386285 1.2209999561309814 1.0800000429153442 -1.9716813564300537 10.102999687194824 0.039999999105930328 -9999 -9999 0.052000001072883606 8.0909996032714844 -10.020000457763672 8.0918750762939453 1.4570000171661377 -999 21.659999847412109 20.5 20 19.659999847412109 0 0 0 0 38.849998474121094 124.76999664306641 166.60000610351562 240.77999877929688 23.526523590087891 22.259723663330078 21.945812225341797 21.545948028564453 57730.1015625 74.496681213378906 61.316928863525391 43.033573150634766 197.26654052734375 griz 0 57728.52734375 0.16316968202590942 -0.69672822952270508 0.13391575217247009 0.14318005740642548 0.019362159073352814 20.547172546386719 0.027776524424552917 0.0001084254399756901 2.7738615244743414e-06 0.00085580872837454081 -1.949043166860065e-07 -4.3919747838572221e-08 35 23.663911819458008 0.92716056108474731 0.5307733416557312
SN: 1447133 10 0 C3 3 0 53.181614000000003 -27.514706 0.3659299910068512 0.0010000000474974513 0.36539998650550842 0.0010000000474974513 0.36539995670318604 0.0016931643476709723 0 300 0 0 0.0072153182700276375 2 2 427091 -9 -9 0.36590000987052917 0.0010000000474974513 53.181614000000003 -27.514706 0 0 -9.799652099609375 10.098999977111816 0.026000000536441803 -9999 -9999 0.043999999761581421 0.51200002431869507 -10.062000274658203 0.51868391036987305 1.1410000324249268 -999 -10 -10 -10 -10 -10 -10 -10 -10 10.180000305175781 39.630001068115234 61.270000457763672 80.540000915527344 24.980630874633789 23.504940032958984 23.031879425048828 22.734970092773438 57673.2734375 37.487007141113281 29.958902359008789 21.964021682739258 67.045677185058594 griz 0 57667.82421875 0.37563920021057129 -2.2157378196716309 0.36518919467926025 0.15089130401611328 0.049247514456510544 22.858604431152344 0.076045431196689606 1.2899071407446172e-05 9.0345656644785777e-07 0.0085380794480443001 -2.0936877831445599e-07 -3.8773837474082029e-08 22 12.928407669067383 0.93513858318328857 0.89357662200927734
SN: 1560034 10 1 E2 3 0 8.6151479999999996 -44.210461000000002 0.26982000470161438 0.0010000000474974513 0.26890701055526733 0.0010000000474974513 0.26890707015991211 0.0016162531683221459 0 300 0 0 0.0069315670989453793 1 2 106766 -9 -9 0.26980000734329224 0.0010000000474974513 8.6152329999999999 -44.210462999999997 0.21899999678134918 0.20200000703334808 -5.1583666801452637 10.277000427246094 0.0060000000521540642 -9999 -9999 0.25999999046325684 0.05000000074505806 -9.9829998016357422 0.071421287953853607 1.3799999952316284 -999 22.659999847412109 21.459999084472656 20.899999618530273 20.569999694824219 0.0099999997764825821 0 0 0 19.700000762939453 65.819999694824219 110.58000183105469 148.32000732421875 24.263833999633789 22.954105377197266 22.39080810546875 22.072000503540039 57723.1328125 39.654106140136719 39.060737609863281 28.579507827758789 132.20523071289062 griz 0 57721.4453125 0.229251429438591 -0.17606496810913086 0.19719508290290833 0.13160635530948639 0.0168326236307621 21.784547805786133 0.020796185359358788 3.4688109735725448e-05 6.6441589297028258e-07 0.00082772254245355725 -6.0851149896734569e-08 -7.9111508455298463e-09 40 52.650379180908203 0.086802475154399872 0.44259610772132874
SN: 1500086 10 0 X1 3 0 34.372517000000002 -5.3128489999999999 0.64265799522399902 0.00015999999595806003 0.64129501581192017 0.00015999999595806003 0.64129495620727539 0.0016501650679856539 0 300 0 0 0.020563546568155289 1 2 104573 -9 -9 0.64270001649856567 0.00019999999494757503 34.374071999999998 -5.3133419999999996 5.8499999046325684 2.8640000820159912 -1.3219718933105469 11.35099983215332 0.059000000357627869 -9999 -9999 -4.1430001258850098 5.8569998741149902 -15.48900032043457 5.8576912879943848 1.4509999752044678 -999 23.590000152587891 21.799999237060547 20.700000762939453 20.219999313354492 0.019999999552965164 0 0 0 0.40000000596046448 0.49000000953674316 2.1700000762939453 5.2100000381469727 27.5 27.5 26.658849716186523 25.707904815673828 57686.0859375 10.381259918212891 8.1868648529052734 5.4783296585083008 25.44727897644043 riz 0 57688.140625 0.96480995416641235 -1.8432924747467041 0.55434638261795044 -0.12865778803825378 0.073416620492935181 23.228479385375977 0.063055567443370819 9.1750453066197224e-06 5.3285293688531965e-07 0.0020793057046830654 -1.5688151222548186e-07 -1.1621795081850905e-08 46 60.267250061035156 0.077139697968959808 0.74929666519165039
SN: 1617068 10 0 X3 3 0 36.283791000000001 -4.5078449999999997 0.93229997158050537 0.0010000000474974513 0.93074899911880493 0.0010000000474974513 0.93074893951416016 0.0021754922345280647 0 300 0 0 0.020665094256401062 1 4 109948 -9 -9 0.93229997158050537 0.0010000000474974513 36.283895000000001 -4.5078509999999996 0.375 0.37799999117851257 -4.1828722953796387 11.074999809265137 0.012000000104308128 -9999 -9999 0.89999997615814209 0.68300002813339233 -10.180000305175781 0.68957525491714478 1.4160000085830688 -999 25.879999160766602 23.870000839233398 22.680000305175781 21.860000610351562 0.059999998658895493 0.0099999997764825821 0.0099999997764825821 0 0.94999998807907104 6.8400001525878906 20.200000762939453 41.590000152587891 27.5 25.412359237670898 24.236621856689453 23.45252799987793 57739.06640625 12.882505416870117 10.169933319091797 -99 26.070837020874023 iz 0 57732.9375 1.228880763053894 -0.10632044076919556 0.88378441333770752 0.061052508652210236 0.13656440377235413 24.347345352172852 0.068860270082950592 3.2738728350523161e-06 2.0763769725817838e-07 0.011750949546694756 -1.2407704730321711e-07 3.8779493505280982e-10 16 13.244690895080566 0.65478962659835815 0.20657117664813995
SN: 1469040 10 0 S1 3 0 42.855026000000002 -0.34171899999999999 0.3276360034942627 9.9999997473787516e-06 0.32669898867607117 9.9999997473787516e-06 0.32669901847839355 0.0013276217505335808 0 300 0 0 0.049883674830198288 1 1 103452 -9 -9 0 0 42.854945000000001 -0.34199499999999999 1.0349999666213989 0.73199999332427979 -9 10.510000228881836 0.016000000759959221 -9999 -9999 1.9079999923706055 0.10300000011920929 -8.5489997863769531 0.11280514299869537 0.39300000667572021 -999 20.870000839233398 20.020000457763672 19.690000534057617 19.329999923706055 0 0 0 0 71.970001220703125 156.02999877929688 223.11000061035156 297.58999633789062 22.857120513916016 22.016979217529297 21.628702163696289 21.315954208374023 57671.171875 27.60175895690918 26.00146484375 23.322624206542969 76.053215026855469 griz 0 57666.359375 0.36465775966644287 0.26504868268966675 0.27485769987106323 0.023113366216421127 0.021275348961353302 21.835630416870117 0.027296088635921478 3.309389649075456e-05 8.3200131939520361e-07 0.0012849195627495646 -1.1606632455141153e-07 -1.0943074890690241e-08 62 50.961463928222656 0.84043645858764648 0.11722417920827866
SN: 1413048 10 0 C3 3 0 52.632255999999998 -28.807838 0.61185002326965332 0.0010000000474974513 0.61122298240661621 0.0010000000474974513 0.61122298240661621 0.0018972359830513597 0 300 0 0 0.0085289217531681061 1 2 -19987 -9 -9 0.6118999719619751 0.0010000000474974513 52.632444 -28.807918999999998 0.66100001335144043 0.77899998426437378 -2.8664474487304688 10.244999885559082 0.041000001132488251 -9999 -9999 0.60600000619888306 1.0019999742507935 -9.6499996185302734 1.0096435546875 1.187999963760376 -999 24.930000305175781 23.319999694824219 22.469999313354492 22.040000915527344 0.019999999552965164 0 0 0 2.4600000381469727 10.300000190734863 22.879999160766602 30.069999694824219 26.522663116455078 24.967906951904297 24.101360321044922 23.804666519165039 57668.12109375 24.421474456787109 20.782539367675781 10.483213424682617 48.986274719238281 riz 0 57656.39453125 0.59133625030517578 -2.6310606002807617 0.41929671168327332 -0.0017684339545667171 0.057937033474445343 23.744178771972656 0.043367490172386169 5.7059578466578387e-06 2.2791270737343439e-07 0.0029515847563743591 -4.3623082035537664e-08 -7.5208763661294142e-09 35 36.359203338623047 0.40519046783447266 0.87703996896743774
SN: 1367571 10 1 X1 3 0 35.384438000000003 -5.3258400000000004 0.43428000807762146 0.0010000000474974513 0.43311300873756409 0.0010000000474974513 0.4331129789352417 0.0017483003903180361 0 300 0 0 0.019534239545464516 1 2 47896 -9 -9 0.4343000054359436 0.0010000000474974513 35.383882999999997 -5.3261750000000001 2.3250000476837158 1.8519999980926514 -2.2660276889801025 10.670999526977539 0.010999999940395355 -9999 -9999 0.86100000143051147 0.289000004529953 -9.7849998474121094 0.29045137763023376 0.84200000762939453 -999 22.610000610351562 21.399999618530273 20.850000381469727 20.489999771118164 0.0099999997764825821 0 0 0 5.8499999046325684 20.649999618530273 30.340000152587891 39.509998321533203 25.582109451293945 24.212699890136719 23.794960021972656 23.508232116699219 57644.19921875 16.342323303222656 14.798557281494141 9.736973762512207 51.620998382568359 riz 0 57640.7890625 0.41108047962188721 0.12037923187017441 0.44618910551071167 0.12283815443515778 0.044587913900613785 22.615730285644531 0.056383106857538223 1.6132742530317046e-05 8.3778559201164171e-07 0.0061871972866356373 -2.3582866504057165e-07 -3.0444507359561612e-08 48 55.165718078613281 0.22209689021110535 0.41142192482948303
SN: 1473027 10 0 C2 3 0 55.320022999999999 -29.310583000000001 0.50616997480392456 0.0010000000474974513 0.50565898418426514 0.0010000000474974513 0.50565898418426514 0.0018083237810060382 0 300 0 0 0.010515323840081692 1 1 103625 -9 -9 0.50620001554489136 0.0010000000474974513 55.319465000000001 -29.310749000000001 1.8509999513626099 1.3459999561309814 -9 10.609000205993652 0.026000000536441803 -9999 -9999 1.9440000057220459 0.017999999225139618 -8.6649999618530273 0.033286634832620621 0.40400001406669617 -999 22.340000152587891 21.270000457763672 20.780000686645508 20.399999618530273 0 0 0 0 17.190000534057617 37.799999237060547 57.5 73.5 24.411809921264648 23.556270599365234 23.100830078125 22.834281921386719 57681.15234375 12.924152374267578 9.6468935012817383 6.6988964080810547 38.356307983398438 riz 0 57680.1796875 0.56473028659820557 -0.31781795620918274 0.46306568384170532 -0.062610022723674774 0.054775945842266083 22.710229873657227 0.066456303000450134 1.4787958207307383e-05 9.0514902240101947e-07 0.0061067603528499603 -3.067957550229039e-07 -3.037979823261594e-08 43 61.076251983642578 0.036096096038818359 0.23404882848262787
SN: 1366195 10 101 X3 3 0 35.912452999999999 -4.8671309999999997 0.55439001321792603 0.0010000000474974513 0.5531349778175354 0.0010000000474974513 0.55313491821289062 0.0018480928847566247 0 300 0 0 0.022065438330173492 1 2 47322 -9 -9 0.55440002679824829 0.0010000000474974513 35.912460000000003 -4.8668420000000001 1.0390000343322754 1.0329999923706055 -3.1749107837677002 10.529000282287598 0.013000000268220901 -9999 -9999 0.90700000524520874 0.28799998760223389 -9.6510000228881836 0.29230806231498718 0.84899997711181641 -999 23.299999237060547 22.059999465942383 21.459999084472656 21.209999084472656 0.0099999997764825821 0 0 0 9.8999996185302734 30.610000610351562 45.389999389648438 63.200000762939453 25.01091194152832 23.785341262817383 23.357599258422852 22.998207092285156 57625.33984375 39.772468566894531 32.830738067626953 31.986345291137695 100.28567504882812 riz 0 57621.44140625 0.54961585998535156 0.29122400283813477 0.32456505298614502 -0.021122733131051064 0.028513483703136444 22.81171989440918 0.03176933154463768 1.3468272300087847e-05 3.9409019336744677e-07 0.0026496537029743195 -6.5041284358358098e-08 -7.9009812026242798e-09 32 44.297786712646484 0.072645977139472961 0.1199205294251442
SN: 1432027 10 1 C1 3 0 54.698093 -27.293657 0.35087999701499939 0.0010000000474974513 0.3503899872303009 0.0010000000474974513 0.35038995742797852 0.0016810671659186482 0 300 0 0 0.0093812420964241028 1 3 99880 -9 -9 0.35089999437332153 0.0010000000474974513 54.698222000000001 -27.294215999999999 2.0550000667572021 0.76200002431869507 -3.1063714027404785 10.892000198364258 0.032000001519918442 -9999 -9999 0.97100001573562622 0.47299998998641968 -9.9280004501342773 0.48284366726875305 1.3660000562667847 -999 22.809999465942383 21.149999618530273 20.479999542236328 20.040000915527344 0.0099999997764825821 0 0 0 8.25 34.939998626708984 61.669998168945312 91.930000305175781 25.208866119384766 23.641693115234375 23.024814605712891 22.59135627746582 57673.234375 26.074127197265625 24.256620407104492 18.618515014648438 70.899887084960938 griz 0 57667.78125 0.31361132860183716 -0.16663491725921631 0.27277368307113647 0.13553433120250702 0.02404276467859745 22.233251571655273 0.032213520258665085 2.2945601813262329e-05 6.807902650507458e-07 0.001858328003436327 -1.0112059101174964e-07 -1.0703087305330428e-08 64 29.574531555175781 0.99993002414703369 0.45518282055854797
SN: 1395159 10 0 X3 3 0 37.148345999999997 -4.051857 0.95845001935958862 0.0010000000474974513 0.95690101385116577 0.0010000000474974513 0.95690107345581055 0.0021987662184983492 0 300 0 0 0.022980347275733948 2 2 -20046 -9 -9 0.95850002765655518 0.0010000000474974513 37.148474999999998 -4.0520379999999996 0.79699999094009399 0.89099997282028198 -2.2764708995819092 10.423999786376953 0.012000000104308128 -9999 -9999 0.63300001621246338 0.035999998450279236 -9.7849998474121094 0.064070276916027069 0.62000000476837158 -999 24.430000305175781 23.870000839233398 23.129999160766602 22.799999237060547 0.019999999552965164 0.0099999997764825821 0.0099999997764825821 0.0099999997764825821 3.2999999523162842 4.9699997901916504 9.6800003051757812 12.979999542236328 26.203714370727539 25.759109497070312 25.035312652587891 24.716814041137695 57655.19921875 10.089303970336914 6.8207345008850098 -99 21.825040817260742 iz 0 57650.76171875 1.3337819576263428 -0.083854138851165771 0.87743270397186279 -0.094149351119995117 0.15145213901996613 24.697023391723633 0.077220804989337921 2.3724128368485253e-06 1.6873309505172074e-07 0.017746696248650551 -9.0097856286774913e-08 -6.5677557836707479e-10 29 28.129707336425781 0.51098597049713135 0.31507343053817749
SN: 1501075 10 0 S2 3 0 41.564819 -1.428545 0.38473999500274658 0.0010000000474974513 0.38373500108718872 0.0010000000474974513 0.38373494148254395 0.0017080040415748954 0 300 0 0 0.030596263706684113 1 1 78689 -9 -9 0.38470000028610229 0.0010000000474974513 41.564906999999998 -1.428482 0.38899999856948853 0.3580000102519989 -9 10.673999786376953 0.039000000804662704 -9999 -9999 0.7149999737739563 0.460999995470047 -9.9829998016357422 0.47464722394943237 1.0729999542236328 -999 22.520000457763672 21.079999923706055 20.559999465942383 20.219999313354492 0.0099999997764825821 0 0 0 24.610000610351562 99.419998168945312 155.11000061035156 211.05000305175781 24.022220611572266 22.506315231323242 22.023401260375977 21.689037322998047 57695.09765625 16.845876693725586 10.619449615478516 -99 40.914749145507812 iz 0 57692.2421875 0.77825188636779785 0.59328079223632812 0.53517752885818481 0.19259421527385712 0.11798571795225143 22.223934173583984 0.16974711418151855 2.3143344151321799e-05 3.6182968869979959e-06 0.021449809893965721 -8.3853001342504285e-07 -4.1381076698598918e-07 23 12.839970588684082 0.95537501573562622 0.67175018787384033
SN: 1530191 10 0 X3 3 0 35.990589 -3.6854680000000002 0.55709999799728394 0.0010000000474974513 0.55583798885345459 0.0010000000474974513 0.55583798885345459 0.0018503682222217321 0 300 0 0 0.022368185222148895 1 1 105934 -9 -9 0.55709999799728394 0.0010000000474974513 35.990119999999997 -3.6851099999999999 2.119999885559082 1.7829999923706055 -9 10.729999542236328 0.014999999664723873 -9999 -9999 0.91299998760223389 0.15700000524520874 -9.8100004196166992 0.16388410329818726 0.74400001764297485 -999 22.930000305175781 21.659999847412109 21.059999465942383 20.739999771118164 0 0 0 0 5.6599998474121094 13.479999542236328 21.190000534057617 29.020000457763672 25.617958068847656 24.675775527954102 24.184673309326172 23.843255996704102 57701.1015625 21.267000198364258 14.809272766113281 11.225356101989746 39.285762786865234 riz 0 57702.8046875 0.85031670331954956 -1.4623236656188965 0.56485044956207275 -0.020715164020657539 0.059095118194818497 23.475908279418945 0.062420684844255447 7.3052747211477254e-06 4.1999174982265686e-07 0.0071291681379079819 -1.4014716498422786e-07 -1.5147817222782578e-08 15 11.248620986938477 0.73477917909622192 0.49230775237083435
SN: 1531112 10 1 X1 3 0 33.822315000000003 -5.3163520000000002 0.33581998944282532 0.0010000000474974513 0.33469998836517334 0.0010000000474974513 0.33469998836517334 0.0016684728907421231 0 300 0 0 0.017532894387841225 1 1 105815 -9 -9 0.33579999208450317 0.0010000000474974513 33.822462000000002 -5.3162690000000001 0.60699999332427979 0.60799998044967651 -9 9.430999755859375 0.028000000864267349 -9999 -9999 0.56300002336502075 0.85199999809265137 -8.8509998321533203 0.85503685474395752 0.58300000429153442 -999 23.680000305175781 22.770000457763672 22.469999313354492 22.229999542236328 0.019999999552965164 0.0099999997764825821 0.0099999997764825821 0.0099999997764825821 8.0799999237060547 19.940000534057617 25.719999313354492 28.840000152587891 25.231472015380859 24.250686645507812 23.974323272705078 23.850011825561523 57709.0234375 36.073646545410156 23.478744506835938 22.42144775390625 94.853683471679688 griz 0 57710.57421875 0.2902836799621582 -0.52853810787200928 0.23571756482124329 -0.050656065344810486 0.019705023616552353 21.87718391418457 0.025956317782402039 3.1851257517701015e-05 7.6145693128637504e-07 0.0015833489596843719 -1.0559555363442996e-07 -1.0146762541296539e-08 46 41.728763580322266 0.65164339542388916 0.24403010308742523
SN: 1434203 10 0 X1 3 0 34.861927000000001 -4.8797170000000003 0.37680000066757202 0.0010000000474974513 0.37566599249839783 0.0010000000474974513 0.37566602230072021 0.0017014648765325546 0 300 0 0 0.017181599512696266 1 2 101168 -9 -9 0.37680000066757202 0.0010000000474974513 34.862087000000002 -4.8797379999999997 0.57899999618530273 0.7149999737739563 -3.6424391269683838 9.4580001831054688 0.024000000208616257 -9999 -9999 0.54699999094009399 0.05299999937415123 -8.8950004577636719 0.092655278742313385 0.54600000381469727 -999 23.809999465942383 22.889999389648438 22.600000381469727 22.270000457763672 0.019999999552965164 0.0099999997764825821 0.0099999997764825821 0.0099999997764825821 6.6599998474121094 15.829999923706055 21.739999771118164 30.120000839233398 25.441314697265625 24.501296997070312 24.156850814819336 23.802862167358398 57671.09765625 34.352798461914062 28.818681716918945 25.318937301635742 81.715728759765625 griz 0 57668.5859375 0.29143655300140381 0.96349537372589111 0.25928080081939697 0.039349835366010666 0.020447716116905212 22.050487518310547 0.028891017660498619 2.7152189431944862e-05 7.2250918492500205e-07 0.0010591347236186266 -1.1752899808925577e-07 -8.239168458601398e-09 59 60.561996459960938 0.41924285888671875 0.34691724181175232
SN: 1408024 10 1 E2 3 0 9.6827380000000005 -43.486713000000002 0.40329998731613159 0.0010000000474974513 0.40228301286697388 0.0010000000474974513 0.4022829532623291 0.0017230850644409657 0 300 0 0 0.0050814221613109112 1 1 49293 -9 -9 0.40329998731613159 0.0010000000474974513 9.6831329999999998 -43.485717999999999 3.7290000915527344 2.3670001029968262 -9 10.862000465393066 0.013000000268220901 -9999 -9999 1.0570000410079956 0.27900001406669617 -9.810999870300293 0.28276669979095459 0.95999997854232788 -999 22.510000228881836 20.979999542236328 20.379999160766602 20.040000915527344 0.0099999997764825821 0 0 0 2.309999942779541 7.9200000762939453 10.890000343322754 12.590000152587891 26.590970993041992 25.25318717956543 24.907430648803711 24.749935150146484 57662.2421875 30.601314544677734 28.386764526367188 17.833658218383789 84.562416076660156 riz 0 57657.0546875 0.39409497380256653 0.35831019282341003 0.27772819995880127 0.1337379515171051 0.029438275843858719 22.375871658325195 0.031241521239280701 2.0121073248446919e-05 5.7897392480299459e-07 0.00071561895310878754 -5.9491139126066628e-08 -1.3312004831789181e-08 53 60.693820953369141 0.21829155087471008 0.4615156352519989
SN: 1366690 10 1 X3 3 0 35.613281000000001 -4.1666740000000004 0.27222999930381775 0.0010000000474974513 0.2711929976940155 0.0010000000474974513 0.27119302749633789 0.0016180507373064756 0 300 0 0 0.021492594853043556 1 2 47965 -9 -9 0.27219998836517334 0.0010000000474974513 35.613349999999997 -4.1666460000000001 0.26899999380111694 0.30700001120567322 -4.3716793060302734 10.288000106811523 0.075000002980232239 -9999 -9999 -0.13400000333786011 0.45699998736381531 -10.586999893188477 0.47405168414115906 1.4579999446868896 -999 22.540000915527344 21.059999465942383 20.399999618530273 20.180000305175781 0 0 0 0 23.299999237060547 87.769996643066406 141.05000305175781 185.42999267578125 24.081609725952148 22.641635894775391 22.126567840576172 21.829549789428711 57637.25390625 77.952507019042969 55.075141906738281 40.894737243652344 187.62767028808594 griz 0 57635.8125 0.28555023670196533 -1.6847355365753174 0.19941771030426025 0.024035338312387466 0.01822231337428093 21.717628479003906 0.021614013239741325 3.6893412470817566e-05 7.3444607551209629e-07 0.00085185200441628695 -4.6346677606834419e-08 -9.2701251119819972e-09 39 21.02543830871582 0.99169063568115234 0.56726473569869995
SN: 1500031 10 1 E2 3 0 9.2035239999999998 -44.139755000000001 0.3670400083065033 0.0010000000474974513 0.36605998873710632 0.0010000000474974513 0.36606001853942871 0.0016936972970142961 0 300 0 0 0.007210051640868187 1 2 104407 -9 -9 0.36700001358985901 0.0010000000474974513 9.2036479999999994 -44.139789 0.34200000762939453 0.42899999022483826 -4.2339439392089844 9.2460002899169922 0.018999999389052391 -9999 -9999 -0.29899999499320984 0.082000002264976501 -9.5380001068115234 0.17978876829147339 0.44600000977516174 -999 23.809999465942383 22.860000610351562 22.629999160766602 22.489999771118164 0.019999999552965164 0.0099999997764825821 0.0099999997764825821 0.0099999997764825821 5.9699997901916504 14.939999580383301 19.110000610351562 20.959999084472656 25.560064315795898 24.564123153686523 24.296848297119141 24.196521759033203 57694.02734375 35.355846405029297 33.075897216796875 25.257856369018555 83.432937622070312 griz 0 57694.1015625 0.2728935182094574 0.23393814265727997 0.22094236314296722 -0.024514434859156609 0.019506087526679039 22.147947311401367 0.024904737249016762 2.4821085389703512e-05 5.6934879921755055e-07 0.0007525244727730751 -7.5732472737399803e-08 -5.4120614656483212e-09 56 37.148704528808594 0.97545456886291504 0.11295171082019806
SN: 1440057 10 1 X1+X2 3 0 34.911926000000001 -5.7996970000000001 0.5135200023651123 0.0010000000474974513 0.51227998733520508 0.0010000000474974513 0.51227998733520508 0.0018138475716114044 0 300 0 0 0.022166337817907333 1 1 101656 -9 -9 0.51349997520446777 0.0010000000474974513 34.911988999999998 -5.7994389999999996 0.95599997043609619 1.0570000410079956 -9 9.6260004043579102 0.02500000037252903 -9999 -9999 1.4989999532699585 0.3880000114440918 -8.1059999465942383 0.39016023278236389 0.23999999463558197 -999 23.299999237060547 22.379999160766602 22.040000915527344 21.879999160766602 0.0099999997764825821 0.0099999997764825821 0.0099999997764825821 0.0099999997764825821 8.3900003433227539 22.819999694824219 32.369998931884766 37.470001220703125 25.190595626831055 24.104211807250977 23.724643707275391 23.565790176391602 57669.1015625 16.453929901123047 10.582223892211914 8.2967910766601562 44.779510498046875 riz 0 57670.234375 0.40614604949951172 -0.53943568468093872 0.36326807737350464 -0.013328925706446171 0.045196458697319031 22.929121017456055 0.047972701489925385 1.2087927643733565e-05 5.3409894462674856e-07 0.0012718280777335167 -1.1008359024344827e-07 -1.4117793156742664e-08 90 87.748558044433594 0.54752546548843384 0.18521964550018311
SN: 1552028 10 1 X1 3 0 34.482193000000002 -5.5413750000000004 0.45300000905990601 0.0010000000474974513 0.45179799199104309 0.0010000000474974513 0.4517979621887207 0.0017636696575209498 0 300 0 0 0.01990235224366188 1 1 106299 -9 -9 0.45300000905990601 0.0010000000474974513 34.482056 -5.5415320000000001 0.74900001287460327 0.59399998188018799 -9 10.171999931335449 0.014000000432133675 -9999 -9999 0.26899999380111694 0.030999999493360519 -9.9110002517700195 0.12103718519210815 0.70099997520446777 -999 23.350000381469727 22.200000762939453 21.729999542236328 21.409999847412109 0.019999999552965164 0.0099999997764825821 0 0 9.5399999618530273 28.840000152587891 47.669998168945312 57.180000305175781 25.051128387451172 23.850011825561523 23.304386138916016 23.106889724731445 57714.171875 24.493000030517578 15.519970893859863 10.44690990447998 59.001552581787109 riz 0 57712.52734375 0.5195433497428894 0.14974246919155121 0.40209850668907166 -0.048223771154880524 0.03765539824962616 22.495485305786133 0.03839585930109024 1.8022119547822513e-05 6.3733233446328086e-07 0.0012645844835788012 -1.2277000394078641e-07 -1.6346357156749036e-08 37 36.939155578613281 0.47188577055931091 0.16831716895103455
SN: 1373028 10 0 X2 3 0 36.374881999999999 -5.9768359999999996 0.25617000460624695 0.0010000000474974513 0.25516998767852783 0.0010000000474974513 0.25516998767852783 0.0016054764855653048 0 300 0 0 0.026496933773159981 1 2 48072 -9 -9 0.25619998574256897 0.0010000000474974513 36.375138999999997 -5.9765959999999998 1.2640000581741333 0.5899999737739563 -3.6844968795776367 11.125 0.023000000044703484 -9999 -9999 1.3519999980926514 0.51700001955032349 -9.7589998245239258 0.52300095558166504 1.2410000562667847 -999 21.129999160766602 19.739999771118164 19.190000534057617 18.860000610351562 0 0 0 0 88.360000610351562 297.44000244140625 472.1199951171875 590.04998779296875 22.634361267089844 21.316501617431641 20.814868927001953 20.572776794433594 57635.2265625 41.95184326171875 30.763872146606445 17.533197402954102 89.496795654296875 griz 0 57632.62109375 0.32195758819580078 -1.8934797048568726 0.30635333061218262 -0.12045058608055115 0.024877458810806274 20.949594497680664 0.029434915632009506 7.4844938353635371e-05 2.0290881366236135e-06 0.0025496771559119225 -2.890244275022269e-07 -3.2129694460536484e-08 45 18.155727386474609 0.99987733364105225 0.74804186820983887
SN: 1575019 10 0 E1 3 0 6.5572319999999999 -42.931027 0.65337997674942017 0.0010000000474974513 0.65214002132415771 0.0010000000474974513 0.65214002132415771 0.0019321516156196594 0 300 0 0 0.006209750659763813 1 5 107413 -9 -9 0.6534000039100647 0.0010000000474974513 6.5574149999999998 -42.931061 0.49599999189376831 0.3580000102519989 -3.9904930591583252 11.315999984741211 0.05000000074505806 -9999 -9999 -0.48800000548362732 9.5120000839233398 -11.784999847412109 9.5124740600585938 1.4110000133514404 -999 23.870000839233398 22.010000228881836 20.930000305175781 20.440000534057617 0.019999999552965164 0 0 0 6.6100001335144043 37.680000305175781 111.30999755859375 165.83999633789062 25.449497222900391 23.559722900390625 22.383665084838867 21.950777053833008 57719.03125 7.601161003112793 7.3571887016296387 6.4932761192321777 25.473054885864258 riz 0 57719.68359375 0.98756980895996094 -0.85635000467300415 0.7060168981552124 0.09898260235786438 0.068890243768692017 23.447795867919922 0.063410863280296326 7.4969034358218778e-06 4.3784586978290463e-07 0.008154330775141716 -1.8673027568638645e-07 -1.3429875878046005e-08 34 17.762294769287109 0.99013429880142212 0.4362836480140686
SN: 1644290 10 0 C2 3 0 53.656052000000003 -29.562812999999998 0.53785997629165649 0.0010000000474974513 0.53729701042175293 0.0010000000474974513 0.53729701042175293 0.0018347851000726223 0 300 0 0 0.0090158004313707352 1 1 112507 -9 -9 0.53789997100830078 0.0010000000474974513 53.656177999999997 -29.562798999999998 0.39899998903274536 0.31299999356269836 -9 10.847000122070312 0.012000000104308128 -9999 -9999 1.0299999713897705 0.017000000923871994 -9.8100004196166992 0.0389101542532444 0.63599997758865356 -999 22.530000686645508 21.399999618530273 20.819999694824219 20.440000534057617 0 0 0 0 25.670000076293945 78.930000305175781 131.52999877929688 174.75999450683594 23.976434707641602 22.756895065307617 22.202438354492188 21.893894195556641 57751.1484375 19.774703979492188 11.177374839782715 9.5439491271972656 43.370365142822266 riz 0 57750.58984375 0.64039778709411621 0.050770547240972519 0.60151159763336182 0.055257499217987061 0.048246152698993683 23.056907653808594 0.042424973100423813 1.0745746294560377e-05 4.1988835164374905e-07 0.0022488485556095839 -1.3256291708785284e-07 -1.0305794440057525e-08 29 27.556367874145508 0.54171454906463623 0.18496748805046082
SN: 1367180 10 0 X3 3 0 35.538487000000003 -4.669028 0.804889976978302 0.0010000000474974513 0.8034210205078125 0.0010000000474974513 0.8034210205078125 0.002063169376924634 0 300 0 0 0.021872606128454208 1 1 47292 -9 -9 0.80489999055862427 0.0010000000474974513 35.538840999999998 -4.669238 1.4780000448226929 2.2260000705718994 -9 10.423999786376953 0.008999999612569809 -9999 -9999 0.78100001811981201 0.31600001454353333 -9.6520004272460938 0.3262161910533905 1.0490000247955322 -999 25 23.790000915527344 22.819999694824219 22.440000534057617 0.029999999329447746 0.0099999997764825821 0.0099999997764825821 0.0099999997764825821 1.2400000095367432 3.059999942779541 7.3600001335144043 10.699999809265137 27.266445159912109 26.285696029663086 25.332805633544922 24.926540374755859 57614.328125 14.375621795654297 13.449263572692871 11.433218002319336 40.287082672119141 riz 0 57623.8671875 1.0756502151489258 0.49801740050315857 0.69018793106079102 -0.054977040737867355 0.046044580638408661 23.856742858886719 0.04490165039896965 5.1440242714306805e-06 2.1273601191751368e-07 0.0095851803198456764 -9.2835257703427487e-08 -2.2649948583364221e-09 38 30.997356414794922 0.7825661301612854 0.24726702272891998
SN: 1370113 10 0 E1 3 0 7.9499139999999997 -43.696564000000002 0.65674000978469849 0.0010000000474974513 0.65552902221679688 0.0010000000474974513 0.65552902221679688 0.0019350540824234486 0 300 0 0 0.0060441493988037109 1 3 46684 -9 -9 0.6567000150680542 0.0010000000474974513 7.9492469999999997 -43.696627999999997 1.7510000467300415 1.6399999856948853 -1.7363427877426147 10.854999542236328 0.014999999664723873 -9999 -9999 1.125 0.42100000381469727 -9.7320003509521484 0.43158546090126038 0.90600001811981201 -999 23.520000457763672 22.079999923706055 21.270000457763672 20.840000152587891 0.0099999997764825821 0 0 0 6.6500000953674316 16.959999084472656 32.790000915527344 37.990001678466797 25.44294548034668 24.426435470581055 23.71064567565918 23.550827026367188 57614.2265625 10.436550140380859 9.8563079833984375 8.778742790222168 30.694341659545898 riz 0 57621.453125 1.366863489151001 -0.65173900127410889 0.88779634237289429 -0.084422685205936432 0.062556743621826172 23.340309143066406 0.063376158475875854 8.2770638982765377e-06 4.8314547029804089e-07 0.015743669122457504 -2.2033836444279586e-07 -1.7652704187298696e-08 51 34.609443664550781 0.96172058582305908 0.35550945997238159
SN: 1718059 10 0 C3 3 0 52.708934999999997 -28.887663 0.24690000712871552 0.0010000000474974513 0.24641799926757812 0.0010000000474974513 0.24641799926757812 0.0015986342914402485 0 300 0 0 0.0081526413559913635 1 2 118272 -9 -9 0.24690000712871552 0.0010000000474974513 52.709957000000003 -28.887574000000001 3.2360000610351562 0.66399997472763062 -3.4629151821136475 8.9639997482299805 0.020999999716877937 -9999 -9999 0.95300000905990601 0.15299999713897705 -8.0059995651245117 0.17801685631275177 -0.030999999493360519 -999 22.559999465942383 22.180000305175781 22.010000228881836 21.920000076293945 0 0 0 0 7.4600000381469727 9.4099998474121094 11.039999961853027 10.130000114440918 25.318153381347656 25.06602668762207 24.892578125 24.985977172851562 57789.0703125 27.43006706237793 21.383560180664062 18.014917373657227 53.865264892578125 griz 0 57788.796875 0.49707531929016113 -1.8597358465194702 0.51624512672424316 -0.11354905366897583 0.038439512252807617 22.744771957397461 0.047693546861410141 1.4324899893836118e-05 6.2925533939051093e-07 0.0036011333577334881 -1.2048587905155728e-07 -1.5216414794849698e-08 11 22.906208038330078 0.018221190199255943 0.72632682323455811
SN: 1701055 10 0 C3 3 0 52.244515 -28.944469999999999 0.2644599974155426 0.0010000000474974513 0.26396098732948303 0.0010000000474974513 0.26396095752716064 0.0016123676905408502 0 300 0 0 0.0067194444127380848 1 1 117281 -9 -9 0.26449999213218689 0.0010000000474974513 52.244401000000003 -28.944372999999999 0.50099998712539673 0.36000001430511475 -9 10.217000007629395 0.013000000268220901 -9999 -9999 0.57800000905990601 0.075000002980232239 -9.6680002212524414 0.098595134913921356 0.55800002813339233 -999 21.309999465942383 20.370000839233398 19.879999160766602 19.530000686645508 0 0 0 0 76.529998779296875 177.08000183105469 278.20001220703125 351.82000732421875 22.790420532226562 21.87957763671875 21.389106750488281 21.134199142456055 57778.13671875 77.123489379882812 42.887279510498047 13.747426986694336 131.91630554199219 riz 0 57778.8671875 0.81310713291168213 2.5597414970397949 0.87061393260955811 0.066532023251056671 0.048090070486068726 21.77815055847168 0.058044604957103729 3.4893113479483873e-05 1.8654227460501716e-06 0.014726041816174984 -7.2172406362369657e-07 -8.3962852670538268e-08 9 15.824916839599609 0.070629030466079712 0.88159751892089844
SN: 1368143 10 0 X3 3 0 35.940444999999997 -5.1604830000000002 0.42462998628616333 0.0010000000474974513 0.42348200082778931 0.0010000000474974513 0.42348194122314453 0.0017404038226231933 0 300 0 0 0.022380100563168526 1 1 47298 -9 -9 0.42460000514984131 0.0010000000474974513 35.940483999999998 -5.1604609999999997 0.16300000250339508 0.20600000023841858 -9 10.199000358581543 0.057000000029802322 -9999 -9999 -3.1600000858306885 2.4849998950958252 -13.329999923706055 2.4850001335144043 1.3480000495910645 -999 23.469999313354492 21.780000686645508 21.090000152587891 20.879999160766602 0.0099999997764825821 0 0 0 9.3000001907348633 44.139999389648438 71.610000610351562 94.910003662109375 25.078792572021484 23.387918472290039 22.862565994262695 22.556720733642578 57614.328125 56.576107025146484 37.714042663574219 30.472993850708008 113.92913818359375 riz 0 57613.90234375 0.8056827187538147 0.87433832883834839 0.32217174768447876 0.048178423196077347 0.029100889340043068 22.344417572021484 0.039952356368303299 2.0712508558062837e-05 7.6216809929974261e-07 0.00037380331195890903 -1.7953812658788593e-08 -1.7921012229749067e-08 26 15.005894660949707 0.9572262167930603 0.3327634334564209
SN: 1370308 10 0 C3 3 0 52.942154000000002 -27.495218000000001 0.62927001714706421 0.0010000000474974513 0.62863099575042725 0.0010000000474974513 0.62863099575042725 0.0019120614742860198 0 300 0 0 0.0077356752008199692 1 5 46591 -9 -9 0.62929999828338623 0.0010000000474974513 52.942489000000002 -27.495134 1.1109999418258667 1.3059999942779541 -1.8725725412368774 9.7290000915527344 0.032999999821186066 -9999 -9999 0.87599998712539673 0.19099999964237213 -8.8819999694824219 0.20483407378196716 0.14200000464916229 -999 23.319999694824219 22.520000457763672 22.100000381469727 21.930000305175781 0 0 0 0 8.1899995803833008 16.409999847412109 23.709999084472656 27.850000381469727 25.216789245605469 24.462228775024414 24.062671661376953 23.887937545776367 57630.265625 18.459085464477539 16.050630569458008 13.207595825195312 52.10784912109375 riz 0 57627.62890625 0.65199089050292969 -0.50450807809829712 0.40859878063201904 0.080364234745502472 0.0423910953104496 23.912326812744141 0.039255190640687943 4.8872998377191834e-06 1.7670211605036457e-07 0.0037973935250192881 -3.7900107940913585e-08 -4.8119810358571158e-09 38 33.5819091796875 0.67384302616119385 0.31629264354705811
SN: 1570024 10 0 C1 3 0 54.081772000000001 -26.574580999999998 0.55123001337051392 0.0010000000474974513 0.55064302682876587 0.0010000000474974513 0.55064296722412109 0.0018459963612258434 0 300 0 0 0.0098826270550489426 1 1 107165 -9 -9 0.55119997262954712 0.0010000000474974513 54.081682000000001 -26.574463999999999 0.51099997758865356 0.51599997282028198 -9 10.847999572753906 0.030999999493360519 -9999 -9999 0.44699999690055847 8.0909996032714844 -10.411999702453613 8.0914897918701172 1.2779999971389771 -999 23.450000762939453 21.860000610351562 21.100000381469727 20.670000076293945 0.0099999997764825821 0 0 0 8.6499996185302734 38.919998168945312 87.370002746582031 130.02000427246094 25.157459259033203 23.524568557739258 22.646595001220703 22.214975357055664 57722.0390625 18.322742462158203 11.866827011108398 7.9605007171630859 51.278347015380859 riz 0 57724.17578125 0.43813258409500122 -0.011100352741777897 0.37150114774703979 -0.19803500175476074 0.043714117258787155 22.722917556762695 0.035831000655889511 1.4616158296121284e-05 4.8235619942715857e-07 0.00089521444169804454 -1.1288270229670161e-07 -7.3078023632433542e-09 51 52.652088165283203 0.40992313623428345 0.66012704372406006
SN: 1644061 10 0 C3 3 0 52.847565000000003 -28.881444999999999 0.61348998546600342 0.0010000000474974513 0.6128690242767334 0.0010000000474974513 0.6128690242767334 0.0018986359937116504 0 300 0 0 0.0081683611497282982 1 1 111221 -9 -9 0.61349999904632568 0.0010000000474974513 52.847591999999999 -28.881489999999999 0.18199999630451202 0.22400000691413879 -9 10.798000335693359 0.023000000044703484 -9999 -9999 0.69300001859664917 0.18700000643730164 -10.13700008392334 0.21900913119316101 1.2510000467300415 -999 24.290000915527344 22.610000610351562 21.610000610351562 21.100000381469727 0.0099999997764825821 0 0 0 5.0399999618530273 22.200000762939453 54.220001220703125 79.370002746582031 25.743923187255859 24.134117126464844 23.164600372314453 22.750858306884766 57746.140625 37.285797119140625 30.667316436767578 18.625564575195312 70.739372253417969 riz 0 57743.84375 0.52288389205932617 -1.5020151138305664 0.29653352499008179 0.082131601870059967 0.039118573069572449 23.483552932739258 0.0342068150639534 7.2540215114713646e-06 2.2854260350868572e-07 0.0021087245550006628 -3.4614767940865931e-08 -5.2871933498011003e-09 30 30.553005218505859 0.43761131167411804 0.57063406705856323
SN: 1457019 10 0 X3 3 0 37.027312999999999 -4.7434589999999996 0.45517998933792114 0.0010000000474974513 0.45403000712394714 0.0010000000474974513 0.45403003692626953 0.00176550995092839 0 300 0 0 0.027191495522856712 1 1 102810 -9 -9 0.45519998669624329 0.0010000000474974513 37.027293 -4.7433569999999996 0.37299999594688416 0.39100000262260437 -9 9.430999755859375 0.016000000759959221 -9999 -9999 0.61100000143051147 0.030999999493360519 -8.7919998168945312 0.053823787719011307 0.48600000143051147 -999 24.25 23.149999618530273 22.850000381469727 22.510000228881836 0.0099999997764825821 0.0099999997764825821 0.0099999997764825821 0.0099999997764825821 4.0100002288818359 12.220000267028809 16.059999465942383 21.889999389648438 25.99213981628418 24.782321929931641 24.485635757446289 24.149385452270508 57673.30859375 11.911364555358887 9.1896324157714844 8.2565555572509766 27.79985237121582 riz 0 57667.78125 0.8458259105682373 -1.3982412815093994 0.69889432191848755 0.27570304274559021 0.076017491519451141 24.403663635253906 0.09573722630739212 3.1083825433597667e-06 2.7408862024458358e-07 0.014780399389564991 -8.9075719245101936e-08 -1.8504046295220178e-08 32 43.422130584716797 0.085724130272865295 1.0304418802261353
SN: 1434248 10 1 X3 3 0 35.739800000000002 -4.3127279999999999 0.23835000395774841 0.0010000000474974513 0.23734399676322937 0.0010000000474974513 0.23734402656555176 0.001591560197994113 0 300 0 0 0.024078251793980598 1 4 101355 -9 -9 0.23839999735355377 0.0010000000474974513 35.741568999999998 -4.3112339999999998 8.3219995498657227 3.1489999294281006 -0.69564610719680786 11.090999603271484 0.024000000208616257 -9999 -9999 0.74699997901916504 0.41600000858306885 -10.531999588012695 0.44643029570579529 1.4210000038146973 -999 20.879999160766602 19.430000305175781 18.700000762939453 18.450000762939453 0 0 0 0 2.940000057220459 9.0299997329711914 11.930000305175781 15.029999732971191 26.329132080078125 25.110780715942383 24.808399200439453 24.557601928710938 57664.14453125 125.80290222167969 123.55332183837891 118.28818511962891 357.00445556640625 griz 0 57665.82421875 0.17447081208229065 -0.78810691833496094 0.11558231711387634 0.022895457223057747 0.016353175044059753 21.13287353515625 0.021844688802957535 6.3219406001735479e-05 1.2719556252704933e-06 0.00042644317727535963 -6.8619591786500678e-08 -1.5547044540653587e-08 40 23.581188201904297 0.98189812898635864 0.27356347441673279
SN: 1450148 10 0 E1 3 0 7.7913730000000001 -42.266013999999998 0.4484499990940094 0.0010000000474974513 0.44735801219940186 0.0010000000474974513 0.44735801219940186 0.0017600117716938257 0 300 0 0 0.0056992899626493454 1 1 102761 -9 -9 0.44839999079704285 0.0010000000474974513 7.7916840000000001 -42.265504 2.0150001049041748 2.3420000076293945 -9 9.3500003814697266 0.032999999821186066 -9999 -9999 0.3580000102519989 0.62199997901916504 -8.9980001449584961 0.63130658864974976 0.43799999356269836 -999 24.430000305175781 23.260000228881836 23 22.780000686645508 0.029999999329447746 0.0099999997764825821 0.0099999997764825821 0.019999999552965164 1.1299999952316284 3.7400000095367432 3.2200000286102295 4.25 27.367303848266602 26.067821502685547 26.23036003112793 25.929027557373047 57670.99609375 14.551436424255371 11.833559036254883 8.8779382705688477 49.438507080078125 riz 0 57675.6328125 0.4123784601688385 0.27016320824623108 0.39158186316490173 -0.040138226002454758 0.042187266051769257 22.48015022277832 0.049118794500827789 1.8278466086485423e-05 8.2691929037537193e-07 0.001590198022313416 -1.940844072123582e-07 -2.3694603612511855e-08 46 40.309368133544922 0.70862418413162231 0.16127817332744598
SN: 1474020 10 0 C3 3 0 51.749640999999997 -28.163183 0.54211002588272095 0.0010000000474974513 0.54148101806640625 0.0010000000474974513 0.54148101806640625 0.0018382967682555318 0 300 0 0 0.0081293806433677673 2 5 103654 -9 -9 0.54210001230239868 0.0010000000474974513 51.749657999999997 -28.163148 0.13699999451637268 0.17900000512599945 -4.4973325729370117 9.4460000991821289 0.026000000536441803 -9999 -9999 1.2209999561309814 0.0030000000260770321 -8.1979999542236328 0.0030000000260770321 0.32800000905990601 -999 23.950000762939453 22.979999542236328 22.700000762939453 22.420000076293945 0.0099999997764825821 0 0 0.0099999997764825821 6.429999828338623 15.770000457763672 22.290000915527344 23.389999389648438 25.479473114013672 24.505420684814453 24.129724502563477 24.077425003051758 57681.30078125 19.238513946533203 19.168464660644531 15.140116691589355 59.824478149414062 riz 0 57680.78515625 0.42810720205307007 -0.016219709068536758 0.29777500033378601 0.098729789257049561 0.039063192903995514 23.332372665405273 0.043455056846141815 8.3377899500192143e-06 3.3370827168255346e-07 0.002740839496254921 -5.751801879227969e-08 -9.6690371265140129e-09 36 27.160371780395508 0.85574740171432495 0.3291437029838562
SN: 1370906 10 0 E1 3 0 6.5647270000000004 -43.046256999999997 0.61962997913360596 0.0010000000474974513 0.61841797828674316 0.0010000000474974513 0.61841797828674316 0.0019033582648262382 0 300 0 0 0.0065366732887923717 1 1 48303 -9 -9 0.61959999799728394 0.0010000000474974513 6.5648280000000003 -43.046188000000001 0.3619999885559082 0.42100000381469727 -9 10.77400016784668 0.018999999389052391 -9999 -9999 1.0900000333786011 0.75099998712539673 -9.6780004501342773 0.75803035497665405 1.065000057220459 -999 23.739999771118164 22.340000152587891 21.5 21.059999465942383 0.019999999552965164 0.0099999997764825821 0 0 8.1499996185302734 29.299999237060547 65.30999755859375 95.709999084472656 25.22210693359375 23.832830429077148 22.962551116943359 22.547607421875 57637.20703125 6.1067132949829102 5.7222704887390137 2.860701322555542 17.098604202270508 riz 0 57640.765625 1.0337517261505127 -1.5852404832839966 0.96135461330413818 -0.24200202524662018 0.11125615984201431 23.91862678527832 0.11181627959012985 4.8590281949145719e-06 5.0041478516504867e-07 0.024944659322500229 -3.4828349271265324e-07 -1.7685334086081639e-08 54 48.253684997558594 0.69465053081512451 0.96433538198471069
SN: 1511024 10 0 S2 3 0 40.833492 -0.30681199999999997 0.37279999256134033 0.0010000000474974513 0.37178200483322144 0.0010000000474974513 0.37178206443786621 0.0016983220120891929 0 300 0 0 0.024951774626970291 1 2 -21643 -9 -9 0.37279999256134033 0.0010000000474974513 40.833665000000003 -0.30684600000000001 0.63499999046325684 0.75099998712539673 -2.993156909942627 10.673000335693359 0.068999998271465302 -9999 -9999 0.24099999666213989 1.034000039100647 -10.41100025177002 1.0386337041854858 1.2350000143051147 -999 22.389999389648438 20.809999465942383 20.299999237060547 19.969999313354492 0.0099999997764825821 0 0 0 25.620000839233398 118.69000244140625 184.25 236.30000305175781 23.978551864624023 22.31396484375 21.836481094360352 21.566341400146484 57688.1640625 12.903833389282227 8.8764009475708008 7.9510412216186523 30.641012191772461 riz 0 57684.94921875 1.1471710205078125 -0.80650192499160767 0.55636262893676758 0.29210233688354492 0.070974357426166534 22.833103179931641 0.090594075620174408 1.3205622053646948e-05 1.1018801160389557e-06 0.0041251438669860363 -1.6136841907155031e-07 -6.1437852139079041e-08 35 53.791908264160156 0.022049024701118469 1.0101057291030884
SN: 1373040 10 0 X3 3 0 36.983359999999998 -3.992235 0.26262000203132629 0.0010000000474974513 0.2616179883480072 0.0010000000474974513 0.26161801815032959 0.0016105292597785592 0 300 0 0 0.023458320647478104 1 1 47240 -9 -9 0.26260000467300415 0.0010000000474974513 36.98348 -3.9923790000000001 0.67400002479553223 0.53700000047683716 -9 10.817999839782715 0.010999999940395355 -9999 -9999 0.74400001764297485 0.14599999785423279 -9.9600000381469727 0.15037286281585693 1.1660000085830688 -999 21.229999542236328 19.879999160766602 19.260000228881836 19.069999694824219 0 0 0 0 77.050003051757812 242.1300048828125 393.60000610351562 524.80999755859375 22.783069610595703 21.539878845214844 21.012363433837891 20.699995040893555 57642.3359375 68.222190856933594 56.855079650878906 38.541652679443359 189.06280517578125 griz 0 57639.859375 0.17685957252979279 0.22317485511302948 0.16030842065811157 0.021874450147151947 0.016708936542272568 21.243701934814453 0.021193208172917366 5.7084682339336723e-05 1.1142739140268532e-06 0.00084923184476792812 -9.2496826198384952e-08 -1.4214618815344693e-08 43 15.751708030700684 0.99995481967926025 0.10416662693023682
SN: 1370181 10 0 X3 3 0 36.487938 -4.0669459999999997 0.69445997476577759 0.0010000000474974513 0.69310200214385986 0.0010000000474974513 0.69310200214385986 0.0019673383794724941 0 300 0 0 0.024953767657279968 1 4 47307 -9 -9 0.69450002908706665 0.0010000000474974513 36.487966 -4.0670120000000001 0.25699999928474426 0.32300001382827759 -4.2800750732421875 10.37600040435791 0.008999999612569809 -9999 -9999 0.63400000333786011 0.054000001400709152 -9.7320003509521484 0.069028981029987335 1.218000054359436 -999 25.090000152587891 23.889999389648438 23.180000305175781 22.780000686645508 0.029999999329447746 0.0099999997764825821 0.0099999997764825821 0.0099999997764825821 1.9299999475479126 6.2300000190734863 12.140000343322754 17.110000610351562 26.786106109619141 25.51378059387207 24.789453506469727 24.416873931884766 57631.3515625 15.212082862854004 12.620262145996094 12.295075416564941 37.862884521484375 riz 0 57625.14453125 0.734366774559021 -0.67075967788696289 0.60211920738220215 0.13361848890781403 0.054391950368881226 24.06280517578125 0.053122170269489288 4.2547917473712005e-06 2.0817559232000349e-07 0.011007196269929409 -8.0072155128618761e-08 -7.0902634874414616e-09 36 25.920553207397461 0.8926352858543396 0.49836492538452148
SN: 1645195 10 0 S2 3 0 41.268093 -1.6043639999999999 0.52692002058029175 0.0010000000474974513 0.52580499649047852 0.0010000000474974513 0.52580499649047852 0.0018251542933285236 0 300 0 0 0.028763584792613983 1 2 67685 -9 -9 0.52689999341964722 0.0010000000474974513 41.267941 -1.6045469999999999 0.85500001907348633 0.84200000762939453 -3.4127492904663086 10.321999549865723 0.017000000923871994 -9999 -9999 1.7359999418258667 0.98400002717971802 -8.4890003204345703 0.98462224006652832 0.42399999499320984 -999 22.680000305175781 21.639999389648438 21.270000457763672 20.969999313354492 0.0099999997764825821 0 0 0 15.449999809265137 39.650001525878906 54.439998626708984 73.660003662109375 24.527679443359375 23.504392623901367 23.16020393371582 22.831920623779297 57750.125 24.427986145019531 15.028092384338379 11.749373435974121 45.21826171875 riz 0 57752.3046875 0.67397236824035645 0.71850407123565674 0.59680408239364624 -0.045970417559146881 0.048453997820615768 22.837665557861328 0.04468805342912674 1.3150233826308977e-05 5.4125337101140758e-07 0.0042659253813326359 -1.9312727772557992e-07 -1.4015324012461861e-08 20 17.365133285522461 0.62915259599685669 0.28432688117027283
SN: 1574017 10 1 E1 3 0 7.3420990000000002 -43.981133 0.53399002552032471 0.0010000000474974513 0.53287100791931152 0.0010000000474974513 0.53287100791931152 0.0018310734303668141 0 300 0 0 0.0073472503572702408 1 2 107425 -9 -9 0.5339999794960022 0.0010000000474974513 7.3421589999999997 -43.981200000000001 0.28799998760223389 0.42899999022483826 -3.6086907386779785 10.038000106811523 0.014999999664723873 -9999 -9999 0.17100000381469727 0.029999999329447746 -9.8610000610351562 0.056603886187076569 0.67599999904632568 -999 23.799999237060547 22.600000381469727 22.159999847412109 21.850000381469727 0.019999999552965164 0.0099999997764825821 0.0099999997764825821 0.0099999997764825821 7.0900001525878906 21.690000534057617 34.549999237060547 42.270000457763672 25.373384475708008 24.159351348876953 23.653879165649414 23.434919357299805 57723.1171875 15.212690353393555 11.762758255004883 9.0385913848876953 42.286594390869141 riz 0 57723.37109375 0.60099232196807861 0.046071119606494904 0.50327789783477783 -0.11472833156585693 0.047429703176021576 22.917079925537109 0.044612150639295578 1.2222716577525716e-05 5.0222297431901097e-07 0.0032073152251541615 -1.4898975564392458e-07 -1.3317692726388941e-08 35 26.674928665161133 0.84269696474075317 0.3827359676361084
SN: 1411114 10 0 C3 3 0 53.374049999999997 -27.686786999999999 0.83776998519897461 0.0010000000474974513 0.83706498146057129 0.0010000000474974513 0.83706498146057129 0.002092680661007762 0 300 0 0 0.0059799859300255775 2 2 51004 -9 -9 0.83780002593994141 0.0010000000474974513 53.374218999999997 -27.686779999999999 0.53799998760223389 0.6470000147819519 -2.3255465030670166 10.065999984741211 0.039999999105930328 -9999 -9999 1.1540000438690186 0.14100000262260437 -8.8940000534057617 0.14436759054660797 0.3529999852180481 -999 24.079999923706055 23.340000152587891 22.559999465942383 22.200000762939453 0.0099999997764825821 0 0 0 4.5199999809265137 9.880000114440918 18.870000839233398 23.840000152587891 25.862154006958008 25.013107299804688 24.310569763183594 24.056734085083008 57666.34375 18.828523635864258 11.069232940673828 10.065263748168945 38.991188049316406 riz 0 57661.8828125 0.79500627517700195 0.052131745964288712 0.48777002096176147 0.014096467755734921 0.049713894724845886 24.266033172607422 0.041069105267524719 3.5284740533825243e-06 1.3346821958748478e-07 0.0015467506600543857 -3.5406774401280927e-08 4.9702564286491224e-10 45 40.996253967285156 0.64220589399337769 0.050098523497581482
SN: 1592028 10 1 E1 3 0 9.0509799999999991 -42.729736000000003 0.32607999444007874 0.0010000000474974513 0.32509899139404297 0.0010000000474974513 0.32509899139404297 0.0016607922734692693 0 300 0 0 0.0069007454439997673 1 1 108261 -9 -9 0.32609999179840088 0.0010000000474974513 9.0511920000000003 -42.730038 1.2239999771118164 1.4049999713897705 -9 10.21399974822998 0.012000000104308128 -9999 -9999 0.47999998927116394 0.12999999523162842 -9.7329998016357422 0.1341230720281601 1.218000054359436 -999 22.899999618530273 21.600000381469727 21.069999694824219 20.629999160766602 0.0099999997764825821 0 0 0 7.75 29.219999313354492 52.950000762939453 55.069999694824219 25.276744842529297 23.835800170898438 23.190334320068359 23.147712707519531 57730.04296875 48.574680328369141 42.585201263427734 27.803699493408203 113.527587890625 griz 0 57733.3046875 0.24785652756690979 0.35045814514160156 0.26750445365905762 0.032651294022798538 0.021000444889068604 21.799594879150391 0.029906138777732849 3.4210679586976767e-05 9.423185360901698e-07 0.0025674835778772831 -1.8691771686007996e-07 -1.5110638074133931e-08 40 46.272674560546875 0.22923383116722107 0.15966339409351349
SN: 1371126 10 1 C3 3 0 52.936005000000002 -28.254307000000001 0.21648000180721283 0.0010000000474974513 0.21600900590419769 0.0010000000474974513 0.21600902080535889 0.0015750083839520812 0 300 0 0 0.0080151231959462166 1 1 46483 -9 -9 0.21649999916553497 0.0010000000474974513 52.936154999999999 -28.254183999999999 0.64999997615814209 0.74299997091293335 -9 10.067999839782715 0.0060000000521540642 -9999 -9999 0.40200001001358032 0.028999999165534973 -9.6520004272460938 0.039623226970434189 1.1540000438690186 -999 21.719999313354492 20.790000915527344 20.190000534057617 19.940000534057617 0 0 0 0 47.919998168945312 106.55000305175781 176.3699951171875 211.08999633789062 23.298707962036133 22.431116104125977 21.883937835693359 21.688831329345703 57615.3984375 126.62687683105469 47.947242736816406 34.684192657470703 222.18560791015625 griz 0 57614.7890625 0.47985345125198364 -1.3178656101226807 0.16558155417442322 -0.092653721570968628 0.020409055054187775 20.807138442993164 0.028962751850485802 8.5338411736302078e-05 2.2764602363167796e-06 0.00011630304652499035 -4.4632638918074008e-08 -3.4887989386334084e-08 30 11.436925888061523 0.99912017583847046 0.53699171543121338
SN: 1490034 10 0 C1 3 0 54.876533999999999 -26.649111000000001 0.53057998418807983 0.0010000000474974513 0.53002297878265381 0.0010000000474974513 0.53002297878265381 0.0018286866834387183 0 300 0 0 0.011561713181436062 1 1 104161 -9 -9 0.53060001134872437 0.0010000000474974513 54.876612000000002 -26.649144 0.27799999713897705 0.46200001239776611 -9 8.9479999542236328 0.024000000208616257 -9999 -9999 0.69599997997283936 0.625 -8.2530002593994141 0.62732845544815063 -0.065999999642372131 -999 23.969999313354492 23.180000305175781 23.069999694824219 23 0.019999999552965164 0.0099999997764825821 0.0099999997764825821 0.019999999552965164 5.7300000190734863 10.590000152587891 12.630000114440918 13.479999542236328 25.6046142578125 24.937759399414062 24.746492385864258 24.675775527954102 57686.1640625 13.362178802490234 9.0638151168823242 6.5725407600402832 39.097023010253906 riz 0 57687.7734375 0.7374841570854187 1.2142541408538818 0.51104110479354858 -0.036350686103105545 0.050777599215507507 23.120536804199219 0.046625308692455292 1.0134095646208152e-05 4.3519349901544047e-07 -0.00021863549773115665 -1.1673614608298521e-07 -1.1377805364531923e-08 58 53.148975372314453 0.65587234497070312 0.42249923944473267
SN: 1449115 10 0 C3 3 0 52.902850999999998 -28.44763 0.86746001243591309 0.0010000000474974513 0.86673802137374878 0.0010000000474974513 0.86673808097839355 0.0021188114769756794 0 300 0 0 0.0063805035315454006 1 1 102358 -9 -9 0.86750000715255737 0.0010000000474974513 52.903165999999999 -28.447621000000002 0.99599999189376831 1.6119999885559082 -9 9.6210002899169922 0.083999998867511749 -9999 -9999 0.97100001573562622 0.49000000953674316 -8.564000129699707 0.50050371885299683 0.048999998718500137 -999 24.120000839233398 23.739999771118164 23.069999694824219 22.780000686645508 0.0099999997764825821 0.0099999997764825821 0.0099999997764825821 0.0099999997764825821 4.4699997901916504 6.0500001907348633 11.630000114440918 13.760000228881836 25.874231338500977 25.545612335205078 24.836050033569336 24.653453826904297 57683.1875 15.715291023254395 11.079334259033203 -99 41.026351928710938 iz 0 57682.1640625 0.74672436714172363 1.7402431964874268 0.52118438482284546 -0.092250101268291473 0.092265225946903229 24.059402465820312 0.051901437342166901 4.2681408558564726e-06 2.0402990230650175e-07 0.0018457039259374142 -7.5510520503030421e-08 -6.3916796300134138e-09 30 17.810699462890625 0.96151888370513916 0.65654432773590088
SN: 1431108 10 0 C3 3 0 52.966392999999997 -28.016732999999999 0.61115002632141113 0.0010000000474974513 0.61052399873733521 0.0010000000474974513 0.61052393913269043 0.0018966415664181113 0 300 0 0 0.006862991489470005 1 3 -22356 -9 -9 0.61119997501373291 0.0010000000474974513 52.966436999999999 -28.016864999999999 0.49500000476837158 0.49900001287460327 -4.0749526023864746 10.796999931335449 0.0080000003799796104 -9999 -9999 0.8399999737739563 0.043000001460313797 -9.9600000381469727 0.071400277316570282 1.3730000257492065 -999 24.389999389648438 22.719999313354492 21.860000610351562 21.379999160766602 0.0099999997764825821 0 0 0 3.6800000667572021 18.620000839233398 41.830001831054688 63.310001373291016 26.085380554199219 24.325050354003906 23.446281433105469 22.996318817138672 57680.328125 35.551212310791016 29.901758193969727 19.415298461914062 84.871177673339844 riz 0 57671.50390625 0.33032160997390747 0.8440476655960083 0.30111408233642578 -0.0051675406284630299 0.032629717141389847 23.155036926269531 0.037508223205804825 9.8171385616296902e-06 3.3914631103471038e-07 0.0028708649333566427 -7.9056903246055299e-08 -6.504213612146259e-09 38 25.365240097045898 0.94200795888900757 0.28187602758407593
SN: 1390164 10 0 C2 3 0 54.298797999999998 -28.942001000000001 0.45153999328613281 0.0010000000474974513 0.45101800560951233 0.0010000000474974513 0.45101797580718994 0.0017630266956984997 0 300 0 0 0.0098936576396226883 1 2 49163 -9 -9 0.45149999856948853 0.0010000000474974513 54.298864999999999 -28.942039000000001 0.25299999117851257 0.37200000882148743 -4.5174989700317383 9.8680000305175781 0.034000001847743988 -9999 -9999 0.84899997711181641 0.77499997615814209 -9.0089998245239258 0.77613723278045654 0.62999999523162842 -999 23.180000305175781 22.040000915527344 21.690000534057617 21.389999389648438 0.0099999997764825821 0 0 0 11.340000152587891 33.990001678466797 48.299999237060547 61 24.863468170166016 23.671621322631836 23.290132522583008 23.036674499511719 57645.265625 17.498031616210938 15.801758766174316 14.263666152954102 50.430160522460938 riz 0 57651.50390625 0.62005317211151123 2.2969632148742676 0.5296282172203064 0.1583598405122757 0.04605373740196228 22.934709548950195 0.054187361150979996 1.2025861906295177e-05 6.0019158354407409e-07 0.0032612630166113377 -1.60227116907663e-07 -2.1344213507745735e-08 45 38.931705474853516 0.72565966844558716 0.92998349666595459
SN: 1697026 10 0 X3 3 0 36.702117999999999 -5.1160439999999996 0.26146000623703003 0.0010000000474974513 0.26045900583267212 0.0010000000474974513 0.26045894622802734 0.0016096202889457345 0 300 0 0 0.024297308176755905 1 1 117117 -9 -9 0.26150000095367432 0.0010000000474974513 36.702024999999999 -5.115818 0.87800002098083496 0.91399997472763062 -9 9.0179996490478516 0.0060000000521540642 -9999 -9999 0.94800001382827759 0.35600000619888306 -8.0749998092651367 0.35661885142326355 0.008999999612569809 -999 22.190000534057617 21.600000381469727 21.299999237060547 21.420000076293945 0 0 0 0 31.959999084472656 56.200000762939453 62.180000305175781 61.860000610351562 23.738483428955078 23.125659942626953 23.015872955322266 23.021474838256836 57773.078125 87.948684692382812 45.242012023925781 39.011131286621094 130.31880187988281 griz 0 57774.5703125 0.45215126872062683 -1.2226241827011108 0.50268250703811646 0.10627050697803497 0.027591317892074585 22.09315299987793 0.033753473311662674 2.610588853713125e-05 8.1158242437595618e-07 0.0039060465060174465 -1.1037438696348545e-07 -1.4052789154561651e-08 10 10.152976989746094 0.42717623710632324 0.53997451066970825
SN: 1575072 10 0 X2 3 0 35.743037999999999 -6.8696739999999998 0.5915600061416626 0.0010000000474974513 0.59028398990631104 0.0010000000474974513 0.59028398990631104 0.0018794622737914324 0 300 0 0 0.021618925034999847 1 1 107801 -9 -9 0.59160000085830688 0.0010000000474974513 35.743102999999998 -6.8695909999999998 0.37799999117851257 0.47400000691413879 -9 9.1719999313354492 0.046999998390674591 -9999 -9999 1.0140000581741333 0.9649999737739563 -8.1389999389648438 0.97467637062072754 0.17299999296665192 -999 24.350000381469727 23.610000610351562 23.290000915527344 23.219999313354492 0.029999999329447746 0.019999999552965164 0.019999999552965164 0.019999999552965164 3.5899999141693115 8.3100004196166992 11.430000305175781 11.720000267028809 26.112264633178711 25.200996398925781 24.854885101318359 24.827680587768555 57708.09375 15.098970413208008 11.665458679199219 9.8530731201171875 43.780799865722656 riz 0 57731.03515625 0.57328146696090698 1.5166329145431519 0.57330012321472168 -0.019410468637943268 0.049054335802793503 23.122259140014648 0.053460296243429184 1.0118047612195369e-05 4.9820005187939387e-07 0.0077306581661105156 -2.2338274163757887e-07 -1.1914886854924589e-08 36 36.7650146484375 0.43326827883720398 0.50966787338256836
SN: 1536112 10 0 C3 3 0 53.059235000000001 -28.289660000000001 0.7595599889755249 0.0010000000474974513 0.75888299942016602 0.0010000000474974513 0.75888299942016602 0.0020243020262569189 0 300 0 0 0.0065306005999445915 1 2 105547 -9 -9 0.75959998369216919 0.0010000000474974513 53.059579999999997 -28.290019999999998 1.6940000057220459 2.1589999198913574 -1.7430591583251953 10.973999977111816 0.0030000000260770321 -9999 -9999 0.5559999942779541 0.037000000476837158 -10.420999526977539 0.055226806551218033 1.6419999599456787 -999 25.489999771118164 23.829999923706055 22.760000228881836 22.190000534057617 0.029999999329447746 0.0099999997764825821 0 0 0.40000000596046448 2.190000057220459 8.6099996566772461 10.710000038146973 27.5 26.648889541625977 25.162492752075195 24.925525665283203 57708.1640625 20.686321258544922 19.040416717529297 14.428436279296875 63.242408752441406 riz 0 57709.3125 0.51566749811172485 0.50104844570159912 0.37037280201911926 -0.053944915533065796 0.034034371376037598 23.808048248291016 0.032499600201845169 5.3799785746377893e-06 1.6104017674933857e-07 0.0037651259917765856 -4.1418587670705165e-08 -1.2826339990112956e-09 44 35.296585083007812 0.82245904207229614 0.24541459977626801
SN: 1502132 10 0 X3 3 0 36.148766000000002 -4.1516690000000001 0.80326002836227417 0.0010000000474974513 0.80180597305297852 0.0010000000474974513 0.80180597305297852 0.002061756094917655 0 300 0 0 0.02502855658531189 1 1 104656 -9 -9 0.80330002307891846 0.0010000000474974513 36.148795 -4.1515950000000004 0.28799998760223389 0.37900000810623169 -9 9.3950004577636719 0.016000000759959221 -9999 -9999 1.3250000476837158 0.22499999403953552 -8.0419998168945312 0.22965408861637115 -0.12099999934434891 -999 23.790000915527344 23.350000381469727 22.899999618530273 22.690000534057617 0.0099999997764825821 0.0099999997764825821 0.0099999997764825821 0.0099999997764825821 6.440000057220459 10.050000190734863 14.909999847412109 17.770000457763672 25.477785110473633 24.994585037231445 24.566305160522461 24.375782012939453 57687.11328125 13.732064247131348 9.5287408828735352 8.7569990158081055 33.54339599609375 riz 0 57696.046875 0.86317849159240723 0.83039921522140503 0.60930442810058594 0.017439095303416252 0.055523805320262909 24.146312713623047 0.052617035806179047 3.9398069020535331e-06 1.9093124592473032e-07 0.0033039473928511143 -8.170791687689416e-08 -3.4062164200321376e-10 36 38.978668212890625 0.3372630774974823 0.28283780813217163
SN: 1367234 10 1 X1 3 0 34.128470999999998 -4.6310779999999996 0.25277999043464661 0.0010000000474974513 0.2517319917678833 0.0010000000474974513 0.2517319917678833 0.0016027863603085279 0 300 0 0 0.017004037275910378 1 1 47108 -9 -9 0.25279998779296875 0.0010000000474974513 34.128532 -4.6312129999999998 0.53200000524520874 0.55099999904632568 -9 9.3739995956420898 0.014000000432133675 -9999 -9999 -0.22800000011920929 0.24199999868869781 -9.5950002670288086 0.24544857442378998 0.81199997663497925 -999 23.409999847412109 22.690000534057617 22.340000152587891 22.100000381469727 0.019999999552965164 0.0099999997764825821 0.0099999997764825821 0.0099999997764825821 9.9200000762939453 20.569999694824219 28.659999847412109 35.709999084472656 25.008720397949219 24.216915130615234 23.856809616088867 23.618024826049805 57615.41015625 69.099899291992188 60.260540008544922 45.878910064697266 145.42860412597656 griz 0 57611.01171875 0.7609635591506958 0.70309460163116455 0.23429512977600098 -0.01570441946387291 0.02151913195848465 21.098440170288086 0.041211642324924469 6.5256564994342625e-05 2.4769647097855341e-06 -0.0011604905594140291 2.3878214960859623e-07 -5.1883933593899201e-08 38 47.380134582519531 0.14153347909450531 0.24013997614383698
SN: 1565032 10 1 X1 3 0 34.179614999999998 -4.9540800000000003 0.46219000220298767 0.0010000000474974513 0.46097001433372498 0.0010000000474974513 0.46097004413604736 0.0017712374683469534 0 300 0 0 0.017879117280244827 1 2 106949 -9 -9 0.46219998598098755 0.0010000000474974513 34.179841000000003 -4.953646 1.7599999904632568 1.7150000333786011 -2.0716042518615723 10.711999893188477 0.037000000476837158 -9999 -9999 0.97200000286102295 7.8499999046325684 -9.7720003128051758 7.8508424758911133 1.1779999732971191 -999 22.440000534057617 20.870000839233398 20.299999237060547 19.989999771118164 0.0099999997764825821 0 0 0 9.2799997329711914 42.159999847412109 68.139999389648438 73.360000610351562 25.081130981445312 23.437747955322266 22.916494369506836 22.83635139465332 57722.05078125 16.901918411254883 9.9592094421386719 7.772468090057373 39.880744934082031 riz 0 57721.65625 0.64428436756134033 -0.39572975039482117 0.5446009635925293 0.0067111956886947155 0.050910539925098419 22.954500198364258 0.048691131174564362 1.1808634553744923e-05 5.2957227580918698e-07 0.0015771114267408848 -1.2849088193434e-07 -1.7833327703442592e-08 37 21.016912460327148 0.983928382396698 0.13379339873790741
SN: 1574019 10 0 E1 3 0 7.0900759999999998 -43.54166 0.60550999641418457 0.0010000000474974513 0.60432600975036621 0.0010000000474974513 0.60432600975036621 0.0018913744715973735 0 300 0 0 0.0063201235607266426 1 2 107401 -9 -9 0.6054999828338623 0.0010000000474974513 7.0901389999999997 -43.541666999999997 0.16599999368190765 0.19699999690055847 -5.3458008766174316 10.852999687194824 0.045000001788139343 -9999 -9999 0.94099998474121094 7.4010000228881836 -9.944000244140625 7.4024596214294434 1.3760000467300415 -999 23.819999694824219 22.110000610351562 21.229999542236328 20.75 0.019999999552965164 0 0 0 6.929999828338623 34.080001831054688 77.050003051757812 116.62999725341797 25.398166656494141 23.668750762939453 22.783069610595703 22.332973480224609 57730.04296875 15.700374603271484 15.424777984619141 11.498420715332031 47.571365356445312 riz 0 57726.19140625 0.51306426525115967 0.20601043105125427 0.46492820978164673 -0.068686559796333313 0.042873948812484741 22.892417907714844 0.042739484459161758 1.2503525795182213e-05 4.9219528364119469e-07 0.0049623274244368076 -1.6791547352568159e-07 -9.9366763706143502e-09 32 19.124872207641602 0.96484112739562988 0.23903152346611023
SN: 1487043 10 0 X3 3 0 35.876556000000001 -4.5645730000000002 0.69362998008728027 0.0010000000474974513 0.6922600269317627 0.0010000000474974513 0.6922600269317627 0.0019666128791868687 0 300 0 0 0.023092629387974739 1 1 104140 -9 -9 0.69359999895095825 0.0010000000474974513 35.875981000000003 -4.5640400000000003 2.8169999122619629 2.502000093460083 -9 11.041999816894531 0.014999999664723873 -9999 -9999 1.343000054359436 0.32300001382827759 -9.7030000686645508 0.32625910639762878 1.0210000276565552 -999 23.079999923706055 21.649999618530273 20.670000076293945 20.450000762939453 0 0 0 0 0.99000000953674316 3.0499999523162842 6.5300002098083496 7 27.5 26.289249420166016 25.462717056274414 25.38725471496582 57687.11328125 15.371621131896973 14.563081741333008 12.987277030944824 50.476829528808594 riz 0 57686.53515625 0.51929867267608643 0.97311753034591675 0.39702343940734863 0.15622460842132568 0.041303854435682297 23.777917861938477 0.043343394994735718 5.531376700673718e-06 2.2081665917994542e-07 0.0036797556094825268 -6.3260706895107433e-08 -4.8273780528518273e-09 40 26.393260955810547 0.9517441987991333 0.61351174116134644
SN: 1402076 10 0 X3 3 0 36.740184999999997 -4.1449220000000002 0.89762002229690552 0.0010000000474974513 0.89610797166824341 0.0010000000474974513 0.89610791206359863 0.0021447665058076382 0 300 0 0 0.024170031771063805 1 2 49416 -9 -9 0.89759999513626099 0.0010000000474974513 36.740017999999999 -4.1449639999999999 0.61699998378753662 0.62699997425079346 -3.6422049999237061 9.8459997177124023 0.018999999389052391 -9999 -9999 1.784000039100647 0.39399999380111694 -8.0430002212524414 0.40576469898223877 0.10000000149011612 -999 24.090000152587891 23.569999694824219 22.930000305175781 22.629999160766602 0.0099999997764825821 0.0099999997764825821 0.0099999997764825821 0.0099999997764825821 5.869999885559082 9.7200002670288086 16.350000381469727 20.209999084472656 25.578405380249023 25.030834197998047 24.466205596923828 24.236083984375 57670.10546875 11.377490043640137 8.3889074325561523 -99 28.277252197265625 iz 0 57653.89453125 1.2428781986236572 1.324312686920166 0.82808780670166016 -0.0046690208837389946 0.12148298323154449 24.398469924926758 0.061055298894643784 3.1232852961693425e-06 1.7563485243954347e-07 0.016649967059493065 -1.0014438345251619e-07 -6.7862249153449739e-09 29 17.628393173217773 0.951496422290802 0.44171184301376343
SN: 1644211 10 0 E1+E2 3 0 9.1104939999999992 -43.358231000000004 0.45849001407623291 0.0010000000474974513 0.45742601156234741 0.0010000000474974513 0.45742607116699219 0.001768311602063477 0 300 0 0 0.006282090675085783 1 1 112745 -9 -9 0.45849999785423279 0.0010000000474974513 9.1102959999999999 -43.358801999999997 2.121999979019165 1.5559999942779541 -9 10.793999671936035 0.032999999821186066 -9999 -9999 0.90700000524520874 1.0420000553131104 -9.8839998245239258 1.0440881252288818 1.2369999885559082 -999 23.280000686645508 21.579999923706055 20.889999389648438 20.469999313354492 0.0099999997764825821 0 0 0 5.809999942779541 23.920000076293945 35.729999542236328 54.020000457763672 25.589559555053711 24.053096771240234 23.61741828918457 23.168613433837891 57752.0703125 19.248249053955078 16.215549468994141 12.377379417419434 56.446186065673828 riz 0 57746.41015625 0.56788140535354614 -1.0207185745239258 0.59302598237991333 0.22340176999568939 0.039116837084293365 23.296972274780273 0.04147903248667717 8.614126272732392e-06 3.2909065339481458e-07 0.0042832554318010807 -7.1985937211138662e-08 -1.0195227773124316e-08 38 34.748508453369141 0.6205977201461792 0.81871861219406128
SN: 1701088 10 0 C2 3 0 55.073906000000001 -28.443200999999998 0.72462999820709229 0.0010000000474974513 0.72402799129486084 0.0010000000474974513 0.72402799129486084 0.0019940510392189026 0 300 0 0 0.0098490333184599876 3 7 117206 -9 -9 0.72460001707077026 0.0010000000474974513 55.073813000000001 -28.443473000000001 1.0230000019073486 1.6480000019073486 0.96444827318191528 10.269000053405762 0.024000000208616257 -9999 -9999 0.98400002717971802 0.28400000929832458 -9.2609996795654297 0.28872132301330566 0.87699997425079346 -999 24.530000686645508 23.159999847412109 22.389999389648438 22.020000457763672 0.029999999329447746 0.0099999997764825821 0.0099999997764825821 0.0099999997764825821 5.190000057220459 21.829999923706055 58.599998474121094 65.150001525878906 25.712081909179688 24.152366638183594 23.080255508422852 22.965213775634766 57770.15625 8.860987663269043 6.793550968170166 5.5059866905212402 23.274312973022461 riz 0 57767.78125 1.0414614677429199 0.051026739180088043 0.94541794061660767 -0.13154944777488708 0.08000434935092926 23.501157760620117 0.080481722950935364 7.1373428909282666e-06 5.2906557357346173e-07 0.026442496106028557 -3.2593075616205169e-07 -8.3990583377158146e-09 23 22.229608535766602 0.50642883777618408 0.43882790207862854
SN: 1642158 10 0 S2 3 0 40.509708000000003 -0.53276599999999996 0.68826001882553101 0.0010000000474974513 0.68699997663497925 0.0010000000474974513 0.68700003623962402 0.0019620824605226517 0 300 0 0 0.02575746551156044 1 1 77687 -9 -9 0.68830001354217529 0.0010000000474974513 40.509836 -0.53276599999999996 0.46000000834465027 0.32199999690055847 -9 11.321000099182129 0.064999997615814209 -9999 -9999 0.20000000298023224 10.199999809265137 -11.055999755859375 10.200974464416504 1.3500000238418579 -999 24.069999694824219 22.149999618530273 21.069999694824219 20.579999923706055 0.019999999552965164 0.0099999997764825821 0 0 5.4899997711181641 34.700000762939453 96.819999694824219 149.83000183105469 25.651069641113281 23.649175643920898 22.535087585449219 22.061002731323242 57746.046875 16.255178451538086 10.960553169250488 7.7180109024047852 29.425128936767578 riz 0 57751.12890625 1.1106163263320923 0.81123435497283936 0.84314078092575073 -0.20414182543754578 0.061027955263853073 23.330554962158203 0.055925305932760239 8.3517652456066571e-06 4.3019201712013455e-07 0.0059217666275799274 -2.354842365548393e-07 2.6723983026499809e-09 20 8.7178974151611328 0.9859502911567688 0.73223322629928589
SN: 1645092 10 0 X2 3 0 35.902690999999997 -6.2299329999999999 0.51459002494812012 9.9999997473787516e-05 0.51337498426437378 9.9999997473787516e-05 0.51337504386901855 0.0015176826855167747 0 300 0 0 0.02617226168513298 1 1 -25353 -9 -9 0.51459997892379761 9.9999997473787516e-05 35.902895999999998 -6.2298520000000002 0.79000002145767212 0.56800001859664917 -9 11.392999649047852 0.063000001013278961 -9999 -9999 -9.7390003204345703 0.26100000739097595 -21.108999252319336 0.26780778169631958 1.4140000343322754 -999 22.459999084472656 20.629999160766602 19.809999465942383 19.389999389648438 0.0099999997764825821 0 0 0 23.950000762939453 139.97999572753906 292.489990234375 422.79998779296875 24.051736831665039 22.134834289550781 21.334722518920898 20.934661865234375 57739.1171875 10.10328483581543 6.3709931373596191 5.0306668281555176 23.0877685546875 riz 0 57742.4453125 1.3134803771972656 -0.76648509502410889 0.99062108993530273 -0.15328130125999451 0.090585887432098389 23.103769302368164 0.078473173081874847 1.0291815669916105e-05 7.4385604875715217e-07 0.011733605526387691 -3.7645048678314197e-07 -3.0709106368931316e-08 26 24.045188903808594 0.57338118553161621 0.57125735282897949
SN: 1380034 10 0 X3 3 0 36.818745 -3.6743860000000002 0.63064998388290405 0.0010000000474974513 0.62935000658035278 0.0010000000474974513 0.62934994697570801 0.0019126746337860823 0 300 0 0 0.024435602128505707 1 2 -20925 -9 -9 0.6305999755859375 0.0010000000474974513 36.818854000000002 -3.6743649999999999 0.3970000147819519 0.4779999852180481 -3.9807724952697754 9.3389997482299805 0.046000000089406967 -9999 -9999 1.1009999513626099 1.1180000305175781 -8.1979999542236328 1.1194521188735962 0.31499999761581421 -999 24.719999313354492 23.829999923706055 23.420000076293945 23.239999771118164 0.019999999552965164 0.0099999997764825821 0.0099999997764825821 0.0099999997764825821 2.9100000858306885 6.5300002098083496 9.7200002670288086 10.409999847412109 26.340267181396484 25.462717056274414 25.030834197998047 24.95637321472168 57637.25390625 17.573642730712891 10.193584442138672 9.8278017044067383 38.205440521240234 riz 0 57637.2578125 0.77656102180480957 -0.36351144313812256 0.58331239223480225 -0.10787234455347061 0.048341438174247742 24.067060470581055 0.048387382179498672 4.2381420826131944e-06 1.8887884323248727e-07 0.0058863791637122631 -7.5009360500644107e-08 -4.1046765986152423e-09 39 50.604152679443359 0.10093225538730621 0.37944182753562927
SN: 1508029 10 0 C3 3 0 53.325958 -27.864142999999999 0.8534960150718689 0.0010000000474974513 0.85278600454330444 0.0010000000474974513 0.85278606414794922 0.0021065131295472383 0 300 0 0 0.0060661300085484982 1 2 104748 -9 -9 0.85350000858306885 0.0010000000474974513 53.325662000000001 -27.864252 1.0190000534057617 1.3070000410079956 -2.657731294631958 10.829000473022461 0.014000000432133675 -9999 -9999 1.0299999713897705 0.164000004529953 -9.7849998474121094 0.16487874090671539 0.84399998188018799 -999 23.600000381469727 22.819999694824219 21.870000839233398 21.459999084472656 0.0099999997764825821 0 0 0 4.070000171661377 10.090000152587891 22.809999465942383 34.869998931884766 25.97601318359375 24.990272521972656 24.104686737060547 23.643869400024414 57680.328125 11.740328788757324 10.475977897644043 -99 28.280893325805664 iz 0 57690.23046875 1.0808565616607666 -0.84633362293243408 0.5850684642791748 0.11483009159564972 0.12392398715019226 24.347417831420898 0.059353146702051163 3.2736561479396187e-06 1.789585724054632e-07 -0.0013521082000806928 -5.1369962505987132e-08 -9.1035232685499068e-09 30 26.396909713745117 0.6547275185585022 0.47549685835838318
SN: 1448122 10 0 C3 3 0 52.127200999999999 -27.348057000000001 0.57752001285552979 0.0010000000474974513 0.57687801122665405 0.0010000000474974513 0.57687807083129883 0.0018681176006793976 0 300 0 0 0.0072538610547780991 1 2 102337 -9 -9 0.57749998569488525 0.0010000000474974513 52.127191000000003 -27.348009999999999 0.17100000381469727 0.20499999821186066 -5.0541634559631348 9.5920000076293945 0.065999999642372131 -9999 -9999 0.20900000631809235 0.02500000037252903 -9.4130001068115234 0.048020828515291214 0.34799998998641968 -999 23.959999084472656 23.059999465942383 22.680000305175781 22.510000228881836 0.0099999997764825821 0 0 0.0099999997764825821 6.179999828338623 14.430000305175781 21.049999237060547 23.610000610351562 25.522529602050781 24.601833343505859 24.191869735717773 24.0672607421875 57681.3046875 21.835309982299805 20.195089340209961 16.76972770690918 67.783828735351562 riz 0 57677.96875 0.37194430828094482 0.1306605339050293 0.2780795693397522 -0.019287742674350739 0.036420427262783051 23.257522583007812 0.040151655673980713 8.9328677859157324e-06 3.3034675084309129e-07 0.0028897516895085573 -6.359981341574894e-08 -8.2509883370107673e-09 39 27.526218414306641 0.91568094491958618 0.0776558518409729
SN: 1655086 10 0 C3 3 0 51.794291999999999 -28.319025 0.42838999629020691 0.0010000000474974513 0.42781001329421997 0.0010000000474974513 0.4278099536895752 0.0017439501825720072 0 300 0 0 0.0095177264884114265 1 1 113539 -9 -9 0.42840000987052917 0.0010000000474974513 51.794255 -28.319195000000001 0.62400001287460327 0.88499999046325684 -9 8.8529996871948242 0.017999999225139618 -9999 -9999 0.62300002574920654 0.44100001454353333 -8.1979999542236328 0.44393917918205261 0.21199999749660492 -999 24.389999389648438 23.510000228881836 23.299999237060547 23.040000915527344 0.0099999997764825821 0.0099999997764825821 0.0099999997764825821 0.0099999997764825821 3.6600000858306885 8.0299997329711914 11.010000228881836 11.789999961853027 26.091297149658203 25.238210678100586 24.895530700683594 24.821216583251953 57763.1015625 70.222427368164062 52.054115295410156 27.72801399230957 163.31964111328125 riz 0 57761.00390625 0.24507682025432587 0.18925012648105621 0.25607964396476746 -0.0011748002143576741 0.027726400643587112 22.521224975585938 0.033283017575740814 1.759990664140787e-05 5.3952146572555648e-07 0.0019570719450712204 -8.0949675407282484e-08 -1.2127205906153904e-08 22 19.474729537963867 0.61585980653762817 0.063204802572727203
SN: 1377086 10 0 E1 3 0 8.3208400000000005 -43.408562000000003 0.33213001489639282 0.0010000000474974513 0.33115300536155701 0.0010000000474974513 0.33115303516387939 0.0016656330553814769 0 300 0 0 0.0065863416530191898 1 2 -20063 -9 -9 0.33210000395774841 0.0010000000474974513 8.3207970000000007 -43.408614 0.21799999475479126 0.26800000667572021 -4.8440146446228027 9.7130002975463867 0.017999999225139618 -9999 -9999 1.2150000333786011 0.15800000727176666 -8.4879999160766602 0.16120794415473938 0.43399998545646667 -999 22.090000152587891 21.280000686645508 20.989999771118164 20.739999771118164 0 0 0 0 32.689998626708984 69.989997863769531 89.800003051757812 107.41999816894531 23.713962554931641 22.887409210205078 22.616809844970703 22.422286987304688 57642.140625 15.799543380737305 14.79356861114502 10.597067832946777 49.013561248779297 griz 0 57640.5546875 0.39329135417938232 0.49955615401268005 0.46219220757484436 -0.027142845094203949 0.030277946963906288 22.666118621826172 0.044353790581226349 1.5401117707369849e-05 6.2915648868511198e-07 0.0051259775646030903 -2.1036291286691267e-07 -1.085626522012717e-08 61 111.67343902587891 8.1610880442894995e-05 0.1895110011100769
SN: 1366475 10 1 C2 3 0 54.969200000000001 -29.526581 0.45596000552177429 0.0010000000474974513 0.45545899868011475 0.0010000000474974513 0.45545899868011475 0.0017666885396465659 0 300 0 0 0.010331315919756889 1 2 47532 -9 -9 0.45600000023841858 0.0010000000474974513 54.969225999999999 -29.526553 0.13099999725818634 0.2199999988079071 -5.3208374977111816 8.8339996337890625 0.023000000044703484 -9999 -9999 0.51599997282028198 0.054999999701976776 -8.3070001602172852 0.080659776926040649 -0.059000000357627869 -999 23.860000610351562 23.120000839233398 22.909999847412109 22.75 0.019999999552965164 0.0099999997764825821 0.0099999997764825821 0.0099999997764825821 6.309999942779541 12.119999885559082 15.439999580383301 16.530000686645508 25.499927520751953 24.791242599487305 24.52838134765625 24.454317092895508 57643.21875 29.547235488891602 19.257699966430664 12.179502487182617 65.715469360351562 riz 0 57637.19140625 0.49155420064926147 0.062852516770362854 0.38127678632736206 -0.096984155476093292 0.03597557544708252 22.449911117553711 0.037602301687002182 1.8794709831126966e-05 6.5091717260656878e-07 0.0017893480835482478 -1.1731159332839525e-07 -1.6728504803609212e-08 41 61.189849853515625 0.022030174732208252 0.32395869493484497
SN: 1645145 10 0 X3 3 0 35.776611000000003 -4.9496560000000001 0.82775002717971802 0.0010000000474974513 0.82627099752426147 0.0010000000474974513 0.82627105712890625 0.0020831988658756018 0 300 0 0 0.023023182526230812 1 3 112430 -9 -9 0.82779997587203979 0.0010000000474974513 35.776722999999997 -4.9497179999999998 0.46200001239776611 0.60900002717971802 -3.8234376907348633 10.755999565124512 0.008999999612569809 -9999 -9999 1.0410000085830688 0.28799998760223389 -9.7049999237060547 0.29502540826797485 0.99199998378753662 -999 24.200000762939453 23.159999847412109 22.209999084472656 21.75 0.0099999997764825821 0.0099999997764825821 0 0 4.119999885559082 11.970000267028809 28.700000762939453 43.049999237060547 25.962757110595703 24.804763793945312 23.855295181274414 23.415067672729492 57747.09375 14.746475219726562 9.2814540863037109 9.2353591918945312 32.677608489990234 riz 0 57743.61328125 1.0370242595672607 0.20610789954662323 0.73328542709350586 0.15006878972053528 0.060216337442398071 24.364419937133789 0.047609969973564148 3.2227899282588623e-06 1.4132064052319038e-07 0.0033320044167339802 -4.6089656535741597e-08 -2.8671007235026025e-10 23 26.52446174621582 0.27673783898353577 0.5049251914024353
SN: 1532057 10 0 E2 3 0 9.635885 -44.513129999999997 0.50503998994827271 0.0010000000474974513 0.50397402048110962 0.0010000000474974513 0.50397396087646484 0.0018069191137328744 0 300 0 0 0.0065011433325707912 1 1 105695 -9 -9 0.50499999523162842 0.0010000000474974513 9.6359180000000002 -44.513128999999999 0.085000000894069672 0.11699999868869781 -9 10.241000175476074 0.035999998450279236 -9999 -9999 -0.064000003039836884 7.744999885559082 -10.303999900817871 7.7455344200134277 1.2339999675750732 -999 23.860000610351562 22.180000305175781 21.579999923706055 21.219999313354492 0.019999999552965164 0 0 0 6.059999942779541 28.489999771118164 51.959999084472656 69.709999084472656 25.543819427490234 23.863269805908203 23.210826873779297 22.891761779785156 57708.06640625 18.313068389892578 12.831751823425293 9.3379449844360352 50.895393371582031 riz 0 57707.21484375 0.50772041082382202 0.11850298196077347 0.43079543113708496 0.054172985255718231 0.041556403040885925 22.916414260864258 0.046700391918420792 1.2230218999320641e-05 5.2605412292905385e-07 0.0040352707728743553 -1.4509386403460667e-07 -1.4571564399545878e-08 38 26.037145614624023 0.92942684888839722 0.18484653532505035
SN: 1563063 10 0 C2 3 0 54.621529000000002 -29.28332 0.71612000465393066 0.0010000000474974513 0.71551597118377686 0.0010000000474974513 0.71551597118377686 0.0019866866059601307 0 300 0 0 0.010274600237607956 1 2 106561 -9 -9 0.71609997749328613 0.0010000000474974513 54.621600999999998 -29.283366999999998 0.28099998831748962 0.36000001430511475 -4.2555809020996094 10.795999526977539 0.02199999988079071 -9999 -9999 -0.79400002956390381 2.2390000820159912 -11.602999687194824 2.2421600818634033 1.4160000085830688 -999 24.639999389648438 22.729999542236328 21.600000381469727 21.129999160766602 0.029999999329447746 0.0099999997764825821 0 0 2.7599999904632568 17.620000839233398 50.680000305175781 81.319999694824219 26.397727966308594 24.384984970092773 23.237907409667969 22.724506378173828 57725.06640625 8.8586492538452148 7.5635232925415039 5.3310294151306152 25.178529739379883 riz 0 57717.36328125 0.88227999210357666 0.54563051462173462 0.69920885562896729 -0.11412724107503891 0.075191915035247803 23.528270721435547 0.076172135770320892 6.9613270170520991e-06 4.8838671773410169e-07 0.0099284760653972626 -2.5730199126883235e-07 -7.97234611660258e-10 34 34.603412628173828 0.4389687180519104 0.42166540026664734
SN: 1302418 10 0 E2 3 0 9.3809380000000004 -44.551220000000001 0.47885000705718994 0.0010000000474974513 0.47780099511146545 0.0010000000474974513 0.47780096530914307 0.001785164000466466 0 300 0 0 0.0074503729119896889 1 1 30591 -9 -9 0.47889998555183411 0.0010000000474974513 9.3809489999999993 -44.551081000000003 0.50199997425079346 0.6029999852180481 -9 10.696000099182129 0.048000000417232513 -9999 -9999 0.67199999094009399 0.64600002765655518 -10.022000312805176 0.65294790267944336 1.4309999942779541 -999 24.209999084472656 22.479999542236328 21.75 21.239999771118164 0.029999999329447746 0.0099999997764825821 0 0 4.75 24.590000152587891 49.430000305175781 78.879997253417969 25.808265686035156 24.023103713989258 23.265024185180664 22.757583618164062 56960.171875 21.978878021240234 14.415117263793945 9.7597494125366211 50.158443450927734 riz 0 56957.8828125 0.55058050155639648 -0.10653126984834671 0.3895149827003479 0.046501070261001587 0.043987065553665161 22.898160934448242 0.043281190097332001 1.2437566510925535e-05 4.9580432914808625e-07 0.0011059860698878765 -8.9675616266049474e-08 -1.4954508742448525e-08 31 32.126125335693359 0.41065335273742676 0.15901917219161987
SN: 1314709 10 0 C1 3 0 54.872790999999999 -26.824076000000002 0.66048002243041992 0.0010000000474974513 0.65987801551818848 0.0010000000474974513 0.65987801551818848 0.0019387811189517379 0 300 0 0 0.011546052992343903 1 2 22723 -9 -9 0.66049998998641968 0.0010000000474974513 54.872703999999999 -26.824259000000001 0.71700000762939453 1.0279999971389771 -2.3198108673095703 9.7840003967285156 0.046999998390674591 -9999 -9999 0.24699999392032623 0.037999998778104782 -9.5659999847412109 0.13544002175331116 0.45699998736381531 -999 24.309999465942383 23.319999694824219 22.739999771118164 22.559999465942383 0.019999999552965164 0.0099999997764825821 0.0099999997764825821 0.0099999997764825821 4.7699999809265137 11.170000076293945 19.309999465942383 22.649999618530273 25.803703308105469 24.879867553710938 24.285545349121094 24.112329483032227 56992.14453125 8.3092718124389648 7.9270968437194824 7.6197361946105957 26.475914001464844 riz 0 56996.23828125 0.79864096641540527 -0.54482299089431763 0.6637347936630249 0.049263190478086472 0.071098707616329193 23.63530158996582 0.07118234783411026 6.3078250605030917e-06 4.1354962831974262e-07 0.010100897401571274 -1.9819411534172104e-07 -1.229639767785784e-08 47 35.648281097412109 0.88701379299163818 0.24483969807624817
SN: 1297064 10 0 C1 3 0 53.489235000000001 -26.466818 0.65109002590179443 0.0010000000474974513 0.65044701099395752 0.0010000000474974513 0.65044701099395752 0.0019307022448629141 0 300 0 0 0.0091184312477707863 1 1 22577 -9 -9 0.65109997987747192 0.0010000000474974513 53.489272999999997 -26.466882999999999 0.26499998569488525 0.31000000238418579 -9 10.805000305175781 0.043999999761581421 -9999 -9999 1.0900000333786011 1.0679999589920044 -9.6969995498657227 1.0764985084533691 1.2269999980926514 -999 24.059999465942383 22.629999160766602 21.790000915527344 21.389999389648438 0.019999999552965164 0.0099999997764825821 0 0 5.8299999237060547 22.680000305175781 50.380001068115234 73.760002136230469 25.58582878112793 24.110893249511719 23.244354248046875 22.830448150634766 56920.3125 9.5119400024414062 9.2065811157226562 8.9233579635620117 23.890310287475586 riz 0 56919.7421875 1.2402892112731934 -1.2782450914382935 0.76959264278411865 0.022941101342439651 0.079474963247776031 23.644235610961914 0.065563134849071503 6.2561261984228622e-06 3.7778170280944323e-07 0.0040761986747384071 -1.4882074594879668e-07 -1.191852749826694e-08 38 41.632827758789062 0.31557562947273254 0.43288949131965637
SN: 1294341 10 0 S2 3 0 41.784325000000003 -1.216823 0.36897000670433044 0.0010000000474974513 0.36798098683357239 0.0010000000474974513 0.36798095703125 0.0016952491132542491 0 300 0 0 0.030673632398247719 1 1 32947 -9 -9 0.36899998784065247 0.0010000000474974513 41.784314999999999 -1.216896 0.26600000262260437 0.28099998831748962 -9 10.373000144958496 0.048999998718500137 -9999 -9999 0.97699999809265137 1.2289999723434448 -9.4090003967285156 1.2370618581771851 0.96899998188018799 -999 22.170000076293945 20.829999923706055 20.469999313354492 20.219999313354492 0 0 0 0 32.290000915527344 108.73999786376953 155.71000671386719 192.83000183105469 23.727329254150391 22.409027099609375 22.019208908081055 21.787063598632812 56915.265625 15.143988609313965 13.985186576843262 12.702980041503906 45.263095855712891 griz 0 56911.671875 0.47154182195663452 0.02575012668967247 0.51441240310668945 -0.015750361606478691 0.033888094127178192 22.052444458007812 0.056421909481287003 2.7103282263851725e-05 1.4084627082411316e-06 0.0076324273832142353 -5.7487471849526628e-07 -2.83461467631696e-08 34 34.823345184326172 0.42863669991493225 0.053198222070932388
SN: 1305756 10 0 C1 3 0 53.495350000000002 -26.872685000000001 0.27638000249862671 0.0010000000474974513 0.27588701248168945 0.0010000000474974513 0.27588701248168945 0.001621746108867228 0 300 0 0 0.0076320492662489414 2 2 22412 -9 -9 0.27639999985694885 0.0010000000474974513 53.495224999999998 -26.872267000000001 1.5559999942779541 1.4869999885559082 -0.94679635763168335 8.8950004577636719 0.02500000037252903 -9999 -9999 0.62099999189376831 0.17700000107288361 -8.2530002593994141 0.18365728855133057 0.38100001215934753 -999 23.790000915527344 23.370000839233398 22.989999771118164 22.520000457763672 0.0099999997764825821 0.0099999997764825821 0.0099999997764825821 0.0099999997764825821 5.4800000190734863 7.6100001335144043 9.9499998092651367 13.119999885559082 25.653049468994141 25.296539306640625 25.005441665649414 24.705165863037109 56973.31640625 33.978309631347656 28.186687469482422 21.706148147583008 75.822166442871094 griz 0 56971.9921875 0.33068034052848816 -1.8916498422622681 0.21519148349761963 0.19097481667995453 0.031170830130577087 22.219732284545898 0.041071623563766479 2.3233109459397383e-05 8.7887053723534336e-07 0.0011410961160436273 -7.0677742769476026e-08 -2.1409906736380435e-08 48 75.69354248046875 0.0065720253624022007 0.89600825309753418
SN: 1293832 10 0 C3 3 0 52.388741000000003 -27.570765999999999 0.81397998332977295 0.0010000000474974513 0.81325197219848633 0.0010000000474974513 0.81325197219848633 0.0020717796869575977 0 300 0 0 0.0085119940340518951 1 1 25955 -9 -9 0.81400001049041748 0.0010000000474974513 52.388418000000001 -27.571123 1.6460000276565552 1.9299999475479126 -9 10.944999694824219 0.0080000003799796104 -9999 -9999 1.0789999961853027 0.15999999642372131 -9.8610000610351562 0.17053152620792389 0.77799999713897705 -999 23.030000686645508 22.239999771118164 21.430000305175781 21.040000915527344 0 0 0 0 3.9600000381469727 7.8299999237060547 16.719999313354492 23.959999084472656 26.005762100219727 25.265596389770508 24.441909790039062 24.05128288269043 56920.22265625 27.845544815063477 20.903657913208008 20.112817764282227 67.021133422851562 riz 0 56917.57421875 0.93573516607284546 1.7793209552764893 0.48222750425338745 -0.069239132106304169 0.037554994225502014 23.691856384277344 0.034488067030906677 5.9876610976061784e-06 1.9019616104287707e-07 0.0016531667206436396 -5.0044238975033295e-08 -2.3470914448098235e-11 37 27.791269302368164 0.86337816715240479 0.63643002510070801
SN: 1316385 10 1 C1+C3 3 0 53.525981999999999 -27.632116 0.1478399932384491 0.0010000000474974513 0.14740200340747833 0.0010000000474974513 0.14740204811096191 0.0015225927345454693 0 300 0 0 0.0071153156459331512 1 1 22983 -9 -9 0.14779999852180481 0.0010000000474974513 53.525982999999997 -27.632095 0.074000000953674316 0.068000003695487976 -9 9.9110002517700195 0.035000000149011612 -9999 -9999 -0.42599999904632568 6.869999885559082 -10.354000091552734 6.8708024024963379 1.0980000495910645 -999 20.75 19.870000839233398 19.469999313354492 19.350000381469727 0 0 0 0 121.5 267.8900146484375 381.77999877929688 458.67001342773438 22.288558959960938 21.430109024047852 21.045467376708984 20.846248626708984 57018.0703125 301.40621948242188 231.64088439941406 138.61592102050781 936.13836669921875 griz 0 57019.8828125 0.10594069957733154 0.93409442901611328 0.092155881226062775 0.0096252541989088058 0.012610210105776787 19.57220458984375 0.016245786100625992 0.00026614495436660945 3.9823062252253294e-06 0.00022094816085882485 -1.7843407817963453e-07 -3.6444475881580729e-08 74 47.462299346923828 0.99303066730499268 0.3130134642124176
SN: 1296321 10 1 S2 3 0 40.916874 -0.76194600000000001 0.1853100061416626 0.0010000000474974513 0.18443499505519867 0.0010000000474974513 0.18443500995635986 0.001550728571601212 0 300 0 0 0.029841819778084755 1 1 33368 -9 -9 0.18529999256134033 0.0010000000474974513 40.916891 -0.76202199999999998 0.27900001406669617 0.22699999809265137 -9 9.3199996948242188 0.012000000104308128 -9999 -9999 0.37299999594688416 0.52499997615814209 -8.9200000762939453 0.52747130393981934 0.6119999885559082 -999 22.209999084472656 21.590000152587891 21.299999237060547 21.110000610351562 0 0 0 0 35.520000457763672 58.75 80.199996948242188 93.120002746582031 23.623817443847656 23.077480316162109 22.73956298828125 22.577392578125 56932.21875 72.554885864257812 63.004505157470703 49.030796051025391 186.05690002441406 griz 0 56930.16796875 0.22130556404590607 0.534385085105896 0.16205514967441559 0.077147141098976135 0.01595471054315567 20.947763442993164 0.021295944228768349 7.4971278081648052e-05 1.4705083231092431e-06 0.00034037447767332196 -9.6491014289767918e-08 -1.7076235536706008e-08 39 38.431098937988281 0.49563708901405334 0.31282502412796021
SN: 1320843 10 0 S1 3 0 42.314587000000003 0.36074800000000001 0.60988998413085938 0.0010000000474974513 0.60873502492904663 0.0010000000474974513 0.60873508453369141 0.0018951208330690861 0 300 0 0 0.044397503137588501 1 2 32257 -9 -9 0.60989999771118164 0.0010000000474974513 42.314714000000002 0.36060799999999998 0.6809999942779541 1.1430000066757202 -2.7376227378845215 9.375 0.043999999761581421 -9999 -9999 0.55299997329711914 0.92000001668930054 -8.7939996719360352 0.92956387996673584 0.38400000333786011 -999 24.700000762939453 23.559999465942383 23.129999160766602 23.010000228881836 0.039999999105930328 0.019999999552965164 0.019999999552965164 0.019999999552965164 2.6800000667572021 8 11.800000190734863 15.180000305175781 26.429662704467773 25.242275238037109 24.820295333862305 24.546821594238281 57026.16015625 11.101386070251465 7.8499460220336914 6.8222684860229492 23.238018035888672 riz 0 57014.8828125 1.0329444408416748 0.12632034718990326 0.83797705173492432 0.0066135372035205364 0.085375048220157623 23.417661666870117 0.079894855618476868 7.7078921094653197e-06 5.6719204621913377e-07 0.017419353127479553 -3.2556738460698398e-07 -2.3040664487439244e-08 24 18.82868766784668 0.76106292009353638 0.047528605908155441
SN: 1309330 10 0 C2 3 0 54.249946999999999 -28.739609000000002 0.34520998597145081 0.0010000000474974513 0.34472399950027466 0.0010000000474974513 0.34472393989562988 0.0016765131149441004 0 300 0 0 0.010220994241535664 1 3 25091 -9 -9 0.34520000219345093 0.0010000000474974513 54.250055000000003 -28.739643000000001 0.36100000143051147 0.45699998736381531 -3.83302903175354 9.0579996109008789 0.028000000864267349 -9999 -9999 0.75499999523162842 0.20600000023841858 -8.3030004501342773 0.22246797382831573 0.30000001192092896 -999 23.309999465942383 22.620000839233398 22.379999160766602 22.100000381469727 0.0099999997764825821 0.0099999997764825821 0.0099999997764825821 0.0099999997764825821 10.270000457763672 21.569999694824219 25.819999694824219 32.840000152587891 24.971073150634766 24.165374755859375 23.970109939575195 23.708992004394531 56980.30859375 8.4369525909423828 8.0905876159667969 6.4247956275939941 21.458911895751953 griz 0 56981.828125 0.97552603483200073 -0.82249730825424194 0.98050165176391602 0.16296184062957764 0.067030355334281921 23.525094985961914 0.083728715777397156 6.9817187977605499e-06 5.3840921054870705e-07 0.019696023315191269 -2.8759657766386226e-07 -2.1363193880574727e-08 43 27.439680099487305 0.96880769729614258 0.60847330093383789
SN: 1295509 10 0 C3 3 0 52.941840999999997 -28.291429999999998 0.68427997827529907 0.0010000000474974513 0.68362802267074585 0.0010000000474974513 0.68362808227539062 0.0019591802265495062 0 300 0 0 0.007919621653854847 1 2 25866 -9 -9 0.6843000054359436 0.0010000000474974513 52.941977999999999 -28.291640000000001 0.87099999189376831 1.0609999895095825 -3.0787737369537354 9.8149995803833008 0.014000000432133675 -9999 -9999 0.61000001430511475 0.014000000432133675 -9.1949996948242188 0.054817881435155869 0.15999999642372131 -999 23.549999237060547 22.780000686645508 22.290000915527344 22.129999160766602 0.0099999997764825821 0 0 0.0099999997764825821 6.9099998474121094 13.779999732971191 23.020000457763672 24.409999847412109 25.401304244995117 24.651876449584961 24.094736099243164 24.03108024597168 56933.17578125 32.648269653320312 31.437076568603516 23.696554183959961 79.167144775390625 riz 0 56920.94921875 0.51544421911239624 -0.20121408998966217 0.30922293663024902 -0.041025139391422272 0.032643824815750122 23.481441497802734 0.024869043380022049 7.2681377787375823e-06 1.664784150534615e-07 0.00098047091159969568 -2.6474014092059406e-08 -1.8518842015424752e-09 37 34.376258850097656 0.59268796443939209 0.15231302380561829
SN: 1314296 10 0 X3 3 0 36.887183999999998 -5.1079330000000001 0.70560997724533081 0.0010000000474974513 0.70426100492477417 0.0010000000474974513 0.70426106452941895 0.0019769628997892141 0 300 0 0 0.022157482802867889 1 1 37473 -9 -9 0.70560002326965332 0.0010000000474974513 36.887188999999999 -5.1079270000000001 0.027000000700354576 0.032000001519918442 -9 10.456999778747559 0.0060000000521540642 -9999 -9999 0.80000001192092896 0.15199999511241913 -9.6510000228881836 0.15667802095413208 0.62699997425079346 -999 23.340000152587891 22.440000534057617 21.760000228881836 21.479999542236328 0.0099999997764825821 0 0 0 10.789999961853027 25.290000915527344 47.959999084472656 57.970001220703125 24.917446136474609 23.99262809753418 23.297801971435547 23.091991424560547 57005.109375 28.965044021606445 20.431999206542969 13.442142486572266 60.565837860107422 riz 0 57002.6953125 0.52872699499130249 0.41664519906044006 0.40370446443557739 -0.049122840166091919 0.038975760340690613 23.648157119750977 0.032462034374475479 6.2335734583029989e-06 1.8637535958987428e-07 0.0041830628179013729 -5.234020505895387e-08 -1.3425403011524395e-09 26 22.044437408447266 0.68626284599304199 0.21470871567726135
SN: 1300470 10 0 E2 3 0 9.2327560000000002 -44.844143000000003 0.51520001888275146 0.0010000000474974513 0.51413100957870483 0.0010000000474974513 0.51413106918334961 0.0018153932178393006 0 300 0 0 0.0080592222511768341 1 1 30549 -9 -9 0.51520001888275146 0.0010000000474974513 9.2331149999999997 -44.843964999999997 1.1189999580383301 1.2050000429153442 -9 10.680999755859375 0.016000000759959221 -9999 -9999 0.88400000333786011 0.29800000786781311 -9.7849998474121094 0.30004832148551941 0.94199997186660767 -999 23.209999084472656 21.709999084472656 21.069999694824219 20.649999618530273 0.0099999997764825821 0 0 0 8.6000003814697266 27.819999694824219 64.300003051757812 91.80999755859375 25.163753509521484 23.889106750488281 22.979473114013672 22.592775344848633 56949.03515625 7.8728365898132324 7.5042548179626465 5.5157136917114258 23.811946868896484 riz 0 56942.26953125 0.82172846794128418 -0.14292363822460175 0.7559201717376709 0.21717482805252075 0.083081133663654327 23.535808563232422 0.098064005374908447 6.9131624513829593e-06 6.2439880821330007e-07 0.014073073863983154 -3.0379547411030217e-07 -3.7714411149636362e-08 33 17.258148193359375 0.989013671875 0.72548198699951172
SN: 1310303 10 0 X1 3 0 34.642024999999997 -4.7967909999999998 0.69669997692108154 0.0010000000474974513 0.69529598951339722 0.0010000000474974513 0.69529604911804199 0.0019692294299602509 0 300 0 0 0.017799109220504761 1 1 34666 -9 -9 0.69669997692108154 0.0010000000474974513 34.641876000000003 -4.796894 0.64999997615814209 1.0959999561309814 -9 9.4209995269775391 0.054000001400709152 -9999 -9999 1.4450000524520874 0.92500001192092896 -7.9670000076293945 0.93925184011459351 0.016000000759959221 -999 23.600000381469727 22.940000534057617 22.489999771118164 22.389999389648438 0.019999999552965164 0.0099999997764825821 0.0099999997764825821 0.0099999997764825821 8.6599998474121094 13.489999771118164 21.969999313354492 24.159999847412109 25.156204223632812 24.674970626831055 24.145423889160156 24.042257308959961 56987.0625 11.62513542175293 8.4156684875488281 6.5700340270996094 29.032276153564453 riz 0 56984.88671875 1.376695990562439 1.873021125793457 0.96353119611740112 -0.0046434281393885612 0.061129406094551086 23.544988632202148 0.062676690518856049 6.8549497882486321e-06 3.9571821730532974e-07 0.0059834928251802921 -2.7522085588316259e-07 -2.7519504453010768e-09 39 27.57496452331543 0.91459733247756958 0.62453216314315796
SN: 1291143 10 0 X2 3 0 36.056412000000002 -7.3665979999999998 0.47936999797821045 0.0010000000474974513 0.47819399833679199 0.0010000000474974513 0.47819399833679199 0.0017854898469522595 0 300 0 0 0.026491602882742882 1 1 36948 -9 -9 0.47940000891685486 0.0010000000474974513 36.056555000000003 -7.3666679999999998 0.56800001859664917 0.68599998950958252 -9 10.699000358581543 0.018999999389052391 -9999 -9999 0.7369999885559082 0.48399999737739563 -9.935999870300293 0.48834517598152161 1.1480000019073486 -999 23.180000305175781 21.649999618530273 20.979999542236328 20.579999923706055 0.0099999997764825821 0 0 0 12.75 51.220001220703125 91.489997863769531 125.88999938964844 24.736225128173828 23.226400375366211 22.596565246582031 22.250022888183594 56891.41015625 20.294103622436523 10.622783660888672 7.2663946151733398 32.576667785644531 riz 0 56892.28515625 1.416590690612793 -1.7867562770843506 0.79111218452453613 -0.0409729965031147 0.067894496023654938 22.714040756225586 0.064295418560504913 1.4736129742232151e-05 8.7264811554632615e-07 -0.0042906091548502445 -2.0884691309674963e-07 -3.8062811569261612e-08 29 28.440799713134766 0.49444904923439026 0.61104428768157959
SN: 1318266 10 0 E2 3 0 8.8785959999999999 -44.726379000000001 0.40726000070571899 0.0010000000474974513 0.40626201033592224 0.0010000000474974513 0.40626204013824463 0.001726329093798995 0 300 0 0 0.0084271738305687904 1 1 -11336 -9 -9 0.40729999542236328 0.0010000000474974513 8.878565 -44.726430000000001 0.20000000298023224 0.18400000035762787 -9 10.987000465393066 0.028000000864267349 -9999 -9999 0.71399998664855957 0.2199999988079071 -10.309000015258789 0.25059929490089417 1.5659999847412109 -999 23.079999923706055 21.329999923706055 20.659999847412109 20.290000915527344 0.0099999997764825821 0 0 0 14.369999885559082 71.239997863769531 132.5 184.27000427246094 24.606357574462891 22.868190765380859 22.194459915161133 21.83636474609375 57017.07421875 25.660682678222656 15.683225631713867 10.919168472290039 45.155586242675781 riz 0 57017.08203125 0.58536529541015625 -1.7668819427490234 0.52514934539794922 -0.050722818821668625 0.060751989483833313 22.443733215332031 0.062585145235061646 1.8901951989391819e-05 1.0895661262111389e-06 0.0053595001809298992 -2.3113830138754565e-07 -5.231914812497962e-08 19 8.0371341705322266 0.98629331588745117 0.61274904012680054
SN: 1303215 10 0 C1 3 0 55.127876000000001 -26.844175 0.32916998863220215 0.0010000000474974513 0.32869398593902588 0.0010000000474974513 0.32869398593902588 0.0016636657528579235 0 300 0 0 0.011634162627160549 1 1 22239 -9 -9 0.32919999957084656 0.0010000000474974513 55.127670999999999 -26.843824000000001 1.4229999780654907 0.80400002002716064 -9 10.192000389099121 0.010999999940395355 -9999 -9999 0.55199998617172241 0.14300000667572021 -9.6239995956420898 0.14571547508239746 1.1490000486373901 -999 23.670000076293945 22.340000152587891 21.75 21.409999847412109 0.0099999997764825821 0.0099999997764825821 0 0 6.5300002098083496 23.069999694824219 35.610000610351562 51.799999237060547 25.462717056274414 24.092380523681641 23.621070861816406 23.214176177978516 56956.34375 15.562628746032715 13.772825241088867 13.144431114196777 49.981960296630859 griz 0 56959.796875 0.41493973135948181 1.2261239290237427 0.41992419958114624 0.28294214606285095 0.033783093094825745 22.89246940612793 0.048979196697473526 1.2502931895141955e-05 5.6402609516226221e-07 0.0033544059842824936 -1.3694950951048668e-07 -1.3497289508279664e-08 54 56.732337951660156 0.37351715564727783 1.0278891324996948
SN: 1290816 10 1 C1 3 0 54.172511999999998 -27.84 0.21892000734806061 0.0010000000474974513 0.21847100555896759 0.0010000000474974513 0.21847105026245117 0.0015769125893712044 0 300 0 0 0.010346193797886372 1 1 -6151 -9 -9 0.21889999508857727 0.0010000000474974513 54.172911999999997 -27.840004 1.2730000019073486 1.2170000076293945 -9 8.7939996719360352 0.024000000208616257 -9999 -9999 0.20800000429153442 0.41200000047683716 -8.5719995498657227 0.41773796081542969 0.57700002193450928 -999 23.639999389648438 22.959999084472656 22.709999084472656 22.569999694824219 0.0099999997764825821 0.0099999997764825821 0.0099999997764825821 0.0099999997764825821 4.7699999809265137 8.9899997711181641 11.939999580383301 14.899999618530273 25.803703308105469 25.1156005859375 24.807489395141602 24.567033767700195 56891.39453125 111.09883880615234 90.916343688964844 66.398414611816406 248.47422790527344 griz 0 56891.85546875 0.48073065280914307 1.5397064685821533 0.27681121230125427 0.0090501103550195694 0.01754671148955822 20.855192184448242 0.022558275610208511 8.1643724115565419e-05 1.6963067537290044e-06 0.00082944129826501012 -1.9360182079708466e-07 -2.0196218031287572e-08 24 16.001091003417969 0.88803660869598389 0.51412129402160645
SN: 1292227 10 0 S2 3 0 41.603012 -1.844187 0.2927899956703186 0.0010000000474974513 0.29185500741004944 0.0010000000474974513 0.29185497760772705 0.0016343551687896252 0 300 0 0 0.041986297816038132 1 1 32696 -9 -9 0.29280000925064087 0.0010000000474974513 41.603067000000003 -1.8441080000000001 0.34599998593330383 0.36800000071525574 -9 10.203000068664551 0.056000001728534698 -9999 -9999 -0.17200000584125519 6.8769998550415039 -10.416999816894531 6.8790764808654785 1.4930000305175781 -999 22.950000762939453 21.520000457763672 20.940000534057617 20.559999465942383 0.0099999997764825821 0 0 0 15.920000076293945 57.490001678466797 102.06999969482422 134.97000122070312 24.495141983032227 23.101018905639648 22.477754592895508 22.174406051635742 56903.38671875 24.350175857543945 20.399436950683594 12.169994354248047 53.920578002929688 griz 0 56902.41015625 0.37981131672859192 -1.2411136627197266 0.2641369104385376 0.048231400549411774 0.029212022200226784 21.699165344238281 0.039208218455314636 3.7526129744946957e-05 1.355147560389014e-06 0.0011380783980712295 -1.7103153027164808e-07 -2.4794175601527968e-08 35 19.848379135131836 0.98147088289260864 0.44384554028511047
SN: 1292332 10 101 S2 3 0 41.143486000000003 -1.285123 0.27358001470565796 0.0010000000474974513 0.27264600992202759 0.0010000000474974513 0.27264595031738281 0.001619194052182138 0 300 0 0 0.025161536410450935 1 1 32815 -9 -9 0.2736000120639801 0.0010000000474974513 41.143526999999999 -1.2851669999999999 0.21400000154972076 0.22699999809265137 -9 10.211999893188477 0.052000001072883606 -9999 -9999 -0.18999999761581421 9.8100004196166992 -10.352999687194824 9.8100290298461914 1.5119999647140503 -999 22.479999542236328 21.090000152587891 20.590000152587891 20.239999771118164 0.0099999997764825821 0 0 0 24.989999771118164 82.660003662109375 139.3699951171875 188.78999328613281 24.005584716796875 22.706760406494141 22.139575958251953 21.810052871704102 56903.38671875 59.121829986572266 40.524688720703125 21.503330230712891 121.10386657714844 griz 0 56901.15625 0.23632121086120605 0.57685649394989014 0.19708125293254852 -0.097021371126174927 0.019132435321807861 20.979043960571289 0.026095440611243248 7.2842063673306257e-05 1.7507436496089213e-06 0.00057282455964013934 -2.0380018384003051e-07 -1.9477212731544569e-08 31 21.429853439331055 0.90010595321655273 0.37625020742416382
SN: 1298246 10 0 S1 3 0 43.304363000000002 -0.460698 0.61058002710342407 0.0010000000474974513 0.60945600271224976 0.0010000000474974513 0.60945606231689453 0.0018957336433231831 0 300 0 0 0.057764541357755661 1 1 31628 -9 -9 0.61059999465942383 0.0010000000474974513 43.304450000000003 -0.46067399999999997 0.32499998807907104 0.44600000977516174 -9 10.701000213623047 0.019999999552965164 -9999 -9999 0.21600000560283661 7.1050000190734863 -10.496000289916992 7.1052970886230469 1.4869999885559082 -999 24.299999237060547 22.379999160766602 21.430000305175781 20.930000305175781 0.029999999329447746 0.0099999997764825821 0 0 5.0100002288818359 25.110000610351562 61.349998474121094 96.349998474121094 25.750406265258789 24.000383377075195 23.030464172363281 22.540370941162109 56932.27734375 10.988138198852539 9.1380167007446289 8.1338796615600586 26.494695663452148 riz 0 56932.16796875 1.2002550363540649 -1.0789285898208618 0.78147619962692261 0.16718415915966034 0.085997655987739563 23.307241439819336 0.085389368236064911 8.5330257206805982e-06 6.7109272094967309e-07 0.016220273450016975 -3.0249830729189853e-07 -4.3743416000552315e-08 32 23.481002807617188 0.86258351802825928 0.66325294971466064
SN: 1317372 10 0 X3 3 0 35.435569999999998 -4.6167119999999997 0.74535000324249268 0.0010000000474974513 0.74392598867416382 0.0010000000474974513 0.74392604827880859 0.0020113023929297924 0 300 0 0 0.021983969956636429 1 1 37405 -9 -9 0.74540001153945923 0.0010000000474974513 35.435704000000001 -4.6167990000000003 0.57300001382827759 0.55500000715255737 -9 11.194999694824219 0.004999999888241291 -9999 -9999 1.2460000514984131 0.1550000011920929 -9.9350004196166992 0.16413713991641998 1.1480000019073486 -999 23.739999771118164 22.610000610351562 21.510000228881836 21.030000686645508 0.0099999997764825821 0 0 0 7.9000000953674316 24.100000381469727 62.770000457763672 93.519996643066406 25.255931854248047 24.044958114624023 23.005619049072266 22.572738647460938 57001.07421875 27.158235549926758 17.349159240722656 9.9311599731445312 51.343723297119141 riz 0 57007.296875 0.66863423585891724 -0.53543472290039062 0.4259793758392334 -0.19676022231578827 0.044407233595848083 23.653324127197266 0.038301948457956314 6.2039825934334658e-06 2.1886036449814128e-07 0.0040722209960222244 -5.1681826818139598e-08 1.5525687402373478e-09 24 12.665237426757812 0.97132331132888794 0.67971795797348022
SN: 1292823 10 0 X3 3 0 36.623581000000001 -4.4012159999999998 0.34672001004219055 0.0010000000474974513 0.34564599394798279 0.0010000000474974513 0.34564602375030518 0.0016772536328062415 0 300 0 0 0.023308882489800453 1 1 38407 -9 -9 0.34670001268386841 0.0010000000474974513 36.623567999999999 -4.4011319999999996 0.30700001120567322 0.34900000691413879 -9 9.0270004272460938 0.041000001132488251 -9999 -9999 0.046999998390674591 0.80199998617172241 -8.9499998092651367 0.83829587697982788 0.49000000953674316 -999 24.360000610351562 23.469999313354492 23.149999618530273 22.920000076293945 0.019999999552965164 0.0099999997764825821 0.0099999997764825821 0.0099999997764825821 4.0999999046325684 9.2899999618530273 13.060000419616699 15.590000152587891 25.968040466308594 25.079959869384766 24.710142135620117 24.517885208129883 56903.359375 52.237064361572266 47.385646820068359 43.635108947753906 142.92922973632812 griz 0 56900.49609375 0.27567249536514282 0.44110965728759766 0.18349611759185791 -0.031928189098834991 0.019554149359464645 21.838340759277344 0.0308847576379776 3.3011398045346141e-05 9.3903935294292751e-07 0.00069677468854933977 -1.0441155495755083e-07 -1.2557475947971852e-08 33 38.960891723632812 0.21925541758537292 0.18151174485683441
SN: 1311632 10 0 X1 3 0 34.689858000000001 -5.0723320000000003 0.42537999153137207 0.0010000000474974513 0.42420300841331482 0.0010000000474974513 0.42420303821563721 0.0017409943975508213 0 300 0 0 0.017872579395771027 2 5 35338 -9 -9 0.42539998888969421 0.0010000000474974513 34.689881 -5.0722889999999996 0.17499999701976776 0.21400000154972076 -4.0666961669921875 10.378999710083008 0.059999998658895493 -9999 -9999 -0.16300000250339508 9.8369998931884766 -10.586999893188477 9.8396883010864258 1.4500000476837158 -999 24.120000839233398 22.399999618530273 21.739999771118164 21.340000152587891 0.029999999329447746 0.0099999997764825821 0 0 5.5300002098083496 28.079999923706055 49.090000152587891 69.550003051757812 25.643186569213867 23.879007339477539 23.272518157958984 22.894256591796875 56987.0625 21.234415054321289 17.169258117675781 9.0657167434692383 50.801681518554688 riz 0 56990.25 0.40810686349868774 -0.79103893041610718 0.44766867160797119 0.094433516263961792 0.049382790923118591 22.595907211303711 0.060515075922012329 1.6429990864708088e-05 9.1574929683702067e-07 0.0054609351791441441 -2.4446575253023184e-07 -3.6614704157500455e-08 39 33.592185974121094 0.71453052759170532 0.41062438488006592
SN: 1315191 10 0 S1 3 0 42.135696000000003 0.28203400000000001 0.58471000194549561 0.0010000000474974513 0.58356797695159912 0.0010000000474974513 0.58356797695159912 0.0018737755017355084 0 300 0 0 0.041403897106647491 1 1 32070 -9 -9 0.58469998836517334 0.0010000000474974513 42.135784999999998 0.28227999999999998 0.94199997186660767 1.0069999694824219 -9 10.529999732971191 0.05000000074505806 -9999 -9999 -8.8970003128051758 1.1030000448226929 -19.403999328613281 1.106913685798645 1.2879999876022339 -999 24.420000076293945 22.790000915527344 21.819999694824219 21.420000076293945 0.029999999329447746 0.0099999997764825821 0 0 3.0099999904632568 14.890000343322754 36.369998931884766 51.979999542236328 26.303583145141602 24.567764282226562 23.598140716552734 23.210409164428711 57005.20703125 12.265033721923828 9.5824384689331055 8.5291471481323242 33.432304382324219 riz 0 57006.91796875 0.82984000444412231 1.6704322099685669 0.65471851825714111 -0.053829602897167206 0.060220520943403244 23.059127807617188 0.059116870164871216 1.0723804734880105e-05 5.8389667856317828e-07 0.0087523292750120163 -2.6248230255987437e-07 -1.7066147606215054e-08 29 23.782871246337891 0.73956352472305298 0.58500772714614868
SN: 1317724 10 0 X3 3 0 37.337296000000002 -4.7213329999999996 0.46889999508857727 0.0010000000474974513 0.46774700284004211 0.0010000000474974513 0.46774697303771973 0.0017768389079719782 0 300 0 0 0.026273367926478386 1 2 38103 -9 -9 0.46889999508857727 0.0010000000474974513 37.337156 -4.7210609999999997 1.1000000238418579 1.3619999885559082 -2.3434505462646484 10.409999847412109 0.039000000804662704 -9999 -9999 -0.26199999451637268 0.20900000631809235 -10.66100025177002 0.25609567761421204 1.1529999971389771 -999 23.790000915527344 22.239999771118164 21.489999771118164 21.219999313354492 0.0099999997764825821 0 0 0 3.6800000667572021 15.329999923706055 26.219999313354492 41.529998779296875 26.085380554199219 24.536144256591797 23.953418731689453 23.454093933105469 57012.10546875 53.210399627685547 32.866222381591797 22.176992416381836 113.29145812988281 riz 0 57017.58984375 0.34685623645782471 1.3204982280731201 0.31939840316772461 -0.007043889258056879 0.031759820878505707 22.702699661254883 0.033866044133901596 1.4890872080286499e-05 4.6447280510619748e-07 0.0025416833814233541 -9.0861846047118888e-08 -1.0615782919387584e-08 18 8.3704032897949219 0.97259718179702759 0.44079187512397766
SN: 1292336 10 1 S2 3 0 40.998829000000001 -0.90612400000000004 0.23445999622344971 0.0010000000474974513 0.23355099558830261 0.0010000000474974513 0.233551025390625 0.001588609186001122 0 300 0 0 0.025929976254701614 1 1 32898 -9 -9 0.23450000584125519 0.0010000000474974513 40.998866999999997 -0.90608500000000003 0.19799999892711639 0.29600000381469727 -9 9.119999885559082 0.013000000268220901 -9999 -9999 -0.16099999845027924 0.86699998378753662 -9.2729997634887695 0.86832767724990845 0.86400002241134644 -999 23.510000228881836 22.659999847412109 22.25 22.090000152587891 0.0099999997764825821 0.0099999997764825821 0.0099999997764825821 0.0099999997764825821 10.479999542236328 22.270000457763672 31.670000076293945 37.430000305175781 24.9490966796875 24.130699157714844 23.748380661010742 23.566949844360352 56903.38671875 45.930458068847656 37.845439910888672 23.350385665893555 104.48982238769531 griz 0 56901.796875 0.25607490539550781 -0.24593172967433929 0.18086530268192291 0.047611113637685776 0.021121218800544739 21.127113342285156 0.029119778424501419 6.3555715314578265e-05 1.7045838376361644e-06 0.00059230165788903832 -1.459848562035404e-07 -2.6182828349874399e-08 31 30.613868713378906 0.48578551411628723 0.17862568795681
SN: 1302719 10 0 E2 3 0 10.071714 -44.040039 0.6464499831199646 0.0010000000474974513 0.64527499675750732 0.0010000000474974513 0.64527499675750732 0.0019262769492343068 0 300 0 0 0.00585539685562253 1 2 31175 -9 -9 0.64639997482299805 0.0010000000474974513 10.071619999999999 -44.040033000000001 0.24500000476837158 0.36000001430511475 -4.3030133247375488 10.201999664306641 0.024000000208616257 -9999 -9999 0.54699999094009399 0.34400001168251038 -9.6510000228881836 0.36954161524772644 0.94300001859664917 -999 24.75 23.459999084472656 22.719999313354492 22.25 0.05000000074505806 0.019999999552965164 0.0099999997764825821 0.0099999997764825821 2.6700000762939453 9.1599998474121094 18.899999618530273 26.870000839233398 26.433721542358398 25.095260620117188 24.308845520019531 23.926830291748047 56960.1796875 10.446796417236328 8.8096914291381836 6.3185367584228516 27.488336563110352 riz 0 56954.62109375 0.98417431116104126 0.70624440908432007 0.72231543064117432 0.044152066111564636 0.069616541266441345 23.689014434814453 0.065230019390583038 6.0033544286852702e-06 3.60675926458498e-07 0.013071787543594837 -1.8226940312615625e-07 -1.0944245509847406e-08 36 23.006011962890625 0.95415747165679932 0.2776331901550293
SN: 1303317 10 0 X3 3 0 36.964356000000002 -5.4057139999999997 0.47545000910758972 0.0010000000474974513 0.4742870032787323 0.0010000000474974513 0.47428703308105469 0.0017822523368522525 0 300 0 0 0.021423758938908577 1 1 -10129 -9 -9 0.47549998760223389 0.0010000000474974513 36.964385999999998 -5.4059949999999999 1.0169999599456787 0.88099998235702515 -9 10.718999862670898 0.012000000104308128 -9999 -9999 1.0640000104904175 0.28799998760223389 -9.6520004272460938 0.2903670072555542 0.95800000429153442 -999 22.700000762939453 21.440000534057617 20.670000076293945 20.389999389648438 0 0 0 0 9.1499996185302734 21.579999923706055 40.909999847412109 48.380001068115234 25.096446990966797 24.164871215820312 23.470426559448242 23.288335800170898 56956.265625 32.479137420654297 25.13092041015625 16.254684448242188 74.099479675292969 riz 0 56954.71875 0.36080417037010193 -0.1712355762720108 0.27012255787849426 0.19548270106315613 0.032205134630203247 23.23634147644043 0.036992214620113373 9.1088422777829692e-06 3.103481844846101e-07 0.00094276608433574438 -4.0538115086974358e-08 -7.481280484000763e-09 35 32.713535308837891 0.5789644718170166 0.65410417318344116
SN: 1300517 10 0 E2 3 0 10.034174999999999 -43.620002999999997 0.40132001042366028 0.0010000000474974513 0.40031099319458008 0.0010000000474974513 0.40031099319458008 0.0017214784165844321 0 300 0 0 0.0040660817176103592 1 1 29633 -9 -9 0.40130001306533813 0.0010000000474974513 10.034162 -43.619810999999999 0.69300001859664917 0.70899999141693115 -9 10.722999572753906 0.0060000000521540642 -9999 -9999 0.41699999570846558 0.037999998778104782 -10.309000015258789 0.07964923232793808 1.5670000314712524 -999 23.379999160766602 21.739999771118164 21.139999389648438 20.700000762939453 0.0099999997764825821 0 0 0 8.7899999618530273 36.869998931884766 65.980003356933594 102.04000091552734 25.14002799987793 23.583316802978516 22.951469421386719 22.478073120117188 56943.0234375 26.34495735168457 25.237199783325195 10.94868278503418 72.969635009765625 riz 0 56943.8359375 0.32269364595413208 0.66577541828155518 0.28380990028381348 0.13559673726558685 0.034916751086711884 22.377422332763672 0.042771317064762115 2.009237687161658e-05 7.9151584486680804e-07 0.0020401061046868563 -1.3142742716354405e-07 -2.1819046125415298e-08 31 17.056318283081055 0.97987037897109985 0.50353246927261353
SN: 1315197 10 0 S1 3 0 42.266838 0.116706 0.20909999310970306 0.0010000000474974513 0.20823200047016144 0.0010000000474974513 0.20823204517364502 0.0015690039144828916 0 300 0 0 0.043617766350507736 1 1 32141 -9 -9 0.20909999310970306 0.0010000000474974513 42.266913000000002 0.11669400000000001 0.27500000596046448 0.22499999403953552 -9 10.149999618530273 0.065999999642372131 -9999 -9999 0.1080000028014183 6.7699999809265137 -9.9820003509521484 6.770207405090332 1.3090000152587891 -999 21.520000457763672 20.399999618530273 19.969999313354492 19.670000076293945 0 0 0 0 58.419998168945312 159.1199951171875 233.50999450683594 305.3699951171875 23.083595275878906 21.995687484741211 21.57923698425293 21.287933349609375 57005.203125 58.928756713867188 56.718387603759766 39.431228637695312 146.96675109863281 griz 0 57006.8515625 0.2476915717124939 -1.320726752281189 0.18413051962852478 -0.0072401333600282669 0.02058134414255619 20.775806427001953 0.027357414364814758 8.7836924649309367e-05 2.2132367121230345e-06 0.00090553169138729572 -1.7112489558712696e-07 -3.3105639118957697e-08 37 18.763277053833008 0.9945032000541687 0.44090327620506287
SN: 1317496 10 0 E1 3 0 7.3066579999999997 -42.116722000000003 0.64553999900817871 0.0010000000474974513 0.6442909836769104 0.0010000000474974513 0.64429092407226562 0.0019254352664574981 0 300 0 0 0.0078617706894874573 1 1 29112 -9 -9 0.64550000429153442 0.0010000000474974513 7.3067229999999999 -42.116748999999999 0.19900000095367432 0.43500000238418579 -9 8.810999870300293 0.12399999797344208 -9999 -9999 0.51800000667572021 2.1989998817443848 -8.300999641418457 2.2240705490112305 0.39599999785423279 -999 25.909999847412109 24.940000534057617 24.510000228881836 24.239999771118164 0.12999999523162842 0.070000000298023224 0.059999998658895493 0.070000000298023224 0.75999999046325684 2.369999885559082 2.5099999904632568 3.7300000190734863 27.5 26.563129425048828 26.500816345214844 26.070728302001953 57016.109375 11.354518890380859 10.002415657043457 8.2058639526367188 29.038728713989258 riz 0 57009.796875 1.062084436416626 1.1744704246520996 0.85284131765365601 -0.080943718552589417 0.062603160738945007 23.571088790893555 0.057404834777116776 6.6921375037054531e-06 3.5382541341277829e-07 0.010660593397915363 -2.1013238438172266e-07 -5.7812119536038153e-09 27 20.656034469604492 0.80212950706481934 0.47546109557151794
SN: 1317526 10 0 X3 3 0 35.957141999999997 -3.9986739999999998 0.43276000022888184 0.0010000000474974513 0.43160000443458557 0.0010000000474974513 0.43159997463226318 0.00174705870449543 0 300 0 0 0.023525623604655266 1 3 38640 -9 -9 0.43279999494552612 0.0010000000474974513 35.957135000000001 -3.9986890000000002 0.059000000357627869 0.078000001609325409 -6.360323429107666 9.1590003967285156 0.020999999716877937 -9999 -9999 -0.21400000154972076 0.032999999821186066 -9.4449996948242188 0.1682676374912262 0.32800000905990601 -999 24.049999237060547 23.069999694824219 22.809999465942383 22.579999923706055 0.0099999997764825821 0.0099999997764825821 0.0099999997764825821 0.0099999997764825821 5.3600001335144043 13.699999809265137 17.370000839233398 20.469999313354492 25.677087783813477 24.658199310302734 24.400501251220703 24.222206115722656 57012.10546875 53.040019989013672 36.100791931152344 18.461071014404297 114.92167663574219 riz 0 57011.5625 0.31254953145980835 -0.90315014123916626 0.2963680624961853 -0.046824317425489426 0.032908767461776733 22.625062942504883 0.0349445641040802 1.5994648492778651e-05 5.1478991736075841e-07 0.0019466431112959981 -7.0778746419364325e-08 -1.361239831965122e-08 21 13.861039161682129 0.87549382448196411 0.33910533785820007
SN: 1296671 10 0 X2 3 0 35.407623000000001 -6.1153940000000002 0.64986002445220947 0.0010000000474974513 0.64852297306060791 0.0010000000474974513 0.64852297306060791 0.0019290555501356721 0 300 0 0 0.021468447521328926 1 1 36144 -9 -9 0.64990001916885376 0.0010000000474974513 35.407665999999999 -6.1150339999999996 1.3049999475479126 1.3769999742507935 -9 10.100000381469727 0.020999999716877937 -9999 -9999 0.63300001621246338 0.017000000923871994 -9.4449996948242188 0.0353553406894207 0.37400001287460327 -999 23.739999771118164 22.770000457763672 22.180000305175781 22 0.019999999552965164 0.0099999997764825821 0.0099999997764825821 0.0099999997764825821 5.7199997901916504 12.710000038146973 21.459999084472656 22.389999389648438 25.606510162353516 24.739635467529297 24.170925140380859 24.12486457824707 56915.296875 9.7064723968505859 8.1442699432373047 7.965057373046875 26.155773162841797 riz 0 56917.109375 1.215395450592041 0.1342608779668808 0.88655602931976318 -0.0021354584023356438 0.078086748719215393 23.394199371337891 0.07931993156671524 7.8762595876469277e-06 5.7541086562196142e-07 0.021166455000638962 -3.3538492516527185e-07 -2.4677099474956776e-08 38 39.6080322265625 0.39812001585960388 0.045316174626350403
SN: 1302901 10 0 S2 3 0 41.108485999999999 -1.4051769999999999 0.62736999988555908 0.0010000000474974513 0.62617599964141846 0.0010000000474974513 0.62617599964141846 0.001909967977553606 0 300 0 0 0.027591636404395103 1 2 33642 -9 -9 0.6273999810218811 0.0010000000474974513 41.108398999999999 -1.4057500000000001 2.0869998931884766 1.7439999580383301 -1.807349681854248 10.871999740600586 0.027000000700354576 -9999 -9999 1.312000036239624 0.42500001192092896 -9.5670003890991211 0.43850770592689514 1.0870000123977661 -999 23.889999389648438 22.409999847412109 21.629999160766602 21.120000839233398 0.019999999552965164 0.0099999997764825821 0 0 2.619999885559082 10.119999885559082 18.670000076293945 24.090000152587891 26.454246520996094 24.987049102783203 24.322139739990234 24.045408248901367 56943.2109375 6.2647080421447754 6.0504646301269531 5.1747703552246094 18.638019561767578 riz 0 56950.94140625 1.3420009613037109 -0.76188480854034424 0.94262826442718506 0.1898072361946106 0.10383099317550659 23.854629516601562 0.10634567588567734 5.1540482672862709e-06 5.0482867663959041e-07 0.013309642672538757 -2.8943389906999073e-07 -2.5353120491899972e-08 46 37.273990631103516 0.81697124242782593 0.68175810575485229
SN: 1313572 10 0 S2 3 0 40.727997000000002 -0.68676199999999998 0.70256000757217407 0.0010000000474974513 0.70129698514938354 0.0010000000474974513 0.70129704475402832 0.0019744047895073891 0 300 0 0 0.026073437184095383 1 2 32611 -9 -9 0.70260000228881836 0.0010000000474974513 40.727980000000002 -0.68701100000000004 0.8970000147819519 1.0230000019073486 -3.1113789081573486 10.081000328063965 0.046000000089406967 -9999 -9999 0.63099998235702515 0.017999999225139618 -9.4449996948242188 0.17791290581226349 0.3529999852180481 -999 23.870000839233398 23 22.370000839233398 22.149999618530273 0.019999999552965164 0.0099999997764825821 0.0099999997764825821 0.0099999997764825821 5.9099998474121094 13.600000381469727 25.030000686645508 29.540000915527344 25.57103157043457 24.666152954101562 24.003847122192383 23.823974609375 57003.046875 11.349136352539062 10.160187721252441 8.2519311904907227 27.003469467163086 riz 0 57004.35546875 1.3507134914398193 -0.61700344085693359 0.92871201038360596 -0.1399921327829361 0.072762593626976013 23.525960922241211 0.073222503066062927 6.9761517806909978e-06 4.704746174866159e-07 0.0089116776362061501 -1.4149183868994442e-07 -2.4448036928248484e-09 34 55.185638427734375 0.012239907868206501 0.50995343923568726
SN: 1312213 10 0 S1 3 0 42.488151999999999 0.097254999999999994 0.40797001123428345 0.0010000000474974513 0.4069649875164032 0.0010000000474974513 0.40696501731872559 0.0017269026720896363 0 300 0 0 0.051480654627084732 1 1 32237 -9 -9 0.40799999237060547 0.0010000000474974513 42.488346999999997 0.097317000000000001 0.73600000143051147 0.77600002288818359 -9 10.201000213623047 0.023000000044703484 -9999 -9999 1.1239999532699585 0.63200002908706665 -9.0089998245239258 0.63220250606536865 0.64399999380111694 -999 22.889999389648438 21.739999771118164 21.340000152587891 20.969999313354492 0.0099999997764825821 0 0 0 16.299999237060547 47.669998168945312 69.769996643066406 95.199996948242188 24.469532012939453 23.304386138916016 22.890827178955078 22.553407669067383 56980.1953125 16.442760467529297 12.799402236938477 6.1700258255004883 33.440242767333984 riz 0 56979.41015625 0.87031090259552002 -2.0138466358184814 0.80725330114364624 -0.010505394078791142 0.070890597999095917 23.019519805908203 0.068390868604183197 1.1122240721306298e-05 7.0059348900031182e-07 0.0027237972244620323 -1.7791644779663329e-07 -3.8708861893610447e-08 36 41.900691986083984 0.23015788197517395 0.6721949577331543
SN: 1323106 10 0 X1 3 0 34.085433999999999 -5.013814 0.34529000520706177 0.0010000000474974513 0.34416601061820984 0.0010000000474974513 0.34416604042053223 0.0016760650323703885 0 300 0 0 0.018801605328917503 1 1 34334 -9 -9 0.34529998898506165 0.0010000000474974513 34.085419999999999 -5.0137549999999997 0.21699999272823334 0.15899999439716339 -9 10.36400032043457 0.016000000759959221 -9999 -9999 1.7070000171661377 0.11599999666213989 -8.6359996795654297 0.12033287435770035 0.4440000057220459 -999 21.610000610351562 20.719999313354492 20.350000381469727 20.010000228881836 0 0 0 0 64.699996948242188 143.67999267578125 193.3699951171875 248.89999389648438 22.972740173339844 22.106510162353516 21.784027099609375 21.509937286376953 57037.08984375 42.565700531005859 39.065494537353516 23.274448394775391 83.223037719726562 griz 0 57035.75 0.41750591993331909 -0.15629124641418457 0.41368800401687622 -0.13083799183368683 0.023862671107053757 21.670726776123047 0.026930855587124825 3.8522073737112805e-05 9.5551058620912954e-07 0.0044451653957366943 -2.4405190401921573e-07 -1.2209020461284581e-08 19 12.680157661437988 0.8545345664024353 0.43922719359397888
SN: 1295685 10 0 E1 3 0 7.3360620000000001 -42.859375 0.56045997142791748 0.0010000000474974513 0.55929398536682129 0.0010000000474974513 0.55929398536682129 0.001853278954513371 0 300 0 0 0.0061868173070251942 1 1 28545 -9 -9 0.56050002574920654 0.0010000000474974513 7.3360940000000001 -42.859282 0.34400001168251038 0.45199999213218689 -9 10.229000091552734 0.017000000923871994 -9999 -9999 0.6809999942779541 0.64099997282028198 -9.5659999847412109 0.65232044458389282 0.87699997425079346 -999 23.930000305175781 22.510000228881836 21.850000381469727 21.559999465942383 0.019999999552965164 0.0099999997764825821 0.0099999997764825821 0.0099999997764825821 6.5 22.420000076293945 40.659999847412109 52.180000305175781 25.467716217041016 24.123411178588867 23.477081298828125 23.206239700317383 56912.08984375 6.947077751159668 6.3242716789245605 5.0904803276062012 15.935208320617676 riz 0 56911.22265625 1.5648599863052368 -1.6019713878631592 0.93789279460906982 -0.10458550602197647 0.1160980612039566 23.129558563232422 0.11655383557081223 1.0050235687231179e-05 1.0788933195726713e-06 -0.0089174332097172737 -3.9334594248430221e-07 -7.2729015698769217e-08 27 41.68341064453125 0.035357750952243805 0.63771510124206543
SN: 1300390 10 0 E1 3 0 8.0283750000000005 -42.329326999999999 0.2685999870300293 0.0010000000474974513 0.26764601469039917 0.0010000000474974513 0.26764607429504395 0.0016152621246874332 0 300 0 0 0.0076411333866417408 1 1 28638 -9 -9 0.2685999870300293 0.0010000000474974513 8.0283909999999992 -42.329295999999999 0.11999999731779099 0.090999998152256012 -9 10.35099983215332 0.087999999523162842 -9999 -9999 -1.6759999990463257 8.324000358581543 -12.034000396728516 8.3247404098510742 1.4110000133514404 -999 22.299999237060547 20.819999694824219 20.290000915527344 20.040000915527344 0.0099999997764825821 0 0 0 29.110000610351562 108.13999938964844 169.30999755859375 218.99000549316406 23.839895248413086 22.415035247802734 21.928293228149414 21.64893913269043 56943.0078125 43.679943084716797 31.247386932373047 27.643474578857422 101.20311737060547 griz 0 56943.03125 0.33413255214691162 -2.0114150047302246 0.18682017922401428 -0.0386156365275383 0.022206496447324753 21.475776672363281 0.029197318479418755 4.6098735765554011e-05 1.2396744750731159e-06 0.00070083409082144499 -9.8147246774260566e-08 -1.5838026001802064e-08 41 18.26298713684082 0.9991837739944458 0.68271571397781372
SN: 1305409 10 0 X2 3 0 35.237639999999999 -6.9302279999999996 0.62066000699996948 0.0010000000474974513 0.61934798955917358 0.0010000000474974513 0.61934804916381836 0.0019041502382606268 0 300 0 0 0.023243067786097527 1 3 35629 -9 -9 0.62070000171661377 0.0010000000474974513 35.237676 -6.9301849999999998 0.20200000703334808 0.29100000858306885 -4.5296425819396973 10.449000358581543 0.074000000953674316 -9999 -9999 -0.8529999852180481 9.1470003128051758 -11.303000450134277 9.1495504379272461 1.3550000190734863 -999 25.079999923706055 23.309999465942383 22.340000152587891 21.930000305175781 0.05000000074505806 0.0099999997764825821 0.0099999997764825821 0.0099999997764825821 2.5699999332427979 10.829999923706055 25.409999847412109 37.169998168945312 26.475166320800781 24.913429260253906 23.98748779296875 23.574518203735352 56960.2265625 11.044374465942383 7.6907763481140137 6.3889179229736328 26.910730361938477 riz 0 56961.31640625 0.92373478412628174 -1.2770315408706665 0.5587841272354126 -0.0063462285324931145 0.076755478978157043 23.295879364013672 0.064579717814922333 8.6227964857243933e-06 5.1288498070789501e-07 0.0040053119882941246 -1.7284060049860273e-07 -1.4786248669906854e-08 44 45.057498931884766 0.427461177110672 0.42620247602462769
SN: 1321338 10 0 X2 3 0 35.940319000000002 -6.5215540000000001 0.31152999401092529 0.0010000000474974513 0.31047999858856201 0.0010000000474974513 0.31047999858856201 0.0016491360729560256 0 300 0 0 0.024554140865802765 1 1 36686 -9 -9 0.31150001287460327 0.0010000000474974513 35.940353999999999 -6.5212909999999997 0.95499998331069946 0.86799997091293335 -9 9.9799995422363281 0.010999999940395355 -9999 -9999 1.0399999618530273 0.02500000037252903 -8.9250001907348633 0.031400635838508606 0.57800000905990601 -999 21.979999542236328 21.170000076293945 20.840000152587891 20.540000915527344 0 0 0 0 32.490001678466797 66.5 87.739997863769531 110.66999816894531 23.720624923706055 22.94294548034668 22.642005920410156 22.389925003051758 57026.08984375 29.891534805297852 27.199558258056641 20.933439254760742 88.652351379394531 griz 0 57027.6796875 0.28056514263153076 1.1249929666519165 0.35103964805603027 0.0016367890639230609 0.025394648313522339 21.645837783813477 0.03584892675280571 3.9415295759681612e-05 1.3014174555792124e-06 0.0042656934820115566 -3.3521021691740316e-07 -2.40875657198103e-08 28 27.379013061523438 0.49768811464309692 0.37503734230995178
SN: 1297490 10 0 C3 3 0 53.260058999999998 -28.290662999999999 0.73742997646331787 0.0010000000474974513 0.7367669939994812 0.0010000000474974513 0.73676705360412598 0.0020050900056958199 0 300 0 0 0.0064665456302464008 1 1 25288 -9 -9 0.73739999532699585 0.0010000000474974513 53.260382999999997 -28.290656999999999 1.0290000438690186 1.5080000162124634 -9 10.503000259399414 0.014000000432133675 -9999 -9999 0.004999999888241291 6.6170001029968262 -10.496000289916992 6.617072582244873 1.3760000467300415 -999 25.180000305175781 23.319999694824219 22.200000762939453 21.729999542236328 0.029999999329447746 0.0099999997764825821 0 0 1.6100000143051147 9.3500003814697266 25.780000686645508 39.610000610351562 26.982934951782227 25.072971343994141 23.971792221069336 23.505487442016602 56933.16796875 23.266633987426758 19.4970703125 13.852986335754395 51.551044464111328 riz 0 56927 0.68198776245117188 -1.9050284624099731 0.43455612659454346 -0.035593193024396896 0.050607137382030487 23.990158081054688 0.041068378835916519 4.549216555460589e-06 1.7207582914124941e-07 0.0014628655044361949 -4.0629352326959634e-08 -1.388045789418868e-09 40 38.009357452392578 0.56018102169036865 0.64599800109863281
SN: 1294806 10 0 C2 3 0 55.059058999999998 -28.908781000000001 0.52587997913360596 0.0010000000474974513 0.52535098791122437 0.0010000000474974513 0.52535104751586914 0.0018247743137180805 0 300 0 0 0.011641598306596279 1 1 24787 -9 -9 0.52590000629425049 0.0010000000474974513 55.059100999999998 -28.908806999999999 0.16200000047683716 0.31299999356269836 -9 8.5439996719360352 0.1080000028014183 -9999 -9999 0.56099998950958252 1.0729999542236328 -7.9039998054504395 1.1086794137954712 0.059999998658895493 -999 25.170000076293945 24.319999694824219 24.139999389648438 24.049999237060547 0.05000000074505806 0.029999999329447746 0.039999999105930328 0.05000000074505806 1.7200000286102295 4.130000114440918 5.6700000762939453 4.6599998474121094 26.911178588867188 25.960124969482422 25.616043090820312 25.829034805297852 56912.359375 26.643571853637695 21.671651840209961 17.158308029174805 57.087345123291016 riz 0 56909.73046875 0.87452387809753418 1.5883383750915527 0.56196528673171997 -0.066502436995506287 0.041786879301071167 22.734462738037109 0.045416995882987976 1.4461546925303992e-05 6.0493516684800852e-07 0.0035537651274353266 -1.8144650937301776e-07 -1.5673291997586603e-08 25 22.767646789550781 0.59112924337387085 0.57397985458374023
SN: 1297157 10 0 C1 3 0 54.004134999999998 -26.429258000000001 0.54947000741958618 0.0010000000474974513 0.54887998104095459 0.0010000000474974513 0.54887998104095459 0.0018445136956870556 0 300 0 0 0.0098734935745596886 1 2 23324 -9 -9 0.5494999885559082 0.0010000000474974513 54.004190999999999 -26.429183999999999 0.32199999690055847 0.38699999451637268 -4.4230480194091797 10.64799976348877 0.05299999937415123 -9999 -9999 0.42899999022483826 0.048999998718500137 -10.220000267028809 0.12316655367612839 0.91100001335144043 -999 22.920000076293945 21.600000381469727 20.940000534057617 20.719999313354492 0.0099999997764825821 0 0 0 15 50.150001525878906 90.389999389648438 123.63999938964844 24.559772491455078 23.249322891235352 22.609699249267578 22.269601821899414 56927.23828125 16.488517761230469 12.516753196716309 10.762371063232422 40.740921020507812 riz 0 56934.546875 0.66930913925170898 1.7322019338607788 0.7216719388961792 0.026979127898812294 0.053671248257160187 23.004245758056641 0.068875551223754883 1.127980158344144e-05 7.1555371050635586e-07 0.0096114175394177437 -4.1416748786105018e-07 -2.2367931507005778e-08 38 37.692714691162109 0.48353865742683411 0.58436203002929688
SN: 1321450 10 0 E1 3 0 8.2250060000000005 -42.229877999999999 0.2592799961566925 0.0010000000474974513 0.2583329975605011 0.0010000000474974513 0.25833296775817871 0.0016079538036137819 0 300 0 0 0.010890488512814045 1 1 28513 -9 -9 0.25929999351501465 0.0010000000474974513 8.2251159999999999 -42.229590000000002 1.0779999494552612 0.7850000262260437 -9 9.3079996109008789 0.018999999389052391 -9999 -9999 0.61599999666213989 0.17100000381469727 -8.6840000152587891 0.17344163358211517 0.63200002908706665 -999 23.670000076293945 22.889999389648438 22.559999465942383 22.379999160766602 0.019999999552965164 0.0099999997764825821 0.0099999997764825821 0.0099999997764825821 6.2699999809265137 13.260000228881836 16.209999084472656 15.659999847412109 25.506832122802734 24.693641662597656 24.475542068481445 24.513019561767578 57030.046875 63.096298217773438 49.793052673339844 48.364013671875 137.60769653320312 griz 0 57030.94140625 0.26240935921669006 0.16903491318225861 0.25938650965690613 0.053938690572977066 0.023354578763246536 21.308683395385742 0.028765004128217697 5.3768380894325674e-05 1.4245151760405861e-06 0.0031518749892711639 -2.3636798118786828e-07 -2.8999020074138571e-08 17 17.117897033691406 0.44640660285949707 0.18841768801212311
SN: 1314162 10 0 X3 3 0 36.859489000000004 -4.183014 0.58266997337341309 0.0010000000474974513 0.58141201734542847 0.0010000000474974513 0.58141207695007324 0.0018719513900578022 0 300 0 0 0.023095037788152695 1 2 37928 -9 -9 0.58270001411437988 0.0010000000474974513 36.859703000000003 -4.1832779999999996 1.2220000028610229 1.1449999809265137 -2.864356517791748 11.00100040435791 0.014000000432133675 -9999 -9999 1.031000018119812 0.012000000104308128 -9.9589996337890625 0.085842877626419067 0.73400002717971802 -999 22.200000762939453 21.040000915527344 20.340000152587891 20.120000839233398 0 0 0 0 14.100000381469727 50.650001525878906 62.490001678466797 94.400001525878906 24.626953125 23.238552093505859 23.010473251342773 22.562570571899414 57001.05859375 34.449501037597656 22.902200698852539 13.225789070129395 66.324356079101562 riz 0 57003.71484375 0.49545222520828247 -8.4424427768681198e-05 0.34644103050231934 -0.0055859005078673363 0.038983248174190521 23.233577728271484 0.032783400267362595 9.1320571300457232e-06 2.7573906891120714e-07 0.0020483240950852633 -5.850809969842885e-08 -5.0757593683670166e-09 27 18.450870513916016 0.88913595676422119 0.018619688227772713
SN: 1316487 10 0 C3 3 0 53.016925999999998 -28.068273999999999 0.77696001529693604 0.0010000000474974513 0.7762719988822937 0.0010000000474974513 0.77627205848693848 0.0020394495222717524 0 300 0 0 0.0067021995782852173 1 4 -11255 -9 -9 0.77700001001358032 0.0010000000474974513 53.017176999999997 -28.068138000000001 0.93699997663497925 0.81099998950958252 -2.9112255573272705 11.217000007629395 0.012000000104308128 -9999 -9999 0.72200000286102295 3.2839999198913574 -10.496000289916992 3.2841658592224121 1.4850000143051147 -999 24.450000762939453 22.649999618530273 21.329999923706055 20.629999160766602 0.019999999552965164 0 0 0 3.380000114440918 19.139999389648438 57.950000762939453 99.620002746582031 26.177707672119141 24.295145034790039 23.092365264892578 22.504133224487305 57001.19921875 10.74077033996582 7.9027109146118164 6.0363907814025879 24.406915664672852 riz 0 57003.08984375 0.96973085403442383 -1.2782680988311768 0.65981400012969971 -0.051682624965906143 0.075895190238952637 24.514467239379883 0.067093998193740845 2.8068113806511974e-06 1.7344930824947369e-07 0.0045354198664426804 -6.9667699165165686e-08 5.8021892845872003e-10 37 30.430044174194336 0.76898062229156494 0.45959872007369995
SN: 1311755 10 0 X3 3 0 35.604140999999998 -4.2577230000000004 0.47220000624656677 0.0010000000474974513 0.47100099921226501 0.0010000000474974513 0.4710010290145874 0.0017795314779505134 0 300 0 0 0.022058531641960144 1 1 39194 -9 -9 0.47220000624656677 0.0010000000474974513 35.603937000000002 -4.257517 1.0420000553131104 1.159000039100647 -9 9.4530000686645508 0.018999999389052391 -9999 -9999 1.2350000143051147 0.023000000044703484 -8.2030000686645508 0.075584389269351959 0.092000000178813934 -999 23.090000152587891 22.350000381469727 21.790000915527344 21.729999542236328 0.0099999997764825821 0 0 0 8.4499998092651367 22.370000839233398 29.450000762939453 33.869998931884766 25.182857513427734 24.125835418701172 23.827285766601562 23.67546272277832 56987.09375 65.107307434082031 51.887519836425781 34.752120971679688 158.67366027832031 riz 0 56986.55078125 0.29494267702102661 0.78819042444229126 0.23208750784397125 0.0098664155229926109 0.024107214063405991 22.634120941162109 0.026570504531264305 1.5861778592807241e-05 3.8817483982711565e-07 0.00089120579650625587 -4.5205673870896135e-08 -6.9945866876253149e-09 31 23.824213027954102 0.81765162944793701 0.26478058099746704
SN: 1311113 10 0 C3 3 0 52.737068000000001 -28.157859999999999 0.61596000194549561 0.0010000000474974513 0.61532801389694214 0.0010000000474974513 0.61532807350158691 0.0019007280934602022 0 300 0 0 0.0078591220080852509 2 4 26708 -9 -9 0.61599999666213989 0.0010000000474974513 52.737039000000003 -28.157748999999999 0.40900000929832458 0.65799999237060547 -2.211400032043457 9.0200004577636719 0.02500000037252903 -9999 -9999 -0.029999999329447746 0.032000001519918442 -9.060999870300293 0.13679546117782593 0.02500000037252903 -999 24.610000610351562 23.899999618530273 23.5 23.469999313354492 0.019999999552965164 0.0099999997764825821 0.0099999997764825821 0.019999999552965164 3.25 6.619999885559082 9.5200004577636719 9.0299997329711914 26.220291137695312 25.447854995727539 25.053407669067383 25.110780715942383 57001.19921875 35.042140960693359 34.312068939208984 19.490129470825195 103.60088348388672 riz 0 56998.23046875 0.32372987270355225 0.55348974466323853 0.24670900404453278 -0.112525574862957 0.027701299637556076 23.127389907836914 0.02655436098575592 1.0070334610645659e-05 2.4629491690575378e-07 0.00073521933518350124 -4.1325439070760694e-08 -3.0314619703375456e-09 35 28.214561462402344 0.78498482704162598 0.41800469160079956
SN: 1311151 10 0 C3 3 0 53.169589999999999 -27.660195999999999 0.67830002307891846 0.0010000000474974513 0.67764997482299805 0.0010000000474974513 0.67764997482299805 0.0019540383946150541 0 300 0 0 0.0078322198241949081 1 1 25625 -9 -9 0.67830002307891846 0.0010000000474974513 53.169744000000001 -27.660198000000001 0.49200001358985901 0.55199998617172241 -9 10.687000274658203 0.024000000208616257 -9999 -9999 0.17100000381469727 6.6160001754760742 -10.496000289916992 6.6160678863525391 1.4759999513626099 -999 24.860000610351562 22.979999542236328 21.930000305175781 21.409999847412109 0.019999999552965164 0 0 0 2.3499999046325684 14.659999847412109 38.919998168945312 59.290000915527344 26.572330474853516 24.584665298461914 23.524568557739258 23.067546844482422 56990.2578125 16.924520492553711 14.563362121582031 8.7323751449584961 43.083469390869141 riz 0 56995.5078125 0.56130331754684448 -0.36631262302398682 0.46795523166656494 0.15071401000022888 0.052556354552507401 24.020715713500977 0.048510991036891937 4.4229645936866291e-06 1.9761927205763641e-07 0.0052429377101361752 -6.7400030445696757e-08 -4.6401109621285741e-09 36 53.801498413085938 0.028540311381220818 0.51700592041015625
SN: 1303257 10 0 X3 3 0 36.304268 -4.9662090000000001 0.7730100154876709 0.0010000000474974513 0.77158999443054199 0.0010000000474974513 0.77158999443054199 0.0020353673025965691 0 300 0 0 0.023696975782513618 2 2 37047 -9 -9 0.77300000190734863 0.0010000000474974513 36.304260999999997 -4.9662220000000001 0.054000001400709152 0.10899999737739563 -4.3275198936462402 8.9530000686645508 0.061999998986721039 -9999 -9999 0.51899999380111694 0.44699999690055847 -8.3940000534057617 0.54857361316680908 -0.13500000536441803 -999 24.860000610351562 24.409999847412109 23.889999389648438 23.579999923706055 0.029999999329447746 0.019999999552965164 0.019999999552965164 0.019999999552965164 2.5899999141693115 4.070000171661377 6.7399997711181641 9.130000114440918 26.466751098632812 25.97601318359375 25.428350448608398 25.098823547363281 56949.1484375 10.081750869750977 7.7538423538208008 7.3282384872436523 26.0794677734375 riz 0 56957.5703125 0.91130572557449341 -0.087752863764762878 0.72426462173461914 0.085439197719097137 0.070261500775814056 24.407186508178711 0.069889560341835022 3.0983155738795176e-06 1.994406346739197e-07 0.0084197912365198135 -1.0671487160607285e-07 -3.5968217293458338e-09 38 24.121658325195312 0.9610055685043335 0.28629553318023682
SN: 1302705 10 0 E2 3 0 10.175433999999999 -43.575825000000002 0.79357999563217163 0.0010000000474974513 0.79228800535202026 0.0010000000474974513 0.79228806495666504 0.0020534321665763855 0 300 0 0 0.0059451786801218987 1 3 31133 -9 -9 0.79360002279281616 0.0010000000474974513 10.175754 -43.575716 0.92400002479553223 0.90200001001358032 -2.999168872833252 10.236000061035156 0.016000000759959221 -9999 -9999 0.59799998998641968 0.048000000417232513 -9.6239995956420898 0.41180700063705444 0.45699998736381531 -999 24.100000381469727 23.5 22.829999923706055 22.540000915527344 0.029999999329447746 0.019999999552965164 0.0099999997764825821 0.0099999997764825821 4.5999999046325684 8.7299995422363281 17.229999542236328 18.739999771118164 25.843105316162109 25.147464752197266 24.409286499023438 24.318077087402344 56925.1640625 11.510409355163574 8.5405378341674805 7.5250535011291504 27.649164199829102 riz 0 56923.4609375 1.4235620498657227 0.97406631708145142 0.84577250480651855 -0.088855572044849396 0.062167823314666748 23.610446929931641 0.059800952672958374 6.4538871811237186e-06 3.554717977749533e-07 -0.0021862476132810116 -1.6306061922932713e-07 2.3314170594090911e-09 42 30.133289337158203 0.9142116904258728 0.43948662281036377
SN: 1299190 10 0 X3 3 0 35.787472000000001 -4.6555879999999998 0.69973999261856079 0.0010000000474974513 0.69836300611495972 0.0010000000474974513 0.69836306571960449 0.0019718739204108715 0 300 0 0 0.021824149414896965 1 2 37709 -9 -9 0.6996999979019165 0.0010000000474974513 35.787393999999999 -4.6554650000000004 0.52499997615814209 0.56300002336502075 -3.83463454246521 9.630000114440918 0.013000000268220901 -9999 -9999 0.46299999952316284 0.014000000432133675 -9.1529998779296875 0.062585942447185516 0.10700000077486038 -999 24.079999923706055 23.360000610351562 22.809999465942383 22.700000762939453 0.019999999552965164 0.0099999997764825821 0.0099999997764825821 0.0099999997764825821 5.679999828338623 10.970000267028809 18.069999694824219 19.690000534057617 25.614130020141602 24.899482727050781 24.35760498046875 24.264385223388672 56936.1953125 17.902881622314453 17.229568481445312 15.681583404541016 55.306453704833984 riz 0 56939.734375 0.50400888919830322 0.82832086086273193 0.40311753749847412 0.040879294276237488 0.039489224553108215 23.761482238769531 0.036885160952806473 5.6157432481995784e-06 1.9078078139500576e-07 0.0022251915652304888 -5.3606772354442001e-08 -2.9036262283455017e-09 41 33.984806060791016 0.77309775352478027 0.30790096521377563
SN: 1305308 10 0 X1 3 0 34.507683 -5.5480029999999996 0.69112002849578857 0.0010000000474974513 0.68972200155258179 0.0010000000474974513 0.68972206115722656 0.0019644265994429588 0 300 0 0 0.019730629399418831 1 1 34073 -9 -9 0.69110000133514404 0.0010000000474974513 34.507694999999998 -5.5480239999999998 0.086999997496604919 0.12099999934434891 -9 11.005000114440918 0.093000002205371857 -9999 -9999 -1.6579999923706055 8.3420000076293945 -12.670000076293945 8.3448476791381836 1.5709999799728394 -999 24.600000381469727 22.729999542236328 21.569999694824219 21.040000915527344 0.039999999105930328 0.0099999997764825821 0 0 3.2400000095367432 20.170000076293945 57.729999542236328 86.860000610351562 26.223636627197266 24.238235473632812 23.09649658203125 22.652950286865234 56973.0390625 7.5363435745239258 7.1642742156982422 4.4738430976867676 21.7587890625 riz 0 56967.6640625 0.88621515035629272 -0.92278766632080078 0.90119504928588867 0.017184119671583176 0.082841947674751282 23.65904426574707 0.084326595067977905 6.1713772083749063e-06 4.79316440760158e-07 0.022077130153775215 -3.201849096967635e-07 -1.2689399753185171e-08 45 40.906326293945312 0.64596354961395264 0.31288379430770874
SN: 1320009 10 0 C3 3 0 53.018107999999998 -28.651634000000001 0.69229000806808472 0.0010000000474974513 0.69164097309112549 0.0010000000474974513 0.69164097309112549 0.0019660794641822577 0 300 0 0 0.0086026275530457497 1 2 26896 -9 -9 0.69230002164840698 0.0010000000474974513 53.018258000000003 -28.651703000000001 0.5350000262260437 0.61900001764297485 -3.9119782447814941 10.746999740600586 0.014999999664723873 -9999 -9999 -0.79799997806549072 9.2019996643066406 -11.586999893188477 9.2022972106933594 1.593999981880188 -999 25.120000839233398 23.149999618530273 21.989999771118164 21.420000076293945 0.029999999329447746 0.0099999997764825821 0 0 1.8200000524520874 12.850000381469727 37.099998474121094 60.930000305175781 26.849821090698242 24.727741241455078 23.576564788818359 23.037921905517578 57025.15625 15.862822532653809 13.23621940612793 12.157489776611328 48.178611755371094 riz 0 57022.54296875 0.48752313852310181 0.15149888396263123 0.40895003080368042 -0.019522460177540779 0.042937807738780975 23.737533569335938 0.04216819629073143 5.7409906730754301e-06 2.2297057000741916e-07 0.0052049215883016586 -6.967817256509079e-08 -3.5217981864121839e-09 27 17.621944427490234 0.91465014219284058 0.082370810210704803
SN: 1297070 10 0 C1+C3 3 0 53.470222999999997 -27.484638 0.73135000467300415 0.0010000000474974513 0.73068702220916748 0.0010000000474974513 0.73068702220916748 0.0019998189527541399 0 300 0 0 0.0076396213844418526 1 1 -7541 -9 -9 0.7314000129699707 0.0010000000474974513 53.470135999999997 -27.484708000000001 0.375 0.37000000476837158 -9 11.11299991607666 0.057999998331069946 -9999 -9999 1.0700000524520874 0.69900000095367432 -10.022000312805176 0.72677505016326904 1.3259999752044678 -999 24.770000457763672 23.040000915527344 21.809999465942383 21.370000839233398 0.039999999105930328 0.0099999997764825821 0 0 2.940000057220459 14.939999580383301 44.900001525878906 71.290000915527344 26.329132080078125 24.564123153686523 23.369384765625 22.867427825927734 56927.23828125 24.745349884033203 24.265022277832031 13.422188758850098 66.535026550292969 riz 0 56928.4765625 0.47052222490310669 -0.68018931150436401 0.34323340654373169 -0.0093737524002790451 0.036600716412067413 23.703927993774414 0.030877817422151566 5.9214571592747234e-06 1.6840340322232805e-07 0.0010798425646498799 -3.6750869014667842e-08 -7.5875561389437962e-10 86 75.49493408203125 0.78370356559753418 0.2288726419210434
SN: 1324562 10 0 C2 3 0 53.795391000000002 -28.448478999999999 0.35348999500274658 0.0010000000474974513 0.35298699140548706 0.0010000000474974513 0.35298705101013184 0.0016831569373607635 0 300 0 0 0.0089244693517684937 1 1 24478 -9 -9 0.35350000858306885 0.0010000000474974513 53.795816000000002 -28.448366 1.406000018119812 1.3619999885559082 -9 10.303000450134277 0.014000000432133675 -9999 -9999 0.76200002431869507 0.25499999523162842 -9.5369997024536133 0.25675863027572632 0.97299998998641968 -999 22.639999389648438 21.450000762939453 20.950000762939453 20.579999923706055 0.0099999997764825821 0 0 0 15.529999732971191 46.970001220703125 66.769996643066406 100.76000213623047 24.522071838378906 23.320449829101562 22.938547134399414 22.491779327392578 57044.171875 37.159183502197266 35.727531433105469 25.227737426757812 89.510673522949219 griz 0 57043.0546875 0.36001318693161011 0.35947874188423157 0.3206230103969574 0.014000533148646355 0.021474666893482208 21.988887786865234 0.024942358955740929 2.8737247703247704e-05 6.6017395283779479e-07 0.0023875990882515907 -1.196759882304832e-07 -8.0365953891714526e-09 28 23.086463928222656 0.72870105504989624 0.12859344482421875
SN: 1300025 10 0 S1 3 0 41.858223000000002 -0.13175200000000001 0.41459000110626221 0.0010000000474974513 0.413565993309021 0.0010000000474974513 0.413565993309021 0.0017322921194136143 0 300 0 0 0.035921748727560043 1 1 32094 -9 -9 0.41460001468658447 0.0010000000474974513 41.858502000000001 -0.13161700000000001 1.1139999628067017 1.5249999761581421 -9 9.7600002288818359 0.079000003635883331 -9999 -9999 -0.98400002717971802 9.0159997940063477 -10.763999938964844 9.0196332931518555 1.1720000505447388 -999 24.639999389648438 23.129999160766602 22.600000381469727 22.260000228881836 0.039999999105930328 0.0099999997764825821 0.0099999997764825821 0.0099999997764825821 2.6500000953674316 8.630000114440918 14.300000190734863 21.209999084472656 26.441884994506836 25.15997314453125 24.611660003662109 24.183647155761719 56943.21875 20.056489944458008 19.72474479675293 14.647908210754395 55.620990753173828 riz 0 56940.5390625 0.39813077449798584 0.79604208469390869 0.44395428895950317 0.04701019823551178 0.048532489687204361 22.374465942382812 0.068319186568260193 2.0147155737504363e-05 1.2677455742959864e-06 0.0088403886184096336 -3.963677670526522e-07 -5.3506681751969154e-08 31 34.725028991699219 0.29482647776603699 0.30816280841827393
SN: 1296161 10 0 X3 3 0 35.836497999999999 -4.0175809999999998 0.86394000053405762 0.0010000000474974513 0.8624269962310791 0.0010000000474974513 0.8624269962310791 0.0021150093525648117 0 300 0 0 0.021071063354611397 1 1 38130 -9 -9 0.86390000581741333 0.0010000000474974513 35.836570000000002 -4.0171989999999997 1.3999999761581421 1.9809999465942383 -9 10.442999839782715 0.043000001460313797 -9999 -9999 0.66100001335144043 0.35199999809265137 -9.7849998474121094 0.40435752272605896 0.82800000905990601 -999 24.590000152587891 23.690000534057617 22.75 22.270000457763672 0.019999999552965164 0.0099999997764825821 0.0099999997764825821 0.0099999997764825821 1.309999942779541 3.369999885559082 7.619999885559082 13.770000457763672 27.206821441650391 26.180925369262695 25.295112609863281 24.652664184570312 56916.2734375 15.216281890869141 10.86989688873291 -99 31.454929351806641 iz 0 56917.38671875 1.86328125 1.4836457967758179 0.80934274196624756 -0.024066708981990814 0.12244544923305511 24.25048828125 0.068845704197883606 3.5793514143733773e-06 2.2696394808008336e-07 -0.0051736505702137947 -7.3258917154817027e-08 -1.4972970419080411e-08 24 16.971229553222656 0.84988653659820557 0.50101292133331299
SN: 1294971 10 0 C2 3 0 54.956328999999997 -29.642572000000001 0.58876997232437134 0.0010000000474974513 0.58822399377822876 0.0010000000474974513 0.58822393417358398 0.0018777172081172466 0 300 0 0 0.010843158699572086 1 1 24353 -9 -9 0.58880001306533813 0.0010000000474974513 54.956384 -29.642455000000002 0.45600000023841858 0.66600000858306885 -9 10.119000434875488 0.017999999225139618 -9999 -9999 0.31600001454353333 0.29899999499320984 -9.7849998474121094 0.3061976432800293 0.82800000905990601 -999 24.219999313354492 23.030000686645508 22.409999847412109 22.030000686645508 0.019999999552965164 0.0099999997764825821 0.0099999997764825821 0.0099999997764825821 4.7699999809265137 12.859999656677246 21.159999847412109 32.299999237060547 25.803703308105469 24.726898193359375 24.186210632324219 23.726993560791016 56904.28515625 11.337857246398926 9.1957855224609375 6.895721435546875 25.535858154296875 riz 0 56905.73828125 1.1322249174118042 -0.33189335465431213 0.72184181213378906 -0.1090337261557579 0.082636900246143341 23.426301956176758 0.085447065532207489 7.6467922554002143e-06 6.0179991123732179e-07 0.019721141085028648 -2.8297091603235458e-07 -2.8565462883989312e-08 29 35.835784912109375 0.1783975213766098 0.37991058826446533
SN: 1290323 10 0 C2+C3 3 0 53.853110999999998 -28.123365 0.5996900200843811 0.0010000000474974513 0.5990939736366272 0.0010000000474974513 0.59909391403198242 0.001886932528577745 0 300 0 0 0.0083832051604986191 1 2 -6043 -9 -9 0.59969997406005859 0.0010000000474974513 53.853543999999999 -28.123525000000001 1.4919999837875366 1.3609999418258667 -2.2137215137481689 11.130000114440918 0.032000001519918442 -9999 -9999 0.38499999046325684 10.385000228881836 -10.734000205993652 10.385984420776367 1.3600000143051147 -999 23.479999542236328 21.680000305175781 20.760000228881836 20.309999465942383 0.0099999997764825821 0 0 0 6.5100002288818359 29.110000610351562 60.060001373291016 103.83000183105469 25.466047286987305 23.839895248413086 23.053537368774414 22.459192276000977 56904.2890625 18.080478668212891 16.040903091430664 14.293611526489258 53.214984893798828 riz 0 56901.390625 0.48060131072998047 -0.040066484361886978 0.31395125389099121 0.12982389330863953 0.042229786515235901 23.331991195678711 0.046949785202741623 8.3407257989165373e-06 3.6067260111849464e-07 0.0026807819958776236 -7.7258960118342657e-08 -8.996099865044016e-09 64 65.170150756835938 0.43577724695205688 0.43295234441757202
SN: 1297061 10 0 C1 3 0 53.668201000000003 -27.391729000000002 0.5344499945640564 0.0010000000474974513 0.53386598825454712 0.0010000000474974513 0.53386592864990234 0.0018319074297323823 0 300 0 0 0.0082798609510064125 1 1 22518 -9 -9 0.53439998626708984 0.0010000000474974513 53.668236999999998 -27.391677000000001 0.22100000083446503 0.32800000905990601 -9 10.006999969482422 0.026000000536441803 -9999 -9999 0.33000001311302185 0.67100000381469727 -9.6789999008178711 0.68129658699035645 0.96100002527236938 -999 24.620000839233398 23.219999313354492 22.680000305175781 22.319999694824219 0.029999999329447746 0.0099999997764825821 0.0099999997764825821 0.0099999997764825821 4.0300002098083496 13.449999809265137 21.280000686645508 27.959999084472656 25.986736297607422 24.678194046020508 24.180070877075195 23.883657455444336 56927.23828125 10.695893287658691 8.4871559143066406 7.6551966667175293 25.796285629272461 riz 0 56931.19140625 0.71024870872497559 -0.44254028797149658 0.81721186637878418 0.16748851537704468 0.07826697826385498 23.582252502441406 0.090111076831817627 6.6236798375030048e-06 5.497347501659533e-07 0.006772075779736042 -2.958271636543941e-07 -2.5636742506662813e-08 34 24.353494644165039 0.88883024454116821 0.57745438814163208
SN: 1296919 10 0 X3 3 0 36.812331999999998 -3.759846 0.67831999063491821 0.0010000000474974513 0.67698198556900024 0.0010000000474974513 0.67698192596435547 0.00195346400141716 0 300 0 0 0.023963708430528641 1 3 39091 -9 -9 0.67830002307891846 0.0010000000474974513 36.812438 -3.7598579999999999 0.38400000333786011 0.50400000810623169 -3.4512252807617188 9.3850002288818359 0.032999999821186066 -9999 -9999 1.1710000038146973 1.1089999675750732 -8.1979999542236328 1.1107317209243774 0.31499999761581421 -999 24.809999465942383 23.889999389648438 23.370000839233398 23.149999618530273 0.029999999329447746 0.0099999997764825821 0.0099999997764825821 0.0099999997764825821 2.7699999809265137 6.320000171661377 10.359999656677246 11.840000152587891 26.393800735473633 25.498207092285156 24.961601257324219 24.816619873046875 56924.234375 20.396942138671875 18.658699035644531 15.115443229675293 46.714500427246094 riz 0 56924.859375 0.80374550819396973 -1.0896567106246948 0.48851847648620605 -0.01573403924703598 0.045150846242904663 23.846527099609375 0.038071751594543457 5.1926522246503737e-06 1.8208231722383061e-07 0.00022357964189723134 -3.5908758633240723e-08 -3.8771625909816976e-09 35 24.415958404541016 0.90974950790405273 0.36698588728904724
SN: 1304841 10 0 E2 3 0 10.004416000000001 -44.418681999999997 0.74248999357223511 0.0010000000474974513 0.7412559986114502 0.0010000000474974513 0.7412559986114502 0.0020089845638722181 0 300 0 0 0.0060834698379039764 1 1 30714 -9 -9 0.74250000715255737 0.0010000000474974513 10.004322999999999 -44.418731000000001 0.29699999094009399 0.37299999594688416 -9 11.050000190734863 0.050999999046325684 -9999 -9999 0.54600000381469727 0.90499997138977051 -10.531999588012695 0.95990884304046631 1.6059999465942383 -999 25.450000762939453 23.440000534057617 22.149999618530273 21.600000381469727 0.079999998211860657 0.0099999997764825821 0.0099999997764825821 0.0099999997764825821 1.7400000095367432 10.210000038146973 34.610000610351562 50.310001373291016 26.898626327514648 24.977436065673828 23.651996612548828 23.245864868164062 56960.1796875 7.4114108085632324 6.9213204383850098 5.0614476203918457 20.20543098449707 riz 0 56956.37890625 1.1296660900115967 -1.4476217031478882 0.80846202373504639 -0.0025184857659041882 0.095205992460250854 23.935966491699219 0.07378089427947998 4.7820403779041953e-06 3.2496220114808239e-07 0.011584215797483921 -1.4778350987398881e-07 -3.375551616002781e-09 39 34.931789398193359 0.65595626831054688 0.48261359333992004
SN: 1297465 10 1 C3 3 0 51.795310999999998 -27.822104 0.27836000919342041 0.0010000000474974513 0.27783599495887756 0.0010000000474974513 0.27783596515655518 0.0016232819762080908 0 300 0 0 0.0081648034974932671 1 1 -6141 -9 -9 0.2784000039100647 0.0010000000474974513 51.794724000000002 -27.822510999999999 2.374000072479248 1.1859999895095825 -9 10.012999534606934 0.012000000104308128 -9999 -9999 0.76200002431869507 0.4699999988079071 -9.2349996566772461 0.47012871503829956 0.83499997854232788 -999 22.659999847412109 21.659999847412109 21.190000534057617 20.829999923706055 0 0 0 0 12.470000267028809 24.020000457763672 31.799999237060547 44.659999847412109 24.760334014892578 24.048566818237305 23.743932723999023 23.375202178955078 56936.2421875 97.4769287109375 71.47369384765625 42.022655487060547 261.47140502929688 griz 0 56938.953125 0.15629845857620239 1.1599464416503906 0.12726524472236633 0.048062078654766083 0.015142548829317093 21.590295791625977 0.019437503069639206 4.148407606408e-05 7.4267290983698331e-07 0.0001356719876639545 -4.2646597364637273e-08 -7.8944752956999764e-09 44 25.321994781494141 0.98925548791885376 0.41852545738220215
SN: 1291580 10 0 C2 3 0 54.131309999999999 -29.701744000000001 0.31314998865127563 0.0010000000474974513 0.31268098950386047 0.0010000000474974513 0.31268095970153809 0.0016508880071341991 0 300 0 0 0.010936594568192959 1 2 24850 -9 -9 0.31310001015663147 0.0010000000474974513 54.131523000000001 -29.701796000000002 0.69199997186660767 0.74199998378753662 -3.1287484169006348 10.062999725341797 0.008999999612569809 -9999 -9999 0.85799998044967651 0.018999999389052391 -9.1960000991821289 0.018999999389052391 0.80000001192092896 -999 22.059999465942383 21.170000076293945 20.75 20.340000152587891 0 0 0 0 32.869998931884766 77.480003356933594 113.93000030517578 151.50999450683594 23.708000183105469 22.777027130126953 22.358406066894531 22.048896789550781 56890.3984375 19.068023681640625 16.032236099243164 14.280465126037598 47.522232055664062 griz 0 56902.36328125 0.66823339462280273 3.1642417907714844 0.61146652698516846 0.1820199191570282 0.041587062180042267 22.555007934570312 0.071232050657272339 1.7060696336557157e-05 1.1193035334144952e-06 0.0046058772131800652 -4.7547788994961593e-07 -2.8127644213782332e-08 21 55.258796691894531 6.4805790316313505e-05 1.2168059349060059
SN: 1301936 10 0 C2 3 0 54.948563 -28.880789 0.34351000189781189 0.0010000000474974513 0.34304198622703552 0.0010000000474974513 0.34304201602935791 0.0016751624643802643 0 300 0 0 0.012373481877148151 1 1 23707 -9 -9 0.34349998831748962 0.0010000000474974513 54.948484999999998 -28.880768 0.25799998641014099 0.44999998807907104 -9 8.9250001907348633 0.026000000536441803 -9999 -9999 0.50999999046325684 0.26800000667572021 -8.4010000228881836 0.27856776118278503 0.31000000238418579 -999 23.649999618530273 22.870000839233398 22.690000534057617 22.389999389648438 0.0099999997764825821 0.0099999997764825821 0.0099999997764825821 0.0099999997764825821 7.5500001907348633 16.090000152587891 18.780000686645508 24.819999694824219 25.305131912231445 24.483610153198242 24.315761566162109 24.012996673583984 56943.18359375 25.444807052612305 22.222379684448242 21.143793106079102 63.865768432617188 griz 0 56946.87890625 0.50991886854171753 0.66798251867294312 0.34371894598007202 0.10794913768768311 0.027373308315873146 22.57105827331543 0.035386577248573303 1.6810347005957738e-05 5.4788688430562615e-07 0.0027483804151415825 -8.9754735199676361e-08 -1.0787288395874839e-08 44 36.241928100585938 0.79076659679412842 0.42314985394477844
SN: 1320447 10 0 S2 3 0 40.854694000000002 -0.38197599999999998 0.5800899863243103 0.0010000000474974513 0.57892000675201416 0.0010000000474974513 0.57892000675201416 0.0018698438070714474 0 300 0 0 0.02588648721575737 1 2 33416 -9 -9 0.58009999990463257 0.0010000000474974513 40.854700000000001 -0.38189899999999999 0.2800000011920929 0.2199999988079071 -5.2533516883850098 11.026000022888184 0.037999998778104782 -9999 -9999 -2.2850000858306885 7.7150001525878906 -13.310999870300293 7.7154359817504883 1.5549999475479126 -999 24.079999923706055 22.170000076293945 21.25 20.770000457763672 0.019999999552965164 0.0099999997764825821 0 0 5.9200000762939453 34.560001373291016 83.949996948242188 123.56999969482422 25.569194793701172 23.653566360473633 22.689949035644531 22.270217895507812 57019.046875 18.513406753540039 9.8387002944946289 7.6228761672973633 31.938375473022461 riz 0 57019.078125 0.67314291000366211 -1.082588791847229 0.57005119323730469 -0.20518438518047333 0.072473973035812378 23.042829513549805 0.062691405415534973 1.0885991287068464e-05 6.2856713611836312e-07 0.010421540588140488 -2.2916211150914023e-07 -2.1364346736163498e-08 26 20.769750595092773 0.75374919176101685 0.77330905199050903
SN: 1322912 10 0 E1 3 0 7.5276310000000004 -43.465271000000001 0.65952998399734497 0.0010000000474974513 0.65830802917480469 0.0010000000474974513 0.65830802917480469 0.0019374353578314185 0 300 0 0 0.0057744760997593403 1 3 353650 -9 -9 0.65950000286102295 0.0010000000474974513 7.5282640000000001 -43.465170999999998 1.6920000314712524 0.98400002717971802 -3.0330452919006348 11.401000022888184 0.048000000417232513 -9999 -9999 0.24500000476837158 3.8369998931884766 -11.156999588012695 3.8371982574462891 1.6390000581741333 -999 24.170000076293945 22.239999771118164 21.079999923706055 20.629999160766602 0.029999999329447746 0.0099999997764825821 0 0 5.0399999618530273 28.569999694824219 81.669998168945312 120.79000091552734 25.743923187255859 23.860223770141602 22.719844818115234 22.294921875 57030.046875 6.1737422943115234 5.7962179183959961 4.6177401542663574 15.569928169250488 riz 0 57026.23828125 1.0794627666473389 -2.5392341613769531 0.96428799629211426 -0.02399657666683197 0.12089191377162933 23.788116455078125 0.10015954822301865 5.4796610129415058e-06 5.0550067953736288e-07 0.018219931051135063 -3.0605878009737353e-07 -1.4861882391414838e-08 18 14.331184387207031 0.7072606086730957 0.85018259286880493
SN: 1305504 10 1 X3 3 0 36.058436999999998 -5.1645760000000003 0.49678999185562134 0.0010000000474974513 0.49558699131011963 0.0010000000474974513 0.49558699131011963 0.0017999350093305111 0 300 0 0 0.022474905475974083 1 1 39170 -9 -9 0.4968000054359436 0.0010000000474974513 36.057906000000003 -5.1650790000000004 2.6289999485015869 2.1570000648498535 -9 11.284000396728516 0.0070000002160668373 -9999 -9999 1.0789999961853027 0.19300000369548798 -10.194999694824219 0.2063443660736084 1.5069999694824219 -999 23.25 21.5 20.450000762939453 20.020000457763672 0.0099999997764825821 0 0 0 1.8999999761581421 8.4300003051757812 10.680000305175781 16.399999618530273 26.803115844726562 25.185430526733398 24.928571701049805 24.462890625 56973.09765625 70.31072998046875 41.414028167724609 -99 128.69883728027344 ri 0 56973.7421875 0.41590642929077148 -0.28057584166526794 0.23893705010414124 -0.073721110820770264 0.040745005011558533 22.751626968383789 0.031049875542521477 1.4234725313144736e-05 4.0708457049731805e-07 0.0017113358480855823 -4.6604938575001142e-08 -1.0636311387202113e-08 21 8.020573616027832 0.99505645036697388 0.26293283700942993
SN: 1318158 10 0 E2 3 0 10.231591999999999 -43.545994 0.78732997179031372 0.0010000000474974513 0.78604298830032349 0.0010000000474974513 0.78604292869567871 0.0020479762461036444 0 300 0 0 0.0077848415821790695 1 1 30331 -9 -9 0.7872999906539917 0.0010000000474974513 10.231506 -43.545941999999997 0.29199999570846558 0.35699999332427979 -9 10.89900016784668 0.0080000003799796104 -9999 -9999 1.1109999418258667 0.31400001049041748 -9.7849998474121094 0.31720814108848572 1.2580000162124634 -999 24.399999618530273 23.180000305175781 22.149999618530273 21.700000762939453 0.029999999329447746 0.0099999997764825821 0.0099999997764825821 0.0099999997764825821 3.6400001049041748 11.720000267028809 31.530000686645508 45.240001678466797 26.097246170043945 24.827680587768555 23.753189086914062 23.361194610595703 57017.078125 10.455009460449219 6.6637420654296875 6.3226785659790039 21.906169891357422 riz 0 57007.96875 1.5236473083496094 0.42582455277442932 0.95357263088226318 0.070019759237766266 0.078146770596504211 23.955362319946289 0.070021100342273712 4.6973723328846972e-06 3.0294208386294486e-07 0.00054713984718546271 -1.7758053161287535e-07 6.4481794903592515e-11 27 32.569644927978516 0.21164381504058838 0.27317133545875549
SN: 1310236 10 0 S2 3 0 40.617313000000003 -0.71603399999999995 0.69211000204086304 0.0010000000474974513 0.69085097312927246 0.0010000000474974513 0.69085097312927246 0.0019653989002108574 0 300 0 0 0.029241904616355896 1 1 32445 -9 -9 0.69209998846054077 0.0010000000474974513 40.617359 -0.71618899999999996 0.58099997043609619 0.73799997568130493 -9 10.564999580383301 0.059000000357627869 -9999 -9999 0.70599997043609619 9.625 -9.8850002288818359 9.6272468566894531 1.3359999656677246 -999 24.860000610351562 23.260000228881836 22.350000381469727 21.870000839233398 0.05000000074505806 0.0099999997764825821 0.0099999997764825821 0.0099999997764825821 3.2599999904632568 10.859999656677246 26.309999465942383 38.770000457763672 26.216955184936523 24.910425186157227 23.949697494506836 23.52876091003418 56973.19140625 8.2842950820922852 7.9010329246520996 6.3386030197143555 22.315763473510742 riz 0 56972.4765625 1.1745167970657349 0.16200873255729675 0.8622204065322876 0.12911421060562134 0.080506376922130585 23.822422027587891 0.078310087323188782 5.3092262533027679e-06 3.8293461557259434e-07 0.021482255309820175 -2.2479166261746286e-07 -1.5679830767112435e-08 46 40.453262329101562 0.70298957824707031 0.43375551700592041
SN: 1293028 10 0 X3 3 0 35.781329999999997 -3.9704039999999998 0.75508999824523926 0.0010000000474974513 0.75366300344467163 0.0010000000474974513 0.75366306304931641 0.0020197620615363121 0 300 0 0 0.021670887246727943 1 2 38964 -9 -9 0.75510001182556152 0.0010000000474974513 35.781331000000002 -3.9708450000000002 1.5889999866485596 1.1740000247955322 -2.3455548286437988 10.961000442504883 0.059000000357627869 -9999 -9999 0.87999999523162842 0.21299999952316284 -10.11400032043457 0.29217973351478577 0.94300001859664917 -999 24.170000076293945 22.920000076293945 21.850000381469727 21.379999160766602 0.019999999552965164 0 0 0 3.9100000858306885 10.25 26.219999313354492 40.369998931884766 26.019557952880859 24.973190307617188 23.953418731689453 23.484853744506836 56915.25390625 11.308900833129883 10.886351585388184 6.5093550682067871 27.015642166137695 riz 0 56901.22265625 0.98139435052871704 -0.64016270637512207 0.8896862268447876 -0.0982518270611763 0.097112745046615601 23.819126129150391 0.10938327759504318 5.3253661462804303e-06 5.3650785503123188e-07 0.058544620871543884 -4.2637367414499749e-07 -4.0326852968064486e-08 30 31.561439514160156 0.38819694519042969 0.39088934659957886
SN: 1302027 10 0 C2 3 0 55.160553 -29.382549000000001 0.74958997964859009 0.0010000000474974513 0.74899202585220337 0.0010000000474974513 0.74899196624755859 0.0020157021936029196 0 300 0 0 0.011450870893895626 1 1 24058 -9 -9 0.74959999322891235 0.0010000000474974513 55.160617000000002 -29.382671999999999 0.48500001430511475 0.59299999475479126 -9 11.14799976348877 0.10400000214576721 -9999 -9999 -2.4330000877380371 7.5669999122619629 -13.329000473022461 7.5671005249023438 1.6629999876022339 -999 25.219999313354492 23.190000534057617 21.940000534057617 21.379999160766602 0.05000000074505806 0.0099999997764825821 0.0099999997764825821 0 1.7999999523162842 11.649999618530273 38.369998931884766 63.229999542236328 26.861818313598633 24.834184646606445 23.540019989013672 22.997692108154297 56943.18359375 7.7998685836791992 6.9828343391418457 6.6519260406494141 20.771816253662109 riz 0 56950.02734375 1.5147922039031982 -1.7617409229278564 0.87298488616943359 0.038065288215875626 0.088014841079711914 23.757011413574219 0.069377660751342773 5.6389148994639982e-06 3.6032207617608947e-07 0.0095447273924946785 -1.4190376873557398e-07 -8.2522193523004717e-09 40 23.003627777099609 0.98566067218780518 0.60079830884933472
SN: 1322819 10 0 C2 3 0 54.478329000000002 -28.444315 0.33807000517845154 0.0010000000474974513 0.33758899569511414 0.0010000000474974513 0.33758902549743652 0.0016707879258319736 0 300 0 0 0.010846161283552647 1 1 -12226 -9 -9 0.33809998631477356 0.0010000000474974513 54.478548000000004 -28.444289000000001 0.69999998807907104 0.079000003635883331 -9 11.541000366210938 0.016000000759959221 -9999 -9999 1.3880000114440918 0.039999999105930328 -10.13700008392334 0.086769811809062958 1.465999960899353 -999 23.530000686645508 22.049999237060547 21.399999618530273 20.979999542236328 0.0099999997764825821 0 0 0 9.4099998474121094 33.950000762939453 61.529998779296875 86.550003051757812 25.06602668762207 23.672901153564453 23.02728271484375 22.656831741333008 57032.1484375 31.517192840576172 22.240791320800781 21.211698532104492 71.084518432617188 griz 0 57032.37109375 0.39743238687515259 -0.36385658383369446 0.36138418316841125 -0.036594387143850327 0.026797574013471603 21.9681396484375 0.033829111605882645 2.9291650207596831e-05 9.1266235813236563e-07 0.0040949038229882717 -2.0230118025210686e-07 -1.6882452769095835e-08 31 29.534402847290039 0.54142236709594727 0.17201632261276245
SN: 1305785 10 0 E2 3 0 9.8933590000000002 -44.833419999999997 0.4743100106716156 0.0010000000474974513 0.47327500581741333 0.0010000000474974513 0.47327494621276855 0.0017814141465350986 0 300 0 0 0.0075636748224496841 1 1 29550 -9 -9 0.47429999709129333 0.0010000000474974513 9.8933909999999994 -44.833418999999999 0.082999996840953827 0.086000002920627594 -9 10.86299991607666 0.054000001400709152 -9999 -9999 0.19799999892711639 10.197999954223633 -10.638999938964844 10.198346138000488 1.3689999580383301 -999 22.950000762939453 21.239999771118164 20.549999237060547 20.190000534057617 0.0099999997764825821 0 0 0 15.210000038146973 72.269996643066406 142.77000427246094 194.55000305175781 24.544677734375 22.852603912353516 22.113407135009766 21.777421951293945 56973.0234375 21.241744995117188 14.521893501281738 9.9178562164306641 46.895462036132812 riz 0 56970.328125 0.50905174016952515 0.35792362689971924 0.49961498379707336 0.032231021672487259 0.048039883375167847 22.874462127685547 0.05240330845117569 1.2712047464447096e-05 6.135499006632017e-07 0.0051515838131308556 -2.1159468133191695e-07 -1.8488170994146458e-08 33 42.526954650878906 0.12382446229457855 0.16055223345756531
SN: 1300777 10 0 X3 3 0 36.327133000000003 -3.822918 0.81830000877380371 0.0010000000474974513 0.81683701276779175 0.0010000000474974513 0.81683707237243652 0.0020749224349856377 0 300 0 0 0.024467820301651955 1 2 38209 -9 -9 0.81830000877380371 0.0010000000474974513 36.327545000000001 -3.82273 1.6289999485015869 1.4910000562667847 -2.5884497165679932 11.043000221252441 0.034000001847743988 -9999 -9999 0.89800000190734863 0.020999999716877937 -10.13700008392334 0.097293369472026825 0.84899997711181641 -999 23.770000457763672 22.870000839233398 21.829999923706055 21.299999237060547 0.0099999997764825821 0.0099999997764825821 0 0 4.690000057220459 11.090000152587891 26.379999160766602 36.909999847412109 25.822067260742188 24.887670516967773 23.946813583374023 23.58213996887207 56956.2421875 18.517314910888672 11.739351272583008 10.427422523498535 41.417705535888672 riz 0 56949.44921875 0.63693392276763916 0.35731595754623413 0.39363008737564087 -0.079410307109355927 0.050939537584781647 23.780397415161133 0.040817942470312119 5.5187583711813204e-06 2.0747614826177596e-07 0.0020399759523570538 -5.1368004960750113e-08 -1.993986920023616e-10 39 33.36456298828125 0.72413915395736694 0.29026314616203308
SN: 1318235 10 0 S2 3 0 41.573535999999997 -0.51737699999999998 0.36100998520851135 0.0010000000474974513 0.36001899838447571 0.0010000000474974513 0.36001896858215332 0.0016888221725821495 0 300 0 0 0.029923342168331146 1 1 34007 -9 -9 0.36100000143051147 0.0010000000474974513 41.573504999999997 -0.517679 1.093000054359436 1.1410000324249268 -9 9.8400001525878906 0.014000000432133675 -9999 -9999 1.2849999666213989 0.14699999988079071 -8.5550003051757812 0.15023314952850342 0.44200000166893005 -999 22.670000076293945 21.729999542236328 21.430000305175781 21.120000839233398 0.0099999997764825821 0 0 0 14.899999618530273 34.200000762939453 49.139999389648438 65.160003662109375 24.567033767700195 23.664934158325195 23.271411895751953 22.965047836303711 57021.046875 45.200458526611328 37.365711212158203 27.989048004150391 87.339614868164062 griz 0 57013.85546875 0.35142874717712402 0.44568294286727905 0.34284853935241699 -0.0066963229328393936 0.022874172776937485 22.155902862548828 0.029466820880770683 2.4639886760269292e-05 6.6872519255412044e-07 0.0028449497185647488 -1.4128985981187725e-07 -9.1228029575063374e-09 34 62.044795989990234 0.0023115717340260744 0.15022848546504974
SN: 1295527 10 0 C3 3 0 51.799861999999997 -27.99334 0.88568001985549927 0.0010000000474974513 0.884909987449646 0.0010000000474974513 0.884909987449646 0.002134860260412097 0 300 0 0 0.0087291337549686432 1 1 27201 -9 -9 0.88569998741149902 0.0010000000474974513 51.799765000000001 -27.993449999999999 0.50199997425079346 0.58300000429153442 -9 10.906000137329102 0.0099999997764825821 -9999 -9999 1.0449999570846558 0.1679999977350235 -9.8360004425048828 0.17140595614910126 0.76899999380111694 -999 23.569999694824219 22.860000610351562 22 21.540000915527344 0.0099999997764825821 0 0 0 7.9800000190734863 15.25 34.740001678466797 52.840000152587891 25.244993209838867 24.541824340820312 23.647926330566406 23.192592620849609 56925.328125 21.722696304321289 12.941858291625977 -99 41.986717224121094 iz 0 56923.1171875 0.98011589050292969 -0.14058859646320343 0.53634405136108398 0.0010609033051878214 0.10446812212467194 24.082700729370117 0.039482656866312027 4.1775324461923447e-06 1.5191542956927151e-07 -0.00082005310105159879 -4.0540214740758529e-08 -8.3477874612825076e-10 25 25.223058700561523 0.44993001222610474 0.046996105462312698
SN: 1303663 10 0 E1 3 0 8.3746829999999992 -42.485996 0.81960999965667725 0.0010000000474974513 0.81825000047683716 0.0010000000474974513 0.81824994087219238 0.0020761613268405199 0 300 0 0 0.0072809606790542603 1 2 28847 -9 -9 0.81959998607635498 0.0010000000474974513 8.3749839999999995 -42.486116000000003 0.9089999794960022 2.1809999942779541 -1.0817340612411499 8.8570003509521484 0.31499999761581421 -9999 -9999 0.88700002431869507 1.2389999628067017 -7.7930002212524414 1.2880314588546753 0.1679999977350235 -999 25.409999847412109 25.209999084472656 24.719999313354492 24.170000076293945 0.079999998211860657 0.079999998211860657 0.070000000298023224 0.070000000298023224 2 1.7000000476837158 2.8399999141693115 3.1099998950958252 26.747425079345703 26.923877716064453 26.366704940795898 26.268098831176758 56961.015625 7.8769798278808594 5.9657130241394043 5.4232521057128906 20.92534065246582 riz 0 56955.22265625 1.4684346914291382 0.75751972198486328 0.93346095085144043 0.024652861058712006 0.092100590467453003 23.921009063720703 0.082158826291561127 4.8483748287253547e-06 3.6688174986920785e-07 0.0061321803368628025 -2.3504351531755674e-07 8.0878290176222833e-11 43 50.555206298828125 0.19980448484420776 0.26554191112518311
SN: 1302635 10 0 E2 3 0 9.4659669999999991 -43.464108000000003 0.20354999601840973 0.0010000000474974513 0.20267599821090698 0.0010000000474974513 0.20267605781555176 0.0015647236723452806 0 300 0 0 0.0056460890918970108 1 2 30618 -9 -9 0.20350000262260437 0.0010000000474974513 9.4657269999999993 -43.464030000000001 0.68800002336502075 0.68699997663497925 -3.3021550178527832 9.0500001907348633 0.014999999664723873 -9999 -9999 -0.16699999570846558 0.8619999885559082 -9.2270002365112305 0.86483752727508545 0.4050000011920929 -999 22.549999237060547 22.040000915527344 21.819999694824219 21.760000228881836 0.0099999997764825821 0 0.0099999997764825821 0.0099999997764825821 18.559999465942383 27.420000076293945 39.049999237060547 35 24.328556060791016 23.904830932617188 23.520946502685547 23.639829635620117 56960.1796875 29.175500869750977 21.780305862426758 18.415748596191406 66.002296447753906 griz 0 56957.859375 0.34200519323348999 -0.40324187278747559 0.26597762107849121 0.24778355658054352 0.027772681787610054 22.334527969360352 0.040378544479608536 2.0902054529869929e-05 7.7734773640258936e-07 0.001741906045936048 -9.3468365491844452e-08 -1.5284731702536192e-08 34 72.388832092285156 0.00013725753524340689 0.8368108868598938
SN: 1322954 10 0 C3 3 0 53.659270999999997 -28.155306 0.54385000467300415 0.0010000000474974513 0.54326999187469482 0.0010000000474974513 0.54326999187469482 0.0018397992243990302 0 300 0 0 0.0072208591736853123 1 1 26509 -9 -9 0.5439000129699707 0.0010000000474974513 53.659416 -28.155581000000002 1.090999960899353 1.1859999895095825 -9 10.22599983215332 0.014999999664723873 -9999 -9999 0.43599998950958252 0.69099998474121094 -9.7849998474121094 0.70275527238845825 1.0509999990463257 -999 24.319999694824219 22.909999847412109 22.299999237060547 21.860000610351562 0.0099999997764825821 0 0 0 3.3499999046325684 14.380000114440918 26.399999618530273 37.630001068115234 26.187387466430664 24.605602264404297 23.945989608764648 23.561164855957031 57040.125 28.436302185058594 23.095748901367188 20.214256286621094 65.541893005371094 riz 0 57036.54296875 0.56762880086898804 -0.67575758695602417 0.49049806594848633 0.19304142892360687 0.035132911056280136 23.61846923828125 0.036809898912906647 6.4063769968925044e-06 2.1719648657381185e-07 0.0029948402661830187 -4.7209233855483035e-08 -5.2764232982838166e-09 18 19.914768218994141 0.33763858675956726 0.68175816535949707
SN: 1295436 10 0 X3 3 0 36.773223999999999 -4.9900169999999999 0.29686999320983887 0.0010000000474974513 0.29584100842475891 0.0010000000474974513 0.29584097862243652 0.0016375118866562843 0 300 0 0 0.022653572261333466 1 2 37520 -9 -9 0.29690000414848328 0.0010000000474974513 36.773102000000002 -4.9898040000000004 0.88400000333786011 1.0800000429153442 -2.7556319236755371 9.189000129699707 0.012000000104308128 -9999 -9999 0.16899999976158142 0.20800000429153442 -9.008000373840332 0.23345234990119934 0.66500002145767212 -999 23.639999389648438 22.770000457763672 22.389999389648438 22.139999389648438 0.0099999997764825821 0 0 0.0099999997764825821 7.3400001525878906 17.940000534057617 24.940000534057617 29.75 25.335760116577148 24.365444183349609 24.007759094238281 23.816282272338867 56903.23828125 22.917512893676758 20.087362289428711 16.785013198852539 54.360569000244141 griz 0 56907.8203125 0.52654129266738892 1.4061075448989868 0.40810459852218628 0.047653477638959885 0.032258100807666779 23.103128433227539 0.049474723637104034 1.029789746098686e-05 4.6925362084948574e-07 0.0018755396595224738 -1.1161397850401045e-07 -9.2667233886345457e-09 30 46.876487731933594 0.025583073496818542 0.49488762021064758
SN: 1321006 10 0 X2 3 0 36.445351000000002 -5.9437069999999999 0.30347999930381775 0.0010000000474974513 0.30244401097297668 0.0010000000474974513 0.3024439811706543 0.0016427490627393126 0 300 0 0 0.024939540773630142 1 2 37026 -9 -9 0.30349999666213989 0.0010000000474974513 36.445388999999999 -5.9446659999999998 3.4549999237060547 1.7929999828338623 -2.3341522216796875 11.28600025177002 0.12700000405311584 -9999 -9999 0.27799999713897705 10.277999877929688 -11.184000015258789 10.283523559570312 1.6419999599456787 -999 21.440000534057617 19.790000915527344 19.129999160766602 18.760000228881836 0 0 0 0 6.5199999809265137 28.629999160766602 41.119998931884766 60.580001831054688 25.464380264282227 23.857946395874023 23.464866638183594 23.04417610168457 57019.0859375 23.544536590576172 22.812250137329102 20.140087127685547 75.422523498535156 griz 0 57022.828125 0.2396056056022644 -1.0194729566574097 0.32902178168296814 -0.041729077696800232 0.026851357892155647 21.755681991577148 0.037300650030374527 3.5622724681161344e-05 1.2238247109053191e-06 0.003979523666203022 -2.703791608382744e-07 -2.4697246914229254e-08 31 42.704551696777344 0.078594930469989777 0.36719003319740295
SN: 1311247 10 0 E2 3 0 8.0202380000000009 -43.909602999999997 0.44288000464439392 0.0010000000474974513 0.44183099269866943 0.0010000000474974513 0.44183099269866943 0.0017554633086547256 0 300 0 0 0.0067370235919952393 1 1 29612 -9 -9 0.44290000200271606 0.0010000000474974513 8.0201340000000005 -43.909562999999999 0.3059999942779541 0.24300000071525574 -9 10.781000137329102 0.026000000536441803 -9999 -9999 0.70300000905990601 0 -10.067000389099121 0 0.74199998378753662 -999 21.090000152587891 19.680000305175781 19.299999237060547 19.25 0 0 0 0 83.55999755859375 290.91000366210938 381.47000122070312 437.25 22.695003509521484 21.340602874755859 21.046348571777344 20.898174285888672 56992.05078125 27.367198944091797 17.867780685424805 11.1529541015625 68.843093872070312 riz 0 56992.75390625 0.50621020793914795 2.5738720893859863 0.53080624341964722 0.054846052080392838 0.044767126441001892 22.139560699462891 0.054214831441640854 2.5013565391418524e-05 1.2490199878811836e-06 0.0071687502786517143 -4.486010141135921e-07 -4.3336953581274429e-08 32 34.212100982666016 0.36190390586853027 0.87721949815750122
SN: 1316831 10 0 X1 3 0 35.065089999999998 -4.2234189999999998 0.43966001272201538 0.0010000000474974513 0.43847501277923584 0.0010000000474974513 0.43847501277923584 0.0017527042655274272 0 300 0 0 0.017524383962154388 1 1 -12579 -9 -9 0.43970000743865967 0.0010000000474974513 35.065356999999999 -4.2238170000000004 1.7250000238418579 0.98600000143051147 -9 10.73900032043457 0.012000000104308128 -9999 -9999 0.9570000171661377 0.27300000190734863 -9.7589998245239258 0.27510908246040344 0.82200002670288086 -999 22.420000076293945 21.209999084472656 20.739999771118164 20.340000152587891 0.0099999997764825821 0 0 0 16.829999923706055 49.860000610351562 74.370002746582031 101.01000213623047 24.434789657592773 23.255619049072266 22.821506500244141 22.489089965820312 57014.046875 14.815048217773438 13.994675636291504 9.1354532241821289 43.340244293212891 riz 0 57013.40625 0.54176366329193115 -0.028944069519639015 0.54692268371582031 -0.0049205655232071877 0.050177276134490967 22.528772354125977 0.054096974432468414 1.7477963410783559e-05 8.7084225697253714e-07 0.0061387536115944386 -2.5132985115305928e-07 -3.3589927284083387e-08 25 13.713386535644531 0.96650129556655884 0.019029088318347931
SN: 1315890 10 0 E1 3 0 8.3368649999999995 -42.885249999999999 0.56814998388290405 0.0010000000474974513 0.56698697805404663 0.0010000000474974513 0.56698703765869141 0.0018597650341689587 0 300 0 0 0.0062535791657865047 1 1 27973 -9 -9 0.5680999755859375 0.0010000000474974513 8.337059 -42.88523 0.51700001955032349 0.52399998903274536 -9 10.470999717712402 0.024000000208616257 -9999 -9999 1.0230000019073486 0.75499999523162842 -9.4449996948242188 0.76172566413879395 1.0099999904632568 -999 23.75 22.340000152587891 21.680000305175781 21.350000381469727 0.019999999552965164 0.0099999997764825821 0 0 7.440000057220459 27.159999847412109 47.889999389648438 66.680000305175781 25.321067810058594 23.915176391601562 23.299388885498047 22.940010070800781 57002.04296875 7.6272778511047363 7.2287859916687012 7.0233325958251953 21.879711151123047 riz 0 57000.328125 0.98518127202987671 -1.3820781707763672 0.82577723264694214 0.13205033540725708 0.095053583383560181 23.782266616821289 0.092852286994457245 5.5092646107368637e-06 4.7115295842559135e-07 0.0168616883456707 -2.4604119630566856e-07 -2.8096771131913556e-08 29 20.966072082519531 0.86038243770599365 0.63716989755630493
SN: 1326273 10 0 C3 3 0 52.117320999999997 -27.785505000000001 0.57012999057769775 0.0010000000474974513 0.56949502229690552 0.0010000000474974513 0.56949496269226074 0.0018618813483044505 0 300 0 0 0.0078028514981269836 1 2 25611 -9 -9 0.57010000944137573 0.0010000000474974513 52.117178000000003 -27.785685999999998 0.7929999828338623 1.1460000276565552 -2.8125848770141602 8.7609996795654297 0.032000001519918442 -9999 -9999 -0.12300000339746475 0.057000000029802322 -8.8950004577636719 0.1689082533121109 -0.092000000178813934 -999 24.959999084472656 24.219999313354492 23.930000305175781 23.899999618530273 0.019999999552965164 0.0099999997764825821 0.0099999997764825821 0.029999999329447746 2.0999999046325684 3.9900000095367432 5.559999942779541 5.9800000190734863 26.694452285766602 25.997568130493164 25.637313842773438 25.558246612548828 57048.03515625 17.56744384765625 12.076873779296875 9.3097143173217773 36.618549346923828 riz 0 57047.54296875 0.88657164573669434 -0.099085591733455658 0.71351313591003418 -0.057284653186798096 0.058221407234668732 24.136926651000977 0.049528557807207108 3.9740148167766165e-06 1.8128457668353803e-07 0.0050727277994155884 -6.3691992124859098e-08 -4.0377594601181954e-09 14 11.380393028259277 0.65592855215072632 0.19378425180912018
SN: 1319821 10 101 C2 3 0 53.357852999999999 -29.471890999999999 0.30928999185562134 0.0010000000474974513 0.30880299210548401 0.0010000000474974513 0.30880296230316162 0.0016478020697832108 0 300 0 0 0.0091902390122413635 2 3 23639 -9 -9 0.3093000054359436 0.0010000000474974513 53.357264000000001 -29.471197 3.1070001125335693 2.5409998893737793 1.3506103754043579 10.253999710083008 0.014999999664723873 -9999 -9999 1.3279999494552612 0.02500000037252903 -8.9250001907348633 0.047169905155897141 0.56099998950958252 -999 21.879999160766602 20.930000305175781 20.540000915527344 20.159999847412109 0 0 0 0 3.119999885559082 7.380000114440918 10.449999809265137 10.630000114440918 26.264614105224609 25.329858779907227 24.95220947265625 24.933666229248047 57025.07421875 57.588153839111328 49.264045715332031 31.271610260009766 126.39161682128906 griz 0 57020.515625 0.20018285512924194 -0.37873247265815735 0.22076171636581421 -0.073393352329730988 0.01944490522146225 21.58439826965332 0.027959080412983894 4.1710034565767273e-05 1.0740861853264505e-06 0.0014562339056283236 -1.6012069181670086e-07 -1.3496695316916885e-08 43 36.277305603027344 0.75604254007339478 0.2752971351146698
SN: 1302915 10 0 S2 3 0 40.837497999999997 -0.57356200000000002 0.36021998524665833 0.0010000000474974513 0.35921299457550049 0.0010000000474974513 0.35921299457550049 0.0016881723422557116 0 300 0 0 0.025464370846748352 1 3 33157 -9 -9 0.36019998788833618 0.0010000000474974513 40.837332000000004 -0.57389999999999997 1.3550000190734863 1.2259999513626099 -1.9612714052200317 10.262999534606934 0.014999999664723873 -9999 -9999 0.89200001955032349 0.49599999189376831 -9.3459997177124023 0.49622675776481628 0.93500000238418579 -999 22.709999084472656 21.489999771118164 21.090000152587891 20.739999771118164 0.0099999997764825821 0 0 0 7.570000171661377 24.930000305175781 30.520000457763672 48.119998931884766 25.30225944519043 24.008193969726562 23.788537979125977 23.294185638427734 56952.12109375 28.578704833984375 22.569402694702148 19.140213012695312 73.569244384765625 griz 0 56953.15234375 0.38981020450592041 -0.76625996828079224 0.29217204451560974 0.021147230640053749 0.024268295615911484 22.135791778564453 0.030589308589696884 2.5100549464696087e-05 7.0717771905037807e-07 0.0018689348362386227 -9.5701778946022387e-08 -1.224850443293235e-08 42 37.848663330078125 0.65371137857437134 0.26496854424476624
SN: 1948209 10 0 C3 3 0 52.552559000000002 -28.832602000000001 0.37996000051498413 0.0010000000474974513 0.37942200899124146 0.0010000000474974513 0.37942194938659668 0.0017045071581378579 0 300 0 0 0.0092579536139965057 1 1 531186 -9 -9 0.37999999523162842 0.0010000000474974513 52.552570000000003 -28.832695000000001 0.33799999952316284 0.43700000643730164 -9 9.1289997100830078 0.0080000003799796104 -9999 -9999 -0.10400000214576721 0.02500000037252903 -9.2360000610351562 0.044654227793216705 0.18600000441074371 -999 23.5 22.639999389648438 22.469999313354492 22.270000457763672 0.0099999997764825821 0 0 0 9.5200004577636719 20.719999313354492 25.200000762939453 27.100000381469727 25.053407669067383 24.209026336669922 23.996498107910156 23.917575836181641 58141.05859375 101.58258056640625 58.796024322509766 41.427753448486328 204.49168395996094 riz 0 58144.87890625 0.25229987502098083 0.24622005224227905 0.29972803592681885 -0.10312014818191528 0.031949631869792938 21.929019927978516 0.033694211393594742 3.0366318242158741e-05 9.4237361736304592e-07 0.0032579356338828802 -1.7632547155699285e-07 -2.3988690145415603e-08 10 12.108654022216797 0.27785053849220276 0.35339632630348206
SN: 1847165 10 1 S2 3 0 41.003140000000002 -1.140671 0.38850000500679016 0.0010000000474974513 0.38747799396514893 0.0010000000474974513 0.38747799396514893 0.0017110420158132911 0 300 0 0 0.024914937093853951 1 1 126741 -9 -9 0.38850000500679016 0.0010000000474974513 41.003369999999997 -1.1406959999999999 0.83099997043609619 1.218999981880188 -9 8.8839998245239258 0.028999999165534973 -9999 -9999 0.51599997282028198 0.84799998998641968 -8.3439998626708984 0.85255378484725952 0.15399999916553497 -999 24.100000381469727 23.190000534057617 23.090000152587891 22.930000305175781 0.019999999552965164 0.0099999997764825821 0.0099999997764825821 0.019999999552965164 4.5999999046325684 11.659999847412109 12.699999809265137 14.930000305175781 25.843105316162109 24.833253860473633 24.740489959716797 24.564849853515625 58021.28125 40.525959014892578 32.567180633544922 17.8492431640625 96.266082763671875 riz 0 58016.796875 0.43523159623146057 1.72100830078125 0.28755593299865723 -0.024979984387755394 0.031334713101387024 21.802911758422852 0.034269433468580246 3.4106345992768183e-05 1.076509306585649e-06 0.0005664367345161736 -1.237943507703676e-07 -2.6771301619987753e-08 36 20.292591094970703 0.98375731706619263 0.5796809196472168
SN: 1854103 10 0 C2 3 0 54.290011999999997 -28.734850000000002 0.46733000874519348 0.0010000000474974513 0.46680000424385071 0.0010000000474974513 0.46679997444152832 0.0017760556656867266 0 300 0 0 0.0096678100526332855 1 2 -28340 -9 -9 0.46729999780654907 0.0010000000474974513 54.290472999999999 -28.735391 2.4300000667572021 1.5180000066757202 -2.4034805297851562 10.862000465393066 0.013000000268220901 -9999 -9999 0.94300001859664917 0.29600000381469727 -9.9110002517700195 0.30106642842292786 0.9179999828338623 -999 22.620000839233398 21.239999771118164 20.610000610351562 20.200000762939453 0.0099999997764825821 0 0 0 5.880000114440918 19.860000610351562 27.120000839233398 32.900001525878906 25.576557159423828 24.25505256652832 23.916776657104492 23.707010269165039 58015.2109375 15.207391738891602 10.063882827758789 7.2403898239135742 28.934476852416992 riz 0 58021.9609375 0.79321646690368652 -1.021579384803772 0.61656796932220459 0.055176753550767899 0.071104511618614197 22.862478256225586 0.076727472245693207 1.2853115549660288e-05 9.0831190391327254e-07 0.0020400688517838717 -2.3544868099634186e-07 -4.7590678065034808e-08 43 33.494846343994141 0.85051542520523071 0.38702166080474854
SN: 1862039 10 0 S1 3 0 42.256293999999997 0.393121 0.28791999816894531 0.0010000000474974513 0.28699499368667603 0.0010000000474974513 0.28699493408203125 0.0016305111348628998 0 300 0 0 0.045435767620801926 1 1 129507 -9 -9 0.28790000081062317 0.0010000000474974513 42.256379000000003 0.39255400000000001 2.062999963760376 1.5989999771118164 -9 10.593000411987305 0.052000001072883606 -9999 -9999 -0.33899998664855957 9.6610002517700195 -10.923999786376953 9.6611804962158203 1.4980000257492065 -999 21.889999389648438 20.379999160766602 19.850000381469727 19.510000228881836 0 0 0 0 22.010000228881836 86.480003356933594 145.69999694824219 211.86000061035156 24.143449783325195 22.657711029052734 22.091350555419922 21.684877395629883 58036.265625 20.738140106201172 14.691840171813965 13.720046997070312 57.260814666748047 griz 0 58030.578125 0.28065043687820435 -1.7701772451400757 0.29202967882156372 0.0082921134307980537 0.034199096262454987 21.893880844116211 0.048451095819473267 3.1365179893327877e-05 1.399674601998413e-06 0.0041808472014963627 -2.5774411938073172e-07 -3.8360234100309754e-08 44 40.697662353515625 0.61395740509033203 0.59070611000061035
SN: 1791116 10 1 E2 3 0 9.0855479999999993 -44.539425000000001 0.31286001205444336 0.0010000000474974513 0.31192600727081299 0.0010000000474974513 0.31192600727081299 0.0016502869548276067 0 300 0 0 0.0076446630991995335 1 2 489865 -9 -9 0.31290000677108765 0.0010000000474974513 9.0861420000000006 -44.538938000000002 2.3229999542236328 1.4179999828338623 -2.609426736831665 10.913000106811523 0.0099999997764825821 -9999 -9999 1.2779999971389771 0.27399998903274536 -9.6230001449584961 0.27532708644866943 1.1449999809265137 -999 21.879999160766602 20.520000457763672 19.909999847412109 19.530000686645508 0 0 0 0 12.100000381469727 41.619998931884766 56.580001831054688 76.980003356933594 24.793037414550781 23.451744079589844 23.118343353271484 22.784055709838867 58014.078125 58.284271240234375 56.733551025390625 39.081119537353516 127.12928009033203 griz 0 58012.01171875 0.26503151655197144 1.1001969575881958 0.19605422019958496 -0.0042735915631055832 0.017084447667002678 21.51038932800293 0.021619837731122971 4.4652337237494066e-05 8.891444167602458e-07 0.00023382854124065489 -8.7723833530617412e-08 -8.5763947055284007e-09 47 46.054225921630859 0.51167351007461548 0.36700889468193054
SN: 1905171 10 1 S2 3 0 40.313136999999998 -1.0709960000000001 0.30404001474380493 0.0010000000474974513 0.30306500196456909 0.0010000000474974513 0.30306506156921387 0.0016432421980425715 0 300 0 0 0.026588695123791695 1 1 137570 -9 -9 0.30399999022483826 0.0010000000474974513 40.313132000000003 -1.071069 0.26399999856948853 0.27300000190734863 -9 9.25 0.023000000044703484 -9999 -9999 0.93800002336502075 0.51599997282028198 -8.300999641418457 0.51861351728439331 0.29699999094009399 -999 22.920000076293945 22.190000534057617 22.020000457763672 21.819999694824219 0.0099999997764825821 0.0099999997764825821 0.0099999997764825821 0.0099999997764825821 16.959999084472656 33.819999694824219 41.439998626708984 48.549999237060547 24.426435470581055 23.677066802978516 23.456451416015625 23.284526824951172 58082.1796875 26.635112762451172 25.848106384277344 22.205728530883789 85.712066650390625 griz 0 58080.18359375 0.2594151496887207 0.62063735723495483 0.25173065066337585 0.087624348700046539 0.020201317965984344 21.94603157043457 0.027909627184271812 2.989422318933066e-05 7.6845242347189924e-07 0.0011004345724359155 -1.132022049432635e-07 -9.9881489745712315e-09 42 43.900634765625 0.39093616604804993 0.35792511701583862
SN: 1904321 10 0 C2 3 0 54.884166999999998 -28.828044999999999 0.61233001947402954 0.0010000000474974513 0.61176598072052002 0.0010000000474974513 0.61176598072052002 0.0018976976862177253 0 300 0 0 0.012828919105231762 1 1 136896 -9 -9 0.61229997873306274 0.0010000000474974513 54.884158999999997 -28.828044999999999 0.024000000208616257 0.027000000700354576 -9 10.482999801635742 0.017000000923871994 -9999 -9999 0.73500001430511475 0.31299999356269836 -9.7329998016357422 0.32073196768760681 0.8059999942779541 -999 23.469999313354492 22.290000915527344 21.639999389648438 21.299999237060547 0.0099999997764825821 0.0099999997764825821 0 0 9.5399999618530273 29.489999771118164 54.680000305175781 73.459999084472656 25.051128387451172 23.825813293457031 23.155429840087891 22.834873199462891 58076.328125 8.5727949142456055 6.6685099601745605 5.3822340965270996 22.664516448974609 riz 0 58074.01171875 1.1709933280944824 -0.51144909858703613 0.75002157688140869 0.17014391720294952 0.081045061349868774 23.72088623046875 0.074773997068405151 5.8296955103287473e-06 4.0148762536773575e-07 0.004786620382219553 -1.7432607535283751e-07 -1.5374341799656577e-08 41 24.279048919677734 0.98237472772598267 0.59221571683883667
SN: 1861178 10 1 X1 3 0 34.347340000000003 -4.2373919999999998 0.29201000928878784 0.0010000000474974513 0.29093199968338013 0.0010000000474974513 0.29093194007873535 0.0016336246626451612 0 300 0 0 0.019004836678504944 1 1 129950 -9 -9 0.29199999570846558 0.0010000000474974513 34.347382000000003 -4.237406 0.15800000727176666 0.12800000607967377 -9 9.6479997634887695 0.016000000759959221 -9999 -9999 0.70599997043609619 0.02500000037252903 -8.9560003280639648 0.043011628091335297 0.59600001573562622 -999 22.559999465942383 21.840000152587891 21.479999542236328 21.280000686645508 0.0099999997764825821 0 0 0 20.340000152587891 49.810001373291016 68.620002746582031 81.25 24.229122161865234 23.256708145141602 22.908872604370117 22.725440979003906 58036.12890625 47.110565185546875 43.796260833740234 41.873355865478516 142.18228149414062 griz 0 58035.484375 0.2428438812494278 0.56679844856262207 0.16987532377243042 -0.016094697639346123 0.016427280381321907 21.162145614624023 0.020969981327652931 6.1537801229860634e-05 1.1885451840498718e-06 0.0003536625299602747 -9.1313289374284068e-08 -1.2714984620743053e-08 46 44.305473327636719 0.54343563318252563 0.19640220701694489
SN: 1904287 10 0 C3 3 0 52.376122000000002 -27.3277 0.69972997903823853 0.0010000000474974513 0.69904500246047974 0.0010000000474974513 0.69904494285583496 0.0019724620506167412 0 300 0 0 0.0076674092561006546 1 2 -33644 -9 -9 0.6996999979019165 0.0010000000474974513 52.376041999999998 -27.327645 0.32400000095367432 0.40900000929832458 -3.9868557453155518 10.678000450134277 0.013000000268220901 -9999 -9999 1.0329999923706055 0.14100000262260437 -9.6520004272460938 0.15246310830116272 1.0490000247955322 -999 24.299999237060547 23.110000610351562 22.299999237060547 21.889999389648438 0.0099999997764825821 0 0 0 4.6599998474121094 14.600000381469727 30.670000076293945 41.340000152587891 25.829034805297852 24.589117050170898 23.783214569091797 23.459074020385742 58079.09375 20.220394134521484 13.235659599304199 11.209917068481445 48.767135620117188 riz 0 58079.00390625 0.57965981960296631 -0.35879778861999512 0.37112781405448914 -0.01690908707678318 0.040249176323413849 24.03321647644043 0.034905649721622467 4.3723371163650881e-06 1.4056753627755825e-07 0.00092467787908390164 -3.213086330333681e-08 -1.018649276041117e-09 39 39.018161773681641 0.46906149387359619 0.13221512734889984
SN: 1871017 10 1 C1 3 0 54.025879000000003 -27.746033000000001 0.3377000093460083 0.0010000000474974513 0.33720299601554871 0.0010000000474974513 0.33720302581787109 0.0016704784939065576 0 300 0 0 0.010020393878221512 1 1 -29002 -9 -9 0.3377000093460083 0.0010000000474974513 54.025714999999998 -27.746549999999999 1.9340000152587891 1.4270000457763672 -9 10.826999664306641 0.035000000149011612 -9999 -9999 0.94599997997283936 0.94300001859664917 -9.8610000610351562 0.94341558218002319 1.3420000076293945 -999 21.829999923706055 20.340000152587891 19.790000915527344 19.430000305175781 0 0 0 0 12.939999580383301 48.130001068115234 65.139999389648438 73.760002136230469 24.720165252685547 23.293960571289062 22.965381622314453 22.830448150634766 58036.36328125 55.412223815917969 50.795249938964844 43.5872802734375 153.94522094726562 griz 0 58037.93359375 0.20782291889190674 0.37624761462211609 0.18748727440834045 -0.13581526279449463 0.015539536252617836 21.369998931884766 0.019942855462431908 5.0816004659282044e-05 9.3339087925414788e-07 0.00076129479566588998 -1.0328295729777892e-07 -8.5495939217139494e-09 48 45.392860412597656 0.58029425144195557 0.46976834535598755
SN: 1897267 10 1 C3 3 0 53.318344000000003 -27.697026999999999 0.31970998644828796 0.0010000000474974513 0.31920298933982849 0.0010000000474974513 0.31920301914215088 0.0016560856020078063 0 300 0 0 0.0061453958041965961 1 1 134664 -9 -9 0.31970000267028809 0.0010000000474974513 53.318344000000003 -27.696923999999999 0.37000000476837158 0.43799999356269836 -9 9.5530004501342773 0.0020000000949949026 -9999 -9999 1.2979999780654907 0.13300000131130219 -8.2530002593994141 0.13656499981880188 0.16699999570846558 -999 22.100000381469727 21.379999160766602 21.170000076293945 20.879999160766602 0 0 0 0 39.270000457763672 70.5 86.790000915527344 104.26999664306641 23.514846801757812 22.879528045654297 22.653825759887695 22.454601287841797 58076.296875 105.24471282958984 70.437950134277344 53.257572174072266 240.13032531738281 griz 0 58073.98046875 0.17999175190925598 0.85030347108840942 0.13042530417442322 0.096078246831893921 0.014664593152701855 22.012502670288086 0.018068978562951088 2.8118916816310957e-05 4.679590688283497e-07 0.00022636324865743518 -2.7620561837693458e-08 -4.7220884979992661e-09 43 34.742000579833984 0.81102710962295532 0.42767053842544556
SN: 1817265 10 0 C3 3 0 52.050282000000003 -28.380099999999999 0.88073998689651489 0.0010000000474974513 0.87998497486114502 0.0010000000474974513 0.87998497486114502 0.0021305070258677006 0 300 0 0 0.0069634332321584225 1 1 125441 -9 -9 0.88069999217987061 0.0010000000474974513 52.050387000000001 -28.380188 0.45699998736381531 0.64899998903274536 -9 10.420000076293945 0.0099999997764825821 -9999 -9999 0.63400000333786011 0.16599999368190765 -9.7849998474121094 0.17425556480884552 0.94099998474121094 -999 24.840000152587891 23.969999313354492 23.069999694824219 22.590000152587891 0.019999999552965164 0.0099999997764825821 0.0099999997764825821 0.0099999997764825821 2.5499999523162842 5.9000000953674316 13.220000267028809 18.670000076293945 26.483650207519531 25.572870254516602 24.696922302246094 24.322139739990234 57996.39453125 8.0035991668701172 7.6506891250610352 -99 19.104537963867188 iz 0 58010.8359375 1.4584882259368896 -0.72796410322189331 0.94494199752807617 0.051761791110038757 0.18422049283981323 24.880058288574219 0.092714220285415649 2.0043657968926709e-06 1.7115871742134914e-07 0.016806654632091522 -7.1254213196425553e-08 -1.6230107036108166e-08 32 35.1783447265625 0.32001999020576477 0.29774335026741028
SN: 1847148 10 0 S2 3 0 41.761555000000001 -1.3780479999999999 0.50739997625350952 0.0010000000474974513 0.50631099939346313 0.0010000000474974513 0.50631093978881836 0.0018088673241436481 0 300 0 0 0.029605476185679436 1 1 -27633 -9 -9 0.50739997625350952 0.0010000000474974513 41.761417000000002 -1.3780730000000001 0.50400000810623169 0.41200000047683716 -9 10.800999641418457 0.017999999225139618 -9999 -9999 0.87300002574920654 0.018999999389052391 -9.9110002517700195 0.05913543701171875 0.70999997854232788 -999 22.659999847412109 21.329999923706055 20.790000915527344 20.399999618530273 0.0099999997764825821 0 0 0 19.760000228881836 70.669998168945312 119.52999877929688 163.66999816894531 24.260532379150391 22.876911163330078 22.306308746337891 21.965076446533203 58015.23828125 9.0881624221801758 8.5668735504150391 -99 22.226770401000977 iz 0 58004.46484375 1.5974236726760864 0.43702217936515808 0.96770709753036499 -0.10174764692783356 0.16331055760383606 22.765148162841797 0.19049383699893951 1.4058545275474899e-05 2.4665901037224103e-06 -0.0068204347044229507 -4.787883653989411e-07 -3.7728523238911293e-07 28 22.897388458251953 0.73815834522247314 0.36912009119987488
SN: 1878288 10 0 C2 3 0 54.898055999999997 -28.903998999999999 0.48500999808311462 0.0010000000474974513 0.48449099063873291 0.0010000000474974513 0.48449099063873291 0.0017907135188579559 0 300 0 0 0.011868081986904144 1 1 -28632 -9 -9 0.48500001430511475 0.0010000000474974513 54.897927000000003 -28.904102000000002 0.55199998617172241 0.45199999213218689 -9 10.392000198364258 0.014999999664723873 -9999 -9999 0.41800001263618469 0.023000000044703484 -9.9600000381469727 0.055946402251720428 0.74500000476837158 -999 23.239999771118164 21.940000534057617 21.389999389648438 20.959999084472656 0.0099999997764825821 0 0 0 10.510000228881836 37.830001831054688 65.290000915527344 88.569999694824219 24.945993423461914 23.555408477783203 22.962882995605469 22.631782531738281 58036.20703125 6.8627662658691406 6.5160036087036133 5.1081709861755371 18.97294807434082 riz 0 58034.265625 1.2266707420349121 -1.116057276725769 0.79035449028015137 0.088779106736183167 0.1038358211517334 23.514074325561523 0.11876435577869415 7.0529426920984406e-06 7.7149331900727702e-07 0.012854908592998981 -3.0141109164105728e-07 -5.8556274495913385e-08 43 31.013055801391602 0.91359889507293701 0.47536614537239075
SN: 1929024 10 1 C1 3 0 53.819077 -27.822889 0.31613001227378845 0.0010000000474974513 0.31563699245452881 0.0010000000474974513 0.31563699245452881 0.0016532425070181489 0 300 0 0 0.0090942848473787308 2 2 143931 -9 -9 0.31610000133514404 0.0010000000474974513 53.818714999999997 -27.822987999999999 1.2059999704360962 1.0490000247955322 -1.8420102596282959 9.8920001983642578 0.010999999940395355 -9999 -9999 0.7720000147819519 0.1289999932050705 -9.1079998016357422 0.1302497535943985 0.71799999475479126 -999 22.680000305175781 21.760000228881836 21.430000305175781 21.110000610351562 0.0099999997764825821 0 0 0 15.560000419616699 37.400001525878906 55.459999084472656 71.220001220703125 24.519975662231445 23.567821502685547 23.140050888061523 22.868495941162109 58117.1640625 33.644001007080078 30.145698547363281 18.362575531005859 76.254989624023438 riz 0 58111.859375 0.33482456207275391 0.56600838899612427 0.29517486691474915 0.080352909862995148 0.041362565010786057 22.021869659423828 0.054472949355840683 2.7877382308361121e-05 1.3986484646011377e-06 0.0043724593706429005 -2.235610310208358e-07 -5.143601811141707e-08 23 11.935190200805664 0.97145837545394897 0.32762178778648376
SN: 1847079 10 0 S1 3 0 43.356791999999999 0.40448800000000001 0.33133998513221741 0.0010000000474974513 0.33040899038314819 0.0010000000474974513 0.33040904998779297 0.0016650378238409758 0 300 0 0 0.074754804372787476 1 1 125893 -9 -9 0.33129999041557312 0.0010000000474974513 43.356706000000003 0.404698 0.81699997186660767 0.83899998664855957 -9 9.4499998092651367 0.02500000037252903 -9999 -9999 1.1139999628067017 0.64300000667572021 -8.300999641418457 0.64464330673217773 0.19099999964237213 -999 23 22.229999542236328 22.049999237060547 21.809999465942383 0.0099999997764825821 0.0099999997764825821 0.0099999997764825821 0.0099999997764825821 12.520000457763672 27.979999542236328 30.819999694824219 41.330001831054688 24.755989074707031 23.882881164550781 23.777917861938477 23.459335327148438 58028.1953125 26.837337493896484 22.003725051879883 20.450897216796875 80.172378540039062 griz 0 58022.34765625 0.27574917674064636 0.18281027674674988 0.23239731788635254 0.080813303589820862 0.021764513105154037 21.907581329345703 0.03183615580201149 3.0971859814599156e-05 9.0816251940850634e-07 0.0011857113568112254 -1.1665117938264302e-07 -1.3548081767567055e-08 53 66.962623596191406 0.094073675572872162 0.27618402242660522
SN: 1896254 10 0 C2 3 0 53.941498000000003 -29.664418999999999 0.5533900260925293 0.0010000000474974513 0.55282998085021973 0.0010000000474974513 0.55282998085021973 0.0018478363053873181 0 300 0 0 0.0098447827622294426 1 1 134513 -9 -9 0.55339998006820679 0.0010000000474974513 53.941459999999999 -29.664469 0.21500000357627869 0.42300000786781311 -9 8.5260000228881836 0.082000002264976501 -9999 -9999 0.74199998378753662 1.0160000324249268 -7.7589998245239258 1.029310941696167 0.046999998390674591 -999 24.780000686645508 24.079999923706055 23.670000076293945 23.950000762939453 0.029999999329447746 0.019999999552965164 0.019999999552965164 0.039999999105930328 2.3299999237060547 4.9800000190734863 7.0900001525878906 5.5100002288818359 26.581609725952148 25.756927490234375 25.373384475708008 25.647121429443359 58071.296875 18.947961807250977 12.79779052734375 9.5736083984375 45.358383178710938 riz 0 58071.37890625 0.62778979539871216 0.24152180552482605 0.43180468678474426 -0.050425738096237183 0.04448932409286499 23.004486083984375 0.041938662528991699 1.127730865846388e-05 4.3560788753893576e-07 0.0013484220253303647 -1.0581037912515967e-07 -1.0179729059700549e-08 37 23.180131912231445 0.96292823553085327 0.18637128174304962
SN: 1783052 10 0 E1+E2 3 0 8.7911190000000001 -43.539065999999998 0.47960001230239868 0.0010000000474974513 0.47852200269699097 0.0010000000474974513 0.47852206230163574 0.0017857617931440473 0 300 0 0 0.0070146089419722557 1 1 121395 -9 -9 0.47960001230239868 0.0010000000474974513 8.7911999999999999 -43.538989999999998 0.34400001168251038 0.33799999952316284 -9 10.430999755859375 0.0080000003799796104 -9999 -9999 0.69599997997283936 0.14000000059604645 -9.7329998016357422 0.14533065259456635 1.218999981880188 -999 23.829999923706055 22.399999618530273 21.889999389648438 21.469999313354492 0.019999999552965164 0.0099999997764825821 0 0 6.9200000762939453 25.170000076293945 43.439998626708984 59.229999542236328 25.399734497070312 23.997791290283203 23.405275344848633 23.068645477294922 57998.1171875 7.5373716354370117 6.8073954582214355 5.6300044059753418 25.193910598754883 riz 0 58005.48828125 0.90192365646362305 -1.0388134717941284 0.82014310359954834 0.26870319247245789 0.077959313988685608 23.870809555053711 0.091990448534488678 5.0778062359313481e-06 4.3022390627811546e-07 0.0097589399665594101 -1.9413116092437122e-07 -2.509908902936786e-08 86 128.59091186523438 0.0020111245103180408 0.96028196811676025
SN: 1908380 10 0 E2 3 0 10.174137999999999 -44.019840000000002 0.43770000338554382 0.0010000000474974513 0.43667501211166382 0.0010000000474974513 0.43667507171630859 0.0017512253252789378 0 300 0 0 0.0061303125694394112 1 1 138760 -9 -9 0.43770000338554382 0.0010000000474974513 10.174094 -44.019829999999999 0.11900000274181366 0.10199999809265137 -9 11.050999641418457 0.057999998331069946 -9999 -9999 0.83600002527236938 0.7720000147819519 -10.121999740600586 0.77395671606063843 1.4960000514984131 -999 22.719999313354492 20.930000305175781 20.229999542236328 19.860000610351562 0.0099999997764825821 0 0 0 18.620000839233398 102.43000030517578 192.27000427246094 264.739990234375 24.325050354003906 22.473932266235352 21.79022216796875 21.442951202392578 58081.1171875 19.917802810668945 14.296121597290039 7.2242403030395508 39.636211395263672 riz 0 58082.9140625 0.58267676830291748 -2.2837748527526855 0.51268988847732544 -0.049004737287759781 0.064370639622211456 22.765693664550781 0.066363334655761719 1.4051487596589141e-05 8.5886756551190047e-07 0.0047179535031318665 -1.8525480527387117e-07 -4.446549795034116e-08 29 49.964157104492188 0.0091122984886169434 0.77858662605285645
SN: 1872097 10 0 C3 3 0 52.090488000000001 -27.373283000000001 0.84206998348236084 0.0010000000474974513 0.84131902456283569 0.0010000000474974513 0.84131908416748047 0.0020964210852980614 0 300 0 0 0.0075122234411537647 1 1 131280 -9 -9 0.84210002422332764 0.0010000000474974513 52.090843 -27.372689000000001 2.4200000762939453 1.8589999675750732 -9 11.519000053405762 0.056000001728534698 -9999 -9999 0.66399997472763062 5.9590001106262207 -10.842000007629395 5.9629864692687988 1.6069999933242798 -999 24.870000839233398 22.790000915527344 21.420000076293945 20.670000076293945 0.019999999552965164 0 0 0 0.14000000059604645 1.809999942779541 6.7899999618530273 11.130000114440918 27.5 26.855804443359375 25.420326232910156 24.883762359619141 58040.34765625 8.7230119705200195 7.5317826271057129 -99 21.926519393920898 iz 0 58034.296875 1.0740592479705811 -1.6344707012176514 0.66942727565765381 0.19595260918140411 0.15725207328796387 24.67108154296875 0.08885839581489563 2.4297812615259318e-06 1.9885720803358709e-07 0.0038152842316776514 -6.5741495802740246e-08 -1.9522856220532958e-08 27 20.914974212646484 0.79025459289550781 0.85057085752487183
SN: 1891266 10 0 C3 3 0 52.335200999999998 -27.587145 0.70904999971389771 0.0010000000474974513 0.70836299657821655 0.0010000000474974513 0.70836305618286133 0.0019805049523711205 0 300 0 0 0.0087417252361774445 3 3 134206 -9 -9 0.70899999141693115 0.0010000000474974513 52.334876000000001 -27.587389000000002 1.3600000143051147 1.5249999761581421 -0.5917699933052063 10.741999626159668 0.0080000003799796104 -9999 -9999 0.91600000858306885 0.035000000149011612 -9.810999870300293 0.053907327353954315 1.2790000438690186 -999 24.850000381469727 23.350000381469727 22.360000610351562 21.829999923706055 0.019999999552965164 0.0099999997764825821 0 0 2.4300000667572021 6.4099998474121094 15.619999885559082 22.809999465942383 26.535984039306641 25.482854843139648 24.515796661376953 24.104686737060547 58064.265625 14.368656158447266 11.925588607788086 -99 34.646236419677734 iz 0 58067.46875 0.7382206916809082 -0.81752973794937134 0.56888055801391602 0.24538293480873108 0.096301168203353882 24.300384521484375 0.072229556739330292 3.4185820823040558e-06 2.2742418082088989e-07 0.0011370464926585555 -4.3085886858307276e-08 -1.7818456043983133e-08 26 23.775815963745117 0.58878272771835327 0.86214417219161987
SN: 1849051 10 101 X2 3 0 36.421097000000003 -6.7049320000000003 0.30649998784065247 0.0010000000474974513 0.30546501278877258 0.0010000000474974513 0.3054649829864502 0.0016451484989374876 0 300 0 0 0.029102105647325516 1 2 126816 -9 -9 0.30649998784065247 0.0010000000474974513 36.421793000000001 -6.7048300000000003 2.5169999599456787 1.7330000400543213 -2.0423774719238281 10.227999687194824 0.0099999997764825821 -9999 -9999 1.1200000047683716 0.1289999932050705 -9.1090002059936523 0.13392908871173859 0.69499999284744263 -999 22.100000381469727 21.170000076293945 20.75 20.459999084472656 0 0 0 0 9.6999998092651367 21.670000076293945 32.680000305175781 39.470001220703125 25.033071517944336 24.16035270690918 23.71429443359375 23.509332656860352 58026.1640625 46.326461791992188 32.860099792480469 32.32000732421875 111.00637817382812 griz 0 58025.29296875 0.25447174906730652 1.5278123617172241 0.2343890368938446 -0.027340743690729141 0.018419414758682251 21.315683364868164 0.028269702568650246 5.3422787459567189e-05 1.3909882454754552e-06 0.00083436648128554225 -2.1776386915917101e-07 -1.5350257953627988e-08 47 32.039554595947266 0.95305633544921875 0.51736104488372803
SN: 1880304 10 0 C2 3 0 54.742741000000002 -30.03557 0.44468998908996582 0.0010000000474974513 0.44419199228286743 0.0010000000474974513 0.44419193267822266 0.0017574054654687643 0 300 0 0 0.010741185396909714 1 2 -28444 -9 -9 0.44470000267028809 0.0010000000474974513 54.742691999999998 -30.035425 0.54500001668930054 0.67100000381469727 -3.6823873519897461 10.520999908447266 0.014000000432133675 -9999 -9999 0.76999998092651367 0.43599998950958252 -9.7320003509521484 0.43756714463233948 0.91299998760223389 -999 22.430000305175781 21.139999389648438 20.649999618530273 20.270000457763672 0 0 0 0 18.389999389648438 63.080001831054688 97.269996643066406 137.1300048828125 24.338546752929688 23.000270843505859 22.530052185058594 22.157169342041016 58041.1328125 13.020547866821289 9.3833513259887695 7.5807538032531738 33.451786041259766 riz 0 58044.671875 0.76082062721252441 0.092316687107086182 0.66063648462295532 0.037132926285266876 0.060776021331548691 22.889226913452148 0.068212166428565979 1.2540339412225876e-05 7.8785598134345491e-07 0.0071769892238080502 -2.9416128199954983e-07 -3.4168756712915638e-08 40 37.998924255371094 0.56065642833709717 0.12754422426223755
SN: 1889155 10 0 X3 3 0 37.369804000000002 -4.8935089999999999 0.77965998649597168 0.0010000000474974513 0.77826499938964844 0.0010000000474974513 0.77826499938964844 0.0020411876030266285 0 300 0 0 0.026388412341475487 1 3 134244 -9 -9 0.77969998121261597 0.0010000000474974513 37.369929999999997 -4.893751 0.98000001907348633 1.159000039100647 -2.5632600784301758 9.8420000076293945 0.017000000923871994 -9999 -9999 1.4019999504089355 0.19599999487400055 -8.4409999847412109 0.20252653956413269 0.10100000351667404 -999 23.479999542236328 22.799999237060547 22.270000457763672 22.040000915527344 0.0099999997764825821 0 0 0 6.380000114440918 14.090000152587891 21.010000228881836 27 25.487949371337891 24.627721786499023 24.193935394287109 23.921590805053711 58057.1171875 14.362460136413574 9.8177080154418945 -99 34.813392639160156 ri 0 58064.51171875 0.77003103494644165 0.8351290225982666 0.67162227630615234 0.17891697585582733 0.089115440845489502 23.974906921386719 0.057730846107006073 4.613570126821287e-06 2.4531308895348047e-07 0.016371872276067734 -1.1682548262115233e-07 1.2227628909400323e-09 27 20.249338150024414 0.82013124227523804 0.65815979242324829
SN: 1923415 10 0 S1 3 0 43.703606000000001 -0.112594 0.36254999041557312 0.0010000000474974513 0.36160698533058167 0.0010000000474974513 0.36160695552825928 0.0016901029739528894 0 300 0 0 0.06365019828081131 1 1 -31170 -9 -9 0.36250001192092896 0.0010000000474974513 43.703830000000004 -0.112512 0.85799998044967651 1.0709999799728394 -9 9.2690000534057617 0.024000000208616257 -9999 -9999 0.89800000190734863 0.68800002336502075 -8.3439998626708984 0.69145137071609497 0.35400000214576721 -999 23.610000610351562 22.629999160766602 22.430000305175781 22.209999084472656 0.019999999552965164 0.0099999997764825821 0.0099999997764825821 0.0099999997764825821 7.8600001335144043 18.819999694824219 21.370000839233398 30.579999923706055 25.261444091796875 24.313451766967773 24.17548942565918 23.786405563354492 58100.1171875 29.061361312866211 22.003379821777344 16.501533508300781 70.825706481933594 griz 0 58103.66015625 0.33083248138427734 -0.27822268009185791 0.4128379225730896 0.079246982932090759 0.026004612445831299 22.195077896118164 0.03615294024348259 2.3766717276885174e-05 7.913862418718054e-07 0.0045495405793190002 -2.1480477130353393e-07 -1.4302064421656269e-08 27 30.213748931884766 0.30463561415672302 0.27996355295181274
SN: 1880486 10 0 S2 3 0 41.258327999999999 -1.7138370000000001 0.63526898622512817 0.0001500000071246177 0.63407498598098755 0.0001500000071246177 0.63407492637634277 0.0016420306637883186 0 300 0 0 0.028875021263957024 1 1 131927 -9 -9 0.63529998064041138 0.00019999999494757503 41.258268000000001 -1.713392 1.6150000095367432 1.187999963760376 -9 11.173000335693359 0.035000000149011612 -9999 -9999 0.80500000715255737 10.784000396728516 -10.380999565124512 10.784882545471191 1.3739999532699585 -999 23.590000152587891 21.790000915527344 20.889999389648438 20.399999618530273 0.019999999552965164 0 0 0 2.7100000381469727 16.909999847412109 36.799999237060547 52.520000457763672 26.417575836181641 24.429641723632812 23.585380554199219 23.199188232421875 58039.203125 9.1453018188476562 7.0239357948303223 6.0286531448364258 22.050312042236328 riz 0 58039.27734375 1.5080235004425049 -0.093446932733058929 0.82202941179275513 -0.090480417013168335 0.086770340800285339 23.541460037231445 0.078813649713993073 6.8772715167142451e-06 4.9922152811632259e-07 0.012262584641575813 -2.2482404915535881e-07 -1.8850293770356075e-08 42 36.253452301025391 0.72053706645965576 0.30320563912391663
SN: 1945116 10 0 C2 3 0 54.095973999999998 -28.719950000000001 0.54524999856948853 0.0010000000474974513 0.54468697309494019 0.0010000000474974513 0.54468703269958496 0.0018409895710647106 0 300 0 0 0.0097488928586244583 2 4 148989 -9 -9 0.54519999027252197 0.0010000000474974513 54.096040000000002 -28.719821 0.50900000333786011 0.59799998998641968 -2.4187591075897217 10.420000076293945 0.014000000432133675 -9999 -9999 0.52799999713897705 0.017999999225139618 -9.8850002288818359 0.037589892745018005 0.68999999761581421 -999 23.139999389648438 22.049999237060547 21.5 21.100000381469727 0.0099999997764825821 0 0 0 11.630000114440918 37.619998931884766 63.080001831054688 80.379997253417969 24.836050033569336 23.561452865600586 23.000270843505859 22.737129211425781 58132.12890625 25.291440963745117 17.866716384887695 10.27254581451416 48.029426574707031 riz 0 58129.7421875 0.66175389289855957 -0.58028101921081543 0.49206992983818054 -0.13226836919784546 0.047697141766548157 22.974376678466797 0.039557117968797684 1.159441853815224e-05 4.224247049933183e-07 0.0016219444805756211 -1.0092176694342925e-07 -1.034641705643935e-08 22 19.678783416748047 0.60312473773956299 0.48145821690559387
SN: 1891107 10 0 X1 3 0 34.546135 -5.6611330000000004 0.62870001792907715 0.0010000000474974513 0.62735497951507568 0.0010000000474974513 0.62735497951507568 0.0019109732238575816 0 300 0 0 0.020515846088528633 1 1 -36067 -9 -9 0.62870001792907715 0.0010000000474974513 34.546166999999997 -5.6611079999999996 0.14699999988079071 0.2199999988079071 -9 10.510000228881836 0.072999998927116394 -9999 -9999 -2.8689999580383301 7.1310000419616699 -13.329999923706055 7.1310958862304688 1.4299999475479126 -999 24.620000839233398 22.860000610351562 21.829999923706055 21.420000076293945 0.039999999105930328 0.0099999997764825821 0.0099999997764825821 0 3.1500000953674316 16.979999542236328 43.819999694824219 63.75 26.254222869873047 24.425155639648438 23.395818710327148 22.988800048828125 58064.0546875 13.046636581420898 8.4601907730102539 5.9640851020812988 28.934038162231445 riz 0 58064.09765625 0.70464164018630981 -1.6565425395965576 0.52000129222869873 -0.18596017360687256 0.06874828040599823 23.135963439941406 0.058443039655685425 9.991130355047062e-06 5.3780286179971881e-07 0.0063165314495563507 -1.8605931018100819e-07 -1.1975699543143037e-08 44 37.342239379882812 0.75078833103179932 0.83014398813247681
SN: 1777122 10 0 X1 3 0 34.058304 -4.097035 0.45551300048828125 9.0000001364387572e-05 0.45429098606109619 9.0000001364387572e-05 0.45429098606109619 0.0014580414863303304 0 300 0 0 0.017974697053432465 1 1 120321 -9 -9 0.45550000667572021 9.9999997473787516e-05 34.058312000000001 -4.096692 1.2339999675750732 0.79400002956390381 -9 11.220999717712402 0.075999997556209564 -9999 -9999 -0.59600001573562622 9.4040002822875977 -11.800999641418457 9.4042606353759766 1.5219999551773071 -999 22.489999771118164 20.729999542236328 19.989999771118164 19.590000152587891 0.0099999997764825821 0 0 0 18.719999313354492 103.27999877929688 188.66999816894531 296.45999145507812 24.319234848022461 22.464960098266602 21.810741424560547 21.320085525512695 57994.3359375 21.679117202758789 13.196046829223633 6.0710568428039551 39.19659423828125 riz 0 57995.234375 0.72744709253311157 -1.6702339649200439 0.6358182430267334 -0.18318489193916321 0.065696433186531067 22.414695739746094 0.06183154508471489 1.9414297639741562e-05 1.105624050978804e-06 -0.0020324119832366705 -3.1086977969607688e-07 -4.4009176747294987e-08 43 60.509567260742188 0.040119942277669907 0.82632732391357422
SN: 1896244 10 0 C2 3 0 54.96743 -29.465937 0.59210997819900513 0.0010000000474974513 0.59156101942062378 0.0010000000474974513 0.59156107902526855 0.0018805444706231356 0 300 0 0 0.010295787826180458 1 1 134468 -9 -9 0.59210002422332764 0.0010000000474974513 54.967509 -29.466062999999998 0.51700001955032349 0.49000000953674316 -9 10.63700008392334 0.028000000864267349 -9999 -9999 1.2200000286102295 0.90100002288818359 -9.4449996948242188 0.90830940008163452 0.99099999666213989 -999 23.850000381469727 22.360000610351562 21.569999694824219 21.129999160766602 0.0099999997764825821 0.0099999997764825821 0 0 6.8499999046325684 26.229999542236328 54.680000305175781 81.839996337890625 25.410774230957031 23.953004837036133 23.155429840087891 22.717586517333984 58064.30859375 10.772374153137207 6.9230122566223145 6.0534353256225586 27.241977691650391 riz 0 58068.25 1.0258147716522217 1.7394484281539917 0.91430670022964478 0.05084330216050148 0.068324238061904907 23.645046234130859 0.077157482504844666 6.2514582168660127e-06 4.4425780743040377e-07 0.010899579152464867 -3.131583810045413e-07 -1.2617068279041632e-08 41 29.419000625610352 0.91125798225402832 0.60407739877700806
SN: 1896164 10 0 X3 3 0 36.693897 -5.518777 0.42181000113487244 0.0010000000474974513 0.42068299651145935 0.0010000000474974513 0.42068302631378174 0.0017381121870130301 0 300 0 0 0.023778656497597694 1 2 136488 -9 -9 0.42179998755455017 0.0010000000474974513 36.694063 -5.5188990000000002 0.74099999666213989 0.61500000953674316 -3.8234233856201172 11.194000244140625 0.039000000804662704 -9999 -9999 0.88899999856948853 0.16899999976158142 -10.364999771118164 0.18655294179916382 1.2059999704360962 -999 21.850000381469727 20.239999771118164 19.510000228881836 19.280000686645508 0 0 0 0 40.479999542236328 176.02999877929688 297.739990234375 361.98001098632812 23.481899261474609 21.88603401184082 21.315406799316406 21.103288650512695 58064.11328125 51.152347564697266 29.098119735717773 21.534708023071289 107.51670074462891 riz 0 58072.6953125 0.32773643732070923 0.46012482047080994 0.25428599119186401 -0.0051849670708179474 0.030387438833713531 22.103792190551758 0.033940121531486511 2.5851324608083814e-05 8.081126452452736e-07 0.0013286053435876966 -9.7965333623051265e-08 -1.9465987932676398e-08 34 45.077625274658203 0.096952319145202637 0.15434566140174866
SN: 1904061 10 0 X1 3 0 34.676749999999998 -5.0586450000000003 0.62470000982284546 0.0010000000474974513 0.62335801124572754 0.0010000000474974513 0.62335801124572754 0.0019075662130489945 0 300 0 0 0.01804823987185955 1 1 137618 -9 -9 0.62470000982284546 0.0010000000474974513 34.676974000000001 -5.0590359999999999 1.6180000305175781 1.5970000028610229 -9 10.456999778747559 0.013000000268220901 -9999 -9999 0.61500000953674316 0.035000000149011612 -9.8360004425048828 0.059405386447906494 0.67000001668930054 -999 23.489999771118164 22.430000305175781 21.799999237060547 21.430000305175781 0.019999999552965164 0.0099999997764825821 0.0099999997764825821 0 3.5199999809265137 9.1099996566772461 14.829999923706055 21.989999771118164 26.133644104003906 25.101203918457031 24.572147369384766 24.144437789916992 58092.0390625 11.131134986877441 7.4404406547546387 5.8561305999755859 27.205610275268555 riz 0 58076.5859375 1.0237613916397095 -0.46766370534896851 0.67910498380661011 0.023360121995210648 0.068199768662452698 23.43829345703125 0.062837943434715271 7.5628004196914844e-06 4.3770376123575261e-07 0.0048866518773138523 -1.8925425138149876e-07 -1.0990709675695598e-08 32 31.705991744995117 0.48139438033103943 0.17425359785556793
SN: 1860025 10 1 E1 3 0 8.4799249999999997 -42.093829999999997 0.23624999821186066 0.0010000000474974513 0.23531900346279144 0.0010000000474974513 0.23531901836395264 0.0015899841673672199 0 300 0 0 0.010063453577458858 1 1 129125 -9 -9 0.2362000048160553 0.0010000000474974513 8.4799969999999991 -42.093743000000003 0.36899998784065247 0.43799999356269836 -9 8.9600000381469727 0.017999999225139618 -9999 -9999 0.27099999785423279 0.7149999737739563 -8.6829996109008789 0.71892279386520386 0.41699999570846558 -999 23.049999237060547 22.379999160766602 22.159999847412109 22.040000915527344 0.0099999997764825821 0.0099999997764825821 0.0099999997764825821 0.0099999997764825821 15.050000190734863 26.180000305175781 34.330001831054688 35.919998168945312 24.556158065795898 23.955076217651367 23.660816192626953 23.611660003662109 58036.0078125 42.613567352294922 36.122097015380859 25.027074813842773 107.74610137939453 griz 0 58031.65234375 0.22546371817588806 -0.87819844484329224 0.17786106467247009 -0.086531840264797211 0.020639434456825256 21.144197463989258 0.028846072033047676 6.256354390643537e-05 1.6622016119072214e-06 0.00097528303740546107 -1.7426600606995635e-07 -2.3568958340547397e-08 51 59.381904602050781 0.19666476547718048 0.41096207499504089
SN: 1889253 10 0 C2 3 0 54.032986000000001 -28.441514999999999 0.53716999292373657 0.0010000000474974513 0.53660601377487183 0.0010000000474974513 0.5366060733795166 0.001834205468185246 0 300 0 0 0.0090165920555591583 1 1 -32003 -9 -9 0.53719997406005859 0.0010000000474974513 54.032938999999999 -28.441485 0.18299999833106995 0.12399999797344208 -9 11.241999626159668 0.018999999389052391 -9999 -9999 1.2339999675750732 0.63599997758865356 -9.9829998016357422 0.63873076438903809 1.2760000228881836 -999 23.030000686645508 21.469999313354492 20.629999160766602 20.100000381469727 0.0099999997764825821 0 0 0 14.050000190734863 70.5 149.21000671386719 224.53999328613281 24.630809783935547 22.879528045654297 22.065505981445312 21.62176513671875 58057.3359375 12.590714454650879 7.303743839263916 6.5612516403198242 23.858043670654297 riz 0 58053.7890625 0.92312407493591309 -2.696509838104248 0.62603390216827393 -0.010664713568985462 0.092312991619110107 23.2586669921875 0.06987626850605011 8.9234627012046985e-06 5.7429997468716465e-07 -0.0046978052705526352 -1.1890065110264914e-07 -2.5822883387149886e-08 37 34.692459106445312 0.57770663499832153 0.89953935146331787
SN: 1901832 10 0 X3 3 0 36.462322 -4.6949420000000002 0.91848999261856079 0.0010000000474974513 0.91695600748062134 0.0010000000474974513 0.91695594787597656 0.0021632441785186529 0 300 0 0 0.022858178243041039 1 1 137822 -9 -9 0.91850000619888306 0.0010000000474974513 36.462135000000004 -4.6946630000000003 1.2070000171661377 1.5750000476837158 -9 11.119000434875488 0.027000000700354576 -9999 -9999 1.0049999952316284 0.22100000083446503 -10.13700008392334 0.25341072678565979 1.1619999408721924 -999 24.270000457763672 23.149999618530273 22.139999389648438 21.469999313354492 0.0099999997764825821 0 0 0 2.0499999523162842 8.5900001525878906 17.989999771118164 39.970001220703125 26.720615386962891 25.165016174316406 24.362422943115234 23.495664596557617 58076.2265625 11.47174072265625 8.6839475631713867 -99 26.079948425292969 iz 0 58077.0703125 1.0191080570220947 -1.8150039911270142 0.59199774265289307 -0.21955378353595734 0.15253801643848419 24.400794982910156 0.059775907546281815 3.1166048302111449e-06 1.7158669152195216e-07 0.008009723387658596 -5.1433246994747606e-08 3.7521866169676343e-10 23 43.055515289306641 0.0068214028142392635 0.94953936338424683
SN: 1904152 10 0 X3 3 0 36.346935000000002 -5.1768470000000004 0.44139999151229858 0.0010000000474974513 0.44024801254272461 0.0010000000474974513 0.44024801254272461 0.0017541615525260568 0 300 0 0 0.02496885322034359 1 1 137816 -9 -9 0.44139999151229858 0.0010000000474974513 36.346566000000003 -5.1769350000000003 1.3600000143051147 1.3339999914169312 -9 10.994999885559082 0.0070000002160668373 -9999 -9999 1.281000018119812 0.16500000655651093 -9.7049999237060547 0.16719450056552887 1.2020000219345093 -999 22.510000228881836 21.040000915527344 20.329999923706055 20.010000228881836 0 0 0 0 12.449999809265137 52.680000305175781 91.029998779296875 120.20999908447266 24.762077331542969 23.195884704589844 22.602039337158203 22.300148010253906 58076.1875 30.412014007568359 21.066791534423828 17.869104385375977 80.391952514648438 riz 0 58079.171875 0.3822670578956604 -1.1044787168502808 0.2989773154258728 0.027001300826668739 0.036449983716011047 22.873388290405273 0.038607750087976456 1.2724612133752089e-05 4.5247514890434104e-07 0.0012351787881925702 -5.4914142566531154e-08 -1.2904556534465428e-08 30 17.777791976928711 0.96202170848846436 0.37900164723396301
SN: 1950024 10 0 C3 3 0 53.027458000000003 -27.998609999999999 1.0199999809265137 0.0010000000474974513 1.0192170143127441 0.0010000000474974513 1.0192170143127441 0.0022544797975569963 0 300 0 0 0.0070763351395726204 2 3 150661 -9 -9 1.0199999809265137 0.0010000000474974513 53.027574000000001 -27.998615999999998 0.36899998784065247 0.60699999332427979 -1.9770290851593018 10.493000030517578 0.023000000044703484 -9999 -9999 0.62599998712539673 0.5690000057220459 -9.8610000610351562 0.57915890216827393 1.1050000190734863 -999 25.559999465942383 24.780000686645508 23.829999923706055 23.059999465942383 0.039999999105930328 0.019999999552965164 0.0099999997764825821 0.0099999997764825821 1.2300000190734863 2.6099998950958252 6.2800002098083496 13.189999580383301 27.275238037109375 26.458398818969727 25.505100250244141 24.69938850402832 58138.078125 9.7289943695068359 8.2082748413085938 -99 22.561130523681641 iz 0 58137.94140625 1.1706893444061279 -1.6458584070205688 0.91598379611968994 0.059215124696493149 0.16938203573226929 24.630268096923828 0.078238435089588165 2.5228589493053732e-06 1.8179787275585113e-07 0.033894993364810944 -5.969855010334868e-08 1.025670126608702e-08 9 7.306513786315918 0.60524016618728638 0.58304685354232788
SN: 1879313 10 101 C2 3 0 54.232246000000004 -28.475178 0.61027997732162476 0.0010000000474974513 0.60969501733779907 0.0010000000474974513 0.6096949577331543 0.0018959367880597711 0 300 0 0 0.0088233686983585358 1 1 130714 -9 -9 0.61030000448226929 0.0010000000474974513 54.232405 -28.475151 0.51200002431869507 0.62199997901916504 -9 10.538999557495117 0.016000000759959221 -9999 -9999 0.72399997711181641 0.289000004529953 -9.810999870300293 0.29263800382614136 0.96299999952316284 -999 23.639999389648438 22.379999160766602 21.739999771118164 21.280000686645508 0.0099999997764825821 0.0099999997764825821 0 0 8.2100000381469727 26.860000610351562 50.159999847412109 71.75 25.214141845703125 23.927234649658203 23.249105453491211 22.860445022583008 58047.16015625 6.8826751708984375 5.3290252685546875 4.9258723258972168 19.515453338623047 riz 0 58042.72265625 1.4038690328598022 -0.47393187880516052 0.96477758884429932 0.11329307407140732 0.098503060638904572 23.696733474731445 0.1038704439997673 5.9608319133985788e-06 5.7026215927180601e-07 0.021672515198588371 -3.6613107567973202e-07 -3.3631394558142347e-08 44 43.885250091552734 0.47650977969169617 0.40935495495796204
SN: 1847028 10 0 S2 3 0 40.804569000000001 -0.200573 0.58138000965118408 0.0010000000474974513 0.58020699024200439 0.0010000000474974513 0.58020699024200439 0.0018709321739152074 0 300 0 0 0.025082359090447426 1 1 126331 -9 -9 0.58139997720718384 0.0010000000474974513 40.804591000000002 -0.20069100000000001 0.43200001120567322 0.36599999666213989 -9 10.598999977111816 0.086999997496604919 -9999 -9999 0.6029999852180481 3.8640000820159912 -9.9809999465942383 3.8670279979705811 1.0770000219345093 -999 23.670000076293945 21.969999313354492 21.329999923706055 21.010000228881836 0.019999999552965164 0 0 0 8.369999885559082 39.290000915527344 74.589996337890625 96.919998168945312 25.193185806274414 23.51429557800293 22.81829833984375 22.533966064453125 58015.23828125 12.108246803283691 8.2252569198608398 7.5854053497314453 27.961008071899414 riz 0 58006.82421875 1.0998766422271729 1.3535114526748657 0.74174833297729492 0.0082104774191975594 0.066068500280380249 22.974983215332031 0.068816743791103363 1.158795475930674e-05 7.3447426984785125e-07 0.0061293398030102253 -3.4024427009171632e-07 -2.498369688908042e-08 44 22.246322631835938 0.99743294715881348 0.45199978351593018
SN: 1891147 10 1 X2 3 0 36.062503999999997 -6.9148370000000003 0.32379999756813049 0.0010000000474974513 0.32274499535560608 0.0010000000474974513 0.32274496555328369 0.0016589121660217643 0 300 0 0 0.024510938674211502 1 3 133958 -9 -9 0.32379999756813049 0.0010000000474974513 36.062783000000003 -6.915025 1.2039999961853027 1.6310000419616699 -1.3585129976272583 9.0629997253417969 0.017000000923871994 -9999 -9999 0.90100002288818359 0.082000002264976501 -8.1339998245239258 0.085164546966552734 0.26399999856948853 -999 23.530000686645508 22.760000228881836 22.479999542236328 22.229999542236328 0.0099999997764825821 0.0099999997764825821 0.0099999997764825821 0.0099999997764825821 8.4099998474121094 19.170000076293945 22.020000457763672 26.090000152587891 25.188009262084961 24.293445587158203 24.142955780029297 23.95881462097168 58057.0859375 40.819797515869141 31.447536468505859 24.261785507202148 81.851768493652344 griz 0 58062.8671875 0.28863278031349182 0.51259422302246094 0.34232139587402344 -0.036489278078079224 0.026100289076566696 21.646751403808594 0.037593189626932144 3.9382135582854971e-05 1.3635909681397607e-06 0.0026715928688645363 -3.2937242622210761e-07 -2.373679564016129e-08 13 16.93829345703125 0.20214031636714935 0.20973517000675201
SN: 1882097 10 0 S2 3 0 41.389313000000001 -1.427397 0.48100000619888306 0.0010000000474974513 0.47992101311683655 0.0010000000474974513 0.47992098331451416 0.0017869217554107308 0 300 0 0 0.027792060747742653 1 3 133028 -9 -9 0.48100000619888306 0.0010000000474974513 41.389546000000003 -1.4272720000000001 0.95099997520446777 0.86900001764297485 -3.2026927471160889 9.9029998779296875 0.013000000268220901 -9999 -9999 1.4160000085830688 0.32600000500679016 -8.4879999160766602 0.32966193556785583 0.29800000786781311 -999 22.829999923706055 21.819999694824219 21.600000381469727 21.389999389648438 0.0099999997764825821 0 0 0 17.940000534057617 45.990001678466797 56.189998626708984 65.120002746582031 24.365444183349609 23.343341827392578 23.125852584838867 22.965713500976562 58057.19140625 7.6814875602722168 6.7452502250671387 5.5836496353149414 23.742870330810547 riz 0 58057.27734375 0.90482938289642334 -0.44973528385162354 0.72509515285491943 0.11573256552219391 0.080935925245285034 23.465072631835938 0.093615412712097168 7.3785545282589737e-06 6.362009798976942e-07 0.011770744808018208 -2.4350813987439324e-07 -3.8852050465720822e-08 40 32.757671356201172 0.78485393524169922 0.41387927532196045
SN: 1795052 10 0 X3 3 0 36.358863999999997 -5.1841039999999996 0.6805800199508667 0.0010000000474974513 0.6792370080947876 0.0010000000474974513 0.6792370080947876 0.0019554027821868658 0 300 0 0 0.02507457509636879 1 3 491941 -9 -9 0.68059998750686646 0.0010000000474974513 36.359302999999997 -5.1842790000000001 1.6959999799728394 1.7569999694824219 -1.676647424697876 10.809000015258789 0.029999999329447746 -9999 -9999 1.2990000247955322 0.4309999942779541 -9.5069999694824219 0.44556704163551331 1.0490000247955322 -999 23.760000228881836 22.469999313354492 21.680000305175781 21.270000457763672 0.0099999997764825821 0 0 0 2.0099999904632568 6.5799999237060547 13.909999847412109 23.559999465942383 26.742010116577148 25.454435348510742 24.641681671142578 24.069561004638672 58009.3203125 25.152032852172852 20.440248489379883 17.669589996337891 60.441352844238281 riz 0 58012.77734375 0.54537045955657959 0.73663854598999023 0.356190025806427 0.12038245797157288 0.03598446398973465 23.576778411865234 0.035189054906368256 6.657155608991161e-06 2.1576053654825955e-07 0.0019790832884609699 -5.1725979943739731e-08 -4.0821097613275015e-09 45 33.819908142089844 0.8890189528465271 0.47044065594673157
SN: 1790098 10 1 E1+E2 3 0 8.4779730000000004 -43.641621000000001 0.39399999380111694 0.0010000000474974513 0.39298400282859802 0.0010000000474974513 0.39298403263092041 0.0017155157402157784 0 300 0 0 0.005762303713709116 1 2 -26664 -9 -9 0.39399999380111694 0.0010000000474974513 8.4779070000000001 -43.641646000000001 0.19300000369548798 0.33799999952316284 -4.0764260292053223 8.9090003967285156 0.076999999582767487 -9999 -9999 -0.58300000429153442 0.17399999499320984 -9.5369997024536133 0.36776623129844666 0.40099999308586121 -999 24.680000305175781 23.610000610351562 23.360000610351562 23.200000762939453 0.029999999329447746 0.019999999552965164 0.019999999552965164 0.019999999552965164 2.7599999904632568 7.0100002288818359 9.7799997329711914 11.100000381469727 26.397727966308594 25.385704040527344 25.024152755737305 24.886692047119141 58014.06640625 39.467609405517578 24.655572891235352 14.999480247497559 93.359611511230469 riz 0 58011.13671875 0.30472815036773682 0.28745630383491516 0.20317889750003815 -0.080359324812889099 0.027667852118611336 22.044137954711914 0.02654547244310379 2.7311434678267688e-05 6.6774504148270353e-07 -0.00015456559776794165 -4.2385575937942122e-08 -1.3799795972602169e-08 74 35.242832183837891 0.99996238946914673 0.28448653221130371
SN: 1923060 10 1 X1 3 0 34.833686999999998 -5.1725810000000001 0.38361001014709473 0.0010000000474974513 0.3824709951877594 0.0010000000474974513 0.38247096538543701 0.0017069788882508874 0 300 0 0 0.018523754552006721 1 1 141770 -9 -9 0.38359999656677246 0.0010000000474974513 34.833241999999998 -5.172078 2.4140000343322754 2.1659998893737793 -9 10.298000335693359 0.013000000268220901 -9999 -9999 1.4259999990463257 0.026000000536441803 -8.8620004653930664 0.048548944294452667 0.52499997615814209 -999 21.950000762939453 20.930000305175781 20.479999542236328 20.120000839233398 0 0 0 0 7.0500001907348633 18.309999465942383 19.120000839233398 22.909999847412109 25.379528045654297 24.343278884887695 24.296279907226562 24.099937438964844 58101.046875 35.037071228027344 31.346729278564453 19.32817268371582 93.056076049804688 riz 0 58103.0546875 0.36394548416137695 0.29445374011993408 0.35417163372039795 0.027611998841166496 0.031396053731441498 22.057016372680664 0.036014586687088013 2.6989391699316911e-05 8.9525599378248444e-07 0.0038898901548236609 -1.7437123744912242e-07 -2.408854271607197e-08 20 18.204076766967773 0.57396668195724487 0.13455492258071899
SN: 1901241 10 0 S1 3 0 42.387486000000003 -0.46027899999999999 0.68264001607894897 0.0010000000474974513 0.68143898248672485 0.0010000000474974513 0.68143892288208008 0.0019572966266423464 0 300 0 0 0.046587221324443817 1 1 135870 -9 -9 0.68260002136230469 0.0010000000474974513 42.387216000000002 -0.46014899999999997 1.0789999961853027 1.7899999618530273 -9 9.2770004272460938 0.029999999329447746 -9999 -9999 0.80000001192092896 0.41299998760223389 -8.4589996337890625 0.42844486236572266 -0.092000000178813934 -999 24.049999237060547 23.409999847412109 23.020000457763672 22.979999542236328 0.019999999552965164 0.0099999997764825821 0.0099999997764825821 0.019999999552965164 2.3900001049041748 3.5 6.0799999237060547 7.2600002288818359 26.554004669189453 26.139829635620117 25.540241241455078 25.347658157348633 58071.19921875 10.415206909179688 8.7397775650024414 7.6872367858886719 27.569149017333984 riz 0 58071.98046875 1.0205035209655762 1.2312995195388794 0.70406043529510498 0.093684829771518707 0.067092716693878174 23.580141067504883 0.063029289245605469 6.6365651036903728e-06 3.8526667367477785e-07 0.0076082451269030571 -1.8352477582084248e-07 -9.1368361765375994e-09 38 41.425380706787109 0.32358148694038391 0.51572853326797485
SN: 1924188 10 0 C3 3 0 53.142597000000002 -27.652058 1.0421500205993652 0.0010000000474974513 1.0413579940795898 0.0010000000474974513 1.0413579940795898 0.0022743581794202328 0 300 0 0 0.008145919069647789 1 3 -33526 -9 -9 1.042199969291687 0.0010000000474974513 53.142682999999998 -27.652035000000001 0.28600001335144043 0.28799998760223389 -4.2780976295471191 11.538000106811523 0.034000001847743988 -9999 -9999 1.034000039100647 0.089000001549720764 -10.513999938964844 0.1918879896402359 1.2869999408721924 -999 24.829999923706055 23.540000915527344 22.450000762939453 21.540000915527344 0.019999999552965164 0.0099999997764825821 0 0 3.3599998950958252 10.260000228881836 27.590000152587891 59.959999084472656 26.184152603149414 24.972131729125977 23.898120880126953 23.05534553527832 58107.1796875 15.676789283752441 10.191092491149902 -99 33.473335266113281 iz 0 58114.1328125 0.90487611293792725 -0.19198624789714813 0.69732260704040527 0.061664897948503494 0.10848688334226608 24.371681213378906 0.068681500852108002 3.2013110740081174e-06 2.0250854504411109e-07 0.015172267332673073 -8.9405020275989955e-08 7.8948225734620792e-09 16 10.75184154510498 0.82453751564025879 0.21528138220310211
SN: 1837071 10 0 S2 3 0 41.769618999999999 -0.731298 0.12995000183582306 0.0010000000474974513 0.12913200259208679 0.0010000000474974513 0.12913203239440918 0.0015088542131707072 0 300 0 0 0.033288318663835526 1 1 125359 -9 -9 0.12999999523162842 0.0010000000474974513 41.769723999999997 -0.73133400000000004 0.39899998903274536 0.23800000548362732 -9 10.720000267028809 0.094999998807907104 -9999 -9999 -0.090999998152256012 9.9090003967285156 -10.876999855041504 9.912384033203125 1.5049999952316284 -999 19.889999389648438 18.770000457763672 18.350000381469727 18.030000686645508 0 0 0 0 284.04000854492188 759.28997802734375 1112.8399658203125 1544.3299560546875 21.366550445556641 20.298980712890625 19.883918762207031 19.52815055847168 58122.125 6.9561867713928223 6.8440690040588379 5.7586698532104492 17.635005950927734 gri 0 58122.66796875 0.86700809001922607 0.69035005569458008 1.2056437730789185 0.35246947407722473 0.13785658776760101 22.693470001220703 0.21903309226036072 1.501800670666853e-05 3.0296866952994606e-06 0.075066685676574707 -2.246695203211857e-06 -3.1325362215284258e-07 7 13.01425838470459 0.071761749684810638 1.1972215175628662
SN: 1876304 10 0 E1+E2 3 0 8.3799709999999994 -43.616207000000003 0.68356001377105713 0.0010000000474974513 0.68233197927474976 0.0010000000474974513 0.68233203887939453 0.0019580649677664042 0 300 0 0 0.0046477583236992359 1 1 130850 -9 -9 0.68360000848770142 0.0010000000474974513 8.3800860000000004 -43.616273999999997 0.38600000739097595 0.57899999618530273 -9 9.8170003890991211 0.063000001013278961 -9999 -9999 0.18899999558925629 2.8900001049041748 -9.6510000228881836 2.8967065811157227 0.88099998235702515 -999 25.579999923706055 23.829999923706055 22.989999771118164 22.649999618530273 0.079999998211860657 0.019999999552965164 0.0099999997764825821 0.0099999997764825821 1.190000057220459 5.4600000381469727 14.130000114440918 18.709999084472656 27.311132431030273 25.657018661499023 24.624645233154297 24.319816589355469 58036.01171875 6.8174257278442383 6.533449649810791 5.3359613418579102 27.759748458862305 riz 0 58036.74609375 0.99144399166107178 1.9133988618850708 0.75408005714416504 0.023440869525074959 0.063012018799781799 23.8394775390625 0.069945886731147766 5.2264749683672562e-06 3.3670281140985026e-07 0.0074092582799494267 -1.8890996500431356e-07 -5.4560462814379207e-09 93 84.626853942871094 0.72043120861053467 0.64256799221038818
SN: 1889022 10 101 E1 3 0 8.1666559999999997 -42.710678000000001 0.51239997148513794 0.0010000000474974513 0.51127302646636963 0.0010000000474974513 0.51127302646636963 0.0018130070529878139 0 300 0 0 0.0078677888959646225 1 1 133483 -9 -9 0.51239997148513794 0.0010000000474974513 8.1667769999999997 -42.710605999999999 0.41299998760223389 0.92400002479553223 -9 8.6230001449584961 0.081000000238418579 -9999 -9999 -0.66600000858306885 0.30199998617172241 -9.3459997177124023 0.47296935319900513 0.27099999785423279 -999 25.440000534057617 24.489999771118164 24.209999084472656 24.139999389648438 0.070000000298023224 0.039999999105930328 0.039999999105930328 0.05000000074505806 1.4099999666213989 3.5199999809265137 4.1599998474121094 5.0199999809265137 27.126953125 26.133644104003906 25.952266693115234 25.748241424560547 58057.01953125 13.44343090057373 10.997923851013184 8.9270610809326172 41.629837036132812 riz 0 58058.71875 0.59769237041473389 0.39671903848648071 0.50197881460189819 -0.020938368514180183 0.047910585999488831 22.984075546264648 0.05067550390958786 1.1491326404211577e-05 5.3634460073226364e-07 0.0048718354664742947 -1.7051608836027299e-07 -1.6823262782850179e-08 44 33.750755310058594 0.86834073066711426 0.14952796697616577
SN: 1933168 10 0 C1 3 0 54.590648999999999 -28.045193000000001 0.43547001481056213 0.0010000000474974513 0.4349530041217804 0.0010000000474974513 0.43495297431945801 0.0017498108791187406 0 300 0 0 0.0084606558084487915 1 3 145976 -9 -9 0.43549999594688416 0.0010000000474974513 54.591237 -28.046399999999998 4.7280001640319824 2.130000114440918 -1.4003008604049683 11.223999977111816 0.10999999940395355 -9999 -9999 0.24099999666213989 10.241000175476074 -10.925000190734863 10.241169929504395 1.4850000143051147 -999 22.569999694824219 20.760000228881836 20.049999237060547 19.610000610351562 0 0 0 0 1.0199999809265137 4.130000114440918 7.440000057220459 9.3100004196166992 27.478500366210938 25.960124969482422 25.321067810058594 25.077625274658203 58117.16015625 21.981182098388672 21.443340301513672 18.613075256347656 65.218009948730469 riz 0 58119.078125 0.39647591114044189 -0.86136126518249512 0.35893803834915161 -0.014960001222789288 0.043759211897850037 22.318992614746094 0.053230904042720795 2.1203286451054737e-05 1.0395435765531147e-06 0.0048488876782357693 -2.1235689473542152e-07 -3.5944374587870698e-08 23 24.433464050292969 0.38014090061187744 0.2914186418056488
SN: 1773189 10 0 X3 3 0 36.169071000000002 -5.408982 0.57870000600814819 0.0010000000474974513 0.57743501663208008 0.0010000000474974513 0.57743501663208008 0.0018685883842408657 0 300 0 0 0.022868398576974869 1 1 122081 -9 -9 0.57870000600814819 0.0010000000474974513 36.169213999999997 -5.4089229999999997 0.55500000715255737 0.46500000357627869 -9 11.083999633789062 0.0080000003799796104 -9999 -9999 1.2209999561309814 0.18400000035762787 -9.8859996795654297 0.19758541882038116 1.2120000123977661 -999 23.520000457763672 21.950000762939453 20.920000076293945 20.629999160766602 0.0099999997764825821 0 0 0 8.9300003051757812 43.200000762939453 93.660003662109375 131.78999328613281 25.122871398925781 23.411291122436523 22.571113586425781 22.200294494628906 57996.28125 16.320405960083008 10.124923706054688 -99 39.258010864257812 ri 0 57996.72265625 0.54881459474563599 -0.56081664562225342 0.42781463265419006 -0.070876561105251312 0.079353272914886475 23.32353401184082 0.050067096948623657 8.4059383880230598e-06 3.8762723875152005e-07 0.0047628278844058514 -1.1870448446416049e-07 -6.9959802395658244e-09 23 15.706246376037598 0.86755251884460449 0.30126842856407166
SN: 1890041 10 0 E1 3 0 7.1022720000000001 -43.558383999999997 0.65380001068115234 0.0010000000474974513 0.65258097648620605 0.0010000000474974513 0.65258097648620605 0.0019325291505083442 0 300 0 0 0.0063030342571437359 1 1 133506 -9 -9 0.65380001068115234 0.0010000000474974513 7.102474 -43.558425999999997 0.54799997806549072 0.90600001811981201 -9 9.425999641418457 0.018999999389052391 -9999 -9999 1.2369999885559082 0.36899998784065247 -8.1979999542236328 0.37353044748306274 0.19900000095367432 -999 24.030000686645508 23.219999313354492 22.780000686645508 22.600000381469727 0.019999999552965164 0.0099999997764825821 0.0099999997764825821 0.0099999997764825821 4.820000171661377 11.029999732971191 16.309999465942383 18.399999618530273 25.792383193969727 24.893562316894531 24.468864440917969 24.337955474853516 58064.01953125 10.623299598693848 8.4293651580810547 7.0418314933776855 32.190650939941406 riz 0 58065.90234375 1.0007903575897217 1.6800054311752319 0.85813158750534058 0.077732875943183899 0.060133770108222961 23.42857551574707 0.068176396191120148 7.6307896961225197e-06 4.7915852974256268e-07 0.017570381984114647 -3.2389874604632496e-07 -1.49399497217928e-08 41 24.546344757080078 0.98046749830245972 0.61704117059707642
SN: 1876431 10 101 X2 3 0 35.836478999999997 -6.390174 0.46599999070167542 0.0010000000474974513 0.46482300758361816 0.0010000000474974513 0.46482300758361816 0.0017744211945682764 0 300 0 0 0.023996023461222649 1 1 -29926 -9 -9 0.46599999070167542 0.0010000000474974513 35.836523 -6.39018 0.15899999439716339 0.20999999344348907 -9 10.074999809265137 0.035000000149011612 -9999 -9999 -0.26800000667572021 6.7940001487731934 -10.354000091552734 6.7942562103271484 1.3159999847412109 -999 24.110000610351562 22.350000381469727 21.719999313354492 21.379999160766602 0.019999999552965164 0.0099999997764825821 0 0 4.6999998092651367 25.549999237060547 46.619998931884766 62.700000762939453 25.819755554199219 23.981523513793945 23.328569412231445 23.006832122802734 58040.1484375 19.317930221557617 12.273812294006348 11.187166213989258 45.799697875976562 riz 0 58041.51171875 0.76240170001983643 -0.98166710138320923 0.48811757564544678 -0.037377219647169113 0.047476291656494141 22.630216598510742 0.049145765602588654 1.5918922144919634e-05 7.205687779787695e-07 0.0028195763006806374 -1.4937522507807444e-07 -2.3971237439468496e-08 35 39.373638153076172 0.28047510981559753 0.35013902187347412
SN: 1780122 10 0 E2 3 0 10.287381 -43.286667000000001 0.51095998287200928 0.0010000000474974513 0.50986599922180176 0.0010000000474974513 0.50986599922180176 0.0018118327716365457 0 300 0 0 0.0081282136961817741 1 1 121543 -9 -9 0.51099997758865356 0.0010000000474974513 10.287293 -43.286701999999998 0.2630000114440918 0.30199998617172241 -9 10.581999778747559 0.010999999940395355 -9999 -9999 1.003000020980835 0.28400000929832458 -9.6230001449584961 0.29348254203796387 0.91200000047683716 -999 22.719999313354492 21.340000152587891 20.819999694824219 20.5 0.0099999997764825821 0 0 0 17.540000915527344 69.80999755859375 111.26999664306641 142.97000122070312 24.389926910400391 22.890205383300781 22.384054183959961 22.111888885498047 58007.1015625 15.967470169067383 10.518293380737305 7.2735304832458496 38.416431427001953 riz 0 58001.4140625 0.50169867277145386 -1.7714838981628418 0.52515041828155518 -0.040926035493612289 0.056488722562789917 22.538692474365234 0.057803947478532791 1.7318996469839476e-05 9.2205306145842769e-07 0.0039470731280744076 -2.8712233302030654e-07 -3.3484511163806019e-08 41 36.269374847412109 0.68065732717514038 0.60604816675186157
SN: 1912066 10 0 C3 3 0 52.743037999999999 -28.629389 0.87417000532150269 0.0010000000474974513 0.87344300746917725 0.0010000000474974513 0.87344300746917725 0.0021247288677841425 0 300 0 0 0.0078854663297533989 1 1 -34866 -9 -9 0.87419998645782471 0.0010000000474974513 52.743203000000001 -28.629460000000002 0.57999998331069946 0.58799999952316284 -9 11.232000350952148 0.039000000804662704 -9999 -9999 0.098999999463558197 7.8649997711181641 -11.154999732971191 7.8673434257507324 1.4210000038146973 -999 24.930000305175781 22.969999313354492 21.760000228881836 21.030000686645508 0.019999999552965164 0 0 0 2.2899999618530273 15.060000419616699 45.849998474121094 79.910003662109375 26.600410461425781 24.555437088012695 23.346652984619141 22.743497848510742 58097.25390625 17.634723663330078 9.6967010498046875 -99 40.706855773925781 iz 0 58094.02734375 0.71941542625427246 0.71337759494781494 0.47987958788871765 0.038958627730607986 0.096688896417617798 24.1123046875 0.045094013214111328 4.0651639210409485e-06 1.6883895170849428e-07 0.0011802994413301349 -5.4149310813045304e-08 -3.16773762776279e-09 20 11.632633209228516 0.92814034223556519 0.27094179391860962
SN: 1922067 10 1 X1 3 0 34.866436 -4.913189 0.19869999587535858 0.0010000000474974513 0.19771300256252289 0.0010000000474974513 0.19771301746368408 0.0015609072288498282 0 300 0 0 0.017182871699333191 1 1 141743 -9 -9 0.19869999587535858 0.0010000000474974513 34.866456999999997 -4.9131159999999996 0.27500000596046448 0.29699999094009399 -9 8.9739999771118164 0.032000001519918442 -9999 -9999 0.64099997282028198 0.66399997472763062 -8.300999641418457 0.66532701253890991 0.42699998617172241 -999 22.559999465942383 22.079999923706055 21.809999465942383 21.709999084472656 0.0099999997764825821 0 0.0099999997764825821 0.0099999997764825821 21.040000915527344 37.840000152587891 48.490001678466797 52.919998168945312 24.192386627197266 23.555122375488281 23.285869598388672 23.190950393676758 58101.04296875 145.72572326660156 121.72808837890625 96.602455139160156 400.64389038085938 griz 0 58105.3046875 0.1860182136297226 1.3986446857452393 0.19773924350738525 -0.047846127301454544 0.0164673812687397 20.183204650878906 0.0216189194470644 0.00015160662587732077 3.0187547963578254e-06 0.0012826770544052124 -4.0610376572658424e-07 -3.7388449669606416e-08 28 6.5776782035827637 0.99999052286148071 0.49273973703384399
SN: 1946246 10 0 C3 3 0 53.033478000000002 -28.376626999999999 0.84007000923156738 0.0010000000474974513 0.83936202526092529 0.0010000000474974513 0.83936202526092529 0.002094700001180172 0 300 0 0 0.006725609302520752 1 3 150667 -9 -9 0.8400999903678894 0.0010000000474974513 53.033772999999997 -28.376636999999999 0.93400001525878906 1.0240000486373901 -2.2908105850219727 10.298999786376953 0.12300000339746475 -9999 -9999 1.5720000267028809 1.0690000057220459 -8.555999755859375 1.0701224803924561 0.54699999094009399 -999 24.290000915527344 23.639999389648438 22.870000839233398 22.5 0.0099999997764825821 0.0099999997764825821 0 0.0099999997764825821 3.8499999046325684 7.8600001335144043 15.449999809265137 19.479999542236328 26.036348342895508 25.261444091796875 24.527679443359375 24.276027679443359 58138.05078125 12.102080345153809 8.5649728775024414 -99 26.309288024902344 iz 0 58140.37890625 1.1676136255264282 -0.70941340923309326 0.87608063220977783 0.064258553087711334 0.14759042859077454 24.430576324462891 0.067306399345397949 3.0322789825731888e-06 1.8797547340909659e-07 0.011198072694242001 -8.809632134898493e-08 -1.054708054226694e-08 8 13.686857223510742 0.09030141681432724 0.31905823945999146
SN: 1811128 10 0 X3 3 0 36.064106000000002 -4.3272349999999999 0.92612999677658081 0.0010000000474974513 0.92457497119903564 0.0010000000474974513 0.92457497119903564 0.0021700074430555105 0 300 0 0 0.022923469543457031 1 1 -27641 -9 -9 0.92610001564025879 0.0010000000474974513 36.064317000000003 -4.3271569999999997 0.80800002813339233 1.0490000247955322 -9 11.098999977111816 0.008999999612569809 -9999 -9999 1.3550000190734863 0.33500000834465027 -9.7349996566772461 0.34264996647834778 1.2250000238418579 -999 24.579999923706055 23.329999923706055 22.239999771118164 21.639999389648438 0.019999999552965164 0.0099999997764825821 0 0 3.3499999046325684 10.670000076293945 29.020000457763672 50.25 26.187387466430664 24.929588317871094 23.843255996704102 23.247159957885742 58008.37109375 8.408198356628418 7.7445087432861328 -99 25.545709609985352 iz 0 58003.2890625 1.2354450225830078 1.809355616569519 0.91332924365997314 -0.051218777894973755 0.1407088041305542 24.352054595947266 0.083062127232551575 3.2597017707303166e-06 2.4937710918493394e-07 0.044196907430887222 -1.8327483530811151e-07 -1.3200374127109171e-08 31 40.067672729492188 0.12752130627632141 0.62681770324707031
SN: 1770225 10 0 X3 3 0 36.714123000000001 -4.1969839999999996 0.5820000171661377 0.0010000000474974513 0.58073902130126953 0.0010000000474974513 0.58073902130126953 0.0018713821191340685 0 300 0 0 0.023790158331394196 1 2 -26751 -9 -9 0.5820000171661377 0.0010000000474974513 36.713988000000001 -4.1970640000000001 0.56400001049041748 0.44299998879432678 -4.1707072257995605 11.298999786376953 0.004999999888241291 -9999 -9999 0.55800002813339233 0 -10.751999855041504 0.052000001072883606 1.8350000381469727 -999 24.590000152587891 22.739999771118164 21.780000686645508 21.180000305175781 0.019999999552965164 0 0 0 3.1700000762939453 18.680000305175781 46.360000610351562 75.139999389648438 26.247352600097656 24.321557998657227 23.334640502929688 22.810321807861328 57996.28125 20.367574691772461 11.976838111877441 9.6017551422119141 43.237728118896484 riz 0 57991.30078125 0.60855305194854736 -1.295815110206604 0.45232504606246948 0.033277366310358047 0.049820542335510254 23.590267181396484 0.049308158457279205 6.5749550230975728e-06 2.9859825190214906e-07 0.0035395035520195961 -7.9642802575108362e-08 -8.8072455994847587e-09 34 20.633388519287109 0.96541106700897217 0.44595405459403992
SN: 1879208 10 1 C1 3 0 54.109878999999999 -27.698069 0.19515000283718109 0.0010000000474974513 0.19470700621604919 0.0010000000474974513 0.19470703601837158 0.0015585987130180001 0 300 0 0 0.010361878201365471 2 4 506706 -9 -9 0.19519999623298645 0.0010000000474974513 54.109878999999999 -27.698069 0 0 -10.652265548706055 10.657999992370605 0.008999999612569809 -9999 -9999 1.4170000553131104 0.24500000476837158 -9.2349996566772461 0.24566033482551575 0.8320000171661377 -999 -10 -10 -10 -10 -10 -10 -10 -10 41.029998779296875 64.400001525878906 77.55999755859375 84.639999389648438 23.467247009277344 22.977785110473633 22.775905609130859 22.681060791015625 58046.1484375 147.51702880859375 113.58819580078125 82.298934936523438 356.16873168945312 griz 0 58049.66796875 0.15806692838668823 0.56465768814086914 0.13464207947254181 -0.0512501560151577 0.014500224031507969 20.388032913208008 0.019071361050009727 0.00012554142449516803 2.205181999670458e-06 0.00033425888977944851 -1.5245231566041184e-07 -2.1845330877567903e-08 40 14.778927803039551 0.99990880489349365 0.25418630242347717
SN: 1876421 10 1 X2 3 0 34.837958999999998 -6.329447 0.34422999620437622 0.0010000000474974513 0.34312999248504639 0.0010000000474974513 0.34312999248504639 0.0016752331284806132 0 300 0 0 0.023480348289012909 1 1 131194 -9 -9 0.34419998526573181 0.0010000000474974513 34.838042999999999 -6.3295089999999998 0.37400001287460327 0.48399999737739563 -9 9.3269996643066406 0.019999999552965164 -9999 -9999 1.1390000581741333 0.36300000548362732 -8.1339998245239258 0.36379250884056091 0.28299999237060547 -999 22.829999923706055 22.069999694824219 21.860000610351562 21.600000381469727 0.0099999997764825821 0 0 0 16.840000152587891 34.400001525878906 43.590000152587891 53.389999389648438 24.434144973754883 23.658603668212891 23.401533126831055 23.181350708007812 58045.1015625 24.345746994018555 20.879945755004883 18.039518356323242 73.478591918945312 griz 0 58045.30078125 0.34702384471893311 -0.83222424983978271 0.2894330620765686 -0.049368865787982941 0.021647501736879349 22.018520355224609 0.027710398659110069 2.7963531465502456e-05 7.1369140641763806e-07 0.0016726487083360553 -1.1724050352768245e-07 -8.9335658870481893e-09 47 34.361690521240234 0.91504955291748047 0.32254642248153687
SN: 1900801 10 0 C3 3 0 52.465888999999997 -27.728670000000001 0.6364399790763855 0.0010000000474974513 0.63578701019287109 0.0010000000474974513 0.63578701019287109 0.001918168505653739 0 300 0 0 0.0073050851933658123 1 1 137002 -9 -9 0.63639998435974121 0.0010000000474974513 52.465831999999999 -27.728774000000001 0.41699999570846558 0.51700001955032349 -9 9.430999755859375 0.018999999389052391 -9999 -9999 1.2300000190734863 0.082999996840953827 -8.1979999542236328 0.087595663964748383 0.31400001049041748 -999 24.450000762939453 23.549999237060547 23.079999923706055 22.829999923706055 0.0099999997764825821 0.0099999997764825821 0.0099999997764825821 0.0099999997764825821 3.630000114440918 8.8599996566772461 13.460000038146973 16.329999923706055 26.10023307800293 25.131416320800781 24.677387237548828 24.467535018920898 58084.26171875 11.359771728515625 7.9139204025268555 6.118311882019043 26.205629348754883 riz 0 58080.1328125 0.91006147861480713 -0.061299610882997513 0.69565194845199585 -0.15921306610107422 0.06855735182762146 24.790674209594727 0.063592292368412018 2.1763589757028967e-06 1.2747079836117337e-07 -0.00058269139844924212 -5.9882900416141638e-08 -6.4996263926531128e-10 37 40.251605987548828 0.32834014296531677 0.53110343217849731
SN: 1856065 10 0 X3 3 0 36.902602999999999 -4.6349460000000002 0.79034000635147095 0.0010000000474974513 0.78892099857330322 0.0010000000474974513 0.78892099857330322 0.0020504901185631752 0 300 0 0 0.023483330383896828 1 3 128801 -9 -9 0.79030001163482666 0.0010000000474974513 36.902631999999997 -4.6350559999999996 0.40900000929832458 0.62699997425079346 -3.7978901863098145 9.2569999694824219 0.034000001847743988 -9999 -9999 0.91600000858306885 0.38899999856948853 -8.3079996109008789 0.39882954955101013 -0.064999997615814209 -999 24.209999084472656 23.680000305175781 23.260000228881836 22.920000076293945 0.0099999997764825821 0.0099999997764825821 0.0099999997764825821 0.0099999997764825821 4.7100000381469727 7.3299999237060547 10.909999847412109 14.340000152587891 25.817447662353516 25.337240219116211 24.905437469482422 24.608627319335938 58019.2265625 8.9811248779296875 8.5336551666259766 7.3154382705688477 24.423458099365234 riz 0 58017.015625 1.2811689376831055 0.94201511144638062 0.82829391956329346 0.11893985420465469 0.075582101941108704 24.521318435668945 0.066314324736595154 2.7891542231373023e-06 1.7035526411746105e-07 -0.0033801689278334379 -9.2270681761874584e-08 -5.9771759763904697e-10 46 44.502906799316406 0.53507888317108154 0.50575155019760132
SN: 1879426 10 1 C3 3 0 52.474308000000001 -27.6173 0.22990000247955322 0.0010000000474974513 0.22940899431705475 0.0010000000474974513 0.22940897941589355 0.0015853907680138946 0 300 0 0 0.007987242192029953 3 4 507874 -9 -9 0.22990000247955322 0.0010000000474974513 52.475763999999998 -27.617564999999999 4.7410001754760742 1.6729999780654907 -0.61484193801879883 7.6830000877380371 0.074000000953674316 -9999 -9999 0.27900001406669617 0.10300000011920929 -7.3979997634887695 0.12233151495456696 0.018999999389052391 -999 26.129999160766602 25.809999465942383 25.540000915527344 25.329999923706055 0.070000000298023224 0.05000000074505806 0.05000000074505806 0.079999998211860657 8.7600002288818359 21.860000610351562 33.330001831054688 44.560001373291016 25.143739700317383 24.150875091552734 23.692911148071289 23.377635955810547 58052.28515625 259.120361328125 233.08963012695312 175.56304931640625 720.1845703125 griz 0 58054.43359375 0.13150915503501892 0.787850022315979 0.10976329445838928 -0.093569934368133545 0.013434845022857189 20.552604675292969 0.017775246873497963 0.00010788436338771135 1.7662405298324302e-06 0.00017095926159527153 -1.0037359032821769e-07 -1.5637789729794349e-08 46 40.931491851806641 0.68401455879211426 0.40773642063140869
SN: 1861210 10 0 C2 3 0 53.857863999999999 -29.704573 0.54285001754760742 0.0010000000474974513 0.54229199886322021 0.0010000000474974513 0.54229199886322021 0.0018389777978882194 0 300 0 0 0.009618920274078846 1 1 128949 -9 -9 0.54290002584457397 0.0010000000474974513 53.858057000000002 -29.704781000000001 0.96100002527236938 1.3309999704360962 -9 9.3959999084472656 0.027000000700354576 -9999 -9999 1.2359999418258667 0.31999999284744263 -8.1350002288818359 0.32089874148368835 0.27599999308586121 -999 23.870000839233398 22.930000305175781 22.629999160766602 22.479999542236328 0.0099999997764825821 0.0099999997764825821 0.0099999997764825821 0.0099999997764825821 5.119999885559082 11.180000305175781 16.719999313354492 19.069999694824219 25.726825714111328 24.878894805908203 24.441909790039062 24.299123764038086 58029.1640625 12.395427703857422 11.364510536193848 10.577836990356445 36.748805999755859 riz 0 58032.37890625 0.64673757553100586 0.44100314378738403 0.50386476516723633 -0.14783969521522522 0.055741921067237854 22.860992431640625 0.060383360832929611 1.2870735190517735e-05 7.1580763005840709e-07 0.006986414548009634 -2.5175097562168958e-07 -2.4001259646411199e-08 43 36.556316375732422 0.74538421630859375 0.51425683498382568
SN: 1833564 10 0 C3 3 0 52.822265999999999 -27.666785999999998 0.65526199340820312 0.0010000000474974513 0.65461099147796631 0.0010000000474974513 0.65461099147796631 0.0019342678133398294 0 300 0 0 0.0070162131451070309 2 4 125447 -9 -9 0.65530002117156982 0.0010000000474974513 52.822401999999997 -27.66667 0.6029999852180481 0.82899999618530273 -2.3872787952423096 9.1510000228881836 0.034000001847743988 -9999 -9999 0.12600000202655792 0.079000003635883331 -9.0340003967285156 0.19291707873344421 0.037000000476837158 -999 24.690000534057617 23.889999389648438 23.450000762939453 23.319999694824219 0.019999999552965164 0.0099999997764825821 0.0099999997764825821 0.0099999997764825821 2.7799999713897705 6.0999999046325684 8.7799997329711914 9.6899995803833008 26.389888763427734 25.536674499511719 25.141263961791992 25.034191131591797 58036.296875 24.399330139160156 21.271024703979492 17.630277633666992 53.627906799316406 riz 0 58026.8125 0.77459895610809326 1.5547171831130981 0.5842970609664917 0.03584318608045578 0.04059891402721405 23.536712646484375 0.054705329239368439 6.9074017119419295e-06 3.4803269954863936e-07 0.0049073328264057636 -1.5738130798581551e-07 -6.3536291783350407e-09 16 19.848037719726562 0.22714309394359589 0.5318332314491272
SN: 1890212 10 0 X3 3 0 36.725009999999997 -4.7326709999999999 0.72913002967834473 0.0010000000474974513 0.72775501012802124 0.0010000000474974513 0.72775506973266602 0.0019972785376012325 0 300 0 0 0.021839650347828865 1 1 135479 -9 -9 0.72909998893737793 0.0010000000474974513 36.725067000000003 -4.7327180000000002 0.2630000114440918 0.2800000011920929 -9 11.190999984741211 0.039999999105930328 -9999 -9999 0.32600000500679016 0.18500000238418579 -10.878000259399414 0.26375937461853027 1.2480000257492065 -999 23.969999313354492 22.389999389648438 21.25 20.850000381469727 0.0099999997764825821 0 0 0 6.2899999618530273 26.25 69.599998474121094 105.98000335693359 25.503374099731445 23.952177047729492 22.893476486206055 22.436939239501953 58064.11328125 20.784290313720703 20.61920166015625 14.119987487792969 58.933162689208984 riz 0 58066.86328125 0.4948846697807312 0.39670181274414062 0.43157076835632324 -0.16237963736057281 0.039140943437814713 23.406822204589844 0.037842117249965668 7.7852191679994576e-06 2.7134507263326668e-07 0.0067197163589298725 -8.8989111191040138e-08 -3.5235716566717201e-09 36 22.986974716186523 0.95444893836975098 0.55718404054641724
SN: 1900124 10 0 X2 3 0 35.68721 -6.1468230000000004 0.68668997287750244 0.0010000000474974513 0.68533098697662354 0.0010000000474974513 0.68533098697662354 0.0019606456626206636 0 300 0 0 0.024069389328360558 1 2 -32117 -9 -9 0.68669998645782471 0.0010000000474974513 35.687320999999997 -6.1468579999999999 0.41800001263618469 0.53200000524520874 -3.7232804298400879 10.498000144958496 0.057000000029802322 -9999 -9999 -1.5240000486373901 6.4190001487731934 -12.034999847412109 6.4199943542480469 1.2699999809265137 -999 25.079999923706055 23.209999084472656 22.139999389648438 21.700000762939453 0.059999998658895493 0.0099999997764825821 0.0099999997764825821 0.0099999997764825821 1.9199999570846558 12.090000152587891 32 48.529998779296875 26.791746139526367 24.793933868408203 23.737125396728516 23.284975051879883 58071.07421875 7.8182711601257324 6.451324462890625 6.1970915794372559 22.672264099121094 riz 0 58061.8671875 1.1761574745178223 0.088744886219501495 0.92836666107177734 -0.021901082247495651 0.084732219576835632 23.76140022277832 0.082085162401199341 5.6161698012147099e-06 4.2460055738047231e-07 0.022803811356425285 -2.9123361855454277e-07 -1.1506854136200673e-08 43 57.475715637207031 0.068916678428649902 0.078769281506538391
SN: 1948295 10 0 C2 3 0 54.696990999999997 -29.777010000000001 0.78386002779006958 0.0010000000474974513 0.78324097394943237 0.0010000000474974513 0.78324103355407715 0.0020455301273614168 0 300 0 0 0.0099876318126916885 1 1 150537 -9 -9 0.78390002250671387 0.0010000000474974513 54.696952000000003 -29.777135000000001 0.46599999070167542 0.7149999737739563 -9 10.538999557495117 0.061999998986721039 -9999 -9999 -0.50499999523162842 9.494999885559082 -11.130000114440918 9.4975252151489258 1.2849999666213989 -999 25.219999313354492 23.590000152587891 22.440000534057617 21.930000305175781 0.05000000074505806 0.019999999552965164 0.0099999997764825821 0.0099999997764825821 1.9600000381469727 7.75 22.819999694824219 36.729999542236328 26.769359588623047 25.276744842529297 24.104211807250977 23.587448120117188 58132.13671875 13.476807594299316 10.155744552612305 6.8117475509643555 26.289484024047852 riz 0 58127.66796875 1.2462921142578125 -0.14571189880371094 0.85182905197143555 -0.17186814546585083 0.067426137626171112 23.929738998413086 0.063799992203712463 4.809546226169914e-06 2.8261837314857985e-07 0.013181844726204872 -1.4513396706661297e-07 2.086681050172956e-09 22 21.014942169189453 0.51981484889984131 0.57494902610778809
SN: 1901115 10 1 X2 3 0 35.546138999999997 -6.5158149999999999 0.29978999495506287 0.0010000000474974513 0.29874199628829956 0.0010000000474974513 0.29874205589294434 0.0016398116713389754 0 300 0 0 0.023084079846739769 2 2 136304 -9 -9 0.29980000853538513 0.0010000000474974513 35.546411999999997 -6.5159060000000002 1.031000018119812 0.7070000171661377 -2.634279727935791 10.246999740600586 0.013000000268220901 -9999 -9999 0.71700000762939453 0.2460000067949295 -9.5069999694824219 0.24698178470134735 1.0509999990463257 -999 22.379999160766602 21.309999465942383 20.780000686645508 20.450000762939453 0 0 0 0 21.430000305175781 56.779998779296875 96.580001831054688 109.54000091552734 24.172445297241211 23.114511489868164 22.53778076171875 22.401067733764648 58071.0703125 32.259124755859375 26.977777481079102 24.1650390625 87.814453125 griz 0 58073.96875 0.28564339876174927 -0.39490994811058044 0.23778948187828064 0.17942240834236145 0.021494451910257339 22.081684112548828 0.026350520551204681 2.6383149815956131e-05 6.4031183910628897e-07 0.00082489458145573735 -6.4889462692008237e-08 -9.3348440088902862e-09 44 45.429119110107422 0.41228178143501282 0.61238998174667358
SN: 1881037 10 0 C3 3 0 52.818489 -28.881416000000002 0.76652002334594727 0.0010000000474974513 0.76583999395370483 0.0010000000474974513 0.76584005355834961 0.0020303579512983561 0 300 0 0 0.0081456704065203667 1 1 131467 -9 -9 0.76649999618530273 0.0010000000474974513 52.818593999999997 -28.880818000000001 2.1770000457763672 2.121999979019165 -9 10.960000038146973 0.008999999612569809 -9999 -9999 1.2009999752044678 0.019999999552965164 -9.758000373840332 0.05946427583694458 0.92299997806549072 -999 23.649999618530273 22.600000381469727 21.799999237060547 21.399999618530273 0.0099999997764825821 0 0 0 1.2300000190734863 2.9200000762939453 8.119999885559082 10.970000267028809 27.275238037109375 26.336542129516602 25.226110458374023 24.899482727050781 58064.25 23.304759979248047 22.448802947998047 17.200529098510742 71.852806091308594 riz 0 58061.37109375 0.47105252742767334 1.2278928756713867 0.35878387093544006 -0.081078514456748962 0.032451532781124115 23.72413444519043 0.032168351113796234 5.8122718655795325e-06 1.7220685322172358e-07 0.0026462387759238482 -4.4978857971500474e-08 -9.7534436083179799e-10 45 43.712661743164062 0.52650964260101318 0.49047520756721497
SN: 1833321 10 0 C1 3 0 53.790126999999998 -27.254196 0.6254199743270874 0.0010000000474974513 0.62480401992797852 0.0010000000474974513 0.62480401992797852 0.0019087984692305326 0 300 0 0 0.0090424390509724617 1 1 125186 -9 -9 0.62540000677108765 0.0010000000474974513 53.790252000000002 -27.254328999999998 0.62599998712539673 0.99299997091293335 -9 10.052000045776367 0.018999999389052391 -9999 -9999 0.48199999332427979 0.16699999570846558 -9.5659999847412109 0.19213016331195831 0.56699997186660767 -999 23.670000076293945 22.629999160766602 22.090000152587891 21.809999465942383 0.0099999997764825821 0.0099999997764825821 0.0099999997764825821 0.0099999997764825821 5.6999998092651367 14.649999618530273 24.639999389648438 35.279998779296875 25.610313415527344 24.585405349731445 24.020898818969727 23.631179809570312 58008.3359375 7.730989933013916 6.375434398651123 6.1784954071044922 22.983148574829102 riz 0 58008.18359375 1.0213924646377563 -0.41920116543769836 0.81868642568588257 0.00037023008917458355 0.087612487375736237 23.515142440795898 0.0913887619972229 7.0460091592394747e-06 5.9307780020390055e-07 0.016219986602663994 -3.3301333246527065e-07 -2.5675022996551888e-08 53 57.984867095947266 0.29663810133934021 0.13973917067050934
SN: 1850154 10 0 C3 3 0 52.697018 -28.675591000000001 0.56884002685546875 0.0010000000474974513 0.56822997331619263 0.0010000000474974513 0.56822991371154785 0.0018608137033879757 0 300 0 0 0.008301946334540844 1 1 127273 -9 -9 0.56879997253417969 0.0010000000474974513 52.697108999999998 -28.675650999999998 0.3580000102519989 0.38999998569488525 -9 10.609000205993652 0.010999999940395355 -9999 -9999 0.83300000429153442 0.15700000524520874 -9.810999870300293 0.16992351412773132 1.0670000314712524 -999 23.319999694824219 22.040000915527344 21.430000305175781 21 0.0099999997764825821 0 0 0 11.079999923706055 37.720001220703125 65.529998779296875 86.300003051757812 24.888650894165039 23.558570861816406 22.958900451660156 22.65997314453125 58019.3515625 20.686376571655273 20.251253128051758 17.012954711914062 53.956520080566406 riz 0 58021.8125 0.46592968702316284 -0.31940817832946777 0.35982212424278259 0.18304818868637085 0.039970904588699341 23.66364860534668 0.042361821979284286 6.1452674344764091e-06 2.3976792817848036e-07 0.00056040834169834852 -4.638372530507695e-08 -5.9960174603190808e-09 41 34.010818481445312 0.77211612462997437 0.61938005685806274
SN: 1924089 10 0 X2 3 0 35.111401000000001 -6.7618390000000002 0.46417999267578125 0.0010000000474974513 0.46299099922180176 0.0010000000474974513 0.46299099922180176 0.0017729070968925953 0 300 0 0 0.023910870775580406 1 1 143797 -9 -9 0.46419999003410339 0.0010000000474974513 35.111511999999998 -6.7617669999999999 0.47299998998641968 0.38899999856948853 -9 10.348999977111816 0.028999999165534973 -9999 -9999 0.25299999117851257 10.253000259399414 -10.08899974822998 10.253352165222168 1.3519999980926514 -999 24.040000915527344 22.340000152587891 21.709999084472656 21.280000686645508 0.019999999552965164 0.0099999997764825821 0 0 5.869999885559082 28.049999237060547 51.930000305175781 74.739997863769531 25.578405380249023 23.880168914794922 23.211454391479492 22.816116333007812 58109.05859375 31.581279754638672 20.460311889648438 16.149789810180664 59.317646026611328 riz 0 58111.7734375 0.51095432043075562 0.51642858982086182 0.45800644159317017 0.011063798330724239 0.040867388248443604 22.620983123779297 0.042528949677944183 1.6054882507887669e-05 6.2887954754842212e-07 0.0045989323407411575 -1.5264457431385381e-07 -1.8483136798863598e-08 20 14.701972961425781 0.79319924116134644 0.17604900896549225
SN: 1906545 10 0 X3 3 0 36.092055999999999 -5.4131660000000004 0.54930001497268677 0.0010000000474974513 0.54805701971054077 0.0010000000474974513 0.54805707931518555 0.0018438219558447599 0 300 0 0 0.0224620271474123 1 4 -34753 -9 -9 0.54930001497268677 0.0010000000474974513 36.092047000000001 -5.4132550000000004 0.31999999284744263 0.1809999942779541 -4.6995468139648438 11.317999839782715 0.017000000923871994 -9999 -9999 -0.020999999716877937 9.9790000915527344 -11.303000450134277 9.9799957275390625 1.659000039100647 -999 24.379999160766602 22.530000686645508 21.520000457763672 21.049999237060547 0.019999999552965164 0 0 0 4.1100001335144043 25.389999389648438 55.080001831054688 85.410003662109375 25.965394973754883 23.98834228515625 23.147514343261719 22.671228408813477 58093.1328125 20.16522216796875 16.392282485961914 13.260305404663086 38.9185791015625 riz 0 58089.26953125 0.69639551639556885 -0.45687413215637207 0.55683445930480957 -0.074977606534957886 0.056378182023763657 23.299480438232422 0.052712731063365936 8.5942510850145482e-06 4.1725277810655825e-07 0.0057599395513534546 -1.4982013851749798e-07 -1.205394184466968e-08 11 3.7273197174072266 0.97722560167312622 0.29266932606697083
SN: 1867019 10 1 E1 3 0 8.6330570000000009 -42.893462999999997 0.22190999984741211 0.0010000000474974513 0.22100600600242615 0.0010000000474974513 0.22100603580474854 0.0015788747696205974 0 300 0 0 0.0075190449133515358 1 1 130291 -9 -9 0.22190000116825104 0.0010000000474974513 8.633051 -42.894030000000001 2.0420000553131104 1.4989999532699585 -9 10.201999664306641 0.010999999940395355 -9999 -9999 0.86000001430511475 0.24400000274181366 -9.3459997177124023 0.2448183000087738 0.92599999904632568 -999 21.389999389648438 20.520000457763672 20.049999237060547 19.819999694824219 0 0 0 0 24.719999313354492 58.360000610351562 67.5 98.919998168945312 24.017379760742188 23.084711074829102 22.926740646362305 22.511789321899414 58040.00390625 38.713844299316406 38.038070678710938 28.775554656982422 129.992919921875 griz 0 58039.16796875 0.34415078163146973 0.53900343179702759 0.18240481615066528 0.12073498964309692 0.017233908176422119 21.352346420288086 0.02248789370059967 5.1648905355250463e-05 1.0697581274143886e-06 0.00013933009176980704 -5.1789399435619998e-08 -1.3057346315292762e-08 48 47.044460296630859 0.51194965839385986 0.44073399901390076
SN: 1811099 10 0 C2 3 0 55.296959000000001 -29.435276000000002 0.4905799925327301 0.0010000000474974513 0.49007499217987061 0.0010000000474974513 0.49007499217987061 0.0017953513888642192 0 300 0 0 0.012212032452225685 1 1 123910 -9 -9 0.49059998989105225 0.0010000000474974513 55.297055 -29.435303999999999 0.31700000166893005 0.32899999618530273 -9 10.786999702453613 0.030999999493360519 -9999 -9999 -1.656000018119812 8.3439998626708984 -12.447999954223633 8.3441877365112305 1.4609999656677246 -999 23.25 21.469999313354492 20.719999313354492 20.299999237060547 0.0099999997764825821 0 0 0 10.800000190734863 61.330001831054688 125.97000122070312 178.52000427246094 24.916440963745117 23.030817031860352 22.249332427978516 21.870782852172852 58008.34765625 12.691664695739746 6.5783877372741699 4.4505534172058105 26.257194519042969 riz 0 58006.9296875 0.84526407718658447 0.50087779760360718 0.86787152290344238 -0.19711992144584656 0.074490100145339966 22.888641357421875 0.079301752150058746 1.2547110600280575e-05 9.1643607902369695e-07 0.012029414065182209 -5.5446440683226683e-07 -3.8860136442053772e-08 42 27.995031356811523 0.95216262340545654 0.67794662714004517
SN: 1901899 10 0 C3 3 0 53.397320000000001 -28.121212 0.9892200231552124 0.0010000000474974513 0.98846399784088135 0.0010000000474974513 0.98846399784088135 0.002226941054686904 0 300 0 0 0.007584672886878252 2 2 137026 -9 -9 0.98919999599456787 0.0010000000474974513 53.397652000000001 -28.121221999999999 1.0540000200271606 1.1950000524520874 -1.8251783847808838 11.204000473022461 0.10899999737739563 -9999 -9999 0.80800002813339233 0.46700000762939453 -10.41100025177002 0.55290597677230835 1.3650000095367432 -999 25.409999847412109 23.620000839233398 22.420000076293945 21.569999694824219 0.029999999329447746 0.0099999997764825821 0 0 1.1499999761581421 7.4899997711181641 22.309999465942383 47.599998474121094 27.348255157470703 25.31379508972168 24.128751754760742 23.30598258972168 58092.16015625 10.057358741760254 7.7602672576904297 -99 27.485507965087891 iz 0 58084.484375 1.0148658752441406 0.85584807395935059 0.71131730079650879 0.10071799159049988 0.12191075831651688 24.62469482421875 0.068447522819042206 2.535843123041559e-06 1.5986589119165728e-07 0.019984051585197449 -8.174289689577563e-08 1.5364768346515234e-09 23 34.902919769287109 0.053181130439043045 0.44056621193885803
SN: 1810236 10 0 C1 3 0 53.537632000000002 -27.449860000000001 0.42980998754501343 0.0010000000474974513 0.42926400899887085 0.0010000000474974513 0.42926406860351562 0.0017451425082981586 0 300 0 0 0.0070742317475378513 1 1 125239 -9 -9 0.42980000376701355 0.0010000000474974513 53.537463000000002 -27.449852 0.54100000858306885 0.5130000114440918 -9 9.5900001525878906 0.020999999716877937 -9999 -9999 1.4960000514984131 0.2370000034570694 -8.1090002059936523 0.23987080156803131 0.071000002324581146 -999 22.260000228881836 21.540000915527344 21.389999389648438 21.170000076293945 0 0 0 0 30.969999313354492 59.580001831054688 71.160003662109375 81.389999389648438 23.772647857666016 23.062248229980469 22.869409561157227 22.72357177734375 58008.3359375 21.66180419921875 16.590234756469727 9.9261636734008789 50.620033264160156 riz 0 58015.3984375 0.58883124589920044 0.97855579853057861 0.41463130712509155 0.020605752244591713 0.043998546898365021 22.395353317260742 0.049567203968763351 1.976325802388601e-05 9.0225364601792535e-07 0.0013353301910683513 -1.6023442128698662e-07 -2.9481084240501332e-08 45 45.777111053466797 0.43971407413482666 0.33333852887153625
SN: 1339392 10 1 C2 3 0 54.124462000000001 -28.569849000000001 0.18190999329090118 0.0010000000474974513 0.18147900700569153 0.0010000000474974513 0.18147897720336914 0.0015484687173739076 0 300 0 0 0.009806477464735508 1 1 42724 -9 -9 0.18189999461174011 0.0010000000474974513 54.124512000000003 -28.569908999999999 0.26899999380111694 0.25099998712539673 -9 10.322999954223633 0.032000001519918442 -9999 -9999 -0.39500001072883606 9.6049995422363281 -10.725000381469727 9.6053848266601562 1.4199999570846558 -999 20.729999542236328 19.610000610351562 19.129999160766602 18.889999389648438 0 0 0 0 118.22000122070312 337.3599853515625 499.47000122070312 649.15997314453125 22.318271636962891 21.179765701293945 20.753726959228516 20.469120025634766 57372.2265625 179.26089477539062 144.15115356445312 83.582954406738281 336.15090942382812 griz 0 57370.50390625 0.24761667847633362 -1.031959056854248 0.15533891320228577 -0.015295782126486301 0.018400764092803001 20.114185333251953 0.022919194772839546 0.00016155693447217345 3.4103632060578093e-06 0.0005925880977883935 -2.1953005102659517e-07 -4.5340982524066931e-08 28 32.988246917724609 0.23617751896381378 0.34774443507194519
SN: 1333576 10 0 S2 3 0 40.547950999999998 -0.99814899999999995 0.59011000394821167 0.0010000000474974513 0.58892697095870972 0.0010000000474974513 0.58892703056335449 0.0018783126724883914 0 300 0 0 0.027756607159972191 1 1 40413 -9 -9 0.5900999903678894 0.0010000000474974513 40.547623999999999 -0.99891799999999997 3.0090000629425049 2.8510000705718994 -9 10.83899974822998 0.048000000417232513 -9999 -9999 0.87300002574920654 0.91900002956390381 -9.9479999542236328 0.92292255163192749 1.0829999446868896 -999 22.959999084472656 21.450000762939453 20.709999084472656 20.379999160766602 0.0099999997764825821 0 0 0 0.40999999642372131 1.6399999856948853 4.4499998092651367 6.559999942779541 27.5 26.962890625 25.879100799560547 25.457740783691406 57319.1328125 6.9043083190917969 5.5846686363220215 3.2693290710449219 15.74796199798584 riz 0 57320.58203125 1.1577227115631104 0.12209781259298325 0.84515297412872314 -0.11263266950845718 0.13949567079544067 22.958377838134766 0.12868374586105347 1.1766551324399188e-05 1.3945964383310638e-06 0.021332090720534325 -8.7638511558907339e-07 -8.9601037700504094e-08 19 12.048221588134766 0.88355380296707153 0.37764173746109009
SN: 1335756 10 0 S1 3 0 42.006908000000003 -0.30043700000000001 0.45037999749183655 0.0010000000474974513 0.44933399558067322 0.0010000000474974513 0.44933402538299561 0.0017616392578929663 0 300 0 0 0.037195879966020584 1 1 41425 -9 -9 0.45039999485015869 0.0010000000474974513 42.006843000000003 -0.30053400000000002 0.41999998688697815 0.48500001430511475 -9 10.454000473022461 0.039000000804662704 -9999 -9999 -0.067000001668930054 8.8129997253417969 -10.496000289916992 8.8132181167602539 1.2680000066757202 -999 23.209999084472656 21.459999084472656 20.850000381469727 20.489999771118164 0.0099999997764825821 0 0 0 11.310000419616699 55.610000610351562 96.589996337890625 130.3800048828125 24.866344451904297 23.137117385864258 22.537670135498047 22.211971282958984 57345.24609375 9.0661478042602539 8.8349275588989258 6.8711094856262207 28.244867324829102 riz 0 57342.03125 0.73154520988464355 -0.077951774001121521 0.61829328536987305 0.075676605105400085 0.068974241614341736 23.060705184936523 0.07752673327922821 1.070822781912284e-05 7.6461844855657546e-07 0.0045799841172993183 -2.4900074890865653e-07 -3.8148009195992927e-08 29 27.467678070068359 0.54648834466934204 0.25359007716178894
SN: 1339716 10 0 E1 3 0 6.8559219999999996 -43.056080000000001 0.45791000127792358 0.0010000000474974513 0.45682200789451599 0.0010000000474974513 0.45682203769683838 0.0017678131116554141 0 300 0 0 0.005621978547424078 1 1 43517 -9 -9 0.45789998769760132 0.0010000000474974513 6.8566830000000003 -43.056365 2.25 2.8589999675750732 -9 9.3389997482299805 0.019999999552965164 -9999 -9999 1.1809999942779541 0.41999998688697815 -8.1339998245239258 0.42086696624755859 0.045000001788139343 -999 23.229999542236328 22.420000076293945 22.200000762939453 22.010000228881836 0.0099999997764825821 0.0099999997764825821 0.0099999997764825821 0.0099999997764825821 12.270000457763672 23.790000915527344 29.940000534057617 35.979999542236328 24.777889251708984 24.059013366699219 23.809370040893555 23.609848022460938 57379.046875 13.999802589416504 13.176177024841309 12.956709861755371 42.932960510253906 riz 0 57376.45703125 0.71036845445632935 2.009702205657959 0.84663689136505127 0.13542565703392029 0.061293892562389374 22.787954330444336 0.081369861960411072 1.3766331903752871e-05 1.0317096439393936e-06 0.026447216048836708 -6.3303588149210555e-07 -5.3400523114532916e-08 23 21.995729446411133 0.52050960063934326 0.80780315399169922
SN: 1338324 10 0 X1 3 0 34.960075000000003 -5.1295169999999999 0.42719000577926636 0.0010000000474974513 0.42601799964904785 0.0010000000474974513 0.42601799964904785 0.0017424813704565167 0 300 0 0 0.018972968682646751 1 1 43074 -9 -9 0.42719998955726624 0.0010000000474974513 34.960121000000001 -5.1295200000000003 0.16500000655651093 0.18999999761581421 -9 10.057999610900879 0.014999999664723873 -9999 -9999 0.25999999046325684 0.289000004529953 -9.7849998474121094 0.29312455654144287 0.94300001859664917 -999 23.450000762939453 22.299999237060547 21.809999465942383 21.450000762939453 0.019999999552965164 0.0099999997764825821 0 0.0099999997764825821 9.1800003051757812 29.340000152587891 45.459999084472656 60.599998474121094 25.092893600463867 23.831350326538086 23.355926513671875 23.043819427490234 57372.0546875 13.65732479095459 12.668979644775391 10.022673606872559 31.765218734741211 riz 0 57365.21484375 0.75209605693817139 -0.45615765452384949 0.73367369174957275 0.23492133617401123 0.069221585988998413 23.251470565795898 0.080141156911849976 8.9827972260536626e-06 6.630448297073599e-07 0.0089070349931716919 -1.8824601966116461e-07 -3.7661333607275083e-08 23 23.673196792602539 0.4220852255821228 0.79769688844680786
SN: 1338749 10 0 X3 3 0 36.048813000000003 -4.0868640000000003 0.85956001281738281 0.0010000000474974513 0.85805702209472656 0.0010000000474974513 0.85805702209472656 0.0021111569367349148 0 300 0 0 0.025274990126490593 1 4 42356 -9 -9 0.8596000075340271 0.0010000000474974513 36.048833999999999 -4.0865549999999997 1.1160000562667847 0.99299997091293335 -2.3648319244384766 11.421999931335449 0.048999998718500137 -9999 -9999 -2.8259999752044678 2.4319999217987061 -14.192000389099121 2.4333484172821045 1.5449999570846558 -999 24.879999160766602 22.870000839233398 21.5 20.770000457763672 0.029999999329447746 0 0 0 2.1800000667572021 14.819999694824219 46.020000457763672 85.040000915527344 26.653858184814453 24.572879791259766 23.342634201049805 22.675941467285156 57355.1875 23.098976135253906 9.4098854064941406 -99 35.205589294433594 iz 0 57359.90625 0.90673387050628662 -0.11632047593593597 0.56811541318893433 0.028345834463834763 0.1223088800907135 23.972349166870117 0.050831019878387451 4.6244495024438947e-06 2.1650330950251373e-07 -0.0059026051312685013 -7.3713174231215817e-08 -2.972881718577014e-09 12 10.455509185791016 0.57606464624404907 0.10213230550289154
SN: 1331993 10 1 X3 3 0 35.971801999999997 -4.459333 0.72100001573562622 0.0010000000474974513 0.71960902214050293 0.0010000000474974513 0.71960902214050293 0.0019902265630662441 0 300 0 0 0.022482056170701981 2 3 370594 -9 -9 0.72100001573562622 0.0010000000474974513 35.971490000000003 -4.4602459999999997 3.4730000495910645 1.5770000219345093 -1.0077714920043945 9.1079998016357422 0.013000000268220901 -9999 -9999 0.097999997437000275 0.36500000953674316 -9.0129995346069336 0.37303352355957031 0.15099999308586121 -999 26.010000228881836 24.790000915527344 23.639999389648438 20.200000762939453 0.079999998211860657 0.019999999552965164 0.019999999552965164 0 1.1599999666213989 2.5699999332427979 4.119999885559082 4.5399999618530273 27.338855743408203 26.475166320800781 25.962757110595703 25.85736083984375 57319.1171875 20.315610885620117 13.041510581970215 9.3765935897827148 50.039775848388672 riz 0 57327 0.55791211128234863 0.75247448682785034 0.46750640869140625 -0.074882127344608307 0.039763692766427994 23.675710678100586 0.044158238917589188 6.0773691075155511e-06 2.4717414248698333e-07 0.0014913397608324885 -9.0129937291294482e-08 -1.1133933774942761e-09 39 28.386310577392578 0.89522260427474976 0.35385984182357788
SN: 1335818 10 0 C3 3 0 52.58305 -28.470994999999998 0.62317001819610596 0.0010000000474974513 0.62253397703170776 0.0010000000474974513 0.62253403663635254 0.0019068639958277345 0 300 0 0 0.0077684731222689152 1 1 41394 -9 -9 0.62319999933242798 0.0010000000474974513 52.58352 -28.471077000000001 1.5149999856948853 1.3500000238418579 -9 11.215000152587891 0.0080000003799796104 -9999 -9999 1.562999963760376 0.15299999713897705 -9.6510000228881836 0.15610893070697784 1.1599999666213989 -999 23.129999160766602 21.799999237060547 20.969999313354492 20.579999923706055 0.0099999997764825821 0 0 0 8 32.259998321533203 62.520000457763672 85.709999084472656 25.242275238037109 23.728340148925781 23.009952545166016 22.667421340942383 57355.25 25.784761428833008 20.710977554321289 19.450544357299805 59.093433380126953 riz 0 57349.109375 0.45308712124824524 0.16352498531341553 0.38106662034988403 0.13720844686031342 0.036739103496074677 23.631284713745117 0.036982502788305283 6.3312054408015683e-06 2.1565443830695585e-07 0.00093943095998838544 -5.3125852161883813e-08 -3.8088363574217965e-09 34 25.210178375244141 0.86256051063537598 0.4605981707572937
SN: 1336002 10 1 E1 3 0 7.7699610000000003 -43.090693999999999 0.39599999785423279 0.0010000000474974513 0.39496499300003052 0.0010000000474974513 0.39496493339538574 0.0017171268118545413 0 300 0 0 0.0054129241034388542 1 1 41403 -9 -9 0.39599999785423279 0.0010000000474974513 7.7700399999999998 -43.090651999999999 0.25600001215934753 0.75300002098083496 -9 7.5019998550415039 0.17499999701976776 -9999 -9999 -0.76999998092651367 1.3910000324249268 -8.2530002593994141 1.5400655269622803 -0.19099999964237213 -999 26.090000152587891 25.409999847412109 25.329999923706055 25.579999923706055 0.14000000059604645 0.090000003576278687 0.11999999731779099 0.2199999988079071 0.73000001907348633 0.99000000953674316 1.2000000476837158 0.77999997138977051 27.5 27.5 27.302047729492188 27.5 57355.14453125 34.278671264648438 30.288225173950195 23.339216232299805 94.828605651855469 riz 0 57353.6015625 0.26623004674911499 0.66287237405776978 0.25775474309921265 0.13189871609210968 0.029815904796123505 21.944269180297852 0.038016881793737411 2.994278293044772e-05 1.0484418453415856e-06 0.0017057619988918304 -1.4346336740800325e-07 -2.6153969656661502e-08 31 49.598735809326172 0.018374195322394371 0.49206218123435974
SN: 1346966 10 101 C2 3 0 55.340693999999999 -29.149339999999999 0.33557999134063721 0.0010000000474974513 0.33512601256370544 0.0010000000474974513 0.33512604236602783 0.0016688142204657197 0 300 0 0 0.011754143051803112 1 3 45548 -9 -9 0.33559998869895935 0.0010000000474974513 55.340591000000003 -29.149699999999999 1.3350000381469727 1.6840000152587891 -1.6930083036422729 9.5010004043579102 0.017999999225139618 -9999 -9999 1.1859999895095825 0.18299999833106995 -8.3030004501342773 0.18690371513366699 0.31700000166893005 -999 22.219999313354492 21.510000228881836 21.350000381469727 21.100000381469727 0 0 0 0 18.159999847412109 34.290000915527344 44.409999847412109 52.169998168945312 24.352210998535156 23.662080764770508 23.381298065185547 23.206447601318359 57408.08203125 74.8787841796875 67.346260070800781 45.363143920898438 126.64998626708984 griz 0 57407.43359375 0.38727033138275146 0.80376553535461426 0.3600124716758728 -0.08218538761138916 0.02076583169400692 21.474445343017578 0.027399025857448578 4.6155309973983094e-05 1.1647493920463603e-06 0.0030392853077501059 -2.2948151467971911e-07 -1.2457770814933156e-08 12 5.1317815780639648 0.95343178510665894 0.38318589329719543
SN: 1339909 10 0 X1 3 0 33.788891 -4.9777570000000004 0.75300002098083496 0.0010000000474974513 0.75152701139450073 0.0010000000474974513 0.75152707099914551 0.0020179052371531725 0 300 0 0 0.017426535487174988 1 1 43722 -9 -9 0.75300002098083496 0.0010000000474974513 33.788722 -4.9777389999999997 0.60900002717971802 0.54100000858306885 -9 10.836999893188477 0.046999998390674591 -9999 -9999 1.2589999437332153 0.84200000762939453 -9.5659999847412109 0.84915488958358765 1.0950000286102295 -999 24.590000152587891 23.219999313354492 22.149999618530273 21.649999618530273 0.039999999105930328 0.0099999997764825821 0.0099999997764825821 0.0099999997764825821 2.8900001049041748 10.760000228881836 28.770000457763672 48.040000915527344 26.347755432128906 24.920469284057617 23.852649688720703 23.295993804931641 57365.05859375 7.1787576675415039 6.8432855606079102 5.651674747467041 16.327091217041016 riz 0 57369.28125 1.512941837310791 -2.1503767967224121 0.77655386924743652 -0.20278793573379517 0.1136033833026886 23.932714462280273 0.081629373133182526 4.7963908400561195e-06 3.6060913544133655e-07 0.0013457530876621604 -9.0435037236602511e-09 7.4103532199387701e-09 23 30.732721328735352 0.12950220704078674 0.98524755239486694
SN: 1341370 10 1 E2 3 0 8.9639050000000005 -44.676696999999997 0.40999999642372131 0.0010000000474974513 0.4089989960193634 0.0010000000474974513 0.40899896621704102 0.0017285624053329229 0 300 0 0 0.0087037244811654091 2 2 -15547 -9 -9 0.40999999642372131 0.0010000000474974513 8.9636270000000007 -44.676937000000002 1.1189999580383301 1.8159999847412109 -0.57773333787918091 8.6979999542236328 0.054999999701976776 -9999 -9999 -0.74099999666213989 0.19300000369548798 -9.4770002365112305 0.3222002387046814 0.37799999117851257 -999 25.25 24.049999237060547 23.819999694824219 23.620000839233398 0.05000000074505806 0.019999999552965164 0.029999999329447746 0.029999999329447746 1.440000057220459 3.7300000190734863 4.3499999046325684 5.119999885559082 27.104093551635742 26.070728302001953 25.903776168823242 25.726825714111328 57373.0390625 25.468812942504883 18.696094512939453 12.592896461486816 59.444015502929688 riz 0 57376.390625 0.48710757493972778 1.0388141870498657 0.67269599437713623 0.022233763709664345 0.05062248557806015 22.393798828125 0.070312917232513428 1.9791581507888623e-05 1.2817145034205168e-06 0.015751369297504425 -6.7267416170579963e-07 -5.2162857144821828e-08 16 14.292193412780762 0.57695597410202026 0.35411375761032104
SN: 1330559 10 0 C1 3 0 54.030827000000002 -27.083210000000001 0.68194001913070679 0.0010000000474974513 0.68130797147750854 0.0010000000474974513 0.68130803108215332 0.0019571841694414616 0 300 0 0 0.0084898313507437706 1 1 39251 -9 -9 0.6819000244140625 0.0010000000474974513 54.030830000000002 -27.083224999999999 0.056000001728534698 0.090000003576278687 -9 10.734999656677246 0.083999998867511749 -9999 -9999 -2.6770000457763672 7.3229999542236328 -13.439999580383301 7.3276853561401367 1.5549999475479126 -999 25.209999084472656 23.309999465942383 22.170000076293945 21.670000076293945 0.05000000074505806 0.0099999997764825821 0.0099999997764825821 0.0099999997764825821 1.809999942779541 9.7600002288818359 28.319999694824219 44.110000610351562 26.855804443359375 25.026374816894531 23.869766235351562 23.388656616210938 57297.1875 8.0033540725708008 5.5571293830871582 3.1231884956359863 21.470891952514648 riz 0 57291.20703125 0.84722054004669189 0.013505161739885807 0.89859998226165771 -0.24798540771007538 0.087208598852157593 23.568532943725586 0.10495355725288391 6.7079054133500904e-06 6.4842504343687324e-07 0.027695307508111 -4.8913841510511702e-07 -1.4715809015797277e-08 52 58.267185211181641 0.25582766532897949 0.82663029432296753
SN: 1306423 10 0 S1 3 0 43.188110000000002 -0.88616899999999998 0.44738999009132385 0.0010000000474974513 0.44637900590896606 0.0010000000474974513 0.44637894630432129 0.0017592055955901742 0 300 0 0 0.056074783205986023 1 2 -8693 -9 -9 0.44740000367164612 0.0010000000474974513 43.187899999999999 -0.88620100000000002 0.76599997282028198 0.80199998617172241 -3.4074220657348633 9.8479995727539062 0.013000000268220901 -9999 -9999 1.4470000267028809 0.26399999856948853 -8.3489999771118164 0.26701310276985168 0.29600000381469727 -999 23.170000076293945 22.159999847412109 21.850000381469727 21.569999694824219 0.0099999997764825821 0.0099999997764825821 0.0099999997764825821 0.0099999997764825821 9.3000001907348633 23.309999465942383 30.010000228881836 33.630001068115234 25.078792572021484 24.081144332885742 23.806835174560547 23.683183670043945 57276.3828125 16.062885284423828 14.891229629516602 11.796750068664551 34.205978393554688 riz 0 57278.3359375 1.1075035333633423 -1.9993405342102051 0.57334017753601074 -0.0095401834696531296 0.069841966032981873 22.669662475585938 0.0836801677942276 1.5350949979620054e-05 1.1831327810796211e-06 0.0043066428042948246 -1.7680491737337434e-07 -5.0194284284543755e-08 39 56.209602355957031 0.036576259881258011 0.66720515489578247
SN: 1306991 10 101 E1 3 0 8.4681440000000006 -42.094757000000001 0.42305999994277954 0.0010000000474974513 0.42198899388313293 0.0010000000474974513 0.42198896408081055 0.0017391813453286886 0 300 0 0 0.010175777599215508 1 1 7697 -9 -9 0.42309999465942383 0.0010000000474974513 8.4680820000000008 -42.094689000000002 0.29499998688697815 0.2460000067949295 -9 10.951999664306641 0.028999999165534973 -9999 -9999 0.86400002241134644 10.86400032043457 -10.08899974822998 10.864316940307617 1.4720000028610229 -999 22.510000228881836 20.629999160766602 20.020000457763672 19.590000152587891 0.0099999997764825821 0 0 0 23.489999771118164 125.29000091552734 223.69999694824219 298.8599853515625 24.072792053222656 22.255208969116211 21.625835418701172 21.311330795288086 57290.05078125 12.048344612121582 9.0667591094970703 6.139317512512207 33.622230529785156 riz 0 57288.35546875 0.51216542720794678 -0.3634478747844696 0.49548643827438354 -0.078423738479614258 0.063456252217292786 22.113346099853516 0.085068054497241974 2.5624869522289373e-05 2.0077231965842657e-06 0.0088659385219216347 -6.9560996962536592e-07 -1.0011468987158878e-07 41 57.099411010742188 0.048578664660453796 0.28812083601951599
SN: 1338718 10 0 S1 3 0 42.673164 -0.31985200000000003 0.73429000377655029 0.0010000000474974513 0.73306000232696533 0.0010000000474974513 0.73306000232696533 0.0020018755458295345 0 300 0 0 0.052135869860649109 1 1 42954 -9 -9 0.73430001735687256 0.0010000000474974513 42.67315 -0.31983800000000001 0.070000000298023224 0.093000002205371857 -9 10.784999847412109 0.075999997556209564 -9999 -9999 -1.690000057220459 8.3100004196166992 -12.467000007629395 8.3102312088012695 1.5460000038146973 -999 25.090000152587891 23.180000305175781 21.959999084472656 21.440000534057617 0.059999998658895493 0.0099999997764825821 0.0099999997764825821 0.0099999997764825821 2.2100000381469727 11.510000228881836 33.900001525878906 58.180000305175781 26.639019012451172 24.847311019897461 23.67449951171875 23.088066101074219 57365.12890625 13.462591171264648 12.014040946960449 8.5560932159423828 24.919876098632812 riz 0 57364.8359375 1.4981744289398193 0.58763033151626587 0.98625898361206055 -0.12093248218297958 0.076939582824707031 23.609685897827148 0.058511987328529358 6.4584100982756354e-06 3.4805361792678013e-07 0.025633318349719048 -1.6673044456183561e-07 1.3706295820536951e-10 16 13.198424339294434 0.65819799900054932 0.44817852973937988
SN: 1344355 10 0 S2 3 0 40.956406000000001 -0.93559300000000001 0.24539999663829803 0.0010000000474974513 0.24448199570178986 0.0010000000474974513 0.24448204040527344 0.0015971233369782567 0 300 0 0 0.026205256581306458 1 1 44914 -9 -9 0.24539999663829803 0.0010000000474974513 40.955866999999998 -0.93595099999999998 2.3299999237060547 3.0309998989105225 -9 9.1689996719360352 0.018999999389052391 -9999 -9999 0.80800002813339233 0.5350000262260437 -8.3439998626708984 0.53792285919189453 0.44100001454353333 -999 22.459999084472656 21.790000915527344 21.530000686645508 21.450000762939453 0.0099999997764825821 0 0 0.0099999997764825821 1.2899999618530273 2.9300000667572021 3.1400001049041748 2.6500000953674316 27.223526000976562 26.332830429077148 26.257675170898438 26.441884994506836 57396.09765625 63.365875244140625 53.144660949707031 41.42486572265625 155.24623107910156 griz 0 57394.96875 0.42930230498313904 0.45088949799537659 0.5383305549621582 0.066407531499862671 0.019128011539578438 21.295530319213867 0.024384729564189911 5.442368274088949e-05 1.2223105159137049e-06 0.0044661550782620907 -3.3348158012813656e-07 -1.7917159311764408e-08 12 18.224639892578125 0.10903798043727875 0.2675604522228241
SN: 1330533 10 0 C1 3 0 53.947941 -27.633751 0.36495000123977661 0.0010000000474974513 0.36443999409675598 0.0010000000474974513 0.36443996429443359 0.0016923891380429268 0 300 0 0 0.010081791318953037 1 3 39238 -9 -9 0.36500000953674316 0.0010000000474974513 53.947861000000003 -27.633768 0.26100000739097595 0.28499999642372131 -4.300203800201416 10.189000129699707 0.043999999761581421 -9999 -9999 0.22300000488758087 9.4449996948242188 -9.9469995498657227 9.4451541900634766 1.2960000038146973 -999 23.159999847412109 21.629999160766602 21.090000152587891 20.780000686645508 0.0099999997764825821 0 0 0 11.970000267028809 49.389999389648438 77.75 101.44999694824219 24.804763793945312 23.265903472900391 22.773248672485352 22.484369277954102 57303.15234375 24.399059295654297 18.672813415527344 18.003652572631836 62.633270263671875 griz 0 57302.3046875 0.58509570360183716 -1.0626919269561768 0.33991801738739014 -0.0097644682973623276 0.024479662999510765 22.294431686401367 0.03355962410569191 2.1688405468012206e-05 6.7037899498245679e-07 0.0017071214970201254 -8.0871949137417687e-08 -9.2460510359160253e-09 57 57.407634735107422 0.45995709300041199 0.3557228147983551
SN: 1289600 10 101 C3 3 0 52.047657000000001 -27.862852 0.42019000649452209 0.0010000000474974513 0.4196150004863739 0.0010000000474974513 0.41961503028869629 0.0017372381407767534 0 300 0 0 0.0080570830032229424 1 3 4482 -9 -9 0.42019999027252197 0.0010000000474974513 52.047854000000001 -27.862895999999999 0.64600002765655518 0.68599998950958252 -3.4760596752166748 9.4510002136230469 0.004999999888241291 -9999 -9999 1.2599999904632568 0.092000000178813934 -8.1979999542236328 0.096166521310806274 0.20800000429153442 -999 23.069999694824219 22.209999084472656 21.950000762939453 21.709999084472656 0 0 0 0 13.039999961853027 30.350000381469727 36.529998779296875 43.090000152587891 24.71180534362793 23.79460334777832 23.593376159667969 23.414058685302734 57288.31640625 51.961818695068359 49.117256164550781 35.675537109375 140.50485229492188 riz 0 57283.03125 0.38790029287338257 1.2734496593475342 0.23157250881195068 0.075127854943275452 0.026370156556367874 22.662086486816406 0.028968052938580513 1.5458441339433193e-05 4.1243993109674193e-07 -8.5085288446862251e-05 -2.9894444253386609e-08 -8.5717504205717887e-09 37 15.478835105895996 0.99929410219192505 0.49284809827804565
SN: 1338471 10 1 S2 3 0 41.291645000000003 -1.564907 0.53228002786636353 0.0010000000474974513 0.53116202354431152 0.0010000000474974513 0.53116202354431152 0.0018296410562470555 0 300 0 0 0.028080224990844727 1 1 -15467 -9 -9 0.53229999542236328 0.0010000000474974513 41.291857999999998 -1.564883 0.77300000190734863 0.67199999094009399 -9 10.267000198364258 0.016000000759959221 -9999 -9999 0.64300000667572021 0.45100000500679016 -9.6230001449584961 0.45719361305236816 0.81599998474121094 -999 23.809999465942383 22.459999084472656 21.940000534057617 21.590000152587891 0.019999999552965164 0.0099999997764825821 0.0099999997764825821 0.0099999997764825821 6.4200000762939453 23.370000839233398 36.869998931884766 48.869998931884766 25.481163024902344 24.078353881835938 23.583316802978516 23.277393341064453 57355.2109375 10.232671737670898 9.9517068862915039 7.1980500221252441 24.917074203491211 riz 0 57350.33984375 0.81540179252624512 -1.4549877643585205 0.67913687229156494 -0.13807393610477448 0.08495822548866272 23.132627487182617 0.087517984211444855 1.0021879461419303e-05 8.0783405564943678e-07 0.014996948651969433 -3.4963036910085066e-07 -4.269204012530281e-08 26 15.611682891845703 0.94509744644165039 0.66861635446548462
SN: 1330995 10 0 X2 3 0 35.646163999999999 -6.961792 0.71964997053146362 0.0010000000474974513 0.7182689905166626 0.0010000000474974513 0.7182689905166626 0.0019890675321221352 0 300 0 0 0.023945551365613937 1 1 39552 -9 -9 0.71960002183914185 0.0010000000474974513 35.646132999999999 -6.961659 0.49099999666213989 0.72000002861022949 -9 10.354999542236328 0.057000000029802322 -9999 -9999 -1.2549999952316284 8.744999885559082 -11.602999687194824 8.7471294403076172 1.4040000438690186 -999 25.909999847412109 23.889999389648438 22.809999465942383 22.319999694824219 0.10999999940395355 0.019999999552965164 0.0099999997764825821 0.0099999997764825821 0.75 5.940000057220459 16.450000762939453 24.090000152587891 27.5 25.565534591674805 24.459585189819336 24.045408248901367 57311.28515625 11.808152198791504 8.8973379135131836 7.8327760696411133 26.0650634765625 riz 0 57307.5234375 1.684765100479126 1.4916563034057617 0.97570538520812988 0.0089680217206478119 0.073649957776069641 23.544122695922852 0.062862478196620941 6.8604272200900596e-06 3.972083391090564e-07 0.014835347421467304 -2.1139709360795678e-07 -9.9663557406870495e-09 48 50.559734344482422 0.37275731563568115 0.49811655282974243
SN: 1334686 10 0 X2 3 0 35.011519999999997 -6.3006549999999999 0.66039997339248657 0.0010000000474974513 0.65904498100280762 0.0010000000474974513 0.65904498100280762 0.0019380670273676515 0 300 0 0 0.023568039759993553 1 1 41209 -9 -9 0.66039997339248657 0.0010000000474974513 35.011574000000003 -6.3006149999999996 0.24099999666213989 0.31200000643730164 -9 10.822999954223633 0.048000000417232513 -9999 -9999 0.13699999451637268 10.13700008392334 -10.656000137329102 10.138326644897461 1.3569999933242798 -999 24.540000915527344 22.889999389648438 21.809999465942383 21.360000610351562 0.039999999105930328 0.0099999997764825821 0 0 3.6800000667572021 16.799999237060547 44.400001525878906 67.389999389648438 26.085380554199219 24.436727523803711 23.381542205810547 22.928512573242188 57339.15625 9.8863945007324219 6.2710442543029785 6.2246742248535156 24.776632308959961 riz 0 57334.4765625 1.0290787220001221 -0.43054831027984619 0.68583452701568604 -0.043887831270694733 0.076806239783763885 23.352739334106445 0.065629243850708008 8.1828447946463712e-06 4.9462653350929031e-07 0.0044074920006096363 -2.1051998544407979e-07 -1.2786138370302069e-08 37 24.854328155517578 0.93637937307357788 0.204935222864151
SN: 1333248 10 0 S2 3 0 41.475960000000001 -0.84053699999999998 0.69519001245498657 0.0010000000474974513 0.69395500421524048 0.0010000000474974513 0.6939549446105957 0.0019680734258145094 0 300 0 0 0.025632744655013084 1 1 40167 -9 -9 0.69520002603530884 0.0010000000474974513 41.476106000000001 -0.84066600000000002 0.69999998807907104 0.80500000715255737 -9 10.175000190734863 0.02500000037252903 -9999 -9999 1.9819999933242798 0.335999995470047 -8.1979999542236328 0.3379230797290802 0.3059999942779541 -999 23.170000076293945 22.25 21.719999313354492 21.5 0.0099999997764825821 0.0099999997764825821 0 0.0099999997764825821 13.369999885559082 29.870000839233398 49.299999237060547 58.860000610351562 24.684671401977539 23.811912536621094 23.26788330078125 23.075448989868164 57329.17578125 9.2672061920166016 7.3932771682739258 5.7001800537109375 24.856351852416992 riz 0 57325.515625 0.8907008171081543 -0.43526536226272583 0.72744655609130859 -0.16910471022129059 0.070993080735206604 23.189018249511719 0.072819560766220093 9.5146460807882249e-06 6.3814059103606269e-07 0.0073713003657758236 -3.3563722467988555e-07 -6.5968293050389093e-09 41 47.236686706542969 0.23286993801593781 0.58205533027648926
SN: 1346628 10 0 C3 3 0 51.978484999999999 -28.053094999999999 0.53253000974655151 0.0010000000474974513 0.53190898895263672 0.0010000000474974513 0.53190898895263672 0.001830267021432519 0 300 0 0 0.0084188394248485565 1 2 45088 -9 -9 0.53250002861022949 0.0010000000474974513 51.978430000000003 -28.053235999999998 0.53600001335144043 0.38999998569488525 -3.6964888572692871 11.036999702453613 0.017000000923871994 -9999 -9999 1.0640000104904175 0.35199999809265137 -10.13700008392334 0.39046767354011536 1.1599999666213989 -999 22.569999694824219 21.120000839233398 20.370000839233398 20.090000152587891 0 0 0 0 22.75 88.269996643066406 158.25999450683594 219 24.107545852661133 22.635467529296875 22.001571655273438 21.648889541625977 57401.07421875 33.727664947509766 22.462339401245117 16.888328552246094 63.488506317138672 riz 0 57396.37890625 0.52429878711700439 -0.68673086166381836 0.64832234382629395 0.086704418063163757 0.038546983152627945 23.256961822509766 0.038889463990926743 8.9374862000113353e-06 3.2012752626542351e-07 0.010969140566885471 -1.839307799400558e-07 -9.1716190198098957e-09 14 6.747098445892334 0.94402164220809937 0.36868607997894287
SN: 1330350 10 0 C3 3 0 52.063938 -27.787806 0.76374000310897827 0.0010000000474974513 0.76302498579025269 0.0010000000474974513 0.76302504539489746 0.0020279067102819681 0 300 0 0 0.0077985227108001709 1 1 39436 -9 -9 0.76370000839233398 0.0010000000474974513 52.064051999999997 -27.787921000000001 0.55000001192092896 0.70399999618530273 -9 10.989999771118164 0.0040000001899898052 -9999 -9999 0.57300001382827759 0.094999998807907104 -10.420999526977539 0.10878419131040573 1.6410000324249268 -999 25.399999618530273 23.790000915527344 22.670000076293945 22.100000381469727 0.039999999105930328 0.0099999997764825821 0 0.0099999997764825821 1.809999942779541 7.1999998092651367 19.899999618530273 30.989999771118164 26.855804443359375 25.356668472290039 24.252866744995117 23.771945953369141 57311.234375 24.525028228759766 19.280782699584961 13.384989738464355 47.627006530761719 riz 0 57314.70703125 0.62729203701019287 -0.20611429214477539 0.46754792332649231 0.042109526693820953 0.044745501130819321 24.034048080444336 0.041940983384847641 4.3689901758625638e-06 1.6877004327398026e-07 0.0036812813486903906 -5.4702759655356203e-08 -1.3669760878798343e-09 45 32.011329650878906 0.92738044261932373 0.15627764165401459
SN: 1282463 10 0 S1 3 0 42.090415999999998 0.176069 0.64803999662399292 0.0010000000474974513 0.64685201644897461 0.0010000000474974513 0.64685201644897461 0.0019276258535683155 0 300 0 0 0.041437849402427673 1 1 11031 -9 -9 0.64800000190734863 0.0010000000474974513 42.090412000000001 0.176036 0.11900000274181366 0.12099999934434891 -9 11.038999557495117 0.061999998986721039 -9999 -9999 -0.5130000114440918 9.4870004653930664 -11.49899959564209 9.4873208999633789 1.2879999876022339 -999 24.010000228881836 22.180000305175781 21.120000839233398 20.649999618530273 0.019999999552965164 0.0099999997764825821 0 0 5.0900001525878906 30.930000305175781 79.080001831054688 120.72000122070312 25.733205795288086 23.774049758911133 22.754833221435547 22.295551300048828 57276.38671875 11.685188293457031 7.3339328765869141 6.3249111175537109 24.491609573364258 riz 0 57266.87109375 0.76179718971252441 -0.10310496389865875 0.79222112894058228 -0.061275236308574677 0.077929429709911346 23.249885559082031 0.092791609466075897 8.9959294200525619e-06 7.6883020483364817e-07 0.015049416571855545 -4.956583552484517e-07 -1.9213659996353272e-08 46 36.874221801757812 0.82945507764816284 0.20712210237979889
SN: 1335564 10 1 X2 3 0 35.128132000000001 -6.4464709999999998 0.60750001668930054 0.0010000000474974513 0.60619199275970459 0.0010000000474974513 0.60619199275970459 0.001892959582619369 0 300 0 0 0.023481028154492378 1 1 41224 -9 -9 0.60750001668930054 0.0010000000474974513 35.128168000000002 -6.4465389999999996 0.27599999308586121 0.45699998736381531 -9 9.4829998016357422 0.061999998986721039 -9999 -9999 1.0880000591278076 1.2259999513626099 -8.3439998626708984 1.2293726205825806 0.47600001096725464 -999 24.770000457763672 23.659999847412109 23.200000762939453 22.909999847412109 0.039999999105930328 0.019999999552965164 0.019999999552965164 0.019999999552965164 2.2100000381469727 6.3899998664855957 11.800000190734863 13.170000076293945 26.639019012451172 25.486248016357422 24.820295333862305 24.701034545898438 57339.15234375 13.741156578063965 10.548640251159668 7.3124747276306152 33.3458251953125 riz 0 57343.0859375 0.71439790725708008 0.47131752967834473 0.58156681060791016 -0.11344508081674576 0.060958139598369598 23.18867301940918 0.060958933085203171 9.5176756076398306e-06 5.3437230462805019e-07 0.0088836271315813065 -2.3630256862361421e-07 -1.2773439195257197e-08 34 40.070720672607422 0.21879936754703522 0.40948730707168579
SN: 1334448 10 101 X1 3 0 34.489562999999997 -4.8624340000000004 0.51811999082565308 0.0010000000474974513 0.51686000823974609 0.0010000000474974513 0.51686000823974609 0.0018176729790866375 0 300 0 0 0.017524212598800659 1 2 41006 -9 -9 0.51810002326965332 0.0010000000474974513 34.489586000000003 -4.8624790000000004 0.18000000715255737 0.23600000143051147 -4.6113753318786621 10.784999847412109 0.029999999329447746 -9999 -9999 -0.61400002241134644 6.625999927520752 -11.371000289916992 6.6261205673217773 1.6649999618530273 -999 23.729999542236328 21.809999465942383 20.909999847412109 20.479999542236328 0.019999999552965164 0 0 0 7 39.400001525878906 85.449996948242188 131.80999755859375 25.38725471496582 23.511259078979492 22.670719146728516 22.200128555297852 57329.05859375 11.681648254394531 7.1854991912841797 4.7918214797973633 23.926155090332031 riz 0 57330.93359375 0.85554230213165283 -2.7632036209106445 0.63786691427230835 -0.034177638590335846 0.089030176401138306 22.965557098388672 0.082331918179988861 1.1689000530168414e-05 8.8638279294173117e-07 0.0026218765415251255 -2.4307624357788882e-07 -4.8285574649753471e-08 35 21.932382583618164 0.95831573009490967 0.92808681726455688
SN: 1336942 10 0 C3 3 0 52.795017000000001 -27.852772000000002 1.0266100168228149 0.0010000000474974513 1.0258150100708008 0.0010000000474974513 1.0258150100708008 0.0022603990510106087 0 300 0 0 0.00727845449000597 1 1 42009 -9 -9 1.0266000032424927 0.0010000000474974513 52.795077999999997 -27.852734999999999 0.23399999737739563 0.29199999570846558 -9 10.72700023651123 0.097999997437000275 -9999 -9999 0.16899999976158142 0.29899999499320984 -10.626999855041504 0.35751503705978394 1.0149999856948853 -999 25.360000610351562 23.840000152587891 22.709999084472656 21.889999389648438 0.039999999105930328 0.0099999997764825821 0 0 1.75 7.190000057220459 19.889999389648438 38.720001220703125 26.892404556274414 25.358177185058594 24.253414154052734 23.530160903930664 57339.2109375 10.020895004272461 5.6677279472351074 -99 21.233879089355469 iz 0 57340.16015625 1.1006677150726318 -2.3910171985626221 0.63019752502441406 -0.082216173410415649 0.1671677827835083 24.737146377563477 0.080906771123409271 2.2863418962515425e-06 1.7037336874636821e-07 0.020918382331728935 -4.9001812385540688e-08 9.8837302786591863e-09 29 12.996789932250977 0.99539387226104736 0.84280699491500854
SN: 1339276 10 0 X3 3 0 36.668464999999998 -5.1130269999999998 0.96518999338150024 0.0010000000474974513 0.96362900733947754 0.0010000000474974513 0.96362900733947754 0.0022047641687095165 0 300 0 0 0.024726394563913345 1 4 42636 -9 -9 0.96520000696182251 0.0010000000474974513 36.668463000000003 -5.1129530000000001 0.26600000262260437 0.43399998545646667 -3.9126482009887695 9.6669998168945312 0.02500000037252903 -9999 -9999 0.77499997615814209 0.027000000700354576 -8.8950004577636719 0.23555253446102142 -0.11599999666213989 -999 23.739999771118164 23.569999694824219 22.950000762939453 22.729999542236328 0.0099999997764825821 0.0099999997764825821 0.0099999997764825821 0.0099999997764825821 6.630000114440918 8.1099996566772461 14.140000343322754 16.590000152587891 25.446216583251953 25.227447509765625 24.623876571655273 24.450384140014648 57373.07421875 19.670217514038086 11.437197685241699 -99 35.355697631835938 iz 0 57372.2265625 0.97056806087493896 0.43553704023361206 0.6354680061340332 0.093361631035804749 0.10361673682928085 24.186941146850586 0.051694806665182114 3.7951058402541094e-06 1.806951530625156e-07 0.0075964080169796944 -7.7641288953600451e-08 1.0544561890313275e-09 11 4.2435507774353027 0.96224331855773926 0.34340319037437439
SN: 1343871 10 1 S1 3 0 43.502541000000001 -0.37026900000000001 0.63899999856948853 0.0010000000474974513 0.63786101341247559 0.0010000000474974513 0.63786101341247559 0.0019199398811906576 0 300 0 0 0.055462662130594254 1 1 44512 -9 -9 0.63899999856948853 0.0010000000474974513 43.502667000000002 -0.37038700000000002 0.62099999189376831 1.1809999942779541 -9 9.0139999389648438 0.096000000834465027 -9999 -9999 -0.22699999809265137 0.13500000536441803 -9.2349996566772461 0.41554060578346252 0.20100000500679016 -999 25.159999847412109 24.469999313354492 24.040000915527344 23.879999160766602 0.059999998658895493 0.039999999105930328 0.039999999105930328 0.05000000074505806 2.0199999809265137 3.6600000858306885 5.4699997901916504 5.9800000190734863 26.736621856689453 26.091297149658203 25.655031204223633 25.558246612548828 57385.078125 20.206792831420898 12.695098876953125 10.105344772338867 36.509433746337891 riz 0 57390.76171875 1.126727819442749 0.87161856889724731 0.92206013202667236 -0.1691460907459259 0.058566242456436157 23.185968399047852 0.053472641855478287 9.5414170573349111e-06 4.6991596036605188e-07 0.01829846203327179 -3.1985783266463841e-07 -9.0511171890739206e-09 11 8.6899547576904297 0.65048640966415405 0.63427639007568359
SN: 1330828 10 0 S2 3 0 40.827564000000002 -0.14532200000000001 0.36807000637054443 0.0010000000474974513 0.36705499887466431 0.0010000000474974513 0.36705493927001953 0.0016945009119808674 0 300 0 0 0.02542070671916008 1 2 39342 -9 -9 0.36809998750686646 0.0010000000474974513 40.827672 -0.14532200000000001 0.38899999856948853 0.37900000810623169 -3.8358933925628662 10.395000457763672 0.014000000432133675 -9999 -9999 1.0859999656677246 0.48399999737739563 -9.2740001678466797 0.48402583599090576 0.86900001764297485 -999 22.229999542236328 21.059999465942383 20.649999618530273 20.270000457763672 0.0099999997764825821 0 0 0 31.399999618530273 93.25 132.08999633789062 182.88999938964844 23.757675170898438 22.575878143310547 22.197826385498047 21.844524383544922 57315.2109375 28.665740966796875 26.195749282836914 22.981876373291016 75.987449645996094 griz 0 57308.46484375 0.49659708142280579 1.289049506187439 0.35515058040618896 -0.044565685093402863 0.02137775719165802 21.879491806030273 0.026958329603075981 3.1783605663804337e-05 7.8917230439401465e-07 0.0016827379586175084 -1.4959680072479387e-07 -8.0038367045176528e-09 48 46.098381042480469 0.55107289552688599 0.45463767647743225
SN: 1337267 10 0 X1 3 0 34.171314000000002 -4.7970090000000001 0.45438998937606812 0.0010000000474974513 0.45317599177360535 0.0010000000474974513 0.45317602157592773 0.0017648056382313371 0 300 0 0 0.016419375315308571 1 2 -14341 -9 -9 0.45440000295639038 0.0010000000474974513 34.171280000000003 -4.7970930000000003 0.32800000905990601 0.45500001311302185 -3.6680874824523926 9.2690000534057617 0.017000000923871994 -9999 -9999 1.128000020980835 0.3970000147819519 -8.1339998245239258 0.40001249313354492 0.041000001132488251 -999 23.020000457763672 22.290000915527344 22.059999465942383 21.920000076293945 0.0099999997764825821 0.0099999997764825821 0.0099999997764825821 0.0099999997764825821 12.390000343322754 25.690000534057617 32.680000305175781 36.819999694824219 24.767322540283203 23.975589752197266 23.71429443359375 23.58479118347168 57355.16015625 9.3528404235839844 8.6511058807373047 6.9778800010681152 24.812553405761719 riz 0 57352.76953125 0.748893141746521 -0.98224961757659912 0.86381798982620239 0.061881508678197861 0.083517491817474365 22.813966751098633 0.098728515207767487 1.3440430848277174e-05 1.2221696579217678e-06 0.016519194468855858 -6.1066504031259683e-07 -7.7879583670892316e-08 23 9.8868322372436523 0.99195480346679688 0.38697493076324463
SN: 1277995 10 0 C3 3 0 53.256614999999996 -28.226488 0.72264999151229858 0.0010000000474974513 0.72199201583862305 0.0010000000474974513 0.72199201583862305 0.0019922887440770864 0 300 0 0 0.0065473685972392559 1 1 -4369 -9 -9 0.72259998321533203 0.0010000000474974513 53.256647000000001 -28.226552999999999 0.25499999523162842 0.33100000023841858 -9 10.593000411987305 0.032000001519918442 -9999 -9999 0.48199999332427979 0.33000001311302185 -10.065999984741211 0.33734256029129028 1.1469999551773071 -999 24.899999618530273 23.389999389648438 22.420000076293945 21.969999313354492 0.019999999552965164 0.0099999997764825821 0 0 2.7799999713897705 10.680000305175781 26.450000762939453 37.549999237060547 26.389888763427734 24.928571701049805 23.943935394287109 23.563474655151367 57250.3046875 21.124444961547852 13.732436180114746 13.488190650939941 37.166084289550781 riz 0 57245.62109375 0.14311857521533966 -1.2668684720993042 0.67321789264678955 -0.07947896420955658 0.065228968858718872 23.534702301025391 0.1431584358215332 6.9202037593640853e-06 9.1245510702719912e-07 0.00075966923031955957 -1.0444894371630653e-07 -6.5181288144700034e-10 29 18.282499313354492 0.93831127882003784 0.49851402640342712
SN: 1302117 10 1 E1 3 0 8.3493379999999995 -42.571308000000002 0.49349001049995422 0.0010000000474974513 0.49237599968910217 0.0010000000474974513 0.49237596988677979 0.0017972642090171576 0 300 0 0 0.0075643677264451981 1 1 7220 -9 -9 0.4934999942779541 0.0010000000474974513 8.3495120000000007 -42.571283999999999 0.4699999988079071 0.60100001096725464 -9 10.454000473022461 0.032999999821186066 -9999 -9999 0.26100000739097595 10.26099967956543 -10.208000183105469 10.261568069458008 1.4129999876022339 -999 23.879999160766602 22.120000839233398 21.409999847412109 20.969999313354492 0.019999999552965164 0 0 0 5.630000114440918 31.159999847412109 58.599998474121094 83.879997253417969 25.623729705810547 23.766006469726562 23.080255508422852 22.690853118896484 57277.0859375 14.759550094604492 7.1522955894470215 5.6992311477661133 27.128780364990234 riz 0 57275.6953125 0.93478047847747803 -0.66813826560974121 0.62137508392333984 -0.053006242960691452 0.07282460480928421 22.862331390380859 0.06342422217130661 1.2854856322519481e-05 7.5092759743711213e-07 -0.00036518368870019913 -1.7204779112489632e-07 -3.2771819036270244e-08 45 39.063549041748047 0.72054415941238403 0.28428757190704346
SN: 1336244 10 0 E1 3 0 7.4319369999999996 -43.625155999999997 0.56607997417449951 0.0010000000474974513 0.5649300217628479 0.0010000000474974513 0.56492996215820312 0.0018580297473818064 0 300 0 0 0.0071300948038697243 1 2 41711 -9 -9 0.56610000133514404 0.0010000000474974513 7.4324440000000003 -43.625183 1.3259999752044678 1.4539999961853027 -2.0313327312469482 10.861000061035156 0.046999998390674591 -9999 -9999 1.2109999656677246 6.7259998321533203 -9.6829996109008789 6.727902889251709 1.187999963760376 -999 23.010000228881836 21.270000457763672 20.540000915527344 20.170000076293945 0.0099999997764825821 0 0 0 8.6400003433227539 39.889999389648438 69.19000244140625 116.38999938964844 25.158716201782227 23.497840881347656 22.899890899658203 22.335210800170898 57344.0390625 7.165337085723877 5.0173401832580566 4.227750301361084 18.587362289428711 riz 0 57342.078125 1.1387060880661011 -1.9119065999984741 0.95157474279403687 0.24068665504455566 0.11282065510749817 23.927753448486328 0.11940693855285645 4.8183514991251286e-06 5.2991197208029917e-07 0.020490825176239014 -2.3945727889440604e-07 -4.878980064404459e-08 38 37.475200653076172 0.49354690313339233 1.0246080160140991
SN: 1336953 10 0 X3 3 0 36.745876000000003 -3.7670340000000002 0.60140997171401978 0.0010000000474974513 0.60013198852539062 0.0010000000474974513 0.60013198852539062 0.0018878135597333312 0 300 0 0 0.024362141266465187 1 1 41924 -9 -9 0.60140001773834229 0.0010000000474974513 36.745944000000001 -3.7670080000000001 0.26199999451637268 0.42500001192092896 -9 8.8100004196166992 0.029999999329447746 -9999 -9999 1.1679999828338623 0.25600001215934753 -7.6389999389648438 0.2653978168964386 -0.075999997556209564 -999 23.920000076293945 23.489999771118164 23.049999237060547 23.329999923706055 0.0099999997764825821 0.0099999997764825821 0.0099999997764825821 0.019999999552965164 5.7800002098083496 9.619999885559082 12.569999694824219 9.1400003433227539 25.595180511474609 25.042062759399414 24.75166130065918 25.097635269165039 57355.171875 27.993722915649414 25.311838150024414 18.483636856079102 58.138370513916016 riz 0 57353.6640625 0.65932035446166992 -0.42649334669113159 0.44925278425216675 -0.0096058957278728485 0.047951407730579376 23.381948471069336 0.04804413765668869 7.9656447269371711e-06 3.5248206131655024e-07 0.0033679255284368992 -8.500043691128667e-08 -1.1596415383507974e-08 17 13.660093307495117 0.69099950790405273 0.14572572708129883
SN: 1332819 10 0 C3 3 0 51.964767999999999 -28.707644999999999 0.34233999252319336 0.0010000000474974513 0.34180200099945068 0.0010000000474974513 0.34180200099945068 0.001674167113378644 0 300 0 0 0.0077307680621743202 1 1 40306 -9 -9 0.34229999780654907 0.0010000000474974513 51.964837000000003 -28.707684 0.25999999046325684 0.25600001215934753 -9 10.748000144958496 0.0070000002160668373 -9999 -9999 0.9779999852180481 0.15000000596046448 -9.7589998245239258 0.15241062641143799 1.2410000562667847 -999 22.090000152587891 20.780000686645508 20.159999847412109 19.850000381469727 0 0 0 0 38.259998321533203 129.53999328613281 210.3699951171875 287.79000854492188 23.543136596679688 22.218990325927734 21.692541122436523 21.352310180664062 57327.09765625 57.115142822265625 41.735282897949219 34.404716491699219 159.44361877441406 griz 0 57323.63671875 0.19611258804798126 0.10201132297515869 0.14999230206012726 0.060315046459436417 0.016494274139404297 21.932126998901367 0.020879346877336502 3.0279545171651989e-05 5.8229352362104692e-07 0.00056002999190241098 -4.9972602056413962e-08 -6.2428577862760903e-09 39 34.685306549072266 0.6669573187828064 0.20390541851520538
SN: 1308568 10 1 X1 3 0 33.873202999999997 -5.052549 0.64442002773284912 0.0010000000474974513 0.64304101467132568 0.0010000000474974513 0.64304101467132568 0.0019243665738031268 0 300 0 0 0.017490487545728683 2 2 14239 -9 -9 0.64440000057220459 0.0010000000474974513 33.873153000000002 -5.0525609999999999 0.18500000238418579 0.40200001001358032 -2.662142276763916 8.7019996643066406 0.039000000804662704 -9999 -9999 0.50900000333786011 0.49799999594688416 -8.1979999542236328 0.51924270391464233 -0.22699999809265137 -999 24.530000686645508 23.930000305175781 23.680000305175781 23.590000152587891 0.039999999105930328 0.019999999552965164 0.029999999329447746 0.039999999105930328 4.1700000762939453 6.630000114440918 9.0600004196166992 10.640000343322754 25.94965934753418 25.446216583251953 25.107179641723633 24.932645797729492 57305.28515625 8.5908145904541016 8.2717456817626953 7.9743313789367676 24.973819732666016 riz 0 57289.65234375 0.77768063545227051 0.2009926438331604 0.95646160840988159 0.14984728395938873 0.079012311995029449 23.255449295043945 0.10866707563400269 8.9499444584362209e-06 8.9576485606812639e-07 0.027279829606413841 -7.2196718292616424e-07 -4.0450931493296594e-08 39 57.696506500244141 0.027239385992288589 0.5039641261100769
SN: 1304193 10 0 E2 3 0 9.8796999999999997 -44.843594000000003 0.45456001162528992 0.0010000000474974513 0.45353901386260986 0.0010000000474974513 0.45353901386260986 0.0017651049420237541 0 300 0 0 0.0074796942062675953 1 1 8922 -9 -9 0.4546000063419342 0.0010000000474974513 9.8796710000000001 -44.843679000000002 0.31400001049041748 0.33300000429153442 -9 10.546999931335449 0.029999999329447746 -9999 -9999 0.24300000071525574 10.243000030517578 -10.303999900817871 10.243386268615723 1.3300000429153442 -999 23.149999618530273 21.409999847412109 20.770000457763672 20.420000076293945 0.0099999997764825821 0 0 0 11.899999618530273 62.909999847412109 111.87999725341797 145.36000061035156 24.811132431030273 23.003200531005859 22.378118515014648 22.093887329101562 57278.1875 22.875045776367188 14.602375984191895 10.818589210510254 42.769199371337891 riz 0 57280.265625 0.72123324871063232 -1.38636314868927 0.62798941135406494 -0.11589439213275909 0.060311846435070038 22.629802703857422 0.067162133753299713 1.5924988474580459e-05 9.8509769941301784e-07 0.0057645393535494804 -2.7284156089990574e-07 -4.4830887446778434e-08 42 39.845142364501953 0.56597065925598145 0.60232454538345337
SN: 1341894 10 1 X1 3 0 35.302509000000001 -4.65022 0.31400999426841736 0.0010000000474974513 0.3129349946975708 0.0010000000474974513 0.3129349946975708 0.0016510902205482125 0 300 0 0 0.022281287238001823 1 1 44198 -9 -9 0.31400001049041748 0.0010000000474974513 35.302498999999997 -4.6502530000000002 0.12399999797344208 0.10400000214576721 -9 9.8540000915527344 0.014999999664723873 -9999 -9999 1.2560000419616699 0.14800000190734863 -8.5710000991821289 0.1533101499080658 0.42699998617172241 -999 22.379999160766602 21.569999694824219 21.239999771118164 20.969999313354492 0.0099999997764825821 0 0 0 28.899999618530273 63.400001525878906 80.639999389648438 100.41000366210938 23.847755432128906 22.994777679443359 22.733623504638672 22.49555778503418 57388.046875 31.875946044921875 30.611433029174805 26.414487838745117 79.090805053710938 griz 0 57390.28515625 0.35511904954910278 -0.33628800511360168 0.34907937049865723 -0.047588136047124863 0.024110682308673859 21.647075653076172 0.031563274562358856 3.9370395825244486e-05 1.1445308700785972e-06 0.0024138404987752438 -2.462613792886259e-07 -1.598775689615195e-08 19 12.65395450592041 0.85580539703369141 0.19423715770244598
SN: 1339609 10 0 C2+C3 3 0 53.323909999999998 -28.724577 1.1221200227737427 0.0010000000474974513 1.121319055557251 0.0010000000474974513 1.121319055557251 0.0023464870173484087 0 300 0 0 0.0069742212072014809 1 1 42756 -9 -9 1.1220999956130981 0.0010000000474974513 53.323725000000003 -28.724712 0.75900000333786011 1.1670000553131104 -9 10.902000427246094 0.012000000104308128 -9999 -9999 1.3969999551773071 0.3190000057220459 -9.5019998550415039 0.32031548023223877 0.76399999856948853 -999 23.719999313354492 23.049999237060547 22.319999694824219 21.530000686645508 0.0099999997764825821 0.0099999997764825821 0.0099999997764825821 0.0099999997764825821 5.1599998474121094 9.4499998092651367 21.75 38.939998626708984 25.718376159667969 25.061420440673828 24.156352996826172 23.524009704589844 57379.07421875 19.781522750854492 16.402656555175781 -99 38.855094909667969 iz 0 57372.359375 1.0036406517028809 0.8861241340637207 0.61486178636550903 -0.069416023790836334 0.078642532229423523 24.493925094604492 0.055968333035707474 2.8604233648366062e-06 1.4745121745818324e-07 0.012356310151517391 -4.3030912166841517e-08 5.3744892980489567e-09 39 34.581695556640625 0.67155534029006958 0.37521466612815857
SN: 1296963 10 0 S1 3 0 43.114272999999997 -0.45621499999999998 0.48917001485824585 0.0010000000474974513 0.4881260097026825 0.0010000000474974513 0.48812603950500488 0.0017937320517376065 0 300 0 0 0.050996344536542892 1 1 11737 -9 -9 0.48919999599456787 0.0010000000474974513 43.114410999999997 -0.45613199999999998 0.57899999618530273 0.43900001049041748 -9 10.845999717712402 0.018999999389052391 -9999 -9999 1.0219999551773071 0.31700000166893005 -9.8100004196166992 0.32379776239395142 0.85600000619888306 -999 22.719999313354492 21.360000610351562 20.829999923706055 20.420000076293945 0.0099999997764825821 0 0 0 22.040000915527344 75.930000305175781 118.73999786376953 172.19000244140625 24.141971588134766 22.798965454101562 22.313507080078125 21.909980773925781 57276.3828125 17.900304794311523 12.851866722106934 9.3411035537719727 35.701740264892578 riz 0 57277.18359375 0.88840138912200928 0.24879688024520874 0.55597525835037231 -0.10289837419986725 0.058022715151309967 22.57390022277832 0.058890819549560547 1.6766392946010455e-05 9.0941671260225121e-07 0.0040480270981788635 -2.6635987637746439e-07 -3.2817670359008844e-08 40 33.181083679199219 0.76878726482391357 0.35287821292877197
SN: 1330530 10 0 C1 3 0 54.110844 -27.915379000000001 0.33682000637054443 0.0010000000474974513 0.336326003074646 0.0010000000474974513 0.336326003074646 0.0016697756946086884 0 300 0 0 0.010294774547219276 1 1 39233 -9 -9 0.33680000901222229 0.0010000000474974513 54.110646000000003 -27.915519 0.80699998140335083 1.0700000524520874 -9 9.9860000610351562 0.013000000268220901 -9999 -9999 0.30099999904632568 0.26100000739097595 -9.6789999008178711 0.2616906464099884 1.1829999685287476 -999 23.290000915527344 22 21.440000534057617 21.100000381469727 0.0099999997764825821 0 0 0 8.6400003433227539 30.100000381469727 50.520000457763672 69.919998168945312 25.158716201782227 23.803583145141602 23.241340637207031 22.888496398925781 57303.16015625 25.73341178894043 22.032600402832031 17.467550277709961 63.614887237548828 griz 0 57308.796875 0.48680219054222107 -0.73302698135375977 0.35715574026107788 0.15879210829734802 0.025346644222736359 22.40496826171875 0.031174629926681519 1.9589018847909756e-05 5.6245744417537935e-07 0.0025510983541607857 -9.3995851102590677e-08 -9.8065475739872454e-09 59 41.740097045898438 0.95675027370452881 0.58298289775848389
SN: 1338288 10 0 X1 3 0 33.620818999999997 -5.1058640000000004 0.13935999572277069 0.0010000000474974513 0.13840000331401825 0.0010000000474974513 0.13839995861053467 0.0015158114256337285 0 300 0 0 0.015920605510473251 1 2 43104 -9 -9 0.13940000534057617 0.0010000000474974513 33.620759 -5.1056010000000001 0.96899998188018799 0.92299997806549072 -2.830169677734375 8.5200004577636719 0.012000000104308128 -9999 -9999 -1.1579999923706055 1.281999945640564 -9.6630001068115234 1.282687783241272 0.63499999046325684 -999 23.319999694824219 22.760000228881836 22.510000228881836 22.360000610351562 0.019999999552965164 0.0099999997764825821 0.0099999997764825821 0.0099999997764825821 9.6400003433227539 15.609999656677246 18.040000915527344 17.5 25.039806365966797 24.51649284362793 24.359409332275391 24.392404556274414 57372.046875 54.844451904296875 49.688926696777344 48.954216003417969 116.60053253173828 gri 0 57371.83984375 0.30531680583953857 0.74959772825241089 0.27073574066162109 0.18680600821971893 0.02606806717813015 21.142505645751953 0.03432195633649826 6.2661049014423043e-05 1.9808217075478751e-06 0.00017614595708437264 -1.9455787025890459e-07 -4.0294583669719941e-08 10 44.906742095947266 2.2606086531595793e-06 0.670948326587677
SN: 1339217 10 0 C3 3 0 51.791409000000002 -27.910799000000001 0.33245000243186951 0.0010000000474974513 0.33190500736236572 0.0010000000474974513 0.33190500736236572 0.0016662348061800003 0 300 0 0 0.0087507590651512146 1 1 42441 -9 -9 0.33250001072883606 0.0010000000474974513 51.791145 -27.910803000000001 0.8410000205039978 0.84299999475479126 -9 9.8789997100830078 0.0010000000474974513 -9999 -9999 1.6469999551773071 0 -8.1979999542236328 0 0.31400001049041748 -999 21.690000534057617 20.959999084472656 20.600000381469727 20.340000152587891 0 0 0 0 43.369998931884766 82.839996337890625 104.68000030517578 145.80999755859375 23.407026290893555 22.704399108886719 22.450340270996094 22.090530395507812 57372.15234375 79.68072509765625 65.502166748046875 38.381465911865234 148.19264221191406 griz 0 57367.11328125 0.22831882536411285 -0.21136409044265747 0.19756978750228882 0.29577916860580444 0.020880132913589478 22.775754928588867 0.02618870884180069 1.3921887330070604e-05 3.3580556646484183e-07 0.0012852149084210396 -3.2993224152733092e-08 -5.7355156179994538e-09 35 20.013511657714844 0.98011738061904907 0.98844462633132935
SN: 1339227 10 0 C3 3 0 52.732329999999997 -28.125381999999998 0.82151997089385986 0.0010000000474974513 0.82080698013305664 0.0010000000474974513 0.82080698013305664 0.002078403951600194 0 300 0 0 0.0076159369200468063 1 1 42411 -9 -9 0.82150000333786011 0.0010000000474974513 52.731828999999998 -28.125205999999999 1.7130000591278076 2.5610001087188721 -9 10.748000144958496 0.018999999389052391 -9999 -9999 0.97200000286102295 0.46799999475479126 -9.7849998474121094 0.47462090849876404 1.0509999990463257 -999 24.149999618530273 23.049999237060547 22.090000152587891 21.600000381469727 0.0099999997764825821 0 0 0 0.31999999284744263 1.5099999904632568 3.0099999904632568 7.4200000762939453 27.5 27.052556991577148 26.303583145141602 25.323989868164062 57359.22265625 32.372074127197266 20.575834274291992 15.837900161743164 55.647354125976562 riz 0 57369.40234375 0.56785833835601807 -1.1010755300521851 0.43134558200836182 -0.010008218698203564 0.041830494999885559 24.185562133789062 0.039726391434669495 3.7999238884367514e-06 1.3903678564020083e-07 0.00016908967518247664 -3.5383379781706026e-08 -1.2070126148566729e-11 27 32.788871765136719 0.2041267454624176 0.36853820085525513
SN: 1342906 10 0 C1 3 0 53.542625000000001 -27.589017999999999 0.49799999594688416 0.0010000000474974513 0.4974290132522583 0.0010000000474974513 0.4974290132522583 0.0018014678498730063 0 300 0 0 0.0070055858232080936 1 1 43894 -9 -9 0.49799999594688416 0.0010000000474974513 53.542631999999998 -27.588991 0.097999997437000275 0.11500000208616257 -9 10.850000381469727 0.014000000432133675 -9999 -9999 -2.9059998989105225 0 -13.760000228881836 0.037000000476837158 1.3700000047683716 -999 22.590000152587891 20.770000457763672 20.049999237060547 19.709999084472656 0.0099999997764825821 0 0 0 20.260000228881836 99.160003662109375 198.46000671386719 272.83999633789062 24.233402252197266 22.509159088134766 21.755817413330078 21.410228729248047 57385.15234375 18.606843948364258 14.738961219787598 10.314373970031738 48.131858825683594 riz 0 57383.734375 0.47604107856750488 -0.93315374851226807 0.41989448666572571 -0.053985923528671265 0.047297127544879913 22.528415679931641 0.04385809600353241 1.748370959830936e-05 7.0625094394927146e-07 0.004274711012840271 -1.702444478723919e-07 -2.1494487967288478e-08 22 27.486129760742188 0.19334182143211365 0.35935497283935547
SN: 1342778 10 0 E2 3 0 9.2180610000000005 -44.677235000000003 0.40557000041007996 0.0010000000474974513 0.40457400679588318 0.0010000000474974513 0.40457403659820557 0.0017249525990337133 0 300 0 0 0.0086438348516821861 1 1 44432 -9 -9 0.40560001134872437 0.0010000000474974513 9.2174440000000004 -44.677081999999999 1.6729999780654907 1.628000020980835 -9 9.2670001983642578 0.013000000268220901 -9999 -9999 0.078000001609325409 0.013000000268220901 -9.3100004196166992 0.048764742910861969 0.23999999463558197 -999 23.409999847412109 22.540000915527344 22.329999923706055 22.090000152587891 0.0099999997764825821 0.0099999997764825821 0.0099999997764825821 0.0099999997764825821 4.5999999046325684 8.4300003051757812 12.949999809265137 15.989999771118164 25.843105316162109 25.185430526733398 24.719326019287109 24.490379333496094 57385.09765625 20.348812103271484 18.617740631103516 14.36236572265625 49.734188079833984 riz 0 57385.91796875 0.74210870265960693 1.3032610416412354 0.61269575357437134 0.16084164381027222 0.047304805368185043 22.605817794799805 0.050566930323839188 1.6280686395475641e-05 7.5825448675459484e-07 0.0035522296093404293 -1.9790880401160393e-07 -2.5839570483299212e-08 10 19.718578338623047 0.032029680907726288 0.69004768133163452
SN: 1338485 10 0 S2 3 0 41.080334000000001 -1.517876 0.58582001924514771 0.0010000000474974513 0.58465701341629028 0.0010000000474974513 0.58465695381164551 0.0018746970454230905 0 300 0 0 0.025041071698069572 1 2 43028 -9 -9 0.58579999208450317 0.0010000000474974513 41.080233999999997 -1.5175909999999999 1.0880000591278076 1.4880000352859497 -1.8188456296920776 9.5839996337890625 0.032999999821186066 -9999 -9999 1.3500000238418579 1.1210000514984131 -8.1979999542236328 1.1223978996276855 0.32899999618530273 -999 24.069999694824219 23.049999237060547 22.639999389648438 22.489999771118164 0.019999999552965164 0.0099999997764825821 0.0099999997764825821 0.0099999997764825821 4.5799999237060547 10.020000457763672 13.270000457763672 19.5 25.847835540771484 24.997831344604492 24.69282341003418 24.274913787841797 57372.10546875 17.83839225769043 14.106119155883789 12.149519920349121 35.757102966308594 riz 0 57363.34765625 1.0113098621368408 1.1889711618423462 0.64934682846069336 0.096141330897808075 0.056842632591724396 23.345037460327148 0.054376289248466492 8.2410970208002254e-06 4.1273403894592775e-07 0.0082178795710206032 -1.5550899945537822e-07 -1.4213510368676907e-08 20 12.779441833496094 0.88664531707763672 0.50968050956726074
SN: 1346758 10 0 X3 3 0 36.063823999999997 -5.1679930000000001 0.49770000576972961 0.0010000000474974513 0.49649599194526672 0.0010000000474974513 0.49649596214294434 0.0018006913596764207 0 300 0 0 0.022546686232089996 1 1 -19515 -9 -9 0.49770000576972961 0.0010000000474974513 36.064422 -5.1679760000000003 2.1440000534057617 1.7039999961853027 -9 11.371000289916992 0.037999998778104782 -9999 -9999 0.9089999794960022 0.23800000548362732 -10.586999893188477 0.29189896583557129 1.5559999942779541 -999 22.870000839233398 21.010000228881836 20.209999084472656 19.629999160766602 0 0 0 0 4.070000171661377 20.549999237060547 53.189998626708984 66.260002136230469 25.97601318359375 24.21796989440918 23.1854248046875 22.946872711181641 57394.078125 53.924560546875 26.388381958007812 26.074365615844727 97.537155151367188 riz 0 57394.828125 0.64476668834686279 0.30175280570983887 0.94377517700195312 0.036762844771146774 0.032555319368839264 22.990028381347656 0.032819651067256927 1.1428491234255489e-05 3.4546062011031609e-07 0.004633030854165554 -1.8097176734954701e-07 -7.2609123158429156e-09 9 8.2930622100830078 0.50490373373031616 0.15853686630725861
SN: 1323600 10 0 S2 3 0 41.010361000000003 -1.8317779999999999 0.37145000696182251 0.0010000000474974513 0.37044399976730347 0.0010000000474974513 0.37044405937194824 0.0016972400480881333 0 300 0 0 0.024791136384010315 1 1 22009 -9 -9 0.37149998545646667 0.0010000000474974513 41.010424999999998 -1.832389 2.2119998931884766 1.4819999933242798 -9 10.62600040435791 0.010999999940395355 -9999 -9999 1.3869999647140503 0.3580000102519989 -9.2349996566772461 0.35867533087730408 0.82800000905990601 -999 22.469999313354492 21.149999618530273 20.659999847412109 20.270000457763672 0.0099999997764825821 0 0 0 14.439999580383301 35.209999084472656 54.450000762939453 66.459999084472656 24.601081848144531 23.633335113525391 23.160005569458008 22.943599700927734 57291.22265625 20.269802093505859 18.454681396484375 12.28068733215332 55.410404205322266 griz 0 57299.5859375 0.44058242440223694 0.29217571020126343 0.40255841612815857 0.033868644386529922 0.029406324028968811 22.215051651000977 0.043440822511911392 2.3333488570642658e-05 9.335840331914369e-07 0.0041938116773962975 -2.6100391892214247e-07 -1.8789048539247233e-08 50 63.938823699951172 0.088933765888214111 0.149099200963974
SN: 1340751 10 0 X3 3 0 36.155048000000001 -5.3714269999999997 0.66614001989364624 0.0010000000474974513 0.66480398178100586 0.0010000000474974513 0.66480398178100586 0.0019430057145655155 0 300 0 0 0.022557806223630905 1 1 43301 -9 -9 0.66610002517700195 0.0010000000474974513 36.154941999999998 -5.3715489999999999 0.5820000171661377 0.56599998474121094 -9 11.022000312805176 0.0070000002160668373 -9999 -9999 1.2979999780654907 0.13899999856948853 -9.7329998016357422 0.14705441892147064 0.90399998426437378 -999 22.739999771118164 21.690000534057617 21.030000686645508 20.690000534057617 0 0 0 0 17.540000915527344 53.310001373291016 83.730003356933594 111.93000030517578 24.389926910400391 23.182977676391602 22.69279670715332 22.377634048461914 57372.05859375 14.657493591308594 11.728599548339844 5.4153189659118652 27.192916870117188 riz 0 57373.8515625 0.7126166820526123 -0.89943480491638184 0.77556681632995605 -0.12412178516387939 0.075461238622665405 24.238851547241211 0.069152109324932098 3.6179258131596725e-06 2.3043094188324176e-07 0.018609613180160522 -1.2821368500226527e-07 -4.6723283020355666e-09 17 29.880271911621094 0.027221567928791046 0.51094728708267212
SN: 1339425 10 0 C2 3 0 54.573878999999998 -29.556249999999999 0.53632998466491699 0.0010000000474974513 0.53579097986221313 0.0010000000474974513 0.53579092025756836 0.0018335217610001564 0 300 0 0 0.010213173925876617 1 1 42718 -9 -9 0.53630000352859497 0.0010000000474974513 54.573912 -29.556280999999998 0.15399999916553497 0.19499999284744263 -9 10.741999626159668 0.046999998390674591 -9999 -9999 0.37200000882148743 0.94800001382827759 -10.329999923706055 0.9512859582901001 1.3009999990463257 -999 23.459999084472656 21.940000534057617 21.200000762939453 20.819999694824219 0.0099999997764825821 0 0 0 9.4799995422363281 39.25 74.040000915527344 107.05000305175781 25.057979583740234 23.515399932861328 22.826333999633789 22.426033020019531 57356.171875 15.330375671386719 14.370382308959961 8.2229204177856445 31.022371292114258 riz 0 57360.23046875 1.0100641250610352 -0.65300542116165161 0.72714716196060181 0.19063703715801239 0.071147002279758453 23.577827453613281 0.061588320881128311 6.6507291194284335e-06 3.7726221080447431e-07 0.0018289848230779171 -1.2283781813948735e-07 -1.6874626140861437e-08 32 28.836742401123047 0.6274416446685791 0.67170292139053345
SN: 1302564 10 0 X3 3 0 35.601661999999997 -4.458018 0.5284000039100647 0.0010000000474974513 0.52715599536895752 0.0010000000474974513 0.52715599536895752 0.0018262852681800723 0 300 0 0 0.02167125977575779 1 1 19890 -9 -9 0.5284000039100647 0.0010000000474974513 35.601759000000001 -4.4580200000000003 0.34700000286102295 0.3059999942779541 -9 10.86299991607666 0.02500000037252903 -9999 -9999 0.11100000143051147 10.111000061035156 -10.781999588012695 10.111189842224121 1.440000057220459 -999 23.239999771118164 21.430000305175781 20.620000839233398 20.149999618530273 0.0099999997764825821 0 0 0 11.520000457763672 63.450000762939453 129.80000305175781 185.67999267578125 24.846368789672852 22.993921279907227 22.216812133789062 21.828086853027344 57278.21875 31.563068389892578 18.160131454467773 17.878602981567383 57.384853363037109 riz 0 57275.9921875 0.55882376432418823 -1.579142689704895 0.34575760364532471 -0.013549410738050938 0.041019119322299957 22.901681900024414 0.044586841017007828 1.239730954694096e-05 5.091079060548509e-07 0.00038535235216841102 -7.238629251560269e-08 -1.4300141515377618e-08 40 22.404722213745117 0.98888188600540161 0.52831494808197021
SN: 1336150 10 0 E2 3 0 9.7918520000000004 -44.561385999999999 0.34904998540878296 0.0010000000474974513 0.34809601306915283 0.0010000000474974513 0.34809601306915283 0.0016792226815596223 0 300 0 0 0.0064031509682536125 1 1 41381 -9 -9 0.34900000691413879 0.0010000000474974513 9.7918559999999992 -44.561346 0.14300000667572021 0.19499999284744263 -9 9.5989999771118164 0.017000000923871994 -9999 -9999 0.91900002956390381 0.019999999552965164 -8.6649999618530273 0.032802440226078033 0.40999999642372131 -999 22.600000381469727 21.770000457763672 21.479999542236328 21.139999389648438 0.0099999997764825821 0 0 0 21.190000534057617 45.549999237060547 59.979999542236328 78.870002746582031 24.184673309326172 23.353778839111328 23.054985046386719 22.757720947265625 57334.23046875 15.112039566040039 12.006808280944824 11.289392471313477 46.325721740722656 griz 0 57340.2109375 0.49753355979919434 -0.71003705263137817 0.41443103551864624 0.17447060346603394 0.033678784966468811 23.017604827880859 0.038958445191383362 1.1141868526465259e-05 3.9979315147320449e-07 0.0042106015607714653 -8.7922991554023611e-08 -8.5326732346402423e-09 43 45.743259429931641 0.35892221331596375 0.6278846263885498
SN: 1338849 10 0 C1 3 0 53.704571000000001 -26.361381999999999 0.62064999341964722 0.0010000000474974513 0.62002402544021606 0.0010000000474974513 0.62002396583557129 0.0019047257956117392 0 300 0 0 0.0092769721522927284 1 2 42697 -9 -9 0.62059998512268066 0.0010000000474974513 53.704481000000001 -26.361888 1.843999981880188 1.9029999971389771 -1.1334153413772583 10.833999633789062 0.032999999821186066 -9999 -9999 0.93199998140335083 3.5529999732971191 -9.9230003356933594 3.5576074123382568 1.2660000324249268 -999 23.719999313354492 21.879999160766602 21.040000915527344 20.620000839233398 0.0099999997764825821 0 0 0 2.5799999237060547 10.390000343322754 23.629999160766602 29.340000152587891 26.470951080322266 24.958461761474609 24.066341400146484 23.831350326538086 57365.1875 16.471157073974609 12.967085838317871 8.1937189102172852 27.695041656494141 riz 0 57365.3203125 1.011210560798645 -1.2205466032028198 0.68204820156097412 -0.015351106412708759 0.069848775863647461 23.49168586730957 0.056782901287078857 7.19988838682184e-06 3.7654686479982047e-07 0.0066651096567511559 -1.3722534220050875e-07 -1.1240627983966078e-08 28 15.511296272277832 0.97251737117767334 0.41005414724349976
SN: 1331344 10 0 X1 3 0 34.27129 -5.0763590000000001 0.55121999979019165 0.0010000000474974513 0.54992902278900146 0.0010000000474974513 0.54992902278900146 0.0018453960074111819 0 300 0 0 0.018979316577315331 1 2 39534 -9 -9 0.55119997262954712 0.0010000000474974513 34.271313999999997 -5.0763689999999997 0.093000002205371857 0.14499999582767487 -5.3985810279846191 9.869999885559082 0.023000000044703484 -9999 -9999 0.29499998688697815 0.019999999552965164 -9.5659999847412109 0.11278741061687469 0.460999995470047 -999 23.309999465942383 22.350000381469727 21.930000305175781 21.709999084472656 0.0099999997764825821 0.0099999997764825821 0.0099999997764825821 0.0099999997764825821 10.350000381469727 25.020000457763672 37.360000610351562 43.319999694824219 24.962648391723633 24.004281997680664 23.56898307800293 23.408279418945312 57305.28515625 12.166358947753906 10.25435733795166 9.2632627487182617 28.384716033935547 riz 0 57301.26171875 0.95374345779418945 0.44315224885940552 0.66443729400634766 -0.13965988159179688 0.069722697138786316 22.99662971496582 0.069387763738632202 1.1359205018379726e-05 7.2594968969497131e-07 0.0075199692510068417 -3.1102726438803074e-07 -2.5958915017554318e-08 40 56.367671966552734 0.044628284871578217 0.4884069561958313
SN: 1340706 10 0 X3 3 0 37.057921999999998 -5.3164420000000003 0.2942500114440918 0.0010000000474974513 0.29323101043701172 0.0010000000474974513 0.29323101043701172 0.0016354445833712816 0 300 0 0 0.020581571385264397 1 1 43339 -9 -9 0.29429998993873596 0.0010000000474974513 37.057955999999997 -5.3164239999999996 0.13899999856948853 0.1940000057220459 -9 9.3769998550415039 0.016000000759959221 -9999 -9999 0.69900000095367432 0.18799999356269836 -8.6219997406005859 0.19764867424964905 0.46399998664855957 -999 22.680000305175781 21.889999389648438 21.489999771118164 21.239999771118164 0 0 0 0 18.590000152587891 40.209999084472656 54.590000152587891 64.080001831054688 24.326801300048828 23.489164352416992 23.157217025756836 22.983194351196289 57376.09765625 107.49272918701172 70.960090637207031 49.887374877929688 217.62002563476562 griz 0 57378.70703125 0.17917069792747498 0.1029411181807518 0.21713458001613617 0.061865571886301041 0.018574882298707962 21.814992904663086 0.025970105081796646 3.3728938433341682e-05 8.0677432379161473e-07 0.0019045493099838495 -1.2280216310500691e-07 -1.1822351986268131e-08 19 9.6678752899169922 0.96066838502883911 0.2090538889169693
SN: 1306980 10 1 E1 3 0 7.0360680000000002 -43.291556999999997 0.54789000749588013 0.0010000000474974513 0.5467420220375061 0.0010000000474974513 0.54674196243286133 0.0018427164759486914 0 300 0 0 0.006497655063867569 1 3 7844 -9 -9 0.54790002107620239 0.0010000000474974513 7.0358910000000003 -43.291693000000002 0.67500001192092896 0.70499998331069946 -3.3401875495910645 10.329999923706055 0.013000000268220901 -9999 -9999 0.35199999809265137 0.030999999493360519 -9.9829998016357422 0.083006024360656738 0.74900001287460327 -999 23.559999465942383 22.340000152587891 21.809999465942383 21.440000534057617 0.0099999997764825821 0.0099999997764825821 0 0.0099999997764825821 7.0300002098083496 23.139999389648438 35.090000152587891 46.169998168945312 25.382612228393555 24.089092254638672 23.637041091918945 23.339099884033203 57283.09765625 9.9725990295410156 8.1190690994262695 6.7412819862365723 23.749483108520508 riz 0 57282.19140625 0.96104931831359863 -1.1052505970001221 0.68340122699737549 -0.043082725256681442 0.08703652024269104 23.062843322753906 0.081520430743694305 1.0687173016776796e-05 8.024259727790195e-07 -0.0038635102100670338 -2.7282678161100193e-07 -3.7155704291080838e-08 44 60.474136352539062 0.050060153007507324 0.39541694521903992
SN: 1283936 10 1 E2 3 0 8.8775569999999995 -44.371326000000003 0.36959999799728394 0.0010000000474974513 0.36862099170684814 0.0010000000474974513 0.36862099170684814 0.0016957663465291262 0 300 0 0 0.0075866682454943657 1 1 8313 -9 -9 0.36959999799728394 0.0010000000474974513 8.8773540000000004 -44.371206000000001 0.67799997329711914 0.8410000205039978 -9 9.4790000915527344 0.017999999225139618 -9999 -9999 0.82999998331069946 0.20900000631809235 -8.619999885559082 0.2213820219039917 0.48800000548362732 -999 23.440000534057617 22.450000762939453 21.979999542236328 21.829999923706055 0.0099999997764825821 0.0099999997764825821 0.0099999997764825821 0.0099999997764825821 9.2399997711181641 22.5 30.569999694824219 39.569999694824219 25.085819244384766 24.119543075561523 23.786762237548828 23.506584167480469 57265.2265625 23.16075325012207 20.648235321044922 16.086891174316406 52.784519195556641 griz 0 57268.609375 0.55668115615844727 -0.24971498548984528 0.48623085021972656 0.16530060768127441 0.038804203271865845 22.765710830688477 0.054838508367538452 1.4051277503313031e-05 7.0970378374113352e-07 0.01004953496158123 -2.5265845238209295e-07 -2.1591931798070618e-08 57 55.080635070800781 0.54742413759231567 0.55725383758544922
SN: 1340125 10 0 S1 3 0 41.877513999999998 0.14741099999999999 0.65253502130508423 0.00020999999833293259 0.65133798122406006 0.00020999999833293259 0.65133798122406006 0.0016657300293445587 0 300 0 0 0.039192605763673782 1 1 42971 -9 -9 0.6524999737739563 0.00019999999494757503 41.877290000000002 0.147645 1.1660000085830688 1.3309999704360962 -9 10.937999725341797 0.090999998152256012 -9999 -9999 -2.4130001068115234 7.5869998931884766 -13.366000175476074 7.5882916450500488 1.378000020980835 -999 24.049999237060547 22.260000228881836 21.219999313354492 20.760000228881836 0.019999999552965164 0.0099999997764825821 0 0 1.3700000047683716 8.7799997329711914 24.860000610351562 31.600000381469727 27.158199310302734 25.141263961791992 24.011247634887695 23.750782012939453 57345.2421875 7.0697107315063477 6.5521621704101562 5.6622781753540039 16.716709136962891 riz 0 57353.1484375 1.0308495759963989 -2.0479776859283447 0.79581284523010254 -0.18753395974636078 0.11269167065620422 23.68159294128418 0.10820694267749786 6.0445313465606887e-06 6.0241177379793953e-07 0.02928447350859642 -3.4565434248179372e-07 -2.9898099995762095e-08 26 18.40485954284668 0.86055076122283936 0.92562955617904663
SN: 1309013 10 0 X2 3 0 35.46611 -7.3399850000000004 0.21357999742031097 0.0010000000474974513 0.21260400116443634 0.0010000000474974513 0.21260404586791992 0.0015723775140941143 0 300 0 0 0.0229535773396492 1 1 36028 -9 -9 0.21359999477863312 0.0010000000474974513 35.466078000000003 -7.3394459999999997 1.9420000314712524 1.2899999618530273 -9 10.491999626159668 0.0099999997764825821 -9999 -9999 1.1790000200271606 0.35899999737739563 -9.3100004196166992 0.35955667495727539 0.89099997282028198 -999 20.719999313354492 19.879999160766602 19.450000762939453 19.260000228881836 0 0 0 0 56.990001678466797 120.70999908447266 160.22999572753906 229.33000183105469 23.110504150390625 22.295642852783203 21.988140106201172 21.598848342895508 57286.234375 23.981496810913086 21.343759536743164 18.229131698608398 76.090858459472656 griz 0 57292.4296875 0.32333970069885254 -0.94452178478240967 0.21254493296146393 0.22593283653259277 0.030108531937003136 21.43583869934082 0.047234080731868744 4.7826026275288314e-05 2.0806328393518925e-06 0.0025374430697411299 -2.4190012481994927e-07 -5.4692101514319802e-08 49 50.927101135253906 0.39767760038375854 0.81627100706100464
SN: 1284601 10 0 C2 3 0 53.992722000000001 -29.505579000000001 0.40562999248504639 0.0010000000474974513 0.40512299537658691 0.0010000000474974513 0.40512299537658691 0.0017254002159461379 0 300 0 0 0.0092852376401424408 1 2 1923 -9 -9 0.40560001134872437 0.0010000000474974513 53.993146000000003 -29.505514000000002 1.3480000495910645 1.3810000419616699 -2.7035775184631348 10.36400032043457 0.032000001519918442 -9999 -9999 0.6470000147819519 0.96899998188018799 -9.7030000686645508 0.97067505121231079 1.2330000400543213 -999 23.100000381469727 21.549999237060547 21 20.639999389648438 0.0099999997764825821 0 0 0 8.8599996566772461 35.610000610351562 63.009998321533203 83.300003051757812 25.131416320800781 23.621070861816406 23.001476287841797 22.698387145996094 57276.359375 29.062324523925781 20.492500305175781 13.076700210571289 60.972492218017578 riz 0 57272.546875 0.46912524104118347 0.73168587684631348 0.35404121875762939 -0.022067397832870483 0.038377620279788971 22.219253540039062 0.04366379976272583 2.3243323084898293e-05 9.3474994855569093e-07 0.0012099682353436947 -1.565017413440728e-07 -2.7236675137487509e-08 43 39.264926910400391 0.63403326272964478 0.25474631786346436
SN: 1335675 10 0 C2 3 0 54.840099000000002 -28.879179000000001 0.60790997743606567 0.0010000000474974513 0.60734599828720093 0.0010000000474974513 0.6073460578918457 0.0018939402652904391 0 300 0 0 0.011728981509804726 1 1 41519 -9 -9 0.60790002346038818 0.0010000000474974513 54.840260999999998 -28.879166999999999 0.51200002431869507 0.45500001311302185 -9 11.043000221252441 0.018999999389052391 -9999 -9999 0.97500002384185791 0.17800000309944153 -10.078000068664551 0.23021729290485382 0.91200000047683716 -999 22.709999084472656 21.450000762939453 20.670000076293945 20.309999465942383 0.0099999997764825821 0 0 0 19.700000762939453 64.44000244140625 128.33000183105469 183.80000305175781 24.263833999633789 22.97711181640625 22.229179382324219 21.839136123657227 57345.33203125 13.228274345397949 10.084329605102539 7.8262820243835449 33.2340087890625 riz 0 57343 0.59262239933013916 -0.64343518018722534 0.47198501229286194 -0.18220233917236328 0.062330204993486404 23.076089859008789 0.057729117572307587 1.0557577297731768e-05 5.6135149861802347e-07 0.0077948160469532013 -1.9528499706211733e-07 -1.2958254913542078e-08 39 31.021282196044922 0.81505179405212402 0.64409953355789185
SN: 1332614 10 0 C3 3 0 52.131774999999998 -28.403044000000001 0.51916998624801636 0.0010000000474974513 0.51856201887130737 0.0010000000474974513 0.51856207847595215 0.0018190955743193626 0 300 0 0 0.0074677299708127975 1 2 40388 -9 -9 0.51920002698898315 0.0010000000474974513 52.131780999999997 -28.402816000000001 0.81999999284744263 0.63700002431869507 -3.7819154262542725 10.395000457763672 0.0080000003799796104 -9999 -9999 0.54900002479553223 0.052000001072883606 -9.8360004425048828 0.065604880452156067 1.2929999828338623 -999 24.510000228881836 23.110000610351562 22.510000228881836 22.069999694824219 0.019999999552965164 0.0099999997764825821 0 0.0099999997764825821 3.25 11.920000076293945 21.760000228881836 29.729999542236328 26.220291137695312 24.809309005737305 24.155853271484375 23.817012786865234 57325.18359375 22.242687225341797 17.259805679321289 16.575050354003906 66.284988403320312 riz 0 57325.6796875 0.37014195322990417 -0.28984713554382324 0.27366945147514343 0.092916160821914673 0.033806301653385162 23.440849304199219 0.037809047847986221 7.545018434029771e-06 2.6274335596099263e-07 0.0015112323453649879 -3.8863305462655262e-08 -6.4659180232240487e-09 35 16.720163345336914 0.99618989229202271 0.3244401216506958
SN: 1344303 10 0 S2 3 0 40.528838999999998 -1.3605849999999999 0.094750002026557922 0.0010000000474974513 0.093935996294021606 0.0010000000474974513 0.093935966491699219 0.0014826642582193017 0 300 0 0 0.026255449280142784 1 1 44923 -9 -9 0.094800002872943878 0.0010000000474974513 40.528829000000002 -1.360825 0.86500000953674316 0.64099997282028198 -9 9.8590002059936523 0.017000000923871994 -9999 -9999 0.61500000953674316 0.50300002098083496 -9.2349996566772461 0.50339746475219727 0.83099997043609619 -999 19.760000228881836 19.180000305175781 18.819999694824219 18.620000839233398 0 0 0 0 279.75 432.29000854492188 601.3900146484375 704.719970703125 21.383075714111328 20.910562515258789 20.552108764648438 20.379959106445312 57403.09765625 167.00291442871094 135.38713073730469 72.136947631835938 295.45138549804688 gri 0 57400.0390625 0.0098792081698775291 0.57432055473327637 0.3278515636920929 0.17409557104110718 0.024627175182104111 19.463991165161133 0.030775623396039009 0.00029403800726868212 8.3346239989623427e-06 0.00083567266119644046 -4.3983465047858772e-07 -1.3796082498629403e-07 9 12.174400329589844 0.20365509390830994 0.61108016967773438
SN: 1303881 10 0 E2 3 0 9.5073570000000007 -44.080322000000002 0.77130997180938721 0.0010000000474974513 0.77004200220108032 0.0010000000474974513 0.77004194259643555 0.0020340182818472385 0 300 0 0 0.006255260668694973 1 2 9431 -9 -9 0.77130001783370972 0.0010000000474974513 9.5073220000000003 -44.080325999999999 0.093000002205371857 0.15199999511241913 -5.5797433853149414 10.798000335693359 0.057000000029802322 -9999 -9999 0.67199999094009399 0.69300001859664917 -10.142999649047852 0.71451032161712646 1.2940000295639038 -999 24.729999542236328 23.329999923706055 22.180000305175781 21.649999618530273 0.029999999329447746 0.0099999997764825821 0.0099999997764825821 0.0099999997764825821 2.4700000286102295 9.4499998092651367 28.559999465942383 45.720001220703125 26.518257141113281 25.061420440673828 23.860605239868164 23.349735260009766 57283.1328125 10.914315223693848 10.524494171142578 7.0349588394165039 26.949670791625977 riz 0 57284.89453125 1.1377878189086914 0.63563191890716553 0.99540281295776367 -0.01464349776506424 0.064067162573337555 23.633487701416016 0.071205303072929382 6.3183706515701488e-06 4.1437459685766953e-07 0.0039711254648864269 -2.8555436415445001e-07 -3.2183727904921966e-10 51 48.086257934570312 0.59009867906570435 0.21742714941501617
SN: 1331130 10 0 E1 3 0 8.0531299999999995 -43.207363000000001 0.39291998744010925 0.0010000000474974513 0.39189198613166809 0.0010000000474974513 0.3918919563293457 0.0017146279569715261 0 300 0 0 0.0051863659173250198 1 1 39632 -9 -9 0.39289999008178711 0.0010000000474974513 8.0531199999999998 -43.207358999999997 0.030999999493360519 0.032000001519918442 -9 10.406000137329102 0.032000001519918442 -9999 -9999 0.59299999475479126 1.0269999504089355 -9.8249998092651367 1.0302684307098389 1.3109999895095825 -999 23.209999084472656 21.590000152587891 21.010000228881836 20.620000839233398 0.0099999997764825821 0 0 0 11.689999580383301 53.270000457763672 89.970001220703125 118.22000122070312 24.830463409423828 23.183792114257812 22.614755630493164 22.318271636962891 57305.0546875 8.333770751953125 7.591064453125 5.8974995613098145 27.847204208374023 riz 0 57300.578125 1.1878155469894409 0.30787304043769836 0.69124686717987061 0.206608846783638 0.076704591512680054 23.032367706298828 0.099966898560523987 1.0991407179972157e-05 1.0120108981936937e-06 0.011229800991714001 -3.4277888971701032e-07 -6.295730514693787e-08 38 27.275928497314453 0.90167403221130371 0.69630032777786255
SN: 1280807 10 0 C1+C3 3 0 53.599879999999999 -27.712381000000001 0.73965001106262207 0.0010000000474974513 0.73899000883102417 0.0010000000474974513 0.73899006843566895 0.0020070183090865612 0 300 0 0 0.007262947503477335 1 1 -2399 -9 -9 0.73970001935958862 0.0010000000474974513 53.600008000000003 -27.71228 0.54500001668930054 0.7839999794960022 -9 9.7770004272460938 0.043000001460313797 -9999 -9999 1.0980000495910645 0.56400001049041748 -8.6649999618530273 0.56750768423080444 0.22100000083446503 -999 23.819999694824219 23.120000839233398 22.530000686645508 22.299999237060547 0.0099999997764825821 0.0099999997764825821 0.0099999997764825821 0.0099999997764825821 6.690000057220459 12.020000457763672 21.229999542236328 25.520000457763672 25.436435699462891 24.800239562988281 24.182624816894531 23.982797622680664 57278.23828125 17.053169250488281 15.010334014892578 9.7328252792358398 43.507755279541016 riz 0 57267.76953125 0.57625222206115723 0.32367375493049622 0.50134479999542236 -0.065106824040412903 0.056618601083755493 23.799474716186523 0.052366234362125397 5.4226306929194834e-06 2.6153935550610186e-07 0.013970287516713142 -1.0357514668157819e-07 -7.7964061873103674e-09 100 122.24969482421875 0.064748227596282959 0.24236211180686951
SN: 1309051 10 0 X2 3 0 36.498626999999999 -6.211551 0.59755998849868774 0.0010000000474974513 0.59629297256469727 0.0010000000474974513 0.59629297256469727 0.0018845562590286136 0 300 0 0 0.03113507479429245 1 1 -10663 -9 -9 0.59759998321533203 0.0010000000474974513 36.498742 -6.2115049999999998 0.44499999284744263 0.37700000405311584 -9 11.279999732971191 0.02199999988079071 -9999 -9999 -2.500999927520752 0.78899997472763062 -13.760000228881836 0.789867103099823 1.4939999580383301 -999 23.159999847412109 21.280000686645508 20.270000457763672 19.860000610351562 0.0099999997764825821 0 0 0 12.760000228881836 73.769996643066406 179.39999389648438 270.72000122070312 24.735372543334961 22.830301284790039 21.865444183349609 21.418699264526367 57286.234375 11.668098449707031 6.9874458312988281 4.9710249900817871 25.120784759521484 riz 0 57285.18359375 0.78791213035583496 -0.9410628080368042 0.74340641498565674 -0.11043979227542877 0.086681157350540161 22.986965179443359 0.088551200926303864 1.14607637442532e-05 9.3472465323429788e-07 0.011673996224999428 -4.9615533725955174e-07 -3.478060506267866e-08 48 68.801536560058594 0.026056868955492973 0.48365435004234314
SN: 1303952 10 1 X2 3 0 35.871758 -6.9219390000000001 0.56387197971343994 0.00013000000035390258 0.56262099742889404 0.00013000000035390258 0.56262099742889404 0.0015690581640228629 0 300 0 0 0.022694708779454231 2 4 16409 -9 -9 0.56389999389648438 9.9999997473787516e-05 35.872190000000003 -6.9224319999999997 2.3529999256134033 1.6950000524520874 -1.2083313465118408 11.289999961853027 0.041999999433755875 -9999 -9999 0.88400000333786011 0.62400001287460327 -10.354000091552734 0.62923526763916016 1.2120000123977661 -999 23.040000915527344 21.360000610351562 20.489999771118164 20.100000381469727 0.0099999997764825821 0 0 0 2.0299999713897705 9.6899995803833008 17.299999237060547 27.020000457763672 26.731260299682617 25.034191131591797 24.404884338378906 23.920785903930664 57286.234375 12.376585960388184 11.112063407897949 6.393226146697998 33.210941314697266 riz 0 57289.08203125 0.60506510734558105 0.84274983406066895 0.67828059196472168 -0.15268240869045258 0.066035225987434387 22.913568496704102 0.080593027174472809 1.2262315067346208e-05 9.1021843218186405e-07 0.012439300306141376 -4.9921374056793866e-07 -3.2435846009093439e-08 47 41.306739807128906 0.70650660991668701 0.58132213354110718
SN: 1331719 10 0 E2 3 0 8.7066940000000006 -44.577705000000002 0.58740001916885376 0.0010000000474974513 0.58626902103424072 0.0010000000474974513 0.58626902103424072 0.0018760617822408676 0 300 0 0 0.008162572979927063 1 1 40621 -9 -9 0.58740001916885376 0.0010000000474974513 8.7066610000000004 -44.577782999999997 0.29199999570846558 0.39899998903274536 -9 10.562000274658203 0.028000000864267349 -9999 -9999 0.64499998092651367 0.18500000238418579 -9.9350004196166992 0.22383253276348114 0.82200002670288086 -999 23.159999847412109 21.920000076293945 21.280000686645508 20.889999389648438 0.0099999997764825821 0 0 0 13.239999771118164 41.479999542236328 71.610000610351562 99.430000305175781 24.695280075073242 23.455402374267578 22.862565994262695 22.506206512451172 57325.015625 7.6480956077575684 7.3047122955322266 5.731987476348877 22.051374435424805 riz 0 57315.3671875 1.1139823198318481 -0.80637228488922119 0.73678123950958252 0.042156513780355453 0.089910149574279785 23.324342727661133 0.0901833176612854 8.3996765170013532e-06 6.9769316723977681e-07 0.01634637825191021 -3.4075199550898105e-07 -3.3155309608901007e-08 40 35.321804046630859 0.68066924810409546 0.3033064603805542
SN: 1280790 10 0 C3 3 0 51.480708999999997 -28.215164000000001 0.63278001546859741 0.0010000000474974513 0.63210701942443848 0.0010000000474974513 0.63210701942443848 0.0019150270381942391 0 300 0 0 0.0146592166274786 1 1 -5306 -9 -9 0.63279998302459717 0.0010000000474974513 51.480549000000003 -28.215426999999998 1.0740000009536743 1.1920000314712524 -9 10.394000053405762 0.014000000432133675 -9999 -9999 0.59600001573562622 0.2630000114440918 -9.7849998474121094 0.26771065592765808 1.0559999942779541 -999 24.5 23.159999847412109 22.409999847412109 21.889999389648438 0.019999999552965164 0.0099999997764825821 0 0 2.190000057220459 8.2600002288818359 15.439999580383301 18.450000762939453 26.648889541625977 25.207550048828125 24.52838134765625 24.33500862121582 57265.30078125 14.886813163757324 14.411779403686523 14.091078758239746 41.634407043457031 riz 0 57258.640625 0.77110248804092407 -1.2881985902786255 0.50498735904693604 0.025550311431288719 0.06003928929567337 23.639993667602539 0.056886564940214157 6.2806175264995545e-06 3.2906959290812665e-07 0.010649495758116245 -1.0765022295800009e-07 -1.1155922408079277e-08 34 54.498943328857422 0.014309841208159924 0.43776419758796692
SN: 1289555 10 101 S2 3 0 40.733051000000003 -1.3929229999999999 0.56288999319076538 0.0010000000474974513 0.56173402070999146 0.0010000000474974513 0.56173396110534668 0.0018553350819274783 0 300 0 0 0.029136322438716888 1 1 12400 -9 -9 0.56290000677108765 0.0010000000474974513 40.733106999999997 -1.3929389999999999 0.20900000631809235 0.34799998998641968 -9 9.0579996109008789 0.041000001132488251 -9999 -9999 1.062999963760376 1.0789999961853027 -7.9679999351501465 1.087916374206543 0.12600000202655792 -999 24.319999694824219 23.469999313354492 23.200000762939453 23.110000610351562 0.029999999329447746 0.019999999552965164 0.019999999552965164 0.019999999552965164 4.5399999618530273 9.4300003051757812 12.659999847412109 13.489999771118164 25.85736083984375 25.063720703125 24.743915557861328 24.674970626831055 57276.3125 18.529718399047852 14.766916275024414 8.8252439498901367 40.520053863525391 riz 0 57276.3125 0.83488750457763672 0.17724578082561493 0.48291915655136108 -0.08829113095998764 0.051047734916210175 22.733171463012695 0.04402552917599678 1.4478760022029746e-05 5.8709940731205279e-07 -4.6655222831759602e-05 -1.172590629039405e-07 -1.6514000833467435e-08 47 67.201507568359375 0.028087208047509193 0.30017554759979248
SN: 1285317 10 1 E2 3 0 9.4725339999999996 -43.314521999999997 0.56555002927780151 0.0010000000474974513 0.56440997123718262 0.0010000000474974513 0.56440997123718262 0.0018575912108644843 0 300 0 0 0.0045535159297287464 1 1 8859 -9 -9 0.56559997797012329 0.0010000000474974513 9.4726230000000005 -43.314402999999999 0.48899999260902405 1.0490000247955322 -9 8.5120000839233398 0.064000003039836884 -9999 -9999 0.22599999606609344 0.46799999475479126 -8.3050003051757812 0.53831219673156738 -0.15000000596046448 -999 24.709999084472656 24.030000686645508 23.829999923706055 23.889999389648438 0.029999999329447746 0.019999999552965164 0.029999999329447746 0.039999999105930328 2.4300000667572021 5.3499999046325684 6.369999885559082 5.1500000953674316 26.535984039306641 25.679115295410156 25.489650726318359 25.720481872558594 57265.2265625 18.330329895019531 17.912750244140625 15.319038391113281 44.047817230224609 riz 0 57268.4140625 0.73312091827392578 0.084989763796329498 0.6070563793182373 -0.025262456387281418 0.048828192055225372 22.974987030029297 0.053907305002212524 1.1587921108002774e-05 5.7534566622052807e-07 0.0081364177167415619 -2.0666264788360422e-07 -1.7106861704974108e-08 48 37.444114685058594 0.86409038305282593 0.08884594589471817
SN: 1282736 10 1 X2 3 0 35.809322000000002 -6.2680939999999996 0.37907999753952026 0.0010000000474974513 0.37797200679779053 0.0010000000474974513 0.37797200679779053 0.0017033324111253023 0 300 0 0 0.025153454393148422 2 2 -6742 -9 -9 0.37909999489784241 0.0010000000474974513 35.808936000000003 -6.2679410000000004 1.4880000352859497 1.4390000104904175 -1.3558857440948486 10.527999877929688 0.028999999165534973 -9999 -9999 0.4440000057220459 0.36500000953674316 -10.078000068664551 0.38238853216171265 1.031999945640564 -999 22.780000686645508 21.360000610351562 20.809999465942383 20.510000228881836 0.0099999997764825821 0 0 0 6.429999828338623 30.889999389648438 35.810001373291016 43.869998931884766 25.479473114013672 23.775455474853516 23.614990234375 23.394580841064453 57273.33203125 23.793710708618164 23.015853881835938 14.00710391998291 58.703788757324219 griz 0 57266.37109375 0.32983273267745972 -0.43978866934776306 0.33894363045692444 0.12157615274190903 0.031485959887504578 22.407678604125977 0.042617980390787125 1.9540186258382164e-05 7.6700331419488066e-07 0.0027914089150726795 -1.3716849878164794e-07 -1.5913700579517354e-08 55 57.511257171630859 0.38236695528030396 0.4309537410736084
SN: 1306378 10 0 S1 3 0 43.755080999999997 -0.032459000000000002 0.36195001006126404 0.0010000000474974513 0.36100900173187256 0.0010000000474974513 0.36100900173187256 0.0016896205488592386 0 300 0 0 0.061728209257125854 1 1 10286 -9 -9 0.3619999885559082 0.0010000000474974513 43.755099000000001 -0.032377999999999997 0.29699999094009399 0.31000000238418579 -9 10.46399974822998 0.013000000268220901 -9999 -9999 1.2940000295639038 0.125 -9.1529998779296875 0.12747548520565033 0.75199997425079346 -999 22.200000762939453 20.969999313354492 20.479999542236328 20.079999923706055 0 0 0 0 33.970001220703125 102.45999908447266 152.78999328613281 215.77999877929688 23.672260284423828 22.473613739013672 22.039762496948242 21.664972305297852 57299.2109375 16.172311782836914 15.223237037658691 11.566544532775879 43.420616149902344 griz 0 57286.453125 0.75570273399353027 2.2543685436248779 0.5197378396987915 0.19844518601894379 0.035485837608575821 22.50726318359375 0.04790903627872467 1.7827660485636443e-05 7.866607347750687e-07 0.0040246928110718727 -2.3575414331844513e-07 -1.7909343341671047e-08 52 48.343711853027344 0.61847299337387085 1.0011230707168579
SN: 1334597 10 1 X3 3 0 35.831271999999998 -4.06785 0.28999999165534973 0.0010000000474974513 0.28895300626754761 0.0010000000474974513 0.28895306587219238 0.0016320593422278762 0 300 0 0 0.020987706258893013 1 2 -14912 -9 -9 0.28999999165534973 0.0010000000474974513 35.831332000000003 -4.0677950000000003 0.29300001263618469 0.33199998736381531 -4.7485313415527344 9.1009998321533203 0.071000002324581146 -9999 -9999 -1.5549999475479126 8.4449996948242188 -10.642000198364258 8.4470481872558594 1.1740000247955322 -999 24.840000152587891 23.680000305175781 23.209999084472656 22.959999084472656 0.029999999329447746 0.0099999997764825821 0.0099999997764825821 0.0099999997764825821 2.440000057220459 7.9200000762939453 11.069999694824219 15.199999809265137 26.531524658203125 25.25318717956543 24.889631271362305 24.545391082763672 57345.13671875 127.45645904541016 97.453804016113281 91.642463684082031 308.91448974609375 griz 0 57343.87890625 0.17251265048980713 0.51055717468261719 0.12449125945568085 -0.036946740001440048 0.014445090666413307 21.235570907592773 0.019757431000471115 5.7513763749739155e-05 1.0465932973602321e-06 0.00015740597154945135 -6.7159881211864558e-08 -9.4677288231537204e-09 35 49.422740936279297 0.053821146488189697 0.21007268130779266
SN: 1337541 10 0 C3 3 0 52.050033999999997 -28.56514 1.0556099414825439 0.0010000000474974513 1.0547870397567749 0.0010000000474974513 1.0547871589660645 0.002286435104906559 0 300 0 0 0.0090972352772951126 3 5 369065 -9 -9 1.0556000471115112 0.0010000000474974513 52.050224 -28.564768999999998 1.4639999866485596 1.1469999551773071 -1.5993568897247314 10.826999664306641 0.008999999612569809 -9999 -9999 2.375999927520752 0 -8.4589996337890625 0 0.51099997758865356 -999 24.510000228881836 23.350000381469727 22.530000686645508 21.870000839233398 0.019999999552965164 0.0099999997764825821 0 0 2.8599998950958252 8.9099998474121094 17.340000152587891 29.760000228881836 26.359085083007812 25.12530517578125 24.402378082275391 23.81591796875 57365.13671875 12.725279808044434 10.469215393066406 -99 26.038776397705078 iz 0 57356.05859375 1.229053258895874 1.3586761951446533 0.81925487518310547 0.23439982533454895 0.12601137161254883 24.356927871704102 0.076299309730529785 3.2451064271299401e-06 2.2804746890869865e-07 0.0079647041857242584 -1.362937638305084e-07 5.3977364800061878e-09 24 21.412853240966797 0.61426663398742676 0.90310132503509521
SN: 1336693 10 0 X2 3 0 35.410259000000003 -5.7655849999999997 0.64929002523422241 0.0010000000474974513 0.64795100688934326 0.0010000000474974513 0.64795100688934326 0.0019285661401227117 0 300 0 0 0.020182490348815918 1 1 -16214 -9 -9 0.6492999792098999 0.0010000000474974513 35.409367000000003 -5.7659200000000004 3.4149999618530273 2.7320001125335693 -9 11.133000373840332 0.02500000037252903 -9999 -9999 -0.27799999713897705 0.67000001668930054 -11.38700008392334 0.6703946590423584 1.2990000247955322 -999 23.469999313354492 21.780000686645508 20.799999237060547 20.440000534057617 0.0099999997764825821 0 0 0 0.40000000596046448 0.77999997138977051 2.5299999713897705 3.2200000286102295 27.5 27.5 26.492198944091797 26.23036003112793 57339.15625 14.024391174316406 12.026925086975098 9.1746511459350586 32.655818939208984 riz 0 57345.34375 0.70141744613647461 -0.43533757328987122 0.51599025726318359 -0.049704428762197495 0.060792580246925354 23.194694519042969 0.055666033178567886 9.4650267783435993e-06 4.8527488161198562e-07 0.0084969531744718552 -1.7915989758421347e-07 -1.0817491791215161e-08 31 22.060033798217773 0.88111776113510132 0.22024527192115784
SN: 1277945 10 0 C3 3 0 52.630507999999999 -28.180814999999999 0.43424999713897705 0.0010000000474974513 0.43368598818778992 0.0010000000474974513 0.4336860179901123 0.0017487707082182169 0 300 0 0 0.006448949221521616 1 2 6081 -9 -9 0.4341999888420105 0.0010000000474974513 52.630699999999997 -28.180862999999999 0.63400000333786011 0.43200001120567322 -4.0604147911071777 11.217000007629395 0.004999999888241291 -9999 -9999 0.88300001621246338 0.69099998474121094 -10.354000091552734 0.69463801383972168 1.621999979019165 -999 22.799999237060547 20.899999618530273 20.049999237060547 19.719999313354492 0 0 0 0 18.840000152587891 106.20999908447266 204.86000061035156 293.260009765625 24.312297821044922 22.434585571289062 21.721357345581055 21.331867218017578 57255.3671875 25.912025451660156 16.522954940795898 13.87004566192627 58.518596649169922 riz 0 57259.4765625 0.43709045648574829 -0.80148196220397949 0.38120001554489136 0.031518269330263138 0.048468116670846939 22.760700225830078 0.058635219931602478 1.4116267266217619e-05 7.6234948664932745e-07 0.0080562401562929153 -2.0441970605133974e-07 -2.891620987099941e-08 29 24.308023452758789 0.71360224485397339 0.28707596659660339
SN: 1265623 10 0 C1 3 0 53.102936 -27.024719000000001 0.71044999361038208 0.0010000000474974513 0.70977902412414551 0.0010000000474974513 0.70977902412414551 0.0019817280117422342 0 300 0 0 0.0078812055289745331 1 2 954 -9 -9 0.71039998531341553 0.0010000000474974513 53.103417999999998 -27.02441 1.9029999971389771 2.4159998893737793 -1.2127169370651245 10.770999908447266 0.11500000208616257 -9999 -9999 -3.6080000400543213 6.3920001983642578 -14.520000457763672 6.398989200592041 1.503000020980835 -999 25.569999694824219 23.469999313354492 22.209999084472656 21.719999313354492 0.070000000298023224 0.0099999997764825821 0.0099999997764825821 0.0099999997764825821 0.28999999165534973 1.5499999523162842 7.4699997901916504 9.9099998474121094 27.5 27.024169921875 25.31669807434082 25.009815216064453 56660.08984375 10.365365982055664 6.4883852005004883 4.7088708877563477 19.011856079101562 riz 0 56665.59375 1.2110569477081299 -1.2948658466339111 0.88229084014892578 -0.021883582696318626 0.095199435949325562 23.906345367431641 0.079924814403057098 4.9143036449095234e-06 3.6175896411805297e-07 0.01197279617190361 -1.9104439274997276e-07 -3.1898046426448445e-09 25 22.954141616821289 0.58024132251739502 0.43774250149726868
SN: 1250435 10 0 X1 3 0 33.790329 -4.6266870000000004 0.49417999386787415 0.0010000000474974513 0.49292299151420593 0.0010000000474974513 0.49292302131652832 0.0017977190436795354 0 300 0 0 0.019282672554254532 1 1 15006 -9 -9 0.49419999122619629 0.0010000000474974513 33.790543 -4.6265369999999999 0.93999999761581421 1.3309999704360962 -9 9.9569997787475586 0.016000000759959221 -9999 -9999 0.55099999904632568 0.75800001621246338 -9.4090003967285156 0.76443767547607422 0.9779999852180481 -999 24.100000381469727 22.489999771118164 22.040000915527344 21.780000686645508 0.029999999329447746 0.0099999997764825821 0.0099999997764825821 0.0099999997764825821 4.320000171661377 20.559999465942383 30.399999618530273 39.869998931884766 25.911291122436523 24.217441558837891 23.792816162109375 23.498384475708008 56559.17578125 15.711918830871582 11.055568695068359 10.127543449401855 43.822174072265625 riz 0 56554.37109375 0.43215095996856689 -0.60685330629348755 0.43979936838150024 -0.003941709641367197 0.047334671020507812 22.760150909423828 0.052299890667200089 1.4123413166089449e-05 6.803245469200192e-07 0.0028892979025840759 -1.7814974739849276e-07 -2.1318090404065515e-08 40 48.862941741943359 0.1588316410779953 0.20271070301532745
SN: 1246791 10 0 X3 3 0 36.319378 -4.5755530000000002 0.83213001489639282 0.0010000000474974513 0.83065998554229736 0.0010000000474974513 0.83065998554229736 0.0020870526786893606 0 300 0 0 0.020685000345110893 1 1 17458 -9 -9 0.83209997415542603 0.0010000000474974513 36.319611999999999 -4.5753519999999996 1.1100000143051147 1.4670000076293945 -9 10.519000053405762 0.008999999612569809 -9999 -9999 0.68400001525878906 0.14499999582767487 -9.8360004425048828 0.15849605202674866 0.86500000953674316 -999 24.129999160766602 23.370000839233398 22.590000152587891 22.129999160766602 0.0099999997764825821 0.0099999997764825821 0.0099999997764825821 0 2.619999885559082 6.1999998092651367 10.510000228881836 16.969999313354492 26.454246520996094 25.519020080566406 24.945993423461914 24.42579460144043 56543.3828125 17.338916778564453 12.490070343017578 -99 40.300251007080078 ri 0 56546.78515625 1.1926118135452271 -0.72494912147521973 0.6932377815246582 -0.041525240987539291 0.065583020448684692 23.890090942382812 0.052506815642118454 4.9884229156305082e-06 2.4124295805449947e-07 0.0047615016810595989 -9.0855458267924405e-08 5.8270601677179457e-09 20 12.891728401184082 0.8819810152053833 0.27848514914512634
SN: 1265165 10 0 S1 3 0 42.984779000000003 0.088167999999999996 0.31845000386238098 0.0010000000474974513 0.31751999258995056 0.0010000000474974513 0.31752002239227295 0.0016547435661777854 0 300 0 0 0.060474585741758347 3 3 202949 -9 -9 0.31850001215934753 0.0010000000474974513 42.984779000000003 0.088167999999999996 0 0 -9.6951580047607422 10.861000061035156 0.014999999664723873 -9999 -9999 -1.437000036239624 8.5629997253417969 -12.034000396728516 8.5633735656738281 1.468999981880188 -999 -10 -10 -10 -10 -10 -10 -10 -10 33.209999084472656 130.38999938964844 212.16000366210938 288.6400146484375 23.696826934814453 22.211889266967773 21.683341979980469 21.349109649658203 56683.04296875 19.417692184448242 17.443134307861328 16.405490875244141 50.160778045654297 griz 0 56679.640625 0.48201966285705566 -1.6342837810516357 0.44062304496765137 -0.11051600426435471 0.036376450210809708 21.874443054199219 0.044667858630418777 3.1931747798807919e-05 1.3136918823875021e-06 0.0063546136952936649 -3.5603878245638043e-07 -2.765698603468536e-08 19 17.622442245483398 0.54777532815933228 0.65762722492218018
SN: 1260241 10 0 X3 3 0 36.660049000000001 -5.3578390000000002 0.33441999554634094 0.0010000000474974513 0.33336099982261658 0.0010000000474974513 0.33336102962493896 0.0016674005892127752 0 300 0 0 0.023126181215047836 1 1 19591 -9 -9 0.3343999981880188 0.0010000000474974513 36.660116000000002 -5.3578570000000001 0.24899999797344208 0.15899999439716339 -9 11.029000282287598 0.027000000700354576 -9999 -9999 -1.7719999551773071 8.2279996871948242 -12.791999816894531 8.2316770553588867 1.3919999599456787 -999 21.889999389648438 20.239999771118164 19.590000152587891 19.389999389648438 0 0 0 0 43.819999694824219 186.66999816894531 307.17999267578125 405.60000610351562 23.395818710327148 21.82231330871582 21.281517028808594 20.979755401611328 56636.15234375 41.195243835449219 34.503189086914062 33.623256683349609 109.06725311279297 griz 0 56638.19921875 0.24891820549964905 -0.50010454654693604 0.28297266364097595 0.0066939950920641422 0.02344859205186367 21.937410354614258 0.032376751303672791 3.0132536267046817e-05 8.9855495843949029e-07 0.00282106245867908 -1.7731451862346148e-07 -1.5003932318791158e-08 30 21.824033737182617 0.86036789417266846 0.16818821430206299
SN: 1258330 10 0 X2 3 0 36.064380999999997 -6.1270889999999998 0.52595001459121704 0.0010000000474974513 0.52472901344299316 0.0010000000474974513 0.52472901344299316 0.0018242537043988705 0 300 0 0 0.025916337966918945 1 1 16973 -9 -9 0.52600002288818359 0.0010000000474974513 36.064501999999997 -6.1268159999999998 1.0720000267028809 1.2740000486373901 -9 9.6610002517700195 0.039999999105930328 -9999 -9999 0.10899999737739563 0.024000000208616257 -9.5659999847412109 0.15585890412330627 0.43900001049041748 -999 24.100000381469727 23 22.610000610351562 22.430000305175781 0.019999999552965164 0.0099999997764825821 0.0099999997764825821 0.0099999997764825821 4.8499999046325684 11.289999961853027 18.690000534057617 19.809999465942383 25.785646438598633 24.868265151977539 24.320976257324219 24.257789611816406 56602.0546875 25.462129592895508 17.108163833618164 14.489789009094238 44.694465637207031 riz 0 56600.84375 0.7878258228302002 1.1057994365692139 0.57061535120010376 0.063375860452651978 0.047305844724178314 22.748933792114258 0.043628785759210587 1.427009283361258e-05 5.7342367654200643e-07 -0.00051172159146517515 -1.4582458618406235e-07 -1.6223363985545802e-08 30 34.581863403320312 0.25817230343818665 0.4248453676700592
SN: 1260058 10 0 S2 3 0 41.026179999999997 -1.884754 0.39050000905990601 0.0010000000474974513 0.38947999477386475 0.0010000000474974513 0.38947999477386475 0.0017126679886132479 0 300 0 0 0.025653904303908348 1 1 13666 -9 -9 0.39050000905990601 0.0010000000474974513 41.026254000000002 -1.884692 0.34799998998641968 0.50099998712539673 -9 9.8990001678466797 0.016000000759959221 -9999 -9999 0.17900000512599945 0.41699999570846558 -9.7049999237060547 0.41901072859764099 0.98600000143051147 -999 23.780000686645508 22.5 21.989999771118164 21.700000762939453 0.019999999552965164 0.0099999997764825821 0.0099999997764825821 0.0099999997764825821 7.6100001335144043 24.020000457763672 36.909999847412109 50.060001373291016 25.296539306640625 24.048566818237305 23.58213996887207 23.251272201538086 56635.04296875 35.254787445068359 29.146080017089844 19.589448928833008 87.481002807617188 riz 0 56636.9375 0.3049166202545166 0.47943809628486633 0.32133841514587402 0.050326794385910034 0.032647602260112762 21.896400451660156 0.041952937841415405 3.1292449421016499e-05 1.2091428516214364e-06 0.0032020998187363148 -2.4082899585664563e-07 -3.2108403047459433e-08 29 21.680788040161133 0.83316373825073242 0.23169411718845367
SN: 1255382 10 0 S2 3 0 41.216628999999998 -0.96590100000000001 0.58170998096466064 0.0010000000474974513 0.58055102825164795 0.0010000000474974513 0.58055102825164795 0.0018712230958044529 0 300 0 0 0.023468367755413055 1 1 13283 -9 -9 0.58170002698898315 0.0010000000474974513 41.216608000000001 -0.96596199999999999 0.23100000619888306 0.36000001430511475 -9 9.4600000381469727 0.035000000149011612 -9999 -9999 1.1100000143051147 1.128000020980835 -8.3439998626708984 1.1317455768585205 0.35899999737739563 -999 24.579999923706055 23.600000381469727 23.200000762939453 23.049999237060547 0.029999999329447746 0.019999999552965164 0.0099999997764825821 0.019999999552965164 3.5399999618530273 8.7600002288818359 12.229999542236328 14.100000381469727 26.127490997314453 25.143739700317383 24.78143310546875 24.626953125 56594.109375 14.007481575012207 7.7615756988525391 7.3093972206115723 32.619384765625 riz 0 56587.53125 0.67065167427062988 0.80919861793518066 0.64606553316116333 0.00260505685582757 0.061496175825595856 23.027748107910156 0.070984482765197754 1.1038271622965112e-05 7.2167256348620867e-07 0.0087529253214597702 -3.6820307514062733e-07 -1.929535287104045e-08 33 39.714908599853516 0.1956675797700882 0.26987257599830627
SN: 1249090 10 0 E1 3 0 8.4799950000000006 -42.312370000000001 0.38723999261856079 0.0010000000474974513 0.38620001077651978 0.0010000000474974513 0.386199951171875 0.0017100042896345258 0 300 0 0 0.0065847868099808693 1 1 7537 -9 -9 0.3871999979019165 0.0010000000474974513 8.4792609999999993 -42.312587999999998 2.1070001125335693 1.3309999704360962 -9 11.234999656677246 0.15199999511241913 -9999 -9999 -10 0 -21.375 0.3190000057220459 1.5729999542236328 -999 22.159999847412109 20.350000381469727 19.540000915527344 19.280000686645508 0 0 0 0 5.5900001525878906 20.690000534057617 43.340000152587891 53.560001373291016 25.6314697265625 24.210597991943359 23.407777786254883 23.177898406982422 56534.15625 28.913278579711914 19.177236557006836 12.828022956848145 59.980361938476562 riz 0 56535.98828125 0.60725653171539307 -1.6931791305541992 0.35544228553771973 0.032805837690830231 0.041622303426265717 22.460426330566406 0.041886836290359497 1.8613563952385448e-05 7.1809643031883752e-07 0.00082926260074600577 -5.9393137519236916e-08 -2.347180227957324e-08 34 30.964115142822266 0.61720579862594604 0.57488912343978882
SN: 1250925 10 0 X3 3 0 37.094893999999996 -4.009557 0.55269098281860352 0.00015999999595806003 0.55146199464797974 0.00015999999595806003 0.55146193504333496 0.0015607199165970087 0 300 0 0 0.023152541369199753 1 1 18412 -9 -9 0.5526999831199646 0.00019999999494757503 37.095148000000002 -4.0093959999999997 1.0809999704360962 0.99800002574920654 -9 10.894000053405762 0.0070000002160668373 -9999 -9999 -2.4509999752044678 7.5489997863769531 -13.329999923706055 7.5490002632141113 1.4550000429153442 -999 23.450000762939453 21.610000610351562 20.600000381469727 20.290000915527344 0.0099999997764825821 0 0 0 7.6999998092651367 42.319999694824219 83.199996948242188 129.1199951171875 25.283773422241211 23.433635711669922 22.699691772460938 22.222517013549805 56558.26171875 18.767845153808594 15.767667770385742 11.186919212341309 48.294166564941406 riz 0 56555.80859375 0.42959398031234741 -1.7352403402328491 0.41149961948394775 0.12711521983146667 0.054197728633880615 23.488258361816406 0.057085685431957245 7.2226534939545672e-06 3.7975166833348339e-07 0.0066325915977358818 -9.6291415729865548e-08 -1.5535091435481263e-08 31 24.433599472045898 0.79245954751968384 0.7170066237449646
SN: 1255545 10 0 X1 3 0 35.219250000000002 -4.3419460000000001 0.60313999652862549 0.0010000000474974513 0.60182499885559082 0.0010000000474974513 0.60182499885559082 0.0018892505904659629 0 300 0 0 0.017119139432907104 1 3 14452 -9 -9 0.6031000018119812 0.0010000000474974513 35.219349000000001 -4.3418510000000001 0.49300000071525574 0.4779999852180481 -3.7078075408935547 11.098999977111816 0.030999999493360519 -9999 -9999 0.17100000381469727 0.10000000149011612 -10.876999855041504 0.10562196373939514 1.2910000085830688 -999 23.709999084472656 21.979999542236328 20.940000534057617 20.569999694824219 0.019999999552965164 0 0 0 7.2199997901916504 36.430000305175781 94.879997253417969 139.49000549316406 25.353656768798828 23.596351623535156 22.557064056396484 22.138641357421875 56579.12890625 17.637739181518555 13.137228012084961 8.3036708831787109 35.110809326171875 riz 0 56583.703125 0.64503908157348633 0.55436944961547852 0.59525299072265625 -0.095601826906204224 0.057659544050693512 22.925451278686523 0.06106223538517952 1.2128850357839838e-05 6.8213137183192885e-07 0.004854271188378334 -3.0941424711272703e-07 -1.3265850640209464e-08 38 31.753534317016602 0.75249797105789185 0.36837425827980042
SN: 1254070 10 0 C2 3 0 54.677428999999997 -28.224115000000001 0.49305000901222229 0.0010000000474974513 0.49251601099967957 0.0010000000474974513 0.49251604080200195 0.0017973807407543063 0 300 0 0 0.01160890981554985 1 1 -1007 -9 -9 0.49309998750686646 0.0010000000474974513 54.677596000000001 -28.224132000000001 0.5339999794960022 0.73199999332427979 -9 10.684000015258789 0.039000000804662704 -9999 -9999 0.37099999189376831 10.371000289916992 -10.295000076293945 10.37132453918457 1.5579999685287476 -999 24.040000915527344 22.229999542236328 21.440000534057617 20.969999313354492 0.019999999552965164 0 0 0 5.1999998092651367 31.049999237060547 60.349998474121094 98.139999389648438 25.709991455078125 23.769845962524414 23.048305511474609 22.5203857421875 56575.1796875 27.79033088684082 14.87995433807373 9.7061395645141602 47.343891143798828 riz 0 56582.52734375 0.46351683139801025 0.094778925180435181 0.43179076910018921 -0.027121070772409439 0.047474991530179977 22.693241119384766 0.050530422478914261 1.502116174378898e-05 6.9908844579913421e-07 0.004052282776683569 -1.9211748281122709e-07 -2.0783605947372052e-08 36 43.047607421875 0.1950899064540863 0.095764920115470886
SN: 1252970 10 0 C2 3 0 54.600783999999997 -28.779387 0.46250000596046448 0.0010000000474974513 0.46197998523712158 0.0010000000474974513 0.46197998523712158 0.0017720717005431652 0 300 0 0 0.0099196508526802063 1 2 2530 -9 -9 0.46250000596046448 0.0010000000474974513 54.600653999999999 -28.779105999999999 1.0920000076293945 1.3869999647140503 -2.0442211627960205 10.36400032043457 0.013000000268220901 -9999 -9999 0.46700000762939453 0.018999999389052391 -9.8859996795654297 0.044283181428909302 0.6940000057220459 -999 22.420000076293945 21.370000839233398 20.860000610351562 20.489999771118164 0 0 0 0 12.119999885559082 36.979999542236328 46.919998168945312 66.699996948242188 24.791242599487305 23.580081939697266 23.321605682373047 22.939685821533203 56567.2109375 23.979770660400391 17.792934417724609 12.625638008117676 51.611587524414062 riz 0 56571.44140625 0.6352238655090332 0.75100648403167725 0.56426668167114258 0.2054850161075592 0.041505388915538788 23.084901809692383 0.044068079441785812 1.0472234862390906e-05 4.2504916564212181e-07 0.0034637621138244867 -1.1191031745738655e-07 -1.3256824971108472e-08 36 22.716983795166016 0.95844137668609619 0.72926294803619385
SN: 1257040 10 0 E1 3 0 8.2763609999999996 -42.806156000000001 0.35277000069618225 0.0010000000474974513 0.35176500678062439 0.0010000000474974513 0.35176503658294678 0.0016821734607219696 0 300 0 0 0.007439369335770607 1 1 7300 -9 -9 0.35280001163482666 0.0010000000474974513 8.2769119999999994 -42.807099999999998 3.6979999542236328 2.4340000152587891 -9 10.689000129699707 0.017999999225139618 -9999 -9999 0.70800000429153442 0.18999999761581421 -9.9829998016357422 0.20017242431640625 0.86799997091293335 -999 22.170000076293945 20.940000534057617 20.309999465942383 20.079999923706055 0 0 0 0 2.7200000286102295 6.4200000762939453 9.1599998474121094 10.479999542236328 26.413578033447266 25.481163024902344 25.095260620117188 24.9490966796875 56594.02734375 53.456272125244141 40.367134094238281 36.321300506591797 109.9505615234375 griz 0 56596.63671875 0.43118634819984436 -0.35328453779220581 0.27718186378479004 -0.035644073039293289 0.018475789576768875 21.820266723632812 0.023918284103274345 3.3565491321496665e-05 7.3943277811849839e-07 0.0011918325908482075 -8.7507068258219078e-08 -7.521347988870275e-09 40 46.249595642089844 0.2299436628818512 0.1672855019569397
SN: 1246527 10 0 X3 3 0 36.018959000000002 -5.0162779999999998 0.32183998823165894 0.0010000000474974513 0.32077598571777344 0.0010000000474974513 0.32077598571777344 0.0016573405591771007 0 300 0 0 0.023863857612013817 1 2 20172 -9 -9 0.32179999351501465 0.0010000000474974513 36.019295999999997 -5.0156960000000002 2.4200000762939453 1.1729999780654907 -2.9465959072113037 11.119999885559082 0.017000000923871994 -9999 -9999 0.6380000114440918 0.086000002920627594 -10.751999855041504 0.2455524355173111 1.5219999551773071 -999 21.659999847412109 19.920000076293945 19.239999771118164 19.010000228881836 0 0 0 0 20.649999618530273 70.889999389648438 107.95999908447266 147.02999877929688 24.212699890136719 22.873537063598633 22.416843414306641 22.081485748291016 56552.20703125 54.01837158203125 51.067348480224609 46.549476623535156 168.07695007324219 griz 0 56550.86328125 0.17580804228782654 -0.15279005467891693 0.17148700356483459 0.052538398653268814 0.017238382250070572 21.996622085571289 0.02426408976316452 2.8533228032756597e-05 6.3766208313609241e-07 0.0011016414500772953 -7.0679782027127658e-08 -8.0240365463168928e-09 38 25.161354064941406 0.94549494981765747 0.18238332867622375
SN: 1264039 10 0 C3 3 0 52.154156 -28.383852000000001 0.42517000436782837 0.0010000000474974513 0.42460000514984131 0.0010000000474974513 0.42460000514984131 0.0017413195455446839 0 300 0 0 0.0075024398975074291 1 2 3756 -9 -9 0.42519998550415039 0.0010000000474974513 52.154263 -28.383789 0.40799999237060547 0.57899999618530273 -3.5699844360351562 9.1619997024536133 0.012000000104308128 -9999 -9999 0.55699998140335083 0.26399999856948853 -8.5939998626708984 0.28374636173248291 0.21299999952316284 -999 23.719999313354492 22.809999465942383 22.590000152587891 22.399999618530273 0.0099999997764825821 0 0 0.0099999997764825821 7.2199997901916504 17.239999771118164 19.629999160766602 22.579999923706055 25.353656768798828 24.408657073974609 24.2677001953125 24.115690231323242 56675.17578125 61.043922424316406 45.626094818115234 35.912239074707031 137.14659118652344 riz 0 56673.9609375 0.29817730188369751 0.18167588114738464 0.33294641971588135 -0.075864627957344055 0.031738139688968658 22.474054336547852 0.040635507553815842 1.8381384506938048e-05 6.879542979731923e-07 0.0047637484967708588 -1.5817873588730436e-07 -1.8534796808467036e-08 18 11.876469612121582 0.85354912281036377 0.26003211736679077
SN: 1271436 10 0 C3 3 0 52.201613999999999 -28.021826000000001 0.79583001136779785 0.0010000000474974513 0.79510897397994995 0.0010000000474974513 0.79510903358459473 0.0020558983087539673 0 300 0 0 0.0070620751939713955 2 2 4602 -9 -9 0.79579997062683105 0.0010000000474974513 52.202198000000003 -28.021929 1.8910000324249268 1.5449999570846558 -1.1760717630386353 11.366000175476074 0.026000000536441803 -9999 -9999 1.6210000514984131 0.82300001382827759 -9.6829996109008789 0.82387679815292358 1.1150000095367432 -999 23.329999923706055 22.020000457763672 20.850000381469727 20.350000381469727 0 0 0 0 5.940000057220459 17.209999084472656 41.310001373291016 47.099998474121094 25.565534591674805 24.410547256469727 23.459861755371094 23.317447662353516 56668.140625 31.071796417236328 21.219135284423828 16.681150436401367 65.929222106933594 riz 0 56671.8828125 0.55376517772674561 1.0831501483917236 0.49967214465141296 -0.074553683400154114 0.037061549723148346 23.711433410644531 0.039131123572587967 5.8806676861422602e-06 2.1194571786509186e-07 0.0044782646000385284 -7.9101361905031808e-08 -9.5407914901812774e-10 21 23.798749923706055 0.30291154980659485 0.43830981850624084
SN: 1251436 10 0 S2 3 0 41.620407 -0.26305600000000001 0.57463997602462769 0.0010000000474974513 0.57349401712417603 0.0010000000474974513 0.57349395751953125 0.0018652580911293626 0 300 0 0 0.02800978347659111 1 2 13013 -9 -9 0.5745999813079834 0.0010000000474974513 41.620773 -0.26299 1.3389999866485596 1.7480000257492065 -2.3636624813079834 10.281000137329102 0.012000000104308128 -9999 -9999 0.58600002527236938 0.017999999225139618 -9.6780004501342773 0.025455843657255173 0.55099999904632568 -999 22.920000076293945 21.829999923706055 21.389999389648438 21.129999160766602 0.0099999997764825821 0 0 0 8.0900001525878906 25.180000305175781 42.669998168945312 43.990001678466797 25.230129241943359 23.997360229492188 23.424694061279297 23.39161491394043 56547.234375 8.304356575012207 7.512639045715332 6.1009526252746582 23.160444259643555 riz 0 56544.09375 0.98969852924346924 -1.8062038421630859 0.83670949935913086 0.18664455413818359 0.085490033030509949 23.514537811279297 0.0796160027384758 7.0499313551408704e-06 5.1696474656637292e-07 0.0015924321487545967 -2.1050227871910465e-07 -2.5788608581933659e-08 38 33.213626861572266 0.69024574756622314 0.86576825380325317
SN: 1312164 10 0 E2 3 0 9.0547500000000003 -43.600414000000001 0.52438002824783325 0.0010000000474974513 0.52327299118041992 0.0010000000474974513 0.52327299118041992 0.0018230353016406298 0 300 0 0 0.0067891827784478664 2 3 20938 -9 -9 0.52439999580383301 0.0010000000474974513 9.0548490000000008 -43.600557999999999 0.57800000905990601 0.63300001621246338 -2.1287534236907959 9.6639995574951172 0.02500000037252903 -9999 -9999 0.42899999022483826 0.55699998140335083 -9.2349996566772461 0.6198652982711792 0.81199997663497925 -999 24.600000381469727 23.559999465942383 23.170000076293945 23.010000228881836 0.029999999329447746 0.0099999997764825821 0.0099999997764825821 0.019999999552965164 3.0499999523162842 8.4099998474121094 12.390000343322754 14.140000343322754 26.289249420166016 25.188009262084961 24.767322540283203 24.623876571655273 56675.05859375 8.764765739440918 5.6422505378723145 4.506317138671875 21.121614456176758 riz 0 56671.90625 1.1206889152526855 -0.23037607967853546 0.9754033088684082 -0.065521456301212311 0.094102628529071808 23.233200073242188 0.094560466706752777 9.1352367235231213e-06 7.9561891652701888e-07 0.015316128730773926 -4.0997093719852273e-07 -3.6990527974012366e-08 13 5.1568794250488281 0.97157526016235352 0.23151175677776337
SN: 1248907 10 1 E1 3 0 7.2813860000000004 -43.140999000000001 0.17139999568462372 0.0010000000474974513 0.17053000628948212 0.0010000000474974513 0.17052996158599854 0.0015401197597384453 0 300 0 0 0.0054635098204016685 2 2 6520 -9 -9 0.17139999568462372 0.0010000000474974513 7.2814819999999996 -43.140974999999997 0.26600000262260437 0.40099999308586121 -2.9711904525756836 8.439000129699707 0.02199999988079071 -9999 -9999 -1.184999942779541 1.7419999837875366 -9.6499996185302734 1.7443752288818359 0.61100000143051147 -999 23.510000228881836 22.920000076293945 22.709999084472656 22.600000381469727 0.0099999997764825821 0.0099999997764825821 0.0099999997764825821 0.0099999997764825821 9.2899999618530273 15.739999771118164 19.610000610351562 21.659999847412109 25.079959869384766 24.507488250732422 24.268806457519531 24.160854339599609 56547.08203125 213.06080627441406 178.5828857421875 94.397323608398438 593.88336181640625 griz 0 56548.37109375 0.13379111886024475 0.59584081172943115 0.12663678824901581 0.012433848343789577 0.014073353260755539 19.846689224243164 0.019079381600022316 0.00020669220248237252 3.6321525840321556e-06 0.00034215324558317661 -2.4873941129044397e-07 -3.5470254289293734e-08 41 65.88958740234375 0.0081376126036047935 0.20289196074008942
SN: 1251600 10 0 X3 3 0 35.695144999999997 -4.2281399999999998 0.55887001752853394 0.0010000000474974513 0.55760198831558228 0.0010000000474974513 0.5576019287109375 0.0018518536817282438 0 300 0 0 0.023453859612345695 1 2 20127 -9 -9 0.55889999866485596 0.0010000000474974513 35.695177000000001 -4.2281909999999998 0.21500000357627869 0.25499999523162842 -4.941889762878418 10.701999664306641 0.037000000476837158 -9999 -9999 -2.6489999294281006 1.6699999570846558 -13.329999923706055 1.6704789400100708 1.4450000524520874 -999 23.680000305175781 21.840000152587891 20.879999160766602 20.569999694824219 0.0099999997764825821 0 0 0 7.570000171661377 41.340000152587891 87.669998168945312 121.58999633789062 25.30225944519043 23.459074020385742 22.642871856689453 22.287755966186523 56558.265625 35.62847900390625 26.271335601806641 17.95570182800293 80.579093933105469 riz 0 56560.92578125 0.4374653697013855 -0.44742262363433838 0.27782177925109863 -0.12621133029460907 0.034571148455142975 22.978118896484375 0.032318603247404099 1.1554529919521883e-05 3.4393832493151422e-07 0.0014507878804579377 -5.0768278470059158e-08 -7.2898909131424716e-09 32 42.363735198974609 0.10407534241676331 0.44635772705078125
SN: 1258249 10 0 X1 3 0 35.265403999999997 -4.7310480000000004 0.62237000465393066 0.0010000000474974513 0.62104302644729614 0.0010000000474974513 0.62104296684265137 0.001905593671835959 0 300 0 0 0.019414065405726433 1 1 14956 -9 -9 0.62239998579025269 0.0010000000474974513 35.265745000000003 -4.7311500000000004 1.2769999504089355 1.8400000333786011 -9 9.2849998474121094 0.039000000804662704 -9999 -9999 1.1490000486373901 1.1189999580383301 -8.1350002288818359 1.1253097057342529 0.25099998712539673 -999 24.680000305175781 23.840000152587891 23.389999389648438 23.280000686645508 0.039999999105930328 0.019999999552965164 0.019999999552965164 0.019999999552965164 2.2999999523162842 4.5300002098083496 6.619999885559082 7.869999885559082 26.595680236816406 25.85975456237793 25.447854995727539 25.260063171386719 56602.0703125 13.028927803039551 10.588994979858398 8.1138010025024414 23.805652618408203 riz 0 56605.49609375 1.0908758640289307 -1.2124849557876587 0.77195823192596436 0.031354516744613647 0.087486833333969116 23.505624771118164 0.080642469227313995 7.1080471570894588e-06 5.2794638349951128e-07 0.01397128589451313 -2.6190519974989002e-07 -2.2879062200331646e-08 35 25.809793472290039 0.87097179889678955 0.41745665669441223
SN: 1261191 10 0 C1 3 0 53.317920999999998 -26.684483 0.66211998462677002 0.0010000000474974513 0.66146999597549438 0.0010000000474974513 0.66146993637084961 0.0019401460886001587 0 300 0 0 0.0079926988109946251 1 1 -2586 -9 -9 0.66210001707077026 0.0010000000474974513 53.317905000000003 -26.684480000000001 0.052000001072883606 0.097999997437000275 -9 9.0360002517700195 0.072999998927116394 -9999 -9999 -0.15099999308586121 0.071000002324581146 -9.2349996566772461 0.25508037209510803 0.21500000357627869 -999 24.969999313354492 24.239999771118164 23.690000534057617 23.690000534057617 0.039999999105930328 0.029999999329447746 0.019999999552965164 0.029999999329447746 1.7899999618530273 3.9700000286102295 7.1100001335144043 6.5999999046325684 26.867866516113281 26.003023147583008 25.370326995849609 25.451139450073242 56660.09765625 10.861302375793457 10.282500267028809 10.22309684753418 31.735370635986328 riz 0 56649.90625 0.98587882518768311 1.8761105537414551 0.81112962961196899 0.14783792197704315 0.062083519995212555 23.509819030761719 0.068663537502288818 7.0806368057674263e-06 4.4778977326132008e-07 0.019173631444573402 -2.7754234110943798e-07 -1.6291437532345299e-08 31 17.330337524414062 0.97720158100128174 0.79619902372360229
SN: 1265349 10 0 X3 3 0 36.214404999999999 -4.2284829999999998 0.80084002017974854 0.0010000000474974513 0.79939001798629761 0.0010000000474974513 0.79939007759094238 0.0020596422255039215 0 300 0 0 0.023444237187504768 1 1 18406 -9 -9 0.80080002546310425 0.0010000000474974513 36.214395000000003 -4.2284499999999996 0.125 0.10100000351667404 -9 11.046999931335449 0.057000000029802322 -9999 -9999 -0.79100000858306885 9.2089996337890625 -11.800999641418457 9.2092580795288086 1.4119999408721924 -999 25.110000610351562 23.100000381469727 21.840000152587891 21.260000228881836 0.029999999329447746 0 0 0 1.8799999952316284 13.640000343322754 43.069999694824219 72.370002746582031 26.814605712890625 24.6629638671875 23.414562225341797 22.851104736328125 56683.0859375 14.619966506958008 9.8867568969726562 7.8768157958984375 31.150850296020508 riz 0 56677.6875 1.0532990694046021 -0.17594785988330841 0.94179439544677734 -0.084944717586040497 0.066353887319564819 23.929298400878906 0.065604217350482941 4.8114993660419714e-06 2.9072867846480221e-07 0.02140161395072937 -1.9774114434767398e-07 -2.8189928169553014e-09 13 5.9155817031860352 0.94917136430740356 0.28915932774543762
SN: 1255423 10 0 S2 3 0 41.982647 -1.0197590000000001 0.66800999641418457 0.0010000000474974513 0.66680997610092163 0.0010000000474974513 0.66681003570556641 0.0019447271479293704 0 300 0 0 0.038967423141002655 2 2 13385 -9 -9 0.6679999828338623 0.0010000000474974513 41.982647 -1.0197590000000001 0 0 -7.5418510437011719 10.194000244140625 0.012000000104308128 -9999 -9999 1.8799999952316284 0.35499998927116394 -8.300999641418457 0.35692295432090759 0.29499998688697815 -999 -10 -10 -10 -10 -10 -10 -10 -10 10.479999542236328 23.940000534057617 38.759998321533203 44.900001525878906 24.9490966796875 24.052188873291016 23.529041290283203 23.369384765625 56653.10546875 11.680028915405273 10.288896560668945 9.4856119155883789 31.628070831298828 riz 0 56659.0078125 0.86932605504989624 1.0134319067001343 0.76825737953186035 0.10440924018621445 0.057325448840856552 23.217489242553711 0.056297555565834045 9.2683931143255904e-06 4.8058439006126719e-07 0.0052650352008640766 -2.4735169290579506e-07 -1.0451869592031926e-08 26 33.629486083984375 0.14460937678813934 0.48501694202423096
SN: 1264049 10 0 S1 3 0 42.421756999999999 0.269428 0.54508000612258911 0.0010000000474974513 0.54397499561309814 0.0010000000474974513 0.54397499561309814 0.0018403914291411638 0 300 0 0 0.04822096973657608 1 2 9989 -9 -9 0.54509997367858887 0.0010000000474974513 42.42183 0.26942300000000002 0.26499998569488525 0.37400001287460327 -4.1366724967956543 9.2910003662109375 0.017000000923871994 -9999 -9999 1.2209999561309814 0.28499999642372131 -8.0430002212524414 0.28822559118270874 0.081000000238418579 -999 23.540000915527344 22.780000686645508 22.510000228881836 22.440000534057617 0.0099999997764825821 0.0099999997764825821 0.0099999997764825821 0.0099999997764825821 8.4600000381469727 17.120000839233398 21.489999771118164 24.579999923706055 25.181573867797852 24.416240692138672 24.169408798217773 24.023544311523438 56683.046875 13.684611320495605 13.394301414489746 11.160347938537598 40.226276397705078 riz 0 56672.75 0.68356144428253174 1.0171657800674438 0.67028915882110596 0.047942750155925751 0.056587371975183487 22.802900314331055 0.064413323998451233 1.3578133803093806e-05 8.0554809755994938e-07 0.016646320000290871 -4.0468682982464088e-07 -3.407272686217766e-08 17 11.35943603515625 0.83728045225143433 0.37482988834381104
SN: 1246650 10 0 X3 3 0 35.910468999999999 -5.1076769999999998 0.9104200005531311 0.0010000000474974513 0.90887898206710815 0.0010000000474974513 0.90887904167175293 0.0021560804452747107 0 300 0 0 0.02248309925198555 1 1 19288 -9 -9 0.91039997339248657 0.0010000000474974513 35.909571 -5.1076709999999999 3.2219998836517334 2.1789999008178711 -9 11.211000442504883 0.0070000002160668373 -9999 -9999 0.046000000089406967 10.045999526977539 -11.163999557495117 10.046150207519531 1.378000020980835 -999 25.770000457763672 23.5 22.280000686645508 21.5 0.05000000074505806 0.0099999997764825821 0 0 0.20000000298023224 0.6600000262260437 1.6100000143051147 2.5899999141693115 27.5 27.5 26.982934951782227 26.466751098632812 56547.36328125 11.02288818359375 8.9163217544555664 -99 27.734289169311523 iz 0 56548.41796875 1.261364221572876 -0.44943934679031372 0.8612406849861145 -0.02403857558965683 0.12897783517837524 24.478069305419922 0.065215021371841431 2.9024997729720781e-06 1.7433939092370565e-07 0.02574739046394825 -1.0731093880167464e-07 -6.6522920505462935e-09 23 15.314664840698242 0.88300228118896484 0.1698957234621048
SN: 1260159 10 0 X1 3 0 34.788173999999998 -4.0370889999999999 0.43152999877929688 0.0010000000474974513 0.43034398555755615 0.0010000000474974513 0.43034398555755615 0.001746028196066618 0 300 0 0 0.018989784643054008 1 1 13840 -9 -9 0.43149998784065247 0.0010000000474974513 34.788072 -4.0375220000000001 1.6019999980926514 1.2339999675750732 -9 10.998000144958496 0.070000000298023224 -9999 -9999 0.16099999845027924 10.16100025177002 -10.814000129699707 10.161605834960938 1.2979999780654907 -999 22.989999771118164 21.139999389648438 20.370000839233398 20.059999465942383 0.0099999997764825821 0 0 0 6.3600001335144043 27.069999694824219 40.830001831054688 51.529998779296875 25.491357803344727 23.918779373168945 23.472551345825195 23.2198486328125 56635.05859375 23.197484970092773 16.41581916809082 11.619044303894043 38.516170501708984 riz 0 56631.671875 0.75762200355529785 -1.9919717311859131 0.53625571727752686 0.029998272657394409 0.071710988879203796 22.798023223876953 0.079787269234657288 1.3639260032505263e-05 1.0023054528573994e-06 0.0022624628618359566 -1.5812213405297371e-07 -1.8562294812340951e-08 32 22.779491424560547 0.88512784242630005 0.67147773504257202
SN: 1249137 10 0 E1 3 0 8.1352239999999991 -42.493057 0.22396999597549438 0.0010000000474974513 0.22305400669574738 0.0010000000474974513 0.22305405139923096 0.0015804612776264548 0 300 0 0 0.0085306521505117416 1 2 8037 -9 -9 0.22400000691413879 0.0010000000474974513 8.1351429999999993 -42.493211000000002 0.59500002861022949 0.62400001287460327 -3.4915792942047119 9.7209997177124023 0.0099999997764825821 -9999 -9999 0.56800001859664917 0.23499999940395355 -9.1529998779296875 0.23622235655784607 0.74599999189376831 -999 21.809999465942383 21.069999694824219 20.629999160766602 20.549999237060547 0 0 0 0 44.080001831054688 90.279998779296875 121.94999694824219 145.66000366210938 23.389396667480469 22.611021041870117 22.2845458984375 22.091648101806641 56534.15625 79.990142822265625 70.98992919921875 45.966434478759766 166.83114624023438 griz 0 56531.8125 0.22296231985092163 0.098093859851360321 0.17343378067016602 0.097418740391731262 0.018828017637133598 21.274406433105469 0.025536155328154564 5.5492913816124201e-05 1.3051749192527495e-06 0.00095417833654209971 -1.1770212182682371e-07 -1.9860774358448907e-08 39 29.844213485717773 0.85405242443084717 0.32637119293212891
SN: 1265011 10 0 S2 3 0 42.213222999999999 -1.109302 0.34784999489784241 0.0010000000474974513 0.34688600897789001 0.0010000000474974513 0.3468860387802124 0.0016782500315457582 0 300 0 0 0.049272879958152771 1 2 12827 -9 -9 0.34779998660087585 0.0010000000474974513 42.213434999999997 -1.1091390000000001 0.96100002527236938 0.81099998950958252 -3.219871997833252 10.460000038146973 0.012000000104308128 -9999 -9999 1.6360000371932983 0.090999998152256012 -8.758000373840332 0.094641432166099548 0.51499998569488525 -999 21.479999542236328 20.489999771118164 20.129999160766602 19.819999694824219 0 0 0 0 52.830001831054688 134.66999816894531 187.58999633789062 257.32998657226562 23.192798614501953 22.176822662353516 21.816976547241211 21.473773956298828 56682.0390625 22.012228012084961 21.111391067504883 18.82696533203125 59.369918823242188 griz 0 56680.34375 0.53586912155151367 -0.99219042062759399 0.50735127925872803 -0.11094965785741806 0.030112318694591522 21.558650970458984 0.035796206444501877 4.2710991692729294e-05 1.4081610970606562e-06 0.007325315847992897 -4.2193863691863953e-07 -2.648439867414254e-08 20 27.234455108642578 0.12879571318626404 0.4961434006690979
SN: 1257905 10 0 S1 3 0 42.168072000000002 -0.61825300000000005 0.615090012550354 0.0010000000474974513 0.61393100023269653 0.0010000000474974513 0.61393094062805176 0.0018995393766090274 0 300 0 0 0.03619009256362915 3 3 10736 -9 -9 0.61510002613067627 0.0010000000474974513 42.168120999999999 -0.61822699999999997 0.20000000298023224 0.37099999189376831 -3.0606012344360352 8.0530004501342773 0.061000000685453415 -9999 -9999 0.67100000381469727 0.45600000023841858 -7.3979997634887695 0.49247539043426514 -0.4869999885559082 -999 24.780000686645508 24.430000305175781 24.040000915527344 24.430000305175781 0.039999999105930328 0.029999999329447746 0.029999999329447746 0.070000000298023224 2.2300000190734863 4.869999885559082 5.7100000381469727 3.8299999237060547 26.629238128662109 25.781177520751953 25.608409881591797 26.042003631591797 56590.3125 16.896955490112305 12.71918773651123 10.424968719482422 32.430309295654297 riz 0 56601.578125 1.1362066268920898 0.87615877389907837 0.67762243747711182 -0.011929603293538094 0.05742659792304039 23.157855987548828 0.052244480699300766 9.7916954473475926e-06 4.7116606083363877e-07 0.0038838617037981749 -1.8394385392639379e-07 -1.1081546347213589e-08 41 43.596511840820312 0.3615853488445282 0.29474768042564392
SN: 1287883 10 0 E1 3 0 7.1644009999999998 -43.032947999999998 0.65842002630233765 0.0010000000474974513 0.65718400478363037 0.0010000000474974513 0.65718400478363037 0.0019364721374586225 0 300 0 0 0.0060525671578943729 1 1 7880 -9 -9 0.65839999914169312 0.0010000000474974513 7.1643889999999999 -43.032947 0.030999999493360519 0.046000000089406967 -9 10.590999603271484 0.037000000476837158 -9999 -9999 0.10400000214576721 2.4760000705718994 -10.513999938964844 2.4778993129730225 1.2220000028610229 -999 23.959999084472656 22.200000762939453 21.290000915527344 20.969999313354492 0.019999999552965164 0 0 0 5.380000114440918 27.909999847412109 65.089996337890625 86.599998474121094 25.673044204711914 23.885601043701172 22.966213226318359 22.656204223632812 56667.0625 8.8340129852294922 6.9170002937316895 4.8945794105529785 20.668121337890625 riz 0 56670.16796875 0.92002952098846436 -0.10361381620168686 0.7794029712677002 -0.046509943902492523 0.087987586855888367 23.256851196289062 0.085533201694488525 8.9383993326919153e-06 7.0415808295365423e-07 0.023218249902129173 -4.0608645690554113e-07 -2.2552280043441897e-08 16 8.5803031921386719 0.9296867847442627 0.15883369743824005
SN: 1260889 10 0 E2 3 0 9.0155799999999999 -44.719231000000001 0.5299299955368042 0.0010000000474974513 0.52884602546691895 0.0010000000474974513 0.52884602546691895 0.0018277006456628442 0 300 0 0 0.0088933045044541359 1 1 9192 -9 -9 0.52990001440048218 0.0010000000474974513 9.0158950000000004 -44.719161 0.84500002861022949 0.88999998569488525 -9 10.477999687194824 0.016000000759959221 -9999 -9999 0.22599999606609344 0.10700000077486038 -10.251999855041504 0.15562133491039276 1.5410000085830688 -999 24.719999313354492 23.260000228881836 22.600000381469727 22.149999618530273 0.029999999329447746 0.0099999997764825821 0.0099999997764825821 0.0099999997764825821 2.2000000476837158 10.109999656677246 17.079999923706055 28.309999465942383 26.643943786621094 24.988122940063477 24.418781280517578 23.870151519775391 56635.08984375 17.240711212158203 12.376155853271484 10.591561317443848 40.467323303222656 riz 0 56633.375 0.7728227972984314 1.258314847946167 0.63201904296875 0.066412791609764099 0.052590295672416687 23.011323928833008 0.056256096810102463 1.1206509952899069e-05 5.8065165831067134e-07 0.0067345127463340759 -2.2933711818495794e-07 -1.8911688215439426e-08 28 24.868295669555664 0.63499414920806885 0.47427394986152649
SN: 1262128 10 1 C2 3 0 53.267674 -29.469211999999999 0.11365000158548355 0.0010000000474974513 0.11323399841785431 0.0010000000474974513 0.11323404312133789 0.0014969783369451761 0 300 0 0 0.0078829433768987656 1 2 -4817 -9 -9 0.11370000243186951 0.0010000000474974513 53.271968000000001 -29.469991 13.746999740600586 3.7650001049041748 0.17619554698467255 11.079999923706055 0.082999996840953827 -9999 -9999 0.51999998092651367 10.520000457763672 -10.470000267028809 10.520514488220215 1.4639999866485596 -999 19.139999389648438 18.069999694824219 17.520000457763672 17.25 0 0 0 0 3.0999999046325684 6.6500000953674316 9.1800003051757812 11.109999656677246 26.271595001220703 25.44294548034668 25.092893600463867 24.885715484619141 56653.1640625 142.98094177246094 137.36528015136719 70.190353393554688 326.71200561523438 gri 0 56653.24609375 0.23346951603889465 -2.7137143611907959 0.20005297660827637 0.011926651932299137 0.02843056432902813 19.890468597412109 0.034429807215929031 0.00019852390687447041 6.2953968154033646e-06 0.00097141537116840482 -4.8585155809632852e-07 -1.4128121961221041e-07 20 20.766599655151367 0.41098305583000183 0.90544462203979492
SN: 1263829 10 0 C1+C3 3 0 53.262591999999998 -27.347329999999999 0.50128000974655151 0.0010000000474974513 0.50069797039031982 0.0010000000474974513 0.50069797039031982 0.0018041896400973201 0 300 0 0 0.0062766573391854763 1 1 4950 -9 -9 0.50129997730255127 0.0010000000474974513 53.262849000000003 -27.348008 2.5750000476837158 1.6529999971389771 -9 10.996000289916992 0.02199999988079071 -9999 -9999 0.2669999897480011 10.267000198364258 -10.781000137329102 10.267187118530273 1.5509999990463257 -999 23.190000534057617 21.290000915527344 20.559999465942383 20.079999923706055 0.0099999997764825821 0 0 0 2.130000114440918 9.1700000762939453 18.459999084472656 22.229999542236328 26.679050445556641 25.094076156616211 24.334421157836914 24.132652282714844 56667.1171875 34.575798034667969 19.501447677612305 16.35411262512207 64.037773132324219 riz 0 56665.125 0.40370362997055054 -2.5445301532745361 0.36808189749717712 0.12069892883300781 0.045423891395330429 23.569252014160156 0.051374245434999466 6.7034598032478243e-06 3.1719048365630442e-07 0.0036436580121517181 -5.0510752913623946e-08 -1.1662456778083197e-08 48 34.110855102539062 0.934914231300354 0.93876141309738159
SN: 1249395 10 0 S2 3 0 41.475582000000003 -1.5501860000000001 0.55625998973846436 0.0010000000474974513 0.55512899160385132 0.0010000000474974513 0.55512905120849609 0.0018497713608667254 0 300 0 0 0.03030812181532383 1 1 13232 -9 -9 0.55629998445510864 0.0010000000474974513 41.475780999999998 -1.5502560000000001 0.75800001621246338 0.74800002574920654 -9 10.53600025177002 0.026000000536441803 -9999 -9999 -2.8169999122619629 1.6679999828338623 -13.329000473022461 1.6683263778686523 1.1480000019073486 -999 23.680000305175781 21.889999389648438 21.170000076293945 20.840000152587891 0.0099999997764825821 0 0 0 7.9600000381469727 41.380001068115234 75.769996643066406 107.88999938964844 25.247716903686523 23.458023071289062 22.80125617980957 22.417547225952148 56547.23046875 15.886497497558594 12.222811698913574 9.8698034286499023 42.866001129150391 riz 0 56539.26953125 1.699273943901062 0.78796547651290894 0.84324586391448975 -0.10920683294534683 0.048182327300310135 22.899751663208008 0.038606174290180206 1.2419366612448357e-05 4.4160287870909087e-07 -0.00096231308998540044 -1.3640486429267185e-07 -8.8163538691787835e-09 37 34.697273254394531 0.57747828960418701 0.44888785481452942
SN: 1263130 10 0 C3 3 0 52.374332000000003 -28.327791000000001 0.68084001541137695 0.0010000000474974513 0.68017399311065674 0.0010000000474974513 0.68017399311065674 0.0019562088418751955 0 300 0 0 0.0070061711594462395 4 9 3813 -9 -9 0.68080002069473267 0.0010000000474974513 52.374234999999999 -28.327821 0.32600000500679016 0.40099999308586121 -2.3976387977600098 11.189000129699707 0.010999999940395355 -9999 -9999 -1.7139999866485596 0.39500001072883606 -12.89900016784668 0.39500001072883606 1.6269999742507935 -999 23.989999771118164 22.040000915527344 20.940000534057617 20.389999389648438 0.0099999997764825821 0 0 0 6.070000171661377 36.130001068115234 100.62000274658203 148.52000427246094 25.542028427124023 23.605329513549805 22.493289947509766 22.070537567138672 56653.17578125 25.631153106689453 16.745281219482422 11.555788993835449 47.912948608398438 riz 0 56656.47265625 0.61992287635803223 -1.7493921518325806 0.46888250112533569 0.054151304066181183 0.050201896578073502 23.763774871826172 0.038806065917015076 5.6038988986983895e-06 2.0029291647460923e-07 0.0034091700799763203 -4.8477549086101135e-08 -3.394649450427778e-09 26 13.346973419189453 0.98064208030700684 0.61042875051498413
SN: 1264499 10 0 X2 3 0 35.491588999999998 -6.1367070000000004 0.44958001375198364 0.0010000000474974513 0.44840699434280396 0.0010000000474974513 0.44840693473815918 0.0017608755733817816 0 300 0 0 0.023347362875938416 1 1 16675 -9 -9 0.44960001111030579 0.0010000000474974513 35.491612000000003 -6.1366480000000001 0.22800000011920929 0.24400000274181366 -9 10.595000267028809 0.020999999716877937 -9999 -9999 -1.8689999580383301 0.89099997282028198 -12.467000007629395 0.89322447776794434 1.4409999847412109 -999 23.260000228881836 21.389999389648438 20.719999313354492 20.430000305175781 0.0099999997764825821 0 0 0 11.270000457763672 65.569999694824219 118.62999725341797 159.38999938964844 24.870189666748047 22.958236694335938 22.31451416015625 21.993846893310547 56667.078125 17.112167358398438 10.27500057220459 7.508969783782959 34.236778259277344 riz 0 56667.76171875 0.5901939868927002 -1.1017529964447021 0.77865886688232422 0.082322947680950165 0.071236498653888702 22.495220184326172 0.089712508022785187 1.8026514226221479e-05 1.4894998230374767e-06 0.024161400273442268 -8.2632175235630712e-07 -8.6105806929026585e-08 17 12.077338218688965 0.79543161392211914 0.45844742655754089
SN: 1247420 10 0 X1 3 0 34.056496000000003 -4.197978 0.15123000741004944 0.0010000000474974513 0.15026399493217468 0.0010000000474974513 0.15026402473449707 0.001524753519333899 0 300 0 0 0.017731480300426483 1 1 14729 -9 -9 0.15119999647140503 0.0010000000474974513 34.0563 -4.1974410000000004 2.0569999217987061 1.1100000143051147 -9 10.814000129699707 0.027000000700354576 -9999 -9999 -10 0 -20.836999893188477 0.097000002861022949 1.3569999933242798 -999 19.649999618530273 18.520000457763672 17.940000534057617 17.920000076293945 0 0 0 0 103.48000335693359 248.02999877929688 364.45999145507812 408.16000366210938 22.462860107421875 21.513738632202148 21.095874786376953 20.972923278808594 56547.2109375 221.03511047363281 149.87408447265625 -99 454.85702514648438 gr 0 56547.94921875 0.17804434895515442 1.1197761297225952 0.17973373830318451 -0.047204390168190002 0.02063310518860817 19.524782180786133 0.021052684634923935 0.00027802717522718012 5.3910134738544002e-06 -2.0515266442089342e-05 -5.5643300811425433e-07 -5.5636409257431296e-08 15 17.133455276489258 0.31094926595687866 0.40506842732429504
SN: 1260645 10 0 C2 3 0 55.096279000000003 -29.632964999999999 0.67461997270584106 0.0010000000474974513 0.67404800653457642 0.0010000000474974513 0.67404794692993164 0.0019509425619617105 0 300 0 0 0.012670253403484821 1 2 3133 -9 -9 0.67460000514984131 0.0010000000474974513 55.096145 -29.632815999999998 0.6809999942779541 0.75599998235702515 -3.324866771697998 10.718000411987305 0.030999999493360519 -9999 -9999 -1.3070000410079956 1.3700000047683716 -12.034000396728516 1.3744089603424072 1.2619999647140503 -999 24.219999313354492 22.489999771118164 21.520000457763672 21.159999847412109 0.019999999552965164 0.0099999997764825821 0 0 2.8199999332427979 18.479999542236328 43.400001525878906 60.189998626708984 26.374378204345703 24.333244323730469 23.406276702880859 23.051189422607422 56635.12109375 12.651177406311035 8.2632780075073242 5.799041748046875 28.055723190307617 riz 0 56632.75390625 1.3309216499328613 0.78698581457138062 0.87414330244064331 0.048688836395740509 0.063009932637214661 23.519325256347656 0.058373082429170609 7.0189112193475012e-06 3.7736191416115616e-07 0.004367634654045105 -2.0591755856003147e-07 -1.9746977386603248e-09 39 36.206214904785156 0.59800451993942261 0.30847418308258057
SN: 1257609 10 0 C3 3 0 53.019367000000003 -28.622689999999999 0.3343999981880188 0.0010000000474974513 0.33388799428939819 0.0010000000474974513 0.33388805389404297 0.0016678225947543979 0 300 0 0 0.0081695113331079483 1 3 5880 -9 -9 0.3343999981880188 0.0010000000474974513 53.019035000000002 -28.622449 1.3630000352859497 1.0060000419616699 -2.3309535980224609 11.013999938964844 0.0070000002160668373 -9999 -9999 0.34400001168251038 0.075000002980232239 -10.642000198364258 0.076902538537979126 1.809999942779541 -999 22.799999237060547 21.170000076293945 20.450000762939453 19.940000534057617 0 0 0 0 9.4700002670288086 42.700000762939453 74.019996643066406 117.33000183105469 25.059123992919922 23.423931121826172 22.826627731323242 22.32647705078125 56615.23046875 59.184513092041016 33.490386962890625 31.173379898071289 127.60863494873047 griz 0 56617.34375 0.19927693903446198 0.50353717803955078 0.16414996981620789 0.28190404176712036 0.019176464527845383 22.459493637084961 0.026004590094089508 1.8629549231263809e-05 4.4619844175031176e-07 0.00075908523285761476 -4.02319138004259e-08 -6.3565273045185222e-09 44 36.091678619384766 0.79597610235214233 0.95455271005630493
SN: 1258906 10 1 E2 3 0 10.262010999999999 -44.394092999999998 0.35012999176979065 0.0010000000474974513 0.34917598962783813 0.0010000000474974513 0.34917593002319336 0.0016800907906144857 0 300 0 0 0.0055086398497223854 1 1 8502 -9 -9 0.35010001063346863 0.0010000000474974513 10.261803 -44.394275999999998 0.84899997711181641 1.3220000267028809 -9 8.9270000457763672 0.020999999716877937 -9999 -9999 0.7369999885559082 0.38699999451637268 -8.1350002288818359 0.3900897204875946 0.27000001072883606 -999 23.719999313354492 22.950000762939453 22.729999542236328 22.520000457763672 0.0099999997764825821 0.0099999997764825821 0.0099999997764825821 0.0099999997764825821 4.7699999809265137 11.039999961853027 16.850000381469727 18.430000305175781 25.803703308105469 24.892578125 24.433500289916992 24.336187362670898 56615.0703125 35.018161773681641 31.295869827270508 25.237808227539062 80.849891662597656 griz 0 56621.77734375 0.30050647258758545 -0.088300898671150208 0.25854033231735229 -3.9499063859693706e-05 0.021454751491546631 22.057249069213867 0.030125692486763 2.6983630959875882e-05 7.4870911248581251e-07 0.0013742846203967929 -1.1898477936256313e-07 -7.7928934416604534e-09 40 29.380521774291992 0.89176982641220093 0.029433926567435265
SN: 1255576 10 0 X2 3 0 36.108929000000003 -7.2975560000000002 0.28112000226974487 0.0010000000474974513 0.28010201454162598 0.0010000000474974513 0.28010201454162598 0.0016250687185674906 0 300 0 0 0.026825627312064171 1 2 15466 -9 -9 0.28110000491142273 0.0010000000474974513 36.110086000000003 -7.2971959999999996 4.3299999237060547 2.5989999771118164 -1.4432545900344849 10.814999580383301 0.037999998778104782 -9999 -9999 -0.17399999499320984 7.4749999046325684 -10.942999839782715 7.4750728607177734 1.2849999666213989 -999 20.979999542236328 19.569999694824219 19.110000610351562 18.899999618530273 0 0 0 0 3.7100000381469727 11.449999809265137 15.590000152587891 19.659999847412109 26.076564788818359 24.852985382080078 24.517885208129883 24.266040802001953 56591.09375 52.297676086425781 35.719955444335938 33.222152709960938 125.31161499023438 griz 0 56587.09765625 0.18903082609176636 0.27958536148071289 0.20686398446559906 -0.051080148667097092 0.019208561629056931 21.244224548339844 0.026384128257632256 5.7057161029661074e-05 1.3865278560842853e-06 0.0011354765156283975 -1.8628598752457037e-07 -1.7607636237926272e-08 30 17.316457748413086 0.96858161687850952 0.1941036581993103
SN: 1251126 10 0 C2 3 0 54.466965000000002 -29.334354000000001 0.59845000505447388 0.0010000000474974513 0.59788399934768677 0.0010000000474974513 0.59788393974304199 0.0018859058618545532 0 300 0 0 0.0092122750356793404 1 2 2930 -9 -9 0.59850001335144043 0.0010000000474974513 54.466611 -29.334866000000002 2.1519999504089355 1.7400000095367432 -2.2722799777984619 10.668999671936035 0.045000001788139343 -9999 -9999 0.24400000274181366 8.1700000762939453 -10.380999565124512 8.1707677841186523 1.2999999523162842 -999 24.290000915527344 22.75 21.889999389648438 21.479999542236328 0.019999999552965164 0.0099999997764825821 0 0 1.1599999666213989 7.2300000190734863 14.659999847412109 27.75 27.338855743408203 25.352153778076172 24.584665298461914 23.891841888427734 56558.234375 13.262345314025879 11.767781257629395 7.9229068756103516 40.591938018798828 riz 0 56557.66796875 0.56593120098114014 0.35952064394950867 0.54132735729217529 -0.0093377763405442238 0.052434682846069336 23.235866546630859 0.053922556340694427 9.1128285930608399e-06 4.5258417458171607e-07 0.010009074583649635 -1.8884175290168059e-07 -1.3378510743677907e-08 41 36.734706878662109 0.66058641672134399 0.12381639331579208
SN: 1257496 10 0 C2 3 0 54.147208999999997 -29.331924000000001 0.59457999467849731 0.0010000000474974513 0.59400701522827148 0.0010000000474974513 0.59400701522827148 0.0018826177110895514 0 300 0 0 0.0075235576368868351 2 2 2205 -9 -9 0.59460002183914185 0.0010000000474974513 54.147095 -29.332172 0.96200001239776611 1.0920000076293945 -1.9695409536361694 10.939000129699707 0.052000001072883606 -9999 -9999 -4.5289998054504395 5.4710001945495605 -15.489999771118164 5.471707820892334 1.3509999513626099 -999 23.329999923706055 21.549999237060547 20.569999694824219 20.190000534057617 0.0099999997764825821 0 0 0 6.6599998474121094 42.150001525878906 108.01000213623047 157.55999755859375 25.441314697265625 23.438005447387695 22.416339874267578 22.006385803222656 56590.33203125 11.778284072875977 7.109459400177002 5.4343152046203613 20.873285293579102 riz 0 56591.2421875 0.79373186826705933 -2.9244110584259033 0.59475976228713989 0.058809403330087662 0.10221768915653229 23.236026763916016 0.10014496743679047 9.1114843598916195e-06 8.4041528225498041e-07 0.011375566944479942 -3.0446520327132021e-07 -4.5648089752603482e-08 34 42.804977416992188 0.14303983747959137 0.99431914091110229
SN: 1250275 10 0 S2 3 0 41.613308000000004 -1.6139829999999999 0.38422998785972595 0.0010000000474974513 0.38322800397872925 0.0010000000474974513 0.38322806358337402 0.0017075929790735245 0 300 0 0 0.03381844237446785 1 3 11859 -9 -9 0.38420000672340393 0.0010000000474974513 41.613397999999997 -1.613912 0.40999999642372131 0.51700001955032349 -3.9380171298980713 10.312999725341797 0.024000000208616257 -9999 -9999 -1.2799999713897705 2.246999979019165 -11.602999687194824 2.2487618923187256 1.4199999570846558 -999 23.170000076293945 21.409999847412109 20.889999389648438 20.610000610351562 0.0099999997764825821 0 0 0 13.109999656677246 63.040000915527344 102.91000366210938 135.21000671386719 24.70599365234375 23.000959396362305 22.468856811523438 22.172477722167969 56550.25 24.38578987121582 21.114822387695312 10.889220237731934 57.543231964111328 riz 0 56556.1953125 0.36136499047279358 0.0072101750411093235 0.36336678266525269 0.11191298067569733 0.042237363755702972 22.239114761352539 0.05416744202375412 2.2822030587121844e-05 1.1385924381102086e-06 0.005140877328813076 -2.6887175863521406e-07 -3.8996098794541467e-08 37 32.380573272705078 0.68534505367279053 0.37305101752281189
SN: 1247022 10 0 E2 3 0 9.6731739999999995 -44.390999000000001 0.35859000682830811 0.0010000000474974513 0.35762500762939453 0.0010000000474974513 0.35762500762939453 0.0016868923557922244 0 300 0 0 0.0065531241707503796 1 2 8151 -9 -9 0.35859999060630798 0.0010000000474974513 9.6734439999999999 -44.391027000000001 0.70200002193450928 0.60699999332427979 -3.4705111980438232 10.506999969482422 0.010999999940395355 -9999 -9999 0.80500000715255737 0.13899999856948853 -9.7060003280639648 0.14771932363510132 0.77700001001358032 -999 21.649999618530273 20.569999694824219 20.149999618530273 19.930000305175781 0 0 0 0 42.900001525878906 124.95999908447266 170.74000549316406 229.52000427246094 23.418857574462891 22.258071899414062 21.919162750244141 21.59794807434082 56534.19140625 17.024221420288086 16.763393402099609 14.484904289245605 41.811775207519531 griz 0 56532.9296875 0.66572684049606323 -0.039681036025285721 0.50535070896148682 0.14142005145549774 0.035958319902420044 22.856016159057617 0.044416233897209167 1.2929840522701852e-05 5.2894506552547682e-07 0.0058830413036048412 -1.5302396150218556e-07 -1.200231647402461e-08 39 35.033103942871094 0.65141046047210693 0.47158569097518921
SN: 1251022 10 0 C1 3 0 54.067162000000003 -28.060537 0.68489998579025269 0.0010000000474974513 0.68427801132202148 0.0010000000474974513 0.68427801132202148 0.0019597394857555628 0 300 0 0 0.0090884435921907425 1 3 1277 -9 -9 0.68489998579025269 0.0010000000474974513 54.067399000000002 -28.060662000000001 0.87599998712539673 0.95200002193450928 -2.6639952659606934 10.876999855041504 0.046000000089406967 -9999 -9999 0.6119999885559082 0.30399999022483826 -10.23799991607666 0.31790721416473389 1.0590000152587891 -999 24.309999465942383 22.559999465942383 21.629999160766602 21.100000381469727 0.019999999552965164 0.0099999997764825821 0 0 3.4500000476837158 17.329999923706055 43.830001831054688 70.550003051757812 26.155452728271484 24.403003692626953 23.395570755004883 22.878757476806641 56552.2734375 12.962162971496582 8.5449056625366211 8.4932222366333008 34.426792144775391 riz 0 56553.7109375 0.67775440216064453 0.22166779637336731 0.58460801839828491 -0.10914456099271774 0.055508747696876526 23.292987823486328 0.052651844918727875 8.6457903307746165e-06 4.1927017946363776e-07 0.0092619955539703369 -1.7915813543822878e-07 -7.7467596781843895e-09 49 44.84625244140625 0.64213693141937256 0.37124264240264893
SN: 1257602 10 0 C3 3 0 52.946429999999999 -27.546074000000001 0.52271002531051636 0.0010000000474974513 0.52211397886276245 0.0010000000474974513 0.52211403846740723 0.0018220656784251332 0 300 0 0 0.0069047100841999054 1 1 -1236 -9 -9 0.52270001173019409 0.0010000000474974513 52.946779999999997 -27.546216000000001 1.2280000448226929 1.6440000534057617 -9 8.8479995727539062 0.050999999046325684 -9999 -9999 -0.20999999344348907 0.034000001847743988 -9.1079998016357422 0.11992080509662628 0.078000001609325409 -999 24.680000305175781 23.860000610351562 23.610000610351562 23.510000228881836 0.019999999552965164 0.0099999997764825821 0.0099999997764825821 0.019999999552965164 2.0299999713897705 5.3000001907348633 6.070000171661377 5.2399997711181641 26.731260299682617 25.689310073852539 25.542028427124023 25.701671600341797 56615.25390625 74.369140625 32.944828033447266 29.997718811035156 132.33485412597656 riz 0 56620.75 0.27893251180648804 0.82997500896453857 0.22822438180446625 -0.068208426237106323 0.025403589010238647 22.720638275146484 0.029930388554930687 1.4646865565737244e-05 4.037687801883294e-07 0.00098708888981491327 -5.6827250460855794e-08 -7.1481078833812717e-09 39 18.947126388549805 0.997170090675354 0.3580964207649231
SN: 1266808 10 0 X1 3 0 34.983646 -4.6723590000000002 0.33039999008178711 0.0010000000474974513 0.32930499315261841 0.0010000000474974513 0.32930493354797363 0.001664154464378953 0 300 0 0 0.01888618990778923 1 1 14762 -9 -9 0.33039999008178711 0.0010000000474974513 34.983429000000001 -4.672231 0.90399998426437378 0.77999997138977051 -9 10.697999954223633 0.012000000104308128 -9999 -9999 1.1510000228881836 0.25499999523162842 -9.5369997024536133 0.25675863027572632 0.85500001907348633 -999 21.350000381469727 20.379999160766602 19.840000152587891 19.610000610351562 0 0 0 0 47.790000915527344 120.26000213623047 174.80999755859375 242.61000061035156 23.301658630371094 22.299697875976562 21.893585205078125 21.537727355957031 56676.046875 12.577754020690918 11.966612815856934 10.033175468444824 30.257452011108398 griz 0 56679.5390625 0.9215245246887207 -1.1471775770187378 0.82184523344039917 -0.12264148145914078 0.053574211895465851 22.683523178100586 0.062834069132804871 1.5156215340539347e-05 8.7712533058947884e-07 0.014845075085759163 -3.6722741469930043e-07 -1.7396471818642567e-08 20 29.559558868408203 0.077311672270298004 0.55977272987365723
SN: 1259585 10 0 X1 3 0 34.682330999999998 -5.6820120000000003 0.56529998779296875 0.0010000000474974513 0.56401097774505615 0.0010000000474974513 0.56401097774505615 0.0018572547705844045 0 300 0 0 0.021734811365604401 1 1 14458 -9 -9 0.56529998779296875 0.0010000000474974513 34.682167999999997 -5.6819980000000001 0.58700001239776611 0.6809999942779541 -9 10.482999801635742 0.020999999716877937 -9999 -9999 0.54400002956390381 0.38199999928474426 -9.9350004196166992 0.39893484115600586 0.94199997186660767 -999 23.569999694824219 22.319999694824219 21.639999389648438 21.329999923706055 0.019999999552965164 0 0 0 6.0799999237060547 24.530000686645508 43.090000152587891 59.909999847412109 25.540241241455078 24.0257568359375 23.414058685302734 23.056251525878906 56618.0390625 14.446663856506348 13.716423034667969 10.907736778259277 32.994293212890625 riz 0 56616.90234375 0.92528069019317627 1.1115167140960693 0.74451780319213867 0.10416697710752487 0.061409696936607361 23.255851745605469 0.064953885972499847 8.9466238932800479e-06 5.3522944654105231e-07 0.0063862409442663193 -2.5236803935513308e-07 -1.7315722189437111e-08 35 31.664600372314453 0.62991863489151001 0.5077778697013855
SN: 1250279 10 0 S2 3 0 41.090176 -1.4652270000000001 0.27476000785827637 0.0010000000474974513 0.27382498979568481 0.0010000000474974513 0.27382493019104004 0.0016201221151277423 0 300 0 0 0.026136239990592003 2 2 12485 -9 -9 0.27480000257492065 0.0010000000474974513 41.089640000000003 -1.4660439999999999 3.5160000324249268 2.3519999980926514 0.46412870287895203 10.753999710083008 0.050999999046325684 -9999 -9999 0.64999997615814209 0.54199999570846558 -10.11400032043457 0.56512302160263062 1.190000057220459 -999 21.840000152587891 20.340000152587891 19.829999923706055 19.540000915527344 0 0 0 0 6.9099998474121094 14.850000381469727 21.840000152587891 21.340000152587891 25.401304244995117 24.570684432983398 24.15186882019043 24.177013397216797 56538.328125 95.929595947265625 82.07891845703125 60.364799499511719 258.63726806640625 griz 0 56537.59765625 0.41471797227859497 0.066295452415943146 0.18904885649681091 -0.054610889405012131 0.013989008963108063 20.939388275146484 0.017767461016774178 7.5551826739683747e-05 1.2363631185507984e-06 0.00025394911062903702 -6.1458358402433078e-08 -1.0523248050731127e-08 41 45.273704528808594 0.29820415377616882 0.18337273597717285
SN: 1257775 10 0 C3 3 0 53.005710999999998 -29.020959999999999 0.47653999924659729 0.0010000000474974513 0.47597700357437134 0.0010000000474974513 0.47597694396972656 0.0017836522310972214 0 300 0 0 0.0082757575437426567 1 1 5181 -9 -9 0.476500004529953 0.0010000000474974513 53.006115999999999 -29.020989 1.2790000438690186 1.1640000343322754 -9 9.6529998779296875 0.017000000923871994 -9999 -9999 1.6840000152587891 0.11500000208616257 -7.9679999351501465 0.12580142915248871 0.14800000190734863 -999 22.940000534057617 22.020000457763672 21.719999313354492 21.409999847412109 0 0 0 0 11.789999961853027 25.969999313354492 32.279998779296875 42.150001525878906 24.821216583251953 23.96381950378418 23.727666854858398 23.438005447387695 56615.25390625 28.850845336914062 12.290328979492188 12.227489471435547 59.108303070068359 riz 0 56622.03515625 0.46313595771789551 -0.2225688099861145 0.38476002216339111 -0.022455567494034767 0.075403928756713867 22.799245834350586 0.07179424911737442 1.3623907761939336e-05 9.008801953314105e-07 -4.5741049689240754e-05 -1.127385971244621e-07 -5.809397762845947e-08 19 24.319686889648438 0.18417400121688843 0.10538928955793381
SN: 1250665 10 0 X3 3 0 36.713149999999999 -4.4987110000000001 0.29563999176025391 0.0010000000474974513 0.29460901021957397 0.0010000000474974513 0.29460906982421875 0.0016365358605980873 0 300 0 0 0.024341009557247162 1 2 19438 -9 -9 0.29559999704360962 0.0010000000474974513 36.713197999999998 -4.4987389999999996 0.20000000298023224 0.22100000083446503 -4.7189831733703613 10.067999839782715 0.012000000104308128 -9999 -9999 -4.1059999465942383 5.8940000534057617 -14.192000389099121 5.8940925598144531 1.2960000038146973 -999 22.649999618530273 21.139999389648438 20.559999465942383 20.319999694824219 0 0 0 0 19.969999313354492 77.800003051757812 122.88999938964844 162.3800048828125 24.249053955078125 22.772550582885742 22.276208877563477 21.973667144775391 56559.30078125 39.839111328125 39.508636474609375 31.268972396850586 111.55630493164062 gri 0 56553.94140625 0.24481026828289032 -2.635530948638916 0.27659726142883301 0.070630006492137909 0.036306057125329971 22.16126823425293 0.046285819262266159 2.4518429199815728e-05 1.0452406513650203e-06 0.0038271178491413593 -1.7753961856215028e-07 -3.0223596070300118e-08 27 32.187225341796875 0.22522114217281342 0.90951037406921387
SN: 1258061 10 0 S2 3 0 40.702086999999999 -1.0840449999999999 0.45939001441001892 0.0010000000474974513 0.45830801129341125 0.0010000000474974513 0.45830798149108887 0.0017690395470708609 0 300 0 0 0.027498017996549606 1 1 11929 -9 -9 0.4593999981880188 0.0010000000474974513 40.701329999999999 -1.0832310000000001 4.0019998550415039 3.5539999008178711 -9 10.840999603271484 0.041000001132488251 -9999 -9999 0.9309999942779541 0.38299998641014099 -9.8839998245239258 0.38864508271217346 0.92000001668930054 -999 22.649999618530273 21.079999923706055 20.530000686645508 20.200000762939453 0.0099999997764825821 0 0 0 0.43000000715255737 0.43000000715255737 1.190000057220459 0.059999998658895493 27.5 27.5 27.311132431030273 27.5 56602.078125 22.907796859741211 16.688974380493164 12.794992446899414 38.821102142333984 riz 0 56602.37109375 0.73019111156463623 -1.6949584484100342 0.54655349254608154 0.049196787178516388 0.058350153267383575 22.93702507019043 0.06062665581703186 1.2000244169030339e-05 6.7008420501224464e-07 0.0025719725526869297 -1.2032830909447512e-07 -2.9753680408362015e-08 33 28.935476303100586 0.66982024908065796 0.58830422163009644
SN: 1248039 10 0 X2 3 0 34.858139000000001 -6.177352 0.22665999829769135 0.0010000000474974513 0.22565600275993347 0.0010000000474974513 0.22565603256225586 0.0015824784059077501 0 300 0 0 0.021913031116127968 1 1 16397 -9 -9 0.22669999301433563 0.0010000000474974513 34.858189000000003 -6.1772359999999997 0.45500001311302185 0.67699998617172241 -9 9.369999885559082 0.041000001132488251 -9999 -9999 -0.50999999046325684 0.50499999523162842 -9.9099998474121094 0.52709203958511353 1.1490000486373901 -999 23.389999389648438 22.309999465942383 21.860000610351562 21.610000610351562 0.0099999997764825821 0 0 0 9.4399995803833008 26.739999771118164 39.490001678466797 51.299999237060547 25.062570571899414 23.932096481323242 23.508781433105469 23.224706649780273 56543.2109375 61.464012145996094 52.691696166992188 33.492847442626953 141.57537841796875 griz 0 56544.12890625 0.2259199470281601 -1.1120122671127319 0.21263304352760315 0.08312264084815979 0.020546762272715569 21.308408737182617 0.026448115706443787 5.3781921451445669e-05 1.3101068816467887e-06 0.0011919729877263308 -1.2538389171368181e-07 -1.9773411352730363e-08 38 57.351398468017578 0.022753508761525154 0.46278247237205505
SN: 1249209 10 0 E1 3 0 6.9629159999999999 -42.385230999999997 0.48423999547958374 0.0010000000474974513 0.48311701416969299 0.0010000000474974513 0.48311698436737061 0.0017895731143653393 0 300 0 0 0.0053478628396987915 1 1 7577 -9 -9 0.48420000076293945 0.0010000000474974513 6.9629500000000002 -42.385221999999999 0.096000000834465027 0.14100000262260437 -9 10.208999633789062 0.052000001072883606 -9999 -9999 -2.2850000858306885 0.88899999856948853 -12.467000007629395 0.89115935564041138 1.246999979019165 -999 23.729999542236328 21.959999084472656 21.370000839233398 21.059999465942383 0.0099999997764825821 0 0 0 6.8600001335144043 34.759998321533203 62.360000610351562 82.370002746582031 25.409189224243164 23.647300720214844 23.012733459472656 22.710577011108398 56543.09375 17.801799774169922 11.103653907775879 7.113987922668457 40.999927520751953 riz 0 56544.78125 0.61724567413330078 0.63040882349014282 0.65155017375946045 0.010803240351378918 0.049943737685680389 23.006040573120117 0.054277125746011734 1.126118513639085e-05 5.6295880312973168e-07 0.0058023035526275635 -2.3927412939883652e-07 -1.7296548193712624e-08 38 33.861518859863281 0.66124171018600464 0.21319951117038727
SN: 1249182 10 0 E1 3 0 6.8200000000000003 -42.573867999999997 0.56134998798370361 0.0010000000474974513 0.56017202138900757 0.0010000000474974513 0.56017208099365234 0.001854018890298903 0 300 0 0 0.0060765487141907215 1 3 7956 -9 -9 0.56129997968673706 0.0010000000474974513 6.8200969999999996 -42.573878999999998 0.25900000333786011 0.18500000238418579 -5.1064357757568359 11.154999732971191 0.030999999493360519 -9999 -9999 -2.624000072479248 3.3269999027252197 -13.76099967956543 3.3272056579589844 1.2829999923706055 -999 22.620000839233398 20.829999923706055 19.909999847412109 19.579999923706055 0.0099999997764825821 0 0 0 20.299999237060547 110.70999908447266 240.05999755859375 350.41000366210938 24.231260299682617 22.389533996582031 21.549200057983398 21.138559341430664 56547.08203125 11.50285816192627 8.6971015930175781 4.4139614105224609 32.408355712890625 riz 0 56551.890625 0.77865922451019287 1.6979218721389771 0.72594642639160156 0.13155868649482727 0.073033787310123444 22.832607269287109 0.066509000957012177 1.3211650184530299e-05 8.0930681178870145e-07 0.030622653663158417 -1.1319457371428143e-06 -3.749373078676399e-08 41 33.689094543457031 0.78412246704101562 0.7159847617149353
SN: 1254670 10 0 C1 3 0 54.212890999999999 -27.824283999999999 0.50550001859664917 0.0010000000474974513 0.50494599342346191 0.0010000000474974513 0.50494599342346191 0.0018077293643727899 0 300 0 0 0.010461109690368176 1 2 388 -9 -9 0.50550001859664917 0.0010000000474974513 54.212823999999998 -27.824397999999999 0.46299999952316284 0.44800001382827759 -3.9942526817321777 10.718999862670898 0.030999999493360519 -9999 -9999 -1.3179999589920044 8.6820001602172852 -12.015999794006348 8.6822071075439453 1.4299999475479126 -999 23.430000305175781 21.590000152587891 20.860000610351562 20.420000076293945 0.0099999997764825821 0 0 0 8.5500001907348633 51.979999542236328 104.11000061035156 147.6199951171875 25.170083999633789 23.210409164428711 22.456268310546875 22.077136993408203 56590.34375 23.405878067016602 15.870193481445312 9.7580356597900391 45.856502532958984 riz 0 56589.6484375 0.48388266563415527 -1.5050201416015625 0.4611545205116272 -0.093664266169071198 0.053687211126089096 22.480808258056641 0.059455793350934982 1.8267395716975443e-05 1.0003374200096005e-06 0.0028845467604696751 -2.177708751105456e-07 -2.8986796962726658e-08 38 46.181735992431641 0.17009034752845764 0.590892493724823
SN: 1264038 10 0 C3 3 0 53.542811999999998 -28.406399 0.66425001621246338 0.0010000000474974513 0.66362398862838745 0.0010000000474974513 0.66362404823303223 0.0019419935997575521 0 300 0 0 0.0074162930250167847 1 1 5619 -9 -9 0.66430002450942993 0.0010000000474974513 53.542889000000002 -28.406431999999999 0.2720000147819519 0.35499998927116394 -9 10.534999847412109 0.052000001072883606 -9999 -9999 -0.35699999332427979 0.39300000667572021 -10.871999740600586 0.41150090098381042 1.2059999704360962 -999 24.559999465942383 23.040000915527344 22.069999694824219 21.649999618530273 0.0099999997764825821 0 0 0 3.4300000667572021 14.460000038146973 34.990001678466797 48.5 26.161764144897461 24.599578857421875 23.640140533447266 23.28564453125 56675.12890625 32.294208526611328 19.919727325439453 16.944694519042969 67.12530517578125 riz 0 56670.71484375 0.38236004114151001 -0.44717076420783997 0.34824830293655396 -0.021713582798838615 0.038432534784078598 23.47343635559082 0.037073656916618347 7.3219225669163279e-06 2.5001509129651822e-07 0.0039541404694318771 -6.1115834171232564e-08 -4.5815071736399204e-09 21 26.816497802734375 0.17700996994972229 0.16570042073726654
SN: 1261587 10 0 C3 3 0 51.657969999999999 -28.311568999999999 0.65455001592636108 0.0010000000474974513 0.6538739800453186 0.0010000000474974513 0.65387392044067383 0.0019336363766342402 0 300 0 0 0.012075211852788925 1 2 4719 -9 -9 0.65460002422332764 0.0010000000474974513 51.658006 -28.311613000000001 0.1940000057220459 0.30000001192092896 -4.8401393890380859 10.199999809265137 0.041000001132488251 -9999 -9999 -0.97899997234344482 9.0209999084472656 -11.156999588012695 9.0213117599487305 1.3250000476837158 -999 25.149999618530273 23.440000534057617 22.450000762939453 22.020000457763672 0.019999999552965164 0.0099999997764825821 0 0 1.8899999856948853 9.869999885559082 24.780000686645508 34.360000610351562 26.808845520019531 25.01420783996582 24.014747619628906 23.659866333007812 56660.13671875 38.297637939453125 29.840822219848633 20.921478271484375 88.707534790039062 riz 0 56650.23046875 0.45307457447052002 1.1605823040008545 0.35488754510879517 0.0066337678581476212 0.030841037631034851 23.33836555480957 0.031082805246114731 8.2918986663571559e-06 2.3738314780530345e-07 0.0024407496675848961 -6.0539179003171739e-08 -3.6033487305076051e-09 27 25.499267578125 0.54650396108627319 0.38749220967292786
SN: 1249483 10 0 S2 3 0 40.632134000000001 -0.84262300000000001 0.28398001194000244 0.0010000000474974513 0.28302600979804993 0.0010000000474974513 0.28302597999572754 0.0016273761866614223 0 300 0 0 0.028662759810686111 1 1 12061 -9 -9 0.28400000929832458 0.0010000000474974513 40.632171999999997 -0.84266200000000002 0.19699999690055847 0.11699999868869781 -9 10.958999633789062 0.067000001668930054 -9999 -9999 -0.046000000089406967 8.4709997177124023 -10.986000061035156 8.4728488922119141 1.2339999675750732 -999 21.200000762939453 19.850000381469727 19.350000381469727 19.100000381469727 0 0 0 0 83.040000915527344 289.95999145507812 460.02999877929688 613.3900146484375 22.7017822265625 21.344154357910156 20.843034744262695 20.530658721923828 56543.296875 65.975944519042969 46.93597412109375 25.994726181030273 159.70481872558594 griz 0 56540.81640625 0.33162719011306763 0.33404827117919922 0.27548044919967651 -0.04932689294219017 0.015848806127905846 21.129344940185547 0.018932884559035301 6.3425206462852657e-05 1.1059980806749081e-06 0.0010206544538959861 -1.4116909596850746e-07 -1.0166829156332824e-08 41 39.735462188720703 0.52679330110549927 0.19857896864414215
SN: 1250882 10 0 C3 3 0 52.342467999999997 -27.732790000000001 0.74728000164031982 0.0010000000474974513 0.74658000469207764 0.0010000000474974513 0.74658000469207764 0.0020136069506406784 0 300 0 0 0.0076113692484796047 1 3 4887 -9 -9 0.74730002880096436 0.0010000000474974513 52.342525000000002 -27.732634999999998 0.58600002527236938 0.78100001811981201 -3.3090875148773193 9.8350000381469727 0.037000000476837158 -9999 -9999 0.89300000667572021 0.40900000929832458 -8.9250001907348633 0.41352388262748718 0.28099998831748962 -999 24.040000915527344 23.299999237060547 22.639999389648438 22.379999160766602 0.0099999997764825821 0 0 0.0099999997764825821 4.5 8.9799995422363281 16.620000839233398 20.760000228881836 25.866968154907227 25.116809844970703 24.448421478271484 24.206932067871094 56536.2578125 12.365238189697266 11.963085174560547 9.8426647186279297 39.11614990234375 riz 0 56556.43359375 0.66373801231384277 -0.055048055946826935 0.55206942558288574 0.15231600403785706 0.060259420424699783 24.393453598022461 0.050835415720939636 3.1377498999063391e-06 1.4691305239011854e-07 0.012377304956316948 -5.8361692367725482e-08 -4.4803436516360762e-09 44 30.370386123657227 0.94115597009658813 0.50805145502090454
SN: 1253572 10 0 X2 3 0 35.547744999999999 -5.9293250000000004 0.52091997861862183 0.0010000000474974513 0.51968997716903687 0.0010000000474974513 0.51969003677368164 0.001820038422010839 0 300 0 0 0.023104723542928696 1 2 15637 -9 -9 0.52090001106262207 0.0010000000474974513 35.547718000000003 -5.9292049999999996 0.44100001454353333 0.69499999284744263 -2.8011996746063232 9.7159996032714844 0.017000000923871994 -9999 -9999 0.14800000190734863 0.024000000208616257 -9.5659999847412109 0.12237647175788879 0.44499999284744263 -999 23.940000534057617 22.899999618530273 22.5 22.299999237060547 0.019999999552965164 0.0099999997764825821 0.0099999997764825821 0.0099999997764825821 6.0199999809265137 16.069999694824219 22.909999847412109 28.709999084472656 25.551008224487305 24.484960556030273 24.099937438964844 23.854917526245117 56567.1484375 10.642979621887207 9.6822128295898438 7.5077180862426758 29.007633209228516 riz 0 56564.109375 0.96716755628585815 1.826831579208374 0.83786070346832275 0.28711724281311035 0.072792887687683105 23.502822875976562 0.080201737582683563 7.1264121288550086e-06 5.2641757974924985e-07 0.011517040431499481 -2.6076418180309702e-07 -2.856831216035971e-08 37 52.51397705078125 0.04700879380106926 1.1343594789505005
SN: 1262181 10 0 C2 3 0 54.641544000000003 -29.016922000000001 0.47001001238822937 0.0010000000474974513 0.46949100494384766 0.0010000000474974513 0.46949100494384766 0.0017782816430553794 0 300 0 0 0.010075078345835209 1 2 2757 -9 -9 0.4699999988079071 0.0010000000474974513 54.641423000000003 -29.017188999999998 1.034000039100647 1.0850000381469727 -2.561964750289917 10.545999526977539 0.013000000268220901 -9999 -9999 0.71200001239776611 0.018999999389052391 -9.8360004425048828 0.053488317877054214 0.64899998903274536 -999 22.270000457763672 21.159999847412109 20.690000534057617 20.430000305175781 0 0 0 0 17.350000381469727 42.740001678466797 69.19000244140625 84.370002746582031 24.401750564575195 23.42291259765625 22.899890899658203 22.684530258178711 56653.1640625 9.7634572982788086 7.9757161140441895 7.5776448249816895 29.519878387451172 riz 0 56645.94140625 0.86459249258041382 2.1592655181884766 0.82058697938919067 0.29175251722335815 0.069070160388946533 23.566967010498047 0.082498364150524139 6.717587893945165e-06 5.1042786708421772e-07 0.009896380826830864 -2.3131993032166065e-07 -2.4232109652189138e-08 33 30.81995964050293 0.57607287168502808 1.2098842859268188
SN: 1262131 10 0 C2 3 0 53.521301000000001 -28.807665 0.33851999044418335 0.0010000000474974513 0.33801999688148499 0.0010000000474974513 0.3380199670791626 0.0016711333300918341 0 300 0 0 0.0066220425069332123 1 3 2804 -9 -9 0.33849999308586121 0.0010000000474974513 53.521298999999999 -28.807738000000001 0.2630000114440918 0.30000001192092896 -3.9978616237640381 10.222999572753906 0.092000000178813934 -9999 -9999 -1.8400000333786011 8.1599998474121094 -12.02400016784668 8.1610841751098633 1.4299999475479126 -999 23.219999313354492 21.719999313354492 21.110000610351562 20.809999465942383 0.0099999997764825821 0 0 0 10.170000076293945 45.139999389648438 72.120002746582031 95.980003356933594 24.981697082519531 23.363595962524414 22.854860305786133 22.544548034667969 56653.1640625 51.273529052734375 45.640182495117188 36.690555572509766 126.47087097167969 griz 0 56653.28125 0.25290203094482422 0.20356041193008423 0.2091471403837204 -0.044543590396642685 0.016919702291488647 21.663663864135742 0.020324662327766418 3.8773425330873579e-05 7.2582713528390741e-07 0.00069506641011685133 -8.1641815086186398e-08 -6.4527263532454526e-09 40 28.43208122253418 0.91432690620422363 0.16324827075004578
SN: 1263930 10 0 C2 3 0 53.448394999999998 -29.441078000000001 0.43630999326705933 0.0010000000474974513 0.43577799201011658 0.0010000000474974513 0.43577802181243896 0.0017504885327070951 0 300 0 0 0.0096006700769066811 2 2 2124 -9 -9 0.43630000948905945 0.0010000000474974513 53.447895000000003 -29.441016999999999 1.5829999446868896 0.37900000810623169 -3.2795848846435547 10.10200023651123 0.014999999664723873 -9999 -9999 2.0079998970031738 0.026000000536441803 -8.0790004730224609 0.04687216505408287 0.16899999976158142 -999 22.260000228881836 21.180000305175781 20.780000686645508 20.530000686645508 0 0 0 0 8.8000001907348633 18.389999389648438 30.920000076293945 31.690000534057617 25.1387939453125 24.338546752929688 23.77440071105957 23.74769401550293 56675.08984375 14.552913665771484 9.9028482437133789 5.952542781829834 29.356672286987305 riz 0 56672.75 0.80168443918228149 -1.4353351593017578 0.81173992156982422 -0.080867275595664978 0.084831029176712036 22.685037612915039 0.084276817739009857 1.5135085959627759e-05 1.1748129509214777e-06 0.019237859174609184 -5.3442539638126618e-07 -7.5342924787946686e-08 12 4.0169777870178223 0.98312807083129883 0.54915475845336914
SN: 1254762 10 0 C2 3 0 55.135277000000002 -29.220912999999999 0.39875000715255737 0.0010000000474974513 0.39827001094818115 0.0010000000474974513 0.39827001094818115 0.0017198164714500308 0 300 0 0 0.011804863810539246 1 2 3080 -9 -9 0.39879998564720154 0.0010000000474974513 55.135176999999999 -29.220783000000001 0.56499999761581421 0.70099997520446777 -3.4100193977355957 9.9779996871948242 0.013000000268220901 -9999 -9999 0.23499999940395355 0.15000000596046448 -9.7320003509521484 0.15380507707595825 0.69300001859664917 -999 22.920000076293945 21.889999389648438 21.450000762939453 21.180000305175781 0.0099999997764825821 0 0 0 14.340000152587891 41.990001678466797 58.290000915527344 73.639999389648438 24.608627319335938 23.442134857177734 23.086013793945312 22.83221435546875 56590.33203125 13.219419479370117 11.286226272583008 6.9557662010192871 31.786128997802734 riz 0 56587.265625 0.5101848840713501 0.57507330179214478 0.67478817701339722 0.27432534098625183 0.07005782425403595 23.193132400512695 0.10280665010213852 9.4786601039231755e-06 8.9751938503468409e-07 0.018537228927016258 -4.4694431267089385e-07 -5.1804953216105787e-08 31 46.982067108154297 0.032860416918992996 0.93429404497146606
SN: 1254889 10 0 C3 3 0 53.054305999999997 -27.711175999999998 0.60613000392913818 0.0010000000474974513 0.60550600290298462 0.0010000000474974513 0.60550594329833984 0.0018923766911029816 0 300 0 0 0.0081977173686027527 1 1 -4723 -9 -9 0.60610002279281616 0.0010000000474974513 53.055205000000001 -27.711376999999999 2.9560000896453857 2.2790000438690186 -9 10.935999870300293 0.010999999940395355 -9999 -9999 1.0080000162124634 0.019999999552965164 -9.935999870300293 0.035227831453084946 0.72299998998641968 -999 22.069999694824219 21.090000152587891 20.440000534057617 20.190000534057617 0 0 0 0 1.2100000381469727 4.5799999237060547 8.6000003814697266 11.189999580383301 27.293037414550781 25.847835540771484 25.163753509521484 24.877925872802734 56591.3046875 34.610996246337891 26.500591278076172 20.340909957885742 83.480720520019531 riz 0 56590.4375 0.30913960933685303 -0.44350093603134155 0.25917071104049683 -0.053704489022493362 0.032721042633056641 23.354537963867188 0.032498862594366074 8.1692996900528669e-06 2.4452805291730328e-07 0.0015354308998212218 -4.3353693968128937e-08 -4.2149737033980728e-09 42 39.319236755371094 0.58930104970932007 0.23216618597507477
SN: 1250912 10 0 X3 3 0 36.689526000000001 -3.9926020000000002 0.21995000541210175 0.0010000000474974513 0.21897600591182709 0.0010000000474974513 0.21897602081298828 0.0015773033956065774 0 300 0 0 0.024728892371058464 1 1 19507 -9 -9 0.2199999988079071 0.0010000000474974513 36.689490999999997 -3.992791 0.69199997186660767 0.48100000619888306 -9 10.61400032043457 0.016000000759959221 -9999 -9999 0.70999997854232788 0.16200000047683716 -9.8610000610351562 0.16710774600505829 0.89399999380111694 -999 21.190000534057617 20.090000152587891 19.489999771118164 19.299999237060547 0 0 0 0 71.019996643066406 184.72999572753906 272.510009765625 326.48001098632812 22.871547698974609 21.833656311035156 21.411544799804688 21.215358734130859 56559.30078125 92.618453979492188 63.399490356445312 62.811328887939453 208.85026550292969 griz 0 56558.5625 0.19585546851158142 -0.32417115569114685 0.15318071842193604 0.11401496827602386 0.0189169030636549 21.360877990722656 0.026956742629408836 5.1244718633824959e-05 1.2723078270937549e-06 0.0010851057013496757 -1.1039117708833146e-07 -1.9468600953587156e-08 35 16.500984191894531 0.99665731191635132 0.39511293172836304
SN: 1260568 10 0 C1 3 0 53.648097999999997 -27.417100999999999 0.53864002227783203 0.0010000000474974513 0.53805500268936157 0.0010000000474974513 0.5380549430847168 0.0018354210769757628 0 300 0 0 0.0077483016066253185 1 2 533 -9 -9 0.53860002756118774 0.0010000000474974513 53.648029000000001 -27.417028999999999 0.34000000357627869 0.414000004529953 -4.3078069686889648 10.39900016784668 0.12700000405311584 -9999 -9999 -3.0520000457763672 6.9479999542236328 -13.329000473022461 6.9480834007263184 1.6239999532699585 -999 25.059999465942383 23.129999160766602 22.25 21.780000686645508 0.039999999105930328 0.0099999997764825821 0.0099999997764825821 0.0099999997764825821 2.2300000190734863 12.800000190734863 28.840000152587891 44.060001373291016 26.629238128662109 24.731975555419922 23.850011825561523 23.389888763427734 56635.13671875 12.56613826751709 9.2517719268798828 8.2030153274536133 27.842470169067383 riz 0 56633.34765625 0.99430859088897705 -2.4600014686584473 0.62172317504882812 0.084923028945922852 0.075502470135688782 23.346969604492188 0.069302558898925781 8.2264468801440671e-06 5.2509426495817024e-07 0.00090981123503297567 -1.0420546203704362e-07 -2.6876701753053567e-08 37 35.963588714599609 0.51748639345169067 0.86748671531677246
SN: 1255312 10 0 S1 3 0 42.452224999999999 0.59253100000000003 0.35657998919487 0.0010000000474974513 0.35560899972915649 0.0010000000474974513 0.35560894012451172 0.0016852680128067732 0 300 0 0 0.04532153531908989 1 2 10259 -9 -9 0.35659998655319214 0.0010000000474974513 42.451926 0.59281499999999998 1.4819999933242798 1.4220000505447388 -2.7035884857177734 10.576999664306641 0.064999997615814209 -9999 -9999 -0.25 9.2290000915527344 -10.876999855041504 9.2324943542480469 1.2640000581741333 -999 22.889999389648438 21.25 20.649999618530273 20.379999160766602 0.0099999997764825821 0 0 0 6.940000057220459 32.770000457763672 38.630001068115234 68.370002746582031 25.396600723266602 23.711309432983398 23.532688140869141 22.912836074829102 56590.3125 24.92060661315918 23.141147613525391 15.136094093322754 59.358291625976562 griz 0 56590.01953125 0.35192477703094482 -0.45791518688201904 0.32036846876144409 0.01501369196921587 0.032699517905712128 22.005456924438477 0.049068741500377655 2.8301992642809637e-05 1.2790796972694807e-06 0.0040930099785327911 -3.0117840310595057e-07 -3.0579940357711166e-08 45 34.640743255615234 0.86808812618255615 0.16063326597213745
SN: 1262746 10 0 X3 3 0 37.156941000000003 -5.163252 0.23175999522209167 0.0010000000474974513 0.23079100251197815 0.0010000000474974513 0.23079097270965576 0.0015864641172811389 0 300 0 0 0.023359980434179306 1 1 20142 -9 -9 0.23180000483989716 0.0010000000474974513 37.156618000000002 -5.1629360000000002 1.621999979019165 1.2580000162124634 -9 10.482999801635742 0.046000000089406967 -9999 -9999 0.048000000417232513 0.19900000095367432 -10.531999588012695 0.2444688081741333 1.2039999961853027 -999 21.219999313354492 19.950000762939453 19.450000762939453 19.270000457763672 0 0 0 0 31.090000152587891 90.180000305175781 128.32000732421875 179.97000122070312 23.768447875976562 22.612224578857422 22.229263305664062 21.86199951171875 56662.04296875 222.10661315917969 127.20140075683594 74.883659362792969 402.79428100585938 griz 0 56657.78125 0.18543577194213867 0.4471452534198761 0.16359050571918488 0.017087319865822792 0.0158412866294384 20.899852752685547 0.021227071061730385 7.8353521530516446e-05 1.5318782971007749e-06 0.0006413030787371099 -1.2682713190770301e-07 -1.7933862395125288e-08 24 13.236186027526855 0.9620671272277832 0.15956069529056549
SN: 1264512 10 0 X2 3 0 36.079909999999998 -6.3813259999999996 0.36136001348495483 0.0010000000474974513 0.36027300357818604 0.0010000000474974513 0.36027300357818604 0.0016890270635485649 0 300 0 0 0.025757815688848495 1 2 15839 -9 -9 0.36140000820159912 0.0010000000474974513 36.080233999999997 -6.3816119999999996 1.5490000247955322 2.1600000858306885 -1.1292802095413208 9 0.030999999493360519 -9999 -9999 -0.004999999888241291 0.54400002956390381 -9.0100002288818359 0.55623018741607666 0.41999998688697815 -999 24.280000686645508 23.309999465942383 23.100000381469727 22.920000076293945 0.029999999329447746 0.0099999997764825821 0.0099999997764825821 0.019999999552965164 1.1799999475479126 2.1500000953674316 1.4099999666213989 3.0999999046325684 27.320295333862305 26.668903350830078 27.126953125 26.271595001220703 56660.10546875 38.012123107910156 35.467105865478516 21.429115295410156 73.218902587890625 griz 0 56664.83203125 0.37824398279190063 0.083241984248161316 0.33921539783477783 -0.029119199141860008 0.022974204272031784 21.913681030273438 0.032191973179578781 3.0798386433161795e-05 9.1316917405492859e-07 0.0024642811622470617 -2.0270741174499562e-07 -1.1628721985346147e-08 27 39.91571044921875 0.052174519747495651 0.10095213353633881
SN: 1252665 10 0 C3 3 0 52.551495000000003 -28.045853000000001 0.9756699800491333 0.0010000000474974513 0.97488898038864136 0.0010000000474974513 0.97488903999328613 0.0022148119751363993 0 300 0 0 0.0062493500299751759 1 2 5475 -9 -9 0.9757000207901001 0.0010000000474974513 52.551414999999999 -28.045915999999998 0.34299999475479126 0.43599998950958252 -4.2845373153686523 10.970999717712402 0.10999999940395355 -9999 -9999 1.1269999742507935 0.55699998140335083 -9.8979997634887695 0.66593843698501587 1.218999981880188 -999 25.159999847412109 23.889999389648438 22.770000457763672 21.979999542236328 0.019999999552965164 0.0099999997764825821 0 0 1.6699999570846558 6.5 18.829999923706055 35.099998474121094 26.943208694458008 25.467716217041016 24.312873840332031 23.63673210144043 56558.1875 9.3700885772705078 8.0783605575561523 -99 24.707586288452148 iz 0 56563.75 1.3743964433670044 -0.69177299737930298 0.80247807502746582 0.09037964791059494 0.13659144937992096 24.754186630249023 0.06753665953874588 2.250740635645343e-06 1.400040900989552e-07 0.0084071587771177292 -6.7637181189184048e-08 3.0290465691251711e-09 36 28.726617813110352 0.80031979084014893 0.37938514351844788
SN: 1248936 10 0 E1 3 0 8.1615199999999994 -43.461303999999998 0.57208001613616943 0.0010000000474974513 0.57092702388763428 0.0010000000474974513 0.57092702388763428 0.0018630903214216232 0 300 0 0 0.0047490028664469719 1 1 6702 -9 -9 0.57209998369216919 0.0010000000474974513 8.1616359999999997 -43.461281 0.31499999761581421 0.54900002479553223 -9 9.119999885559082 0.079000003635883331 -9999 -9999 -0.40799999237060547 0.11699999868869781 -9.5959997177124023 0.25804844498634338 0.47200000286102295 -999 25.040000915527344 24.120000839233398 23.690000534057617 23.549999237060547 0.05000000074505806 0.019999999552965164 0.019999999552965164 0.029999999329447746 1.9700000286102295 5.0300002098083496 7.2600002288818359 8.0200004577636719 26.763833999633789 25.74608039855957 25.347658157348633 25.23956298828125 56547.0859375 11.566539764404297 7.1978001594543457 6.6199431419372559 29.710262298583984 riz 0 56549.9453125 0.63858997821807861 -0.82162725925445557 0.59145522117614746 -0.080459415912628174 0.06979738175868988 23.284328460693359 0.064088761806488037 8.7150228864629753e-06 5.1442975745885633e-07 0.0059597440995275974 -1.9915098903311446e-07 -1.6263305369079717e-08 40 24.316946029663086 0.97604256868362427 0.38332507014274597
