# VERSION_PHOTOMETRY:  DES-SN5YR_DES_CONDITIONAL 
# SNANA_VERSION: 886408a4-output17g 
# PROGRAM:       snlc_fit.exe 
# TABLE_NAME:    FITRES 
# 
VARNAMES:  CID IDSURVEY TYPE FIELD CUTFLAG_SNANA ERRFLAG_FIT RA DEC zHEL zHELERR zCMB zCMBERR zHD zHDERR VPEC VPECERR LENSDMU LENSDMUERR MWEBV HOST_NMATCH HOST_NMATCH2 HOST_OBJID HOST_ZPHOT HOST_ZPHOTERR HOST_ZSPEC HOST_ZSPECERR HOST_RA HOST_DEC HOST_ANGSEP HOST_DDLR HOST_CONFUSION HOST_LOGMASS HOST_LOGMASS_ERR HOST_LOGMASS_ZPHOT HOST_LOGMASS_ZPHOTERR HOST_LOGSFR HOST_LOGSFR_ERR HOST_LOGsSFR HOST_LOGsSFR_ERR HOST_COLOR HOST_COLOR_ERR HOST_MAG_g HOST_MAG_r HOST_MAG_i HOST_MAG_z HOST_MAGERR_g HOST_MAGERR_r HOST_MAGERR_i HOST_MAGERR_z HOST_SBFLUXCAL_g HOST_SBFLUXCAL_r HOST_SBFLUXCAL_i HOST_SBFLUXCAL_z HOST_SBMAG_g HOST_SBMAG_r HOST_SBMAG_i HOST_SBMAG_z PKMJDINI SNRMAX1 SNRMAX2 SNRMAX3 SNRSUM BANDLIST OPT_PHOTOZ PKMJD PKMJDERR x1 x1ERR c cERR mB mBERR x0 x0ERR COV_x1_c COV_x1_x0 COV_c_x0 NDOF FITCHI2 FITPROB RADIUS_POP 
#
SN: 1432026 10 0 C2 3 0 53.054648999999998 -29.177969000000001 0.1505499929189682 0.0010000000474974513 0.15011399984359741 0.0010000000474974513 0.15011405944824219 0.0015246402472257614 0 300 0 0 0.0075283343903720379 2 3 -23975 -9 -9 0.15049999952316284 0.0010000000474974513 53.054729999999999 -29.176697000000001 4.5869998931884766 1.8459999561309814 0.36497053503990173 10.795000076293945 0.035999998450279236 -9999 -9999 0.625 5.4409999847412109 -10.173000335693359 5.4438457489013672 1.4160000085830688 -999 20.629999160766602 19.530000686645508 19 18.670000076293945 0 0 0 0 7.7399997711181641 20.25 30.399999618530273 35.180000305175781 25.278148651123047 24.233938217163086 23.792816162109375 23.634260177612305 57660.28125 88.642654418945312 82.8638916015625 63.713268280029297 187.12315368652344 griz 0 57657.9296875 0.28281483054161072 -2.4972052574157715 0.15030366182327271 0.1423153430223465 0.0249205082654953 20.975063323974609 0.032972164452075958 7.3109615186695009e-05 2.2202282252692385e-06 8.4632694779429585e-05 -6.7515884438762441e-08 -4.5601247222748498e-08 43 63.514450073242188 0.022546771913766861 0.95808833837509155
SN: 1700105 10 0 C3 3 0 52.415016000000001 -28.440306 0.76587998867034912 0.0010000000474974513 0.7651829719543457 0.0010000000474974513 0.7651829719543457 0.0020297854207456112 0 300 0 0 0.0070556392893195152 1 1 117599 -9 -9 0.76590001583099365 0.0010000000474974513 52.414811999999998 -28.440268 0.66100001335144043 0.82400000095367432 -9 10.628000259399414 0.0080000003799796104 -9999 -9999 0.8970000147819519 0.13899999856948853 -9.7329998016357422 0.14738385379314423 1.1130000352859497 -999 24.520000457763672 23.420000076293945 22.579999923706055 22.110000610351562 0.0099999997764825821 0.0099999997764825821 0 0 2.9200000762939453 8.0299997329711914 19 26.829999923706055 26.336542129516602 25.238210678100586 24.303115844726562 23.928447723388672 57789.078125 13.140655517578125 12.711424827575684 7.115476131439209 31.32666015625 riz 0 57781.70703125 0.99588966369628906 -0.98769748210906982 0.9000927209854126 0.20413161814212799 0.080020755529403687 24.236879348754883 0.05353749543428421 3.6245023693481926e-06 1.7872369539873034e-07 0.018142484128475189 -7.920105105085895e-08 -1.5597206859396806e-09 14 9.5033607482910156 0.79751825332641602 0.75590401887893677
SN: 1596033 10 0 E2 3 0 8.3896119999999996 -44.281910000000003 0.47042998671531677 0.0010000000474974513 0.46937298774719238 0.0010000000474974513 0.46937298774719238 0.0017781840870156884 0 300 0 0 0.0064927767962217331 1 3 108912 -9 -9 0.47040000557899475 0.0010000000474974513 8.3895280000000003 -44.282009000000002 0.41600000858306885 0.56300002336502075 -3.7875063419342041 9.1680002212524414 0.056000001728534698 -9999 -9999 -0.10999999940395355 0.041000001132488251 -9.4130001068115234 0.080262072384357452 0.33899998664855957 -999 24.129999160766602 23.139999389648438 22.860000610351562 22.639999389648438 0.019999999552965164 0.0099999997764825821 0.0099999997764825821 0.0099999997764825821 4.3299999237060547 10.289999961853027 15.630000114440918 18.010000228881836 25.908781051635742 24.968961715698242 24.515102386474609 24.361215591430664 57723.140625 10.830946922302246 8.7542076110839844 8.0820112228393555 28.160804748535156 riz 0 57729.95703125 0.69091230630874634 -0.071105048060417175 0.86578506231307983 0.19246043264865875 0.073397710919380188 23.645631790161133 0.097299084067344666 6.2480930864694528e-06 5.5992768466239795e-07 0.02469601109623909 -3.6128989222561358e-07 -3.0971172293448035e-08 32 32.208522796630859 0.45643505454063416 0.64197242259979248
SN: 1512101 10 101 X2 3 0 35.061709999999998 -6.0155820000000002 0.56999999284744263 0.0010000000474974513 0.56871801614761353 0.0010000000474974513 0.56871795654296875 0.0018612255807965994 0 300 0 0 0.021758416667580605 2 2 -22564 -9 -9 0.56999999284744263 0.0010000000474974513 35.061804000000002 -6.0155349999999999 0.37799999117851257 0.47699999809265137 -2.5429229736328125 10.128000259399414 0.013000000268220901 -9999 -9999 -1.2599999904632568 1.6410000324249268 -11.387999534606934 1.6465436220169067 1.3880000114440918 -999 25.030000686645508 23.389999389648438 22.639999389648438 22.290000915527344 0.05000000074505806 0.0099999997764825821 0.0099999997764825821 0.0099999997764825821 2.0799999237060547 9.5900001525878906 19.729999542236328 26.969999313354492 26.704841613769531 25.045454025268555 24.262182235717773 23.922798156738281 57694.19921875 15.77436637878418 10.047207832336426 7.9516096115112305 41.046642303466797 riz 0 57694.98046875 0.66861331462860107 -0.079982750117778778 0.48115310072898865 -0.1825396716594696 0.05104948952794075 22.800519943237305 0.048217762261629105 1.3607930668513291e-05 6.0433092130551813e-07 0.0055023776367306709 -2.0206650219734001e-07 -1.4176755769312877e-08 46 50.548255920410156 0.2986016571521759 0.60904937982559204
SN: 1449074 10 0 C1 3 0 54.907246000000001 -26.499651 0.33234000205993652 0.0010000000474974513 0.33185499906539917 0.0010000000474974513 0.33185505867004395 0.0016661948757246137 0 300 0 0 0.011513454839587212 1 1 102131 -9 -9 0.33230000734329224 0.0010000000474974513 54.907128999999998 -26.499466999999999 0.7630000114440918 0.52899998426437378 -9 10.578000068664551 0.014000000432133675 -9999 -9999 1.2960000038146973 0.36300000548362732 -9.2729997634887695 0.36302202939987183 0.87099999189376831 -999 21.520000457763672 20.399999618530273 19.940000534057617 19.579999923706055 0 0 0 0 53.939998626708984 156.5 240.22000122070312 309.75 23.170223236083984 22.013713836669922 21.548477172851562 21.272472381591797 57681.16796875 30.683023452758789 25.324934005737305 18.169626235961914 79.581840515136719 griz 0 57676.33203125 0.22074770927429199 -0.1206832155585289 0.2662443220615387 -0.069154269993305206 0.02303435280919075 21.702194213867188 0.0351673923432827 3.7421606975840405e-05 1.2120995052100625e-06 0.0028948744293302298 -2.5309384454885731e-07 -1.8427570580570318e-08 66 50.146575927734375 0.9264255166053772 0.23399803042411804
SN: 1641288 10 0 E1 3 0 8.136711 -43.753715999999997 0.54641997814178467 0.0010000000474974513 0.54529297351837158 0.0010000000474974513 0.54529297351837158 0.0018414987716823816 0 300 0 0 0.0057840044610202312 1 1 112678 -9 -9 0.54640001058578491 0.0010000000474974513 8.1368939999999998 -43.753726999999998 0.4779999852180481 0.71399998664855957 -9 10.35200023651123 0.030999999493360519 -9999 -9999 -0.81199997663497925 5.5460000038146973 -11.156999588012695 5.546116828918457 1.4309999942779541 -999 24.219999313354492 22.379999160766602 21.610000610351562 21.200000762939453 0.019999999552965164 0.0099999997764825821 0 0 4.2600002288818359 25.040000915527344 52.639999389648438 72.879997253417969 25.926475524902344 24.003414154052734 23.196710586547852 22.843479156494141 57751.06640625 15.157584190368652 14.062313079833984 11.776219367980957 36.092147827148438 riz 0 57745.7265625 0.95498514175415039 -0.6129642128944397 0.76187139749526978 0.11864335834980011 0.056084923446178436 23.278141021728516 0.051367174834012985 8.7648331827949733e-06 4.1467228584224358e-07 0.0047597875818610191 -1.2751007716360618e-07 -1.5503969663654971e-08 20 13.458932876586914 0.85683685541152954 0.44514036178588867
SN: 1643213 10 0 C3 3 0 52.805610999999999 -28.241674 0.65590000152587891 0.0010000000474974513 0.6552550196647644 0.0010000000474974513 0.65525507926940918 0.0019348193891346455 0 300 0 0 0.0084478426724672318 1 1 111239 -9 -9 0.65590000152587891 0.0010000000474974513 52.805607000000002 -28.241508 0.59899997711181641 0.73400002717971802 -9 9.7340002059936523 0.0060000000521540642 -9999 -9999 1.4880000352859497 0 -8.2519998550415039 0.05000000074505806 -0.064000003039836884 -999 22.649999618530273 22.110000610351562 21.770000457763672 21.739999771118164 0 0 0 0 16.950000762939453 27.010000228881836 36.610000610351562 36.009998321533203 24.42707633972168 23.921188354492188 23.591001510620117 23.608942031860352 57751.1171875 35.707542419433594 28.156620025634766 16.65144157409668 79.702560424804688 riz 0 57754.23046875 0.45177921652793884 0.78396981954574585 0.36416774988174438 -0.007097167894244194 0.032782677561044693 23.581476211547852 0.02820490300655365 6.6284119384363294e-06 1.7219073811247654e-07 0.0013469698606058955 -4.3004547478631139e-08 -1.6544825509612338e-09 25 19.134117126464844 0.79064488410949707 0.26239192485809326
SN: 1652139 10 0 C3 3 0 53.220950999999999 -28.031701999999999 0.7833399772644043 0.0010000000474974513 0.78265500068664551 0.0010000000474974513 0.78265500068664551 0.0020450183656066656 0 300 0 0 0.0061261970549821854 1 2 -25122 -9 -9 0.78329998254776001 0.0010000000474974513 53.220967999999999 -28.031461 0.86900001764297485 0.55699998140335083 -3.9263131618499756 11.083999633789062 0.012000000104308128 -9999 -9999 1.1959999799728394 0.29899999499320984 -9.8850002288818359 0.30754673480987549 1.3500000238418579 -999 24.799999237060547 23.180000305175781 21.940000534057617 21.469999313354492 0.019999999552965164 0 0 0 2.25 11.539999961853027 35.759998321533203 50.880001068115234 26.619543075561523 24.844486236572266 23.616506576538086 23.233631134033203 57763.125 17.181432723999023 14.139902114868164 10.638710021972656 46.682090759277344 riz 0 57762.609375 0.56104230880737305 0.093910545110702515 0.49802082777023315 0.045306701213121414 0.047449283301830292 24.085268020629883 0.042425468564033508 4.1676612454466522e-06 1.6285261494886072e-07 0.0051226858049631119 -5.4697061102615407e-08 -5.9501598093092412e-10 25 12.562749862670898 0.98142331838607788 0.154232457280159
SN: 1547048 10 0 X2 3 0 35.452587000000001 -6.1007999999999996 0.54579198360443115 0.00011000000085914508 0.54453998804092407 0.00011000000085914508 0.5445399284362793 0.0015494797844439745 0 300 0 0 0.022116048261523247 1 2 -24415 -9 -9 0.54579997062683105 9.9999997473787516e-05 35.45279 -6.100835 0.73600000143051147 0.4050000011920929 -3.6740362644195557 11.581999778747559 0.1080000028014183 -9999 -9999 -2.9140000343322754 7.0859999656677246 -14.520999908447266 7.0904088020324707 1.4930000305175781 -999 22.969999313354492 21.100000381469727 20.180000305175781 19.770000457763672 0.0099999997764825821 0 0 0 14.460000038146973 87.150001525878906 199.41999816894531 289.6300048828125 24.599578857421875 22.649332046508789 21.750577926635742 21.345390319824219 57709.04296875 11.152591705322266 8.88006591796875 7.4846963882446289 31.271730422973633 riz 0 57704.6875 0.72802948951721191 -1.2812095880508423 0.59748601913452148 0.17111517488956451 0.067187368869781494 23.122661590576172 0.071835845708847046 1.0114285032614134e-05 6.6919403707288438e-07 0.0095413466915488243 -2.4308687329721579e-07 -2.8617586522727834e-08 43 68.750556945800781 0.0075643029995262623 0.71254926919937134
SN: 1392367 10 0 S1 3 0 42.444828000000001 0.437807 0.59463000297546387 0.0010000000474974513 0.59348899126052856 0.0010000000474974513 0.59348893165588379 0.0018821784760802984 0 300 0 0 0.047247100621461868 2 3 -22961 -9 -9 0.59460002183914185 0.0010000000474974513 42.445003999999997 0.43772299999999997 0.70200002193450928 0.9660000205039978 -0.59778118133544922 10.331999778747559 0.020999999716877937 -9999 -9999 0.8190000057220459 0.0080000003799796104 -9.4770002365112305 0.099322706460952759 0.38600000739097595 -999 22.829999923706055 21.889999389648438 21.430000305175781 21.190000534057617 0.0099999997764825821 0 0 0 17.549999237060547 45.610000610351562 67.029998779296875 87.080001831054688 24.389307022094727 23.352350234985352 22.934326171875 22.650203704833984 57653.28125 6.0013084411621094 5.9422016143798828 5.2424716949462891 18.478342056274414 riz 0 57650.85546875 1.1544559001922607 -0.54593807458877563 0.97501301765441895 -0.056422524154186249 0.11382851749658585 23.546104431152344 0.12184973061084747 6.8479107540042605e-06 7.6852563779539196e-07 0.03371841087937355 -5.4963072670943802e-07 -5.1611575457854997e-08 55 39.74395751953125 0.93954604864120483 0.2617034912109375
SN: 1700109 10 0 C3 3 0 52.432845999999998 -27.649978999999998 0.74189001321792603 0.0010000000474974513 0.74119299650192261 0.0010000000474974513 0.74119305610656738 0.0020089300815016031 0 300 0 0 0.0084819663316011429 1 3 117602 -9 -9 0.74190002679824829 0.0010000000474974513 52.432847000000002 -27.650053 0.26600000262260437 0.31099998950958252 -4.2818646430969238 10.178000450134277 0.02199999988079071 -9999 -9999 0.52100002765655518 0.008999999612569809 -9.6789999008178711 0.089453898370265961 0.53200000524520874 -999 24.030000686645508 23.190000534057617 22.440000534057617 22.139999389648438 0.0099999997764825821 0 0 0 5.7699999809265137 12.300000190734863 24.760000228881836 29.559999465942383 25.597061157226562 24.775238037109375 24.015623092651367 23.823238372802734 57778.1015625 16.721359252929688 13.55250358581543 9.1900882720947266 37.389614105224609 riz 0 57781.41796875 0.92002743482589722 1.0094069242477417 0.79382884502410889 0.12138232588768005 0.057481415569782257 24.224233627319336 0.04608917236328125 3.6669662222266197e-06 1.5566160982416477e-07 0.011545338667929173 -7.277210301026571e-08 -1.6360910404245033e-09 15 8.0987262725830078 0.91976362466812134 0.52623069286346436
SN: 1519027 10 0 X2 3 0 35.704726999999998 -7.1630750000000001 0.51525002717971802 0.0010000000474974513 0.51403599977493286 0.0010000000474974513 0.51403594017028809 0.0018153138225898147 0 300 0 0 0.022911522537469864 2 5 92622 -9 -9 0.51529997587203979 0.0010000000474974513 35.704850999999998 -7.1631 0.45100000500679016 0.3529999852180481 -3.2692501544952393 10.89900016784668 0.013000000268220901 -9999 -9999 -2.4539999961853027 0.3970000147819519 -13.329999923706055 0.39820849895477295 1.5679999589920044 -999 23.569999694824219 21.709999084472656 20.850000381469727 20.389999389648438 0.0099999997764825821 0 0 0 8.1999998092651367 52.130001068115234 110.95999908447266 165.85000610351562 25.215465545654297 23.207281112670898 22.3870849609375 21.950710296630859 57687.09375 6.6003217697143555 5.5525364875793457 3.8459703922271729 20.713068008422852 riz 0 57693.0234375 1.3422800302505493 -1.0598922967910767 0.89367115497589111 0.13874678313732147 0.094492368400096893 23.438053131103516 0.098260924220085144 7.5644770731742028e-06 6.8459769408946158e-07 0.019334042444825172 -3.4610135912771511e-07 -4.3874948119082546e-08 43 36.493396759033203 0.74780404567718506 0.58199256658554077
SN: 1371048 10 0 E2 3 0 9.6359180000000002 -43.595866999999998 0.34488999843597412 0.0010000000474974513 0.34391799569129944 0.0010000000474974513 0.34391796588897705 0.0016758658457547426 0 300 0 0 0.0082212323322892189 1 1 46850 -9 -9 0.34490001201629639 0.0010000000474974513 9.6358619999999995 -43.595972000000003 0.40400001406669617 0.36000001430511475 -9 10.758999824523926 0.037999998778104782 -9999 -9999 0.64099997282028198 6.6579999923706055 -10.121999740600586 6.6585049629211426 1.4880000352859497 -999 22.040000915527344 20.450000762939453 19.870000839233398 19.510000228881836 0 0 0 0 31 145.75999450683594 230.49000549316406 322.51998901367188 23.771595001220703 22.090904235839844 21.59337043762207 21.228609085083008 57623.22265625 22.048412322998047 19.608694076538086 14.105208396911621 57.271823883056641 griz 0 57619.79296875 0.65056788921356201 -1.8474526405334473 0.386055588722229 0.040412995964288712 0.03422166034579277 22.177404403686523 0.048022627830505371 2.4156721337931231e-05 1.0684632343327394e-06 0.0047822804190218449 -1.5868910452354612e-07 -2.8219266923201758e-08 55 37.457073211669922 0.96621161699295044 0.63037925958633423
SN: 1503024 10 1 X2 3 0 35.107852999999999 -6.3854519999999999 0.27797999978065491 0.0010000000474974513 0.2769399881362915 0.0010000000474974513 0.2769399881362915 0.0016225758008658886 0 300 0 0 0.023286299780011177 1 1 104637 -9 -9 0.27799999713897705 0.0010000000474974513 35.106447000000003 -6.3865470000000002 6.3899998664855957 2.7330000400543213 -9 11.357000350952148 0.0099999997764825821 -9999 -9999 -1.1649999618530273 8.8350000381469727 -12.487000465393066 8.835301399230957 1.5230000019073486 -999 21.25 19.719999313354492 19.209999084472656 18.889999389648438 0 0 0 0 1.190000057220459 5.0199999809265137 5.7300000190734863 7.070000171661377 27.311132431030273 25.748241424560547 25.6046142578125 25.37645149230957 57686.09765625 30.055007934570312 17.820384979248047 13.119476318359375 57.448078155517578 griz 0 57686.96484375 0.49808114767074585 -2.0538787841796875 0.27944323420524597 -0.085867829620838165 0.037920556962490082 21.627222061157227 0.054029546678066254 4.0096954762702808e-05 1.9953467926825397e-06 0.0033090019132941961 -2.5163873829114891e-07 -5.8887462017764847e-08 36 18.051120758056641 0.99453085660934448 0.7420501708984375
SN: 1509040 10 0 S2 3 0 41.649566999999998 -1.744124 0.68629002571105957 0.0010000000474974513 0.68507099151611328 0.0010000000474974513 0.68507099151611328 0.0019604219123721123 0 300 0 0 0.039290625602006912 1 2 104921 -9 -9 0.68629997968673706 0.0010000000474974513 41.649622000000001 -1.7441530000000001 0.22400000691413879 0.18500000238418579 -5.3118495941162109 11.001999855041504 0.0099999997764825821 -9999 -9999 -1.4459999799728394 1.3559999465942383 -12.465999603271484 1.3574166297912598 1.5369999408721924 -999 24.639999389648438 22.559999465942383 21.579999923706055 21.040000915527344 0.039999999105930328 0.0099999997764825821 0 0 3.559999942779541 22.700000762939453 62.619998931884766 99 26.121374130249023 24.109935760498047 23.008216857910156 22.51091194152832 57684.1171875 9.6360416412353516 5.7417073249816895 5.1199026107788086 20.628538131713867 riz 0 57686.2421875 1.4624779224395752 -0.40433591604232788 0.79097235202789307 -0.09069523960351944 0.086250677704811096 23.391304016113281 0.07911856472492218 7.8973016570671462e-06 5.7548339782442781e-07 0.0035877835471183062 -2.3560694728530507e-07 -4.4209764737956903e-09 44 29.917331695556641 0.94811785221099854 0.33100017905235291
SN: 1253324 10 0 S1 3 0 43.394016000000001 0.019033999999999999 0.17026400566101074 2.9999999242136255e-05 0.16944800317287445 2.9999999242136255e-05 0.16944801807403564 0.0011706126388162374 0 300 0 0 0.061994966119527817 1 1 10325 -9 -9 0 0 43.394067999999997 0.019029000000000001 0.18700000643730164 0.075999997556209564 -9 10.909000396728516 0.0099999997764825821 -9999 -9999 1.3789999485015869 0.39899998903274536 -9.508000373840332 0.40062075853347778 1.0529999732971191 -999 19.260000228881836 18.489999771118164 17.920000076293945 17.840000152587891 0 0 0 0 438.54000854492188 901.969970703125 1264.4599609375 1766.0400390625 20.894977569580078 20.112018585205078 19.745237350463867 19.382499694824219 56669.046875 20.228300094604492 8.2427453994750977 7.845674991607666 26.422191619873047 grz 0 56662.625 0.63871896266937256 -2.3324956893920898 0.67672818899154663 -0.020087538287043571 0.074783995747566223 21.7091064453125 0.077388100326061249 3.7184112443355843e-05 2.6503748813411221e-06 0.0030359493102878332 -8.5136872485236381e-07 -7.1555078307028452e-08 9 22.401782989501953 0.0076891938224434853 0.78037649393081665
SN: 1641368 10 0 X3 3 0 37.248722000000001 -4.2953530000000004 0.60833001136779785 0.0010000000474974513 0.60706198215484619 0.0010000000474974513 0.60706198215484619 0.0018936988199129701 0 300 0 0 0.023490076884627342 1 2 112868 -9 -9 0.60829997062683105 0.0010000000474974513 37.248783000000003 -4.2952820000000003 0.335999995470047 0.51800000667572021 -3.900418758392334 9.5889997482299805 0.016000000759959221 -9999 -9999 0.086000002920627594 0.028000000864267349 -9.4770002365112305 0.060827624052762985 0.40200001001358032 -999 24.309999465942383 23.360000610351562 22.860000610351562 22.629999160766602 0.0099999997764825821 0.0099999997764825821 0.0099999997764825821 0.0099999997764825821 4.570000171661377 11.680000305175781 16.639999389648438 19.129999160766602 25.850210189819336 24.831392288208008 24.447116851806641 24.295713424682617 57752.11328125 26.337978363037109 14.992660522460938 14.442626953125 50.371826171875 riz 0 57752.39453125 0.554451584815979 -0.31872272491455078 0.47669696807861328 0.046613309532403946 0.044331002980470657 23.785154342651367 0.042353738099336624 5.494631750480039e-06 2.1434138375298062e-07 0.0035390271805226803 -6.4693992385400634e-08 -3.9980787569504628e-09 16 20.435333251953125 0.20125007629394531 0.18822687864303589
SN: 1501158 10 0 E2 3 0 8.8711730000000006 -44.334114 0.5816199779510498 0.0010000000474974513 0.58048802614212036 0.0010000000474974513 0.58048796653747559 0.0018711697775870562 0 300 0 0 0.0075361658819019794 1 1 104465 -9 -9 0.58160001039505005 0.0010000000474974513 8.8712420000000005 -44.334069999999997 0.23800000548362732 0.40200001001358032 -9 11.048999786376953 0.0040000001899898052 -9999 -9999 -5.4010000228881836 4.5989999771118164 -16.454999923706055 4.5993785858154297 2.125999927520752 -999 25.239999771118164 23.329999923706055 22.469999313354492 21.840000152587891 0.059999998658895493 0.0099999997764825821 0.0099999997764825821 0.0099999997764825821 1.3899999856948853 10.029999732971191 23.590000152587891 38.220001220703125 27.142463684082031 24.996747970581055 24.068180084228516 23.544273376464844 57686.0234375 8.671961784362793 6.7474288940429688 4.3059077262878418 19.908754348754883 riz 0 57687.69140625 1.2460660934448242 -0.48107501864433289 0.69509345293045044 0.015917016193270683 0.13813287019729614 23.433412551879883 0.082239195704460144 7.5968691817251965e-06 5.7542558806744637e-07 -0.013574006035923958 -2.0522840316061775e-07 -2.4504110740508622e-08 30 51.607265472412109 0.0083935363218188286 0.16890770196914673
SN: 1514043 10 0 X2 3 0 34.86018 -6.1665229999999998 0.52830600738525391 0.0001900000061141327 0.52705502510070801 0.0001900000061141327 0.52705502510070801 0.0015398405957967043 0 300 0 0 0.021735170856118202 1 3 -22557 -9 -9 0.52829998731613159 0.00019999999494757503 34.860090999999997 -6.165597 3.3489999771118164 2.1700000762939453 -1.7485957145690918 11.024999618530273 0.02199999988079071 -9999 -9999 1.3819999694824219 0.65399998426437378 -9.6230001449584961 0.66145068407058716 0.92400002479553223 -999 23.200000762939453 21.700000762939453 20.979999542236328 20.569999694824219 0.0099999997764825821 0 0 0 3.0899999141693115 10.550000190734863 14.989999771118164 21.399999618530273 26.275104522705078 24.941867828369141 24.560495376586914 24.173965454101562 57687.09765625 5.6142687797546387 5.146538257598877 -99 20.159496307373047 iz 0 57683.23828125 1.3371832370758057 -0.76377397775650024 0.86936724185943604 0.05188114196062088 0.17682801187038422 23.112781524658203 0.20582659542560577 1.0206746992480475e-05 1.9349267859070096e-06 0.0019619595259428024 -5.2687948937091278e-07 -3.1571704539601342e-07 29 24.099359512329102 0.7240174412727356 0.30777263641357422
SN: 1618042 10 1 C3 3 0 52.186230000000002 -28.556388999999999 0.42950001358985901 0.0010000000474974513 0.42893099784851074 0.0010000000474974513 0.42893099784851074 0.0017448692815378308 0 300 0 0 0.0083147361874580383 1 2 -25900 -9 -9 0.42950001358985901 0.0010000000474974513 52.186627000000001 -28.556699999999999 1.6820000410079956 1.25 -2.752495288848877 10.473999977111816 0.050999999046325684 -9999 -9999 1.4930000305175781 0.012000000104308128 -8.9250001907348633 0.039849717170000076 0.56599998474121094 -999 22.450000762939453 21.280000686645508 20.870000839233398 20.459999084472656 0 0 0 0 18.530000686645508 52.889999389648438 78.839996337890625 99.580001831054688 24.330310821533203 23.191566467285156 22.758132934570312 22.504570007324219 57739.13671875 73.424530029296875 50.820976257324219 27.789024353027344 133.63088989257812 riz 0 57739.75 0.29680740833282471 -0.18344703316688538 0.22400984168052673 -0.026707639917731285 0.028296787291765213 22.539951324462891 0.033864550292491913 1.7298953025601804e-05 5.3956131296217791e-07 0.0013371200766414404 -6.3345702017159056e-08 -1.2012836947405958e-08 31 15.520008087158203 0.99071043729782104 0.1080034002661705
SN: 1390173 10 0 C1 3 0 53.543017999999996 -27.570578000000001 0.65938001871109009 0.0010000000474974513 0.65874701738357544 0.0010000000474974513 0.65874695777893066 0.0019378116121515632 0 300 0 0 0.0070335520431399345 1 2 49052 -9 -9 0.65939998626708984 0.0010000000474974513 53.543351999999999 -27.570875000000001 1.5110000371932983 1.9299999475479126 -1.2068067789077759 9.9110002517700195 0.014999999664723873 -9999 -9999 1.7079999446868896 0.079999998211860657 -8.1979999542236328 0.079999998211860657 0.20800000429153442 -999 23.200000762939453 22.350000381469727 21.930000305175781 21.700000762939453 0.0099999997764825821 0.0099999997764825821 0 0.0099999997764825821 8.2200002670288086 17.200000762939453 26.729999542236328 31.340000152587891 25.212820053100586 24.411178588867188 23.932502746582031 23.75975227355957 57653.35546875 9.0452499389648438 8.1785831451416016 6.9724569320678711 27.032108306884766 riz 0 57644.63671875 0.91097009181976318 0.35955798625946045 0.82009267807006836 -0.036878451704978943 0.068128094077110291 23.635715484619141 0.069602087140083313 6.3054130805539899e-06 4.0421414837510383e-07 0.015932284295558929 -2.4831876999087399e-07 -1.1015337086917043e-08 62 47.638065338134766 0.91056811809539795 0.17168574035167694
SN: 1500076 10 0 X1 3 0 34.963729999999998 -4.6143520000000002 0.60023999214172363 0.0010000000474974513 0.5989220142364502 0.0010000000474974513 0.5989220142364502 0.0018867866601794958 0 300 0 0 0.019292896613478661 2 2 -22539 -9 -9 0.60019999742507935 0.0010000000474974513 34.963774999999998 -4.6142989999999999 0.25099998712539673 0.36500000953674316 -3.5308437347412109 10.579999923706055 0.041999999433755875 -9999 -9999 -3.625 2.9309999942779541 -14.192999839782715 2.9312593936920166 1.2079999446868896 -999 23.469999313354492 21.889999389648438 21.049999237060547 20.690000534057617 0.019999999552965164 0 0 0 8.4899997711181641 41.439998626708984 89.279998779296875 119.94000244140625 25.177730560302734 23.456451416015625 22.623115539550781 22.302589416503906 57681.19140625 14.851815223693848 10.711421966552734 5.4776225090026855 28.930187225341797 riz 0 57687.9140625 1.0641797780990601 0.63504743576049805 0.635323166847229 -0.25953197479248047 0.066374577581882477 22.915729522705078 0.057263009250164032 1.2237936971359886e-05 6.4544326505711069e-07 0.0043760575354099274 -2.6824574206329999e-07 -8.6558413769921572e-09 45 26.047548294067383 0.98938709497451782 0.89062827825546265
SN: 1449102 10 0 C3 3 0 52.779147999999999 -28.679044999999999 0.69896000623703003 0.0010000000474974513 0.69830197095870972 0.0010000000474974513 0.69830203056335449 0.0019718213006854057 0 300 0 0 0.008085113950073719 2 2 102328 -9 -9 0.69900000095367432 0.0010000000474974513 52.779288000000001 -28.679099999999998 0.4830000102519989 0.65600001811981201 -1.875834584236145 10.013999938964844 0.0099999997764825821 -9999 -9999 0.43500000238418579 0.29100000858306885 -9.5659999847412109 0.30459973216056824 0.77799999713897705 -999 24.739999771118164 23.75 23.069999694824219 22.729999542236328 0.019999999552965164 0.0099999997764825821 0.0099999997764825821 0.0099999997764825821 3.1099998950958252 7.9200000762939453 14.699999809265137 17.719999313354492 26.268098831176758 25.25318717956543 24.581707000732422 24.378841400146484 57668.12109375 13.36663818359375 10.828937530517578 9.2720279693603516 33.739780426025391 riz 0 57670.58984375 0.64153695106506348 -0.3511979877948761 0.54704630374908447 0.15729409456253052 0.065827086567878723 24.244878768920898 0.064034335315227509 3.59789737558458e-06 2.1219608470346429e-07 0.010038567706942558 -7.8940971093288681e-08 -7.7974569023808726e-09 41 34.608760833740234 0.74905145168304443 0.53722363710403442
SN: 1559124 10 0 C2 3 0 54.731361 -29.125114 0.65311002731323242 0.0010000000474974513 0.6525300145149231 0.0010000000474974513 0.65252995491027832 0.0019324854947626591 0 300 0 0 0.012245128862559795 1 1 106878 -9 -9 0.65310001373291016 0.0010000000474974513 54.731014000000002 -29.125076 1.0989999771118164 1.559999942779541 -9 9.8479995727539062 0.032000001519918442 -9999 -9999 1.1460000276565552 0.94599997997283936 -8.6840000152587891 0.94954723119735718 0.52399998903274536 -999 24 23.049999237060547 22.530000686645508 22.309999465942383 0.019999999552965164 0.0099999997764825821 0.0099999997764825821 0.0099999997764825821 2.6400001049041748 5.809999942779541 6.6500000953674316 11.399999618530273 26.445989608764648 25.589559555053711 25.44294548034668 24.857738494873047 57730.22265625 12.206652641296387 8.9497880935668945 8.5833158493041992 34.708904266357422 riz 0 57724.04296875 0.68809735774993896 -0.2174665778875351 0.49883440136909485 -0.002859894186258316 0.05323401466012001 23.330900192260742 0.048047423362731934 8.3491067925933748e-06 3.6947562875866424e-07 0.0031701901461929083 -1.1812431921498501e-07 -5.5790581043879683e-09 47 39.781352996826172 0.76323330402374268 0.073113009333610535
SN: 1373042 10 0 X3 3 0 36.188419000000003 -4.1637199999999996 0.23819999396800995 0.0010000000474974513 0.2372020035982132 0.0010000000474974513 0.23720204830169678 0.0015914496034383774 0 300 0 0 0.02489842101931572 1 1 -19024 -9 -9 0.23819999396800995 0.0010000000474974513 36.188476000000001 -4.1637779999999998 0.29300001263618469 0.15700000524520874 -9 10.741999626159668 0.0060000000521540642 -9999 -9999 1.0750000476837158 0.039999999105930328 -9.6520004272460938 0.054488532245159149 1.1519999504089355 -999 21.590000152587891 20.260000228881836 19.670000076293945 19.489999771118164 0 0 0 0 55.310001373291016 188.91999816894531 285.10000610351562 358.60000610351562 23.142990112304688 21.809305191040039 21.362506866455078 21.113473892211914 57636.25390625 91.768844604492188 74.616409301757812 45.636260986328125 209.49589538574219 griz 0 57634.3984375 0.26149410009384155 -1.8629263639450073 0.19580098986625671 -0.022975487634539604 0.019988728687167168 21.311941146850586 0.024999706074595451 5.3607214795192704e-05 1.2343372191025992e-06 0.00088654155842959881 -8.572946086360389e-08 -1.7631235138537704e-08 39 18.612377166748047 0.99766832590103149 0.62568020820617676
SN: 1472020 10 0 C1 3 0 54.184562999999997 -27.616118 0.53169000148773193 0.0010000000474974513 0.53112298250198364 0.0010000000474974513 0.53112292289733887 0.0018296082271263003 0 300 0 0 0.01070250291377306 2 2 103544 -9 -9 0.5317000150680542 0.0010000000474974513 54.184282000000003 -27.61645 1.4930000305175781 1.6749999523162842 -0.36513563990592957 9.2159996032714844 0.017999999225139618 -9999 -9999 0.63899999856948853 0.289000004529953 -8.5719995498657227 0.289000004529953 -0.046000000089406967 -999 23.729999542236328 22.889999389648438 22.709999084472656 22.620000839233398 0.0099999997764825821 0.0099999997764825821 0.0099999997764825821 0.0099999997764825821 3.5999999046325684 6.9800000190734863 8.880000114440918 9.0200004577636719 26.109243392944336 25.390361785888672 25.12896728515625 25.111984252929688 57681.1640625 13.578269958496094 7.4901375770568848 6.8697905540466309 36.027969360351562 riz 0 57680.85546875 0.62516361474990845 0.47163388133049011 0.52186977863311768 -0.067743889987468719 0.063937030732631683 22.826681137084961 0.062563434243202209 1.3283970474731177e-05 7.6546297123059048e-07 0.0029153258074074984 -2.97538321092361e-07 -2.0200584316398817e-08 43 38.99871826171875 0.64545971155166626 0.27514883875846863
SN: 1431064 10 0 E1 3 0 9.0619859999999992 -43.184773 0.3959600031375885 0.0010000000474974513 0.39493700861930847 0.0010000000474974513 0.39493703842163086 0.0017171039944514632 0 300 0 0 0.0049681360833346844 1 1 -22600 -9 -9 0.39599999785423279 0.0010000000474974513 9.0619010000000006 -43.184998999999998 0.84299999475479126 0.7720000147819519 -9 9.5240001678466797 0.023000000044703484 -9999 -9999 0.83799999952316284 0.16599999368190765 -8.6700000762939453 0.19027611613273621 0.17299999296665192 -999 23.100000381469727 22.290000915527344 22.110000610351562 21.850000381469727 0.0099999997764825821 0.0099999997764825821 0.0099999997764825821 0.0099999997764825821 12.090000152587891 28.159999847412109 32.529998779296875 44.080001831054688 24.793933868408203 23.875919342041016 23.719289779663086 23.389396667480469 57670.99609375 24.411838531494141 16.205865859985352 10.882682800292969 54.04815673828125 riz 0 57667.27734375 0.37872445583343506 -0.59257966279983521 0.34817680716514587 -0.039531324058771133 0.042838048189878464 22.380947113037109 0.047012720257043839 2.0027238861075602e-05 8.6718580405431567e-07 0.0019843443296849728 -1.3113297825384507e-07 -2.8544976160560509e-08 45 28.613054275512695 0.97285401821136475 0.23744548857212067
SN: 1370391 10 0 C2 3 0 54.945487999999997 -29.807818999999999 0.65749001502990723 0.0010000000474974513 0.65692198276519775 0.0010000000474974513 0.65692198276519775 0.0019362475723028183 0 300 0 0 0.010540083982050419 1 1 47468 -9 -9 0.65750002861022949 0.0010000000474974513 54.945318 -29.8078 0.5350000262260437 0.78600001335144043 -9 9.3269996643066406 0.037000000476837158 -9999 -9999 0.58600002527236938 0.42699998617172241 -8.744999885559082 0.43948265910148621 0.14200000464916229 -999 24.360000610351562 23.469999313354492 23.030000686645508 22.930000305175781 0.019999999552965164 0.0099999997764825821 0.0099999997764825821 0.0099999997764825821 2.9700000286102295 7.0900001525878906 10.680000305175781 12.100000381469727 26.318109512329102 25.373384475708008 24.928571701049805 24.793037414550781 57643.2265625 13.746278762817383 9.2209692001342773 8.0813026428222656 36.928604125976562 riz 0 57635.6328125 0.87213313579559326 0.63087630271911621 0.60366415977478027 -0.048426836729049683 0.049539100378751755 23.234212875366211 0.047511108219623566 9.1267302195774391e-06 3.9937975770953926e-07 0.0048287985846400261 -1.5853629520279355e-07 -6.7537913039927844e-09 48 48.723987579345703 0.44371894001960754 0.26510390639305115
SN: 1444028 10 0 E2 3 0 8.9507060000000003 -44.084933999999997 0.55484002828598022 0.0010000000474974513 0.55372202396392822 0.0010000000474974513 0.55372202396392822 0.00184858706779778 0 300 0 0 0.0060617732815444469 1 1 101555 -9 -9 0.55479997396469116 0.0010000000474974513 8.9506359999999994 -44.084919999999997 0.18700000643730164 0.38899999856948853 -9 8.7930002212524414 0.10599999874830246 -9999 -9999 -0.35400000214576721 0.11999999731779099 -9.2740001678466797 0.36621850728988647 0.24099999666213989 -999 24.899999618530273 24.079999923706055 23.75 23.719999313354492 0.039999999105930328 0.019999999552965164 0.029999999329447746 0.029999999329447746 1.7699999809265137 4.690000057220459 6.0100002288818359 6.2300000190734863 26.88006591796875 25.822067260742188 25.552814483642578 25.51378059387207 57671.01171875 17.160074234008789 11.613191604614258 8.6286296844482422 41.082534790039062 riz 0 57667.453125 0.57116270065307617 -0.3006168007850647 0.46997657418251038 -0.02756214328110218 0.050452351570129395 23.145906448364258 0.0453193299472332 9.9000517366221175e-06 4.1323454524899716e-07 0.0021528508514165878 -1.1161212398747011e-07 -1.0151634199928594e-08 50 54.319778442382812 0.31334418058395386 0.13594837486743927
SN: 1646094 10 0 C2 3 0 54.672676000000003 -29.498604 0.59293001890182495 0.0010000000474974513 0.59237301349639893 0.0010000000474974513 0.59237301349639893 0.0018812326015904546 0 300 0 0 0.0102522112429142 1 1 112531 -9 -9 0.59289997816085815 0.0010000000474974513 54.672727999999999 -29.498695999999999 0.36700001358985901 0.48399999737739563 -9 10.13700008392334 0.014999999664723873 -9999 -9999 0.29800000786781311 0.028000000864267349 -9.8350000381469727 0.068942002952098846 0.65799999237060547 -999 23.879999160766602 22.75 22.200000762939453 21.889999389648438 0.019999999552965164 0.0099999997764825821 0.0099999997764825821 0.0099999997764825821 6.369999885559082 19.069999694824219 32.580001831054688 42.680000305175781 25.489650726318359 24.299123764038086 23.717622756958008 23.4244384765625 57740.12109375 9.7512826919555664 9.4780540466308594 7.8789525032043457 22.638017654418945 riz 0 57741.80859375 1.3230452537536621 -0.55083954334259033 0.97550803422927856 0.23023173213005066 0.090906888246536255 24.038007736206055 0.083543732762336731 4.3530831135285553e-06 3.3495504681013699e-07 0.01968361996114254 -2.1871093736081093e-07 -1.6988524365046942e-08 34 33.181869506835938 0.50754010677337646 0.78909856081008911
SN: 1560099 10 0 C3 3 0 52.712437000000001 -28.213356000000001 0.68071997165679932 0.0010000000474974513 0.68006199598312378 0.0010000000474974513 0.68006205558776855 0.0019561124499887228 0 300 0 0 0.0074866064824163914 1 5 -21481 -9 -9 0.68070000410079956 0.0010000000474974513 52.712142 -28.213511 1.0880000591278076 0.89499998092651367 -2.3534781932830811 10.927000045776367 0.043000001460313797 -9999 -9999 1.3450000286102295 0.61699998378753662 -9.5970001220703125 0.62818229198455811 1.128000020980835 -999 24.049999237060547 22.530000686645508 21.600000381469727 21.149999618530273 0.0099999997764825821 0 0 0 5.179999828338623 19.840000152587891 41.369998931884766 56.409999847412109 25.714176177978516 24.256145477294922 23.458286285400391 23.121608734130859 57730.1328125 14.161077499389648 10.855781555175781 10.399465560913086 32.988998413085938 riz 0 57720.75 0.67426121234893799 -0.8094518780708313 0.54005122184753418 -0.11362206190824509 0.066091924905776978 23.685968399047852 0.064021944999694824 6.0202282838872634e-06 3.5499112982506631e-07 0.010725733824074268 -1.2616128231002222e-07 -1.5192313185252715e-08 22 12.977993965148926 0.93377310037612915 0.46502205729484558
SN: 1457045 10 0 X1 3 0 33.866928000000001 -4.5313660000000002 0.2895599901676178 0.0010000000474974513 0.28847599029541016 0.0010000000474974513 0.28847599029541016 0.0016316820401698351 0 300 0 0 0.017798636108636856 1 3 103079 -9 -9 0.28960001468658447 0.0010000000474974513 33.867167000000002 -4.5314370000000004 0.89600002765655518 0.9100000262260437 -2.922654390335083 9.7040004730224609 0.012000000104308128 -9999 -9999 0.76499998569488525 0.15299999713897705 -8.8950004577636719 0.15519343316555023 0.56000000238418579 -999 22.510000228881836 21.659999847412109 21.290000915527344 21.100000381469727 0.0099999997764825821 0 0 0 22.709999084472656 53.759998321533203 75.449996948242188 89.489997863769531 24.109457015991211 23.173851013183594 22.805850982666016 22.620563507080078 57686.0859375 12.56859016418457 10.139849662780762 7.5426397323608398 33.878211975097656 giz 0 57678.1328125 0.44151502847671509 -0.54161226749420166 0.43737918138504028 -0.18972262740135193 0.03539033979177475 22.059593200683594 0.058747090399265289 2.6925417841994204e-05 1.4568823871741188e-06 0.0060849091969430447 -4.6114442397993116e-07 -2.5626738064943311e-08 35 57.462547302246094 0.0097259636968374252 0.65767359733581543
SN: 1432102 10 0 E2 3 0 10.465083 -43.93647 0.71925997734069824 0.0010000000474974513 0.71803402900695801 0.0010000000474974513 0.71803402900695801 0.0019888642709702253 0 300 0 0 0.0060321204364299774 1 1 100245 -9 -9 0.71929997205734253 0.0010000000474974513 10.465070000000001 -43.936870999999996 1.4429999589920044 1.3339999914169312 -9 11.053999900817871 0.071999996900558472 -9999 -9999 -1.4259999990463257 8.574000358581543 -12.467000007629395 8.5746068954467773 1.5410000085830688 -999 24.430000305175781 22.520000457763672 21.360000610351562 20.860000610351562 0.029999999329447746 0.0099999997764825821 0 0 1.6299999952316284 7.0999999046325684 23.870000839233398 39.919998168945312 26.96953010559082 25.371854782104492 24.055368423461914 23.497024536132812 57657.2109375 13.63603401184082 10.467187881469727 -99 33.533359527587891 ri 0 57659.55078125 1.0651211738586426 0.28555867075920105 0.67300623655319214 -0.19690181314945221 0.075759649276733398 23.368021011352539 0.05683087557554245 8.0684831118560396e-06 4.2233000385749619e-07 0.0088015664368867874 -1.3759041905814229e-07 1.3650471863968505e-08 37 46.782188415527344 0.13007202744483948 0.66320568323135376
SN: 1594042 10 0 X2 3 0 35.477421 -6.6936419999999996 0.62111997604370117 0.0010000000474974513 0.61981201171875 0.0010000000474974513 0.61981201171875 0.0019045452354475856 0 300 0 0 0.023613972589373589 1 2 109924 -9 -9 0.62110000848770142 0.0010000000474974513 35.477482999999999 -6.6936619999999998 0.23399999737739563 0.33799999952316284 -4.4286599159240723 10.333999633789062 0.043999999761581421 -9999 -9999 -0.85900002717971802 6.4590001106262207 -11.163000106811523 6.4601330757141113 1.1779999732971191 -999 24.540000915527344 22.899999618530273 22.020000457763672 21.629999160766602 0.029999999329447746 0.0099999997764825821 0.0099999997764825821 0 2.8199999332427979 15.220000267028809 33.549999237060547 48.409999847412109 26.374378204345703 24.543964385986328 23.685768127441406 23.287662506103516 57728.05078125 9.2178144454956055 8.8141565322875977 5.7953176498413086 26.125577926635742 riz 0 57731.00390625 0.686515212059021 -1.4313104152679443 0.61051177978515625 -0.014326432719826698 0.076949521899223328 23.498546600341797 0.070638298988342285 7.1545350692758802e-06 4.6547603460567188e-07 0.010567214339971542 -1.881846856122138e-07 -1.6617534015495039e-08 37 32.059276580810547 0.69972789287567139 0.47948747873306274
SN: 1617030 10 0 C3 3 0 53.294018000000001 -28.177277 0.73681002855300903 0.0010000000474974513 0.73614698648452759 0.0010000000474974513 0.73614692687988281 0.0020045521669089794 0 300 0 0 0.0069675124250352383 1 1 109210 -9 -9 0.73680001497268677 0.0010000000474974513 53.294021999999998 -28.177332 0.19799999892711639 0.29300001263618469 -9 9.3219995498657227 0.072999998927116394 -9999 -9999 0.69900000095367432 0.58099997043609619 -8.5489997863769531 0.60480159521102905 0.079999998211860657 -999 24.530000686645508 24.010000228881836 23.510000228881836 23.299999237060547 0.0099999997764825821 0.0099999997764825821 0.0099999997764825821 0.0099999997764825821 3.5199999809265137 5.929999828338623 9.1999998092651367 9.7899999618530273 26.133644104003906 25.567363739013672 25.090530395507812 25.023042678833008 57730.12890625 15.733438491821289 10.527567863464355 8.5255584716796875 38.085842132568359 riz 0 57733.1953125 0.55243837833404541 -1.5055191516876221 0.47558021545410156 0.13997648656368256 0.056796334683895111 24.269256591796875 0.053729794919490814 3.5180121358280303e-06 1.7409576003046823e-07 0.00092167709954082966 -4.644293483124784e-08 -4.5846365592794314e-10 40 57.805976867675781 0.03389040008187294 0.68523550033569336
SN: 1562077 10 0 C3 3 0 53.485965999999998 -28.208237 0.47898000478744507 0.0010000000474974513 0.47842100262641907 0.0010000000474974513 0.47842097282409668 0.0017856779741123319 0 300 0 0 0.0079083312302827835 1 1 106889 -9 -9 0.47900000214576721 0.0010000000474974513 53.486024 -28.208179999999999 0.27599999308586121 0.41499999165534973 -9 9.0399999618530273 0.017999999225139618 -9999 -9999 0.85699999332427979 0.05299999937415123 -8.1389999389648438 0.073552705347537994 0.19300000369548798 -999 23.920000076293945 23.069999694824219 22.739999771118164 22.430000305175781 0.0099999997764825821 0 0 0.0099999997764825821 5.9499998092651367 13.510000228881836 18.25 22.489999771118164 25.56370735168457 24.673360824584961 24.346843719482422 24.120025634765625 57722.28515625 71.930984497070312 40.921871185302734 34.797264099121094 183.51821899414062 riz 0 57726.15234375 0.25939279794692993 1.2093616724014282 0.2063000500202179 -0.048722986131906509 0.022977035492658615 22.513296127319336 0.02615119144320488 1.7728902093949728e-05 4.2702077962530893e-07 0.00074715912342071533 -5.0472497292730623e-08 -6.7872623077391836e-09 37 23.140928268432617 0.96343225240707397 0.43460690975189209
SN: 1602033 10 0 X3 3 0 36.406517000000001 -3.792144 0.61096000671386719 0.0010000000474974513 0.60966598987579346 0.0010000000474974513 0.60966598987579346 0.0018959121080115438 0 300 0 0 0.023434687405824661 1 1 109030 -9 -9 0.61100000143051147 0.0010000000474974513 36.406640000000003 -3.7916979999999998 1.6640000343322754 1.7910000085830688 -9 9.1870002746582031 0.035000000149011612 -9999 -9999 1.1690000295639038 0.50700002908706665 -8.0100002288818359 0.51492619514465332 0.034000001847743988 -999 24.350000381469727 23.469999313354492 23.110000610351562 22.989999771118164 0.019999999552965164 0.0099999997764825821 0.0099999997764825821 0.0099999997764825821 1.4700000286102295 3.1700000762939453 4.4000000953674316 6.5100002288818359 27.081707000732422 26.247352600097656 25.891368865966797 25.466047286987305 57740.08984375 44.276081085205078 35.860366821289062 26.869646072387695 96.746757507324219 riz 0 57737.95703125 0.4055921733379364 0.40726774930953979 0.31651991605758667 -0.084156952798366547 0.030154583975672722 23.173547744750977 0.030165405943989754 9.651183063397184e-06 2.6814234388439218e-07 0.0032319363672286272 -6.0739324680980644e-08 -4.7905435174300237e-09 26 17.946849822998047 0.87769860029220581 0.31164547801017761
SN: 1389177 10 0 C2 3 0 55.066707999999998 -28.799547 0.44944998621940613 0.0010000000474974513 0.44894701242446899 0.0010000000474974513 0.44894695281982422 0.0017613203963264823 0 300 0 0 0.011815815232694149 2 4 -17697 -9 -9 0.44940000772476196 0.0010000000474974513 55.066741999999998 -28.799351000000001 0.71200001239776611 0.67400002479553223 -2.2329666614532471 10.857000350952148 0.046999998390674591 -9999 -9999 0.84799998998641968 0.84200000762939453 -9.9759998321533203 0.84458273649215698 1.1929999589920044 -999 22.690000534057617 21.209999084472656 20.639999389648438 20.229999542236328 0.0099999997764825821 0 0 0 17.420000076293945 76.629997253417969 125.62999725341797 161.71000671386719 24.397380828857422 22.789003372192383 22.252265930175781 21.978157043457031 57643.21875 13.035466194152832 11.060789108276367 9.335993766784668 38.794723510742188 riz 0 57644.42578125 0.52220076322555542 -0.4469548761844635 0.56977581977844238 0.027664303779602051 0.055084295570850372 22.81797981262207 0.064987443387508392 1.3390857930062339e-05 8.015184675969067e-07 0.0090749319642782211 -2.8805956731048354e-07 -3.2870865140921524e-08 47 38.524501800537109 0.80596929788589478 0.17521415650844574
SN: 1501131 10 0 X3 3 0 36.159270999999997 -3.8040669999999999 0.85389000177383423 0.0010000000474974513 0.85239297151565552 0.0010000000474974513 0.85239291191101074 0.002106166910380125 0 300 0 0 0.022830257192254066 1 2 104715 -9 -9 0.85390001535415649 0.0010000000474974513 36.159236999999997 -3.8040790000000002 0.1289999932050705 0.21699999272823334 -4.6566228866577148 9.6319999694824219 0.050999999046325684 -9999 -9999 0.89800000190734863 0.56300002336502075 -8.7119998931884766 0.56879699230194092 0.23600000143051147 -999 24.510000228881836 23.930000305175781 23.200000762939453 22.909999847412109 0.019999999552965164 0.0099999997764825821 0.0099999997764825821 0.0099999997764825821 3.3399999141693115 5.9000000953674316 11.699999809265137 14.420000076293945 26.190633773803711 25.572870254516602 24.829536437988281 24.60258674621582 57694.10546875 11.466522216796875 7.545903205871582 -99 29.059022903442383 iz 0 57692.890625 0.95454299449920654 1.2918998003005981 0.62539982795715332 -0.22735513746738434 0.12318499386310577 24.207740783691406 0.058304954320192337 3.7230929592624307e-06 1.9993325395262218e-07 0.0041119903326034546 -8.2466030448813399e-08 -5.9604907676202856e-09 25 17.566667556762695 0.86022359132766724 0.87165486812591553
SN: 1480038 10 1 X2 3 0 35.783439999999999 -6.7917249999999996 0.33529999852180481 0.0010000000474974513 0.33423000574111938 0.0010000000474974513 0.33422994613647461 0.0016680965200066566 0 300 0 0 0.020889652892947197 1 1 103731 -9 -9 0.33529999852180481 0.0010000000474974513 35.783585000000002 -6.7917170000000002 0.51800000667572021 0.49300000071525574 -9 10.458999633789062 0.013000000268220901 -9999 -9999 0.93599998950958252 0.37700000405311584 -9.5069999694824219 0.37782800197601318 1.0460000038146973 -999 22.200000762939453 20.979999542236328 20.469999313354492 20.120000839233398 0 0 0 0 31.659999847412109 105.62000274658203 165.1300048828125 215.77000427246094 23.748722076416016 22.440633773803711 21.955434799194336 21.665021896362305 57681.09765625 27.31788444519043 20.783491134643555 16.133024215698242 79.011634826660156 griz 0 57680.47265625 0.29728496074676514 0.8013458251953125 0.24302676320075989 -0.016506711021065712 0.020404011011123657 21.702754974365234 0.029360046610236168 3.7402242014650255e-05 1.0114165434060851e-06 0.00076245458330959082 -1.623112524384851e-07 -1.0391741689375067e-08 53 39.2572021484375 0.92002522945404053 0.27272334694862366
SN: 1723034 10 0 C1 3 0 54.346747999999998 -27.856698999999999 0.33833000063896179 0.0010000000474974513 0.33784100413322449 0.0010000000474974513 0.33784103393554688 0.0016709899064153433 0 300 0 0 0.010439276695251465 1 1 -26013 -9 -9 0.33829998970031738 0.0010000000474974513 54.346662999999999 -27.856717 0.27700001001358032 0.17900000512599945 -9 10.871000289916992 0.054999999701976776 -9999 -9999 0.60500001907348633 0.45500001311302185 -10.237000465393066 0.4608188271522522 1.4589999914169312 -999 22.139999389648438 20.610000610351562 20 19.610000610351562 0 0 0 0 31.059999465942383 133.69000244140625 229.92999267578125 321.45999145507812 23.769496917724609 22.18475341796875 21.596012115478516 21.232181549072266 57789.0390625 17.601406097412109 15.272098541259766 13.194023132324219 38.784515380859375 griz 0 57792.2265625 0.51937270164489746 -0.95026266574859619 0.62395894527435303 0.020686402916908264 0.039971515536308289 22.1710205078125 0.05628768727183342 2.4299175493069924e-05 1.2597391787494416e-06 0.011651264503598213 -5.5938738796612597e-07 -3.0883811064086331e-08 15 18.794601440429688 0.22319290041923523 0.32417276501655579
SN: 1370944 10 1 E2 3 0 10.066407999999999 -43.307296999999998 0.5105699896812439 0.0010000000474974513 0.5094749927520752 0.0010000000474974513 0.5094749927520752 0.0018115064594894648 0 300 0 0 0.0094094285741448402 1 3 48436 -9 -9 0.51059997081756592 0.0010000000474974513 10.066412 -43.307276000000002 0.075000002980232239 0.079999998211860657 -6.4793033599853516 11.003999710083008 0.017000000923871994 -9999 -9999 0.72299998998641968 0.42899999022483826 -10.329999923706055 0.44363272190093994 1.5039999485015869 -999 23.209999084472656 21.510000228881836 20.719999313354492 20.260000228881836 0.0099999997764825821 0 0 0 11.350000381469727 58.229999542236328 119.01999664306641 176.07000732421875 24.862510681152344 23.087133407592773 22.310951232910156 21.885786056518555 57641.09375 16.702093124389648 10.033759117126465 7.3979425430297852 42.381885528564453 riz 0 57638.91796875 0.46723276376724243 -0.86348104476928711 0.45556968450546265 -0.06420610100030899 0.051480956375598907 22.820180892944336 0.051148127764463425 1.3363734069571365e-05 6.2955439261713764e-07 0.0043823258019983768 -1.7755991166268359e-07 -1.9495789871371016e-08 52 29.596004486083984 0.99475556612014771 0.35867685079574585
SN: 1409129 10 0 C3 3 0 52.385894999999998 -27.472719000000001 0.79435998201370239 0.0010000000474974513 0.79363900423049927 0.0010000000474974513 0.79363894462585449 0.0020546128507703543 0 300 0 0 0.0080010751262307167 1 2 99789 -9 -9 0.79439997673034668 0.0010000000474974513 52.385773999999998 -27.472459000000001 1.0110000371932983 1.1349999904632568 -2.6761939525604248 9.7790002822875977 0.020999999716877937 -9999 -9999 1.343999981880188 0.33799999952316284 -8.3940000534057617 0.34926781058311462 0.068999998271465302 -999 23.850000381469727 23.260000228881836 22.629999160766602 22.360000610351562 0.0099999997764825821 0 0 0.0099999997764825821 6.059999942779541 9.6899995803833008 16.739999771118164 20.430000305175781 25.543819427490234 25.034191131591797 24.440610885620117 24.224328994750977 57666.34375 25.326040267944336 18.422075271606445 14.372032165527344 59.837799072265625 riz 0 57665.92578125 0.63375997543334961 1.9129519462585449 0.45040720701217651 0.0037097809836268425 0.040770098567008972 23.828529357910156 0.038163170218467712 5.2794475777773187e-06 1.8557035730282223e-07 0.0012453653616830707 -6.0410350499751075e-08 -1.2440283247983075e-09 46 52.030124664306641 0.25079551339149475 0.63777059316635132
SN: 1371022 10 101 E1 3 0 8.0622969999999992 -42.818237000000003 0.29177999496459961 0.0010000000474974513 0.29081898927688599 0.0010000000474974513 0.29081892967224121 0.0016335352556779981 0 300 0 0 0.0062144403345882893 1 1 46727 -9 -9 0.29179999232292175 0.0010000000474974513 8.0623529999999999 -42.818286000000001 0.23000000417232513 0.29699999094009399 -9 8.4790000915527344 0.020999999716877937 -9999 -9999 -0.079999998211860657 0.30500000715255737 -8.5719995498657227 0.31432625651359558 -0.079000003635883331 -999 23.719999313354492 23.090000152587891 23.190000534057617 23.280000686645508 0.0099999997764825821 0.0099999997764825821 0.019999999552965164 0.019999999552965164 7.2699999809265137 11.880000114440918 12.189999580383301 10.569999694824219 25.346164703369141 24.812957763671875 24.784990310668945 24.939811706542969 57627.35546875 65.615959167480469 56.921104431152344 52.562271118164062 173.6708984375 griz 0 57623.3671875 0.26540088653564453 1.2884702682495117 0.20242686569690704 -0.0090276142582297325 0.01622292585670948 21.412014007568359 0.021549222990870476 4.8887115553952754e-05 9.7029032986029051e-07 0.00065818359144032001 -1.0245725690083418e-07 -1.0740895284300223e-08 56 49.216217041015625 0.72747159004211426 0.43054300546646118
SN: 1590044 10 0 E2 3 0 9.3058440000000004 -44.149901999999997 0.63047999143600464 0.0010000000474974513 0.62931197881698608 0.0010000000474974513 0.62931203842163086 0.0019126423867419362 0 300 0 0 0.0069971452467143536 1 1 108315 -9 -9 0.63050001859664917 0.0010000000474974513 9.3062079999999998 -44.149686000000003 1.2200000286102295 1.0640000104904175 -9 10.208000183105469 0.014999999664723873 -9999 -9999 0.73199999332427979 0.0080000003799796104 -9.4770002365112305 0.025298221036791801 0.38999998569488525 -999 23.170000076293945 22.430000305175781 21.850000381469727 21.510000228881836 0.0099999997764825821 0.0099999997764825821 0 0 8.0500001907348633 19.620000839233398 33.069999694824219 44.689998626708984 25.235509872436523 24.268253326416016 23.701414108276367 23.374473571777344 57730.0625 12.175319671630859 11.64532470703125 9.2195377349853516 32.246524810791016 riz 0 57727.27734375 0.56859827041625977 -0.67322081327438354 0.62779009342193604 -0.075062349438667297 0.066308647394180298 23.403097152709961 0.069644540548324585 7.8119865065673366e-06 5.0109980520574027e-07 0.016425363719463348 -2.5319906171716866e-07 -1.6743786801498572e-08 29 27.165063858032227 0.56279981136322021 0.33609881997108459
SN: 1432141 10 0 E2 3 0 10.038949000000001 -44.250629000000004 0.56599998474121094 0.0010000000474974513 0.56488800048828125 0.0010000000474974513 0.56488800048828125 0.001857994357123971 0 300 0 0 0.0053458637557923794 1 1 100263 -9 -9 0.56599998474121094 0.0010000000474974513 10.038541 -44.250914999999999 1.4709999561309814 1.5420000553131104 -9 10.130999565124512 0.016000000759959221 -9999 -9999 0.44999998807907104 0.023000000044703484 -9.6669998168945312 0.073681749403476715 0.54500001668930054 -999 23.260000228881836 22.270000457763672 21.899999618530273 21.690000534057617 0.0099999997764825821 0 0 0.0099999997764825821 4.75 16.639999389648438 23.909999847412109 28.399999618530273 25.808265686035156 24.447116851806641 24.053550720214844 23.866703033447266 57681.0234375 12.729066848754883 10.130433082580566 9.5440549850463867 37.943893432617188 riz 0 57661.54296875 0.90713679790496826 2.6022660732269287 0.71938121318817139 0.10707201063632965 0.053834747523069382 23.425317764282227 0.049181852489709854 7.6537262430065311e-06 3.4669972137635341e-07 -0.0003303790872450918 -1.4147579463497095e-07 -8.6326163994954186e-09 55 68.026390075683594 0.11159883439540863 0.93797838687896729
SN: 1550103 10 0 C2 3 0 53.425471999999999 -28.878401 0.53223001956939697 0.0010000000474974513 0.53165602684020996 0.0010000000474974513 0.53165602684020996 0.0018300550291314721 0 300 0 0 0.0073105553165078163 1 1 106068 -9 -9 0.53219997882843018 0.0010000000474974513 53.425764999999998 -28.878149000000001 1.2929999828338623 1.6549999713897705 -9 9.2049999237060547 0.016000000759959221 -9999 -9999 1.2130000591278076 0.10899999737739563 -7.9869999885559082 0.11681181192398071 0.057000000029802322 -999 23.530000686645508 22.850000381469727 22.590000152587891 22.540000915527344 0.0099999997764825821 0.0099999997764825821 0.0099999997764825821 0.0099999997764825821 5.7100000381469727 10.460000038146973 15.430000305175781 16.510000228881836 25.608409881591797 24.951169967651367 24.529085159301758 24.455631256103516 57720.05859375 12.861857414245605 9.6855945587158203 7.8015894889831543 38.501224517822266 riz 0 57718.86328125 0.76726478338241577 1.0682275295257568 0.53642749786376953 0.10341071337461472 0.046564564108848572 23.246355056762695 0.046190444380044937 9.0252196969231591e-06 3.8395967294491129e-07 0.0025025205686688423 -1.0952604156955204e-07 -9.561706093563771e-09 31 39.158596038818359 0.14913433790206909 0.49559029936790466
SN: 1645125 10 0 X2 3 0 35.159782 -5.7674570000000003 0.44536998867988586 0.0010000000474974513 0.44419100880622864 0.0010000000474974513 0.44419097900390625 0.0017574047669768333 0 300 0 0 0.020254064351320267 1 1 112268 -9 -9 0.44539999961853027 0.0010000000474974513 35.159477000000003 -5.7676020000000001 1.2130000591278076 1.3819999694824219 -9 9.505000114440918 0.026000000536441803 -9999 -9999 0.50099998712539673 0.39800000190734863 -9.0089998245239258 0.4029553234577179 0.31099998950958252 -999 23.569999694824219 22.629999160766602 22.350000381469727 22.190000534057617 0.0099999997764825821 0.0099999997764825821 0.0099999997764825821 0.0099999997764825821 3.7699999809265137 6.2699999809265137 9.7100000381469727 13.470000267028809 26.059146881103516 25.506832122802734 25.031951904296875 24.676580429077148 57750.05859375 30.637420654296875 20.291227340698242 11.329743385314941 64.482864379882812 riz 0 57752.94140625 0.53074854612350464 1.3468731641769409 0.53348767757415771 -0.085145249962806702 0.041744321584701538 22.318941116333008 0.043760433793067932 2.1204274162300862e-05 8.5463506138694356e-07 0.0053195348009467125 -2.6673012598621426e-07 -2.5544617088257837e-08 20 24.0029296875 0.24226421117782593 0.53114539384841919
SN: 1579110 10 0 S2 3 0 40.968491 -0.866923 0.62336498498916626 0.00013000000035390258 0.62216800451278687 0.00013000000035390258 0.62216806411743164 0.0016284474404528737 0 300 0 0 0.027595052495598793 1 1 -24678 -9 -9 0.62339997291564941 9.9999997473787516e-05 40.968414000000003 -0.86698200000000003 0.34999999403953552 0.28400000929832458 -9 11.256999969482422 0.048000000417232513 -9999 -9999 1.4429999589920044 1.2920000553131104 -9.824000358581543 1.3012644052505493 1.2940000295639038 -999 23.040000915527344 21.440000534057617 20.549999237060547 20.069999694824219 0.0099999997764825821 0 0 0 13.789999961853027 66.349998474121094 153.75 230.94000244140625 24.651088714599609 22.945398330688477 22.032962799072266 21.591251373291016 57714.23828125 12.146134376525879 7.7242498397827148 4.5330381393432617 25.105352401733398 riz 0 57719.18359375 1.1882264614105225 -0.3336203396320343 0.71958798170089722 -0.21925801038742065 0.076244965195655823 23.297733306884766 0.060167454183101654 8.6080908658914268e-06 4.770283226207539e-07 0.0037410000804811716 -2.0675120993018936e-07 -9.6347307909638857e-10 35 30.613689422607422 0.6798471212387085 0.73927211761474609
SN: 1699061 10 0 C1 3 0 54.536155999999998 -26.764792 0.53628998994827271 0.0010000000474974513 0.53572297096252441 0.0010000000474974513 0.53572297096252441 0.0018334647174924612 0 300 0 0 0.010588323697447777 1 1 117174 -9 -9 0.53630000352859497 0.0010000000474974513 54.536261000000003 -26.764783000000001 0.33799999952316284 0.33300000429153442 -9 10.614999771118164 0.030999999493360519 -9999 -9999 0.11400000005960464 4.9689998626708984 -10.496000289916992 4.9693994522094727 1.496999979019165 -999 23.950000762939453 22.170000076293945 21.409999847412109 20.959999084472656 0.019999999552965164 0 0 0 5.9899997711181641 31.180000305175781 64.370002746582031 91.819999694824219 25.556432723999023 23.765310287475586 22.978290557861328 22.592657089233398 57775.1640625 13.815777778625488 8.3947467803955078 7.7420477867126465 27.830821990966797 riz 0 57772.77734375 0.93133503198623657 -2.5687201023101807 0.75966060161590576 0.026013830676674843 0.080580770969390869 23.299711227416992 0.068752825260162354 8.5924248196533881e-06 5.441040684672771e-07 0.0087056392803788185 -1.7940330110377545e-07 -2.79462391006291e-08 22 27.151018142700195 0.20554669201374054 0.86061960458755493
SN: 1370320 10 1 E2 3 0 9.9749549999999996 -44.086151000000001 0.33164998888969421 0.0010000000474974513 0.33070001006126404 0.0010000000474974513 0.33070003986358643 0.0016652706544846296 0 300 0 0 0.005530625581741333 1 1 -20300 -9 -9 0.33160001039505005 0.0010000000474974513 9.9755520000000004 -44.086084 1.5640000104904175 1.5180000066757202 -9 10.064000129699707 0.02199999988079071 -9999 -9999 2.1860001087188721 0.014000000432133675 -7.7899999618530273 0.05288667231798172 0.075999997556209564 -999 20.25 19.659999847412109 19.399999618530273 19 0 0 0 0 83.949996948242188 156.82000732421875 147.94999694824219 183.55999755859375 22.689949035644531 22.011497497558594 22.074712753295898 21.840555191040039 57641.09375 34.071746826171875 31.426668167114258 18.102453231811523 91.862693786621094 riz 0 57634.08203125 0.35099887847900391 0.047248918563127518 0.26661950349807739 -0.036032568663358688 0.033762414008378983 21.766395568847656 0.039738625288009644 3.5272918466944247e-05 1.2910109035146888e-06 0.0026695849373936653 -1.5593329294461e-07 -3.9134828710984948e-08 42 56.175457000732422 0.070580869913101196 0.12113676965236664
SN: 1653101 10 0 C2+C3 3 0 53.505248999999999 -28.644556000000001 0.33050000667572021 0.0010000000474974513 0.33000099658966064 0.0010000000474974513 0.33000099658966064 0.0016647112788632512 0 300 0 0 0.0064346902072429657 1 2 -24647 -9 -9 0.33050000667572021 0.0010000000474974513 53.505183000000002 -28.644373000000002 0.68999999761581421 0.67500001192092896 -3.5119850635528564 10.255000114440918 0.0099999997764825821 -9999 -9999 0.60199999809265137 0.14200000464916229 -9.6520004272460938 0.14866068959236145 1.156999945640564 -999 23.020000457763672 21.770000457763672 21.200000762939453 20.739999771118164 0.0099999997764825821 0 0 0 12.960000038146973 45.619998931884766 80.69000244140625 107.87999725341797 24.718486785888672 23.35211181640625 22.732950210571289 22.417648315429688 57763.125 71.160987854003906 55.307956695556641 37.256130218505859 177.86756896972656 griz 0 57762.55078125 0.16499882936477661 0.84071409702301025 0.17807823419570923 0.17566120624542236 0.016685744747519493 22.386442184448242 0.021580096334218979 1.992613761103712e-05 3.9605197343917098e-07 0.0010090726427733898 -4.3835107987888478e-08 -4.8717949674426109e-09 66 81.31744384765625 0.096947729587554932 0.6491435170173645
SN: 1512067 10 0 C2 3 0 55.255775999999997 -28.718895 0.45443999767303467 0.0010000000474974513 0.45393899083137512 0.0010000000474974513 0.45393896102905273 0.0017654347466304898 0 300 0 0 0.0098635833710432053 1 1 104775 -9 -9 0.45440000295639038 0.0010000000474974513 55.255696999999998 -28.718937 0.29100000858306885 0.32199999690055847 -9 10.701999664306641 0.010999999940395355 -9999 -9999 0.83499997854232788 0.28799998760223389 -9.8610000610351562 0.29378223419189453 0.8880000114440918 -999 22.110000610351562 20.879999160766602 20.379999160766602 19.979999542236328 0 0 0 0 34.290000915527344 112.83999633789062 170.44999694824219 242.74000549316406 23.662080764770508 22.368843078613281 21.92100715637207 21.537147521972656 57686.1171875 11.639469146728516 5.3714599609375 5.2694931030273438 24.919345855712891 riz 0 57681.5078125 0.8651578426361084 -2.0109415054321289 0.5247611403465271 0.0048868828453123569 0.084481850266456604 22.941684722900391 0.093329936265945435 1.194884862343315e-05 1.0271236305925413e-06 0.004482620395720005 -2.536614545078919e-07 -5.571675387727737e-08 43 38.682144165039062 0.65894585847854614 0.67051172256469727
SN: 1450127 10 0 X3 3 0 35.541851000000001 -4.4697699999999996 0.60139000415802002 0.0010000000474974513 0.60008502006530762 0.0010000000474974513 0.60008502006530762 0.0018877736292779446 0 300 0 0 0.02148745208978653 3 5 102702 -9 -9 0.60140001773834229 0.0010000000474974513 35.542045999999999 -4.4699369999999998 0.92199999094009399 0.99299997091293335 -2.1008431911468506 10.904999732971191 0.034000001847743988 -9999 -9999 0.48399999737739563 0.72100001573562622 -10.468999862670898 0.73059225082397461 1.4789999723434448 -999 24.170000076293945 22.319999694824219 21.219999313354492 20.829999923706055 0.0099999997764825821 0 0 0 5.1399998664855957 26.930000305175781 70.760002136230469 104.58000183105469 25.722591400146484 23.924409866333008 22.875530242919922 22.451377868652344 57671.1171875 15.510519981384277 14.937196731567383 12.329896926879883 43.403541564941406 riz 0 57672.2734375 0.46783769130706787 -1.0224144458770752 0.38820451498031616 -0.026245540007948875 0.052077971398830414 23.446935653686523 0.051527388393878937 7.5028378887509461e-06 3.5607328641162894e-07 0.0054300827905535698 -9.2856595301782363e-08 -1.0749200640702838e-08 38 23.165304183959961 0.97217404842376709 0.35185447335243225
SN: 1400026 10 0 C1+C3 3 0 53.279018000000001 -27.301901000000001 0.7102699875831604 0.0010000000474974513 0.70960700511932373 0.0010000000474974513 0.70960700511932373 0.0019815794657915831 0 300 0 0 0.0066168573684990406 1 1 51010 -9 -9 0.7103000283241272 0.0010000000474974513 53.279086999999997 -27.301836999999999 0.3190000057220459 0.38699999451637268 -9 10.062999725341797 0.026000000536441803 -9999 -9999 0.34200000762939453 0.037000000476837158 -9.7320003509521484 0.085428334772586823 0.57999998331069946 -999 24.059999465942383 23.219999313354492 22.680000305175781 22.430000305175781 0.019999999552965164 0.0099999997764825821 0.0099999997764825821 0.0099999997764825821 5.75 11.109999656677246 19.049999237060547 24.040000915527344 25.600830078125 24.885715484619141 24.300262451171875 24.047664642333984 57660.27734375 33.031044006347656 29.531002044677734 15.394997596740723 73.830802917480469 riz 0 57661.1328125 0.69203996658325195 -0.26044657826423645 0.41290593147277832 -0.11233074963092804 0.030495023354887962 23.50758171081543 0.025434074923396111 7.0952442001726013e-06 1.6621069676148181e-07 0.00081443996168673038 -3.6742633824360382e-08 -9.9398966835195779e-10 89 80.902145385742188 0.71770161390304565 0.38436844944953918
SN: 1642117 10 0 X3 3 0 35.741726 -4.4961289999999998 0.81383997201919556 0.0010000000474974513 0.81236797571182251 0.0010000000474974513 0.81236791610717773 0.0020710050594061613 0 300 0 0 0.024248287081718445 1 2 -26196 -9 -9 0.81379997730255127 0.0010000000474974513 35.741630000000001 -4.4959699999999998 0.66600000858306885 0.91900002956390381 -2.978111743927002 9.7829999923706055 0.087999999523162842 -9999 -9999 0.99699997901916504 0.90600001811981201 -8.6180000305175781 0.91161233186721802 0.46599999070167542 -999 24.879999160766602 24.200000762939453 23.450000762939453 23.170000076293945 0.019999999552965164 0.0099999997764825821 0.0099999997764825821 0.0099999997764825821 2.2599999904632568 3.940000057220459 8.0900001525878906 10.329999923706055 26.614728927612305 26.011259078979492 25.230129241943359 24.964748382568359 57747.09375 14.509510040283203 10.913498878479004 8.7735404968261719 32.154777526855469 riz 0 57743.97265625 1.1054408550262451 -0.17847728729248047 0.73593956232070923 0.22995787858963013 0.061462715268135071 24.418508529663086 0.048914730548858643 3.0661731216241606e-06 1.3813763644066057e-07 0.0018293733010068536 -5.1791413824275878e-08 -4.0128372846837124e-10 23 19.066919326782227 0.6973336935043335 0.76883143186569214
SN: 1366187 10 0 X3 3 0 36.731720000000003 -5.2098300000000002 0.46406000852584839 0.0010000000474974513 0.46289899945259094 0.0010000000474974513 0.46289896965026855 0.0017728309612721205 0 300 0 0 0.023725174367427826 1 2 47384 -9 -9 0.46410000324249268 0.0010000000474974513 36.731886000000003 -5.2102370000000002 1.5829999446868896 1.5360000133514404 -2.5760319232940674 10.317000389099121 0.0099999997764825821 -9999 -9999 1.9869999885559082 0.24500000476837158 -8.300999641418457 0.24500000476837158 0.41600000858306885 -999 22.319999694824219 21.229999542236328 20.739999771118164 20.579999923706055 0 0 0 0 8.6400003433227539 34.860000610351562 51.619998931884766 55.340000152587891 25.158716201782227 23.644182205200195 23.217954635620117 23.142402648925781 57614.3515625 42.272315979003906 24.077705383300781 22.414886474609375 74.631462097167969 riz 0 57611.83203125 1.3357596397399902 -0.5457533597946167 0.40662461519241333 -0.054503940045833588 0.036718502640724182 22.690135955810547 0.054890487343072891 1.5064171748235822e-05 7.6158437423146097e-07 -0.0020732060074806213 3.6050000318255115e-08 -1.7869686175231436e-08 21 22.410686492919922 0.37618428468704224 0.257102370262146
SN: 1433226 10 0 X1 3 0 35.024582000000002 -4.3659800000000004 0.5975000262260437 0.0010000000474974513 0.59618502855300903 0.0010000000474974513 0.59618496894836426 0.0018844646401703358 0 300 0 0 0.020078912377357483 1 1 101075 -9 -9 0.5975000262260437 0.0010000000474974513 35.024566999999998 -4.3659949999999998 0.075000002980232239 0.061000000685453415 -9 11.038000106811523 0.035999998450279236 -9999 -9999 0.69999998807907104 7.3239998817443848 -10.305000305175781 7.3245406150817871 1.218000054359436 -999 23.260000228881836 21.670000076293945 20.739999771118164 20.319999694824219 0.019999999552965164 0 0 0 11.649999618530273 56.930000305175781 128.6199951171875 185.00999450683594 24.834184646606445 23.11164665222168 22.226728439331055 21.832012176513672 57653.171875 13.693785667419434 7.0369057655334473 6.9516239166259766 25.877723693847656 riz 0 57655.48046875 1.013965368270874 -1.9442092180252075 0.69591206312179565 -0.24639195203781128 0.100664421916008 23.16118049621582 0.065651260316371918 9.7617603387334384e-06 5.9026478993473575e-07 0.013606010004878044 -2.2740267979770579e-07 -1.8043269989220789e-08 55 49.606864929199219 0.68007278442382812 1.0462020635604858
SN: 1387162 10 0 C1 3 0 54.512081000000002 -27.711649000000001 0.61808997392654419 0.0010000000474974513 0.61750197410583496 0.0010000000474974513 0.61750197410583496 0.0019025783985853195 0 300 0 0 0.0097437556833028793 1 3 49087 -9 -9 0.61809998750686646 0.0010000000474974513 54.512079999999997 -27.711487000000002 0.58300000429153442 0.74099999666213989 -2.8681297302246094 10.296999931335449 0.017999999225139618 -9999 -9999 0.73000001907348633 0.42500001192092896 -9.5670003890991211 0.43527117371559143 0.97699999809265137 -999 24.340000152587891 22.969999313354492 22.290000915527344 21.840000152587891 0.019999999552965164 0.0099999997764825821 0.0099999997764825821 0.0099999997764825821 4.0399999618530273 13.710000038146973 24.120000839233398 38.029998779296875 25.984046936035156 24.657405853271484 24.044055938720703 23.549684524536133 57633.3359375 7.8914699554443359 6.6996779441833496 6.2026934623718262 22.990091323852539 riz 0 57636.64453125 1.3775491714477539 0.3509095311164856 0.93561023473739624 0.11093882471323013 0.081027284264564514 23.834993362426758 0.079783260822296143 5.2481091188383289e-06 3.8564732562917925e-07 0.011591332033276558 -2.2253217935030989e-07 -1.5643507822460379e-08 47 40.75933837890625 0.72740280628204346 0.38785445690155029
SN: 1433040 10 0 C2 3 0 53.648651000000001 -29.713785000000001 0.72012001276016235 0.0010000000474974513 0.71949100494384766 0.0010000000474974513 0.71949100494384766 0.0019901245832443237 0 300 0 0 0.01058966014534235 1 2 99942 -9 -9 0.72009998559951782 0.0010000000474974513 53.648688999999997 -29.713868000000002 0.32199999690055847 0.23199999332427979 -4.7592239379882812 11.385000228881836 0.020999999716877937 -9999 -9999 -1.9420000314712524 0.39300000667572021 -13.329000473022461 0.39455544948577881 1.6619999408721924 -999 24.170000076293945 22.180000305175781 20.950000762939453 20.399999618530273 0.019999999552965164 0 0 0 4.5300002098083496 32.180000305175781 102.58000183105469 162.63999938964844 25.85975456237793 23.731035232543945 22.472343444824219 21.971931457519531 57660.28515625 12.124541282653809 9.6944875717163086 8.7878694534301758 27.415863037109375 riz 0 57661.578125 1.1748924255371094 -0.62199139595031738 0.83313953876495361 0.02884201891720295 0.071251481771469116 23.438865661621094 0.056481678038835526 7.5588177423924208e-06 3.9322139855357818e-07 0.013581585139036179 -1.9216037117075757e-07 -3.7155147847300896e-09 52 43.629409790039062 0.7890583872795105 0.22853629291057587
SN: 1559178 10 0 S1 3 0 42.992747999999999 0.206595 0.43650999665260315 0.0010000000474974513 0.435496985912323 0.0010000000474974513 0.43549704551696777 0.0017502577975392342 0 300 0 0 0.064231403172016144 1 1 107263 -9 -9 0.43650001287460327 0.0010000000474974513 42.992477000000001 0.20662800000000001 0.98299998044967651 0.70499998331069946 -9 10.732999801635742 0.013000000268220901 -9999 -9999 1.9309999942779541 0.016000000759959221 -8.7519998550415039 0.02801785059273243 0.45300000905990601 -999 21.959999084472656 20.799999237060547 20.379999160766602 20.030000686645508 0 0 0 0 36.229999542236328 101.23999786376953 147.72999572753906 201.60000610351562 23.602329254150391 22.48661994934082 22.076328277587891 21.738773345947266 57716.046875 6.8247404098510742 6.502476692199707 5.6998324394226074 22.176488876342773 riz 0 57719.78125 1.0917742252349854 -1.1352541446685791 0.97258961200714111 0.23671251535415649 0.08903542160987854 23.638935089111328 0.095354311168193817 6.2867475207895041e-06 5.5213087080119294e-07 0.014263227581977844 -2.3062221998770838e-07 -4.0705444348532183e-08 40 57.110363006591797 0.038762040436267853 0.87509256601333618
SN: 1370402 10 1 C3 3 0 52.218322999999998 -27.574387000000002 0.6483299732208252 0.0010000000474974513 0.64766401052474976 0.0010000000474974513 0.64766407012939453 0.0019283206202089787 0 300 0 0 0.0071635772474110126 1 2 47547 -9 -9 0.64829999208450317 0.0010000000474974513 52.218319000000001 -27.574376999999998 0.039000000804662704 0.064000003039836884 -6.8537631034851074 10.001999855041504 0.027000000700354576 -9999 -9999 -0.49799999594688416 7.9419999122619629 -10.519000053405762 7.9424338340759277 1.218999981880188 -999 25.270000457763672 23.680000305175781 22.770000457763672 22.370000839233398 0.029999999329447746 0.0099999997764825821 0 0.0099999997764825821 1.6599999666213989 7.6100001335144043 17.469999313354492 23.520000457763672 26.949729919433594 25.296539306640625 24.394268035888672 24.071407318115234 57644.25390625 29.557302474975586 22.304426193237305 20.302129745483398 81.792839050292969 riz 0 57635.296875 0.39815554022789001 -0.54065364599227905 0.28654518723487854 -0.018609452992677689 0.031017828732728958 23.502315521240234 0.026256021112203598 7.1297395152214449e-06 1.7241627858766151e-07 0.0016659108223393559 -2.9819403835062985e-08 -2.4492956551824818e-09 42 53.536422729492188 0.10929004102945328 0.19059483706951141
SN: 1547086 10 101 C3 3 0 53.168415000000003 -28.517848999999998 0.27627000212669373 0.0010000000474974513 0.2757830023765564 0.0010000000474974513 0.27578306198120117 0.0016216642688959837 0 300 0 0 0.007338282186537981 1 1 106167 -9 -9 0.27630001306533813 0.0010000000474974513 53.168528999999999 -28.517869999999998 0.36700001358985901 0.56999999284744263 -9 9.125 0.037999998778104782 -9999 -9999 0.30000001192092896 0.83899998664855957 -8.7130002975463867 0.84271109104156494 0.4779999852180481 -999 23.159999847412109 22.440000534057617 22.159999847412109 21.920000076293945 0 0 0 0 13.010000228881836 24.739999771118164 32.689998626708984 35.759998321533203 24.714305877685547 24.016500473022461 23.713962554931641 23.616506576538086 57718.26171875 54.202205657958984 48.632732391357422 24.398225784301758 148.356689453125 griz 0 57716.421875 0.18628469109535217 -0.0024691969156265259 0.14443884789943695 0.27513119578361511 0.016496296972036362 22.779333114624023 0.020507918670773506 1.387609063385753e-05 2.620984105305979e-07 0.00024301983648911119 -1.241389213646471e-08 -3.4654603631167902e-09 44 29.979043960571289 0.94720584154129028 0.91710430383682251
SN: 1643338 10 0 X3 3 0 35.860194999999997 -4.5123519999999999 0.56914997100830078 0.0010000000474974513 0.56787997484207153 0.0010000000474974513 0.56787991523742676 0.0018605183577165008 0 300 0 0 0.024786371737718582 2 3 -24571 -9 -9 0.569100022315979 0.0010000000474974513 35.860396999999999 -4.5128589999999997 1.9639999866485596 2.0810000896453857 2.831080436706543 11.092000007629395 0.0080000003799796104 -9999 -9999 1.1979999542236328 0.15000000596046448 -9.8850002288818359 0.16953170299530029 1.3159999847412109 -999 23.350000381469727 21.780000686645508 20.940000534057617 20.590000152587891 0.0099999997764825821 0 0 0 5.2100000381469727 19.149999618530273 34.700000762939453 48.380001068115234 25.707904815673828 24.294578552246094 23.649175643920898 23.288335800170898 57752.11328125 33.628196716308594 20.898614883422852 16.501798629760742 67.740509033203125 riz 0 57750.69921875 0.45203483104705811 -0.30984881520271301 0.38454186916351318 0.039779648184776306 0.038400460034608841 23.500368118286133 0.033790484070777893 7.1425370151700918e-06 2.2229137641716079e-07 0.0018247986445203424 -4.4034198509734779e-08 -4.7734447505831668e-09 17 14.259559631347656 0.648651123046875 0.16807679831981659
SN: 1430255 10 0 X2 3 0 36.291946000000003 -5.7745559999999996 0.65938001871109009 0.0010000000474974513 0.65805602073669434 0.0010000000474974513 0.65805602073669434 0.0019372194074094296 0 300 0 0 0.022396085783839226 1 2 101258 -9 -9 0.65939998626708984 0.0010000000474974513 36.291981 -5.7746050000000002 0.21799999475479126 0.30000001192092896 -4.2491683959960938 10.258999824523926 0.059999998658895493 -9999 -9999 -1.9850000143051147 5.3249998092651367 -12.232000350952148 5.3257946968078613 1.1619999408721924 -999 24.979999542236328 23.239999771118164 22.270000457763672 21.899999618530273 0.05000000074505806 0.0099999997764825821 0.0099999997764825821 0.0099999997764825821 2.8399999141693115 11.810000419616699 28.440000534057617 39.709999084472656 26.366704940795898 24.819375991821289 23.865177154541016 23.502750396728516 57662.37890625 11.08251953125 7.3893527984619141 7.0487551689147949 27.134771347045898 riz 0 57662.5 0.89037692546844482 -1.2273911237716675 0.70511078834533691 -0.099563121795654297 0.071970850229263306 23.25944709777832 0.05984758585691452 8.9170553110307083e-06 4.9152293968290905e-07 0.0052414229139685631 -1.889307554847619e-07 -6.4650591546921987e-09 47 45.314544677734375 0.54257649183273315 0.52681118249893188
SN: 1566028 10 101 X2 3 0 35.806728 -6.9980180000000001 0.32164999842643738 0.0010000000474974513 0.32059198617935181 0.0010000000474974513 0.32059192657470703 0.0016571936430409551 0 300 0 0 0.021788496524095535 1 2 -23311 -9 -9 0.32159999012947083 0.0010000000474974513 35.806854999999999 -6.9980250000000002 0.45300000905990601 0.53299999237060547 -3.6919393539428711 10.310000419616699 0.064000003039836884 -9999 -9999 -0.27500000596046448 8.0279998779296875 -10.58899974822998 8.0298423767089844 1.2209999561309814 -999 22.430000305175781 21.100000381469727 20.540000915527344 20.280000686645508 0.0099999997764825821 0 0 0 23.040000915527344 85.769996643066406 138.25 175.07000732421875 24.093793869018555 22.666660308837891 22.148338317871094 21.891971588134766 57722.078125 38.645267486572266 35.343021392822266 26.482940673828125 100.44489288330078 griz 0 57725.28125 0.24446108937263489 0.015002088621258736 0.23754256963729858 0.04283667728304863 0.018988782539963722 21.786808013916016 0.024305596947669983 3.461597952991724e-05 7.749230803710816e-07 0.0012671164004132152 -1.0432604824472946e-07 -9.1306633365206835e-09 46 51.032669067382812 0.28242304921150208 0.14287646114826202
SN: 1548070 10 0 C3 3 0 53.050964 -27.758246 0.67716002464294434 0.0010000000474974513 0.67650800943374634 0.0010000000474974513 0.67650794982910156 0.0019530566642060876 0 300 0 0 0.007933969609439373 3 3 106137 -9 -9 0.67720001935958862 0.0010000000474974513 53.050829999999998 -27.758369999999999 0.61599999666213989 0.72399997711181641 -2.5715329647064209 10.729000091552734 0.026000000536441803 -9999 -9999 0.31000000238418579 0.58399999141693115 -10.411999702453613 0.58667880296707153 1.2730000019073486 -999 24.360000610351562 22.649999618530273 21.629999160766602 21.159999847412109 0.0099999997764825821 0 0 0 3.8900001049041748 20.110000610351562 51.060001373291016 71.160003662109375 26.025125503540039 24.241470336914062 23.22979736328125 22.869409561157227 57708.1640625 17.909059524536133 14.918405532836914 13.092910766601562 48.506942749023438 riz 0 57706.75 0.48644274473190308 -1.8093299865722656 0.34894311428070068 -0.10170403122901917 0.045462742447853088 23.761421203613281 0.03924962505698204 5.6160574786190409e-06 2.0302184111642418e-07 0.0035748481750488281 -4.6516355212133931e-08 -3.9603418322542439e-09 45 47.903488159179688 0.3558078408241272 0.69186109304428101
SN: 1581048 10 0 C1 3 0 54.883518000000002 -27.715591 0.40244001150131226 0.0010000000474974513 0.40193900465965271 0.0010000000474974513 0.4019390344619751 0.0017228047363460064 0 300 0 0 0.0097435209900140762 1 3 107966 -9 -9 0.40239998698234558 0.0010000000474974513 54.883391000000003 -27.715481 0.56599998474121094 0.73000001907348633 -3.0930991172790527 9.8599996566772461 0.019999999552965164 -9999 -9999 1.218000054359436 0.15299999713897705 -8.6219997406005859 0.15326447784900665 0.46900001168251038 -999 22.479999542236328 21.5 21.219999313354492 20.920000076293945 0 0 0 0 18.440000534057617 48.919998168945312 63.080001831054688 85.129997253417969 24.335597991943359 23.276283264160156 23.000270843505859 22.674793243408203 57729.0546875 30.038887023925781 21.73649787902832 13.102276802062988 81.763900756835938 riz 0 57729.953125 0.24463449418544769 0.42759937047958374 0.25806081295013428 -0.075296975672245026 0.031871072947978973 22.019252777099609 0.03623579815030098 2.7944648536504246e-05 9.3263599865167635e-07 0.001610123785212636 -1.4613723919865151e-07 -2.1881598755157938e-08 48 36.236904144287109 0.89361631870269775 0.28863754868507385
SN: 1479130 10 0 X3 3 0 36.016983000000003 -4.7893970000000001 0.86390000581741333 0.0010000000474974513 0.86239802837371826 0.0010000000474974513 0.86239802837371826 0.0021149837411940098 0 300 0 0 0.023856602609157562 1 2 104680 -9 -9 0.86390000581741333 0.0010000000474974513 36.017018999999998 -4.7893650000000001 0.17200000584125519 0.25499999523162842 -4.8665556907653809 10.755000114440918 0.034000001847743988 -9999 -9999 -1.0520000457763672 8.9479999542236328 -11.800999641418457 8.9482583999633789 1.4149999618530273 -999 25.889999389648438 23.700000762939453 22.459999084472656 21.770000457763672 0.059999998658895493 0.0099999997764825821 0 0 0.63999998569488525 7.3400001525878906 23.559999465942383 43.450000762939453 27.5 25.335760116577148 24.069561004638672 23.405025482177734 57694.10546875 12.049811363220215 10.018068313598633 -99 28.71196174621582 iz 0 57683.08984375 0.73891913890838623 -0.57519626617431641 0.53102374076843262 -0.052197668701410294 0.12897674739360809 24.053035736083984 0.058309242129325867 4.2932433643727563e-06 2.3056776399243972e-07 -0.0015229628188535571 -7.8486181109838071e-08 -5.8527493962401422e-09 26 25.521713256835938 0.48962125182151794 0.25891017913818359
SN: 1371046 10 1 E2 3 0 10.458238 -43.375191000000001 0.0741100013256073 0.0010000000474974513 0.07333499938249588 0.0010000000474974513 0.073335051536560059 0.0014675101265311241 0 300 0 0 0.0081086242571473122 1 1 46814 -9 -9 0.074100002646446228 0.0010000000474974513 10.456635 -43.375427999999999 4.2810001373291016 1.4129999876022339 -9 10.220999717712402 0.023000000044703484 -9999 -9999 0.29800000786781311 0.18199999630451202 -9.8859996795654297 0.18956001102924347 0.79000002145767212 -999 19.909999847412109 19.149999618530273 18.799999237060547 18.510000228881836 0 0 0 0 130.00999450683594 189.99000549316406 228.13999938964844 242.94000244140625 22.215057373046875 21.803173065185547 21.604496002197266 21.536252975463867 57627.3671875 250.27993774414062 182.00656127929688 154.80982971191406 578.2291259765625 gri 0 57622.6171875 0.13563355803489685 -0.64887768030166626 0.068401128053665161 0.23628255724906921 0.015838228166103363 19.041078567504883 0.020728832110762596 0.00043407868361100554 8.2874130384880118e-06 5.7634806580608711e-05 -1.3600927672996477e-07 -1.0618084900215763e-07 28 19.011518478393555 0.89778017997741699 0.81676781177520752
SN: 1367331 10 0 E1 3 0 7.0263460000000002 -42.454613000000002 0.44793000817298889 0.0010000000474974513 0.44683700799942017 0.0010000000474974513 0.44683694839477539 0.0017595826648175716 0 300 0 0 0.0048127397894859314 1 1 47665 -9 -9 0.44789999723434448 0.0010000000474974513 7.0261149999999999 -42.454984000000003 1.4700000286102295 1.7300000190734863 -9 10.25 0.018999999389052391 -9999 -9999 0.53899997472763062 0.61299997568130493 -9.7049999237060547 0.61745041608810425 0.99099999666213989 -999 23.379999160766602 22.040000915527344 21.569999694824219 21.190000534057617 0.0099999997764825821 0 0 0 4.2600002288818359 14.300000190734863 25.850000381469727 38.790000915527344 25.926475524902344 24.611660003662109 23.968849182128906 23.528200149536133 57645.07421875 21.322341918945312 16.549200057983398 12.883986473083496 56.512531280517578 riz 0 57636.953125 0.47260457277297974 -0.82431763410568237 0.4020448625087738 -0.047454237937927246 0.040540702641010284 22.608884811401367 0.04475848376750946 1.6234769645961933e-05 6.6926355657415115e-07 0.0029028449207544327 -1.3191053938044206e-07 -2.0291233582270252e-08 50 52.861728668212891 0.36418032646179199 0.31705066561698914
SN: 1692030 10 0 X3 3 0 36.156723 -4.2381640000000003 0.73941999673843384 0.0010000000474974513 0.7380179762840271 0.0010000000474974513 0.73801803588867188 0.0020061752293258905 0 300 0 0 0.023418614640831947 1 1 117129 -9 -9 0.73940002918243408 0.0010000000474974513 36.156699000000003 -4.2382309999999999 0.25699999928474426 0.30700001120567322 -9 9.6579999923706055 0.0080000003799796104 -9999 -9999 1.3259999752044678 0.11400000005960464 -8.3030004501342773 0.11452947556972504 -0.32699999213218689 -999 22.520000457763672 22.110000610351562 22 21.360000610351562 0 0 0 0 21.170000076293945 32.090000152587891 34.200000762939453 60.430000305175781 24.185697555541992 23.734075546264648 23.664934158325195 23.046867370605469 57779.0625 30.118677139282227 18.152368545532227 17.923526763916016 48.716804504394531 riz 0 57772.51171875 1.09407639503479 0.0067158704623579979 0.79090070724487305 -0.062977895140647888 0.056911580264568329 23.397539138793945 0.040464073419570923 7.8520715760532767e-06 2.9263719625305384e-07 0.021061450242996216 -1.3268497411900171e-07 -3.6079172982539376e-09 10 14.946469306945801 0.13402570784091949 0.20993824303150177
SN: 1502065 10 1 S1 3 0 43.130130999999999 -0.86478900000000003 0.27404999732971191 0.0010000000474974513 0.27315801382064819 0.0010000000474974513 0.27315807342529297 0.0016195971984416246 0 300 0 0 0.0568552166223526 1 2 104507 -9 -9 0.27399998903274536 0.0010000000474974513 43.130369000000002 -0.864707 0.90700000524520874 1.1009999513626099 -2.866879940032959 9.2899999618530273 0.017000000923871994 -9999 -9999 0.028999999165534973 0.66100001335144043 -9.2349996566772461 0.66203474998474121 0.72500002384185791 -999 23.489999771118164 22.540000915527344 22.229999542236328 22.030000686645508 0.0099999997764825821 0.0099999997764825821 0.0099999997764825821 0.0099999997764825821 8.3000001907348633 21.870000839233398 29.670000076293945 36.009998321533203 25.202304840087891 24.150379180908203 23.819206237792969 23.608942031860352 57695.109375 44.615589141845703 42.413719177246094 33.631298065185547 151.64405822753906 griz 0 57697.23046875 0.17084679007530212 1.0075570344924927 0.17775602638721466 -0.024011872708797455 0.016812656074762344 21.201101303100586 0.024004945531487465 5.9368947404436767e-05 1.3126101521265809e-06 0.00075506296707317233 -1.3244336116713384e-07 -1.5204197012508303e-08 51 44.600231170654297 0.724251389503479 0.34525808691978455
SN: 1567044 10 0 C2 3 0 54.657241999999997 -28.392786000000001 0.42324000597000122 0.0010000000474974513 0.42273199558258057 0.0010000000474974513 0.42273199558258057 0.0017397897318005562 0 300 0 0 0.010920943692326546 1 1 107358 -9 -9 0.42320001125335693 0.0010000000474974513 54.657380000000003 -28.392817000000001 0.44999998807907104 0.41600000858306885 -9 10.791999816894531 0.087999999523162842 -9999 -9999 0.40200001001358032 10.402000427246094 -10.354000091552734 10.402140617370605 1.4459999799728394 -999 22.520000457763672 20.780000686645508 20.149999618530273 19.799999237060547 0.0099999997764825821 0 0 0 21.799999237060547 112.73999786376953 200.77999877929688 279.1300048828125 24.153858184814453 22.369804382324219 21.743198394775391 21.385482788085938 57720.05078125 17.355060577392578 13.906093597412109 9.0386638641357422 49.164875030517578 riz 0 57721.00390625 0.4981381893157959 -1.6343040466308594 0.38972964882850647 0.031915426254272461 0.049968983978033066 22.594400405883789 0.050944391638040543 1.6452811905764975e-05 7.7199092629598454e-07 0.0022845633793622255 -1.1639136232588498e-07 -2.9478590235498814e-08 43 36.001445770263672 0.76639199256896973 0.55505847930908203
SN: 1531145 10 0 X3 3 0 35.740257 -4.7938229999999997 0.45792999863624573 0.0010000000474974513 0.45674800872802734 0.0010000000474974513 0.45674800872802734 0.001767751993611455 0 300 0 0 0.022730197757482529 1 1 105983 -9 -9 0.45789998769760132 0.0010000000474974513 35.740617999999998 -4.7938970000000003 1.3240000009536743 1.0870000123977661 -9 9.8360004425048828 0.014999999664723873 -9999 -9999 0.51399999856948853 0.25799998641014099 -9.3100004196166992 0.26078343391418457 0.89499998092651367 -999 24.069999694824219 23.129999160766602 22.719999313354492 22.389999389648438 0.0099999997764825821 0 0.0099999997764825821 0.0099999997764825821 3.809999942779541 8.880000114440918 12 15.449999809265137 26.047687530517578 25.12896728515625 24.802047729492188 24.527679443359375 57709.06640625 32.742191314697266 24.953401565551758 -99 67.934532165527344 ri 0 57710.64453125 0.41502183675765991 -0.7502782940864563 0.3318973183631897 0.09591982513666153 0.050080277025699615 23.215282440185547 0.043219082057476044 9.2872414825251326e-06 3.6969021266486379e-07 0.0027327272109687328 -6.3008229744809796e-08 -1.3999743586623481e-08 20 15.372244834899902 0.75472623109817505 0.40592536330223083
SN: 1435094 10 0 C3 3 0 52.884791999999997 -28.862622999999999 1.0177799463272095 0.0010000000474974513 1.0170049667358398 0.0010000000474974513 1.0170049667358398 0.0022524958476424217 0 300 0 0 0.0081486441195011139 1 2 100130 -9 -9 1.017799973487854 0.0010000000474974513 52.884743999999998 -28.861792000000001 2.994999885559082 2.7190001010894775 -1.5123131275177002 11.33899974822998 0.029999999329447746 -9999 -9999 1.2230000495910645 0.58300000429153442 -10.08899974822998 0.58300000429153442 1.4650000333786011 -999 25.540000915527344 23.850000381469727 22.600000381469727 21.680000305175781 0.039999999105930328 0.0099999997764825821 0 0 -0.039999999105930328 0.12999999523162842 0.99000000953674316 1.9500000476837158 27.5 27.5 27.5 26.774913787841797 57668.12109375 16.609588623046875 11.366656303405762 -99 33.535362243652344 iz 0 57664.921875 0.99489521980285645 -0.19046123325824738 0.56706380844116211 0.062700040638446808 0.10638932883739471 24.364418029785156 0.055042758584022522 3.2227951578533975e-06 1.6338364616785839e-07 0.008202308788895607 -5.2931355298824201e-08 4.8863300072810034e-09 33 27.531553268432617 0.73598098754882812 0.21842998266220093
SN: 1551108 10 0 X1+X3 3 0 35.383957000000002 -4.6588079999999996 0.86799997091293335 0.0010000000474974513 0.86647498607635498 0.0010000000474974513 0.86647498607635498 0.0021185793448239565 0 300 0 0 0.02172311395406723 1 1 106361 -9 -9 0.86799997091293335 0.0010000000474974513 35.384211999999998 -4.6589900000000002 1.1239999532699585 1.5579999685287476 -9 10.642000198364258 0.013000000268220901 -9999 -9999 0.92000001668930054 0.289000004529953 -9.7060003280639648 0.29578709602355957 0.78799998760223389 -999 24.030000686645508 23.129999160766602 22.239999771118164 21.870000839233398 0.0099999997764825821 0.0099999997764825821 0 0 2.8199999332427979 8.3100004196166992 20.229999542236328 23.719999313354492 26.374378204345703 25.200996398925781 24.235010147094727 24.062213897705078 57695.125 7.7934794425964355 6.7556600570678711 -99 22.191518783569336 iz 0 57698.31640625 1.2763338088989258 0.51687943935394287 0.7994723916053772 0.04764016717672348 0.15268391370773315 24.645181655883789 0.07549864798784256 2.4884400318114785e-06 1.7303821664427232e-07 0.011461146175861359 -8.365872616877823e-08 -1.0219747714756977e-08 64 43.818641662597656 0.97471374273300171 0.23431292176246643
SN: 1537020 10 0 E2 3 0 10.090468 -44.028613999999997 0.40696999430656433 0.0010000000474974513 0.40596601366996765 0.0010000000474974513 0.40596604347229004 0.0017260877648368478 0 300 0 0 0.0058979932218790054 4 4 431260 -9 -9 0.40700000524520874 0.0010000000474974513 10.090512 -44.028657000000003 0.19099999964237213 0.74199998378753662 -1.0021355152130127 8.5270004272460938 0.023000000044703484 -9999 -9999 0.50900000333786011 0.28999999165534973 -8.0059995651245117 0.33666154742240906 -0.13699999451637268 -999 23.5 23.040000915527344 23.049999237060547 22.790000915527344 0.0099999997764825821 0.0099999997764825821 0.0099999997764825821 0.0099999997764825821 10.430000305175781 17.719999313354492 20.170000076293945 23.709999084472656 24.954288482666016 24.378841400146484 24.238235473632812 24.062671661376953 57708.06640625 28.16340446472168 23.664640426635742 11.815733909606934 79.155113220214844 riz 0 57709.6796875 0.41833829879760742 0.84672087430953979 0.33216071128845215 -0.0345730260014534 0.033680044114589691 22.319362640380859 0.040395822376012802 2.1196063244133256e-05 7.8861921792849898e-07 0.002349283080548048 -1.4470747089490033e-07 -2.0716939275189361e-08 32 29.447624206542969 0.59635692834854126 0.30486166477203369
SN: 1502029 10 0 X2 3 0 35.138984999999998 -5.626582 0.51920998096466064 0.0010000000474974513 0.51796901226043701 0.0010000000474974513 0.51796901226043701 0.0018185998778790236 0 300 0 0 0.022297803312540054 1 2 93915 -9 -9 0.51920002698898315 0.0010000000474974513 35.138840999999999 -5.6264919999999998 0.61100000143051147 0.87999999523162842 -3.3144011497497559 10.319999694824219 0.046999998390674591 -9999 -9999 0.17499999701976776 1.3279999494552612 -10.08899974822998 1.3307174444198608 1.0429999828338623 -999 23.420000076293945 21.840000152587891 21.260000228881836 20.959999084472656 0.0099999997764825821 0 0 0 8.0799999237060547 37.990001678466797 65.199996948242188 83.099998474121094 25.231472015380859 23.550827026367188 22.964382171630859 22.700996398925781 57694.19921875 16.330394744873047 8.9897956848144531 7.9327383041381836 40.615161895751953 riz 0 57694.01953125 0.69156044721603394 0.18135671317577362 0.49917763471603394 -0.098465949296951294 0.04824591800570488 22.627153396606445 0.048312772065401077 1.5963893019943498e-05 7.103566304067499e-07 0.0039427061565220356 -2.16547306308712e-07 -1.8890080610844961e-08 42 27.898248672485352 0.95353066921234131 0.33374050259590149
SN: 1373123 10 0 X1 3 0 34.433979000000001 -4.6948449999999999 0.70020002126693726 0.0010000000474974513 0.69878697395324707 0.0010000000474974513 0.69878697395324707 0.0019722394645214081 0 300 0 0 0.017490975558757782 1 1 47920 -9 -9 0.70020002126693726 0.0010000000474974513 34.434066000000001 -4.6948869999999996 0.34700000286102295 0.46500000357627869 -9 10.107999801635742 0.043000001460313797 -9999 -9999 0.94300001859664917 1.0509999990463257 -9.1789999008178711 1.0666419267654419 0.80199998617172241 -999 24.510000228881836 23.319999694824219 22.590000152587891 22.329999923706055 0.039999999105930328 0.0099999997764825821 0.0099999997764825821 0.0099999997764825821 3.4900000095367432 10.159999847412109 21.829999923706055 28.170000076293945 26.142936706542969 24.982765197753906 24.152366638183594 23.875532150268555 57637.234375 7.0264639854431152 6.9770865440368652 4.8077001571655273 23.215476989746094 riz 0 57636.4296875 0.9038318395614624 -0.91695815324783325 0.80310499668121338 -0.071070320904254913 0.076421253383159637 23.710205078125 0.069320179522037506 5.8873256421065889e-06 3.7588364421026199e-07 0.008782288059592247 -1.8855249095395266e-07 -5.3724127369036978e-09 55 47.038200378417969 0.76876401901245117 0.38671135902404785
SN: 1703026 10 0 S2 3 0 40.982196999999999 -0.73283699999999996 0.36491000652313232 0.0010000000474974513 0.3639029860496521 0.0010000000474974513 0.36390304565429688 0.0016919558402150869 0 300 0 0 0.031127965077757835 1 2 117558 -9 -9 0.36489999294281006 0.0010000000474974513 40.982227999999999 -0.73284099999999996 0.11299999803304672 0.1289999932050705 -6.0006308555603027 10.031000137329102 0.032999999821186066 -9999 -9999 -1.965999960899353 2.6319999694824219 -12.034000396728516 2.6343395709991455 1.4520000219345093 -999 23.670000076293945 21.959999084472656 21.479999542236328 21.149999618530273 0.019999999552965164 0 0 0 7.6700000762939453 38.290000915527344 62.349998474121094 83.699996948242188 25.28801155090332 23.542285919189453 23.012908935546875 22.693185806274414 57770.0546875 25.503023147583008 18.869817733764648 16.48193359375 44.877323150634766 griz 0 57769.9296875 0.65571171045303345 -2.1020715236663818 0.45289427042007446 -0.011184181086719036 0.037919417023658752 22.375988006591797 0.041181840002536774 2.0118928659940138e-05 7.6310851682137582e-07 0.0014221674064174294 -3.3290589840362372e-08 -1.3582755364893728e-08 16 9.9435319900512695 0.86956053972244263 0.70168155431747437
SN: 1310964 10 0 C2 3 0 54.153731999999998 -29.384671999999998 0.75209999084472656 0.0010000000474974513 0.75147098302841187 0.0010000000474974513 0.75147104263305664 0.0020178565755486488 0 300 0 0 0.0080266715958714485 1 1 24768 -9 -9 0.75209999084472656 0.0010000000474974513 54.153638999999998 -29.384817999999999 0.60100001096725464 0.79500001668930054 -9 10.168000221252441 0.030999999493360519 -9999 -9999 0.77300000190734863 0.28299999237060547 -9.380000114440918 0.28908476233482361 0.53899997472763062 -999 23.959999084472656 23.090000152587891 22.379999160766602 22.090000152587891 0.019999999552965164 0.0099999997764825821 0.0099999997764825821 0.0099999997764825821 4.7699999809265137 12.970000267028809 23.489999771118164 30.780000686645508 25.803703308105469 24.717649459838867 24.072792053222656 23.779327392578125 56987.30859375 6.2452583312988281 5.7836728096008301 5.4699444770812988 20.167308807373047 riz 0 56995.953125 1.1277757883071899 0.078368283808231354 0.9783434271812439 -0.033714644610881805 0.087724819779396057 23.774356842041016 0.097654536366462708 5.5495456763310358e-06 4.9914365263248328e-07 0.023463528603315353 -3.3367308560627862e-07 -7.4553652140707527e-09 43 39.02154541015625 0.64448279142379761 0.11537826806306839
SN: 1309288 10 1 C2 3 0 54.644871000000002 -29.194429 0.26837998628616333 0.0010000000474974513 0.26793399453163147 0.0010000000474974513 0.26793396472930908 0.0016154882032424212 0 300 0 0 0.01120457611978054 1 1 23523 -9 -9 0.26840001344680786 0.0010000000474974513 54.644807999999998 -29.194362000000002 0.31099998950958252 0.17599999904632568 -9 10.928999900817871 0.016000000759959221 -9999 -9999 1.2669999599456787 0.53200000524520874 -9.6510000228881836 0.53726065158843994 1.156000018119812 -999 20.709999084472656 19.520000457763672 18.959999084472656 18.739999771118164 0 0 0 0 108.38999938964844 317.35000610351562 481.95001220703125 651.79998779296875 22.412527084350586 21.24615478515625 20.792495727539062 20.464714050292969 56987.3046875 84.164619445800781 52.832363128662109 28.067251205444336 167.52278137207031 gri 0 56989.12109375 0.19042190909385681 0.57540857791900635 0.19010987877845764 -0.11159379780292511 0.017993789166212082 20.868040084838867 0.021187692880630493 8.068335591815412e-05 1.5745023347335518e-06 0.00048592212260700762 -1.7619620962250337e-07 -1.3356986627854894e-08 31 27.062883377075195 0.66901075839996338 0.41851755976676941
SN: 1300531 10 0 E2 3 0 10.212344999999999 -43.975924999999997 0.58566999435424805 0.0010000000474974513 0.58453798294067383 0.0010000000474974513 0.58453798294067383 0.001874596462585032 0 300 0 0 0.0057057691738009453 1 1 30520 -9 -9 0.58569997549057007 0.0010000000474974513 10.212225999999999 -43.976002000000001 0.41499999165534973 0.7279999852180481 -9 9.244999885559082 0.054000001400709152 -9999 -9999 -0.22599999606609344 0.097999997437000275 -9.4770002365112305 0.2200295478105545 0.38400000333786011 -999 24.959999084472656 23.969999313354492 23.540000915527344 23.239999771118164 0.05000000074505806 0.019999999552965164 0.019999999552965164 0.029999999329447746 2.25 5.8899998664855957 9.1499996185302734 8.880000114440918 26.619543075561523 25.574710845947266 25.096446990966797 25.12896728515625 56943.0234375 12.544310569763184 11.660808563232422 6.4882369041442871 34.670906066894531 riz 0 56941.51171875 0.63977032899856567 1.1176587343215942 0.60344648361206055 0.017124567180871964 0.060217559337615967 23.379203796386719 0.065459594130516052 7.9858009485178627e-06 4.8146807785087731e-07 0.009419209323823452 -2.2559333956451155e-07 -1.5391908192441406e-08 36 31.575668334960938 0.67901533842086792 0.37690052390098572
SN: 1294667 10 0 X3 3 0 35.869143999999999 -4.9821070000000001 0.62949997186660767 0.0010000000474974513 0.62818402051925659 0.0010000000474974513 0.62818408012390137 0.0019116803305223584 0 300 0 0 0.0222128015011549 1 3 37697 -9 -9 0.62949997186660767 0.0010000000474974513 35.869067000000001 -4.9821160000000004 0.27799999713897705 0.28600001335144043 -4.5233917236328125 10.977999687194824 0.014999999664723873 -9999 -9999 0.88400000333786011 0.15299999713897705 -10.13700008392334 0.18223610520362854 1.0479999780654907 -999 23.139999389648438 21.870000839233398 20.899999618530273 20.659999847412109 0.0099999997764825821 0 0 0 13.640000343322754 42.650001525878906 86.319999694824219 116.87000274658203 24.6629638671875 23.425201416015625 22.659721374511719 22.330741882324219 56916.2734375 18.929906845092773 16.384761810302734 12.040214538574219 41.508010864257812 riz 0 56915.94140625 1.0103229284286499 0.0046336180530488491 0.59081351757049561 0.041354555636644363 0.056447472423315048 23.55854606628418 0.066439807415008545 6.7698938437388279e-06 4.1427233554713894e-07 0.0082771694287657738 -1.3692790901131957e-07 -1.6018217863233986e-08 31 28.333564758300781 0.60389888286590576 0.13785716891288757
SN: 1309694 10 0 E2 3 0 10.949914 -44.054592 0.45456001162528992 0.0010000000474974513 0.45353001356124878 0.0010000000474974513 0.45353007316589355 0.0017650977242738008 0 300 0 0 0.0073499721474945545 1 2 31084 -9 -9 0.4546000063419342 0.0010000000474974513 10.949876 -44.054417999999998 0.63400000333786011 0.55400002002716064 -3.421783447265625 10.286999702453613 0.016000000759959221 -9999 -9999 1.6519999504089355 0.019999999552965164 -8.6180000305175781 0.019999999552965164 0.40000000596046448 -999 21.920000076293945 20.909999847412109 20.590000152587891 20.260000228881836 0 0 0 0 38.240001678466797 100.55000305175781 138.30000305175781 180.24000549316406 23.543704986572266 22.494045257568359 22.147945404052734 21.860370635986328 56980.046875 15.551109313964844 11.023527145385742 8.6061277389526367 34.094722747802734 riz 0 56975.9453125 0.82479953765869141 0.0890965536236763 0.61550325155258179 0.24988932907581329 0.059194762259721756 23.213296890258789 0.065609201788902283 9.3042481239535846e-06 5.622399612548179e-07 0.0065366909839212894 -1.7041533340034221e-07 -2.4820755228915914e-08 33 17.983078002929688 0.98437827825546265 0.83349370956420898
SN: 1291155 10 0 X2 3 0 34.822487000000002 -6.1287500000000001 0.5121300220489502 0.0010000000474974513 0.51089102029800415 0.0010000000474974513 0.51089096069335938 0.00181268819142133 0 300 0 0 0.021341631188988686 1 1 36710 -9 -9 0.5120999813079834 0.0010000000474974513 34.822696000000001 -6.1290290000000001 1.2519999742507935 1.3509999513626099 -9 10.685000419616699 0.032999999821186066 -9999 -9999 -1.1319999694824219 8.8680000305175781 -11.800999641418457 8.8680734634399414 1.5290000438690186 -999 23.840000152587891 21.969999313354492 21.149999618530273 20.719999313354492 0.019999999552965164 0 0 0 3.8900001049041748 22.649999618530273 37.819999694824219 59.259998321533203 26.025125503540039 24.112329483032227 23.555696487426758 23.068096160888672 56887.26953125 27.901384353637695 16.788347244262695 11.078903198242188 46.677803039550781 riz 0 56888.51171875 1.6290702819824219 -0.14530803263187408 0.6098896861076355 -0.15590082108974457 0.049354873597621918 22.388494491577148 0.047502085566520691 1.9888513634214178e-05 8.7014313976396807e-07 -0.0063119423575699329 -2.1055962307059417e-08 -2.1932688554215929e-08 28 29.96296501159668 0.36499041318893433 0.52192175388336182
SN: 1312818 10 0 C1 3 0 54.390796999999999 -27.473509 0.72355002164840698 0.0010000000474974513 0.72291702032089233 0.0010000000474974513 0.72291707992553711 0.0019930894486606121 0 300 0 0 0.0099119534716010094 1 1 22185 -9 -9 0.72359997034072876 0.0010000000474974513 54.390838000000002 -27.473436 0.29300001263618469 0.3970000147819519 -9 10.701000213623047 0.05000000074505806 -9999 -9999 0.76599997282028198 8.0839996337890625 -9.9759998321533203 8.0860710144042969 1.2029999494552612 -999 24.319999694824219 22.549999237060547 21.510000228881836 21.139999389648438 0.019999999552965164 0.0099999997764825821 0 0 4.0500001907348633 21.549999237060547 56.430000305175781 81.25 25.981363296508789 24.1663818359375 23.121225357055664 22.725440979003906 56988.03515625 11.675789833068848 8.7193746566772461 6.1975688934326172 26.875686645507812 riz 0 56985.82421875 1.0619451999664307 0.66403985023498535 0.77525794506072998 -0.056205149739980698 0.06433144211769104 23.644243240356445 0.060190863907337189 6.2560879996453878e-06 3.4682398108998314e-07 0.007813597097992897 -1.7702475929581851e-07 -1.7870531721086991e-09 50 50.00067138671875 0.47337177395820618 0.28999057412147522
SN: 1310916 10 0 C2 3 0 54.773845999999999 -28.236920999999999 0.67983001470565796 0.0010000000474974513 0.67923200130462646 0.0010000000474974513 0.67923200130462646 0.00195539859123528 0 300 0 0 0.011324663646519184 3 4 24134 -9 -9 0.67979997396469116 0.0010000000474974513 54.774954000000001 -28.236753 3.5669999122619629 2.8949999809265137 1.0451525449752808 10.83899974822998 0.014999999664723873 -9999 -9999 0.85000002384185791 0.17499999701976776 -9.9829998016357422 0.18703208863735199 0.86699998378753662 -999 23.770000457763672 22.700000762939453 21.920000076293945 21.540000915527344 0.019999999552965164 0.0099999997764825821 0.0099999997764825821 0.0099999997764825821 0.15999999642372131 0.97000002861022949 1.9299999475479126 2.2599999904632568 27.5 27.5 26.786106109619141 26.614728927612305 57004.046875 11.373063087463379 8.8923130035400391 7.9586148262023926 31.87547492980957 riz 0 56993.5390625 0.68666988611221313 -0.087680928409099579 0.55495977401733398 0.0096862735226750374 0.057168744504451752 23.260883331298828 0.060509640723466873 8.9052600742434151e-06 4.9630295961833326e-07 0.0045573473908007145 -2.0217200358274567e-07 -8.6490521411519694e-09 43 44.352035522460938 0.41446474194526672 0.043551161885261536
SN: 1316853 10 0 X1 3 0 34.174472999999999 -5.5044230000000001 0.6944500207901001 0.0010000000474974513 0.69304001331329346 0.0010000000474974513 0.69304001331329346 0.0019672850612550974 0 300 0 0 0.018000733107328415 1 1 34891 -9 -9 0.69450002908706665 0.0010000000474974513 34.174177999999998 -5.5046299999999997 1.2949999570846558 1.5130000114440918 -9 9.2729997634887695 0.037999998778104782 -9999 -9999 1.0299999713897705 0.64600002765655518 -8.2530002593994141 0.69524455070495605 -0.068999998271465302 -999 24.190000534057617 23.520000457763672 23.090000152587891 23.079999923706055 0.029999999329447746 0.019999999552965164 0.019999999552965164 0.019999999552965164 2.7899999618530273 6.179999828338623 8.2100000381469727 7.9600000381469727 26.385990142822266 25.522529602050781 25.214141845703125 25.247716903686523 57014.05078125 14.61841869354248 9.7491321563720703 9.0372982025146484 36.351310729980469 riz 0 57011.828125 0.76173460483551025 1.3591998815536499 0.73260694742202759 -0.042943984270095825 0.050912491977214813 23.316427230834961 0.049064330756664276 8.461151082883589e-06 3.8235873489611549e-07 0.0084113636985421181 -2.0219012242250756e-07 -4.5683505867089025e-09 31 35.553810119628906 0.26237893104553223 0.47514241933822632
SN: 1315950 10 0 C3 3 0 53.294761999999999 -27.957274999999999 0.36000001430511475 0.0010000000474974513 0.35947901010513306 0.0010000000474974513 0.35947895050048828 0.0016883867792785168 0 300 0 0 0.0058127632364630699 2 2 -9261 -9 -9 0.36000001430511475 0.0010000000474974513 53.294842000000003 -27.957588000000001 1.156000018119812 1.3980000019073486 -0.77435439825057983 10.692000389099121 0.05000000074505806 -9999 -9999 -10 0 -20.562999725341797 0.18500000238418579 1.562000036239624 -999 22.930000305175781 21.25 20.430000305175781 20.090000152587891 0 0 0 0 8.4799995422363281 44.849998474121094 66.459999084472656 108.70999908447266 25.179010391235352 23.370594024658203 22.943599700927734 22.409326553344727 57001.18359375 64.450080871582031 52.83294677734375 27.20478630065918 151.43016052246094 griz 0 57001.4609375 0.25069791078567505 -1.7278993129730225 0.17229843139648438 -0.080023951828479767 0.019037213176488876 22.075860977172852 0.022096281871199608 2.6525009161559865e-05 5.3982182635081699e-07 0.00017984031001105905 -3.5772821149748779e-08 -2.4033073309226438e-09 40 29.598663330078125 0.88610529899597168 0.63473695516586304
SN: 1296802 10 0 X3 3 0 35.631126000000002 -4.9871660000000002 0.74533998966217041 0.0010000000474974513 0.74392402172088623 0.0010000000474974513 0.74392402172088623 0.0020113007631152868 0 300 0 0 0.019702894613146782 1 1 37664 -9 -9 0.74529999494552612 0.0010000000474974513 35.631231 -4.987139 0.3880000114440918 0.414000004529953 -9 10.932999610900879 0.046999998390674591 -9999 -9999 0.85000002384185791 0.40099999308586121 -10.11400032043457 0.42408135533332825 1.1790000200271606 -999 24.450000762939453 22.909999847412109 21.780000686645508 21.239999771118164 0.019999999552965164 0 0 0 3.8199999332427979 17.090000152587891 47.020000457763672 71.790000915527344 26.044841766357422 24.418144226074219 23.319293975830078 22.859840393066406 56924.2109375 20.368875503540039 15.34929084777832 14.083252906799316 43.355762481689453 riz 0 56924.5703125 1.0255982875823975 -0.22578655183315277 0.58722388744354248 0.10010907053947449 0.048976369202136993 23.89348030090332 0.04060523584485054 4.9728810154192615e-06 1.8597980044887663e-07 0.0034525974187999964 -4.9318593653424614e-08 -3.6180256568485447e-09 37 22.938859939575195 0.96595072746276855 0.34207895398139954
SN: 1299266 10 0 X3 3 0 37.003158999999997 -5.0437430000000001 0.91439998149871826 0.0010000000474974513 0.91288900375366211 0.0010000000474974513 0.91288900375366211 0.0021596360020339489 0 300 0 0 0.022051252424716949 1 1 39203 -9 -9 0.91439998149871826 0.0010000000474974513 37.003185000000002 -5.0437609999999999 0.11500000208616257 0.15800000727176666 -9 10.734999656677246 0.017000000923871994 -9999 -9999 -0.63400000333786011 7.4699997901916504 -11.371000289916992 7.4700775146484375 1.3710000514984131 -999 25.920000076293945 23.909999847412109 22.680000305175781 21.899999618530273 0.079999998211860657 0.0099999997764825821 0.0099999997764825821 0 0.95999997854232788 6.4600000381469727 19.840000152587891 39.479999542236328 27.5 25.474418640136719 24.256145477294922 23.509056091308594 56936.19921875 14.083346366882324 11.111061096191406 -99 30.835908889770508 iz 0 56932.171875 1.3022371530532837 0.077332846820354462 0.75622117519378662 0.034856110811233521 0.11697141826152802 24.399862289428711 0.052034404128789902 3.119287839581375e-06 1.4949330306990305e-07 0.0069808587431907654 -6.8818565068795579e-08 -3.3161200452269668e-09 29 16.781393051147461 0.96546804904937744 0.11901222914457321
SN: 1311631 10 0 X1 3 0 34.010941000000003 -4.7181920000000002 0.64177000522613525 0.0010000000474974513 0.64039498567581177 0.0010000000474974513 0.64039492607116699 0.0019221047405153513 0 300 0 0 0.018175655975937843 1 2 35155 -9 -9 0.64179998636245728 0.0010000000474974513 34.011105000000001 -4.7182259999999996 0.60000002384185791 0.68400001525878906 -3.2544975280761719 10.965999603271484 0.05000000074505806 -9999 -9999 0.87000000476837158 0.78899997472763062 -10.062000274658203 0.79469865560531616 1.4550000429153442 -999 24.260000228881836 22.579999923706055 21.579999923706055 21.030000686645508 0.029999999329447746 0.0099999997764825821 0 0 5.7300000190734863 22.540000915527344 52.330001831054688 85.330001831054688 25.6046142578125 24.11761474609375 23.203123092651367 22.672245025634766 56987.0625 8.9622659683227539 7.2470345497131348 5.608238697052002 24.378257751464844 riz 0 56991.98828125 0.97225326299667358 0.52403777837753296 0.94235849380493164 -0.085966616868972778 0.074946895241737366 23.510082244873047 0.083668835461139679 7.078927410475444e-06 5.4551520634049666e-07 0.014415009878575802 -3.7297962762750103e-07 -1.0165760677693925e-08 39 22.070222854614258 0.98671621084213257 0.33559921383857727
SN: 1294743 10 1 X3 3 0 36.102535000000003 -4.6749330000000002 0.31363001465797424 0.0010000000474974513 0.31257200241088867 0.0010000000474974513 0.31257200241088867 0.0016508012777194381 0 300 0 0 0.02217273972928524 2 2 37727 -9 -9 0.31360000371932983 0.0010000000474974513 36.102660999999998 -4.6751639999999997 0.94499999284744263 0.99000000953674316 -1.8699709177017212 10.237000465393066 0.008999999612569809 -9999 -9999 0.59500002861022949 0.14300000667572021 -9.6230001449584961 0.26828715205192566 0.66900002956390381 -999 21.930000305175781 20.930000305175781 20.360000610351562 20.180000305175781 0 0 0 0 29.549999237060547 72.919998168945312 99.230003356933594 119.91999816894531 23.823606491088867 22.842884063720703 22.508392333984375 22.302770614624023 56915.23046875 46.072322845458984 41.349517822265625 21.112287521362305 99.822731018066406 griz 0 56912.375 0.31884455680847168 -0.54740226268768311 0.24153557419776917 0.18066459894180298 0.025042954832315445 22.316089630126953 0.037498366087675095 2.1260038920445368e-05 7.3426372182439081e-07 0.0023374683223664761 -9.7837521195742738e-08 -1.5409483467010432e-08 32 34.43212890625 0.35212817788124084 0.62925165891647339
SN: 1295249 10 0 C1 3 0 53.692104 -27.077172999999998 0.53308999538421631 0.0010000000474974513 0.53250497579574585 0.0010000000474974513 0.53250503540039062 0.0018307666759938002 0 300 0 0 0.008547426201403141 1 2 22657 -9 -9 0.53310000896453857 0.0010000000474974513 53.692034999999997 -27.077092 0.36599999666213989 0.36100000143051147 -4.5610957145690918 10.62600040435791 0.029999999329447746 -9999 -9999 0.79000002145767212 7.0430002212524414 -9.8249998092651367 7.0438904762268066 1.3070000410079956 -999 23.809999465942383 22.219999313354492 21.489999771118164 21.100000381469727 0.0099999997764825821 0 0 0 7.0399999618530273 31.420000076293945 62.75 90.930000305175781 25.381069183349609 23.756984710693359 23.005966186523438 22.603231430053711 56920.30859375 14.87959098815918 13.726402282714844 10.593583106994629 32.369068145751953 riz 0 56919.66015625 0.91005450487136841 -1.0364381074905396 0.61689567565917969 0.048629682511091232 0.059966512024402618 23.363700866699219 0.054826322942972183 8.100640116026625e-06 4.0905729292717297e-07 0.0023374580778181553 -1.0022878882409714e-07 -1.6324563034686435e-08 32 16.732301712036133 0.98789477348327637 0.38161769509315491
SN: 1310367 10 0 X2 3 0 34.742241 -6.7186389999999996 0.23432999849319458 0.0010000000474974513 0.23331999778747559 0.0010000000474974513 0.23331999778747559 0.001588429557159543 0 300 0 0 0.023421429097652435 1 2 35752 -9 -9 0.23430000245571136 0.0010000000474974513 34.742355000000003 -6.718553 0.51099997758865356 0.52499997615814209 -4.1372504234313965 10.543000221252441 0.012000000104308128 -9999 -9999 0.84600001573562622 0.14200000464916229 -9.6789999008178711 0.1432654857635498 1.1890000104904175 -999 21.280000686645508 20.229999542236328 19.659999847412109 19.329999923706055 0 0 0 0 80.139999389648438 206.72999572753906 345.42001342773438 432.85000610351562 22.740375518798828 21.711490631103516 21.154130935668945 20.909156799316406 56980.0703125 58.08331298828125 39.852947235107422 21.209386825561523 109.31950378417969 griz 0 56981.44921875 0.25258761644363403 -1.3959232568740845 0.29836305975914001 -0.018106399103999138 0.024231694638729095 21.213037490844727 0.031098680570721626 5.8719833759823814e-05 1.6819088841657504e-06 0.0021126116625964642 -2.7539962843547983e-07 -2.7811754677031786e-08 40 35.890300750732422 0.65577214956283569 0.46920567750930786
SN: 1315259 10 1 S2 3 0 40.864075 -1.603645 0.22896300256252289 1.9999999494757503e-05 0.22805699706077576 1.9999999494757503e-05 0.22805702686309814 0.0012290390441194177 0 300 0 0 0.025301694869995117 1 1 -10901 -9 -9 0 0 40.863548999999999 -1.602379 4.9369997978210449 2.6040000915527344 -9 11.376999855041504 0.012000000104308128 -9999 -9999 1.5880000591278076 0.3059999942779541 -9.7589998245239258 0.31055596470832825 1.2489999532699585 -999 19.819999694824219 18.510000228881836 17.889999389648438 17.659999847412109 0 0 0 0 5.4099998474121094 16.260000228881836 22.950000762939453 28.129999160766602 25.667007446289062 24.472198486328125 24.098043441772461 23.8770751953125 57001.1484375 96.124427795410156 90.095932006835938 61.976680755615234 213.67936706542969 griz 0 57004.765625 0.24207040667533875 -0.29844582080841064 0.16948062181472778 0.078653261065483093 0.017685141414403915 21.124706268310547 0.024111285805702209 6.3696788856759667e-05 1.4145347222438431e-06 0.00073964346665889025 -1.1359490059703603e-07 -1.8445863503302462e-08 39 45.801345825195312 0.21071584522724152 0.28041702508926392
SN: 1299258 10 0 X3 3 0 36.103451 -4.0077239999999996 0.80255001783370972 0.0010000000474974513 0.80109399557113647 0.0010000000474974513 0.80109405517578125 0.0020611330401152372 0 300 0 0 0.026899758726358414 1 2 38754 -9 -9 0.80260002613067627 0.0010000000474974513 36.103355000000001 -4.0075209999999997 0.80800002813339233 0.71200001239776611 -3.5656118392944336 11.317000389099121 0.097000002861022949 -9999 -9999 -1.187000036239624 3.7709999084472656 -12.465999603271484 3.7715775966644287 1.531000018119812 -999 24.709999084472656 22.829999923706055 21.489999771118164 20.850000381469727 0.029999999329447746 0 0 0 2.5299999713897705 15.909999847412109 56.529998779296875 95.129997253417969 26.492198944091797 24.495824813842773 23.119302749633789 22.554206848144531 56931.19140625 22.594232559204102 21.355619430541992 12.643057823181152 54.666984558105469 riz 0 56932.640625 0.8297240138053894 0.92341291904449463 0.54156512022018433 -0.12658660113811493 0.037520848214626312 23.708562850952148 0.037035934627056122 5.8962336879631039e-06 2.0112852894271782e-07 0.0002498321991879493 -7.291038883749934e-08 9.7483321415126056e-10 41 30.380767822265625 0.88824564218521118 0.52229279279708862
SN: 1294137 10 1 S1 3 0 42.648834000000001 0.93795200000000001 0.47189998626708984 0.0010000000474974513 0.47084999084472656 0.0010000000474974513 0.47084999084472656 0.0017794064478948712 0 300 0 0 0.048320844769477844 1 1 32162 -9 -9 0.47189998626708984 0.0010000000474974513 42.648601999999997 0.93795899999999999 0.83499997854232788 1.3639999628067017 -9 9.1780004501342773 0.020999999716877937 -9999 -9999 0.96100002527236938 0.32499998807907104 -8.1979999542236328 0.32499998807907104 -0.0080000003799796104 -999 23.510000228881836 22.540000915527344 22.450000762939453 22.030000686645508 0.0099999997764825821 0.0099999997764825821 0.0099999997764825821 0.0099999997764825821 6.8600001335144043 17.040000915527344 20.110000610351562 29.909999847412109 25.409189224243164 24.42132568359375 24.241470336914062 23.810459136962891 56915.28125 17.03125 7.1028313636779785 7.0259990692138672 32.425395965576172 riz 0 56918.2109375 1.0139337778091431 -0.13444578647613525 0.70588099956512451 -0.033811178058385849 0.068730361759662628 22.379819869995117 0.081732772290706635 2.0048060832777992e-05 1.5091912928255624e-06 -0.0067852181382477283 -7.6572422358367476e-07 -2.2041014346996235e-08 17 19.149051666259766 0.3200441300868988 0.12128718197345734
SN: 1320474 10 0 C1 3 0 53.999930999999997 -28.078095000000001 0.78908002376556396 0.0010000000474974513 0.7884179949760437 0.0010000000474974513 0.78841805458068848 0.0020500507671386003 0 300 0 0 0.0092290891334414482 1 2 23452 -9 -9 0.78909999132156372 0.0010000000474974513 54.000059999999998 -28.078137000000002 0.43900001049041748 0.60100001096725464 -3.2000014781951904 10.586000442504883 0.02500000037252903 -9999 -9999 0.5910000205039978 0.18999999761581421 -9.9829998016357422 0.20855695009231567 0.85799998044967651 -999 25.239999771118164 23.809999465942383 22.649999618530273 22.190000534057617 0.059999998658895493 0.019999999552965164 0.0099999997764825821 0.0099999997764825821 1.809999942779541 7.1999998092651367 21.680000305175781 30.549999237060547 26.855804443359375 25.356668472290039 24.15985107421875 23.787471771240234 57026.171875 7.1967110633850098 6.7994928359985352 5.2984609603881836 22.057266235351562 riz 0 57029.40234375 0.93852919340133667 -0.39604103565216064 0.80241644382476807 -0.20784510672092438 0.078495025634765625 23.655731201171875 0.076662622392177582 6.1902455854578875e-06 4.3708635644179594e-07 0.0150760468095541 -2.3933932880026987e-07 1.4886801513736003e-10 27 29.189781188964844 0.35175713896751404 0.70528221130371094
SN: 1304652 10 0 S2 3 0 42.093429999999998 -1.0624830000000001 0.58240002393722534 0.0010000000474974513 0.58126497268676758 0.0010000000474974513 0.58126497268676758 0.0018718269420787692 0 300 0 0 0.043960556387901306 2 2 33970 -9 -9 0.58240002393722534 0.0010000000474974513 42.09366 -1.0623290000000001 0.99699997901916504 0.86400002241134644 -1.0178017616271973 9.4960002899169922 0.028000000864267349 -9999 -9999 1.3079999685287476 0.36700001358985901 -8.1979999542236328 0.37604919075965881 -0.026000000536441803 -999 23.950000762939453 23.159999847412109 22.889999389648438 22.770000457763672 0.019999999552965164 0.0099999997764825821 0.0099999997764825821 0.019999999552965164 6.380000114440918 10.039999961853027 15.909999847412109 15.560000419616699 25.487949371337891 24.99566650390625 24.495824813842773 24.519975662231445 56957.10546875 12.069157600402832 10.507275581359863 9.1578540802001953 35.821922302246094 riz 0 56959.0625 0.88117146492004395 0.57212913036346436 0.57287025451660156 -0.053397201001644135 0.053194478154182434 23.075307846069336 0.050416551530361176 1.0565172487986274e-05 4.9059758566727396e-07 0.003177412087097764 -1.6797817181668506e-07 -1.2606043320317895e-08 43 42.598552703857422 0.48859244585037231 0.26086559891700745
SN: 1320501 10 0 S2 3 0 41.003906000000001 -0.91396500000000003 0.33781000971794128 0.0010000000474974513 0.33682501316070557 0.0010000000474974513 0.33682501316070557 0.0016701755812391639 0 300 0 0 0.025586171075701714 1 1 33285 -9 -9 0.33779999613761902 0.0010000000474974513 41.003951999999998 -0.91396299999999997 0.16599999368190765 0.17599999904632568 -9 10.720000267028809 0.032999999821186066 -9999 -9999 0.42399999499320984 5.6529998779296875 -10.295000076293945 5.6535110473632812 1.4550000429153442 -999 22.059999465942383 20.530000686645508 19.959999084472656 19.579999923706055 0 0 0 0 38.860000610351562 151.14999389648438 261.85000610351562 361.32998657226562 23.526243209838867 22.051479339599609 21.454868316650391 21.105239868164062 57021.046875 33.128494262695312 27.433351516723633 21.345510482788086 73.308631896972656 griz 0 57027.04296875 0.30963629484176636 -0.18242113292217255 0.37153095006942749 -0.11579552292823792 0.027221899479627609 21.610134124755859 0.036319535225629807 4.0732978959567845e-05 1.3625804058392532e-06 0.0051287496462464333 -3.7732738178419822e-07 -2.2996211157533253e-08 26 29.924659729003906 0.27074408531188965 0.39074540138244629
SN: 1306110 10 0 X3 3 0 36.221519999999998 -3.8221959999999999 0.60993999242782593 0.0010000000474974513 0.60864198207855225 0.0010000000474974513 0.60864198207855225 0.0018950416706502438 0 300 0 0 0.024032067507505417 1 2 38347 -9 -9 0.60989999771118164 0.0010000000474974513 36.220922999999999 -3.821939 2.3350000381469727 1.4299999475479126 -2.1598808765411377 11.123000144958496 0.063000001013278961 -9999 -9999 0.0010000000474974513 7.499000072479248 -11.130000114440918 7.500664234161377 1.2510000467300415 -999 23.670000076293945 22.149999618530273 21.079999923706055 20.739999771118164 0.0099999997764825821 0 0 0 3.8399999141693115 17.059999465942383 32.029998779296875 45.319999694824219 26.03917121887207 24.420051574707031 23.736106872558594 23.359275817871094 56973.09765625 42.652702331542969 30.932394027709961 22.130069732666016 92.988533020019531 riz 0 56975.81640625 0.45903635025024414 0.43121746182441711 0.27071529626846313 -0.06121976301074028 0.031626336276531219 23.020179748535156 0.028261879459023476 1.1115479537693318e-05 2.8933763474014995e-07 0.0019088421249762177 -4.6810058051960368e-08 -4.5351988831043855e-09 33 23.345430374145508 0.8934141993522644 0.24960733950138092
SN: 1312274 10 1 S1 3 0 42.610976999999998 -0.36171799999999998 0.4255099892616272 0.0010000000474974513 0.42449700832366943 0.0010000000474974513 0.42449700832366943 0.0017412352608516812 0 300 0 0 0.053694460541009903 1 3 -9347 -9 -9 0.42550000548362732 0.0010000000474974513 42.610899000000003 -0.36183599999999999 0.50800001621246338 0.59600001573562622 -3.3028638362884521 10.520000457763672 0.014999999664723873 -9999 -9999 0.24400000274181366 0.21500000357627869 -10.253000259399414 0.23269292712211609 1.5529999732971191 -999 24.090000152587891 22.510000228881836 21.870000839233398 21.370000839233398 0.019999999552965164 0.0099999997764825821 0 0 4.7199997901916504 18.760000228881836 33.340000152587891 57.950000762939453 25.815145492553711 24.316917419433594 23.692586898803711 23.092365264892578 56980.1953125 24.525341033935547 17.654056549072266 -99 50.256668090820312 ri 0 56977.25390625 0.70604372024536133 -1.1969336271286011 0.51038181781768799 -0.055379118770360947 0.065372779965400696 22.472875595092773 0.055737238377332687 1.8401360648567788e-05 9.4465030997525901e-07 0.0021274210885167122 -1.8188922012996045e-07 -4.5896879186102524e-08 23 20.064687728881836 0.63800638914108276 0.43961280584335327
SN: 1304777 10 0 C2 3 0 53.544528999999997 -29.374082999999999 0.40527999401092529 0.0010000000474974513 0.40476098656654358 0.0010000000474974513 0.40476095676422119 0.0017251049866899848 0 300 0 0 0.0098772086203098297 2 2 24986 -9 -9 0.40529999136924744 0.0010000000474974513 53.546796000000001 -29.374112 7.1119999885559082 3.437999963760376 2.7439768314361572 11.14900016784668 0.014000000432133675 -9999 -9999 -2.1979999542236328 7.8020000457763672 -13.329000473022461 7.8020000457763672 1.6660000085830688 -999 22.620000839233398 20.700000762939453 20.010000228881836 19.590000152587891 0.0099999997764825821 0 0 0 0.40999999642372131 1.5099999904632568 2.5399999618530273 3.1700000762939453 27.5 27.052556991577148 26.4879150390625 26.247352600097656 56973.171875 26.89857292175293 24.241943359375 15.946609497070312 61.263534545898438 riz 0 56968.078125 0.36896580457687378 -1.6319483518600464 0.33088204264640808 -0.034202340990304947 0.042004421353340149 22.361787796020508 0.046716105192899704 2.0383798982948065e-05 8.7705620899214409e-07 0.0028689943719655275 -1.427989531066487e-07 -2.9165864390279239e-08 34 38.862102508544922 0.25989013910293579 0.55580127239227295
SN: 1299712 10 0 C2 3 0 53.552700000000002 -28.897235999999999 0.73128998279571533 0.0010000000474974513 0.73064500093460083 0.0010000000474974513 0.73064494132995605 0.0019997821655124426 0 300 0 0 0.0070739714428782463 1 1 24765 -9 -9 0.7312999963760376 0.0010000000474974513 53.552898999999996 -28.897258999999998 0.63300001621246338 0.67799997329711914 -9 11.020999908447266 0.074000000953674316 -9999 -9999 0.25400000810623169 10.253999710083008 -10.729000091552734 10.254368782043457 1.4170000553131104 -999 24.579999923706055 22.579999923706055 21.379999160766602 21.030000686645508 0.029999999329447746 0.0099999997764825821 0 0 3.4900000095367432 21.090000152587891 62.729999542236328 97.629997253417969 26.142936706542969 24.189807891845703 23.006311416625977 22.526042938232422 56943.18359375 10.26048755645752 9.4458198547363281 6.6379203796386719 26.420324325561523 riz 0 56937.87890625 0.7218177318572998 -0.29931998252868652 0.64846396446228027 -0.21356819570064545 0.071408048272132874 23.521934509277344 0.070043422281742096 7.0020710154494736e-06 4.5172026830186951e-07 0.013592146337032318 -2.1213638490280573e-07 -3.4554756833671263e-09 39 40.167278289794922 0.41829285025596619 0.71885168552398682
SN: 1309215 10 0 C3 3 0 51.672637999999999 -28.323961000000001 0.77535998821258545 0.0010000000474974513 0.77463501691818237 0.0010000000474974513 0.77463507652282715 0.0020380218047648668 0 300 0 0 0.012044282630085945 1 2 25563 -9 -9 0.77539998292922974 0.0010000000474974513 51.672452 -28.323630999999999 1.3259999752044678 1.2899999618530273 -2.4025814533233643 9.9980001449584961 0.028000000864267349 -9999 -9999 0.97899997234344482 0.27700001001358032 -9.0089998245239258 0.28321370482444763 0.21400000154972076 -999 24.200000762939453 23.459999084472656 22.709999084472656 22.389999389648438 0.0099999997764825821 0.0099999997764825821 0 0.0099999997764825821 2.559999942779541 5.0799999237060547 9.4200000762939453 12.109999656677246 26.479400634765625 25.735340118408203 25.064872741699219 24.792139053344727 56980.234375 36.259414672851562 31.357843399047852 20.505945205688477 76.761001586914062 riz 0 56982.421875 0.48411673307418823 -0.35887724161148071 0.32898992300033569 -0.15776954591274261 0.031365375965833664 23.522867202758789 0.029922632500529289 6.9960506152710877e-06 1.9280949459243857e-07 0.001028739963658154 -3.8772864030534038e-08 -3.0443600418372796e-10 43 50.440559387207031 0.20292475819587708 0.53933244943618774
SN: 1299775 10 1 C2 3 0 53.438889000000003 -29.676742999999998 0.16051000356674194 0.0010000000474974513 0.16008099913597107 0.0010000000474974513 0.16008102893829346 0.0015321829123422503 0 300 0 0 0.0093024829402565956 1 1 23912 -9 -9 0.16050000488758087 0.0010000000474974513 53.438867999999999 -29.676798999999999 0.21199999749660492 0.10599999874830246 -9 10.696999549865723 0.012000000104308128 -9999 -9999 0.44600000977516174 0.20100000500679016 -10.251999855041504 0.22022943198680878 1.5529999732971191 -999 20.979999542236328 19.760000228881836 19.110000610351562 18.690000534057617 0 0 0 0 99.919998168945312 306.1099853515625 514.1300048828125 743.6300048828125 22.500869750976562 21.285305023193359 20.722316741943359 20.32160758972168 56943.1796875 105.44540405273438 102.50313568115234 52.201251983642578 224.54591369628906 griz 0 56938.69140625 0.54390114545822144 -0.033313382416963577 0.16457009315490723 0.1781691312789917 0.018944300711154938 20.293087005615234 0.035366516560316086 0.00013701406714972109 4.4630642150877975e-06 -6.4665386162232608e-05 1.6246136169684178e-07 -7.1663833978163893e-08 27 34.046817779541016 0.16469062864780426 0.59400093555450439
SN: 1320030 10 0 C3 3 0 52.557316 -28.333704000000001 0.68207001686096191 0.0010000000474974513 0.68140900135040283 0.0010000000474974513 0.68140900135040283 0.0019572710152715445 0 300 0 0 0.007058099377900362 2 2 -12463 -9 -9 0.68209999799728394 0.0010000000474974513 52.556607 -28.334007 2.497999906539917 2.1840000152587891 -0.6920173168182373 10.437000274658203 0.125 -9999 -9999 0.90100002288818359 0.14200000464916229 -9.6510000228881836 0.28925421833992004 0.52499997615814209 -999 23.299999237060547 22.379999160766602 21.799999237060547 21.540000915527344 0.0099999997764825821 0 0 0 1.7799999713897705 3.8599998950958252 6.7800002098083496 6.6700000762939453 26.873950958251953 26.033531188964844 25.421926498413086 25.439685821533203 57025.15625 15.858231544494629 14.65001392364502 12.634512901306152 48.231868743896484 riz 0 57021.65234375 0.45694535970687866 -0.92132532596588135 0.38264074921607971 0.091634161770343781 0.045800246298313141 23.908622741699219 0.044521089643239975 4.9040054364013486e-06 2.0109089859943197e-07 0.0066845319233834743 -5.4830081808177056e-08 -5.7237352635297611e-09 27 19.322338104248047 0.85795849561691284 0.43314382433891296
SN: 1323016 10 0 E2 3 0 10.056409 -43.452342999999999 0.33581998944282532 0.0010000000474974513 0.33485400676727295 0.0010000000474974513 0.33485400676727295 0.0016685962909832597 0 300 0 0 0.0066659171134233475 1 1 -12727 -9 -9 0.33579999208450317 0.0010000000474974513 10.056144 -43.452339000000002 0.69300001859664917 0.47499999403953552 -9 9.9709997177124023 0.019999999552965164 -9999 -9999 1.6729999780654907 0.21600000560283661 -8.2519998550415039 0.22023850679397583 0.35100001096725464 -999 22.309999465942383 21.399999618530273 21.069999694824219 20.770000457763672 0.0099999997764825821 0 0 0 29.110000610351562 70.779998779296875 93.019996643066406 118.87999725341797 23.839895248413086 22.875223159790039 22.578559875488281 22.312229156494141 57037.078125 24.712429046630859 20.243980407714844 17.226530075073242 52.211017608642578 griz 0 57033.79296875 0.59267580509185791 -0.57901078462600708 0.60074365139007568 0.046898268163204193 0.037891946732997894 22.31074333190918 0.046476032584905624 2.1364976419135928e-05 9.1454933226486901e-07 0.012665144167840481 -3.7774989891659061e-07 -2.5265306291544221e-08 19 10.521625518798828 0.93888425827026367 0.24837209284305573
SN: 1313230 10 0 E1 3 0 8.4829740000000005 -42.698264999999999 0.21883000433444977 0.0010000000474974513 0.21792399883270264 0.0010000000474974513 0.21792399883270264 0.0015764894196763635 0 300 0 0 0.0062225642614066601 1 1 28683 -9 -9 0.21879999339580536 0.0010000000474974513 8.4828700000000001 -42.698278999999999 0.2800000011920929 0.28600001335144043 -9 10.225000381469727 0.016000000759959221 -9999 -9999 0.59799998998641968 0.54400002956390381 -9.6239995956420898 0.54798907041549683 1.1330000162124634 -999 21.5 20.430000305175781 19.950000762939453 19.719999313354492 0 0 0 0 46.430000305175781 132.97999572753906 201.11000061035156 258.64999389648438 23.333003997802734 22.190534591674805 21.741416931152344 21.468219757080078 57002.03515625 104.09503173828125 103.69722747802734 68.320838928222656 264.77322387695312 griz 0 57002.4140625 0.17400005459785461 0.3984207808971405 0.15832430124282837 -0.029556918889284134 0.01649528369307518 20.562694549560547 0.022751165553927422 0.00010688632028177381 2.2397598513634875e-06 0.00069079617969691753 -2.1006327699524263e-07 -2.5709654849492836e-08 36 36.419666290283203 0.44912934303283691 0.16536164283752441
SN: 1310294 10 0 X1 3 0 33.549396999999999 -4.6958450000000003 0.44089001417160034 0.0010000000474974513 0.43967300653457642 0.0010000000474974513 0.43967294692993164 0.0017536887899041176 0 300 0 0 0.018037319183349609 1 1 35049 -9 -9 0.44089999794960022 0.0010000000474974513 33.549483000000002 -4.6957519999999997 0.45600000023841858 0.77499997615814209 -9 8.9040002822875977 0.054000001400709152 -9999 -9999 0.20200000703334808 0.88700002431869507 -8.6840000152587891 0.89861279726028442 0.32899999618530273 -999 24.670000076293945 23.75 23.489999771118164 23.290000915527344 0.05000000074505806 0.019999999552965164 0.019999999552965164 0.029999999329447746 3.4700000286102295 7.9699997901916504 10.470000267028809 12.579999923706055 26.149175643920898 25.246353149414062 24.95013427734375 24.750797271728516 56980.0546875 33.552982330322266 20.012474060058594 11.454940795898438 61.549327850341797 riz 0 56982.234375 0.56307578086853027 0.7340550422668457 0.51250952482223511 -0.028369264677166939 0.042610533535480499 22.448272705078125 0.042963217943906784 1.8823102436726913e-05 7.4484120204942883e-07 0.0055199363268911839 -2.1365389102356858e-07 -2.3285998906885652e-08 21 17.52869987487793 0.67860269546508789 0.26232260465621948
SN: 1308326 10 1 S1 3 0 42.270138000000003 0.58234399999999997 0.32717001438140869 0.0010000000474974513 0.32621601223945618 0.0010000000474974513 0.32621598243713379 0.0016616848297417164 0 300 0 0 0.050154753029346466 1 2 32413 -9 -9 0.32719999551773071 0.0010000000474974513 42.270339999999997 0.58204199999999995 1.3090000152587891 1.281999945640564 -2.2407381534576416 9.5810003280639648 0.017000000923871994 -9999 -9999 0.67299997806549072 0.13899999856948853 -8.8950004577636719 0.15220052003860474 0.34000000357627869 -999 23.020000457763672 22.139999389648438 21.930000305175781 21.680000305175781 0.0099999997764825821 0.0099999997764825821 0.0099999997764825821 0.0099999997764825821 10.109999656677246 19.510000228881836 21.639999389648438 30.190000534057617 24.988122940063477 24.274356842041016 24.161857604980469 23.800342559814453 56973.1328125 56.286697387695312 56.277790069580078 41.63641357421875 151.496337890625 griz 0 56976.1796875 0.2910078763961792 0.49129894375801086 0.20754136145114899 -0.11235962063074112 0.016654469072818756 21.464927673339844 0.022552279755473137 4.6561679482692853e-05 9.6715211839182302e-07 0.00074650783790275455 -1.012659609500588e-07 -9.3358192287951169e-09 46 30.723617553710938 0.9592476487159729 0.40877091884613037
SN: 1326299 10 0 C3 3 0 52.642696000000001 -27.520714000000002 0.67448002099990845 0.0010000000474974513 0.67381501197814941 0.0010000000474974513 0.67381501197814941 0.00195074244402349 0 300 0 0 0.0076786503195762634 1 1 -11547 -9 -9 0.6744999885559082 0.0010000000474974513 52.642685 -27.521037 1.1629999876022339 0.85199999809265137 -9 9.6219997406005859 0.079999998211860657 -9999 -9999 0.78899997472763062 0.17700000107288361 -9.0909996032714844 0.19507178664207458 0.18899999558925629 -999 24.219999313354492 23.299999237060547 22.719999313354492 22.459999084472656 0.0099999997764825821 0.0099999997764825821 0 0.0099999997764825821 4.3400001525878906 8.6999998092651367 14.689999580383301 17.110000610351562 25.906274795532227 25.151201248168945 24.58244514465332 24.416873931884766 57051.10546875 25.388576507568359 18.504365921020508 12.246463775634766 54.545944213867188 riz 0 57055.1796875 0.67619550228118896 -0.36729231476783752 0.58264899253845215 -0.22704228758811951 0.04301491379737854 23.50115966796875 0.039740275591611862 7.1373351602233015e-06 2.6124178020836553e-07 0.0098537467420101166 -9.6161819840290264e-08 -3.3781748509653653e-09 13 8.9653654098510742 0.77555429935455322 0.7666466236114502
SN: 1320278 10 0 S2 3 0 41.941830000000003 -0.52576299999999998 0.57621997594833374 0.0010000000474974513 0.57508301734924316 0.0010000000474974513 0.57508301734924316 0.0018666005926206708 0 300 0 0 0.030782090499997139 1 2 33348 -9 -9 0.57620000839233398 0.0010000000474974513 41.941749999999999 -0.52590199999999998 0.57700002193450928 0.53899997472763062 -4.0974187850952148 10.977999687194824 0.014000000432133675 -9999 -9999 1.0199999809265137 0.017000000923871994 -9.9350004196166992 0.037121422588825226 0.72699999809265137 -999 22.620000839233398 21.409999847412109 20.770000457763672 20.340000152587891 0.0099999997764825821 0 0 0 20.159999847412109 62.209999084472656 119.16000366210938 163.58999633789062 24.238773345947266 23.015350341796875 22.309673309326172 21.965608596801758 57019.046875 10.935993194580078 6.7468199729919434 5.0785336494445801 22.444793701171875 riz 0 57021.8046875 0.73840463161468506 -1.3607357740402222 0.79249799251556396 -0.036100022494792938 0.094156473875045776 23.045455932617188 0.093779698014259338 1.08596932477667e-05 9.3799837941332953e-07 0.026577720418572426 -5.0490262992752832e-07 -5.238152311903832e-08 25 12.257167816162109 0.98437303304672241 0.4692692756652832
SN: 1304456 10 0 S2 3 0 41.531277000000003 -1.0749089999999999 0.43092998862266541 0.0010000000474974513 0.42989000678062439 0.0010000000474974513 0.42989003658294678 0.0017456558998674154 0 300 0 0 0.027221376076340675 1 1 33567 -9 -9 0.43090000748634338 0.0010000000474974513 41.531326 -1.0748930000000001 0.18500000238418579 0.17800000309944153 -9 10.663000106811523 0.032999999821186066 -9999 -9999 0.38100001215934753 10.380999565124512 -10.303999900817871 10.381381034851074 1.4279999732971191 -999 23.170000076293945 21.329999923706055 20.729999542236328 20.329999923706055 0.0099999997764825821 0 0 0 13.350000381469727 69.989997863769531 125.79000091552734 173.10000610351562 24.686296463012695 22.887409210205078 22.250885009765625 21.904258728027344 56964.21875 25.333824157714844 22.798406600952148 15.518595695495605 67.097953796386719 riz 0 56967.0625 0.35389399528503418 -0.14593677222728729 0.33982902765274048 -0.065935872495174408 0.038239546120166779 22.166154861450195 0.043978508561849594 2.4408331228187308e-05 9.8867667475133203e-07 0.003298403462395072 -2.0215381368871022e-07 -2.8099028881456434e-08 40 23.782407760620117 0.98042082786560059 0.22510525584220886
SN: 1292560 10 1 X1 3 0 35.055779000000001 -5.361129 0.22582000494003296 0.0010000000474974513 0.22481599450111389 0.0010000000474974513 0.2248159646987915 0.0015818269457668066 0 300 0 0 0.020562268793582916 1 1 34382 -9 -9 0.22579999268054962 0.0010000000474974513 35.055959999999999 -5.361173 0.66699999570846558 0.94300001859664917 -9 8.6059999465942383 0.034000001847743988 -9999 -9999 0.125 0.9089999794960022 -8.4589996337890625 0.91481691598892212 0.32699999213218689 -999 23.680000305175781 23.040000915527344 22.780000686645508 22.680000305175781 0.019999999552965164 0.0099999997764825821 0.0099999997764825821 0.0099999997764825821 7.630000114440918 14.159999847412109 17.780000686645508 19.219999313354492 25.29368782043457 24.622341156005859 24.37516975402832 24.290616989135742 56903.22265625 71.19586181640625 64.282905578613281 50.429862976074219 182.49334716796875 griz 0 56904.640625 0.27432441711425781 0.48692253232002258 0.1594851016998291 -0.12100460380315781 0.017134480178356171 20.536893844604492 0.025232993066310883 0.00010945678513962775 2.5438243937969673e-06 0.00048449967289343476 -1.9899320591321157e-07 -2.87839032608872e-08 34 25.576116561889648 0.85035175085067749 0.43478024005889893
SN: 1303722 10 0 C3 3 0 52.971145999999997 -27.572849000000001 1.0254700183868408 0.0010000000474974513 1.0246779918670654 0.0010000000474974513 1.0246779918670654 0.0022593787871301174 0 300 0 0 0.0070643695071339607 1 2 25617 -9 -9 1.0255000591278076 0.0010000000474974513 52.971468000000002 -27.572937 1.0740000009536743 1.0449999570846558 -2.4389946460723877 10.390999794006348 0.0070000002160668373 -9999 -9999 2.1429998874664307 0.13400000333786011 -8.2519998550415039 0.14447145164012909 0.2800000011920929 -999 23.920000076293945 23.319999694824219 22.600000381469727 22.110000610351562 0.0099999997764825821 0.0099999997764825821 0 0.0099999997764825821 5.559999942779541 9.130000114440918 19.590000152587891 29.219999313354492 25.637313842773438 25.098823547363281 24.269914627075195 23.835800170898438 56956.3125 12.668288230895996 7.8205986022949219 -99 23.663747787475586 iz 0 56956.640625 0.063751652836799622 -0.13580192625522614 0.69590270519256592 -0.093690961599349976 0.1405193954706192 24.76069450378418 0.07821180671453476 2.2372910279955249e-06 1.611649054211739e-07 0.023625962436199188 -5.7085340898765935e-08 8.8772527107039423e-09 33 25.944316864013672 0.80393177270889282 0.31556680798530579
SN: 1313057 10 0 C3 3 0 51.647162999999999 -28.021414 0.33809000253677368 0.0010000000474974513 0.33754000067710876 0.0010000000474974513 0.33754003047943115 0.0016707486938685179 0 300 0 0 0.0095816673710942268 1 4 25922 -9 -9 0.33809998631477356 0.0010000000474974513 51.647289999999998 -28.021436999999999 0.41299998760223389 0.28999999165534973 -4.1550760269165039 10.375 0.012000000104308128 -9999 -9999 0.62999999523162842 0.019999999552965164 -9.7320003509521484 0.025612497702240944 1.2230000495910645 -999 23.420000076293945 22.069999694824219 21.420000076293945 20.920000076293945 0.0099999997764825821 0 0 0 10.720000267028809 40.720001220703125 71.379997253417969 108.41000366210938 24.92451286315918 23.475481033325195 22.866058349609375 22.412326812744141 57001.19921875 43.257610321044922 37.552425384521484 23.776897430419922 119.92851257324219 griz 0 56999.0546875 0.20721113681793213 0.48503085970878601 0.18933999538421631 0.22944340109825134 0.019870402291417122 22.642646789550781 0.025518530979752541 1.5737714420538396e-05 3.698903583426727e-07 0.00057876820210367441 -3.4456501651902727e-08 -5.4236828361808875e-09 39 47.711517333984375 0.15974518656730652 0.78171330690383911
SN: 1318126 10 0 E2 3 0 8.3409600000000008 -44.360680000000002 0.37397000193595886 0.0010000000474974513 0.37298300862312317 0.0010000000474974513 0.37298297882080078 0.0016992934979498386 0 300 0 0 0.0064346562139689922 1 1 29983 -9 -9 0.37400001287460327 0.0010000000474974513 8.3412790000000001 -44.360388999999998 1.3309999704360962 1.7549999952316284 -9 9.4139995574951172 0.028000000864267349 -9999 -9999 -0.28200000524520874 0.041000001132488251 -9.7329998016357422 0.063126854598522186 0.58499997854232788 -999 23.819999694824219 22.780000686645508 22.479999542236328 22.129999160766602 0.019999999552965164 0.0099999997764825821 0.0099999997764825821 0.0099999997764825821 3.2200000286102295 8.6400003433227539 7.8600001335144043 13.079999923706055 26.23036003112793 25.158716201782227 25.261444091796875 24.708480834960938 57011.05859375 56.099464416503906 47.500629425048828 31.034111022949219 114.5135498046875 griz 0 57010.7421875 0.25179183483123779 -0.32895362377166748 0.28199118375778198 -0.10644254088401794 0.017935078591108322 21.88996696472168 0.020579366013407707 3.1478459277423099e-05 5.966520575384493e-07 0.001519080251455307 -9.2523059436189214e-08 -5.1888924268439496e-09 30 28.910167694091797 0.52231955528259277 0.37136560678482056
SN: 1293921 10 0 C3 3 0 52.318111000000002 -27.868938 0.50551998615264893 0.0010000000474974513 0.50491702556610107 0.0010000000474974513 0.50491702556610107 0.0018077052664011717 0 300 0 0 0.0072703803889453411 1 1 25456 -9 -9 0.50550001859664917 0.0010000000474974513 52.317929999999997 -27.869154999999999 0.97000002861022949 1.1009999513626099 -9 10.375 0.012000000104308128 -9999 -9999 0.52899998426437378 0.017999999225139618 -9.8360004425048828 0.038470767438411713 0.66299998760223389 -999 22.700000762939453 21.590000152587891 21.139999389648438 20.670000076293945 0 0 0 0 10.050000190734863 26.110000610351562 47.860000610351562 53.5 24.994585037231445 23.957983016967773 23.300067901611328 23.179115295410156 56912.3203125 53.922306060791016 50.256473541259766 35.264270782470703 124.33486938476562 riz 0 56910.703125 0.57232844829559326 0.88885319232940674 0.31915324926376343 -0.048629462718963623 0.029097894206643105 22.647003173828125 0.032863769680261612 1.5674677342758514e-05 4.7445132622669917e-07 0.0023798446636646986 -7.6392083769860619e-08 -1.0018583296300676e-08 27 16.783676147460938 0.93632268905639648 0.3377281129360199
SN: 1291733 10 0 E2 3 0 9.7546079999999993 -44.082146000000002 0.54895001649856567 0.0010000000474974513 0.54784297943115234 0.0010000000474974513 0.54784297943115234 0.0018436419777572155 0 300 0 0 0.0062938230112195015 1 2 -7717 -9 -9 0.54900002479553223 0.0010000000474974513 9.7544869999999992 -44.081994999999999 0.62599998712539673 0.90100002288818359 -2.4100937843322754 8.9670000076293945 0.054000001400709152 -9999 -9999 0.10700000077486038 0.071999996900558472 -9.0120000839233398 0.2968636155128479 -0.043000001460313797 -999 24.209999084472656 23.450000762939453 23.200000762939453 23.149999618530273 0.029999999329447746 0.019999999552965164 0.019999999552965164 0.019999999552965164 4.190000057220459 6.5900001525878906 10.670000076293945 10.439999580383301 25.944465637207031 25.452785491943359 24.929588317871094 24.953248977661133 56916.09765625 20.816879272460938 16.606739044189453 9.2555179595947266 46.160293579101562 riz 0 56900.20703125 0.43732327222824097 0.2703632116317749 0.42978310585021973 -0.075346939265727997 0.046744272112846375 22.496652603149414 0.05720854178071022 1.8002743672695942e-05 9.4858285137888743e-07 0.0036100272554904222 -3.124853265035199e-07 -2.3966956419485541e-08 30 38.876743316650391 0.12851405143737793 0.26683583855628967
SN: 1315296 10 1 S2 3 0 40.301578999999997 -0.76438300000000003 0.41363000869750977 0.0010000000474974513 0.4125710129737854 0.0010000000474974513 0.41257095336914062 0.0017314791912212968 0 300 0 0 0.029116051271557808 1 1 32653 -9 -9 0.41359999775886536 0.0010000000474974513 40.301476000000001 -0.76417199999999996 0.84600001573562622 0.96299999952316284 -9 9.6120004653930664 0.016000000759959221 -9999 -9999 1.1540000438690186 0.15099999308586121 -8.4340000152587891 0.15785118937492371 0.29499998688697815 -999 22.879999160766602 21.889999389648438 21.670000076293945 21.409999847412109 0.0099999997764825821 0 0 0 13.5 30.409999847412109 41.270000457763672 44.130001068115234 24.674165725708008 23.792459487915039 23.460914611816406 23.388164520263672 57018.046875 22.801362991333008 18.440336227416992 12.520473480224609 48.196063995361328 riz 0 57004.91015625 0.96448212862014771 1.4354461431503296 0.66333675384521484 0.18610139191150665 0.050580166280269623 22.820369720458984 0.058896567672491074 1.3361400306166615e-05 7.247991220538097e-07 0.0041814669966697693 -1.3783146357582154e-07 -3.1115945375859155e-08 28 28.891559600830078 0.41804361343383789 0.78343105316162109
SN: 1313026 10 0 C2 3 0 54.246273000000002 -28.631817000000002 0.53751999139785767 0.0010000000474974513 0.53696298599243164 0.0010000000474974513 0.53696298599243164 0.0018345048883929849 0 300 0 0 0.010692688636481762 1 1 24638 -9 -9 0.53750002384185791 0.0010000000474974513 54.246308999999997 -28.631732 0.32600000500679016 0.36800000071525574 -9 10.338000297546387 0.010999999940395355 -9999 -9999 0.625 0.012000000104308128 -9.7049999237060547 0.039849717170000076 0.56699997186660767 -999 22.729999542236328 21.680000305175781 21.239999771118164 20.979999542236328 0.0099999997764825821 0 0 0 18.559999465942383 52.040000915527344 74.150001525878906 91.169998168945312 24.328556060791016 23.209156036376953 22.824722290039062 22.600370407104492 56992.125 13.933323860168457 10.574106216430664 8.7481288909912109 29.254810333251953 riz 0 56998.16796875 0.66055738925933838 -0.54753082990646362 0.6778796911239624 0.049969621002674103 0.070037305355072021 23.213117599487305 0.081777632236480713 9.3057869889889844e-06 7.0091175530251348e-07 0.05876564234495163 -6.450738396779343e-07 -1.3773286866580747e-07 39 25.047510147094727 0.95932775735855103 0.247091144323349
SN: 1324790 10 0 C1 3 0 53.612099000000001 -27.337799 0.35774999856948853 0.0010000000474974513 0.35723200440406799 0.0010000000474974513 0.35723197460174561 0.0016865755897015333 0 300 0 0 0.0092779630795121193 1 2 22818 -9 -9 0.35769999027252197 0.0010000000474974513 53.612471999999997 -27.337472000000002 1.6749999523162842 1.5670000314712524 -2.3391182422637939 9.3260002136230469 0.029999999329447746 -9999 -9999 -0.24099999666213989 0.043000001460313797 -9.5959997177124023 0.13692699372768402 0.4779999852180481 -999 24.069999694824219 23.090000152587891 22.829999923706055 22.629999160766602 0.019999999552965164 0.0099999997764825821 0.0099999997764825821 0.0099999997764825821 3.4700000286102295 9.0900001525878906 8.7899999618530273 12.510000228881836 26.149175643920898 25.10359001159668 25.14002799987793 24.756856918334961 57040.17578125 43.075130462646484 31.121849060058594 26.995414733886719 89.295303344726562 griz 0 57042.3203125 0.37016358971595764 -0.046251982450485229 0.43487757444381714 0.053195402026176453 0.023997914046049118 22.138143539428711 0.028406655415892601 2.504625626897905e-05 6.5529764015082037e-07 0.0053649144247174263 -1.8916519195499859e-07 -1.1463646920617521e-08 23 10.210952758789062 0.98989486694335938 0.1779869943857193
SN: 1300179 10 0 S2 3 0 41.479092000000001 -0.965503 0.31817999482154846 0.0010000000474974513 0.31722000241279602 0.0010000000474974513 0.31721997261047363 0.001654504332691431 0 300 0 0 0.025109348818659782 1 1 32424 -9 -9 0.31819999217987061 0.0010000000474974513 41.479129999999998 -0.96501599999999998 1.7580000162124634 1.5219999551773071 -9 10.008999824523926 0.014999999664723873 -9999 -9999 1.0509999990463257 0.02500000037252903 -8.9239997863769531 0.043829213827848434 0.57499998807907104 -999 22.219999313354492 21.350000381469727 21.020000457763672 20.659999847412109 0 0 0 0 16.430000305175781 33.150001525878906 41.810001373291016 55.490001678466797 24.460906982421875 23.69879150390625 23.446800231933594 23.139463424682617 56943.20703125 24.510734558105469 23.734477996826172 19.320690155029297 79.288124084472656 griz 0 56938.56640625 0.24093222618103027 -0.33750984072685242 0.23391418159008026 0.040150173008441925 0.024587001651525497 21.891605377197266 0.03574773296713829 3.1430954550160095e-05 1.0348603609600104e-06 0.0021265677642077208 -1.5763414751290838e-07 -1.9268306061803742e-08 42 26.755823135375977 0.96760958433151245 0.17483849823474884
SN: 1324544 10 0 C2 3 0 54.369357999999998 -29.302443 0.53026998043060303 0.0010000000474974513 0.52972501516342163 0.0010000000474974513 0.52972507476806641 0.0018284370889887214 0 300 0 0 0.0091233514249324799 1 1 24261 -9 -9 0.53030002117156982 0.0010000000474974513 54.369522000000003 -29.302495 0.54900002479553223 0.76999998092651367 -9 9.5839996337890625 0.016000000759959221 -9999 -9999 1.5049999952316284 0.096000000834465027 -8.0749998092651367 0.10057833045721054 0.20800000429153442 -999 23.139999389648438 22.280000686645508 22 21.809999465942383 0.0099999997764825821 0.0099999997764825821 0.0099999997764825821 0.0099999997764825821 12.149999618530273 28.469999313354492 36.689998626708984 40.979999542236328 24.788558959960938 23.864030838012695 23.588630676269531 23.468570709228516 57044.17578125 13.375392913818359 12.487842559814453 9.2358341217041016 34.195968627929688 riz 0 57037.96484375 0.99175310134887695 0.55783617496490479 0.82771134376525879 0.24996843934059143 0.057182110846042633 23.374855041503906 0.056237708777189255 8.0178560892818496e-06 4.1529963823450089e-07 0.001910343999043107 -1.3508353902125236e-07 -6.3409473227693525e-09 22 18.953004837036133 0.64822864532470703 0.85372406244277954
SN: 1300703 10 0 X3 3 0 36.640385000000002 -5.4763320000000002 0.29673999547958374 0.0010000000474974513 0.29571101069450378 0.0010000000474974513 0.29571104049682617 0.0016374089755117893 0 300 0 0 0.022789256647229195 1 1 286410 -9 -9 0.29670000076293945 0.0010000000474974513 36.640309000000002 -5.476426 0.43500000238418579 0.33399999141693115 -9 10.781000137329102 0.012000000104308128 -9999 -9999 0.57200002670288086 0.46399998664855957 -10.194999694824219 0.48268520832061768 1.4960000514984131 -999 22.450000762939453 20.920000076293945 20.139999389648438 19.889999389648438 0 0 0 0 27.989999771118164 100.94000244140625 182.08000183105469 239.6300048828125 23.882492065429688 22.489841461181641 21.849344253540039 21.5511474609375 56943.2734375 38.454154968261719 32.213668823242188 21.346895217895508 102.98275756835938 griz 0 56939.53125 0.22676864266395569 -1.8977094888687134 0.18634119629859924 0.063135877251625061 0.028217809274792671 22.127103805541992 0.035604249686002731 2.530219717300497e-05 8.2972803738812217e-07 0.0015569142997264862 -7.8143401083252684e-08 -1.8760699660447244e-08 37 24.024877548217773 0.95079779624938965 0.66665959358215332
SN: 1302055 10 0 C2 3 0 54.594791000000001 -28.156172000000002 0.54382997751235962 0.0010000000474974513 0.54327499866485596 0.0010000000474974513 0.54327499866485596 0.001839803415350616 0 300 0 0 0.0097894053906202316 1 1 23876 -9 -9 0.5437999963760376 0.0010000000474974513 54.595236999999997 -28.156473999999999 1.7860000133514404 1.7170000076293945 -9 11.083999633789062 0.059999998658895493 -9999 -9999 -0.12300000339746475 9.8769998550415039 -11.154999732971191 9.8771648406982422 1.4359999895095825 -999 23.340000152587891 21.489999771118164 20.600000381469727 20.159999847412109 0.0099999997764825821 0 0 0 4.5999999046325684 19.659999847412109 45.459999084472656 55.939998626708984 25.843105316162109 24.266040802001953 23.355926513671875 23.130693435668945 56943.18359375 11.373820304870605 7.8013405799865723 7.5095481872558594 23.008132934570312 riz 0 56944.18359375 1.2371833324432373 -2.0834581851959229 0.69247162342071533 -0.086292140185832977 0.090933680534362793 23.466037750244141 0.08936937153339386 7.3719916144909803e-06 6.0680508795485366e-07 0.0091652795672416687 -1.7067407043214189e-07 -3.44386918982309e-08 35 30.403444290161133 0.68962281942367554 0.75169670581817627
SN: 1297580 10 0 C3 3 0 52.221072999999997 -28.735945000000001 0.63625997304916382 0.0010000000474974513 0.63561201095581055 0.0010000000474974513 0.63561201095581055 0.001918019144795835 0 300 0 0 0.0091566601768136024 1 1 27687 -9 -9 0.63630002737045288 0.0010000000474974513 52.221131 -28.735949000000002 0.18400000035762787 0.21199999749660492 -9 10.538999557495117 0.039000000804662704 -9999 -9999 0.21400000154972076 0.62099999189376831 -10.354000091552734 0.63155841827392578 1.3040000200271606 -999 24.680000305175781 22.989999771118164 21.959999084472656 21.459999084472656 0.019999999552965164 0 0 0 2.9500000476837158 14.960000038146973 37.830001831054688 57.029998779296875 26.325445175170898 24.562671661376953 23.555408477783203 23.1097412109375 56933.171875 22.887645721435547 22.199699401855469 10.700946807861328 60.634941101074219 riz 0 56933.1171875 0.40789332985877991 -1.1192824840545654 0.33227634429931641 -0.13765276968479156 0.044438078999519348 23.586786270141602 0.035753771662712097 6.5960693973465823e-06 2.1721147902553639e-07 0.0018583271885290742 -4.7274479442194206e-08 -3.5462133229913206e-09 37 35.289958953857422 0.54935753345489502 0.59138458967208862
SN: 1310073 10 0 S1 3 0 42.482501999999997 -0.87035499999999999 0.62818998098373413 0.0010000000474974513 0.62703198194503784 0.0010000000474974513 0.62703204154968262 0.0019106979016214609 0 300 0 0 0.051294222474098206 1 1 32082 -9 -9 0.6281999945640564 0.0010000000474974513 42.482531999999999 -0.87034999999999996 0.10999999940395355 0.23399999737739563 -9 8.5340003967285156 0.26399999856948853 -9999 -9999 0.57499998807907104 1.3899999856948853 -7.9010000228881836 1.4854884147644043 0.17100000381469727 -999 25.670000076293945 25.190000534057617 24.569999694824219 24.850000381469727 0.10000000149011612 0.079999998211860657 0.059999998658895493 0.10999999940395355 0.6600000262260437 2.190000057220459 2.9800000190734863 3.1099998950958252 27.5 26.648889541625977 26.314458847045898 26.268098831176758 56980.1953125 13.245279312133789 11.267331123352051 8.0247001647949219 33.737602233886719 riz 0 56976.29296875 0.87463915348052979 0.50612914562225342 0.61330443620681763 -0.070476420223712921 0.057949922978878021 23.262157440185547 0.053617753088474274 8.894822713045869e-06 4.3925993509219552e-07 0.0068298080004751682 -1.6473559583118913e-07 -7.6189428099837642e-09 42 34.239696502685547 0.79710507392883301 0.28922486305236816
SN: 1316465 10 1 C3 3 0 52.797485000000002 -27.959306999999999 0.32960999011993408 0.0010000000474974513 0.32908898591995239 0.0010000000474974513 0.32908892631530762 0.0016639817040413618 0 300 0 0 0.0072776735760271549 1 2 25348 -9 -9 0.3296000063419342 0.0010000000474974513 52.797434000000003 -27.958867999999999 1.5889999866485596 1.4459999799728394 -1.7817355394363403 9.116999626159668 0.018999999389052391 -9999 -9999 0.55000001192092896 0.12700000405311584 -8.5550003051757812 0.13440610468387604 0.46299999952316284 -999 23.760000228881836 22.969999313354492 22.639999389648438 22.370000839233398 0.0099999997764825821 0 0 0.0099999997764825821 2.0999999046325684 4.309999942779541 6.2600002288818359 6.440000057220459 26.694452285766602 25.913806915283203 25.508563995361328 25.477785110473633 57025.15625 95.113517761230469 71.905670166015625 68.984207153320312 272.64096069335938 griz 0 57021.53515625 0.1555999219417572 0.47268709540367126 0.14419814944267273 -0.0040076985023915768 0.01508018933236599 21.716064453125 0.01977662555873394 3.6946548789273947e-05 6.7297935402166331e-07 0.0006385451415553689 -5.7824824040153544e-08 -7.1918968558293273e-09 32 29.191112518310547 0.60944288969039917 0.15812766551971436
SN: 1291346 10 0 X1+X2 3 0 35.233829999999998 -5.4340149999999996 0.29875999689102173 0.0010000000474974513 0.29769998788833618 0.0010000000474974513 0.29769992828369141 0.0016389853553846478 0 300 0 0 0.022001082077622414 1 2 35746 -9 -9 0.29879999160766602 0.0010000000474974513 35.233311 -5.4334860000000003 2.6630001068115234 2.2109999656677246 -1.8381650447845459 9.9770002365112305 0.014999999664723873 -9999 -9999 1.1039999723434448 0.039999999105930328 -8.8450002670288086 0.069634757936000824 0.51899999380111694 -999 21.959999084472656 21.149999618530273 20.770000457763672 20.510000228881836 0 0 0 0 2.8399999141693115 11.829999923706055 15.350000381469727 19.309999465942383 26.366704940795898 24.817539215087891 24.53472900390625 24.285545349121094 56891.41015625 53.402126312255859 45.802902221679688 29.519245147705078 116.55274200439453 griz 0 56896.65625 0.30100134015083313 0.38268139958381653 0.23633790016174316 -0.003753583412617445 0.018951687961816788 21.325489044189453 0.026576805859804153 5.2942468755645677e-05 1.2959333162143594e-06 0.0013440983602777123 -1.8106490529135044e-07 -1.7432292054309073e-08 38 49.8887939453125 0.093809723854064941 0.1281726211309433
SN: 1300516 10 1 X1 3 0 34.546363999999997 -5.0101139999999997 0.31150999665260315 0.0010000000474974513 0.31042400002479553 0.0010000000474974513 0.31042397022247314 0.0016490914858877659 0 300 0 0 0.018464382737874985 1 1 34657 -9 -9 0.31150001287460327 0.0010000000474974513 34.546402 -5.0100819999999997 0.17700000107288361 0.23600000143051147 -9 9.7530002593994141 0.012000000104308128 -9999 -9999 0.12999999523162842 0.28799998760223389 -9.6239995956420898 0.29283612966537476 1.1319999694824219 -999 23.569999694824219 22.260000228881836 21.780000686645508 21.420000076293945 0.019999999552965164 0.0099999997764825821 0 0 9.0200004577636719 29.280000686645508 47.319999694824219 62.200000762939453 25.111984252929688 23.833572387695312 23.312387466430664 23.015523910522461 56949.1015625 43.381282806396484 39.541675567626953 36.35992431640625 126.48155212402344 griz 0 56949.4921875 0.24480098485946655 0.80725681781768799 0.20992854237556458 0.14913588762283325 0.017577279359102249 21.77739143371582 0.022583687677979469 3.4917513403343037e-05 7.2629632086318452e-07 0.00067375128855928779 -7.83977753826548e-08 -8.6075031546783976e-09 46 55.1806640625 0.16640123724937439 0.56527423858642578
SN: 1303496 10 1 C2 3 0 53.848208999999997 -29.591787 0.18020999431610107 0.0010000000474974513 0.17978200316429138 0.0010000000474974513 0.17978203296661377 0.0015471727820113301 0 300 0 0 0.010907814837992191 1 5 23612 -9 -9 0.18019999563694 0.0010000000474974513 53.848281999999998 -29.592043 0.94800001382827759 0.58099997043609619 -3.2467916011810303 10.416000366210938 0.012000000104308128 -9999 -9999 0.58600002527236938 0.16200000047683716 -9.8360004425048828 0.17108185589313507 1.281999945640564 -999 21.440000534057617 20.459999084472656 19.850000381469727 19.610000610351562 0 0 0 0 60.610000610351562 161.55000305175781 263.77999877929688 373.47000122070312 23.04364013671875 21.979232788085938 21.446895599365234 21.069360733032227 56963.2421875 93.472557067871094 88.735847473144531 64.388679504394531 237.17083740234375 griz 0 56966.33203125 0.15635105967521667 -0.0080797774717211723 0.17435905337333679 0.088844694197177887 0.0168954748660326 20.571283340454102 0.022750651463866234 0.00010604422277538106 2.2220638129510917e-06 0.00074431608663871884 -2.0991875260278903e-07 -2.8265244367275955e-08 33 20.957181930541992 0.9484139084815979 0.29616120457649231
SN: 1311394 10 0 E2 3 0 9.5723800000000008 -43.261539999999997 0.34389001131057739 0.0010000000474974513 0.3429110050201416 0.0010000000474974513 0.3429110050201416 0.0016750573413446546 0 300 0 0 0.0047236904501914978 1 2 29826 -9 -9 0.34389999508857727 0.0010000000474974513 9.5721520000000009 -43.261474 0.64399999380111694 0.57800000905990601 -3.0004208087921143 10.206999778747559 0.014999999664723873 -9999 -9999 1.3660000562667847 0.028999999165534973 -8.8290004730224609 0.041725292801856995 0.51399999856948853 -999 22 21.129999160766602 20.840000152587891 20.540000915527344 0.0099999997764825821 0 0 0 33.150001525878906 71.150001525878906 97.260002136230469 120.73000335693359 23.69879150390625 22.869562149047852 22.53016471862793 22.295461654663086 57002.0546875 54.059612274169922 41.356525421142578 40.365234375 133.06004333496094 griz 0 56998.6328125 0.2457154393196106 1.588057279586792 0.24496302008628845 0.11222436279058456 0.020888807252049446 21.741504669189453 0.027614252641797066 3.609092891565524e-05 9.1792469447682379e-07 0.0012055560946464539 -1.4396384528936323e-07 -1.28413146782691e-08 40 49.829574584960938 0.1371503621339798 0.64819031953811646
SN: 1302353 10 0 E2 3 0 10.275323999999999 -44.231727999999997 0.57305002212524414 0.0010000000474974513 0.57193398475646973 0.0010000000474974513 0.57193398475646973 0.0018639406189322472 0 300 0 0 0.0052305632270872593 1 3 30853 -9 -9 0.57309997081756592 0.0010000000474974513 10.275715999999999 -44.231574999999999 1.1510000228881836 1.3500000238418579 -2.6972582340240479 10.644000053405762 0.02500000037252903 -9999 -9999 0.460999995470047 0.24699999392032623 -10.194999694824219 0.29267388582229614 0.99400001764297485 -999 23.530000686645508 22.139999389648438 21.409999847412109 21.040000915527344 0.019999999552965164 0 0 0 5.0999999046325684 22.530000686645508 38.229999542236328 54.880001068115234 25.731075286865234 24.118097305297852 23.543989181518555 23.151464462280273 56956.015625 18.677141189575195 13.229406356811523 9.4738855361938477 41.398822784423828 riz 0 56953.58203125 0.61520117521286011 -0.12640582025051117 0.43894484639167786 -0.074526876211166382 0.052977330982685089 23.014987945556641 0.04473629966378212 1.1168751370860264e-05 4.6019337673897098e-07 0.0047352546826004982 -1.1900906571327141e-07 -1.2826155249001658e-08 34 32.387760162353516 0.54673361778259277 0.25197088718414307
SN: 1302188 10 0 C3 3 0 52.253093999999997 -27.181550999999999 0.34950000047683716 0.0010000000474974513 0.34895199537277222 0.0010000000474974513 0.34895205497741699 0.0016799108125269413 0 300 0 0 0.0091703059151768684 1 1 27117 -9 -9 0.34950000047683716 0.0010000000474974513 52.253183999999997 -27.181614 0.36700001358985901 0.43200001120567322 -9 8.7320003509521484 0.008999999612569809 -9999 -9999 -0.29600000381469727 0.046000000089406967 -9.0100002288818359 0.089693926274776459 0.004999999888241291 -999 24.030000686645508 23.25 23.090000152587891 22.829999923706055 0.0099999997764825821 0.0099999997764825821 0.0099999997764825821 0.0099999997764825821 5.6700000762939453 12.239999771118164 13.880000114440918 17.790000915527344 25.616043090820312 24.780546188354492 24.644025802612305 24.37455940246582 56963.265625 80.171310424804688 74.726425170898438 60.129959106445312 211.69915771484375 griz 0 56970.0078125 0.42521193623542786 1.994361400604248 0.26184824109077454 0.0051591116935014725 0.0186459980905056 21.709342956542969 0.032112549990415573 3.7176003388594836e-05 1.0995454431395046e-06 0.00051856046775355935 -1.706794137135148e-07 -1.2191808451689212e-08 25 47.447452545166016 0.0043405373580753803 0.66500949859619141
SN: 1291149 10 0 X2 3 0 35.334217000000002 -7.2576000000000001 0.23156000673770905 0.0010000000474974513 0.23056699335575104 0.0010000000474974513 0.23056697845458984 0.0015862900763750076 0 300 0 0 0.023243358358740807 1 1 36455 -9 -9 0.23160000145435333 0.0010000000474974513 35.334318000000003 -7.257593 0.3619999885559082 0.38400000333786011 -9 10.144000053405762 0.008999999612569809 -9999 -9999 0.94099998474121094 0.13500000536441803 -9.1960000991821289 0.13509255647659302 0.79900002479553223 -999 20.899999618530273 20.129999160766602 19.659999847412109 19.459999084472656 0 0 0 0 109.65000152587891 203.02000427246094 311.20999145507812 371.16000366210938 22.399978637695312 21.73115348815918 21.267366409301758 21.07609748840332 56960.23046875 11.717912673950195 9.395289421081543 5.8477606773376465 23.985969543457031 gri 0 56958.71875 0.93861806392669678 -0.49732878804206848 0.72996622323989868 -0.0866270512342453 0.063127301633358002 22.804695129394531 0.067237667739391327 1.3555703844758682e-05 8.394800943278824e-07 0.0059753730893135071 -3.4234250279041589e-07 -1.9426607877903734e-08 35 54.673831939697266 0.018211688846349716 0.3329598605632782
SN: 1314067 10 0 X3 3 0 36.691063 -4.8249060000000004 0.4347899854183197 0.0010000000474974513 0.43364900350570679 0.0010000000474974513 0.43364906311035156 0.0017487404402345419 0 300 0 0 0.020147843286395073 1 2 37889 -9 -9 0.43479999899864197 0.0010000000474974513 36.691127999999999 -4.8248420000000003 0.32800000905990601 0.36700001358985901 -4.4274907112121582 9.3520002365112305 0.017999999225139618 -9999 -9999 0.63700002431869507 0.47200000286102295 -8.6960000991821289 0.47977077960968018 0.13400000333786011 -999 23.379999160766602 22.530000686645508 22.290000915527344 22.120000839233398 0.0099999997764825821 0 0 0.0099999997764825821 10.560000419616699 24.079999923706055 30.489999771118164 33.590000152587891 24.940839767456055 24.045858383178711 23.789606094360352 23.684474945068359 57005.09375 100.14740753173828 61.824043273925781 34.133342742919922 198.13465881347656 riz 0 57006.74609375 0.28852808475494385 0.34818005561828613 0.21196788549423218 -0.087182991206645966 0.025766290724277496 22.173494338989258 0.028469806537032127 2.424387275823392e-05 6.3571462760592112e-07 0.00079307897249236703 -6.0686872416226834e-08 -1.2520409597982507e-08 24 11.569515228271484 0.98433703184127808 0.31292822957038879
SN: 1305946 10 0 X1 3 0 34.408313999999997 -5.2194370000000001 0.64800000190734863 0.0010000000474974513 0.64663302898406982 0.0010000000474974513 0.64663302898406982 0.001927438541315496 0 300 0 0 0.019307497888803482 1 1 34430 -9 -9 0.64800000190734863 0.0010000000474974513 34.408383999999998 -5.2193209999999999 0.4869999885559082 0.62300002574920654 -9 10.664999961853027 0.067000001668930054 -9999 -9999 -0.6940000057220459 9.305999755859375 -11.326999664306641 9.3070526123046875 1.3739999532699585 -999 24.649999618530273 22.879999160766602 21.879999160766602 21.389999389648438 0.05000000074505806 0.0099999997764825821 0.0099999997764825821 0 3.7100000381469727 17.770000457763672 46.240001678466797 66.540000915527344 26.076564788818359 24.375782012939453 23.337455749511719 22.942293167114258 56960.203125 8.6801414489746094 8.2479076385498047 4.7664217948913574 21.45026969909668 riz 0 56957.3359375 1.0729200839996338 -2.0734071731567383 0.72183907032012939 0.0031118842307478189 0.090801820158958435 23.669849395751953 0.070153504610061646 6.1102718973415904e-06 3.9480767100030789e-07 0.0087189283221960068 -1.45431357623238e-07 -1.2062686849390047e-08 45 42.007392883300781 0.59947311878204346 0.69121354818344116
SN: 1319667 10 0 C1 3 0 54.432254999999998 -26.696680000000001 0.67817997932434082 0.0010000000474974513 0.67755699157714844 0.0010000000474974513 0.67755699157714844 0.0019539585337042809 0 300 0 0 0.0096107879653573036 1 4 22316 -9 -9 0.67820000648498535 0.0010000000474974513 54.432259000000002 -26.696480999999999 0.7160000205039978 0.41899999976158142 -4.0382413864135742 10.807999610900879 0.035999998450279236 -9999 -9999 1.5080000162124634 0.24899999797344208 -9.3100004196166992 0.26580068469047546 0.65499997138977051 -999 22.989999771118164 22.059999465942383 21.510000228881836 21.329999923706055 0.0099999997764825821 0 0 0 14.920000076293945 33.650001525878906 59.369998931884766 63.919998168945312 24.565578460693359 23.682537078857422 23.066082000732422 22.985908508300781 57019.078125 9.6168642044067383 9.424560546875 9.0195808410644531 29.309720993041992 riz 0 57005.42578125 0.96023213863372803 0.80688321590423584 0.76499712467193604 0.18863746523857117 0.064981959760189056 23.578474044799805 0.066116809844970703 6.6467669057601597e-06 4.047604136303562e-07 0.015584234148263931 -2.372230625269367e-07 -1.4259968317276162e-08 41 45.046527862548828 0.3064015805721283 0.68389970064163208
SN: 1315806 10 0 C1 3 0 53.461903 -27.387539 0.69590002298355103 0.0010000000474974513 0.69524902105331421 0.0010000000474974513 0.69524908065795898 0.0019691889174282551 0 300 0 0 0.0073066563345491886 1 1 23385 -9 -9 0.69590002298355103 0.0010000000474974513 53.461860000000001 -27.387533000000001 0.13899999856948853 0.21299999952316284 -9 10.649999618530273 0.083999998867511749 -9999 -9999 -1.4939999580383301 8.5059995651245117 -12.131999969482422 8.5073404312133789 1.3380000591278076 -999 24.700000762939453 23.030000686645508 21.940000534057617 21.510000228881836 0.029999999329447746 0.0099999997764825821 0.0099999997764825821 0.0099999997764825821 3.1600000858306885 14.100000381469727 40.159999847412109 59 26.250782012939453 24.626953125 23.490516662597656 23.072870254516602 56992.140625 7.6918764114379883 6.2111434936523438 5.5697112083435059 20.894950866699219 riz 0 57001.6875 0.78306150436401367 -2.3438363075256348 0.75745785236358643 -0.26620584726333618 0.097115397453308105 23.722749710083008 0.085139773786067963 5.819691523356596e-06 4.5636059553544328e-07 0.021846072748303413 -2.2010465272614965e-07 -1.0147574336372145e-08 43 55.819705963134766 0.090907499194145203 1.1822823286056519
SN: 1309323 10 0 C2 3 0 54.588749 -28.808948999999998 0.48361998796463013 0.0010000000474974513 0.48309299349784851 0.0010000000474974513 0.4830930233001709 0.0017895532073453069 0 300 0 0 0.0099496785551309586 1 2 25257 -9 -9 0.48359999060630798 0.0010000000474974513 54.588726999999999 -28.809021999999999 0.27099999785423279 0.41100001335144043 -4.1008648872375488 9.2209997177124023 0.035999998450279236 -9999 -9999 0.93800002336502075 0.46500000357627869 -8.3030004501342773 0.48124942183494568 0.29300001263618469 -999 24.219999313354492 23.180000305175781 22.860000610351562 22.670000076293945 0.019999999552965164 0.0099999997764825821 0.0099999997764825821 0.0099999997764825821 4.4699997901916504 12.319999694824219 16.920000076293945 19.260000228881836 25.874231338500977 24.773473739624023 24.428998947143555 24.288358688354492 56992.125 16.810977935791016 11.361640930175781 10.406121253967285 44.170547485351562 riz 0 56989.8828125 0.49589985609054565 0.83533459901809692 0.45674282312393188 0.15403585135936737 0.046674095094203949 23.080148696899414 0.05289919301867485 1.0518181625229772e-05 5.1246638577140402e-07 0.0031150998547673225 -1.393559898588137e-07 -1.6056569407396637e-08 34 40.788066864013672 0.19663611054420471 0.58409363031387329
SN: 1310396 10 0 X2 3 0 35.060248999999999 -6.0529289999999998 0.32357999682426453 0.0010000000474974513 0.32249999046325684 0.0010000000474974513 0.32249999046325684 0.001658716588281095 0 300 0 0 0.021220292896032333 1 1 -8485 -9 -9 0.32359999418258667 0.0010000000474974513 35.060161999999998 -6.0529019999999996 0.32800000905990601 0.33799999952316284 -9 9.3000001907348633 0.027000000700354576 -9999 -9999 0.7279999852180481 0.27700001001358032 -8.5710000991821289 0.28130054473876953 0.31999999284744263 -999 23.200000762939453 22.399999618530273 22.139999389648438 21.909999847412109 0.0099999997764825821 0.0099999997764825821 0.0099999997764825821 0.0099999997764825821 13.960000038146973 24.739999771118164 32.369998931884766 41.639999389648438 24.637786865234375 24.016500473022461 23.724643707275391 23.451223373413086 56990.0703125 59.594673156738281 48.2001953125 34.402980804443359 137.20738220214844 griz 0 56990.1796875 0.20836129784584045 0.30699175596237183 0.19588324427604675 -0.14761272072792053 0.016440447419881821 21.470066070556641 0.021938847377896309 4.634186188923195e-05 9.3640335308009526e-07 0.00074014969868585467 -1.1023945489796461e-07 -8.6365439244673325e-09 52 58.120460510253906 0.26013660430908203 0.50257068872451782
SN: 1295550 10 0 C3 3 0 52.003124 -28.844362 0.87344998121261597 0.0010000000474974513 0.87270200252532959 0.0010000000474974513 0.87270200252532959 0.0021240748465061188 0 300 0 0 0.0071649481542408466 1 1 27592 -9 -9 0.87339997291564941 0.0010000000474974513 52.003433000000001 -28.844429999999999 1.0060000419616699 0.97200000286102295 -9 9.9049997329711914 0.0020000000949949026 -9999 -9999 1.3389999866485596 0 -8.5719995498657227 0 -0.064999997615814209 -999 23.670000076293945 22.790000915527344 21.829999923706055 21.329999923706055 0.0099999997764825821 0 0 0 6.25 14.600000381469727 34.580001831054688 51 25.510299682617188 24.589117050170898 23.652936935424805 23.231075286865234 56903.26171875 8.4455900192260742 7.2084970474243164 -99 17.929798126220703 iz 0 56910.75 1.9208430051803589 -1.4842510223388672 0.89268767833709717 0.20409843325614929 0.20789945125579834 24.715312957763672 0.1031126081943512 2.3327875169343315e-06 2.2154534917717683e-07 0.037815995514392853 -7.8861880581371224e-08 -2.0657415333857898e-08 26 13.105103492736816 0.98301410675048828 0.84120398759841919
SN: 1293275 10 0 X2 3 0 36.095103999999999 -6.3151120000000001 0.30283001065254211 0.0010000000474974513 0.30178898572921753 0.0010000000474974513 0.3017890453338623 0.0016422292683273554 0 300 0 0 0.026739800348877907 1 1 36632 -9 -9 0.30279999971389771 0.0010000000474974513 36.095109999999998 -6.3153689999999996 0.92500001192092896 0.99500000476837158 -9 8.6180000305175781 0.045000001788139343 -9999 -9999 0.3449999988079071 0.45199999213218689 -8.2569999694824219 0.46843674778938293 0.028999999165534973 -999 24.059999465942383 23.340000152587891 23.139999389648438 22.959999084472656 0.019999999552965164 0.0099999997764825821 0.019999999552965164 0.019999999552965164 4.070000171661377 7.1399998664855957 8.2899999618530273 10.109999656677246 25.97601318359375 25.365755081176758 25.20361328125 24.988122940063477 56904.2265625 8.3780984878540039 7.3941869735717773 6.3157596588134766 25.545814514160156 griz 0 56901.140625 0.61183756589889526 -0.75029021501541138 0.61299210786819458 0.14681991934776306 0.075837567448616028 23.098062515258789 0.10956013202667236 1.0346054295951035e-05 1.0440060123073636e-06 0.01245157141238451 -3.3302177371297148e-07 -5.2681784268315823e-08 40 56.400417327880859 0.044354263693094254 0.54960024356842041
SN: 1306073 10 1 X3 3 0 36.850642999999998 -3.749355 0.32964000105857849 0.0010000000474974513 0.32858100533485413 0.0010000000474974513 0.32858097553253174 0.0016635754145681858 0 300 0 0 0.024253269657492638 1 1 37919 -9 -9 0.3296000063419342 0.0010000000474974513 36.850568000000003 -3.7492209999999999 0.55199998617172241 0.64800000190734863 -9 10.475000381469727 0.020999999716877937 -9999 -9999 -3.0239999294281006 6.9759998321533203 -13.480999946594238 6.9799909591674805 1.375 -999 22.670000076293945 21.159999847412109 20.489999771118164 20.299999237060547 0 0 0 0 19.069999694824219 69.510002136230469 107.12999725341797 136.27000427246094 24.299123764038086 22.894882202148438 22.425222396850586 22.163999557495117 56973.05078125 85.920097351074219 55.412662506103516 49.330406188964844 179.631591796875 griz 0 56972.3203125 0.26431137323379517 -1.210053563117981 0.17043536901473999 -0.0084243994206190109 0.018574323505163193 21.93018913269043 0.022723384201526642 3.0333603717735969e-05 6.3485231294180267e-07 0.00082775973714888096 -4.8683059361565029e-08 -7.8759949673212759e-09 35 13.363419532775879 0.99964815378189087 0.40432751178741455
SN: 1292033 10 0 S1 3 0 43.268462999999997 0.069685999999999998 0.32565000653266907 0.0010000000474974513 0.32472199201583862 0.0010000000474974513 0.3247220516204834 0.0016604912234470248 0 300 0 0 0.056921649724245071 1 1 31217 -9 -9 0.32570001482963562 0.0010000000474974513 43.268472000000003 0.069768999999999998 0.30000001192092896 0.33300000429153442 -9 9.0799999237060547 0.032999999821186066 -9999 -9999 0.69199997186660767 1.1670000553131104 -8.300999641418457 1.1680706739425659 0.44499999284744263 -999 24.129999160766602 23.219999313354492 22.940000534057617 22.649999618530273 0.019999999552965164 0.0099999997764825821 0.0099999997764825821 0.0099999997764825821 5.7100000381469727 12.010000228881836 16.079999923706055 22.219999313354492 25.608409881591797 24.801141738891602 24.484285354614258 24.133140563964844 56903.3984375 22.635776519775391 19.133705139160156 13.557025909423828 54.126739501953125 griz 0 56897.85546875 0.46863192319869995 0.19481810927391052 0.34637382626533508 -0.031088870018720627 0.025440538302063942 21.795852661132812 0.038420882076025009 3.432882294873707e-05 1.2147920642746612e-06 0.0015604653162881732 -2.6223506210953929e-07 -1.7113080730268848e-08 27 29.161725997924805 0.35310089588165283 0.1222955733537674
SN: 1289913 10 0 E1 3 0 7.2606019999999996 -43.297806000000001 0.38598001003265381 0.0010000000474974513 0.38495400547981262 0.0010000000474974513 0.38495397567749023 0.001708993106149137 0 300 0 0 0.0050615272484719753 1 1 28383 -9 -9 0.38600000739097595 0.0010000000474974513 7.260866 -43.297601999999998 1.0089999437332153 1.4149999618530273 -9 9.8850002288818359 0.028999999165534973 -9999 -9999 -0.071999996900558472 0.30500000715255737 -9.9600000381469727 0.31857338547706604 1.3639999628067017 -999 24.620000839233398 23.100000381469727 22.479999542236328 22.040000915527344 0.039999999105930328 0.0099999997764825821 0.0099999997764825821 0.0099999997764825821 2.380000114440918 10.260000228881836 17.610000610351562 27.719999313354492 26.558557510375977 24.972131729125977 24.385601043701172 23.893016815185547 56877.1796875 35.656726837158203 24.45294189453125 23.313142776489258 71.326675415039062 riz 0 56879.7734375 1.3792245388031006 0.53545123338699341 0.37344825267791748 0.015105328522622585 0.035074934363365173 21.690158843994141 0.057432278990745544 3.7838741263840348e-05 2.0015590962429997e-06 0.00060645909979939461 -7.1970163162404788e-08 -4.1435178843585163e-08 20 25.089469909667969 0.19802962243556976 0.18544992804527283
SN: 1318460 10 0 S2 3 0 41.573971 -0.67066899999999996 0.3670400083065033 0.0010000000474974513 0.36604499816894531 0.0010000000474974513 0.36604499816894531 0.0016936851898208261 0 300 0 0 0.028821371495723724 1 3 33377 -9 -9 0.36700001358985901 0.0010000000474974513 41.573905000000003 -0.670686 0.24500000476837158 0.38299998641014099 -4.3669352531433105 8.7270002365112305 0.027000000700354576 -9999 -9999 -0.49300000071525574 0.36000001430511475 -9.2309999465942383 0.37181851267814636 0.2370000034570694 -999 24.620000839233398 23.610000610351562 23.440000534057617 23.389999389648438 0.039999999105930328 0.019999999552965164 0.019999999552965164 0.029999999329447746 3.380000114440918 7.1399998664855957 10.069999694824219 10.449999809265137 26.177707672119141 25.365755081176758 24.992425918579102 24.95220947265625 57029.0703125 41.937149047851562 29.612443923950195 24.191120147705078 81.781074523925781 griz 0 57020.6171875 0.27249082922935486 0.040605731308460236 0.34999507665634155 0.053445950150489807 0.026620995253324509 22.008207321166992 0.038596983999013901 2.8230397219886072e-05 1.0035662398877321e-06 0.0047858972102403641 -2.6511432338338636e-07 -1.9827986363907257e-08 25 33.947345733642578 0.10903812944889069 0.17866657674312592
SN: 1321973 10 0 X1 3 0 34.41375 -4.2157689999999999 0.37156999111175537 0.0010000000474974513 0.37042701244354248 0.0010000000474974513 0.37042701244354248 0.0016972263110801578 0 300 0 0 0.019449641928076744 1 2 35176 -9 -9 0.37160000205039978 0.0010000000474974513 34.413620000000002 -4.2156440000000002 0.64800000190734863 0.4699999988079071 -4.1397337913513184 10.960000038146973 0.046999998390674591 -9999 -9999 0.52100002765655518 0.44699999690055847 -10.47599983215332 0.49218389391899109 1.2760000228881836 -999 22.440000534057617 20.75 20.069999694824219 19.739999771118164 0.0099999997764825821 0 0 0 25.159999847412109 114.55999755859375 192 273.17999267578125 23.998224258422852 22.3524169921875 21.791748046875 21.408878326416016 57030.109375 18.253269195556641 14.11469841003418 11.633670806884766 46.479053497314453 griz 0 57026.86328125 0.011437436565756798 -1.4991084337234497 0.46967059373855591 -0.00048250830150209367 0.03869987279176712 22.102266311645508 0.05203474685549736 2.5887697120197117e-05 1.2406878795445664e-06 0.0079640978947281837 -3.4659700531847193e-07 -3.079667720840007e-08 27 18.794443130493164 0.87736999988555908 0.49970540404319763
SN: 1291783 10 0 E2 3 0 8.8560140000000001 -43.791721000000003 0.39921998977661133 0.0010000000474974513 0.39820700883865356 0.0010000000474974513 0.39820694923400879 0.0017197651322931051 0 300 0 0 0.0066452305763959885 1 1 29433 -9 -9 0.39919999241828918 0.0010000000474974513 8.8561759999999996 -43.791504000000003 0.88599997758865356 0.8190000057220459 -9 10.222999572753906 0.017999999225139618 -9999 -9999 0.57200002670288086 0.2630000114440918 -9.6510000228881836 0.26682204008102417 0.73199999332427979 -999 22.760000228881836 21.649999618530273 21.190000534057617 20.860000610351562 0.0099999997764825821 0 0 0 14.430000305175781 43.080001831054688 64.849998474121094 80.769996643066406 24.601833343505859 23.414310455322266 22.970226287841797 22.731874465942383 56903.125 11.865557670593262 10.016911506652832 6.6911897659301758 35.340850830078125 riz 0 56902.98046875 0.43963789939880371 -0.71338367462158203 0.44077837467193604 -0.016410576179623604 0.064527645707130432 22.469940185546875 0.08799879252910614 1.8451160940458067e-05 1.4954645166653791e-06 0.011811540462076664 -4.9345436536896159e-07 -8.139067375623199e-08 31 16.96595573425293 0.98069620132446289 0.2440052330493927
SN: 1295024 10 0 X2 3 0 35.051903000000003 -7.0499359999999998 0.33493998646736145 0.0010000000474974513 0.33385598659515381 0.0010000000474974513 0.33385598659515381 0.0016677968669682741 0 300 0 0 0.020156845450401306 1 1 36398 -9 -9 0.33489999175071716 0.0010000000474974513 35.051786 -7.0499850000000004 0.45199999213218689 0.44800001382827759 -9 10.340000152587891 0.014000000432133675 -9999 -9999 0.91299998760223389 0.36000001430511475 -9.4139995574951172 0.36141940951347351 0.97299998998641968 -999 22.520000457763672 21.379999160766602 20.909999847412109 20.549999237060547 0.0099999997764825821 0 0 0 25 65.930000305175781 104.93000030517578 141.21000671386719 24.005149841308594 22.952293395996094 22.447750091552734 22.125335693359375 56915.296875 13.791239738464355 12.264908790588379 9.2849607467651367 42.825096130371094 griz 0 56911.36328125 0.50954616069793701 -0.51380681991577148 0.45184460282325745 0.054574895650148392 0.043092615902423859 22.305940628051758 0.063042595982551575 2.1459707568283193e-05 1.2460445759643335e-06 0.0096942055970430374 -3.7483803794202686e-07 -4.2754173534831352e-08 40 33.247165679931641 0.76623356342315674 0.24985314905643463
SN: 1324582 10 0 C2 3 0 53.309258 -29.190933000000001 0.3823699951171875 0.0010000000474974513 0.38185200095176697 0.0010000000474974513 0.38185203075408936 0.0017064769053831697 0 300 0 0 0.0076771117746829987 1 2 24380 -9 -9 0.38240000605583191 0.0010000000474974513 53.308874000000003 -29.191102000000001 1.3519999980926514 1.2300000190734863 -2.7662422657012939 11.064000129699707 0.0099999997764825821 -9999 -9999 -10 0 -21.066999435424805 0.31999999284744263 1.6840000152587891 -999 22.930000305175781 21.069999694824219 20.399999618530273 20.030000686645508 0.0099999997764825821 0 0 0 8.5299997329711914 44.360000610351562 78.819999694824219 102.44000244140625 25.172626495361328 23.38252067565918 22.758407592773438 22.473825454711914 57044.171875 33.060981750488281 18.475851058959961 12.34801197052002 60.919410705566406 riz 0 57043.9765625 0.46927380561828613 -1.3513152599334717 0.4193081259727478 -0.1105705127120018 0.045284546911716461 22.163936614990234 0.04193912073969841 2.4458229745505378e-05 9.4475683454220416e-07 0.0028982369694858789 -1.2725391229650995e-07 -3.3433380508540722e-08 20 11.161957740783691 0.94191378355026245 0.58201152086257935
SN: 1294340 10 0 S2 3 0 41.643935999999997 -1.2957339999999999 0.3618600070476532 0.0010000000474974513 0.3608730137348175 0.0010000000474974513 0.36087298393249512 0.0016895108856260777 0 300 0 0 0.031019963324069977 1 2 32763 -9 -9 0.36190000176429749 0.0010000000474974513 41.643571999999999 -1.29558 1.4240000247955322 1.4190000295639038 -2.1340229511260986 9.866999626159668 0.017000000923871994 -9999 -9999 1.4839999675750732 0.037000000476837158 -8.3529996871948242 0.06545991450548172 0.2669999897480011 -999 21.639999389648438 20.979999542236328 20.819999694824219 20.469999313354492 0 0 0 0 21.420000076293945 32.680000305175781 44.25 77.980003356933594 24.172950744628906 23.71429443359375 23.385215759277344 22.770042419433594 56915.265625 16.589183807373047 16.356508255004883 13.953261375427246 52.325046539306641 griz 0 56910.49609375 0.37876182794570923 -0.55052107572555542 0.3321702778339386 0.0053159017115831375 0.030609475448727608 21.946054458618164 0.04524664580821991 2.9893579267081805e-05 1.245776047653635e-06 0.0039337761700153351 -2.853675766800734e-07 -2.5249413226902107e-08 39 40.267826080322266 0.41394791007041931 0.1843605637550354
SN: 1304362 10 0 E2 3 0 9.3647460000000002 -44.240326000000003 0.76302999258041382 0.0010000000474974513 0.76177102327346802 0.0010000000474974513 0.76177096366882324 0.0020268149673938751 0 300 0 0 0.0060370159335434437 1 2 29746 -9 -9 0.7630000114440918 0.0010000000474974513 9.3648600000000002 -44.240420999999998 0.45100000500679016 0.57099997997283936 -3.8814609050750732 10.953000068664551 0.037000000476837158 -9999 -9999 -1.0499999523162842 3.4479999542236328 -12.034000396728516 3.4497542381286621 1.465999960899353 -999 24.770000457763672 22.719999313354492 21.469999313354492 20.979999542236328 0.05000000074505806 0.0099999997764825821 0 0 2.8599998950958252 17.780000686645508 59.369998931884766 89.30999755859375 26.359085083007812 24.37516975402832 23.066082000732422 22.622749328613281 56949.03125 7.2341160774230957 6.6232223510742188 4.1091551780700684 18.872922897338867 riz 0 56951.9921875 1.303971529006958 -0.69568902254104614 0.93753319978713989 0.01583516038954258 0.10598935186862946 23.915971755981445 0.081451877951622009 4.8709266593505163e-06 3.6541669601319882e-07 0.027116337791085243 -1.8381440725079301e-07 -5.4010191874453994e-09 39 26.033237457275391 0.94457477331161499 0.23782777786254883
SN: 1310182 10 0 S2 3 0 41.571674000000002 -0.72799999999999998 0.49720001220703125 0.0010000000474974513 0.49611100554466248 0.0010000000474974513 0.49611103534698486 0.001800370984710753 0 300 0 0 0.027001580223441124 1 1 -10703 -9 -9 0.49720001220703125 0.0010000000474974513 41.571734999999997 -0.72804800000000003 0.2800000011920929 0.46700000762939453 -9 9.8760004043579102 0.024000000208616257 -9999 -9999 0.24699999392032623 2.9630000591278076 -9.6499996185302734 2.966644287109375 1.0920000076293945 -999 24.459999084472656 22.670000076293945 22.200000762939453 21.930000305175781 0.039999999105930328 0.0099999997764825821 0.0099999997764825821 0.0099999997764825821 4.059999942779541 18.819999694824219 31.020000457763672 40.020000457763672 25.97868537902832 24.313451766967773 23.770895004272461 23.494308471679688 56990.18359375 25.453117370605469 13.382925987243652 11.978593826293945 55.545436859130859 riz 0 56987.3359375 0.44984614849090576 -0.4738612174987793 0.37012529373168945 -0.0093365013599395752 0.039384707808494568 22.64427375793457 0.0388215072453022 1.5714133041910827e-05 5.6187343489000341e-07 0.00027140221209265292 -1.0713875298051789e-07 -1.2365735990726989e-08 37 35.287105560302734 0.54949289560317993 0.16099050641059875
SN: 1325191 10 0 C3 3 0 52.25911 -27.324074 0.79882997274398804 0.0010000000474974513 0.79810100793838501 0.0010000000474974513 0.79810094833374023 0.0020585146266967058 0 300 0 0 0.0067726965062320232 1 1 -12010 -9 -9 0.79879999160766602 0.0010000000474974513 52.259134000000003 -27.324092 0.10199999809265137 0.14800000190734863 -9 10.576999664306641 0.014000000432133675 -9999 -9999 -2.3499999046325684 6.9200000762939453 -12.89799976348877 6.920008659362793 1.5190000534057617 -999 26 24.040000915527344 22.709999084472656 22.110000610351562 0.059999998658895493 0.0099999997764825821 0.0099999997764825821 0.0099999997764825821 0.61000001430511475 5.619999885559082 19.319999694824219 33.25 27.5 25.625659942626953 24.284982681274414 23.695520401000977 57040.125 12.19356632232666 11.076031684875488 10.231023788452148 28.495794296264648 riz 0 57039.62890625 1.0725762844085693 -2.1372127532958984 0.95027029514312744 0.024738289415836334 0.067577347159385681 24.425619125366211 0.054064527153968811 3.0461574169748928e-06 1.5168423317390989e-07 0.0077458126470446587 -6.9662938528836094e-08 -3.0809221840399914e-10 18 22.144269943237305 0.22564296424388885 0.71716082096099854
SN: 1312897 10 0 X3 3 0 35.710095000000003 -4.4235160000000002 0.28683000802993774 0.0010000000474974513 0.28578498959541321 0.0010000000474974513 0.28578495979309082 0.0016295550158247352 0 300 0 0 0.022948736324906349 1 1 38188 -9 -9 0.28679999709129333 0.0010000000474974513 35.710203 -4.4235670000000002 0.43000000715255737 0.30000001192092896 -9 10.546999931335449 0.016000000759959221 -9999 -9999 0.51700001955032349 0.032000001519918442 -9.9829998016357422 0.052009616047143936 1.3839999437332153 -999 22.670000076293945 21.479999542236328 20.600000381469727 20.229999542236328 0 0 0 0 18.020000457763672 63.759998321533203 112.15000152587891 151.3699951171875 24.360612869262695 22.988628387451172 22.37550163269043 22.049900054931641 57001.07421875 91.319313049316406 54.280372619628906 42.407466888427734 184.92822265625 griz 0 56994.83984375 0.17280453443527222 -0.94174230098724365 0.17339779436588287 0.21924667060375214 0.019250348210334778 22.088052749633789 0.024284154176712036 2.6228817660012282e-05 5.8664772950578481e-07 0.00093422562349587679 -5.1560675728978822e-08 -8.9716429840791534e-09 35 35.128154754638672 0.46213233470916748 0.79538863897323608
SN: 1310304 10 0 X1 3 0 34.108863999999997 -5.0402570000000004 0.67019999027252197 0.0010000000474974513 0.66880601644515991 0.0010000000474974513 0.66880607604980469 0.0019464405486360192 0 300 0 0 0.019229231402277946 1 4 35582 -9 -9 0.67019999027252197 0.0010000000474974513 34.108905999999998 -5.0403359999999999 0.32199999690055847 0.37700000405311584 -3.7422423362731934 10.887999534606934 0.05299999937415123 -9999 -9999 0.050999999046325684 10.050999641418457 -10.781000137329102 10.051527976989746 1.5570000410079956 -999 24.700000762939453 22.819999694824219 21.719999313354492 21.180000305175781 0.05000000074505806 0.0099999997764825821 0 0 2.8499999046325684 17.120000839233398 48.090000152587891 75.269996643066406 26.362888336181641 24.416240692138672 23.294862747192383 22.808444976806641 56987.0625 13.164643287658691 8.0179910659790039 5.6162490844726562 27.064613342285156 riz 0 56985.2578125 1.034126877784729 0.1072300523519516 0.78236770629882812 -0.092747829854488373 0.06674937903881073 23.501981735229492 0.062051013112068176 7.131930033210665e-06 4.0759761077424628e-07 0.0060592838563024998 -2.2089031403993431e-07 -1.664938520384851e-09 39 39.269233703613281 0.45781189203262329 0.31121879816055298
SN: 1311590 10 0 X1 3 0 34.435017000000002 -4.4156240000000002 0.56040000915527344 0.0010000000474974513 0.55910098552703857 0.0010000000474974513 0.55910098552703857 0.0018531163223087788 0 300 0 0 0.018272241577506065 1 1 35497 -9 -9 0.56040000915527344 0.0010000000474974513 34.434868999999999 -4.4156190000000004 0.53100001811981201 0.68199998140335083 -9 9.805999755859375 0.028999999165534973 -9999 -9999 0.10100000351667404 0.065999999642372131 -9.7049999237060547 0.1044844463467598 0.57200002670288086 -999 24.100000381469727 23.069999694824219 22.649999618530273 22.399999618530273 0.029999999329447746 0.0099999997764825821 0.0099999997764825821 0.0099999997764825821 6.3600001335144043 13.970000267028809 19.319999694824219 24.479999542236328 25.491357803344727 24.637008666992188 24.284982681274414 24.027971267700195 56987.05859375 17.540143966674805 12.505673408508301 9.1770896911621094 46.385383605957031 riz 0 56991.53515625 0.55573838949203491 1.1057994365692139 0.53572940826416016 -0.028173321858048439 0.047648034989833832 22.896984100341797 0.050492465496063232 1.2451052498363424e-05 5.7903969263861654e-07 0.0053231990896165371 -2.297481103141763e-07 -1.4425116212635203e-08 39 41.689708709716797 0.35458511114120483 0.38037493824958801
SN: 1312821 10 0 C1 3 0 54.080181000000003 -26.989930999999999 0.66183000802993774 0.0010000000474974513 0.66120600700378418 0.0010000000474974513 0.66120600700378418 0.0019399197772145271 0 300 0 0 0.0084596592932939529 1 1 23180 -9 -9 0.66180002689361572 0.0010000000474974513 54.080195000000003 -26.989813000000002 0.42699998617172241 0.62099999189376831 -9 9.5229997634887695 0.071000002324581146 -9999 -9999 -0.043999999761581421 0.05299999937415123 -9.5950002670288086 0.22143621742725372 0.45899999141693115 -999 24.879999160766602 23.940000534057617 23.440000534057617 23.120000839233398 0.039999999105930328 0.019999999552965164 0.019999999552965164 0.019999999552965164 2.4500000476837158 5.5999999046325684 9.8599996566772461 12.220000267028809 26.527084350585938 25.62952995300293 25.015308380126953 24.782321929931641 56992.140625 9.1450586318969727 8.0784673690795898 5.6585960388183594 27.409080505371094 riz 0 56991.17578125 1.0836635828018188 2.7092971801757812 0.93786978721618652 -0.007373386062681675 0.064969539642333984 23.795305252075195 0.076183415949344635 5.4434967751149088e-06 3.81956681394513e-07 0.01440818328410387 -2.8785103722839267e-07 -8.0624769083215142e-09 46 42.974422454833984 0.59973806142807007 0.90343344211578369
SN: 1303197 10 0 X3 3 0 37.205123999999998 -4.3087540000000004 0.52682000398635864 0.0010000000474974513 0.52561599016189575 0.0010000000474974513 0.52561593055725098 0.001824995968490839 0 300 0 0 0.023291537538170815 1 2 38440 -9 -9 0.52679997682571411 0.0010000000474974513 37.205171999999997 -4.308662 0.37299999594688416 0.30099999904632568 -4.3522806167602539 10.946999549865723 0.012000000104308128 -9999 -9999 -1.8580000400543213 8.1420001983642578 -12.791999816894531 8.1433820724487305 1.378000020980835 -999 23.549999237060547 21.870000839233398 20.940000534057617 20.670000076293945 0.0099999997764825821 0 0 0 8.880000114440918 47.479999542236328 85.160003662109375 116.37999725341797 25.12896728515625 23.308723449707031 22.674411773681641 22.335304260253906 56949.1328125 40.678665161132812 24.376169204711914 20.004999160766602 82.551719665527344 riz 0 56953.79296875 0.3319966197013855 -0.7486075758934021 0.22833500802516937 -0.038465734571218491 0.031144527718424797 22.828100204467773 0.031649421900510788 1.3266598216432612e-05 3.8672393998240295e-07 0.00083401234587654471 -4.5461121089829248e-08 -7.8451654061950649e-09 38 34.107578277587891 0.65005946159362793 0.28054997324943542
SN: 1319776 10 0 C1 3 0 54.931975999999999 -26.508509 0.66039997339248657 0.0010000000474974513 0.65979599952697754 0.0010000000474974513 0.65979599952697754 0.0019387108040973544 0 300 0 0 0.011903104372322559 1 5 23246 -9 -9 0.66039997339248657 0.0010000000474974513 54.932149000000003 -26.508445999999999 0.6029999852180481 0.69800001382827759 -2.9842555522918701 10.237000465393066 0.013000000268220901 -9999 -9999 0.54699999094009399 0.02199999988079071 -9.6780004501342773 0.049193494021892548 0.5559999942779541 -999 23.799999237060547 22.790000915527344 22.200000762939453 21.969999313354492 0.019999999552965164 0.0099999997764825821 0.0099999997764825821 0.0099999997764825821 7.190000057220459 18.219999313354492 31.659999847412109 37.180000305175781 25.358177185058594 24.348628997802734 23.748722076416016 23.574226379394531 57019.078125 8.371821403503418 7.1901259422302246 7.104827880859375 22.884557723999023 riz 0 57013.43359375 1.4599542617797852 -0.18329973518848419 0.92476022243499756 0.22632786631584167 0.079632848501205444 23.915695190429688 0.067996300756931305 4.8721672101237345e-06 3.0512876492139185e-07 0.0030614587012678385 -1.3548194033319305e-07 -1.0696769692231101e-08 40 27.104682922363281 0.94034260511398315 0.75689631700515747
SN: 1321261 10 0 X1 3 0 34.119239999999998 -5.0767280000000001 0.590690016746521 0.0010000000474974513 0.58936202526092529 0.0010000000474974513 0.58936202526092529 0.0018786812433972955 0 300 0 0 0.019429584965109825 1 1 35425 -9 -9 0.59069997072219849 0.0010000000474974513 34.119067999999999 -5.0767119999999997 0.61799997091293335 0.80800002813339233 -9 9.4680004119873047 0.023000000044703484 -9999 -9999 1.2680000066757202 0.30199998617172241 -8.1979999542236328 0.30714815855026245 0.093999996781349182 -999 23.610000610351562 22.770000457763672 22.430000305175781 22.329999923706055 0.019999999552965164 0.0099999997764825821 0.0099999997764825821 0.0099999997764825821 8.2399997711181641 16.639999389648438 24.239999771118164 26.139999389648438 25.210182189941406 24.447116851806641 24.038669586181641 23.956735610961914 57037.09375 16.351696014404297 12.764936447143555 10.812273979187012 38.895355224609375 riz 0 57031.84375 0.94994336366653442 2.2255196571350098 0.85556352138519287 0.15030530095100403 0.056547380983829498 23.023174285888672 0.061714146286249161 1.108485503209522e-05 6.3007234984979732e-07 0.016403622925281525 -3.9217133007696248e-07 -2.1907672120846655e-08 19 12.114016532897949 0.88069409132003784 0.89517879486083984
SN: 1304779 10 0 C2 3 0 53.524138999999998 -29.544495000000001 0.56050002574920654 0.0010000000474974513 0.55992501974105835 0.0010000000474974513 0.55992507934570312 0.0018538106232881546 0 300 0 0 0.010680729523301125 2 3 25172 -9 -9 0.56050002574920654 0.0010000000474974513 53.524357000000002 -29.544713000000002 1.0399999618530273 1.125 -1.4088220596313477 10.394000053405762 0.014999999664723873 -9999 -9999 0.56499999761581421 0.019999999552965164 -9.8350000381469727 0.048332184553146362 0.65700000524520874 -999 23.510000228881836 22.290000915527344 21.709999084472656 21.340000152587891 0.0099999997764825821 0.0099999997764825821 0 0 8.4200000762939453 26.930000305175781 44.75 59.569999694824219 25.18671989440918 23.924409866333008 23.373016357421875 23.062431335449219 56973.171875 18.561077117919922 14.944679260253906 10.247758865356445 42.258945465087891 riz 0 56970.5390625 0.56065225601196289 -0.47184905409812927 0.45823204517364502 -0.10832793265581131 0.049762330949306488 22.908252716064453 0.045989152044057846 1.2322508155193646e-05 5.2195156285961275e-07 0.0042418683879077435 -1.5187063695520919e-07 -1.38260052295891e-08 40 40.005146026611328 0.47002869844436646 0.39386060833930969
SN: 1313434 10 0 E2 3 0 9.8946740000000002 -43.140526000000001 0.69194000959396362 0.0010000000474974513 0.69070702791213989 0.0010000000474974513 0.69070696830749512 0.0019652750343084335 0 300 0 0 0.0087088746950030327 1 2 30756 -9 -9 0.69190001487731934 0.0010000000474974513 9.8949390000000008 -43.140821000000003 1.2699999809265137 1.6829999685287476 -1.5955079793930054 9.8400001525878906 0.065999999642372131 -9999 -9999 0.18199999630451202 0.082000002264976501 -9.7049999237060547 0.2032732218503952 0.5559999942779541 -999 24.559999465942383 23.579999923706055 22.969999313354492 22.700000762939453 0.039999999105930328 0.019999999552965164 0.0099999997764825821 0.019999999552965164 2.5099999904632568 4.5799999237060547 9.3199996948242188 8.4099998474121094 26.500816345214844 25.847835540771484 25.076459884643555 25.188009262084961 57002.05859375 16.11863899230957 11.661274909973145 7.8339767456054688 33.038017272949219 riz 0 57003.5703125 0.84446841478347778 0.43435773253440857 0.69222664833068848 -0.10756208002567291 0.059095647186040878 23.454771041870117 0.05466683954000473 7.4488898462732323e-06 3.750517691969435e-07 0.013309275731444359 -1.9005830154128489e-07 -4.6858787960957216e-09 30 25.889652252197266 0.68075191974639893 0.38667050004005432
SN: 1311001 10 0 C3 3 0 52.423546000000002 -28.055478999999998 0.63159000873565674 0.0010000000474974513 0.63094198703765869 0.0010000000474974513 0.63094198703765869 0.0019140328513458371 0 300 0 0 0.0063934074714779854 1 1 25794 -9 -9 0.631600022315979 0.0010000000474974513 52.424263000000003 -28.055547000000001 2.2929999828338623 1.9700000286102295 -9 11.27400016784668 0.0070000002160668373 -9999 -9999 1.281999945640564 0.027000000700354576 -10.020000457763672 0.059481088072061539 0.9869999885559082 -999 22.709999084472656 21.549999237060547 20.840000152587891 20.260000228881836 0 0 0 0 6.6700000762939453 16.110000610351562 34 40.270000457763672 25.439685821533203 24.482261657714844 23.671302795410156 23.487545013427734 56990.25 26.279939651489258 20.985420227050781 15.649106025695801 65.251945495605469 riz 0 56994.59765625 0.4488920271396637 0.84938621520996094 0.39768785238265991 0.11869864910840988 0.037905849516391754 23.687992095947266 0.040561296045780182 6.0090183069405612e-06 2.2448691083809535e-07 0.0030158795416355133 -6.7160286221223942e-08 -4.432167077794702e-09 38 27.191226959228516 0.90376412868499756 0.48652896285057068
SN: 1299090 10 0 X2 3 0 36.000717000000002 -6.5278739999999997 0.68474000692367554 0.0010000000474974513 0.68339300155639648 0.0010000000474974513 0.68339300155639648 0.001958977896720171 0 300 0 0 0.026223011314868927 3 4 36179 -9 -9 0.68470001220703125 0.0010000000474974513 36.000796999999999 -6.5278660000000004 0.28700000047683716 0.46200001239776611 -2.6643824577331543 10.414999961853027 0.057000000029802322 -9999 -9999 -3.8159999847412109 3.7650001049041748 -14.192000389099121 3.7657670974731445 1.2209999561309814 -999 24.670000076293945 23 22.020000457763672 21.639999389648438 0.039999999105930328 0.0099999997764825821 0.0099999997764825821 0.0099999997764825821 3.2799999713897705 14.75 36.220001220703125 52.229999542236328 26.210315704345703 24.578020095825195 23.602628707885742 23.2052001953125 56931.1640625 7.8805947303771973 7.1209197044372559 5.8138232231140137 22.944978713989258 riz 0 56933.45703125 0.9431726336479187 -1.3627643585205078 0.86875516176223755 0.088691383600234985 0.084265828132629395 23.600196838378906 0.077675431966781616 6.5151061789947562e-06 4.6610188064732938e-07 0.014919405803084373 -2.4743272319938114e-07 -2.0025270330847889e-08 43 58.786445617675781 0.054837636649608612 0.54198634624481201
SN: 1299033 10 0 X2 3 0 35.487578999999997 -5.8930850000000001 0.69362998008728027 0.0010000000474974513 0.69225800037384033 0.0010000000474974513 0.69225800037384033 0.0019666112493723631 0 300 0 0 0.022380299866199493 1 4 36833 -9 -9 0.69359999895095825 0.0010000000474974513 35.488022999999998 -5.8930280000000002 1.6019999980926514 1.7569999694824219 -1.6516004800796509 10.805000305175781 0.032000001519918442 -9999 -9999 -0.57999998331069946 2.0390000343322754 -11.387999534606934 2.0432682037353516 1.3860000371932983 -999 24.600000381469727 22.729999542236328 21.649999618530273 21.170000076293945 0.029999999329447746 0.0099999997764825821 0 0 2.119999885559082 12.220000267028809 31.790000915527344 49.860000610351562 26.684160232543945 24.782321929931641 23.744274139404297 23.255619049072266 56936.36328125 7.8328571319580078 6.679966926574707 5.9310827255249023 22.377212524414062 riz 0 56936.77734375 0.88938874006271362 -1.0741910934448242 0.76347208023071289 -0.16822943091392517 0.07748500257730484 23.479351043701172 0.072027646005153656 7.282149454113096e-06 4.830971533920092e-07 0.014681867323815823 -2.5004749204526888e-07 -1.0814836137740258e-08 47 38.771125793457031 0.79790443181991577 0.66533201932907104
SN: 1891261 10 0 C1 3 0 54.202979999999997 -27.677126000000001 0.50613999366760254 0.0010000000474974513 0.5055840015411377 0.0010000000474974513 0.5055840015411377 0.0018082612659782171 0 300 0 0 0.010550527833402157 1 3 134384 -9 -9 0.50609999895095825 0.0010000000474974513 54.203172000000002 -27.677132 0.61299997568130493 0.51599997282028198 -4.0591750144958496 11.045999526977539 0.052000001072883606 -9999 -9999 -0.32499998807907104 9.6750001907348633 -11.416999816894531 9.6762905120849609 1.312000036239624 -999 22.850000381469727 21.120000839233398 20.389999389648438 19.969999313354492 0.0099999997764825821 0 0 0 15.029999732971191 84.150001525878906 157.69000244140625 228.83999633789062 24.557601928710938 22.68736457824707 22.005489349365234 21.601169586181641 58071.30859375 26.476528167724609 13.589322090148926 11.390833854675293 56.762310028076172 riz 0 58072.9921875 0.49889564514160156 1.511364221572876 0.40762573480606079 0.05471307784318924 0.039746113121509552 22.597639083862305 0.042463246732950211 1.6403810150222853e-05 6.4155460677284282e-07 0.0017711445689201355 -1.5616068083090795e-07 -1.5685156284916957e-08 35 32.555248260498047 0.58669018745422363 0.53578329086303711
SN: 1815065 10 1 S1 3 0 43.229247999999998 0.18329000000000001 0.13616999983787537 0.0010000000474974513 0.13537399470806122 0.0010000000474974513 0.13537395000457764 0.0015135371359065175 0 300 0 0 0.062828510999679565 1 1 62371 -9 -9 0.13619999587535858 0.0010000000474974513 43.229475999999998 0.183282 0.82300001382827759 0.38699999451637268 -9 10.58899974822998 0.086000002920627594 -9999 -9999 -0.44100001454353333 9.5590000152587891 -11.041000366210938 9.5604066848754883 1.562999963760376 -999 20.870000839233398 19.659999847412109 19.129999160766602 18.760000228881836 0 0 0 0 121.75 367.20999145507812 601.8499755859375 836.54998779296875 22.286327362060547 21.087713241577148 20.551279067993164 20.193771362304688 58040.26953125 89.843246459960938 86.141433715820312 36.338626861572266 206.4688720703125 gri 0 58038.88671875 0.26218712329864502 -1.046983003616333 0.15272369980812073 0.14080585539340973 0.022907983511686325 20.043394088745117 0.027595136314630508 0.00017244159244000912 4.3827858462464064e-06 4.2850529098359402e-06 -1.6094918464659713e-07 -7.5728756598891778e-08 18 27.792486190795898 0.065284118056297302 0.58488386869430542
SN: 1777124 10 0 X1 3 0 34.096325 -3.9977830000000001 0.30853000283241272 0.0010000000474974513 0.30743199586868286 0.0010000000474974513 0.30743193626403809 0.0016467118402943015 0 300 0 0 0.017751067876815796 1 1 120362 -9 -9 0.30849999189376831 0.0010000000474974513 34.096344000000002 -3.997547 0.85199999809265137 1.1399999856948853 -9 9.4709997177124023 0.017999999225139618 -9999 -9999 1.1779999732971191 0.28200000524520874 -8.2530002593994141 0.2820638120174408 0.37999999523162842 -999 22.5 21.819999694824219 21.540000915527344 21.280000686645508 0.0099999997764825821 0 0 0 21.020000457763672 45.689998626708984 56.610000610351562 71.470001220703125 24.193418502807617 23.350446701049805 23.117767333984375 22.864690780639648 57986.2890625 28.734577178955078 21.626977920532227 20.446632385253906 65.526832580566406 griz 0 57981.2734375 1.5748132467269897 0.89608496427536011 0.57901638746261597 -0.01109226793050766 0.030890531837940216 21.895095825195312 0.06456245481967926 3.1330102501669899e-05 1.8630200884217629e-06 -0.0015502438182011247 4.874008823207987e-07 -5.1213167040486951e-08 46 49.666172027587891 0.32937288284301758 0.30097472667694092
SN: 1936215 10 0 S1 3 0 43.189312000000001 0.60002 0.61124002933502197 0.0010000000474974513 0.61010801792144775 0.0010000000474974513 0.61010801792144775 0.0018962878966704011 0 300 0 0 0.074965298175811768 1 1 146464 -9 -9 0.61119997501373291 0.0010000000474974513 43.189424000000002 0.60016199999999997 0.65200001001358032 0.74000000953674316 -9 9.2519998550415039 0.057000000029802322 -9999 -9999 0.98299998044967651 1.0720000267028809 -8.2010002136230469 1.0816284418106079 0.23499999940395355 -999 24.959999084472656 23.959999084472656 23.549999237060547 23.370000839233398 0.05000000074505806 0.019999999552965164 0.019999999552965164 0.029999999329447746 2.4500000476837158 5.4600000381469727 8.3599996566772461 10.579999923706055 26.527084350585938 25.657018661499023 25.194484710693359 24.938785552978516 58113.08203125 14.095610618591309 12.064994812011719 9.1412019729614258 35.918987274169922 riz 0 58117.2421875 0.82515937089920044 0.36508667469024658 0.86313128471374512 -0.089787036180496216 0.056508287787437439 23.088712692260742 0.055441334843635559 1.0435540389153175e-05 5.3287374157662271e-07 0.015121053904294968 -3.5143750665156404e-07 -1.3712850410740884e-08 17 15.216588020324707 0.57988435029983521 0.3230857253074646
SN: 1879414 10 1 X3 3 0 36.198990000000002 -5.2096549999999997 0.38999998569488525 0.0010000000474974513 0.38888600468635559 0.0010000000474974513 0.3888859748840332 0.0017121854471042752 0 300 0 0 0.023448115214705467 1 1 131265 -9 -9 0.38999998569488525 0.0010000000474974513 36.198957 -5.209619 0.17499999701976776 0.44100001454353333 -9 7.9539999961853027 0.13600000739097595 -9999 -9999 -0.83799999952316284 4.6909999847412109 -8.7950000762939453 4.7156977653503418 0.38999998569488525 -999 26.799999237060547 25.909999847412109 25.850000381469727 25.489999771118164 0.14000000059604645 0.059999998658895493 0.090000003576278687 0.10000000149011612 0.28999999165534973 0.97000002861022949 1.0099999904632568 0.97000002861022949 27.5 27.5 27.48919677734375 27.5 58052.23046875 90.716087341308594 67.264022827148438 -99 196.59205627441406 ri 0 58049.91015625 0.22577035427093506 0.43674656748771667 0.17604832351207733 -0.057572450488805771 0.030217256397008896 22.073904037475586 0.025293486192822456 2.6572854039841332e-05 6.1904552239866462e-07 -0.00053111155284568667 -3.7121850482435548e-08 -1.3853919789141855e-08 23 23.415809631347656 0.43672090768814087 0.24087946116924286
SN: 1929022 10 0 C1 3 0 54.778015000000003 -26.572330999999998 0.75419998168945312 0.0010000000474974513 0.75355798006057739 0.0010000000474974513 0.75355792045593262 0.0020196705590933561 0 300 0 0 0.011914538219571114 1 1 144014 -9 -9 0.75419998168945312 0.0010000000474974513 54.777884 -26.572631999999999 1.1629999876022339 1.3589999675750732 -9 10.826999664306641 0.048999998718500137 -9999 -9999 1.2599999904632568 1.0850000381469727 -9.5790004730224609 1.0916157960891724 1.1239999532699585 -999 23.909999847412109 22.530000686645508 21.629999160766602 21.120000839233398 0.019999999552965164 0.0099999997764825821 0 0 4.6100001335144043 17.129999160766602 37.189998626708984 64.110000610351562 25.840747833251953 24.415607452392578 23.573934555053711 22.982685089111328 58092.1796875 9.2430496215820312 8.984405517578125 4.6736030578613281 21.195566177368164 riz 0 58096.86328125 1.1860840320587158 0.058468610048294067 0.89704132080078125 -0.05633055791258812 0.082206666469573975 23.828464508056641 0.07872384786605835 5.2797577154706232e-06 3.8282121295196703e-07 0.02185392938554287 -2.3750440902858827e-07 -5.1638884279725517e-09 34 28.000150680541992 0.75591117143630981 0.18877726793289185
SN: 1366280 10 0 C3 3 0 53.114044 -28.202406 0.73233997821807861 0.0010000000474974513 0.73167401552200317 0.0010000000474974513 0.7316739559173584 0.0020006741397082806 0 300 0 0 0.0066597014665603638 1 1 46597 -9 -9 0.73229998350143433 0.0010000000474974513 53.114215000000002 -28.202428999999999 0.55000001192092896 0.7070000171661377 -9 10.821000099182129 0.030999999493360519 -9999 -9999 -2.5639998912811279 7.435999870300293 -13.329000473022461 7.4360384941101074 1.4559999704360962 -999 24.770000457763672 22.850000381469727 21.639999389648438 21.120000839233398 0.019999999552965164 0 0 0 2.3399999141693115 16.819999694824219 49.709999084472656 73.699996948242188 26.576959609985352 24.435434341430664 23.258890151977539 22.831331253051758 57616.31640625 11.901187896728516 11.5372314453125 11.162789344787598 31.851581573486328 riz 0 57614.9453125 1.9619332551956177 -2.5073490142822266 0.65042746067047119 -0.02670467272400856 0.066206440329551697 23.890850067138672 0.081678673624992371 4.9849418246594723e-06 3.7501138194784289e-07 0.0055250800214707851 2.1477911005263195e-08 -1.0452358978341181e-08 34 28.819461822509766 0.71947705745697021 0.84050995111465454
SN: 1928108 10 0 X3 3 0 37.023086999999997 -5.0164439999999999 0.65210002660751343 0.0010000000474974513 0.65079599618911743 0.0010000000474974513 0.65079593658447266 0.001931000966578722 0 300 0 0 0.023778045549988747 1 2 144343 -9 -9 0.65210002660751343 0.0010000000474974513 37.023071000000002 -5.0166060000000003 0.58799999952316284 0.70399999618530273 -3.6925599575042725 9.5360002517700195 0.046999998390674591 -9999 -9999 0.50900000333786011 0.046999998390674591 -9.0389995574951172 0.14767870306968689 0.0010000000474974513 -999 23.659999847412109 22.950000762939453 22.579999923706055 22.549999237060547 0.0099999997764825821 0 0 0.0099999997764825821 4.809999942779541 10.159999847412109 16.770000457763672 14.619999885559082 25.794637680053711 24.982765197753906 24.438667297363281 24.587631225585938 58118.05078125 13.29393482208252 12.980722427368164 9.4063425064086914 29.443841934204102 riz 0 58109.390625 1.0032259225845337 0.8704259991645813 0.79756110906600952 0.029739297926425934 0.062988430261611938 24.481008529663086 0.058712717145681381 2.8946512884431286e-06 1.5653235152512934e-07 0.013850800693035126 -8.6065995219541946e-08 -4.0595540262700069e-09 20 22.961614608764648 0.29068326950073242 0.30660942196846008
SN: 1876308 10 1 E2 3 0 9.1077659999999998 -43.787013999999999 0.42250001430511475 0.0010000000474974513 0.42147201299667358 0.0010000000474974513 0.42147207260131836 0.0017387580592185259 0 300 0 0 0.0059079760685563087 1 2 130919 -9 -9 0.42250001430511475 0.0010000000474974513 9.1077519999999996 -43.786956000000004 0.210999995470047 0.36100000143051147 -3.8047373294830322 8.7849998474121094 0.061000000685453415 -9999 -9999 0.14800000190734863 0.87199997901916504 -8.5710000991821289 0.89464181661605835 0.23299999535083771 -999 24.760000228881836 23.780000686645508 23.590000152587891 23.360000610351562 0.039999999105930328 0.019999999552965164 0.019999999552965164 0.019999999552965164 2.190000057220459 6.4000000953674316 8.1400003433227539 8.8500003814697266 26.648889541625977 25.484550476074219 25.223438262939453 25.132640838623047 58036.01953125 22.77165412902832 15.239598274230957 7.2166585922241211 54.871177673339844 riz 0 58037.9765625 0.75805699825286865 -0.02609141543507576 0.37976938486099243 -0.098991900682449341 0.042848065495491028 22.401344299316406 0.046043191105127335 1.9654513380373828e-05 8.3349573287705425e-07 0.00075459253275766969 -1.1994043802587839e-07 -2.4906153583970081e-08 39 47.580902099609375 0.1629098653793335 0.3300875723361969
SN: 1901375 10 0 C1+C3 3 0 53.285567999999998 -27.518357999999999 1.0329999923706055 0.0010000000474974513 1.0322149991989136 0.0010000000474974513 1.0322151184082031 0.0022661443799734116 0 300 0 0 0.0060235601849853992 1 1 136588 -9 -9 1.0329999923706055 0.0010000000474974513 53.285679999999999 -27.518416999999999 0.41499999165534973 0.67199999094009399 -9 10.045999526977539 0.054999999701976776 -9999 -9999 1.3179999589920044 0.63400000333786011 -8.6660003662109375 0.65036988258361816 0.25 -999 24.129999160766602 23.600000381469727 22.959999084472656 22.569999694824219 0.019999999552965164 0.019999999552965164 0.0099999997764825821 0.0099999997764825821 4.8499999046325684 7.9099998474121094 14.380000114440918 20.229999542236328 25.785646438598633 25.254558563232422 24.605602264404297 24.235010147094727 58071.2265625 13.216379165649414 9.6255292892456055 -99 31.557426452636719 iz 0 58076.57421875 0.95430481433868408 1.0583139657974243 0.60779666900634766 0.018423452973365784 0.10073515772819519 24.598108291625977 0.060695327818393707 2.5987030767282704e-06 1.4527390135299356e-07 0.010746142826974392 -5.5540255061714561e-08 4.3202934563169038e-09 59 37.146755218505859 0.98838454484939575 0.3580767810344696
SN: 1883111 10 0 E1 3 0 7.7500119999999999 -42.812721000000003 0.4338499903678894 0.0010000000474974513 0.43278101086616516 0.0010000000474974513 0.43278098106384277 0.0017480277456343174 0 300 0 0 0.0050539774820208549 1 1 133523 -9 -9 0.43380001187324524 0.0010000000474974513 7.7501110000000004 -42.812764000000001 0.30399999022483826 0.38499999046325684 -9 10.491000175476074 0.020999999716877937 -9999 -9999 0.64899998903274536 10.64900016784668 -9.8610000610351562 10.64936351776123 1.3470000028610229 -999 23.030000686645508 21.309999465942383 20.719999313354492 20.360000610351562 0.0099999997764825821 0 0 0 12.760000228881836 63.740001678466797 110.76999664306641 144.08000183105469 24.735372543334961 22.988969802856445 22.388944625854492 22.103490829467773 58057.01953125 15.557473182678223 12.849194526672363 11.13551139831543 46.015838623046875 riz 0 58059.65234375 0.50655978918075562 -1.2998099327087402 0.45156344771385193 0.10357602685689926 0.0520155169069767 22.65434455871582 0.061242304742336273 1.5569044990115799e-05 8.7819142891021329e-07 0.0067969737574458122 -2.1516767390039604e-07 -3.7382726247869869e-08 38 39.218029022216797 0.41503286361694336 0.55400615930557251
SN: 1878612 10 0 E2 3 0 8.8417899999999996 -44.720795000000003 0.64604997634887695 0.0010000000474974513 0.64488202333450317 0.0010000000474974513 0.6448819637298584 0.0019259407417848706 0 300 0 0 0.0080894632264971733 1 1 131676 -9 -9 0.64600002765655518 0.0010000000474974513 8.8418379999999992 -44.720883999999998 0.34200000762939453 0.45399999618530273 -9 10.725000381469727 0.0020000000949949026 -9999 -9999 -3.8949999809265137 0.41299998760223389 -14.625 0.41889020800590515 1.0980000495910645 -999 23.350000381469727 21.680000305175781 20.819999694824219 20.440000534057617 0.0099999997764825821 0 0 0 9.130000114440918 46.009998321533203 105.80999755859375 149.35000610351562 25.098823547363281 23.342868804931641 22.438682556152344 22.064487457275391 58052.02734375 14.990757942199707 12.20893669128418 8.8712501525878906 41.298202514648438 riz 0 58052.2421875 0.67360591888427734 0.8893778920173645 0.49852856993675232 -0.00056501629296690226 0.047293290495872498 22.935201644897461 0.047814544290304184 1.2020412214042153e-05 5.2936479733034503e-07 0.0065407971851527691 -1.939182965315922e-07 -1.0187522825333417e-08 38 36.952690124511719 0.51775264739990234 0.29646527767181396
SN: 1880429 10 0 S2 3 0 41.663215999999998 -1.377551 0.49816000461578369 0.0010000000474974513 0.49707499146461487 0.0010000000474974513 0.49707496166229248 0.0018011732026934624 0 300 0 0 0.031132739037275314 1 1 132021 -9 -9 0.49819999933242798 0.0010000000474974513 41.663659000000003 -1.37747 1.6210000514984131 1.4830000400543213 -9 9.9049997329711914 0.014999999664723873 -9999 -9999 1.4149999618530273 0.32600000500679016 -8.4890003204345703 0.32856810092926025 0.20399999618530273 -999 22.989999771118164 22.010000228881836 21.780000686645508 21.559999465942383 0.0099999997764825821 0 0 0 8.3299999237060547 22.530000686645508 33.849998474121094 36.319999694824219 25.198387145996094 24.118097305297852 23.676103591918945 23.599636077880859 58036.22265625 15.432036399841309 11.343197822570801 -99 34.850246429443359 iz 0 58039.640625 1.0624014139175415 0.431245356798172 0.73805218935012817 0.21799741685390472 0.10674694180488586 22.989585876464844 0.13180415332317352 1.1433153304096777e-05 1.3879403013561387e-06 0.0014893333427608013 -1.9743151824513916e-07 -1.4095171252392902e-07 24 23.887546539306641 0.46804270148277283 0.74073988199234009
SN: 1936125 10 0 C3 3 0 52.954872000000002 -28.323419999999999 0.8960300087928772 0.0010000000474974513 0.89529699087142944 0.0010000000474974513 0.89529705047607422 0.0021440489217638969 0 300 0 0 0.007571895606815815 1 1 -30699 -9 -9 0.89600002765655518 0.0010000000474974513 52.954799000000001 -28.323392999999999 0.25299999117851257 0.37200000882148743 -9 10.755999565124512 0.023000000044703484 -9999 -9999 0.13600000739097595 4.3899998664855957 -10.638999938964844 4.3904519081115723 1.2029999494552612 -999 25.010000228881836 23.270000457763672 22.069999694824219 21.430000305175781 0.019999999552965164 0 0 0 2.0999999046325684 10.930000305175781 32.990001678466797 55.580001831054688 26.694452285766602 24.903450012207031 23.704044342041016 23.137702941894531 58117.1171875 25.966533660888672 15.064172744750977 -99 47.243141174316406 iz 0 58117.89453125 0.64730381965637207 -0.97649401426315308 0.48888736963272095 -0.17577336728572845 0.096921220421791077 23.972030639648438 0.042479246854782104 4.6258055590442382e-06 1.8098387499776436e-07 0.0087765268981456757 -5.4339224675459263e-08 -3.6937573000273005e-09 15 11.548733711242676 0.71281492710113525 0.67025434970855713
SN: 1891055 10 0 E1 3 0 7.2626429999999997 -42.372256999999998 0.70780998468399048 0.0010000000474974513 0.70652002096176147 0.0010000000474974513 0.70652008056640625 0.0019789133220911026 0 300 0 0 0.0052962624467909336 1 1 133481 -9 -9 0.70779997110366821 0.0010000000474974513 7.2629279999999996 -42.372368000000002 0.85600000619888306 1.3519999980926514 -9 9.7150001525878906 0.059000000357627869 -9999 -9999 0.44900000095367432 0.027000000700354576 -9.2880001068115234 0.080653578042984009 0.24099999666213989 -999 23.870000839233398 23.010000228881836 22.469999313354492 22.290000915527344 0.019999999552965164 0.0099999997764825821 0.0099999997764825821 0.0099999997764825821 6.2600002288818359 13.069999694824219 22.709999084472656 25.760000228881836 25.508563995361328 24.709310531616211 24.109457015991211 23.972635269165039 58057.01953125 8.9046669006347656 7.8196067810058594 5.7647037506103516 25.231801986694336 riz 0 58058.6640625 1.0237246751785278 0.41193908452987671 0.73867768049240112 -0.1640690416097641 0.069584943354129791 23.628015518188477 0.066030941903591156 6.3502884586341679e-06 3.8620387954324542e-07 0.011697086505591869 -1.9834565989640396e-07 -3.6383063228839774e-09 47 50.69696044921875 0.32991713285446167 0.56387138366699219
SN: 1864084 10 0 X3 3 0 35.890801000000003 -5.2365500000000003 0.60664999485015869 0.0010000000474974513 0.60535401105880737 0.0010000000474974513 0.60535407066345215 0.0018922477029263973 0 300 0 0 0.021792102605104446 1 2 130134 -9 -9 0.60659998655319214 0.0010000000474974513 35.890346000000001 -5.2364769999999998 1.6529999971389771 1.2300000190734863 -2.7561705112457275 9.6660003662109375 0.024000000208616257 -9999 -9999 1.4520000219345093 1.1649999618530273 -8.1979999542236328 1.1662508249282837 0.32400000095367432 -999 24.440000534057617 23.420000076293945 22.930000305175781 22.690000534057617 0.019999999552965164 0.0099999997764825821 0.0099999997764825821 0.0099999997764825821 2.630000114440918 6.559999942779541 10.850000381469727 11.329999923706055 26.450111389160156 25.457740783691406 24.911426544189453 24.864425659179688 58036.140625 30.961467742919922 22.778264999389648 21.573701858520508 89.674003601074219 riz 0 58032.4140625 0.35552132129669189 0.56107825040817261 0.28254491090774536 -0.0865950807929039 0.031632974743843079 23.095890045166016 0.035151679068803787 1.0366789865656756e-05 3.3563406987013877e-07 0.0032552673947066069 -7.3000123279598483e-08 -7.0870913582155026e-09 39 45.304996490478516 0.22563314437866211 0.34394434094429016
SN: 1770487 10 0 X1 3 0 35.067462999999996 -5.2409819999999998 0.53769999742507935 0.0010000000474974513 0.53644001483917236 0.0010000000474974513 0.53644001483917236 0.001834066235460341 0 300 0 0 0.018233174458146095 1 2 120577 -9 -9 0.53769999742507935 0.0010000000474974513 35.067219999999999 -5.2411070000000004 0.98100000619888306 1.3619999885559082 -2.515700101852417 10.092000007629395 0.035999998450279236 -9999 -9999 -3.2829999923706055 4.630000114440918 -13.329999923706055 4.6301321983337402 1.2460000514984131 -999 24.559999465942383 22.870000839233398 22.110000610351562 21.739999771118164 0.029999999329447746 0.0099999997764825821 0.0099999997764825821 0.0099999997764825821 3.0399999618530273 11.470000267028809 23.479999542236328 36.060001373291016 26.292816162109375 24.851091384887695 24.07325553894043 23.60743522644043 58004.31640625 17.226001739501953 12.387235641479492 9.1973438262939453 46.1961669921875 riz 0 58004.39453125 0.47110319137573242 0.17234642803668976 0.47354668378829956 -0.095004789531230927 0.04680265486240387 22.472232818603516 0.054402444511651993 1.8412254576105624e-05 9.2257369033177383e-07 0.0052673798054456711 -3.229989431474678e-07 -2.4791802388790529e-08 49 49.555500030517578 0.45095512270927429 0.32185128331184387
SN: 1837096 10 0 C1 3 0 55.002414999999999 -26.924477 0.37986999750137329 0.0010000000474974513 0.37937301397323608 0.0010000000474974513 0.37937307357788086 0.0017044675769284368 0 300 0 0 0.01220172643661499 1 1 -28592 -9 -9 0.3799000084400177 0.0010000000474974513 55.002498000000003 -26.924553 0.37999999523162842 0.32400000095367432 -9 10.993000030517578 0.12800000607967377 -9999 -9999 -0.5220000147819519 9.4779996871948242 -11.371000289916992 9.4780797958374023 1.5709999799728394 -999 22.329999923706055 20.540000915527344 19.899999618530273 19.540000915527344 0 0 0 0 27.889999389648438 141.47000122070312 249.30000305175781 340.82000732421875 23.886379241943359 22.12333869934082 21.508193969726562 21.16868782043457 58092.1796875 23.228107452392578 12.795252799987793 9.338958740234375 41.732349395751953 riz 0 58093.140625 0.46868100762367249 -1.0266112089157104 0.4486464262008667 0.012854661792516708 0.055760335177183151 22.416147232055664 0.06338433176279068 1.9388355212868191e-05 1.1318752513034269e-06 0.0067078997381031513 -2.8026903464706265e-07 -5.0552984021123848e-08 28 24.503902435302734 0.65468138456344604 0.34487596154212952
SN: 1834104 10 0 C1 3 0 54.906272999999999 -27.837975 0.23972000181674957 0.0010000000474974513 0.23927900195121765 0.0010000000474974513 0.23927903175354004 0.001593066961504519 0 300 0 0 0.0093865860253572464 1 1 124992 -9 -9 0.23970000445842743 0.0010000000474974513 54.906379999999999 -27.837212000000001 2.7690000534057617 1.4550000429153442 -9 10.409000396728516 0.0060000000521540642 -9999 -9999 1.2050000429153442 0.3529999852180481 -9.1960000991821289 0.35388416051864624 0.79699999094009399 -999 21.479999542236328 20.540000915527344 20.079999923706055 19.829999923706055 0 0 0 0 22.340000152587891 43.639999389648438 57.029998779296875 72.660003662109375 24.127292633056641 23.400287628173828 23.1097412109375 22.846761703491211 58019.20703125 84.272102355957031 54.566841125488281 24.885143280029297 145.10191345214844 giz 0 58017.80859375 0.2433505654335022 0.23373441398143768 0.17079302668571472 -0.048329096287488937 0.016478139907121658 20.839143753051758 0.026047974824905396 8.2859500253107399e-05 1.9878882540069753e-06 0.00065610319143161178 -1.5893978400072228e-07 -2.2277246713997556e-08 34 35.637413024902344 0.39123430848121643 0.17894811928272247
SN: 1899442 10 0 C3 3 0 52.351849000000001 -29.061256 0.43200001120567322 0.0010000000474974513 0.43143901228904724 0.0010000000474974513 0.43143904209136963 0.0017469265731051564 0 300 0 0 0.007216891273856163 1 2 135584 -9 -9 0.43200001120567322 0.0010000000474974513 52.351391 -29.061782999999998 2.3819999694824219 2.2920000553131104 -1.6949043273925781 10.87600040435791 0.017999999225139618 -9999 -9999 0.335999995470047 10.336000442504883 -10.519000053405762 10.336272239685059 1.4210000038146973 -999 22.649999618530273 20.889999389648438 20.190000534057617 19.739999771118164 0 0 0 0 2.2400000095367432 11.020000457763672 19.979999542236328 25.379999160766602 26.624380111694336 24.894546508789062 24.248512268066406 23.988771438598633 58076.28125 61.903823852539062 40.537311553955078 29.109830856323242 126.58823394775391 riz 0 58076.0078125 0.3602643609046936 -1.5143964290618896 0.20293083786964417 0.056452516466379166 0.03180713951587677 22.78816032409668 0.035031240433454514 1.3763728929916397e-05 4.4408622557057242e-07 0.0006631911383010447 -2.9566141535042334e-08 -1.1362037533046987e-08 33 27.28245735168457 0.74719303846359253 0.53873157501220703
SN: 1879263 10 1 E1 3 0 8.5313949999999998 -42.974400000000003 0.46299999952316284 0.0010000000474974513 0.46191900968551636 0.0010000000474974513 0.46191906929016113 0.001772021409124136 0 300 0 0 0.0071485331282019615 1 1 130816 -9 -9 0.46299999952316284 0.0010000000474974513 8.5314899999999998 -42.974342999999998 0.32199999690055847 0.49599999189376831 -9 10.005999565124512 0.018999999389052391 -9999 -9999 0.83300000429153442 0.90299999713897705 -9.1669998168945312 0.90540874004364014 0.78899997472763062 -999 23.75 22.399999618530273 21.989999771118164 21.670000076293945 0.019999999552965164 0.0099999997764825821 0.0099999997764825821 0.0099999997764825821 6.570000171661377 21.989999771118164 37.319999694824219 47.860000610351562 25.456087112426758 24.144437789916992 23.570146560668945 23.300067901611328 58040.00390625 18.689645767211914 14.119300842285156 7.5534486770629883 49.174320220947266 riz 0 58045.70703125 0.57936006784439087 0.49355733394622803 0.48510754108428955 -0.12756042182445526 0.043953701853752136 22.584386825561523 0.043736688792705536 1.6605232303845696e-05 6.6890822836285224e-07 0.002290383679792285 -1.846595552024155e-07 -1.8372672272448654e-08 40 38.494319915771484 0.53809738159179688 0.45591968297958374
SN: 1891030 10 0 E1 3 0 6.8731939999999998 -43.114471000000002 0.61497002840042114 0.0010000000474974513 0.61376601457595825 0.0010000000474974513 0.61376595497131348 0.0018993989797309041 0 300 0 0 0.006104170810431242 1 1 -35738 -9 -9 0.61500000953674316 0.0010000000474974513 6.8731419999999996 -43.114545999999997 0.30099999904632568 0.33300000429153442 -9 10.012999534606934 0.023000000044703484 -9999 -9999 1.7510000467300415 0.28499999642372131 -8.2519998550415039 0.285043865442276 0.36500000953674316 -999 23.639999389648438 22.579999923706055 22.110000610351562 21.879999160766602 0.0099999997764825821 0.0099999997764825821 0.0099999997764825821 0.0099999997764825821 5.570000171661377 10.350000381469727 14.770000457763672 20.5 25.63536262512207 24.962648391723633 24.576549530029297 24.220615386962891 58057.015625 8.6071987152099609 6.8544235229492188 4.8599028587341309 24.311479568481445 riz 0 58056.4609375 0.90554225444793701 -0.59662717580795288 0.69888198375701904 -0.1025548130273819 0.084868907928466797 23.46473503112793 0.076680295169353485 7.3808464549074415e-06 5.2127347771602217e-07 0.019847238436341286 -2.5593129748813226e-07 -2.179264946278181e-08 44 40.089267730712891 0.63991725444793701 0.39549025893211365
SN: 1862207 10 0 C1 3 0 54.650517000000001 -28.023900999999999 0.54439002275466919 0.0010000000474974513 0.54383498430252075 0.0010000000474974513 0.54383492469787598 0.0018402737332507968 0 300 0 0 0.0085826804861426353 2 2 128847 -9 -9 0.54439997673034668 0.0010000000474974513 54.650438999999999 -28.023776000000002 0.51399999856948853 0.65299999713897705 -2.6681632995605469 9.508000373840332 0.014999999664723873 -9999 -9999 1.3009999990463257 0.21899999678134918 -8.2019996643066406 0.22162355482578278 0.10999999940395355 -999 23.010000228881836 22.209999084472656 21.899999618530273 21.920000076293945 0.0099999997764825821 0 0 0.0099999997764825821 11.800000190734863 25.010000228881836 33.479999542236328 33.119998931884766 24.820295333862305 24.004714965820312 23.68803596496582 23.699773788452148 58019.2109375 5.4019975662231445 5.3445000648498535 4.9611682891845703 19.459226608276367 riz 0 58016.15234375 1.4101958274841309 -0.35115709900856018 0.98464643955230713 0.11977803707122803 0.10719078034162521 23.814035415649414 0.11189265549182892 5.3503940762311686e-06 5.5139526011771522e-07 0.0031460803002119064 -2.2795941845288326e-07 -2.5789924862351654e-08 53 84.441329956054688 0.0038922501262277365 0.41606476902961731
SN: 1878335 10 1 X1 3 0 34.878242999999998 -5.3358910000000002 0.56499999761581421 0.0010000000474974513 0.56371402740478516 0.0010000000474974513 0.56371402740478516 0.0018570043612271547 0 300 0 0 0.019467543810606003 2 3 -29228 -9 -9 0.56499999761581421 0.0010000000474974513 34.878064999999999 -5.3359490000000003 0.67299997806549072 1.187000036239624 -1.8032474517822266 8.9720001220703125 0.054000001400709152 -9999 -9999 -0.63700002431869507 1.6490000486373901 -9.6309995651245117 1.659569263458252 0.49399998784065247 -999 25.659999847412109 24.459999084472656 24.069999694824219 23.979999542236328 0.079999998211860657 0.039999999105930328 0.039999999105930328 0.039999999105930328 0.86000001430511475 2.5499999523162842 4.9699997901916504 4.7399997711181641 27.5 26.483650207519531 25.759109497070312 25.810554504394531 58057.0703125 15.323686599731445 11.746419906616211 7.6291484832763672 42.789737701416016 riz 0 58049.34375 0.57931536436080933 0.57320237159729004 0.46573317050933838 -0.098917432129383087 0.046454131603240967 22.89537239074707 0.045706361532211304 1.2469547073123977e-05 5.2493197699732264e-07 0.0034745016600936651 -1.6555085835534555e-07 -1.2240429114740436e-08 41 48.753185272216797 0.18940021097660065 0.38108423352241516
SN: 1861474 10 0 X3 3 0 36.837822000000003 -4.3527310000000003 0.69099998474121094 0.0010000000474974513 0.68965601921081543 0.0010000000474974513 0.68965601921081543 0.0019643695559352636 0 300 0 0 0.021002136170864105 1 3 130180 -9 -9 0.69099998474121094 0.0010000000474974513 36.837893000000001 -4.3530049999999996 1.0190000534057617 0.93500000238418579 -3.1245183944702148 10.336999893188477 0.027000000700354576 -9999 -9999 0.74299997091293335 0.14900000393390656 -9.6239995956420898 0.18944656848907471 0.59700000286102295 -999 23.840000152587891 22.760000228881836 22.059999465942383 21.760000228881836 0.0099999997764825821 0 0 0 5.380000114440918 13.630000114440918 27.590000152587891 33.779998779296875 25.673044204711914 24.663761138916016 23.898120880126953 23.678350448608398 58036.15234375 22.130926132202148 18.639183044433594 16.925708770751953 63.359653472900391 riz 0 58036.53125 0.49706295132637024 0.76128435134887695 0.33789488673210144 -0.026126660406589508 0.036755718290805817 23.440689086914062 0.033822041004896164 7.5461366577656008e-06 2.3507161017732869e-07 0.0026237736456096172 -5.2896474755925738e-08 -4.2959964474675871e-09 40 40.353813171386719 0.45461487770080566 0.26828965544700623
SN: 1878692 10 0 X3 3 0 36.651752999999999 -4.7893420000000004 0.88599997758865356 0.0010000000474974513 0.88449901342391968 0.0010000000474974513 0.88449907302856445 0.0021344968117773533 0 300 0 0 0.02111469954252243 2 4 134052 -9 -9 0.88599997758865356 0.0010000000474974513 36.651916 -4.7893309999999998 0.58399999141693115 0.7149999737739563 -1.0752123594284058 10.942999839782715 0.0070000002160668373 -9999 -9999 1.0039999485015869 0.30899998545646667 -9.935999870300293 0.3168296217918396 1.034000039100647 -999 24.629999160766602 23.360000610351562 22.329999923706055 21.639999389648438 0.019999999552965164 0.0099999997764825821 0 0 4.320000171661377 12.300000190734863 29.25 51.020000457763672 25.911291122436523 24.775238037109375 23.834686279296875 23.230648040771484 58036.1484375 10.094023704528809 7.3444061279296875 -99 22.612680435180664 iz 0 58039.9296875 1.2334611415863037 -1.5803741216659546 0.7028542160987854 0.24794009327888489 0.1577659547328949 24.61149787902832 0.070601783692836761 2.5668527996458579e-06 1.6691383564193529e-07 0.022050974890589714 -5.9536105823099206e-08 -1.1739917482600504e-08 27 31.689369201660156 0.243784099817276 0.98007994890213013
SN: 1879412 10 0 X3 3 0 35.774647000000002 -4.4690500000000002 0.82131999731063843 0.0010000000474974513 0.81984299421310425 0.0010000000474974513 0.81984305381774902 0.0020775585435330868 0 300 0 0 0.024868221953511238 1 1 131274 -9 -9 0.82130002975463867 0.0010000000474974513 35.774524999999997 -4.4691539999999996 0.57400000095367432 0.45100000500679016 -9 11.086999893188477 0.014000000432133675 -9999 -9999 1.1440000534057617 0.34099999070167542 -9.935999870300293 0.34791091084480286 1.2539999485015869 -999 24.889999389648438 23.620000839233398 22.469999313354492 21.889999389648438 0.029999999329447746 0.0099999997764825821 0 0 2.5499999523162842 9.1700000762939453 26.260000228881836 44.759998321533203 26.483650207519531 25.094076156616211 23.951763153076172 23.372774124145508 58045.12890625 12.451904296875 8.9893703460693359 6.7757983207702637 31.441997528076172 riz 0 58042.21875 1.0162129402160645 -1.6528639793395996 0.5207444429397583 -0.1214207261800766 0.057781726121902466 24.228855133056641 0.050209473818540573 3.6513872601062758e-06 1.6885707054825616e-07 0.0017415953334420919 -3.9903678583641522e-08 4.3330855570289373e-10 44 38.134559631347656 0.72020888328552246 0.6836388111114502
SN: 1899029 10 101 X1 3 0 33.891094000000002 -4.4862609999999998 0.62547999620437622 0.0010000000474974513 0.62411397695541382 0.0010000000474974513 0.62411403656005859 0.001908210339024663 0 300 0 0 0.017547888681292534 1 1 136227 -9 -9 0.62550002336502075 0.0010000000474974513 33.891297000000002 -4.4863239999999998 0.7630000114440918 1.0249999761581421 -9 10.510000228881836 0.048000000417232513 -9999 -9999 -0.44600000977516174 6.2210001945495605 -10.925000190734863 6.2218036651611328 1.187000036239624 -999 23.989999771118164 22.370000839233398 21.489999771118164 21.120000839233398 0.029999999329447746 0.0099999997764825821 0 0 4.940000057220459 24.540000915527344 58.240001678466797 78.5 25.765682220458984 24.025314331054688 23.086946487426758 22.762825012207031 58071.05859375 12.75241756439209 10.150694847106934 6.8762402534484863 33.235610961914062 riz 0 58069.90625 0.06969839334487915 1.1002935171127319 0.62381118535995483 0.0028333843220025301 0.054537352174520493 23.19493293762207 0.055476721376180649 9.462961315875873e-06 4.8351898840337526e-07 0.0036990342196077108 -1.8254068834266945e-07 -8.9022371696501068e-09 38 41.259246826171875 0.33007201552391052 0.36688610911369324
SN: 1876533 10 0 X3 3 0 36.780487000000001 -4.078004 0.49099999666213989 0.0010000000474974513 0.48981198668479919 0.0010000000474974513 0.48981201648712158 0.0017951329937204719 0 300 0 0 0.023832192644476891 1 1 -29891 -9 -9 0.49099999666213989 0.0010000000474974513 36.780963 -4.0774210000000002 2.7060000896453857 3.0399999618530273 -9 10.767999649047852 0.010999999940395355 -9999 -9999 0.83600002527236938 0.14399999380111694 -9.9600000381469727 0.15799050033092499 0.94300001859664917 -999 22.219999313354492 21.110000610351562 20.360000610351562 20.090000152587891 0 0 0 0 2.309999942779541 6.5399999618530273 8.6999998092651367 18.120000839233398 26.590970993041992 25.461055755615234 25.151201248168945 24.354604721069336 58036.1484375 26.010124206542969 23.268402099609375 22.126361846923828 73.300285339355469 riz 0 58036.92578125 0.47685101628303528 -1.3831032514572144 0.32748371362686157 0.069988936185836792 0.039879612624645233 23.147113800048828 0.048151731491088867 9.8890504887094721e-06 4.3857329501406639e-07 0.00063829496502876282 -4.1721719412635139e-08 -3.1772577901989507e-09 30 32.116542816162109 0.36212700605392456 0.51670104265213013
SN: 1861164 10 1 C1 3 0 53.776660999999997 -27.3018 0.43500000238418579 0.0010000000474974513 0.4344559907913208 0.0010000000474974513 0.4344559907913208 0.0017494028434157372 0 300 0 0 0.0083082057535648346 1 1 -27363 -9 -9 0.43500000238418579 0.0010000000474974513 53.776701000000003 -27.301981999999999 0.66900002956390381 1.1729999780654907 -9 9.1800003051757812 0.028000000864267349 -9999 -9999 0.36599999666213989 0.82599997520446777 -8.8070001602172852 0.83036196231842041 0.49799999594688416 -999 24.319999694824219 23.260000228881836 22.930000305175781 22.690000534057617 0.019999999552965164 0.0099999997764825821 0.0099999997764825821 0.0099999997764825821 3.5699999332427979 10.130000114440918 12.369999885559082 15.979999542236328 26.118330001831055 24.985977172851562 24.769075393676758 24.491058349609375 58029.34375 23.602598190307617 16.99296760559082 14.168838500976562 68.989021301269531 riz 0 58028.234375 0.33727273344993591 0.29793000221252441 0.34748655557632446 -0.0048559498973190784 0.037158537656068802 22.340229034423828 0.046857133507728577 2.0792589566553943e-05 8.9734612629399635e-07 0.0046330997720360756 -2.0518299947980267e-07 -2.689730749239061e-08 43 40.786983489990234 0.56772226095199585 0.10062047094106674
SN: 1773237 10 0 E1 3 0 7.1694599999999999 -43.127178000000001 0.39289999008178711 0.0010000000474974513 0.39186400175094604 0.0010000000474974513 0.39186406135559082 0.0017146052559837699 0 300 0 0 0.0053981100209057331 1 1 119543 -9 -9 0.39289999008178711 0.0010000000474974513 7.1693899999999999 -43.127187999999997 0.18700000643730164 0.18199999630451202 -9 10.269000053405762 0.014000000432133675 -9999 -9999 1.3689999580383301 0.024000000208616257 -8.8950004577636719 0.033941123634576797 0.55900001525878906 -999 22.010000228881836 20.959999084472656 20.569999694824219 20.219999313354492 0 0 0 0 38.840000152587891 101.23999786376953 147.5 190.97999572753906 23.526802062988281 22.48661994934082 22.078020095825195 21.797531127929688 57998.11328125 16.2532958984375 11.735706329345703 8.4762916564941406 47.007114410400391 riz 0 58000.19140625 0.38548153638839722 -0.27409252524375916 0.40482738614082336 0.043249938637018204 0.048417773097753525 22.33392333984375 0.055283263325691223 2.0913690605084412e-05 1.0648784609657014e-06 0.0037380612920969725 -2.3517860370247945e-07 -3.8880337172031432e-08 38 30.390296936035156 0.80542641878128052 0.17067916691303253
SN: 1797044 10 0 X3 3 0 35.800640000000001 -5.0552359999999998 0.46788999438285828 0.0010000000474974513 0.46670299768447876 0.0010000000474974513 0.46670293807983398 0.0017759754555299878 0 300 0 0 0.021375931799411774 1 2 124291 -9 -9 0.46790000796318054 0.0010000000474974513 35.800815999999998 -5.0552650000000003 0.63999998569488525 0.60199999809265137 -3.1874809265136719 10.083999633789062 0.035999998450279236 -9999 -9999 0.51999998092651367 0.30099999904632568 -9.6239995956420898 0.35810193419456482 0.70999997854232788 -999 23.319999694824219 22.139999389648438 21.719999313354492 21.420000076293945 0.0099999997764825821 0 0 0 9.4799995422363281 28.670000076293945 42.090000152587891 53.439998626708984 25.057979583740234 23.856430053710938 23.439552307128906 23.180334091186523 58010.2109375 33.130191802978516 22.116817474365234 16.752294540405273 68.525070190429688 riz 0 58007.57421875 0.41025334596633911 0.32684630155563354 0.32693520188331604 0.10729469358921051 0.034212931990623474 23.230428695678711 0.040735736489295959 9.1585925474646501e-06 3.4362125234110863e-07 0.00088257534662261605 -5.4328129550640369e-08 -8.6560074663566411e-09 37 27.599382400512695 0.86921864748001099 0.37387514114379883
SN: 1835110 10 1 C2 3 0 54.590888999999997 -28.885368 0.34597998857498169 0.0010000000474974513 0.34550198912620544 0.0010000000474974513 0.34550201892852783 0.0016771380323916674 0 300 0 0 0.0099593484774231911 1 1 125010 -9 -9 0.34599998593330383 0.0010000000474974513 54.591017000000001 -28.885573999999998 0.84299999475479126 1.2269999980926514 -9 8.5950002670288086 0.043999999761581421 -9999 -9999 -0.045000001788139343 0.46599999070167542 -8.6400003433227539 0.48600411415100098 0.082000002264976501 -999 24.059999465942383 23.440000534057617 23.389999389648438 23.190000534057617 0.019999999552965164 0.0099999997764825821 0.019999999552965164 0.019999999552965164 3.7699999809265137 7.4899997711181641 7.940000057220459 9.75 26.059146881103516 25.31379508972168 25.250448226928711 25.027488708496094 58019.1953125 56.978065490722656 52.828090667724609 39.014949798583984 116.40850067138672 griz 0 58018.2265625 0.24018481373786926 0.64642632007598877 0.20130512118339539 -0.14031922817230225 0.017120324075222015 21.48832893371582 0.022507933899760246 4.5568911446025595e-05 9.4466969358109054e-07 0.00049812631914392114 -1.0807489303488182e-07 -8.8663290043200504e-09 54 42.110427856445312 0.88007164001464844 0.51497739553451538
SN: 1898053 10 0 E2 3 0 10.00567 -44.380778999999997 0.81613999605178833 0.0010000000474974513 0.8148530125617981 0.0010000000474974513 0.81485295295715332 0.0020731829572468996 0 300 0 0 0.0060743577778339386 1 1 135793 -9 -9 0.81610000133514404 0.0010000000474974513 10.005988 -44.380831000000001 0.83899998664855957 1.1770000457763672 -9 9.8529996871948242 0.029999999329447746 -9999 -9999 0.84399998188018799 0.16699999570846558 -8.9829998016357422 0.18431766331195831 0.098999999463558197 -999 23.840000152587891 23.280000686645508 22.629999160766602 22.440000534057617 0.019999999552965164 0.0099999997764825821 0.0099999997764825821 0.0099999997764825821 3.7000000476837158 7.7600002288818359 15.800000190734863 17.620000839233398 26.079496383666992 25.275344848632812 24.50335693359375 24.384984970092773 58071.04296875 8.790675163269043 7.1058797836303711 4.339411735534668 23.512908935546875 riz 0 58072.796875 1.2892414331436157 0.60454475879669189 0.91705727577209473 0.014117958024144173 0.068976625800132751 23.970417022705078 0.067932039499282837 4.6326899791893084e-06 2.89856870949734e-07 0.0053408467210829258 -1.6601286745299149e-07 3.1066940131552201e-09 35 45.139045715332031 0.11714871227741241 0.20693692564964294
SN: 1901059 10 1 X1 3 0 34.972672000000003 -4.1477149999999998 0.25229001045227051 0.0010000000474974513 0.25125700235366821 0.0010000000474974513 0.25125694274902344 0.0016024149954319 0 300 0 0 0.017363227903842926 1 1 136104 -9 -9 0.25229999423027039 0.0010000000474974513 34.972777000000001 -4.1478429999999999 0.59500002861022949 0.78799998760223389 -9 9.1709995269775391 0.024000000208616257 -9999 -9999 0.40700000524520874 0.84200000762939453 -8.758000373840332 0.84507280588150024 0.52499997615814209 -999 23.090000152587891 22.409999847412109 22.139999389648438 22.010000228881836 0.019999999552965164 0.0099999997764825821 0.0099999997764825821 0.0099999997764825821 11.680000305175781 23.950000762939453 27.889999389648438 35.770000457763672 24.831392288208008 24.051736831665039 23.886379241943359 23.616203308105469 58076.125 59.299591064453125 55.048587799072266 39.512142181396484 184.85379028320312 griz 0 58078.60546875 0.18776425719261169 1.0069295167922974 0.15922039747238159 -0.020832117646932602 0.015239283442497253 20.922689437866211 0.020063078030943871 7.6722695666830987e-05 1.4177417142491322e-06 0.00045793535537086427 -1.194190133446682e-07 -1.4424638372645404e-08 40 20.688993453979492 0.9950442910194397 0.34275108575820923
SN: 1879649 10 23 C1 3 0 54.782490000000003 -26.191348999999999 0.12020000070333481 0.0010000000474974513 0.11978700011968613 0.0010000000474974513 0.11978697776794434 0.0015018644044175744 0 300 0 0 0.011556887999176979 1 1 507137 -9 -9 0.12020000070333481 0.0010000000474974513 54.787869000000001 -26.176155000000001 57.390998840332031 2.3949999809265137 -9 11.604999542236328 0.028999999165534973 -9999 -9999 -0.43799999356269836 3.4500000476837158 -12.017000198364258 3.4500701427459717 1.0679999589920044 -999 26.319999694824219 27.700000762939453 24.190000534057617 24.290000915527344 0.14000000059604645 0.73000001907348633 0.039999999105930328 0.05000000074505806 45.169998168945312 72 87.290000915527344 83.550003051757812 23.362874984741211 22.856668472290039 22.647588729858398 22.695133209228516 58064.3203125 76.167579650878906 64.180229187011719 5.0135903358459473 129.710205078125 gri 0 58063.8671875 0.35421326756477356 -2.3538506031036377 0.32538315653800964 0.055889837443828583 0.089581400156021118 20.299413681030273 0.14504668116569519 0.0001362181210424751 1.8197777535533533e-05 0.012512026354670525 -3.2960920179903042e-06 -1.7298760894846055e-06 7 11.511673927307129 0.11780505627393723 0.8064311146736145
SN: 1968046 10 0 C1 3 0 54.753371999999999 -26.418161000000001 0.27301999926567078 0.0010000000474974513 0.2725520133972168 0.0010000000474974513 0.2725520133972168 0.0016191202448680997 0 300 0 0 0.011324598453938961 1 1 -36379 -9 -9 0.27300000190734863 0.0010000000474974513 54.753632000000003 -26.418293999999999 0.9649999737739563 0.79400002956390381 -9 10.77400016784668 0.074000000953674316 -9999 -9999 0.22900000214576721 8.0550003051757812 -10.546999931335449 8.0571470260620117 1.5290000438690186 -999 21.549999237060547 20.120000839233398 19.549999237060547 19.229999542236328 0 0 0 0 46.959999084472656 196.6300048828125 308.80999755859375 382.17999267578125 23.3206787109375 21.765876770019531 21.275772094726562 21.044330596923828 58154.08984375 43.244270324707031 34.363739013671875 23.272344589233398 83.026298522949219 griz 0 58149.99609375 0.28557074069976807 -0.92910850048065186 0.31456118822097778 -0.082909815013408661 0.027379488572478294 21.319206237792969 0.033342696726322174 5.3249725169735029e-05 1.6352861393897911e-06 0.0037761183921247721 -3.4690143024818099e-07 -2.9329742190498109e-08 16 11.796982765197754 0.75783294439315796 0.41508316993713379
SN: 1942106 10 0 C2 3 0 54.805518999999997 -29.841822000000001 0.56638002395629883 0.0010000000474974513 0.56584000587463379 0.0010000000474974513 0.56584000587463379 0.0018587972735986114 0 300 0 0 0.010456971824169159 1 3 148974 -9 -9 0.56639999151229858 0.0010000000474974513 54.805757999999997 -29.841885999999999 0.77999997138977051 0.65399998426437378 -3.8140883445739746 11.185999870300293 0.041999999433755875 -9999 -9999 -0.1120000034570694 9.8879995346069336 -11.270999908447266 9.8881072998046875 1.4160000085830688 -999 23.309999465942383 21.479999542236328 20.549999237060547 20.090000152587891 0.0099999997764825821 0 0 0 10.649999618530273 63.540000915527344 149.41000366210938 221.89999389648438 24.931625366210938 22.992382049560547 22.064050674438477 21.634607315063477 58132.13671875 18.933038711547852 10.144077301025391 9.4855489730834961 37.197422027587891 riz 0 58130.62890625 1.1182231903076172 1.0732296705245972 0.80373847484588623 0.092299707233905792 0.05523063987493515 23.33232307434082 0.048662982881069183 8.338163752341643e-06 3.7371870575952926e-07 0.0029953480698168278 -1.7251555561870191e-07 -9.4398373562398774e-09 19 23.149127960205078 0.23083722591400146 0.47184571623802185
SN: 1915184 10 0 X3 3 0 36.577454000000003 -4.300878 0.52582001686096191 0.0010000000474974513 0.52460098266601562 0.0010000000474974513 0.52460098266601562 0.0018241464858874679 0 300 0 0 0.021665878593921661 2 3 141045 -9 -9 0.52579998970031738 0.0010000000474974513 36.577899000000002 -4.3008730000000002 1.5970000028610229 1.6080000400543213 -1.2812783718109131 9.810999870300293 0.0040000001899898052 -9999 -9999 1.6119999885559082 1.0529999732971191 -8.1979999542236328 1.0532734394073486 0.23499999940395355 -999 22.879999160766602 21.979999542236328 21.670000076293945 21.510000228881836 0 0 0 0 7.7300000190734863 22.170000076293945 25.889999389648438 25.5 25.279550552368164 24.135585784912109 23.967170715332031 23.983650207519531 58099.171875 44.940082550048828 37.485027313232422 30.973194122314453 101.86580657958984 riz 0 58098.56640625 0.35065686702728271 0.92655903100967407 0.29340106248855591 0.018996506929397583 0.02852417528629303 22.957939147949219 0.03154253214597702 1.1771300705731846e-05 3.4197682907688431e-07 0.0020882685203105211 -5.9251590300846146e-08 -6.9060686058719511e-09 25 22.7784423828125 0.5904991626739502 0.31527736783027649
SN: 1924103 10 0 X2 3 0 35.111342999999998 -7.1633190000000004 0.46498998999595642 0.0010000000474974513 0.4638029932975769 0.0010000000474974513 0.46380305290222168 0.0017735781148076057 0 300 0 0 0.020256858319044113 1 1 143892 -9 -9 0.46500000357627869 0.0010000000474974513 35.111195000000002 -7.1632660000000001 0.56099998950958252 0.43200001120567322 -9 10.812999725341797 0.013000000268220901 -9999 -9999 1.0069999694824219 0.289000004529953 -9.7849998474121094 0.29099312424659729 0.83899998664855957 -999 22.520000457763672 21.239999771118164 20.700000762939453 20.319999694824219 0.0099999997764825821 0 0 0 23.420000076293945 79.510002136230469 123.73999786376953 184.58000183105469 24.076032638549805 22.748945236206055 22.26872444152832 21.834537506103516 58109.05859375 24.311119079589844 17.987506866455078 11.644610404968262 46.696052551269531 riz 0 58111.953125 0.58472883701324463 0.081995517015457153 0.51753383874893188 -0.012254194356501102 0.046814791858196259 22.690069198608398 0.047360140830278397 1.5065116713230964e-05 6.5714493757695891e-07 0.0049446853809058666 -1.7183778311391507e-07 -2.2080742567709422e-08 20 19.414688110351562 0.49503621459007263 0.049148064106702805
SN: 1847151 10 0 S2 3 0 41.519858999999997 -0.93913999999999997 0.40786001086235046 0.0010000000474974513 0.40683600306510925 0.0010000000474974513 0.40683603286743164 0.0017267973162233829 0 300 0 0 0.025372428819537163 2 3 126337 -9 -9 0.40790000557899475 0.0010000000474974513 41.519762999999998 -0.93964300000000001 1.8420000076293945 0.98299998044967651 -2.1201984882354736 10.852999687194824 0.017000000923871994 -9999 -9999 1.0770000219345093 9.6230001449584961 -9.7720003128051758 9.6232194900512695 1.2849999666213989 -999 22.809999465942383 21.159999847412109 20.620000839233398 20.239999771118164 0.0099999997764825821 0 0 0 7.4200000762939453 36.080001831054688 58.459999084472656 85.139999389648438 25.323989868164062 23.606834411621094 23.082853317260742 22.674665451049805 58021.28125 13.931689262390137 12.216833114624023 8.4815349578857422 34.988166809082031 riz 0 58015.91015625 0.82319653034210205 -0.75210034847259521 0.58394372463226318 0.19510263204574585 0.061175722628831863 22.972274780273438 0.072433330118656158 1.161689760920126e-05 7.7500465067714686e-07 0.0039937971159815788 -1.3834244327881606e-07 -4.0829998937397249e-08 38 46.973136901855469 0.15079127252101898 0.6969902515411377
SN: 1892217 10 0 C1 3 0 54.639729000000003 -26.261178999999998 0.40948998928070068 0.0010000000474974513 0.4089680016040802 0.0010000000474974513 0.40896797180175781 0.0017285371432080865 0 300 0 0 0.011347644962370396 1 2 134108 -9 -9 0.40950000286102295 0.0010000000474974513 54.640262999999997 -26.261752999999999 2.6930000782012939 2.4159998893737793 -1.0023103952407837 10.395999908447266 0.018999999389052391 -9999 -9999 0.99699997901916504 0.96700000762939453 -9.3970003128051758 0.96804648637771606 0.98299998044967651 -999 22.829999923706055 21.360000610351562 20.879999160766602 20.549999237060547 0.0099999997764825821 0 0 0 2.7599999904632568 6.1500000953674316 9.4600000381469727 11.640000343322754 26.397727966308594 25.527812957763672 25.060272216796875 24.835117340087891 58064.3203125 31.199853897094727 21.683645248413086 12.506209373474121 73.2532958984375 riz 0 58064.5625 0.3387846052646637 0.15102227032184601 0.32463857531547546 -0.060223177075386047 0.03753245621919632 22.177263259887695 0.045256383717060089 2.4159875465556979e-05 1.007048126666632e-06 0.0023760348558425903 -1.852193065587926e-07 -3.0037806908467246e-08 32 25.185491561889648 0.79844778776168823 0.20695967972278595
SN: 1784110 10 0 X1 3 0 34.767456000000003 -4.1183800000000002 0.46114000678062439 0.0010000000474974513 0.45993000268936157 0.0010000000474974513 0.4599299430847168 0.0017703785561025143 0 300 0 0 0.017926806584000587 1 1 121703 -9 -9 0.4611000120639801 0.0010000000474974513 34.767572999999999 -4.118862 1.784000039100647 1.5290000438690186 -9 10.501999855041504 0.017999999225139618 -9999 -9999 0.58700001239776611 0.028999999165534973 -9.9110002517700195 0.091706052422523499 0.70999997854232788 -999 22.920000076293945 21.780000686645508 21.270000457763672 20.930000305175781 0.0099999997764825821 0 0 0 8.4700002670288086 24.149999618530273 37.959999084472656 50.270000457763672 25.180292129516602 24.042707443237305 23.551685333251953 23.246726989746094 58004.31640625 13.295613288879395 10.908355712890625 7.450347900390625 40.061691284179688 riz 0 58005.953125 0.55785894393920898 1.7069106101989746 0.6229407787322998 0.14406067132949829 0.056492343544960022 22.792808532714844 0.074383288621902466 1.3704930097446777e-05 9.3891844699101057e-07 0.0096635743975639343 -4.1510526216370636e-07 -3.8553256587192664e-08 45 61.916553497314453 0.047747224569320679 0.74452757835388184
SN: 1910065 10 0 E2 3 0 9.3782399999999999 -44.134639999999997 0.5798799991607666 0.0010000000474974513 0.57874900102615356 0.0010000000474974513 0.57874894142150879 0.0018696992192417383 0 300 0 0 0.0071369539946317673 1 4 545486 -9 -9 0.57990002632141113 0.0010000000474974513 9.3783539999999999 -44.134630999999999 0.29699999094009399 0.086999997496604919 -5.850311279296875 10.194000244140625 0.013000000268220901 -9999 -9999 2.1110000610351562 0.094999998807907104 -8.0749998092651367 0.099929973483085632 -0.0040000001899898052 -999 23.590000152587891 22.809999465942383 22.479999542236328 22.389999389648438 0.0099999997764825821 0.0099999997764825821 0.0099999997764825821 0.0099999997764825821 8.119999885559082 16.590000152587891 22.840000152587891 25.420000076293945 25.226110458374023 24.450384140014648 24.103260040283203 23.987060546875 58093.05859375 8.0551729202270508 7.2185397148132324 5.748344898223877 21.754613876342773 riz 0 58087.03125 1.1227095127105713 -0.053167004138231277 0.97701770067214966 0.17404821515083313 0.085177987813949585 23.382522583007812 0.085926957428455353 7.9614346759626642e-06 6.3008110373630188e-07 0.01490931399166584 -3.8555705828002829e-07 -2.9846326299320936e-08 29 11.733159065246582 0.9981500506401062 0.58043128252029419
SN: 1921361 10 1 C2 3 0 54.858913000000001 -28.851628999999999 0.34505999088287354 0.0010000000474974513 0.3445889949798584 0.0010000000474974513 0.3445889949798584 0.0016764047322794795 0 300 0 0 0.012390259653329849 1 1 142073 -9 -9 0.34509998559951782 0.0010000000474974513 54.859003000000001 -28.851613 0.28999999165534973 0.53799998760223389 -9 8.3680000305175781 0.064000003039836884 -9999 -9999 0.18899999558925629 1.1480000019073486 -8.1339998245239258 1.1599396467208862 0.27099999785423279 -999 24.760000228881836 24.049999237060547 23.950000762939453 23.700000762939453 0.029999999329447746 0.029999999329447746 0.029999999329447746 0.029999999329447746 2.5699999332427979 4.929999828338623 5.619999885559082 7.0199999809265137 26.475166320800781 25.76788330078125 25.625659942626953 25.384157180786133 58099.1875 68.311134338378906 53.709583282470703 51.839122772216797 152.87010192871094 griz 0 58104.16015625 0.2754690945148468 1.3356989622116089 0.21941521763801575 -0.057237699627876282 0.017104832455515862 21.622581481933594 0.023377489298582077 4.0268649172503501e-05 8.6704295654271846e-07 0.00077103957301005721 -1.1766889684849957e-07 -8.5387377168899548e-09 39 31.770893096923828 0.78773665428161621 0.48439046740531921
SN: 1945100 10 0 C3 3 0 52.614922 -27.399656 0.66526001691818237 0.0010000000474974513 0.66459697484970093 0.0010000000474974513 0.6645970344543457 0.0019428281811997294 0 300 0 0 0.0071824798360466957 1 1 149032 -9 -9 0.66530001163482666 0.0010000000474974513 52.615054999999998 -27.399785999999999 0.63300001621246338 0.93199998140335083 -9 10.220000267028809 0.0070000002160668373 -9999 -9999 0.33799999952316284 0.18199999630451202 -9.8859996795654297 0.19227063655853271 1.3179999589920044 -999 25.309999465942383 24.030000686645508 23.239999771118164 22.780000686645508 0.029999999329447746 0.0099999997764825821 0.0099999997764825821 0.0099999997764825821 1.6599999666213989 5.2600002288818359 10.609999656677246 15.569999694824219 26.949729919433594 25.697536468505859 24.935710906982422 24.519279479980469 58132.06640625 23.333440780639648 15.581631660461426 12.969198226928711 41.946128845214844 riz 0 58130.32421875 0.72259855270385742 -1.9656081199645996 0.50360721349716187 -0.074584923684597015 0.058349594473838806 24.234661102294922 0.044437255710363388 3.6319124774308875e-06 1.486477287926391e-07 0.0086484961211681366 -4.0952077284828192e-08 -3.8854013340028359e-09 17 24.826669692993164 0.098657064139842987 0.70078575611114502
SN: 1898252 10 0 C2 3 0 54.963389999999997 -29.832905 0.74630999565124512 0.0010000000474974513 0.74571198225021362 0.0010000000474974513 0.7457120418548584 0.0020128532778471708 0 300 0 0 0.010540292598307133 1 2 -33168 -9 -9 0.74629998207092285 0.0010000000474974513 54.963479 -29.833127999999999 0.84899997711181641 0.94099998474121094 -3.1560015678405762 11.020999908447266 0.070000000298023224 -9999 -9999 0.097999997437000275 0.82300001382827759 -10.979999542236328 0.86461204290390015 1.371999979019165 -999 24.840000152587891 22.840000152587891 21.649999618530273 21.149999618530273 0.039999999105930328 0.0099999997764825821 0 0 2.7599999904632568 16.239999771118164 50.049999237060547 76.970001220703125 26.397727966308594 24.473535537719727 23.251489639282227 22.784194946289062 58064.30859375 11.167187690734863 8.7382307052612305 5.3913793563842773 28.010744094848633 riz 0 58071.31640625 0.84775471687316895 -0.41556468605995178 0.67388319969177246 -0.16422688961029053 0.062954574823379517 23.476926803588867 0.059211328625679016 7.298431228264235e-06 3.9802469586902589e-07 0.011559914797544479 -1.759199079742757e-07 -5.8026372595776365e-10 44 35.520473480224609 0.81519091129302979 0.56467700004577637
SN: 1770386 10 0 E2 3 0 9.657095 -44.625247999999999 0.36891999840736389 0.0010000000474974513 0.36795300245285034 0.0010000000474974513 0.36795306205749512 0.0016952265286818147 0 300 0 0 0.0065758167766034603 1 1 119738 -9 -9 0.36890000104904175 0.0010000000474974513 9.6571060000000006 -44.625872999999999 2.25 1.9309999942779541 -9 10.730999946594238 0.035000000149011612 -9999 -9999 0.6679999828338623 0.31700000166893005 -10.078000068664551 0.33587199449539185 1.4359999895095825 -999 22.920000076293945 21.309999465942383 20.629999160766602 20.239999771118164 0.0099999997764825821 0 0 0 5.5999999046325684 18.020000457763672 35.759998321533203 57.150001525878906 25.62952995300293 24.360612869262695 23.616506576538086 23.107460021972656 57998.12890625 31.668027877807617 29.320274353027344 20.587499618530273 79.926605224609375 griz 0 57997.86328125 0.25672546029090881 -1.2794656753540039 0.28167366981506348 -0.053480014204978943 0.023240562528371811 22.12055778503418 0.030284121632575989 2.545523238950409e-05 7.1001534251990961e-07 0.0020392939914017916 -1.2421260464634543e-07 -8.8686720189912194e-09 51 39.079120635986328 0.8887442946434021 0.46224614977836609
SN: 1773049 10 1 E2 3 0 10.422537999999999 -44.600613000000003 0.35117998719215393 0.0010000000474974513 0.35023099184036255 0.0010000000474974513 0.35023093223571777 0.0016809393418952823 0 300 0 0 0.0055381003767251968 1 2 119759 -9 -9 0.35120001435279846 0.0010000000474974513 10.422482 -44.600783 0.62999999523162842 0.64300000667572021 -3.2433712482452393 10.27299976348877 0.0070000002160668373 -9999 -9999 0.70099997520446777 0.043999999761581421 -9.5659999847412109 0.053823787719011307 1.1000000238418579 -999 22.790000915527344 21.659999847412109 21.180000305175781 20.829999923706055 0.0099999997764825821 0 0 0 17.479999542236328 51.169998168945312 78.349998474121094 110.18000030517578 24.393646240234375 23.227462768554688 22.764902114868164 22.394742965698242 57998.12890625 54.069744110107422 48.179378509521484 31.684940338134766 130.60369873046875 griz 0 57996.234375 0.23953920602798462 0.86193472146987915 0.23194026947021484 -0.080812625586986542 0.016284480690956116 21.646940231323242 0.021835757419466972 3.9375285268761218e-05 7.9189510415744735e-07 0.00092462857719510794 -1.1702810098768168e-07 -6.2766387642909649e-09 47 45.417030334472656 0.53828585147857666 0.39384141564369202
SN: 1915067 10 0 E2 3 0 9.0394000000000005 -44.052143000000001 0.45803999900817871 0.0010000000474974513 0.45699098706245422 0.0010000000474974513 0.45699095726013184 0.0017679524607956409 0 300 0 0 0.0050953379832208157 1 1 140360 -9 -9 0.45800000429153442 0.0010000000474974513 9.0397719999999993 -44.052300000000002 1.1169999837875366 0.85900002717971802 -9 10.737000465393066 0.0030000000260770321 -9999 -9999 1.0809999704360962 0.16500000655651093 -9.6780004501342773 0.16846661269664764 0.97399997711181641 -999 22.610000610351562 21.319999694824219 20.809999465942383 20.440000534057617 0.0099999997764825821 0 0 0 14.539999961853027 57.229999542236328 83.80999755859375 117.15000152587891 24.593589782714844 23.105939865112305 22.691761016845703 22.328144073486328 58099.14453125 20.545307159423828 15.348484992980957 10.713781356811523 42.909061431884766 riz 0 58098.7734375 0.69865614175796509 0.7232092022895813 0.62267458438873291 0.14933332800865173 0.04942544549703598 22.853347778320312 0.05275484174489975 1.2961678294232115e-05 6.297950676525943e-07 0.0050095021724700928 -2.0934047029186331e-07 -2.2568805491118837e-08 20 10.753453254699707 0.95236724615097046 0.55307984352111816
SN: 1937078 10 0 X1 3 0 34.742367000000002 -4.6884329999999999 0.45644998550415039 0.0010000000474974513 0.45524600148200989 0.0010000000474974513 0.4552459716796875 0.0017665127525106072 0 300 0 0 0.016540130600333214 1 1 147328 -9 -9 0.45640000700950623 0.0010000000474974513 34.742489999999997 -4.6883509999999999 0.53100001811981201 0.68199998140335083 -9 9.6059999465942383 0.014999999664723873 -9999 -9999 1.5470000505447388 0.37200000882148743 -8.0430002212524414 0.37328943610191345 0.18999999761581421 -999 22.530000686645508 21.809999465942383 21.549999237060547 21.370000839233398 0.0099999997764825821 0 0 0 19.899999618530273 46 57.580001831054688 66.129997253417969 24.252866744995117 23.343105316162109 23.099321365356445 22.949003219604492 58109.05078125 11.838918685913086 10.454888343811035 9.8560256958007812 32.429519653320312 riz 0 58115.16015625 0.70815461874008179 -1.107835054397583 0.7207292914390564 0.20890668034553528 0.067761167883872986 23.302419662475586 0.078657791018486023 8.5710125858895481e-06 6.209398861756199e-07 0.013860374689102173 -2.0477581585964799e-07 -3.385002855793573e-08 17 14.101531982421875 0.65990227460861206 0.7882116436958313
SN: 1902212 10 0 C3 3 0 52.719814 -28.292895999999999 0.2821899950504303 0.0010000000474974513 0.28168898820877075 0.0010000000474974513 0.28168892860412598 0.0016263207653537393 0 300 0 0 0.0080801462754607201 1 1 -36143 -9 -9 0.28220000863075256 0.0010000000474974513 52.720450999999997 -28.292815000000001 2.0399999618530273 1.6130000352859497 -9 9.5780000686645508 0.0020000000949949026 -9999 -9999 1.4639999866485596 0.19099999964237213 -8.1059999465942383 0.19204427301883698 0.23299999535083771 -999 21.860000610351562 21.239999771118164 20.969999313354492 20.799999237060547 0 0 0 0 20.370000839233398 30.590000152587891 39.340000152587891 45.630001068115234 24.227521896362305 23.786050796508789 23.512914657592773 23.351873397827148 58053.11328125 55.881877899169922 54.672393798828125 39.707386016845703 174.9970703125 griz 0 58048.796875 0.17926850914955139 -0.28522962331771851 0.14828824996948242 0.24379675090312958 0.017191220074892044 22.588661193847656 0.021459696814417839 1.6540001524845138e-05 3.2691497153791715e-07 0.00030367885483428836 -1.8119187927823077e-08 -4.1852032950373541e-09 39 43.181072235107422 0.29722198843955994 0.81819862127304077
SN: 1780045 10 0 C2 3 0 55.173667999999999 -29.151709 0.24325999617576599 0.0010000000474974513 0.24283400177955627 0.0010000000474974513 0.24283397197723389 0.001595837646164 0 300 0 0 0.011959258466959 2 2 479192 -9 -9 0.24330000579357147 0.0010000000474974513 55.173667999999999 -29.151709 0 0 -10.22989559173584 10.697999954223633 0.012000000104308128 -9999 -9999 1.2450000047683716 0.35600000619888306 -9.4449996948242188 0.35702240467071533 1.003000020980835 -999 -10 -10 -10 -10 -10 -10 -10 -10 34.5 74.209999084472656 111.16999816894531 140.86000061035156 23.655452728271484 22.823844909667969 22.385030746459961 22.128030776977539 57994.2890625 55.150577545166016 48.796272277832031 34.421272277832031 142.04664611816406 griz 0 57996.18359375 0.35155570507049561 1.0498136281967163 0.22058403491973877 -0.022075746208429337 0.016128866001963615 20.944770812988281 0.020237931981682777 7.5178199040237814e-05 1.4013083955433103e-06 0.00051705248188227415 -1.2503181778811268e-07 -1.4112186086379097e-08 39 39.289630889892578 0.4569014310836792 0.35759109258651733
SN: 1934353 10 0 X1 3 0 34.403464999999997 -4.3575499999999998 0.51440602540969849 0.0010000000474974513 0.51314502954483032 0.0010000000474974513 0.51314496994018555 0.0018145698122680187 0 300 0 0 0.018518496304750443 1 1 -32789 -9 -9 0.51440000534057617 0.0010000000474974513 34.403343999999997 -4.3575999999999997 0.47200000286102295 0.56800001859664917 -9 9.1529998779296875 0.041000001132488251 -9999 -9999 -0.014999999664723873 0.13300000131130219 -9.1599998474121094 0.16760966181755066 0.164000004529953 -999 24.389999389648438 23.420000076293945 23.159999847412109 23.069999694824219 0.05000000074505806 0.019999999552965164 0.019999999552965164 0.019999999552965164 2.8599998950958252 7.9099998474121094 10.340000152587891 11.829999923706055 26.359085083007812 25.254558563232422 24.963699340820312 24.817539215087891 58113.0546875 13.109954833984375 12.929198265075684 -99 34.426029205322266 iz 0 58115.578125 0.89515489339828491 -1.6079705953598022 0.97180986404418945 0.18807308375835419 0.11244723200798035 23.02099609375 0.13400763273239136 1.1107129466836341e-05 1.3709041013498791e-06 0.012163013219833374 -3.4988602237717714e-07 -1.4768990297397977e-07 10 6.5060214996337891 0.77111059427261353 0.82480418682098389
SN: 1892072 10 0 C3 3 0 53.043118 -28.288332 0.92912000417709351 0.0010000000474974513 0.92837697267532349 0.0010000000474974513 0.92837691307067871 0.0021733846515417099 0 300 0 0 0.0067679858766496181 1 1 -33998 -9 -9 0.92909997701644897 0.0010000000474974513 53.043396999999999 -28.288321 0.88400000333786011 0.94700002670288086 -9 11.312000274658203 0.026000000536441803 -9999 -9999 0.51200002431869507 0.41100001335144043 -10.814999580383301 0.42598709464073181 1.3910000324249268 -999 25.040000915527344 23.190000534057617 22.010000228881836 21.159999847412109 0.019999999552965164 0 0 0 2.8399999141693115 9.9499998092651367 32.930000305175781 61.229999542236328 26.366704940795898 25.005441665649414 23.706020355224609 23.032588958740234 58064.26171875 12.792411804199219 10.422029495239258 -99 33.75030517578125 iz 0 58062.8515625 0.82636582851409912 -0.57187598943710327 0.54423224925994873 0.070562064647674561 0.10893481969833374 24.307687759399414 0.049069222062826157 3.3956673632928869e-06 1.5346523696280201e-07 0.012643076479434967 -5.3714543923888414e-08 -3.6297491678993765e-09 31 26.446578979492188 0.69966286420822144 0.30275449156761169
SN: 1814082 10 0 X2 3 0 35.964188 -6.7851879999999998 0.64981001615524292 0.0010000000474974513 0.64849197864532471 0.0010000000474974513 0.64849197864532471 0.0019290290074422956 0 300 0 0 0.023792821913957596 1 4 124150 -9 -9 0.64980000257492065 0.0010000000474974513 35.964303999999998 -6.7852459999999999 0.46299999952316284 0.39800000190734863 -4.3143701553344727 11.229999542236328 0.064000003039836884 -9999 -9999 -2.2019999027252197 7.7979998588562012 -13.479999542236328 7.8008270263671875 1.3899999856948853 -999 23.709999084472656 21.969999313354492 20.909999847412109 20.450000762939453 0.019999999552965164 0 0 0 7.4800000190734863 35.909999847412109 97.269996643066406 141.69000244140625 25.31524658203125 23.611961364746094 22.530052185058594 22.121650695800781 58010.1953125 9.5044088363647461 6.2439594268798828 5.2445154190063477 21.105033874511719 riz 0 58012.67578125 1.4926469326019287 0.49012491106987 0.99954092502593994 0.26579377055168152 0.10534916073083878 23.526668548583984 0.10899238288402557 6.9716043071821332e-06 6.9984935180400498e-07 0.031304944306612015 -4.6196936409614864e-07 -5.3263164545569452e-08 45 43.697132110595703 0.52717322111129761 0.9009164571762085
SN: 1826039 10 0 C3 3 0 52.910094999999998 -27.696438000000001 0.83987599611282349 0.0010000000474974513 0.83915597200393677 0.0010000000474974513 0.83915591239929199 0.0020945188589394093 0 300 0 0 0.0068775974214076996 2 4 125295 -9 -9 0.83990001678466797 0.0010000000474974513 52.910223000000002 -27.696193999999998 0.97000002861022949 1.1319999694824219 -1.9315115213394165 10.147000312805176 0.0020000000949949026 -9999 -9999 1.8990000486373901 0 -8.2530002593994141 0.05299999937415123 0.35699999332427979 -999 23.799999237060547 23.149999618530273 22.399999618530273 22.049999237060547 0.0099999997764825821 0 0 0 5.5500001907348633 10.529999732971191 21.149999618530273 29.780000686645508 25.639266967773438 24.943929672241211 24.186723709106445 23.815187454223633 58007.37890625 15.74278450012207 13.583724975585938 -99 33.201702117919922 iz 0 58013.69140625 0.86096012592315674 -0.048255119472742081 0.53731763362884521 0.096018142998218536 0.10624225437641144 24.231443405151367 0.058471076190471649 3.6426911265152739e-06 1.9617294810814201e-07 0.0015716373454779387 -5.5291472733642877e-08 -1.1816861267277545e-08 32 40.239086151123047 0.15043075382709503 0.32046440243721008
SN: 1936353 10 0 X2 3 0 35.919429999999998 -6.4950599999999996 0.69290000200271606 0.0010000000474974513 0.69154399633407593 0.0010000000474974513 0.6915440559387207 0.0019659961108118296 0 300 0 0 0.024209598079323769 1 1 96630 -9 -9 0.69290000200271606 0.0010000000474974513 35.919590999999997 -6.49505 0.57800000905990601 0.64999997615814209 -9 10.939999580383301 0.019999999552965164 -9999 -9999 -1.0900000333786011 1.7630000114440918 -12.034999847412109 1.7646373510360718 1.4850000143051147 -999 24.399999618530273 22.469999313354492 21.350000381469727 20.899999618530273 0.029999999329447746 0.0099999997764825821 0 0 3.8499999046325684 24.370000839233398 68.739997863769531 103.40000152587891 26.036348342895508 24.032861709594727 22.906976699829102 22.463699340820312 58113.06640625 10.109166145324707 7.2473139762878418 4.6629281044006348 21.054502487182617 riz 0 58118.84375 0.83941483497619629 -2.654951810836792 0.59572303295135498 -0.10747195035219193 0.08786289393901825 23.662502288818359 0.063856951892375946 6.151756679173559e-06 3.6181205587126897e-07 0.010669603943824768 -3.0155382635399519e-09 -4.0056939987209716e-09 17 25.062326431274414 0.093323223292827606 0.95474207401275635
SN: 1929216 10 1 X1 3 0 34.725720000000003 -4.0495539999999997 0.33695000410079956 0.0010000000474974513 0.33584100008010864 0.0010000000474974513 0.33584094047546387 0.0016693869838491082 0 300 0 0 0.018247669562697411 1 2 144723 -9 -9 0.33700001239776611 0.0010000000474974513 34.725737000000002 -4.0492460000000001 1.1119999885559082 1.1660000085830688 -2.6940088272094727 10.020000457763672 0.014999999664723873 -9999 -9999 1.0279999971389771 0.010999999940395355 -8.9829998016357422 0.036687873303890228 0.60699999332427979 -999 22.010000228881836 21.25 20.889999389648438 20.559999465942383 0.0099999997764825821 0 0 0 27.860000610351562 63.950000762939453 90.19000244140625 104.15000152587891 23.887546539306641 22.985397338867188 22.612104415893555 22.455852508544922 58122.08984375 21.19209098815918 19.838647842407227 14.986915588378906 66.559059143066406 griz 0 58118.296875 0.45415967702865601 1.5002132654190063 0.54175829887390137 0.093655668199062347 0.02847188338637352 22.02155876159668 0.040827937424182892 2.7885360395885073e-05 1.0485988468644791e-06 0.0080990418791770935 -4.1906073988684511e-07 -2.3473742061241865e-08 20 16.034135818481445 0.71450430154800415 0.58951753377914429
SN: 1901798 10 0 X2 3 0 35.139481000000004 -6.5605349999999998 0.47696998715400696 0.0010000000474974513 0.47576999664306641 0.0010000000474974513 0.47576999664306641 0.0017834808677434921 0 300 0 0 0.023335626348853111 1 2 -34764 -9 -9 0.47699999809265137 0.0010000000474974513 35.139446 -6.560511 0.15299999713897705 0.13400000333786011 -5.2941064834594727 10.737000465393066 0.019999999552965164 -9999 -9999 0.62900000810623169 0.18299999833106995 -10.079000473022461 0.20012496411800385 0.92199999094009399 -999 22.75 21.389999389648438 20.790000915527344 20.520000457763672 0.0099999997764825821 0 0 0 17.020000457763672 61.299999237060547 105.55000305175781 141.85000610351562 24.422601699829102 23.031349182128906 22.441354751586914 22.120426177978516 58082.078125 14.361711502075195 7.6526598930358887 5.5373973846435547 28.211942672729492 riz 0 58081.65625 0.66707944869995117 -1.7430837154388428 0.59328025579452515 -0.12742561101913452 0.0777902752161026 23.04340934753418 0.070550046861171722 1.0880184163397644e-05 7.0698342824471183e-07 9.8429045465309173e-05 -1.8735184426077467e-07 -3.0827898456209368e-08 31 26.584554672241211 0.69287121295928955 0.71972757577896118
SN: 1896213 10 0 C3 3 0 52.232731000000001 -27.124613 0.68756997585296631 0.0010000000474974513 0.68688398599624634 0.0010000000474974513 0.68688392639160156 0.0019619825761765242 0 300 0 0 0.0096659697592258453 1 1 134643 -9 -9 0.68760001659393311 0.0010000000474974513 52.233015000000002 -27.125194 2.2820000648498535 1.7970000505447388 -9 11.078000068664551 0.02500000037252903 -9999 -9999 -0.49900001287460327 9.5010004043579102 -11.586999893188477 9.5012884140014648 1.4869999885559082 -999 24.370000839233398 22.459999084472656 21.309999465942383 20.760000228881836 0.0099999997764825821 0 0 0 0.98000001907348633 5.0300002098083496 12.039999961853027 16.790000915527344 27.5 25.74608039855957 24.798433303833008 24.437374114990234 58064.26171875 15.652215003967285 12.752921104431152 12.404582977294922 42.068740844726562 riz 0 58064.2578125 0.56424838304519653 -1.0318405628204346 0.42774388194084167 0.12362086772918701 0.052306283265352249 23.898582458496094 0.043283265084028244 4.9495652092446107e-06 1.9731621136998001e-07 0.0069607635959982872 -4.9883453812071821e-08 -5.2180038068172507e-09 38 51.788375854492188 0.067159287631511688 0.53675013780593872
SN: 1782065 10 0 C2 3 0 54.268028000000001 -29.632283999999999 0.20216000080108643 0.0010000000474974513 0.20173299312591553 0.0010000000474974513 0.20173299312591553 0.0015639979392290115 0 300 0 0 0.0087373033165931702 2 2 121257 -9 -9 0.20219999551773071 0.0010000000474974513 54.268177999999999 -29.632380999999999 0.58600002527236938 0.62000000476837158 -2.717038631439209 10.390999794006348 0.067000001668930054 -9999 -9999 -0.043999999761581421 9.6029996871948242 -10.418000221252441 9.6045398712158203 1.4609999656677246 -999 21.360000610351562 20.120000839233398 19.629999160766602 19.299999237060547 0 0 0 0 62.540000915527344 205.5 319.70001220703125 428.44000244140625 23.009605407714844 21.71796989440918 21.238143920898438 20.92027473449707 57998.38671875 73.291915893554688 54.007522583007812 31.111618041992188 161.69023132324219 griz 0 57996.2734375 0.27053704857826233 -1.2337652444839478 0.18468764424324036 -0.0296158567070961 0.018818825483322144 20.544712066650391 0.023130036890506744 0.00010867134551517665 2.3150855668063741e-06 0.00074504205258563161 -1.729746230694218e-07 -3.036353746210807e-08 41 40.259883880615234 0.50335627794265747 0.42293769121170044
SN: 1898108 10 0 X2 3 0 35.840302000000001 -6.2767600000000003 0.51324999332427979 0.0010000000474974513 0.51203501224517822 0.0010000000474974513 0.51203501224517822 0.0018136431463062763 0 300 0 0 0.025247205048799515 2 2 136290 -9 -9 0.51319998502731323 0.0010000000474974513 35.839955000000003 -6.2766130000000002 1.3500000238418579 1.309999942779541 -1.3453702926635742 10.37600040435791 0.016000000759959221 -9999 -9999 0.4869999885559082 0.018999999389052391 -9.8859996795654297 0.061032779514789581 0.68500000238418579 -999 22.979999542236328 21.819999694824219 21.370000839233398 21.030000686645508 0.0099999997764825821 0 0 0 6.1599998474121094 17.290000915527344 29.120000839233398 33.880001068115234 25.52604866027832 24.405511856079102 23.839521408081055 23.675140380859375 58071.0703125 19.768310546875 12.553485870361328 10.941841125488281 45.758758544921875 riz 0 58073.3125 0.57510006427764893 -0.57328581809997559 0.44233429431915283 -0.044920589774847031 0.046240489929914474 22.911773681640625 0.040711097419261932 1.2282598618185148e-05 4.6055208713369211e-07 -0.00061577849555760622 -8.3475228507268184e-08 -1.2061650345174257e-08 38 31.822151184082031 0.74968880414962769 0.24277162551879883
SN: 1912110 10 0 E2 3 0 9.5461189999999991 -44.113182000000002 0.53873002529144287 0.0010000000474974513 0.53762900829315186 0.0010000000474974513 0.53762900829315186 0.0018350636819377542 0 300 0 0 0.0057114288210868835 1 1 140384 -9 -9 0.53869998455047607 0.0010000000474974513 9.5462190000000007 -44.113157000000001 0.27399998903274536 0.35199999809265137 -9 9.7880001068115234 0.0099999997764825821 -9999 -9999 1.5959999561309814 0 -8.1979999542236328 0.028000000864267349 0.2199999988079071 -999 22.659999847412109 21.840000152587891 21.559999465942383 21.430000305175781 0.0099999997764825821 0 0 0 18.110000610351562 41.349998474121094 55.950000762939453 61.080001831054688 24.355203628540039 23.458810806274414 23.130500793457031 23.035251617431641 58099.14453125 25.18646240234375 16.000581741333008 15.4459228515625 51.495906829833984 riz 0 58096.515625 0.64734876155853271 1.4253878593444824 0.57022374868392944 0.078038327395915985 0.044645659625530243 22.801425933837891 0.04584779217839241 1.3596585631603375e-05 5.7414814591538743e-07 0.0029503277037292719 -2.0020843294332735e-07 -1.459948872906125e-08 23 29.499858856201172 0.16430394351482391 0.54167729616165161
SN: 1943111 10 0 C3 3 0 52.310192000000001 -27.162635999999999 0.3161500096321106 0.0010000000474974513 0.31561699509620667 0.0010000000474974513 0.31561696529388428 0.0016532266745343804 0 300 0 0 0.0090053528547286987 1 1 149306 -9 -9 0.31619998812675476 0.0010000000474974513 52.310760000000002 -27.163143999999999 2.5780000686645508 1.3880000114440918 -9 11.048000335693359 0.023000000044703484 -9999 -9999 0.93900001049041748 0.33700001239776611 -10.309000015258789 0.36378291249275208 1.4700000286102295 -999 21.479999542236328 19.940000534057617 19.280000686645508 18.879999160766602 0 0 0 0 9.7299995422363281 41.540000915527344 54.340000152587891 67.669998168945312 25.029718399047852 23.453834533691406 23.162200927734375 22.924009323120117 58130.05859375 98.578369140625 75.796463012695312 49.774627685546875 222.95388793945312 griz 0 58131.00390625 0.2017190158367157 -0.8140990138053894 0.21089005470275879 0.0065524876117706299 0.017391793429851532 21.863269805908203 0.021334210410714149 3.2262083550449461e-05 6.3393491700480809e-07 0.0011878859950229526 -7.3348701334907673e-08 -7.4577428677002899e-09 23 17.943672180175781 0.76053750514984131 0.27224388718605042
SN: 1922405 10 0 C2 3 0 55.197037000000002 -28.663765000000001 0.51670998334884644 0.0010000000474974513 0.51618599891662598 0.0010000000474974513 0.51618599891662598 0.0018171098781749606 0 300 0 0 0.011022686958312988 1 2 -33195 -9 -9 0.51670002937316895 0.0010000000474974513 55.197220999999999 -28.663993000000001 1.0060000419616699 1.3689999580383301 -2.7049851417541504 9.6149997711181641 0.017999999225139618 -9999 -9999 0.99299997091293335 0.02199999988079071 -8.6180000305175781 0.068622156977653503 0.37900000810623169 -999 23.579999923706055 22.540000915527344 22.190000534057617 21.930000305175781 0.0099999997764825821 0.0099999997764825821 0.0099999997764825821 0.0099999997764825821 5.059999942779541 16 23.010000228881836 31.159999847412109 25.7396240234375 24.489700317382812 24.095209121704102 23.766006469726562 58099.1875 21.182579040527344 16.373653411865234 12.876193046569824 44.778003692626953 riz 0 58100.33203125 0.65743696689605713 0.85674721002578735 0.47014921903610229 -0.030872466042637825 0.046431943774223328 22.932743072509766 0.049904439598321915 1.2047656127833761e-05 5.5375471674778964e-07 0.0034122325014322996 -1.5627553295871621e-07 -1.6336427322016789e-08 34 33.654666900634766 0.48444351553916931 0.30355790257453918
SN: 1842087 10 0 C3 3 0 53.078578999999998 -27.707424 1.0843000411987305 0.0010000000474974513 1.0834900140762329 0.0010000000474974513 1.0834898948669434 0.0023122986312955618 0 300 0 0 0.0081196818500757217 1 3 125444 -9 -9 1.0843000411987305 0.0010000000474974513 53.078609 -27.707456000000001 0.15099999308586121 0.18899999558925629 -5.305842399597168 10.182999610900879 0.016000000759959221 -9999 -9999 0.61900001764297485 0.028999999165534973 -9.5659999847412109 0.10028459131717682 0.44999998807907104 -999 24.690000534057617 24.219999313354492 23.590000152587891 23.079999923706055 0.019999999552965164 0.0099999997764825821 0.0099999997764825821 0.0099999997764825821 3.0499999523162842 4.940000057220459 9.0799999237060547 13.369999885559082 26.289249420166016 25.765682220458984 25.104785919189453 24.684671401977539 58019.3515625 11.764670372009277 11.133044242858887 -99 27.346561431884766 iz 0 58020.859375 1.2167034149169922 1.3747503757476807 0.75917792320251465 -0.040966976433992386 0.11153443157672882 24.670539855957031 0.069838091731071472 2.4309968011948513e-06 1.5636963723864028e-07 0.020763052627444267 -7.380764799336248e-08 4.2720502690940521e-09 35 16.890913009643555 0.99578952789306641 0.47816407680511475
SN: 1833067 10 0 E2 3 0 9.6967429999999997 -44.273589999999999 0.55687999725341797 0.0010000000474974513 0.55577200651168823 0.0010000000474974513 0.55577206611633301 0.0018503126921132207 0 300 0 0 0.0065008471719920635 1 1 125100 -9 -9 0.5569000244140625 0.0010000000474974513 9.6964000000000006 -44.273797999999999 1.159000039100647 1.0989999771118164 -9 9.6389999389648438 0.0040000001899898052 -9999 -9999 1.4040000438690186 0.012000000104308128 -8.1979999542236328 0.012000000104308128 0.23000000417232513 -999 23.540000915527344 22.610000610351562 22.309999465942383 22.200000762939453 0.0099999997764825821 0.0099999997764825821 0.0099999997764825821 0.0099999997764825821 6.630000114440918 14.210000038146973 20.479999542236328 19.129999160766602 25.446216583251953 24.618515014648438 24.221675872802734 24.295713424682617 58021.0703125 20.670852661132812 13.046032905578613 10.065276145935059 38.602584838867188 riz 0 58016.2578125 0.696877121925354 0.98488926887512207 0.49931001663208008 0.045421812683343887 0.052118577063083649 22.958892822265625 0.048582978546619415 1.1760972483898513e-05 5.2626324986704276e-07 -0.00098991789855062962 -1.4294870709363749e-07 -1.2949314509569376e-08 43 34.4617919921875 0.82032781839370728 0.36152777075767517
SN: 1338128 10 1 E1 3 0 8.0836620000000003 -43.740833000000002 0.31279999017715454 0.0010000000474974513 0.31184300780296326 0.0010000000474974513 0.31184303760528564 0.0016502209473401308 0 300 0 0 0.0057456111535429955 1 1 42884 -9 -9 0.31279999017715454 0.0010000000474974513 8.0835810000000006 -43.740803 0.23800000548362732 0.35600000619888306 -9 8.9980001449584961 0.02500000037252903 -9999 -9999 0.7850000262260437 0.47099998593330383 -8.1979999542236328 0.47397255897521973 0.31200000643730164 -999 23.25 22.479999542236328 22.260000228881836 22.040000915527344 0.0099999997764825821 0.0099999997764825821 0.0099999997764825821 0.0099999997764825821 10.739999771118164 21.510000228881836 26.879999160766602 30.969999313354492 24.922489166259766 24.168399810791016 23.926425933837891 23.772647857666016 57372.03515625 37.192127227783203 29.297019958496094 28.580114364624023 80.815681457519531 griz 0 57366.5 0.33464285731315613 -0.57535994052886963 0.28254371881484985 -0.0032295396085828543 0.02485458180308342 21.872638702392578 0.033520758152008057 3.1984884117264301e-05 9.8749364951800089e-07 0.0019130414584651589 -1.4540987081090861e-07 -1.8537990698064277e-08 32 33.388683319091797 0.39963352680206299 0.1920885294675827
SN: 1332689 10 0 C1 3 0 53.268878999999998 -26.706299000000001 0.48824000358581543 0.0010000000474974513 0.48765701055526733 0.0010000000474974513 0.48765707015991211 0.0017933425260707736 0 300 0 0 0.0082193482667207718 2 3 40095 -9 -9 0.48820000886917114 0.0010000000474974513 53.268791999999998 -26.706357000000001 0.34900000691413879 0.45500001311302185 -3.1404182910919189 9.7810001373291016 0.071000002324581146 -9999 -9999 0.054000001400709152 0.028999999165534973 -9.7589998245239258 0.17442762851715088 0.58300000429153442 -999 23.819999694824219 22.659999847412109 22.229999542236328 21.930000305175781 0.019999999552965164 0.0099999997764825821 0.0099999997764825821 0.0099999997764825821 6.8600001335144043 21 28.530000686645508 36.069999694824219 25.409189224243164 24.194452285766602 23.861745834350586 23.607133865356445 57325.12109375 13.270698547363281 9.7343025207519531 6.1100306510925293 34.981449127197266 riz 0 57319.65234375 0.58135288953781128 -0.48006492853164673 0.55762887001037598 0.026611028239130974 0.05589061975479126 23.082363128662109 0.058910813182592392 1.0496739378140774e-05 5.6954115734697552e-07 0.0039378502406179905 -1.8452178096595162e-07 -2.0674443490520389e-08 46 33.928371429443359 0.90626919269561768 0.18296237289905548
SN: 1330964 10 0 C1 3 0 53.912452999999999 -27.409948 0.45140001177787781 0.0010000000474974513 0.45085400342941284 0.0010000000474974513 0.45085406303405762 0.0017628916539251804 0 300 0 0 0.010223481804132462 1 3 39790 -9 -9 0.45140001177787781 0.0010000000474974513 53.912298 -27.410366 1.5829999446868896 1.3209999799728394 -2.5646460056304932 10.822999954223633 0.045000001788139343 -9999 -9999 -3.3659999370574951 0.80699998140335083 -14.192000389099121 0.80784773826599121 1.4010000228881836 -999 22.819999694824219 21.010000228881836 20.329999923706055 19.979999542236328 0.0099999997764825821 0 0 0 7.2699999809265137 36.080001831054688 62.330001831054688 82.480003356933594 25.346164703369141 23.606834411621094 23.013256072998047 22.709129333496094 57315.234375 18.974550247192383 14.588943481445312 7.4618263244628906 41.522560119628906 riz 0 57312.62109375 0.56915915012359619 -0.95867633819580078 0.52014738321304321 0.10029102116823196 0.052301451563835144 22.930824279785156 0.054773617535829544 1.206897559313802e-05 6.0886009123350959e-07 0.0047154845669865608 -1.536837856974671e-07 -2.4227933437259708e-08 44 47.032745361328125 0.34941723942756653 0.46246787905693054
SN: 1334742 10 0 S1 3 0 42.384743 0.69989699999999999 0.52919000387191772 0.0010000000474974513 0.52809399366378784 0.0010000000474974513 0.52809405326843262 0.0018270709551870823 0 300 0 0 0.050224695354700089 1 1 40757 -9 -9 0.52920001745223999 0.0010000000474974513 42.384852000000002 0.69974000000000003 0.68999999761581421 0.93300002813339233 -9 10.489999771118164 0.029999999329447746 -9999 -9999 0.28200000524520874 6.9720001220703125 -10.211000442504883 6.9726200103759766 1.4670000076293945 -999 24.139999389648438 22.280000686645508 21.469999313354492 21.020000457763672 0.029999999329447746 0.0099999997764825821 0 0 4.6599998474121094 26.729999542236328 55.159999847412109 85.239997863769531 25.829034805297852 23.932502746582031 23.145938873291016 22.673391342163086 57339.16796875 12.618300437927246 7.5996189117431641 -99 24.138647079467773 ri 0 57331.578125 1.1710971593856812 -1.8336981534957886 0.81097137928009033 -0.038064636290073395 0.12192785739898682 23.181184768676758 0.064783565700054169 9.5835457614157349e-06 5.7182978707714938e-07 -0.016882035881280899 -1.755859955210326e-07 -2.7801812407801663e-08 20 11.73755931854248 0.92481279373168945 0.62426316738128662
SN: 1343401 10 1 X1 3 0 34.572121000000003 -5.6548749999999997 0.3839699923992157 0.0010000000474974513 0.3828279972076416 0.0010000000474974513 0.3828279972076416 0.001707268413156271 0 300 0 0 0.020629910752177238 1 1 44626 -9 -9 0.38400000333786011 0.0010000000474974513 34.572369000000002 -5.6548910000000001 0.88999998569488525 0.57899999618530273 -9 10.821999549865723 0.067000001668930054 -9999 -9999 0.26899999380111694 10.269000053405762 -10.519000053405762 10.269304275512695 1.4190000295639038 -999 22.620000839233398 20.959999084472656 20.280000686645508 19.969999313354492 0.0099999997764825821 0 0 0 19.569999694824219 100.62999725341797 168.74000549316406 227.41999816894531 24.271022796630859 22.493181228637695 21.931953430175781 21.607929229736328 57395.09765625 34.843025207519531 28.860576629638672 17.40093994140625 65.829833984375 riz 0 57395.2265625 0.65035003423690796 0.96908730268478394 0.68670380115509033 -0.042891878634691238 0.044255517423152924 21.850959777832031 0.043126881122589111 3.2629901397740468e-05 1.29610293697624e-06 0.0076701841317117214 -4.3627616719277285e-07 -4.5559776395975859e-08 11 4.0042152404785156 0.96979355812072754 0.35325494408607483
SN: 1292145 10 1 C2 3 0 53.630530999999998 -29.648947 0.49300000071525574 0.0010000000474974513 0.49245300889015198 0.0010000000474974513 0.49245297908782959 0.0017973282374441624 0 300 0 0 0.01011594757437706 3 4 3169 -9 -9 0.49300000071525574 0.0010000000474974513 53.630564 -29.648983999999999 0.17000000178813934 0.2800000011920929 -3.6163489818572998 9.1610002517700195 0.078000001609325409 -9999 -9999 0.45300000905990601 0.94099998474121094 -8.6899995803833008 0.95450562238693237 0.460999995470047 -999 24.860000610351562 23.790000915527344 23.389999389648438 23.030000686645508 0.039999999105930328 0.019999999552965164 0.019999999552965164 0.019999999552965164 2.7100000381469727 7.2100000381469727 10.079999923706055 14.029999732971191 26.417575836181641 25.355161666870117 24.991348266601562 24.632356643676758 57276.35546875 12.334610939025879 9.9685573577880859 7.8975992202758789 29.724834442138672 riz 0 57274.22265625 0.95590537786483765 1.3061472177505493 0.70215266942977905 0.14131464064121246 0.063969187438488007 23.292507171630859 0.068363890051841736 8.6496193034690805e-06 5.446273689813097e-07 0.00017842851229943335 -1.4739870835001057e-07 -2.3194182574570732e-08 43 36.991565704345703 0.7283971905708313 0.64143961668014526
SN: 1289664 10 1 S2 3 0 40.896774000000001 -1.1299239999999999 0.25999999046325684 0.0010000000474974513 0.2590700089931488 0.0010000000474974513 0.25907003879547119 0.0016085314564406872 0 300 0 0 0.028136841952800751 1 2 253958 -9 -9 0.25999999046325684 0.0010000000474974513 40.896900000000002 -1.129956 0.46700000762939453 1.0349999666213989 -2.2177233695983887 8.0399999618530273 0.18199999630451202 -9999 -9999 -0.73799997568130493 9.2620000839233398 -8.6829996109008789 9.2857704162597656 0.69599997997283936 -999 25.780000686645508 25.319999694824219 24.930000305175781 24.899999618530273 0.10999999940395355 0.10000000149011612 0.079999998211860657 0.11999999731779099 1.0900000333786011 1.6599999666213989 2.6500000953674316 2.5099999904632568 27.40643310546875 26.949729919433594 26.441884994506836 26.500816345214844 57277.30859375 67.018013000488281 63.823532104492188 48.747512817382812 152.18435668945312 griz 0 57279.53125 0.32807090878486633 -1.3477654457092285 0.18567034602165222 -0.009110795333981514 0.020475376397371292 21.067905426025391 0.027918759733438492 6.7117834987584502e-05 1.725876586533559e-06 0.00083228445146232843 -1.1120109633111497e-07 -2.5058437103098186e-08 47 54.383922576904297 0.21389372646808624 0.45028042793273926
SN: 1283373 10 1 C1 3 0 54.946724000000003 -26.730388999999999 0.20796999335289001 0.0010000000474974513 0.20753300189971924 0.0010000000474974513 0.20753300189971924 0.0015684649115428329 0 300 0 0 0.011962473392486572 1 1 1328 -9 -9 0.20800000429153442 0.0010000000474974513 54.946641999999997 -26.729998999999999 1.4279999732971191 1.2999999523162842 -9 10.291000366210938 0.072999998927116394 -9999 -9999 -0.79199999570846558 9.2080001831054688 -11.130000114440918 9.2097587585449219 1.4850000143051147 -999 21.530000686645508 20.280000686645508 19.780000686645508 19.510000228881836 0 0 0 0 26.040000915527344 72.919998168945312 120.97000122070312 162.75999450683594 23.960897445678711 22.842884063720703 22.293306350708008 21.97113037109375 57265.3671875 63.800228118896484 55.867954254150391 35.692897796630859 145.51661682128906 griz 0 57268.65234375 0.28803485631942749 -1.0434716939926147 0.1865193247795105 -0.039656326174736023 0.020657856017351151 20.838344573974609 0.033883515745401382 8.2920530985575169e-05 2.5877732241497142e-06 0.0011907333973795176 -2.8671504992416885e-07 -3.9546218744135331e-08 50 55.518383026123047 0.27462306618690491 0.3720954954624176
SN: 1340460 10 0 C1 3 0 53.346462000000002 -26.758844 0.63842999935150146 0.0010000000474974513 0.6377909779548645 0.0010000000474974513 0.63779091835021973 0.0019198800437152386 0 300 0 0 0.0074783656746149063 1 1 42681 -9 -9 0.63840001821517944 0.0010000000474974513 53.346595000000001 -26.758979 0.64800000190734863 0.81199997663497925 -9 10.746000289916992 0.037999998778104782 -9999 -9999 0.74199998378753662 6.7870001792907715 -10.034999847412109 6.788792610168457 1.4390000104904175 -999 24.569999694824219 22.790000915527344 21.879999160766602 21.309999465942383 0.029999999329447746 0.0099999997764825821 0 0 2.4200000762939453 15.350000381469727 34.150001525878906 59.049999237060547 26.540462493896484 24.53472900390625 23.666522979736328 23.071950912475586 57375.05078125 13.540369987487793 12.57119083404541 9.2517843246459961 27.265811920166016 riz 0 57368.1796875 1.0745508670806885 -0.82148092985153198 0.70855808258056641 0.085239328444004059 0.071818828582763672 23.561513900756836 0.062906190752983093 6.7514060901885387e-06 3.9116798689065035e-07 0.0069885184057056904 -1.6094269028599228e-07 -1.3215984751013821e-08 28 20.138193130493164 0.85937470197677612 0.3946031928062439
SN: 1280332 10 0 X3 3 0 35.584426999999998 -4.8732660000000001 0.49340000748634338 0.0010000000474974513 0.49218600988388062 0.0010000000474974513 0.49218606948852539 0.0017971063498407602 0 300 0 0 0.020891308784484863 1 1 18925 -9 -9 0.49340000748634338 0.0010000000474974513 35.584282000000002 -4.8734609999999998 0.87300002574920654 0.6600000262260437 -9 10.847000122070312 0.014000000432133675 -9999 -9999 0.75499999523162842 0.18199999630451202 -10.079000473022461 0.19921094179153442 0.91299998760223389 -999 22.879999160766602 21.510000228881836 20.850000381469727 20.379999160766602 0 0 0 0 16.719999313354492 60.549999237060547 105.62999725341797 149.39999389648438 24.441909790039062 23.044713973999023 22.440532684326172 22.064123153686523 57257.3515625 12.107160568237305 9.8041009902954102 5.2513914108276367 27.232337951660156 riz 0 57258.41015625 0.88039290904998779 -1.5742098093032837 0.83302897214889526 0.19165755808353424 0.077692195773124695 24.019458770751953 0.076541602611541748 4.428087777341716e-06 3.1216876550388406e-07 -0.0056861629709601402 -9.7160850032196322e-08 -1.670173688239629e-08 36 13.987414360046387 0.99964195489883423 0.82673370838165283
SN: 1345441 10 0 C3 3 0 51.838237999999997 -28.737096999999999 0.71535998582839966 0.0010000000474974513 0.71466898918151855 0.0010000000474974513 0.71466898918151855 0.0019859541207551956 0 300 0 0 0.0099006481468677521 1 1 45097 -9 -9 0.71539998054504395 0.0010000000474974513 51.838433999999999 -28.737095 0.61799997091293335 0.68699997663497925 -9 9.7690000534057617 0.0080000003799796104 -9999 -9999 1.7020000219345093 0.19599999487400055 -8.0430002212524414 0.20087806880474091 0.1940000057220459 -999 23.860000610351562 23.180000305175781 22.700000762939453 22.469999313354492 0.0099999997764825821 0.0099999997764825821 0 0.0099999997764825821 7.3299999237060547 13.380000114440918 23.110000610351562 25.409999847412109 25.337240219116211 24.683858871459961 24.090499877929688 23.98748779296875 57391.171875 14.157404899597168 10.91694164276123 8.5453958511352539 30.073652267456055 riz 0 57391.72265625 1.3119299411773682 -0.25743037462234497 0.95331597328186035 0.19096891582012177 0.066121526062488556 24.515684127807617 0.060511685907840729 2.8036640742357122e-06 1.5625751359493734e-07 0.020264092832803726 -9.3206168116921617e-08 -5.1221515917632132e-09 17 16.284479141235352 0.50376492738723755 0.64232069253921509
SN: 1330642 10 1 X3 3 0 37.040554 -4.0470550000000003 0.63520997762680054 0.0010000000474974513 0.63391399383544922 0.0010000000474974513 0.63391399383544922 0.0019165693083778024 0 300 0 0 0.022164968773722649 1 3 39378 -9 -9 0.63520002365112305 0.0010000000474974513 37.040528999999999 -4.0471209999999997 0.25499999523162842 0.30300000309944153 -3.9407515525817871 9.3179998397827148 0.032000001519918442 -9999 -9999 -0.065999999642372131 0.14300000667572021 -9.380000114440918 0.31173387169837952 0.31600001454353333 -999 24.790000915527344 24.020000457763672 23.540000915527344 23.450000762939453 0.029999999329447746 0.0099999997764825821 0.019999999552965164 0.019999999552965164 2.5399999618530273 5.5 7.6999998092651367 9.1800003051757812 26.4879150390625 25.649093627929688 25.283773422241211 25.092893600463867 57316.1015625 28.701261520385742 25.172809600830078 12.415669441223145 82.187736511230469 riz 0 57317.66796875 0.45640060305595398 1.1626299619674683 0.32704669237136841 -0.064474314451217651 0.028365880250930786 23.036260604858398 0.034602250903844833 1.0952063348668162e-05 3.4904061863016977e-07 0.002699658740311861 -8.2042028282103274e-08 -5.7903468686504311e-09 37 28.942831039428711 0.82529169321060181 0.44314560294151306
SN: 1340132 10 0 S1 3 0 43.711739000000001 -0.22480700000000001 0.61053997278213501 0.0010000000474974513 0.60942602157592773 0.0010000000474974513 0.60942602157592773 0.001895708148367703 0 300 0 0 0.06275736540555954 1 2 42960 -9 -9 0.61049997806549072 0.0010000000474974513 43.711835999999998 -0.22483900000000001 0.36800000071525574 0.50300002098083496 -4.1019792556762695 10.482000350952148 0.05000000074505806 -9999 -9999 0.55500000715255737 8.1649999618530273 -9.9479999542236328 8.1658668518066406 1.3799999952316284 -999 24.809999465942383 22.969999313354492 22 21.540000915527344 0.039999999105930328 0.0099999997764825821 0.0099999997764825821 0.0099999997764825821 2.7200000286102295 15.050000190734863 34.880001068115234 54.759998321533203 26.413578033447266 24.556158065795898 23.643558502197266 23.153841018676758 57365.12890625 10.465203285217285 9.0526161193847656 8.6394472122192383 22.214954376220703 riz 0 57357.82421875 1.1056243181228638 -2.0085620880126953 0.73705989122390747 0.058633390814065933 0.10509859025478363 23.483634948730469 0.10138589143753052 7.2534739956608973e-06 6.7732838715528487e-07 0.021777728572487831 -2.8403619012351555e-07 -4.6930736630201864e-08 23 28.789346694946289 0.18739567697048187 0.69746434688568115
SN: 1338278 10 1 X1 3 0 34.429966 -4.9760410000000004 0.56559997797012329 0.0010000000474974513 0.56430000066757202 0.0010000000474974513 0.5643000602722168 0.0018574985442683101 0 300 0 0 0.017348138615489006 1 1 -16682 -9 -9 0.56559997797012329 0.0010000000474974513 34.430041000000003 -4.9760720000000003 0.28999999165534973 0.32800000905990601 -9 9.8959999084472656 0.045000001788139343 -9999 -9999 0.34200000762939453 0.019999999552965164 -9.5670003890991211 0.11278741061687469 0.44100001454353333 -999 23.450000762939453 22.520000457763672 22.079999923706055 21.850000381469727 0.019999999552965164 0.0099999997764825821 0.0099999997764825821 0.0099999997764825821 8.9499998092651367 21.799999237060547 32.930000305175781 39.040000915527344 25.120441436767578 24.153858184814453 23.706020355224609 23.521224975585938 57365.0546875 16.545368194580078 14.89640998840332 11.467226982116699 39.351768493652344 riz 0 57367.3671875 0.85229706764221191 1.2810176610946655 0.63732409477233887 0.018803475424647331 0.052078522741794586 23.029336929321289 0.049554478377103806 1.1022127182513941e-05 5.030648821957584e-07 0.0035323707852512598 -1.8279196467574366e-07 -1.5301091949027068e-08 20 8.5916252136230469 0.98717272281646729 0.43158149719238281
SN: 1332008 10 0 S2 3 0 41.853057999999997 -1.5476220000000001 0.61272001266479492 0.0010000000474974513 0.61155897378921509 0.0010000000474974513 0.61155891418457031 0.0018975217826664448 0 300 0 0 0.033744856715202332 1 2 39692 -9 -9 0.61269998550415039 0.0010000000474974513 41.853067000000003 -1.547628 0.039000000804662704 0.050999999046325684 -6.5860757827758789 10.562999725341797 0.017999999225139618 -9999 -9999 0.3580000102519989 4.4380002021789551 -10.211000442504883 4.4391040802001953 1.4620000123977661 -999 24.5 22.739999771118164 21.829999923706055 21.350000381469727 0.029999999329447746 0.0099999997764825821 0 0 3.9900000095367432 18.549999237060547 42.729999542236328 65.69000244140625 25.997568130493164 24.329139709472656 23.423168182373047 22.95625114440918 57315.2109375 8.5318012237548828 7.6017603874206543 4.693939208984375 21.051509857177734 riz 0 57315.16796875 1.1111701726913452 -0.90186470746994019 0.90104973316192627 -0.070111833512783051 0.091770261526107788 23.485933303833008 0.080377861857414246 7.2381399149890058e-06 5.3584489023705828e-07 0.004305277019739151 -2.9857051231374498e-07 -9.713970960945062e-09 41 41.851234436035156 0.43370866775512695 0.3807779848575592
SN: 1336454 10 0 S2 3 0 41.563212999999998 -1.890973 0.29350000619888306 0.0010000000474974513 0.29256299138069153 0.0010000000474974513 0.29256296157836914 0.0016349155921489 0 300 0 0 0.039893489331007004 1 1 41448 -9 -9 0.29350000619888306 0.0010000000474974513 41.563173999999997 -1.8910629999999999 0.3529999852180481 0.51099997758865356 -9 8.8249998092651367 0.05299999937415123 -9999 -9999 0.30000001192092896 0.22900000214576721 -8.5019998550415039 0.29819792509078979 0.22699999809265137 -999 23.620000839233398 22.860000610351562 22.620000839233398 22.409999847412109 0.019999999552965164 0.0099999997764825821 0.0099999997764825821 0.0099999997764825821 7.9899997711181641 17.340000152587891 20.889999389648438 24.270000457763672 25.243633270263672 24.402378082275391 24.200153350830078 24.037324905395508 57345.23046875 9.3848896026611328 8.3065519332885742 5.6305594444274902 24.842388153076172 griz 0 57337.03125 0.66520977020263672 -1.6299601793289185 0.76983767747879028 0.10580044239759445 0.058656059205532074 23.125713348388672 0.080127112567424774 1.0085906069434714e-05 7.4433785357541637e-07 0.012646920047700405 -3.2700259566809109e-07 -2.8157108644677464e-08 31 57.213359832763672 0.0028342122677713633 0.64774340391159058
SN: 1331883 10 0 X3 3 0 36.733212000000002 -5.2463150000000001 0.62010997533798218 0.0010000000474974513 0.61882501840591431 0.0010000000474974513 0.61882495880126953 0.0019037048332393169 0 300 0 0 0.023553859442472458 1 3 39738 -9 -9 0.62010002136230469 0.0010000000474974513 36.733179999999997 -5.2460750000000003 0.87099999189376831 0.93699997663497925 -2.8448581695556641 9.6929998397827148 0.014999999664723873 -9999 -9999 1.5709999799728394 0.36899998784065247 -8.1350002288818359 0.37185615301132202 0.25600001215934753 -999 23.799999237060547 22.930000305175781 22.409999847412109 22.340000152587891 0.0099999997764825821 0 0.0099999997764825821 0.0099999997764825821 6.3299999237060547 15.409999847412109 23.959999084472656 26.899999618530273 25.496490478515625 24.530492782592773 24.05128288269043 23.925619125366211 57315.2421875 14.604692459106445 13.13323974609375 6.6000380516052246 36.941600799560547 riz 0 57318.46484375 0.68816995620727539 0.23034463822841644 0.53473383188247681 0.06677033007144928 0.04773528128862381 23.702199935913086 0.061101611703634262 5.9308886193321086e-06 3.3377062891304377e-07 0.0050844666548073292 -1.3606018001155462e-07 -8.9945446646311211e-09 29 21.27067756652832 0.84909909963607788 0.23543961346149445
SN: 1344347 10 0 S2 3 0 41.637959000000002 -0.40947899999999998 0.2645300030708313 0.0010000000474974513 0.26361098885536194 0.0010000000474974513 0.26361095905303955 0.0016120929503813386 0 300 0 0 0.029068324714899063 1 2 44917 -9 -9 0.26449999213218689 0.0010000000474974513 41.638117999999999 -0.408806 2.4890000820159912 1.5659999847412109 -2.0871317386627197 11.241999626159668 0.054000001400709152 -9999 -9999 0.32899999618530273 10.329000473022461 -10.968000411987305 10.333560943603516 1.437000036239624 -999 20.510000228881836 19.059999465942383 18.420000076293945 18.299999237060547 0 0 0 0 14.890000343322754 48.290000915527344 65.379997253417969 107.08000183105469 24.567764282226562 23.29035758972168 22.961387634277344 22.425727844238281 57396.09765625 69.93658447265625 60.112396240234375 40.506412506103516 163.74903869628906 griz 0 57397.875 0.61752802133560181 1.7026190757751465 0.64262217283248901 -0.050457105040550232 0.023533185943961143 20.986150741577148 0.027873123064637184 7.2366849053651094e-05 1.857808683780604e-06 0.0028801599983125925 -3.559653691809217e-07 -2.1299278785136266e-08 13 7.7823629379272461 0.85748410224914551 0.59193688631057739
SN: 1333246 10 1 S2 3 0 41.383972 -0.061614000000000002 0.43878999352455139 0.0010000000474974513 0.43773600459098816 0.0010000000474974513 0.43773603439331055 0.0017520969267934561 0 300 0 0 0.027408571913838387 1 1 40173 -9 -9 0.43880000710487366 0.0010000000474974513 41.383808999999999 -0.061386000000000003 1.0089999437332153 0.92400002479553223 -9 10.798999786376953 0.019999999552965164 -9999 -9999 1.0839999914169312 0.61100000143051147 -9.7060003280639648 0.61413758993148804 0.99199998378753662 -999 22.479999542236328 20.979999542236328 20.450000762939453 20.059999465942383 0.0099999997764825821 0 0 0 17.909999847412109 79.19000244140625 101.62000274658203 162.02999877929688 24.367259979248047 22.753324508666992 22.482551574707031 21.976011276245117 57329.171875 13.291572570800781 11.428298950195312 8.2320871353149414 34.346588134765625 riz 0 57326.32421875 0.77623593807220459 1.9869035482406616 0.63966542482376099 0.16142493486404419 0.059652701020240784 22.769626617431641 0.074721448123455048 1.4000697774463333e-05 9.6354199285997311e-07 0.0031004950869828463 -3.5219923688600829e-07 -4.0738818540830835e-08 31 17.352643966674805 0.97697317600250244 0.85333240032196045
SN: 1340521 10 0 C1 3 0 55.116092999999999 -27.372778 0.65415000915527344 0.0010000000474974513 0.65356302261352539 0.0010000000474974513 0.65356302261352539 0.001933370134793222 0 300 0 0 0.0122741824015975 1 1 43354 -9 -9 0.65420001745223999 0.0010000000474974513 55.116321999999997 -27.37293 0.91399997472763062 1.1660000085830688 -9 10.229999542236328 0.013000000268220901 -9999 -9999 0.62900000810623169 0.017000000923871994 -9.5959997177124023 0.0389101542532444 0.4830000102519989 -999 23.139999389648438 22.270000457763672 21.770000457763672 21.510000228881836 0.0099999997764825821 0.0099999997764825821 0 0 10.020000457763672 23.659999847412109 31.049999237060547 40.919998168945312 24.997831344604492 24.064962387084961 23.769845962524414 23.470161437988281 57375.046875 15.602100372314453 13.762393951416016 8.7861623764038086 35.834419250488281 riz 0 57375.88671875 0.73288404941558838 1.5644904375076294 0.79008543491363525 -0.036944806575775146 0.0572793148458004 23.389698028564453 0.066378854215145111 7.9089804785326123e-06 4.8353280135415844e-07 0.017561959102749825 -3.199908462647727e-07 -1.2620025025000814e-08 25 14.60645580291748 0.95010387897491455 0.53584021329879761
SN: 1334087 10 1 S2 3 0 41.008358000000001 -0.467395 0.26721999049186707 0.0010000000474974513 0.2662850022315979 0.0010000000474974513 0.26628494262695312 0.0016141926171258092 0 300 0 0 0.030837381258606911 1 1 -15031 -9 -9 0.26719999313354492 0.0010000000474974513 41.009008999999999 -0.46734900000000001 2.3480000495910645 1.6519999504089355 -9 10.980999946594238 0.098999999463558197 -9999 -9999 -0.97600001096725464 9.0240001678466797 -11.916999816894531 9.0248384475708008 1.5410000085830688 -999 21.079999923706055 19.579999923706055 19.049999237060547 18.770000457763672 0 0 0 0 22.379999160766602 98.099998474121094 123.87000274658203 198.49000549316406 24.125349044799805 22.520828247070312 22.267585754394531 21.755653381347656 57339.12109375 84.585235595703125 49.657997131347656 38.246002197265625 167.18980407714844 griz 0 57337.109375 0.21778500080108643 0.90327548980712891 0.21648445725440979 -0.05326341837644577 0.016440391540527344 20.932991027832031 0.023469094187021255 7.5998264946974814e-05 1.6427659375040093e-06 0.00045853311894461513 -2.1722476617469511e-07 -1.476665190125459e-08 32 52.324317932128906 0.013142724521458149 0.34954026341438293
SN: 1283272 10 0 C1 3 0 54.395068999999999 -26.357578 0.38405001163482666 0.0010000000474974513 0.38353198766708374 0.0010000000474974513 0.38353204727172852 0.0017078395467251539 0 300 0 0 0.011375841684639454 1 1 601 -9 -9 0.38409999012947083 0.0010000000474974513 54.395097 -26.357541000000001 0.16099999845027924 0.15899999439716339 -9 10.564000129699707 0.034000001847743988 -9999 -9999 0.2630000114440918 10.262999534606934 -10.303999900817871 10.263368606567383 1.3350000381469727 -999 22.940000534057617 21.299999237060547 20.680000305175781 20.329999923706055 0.0099999997764825821 0 0 0 16.340000152587891 71.889999389648438 123.47000122070312 173.07000732421875 24.466869354248047 22.858329772949219 22.271095275878906 21.904445648193359 57255.41796875 13.965867042541504 11.302289009094238 10.924930572509766 33.062339782714844 riz 0 57259 1.0065817832946777 -1.1635953187942505 0.62140744924545288 0.13371425867080688 0.071993395686149597 22.523273468017578 0.088126130402088165 1.7566713722771965e-05 1.425840423507907e-06 0.012159127742052078 -3.8240150956880825e-07 -8.5380044367866503e-08 41 51.89154052734375 0.11851707845926285 0.59084725379943848
SN: 1283924 10 0 E2 3 0 9.8529040000000006 -44.206963000000002 0.54997998476028442 0.0010000000474974513 0.54887598752975464 0.0010000000474974513 0.54887604713439941 0.0018445105524733663 0 300 0 0 0.0067634903825819492 1 2 9231 -9 -9 0.55000001192092896 0.0010000000474974513 9.8529239999999998 -44.206949999999999 0.068999998271465302 0.15399999916553497 -5.5784544944763184 8.9569997787475586 0.14000000059604645 -9999 -9999 -0.68300002813339233 0.40900000929832458 -9.7329998016357422 0.5941733717918396 0.58099997043609619 -999 25.479999542236328 24.479999542236328 23.930000305175781 24.020000457763672 0.059999998658895493 0.029999999329447746 0.029999999329447746 0.05000000074505806 1.190000057220459 3.0399999618530273 5.4000000953674316 4.7699999809265137 27.311132431030273 26.292816162109375 25.669015884399414 25.803703308105469 57273.3203125 12.537474632263184 12.056575775146484 11.115930557250977 31.505302429199219 riz 0 57267.2265625 0.85970854759216309 -2.723541259765625 0.80612778663635254 0.029416607692837715 0.077469877898693085 23.326377868652344 0.086791008710861206 8.3839468061341904e-06 6.7019152538705384e-07 0.020840683951973915 -3.5356842431610858e-07 -3.8567883109408285e-08 48 73.092575073242188 0.011280215345323086 0.91312718391418457
SN: 1306986 10 0 E1 3 0 7.8673390000000003 -42.875576000000002 0.44916000962257385 0.0010000000474974513 0.44808200001716614 0.0010000000474974513 0.44808197021484375 0.0017606079345569015 0 300 0 0 0.0062444261275231838 1 1 7992 -9 -9 0.44920000433921814 0.0010000000474974513 7.8672880000000003 -42.875545000000002 0.17499999701976776 0.21299999952316284 -9 10.651000022888184 0.056000001728534698 -9999 -9999 0.4779999852180481 1.0199999809265137 -10.109999656677246 1.0214817523956299 1.3999999761581421 -999 23.379999160766602 21.719999313354492 21.040000915527344 20.629999160766602 0.0099999997764825821 0 0 0 9.5200004577636719 44.889999389648438 83.269996643066406 114.80999755859375 25.053407669067383 23.369625091552734 22.69877815246582 22.350051879882812 57277.0859375 10.859102249145508 6.2637929916381836 5.0033798217773438 19.476957321166992 riz 0 57276.34375 1.2210344076156616 -2.7739362716674805 0.74819493293762207 -0.10173441469669342 0.11282341182231903 23.107885360717773 0.095120422542095184 1.0252875654259697e-05 8.9824567339746864e-07 -0.0039817332290112972 -1.2048707276335335e-07 -6.6248837526927673e-08 45 40.417022705078125 0.666248619556427 0.98486948013305664
SN: 1278602 10 0 S1 3 0 42.406109000000001 0.70902900000000002 0.34896001219749451 0.0010000000474974513 0.34799298644065857 0.0010000000474974513 0.34799301624298096 0.0016791397938504815 0 300 0 0 0.048906326293945312 1 1 10365 -9 -9 0.34900000691413879 0.0010000000474974513 42.406331000000002 0.70934600000000003 1.3930000066757202 1.2580000162124634 -9 10.39900016784668 0.013000000268220901 -9999 -9999 0.64499998092651367 0.14100000262260437 -9.7049999237060547 0.14202111959457397 1.2079999446868896 -999 23.379999160766602 22.069999694824219 21.549999237060547 21.079999923706055 0.0099999997764825821 0 0 0 6.8499999046325684 25.770000457763672 42.119998931884766 67.580001831054688 25.410774230957031 23.972213745117188 23.438777923583984 22.925453186035156 57258.36328125 17.126073837280273 15.309715270996094 11.537847518920898 41.048305511474609 griz 0 57265.16015625 0.43603414297103882 0.13891394436359406 0.45565292239189148 0.211623415350914 0.037761494517326355 22.638561248779297 0.061083689332008362 1.5797022570041008e-05 8.8874298853625078e-07 0.0054862750694155693 -2.6708636369221495e-07 -2.4451527025348696e-08 50 55.709270477294922 0.26873031258583069 0.70692950487136841
SN: 1306736 10 0 C1 3 0 54.920952 -27.748051 0.55199998617172241 0.0010000000474974513 0.55144697427749634 0.0010000000474974513 0.55144691467285156 0.0018466727342456579 0 300 0 0 0.0097962170839309692 1 1 1116 -9 -9 0.55199998617172241 0.0010000000474974513 54.921166999999997 -27.747841000000001 1.0190000534057617 0.76399999856948853 -9 10.857999801635742 0.014000000432133675 -9999 -9999 0.87699997425079346 0.014000000432133675 -9.9829998016357422 0.033105891197919846 0.74900001287460327 -999 23.200000762939453 21.75 20.989999771118164 20.610000610351562 0.0099999997764825821 0 0 0 10.930000305175781 43.909999847412109 80.110000610351562 118.93000030517578 24.903450012207031 23.393590927124023 22.74078369140625 22.311771392822266 57276.34375 12.146256446838379 10.995549201965332 7.2076878547668457 27.825658798217773 riz 0 57275.0078125 0.93902206420898438 -2.3283517360687256 0.60237646102905273 -0.054182875901460648 0.073762021958827972 23.053798675537109 0.060073815286159515 1.077656361303525e-05 5.9626756865327479e-07 -0.0023312524426728487 -1.0164660579903284e-07 -2.528106612942338e-08 50 48.687671661376953 0.52612113952636719 0.79685497283935547
SN: 1341000 10 0 C2 3 0 53.953113999999999 -29.337651999999999 0.54259002208709717 0.0010000000474974513 0.5420299768447876 0.0010000000474974513 0.5420299768447876 0.0018387577729299664 0 300 0 0 0.0086031388491392136 1 3 43430 -9 -9 0.54259997606277466 0.0010000000474974513 53.953136999999998 -29.337657 0.074000000953674316 0.10599999874830246 -6.2442450523376465 9.7209997177124023 0.019999999552965164 -9999 -9999 1.5379999876022339 0.081000000238418579 -8.1979999542236328 0.099624291062355042 0.289000004529953 -999 22.969999313354492 22.030000686645508 21.690000534057617 21.5 0.0099999997764825821 0 0 0.0099999997764825821 14.079999923706055 33.310001373291016 45.779998779296875 52.810001373291016 24.628494262695312 23.693563461303711 23.348310470581055 23.193210601806641 57372.23046875 18.770271301269531 13.857383728027344 12.094109535217285 39.081310272216797 riz 0 57375.50390625 0.65928804874420166 1.2928917407989502 0.72446221113204956 0.24359038472175598 0.054327525198459625 23.430807113647461 0.066445410251617432 7.6151263783685863e-06 4.6603418013546616e-07 0.011276776902377605 -2.4035514911702194e-07 -1.6557571314024244e-08 24 21.444555282592773 0.61238151788711548 0.91925060749053955
SN: 1308582 10 101 X3 3 0 37.137245 -4.3727739999999997 0.36812001466751099 0.0010000000474974513 0.3670400083065033 0.0010000000474974513 0.36704003810882568 0.0016944889212027192 0 300 0 0 0.022661633789539337 1 1 -8925 -9 -9 0.36809998750686646 0.0010000000474974513 37.137203999999997 -4.3727029999999996 0.29600000381469727 0.29399999976158142 -9 10.659000396728516 0.024000000208616257 -9999 -9999 -0.028000000864267349 0.7070000171661377 -10.968000411987305 0.77481484413146973 1.4329999685287476 -999 22.409999847412109 20.690000534057617 20.110000610351562 19.659999847412109 0 0 0 0 25.709999084472656 132.58000183105469 212.03999328613281 274.29998779296875 23.97474479675293 22.193805694580078 21.683956146240234 21.404436111450195 57291.234375 47.079608917236328 40.949794769287109 27.282001495361328 109.44099426269531 griz 0 57287.7578125 0.27189314365386963 -0.73640072345733643 0.22822201251983643 -0.064542755484580994 0.022880066186189651 21.803548812866211 0.027386490255594254 3.4086318919435143e-05 8.5978956576582277e-07 0.0022904309444129467 -1.1143171718686062e-07 -1.3662121212121292e-08 46 40.895862579345703 0.68544071912765503 0.3264051079750061
SN: 1341743 10 0 C3 3 0 53.072014000000003 -28.158412999999999 0.68487000465393066 0.0010000000474974513 0.68422001600265503 0.0010000000474974513 0.6842200756072998 0.0019596896599978209 0 300 0 0 0.0071116755716502666 1 2 -14335 -9 -9 0.68489998579025269 0.0010000000474974513 53.072043000000001 -28.158557999999999 0.53100001811981201 0.44200000166893005 -4.2727441787719727 10.793999671936035 0.014000000432133675 -9999 -9999 1.2200000286102295 0.1379999965429306 -9.5659999847412109 0.15340469777584076 0.67199999094009399 -999 23.129999160766602 22.069999694824219 21.319999694824219 20.989999771118164 0 0 0 0 15.270000457763672 40.380001068115234 77.610000610351562 99.639999389648438 24.540401458740234 23.484584808349609 22.775205612182617 22.503915786743164 57387.10546875 26.198444366455078 19.859813690185547 16.80494499206543 59.597652435302734 riz 0 57385.625 0.48371702432632446 -0.42299309372901917 0.35219866037368774 -0.080953732132911682 0.036818675696849823 23.5225830078125 0.032207567244768143 6.9978850660845637e-06 2.0758713503710169e-07 0.0035281849559396505 -4.7743537123778879e-08 -2.7656446022206183e-09 20 9.3154106140136719 0.97895771265029907 0.30446195602416992
SN: 1337971 10 0 E2 3 0 10.439484 -44.372238000000003 0.41165998578071594 0.0010000000474974513 0.41066300868988037 0.0010000000474974513 0.41066300868988037 0.0017299209721386433 0 300 0 0 0.0061475196853280067 1 1 42489 -9 -9 0.41170001029968262 0.0010000000474974513 10.439253000000001 -44.372227000000002 0.59600001573562622 0.67000001668930054 -9 10.295999526977539 0.037000000476837158 -9999 -9999 -0.40099999308586121 9.5989999771118164 -10.732999801635742 9.599574089050293 1.4630000591278076 -999 23.620000839233398 21.870000839233398 21.239999771118164 20.840000152587891 0.0099999997764825821 0 0 0 7.3899998664855957 37.799999237060547 66.069999694824219 90.010002136230469 25.328388214111328 23.556270599365234 22.949989318847656 22.614273071289062 57356.125 17.058412551879883 12.532371520996094 9.2104682922363281 28.214958190917969 riz 0 57354.29296875 0.80267202854156494 -2.5964860916137695 0.61994731426239014 0.024193217977881432 0.080363988876342773 23.159267425537109 0.086331672966480255 9.7789761639432982e-06 7.7756953942298423e-07 0.012511281296610832 -2.021690335141102e-07 -5.1434138725880985e-08 28 26.307668685913086 0.55613714456558228 0.86924433708190918
SN: 1334253 10 0 C1 3 0 54.847382000000003 -26.903158000000001 0.6213499903678894 0.0010000000474974513 0.62076199054718018 0.0010000000474974513 0.62076199054718018 0.0019053544383496046 0 300 0 0 0.010440546087920666 1 2 40524 -9 -9 0.62129998207092285 0.0010000000474974513 54.847509000000002 -26.903030000000001 0.61599999666213989 0.70899999141693115 -2.8408334255218506 9.4280004501342773 0.02500000037252903 -9999 -9999 1.2400000095367432 1.1000000238418579 -8.1979999542236328 1.1030521392822266 0.30399999022483826 -999 24.379999160766602 23.510000228881836 23.049999237060547 22.799999237060547 0.019999999552965164 0.019999999552965164 0.0099999997764825821 0.019999999552965164 4.2199997901916504 8.6499996185302734 13.130000114440918 16.120000839233398 25.936717987060547 25.157459259033203 24.704338073730469 24.481586456298828 57332.08203125 10.885910034179688 6.7349848747253418 6.1403141021728516 27.764894485473633 riz 0 57329.19140625 0.88200974464416504 -0.36464864015579224 0.60120737552642822 -0.084572561085224152 0.070622578263282776 23.422075271606445 0.060962338000535965 7.6766154961660504e-06 4.3102960489704856e-07 0.0069032963365316391 -1.6158429616552894e-07 -9.6146601791247122e-09 43 32.836158752441406 0.86931407451629639 0.30699625611305237
SN: 1339402 10 0 C2 3 0 54.005187999999997 -29.790676000000001 0.36586999893188477 0.0010000000474974513 0.36537998914718628 0.0010000000474974513 0.36538004875183105 0.0016931482823565602 0 300 0 0 0.010782285593450069 2 2 -17113 -9 -9 0.36590000987052917 0.0010000000474974513 54.005288 -29.790758 0.42899999022483826 0.61000001430511475 -2.8609473705291748 9.9409999847412109 0.041000001132488251 -9999 -9999 -0.78700000047683716 9.2130002975463867 -10.729000091552734 9.2133302688598633 1.503000020980835 -999 23.989999771118164 22.350000381469727 21.760000228881836 21.440000534057617 0.019999999552965164 0.0099999997764825821 0 0.0099999997764825821 5.5900001525878906 26.430000305175781 42.889999389648438 55.189998626708984 25.6314697265625 23.944757461547852 23.419109344482422 23.145349502563477 57356.17578125 10.338044166564941 9.2721023559570312 7.8411726951599121 24.185380935668945 griz 0 57361.33984375 1.4483977556228638 0.34919428825378418 0.9298439621925354 0.27538859844207764 0.080161578953266144 24.025270462036133 0.096186511218547821 4.4044545575161465e-06 3.9019525388539478e-07 0.018008645623922348 -1.3914701924022665e-07 -2.0429535396715437e-08 39 62.106193542480469 0.010737108066678047 0.92531222105026245
SN: 1334620 10 1 X2 3 0 35.752944999999997 -6.2641840000000002 0.19720000028610229 0.0010000000474974513 0.1962369978427887 0.0010000000474974513 0.19623696804046631 0.0015597733436152339 0 300 0 0 0.02500850148499012 1 2 40783 -9 -9 0.19720000028610229 0.0010000000474974513 35.753037999999997 -6.2642850000000001 0.49399998784065247 0.48600000143051147 -3.6182248592376709 10.159000396728516 0.0099999997764825821 -9999 -9999 0.76599997282028198 0.51499998569488525 -9.3789997100830078 0.51560646295547485 0.95899999141693115 -999 21.270000457763672 20.399999618530273 19.959999084472656 19.780000686645508 0 0 0 0 74.69000244140625 174.77000427246094 249.99000549316406 308.3699951171875 22.816843032836914 21.893833160400391 21.505193710327148 21.277320861816406 57339.15234375 40.198307037353516 37.678974151611328 28.757116317749023 123.29725646972656 griz 0 57334.953125 0.20158854126930237 -0.61896020174026489 0.19413858652114868 0.19679807126522064 0.020266329869627953 21.251546859741211 0.027645822614431381 5.6673703511478379e-05 1.443067958462052e-06 0.00098465126939117908 -1.3167729662200145e-07 -2.3475941191009042e-08 36 32.742042541503906 0.62434542179107666 0.68767398595809937
SN: 1315570 10 0 C2+C3 3 0 53.304595999999997 -28.793222 0.61334002017974854 0.0010000000474974513 0.61273097991943359 0.0010000000474974513 0.61273097991943359 0.001898518530651927 0 300 0 0 0.0067944354377686977 1 1 4944 -9 -9 0.61330002546310425 0.0010000000474974513 53.304304999999999 -28.793614999999999 1.687999963760376 1.8009999990463257 -9 10.802000045776367 0.017999999225139618 -9999 -9999 0.73500001430511475 0.42699998617172241 -10.079000473022461 0.43832635879516602 1.1139999628067017 -999 23.680000305175781 22.329999923706055 21.530000686645508 21.110000610351562 0.0099999997764825821 0.0099999997764825821 0 0 1.9299999475479126 6.75 13.460000038146973 15.930000305175781 26.786106109619141 25.426740646362305 24.677387237548828 24.494461059570312 57297.34765625 46.961921691894531 43.748077392578125 24.818920135498047 112.89646911621094 riz 0 57302.66796875 0.32283177971839905 0.7541765570640564 0.22334583103656769 -0.093599617481231689 0.025020256638526917 23.103879928588867 0.024717386811971664 1.0290781574440189e-05 2.342753475659265e-07 0.0011621287558227777 -3.5811940080066051e-08 -2.9445121896287674e-09 84 76.395500183105469 0.71005338430404663 0.40067598223686218
SN: 1337321 10 0 X1 3 0 33.922161000000003 -4.3779430000000001 0.56388998031616211 0.0010000000474974513 0.56257599592208862 0.0010000000474974513 0.5625760555267334 0.0018560448661446571 0 300 0 0 0.017314931377768517 1 2 42294 -9 -9 0.56389999389648438 0.0010000000474974513 33.922275999999997 -4.3779089999999998 0.43200001120567322 0.45500001311302185 -4.3341069221496582 11.079000473022461 0.045000001788139343 -9999 -9999 0.061999998986721039 10.062000274658203 -11.020999908447266 10.063928604125977 1.4490000009536743 -999 23.790000915527344 21.899999618530273 20.909999847412109 20.5 0.019999999552965164 0 0 0 6.7600002288818359 40.139999389648438 96.410003662109375 137.32000732421875 25.425132751464844 23.491056442260742 22.539695739746094 22.155666351318359 57355.16015625 14.090112686157227 12.141347885131836 9.6709356307983398 36.201499938964844 riz 0 57357.09765625 0.79607009887695312 1.2350220680236816 0.67111068964004517 -0.065061621367931366 0.057770602405071259 22.86846923828125 0.06058913841843605 1.2782400517608039e-05 7.1331749040837167e-07 0.0098835164681077003 -3.5071977322331804e-07 -2.2776212915687211e-08 26 14.04548454284668 0.97239607572555542 0.46530526876449585
SN: 1289366 10 0 E1+E2 3 0 8.236758 -43.743782000000003 0.37869000434875488 0.0010000000474974513 0.37768599390983582 0.0010000000474974513 0.3776860237121582 0.0017031007446348667 0 300 0 0 0.0052828565239906311 1 1 7549 -9 -9 0.37869998812675476 0.0010000000474974513 8.2371350000000003 -43.743867000000002 1.0279999971389771 1.031000018119812 -9 11.126999855041504 0.026000000536441803 -9999 -9999 1.187000036239624 0.34700000286102295 -10.020000457763672 0.36030265688896179 1.4210000038146973 -999 22.610000610351562 20.790000915527344 20.090000152587891 19.620000839233398 0.0099999997764825821 0 0 0 15.729999542236328 97.519996643066406 182.21000671386719 221.25 24.5081787109375 22.527265548706055 21.848569869995117 21.637792587280273 57273.3203125 10.133966445922852 9.0455408096313477 7.5378351211547852 26.239828109741211 griz 0 57266.9921875 0.67703557014465332 -2.6527633666992188 0.92187881469726562 0.23206882178783417 0.083993643522262573 23.542402267456055 0.11670909821987152 6.8713043219759129e-06 7.3861747296177782e-07 0.048011854290962219 -5.2341334821903729e-07 -5.8878619313418312e-08 108 135.72160339355469 0.036737985908985138 1.1748639345169067
SN: 1283878 10 1 X3 3 0 37.133164000000001 -4.0412990000000004 0.31389999389648438 0.0010000000474974513 0.31286099553108215 0.0010000000474974513 0.31286096572875977 0.0016510313143953681 0 300 0 0 0.023060012608766556 1 5 -8428 -9 -9 0.31389999389648438 0.0010000000474974513 37.133186000000002 -4.0413040000000002 0.082000002264976501 0.068000003695487976 -6.0063872337341309 11.246000289916992 0.013000000268220901 -9999 -9999 1.1009999513626099 0.028999999165534973 -10.13700008392334 0.068447060883045197 1.4670000076293945 -999 21.360000610351562 19.860000610351562 19.319999694824219 18.489999771118164 0 0 0 0 69.669998168945312 265.73001098632812 438.04000854492188 615.8800048828125 22.892385482788086 21.438898086547852 20.896215438842773 20.526260375976562 57265.390625 37.041347503662109 32.355720520019531 29.438888549804688 89.847625732421875 griz 0 57265.6640625 0.21886992454528809 -0.60232961177825928 0.28621429204940796 -0.010444584302604198 0.026682853698730469 21.804067611694336 0.040982283651828766 3.4070075344061479e-05 1.2860117521995562e-06 0.003682953305542469 -2.6721201606960676e-07 -2.7396918511612967e-08 42 43.310394287109375 0.4152151346206665 0.20377272367477417
SN: 1335885 10 0 C1 3 0 54.911983999999997 -27.222214000000001 0.3998199999332428 0.0010000000474974513 0.39931699633598328 0.0010000000474974513 0.39931702613830566 0.0017206688644364476 0 300 0 0 0.010857776738703251 1 2 41507 -9 -9 0.39980000257492065 0.0010000000474974513 54.91216 -27.222370999999999 0.79900002479553223 0.87300002574920654 -3.2109999656677246 10.836000442504883 0.010999999940395355 -9999 -9999 1.1410000324249268 0.27700001001358032 -9.6789999008178711 0.27772107720375061 1.184999942779541 -999 22.260000228881836 20.819999694824219 20.180000305175781 19.760000228881836 0 0 0 0 24.030000686645508 83.680000305175781 158.22999572753906 225.82000732421875 24.048114776611328 22.693445205688477 22.001777648925781 21.615592956542969 57345.3125 15.164122581481934 12.823959350585938 10.430428504943848 39.606624603271484 riz 0 57346.4375 0.50449395179748535 0.38948908448219299 0.4623013436794281 0.21225528419017792 0.056576024740934372 22.813426971435547 0.067870989441871643 1.3447113815345801e-05 8.4059911387157626e-07 0.0047764996998012066 -2.1867924715479603e-07 -3.5503330053643367e-08 34 30.96002197265625 0.61740708351135254 0.71933084726333618
SN: 1343542 10 0 E1 3 0 8.0731300000000008 -43.210917999999999 0.78644001483917236 0.0010000000474974513 0.78512197732925415 0.0010000000474974513 0.78512191772460938 0.0020471720490604639 0 300 0 0 0.0053664566949009895 2 3 44180 -9 -9 0.78640002012252808 0.0010000000474974513 8.0735679999999999 -43.210931000000002 1.1490000486373901 1.4759999513626099 -1.468144416809082 10.727999687194824 0.037000000476837158 -9999 -9999 -0.43700000643730164 6.874000072479248 -11.163999557495117 6.8751001358032227 1.1770000457763672 -999 25.120000839233398 23.25 22.100000381469727 21.590000152587891 0.059999998658895493 0.0099999997764825821 0.0099999997764825821 0.0099999997764825821 1.9500000476837158 8.5500001907348633 25.819999694824219 41.200000762939453 26.774913787841797 25.170083999633789 23.970109939575195 23.462757110595703 57386.046875 11.185948371887207 9.9082307815551758 7.162175178527832 25.755897521972656 riz 0 57387.2578125 1.1346573829650879 -0.72271478176116943 0.90919327735900879 -0.082669608294963837 0.071483567357063293 23.366830825805664 0.063947729766368866 8.0773206718731672e-06 4.7573831807312672e-07 0.018781555816531181 -3.0054803801249363e-07 -2.9501967535594531e-09 20 34.932357788085938 0.020467506721615791 0.36602109670639038
SN: 1302523 10 1 X3 3 0 36.317585000000001 -4.659808 0.42504999041557312 0.0010000000474974513 0.42390701174736023 0.0010000000474974513 0.42390704154968262 0.0017407519044354558 0 300 0 0 0.022160142660140991 2 2 20187 -9 -9 0.42500001192092896 0.0010000000474974513 36.317779000000002 -4.6597049999999998 0.79100000858306885 0.94300001859664917 -1.5529043674468994 10.505999565124512 0.0070000002160668373 -9999 -9999 0.87300002574920654 0.043000001460313797 -9.6230001449584961 0.051865208894014359 1.1469999551773071 -999 23.450000762939453 22.170000076293945 21.600000381469727 21.190000534057617 0.0099999997764825821 0 0 0 8.3000001907348633 28.649999618530273 46.349998474121094 67.080001831054688 25.202304840087891 23.857189178466797 23.334875106811523 22.933517456054688 57287.23828125 43.078014373779297 39.586635589599609 33.793292999267578 119.81710052490234 riz 0 57288.62890625 0.33277010917663574 0.4355199933052063 0.2568206787109375 -0.029028385877609253 0.028260201215744019 22.322076797485352 0.035934899002313614 2.1143130652490072e-05 6.9977977545931935e-07 0.001804160769097507 -8.8806679343633732e-08 -1.6683445736020985e-08 34 17.258937835693359 0.99239754676818848 0.17446501553058624
SN: 1336975 10 1 C1 3 0 54.818629999999999 -27.155611 0.11088000237941742 0.0010000000474974513 0.1104779988527298 0.0010000000474974513 0.11047804355621338 0.0014949272153899074 0 300 0 0 0.011009507812559605 1 1 -15477 -9 -9 0.11089999973773956 0.0010000000474974513 54.818390000000001 -27.155559 0.79199999570846558 0.21500000357627869 -9 10.746999740600586 0.0099999997764825821 -9999 -9999 1.1169999837875366 0.52799999713897705 -9.6230001449584961 0.52974808216094971 1.1419999599456787 -999 19.159999847412109 18.219999313354492 17.620000839233398 17.450000762939453 0 0 0 0 501.489990234375 1202.4200439453125 1886.800048828125 2453.050048828125 20.749343872070312 19.799860000610352 19.310684204101562 19.025733947753906 57355.23828125 252.08857727050781 117.94550323486328 104.87983703613281 388.26437377929688 gri 0 57354.84375 0.19648337364196777 -0.93213552236557007 0.11235338449478149 0.023432128131389618 0.021055132150650024 18.967502593994141 0.0281964261084795 0.00046451383968815207 1.206336310133338e-05 -3.9847600419307128e-05 -5.9000353758165147e-07 -1.7856667966498208e-07 22 30.826578140258789 0.099719151854515076 0.32037878036499023
SN: 1334654 10 0 X2 3 0 35.196067999999997 -5.966431 0.30364999175071716 0.0010000000474974513 0.30258798599243164 0.0010000000474974513 0.30258798599243164 0.0016428633825853467 0 300 0 0 0.021312544122338295 1 1 -14822 -9 -9 0.303600013256073 0.0010000000474974513 35.196244999999998 -5.9661470000000003 1.2020000219345093 1.0759999752044678 -9 9.4700002670288086 0.027000000700354576 -9999 -9999 1.3090000152587891 0.30700001120567322 -8.1339998245239258 0.30786034464836121 0.15700000524520874 -999 22.239999771118164 21.600000381469727 21.370000839233398 21.180000305175781 0 0 0 0 20 40.799999237060547 44.180000305175781 50.319999694824219 24.247425079345703 23.473350524902344 23.386936187744141 23.245647430419922 57339.15625 7.7059650421142578 6.3592462539672852 6.2164740562438965 23.747268676757812 griz 0 57333.09765625 0.9616774320602417 -0.77827972173690796 0.77627670764923096 0.23803709447383881 0.068492799997329712 23.520101547241211 0.087277904152870178 7.0139003582880832e-06 5.638188440570957e-07 0.0083215720951557159 -1.8776434274059284e-07 -2.5683881688109977e-08 44 76.273689270019531 0.001819219789467752 0.83479106426239014
SN: 1332709 10 0 C1 3 0 55.129714999999997 -27.696453000000002 0.69431000947952271 0.0010000000474974513 0.69371199607849121 0.0010000000474974513 0.69371199607849121 0.0019678641110658646 0 300 0 0 0.010957129299640656 1 1 39787 -9 -9 0.69429999589920044 0.0010000000474974513 55.129385999999997 -27.696404999999999 1.062000036239624 1.1310000419616699 -9 10.02400016784668 0.039000000804662704 -9999 -9999 0.72500002384185791 0.0099999997764825821 -9.3459997177124023 0.11941942572593689 0.28999999165534973 -999 23.709999084472656 22.870000839233398 22.25 22.040000915527344 0.0099999997764825821 0.0099999997764825821 0.0099999997764825821 0.0099999997764825821 5.7800002098083496 12.890000343322754 22.809999465942383 26.579999923706055 25.595180511474609 24.724367141723633 24.104686737060547 23.93861198425293 57315.234375 11.419755935668945 8.8265876770019531 6.7375602722167969 25.934833526611328 riz 0 57308.8984375 1.4519050121307373 1.3563264608383179 0.88364744186401367 -0.097051024436950684 0.070656858384609222 23.552728652954102 0.063663430511951447 6.8062572609051131e-06 3.9909295423967706e-07 0.011333951726555824 -2.0646098164434079e-07 -6.0704938853461954e-09 53 51.707485198974609 0.52457255125045776 0.55592882633209229
SN: 1331700 10 0 E2 3 0 9.1725720000000006 -44.025627 0.36122998595237732 0.0010000000474974513 0.36025100946426392 0.0010000000474974513 0.36025094985961914 0.0016890091355890036 0 300 0 0 0.0060138697735965252 1 1 39647 -9 -9 0.3612000048160553 0.0010000000474974513 9.1725180000000002 -44.025633999999997 0.14100000262260437 0.23199999332427979 -9 9.0290002822875977 0.024000000208616257 -9999 -9999 0.85000002384185791 0.3970000147819519 -8.1339998245239258 0.39745441079139709 0.24400000274181366 -999 23.420000076293945 22.590000152587891 22.370000839233398 22.159999847412109 0.0099999997764825821 0.0099999997764825821 0.0099999997764825821 0.0099999997764825821 8.3599996566772461 17.629999160766602 23.299999237060547 26.239999771118164 25.194484710693359 24.384368896484375 24.081609725952148 23.952590942382812 57311.02734375 8.7994260787963867 7.0835623741149902 6.347226619720459 29.51976203918457 griz 0 57315.71484375 0.86473745107650757 0.78740513324737549 0.63246119022369385 0.20553839206695557 0.053751997649669647 23.306816101074219 0.075085505843162537 8.5363726611831225e-06 5.9034402966062771e-07 0.0088617708534002304 -2.3519464775745291e-07 -1.9938735107416505e-08 50 65.500267028808594 0.069581419229507446 0.73368251323699951
SN: 1337228 10 1 E1 3 0 7.524775 -43.034129999999998 0.57858002185821533 0.0010000000474974513 0.57740700244903564 0.0010000000474974513 0.57740700244903564 0.001868564635515213 0 300 0 0 0.005042604636400938 1 2 42172 -9 -9 0.57859998941421509 0.0010000000474974513 7.5249499999999996 -43.034090999999997 0.48100000619888306 0.70099997520446777 -3.7425518035888672 9.7629995346069336 0.045000001788139343 -9999 -9999 0.16099999845027924 0.19799999892711639 -9.5959997177124023 0.23469129204750061 0.58799999952316284 -999 24.399999618530273 23.200000762939453 22.760000228881836 22.520000457763672 0.029999999329447746 0.0099999997764825821 0.0099999997764825821 0.0099999997764825821 3.5999999046325684 11.770000457763672 17.840000152587891 21.360000610351562 26.109243392944336 24.82305908203125 24.371513366699219 24.175996780395508 57365.0390625 13.243900299072266 10.114752769470215 7.6773977279663086 27.340667724609375 riz 0 57357.76953125 0.87773603200912476 -0.62091350555419922 0.6263279914855957 -0.14703315496444702 0.075725056231021881 23.240516662597656 0.071641296148300171 9.0738858489203267e-06 5.9873195823456626e-07 0.0075411517173051834 -2.2588818637814256e-07 -2.4728617376013062e-08 32 30.079977035522461 0.56399339437484741 0.53202009201049805
SN: 1339291 10 0 E1+E2 3 0 9.0670940000000009 -43.109820999999997 0.81923997402191162 0.0010000000474974513 0.8179050087928772 0.0010000000474974513 0.81790494918823242 0.0020758586470037699 0 300 0 0 0.0051885703578591347 1 1 -16343 -9 -9 0.81919997930526733 0.0010000000474974513 9.0671099999999996 -43.109875000000002 0.19900000095367432 0.20900000631809235 -9 11.253000259399414 0.023000000044703484 -9999 -9999 0.49300000071525574 3.8710000514984131 -10.729000091552734 3.8712615966796875 1.3200000524520874 -999 24.290000915527344 22.350000381469727 21.069999694824219 20.479999542236328 0.029999999329447746 0.0099999997764825821 0 0 4.2600002288818359 24.299999237060547 80.5 126.73000335693359 25.926475524902344 24.035984039306641 22.735509872436523 22.242801666259766 57356.125 7.961916446685791 6.6465291976928711 5.5384521484375 22.364364624023438 riz 0 57355.4921875 1.077684760093689 -0.077370956540107727 0.83835840225219727 -0.15169066190719604 0.072789750993251801 24.05064582824707 0.07946459949016571 4.3027066567447037e-06 3.1491339314015931e-07 0.0080510005354881287 -1.4550597882134753e-07 4.1823864371792752e-09 70 103.28388977050781 0.0059501016512513161 0.50629281997680664
SN: 1331660 10 0 C1 3 0 54.531154999999998 -26.868364 0.7213900089263916 0.0010000000474974513 0.72075599431991577 0.0010000000474974513 0.72075605392456055 0.0019912191201001406 0 300 0 0 0.010935249738395214 1 3 39844 -9 -9 0.72140002250671387 0.0010000000474974513 54.531131999999999 -26.868366999999999 0.075000002980232239 0.083999998867511749 -5.7669177055358887 10.946000099182129 0.0099999997764825821 -9999 -9999 -1.0829999446868896 0.48500001430511475 -12.034999847412109 0.48788729310035706 1.4720000028610229 -999 24.549999237060547 22.620000839233398 21.479999542236328 21.020000457763672 0.029999999329447746 0.0099999997764825821 0 0 3.2699999809265137 18.579999923706055 56.180000305175781 83.169998168945312 26.213630676269531 24.327384948730469 23.126045227050781 22.700082778930664 57315.23828125 14.573393821716309 7.7839837074279785 7.4050445556640625 28.963415145874023 riz 0 57312.140625 1.3659417629241943 1.1646190881729126 0.92008042335510254 -0.17135168612003326 0.062140092253684998 23.488676071166992 0.058946907520294189 7.2198777161247563e-06 3.9198238255266915e-07 0.0050710025243461132 -2.2620658057803666e-07 3.9784047167756853e-09 54 49.685169219970703 0.64138257503509521 0.69060981273651123
SN: 1279420 10 0 C1 3 0 55.084964999999997 -27.652428 0.25736001133918762 0.0010000000474974513 0.25691500306129456 0.0010000000474974513 0.25691497325897217 0.0016068428521975875 0 300 0 0 0.011634064838290215 1 1 218 -9 -9 0.25740000605583191 0.0010000000474974513 55.085126000000002 -27.652448 0.51800000667572021 0.32800000905990601 -9 10.979000091552734 0.059999998658895493 -9999 -9999 0.42899999022483826 8.5260000228881836 -10.588000297546387 8.5294342041015625 1.5429999828338623 -999 21.319999694824219 19.819999694824219 19.170000076293945 18.870000839233398 0 0 0 0 68.80999755859375 278.1199951171875 467.70999145507812 664.19000244140625 22.905872344970703 21.389419555664062 20.825057983398438 20.444269180297852 57255.4140625 44.92877197265625 26.27821159362793 17.258729934692383 74.743095397949219 griz 0 57254.5234375 0.81200766563415527 -0.83899331092834473 0.44519490003585815 0.047125808894634247 0.027212683111429214 21.349710464477539 0.028852757066488266 5.1774506573565304e-05 1.375874944642419e-06 0.0061909225769340992 -3.0031011988285172e-07 -2.2628231732824133e-08 43 45.920875549316406 0.35209330916404724 0.32076191902160645
SN: 1337549 10 0 C2 3 0 54.528080000000003 -29.439695 0.74939000606536865 0.0010000000474974513 0.74877399206161499 0.0010000000474974513 0.74877405166625977 0.002015512902289629 0 300 0 0 0.0087336692959070206 1 1 41760 -9 -9 0.74940001964569092 0.0010000000474974513 54.528185999999998 -29.439668000000001 0.34599998593330383 0.7369999885559082 -9 9.3629999160766602 0.070000000298023224 -9999 -9999 0.79199999570846558 0.85900002717971802 -8.5629997253417969 0.88289129734039307 0.34999999403953552 -999 25.229999542236328 24.420000076293945 23.799999237060547 23.469999313354492 0.05000000074505806 0.029999999329447746 0.029999999329447746 0.029999999329447746 1.5900000333786011 4.0799999237060547 6.5900001525878906 8.3999996185302734 26.99650764465332 25.973350524902344 25.452785491943359 25.189302444458008 57345.33203125 10.278336524963379 6.6514167785644531 4.9629640579223633 22.897678375244141 riz 0 57347.1796875 1.0727722644805908 0.2599121630191803 0.79520827531814575 0.010127376765012741 0.082187771797180176 23.840702056884766 0.078684389591217041 5.2205882639100309e-06 3.7834126942470903e-07 0.0085801100358366966 -2.1118765403116413e-07 -2.4213548943663454e-09 38 44.191387176513672 0.226474329829216 0.092981904745101929
SN: 1334265 10 0 C1 3 0 53.828198 -27.346083 0.58645999431610107 0.0010000000474974513 0.58586102724075317 0.0010000000474974513 0.5858609676361084 0.0018757163779810071 0 300 0 0 0.0089834500104188919 2 4 40863 -9 -9 0.58649998903274536 0.0010000000474974513 53.828356999999997 -27.346138 0.54500001668930054 0.75199997425079346 -2.4609920978546143 10.722000122070312 0.057000000029802322 -9999 -9999 -0.44699999690055847 3.8380000591278076 -11.156999588012695 3.8381783962249756 1.5399999618530273 -999 23.979999542236328 22.100000381469727 21.139999389648438 20.719999313354492 0.019999999552965164 0 0 0 5.7699999809265137 31.670000076293945 72.209999084472656 104.81999969482422 25.597061157226562 23.748380661010742 22.853506088256836 22.448890686035156 57329.21484375 9.4826459884643555 7.3323674201965332 4.5357165336608887 23.235845565795898 riz 0 57330.80078125 1.0423524379730225 -1.0567078590393066 0.63074052333831787 0.017627274617552757 0.084323868155479431 23.370691299438477 0.068123921751976013 8.0486561273573898e-06 5.0500852921686601e-07 0.00051179825095459819 -1.4587280361411104e-07 -1.6568337812827849e-08 43 21.850317001342773 0.99698352813720703 0.35710307955741882
SN: 1280762 10 0 C3 3 0 52.046021000000003 -28.49474 0.62682002782821655 0.0010000000474974513 0.62616801261901855 0.0010000000474974513 0.62616801261901855 0.0019099611090496182 0 300 0 0 0.0088261459022760391 1 2 4260 -9 -9 0.62680000066757202 0.0010000000474974513 52.046097000000003 -28.494738000000002 0.24199999868869781 0.34999999403953552 -4.6698770523071289 9.2760000228881836 0.017999999225139618 -9999 -9999 1.031999945640564 0.50300002098083496 -8.2530002593994141 0.50589030981063843 0.14900000393390656 -999 24.219999313354492 23.430000305175781 23.030000686645508 22.879999160766602 0.0099999997764825821 0.0099999997764825821 0.0099999997764825821 0.0099999997764825821 4.809999942779541 9.880000114440918 14.029999732971191 14.880000114440918 25.794637680053711 25.013107299804688 24.632356643676758 24.568492889404297 57265.30078125 13.489212989807129 12.884313583374023 11.830055236816406 39.094882965087891 riz 0 57261.62109375 0.62631464004516602 0.05429602786898613 0.54819393157958984 0.04163292795419693 0.057037118822336197 23.881704330444336 0.062446895986795425 5.0271073632757179e-06 2.8913768801430706e-07 0.014544646255671978 -1.2673852722855372e-07 -1.061156051918033e-08 34 27.016830444335938 0.79687380790710449 0.13995163142681122
SN: 1319366 10 1 S2 3 0 41.495522000000001 -1.088128 0.23571999371051788 0.0010000000474974513 0.23482100665569305 0.0010000000474974513 0.23482096195220947 0.0015895967371761799 0 300 0 0 0.026974380016326904 1 2 21679 -9 -9 0.23569999635219574 0.0010000000474974513 41.495831000000003 -1.0880559999999999 1.1419999599456787 0.94099998474121094 -2.4322972297668457 9.555999755859375 0.014000000432133675 -9999 -9999 1.0640000104904175 0.27399998903274536 -8.4600000381469727 0.27648690342903137 0.53200000524520874 -999 22.299999237060547 21.590000152587891 21.280000686645508 21.110000610351562 0.0099999997764825821 0 0 0 25.729999542236328 50.490001678466797 62.25 74.55999755859375 23.973899841308594 23.241987228393555 23.014652252197266 22.818735122680664 57304.20703125 83.108711242675781 83.066749572753906 72.800186157226562 224.16600036621094 griz 0 57304.64453125 0.24009484052658081 1.4814270734786987 0.1798347532749176 -0.014469634741544724 0.016131818294525146 20.681913375854492 0.020858755335211754 9.5771079941187054e-05 1.8399180135020288e-06 0.00046170986024662852 -1.4707869411267893e-07 -2.0638371012182688e-08 45 29.929813385009766 0.95897006988525391 0.49615892767906189
SN: 1328105 10 1 E1 3 0 8.1870619999999992 -43.576934999999999 0.44258999824523926 0.0010000000474974513 0.44153499603271484 0.0010000000474974513 0.44153499603271484 0.0017552198842167854 0 300 0 0 0.0052142222411930561 1 1 21961 -9 -9 0.44260001182556152 0.0010000000474974513 8.1867739999999998 -43.576169999999998 2.8540000915527344 1.8680000305175781 -9 11.109999656677246 0.014000000432133675 -9999 -9999 1.2630000114440918 0.28799998760223389 -9.8610000610351562 0.29398128390312195 0.88099998235702515 -999 22.139999389648438 20.540000915527344 19.950000762939453 19.5 0 0 0 0 8.2399997711181641 25.399999618530273 34.770000457763672 42.849998474121094 25.210182189941406 23.9879150390625 23.646987915039062 23.420124053955078 57301.03515625 18.079570770263672 13.998801231384277 8.5882606506347656 55.790573120117188 riz 0 57302.796875 0.61503982543945312 0.19348454475402832 0.38867157697677612 -0.046341817826032639 0.03953571617603302 22.266672134399414 0.046032994985580444 2.2250062102102675e-05 9.4335717903959448e-07 0.0023043507244437933 -1.7192695622725296e-07 -2.6447006362673164e-08 40 45.775550842285156 0.24484652280807495 0.16739596426486969
SN: 1283923 10 1 E1+E2 3 0 9.1155050000000006 -43.267853000000002 0.14714999496936798 0.0010000000474974513 0.14631099998950958 0.0010000000474974513 0.14631104469299316 0.0015217696782201529 0 300 0 0 0.0052981213666498661 1 1 9434 -9 -9 0.14710000157356262 0.0010000000474974513 9.1155019999999993 -43.267848999999998 0.014999999664723873 0.008999999612569809 -9 10.684000015258789 0.027000000700354576 -9999 -9999 0.39899998903274536 0.53700000047683716 -10.307999610900879 0.57551544904708862 1.468999981880188 -999 20.350000381469727 19.200000762939453 18.739999771118164 18.319999694824219 0 0 0 0 165.1199951171875 487.92999267578125 745.20001220703125 952.4000244140625 21.955501556396484 20.779106140136719 20.319316864013672 20.052951812744141 57265.2265625 65.458221435546875 60.583988189697266 46.107578277587891 148.92538452148438 gri 0 57268.4765625 0.24620017409324646 -2.2589490413665771 0.15283051133155823 0.10006462037563324 0.02498403936624527 20.713794708251953 0.034041497856378555 9.2999813205096871e-05 2.9158582037780434e-06 0.00079207884846255183 -2.116693309517359e-07 -5.8855452067518854e-08 65 75.830268859863281 0.16866244375705719 0.82355219125747681
SN: 1279488 10 0 X3 3 0 36.253857000000004 -4.7339250000000002 0.49531999230384827 0.0010000000474974513 0.49412000179290771 0.0010000000474974513 0.49412000179290771 0.0017987146275117993 0 300 0 0 0.02344716340303421 1 1 18358 -9 -9 0.49529999494552612 0.0010000000474974513 36.254013 -4.7341759999999997 1.0640000104904175 1.1360000371932983 -9 9.2770004272460938 0.070000000298023224 -9999 -9999 0.78600001335144043 0.94700002670288086 -8.4329996109008789 0.9553455114364624 0.32699999213218689 -999 24.440000534057617 23.440000534057617 23.020000457763672 22.819999694824219 0.019999999552965164 0.0099999997764825821 0.0099999997764825821 0.0099999997764825821 2.6500000953674316 8.1800003051757812 10.689999580383301 13.689999580383301 26.441884994506836 25.218116760253906 24.927555084228516 24.658990859985352 57265.390625 33.187786102294922 31.869047164916992 17.367069244384766 79.846794128417969 riz 0 57259.93359375 0.40210998058319092 0.15904651582241058 0.33549106121063232 0.12505236268043518 0.03187774121761322 23.229602813720703 0.036097239702939987 9.1655547294067219e-06 3.0472523349089897e-07 0.00025713292416185141 -5.0706244536513623e-08 -6.7829644123662547e-09 32 38.479892730712891 0.19958029687404633 0.42019900679588318
SN: 1336925 10 0 C1 3 0 54.912396000000001 -27.523814999999999 0.65056002140045166 0.0010000000474974513 0.64996898174285889 0.0010000000474974513 0.64996898174285889 0.0019302930450066924 0 300 0 0 0.011238938197493553 1 1 41504 -9 -9 0.65060001611709595 0.0010000000474974513 54.912557 -27.523816 0.51499998569488525 0.68599998950958252 -9 11.045999526977539 0.02500000037252903 -9999 -9999 -3.4639999866485596 6.5359997749328613 -14.520999908447266 6.5377902984619141 1.4910000562667847 -999 24.379999160766602 22.540000915527344 21.399999618530273 20.959999084472656 0.019999999552965164 0.0099999997764825821 0 0 3.6400001049041748 21.829999923706055 61.330001831054688 92.970001220703125 26.097246170043945 24.152366638183594 23.030817031860352 22.579143524169922 57355.24609375 9.9873771667480469 8.8866300582885742 8.0518684387207031 23.521574020385742 riz 0 57344.828125 0.84586906433105469 -1.7568595409393311 0.58082222938537598 0.058401312679052353 0.083396106958389282 23.483757019042969 0.075541786849498749 7.2526609073975123e-06 5.0461517275834922e-07 0.0060980990529060364 -1.8217427566469269e-07 -1.6758551879547667e-08 37 52.808181762695312 0.044409818947315216 0.61712837219238281
SN: 1332632 10 0 C3 3 0 52.663741999999999 -28.479296000000001 0.62383002042770386 0.0010000000474974513 0.62319600582122803 0.0010000000474974513 0.62319600582122803 0.001907428028061986 0 300 0 0 0.007959345355629921 2 2 40359 -9 -9 0.62379997968673706 0.0010000000474974513 52.663741999999999 -28.479296000000001 0 0 -9.4185571670532227 10.602999687194824 0.023000000044703484 -9999 -9999 -0.59299999475479126 9.4069995880126953 -11.211000442504883 9.4074211120605469 1.534000039100647 -999 -10 -10 -10 -10 -10 -10 -10 -10 2.8499999046325684 14.579999923706055 38.380001068115234 56.520000457763672 26.362888336181641 24.590606689453125 23.539737701416016 23.119495391845703 57325.18359375 25.54266357421875 22.996475219726562 16.57794189453125 71.686447143554688 riz 0 57325.48046875 0.39049673080444336 -1.4914631843566895 0.23369607329368591 -0.021019395440816879 0.036718800663948059 23.367866516113281 0.032843265682458878 8.06962725619087e-06 2.4410434207311482e-07 0.0018664472736418247 -3.1483107676422151e-08 -5.2850896992140406e-09 39 22.175573348999023 0.98610615730285645 0.50206726789474487
SN: 1346627 10 0 C3 3 0 53.300303999999997 -28.336485 0.68256998062133789 0.0010000000474974513 0.68193000555038452 0.0010000000474974513 0.6819300651550293 0.0019577192142605782 0 300 0 0 0.0065490319393575191 1 1 45127 -9 -9 0.68260002136230469 0.0010000000474974513 53.300379999999997 -28.336511000000002 0.25900000333786011 0.36500000953674316 -9 10.553000450134277 0.024000000208616257 -9999 -9999 -3.2190001010894775 6.7810001373291016 -13.760000228881836 6.7810664176940918 1.4919999837875366 -999 24.969999313354492 23.110000610351562 21.989999771118164 21.520000457763672 0.019999999552965164 0 0 0 2.369999885559082 13.329999923706055 36.720001220703125 53.659999847412109 26.563129425048828 24.687925338745117 23.587743759155273 23.175872802734375 57391.171875 34.315151214599609 33.060989379882812 24.410215377807617 80.098724365234375 riz 0 57394.6484375 0.49109852313995361 -0.56627660989761353 0.43502700328826904 -0.13917116820812225 0.032967895269393921 23.435333251953125 0.027311045676469803 7.5834459494217299e-06 1.9075704926763137e-07 0.0042528002522885799 -5.2299526487331605e-08 -2.174840085800156e-09 17 9.7267513275146484 0.91467612981796265 0.50083601474761963
SN: 1336464 10 0 S2 3 0 41.255538999999999 -0.74942299999999995 0.38833999633789062 0.0010000000474974513 0.38732299208641052 0.0010000000474974513 0.38732302188873291 0.0017109161708503962 0 300 0 0 0.02388126403093338 1 1 41842 -9 -9 0.38830000162124634 0.0010000000474974513 41.255840999999997 -0.74938800000000005 1.0950000286102295 1.0779999494552612 -9 10.428000450134277 0.017999999225139618 -9999 -9999 0.7279999852180481 0.14000000059604645 -9.7060003280639648 0.15153877437114716 0.77499997615814209 -999 22.389999389648438 21.200000762939453 20.75 20.379999160766602 0.0099999997764825821 0 0 0 20 59.580001831054688 96.650001525878906 141.3800048828125 24.247425079345703 23.062248229980469 22.536994934082031 22.124031066894531 57355.21484375 21.763364791870117 20.531721115112305 13.585222244262695 52.035449981689453 riz 0 57350.91015625 0.52944552898406982 1.1541932821273804 0.46869939565658569 0.11956693232059479 0.047027826309204102 22.459695816040039 0.061231933534145355 1.8626074961503036e-05 1.0504491001483984e-06 0.0066672167740762234 -3.1542745659862703e-07 -3.8914709676873827e-08 23 22.024627685546875 0.51876538991928101 0.55395418405532837
SN: 1319539 10 0 S2 3 0 41.114440999999999 -1.5899030000000001 0.37277001142501831 0.0010000000474974513 0.37176400423049927 0.0010000000474974513 0.37176394462585449 0.0016983073437586427 0 300 0 0 0.025758128613233566 1 1 13624 -9 -9 0.37279999256134033 0.0010000000474974513 41.114513000000002 -1.5898859999999999 0.26600000262260437 0.3190000057220459 -9 10.546999931335449 0.032999999821186066 -9999 -9999 0.76700001955032349 0.59299999475479126 -9.7460002899169922 0.59527558088302612 1.2560000419616699 -999 22.549999237060547 21.020000457763672 20.5 20.129999160766602 0.0099999997764825821 0 0 0 22.200000762939453 87.839996337890625 136.36000061035156 190.77000427246094 24.134117126464844 22.640769958496094 22.16328239440918 21.798725128173828 57304.2109375 29.285865783691406 28.278091430664062 17.652475357055664 72.8748779296875 griz 0 57302.15234375 0.43946275115013123 1.140778660774231 0.34067660570144653 0.04418584331870079 0.022517254576086998 21.993011474609375 0.031355857849121094 2.8628295694943517e-05 8.2677979662548751e-07 0.0019839704036712646 -1.7392544293670653e-07 -1.1751157380501809e-08 49 44.184444427490234 0.66835892200469971 0.40778735280036926
SN: 1340954 10 0 C2 3 0 53.186805999999997 -29.027645 0.30566000938415527 0.0010000000474974513 0.30516698956489563 0.0010000000474974513 0.30516695976257324 0.0016449117101728916 0 300 0 0 0.0077672917395830154 6 6 43412 -9 -9 0.30570000410079956 0.0010000000474974513 53.187052000000001 -29.028410999999998 2.8629999160766602 1.4730000495910645 0.34530952572822571 11.361000061035156 0.075000002980232239 -9999 -9999 0.98600000143051147 10.986000061035156 -10.303999900817871 10.986132621765137 1.5269999504089355 -999 21.469999313354492 19.829999923706055 19.200000762939453 18.829999923706055 0 0 0 0 18.690000534057617 69.169998168945312 103.19999694824219 150.80000305175781 24.320976257324219 22.900205612182617 22.465801239013672 22.053997039794922 57372.2265625 48.901115417480469 48.175880432128906 38.416843414306641 117.69075775146484 griz 0 57373.34765625 0.2331441342830658 -0.96075171232223511 0.24389681220054626 0.0319075807929039 0.022520160302519798 21.699014663696289 0.029696445912122726 3.7531368434429169e-05 1.02653689282306e-06 0.0017160724382847548 -1.4116285740328749e-07 -1.5663282226796582e-08 31 35.590923309326172 0.2609812319278717 0.33745011687278748
SN: 1343337 10 1 C2 3 0 54.559165999999998 -28.709869000000001 0.33946999907493591 0.0010000000474974513 0.33899301290512085 0.0010000000474974513 0.33899307250976562 0.0016719137784093618 0 300 0 0 0.0098279565572738647 1 1 44240 -9 -9 0.33950001001358032 0.0010000000474974513 54.559311999999998 -28.710089 0.91600000858306885 1.1030000448226929 -9 9.6899995803833008 0.018999999389052391 -9999 -9999 0.90399998426437378 0.035999998450279236 -8.7530002593994141 0.050209559500217438 0.4699999988079071 -999 22.280000686645508 21.530000686645508 21.229999542236328 20.940000534057617 0 0 0 0 18.629999160766602 39.069999694824219 58.139999389648438 73.160003662109375 24.324466705322266 23.520391464233398 23.088811874389648 22.839315414428711 57394.1484375 39.3909912109375 34.737091064453125 24.090082168579102 81.38311767578125 griz 0 57394.51953125 0.44185847043991089 0.90260601043701172 0.5072019100189209 0.16231469810009003 0.027100995182991028 22.243520736694336 0.033470865339040756 2.2729604097548872e-05 7.0070382207632065e-07 0.0054577542468905449 -2.198313637791216e-07 -1.2760965617530928e-08 21 38.711692810058594 0.010622912086546421 0.61907666921615601
SN: 1334321 10 0 E2 3 0 8.7152159999999999 -44.801803999999997 0.80453997850418091 0.0010000000474974513 0.80326098203659058 0.0010000000474974513 0.80326104164123535 0.002063029445707798 0 300 0 0 0.0078103397972881794 1 1 41046 -9 -9 0.80449998378753662 0.0010000000474974513 8.7151499999999995 -44.801825000000001 0.18400000035762787 0.28299999237060547 -9 9.7370004653930664 0.014999999664723873 -9999 -9999 -0.14599999785423279 0.37400001287460327 -9.8780002593994141 0.37563413381576538 0.47499999403953552 -999 25.979999542236328 23.930000305175781 22.729999542236328 22.229999542236328 0.10000000149011612 0.019999999552965164 0.0099999997764825821 0.0099999997764825821 0.92000001668930054 6.0799999237060547 18.290000915527344 27.799999237060547 27.5 25.540241241455078 24.344465255737305 23.889888763427734 57329.03125 7.862152099609375 6.8504505157470703 5.4563426971435547 24.429819107055664 riz 0 57327.6640625 1.3405900001525879 0.21049512922763824 0.83301472663879395 -0.02875799871981144 0.070869468152523041 23.5982666015625 0.073784500360488892 6.5266931414953433e-06 4.4354123929224443e-07 0.01071148831397295 -2.511724517262337e-07 -1.9989687682908652e-09 46 59.105457305908203 0.09296918660402298 0.11879508197307587
SN: 1314554 10 0 S1 3 0 43.578910999999998 0.29807099999999997 0.35253000259399414 0.0010000000474974513 0.35159000754356384 0.0010000000474974513 0.35159003734588623 0.001682032598182559 0 300 0 0 0.066335022449493408 1 1 10178 -9 -9 0.35249999165534973 0.0010000000474974513 43.579076999999998 0.298043 0.60500001907348633 0.49900001287460327 -9 10.829000473022461 0.039999999105930328 -9999 -9999 -0.55400002002716064 9.4460000991821289 -11.371999740600586 9.4460763931274414 1.4839999675750732 -999 22.030000686645508 20.360000610351562 19.770000457763672 19.409999847412109 0 0 0 0 36.369998931884766 170.6199951171875 283.1099853515625 386.739990234375 23.598140716552734 21.919925689697266 21.370113372802734 21.031452178955078 57304.2578125 10.401355743408203 9.1013479232788086 6.6658997535705566 32.766422271728516 griz 0 57295.75 0.47002479434013367 -1.1939581632614136 0.51705968379974365 0.10997475683689117 0.046914160251617432 22.33526611328125 0.068487241864204407 2.0887835489702411e-05 1.317585429205792e-06 0.0016991962911561131 -3.5137145459884778e-07 -8.5270102090362343e-09 52 45.246891021728516 0.7346985936164856 0.54108744859695435
SN: 1338233 10 1 X1 3 0 35.122703999999999 -5.5292909999999997 0.60278999805450439 0.0010000000474974513 0.60148000717163086 0.0010000000474974513 0.60148000717163086 0.0018889578059315681 0 300 0 0 0.022141767665743828 1 2 42291 -9 -9 0.60280001163482666 0.0010000000474974513 35.122489000000002 -5.5290419999999996 1.1829999685287476 0.99199998378753662 -3.0959405899047852 11.211000442504883 0.041999999433755875 -9999 -9999 0.69900000095367432 0.41899999976158142 -10.531999588012695 0.44886747002601624 1.2990000247955322 -999 23.680000305175781 21.909999847412109 20.889999389648438 20.479999542236328 0.019999999552965164 0 0 0 5.630000114440918 22.059999465942383 47.220001220703125 80.110000610351562 25.623729705810547 24.140985488891602 23.314685821533203 22.74078369140625 57355.1640625 9.7596549987792969 8.5334329605102539 6.384613037109375 22.831268310546875 riz 0 57356.09375 0.83231222629547119 -1.2176047563552856 0.77423262596130371 -0.094838298857212067 0.093492574989795685 23.401744842529297 0.085459589958190918 7.8217162808869034e-06 6.1565663145302096e-07 0.022741101682186127 -3.3622595196902694e-07 -3.1445551940123551e-08 26 14.047945022583008 0.97236311435699463 0.51445674896240234
SN: 1343533 10 1 E1 3 0 7.3583879999999997 -42.267349000000003 0.36947000026702881 0.0010000000474974513 0.36843401193618774 0.0010000000474974513 0.36843395233154297 0.0016956152394413948 0 300 0 0 0.0068756472319364548 1 1 44395 -9 -9 0.36950001120567322 0.0010000000474974513 7.3584670000000001 -42.267324000000002 0.22800000011920929 0.27000001072883606 -9 10.730999946594238 0.039000000804662704 -9999 -9999 0.91500002145767212 0.61599999666213989 -9.7919998168945312 0.61779040098190308 1.2869999408721924 -999 22.049999237060547 20.559999465942383 20.010000228881836 19.629999160766602 0 0 0 0 33.830001831054688 130.77999877929688 217.94000244140625 291.08999633789062 23.67674446105957 22.208646774291992 21.654157638549805 21.339931488037109 57394.0625 16.547441482543945 11.551665306091309 10.49870491027832 37.055366516113281 griz 0 57390.10546875 0.81553900241851807 -0.84443938732147217 0.81906145811080933 0.016989847645163536 0.044345349073410034 22.390670776367188 0.053236950188875198 1.9848685042234138e-05 9.7324141279386822e-07 0.018471322953701019 -5.4242349278865731e-07 -2.8371827553996809e-08 24 18.0814208984375 0.79904085397720337 0.28712046146392822
SN: 1341227 10 0 C3 3 0 52.908603999999997 -27.622464999999998 0.83108001947402954 0.0010000000474974513 0.83036202192306519 0.0010000000474974513 0.83036208152770996 0.0020867909770458937 0 300 0 0 0.0069931512698531151 2 3 42788 -9 -9 0.8310999870300293 0.0010000000474974513 52.908904999999997 -27.622102999999999 1.6180000305175781 2.2349998950958252 0.28835481405258179 10.395000457763672 0.010999999940395355 -9999 -9999 0.54199999570846558 0.16300000250339508 -9.8610000610351562 0.17404022812843323 0.77799999713897705 -999 24.360000610351562 23.489999771118164 22.659999847412109 22.260000228881836 0.0099999997764825821 0.0099999997764825821 0 0.0099999997764825821 1.3400000333786011 3.4100000858306885 5.2899999618530273 9.1999998092651367 27.18223762512207 26.168113708496094 25.691360473632812 25.090530395507812 57365.22265625 25.961814880371094 14.823581695556641 13.114846229553223 46.246757507324219 riz 0 57372.296875 0.7157132625579834 -0.59895241260528564 0.49468812346458435 0.19434233009815216 0.049234978854656219 24.310970306396484 0.042202375829219818 3.3854159937618533e-06 1.3159052514311043e-07 0.0041161384433507919 -4.2451880233329575e-08 -1.2033295471169936e-09 27 30.00758171081543 0.31381326913833618 0.6778755784034729
SN: 1335387 10 0 C2 3 0 53.342059999999996 -29.124970999999999 0.60641998052597046 0.0010000000474974513 0.60581797361373901 0.0010000000474974513 0.60581803321838379 0.0018926418852061033 0 300 0 0 0.0085381697863340378 1 2 40879 -9 -9 0.6064000129699707 0.0010000000474974513 53.342208999999997 -29.125171999999999 0.86299997568130493 1.1380000114440918 -2.5994694232940674 9.5100002288818359 0.048000000417232513 -9999 -9999 0.125 0.37400001287460327 -9.380000114440918 0.40040603280067444 0.53299999237060547 -999 24.75 23.760000228881836 23.260000228881836 23.010000228881836 0.029999999329447746 0.019999999552965164 0.019999999552965164 0.019999999552965164 2.0199999809265137 5.559999942779541 10.029999732971191 10.670000076293945 26.736621856689453 25.637313842773438 24.996747970581055 24.929588317871094 57339.28515625 11.098029136657715 9.9620532989501953 8.1702346801757812 35.676227569580078 riz 0 57339.09765625 0.59170007705688477 -0.025674277916550636 0.5145764946937561 0.060992516577243805 0.052891239523887634 23.259836196899414 0.055018749088048935 8.9138584371539764e-06 4.5170213525125291e-07 0.0047998283989727497 -1.6693259397015936e-07 -1.1456976700685573e-08 43 30.379653930664062 0.92632168531417847 0.20348840951919556
SN: 1330817 10 0 S2 3 0 41.108952000000002 -1.447716 0.27143999934196472 0.0010000000474974513 0.27050799131393433 0.0010000000474974513 0.2705080509185791 0.0016175120836123824 0 300 0 0 0.027220925316214561 1 1 39351 -9 -9 0.27140000462532043 0.0010000000474974513 41.109720000000003 -1.4483410000000001 3.562000036239624 3.6080000400543213 -9 10.543000221252441 0.11999999731779099 -9999 -9999 -0.52700001001358032 9.4729995727539062 -10.942999839782715 9.473057746887207 1.5479999780654907 -999 21.930000305175781 20.440000534057617 19.959999084472656 19.610000610351562 0 0 0 0 0.5 2.4800000190734863 3.9600000381469727 5.4499998092651367 27.5 26.513870239257812 26.005762100219727 25.659008026123047 57311.296875 45.46697998046875 44.582134246826172 41.8170166015625 115.6856689453125 griz 0 57308.9609375 0.27784246206283569 -1.1046333312988281 0.24382483959197998 -0.027465233579277992 0.018881835043430328 21.617176055908203 0.022337872534990311 4.0469636587658897e-05 8.3261994632266578e-07 0.00097582821035757661 -8.0090977405689046e-08 -1.0139369344130955e-08 45 42.842693328857422 0.56375998258590698 0.3794218897819519
SN: 1338762 10 0 C1 3 0 53.937035000000002 -27.153151000000001 0.42107999324798584 0.0010000000474974513 0.42054399847984314 0.0010000000474974513 0.42054402828216553 0.001737998565658927 0 300 0 0 0.0093556949868798256 1 1 42114 -9 -9 0.42109999060630798 0.0010000000474974513 53.937702999999999 -27.153251999999998 2.1689999103546143 2.7709999084472656 -9 9.7760000228881836 0.019999999552965164 -9999 -9999 1.7419999837875366 0.22300000488758087 -8.0749998092651367 0.22875751554965973 0.21799999475479126 -999 21.739999771118164 20.989999771118164 20.760000228881836 20.549999237060547 0 0 0 0 3.9600000381469727 6.9499998092651367 10.770000457763672 10.460000038146973 26.005762100219727 25.395038604736328 24.919460296630859 24.951169967651367 57365.18359375 67.964073181152344 44.32623291015625 24.738330841064453 106.81094360351562 riz 0 57364.609375 0.42974400520324707 1.3522974252700806 0.32701784372329712 -0.1130855455994606 0.035048626363277435 22.007303237915039 0.039403863251209259 2.8253909476916306e-05 1.0253993423248176e-06 0.0024386374279856682 -1.7934526397311856e-07 -2.8555476205838204e-08 28 16.006122589111328 0.9657285213470459 0.58760744333267212
SN: 1336558 10 0 S1 3 0 42.511462999999999 0.13308700000000001 0.46865001320838928 0.0010000000474974513 0.46760201454162598 0.0010000000474974513 0.46760201454162598 0.0017767190001904964 0 300 0 0 0.053466137498617172 1 1 41826 -9 -9 0.46869999170303345 0.0010000000474974513 42.511367999999997 0.13330400000000001 0.85399997234344482 0.89600002765655518 -9 10.843999862670898 0.026000000536441803 -9999 -9999 0.50199997425079346 4.6710000038146973 -10.354000091552734 4.6714248657226562 1.4179999828338623 -999 22.760000228881836 20.940000534057617 20.270000457763672 19.870000839233398 0.0099999997764825821 0 0 0 13.060000419616699 76.040000915527344 140.25999450683594 205.38999938964844 24.710142135620117 22.797393798828125 22.132665634155273 21.718551635742188 57355.23046875 11.805595397949219 10.911017417907715 8.6414937973022461 30.288261413574219 riz 0 57349.23046875 0.62534087896347046 -0.89333945512771606 0.58456891775131226 0.10068909078836441 0.067055195569992065 22.86305046081543 0.079746097326278687 1.2846348909079097e-05 9.4354982138611376e-07 0.0077025601640343666 -3.354288082846324e-07 -4.5081545607672524e-08 26 11.754035949707031 0.99247497320175171 0.44868755340576172
SN: 1331925 10 0 X3 3 0 35.535693999999999 -4.2003599999999999 0.61628001928329468 0.0010000000474974513 0.61496102809906006 0.0010000000474974513 0.61496102809906006 0.0019004158675670624 0 300 0 0 0.021006403490900993 1 1 40470 -9 -9 0.61629998683929443 0.0010000000474974513 35.535456000000003 -4.2004250000000001 0.88599997758865356 0.98799997568130493 -9 10.546999931335449 0.013000000268220901 -9999 -9999 0.74199998378753662 0.014999999664723873 -9.7849998474121094 0.040853396058082581 0.62800002098083496 -999 23.079999923706055 22.090000152587891 21.409999847412109 21.040000915527344 0.0099999997764825821 0 0 0 10.130000114440918 24.170000076293945 43.520000457763672 55.639999389648438 24.985977172851562 24.04180908203125 23.403278350830078 23.136531829833984 57319.1171875 11.461504936218262 10.239455223083496 8.8863420486450195 35.341129302978516 riz 0 57320.90625 0.64098763465881348 -0.37590673565864563 0.60270524024963379 0.1980208158493042 0.056921154260635376 23.901018142700195 0.068376891314983368 4.9384752855985425e-06 3.1101257036425523e-07 0.0077955084852874279 -1.3218641470302828e-07 -1.0791247007091442e-08 37 32.936180114746094 0.66004228591918945 0.67185723781585693
SN: 1282966 10 0 C2+C3 3 0 53.293503000000001 -28.855945999999999 0.58072000741958618 0.0010000000474974513 0.58012402057647705 0.0010000000474974513 0.58012402057647705 0.0018708619754761457 0 300 0 0 0.0063719670288264751 1 1 4485 -9 -9 0.58069998025894165 0.0010000000474974513 53.293303000000002 -28.855853 0.71200001239776611 0.87699997425079346 -9 9.5869998931884766 0.0080000003799796104 -9999 -9999 0.39399999380111694 0.032000001519918442 -9.1949996948242188 0.066241979598999023 0.15199999511241913 -999 23.530000686645508 22.680000305175781 22.379999160766602 22.229999542236328 0.0099999997764825821 0.0099999997764825821 0.0099999997764825821 0.0099999997764825821 5.9000000953674316 12.130000114440918 18.959999084472656 19.340000152587891 25.572870254516602 24.790348052978516 24.305404663085938 24.283859252929688 57266.2734375 37.126869201660156 33.482738494873047 29.62213134765625 88.2998046875 riz 0 57271.9921875 0.069323182106018066 0.20411206781864166 0.3508417010307312 -0.023289021104574203 0.033240053802728653 23.101175308227539 0.039995051920413971 1.0316444786440115e-05 3.8002485780452844e-07 0.0014811713481321931 -4.2277189749029276e-08 -4.7398884817084763e-09 70 89.704093933105469 0.056400742381811142 0.10322552919387817
SN: 1336384 10 0 X1 3 0 34.094822000000001 -4.5154500000000004 0.58438998460769653 0.0010000000474974513 0.58306401968002319 0.0010000000474974513 0.58306407928466797 0.0018733489559963346 0 300 0 0 0.01677296869456768 1 1 41465 -9 -9 0.5843999981880188 0.0010000000474974513 34.095011999999997 -4.5153819999999998 0.72299998998641968 0.72399997711181641 -9 10.98799991607666 0.059000000357627869 -9999 -9999 0.30000001192092896 10.300000190734863 -10.656000137329102 10.30104923248291 1.4650000333786011 -999 24.110000610351562 22.309999465942383 21.329999923706055 20.879999160766602 0.029999999329447746 0.0099999997764825821 0 0 4.7600002288818359 27.370000839233398 67.089996337890625 100.44000244140625 25.80598258972168 23.90681266784668 22.933355331420898 22.495233535766602 57339.03515625 11.297277450561523 8.2011384963989258 5.6788396835327148 25.125598907470703 riz 0 57341.8984375 1.0312635898590088 0.38247391581535339 0.74292969703674316 0.11006516218185425 0.073658786714076996 23.365030288696289 0.072634808719158173 8.0907302617561072e-06 5.4126280701893847e-07 0.0024282236117869616 -2.3953151639943826e-07 -7.336162344273589e-09 32 24.112371444702148 0.84031981229782104 0.38840419054031372
SN: 1329365 10 0 X3 3 0 36.528843000000002 -4.653905 0.61229997873306274 0.0010000000474974513 0.61101299524307251 0.0010000000474974513 0.61101293563842773 0.0018970574019476771 0 300 0 0 0.023070553317666054 1 2 21891 -9 -9 0.61229997873306274 0.0010000000474974513 36.528874000000002 -4.6539650000000004 0.24400000274181366 0.29899999499320984 -4.6485204696655273 10.633000373840332 0.026000000536441803 -9999 -9999 0.44600000977516174 6.0770001411437988 -10.196000099182129 6.0771894454956055 1.5130000114440918 -999 24.610000610351562 22.790000915527344 21.780000686645508 21.299999237060547 0.019999999552965164 0 0 0 3.0099999904632568 18.389999389648438 42.409999847412109 64.300003051757812 26.303583145141602 24.338546752929688 23.431329727172852 22.979473114013672 57305.3046875 24.074586868286133 15.468671798706055 14.908120155334473 46.606372833251953 riz 0 57306.92578125 0.61590272188186646 -0.44560068845748901 0.36657732725143433 -0.014694403856992722 0.047208104282617569 23.53339958190918 0.048597905784845352 6.9285115387174301e-06 3.101224308466044e-07 0.0048770909197628498 -6.3107506775850197e-08 -1.0448550469277507e-08 41 38.405841827392578 0.58653980493545532 0.1564013808965683
SN: 1341271 10 0 C3 3 0 52.639504000000002 -27.962948000000001 0.82656002044677734 0.0010000000474974513 0.82583999633789062 0.0010000000474974513 0.82583999633789062 0.0020828205160796642 0 300 0 0 0.006947243120521307 1 1 42762 -9 -9 0.82660001516342163 0.0010000000474974513 52.639564999999997 -27.963018999999999 0.32100000977516174 0.42500001192092896 -9 11.027999877929688 0.028000000864267349 -9999 -9999 -10 0 -21.041999816894531 0.19699999690055847 1.4700000286102295 -999 25.510000228881836 23.5 22.25 21.579999923706055 0.039999999105930328 0.0099999997764825821 0 0 1.4299999475479126 8.9399995803833008 29.280000686645508 49.779998779296875 27.111660003662109 25.12165641784668 23.833572387695312 23.257362365722656 57372.17578125 21.457357406616211 15.616945266723633 9.9217338562011719 37.375568389892578 riz 0 57369.89453125 0.80161112546920776 -2.0722825527191162 0.49163633584976196 0.038794759660959244 0.063653305172920227 24.415382385253906 0.052718870341777802 3.075013182751718e-06 1.4930995462236751e-07 0.0044621061533689499 -4.4224467643516618e-08 -5.1521061722459294e-11 27 21.495681762695312 0.76254171133041382 0.70276111364364624
SN: 1342255 10 1 S2 3 0 40.743481000000003 -0.26740599999999998 0.21976000070571899 0.0010000000474974513 0.21885399520397186 0.0010000000474974513 0.21885395050048828 0.0015772087499499321 0 300 0 0 0.024113928899168968 1 1 44599 -9 -9 0.21979999542236328 0.0010000000474974513 40.743248999999999 -0.26812200000000003 2.7100000381469727 2.1949999332427979 -9 9.7969999313354492 0.010999999940395355 -9999 -9999 0.47900000214576721 0.34700000286102295 -9.3100004196166992 0.34776142239570618 0.88899999856948853 -999 22.360000610351562 21.399999618530273 20.959999084472656 20.680000305175781 0.0099999997764825821 0 0 0 5.0900001525878906 11.479999542236328 16.049999237060547 16.389999389648438 25.733205795288086 24.85014533996582 24.486312866210938 24.463552474975586 57389.109375 131.76054382324219 118.32674407958984 70.350212097167969 308.04513549804688 griz 0 57391.0078125 0.27897354960441589 0.23295310139656067 0.41762757301330566 -0.084894269704818726 0.019236404448747635 20.459987640380859 0.024073367938399315 0.0001174911085399799 2.6050588530779351e-06 0.0045228675007820129 -7.3163948854926275e-07 -3.7608188563353906e-08 13 5.2601323127746582 0.96901124715805054 0.29344141483306885
SN: 1343759 10 1 C3 3 0 51.978980999999997 -28.564433999999999 0.50677001476287842 0.0010000000474974513 0.5061650276184082 0.0010000000474974513 0.5061650276184082 0.001808745670132339 0 300 0 0 0.0072872904129326344 1 3 44326 -9 -9 0.50679999589920044 0.0010000000474974513 51.978949999999998 -28.564800999999999 1.3250000476837158 1.6180000305175781 -2.2157714366912842 9.3990001678466797 0.014999999664723873 -9999 -9999 1.3509999513626099 0.075999997556209564 -8.0419998168945312 0.081706792116165161 0.18999999761581421 -999 23.469999313354492 22.590000152587891 22.290000915527344 22.059999465942383 0.0099999997764825821 0 0 0.0099999997764825821 3.7599999904632568 7.8000001907348633 11.039999961853027 12.479999542236328 26.062030792236328 25.269763946533203 24.892578125 24.759464263916016 57395.16015625 79.709587097167969 54.298603057861328 48.339519500732422 146.632080078125 riz 0 57395.4921875 0.36754167079925537 0.45738169550895691 0.37488806247711182 -0.058151382952928543 0.026911724358797073 22.607431411743164 0.02914760448038578 1.6256519302260131e-05 4.364214873930905e-07 0.0024040245916694403 -9.0102588501395076e-08 -8.7037426155234243e-09 13 11.042244911193848 0.60727852582931519 0.24661177396774292
SN: 1336009 10 1 E2 3 0 8.9161940000000008 -44.893734000000002 0.34270000457763672 0.0010000000474974513 0.34175100922584534 0.0010000000474974513 0.34175097942352295 0.0016741262516006827 0 300 0 0 0.009416583925485611 1 1 41358 -9 -9 0.34270000457763672 0.0010000000474974513 8.9161990000000007 -44.893974999999998 0.86599999666213989 1.0659999847412109 -9 8.9010000228881836 0.008999999612569809 -9999 -9999 -0.14599999785423279 0.17399999499320984 -9.0139999389648438 0.17578680813312531 0.15600000321865082 -999 23.799999237060547 22.799999237060547 22.489999771118164 22.139999389648438 0.019999999552965164 0.0099999997764825821 0.0099999997764825821 0.0099999997764825821 6.7300000190734863 16.120000839233398 22.659999847412109 28.610000610351562 25.429962158203125 24.481586456298828 24.111850738525391 23.858705520629883 57347.078125 22.367767333984375 17.515949249267578 16.118301391601562 65.105751037597656 griz 0 57344.28125 0.33288836479187012 -0.53340637683868408 0.29950329661369324 0.16014356911182404 0.025606658309698105 22.523609161376953 0.032626427710056305 1.7561298591317609e-05 5.277179297991097e-07 0.0021561586763709784 -8.5988062892283779e-08 -9.2183407573998011e-09 47 38.527664184570312 0.80586689710617065 0.562644362449646
SN: 1337272 10 1 X1 3 0 34.128422 -5.6805519999999996 0.50400000810623169 0.0010000000474974513 0.50274902582168579 0.0010000000474974513 0.50274896621704102 0.001805898267775774 0 300 0 0 0.0193454809486866 1 1 -16414 -9 -9 0.50400000810623169 0.0010000000474974513 34.128509000000001 -5.680504 0.35699999332427979 0.76399999856948853 -9 8.4969997406005859 0.097000002861022949 -9999 -9999 0.54600000381469727 1.1970000267028809 -7.9679999351501465 1.2540674209594727 0.10999999940395355 -999 25.149999618530273 24.329999923706055 24.180000305175781 23.840000152587891 0.079999998211860657 0.029999999329447746 0.039999999105930328 0.05000000074505806 1.7200000286102295 4.7100000381469727 4.5 7.2600002288818359 26.911178588867188 25.817447662353516 25.866968154907227 25.347658157348633 57355.16015625 16.055665969848633 14.342608451843262 9.1505794525146484 38.352153778076172 riz 0 57357.78125 0.66197830438613892 -0.52278059720993042 0.54369270801544189 -0.10107369720935822 0.054825063794851303 22.805889129638672 0.057505622506141663 1.3540806321543641e-05 7.1718386607244611e-07 0.0052370047196745872 -2.3502221324633865e-07 -2.5723073449057665e-08 23 15.97807502746582 0.85620570182800293 0.37931057810783386
SN: 1332701 10 0 C1 3 0 54.545445000000001 -27.805192999999999 0.79232001304626465 0.0010000000474974513 0.79167002439498901 0.0010000000474974513 0.79167008399963379 0.0020528922323137522 0 300 0 0 0.0093663893640041351 1 3 39820 -9 -9 0.79229998588562012 0.0010000000474974513 54.545448 -27.805119999999999 0.2630000114440918 0.42899999022483826 -3.6095123291015625 10.347999572753906 0.029999999329447746 -9999 -9999 1.0989999771118164 0.75 -9.241999626159668 0.761527419090271 0.74099999666213989 -999 24.120000839233398 23.120000839233398 22.170000076293945 21.809999465942383 0.019999999552965164 0.0099999997764825821 0.0099999997764825821 0.0099999997764825821 4.880000114440918 12.409999847412109 29.530000686645508 39.709999084472656 25.778949737548828 24.765569686889648 23.8243408203125 23.502750396728516 57315.234375 12.172660827636719 9.5664081573486328 5.441627025604248 29.340242385864258 riz 0 57318.234375 0.94266510009765625 0.57833415269851685 0.77442371845245361 -0.2144075483083725 0.057076849043369293 23.532394409179688 0.061300680041313171 6.9349357545434032e-06 3.9154656406026334e-07 0.0056520472280681133 -1.9941612094953598e-07 4.942268372332137e-09 54 58.176292419433594 0.32428428530693054 0.74023491144180298
SN: 1277715 10 0 C3 3 0 52.283290999999998 -28.462945999999999 0.34654998779296875 0.0010000000474974513 0.34601500630378723 0.0010000000474974513 0.34601497650146484 0.0016775501426309347 0 300 0 0 0.008513500913977623 1 1 6024 -9 -9 0.34650000929832458 0.0010000000474974513 52.283127999999998 -28.463232000000001 1.1499999761581421 0.98500001430511475 -9 9.0889997482299805 0.008999999612569809 -9999 -9999 0.29899999499320984 0 -8.7950000762939453 0.029999999329447746 0.039000000804662704 -999 23.149999618530273 22.450000762939453 22.319999694824219 22.059999465942383 0 0 0 0.0099999997764825821 10.550000190734863 18.680000305175781 23.129999160766602 26.950000762939453 24.941867828369141 24.321557998657227 24.089561462402344 23.923603057861328 57255.3671875 70.592353820800781 58.444076538085938 48.258235931396484 156.76202392578125 griz 0 57254.4453125 0.55755090713500977 -0.11107634752988815 0.23953443765640259 -0.0065232268534600735 0.017317123711109161 21.970993041992188 0.020077325403690338 2.9214790629339404e-05 5.4023701068217633e-07 0.00088247220264747739 -5.3085379647654918e-08 -5.9072871039234087e-09 34 27.031406402587891 0.7962912917137146 0.042938202619552612
SN: 1337649 10 1 S1 3 0 43.404418999999997 0.51018300000000005 0.26238000392913818 0.0010000000474974513 0.26149800419807434 0.0010000000474974513 0.26149797439575195 0.0016104350797832012 0 300 0 0 0.076151423156261444 1 1 42238 -9 -9 0.26240000128746033 0.0010000000474974513 43.404325999999998 0.51008600000000004 0.48399999737739563 0.59200000762939453 -9 8.755000114440918 0.029999999329447746 -9999 -9999 -0.070000000298023224 2.3840000629425049 -8.7939996719360352 2.3860547542572021 0.61000001430511475 -999 24.270000457763672 23.389999389648438 23.120000839233398 22.940000534057617 0.029999999329447746 0.019999999552965164 0.019999999552965164 0.019999999552965164 4.190000057220459 9.2700004577636719 12.529999732971191 15.489999771118164 25.944465637207031 25.082300186157227 24.755123138427734 24.524871826171875 57365.125 88.61590576171875 78.735054016113281 72.625717163085938 191.37734985351562 griz 0 57363.3984375 0.24003446102142334 0.78317147493362427 0.18421189486980438 0.025428075343370438 0.017489999532699585 21.125858306884766 0.024789465591311455 6.3629217038396746e-05 1.4527786333928816e-06 0.00059253029758110642 -1.0169907227464137e-07 -1.8621086894654582e-08 28 32.293766021728516 0.26272144913673401 0.27447247505187988
SN: 1263788 10 0 C3 3 0 53.077514999999998 -28.667840999999999 0.75796002149581909 0.0010000000474974513 0.75728797912597656 0.0010000000474974513 0.75728797912597656 0.0020229143556207418 0 300 0 0 0.0086228605359792709 1 4 -2377 -9 -9 0.75800001621246338 0.0010000000474974513 53.077705999999999 -28.667743999999999 0.69800001382827759 0.47699999809265137 -3.8761389255523682 11.326999664306641 0.086999997496604919 -9999 -9999 -2.8069999217987061 7.1929998397827148 -14.291999816894531 7.1974830627441406 1.4490000009536743 -999 24.430000305175781 22.510000228881836 21.290000915527344 20.75 0.0099999997764825821 0 0 0 3.4700000286102295 21.780000686645508 66.470001220703125 98.849998474121094 26.149175643920898 24.154855728149414 22.943435668945312 22.512557983398438 56661.171875 15.649801254272461 7.6124434471130371 -99 26.369203567504883 iz 0 56660.48828125 1.0237658023834229 -1.8150938749313354 0.8030773401260376 -0.1172364205121994 0.1429135799407959 24.094236373901367 0.083525970578193665 4.133380571147427e-06 3.179820566856506e-07 -0.0042505208402872086 -8.2445090754390549e-08 -3.1882709805586273e-08 17 12.17786693572998 0.7892490029335022 0.72026258707046509
SN: 1258940 10 1 S1 3 0 42.714821000000001 -0.52511200000000002 0.42693999409675598 0.0010000000474974513 0.42592999339103699 0.0010000000474974513 0.42593002319335938 0.0017424093093723059 0 300 0 0 0.050740789622068405 1 2 10030 -9 -9 0.42689999938011169 0.0010000000474974513 42.715176 -0.52429700000000001 3.1989998817443848 2.2230000495910645 -1.8716707229614258 10.845000267028809 0.028000000864267349 -9999 -9999 1.3420000076293945 0.95999997854232788 -9.4890003204345703 0.96163195371627808 1.0449999570846558 -999 22.530000686645508 21.010000228881836 20.459999084472656 20.059999465942383 0 0 0 0 3.2000000476837158 8.7700004577636719 14.340000152587891 14.520000457763672 26.237125396728516 25.142501831054688 24.608627319335938 24.595083236694336 56616.07421875 27.605216979980469 16.965984344482422 12.812705039978027 54.121879577636719 riz 0 56619.66015625 0.46210891008377075 -0.022905934602022171 0.42375379800796509 -0.10559607297182083 0.045200366526842117 22.225883483886719 0.05533992126584053 2.3101847546058707e-05 1.1775000530178659e-06 0.0040602670051157475 -3.0770948455938196e-07 -3.867683417979606e-08 37 37.460552215576172 0.44795304536819458 0.3520696759223938
SN: 1266015 10 0 S2 3 0 41.465859000000002 -1.0392779999999999 0.36258998513221741 0.0010000000474974513 0.36159801483154297 0.0010000000474974513 0.36159801483154297 0.0016900957562029362 0 300 0 0 0.026267489418387413 1 2 13001 -9 -9 0.36259999871253967 0.0010000000474974513 41.465854999999998 -1.0393250000000001 0.17000000178813934 0.15199999511241913 -5.5118441581726074 10.671999931335449 0.083999998867511749 -9999 -9999 -0.1289999932050705 9.8710002899169922 -10.781999588012695 9.8712139129638672 1.5429999828338623 -999 22.649999618530273 20.899999618530273 20.290000915527344 19.959999084472656 0.0099999997764825821 0 0 0 21.829999923706055 105.66999816894531 180.3699951171875 254.33000183105469 24.152366638183594 22.440120697021484 21.859588623046875 21.486505508422852 56682.04296875 14.821338653564453 14.240741729736328 8.3792572021484375 38.382415771484375 griz 0 56679.703125 0.85348689556121826 -0.21235553920269012 0.83588510751724243 0.10999628156423569 0.046094421297311783 22.356555938720703 0.0596049465239048 2.0482253603404388e-05 1.1244385405007051e-06 0.00029177204123698175 -2.3330181875280687e-07 -5.0819970454085706e-10 20 10.512054443359375 0.95790910720825195 0.37342453002929688
SN: 1249851 10 1 C2 3 0 55.218029000000001 -29.399984 0.21551999449729919 0.0010000000474974513 0.21510599553585052 0.0010000000474974513 0.21510601043701172 0.0015743104740977287 0 300 0 0 0.011969412676990032 2 5 2819 -9 -9 0.21549999713897705 0.0010000000474974513 55.218510000000002 -29.400742999999999 3.121999979019165 1.718999981880188 -1.0615948438644409 11.059000015258789 0.086000002920627594 -9999 -9999 -3.6180000305175781 6.3819999694824219 -14.607999801635742 6.3826203346252441 1.5249999761581421 -999 20.329999923706055 18.979999542236328 18.440000534057617 18.149999618530273 0 0 0 0 19.590000152587891 55.740001678466797 99.540000915527344 113.76000213623047 24.269914627075195 23.13458251953125 22.5050048828125 22.360027313232422 56551.21875 103.09792327880859 68.874748229980469 47.048446655273438 214.95133972167969 griz 0 56550.85546875 0.21319268643856049 -1.2537614107131958 0.15725937485694885 -0.12711580097675323 0.019676396623253822 20.684402465820312 0.025985784828662872 9.5551884442102164e-05 2.2869189706398174e-06 0.00093704205937683582 -1.9076664159456413e-07 -3.2579389852571694e-08 41 56.676986694335938 0.052483618259429932 0.59514331817626953
SN: 1250803 10 0 C3 3 0 52.946167000000003 -27.847559 0.96405899524688721 0.0010000000474974513 0.96329301595687866 0.0010000000474974513 0.96329307556152344 0.0022044647485017776 0 300 0 0 0.006650035735219717 1 1 -554 -9 -9 0.96410000324249268 0.0010000000474974513 52.946404999999999 -27.847529999999999 0.76399999856948853 0.80099999904632568 -9 11.491000175476074 0.068999998271465302 -9999 -9999 1.0520000457763672 0.47400000691413879 -10.468999862670898 0.50918757915496826 1.6540000438690186 -999 25.340000152587891 23.399999618530273 22.139999389648438 21.209999084472656 0.029999999329447746 0.0099999997764825821 0 0 1.4600000381469727 8.1999998092651367 28.510000228881836 56.299999237060547 27.089117050170898 25.215465545654297 23.862506866455078 23.123729705810547 56563.2890625 9.0424346923828125 6.6696367263793945 -99 24.904928207397461 iz 0 56556.9140625 1.1461491584777832 -0.97810596227645874 0.7237088680267334 0.014974986203014851 0.14354303479194641 24.7000732421875 0.069717228412628174 2.3657617020944599e-06 1.5191015734217217e-07 0.0092981196939945221 -6.8486265547562653e-08 3.1561631086418629e-09 34 29.514074325561523 0.68725162744522095 0.32983434200286865
SN: 1260551 10 0 C1 3 0 54.713745000000003 -27.431031999999998 0.55291998386383057 0.0010000000474974513 0.55235797166824341 0.0010000000474974513 0.55235791206359863 0.0018474392127245665 0 300 0 0 0.011471028439700603 1 1 1095 -9 -9 0.55290001630783081 0.0010000000474974513 54.713431 -27.431001999999999 1.0080000162124634 0.99500000476837158 -9 10.076000213623047 0.048999998718500137 -9999 -9999 1.809999942779541 0 -8.2530002593994141 0 0.3619999885559082 -999 23.100000381469727 22.120000839233398 21.700000762939453 21.409999847412109 0.0099999997764825821 0 0 0 9.8199996948242188 27.420000076293945 39.169998168945312 46.669998168945312 25.019721984863281 23.904830932617188 23.517616271972656 23.32740592956543 56635.13671875 20.075366973876953 13.463038444519043 10.768842697143555 42.339164733886719 riz 0 56635.12109375 0.69845139980316162 0.60221105813980103 0.5095670223236084 0.11573623865842819 0.050581440329551697 22.947751998901367 0.045222241431474686 1.1882273611263372e-05 4.949112621943641e-07 -0.00057273072889074683 -1.2731337051263836e-07 -1.3881140681348825e-08 28 18.837472915649414 0.90307527780532837 0.43488770723342896
SN: 1260949 10 0 E2 3 0 10.16028 -43.429454999999997 0.41670000553131104 0.0010000000474974513 0.41567599773406982 0.0010000000474974513 0.41567599773406982 0.0017340165795758367 0 300 0 0 0.0076410477049648762 1 2 8823 -9 -9 0.41670000553131104 0.0010000000474974513 10.160043999999999 -43.429535000000001 0.6809999942779541 1.034000039100647 -2.4685850143432617 9.2209997177124023 0.026000000536441803 -9999 -9999 -0.61000001430511475 0.4440000057220459 -9.8389997482299805 0.46962219476699829 0.67000001668930054 -999 24.670000076293945 23.399999618530273 23.059999465942383 22.840000152587891 0.029999999329447746 0.0099999997764825821 0.0099999997764825821 0.019999999552965164 2.440000057220459 8.6800003051757812 13.310000419616699 14.159999847412109 26.531524658203125 25.153701782226562 24.689554214477539 24.622341156005859 56645.109375 48.093833923339844 32.884571075439453 20.544488906860352 89.122467041015625 riz 0 56643.18359375 0.41731619834899902 0.7934146523475647 0.39309263229370117 -0.047621920704841614 0.037595480680465698 22.112913131713867 0.043308507651090622 2.5635081328800879e-05 1.0225477353742463e-06 0.0026977080851793289 -2.0939853584422963e-07 -2.8963690112959739e-08 24 30.184040069580078 0.1787266731262207 0.30845341086387634
SN: 1251652 10 0 X3 3 0 36.853240999999997 -5.3789870000000004 0.77294999361038208 0.0010000000474974513 0.77154898643493652 0.0010000000474974513 0.77154898643493652 0.00203533167950809 0 300 0 0 0.023494062945246696 1 1 19462 -9 -9 0.77289998531341553 0.0010000000474974513 36.853340000000003 -5.3789110000000004 0.44699999690055847 0.54900002479553223 -9 10.972000122070312 0.010999999940395355 -9999 -9999 -1.4570000171661377 8.5430002212524414 -12.465999603271484 8.543217658996582 1.5470000505447388 -999 24.950000762939453 22.950000762939453 21.639999389648438 21.100000381469727 0.019999999552965164 0 0 0 2.369999885559082 16.040000915527344 52.479999542236328 80.55999755859375 26.563129425048828 24.486988067626953 23.200016021728516 22.734701156616211 56559.23046875 17.18147087097168 12.164731979370117 9.7900295257568359 43.601913452148438 riz 0 56557.7109375 0.61509180068969727 -0.24124398827552795 0.57137560844421387 -0.0039984001778066158 0.055172242224216461 23.869421005249023 0.051778402179479599 5.0843041208281647e-06 2.4246878638223279e-07 0.010468608699738979 -1.1011434253305197e-07 -4.3364281054891762e-09 36 54.293937683105469 0.025762058794498444 0.08151167631149292
SN: 1257129 10 0 E2 3 0 9.2126199999999994 -43.740456000000002 0.58932000398635864 0.0010000000474974513 0.58817100524902344 0.0010000000474974513 0.58817100524902344 0.0018776723882183433 0 300 0 0 0.0058955936692655087 2 3 -4170 -9 -9 0.58929997682571411 0.0010000000474974513 9.2126110000000008 -43.740333 0.44200000166893005 0.36700001358985901 -3.220078706741333 11.151000022888184 0.014000000432133675 -9999 -9999 -3.0380001068115234 6.8029999732971191 -14.192000389099121 6.8030848503112793 1.5 -999 23.450000762939453 21.579999923706055 20.600000381469727 20.229999542236328 0.0099999997764825821 0 0 0 8.9099998474121094 52.639999389648438 122.40000152587891 177.96000671386719 25.12530517578125 23.196710586547852 22.280546188354492 21.874195098876953 56594.015625 13.699694633483887 8.9274759292602539 6.7083392143249512 32.696308135986328 riz 0 56592.6875 0.84705603122711182 1.3238003253936768 0.66660714149475098 0.11309269815683365 0.061088964343070984 23.104368209838867 0.066675499081611633 1.0286138603987638e-05 6.3167590269586071e-07 0.0062971962615847588 -2.7585181783251755e-07 -1.793438997310659e-08 32 50.593559265136719 0.01952606625854969 0.58036798238754272
SN: 1263090 10 0 X1 3 0 35.326633999999999 -4.9952740000000002 0.65341001749038696 0.0010000000474974513 0.65206098556518555 0.0010000000474974513 0.65206098556518555 0.001932083978317678 0 300 0 0 0.019203808158636093 1 1 -2662 -9 -9 0.6534000039100647 0.0010000000474974513 35.326720999999999 -4.9952050000000003 0.39800000190734863 0.44699999690055847 -9 10.800999641418457 0.045000001788139343 -9999 -9999 -1.5609999895095825 8.439000129699707 -12.359999656677246 8.4398965835571289 1.2910000085830688 -999 24.219999313354492 22.530000686645508 21.420000076293945 21.069999694824219 0.029999999329447746 0.0099999997764825821 0 0 4.2100000381469727 23.860000610351562 61.659999847412109 90.470001220703125 25.939294815063477 24.055824279785156 23.024990081787109 22.608737945556641 56653.07421875 12.03531551361084 8.3011322021484375 5.8469829559326172 26.719106674194336 riz 0 56658.890625 0.81852757930755615 -0.29966810345649719 0.6592828631401062 -0.19214071333408356 0.066966906189918518 23.07307243347168 0.060141831636428833 1.0586947610136122e-05 5.8643934153224109e-07 0.0073716863989830017 -2.6324210011807736e-07 -5.19765830375718e-09 26 13.408658027648926 0.97999924421310425 0.64821171760559082
SN: 1256332 10 0 X3 3 0 37.245852999999997 -4.7348749999999997 0.47918999195098877 0.0010000000474974513 0.47802600264549255 0.0010000000474974513 0.47802603244781494 0.0017853506142273545 0 300 0 0 0.03371274471282959 1 2 19234 -9 -9 0.47920000553131104 0.0010000000474974513 37.24586 -4.734426 1.6150000095367432 1.3789999485015869 -2.5495400428771973 9.949000358581543 0.018999999389052391 -9999 -9999 0.20399999618530273 0.43599998950958252 -9.7329998016357422 0.4398408830165863 0.90100002288818359 -999 24.569999694824219 23.180000305175781 22.690000534057617 22.270000457763672 0.019999999552965164 0.0099999997764825821 0.0099999997764825821 0.0099999997764825821 1.8300000429153442 6.7800002098083496 9.0699996948242188 10.949999809265137 26.8438720703125 25.421926498413086 25.105981826782227 24.901464462280273 56603.05078125 57.288604736328125 41.873184204101562 33.978050231933594 121.36759185791016 riz 0 56601.46875 0.37310469150543213 1.2894787788391113 0.25066074728965759 -0.018302498385310173 0.029483888298273087 22.537586212158203 0.033515829592943192 1.7336653399979696e-05 5.3516896514338441e-07 0.00073815742507576942 -6.1808101747828914e-08 -1.1704281099866876e-08 26 27.757301330566406 0.37050372362136841 0.43413433432579041
SN: 1262055 10 0 C1 3 0 54.695255000000003 -26.844132999999999 0.58130002021789551 0.0010000000474974513 0.58072197437286377 0.0010000000474974513 0.58072197437286377 0.0018713676836341619 0 300 0 0 0.009041905403137207 1 1 379 -9 -9 0.58130002021789551 0.0010000000474974513 54.695664000000001 -26.844199 1.3339999914169312 1.3519999980926514 -9 9.9270000457763672 0.032000001519918442 -9999 -9999 0.25900000333786011 0.043999999761581421 -9.7060003280639648 0.11661903560161591 0.55800002813339233 -999 24.229999542236328 23.059999465942383 22.5 22.25 0.019999999552965164 0.0099999997764825821 0.0099999997764825821 0.0099999997764825821 2.880000114440918 6.7699999809265137 10.560000419616699 15.75 26.351518630981445 25.423528671264648 24.940839767456055 24.506797790527344 56653.09375 15.011573791503906 9.7199716567993164 8.3174276351928711 33.30657958984375 riz 0 56649.92578125 0.75122982263565063 -0.39751890301704407 0.51962745189666748 -0.096946172416210175 0.062652722001075745 23.234294891357422 0.056833729147911072 9.1260326371411793e-06 4.7770947730896296e-07 0.0054660080932080746 -1.449510591555736e-07 -1.2981269392753347e-08 31 31.248622894287109 0.45373541116714478 0.349265456199646
SN: 1249956 10 0 E1 3 0 6.9848439999999998 -42.443759999999997 0.44736999273300171 0.0010000000474974513 0.44627699255943298 0.0010000000474974513 0.44627702236175537 0.001759121660143137 0 300 0 0 0.0044798515737056732 1 3 7522 -9 -9 0.44740000367164612 0.0010000000474974513 6.9848309999999998 -42.443739999999998 0.081000000238418579 0.087999999523162842 -5.7438697814941406 10.902000427246094 0.035999998450279236 -9999 -9999 -10 0 -20.892000198364258 0.19099999964237213 1.4079999923706055 -999 22.989999771118164 21.260000228881836 20.510000228881836 20.180000305175781 0.0099999997764825821 0 0 0 14.359999656677246 73.580001831054688 142.69000244140625 198.57000732421875 24.607112884521484 22.833099365234375 22.114017486572266 21.755216598510742 56551.26171875 10.273618698120117 6.080510139465332 5.6622176170349121 27.622701644897461 riz 0 56548.85546875 0.7354854941368103 -0.50640624761581421 0.79510748386383057 0.11329801380634308 0.077070936560630798 23.234127044677734 0.08804340660572052 9.1274387159501202e-06 7.4015292739204597e-07 0.014505320228636265 -3.408107431823737e-07 -3.9578232247095002e-08 38 44.792022705078125 0.2082575261592865 0.41366803646087646
SN: 1250950 10 0 X3 3 0 36.955776 -4.624587 0.70234000682830811 0.0010000000474974513 0.70099198818206787 0.0010000000474974513 0.70099198818206787 0.0019741416908800602 0 300 0 0 0.023887595161795616 1 1 19866 -9 -9 0.70230001211166382 0.0010000000474974513 36.955424999999998 -4.6247980000000002 1.4709999561309814 1.7269999980926514 -9 9.9739999771118164 0.039000000804662704 -9999 -9999 1.9539999961853027 0.18999999761581421 -8.0419998168945312 0.19621671736240387 0.18799999356269836 -999 22.899999618530273 22.149999618530273 21.680000305175781 21.469999313354492 0 0 0 0 7.119999885559082 10.569999694824219 18.579999923706055 20.510000228881836 25.368799209594727 24.939811706542969 24.327384948730469 24.220085144042969 56552.20703125 22.256149291992188 15.506993293762207 14.232380867004395 55.064540863037109 riz 0 56557.35546875 0.45710194110870361 -0.31883078813552856 0.41570371389389038 0.0022295562084764242 0.043292924761772156 23.706090927124023 0.041009452193975449 5.9096746554132551e-06 2.2321492565424705e-07 0.0062474040314555168 -7.1447843197347538e-08 -4.856153257293272e-09 34 20.843046188354492 0.96260231733322144 0.10653646290302277
SN: 1256933 10 0 C1 3 0 54.899605000000001 -27.616727999999998 0.35332000255584717 0.0010000000474974513 0.352836012840271 0.0010000000474974513 0.352836012840271 0.0016830353997647762 0 300 0 0 0.010702288709580898 1 2 435 -9 -9 0.35330000519752502 0.0010000000474974513 54.898941999999998 -27.6159 3.6570000648498535 2.3010001182556152 -1.7439360618591309 10.576999664306641 0.012000000104308128 -9999 -9999 1.503000020980835 0.60900002717971802 -9.060999870300293 0.60943418741226196 0.68199998140335083 -999 22.090000152587891 20.829999923706055 20.420000076293945 20.090000152587891 0 0 0 0 6.6100001335144043 13.409999847412109 15.119999885559082 20.329999923706055 25.449497222900391 24.681427001953125 24.551120758056641 24.229656219482422 56602.12109375 38.890861511230469 29.678560256958008 24.554059982299805 65.934066772460938 griz 0 56603.015625 0.40370765328407288 -1.5280964374542236 0.3502555787563324 0.041106026619672775 0.029623903334140778 22.414892196655273 0.035035282373428345 1.9410776076256298e-05 6.2636024722451111e-07 0.0020804591476917267 -1.0413739914838516e-07 -1.173747055105423e-08 45 37.578742980957031 0.77595162391662598 0.52747297286987305
SN: 1251645 10 0 X3 3 0 36.637633999999998 -4.3410520000000004 0.76819998025894165 0.0010000000474974513 0.7667890191078186 0.0010000000474974513 0.76678895950317383 0.0020311842672526836 0 300 0 0 0.022631382569670677 3 3 20254 -9 -9 0.76819998025894165 0.0010000000474974513 36.637698 -4.3413300000000001 1.0249999761581421 1.0039999485015869 -1.6181972026824951 10.048000335693359 0.020999999716877937 -9999 -9999 0.26100000739097595 0.32300001382827759 -9.7629995346069336 0.32748281955718994 0.7070000171661377 -999 25.610000610351562 24.020000457763672 22.979999542236328 22.590000152587891 0.039999999105930328 0.0099999997764825821 0.0099999997764825821 0.0099999997764825821 0.55000001192092896 3.9300000667572021 8.9700002670288086 11.710000038146973 27.5 26.014019012451172 25.118019104003906 24.828607559204102 56564.265625 15.494463920593262 8.7495822906494141 8.3625965118408203 33.980579376220703 riz 0 56560.3984375 0.80908679962158203 -0.6139494776725769 0.60244184732437134 0.12615124881267548 0.067865103483200073 24.36994743347168 0.056021831929683685 3.2064231163531076e-06 1.6544507275284559e-07 0.010737752541899681 -7.0951102770777652e-08 -4.3093475454725194e-09 36 33.822731018066406 0.57255637645721436 0.4676593542098999
SN: 1259246 10 0 C2 3 0 53.372886999999999 -29.134419000000001 0.22329999506473541 0.0010000000474974513 0.22284199297428131 0.0010000000474974513 0.22284197807312012 0.0015802968991920352 0 300 0 0 0.0084316534921526909 1 1 -1223 -9 -9 0.22329999506473541 0.0010000000474974513 53.373382999999997 -29.133616 3.2850000858306885 1.4800000190734863 -9 10.972999572753906 0.028999999165534973 -9999 -9999 1.0230000019073486 0.67900002002716064 -9.9600000381469727 0.68987315893173218 1.2890000343322754 -999 20.440000534057617 19.309999465942383 18.760000228881836 18.489999771118164 0 0 0 0 13.939999580383301 40.299999237060547 66.209999084472656 88.959999084472656 24.63934326171875 23.486736297607422 22.947690963745117 22.62701416015625 56615.04296875 75.273078918457031 42.39483642578125 38.6702880859375 136.86358642578125 griz 0 56619.53515625 0.22780445218086243 -1.1901447772979736 0.16474603116512299 0.11267311871051788 0.026531577110290527 21.203723907470703 0.036812223494052887 5.9225694712949917e-05 2.0080656213394832e-06 0.0013507691910490394 -1.8474223395514855e-07 -4.2877989159251229e-08 34 35.986175537109375 0.37566161155700684 0.54629737138748169
SN: 1253119 10 0 E2 3 0 9.1836090000000006 -44.232951999999997 0.32010000944137573 0.0010000000474974513 0.3191550076007843 0.0010000000474974513 0.31915497779846191 0.0016560471849516034 0 300 0 0 0.0075110332109034061 1 1 8467 -9 -9 0.32010000944137573 0.0010000000474974513 9.1835970000000007 -44.233111999999998 0.57800000905990601 0.29800000786781311 -9 11.013999938964844 0.004999999888241291 -9999 -9999 0.17900000512599945 0.37200000882148743 -10.871999740600586 0.4022350013256073 1.3220000267028809 -999 21.420000076293945 19.889999389648438 19.309999465942383 19.090000152587891 0 0 0 0 55.740001678466797 233.75999450683594 401.94000244140625 521.42999267578125 23.13458251953125 21.578075408935547 20.989597320556641 20.707010269165039 56563.0546875 44.314899444580078 31.03509521484375 19.650457382202148 76.265174865722656 gri 0 56564.58984375 0.4893798828125 -0.81634581089019775 0.30508837103843689 -0.15859740972518921 0.026590311899781227 21.50489616394043 0.033819828182458878 4.4878837798023596e-05 1.3979404229758075e-06 0.00090782559709623456 -2.1471375077908306e-07 -1.2570978036308134e-08 29 32.548656463623047 0.29631441831588745 0.59458059072494507
SN: 1262726 10 0 X3 3 0 36.832886000000002 -4.5416949999999998 0.25477999448776245 0.0010000000474974513 0.25378400087356567 0.0010000000474974513 0.2537839412689209 0.0016043916111811996 0 300 0 0 0.023676604032516479 1 3 17837 -9 -9 0.25479999184608459 0.0010000000474974513 36.833010999999999 -4.5416999999999996 0.44900000095367432 0.26600000262260437 -4.7621994018554688 10.810000419616699 0.004999999888241291 -9999 -9999 -0.83899998664855957 9.1610002517700195 -11.595999717712402 9.1670866012573242 1.4789999723434448 -999 21.850000381469727 20.209999084472656 19.75 19.5 0 0 0 0 43.369998931884766 169.60000610351562 264.55999755859375 356.54000854492188 23.407026290893555 21.926435470581055 21.443689346313477 21.119728088378906 56654.08984375 141.640869140625 83.475433349609375 45.598625183105469 223.80056762695312 gri 0 56653.4765625 0.25265604257583618 -2.1110236644744873 0.21417589485645294 -0.004154665395617485 0.029985040426254272 21.199417114257812 0.02670944482088089 5.9461151977302507e-05 1.4627626114815939e-06 0.00036900461418554187 -1.144524546248249e-07 -2.612465443974088e-08 15 8.6672897338867188 0.89426153898239136 0.70381081104278564
SN: 1260030 10 0 S2 3 0 41.496124000000002 -0.085864999999999997 0.45917999744415283 0.0010000000474974513 0.45811399817466736 0.0010000000474974513 0.45811402797698975 0.0017688794760033488 0 300 0 0 0.026622490957379341 1 2 13187 -9 -9 0.45919999480247498 0.0010000000474974513 41.496141999999999 -0.086168999999999996 1.0959999561309814 1.0479999780654907 -2.7464568614959717 10.41100025177002 0.029999999329447746 -9999 -9999 0.47999998927116394 0.063000001013278961 -9.9350004196166992 0.12850292026996613 0.72600001096725464 -999 23.059999465942383 21.799999237060547 21.329999923706055 21.079999923706055 0.0099999997764825821 0 0 0 9.4399995803833008 34.259998321533203 46.830001831054688 72.639999389648438 25.062570571899414 23.663032531738281 23.323688507080078 22.847061157226562 56635.04296875 24.283172607421875 17.210758209228516 12.656290054321289 48.493198394775391 riz 0 56634.96484375 0.50579452514648438 -0.091654732823371887 0.58325010538101196 0.029187645763158798 0.046607766300439835 22.573436737060547 0.056894410401582718 1.677356704021804e-05 8.7896324885150534e-07 0.0062332511879503727 -3.32586637341592e-07 -2.9514373167671692e-08 31 12.040427207946777 0.99912035465240479 0.10197627544403076
SN: 1263715 10 1 S2 3 0 41.609893999999997 -1.5799350000000001 0.2927899956703186 0.0010000000474974513 0.29185399413108826 0.0010000000474974513 0.29185402393341064 0.0016343543538823724 0 300 0 0 0.032463986426591873 1 1 12847 -9 -9 0.29280000925064087 0.0010000000474974513 41.609994999999998 -1.57989 0.39800000190734863 0.60900002717971802 -9 8.7200002670288086 0.048999998718500137 -9999 -9999 -0.023000000044703484 0.69499999284744263 -8.7130002975463867 0.72720080614089966 0.34000000357627869 -999 24.020000457763672 23.229999542236328 23.049999237060547 22.879999160766602 0.019999999552965164 0.0099999997764825821 0.0099999997764825821 0.019999999552965164 6.1700000762939453 11.779999732971191 14.470000267028809 16.649999618530273 25.524286270141602 24.822135925292969 24.59882926940918 24.446464538574219 56667.09375 51.69134521484375 51.272972106933594 37.804622650146484 120.54535675048828 griz 0 56667.3828125 0.20630539953708649 0.62146502733230591 0.27525374293327332 -0.041464291512966156 0.020497893914580345 21.325275421142578 0.029300285503268242 5.2952884288970381e-05 1.4290162653196603e-06 0.0023774250876158476 -2.735098121320334e-07 -2.081702277223485e-08 27 26.308290481567383 0.50154566764831543 0.24903090298175812
SN: 1254150 10 0 C3 3 0 53.052013000000002 -27.550348 0.70484000444412231 0.0010000000474974513 0.70417499542236328 0.0010000000474974513 0.70417499542236328 0.0019768886268138885 0 300 0 0 0.0081029608845710754 3 5 4578 -9 -9 0.70480000972747803 0.0010000000474974513 53.052076999999997 -27.550298999999999 0.26899999380111694 0.39899998903274536 -2.7687978744506836 10.237000465393066 0.032999999821186066 -9999 -9999 0.33399999141693115 5.9510002136230469 -9.9230003356933594 5.9538750648498535 1.0740000009536743 -999 25.090000152587891 23.479999542236328 22.5 22.090000152587891 0.019999999552965164 0.0099999997764825821 0 0 2.0999999046325684 9.8100004196166992 23.5 32.75 26.694452285766602 25.020828247070312 24.072330474853516 23.711971282958984 56591.20703125 41.970912933349609 30.685222625732422 23.009284973144531 93.385688781738281 riz 0 56584.96875 0.38739734888076782 1.4803606271743774 0.32306310534477234 -0.024478361010551453 0.029591068625450134 23.481536865234375 0.028235876932740211 7.2675038609304465e-06 1.8900018972090038e-07 0.0010005757212638855 -4.3850345576856853e-08 -1.5437177092181287e-09 45 30.860952377319336 0.94640535116195679 0.50015401840209961
SN: 1264106 10 0 S1 3 0 42.870274000000002 -0.60197400000000001 0.42849999666213989 0.0010000000474974513 0.42749300599098206 0.0010000000474974513 0.42749297618865967 0.0017436902271583676 0 300 0 0 0.044680491089820862 1 1 9952 -9 -9 0.42849999666213989 0.0010000000474974513 42.870351999999997 -0.60200900000000002 0.30799999833106995 0.41299998760223389 -9 10.340000152587891 0.013000000268220901 -9999 -9999 -1.6720000505447388 1.7730000019073486 -12.034000396728516 1.7763473987579346 1.4650000333786011 -999 23.639999389648438 21.819999694824219 21.190000534057617 20.840000152587891 0.0099999997764825821 0 0 0 7.7100000381469727 41.720001220703125 71.269996643066406 103.58999633789062 25.282363891601562 23.449138641357422 22.867733001708984 22.461704254150391 56669.046875 24.311208724975586 15.807374000549316 12.953385353088379 51.146408081054688 riz 0 56667.89453125 0.44763761758804321 -1.1157596111297607 0.47206360101699829 -0.021881086751818657 0.05401332676410675 22.222805023193359 0.062962651252746582 2.3167447579908185e-05 1.3434976153803291e-06 0.009339221753180027 -3.7148888054616691e-07 -5.9599521762265795e-08 19 21.910039901733398 0.28875631093978882 0.37900421023368835
SN: 1258591 10 0 X3 3 0 35.551521000000001 -4.7221950000000001 0.59880000352859497 0.0010000000474974513 0.59749901294708252 0.0010000000474974513 0.59749901294708252 0.0018855793168768287 0 300 0 0 0.022445233538746834 1 1 -3386 -9 -9 0.59880000352859497 0.0010000000474974513 35.551516999999997 -4.7221659999999996 0.10599999874830246 0.15800000727176666 -9 9.8269996643066406 0.10100000351667404 -9999 -9999 0.14399999380111694 0.035999998450279236 -9.810999870300293 0.060802958905696869 0.62400001287460327 -999 23.75 22.920000076293945 22.420000076293945 22.180000305175781 0.0099999997764825821 0 0 0 6.7600002288818359 15.399999618530273 24.420000076293945 29.510000228881836 25.425132751464844 24.531198501586914 24.030635833740234 23.825077056884766 56627.0703125 29.769407272338867 25.527729034423828 23.539247512817383 60.076568603515625 riz 0 56620.0078125 0.63934016227722168 0.38357251882553101 0.40632060170173645 0.15714585781097412 0.04529152438044548 23.516870498657227 0.050378482788801193 7.0347964538086671e-06 3.2641665370647388e-07 0.003927986603230238 -7.7191202763060573e-08 -1.0626968638405287e-08 26 35.386253356933594 0.1035468652844429 0.53919792175292969
SN: 1286337 10 0 E1 3 0 7.1567319999999999 -42.362231999999999 0.66421997547149658 0.0010000000474974513 0.66296201944351196 0.0010000000474974513 0.66296195983886719 0.0019414257258176804 0 300 0 0 0.0058694626204669476 1 1 7598 -9 -9 0.66420000791549683 0.0010000000474974513 7.1566369999999999 -42.362388000000003 0.61699998378753662 1.1410000324249268 -9 9.0209999084472656 0.072999998927116394 -9999 -9999 -0.071000002324581146 0.5339999794960022 -9.0970001220703125 0.55950427055358887 0.2630000114440918 -999 25.469999313354492 24.489999771118164 23.950000762939453 23.850000381469727 0.070000000298023224 0.039999999105930328 0.029999999329447746 0.039999999105930328 1.6399999856948853 2.3900001049041748 5.6599998474121094 6.0199999809265137 26.962890625 26.554004669189453 25.617958068847656 25.551008224487305 56675.078125 13.567007064819336 9.6507940292358398 5.7042813301086426 28.522487640380859 riz 0 56663.375 0.76762211322784424 -0.24765793979167938 0.65124654769897461 -0.13544604182243347 0.067941561341285706 23.163135528564453 0.062564767897129059 9.7441898105898872e-06 5.6150190630432917e-07 0.0052999779582023621 -2.4873173742889776e-07 -3.9768304205267668e-09 20 18.261899948120117 0.57016026973724365 0.45897197723388672
SN: 1265260 10 0 X3 3 0 35.899445 -5.1235109999999997 0.60439997911453247 0.0010000000474974513 0.60310602188110352 0.0010000000474974513 0.60310602188110352 0.0018903383752331138 0 300 0 0 0.022465523332357407 1 1 -1644 -9 -9 0.60439997911453247 0.0010000000474974513 35.899445999999998 -5.1234339999999996 0.27700001001358032 0.2800000011920929 -9 11.024999618530273 0.0070000002160668373 -9999 -9999 1.1050000190734863 0.17200000584125519 -9.9099998474121094 0.17830592393875122 1.3380000591278076 -999 23.620000839233398 22.120000839233398 21.219999313354492 20.799999237060547 0.0099999997764825821 0 0 0 8.5600004196166992 36.229999542236328 75 112.16000366210938 25.168815612792969 23.602329254150391 22.812347412109375 22.375404357910156 56668.09375 16.193487167358398 11.439538955688477 10.970715522766113 35.789131164550781 riz 0 56663.98828125 0.60024988651275635 -1.7631704807281494 0.54118633270263672 0.25823131203651428 0.064935401082038879 23.845239639282227 0.061306167393922806 5.1988163249916397e-06 2.9355152264542994e-07 0.0029061478562653065 -7.6711344831892347e-08 -1.1883437345261427e-08 17 10.399575233459473 0.88602381944656372 1.0422791242599487
SN: 1260000 10 0 S2 3 0 41.899532000000001 -1.3763510000000001 0.5517200231552124 0.0010000000474974513 0.55060297250747681 0.0010000000474974513 0.55060291290283203 0.0018459627171978354 0 300 0 0 0.032122202217578888 3 3 12780 -9 -9 0.55169999599456787 0.0010000000474974513 41.899644000000002 -1.376315 0.42300000786781311 0.60399997234344482 -1.9054690599441528 9.819000244140625 0.023000000044703484 -9999 -9999 0.38100001215934753 0.48600000143051147 -9.4110002517700195 0.50156950950622559 0.6809999942779541 -999 24.090000152587891 22.899999618530273 22.469999313354492 22.280000686645508 0.019999999552965164 0.0099999997764825821 0.0099999997764825821 0.0099999997764825821 5.7800002098083496 18.860000610351562 27.840000152587891 37.5 25.595180511474609 24.311145782470703 23.888326644897461 23.564922332763672 56627.0390625 18.444169998168945 15.007293701171875 12.462717056274414 34.126888275146484 riz 0 56625.8125 1.023928165435791 1.0133893489837646 0.64052903652191162 -0.041664410382509232 0.05762162059545517 23.139045715332031 0.054000291973352432 9.9628114185179584e-06 4.9551147185411537e-07 0.0021652409341186285 -1.4854614960313484e-07 -1.6901861243923122e-08 36 34.905704498291016 0.52050656080245972 0.36523208022117615
SN: 1252829 10 0 X1 3 0 34.339848000000003 -5.6626089999999998 0.45287999510765076 0.0010000000474974513 0.45167601108551025 0.0010000000474974513 0.45167601108551025 0.0017635690746828914 0 300 0 0 0.020278874784708023 1 1 -895 -9 -9 0.4528999924659729 0.0010000000474974513 34.339717999999998 -5.6624220000000003 0.8190000057220459 0.63499999046325684 -9 10.798999786376953 0.093999996781349182 -9999 -9999 -1.031999945640564 8.9680004119873047 -11.784999847412109 8.9685573577880859 1.406000018119812 -999 23.229999542236328 21.409999847412109 20.700000762939453 20.360000610351562 0.0099999997764825821 0 0 0 12.899999618530273 66.800003051757812 126.98000335693359 176.92999267578125 24.723526000976562 22.938058853149414 22.24066162109375 21.880496978759766 56563.26171875 21.162797927856445 15.294600486755371 10.958863258361816 45.263099670410156 riz 0 56564.22265625 0.63197147846221924 -1.3307192325592041 0.44576439261436462 -0.017511870712041855 0.05392436683177948 22.429723739624023 0.06156318262219429 1.914743370434735e-05 1.0856937251446652e-06 0.0047816867008805275 -2.3986982000678836e-07 -4.3528665116809862e-08 36 36.985233306884766 0.4232596755027771 0.44739744067192078
SN: 1257366 10 1 C1 3 0 53.899559000000004 -26.969273000000001 0.21182000637054443 0.0010000000474974513 0.21136100590229034 0.0010000000474974513 0.21136105060577393 0.0015714179025962949 0 300 0 0 0.0098475068807601929 1 1 446 -9 -9 0.2117999941110611 0.0010000000474974513 53.900277000000003 -26.968959999999999 2.562999963760376 1.4450000524520874 -9 10.760000228881836 0.018999999389052391 -9999 -9999 0.90799999237060547 1.7690000534057617 -9.8680000305175781 1.7721134424209595 1.187999963760376 -999 20.479999542236328 19.379999160766602 19.020000457763672 18.729999542236328 0 0 0 0 57.240001678466797 118.12999725341797 166.55999755859375 182.74000549316406 23.105751037597656 22.319099426269531 21.946073532104492 21.845417022705078 56615.09765625 65.294174194335938 50.833271026611328 33.891937255859375 133.93659973144531 griz 0 56611.7734375 0.19429585337638855 -0.67913955450057983 0.1735481321811676 0.11508261412382126 0.023293321952223778 21.168733596801758 0.033319227397441864 6.1165454098954797e-05 1.8770542737911455e-06 0.0013735470129176974 -1.7927372653048224e-07 -3.6008962922551291e-08 39 35.178348541259766 0.64487117528915405 0.44542503356933594
SN: 1252939 10 0 X3 3 0 36.183205000000001 -4.8451009999999997 0.6679999828338623 0.0010000000474974513 0.66666001081466675 0.0010000000474974513 0.66666007041931152 0.0019445985089987516 0 300 0 0 0.02418077178299427 1 2 19483 -9 -9 0.6679999828338623 0.0010000000474974513 36.183312000000001 -4.8446800000000003 1.562999963760376 1.3589999675750732 -2.5308296680450439 10.52299976348877 0.02199999988079071 -9999 -9999 0.16899999976158142 0 -10.354000091552734 0 0.89600002765655518 -999 23.809999465942383 22.239999771118164 21.239999771118164 21.079999923706055 0.0099999997764825821 0 0 0 3.3900001049041748 13.170000076293945 25.200000762939453 28.219999313354492 26.174501419067383 24.701034545898438 23.996498107910156 23.873607635498047 56579.265625 30.444293975830078 30.252809524536133 17.940006256103516 81.494140625 riz 0 56576.01953125 0.40274038910865784 0.14398607611656189 0.30763682723045349 -0.023637471720576286 0.030289631336927414 23.402765274047852 0.026120854541659355 7.8143693826859817e-06 1.8799963186211244e-07 0.0010703586740419269 -3.4959683148372278e-08 -2.0196029293373385e-09 33 28.093683242797852 0.71004551649093628 0.09225868433713913
SN: 1252225 10 0 C3 3 0 53.215587999999997 -28.177154999999999 0.52013999223709106 0.0010000000474974513 0.51955801248550415 0.0010000000474974513 0.51955795288085938 0.0018199280602857471 0 300 0 0 0.0060353623703122139 1 2 186231 -9 -9 0.52009999752044678 0.0010000000474974513 53.215313000000002 -28.177282000000002 0.98400002717971802 0.93000000715255737 -2.5838966369628906 9.6630001068115234 0.0020000000949949026 -9999 -9999 1.531999945640564 0.30500000715255737 -8.1350002288818359 0.30559122562408447 0.25999999046325684 -999 23.329999923706055 22.389999389648438 22.079999923706055 21.879999160766602 0 0 0 0 8.3900003433227539 19.809999465942383 24.940000534057617 26.100000381469727 25.190595626831055 24.257789611816406 24.007759094238281 23.958398818969727 56558.24609375 19.306087493896484 15.708351135253906 10.705503463745117 51.978469848632812 riz 0 56562.58984375 0.56102800369262695 -1.6253407001495361 0.41177597641944885 -0.054959736764431 0.046107254922389984 23.819849014282227 0.046225409954786301 5.3218236644170247e-06 2.2657758336208644e-07 0.002687644911929965 -4.0993818117840419e-08 -7.5629715823311017e-09 41 69.887359619140625 0.0032646621111780405 0.57191586494445801
SN: 1259500 10 0 X3 3 0 35.729377999999997 -4.9713479999999999 0.56287997961044312 0.0010000000474974513 0.56161397695541382 0.0010000000474974513 0.56161403656005859 0.0018552340334281325 0 300 0 0 0.022031139582395554 1 1 17984 -9 -9 0.56290000677108765 0.0010000000474974513 35.729593999999999 -4.9713289999999999 0.77700001001358032 0.68599998950958252 -9 10.23900032043457 0.086000002920627594 -9999 -9999 0.60699999332427979 0.15299999713897705 -9.6789999008178711 0.1615951806306839 0.64300000667572021 -999 23.700000762939453 22.629999160766602 22.139999389648438 21.870000839233398 0.0099999997764825821 0 0 0 7.130000114440918 20.649999618530273 33.139999389648438 40.580001831054688 25.367275238037109 24.212699890136719 23.699119567871094 23.479219436645508 56616.0859375 58.930461883544922 44.063014984130859 36.871898651123047 107.46596527099609 riz 0 56628.12890625 0.44392162561416626 0.54806238412857056 0.27875515818595886 0.024312769994139671 0.029856050387024879 22.95097541809082 0.030510770156979561 1.1847048881463706e-05 3.329193418721843e-07 0.00058145681396126747 -4.1378633852673374e-08 -6.9639103372765021e-09 27 30.383123397827148 0.2972167432308197 0.1998564600944519
SN: 1257216 10 0 S2 3 0 40.537300000000002 -1.4219090000000001 0.65556997060775757 0.0010000000474974513 0.65434002876281738 0.0010000000474974513 0.65434002876281738 0.0019340356811881065 0 300 0 0 0.02606736496090889 1 1 12589 -9 -9 0.65560001134872437 0.0010000000474974513 40.537346999999997 -1.421864 0.23399999737739563 0.34599998593330383 -9 10.291999816894531 0.027000000700354576 -9999 -9999 -1.3179999589920044 1.843999981880188 -11.602999687194824 1.8500908613204956 1.2089999914169312 -999 24.780000686645508 23.059999465942383 22.229999542236328 21.879999160766602 0.039999999105930328 0.0099999997764825821 0.0099999997764825821 0.0099999997764825821 3.3499999046325684 14.010000228881836 30.860000610351562 43.319999694824219 26.187387466430664 24.633905410766602 23.776510238647461 23.408279418945312 56594.109375 14.572328567504883 11.589077949523926 9.1140232086181641 31.210176467895508 riz 0 56593.00390625 0.91749763488769531 1.6515892744064331 0.71369606256484985 -0.041557226330041885 0.059706699103116989 23.255973815917969 0.066882036626338959 8.9456225396133959e-06 5.5105601859395392e-07 0.0073917708359658718 -2.9885930530326732e-07 -1.1578219272223578e-08 40 40.259925842285156 0.45875093340873718 0.56769001483917236
SN: 1246626 10 0 X3 3 0 37.306579999999997 -4.3339689999999997 0.39392000436782837 0.0010000000474974513 0.39282301068305969 0.0010000000474974513 0.3928229808807373 0.0017153848893940449 0 300 0 0 0.023295043036341667 1 1 19162 -9 -9 0.39390000700950623 0.0010000000474974513 37.306266000000001 -4.3344079999999998 1.9409999847412109 1.4040000438690186 -9 10.645999908447266 0.010999999940395355 -9999 -9999 0.69599997997283936 0.023000000044703484 -9.9600000381469727 0.056859474629163742 0.73600000143051147 -999 22.520000457763672 21.200000762939453 20.559999465942383 20.309999465942383 0 0 0 0 12.560000419616699 32.009998321533203 46.779998779296875 62.069999694824219 24.752525329589844 23.736785888671875 23.324850082397461 23.017795562744141 56559.234375 40.056240081787109 29.014131546020508 19.085060119628906 97.749481201171875 riz 0 56552.9453125 0.24854734539985657 -0.52763098478317261 0.26778849959373474 0.24164201319217682 0.034686759114265442 22.901115417480469 0.04757482185959816 1.2403782420733478e-05 5.4350931577573647e-07 0.0042513292282819748 -9.5667118671372009e-08 -1.6830421500912962e-08 30 43.216270446777344 0.056071013212203979 0.82445132732391357
SN: 1261173 10 0 C1 3 0 54.807583000000001 -26.827669 0.4743100106716156 0.0010000000474974513 0.47377300262451172 0.0010000000474974513 0.47377300262451172 0.0017818266060203314 0 300 0 0 0.010188584215939045 1 2 349 -9 -9 0.47429999709129333 0.0010000000474974513 54.807439000000002 -26.827770999999998 0.5899999737739563 0.82400000095367432 -3.360645055770874 9.9320001602172852 0.029999999329447746 -9999 -9999 0.079000003635883331 0.029999999329447746 -9.8350000381469727 0.04386342316865921 0.62699997425079346 -999 23.399999618530273 22.389999389648438 21.959999084472656 21.680000305175781 0.0099999997764825821 0.0099999997764825821 0 0 8.9700002670288086 23.729999542236328 35.509998321533203 46.659999847412109 25.118019104003906 24.061756134033203 23.624122619628906 23.327638626098633 56645.08203125 14.48954963684082 12.54609489440918 10.624931335449219 39.190128326416016 riz 0 56646.01953125 0.5448029637336731 -0.11035551130771637 0.51082479953765869 0.084998041391372681 0.050740327686071396 22.968133926391602 0.062790535390377045 1.16612918645842e-05 6.7439839313010452e-07 0.0067906053736805916 -2.1925256987742614e-07 -2.4934195153036853e-08 30 23.019775390625 0.81444603204727173 0.28570479154586792
SN: 1250357 10 0 S2 3 0 41.880974000000002 -0.61663000000000001 0.35940998792648315 0.0010000000474974513 0.35842800140380859 0.0010000000474974513 0.35842800140380859 0.0016875395085662603 0 300 0 0 0.032022822648286819 1 2 13022 -9 -9 0.35940000414848328 0.0010000000474974513 41.880803 -0.61616599999999999 1.7799999713897705 1.4759999513626099 -2.3063523769378662 10.720999717712402 0.057000000029802322 -9999 -9999 0.69099998474121094 0.52100002765655518 -10.02299976348877 0.53187406063079834 1.2170000076293945 -999 22.5 21.059999465942383 20.469999313354492 20.129999160766602 0.0099999997764825821 0 0 0 9.2100000381469727 34.490001678466797 59.259998321533203 78.44000244140625 25.089351654052734 23.655767440795898 23.068096160888672 22.763656616210938 56550.25 20.341360092163086 17.756893157958984 16.237447738647461 60.938278198242188 griz 0 56552.81640625 0.28890091180801392 -0.91491180658340454 0.30836719274520874 -0.029055638238787651 0.026537083089351654 22.195463180541992 0.038483694195747375 2.375826079514809e-05 8.4210660133976489e-07 0.0029092039912939072 -1.8389224010206817e-07 -1.3380866192846952e-08 50 39.104290008544922 0.86705589294433594 0.31998032331466675
SN: 1253895 10 0 C1 3 0 54.488647999999998 -27.308710000000001 0.49331000447273254 0.0010000000474974513 0.49276301264762878 0.0010000000474974513 0.49276304244995117 0.001797586097382009 0 300 0 0 0.01010480709373951 1 1 613 -9 -9 0.49329999089241028 0.0010000000474974513 54.488633 -27.308671 0.14699999988079071 0.035000000149011612 -9 11.89799976348877 0.19099999964237213 -9999 -9999 3.1619999408721924 0.027000000700354576 -8.4670000076293945 0.049091752618551254 0.40599998831748962 -999 23.010000228881836 21.180000305175781 20.459999084472656 20.030000686645508 0.0099999997764825821 0 0 0 13.939999580383301 81.830001831054688 159.13999938964844 226.22000122070312 24.63934326171875 22.717718124389648 21.995552062988281 21.613672256469727 56575.1953125 34.51739501953125 16.936134338378906 15.6778564453125 60.807323455810547 riz 0 56576.7578125 0.51053810119628906 1.6007624864578247 0.47036451101303101 0.077233873307704926 0.040496803820133209 22.514335632324219 0.048789724707603455 1.7711930922814645e-05 7.9592098245484522e-07 0.0043811528012156487 -2.5380566626154177e-07 -1.969750940133963e-08 28 32.660015106201172 0.24848929047584534 0.59244763851165771
SN: 1255142 10 0 E2 3 0 9.0561570000000007 -43.541420000000002 0.5778999924659729 0.0010000000474974513 0.57675302028656006 0.0010000000474974513 0.57675302028656006 0.0018680118955671787 0 300 0 0 0.0067621609196066856 1 2 9063 -9 -9 0.5778999924659729 0.0010000000474974513 9.0559309999999993 -43.541504000000003 0.66299998760223389 0.58600002527236938 -3.3878839015960693 11.02299976348877 0.023000000044703484 -9999 -9999 0.95599997043609619 4.1550002098083496 -10.067999839782715 4.1554775238037109 1.3869999647140503 -999 23.420000076293945 21.579999923706055 20.700000762939453 20.360000610351562 0.0099999997764825821 0 0 0 6.5799999237060547 39.409999847412109 75.099998474121094 121.55999755859375 25.454435348510742 23.510984420776367 22.81089973449707 22.288022994995117 56579.015625 15.616759300231934 13.157206535339355 10.647529602050781 35.163539886474609 riz 0 56579.40625 0.89337849617004395 1.8476464748382568 0.63148319721221924 0.017761005088686943 0.060343176126480103 23.036874771118164 0.059219609946012497 1.0945856956823263e-05 5.9702290400309721e-07 0.0057447114959359169 -2.5476245468780689e-07 -1.8124357126225732e-08 31 30.456626892089844 0.49381592869758606 0.61872118711471558
SN: 1286881 10 0 C2 3 0 54.264499999999998 -29.353999999999999 0.52333998680114746 0.0010000000474974513 0.52279597520828247 0.0010000000474974513 0.5227959156036377 0.0018226361135020852 0 300 0 0 0.0082403402775526047 1 1 2377 -9 -9 0.52329999208450317 0.0010000000474974513 54.264794000000002 -29.354009999999999 0.92199999094009399 1.2239999771118164 -9 10.53600025177002 0.029999999329447746 -9999 -9999 0.85399997234344482 1.218999981880188 -9.7030000686645508 1.22539222240448 1.2230000495910645 -999 23.489999771118164 21.879999160766602 21.270000457763672 20.829999923706055 0.0099999997764825821 0 0 0 8.380000114440918 41.830001831054688 70.599998474121094 96.849998474121094 25.191890716552734 23.446281433105469 22.877988815307617 22.534751892089844 56667.10546875 26.049304962158203 10.904780387878418 9.4160423278808594 46.201652526855469 riz 0 56668.10546875 0.5121644139289856 0.29020673036575317 0.47703063488006592 -0.082431778311729431 0.052644968032836914 22.790220260620117 0.046766582876443863 1.3737635526922531e-05 5.9172964483877877e-07 0.0065580098889768124 -1.9573201370803872e-07 -1.6152895909726794e-08 18 12.507789611816406 0.81994473934173584 0.29130354523658752
SN: 1264631 10 0 X3 3 0 36.218338000000003 -5.0035429999999996 0.55423998832702637 0.0010000000474974513 0.55299299955368042 0.0010000000474974513 0.5529930591583252 0.0018479735590517521 0 300 0 0 0.023315377533435822 2 3 17560 -9 -9 0.55419999361038208 0.0010000000474974513 36.218400000000003 -5.0035489999999996 0.22200000286102295 0.3919999897480011 -2.8362481594085693 8.8769998550415039 0.094999998807907104 -9999 -9999 -0.22699999809265137 0.086999997496604919 -9.1529998779296875 0.37230765819549561 0.12200000137090683 -999 24.840000152587891 24.049999237060547 23.680000305175781 23.639999389648438 0.019999999552965164 0.0099999997764825821 0.0099999997764825821 0.019999999552965164 2.6099998950958252 5.1999998092651367 7.3400001525878906 7.2800002098083496 26.458398818969727 25.709991455078125 25.335760116577148 25.344671249389648 56683.0859375 43.954738616943359 34.235965728759766 24.475086212158203 84.61279296875 riz 0 56678.42578125 0.53782451152801514 -0.77928221225738525 0.56833517551422119 -0.070809505879878998 0.038885295391082764 22.756313323974609 0.038176190108060837 1.4173431736708153e-05 4.983601229469059e-07 0.0040672649629414082 -1.621055929490467e-07 -1.3258302011820433e-08 10 4.3126702308654785 0.93214154243469238 0.35097947716712952
SN: 1266830 10 0 X1 3 0 34.263007999999999 -4.850282 0.57169997692108154 0.0010000000474974513 0.57038998603820801 0.0010000000474974513 0.57038998603820801 0.0018626368837431073 0 300 0 0 0.016464743763208389 1 2 14415 -9 -9 0.57169997692108154 0.0010000000474974513 34.263066000000002 -4.8501649999999996 0.4699999988079071 0.41899999976158142 -4.1972332000732422 10.869000434875488 0.032000001519918442 -9999 -9999 -0.10300000011920929 2.8180000782012939 -10.942999839782715 2.8182427883148193 1.2890000343322754 -999 23.129999160766602 21.299999237060547 20.450000762939453 20.139999389648438 0.0099999997764825821 0 0 0 12.199999809265137 67.769996643066406 141.86000061035156 199.22000122070312 24.784099578857422 22.922405242919922 22.120349884033203 21.751667022705078 56676.05078125 10.901521682739258 9.4251346588134766 8.983759880065918 24.670543670654297 riz 0 56674.59765625 1.1651500463485718 0.017893834039568901 0.91305869817733765 0.19119442999362946 0.080998905003070831 23.176082611083984 0.079093791544437408 9.6286876214435324e-06 7.0143136099432013e-07 0.023316157981753349 -4.160424396104645e-07 -3.618101729330192e-08 17 11.339881896972656 0.83835965394973755 0.63734263181686401
SN: 1246717 10 0 X3 3 0 36.880352000000002 -4.6160959999999998 0.5350000262260437 0.0010000000474974513 0.53378301858901978 0.0010000000474974513 0.533782958984375 0.0018318378133699298 0 300 0 0 0.023124981671571732 1 2 17717 -9 -9 0.5350000262260437 0.0010000000474974513 36.880341000000001 -4.6160170000000003 0.28600001335144043 0.41299998760223389 -3.5943303108215332 8.9079999923706055 0.013000000268220901 -9999 -9999 0.88099998235702515 1.0509999990463257 -8.0059995651245117 1.0533285140991211 0.075000002980232239 -999 24.430000305175781 23.639999389648438 23.379999160766602 23.229999542236328 0.019999999552965164 0.0099999997764825821 0.0099999997764825821 0.0099999997764825821 3.6400001049041748 7.4699997901916504 10.020000457763672 9.9300003051757812 26.097246170043945 25.31669807434082 24.997831344604492 25.007627487182617 56537.2890625 17.407011032104492 16.315256118774414 13.42505931854248 42.72467041015625 riz 0 56530.53515625 0.098600372672080994 -0.0089811775833368301 0.5084804892539978 0.12664008140563965 0.056103453040122986 23.647523880004883 0.098305799067020416 6.2372068896365818e-06 5.6473533049938851e-07 0.0029540874529629946 -6.2935086475590651e-08 -1.8052249473043958e-08 23 32.313114166259766 0.09380485862493515 0.42214420437812805
SN: 1252513 10 0 C1 3 0 54.586570999999999 -27.557074 0.47821000218391418 0.0010000000474974513 0.4776729941368103 0.0010000000474974513 0.47767305374145508 0.0017850580625236034 0 300 0 0 0.0097493743523955345 1 2 717 -9 -9 0.47819998860359192 0.0010000000474974513 54.586635999999999 -27.557006999999999 0.3190000057220459 0.39100000262260437 -4.4458966255187988 8.9840002059936523 0.037999998778104782 -9999 -9999 0.91900002956390381 0.5339999794960022 -8.0419998168945312 0.54501098394393921 0.089000001549720764 -999 24.709999084472656 23.75 23.409999847412109 23.229999542236328 0.029999999329447746 0.019999999552965164 0.019999999552965164 0.019999999552965164 3.8199999332427979 8.0900001525878906 10.710000038146973 13.029999732971191 26.044841766357422 25.230129241943359 24.925525665283203 24.712638854980469 56563.203125 18.075128555297852 12.724484443664551 9.7441463470458984 42.630485534667969 riz 0 56563.0859375 0.59442996978759766 -1.4186099767684937 0.47524163126945496 0.0076862433925271034 0.050197117030620575 23.149595260620117 0.049319397658109665 9.8664804681902751e-06 4.4818335709351231e-07 0.0026776066515594721 -1.0849648646171772e-07 -1.611126521083861e-08 44 58.623470306396484 0.069061145186424255 0.47356358170509338
SN: 1255974 10 0 C2 3 0 54.922604 -29.042166000000002 0.34358000755310059 0.0010000000474974513 0.34311199188232422 0.0010000000474974513 0.34311199188232422 0.0016752186929807067 0 300 0 0 0.012015592306852341 1 2 2521 -9 -9 0.34360000491142273 0.0010000000474974513 54.922829 -29.042192 0.7149999737739563 0.22499999403953552 -5.0656471252441406 11.27400016784668 0.029999999329447746 -9999 -9999 -10 0 -21.259000778198242 0.23899999260902405 1.4600000381469727 -999 22.299999237060547 20.670000076293945 19.989999771118164 19.690000534057617 0 0 0 0 29.930000305175781 140.67999267578125 250.58000183105469 345.29998779296875 23.809732437133789 22.129419326782227 21.502634048461914 21.154508590698242 56628.06640625 28.075634002685547 24.469366073608398 20.787668228149414 58.289989471435547 griz 0 56628.29296875 1.4903271198272705 0.3989027738571167 0.62799334526062012 0.090877056121826172 0.026311643421649933 22.021017074584961 0.03546900674700737 2.7899270207853988e-05 9.1141794200666482e-07 -0.00011778008047258481 2.4131203701927006e-08 -1.4264907477468114e-08 31 24.873519897460938 0.77334696054458618 0.33082175254821777
SN: 1253816 10 0 X3 3 0 36.952843000000001 -4.9892010000000004 0.90974998474121094 0.0010000000474974513 0.90824097394943237 0.0010000000474974513 0.90824103355407715 0.0021555148996412754 0 300 0 0 0.024609304964542389 1 1 19983 -9 -9 0.90969997644424438 0.0010000000474974513 36.953505999999997 -4.9893580000000002 2.4449999332427979 2.3550000190734863 -9 10.475000381469727 0.0080000003799796104 -9999 -9999 0.73400002717971802 0.30500000715255737 -9.7320003509521484 0.30891099572181702 0.80299997329711914 -999 24.75 24.020000457763672 23.110000610351562 22.719999313354492 0.019999999552965164 0.0099999997764825821 0.0099999997764825821 0.0099999997764825821 0.79000002145767212 1.3799999952316284 3.5 4.0300002098083496 27.5 27.150302886962891 26.139829635620117 25.986736297607422 56579.265625 12.139750480651855 8.2733364105224609 -99 27.790151596069336 iz 0 56572.64453125 1.3070806264877319 -0.76497894525527954 0.77206611633300781 0.0081081325188279152 0.13344809412956238 24.594203948974609 0.05233653262257576 2.6080660973093472e-06 1.2571851470966067e-07 0.0010959599167108536 -4.6357257588169887e-08 -1.0614726875246561e-09 24 27.470733642578125 0.28299373388290405 0.25642129778862
SN: 1256817 10 0 X3 3 0 36.803790999999997 -4.6343740000000002 0.48100000619888306 0.0010000000474974513 0.4798240065574646 0.0010000000474974513 0.47982406616210938 0.0017868413124233484 0 300 0 0 0.022243684157729149 1 1 17494 -9 -9 0.48100000619888306 0.0010000000474974513 36.803795999999998 -4.6344380000000003 0.23100000619888306 0.23499999940395355 -9 10.819999694824219 0.018999999389052391 -9999 -9999 0.4830000102519989 0.38499999046325684 -10.354000091552734 0.38512983918190002 1.3420000076293945 -999 22.639999389648438 20.819999694824219 20.100000381469727 19.850000381469727 0 0 0 0 20.299999237060547 103.66999816894531 186.05999755859375 252.71000671386719 24.231260299682617 22.460866928100586 21.82586669921875 21.493444442749023 56592.109375 35.239322662353516 17.45551872253418 15.768864631652832 61.806564331054688 riz 0 56598.19921875 0.52181363105773926 -1.0137965679168701 0.28814083337783813 0.0085689127445220947 0.042034327983856201 22.728656768798828 0.044043831527233124 1.4539104085997678e-05 5.8979139794246294e-07 0.002115938114002347 -7.4152488593881571e-08 -1.7170506794172979e-08 25 40.975631713867188 0.023093095049262047 0.33913716673851013
SN: 1252918 10 0 X3 3 0 37.299670999999996 -5.0700370000000001 0.83727002143859863 0.0010000000474974513 0.83582901954650879 0.0010000000474974513 0.83582901954650879 0.002091594273224473 0 300 0 0 0.028774883598089218 4 5 18802 -9 -9 0.83730000257492065 0.0010000000474974513 37.299596000000001 -5.0699639999999997 0.37599998712539673 0.45899999141693115 -2.4346888065338135 11.008999824523926 0.061000000685453415 -9999 -9999 -1.9099999666213989 8.0900001525878906 -12.878999710083008 8.0906429290771484 1.3660000562667847 -999 25.590000152587891 23.579999923706055 22.329999923706055 21.729999542236328 0.039999999105930328 0.0099999997764825821 0 0 1.2999999523162842 8.2399997711181641 25.479999542236328 45.939998626708984 27.215141296386719 25.210182189941406 23.984500885009766 23.344522476196289 56559.23046875 19.511260986328125 14.431681632995605 -99 42.845287322998047 ri 0 56569.66015625 0.95135307312011719 1.3665698766708374 0.71465778350830078 -0.13576640188694 0.055021412670612335 24.056285858154297 0.048043135553598404 4.2804149416042492e-06 1.8940563961677981e-07 0.011794298887252808 -6.0211718277969339e-08 3.9256371486828812e-09 22 24.888208389282227 0.30245062708854675 0.64211148023605347
SN: 1307748 10 0 C3 3 0 52.049801000000002 -28.052624000000002 0.52588999271392822 0.0010000000474974513 0.52527397871017456 0.0010000000474974513 0.52527403831481934 0.0018247099360451102 0 300 0 0 0.0089296093210577965 1 3 20609 -9 -9 0.52590000629425049 0.0010000000474974513 52.049039 -28.053426999999999 3.7699999809265137 2.4619998931884766 -0.85565447807312012 11.128000259399414 0.010999999940395355 -9999 -9999 1.3480000495910645 0.5350000262260437 -9.8249998092651367 0.53656870126724243 1.2170000076293945 -999 22.329999923706055 20.729999542236328 20.049999237060547 19.569999694824219 0 0 0 0 0.76999998092651367 4.1399998664855957 6.9200000762939453 8.3000001907348633 27.5 25.957498550415039 25.399734497070312 25.202304840087891 56687.15625 70.39923095703125 62.431625366210938 37.066967010498047 142.36248779296875 riz 0 56694.3203125 0.77075862884521484 4.5263848304748535 1.1843289136886597 -0.02797144278883934 0.052190616726875305 22.694526672363281 0.055667933076620102 1.5003393855295144e-05 7.6925493885937613e-07 0.019958432763814926 -6.5642137769827968e-07 -3.0359750269326469e-08 12 3.6061174869537354 0.98954212665557861 1.5116730928421021
SN: 1285539 10 0 C2 3 0 54.733100999999998 -29.097719000000001 0.48469001054763794 0.0010000000474974513 0.48416900634765625 0.0010000000474974513 0.48416900634765625 0.0017904462292790413 0 300 0 0 0.011948979459702969 1 3 3594 -9 -9 0.48469999432563782 0.0010000000474974513 54.733747999999999 -29.097791000000001 2.0520000457763672 1.9889999628067017 -1.8944782018661499 9.6350002288818359 0.017999999225139618 -9999 -9999 1.1510000228881836 0.05000000074505806 -8.4759998321533203 0.074330344796180725 0.33000001311302185 -999 23.290000915527344 22.350000381469727 22.049999237060547 21.889999389648438 0.0099999997764825821 0 0.0099999997764825821 0.0099999997764825821 3.7799999713897705 9.0399999618530273 10.609999656677246 13.420000076293945 26.056270599365234 25.109579086303711 24.935710906982422 24.680618286132812 56653.1640625 10.121747970581055 5.9561233520507812 5.0761370658874512 15.426309585571289 riz 0 56649.5234375 1.6431205272674561 -0.88770747184753418 0.80458921194076538 0.0048661180771887302 0.12100909650325775 23.102771759033203 0.13055151700973511 1.0301284419256262e-05 1.2386510661599459e-06 0.013007123954594135 -4.564503512938245e-07 -8.7165496154284483e-08 15 8.2626714706420898 0.91282045841217041 0.29634672403335571
SN: 1257646 10 0 C3 3 0 51.994709 -27.733733999999998 0.84169000387191772 0.0010000000474974513 0.84094101190567017 0.0010000000474974513 0.84094095230102539 0.0020960886031389236 0 300 0 0 0.0094867385923862457 1 1 6189 -9 -9 0.84170001745223999 0.0010000000474974513 51.994774999999997 -27.733771999999998 0.25200000405311584 0.289000004529953 -9 10.937000274658203 0.027000000700354576 -9999 -9999 0.13400000333786011 10.133999824523926 -10.781000137329102 10.134202003479004 1.5529999732971191 -999 25.659999847412109 23.639999389648438 22.329999923706055 21.639999389648438 0.039999999105930328 0.0099999997764825821 0 0 1.4500000476837158 8.3299999237060547 27.889999389648438 49.419998168945312 27.096580505371094 25.198387145996094 23.886379241943359 23.265243530273438 56611.28515625 12.24245548248291 8.2178268432617188 -99 31.173233032226562 iz 0 56610.7578125 1.0045888423919678 -0.46316367387771606 0.57150697708129883 0.063970223069190979 0.11142036318778992 24.253480911254883 0.054145894944667816 3.5695027236215537e-06 1.7801185947519116e-07 -0.00029228997300378978 -5.2918714743555029e-08 -8.7009537352855659e-09 30 24.396686553955078 0.75378835201263428 0.26325726509094238
SN: 1257356 10 0 C1 3 0 54.377518000000002 -26.515305000000001 0.33307000994682312 0.0010000000474974513 0.33257201313972473 0.0010000000474974513 0.33257198333740234 0.0016667686868458986 0 300 0 0 0.0095587717369198799 1 3 1545 -9 -9 0.33309999108314514 0.0010000000474974513 54.377509000000003 -26.515160999999999 0.51999998092651367 0.6470000147819519 -3.322230339050293 10.168999671936035 0.023000000044703484 -9999 -9999 0.16099999845027924 7.2010002136230469 -10.034999847412109 7.2015376091003418 1.4329999685287476 -999 22.969999313354492 21.469999313354492 20.959999084472656 20.569999694824219 0.0099999997764825821 0 0 0 13.199999809265137 51.709999084472656 85.730003356933594 124.87999725341797 24.698564529418945 23.216064453125 22.667167663574219 22.258768081665039 56614.07421875 32.960880279541016 24.661651611328125 21.473236083984375 80.981460571289062 griz 0 56616.34765625 0.25610819458961487 -0.55770868062973022 0.22975453734397888 -0.011442777700722218 0.026192300021648407 21.742424011230469 0.037188537418842316 3.6060409911442548e-05 1.2351379155006725e-06 0.0024199453182518482 -1.9330298073327867e-07 -2.4075882620877564e-08 45 41.307224273681641 0.62915033102035522 0.18977551162242889
SN: 1250852 10 0 C3 3 0 52.148944999999998 -28.639741999999998 0.77796000242233276 0.0010000000474974513 0.77725201845169067 0.0010000000474974513 0.7772519588470459 0.0020403040107339621 0 300 0 0 0.0085461316630244255 1 3 4347 -9 -9 0.77799999713897705 0.0010000000474974513 52.148981999999997 -28.639776999999999 0.17200000584125519 0.25699999928474426 -4.7431488037109375 10.392999649047852 0.013000000268220901 -9999 -9999 0.74299997091293335 0.58700001239776611 -9.633000373840332 0.59256225824356079 1.1610000133514404 -999 25.379999160766602 24.030000686645508 22.930000305175781 22.450000762939453 0.029999999329447746 0.0099999997764825821 0 0.0099999997764825821 1.7599999904632568 5.7699999809265137 15.550000190734863 22.309999465942383 26.886219024658203 25.597061157226562 24.520673751831055 24.128751754760742 56559.2734375 24.952171325683594 18.685878753662109 16.638996124267578 74.2694091796875 riz 0 56559.859375 0.49237650632858276 0.45324996113777161 0.34857755899429321 -0.11121197044849396 0.034903950989246368 23.723047256469727 0.031374827027320862 5.8181035456073005e-06 1.6812738579119468e-07 0.0038269585929811001 -4.0555093505645345e-08 -1.6914378786481166e-09 47 57.258090972900391 0.14519837498664856 0.40031176805496216
SN: 1262252 10 0 E1 3 0 7.1715869999999997 -43.748992999999999 0.454010009765625 0.0010000000474974513 0.45294299721717834 0.0010000000474974513 0.45294296741485596 0.0017646135529503226 0 300 0 0 0.0070856865495443344 2 3 6778 -9 -9 0.45399999618530273 0.0010000000474974513 7.1719530000000002 -43.748595000000002 1.718000054359436 1.6330000162124634 -1.2637255191802979 9.5450000762939453 0.016000000759959221 -9999 -9999 1.1349999904632568 0.27900001406669617 -8.4090003967285156 0.2841777503490448 0.22900000214576721 -999 23.670000076293945 22.670000076293945 22.389999389648438 22.190000534057617 0.0099999997764825821 0.0099999997764825821 0.0099999997764825821 0.0099999997764825821 4.9099998474121094 9.9399995803833008 11.760000228881836 13.75 25.772296905517578 25.006534576416016 24.823982238769531 24.654243469238281 56645.125 29.556589126586914 17.032922744750977 14.307367324829102 54.035076141357422 riz 0 56651.3125 0.70114141702651978 1.3941965103149414 0.53465557098388672 0.016876921057701111 0.044498667120933533 22.541240692138672 0.045163553208112717 1.7278418454225175e-05 7.1873330398375401e-07 0.003069872735068202 -1.7397996998624876e-07 -2.3249809188996551e-08 23 22.092498779296875 0.51467359066009521 0.46812474727630615
SN: 1256028 10 0 C3 3 0 52.945858000000001 -28.816963000000001 0.9559599757194519 0.0010000000474974513 0.95520997047424316 0.0010000000474974513 0.95520997047424316 0.0021972591057419777 0 300 0 0 0.0076210210099816322 1 1 5640 -9 -9 0.95599997043609619 0.0010000000474974513 52.945940999999998 -28.816915000000002 0.31400001049041748 0.45399999618530273 -9 9.4849996566772461 0.016000000759959221 -9999 -9999 0.6589999794960022 0.017000000923871994 -8.8280000686645508 0.084723077714443207 -0.13699999451637268 -999 24.299999237060547 24.079999923706055 23.389999389648438 23.110000610351562 0.0099999997764825821 0.0099999997764825821 0.0099999997764825821 0.0099999997764825821 4.7199997901916504 5.559999942779541 10.619999885559082 13.270000457763672 25.815145492553711 25.637313842773438 24.934688568115234 24.69282341003418 56591.3046875 12.057609558105469 9.7550172805786133 -99 29.418949127197266 iz 0 56596.09375 0.99937093257904053 -0.18281532824039459 0.62373143434524536 -0.14205920696258545 0.1205587312579155 24.358531951904297 0.065122194588184357 3.2403133900515968e-06 1.9435320552929625e-07 0.014757153578102589 -9.1913534561172128e-08 -2.0486996543667146e-09 36 47.143699645996094 0.1011882945895195 0.4774356484413147
SN: 1256701 10 0 X1 3 0 34.007590999999998 -4.7289700000000003 0.43748998641967773 0.0010000000474974513 0.43628600239753723 0.0010000000474974513 0.43628597259521484 0.0017509057652205229 0 300 0 0 0.018257776275277138 1 3 14194 -9 -9 0.4375 0.0010000000474974513 34.007781999999999 -4.7288959999999998 0.73500001430511475 0.84600001573562622 -2.4758918285369873 10.364999771118164 0.083999998867511749 -9999 -9999 -0.028000000864267349 9.9720001220703125 -10.354000091552734 9.9721746444702148 1.4299999475479126 -999 23.489999771118164 21.799999237060547 21.159999847412109 20.850000381469727 0.0099999997764825821 0 0 0 6.8000001907348633 37.729999542236328 65.199996948242188 95.480003356933594 25.418727874755859 23.558282852172852 22.964382171630859 22.55021858215332 56591.078125 13.215924263000488 11.827096939086914 8.9901456832885742 26.149097442626953 riz 0 56596.6328125 1.0787994861602783 -1.0066565275192261 0.71017467975616455 0.13086867332458496 0.081115290522575378 23.187091827392578 0.095121279358863831 9.5315390353789553e-06 8.3505756265367381e-07 0.012445473112165928 -2.9689940106436552e-07 -5.4455949083376254e-08 34 19.140115737915039 0.98114281892776489 0.55035525560379028
SN: 1312171 10 0 E2 3 0 9.6625119999999995 -43.906894999999999 0.50151002407073975 0.0010000000474974513 0.50043201446533203 0.0010000000474974513 0.50043201446533203 0.0018039681017398834 0 300 0 0 0.0056717563420534134 1 1 21069 -9 -9 0.50150001049041748 0.0010000000474974513 9.6624440000000007 -43.907007999999998 0.44200000166893005 0.33300000429153442 -9 10.564000129699707 0.0020000000949949026 -9999 -9999 2.1860001087188721 0.075999997556209564 -8.3439998626708984 0.075999997556209564 0.46399998664855957 -999 22.780000686645508 21.530000686645508 21.020000457763672 20.75 0.0099999997764825821 0 0 0 18.25 57.759998321533203 89.260002136230469 116.23999786376953 24.346843719482422 23.095932006835938 22.623357772827148 22.336610794067383 56667.046875 12.092694282531738 7.171626091003418 5.2395615577697754 22.291624069213867 riz 0 56666.0234375 0.83249747753143311 -0.97095239162445068 0.84293711185455322 -0.00024970286176539958 0.094428390264511108 23.215734481811523 0.093325413763523102 9.2833897724631242e-06 7.9796200225246139e-07 0.014924611896276474 -3.6874192232971836e-07 -4.3675868255377281e-08 19 11.188811302185059 0.91732370853424072 0.32365188002586365
SN: 1246275 10 0 C1 3 0 54.647025999999997 -26.401205000000001 0.24650999903678894 0.0010000000474974513 0.24605000019073486 0.0010000000474974513 0.24605000019073486 0.0015983468620106578 0 300 0 0 0.01265188492834568 1 1 912 -9 -9 0.24650000035762787 0.0010000000474974513 54.647239999999996 -26.401073 0.83899998664855957 0.98799997568130493 -9 9.6579999923706055 0.017000000923871994 -9999 -9999 1.2970000505447388 0.29899999499320984 -8.3439998626708984 0.30166372656822205 0.46799999475479126 -999 21.399999618530273 20.739999771118164 20.459999084472656 20.329999923706055 0 0 0 0 43.259998321533203 85.800003051757812 111.02999877929688 118.63999938964844 23.409784317016602 22.666282653808594 22.386398315429688 22.314422607421875 56534.22265625 67.62420654296875 59.203418731689453 35.552780151367188 164.0279541015625 griz 0 56530.5 0.78261339664459229 0.18397669494152069 0.23694749176502228 -0.13012142479419708 0.01868467777967453 20.888044357299805 0.040321871638298035 7.9210396506823599e-05 2.9417012683552457e-06 -0.00039939561975188553 2.5421400096092839e-07 -4.2877580597178166e-08 35 21.04100227355957 0.96992826461791992 0.4380519688129425
SN: 1252183 10 0 C3 3 0 52.745983000000003 -28.221069 0.97319000959396362 0.0010000000474974513 0.97241902351379395 0.0010000000474974513 0.97241902351379395 0.0022126070689409971 0 300 0 0 0.007786409929394722 1 1 6258 -9 -9 0.97320002317428589 0.0010000000474974513 52.746008000000003 -28.221077999999999 0.087999999523162842 0.13400000333786011 -9 10.47599983215332 0.017000000923871994 -9999 -9999 0.50199997425079346 0.035000000149011612 -9.9829998016357422 0.09284934401512146 0.75900000333786011 -999 24.389999389648438 23.770000457763672 22.950000762939453 22.479999542236328 0.0099999997764825821 0.0099999997764825821 0 0.0099999997764825821 4.119999885559082 7.1599998474121094 15.020000457763672 21.719999313354492 25.962757110595703 25.362716674804688 24.558324813842773 24.15785026550293 56558.1875 10.494207382202148 8.2623291015625 -99 29.452228546142578 iz 0 56561.2265625 1.3513559103012085 0.15560324490070343 0.8486981987953186 0.12179931253194809 0.11968747526407242 24.673921585083008 0.067773379385471344 2.4234359443653375e-06 1.5127471897358191e-07 0.024433931335806847 -9.9018713228815614e-08 -9.6520924586229739e-10 36 57.882858276367188 0.011815371923148632 0.40929743647575378
SN: 1249264 10 0 E1+E2 3 0 8.1836389999999994 -43.873089 0.55080997943878174 0.0010000000474974513 0.54968297481536865 0.0010000000474974513 0.54968297481536865 0.0018451891373842955 0 300 0 0 0.005405748263001442 1 1 7706 -9 -9 0.55080002546310425 0.0010000000474974513 8.1837400000000002 -43.873052999999999 0.29199999570846558 0.34900000691413879 -9 10.470000267028809 0.035000000149011612 -9999 -9999 -1.3489999771118164 8.6510000228881836 -11.800999641418457 8.6512994766235352 1.3140000104904175 -999 24.079999923706055 22.350000381469727 21.540000915527344 21.149999618530273 0.019999999552965164 0.0099999997764825821 0 0 5.0999999046325684 26.629999160766602 58.169998168945312 82.839996337890625 25.731075286865234 23.936573028564453 23.088253021240234 22.704399108886719 56547.09765625 11.70794677734375 8.9951333999633789 5.4604401588439941 42.872989654541016 riz 0 56549.56640625 0.44104662537574768 -0.62950402498245239 0.4136480987071991 -0.1832490861415863 0.050045832991600037 23.071126937866211 0.046636763960123062 1.0605949682940263e-05 4.5556845407190849e-07 0.0030439493712037802 -1.2403626215018448e-07 -1.0421079110756182e-08 83 78.621002197265625 0.61563652753829956 0.6458669900894165
SN: 1251552 10 0 X2 3 0 36.367435999999998 -6.0068400000000004 0.35591998696327209 0.0010000000474974513 0.35484099388122559 0.0010000000474974513 0.35484099388122559 0.0016846494982019067 0 300 0 0 0.027494687587022781 1 2 15818 -9 -9 0.35589998960494995 0.0010000000474974513 36.36768 -6.0068320000000002 0.87199997901916504 0.85600000619888306 -3.2694556713104248 9.9799995422363281 0.017000000923871994 -9999 -9999 1.6829999685287476 0.31799998879432678 -8.2530002593994141 0.31799998879432678 0.38499999046325684 -999 21.809999465942383 20.909999847412109 20.629999160766602 20.430000305175781 0 0 0 0 39.169998168945312 85.220001220703125 104.62000274658203 134.07000732421875 23.517616271972656 22.67364501953125 22.450962066650391 22.181671142578125 56563.15625 25.268489837646484 23.332004547119141 20.348031997680664 62.319358825683594 griz 0 56560.734375 0.38646811246871948 -0.37920066714286804 0.32298147678375244 -0.10544702410697937 0.025155026465654373 22.002059936523438 0.03661438450217247 2.8390675652190112e-05 9.5742143457755446e-07 0.0033955879043787718 -2.216616081796019e-07 -1.4754930610649808e-08 47 54.077415466308594 0.22235500812530518 0.37352681159973145
SN: 1263936 10 0 C2 3 0 54.626995000000001 -30.046351999999999 0.49575001001358032 0.0010000000474974513 0.4952319860458374 0.0010000000474974513 0.4952319860458374 0.0017996395472437143 0 300 0 0 0.011981134302914143 2 3 2259 -9 -9 0.49579998850822449 0.0010000000474974513 54.627090000000003 -30.046699 1.284000039100647 0.95300000905990601 -2.1789140701293945 10.111000061035156 0.017000000923871994 -9999 -9999 1.4839999675750732 0.019999999552965164 -8.6180000305175781 0.037735924124717712 0.38999998569488525 -999 23.389999389648438 22.139999389648438 21.629999160766602 21.329999923706055 0.0099999997764825821 0 0 0 9.5900001525878906 25.770000457763672 39.400001525878906 59.369998931884766 25.045454025268555 23.972213745117188 23.511259078979492 23.066082000732422 56681.12890625 14.130898475646973 9.5762796401977539 8.4125833511352539 32.936153411865234 riz 0 56676.15625 0.89884328842163086 1.8142459392547607 0.90112674236297607 0.17803986370563507 0.06341986358165741 22.994274139404297 0.074295662343502045 1.138387688115472e-05 7.7898539529996924e-07 0.017980758100748062 -4.8390916163043585e-07 -3.4941962212542421e-08 17 10.099663734436035 0.89937889575958252 0.84730339050292969
SN: 1250896 10 0 X3 3 0 37.018996999999999 -4.9109720000000001 0.88120001554489136 0.0010000000474974513 0.87971502542495728 0.0010000000474974513 0.8797149658203125 0.002130268607288599 0 300 0 0 0.028167286887764931 1 2 19114 -9 -9 0.88120001554489136 0.0010000000474974513 37.018878000000001 -4.9107940000000001 0.7720000147819519 0.91600000858306885 -2.5939435958862305 11.430999755859375 0.054000001400709152 -9999 -9999 -7.1230001449584961 2.877000093460083 -18.520999908447266 2.8781683444976807 1.6670000553131104 -999 25.469999313354492 23.450000762939453 22.170000076293945 21.340000152587891 0.039999999105930328 0.0099999997764825821 0 0 1.0900000333786011 8.6099996566772461 30.120000839233398 56.470001220703125 27.40643310546875 25.162492752075195 23.802862167358398 23.120454788208008 56552.20703125 11.696935653686523 7.0278830528259277 -99 28.31413459777832 iz 0 56555.85546875 0.99256503582000732 0.55118364095687866 0.80087316036224365 0.19447533786296844 0.12565091252326965 24.396595001220703 0.067007139325141907 3.1286886041925754e-06 1.9308970422571292e-07 0.014005362987518311 -1.1505107266884806e-07 -7.3537758105146622e-09 26 11.002102851867676 0.99554222822189331 0.67378443479537964
SN: 1252926 10 0 X3 3 0 36.346783000000002 -4.2323040000000001 0.925819993019104 0.0010000000474974513 0.9242740273475647 0.0010000000474974513 0.92427396774291992 0.0021697401534765959 0 300 0 0 0.023274213075637817 1 3 18595 -9 -9 0.92580002546310425 0.0010000000474974513 36.346758000000001 -4.2322470000000001 0.22300000488758087 0.29600000381469727 -4.7179651260375977 10.715999603271484 0.014000000432133675 -9999 -9999 -0.84299999475479126 8.2729997634887695 -11.586000442504883 8.2733306884765625 1.3960000276565552 -999 26.309999465942383 24.030000686645508 22.829999923706055 22.040000915527344 0.090000003576278687 0.0099999997764825821 0.0099999997764825821 0 0.64999997615814209 5.630000114440918 16.409999847412109 33.279998779296875 27.5 25.623729705810547 24.462228775024414 23.694541931152344 56575.31640625 16.905483245849609 11.590834617614746 -99 37.940887451171875 iz 0 56573.0078125 0.90993142127990723 -1.0273840427398682 0.57075262069702148 -0.014004767872393131 0.10659267008304596 24.091239929199219 0.042874686419963837 4.1448051888437476e-06 1.6367440025533142e-07 0.002717095660045743 -4.5335539766711008e-08 -7.7734918502159189e-10 25 19.686862945556641 0.76305246353149414 0.34562847018241882
SN: 1250532 10 0 X2 3 0 35.564694000000003 -6.9598019999999998 0.52893000841140747 0.0010000000474974513 0.52770000696182251 0.0010000000474974513 0.52769994735717773 0.0018267409177497029 0 300 0 0 0.024722829461097717 1 1 15514 -9 -9 0.52890002727508545 0.0010000000474974513 35.564726 -6.9597740000000003 0.15399999916553497 0.15199999511241913 -9 9.4510002136230469 0.02199999988079071 -9999 -9999 1.2710000276565552 0.43799999356269836 -8.1350002288818359 0.43860346078872681 0.27900001406669617 -999 24.159999847412109 23.170000076293945 22.780000686645508 22.629999160766602 0.019999999552965164 0.0099999997764825821 0.0099999997764825821 0.0099999997764825821 5.25 13.890000343322754 18.790000915527344 21.700000762939453 25.699602127075195 24.643243789672852 24.315183639526367 24.158851623535156 56547.19921875 13.713600158691406 9.0271148681640625 6.573817253112793 34.427303314208984 riz 0 56548.3671875 0.89470034837722778 1.1221606731414795 0.68016386032104492 -0.045040406286716461 0.057138033211231232 23.089927673339844 0.059062354266643524 1.0423874300613534e-05 5.6704249118411099e-07 0.0074491826817393303 -2.5103329903686245e-07 -1.9456885880231312e-08 38 26.688247680664062 0.91559034585952759 0.40305891633033752
SN: 1258422 10 0 X3 3 0 36.190952000000003 -4.9826059999999996 0.52227002382278442 0.0010000000474974513 0.52104800939559937 0.0010000000474974513 0.52104806900024414 0.0018211741698905826 0 300 0 0 0.023872639983892441 1 2 18161 -9 -9 0.52230000495910645 0.0010000000474974513 36.191048000000002 -4.9825119999999998 0.4830000102519989 0.57499998807907104 -3.6705846786499023 10.35200023651123 0.013000000268220901 -9999 -9999 0.37999999523162842 0.02199999988079071 -9.9600000381469727 0.066730804741382599 0.73500001430511475 -999 23.159999847412109 21.969999313354492 21.370000839233398 21.120000839233398 0.0099999997764825821 0 0 0 13.260000228881836 40.840000152587891 61.330001831054688 77.769996643066406 24.693641662597656 23.472286224365234 23.030817031860352 22.772970199584961 56608.1328125 18.819438934326172 17.07026481628418 16.232484817504883 52.57818603515625 riz 0 56610.57421875 0.5336957573890686 0.94085556268692017 0.50350463390350342 0.13488520681858063 0.045781269669532776 23.225397109985352 0.06049005314707756 9.2011350716347806e-06 5.1262651368233492e-07 0.0075055807828903198 -1.7869606949716399e-07 -1.8650400335218364e-08 27 10.603784561157227 0.99798864126205444 0.54819005727767944
SN: 1265136 10 0 C3 3 0 52.218575000000001 -27.567737999999999 1.0538599491119385 0.0010000000474974513 1.0530300140380859 0.0010000000474974513 1.0530300140380859 0.0022848539520055056 0 300 0 0 0.0071099204942584038 1 1 5403 -9 -9 1.0539000034332275 0.0010000000474974513 52.218535000000003 -27.568403 2.3989999294281006 2.8849999904632568 -9 10.345000267028809 0.012000000104308128 -9999 -9999 1.0789999961853027 0.13899999856948853 -9.2729997634887695 0.15518376231193542 0.43200001120567322 -999 24.129999160766602 23.600000381469727 22.799999237060547 22.280000686645508 0.0099999997764825821 0.0099999997764825821 0 0 0.059999998658895493 0.37999999523162842 1 1.6000000238418579 27.5 27.5 27.5 26.989700317382812 56675.17578125 10.48990535736084 7.0026459693908691 -99 23.171623229980469 iz 0 56680.296875 0.073527447879314423 -0.35215839743614197 0.95147848129272461 -0.18643936514854431 0.14325955510139465 24.735746383666992 0.077996507287025452 2.2892941160534974e-06 1.6445702044620703e-07 0.037884097546339035 -5.7855093160696924e-08 7.3643939835221772e-09 10 4.6624484062194824 0.91255712509155273 0.63245368003845215
SN: 1264606 10 0 C3 3 0 52.726551000000001 -27.894113999999998 0.68176001310348511 0.0010000000474974513 0.68109899759292603 0.0010000000474974513 0.68109893798828125 0.0019570041913539171 0 300 0 0 0.0077792089432477951 1 1 4926 -9 -9 0.68180000782012939 0.0010000000474974513 52.726146 -27.894067 1.2999999523162842 1.1299999952316284 -9 10.737000465393066 0.018999999389052391 -9999 -9999 0.60399997234344482 0.46500000357627869 -10.13700008392334 0.47200211882591248 1.1619999408721924 -999 24.319999694824219 22.959999084472656 21.989999771118164 21.5 0.0099999997764825821 0 0 0 2.5799999237060547 9.1099996566772461 17.959999084472656 29.229999542236328 26.470951080322266 25.101203918457031 24.364234924316406 23.835428237915039 56682.109375 30.170703887939453 28.376625061035156 16.475454330444336 69.887535095214844 riz 0 56679.890625 0.63180088996887207 0.27029427886009216 0.55806624889373779 0.00032289809314534068 0.040208406746387482 23.493820190429688 0.041597221046686172 7.1857507464301307e-06 2.7530376200957107e-07 0.011977477930486202 -1.2894135181795718e-07 -6.9107231048803897e-09 17 19.874876022338867 0.2806791365146637 0.090104520320892334
SN: 1257419 10 0 C2 3 0 53.678158000000003 -29.525770000000001 0.40411999821662903 0.0010000000474974513 0.40360599756240845 0.0010000000474974513 0.40360593795776367 0.0017241633031517267 0 300 0 0 0.009148930199444294 1 1 3597 -9 -9 0.40410000085830688 0.0010000000474974513 53.678091999999999 -29.525766999999998 0.20600000023841858 0.14100000262260437 -9 10.484000205993652 0.041999999433755875 -9999 -9999 1.8480000495910645 0.15399999916553497 -8.619999885559082 0.15689486265182495 0.49000000953674316 -999 22.180000305175781 21.090000152587891 20.680000305175781 20.450000762939453 0 0 0 0 36.470001220703125 100.66999816894531 137.47999572753906 175.24000549316406 23.595161437988281 22.49275016784668 22.154399871826172 21.89091682434082 56615.0390625 35.609031677246094 21.416797637939453 12.523837089538574 61.371444702148438 riz 0 56609.5078125 0.42389470338821411 0.38411876559257507 0.42011046409606934 0.015230818651616573 0.0422392338514328 22.292089462280273 0.049663983285427094 2.1735231712227687e-05 9.9421777122188359e-07 0.0042739212512969971 -2.7945893066316785e-07 -3.0807640882812848e-08 33 28.811616897583008 0.67582786083221436 0.13773767650127411
SN: 1259352 10 0 C3 3 0 52.776961999999997 -27.869553 0.22033999860286713 0.0010000000474974513 0.21986100077629089 0.0010000000474974513 0.21986103057861328 0.0015779883833602071 0 300 0 0 0.0075140935368835926 1 4 5127 -9 -9 0.22030000388622284 0.0010000000474974513 52.776966000000002 -27.869509999999998 0.15600000321865082 0.17299999296665192 -5.2466225624084473 10.463000297546387 0.079999998211860657 -9999 -9999 -2.7170000076293945 7.2829999923706055 -13.223999977111816 7.2861433029174805 1.4359999895095825 -999 21.229999542236328 19.829999923706055 19.469999313354492 19.149999618530273 0 0 0 0 77.050003051757812 228.69000244140625 347.33999633789062 431.6099853515625 22.783069610595703 21.601882934570312 21.148113250732422 20.912271499633789 56627.14453125 211.64486694335938 159.22166442871094 65.963096618652344 382.41925048828125 griz 0 56628.50390625 0.25584518909454346 -0.64494210481643677 0.13882169127464294 0.072509594261646271 0.016541933640837669 20.897579193115234 0.021229015663266182 7.8517776273656636e-05 1.5352302398241591e-06 0.00030333595350384712 -8.7179003571691283e-08 -1.5523761831559568e-08 31 44.023227691650391 0.060731388628482819 0.3234732449054718
SN: 1263139 10 0 C1 3 0 53.936278999999999 -28.025551 0.72800999879837036 0.0010000000474974513 0.72736799716949463 0.0010000000474974513 0.72736799716949463 0.001996943261474371 0 300 0 0 0.0084465881809592247 1 1 512 -9 -9 0.7279999852180481 0.0010000000474974513 53.936252000000003 -28.025342999999999 0.75300002098083496 1.3250000476837158 -9 9.435999870300293 0.024000000208616257 -9999 -9999 0.63099998235702515 0.29499998688697815 -8.8079996109008789 0.3121362030506134 0.074000000953674316 -999 24.100000381469727 23.430000305175781 22.920000076293945 22.739999771118164 0.019999999552965164 0.0099999997764825821 0.0099999997764825821 0.0099999997764825821 3.5 7.6500000953674316 11.460000038146973 14.310000419616699 26.139829635620117 25.29084587097168 24.852039337158203 24.61090087890625 56645.08203125 7.2155671119689941 6.7540616989135742 4.8850255012512207 21.880842208862305 riz 0 56646.0390625 1.0165190696716309 0.026898881420493126 0.89467537403106689 -0.14621400833129883 0.084420785307884216 23.702022552490234 0.080296672880649567 5.9318631429050583e-06 4.3869667365470377e-07 0.035659804940223694 -2.9265805778777576e-07 -1.2849496577871378e-08 31 30.252897262573242 0.50426501035690308 0.48746246099472046
SN: 1257695 10 1 E1 3 0 7.6016110000000001 -42.298237 0.1847199946641922 0.0010000000474974513 0.18382599949836731 0.0010000000474974513 0.18382596969604492 0.0015502626774832606 0 300 0 0 0.0056257420219480991 1 1 6731 -9 -9 0.18469999730587006 0.0010000000474974513 7.6005979999999997 -42.297676000000003 3.369999885559082 1.9500000476837158 -9 9.7080001831054688 0.027000000700354576 -9999 -9999 1.0800000429153442 0.20999999344348907 -8.6180000305175781 0.21840329468250275 0.3880000114440918 -999 21.700000762939453 21.040000915527344 20.680000305175781 20.639999389648438 0 0 0 0 8.4300003051757812 12.449999809265137 17.989999771118164 17.200000762939453 25.185430526733398 24.762077331542969 24.362422943115234 24.411178588867188 56615.08203125 127.96896362304688 109.95777130126953 74.374710083007812 329.38449096679688 griz 0 56613.375 0.17952249944210052 0.49133738875389099 0.13639906048774719 -0.10472702234983444 0.015302701853215694 20.093034744262695 0.020894022658467293 0.00016473514551762491 3.1701806619821582e-06 0.00014979431580286473 -2.2658620935089857e-07 -2.9065461149002658e-08 29 19.749444961547852 0.90054476261138916 0.38560014963150024
SN: 1252671 10 0 C3 3 0 52.323990000000002 -28.787512 0.98614001274108887 0.0010000000474974513 0.98535698652267456 0.0010000000474974513 0.98535704612731934 0.0022241636179387569 0 300 0 0 0.0088573666289448738 2 5 4302 -9 -9 0.98610001802444458 0.0010000000474974513 52.323703000000002 -28.787569999999999 0.9309999942779541 0.73600000143051147 -2.4323925971984863 10.767999649047852 0.023000000044703484 -9999 -9999 0.47200000286102295 0.05000000074505806 -10.295000076293945 0.10912836343050003 0.92599999904632568 -999 25.299999237060547 23.930000305175781 22.829999923706055 22.040000915527344 0.029999999329447746 0.0099999997764825821 0 0 1.2599999904632568 5.6599998474121094 15.640000343322754 30.649999618530273 27.249073028564453 25.617958068847656 24.514408111572266 23.783924102783203 56576.1484375 18.23664665222168 13.891231536865234 -99 42.537548065185547 iz 0 56577.60546875 0.80390310287475586 0.34431737661361694 0.50762248039245605 -0.082892350852489471 0.084042355418205261 24.278789520263672 0.043302007019519806 3.4872612104663858e-06 1.3908112350691226e-07 0.0042049521580338478 -4.2103447839281216e-08 3.0713978027563371e-09 36 22.655111312866211 0.95931953191757202 0.29919680953025818
SN: 1250858 10 0 C3 3 0 53.266316000000003 -28.243347 0.85777997970581055 0.0010000000474974513 0.85707098245620728 0.0010000000474974513 0.8570709228515625 0.0021102880127727985 0 300 0 0 0.0066724075004458427 1 4 4239 -9 -9 0.85780000686645508 0.0010000000474974513 53.266314999999999 -28.24343 0.29699999094009399 0.26399999856948853 -4.4728155136108398 11.100000381469727 0.0070000002160668373 -9999 -9999 1.1690000295639038 0.1550000011920929 -9.9350004196166992 0.16657130420207977 1.3500000238418579 -999 25.430000305175781 23.840000152587891 22.549999237060547 21.819999694824219 0.029999999329447746 0.0099999997764825821 0 0 1.7899999618530273 7.3899998664855957 23.200000762939453 42.189998626708984 26.867866516113281 25.328388214111328 24.086280822753906 23.436975479125977 56545.2265625 9.564509391784668 7.056480884552002 -99 25.602878570556641 iz 0 56552.68359375 1.00518798828125 -1.6642647981643677 0.68700563907623291 0.10390026867389679 0.14274215698242188 24.602130889892578 0.06910281628370285 2.5890926735883113e-06 1.6478551856380363e-07 0.0092952335253357887 -5.9787303996472474e-08 -9.9199963798923818e-09 31 15.009749412536621 0.99303573369979858 0.6539880633354187
SN: 1265134 10 0 C3 3 0 52.432265999999998 -28.790818999999999 0.47361999750137329 0.0010000000474974513 0.47304201126098633 0.0010000000474974513 0.47304201126098633 0.0017812212463468313 0 300 0 0 0.011363348923623562 1 1 3645 -9 -9 0.47360000014305115 0.0010000000474974513 52.432110999999999 -28.790852000000001 0.50300002098083496 0.39800000190734863 -9 10.300000190734863 0.0020000000949949026 -9999 -9999 2.065000057220459 0 -8.1979999542236328 0 0.31400001049041748 -999 22.170000076293945 21.209999084472656 20.879999160766602 20.510000228881836 0 0 0 0 36.540000915527344 89.080001831054688 120.90000152587891 152.69999694824219 23.59307861328125 22.62554931640625 22.293933868408203 22.040401458740234 56683.109375 58.530448913574219 23.564119338989258 -99 91.227264404296875 rz 0 56683.7734375 0.64433151483535767 1.0646295547485352 0.63857507705688477 0.023297002539038658 0.030663734301924706 22.506191253662109 0.035674009472131729 1.7845282854977995e-05 5.8634208244257024e-07 0.0023942948319017887 -2.0693200042387616e-07 -1.066848476227733e-08 8 5.8233718872070312 0.66700923442840576 0.36327385902404785
SN: 1260639 10 0 C2 3 0 54.999687000000002 -29.678025999999999 0.59196001291275024 0.0010000000474974513 0.59141498804092407 0.0010000000474974513 0.5914149284362793 0.0018804207211360335 0 300 0 0 0.011494147591292858 1 1 2918 -9 -9 0.59200000762939453 0.0010000000474974513 54.999782000000003 -29.678097000000001 0.3919999897480011 0.28299999237060547 -9 11.112000465393066 0.082999996840953827 -9999 -9999 -1.2029999494552612 8.7969999313354492 -12.359000205993652 8.7978181838989258 1.4850000143051147 -999 23.620000839233398 21.75 20.709999084472656 20.290000915527344 0.0099999997764825821 0 0 0 8.1099996566772461 46.720001220703125 116.61000061035156 180.52999877929688 25.227447509765625 23.326242446899414 22.333160400390625 21.858627319335938 56635.1171875 11.05842399597168 7.6000556945800781 5.9566550254821777 24.53265380859375 riz 0 56632.94140625 1.1019337177276611 -1.2402344942092896 0.81247586011886597 0.24139668047428131 0.08263116329908371 23.512605667114258 0.071244969964027405 7.062493750709109e-06 4.6343410531335394e-07 0.0061076111160218716 -2.1813484352151136e-07 -1.7109350380906108e-08 39 28.77403450012207 0.88506788015365601 0.90464335680007935
SN: 1256764 10 0 X2 3 0 36.224007 -5.7299329999999999 0.5577399730682373 0.0010000000474974513 0.55649501085281372 0.0010000000474974513 0.55649495124816895 0.0018509214278310537 0 300 0 0 0.023364627733826637 1 1 17274 -9 -9 0.55769997835159302 0.0010000000474974513 36.224184999999999 -5.729387 2.0659999847412109 2.1080000400543213 -9 10.51099967956543 0.026000000536441803 -9999 -9999 0.86799997091293335 0.15700000524520874 -9.6510000228881836 0.18722446262836456 0.61900001764297485 -999 22.690000534057617 21.540000915527344 21.030000686645508 20.819999694824219 0.0099999997764825821 0 0 0 4.369999885559082 11.829999923706055 18.489999771118164 18.649999618530273 25.898796081542969 24.817539215087891 24.332656860351562 24.32330322265625 56595.0703125 18.536760330200195 14.345107078552246 12.466227531433105 35.157604217529297 riz 0 56597.07421875 0.88329184055328369 -0.73694485425949097 0.55588996410369873 -0.014781100675463676 0.059325508773326874 22.87579345703125 0.052559014409780502 1.2696461453742813e-05 6.1461844325094717e-07 -0.0013723757583647966 -1.3218476624388131e-07 -1.6747813802453493e-08 34 33.051364898681641 0.51395285129547119 0.25054070353507996
SN: 1264948 10 0 E2 3 0 9.7869039999999998 -43.940548 0.50502002239227295 0.0010000000474974513 0.50394099950790405 0.0010000000474974513 0.50394105911254883 0.0018068917561322451 0 300 0 0 0.0057287812232971191 1 1 9449 -9 -9 0.50499999523162842 0.0010000000474974513 9.7869930000000007 -43.940519999999999 0.25099998712539673 0.37599998712539673 -9 10.303999900817871 0.014000000432133675 -9999 -9999 -0.081000000238418579 7.6009998321533203 -10.411999702453613 7.6013898849487305 1.3830000162124634 -999 24.010000228881836 22.25 21.530000686645508 21.209999084472656 0.019999999552965164 0 0 0 5.0399999618530273 25.829999923706055 49.110000610351562 67.629997253417969 25.743923187255859 23.969688415527344 23.272075653076172 22.924652099609375 56675.05859375 19.145143508911133 12.034574508666992 8.8689451217651367 39.379169464111328 riz 0 56668.79296875 0.64069700241088867 1.0794544219970703 0.6660003662109375 0.03937753289937973 0.05760578066110611 22.739730834960938 0.065324984490871429 1.4391560398507863e-05 8.6589028569505899e-07 0.010476632975041866 -4.0875150375541125e-07 -3.1051961002503958e-08 16 12.681825637817383 0.69586366415023804 0.3830115795135498
SN: 1250397 10 0 X1 3 0 33.929679999999998 -5.4497669999999996 0.64442002773284912 0.0010000000474974513 0.64304500818252563 0.0010000000474974513 0.64304494857788086 0.0019243699498474598 0 300 0 0 0.018814455717802048 1 2 14810 -9 -9 0.64440000057220459 0.0010000000474974513 33.929946000000001 -5.4498829999999998 1.0420000553131104 1.1410000324249268 -2.9753777980804443 10.185000419616699 0.014000000432133675 -9999 -9999 0.53299999237060547 0.017999999225139618 -9.6520004272460938 0.052201531827449799 0.51800000667572021 -999 23.629999160766602 22.700000762939453 22.110000610351562 21.870000839233398 0.019999999552965164 0.0099999997764825821 0.0099999997764825821 0.0099999997764825821 7.119999885559082 17.040000915527344 29.100000381469727 39.049999237060547 25.368799209594727 24.42132568359375 23.840267181396484 23.520946502685547 56543.328125 10.128588676452637 10.034455299377441 7.758857250213623 30.630905151367188 riz 0 56551.02734375 0.74172127246856689 -0.22293320298194885 0.5899578332901001 -0.011506409384310246 0.059956125915050507 23.29669189453125 0.058622520416975021 8.6163454398047179e-06 4.65225241441658e-07 0.0041409861296415329 -1.9224964376007847e-07 -9.2888061686835499e-09 37 49.3326416015625 0.084529310464859009 0.083625458180904388
SN: 1253475 10 0 X1 3 0 34.614032999999999 -5.6390989999999999 0.45532000064849854 0.0010000000474974513 0.45412001013755798 0.0010000000474974513 0.45412003993988037 0.0017655841074883938 0 300 0 0 0.020714716985821724 2 2 14479 -9 -9 0.45530000329017639 0.0010000000474974513 34.613754 -5.638916 1.1959999799728394 1.0449999570846558 -0.91184937953948975 10.958999633789062 0.061999998986721039 -9999 -9999 0.73100000619888306 0.27700001001358032 -10.154000282287598 0.28047281503677368 1.0089999437332153 -999 21.879999160766602 20.5 19.909999847412109 19.670000076293945 0 0 0 0 20.520000457763672 94.80999755859375 139.83999633789062 197.02000427246094 24.21955680847168 22.557865142822266 22.135921478271484 21.763725280761719 56563.265625 13.158768653869629 12.035380363464355 8.0567941665649414 34.339179992675781 riz 0 56564.25 0.91665500402450562 1.740081787109375 0.78411483764648438 0.22821977734565735 0.060477960854768753 23.091363906860352 0.076359689235687256 1.0410096365376376e-05 7.3214073381677736e-07 0.0057251453399658203 -2.6169874445258756e-07 -3.2358908441665335e-08 37 30.021696090698242 0.78517681360244751 0.95663243532180786
SN: 1246796 10 0 X3 3 0 36.509101999999999 -4.4549799999999999 0.55625998973846436 0.0010000000474974513 0.55501598119735718 0.0010000000474974513 0.55501604080200195 0.0018496762495487928 0 300 0 0 0.022880133241415024 1 2 19965 -9 -9 0.55629998445510864 0.0010000000474974513 36.509126999999999 -4.4549630000000002 0.10899999737739563 0.15199999511241913 -5.2563304901123047 9.494999885559082 0.017999999225139618 -9999 -9999 1.2510000467300415 0.30899998545646667 -8.2530002593994141 0.31035786867141724 0.057999998331069946 -999 23.120000839233398 22.329999923706055 22 21.959999084472656 0 0 0 0 12.449999809265137 26.020000457763672 36.029998779296875 35.580001831054688 24.762077331542969 23.96173095703125 23.608339309692383 23.621984481811523 56545.2109375 16.926202774047852 12.707293510437012 -99 35.257957458496094 ri 0 56545.30859375 1.0797493457794189 -0.40440866351127625 0.64956963062286377 -0.1395164430141449 0.083342105150222778 23.819253921508789 0.054248835891485214 5.3247404139256105e-06 2.6605079028740874e-07 0.006695612333714962 -9.8746482990463846e-08 -1.1558164203506749e-08 16 19.461612701416016 0.2454533725976944 0.48419806361198425
SN: 1252364 10 0 E1 3 0 7.2772690000000004 -42.313549000000002 0.54250997304916382 0.0010000000474974513 0.54134398698806763 0.0010000000474974513 0.54134392738342285 0.0018381817499175668 0 300 0 0 0.00565362349152565 1 1 7178 -9 -9 0.54250001907348633 0.0010000000474974513 7.2772990000000002 -42.313481000000003 0.25799998641014099 0.28400000929832458 -9 10.618000030517578 0.043000001460313797 -9999 -9999 0.54100000858306885 0.041000001132488251 -10.083000183105469 0.092574290931224823 0.83899998664855957 -999 22.680000305175781 21.440000534057617 20.760000228881836 20.559999465942383 0.0099999997764825821 0 0 0 18.629999160766602 60.319999694824219 111.52999877929688 134.36000061035156 24.324466705322266 23.048847198486328 22.381521224975586 22.179325103759766 56563.04296875 14.336691856384277 10.039119720458984 8.6604948043823242 31.870563507080078 riz 0 56565.26171875 0.73032021522521973 -0.3268686830997467 0.64720249176025391 0.075483553111553192 0.062251284718513489 23.006099700927734 0.06081012636423111 1.1260563951509539e-05 6.3068387134990189e-07 0.0042288252152502537 -2.4270755716315762e-07 -2.143225330542009e-08 38 35.473251342773438 0.5868801474571228 0.27418965101242065
SN: 1261193 10 0 C1 3 0 53.348239999999997 -26.694503999999998 0.19292999804019928 0.0010000000474974513 0.19246399402618408 0.0010000000474974513 0.19246399402618408 0.0015568777453154325 0 300 0 0 0.0079774875193834305 1 4 1480 -9 -9 0.19290000200271606 0.0010000000474974513 53.348317999999999 -26.694571 0.34900000691413879 0.32100000977516174 -4.3179459571838379 9.9930000305175781 0.012000000104308128 -9999 -9999 0.60500001907348633 0.51499998569488525 -9.380000114440918 0.51560646295547485 0.95899999141693115 -999 21.680000305175781 20.719999313354492 20.340000152587891 20.049999237060547 0 0 0 0 59.220001220703125 129.27999877929688 200 245.99000549316406 23.068828582763672 22.221172332763672 21.747425079345703 21.522705078125 56645.078125 74.03558349609375 57.944534301757812 36.942966461181641 180.85957336425781 griz 0 56646.05859375 0.20128482580184937 0.96879267692565918 0.15439258515834808 0.10985048860311508 0.017761969938874245 20.895103454589844 0.025049719959497452 7.8697070421185344e-05 1.8156708847527625e-06 0.0007610709872096777 -1.486958751684142e-07 -2.639954033156755e-08 37 46.257579803466797 0.14147816598415375 0.48822495341300964
SN: 1256680 10 0 X1 3 0 33.899631999999997 -5.6647509999999999 0.29545998573303223 0.0010000000474974513 0.29437699913978577 0.0010000000474974513 0.29437696933746338 0.0016363520408049226 0 300 0 0 0.019638741388916969 1 1 14370 -9 -9 0.2955000102519989 0.0010000000474974513 33.899610000000003 -5.6648459999999998 0.34900000691413879 0.22900000214576721 -9 9.7049999237060547 0.039000000804662704 -9999 -9999 1.4819999933242798 0.30500000715255737 -8.2019996643066406 0.33518055081367493 0.11400000005960464 -999 22.069999694824219 21.399999618530273 21.120000839233398 20.969999313354492 0 0 0 0 39.049999237060547 72.370002746582031 91.889999389648438 108.27999877929688 23.520946502685547 22.851104736328125 22.591829299926758 22.413629531860352 56602.06640625 37.186546325683594 34.076377868652344 29.366598129272461 75.836418151855469 griz 0 56599.26953125 0.36248931288719177 -0.28439950942993164 0.30535614490509033 0.052779953926801682 0.024922918528318405 21.965934753417969 0.030234364792704582 2.9351193006732501e-05 8.1733912793424679e-07 0.0020433512981981039 -1.2147521033512021e-07 -1.3497077233637356e-08 35 52.334915161132812 0.030000990256667137 0.19984866678714752
SN: 1255657 10 0 X2 3 0 35.013001000000003 -6.0388700000000002 0.59011000394821167 0.0010000000474974513 0.58881098031997681 0.0010000000474974513 0.58881092071533203 0.0018782143015414476 0 300 0 0 0.020981680601835251 1 2 15643 -9 -9 0.5900999903678894 0.0010000000474974513 35.013010000000001 -6.0387649999999997 0.37799999117851257 0.54100000858306885 -3.9545056819915771 9.2399997711181641 0.048000000417232513 -9999 -9999 1.1030000448226929 1.1150000095367432 -8.1059999465942383 1.1189553737640381 0.24300000071525574 -999 24.549999237060547 23.719999313354492 23.340000152587891 23.159999847412109 0.029999999329447746 0.019999999552965164 0.019999999552965164 0.019999999552965164 3.6400001049041748 7.5999999046325684 10.75 12.619999885559082 26.097246170043945 25.297966003417969 24.921478271484375 24.747352600097656 56567.1484375 8.2930765151977539 8.1372241973876953 5.7905559539794922 22.310628890991211 riz 0 56561.1875 1.0685561895370483 0.10823217779397964 0.88371604681015015 -0.059902995824813843 0.083946593105792999 23.506181716918945 0.099417634308338165 7.1043987190932967e-06 6.5052864783865516e-07 0.012897063046693802 -4.1564521779946517e-07 -1.6852530038136138e-08 37 38.199996948242188 0.41472494602203369 0.2029096931219101
SN: 1257839 10 0 E2 3 0 8.8419450000000008 -44.728416000000003 0.64538002014160156 0.0010000000474974513 0.64421302080154419 0.0010000000474974513 0.64421296119689941 0.0019253686768934131 0 300 0 0 0.0081352395936846733 2 2 8905 -9 -9 0.64539998769760132 0.0010000000474974513 8.8426109999999998 -44.728568000000003 1.7890000343322754 1.8029999732971191 1.4115440845489502 10.114999771118164 0.014999999664723873 -9999 -9999 0.0070000002160668373 0.23000000417232513 -10.109999656677246 0.2413068562746048 0.85600000619888306 -999 24.680000305175781 23.430000305175781 22.75 22.409999847412109 0.029999999329447746 0.0099999997764825821 0.0099999997764825821 0.0099999997764825821 1.9199999570846558 4.7899999618530273 7.6700000762939453 8.25 26.791746139526367 25.799161911010742 25.28801155090332 25.208866119384766 56615.07421875 7.9533982276916504 7.6027522087097168 6.6092095375061035 24.091157913208008 riz 0 56614.1953125 0.048932988196611404 -0.21793085336685181 0.76407480239868164 0.10845805704593658 0.078952014446258545 23.524820327758789 0.082142867147922516 6.9834800342505332e-06 5.2834479902230669e-07 0.016789743676781654 -2.7979925221188751e-07 -2.3176360386401029e-08 37 33.252567291259766 0.64542746543884277 0.36875298619270325
SN: 1261963 10 0 S1 3 0 43.223835000000001 0.55374100000000004 0.28053298592567444 4.9999998736893758e-05 0.27963399887084961 4.9999998736893758e-05 0.27963399887084961 0.0012814634246751666 0 300 0 0 0.075275853276252747 1 1 11697 -9 -9 0.28049999475479126 9.9999997473787516e-05 43.224457000000001 0.55346499999999998 2.4500000476837158 0.92699998617172241 -9 11.300999641418457 0.041999999433755875 -9999 -9999 -0.57599997520446777 9.4239997863769531 -11.883000373840332 9.4290971755981445 1.5399999618530273 -999 21.520000457763672 20.040000915527344 19.409999847412109 19.120000839233398 0 0 0 0 13.609999656677246 46.299999237060547 102.54000091552734 128.55000305175781 24.665355682373047 23.336048126220703 22.472766876220703 22.227319717407227 56645.140625 13.237606048583984 13.170198440551758 10.437861442565918 41.698074340820312 griz 0 56641.8125 0.45205709338188171 -1.7315205335617065 0.39367085695266724 0.24890157580375671 0.04748077318072319 22.465730667114258 0.065755575895309448 1.8522849131841213e-05 1.1218015742997522e-06 0.0059861317276954651 -1.9084642133293528e-07 -4.5073509369331077e-08 44 22.730865478515625 0.99670380353927612 1.0106852054595947
