CID,band,phase,native_flux,official_flux,observed_flux,measurement_error
1578103,g,-12.308960826093438,94.47365266677552,94.48891164226436,79.33999633789062,6.384086608886719
1578103,r,-12.307238054489414,119.43570998146437,119.45564933174023,102.02999877929688,9.953006744384766
1578103,i,-12.30551528288539,136.735154387856,136.7643036753528,119.94000244140625,15.80327033996582
1578103,z,-12.300346968073315,112.99382234864643,113.01825783788966,78.25,19.745534896850586
1578103,g,-8.914239381055008,222.59348809693685,222.6259946045632,253.89999389648438,4.992511749267578
1578103,r,-8.911655223645838,261.3650099519759,261.3906425258187,284.4700012207031,5.719664096832275
1578103,i,-8.909932452041813,284.84850288378533,284.87850148738477,297.2099914550781,9.112651824951172
1578103,z,-8.908209680437787,226.36466559409388,226.38479753025396,257.3599853515625,11.851082801818848
1578103,g,-4.695171723656772,441.20447179909735,441.1694941031715,432.3500061035156,5.803614139556885
1578103,r,-4.693448952052747,490.68910677081095,490.65871280813474,478.2699890136719,7.822950839996338
1578103,i,-4.691726180448722,494.4204725516465,494.4696588818699,465.6099853515625,12.61305046081543
1578103,z,-4.686557865636647,378.7844080411884,378.776148356336,351.8999938964844,13.950270652770996
1578103,g,1.354340762644964,482.7840105474936,482.8081120064569,482.3500061035156,15.724016189575195
1578103,r,1.356924920054135,595.1464503556697,595.1369719409604,584.9199829101562,14.937158584594727
1578103,i,1.3586476916581598,516.6647651583521,516.5908098270535,520.1599731445312,12.651328086853027
1578103,z,1.3629546206650882,342.5317607243917,342.53060153491003,338.4100036621094,12.840909957885742
1578103,g,9.165387213701738,286.15787467014997,286.17509217197943,298.5400085449219,13.165925979614258
1578103,r,9.167109985305764,452.3531131068537,452.3800961243894,453.42999267578125,11.04161548614502
1578103,i,9.169694142714935,351.2772233505026,351.3182439862095,349.0,10.771778106689453
1578103,z,9.174001071721863,225.40965474914984,225.43546890014272,236.7899932861328,12.581701278686523
1578103,g,15.087414601330705,146.4345020301309,146.4475680833739,145.86000061035156,4.140186309814453
1578103,r,15.089998758739876,316.49173270071856,316.5034460246539,316.7900085449219,5.166436195373535
1578103,i,15.0917215303439,282.0839756734831,282.0911027492274,285.989990234375,6.6457414627075195
1578103,z,15.094305687746804,202.25278495454768,202.26255225801563,213.3699951171875,7.237701892852783
1578103,g,18.602730058632073,97.42139084036026,97.42619999529921,98.59600067138672,5.85040807723999
1578103,r,18.604452830229828,267.08902861219127,267.110507630085,268.30999755859375,8.336662292480469
1578103,i,18.606175601833854,274.90943758276114,274.90055507542075,262.9700012207031,12.144482612609863
1578103,z,18.608759759243025,217.3555551314132,217.36229606831736,241.77000427246094,15.561931610107422
1578103,g,23.73142112276741,59.04429413959232,59.05482693725527,46.01599884033203,6.0698957443237305
1578103,r,23.733143894371434,207.49721649331283,207.49658045572406,219.3000030517578,8.470507621765137
1578103,i,23.73486666597546,253.06993479816046,253.03603396198312,251.39999389648438,11.980813980102539
1578103,z,23.737450823378364,237.30699443215195,237.3092276295469,261.9800109863281,13.936840057373047
1578103,r,35.7692877034374,107.27149497735012,107.276237347717,112.5199966430664,5.819092273712158
1578103,i,35.77101047504143,125.66259410182003,125.66458917116687,120.83999633789062,7.9036149978637695
1578103,z,35.77531740404835,138.33718783590285,138.33969003345285,142.61000061035156,9.280482292175293
1578103,g,42.656067189126,25.340218991716583,25.342283617627352,33.75899887084961,6.603574275970459
1578103,r,42.65778996073002,85.44776755976966,85.45330287196148,77.15899658203125,10.162060737609863
1578103,i,42.65951273233404,90.19910035053181,90.20427690014284,83.26399993896484,17.475595474243164
1578103,z,42.66209688973695,93.78297454670684,93.79028232042326,80.02400207519531,23.222694396972656
1327978,z,-14.689466400517432,52.18447439058184,52.18845072654222,9.234999656677246,36.567115783691406
1327978,g,-13.854104681558583,73.06031694289766,73.07348738280983,75.10399627685547,57.194793701171875
1327978,r,-13.852448860509762,86.89685895928369,86.90979067367097,87.1500015258789,30.075212478637695
1327978,i,-13.85079303946094,87.52978912448432,87.54034482625283,86.16300201416016,27.470666885375977
1327978,z,-13.848309307884696,68.80333691086025,68.81168399226226,71.875,20.028125762939453
1327978,r,-8.914790493929548,258.28652351206426,258.2986084297038,247.75999450683594,17.563425064086914
1327978,i,-8.912306762353303,250.60281310437415,250.61232091248317,232.80999755859375,32.720672607421875
1327978,z,-8.910650941304482,193.09582825514255,193.10317726502842,174.42999267578125,36.25420379638672
1327978,g,-5.602320486433471,361.22696690632125,361.0054562739373,357.75,12.321601867675781
1327978,r,-5.59983675486325,397.2496972871473,397.0730951978749,379.54998779296875,25.169326782226562
1327978,i,-5.598180933814429,372.4177885473454,372.24573421520137,453.75,52.063819885253906
1327978,z,-5.596525112765606,279.048681953681,278.8785620883828,397.92999267578125,52.932682037353516
1327978,g,-2.275776000031446,411.9419300018602,411.83165395465863,424.1400146484375,13.314271926879883
1327978,r,-2.274120178982624,468.5515362323973,468.4554929288221,490.4800109863281,20.480297088623047
1327978,i,-2.2724643579338024,415.63226871081054,415.5185356217446,430.69000244140625,36.29231262207031
1327978,z,-2.269980626357558,279.4947559598449,279.37478522137377,302.8599853515625,43.498260498046875
1327978,g,2.6552590823534823,376.0533717075765,375.97047718951774,375.25,8.817754745483398
1327978,r,2.6577428139297266,484.69795880255816,484.60501506108574,475.6300048828125,12.773077964782715
1327978,i,2.6593986349785483,428.6577984892741,428.6179803616395,379.0199890136719,21.266504287719727
1327978,z,2.661882366548769,242.09748975801568,242.0907981732057,230.85000610351562,22.927255630493164
1327978,g,6.085292384291801,307.03099675876734,307.030349162593,309.04998779296875,13.945971488952637
1327978,r,6.087776115862022,440.43325321486486,440.42269819503343,473.0299987792969,20.50162696838379
1327978,i,6.089431936910843,388.46003055499125,388.45349331175646,368.989990234375,34.28944396972656
1327978,z,6.091915668487088,209.97423526496485,209.97201085874883,195.1699981689453,27.319305419921875
1327978,r,14.239383137554508,280.389380945358,280.38784141415573,261.6099853515625,10.725403785705566
1327978,i,14.24103895860333,246.74258686390445,246.76041775319914,235.47000122070312,17.86678695678711
1327978,z,14.242694779652151,135.27148200182404,135.25937407762157,155.50999450683594,20.20531463623047
1327978,g,17.56427180290771,92.73217104840033,92.73106493485639,98.20999908447266,6.809854507446289
1327978,r,17.566755534483956,236.05185378451847,236.0603181063744,229.8300018310547,11.219547271728516
1327978,i,17.568411355532778,228.46553969500607,228.50907805275125,218.3699951171875,18.63397789001465
1327978,z,17.5700671765816,141.81036304779693,141.79628400954968,121.7699966430664,23.291059494018555
1327978,g,21.866094886872933,57.90007654006181,57.898577224217334,64.56099700927734,8.151347160339355
1327978,r,21.867750707921754,195.47470983125797,195.47893575756595,199.32000732421875,10.033958435058594
1327978,i,21.869406528970575,216.64570011572545,216.6482479689594,237.22999572753906,13.330246925354004
1327978,z,21.871890260540795,158.6300558108682,158.63859100749082,171.9199981689453,15.26661491394043
1327978,g,26.700264437922876,38.14799476713734,38.15461219194096,30.284000396728516,6.417645454406738
1327978,r,26.702748169493095,156.23637459924055,156.25308939964626,136.02000427246094,8.235133171081543
1327978,i,26.70440399054192,194.2153341968663,194.22719775538587,182.80999755859375,13.729960441589355
1327978,z,26.70605981159074,167.02344037727573,167.03779174455954,177.14999389648438,16.17329978942871
1327978,g,28.321313244387973,34.52311584044055,34.5166953235677,22.009000778198242,6.004611492156982
1327978,r,28.323796975958192,145.13989427486632,145.13663102238746,172.92999267578125,8.563969612121582
1327978,i,28.325452797007014,184.42210466094178,184.4213603945614,363.42999267578125,72.34608459472656
1327978,z,28.327108618055835,165.2394791393968,165.23256021359225,220.2100067138672,18.67658042907715
1327978,g,32.50640094443235,26.59376350455199,26.593772048209598,19.38599967956543,16.63589859008789
1327978,r,32.50888467600257,115.55087830430004,115.55608249312962,109.63999938964844,18.718799591064453
1327978,i,32.510540497051394,149.38236683500702,149.38623515158767,148.63999938964844,17.76793098449707
1327978,z,32.513024228627636,144.33409031954804,144.33603129928957,148.0399932861328,16.17706871032715
1327978,g,39.994023725679874,20.08957898161583,20.08784382269834,22.680999755859375,5.88660192489624
1327978,r,39.995679546728695,80.5215769108224,80.52283877444333,85.39700317382812,7.077984809875488
1327978,i,39.99816327829892,97.05954608418732,97.06205656614645,101.1500015258789,11.391849517822266
1327978,z,39.99981909934774,94.20551355311707,94.20815488639956,79.92500305175781,10.829324722290039
1249137,g,-9.46864304923055,123.86043481779512,123.87151404014303,124.08999633789062,6.169559001922607
1249137,r,-9.466192008758286,149.09594809635868,149.10708919025348,144.55999755859375,5.4748992919921875
1249137,i,-9.464557981774796,150.48847433186234,150.50175940697426,156.4600067138672,5.750787258148193
1249137,z,-9.462923954791304,119.39875716598837,119.40956204460628,113.98999786376953,7.084810733795166
1249137,g,1.9139889154500909,241.16380589728874,241.14618230750185,241.5,3.0191218852996826
1249137,r,1.9164399559223553,322.56108267592964,322.5414375082671,321.42999267578125,4.527825355529785
1249137,i,1.9180739829058464,304.7858196096629,304.77525802442017,311.1700134277344,6.769505023956299
1249137,z,1.9197080098893375,176.8588150685429,176.8625770992924,164.6999969482422,10.317551612854004
1249137,r,5.189396003189243,297.5115187495483,297.505235456089,297.6000061035156,4.657838821411133
1249137,i,5.191030030172734,283.13296018844824,283.14041283858074,291.3399963378906,6.471343994140625
1249137,z,5.1934810706449985,158.4882426537121,158.49150521644032,161.77000427246094,8.189862251281738
1249137,g,9.216455503179743,141.91812831621272,141.91985989209945,134.7899932861328,4.862110614776611
1249137,r,9.218089530163235,247.9575813441955,247.9647490247442,250.1199951171875,7.533652305603027
1249137,i,9.219723557146725,224.80041638878822,224.83849590938215,216.86000061035156,10.951217651367188
1249137,z,9.222174597624935,122.18446790123012,122.21273636357938,124.19999694824219,15.49068832397461
1249137,g,12.47552232108993,99.06860364167213,99.07192739515057,88.70700073242188,10.402495384216309
1249137,r,12.47715634807342,201.53410593455487,201.53989548785452,207.88999938964844,9.648466110229492
1249137,i,12.478790375056912,186.18960012762,186.1963851161751,173.22999572753906,10.241843223571777
1249137,z,12.480424402040402,100.71415813021743,100.72677446663907,101.8499984741211,11.738510131835938
1249137,g,15.889821702402045,65.45255509678691,65.45551365498717,56.01300048828125,27.447288513183594
1249137,r,15.891455729385537,164.02700048011377,164.0292245882233,180.9600067138672,23.22239875793457
1249137,i,15.893089756369028,165.91861602994044,165.93094685070403,153.8300018310547,19.271162033081055
1249137,z,15.895540796841292,100.67819876092891,100.68569464821746,88.677001953125,16.922883987426758
1249137,g,21.438977337208364,34.8987563966539,34.89622660971526,39.35300064086914,3.882380485534668
1249137,r,21.44061136418591,124.27489709619441,124.26706087067329,126.93000030517578,5.460585594177246
1249137,i,21.4422453911694,151.83605680969836,151.84254200001163,153.1300048828125,8.459086418151855
1249137,z,21.44469643164761,112.01880356609166,112.00232867214697,102.18000030517578,10.64969253540039
1249137,g,25.511789592724725,24.17344801415677,24.17475181253316,20.729000091552734,5.310868263244629
1249137,r,25.513423619708217,101.01225521026981,101.01299902890922,115.94999694824219,7.666051864624023
1249137,i,25.51505764669171,135.60722187570838,135.61199229080023,121.44999694824219,11.066755294799805
1249137,z,25.51750868716992,116.17969869482538,116.18067359586061,115.0999984741211,14.413107872009277
1249137,g,28.816609166166717,19.673796700824838,19.67383801470504,38.66400146484375,19.0887508392334
1249137,r,28.81824319315021,85.7060621133083,85.7069140664478,113.27999877929688,47.49922180175781
1249137,i,28.8198772201337,119.63174490843332,119.635029510534,44.58399963378906,64.44385528564453
1249137,z,28.82151124711719,110.62465513589278,110.62689424883315,167.3000030517578,75.63291931152344
1249137,g,35.30859837025123,14.167604341956187,14.168674567940371,6.486000061035156,3.9897167682647705
1249137,r,35.31023239723472,60.49251004366127,60.49452270731377,69.86599731445312,4.676923751831055
1249137,i,35.311866424218216,82.24150320852806,82.24754561298563,73.05799865722656,6.296173572540283
1249137,z,35.31431746469642,81.47512065822535,81.48322866913682,77.40899658203125,8.153651237487793
1249137,g,38.55295894531594,12.461858725800605,12.46215934812904,21.143999099731445,13.350821495056152
1249137,r,38.554592972293484,52.095714882166725,52.09759891051868,69.84600067138672,11.405444145202637
1249137,i,38.55622699927698,68.79449970242244,68.7997417273707,74.99700164794922,12.514081001281738
1249137,z,38.558678039755186,67.08816138690398,67.09264899662551,51.76900100708008,14.576680183410645
1298079,r,-13.807455991802916,35.52966547804225,35.53081642218498,91.37200164794922,35.56549072265625
1298079,i,-13.805077608455644,37.78074609300965,37.781191747930364,-7.281000137329102,20.370798110961914
1298079,z,-13.803492019559384,32.64762101243978,32.64672066002574,12.029999732971191,20.790775299072266
1298079,r,-7.424667891212682,145.80790408568706,145.87976822790145,149.91000366210938,9.490346908569336
1298079,i,-7.4230823023164225,149.09976875728827,149.1733267690894,154.7100067138672,12.367237091064453
1298079,z,-7.42070391896915,121.46596268613824,121.55139971094144,119.9800033569336,18.073177337646484
1298079,g,-4.282823493912683,167.09376582469397,167.0491063676442,165.55999755859375,4.6155805587768555
1298079,r,-4.2812379050164235,206.6787359865063,206.6429342905354,205.33999633789062,7.148502826690674
1298079,i,-4.279652316120165,207.22292743601986,207.17704821601927,214.64999389648438,8.434489250183105
1298079,z,-4.277273932778661,156.4416859471533,156.37217122723646,160.91000366210938,12.07876205444336
1298079,g,-0.33787832082761726,171.91644633601922,171.9306865896571,173.74000549316406,3.9269702434539795
1298079,r,-0.33549993748034446,231.53305839752025,231.55685317177856,226.55999755859375,6.056633472442627
1298079,i,-0.33391434858408536,231.64024002303285,231.68449467252694,226.4499969482422,6.755400657653809
1298079,z,-0.33232875968782627,144.0337255574793,144.07394330969612,137.30999755859375,11.086234092712402
1298079,g,8.339256912182295,100.13696973617014,100.14885535929226,84.5780029296875,12.882450103759766
1298079,r,8.341635295529567,188.49816480698496,188.51163981039295,195.80999755859375,17.301000595092773
1298079,i,8.343220884425827,180.78728475286798,180.82856000046036,178.86000061035156,9.406518936157227
1298079,z,8.345599267767332,102.3362217917069,102.37274442473056,104.0,9.601529121398926
1298079,g,18.586917946622467,29.762998354277723,29.766694381827953,29.9950008392334,3.1413395404815674
1298079,r,18.58850353551296,98.26841569912459,98.2707293122465,102.0199966430664,4.579636573791504
1298079,i,18.590089124409218,116.1381432107052,116.15219114913798,114.66999816894531,6.205931663513184
1298079,z,18.592467507756492,79.9162853244819,79.90718938790094,82.5719985961914,10.620219230651855
1298079,r,21.851645483350822,80.85010884272903,80.85451595982846,78.09100341796875,12.976762771606445
1298079,i,21.85323107224708,109.39840757643294,109.39668325572899,126.2699966430664,23.292465209960938
1298079,z,21.856402250039597,84.69525901852654,84.69684401947643,86.85299682617188,26.526838302612305
1298079,g,24.205452199371564,16.82483206948635,16.82607921094489,29.631999969482422,13.827810287475586
1298079,r,24.207037788267822,70.19688858325861,70.19999162857265,72.20500183105469,17.175325393676758
1298079,i,24.20862337716408,101.67567711072014,101.67896707666502,113.02999877929688,19.283016204833984
1298079,z,24.210208966054573,85.27709786069461,85.28229828785557,86.38999938964844,27.560245513916016
1298079,g,32.05491002870151,10.178123744323894,10.17916545962582,8.227999687194824,3.8358657360076904
1298079,r,32.05649561759777,43.89358718413214,43.89569589680294,48.23699951171875,5.363404273986816
1298079,i,32.05808120649402,69.26059867725188,69.26174506190294,53.45800018310547,6.811184406280518
1298079,z,32.06045958983553,65.90269299078615,65.9044398336142,70.0260009765625,9.832082748413086
1298079,g,37.65441721470126,8.319379143286332,8.318606964742402,10.458999633789062,2.80649995803833
1298079,r,37.65679559804276,33.55309222368835,33.55576143259189,32.19900131225586,4.640446186065674
1298079,i,37.658381186939025,51.256747689566296,51.25676126472021,58.64500045776367,7.278372764587402
1298079,z,37.66075957028053,47.15298632440735,47.152779461484805,54.604000091552734,10.881841659545898
1298079,g,43.20477114492275,7.512910219730429,7.51278575339063,11.35099983215332,3.56491756439209
1298079,r,43.20714952827002,27.819289602532425,27.819875599977866,27.760000228881836,5.2120561599731445
1298079,i,43.208735117160515,40.918848651972425,40.91801470304069,48.525001525878906,7.724641799926758
1574104,r,-13.40052864770344,54.494280843879885,54.49729915621473,34.86800003051758,11.562459945678711
1574104,i,-13.398958776674501,52.44892256348418,52.45453451070448,58.21799850463867,22.28322410583496
1574104,z,-13.395034099099298,44.07543801697205,44.08398116580252,23.990999221801758,26.394113540649414
1574104,g,-10.308667656838878,100.69300902103271,100.70413441149462,104.41000366210938,5.770139217376709
1574104,r,-10.306312850292613,116.51606886595334,116.52995867414909,125.37999725341797,6.692163944244385
1574104,i,-10.304742979263674,110.1876565984848,110.20177765325577,141.7899932861328,12.28203296661377
1574104,z,-10.303173108234736,89.60709370795341,89.61930393687449,91.04100036621094,16.19188690185547
1574104,r,-6.462483636720402,221.63718863642433,221.6905887081155,208.97000122070312,8.979656219482422
1574104,i,-6.460913765691463,204.82987364496242,204.87853162921246,195.69000244140625,17.606475830078125
1574104,z,-6.456989088116259,158.75781068400156,158.8162110280613,155.36000061035156,18.601688385009766
1574104,g,-0.9514513907517771,261.01970404297634,261.01397928096964,253.33999633789062,18.219554901123047
1574104,r,-0.9490965842055128,299.61761459730195,299.6146412896616,281.1199951171875,18.11400032043457
1574104,i,-0.9475267131765737,277.4279811781228,277.4284680885651,284.1300048828125,17.7957706451416
1574104,z,-0.9436020356070813,167.59645057608802,167.60633905823457,173.1999969482422,17.880949020385742
1574104,g,6.166343853007671,178.50700960178355,178.50497870531876,206.22000122070312,16.767824172973633
1574104,r,6.16791372403661,269.691085634875,269.69067543901355,264.29998779296875,13.437453269958496
1574104,i,6.170268530582875,251.7008783963786,251.70563597295538,247.35000610351562,15.425848007202148
1574104,z,6.174193208152366,140.427081045946,140.43040983997122,135.17999267578125,17.46647834777832
1574104,g,11.562775513886583,103.95465359659715,103.95821338014963,100.54000091552734,5.197329521179199
1574104,r,11.565130320432846,203.03329543964534,203.0289204433954,203.1699981689453,6.195290565490723
1574104,i,11.566700191461786,176.94801743407768,176.96845805598318,196.67999267578125,9.366488456726074
1574104,z,11.56905499800234,93.45760730924395,93.47058964136629,84.10900115966797,9.846442222595215
1574104,i,14.769237089840859,152.97609828403452,152.9830783531958,156.3800048828125,16.249845504760742
1574104,z,14.771591896387122,87.08608864384887,87.10097980976784,86.2750015258789,22.174209594726562
1574104,r,19.4411732710157,119.55367459951684,119.55703789652108,132.2100067138672,10.337464332580566
1574104,i,19.44274314204464,138.979776426007,138.9735413049193,128.10000610351562,16.951358795166016
1574104,z,19.445097948585193,92.0657886256524,92.0643987358796,101.77999877929688,18.851104736328125
1574104,r,30.409077212463117,59.90493531940476,59.9051750839236,54.132999420166016,7.262474060058594
1574104,i,30.410647083492055,95.07993884052378,95.09699185806895,91.24800109863281,10.50969409942627
1574104,z,30.41457176106155,82.8427843706645,82.86686251231471,75.81300354003906,12.525833129882812
1574104,g,36.6846366493709,12.59814767062511,12.595664546742682,19.75200080871582,8.488357543945312
1574104,i,36.687776391428784,67.3299192852239,67.33194615081322,46.801998138427734,22.74347496032715
1574104,z,36.690131197969336,56.75530566592994,56.75429323628587,62.483001708984375,32.1692008972168
1574104,i,39.83222806174853,58.25219171931024,58.254422682097086,46.26300048828125,17.816186904907227
1574104,z,39.83693767483535,47.08770887038094,47.08963605491375,18.985000610351562,19.238065719604492
1334597,i,-14.573312677152671,43.19781016957266,43.196220365441285,4.749000072479248,11.731301307678223
1334597,i,-14.573312677152671,43.19781016957266,43.196220365441285,4.749000072479248,11.731301307678223
1334597,i,-14.573312677152671,43.19781016957266,43.196220365441285,4.749000072479248,11.731301307678223
1334597,i,-14.573312677152671,43.19781016957266,43.196220365441285,4.749000072479248,11.731301307678223
1334597,r,-12.944630496072694,75.91245087875582,75.92159510972027,79.572998046875,2.6713032722473145
1334597,z,-11.44540568017222,84.78133827171301,84.79444380882478,94.96199798583984,4.548463344573975
1334597,g,-9.93300256961299,125.39293379413812,125.40459203041536,143.55999755859375,2.86606764793396
1334597,r,-9.872537452947391,147.46875133908938,147.4756710418666,160.4600067138672,2.562270402908325
1334597,i,-3.746956017972431,271.1726781236531,271.21205827411535,266.760009765625,4.367242336273193
1334597,z,-3.726800979083898,188.02882870826775,188.1224511558037,183.6699981689453,4.8796563148498535
1334597,g,-3.646180823518485,270.16484414864806,270.2803365363152,271.9700012207031,2.7907581329345703
1334597,r,-3.639979273095149,296.85810082183144,296.9495251738402,289.8900146484375,2.274423837661743
1334597,i,0.9724238575197787,303.56107670233456,303.56166482865115,300.4800109863281,3.278829574584961
1334597,z,0.9941292840155559,176.61832919885674,176.62200890367833,177.3000030517578,3.320390224456787
1334597,g,1.6724238620466652,248.43036665090327,248.39468258729735,248.7899932861328,5.526647567749023
1334597,r,8.75149367527934,251.29571135518762,251.2840903456933,252.0,4.1574201583862305
1334597,i,8.763896776137292,233.35812111022224,233.33737479094262,225.49000549316406,3.146317481994629
1334597,g,9.479400656730979,140.04345347990758,140.05442417682227,140.92999267578125,1.8838154077529907
1334597,r,16.422036360560014,156.0438429564738,156.04645711419766,155.75999450683594,1.5929690599441528
1334597,i,16.434439461412328,155.79338946563794,155.78937189450565,161.36000061035156,1.8597023487091064
1334597,g,17.198780551631383,56.487161490690035,56.48572550269602,51.487998962402344,2.0010831356048584
1334597,z,17.20575729586116,93.31822933297113,93.32357375540828,100.36000061035156,3.4593944549560547
1334597,r,21.843741821987155,109.21993809786377,109.22299323699504,107.93000030517578,2.8926401138305664
1334597,i,21.856920116645913,144.34034047161362,144.34254859498597,147.25999450683594,2.7782278060913086
1334597,g,22.622811594466572,30.712288310204368,30.713829351810997,28.284000396728516,2.8434746265411377
1334597,z,22.62978833869635,101.20347179453127,101.20900524030223,106.05999755859375,3.3119289875030518
1334597,r,24.973974400375653,89.06693505817034,89.06939551208538,68.43900299072266,17.57390594482422
1334597,i,31.906532584754782,103.77395530328752,103.77813285003985,102.80000305175781,2.7295267581939697
1334597,g,32.69412948907122,14.889971549774828,14.89673484952092,17.47800064086914,2.1753711700439453
1334597,z,33.46157135450476,81.47915913327317,81.4803053853577,89.01100158691406,3.348191022872925
1334597,r,33.4964550756593,52.16765650401046,52.17010751173421,50.81800079345703,1.6093238592147827
1334597,i,35.042966713572255,87.21382310596722,87.21909129931531,91.79399871826172,4.102218151092529
1334597,g,38.90730782384137,11.805441880466109,11.805915598652318,10.246000289916992,2.5035054683685303
1334597,r,38.914284568071146,40.695816028948656,40.696976308217614,39.59400177001953,2.22208833694458
1334597,z,39.662346588411324,54.56275145571009,54.567549303418076,53.020999908447266,4.714059829711914
1334597,i,40.45924581837122,66.7837884684139,66.78715576629138,69.44999694824219,3.116870403289795
1334597,g,43.593354365780655,10.765486846514133,10.766771572966183,13.097000122070312,3.488985300064087
1334597,r,44.31273421539527,34.15821816092828,34.159035759249925,33.444000244140625,2.1239585876464844
1901115,g,-12.992461989657023,17.31082360700188,17.31196644384088,47.79800033569336,15.185181617736816
1901115,r,-12.990923279551414,29.876429932063708,29.877713855501423,38.731998443603516,12.438946723937988
1901115,i,-12.989384569445805,34.74282973070361,34.74470188550996,30.288000106811523,11.058334350585938
1901115,z,-12.984768439134575,33.54043966269304,33.54243228143642,33.72100067138672,11.053620338439941
1901115,g,-7.619286301965878,64.15420254349375,64.09346549826151,64.12699890136719,4.045882701873779
1901115,r,-7.616978236804665,96.98967724188951,96.92526480645775,89.41799926757812,5.616785049438477
1901115,i,-7.615439526699055,109.14157813633672,109.07610876362675,106.75,8.626522064208984
1901115,z,-7.611592751437831,98.57374431827945,98.48509337342847,113.43000030517578,11.786227226257324
1901115,g,-2.230723513218638,101.7516174463739,101.72644136359348,104.68000030517578,4.273326873779297
1901115,r,-2.2291848031130286,155.73149331306075,155.7039554588579,157.0800018310547,5.2973151206970215
1901115,i,-2.227646093007419,174.61321638569723,174.58576970669404,179.25,7.417740821838379
1901115,z,-2.225338027851804,128.90932255127078,128.85657050934918,142.07000732421875,8.927511215209961
1901115,g,1.668367893600904,93.44378658145098,93.42716019520616,100.83000183105469,3.737520694732666
1901115,r,1.6699066037065136,160.4740248484827,160.45684932217836,153.82000732421875,4.768263339996338
1901115,i,1.671445313812123,186.2385684480043,186.23015737164113,176.3000030517578,7.320373058319092
1901115,z,1.6729840239177325,125.45037846504664,125.4658118033398,127.83000183105469,9.260948181152344
1901115,g,6.237567551276229,66.14394912561286,66.14004957637952,61.981998443603516,6.1497416496276855
1901115,r,6.239106261381839,140.1308499688042,140.12569419337262,137.52000427246094,6.802903175354004
1901115,i,6.241414326543053,162.5379425410748,162.54093488515926,158.1699981689453,9.714188575744629
1901115,z,6.242953036648662,107.1764978944074,107.18637075623062,95.13899993896484,12.47700309753418
1901115,g,13.910345491338928,27.272259190375404,27.274524730555882,47.30400085449219,16.0391902923584
1901115,r,13.911884201444538,88.05511073431761,88.05707836547519,96.01699829101562,12.363044738769531
1901115,i,13.913422911550148,104.03611957223033,104.0408330746773,104.43000030517578,13.401091575622559
1901115,z,13.918039041861379,68.71882313687044,68.72445933276225,69.90399932861328,11.469521522521973
1901115,g,17.810206253208477,16.545073998202515,16.545870338393335,9.39799976348877,4.018545150756836
1901115,r,17.811744963314087,65.36835705047068,65.36923211983913,57.630001068115234,5.751596927642822
1901115,i,17.813283673419697,93.30558837375153,93.30933134990384,101.11000061035156,9.523015975952148
1901115,z,17.81559173858091,70.88493269322316,70.88291207875575,77.2239990234375,11.448009490966797
1901115,g,21.59851053244653,10.913962922431388,10.916514579591173,12.854000091552734,8.827677726745605
1901115,r,21.600049242552135,48.78218311828917,48.78391039364617,38.571998596191406,10.438292503356934
1901115,i,21.601587952657745,86.44053363133413,86.44898791822138,87.88099670410156,12.042696952819824
1901115,z,21.605434727924568,73.93348140748743,73.95486091504618,81.40599822998047,11.30937671661377
1901115,g,26.995536226771822,7.177394313203074,7.1773823723386885,7.4039998054504395,2.905380964279175
1901115,r,26.997844291933035,32.58621480022745,32.58612304063864,33.91400146484375,3.8993492126464844
1901115,i,26.999383002038645,69.97212611653428,69.974017262639,67.64800262451172,5.238846302032471
1901115,z,27.000921712144255,67.28592897545727,67.28598570242798,77.44499969482422,6.64245080947876
1901115,g,30.078341922736264,6.042778918108563,6.043050312865235,24.65999984741211,6.790521621704102
1901115,r,30.079880632841874,26.414898249198124,26.415584550586377,27.85300064086914,6.529880523681641
1901115,i,30.08218869799749,59.31236067799067,59.31524629213015,68.12000274658203,7.208756923675537
1901115,z,30.083727408103098,58.31708123722166,58.317391163407805,56.816001892089844,8.198491096496582
1901115,g,37.03100353351367,4.528714230584928,4.528776984359484,11.057000160217285,14.410995483398438
1901115,r,37.033311598674885,19.008296418807564,19.008247480188338,36.790000915527344,9.323545455932617
1901115,i,37.03485030878049,40.921106311270265,40.923063676793426,36.65800094604492,9.476706504821777
1901115,z,37.036389018886105,37.36574167368569,37.36619573561901,52.03099822998047,8.66100025177002
1901115,g,42.38263727973188,4.105468888602517,4.1047405689372125,9.843000411987305,3.399634838104248
1901115,r,42.3849453448931,16.051647275430582,16.051434152068612,14.178999900817871,4.622122287750244
1901115,i,42.386484054998704,33.29711547191614,33.2968211077278,41.87099838256836,6.5699310302734375
1901115,z,42.39033083025993,28.075454738893587,28.07446769651086,20.534000396728516,9.605141639709473
1263369,g,-12.794538771042147,43.31785876198927,43.32081221386432,35.18000030517578,6.092011451721191
1263369,r,-12.793016040494464,55.416284719895536,55.41563524475324,41.470001220703125,6.884963512420654
1263369,i,-12.791493309946782,51.5845700725101,51.58427610723041,38.994998931884766,8.963723182678223
1263369,z,-12.789209214122488,46.05005763224854,46.04862959292016,55.779998779296875,10.825913429260254
1263369,g,-9.73765719719281,90.21130103479871,90.22305023950983,109.62000274658203,6.507892608642578
1263369,r,-9.736134466645128,107.9995621775553,108.00336927795615,120.7300033569336,7.905612945556641
1263369,i,-9.734611736097445,99.64217085017414,99.64539967984864,99.29100036621094,10.234171867370605
1263369,z,-9.733089005549763,85.25308847685989,85.25195206164273,91.6719970703125,17.247114181518555
1263369,g,-4.4735776949236845,190.71158307264523,190.6694340409008,183.83999633789062,3.6183841228485107
1263369,r,-4.472054964376002,211.97871651653458,211.94823031830518,218.16000366210938,4.6404194831848145
1263369,i,-4.47053223382832,194.29510507876265,194.27163951305934,176.63999938964844,7.005683422088623
1263369,z,-4.468248138009566,147.02089792660104,146.97666595644336,167.52999877929688,9.419631958007812
1263369,g,2.36576655859888,167.14823990236007,167.21044488373997,169.13999938964844,15.351868629455566
1263369,r,2.3672892891465627,228.48620353093386,228.51396549785088,248.41000366210938,11.233768463134766
1263369,i,2.368812019694245,224.7556225853368,224.78272912338775,226.0800018310547,11.021942138671875
1263369,z,2.371096115512999,142.2962803317974,142.30414015311203,145.50999450683594,10.752267837524414
1263369,g,7.70598258822997,110.32081407125548,110.31991750300776,111.41000366210938,7.371063232421875
1263369,r,7.7075053187776525,189.8360959059352,189.82967322278407,189.52999877929688,8.087871551513672
1263369,i,7.709028049325335,186.64759907171046,186.63131780801405,170.17999267578125,7.733118534088135
1263369,z,7.710550779873017,115.72949919007111,115.7125446928698,133.5800018310547,8.749807357788086
1263369,g,13.021073563832608,60.77066864334664,60.77270802548682,52.13800048828125,7.733875751495361
1263369,r,13.023357659656902,137.53808202169898,137.5375231028367,129.25999450683594,8.086767196655273
1263369,i,13.024880390204585,135.0052932508076,135.00906160603486,124.62999725341797,9.815242767333984
1263369,z,13.027164486023338,81.2604151980839,81.26544598788932,93.16200256347656,13.046974182128906
1263369,g,18.37042597675533,31.83714391174508,31.834632225645052,37.45100021362305,3.777588367462158
1263369,r,18.372710072574087,92.44603515511213,92.43868227067958,97.94999694824219,5.014877796173096
1263369,i,18.37423280312177,113.76907146707556,113.75659645835096,112.08000183105469,6.845170021057129
1263369,z,18.37575553366945,79.55805030870964,79.56989687505096,82.55799865722656,9.273509979248047
1263369,g,23.678664664890633,18.0311440848678,18.030915408068243,1.2949999570846558,12.890154838562012
1263369,r,23.680187395438313,61.2311986499713,61.236637116590735,62.39899826049805,9.68291187286377
1263369,i,23.681710125985997,101.19927947783275,101.19628797268213,97.13700103759766,9.243768692016602
1263369,z,23.683232856533678,83.22401680660519,83.20824023424757,88.60900115966797,10.588610649108887
1339217,i,-13.410790089592643,19.824092396700554,19.826041697237372,20.45400047302246,6.798786163330078
1339217,z,-8.901052396597708,57.814888142824,57.81886311854128,60.777000427246094,4.512745380401611
1339217,r,-8.280391209695287,51.570621336684844,51.5772484465953,51.257999420166016,1.4694595336914062
1339217,g,-8.238363366322607,26.883094348265168,26.88690358940908,27.211999893188477,2.9402003288269043
1339217,i,-8.230858394296257,62.53936685375402,62.54544999733299,61.92399978637695,2.8144114017486572
1339217,z,-5.921578500574988,86.36144001124501,86.34870348636436,74.95600128173828,17.213912963867188
1339217,z,-1.4838885390690528,93.95515229756649,93.9614699473568,96.31600189208984,2.5094404220581055
1339217,g,-1.4381082096831985,45.625185867088,45.623335059332966,46.66600036621094,1.4619630575180054
1339217,r,-1.431353734857299,91.87059956752829,91.86714214666421,94.80599975585938,1.1898235082626343
1339217,i,-1.4193457796118627,112.13811218427801,112.14214936378055,108.45999908447266,1.655822992324829
1339217,g,3.7635879045027076,35.9446327912362,35.93833210986548,33.590999603271484,1.886447787284851
1339217,r,3.770342379328607,87.93103747898645,87.92346319341128,88.28099822998047,2.117830991744995
1339217,i,3.783100831779955,112.76946301452347,112.76501242037394,114.26000213623047,3.415642499923706
1339217,z,3.8018632618567514,92.28033561434408,92.28387346822174,92.83100128173828,4.772891998291016
1339217,g,6.799349090750356,28.07377743265721,28.076112554594562,45.145999908447266,9.78891372680664
1339217,r,8.205780849227729,72.33710256034499,72.3378934020671,71.26300048828125,5.528293132781982
1339217,z,8.27782858071673,72.1715423484019,72.18813001198829,69.79199981689453,4.666709899902344
1339217,g,13.5463189459721,13.114345892834093,13.11519858124124,16.547000885009766,4.773756980895996
1339217,r,13.55307342080346,49.722457991947785,49.72187935211213,48.04800033569336,2.751124382019043
1339217,i,15.006786503067588,65.06965971494016,65.07144289498105,65.69100189208984,2.2083053588867188
1339217,z,15.023297441532112,53.54345802870208,53.54636547967348,51.224998474121094,3.6951422691345215
1339217,g,16.53179681962027,9.016794752545135,9.017564861020409,10.777000427246094,2.903583526611328
1339217,r,16.549058255290703,38.52382652657994,38.525033037387615,35.52299880981445,2.2946598529815674
1339217,i,18.056056638972496,58.98975015362367,58.99143665507844,57.16600036621094,8.095495223999023
1339217,z,20.250510460626174,54.507477658569364,54.50237245082565,54.551998138427734,5.9479756355285645
1339217,g,20.307548248057014,5.847505136958723,5.847331534570856,5.14300012588501,3.097517251968384
1339217,r,21.049039484647015,26.116122189002255,26.116784730585977,28.030000686645508,3.773714780807495
1339217,i,22.499000080897968,51.200282733592516,51.20098347454274,51.354000091552734,3.344144821166992
1339217,g,24.06378674921105,4.048162054780327,4.048510701750454,2.872999906539917,3.021571159362793
1339217,z,25.489731434965673,51.48084975150731,51.484241988184905,55.57899856567383,2.8810782432556152
1339217,r,26.265745542896543,17.221818297486617,17.222706163249907,16.729000091552734,1.6476589441299438
1339217,i,27.71795763075431,40.35959163464771,40.36112491437893,44.7760009765625,3.1621503829956055
1339217,g,29.218952036810652,3.0009527552067876,3.001734257005658,1.062000036239624,6.871768951416016
1339217,z,29.27223733822832,44.94435274173192,44.951636197283676,45.08399963378906,5.245402812957764
1339217,r,30.755219811408317,12.650031062054932,12.6509777597874,20.312000274658203,5.759952545166016
1339217,i,43.50991977687408,19.613453257712674,19.613998935554797,17.290000915527344,4.397111892700195
1339217,g,43.52718121254451,1.8871207835828958,1.8871772527887747,-0.9739999771118164,2.937487840652466
1339217,z,44.246157533044546,19.23928587964166,19.240410727021683,22.344999313354492,5.622350215911865
1339217,r,44.283682393198134,7.758173176765514,7.758327697626454,2.805000066757202,3.056804895401001
1909375,g,-14.312066205087666,33.67611328230385,33.68822980016511,21.30500030517578,1.93114173412323
1909375,r,-12.637988265618695,71.36933741694926,71.36690233238538,55.275001525878906,2.174441337585449
1909375,i,-12.623788497381941,62.222631088569834,62.219171704006875,55.23500061035156,3.5831785202026367
1909375,z,-10.533433141713758,85.2028870998084,85.2036242652915,85.91600036621094,4.190778732299805
1909375,g,-10.492328549449756,95.05425241505233,95.06820558809886,107.91000366210938,1.8377357721328735
1909375,r,-8.212144713144578,164.95897867376286,164.96752891456504,162.05999755859375,1.997070074081421
1909375,i,-8.18822931400985,143.13750675449288,143.1464246622691,145.97000122070312,3.2708144187927246
1909375,g,-6.695758936720725,185.00941367852914,184.86471767658355,198.55999755859375,2.7762978076934814
1909375,z,-6.672590893806409,141.66894272882126,141.59636600949477,148.0399932861328,3.9777703285217285
1909375,r,-0.8230337365602647,261.68632507154445,261.6724008086174,274.8299865722656,7.612515926361084
1909375,i,-0.8073392558772503,236.84890182048355,236.83827093048575,239.7899932861328,5.4919047355651855
1909375,z,-0.7684767322853576,161.01666563692336,160.99210263738544,173.92999267578125,4.331170558929443
1909375,g,-0.10706647494839455,212.03193580233687,212.03626881238998,224.27000427246094,2.2620017528533936
1909375,r,3.0123983997606594,253.75743853928557,253.75272485834984,243.42999267578125,2.3229079246520996
1909375,i,3.037808511341647,238.48373656452065,238.48439368932364,235.75,3.086099147796631
1909375,z,4.383797068924451,156.394800206159,156.39407497320894,159.88999938964844,4.555474758148193
1909375,g,4.494405789925963,161.22050050438358,161.23012941842893,162.69000244140625,2.4803242683410645
1909375,r,5.987623523435501,230.08204180624205,230.0793656890439,220.6300048828125,2.079843282699585
1909375,i,6.013033635016488,220.64885800682262,220.65184004276796,217.3000030517578,2.7752366065979004
1909375,g,10.429161556592632,93.48171757072268,93.4918979887763,95.5270004272461,1.7105684280395508
1909375,z,10.45457166817362,110.70555173463141,110.72829115940498,117.75,3.4387948513031006
1909375,r,11.199685822484847,175.10703763981434,175.11184548578817,170.1699981689453,1.4531311988830566
1909375,i,11.204917316044039,169.04907917301043,169.05422599686156,171.3699951171875,2.1429991722106934
1909375,g,14.196584276627744,60.68951420258744,60.69074670295108,58.321998596191406,1.686935544013977
1909375,z,17.881797812129413,89.9006762720728,89.90560350705462,92.1520004272461,5.431714057922363
1909375,r,17.89151344302739,104.94209194368914,104.94759001883244,102.33999633789062,6.022743225097656
1909375,i,17.90272378637162,127.66340829364464,127.66943142140872,125.9000015258789,5.278656005859375
1909375,g,21.588684678099142,26.113159022318634,26.11428539659738,26.917999267578125,4.321435928344727
1909375,r,23.0998389609638,68.5495221500005,68.55288343949199,69.35800170898438,1.2902123928070068
1909375,i,23.118522866539337,111.11298807685421,111.1152900746739,117.97000122070312,1.944767951965332
1909375,g,24.649855767420355,18.840670324634754,18.83984496345678,18.040000915527344,2.852823257446289
1909375,r,27.554829406131837,49.166504986160845,49.16404129863007,52.766998291015625,4.05983304977417
1909375,i,29.037584152522992,89.05088930610351,89.0517412279054,92.13899993896484,2.847320556640625
1909375,z,29.052531276980158,87.39180588537396,87.3939264745047,95.45899963378906,4.071364879608154
1909375,g,29.802129568630164,13.68522439020164,13.682390175667681,16.71299934387207,2.242870569229126
1909375,r,32.78632296697713,35.15889626812003,35.15852468932483,35.09000015258789,1.6856848001480103
1909375,i,33.52695298394958,70.63539665294599,70.63852730807227,68.88300323486328,3.7739012241363525
1909375,z,33.54638424574552,69.92193713161186,69.92014699412456,79.9520034790039,4.729754447937012
1909375,g,34.28850897516423,10.83046202972679,10.82773740916266,7.974999904632568,1.75558340549469
1909375,r,35.77500050266831,30.03029883058347,30.032084860027158,30.59000015258789,3.2767715454101562
1909375,i,36.52086201319995,60.512943948468646,60.51467007645788,56.20800018310547,5.751707553863525
1909375,g,37.28241800441461,9.63154728103369,9.633570320951875,19.639999389648438,10.56050968170166
1909375,z,38.79207757482757,49.91659135411545,49.92024158102808,51.00299835205078,4.227893829345703
1909375,r,44.765695865091566,22.752684072047103,22.753160783524123,22.868999481201172,1.647582769393921
1909375,i,44.78363241444126,43.23957730034009,43.24106456084626,45.279998779296875,2.961453676223755
1328016,i,-13.800324362456006,13.903348535302747,13.906023130711972,11.322999954223633,22.125513076782227
1328016,z,-13.798104885805875,16.052195434979517,16.054687585905434,-0.33799999952316284,22.467994689941406
1328016,z,-13.06123863721943,20.706264328356582,20.71250269511336,-23.90999984741211,31.080751419067383
1328016,z,-11.583807012289142,32.30463411029764,32.31237914932286,-43.17499923706055,30.61731719970703
1328016,g,-10.837323031543157,20.087661027214256,20.095738368344787,23.535999298095703,33.5037727355957
1328016,r,-10.835843380441275,35.26931474652838,35.27661108034562,3.3529999256134033,24.292497634887695
1328016,i,-10.834363729339394,35.94296845464572,35.95001493136687,40.638999938964844,19.03696632385254
1328016,z,-10.832144252683879,39.45343224188487,39.46036534112976,49.494998931884766,17.083866119384766
1328016,r,-6.423523795528512,100.09850345698922,100.18471029355345,105.83999633789062,13.860575675964355
1328016,i,-6.4213043188729975,95.84763635068948,95.92738289319759,80.2249984741211,21.95939826965332
1328016,z,-6.419824667771116,99.77829595593369,99.88861042544623,109.62999725341797,30.97605323791504
1328016,g,-3.463481766814043,95.2168218535947,95.16541767875087,95.06099700927734,7.470240592956543
1328016,r,-3.461262290163912,139.44771098198962,139.40910047152784,170.3800048828125,19.800243377685547
1328016,i,-3.45978263906203,131.50003794848783,131.46463585471952,114.83000183105469,36.03058624267578
1328016,z,-3.458302987960148,125.62248951689168,125.56113617848344,130.13999938964844,45.46870422363281
1328016,g,-0.49086270374165336,91.30765096345651,91.30545263571763,94.53099822998047,8.120745658874512
1328016,r,-0.4893830526397715,152.58578361875448,152.57937989500087,161.6699981689453,15.818841934204102
1328016,i,-0.48790340153788964,145.3632268489276,145.36148111152417,120.27999877929688,24.06155014038086
1328016,z,-0.48568392488237533,126.41940263192352,126.43282046009354,95.25199890136719,33.511844635009766
1328016,g,3.915538276763583,67.26296377342005,67.26044962795741,71.697998046875,5.267420291900635
1328016,r,3.917757753419097,141.15447565639323,141.14843591655753,126.83000183105469,9.243988037109375
1328016,i,3.919237404520979,143.97654576314133,143.9713614056179,136.1699981689453,15.163421630859375
1328016,z,3.9214568811711104,123.51954657165207,123.5141040734952,121.4000015258789,19.25322151184082
1328016,g,6.980635533690132,48.2717009716394,48.27086316842595,41.555999755859375,8.038458824157715
1328016,r,6.982855010340263,118.0690780809222,118.06952020406548,130.58999633789062,14.749835968017578
1328016,i,6.984334661442145,128.4034238083028,128.40348364856504,128.02999877929688,24.08066177368164
1328016,z,6.9865541380976595,99.60013009594235,99.6056237621576,72.05400085449219,22.17546272277832
1328016,r,14.267177383424364,59.63449648771785,59.63660855032838,57.58599853515625,8.396621704101562
1328016,i,14.268657034526246,85.4513638970194,85.45147115202283,97.09600067138672,12.407103538513184
1328016,z,14.270876511176377,71.99297069692001,71.98901060352497,83.14800262451172,16.21242904663086
1328016,g,17.238316795394873,12.320499668468223,12.320922551796716,3.259999990463257,4.1732378005981445
1328016,r,17.240536272050388,42.99275389974029,42.99486525123873,23.524999618530273,8.475007057189941
1328016,i,17.24201592315227,75.31420899410271,75.31693154236858,77.15899658203125,12.418864250183105
1328016,z,17.24349557425415,72.03589222006582,72.04386021246695,101.36000061035156,17.966079711914062
1328016,g,21.082450357303426,8.28769115344894,8.288467282418637,5.058000087738037,4.992762565612793
1328016,r,21.083930008405307,28.879677060882287,28.881566312051635,28.895000457763672,7.2289605140686035
1328016,i,21.08540965950719,62.239491659253176,62.240500085805785,58.12900161743164,9.098052978515625
1328016,z,21.08614948505544,69.49678013603302,69.49610549307839,66.48500061035156,17.070009231567383
1328016,g,25.402291748367414,6.373493271224443,6.3730804513880175,13.543000221252441,3.7662556171417236
1328016,r,25.404511225017544,19.917373180706225,19.916882716115108,30.452999114990234,5.916692733764648
1328016,i,25.405990876119425,47.52914095581155,47.53215812760628,43.470001220703125,8.87901782989502
1328016,z,25.407470527221307,57.636902557108485,57.649296655258105,56.125999450683594,12.069252967834473
1328016,g,26.850870176813693,6.110885709568163,6.111915377822646,4.410999774932861,3.7773754596710205
1328016,r,26.853089653463826,17.79230578723642,17.793055158328784,36.31700134277344,6.285641670227051
1328016,i,26.854569304565707,42.909028125291655,42.91023298148414,58.29499816894531,44.367156982421875
1328016,z,26.85604895566759,52.15078301719466,52.154364700606365,80.69400024414062,14.606583595275879
1328016,g,30.590688336058417,5.326458605944669,5.3231381432755835,-9.204999923706055,10.00442886352539
1328016,r,30.59290781270855,14.011177077500648,14.01146026383987,10.642000198364258,13.537577629089355
1328016,i,30.59438746381043,32.85674822743897,32.855606681444286,30.409000396728516,12.126326560974121
1328016,z,30.595867114912313,36.82548833754847,36.80115735983466,46.972999572753906,13.357932090759277
1328016,g,37.28167061740631,4.512874088124506,4.514146600965019,7.085000038146973,3.5205092430114746
1328016,r,37.283150268508194,11.46950403726695,11.469971754457925,10.267999649047852,5.293669700622559
1328016,i,37.28536974515833,24.12514520020185,24.12494948271667,17.2450008392334,7.600086688995361
1328016,z,37.28684939626021,23.700037050839214,23.702189870189034,43.13100051879883,8.715911865234375
1328016,g,44.620000255690265,4.4902792628578965,4.491378100334989,3.4210000038146973,3.9564032554626465
1328016,r,44.621479906792146,9.611039116829561,9.610875730129724,6.386000156402588,5.859931468963623
1328016,i,44.62295955789403,20.59540205771057,20.596616340696205,20.14699935913086,8.95398998260498
1328016,z,44.62517903454955,17.27090278801534,17.271878638200345,36.31999969482422,11.782878875732422
1431163,g,-11.862069950145488,29.256073458762465,29.26308501112294,61.409000396728516,15.994720458984375
1431163,r,-11.860608090090107,48.14787721526015,48.153151261497925,31.510000228881836,13.181009292602539
1431163,i,-11.859146230034728,44.786650308139826,44.79163204253941,45.933998107910156,13.4138822555542
1431163,z,-11.855491579898938,44.96377278834957,44.96840109018659,39.12200164794922,14.16152286529541
1431163,z,-10.419945005808913,60.457823683402076,60.465373630276446,77.93000030517578,20.00473976135254
1431163,i,-9.694862418489661,70.50523830506945,70.50992158365779,112.72000122070312,30.64667510986328
1431163,g,-4.516954103388988,113.16402355713454,113.1492700678685,99.58599853515625,10.15158748626709
1431163,r,-4.514761313308578,156.41396096918092,156.39724889942568,156.52000427246094,8.181436538696289
1431163,i,-4.5132994532531985,141.73924253638432,141.72713005517005,140.1199951171875,8.045914649963379
1431163,z,-4.509644803112091,126.79908670656215,126.79057074116086,126.69000244140625,8.241341590881348
1431163,g,-1.5376833111321362,110.60222025347328,110.60873528832603,119.3499984741211,5.595742225646973
1431163,r,-1.5354905210517262,172.5393288357204,172.53645258532535,174.36000061035156,6.038266658782959
1431163,i,-1.534028660996347,159.089248974053,159.08657675020683,156.17999267578125,7.189888954162598
1431163,z,-1.5303740108552393,130.64056187670076,130.64981956092143,136.42999267578125,7.9420342445373535
1431163,g,2.7938080320740735,90.44191908282362,90.4280313771646,86.41400146484375,4.672578811645508
1431163,r,2.7952698921294528,168.5221965003929,168.51446016694743,168.00999450683594,6.648787498474121
1431163,i,2.796731752184832,164.18812931198212,164.1794302910537,154.2899932861328,8.204080581665039
1431163,z,2.798924542265242,132.98268410004877,132.98570143845456,130.67999267578125,10.634580612182617
1431163,g,7.77509616976611,58.522918959078446,58.52474909401293,60.57500076293945,12.858963012695312
1431163,r,7.77655802982149,132.47158841310642,132.4714131707496,145.44000244140625,12.856707572937012
1431163,i,7.778019889871551,142.69296275421266,142.68852710044413,124.2300033569336,10.58742904663086
1431163,z,7.781674540012658,106.54743948539976,106.54301031593906,112.26000213623047,11.942981719970703
1431163,g,15.855527624229516,22.8182105939088,22.82048473725591,48.729000091552734,18.53288459777832
1431163,i,15.859182274365304,93.24213928788477,93.2471424015031,127.80000305175781,18.15643310546875
1431163,z,15.861375064445715,72.66787410504557,72.67402967311669,98.61699676513672,16.405717849731445
1431163,g,18.000807255059968,17.64538980194963,17.6463946349066,18.023000717163086,7.343541622161865
1431163,r,18.002269115115347,55.22212788837382,55.22151058647785,64.33699798583984,9.45325756072998
1431163,i,18.004461905195758,85.50848670359434,85.51062332877848,80.45099639892578,15.076431274414062
1431163,z,18.005923765251136,71.45808991708779,71.46130909121396,70.76899719238281,18.247987747192383
1431163,g,20.95595735640572,12.813453452915532,12.814752100009946,10.484000205993652,4.270970344543457
1431163,r,20.957419216461098,42.47403461893176,42.47445868288618,44.874000549316406,5.903236389160156
1431163,i,20.95888107651648,76.29775694555087,76.29937560070275,81.5790023803711,9.066142082214355
1431163,z,20.963266656682617,70.55885804121114,70.56087468704094,80.97599792480469,13.058361053466797
1431163,z,25.45263888583789,64.41789485059304,64.42140386984957,71.63200378417969,34.77587127685547
1431163,g,26.026418957454624,8.03748002085278,8.038350209271805,-4.941999912261963,7.570584297180176
1431163,r,26.028611747540353,28.550826350073276,28.550435403658195,26.201000213623047,8.794264793395996
1431163,i,26.03007360759573,60.954636132306376,60.956309255859516,47.03099822998047,12.152179718017578
1431163,z,26.03153546765111,63.27842809671218,63.280458929034026,69.50399780273438,15.23536491394043
1431163,g,31.142198220214972,6.14004508378819,6.141211216312825,1.3220000267028809,14.343306541442871
1431163,r,31.14366008027035,20.208918874123047,20.208701937268913,9.057999610900879,10.263437271118164
1431163,i,31.14512194032573,47.03496766624916,47.037475731920054,32.10200119018555,10.075504302978516
1431163,z,31.14731473040614,50.33789950848699,50.34088395593617,39.54499816894531,11.847692489624023
1431163,g,36.30914258490296,5.165243122587648,5.16675497696343,24.39299964904785,23.833044052124023
1431163,r,36.31060444495302,15.805348133383992,15.80494831756353,35.74300003051758,15.828522682189941
1431163,i,36.3120663050084,36.32817164594185,36.33021182299049,69.53399658203125,13.282279968261719
1431163,z,36.31279723503875,36.336884433190136,36.33851804045229,38.46200180053711,19.164234161376953
1431163,g,40.02080526475064,4.703211734141416,4.70357623415792,11.437999725341797,6.6816911697387695
1431163,r,40.02226712480602,13.909918703783465,13.90974925503163,19.56399917602539,8.509201049804688
1431163,i,40.0237289848614,31.161106385801045,31.16211358466225,37.957000732421875,13.910111427307129
1431163,z,40.02738363500251,29.634242751834286,29.635529511513813,16.246000289916992,17.51498794555664
1431163,g,42.901400503288,4.593225243312971,4.593503777373858,-4.565000057220459,4.801093101501465
1431163,r,42.90359329337373,12.90554195601191,12.905524079750325,19.145000457763672,4.914170265197754
1431163,i,42.90505515342911,28.354109320591714,28.35523124913352,24.569000244140625,8.15699291229248
1431163,z,42.90651701348449,25.917603177861576,25.918963923634042,26.45599937438965,10.7897310256958
1948209,r,-10.698396173961166,70.8902909405178,70.893921576731,70.23100280761719,3.641902208328247
1948209,i,-9.260673341948925,79.18600249900263,79.1913907070545,79.4990005493164,2.0380749702453613
1948209,z,-9.244006192181928,71.94598097841536,71.95150170369261,78.53500366210938,2.240077495574951
1948209,r,-5.625785375541149,154.0321047312222,153.95186228672378,154.25999450683594,1.5665361881256104
1948209,i,-4.907648618220665,138.54694704449793,138.53228002684864,135.41000366210938,2.8693349361419678
1948209,z,-4.888807492399396,116.15666709666189,116.14587534476125,126.62000274658203,3.5190494060516357
1948209,r,-2.727875292269854,180.02596471665018,180.0476351674391,171.94000244140625,2.9033920764923096
1948209,i,-2.0039412654695528,157.51232193613515,157.51107005055414,153.8300018310547,4.605133533477783
1948209,z,0.1975718210450719,124.28337402481701,124.27016802321768,127.9000015258789,3.0873024463653564
1948209,r,5.989768694156845,155.0807435334248,155.08085594550568,160.08999633789062,1.5759590864181519
1948209,i,6.006435843923842,153.12155731245775,153.12100471237017,148.24000549316406,2.521259069442749
1948209,r,11.02832053435987,111.08394649786612,111.08366050128974,113.87999725341797,1.8774876594543457
1948209,i,11.758776489333533,115.22217861907312,115.22177429351204,106.37999725341797,2.6140029430389404
1643313,r,-8.833334286156862,75.36730657476791,75.36690217758323,79.35600280761719,3.760199785232544
1643313,i,-8.831896399271995,73.35386355590256,73.35343795095541,69.6969985961914,4.662895679473877
1643313,z,-8.828301682062444,69.92415055135416,69.92314387228575,68.13099670410156,6.162938594818115
1643313,r,-3.8000112467076845,128.03067196822087,128.04662063308052,132.57000732421875,4.049891471862793
1643313,i,-3.798573359822817,125.37379319890111,125.38681876334834,120.2699966430664,5.9097161293029785
1643313,z,-3.7949786426080343,106.58546152714725,106.61301340269921,104.9000015258789,8.295799255371094
1643313,r,-0.9026691742917039,134.8245151410355,134.81933593836038,135.4199981689453,5.136815547943115
1643313,i,-0.9012312874068368,136.8266344512238,136.8221085593938,119.37999725341797,7.571749687194824
1643313,z,-0.8990744570769208,108.55198145241873,108.55173500948719,121.81999969482422,10.441951751708984
1643313,r,2.7215247182807123,129.79160944837062,129.7775797952881,123.69000244140625,5.470540523529053
1643313,i,2.7229626051655793,139.10198893190847,139.08741725724772,133.27999877929688,7.530464172363281
1643313,z,2.7251194354902646,109.58699710053489,109.57115573001579,122.30999755859375,10.72351360321045
1643313,r,6.223498225660355,111.49360142090823,111.49669526439234,128.44000244140625,14.738361358642578
1643313,i,6.224936112545222,128.17495885322228,128.17277595514372,127.1500015258789,13.782259941101074
1643313,z,6.2285308297547735,98.75853999426654,98.75180037953119,89.79100036621094,12.984466552734375
1643313,r,12.760850946377058,70.00565456510238,70.00062971460962,74.5469970703125,6.008208274841309
1643313,i,12.762288833261925,91.46154284585909,91.45992413224424,98.87899780273438,6.912362575531006
1643313,z,12.76444566358661,65.78015419415229,65.78968103740635,70.43399810791016,9.513886451721191
1643313,r,18.494424898615247,42.115197856753895,42.11606943376633,35.854000091552734,5.234152317047119
1643313,i,18.495862785500112,69.51637755443505,69.51763955618105,68.47699737548828,7.800589084625244
1643313,z,18.4980196158248,58.99169557131424,58.99257973170282,71.86499786376953,11.16579532623291
1643313,r,22.74409958597405,29.55159850049823,29.553241412773833,24.336999893188477,5.790360450744629
1643313,i,22.745537472858917,59.010874994152914,59.01077849418042,66.69999694824219,7.2509026527404785
1643313,z,22.749851133513516,57.507834727854636,57.507742947754316,55.3380012512207,9.435338973999023
1643313,r,27.817683458194274,20.300920207652215,20.300101431664952,24.893999099731445,9.698882102966309
1643313,i,27.81912134507914,47.86484962151309,47.86664179703203,37.909000396728516,8.17333698272705
1643313,z,27.822716062288695,52.15212870633291,52.15369270470051,58.433998107910156,10.508415222167969
1643313,r,34.293925986317205,13.720559642365743,13.721228819141983,15.682999610900879,7.4462385177612305
1643313,i,34.29536387320207,34.48744123657164,34.4870332542786,38.09700012207031,9.007303237915039
1643313,z,34.29752070352676,37.69010529135178,37.693839852223334,50.10200119018555,11.432856559753418
1329615,i,-13.42562246895834,23.71013411423893,23.71420156139995,38.00400161743164,15.278081893920898
1329615,r,-12.036041484553396,34.870717846654806,34.87356646878909,27.32200050354004,14.958527565002441
1329615,i,-12.034617733544493,34.34995094852206,34.35297649977256,36.4370002746582,12.626041412353516
1329615,z,-12.03319398253559,34.031233701548,34.03407854038929,51.974998474121094,14.6875638961792
1329615,i,-5.654077588440927,100.85872588748472,100.81674605582398,199.6300048828125,59.39427185058594
1329615,z,-5.652653837432023,89.67958699192644,89.63534278608579,81.92900085449219,61.40110397338867
1329615,r,-4.811216991340979,111.46469169156114,111.46540128424056,141.6699981689453,16.696643829345703
1329615,i,-4.809793240332076,108.74822590412327,108.752246317975,50.625,39.56706237792969
1329615,z,-4.808369489323172,94.71045878205017,94.71963450028726,56.279998779296875,67.56717681884766
1329615,r,-4.236021583863094,115.47787590896665,115.46534540439957,89.85199737548828,11.098193168640137
1329615,i,-4.234597832854191,113.07354671229658,113.06553474896656,92.1510009765625,16.756710052490234
1329615,z,-4.232462206343425,96.86260603566691,96.84485468346426,108.81999969482422,30.330678939819336
1329615,z,-1.3935026951647727,100.05357076903337,100.05728320933277,-4.919000148773193,68.67391204833984
1329615,r,-0.6396265361031652,124.8110328047009,124.79663389220238,127.33999633789062,11.63035774230957
1329615,i,-0.6382027850942618,128.09617572053702,128.0791618672308,130.30999755859375,7.479422092437744
1329615,z,-0.6360671585834963,100.93378500256601,100.9048154628088,115.54000091552734,11.209264755249023
1329615,r,4.406147038420114,111.07217952855311,111.08325394947586,115.41999816894531,6.0254693031311035
1329615,i,4.407570789429018,125.32212936818212,125.32990932008819,131.8800048828125,5.203779697418213
1329615,z,4.409706415939783,97.37900886414924,97.38280182867886,95.03900146484375,7.150478839874268
1329615,r,7.191004011270793,94.91580221993736,94.91631508035957,90.58999633789062,8.150906562805176
1329615,i,7.192427762279697,114.39317039616685,114.39787473507924,105.05999755859375,9.760457992553711
1329615,z,7.194563388790462,85.70440268284032,85.71088938567105,94.83399963378906,11.778209686279297
1329615,i,10.090472940309716,98.13775915357637,98.1414044407575,86.125,14.568427085876465
1329615,z,10.091896691318619,69.80868530926098,69.81486200168447,61.81800079345703,17.7827205657959
1329615,r,15.641678122895327,46.91886400428695,46.92204299405075,49.28799819946289,6.3537797927856445
1329615,i,15.64310187390423,70.68310580782423,70.68973116782199,72.177001953125,8.758527755737305
1329615,z,15.645237500414996,55.92554322620802,55.9267305912537,63.308998107910156,13.428497314453125
1329615,r,18.482773260579567,36.416144310759556,36.41706653696625,41.125,6.753975868225098
1329615,i,18.484197011588467,62.0231437999477,62.02462507966479,44.970001220703125,8.638813972473145
1329615,z,18.486332638104415,54.293087731438696,54.293107240457225,33.7140007019043,12.47756290435791
1329615,r,24.24540546794332,22.66438853958858,22.662846419832313,25.084999084472656,6.6992573738098145
1329615,i,24.246829218952225,48.36888670733157,48.371561960272835,41.63800048828125,9.090706825256348
1329615,z,24.24896484546817,50.15798509207774,50.1603540603728,52.50299835205078,10.992302894592285
1329615,r,28.457572826927116,16.568455934033576,16.56948212714082,15.597999572753906,33.00703811645508
1329615,i,28.45899657793602,40.03496932546705,40.03453532740945,13.82699966430664,37.98705291748047
1329615,z,28.461844079953824,44.18213935323133,44.18200720619191,81.06300354003906,52.48262405395508
1329615,r,29.140261435559086,15.801935062258327,15.802214531022166,13.800000190734863,8.300041198730469
1329615,i,29.14168518656799,38.71797167679507,38.71897027803877,37.577999114990234,8.016517639160156
1329615,z,29.143108937576894,42.91246745021288,42.91367194819581,35.86600112915039,8.616119384765625
1329615,r,36.309559639429445,10.852161086792613,10.85198972781416,10.178999900817871,3.7637722492218018
1329615,i,36.31098339043835,26.602107390528104,26.603376626010785,24.264999389648438,5.175738334655762
1329615,z,36.313119016954296,28.19803738136744,28.200469944714627,36.597999572753906,6.960061073303223
1329615,r,43.398415911314885,8.79138374008281,8.791113968758976,15.479000091552734,4.327050685882568
1329615,i,43.39983966232379,20.168972183399866,20.16871844826067,21.219999313354492,6.132371425628662
1329615,z,43.401975288839736,19.920754225590734,19.920048230861852,19.336999893188477,8.388772010803223
1258940,r,-12.310539238008127,33.74326673198125,33.74932945068603,33.07099914550781,3.802050828933716
1258940,i,-12.309137637374127,30.76077347871949,30.76690841869545,28.756999969482422,5.219292640686035
1258940,z,-12.307035236425675,27.397450365619843,27.403184517296705,17.96500015258789,6.8802170753479
1258940,r,-9.51434597374714,62.66820589118442,62.67362738060832,81.1520004272461,14.171279907226562
1258940,i,-9.51294437311314,56.066724034167564,56.071665633556016,94.64199829101562,17.98505401611328
1258940,z,-9.510841972159588,48.721378374396124,48.724954108728504,66.83000183105469,25.174442291259766
1258940,r,-7.410543422539894,90.06417272976834,90.11746942363715,84.3030014038086,8.565574645996094
1258940,i,-7.4091418219058935,79.40484860567845,79.44613354101016,83.54900360107422,8.936850547790527
1258940,z,-7.407740221271892,67.62889516768824,67.66928757983767,60.39400100708008,11.175949096679688
1258940,r,-2.511949207705662,135.3989313447216,135.39518106014512,180.42999267578125,28.180444717407227
1258940,i,-2.510547607071661,120.36070378568267,120.36189379870568,99.11000061035156,24.836843490600586
1258940,z,-2.5084452061181097,94.64223427784712,94.64671218476498,104.91999816894531,28.655649185180664
1258940,r,3.891964087744847,124.72312857755615,124.71656594307167,116.44000244140625,4.218043327331543
1258940,i,3.8933656883737493,124.44520797853589,124.44240625725392,127.08000183105469,7.49028205871582
1258940,z,3.8954680893273004,95.68802296196586,95.6851342132745,104.12999725341797,8.127089500427246
1258940,r,6.573926900357695,107.34639709862334,107.33898193678961,112.94999694824219,6.762939929962158
1258940,i,6.575328500991697,114.72403370976264,114.73208813814807,126.37000274658203,10.166841506958008
1258940,z,6.577430901940149,85.15818474431235,85.15079813465267,98.38400268554688,13.183969497680664
1258940,r,11.482332319629935,73.45422317631787,73.45633415383385,79.76399993896484,5.740291118621826
1258940,i,11.483733920263937,87.27895551323158,87.28322517380238,82.0780029296875,5.941555023193359
1258940,z,11.485836321212389,61.88029228349739,61.883588769882294,52.707000732421875,7.435331344604492
1258940,r,17.85541040113242,39.90573513579543,39.907551154669015,45.27899932861328,8.84392261505127
1258940,i,17.85681200176642,61.28021781605074,61.28225529633375,49.11199951171875,7.83455753326416
1258940,z,17.858914402714873,51.37828282682155,51.38121975472924,50.6609992980957,8.253057479858398
1258940,r,20.65580846729541,30.982924949806925,30.984276433020472,37.82600021362305,6.357143402099609
1258940,i,20.657210067929412,54.05828855355727,54.06291810672202,35.63100051879883,7.938758850097656
1258940,z,20.659312468882966,49.50849324988622,49.509060063640206,58.35599899291992,10.121231079101562
1258940,r,23.469521739478864,24.54600740084948,24.54595138350855,22.424999237060547,6.808821201324463
1258940,i,23.470923340112865,47.60200790227488,47.603900032802116,53.71099853515625,9.114606857299805
1258940,z,23.472324940746866,46.322302044302766,46.32347594219139,63.46799850463867,16.060956954956055
1258940,r,28.314855130236353,17.05814247544732,17.05980921159585,14.02400016784668,4.177259922027588
1258940,z,28.318359131818806,38.950885282276325,38.950296352737155,36.948001861572266,8.508196830749512
1258940,r,34.61014437656963,12.008634458447984,12.008913467429021,8.218999862670898,10.516050338745117
1258940,i,34.611545977203626,26.733434157006688,26.7348518444859,36.46500015258789,9.675457954406738
1258940,z,34.61364837815208,27.071123975452625,27.07289753326976,32.47200012207031,9.608818054199219
1258940,r,39.525557799006776,10.081180645410111,10.08144957714704,4.130000114440918,7.287008762359619
1258940,i,39.52695939964077,21.505014962192142,21.505855018981617,23.320999145507812,6.781300067901611
1258940,z,39.52836100027478,20.632912009646557,20.634223519866183,10.156999588012695,7.868747711181641
1258940,r,44.4185456113101,8.965130142578078,8.96511459195256,-2.0859999656677246,7.254382133483887
1258940,i,44.419947211944105,18.389691177885762,18.389513004982607,13.64900016784668,8.750921249389648
1258940,z,44.4213488125781,16.948316307221152,16.947758427771948,15.802000045776367,11.732131004333496
1255008,r,-10.152868436790564,41.82490749365766,41.82897436117738,42.70600128173828,5.093303680419922
1255008,i,-10.151484248367348,41.32204033587078,41.326636524794836,39.98699951171875,7.082665920257568
1255008,z,-10.149407965730003,38.30634149055176,38.31061277621383,45.624000549316406,8.89260196685791
1255008,r,-7.404562323053649,74.1915025936295,74.25173481027919,70.40499877929688,12.043190002441406
1255008,i,-7.403178134630432,69.7131425153931,69.76039527372113,68.5009994506836,14.6848783493042
1255008,z,-7.401101851993087,64.84268471719307,64.8987919760254,73.79299926757812,15.46706485748291
1255008,r,0.22646845259357298,123.5246827588407,123.51602084205815,128.7899932861328,22.484224319458008
1255008,i,0.2278526410167905,119.30178334436309,119.29262603920436,115.94000244140625,38.86851501464844
1255008,r,2.9955373926737163,115.09353704773844,115.09324432709155,113.2699966430664,6.085801601409912
1255008,i,2.9969215810969336,117.70817516259433,117.71060808933827,116.05999755859375,10.238678932189941
1255008,z,2.998997863734278,102.27298024284774,102.27583579253553,92.97000122070312,13.109147071838379
1255008,r,8.532983178629948,79.71937518434049,79.71869817251456,84.66100311279297,4.5268473625183105
1255008,i,8.534367367053164,94.88194150617889,94.87435780158779,98.9219970703125,6.768800735473633
1255008,z,8.536443649685474,76.4812376592316,76.47941011834268,80.62699890136719,8.844593048095703
1255008,z,11.311049343458487,64.38872602078231,64.38572261380793,47.93000030517578,29.17426300048828
1255008,r,13.386639883652686,49.086983805132036,49.09002875975103,49.316001892089844,7.911181926727295
1255008,i,13.388024072075902,69.18381886952427,69.18319139507243,57.50299835205078,9.50143051147461
1255008,z,13.390100354708212,59.44940414211996,59.44389037032393,60.83300018310547,10.184724807739258
1255008,r,17.568273109341796,31.431224034252025,31.434541177422968,28.604999542236328,51.247467041015625
1255008,i,17.569657297765012,55.261876204018634,55.2644744554039,58.49700164794922,14.459162712097168
1255008,z,17.571041486188232,53.15581633022949,53.15829534062671,57.88600158691406,14.441047668457031
1255008,r,26.541966655233054,14.425939001871244,14.426152978592977,7.9070000648498535,5.096904277801514
1255008,z,26.54542712628858,38.54476680234629,38.54902022492241,20.775999069213867,11.239546775817871
1255008,r,31.420538751868673,10.475880299406567,10.475628358637847,8.967000007629395,8.691259384155273
1255008,i,31.42192294029189,25.71145861269657,25.713179677678145,27.10300064086914,11.414003372192383
1255008,r,38.358783221834,8.146718548699234,8.147001299303227,1.0509999990463257,12.224408149719238
1255008,i,38.36016741025219,18.748239192850235,18.748411118602448,13.425000190734863,13.140929222106934
1255008,z,38.36224369288953,19.217461087291255,19.217589462762934,24.354999542236328,12.494634628295898
1255008,r,41.768731401732936,7.4675912014134935,7.467899201091765,-3.318000078201294,4.721266746520996
1255008,i,41.77011559015615,16.9050547177957,16.905898928589302,16.118000030517578,7.364476680755615
1255008,z,41.77219187278846,16.79944327375717,16.800051107655328,33.77399826049805,9.294504165649414
1252829,r,-14.382979119439941,8.731615922930633,8.726407614774809,6.238999843597412,7.166692733764648
1252829,i,-14.3816025432553,10.454963764951902,10.45379078945792,4.947999954223633,9.559481620788574
1252829,z,-14.379537678975833,9.286491198459089,9.284283652809988,28.273000717163086,11.399493217468262
1252829,r,-11.706915017042462,23.789038066028372,23.800991069442595,27.833999633789062,7.031689643859863
1252829,i,-11.70553844085782,25.176989970871244,25.185553577839652,20.885000228881836,9.469308853149414
1252829,z,-11.703473576578354,22.973433070919043,22.981983100711613,11.170000076293945,12.31582260131836
1252829,r,-8.898011312849599,51.54994804972161,51.55908065573111,73.78900146484375,15.76649284362793
1252829,i,-8.896634736664957,49.42503403114638,49.43257749934648,46.85900115966797,16.10822105407715
1252829,z,-8.8945698723905,46.27406906347823,46.28131778775594,24.87299919128418,15.436224937438965
1252829,r,-3.47911916311204,121.25784580778317,121.2316717587277,177.66000366210938,67.47376251220703
1252829,z,-3.47567772265294,98.22197319054023,98.1953682720998,132.80999755859375,29.120758056640625
1252829,r,-0.6619560018163357,129.72893222825704,129.7096525710166,138.30999755859375,6.535525321960449
1252829,i,-0.6605794256316941,118.41803562596937,118.39921657696443,118.5999984741211,8.806796073913574
1252829,z,-0.6592028494470524,104.10830942336811,104.08556854214024,91.89399719238281,11.43419361114502
1252829,r,2.0209909815043523,125.1214734562917,125.11838191905194,125.95999908447266,15.106478691101074
1252829,i,2.022367557683986,120.68502105413523,120.6841391398755,110.83000183105469,11.210129737854004
1252829,z,2.0237441338686275,107.13936433477997,107.13879422354816,107.80999755859375,13.989119529724121
1252829,r,7.512841669012895,87.41874370608394,87.41828550558677,90.50299835205078,4.535866737365723
1252829,i,7.514218245197537,100.0734500612869,100.06978264140373,92.93900299072266,6.076589107513428
1252829,z,7.516283109471995,83.41326378768397,83.41374592712322,87.30699920654297,7.966793537139893
1252829,r,10.25842286871725,66.42503024496082,66.43028789839208,44.472999572753906,11.879101753234863
1252829,i,10.25979944490189,83.03285722150987,83.0412278684935,81.625,11.202614784240723
1252829,z,10.261864309181357,69.0629971787174,69.06779494620513,90.33799743652344,11.454755783081055
1252829,r,18.484153858368206,25.561826369344324,25.563850000762585,22.999000549316406,9.09481143951416
1252829,i,18.485530434552846,51.11882678901041,51.12032599086999,54.13199996948242,12.424945831298828
1252829,z,18.487595298832314,52.78102506045991,52.78323368741261,33.167999267578125,15.334696769714355
1252829,i,21.24281253182916,44.02405485944455,44.02475247778914,36.26499938964844,30.255203247070312
1252829,z,21.244189108013803,48.87330563786717,48.86682551249739,43.14400100708008,25.86412811279297
1252829,r,26.046375127157106,13.157946258867256,13.158339042882798,9.142000198364258,4.331631660461426
1252829,i,26.047751703341746,32.50926918911357,32.51056326663794,31.350000381469727,5.992678642272949
1252829,z,26.04912827952639,37.25661003526364,37.25816017443348,60.446998596191406,8.05033016204834
1252829,z,29.470608385754574,29.129468407702603,29.13385554679306,-3.114000082015991,28.156877517700195
1252829,r,34.96590051372723,8.398094417854468,8.398157704032526,4.761000156402588,11.603326797485352
1252829,i,34.96727708991187,19.085057682154453,19.085961479064853,250.75,137.29934692382812
1252829,r,37.036271095007585,7.870531545109177,7.870728415170166,3.572999954223633,5.786663055419922
1252829,i,37.037647671192225,17.72146341259684,17.7222044435085,15.189000129699707,8.702847480773926
1252829,z,37.039712535466684,18.35211671562788,18.352511470928253,29.854999542236328,11.002374649047852
1252829,r,43.24462968647436,6.842470093667531,6.842608174243221,1.4270000457763672,3.8804681301116943
1252829,i,43.246006262659,15.071956080370049,15.072081796596386,19.158000946044922,5.340184211730957
1252829,z,43.24807112693346,14.898142126327102,14.898072366286438,19.56800079345703,6.99520206451416
1314047,r,-14.379705309617904,3.1667164904394633,3.161083121731573,2.0339999198913574,1.5651366710662842
1314047,i,-14.368046541211621,4.986679351380748,4.9852851388922526,0.5960000157356262,2.1194846630096436
1314047,z,-14.35295872327584,4.256561047268614,4.254870829851569,3.944000005722046,2.947725534439087
1314047,r,-9.575606916275401,24.336745707234574,24.345499231107734,28.88800048828125,1.5497599840164185
1314047,i,-9.564633957778012,24.32823559599384,24.334446179508134,27.433000564575195,2.297919511795044
1314047,z,-9.548174520024443,22.98614655655116,22.99283724014669,23.343000411987305,2.606013059616089
1314047,r,-7.517491387594495,43.274583718916624,43.26929637039767,45.180999755859375,3.1456503868103027
1314047,i,-7.505832619188212,39.2881930496598,39.290035246567946,38.402000427246094,6.238353729248047
1314047,z,-7.492802230969131,38.170600006669034,38.17758962664566,45.667999267578125,2.9671823978424072
1314047,r,0.003100044441946044,87.05060040168742,87.05028418935697,87.7229995727539,1.4454175233840942
1314047,i,0.013387193035431861,77.8450523641098,77.84458401050577,73.53299713134766,2.349390745162964
1314047,z,0.029846630789001106,69.46366513527364,69.46354060078431,75.47899627685547,3.176344394683838
1314047,r,2.770343016199409,80.74792350379577,80.73644290123626,78.76200103759766,2.1033239364624023
1314047,i,2.7792585449800975,77.22684334692306,77.21973815973774,73.28500366210938,3.735691785812378
1314047,z,2.8032618916965677,70.15818272697105,70.16073811599347,69.2229995727539,4.177160263061523
1314047,r,7.577870459076401,55.47984830278098,55.47522449148947,61.14899826049805,1.872672438621521
1314047,i,7.58884341757379,63.659768641609986,63.65054004304077,62.82600021362305,2.7188425064086914
1314047,z,7.6087319048568585,53.313327480561256,53.300924558962606,57.262001037597656,7.595500469207764
1314047,r,11.710560954191783,33.81220028010825,33.81509838136236,38.722999572753906,2.6854450702667236
1314047,i,11.72496296222366,47.19143357324818,47.19884913703158,39.65599822998047,4.087985992431641
1314047,z,12.37373913354212,40.394773015779094,40.38842662569182,43.777000427246094,3.9011151790618896
1314047,r,16.48997019090892,17.98115361485984,17.982857876420432,9.008999824523926,7.222694396972656
1314047,i,16.500943149411302,35.460672112741456,35.46171087837875,38.47200012207031,4.902380466461182
1314047,r,21.265950378096562,10.207325262492482,10.20769799471725,11.418000221252441,2.1824047565460205
1314047,i,21.27692333659894,26.641834080143262,26.642588546226364,23.5310001373291,3.1752235889434814
1314047,r,25.41784355059111,7.42498516611776,7.42383322532915,5.474999904632568,1.9781131744384766
1314047,i,26.05084609406489,18.83393745347502,18.83448987257024,21.125,2.9201533794403076
1314047,z,26.747628958826272,20.78160656361447,20.786485334555483,23.191999435424805,3.751540184020996
1314047,r,29.503898972081355,5.662957844490573,5.663276598498809,3.4639999866485596,2.754640579223633
1314047,z,30.17942172974687,14.992790529749461,14.996491071738939,16.150999069213867,5.062451362609863
1314047,z,34.971175544779186,10.862007064491102,10.862008150734098,5.919000148773193,3.344160556793213
1797044,r,-12.39610940584702,16.564880921391328,16.566221405007227,15.569999694824219,3.6853249073028564
1797044,i,-12.379759406807954,16.854282368519645,16.856885069986483,16.43400001525879,4.013641834259033
1797044,z,-11.724396945260564,19.75106496729001,19.752159106044612,21.224000930786133,4.168290615081787
1797044,r,-9.065478351269222,33.168377458684525,33.17058528893169,32.59000015258789,3.109994649887085
1797044,z,-8.999397105145357,32.90689089877346,32.90773233180952,34.08399963378906,5.7179179191589355
1797044,i,-7.694803431689607,39.98464545341872,39.97227972757632,39.12099838256836,6.421593189239502
1797044,r,-6.304372263267611,50.011714182157505,50.03137931371569,56.55400085449219,7.557076930999756
1797044,z,-6.287341014270857,47.52981334507148,47.544108776291864,48.33100128173828,5.828507423400879
1797044,r,-5.667403550642268,53.582965864934074,53.555657755899915,42.47200012207031,20.24891471862793
1797044,i,-5.655141051364208,50.94350885416532,50.92199706321402,44.33399963378906,4.869698524475098
1797044,z,-2.9594349595287732,58.132519655293194,58.132616018239446,58.94200134277344,4.58880615234375
1797044,i,0.5435523349392059,63.73937061536733,63.74150575513063,63.314998626708984,4.55861759185791
1797044,z,1.187333547166225,62.38444135986628,62.38527177855586,61.856998443603516,4.32257080078125
1797044,r,1.7956897614744431,62.0539019851294,62.05326946444075,64.9540023803711,1.9605683088302612
1797044,i,5.238045809499898,58.883748658915025,58.88153415537852,55.79100036621094,2.5225601196289062
1797044,z,5.257120808379634,57.96691393221092,57.96616522215557,62.73699951171875,4.732163906097412
1797044,z,7.937839401091382,51.14838877149336,51.1487505190473,50.7760009765625,3.0309877395629883
1797044,r,7.993701897815211,45.64922726888564,45.64988762391414,45.38399887084961,1.806241512298584
1797044,i,9.27308932274724,49.641459869923075,49.64383967239256,50.96799850463867,3.448784828186035
1797044,i,14.116095288594725,36.75439671892078,36.75551794541109,30.316999435424805,3.6604602336883545
1797044,r,19.45913872510113,15.591564156559233,15.59239175167958,19.400999069213867,4.832282066345215
1797044,z,19.466632474660496,32.4475993247217,32.44713461710733,40.66899871826172,5.309689521789551
1797044,i,19.534076220704698,28.264800337597244,28.265950040994912,23.34600067138672,3.1739580631256104
1797044,r,22.19912606433507,12.049714133476686,12.049338267948054,9.390999794006348,2.1679835319519043
1797044,i,22.227057312694505,25.293661179842317,25.293744816603912,24.827999114990234,2.6874561309814453
1797044,z,22.252944811175915,30.379282705310622,30.38115362883657,32.507999420166016,3.403717279434204
1797044,r,25.578807116039975,9.084767618010826,9.085257369825717,9.010000228881836,2.791463851928711
1797044,i,25.582894615796025,21.58879794198759,21.588654297074697,19.766000747680664,2.743590831756592
1797044,z,25.61831961371978,27.589585291057343,27.59154110780015,30.430999755859375,3.0610246658325195
1797044,z,30.333931837038236,22.497831216903197,22.500009294295733,24.114999771118164,4.412681579589844
1797044,r,30.421813081882505,6.389664760171671,6.388967802650477,6.078000068664551,2.1013143062591553
1797044,i,30.44293183064522,17.15800321232903,17.159844326153422,19.709999084472656,2.534254789352417
1797044,r,33.7347316375009,5.32296703188912,5.322934418714802,13.961000442504883,4.958212852478027
1797044,i,33.75176288650261,14.317759320330833,14.318619251946025,17.832000732421875,3.380955457687378
1797044,z,33.76061913598232,18.579513630994516,18.5801170641486,19.261999130249023,3.4610605239868164
1797044,r,38.515062607022884,4.469436236253839,4.4694612254983745,4.484000205993652,10.816459655761719
1797044,i,38.52391885650754,11.2551459916346,11.255715568493827,18.7549991607666,3.7937803268432617
1797044,z,38.553893854745,14.445948941195686,14.446789321899956,10.36400032043457,3.7163732051849365
1797044,r,43.27291232786677,3.9376689861259693,3.9377849535019362,5.748000144958496,2.2321834564208984
1797044,i,43.28721857702781,9.423300299924989,9.423279025206977,8.76099967956543,2.3869006633758545
1797044,z,43.299481076305874,11.93321789522133,11.933536613058392,10.503000259399414,2.894456624984741
1431096,r,-14.736874913749974,8.488110281590371,8.492956997921514,54.448001861572266,25.755115509033203
1431096,i,-14.735521605591293,8.66131031428341,8.664568701423608,11.017999649047852,9.51164436340332
1431096,z,-14.732814989278857,8.30673015691311,8.310329635679544,18.863000869750977,13.11949348449707
1431096,r,-12.715709179177276,17.334366795944863,17.340457332572516,-18.01300048828125,28.797536849975586
1431096,i,-12.714355871018595,16.910609172692567,16.91437660606798,12.354999542236328,17.153032302856445
1431096,z,-12.713002562859916,16.291552143383107,16.29587928037337,12.21500015258789,21.702810287475586
1431096,r,-7.316009627141607,60.631719836754876,60.668736025173466,65.68099975585938,4.41907262802124
1431096,i,-7.3146563189829275,53.03475579967665,53.05829516523725,52.53799819946289,5.619959354400635
1431096,z,-7.312626356747369,51.82520378251363,51.85296016056535,51.20500183105469,7.921990871429443
1431096,r,-4.513985085163119,87.22518062676805,87.21475832828669,86.31199645996094,4.762721061706543
1431096,i,-4.512631777004439,74.29172688372567,74.28379778770258,69.39299774169922,7.152118682861328
1431096,z,-4.510601814768881,72.11768707194942,72.11122572855685,79.53199768066406,10.780242919921875
1431096,r,-1.1104150667768748,96.84651941703636,96.84352087977393,91.23100280761719,3.921090841293335
1431096,i,-1.1090617586181948,85.24715041138751,85.24444788522082,84.08599853515625,5.201169490814209
1431096,z,-1.1050018341421546,80.627659070351,80.62915378256841,81.63600158691406,6.667827606201172
1431096,r,1.4581638178711456,95.02623359664248,95.02610465179386,94.9260025024414,5.507635593414307
1431096,z,1.4635770505058658,83.61050170396702,83.60683607037247,87.88800048828125,10.812346458435059
1431096,r,4.823164553747316,81.41497439094698,81.41357826954263,85.09500122070312,6.845189094543457
1431096,i,4.824517861905996,81.41380283999337,81.41223608484596,87.0469970703125,7.452422142028809
1431096,z,4.8279011323002345,78.06239484141655,78.06097165568706,72.1500015258789,9.2885160446167
1431096,r,10.919141153278654,48.921010436009986,48.92241591350454,47.60300064086914,9.249699592590332
1431096,i,10.920494461437334,59.35511913992912,59.35611593041532,75.61799621582031,14.170429229736328
1431096,z,10.922524423672893,54.319261534496015,54.32468311594439,58.84199905395508,19.564739227294922
1431096,r,11.594441924322167,45.44211755916143,45.43588833807032,57.569000244140625,9.800154685974121
1431096,i,11.595795232480848,56.80141772898323,56.800460704272325,71.62200164794922,13.399242401123047
1431096,z,11.597825194716405,52.52550461188485,52.538372585213125,55.361000061035156,17.56471061706543
1431096,r,12.27244931168304,42.09893219653048,42.10518285488085,47.185001373291016,7.43782901763916
1431096,i,12.273802619841721,54.36678875286848,54.36876950261068,51.94499969482422,11.055038452148438
1431096,z,12.277185890235959,50.99188927243097,50.989866520214896,37.165000915527344,13.531484603881836
1431096,r,14.981772244809173,30.99222072632802,30.9931973684656,29.02899932861328,7.457377910614014
1431096,i,14.983125552967854,46.02590193229919,46.02638366928633,32.518001556396484,12.725092887878418
1431096,z,14.985155515203413,46.3331380582779,46.33523827436227,43.922000885009766,17.555082321166992
1431096,r,20.39771149474408,17.142134104467008,17.13979716128749,13.402000427246094,3.910802125930786
1431096,i,20.39906480290276,34.37945702113395,34.37702849206303,34.14099884033203,5.679203033447266
1431096,z,20.4031247273788,40.3513432517334,40.349975594707914,40.340999603271484,7.80748987197876
1431096,r,25.144439860347074,11.401438162106402,11.40157491894157,17.509000778198242,7.790737152099609
1431096,i,25.14579316850575,26.492993203973125,26.493717309636697,19.339000701904297,7.6260666847229
1431096,z,25.148499784823112,33.47991918638842,33.48168997137456,39.810001373291016,10.480612754821777
1431096,r,29.896581458584784,8.11819685403144,8.118611587189239,5.196000099182129,8.732170104980469
1431096,i,29.897934766743465,20.10045374181066,20.10087702340388,23.976999282836914,7.948841571807861
1431096,z,29.901994691214583,25.67807384944578,25.67868788046073,30.535999298095703,8.827300071716309
1431096,r,33.9524460093219,6.680323383464059,6.680444055339778,6.749000072479248,4.11966609954834
1431096,i,33.95379931748059,16.04009690089357,16.040574616385534,12.692000389099121,5.777261257171631
1431096,z,33.957182587874826,20.13015270589403,20.131383759744978,-4.714000225067139,9.141911506652832
1431096,r,36.648912514943035,6.09152233212175,6.091519978214094,12.868000030517578,5.563195705413818
1431096,i,36.65026582310172,14.142098947569554,14.1422953039239,9.406999588012695,7.5923590660095215
1431096,z,36.65364909349596,17.767874721917575,17.768251902300136,11.916999816894531,9.844970703125
1431096,r,37.32827321046259,5.962616148337712,5.962732817529988,0.012000000104308128,4.099088191986084
1431096,i,37.329626518621275,13.734473378344386,13.734899240910332,25.341999053955078,5.922305583953857
1431096,z,37.33097982677995,17.239958757696016,17.24137439723933,19.14299964904785,8.014019966125488
1431096,r,40.09172846992116,5.527717676068669,5.527804823744023,2.7290000915527344,5.42120885848999
1431096,i,40.09308177807984,12.377640314500976,12.377890533753868,12.130999565124512,9.723081588745117
1431096,z,40.09714170255588,15.44914484596847,15.450109065470564,7.980000019073486,9.54962158203125
1431096,r,44.776204660239635,5.1003390757036815,5.1004026252226975,12.557000160217285,8.542854309082031
1431096,i,44.77755796839832,10.74831647489635,10.748504032218403,9.222999572753906,8.155172348022461
1431096,z,44.78161789287436,13.34998367913873,13.35081505834126,23.250999450683594,7.982987403869629
1296963,r,-12.640279115224823,26.850877977912344,26.852731669183846,24.538999557495117,4.871301174163818
1296963,i,-12.638936085227943,22.948575730965196,22.948603265475068,27.697999954223633,7.0867791175842285
1296963,z,-12.636921540235068,20.897044560877436,20.8973079612209,18.308000564575195,8.974594116210938
1296963,r,-5.322108663721051,96.81190340431283,96.84102384792054,399.69000244140625,109.31868743896484
1296963,r,-0.5368927858181576,111.00421348354016,110.99765845224928,107.77999877929688,8.794559478759766
1296963,i,-0.5355497558212785,92.54591934342832,92.53805363981013,85.80000305175781,11.677430152893066
1296963,z,-0.533535210823517,84.28099155318428,84.27436306618017,81.90499877929688,14.891093254089355
1296963,r,4.08178737251082,98.5441241287142,98.54486086065572,99.05599975585938,5.5337605476379395
1296963,i,4.0838019175036955,89.08961410459622,89.08871352222522,88.58499908447266,6.892773151397705
1296963,z,4.0851449475005746,82.56762260417919,82.56674857797412,85.1240005493164,9.112841606140137
1296963,r,6.819554020589338,84.6525752740288,84.65358003778232,85.49199676513672,7.288225173950195
1296963,i,6.821568565582214,81.30196160603433,81.30231533647283,97.66300201416016,11.125069618225098
1296963,z,6.822911595579093,74.43219986503404,74.43295207729508,50.606998443603516,15.907471656799316
1296963,z,13.446735538838086,51.10896205264025,51.110366662323955,-21.631999969482422,64.04718780517578
1296963,r,14.789094020447532,41.302267308118196,41.30598768180553,18.125,16.36017417907715
1296963,i,14.790437050444412,51.4822969839354,51.484262698386935,71.78900146484375,20.929166793823242
1296963,z,14.792451595437287,48.37892861746261,48.37911568863126,75.66699981689453,33.52383804321289
1296963,r,17.458366138699876,31.37064655500743,31.373512678954746,33.020999908447266,8.626018524169922
1296963,i,17.459709168696754,44.654688059557536,44.65564262833868,53.42900085449219,12.310111999511719
1296963,z,17.461723713689633,44.87564241957396,44.87363496423721,42.73500061035156,20.7448673248291
1296963,r,18.18024476187335,29.04616230081102,29.04804097106287,29.215999603271484,16.203336715698242
1296963,i,18.18158779187023,43.050736137749254,43.051277467096604,62.529998779296875,17.449417114257812
1296963,z,18.18225930687111,44.35284480092863,44.35101848062828,68.84400177001953,34.16899871826172
1296963,r,18.858474910160467,27.01640867153767,27.01804934803355,27.117000579833984,7.962388515472412
1296963,i,18.859817940157345,41.62867595299988,41.62970929170151,36.17399978637695,9.100980758666992
1296963,z,18.86183248515022,43.91035427061432,43.91300795852281,37.744998931884766,9.960250854492188
1296963,r,23.473797493494803,17.374271663199163,17.375112855279813,10.020000457763672,9.027473449707031
1296963,i,23.47514052349168,33.392121417020675,33.3932376209879,16.124000549316406,15.222673416137695
1296963,z,23.47715506848456,39.23340363300509,39.234057411725196,34.15800094604492,18.297367095947266
1296963,r,27.529748083243835,12.49245954621783,12.493276325531355,9.847999572753906,14.924065589904785
1296963,i,27.531091113240713,27.229193224840657,27.230739754317362,37.441001892089844,15.11763858795166
1296963,z,27.53243414323759,34.19412538180338,34.19480575019835,22.479999542236328,19.1422176361084
1296963,r,32.25318458130495,9.241410587629765,9.241812327704228,5.455999851226807,13.864831924438477
1296963,i,32.254527611301825,21.020568175630345,21.020657783578837,24.566999435424805,10.944656372070312
1296963,z,32.2565421562947,26.934365274715343,26.93544251125242,43.4900016784668,17.499881744384766
1296963,r,33.534435198068614,8.657159254572104,8.65752341907344,7.5269999504089355,5.122941970825195
1296963,i,33.535778228065496,19.591457260609673,19.592316888858466,23.533000946044922,7.3524556159973145
1296963,z,33.53779277305837,25.15040454960164,25.151817117540766,39.59299850463867,10.986869812011719
1296963,r,36.25004185120107,7.7645348027241505,7.764347946309162,4.35699987411499,5.971498966217041
1296963,i,36.25138488119795,16.972472914042328,16.97310383853927,9.326000213623047,8.766104698181152
1296963,z,36.25339942619571,21.85388442938554,21.855157415121845,28.10300064086914,11.7293119430542
1296963,r,41.621490322626855,6.655153008667474,6.655170626813234,18.011999130249023,6.385828495025635
1296963,i,41.62283335262373,13.463601408637588,13.46419415132898,5.339000225067139,8.906975746154785
1296963,z,41.62484789761661,17.266597841869405,17.267824904683316,5.7230000495910645,11.248003959655762
1303140,r,-14.654958406218292,8.057495119835712,8.060968500571702,-7.40500020980835,6.661267280578613
1303140,i,-14.653622561509858,7.650757576216727,7.652722841345822,19.416000366210938,8.382319450378418
1303140,z,-14.651618794449638,7.380301980790601,7.382353076139566,8.182000160217285,11.96976375579834
1303140,r,-11.18176216500173,23.126053807851086,23.127336346385803,33.68899917602539,13.858695983886719
1303140,i,-11.180426320293298,20.95930055622816,20.960359763911487,33.992000579833984,12.389605522155762
1303140,z,-11.179090475584864,20.268428715634187,20.26982390845793,19.233999252319336,10.790509223937988
1303140,r,-6.660595750230796,55.6177202918804,55.576001905739794,50.42300033569336,5.313357830047607
1303140,i,-6.658591983165717,47.572710899885536,47.543593239223505,54.694000244140625,7.849138259887695
1303140,z,-6.657256138457284,46.15286824661936,46.1237837947808,47.84000015258789,10.117286682128906
1303140,r,-2.6650842281189457,75.76225756182076,75.78063065739344,70.1780014038086,8.002742767333984
1303140,i,-2.6637483834105127,64.9136388914278,64.9283287659287,74.52300262451172,9.589879035949707
1303140,z,-2.661744616350293,62.7211645116536,62.73938045436022,67.49800109863281,12.199372291564941
1303140,r,1.9983496480685266,74.28006853201636,74.2807878473199,72.91200256347656,4.491959095001221
1303140,i,1.9996854927769596,68.70870457795768,68.70934700551722,78.51499938964844,5.91662073135376
1303140,z,2.0010213374853927,67.44902788651942,67.45006359894896,59.95100021362305,8.794248580932617
1303140,r,4.74818597981678,65.23121389646882,65.22801454471976,68.25900268554688,4.877995014190674
1303140,i,4.749521824525213,64.31387023878268,64.31205940088861,64.29399871826172,6.0936455726623535
1303140,z,4.751525591590293,63.262826349914285,63.259498320464566,59.35200119018555,8.08647346496582
1303140,r,13.322973161504256,30.460236650092973,30.462882973319598,29.224000930786133,6.223759651184082
1303140,i,13.324309006212689,40.56347831560835,40.56502130575044,33.650001525878906,7.537237644195557
1303140,z,13.325644850921122,39.03538661240295,39.03506178067721,35.08100128173828,9.35155200958252
1303140,r,18.00911639773023,18.171451932672866,18.171670049382946,23.05699920654297,3.984750509262085
1303140,i,18.010452242438664,30.7405177280123,30.740874437515348,33.7130012512207,6.3149261474609375
1303140,z,18.012456009503744,33.81771068207747,33.81854531081621,19.000999450683594,8.20907974243164
1303140,r,22.095465359996094,11.918913284527035,11.919535443093109,41.15599822998047,61.035526275634766
1303140,i,22.096801204704526,24.773129299361983,24.77330304487991,-1.277999997138977,35.766319274902344
1303140,r,22.687912488067116,11.3141429611575,11.316089463777008,4.5929999351501465,5.228644371032715
1303140,i,22.68924833277555,23.992528336836205,23.99302013186051,25.716999053955078,7.018808841705322
1303140,z,22.69125209983577,30.00330939225068,30.002829660717122,25.43400001525879,9.387219429016113
1303140,r,24.692347472660344,9.58267070040936,9.583747784369447,-96.7969970703125,61.032310485839844
1303140,i,24.69368331736878,21.37998259417332,21.379122789443986,8.963000297546387,16.099742889404297
1303140,r,32.02546699810952,5.820162677994081,5.820228117167353,1.4529999494552612,4.31824254989624
1303140,i,32.02680284281796,13.985398447500494,13.985616232372161,13.114999771118164,5.90186882019043
1303140,z,32.028806609883034,18.806231050378447,18.807046842477693,29.08099937438965,8.310508728027344
1303140,r,34.69582056972302,5.1965480315687005,5.196875412648861,5.942999839782715,5.734780788421631
1303140,i,34.69715641443145,12.177410683798827,12.178034084915522,6.119999885559082,7.0346150398254395
1303140,z,34.69916018149653,16.396056156415053,16.397661022151777,19.801000595092773,10.137350082397461
1303140,r,39.37528458241169,4.496982313603506,4.496984064534716,6.98799991607666,12.696298599243164
1303140,i,39.37662042712012,9.892754746543838,9.892503030559354,-5.704999923706055,16.382139205932617
1303140,z,39.37795627182855,13.289318422405682,13.289383659411488,6.007999897003174,17.6999568939209
1303140,r,40.7117972129293,4.352276704506421,4.352310509906933,-1.5260000228881836,6.590494155883789
1303140,i,40.71313305763773,9.435221629876835,9.435538748243237,11.32699966430664,7.043044567108154
1303140,z,40.71513682469795,12.647361242598922,12.648177218592508,16.336000442504883,8.904594421386719
1303140,r,43.41287521283189,4.128385742456199,4.128368769922499,11.593999862670898,6.743836402893066
1303140,i,43.41421105753546,8.691435456374734,8.69114089079602,5.349999904632568,8.283269882202148
1303140,z,43.416214824600544,11.580056764525487,11.580035903448174,2.1630001068115234,9.85646915435791
1281879,r,-9.184824701592284,45.981343086506314,45.98301184666649,47.41299819946289,10.258809089660645
1281879,i,-9.183497182779622,46.7072918517861,46.708908357256284,53.757999420166016,14.383795738220215
1281879,z,-9.182169663962132,48.87969694862021,48.88144453296771,35.029998779296875,18.940446853637695
1281879,r,-6.586870376294217,64.1057242349749,64.07494195466327,64.04100036621094,7.243636131286621
1281879,i,-6.585542857476726,64.36900844892709,64.34279949549088,54.2239990234375,9.610218048095703
1281879,z,-6.583551579252905,67.11478842616516,67.09464144627329,89.09600067138672,13.545903205871582
1281879,r,-3.9384703359411626,76.58344227869054,76.57767434135374,70.90499877929688,10.34523868560791
1281879,z,-3.9351515388950213,80.9682820575896,80.9643359351754,66.03600311279297,17.360614776611328
1281879,r,2.0307180256911774,76.23580860440704,76.23435889834968,98.52100372314453,19.982633590698242
1281879,i,2.0327093039149986,81.74961256282499,81.74748342405591,72.58699798583984,14.455866813659668
1281879,z,2.034036822732489,90.22778283651863,90.22521052374954,102.72000122070312,11.417278289794922
1281879,r,9.348001746207633,54.45486157845468,54.45299242937268,42.904998779296875,11.765301704406738
1281879,i,9.349329265025125,65.21220353693788,65.21335497601538,71.86599731445312,8.735230445861816
1281879,z,9.351320543253774,69.02796239680224,69.0431808853099,62.94900131225586,14.040987014770508
1281879,r,10.01043363600027,51.986137892953266,51.98618034946381,58.18000030517578,5.754648685455322
1281879,i,10.01176115481776,63.027071039871096,63.026600679468785,60.3849983215332,7.289306163787842
1281879,z,10.013752433046411,66.0824251543836,66.08272217646177,63.18299865722656,10.4819917678833
1281879,r,14.667369646811084,34.02125942764969,34.025505930942366,36.8650016784668,8.770915985107422
1281879,i,14.668697165628574,47.97441870845779,47.97918425817078,37.04999923706055,10.22957706451416
1281879,z,14.670688443852397,50.63195347278221,50.6310642660498,28.347999572753906,13.09519100189209
1281879,r,17.238109836357836,26.46228460115707,26.463578461072878,21.350000381469727,17.128284454345703
1281879,i,17.239437355175326,42.16117835982791,42.1617361031816,41.32099914550781,16.11012077331543
1281879,z,17.240764873992816,46.80339569412494,46.7979404525515,65.40399932861328,16.018985748291016
1281879,r,19.245982047404436,21.550883545748427,21.551648675295457,17.167999267578125,17.52323341369629
1281879,i,19.247309566221926,38.33563548730295,38.33538106808247,19.68600082397461,15.652920722961426
1281879,z,19.24930084444575,45.850277549012304,45.847337579756186,59.01900100708008,13.423300743103027
1281879,r,24.55340227865047,13.069806512511972,13.070268962580942,20.054000854492188,15.964225769042969
1281879,i,24.55472979746796,30.328565839256985,30.32671344617828,17.930999755859375,21.736164093017578
1281879,z,24.55738483510294,41.87629570469564,41.87968600487754,72.06300354003906,32.46533203125
1281879,r,27.174588183252208,10.443417022596737,10.443451520598135,20.216999053955078,11.189836502075195
1281879,i,27.175915702069698,27.030310717619546,27.029069156180206,17.41200065612793,13.088769912719727
1281879,z,27.177243220887192,39.55493142171997,39.55506698459028,29.832000732421875,18.433685302734375
1281879,r,27.86423420879616,9.891621198571908,9.891954387243558,14.638999938964844,6.2710347175598145
1281879,i,27.865561727613652,26.26199742167182,26.262516511096987,29.780000686645508,9.279141426086426
1281879,z,27.866889246431143,38.74244512699608,38.74175637380408,43.91999816894531,17.29405975341797
1281879,r,32.56896089702698,7.310706252364076,7.310018528019859,5.053999900817871,5.313750267028809
1281879,i,32.57028841584447,20.365150098738514,20.36510644702943,19.101999282836914,5.462756633758545
1281879,z,32.57161593466196,31.675472837755088,31.673672562662002,35.40599822998047,7.671458721160889
1281879,r,35.165587703507555,6.3754537078033415,6.37527079811134,-9.390999794006348,8.590399742126465
1281879,i,35.166915222325045,17.503835513028587,17.504048416441456,29.131000518798828,10.732949256896973
1281879,z,35.168906500553696,27.425133176216825,27.425582152042907,8.366999626159668,14.7509183883667
1281879,r,37.771507141710565,5.854296015109039,5.854639181856053,8.267999649047852,13.056268692016602
1281879,i,37.773498419939216,15.193963332057493,15.194100700860274,28.499000549316406,14.37366008758545
1281879,z,37.774825938756706,23.81765783727839,23.817968459651695,11.57699966430664,15.255342483520508
1281879,r,41.73680584874878,5.188739298834914,5.188591103654957,22.965999603271484,58.30137252807617
1281879,i,41.73813336756627,12.770531279838208,12.770912336710373,-17.125,38.9926643371582
1281879,z,41.74012464579009,19.79640011909672,19.796980352424182,3.308000087738037,26.462444305419922
1281879,r,44.433660325933,4.841276841418248,4.841431953989469,4.416999816894531,5.775434970855713
1281879,i,44.434987844750495,11.667311068396849,11.667091048629617,17.964000701904297,8.130509376525879
1281879,z,44.436315363567985,17.916418111639953,17.916494209169155,29.98900032043457,11.273656845092773
1370135,r,-4.611541057715909,68.91977622499834,68.92613505990639,80.10299682617188,9.110100746154785
1370135,i,-4.610222874688556,59.95109163849256,59.95882747176923,62.99100112915039,8.577189445495605
1370135,z,-4.606927417122567,58.76333268793696,58.77088128769827,59.52399826049805,9.907391548156738
1370135,r,1.3295098453617158,73.01995128667889,73.02025891208054,66.55999755859375,6.53352689743042
1370135,i,1.33082802838907,67.94862296130944,67.94861367394275,64.4540023803711,6.333051681518555
1370135,z,1.3321462114164246,69.65748110848422,69.65502339394982,62.64799880981445,6.317648887634277
1370135,r,4.059466894456313,65.9984301240796,65.99783233020362,82.9280014038086,15.437421798706055
1370135,i,4.060785077483668,64.64407650326329,64.64395651235749,72.39600372314453,31.116893768310547
1370135,z,4.062762352022301,66.79343584309696,66.79266938179335,36.05099868774414,35.53398513793945
1370135,r,5.2880134757012085,61.9570922690157,61.956639885255576,63.80500030517578,3.8118081092834473
1370135,i,5.289331658728563,62.39100155648589,62.388564051129904,63.75199890136719,4.502467155456543
1370135,z,5.291308933267197,63.958728583325076,63.95947648049098,69.92400360107422,6.263452053070068
1370135,r,7.922402255329399,52.60266812148422,52.60227112502203,51.49700164794922,4.632627964019775
1370135,i,7.923720438356754,56.60224447636823,56.601381829397376,48.597999572753906,6.142492294311523
1370135,z,7.925697712900183,55.710940477795106,55.71084570061186,64.23500061035156,8.176280975341797
1370135,r,10.553495577391603,42.446407617150406,42.443942625221005,45.01900100708008,5.276270866394043
1370135,i,10.555472851935031,49.292761293819865,49.29081927690564,57.96699905395508,7.1915812492370605
1370135,z,10.556791034962385,46.50088703876952,46.500754655383936,60.33300018310547,10.533310890197754
1370135,r,13.106157009343004,32.69470214442656,32.696697507586705,24.863000869750977,11.175163269042969
1370135,i,13.107475192370359,42.20552064870755,42.20674648344445,35.847999572753906,14.48452377319336
1370135,z,13.109452466913789,39.95628543182584,39.95871530811145,29.45599937438965,18.087923049926758
1370135,r,13.772498529538757,30.445636737740717,30.445921903067504,48.46799850463867,25.704679489135742
1370135,i,13.773816712566111,40.51271305546923,40.51294439608831,22.384000778198242,8.925872802734375
1370135,z,13.776453078616024,38.65464767798571,38.65659090530601,43.89099884033203,13.12413215637207
1370135,r,15.74120488048727,24.768290472741267,24.771339860270356,2.753000020980835,27.17214584350586
1370135,i,15.742523063514625,36.02446733124377,36.02578983387984,52.6609992980957,17.925739288330078
1370135,z,15.74384124654198,35.66165659333273,35.6636382756039,29.39699935913086,21.883825302124023
1370135,r,21.000755158561763,14.196724758416964,14.196730489491088,10.343000411987305,4.358354091644287
1370135,i,21.002073341589117,26.946725018542047,26.946929893413984,29.76099967956543,5.827259063720703
1370135,z,21.00405061612775,31.91184176982977,31.912530490293808,22.04199981689453,8.091266632080078
1370135,r,23.73005311614508,11.064421441277954,11.065417774231747,15.253000259399414,4.681676864624023
1370135,i,23.731371299172434,23.25853709648919,23.258317742764444,22.65399932861328,7.216921806335449
1370135,z,23.73334857371107,29.605011151204486,29.605223924437144,41.81399917602539,11.233619689941406
1370135,r,27.045283429265126,8.436646446268268,8.436925600094845,4.111000061035156,3.615612030029297
1370135,i,27.04660161229248,19.337717598629713,19.338249791698573,26.506999969482422,5.256594657897949
1370135,z,27.050556161374544,26.458940229494605,26.459264418682817,27.246999740600586,6.691713333129883
1370135,r,29.54719481467058,7.060524947401989,7.06100472346381,5.126999855041504,5.50750207901001
1370135,i,29.549172089214007,16.834864849412295,16.834837362614756,18.319000244140625,8.315678596496582
1370135,z,29.552467546779997,23.725224904678768,23.72401474030018,12.847999572753906,10.832987785339355
1370135,r,32.824856911523014,5.8545961222808,5.854715194757467,2.2679998874664307,6.664658069610596
1370135,i,32.826175094550365,13.927377703375377,13.927906337940323,25.128999710083008,7.255439281463623
1370135,z,32.829470552116355,19.9163639794695,19.917055625952674,13.168000221252441,9.453625679016113
1370135,r,38.76261235702985,4.7020522086292305,4.702118619002623,-8.78600025177002,9.411402702331543
1370135,i,38.76393054005721,10.421887646540718,10.42235499423614,-3.6449999809265137,14.839288711547852
1370135,z,38.76590781459584,14.784438776404082,14.785027280267357,-12.529000282287598,18.908313751220703
1370135,r,39.420385687545405,4.61734113805788,4.617358660537283,-2.614000082015991,9.142133712768555
1370135,i,39.421703870572756,10.15200080223127,10.152059052711502,8.449000358581543,13.0076904296875
1370135,z,39.423022053600114,14.366036883462023,14.366144590025337,20.607999801635742,17.238840103149414
1370135,r,40.08079538411567,4.536982320310201,4.537041716611476,-9.067000389099121,7.634626865386963
1370135,i,40.08211356714302,9.900714193815322,9.901086875397478,-20.733999252319336,11.676817893981934
1370135,z,40.08540902470901,13.974454989558163,13.974980766026967,8.946000099182129,14.121990203857422
1370135,r,42.719797804341994,4.261098983736166,4.261164097864104,-1.093000054359436,7.368360996246338
1370135,i,42.721115987369345,9.057634169676687,9.058072985149298,15.364999771118164,13.027962684631348
1370135,z,42.723093261907984,12.670628714777687,12.671238963358782,7.372000217437744,16.774446487426758
1295285,i,-11.120995903100406,33.89280572509613,33.895480427190385,36.472999572753906,6.056357383728027
1295285,z,-10.545763651098541,35.54800431749436,35.54878399336673,30.325000762939453,3.527130603790283
1295285,z,-5.3260878518763715,73.05683917168535,73.07100399642309,59.25299835205078,9.672113418579102
1295285,r,-3.362567283250988,98.5961721308486,98.55838837629986,100.9800033569336,7.437873363494873
1295285,i,-3.3422572606841774,84.90999785412117,84.87856066751782,92.4229965209961,5.346673011779785
1295285,z,-2.6615439237476286,84.35622502900681,84.37154647017834,87.69999694824219,4.0987868309021
1295285,r,2.5279944226346975,95.04243512934855,95.03487774584313,91.70500183105469,1.7412102222442627
1295285,i,2.5384770149284748,88.36380994257965,88.35494740975498,89.70099639892578,1.9047021865844727
1295285,z,2.554856065380352,90.69276545006115,90.68452443607214,93.56700134277344,2.6843535900115967
1295285,r,7.102335633902283,76.35835605100075,76.35750194417028,77.02200317382812,2.056565284729004
1295285,i,7.112818226191293,78.00149286642021,78.00014229747906,79.02200317382812,2.068387508392334
1295285,z,7.1704724837975355,77.04167569804783,77.04419178025105,77.3280029296875,2.7419028282165527
1295285,r,10.36569764669389,60.42690532577694,60.432574148745324,50.99700164794922,6.356656074523926
1295285,i,10.377490563019622,67.09009938441572,67.09496312741825,60.78900146484375,4.91628360748291
1295285,z,10.392559289439545,62.46633064065217,62.47471563281952,52.78900146484375,4.733107566833496
1295285,r,15.018658300145738,38.07774999977157,38.07877554458507,40.66699981689453,3.203106164932251
1295285,i,15.02848573041877,51.29382119084043,51.294427878146266,53.138999938964844,2.582336664199829
1295285,z,15.045519942891392,47.50126303640763,47.5037354418283,44.7760009765625,3.7100093364715576
1295285,r,18.867735157232985,25.43315830543241,25.43485611449906,27.142000198364258,4.260671615600586
1295285,i,18.87952807355872,41.387425246319836,41.3883421474412,39.5880012512207,2.4369654655456543
1295285,z,18.88935550383175,43.126555518295035,43.128144744361734,40.9109992980957,6.662926197052002
1295285,r,23.51479935252197,16.144454631258338,16.145819260884952,16.66699981689453,1.9281706809997559
1295285,i,23.52528194481098,32.13868896858252,32.13928019072876,36.46500015258789,3.0401976108551025
1295285,z,23.5403506712309,39.22006207574634,39.22020903838326,38.75899887084961,3.7854628562927246
1295285,r,26.173446822487847,12.856221879056454,12.856689329886931,11.340999603271484,3.785386562347412
1295285,z,26.77750620329283,35.896151885546,35.89735461285997,33.91699981689453,5.517056465148926
1295285,z,30.01793754544895,31.708467800371096,31.70866460932887,39.29399871826172,7.5811567306518555
1295285,i,34.53724514718374,17.196704206908475,17.197426471419256,18.608999252319336,2.3190665245056152
1295285,r,34.56738260001882,7.614161016181542,7.614576941363381,7.453000068664551,1.562133550643921
1295285,z,34.63355396386137,25.007541458382658,25.007875290688652,26.34000015258789,2.793057680130005
1295285,r,39.14827543147001,6.502908573867573,6.503091778140058,5.426000118255615,1.5993003845214844
1295285,i,39.15875802375902,13.822422543701386,13.822789175583036,15.10099983215332,2.0867018699645996
1295285,z,39.17448191219492,19.82780506116115,19.828080992573703,17.9060001373291,2.890252113342285
1295285,r,43.73768536915275,5.78546963397706,5.7856713595661855,6.321000099182129,1.6116893291473389
1295285,i,43.74816796144176,11.785237298573431,11.785703754490141,11.390999794006348,2.022601366043091
1295285,z,43.76389184988243,16.588855519944524,16.58938064719314,14.487000465393066,2.7904999256134033
1338471,r,-13.815708242727709,5.810562425306681,5.812885153238305,3.753000020980835,6.074209213256836
1338471,i,-13.814402998278892,5.261615459938439,5.263091064554969,6.070000171661377,7.748644828796387
1338471,z,-13.813097753830073,5.284305202956445,5.285646837356352,15.496000289916992,11.315250396728516
1338471,r,-7.322769733404388,40.2693792727547,40.30305963323872,41.417999267578125,8.983766555786133
1338471,i,-7.32146448895557,31.95758965817019,31.97983539754685,27.676000595092773,9.99666976928711
1338471,z,-7.320159244506752,31.019699065398783,31.041446217088357,40.005001068115234,12.424159049987793
1338471,r,-3.3359005653037834,66.44241966971472,66.40964915502529,68.4219970703125,7.169295787811279
1338471,i,-3.3345953208549655,52.51499644868646,52.4934211314011,36.040000915527344,9.893396377563477
1338471,z,-3.332637454184112,50.27571875578164,50.253372078023844,58.25899887084961,14.688087463378906
1338471,r,3.179227099644698,63.04425670952405,63.046701307207485,68.7979965209961,9.504626274108887
1338471,i,3.180532344093516,56.31892736489609,56.32185652217837,51.244998931884766,8.780336380004883
1338471,z,3.1824902107643687,55.631260623727385,55.632759085724196,52.356998443603516,9.166604995727539
1338471,r,9.638881875530279,35.39572640923182,35.392217788866255,34.180999755859375,3.4346871376037598
1338471,i,9.640187119979098,42.43171707141487,42.427304792807526,46.55099868774414,4.549251556396484
1338471,z,9.642144986649951,36.756191025410146,36.746282349228764,38.922000885009766,5.4072980880737305
1338471,r,14.20201646766775,19.4422989795684,19.441583066549235,12.569000244140625,5.874617576599121
1338471,i,14.203321712116567,30.947400497004388,30.948288784110492,26.867000579833984,6.515621185302734
1338471,z,14.205279578792169,28.66190071294985,28.661919266199874,35.395999908447266,8.506750106811523
1338471,r,22.663263605409934,7.258715222679352,7.2609873980953905,10.663000106811523,3.954479694366455
1338471,i,22.664568849858753,16.165571668324432,16.166550415248217,16.93899917602539,5.741591453552246
1338471,z,22.665874094307572,21.758072565089883,21.757252115082093,15.92199993133545,6.922439098358154
1338471,r,25.30246788037886,6.0512532903662875,6.051049141022269,15.472000122070312,5.0783843994140625
1338471,i,25.30377312482768,13.104621986181531,13.105793638279797,8.027000427246094,8.22224235534668
1338471,z,25.30573099150328,18.665055469821215,18.666270973525965,27.979000091552734,10.949640274047852
1338471,r,29.862991983623445,4.508902485483301,4.509135255254175,10.02400016784668,5.569358825683594
1338471,i,29.86429722807226,9.37037172943022,9.370979778580093,8.5600004196167,7.730910778045654
1338471,z,29.86560247252108,13.495594042933366,13.495721356250316,14.302000045776367,11.774185180664062
1338471,r,34.431347553556186,3.764326542042071,3.7639434925574937,5.982999801635742,11.184614181518555
1338471,i,34.432652798005,7.655825609088345,7.655294245734597,8.017999649047852,9.27792739868164
1338471,z,34.43461066467586,10.125259575971933,10.124604047699846,3.194000005722046,11.119819641113281
1912110,r,-13.261611619106935,27.112897182780323,27.11914657387044,21.468000411987305,5.593811511993408
1912110,i,-13.260311845938457,26.5533078462429,26.559262229099236,22.118999481201172,7.453670978546143
1912110,z,-13.256412526433017,25.922348275187556,25.92830638191723,11.515000343322754,9.156996726989746
1912110,r,-10.006979605896502,52.811312609444215,52.81183299526171,61.53799819946289,4.2387614250183105
1912110,i,-10.005679832728022,51.41312949778613,51.41325567917935,58.86899948120117,5.887718200683594
1912110,z,-10.001780513222585,50.33580899911513,50.336631396817836,50.92900085449219,7.7275848388671875
1912110,r,-7.410682702386124,74.68395183222499,74.70968496660032,45.72700119018555,14.746129989624023
1912110,i,-7.409382929217644,72.222146484854,72.244763757938,73.33499908447266,12.08554744720459
1912110,z,-7.4074332694672895,70.94173940979773,70.95846097577692,73.20700073242188,11.195005416870117
1912110,r,-2.2479836782403932,97.24714019636632,97.23078056671322,96.85900115966797,3.845677137374878
1912110,i,-2.246683905071914,94.08190488132408,94.06562127313698,88.24199676513672,5.5149245262146
1912110,z,-2.2427845855664756,98.53620530847053,98.52886478613618,112.11000061035156,7.258225917816162
1912110,r,1.7098256189755419,94.08603217950292,94.0791865302967,112.75,9.263692855834961
1912110,i,1.7111253921440213,94.87412263204769,94.868193311127,87.75800323486328,20.447559356689453
1912110,z,1.713075051894376,105.31422770266295,105.30763562293046,94.78099822998047,25.406034469604492
1912110,r,6.8803232821321485,77.93234191703277,77.93180337433658,74.0,4.351227283477783
1912110,i,6.882272941887232,85.1118358985449,85.11110138463118,78.69499969482422,5.599600315093994
1912110,z,6.885522374806066,91.57881774529484,91.57874155055418,106.54000091552734,7.7275848388671875
1912110,r,13.351244000089967,48.66755724922392,48.673285196957174,49.32600021362305,14.764692306518555
1912110,i,13.352543773258445,64.01166297610933,64.01379714900119,54.481998443603516,11.84471607208252
1912110,z,13.35579320617728,60.556277255349656,60.56409445223305,49.948001861572266,12.043893814086914
1912110,r,19.844260861907205,25.252981200420912,25.254905775951208,30.02400016784668,4.634029865264893
1912110,i,19.845560635075685,46.05158764950112,46.052009766337505,42.43199920654297,6.4067702293396
1912110,z,19.848810067994517,49.33682743143709,49.33843581157713,32.94200134277344,8.698866844177246
1912110,r,24.38956763115289,16.177286690643335,16.178234017089615,24.35099983215332,6.967423439025879
1912110,i,24.39086740432137,35.89471098997858,35.89281729157386,35.400001525878906,7.933134078979492
1912110,z,24.39281706407172,46.401340959130096,46.40267499465345,37.555999755859375,9.611760139465332
1341426,r,-9.712430069257993,36.202062564503834,36.20269748510895,34.86399841308594,3.9112589359283447
1341426,i,-9.711143332917327,33.840436548645755,33.840568575005335,39.39500045776367,5.3557305335998535
1341426,z,-9.709856596576662,31.99587161008976,31.996735473957404,35.24700164794922,7.345484256744385
1341426,r,-5.210782982352955,65.24756275506985,65.25767551624863,55.12900161743164,8.802445411682129
1341426,i,-5.2094962460122884,59.950572014401864,59.959019243223544,59.36000061035156,10.113852500915527
1341426,z,-5.20756614150363,57.37092459027049,57.379335292642686,51.827999114990234,11.681315422058105
1341426,r,2.546307045772488,68.14759169905338,68.13954901438193,76.60399627685547,5.33151912689209
1341426,i,2.5475937821131542,67.16635763068354,67.15971351513627,64.4749984741211,6.130140781402588
1341426,z,2.5495238866218126,70.06118520221521,70.05332083366378,67.62300109863281,8.111577033996582
1341426,r,5.097261840621,60.84154972090951,60.84097675221039,66.0,5.071753978729248
1341426,i,5.098548576961666,63.38345692222934,63.38233823505193,51.097999572753906,6.977959156036377
1341426,z,5.099835313302332,65.32162128914587,65.32143129488398,63.74300003051758,11.46565055847168
1341426,r,9.592475245822708,45.42367287173778,45.42111527523292,35.76599884033203,5.783468246459961
1341426,i,9.593761982163375,54.004807520030525,54.001607785718996,53.0989990234375,7.2788310050964355
1341426,z,9.59504871850404,51.47154018660148,51.462665453249265,49.645999908447266,10.94526481628418
1341426,r,14.096052437236406,28.88219461211271,28.884290874720534,26.78499984741211,5.573332786560059
1341426,i,14.097339173577073,42.350789333518506,42.35195645729633,49.93199920654297,6.4351487159729
1341426,z,14.098625909917738,38.277780224653306,38.280464412522896,55.125999450683594,8.673808097839355
1915087,r,-13.880560243303995,3.3164891447304776,3.3211357643926793,-1.156999945640564,4.580084323883057
1915087,i,-13.879279964727493,3.3398216640337446,3.343157249867373,2.4119999408721924,6.454288959503174
1915087,z,-13.87735954686507,4.248648545050536,4.251828809584958,-7.882999897003174,8.723160743713379
1915087,r,-10.636974470401602,14.392395186900165,14.402222624683105,15.527999877929688,5.732836723327637
1915087,i,-10.6356941918251,12.676758512430428,12.683649594061526,7.889999866485596,7.970223426818848
1915087,z,-10.631853356095597,13.464479175516864,13.470206166085948,0.27000001072883606,9.963334083557129
1915087,r,-7.4311569154943555,37.89543201324976,37.93417133153768,45.39799880981445,4.340149879455566
1915087,i,-7.429876636917855,31.64692067483384,31.6750140336326,29.27199935913086,6.207909107208252
1915087,z,-7.42603580118835,30.529391852574825,30.5555886225775,39.85499954223633,8.389878273010254
1915087,r,-4.873800459452287,61.42265133906385,61.41143959982467,49.13399887084961,15.09881591796875
1915087,i,-4.872520180875785,50.78051653261026,50.77286384479435,50.64099884033203,13.258243560791016
1915087,z,-4.870599763013362,46.994705623204325,46.989715965933954,47.50199890136719,12.367729187011719
1915087,r,0.2114660453723204,72.8360418113275,72.83097497473875,74.62999725341797,3.960520029067993
1915087,i,0.2127463239488217,64.9761995361572,64.971374784769,62.38800048828125,5.935708045959473
1915087,z,0.21658715967832567,59.00921048765867,59.00593154633564,55.31399917602539,8.120078086853027
1915087,r,4.1099143100270545,60.90963607015113,60.90922261354415,53.82600021362305,9.683759689331055
1915087,i,4.111194588603556,61.29262902177433,61.29203607665789,46.257999420166016,23.341522216796875
1915087,z,4.113115006465979,56.334045036920834,56.33258207959836,30.066999435424805,29.197364807128906
1915087,r,9.20286248631067,34.189343127906525,34.19232132878559,34.84400177001953,4.688854694366455
1915087,i,9.204782904177751,47.782675753723694,47.7846801628206,43.06700134277344,6.178860187530518
1915087,z,9.207983600616675,40.14634629091511,40.154511347260595,55.07699966430664,8.795711517333984
1915087,r,15.57672937812536,12.853331099051434,12.857146340329718,-7.499000072479248,16.015899658203125
1915087,i,15.578009656701862,27.69960879277756,27.700179698030844,31.993000030517578,13.167868614196777
1915087,z,15.581210353140786,29.634570463768746,29.635146301696608,37.70500183105469,13.149924278259277
1915087,r,21.972361005735916,5.809344440337651,5.8097421996033525,7.001999855041504,5.034360885620117
1915087,i,21.973641284312418,14.310436340754418,14.310884129433768,20.315000534057617,6.5909271240234375
1915087,z,21.97684198075134,23.561820905962268,23.562237572387875,28.898000717163086,9.548432350158691
1915087,r,26.44949518684815,4.5333730395485485,4.533588714455229,15.07699966430664,7.064740180969238
1915087,i,26.450775465424652,9.259230168749877,9.259197433254178,13.89799976348877,8.227361679077148
1915087,z,26.452695883287078,17.307292617932244,17.30886805297214,14.045000076293945,10.678645133972168
1643338,i,-13.136574002505059,8.871115162453872,8.872800641028556,9.293000221252441,2.5845284461975098
1643338,r,-13.072207943257396,8.740220732148462,8.742210184095189,20.52199935913086,7.297572612762451
1643338,z,-7.410543880459413,30.473692900229654,30.49077927241016,30.583999633789062,3.0624544620513916
1643338,r,-6.771981589720213,34.1452389612441,34.13111995268173,32.9109992980957,1.4900132417678833
1643338,i,-6.759873123129207,33.93304774692602,33.91976104408761,34.698001861572266,1.8983705043792725
1643338,z,-4.215183275901667,43.65993121444828,43.656837493927334,42.862998962402344,2.5974743366241455
1643338,r,-2.3109675825619584,47.27482262600118,47.259310897074556,45.68299865722656,1.3584730625152588
1643338,i,-2.2975845405400754,47.48176929290227,47.46900929568974,46.41299819946289,2.220864772796631
1643338,z,-0.39145698405173407,49.81008335552996,49.82033405035918,49.356998443603516,4.1794753074646
1643338,r,0.887579460570659,47.04388541921675,47.04118629505401,48.09199905395508,1.939345359802246
1643338,i,0.9022370780234181,49.43226983086056,49.43029364820694,52.45800018310547,2.58681583404541
1643338,z,4.0459773776376275,48.46259235809025,48.461493183910775,45.8849983215332,3.7986724376678467
1643338,i,7.2426125576262494,42.038417279677326,42.03857087902214,41.084999084472656,4.354816436767578
1643338,r,7.87352739578019,31.173054619155263,31.172645291564876,32.86399841308594,8.012312889099121
1643338,z,12.96354437794839,29.218800364478383,29.219717900239445,29.207000732421875,2.955562114715576
1643338,i,13.60975412126821,28.97612033815821,28.97547269606228,28.14900016784668,2.8784327507019043
1643338,r,14.262974029460167,15.183811774042042,15.184048701687766,15.25100040435791,1.4504348039627075
1643338,z,18.077141005580845,24.41012701494488,24.41031361552088,35.46099853515625,5.325891494750977
1643338,i,18.718252447181797,19.560010659541067,19.56119958055002,14.446999549865723,3.2340915203094482
1643338,r,19.351716436197492,8.195107147319879,8.19501903061142,13.510000228881836,3.2163333892822266
1643338,i,25.708024108683958,11.258137907529791,11.258751066753794,12.901000022888184,7.233248710632324
1300531,r,-13.51786071292185,13.705003347912397,13.70636553819573,10.343000411987305,4.691686630249023
1300531,z,-13.51470747169104,12.656127958443431,12.657668424146115,17.000999450683594,8.983392715454102
1300531,r,-10.312275680661713,27.762166284377013,27.765231189020955,30.302000045776367,5.022017002105713
1300531,i,-10.311014384174895,27.789082576457155,27.792293529058057,21.417999267578125,5.788933753967285
1300531,z,-10.309122439435491,25.569607212078644,25.57275148272536,17.207000732421875,8.639904022216797
1300531,r,-7.177953900159154,43.360471327721136,43.36483779881613,46.159000396728516,3.679676055908203
1300531,i,-7.176692603667748,43.1889969514003,43.193239076021804,46.11800003051758,4.708711624145508
1300531,z,-7.175431307176342,39.801357170820935,39.8047897424456,36.44599914550781,6.229160308837891
1300531,r,0.95110198529876,55.593327573372484,55.59157074231498,50.665000915527344,5.056051254272461
1300531,i,0.9523632817901665,57.35947165377996,57.35853438350363,59.685001373291016,7.014335632324219
1300531,z,0.9542552265295704,57.321248040372105,57.3197459238981,62.770999908447266,9.674585342407227
1300531,r,4.741297941204178,48.322643443022145,48.321700503452796,50.17599868774414,11.094082832336426
1300531,i,4.742559237695584,53.82169730852463,53.82125593346498,57.79600143432617,4.956431865692139
1300531,z,4.745081830678397,54.02632498139845,54.025420551513434,45.60599899291992,10.316256523132324
1300531,r,9.143222695317819,36.91834697354595,36.91849185410751,40.0890007019043,3.784780979156494
1300531,i,9.145114640052634,46.5479085281028,46.54847507737025,41.91299819946289,5.417353630065918
1300531,z,9.14637593654404,44.96074610097441,44.961767637115784,46.40800094604492,7.549379825592041
1300531,r,11.768611341645716,29.025589081543142,29.023866212857317,25.660999298095703,4.582578182220459
1300531,i,11.769872638137123,40.8233109474994,40.82344440178526,42.027000427246094,5.712790012359619
1300531,z,11.771764582871938,37.914955823998724,37.91262996518279,32.5989990234375,8.227928161621094
1300531,r,19.87244129728009,11.669263174573539,11.66988807611616,10.206000328063965,3.7857820987701416
1300531,i,19.873702593771498,24.066177402982074,24.06645268308475,23.722000122070312,5.074200630187988
1300531,z,19.875594538506313,27.942640009296706,27.94375344973059,26.06399917602539,6.992000579833984
1300531,r,24.297700036477867,7.473054589814761,7.474062833793562,9.833000183105469,3.008005142211914
1300531,i,24.298961332969274,17.180698323665524,17.17923480340583,15.29800033569336,4.523936748504639
1300531,z,24.30085327770409,25.821583763965283,25.824686642618325,21.21299934387207,6.457801818847656
1300531,r,28.714760348483797,5.458608606417525,5.459111595426584,4.886000156402588,3.6926889419555664
1300531,i,28.716021644975203,12.44296991397855,12.44312476405275,14.74899959564209,5.199075698852539
1300531,z,28.71728294146661,23.027567907647406,23.028111626575022,38.38199996948242,7.182710647583008
1300531,i,30.608597029942807,10.939759225034777,10.94119917744452,-27.155000686645508,26.809606552124023
1300531,z,30.60985832643421,21.261123979982987,21.25716849717755,59.941001892089844,42.466182708740234
1300531,r,31.871154817583673,4.425365378846122,4.4255110553749955,-0.4300000071525574,6.925919055938721
1300531,i,31.87241611407508,10.087402145730112,10.08764622464974,-7.642000198364258,7.849883556365967
1300531,z,31.874308058809895,19.968188983350768,19.96841916439124,23.80900001525879,9.963284492492676
1300531,r,38.179529218070385,3.3699724435585154,3.3699065670728614,-0.5770000219345093,3.4464430809020996
1300531,i,38.1814211628052,7.288505148247756,7.288545943019225,8.359999656677246,5.030544757843018
1300531,z,38.18268245929661,14.355280337803714,14.355595904694097,31.761999130249023,7.232231616973877
1300531,r,43.8591473177126,2.928861636738956,2.92885282732971,1.7350000143051147,3.1171140670776367
1300531,i,43.860408614204005,6.074066135956989,6.074197189973885,8.036999702453613,4.492464542388916
1300531,z,43.8623005589434,11.289469588552459,11.289904509185105,4.7769999504089355,6.1901750564575195
1258118,r,-9.622298377857016,20.903544905086562,20.904935504379534,41.58300018310547,15.290777206420898
1258118,i,-9.621068652966144,23.61299342191923,23.613893169251796,30.809999465942383,11.880908012390137
1258118,z,-9.619224065632073,22.344790071573915,22.345257440259523,17.64699935913086,14.549863815307617
1258118,r,-7.2809021861115255,32.170212583640705,32.18461513519703,25.701000213623047,7.820279598236084
1258118,i,-7.279672461225127,35.548330423295496,35.5617794770296,40.91899871826172,11.233084678649902
1258118,z,-7.277827873886583,33.429721861610155,33.44062640889514,26.277999877929688,15.491060256958008
1258118,r,-2.3786039096513965,47.71132549308861,47.69230160982012,49.03499984741211,4.069131851196289
1258118,i,-2.3773741847605248,52.97702625329045,52.95820706420664,50.97800064086914,5.113026142120361
1258118,z,-2.376144459869653,50.763870109370274,50.74801155780942,48.23500061035156,7.062195777893066
1258118,i,0.07592697202744708,54.77130769909301,54.76888963754985,53.202999114990234,20.853878021240234
1258118,z,0.07715669691831877,53.80370060631778,53.8008350822184,24.812999725341797,27.4365177154541
1258118,r,1.9198994455159957,45.12840244279215,45.12542361717411,51.292999267578125,9.698503494262695
1258118,i,1.9211291704023936,54.11458149545333,54.11192911074337,53.49399948120117,9.036300659179688
1258118,z,1.922973757740938,54.44661225533321,54.443522803114114,61.909000396728516,9.904050827026367
1258118,r,6.218402800678914,34.34359934350171,34.34297080776975,20.545000076293945,11.732540130615234
1258118,i,6.219632525569786,46.00749034411816,46.0082882521316,55.80099868774414,13.840987205505371
1258118,z,6.220862250460657,50.20277761390412,50.200928448645755,50.48699951171875,14.723921775817871
1258118,r,12.967747862852534,17.187089584922894,17.187629943598733,17.392000198364258,3.687551259994507
1258118,i,12.968977587743407,28.67330414511178,28.673798993540622,28.115999221801758,4.535799026489258
1258118,z,12.97082217508195,35.720702621775246,35.72148083142037,38.04399871826172,5.7814812660217285
1258118,r,17.889106875118937,9.344786764687639,9.345802051930084,8.871000289916992,7.280767440795898
1258118,i,17.89033660000981,18.472699310991306,18.473807268126688,15.392000198364258,9.261584281921387
1258118,z,17.89156632490068,29.104919337825244,29.105541527802078,14.300999641418457,12.521349906921387
1258118,r,24.043265090235924,4.972332301714999,4.9726354932935655,-3.242000102996826,8.370390892028809
1258118,i,24.04449481512232,10.973288065907658,10.973656746623139,10.932000160217285,6.928798675537109
1258118,z,24.046339402460866,22.6858782601154,22.6862322083871,23.538999557495117,7.398490905761719
1258118,r,26.54514038020214,4.151472215624846,4.15253198952056,7.182000160217285,6.213401794433594
1258118,i,26.546370105093015,9.10661497418462,9.106492032083395,-1.031999945640564,9.612488746643066
1258118,z,26.547599829983884,20.063972390259845,20.06501402138822,23.381999969482422,10.826980590820312
1258118,r,28.99290777498343,3.6148847561588555,3.614906031993594,2.263000011444092,6.767753601074219
1258118,i,28.9941374998743,7.61754375972154,7.617630877358087,14.092000007629395,7.691859722137451
1258118,z,28.995982087212845,17.733222014251286,17.733394686015373,13.946000099182129,9.61288070678711
1258118,r,33.26497204500379,2.8091370774824482,2.8084224317660906,-0.11599999666213989,5.009303569793701
1258118,i,33.26620176989466,6.006291830078317,6.006338488209456,4.144000053405762,6.18234920501709
1258118,z,33.26743149478106,13.947275048650564,13.947722970840909,22.47100067138672,9.117570877075195
1258118,r,37.594218522434026,2.392322689058847,2.391820582925809,-27.601999282836914,24.626779556274414
1258118,i,37.595448247324896,5.011059873388393,5.011157733143105,21.836999893188477,14.470123291015625
1258118,z,37.59667797221577,11.346844585535207,11.34732075841623,10.053999900817871,15.180551528930664
1258118,r,42.48483441243311,2.170472602790559,2.1704351286903902,-16.607999801635742,8.400070190429688
1258118,i,42.486064137323986,4.32113944456523,4.3212092084761675,14.13700008392334,8.597150802612305
1258118,z,42.487908724662525,9.511227706097785,9.51140095485668,14.694999694824219,10.3510103225708
1297580,r,-12.719173380432714,6.219584203918231,6.224000432451851,4.678999900817871,3.6951966285705566
1297580,i,-12.709394983193402,7.007550642658144,7.0109521070430665,3.121999979019165,2.8260438442230225
1297580,r,-7.890478594675769,24.996741859569475,24.99676019688228,25.993000030517578,1.6136181354522705
1297580,i,-7.881311347266138,24.12558959265414,24.125462053702538,25.39299964904785,2.0052106380462646
1297580,z,-7.866032601581937,20.346877540654486,20.34591702038437,22.882999420166016,2.5195531845092773
1297580,r,-4.7730033254559165,42.39063472972918,42.3897518503412,39.61600112915039,1.730890154838562
1297580,i,-4.758946879426629,39.374955468670855,39.37315719372383,38.75400161743164,1.745699405670166
1297580,z,-3.628930848687715,35.75339202062616,35.76548867697094,41.909000396728516,3.916382312774658
1297580,r,-0.576848610990194,47.07328272712799,47.06236804390302,51.33000183105469,3.118985176086426
1297580,i,-0.5670702137508827,46.43177125413419,46.42541550182216,45.44200134277344,2.311594247817993
1297580,z,0.03430121634225852,40.6543855998746,40.65349612582925,71.75499725341797,11.133102416992188
1297580,r,1.911753485907624,44.23527131198359,44.23121629259974,47.44200134277344,3.8530631065368652
1297580,i,1.9215318831469355,45.90032071241667,45.89765014808313,40.7239990234375,3.532554864883423
1297580,z,6.122575796227867,38.58089424090123,38.57954309293335,37.03200149536133,3.7516424655914307
1297580,r,6.257639908071398,31.660449676525896,31.65849061988924,31.899999618530273,2.666811227798462
1297580,i,6.7312810242504915,36.06109146412282,36.05976042672251,31.670000076293945,3.0432558059692383
1297580,i,9.921483122926606,28.22281679579163,28.223091354056056,30.54400062561035,1.6908247470855713
1297580,r,10.393290789629997,19.450529671446958,19.45264433313787,19.04199981689453,2.2123820781707764
1297580,z,14.080357697924123,25.314405479549407,25.315464671781772,25.575000762939453,2.7396678924560547
1297580,i,14.176919370644535,18.70118394916301,18.701578019949206,19.875,2.703719139099121
1297580,r,14.6872294764666,10.819172434270348,10.81957510628269,13.3149995803833,2.2191479206085205
1297580,i,16.613573732219628,14.503335490285714,14.503805865816474,18.920000076293945,3.540557384490967
1297580,z,17.229612758167292,21.90831725506082,21.909361426163244,22.496000289916992,4.690245151519775
1297580,r,18.426244120087897,6.481173432452565,6.480284265052877,12.739999771118164,10.562376022338867
1297580,i,20.175966075739215,10.203723853572649,10.203710496588329,-0.8119999766349792,4.981016635894775
1297580,z,20.236469908646338,18.826352091243642,18.826398769422216,17.13800048828125,5.772822380065918
1297580,r,24.46807131309567,3.6706289237515946,3.670866926676303,2.88700008392334,1.628277063369751
1297580,z,24.53896469306289,14.825083910630086,14.82511673465872,10.706999778747559,2.851801872253418
1297580,r,28.785844843196422,2.9236625864736574,2.923775482329252,2.999000072479248,1.1377642154693604
1297580,i,28.795623240435734,5.089038662778203,5.088970051352418,4.158999919891357,1.7182621955871582
1297580,z,28.80967968646502,11.193563752342252,11.193753329353497,12.222999572753906,2.7410523891448975
1297580,i,33.073672031762904,4.134695388769962,4.134715659778263,2.9800000190734863,1.6016535758972168
1297580,z,33.0858950283076,8.588307174937496,8.588799057089023,8.22700023651123,3.1909725666046143
1297580,r,34.89734311652095,2.179011368752738,2.179014920088909,0.46000000834465027,2.08721661567688
1297580,i,34.910177262895324,3.9053985465326875,3.9053691858355077,1.3530000448226929,5.817855358123779
1297580,z,34.91751106082481,7.840593982511071,7.84106540178218,7.2789998054504395,8.00165843963623
1297580,z,36.033470645534436,7.498162745451153,7.498424928343982,8.829000473022461,3.906691789627075
1297580,r,41.59921212304884,1.8805847560933662,1.8810102525965158,-2.1530001163482666,2.104130983352661
1297580,i,41.60899052028815,3.1810269699739986,3.1809745329802968,1.2890000343322754,2.299018621444702
1297580,z,41.6328253635523,6.389882789032061,6.39015055290418,4.163000106811523,4.600261211395264
1297580,r,44.08414732098636,1.861946512684076,1.8618486117090711,1.3270000219345093,2.0996205806732178
1318847,r,-14.562269413054356,8.26873999387685,8.268972257532258,2.4159998893737793,4.954949855804443
1318847,i,-14.560463348278956,8.770969840021943,8.771002579080545,5.629000186920166,7.223502159118652
1318847,z,-14.559259305093898,8.190230437055943,8.190343461883845,0.9909999966621399,10.626632690429688
1318847,r,-7.960500630725444,35.19368151664636,35.19413654878455,28.035999298095703,7.351343631744385
1318847,i,-7.958694565945666,36.19028359478597,36.19048679350145,31.48900032043457,7.9912519454956055
1318847,z,-7.957490522760606,33.88106323764335,33.88146851909063,46.85900115966797,8.618903160095215
1318847,r,-5.5277313758066855,46.55751240042088,46.54618542166312,50.65299987792969,7.117110252380371
1318847,i,-5.526527332621627,47.306963086437165,47.29668167466775,46.922000885009766,11.921806335449219
1318847,z,-5.524721267846228,44.5186697233257,44.51140226622833,69.48799896240234,11.943845748901367
1318847,r,-1.393649100750101,52.06498448746352,52.06180758013598,55.99800109863281,4.819815158843994
1318847,i,-1.3924450575650422,53.63155080282944,53.62977371871167,45.016998291015625,6.7059526443481445
1318847,z,-1.3906389927896439,53.175740576712,53.17813103093433,64.07099914550781,8.235980987548828
1318847,i,2.213062259360185,52.69691678902352,52.698318557597375,52.90800094604492,15.295464515686035
1318847,z,2.2148683241355833,55.04423756069773,55.04903926569123,44.99800109863281,21.048202514648438
1318847,r,2.813277786987217,46.46643418378727,46.46325873021461,48.87099838256836,9.148138999938965
1318847,i,2.814481830172276,51.9295900527164,51.92741516128372,49.6349983215332,10.072548866271973
1318847,z,2.8162878949520542,54.64896082953085,54.64590135338799,45.66299819946289,11.170676231384277
1318847,r,7.085223006708956,36.10864594024247,36.10870950247059,20.18000030517578,16.668651580810547
1318847,i,7.086427049894015,43.43440139086876,43.43388152008154,26.860000610351562,12.538225173950195
1318847,z,7.088233114669413,50.165315841921604,50.16462899623086,33.57500076293945,11.49291706085205
1318847,r,11.268671052344196,25.515942076467475,25.518424382299855,25.219999313354492,4.210206031799316
1318847,i,11.269875095529255,33.2220896203619,33.223466559789415,38.77000045776367,7.177094459533691
1318847,z,11.271681160304652,41.62605347135659,41.6299399113168,40.31100082397461,9.422412872314453
1318847,r,15.49064847989256,15.787926223504583,15.789372501405905,17.81599998474121,4.010005950927734
1318847,i,15.491852523077618,23.594355889489798,23.594701261649778,25.56599998474121,5.9260969161987305
1318847,z,15.493056566262677,32.92348398922025,32.92502140627938,32.45800018310547,7.785052299499512
1318847,r,18.496542290776713,11.094801916970356,11.09582018379075,11.640000343322754,6.366360187530518
1318847,i,18.497746333961775,18.563904060649335,18.56391228217721,25.2189998626709,10.367138862609863
1318847,z,18.499552398741553,28.80971603828222,28.810749794539092,24.77199935913086,12.45859432220459
1318847,r,22.704071200108753,6.994114732497842,6.994762636452169,-11.630999565124512,13.452439308166504
1318847,i,22.705275243293812,13.31003184293855,13.310629494462269,11.756999969482422,11.185331344604492
1329168,r,-14.764579582030814,5.073156155689847,5.075871714345728,3.510999917984009,2.15865159034729
1329168,z,-12.427309031059643,12.170278301807365,12.17129069983316,12.442000389099121,7.099913120269775
1329168,r,-12.333698960523707,12.206709570461358,12.207951576797972,11.111000061035156,2.6307857036590576
1329168,r,-11.77024980984308,14.415393286779544,14.418304024928094,17.961999893188477,3.375304698944092
1329168,i,-9.42761307648121,25.912574715972863,25.91338513031129,26.170000076293945,6.718667030334473
1329168,r,-6.37485154052028,47.79661791884124,47.848226640979,54.16699981689453,5.705331802368164
1329168,i,-3.440742259566414,57.78017390884476,57.76118267355576,55.8489990234375,2.9938292503356934
1329168,r,1.8950317610079621,57.36594613559599,57.36107720416983,54.70899963378906,1.534435749053955
1329168,i,1.9051678832952375,59.9715993598493,59.96722697580924,61.702999114990234,1.7326250076293945
1329168,z,1.9475010999050129,59.58370095305064,59.58164827974802,57.86000061035156,3.2305328845977783
1329168,r,5.456984381291794,44.19878964267529,44.19674891469474,46.3129997253418,2.4821088314056396
1329168,z,6.016856077046736,54.75356491400212,54.75386024621199,51.76300048828125,6.11405611038208
1329168,r,10.22215434133417,27.147358547218822,27.149237970476204,29.48699951171875,4.11414909362793
1329168,z,11.386615919408625,41.23882325088906,41.241342819702965,43.323001861572266,3.653043270111084
1329168,r,12.614875443642633,20.11114486171152,20.113813978110564,20.625999450683594,2.3447813987731934
1329168,i,13.819881510866189,26.627052585488048,26.626660625074823,30.224000930786133,3.0587260723114014
1329168,r,18.539737041858547,9.285591152998531,9.28718818353465,10.505999565124512,2.5842530727386475
1329168,i,18.586243955883795,16.99731889067175,17.000025697076957,16.427000045776367,2.5848562717437744
1329168,i,22.20901330989128,12.396857967446461,12.396885112647597,8.67199993133545,3.3121912479400635
1329168,i,24.56953731787724,10.320370563317761,10.322116038278628,8.539999961853027,6.4345903396606445
1329168,r,28.644258477400985,4.040704291249721,4.041280581589613,1.590000033378601,1.324472427368164
1329168,i,28.68361048157486,7.595861195478437,7.595966203610819,7.673999786376953,2.391389846801758
1329168,r,34.08556741826359,3.001689729102934,3.0016019214926346,1.9010000228881836,1.1054292917251587
1329168,i,34.09510729806108,5.761731915211065,5.761837858468532,4.60699987411499,1.3371212482452393
1329168,z,38.243762526035994,9.812311725990016,9.812445825286982,7.61299991607666,4.408044338226318
1329168,r,41.741917200160266,2.469020772903791,2.4692437617659944,1.2680000066757202,4.4988932609558105
1433108,r,-11.395405025123514,14.933355159580968,14.933906053025153,14.442000389099121,4.5155110359191895
1433108,i,-11.394217397821928,14.921375523446521,14.922468864759933,6.593999862670898,6.022780895233154
1433108,z,-11.39243595686739,13.97244846122409,13.973889115178121,7.644999980926514,8.056097030639648
1433108,r,-9.024900931643128,24.149502716010456,24.150462533132313,31.075000762939453,5.273268222808838
1433108,i,-9.02311949068859,23.48000508379428,23.48049197273039,24.285999298095703,7.247528076171875
1433108,z,-9.021931863387005,21.769928359300053,21.770595246003605,17.761999130249023,10.315382957458496
1433108,r,-6.725060662591947,34.89163584559852,34.872275829345746,34.3849983215332,10.624614715576172
1433108,i,-6.723873035290361,33.02619009600073,33.011713934566494,-4.835000038146973,14.915204048156738
1433108,z,-6.722091594335823,30.325112949208727,30.314478506196227,30.22599983215332,17.782424926757812
1433108,r,-6.124715061759385,37.661628394311094,37.66238382602358,11.791000366210938,26.38135528564453
1433108,i,-6.1235274344578,35.46905082658037,35.46909473066244,43.44599914550781,8.947490692138672
1433108,z,-6.121152179858949,32.5213136595595,32.521713172970436,32.94499969482422,12.942161560058594
1433108,r,-4.350993687206804,43.52751511955124,43.51717273784502,94.51200103759766,30.741710662841797
1433108,i,-4.3498060599052195,40.948798233129274,40.9406267589337,56.319000244140625,17.744054794311523
1433108,z,-4.348618432603634,37.67940575669207,37.67306622036686,88.09700012207031,21.568140029907227
1433108,r,0.38763924515511705,43.814603937504664,43.80832750331976,41.803001403808594,4.4814772605896
1433108,i,0.38882687245670233,44.17044425204436,44.16525267045595,40.917999267578125,5.661780834197998
1433108,z,0.39060831340692004,43.21213139346114,43.20429259155201,54.52299880981445,8.033727645874023
1433108,r,2.8466215725884867,39.35533373754796,39.352097743878275,41.03200149536133,4.885880947113037
1433108,i,2.8478091998900723,42.40139783118529,42.39905931355291,44.816001892089844,7.1506500244140625
1433108,z,2.84959064084029,42.804518006759366,42.801904661847374,27.31999969482422,10.47409725189209
1433108,r,5.833504235466354,32.162830372633174,32.16434057127104,36.49300003051758,3.7557520866394043
1433108,i,5.83469186276794,37.37697885182123,37.3754500066275,27.246000289916992,5.266108989715576
1433108,z,5.837660931019744,40.11982189145892,40.12122368222927,41.125999450683594,6.590383052825928
1433108,r,8.087620853412982,26.98757629917243,26.987900381620747,24.520000457763672,5.427422046661377
1433108,i,8.08940229436752,32.822010124789735,32.82178224592265,21.57699966430664,8.084762573242188
1433108,z,8.092371362619323,37.24378456443549,37.24337065396115,57.9109992980957,10.789395332336426
1433108,r,11.04065613820647,20.09273483734028,20.093358243614826,16.489999771118164,6.807801246643066
1433108,i,11.041843765508055,26.83967296263297,26.839532114327337,27.91699981689453,7.273022651672363
1433108,z,11.04481283375986,31.775464982457546,31.7761395748109,39.07699966430664,9.357769012451172
1433108,r,16.39032331710658,10.522857457701617,10.522654318411544,3.440999984741211,9.157147407531738
1433108,i,16.391510944408164,17.082988189813225,17.08241771278823,21.47800064086914,14.831581115722656
1433108,z,16.393292385358382,23.30954343459232,23.308996455603516,2.9549999237060547,18.895557403564453
1433108,r,16.982949340476676,9.78146036977399,9.781787106194736,17.684999465942383,9.930920600891113
1433108,i,16.984136967778262,16.253971928905095,16.254170235980546,11.5649995803833,13.869935989379883
1433108,z,16.98532459507985,22.621044090120055,22.621492759011815,21.71500015258789,17.07619857788086
1433108,r,17.577950618449943,9.103856960347436,9.105306605690403,19.520999908447266,7.490482807159424
1433108,i,17.57913824575153,15.47023790070074,15.471456319276639,6.4079999923706055,11.533636093139648
1433108,z,17.58210731400333,21.959372430824537,21.960030365131455,17.542999267578125,13.780473709106445
1433108,r,19.95558047573984,6.928100013637882,6.928491361301675,-1.0729999542236328,7.516509056091309
1433108,i,19.956768103041426,12.708782045983838,12.709087541854538,-7.5960001945495605,13.510974884033203
1433108,z,19.958549543991644,19.63729726697511,19.637818655735114,18.451000213623047,17.421321868896484
1433108,r,24.708464935716467,4.223543974625633,4.223619165599425,5.888999938964844,3.993989944458008
1433108,i,24.70965256301805,8.763980945107921,8.765440541778437,14.857999801635742,5.684216022491455
1433108,z,24.713215444922806,15.701393534658553,15.70082109570418,15.64799976348877,7.852643966674805
1433108,r,28.874067695177967,3.2772314115255843,3.277200412684697,9.54699993133545,8.067058563232422
1433108,i,28.875255322479553,6.395899379240777,6.396270950130538,5.236999988555908,8.052129745483398
1433108,z,28.877630577082723,12.901124332954682,12.901279316404034,12.970999717712402,10.126842498779297
1433108,r,33.04442096384581,2.4959740034438767,2.496074605389696,-2.0439999103546143,8.486477851867676
1433108,i,33.0456085911474,5.023883570240165,5.0239877604396925,1.0429999828338623,7.860412120819092
1433108,z,33.049171473047835,10.242954199101966,10.243272979684587,24.43400001525879,8.824105262756348
1433108,r,36.603739985971146,2.1973315112510634,2.1965022337440683,3.5789999961853027,4.0520477294921875
1433108,i,36.60492761327273,4.232393794327577,4.233039141586022,2.9130001068115234,5.9809699058532715
1433108,z,36.60789668152454,8.570629279036542,8.57070554511593,18.113000869750977,9.015840530395508
1433108,r,38.97008738389815,2.003041957769741,2.00309531276593,1.4320000410079956,5.717711925506592
1433108,i,38.97127501119973,3.914378955706246,3.914416365182157,0.3840000033378601,7.291378498077393
1433108,z,38.97424407945153,7.704412190366219,7.704591688762065,7.559000015258789,9.916998863220215
1433108,r,39.566276289173,1.9720031467257757,1.9722374139442351,2.7920000553131104,4.180176258087158
1433108,i,39.56746391647458,3.8443774252319383,3.844423261853606,6.936999797821045,5.937119960784912
1433108,z,39.56865154377617,7.51716942548554,7.517441506700207,-2.3440001010894775,7.8973822593688965
1433108,r,41.991411238513344,1.8888251976273513,1.8888274526201743,3.6010000705718994,5.432426929473877
1433108,i,41.99259886581493,3.5960963232927825,3.5961161986579473,20.86199951171875,9.561394691467285
1433108,z,41.99616174771968,6.863036329514558,6.863138227367716,16.606000900268555,9.50689697265625
1255730,i,-14.66144073990119,3.3864775493602592,3.387265489341274,8.784000396728516,4.025148868560791
1255730,r,-14.621852458170938,2.8712869125248095,2.8719267018775105,-5.839000225067139,4.304539203643799
1255730,i,-11.686410911167199,8.170966381403021,8.171829589203233,5.177000045776367,1.9082781076431274
1255730,r,-11.661003506474199,7.152994599803684,7.154197372551255,9.22599983215332,2.267838716506958
1255730,i,-9.351293158802129,13.27103567361446,13.271911348369763,14.335000038146973,1.9438077211380005
1255730,r,-9.319977055341816,11.994442871715872,11.995558557980834,13.529999732971191,1.6336033344268799
1255730,i,-4.679875914314229,25.037095306304252,25.035679914614047,26.035999298095703,1.9140087366104126
1255730,r,-4.640878502458558,23.49393853074041,23.494938331217735,21.719999313354492,1.8435263633728027
1255730,i,-2.311669448856503,27.33739877010308,27.329288454935835,24.40399932861328,3.431462287902832
1255730,r,-2.2986703115727125,24.822252277183278,24.812995252729305,27.5939998626709,4.1482133865356445
1255730,i,4.7486347067682715,24.751155899667786,24.749178912051434,27.320999145507812,3.5105443000793457
1255730,r,4.763997323558987,18.817056885032486,18.81672411126104,18.05299949645996,2.520193099975586
1255730,i,10.75719048202191,16.996335160660045,16.995945667609945,16.84600067138672,2.53749418258667
1255730,r,11.230477253191287,10.300072826790851,10.300404527672386,11.258999824523926,2.215358018875122
1255730,i,14.276411467120141,12.559243851529146,12.559784175128323,14.739999771118164,2.958117961883545
1255730,i,18.41190973351804,8.74735716375394,8.746734949096743,2.437999963760376,5.629707336425781
1255730,r,18.931875224938445,3.9948259270407425,3.9951678439108265,-3.553999900817871,16.012216567993164
1255730,i,25.451533443463667,4.984715326098134,4.984610318197574,1.6579999923706055,1.834926962852478
1255730,r,25.475759108403203,2.066296344864726,2.0664421367585812,1.9019999504089355,1.3198354244232178
1255730,i,30.759908414934685,3.42503462300824,3.425540312837541,4.939000129699707,2.482480764389038
1255730,r,30.78827016901349,1.4875827813283278,1.4871688254543005,2.691999912261963,2.421931266784668
1255730,i,36.657971523267506,2.573432461654747,2.573751208722836,4.11299991607666,2.0893640518188477
1255730,r,36.67215240030476,1.1590143419104426,1.1586666303381503,4.5289998054504395,2.3739168643951416
1255730,i,40.81651371485578,2.262418510416903,2.2624395875418317,-0.07400000095367432,3.0131311416625977
1255730,r,41.387884885536764,1.0184974206066097,1.018332342324716,1.1160000562667847,1.3265349864959717
1380167,r,-12.69923187944915,10.30498539287602,10.307192453206644,11.663000106811523,2.494476079940796
1380167,i,-11.647914593858964,16.75850492870127,16.759129087935268,16.834999084472656,2.0029914379119873
1380167,z,-11.07493527063523,16.699163173407886,16.70053090509972,17.989999771118164,2.375824451446533
1380167,r,-9.348585628135202,22.105307407527274,22.10739187876185,23.895999908447266,2.2963664531707764
1380167,i,-9.298984432990958,26.77685059502156,26.77916870514635,23.54400062561035,3.123365879058838
1380167,i,-8.798981580786858,29.155659397242218,29.154545308646412,28.23900032043457,2.989907741546631
1380167,z,-8.776746562275493,25.079396407986664,25.078693260854727,28.861000061035156,3.015246629714966
1380167,r,-7.0560982065707,32.66231632833524,32.66291707357459,32.81999969482422,2.1408610343933105
1380167,i,-6.529869435097743,40.718174362232574,40.707715251327976,36.915000915527344,2.506542921066284
1380167,z,-6.477417596551732,34.24691185974312,34.24963441093982,33.867000579833984,3.0372557640075684
1380167,r,-3.642167671798141,43.001883907644064,43.02459836300072,41.96699905395508,2.410332679748535
1380167,i,-3.6267741974418857,51.2815023595926,51.29536974496773,54.67499923706055,3.7368240356445312
1380167,i,-3.1136583856012834,52.10982740820376,52.10373878310007,35.52199935913086,7.063180446624756
1380167,z,-3.0982649112491765,43.05793621176133,43.05440411147041,47.915000915527344,6.009643077850342
1380167,r,-2.4551597604075726,42.75909446424563,42.74506484275356,45.03799819946289,1.5646393299102783
1380167,r,2.0728022147359195,36.78807464578472,36.78741365963168,38.696998596191406,2.09719181060791
1380167,i,2.1064398068460464,52.267965462214036,52.266039933023585,51.143001556396484,1.924486756324768
1380167,z,2.57679596770166,45.46845729901563,45.460808089383384,43.78200149536133,2.529888153076172
1380167,r,6.012391392307719,27.57479310609428,27.575090318700173,26.018999099731445,1.3324464559555054
1380167,i,6.015812164387348,44.124089981771895,44.12417186645936,45.0890007019043,1.6104680299758911
1380167,z,6.075675675766331,41.54949943344345,41.549052868278515,45.448001861572266,2.693218946456909
1380167,r,9.484475052421521,20.352546562836242,20.354064571120826,23.11400032043457,3.5223023891448975
1380167,i,9.494167239978395,35.07550373807852,35.07533717781397,35.23099899291992,2.2699074745178223
1380167,z,10.508426161382973,33.940383813975366,33.940341125394006,34.18299865722656,4.166669845581055
1380167,z,13.445158991144808,28.28230765142182,28.283779435313694,25.31399917602539,2.9167847633361816
1380167,r,17.467416827288968,8.030778163639912,8.030930610369122,3.441999912261963,7.662365436553955
1380167,i,17.92294964246619,15.722847172573308,15.723500158037297,8.173999786376953,12.65608024597168
1380167,z,18.023862418796572,21.785941559915386,21.78642942911999,20.601999282836914,3.397510051727295
1380167,r,18.481675748693547,7.1569815985158165,7.157241246211549,7.328000068664551,3.4882190227508545
1380167,i,19.09741472290227,14.010476333931623,14.011159174534702,15.407999992370605,2.568225383758545
1380167,z,20.881347362065675,18.878135306594515,18.878775128462305,19.091999053955078,4.233855724334717
1380167,r,20.906433023974657,5.46480752703495,5.465184720674134,2.75600004196167,2.4124629497528076
1380167,i,21.387051501065006,11.283620442878151,11.283135880038778,11.052000045776367,3.665048122406006
1380167,r,25.333482222791915,3.438638626534743,3.438640716485023,3.9549999237060547,1.8255900144577026
1380167,z,25.340893895633187,15.034801917198607,15.035384880142514,17.163999557495117,3.996389389038086
1380167,i,25.42071191080793,8.066008777968385,8.065592037049663,5.057000160217285,3.0527114868164062
1380167,r,29.33692581250434,2.7476219297604394,2.748969952886062,2.453000068664551,1.7616838216781616
1380167,i,29.343767356663598,5.953380981667517,5.9525094049359515,7.2220001220703125,2.2631783485412598
1380167,z,29.366572503852826,12.234141351296337,12.23533758607449,10.875,2.424476146697998
1380167,i,33.33694863013299,4.7394632346718,4.740129037267246,0.38600000739097595,3.4553287029266357
1380167,z,33.36089403468624,9.73527121713016,9.73505613417061,11.765000343322754,3.537673234939575
1380167,i,36.720662344879194,4.08860137516054,4.089105131557954,0.6840000152587891,2.594019651412964
1380167,z,36.733775304515696,8.130940720027375,8.131006131244858,11.894000053405762,3.387084722518921
1380167,r,36.82556602196707,1.891083124238517,1.890893761520375,1.0410000085830688,2.720278263092041
1380167,r,39.0821353367017,1.7403692961381445,1.7404416135658682,-0.48399999737739563,1.4868866205215454
1380167,i,39.093537910296305,3.8063433247794443,3.806317755865833,-0.1289999932050705,2.168972969055176
1380167,z,39.56902522926929,7.137217578992983,7.137669262108246,6.789000034332275,2.4847116470336914
1380167,r,41.38887597525843,1.6720996428000454,1.6718170135316255,0.7879999876022339,1.6530430316925049
1380167,i,41.849539948557165,3.51933701580251,3.519299969625714,2.4170000553131104,3.8085997104644775
1380167,z,41.878046382545776,6.562933482775178,6.5631577470356826,10.46399974822998,3.3083152770996094
1316487,r,-12.870966945008478,1.6605091735491704,1.661802106311101,2.309000015258789,1.1546697616577148
1316487,i,-12.861962803178878,3.1417613386425356,3.143083911707362,1.944000005722046,1.932097315788269
1316487,z,-12.849019349300878,3.0477790668053415,3.048581093549846,4.98799991607666,3.1251778602600098
1316487,i,-8.922650753531956,9.835349455290679,9.837109875526238,9.01200008392334,1.7682260274887085
1316487,z,-8.910832817382655,8.381394869867995,8.382518094859213,7.333000183105469,3.4440417289733887
1316487,r,-7.243378302655731,10.383390422457802,10.390964701073877,8.652000427246094,2.0870189666748047
1316487,i,-7.23156036650643,14.352794726250309,14.359074596344287,17.375,6.068530082702637
1316487,z,-7.225932777862931,11.705633531694465,11.70950954787774,31.878999710083008,9.55508804321289
1316487,z,-6.197209574040095,13.894157471396612,13.898280571116826,11.312999725341797,4.716402530670166
1316487,r,-1.0721645974515124,16.072449131050927,16.071789720281203,15.805999755859375,2.1312503814697266
1316487,i,-1.0631604556219136,24.652178197019232,24.65106322456059,27.381000518798828,2.5492584705352783
1316487,z,-1.0406501010520113,19.691819024537107,19.691453714023456,19.86400032043457,5.168384552001953
1316487,r,1.2165757033948892,14.7589517474826,14.759575234262611,15.88599967956543,2.0101962089538574
1316487,i,2.7866729346117967,22.975787454212377,22.973174601983292,20.100000381469727,2.348383665084839
1316487,z,2.8013046650808002,19.76667739903556,19.765444765944952,22.378000259399414,3.7071821689605713
1316487,r,5.12887532755711,10.367078392519979,10.36729527217723,5.381999969482422,4.485985279083252
1316487,i,5.138442228249011,19.810843253411623,19.810788741157797,21.910999298095703,3.257605791091919
1316487,z,5.15194844099341,18.38970843597847,18.389569574992425,14.60099983215332,6.142003536224365
1316487,r,8.500363683191656,7.136394487966917,7.136665142316574,7.00600004196167,2.1475462913513184
1316487,i,8.509930583883557,14.793156726674848,14.793067769957045,11.336999893188477,3.469053030014038
1316487,z,9.037235639670929,15.290683438347452,15.290852636476947,13.760000228881836,3.837204694747925
1316487,r,12.409849513034175,4.307260730983469,4.306544202238615,4.448999881744385,4.603547096252441
1316487,i,12.418853654863772,9.428188873147345,9.429013830317151,11.345999717712402,3.9765260219573975
1316487,z,12.919146285166443,11.921655894714515,11.921969777655843,12.810999870300293,4.214888095855713
1316487,r,16.328902243568596,2.507921914613164,2.5082227059576363,3.071000099182129,2.0032124519348145
1316487,i,16.338469144260497,5.854194089618623,5.854082264831748,4.709000110626221,2.676126718521118
1316487,z,16.89672593758097,8.979689333758527,8.980090158937992,10.876999855041504,3.8913803100585938
1316487,r,20.250206009560415,1.5672439680785493,1.5671852438748424,2.5420000553131104,1.4840766191482544
1316487,i,20.259772910252316,3.7475225576035864,3.747725476407379,2.1570000648498535,2.554544448852539
1316487,z,20.84279109360009,6.8587073669670975,6.859095594754479,9.12399959564209,2.7180843353271484
1316487,r,23.08876172076409,1.2284265079227425,1.2285273678431161,6.046000003814697,1.605130672454834
1316487,i,23.105644486690494,2.865626455529449,2.8657794272584214,2.1649999618530273,2.7554192543029785
1316487,z,24.73426863978751,5.211662620353314,5.211538492899832,2.003000020980835,3.2056679725646973
1316487,r,27.021320664038814,0.9946598467664199,0.9946856364533037,6.247000217437744,2.515364408493042
1316487,i,27.03032480586841,2.1676671088857846,2.167691235280885,4.113999843597412,3.0051910877227783
1316487,z,28.112510101790157,4.053877464016446,4.05411049581231,1.3320000171661377,4.6684184074401855
1316487,r,32.613455497943654,0.7785654604403038,0.7790345276532692,-4.394000053405762,6.00498104095459
1316487,i,32.632026540465155,1.5706050277437016,1.570926715584428,1.590999960899353,4.691481113433838
1316487,z,32.643844476614454,3.1032769993950686,3.1038571012141687,2.7960000038146973,4.617338180541992
1316487,r,35.44019327299803,0.7382238635491453,0.7383965139381822,1.8559999465942383,2.5561037063598633
1316487,z,35.992259718812704,2.739818939589447,2.7398740139760274,2.5220000743865967,5.481057167053223
1303699,r,-12.858507248460112,7.198955281909349,7.200377172101863,3.3389999866485596,3.2843804359436035
1303699,i,-12.84904287620675,11.648120163893944,11.649397527271491,11.836000442504883,2.9326677322387695
1303699,z,-12.301222741063132,11.541699410490843,11.543921163826129,-4.894000053405762,16.003578186035156
1303699,r,-10.59151172986685,12.772205319051677,12.772828025626715,14.869999885559082,3.9338605403900146
1303699,r,-6.632620489020519,26.39503994575863,26.365868994029448,27.479000091552734,2.7412211894989014
1303699,i,-3.2950374502298363,48.41615957266969,48.401968562696666,46.125999450683594,2.102067708969116
1303699,r,-2.865243604364387,32.479472363560475,32.4812521834184,35.474998474121094,2.2269532680511475
1303699,z,0.49293836227423093,40.409041021740286,40.40709400024841,40.75299835205078,3.3502357006073
1303699,i,0.5814580792328573,49.76620872880739,49.768541711449856,49.388999938964844,3.229804039001465
1303699,r,1.0463257752110844,29.143605845935376,29.142299940559557,27.132999420166016,2.2234864234924316
1303699,r,4.4518296031165105,22.676229749041468,22.677696023662477,32.880001068115234,10.066938400268555
1303699,z,6.100300558558845,35.882630601034315,35.882120463826716,35.742000579833984,7.68960428237915
1303699,r,9.956197160173604,14.16649581495832,14.167256055380507,12.986000061035156,1.718463659286499
1303699,i,10.00797284367824,30.586614522028544,30.58637261603361,32.222999572753906,2.6521155834198
1303699,z,10.02022085482822,30.240472952109066,30.24063824774487,30.597000122070312,3.5753376483917236
1303699,r,13.889478923152417,9.071243206259863,9.071911238233325,7.538000106811523,1.1787712574005127
1303699,i,13.898386567628075,20.822000296215858,20.823030985559342,19.108999252319336,2.1449105739593506
1303699,z,13.91119130655981,24.222968684189777,24.22340215760459,26.36199951171875,3.3173742294311523
1303699,i,17.795481024934652,13.993380094527655,13.9929131245265,14.829999923706055,2.023291826248169
1303699,z,17.806615580525175,19.2555091699983,19.2561707360834,17.1200008392334,3.8333005905151367
1303699,r,19.45675671930467,4.651022214564125,4.6510149003026795,7.519000053405762,2.1125431060791016
1303699,i,19.466777819339786,11.75988333764128,11.76045758082629,33.82400131225586,10.770159721374512
1303699,z,19.47512873603369,17.523256511857173,17.523419884082973,22.48900032043457,10.407255172729492
1303699,r,25.561833550565424,2.393686455670788,2.3942706401340867,3.0789999961853027,2.2893588542938232
1303699,i,25.571297922818786,6.840965148575719,6.841212160469509,8.880999565124512,2.8331613540649414
1303699,z,25.590783395107263,12.16334451196519,12.163824488093281,5.989999771118164,7.963998794555664
1303699,r,27.825488702484368,2.1265035566107047,2.1270480992806577,0.8450000286102295,2.2073071002960205
1303699,i,29.37875920760728,5.106233211807207,5.105339567432587,12.343000411987305,3.0031514167785645
1303699,z,29.393234129880224,9.685785949957353,9.68669937648799,9.894000053405762,4.291719436645508
1303699,r,31.69641695414572,1.6397871022731083,1.6395976353551556,-0.16699999570846558,3.892256736755371
1303699,z,31.71924279311257,8.379727396981947,8.379928554038894,1.0520000457763672,8.81018352508545
1303699,r,35.03177308182154,1.4578341708229952,1.4578518214455263,3.049999952316284,2.188816547393799
1303699,z,35.562334655795595,6.815003007572912,6.815001357506546,8.324000358581543,4.457670211791992
1303699,r,38.89936096680858,1.2666826379808283,1.2667919996018413,-0.30799999833106995,4.700061798095703
1303699,r,42.77641322404897,1.190451325096841,1.1905530564199005,1.034999966621399,2.027024269104004
1303699,i,42.785877596302335,3.023096286583925,3.0230654750258155,3.38700008392334,3.897324562072754
1303699,z,43.33926500923919,5.011272849505171,5.011199868482248,8.418999671936035,4.454383850097656
1253857,z,-11.844181253946179,10.468712227554576,10.469028957737057,2.250999927520752,10.635326385498047
1253857,i,-11.322114510023823,13.476463475750808,13.478497868161305,18.72100067138672,4.232721328735352
1253857,z,-9.112211365134646,17.23761063831455,17.23823735032271,19.73200035095215,4.014500617980957
1253857,i,-8.612211359875436,21.73868863208668,21.736263542466755,22.947999954223633,1.9897798299789429
1253857,z,-6.523406171049797,24.157667120351928,24.153290305710932,20.610000610351562,3.1642813682556152
1253857,i,-6.4851930382492835,28.783843869360663,28.784840435553228,27.5,2.020709276199341
1253857,z,-2.664956184270662,29.93450348018625,29.940814980025372,31.815000534057617,3.771580696105957
1253857,i,-2.230079968716714,35.803022424222824,35.797517110334475,35.928001403808594,2.002380609512329
1253857,z,-0.5395525020570701,30.586008456008276,30.58423570793756,33.83000183105469,3.5413131713867188
1253857,i,-0.07292171135677235,35.92155272851506,35.92070643023278,32.43199920654297,3.6198644638061523
1253857,i,6.35818707536593,28.660563024145265,28.659901621777184,31.018999099731445,3.6473569869995117
1253857,z,8.019651032568133,25.47564995885577,25.47560754196263,13.166000366210938,13.95269775390625
1253857,z,11.806518671983927,21.255182744864705,21.25505931793288,22.076000213623047,3.295862913131714
1253857,i,11.831276476332066,19.015243261739382,19.014433216804314,19.760000228881836,2.7057340145111084
1253857,z,14.99758436756133,17.52294137216312,17.5230004656479,17.746999740600586,3.7918238639831543
1253857,i,15.036873926642107,13.480720258787999,13.481530666077251,13.069000244140625,2.9966976642608643
1253857,z,18.753235644970907,13.656401945850183,13.657180356118374,10.657999992370605,6.18559455871582
1253857,i,18.803827679947446,8.979461629906265,8.979564407661263,8.468999862670898,5.72648811340332
1253857,z,25.190264776211556,8.453926174661246,8.453723550428531,4.6539998054504395,2.4013619422912598
1253857,i,25.216099006839958,4.767185649148556,4.767299235182608,5.864999771118164,1.9244848489761353
1253857,z,29.53795050549035,6.14488586726363,6.1454607570733915,-2.813999891281128,4.9305100440979
1253857,i,30.051405839201934,3.3360743218641633,3.33624034313972,3.924999952316284,2.5980544090270996
1253857,z,32.18595914476251,5.200624993073207,5.200774395068204,20.285999298095703,9.378975868225098
1253857,i,35.42384938335512,2.517885664422178,2.5178092787786843,3.496999979019165,2.1776463985443115
1253857,z,35.94107220903196,4.21769410662258,4.21786160574208,5.822999954223633,2.4671528339385986
1253857,i,39.21125523590713,2.213319083635252,2.213374801223646,1.1160000562667847,3.070011615753174
1253857,z,39.707487749201086,3.660669646651038,3.660763913882884,6.761000156402588,2.872018814086914
1253857,z,43.4809000601645,3.2800777009800495,3.280146416127655,3.6540000438690186,4.824232578277588
1253857,i,43.50619607765669,1.9594290588273353,1.9594919741569838,-1.1859999895095825,3.1215600967407227
1339232,i,-13.883198907129563,6.8505230608127015,6.851367729784486,2.2190001010894775,3.0779740810394287
1339232,i,-11.873419137510183,11.465408345919341,11.465800951391072,2.1740000247955322,5.561391830444336
1339232,z,-8.82320512131436,21.26279097838669,21.262262569141736,22.499000549316406,4.273036956787109
1339232,i,-8.369760620486149,21.026208838066378,21.02860126075611,25.676000595092773,2.2055766582489014
1339232,z,-6.8068242559350765,27.73365588639795,27.728288850041768,49.09000015258789,14.071450233459473
1339232,z,-3.8043412398248764,34.29639788551008,34.30129774269973,33.05500030517578,2.4026591777801514
1339232,i,-3.76067245251344,31.59769966952009,31.600089486388264,30.357999801635742,1.3377525806427002
1339232,i,-0.24076508439634764,32.19409185967852,32.19444965354252,32.03799819946289,2.7852694988250732
1339232,z,-0.22807066947885765,35.40629497388401,35.40827007125339,33.935001373291016,4.205023288726807
1339232,z,2.800308953061249,34.12433240478212,34.123908781654706,37.24399948120117,4.450463771820068
1339232,i,7.352526142210105,23.580546482337645,23.58113094687017,24.979999542236328,1.8042508363723755
1339232,z,7.364205003930353,28.226443496326176,28.228343521732047,27.98699951171875,3.552978515625
1339232,i,9.41613023107639,20.40748380764571,20.40892084906986,34.25,7.011195659637451
1339232,z,10.90137677633405,22.58761203307265,22.589028492979715,23.378999710083008,5.336121082305908
1339232,i,12.422167683362158,15.434579868471328,15.437967634022462,10.427000045776367,2.6171929836273193
1339232,i,15.953246136604573,10.469534041704451,10.470444749290024,13.725000381469727,2.6640713214874268
1339232,z,17.004851468310033,14.197178649215799,14.19836650171774,14.42300033569336,4.848196506500244
1339232,i,26.637881283736267,3.5181696105723073,3.520101828641517,-2.7039999961853027,3.3569586277008057
1339232,z,27.136517901668082,6.57189341616644,6.572880702096428,0.33000001311302185,5.362735271453857
