metric,shape,AV,DLMAG,relative_error
Banchor_A,0.9676923155784607,0.13921541108386598,41.78511485668382,2.8635333794832517e-09
Banchor_A,0.9699999988079071,0.14026668331109354,41.786720187817785,2.8414982972829243e-09
Banchor_A,0.9723076820373535,0.1413214991764059,41.788324229907204,2.8194898647654057e-09
Banchor_A,0.9746153652667999,0.14227808618333035,41.79004185794791,2.795916017729881e-09
Banchor_A,0.9769230484962463,0.14324107868874347,41.79175510409823,2.772398389767636e-09
Banchor_A,0.9792307615280151,0.14365977528923643,41.79409492496135,2.74028512692603e-09
Banchor_A,0.9815384745597839,0.14450724694528122,41.795900002683325,2.715512817687153e-09
Banchor_A,0.9838461577892303,0.14549850784802984,41.797516361393214,2.6933309501278546e-09
Banchor_A,0.9861538410186768,0.14649673333413146,41.799127480380825,2.6712197779655642e-09
Banchor_A,0.9884615242481232,0.14700824634041967,41.801179619104836,2.6430502266027244e-09
Banchor_A,0.9907692074775696,0.14752357868087226,41.80322967424466,2.6149142765512963e-09
Banchor_A,0.9930769205093384,0.14810448579833377,41.80510780811445,2.5891380616825454e-09
Banchor_A,0.9953846335411072,0.14863971695401074,41.80704648048622,2.5625356389926116e-09
Banchor_A,0.9976923167705536,0.14940060708944042,41.808751750457716,2.5391295942642485e-09
Banchor_A,1.0,0.15016304064254682,41.81045789283489,2.5157164013156913e-09
Banchor_A,1.0023077130317688,0.15071424986595652,41.812253829087226,2.491067117879688e-09
Banchor_A,1.0046154260635376,0.15126410071469099,41.81405446598852,2.466350906617806e-09
Banchor_A,1.0069230794906616,0.15154625283792975,41.816240115217084,2.4363547723669688e-09
Banchor_A,1.0092307329177856,0.15183080030248428,41.81842564237394,2.4063618804833953e-09
Banchor_A,1.0115384459495544,0.1522406418173844,41.820323149968246,2.380319061768961e-09
Banchor_A,1.0138461589813232,0.15265272947239147,41.822220634097484,2.3542756183946813e-09
Banchor_A,1.016153872013092,0.15307859637382376,41.82406844636954,2.328917485489765e-09
Banchor_A,1.0184615850448608,0.15350421462875666,41.82591874158251,2.3035224897116056e-09
Banchor_A,1.0207692384719849,0.15340767662591476,41.82823987618253,2.2716647527442327e-09
Banchor_A,1.0230768918991089,0.153309737564385,41.83056521541357,2.2397538428190257e-09
Banchor_A,1.0253846049308777,0.15359698395608753,41.83241359972987,2.2143814906954316e-09
Banchor_A,1.0276923179626465,0.15388597830015818,41.834262497190835,2.1890088847911662e-09
Banchor_A,1.0300000309944153,0.15383252883355666,41.8364418143154,2.159095242564742e-09
Banchor_A,1.032307744026184,0.15377934751900826,41.8386228492316,2.129167651200791e-09
Banchor_A,1.034615397453308,0.15363733875364455,41.84090066593928,2.097900218239805e-09
Banchor_A,1.0369230508804321,0.15349628504149038,41.84317966372384,2.0666263536489708e-09
Banchor_A,1.039230763912201,0.15343978963151367,41.845223790115575,2.038571451192074e-09
Banchor_A,1.0415384769439697,0.1534316905490251,41.84720907370501,2.011324733012368e-09
Banchor_A,1.0438461899757385,0.15333305461282187,41.84928938215937,1.98276876188639e-09
Banchor_A,1.0461539030075073,0.15323506641546386,41.85137114180134,1.954202074920973e-09
Banchor_A,1.0484615564346313,0.15303097990086773,41.85348979826554,1.925125346245655e-09
Banchor_A,1.0507692098617554,0.15291614321675223,41.85549880293714,1.897554273988246e-09
Banchor_A,1.0530769228935242,0.1525037807317897,41.857730098729704,1.866928501479667e-09
Banchor_A,1.055384635925293,0.15210440007149564,41.859947056084316,1.8365033398137894e-09
Banchor_A,1.057692289352417,0.15176301528993047,41.86206542168145,1.8074249230760565e-09
Banchor_A,1.059999942779541,0.15141894808115425,41.86418910320545,1.7782812249301485e-09
Banchor_A,1.0623076558113098,0.15109358937887446,41.86630899807584,1.7491875006854164e-09
Banchor_A,1.0646153688430786,0.15076602821218058,41.86843318563363,1.7200333734570628e-09
Banchor_A,1.0669230818748474,0.14991576757016659,41.870917082542306,1.6859432957183854e-09
Banchor_A,1.0692307949066162,0.1490662564098629,41.873401763424646,1.651841060475061e-09
Banchor_A,1.0715384483337402,0.1483210136369474,41.87578091169591,1.6191920509224655e-09
Banchor_A,1.0738461017608643,0.14757520583192482,41.878162188424895,1.5865074178691387e-09
Banchor_A,1.076153814792633,0.14676806592515237,41.88054001341034,1.5538747679365732e-09
Banchor_A,1.0784615278244019,0.14597327524613193,41.88290348895047,1.521437650086237e-09
Banchor_A,1.0807692408561707,0.1454786389901466,41.88487005906365,1.4944460512466953e-09
Banchor_A,1.0830769538879395,0.14498417879913775,41.88683761061364,1.4674437717245689e-09
Banchor_A,1.0853846073150635,0.14414157722228652,41.8891100050851,1.4362582413064447e-09
Banchor_A,1.0876922607421875,0.14334504092122352,41.89132611516184,1.4058422651803862e-09
Banchor_A,1.0899999737739563,0.1421815816495585,41.893828520928,1.3714927211940556e-09
Banchor_A,1.092307686805725,0.1409651173891691,41.89639841454263,1.3362268853188993e-09
Banchor_A,1.094615399837494,0.14029027565542398,41.8983385810111,1.3096003284000111e-09
Banchor_A,1.0969231128692627,0.13960375213116244,41.90029449767766,1.2827559184988738e-09
Banchor_A,1.0992307662963867,0.13844236986817884,41.902683556012704,1.249963853286298e-09
Banchor_A,1.1015384197235107,0.13728153439748592,41.905073057103955,1.217171966903917e-09
Banchor_A,1.1038461327552795,0.135986691292849,41.907484178751915,1.184078570329293e-09
Banchor_A,1.1061538457870483,0.13469124685839748,41.90989701807673,1.1509634881119643e-09
Banchor_A,1.1084615588188171,0.13362614591104832,41.912049584124276,1.1214204659873552e-09
Banchor_A,1.110769271850586,0.13256376794807306,41.91419959731318,1.091911099455541e-09
Banchor_A,1.11307692527771,0.1312397318801172,41.916505125703466,1.0602729158325256e-09
Banchor_A,1.115384578704834,0.129914722934399,41.91881277386164,1.0286009015176167e-09
Banchor_A,1.1176922917366028,0.1283766321135459,41.9212420039087,9.952626095908318e-10
Banchor_A,1.1200000047683716,0.12683863062936748,41.92367211388227,9.619107598109296e-10
Banchor_A,1.1223077178001404,0.1254269846703436,41.925960306423384,9.305041813929293e-10
Banchor_A,1.1246154308319092,0.12409307159818264,41.92815162809993,9.004264717891017e-10
Banchor_A,1.1269230842590332,0.12266347910252023,41.93036869334838,8.699995314443036e-10
Banchor_A,1.1292307376861572,0.12124001223100424,41.932578773472606,8.396719870993093e-10
Banchor_A,1.131538450717926,0.11952585208914589,41.93503459517728,8.059668629403967e-10
Banchor_A,1.1338461637496948,0.11781146150785536,41.937491507870284,7.722446638148603e-10
Banchor_A,1.1361538767814636,0.11609108226093813,41.93983567569953,7.400710816611291e-10
Banchor_A,1.1384615898132324,0.11437686811852368,41.94217274256805,7.079967900711813e-10
Banchor_A,1.1407692432403564,0.11251388234621128,41.94464197268788,6.741055865559211e-10
Banchor_A,1.1430768966674805,0.11065177040643885,41.947110699820044,6.402233821646868e-10
Banchor_A,1.1453846096992493,0.10864962247778426,41.9496032012108,6.060189538780437e-10
Banchor_A,1.147692322731018,0.10664551606369611,41.9520990085251,5.717655566211065e-10
Banchor_A,1.1500000357627869,0.1048481436357694,41.95436698249245,5.406358454540508e-10
Banchor_A,1.1523077487945557,0.10306677315764566,41.956615420148566,5.097767984224216e-10
Banchor_A,1.1546154022216797,0.10120339323487293,41.95879051231711,4.799259679353423e-10
Banchor_A,1.1569230556488037,0.09935111386774072,41.9609522483207,4.5025793289102797e-10
Banchor_A,1.1592307686805725,0.09708149771679454,41.96353512764798,4.1480796747141624e-10
Banchor_A,1.1615384817123413,0.09481169503743889,41.96611883424555,3.793503973564653e-10
Banchor_A,1.1638461351394653,0.09267989864030676,41.96846017857249,3.472172302141422e-10
Banchor_A,1.1661537885665894,0.09053127955490634,41.970823379854295,3.147777344142374e-10
Banchor_A,1.1684615015983582,0.08825919675285653,41.97316767248722,2.8260923558469e-10
Banchor_A,1.170769214630127,0.08598656511347683,41.97551340781503,2.504117644195331e-10
Banchor_A,1.1730769276618958,0.08363886053866378,41.9779571379704,2.168762190406122e-10
Banchor_A,1.1753846406936646,0.08129039475492221,41.980402432426104,1.8331685804790575e-10
Banchor_A,1.1776922941207886,0.0788373588796658,41.98283051616768,1.4999241167211286e-10
Banchor_A,1.1799999475479126,0.07640557623725208,41.98523259001582,1.170241488505204e-10
Banchor_A,1.1823076605796814,0.0740094921663882,41.98753613387878,8.540805770856012e-11
Banchor_A,1.1846153736114502,0.07164273157049376,41.98980362766133,5.428452593957544e-11
Banchor_A,1.186923086643219,0.06914048823983682,41.99216447791326,2.1882919901449713e-11
Banchor_A,1.1892307996749878,0.0666414038273229,41.99452192422038,1.04681075229358e-11
Banchor_A,1.1915384531021118,0.06504399439459665,41.996583817904025,3.876938969942281e-11
Banchor_A,1.1938461065292358,0.06345494648978171,41.9986376741851,6.695661275636126e-11
Banchor_A,1.1961538195610046,0.06155296824010993,42.00088861054102,9.784752204361848e-11
Banchor_A,1.1984615325927734,0.05965045341093413,42.003143083577804,1.2878634341892512e-10
Banchor_A,1.2007692456245422,0.057899789502547636,42.005197961258105,1.5699021989515275e-10
Banchor_A,1.203076958656311,0.05615807882441963,42.0072442346128,1.8507617057612085e-10
Banchor_A,1.205384612083435,0.054211180507376305,42.00943427555325,2.1513493522040023e-10
Banchor_A,1.207692265510559,0.05225872595948506,42.01163373839742,2.453166582416951e-10
Banchor_A,1.2099999785423279,0.05036915100572791,42.013826618412764,2.754155353077648e-10
Banchor_A,1.2123076915740967,0.048479301338843206,42.01602274293399,3.0555551655803527e-10
Banchor_A,1.2146154046058655,0.04650530634083517,42.01812757105382,3.3444495118331233e-10
Banchor_A,1.2169231176376343,0.04455144890038032,42.02020981702521,3.630234298655901e-10
Banchor_A,1.2192307710647583,0.04250834632445923,42.022459720694535,3.939018572795907e-10
Banchor_A,1.2215384244918823,0.040464398810793376,42.024713268812015,4.248314257384109e-10
Banchor_A,1.2238461375236511,0.03835443051255164,42.02686365788933,4.5434469041970075e-10
Banchor_A,1.22615385055542,0.036242808880532634,42.02901883329085,4.839205516675563e-10
Banchor_A,1.2284615635871887,0.034175627206506506,42.0310391673574,5.116457694199699e-10
Banchor_A,1.2307692766189575,0.03211208064570395,42.033057657002615,5.393521868254074e-10
Banchor_A,1.2330769300460815,0.03003326451451023,42.03518072580167,5.684887596754349e-10
Banchor_A,1.2353845834732056,0.027953117315893006,42.03730793766057,5.976834358547381e-10
Banchor_A,1.2376922965049744,0.02568630238772687,42.039502056068436,6.277948397569132e-10
Banchor_A,1.2400000095367432,0.023460128835284106,42.041647916406056,6.572511911065525e-10
Banchor_A,1.242307722568512,0.021339991043821612,42.04370917179907,6.855394666788781e-10
Banchor_A,1.2446154356002808,0.01918074883484169,42.045821816436394,7.145334947058156e-10
Banchor_A,1.2469230890274048,0.016960714179900478,42.04786967503609,7.42640073437692e-10
Banchor_A,1.2492307424545288,0.01470074264288005,42.04997022979407,7.714686747625897e-10
Banchor_A,1.2515384554862976,0.012431158867197369,42.05197446854712,7.989721418367328e-10
Banchor_A,1.2538461685180664,0.010153894292886592,42.05399135276907,8.266556624251035e-10
Banchor_A,1.2561538815498352,0.007801093098514954,42.05616847002911,8.565328206897168e-10
Banchor_A,1.258461594581604,0.005438039074384713,42.05836075824112,8.866202498988594e-10
Banchor_A,1.260769248008728,0.0030743088388031805,42.0603700209422,9.141977942343303e-10
Banchor_A,1.263076901435852,0.0006993056815157003,42.06239605229702,9.420032365876744e-10
Banchor_A,1.2653846144676208,-0.0018750634033927068,42.06468173391536,9.733769055572782e-10
Banchor_A,1.2676923274993896,-0.004447646121910487,42.0669679773644,1.0047504490905807e-09
Banchor_A,1.2699999809265137,-0.006683031870068057,42.068719752584734,1.0287971965547722e-09
Banchor_A,1.2723076343536377,-0.008922215811920159,42.07047891357099,1.0529365180119292e-09
Banchor_A,1.2746153473854065,-0.011625201392808567,42.07276220005725,1.0842734678603786e-09
Banchor_A,1.2769230604171753,-0.014332613138397806,42.075053790918375,1.1157282126954933e-09
Banchor_A,1.279230773448944,-0.01678665896553375,42.077004251243565,1.1424965820805207e-09
Banchor_A,1.281538486480713,-0.01924251232002558,42.07895939286423,1.1693278094315556e-09
Banchor_A,1.283846139907837,-0.021873411859250826,42.08103878598028,1.197865410698079e-09
Banchor_A,1.286153793334961,-0.024508280188198832,42.083125887329835,1.2265087359782656e-09
Banchor_A,1.2884615063667297,-0.027054723527048546,42.08501009228106,1.2523701320992664e-09
Banchor_A,1.2907692193984985,-0.029578727188159452,42.08686869431374,1.2778798470462938e-09
Banchor_A,1.2930769324302673,-0.03251371898785401,42.089271338009226,1.3108542556258315e-09
Banchor_A,1.2953846454620361,-0.03545853686210685,42.091688848077546,1.3440334009981843e-09
Banchor_A,1.2976922988891602,-0.03830935640227701,42.09378821470202,1.3728431062100156e-09
Banchor_A,1.2999999523162842,-0.04114821178492114,42.09587537638933,1.4014904922496453e-09
Banchor_A,0.9676923155784607,0.13921544765718075,41.785114810828084,2.8635348713430335e-09
Banchor_A,0.9688461571931839,0.13974100198296588,41.78591718844772,2.8525207528724e-09
Banchor_A,0.9699999988079071,0.14026668936188993,41.78672018023122,2.841504663898005e-09
Banchor_A,0.9711538404226303,0.1407924856315469,41.78752381811196,2.8304722716478183e-09
Banchor_A,0.9723076820373535,0.14132149374760347,41.788324236713926,2.819486730215407e-09
Banchor_A,0.9734615236520767,0.14180078726957313,41.78918134329615,2.807720953884188e-09
Banchor_A,0.9746153652667999,0.14227804478222594,41.7900419098578,2.795914068123631e-09
Banchor_A,0.9757692068815231,0.1427548619202376,41.79090393527347,2.7840790441263988e-09
Banchor_A,0.9769230484962463,0.14324105857629751,41.79175512931542,2.7723979186544525e-09
Banchor_A,0.9780769050121307,0.14363713438450304,41.792690428973856,2.759565119124971e-09
Banchor_A,0.9792307615280151,0.14365977584824802,41.794094924260186,2.7402853516722528e-09
Banchor_A,0.9803846180438995,0.14410586453668908,41.79496908705373,2.728287621089726e-09
Banchor_A,0.9815384745597839,0.14450724673476908,41.79590000294738,2.7155111354671764e-09
Banchor_A,0.9826923161745071,0.14500545755784888,41.79670449763381,2.704470811982322e-09
Banchor_A,0.9838461577892303,0.14549851926276045,41.797516347075295,2.6933270335077016e-09
Banchor_A,0.9849999994039536,0.14599535873259145,41.79832428680987,2.682242760420575e-09
Banchor_A,0.9861538410186768,0.14649673140058855,41.79912748280608,2.671219551021263e-09
Banchor_A,0.9873076826334,0.14675062882876674,41.80015554949136,2.6571063062102315e-09
Banchor_A,0.9884615242481232,0.14700825172414636,41.80117961235196,2.643051808214423e-09
Banchor_A,0.9896153658628464,0.1472677297973576,41.802202018867355,2.629023198768378e-09
Banchor_A,0.9907692074775696,0.14752357329762758,41.80322968099697,2.61491798984413e-09
Banchor_A,0.991923063993454,0.14781500303432846,41.80416711462024,2.6020550004307593e-09
Banchor_A,0.9930769205093384,0.1481044953510783,41.80510779613221,2.589141681437506e-09
Banchor_A,0.9942307770252228,0.14834927198940595,41.806105389840404,2.575447854078122e-09
Banchor_A,0.9953846335411072,0.1486397007013073,41.807046500872964,2.562536750672668e-09
Banchor_A,0.9965384751558304,0.14901998198062152,41.80789899337297,2.5508342472983517e-09
Banchor_A,0.9976923167705536,0.14940061809871727,41.80875173664804,2.539130509748075e-09
Banchor_A,0.9988461583852768,0.14978163907202977,41.80960469417079,2.527423738242227e-09
Banchor_A,1.0,0.15016304980630973,41.810457881340106,2.5157157323446586e-09
Banchor_A,1.0011538565158844,0.15043847609082123,41.81135569372651,2.503392424218398e-09
Banchor_A,1.0023077130317688,0.15071422261956732,41.8122538632645,2.4910649385585145e-09
Banchor_A,1.0034615695476532,0.15098762334949362,41.81315573582078,2.4786851989765447e-09
Banchor_A,1.0046154260635376,0.15126410106905444,41.81405446554401,2.466351473774741e-09
Banchor_A,1.0057692527770996,0.151404885482861,41.81514730689579,2.451355231905567e-09
Banchor_A,1.0069230794906616,0.15154627017745628,41.81624009346657,2.436357967320264e-09
Banchor_A,1.0080769062042236,0.1516882442061652,41.817332840134874,2.421361115730465e-09
Banchor_A,1.0092307329177856,0.15183078718439605,41.81842565882919,2.406363003447977e-09
Banchor_A,1.01038458943367,0.15203558775930495,41.81937420911245,2.393342383246516e-09
Banchor_A,1.0115384459495544,0.15224063790636275,41.82032315487423,2.3803176931936974e-09
Banchor_A,1.0126923024654388,0.1524473153905548,41.82127076882219,2.36731586089504e-09
Banchor_A,1.0138461589813232,0.15265278029338614,41.82222057034739,2.354279083450007e-09
Banchor_A,1.0150000154972076,0.1528656973096203,41.823144220819664,2.3416007775750162e-09
Banchor_A,1.016153872013092,0.15307859433787258,41.824068448923455,2.3289163438923824e-09
Banchor_A,1.0173077285289764,0.15329143512997326,41.82499330115896,2.3162207126659052e-09
Banchor_A,1.0184615850448608,0.1535042108797482,41.825918746285325,2.3035221439074754e-09
Banchor_A,1.0196154117584229,0.15345599654104194,41.827078949595744,2.287600074205059e-09
Banchor_A,1.0207692384719849,0.15340767301388247,41.82823988071352,2.2716687447081115e-09
Banchor_A,1.0219230651855469,0.15335819940540188,41.829402848592736,2.2557063784562025e-09
Banchor_A,1.0230768918991089,0.1533097330059894,41.83056522113173,2.2397509828388066e-09
Banchor_A,1.0242307484149933,0.1534531341463154,41.83148934909344,2.2270667623793833e-09
Banchor_A,1.0253846049308777,0.15359697340465261,41.83241361296585,2.214383768442979e-09
Banchor_A,1.026538461446762,0.15374125076814513,41.83333801376942,2.2016945473197693e-09
Banchor_A,1.0276923179626465,0.15388596066284654,41.834262519315565,2.1890084107599972e-09
Banchor_A,1.0288461744785309,0.1538592379722807,41.835351914170595,2.1740589930938247e-09
Banchor_A,1.0300000309944153,0.15383254609981775,41.83644179265611,2.159096976729007e-09
Banchor_A,1.0311538875102997,0.1538059208142144,41.83753211075946,2.1441319924982775e-09
Banchor_A,1.032307744026184,0.15377936340554013,41.83862282930308,2.129162276545845e-09
Banchor_A,1.033461570739746,0.15370820623012532,41.839761641085566,2.1135358243725203e-09
Banchor_A,1.034615397453308,0.1536373563756902,41.84090064383364,2.0979019548687857e-09
Banchor_A,1.0357692241668701,0.1535666727836127,41.8420400151858,2.082269469571925e-09
Banchor_A,1.0369230508804321,0.15349625545823872,41.84317970083403,2.066625524334006e-09
Banchor_A,1.0380769073963165,0.15344890463425198,41.84422548262593,2.0522702585125737e-09
Banchor_A,1.039230763912201,0.15343978954203108,41.84522379022783,2.0385696116582056e-09
Banchor_A,1.0403846204280853,0.1534357411282246,41.84621621042458,2.0249477104041204e-09
Banchor_A,1.0415384769439697,0.15343169113112323,41.8472090729748,2.0113261144145924e-09
Banchor_A,1.0426923334598541,0.15338229224950803,41.84824904168381,1.9970493826958445e-09
Banchor_A,1.0438461899757385,0.1533330549358788,41.84928938175411,1.9827707202434327e-09
Banchor_A,1.045000046491623,0.1532839770878995,41.850330096617185,1.9684884928733014e-09
Banchor_A,1.0461539030075073,0.15323506659155314,41.851371141580444,1.9542017292001244e-09
Banchor_A,1.0473077297210693,0.1531333771678647,41.85242977127957,1.939671819186362e-09
Banchor_A,1.0484615564346313,0.1530309803082723,41.85348979775448,1.9251256927013725e-09
Banchor_A,1.0496153831481934,0.15301664799914041,41.854439945649034,1.912083585360955e-09
Banchor_A,1.0507692098617554,0.1529161429222999,41.855498803306475,1.8975478073479397e-09
Banchor_A,1.0519230663776398,0.15271001486620453,41.856614165486086,1.8822409099617975e-09
Banchor_A,1.0530769228935242,0.15250378013097876,41.8577300994833,1.8669253817633327e-09
Banchor_A,1.0542307794094086,0.15230855844619437,41.85883271104847,1.851797457893477e-09
Banchor_A,1.055384635925293,0.15210439893577485,41.859947057509196,1.8364999869867733e-09
Banchor_A,1.056538462638855,0.15193559453638836,41.861003637622765,1.822000640260184e-09
Banchor_A,1.057692289352417,0.15176301523586033,41.862065421749286,1.8074280470477525e-09
Banchor_A,1.058846116065979,0.1515907906047871,41.863127254870086,1.7928552930806285e-09
Banchor_A,1.059999942779541,0.15141895258494675,41.86418909755488,1.7782825022924748e-09
Banchor_A,1.0611537992954254,0.15125806694858474,41.865246611325205,1.7637686402021608e-09
Banchor_A,1.0623076558113098,0.1510935945000185,41.86630899165071,1.7491831007953694e-09
Banchor_A,1.0634615123271942,0.15096489719908485,41.867326907290746,1.735214949262266e-09
Banchor_A,1.0646153688430786,0.15076602850757057,41.868433185262994,1.7200325620564104e-09
Banchor_A,1.065769225358963,0.15034080662951735,41.86967503010929,1.7029904065243933e-09
Banchor_A,1.0669230818748474,0.14991577506657847,41.87091707313632,1.6859443450238622e-09
Banchor_A,1.0680769383907318,0.14949091308210952,41.8721593409263,1.6688924829952703e-09
Banchor_A,1.0692307949066162,0.1490662565401831,41.87340176326113,1.6518421052519325e-09
Banchor_A,1.0703846216201782,0.14869369560581186,41.87459108425463,1.6355180471773644e-09
Banchor_A,1.0715384483337402,0.14832100370626192,41.875780924156246,1.6191890244081413e-09
Banchor_A,1.0726922750473022,0.14794817128122684,41.876971295253085,1.6028503700470357e-09
Banchor_A,1.0738461017608643,0.1475752092573195,41.87816218412696,1.5865055605537734e-09
Banchor_A,1.0749999582767487,0.14717814595478818,41.879342803971845,1.5703073882648349e-09
Banchor_A,1.076153814792633,0.14676806627671618,41.88054001296922,1.5538746518769954e-09
Banchor_A,1.0773076713085175,0.14637074224953212,41.881721521387114,1.53765860529905e-09
Banchor_A,1.0784615278244019,0.1459732850496619,41.88290347664964,1.5214339330942878e-09
Banchor_A,1.0796153843402863,0.14572594180610754,41.88388664002026,1.5079410287156769e-09
Banchor_A,1.0807692408561707,0.1454786532001629,41.88487004123386,1.4944445464078475e-09
Banchor_A,1.081923097372055,0.14523139281422953,41.88585371374577,1.4809428283582231e-09
Banchor_A,1.0830769538879395,0.1449841785551522,41.88683761091978,1.46744447065618e-09
Banchor_A,1.0842307806015015,0.14453978855901603,41.88800261843512,1.451455142515309e-09
Banchor_A,1.0853846073150635,0.14414160997871858,41.8891099639837,1.436252313851546e-09
Banchor_A,1.0865384340286255,0.14374332924697125,41.890217822098904,1.4210490769310596e-09
Banchor_A,1.0876922607421875,0.14334504367383463,41.89132611170797,1.4058409830829055e-09
Banchor_A,1.088846117258072,0.14276406779695705,41.892576227672414,1.3886827349536573e-09
Banchor_A,1.0899999737739563,0.14218160677176103,41.89382848940573,1.3714943693397523e-09
Banchor_A,1.0911538302898407,0.14154779845574494,41.89514541213875,1.353420030286402e-09
Banchor_A,1.092307686805725,0.1409651170235642,41.8963984150014,1.336224667487813e-09
Banchor_A,1.0934615433216095,0.140633256140123,41.89736139922057,1.3230079888462866e-09
Banchor_A,1.094615399837494,0.14029027500178995,41.89833858183134,1.3095941366522163e-09
Banchor_A,1.0957692563533783,0.13994710253448234,41.899316293459755,1.2961759308678537e-09
Banchor_A,1.0969231128692627,0.13960375136387207,41.90029449864053,1.2827513582194722e-09
Banchor_A,1.0980769395828247,0.13902300003033036,41.90148896620749,1.2663564889523253e-09
Banchor_A,1.0992307662963867,0.13844234534029898,41.90268358679223,1.249961501186018e-09
Banchor_A,1.1003845930099487,0.13786190718614408,41.90387821006336,1.2335678478631353e-09
Banchor_A,1.1015384197235107,0.1372815409614669,41.90507304886697,1.2171727893814702e-09
Banchor_A,1.1026922762393951,0.1366341947532414,41.906278393067176,1.2006278442789163e-09
Banchor_A,1.1038461327552795,0.13598669182842754,41.907484178079834,1.1840765806191072e-09
Banchor_A,1.104999989271164,0.13533906777876303,41.90869035943616,1.1675279035983068e-09
Banchor_A,1.1061538457870483,0.1346912402113024,41.909897026417994,1.1509630166042736e-09
Banchor_A,1.1073077023029327,0.13415872203886253,41.91097315909312,1.1361933484043589e-09
Banchor_A,1.1084615588188171,0.13362613419709238,41.91204959882377,1.1214205777041231e-09
Banchor_A,1.1096154153347015,0.13309349161601064,41.913126327010126,1.1066406030447524e-09
Banchor_A,1.110769271850586,0.13256378959066517,41.91419957015463,1.0919129840663976e-09
Banchor_A,1.111923098564148,0.13190188235768455,41.915352085732934,1.0760942058027459e-09
Banchor_A,1.11307692527771,0.1312397330559111,41.91650512422801,1.060269984970703e-09
Banchor_A,1.114230751991272,0.13057738001484206,41.91765863771842,1.0444413886608533e-09
Banchor_A,1.115384578704834,0.12991475915784645,41.91881272840632,1.0286042021514031e-09
Banchor_A,1.1165384352207184,0.12914568399332207,41.920027255655945,1.0119286264271846e-09
Banchor_A,1.1176922917366028,0.12837663309864752,41.921242002672535,9.952630792418185e-10
Banchor_A,1.1188461482524872,0.12760760622045922,41.92245696983265,9.785877224004695e-10
Banchor_A,1.1200000047683716,0.12683863138888998,41.923672112929175,9.619097044804579e-10
Banchor_A,1.121153861284256,0.12613332428977075,41.92481546694008,9.462142560059517e-10
Banchor_A,1.1223077178001404,0.12542700009812252,41.925960287063724,9.305033658598969e-10
Banchor_A,1.1234615743160248,0.12479858415370998,41.92700749683205,9.161322617274282e-10
Banchor_A,1.1246154308319092,0.12409305971175173,41.92815164301556,9.004254106344963e-10
Banchor_A,1.1257692575454712,0.12338140506082192,41.9292561478716,8.852671749710553e-10
Banchor_A,1.1269230842590332,0.12266349770956825,41.930368669999304,8.699994207022595e-10
Banchor_A,1.1280769109725952,0.12195177973672804,41.931473597131586,8.548360712328115e-10
Banchor_A,1.1292307376861572,0.12124003302174738,41.932578747383296,8.396705843971703e-10
Banchor_A,1.1303845942020416,0.12038295638582502,41.933806553046324,8.228201713935209e-10
Banchor_A,1.131538450717926,0.1195258605199849,41.93503458459787,8.059647506138537e-10
Banchor_A,1.1326923072338104,0.11866867166155858,41.93626293468576,7.891075786999964e-10
Banchor_A,1.1338461637496948,0.11781145449502818,41.93749151667026,7.722423111485082e-10
Banchor_A,1.1350000202655792,0.11694803277018989,41.93866757655332,7.56103578986233e-10
Banchor_A,1.1361538767814636,0.1160910866065233,41.9398356702465,7.40072140755588e-10
Banchor_A,1.137307733297348,0.1152340171863619,41.941004078264065,7.24035879166594e-10
Banchor_A,1.1384615898132324,0.11437686714970928,41.94217274378376,7.079949091895412e-10
Banchor_A,1.1396154165267944,0.11344492348782306,41.94340785091773,6.910449682407227e-10
Banchor_A,1.1407692432403564,0.11251387844794718,41.944641977579586,6.741082899862786e-10
Banchor_A,1.1419230699539185,0.11158284536381034,41.94587623652649,6.57170268968651e-10
Banchor_A,1.1430768966674805,0.11065176190942767,41.94711071048246,6.402257326781587e-10
Banchor_A,1.1442307531833649,0.10965080040443873,41.94835671409721,6.231235653911457e-10
Banchor_A,1.1453846096992493,0.10864961341692236,41.949603212580726,6.060197748168938e-10
Banchor_A,1.1465384662151337,0.10764710796207597,41.9508515775318,5.888868113855887e-10
Banchor_A,1.147692322731018,0.10664552042041145,41.95209900305814,5.717647346919249e-10
Banchor_A,1.1488461792469025,0.10574684346275993,41.95323291048219,5.561999326002326e-10
Banchor_A,1.1500000357627869,0.10484814858885251,41.95436697627715,5.406350233823185e-10
Banchor_A,1.1511538922786713,0.10394945772077285,41.955501172939684,5.250709479876323e-10
Banchor_A,1.1523077487945557,0.10306679626842458,41.956615391148546,5.097762151588198e-10
Banchor_A,1.1534615755081177,0.10213521164700097,41.957702711787896,4.948544297683521e-10
Banchor_A,1.1546154022216797,0.10120342011428439,41.958790478588185,4.799250320978589e-10
Banchor_A,1.1557692289352417,0.10028327100092298,41.9598637826848,4.651961859815658e-10
Banchor_A,1.1569230556488037,0.09935112094607594,41.96095223943847,4.502574635424857e-10
Banchor_A,1.158076912164688,0.09821633756476943,41.96224357458747,4.325340899454038e-10
Banchor_A,1.1592307686805725,0.09708149648972644,41.96353512918776,4.1480514356380923e-10
Banchor_A,1.160384625196457,0.09594658183352907,41.964826923222645,3.970780287862426e-10
Banchor_A,1.1615384817123413,0.09481169510194194,41.96611883416461,3.7934827983554096e-10
Banchor_A,1.1626923084259033,0.09375439408942768,41.96727862326386,3.63431690585646e-10
Banchor_A,1.1638461351394653,0.09267990037251904,41.96846017639885,3.472168775812347e-10
Banchor_A,1.1649999618530273,0.09160559667436456,41.96964168051828,3.309993726557976e-10
Banchor_A,1.1661537885665894,0.09053128295041102,41.97082337559347,3.1478432121384245e-10
Banchor_A,1.1673076450824738,0.0893949982079938,41.97199573445379,2.98695182866303e-10
Banchor_A,1.1684615015983582,0.08825917974909044,41.97316769382413,2.8260841024465823e-10
Banchor_A,1.1696153581142426,0.08712286056706846,41.97434046771525,2.665147045761043e-10
Banchor_A,1.170769214630127,0.08598656379784812,41.97551340946592,2.504110585106677e-10
Banchor_A,1.1719230711460114,0.08481280211287195,41.976735085857584,2.336466748408248e-10
Banchor_A,1.1730769276618958,0.08363884552232845,41.97795715681332,2.1687210219568962e-10
Banchor_A,1.1742307841777802,0.08246469158915283,41.97917962540246,2.000942810703832e-10
Banchor_A,1.1753846406936646,0.08129041821761714,41.98040240298449,1.8331427389730766e-10
Banchor_A,1.1765384674072266,0.08005311141768232,41.98162989800959,1.6646726836243293e-10
Banchor_A,1.1776922941207886,0.07883735891389992,41.98283051612472,1.4999229414034415e-10
Banchor_A,1.1788461208343506,0.07762154267206597,41.98403138453561,1.335102769873027e-10
Banchor_A,1.1799999475479126,0.07640558112910807,41.98523258387734,1.1702273877039179e-10
Banchor_A,1.181153804063797,0.07522271745876777,41.986365216464506,1.0147584685828413e-10
Banchor_A,1.1823076605796814,0.07400949182139689,41.987536134311696,8.540465004123062e-11
Banchor_A,1.1834615170955658,0.0728262123809311,41.98866965489152,6.985121889337754e-11
Banchor_A,1.1846153736114502,0.07164273156823917,41.98980362766416,5.4285935768529416e-11
Banchor_A,1.1857692301273346,0.0703899289350256,41.99098609062252,3.806152325930067e-11
Banchor_A,1.186923086643219,0.06914048837981514,41.99216447773761,2.188491673384337e-11
Banchor_A,1.1880769431591034,0.067890970553673,41.9933430960766,5.710449354017135e-12
Banchor_A,1.1892307996749878,0.06664140119002686,41.9945219275298,1.0467168025292797e-11
Banchor_A,1.1903846263885498,0.06584292362556916,41.99555228532417,2.460985444804037e-11
Banchor_A,1.1915384531021118,0.06504398342865632,41.996583831664694,3.876821462552473e-11
Banchor_A,1.1926922798156738,0.06425423609791689,41.997604459026704,5.277596311313637e-11
Banchor_A,1.1938461065292358,0.06345495113088902,41.99863766836117,6.695473217391876e-11
Banchor_A,1.1949999630451202,0.06250403783150943,41.999762684426315,8.239193637241996e-11
Banchor_A,1.1961538195610046,0.06155297476228527,42.00088860235657,9.784599339289145e-11
Banchor_A,1.197307676076889,0.06060176992974581,42.002015413419215,1.1331482416503454e-10
Banchor_A,1.1984615325927734,0.059650453854000196,42.00314308302182,1.2879258014346364e-10
Banchor_A,1.1996153891086578,0.058777059175639336,42.00416776100587,1.428496433059242e-10
Banchor_A,1.2007692456245422,0.057899790002310145,42.005197960630966,1.5699198622308853e-10
Banchor_A,1.2019231021404266,0.05702241155003347,42.006228957684705,1.7114264339234634e-10
Banchor_A,1.203076958656311,0.05615807918926152,42.007244234154975,1.8507805593573477e-10
Banchor_A,1.204230785369873,0.05518662666036528,42.008336454027315,2.000690475367929e-10
Banchor_A,1.205384612083435,0.054211167213778985,42.009434292234594,2.1513611350052075e-10
Banchor_A,1.206538438796997,0.053235223924474946,42.01053335981267,2.3021828431732714e-10
Banchor_A,1.207692265510559,0.05225872894211384,42.011633734654666,2.453170127252617e-10
Banchor_A,1.2088461220264435,0.051313926359010706,42.01272983180318,2.603609106762319e-10
Banchor_A,1.2099999785423279,0.05036913506095114,42.013826638421136,2.7541789590199977e-10
Banchor_A,1.2111538350582123,0.04942439015969949,42.014924111538775,2.9048115746075674e-10
Banchor_A,1.2123076915740967,0.048479301172361496,42.016022743142905,3.055574074451261e-10
Banchor_A,1.213461548089981,0.04750965075360777,42.01705305210251,3.1969593690143504e-10
Banchor_A,1.2146154046058655,0.0465053061169244,42.018127571334794,3.344455422787657e-10
Banchor_A,1.2157692611217499,0.04552166830790412,42.01917676108722,3.4884173953922235e-10
Banchor_A,1.2169231176376343,0.04455145952923355,42.020209803687465,3.630207112522789e-10
Banchor_A,1.2180769443511963,0.04353000018573478,42.02133431638397,3.784543614323787e-10
Banchor_A,1.2192307710647583,0.042508347749200155,42.02245971890667,3.938977144726649e-10
Banchor_A,1.2203845977783203,0.041486501502059556,42.023586013272364,4.09358259006442e-10
Banchor_A,1.2215384244918823,0.040464392350929114,42.024713276918334,4.248266855876588e-10
Banchor_A,1.2226922810077667,0.039409615623997286,42.02578787399724,4.395775945338962e-10
Banchor_A,1.2238461375236511,0.03835445112990896,42.026863632016884,4.54343627311634e-10
Banchor_A,1.2249999940395355,0.037298817529111405,42.02794065436594,4.691252734891577e-10
Banchor_A,1.22615385055542,0.03624280934564064,42.02901883270719,4.839225685418711e-10
Banchor_A,1.2273077070713043,0.035209244781129405,42.030028628990244,4.977809077095157e-10
Banchor_A,1.2284615635871887,0.03417562754630892,42.03103916693098,5.116466004350113e-10
Banchor_A,1.2296154201030731,0.033141956410748456,42.032050449322206,5.255260867243848e-10
Banchor_A,1.2307692766189575,0.03211208076033981,42.03305765685876,5.393515929579687e-10
Banchor_A,1.2319231033325195,0.031072833071631143,42.03411867948471,5.539141181931072e-10
Banchor_A,1.2330769300460815,0.030033264784232423,42.0351807254632,5.68490661381052e-10
Banchor_A,1.2342307567596436,0.0289933716995626,42.036243801240545,5.83081487778657e-10
Banchor_A,1.2353845834732056,0.02795308395988315,42.03730797951947,5.976823572479657e-10
Banchor_A,1.23653843998909,0.02681984532404388,42.03840447913104,6.127342734127658e-10
Banchor_A,1.2376922965049744,0.02568630298215181,42.03950205532248,6.277941260269237e-10
Banchor_A,1.2388461530208588,0.024593962947299725,42.040548620883115,6.421614422101784e-10
Banchor_A,1.2400000095367432,0.023460113067212063,42.04164793619191,6.57249163180453e-10
Banchor_A,1.2411538660526276,0.02240025957286271,42.042678003422154,6.713830009771382e-10
Banchor_A,1.242307722568512,0.02134001951318168,42.04370913607543,6.855391174607804e-10
Banchor_A,1.2434615790843964,0.020283539533749763,42.04473613218306,6.996326114726177e-10
Banchor_A,1.2446154356002808,0.019180745001271034,42.04582182124728,7.145344469184826e-10
Banchor_A,1.2457692623138428,0.018091875615343977,42.046818889092236,7.282152960538316e-10
Banchor_A,1.2469230890274048,0.0169607136738315,42.047869675671116,7.426391191763456e-10
Banchor_A,1.2480769157409668,0.015832813277341887,42.04891702314516,7.570143177513256e-10
Banchor_A,1.2492307424545288,0.014700742233598033,42.04997023030764,7.714650939441483e-10
Banchor_A,1.2503845989704132,0.013566020159804687,42.05097188932811,7.852141797858177e-10
Banchor_A,1.2515384554862976,0.012431158572160778,42.051974468917344,7.989738131811239e-10
Banchor_A,1.252692312002182,0.011300259402801105,42.05297282671327,8.126734079986754e-10
Banchor_A,1.2538461685180664,0.010153894170607646,42.05399135292251,8.266584090696792e-10
Banchor_A,1.2550000250339508,0.008973209965815248,42.05508500530969,8.416656669506207e-10
Banchor_A,1.2561538815498352,0.0078010946052039214,42.056168468138466,8.565365261428022e-10
Banchor_A,1.2573077380657196,0.006619788520575149,42.05726403948919,8.715738937063207e-10
Banchor_A,1.258461594581604,0.0054380388235134944,42.05836075855593,8.866221634966739e-10
Banchor_A,1.259615421295166,0.004256346890343912,42.059364839908554,9.004055450871799e-10
Banchor_A,1.260769248008728,0.0030743086936537915,42.06037002112434,9.14196717081482e-10
Banchor_A,1.26192307472229,0.001891922951415765,42.06137630484382,9.2801006785095e-10
Banchor_A,1.263076901435852,0.0006992686417568546,42.06239609877704,9.420071738462978e-10
Banchor_A,1.2642307579517365,-0.0005868307689183939,42.063537230095875,9.576693450005025e-10
Banchor_A,1.2653846144676208,-0.0018751053352010466,42.06468178653432,9.733754509047427e-10
Banchor_A,1.2665384709835052,-0.003161355282430832,42.06582449957208,9.890588043083238e-10
Banchor_A,1.2676923274993896,-0.004447649573190324,42.066967981695306,1.0047522457477171e-09
Banchor_A,1.2688461542129517,-0.005563916357212807,42.06784174869331,1.0167470822642072e-09
Banchor_A,1.2699999809265137,-0.006683031536610935,42.06871975216628,1.0287927588953882e-09
Banchor_A,1.2711538076400757,-0.007802442465500416,42.069598790538095,1.0408620848247597e-09
Banchor_A,1.2723076343536377,-0.008922226409230526,42.0704789268694,1.0529401136357865e-09
Banchor_A,1.273461490869522,-0.010273568788478668,42.07162004063282,1.068599027797359e-09
Banchor_A,1.2746153473854065,-0.011625205684970857,42.07276220544346,1.084276588591479e-09
Banchor_A,1.275769203901291,-0.012977125681933791,42.07390540814557,1.099963228376155e-09
Banchor_A,1.2769230604171753,-0.014332616688827592,42.07505379537383,1.1157237637837875e-09
Banchor_A,1.2780769169330597,-0.015558786011855721,42.07602765603331,1.129090338791803e-09
Banchor_A,1.279230773448944,-0.016786659067146114,42.07700425137108,1.1424942974009236e-09
Banchor_A,1.2803846299648285,-0.018014252171815723,42.07798109414468,1.155904134518109e-09
Banchor_A,1.281538486480713,-0.019242478545104573,42.078959350478726,1.1693260214343066e-09
Banchor_A,1.282692313194275,-0.020557912410405728,42.07999868073575,1.1835947074753488e-09
Banchor_A,1.283846139907837,-0.021873377987163108,42.0810387434726,1.1978660293993356e-09
Banchor_A,1.284999966621399,-0.023192514031618285,42.08208410486169,1.2122124805739171e-09
Banchor_A,1.286153793334961,-0.02450827958358138,42.08312588657107,1.2265115069088211e-09
Banchor_A,1.2873076498508453,-0.025793598128862654,42.08408287383991,1.2396485386592968e-09
Banchor_A,1.2884615063667297,-0.02705469922227374,42.085010061779855,1.2523740020399342e-09
Banchor_A,1.2896153628826141,-0.028316425199960204,42.085938680751376,1.2651157571471817e-09
Banchor_A,1.2907692193984985,-0.02957873198176835,42.086868700329546,1.2778809301076257e-09
Banchor_A,1.291923075914383,-0.031046125653169762,42.08806957768233,1.2943584402659832e-09
Banchor_A,1.2930769324302673,-0.03251371214277116,42.08927132941883,1.3108512419934513e-09
Banchor_A,1.2942307889461517,-0.03398149754856701,42.090473964128996,1.3273617812843413e-09
Banchor_A,1.2953846454620361,-0.03545856055402655,42.09168887781115,1.3440325424407545e-09
Banchor_A,1.2965384721755981,-0.036890603903963835,42.09274653605525,1.3585475556802088e-09
Banchor_A,1.2976922988891602,-0.03830936026681274,42.093788219552074,1.3728495070225658e-09
Banchor_A,1.2988461256027222,-0.039728545195360475,42.09483114376431,1.3871621691659453e-09
Banchor_A,1.2999999523162842,-0.041148210072839725,42.09587537424063,1.4014902515274694e-09
Banchor_A,1.1892307676000755,0.06664142339346367,41.99452189888711,1.0469399238291069e-11
Banchor_A,1.1945234587119298,0.06289675406467027,41.999297977810535,7.601762449469461e-11
Banchor_A,0.9676922590123319,0.13921544765718075,41.78511471168666,2.863538283169929e-09
Banchor_A,0.967692269012332,0.13921544765718075,41.785114751868676,2.8635319214772757e-09
Banchor_A,0.967692279012332,0.13921544765718075,41.78511476453011,2.86353739238426e-09
Banchor_A,0.9723076431663537,0.14132149374760347,41.78832416493922,2.819484208583079e-09
Banchor_A,0.9723076531663537,0.14132149374760347,41.7883242002424,2.81948915835714e-09
Banchor_A,0.9723076631663538,0.14132149374760347,41.78832421287498,2.8194865990588193e-09
Banchor_A,0.9769230273203754,0.14324105857629751,41.791755080089466,2.7723984389789913e-09
Banchor_A,0.9769230373203754,0.14324105857629751,41.79175511545004,2.7723970182942436e-09
Banchor_A,0.9769230473203755,0.14324105857629751,41.79175512785657,2.772399262195092e-09
Banchor_A,0.9815384114743971,0.14450724673476908,41.79589997661551,2.715511015092171e-09
Banchor_A,0.9815384214743972,0.14450724673476908,41.795899937204304,2.715516580585269e-09
Banchor_A,0.9815384314743972,0.14450724673476908,41.79589994958871,2.7155110954049168e-09
Banchor_A,0.9861537956284189,0.14649673140058855,41.79912740448478,2.671220729273578e-09
Banchor_A,0.9861538056284189,0.14649673140058855,41.79912744151583,2.6712162459550585e-09
Banchor_A,0.986153815628419,0.14649673140058855,41.79912745318295,2.6712208672957404e-09
Banchor_A,0.9907691797824406,0.14752357329762758,41.80322962793385,2.6149186088129533e-09
Banchor_A,0.9907691897824407,0.14752357329762758,41.803229661021255,2.6149192172119238e-09
Banchor_A,0.9907691997824407,0.14752357329762758,41.80322967231008,2.614915955866522e-09
Banchor_A,0.9953845639364624,0.1486397007013073,41.80704646952914,2.562531764299388e-09
Banchor_A,0.9953845739364624,0.1486397007013073,41.80704643221208,2.5625338927130312e-09
Banchor_A,0.9953845839364625,0.1486397007013073,41.807046443731466,2.5625353662942114e-09
Banchor_A,0.9999999480904841,0.15016304980630973,41.81045780099134,2.515715351823309e-09
Banchor_A,0.9999999580904841,0.15016304980630973,41.81045783619566,2.515713652224819e-09
Banchor_A,0.9999999680904842,0.15016304980630973,41.810457846967545,2.515713662860708e-09
Banchor_A,1.004615332244506,0.15126410106905444,41.8140544094907,2.466356180415336e-09
Banchor_A,1.0046153422445059,0.15126410106905444,41.81405437335173,2.4663525217033613e-09
Banchor_A,1.0046153522445058,0.15126410106905444,41.8140543843507,2.4663536655133846e-09
Banchor_A,1.0092307163985277,0.15183078718439605,41.81842555541036,2.4063626821877508e-09
Banchor_A,1.0092307263985276,0.15183078718439605,41.81842565202043,2.4063599299347973e-09
Banchor_A,1.0092307363985276,0.15183078718439605,41.818425662464506,2.406363347581473e-09
Banchor_A,1.0138461005525494,0.15265278029338614,41.82222055305388,2.354280092586789e-09
Banchor_A,1.0138461105525494,0.15265278029338614,41.82222052038238,2.3542799541715573e-09
Banchor_A,1.0138461205525493,0.15265278029338614,41.822220530699596,2.3542781408352604e-09
Banchor_A,1.0184614847065712,0.1535042108797482,41.82591868589086,2.3035216400441216e-09
Banchor_A,1.018461494706571,0.1535042108797482,41.8259186602062,2.3035259583421216e-09
Banchor_A,1.018461504706571,0.1535042108797482,41.82591866973473,2.303520946083189e-09
Banchor_A,1.023076868860593,0.1533097330059894,41.830565125317904,2.2397559392477924e-09
Banchor_A,1.0230768788605928,0.1533097330059894,41.8305652086603,2.2397523395309587e-09
Banchor_A,1.0230768888605928,0.1533097330059894,41.83056521822537,2.2397520076313752e-09
Banchor_A,1.0276922530146146,0.15388596066284654,41.83426249722424,2.1890058670807246e-09
Banchor_A,1.0276922630146146,0.15388596066284654,41.83426246904604,2.1890112406910687e-09
Banchor_A,1.0276922730146145,0.15388596066284654,41.834262478194596,2.1890109031374183e-09
Banchor_A,1.0323076371686364,0.15377936340554013,41.838622769767206,2.1291682004347e-09
Banchor_A,1.0323076471686363,0.15377936340554013,41.83862274122316,2.1291652869265615e-09
Banchor_A,1.0323076571686363,0.15377936340554013,41.838622750316915,2.129168505989632e-09
Banchor_A,1.0369230213226581,0.15349625545823872,41.84317960344657,2.0666226760620404e-09
Banchor_A,1.036923031322658,0.15349625545823872,41.843179684118944,2.0666273451956754e-09
Banchor_A,1.036923041322658,0.15349625545823872,41.843179692665466,2.0666225297766355e-09
Banchor_A,1.0415384054766799,0.15343169113112323,41.84720904766425,2.011324248348708e-09
Banchor_A,1.0415384154766798,0.15343169113112323,41.84720902089084,2.011325833120271e-09
Banchor_A,1.0415384254766797,0.15343169113112323,41.847209029364286,2.0113206629942367e-09
Banchor_A,1.0461537896307016,0.15323506659155314,41.85137108088062,1.9542005182950906e-09
Banchor_A,1.0461537996307015,0.15323506659155314,41.85137105818475,1.9542009620930915e-09
Banchor_A,1.0461538096307015,0.15323506659155314,41.85137106625191,1.954203966863205e-09
Banchor_A,1.0507691737847233,0.1529161429222999,41.855498711629664,1.8975511908454378e-09
Banchor_A,1.0507691837847233,0.1529161429222999,41.85549878394741,1.8975509109963374e-09
Banchor_A,1.0507691937847232,0.1529161429222999,41.85549879137121,1.8975497616815735e-09
Banchor_A,1.055384557938745,0.15210439893577485,41.8599470306682,1.8364978874984662e-09
Banchor_A,1.055384567938745,0.15210439893577485,41.859947007744665,1.8364991145938265e-09
Banchor_A,1.055384577938745,0.15210439893577485,41.85994701506443,1.8364986615639523e-09
Banchor_A,1.0599999420927668,0.15141895258494675,41.86418909705103,1.7782807643196948e-09
Banchor_A,1.0599999520927668,0.15141895258494675,41.86418916116962,1.7782778281272447e-09
Banchor_A,1.0599999620927667,0.15141895258494675,41.86418916858297,1.778281771169385e-09
Banchor_A,1.0646153262467886,0.15076602850757057,41.86843318475294,1.7200301268891657e-09
Banchor_A,1.0646153362467885,0.15076602850757057,41.86843316525963,1.7200333513523273e-09
Banchor_A,1.0646153462467884,0.15076602850757057,41.86843317139633,1.7200312712002876e-09
Banchor_A,1.0692307104008103,0.1490662565401831,41.87340173705645,1.6518427736084175e-09
Banchor_A,1.0692307204008102,0.1490662565401831,41.87340171666025,1.6518417072052581e-09
Banchor_A,1.0692307304008102,0.1490662565401831,41.873401722914906,1.6518457765673848e-09
Banchor_A,1.073846094554832,0.1475752092573195,41.87816217961095,1.586505555913168e-09
Banchor_A,1.073846104554832,0.1475752092573195,41.87816223422246,1.5865056120065772e-09
Banchor_A,1.073846114554832,0.1475752092573195,41.87816224013491,1.5865077099948172e-09
Banchor_A,1.0784614787088538,0.1459732850496619,41.88290347238151,1.521434394339683e-09
Banchor_A,1.0784614887088537,0.1459732850496619,41.88290345384657,1.5214357711663783e-09
Banchor_A,1.0784614987088537,0.1459732850496619,41.88290345967624,1.5214346136916556e-09
Banchor_A,1.0830768628628755,0.1449841785551522,41.886837582234804,1.4674397815962273e-09
Banchor_A,1.0830768728628755,0.1449841785551522,41.88683756827676,1.4674453442734422e-09
Banchor_A,1.0830768828628754,0.1449841785551522,41.8868375735397,1.4674460505712833e-09
Banchor_A,1.0876922470168973,0.14334504367383463,41.891326063688766,1.4058431372764676e-09
Banchor_A,1.0876922570168972,0.14334504367383463,41.89132611002593,1.4058405149992705e-09
Banchor_A,1.0876922670168971,0.14334504367383463,41.89132611454112,1.4058379510641403e-09
Banchor_A,1.092307631170919,0.1409651170235642,41.896398408792024,1.3362276976205252e-09
Banchor_A,1.092307641170919,0.1409651170235642,41.896398393387564,1.3362265046693338e-09
Banchor_A,1.0923076511709189,0.1409651170235642,41.89639839812383,1.3362225429183853e-09
Banchor_A,1.0969230153249407,0.13960375136387207,41.90029447224181,1.2827565840977176e-09
Banchor_A,1.0969230253249407,0.13960375136387207,41.90029446331734,1.2827549373694124e-09
Banchor_A,1.0969230353249406,0.13960375136387207,41.90029446735223,1.2827522533952357e-09
Banchor_A,1.1015383994789625,0.1372815409614669,41.9050730094159,1.217168177294672e-09
Banchor_A,1.1015384094789624,0.1372815409614669,41.90507304537875,1.2171730191200013e-09
Banchor_A,1.1015384194789624,0.1372815409614669,41.9050730487837,1.217173608461593e-09
Banchor_A,1.1061537836329842,0.1346912402113024,41.90989701950764,1.150966989525376e-09
Banchor_A,1.1061537936329842,0.1346912402113024,41.90989700798644,1.1509625267710387e-09
Banchor_A,1.106153803632984,0.1346912402113024,41.90989701152049,1.1509665118898252e-09
Banchor_A,1.110769167787006,0.13256378959066517,41.914199548141454,1.0919108505087213e-09
Banchor_A,1.110769177787006,0.13256378959066517,41.914199543920375,1.091914923006795e-09
Banchor_A,1.1107691877870058,0.13256378959066517,41.91419954670937,1.091912819428172e-09
Banchor_A,1.1153845519410277,0.12991475915784645,41.918812699303544,1.0285981628490197e-09
Banchor_A,1.1153845619410276,0.12991475915784645,41.91881272478406,1.0285992707455096e-09
Banchor_A,1.1153845719410276,0.12991475915784645,41.91881272694483,1.0285980995240593e-09
Banchor_A,1.1199999360950494,0.12683863138888998,41.92367210712294,9.6190700150588e-10
Banchor_A,1.1199999460950494,0.12683863138888998,41.9236720997999,9.619068631474267e-10
Banchor_A,1.1199999560950493,0.12683863138888998,41.92367210203759,9.619068676324424e-10
Banchor_A,1.1246153202490712,0.12409305971175173,41.92815162760515,9.00428551652939e-10
Banchor_A,1.1246153302490711,0.12409305971175173,41.928151624586924,9.004300702659583e-10
Banchor_A,1.124615340249071,0.12409305971175173,41.92815162641911,9.004306609984412e-10
Banchor_A,1.129230704403093,0.12124003302174738,41.93257872705701,8.396664342018001e-10
Banchor_A,1.1292307144030929,0.12124003302174738,41.93257874431213,8.39667875058392e-10
Banchor_A,1.1292307244030928,0.12124003302174738,41.93257874563118,8.396716378852683e-10
Banchor_A,1.1338460885571147,0.11781145449502818,41.93749151225645,7.722433596793173e-10
Banchor_A,1.1338460985571146,0.11781145449502818,41.93749151144275,7.722417065115421e-10
Banchor_A,1.1338461085571145,0.11781145449502818,41.937491512244605,7.722447646712093e-10
Banchor_A,1.1384614727111364,0.11437686714970928,41.942172737712696,7.079952437643795e-10
Banchor_A,1.1384614827111363,0.11437686714970928,41.94217273769514,7.079987484350508e-10
Banchor_A,1.1384614927111363,0.11437686714970928,41.94217273826363,7.079941681662897e-10
Banchor_A,1.1430768568651581,0.11065176190942767,41.94711070376592,6.402267523487284e-10
Banchor_A,1.143076866865158,0.11065176190942767,41.94711071074468,6.402277282180649e-10
Banchor_A,1.143076876865158,0.11065176190942767,41.947110710656695,6.402278473039626e-10
Banchor_A,1.1476922410191799,0.10664552042041145,41.952099003378855,5.717660227573041e-10
Banchor_A,1.1476922510191798,0.10664552042041145,41.95209900267612,5.717673031581917e-10
Banchor_A,1.1476922610191798,0.10664552042041145,41.9520990027294,5.717613098003025e-10
Banchor_A,1.1523076251732016,0.10306679626842458,41.95661539067397,5.097754910902498e-10
Banchor_A,1.1523076351732016,0.10306679626842458,41.95661539919873,5.097817204056105e-10
Banchor_A,1.1523076451732015,0.10306679626842458,41.95661539849023,5.097754880864037e-10
Banchor_A,1.1569230093272234,0.09935112094607594,41.960952248133026,4.502581470826273e-10
Banchor_A,1.1569230193272233,0.09935112094607594,41.96095224361625,4.5026004637129097e-10
Banchor_A,1.1569230293272232,0.09935112094607594,41.96095224246603,4.5025910664364396e-10
Banchor_A,1.161538393481245,0.09481169510194194,41.96611883946866,3.7935144983174126e-10
Banchor_A,1.161538403481245,0.09481169510194194,41.96611884549084,3.793516814924752e-10
Banchor_A,1.161538413481245,0.09481169510194194,41.96611884404305,3.793469771361361e-10
Banchor_A,1.1661537776352668,0.09053128295041102,41.97082338830955,3.1477819601017943e-10
Banchor_A,1.1661537876352668,0.09053128295041102,41.970823375798155,3.1478243926990137e-10
Banchor_A,1.1661537976352667,0.09053128295041102,41.97082337360038,3.147803235991361e-10
Banchor_A,1.1707691617892886,0.08598656379784812,41.97551341186117,2.504143509194839e-10
Banchor_A,1.1707691717892885,0.08598656379784812,41.9755134187951,2.504144669249793e-10
Banchor_A,1.1707691817892885,0.08598656379784812,41.97551341661747,2.504117621225038e-10
Banchor_A,1.1753845459433103,0.08129041821761714,41.98040241446375,1.8331380117814115e-10
Banchor_A,1.1753845559433103,0.08129041821761714,41.98040242687058,1.833140324569576e-10
Banchor_A,1.1753845659433102,0.08129041821761714,41.98040242405218,1.8331015430600785e-10
Banchor_A,1.179999930097332,0.07640558112910807,41.985232610526936,1.1702085380537217e-10
Banchor_A,1.179999940097332,0.07640558112910807,41.985232586148705,1.1702121061909613e-10
Banchor_A,1.179999950097332,0.07640558112910807,41.985232583100135,1.1702050587287415e-10
Banchor_A,1.1846153142513538,0.07164273156823917,41.9898036329733,5.4289577492281687e-11
Banchor_A,1.1846153242513537,0.07164273156823917,41.98980364433531,5.429086921374016e-11
Banchor_A,1.1846153342513537,0.07164273156823917,41.98980364095786,5.4286169977531416e-11
Banchor_A,1.1892306984053755,0.06664140119002686,41.99452194754931,1.046928164718348e-11
Banchor_A,1.1892307084053755,0.06664140119002686,41.9945219253086,1.0466462946680434e-11
Banchor_A,1.1892307184053754,0.06664140119002686,41.994521925551965,1.0466932740594812e-11
Banchor_A,1.1938460825593973,0.06345495113088902,41.99863766568211,6.695296570074346e-11
Banchor_A,1.1938460925593972,0.06345495113088902,41.99863766919172,6.695179302142573e-11
Banchor_A,1.1938461025593972,0.06345495113088902,41.99863766859719,6.695426184232289e-11
Banchor_A,1.198461466713419,0.059650453854000196,42.00314308438777,1.287910485936072e-10
Banchor_A,1.198461476713419,0.059650453854000196,42.00314308649203,1.2878939859239796e-10
Banchor_A,1.198461486713419,0.059650453854000196,42.00314308587101,1.287872812485658e-10
Banchor_A,1.2030768508674408,0.05615807918926152,42.00724423809584,1.85075691852346e-10
Banchor_A,1.2030768608674407,0.05615807918926152,42.007244244925545,1.8507356440914434e-10
Banchor_A,1.2030768708674406,0.05615807918926152,42.00724424382413,1.850742728262017e-10
Banchor_A,1.2076922350214625,0.05225872894211384,42.01163374630034,2.4531581181744085e-10
Banchor_A,1.2076922450214624,0.05225872894211384,42.01163373625017,2.453223226055177e-10
Banchor_A,1.2076922550214624,0.05225872894211384,42.011633735471456,2.4531689322016097e-10
Banchor_A,1.2123076191754842,0.048479301172361496,42.01602274544073,3.0555728401009123e-10
Banchor_A,1.2123076291754842,0.048479301172361496,42.01602275324534,3.0555917037681e-10
Banchor_A,1.2123076391754841,0.048479301172361496,42.016022751626316,3.055526719498175e-10
Banchor_A,1.216923003329506,0.04455145952923355,42.0202098152384,3.630244823378114e-10
Banchor_A,1.216923013329506,0.04455145952923355,42.02020981793492,3.630235216505863e-10
Banchor_A,1.2169230233295059,0.04455145952923355,42.020209816569015,3.6302044931983703e-10
Banchor_A,1.2215383874835277,0.040464392350929114,42.02471329227599,4.2482736032241215e-10
Banchor_A,1.2215383974835277,0.040464392350929114,42.024713282754945,4.2482620401665743e-10
Banchor_A,1.2215384074835276,0.040464392350929114,42.02471328059391,4.24826799233026e-10
Banchor_A,1.2261537716375495,0.03624280934564064,42.029018840618924,4.839192347753193e-10
Banchor_A,1.2261537816375494,0.03624280934564064,42.02901884988261,4.839217169719866e-10
Banchor_A,1.2261537916375493,0.03624280934564064,42.029018847390454,4.839225504772548e-10
Banchor_A,1.2307691557915712,0.03211208076033981,42.033057676341635,5.3935441658453e-10
Banchor_A,1.2307691657915711,0.03211208076033981,42.033057680242024,5.393532174292125e-10
Banchor_A,1.230769175791571,0.03211208076033981,42.03305767813214,5.39349776317129e-10
Banchor_A,1.235384539945593,0.02795308395988315,42.03730800475298,5.976819538965298e-10
Banchor_A,1.2353845499455929,0.02795308395988315,42.037307988991,5.976821073121182e-10
Banchor_A,1.2353845599455928,0.02795308395988315,42.03730798616601,5.976859165764683e-10
Banchor_A,1.2399999240996147,0.023460113067212063,42.04164794838068,6.572508123840758e-10
Banchor_A,1.2399999340996146,0.023460113067212063,42.04164795581401,6.572504417073591e-10
Banchor_A,1.2399999440996146,0.023460113067212063,42.04164795321289,6.572498506159115e-10
Banchor_A,1.2446153082536364,0.019180745001271034,42.045821843310094,7.145329787691352e-10
Banchor_A,1.2446153182536364,0.019180745001271034,42.04582185884867,7.145308096151385e-10
Banchor_A,1.2446153282536363,0.019180745001271034,42.04582185564437,7.145339133010167e-10
Banchor_A,1.2492306924076582,0.014700742233598033,42.04997027081128,7.714683627692667e-10
Banchor_A,1.249230702407658,0.014700742233598033,42.04997024497449,7.714681809847398e-10
Banchor_A,1.249230712407658,0.014700742233598033,42.04997024131207,7.714671108292325e-10
Banchor_A,1.25384607656168,0.010153894170607646,42.053991371122905,8.266531327180896e-10
Banchor_A,1.2538460865616798,0.010153894170607646,42.05399138049518,8.266572829803278e-10
Banchor_A,1.2538460965616798,0.010153894170607646,42.05399137713086,8.266546619744398e-10
Banchor_A,1.2584614607157016,0.0054380388235134944,42.058360789311806,8.866234172770924e-10
Banchor_A,1.2584614707157016,0.0054380388235134944,42.058360809987654,8.86625198056868e-10
Banchor_A,1.2584614807157015,0.0054380388235134944,42.05836080583544,8.866212571414305e-10
Banchor_A,1.2630768448697234,0.0006992686417568546,42.06239615405679,9.420061292570147e-10
Banchor_A,1.2630768548697233,0.0006992686417568546,42.06239611786996,9.420089400349206e-10
Banchor_A,1.2630768648697233,0.0006992686417568546,42.062396113769786,9.420070305004804e-10
Banchor_A,1.2676922290237451,-0.004447649573190324,42.06696800475197,1.0047520868142593e-09
Banchor_A,1.267692239023745,-0.004447649573190324,42.06696802213131,1.004750989646715e-09
Banchor_A,1.267692249023745,-0.004447649573190324,42.06696801756102,1.0047539929556506e-09
Banchor_A,1.2723076131777669,-0.008922226409230526,42.070478971650616,1.0529422066491654e-09
Banchor_A,1.2723076231777668,-0.008922226409230526,42.070478932245,1.0529396239022862e-09
Banchor_A,1.2723076331777667,-0.008922226409230526,42.07047892743499,1.0529369923986409e-09
Banchor_A,1.2769229973317886,-0.014332616688827592,42.07505380551025,1.1157242250434055e-09
Banchor_A,1.2769230073317885,-0.014332616688827592,42.07505382137543,1.1157278142858333e-09
Banchor_A,1.2769230173317885,-0.014332616688827592,42.07505381647736,1.1157286624761942e-09
Banchor_A,1.2815383814858103,-0.019242478545104573,42.0789593812498,1.169327780605928e-09
Banchor_A,1.2815383914858103,-0.019242478545104573,42.07895940084893,1.1693258146153935e-09
Banchor_A,1.2815384014858102,-0.019242478545104573,42.07895939554652,1.1693273875100986e-09
Banchor_A,1.286153765639832,-0.02450827958358138,42.0831259419938,1.2265087561520637e-09
Banchor_A,1.286153775639832,-0.02450827958358138,42.083125896636346,1.226513177255936e-09
Banchor_A,1.286153785639832,-0.02450827958358138,42.08312589094818,1.226510897589669e-09
Banchor_A,1.2907691497938538,-0.02957873198176835,42.086868716022884,1.2778815068631173e-09
Banchor_A,1.2907691597938538,-0.02957873198176835,42.08686873343973,1.277878096041744e-09
Banchor_A,1.2907691697938537,-0.02957873198176835,42.08686872788476,1.2778783473112712e-09
Banchor_A,1.2953845339478756,-0.03545856055402655,42.091688916329524,1.344036695666712e-09
Banchor_A,1.2953845439478755,-0.03545856055402655,42.09168894290515,1.3440351070520358e-09
Banchor_A,1.2953845539478754,-0.03545856055402655,42.091688936492844,1.3440357199662066e-09
Banchor_A,1.1892307084053755,0.06664146437870817,41.99452184601595,1.0465288863160998e-11
Banchor_B,0.9676923155784607,0.14031083516005852,41.78385687898591,2.8808001126379684e-09
Banchor_B,0.9699999988079071,0.14136484503654678,41.78545876050242,2.8588134884467806e-09
Banchor_B,0.9723076820373535,0.14241594750195405,41.78706744013813,2.8367344143200136e-09
Banchor_B,0.9746153652667999,0.14337042980495784,41.788787660260276,2.8131246206115464e-09
Banchor_B,0.9769230484962463,0.1443333731408965,41.79050092370254,2.789612857286017e-09
Banchor_B,0.9792307615280151,0.14517768778279502,41.79230690061746,2.764825696146509e-09
Banchor_B,0.9815384745597839,0.14559704683413424,41.79464863144595,2.7326847669835247e-09
Banchor_B,0.9838461577892303,0.14658786065400212,41.79626558116535,2.7104959041848755e-09
Banchor_B,0.9861538410186768,0.14758108219525562,41.797883056645944,2.6882979063332675e-09
Banchor_B,0.9884615242481232,0.1480973002482854,41.799929344200926,2.6602118175973477e-09
Banchor_B,0.9907692074775696,0.14861517239900132,41.80197627150285,2.6321168106922016e-09
Banchor_B,0.9930769205093384,0.1491935562442896,41.8038576011323,2.6062968680390036e-09
Banchor_B,0.9953846335411072,0.14972853513903062,41.80579659788122,2.5796852448820813e-09
Banchor_B,0.9976923167705536,0.15048967944263297,41.807501664905246,2.5562853355881855e-09
Banchor_B,1.0,0.15124359668340753,41.80921860151792,2.53272022491629e-09
Banchor_B,1.0023077130317688,0.15180026480426786,41.81100766011003,2.50816598116124e-09
Banchor_B,1.0046154260635376,0.15235232965758994,41.81280548656231,2.483492014725536e-09
Banchor_B,1.0069230794906616,0.15263499022612495,41.81499062305178,2.453506097960947e-09
Banchor_B,1.0092307329177856,0.15292004134438575,41.817175643428385,2.423515880191546e-09
Banchor_B,1.0115384459495544,0.15332981207689136,41.81907328260664,2.397469707941901e-09
Banchor_B,1.0138461589813232,0.1537419056474022,41.8209708024404,2.3714290850566353e-09
Banchor_B,1.016153872013092,0.15416769190550414,41.822818762121834,2.3460674667239115e-09
Banchor_B,1.0184615850448608,0.15459324005823405,41.824669191753856,2.3206738050289723e-09
Banchor_B,1.0207692384719849,0.15449891467192878,41.826987926524254,2.288850679237572e-09
Banchor_B,1.0230768918991089,0.15440314505391775,41.829310916502926,2.2569641358445894e-09
Banchor_B,1.0253846049308777,0.15469029286147012,41.83115946609595,2.2315976745436173e-09
Banchor_B,1.0276923179626465,0.15497918739879288,41.83300853085878,2.206217745522963e-09
Banchor_B,1.0300000309944153,0.15488310294564253,41.83524147263373,2.1755697492129377e-09
Banchor_B,1.032307744026184,0.15483087605906481,41.83742146852018,2.1456555323994925e-09
Banchor_B,1.034615397453308,0.15468948804035382,41.83969863747767,2.114403342109962e-09
Banchor_B,1.0369230508804321,0.15454903155024344,41.841977017527384,2.0831333665471466e-09
Banchor_B,1.039230763912201,0.15454147787298558,41.843959914428495,2.0559148420451613e-09
Banchor_B,1.0415384769439697,0.15452878328794256,41.84595111564664,2.028589800280663e-09
Banchor_B,1.0438461899757385,0.1544312052126917,41.848030297301165,2.000053040639613e-09
Banchor_B,1.0461539030075073,0.15433510137393575,41.8501098959442,1.971507902995619e-09
Banchor_B,1.0484615564346313,0.15421868048567652,41.852118769781825,1.943937409072801e-09
Banchor_B,1.0507692098617554,0.1540179207440066,41.85423567342767,1.914888646603258e-09
Banchor_B,1.0530769228935242,0.15360752235170044,41.85646481553788,1.8842915298024096e-09
Banchor_B,1.055384635925293,0.15320090153647842,41.85869093523891,1.8537423027232862e-09
Banchor_B,1.057692289352417,0.15286429401926582,41.86080326693251,1.824746705842032e-09
Banchor_B,1.059999942779541,0.15252034480823579,41.86292690538454,1.795603042243238e-09
Banchor_B,1.0623076558113098,0.15219661473827914,41.86504505813494,1.7665353052109723e-09
Banchor_B,1.0646153688430786,0.1518712780535028,41.867166646805444,1.7374186278541778e-09
Banchor_B,1.0669230818748474,0.15102229245364582,41.86964914490752,1.7033434508157662e-09
Banchor_B,1.0692307949066162,0.1501740599275948,41.872132423368846,1.669264142193084e-09
Banchor_B,1.0715384483337402,0.1494304473057887,41.87450979880624,1.6366321442480435e-09
Banchor_B,1.0738461017608643,0.14868624440487463,41.876889337132106,1.6039783219570711e-09
Banchor_B,1.076153814792633,0.14787907090708338,41.87926737270813,1.5713424965434697e-09
Banchor_B,1.0784615278244019,0.1470853145483337,41.881629723310276,1.538917422615415e-09
Banchor_B,1.0807692408561707,0.1465928181368028,41.88359399966625,1.511956327533568e-09
Banchor_B,1.0830769538879395,0.14609858373666001,41.885561661060734,1.4849549372431708e-09
Banchor_B,1.0853846073150635,0.14525935329829823,41.88782998947212,1.4538243418473395e-09
Banchor_B,1.0876922607421875,0.14445987303769275,41.890049977332296,1.4233521676013071e-09
Banchor_B,1.0899999737739563,0.14325158561176182,41.89260903073533,1.3882316074845802e-09
Banchor_B,1.092307686805725,0.1420997835397358,41.89509814620061,1.354068494690737e-09
Banchor_B,1.094615399837494,0.14141479750756852,41.89705117459258,1.3272670971767435e-09
Banchor_B,1.0969231128692627,0.14072906676193328,41.89900627489368,1.3004351960570445e-09
Banchor_B,1.0992307662963867,0.13957005792071733,41.90139272568105,1.2676780043516728e-09
Banchor_B,1.1015384197235107,0.13841160689958482,41.90377960810994,1.2349212134611172e-09
Banchor_B,1.1038461327552795,0.1371188006255946,41.906188487787254,1.2018641236040567e-09
Banchor_B,1.1061538457870483,0.13582540434666351,41.908599072926975,1.1687785117798449e-09
Banchor_B,1.1084615588188171,0.13476235791698887,41.91074942752993,1.139263984278089e-09
Banchor_B,1.110769271850586,0.1336987268441675,41.912901383015374,1.1097288550577401e-09
Banchor_B,1.11307692527771,0.13237693039930754,41.91520444673216,1.07812524897431e-09
Banchor_B,1.115384578704834,0.13113098832560677,41.91741324039301,1.0478106952919441e-09
Banchor_B,1.1176922917366028,0.1295189584983057,41.919935656066485,1.013185251764363e-09
Banchor_B,1.1200000047683716,0.1279838427504151,41.92236256463658,9.798785544804801e-10
Banchor_B,1.1223077178001404,0.1266513502117701,41.92455185048304,9.498348624106685e-10
Banchor_B,1.1246154308319092,0.12524321112810063,41.926836733768276,9.184785725252126e-10
Banchor_B,1.1269230842590332,0.12381599453093242,41.92905122578141,8.88079717186204e-10
Banchor_B,1.1292307376861572,0.12239521581054304,41.931258350022034,8.577903139000804e-10
Banchor_B,1.131538450717926,0.12068327301731463,41.933711728023205,8.241179615422195e-10
Banchor_B,1.1338461637496948,0.11897112260914318,41.936166170279606,7.904358806549764e-10
Banchor_B,1.1361538767814636,0.11725509431183002,41.938505546752936,7.583296234744848e-10
Banchor_B,1.1384615898132324,0.11554525572561326,41.94083780002466,7.263158209183034e-10
Banchor_B,1.1407692432403564,0.11368426704281243,41.94330482759995,6.924603199769483e-10
Banchor_B,1.1430768966674805,0.11182416381330218,41.94577134027075,6.586081647073241e-10
Banchor_B,1.1453846096992493,0.10982603576248513,41.94825936912175,6.244617387912241e-10
Banchor_B,1.147692322731018,0.10782597750200511,41.950750672624274,5.902670643279303e-10
Banchor_B,1.1500000357627869,0.10603174997074342,41.95301520770919,5.591909783241513e-10
Banchor_B,1.1523077487945557,0.1042375055804234,41.95528031205073,5.281026146634834e-10
Banchor_B,1.1546154022216797,0.10239778461593022,41.957426260760876,4.986506701076636e-10
Banchor_B,1.1569230556488037,0.10054904593814062,41.95958406224402,4.690352883203764e-10
Banchor_B,1.1592307686805725,0.09828238359942591,41.96216364837699,4.336318094260688e-10
Banchor_B,1.1615384817123413,0.09601556467082377,41.96474402814568,3.98215073851294e-10
Banchor_B,1.1638461351394653,0.09388801324892188,41.96708068875332,3.6614653527135566e-10
Banchor_B,1.1661537885665894,0.09174367703423474,41.969439157465494,3.3377860706895216e-10
Banchor_B,1.1684615015983582,0.08947658464904604,41.97177790222498,3.016833508260359e-10
Banchor_B,1.170769214630127,0.0872090589209986,41.974117950106645,2.695634359898615e-10
Banchor_B,1.1730769276618958,0.08486528228273477,41.97655735265481,2.3608369213025976e-10
Banchor_B,1.1753846406936646,0.08252081603093546,41.978998234419954,2.0258721608293467e-10
Banchor_B,1.1776922941207886,0.08007185009813282,41.981421780536195,1.693227786818617e-10
Banchor_B,1.1799999475479126,0.0776441667314942,41.98381929355963,1.3642148463159707e-10
Banchor_B,1.1823076605796814,0.0752795556280679,41.98608390894282,1.0533751759637264e-10
Banchor_B,1.1846153736114502,0.07288593014204832,41.98838567760154,7.375033791439568e-11
Banchor_B,1.186923086643219,0.07039096213006668,41.99073794824613,4.146482325528164e-11
Banchor_B,1.1892307996749878,0.0678957316257993,41.993091102897196,9.166199028018359e-12
Banchor_B,1.1915384531021118,0.0663001901364923,41.995151020866714,1.9104088272575614e-11
Banchor_B,1.1938461065292358,0.06471381617892749,41.99720189072143,4.7250285294222e-11
Banchor_B,1.1961538195610046,0.06281520251340386,41.99944905337362,7.809365922781177e-11
Banchor_B,1.1984615325927734,0.060916068010164984,42.00169973547443,1.0898096976262898e-10
Banchor_B,1.2007692456245422,0.0591682802019596,42.00375139321513,1.3713564561492016e-10
Banchor_B,1.203076958656311,0.057416326501356786,42.00581093527082,1.6540630121273294e-10
Banchor_B,1.205384612083435,0.055486597222751385,42.0079800745794,1.9517254314857318e-10
Banchor_B,1.207692265510559,0.05353849097302123,42.01017468077675,2.252918095645358e-10
Banchor_B,1.2099999785423279,0.051650725039234985,42.01236552220402,2.553591163952048e-10
Banchor_B,1.2123076915740967,0.04976267494346896,42.01455961935372,2.854748443392422e-10
Banchor_B,1.2146154046058655,0.04781240830951059,42.01663516466738,3.139608933172074e-10
Banchor_B,1.2169231176376343,0.04584104192098096,42.01873985843996,3.428501216033418e-10
Banchor_B,1.2192307710647583,0.043799935318268986,42.02098751237439,3.7369350127350174e-10
Banchor_B,1.2215384244918823,0.04175798931879016,42.02323880459719,4.0459191047213197e-10
Banchor_B,1.2238461375236511,0.03965014778868734,42.02538673600781,4.340740594446736e-10
Banchor_B,1.22615385055542,0.037540658318162584,42.027539447728536,4.6361893449244953e-10
Banchor_B,1.2284615635871887,0.03547667876443069,42.02955619617583,4.912930179103915e-10
Banchor_B,1.2307692766189575,0.03341292279073846,42.03157538340205,5.190106042423512e-10
Banchor_B,1.2330769300460815,0.03133663858206842,42.03369559733119,5.481065931125535e-10
Banchor_B,1.2353845834732056,0.029258992820025337,42.03581999313874,5.772656891834819e-10
Banchor_B,1.2376922965049744,0.026994564347745498,42.03801138162518,6.073373442573661e-10
Banchor_B,1.2400000095367432,0.024728963815686525,42.04020703983629,6.374713423218849e-10
Banchor_B,1.242307722568512,0.022610446712397786,42.04226643198656,6.657376569384395e-10
Banchor_B,1.2446154356002808,0.02049461741447484,42.04432478885453,6.93986406997984e-10
Banchor_B,1.2469230890274048,0.018234885478435884,42.04642277291812,7.227809224693537e-10
Banchor_B,1.2492307424545288,0.01597700030656328,42.048521048021804,7.515767714074619e-10
Banchor_B,1.2515384554862976,0.013708783152943051,42.050523842612414,7.790676959454057e-10
Banchor_B,1.2538461685180664,0.011487463293061252,42.05247079696731,8.057887490397244e-10
Banchor_B,1.2561538815498352,0.009125515851007298,42.05465960447514,8.358228922395169e-10
Banchor_B,1.258461594581604,0.00672147386293931,42.05690351197543,8.66621570461018e-10
Banchor_B,1.260769248008728,0.004401003231890627,42.0588584666133,8.934541408485582e-10
Banchor_B,1.263076901435852,0.0020263624037674664,42.06088400577004,9.212542474083698e-10
Banchor_B,1.2653846144676208,-0.0005452167074204898,42.063166524779675,9.525804043287523e-10
Banchor_B,1.2676923274993896,-0.0031150100880850905,42.06544960935309,9.83911790490596e-10
Banchor_B,1.2699999809265137,-0.005348723694822207,42.067199473877515,1.0079272397649717e-09
Banchor_B,1.2723076343536377,-0.0075861758258768215,42.068956649520054,1.032048897034063e-09
Banchor_B,1.2746153473854065,-0.010285505410727003,42.071235797026496,1.0633258389185502e-09
Banchor_B,1.2769230604171753,-0.01298922444306918,42.07352319861063,1.0947212605621897e-09
Banchor_B,1.279230773448944,-0.015440965088250857,42.075470869302734,1.1214491163977512e-09
Banchor_B,1.281538486480713,-0.01789649131628008,42.07742570442305,1.148280684687086e-09
Banchor_B,1.283846139907837,-0.02052457441267469,42.07950189157404,1.1767764751767299e-09
Banchor_B,1.286153793334961,-0.023152940835094834,42.08158116227817,1.2053081640916323e-09
Banchor_B,1.2884615063667297,-0.025698718813405342,42.08346454425493,1.2311602213058471e-09
Banchor_B,1.2907692193984985,-0.028222058057693296,42.08532228431632,1.2566546009048854e-09
Banchor_B,1.2930769324302673,-0.031153003058187696,42.08772036989216,1.2895672732445493e-09
Banchor_B,1.2953846454620361,-0.034093603216627966,42.09013307512183,1.322680616943961e-09
Banchor_B,1.2976922988891602,-0.03694120578363352,42.092228799808595,1.3514459881374098e-09
Banchor_B,1.2999999523162842,-0.039776738544661246,42.09431217926235,1.3800380913309095e-09
Banchor_B,0.9665384739637375,0.13967070989132174,41.78311940338533,2.8909194273862515e-09
Banchor_B,0.9676923155784607,0.14031081526938632,41.7838569039185,2.880797636276038e-09
Banchor_B,0.9688461571931839,0.14083944944243876,41.78465541148745,2.869842117519568e-09
Banchor_B,0.9699999988079071,0.1413648480654214,41.78545875670577,2.8588127106102035e-09
Banchor_B,0.9711538404226303,0.14189034634993453,41.7862627595647,2.847779936930881e-09
Banchor_B,0.9723076820373535,0.14241594845579844,41.78706743894249,2.836732067974225e-09
Banchor_B,0.9734615236520767,0.1428949565238725,41.787924881797906,2.8249695944190214e-09
Banchor_B,0.9746153652667999,0.1433704272596454,41.78878766345084,2.8131265203311274e-09
Banchor_B,0.9757692068815231,0.14385141274366586,41.78964443854319,2.8013679195096e-09
Banchor_B,0.9769230484962463,0.1443334141295981,41.790500872322596,2.789615482153562e-09
Banchor_B,0.9780769050121307,0.1447333616449606,41.791431384411524,2.776840633577286e-09
Banchor_B,0.9792307615280151,0.1451776759250556,41.79230691548143,2.7648240004724244e-09
Banchor_B,0.9803846180438995,0.14519834521021213,41.793714318285986,2.745508884744686e-09
Banchor_B,0.9815384745597839,0.1455970474225909,41.794648630708025,2.732683982286405e-09
Banchor_B,0.9826923161745071,0.14609503797791226,41.79545341520996,2.7216433434934403e-09
Banchor_B,0.9838461577892303,0.14658784532411936,41.79626560038926,2.710493865033859e-09
Banchor_B,0.9849999994039536,0.14708719983408725,41.79707046529157,2.699450821428407e-09
Banchor_B,0.9861538410186768,0.14758108024077393,41.79788305909679,2.6882965545722516e-09
Banchor_B,0.9873076826334,0.1478395879349982,41.79890536358187,2.6742696848215385e-09
Banchor_B,0.9884615242481232,0.14809730932535764,41.799929332818365,2.660214868185822e-09
Banchor_B,0.9896153658628464,0.1483553083488618,41.800953624261716,2.646152244689358e-09
Banchor_B,0.9907692074775696,0.1486151965304913,41.80197624124211,2.6321198816280954e-09
Banchor_B,0.991923063993454,0.14890416292352537,41.802916780188774,2.619210049487802e-09
Banchor_B,0.9930769205093384,0.1491935567510453,41.803857600496826,2.6062992386511756e-09
Banchor_B,0.9942307770252228,0.14948335583448707,41.804798731498,2.593381411654317e-09
Banchor_B,0.9953846335411072,0.14972851799219505,41.805796619384,2.579687033839685e-09
Banchor_B,0.9965384751558304,0.15010892600597525,41.8066490108836,2.5679913201765477e-09
Banchor_B,0.9976923167705536,0.15048969045026037,41.80750165110119,2.556283651467877e-09
Banchor_B,0.9988461583852768,0.1508708379931471,41.808354507718136,2.544584038201185e-09
Banchor_B,1.0,0.15124359724549044,41.809218600813026,2.5327249777452096e-09
Banchor_B,1.0011538565158844,0.151527527639339,41.810105733252456,2.5205447584714523e-09
Banchor_B,1.0023077130317688,0.1518002649662163,41.811007659906934,2.5081682470346935e-09
Banchor_B,1.0034615695476532,0.152076127475159,41.81190642781569,2.4958334975922666e-09
Banchor_B,1.0046154260635376,0.15235234257814537,41.812805470359145,2.483496791752895e-09
Banchor_B,1.0057692527770996,0.1524933460385068,41.81389809946323,2.4684984104054753e-09
Banchor_B,1.0069230794906616,0.15263497865559586,41.81499063756199,2.4535010902561083e-09
Banchor_B,1.0080769062042236,0.15277720415918944,41.81608313128748,2.4385143109334163e-09
Banchor_B,1.0092307329177856,0.15292003414127495,41.8171756524616,2.4235153046261892e-09
Banchor_B,1.01038458943367,0.15312481546077178,41.8181242482942,2.410498305029369e-09
Banchor_B,1.0115384459495544,0.15332981069108548,41.81907328434454,2.3974720961611617e-09
Banchor_B,1.0126923024654388,0.15353649701207445,41.82002090892357,2.384468160991528e-09
Banchor_B,1.0138461589813232,0.15374190629052914,41.82097080163386,2.371431933548448e-09
Banchor_B,1.0150000154972076,0.1539548244854901,41.82189447372225,2.3587532886943102e-09
Banchor_B,1.016153872013092,0.1541676868294633,41.82281876848763,2.3460664355468573e-09
Banchor_B,1.0173077285289764,0.15438049422056227,41.823743685834145,2.333374776905865e-09
Banchor_B,1.0184615850448608,0.15459323711486417,41.82466919544512,2.3206677527746207e-09
Banchor_B,1.0196154117584229,0.15454612787956665,41.82582820021997,2.3047615034315446e-09
Banchor_B,1.0207692384719849,0.15449891071441788,41.826987931487345,2.288844393548234e-09
Banchor_B,1.0219230651855469,0.1544515852962623,41.828148390681065,2.272921078944632e-09
Banchor_B,1.0230768918991089,0.1544031417976732,41.82931092058658,2.2569628755637725e-09
Banchor_B,1.0242307484149933,0.15454648008330077,41.83023514813294,2.2442830668995292e-09
Banchor_B,1.0253846049308777,0.15469029300101345,41.83115946592095,2.2315974458023814e-09
Banchor_B,1.026538461446762,0.15483452381851578,41.83208394610272,2.2189067329887573e-09
Banchor_B,1.0276923179626465,0.1549791873960039,41.83300853086227,2.2062165997548543e-09
Banchor_B,1.0288461744785309,0.1549145430497353,41.83414556053534,2.190613373475726e-09
Banchor_B,1.0300000309944153,0.15488310352357726,41.83524147190894,2.175573074419895e-09
Banchor_B,1.0311538875102997,0.1548569559738015,41.83633126979733,2.160615918974183e-09
Banchor_B,1.032307744026184,0.15483087670083462,41.83742146771534,2.145651747387407e-09
Banchor_B,1.033461570739746,0.15476006560689748,41.83855991076675,2.1300299054689715e-09
Banchor_B,1.034615397453308,0.15468948874637986,41.83969863659224,2.1143982907581306e-09
Banchor_B,1.0357692241668701,0.15461914585594874,41.84083764621236,2.0987673226666452e-09
Banchor_B,1.0369230508804321,0.1545490322625929,41.84197701663402,2.083132792556366e-09
Banchor_B,1.0380769073963165,0.154545255868641,41.84296822697546,2.069525584525141e-09
Banchor_B,1.039230763912201,0.15454147841417462,41.843959913749785,2.055913462133173e-09
Banchor_B,1.0403846204280853,0.15453258418759125,41.84495849091456,2.0422138316021595e-09
Banchor_B,1.0415384769439697,0.15452878381778073,41.845951114982164,2.0285866919109554e-09
Banchor_B,1.0426923334598541,0.15447991344871695,41.846990520668655,2.014322955717664e-09
Banchor_B,1.0438461899757385,0.15443120554671583,41.848030296882264,2.0000506207345403e-09
Banchor_B,1.045000046491623,0.15438266126527034,41.84907044297077,1.9857786529042453e-09
Banchor_B,1.0461539030075073,0.15433510188433147,41.8501098953041,1.971514017098717e-09
Banchor_B,1.0473077297210693,0.1542327713961836,41.8511693664854,1.956968732979672e-09
Banchor_B,1.0484615564346313,0.15421867981540546,41.85211877062231,1.943939717465315e-09
Banchor_B,1.0496153831481934,0.154118247874593,41.85317700198235,1.9294165947812144e-09
Banchor_B,1.0507692098617554,0.154017909643816,41.85423568734685,1.9148848251066726e-09
Banchor_B,1.0519230663776398,0.15381277316345315,41.85534996060079,1.899596138938463e-09
Banchor_B,1.0530769228935242,0.1536075249737573,41.856464812249925,1.8842910694709195e-09
Banchor_B,1.0542307794094086,0.15340216831878467,41.85758023886567,1.868981618784472e-09
Banchor_B,1.055384635925293,0.15320090141418352,41.85869093539227,1.8537441530310242e-09
Banchor_B,1.056538462638855,0.15303681381092646,41.85974150520635,1.839320516417384e-09
Banchor_B,1.057692289352417,0.15286429389613687,41.86080326708694,1.82475041037257e-09
Banchor_B,1.058846116065979,0.15269212666082504,41.861865080604744,1.8101750600265862e-09
Banchor_B,1.059999942779541,0.15252032133711793,41.86292693482425,1.7956031407311706e-09
Banchor_B,1.0611537992954254,0.15235679773050329,41.86398790893974,1.781044703828463e-09
Banchor_B,1.0623076558113098,0.1521966149555464,41.865045057862424,1.7665318268875811e-09
Banchor_B,1.0634615123271942,0.15203339431458807,41.866106369848204,1.75196621827034e-09
Banchor_B,1.0646153688430786,0.15187129137260189,41.86716663009794,1.7374182893762843e-09
Banchor_B,1.065769225358963,0.15144669246043588,41.86840779368714,1.7203846178467338e-09
Banchor_B,1.0669230818748474,0.1510223117198735,41.869649120739936,1.7033478752538386e-09
Banchor_B,1.0680769383907318,0.15059808320871304,41.87089069453757,1.6863063666926264e-09
Banchor_B,1.0692307949066162,0.15017406100843966,41.87213242201304,1.6692597295261605e-09
Banchor_B,1.0703846216201782,0.1498023073855154,41.87332086598062,1.6529510252374028e-09
Banchor_B,1.0715384483337402,0.1494304263247354,41.87450982512483,1.6366373597667564e-09
Banchor_B,1.0726922750473022,0.1490584106038288,41.87569930879727,1.6203117399344712e-09
Banchor_B,1.0738461017608643,0.14868626187547532,41.87688931521705,1.603974263424616e-09
Banchor_B,1.0749999582767487,0.14827573687551074,41.878086908175014,1.5875378176345897e-09
Banchor_B,1.076153814792633,0.1478790653689729,41.87926737965515,1.5713412130879212e-09
Banchor_B,1.0773076713085175,0.14748224704806037,41.88044833986365,1.555131007165626e-09
Banchor_B,1.0784615278244019,0.1470852965669399,41.881629745866185,1.5389175276075408e-09
Banchor_B,1.0796153843402863,0.14683903849891067,41.88261174300131,1.5254433221261052e-09
Banchor_B,1.0807692408561707,0.14659282242804128,41.883593994283316,1.5119599416263475e-09
Banchor_B,1.081923097372055,0.14634664536325562,41.88457650377323,1.4984754086158382e-09
Banchor_B,1.0830769538879395,0.14609858336859302,41.88556166152244,1.4849529551588865e-09
Banchor_B,1.0842307806015015,0.1456570235787561,41.88672319192435,1.4690105133777098e-09
Banchor_B,1.0853846073150635,0.14525934465298376,41.88783000031701,1.4538223532349315e-09
Banchor_B,1.0865384340286255,0.14486164343748595,41.88893722152719,1.438629993146565e-09
Banchor_B,1.0876922607421875,0.14445985937904002,41.89004999446573,1.4233505248483141e-09
Banchor_B,1.088846117258072,0.14388017997312585,41.89129870628296,1.4062165632562506e-09
Banchor_B,1.0899999737739563,0.14325158530520338,41.8926090311199,1.3882292718216853e-09
Banchor_B,1.0911538302898407,0.1426810324055273,41.893846757529026,1.3712460315801334e-09
Banchor_B,1.092307686805725,0.14209978313297633,41.89509814671091,1.3540701294571497e-09
Banchor_B,1.0934615433216095,0.14175738478682293,41.89607439758059,1.3406717180365606e-09
Banchor_B,1.094615399837494,0.14141479696956175,41.897051175267535,1.327268499517317e-09
Banchor_B,1.0957692563533783,0.1410719845429585,41.89802852411842,1.31385390020123e-09
Banchor_B,1.0969231128692627,0.14072906608931496,41.89900627573751,1.3004314520976654e-09
Banchor_B,1.0980769395828247,0.14014950015374641,41.90019944084417,1.2840560113552815e-09
Banchor_B,1.0992307662963867,0.13957006945159103,41.90139271121509,1.2676826920121285e-09
Banchor_B,1.1003845930099487,0.13899078789137723,41.90258606952147,1.2513015392187317e-09
Banchor_B,1.1015384197235107,0.13841161761391746,41.9037795946684,1.2349214531094627e-09
Banchor_B,1.1026922762393951,0.13776528947871444,41.904983818062256,1.218393261014539e-09
Banchor_B,1.1038461327552795,0.1371188070799073,41.90618847969009,1.2018648295569414e-09
Banchor_B,1.104999989271164,0.13647217071734333,41.907393579370755,1.1853238519882028e-09
Banchor_B,1.1061538457870483,0.13582540406224858,41.90859907328378,1.1687802689906437e-09
Banchor_B,1.1073077023029327,0.13529391125268772,41.909674102309296,1.154021101870411e-09
Banchor_B,1.1084615588188171,0.13476235171285447,41.9107494353132,1.1392653877855183e-09
Banchor_B,1.1096154153347015,0.13423073540473604,41.91182505993416,1.1245003498059702e-09
Banchor_B,1.110769271850586,0.13369871596778987,41.91290139666006,1.1097333054852403e-09
Banchor_B,1.111923098564148,0.1330379246120412,41.91405268444167,1.0939284151580124e-09
Banchor_B,1.11307692527771,0.13237693181720656,41.91520444495338,1.0781227858077428e-09
Banchor_B,1.114230751991272,0.13171570537601535,41.916356718777585,1.062308069318575e-09
Banchor_B,1.115384578704834,0.13113101251608716,41.91741321004586,1.0478109406165742e-09
Banchor_B,1.1165384352207184,0.1302865733304999,41.918722502273596,1.029841033613932e-09
Banchor_B,1.1176922917366028,0.1295189593959148,41.91993565494042,1.0131873649920411e-09
Banchor_B,1.1188461482524872,0.12875137351404042,41.92114902339586,9.965347732315325e-10
Banchor_B,1.1200000047683716,0.1279838435808216,41.92236256359482,9.798818409411848e-10
Banchor_B,1.121153861284256,0.12727865140506253,41.92350598306789,9.641856609742079e-10
Banchor_B,1.1223077178001404,0.12665136798518878,41.92455182818622,9.498327557876234e-10
Banchor_B,1.1234615743160248,0.12594725169112414,41.925694237461045,9.34153326924736e-10
Banchor_B,1.1246154308319092,0.1252432280158772,41.92683671258256,9.184782265125917e-10
Banchor_B,1.1257692575454712,0.12452634061699829,41.92794798605351,9.032231739096871e-10
Banchor_B,1.1269230842590332,0.12381600939569576,41.92905120713348,8.880798401876167e-10
Banchor_B,1.1280769109725952,0.12310562905277825,41.93015466379138,8.729352701103106e-10
Banchor_B,1.1292307376861572,0.12239519202904399,41.93125837985606,8.577897176092943e-10
Banchor_B,1.1303845942020416,0.1215392675889573,41.932484908821195,8.409536569808501e-10
Banchor_B,1.131538450717926,0.12068328588239562,41.93371171188397,8.241200823530676e-10
Banchor_B,1.1326923072338104,0.11982721695479416,41.934938826709725,8.072765120897569e-10
Banchor_B,1.1338461637496948,0.11897111583799477,41.93616617877396,7.904352904760012e-10
Banchor_B,1.1350000202655792,0.11810985795059617,41.93733985547208,7.743248266334392e-10
Banchor_B,1.1361538767814636,0.11725509098411745,41.93850555092753,7.583259768312597e-10
Banchor_B,1.137307733297348,0.1164002149264082,41.939671544407275,7.423249768018343e-10
Banchor_B,1.1384615898132324,0.11554526031146184,41.94083779427176,7.263187625126835e-10
Banchor_B,1.1396154165267944,0.11461431263787561,41.94207180294658,7.0938019961971e-10
Banchor_B,1.1407692432403564,0.11368426666479722,41.94330482807417,6.924605551866294e-10
Banchor_B,1.1419230699539185,0.11275423594996378,41.94453798196492,6.755326196139683e-10
Banchor_B,1.1430768966674805,0.1118241932788862,41.94577130330642,6.586107623784307e-10
Banchor_B,1.1442307531833649,0.11082520144625452,41.947015120590194,6.415380208456396e-10
Banchor_B,1.1453846096992493,0.10982602648273003,41.94825938076308,6.2445820616832e-10
Banchor_B,1.1465384662151337,0.1088266334177387,41.94950412776654,6.073789555189076e-10
Banchor_B,1.147692322731018,0.10782600152238749,41.95075064249112,5.902681289529485e-10
Banchor_B,1.1488461792469025,0.10692887513610225,41.951882857323206,5.747329658250829e-10
Banchor_B,1.1500000357627869,0.10603175111103344,41.95301520627872,5.59191919945697e-10
Banchor_B,1.1511538922786713,0.10513462018283039,41.954147700986844,5.43644275623333e-10
Banchor_B,1.1523077487945557,0.10423751372394692,41.95528030183487,5.281022633440195e-10
Banchor_B,1.1534615755081177,0.1033278376079637,41.95634040545396,5.135522809980775e-10
Banchor_B,1.1546154022216797,0.1023977836897144,41.957426261922784,4.986480800506751e-10
Banchor_B,1.1557692289352417,0.1014794361488651,41.95849754172235,4.839490946075673e-10
Banchor_B,1.1569230556488037,0.10054904787165045,41.959584059818454,4.69035406437271e-10
Banchor_B,1.158076912164688,0.09941574328017487,41.960873745514974,4.513367051780586e-10
Banchor_B,1.1592307686805725,0.09828238673290401,41.96216364444609,4.3363310499024315e-10
Banchor_B,1.160384625196457,0.09714897728627044,41.963453757843475,4.159241297549209e-10
Banchor_B,1.1615384817123413,0.09601558129487109,41.96474400729115,3.982160183108945e-10
Banchor_B,1.1626923084259033,0.09494325566096312,41.965922967816304,3.8203940850172513e-10
Banchor_B,1.1638461351394653,0.09388801846207434,41.96708068221355,3.661506556040397e-10
Banchor_B,1.1649999618530273,0.09281585200938744,41.968259824718615,3.4996242281710717e-10
Banchor_B,1.1661537885665894,0.0917436830275626,41.969439149947,3.337777840864753e-10
Banchor_B,1.1673076450824738,0.09060989701833758,41.970608728997185,3.1772757560282783e-10
Banchor_B,1.1684615015983582,0.08947658539171285,41.97177790129333,3.01680526229143e-10
Banchor_B,1.1696153581142426,0.08834278556895661,41.97294787279066,2.856256756509237e-10
Banchor_B,1.170769214630127,0.08720901846271774,41.974118000860024,2.695622544304909e-10
Banchor_B,1.1719230711460114,0.08603724199025718,41.97533748620298,2.528265072249913e-10
Banchor_B,1.1730769276618958,0.08486530408116388,41.97655732530955,2.360861651352726e-10
Banchor_B,1.1742307841777802,0.08369310975400521,41.97777763734395,2.1933933785353602e-10
Banchor_B,1.1753846406936646,0.08252083747475752,41.97899820751958,2.0258909976689191e-10
Banchor_B,1.1765384674072266,0.08128556676660585,41.98022342784113,1.8576955983051938e-10
Banchor_B,1.1776922941207886,0.08007184996811194,41.9814217806993,1.693238371562e-10
Banchor_B,1.1788461208343506,0.07885807927335765,41.98262037304874,1.5287491230261085e-10
Banchor_B,1.1799999475479126,0.0776441733726578,41.98381928522852,1.364187801594269e-10
Banchor_B,1.181153804063797,0.07646332879278474,41.98494967152189,1.2090849614750252e-10
Banchor_B,1.1823076605796814,0.07527955417868357,41.98608391076102,1.0534104500999657e-10
Banchor_B,1.1834615170955658,0.0740708235874418,41.987249640811015,8.934097058773972e-11
Banchor_B,1.1846153736114502,0.07288592988206612,41.98838567792769,7.374622324671873e-11
Banchor_B,1.1857692301273346,0.07163845002758641,41.98956174049068,5.760541134184502e-11
Banchor_B,1.186923086643219,0.0703909621673929,41.9907379481993,4.1464353107891523e-11
Banchor_B,1.1880769431591034,0.06914334119362799,41.99191445804812,2.5314815253477012e-11
Banchor_B,1.1892307996749878,0.06789573730160912,41.993091095777004,9.169136858588838e-12
Banchor_B,1.1903846263885498,0.06709830004423338,41.99412033176777,4.959105542381006e-12
Banchor_B,1.1915384531021118,0.06630019045210607,41.995151020470786,1.9105851772789104e-11
Banchor_B,1.1926922798156738,0.06551176939495418,41.9961701653279,3.309322987312419e-11
Banchor_B,1.1938461065292358,0.06471381637247867,41.99720189047862,4.724981481237117e-11
Banchor_B,1.1949999630451202,0.06376459455905435,41.99832500784527,6.26646000205721e-11
Banchor_B,1.1961538195610046,0.06281521501377225,41.99944903769207,7.809059979474689e-11
Banchor_B,1.197307676076889,0.061865697610626186,42.00057395640326,9.35271418726185e-11
Banchor_B,1.1984615325927734,0.060916075585125296,42.0016997259717,1.0898285412228968e-10
Banchor_B,1.1996153891086578,0.06004030660126893,42.0027275755009,1.2308805209510695e-10
Banchor_B,1.2007692456245422,0.05916828052291468,42.0037513928125,1.3713705960194447e-10
Banchor_B,1.2019231021404266,0.058292340807941406,42.00478078484079,1.5126426961779745e-10
Banchor_B,1.203076958656311,0.057416326913861795,42.005810934753335,1.6540476840420259e-10
Banchor_B,1.204230785369873,0.05645986625250773,42.006884686658786,1.8014101548707146e-10
Banchor_B,1.205384612083435,0.05548656349992006,42.00798011688331,1.9517678931277397e-10
Banchor_B,1.206538438796997,0.05451280154493119,42.00907674660056,2.1022826319843294e-10
Banchor_B,1.207692265510559,0.05353848511421438,42.01017468812644,2.2529263598774072e-10
Banchor_B,1.2088461220264435,0.052594587943817266,42.011269764753344,2.403214008113737e-10
Banchor_B,1.2099999785423279,0.051650702639588604,42.01236555030373,2.553634874046347e-10
Banchor_B,1.2111538350582123,0.05070647950592547,42.01346248375031,2.704178300273837e-10
Banchor_B,1.2123076915740967,0.04976267713978077,42.014559616598504,2.854763819886213e-10
Banchor_B,1.213461548089981,0.048794707256786946,42.015588055276154,2.9958787205466693e-10
Banchor_B,1.2146154046058655,0.04781240141254765,42.016635173319486,3.1395982766924263e-10
Banchor_B,1.2157692611217499,0.046809535524903446,42.017708727941965,3.286987417666908e-10
Banchor_B,1.2169231176376343,0.04584102251002155,42.01873988279054,3.428472784526419e-10
Banchor_B,1.2180769443511963,0.044820595342798815,42.01986322762986,3.582640644003045e-10
Banchor_B,1.2192307710647583,0.04379994201464567,42.020987503973906,3.736940945727281e-10
Banchor_B,1.2203845977783203,0.04277909585469836,42.02211267112884,3.8914107997421607e-10
Banchor_B,1.2215384244918823,0.041757987758059,42.02323880655511,4.0459534830891164e-10
Banchor_B,1.2226922810077667,0.04070427342261044,42.024312175950044,4.193245353089174e-10
Banchor_B,1.2238461375236511,0.03965013859393339,42.02538674754262,4.340713291926479e-10
Banchor_B,1.2249999940395355,0.03859561598396262,42.02646248161292,4.4883434485336384e-10
Banchor_B,1.22615385055542,0.03754066164794333,42.02753944355129,4.6361691698910463e-10
Banchor_B,1.2273077070713043,0.03650867813950934,42.028547472014566,4.774481411609387e-10
Banchor_B,1.2284615635871887,0.035476645728598245,42.02955623761972,4.912958620535096e-10
Banchor_B,1.2296154201030731,0.03444502114244628,42.03056516902781,5.051453592981478e-10
Banchor_B,1.2307692766189575,0.03341292303632225,42.03157538309396,5.190096534222519e-10
Banchor_B,1.2319231033325195,0.03237494180601729,42.03263497759235,5.335495675097754e-10
Banchor_B,1.2330769300460815,0.031336638278581616,42.03369559771192,5.481069498435772e-10
Banchor_B,1.2342307567596436,0.030298012649739997,42.034757244385254,5.626781440600733e-10
Banchor_B,1.2353845834732056,0.029258993318051315,42.03581999251395,5.772633091461592e-10
Banchor_B,1.23653843998909,0.02812693055158092,42.036915148911696,5.922932631598429e-10
Banchor_B,1.2376922965049744,0.026994564838835354,42.0380113810091,6.073407971760629e-10
Banchor_B,1.2388461530208588,0.025861895857448965,42.039108690471046,6.224004664527877e-10
Banchor_B,1.2400000095367432,0.024728964455379396,42.040207039033774,6.374740821643325e-10
Banchor_B,1.2411538660526276,0.023669889316191375,42.04123621473164,6.515985962042404e-10
Banchor_B,1.242307722568512,0.02261044750300036,42.042266430994715,6.657364653272177e-10
Banchor_B,1.2434615790843964,0.021550637191364113,42.043297691166345,6.798875943985925e-10
Banchor_B,1.2446154356002808,0.020494619453335455,42.04432478629669,6.939850958337903e-10
Banchor_B,1.2457692623138428,0.019364976667272393,42.04537316687266,7.083765366956489e-10
Banchor_B,1.2469230890274048,0.018234877047132662,42.046422783495636,7.227797265118871e-10
Banchor_B,1.2480769157409668,0.017108002494664036,42.04746901817268,7.371420919263144e-10
Banchor_B,1.2492307424545288,0.01597699203182304,42.0485210584029,7.51575335593076e-10
Banchor_B,1.2503845989704132,0.014842970840492652,42.04952197341838,7.653130206208844e-10
Banchor_B,1.2515384554862976,0.013708790017889043,42.050523833999954,7.790671008204381e-10
Banchor_B,1.252692312002182,0.01257446364383624,42.051526623654894,7.928274567951268e-10
Banchor_B,1.2538461685180664,0.011487463092996777,42.05247079721828,8.057842078198927e-10
Banchor_B,1.2550000250339508,0.010296705825140822,42.053577191445015,8.209702048370329e-10
Banchor_B,1.2561538815498352,0.009125532097397224,42.05465958409503,8.358291168662623e-10
Banchor_B,1.2573077380657196,0.00791888952678055,42.05578704149373,8.513009101543786e-10
Banchor_B,1.258461594581604,0.00672147073533378,42.05690351589924,8.666233646293169e-10
Banchor_B,1.259615421295166,0.005582845055159149,42.05785355390604,8.79663518261255e-10
Banchor_B,1.260769248008728,0.004401003066629709,42.05885846682062,8.934535419858488e-10
Banchor_B,1.26192307472229,0.0032188143758790587,42.05986448136053,9.072604763609004e-10
Banchor_B,1.263076901435852,0.002026340896020607,42.06088403275094,9.212559168349301e-10
Banchor_B,1.2642307579517365,0.00074162294337361,42.06202360069721,9.368908879802252e-10
Banchor_B,1.2653846144676208,-0.0005452111948482479,42.063166517864296,9.525826844924214e-10
Banchor_B,1.2665384709835052,-0.0018301002885426675,42.06430769379545,9.682409893575162e-10
Banchor_B,1.2676923274993896,-0.0031150021446600205,42.06544959938827,9.839144327710475e-10
Banchor_B,1.2688461542129517,-0.004232992943004577,42.06632562284711,9.95938733733318e-10
Banchor_B,1.2699999809265137,-0.005348690012434871,42.067199431623635,1.0079315747159622e-09
Banchor_B,1.2711538076400757,-0.006467252731813288,42.06807749933176,1.0199820427490301e-09
Banchor_B,1.2723076343536377,-0.007586175771124566,42.068956649451366,1.0320456545765695e-09
Banchor_B,1.273461490869522,-0.008935707687200659,42.07009571551548,1.047678217016365e-09
Banchor_B,1.2746153473854065,-0.010285517364412187,42.07123581202235,1.0633259538306007e-09
Banchor_B,1.275769203901291,-0.011635608332388768,42.07237694457254,1.078989379698511e-09
Banchor_B,1.2769230604171753,-0.012989238342636442,42.07352321604777,1.094722577335513e-09
Banchor_B,1.2780769169330597,-0.014214752314838125,42.07449630575056,1.1080773746036165e-09
Banchor_B,1.279230773448944,-0.015440968303499893,42.07547087333634,1.1214488742455386e-09
Banchor_B,1.2803846299648285,-0.016668892836196963,42.076448183231626,1.1348628593630203e-09
Banchor_B,1.281538486480713,-0.017896494973768915,42.07742570901152,1.1482816459495097e-09
Banchor_B,1.282692313194275,-0.019210494400199955,42.07846340316233,1.1625215585277361e-09
Banchor_B,1.283846139907837,-0.020524592917220356,42.07950191478888,1.1767767070643662e-09
Banchor_B,1.284999966621399,-0.02183831903688966,42.080540649938236,1.1910300050000448e-09
Banchor_B,1.286153793334961,-0.023152922372226586,42.08158113911546,1.2053116691845793e-09
Banchor_B,1.2873076498508453,-0.024412998042444,42.08250645623212,1.2180117319029123e-09
Banchor_B,1.2884615063667297,-0.025698716600673625,42.08346454147895,1.2311578099066488e-09
Banchor_B,1.2896153628826141,-0.026960099968815543,42.08439271618796,1.2439007061961964e-09
Banchor_B,1.2907692193984985,-0.028222061621329283,42.085322288787125,1.2566573753191053e-09
Banchor_B,1.291923075914383,-0.0296874518365702,42.08652091182669,1.2731082260331742e-09
Banchor_B,1.2930769324302673,-0.03115301402233531,42.087720383647465,1.2895710115458946e-09
Banchor_B,1.2942307889461517,-0.03262792381408004,42.08893219490384,1.3061975843654464e-09
Banchor_B,1.2953846454620361,-0.03409359575698637,42.090133065762906,1.3226806210370282e-09
Banchor_B,1.2965384721755981,-0.035524115857701495,42.091189015364805,1.3371725403223556e-09
Banchor_B,1.2976922988891602,-0.036941219572741386,42.09222881710854,1.351446101304509e-09
Banchor_B,1.2988461256027222,-0.0383587333796586,42.0932698373993,1.365730754806312e-09
Banchor_B,1.2999999523162842,-0.039776751576716785,42.09431219561261,1.3800383257596734e-09
Banchor_B,1.1892307296978093,0.06789578565448454,41.99309103338703,9.166668971168817e-12
Banchor_B,0.9676922590123319,0.14031081526938632,41.783856804787646,2.8808017187017918e-09
Banchor_B,0.967692269012332,0.14031081526938632,41.7838568449663,2.880801484855639e-09
Banchor_B,0.967692279012332,0.14031081526938632,41.78385685762619,2.880798040370197e-09
Banchor_B,0.9723076431663537,0.14241594845579844,41.78706736717656,2.8367354691604743e-09
Banchor_B,0.9723076531663537,0.14241594845579844,41.78706740247536,2.836735503380124e-09
Banchor_B,0.9723076631663538,0.14241594845579844,41.787067415106414,2.8367389790481416e-09
Banchor_B,0.9769230273203754,0.1443334141295981,41.79050082310183,2.7896165628710952e-09
Banchor_B,0.9769230373203754,0.1443334141295981,41.79050085845744,2.789611331450872e-09
Banchor_B,0.9769230473203755,0.1443334141295981,41.790500870863774,2.789613016315125e-09
Banchor_B,0.9815384114743971,0.1455970474225909,41.79464860437787,2.7326861056964876e-09
Banchor_B,0.9815384214743972,0.1455970474225909,41.794648564971695,2.732688757005753e-09
Banchor_B,0.9815384314743972,0.1455970474225909,41.79464857735483,2.7326857371009016e-09
Banchor_B,0.9861537956284189,0.14758108024077393,41.79788298078584,2.6882984079572114e-09
Banchor_B,0.9861538056284189,0.14758108024077393,41.79788301780904,2.6882995454682933e-09
Banchor_B,0.986153815628419,0.14758108024077393,41.79788302947546,2.6882994459069562e-09
Banchor_B,0.9907691797824406,0.1486151965304913,41.801976188181214,2.632120951658137e-09
Banchor_B,0.9907691897824407,0.1486151965304913,41.801976221267545,2.632123477646308e-09
Banchor_B,0.9907691997824407,0.1486151965304913,41.80197623255572,2.6321207783369633e-09
Banchor_B,0.9953845639364624,0.14972851799219505,41.80579658804206,2.5796876923348505e-09
Banchor_B,0.9953845739364624,0.14972851799219505,41.80579655072645,2.579685868404025e-09
Banchor_B,0.9953845839364625,0.14972851799219505,41.80579656224527,2.579689037170935e-09
Banchor_B,0.9999999480904841,0.15124359724549044,41.80921852046811,2.532721881200563e-09
Banchor_B,0.9999999580904841,0.15124359724549044,41.80921855567211,2.532722896203606e-09
Banchor_B,0.9999999680904842,0.15124359724549044,41.80921856644315,2.5327255093260904e-09
Banchor_B,1.004615332244506,0.15235234257814537,41.812805414310596,2.4834962832581395e-09
Banchor_B,1.0046153422445059,0.15235234257814537,41.81280537816562,2.4834964786485283e-09
Banchor_B,1.0046153522445058,0.15235234257814537,41.81280538916474,2.4834964889397317e-09
Banchor_B,1.0092307163985277,0.15292003414127495,41.817175549041444,2.423514186899062e-09
Banchor_B,1.0092307263985276,0.15292003414127495,41.81717564565309,2.4235165486906774e-09
Banchor_B,1.0092307363985276,0.15292003414127495,41.81717565609678,2.4235147396399126e-09
Banchor_B,1.0138461005525494,0.15374190629052914,41.820970784341,2.3714314622583857e-09
Banchor_B,1.0138461105525494,0.15374190629052914,41.82097075167078,2.371428020085886e-09
Banchor_B,1.0138461205525493,0.15374190629052914,41.820970761987596,2.371430306710426e-09
Banchor_B,1.0184614847065712,0.15459323711486417,41.82466913505295,2.3206752381135085e-09
Banchor_B,1.018461494706571,0.15459323711486417,41.82466910935011,2.320673052684318e-09
Banchor_B,1.018461504706571,0.15459323711486417,41.8246691188804,2.320672032582677e-09
Banchor_B,1.023076868860593,0.1544031417976732,41.82931082475501,2.2569670341593327e-09
Banchor_B,1.0230768788605928,0.1544031417976732,41.829310908115445,2.2569635471518487e-09
Banchor_B,1.0230768888605928,0.1544031417976732,41.82931091768028,2.256967444028571e-09
Banchor_B,1.0276922530146146,0.1549791873960039,41.83300850877146,2.206220241605832e-09
Banchor_B,1.0276922630146146,0.1549791873960039,41.833008480588674,2.2062219517088857e-09
Banchor_B,1.0276922730146145,0.1549791873960039,41.83300848973798,2.2062168017958563e-09
Banchor_B,1.0323076371686364,0.15483087670083462,41.83742140817454,2.1456532003647032e-09
Banchor_B,1.0323076471686363,0.15483087670083462,41.83742137962803,2.1456525791987716e-09
Banchor_B,1.0323076571686363,0.15483087670083462,41.837421388722554,2.145653161640842e-09
Banchor_B,1.0369230213226581,0.1545490322625929,41.841976919238384,2.0831298271147976e-09
Banchor_B,1.036923031322658,0.1545490322625929,41.841976999917385,2.083130707018877e-09
Banchor_B,1.036923041322658,0.1545490322625929,41.841977008464696,2.083131290296446e-09
Banchor_B,1.0415384054766799,0.15452878381778073,41.84595108966967,2.0285874728422766e-09
Banchor_B,1.0415384154766798,0.15452878381778073,41.84595106289203,2.028591245969128e-09
Banchor_B,1.0415384254766797,0.15452878381778073,41.84595107136648,2.0285886061138738e-09
Banchor_B,1.0461537896307016,0.15433510188433147,41.850109834596886,1.9715099212017764e-09
Banchor_B,1.0461537996307015,0.15433510188433147,41.85010981190189,1.9715103651075085e-09
Banchor_B,1.0461538096307015,0.15433510188433147,41.850109819969674,1.9715103724651307e-09
Banchor_B,1.0507691737847233,0.154017909643816,41.85423559566317,1.9148857835383354e-09
Banchor_B,1.0507691837847233,0.154017909643816,41.85423566798277,1.914889432355692e-09
Banchor_B,1.0507691937847232,0.154017909643816,41.854235675408496,1.9148835454336994e-09
Banchor_B,1.055384557938745,0.15320090141418352,41.858690908548496,1.8537399704877164e-09
Banchor_B,1.055384567938745,0.15320090141418352,41.85869088565642,1.8537380753836683e-09
Banchor_B,1.055384577938745,0.15320090141418352,41.858690892971964,1.8537399351755125e-09
Banchor_B,1.0599999420927668,0.15252032133711793,41.862926934320335,1.795606500881042e-09
Banchor_B,1.0599999520927668,0.15252032133711793,41.86292699844795,1.7956057656241543e-09
Banchor_B,1.0599999620927667,0.15252032133711793,41.86292700586309,1.7955998603885795e-09
Banchor_B,1.0646153262467886,0.15187129137260189,41.867166629587764,1.7374143446948495e-09
Banchor_B,1.0646153362467885,0.15187129137260189,41.867166610087786,1.7374164106649876e-09
Banchor_B,1.0646153462467884,0.15187129137260189,41.86716661622657,1.7374171136433866e-09
Banchor_B,1.0692307104008103,0.15017406100843966,41.87213239579944,1.66926097868042e-09
Banchor_B,1.0692307204008102,0.15017406100843966,41.87213237539545,1.669263976427008e-09
Banchor_B,1.0692307304008102,0.15017406100843966,41.87213238165236,1.6692652607538402e-09
Banchor_B,1.073846094554832,0.14868626187547532,41.876889310699404,1.603979840581738e-09
Banchor_B,1.073846104554832,0.14868626187547532,41.876889365330626,1.6039755946449451e-09
Banchor_B,1.073846114554832,0.14868626187547532,41.876889371244964,1.6039775776059346e-09
Banchor_B,1.0784614787088538,0.1470852965669399,41.88162974159669,1.5389148458729175e-09
Banchor_B,1.0784614887088537,0.1470852965669399,41.88162972305373,1.5389191336295068e-09
Banchor_B,1.0784614987088537,0.1470852965669399,41.8816297288858,1.5389177427337812e-09
Banchor_B,1.0830768628628755,0.14609858336859302,41.885561632824654,1.4849539754888699e-09
Banchor_B,1.0830768728628755,0.14609858336859302,41.885561618862276,1.4849551109675814e-09
Banchor_B,1.0830768828628754,0.14609858336859302,41.885561624127334,1.484954185635837e-09
Banchor_B,1.0876922470168973,0.14445985937904002,41.89004994642727,1.4233506944745438e-09
Banchor_B,1.0876922570168972,0.14445985937904002,41.89004999278229,1.4233540265330092e-09
Banchor_B,1.0876922670168971,0.14445985937904002,41.890049997301226,1.4233522785386753e-09
Banchor_B,1.092307631170919,0.14209978313297633,41.8950981404975,1.3540690738060791e-09
Banchor_B,1.092307641170919,0.14209978313297633,41.89509812509485,1.354067879833797e-09
Banchor_B,1.0923076511709189,0.14209978313297633,41.895098129831595,1.3540696383407792e-09
Banchor_B,1.0969230153249407,0.14072906608931496,41.8990062493289,1.300435276667931e-09
Banchor_B,1.0969230253249407,0.14072906608931496,41.89900624038548,1.3004329269098586e-09
Banchor_B,1.0969230353249406,0.14072906608931496,41.89900624442367,1.3004356228784488e-09
Banchor_B,1.1015383994789625,0.13841161761391746,41.903779555184904,1.2349258538821366e-09
Banchor_B,1.1015384094789624,0.13841161761391746,41.90377959117685,1.234923673517729e-09
Banchor_B,1.1015384194789624,0.13841161761391746,41.90377959458505,1.23492285813463e-09
Banchor_B,1.1061537836329842,0.13582540406224858,41.9085990663668,1.1687769803964786e-09
Banchor_B,1.1061537936329842,0.13582540406224858,41.908599054835804,1.1687755608989923e-09
Banchor_B,1.106153803632984,0.13582540406224858,41.908599058373014,1.1687768538065729e-09
Banchor_B,1.110769167787006,0.13369871596778987,41.912901374627104,1.1097328117441698e-09
Banchor_B,1.110769177787006,0.13369871596778987,41.912901370393456,1.1097310237766857e-09
Banchor_B,1.1107691877870058,0.13369871596778987,41.91290137318589,1.1097278638331796e-09
Banchor_B,1.1153845519410277,0.13113101251608716,41.91741318091021,1.0478080659738014e-09
Banchor_B,1.1153845619410276,0.13113101251608716,41.91741320641641,1.0478092933849482e-09
Banchor_B,1.1153845719410276,0.13113101251608716,41.917413208581465,1.0478069474454673e-09
Banchor_B,1.1199999360950494,0.1279838435808216,41.92236255777758,9.798787841824629e-10
Banchor_B,1.1199999460950494,0.1279838435808216,41.92236255044257,9.798805231360419e-10
Banchor_B,1.1199999560950493,0.1279838435808216,41.92236255268418,9.798804103467906e-10
Banchor_B,1.1246153202490712,0.1252432280158772,41.926836697145056,9.184756121494085e-10
Banchor_B,1.1246153302490711,0.1252432280158772,41.92683669411469,9.184778364026668e-10
Banchor_B,1.124615340249071,0.1252432280158772,41.926836695950776,9.184776051811806e-10
Banchor_B,1.129230704403093,0.12239519202904399,41.93125835948606,8.577893261915886e-10
Banchor_B,1.1292307144030929,0.12239519202904399,41.931258376775496,8.577914739775807e-10
Banchor_B,1.1292307244030928,0.12239519202904399,41.93125837809859,8.577893608565932e-10
Banchor_B,1.1338460885571147,0.11897111583799477,41.93616617434663,7.904315181597175e-10
Banchor_B,1.1338460985571146,0.11897111583799477,41.93616617351077,7.904326860012545e-10
Banchor_B,1.1338461085571145,0.11897111583799477,41.936166174318096,7.904345701453322e-10
Banchor_B,1.1384614727111364,0.11554526031146184,41.94083778815901,7.263162742025614e-10
Banchor_B,1.1384614827111363,0.11554526031146184,41.94083778813884,7.263158993713532e-10
Banchor_B,1.1384614927111363,0.11554526031146184,41.94083778871146,7.263194314108757e-10
Banchor_B,1.1430768568651581,0.1118241932788862,41.945771296541075,6.58609427342065e-10
Banchor_B,1.143076866865158,0.1118241932788862,41.94577130355221,6.58607932892378e-10
Banchor_B,1.143076876865158,0.1118241932788862,41.94577130346974,6.586089937741612e-10
Banchor_B,1.1476922410191799,0.10782600152238749,41.95075064278965,5.902677706993512e-10
Banchor_B,1.1476922510191798,0.10782600152238749,41.950750642073665,5.902705807630893e-10
Banchor_B,1.1476922610191798,0.10782600152238749,41.95075064213188,5.902695246133579e-10
Banchor_B,1.1523076251732016,0.10423751372394692,41.95528030132003,5.281044807019813e-10
Banchor_B,1.1523076351732016,0.10423751372394692,41.95528030982703,5.281010621138403e-10
Banchor_B,1.1523076451732015,0.10423751372394692,41.95528030912362,5.281044775839697e-10
Banchor_B,1.1569230093272234,0.10054904787165045,41.95958406844797,4.690359717104434e-10
Banchor_B,1.1569230193272233,0.10054904787165045,41.95958406397693,4.690355180694234e-10
Banchor_B,1.1569230293272232,0.10054904787165045,41.95958406283203,4.690339891235689e-10
Banchor_B,1.161538393481245,0.09601558129487109,41.96474401257036,3.9821660025845134e-10
Banchor_B,1.161538403481245,0.09601558129487109,41.964744018569604,3.982157724509723e-10
Banchor_B,1.161538413481245,0.09601558129487109,41.96474401712792,3.9821659778296446e-10
Banchor_B,1.1661537776352668,0.0917436830275626,41.96943916260863,3.3378083408225397e-10
Banchor_B,1.1661537876352668,0.0917436830275626,41.96943915015106,3.337819030136097e-10
Banchor_B,1.1661537976352667,0.0917436830275626,41.96943914795994,3.3377849153306977e-10
Banchor_B,1.1707691617892886,0.08720901846271774,41.974118003247916,2.695660196499724e-10
Banchor_B,1.1707691717892885,0.08720901846271774,41.974118010162144,2.695673126347662e-10
Banchor_B,1.1707691817892885,0.08720901846271774,41.974118007990825,2.6956554779398883e-10
Banchor_B,1.1753845459433103,0.08252083747475752,41.9789982189651,2.0258721506199535e-10
Banchor_B,1.1753845559433103,0.08252083747475752,41.978998231351724,2.0258262376667267e-10
Banchor_B,1.1753845659433102,0.08252083747475752,41.97899822853968,2.0258768215219447e-10
Banchor_B,1.179999930097332,0.0776441733726578,41.98381931181704,1.3642253812400896e-10
Banchor_B,1.179999940097332,0.0776441733726578,41.9838192874952,1.3641936781100035e-10
Banchor_B,1.179999950097332,0.0776441733726578,41.98381928445291,1.364201915073422e-10
Banchor_B,1.1846153142513538,0.07288592988206612,41.98838568322515,7.374880914905427e-11
Banchor_B,1.1846153242513537,0.07288592988206612,41.98838569456596,7.374822049445557e-11
Banchor_B,1.1846153342513537,0.07288592988206612,41.98838569119517,7.374645733251377e-11
Banchor_B,1.1892306984053755,0.06789573730160912,41.99309111575834,9.170899349142398e-12
Banchor_B,1.1892307084053755,0.06789573730160912,41.99309109351763,9.167726303561523e-12
Banchor_B,1.1892307184053754,0.06789573730160912,41.99309109376517,9.171369231117741e-12
Banchor_B,1.1938460825593973,0.06471381637247867,41.997201887756674,4.72531058765175e-11
Banchor_B,1.1938460925593972,0.06471381637247867,41.99720189130214,4.7250755401468415e-11
Banchor_B,1.1938461025593972,0.06471381637247867,41.997201890712645,4.725240237481021e-11
Banchor_B,1.198461466713419,0.060916075585125296,42.00169972732547,1.0897649404612275e-10
Banchor_B,1.198461476713419,0.060916075585125296,42.00169972941622,1.0898179066740754e-10
Banchor_B,1.198461486713419,0.060916075585125296,42.00169972879979,1.0897814104563716e-10
Banchor_B,1.2030768508674408,0.057416326913861795,42.00581093866324,1.6540653042696308e-10
Banchor_B,1.2030768608674407,0.057416326913861795,42.00581094546677,1.654067604837027e-10
Banchor_B,1.2030768708674406,0.057416326913861795,42.0058109443712,1.6540475727287098e-10
Banchor_B,1.2076922350214625,0.05353848511421438,42.01017469970914,2.2529592520848382e-10
Banchor_B,1.2076922450214624,0.05353848511421438,42.010174689713466,2.2529216083889017e-10
Banchor_B,1.2076922550214624,0.05353848511421438,42.010174688938896,2.252931072145763e-10
Banchor_B,1.2123076191754842,0.04976267713978077,42.01455961888368,2.854761405558493e-10
Banchor_B,1.2123076291754842,0.04976267713978077,42.014559626667946,2.854744806577021e-10
Banchor_B,1.2123076391754841,0.04976267713978077,42.01455962505422,2.854750734291418e-10
Banchor_B,1.216923003329506,0.04584102251002155,42.018739894302946,3.428444252463213e-10
Banchor_B,1.216923013329506,0.04584102251002155,42.01873989699091,3.428448849230331e-10
Banchor_B,1.2169230233295059,0.04584102251002155,42.01873989562952,3.428450058168269e-10
Banchor_B,1.2215383874835277,0.041757987758059,42.02323882186095,4.045938912310102e-10
Banchor_B,1.2215383974835277,0.041757987758059,42.02323881237972,4.0459273278714336e-10
Banchor_B,1.2215384074835276,0.041757987758059,42.02323881022312,4.045896530599275e-10
Banchor_B,1.2261537716375495,0.03754066164794333,42.0275394514465,4.636167867619519e-10
Banchor_B,1.2261537816375494,0.03754066164794333,42.0275394606899,4.636170154436973e-10
Banchor_B,1.2261537916375493,0.03754066164794333,42.02753945820309,4.6361986752759493e-10
Banchor_B,1.2307691557915712,0.03341292303632225,42.03157540253451,5.190061804481721e-10
Banchor_B,1.2307691657915711,0.03341292303632225,42.031575406423016,5.190075958115353e-10
Banchor_B,1.230769175791571,0.03341292303632225,42.031575404318026,5.190080745870304e-10
Banchor_B,1.235384539945593,0.029258993318051315,42.03582001768812,5.772646922287262e-10
Banchor_B,1.2353845499455929,0.029258993318051315,42.035820001968816,5.772607983036275e-10
Banchor_B,1.2353845599455928,0.029258993318051315,42.03581999914879,5.772608017867551e-10
Banchor_B,1.2399999240996147,0.024728964455379396,42.04020705120408,6.374703727572708e-10
Banchor_B,1.2399999340996146,0.024728964455379396,42.04020705863176,6.374705978289079e-10
Banchor_B,1.2399999440996146,0.024728964455379396,42.040207056033836,6.374704826848389e-10
Banchor_B,1.2446153082536364,0.020494619453335455,42.044324808321086,6.939886362817529e-10
Banchor_B,1.2446153182536364,0.020494619453335455,42.044324823838664,6.939884935909302e-10
Banchor_B,1.2446153282536363,0.020494619453335455,42.044324820639424,6.939867099947105e-10
Banchor_B,1.2492306924076582,0.01597699203182304,42.04852109885446,7.515780113252607e-10
Banchor_B,1.249230702407658,0.01597699203182304,42.048521073054324,7.515802166620642e-10
Banchor_B,1.249230712407658,0.01597699203182304,42.048521069395754,7.515792651216108e-10
Banchor_B,1.25384607656168,0.011487463092996777,42.05247081539371,8.057863376036975e-10
Banchor_B,1.2538460865616798,0.011487463092996777,42.05247082474976,8.057909695146115e-10
Banchor_B,1.2538460965616798,0.011487463092996777,42.05247082139047,8.057858369468749e-10
Banchor_B,1.2584614607157016,0.00672147073533378,42.05690354662174,8.666267750161867e-10
Banchor_B,1.2584614707157016,0.00672147073533378,42.05690356728924,8.666230517337097e-10
Banchor_B,1.2584614807157015,0.00672147073533378,42.0569035631404,8.66625690765271e-10
Banchor_B,1.2630768448697234,0.002026340896020607,42.06088408797901,9.212548734468703e-10
Banchor_B,1.2630768548697233,0.002026340896020607,42.060884051816515,9.212538502793201e-10
Banchor_B,1.2630768648697233,0.002026340896020607,42.06088404772221,9.212524186107932e-10
Banchor_B,1.2676922290237451,-0.0031150021446600205,42.065449622411606,9.839169135714062e-10
Banchor_B,1.267692239023745,-0.0031150021446600205,42.0654496397832,9.839117375153305e-10
Banchor_B,1.267692249023745,-0.0031150021446600205,42.06544963521755,9.839110241320335e-10
Banchor_B,1.2723076131777669,-0.007586175771124566,42.06895669418663,1.0320489513013504e-09
Banchor_B,1.2723076231777668,-0.007586175771124566,42.068956654819615,1.0320481669914693e-09
Banchor_B,1.2723076331777667,-0.007586175771124566,42.06895665001618,1.0320439722890685e-09
Banchor_B,1.2769229973317886,-0.012989238342636442,42.07352322617016,1.0947181077795387e-09
Banchor_B,1.2769230073317885,-0.012989238342636442,42.07352324202453,1.094718091430497e-09
Banchor_B,1.2769230173317885,-0.012989238342636442,42.073523237131134,1.0947176169994564e-09
Banchor_B,1.2815383814858103,-0.017896494973768915,42.077425739752904,1.1482820830370239e-09
Banchor_B,1.2815383914858103,-0.017896494973768915,42.077425759325074,1.1482814405435475e-09
Banchor_B,1.2815384014858102,-0.017896494973768915,42.077425754028624,1.148281690245803e-09
Banchor_B,1.286153765639832,-0.023152922372226586,42.08158119447504,1.2053142222893589e-09
Banchor_B,1.286153775639832,-0.023152922372226586,42.08158114917322,1.2053109300542672e-09
Banchor_B,1.286153785639832,-0.023152922372226586,42.0815811434893,1.2053099746356092e-09
Banchor_B,1.2907691497938538,-0.028222061621329283,42.085322304468626,1.2566554180675574e-09
Banchor_B,1.2907691597938538,-0.028222061621329283,42.08532232185352,1.2566569543846753e-09
Banchor_B,1.2907691697938537,-0.028222061621329283,42.0853223163059,1.2566566021292485e-09
Banchor_B,1.2953845339478756,-0.03409359575698637,42.090133104229814,1.3226798234614093e-09
Banchor_B,1.2953845439478755,-0.03409359575698637,42.09013313078985,1.322682947217341e-09
Banchor_B,1.2953845539478754,-0.03409359575698637,42.090133124384145,1.3226788472153873e-09
Banchor_B,1.1892307084053755,0.06789580037165548,41.99309101439755,9.167726543491024e-12
Aanchor_A,0.9676923155784607,0.13922780955764805,41.785101414158014,2.8637158695393317e-09
Aanchor_A,0.9699999988079071,0.1402789712832282,41.78670686787292,2.841685923084205e-09
Aanchor_A,0.9723076820373535,0.1413337131419363,41.78831098709468,2.8196652591905223e-09
Aanchor_A,0.9746153652667999,0.14229017766581406,41.79002875003898,2.796093824018064e-09
Aanchor_A,0.9769230484962463,0.14325308314557889,41.79174208722728,2.772577653359569e-09
Aanchor_A,0.9792307615280151,0.1436719146222438,41.79408170478659,2.7404671190136257e-09
Aanchor_A,0.9815384745597839,0.14451933003021114,41.79588684145872,2.715695443181407e-09
Aanchor_A,0.9838461577892303,0.1455104866254218,41.797503311020556,2.6935078419458365e-09
Aanchor_A,0.9861538410186768,0.14650860747124392,41.79911454201221,2.6713973354255115e-09
Aanchor_A,0.9884615242481232,0.14702006719200245,41.801166735461806,2.6432305317990085e-09
Aanchor_A,0.9907692074775696,0.147535342042932,41.803216850782775,2.6150966596481143e-09
Aanchor_A,0.9930769205093384,0.1481161823520117,41.80509505421194,2.5893145566239062e-09
Aanchor_A,0.9953846335411072,0.14865133746891096,41.807033805498975,2.562711069624567e-09
Aanchor_A,0.9976923167705536,0.1494121292926458,41.80873918123894,2.539298761130267e-09
Aanchor_A,1.0,0.15017446438369783,41.81044542963115,2.5158828028435883e-09
Aanchor_A,1.0023077130317688,0.15072560245935945,41.812241440981786,2.4912337753969527e-09
Aanchor_A,1.0046154260635376,0.15127538181034628,41.814042153391455,2.4665223571332307e-09
Aanchor_A,1.0069230794906616,0.15155746447635227,41.816227876030595,2.436520991916368e-09
Aanchor_A,1.0092307329177856,0.15184194239125848,41.818413476803656,2.4065249062756555e-09
Aanchor_A,1.0115384459495544,0.15225167345425844,41.82031110896387,2.380483082589121e-09
Aanchor_A,1.0138461589813232,0.15266375758935433,41.8222085836886,2.3544421112707877e-09
Aanchor_A,1.016153872013092,0.1530895219208304,41.824056512165726,2.329076323920313e-09
Aanchor_A,1.0184615850448608,0.15351507319993443,41.82590687899639,2.303681795290098e-09
Aanchor_A,1.0207692384719849,0.1534185020226375,41.82822804765976,2.2718285945451235e-09
Aanchor_A,1.0230768918991089,0.15332052942628188,41.83055342140448,2.2399169734970824e-09
Aanchor_A,1.0253846049308777,0.15360768686841353,41.83240190191022,2.214541221901834e-09
Aanchor_A,1.0276923179626465,0.15389659209200895,41.834250895839894,2.189171280791288e-09
Aanchor_A,1.0300000309944153,0.15384311456428518,41.83643024168551,2.1592592317778447e-09
Aanchor_A,1.032307744026184,0.15378990523389752,41.83861130533559,2.129322689162637e-09
Aanchor_A,1.034615397453308,0.1536478279833863,41.84088919590997,2.098061082788973e-09
Aanchor_A,1.0369230508804321,0.15350670611083445,41.84316826722996,2.066781228379429e-09
Aanchor_A,1.039230763912201,0.15345012910645436,41.845212481052684,2.0387254840919808e-09
Aanchor_A,1.0415384769439697,0.15344195331575639,41.84719784799843,2.0114780816227856e-09
Aanchor_A,1.0438461899757385,0.153343261139715,41.8492782167573,1.9829266185216886e-09
Aanchor_A,1.0461539030075073,0.15324521668000224,41.85136003679179,1.9543555731878294e-09
Aanchor_A,1.0484615564346313,0.15304108230750357,41.85347874491981,1.9252768909600765e-09
Aanchor_A,1.0507692098617554,0.15292621043263518,41.85548779055705,1.8977004326812073e-09
Aanchor_A,1.0530769228935242,0.15251382421594117,41.857719111051374,1.8670794940813763e-09
Aanchor_A,1.055384635925293,0.15211437442171136,41.85993614747907,1.8366516223972036e-09
Aanchor_A,1.057692289352417,0.1517729147603107,41.862054594943075,1.8075747291166563e-09
Aanchor_A,1.059999942779541,0.15142877143179986,41.86417836005501,1.7784317486868146e-09
Aanchor_A,1.0623076558113098,0.1511033459008231,41.8662983282343,1.7493309192427664e-09
Aanchor_A,1.0646153688430786,0.1507757221926813,41.86842258269558,1.7201817412025329e-09
Aanchor_A,1.0669230818748474,0.14992545086975087,41.8709064904587,1.6860853972567848e-09
Aanchor_A,1.0692307949066162,0.14907592893720484,41.87339118236387,1.6519905866093897e-09
Aanchor_A,1.0715384483337402,0.1483306595689723,41.875770359162885,1.6193377464539245e-09
Aanchor_A,1.0738461017608643,0.14758482500875286,41.87815166464767,1.5866523008788072e-09
Aanchor_A,1.076153814792633,0.14677765694324424,41.880529519566295,1.5540195226610418e-09
Aanchor_A,1.0784615278244019,0.14598283931747014,41.882893024135306,1.5215836773483879e-09
Aanchor_A,1.0807692408561707,0.14548813015988474,41.88485967493285,1.4945913895258016e-09
Aanchor_A,1.0830769538879395,0.14499359685607605,41.88682730743807,1.4675827132333488e-09
Aanchor_A,1.0853846073150635,0.1441509680586769,41.88909972905004,1.4363934814458923e-09
Aanchor_A,1.0876922607421875,0.14335440602224875,41.891315866564575,1.405982328764349e-09
Aanchor_A,1.0899999737739563,0.14219091900095665,41.8938183041635,1.3716392491604896e-09
Aanchor_A,1.092307686805725,0.14097443156512277,41.89638822113159,1.3363622467022369e-09
Aanchor_A,1.094615399837494,0.14029953071065013,41.89832845214514,1.3097359693222178e-09
Aanchor_A,1.0969231128692627,0.1396129459179004,41.90028443624425,1.2828930081172e-09
Aanchor_A,1.0992307662963867,0.13845154195776083,41.9026735183424,1.250102104787133e-09
Aanchor_A,1.1015384197235107,0.1372906846282938,41.90506304341049,1.2173098610313656e-09
Aanchor_A,1.1038461327552795,0.13599584038191448,41.907474165589676,1.184216328161387e-09
Aanchor_A,1.1061538457870483,0.13470039469596096,41.90988700558473,1.1511015780215954e-09
Aanchor_A,1.1084615588188171,0.13363525371922616,41.91203961579091,1.1215615935477583e-09
Aanchor_A,1.110769271850586,0.13257283599033423,41.914189672947344,1.0920488242514016e-09
Aanchor_A,1.11307692527771,0.13124879995067387,41.91649520021527,1.0604070468358697e-09
Aanchor_A,1.115384578704834,0.12992386148422047,41.9188027588451,1.0287396772746662e-09
Aanchor_A,1.1176922917366028,0.12838570749344722,41.921232069125416,9.953972967170594e-10
Aanchor_A,1.1200000047683716,0.12684771308228215,41.92366217118522,9.620427966976774e-10
Aanchor_A,1.1223077178001404,0.1254360393874903,41.925950394076594,9.306368110788503e-10
Aanchor_A,1.1246154308319092,0.12410210669506863,41.92814173925298,9.005657198094033e-10
Aanchor_A,1.1269230842590332,0.12267249545419807,41.93035882444617,8.701344336991069e-10
Aanchor_A,1.1292307376861572,0.12124901019367554,41.932568924378614,8.398031300889398e-10
Aanchor_A,1.131538450717926,0.11953485362836179,41.9350247419492,8.061012586477405e-10
Aanchor_A,1.1338461637496948,0.11782046650919231,41.93748165064937,7.723814901808989e-10
Aanchor_A,1.1361538767814636,0.11610008662824581,41.93982581869754,7.402091639187671e-10
Aanchor_A,1.1384615898132324,0.11438587264667235,41.942162885089765,7.081348369038493e-10
Aanchor_A,1.1407692432403564,0.1125228798929922,41.94463212227985,6.742425759092924e-10
Aanchor_A,1.1430768966674805,0.11066076105272818,41.94710085642834,6.403594314165146e-10
Aanchor_A,1.1453846096992493,0.10865865586304788,41.949593309480996,6.061524510488801e-10
Aanchor_A,1.147692322731018,0.10665459186014267,41.95208906880706,5.718987350268818e-10
Aanchor_A,1.1500000357627869,0.10485719720890996,41.95435706746616,5.407703046002581e-10
Aanchor_A,1.1523077487945557,0.10307580515634512,41.956605529732634,5.099130131531491e-10
Aanchor_A,1.1546154022216797,0.1012124221389599,41.95878062476885,4.800599335646494e-10
Aanchor_A,1.1569230556488037,0.09936014026818325,41.960942363151,4.503908273769447e-10
Aanchor_A,1.1592307686805725,0.0970905553538971,41.9635252071369,4.1494514499677816e-10
Aanchor_A,1.1615384817123413,0.09482078382689188,41.96610887849868,3.7948385613794986e-10
Aanchor_A,1.1638461351394653,0.09268899144464841,41.9684502182153,3.473512167538798e-10
Aanchor_A,1.1661537885665894,0.09054037364781246,41.970813417504786,3.149173028458439e-10
Aanchor_A,1.1684615015983582,0.08826834274277338,41.97315765201338,2.827454807886849e-10
Aanchor_A,1.170769214630127,0.08599576227746801,41.97550333007596,2.5055185939875694e-10
Aanchor_A,1.1730769276618958,0.08364806124594094,41.97794705600312,2.1701315073206185e-10
Aanchor_A,1.1753846406936646,0.08129959878446748,41.98039234651545,1.834535669829582e-10
Aanchor_A,1.1776922941207886,0.07884659065163291,41.98282039826198,1.501327018500441e-10
Aanchor_A,1.1799999475479126,0.07641483794901521,41.98522243836053,1.171588550951879e-10
Aanchor_A,1.1823076605796814,0.0740187735595133,41.98752595895684,8.554962681296811e-11
Aanchor_A,1.1846153736114502,0.07165203640735208,41.98979342627211,5.442884738172951e-11
Aanchor_A,1.186923086643219,0.06914983660016102,41.99215422758579,2.2029391299338732e-11
Aanchor_A,1.1892307996749878,0.06665079648590173,41.99451162406693,1.0325829710414913e-11
Aanchor_A,1.1915384531021118,0.0650534090153717,41.996573493067025,3.862566848584894e-11
Aanchor_A,1.1938461065292358,0.06346438416667119,41.998627323710124,6.681673551531865e-11
Aanchor_A,1.1961538195610046,0.061562450501904835,42.00087820984253,9.770338206149771e-11
Aanchor_A,1.1984615325927734,0.059659980344685545,42.00313263262116,1.2864582143820883e-10
Aanchor_A,1.2007692456245422,0.05790934738051379,42.00518747578415,1.5684645860805852e-10
Aanchor_A,1.203076958656311,0.05616766812588137,42.0072337147469,1.849295185402665e-10
Aanchor_A,1.205384612083435,0.054220828605525594,42.009423689468484,2.1498830928054668e-10
Aanchor_A,1.207692265510559,0.05226846783389886,42.011623041798494,2.4517431446112733e-10
Aanchor_A,1.2099999785423279,0.050378879372256616,42.0138159420312,2.752682016751031e-10
Aanchor_A,1.2123076915740967,0.048489050014561844,42.01601204436496,3.054093372677111e-10
Aanchor_A,1.2146154046058655,0.04651508209713685,42.01811684203154,3.3429509663582394e-10
Aanchor_A,1.2169231176376343,0.04456125509678731,42.02019905416725,3.6287202436321386e-10
Aanchor_A,1.2192307710647583,0.042518186147326525,42.02244892030625,3.937517976271398e-10
Aanchor_A,1.2215384244918823,0.04047427240684642,42.02470243078158,4.246836630302923e-10
Aanchor_A,1.2238461375236511,0.03836436778242231,42.026852748484345,4.5419024815486785e-10
Aanchor_A,1.22615385055542,0.03625281005122099,42.029007852291755,4.83768439136082e-10
Aanchor_A,1.2284615635871887,0.03418567707369186,42.031028132390624,5.114949187684774e-10
Aanchor_A,1.2307692766189575,0.032122179438987014,42.033046567996166,5.392008186780269e-10
Aanchor_A,1.2330769300460815,0.030043407826816016,42.035169587439704,5.683342646586371e-10
Aanchor_A,1.2353845834732056,0.027963271426445776,42.037296792320646,5.97530322305268e-10
Aanchor_A,1.2376922965049744,0.025696549833623555,42.03949080239368,6.276428075674282e-10
Aanchor_A,1.2400000095367432,0.023470436072469167,42.04163659954474,6.570914210729389e-10
Aanchor_A,1.242307722568512,0.021350318623897167,42.043697833039424,6.853844213161713e-10
Aanchor_A,1.2446154356002808,0.019191096711887946,42.04581045309693,7.14374723259878e-10
Aanchor_A,1.2469230890274048,0.016971127320796486,42.04785824203659,7.424800517029322e-10
Aanchor_A,1.2492307424545288,0.014711221124535089,42.04995872434926,7.71312301024986e-10
Aanchor_A,1.2515384554862976,0.012441665154385653,42.05196293345432,7.988187638599875e-10
Aanchor_A,1.2538461685180664,0.010164427402180504,42.053979789035864,8.264956101074013e-10
Aanchor_A,1.2561538815498352,0.007811718479268664,42.05615679883962,8.563745293780167e-10
Aanchor_A,1.258461594581604,0.005448688857653151,42.058349064375136,8.86461069837283e-10
Aanchor_A,1.260769248008728,0.003084968020463249,42.06035832228818,9.140397660484577e-10
Aanchor_A,1.263076901435852,0.000710006656282945,42.06238430789108,9.41845178677995e-10
Aanchor_A,1.2653846144676208,-0.0018642496592644034,42.064669860174426,9.732106208007378e-10
Aanchor_A,1.2676923274993896,-0.004436753147983256,42.06695601649558,1.0045861072567502e-09
Aanchor_A,1.2699999809265137,-0.006672094620008689,42.06870774352809,1.0286295725453679e-09
Aanchor_A,1.2723076343536377,-0.008911234481873467,42.070466856511544,1.052771729917087e-09
Aanchor_A,1.2746153473854065,-0.01161414318529283,42.072750058223725,1.0841057816913241e-09
Aanchor_A,1.2769230604171753,-0.014321475201960407,42.075041560595736,1.115561714818755e-09
Aanchor_A,1.279230773448944,-0.01677546974116799,42.076991964342,1.1423263672830338e-09
Aanchor_A,1.281538486480713,-0.019231268311573086,42.07894704508181,1.1691612159148924e-09
Aanchor_A,1.283846139907837,-0.021862096538279228,42.08102636038972,1.1976988012023262e-09
Aanchor_A,1.286153793334961,-0.024496893376596485,42.083113383602914,1.2263401856216012e-09
Aanchor_A,1.2884615063667297,-0.027043260845607178,42.084997503995744,1.2522011995072531e-09
Aanchor_A,1.2907692193984985,-0.029567185044577116,42.08685601769601,1.2777043803031155e-09
Aanchor_A,1.2930769324302673,-0.03250211332871886,42.08925859201487,1.3106799047646795e-09
Aanchor_A,1.2953846454620361,-0.035446867308647066,42.0916760316036,1.3438594459640894e-09
Aanchor_A,1.2976922988891602,-0.03829760305442461,42.09377530587874,1.3726728370995592e-09
Aanchor_A,1.2999999523162842,-0.04113637247895663,42.095862373014114,1.4013106193932283e-09
Aanchor_A,0.9676923155784607,0.13922777558510022,41.78510145675134,2.8637162748863253e-09
Aanchor_A,0.9688461571931839,0.13975336312391864,41.78590378473174,2.8527088958954936e-09
Aanchor_A,0.9699999988079071,0.14027901299743123,41.78670681557308,2.841685860654618e-09
Aanchor_A,0.9711538404226303,0.14080473632791904,41.787510536969755,2.830655515214675e-09
Aanchor_A,0.9723076820373535,0.14133370780928717,41.78831099378059,2.819670280464993e-09
Aanchor_A,0.9734615236520767,0.14181297171867085,41.78916812823044,2.8079046890246686e-09
Aanchor_A,0.9746153652667999,0.14229017183876638,41.79002875734483,2.7960938172639257e-09
Aanchor_A,0.9757692068815231,0.14276694530986866,41.79089082808045,2.784259184220374e-09
Aanchor_A,0.9769230484962463,0.14325309871055047,41.79174206771247,2.7725804712679978e-09
Aanchor_A,0.9780769050121307,0.14364914339696871,41.79267739972827,2.759740750293702e-09
Aanchor_A,0.9792307615280151,0.143671915117068,41.79408170416596,2.7404665592915414e-09
Aanchor_A,0.9803846180438995,0.14412082906853932,41.7949523181507,2.728522313141921e-09
Aanchor_A,0.9815384745597839,0.1445193298458143,41.795886841690006,2.715692639649358e-09
Aanchor_A,0.9826923161745071,0.14501748904422956,41.796691391235974,2.704654500273667e-09
Aanchor_A,0.9838461577892303,0.14551049807434716,41.79750329666027,2.6935118963584787e-09
Aanchor_A,0.9849999994039536,0.14600731983950369,41.79831124946237,2.6824224389148756e-09
Aanchor_A,0.9861538410186768,0.14650860552263953,41.799114544456266,2.6713977828843293e-09
Aanchor_A,0.9873076826334,0.14676247599292433,41.80014263879361,2.6572876536232427e-09
Aanchor_A,0.9884615242481232,0.14702007227804686,41.80116672908255,2.643230537365959e-09
Aanchor_A,0.9896153658628464,0.1472795238220864,41.80218916299618,2.6291971675124503e-09
Aanchor_A,0.9907692074775696,0.1475353377486352,41.803216856169,2.6150966549978757e-09
Aanchor_A,0.991923063993454,0.1478267350393511,41.804154323432755,2.6022263813503116e-09
Aanchor_A,0.9930769205093384,0.14811615622176796,41.80509508698652,2.5893149797992973e-09
Aanchor_A,0.9942307770252228,0.1483609280484391,41.806092677404585,2.5756238073671247e-09
Aanchor_A,0.9953846335411072,0.1486513566453954,41.80703378144565,2.5627073645028685e-09
Aanchor_A,0.9965384751558304,0.14903155328611348,41.80788637133047,2.5510089186469724e-09
Aanchor_A,0.9976923167705536,0.14941214028454283,41.80873916745157,2.5393048741243164e-09
Aanchor_A,0.9988461583852768,0.14979311208487356,41.80959217790177,2.5275938399006334e-09
Aanchor_A,1.0,0.15017447359304392,41.81044541807961,2.5158867704670303e-09
Aanchor_A,1.0011538565158844,0.1504498642607271,41.81134326805668,2.5035647807328988e-09
Aanchor_A,1.0023077130317688,0.15072557520412144,41.812241475168896,2.4912378233104694e-09
Aanchor_A,1.0034615695476532,0.15099894009135884,41.81314338552201,2.4788574794481185e-09
Aanchor_A,1.0046154260635376,0.15127538208295682,41.81404215304951,2.466519976857003e-09
Aanchor_A,1.0057692527770996,0.15141613200285806,41.81513503080122,2.4515242381851315e-09
Aanchor_A,1.0069230794906616,0.15155748189506893,41.81622785418155,2.4365266835676244e-09
Aanchor_A,1.0080769062042236,0.1516994211440223,41.817320637653225,2.4215281800654608e-09
Aanchor_A,1.0092307329177856,0.15184192934884394,41.81841349316338,2.40652637013246e-09
Aanchor_A,1.01038458943367,0.1520466923599597,41.819362083562275,2.39350921964818e-09
Aanchor_A,1.0115384459495544,0.15225166945195276,41.820311113984175,2.3804847845569494e-09
Aanchor_A,1.0126923024654388,0.152458345143813,41.821258723291464,2.3674745171859565e-09
Aanchor_A,1.0138461589813232,0.15266373701131816,41.822208609500834,2.3544394726264485e-09
Aanchor_A,1.0150000154972076,0.1528766561596082,41.82313225106189,2.3417653637000077e-09
Aanchor_A,1.016153872013092,0.15308951978191807,41.8240565148487,2.3290768916786373e-09
Aanchor_A,1.0173077285289764,0.15330232706963,41.824981402905934,2.3163859982238204e-09
Aanchor_A,1.0184615850448608,0.15351510529390813,41.82590683873871,2.3036842215181716e-09
Aanchor_A,1.0196154117584229,0.15346683861625182,41.8270671039158,2.2877637581360657e-09
Aanchor_A,1.0207692384719849,0.15341849831160911,41.82822805231477,2.271827107054656e-09
Aanchor_A,1.0219230651855469,0.15336900772273332,41.829391037660415,2.2558669522104684e-09
Aanchor_A,1.0230768918991089,0.15332052488729347,41.83055342709809,2.23991125774555e-09
Aanchor_A,1.0242307484149933,0.15346388159863603,41.83147760308886,2.227232251659941e-09
Aanchor_A,1.0253846049308777,0.15360771188487746,41.832401870530084,2.214544218500328e-09
Aanchor_A,1.026538461446762,0.15375190903754304,41.83332636427898,2.201854579586073e-09
Aanchor_A,1.0276923179626465,0.15389661045995784,41.83425087279949,2.189164541169889e-09
Aanchor_A,1.0288461744785309,0.1538698018630386,41.83534037216768,2.1742154519491706e-09
Aanchor_A,1.0300000309944153,0.15384309575163585,41.83643026528377,2.1592562358069463e-09
Aanchor_A,1.0311538875102997,0.1538164566779858,41.837520597469464,2.144291418107701e-09
Aanchor_A,1.032307744026184,0.15378988555493744,41.83861133002054,2.129322213203492e-09
Aanchor_A,1.033461570739746,0.1537187298128543,41.83975013397409,2.1136938887142562e-09
Aanchor_A,1.034615397453308,0.15364781002304723,41.840889218439145,2.0980622147463316e-09
Aanchor_A,1.0357692241668701,0.15357712781444519,41.842028582062746,2.082421197882259e-09
Aanchor_A,1.0369230508804321,0.15350667616141841,41.8431683047981,2.0667806284597205e-09
Aanchor_A,1.0380769073963165,0.15345928299946238,41.844214131405266,2.0524246931849277e-09
Aanchor_A,1.039230763912201,0.1534501289643865,41.845212481230895,2.038722379868092e-09
Aanchor_A,1.0403846204280853,0.15344604220223287,41.84620494309407,2.025106289339872e-09
Aanchor_A,1.0415384769439697,0.15344195384034595,41.84719784734039,2.0114763558996976e-09
Aanchor_A,1.0426923334598541,0.1533925269723615,41.848237846026684,1.9972039478696883e-09
Aanchor_A,1.0438461899757385,0.15334326168632148,41.84927821607164,1.9829256975084693e-09
Aanchor_A,1.045000046491623,0.1532941558234273,41.85031896097748,1.9686415784957534e-09
Aanchor_A,1.0461539030075073,0.15324521765383317,41.851360035570224,1.9543539599374943e-09
Aanchor_A,1.0473077297210693,0.15314350331460744,41.852418692358455,1.9398221494136575e-09
Aanchor_A,1.0484615564346313,0.15304108278041423,41.853478744326594,1.9252778143597966e-09
Aanchor_A,1.0496153831481934,0.1530267751115825,41.85442886230182,1.912234906540494e-09
Aanchor_A,1.0507692098617554,0.1529262100340594,41.85548779105696,1.897701356146887e-09
Aanchor_A,1.0519230663776398,0.1527200703496098,41.85660316528324,1.8823957797247807e-09
Aanchor_A,1.0530769228935242,0.15251382425526566,41.857719111002055,1.8670768369551086e-09
Aanchor_A,1.0542307794094086,0.15231854475424028,41.858821789928264,1.8519419921155633e-09
Aanchor_A,1.055384635925293,0.15211437558657123,41.85993614601769,1.836650814180164e-09
Aanchor_A,1.056538462638855,0.15194553186207918,41.86099276936028,1.8221516502787515e-09
Aanchor_A,1.057692289352417,0.1517729146475924,41.86205459508449,1.8075765803092369e-09
Aanchor_A,1.058846116065979,0.15160065197558958,41.86311646997068,1.7930015792679897e-09
Aanchor_A,1.059999942779541,0.15142877603513025,41.86417835427977,1.7784286248144357e-09
Aanchor_A,1.0611537992954254,0.1512678570003845,41.86523590477958,1.7639160759113556e-09
Aanchor_A,1.0623076558113098,0.1511033507853264,41.86629832210629,1.7493357899162795e-09
Aanchor_A,1.0634615123271942,0.1509746243220093,41.86731627069024,1.7353652563073127e-09
Aanchor_A,1.0646153688430786,0.15077572246217066,41.86842258235746,1.7201754803665732e-09
Aanchor_A,1.065769225358963,0.1503504952624543,41.869664432600686,1.7031348880839922e-09
Aanchor_A,1.0669230818748474,0.14992545786145592,41.870906481686305,1.6860916667077561e-09
Aanchor_A,1.0680769383907318,0.1495005909627305,41.8721487543886,1.669039049915292e-09
Aanchor_A,1.0692307949066162,0.1490759291283275,41.873391182124074,1.651986059733411e-09
Aanchor_A,1.0703846216201782,0.1487033548143385,41.87458051748039,1.6356644972941656e-09
Aanchor_A,1.0715384483337402,0.14833064944807764,41.875770371861414,1.6193319321967354e-09
Aanchor_A,1.0726922750473022,0.1479578038183531,41.8769607571158,1.6029954268885583e-09
Aanchor_A,1.0738461017608643,0.14758482817169155,41.87815166067918,1.58665485985371e-09
Aanchor_A,1.0749999582767487,0.14718775180165566,41.87933229451072,1.5704482562174631e-09
Aanchor_A,1.076153814792633,0.14677765714118696,41.88052951931794,1.5540167319351308e-09
Aanchor_A,1.0773076713085175,0.14638031970829932,41.88171104216197,1.537800157443522e-09
Aanchor_A,1.0784615278244019,0.14598284905887465,41.88289301191288,1.5215804256942415e-09
Aanchor_A,1.0796153843402863,0.145735504664326,41.88387617133452,1.508083416091093e-09
Aanchor_A,1.0807692408561707,0.14548814421153214,41.88485965730242,1.4945869738015352e-09
Aanchor_A,1.081923097372055,0.1452408473418128,41.885843370199794,1.4810871819830497e-09
Aanchor_A,1.0830769538879395,0.14499359658444635,41.88682730777888,1.4675818974720765e-09
Aanchor_A,1.0842307806015015,0.14454915593885817,41.887992374267256,1.4515917989835306e-09
Aanchor_A,1.0853846073150635,0.14415096471205016,41.88909973324909,1.4363960447884454e-09
Aanchor_A,1.0865384340286255,0.14375274207004762,41.890207516046935,1.4211909475767628e-09
Aanchor_A,1.0876922607421875,0.1433544084852193,41.891315863474254,1.4059780122917564e-09
Aanchor_A,1.088846117258072,0.14277342369384008,41.89256598916112,1.3888218902477798e-09
Aanchor_A,1.0899999737739563,0.1421909165758095,41.89381830720637,1.3716356297716847e-09
Aanchor_A,1.0911538302898407,0.1415571227832007,41.895135207513164,1.3535645869148961e-09
Aanchor_A,1.092307686805725,0.140974431122552,41.896388221686905,1.3363656312790437e-09
Aanchor_A,1.0934615433216095,0.14064254187857697,41.89735123657967,1.3231456511844523e-09
Aanchor_A,1.094615399837494,0.1402995300943922,41.89832845291844,1.309733632601851e-09
Aanchor_A,1.0957692563533783,0.13995632696458463,41.89930619829758,1.2963169119111899e-09
Aanchor_A,1.0969231128692627,0.1396129451662907,41.900284437187395,1.2828921892765041e-09
Aanchor_A,1.0980769395828247,0.13903218302323195,41.90147891658613,1.2664946855146723e-09
Aanchor_A,1.0992307662963867,0.1384515528545997,41.902673504668684,1.2501051517160456e-09
Aanchor_A,1.1003845930099487,0.1378710330522465,41.9038682286687,1.2337077746232405e-09
Aanchor_A,1.1015384197235107,0.13729069125636068,41.90506303509339,1.2173091621981657e-09
Aanchor_A,1.1026922762393951,0.13664334447043053,41.90626837956751,1.2007633294330505e-09
Aanchor_A,1.1038461327552795,0.13599584095552023,41.907474164869896,1.184218786654428e-09
Aanchor_A,1.104999989271164,0.13534818098473814,41.90868039085227,1.1676627665706364e-09
Aanchor_A,1.1061538457870483,0.13470038809184928,41.909887013871746,1.1511037995745724e-09
Aanchor_A,1.1073077023029327,0.13416784992284844,41.91096316860288,1.136333132357605e-09
Aanchor_A,1.1084615588188171,0.13363527735678785,41.912039586129936,1.1215559820409814e-09
Aanchor_A,1.1096154153347015,0.1331025793856013,41.91311638078741,1.1067797947019676e-09
Aanchor_A,1.110769271850586,0.13257282234553228,41.91418969006911,1.092047763488778e-09
Aanchor_A,1.111923098564148,0.1319109504331779,41.91534216078313,1.076229899836395e-09
Aanchor_A,1.11307692527771,0.13124880111881926,41.916495198749466,1.0604068128354592e-09
Aanchor_A,1.114230751991272,0.13058644808892197,41.91764871168184,1.0445761842223127e-09
Aanchor_A,1.115384578704834,0.12992382728816765,41.918802801754744,1.0287352041642624e-09
Aanchor_A,1.1165384352207184,0.12915472047200352,41.92001736920431,1.0120656213543829e-09
Aanchor_A,1.1176922917366028,0.1283857083270746,41.92123206807937,9.95397531683805e-10
Aanchor_A,1.1188461482524872,0.1276166851849293,41.922447031032675,9.787206737874807e-10
Aanchor_A,1.1200000047683716,0.1268477137677711,41.92366217032506,9.62045260122897e-10
Aanchor_A,1.121153861284256,0.12614239297498236,41.924805539322335,9.46353980481953e-10
Aanchor_A,1.1223077178001404,0.12543604006309356,41.92595039322884,9.306376327951132e-10
Aanchor_A,1.1234615743160248,0.12480763303350956,41.92699759291255,9.162689804041775e-10
Aanchor_A,1.1246154308319092,0.12410209458920304,41.9281417544434,9.005652456343352e-10
Aanchor_A,1.1257692575454712,0.12339043089527123,41.92924626901082,8.854080088832967e-10
Aanchor_A,1.1269230842590332,0.12267251372236868,41.93035880152318,8.701374941049597e-10
Aanchor_A,1.1280769109725952,0.12196078673919485,41.93146373832703,8.549710323649565e-10
Aanchor_A,1.1292307376861572,0.12124903090044237,41.93256889839564,8.398068971589862e-10
Aanchor_A,1.1303845942020416,0.12039195616421561,41.933796701850746,8.229545269435135e-10
Aanchor_A,1.131538450717926,0.11953486181447476,41.93502473167727,8.060994987552118e-10
Aanchor_A,1.1326923072338104,0.11867767483087592,41.936253079588134,7.892394291620206e-10
Aanchor_A,1.1338461637496948,0.11782045946454939,41.937481659488945,7.723799601433208e-10
Aanchor_A,1.1350000202655792,0.11695703709988094,41.9386577197333,7.562364490927857e-10
Aanchor_A,1.1361538767814636,0.11610009101281173,41.93982581319581,7.402079899685698e-10
Aanchor_A,1.137307733297348,0.11524301962020746,41.940994223551776,7.241723564014614e-10
Aanchor_A,1.1384615898132324,0.11438587179132381,41.942162886163054,7.08131310515005e-10
Aanchor_A,1.1396154165267944,0.11345392453669385,41.94339799693924,6.911773135401165e-10
Aanchor_A,1.1407692432403564,0.11252287603231458,41.94463212712421,6.742443386561636e-10
Aanchor_A,1.1419230699539185,0.11159187447734055,41.945866345686206,6.57303916345613e-10
Aanchor_A,1.1430768966674805,0.11066075264635841,41.94710086697663,6.403576645987008e-10
Aanchor_A,1.1442307531833649,0.10965981247468473,41.94834684646901,6.232619848812178e-10
Aanchor_A,1.1453846096992493,0.10865864678400312,41.949593320873326,6.061495086963902e-10
Aanchor_A,1.1465384662151337,0.10765616255604593,41.95084166177957,5.890224421791047e-10
Aanchor_A,1.147692322731018,0.10665459631630687,41.95208906321551,5.7189873608365e-10
Aanchor_A,1.1488461792469025,0.10575590809139065,41.95322298318083,5.563362203904666e-10
Aanchor_A,1.1500000357627869,0.10485720204380346,41.95435706139939,5.407706584785241e-10
Aanchor_A,1.1511538922786713,0.10395846529587052,41.9554913140352,5.252085103907137e-10
Aanchor_A,1.1523077487945557,0.10307579425755481,41.95660554340822,5.099113640243795e-10
Aanchor_A,1.1534615755081177,0.10214424246131819,41.95769282235137,4.949931669284217e-10
Aanchor_A,1.1546154022216797,0.10121244889836244,41.958780591191754,4.800595859449915e-10
Aanchor_A,1.1557692289352417,0.10029229950795132,41.95985389538083,4.6533232328317077e-10
Aanchor_A,1.1569230556488037,0.09936014737679467,41.9609423542311,4.503896520236897e-10
Aanchor_A,1.158076912164688,0.0982253796103431,41.96223367171362,4.326680672762656e-10
Aanchor_A,1.1592307686805725,0.09709055416274198,41.96352520863155,4.149486744304895e-10
Aanchor_A,1.160384625196457,0.09595568861217982,41.96481694297498,3.9721464662535275e-10
Aanchor_A,1.1615384817123413,0.09482078403002403,41.96610887824379,3.7948679720029706e-10
Aanchor_A,1.1626923084259033,0.09376348610786234,41.96726866407912,3.635671793392749e-10
Aanchor_A,1.1638461351394653,0.09268899300287492,41.96845021626005,3.473522756305792e-10
Aanchor_A,1.1649999618530273,0.09161469007089655,41.96963171923282,3.311349152823461e-10
Aanchor_A,1.1661537885665894,0.09054037708185371,41.97081341319576,3.1492024364698743e-10
Aanchor_A,1.1673076450824738,0.08940411818106583,41.97198574311432,2.9882726784648323e-10
Aanchor_A,1.1684615015983582,0.08826832553212251,41.973157673609094,2.8274594925755565e-10
Aanchor_A,1.1696153581142426,0.08713203208566259,41.97433041868364,2.6665240432703896e-10
Aanchor_A,1.170769214630127,0.08599576097923359,41.975503331704964,2.5055044771205525e-10
Aanchor_A,1.1719230711460114,0.08482200097385464,41.97672500609662,2.3378512911618977e-10
Aanchor_A,1.1730769276618958,0.08364808065009721,41.97794703165514,2.170136228229143e-10
Aanchor_A,1.1742307841777802,0.08247389384628967,41.97916954160147,2.0023451074203164e-10
Aanchor_A,1.1753846406936646,0.08129958763134577,41.98039236051017,1.834527433330857e-10
Aanchor_A,1.1765384674072266,0.08006232785213539,41.98161979744305,1.6660835217434104e-10
Aanchor_A,1.1776922941207886,0.07884662503520247,41.98282035511781,1.501321163180533e-10
Aanchor_A,1.1788461208343506,0.07763078929189349,41.98402124990725,1.3365012585472e-10
Aanchor_A,1.1799999475479126,0.07641484287290626,41.98522243218208,1.171612058757522e-10
Aanchor_A,1.181153804063797,0.07523199065022587,41.986355051879286,1.0161645513104017e-10
Aanchor_A,1.1823076605796814,0.07401877318883318,41.98752595942197,8.554997931769978e-11
Aanchor_A,1.1834615170955658,0.07283550531941052,41.98865946695707,6.99931656833484e-11
Aanchor_A,1.1846153736114502,0.07165203602529586,41.98979342675152,5.442685010493256e-11
Aanchor_A,1.1857692301273346,0.07039925510612127,41.99097586525999,3.8201868387246795e-11
Aanchor_A,1.186923086643219,0.06914987108028461,41.99215418431989,2.2026220159968678e-11
Aanchor_A,1.1880769431591034,0.06790034118954771,41.99333282067727,5.85071323943934e-12
Aanchor_A,1.1892307996749878,0.06665079404700743,41.99451162712728,1.032923535536055e-11
Aanchor_A,1.1903846263885498,0.06585232764200248,41.99554197235579,2.4469028086994354e-11
Aanchor_A,1.1915384531021118,0.06505343244736937,41.99657346366434,3.8626256313061157e-11
Aanchor_A,1.1926922798156738,0.0642636626794651,41.997594121007175,5.2634750273443466e-11
Aanchor_A,1.1938461065292358,0.06346438896385756,41.99862731769056,6.68159128326901e-11
Aanchor_A,1.1949999630451202,0.06251349783840314,41.99975230878362,8.225574824127881e-11
Aanchor_A,1.1961538195610046,0.06156245704926744,42.00087820162678,9.77047936406837e-11
Aanchor_A,1.197307676076889,0.0606112746583068,42.00200498741842,1.1316884565832165e-10
Aanchor_A,1.1984615325927734,0.059659980793304465,42.00313263205822,1.2864440937138681e-10
Aanchor_A,1.1996153891086578,0.05878660186198139,42.00415729247486,1.4270844357314135e-10
Aanchor_A,1.2007692456245422,0.05790934778413936,42.005187475277665,1.5684751841722368e-10
Aanchor_A,1.2019231021404266,0.057031984688188854,42.006218455200504,1.7099573004385803e-10
Aanchor_A,1.203076958656311,0.05616766852551659,42.00723371424544,1.8493022557406386e-10
Aanchor_A,1.204230785369873,0.055196244880186054,42.0083259018695,1.9991816399015114e-10
Aanchor_A,1.205384612083435,0.05422081526601538,42.009423706206825,2.1498524146345762e-10
Aanchor_A,1.206538438796997,0.053244901858029596,42.01052273986341,2.3006836828980369e-10
Aanchor_A,1.207692265510559,0.052268436509803666,42.01162308110414,2.4517419321594204e-10
Aanchor_A,1.2088461220264435,0.051323678075963546,42.01271912448041,2.6021388977290235e-10
Aanchor_A,1.2099999785423279,0.05037886383127226,42.01381596153215,2.7526879050820985e-10
Aanchor_A,1.2111538350582123,0.049434129594196415,42.014913422923854,2.9032973390739794e-10
Aanchor_A,1.2123076915740967,0.04848904967073647,42.0160120447964,3.054068553936442e-10
Aanchor_A,1.213461548089981,0.04751938129865549,42.017042378723936,3.1955252353298404e-10
Aanchor_A,1.2146154046058655,0.04651508199330295,42.01811684216183,3.3429876162578796e-10
Aanchor_A,1.2157692611217499,0.04553145857689308,42.019166015716095,3.486976140511201e-10
Aanchor_A,1.2169231176376343,0.044561265779156076,42.02019904076285,3.628740365737987e-10
Aanchor_A,1.2180769443511963,0.04353982323451713,42.021323534703015,3.7830629068744243e-10
Aanchor_A,1.2192307710647583,0.04251818762045292,42.02244891845774,3.9375049576232065e-10
Aanchor_A,1.2203845977783203,0.04149635824522823,42.023575194011464,4.0920822217449576e-10
Aanchor_A,1.2215384244918823,0.04047426595985673,42.024702438871444,4.2467750114416957e-10
Aanchor_A,1.2226922810077667,0.039419521056267386,42.02577700027179,4.394289224762877e-10
Aanchor_A,1.2238461375236511,0.03836435453343152,42.026852765109716,4.541916683231898e-10
Aanchor_A,1.2249999940395355,0.03730878681539029,42.02792970907319,4.68976086997952e-10
Aanchor_A,1.22615385055542,0.03625281048044714,42.02900785175314,4.837708119189762e-10
Aanchor_A,1.2273077070713043,0.03521927029006464,42.030017621014466,4.976282390809993e-10
Aanchor_A,1.2284615635871887,0.03418567740864115,42.03102813197032,5.115002606457077e-10
Aanchor_A,1.2296154201030731,0.03315203059750706,42.032039387423865,5.253753930797235e-10
Aanchor_A,1.2307692766189575,0.032122179723544704,42.03304656763908,5.391967802459688e-10
Aanchor_A,1.2319231033325195,0.03108295507984482,42.03410756459398,5.537602960318961e-10
Aanchor_A,1.2330769300460815,0.030043408187409543,42.03516958698721,5.683360475431356e-10
Aanchor_A,1.2342307567596436,0.029003537417773676,42.03623263803986,5.829247745238392e-10
Aanchor_A,1.2353845834732056,0.027963271670075094,42.03729679201492,5.975287763071244e-10
Aanchor_A,1.23653843998909,0.026830096609521382,42.038393216234404,6.125782632428079e-10
Aanchor_A,1.2376922965049744,0.025696550331353315,42.03949080176909,6.276424507525529e-10
Aanchor_A,1.2388461530208588,0.02460420644480726,42.0405373795558,6.420055302247027e-10
Aanchor_A,1.2400000095367432,0.023470453864347703,42.041636577220224,6.570904736196914e-10
Aanchor_A,1.2411538660526276,0.022410576716548045,42.04266667593874,6.712318436588486e-10
Aanchor_A,1.242307722568512,0.021350312976046188,42.04369784012614,6.853817994170988e-10
Aanchor_A,1.2434615790843964,0.020285347002642163,42.0447354862101,6.99621671624198e-10
Aanchor_A,1.2446154356002808,0.019191092914679846,42.045810457862004,7.143769863502672e-10
Aanchor_A,1.2457692623138428,0.018102256304214012,42.04680749218942,7.280622751198098e-10
Aanchor_A,1.2469230890274048,0.016971127002920378,42.04785824243545,7.424808864522448e-10
Aanchor_A,1.2480769157409668,0.01584325916069284,42.04890555395216,7.568542098882339e-10
Aanchor_A,1.2492307424545288,0.01471122081140329,42.04995872474217,7.713113460692305e-10
Aanchor_A,1.2503845989704132,0.01357651237790419,42.05096036926294,7.850577517276759e-10
Aanchor_A,1.2515384554862976,0.012441665012260808,42.05196293363265,7.988151821301574e-10
Aanchor_A,1.252692312002182,0.011310780171375948,42.052961276248155,8.125196179404627e-10
Aanchor_A,1.2538461685180664,0.010164427281912834,42.053979789186776,8.264972819721544e-10
Aanchor_A,1.2550000250339508,0.008983771938067228,42.05507340928788,8.41505413819709e-10
Aanchor_A,1.2561538815498352,0.0078116863639087165,42.0561568391376,8.563727252606053e-10
Aanchor_A,1.2573077380657196,0.006630409306899597,42.0572523780308,8.714122825757734e-10
Aanchor_A,1.258461594581604,0.0054486886269493225,42.058349064664625,8.864628638475765e-10
Aanchor_A,1.259615421295166,0.004267018180279661,42.059353122551244,9.002444943571873e-10
Aanchor_A,1.260769248008728,0.0030850011623159124,42.06035828070136,9.140348718009827e-10
Aanchor_A,1.26192307472229,0.0019026370504977845,42.061364540802536,9.278500617867851e-10
Aanchor_A,1.263076901435852,0.0007100359329731615,42.06238427115404,9.41844830861402e-10
Aanchor_A,1.2642307579517365,-0.0005760570026815959,42.063525400484686,9.575071807114655e-10
Aanchor_A,1.2653846144676208,-0.001864258466940676,42.06466987122651,9.732150502765237e-10
Aanchor_A,1.2665384709835052,-0.003150502730928271,42.06581258327787,9.888947484765822e-10
Aanchor_A,1.2676923274993896,-0.004436790345068688,42.06695606317137,1.0045895681005252e-09
Aanchor_A,1.2688461542129517,-0.005553001546525741,42.06782976416131,1.0165828979947034e-09
Aanchor_A,1.2699999809265137,-0.006672094222126751,42.06870774302881,1.0286287331258398e-09
Aanchor_A,1.2711538076400757,-0.007791483104125105,42.06958675738295,1.0406924589855222e-09
Aanchor_A,1.2723076343536377,-0.008911237006838867,42.070466859679975,1.0527756891141115e-09
Aanchor_A,1.273461490869522,-0.010262549383297211,42.071607941635655,1.0684310499592323e-09
Aanchor_A,1.2746153473854065,-0.01161414937744386,42.07275006599394,1.0841081809694038e-09
Aanchor_A,1.275769203901291,-0.012966029023148395,42.07389322392966,1.0998008808790275e-09
Aanchor_A,1.2769230604171753,-0.014321480921673966,42.075041567773184,1.115559067834442e-09
Aanchor_A,1.2780769169330597,-0.015547615440856238,42.07601538867164,1.1289230677782974e-09
Aanchor_A,1.279230773448944,-0.01677546981305634,42.07699196443221,1.1423257660264209e-09
Aanchor_A,1.2803846299648285,-0.01800303563421298,42.07796877689767,1.1557335047862612e-09
Aanchor_A,1.281538486480713,-0.01923126804719064,42.07894704475004,1.1691576072831528e-09
Aanchor_A,1.282692313194275,-0.02054663377308016,42.07998629532949,1.1834257587156187e-09
Aanchor_A,1.283846139907837,-0.021862096492636374,42.081026360332444,1.1976997642428408e-09
Aanchor_A,1.284999966621399,-0.023181129882542104,42.08207159858848,1.2120441348606515e-09
Aanchor_A,1.286153793334961,-0.024496893477820494,42.08311338372994,1.2263375353919846e-09
Aanchor_A,1.2873076498508453,-0.02578217519109909,42.08407032974853,1.2394729293426709e-09
Aanchor_A,1.2884615063667297,-0.027043236519997123,42.08499747346951,1.252200609424507e-09
Aanchor_A,1.2896153628826141,-0.028304922834482008,42.08592604835601,1.2649419304022173e-09
Aanchor_A,1.2907692193984985,-0.029567156139132054,42.08685598142207,1.2777025862677234e-09
Aanchor_A,1.291923075914383,-0.031034551699504833,42.08805686630365,1.2941836517017592e-09
Aanchor_A,1.2930769324302673,-0.03250210633093837,42.08925858323317,1.3106808741255714e-09
Aanchor_A,1.2942307889461517,-0.033969859675624804,42.09046118289557,1.3271847301954164e-09
Aanchor_A,1.2953846454620361,-0.03544685717705719,42.09167601888881,1.3438582439430709e-09
Aanchor_A,1.2965384721755981,-0.0368788933560924,42.09273367429344,1.3583713969680677e-09
Aanchor_A,1.2976922988891602,-0.038297607089516295,42.09377531094264,1.3726675190611631e-09
Aanchor_A,1.2988461256027222,-0.039716782960498014,42.09481823044681,1.3869832728737276e-09
Aanchor_A,1.2999999523162842,-0.04113637083424826,42.095862370950044,1.4013119497988588e-09
Aanchor_A,1.1892307612376718,0.06665082064567598,41.99451159281431,1.0324537820766672e-11
Aanchor_A,1.1945243555034235,0.06290546581260051,41.999288486956004,7.588966327864511e-11
Aanchor_A,0.9676922590123319,0.13922777558510022,41.78510135761241,2.863721358038389e-09
Aanchor_A,0.967692269012332,0.13922777558510022,41.78510139779323,2.8637164447544555e-09
Aanchor_A,0.967692279012332,0.13922777558510022,41.78510141045438,2.863720244402994e-09
Aanchor_A,0.9723076431663537,0.14133370780928717,41.788310922007454,2.8196663064243273e-09
Aanchor_A,0.9723076531663537,0.14133370780928717,41.788310957309854,2.819666675614622e-09
Aanchor_A,0.9723076631663538,0.14133370780928717,41.78831096994216,2.819669814140503e-09
Aanchor_A,0.9769230273203754,0.14325309871055047,41.79174201848757,2.772582783607999e-09
Aanchor_A,0.9769230373203754,0.14325309871055047,41.79174205384733,2.7725785628954586e-09
Aanchor_A,0.9769230473203755,0.14325309871055047,41.79174206625365,2.7725781187940503e-09
Aanchor_A,0.9815384114743971,0.1445193298458143,41.79588681535859,2.7156964439287314e-09
Aanchor_A,0.9815384214743972,0.1445193298458143,41.795886775948446,2.715693935885059e-09
Aanchor_A,0.9815384314743972,0.1445193298458143,41.79588678833256,2.715697309172883e-09
Aanchor_A,0.9861537956284189,0.14650860552263953,41.79911446613677,2.671393902983182e-09
Aanchor_A,0.9861538056284189,0.14650860552263953,41.799114503166564,2.67139425298733e-09
Aanchor_A,0.986153815628419,0.14650860552263953,41.79911451483353,2.6713932541790405e-09
Aanchor_A,0.9907691797824406,0.1475353377486352,41.80321680310659,2.6150929913161016e-09
Aanchor_A,0.9907691897824407,0.1475353377486352,41.803216836193606,2.6150926981097405e-09
Aanchor_A,0.9907691997824407,0.1475353377486352,41.80321684748225,2.6150950718123113e-09
Aanchor_A,0.9953845639364624,0.1486513566453954,41.80703375010231,2.5627058777805913e-09
Aanchor_A,0.9953845739364624,0.1486513566453954,41.80703371278612,2.562706877279017e-09
Aanchor_A,0.9953845839364625,0.1486513566453954,41.80703372430528,2.5627082379766907e-09
Aanchor_A,0.9999999480904841,0.15017447359304392,41.81044533773243,2.515884919818876e-09
Aanchor_A,0.9999999580904841,0.15017447359304392,41.81044537293588,2.5158852557655856e-09
Aanchor_A,0.9999999680904842,0.15017447359304392,41.810445383707595,2.5158850402286632e-09
Aanchor_A,1.004615332244506,0.15127538208295682,41.81404209699709,2.4665249102456698e-09
Aanchor_A,1.0046153422445059,0.15127538208295682,41.8140420608582,2.4665246523008853e-09
Aanchor_A,1.0046153522445058,0.15127538208295682,41.81404207185705,2.4665231888445278e-09
Aanchor_A,1.0092307163985277,0.15184192934884394,41.818413389745636,2.4065269576985867e-09
Aanchor_A,1.0092307263985276,0.15184192934884394,41.81841348635471,2.406529885630252e-09
Aanchor_A,1.0092307363985276,0.15184192934884394,41.81841349679865,2.406527168684108e-09
Aanchor_A,1.0138461005525494,0.15266373701131816,41.82220859220756,2.354443214206076e-09
Aanchor_A,1.0138461105525494,0.15266373701131816,41.8222085595365,2.3544411403131587e-09
Aanchor_A,1.0138461205525493,0.15266373701131816,41.82220856985357,2.3544435394729797e-09
Aanchor_A,1.0184614847065712,0.15351510529390813,41.82590677834506,2.3036853147297426e-09
Aanchor_A,1.018461494706571,0.15351510529390813,41.825906752659705,2.303688378203628e-09
Aanchor_A,1.018461504706571,0.15351510529390813,41.825906762188225,2.303687586766941e-09
Aanchor_A,1.023076868860593,0.15332052488729347,41.83055333128439,2.2399145007176385e-09
Aanchor_A,1.0230768788605928,0.15332052488729347,41.83055341462682,2.2399155844474147e-09
Aanchor_A,1.0230768888605928,0.15332052488729347,41.83055342419176,2.2399135390835464e-09
Aanchor_A,1.0276922530146146,0.15389661045995784,41.834250850708436,2.1891708149768698e-09
Aanchor_A,1.0276922630146146,0.15389661045995784,41.83425082253005,2.189171837123694e-09
Aanchor_A,1.0276922730146145,0.15389661045995784,41.834250831678595,2.1891682932038445e-09
Aanchor_A,1.0323076371686364,0.15378988555493744,41.83861127048478,2.129324697536558e-09
Aanchor_A,1.0323076471686363,0.15378988555493744,41.83861124194086,2.129323045190622e-09
Aanchor_A,1.0323076571686363,0.15378988555493744,41.83861125103459,2.1293245444791113e-09
Aanchor_A,1.0369230213226581,0.15350667616141841,41.84316820741089,2.0667791584716673e-09
Aanchor_A,1.036923031322658,0.15350667616141841,41.84316828808312,2.06678118588345e-09
Aanchor_A,1.036923041322658,0.15350667616141841,41.843168296629585,2.06677947162637e-09
Aanchor_A,1.0415384054766799,0.15344195384034595,41.84719782203,2.0114786326024075e-09
Aanchor_A,1.0415384154766798,0.15344195384034595,41.84719779525658,2.011477455527404e-09
Aanchor_A,1.0415384254766797,0.15344195384034595,41.84719780373,2.0114752773804433e-09
Aanchor_A,1.0461537896307016,0.15324521765383317,41.85135997487057,1.9543559770935385e-09
Aanchor_A,1.0461537996307015,0.15324521765383317,41.851359952174484,1.9543568820455056e-09
Aanchor_A,1.0461538096307015,0.15324521765383317,41.851359960241645,1.954355044725512e-09
Aanchor_A,1.0507691737847233,0.1529262100340594,41.8554876993801,1.8977043932405773e-09
Aanchor_A,1.0507691837847233,0.1529262100340594,41.85548777169774,1.897701573005187e-09
Aanchor_A,1.0507691937847232,0.1529262100340594,41.855487779121596,1.8977035414352272e-09
Aanchor_A,1.055384557938745,0.15211437558657123,41.859936119176474,1.836650910806491e-09
Aanchor_A,1.055384567938745,0.15211437558657123,41.85993609625304,1.8366515599769779e-09
Aanchor_A,1.055384577938745,0.15211437558657123,41.859936103572814,1.8366531874877882e-09
Aanchor_A,1.0599999420927668,0.15142877603513025,41.86417835377593,1.7784266551838536e-09
Aanchor_A,1.0599999520927668,0.15142877603513025,41.864178417894664,1.778427541176343e-09
Aanchor_A,1.0599999620927667,0.15142877603513025,41.86417842530803,1.7784302101755967e-09
Aanchor_A,1.0646153262467886,0.15077572246217066,41.8684225818474,1.7201810453874751e-09
Aanchor_A,1.0646153362467885,0.15077572246217066,41.86842256235358,1.7201768493889598e-09
Aanchor_A,1.0646153462467884,0.15077572246217066,41.86842256849044,1.7201762765107019e-09
Aanchor_A,1.0692307104008103,0.1490759291283275,41.87339115591871,1.6519874245526676e-09
Aanchor_A,1.0692307204008102,0.1490759291283275,41.87339113552223,1.6519887957601948e-09
Aanchor_A,1.0692307304008102,0.1490759291283275,41.87339114177703,1.6519871773682323e-09
Aanchor_A,1.073846094554832,0.14758482817169155,41.87815165616309,1.5866495089574027e-09
Aanchor_A,1.073846104554832,0.14758482817169155,41.87815171077572,1.5866536328605065e-09
Aanchor_A,1.073846114554832,0.14758482817169155,41.878151716688315,1.5866530577331197e-09
Aanchor_A,1.0784614787088538,0.14598284905887465,41.88289300764465,1.5215790253594908e-09
Aanchor_A,1.0784614887088537,0.14598284905887465,41.88289298910961,1.5215817983782404e-09
Aanchor_A,1.0784614987088537,0.14598284905887465,41.882892994939326,1.5215820370844983e-09
Aanchor_A,1.0830768628628755,0.14499359658444635,41.886827279093644,1.4675831505898242e-09
Aanchor_A,1.0830768728628755,0.14499359658444635,41.88682726513474,1.4675825380596048e-09
Aanchor_A,1.0830768828628754,0.14499359658444635,41.886827270397816,1.4675863902353612e-09
Aanchor_A,1.0876922470168973,0.1433544084852193,41.89131581545379,1.4059799330891135e-09
Aanchor_A,1.0876922570168972,0.1433544084852193,41.89131586179213,1.4059804617061302e-09
Aanchor_A,1.0876922670168971,0.1433544084852193,41.891315866307544,1.4059781311582155e-09
Aanchor_A,1.092307631170919,0.140974431122552,41.89638821547723,1.336365860195787e-09
Aanchor_A,1.092307641170919,0.140974431122552,41.896388200072636,1.3363623328765919e-09
Aanchor_A,1.0923076511709189,0.140974431122552,41.896388204808986,1.3363685255677852e-09
Aanchor_A,1.0969230153249407,0.1396129451662907,41.900284410788146,1.2828903999512952e-09
Aanchor_A,1.0969230253249407,0.1396129451662907,41.9002844018623,1.2828930792679234e-09
Aanchor_A,1.0969230353249406,0.1396129451662907,41.90028440589741,1.2828926167689459e-09
Aanchor_A,1.1015383994789625,0.13729069125636068,41.90506299564019,1.2173102843910527e-09
Aanchor_A,1.1015384094789624,0.13729069125636068,41.90506303160491,1.2173107962581923e-09
Aanchor_A,1.1015384194789624,0.13729069125636068,41.90506303501012,1.2173040129178835e-09
Aanchor_A,1.1061537836329842,0.13470038809184928,41.90988700696088,1.15110098136175e-09
Aanchor_A,1.1061537936329842,0.13470038809184928,41.909886995439216,1.1510981578263246e-09
Aanchor_A,1.106153803632984,0.13470038809184928,41.90988699897346,1.151098864478669e-09
Aanchor_A,1.110769167787006,0.13257282234553228,41.91418966805477,1.0920470360728962e-09
Aanchor_A,1.110769177787006,0.13257282234553228,41.9141896638324,1.092049585250528e-09
Aanchor_A,1.1107691877870058,0.13257282234553228,41.91418966662165,1.0920501767957072e-09
Aanchor_A,1.1153845519410277,0.12992382728816765,41.91880277264924,1.0287396073374024e-09
Aanchor_A,1.1153845619410276,0.12992382728816765,41.91880279813195,1.028739189937137e-09
Aanchor_A,1.1153845719410276,0.12992382728816765,41.91880280029303,1.0287383707052307e-09
Aanchor_A,1.1199999360950494,0.1268477137677711,41.923662164517985,9.620441992352753e-10
Aanchor_A,1.1199999460950494,0.1268477137677711,41.92366215719424,9.620421841844494e-10
Aanchor_A,1.1199999560950493,0.1268477137677711,41.92366215943219,9.620435961864422e-10
Aanchor_A,1.1246153202490712,0.12410209458920304,41.92814173903119,9.005616940878862e-10
Aanchor_A,1.1246153302490711,0.12410209458920304,41.928141736012044,9.005632127067551e-10
Aanchor_A,1.124615340249071,0.12410209458920304,41.9281417378445,9.005640382701814e-10
Aanchor_A,1.129230704403093,0.12124903090044237,41.93256887806635,8.398061543067777e-10
Aanchor_A,1.1292307144030929,0.12124903090044237,41.93256889532367,8.398016029014665e-10
Aanchor_A,1.1292307244030928,0.12124903090044237,41.93256889664307,8.39804308287653e-10
Aanchor_A,1.1338460885571147,0.11782045946454939,41.93748165507398,7.723832415881874e-10
Aanchor_A,1.1338460985571146,0.11782045946454939,41.9374816542592,7.723778277174579e-10
Aanchor_A,1.1338461085571145,0.11782045946454939,41.9374816550614,7.723820611096859e-10
Aanchor_A,1.1384614727111364,0.11438587179132381,41.94216288008941,7.081350536861416e-10
Aanchor_A,1.1384614827111363,0.11438587179132381,41.94216288007051,7.081329165495729e-10
Aanchor_A,1.1384614927111363,0.11438587179132381,41.942162880639366,7.081330377752182e-10
Aanchor_A,1.1430768568651581,0.11066075264635841,41.9471008602558,6.403595077372912e-10
Aanchor_A,1.143076866865158,0.11066075264635841,41.94710086723759,6.403591895909053e-10
Aanchor_A,1.143076876865158,0.11066075264635841,41.94710086715003,6.403574264532532e-10
Aanchor_A,1.1476922410191799,0.10665459631630687,41.95208906353454,5.71900494419924e-10
Aanchor_A,1.1476922510191798,0.10665459631630687,41.95208906283101,5.7190224509036e-10
Aanchor_A,1.1476922610191798,0.10665459631630687,41.952089062884625,5.719006016668207e-10
Aanchor_A,1.1523076251732016,0.10307579425755481,41.95660554293081,5.099131101823262e-10
Aanchor_A,1.1523076351732016,0.10307579425755481,41.95660555145422,5.099143990547437e-10
Aanchor_A,1.1523076451732015,0.10307579425755481,41.956605550746076,5.09913577698393e-10
Aanchor_A,1.1569230093272234,0.09936014737679467,41.96094236292109,4.5039174757585547e-10
Aanchor_A,1.1569230193272233,0.09936014737679467,41.960942358407166,4.5039094051428593e-10
Aanchor_A,1.1569230293272232,0.09936014737679467,41.960942357257416,4.5039341315692687e-10
Aanchor_A,1.161538393481245,0.09482078403002403,41.96610888354566,3.7948761438537335e-10
Aanchor_A,1.161538403481245,0.09482078403002403,41.96610888956666,3.7948690491590284e-10
Aanchor_A,1.161538413481245,0.09482078403002403,41.9661088881193,3.7948549449010404e-10
Aanchor_A,1.1661537776352668,0.09054037708185371,41.970813425908055,3.1491694114550587e-10
Aanchor_A,1.1661537876352668,0.09054037708185371,41.97081341340041,3.149167150958529e-10
Aanchor_A,1.1661537976352667,0.09054037708185371,41.97081341120312,3.14917539767728e-10
Aanchor_A,1.1707691617892886,0.08599576097923359,41.97550333409969,2.5054974074028514e-10
Aanchor_A,1.1707691717892885,0.08599576097923359,41.97550334103213,2.505513859262854e-10
Aanchor_A,1.1707691817892885,0.08599576097923359,41.97550333885496,2.5055103369665854e-10
Aanchor_A,1.1753845459433103,0.08129958763134577,41.98039237198694,1.8345356358278223e-10
Aanchor_A,1.1753845559433103,0.08129958763134577,41.980392384392,1.8345520537626629e-10
Aanchor_A,1.1753845659433102,0.08129958763134577,41.9803923815741,1.8344944651711744e-10
Aanchor_A,1.179999930097332,0.07641484287290626,41.9852224588269,1.1716014358451772e-10
Aanchor_A,1.179999940097332,0.07641484287290626,41.98522243445308,1.1716014782438743e-10
Aanchor_A,1.179999950097332,0.07641484287290626,41.98522243140499,1.1716144103519636e-10
Aanchor_A,1.1846153142513538,0.07165203602529586,41.98979343205981,5.4426262337721915e-11
Aanchor_A,1.1846153242513537,0.07165203602529586,41.98979344342008,5.4423794500712106e-11
Aanchor_A,1.1846153342513537,0.07165203602529586,41.98979344004315,5.442543950401543e-11
Aanchor_A,1.1892306984053755,0.06665079404700743,41.99451164714366,1.0325594608153068e-11
Aanchor_A,1.1892307084053755,0.06665079404700743,41.99451162490304,1.0326416424150468e-11
Aanchor_A,1.1892307184053754,0.06665079404700743,41.99451162514674,1.0328178020128755e-11
Aanchor_A,1.1938460825593973,0.06346438896385756,41.99862731500813,6.681050245964315e-11
Aanchor_A,1.1938460925593972,0.06346438896385756,41.99862731852055,6.681085785438312e-11
Aanchor_A,1.1938461025593972,0.06346438896385756,41.99862731792642,6.681273896215996e-11
Aanchor_A,1.198461466713419,0.059659980793304465,42.0031326334232,1.2864346618645468e-10
Aanchor_A,1.198461476713419,0.059659980793304465,42.00313263552637,1.2864311059575213e-10
Aanchor_A,1.198461486713419,0.059659980793304465,42.003132634905725,1.2864911276137462e-10
Aanchor_A,1.2030768508674408,0.05616766852551659,42.00723371818387,1.8492998249290574e-10
Aanchor_A,1.2030768608674407,0.05616766852551659,42.00723372501189,1.849309187232043e-10
Aanchor_A,1.2030768708674406,0.05616766852551659,42.0072337239109,1.849290347983157e-10
Aanchor_A,1.2076922350214625,0.052268436509803666,42.01162309274527,2.45175117405073e-10
Aanchor_A,1.2076922450214624,0.052268436509803666,42.01162308269883,2.451708846949295e-10
Aanchor_A,1.2076922550214624,0.052268436509803666,42.01162308192052,2.451713583146803e-10
Aanchor_A,1.2123076191754842,0.04848904967073647,42.01601204709303,3.0540933197310467e-10
Aanchor_A,1.2123076291754842,0.04848904967073647,42.01601205489628,3.0541240017597686e-10
Aanchor_A,1.2123076391754841,0.04848904967073647,42.01601205327767,3.0540861990815213e-10
Aanchor_A,1.216923003329506,0.044561265779156076,42.02019905231081,3.6287047489638747e-10
Aanchor_A,1.216923013329506,0.044561265779156076,42.020199055005826,3.628745998528521e-10
Aanchor_A,1.2169230233295059,0.044561265779156076,42.020199053640354,3.628735381074217e-10
Aanchor_A,1.2215383874835277,0.04047426595985673,42.02470245422419,4.2468125626879526e-10
Aanchor_A,1.2215383974835277,0.04047426595985673,42.02470244470682,4.2468009994815186e-10
Aanchor_A,1.2215384074835276,0.04047426595985673,42.02470244254624,4.24683420114472e-10
Aanchor_A,1.2261537716375495,0.03625281048044714,42.02900785966318,4.837723421651832e-10
Aanchor_A,1.2261537816375494,0.03625281048044714,42.029007868925504,4.837696044452057e-10
Aanchor_A,1.2261537916375493,0.03625281048044714,42.02900786643379,4.837697261453363e-10
Aanchor_A,1.2307691557915712,0.032122179723544704,42.03304658711845,5.391988912189752e-10
Aanchor_A,1.2307691657915711,0.032122179723544704,42.03304659101743,5.39200542762157e-10
Aanchor_A,1.230769175791571,0.032122179723544704,42.03304658890799,5.392005462288903e-10
Aanchor_A,1.235384539945593,0.027963271670075094,42.03729681724306,5.97529562238342e-10
Aanchor_A,1.2353845499455929,0.027963271670075094,42.037296801484814,5.975325699096539e-10
Aanchor_A,1.2353845599455928,0.027963271670075094,42.03729679866031,5.975299571059794e-10
Aanchor_A,1.2399999240996147,0.023470453864347703,42.041636589406856,6.570956939660214e-10
Aanchor_A,1.2399999340996146,0.023470453864347703,42.04163659683901,6.570930615739917e-10
Aanchor_A,1.2399999440996146,0.023470453864347703,42.041636594238334,6.570950893071651e-10
Aanchor_A,1.2446153082536364,0.019191092914679846,42.04581047992106,7.143761140445913e-10
Aanchor_A,1.2446153182536364,0.019191092914679846,42.04581049545762,7.143746598973517e-10
Aanchor_A,1.2446153282536363,0.019191092914679846,42.045810492253814,7.143741885243181e-10
Aanchor_A,1.2492306924076582,0.01471122081140329,42.04995876523952,7.713135407115974e-10
Aanchor_A,1.249230702407658,0.01471122081140329,42.0499587394071,7.713119266339846e-10
Aanchor_A,1.249230712407658,0.01471122081140329,42.04995873574516,7.713087080466422e-10
Aanchor_A,1.25384607656168,0.010164427281912834,42.05397980738479,8.264951105601998e-10
Aanchor_A,1.2538460865616798,0.010164427281912834,42.0539798167553,8.264968724144019e-10
Aanchor_A,1.2538460965616798,0.010164427281912834,42.05397981339149,8.264942513922084e-10
Aanchor_A,1.2584614607157016,0.0054486886269493225,42.05834909541584,8.864637588241442e-10
Aanchor_A,1.2584614707157016,0.0054486886269493225,42.05834911609013,8.864629082764765e-10
Aanchor_A,1.2584614807157015,0.0054486886269493225,42.05834911193842,8.864625555267441e-10
Aanchor_A,1.2630768448697234,0.0007100359329731615,42.06238432642705,9.418466602739064e-10
Aanchor_A,1.2630768548697233,0.0007100359329731615,42.06238429024431,9.41845399564286e-10
Aanchor_A,1.2630768648697233,0.0007100359329731615,42.062384286144706,9.418451665169083e-10
Aanchor_A,1.2676922290237451,-0.004436790345068688,42.06695608622483,1.004591566896497e-09
Aanchor_A,1.267692239023745,-0.004436790345068688,42.06695610360315,1.0045898703558361e-09
Aanchor_A,1.267692249023745,-0.004436790345068688,42.06695609903333,1.0045907159556032e-09
Aanchor_A,1.2723076131777669,-0.008911237006838867,42.070466904456474,1.0527763420379702e-09
Aanchor_A,1.2723076231777668,-0.008911237006838867,42.07046686505492,1.052773759269758e-09
Aanchor_A,1.2723076331777667,-0.008911237006838867,42.070466860245496,1.0527705277037714e-09
Aanchor_A,1.2769229973317886,-0.014321480921673966,42.07504157790835,1.1155608512680638e-09
Aanchor_A,1.2769230073317885,-0.014321480921673966,42.07504159377199,1.1155577094896208e-09
Aanchor_A,1.2769230173317885,-0.014321480921673966,42.07504158887445,1.115560601037424e-09
Aanchor_A,1.2815383814858103,-0.01923126804719064,42.0789470755178,1.1691565997532385e-09
Aanchor_A,1.2815383914858103,-0.01923126804719064,42.07894709511478,1.1691594454338447e-09
Aanchor_A,1.2815384014858102,-0.01923126804719064,42.07894708981294,1.1691600560017743e-09
Aanchor_A,1.286153765639832,-0.024496893477820494,42.08311343914663,1.2263432170101422e-09
Aanchor_A,1.286153775639832,-0.024496893477820494,42.08311339379424,1.2263402899148018e-09
Aanchor_A,1.286153785639832,-0.024496893477820494,42.08311338810663,1.2263407808740818e-09
Aanchor_A,1.2907691497938538,-0.029567156139132054,42.08685599711388,1.2777072642127086e-09
Aanchor_A,1.2907691597938538,-0.029567156139132054,42.0868560145285,1.2777032502562079e-09
Aanchor_A,1.2907691697938537,-0.029567156139132054,42.086856008974166,1.2777069995950703e-09
Aanchor_A,1.2953845339478756,-0.03544685717705719,42.09167605740279,1.3438619141349038e-09
Aanchor_A,1.2953845439478755,-0.03544685717705719,42.09167608397648,1.3438565817496764e-09
Aanchor_A,1.2953845539478754,-0.03544685717705719,42.0916760775648,1.3438587646313714e-09
Aanchor_A,1.1892307084053755,0.06665085721414525,41.99451154564035,1.0328295676871148e-11
Aanchor_B,0.9676923155784607,0.1403232320390296,41.78384343347528,2.880983023652633e-09
Aanchor_B,0.9699999988079071,0.14137720318821534,41.785445347775436,2.858996265337103e-09
Aanchor_B,0.9723076820373535,0.14242823100142032,41.78705410516343,2.83691790989265e-09
Aanchor_B,0.9746153652667999,0.14338262661172974,41.78877441525002,2.8133108025861743e-09
Aanchor_B,0.9769230484962463,0.14434548292401855,41.790487769427536,2.789791988229017e-09
Aanchor_B,0.9792307615280151,0.14518974253653527,41.79229380409124,2.765005794180765e-09
Aanchor_B,0.9815384745597839,0.14560920115992315,41.79463537599157,2.7328675576094296e-09
Aanchor_B,0.9838461577892303,0.14659991055321248,41.796252436726306,2.7106753151348696e-09
Aanchor_B,0.9861538410186768,0.14759302716149075,41.79787002467247,2.688473822341119e-09
Aanchor_B,0.9884615242481232,0.14810919300652828,41.79991636554486,2.6603925082235866e-09
Aanchor_B,0.9907692074775696,0.14862701205594994,41.80196334769179,2.632298570139639e-09
Aanchor_B,0.9930769205093384,0.14920532491052707,41.80384475199183,2.606476001696331e-09
Aanchor_B,0.9953846335411072,0.14974022798201636,41.80578382739726,2.5798626367645066e-09
Aanchor_B,0.9976923167705536,0.15050127434832805,41.80748899976559,2.5564627917760965e-09
Aanchor_B,1.0,0.15125509204288964,41.80920604329954,2.532894576531783e-09
Aanchor_B,1.0023077130317688,0.1518116902251084,41.81099517583706,2.5083374280511194e-09
Aanchor_B,1.0046154260635376,0.15236368406314987,41.81279307731269,2.4836674687606374e-09
Aanchor_B,1.0069230794906616,0.1526462755080566,41.8149782868424,2.4536713253959377e-09
Aanchor_B,1.0092307329177856,0.15293125740605795,41.81716338047,2.4236866622979685e-09
Aanchor_B,1.0115384459495544,0.1533409533014261,41.81906109956163,2.3976422103912264e-09
Aanchor_B,1.0138461589813232,0.15375297244804417,41.820958698954335,2.371595797244269e-09
Aanchor_B,1.016153872013092,0.15417869180812793,41.82280673011444,2.346231913102872e-09
Aanchor_B,1.0184615850448608,0.15460417343270969,41.82465723082222,2.3208337012060575e-09
Aanchor_B,1.0207692384719849,0.15450981513432524,41.826975999452316,2.289013400975039e-09
Aanchor_B,1.0230768918991089,0.1544140123685399,41.829299023583545,2.257126259298686e-09
Aanchor_B,1.0253846049308777,0.15470107159069352,41.83114766893479,2.231759598275797e-09
Aanchor_B,1.0276923179626465,0.15498987766662595,41.83299682936531,2.2063767228456827e-09
Aanchor_B,1.0300000309944153,0.15489376078346512,41.83522980355085,2.17573050465458e-09
Aanchor_B,1.032307744026184,0.15484150608907168,41.837409827967555,2.1458115740504973e-09
Aanchor_B,1.034615397453308,0.1547000498824432,41.83968707047363,2.114559817615816e-09
Aanchor_B,1.0369230508804321,0.15455952524237557,41.84196552409939,2.0832879815142425e-09
Aanchor_B,1.039230763912201,0.1545518953513708,41.84394850375812,2.056073946070719e-09
Aanchor_B,1.0415384769439697,0.1545391237946094,41.84593978853625,2.0287453431557643e-09
Aanchor_B,1.0438461899757385,0.15444148983736944,41.848019030121705,2.0002069871413388e-09
Aanchor_B,1.0461539030075073,0.1543453301641112,41.85009868874925,1.9716660205923988e-09
Aanchor_B,1.0484615564346313,0.15422887479458283,41.85210760265412,1.9440945316708876e-09
Aanchor_B,1.0507692098617554,0.1540280667807238,41.854224558554776,1.915037230727444e-09
Aanchor_B,1.0530769228935242,0.15361764502143102,41.85645372502118,1.8844471476829496e-09
Aanchor_B,1.055384635925293,0.15321100180618996,41.85867986778253,1.8538925889862284e-09
Aanchor_B,1.057692289352417,0.1528742738993741,41.860792335900406,1.8249024145167026e-09
Aanchor_B,1.059999942779541,0.15253024923386638,41.86291605714066,1.7957549542940292e-09
Aanchor_B,1.0623076558113098,0.1522064526533675,41.86503428291289,1.766680223888071e-09
Aanchor_B,1.0646153688430786,0.15188105395837626,41.86715593793902,1.7375659464812237e-09
Aanchor_B,1.0669230818748474,0.15103209353533295,41.869638401988496,1.7034962471521836e-09
Aanchor_B,1.0692307949066162,0.15018381496499347,41.87212173578782,1.6694083200273324e-09
Aanchor_B,1.0715384483337402,0.1494401404387871,41.87449918414495,1.6367802476121627e-09
Aanchor_B,1.0738461017608643,0.14869598222276914,41.87687866171656,1.6041263585087501e-09
Aanchor_B,1.076153814792633,0.14788874502513794,41.87925677182527,1.571484913048992e-09
Aanchor_B,1.0784615278244019,0.14709492516588346,41.88161919737373,1.5390648121047685e-09
Aanchor_B,1.0807692408561707,0.14660239339976353,41.88358350745631,1.5121016534309161e-09
Aanchor_B,1.0830769538879395,0.14610808610266912,41.88555124967366,1.485099340757924e-09
Aanchor_B,1.0853846073150635,0.1452688285893697,41.88781960512815,1.4539660955456013e-09
Aanchor_B,1.0876922607421875,0.14446932340608457,41.89003961955629,1.4234938474764432e-09
Aanchor_B,1.0899999737739563,0.14326100557472315,41.89259870549992,1.388372969858331e-09
Aanchor_B,1.092307686805725,0.14210918590969665,41.8950878399467,1.3542137636378198e-09
Aanchor_B,1.094615399837494,0.14142413901533255,41.89704093532197,1.3274041179839583e-09
Aanchor_B,1.0969231128692627,0.14073834734464769,41.898996102693175,1.3005748362810223e-09
Aanchor_B,1.0992307662963867,0.13957931727763387,41.90138257679035,1.2678170521119248e-09
Aanchor_B,1.1015384197235107,0.1384208448513629,41.90376948276571,1.2350599034148452e-09
Aanchor_B,1.1038461327552795,0.13712803770499285,41.906178362746935,1.2020020912288818e-09
Aanchor_B,1.1061538457870483,0.13583464048279092,41.90858894828145,1.1689186856791715e-09
Aanchor_B,1.1084615588188171,0.1347715544844682,41.91073934659419,1.1394066116437726e-09
Aanchor_B,1.110769271850586,0.13370788375792247,41.91289134588864,1.1098717114083494e-09
Aanchor_B,1.11307692527771,0.1323860876870471,41.915194408172944,1.0782594672512783e-09
Aanchor_B,1.115384578704834,0.13114015377210358,41.91740319393576,1.0479427603559568e-09
Aanchor_B,1.1176922917366028,0.12952812381936407,41.91992560758471,1.0133285944756522e-09
Aanchor_B,1.1200000047683716,0.12799301560515916,41.92235250782024,9.800167791271047e-10
Aanchor_B,1.1223077178001404,0.12666050376654395,41.924541816874374,9.49969726877504e-10
Aanchor_B,1.1246154308319092,0.12525233736709618,41.92682673016001,9.186107428301929e-10
Aanchor_B,1.1269230842590332,0.12382510256410467,41.9290412415855,8.882165853798771e-10
Aanchor_B,1.1292307376861572,0.12240427108307865,41.93124842891171,8.579257595571505e-10
Aanchor_B,1.131538450717926,0.12069236707699023,41.93370175872706,8.242579674883001e-10
Aanchor_B,1.1338461637496948,0.11898022053621585,41.93615619660193,7.905700872971326e-10
Aanchor_B,1.1361538767814636,0.1172641925984502,41.93849557228515,7.584660273552826e-10
Aanchor_B,1.1384615898132324,0.11555435445895816,41.94082782496066,7.26456658076927e-10
Aanchor_B,1.1407692432403564,0.11369339420560728,41.943294815301016,6.925992857744999e-10
Aanchor_B,1.1430768966674805,0.11183324939968986,41.94576137860356,6.58746297379159e-10
Aanchor_B,1.1453846096992493,0.10983516445459024,41.948249358858426,6.245996706790761e-10
Aanchor_B,1.147692322731018,0.10783514915061981,41.95074061389212,5.904056170277808e-10
Aanchor_B,1.1500000357627869,0.10604089974793428,41.953005173411235,5.593264594305422e-10
Aanchor_B,1.1523077487945557,0.10424663653381092,41.9552702983644,5.282418507194627e-10
Aanchor_B,1.1546154022216797,0.10240691146163286,41.957416252322076,4.98786599171514e-10
Aanchor_B,1.1569230556488037,0.10055817094505067,41.95957405553845,4.691735598980545e-10
Aanchor_B,1.1592307686805725,0.0982915400446083,41.96215360622768,4.3377142237013205e-10
Aanchor_B,1.1615384817123413,0.09602475258806367,41.96473395051156,3.9835520263370314e-10
Aanchor_B,1.1638461351394653,0.09389720562512896,41.967070606185565,3.6628848568692424e-10
Aanchor_B,1.1661537885665894,0.09175287160763361,41.96942907200089,3.339191979556133e-10
Aanchor_B,1.1684615015983582,0.08948583137046547,41.971767758571204,3.018233235072405e-10
Aanchor_B,1.170769214630127,0.08721832313697357,41.97410779169095,2.6970490330850823e-10
Aanchor_B,1.1730769276618958,0.08487458500351949,41.976547146368816,2.362255267187226e-10
Aanchor_B,1.1753846406936646,0.08253012284860456,41.97898802343654,2.0272553209045074e-10
Aanchor_B,1.1776922941207886,0.08008118500419806,41.98141153733811,1.694655009110581e-10
Aanchor_B,1.1799999475479126,0.07765353226245557,41.98380901596839,1.3656179408120632e-10
Aanchor_B,1.1823076605796814,0.07528894475432472,41.986073604733996,1.0548258076207976e-10
Aanchor_B,1.1846153736114502,0.0728953390490292,41.98837535030361,7.389262384031885e-11
Aanchor_B,1.186923086643219,0.0704004158962079,41.99072757060609,4.16067928933145e-11
Aanchor_B,1.1892307996749878,0.06790523019574637,41.993080674990004,9.313608998340612e-12
Aanchor_B,1.1915384531021118,0.06630971079678967,41.995140568219675,1.8959817529909303e-11
Aanchor_B,1.1938461065292358,0.0647233601518657,41.99719141225453,4.710327465568933e-11
Aanchor_B,1.1961538195610046,0.06282479144328758,41.999438524381496,7.794355655417834e-11
Aanchor_B,1.1984615325927734,0.060925701984283334,42.00168915592295,1.0883707526353603e-10
Aanchor_B,1.2007692456245422,0.05917794544199671,42.003740778884364,1.3698945068960263e-10
Aanchor_B,1.203076958656311,0.05742602255084571,42.00580028671886,1.6525886525946491e-10
Aanchor_B,1.205384612083435,0.05549631916763826,42.007969402030525,1.9503043940742176e-10
Aanchor_B,1.207692265510559,0.053548307151796135,42.01016389736341,2.2514938742487665e-10
Aanchor_B,1.2099999785423279,0.051660562034165414,42.01235471602536,2.552145423299723e-10
Aanchor_B,1.2123076915740967,0.04977253248704106,42.01454879077382,2.853264609110108e-10
Aanchor_B,1.2146154046058655,0.047822296376440844,42.016624302211355,3.138101307811934e-10
Aanchor_B,1.2169231176376343,0.045850957691151877,42.018728964996434,3.426981651183687e-10
Aanchor_B,1.2192307710647583,0.04380988491891872,42.02097658123685,3.7354715635590315e-10
Aanchor_B,1.2215384244918823,0.04176797282945352,42.02322783573837,4.044390951530487e-10
Aanchor_B,1.2238461375236511,0.03966019507302801,42.02537569573785,4.339193026554975e-10
Aanchor_B,1.22615385055542,0.037550769598342,42.02752833583422,4.6346377892289287e-10
Aanchor_B,1.2284615635871887,0.03548680714915095,42.02954507008897,4.911398299289727e-10
Aanchor_B,1.2307692766189575,0.03342313194249286,42.03156416332536,5.18853219746706e-10
Aanchor_B,1.2330769300460815,0.0313468923076406,42.0336843279422,5.479508338898199e-10
Aanchor_B,1.2353845834732056,0.029269291419644235,42.035808674121824,5.771091785493399e-10
Aanchor_B,1.2376922965049744,0.027004922680831243,42.03799999653379,6.071840494812775e-10
Aanchor_B,1.2400000095367432,0.024739381974510023,42.04019558862302,6.373185285868701e-10
Aanchor_B,1.242307722568512,0.022620885145635997,42.04225495902855,6.655774191338527e-10
Aanchor_B,1.2446154356002808,0.020505076672879905,42.044313293718325,6.938293503170722e-10
Aanchor_B,1.2469230890274048,0.01824541001900127,42.04641120518086,7.226197572327496e-10
Aanchor_B,1.2492307424545288,0.015987556656673226,42.048509449991066,7.514180513366895e-10
Aanchor_B,1.2515384554862976,0.01371940115677727,42.05051217252632,7.789027852568744e-10
Aanchor_B,1.2538461685180664,0.011498109841556003,42.05245909967302,8.056270697164027e-10
Aanchor_B,1.2561538815498352,0.009136219204461598,42.0546478438651,8.356621263624943e-10
Aanchor_B,1.258461594581604,0.0067322358476640766,42.056891682724995,8.664625642542328e-10
Aanchor_B,1.260769248008728,0.004411807777295062,42.05884659403782,8.932931822275387e-10
Aanchor_B,1.263076901435852,0.002037208328588674,42.060872087954166,9.210877461454273e-10
Aanchor_B,1.2653846144676208,-0.000534288549380404,42.06315451604855,9.524148863935243e-10
Aanchor_B,1.2676923274993896,-0.0031039716158136176,42.065437474602376,9.83750989261566e-10
Aanchor_B,1.2699999809265137,-0.00533764100318996,42.0671872910684,1.0077591960504268e-09
Aanchor_B,1.2723076343536377,-0.0075750823078223955,42.06894446048373,1.0318806753178451e-09
Aanchor_B,1.2746153473854065,-0.01027433476249491,42.07122352304599,1.0631591616796027e-09
Aanchor_B,1.2769230604171753,-0.01297797684519578,42.07351083977619,1.0945495175763987e-09
Aanchor_B,1.279230773448944,-0.015429664061492297,42.07545845129137,1.1212829185653686e-09
Aanchor_B,1.281538486480713,-0.017885134650459534,42.07741322444062,1.1481094462882325e-09
Aanchor_B,1.283846139907837,-0.02051314610698699,42.0794893334772,1.1766029291654919e-09
Aanchor_B,1.286153793334961,-0.023141440823648406,42.0815685260408,1.2051379748776009e-09
Aanchor_B,1.2884615063667297,-0.02568714308294836,42.083451823643536,1.230983014352764e-09
Aanchor_B,1.2907692193984985,-0.028210403095683578,42.08530947565107,1.2564786958610767e-09
Aanchor_B,1.2930769324302673,-0.03114128402517565,42.08770749132733,1.2893907943941282e-09
Aanchor_B,1.2953846454620361,-0.034081819528142585,42.09012012529803,1.3225052588764042e-09
Aanchor_B,1.2976922988891602,-0.03692933877029252,42.09221575834012,1.3512674266782078e-09
Aanchor_B,1.2999999523162842,-0.039764785334340476,42.09429904306031,1.3798600755454597e-09
Aanchor_B,0.9665384739637375,0.1396831909986624,41.783105861685016,2.8911033471472475e-09
Aanchor_B,0.9676923155784607,0.14032324777683447,41.78384341374896,2.88098159319328e-09
Aanchor_B,0.9688461571931839,0.14085184494434483,41.784641959901954,2.8700259314684153e-09
Aanchor_B,0.9699999988079071,0.14137720616604657,41.7854453440429,2.8589995062383e-09
Aanchor_B,0.9711538404226303,0.14190266719213832,41.78624938567725,2.847964245511584e-09
Aanchor_B,0.9723076820373535,0.14242823169905902,41.78705410428898,2.8369164575089593e-09
Aanchor_B,0.9734615236520767,0.14290719717051015,41.78791159128805,2.8251519164304077e-09
Aanchor_B,0.9746153652667999,0.14338262410826536,41.788774418388016,2.8133066584876674e-09
Aanchor_B,0.9757692068815231,0.14386356644836137,41.78963123837189,2.801547106323016e-09
Aanchor_B,0.9769230484962463,0.14434548921060886,41.79048776154749,2.789795133278385e-09
Aanchor_B,0.9780769050121307,0.14474544118294688,41.79141826193137,2.7770255078156484e-09
Aanchor_B,0.9792307615280151,0.14518973077752798,41.7922938188309,2.7650089205894835e-09
Aanchor_B,0.9803846180438995,0.145210531083849,41.793701029868274,2.7456949022780974e-09
Aanchor_B,0.9815384745597839,0.1456092017261868,41.794635375281494,2.7328701387481814e-09
Aanchor_B,0.9826923161745071,0.14610714065247657,41.79544021465548,2.721825175944515e-09
Aanchor_B,0.9838461577892303,0.14659989573012377,41.796252455314004,2.7106743998413144e-09
Aanchor_B,0.9849999994039536,0.1470991980917748,41.79705737577776,2.6996301722582964e-09
Aanchor_B,0.9861538410186768,0.14759302530361856,41.797870027002084,2.688473370406867e-09
Aanchor_B,0.9873076826334,0.14785150686956292,41.79889235803165,2.674447592180549e-09
Aanchor_B,0.9884615242481232,0.1481092017121116,41.79991635462854,2.6603937565854662e-09
Aanchor_B,0.9896153658628464,0.14836713892120998,41.800940717677115,2.6463330916570415e-09
Aanchor_B,0.9907692074775696,0.1486270008500136,41.80196336174345,2.632299460031181e-09
Aanchor_B,0.991923063993454,0.14891596716762479,41.802903893598206,2.6193908347278357e-09
Aanchor_B,0.9930769205093384,0.14920532538842476,41.803844751392575,2.606472842104943e-09
Aanchor_B,0.9942307770252228,0.1494950889436365,41.804785919804495,2.5935571995230235e-09
Aanchor_B,0.9953846335411072,0.1497402108609877,41.805783848866895,2.5798595686511213e-09
Aanchor_B,0.9965384751558304,0.15012053438433556,41.80663633757684,2.5681636208145363e-09
Aanchor_B,0.9976923167705536,0.15050128543389865,41.8074889858643,2.55645952499262e-09
Aanchor_B,0.9988461583852768,0.15088238397634743,41.80834189521502,2.5447573432707982e-09
Aanchor_B,1.0,0.1512550926022369,41.809206042598106,2.532897066403032e-09
Aanchor_B,1.0011538565158844,0.15153898901280496,41.81009321107497,2.5207190762082016e-09
Aanchor_B,1.0023077130317688,0.1518116907633851,41.81099517516205,2.508341846764036e-09
Aanchor_B,1.0034615695476532,0.1520875176579887,41.81189398070392,2.496005473139207e-09
Aanchor_B,1.0046154260635376,0.15236366158318115,41.812793105502905,2.4836633624011735e-09
Aanchor_B,1.0057692527770996,0.15250470159950805,41.81388568193169,2.4686700950188155e-09
Aanchor_B,1.0069230794906616,0.15264626400444864,41.81497830126815,2.453674947138131e-09
Aanchor_B,1.0080769062042236,0.15278845487957646,41.816070831631194,2.4386756110564484e-09
Aanchor_B,1.0092307329177856,0.15293125028632285,41.81716338939833,2.423682790457067e-09
Aanchor_B,1.01038458943367,0.15313599415185775,41.81811202522002,2.4106646012321958e-09
Aanchor_B,1.0115384459495544,0.1533409519887299,41.819061101207794,2.3976381126118717e-09
Aanchor_B,1.0126923024654388,0.15354760107786816,41.820008765612386,2.384633557201008e-09
Aanchor_B,1.0138461589813232,0.15375297295311155,41.820958698320965,2.3715951142498777e-09
Aanchor_B,1.0150000154972076,0.15396585978878063,41.82188240352038,2.3589216624304886e-09
Aanchor_B,1.016153872013092,0.15417872201590677,41.82280669223267,2.3462353633000784e-09
Aanchor_B,1.0173077285289764,0.15439146086709252,41.82373168934669,2.3335390595601427e-09
Aanchor_B,1.0184615850448608,0.1546041705734509,41.82465723440786,2.3208347257239232e-09
Aanchor_B,1.0196154117584229,0.15455704487878033,41.82581625610584,2.304927607257245e-09
Aanchor_B,1.0207692384719849,0.15450981137927314,41.82697600416133,2.289008714486881e-09
Aanchor_B,1.0219230651855469,0.15446246965390184,41.82813648013096,2.273083616289452e-09
Aanchor_B,1.0230768918991089,0.15441400914220182,41.82929902762954,2.257126713461336e-09
Aanchor_B,1.0242307484149933,0.15455730316447489,41.830223303009376,2.244447091558161e-09
Aanchor_B,1.0253846049308777,0.1547010717012854,41.831147668796106,2.2317560508680546e-09
Aanchor_B,1.026538461446762,0.15484525806998314,41.832072197077004,2.2190665539567626e-09
Aanchor_B,1.0276923179626465,0.15498987739651807,41.83299682970404,2.2063784412574267e-09
Aanchor_B,1.0288461744785309,0.15491998991210992,41.83414042977043,2.1906821319465333e-09
Aanchor_B,1.0300000309944153,0.15489376133765015,41.835229802855864,2.1757360081167207e-09
Aanchor_B,1.0311538875102997,0.15486759993234742,41.83631961493993,2.1607771850769855e-09
Aanchor_B,1.032307744026184,0.15484150665962446,41.837409827252046,2.1458107715494735e-09
Aanchor_B,1.033461570739746,0.15477066151061894,41.83854830701957,2.13018943435863e-09
Aanchor_B,1.034615397453308,0.15470005059109415,41.83968706958494,2.1145561440542483e-09
Aanchor_B,1.0357692241668701,0.15462967363637878,41.840826115970415,2.0989230402153386e-09
Aanchor_B,1.0369230508804321,0.1545595259967379,41.84196552315338,2.083286143420774e-09
Aanchor_B,1.0380769073963165,0.15455571141849322,41.842956774966304,2.069685661888179e-09
Aanchor_B,1.039230763912201,0.1545518958967212,41.843948503074216,2.056070955711404e-09
Aanchor_B,1.0403846204280853,0.1545429627900049,41.844947122418546,2.042370233956879e-09
Aanchor_B,1.0415384769439697,0.15453912432238145,41.845939787874386,2.0287458041657254e-09
Aanchor_B,1.0426923334598541,0.1544902259582735,41.84697922358665,2.0144789099514604e-09
Aanchor_B,1.0438461899757385,0.1544414902707494,41.84801902957822,2.0002064112625373e-09
Aanchor_B,1.045000046491623,0.15439291717736495,41.84905920674691,1.985930128576694e-09
Aanchor_B,1.0461539030075073,0.1543453664302842,41.8500986432691,1.971668011136084e-09
Aanchor_B,1.0473077297210693,0.1542429761400591,41.85115818525559,1.9571228739840618e-09
Aanchor_B,1.0484615564346313,0.15422887455430595,41.85210760295541,1.9440954550554758e-09
Aanchor_B,1.0496153831481934,0.15412841774521516,41.85316586135421,1.929570084514596e-09
Aanchor_B,1.0507692098617554,0.15402805693185945,41.854224570904385,1.91504068905659e-09
Aanchor_B,1.0519230663776398,0.1538229058953731,41.85533885993258,1.8997438461832314e-09
Aanchor_B,1.0530769228935242,0.15361764596769914,41.85645372383465,1.8844426402579545e-09
Aanchor_B,1.0542307794094086,0.15341227131887833,41.857569170560254,1.8691378598338773e-09
Aanchor_B,1.055384635925293,0.15321100172439414,41.858679867885094,1.8538916637176454e-09
Aanchor_B,1.056538462638855,0.15304683160603244,41.85973053255791,1.8394737248248336e-09
Aanchor_B,1.057692289352417,0.15287427392521516,41.860792335868,1.8249004464440627e-09
Aanchor_B,1.058846116065979,0.1527020688800537,41.8618541908786,1.810323658677595e-09
Aanchor_B,1.059999942779541,0.15253026124081726,41.862916042080954,1.7957550790868704e-09
Aanchor_B,1.0611537992954254,0.15236666875629556,41.86397709728569,1.781191322526572e-09
Aanchor_B,1.0623076558113098,0.15220645288109647,41.865034282627256,1.7666838185052495e-09
Aanchor_B,1.0634615123271942,0.15204319259141277,41.866095638089526,1.7521154605545987e-09
Aanchor_B,1.0646153688430786,0.1518810670714033,41.86715592149062,1.7375652598233955e-09
Aanchor_B,1.065769225358963,0.15145646301354124,41.86839709029099,1.7205295559103026e-09
Aanchor_B,1.0669230818748474,0.15103207716494052,41.869638422522776,1.70349472664216e-09
Aanchor_B,1.0680769383907318,0.15060784355004997,41.870880001506016,1.6864501399884469e-09
Aanchor_B,1.0692307949066162,0.15018381620662952,41.87212173423037,1.6694093661704582e-09
Aanchor_B,1.0703846216201782,0.14981204918872712,41.87331019263061,1.6530968865798607e-09
Aanchor_B,1.0715384483337402,0.14944015494189034,41.874499165952955,1.6367801411960887e-09
Aanchor_B,1.0726922750473022,0.14906812600121927,41.875688663853005,1.6204585311805469e-09
Aanchor_B,1.0738461017608643,0.1486959640472602,41.87687868451502,1.6041218111935141e-09
Aanchor_B,1.0749999582767487,0.14828542431635675,41.878076292944456,1.587687276640836e-09
Aanchor_B,1.076153814792633,0.14788873938831493,41.87925677889585,1.5714865383179229e-09
Aanchor_B,1.0773076713085175,0.14749190783045885,41.88043775335128,1.5552801108282802e-09
Aanchor_B,1.0784615278244019,0.1470949440888328,41.88161917363761,1.5390643584666328e-09
Aanchor_B,1.0796153843402863,0.14684864983137952,41.88260121085662,1.5255856738416717e-09
Aanchor_B,1.0807692408561707,0.14660239756511328,41.88358350223148,1.512101306537492e-09
Aanchor_B,1.081923097372055,0.14635618440325351,41.88456605169228,1.4986189332683285e-09
Aanchor_B,1.0830769538879395,0.14610808568205605,41.88555125020126,1.485094210956253e-09
Aanchor_B,1.0842307806015015,0.14566651115246107,41.88671279456862,1.4691553362691404e-09
Aanchor_B,1.0853846073150635,0.1452688194752724,41.88781961656067,1.4539677234922565e-09
Aanchor_B,1.0865384340286255,0.14487110653967666,41.88892685008345,1.4387701928657544e-09
Aanchor_B,1.0876922607421875,0.14446930870073274,41.890039638002015,1.4234971083079035e-09
Aanchor_B,1.088846117258072,0.14388962007915762,41.89128835999406,1.406359902470578e-09
Aanchor_B,1.0899999737739563,0.14326100547987508,41.8925987056189,1.3883743711037065e-09
Aanchor_B,1.0911538302898407,0.14269044446059242,41.893836440566616,1.3713842682614891e-09
Aanchor_B,1.092307686805725,0.14210918560192684,41.8950878403328,1.3542101431036177e-09
Aanchor_B,1.0934615433216095,0.1417667567363257,41.896064124803985,1.3408150843459676e-09
Aanchor_B,1.094615399837494,0.1414241385227785,41.89704093593987,1.3274105464925605e-09
Aanchor_B,1.0957692563533783,0.1410813309268562,41.89801827404787,1.313994529337702e-09
Aanchor_B,1.0969231128692627,0.14073834670566024,41.89899610349479,1.3005700394276969e-09
Aanchor_B,1.0980769395828247,0.14015873470744586,41.90018932472705,1.2841997830633325e-09
Aanchor_B,1.0992307662963867,0.13957932883004517,41.901382562297904,1.267819047858858e-09
Aanchor_B,1.1003845930099487,0.13900003659471086,41.90257593234161,1.251443334714889e-09
Aanchor_B,1.1015384197235107,0.13842085557769213,41.903769469309616,1.235058972124201e-09
Aanchor_B,1.1026922762393951,0.13777452705047896,41.904973692799686,1.2185352788288002e-09
Aanchor_B,1.1038461327552795,0.13712804422342942,41.906178354569626,1.202000337573991e-09
Aanchor_B,1.104999989271164,0.13648140740726125,41.90738345442467,1.1854611655039324e-09
Aanchor_B,1.1061538457870483,0.13583464026945985,41.908588948549074,1.168914585076503e-09
Aanchor_B,1.1073077023029327,0.1353031276856891,41.909663999416125,1.154158869538716e-09
Aanchor_B,1.1084615588188171,0.1347715836747679,41.91073930997545,1.139401468454987e-09
Aanchor_B,1.1096154153347015,0.13423991244566938,41.91181500053157,1.1246437363689516e-09
Aanchor_B,1.110769271850586,0.13370787292837544,41.91289135947408,1.1098702994694973e-09
Aanchor_B,1.111923098564148,0.13304711706528907,41.914042602249246,1.0940670284521752e-09
Aanchor_B,1.11307692527771,0.13238608903040042,41.91519440648774,1.0782563000933664e-09
Aanchor_B,1.114230751991272,0.13172486284431356,41.91634667951004,1.0624463557785846e-09
Aanchor_B,1.115384578704834,0.13114014277093317,41.91740320773631,1.0479441644239595e-09
Aanchor_B,1.1165384352207184,0.13029573571901282,41.91871245691154,1.0299766058775032e-09
Aanchor_B,1.1176922917366028,0.12952812490203383,41.919925606226535,1.013326834209133e-09
Aanchor_B,1.1188461482524872,0.1287605427070806,41.92113897061529,9.966756741575178e-10
Aanchor_B,1.1200000047683716,0.12799301645115124,41.92235250675897,9.800177183669282e-10
Aanchor_B,1.121153861284256,0.1272878108408204,41.923495940906335,9.643258265940424e-10
Aanchor_B,1.1223077178001404,0.12666052131837505,41.92454179485634,9.499730216790174e-10
Aanchor_B,1.1234615743160248,0.1259563912905386,41.925684219227556,9.34291894887844e-10
Aanchor_B,1.1246154308319092,0.12525231896586966,41.92682675324349,9.186120281340607e-10
Aanchor_B,1.1257692575454712,0.12453545727038222,41.92793799259661,9.033597481857107e-10
Aanchor_B,1.1269230842590332,0.12382508209628829,41.92904126726153,8.882219839621469e-10
Aanchor_B,1.1280769109725952,0.12311472813086931,41.93014468927792,8.730778394743736e-10
Aanchor_B,1.1292307376861572,0.12240431734736752,41.93124837087503,8.57930478663404e-10
Aanchor_B,1.1303845942020416,0.12154835968632999,41.932474941750975,8.41091859150083e-10
Aanchor_B,1.131538450717926,0.12069237985026988,41.93370174270359,8.242545620658041e-10
Aanchor_B,1.1326923072338104,0.11983631299859558,41.934928855159924,8.074116196086243e-10
Aanchor_B,1.1338461637496948,0.11898021387680247,41.9361562049558,7.905732601025307e-10
Aanchor_B,1.1350000202655792,0.1181189554887112,41.93732988195883,7.744633061742631e-10
Aanchor_B,1.1361538767814636,0.11726418899212189,41.938495576809096,7.584639094116425e-10
Aanchor_B,1.137307733297348,0.11640931327525776,41.93966156984421,7.424624799487864e-10
Aanchor_B,1.1384615898132324,0.1155543590643355,41.940827819183475,7.264537192380122e-10
Aanchor_B,1.1396154165267944,0.11462340805407592,41.942061831236984,7.095163906384601e-10
Aanchor_B,1.1407692432403564,0.11369335885575124,41.94329485964545,6.925958634816369e-10
Aanchor_B,1.1419230699539185,0.11276332484747591,41.94452801690471,6.756713992138147e-10
Aanchor_B,1.1430768966674805,0.11183324389480036,41.945761385509144,6.587409989001862e-10
Aanchor_B,1.1442307531833649,0.1108343436035405,41.94700509069758,6.416730026471851e-10
Aanchor_B,1.1453846096992493,0.10983515516853183,41.948249370507234,6.245988445502837e-10
Aanchor_B,1.1465384662151337,0.1088357836933187,41.9494940931629,6.075157275002586e-10
Aanchor_B,1.147692322731018,0.10783513828747744,41.95074062751924,5.904098493545562e-10
Aanchor_B,1.1488461792469025,0.10693803619402904,41.951872810375534,5.748696887917031e-10
Aanchor_B,1.1500000357627869,0.10604090097042271,41.953005171877706,5.593257536929672e-10
Aanchor_B,1.1511538922786713,0.10514375913646586,41.954137678765555,5.437820454215257e-10
Aanchor_B,1.1523077487945557,0.10424664187391214,41.95527029166561,5.282379677259654e-10
Aanchor_B,1.1534615755081177,0.10333700096440374,41.95633035162678,5.136891075693613e-10
Aanchor_B,1.1546154022216797,0.10240691038586361,41.95741625367154,4.987882470533774e-10
Aanchor_B,1.1557692289352417,0.10148856283632013,41.95848753332035,4.840853129050355e-10
Aanchor_B,1.1569230556488037,0.10055813792240438,41.95957409696344,4.691747308803869e-10
Aanchor_B,1.158076912164688,0.09942488400131068,41.9608637210937,4.5146911337036913e-10
Aanchor_B,1.1592307686805725,0.09829154322041421,41.96215360224383,4.337674201929163e-10
Aanchor_B,1.160384625196457,0.09715818426436475,41.96344365430112,4.1606494855977214e-10
Aanchor_B,1.1615384817123413,0.09602477121448182,41.96473392714596,3.983573245772738e-10
Aanchor_B,1.1626923084259033,0.09495244501266271,41.965912888321874,3.821768565910645e-10
Aanchor_B,1.1638461351394653,0.09389720223498875,41.967070610438256,3.662860134344994e-10
Aanchor_B,1.1649999618530273,0.09282504554238254,41.96824974063188,3.5010569424881717e-10
Aanchor_B,1.1661537885665894,0.09175287762041297,41.969429064458275,3.339181395957933e-10
Aanchor_B,1.1673076450824738,0.09061911771760667,41.97059861435956,3.178676221974196e-10
Aanchor_B,1.1684615015983582,0.08948583221347475,41.97176775751372,3.0181943964415805e-10
Aanchor_B,1.1696153581142426,0.08835205837364479,41.97293770001024,2.857639260896656e-10
Aanchor_B,1.170769214630127,0.08721831723240679,41.97410779909773,2.69703372495845e-10
Aanchor_B,1.1719230711460114,0.08604654274302348,41.97532728216802,2.529690428095528e-10
Aanchor_B,1.1730769276618958,0.08487457230330113,41.97654716230014,2.3622470184620027e-10
Aanchor_B,1.1742307841777802,0.08370241451546119,41.97776742871717,2.1947964815971566e-10
Aanchor_B,1.1753846406936646,0.08253014426661323,41.97898799656954,2.0272494580149402e-10
Aanchor_B,1.1765384674072266,0.08129488634710122,41.9802132018599,1.8590872480834744e-10
Aanchor_B,1.1776922941207886,0.08008118487856246,41.98141153749571,1.6946644178133738e-10
Aanchor_B,1.1788461208343506,0.0788674296123339,41.98261011250175,1.5301154759457018e-10
Aanchor_B,1.1799999475479126,0.07765353897422177,41.98380900754903,1.3655944240741206e-10
Aanchor_B,1.181153804063797,0.0764727061808147,41.984939380632696,1.2104624409035412e-10
Aanchor_B,1.1823076605796814,0.07528894330354209,41.98607360655389,1.0548105211718175e-10
Aanchor_B,1.1834615170955658,0.07408022116120103,41.98723932623137,8.948088089288211e-11
Aanchor_B,1.1846153736114502,0.07289533875125859,41.988375350677146,7.389133064561157e-11
Aanchor_B,1.1857692301273346,0.0716479157207421,41.98955134492137,5.77521833382766e-11
Aanchor_B,1.186923086643219,0.0704004159762582,41.99072757050567,4.160961379780755e-11
Aanchor_B,1.1880769431591034,0.06915285173571128,41.991904012152936,2.5458448170392082e-11
Aanchor_B,1.1892307996749878,0.06790523591106809,41.993080667820514,9.313373994463897e-12
Aanchor_B,1.1903846263885498,0.06710780970906133,41.99410989143267,4.815733062685958e-12
Aanchor_B,1.1915384531021118,0.06630971111027155,41.99514056782643,1.8959229696675932e-11
Aanchor_B,1.1926922798156738,0.06552130244542861,41.996159699029235,3.2948882292226264e-11
Aanchor_B,1.1938461065292358,0.06472336038918947,41.99719141195683,4.710762667577649e-11
Aanchor_B,1.1949999630451202,0.06377412679084074,41.998314547033495,6.251880761400311e-11
Aanchor_B,1.1961538195610046,0.06282480397888052,41.99943850865634,7.794343927293779e-11
Aanchor_B,1.197307676076889,0.061875309126373,42.00056340204252,9.338237891472254e-11
Aanchor_B,1.1984615325927734,0.060925709627871194,42.00168914633448,1.0883789987069008e-10
Aanchor_B,1.1996153891086578,0.060049956332884534,42.002716978347536,1.2293888528823472e-10
Aanchor_B,1.2007692456245422,0.059177945773146244,42.00374077846895,1.3698921504569418e-10
Aanchor_B,1.2019231021404266,0.058302021559034176,42.00477015325662,1.511198706573079e-10
Aanchor_B,1.203076958656311,0.05742602296281019,42.00580028620207,1.6525709662023833e-10
Aanchor_B,1.204230785369873,0.05646959239488057,42.00687400518642,1.7999807284824546e-10
Aanchor_B,1.205384612083435,0.05549631946702227,42.00796940165497,1.9502571841097245e-10
Aanchor_B,1.206538438796997,0.054522587633391816,42.00906599725514,2.1007602354431188e-10
Aanchor_B,1.207692265510559,0.05354830123501089,42.01016390478556,2.2514607897015957e-10
Aanchor_B,1.2088461220264435,0.052604414130981755,42.011258970451216,2.401755985905958e-10
Aanchor_B,1.2099999785423279,0.05166053930523648,42.01235474453708,2.552111121171385e-10
Aanchor_B,1.2111538350582123,0.050716361030785306,42.013451623379254,2.7026893187567146e-10
Aanchor_B,1.2123076915740967,0.04977253444924259,42.01454878831238,2.8532385939345574e-10
Aanchor_B,1.213461548089981,0.04880458045928487,42.01557720956975,2.9944368013284666e-10
Aanchor_B,1.2146154046058655,0.04782228960166426,42.01662431070987,3.138139156956111e-10
Aanchor_B,1.2157692611217499,0.046819435092568154,42.0176978522456,3.285440121743451e-10
Aanchor_B,1.2169231176376343,0.045850938309853546,42.01872898930892,3.426987541129921e-10
Aanchor_B,1.2180769443511963,0.04483049403033321,42.01985235797887,3.5811721613413033e-10
Aanchor_B,1.2192307710647583,0.04380992562484028,42.02097653017387,3.735438459868356e-10
Aanchor_B,1.2203845977783203,0.04278906243135835,42.022101721095275,3.8898753128249854e-10
Aanchor_B,1.2215384244918823,0.04176797129466296,42.023227837663676,4.0444122889970973e-10
Aanchor_B,1.2226922810077667,0.04071428885089538,42.024301171338614,4.1917258756828336e-10
Aanchor_B,1.2238461375236511,0.03966018593895685,42.02537570719611,4.339174028464136e-10
Aanchor_B,1.2249999940395355,0.038605661386598315,42.026451448024176,4.486853159167425e-10
Aanchor_B,1.22615385055542,0.03755077298984591,42.0275283315797,4.634665100205292e-10
Aanchor_B,1.2273077070713043,0.03651881383727169,42.02853633311528,4.772987221952424e-10
Aanchor_B,1.2284615635871887,0.035486801944614635,42.02954507661789,4.911410167405811e-10
Aanchor_B,1.2296154201030731,0.034455206006021394,42.03055397576103,5.049903144598969e-10
Aanchor_B,1.2307692766189575,0.033423132223842335,42.031564162972415,5.188513180504716e-10
Aanchor_B,1.2319231033325195,0.03238517339704117,42.03262373266082,5.33397691678628e-10
Aanchor_B,1.2330769300460815,0.03134689275457504,42.03368432738153,5.479508339914414e-10
Aanchor_B,1.2342307567596436,0.030308289138928895,42.03474594976487,5.625205220119101e-10
Aanchor_B,1.2353845834732056,0.02926929191067476,42.035808673505834,5.771042993178396e-10
Aanchor_B,1.23653843998909,0.028137259039684177,42.03690379682175,5.921376456404466e-10
Aanchor_B,1.2376922965049744,0.02700492321572434,42.037999995862776,6.071835733657113e-10
Aanchor_B,1.2388461530208588,0.025872284055816683,42.039097272369915,6.222450896622654e-10
Aanchor_B,1.2400000095367432,0.024739382618267112,42.04019558781543,6.373174567048223e-10
Aanchor_B,1.2411538660526276,0.023680317552191393,42.0412247527152,6.514408203069467e-10
Aanchor_B,1.242307722568512,0.02262088592755766,42.042254958047636,6.655823058796008e-10
Aanchor_B,1.2434615790843964,0.021561052863541708,42.04328624862525,6.797364482093506e-10
Aanchor_B,1.2446154356002808,0.020505078750460336,42.044313291112005,6.938282776579126e-10
Aanchor_B,1.2457692623138428,0.019375468605298013,42.04536163538082,7.08217843844587e-10
Aanchor_B,1.2469230890274048,0.018245401645841503,42.04641121568505,7.226202320966571e-10
Aanchor_B,1.2480769157409668,0.017118543968212274,42.047457434114754,7.369804772855401e-10
Aanchor_B,1.2492307424545288,0.015987582119744603,42.04850941804748,7.51414715042867e-10
Aanchor_B,1.2503845989704132,0.014853541361464273,42.04951036024709,7.651536489584193e-10
Aanchor_B,1.2515384554862976,0.01371940798925357,42.05051216395491,7.789069688968794e-10
Aanchor_B,1.252692312002182,0.012585095650537677,42.05151493867228,7.926696605762291e-10
Aanchor_B,1.2538461685180664,0.011498109613352783,42.05245909995928,8.056280256779788e-10
Aanchor_B,1.2550000250339508,0.010307379749870369,42.05356546333045,8.20809520840098e-10
Aanchor_B,1.2561538815498352,0.009136235860642317,42.054647822971695,8.356682315713162e-10
Aanchor_B,1.2573077380657196,0.007918868175905085,42.05578873689017,8.513261391345358e-10
Aanchor_B,1.258461594581604,0.006732232776634776,42.056891686577686,8.664592119169081e-10
Aanchor_B,1.259615421295166,0.005593628206562913,42.057841704669755,8.795015580439217e-10
Aanchor_B,1.260769248008728,0.004411807530133444,42.05884659434786,8.932942599850008e-10
Aanchor_B,1.26192307472229,0.0032296402414298646,42.05985258555269,9.070978846964102e-10
Aanchor_B,1.263076901435852,0.002037220143544432,42.06087207313317,9.210917051431082e-10
Aanchor_B,1.2642307579517365,0.0007525420173231176,42.062011597291324,9.367303440375126e-10
Aanchor_B,1.2653846144676208,-0.0005342858450910294,42.06315451265621,9.524153670410444e-10
Aanchor_B,1.2665384709835052,-0.0018191353079334014,42.064295645051864,9.680779413188811e-10
Aanchor_B,1.2676923274993896,-0.0031039973536186507,42.065437506888586,9.837512186678687e-10
Aanchor_B,1.2688461542129517,-0.0042219659128974575,42.06631350608856,9.957723186266103e-10
Aanchor_B,1.2699999809265137,-0.0053376406859541575,42.067187290670454,1.0077657975432221e-09
Aanchor_B,1.2711538076400757,-0.006456181260225333,42.06806533426748,1.0198149834947633e-09
Aanchor_B,1.2723076343536377,-0.00757508208271132,42.06894446020134,1.0318783936542615e-09
Aanchor_B,1.273461490869522,-0.008924575488581311,42.07008348385495,1.0475102864063367e-09
Aanchor_B,1.2746153473854065,-0.010274313271113408,42.07122349608612,1.0631580894789962e-09
Aanchor_B,1.275769203901291,-0.011624399215825346,42.07236462826135,1.0788217932362758e-09
Aanchor_B,1.2769230604171753,-0.012977991185074401,42.073510857765044,1.0945509544397716e-09
Aanchor_B,1.2780769169330597,-0.014203444306542065,42.07448387505251,1.1079072760302403e-09
Aanchor_B,1.279230773448944,-0.015429665885667987,42.075458453579756,1.1212821957436044e-09
Aanchor_B,1.2803846299648285,-0.016657563775993048,42.07643573393555,1.134692155855344e-09
Aanchor_B,1.281538486480713,-0.017885138492275132,42.07741322926016,1.148109925963531e-09
Aanchor_B,1.282692313194275,-0.0191990684533405,42.078450842136256,1.1623508684774065e-09
Aanchor_B,1.283846139907837,-0.02051316471100824,42.07948935681598,1.1766018359261663e-09
Aanchor_B,1.284999966621399,-0.021826854716640913,42.08052805256747,1.1908592813549066e-09
Aanchor_B,1.286153793334961,-0.023141422315456336,42.08156850282207,1.205139069061615e-09
Aanchor_B,1.2873076498508453,-0.024401458203692553,42.082493775691084,1.2178342352520714e-09
Aanchor_B,1.2884615063667297,-0.025687140819772532,42.083451820804385,1.2309871168353247e-09
Aanchor_B,1.2896153628826141,-0.026948484611203555,42.08437995153195,1.243720891689316e-09
Aanchor_B,1.2907692193984985,-0.028210406661555158,42.085309480124515,1.2564791768351311e-09
Aanchor_B,1.291923075914383,-0.029675739313772133,42.086508036181804,1.2729293910322271e-09
Aanchor_B,1.2930769324302673,-0.031141294833953705,42.08770750488721,1.2893916340742616e-09
Aanchor_B,1.2942307889461517,-0.03261617250669018,42.088919280422424,1.3060216659056047e-09
Aanchor_B,1.2953846454620361,-0.03408181229259984,42.0901201162206,1.3225050211417474e-09
Aanchor_B,1.2965384721755981,-0.035512291762285736,42.091176021046785,1.336996789597238e-09
Aanchor_B,1.2976922988891602,-0.03692935255887175,42.09221577563876,1.3512645173863095e-09
Aanchor_B,1.2988461256027222,-0.038346823414978234,42.09325674874582,1.3655499867897466e-09
Aanchor_B,1.2999999523162842,-0.03976479826077709,42.09429905927746,1.3798599472001551e-09
Aanchor_B,1.1892307301227698,0.06790528396927371,41.993080605810626,9.31537158601856e-12
Aanchor_B,0.9676922590123319,0.14032324777683447,41.783843314620604,2.8809884627085998e-09
Aanchor_B,0.967692269012332,0.14032324777683447,41.783843354798066,2.8809813169570873e-09
Aanchor_B,0.967692279012332,0.14032324777683447,41.78384336745767,2.880983669524484e-09
Aanchor_B,0.9723076431663537,0.14242823169905902,41.78705403252461,2.8369226533438133e-09
Aanchor_B,0.9723076531663537,0.14242823169905902,41.78705406782262,2.8369173218846684e-09
Aanchor_B,0.9723076631663538,0.14242823169905902,41.78705408045341,2.8369219154266806e-09
Aanchor_B,0.9769230273203754,0.14434548921060886,41.790487712327774,2.789796438130462e-09
Aanchor_B,0.9769230373203754,0.14434548921060886,41.79048774768257,2.7897954650816965e-09
Aanchor_B,0.9769230473203755,0.14434548921060886,41.79048776008869,2.789796029323668e-09
Aanchor_B,0.9815384114743971,0.1456092017261868,41.7946353489518,2.7328697938715473e-09
Aanchor_B,0.9815384214743972,0.1456092017261868,41.79463530954668,2.732874128132289e-09
Aanchor_B,0.9815384314743972,0.1456092017261868,41.794635321929526,2.7328709960110185e-09
Aanchor_B,0.9861537956284189,0.14759302530361856,41.797869948692934,2.6884774731267463e-09
Aanchor_B,0.9861538056284189,0.14759302530361856,41.79786998571488,2.688477036118174e-09
Aanchor_B,0.986153815628419,0.14759302530361856,41.79786999738115,2.6884731127100893e-09
Aanchor_B,0.9907691797824406,0.1486270008500136,41.801963308683256,2.6322975981928856e-09
Aanchor_B,0.9907691897824407,0.1486270008500136,41.8019633417692,2.632297079561613e-09
Aanchor_B,0.9907691997824407,0.1486270008500136,41.8019633530572,2.632294718527396e-09
Aanchor_B,0.9953845639364624,0.1497402108609877,41.805783817525445,2.579861243754489e-09
Aanchor_B,0.9953845739364624,0.1497402108609877,41.805783780210696,2.5798657453477526e-09
Aanchor_B,0.9953845839364625,0.1497402108609877,41.8057837917293,2.5798617979084184e-09
Aanchor_B,0.9999999480904841,0.1512550926022369,41.80920596225477,2.532894196138043e-09
Aanchor_B,0.9999999580904841,0.1512550926022369,41.80920599745791,2.532893287607643e-09
Aanchor_B,0.9999999680904842,0.1512550926022369,41.80920600822878,2.53289612704586e-09
Aanchor_B,1.004615332244506,0.15236366158318115,41.812793049455244,2.483665349206814e-09
Aanchor_B,1.0046153422445059,0.15236366158318115,41.81279301331035,2.483667019095036e-09
Aanchor_B,1.0046153522445058,0.15236366158318115,41.81279302430935,2.4836644206588253e-09
Aanchor_B,1.0092307163985277,0.15293125028632285,41.817163285979255,2.42368758342364e-09
Aanchor_B,1.0092307263985276,0.15293125028632285,41.81716338258991,2.423684261863995e-09
Aanchor_B,1.0092307363985276,0.15293125028632285,41.81716339303346,2.423682566469503e-09
Aanchor_B,1.0138461005525494,0.15375297295311155,41.82095868102834,2.3715952125319654e-09
Aanchor_B,1.0138461105525494,0.15375297295311155,41.82095864835855,2.371597807838107e-09
Aanchor_B,1.0138461205525493,0.15375297295311155,41.82095865867523,2.3715943987217547e-09
Aanchor_B,1.0184614847065712,0.1546041705734509,41.82465717401651,2.3208353626601074e-09
Aanchor_B,1.018461494706571,0.1546041705734509,41.82465714831298,2.3208353458899196e-09
Aanchor_B,1.018461504706571,0.1546041705734509,41.824657157843255,2.32083432578244e-09
Aanchor_B,1.023076868860593,0.15441400914220182,41.8292989317981,2.2571289290643657e-09
Aanchor_B,1.0230768788605928,0.15441400914220182,41.82929901515857,2.2571258992190277e-09
Aanchor_B,1.0230768888605928,0.15441400914220182,41.829299024723284,2.2571270530420344e-09
Aanchor_B,1.0276922530146146,0.15498987739651807,41.83299680761351,2.2063758959581374e-09
Aanchor_B,1.0276922630146146,0.15498987739651807,41.83299677943054,2.20637989761533e-09
Aanchor_B,1.0276922730146145,0.15498987739651807,41.83299678857982,2.206378184989009e-09
Aanchor_B,1.0323076371686364,0.15484150665962446,41.83740976771136,2.1458149776990696e-09
Aanchor_B,1.0323076471686363,0.15484150665962446,41.83740973916497,2.145812979943375e-09
Aanchor_B,1.0323076571686363,0.15484150665962446,41.83740974825947,2.145812071091225e-09
Aanchor_B,1.0369230213226581,0.1545595259967379,41.841965425757984,2.0832893837122657e-09
Aanchor_B,1.036923031322658,0.1545595259967379,41.84196550643684,2.0832888845695667e-09
Aanchor_B,1.036923041322658,0.1545595259967379,41.8419655149841,2.0832855605228938e-09
Aanchor_B,1.0415384054766799,0.15453912432238145,41.845939762562054,2.0287408280044797e-09
Aanchor_B,1.0415384154766798,0.15453912432238145,41.845939735784405,2.0287435648741038e-09
Aanchor_B,1.0415384254766797,0.15453912432238145,41.84593974425883,2.028743918693773e-09
Aanchor_B,1.0461537896307016,0.1543453664302842,41.850098582562055,1.971666452983266e-09
Aanchor_B,1.0461537996307015,0.1543453664302842,41.85009855986684,1.9716666661833567e-09
Aanchor_B,1.0461538096307015,0.1543453664302842,41.85009856793463,1.9716641357700527e-09
Aanchor_B,1.0507691737847233,0.15402805693185945,41.854224479220655,1.9150418785623147e-09
Aanchor_B,1.0507691837847233,0.15402805693185945,41.854224551540156,1.9150363999475995e-09
Aanchor_B,1.0507691937847232,0.15402805693185945,41.85422455896593,1.9150420667366227e-09
Aanchor_B,1.055384557938745,0.15321100172439414,41.8586798410411,1.8538903724174234e-09
Aanchor_B,1.055384567938745,0.15321100172439414,41.858679818149106,1.8538906746634302e-09
Aanchor_B,1.055384577938745,0.15321100172439414,41.85867982546467,1.853890684054743e-09
Aanchor_B,1.0599999420927668,0.15253026124081726,41.86291604157704,1.7957571644707708e-09
Aanchor_B,1.0599999520927668,0.15253026124081726,41.86291610570481,1.7957542273152852e-09
Aanchor_B,1.0599999620927667,0.15253026124081726,41.862916113119965,1.795753884743925e-09
Aanchor_B,1.0646153262467886,0.1518810670714033,41.86715592098044,1.7375647954405056e-09
Aanchor_B,1.0646153362467885,0.1518810670714033,41.86715590147995,1.7375605968431404e-09
Aanchor_B,1.0646153462467884,0.1518810670714033,41.86715590761889,1.7375647801462777e-09
Aanchor_B,1.0692307104008103,0.15018381620662952,41.87212170801609,1.6694124736167932e-09
Aanchor_B,1.0692307204008102,0.15018381620662952,41.87212168761183,1.6694078059366193e-09
Aanchor_B,1.0692307304008102,0.15018381620662952,41.87212169386886,1.6694089741281665e-09
Aanchor_B,1.073846094554832,0.1486959640472602,41.87687867999728,1.6041269232235454e-09
Aanchor_B,1.073846104554832,0.1486959640472602,41.876878734629635,1.604122212113487e-09
Aanchor_B,1.073846114554832,0.1486959640472602,41.876878740544115,1.6041196598070495e-09
Aanchor_B,1.0784614787088538,0.1470949440888328,41.881619169368015,1.539062025962916e-09
Aanchor_B,1.0784614887088537,0.1470949440888328,41.881619150824946,1.5390651495877516e-09
Aanchor_B,1.0784614987088537,0.1470949440888328,41.88161915665707,1.5390662034063535e-09
Aanchor_B,1.0830768628628755,0.14610808568205605,41.88555122150321,1.4850977960605433e-09
Aanchor_B,1.0830768728628755,0.14610808568205605,41.885551207539976,1.485095084383642e-09
Aanchor_B,1.0830768828628754,0.14610808568205605,41.88555121280517,1.4850984725276747e-09
Aanchor_B,1.0876922470168973,0.14446930870073274,41.89003958996229,1.4234970443933404e-09
Aanchor_B,1.0876922570168972,0.14446930870073274,41.8900396363185,1.4234982746728471e-09
Aanchor_B,1.0876922670168971,0.14446930870073274,41.89003964083766,1.4234967602037157e-09
Aanchor_B,1.092307631170919,0.14210918560192684,41.89508783411909,1.354211656735467e-09
Aanchor_B,1.092307641170919,0.14210918560192684,41.89508781871629,1.3542150174032386e-09
Aanchor_B,1.0923076511709189,0.14210918560192684,41.89508782345314,1.3542117541276376e-09
Aanchor_B,1.0969230153249407,0.14073834670566024,41.898996077085634,1.300573864013483e-09
Aanchor_B,1.0969230253249407,0.14073834670566024,41.898996068140846,1.3005731520733284e-09
Aanchor_B,1.0969230353249406,0.14073834670566024,41.89899607217925,1.3005723384150767e-09
Aanchor_B,1.1015383994789625,0.13842085557769213,41.90376942982399,1.2350650122384052e-09
Aanchor_B,1.1015384094789624,0.13842085557769213,41.9037694658178,1.2350611925431629e-09
Aanchor_B,1.1015384194789624,0.13842085557769213,41.90376946922626,1.2350597916828588e-09
Aanchor_B,1.1061537836329842,0.13583464026945985,41.908588941631564,1.1689178572634708e-09
Aanchor_B,1.1061537936329842,0.13583464026945985,41.90858893010011,1.1689192495278047e-09
Aanchor_B,1.106153803632984,0.13583464026945985,41.90858893363751,1.1689150360574522e-09
Aanchor_B,1.110769167787006,0.13370787292837544,41.91289133743996,1.1098681642471734e-09
Aanchor_B,1.110769177787006,0.13370787292837544,41.91289133320502,1.10986965921493e-09
Aanchor_B,1.1107691877870058,0.13370787292837544,41.91289133599771,1.1098670854971318e-09
Aanchor_B,1.1153845519410277,0.13114014277093317,41.91740317859794,1.047942816013151e-09
Aanchor_B,1.1153845619410276,0.13114014277093317,41.917403204106336,1.0479425171829474e-09
Aanchor_B,1.1153845719410276,0.13114014277093317,41.91740320627169,1.047947098087742e-09
Aanchor_B,1.1199999360950494,0.12799301645115124,41.922352500940896,9.800166567485537e-10
Aanchor_B,1.1199999460950494,0.12799301645115124,41.922352493605175,9.800158137390446e-10
Aanchor_B,1.1199999560950493,0.12799301645115124,41.92235249584704,9.800173440208954e-10
Aanchor_B,1.1246153202490712,0.12525231896586966,41.92682673780416,9.186145830254549e-10
Aanchor_B,1.1246153302490711,0.12525231896586966,41.92682673477288,9.186151625192553e-10
Aanchor_B,1.124615340249071,0.12525231896586966,41.92682673660924,9.186102319577111e-10
Aanchor_B,1.129230704403093,0.12240431734736752,41.931248350502024,8.579319682892787e-10
Aanchor_B,1.1292307144030929,0.12240431734736752,41.931248367793664,8.579302364188372e-10
Aanchor_B,1.1292307244030928,0.12240431734736752,41.93124836911711,8.579264773653842e-10
Aanchor_B,1.1338460885571147,0.11898021387680247,41.93615620052732,7.905700757257134e-10
Aanchor_B,1.1338460985571146,0.11898021387680247,41.93615619969037,7.905732426388896e-10
Aanchor_B,1.1338461085571145,0.11898021387680247,41.93615620049805,7.905720693953988e-10
Aanchor_B,1.1384614727111364,0.1155543590643355,41.94082781306814,7.264569937554781e-10
Aanchor_B,1.1384614827111363,0.1155543590643355,41.94082781304663,7.264529730356578e-10
Aanchor_B,1.1384614927111363,0.1155543590643355,41.94082781361962,7.264548585669369e-10
Aanchor_B,1.1430768568651581,0.11183324389480036,41.9457613787395,6.587464910573365e-10
Aanchor_B,1.143076866865158,0.11183324389480036,41.94576138575366,6.587455851618364e-10
Aanchor_B,1.143076876865158,0.11183324389480036,41.94576138567162,6.58744644970473e-10
Aanchor_B,1.1476922410191799,0.10783513828747744,41.950740627816074,5.904081970727281e-10
Aanchor_B,1.1476922510191798,0.10783513828747744,41.9507406270993,5.90406301604834e-10
Aanchor_B,1.1476922610191798,0.10783513828747744,41.950740627157856,5.90409598077309e-10
Aanchor_B,1.1523076251732016,0.10424664187391214,41.95527029114794,5.28241009002691e-10
Aanchor_B,1.1523076351732016,0.10424664187391214,41.95527029965358,5.282377080970093e-10
Aanchor_B,1.1523076451732015,0.10424664187391214,41.955270298950545,5.282371217194017e-10
Aanchor_B,1.1569230093272234,0.10055813792240438,41.959574105588395,4.691694090885429e-10
Aanchor_B,1.1569230193272233,0.10055813792240438,41.95957410112022,4.691688377100963e-10
Aanchor_B,1.1569230293272232,0.10055813792240438,41.95957409997578,4.691696635808492e-10
Aanchor_B,1.161538393481245,0.09602477121448182,41.96473393242298,3.9835366879611145e-10
Aanchor_B,1.161538403481245,0.09602477121448182,41.96473393842105,3.983587267167566e-10
Aanchor_B,1.161538413481245,0.09602477121448182,41.9647339369798,3.983531954607672e-10
Aanchor_B,1.1661537776352668,0.09175287762041297,41.969429077116125,3.3391530519637717e-10
Aanchor_B,1.1661537876352668,0.09175287762041297,41.96942906466229,3.3392002246986314e-10
Aanchor_B,1.1661537976352667,0.09175287762041297,41.969429062471654,3.339192001110641e-10
Aanchor_B,1.1707691617892886,0.08721831723240679,41.9741078014851,2.6970290039081017e-10
Aanchor_B,1.1707691717892885,0.08721831723240679,41.97410780839783,2.6970619434875166e-10
Aanchor_B,1.1707691817892885,0.08721831723240679,41.97410780622698,2.697063127629545e-10
Aanchor_B,1.1753845459433103,0.08253014426661323,41.97898800801257,2.0272388441174305e-10
Aanchor_B,1.1753845559433103,0.08253014426661323,41.97898802039741,2.0272623256224048e-10
Aanchor_B,1.1753845659433102,0.08253014426661323,41.97898801758588,2.0272341055639416e-10
Aanchor_B,1.179999930097332,0.07765353897422177,41.98380903413277,1.3656167155049506e-10
Aanchor_B,1.179999940097332,0.07765353897422177,41.98380900981534,1.3656355814291108e-10
Aanchor_B,1.179999950097332,0.07765353897422177,41.98380900677354,1.3656308821433826e-10
Aanchor_B,1.1846153142513538,0.07289533875125859,41.98837535597376,7.388968431692943e-11
Aanchor_B,1.1846153242513537,0.07289533875125859,41.98837536731283,7.389238740254704e-11
Aanchor_B,1.1846153342513537,0.07289533875125859,41.98837536394256,7.389074179419769e-11
Aanchor_B,1.1892306984053755,0.06790523591106809,41.99308068779873,9.314196387441421e-12
Aanchor_B,1.1892307084053755,0.06790523591106809,41.993080665558104,9.311728399564551e-12
Aanchor_B,1.1892307184053754,0.06790523591106809,41.993080665805984,9.313491139512287e-12
Aanchor_B,1.1938460825593973,0.06472336038918947,41.997191409231505,4.7109035811846194e-11
Aanchor_B,1.1938460925593972,0.06472336038918947,41.99719141277978,4.7107038184524506e-11
Aanchor_B,1.1938461025593972,0.06472336038918947,41.99719141219069,4.710833229972276e-11
Aanchor_B,1.198461466713419,0.060925709627871194,42.00168914768728,1.0883259952752537e-10
Aanchor_B,1.198461476713419,0.060925709627871194,42.00168914977693,1.0883330386381324e-10
Aanchor_B,1.198461486713419,0.060925709627871194,42.00168914916088,1.0883695482695865e-10
Aanchor_B,1.2030768508674408,0.05742602296281019,42.005800290109526,1.6525567505680058e-10
Aanchor_B,1.2030768608674407,0.05742602296281019,42.00580029691138,1.652592066321988e-10
Aanchor_B,1.2030768708674406,0.05742602296281019,42.005800295816236,1.6525956163258516e-10
Aanchor_B,1.2076922350214625,0.05354830123501089,42.0101639163637,2.2514535148259255e-10
Aanchor_B,1.2076922450214624,0.05354830123501089,42.01016390637178,2.251459582382909e-10
Aanchor_B,1.2076922550214624,0.05354830123501089,42.0101639055976,2.2514595950360554e-10
Aanchor_B,1.2123076191754842,0.04977253444924259,42.014548790596365,2.853278753705465e-10
Aanchor_B,1.2123076291754842,0.04977253444924259,42.01454879837927,2.853262154651325e-10
Aanchor_B,1.2123076391754841,0.04977253444924259,42.01454879676596,2.8532952825035973e-10
Aanchor_B,1.216923003329506,0.045850938309853546,42.018729000818354,3.426977944987369e-10
Aanchor_B,1.216923013329506,0.045850938309853546,42.018729003504816,3.4270085788773374e-10
Aanchor_B,1.2169230233295059,0.045850938309853546,42.01872900214386,3.427006237306653e-10
Aanchor_B,1.2215383874835277,0.04176797129466296,42.0232278529646,4.044395347135933e-10
Aanchor_B,1.2215383974835277,0.04176797129466296,42.02322784348704,4.04440510258361e-10
Aanchor_B,1.2215384074835276,0.04176797129466296,42.02322784133091,4.044401572962984e-10
Aanchor_B,1.2261537716375495,0.03755077298984591,42.02752833947321,4.6346364935040694e-10
Aanchor_B,1.2261537816375494,0.03755077298984591,42.02752834871525,4.634656587609676e-10
Aanchor_B,1.2261537916375493,0.03755077298984591,42.02752834622888,4.634655429848819e-10
Aanchor_B,1.2307691557915712,0.033423132223842335,42.03156418240946,5.188539069125478e-10
Aanchor_B,1.2307691657915711,0.033423132223842335,42.03156418629656,5.188566297442892e-10
Aanchor_B,1.230769175791571,0.033423132223842335,42.031564184192014,5.18855325624841e-10
Aanchor_B,1.235384539945593,0.02926929191067476,42.03580869867463,5.771063964691861e-10
Aanchor_B,1.2353845499455929,0.02926929191067476,42.03580868295906,5.77107143846323e-10
Aanchor_B,1.2353845599455928,0.02926929191067476,42.035808680139525,5.771057192266328e-10
Aanchor_B,1.2399999240996147,0.024739382618267112,42.0401955999836,6.373157722667716e-10
Aanchor_B,1.2399999340996146,0.024739382618267112,42.040195607410105,6.373150444069698e-10
Aanchor_B,1.2399999440996146,0.024739382618267112,42.040195604812624,6.373181454182353e-10
Aanchor_B,1.2446153082536364,0.020505078750460336,42.04431331313264,6.938327721391517e-10
Aanchor_B,1.2446153182536364,0.020505078750460336,42.04431332864821,6.938311984420284e-10
Aanchor_B,1.2446153282536363,0.020505078750460336,42.04431332544946,6.93826910567721e-10
Aanchor_B,1.2492306924076582,0.015987582119744603,42.04850945849277,7.514200184134247e-10
Aanchor_B,1.249230702407658,0.015987582119744603,42.048509432696996,7.514167296576443e-10
Aanchor_B,1.249230712407658,0.015987582119744603,42.04850942903891,7.51422227702766e-10
Aanchor_B,1.25384607656168,0.011498109613352783,42.052459118132326,8.056293189438069e-10
Aanchor_B,1.2538460865616798,0.011498109613352783,42.05245912748661,8.056230759565129e-10
Aanchor_B,1.2538460965616798,0.011498109613352783,42.05245912412783,8.0562415760321e-10
Aanchor_B,1.2584614607157016,0.006732232776634776,42.05689171729552,8.664623829585747e-10
Aanchor_B,1.2584614707157016,0.006732232776634776,42.056891737961465,8.664632077569732e-10
Aanchor_B,1.2584614807157015,0.006732232776634776,42.056891733813124,8.664614183885836e-10
Aanchor_B,1.2630768448697234,0.002037220143544432,42.060872128354504,9.210929385810277e-10
Aanchor_B,1.2630768548697233,0.002037220143544432,42.0608720921961,9.210878410866603e-10
Aanchor_B,1.2630768648697233,0.002037220143544432,42.060872088102364,9.210865292415132e-10
Aanchor_B,1.2676922290237451,-0.0031039973536186507,42.065437529908706,9.837505806058553e-10
Aanchor_B,1.267692239023745,-0.0031039973536186507,42.06543754727929,9.837510424978116e-10
Aanchor_B,1.267692249023745,-0.0031039973536186507,42.06543754271411,9.83748169884008e-10
Aanchor_B,1.2723076131777669,-0.00757508208271132,42.068944504931885,1.0318795287388525e-09
Aanchor_B,1.2723076231777668,-0.00757508208271132,42.068944465568926,1.0318797051594053e-09
Aanchor_B,1.2723076331777667,-0.00757508208271132,42.06894446076609,1.0318801940427261e-09
Aanchor_B,1.2769229973317886,-0.012977991185074401,42.07351086788619,1.0945531003334932e-09
Aanchor_B,1.2769230073317885,-0.012977991185074401,42.07351088373903,1.0945517608902175e-09
Aanchor_B,1.2769230173317885,-0.012977991185074401,42.07351087884616,1.0945481591398095e-09
Aanchor_B,1.2815383814858103,-0.017885138492275132,42.07741325999823,1.1481073536479104e-09
Aanchor_B,1.2815383914858103,-0.017885138492275132,42.07741327956825,1.1481116465856422e-09
Aanchor_B,1.2815384014858102,-0.017885138492275132,42.077413274272374,1.1481110536541177e-09
Aanchor_B,1.286153765639832,-0.023141422315456336,42.081568558175604,1.2051354742594753e-09
Aanchor_B,1.286153775639832,-0.023141422315456336,42.08156851287885,1.2051337491158952e-09
Aanchor_B,1.286153785639832,-0.023141422315456336,42.08156850719549,1.2051354457393821e-09
Aanchor_B,1.2907691497938538,-0.028210406661555158,42.08530949580449,1.2564783059473309e-09
Aanchor_B,1.2907691597938538,-0.028210406661555158,42.085309513187156,1.2564786351940785e-09
Aanchor_B,1.2907691697938537,-0.028210406661555158,42.08530950764017,1.2564817834753094e-09
Aanchor_B,1.2953845339478756,-0.03408181229259984,42.09012015468311,1.3225031358948584e-09
Aanchor_B,1.2953845439478755,-0.03408181229259984,42.09012018124121,1.322502634102317e-09
Aanchor_B,1.2953845539478754,-0.03408181229259984,42.09012017483614,1.3225078397006263e-09
Aanchor_B,1.1892307084053755,0.06790529897493115,41.9930805864487,9.310671026431604e-12
