CID,IDSURVEY,zHD,HOST_LOGMASS,field,fold,depth,z_band,primary_train,primary_test,field_transfer_test,redshift_transfer_train,redshift_transfer_test
1246275,10,0.24605,9.66,C1,1,SHALLOW,.1-.3,True,False,False,True,False
1246281,10,0.33549,10.62,C1,3,SHALLOW,.3-.5,True,False,False,True,False
1246314,10,0.38337,9.62,C1,0,SHALLOW,.3-.5,False,True,False,True,False
1246527,10,0.32078,11.12,X3,4,DEEP,.3-.5,True,False,False,True,False
1246529,10,0.49677,10.56,X3,3,DEEP,.3-.5,True,False,False,True,False
1246626,10,0.39282,10.65,X3,3,DEEP,.3-.5,True,False,False,True,False
1246650,10,0.90888,11.21,X3,4,DEEP,.7-1.3,True,False,False,False,True
1246717,10,0.53378,8.91,X3,4,DEEP,.5-.7,True,False,False,False,True
1246758,10,0.53127,9.78,X3,0,DEEP,.5-.7,False,True,False,False,True
1246791,10,0.83066,10.52,X3,4,DEEP,.7-1.3,True,False,False,False,True
1246796,10,0.55502,9.49,X3,4,DEEP,.5-.7,True,False,False,False,True
1247022,10,0.35763,10.51,E2,2,SHALLOW,.3-.5,True,False,False,True,False
1247420,10,0.15026,10.81,X1,1,SHALLOW,.1-.3,True,False,True,True,False
1247537,10,0.45565,9.93,X1,2,SHALLOW,.3-.5,True,False,True,True,False
1247570,10,0.57927,9.83,X1,4,SHALLOW,.5-.7,True,False,True,False,True
1248039,10,0.22566,9.37,X2,4,SHALLOW,.1-.3,True,False,False,True,False
1248084,10,0.28063,11.03,X3,2,DEEP,.1-.3,True,False,False,True,False
1248243,10,0.32394,9.19,S1,0,SHALLOW,.3-.5,False,True,False,True,False
1248441,10,0.24517,10.61,C3,3,DEEP,.1-.3,True,False,True,True,False
1248677,10,0.35016,9.56,C3,1,DEEP,.3-.5,True,False,True,True,False
1248907,10,0.17053,8.44,E1,3,SHALLOW,.1-.3,True,False,False,True,False
1248925,10,0.34307,9.56,E1,4,SHALLOW,.3-.5,True,False,False,True,False
1248936,10,0.57093,9.12,E1,4,SHALLOW,.5-.7,True,False,False,False,True
1248962,10,0.48342,10.13,E1,2,SHALLOW,.3-.5,True,False,False,True,False
1249090,10,0.3862,11.23,E1,1,SHALLOW,.3-.5,True,False,False,True,False
1249137,10,0.22305,9.72,E1,0,SHALLOW,.1-.3,False,True,False,True,False
1249178,10,0.76517,10.81,E1,4,SHALLOW,.7-1.3,True,False,False,False,True
1249182,10,0.56017,11.15,E1,4,SHALLOW,.5-.7,True,False,False,False,True
1249209,10,0.48312,10.21,E1,3,SHALLOW,.3-.5,True,False,False,True,False
1249245,10,0.36834,11.17,E2,3,SHALLOW,.3-.5,True,False,False,True,False
1249264,10,0.54968,10.47,E1,0,SHALLOW,.5-.7,False,True,False,False,True
1249304,10,0.63681,10.63,S2,3,SHALLOW,.5-.7,True,False,False,False,True
1249308,10,0.22806,11.28,S2,4,SHALLOW,.1-.3,True,False,False,True,False
1249371,10,0.45085,10.68,S2,0,SHALLOW,.3-.5,False,True,False,True,False
1249395,10,0.55513,10.54,S2,2,SHALLOW,.5-.7,True,False,False,False,True
1249416,10,0.33169,10.51,S2,1,SHALLOW,.3-.5,True,False,False,True,False
1249483,10,0.28303,10.96,S2,1,SHALLOW,.1-.3,True,False,False,True,False
1249758,10,0.62139,9.83,C1,0,SHALLOW,.5-.7,False,True,False,False,True
1249851,10,0.21511,11.06,C2,3,SHALLOW,.1-.3,True,False,False,True,False
1249956,10,0.44628,10.9,E1,2,SHALLOW,.3-.5,True,False,False,True,False
1249970,10,0.26775,8.91,E2,3,SHALLOW,.1-.3,True,False,False,True,False
1250017,10,0.18216,8.85,S1,4,SHALLOW,.1-.3,True,False,False,True,False
1250034,10,0.16085,10.49,S1,2,SHALLOW,.1-.3,True,False,False,True,False
1250120,10,0.69088,10.37,S1,3,SHALLOW,.5-.7,True,False,False,False,True
1250275,10,0.38323,10.31,S2,0,SHALLOW,.3-.5,False,True,False,True,False
1250279,10,0.27382,10.75,S2,3,SHALLOW,.1-.3,True,False,False,True,False
1250357,10,0.35843,10.72,S2,2,SHALLOW,.3-.5,True,False,False,True,False
1250397,10,0.64304,10.19,X1,0,SHALLOW,.5-.7,False,True,True,False,True
1250435,10,0.49292,9.96,X1,1,SHALLOW,.3-.5,True,False,True,True,False
1250454,10,0.78734,10.55,X1,1,SHALLOW,.7-1.3,True,False,True,False,True
1250532,10,0.5277,9.45,X2,2,SHALLOW,.5-.7,True,False,False,False,True
1250578,10,0.2786,10.21,X2,2,SHALLOW,.1-.3,True,False,False,True,False
1250665,10,0.29461,10.07,X3,0,DEEP,.1-.3,False,True,False,True,False
1250803,10,0.96329,11.49,C3,1,DEEP,.7-1.3,True,False,True,False,True
1250823,10,0.66487,10.2,C3,2,DEEP,.5-.7,True,False,True,False,True
1250852,10,0.77725,10.39,C3,2,DEEP,.7-1.3,True,False,True,False,True
1250858,10,0.85707,11.1,C3,3,DEEP,.7-1.3,True,False,True,False,True
1250882,10,0.74658,9.84,C3,1,DEEP,.7-1.3,True,False,True,False,True
1250896,10,0.87971,11.43,X3,3,DEEP,.7-1.3,True,False,False,False,True
1250912,10,0.21898,10.61,X3,4,DEEP,.1-.3,True,False,False,True,False
1250916,10,0.66948,11.02,X3,3,DEEP,.5-.7,True,False,False,False,True
1250925,10,0.55146,10.89,X3,1,DEEP,.5-.7,True,False,False,False,True
1250950,10,0.70099,9.97,X3,2,DEEP,.7-1.3,True,False,False,False,True
1250980,10,0.81967,10.51,X3,3,DEEP,.7-1.3,True,False,False,False,True
1251022,10,0.68428,10.88,C1,4,SHALLOW,.5-.7,True,False,False,False,True
1251114,10,0.62632,10.58,C2,3,SHALLOW,.5-.7,True,False,False,False,True
1251126,10,0.59788,10.67,C2,4,SHALLOW,.5-.7,True,False,False,False,True
1251225,10,0.43172,8.77,E2,2,SHALLOW,.3-.5,True,False,False,True,False
1251390,10,0.43398,10.49,S2,2,SHALLOW,.3-.5,True,False,False,True,False
1251436,10,0.57349,10.28,S2,1,SHALLOW,.5-.7,True,False,False,False,True
1251536,10,0.52727,10.79,X2,0,SHALLOW,.5-.7,False,True,False,False,True
1251552,10,0.35484,9.98,X2,3,SHALLOW,.3-.5,True,False,False,True,False
1251600,10,0.5576,10.7,X3,2,DEEP,.5-.7,True,False,False,False,True
1251603,10,0.63033,10.56,X3,4,DEEP,.5-.7,True,False,False,False,True
1251618,10,0.82172,10.55,X3,3,DEEP,.7-1.3,True,False,False,False,True
1251645,10,0.76679,10.05,X3,3,DEEP,.7-1.3,True,False,False,False,True
1251652,10,0.77155,10.97,X3,2,DEEP,.7-1.3,True,False,False,False,True
1251975,10,0.44647,10.9,X2,4,SHALLOW,.3-.5,True,False,False,True,False
1252142,10,0.55288,10.47,C2,2,SHALLOW,.5-.7,True,False,False,False,True
1252183,10,0.97242,10.48,C3,0,DEEP,.7-1.3,False,True,True,False,True
1252199,10,0.60498,10.83,C3,1,DEEP,.5-.7,True,False,True,False,True
1252225,10,0.51956,9.66,C3,3,DEEP,.5-.7,True,False,True,False,True
1252237,10,0.8858,10.93,C3,3,DEEP,.7-1.3,True,False,True,False,True
1252313,10,0.59692,9.47,E1,0,SHALLOW,.5-.7,False,True,False,False,True
1252364,10,0.54134,10.62,E1,2,SHALLOW,.5-.7,True,False,False,False,True
1252513,10,0.47767,8.98,C1,1,SHALLOW,.3-.5,True,False,False,True,False
1252521,10,0.43322,9.07,C1,3,SHALLOW,.3-.5,True,False,False,True,False
1252595,10,0.8133,9.97,C3,3,DEEP,.7-1.3,True,False,True,False,True
1252620,10,0.95299,11.41,X3,2,DEEP,.7-1.3,True,False,False,False,True
1252665,10,0.97489,10.97,C3,1,DEEP,.7-1.3,True,False,True,False,True
1252671,10,0.98536,10.77,C3,3,DEEP,.7-1.3,True,False,True,False,True
1252751,10,0.56059,10.55,S2,4,SHALLOW,.5-.7,True,False,False,False,True
1252810,10,0.58026,10.92,S2,0,SHALLOW,.5-.7,False,True,False,False,True
1252829,10,0.45168,10.8,X1,2,SHALLOW,.3-.5,True,False,True,True,False
1252917,10,0.69277,11.4,X3,3,DEEP,.5-.7,True,False,False,False,True
1252918,10,0.83583,11.01,X3,2,DEEP,.7-1.3,True,False,False,False,True
1252926,10,0.92427,10.72,X3,3,DEEP,.7-1.3,True,False,False,False,True
1252939,10,0.66666,10.52,X3,3,DEEP,.5-.7,True,False,False,False,True
1252970,10,0.46198,10.36,C2,2,SHALLOW,.3-.5,True,False,False,True,False
1253046,10,0.50134,10.5,C1,3,SHALLOW,.5-.7,True,False,False,False,True
1253101,10,0.45332,8.61,E1,4,SHALLOW,.3-.5,True,False,False,True,False
1253119,10,0.31915,11.01,E2,3,SHALLOW,.3-.5,True,False,False,True,False
1253131,10,0.40349,11.2,E2,0,SHALLOW,.3-.5,False,True,False,True,False
1253148,10,0.43868,8.83,E2,3,SHALLOW,.3-.5,True,False,False,True,False
1253180,10,0.46154,10.86,C3,2,DEEP,.3-.5,True,False,True,True,False
1253243,10,0.57729,10.65,S1,3,SHALLOW,.5-.7,True,False,False,False,True
1253324,10,0.16945,10.91,S1,0,SHALLOW,.1-.3,False,True,False,True,False
1253358,10,0.7138,11.34,S2,3,SHALLOW,.7-1.3,True,False,False,False,True
1253406,10,0.36131,10.22,S2,0,SHALLOW,.3-.5,False,True,False,True,False
1253474,10,0.4467,11.0,X1,2,SHALLOW,.3-.5,True,False,True,True,False
1253475,10,0.45412,10.96,X1,2,SHALLOW,.3-.5,True,False,True,True,False
1253572,10,0.51969,9.72,X2,4,SHALLOW,.5-.7,True,False,False,False,True
1253816,10,0.90824,10.47,X3,0,DEEP,.7-1.3,False,True,False,False,True
1253857,10,0.85652,10.72,X3,3,DEEP,.7-1.3,True,False,False,False,True
1253871,10,0.8478,9.86,X3,3,DEEP,.7-1.3,True,False,False,False,True
1253895,10,0.49276,11.9,C1,4,SHALLOW,.3-.5,True,False,False,True,False
1253920,10,0.19555,9.43,C1,4,SHALLOW,.1-.3,True,False,False,True,False
1253972,10,0.84019,10.49,C3,4,DEEP,.7-1.3,True,False,True,False,True
1253997,10,0.59079,10.39,C2,1,SHALLOW,.5-.7,True,False,False,False,True
1254000,10,0.533,10.31,C2,4,SHALLOW,.5-.7,True,False,False,False,True
1254002,10,0.53591,10.7,C2,1,SHALLOW,.5-.7,True,False,False,False,True
1254051,10,0.7615,11.15,C2,1,SHALLOW,.7-1.3,True,False,False,False,True
1254070,10,0.49252,10.68,C2,3,SHALLOW,.3-.5,True,False,False,True,False
1254108,10,0.96689,10.9,C3,2,DEEP,.7-1.3,True,False,True,False,True
1254150,10,0.70417,10.24,C3,0,DEEP,.7-1.3,False,True,True,False,True
1254299,10,0.495,10.87,X1,2,SHALLOW,.3-.5,True,False,True,True,False
1254356,10,0.35129,10.25,X2,2,SHALLOW,.3-.5,True,False,False,True,False
1254566,10,0.79118,10.86,X3,0,DEEP,.7-1.3,False,True,False,False,True
1254670,10,0.50495,10.72,C1,2,SHALLOW,.5-.7,True,False,False,False,True
1254671,10,0.47065,9.68,C1,1,SHALLOW,.3-.5,True,False,False,True,False
1254762,10,0.39827,9.98,C2,2,SHALLOW,.3-.5,True,False,False,True,False
1254889,10,0.60551,10.94,C3,1,DEEP,.5-.7,True,False,True,False,True
1255008,10,0.4438,10.88,E1,1,SHALLOW,.3-.5,True,False,False,True,False
1255130,10,0.62411,10.6,E2,3,SHALLOW,.5-.7,True,False,False,False,True
1255139,10,0.64989,9.25,C3,0,DEEP,.5-.7,False,True,True,False,True
1255142,10,0.57675,11.02,E2,3,SHALLOW,.5-.7,True,False,False,False,True
1255169,10,1.0468,11.29,C3,0,DEEP,.7-1.3,False,True,True,False,True
1255312,10,0.35561,10.58,S1,0,SHALLOW,.3-.5,False,True,False,True,False
1255382,10,0.58055,9.46,S2,2,SHALLOW,.5-.7,True,False,False,False,True
1255399,10,0.38137,10.74,S2,4,SHALLOW,.3-.5,True,False,False,True,False
1255412,10,0.37202,10.48,S2,3,SHALLOW,.3-.5,True,False,False,True,False
1255423,10,0.66681,10.19,S2,3,SHALLOW,.5-.7,True,False,False,False,True
1255470,10,0.46877,10.91,X1,4,SHALLOW,.3-.5,True,False,True,True,False
1255487,10,0.45012,9.51,X1,1,SHALLOW,.3-.5,True,False,True,True,False
1255523,10,0.55536,10.82,X1,3,SHALLOW,.5-.7,True,False,True,False,True
1255545,10,0.60182,11.1,X1,1,SHALLOW,.5-.7,True,False,True,False,True
1255576,10,0.2801,10.81,X2,4,SHALLOW,.1-.3,True,False,False,True,False
1255657,10,0.58881,9.24,X2,4,SHALLOW,.5-.7,True,False,False,False,True
1255730,10,0.69107,9.72,X3,1,DEEP,.5-.7,True,False,False,False,True
1255735,10,0.36463,8.28,X3,2,DEEP,.3-.5,True,False,False,True,False
1255737,10,0.91896,9.87,X3,3,DEEP,.7-1.3,True,False,False,False,True
1255824,10,0.81852,11.29,X3,3,DEEP,.7-1.3,True,False,False,False,True
1255974,10,0.34311,11.27,C2,1,SHALLOW,.3-.5,True,False,False,True,False
1256028,10,0.95521,9.48,C3,4,DEEP,.7-1.3,True,False,True,False,True
1256332,10,0.47803,9.95,X3,0,DEEP,.3-.5,False,True,False,True,False
1256335,10,0.61939,9.48,X3,1,DEEP,.5-.7,True,False,False,False,True
1256426,10,0.33226,10.4,C2,0,SHALLOW,.3-.5,False,True,False,True,False
1256432,10,0.5113,10.11,C2,0,SHALLOW,.5-.7,False,True,False,False,True
1256505,10,0.55626,10.35,S2,4,SHALLOW,.5-.7,True,False,False,False,True
1256570,10,0.34548,10.29,C3,0,DEEP,.3-.5,False,True,True,True,False
1256596,10,0.68138,10.28,C3,1,DEEP,.5-.7,True,False,True,False,True
1256680,10,0.29438,9.71,X1,0,SHALLOW,.1-.3,False,True,True,True,False
1256701,10,0.43629,10.37,X1,1,SHALLOW,.3-.5,True,False,True,True,False
1256764,10,0.55649,10.51,X2,1,SHALLOW,.5-.7,True,False,False,False,True
1256765,10,0.35267,8.93,X2,4,SHALLOW,.3-.5,True,False,False,True,False
1256807,10,0.61943,11.11,X3,0,DEEP,.5-.7,False,True,False,False,True
1256817,10,0.47982,10.82,X3,3,DEEP,.3-.5,True,False,False,True,False
1256819,10,0.58576,9.36,X3,1,DEEP,.5-.7,True,False,False,False,True
1256823,10,0.44084,9.31,X3,3,DEEP,.3-.5,True,False,False,True,False
1256933,10,0.35284,10.58,C1,0,SHALLOW,.3-.5,False,True,False,True,False
1257016,10,0.33743,9.75,E1,1,SHALLOW,.3-.5,True,False,False,True,False
1257022,10,0.38683,10.59,E1,3,SHALLOW,.3-.5,True,False,False,True,False
1257040,10,0.35177,10.69,E1,1,SHALLOW,.3-.5,True,False,False,True,False
1257102,10,0.4733,9.46,E2,0,SHALLOW,.3-.5,False,True,False,True,False
1257112,10,0.37001,10.48,E2,2,SHALLOW,.3-.5,True,False,False,True,False
1257129,10,0.58817,11.15,E2,2,SHALLOW,.5-.7,True,False,False,False,True
1257144,10,0.52559,9.93,E2,0,SHALLOW,.5-.7,False,True,False,False,True
1257216,10,0.65434,10.29,S2,3,SHALLOW,.5-.7,True,False,False,False,True
1257228,10,1.02433,9.74,C3,4,DEEP,.7-1.3,True,False,True,False,True
1257335,10,0.4841,10.06,C1,1,SHALLOW,.3-.5,True,False,False,True,False
1257356,10,0.33257,10.17,C1,4,SHALLOW,.3-.5,True,False,False,True,False
1257366,10,0.21136,10.76,C1,0,SHALLOW,.1-.3,False,True,False,True,False
1257419,10,0.40361,10.48,C2,3,SHALLOW,.3-.5,True,False,False,True,False
1257496,10,0.59401,10.94,C2,2,SHALLOW,.5-.7,True,False,False,False,True
1257533,10,0.22953,9.99,C3,4,DEEP,.1-.3,True,False,True,True,False
1257602,10,0.52211,8.85,C3,0,DEEP,.5-.7,False,True,True,False,True
1257605,10,0.74535,10.66,C3,1,DEEP,.7-1.3,True,False,True,False,True
1257609,10,0.33389,11.01,C3,1,DEEP,.3-.5,True,False,True,True,False
1257646,10,0.84094,10.94,C3,4,DEEP,.7-1.3,True,False,True,False,True
1257695,10,0.18383,9.71,E1,0,SHALLOW,.1-.3,False,True,False,True,False
1257775,10,0.47598,9.65,C3,1,DEEP,.3-.5,True,False,True,True,False
1257839,10,0.64421,10.12,E2,2,SHALLOW,.5-.7,True,False,False,False,True
1257905,10,0.61393,8.05,S1,4,SHALLOW,.5-.7,True,False,False,False,True
1257934,10,0.29648,9.72,S1,0,SHALLOW,.1-.3,False,True,False,True,False
1258061,10,0.45831,10.84,S2,0,SHALLOW,.3-.5,False,True,False,True,False
1258090,10,0.36656,10.14,S2,2,SHALLOW,.3-.5,True,False,False,True,False
1258118,10,0.62518,9.82,S2,3,SHALLOW,.5-.7,True,False,False,False,True
1258191,10,0.5169,10.38,X1,2,SHALLOW,.5-.7,True,False,True,False,True
1258249,10,0.62104,9.29,X1,0,SHALLOW,.5-.7,False,True,True,False,True
1258289,10,0.50509,11.26,X2,1,SHALLOW,.5-.7,True,False,False,False,True
1258309,10,0.47616,9.05,X2,2,SHALLOW,.3-.5,True,False,False,True,False
1258330,10,0.52473,9.66,X2,2,SHALLOW,.5-.7,True,False,False,False,True
1258422,10,0.52105,10.35,X3,3,DEEP,.5-.7,True,False,False,False,True
1258433,10,0.61445,9.57,X3,1,DEEP,.5-.7,True,False,False,False,True
1258500,10,0.49383,10.04,X3,1,DEEP,.3-.5,True,False,False,True,False
1258529,10,0.82394,10.87,X3,0,DEEP,.7-1.3,False,True,False,False,True
1258591,10,0.5975,9.83,X3,1,DEEP,.5-.7,True,False,False,False,True
1258802,10,0.54947,10.44,E1,3,SHALLOW,.5-.7,True,False,False,False,True
1258906,10,0.34918,8.93,E2,1,SHALLOW,.3-.5,True,False,False,True,False
1258940,10,0.42593,10.85,S1,0,SHALLOW,.3-.5,False,True,False,True,False
1259006,10,0.5279,8.95,X2,3,SHALLOW,.5-.7,True,False,False,False,True
1259246,10,0.22284,10.97,C2,1,SHALLOW,.1-.3,True,False,False,True,False
1259330,10,0.60243,10.77,E2,3,SHALLOW,.5-.7,True,False,False,False,True
1259352,10,0.21986,10.46,C3,3,DEEP,.1-.3,True,False,True,True,False
1259412,10,0.30477,10.47,X3,2,DEEP,.3-.5,True,False,False,True,False
1259500,10,0.56161,10.24,X3,2,DEEP,.5-.7,True,False,False,False,True
1259511,10,0.3271,10.82,X3,3,DEEP,.3-.5,True,False,False,True,False
1259538,10,0.51244,9.25,X3,2,DEEP,.5-.7,True,False,False,False,True
1259561,10,0.56751,10.61,X1,3,SHALLOW,.5-.7,True,False,True,False,True
1259585,10,0.56401,10.48,X1,3,SHALLOW,.5-.7,True,False,True,False,True
1259615,10,0.32008,10.41,X1,0,SHALLOW,.3-.5,False,True,True,True,False
1259667,10,0.65871,10.1,C3,1,DEEP,.5-.7,True,False,True,False,True
1259771,10,0.53232,9.19,S1,4,SHALLOW,.5-.7,True,False,False,False,True
1260000,10,0.5506,9.82,S2,0,SHALLOW,.5-.7,False,True,False,False,True
1260030,10,0.45811,10.41,S2,0,SHALLOW,.3-.5,False,True,False,True,False
1260050,10,0.27278,10.51,S2,0,SHALLOW,.1-.3,False,True,False,True,False
1260058,10,0.38948,9.9,S2,3,SHALLOW,.3-.5,True,False,False,True,False
1260105,10,0.6941,10.86,X1,3,SHALLOW,.5-.7,True,False,True,False,True
1260107,10,0.42982,9.72,X1,1,SHALLOW,.3-.5,True,False,True,True,False
1260113,10,0.35469,11.04,X1,1,SHALLOW,.3-.5,True,False,True,True,False
1260159,10,0.43034,11.0,X1,0,SHALLOW,.3-.5,False,True,True,True,False
1260241,10,0.33336,11.03,X3,2,DEEP,.3-.5,True,False,False,True,False
1260427,10,0.8175,10.75,X3,1,DEEP,.7-1.3,True,False,False,False,True
1260459,10,0.85674,11.18,X3,2,DEEP,.7-1.3,True,False,False,False,True
1260461,10,0.85855,10.67,X3,0,DEEP,.7-1.3,False,True,False,False,True
1260463,10,0.62023,10.31,X3,3,DEEP,.5-.7,True,False,False,False,True
1260522,10,0.74133,10.57,X3,0,DEEP,.7-1.3,False,True,False,False,True
1260551,10,0.55236,10.08,C1,1,SHALLOW,.5-.7,True,False,False,False,True
1260556,10,0.27437,10.38,C1,2,SHALLOW,.1-.3,True,False,False,True,False
1260568,10,0.53805,10.4,C1,2,SHALLOW,.5-.7,True,False,False,False,True
1260605,10,0.55534,10.34,C1,3,SHALLOW,.5-.7,True,False,False,False,True
1260639,10,0.59141,11.11,C2,4,SHALLOW,.5-.7,True,False,False,False,True
1260645,10,0.67405,10.72,C2,4,SHALLOW,.5-.7,True,False,False,False,True
1260889,10,0.52885,10.48,E2,3,SHALLOW,.5-.7,True,False,False,False,True
1260949,10,0.41568,9.22,E2,0,SHALLOW,.3-.5,False,True,False,True,False
1260954,10,0.69873,9.73,E2,1,SHALLOW,.5-.7,True,False,False,False,True
1261144,10,0.61069,9.77,C1,0,SHALLOW,.5-.7,False,True,False,False,True
1261163,10,0.61854,10.52,C1,4,SHALLOW,.5-.7,True,False,False,False,True
1261173,10,0.47377,9.93,C1,4,SHALLOW,.3-.5,True,False,False,True,False
1261191,10,0.66147,9.04,C1,3,SHALLOW,.5-.7,True,False,False,False,True
1261193,10,0.19246,9.99,C1,2,SHALLOW,.1-.3,True,False,False,True,False
1261233,10,0.53166,9.28,C3,0,DEEP,.5-.7,False,True,True,False,True
1261236,10,0.59789,10.94,C3,1,DEEP,.5-.7,True,False,True,False,True
1261259,10,0.52723,10.12,C3,2,DEEP,.5-.7,True,False,True,False,True
1261456,10,0.62162,10.69,X1,3,SHALLOW,.5-.7,True,False,True,False,True
1261503,10,0.35211,10.76,X2,0,SHALLOW,.3-.5,False,True,False,True,False
1261579,10,0.32214,11.22,X3,3,DEEP,.3-.5,True,False,False,True,False
1261587,10,0.65387,10.2,C3,3,DEEP,.5-.7,True,False,True,False,True
1261784,10,0.26523,10.12,C1,1,SHALLOW,.1-.3,True,False,False,True,False
1261963,10,0.27963,11.3,S1,3,SHALLOW,.1-.3,True,False,False,True,False
1262016,10,0.46694,9.42,X3,2,DEEP,.3-.5,True,False,False,True,False
1262055,10,0.58072,9.93,C1,3,SHALLOW,.5-.7,True,False,False,False,True
1262084,10,0.4536,10.74,C1,1,SHALLOW,.3-.5,True,False,False,True,False
1262128,10,0.11323,11.08,C2,0,SHALLOW,.1-.3,False,True,False,True,False
1262131,10,0.33802,10.22,C2,1,SHALLOW,.3-.5,True,False,False,True,False
1262135,10,0.38328,10.84,C2,1,SHALLOW,.3-.5,True,False,False,True,False
1262163,10,0.3352,10.66,C2,1,SHALLOW,.3-.5,True,False,False,True,False
1262181,10,0.46949,10.55,C2,0,SHALLOW,.3-.5,False,True,False,True,False
1262232,10,0.26103,8.65,C3,4,DEEP,.1-.3,True,False,True,True,False
1262252,10,0.45294,9.54,E1,4,SHALLOW,.3-.5,True,False,False,True,False
1262267,10,0.56215,11.04,E1,2,SHALLOW,.5-.7,True,False,False,False,True
1262550,10,0.29209,10.45,S2,4,SHALLOW,.1-.3,True,False,False,True,False
1262573,10,0.23747,11.15,S2,0,SHALLOW,.1-.3,False,True,False,True,False
1262588,10,0.40644,10.52,X2,2,SHALLOW,.3-.5,True,False,False,True,False
1262726,10,0.25378,10.81,X3,0,DEEP,.1-.3,False,True,False,True,False
1262736,10,0.52929,10.72,X3,2,DEEP,.5-.7,True,False,False,False,True
1262746,10,0.23079,10.48,X3,2,DEEP,.1-.3,True,False,False,True,False
1262803,10,0.61343,10.76,X3,2,DEEP,.5-.7,True,False,False,False,True
1262895,10,0.70548,10.65,C3,2,DEEP,.7-1.3,True,False,True,False,True
1262899,10,0.77692,10.14,C1,4,SHALLOW,.7-1.3,True,False,False,False,True
1263039,10,0.65514,10.21,X1,3,SHALLOW,.5-.7,True,False,True,False,True
1263062,10,0.50827,10.23,X1,1,SHALLOW,.5-.7,True,False,True,False,True
1263090,10,0.65206,10.8,X1,2,SHALLOW,.5-.7,True,False,True,False,True
1263125,10,1.02868,10.74,C3,2,DEEP,.7-1.3,True,False,True,False,True
1263130,10,0.68017,11.19,C3,1,DEEP,.5-.7,True,False,True,False,True
1263139,10,0.72737,9.44,C1,1,SHALLOW,.7-1.3,True,False,False,False,True
1263197,10,0.33778,10.14,C2,1,SHALLOW,.3-.5,True,False,False,True,False
1263244,10,0.45799,10.96,E2,4,SHALLOW,.3-.5,True,False,False,True,False
1263369,10,0.31251,10.48,S1,3,SHALLOW,.3-.5,True,False,False,True,False
1263580,10,0.58276,9.76,E1,1,SHALLOW,.5-.7,True,False,False,False,True
1263715,10,0.29185,8.72,S2,1,SHALLOW,.1-.3,True,False,False,True,False
1263785,10,1.0642,11.28,C3,4,DEEP,.7-1.3,True,False,True,False,True
1263788,10,0.75729,11.33,C3,4,DEEP,.7-1.3,True,False,True,False,True
1263829,10,0.5007,11.0,C1,0,SHALLOW,.5-.7,False,True,False,False,True
1263852,10,0.66083,11.03,C1,1,SHALLOW,.5-.7,True,False,False,False,True
1263856,10,0.69783,10.71,C1,1,SHALLOW,.5-.7,True,False,False,False,True
1263930,10,0.43578,10.1,C2,1,SHALLOW,.3-.5,True,False,False,True,False
1263936,10,0.49523,10.11,C2,1,SHALLOW,.3-.5,True,False,False,True,False
1264038,10,0.66362,10.54,C3,1,DEEP,.5-.7,True,False,True,False,True
1264039,10,0.4246,9.16,C3,3,DEEP,.3-.5,True,False,True,True,False
1264049,10,0.54397,9.29,S1,1,SHALLOW,.5-.7,True,False,False,False,True
1264068,10,0.33054,10.24,S1,0,SHALLOW,.3-.5,False,True,False,True,False
1264077,10,0.56459,10.1,S1,3,SHALLOW,.5-.7,True,False,False,False,True
1264106,10,0.42749,10.34,S1,3,SHALLOW,.3-.5,True,False,False,True,False
1264375,10,0.49572,10.25,X3,4,DEEP,.3-.5,True,False,False,True,False
1264434,10,0.31075,11.03,X3,3,DEEP,.3-.5,True,False,False,True,False
1264499,10,0.44841,10.6,X2,1,SHALLOW,.3-.5,True,False,False,True,False
1264512,10,0.36027,9.0,X2,4,SHALLOW,.3-.5,True,False,False,True,False
1264606,10,0.6811,10.74,C3,0,DEEP,.5-.7,False,True,True,False,True
1264631,10,0.55299,8.88,X3,0,DEEP,.5-.7,False,True,False,False,True
1264689,10,0.73162,9.87,X3,4,DEEP,.7-1.3,True,False,False,False,True
1264948,10,0.50394,10.3,E2,3,SHALLOW,.5-.7,True,False,False,False,True
1264963,10,0.55214,10.34,E2,2,SHALLOW,.5-.7,True,False,False,False,True
1265011,10,0.34689,10.46,S2,1,SHALLOW,.3-.5,True,False,False,True,False
1265040,10,0.42981,11.06,X1,4,SHALLOW,.3-.5,True,False,True,True,False
1265089,10,0.44472,10.96,X2,3,SHALLOW,.3-.5,True,False,False,True,False
1265134,10,0.47304,10.3,C3,1,DEEP,.3-.5,True,False,True,True,False
1265136,10,1.05303,10.35,C3,4,DEEP,.7-1.3,True,False,True,False,True
1265165,10,0.31752,10.86,S1,1,SHALLOW,.3-.5,True,False,False,True,False
1265169,10,0.68332,9.57,S1,0,SHALLOW,.5-.7,False,True,False,False,True
1265231,10,0.68397,10.79,X3,4,DEEP,.5-.7,True,False,False,False,True
1265260,10,0.60311,11.03,X3,2,DEEP,.5-.7,True,False,False,False,True
1265281,10,0.36021,9.18,X3,4,DEEP,.3-.5,True,False,False,True,False
1265349,10,0.79939,11.05,X3,2,DEEP,.7-1.3,True,False,False,False,True
1265426,10,0.42029,9.41,C2,3,SHALLOW,.3-.5,True,False,False,True,False
1265623,10,0.70978,10.77,C1,0,SHALLOW,.7-1.3,False,True,False,False,True
1265832,10,0.39876,10.79,E2,3,SHALLOW,.3-.5,True,False,False,True,False
1265990,10,0.58574,10.15,S2,1,SHALLOW,.5-.7,True,False,False,False,True
1266015,10,0.3616,10.67,S2,3,SHALLOW,.3-.5,True,False,False,True,False
1266255,10,0.29358,10.49,X3,0,DEEP,.1-.3,False,True,False,True,False
1266634,10,0.4982,9.51,S1,2,SHALLOW,.3-.5,True,False,False,True,False
1266808,10,0.3293,10.7,X1,0,SHALLOW,.3-.5,False,True,True,True,False
1266830,10,0.57039,10.87,X1,0,SHALLOW,.5-.7,False,True,True,False,True
1267094,10,0.62318,11.25,C1,4,SHALLOW,.5-.7,True,False,False,False,True
1271436,10,0.79511,11.37,C3,2,DEEP,.7-1.3,True,False,True,False,True
1273127,10,0.18937,10.47,E1,1,SHALLOW,.1-.3,True,False,False,True,False
1275873,10,0.40188,10.86,E2,1,SHALLOW,.3-.5,True,False,False,True,False
1275946,10,0.23212,7.97,E2,4,SHALLOW,.1-.3,True,False,False,True,False
1276546,10,0.35329,8.81,S2,2,SHALLOW,.3-.5,True,False,False,True,False
1277173,10,0.1494,10.99,X1,4,SHALLOW,.1-.3,True,False,True,True,False
1277710,10,0.68179,10.02,C3,0,DEEP,.5-.7,False,True,True,False,True
1277715,10,0.34601,9.09,C3,2,DEEP,.3-.5,True,False,True,True,False
1277716,10,0.69313,11.0,C3,4,DEEP,.5-.7,True,False,True,False,True
1277945,10,0.43369,11.22,C3,1,DEEP,.3-.5,True,False,True,True,False
1277995,10,0.72199,10.59,C3,0,DEEP,.7-1.3,False,True,True,False,True
1278493,10,0.27237,9.85,X2,0,SHALLOW,.1-.3,False,True,False,True,False
1278602,10,0.34799,10.4,S1,2,SHALLOW,.3-.5,True,False,False,True,False
1278747,10,0.32321,10.88,X2,1,SHALLOW,.3-.5,True,False,False,True,False
1279420,10,0.25691,10.98,C1,0,SHALLOW,.1-.3,False,True,False,True,False
1279488,10,0.49412,9.28,X3,0,DEEP,.3-.5,False,True,False,True,False
1279500,10,0.2347,9.71,X3,0,DEEP,.1-.3,False,True,False,True,False
1279501,10,0.56527,10.26,X3,2,DEEP,.5-.7,True,False,False,False,True
1279714,10,0.69938,10.67,X3,3,DEEP,.5-.7,True,False,False,False,True
1280135,10,0.77082,9.23,C1,3,SHALLOW,.7-1.3,True,False,False,False,True
1280240,10,0.05962,10.02,C2,1,SHALLOW,0-.1,True,False,False,True,False
1280332,10,0.49219,10.85,X3,4,DEEP,.3-.5,True,False,False,True,False
1280762,10,0.62617,9.28,C3,4,DEEP,.5-.7,True,False,True,False,True
1280780,10,0.68399,10.18,C3,1,DEEP,.5-.7,True,False,True,False,True
1280790,10,0.63211,10.39,C3,0,DEEP,.5-.7,False,True,True,False,True
1280792,10,0.68056,10.6,C3,0,DEEP,.5-.7,False,True,True,False,True
1280807,10,0.73899,9.78,C3,4,DEEP,.7-1.3,True,False,True,False,True
1281119,10,0.19902,10.99,C2,2,SHALLOW,.1-.3,True,False,False,True,False
1281135,10,0.65195,9.52,C2,4,SHALLOW,.5-.7,True,False,False,False,True
1281668,10,0.30697,9.95,E2,4,SHALLOW,.3-.5,True,False,False,True,False
1281691,10,0.57821,10.06,E2,4,SHALLOW,.5-.7,True,False,False,False,True
1281879,10,0.50547,10.64,S2,1,SHALLOW,.5-.7,True,False,False,False,True
1281886,10,0.38393,9.41,S2,4,SHALLOW,.3-.5,True,False,False,True,False
1282018,10,0.42376,10.72,S2,1,SHALLOW,.3-.5,True,False,False,True,False
1282114,10,0.21781,10.19,X1,4,SHALLOW,.1-.3,True,False,True,True,False
1282463,10,0.64685,11.04,S1,2,SHALLOW,.5-.7,True,False,False,False,True
1282736,10,0.37797,10.53,X2,0,SHALLOW,.3-.5,False,True,False,True,False
1282966,10,0.58012,9.59,C3,1,DEEP,.5-.7,True,False,True,False,True
1283272,10,0.38353,10.56,C1,4,SHALLOW,.3-.5,True,False,False,True,False
1283373,10,0.20753,10.29,C1,1,SHALLOW,.1-.3,True,False,False,True,False
1283855,10,0.56536,10.94,E1,4,SHALLOW,.5-.7,True,False,False,False,True
1283878,10,0.31286,11.25,X3,4,DEEP,.3-.5,True,False,False,True,False
1283923,10,0.14631,10.68,E2,0,SHALLOW,.1-.3,False,True,False,True,False
1283924,10,0.54888,8.96,E2,0,SHALLOW,.5-.7,False,True,False,False,True
1283936,10,0.36862,9.48,E2,0,SHALLOW,.3-.5,False,True,False,True,False
1284567,10,0.65483,8.82,E2,0,SHALLOW,.5-.7,False,True,False,False,True
1284601,10,0.40512,10.36,C2,1,SHALLOW,.3-.5,True,False,False,True,False
1285317,10,0.56441,8.51,E2,4,SHALLOW,.5-.7,True,False,False,False,True
1285539,10,0.48417,9.63,C2,0,SHALLOW,.3-.5,False,True,False,True,False
1286337,10,0.66296,9.02,E1,4,SHALLOW,.5-.7,True,False,False,False,True
1286881,10,0.5228,10.54,C2,4,SHALLOW,.5-.7,True,False,False,False,True
1287437,10,0.33681,11.31,C2,1,SHALLOW,.3-.5,True,False,False,True,False
1287883,10,0.65718,10.59,E1,0,SHALLOW,.5-.7,False,True,False,False,True
1288083,10,0.23048,10.06,X2,4,SHALLOW,.1-.3,True,False,False,True,False
1289288,10,0.29001,10.56,E2,1,SHALLOW,.1-.3,True,False,False,True,False
1289306,10,0.54268,10.77,E2,4,SHALLOW,.5-.7,True,False,False,False,True
1289366,10,0.37769,11.13,E2,4,SHALLOW,.3-.5,True,False,False,True,False
1289470,10,0.61207,10.76,C3,2,DEEP,.5-.7,True,False,True,False,True
1289555,10,0.56173,9.06,S2,1,SHALLOW,.5-.7,True,False,False,False,True
1289600,10,0.41962,9.45,C3,2,DEEP,.3-.5,True,False,True,True,False
1289664,10,0.25907,8.04,S2,2,SHALLOW,.1-.3,True,False,False,True,False
1289714,10,0.53582,10.29,C1,4,SHALLOW,.5-.7,True,False,False,False,True
1289812,10,0.70875,10.09,X3,1,DEEP,.7-1.3,True,False,False,False,True
1289913,10,0.38495,9.88,E1,3,SHALLOW,.3-.5,True,False,False,True,False
1289982,10,0.11621,8.22,C3,4,DEEP,.1-.3,True,False,True,True,False
1290007,10,0.43112,9.86,C3,4,DEEP,.3-.5,True,False,True,True,False
1290043,10,0.73488,11.19,C3,2,DEEP,.7-1.3,True,False,True,False,True
1290176,10,0.7953,10.47,C3,3,DEEP,.7-1.3,True,False,True,False,True
1290191,10,0.59506,9.28,C3,0,DEEP,.5-.7,False,True,True,False,True
1290323,10,0.59909,11.13,C3,1,DEEP,.5-.7,True,False,True,False,True
1290394,10,0.57153,10.79,E1,0,SHALLOW,.5-.7,False,True,False,False,True
1290593,10,0.67528,11.07,C3,2,DEEP,.5-.7,True,False,True,False,True
1290816,10,0.21847,8.79,C1,0,SHALLOW,.1-.3,False,True,False,True,False
1290948,10,0.5368,10.87,C1,3,SHALLOW,.5-.7,True,False,False,False,True
1290967,10,0.2811,9.99,C1,1,SHALLOW,.1-.3,True,False,False,True,False
1290995,10,0.54351,10.29,C1,1,SHALLOW,.5-.7,True,False,False,False,True
1291090,10,0.29199,9.47,E2,3,SHALLOW,.1-.3,True,False,False,True,False
1291143,10,0.47819,10.7,X2,4,SHALLOW,.3-.5,True,False,False,True,False
1291149,10,0.23057,10.14,X2,2,SHALLOW,.1-.3,True,False,False,True,False
1291155,10,0.51089,10.69,X2,2,SHALLOW,.5-.7,True,False,False,False,True
1291159,10,0.53976,11.08,X2,4,SHALLOW,.5-.7,True,False,False,False,True
1291242,10,0.27905,9.89,X2,3,SHALLOW,.1-.3,True,False,False,True,False
1291254,10,0.35021,9.9,E2,1,SHALLOW,.3-.5,True,False,False,True,False
1291346,10,0.2977,9.98,X2,4,SHALLOW,.1-.3,True,False,False,True,False
1291408,10,0.34721,11.21,E2,1,SHALLOW,.3-.5,True,False,False,True,False
1291511,10,0.37228,9.8,E2,3,SHALLOW,.3-.5,True,False,False,True,False
1291580,10,0.31268,10.06,C2,3,SHALLOW,.3-.5,True,False,False,True,False
1291733,10,0.54784,8.97,E2,0,SHALLOW,.5-.7,False,True,False,False,True
1291783,10,0.39821,10.22,E2,1,SHALLOW,.3-.5,True,False,False,True,False
1291788,10,0.384,9.08,C2,2,SHALLOW,.3-.5,True,False,False,True,False
1291794,10,0.39512,10.61,C2,1,SHALLOW,.3-.5,True,False,False,True,False
1291957,10,0.37143,7.67,E1,1,SHALLOW,.3-.5,True,False,False,True,False
1292033,10,0.32472,9.08,S1,4,SHALLOW,.3-.5,True,False,False,True,False
1292040,10,0.16897,9.64,S1,0,SHALLOW,.1-.3,False,True,False,True,False
1292145,10,0.49245,9.16,C2,1,SHALLOW,.3-.5,True,False,False,True,False
1292227,10,0.29185,10.2,S2,1,SHALLOW,.1-.3,True,False,False,True,False
1292332,10,0.27265,10.21,S2,3,SHALLOW,.1-.3,True,False,False,True,False
1292336,10,0.23355,9.12,S2,4,SHALLOW,.1-.3,True,False,False,True,False
1292560,10,0.22482,8.61,X1,4,SHALLOW,.1-.3,True,False,True,True,False
1292767,10,0.30893,8.36,X3,0,DEEP,.3-.5,False,True,False,True,False
1292823,10,0.34565,9.03,X3,4,DEEP,.3-.5,True,False,False,True,False
1292997,10,0.41447,11.01,X3,0,DEEP,.3-.5,False,True,False,True,False
1293006,10,0.50436,11.18,X1,4,SHALLOW,.5-.7,True,False,True,False,True
1293028,10,0.75366,10.96,X3,1,DEEP,.7-1.3,True,False,False,False,True
1293046,10,0.60736,10.95,X3,3,DEEP,.5-.7,True,False,False,False,True
1293275,10,0.30179,8.62,X2,4,SHALLOW,.3-.5,True,False,False,True,False
1293319,10,0.29686,9.14,X2,1,SHALLOW,.1-.3,True,False,False,True,False
1293366,10,0.3204,11.19,X2,0,SHALLOW,.3-.5,False,True,False,True,False
1293465,10,0.49801,10.69,X2,1,SHALLOW,.3-.5,True,False,False,True,False
1293758,10,0.14812,10.81,E1,3,SHALLOW,.1-.3,True,False,False,True,False
1293783,10,0.32874,11.04,C3,4,DEEP,.3-.5,True,False,True,True,False
1293789,10,0.42857,10.61,C3,0,DEEP,.3-.5,False,True,True,True,False
1293832,10,0.81325,10.95,C3,4,DEEP,.7-1.3,True,False,True,False,True
1293921,10,0.50492,10.38,C3,3,DEEP,.5-.7,True,False,True,False,True
1294137,10,0.47085,9.18,S1,3,SHALLOW,.3-.5,True,False,False,True,False
1294340,10,0.36087,9.87,S2,3,SHALLOW,.3-.5,True,False,False,True,False
1294341,10,0.36798,10.37,S2,0,SHALLOW,.3-.5,False,True,False,True,False
1294351,10,0.33828,9.32,S2,4,SHALLOW,.3-.5,True,False,False,True,False
1294667,10,0.62818,10.98,X3,2,DEEP,.5-.7,True,False,False,False,True
1294743,10,0.31257,10.24,X3,2,DEEP,.3-.5,True,False,False,True,False
1294806,10,0.52535,8.54,C2,3,SHALLOW,.5-.7,True,False,False,False,True
1294948,10,0.30246,9.63,C2,2,SHALLOW,.3-.5,True,False,False,True,False
1294971,10,0.58822,10.12,C2,4,SHALLOW,.5-.7,True,False,False,False,True
1295024,10,0.33386,10.34,X2,2,SHALLOW,.3-.5,True,False,False,True,False
1295027,10,0.42561,10.08,X2,2,SHALLOW,.3-.5,True,False,False,True,False
1295079,10,0.54436,10.22,X2,1,SHALLOW,.5-.7,True,False,False,False,True
1295249,10,0.53251,10.63,C1,4,SHALLOW,.5-.7,True,False,False,False,True
1295285,10,0.52513,10.32,X3,3,DEEP,.5-.7,True,False,False,False,True
1295291,10,0.86179,9.3,X3,1,DEEP,.7-1.3,True,False,False,False,True
1295315,10,0.34886,10.9,C1,4,SHALLOW,.3-.5,True,False,False,True,False
1295436,10,0.29584,9.19,X3,0,DEEP,.1-.3,False,True,False,True,False
1295509,10,0.68363,9.81,C3,0,DEEP,.5-.7,False,True,True,False,True
1295527,10,0.88491,10.91,C3,1,DEEP,.7-1.3,True,False,True,False,True
1295550,10,0.8727,9.9,C3,3,DEEP,.7-1.3,True,False,True,False,True
1295592,10,0.35631,10.91,C3,1,DEEP,.3-.5,True,False,True,True,False
1295685,10,0.55929,10.23,E1,0,SHALLOW,.5-.7,False,True,False,False,True
1295794,10,0.67098,11.44,C3,0,DEEP,.5-.7,False,True,True,False,True
1295800,10,0.74855,10.12,C3,3,DEEP,.7-1.3,True,False,True,False,True
1296161,10,0.86243,10.44,X3,1,DEEP,.7-1.3,True,False,False,False,True
1296173,10,0.65763,10.38,X3,3,DEEP,.5-.7,True,False,False,False,True
1296321,10,0.18444,9.32,S2,0,SHALLOW,.1-.3,False,True,False,True,False
1296657,10,0.14624,9.47,X2,0,SHALLOW,.1-.3,False,True,False,True,False
1296671,10,0.64852,10.1,X2,4,SHALLOW,.5-.7,True,False,False,False,True
1296793,10,0.64392,10.35,X2,1,SHALLOW,.5-.7,True,False,False,False,True
1296802,10,0.74392,10.93,X3,2,DEEP,.7-1.3,True,False,False,False,True
1296919,10,0.67698,9.38,X3,1,DEEP,.5-.7,True,False,False,False,True
1296963,10,0.48813,10.85,S1,0,SHALLOW,.3-.5,False,True,False,True,False
1297026,10,0.25854,10.87,X3,0,DEEP,.1-.3,False,True,False,True,False
1297061,10,0.53387,10.01,C1,2,SHALLOW,.5-.7,True,False,False,False,True
1297063,10,0.43516,10.59,C1,1,SHALLOW,.3-.5,True,False,False,True,False
1297064,10,0.65045,10.8,C1,3,SHALLOW,.5-.7,True,False,False,False,True
1297070,10,0.73069,11.11,C3,1,DEEP,.7-1.3,True,False,True,False,True
1297157,10,0.54888,10.65,C1,3,SHALLOW,.5-.7,True,False,False,False,True
1297318,10,0.33479,10.04,C2,2,SHALLOW,.3-.5,True,False,False,True,False
1297353,10,0.54402,9.66,C2,2,SHALLOW,.5-.7,True,False,False,False,True
1297365,10,0.34316,10.15,C2,0,SHALLOW,.3-.5,False,True,False,True,False
1297377,10,0.60981,10.7,C3,0,DEEP,.5-.7,False,True,True,False,True
1297465,10,0.27784,10.01,C3,0,DEEP,.1-.3,False,True,True,True,False
1297490,10,0.73677,10.5,C3,1,DEEP,.7-1.3,True,False,True,False,True
1297501,10,0.21492,9.47,C3,0,DEEP,.1-.3,False,True,True,True,False
1297532,10,0.86461,11.37,C3,4,DEEP,.7-1.3,True,False,True,False,True
1297580,10,0.63561,10.54,C3,0,DEEP,.5-.7,False,True,True,False,True
1297742,10,0.46256,10.87,E1,1,SHALLOW,.3-.5,True,False,False,True,False
1297927,10,0.28513,9.51,E2,3,SHALLOW,.1-.3,True,False,False,True,False
1298079,10,0.26048,11.17,S1,4,SHALLOW,.1-.3,True,False,False,True,False
1298246,10,0.60946,10.7,S1,3,SHALLOW,.5-.7,True,False,False,False,True
1298266,10,0.4893,9.96,S2,1,SHALLOW,.3-.5,True,False,False,True,False
1298369,10,0.47792,11.42,X1,1,SHALLOW,.3-.5,True,False,True,True,False
1298763,10,0.6096,10.68,X1,3,SHALLOW,.5-.7,True,False,True,False,True
1298893,10,0.19616,10.79,X2,3,SHALLOW,.1-.3,True,False,False,True,False
1299033,10,0.69226,10.8,X2,2,SHALLOW,.5-.7,True,False,False,False,True
1299090,10,0.68339,10.41,X2,3,SHALLOW,.5-.7,True,False,False,False,True
1299190,10,0.69836,9.63,X3,0,DEEP,.5-.7,False,True,False,False,True
1299258,10,0.80109,11.32,X3,1,DEEP,.7-1.3,True,False,False,False,True
1299266,10,0.91289,10.73,X3,4,DEEP,.7-1.3,True,False,False,False,True
1299327,10,0.98158,10.47,X3,4,DEEP,.7-1.3,True,False,False,False,True
1299439,10,0.59158,10.2,E2,2,SHALLOW,.5-.7,True,False,False,False,True
1299503,10,0.29498,9.16,X3,2,DEEP,.1-.3,True,False,False,True,False
1299643,10,0.37678,9.41,C1,3,SHALLOW,.3-.5,True,False,False,True,False
1299712,10,0.73064,11.02,C2,3,SHALLOW,.7-1.3,True,False,False,False,True
1299746,10,0.36571,10.26,C2,2,SHALLOW,.3-.5,True,False,False,True,False
1299758,10,0.47241,10.27,C2,4,SHALLOW,.3-.5,True,False,False,True,False
1299775,10,0.16008,10.7,C2,1,SHALLOW,.1-.3,True,False,False,True,False
1299785,10,0.38131,10.11,C2,1,SHALLOW,.3-.5,True,False,False,True,False
1300025,10,0.41357,9.76,S1,4,SHALLOW,.3-.5,True,False,False,True,False
1300084,10,0.61843,9.96,S1,2,SHALLOW,.5-.7,True,False,False,False,True
1300160,10,0.40925,10.76,S2,3,SHALLOW,.3-.5,True,False,False,True,False
1300179,10,0.31722,10.01,S2,2,SHALLOW,.3-.5,True,False,False,True,False
1300390,10,0.26765,10.35,E1,3,SHALLOW,.1-.3,True,False,False,True,False
1300441,10,0.48485,9.26,E2,0,SHALLOW,.3-.5,False,True,False,True,False
1300470,10,0.51413,10.68,E2,2,SHALLOW,.5-.7,True,False,False,False,True
1300516,10,0.31042,9.75,X1,3,SHALLOW,.3-.5,True,False,True,True,False
1300517,10,0.40031,10.72,E2,3,SHALLOW,.3-.5,True,False,False,True,False
1300531,10,0.58454,9.24,E2,4,SHALLOW,.5-.7,True,False,False,False,True
1300590,10,0.65633,10.81,X1,3,SHALLOW,.5-.7,True,False,True,False,True
1300703,10,0.29571,10.78,X3,0,DEEP,.1-.3,False,True,False,True,False
1300777,10,0.81684,11.04,X3,1,DEEP,.7-1.3,True,False,False,False,True
1300912,10,0.3378,9.59,C3,1,DEEP,.3-.5,True,False,True,True,False
1301142,10,0.71139,9.82,S2,0,SHALLOW,.7-1.3,False,True,False,False,True
1301332,10,0.46754,10.68,S2,2,SHALLOW,.3-.5,True,False,False,True,False
1301397,10,0.60955,10.47,S2,3,SHALLOW,.5-.7,True,False,False,False,True
1301915,10,0.62043,11.01,C1,0,SHALLOW,.5-.7,False,True,False,False,True
1301933,10,0.32959,9.73,X3,1,DEEP,.3-.5,True,False,False,True,False
1301936,10,0.34304,8.93,C2,1,SHALLOW,.3-.5,True,False,False,True,False
1301963,10,0.41527,10.24,C2,0,SHALLOW,.3-.5,False,True,False,True,False
1302027,10,0.74899,11.15,C2,2,SHALLOW,.7-1.3,True,False,False,False,True
1302055,10,0.54327,11.08,C2,1,SHALLOW,.5-.7,True,False,False,False,True
1302073,10,0.58845,10.41,C2,3,SHALLOW,.5-.7,True,False,False,False,True
1302110,10,0.45351,10.58,E1,3,SHALLOW,.3-.5,True,False,False,True,False
1302117,10,0.49238,10.45,E1,0,SHALLOW,.3-.5,False,True,False,True,False
1302123,10,0.29156,10.5,C3,2,DEEP,.1-.3,True,False,True,True,False
1302185,10,0.73717,9.96,C3,4,DEEP,.7-1.3,True,False,True,False,True
1302187,10,0.21942,9.47,C3,0,DEEP,.1-.3,False,True,True,True,False
1302188,10,0.34895,8.73,C3,4,DEEP,.3-.5,True,False,True,True,False
1302199,10,0.87001,9.54,C3,3,DEEP,.7-1.3,True,False,True,False,True
1302346,10,0.53042,10.77,E2,0,SHALLOW,.5-.7,False,True,False,False,True
1302353,10,0.57193,10.64,E2,4,SHALLOW,.5-.7,True,False,False,False,True
1302359,10,0.25308,10.96,C3,3,DEEP,.1-.3,True,False,True,True,False
1302399,10,0.76495,10.81,C3,1,DEEP,.7-1.3,True,False,True,False,True
1302418,10,0.4778,10.7,E2,2,SHALLOW,.3-.5,True,False,False,True,False
1302523,10,0.42391,10.51,X3,1,DEEP,.3-.5,True,False,False,True,False
1302550,10,0.75249,10.68,X3,0,DEEP,.7-1.3,False,True,False,False,True
1302564,10,0.52716,10.86,X3,4,DEEP,.5-.7,True,False,False,False,True
1302572,10,0.5874,11.01,E1,3,SHALLOW,.5-.7,True,False,False,False,True
1302635,10,0.20268,9.05,E2,3,SHALLOW,.1-.3,True,False,False,True,False
1302648,10,0.23171,10.11,E2,1,SHALLOW,.1-.3,True,False,False,True,False
1302675,10,1.02836,10.22,X3,0,DEEP,.7-1.3,False,True,False,False,True
1302705,10,0.79229,10.24,E2,1,SHALLOW,.7-1.3,True,False,False,False,True
1302719,10,0.64527,10.2,E2,2,SHALLOW,.5-.7,True,False,False,False,True
1302738,10,0.67783,11.27,E2,4,SHALLOW,.5-.7,True,False,False,False,True
1302901,10,0.62618,10.87,S2,0,SHALLOW,.5-.7,False,True,False,False,True
1302915,10,0.35921,10.26,S2,1,SHALLOW,.3-.5,True,False,False,True,False
1303118,10,0.58838,10.8,X2,1,SHALLOW,.5-.7,True,False,False,False,True
1303140,10,0.49592,10.07,X1,3,SHALLOW,.3-.5,True,False,True,True,False
1303197,10,0.52562,10.95,X3,1,DEEP,.5-.7,True,False,False,False,True
1303215,10,0.32869,10.19,C1,3,SHALLOW,.3-.5,True,False,False,True,False
1303257,10,0.77159,8.95,X3,2,DEEP,.7-1.3,True,False,False,False,True
1303314,10,0.60491,10.65,X3,1,DEEP,.5-.7,True,False,False,False,True
1303317,10,0.47429,10.72,X3,0,DEEP,.3-.5,False,True,False,True,False
1303466,10,0.65274,9.65,C2,2,SHALLOW,.5-.7,True,False,False,False,True
1303496,10,0.17978,10.42,C2,1,SHALLOW,.1-.3,True,False,False,True,False
1303658,10,0.66788,11.09,E1,4,SHALLOW,.5-.7,True,False,False,False,True
1303663,10,0.81825,8.86,E1,0,SHALLOW,.7-1.3,False,True,False,False,True
1303699,10,0.79547,11.61,C3,3,DEEP,.7-1.3,True,False,True,False,True
1303722,10,1.02468,10.39,C3,2,DEEP,.7-1.3,True,False,True,False,True
1303753,10,0.65242,9.68,E1,2,SHALLOW,.5-.7,True,False,False,False,True
1303881,10,0.77004,10.8,E2,3,SHALLOW,.7-1.3,True,False,False,False,True
1303883,10,0.25904,9.96,E2,4,SHALLOW,.1-.3,True,False,False,True,False
1303910,10,0.68456,9.55,E2,0,SHALLOW,.5-.7,False,True,False,False,True
1303952,10,0.56262,11.29,X2,1,SHALLOW,.5-.7,True,False,False,False,True
1304183,10,0.63502,9.11,E2,4,SHALLOW,.5-.7,True,False,False,False,True
1304193,10,0.45354,10.55,E2,0,SHALLOW,.3-.5,False,True,False,True,False
1304362,10,0.76177,10.95,E2,1,SHALLOW,.7-1.3,True,False,False,False,True
1304442,10,0.21711,9.27,C3,3,DEEP,.1-.3,True,False,True,True,False
1304456,10,0.42989,10.66,S2,4,SHALLOW,.3-.5,True,False,False,True,False
1304501,10,0.51882,9.43,S2,3,SHALLOW,.5-.7,True,False,False,False,True
1304503,10,0.52971,10.57,C3,2,DEEP,.5-.7,True,False,True,False,True
1304506,10,0.75421,10.45,C3,2,DEEP,.7-1.3,True,False,True,False,True
1304652,10,0.58126,9.5,S2,3,SHALLOW,.5-.7,True,False,False,False,True
1304678,10,0.21883,10.92,C1,4,SHALLOW,.1-.3,True,False,False,True,False
1304777,10,0.40476,11.15,C2,1,SHALLOW,.3-.5,True,False,False,True,False
1304779,10,0.55993,10.39,C2,1,SHALLOW,.5-.7,True,False,False,False,True
1304841,10,0.74126,11.05,E2,4,SHALLOW,.7-1.3,True,False,False,False,True
1304991,10,0.65866,9.3,S1,4,SHALLOW,.5-.7,True,False,False,False,True
1305051,10,0.29887,10.21,S1,0,SHALLOW,.1-.3,False,True,False,True,False
1305219,10,0.61633,10.22,S1,0,SHALLOW,.5-.7,False,True,False,False,True
1305276,10,0.25286,10.2,X1,2,SHALLOW,.1-.3,True,False,True,True,False
1305308,10,0.68972,11.01,X1,2,SHALLOW,.5-.7,True,False,True,False,True
1305350,10,0.49263,9.51,X2,2,SHALLOW,.3-.5,True,False,False,True,False
1305409,10,0.61935,10.45,X2,2,SHALLOW,.5-.7,True,False,False,False,True
1305486,10,0.89888,11.01,X3,1,DEEP,.7-1.3,True,False,False,False,True
1305504,10,0.49559,11.28,X3,1,DEEP,.3-.5,True,False,False,True,False
1305541,10,0.83293,10.79,X3,2,DEEP,.7-1.3,True,False,False,False,True
1305626,10,0.32572,9.25,X3,0,DEEP,.3-.5,False,True,False,True,False
1305687,10,0.6274,10.96,S2,1,SHALLOW,.5-.7,True,False,False,False,True
1305756,10,0.27589,8.89,C1,3,SHALLOW,.1-.3,True,False,False,True,False
1305785,10,0.47327,10.86,E2,2,SHALLOW,.3-.5,True,False,False,True,False
1305807,10,0.56997,9.22,E2,2,SHALLOW,.5-.7,True,False,False,False,True
1305835,10,0.34196,10.53,E2,0,SHALLOW,.3-.5,False,True,False,True,False
1305873,10,0.60092,9.23,C3,1,DEEP,.5-.7,True,False,True,False,True
1305946,10,0.64663,10.66,X1,4,SHALLOW,.5-.7,True,False,True,False,True
1306059,10,0.60631,9.7,X3,2,DEEP,.5-.7,True,False,False,False,True
1306067,10,0.7222,10.36,C2,3,SHALLOW,.7-1.3,True,False,False,False,True
1306073,10,0.32858,10.47,X3,0,DEEP,.3-.5,False,True,False,True,False
1306110,10,0.60864,11.12,X3,3,DEEP,.5-.7,True,False,False,False,True
1306141,10,0.33239,9.75,C2,2,SHALLOW,.3-.5,True,False,False,True,False
1306360,10,0.45478,10.8,C1,0,SHALLOW,.3-.5,False,True,False,True,False
1306366,10,0.15062,9.06,S1,3,SHALLOW,.1-.3,True,False,False,True,False
1306378,10,0.36101,10.46,S1,3,SHALLOW,.3-.5,True,False,False,True,False
1306390,10,0.40911,10.41,S1,2,SHALLOW,.3-.5,True,False,False,True,False
1306423,10,0.44638,9.85,S1,4,SHALLOW,.3-.5,True,False,False,True,False
1306578,10,0.42044,10.4,E1,1,SHALLOW,.3-.5,True,False,False,True,False
1306626,10,0.42089,8.77,C1,1,SHALLOW,.3-.5,True,False,False,True,False
1306736,10,0.55145,10.86,C1,0,SHALLOW,.5-.7,False,True,False,False,True
1306980,10,0.54674,10.33,E1,0,SHALLOW,.5-.7,False,True,False,False,True
1306986,10,0.44808,10.65,E1,3,SHALLOW,.3-.5,True,False,False,True,False
1306991,10,0.42199,10.95,E1,4,SHALLOW,.3-.5,True,False,False,True,False
1307261,10,0.70351,10.77,X3,1,DEEP,.7-1.3,True,False,False,False,True
1307277,10,0.41113,10.36,S2,4,SHALLOW,.3-.5,True,False,False,True,False
1307748,10,0.52527,11.13,C3,1,DEEP,.5-.7,True,False,True,False,True
1307783,10,0.74061,10.98,C3,4,DEEP,.7-1.3,True,False,True,False,True
1307830,10,0.35948,10.39,C3,4,DEEP,.3-.5,True,False,True,True,False
1307843,10,0.92146,9.58,C3,0,DEEP,.7-1.3,False,True,True,False,True
1308314,10,0.40647,7.93,C2,1,SHALLOW,.3-.5,True,False,False,True,False
1308326,10,0.32622,9.58,S1,0,SHALLOW,.3-.5,False,True,False,True,False
1308357,10,0.34157,10.3,S2,3,SHALLOW,.3-.5,True,False,False,True,False
1308453,10,0.75572,10.22,X3,4,DEEP,.7-1.3,True,False,False,False,True
1308529,10,0.72212,9.77,X3,3,DEEP,.7-1.3,True,False,False,False,True
1308568,10,0.64304,8.7,X1,4,SHALLOW,.5-.7,True,False,True,False,True
1308582,10,0.36704,10.66,X3,4,DEEP,.3-.5,True,False,False,True,False
1308589,10,0.68576,9.18,C3,2,DEEP,.5-.7,True,False,True,False,True
1308916,10,0.43769,9.83,C1,2,SHALLOW,.3-.5,True,False,False,True,False
1309013,10,0.2126,10.49,X2,0,SHALLOW,.1-.3,False,True,False,True,False
1309051,10,0.59629,11.28,X2,0,SHALLOW,.5-.7,False,True,False,False,True
1309215,10,0.77464,10.0,C3,3,DEEP,.7-1.3,True,False,True,False,True
1309227,10,0.92576,10.25,C3,1,DEEP,.7-1.3,True,False,True,False,True
1309288,10,0.26793,10.93,C2,2,SHALLOW,.1-.3,True,False,False,True,False
1309293,10,0.33472,9.23,C2,4,SHALLOW,.3-.5,True,False,False,True,False
1309323,10,0.48309,9.22,C2,4,SHALLOW,.3-.5,True,False,False,True,False
1309330,10,0.34472,9.06,C2,0,SHALLOW,.3-.5,False,True,False,True,False
1309376,10,0.74009,11.03,C1,0,SHALLOW,.7-1.3,False,True,False,False,True
1309492,10,0.33352,9.33,C3,4,DEEP,.3-.5,True,False,True,True,False
1309509,10,0.96296,10.25,C3,4,DEEP,.7-1.3,True,False,True,False,True
1309551,10,0.65135,9.1,E1,0,SHALLOW,.5-.7,False,True,False,False,True
1309694,10,0.45353,10.29,E2,2,SHALLOW,.3-.5,True,False,False,True,False
1309696,10,0.80954,10.74,E2,0,SHALLOW,.7-1.3,False,True,False,False,True
1309870,10,1.01382,11.25,C3,0,DEEP,.7-1.3,False,True,True,False,True
1309874,10,0.27001,10.91,E2,4,SHALLOW,.1-.3,True,False,False,True,False
1309982,10,1.08142,10.93,C3,3,DEEP,.7-1.3,True,False,True,False,True
1310073,10,0.62703,8.53,S1,2,SHALLOW,.5-.7,True,False,False,False,True
1310182,10,0.49611,9.88,S2,1,SHALLOW,.3-.5,True,False,False,True,False
1310236,10,0.69085,10.56,S2,0,SHALLOW,.5-.7,False,True,False,False,True
1310294,10,0.43967,8.9,X1,1,SHALLOW,.3-.5,True,False,True,True,False
1310303,10,0.6953,9.42,X1,3,SHALLOW,.5-.7,True,False,True,False,True
1310304,10,0.66881,10.89,X1,4,SHALLOW,.5-.7,True,False,True,False,True
1310367,10,0.23332,10.54,X2,2,SHALLOW,.1-.3,True,False,False,True,False
1310396,10,0.3225,9.3,X2,0,SHALLOW,.3-.5,False,True,False,True,False
1310432,10,0.29471,10.32,X2,1,SHALLOW,.1-.3,True,False,False,True,False
1310475,10,0.66375,9.11,X2,0,SHALLOW,.5-.7,False,True,False,False,True
1310485,10,0.43313,9.29,X2,3,SHALLOW,.3-.5,True,False,False,True,False
1310916,10,0.67923,10.84,C2,3,SHALLOW,.5-.7,True,False,False,False,True
1310963,10,0.45919,10.0,C2,2,SHALLOW,.3-.5,True,False,False,True,False
1310964,10,0.75147,10.17,C2,2,SHALLOW,.7-1.3,True,False,False,False,True
1311001,10,0.63094,11.27,C3,1,DEEP,.5-.7,True,False,True,False,True
1311113,10,0.61533,9.02,C3,4,DEEP,.5-.7,True,False,True,False,True
1311151,10,0.67765,10.69,C3,2,DEEP,.5-.7,True,False,True,False,True
1311247,10,0.44183,10.78,E2,4,SHALLOW,.3-.5,True,False,False,True,False
1311394,10,0.34291,10.21,E2,4,SHALLOW,.3-.5,True,False,False,True,False
1311496,10,0.69066,10.17,S2,0,SHALLOW,.5-.7,False,True,False,False,True
1311590,10,0.5591,9.81,X1,3,SHALLOW,.5-.7,True,False,True,False,True
1311631,10,0.64039,10.97,X1,3,SHALLOW,.5-.7,True,False,True,False,True
1311632,10,0.4242,10.38,X1,3,SHALLOW,.3-.5,True,False,True,True,False
1311755,10,0.471,9.45,X3,2,DEEP,.3-.5,True,False,False,True,False
1311884,10,0.68136,9.74,X3,4,DEEP,.5-.7,True,False,False,False,True
1311903,10,0.71912,9.91,X3,4,DEEP,.7-1.3,True,False,False,False,True
1311921,10,1.04436,11.45,X3,3,DEEP,.7-1.3,True,False,False,False,True
1312164,10,0.52327,9.66,E2,3,SHALLOW,.5-.7,True,False,False,False,True
1312171,10,0.50043,10.56,E2,3,SHALLOW,.5-.7,True,False,False,False,True
1312213,10,0.40697,10.2,S1,4,SHALLOW,.3-.5,True,False,False,True,False
1312274,10,0.4245,10.52,S1,0,SHALLOW,.3-.5,False,True,False,True,False
1312818,10,0.72292,10.7,C1,1,SHALLOW,.7-1.3,True,False,False,False,True
1312821,10,0.66121,9.52,C1,3,SHALLOW,.5-.7,True,False,False,False,True
1312897,10,0.28578,10.55,X3,0,DEEP,.1-.3,False,True,False,True,False
1313026,10,0.53696,10.34,C2,3,SHALLOW,.5-.7,True,False,False,False,True
1313057,10,0.33754,10.38,C3,3,DEEP,.3-.5,True,False,True,True,False
1313177,10,0.63498,10.55,E1,1,SHALLOW,.5-.7,True,False,False,False,True
1313230,10,0.21792,10.22,E1,2,SHALLOW,.1-.3,True,False,False,True,False
1313434,10,0.69071,9.84,E2,3,SHALLOW,.5-.7,True,False,False,False,True
1313572,10,0.7013,10.08,S2,4,SHALLOW,.7-1.3,True,False,False,False,True
1313594,10,0.28834,10.08,X1,1,SHALLOW,.1-.3,True,False,True,True,False
1313698,10,0.43619,9.9,X1,2,SHALLOW,.3-.5,True,False,True,True,False
1314047,10,0.45696,9.74,X3,1,DEEP,.3-.5,True,False,False,True,False
1314067,10,0.43365,9.35,X3,1,DEEP,.3-.5,True,False,False,True,False
1314071,10,0.32707,10.14,X3,4,DEEP,.3-.5,True,False,False,True,False
1314162,10,0.58141,11.0,X3,4,DEEP,.5-.7,True,False,False,False,True
1314296,10,0.70426,10.46,X3,1,DEEP,.7-1.3,True,False,False,False,True
1314317,10,0.78665,11.25,X3,4,DEEP,.7-1.3,True,False,False,False,True
1314554,10,0.35159,10.83,S1,4,SHALLOW,.3-.5,True,False,False,True,False
1314581,10,0.5745,9.76,S1,4,SHALLOW,.5-.7,True,False,False,False,True
1314709,10,0.65988,9.78,C1,4,SHALLOW,.5-.7,True,False,False,False,True
1314847,10,0.52053,11.21,X3,2,DEEP,.5-.7,True,False,False,False,True
1314897,10,0.33662,10.9,X3,1,DEEP,.3-.5,True,False,False,True,False
1315191,10,0.58357,10.53,S1,4,SHALLOW,.5-.7,True,False,False,False,True
1315192,10,0.22714,10.44,S1,0,SHALLOW,.1-.3,False,True,False,True,False
1315197,10,0.20823,10.15,S1,1,SHALLOW,.1-.3,True,False,False,True,False
1315259,10,0.22806,11.38,S2,1,SHALLOW,.1-.3,True,False,False,True,False
1315296,10,0.41257,9.61,S2,4,SHALLOW,.3-.5,True,False,False,True,False
1315570,10,0.61273,10.8,C3,2,DEEP,.5-.7,True,False,True,False,True
1315795,10,0.37813,11.51,C1,1,SHALLOW,.3-.5,True,False,False,True,False
1315806,10,0.69525,10.65,C1,0,SHALLOW,.5-.7,False,True,False,False,True
1315818,10,0.55218,10.09,C1,0,SHALLOW,.5-.7,False,True,False,False,True
1315832,10,0.6291,9.98,C2,2,SHALLOW,.5-.7,True,False,False,False,True
1315890,10,0.56699,10.47,E1,3,SHALLOW,.5-.7,True,False,False,False,True
1315910,10,0.39365,10.88,E1,1,SHALLOW,.3-.5,True,False,False,True,False
1315947,10,0.73781,10.4,C3,3,DEEP,.7-1.3,True,False,True,False,True
1315950,10,0.35948,10.69,C3,3,DEEP,.3-.5,True,False,True,True,False
1315974,10,0.81174,10.79,C3,1,DEEP,.7-1.3,True,False,True,False,True
1316385,10,0.1474,9.91,C1,4,SHALLOW,.1-.3,True,False,False,True,False
1316461,10,0.60984,10.96,C3,4,DEEP,.5-.7,True,False,True,False,True
1316465,10,0.32909,9.12,C3,2,DEEP,.3-.5,True,False,True,True,False
1316487,10,0.77627,11.22,C3,3,DEEP,.7-1.3,True,False,True,False,True
1316626,10,0.61601,9.93,C3,4,DEEP,.5-.7,True,False,True,False,True
1316701,10,0.36115,9.56,S1,4,SHALLOW,.3-.5,True,False,False,True,False
1316831,10,0.43848,10.74,X1,2,SHALLOW,.3-.5,True,False,True,True,False
1316853,10,0.69304,9.27,X1,3,SHALLOW,.5-.7,True,False,True,False,True
1316989,10,0.55343,11.06,X1,2,SHALLOW,.5-.7,True,False,True,False,True
1317164,10,0.15459,10.82,X1,4,SHALLOW,.1-.3,True,False,True,True,False
1317277,10,0.2371,10.09,X2,1,SHALLOW,.1-.3,True,False,False,True,False
1317372,10,0.74393,11.2,X3,3,DEEP,.7-1.3,True,False,False,False,True
1317496,10,0.64429,8.81,E1,2,SHALLOW,.5-.7,True,False,False,False,True
1317526,10,0.4316,9.16,X3,1,DEEP,.3-.5,True,False,False,True,False
1317612,10,0.10442,10.72,E1,1,SHALLOW,.1-.3,True,False,False,True,False
1317666,10,0.14136,10.06,X3,1,DEEP,.1-.3,True,False,False,True,False
1317724,10,0.46775,10.41,X3,1,DEEP,.3-.5,True,False,False,True,False
1317783,10,0.39436,9.04,S1,1,SHALLOW,.3-.5,True,False,False,True,False
1317956,10,0.86917,11.22,X3,1,DEEP,.7-1.3,True,False,False,False,True
1318052,10,0.48068,8.96,C3,0,DEEP,.3-.5,False,True,True,True,False
1318126,10,0.37298,9.41,E2,0,SHALLOW,.3-.5,False,True,False,True,False
1318158,10,0.78604,10.9,E2,1,SHALLOW,.7-1.3,True,False,False,False,True
1318235,10,0.36002,9.84,S2,1,SHALLOW,.3-.5,True,False,False,True,False
1318266,10,0.40626,10.99,E2,1,SHALLOW,.3-.5,True,False,False,True,False
1318304,10,0.39764,9.62,S2,2,SHALLOW,.3-.5,True,False,False,True,False
1318460,10,0.36604,8.73,S2,3,SHALLOW,.3-.5,True,False,False,True,False
1318659,10,0.42354,8.82,C2,3,SHALLOW,.3-.5,True,False,False,True,False
1318661,10,0.34451,10.79,C2,4,SHALLOW,.3-.5,True,False,False,True,False
1318689,10,0.49338,8.74,C2,1,SHALLOW,.3-.5,True,False,False,True,False
1318847,10,0.65992,9.21,S1,2,SHALLOW,.5-.7,True,False,False,False,True
1319058,10,0.66811,11.03,X1,1,SHALLOW,.5-.7,True,False,True,False,True
1319066,10,0.33403,8.88,C2,0,SHALLOW,.3-.5,False,True,False,True,False
1319366,10,0.23482,9.56,S2,3,SHALLOW,.1-.3,True,False,False,True,False
1319539,10,0.37176,10.55,S2,1,SHALLOW,.3-.5,True,False,False,True,False
1319653,10,0.59552,10.6,C1,1,SHALLOW,.5-.7,True,False,False,False,True
1319667,10,0.67756,10.81,C1,4,SHALLOW,.5-.7,True,False,False,False,True
1319711,10,0.24171,10.11,X3,3,DEEP,.1-.3,True,False,False,True,False
1319776,10,0.6598,10.24,C1,0,SHALLOW,.5-.7,False,True,False,False,True
1319821,10,0.3088,10.25,C2,0,SHALLOW,.3-.5,False,True,False,True,False
1319840,10,0.4897,10.29,C2,4,SHALLOW,.3-.5,True,False,False,True,False
1319870,10,0.26767,10.3,C2,0,SHALLOW,.1-.3,False,True,False,True,False
1319898,10,0.7286,11.08,C3,3,DEEP,.7-1.3,True,False,True,False,True
1319926,10,0.56341,9.76,C2,1,SHALLOW,.5-.7,True,False,False,False,True
1320009,10,0.69164,10.75,C3,2,DEEP,.5-.7,True,False,True,False,True
1320030,10,0.68141,10.44,C3,3,DEEP,.5-.7,True,False,True,False,True
1320126,10,0.52685,10.65,E2,1,SHALLOW,.5-.7,True,False,False,False,True
1320278,10,0.57508,10.98,S2,2,SHALLOW,.5-.7,True,False,False,False,True
1320367,10,0.40109,9.31,S2,2,SHALLOW,.3-.5,True,False,False,True,False
1320447,10,0.57892,11.03,S2,2,SHALLOW,.5-.7,True,False,False,False,True
1320474,10,0.78842,10.59,C1,1,SHALLOW,.7-1.3,True,False,False,False,True
1320501,10,0.33683,10.72,S2,0,SHALLOW,.3-.5,False,True,False,True,False
1320704,10,0.26996,10.92,S1,0,SHALLOW,.1-.3,False,True,False,True,False
1320762,10,0.51339,9.23,S1,2,SHALLOW,.5-.7,True,False,False,False,True
1320843,10,0.60874,9.38,S1,4,SHALLOW,.5-.7,True,False,False,False,True
1321006,10,0.30244,11.29,X2,3,SHALLOW,.3-.5,True,False,False,True,False
1321116,10,0.62684,11.11,X3,1,DEEP,.5-.7,True,False,False,False,True
1321166,10,0.4351,10.74,X3,2,DEEP,.3-.5,True,False,False,True,False
1321261,10,0.58936,9.47,X1,4,SHALLOW,.5-.7,True,False,True,False,True
1321276,10,0.33121,9.97,X3,3,DEEP,.3-.5,True,False,False,True,False
1321338,10,0.31048,9.98,X2,2,SHALLOW,.3-.5,True,False,False,True,False
1321365,10,0.3127,8.91,X2,0,SHALLOW,.3-.5,False,True,False,True,False
1321450,10,0.25833,9.31,E1,0,SHALLOW,.1-.3,False,True,False,True,False
1321492,10,0.55467,10.43,E1,3,SHALLOW,.5-.7,True,False,False,False,True
1321522,10,0.17715,10.03,E1,1,SHALLOW,.1-.3,True,False,False,True,False
1321973,10,0.37043,10.96,X1,1,SHALLOW,.3-.5,True,False,True,True,False
1322229,10,0.52612,9.62,X3,1,DEEP,.5-.7,True,False,False,False,True
1322819,10,0.33759,11.54,C2,3,SHALLOW,.3-.5,True,False,False,True,False
1322912,10,0.65831,11.4,E1,0,SHALLOW,.5-.7,False,True,False,False,True
1322954,10,0.54327,10.23,C3,1,DEEP,.5-.7,True,False,True,False,True
1322975,10,0.84634,11.16,C3,1,DEEP,.7-1.3,True,False,True,False,True
1323016,10,0.33485,9.97,E2,1,SHALLOW,.3-.5,True,False,False,True,False
1323106,10,0.34417,10.36,X1,2,SHALLOW,.3-.5,True,False,True,True,False
1323349,10,0.50491,10.64,X3,4,DEEP,.5-.7,True,False,False,False,True
1323600,10,0.37044,10.63,S2,3,SHALLOW,.3-.5,True,False,False,True,False
1323740,10,0.77137,10.55,C3,4,DEEP,.7-1.3,True,False,True,False,True
1323777,10,0.5329,10.85,C3,1,DEEP,.5-.7,True,False,True,False,True
1323831,10,0.31079,10.62,C3,3,DEEP,.3-.5,True,False,True,True,False
1324062,10,0.70325,11.11,C3,3,DEEP,.7-1.3,True,False,True,False,True
1324509,10,0.21062,10.32,C2,3,SHALLOW,.1-.3,True,False,False,True,False
1324536,10,0.58899,10.15,C2,4,SHALLOW,.5-.7,True,False,False,False,True
1324542,10,0.54154,8.94,C2,3,SHALLOW,.5-.7,True,False,False,False,True
1324544,10,0.52973,9.58,C2,4,SHALLOW,.5-.7,True,False,False,False,True
1324562,10,0.35299,10.3,C2,2,SHALLOW,.3-.5,True,False,False,True,False
1324582,10,0.38185,11.06,C2,1,SHALLOW,.3-.5,True,False,False,True,False
1324685,10,0.54183,10.09,C3,2,DEEP,.5-.7,True,False,True,False,True
1324790,10,0.35723,9.33,C1,3,SHALLOW,.3-.5,True,False,False,True,False
1325191,10,0.7981,10.58,C3,1,DEEP,.7-1.3,True,False,True,False,True
1326273,10,0.56949,8.76,C3,2,DEEP,.5-.7,True,False,True,False,True
1326299,10,0.67382,9.62,C3,1,DEEP,.5-.7,True,False,True,False,True
1326367,10,0.55797,10.43,C1,2,SHALLOW,.5-.7,True,False,False,False,True
1327978,10,0.20699,10.89,E2,0,SHALLOW,.1-.3,False,True,False,True,False
1328016,10,0.35071,10.63,E2,0,SHALLOW,.3-.5,False,True,False,True,False
1328089,10,0.56864,9.6,E1,2,SHALLOW,.5-.7,True,False,False,False,True
1328103,10,0.57472,10.36,E1,2,SHALLOW,.5-.7,True,False,False,False,True
1328105,10,0.44153,11.11,E1,1,SHALLOW,.3-.5,True,False,False,True,False
1329168,10,0.67651,10.79,C3,2,DEEP,.5-.7,True,False,True,False,True
1329312,10,0.34478,10.86,X3,2,DEEP,.3-.5,True,False,False,True,False
1329365,10,0.61101,10.63,X3,4,DEEP,.5-.7,True,False,False,False,True
1329615,10,0.4036,10.93,X2,0,SHALLOW,.3-.5,False,True,False,True,False
1329622,10,0.48607,9.87,X2,2,SHALLOW,.3-.5,True,False,False,True,False
1329795,10,0.52558,10.78,S1,2,SHALLOW,.5-.7,True,False,False,False,True
1330031,10,0.10563,9.06,E2,0,SHALLOW,.1-.3,False,True,False,True,False
1330339,10,0.57914,10.88,C2,1,SHALLOW,.5-.7,True,False,False,False,True
1330350,10,0.76303,10.99,C3,3,DEEP,.7-1.3,True,False,True,False,True
1330403,10,0.7765,10.55,C2,2,SHALLOW,.7-1.3,True,False,False,False,True
1330530,10,0.33633,9.99,C1,1,SHALLOW,.3-.5,True,False,False,True,False
1330533,10,0.36444,10.19,C1,1,SHALLOW,.3-.5,True,False,False,True,False
1330559,10,0.68131,10.73,C1,2,SHALLOW,.5-.7,True,False,False,False,True
1330642,10,0.63391,9.32,X3,4,DEEP,.5-.7,True,False,False,False,True
1330817,10,0.27051,10.54,S2,4,SHALLOW,.1-.3,True,False,False,True,False
1330828,10,0.36705,10.39,S2,0,SHALLOW,.3-.5,False,True,False,True,False
1330903,10,0.56429,10.38,S2,1,SHALLOW,.5-.7,True,False,False,False,True
1330964,10,0.45085,10.82,C1,3,SHALLOW,.3-.5,True,False,False,True,False
1330995,10,0.71827,10.36,X2,0,SHALLOW,.7-1.3,False,True,False,False,True
1331123,10,0.22157,11.11,E1,4,SHALLOW,.1-.3,True,False,False,True,False
1331130,10,0.39189,10.41,E1,1,SHALLOW,.3-.5,True,False,False,True,False
1331344,10,0.54993,9.87,X1,4,SHALLOW,.5-.7,True,False,True,False,True
1331513,10,0.40572,9.87,S2,4,SHALLOW,.3-.5,True,False,False,True,False
1331660,10,0.72076,10.95,C1,0,SHALLOW,.7-1.3,False,True,False,False,True
1331700,10,0.36025,9.03,E2,4,SHALLOW,.3-.5,True,False,False,True,False
1331707,10,0.65395,10.53,E2,3,SHALLOW,.5-.7,True,False,False,False,True
1331719,10,0.58627,10.56,E2,4,SHALLOW,.5-.7,True,False,False,False,True
1331836,10,0.35667,10.65,X1,2,SHALLOW,.3-.5,True,False,True,True,False
1331883,10,0.61882,9.69,X3,3,DEEP,.5-.7,True,False,False,False,True
1331887,10,0.78398,11.29,X3,3,DEEP,.7-1.3,True,False,False,False,True
1331925,10,0.61496,10.55,X3,0,DEEP,.5-.7,False,True,False,False,True
1331976,10,0.55939,8.97,X3,4,DEEP,.5-.7,True,False,False,False,True
1331993,10,0.71961,9.11,X3,2,DEEP,.7-1.3,True,False,False,False,True
1332008,10,0.61156,10.56,S2,1,SHALLOW,.5-.7,True,False,False,False,True
1332392,10,0.51197,10.25,X2,1,SHALLOW,.5-.7,True,False,False,False,True
1332614,10,0.51856,10.39,C3,4,DEEP,.5-.7,True,False,True,False,True
1332632,10,0.6232,10.6,C3,1,DEEP,.5-.7,True,False,True,False,True
1332689,10,0.48766,9.78,C1,4,SHALLOW,.3-.5,True,False,False,True,False
1332701,10,0.79167,10.35,C1,0,SHALLOW,.7-1.3,False,True,False,False,True
1332709,10,0.69371,10.02,C1,2,SHALLOW,.5-.7,True,False,False,False,True
1332721,10,0.42224,9.91,C1,0,SHALLOW,.3-.5,False,True,False,True,False
1332747,10,0.34305,9.3,C3,3,DEEP,.3-.5,True,False,True,True,False
1332795,10,0.67984,10.88,C1,2,SHALLOW,.5-.7,True,False,False,False,True
1332819,10,0.3418,10.75,C3,3,DEEP,.3-.5,True,False,True,True,False
1333246,10,0.43774,10.8,S2,1,SHALLOW,.3-.5,True,False,False,True,False
1333248,10,0.69395,10.18,S2,4,SHALLOW,.5-.7,True,False,False,False,True
1333291,10,0.3646,10.01,X3,2,DEEP,.3-.5,True,False,False,True,False
1333442,10,0.69209,11.19,X3,0,DEEP,.5-.7,False,True,False,False,True
1333489,10,0.68179,10.92,C3,4,DEEP,.5-.7,True,False,True,False,True
1333576,10,0.58893,10.84,S2,1,SHALLOW,.5-.7,True,False,False,False,True
1333949,10,0.65927,11.26,E2,0,SHALLOW,.5-.7,False,True,False,False,True
1334084,10,0.13349,9.99,S2,2,SHALLOW,.1-.3,True,False,False,True,False
1334087,10,0.26628,10.98,S2,2,SHALLOW,.1-.3,True,False,False,True,False
1334253,10,0.62076,9.43,C1,1,SHALLOW,.5-.7,True,False,False,False,True
1334257,10,0.68005,10.84,C1,2,SHALLOW,.5-.7,True,False,False,False,True
1334265,10,0.58586,10.72,C1,1,SHALLOW,.5-.7,True,False,False,False,True
1334302,10,0.45463,10.67,E1,2,SHALLOW,.3-.5,True,False,False,True,False
1334321,10,0.80326,9.74,E2,4,SHALLOW,.7-1.3,True,False,False,False,True
1334423,10,0.35791,9.32,S1,0,SHALLOW,.3-.5,False,True,False,True,False
1334448,10,0.51686,10.79,X1,3,SHALLOW,.5-.7,True,False,True,False,True
1334581,10,0.82736,10.96,X3,4,DEEP,.7-1.3,True,False,False,False,True
1334597,10,0.28895,9.1,X3,1,DEEP,.1-.3,True,False,False,True,False
1334614,10,0.43941,10.16,X2,0,SHALLOW,.3-.5,False,True,False,True,False
1334620,10,0.19624,10.16,X2,3,SHALLOW,.1-.3,True,False,False,True,False
1334644,10,0.28805,11.36,X2,4,SHALLOW,.1-.3,True,False,False,True,False
1334645,10,0.24701,10.47,X2,0,SHALLOW,.1-.3,False,True,False,True,False
1334647,10,0.74333,9.76,X2,4,SHALLOW,.7-1.3,True,False,False,False,True
1334654,10,0.30259,9.47,X2,3,SHALLOW,.3-.5,True,False,False,True,False
1334686,10,0.65904,10.82,X2,0,SHALLOW,.5-.7,False,True,False,False,True
1334707,10,0.64922,9.03,C3,4,DEEP,.5-.7,True,False,True,False,True
1334742,10,0.52809,10.49,S1,0,SHALLOW,.5-.7,False,True,False,False,True
1334858,10,0.62737,10.49,C3,4,DEEP,.5-.7,True,False,True,False,True
1335259,10,0.72701,10.65,C1,2,SHALLOW,.7-1.3,True,False,False,False,True
1335305,10,0.33403,9.53,S2,1,SHALLOW,.3-.5,True,False,False,True,False
1335323,10,0.19991,10.37,S2,1,SHALLOW,.1-.3,True,False,False,True,False
1335387,10,0.60582,9.51,C2,0,SHALLOW,.5-.7,False,True,False,False,True
1335432,10,0.42692,10.23,C3,1,DEEP,.3-.5,True,False,True,True,False
1335472,10,0.50597,10.24,E2,0,SHALLOW,.5-.7,False,True,False,False,True
1335564,10,0.60619,9.48,X2,3,SHALLOW,.5-.7,True,False,False,False,True
1335585,10,0.60557,10.33,X2,3,SHALLOW,.5-.7,True,False,False,False,True
1335671,10,0.52427,11.01,C2,3,SHALLOW,.5-.7,True,False,False,False,True
1335675,10,0.60735,11.04,C2,4,SHALLOW,.5-.7,True,False,False,False,True
1335717,10,0.30477,9.61,C3,4,DEEP,.3-.5,True,False,True,True,False
1335756,10,0.44933,10.45,S1,0,SHALLOW,.3-.5,False,True,False,True,False
1335818,10,0.62253,11.21,C3,0,DEEP,.5-.7,False,True,True,False,True
1335854,10,0.57869,9.66,C1,4,SHALLOW,.5-.7,True,False,False,False,True
1335885,10,0.39932,10.84,C1,2,SHALLOW,.3-.5,True,False,False,True,False
1336002,10,0.39496,7.5,E1,2,SHALLOW,.3-.5,True,False,False,True,False
1336008,10,0.43764,9.9,E2,4,SHALLOW,.3-.5,True,False,False,True,False
1336009,10,0.34175,8.9,E2,3,SHALLOW,.3-.5,True,False,False,True,False
1336150,10,0.3481,9.6,E2,4,SHALLOW,.3-.5,True,False,False,True,False
1336244,10,0.56493,10.86,E1,3,SHALLOW,.5-.7,True,False,False,False,True
1336359,10,0.42821,9.27,X1,1,SHALLOW,.3-.5,True,False,True,True,False
1336384,10,0.58306,10.99,X1,0,SHALLOW,.5-.7,False,True,True,False,True
1336453,10,0.18492,9.19,S2,3,SHALLOW,.1-.3,True,False,False,True,False
1336454,10,0.29256,8.82,S2,1,SHALLOW,.1-.3,True,False,False,True,False
1336464,10,0.38732,10.43,S2,1,SHALLOW,.3-.5,True,False,False,True,False
1336480,10,0.25604,9.99,S2,1,SHALLOW,.1-.3,True,False,False,True,False
1336558,10,0.4676,10.84,S1,3,SHALLOW,.3-.5,True,False,False,True,False
1336599,10,0.67747,11.32,C3,4,DEEP,.5-.7,True,False,True,False,True
1336662,10,0.18156,10.24,C2,0,SHALLOW,.1-.3,False,True,False,True,False
1336687,10,0.2338,8.61,X2,3,SHALLOW,.1-.3,True,False,False,True,False
1336693,10,0.64795,11.13,X2,1,SHALLOW,.5-.7,True,False,False,False,True
1336925,10,0.64997,11.05,C1,0,SHALLOW,.5-.7,False,True,False,False,True
1336942,10,1.02582,10.73,C3,0,DEEP,.7-1.3,False,True,True,False,True
1336953,10,0.60013,8.81,X3,2,DEEP,.5-.7,True,False,False,False,True
1336957,10,0.82961,11.16,C3,4,DEEP,.7-1.3,True,False,True,False,True
1336975,10,0.11048,10.75,C1,2,SHALLOW,.1-.3,True,False,False,True,False
1337228,10,0.57741,9.76,E1,3,SHALLOW,.5-.7,True,False,False,False,True
1337267,10,0.45318,9.27,X1,1,SHALLOW,.3-.5,True,False,True,True,False
1337272,10,0.50275,8.5,X1,2,SHALLOW,.5-.7,True,False,True,False,True
1337311,10,0.42131,10.42,X1,4,SHALLOW,.3-.5,True,False,True,True,False
1337321,10,0.56258,11.08,X1,1,SHALLOW,.5-.7,True,False,True,False,True
1337541,10,1.05479,10.83,C3,1,DEEP,.7-1.3,True,False,True,False,True
1337549,10,0.74877,9.36,C2,3,SHALLOW,.7-1.3,True,False,False,False,True
1337649,10,0.2615,8.76,S1,1,SHALLOW,.1-.3,True,False,False,True,False
1337687,10,0.32869,8.28,C1,4,SHALLOW,.3-.5,True,False,False,True,False
1337703,10,0.53225,10.62,C1,3,SHALLOW,.5-.7,True,False,False,False,True
1337838,10,0.31194,7.97,X2,4,SHALLOW,.3-.5,True,False,False,True,False
1337971,10,0.41066,10.3,E2,2,SHALLOW,.3-.5,True,False,False,True,False
1338128,10,0.31184,9.0,E1,1,SHALLOW,.3-.5,True,False,False,True,False
1338170,10,0.38676,10.17,E1,4,SHALLOW,.3-.5,True,False,False,True,False
1338223,10,0.59952,10.63,E1,2,SHALLOW,.5-.7,True,False,False,False,True
1338233,10,0.60148,11.21,X1,1,SHALLOW,.5-.7,True,False,True,False,True
1338266,10,0.64845,9.19,X1,2,SHALLOW,.5-.7,True,False,True,False,True
1338278,10,0.5643,9.9,X1,2,SHALLOW,.5-.7,True,False,True,False,True
1338288,10,0.1384,8.52,X1,2,SHALLOW,.1-.3,True,False,True,True,False
1338324,10,0.42602,10.06,X1,4,SHALLOW,.3-.5,True,False,True,True,False
1338430,10,0.51717,10.98,S2,1,SHALLOW,.5-.7,True,False,False,False,True
1338471,10,0.53116,10.27,S2,2,SHALLOW,.5-.7,True,False,False,False,True
1338485,10,0.58466,9.58,S2,4,SHALLOW,.5-.7,True,False,False,False,True
1338649,10,0.61327,10.42,S1,2,SHALLOW,.5-.7,True,False,False,False,True
1338665,10,0.72062,10.69,X3,3,DEEP,.7-1.3,True,False,False,False,True
1338675,10,0.33047,9.32,X3,4,DEEP,.3-.5,True,False,False,True,False
1338718,10,0.73306,10.79,S1,0,SHALLOW,.7-1.3,False,True,False,False,True
1338749,10,0.85806,11.42,X3,2,DEEP,.7-1.3,True,False,False,False,True
1338762,10,0.42054,9.78,C1,2,SHALLOW,.3-.5,True,False,False,True,False
1338849,10,0.62002,10.83,C1,2,SHALLOW,.5-.7,True,False,False,False,True
1338940,10,0.77334,10.02,C3,2,DEEP,.7-1.3,True,False,True,False,True
1338959,10,0.46167,10.03,X2,2,SHALLOW,.3-.5,True,False,False,True,False
1339002,10,0.30251,10.68,X2,4,SHALLOW,.3-.5,True,False,False,True,False
1339102,10,0.64795,11.13,X2,4,SHALLOW,.5-.7,True,False,False,False,True
1339149,10,0.46879,9.78,X2,2,SHALLOW,.3-.5,True,False,False,True,False
1339176,10,0.92537,9.42,C3,4,DEEP,.7-1.3,True,False,True,False,True
1339217,10,0.33191,9.88,C3,1,DEEP,.3-.5,True,False,True,True,False
1339220,10,0.59992,10.87,C3,1,DEEP,.5-.7,True,False,True,False,True
1339227,10,0.82081,10.75,C3,0,DEEP,.7-1.3,False,True,True,False,True
1339232,10,0.96859,11.79,C3,1,DEEP,.7-1.3,True,False,True,False,True
1339246,10,0.95791,11.21,C3,2,DEEP,.7-1.3,True,False,True,False,True
1339276,10,0.96363,9.67,X3,4,DEEP,.7-1.3,True,False,False,False,True
1339291,10,0.8179,11.25,E1,2,SHALLOW,.7-1.3,True,False,False,False,True
1339327,10,0.7725,9.86,E2,4,SHALLOW,.7-1.3,True,False,False,False,True
1339371,10,0.63581,10.0,E2,3,SHALLOW,.5-.7,True,False,False,False,True
1339392,10,0.18148,10.32,C2,1,SHALLOW,.1-.3,True,False,False,True,False
1339402,10,0.36538,9.94,C2,0,SHALLOW,.3-.5,False,True,False,True,False
1339425,10,0.53579,10.74,C2,4,SHALLOW,.5-.7,True,False,False,False,True
1339609,10,1.12132,10.9,C3,0,DEEP,.7-1.3,False,True,True,False,True
1339702,10,0.25616,9.84,E1,3,SHALLOW,.1-.3,True,False,False,True,False
1339703,10,0.49272,10.72,E1,0,SHALLOW,.3-.5,False,True,False,True,False
1339716,10,0.45682,9.34,E1,4,SHALLOW,.3-.5,True,False,False,True,False
1339730,10,0.44881,9.17,E1,0,SHALLOW,.3-.5,False,True,False,True,False
1339756,10,0.27539,11.02,E1,4,SHALLOW,.1-.3,True,False,False,True,False
1339875,10,0.45944,10.47,X1,0,SHALLOW,.3-.5,False,True,True,True,False
1339909,10,0.75153,10.84,X1,3,SHALLOW,.7-1.3,True,False,True,False,True
1340125,10,0.65134,10.94,S1,4,SHALLOW,.5-.7,True,False,False,False,True
1340132,10,0.60943,10.48,S1,4,SHALLOW,.5-.7,True,False,False,False,True
1340141,10,0.65405,9.93,S1,3,SHALLOW,.5-.7,True,False,False,False,True
1340253,10,0.69261,9.93,S1,4,SHALLOW,.5-.7,True,False,False,False,True
1340460,10,0.63779,10.75,C1,1,SHALLOW,.5-.7,True,False,False,False,True
1340470,10,0.58057,10.02,X1,0,SHALLOW,.5-.7,False,True,True,False,True
1340493,10,0.71719,11.28,C1,3,SHALLOW,.7-1.3,True,False,False,False,True
1340521,10,0.65356,10.23,C1,1,SHALLOW,.5-.7,True,False,False,False,True
1340539,10,0.44766,9.14,C1,2,SHALLOW,.3-.5,True,False,False,True,False
1340700,10,0.3255,10.46,X3,3,DEEP,.3-.5,True,False,False,True,False
1340706,10,0.29323,9.38,X3,4,DEEP,.1-.3,True,False,False,True,False
1340751,10,0.6648,11.02,X3,2,DEEP,.5-.7,True,False,False,False,True
1340954,10,0.30517,11.36,C2,2,SHALLOW,.3-.5,True,False,False,True,False
1341000,10,0.54203,9.72,C2,4,SHALLOW,.5-.7,True,False,False,False,True
1341227,10,0.83036,10.39,C3,2,DEEP,.7-1.3,True,False,True,False,True
1341271,10,0.82584,11.03,C3,4,DEEP,.7-1.3,True,False,True,False,True
1341370,10,0.409,8.7,E2,1,SHALLOW,.3-.5,True,False,False,True,False
1341423,10,0.5971,10.79,E2,2,SHALLOW,.5-.7,True,False,False,False,True
1341426,10,0.55321,9.66,E2,4,SHALLOW,.5-.7,True,False,False,False,True
1341459,10,0.52219,11.05,X2,0,SHALLOW,.5-.7,False,True,False,False,True
1341502,10,0.51064,10.1,X2,3,SHALLOW,.5-.7,True,False,False,False,True
1341556,10,0.71584,10.52,X2,2,SHALLOW,.7-1.3,True,False,False,False,True
1341743,10,0.68422,10.79,C3,4,DEEP,.5-.7,True,False,True,False,True
1341823,10,0.55032,10.98,C3,2,DEEP,.5-.7,True,False,True,False,True
1341857,10,0.50314,10.86,C1,0,SHALLOW,.5-.7,False,True,False,False,True
1341894,10,0.31293,9.85,X1,1,SHALLOW,.3-.5,True,False,True,True,False
1342255,10,0.21885,9.8,S2,4,SHALLOW,.1-.3,True,False,False,True,False
1342580,10,0.87472,10.98,X3,0,DEEP,.7-1.3,False,True,False,False,True
1342647,10,0.51618,10.07,E2,1,SHALLOW,.5-.7,True,False,False,False,True
1342707,10,0.65243,10.89,X2,1,SHALLOW,.5-.7,True,False,False,False,True
1342778,10,0.40457,9.27,E2,3,SHALLOW,.3-.5,True,False,False,True,False
1342810,10,0.70093,10.97,X2,1,SHALLOW,.7-1.3,True,False,False,False,True
1342906,10,0.49743,10.85,C1,4,SHALLOW,.3-.5,True,False,False,True,False
1343208,10,0.495,10.56,C3,3,DEEP,.3-.5,True,False,True,True,False
1343337,10,0.33899,9.69,C2,0,SHALLOW,.3-.5,False,True,False,True,False
1343401,10,0.38283,10.82,X1,0,SHALLOW,.3-.5,False,True,True,True,False
1343533,10,0.36843,10.73,E1,4,SHALLOW,.3-.5,True,False,False,True,False
1343542,10,0.78512,10.73,E1,1,SHALLOW,.7-1.3,True,False,False,False,True
1343759,10,0.50617,9.4,C3,0,DEEP,.5-.7,False,True,True,False,True
1343871,10,0.63786,9.01,S1,4,SHALLOW,.5-.7,True,False,False,False,True
1344303,10,0.09394,9.86,S2,0,SHALLOW,0-.1,False,True,False,True,False
1344347,10,0.26361,11.24,S2,0,SHALLOW,.1-.3,False,True,False,True,False
1344355,10,0.24448,9.17,S2,1,SHALLOW,.1-.3,True,False,False,True,False
1344598,10,0.69609,10.96,S2,1,SHALLOW,.5-.7,True,False,False,False,True
1344639,10,0.36672,10.89,E2,0,SHALLOW,.3-.5,False,True,False,True,False
1345441,10,0.71467,9.77,C3,2,DEEP,.7-1.3,True,False,True,False,True
1345458,10,0.56872,9.97,C3,0,DEEP,.5-.7,False,True,True,False,True
1345553,10,0.31794,9.85,X1,1,SHALLOW,.3-.5,True,False,True,True,False
1346137,10,0.36326,9.9,C1,1,SHALLOW,.3-.5,True,False,False,True,False
1346139,10,0.50323,10.54,C1,2,SHALLOW,.5-.7,True,False,False,False,True
1346149,10,0.58434,10.75,C1,2,SHALLOW,.5-.7,True,False,False,False,True
1346627,10,0.68193,10.55,C3,0,DEEP,.5-.7,False,True,True,False,True
1346628,10,0.53191,11.04,C3,0,DEEP,.5-.7,False,True,True,False,True
1346758,10,0.4965,11.37,X3,0,DEEP,.3-.5,False,True,False,True,False
1346956,10,0.33352,6.91,C2,3,SHALLOW,.3-.5,True,False,False,True,False
1346966,10,0.33513,9.5,C2,2,SHALLOW,.3-.5,True,False,False,True,False
1347112,10,0.79318,9.33,C3,3,DEEP,.7-1.3,True,False,True,False,True
1347766,10,0.62889,11.29,X2,0,SHALLOW,.5-.7,False,True,False,False,True
1366175,10,0.40462,10.31,E2,3,SHALLOW,.3-.5,True,False,False,True,False
1366187,10,0.4629,10.32,X3,3,DEEP,.3-.5,True,False,False,True,False
1366195,10,0.55313,10.53,X3,4,DEEP,.5-.7,True,False,False,False,True
1366280,10,0.73167,10.82,C3,2,DEEP,.7-1.3,True,False,True,False,True
1366436,10,0.23954,7.96,C2,0,SHALLOW,.1-.3,False,True,False,True,False
1366475,10,0.45546,8.83,C2,1,SHALLOW,.3-.5,True,False,False,True,False
1366482,10,0.32154,9.31,C3,4,DEEP,.3-.5,True,False,True,True,False
1366690,10,0.27119,10.29,X3,1,DEEP,.1-.3,True,False,False,True,False
1367180,10,0.80342,10.42,X3,4,DEEP,.7-1.3,True,False,False,False,True
1367234,10,0.25173,9.37,X1,0,SHALLOW,.1-.3,False,True,True,True,False
1367331,10,0.44684,10.25,E1,3,SHALLOW,.3-.5,True,False,False,True,False
1367408,10,0.54306,10.8,C1,4,SHALLOW,.5-.7,True,False,False,False,True
1367556,10,0.45115,9.21,X1,4,SHALLOW,.3-.5,True,False,True,True,False
1367571,10,0.43311,10.67,X1,3,SHALLOW,.3-.5,True,False,True,True,False
1368111,10,0.55095,10.65,E2,0,SHALLOW,.5-.7,False,True,False,False,True
1368131,10,0.30694,10.92,X3,0,DEEP,.3-.5,False,True,False,True,False
1368133,10,0.27618,9.48,X3,4,DEEP,.1-.3,True,False,False,True,False
1368143,10,0.42348,10.2,X3,0,DEEP,.3-.5,False,True,False,True,False
1368188,10,0.24003,10.87,C3,2,DEEP,.1-.3,True,False,True,True,False
1368482,10,0.50847,10.89,X2,1,SHALLOW,.5-.7,True,False,False,False,True
1368530,10,0.34224,9.94,X1,2,SHALLOW,.3-.5,True,False,True,True,False
1370113,10,0.65553,10.86,E1,4,SHALLOW,.5-.7,True,False,False,False,True
1370135,10,0.51615,9.5,E2,2,SHALLOW,.5-.7,True,False,False,False,True
1370181,10,0.6931,10.38,X3,4,DEEP,.5-.7,True,False,False,False,True
1370247,10,0.66882,10.64,X1,0,SHALLOW,.5-.7,False,True,True,False,True
1370308,10,0.62863,9.73,C3,1,DEEP,.5-.7,True,False,True,False,True
1370320,10,0.3307,10.06,E2,2,SHALLOW,.3-.5,True,False,False,True,False
1370391,10,0.65692,9.33,C2,0,SHALLOW,.5-.7,False,True,False,False,True
1370402,10,0.64766,10.0,C3,3,DEEP,.5-.7,True,False,True,False,True
1370441,10,0.93733,10.64,C3,4,DEEP,.7-1.3,True,False,True,False,True
1370806,10,0.58895,10.51,C2,2,SHALLOW,.5-.7,True,False,False,False,True
1370898,10,0.65069,9.81,E1,3,SHALLOW,.5-.7,True,False,False,False,True
1370906,10,0.61842,10.77,E1,0,SHALLOW,.5-.7,False,True,False,False,True
1370944,10,0.50947,11.0,E2,1,SHALLOW,.5-.7,True,False,False,False,True
1371022,10,0.29082,8.48,E1,4,SHALLOW,.1-.3,True,False,False,True,False
1371046,10,0.07334,10.22,E2,3,SHALLOW,0-.1,True,False,False,True,False
1371048,10,0.34392,10.76,E2,1,SHALLOW,.3-.5,True,False,False,True,False
1371111,10,0.88352,11.35,X3,3,DEEP,.7-1.3,True,False,False,False,True
1371126,10,0.21601,10.07,C3,1,DEEP,.1-.3,True,False,True,True,False
1371206,10,0.52779,10.32,C3,3,DEEP,.5-.7,True,False,True,False,True
1372115,10,0.89842,10.06,C3,0,DEEP,.7-1.3,False,True,True,False,True
1373028,10,0.25517,11.12,X2,4,SHALLOW,.1-.3,True,False,False,True,False
1373040,10,0.26162,10.82,X3,3,DEEP,.1-.3,True,False,False,True,False
1373042,10,0.2372,10.74,X3,2,DEEP,.1-.3,True,False,False,True,False
1373123,10,0.69879,10.11,X1,0,SHALLOW,.5-.7,False,True,True,False,True
1375087,10,0.62952,9.97,C3,2,DEEP,.5-.7,True,False,True,False,True
1376168,10,0.49239,11.08,E2,1,SHALLOW,.3-.5,True,False,False,True,False
1377086,10,0.33115,9.71,E1,1,SHALLOW,.3-.5,True,False,False,True,False
1380034,10,0.62935,9.34,X3,3,DEEP,.5-.7,True,False,False,False,True
1380167,10,0.75331,9.86,C3,3,DEEP,.7-1.3,True,False,True,False,True
1385052,10,0.80106,10.99,X3,2,DEEP,.7-1.3,True,False,False,False,True
1385187,10,0.52212,9.22,S1,1,SHALLOW,.5-.7,True,False,False,False,True
1386047,10,0.49181,10.49,X3,2,DEEP,.3-.5,True,False,False,True,False
1387101,10,0.48092,9.39,S2,2,SHALLOW,.3-.5,True,False,False,True,False
1387162,10,0.6175,10.3,C1,0,SHALLOW,.5-.7,False,True,False,False,True
1387174,10,0.69842,8.75,C2,0,SHALLOW,.5-.7,False,True,False,False,True
1389074,10,0.50285,9.7,S1,3,SHALLOW,.5-.7,True,False,False,False,True
1389177,10,0.44895,10.86,C2,3,SHALLOW,.3-.5,True,False,False,True,False
1389210,10,0.54865,10.0,C2,2,SHALLOW,.5-.7,True,False,False,False,True
1390164,10,0.45102,9.87,C2,4,SHALLOW,.3-.5,True,False,False,True,False
1390173,10,0.65875,9.91,C1,3,SHALLOW,.5-.7,True,False,False,False,True
1390343,10,0.89117,10.07,X3,3,DEEP,.7-1.3,True,False,False,False,True
1391191,10,0.65069,9.65,C2,1,SHALLOW,.5-.7,True,False,False,False,True
1392367,10,0.59349,10.33,S1,1,SHALLOW,.5-.7,True,False,False,False,True
1392400,10,0.45205,9.08,C1,3,SHALLOW,.3-.5,True,False,False,True,False
1395159,10,0.9569,10.42,X3,3,DEEP,.7-1.3,True,False,False,False,True
1397029,10,0.35942,9.27,C1,0,SHALLOW,.3-.5,False,True,False,True,False
1400026,10,0.70961,10.06,C3,3,DEEP,.7-1.3,True,False,True,False,True
1402076,10,0.89611,9.85,X3,3,DEEP,.7-1.3,True,False,False,False,True
1403033,10,0.47435,10.63,E2,2,SHALLOW,.3-.5,True,False,False,True,False
1408024,10,0.40228,10.86,E2,4,SHALLOW,.3-.5,True,False,False,True,False
1408068,10,0.42713,10.94,X3,4,DEEP,.3-.5,True,False,False,True,False
1409129,10,0.79364,9.78,C3,0,DEEP,.7-1.3,False,True,True,False,True
1411114,10,0.83706,10.07,C3,1,DEEP,.7-1.3,True,False,True,False,True
1413048,10,0.61122,10.24,C3,0,DEEP,.5-.7,False,True,True,False,True
1420185,10,0.64453,9.69,C3,4,DEEP,.5-.7,True,False,True,False,True
1430116,10,1.02144,11.25,C3,0,DEEP,.7-1.3,False,True,True,False,True
1430136,10,0.41235,9.94,S1,3,SHALLOW,.3-.5,True,False,False,True,False
1430255,10,0.65806,10.26,X2,0,SHALLOW,.5-.7,False,True,False,False,True
1431064,10,0.39494,9.52,E1,0,SHALLOW,.3-.5,False,True,False,True,False
1431072,10,0.42267,10.44,E1,3,SHALLOW,.3-.5,True,False,False,True,False
1431096,10,0.4768,9.1,E2,3,SHALLOW,.3-.5,True,False,False,True,False
1431108,10,0.61052,10.8,C3,0,DEEP,.5-.7,False,True,True,False,True
1431163,10,0.36711,10.74,S2,2,SHALLOW,.3-.5,True,False,False,True,False
1432017,10,0.34579,10.7,C1,2,SHALLOW,.3-.5,True,False,False,True,False
1432026,10,0.15011,10.79,C2,1,SHALLOW,.1-.3,True,False,False,True,False
1432027,10,0.35039,10.89,C1,2,SHALLOW,.3-.5,True,False,False,True,False
1432078,10,0.54471,10.57,E1,2,SHALLOW,.5-.7,True,False,False,False,True
1432102,10,0.71803,11.05,E2,3,SHALLOW,.7-1.3,True,False,False,False,True
1432141,10,0.56489,10.13,E2,4,SHALLOW,.5-.7,True,False,False,False,True
1433040,10,0.71949,11.38,C2,1,SHALLOW,.7-1.3,True,False,False,False,True
1433108,10,0.68283,11.04,E2,1,SHALLOW,.5-.7,True,False,False,False,True
1433114,10,0.68438,11.1,C3,1,DEEP,.5-.7,True,False,True,False,True
1433226,10,0.59618,11.04,X1,2,SHALLOW,.5-.7,True,False,True,False,True
1434201,10,0.26317,9.73,X1,2,SHALLOW,.1-.3,True,False,True,True,False
1434203,10,0.37567,9.46,X1,1,SHALLOW,.3-.5,True,False,True,True,False
1434248,10,0.23734,11.09,X3,4,DEEP,.1-.3,True,False,False,True,False
1434258,10,0.66195,9.34,C3,0,DEEP,.5-.7,False,True,True,False,True
1434262,10,0.78964,11.16,X3,4,DEEP,.7-1.3,True,False,False,False,True
1435033,10,0.5804,10.52,C2,2,SHALLOW,.5-.7,True,False,False,False,True
1435067,10,0.39136,10.7,E2,4,SHALLOW,.3-.5,True,False,False,True,False
1435094,10,1.017,11.34,C3,4,DEEP,.7-1.3,True,False,True,False,True
1439028,10,0.55424,10.36,X3,4,DEEP,.5-.7,True,False,False,False,True
1440057,10,0.51228,9.63,X1,4,SHALLOW,.5-.7,True,False,True,False,True
1442085,10,0.63355,10.53,S2,1,SHALLOW,.5-.7,True,False,False,False,True
1443078,10,0.61096,10.56,S2,3,SHALLOW,.5-.7,True,False,False,False,True
1444028,10,0.55372,8.79,E2,0,SHALLOW,.5-.7,False,True,False,False,True
1447133,10,0.3654,10.1,C3,0,DEEP,.3-.5,False,True,True,True,False
1447146,10,1.00009,9.49,C3,2,DEEP,.7-1.3,True,False,True,False,True
1448122,10,0.57688,9.59,C3,0,DEEP,.5-.7,False,True,True,False,True
1449074,10,0.33186,10.58,C1,3,SHALLOW,.3-.5,True,False,False,True,False
1449102,10,0.6983,10.01,C3,2,DEEP,.5-.7,True,False,True,False,True
1449115,10,0.86674,9.62,C3,1,DEEP,.7-1.3,True,False,True,False,True
1450026,10,0.35831,10.62,S1,0,SHALLOW,.3-.5,False,True,False,True,False
1450127,10,0.60009,10.9,X3,0,DEEP,.5-.7,False,True,False,False,True
1450148,10,0.44736,9.35,E1,3,SHALLOW,.3-.5,True,False,False,True,False
1452059,10,0.5642,10.38,X1,3,SHALLOW,.5-.7,True,False,True,False,True
1456020,10,0.88189,10.91,X3,2,DEEP,.7-1.3,True,False,False,False,True
1457019,10,0.45403,9.43,X3,0,DEEP,.3-.5,False,True,False,True,False
1457045,10,0.28848,9.7,X1,4,SHALLOW,.1-.3,True,False,True,True,False
1466032,10,0.57606,10.88,E2,4,SHALLOW,.5-.7,True,False,False,False,True
1469040,10,0.3267,10.51,S1,0,SHALLOW,.3-.5,False,True,False,True,False
1470063,10,0.53547,10.43,C1,3,SHALLOW,.5-.7,True,False,False,False,True
1472020,10,0.53112,9.22,C1,0,SHALLOW,.5-.7,False,True,False,False,True
1473025,10,0.64649,9.7,C2,3,SHALLOW,.5-.7,True,False,False,False,True
1473027,10,0.50566,10.61,C2,2,SHALLOW,.5-.7,True,False,False,False,True
1474020,10,0.54148,9.45,C3,2,DEEP,.5-.7,True,False,True,False,True
1479069,10,0.17267,9.08,E1,3,SHALLOW,.1-.3,True,False,False,True,False
1479130,10,0.8624,10.76,X3,0,DEEP,.7-1.3,False,True,False,False,True
1480038,10,0.33423,10.46,X2,0,SHALLOW,.3-.5,False,True,False,True,False
1484053,10,0.46322,10.36,E2,2,SHALLOW,.3-.5,True,False,False,True,False
1487043,10,0.69226,11.04,X3,2,DEEP,.5-.7,True,False,False,False,True
1487055,10,0.58196,10.52,S1,2,SHALLOW,.5-.7,True,False,False,False,True
1488029,10,0.47833,9.61,E2,3,SHALLOW,.3-.5,True,False,False,True,False
1488098,10,0.75076,10.94,X3,3,DEEP,.7-1.3,True,False,False,False,True
1490034,10,0.53002,8.95,C1,2,SHALLOW,.5-.7,True,False,False,False,True
1495047,10,0.41097,10.03,C3,2,DEEP,.3-.5,True,False,True,True,False
1500031,10,0.36606,9.25,E2,0,SHALLOW,.3-.5,False,True,False,True,False
1500076,10,0.59892,10.58,X1,2,SHALLOW,.5-.7,True,False,True,False,True
1500086,10,0.64129,11.35,X1,0,SHALLOW,.5-.7,False,True,True,False,True
1501075,10,0.38373,10.67,S2,1,SHALLOW,.3-.5,True,False,False,True,False
1501097,10,0.43587,10.25,X1,4,SHALLOW,.3-.5,True,False,True,True,False
1501131,10,0.85239,9.63,X3,3,DEEP,.7-1.3,True,False,False,False,True
1501158,10,0.58049,11.05,E2,0,SHALLOW,.5-.7,False,True,False,False,True
1502029,10,0.51797,10.32,X2,1,SHALLOW,.5-.7,True,False,False,False,True
1502065,10,0.27316,9.29,S1,3,SHALLOW,.1-.3,True,False,False,True,False
1502132,10,0.80181,9.39,X3,3,DEEP,.7-1.3,True,False,False,False,True
1503024,10,0.27694,11.36,X2,3,SHALLOW,.1-.3,True,False,False,True,False
1504096,10,0.50582,11.01,X1,4,SHALLOW,.5-.7,True,False,True,False,True
1504139,10,0.55644,10.87,C3,2,DEEP,.5-.7,True,False,True,False,True
1508029,10,0.85279,10.83,C3,0,DEEP,.7-1.3,False,True,True,False,True
1509040,10,0.68507,11.0,S2,2,SHALLOW,.5-.7,True,False,False,False,True
1511024,10,0.37178,10.67,S2,2,SHALLOW,.3-.5,True,False,False,True,False
1512067,10,0.45394,10.7,C2,1,SHALLOW,.3-.5,True,False,False,True,False
1512101,10,0.56872,10.13,X2,0,SHALLOW,.5-.7,False,True,False,False,True
1514043,10,0.52706,11.03,X2,2,SHALLOW,.5-.7,True,False,False,False,True
1514059,10,0.52427,11.06,C2,1,SHALLOW,.5-.7,True,False,False,False,True
1516019,10,0.42436,9.14,E2,4,SHALLOW,.3-.5,True,False,False,True,False
1519027,10,0.51404,10.9,X2,3,SHALLOW,.5-.7,True,False,False,False,True
1519038,10,0.11948,10.94,C1,2,SHALLOW,.1-.3,True,False,False,True,False
1528034,10,0.6389,10.53,S2,2,SHALLOW,.5-.7,True,False,False,False,True
1530098,10,0.54758,10.26,E1,4,SHALLOW,.5-.7,True,False,False,False,True
1530120,10,0.40467,9.76,X1,1,SHALLOW,.3-.5,True,False,True,True,False
1530191,10,0.55584,10.73,X3,3,DEEP,.5-.7,True,False,False,False,True
1531033,10,0.60888,10.86,E2,0,SHALLOW,.5-.7,False,True,False,False,True
1531078,10,0.67713,10.19,X2,0,SHALLOW,.5-.7,False,True,False,False,True
1531089,10,0.29149,10.15,E2,4,SHALLOW,.1-.3,True,False,False,True,False
1531108,10,0.34387,8.68,X1,2,SHALLOW,.3-.5,True,False,True,True,False
1531112,10,0.3347,9.43,X1,0,SHALLOW,.3-.5,False,True,True,True,False
1531113,10,0.45694,9.93,X1,2,SHALLOW,.3-.5,True,False,True,True,False
1531145,10,0.45675,9.84,X3,1,DEEP,.3-.5,True,False,False,True,False
1532056,10,0.47273,10.95,E2,4,SHALLOW,.3-.5,True,False,False,True,False
1532057,10,0.50397,10.24,E2,2,SHALLOW,.5-.7,True,False,False,False,True
1533035,10,0.58117,10.8,X1,2,SHALLOW,.5-.7,True,False,True,False,True
1533036,10,0.65325,10.98,E1,4,SHALLOW,.5-.7,True,False,False,False,True
1534078,10,0.61224,9.76,X3,2,DEEP,.5-.7,True,False,False,False,True
1535064,10,0.80078,10.56,X3,2,DEEP,.7-1.3,True,False,False,False,True
1536021,10,0.5341,10.03,E1,4,SHALLOW,.5-.7,True,False,False,False,True
1536026,10,0.44129,9.73,E1,1,SHALLOW,.3-.5,True,False,False,True,False
1536028,10,0.45115,10.77,E1,4,SHALLOW,.3-.5,True,False,False,True,False
1536112,10,0.75888,10.97,C3,1,DEEP,.7-1.3,True,False,True,False,True
1537020,10,0.40597,8.53,E2,3,SHALLOW,.3-.5,True,False,False,True,False
1537077,10,0.7445,9.86,C3,3,DEEP,.7-1.3,True,False,True,False,True
1538019,10,0.29069,11.08,S2,0,SHALLOW,.1-.3,False,True,False,True,False
1547048,10,0.54454,11.58,X2,3,SHALLOW,.5-.7,True,False,False,False,True
1547071,10,0.29911,9.73,C3,0,DEEP,.1-.3,False,True,True,True,False
1547086,10,0.27578,9.12,C3,2,DEEP,.1-.3,True,False,True,True,False
1548070,10,0.67651,10.73,C3,1,DEEP,.5-.7,True,False,True,False,True
1549078,10,0.60558,9.34,C2,1,SHALLOW,.5-.7,True,False,False,False,True
1550021,10,0.20587,10.2,E1,1,SHALLOW,.1-.3,True,False,False,True,False
1550103,10,0.53166,9.21,C2,0,SHALLOW,.5-.7,False,True,False,False,True
1551020,10,0.46283,11.3,E1,0,SHALLOW,.3-.5,False,True,False,True,False
1551083,10,0.80301,9.28,C3,4,DEEP,.7-1.3,True,False,True,False,True
1551108,10,0.86647,10.64,X3,4,DEEP,.7-1.3,True,False,False,False,True
1552028,10,0.4518,10.17,X1,4,SHALLOW,.3-.5,True,False,True,True,False
1552143,10,0.75991,10.76,C1,0,SHALLOW,.7-1.3,False,True,False,False,True
1555053,10,0.73072,10.8,C1,4,SHALLOW,.7-1.3,True,False,False,False,True
1559048,10,0.98,11.23,X3,0,DEEP,.7-1.3,False,True,False,False,True
1559051,10,0.7051,10.81,X3,2,DEEP,.7-1.3,True,False,False,False,True
1559124,10,0.65253,9.85,C2,4,SHALLOW,.5-.7,True,False,False,False,True
1559147,10,0.63231,9.68,X3,4,DEEP,.5-.7,True,False,False,False,True
1559178,10,0.4355,10.73,S1,4,SHALLOW,.3-.5,True,False,False,True,False
1560034,10,0.26891,10.28,E2,0,SHALLOW,.1-.3,False,True,False,True,False
1560099,10,0.68006,10.93,C3,2,DEEP,.5-.7,True,False,True,False,True
1562077,10,0.47842,9.04,C3,0,DEEP,.3-.5,False,True,True,True,False
1562098,10,0.57618,9.39,X2,0,SHALLOW,.5-.7,False,True,False,False,True
1563063,10,0.71552,10.8,C2,4,SHALLOW,.7-1.3,True,False,False,False,True
1564017,10,0.65792,10.65,E1,3,SHALLOW,.5-.7,True,False,False,False,True
1565032,10,0.46097,10.71,X1,1,SHALLOW,.3-.5,True,False,True,True,False
1566028,10,0.32059,10.31,X2,3,SHALLOW,.3-.5,True,False,False,True,False
1567044,10,0.42273,10.79,C2,3,SHALLOW,.3-.5,True,False,False,True,False
1569050,10,0.32988,8.93,S2,3,SHALLOW,.3-.5,True,False,False,True,False
1570024,10,0.55064,10.85,C1,4,SHALLOW,.5-.7,True,False,False,False,True
1574017,10,0.53287,10.04,E1,0,SHALLOW,.5-.7,False,True,False,False,True
1574019,10,0.60433,10.85,E1,1,SHALLOW,.5-.7,True,False,False,False,True
1574028,10,0.65589,10.94,E1,2,SHALLOW,.5-.7,True,False,False,False,True
1574062,10,0.5502,10.31,X2,4,SHALLOW,.5-.7,True,False,False,False,True
1574104,10,0.27304,10.64,S2,3,SHALLOW,.1-.3,True,False,False,True,False
1575019,10,0.65214,11.32,E1,1,SHALLOW,.5-.7,True,False,False,False,True
1575072,10,0.59028,9.17,X2,0,SHALLOW,.5-.7,False,True,False,False,True
1576034,10,0.76675,10.34,E2,0,SHALLOW,.7-1.3,False,True,False,False,True
1578063,10,0.64298,10.27,X1,4,SHALLOW,.5-.7,True,False,True,False,True
1578103,10,0.16008,10.1,S2,0,SHALLOW,.1-.3,False,True,False,True,False
1579110,10,0.62217,11.26,S2,1,SHALLOW,.5-.7,True,False,False,False,True
1579146,10,0.80325,10.59,X3,1,DEEP,.7-1.3,True,False,False,False,True
1581017,10,0.83813,10.91,C3,1,DEEP,.7-1.3,True,False,True,False,True
1581048,10,0.40194,9.86,C1,2,SHALLOW,.3-.5,True,False,False,True,False
1588019,10,0.68766,10.85,C3,1,DEEP,.5-.7,True,False,True,False,True
1590044,10,0.62931,10.21,E2,2,SHALLOW,.5-.7,True,False,False,False,True
1590122,10,0.77952,10.79,C2,3,SHALLOW,.7-1.3,True,False,False,False,True
1590133,10,0.69362,9.49,C2,2,SHALLOW,.5-.7,True,False,False,False,True
1592028,10,0.3251,10.21,E1,3,SHALLOW,.3-.5,True,False,False,True,False
1592067,10,0.69191,10.98,S2,1,SHALLOW,.5-.7,True,False,False,False,True
1593067,10,0.34776,10.45,C2,3,SHALLOW,.3-.5,True,False,False,True,False
1594042,10,0.61981,10.33,X2,3,SHALLOW,.5-.7,True,False,False,False,True
1595028,10,0.46523,9.94,X2,0,SHALLOW,.3-.5,False,True,False,True,False
1595110,10,0.59269,11.26,C2,0,SHALLOW,.5-.7,False,True,False,False,True
1595118,10,0.90941,10.83,C3,3,DEEP,.7-1.3,True,False,True,False,True
1595127,10,0.5674,10.93,C3,1,DEEP,.5-.7,True,False,True,False,True
1596033,10,0.46937,9.17,E2,4,SHALLOW,.3-.5,True,False,False,True,False
1598039,10,0.62292,10.14,C3,0,DEEP,.5-.7,False,True,True,False,True
1599030,10,0.36774,8.55,E2,2,SHALLOW,.3-.5,True,False,False,True,False
1600036,10,0.81396,11.21,E1,1,SHALLOW,.7-1.3,True,False,False,False,True
1602033,10,0.60967,9.19,X3,4,DEEP,.5-.7,True,False,False,False,True
1617030,10,0.73615,9.32,C3,0,DEEP,.7-1.3,False,True,True,False,True
1617068,10,0.93075,11.07,X3,3,DEEP,.7-1.3,True,False,False,False,True
1618036,10,0.39216,10.11,E1,4,SHALLOW,.3-.5,True,False,False,True,False
1618042,10,0.42893,10.47,C3,0,DEEP,.3-.5,False,True,True,True,False
1620051,10,0.38251,11.06,S2,0,SHALLOW,.3-.5,False,True,False,True,False
1625037,10,0.31863,10.76,S1,4,SHALLOW,.3-.5,True,False,False,True,False
1625059,10,0.59279,10.47,S1,3,SHALLOW,.5-.7,True,False,False,False,True
1632070,10,0.42513,9.87,X2,3,SHALLOW,.3-.5,True,False,False,True,False
1634024,10,0.57629,10.3,X1,3,SHALLOW,.5-.7,True,False,True,False,True
1635042,10,0.55833,10.32,E1,1,SHALLOW,.5-.7,True,False,False,False,True
1636043,10,0.53944,10.02,E2,3,SHALLOW,.5-.7,True,False,False,False,True
1636093,10,0.47782,9.82,E1,1,SHALLOW,.3-.5,True,False,False,True,False
1638030,10,0.37136,10.76,S2,0,SHALLOW,.3-.5,False,True,False,True,False
1639025,10,0.6619,10.21,E2,2,SHALLOW,.5-.7,True,False,False,False,True
1640083,10,0.58059,8.7,E2,2,SHALLOW,.5-.7,True,False,False,False,True
1641173,10,0.44364,10.62,X3,4,DEEP,.3-.5,True,False,False,True,False
1641279,10,0.22398,10.96,E1,1,SHALLOW,.1-.3,True,False,False,True,False
1641288,10,0.54529,10.35,E1,4,SHALLOW,.5-.7,True,False,False,False,True
1641368,10,0.60706,9.59,X3,2,DEEP,.5-.7,True,False,False,False,True
1642117,10,0.81237,9.78,X3,4,DEEP,.7-1.3,True,False,False,False,True
1642138,10,0.65971,9.18,C1,3,SHALLOW,.5-.7,True,False,False,False,True
1642158,10,0.687,11.32,S2,2,SHALLOW,.5-.7,True,False,False,False,True
1642178,10,0.68673,10.73,C3,1,DEEP,.5-.7,True,False,True,False,True
1643063,10,0.57188,10.8,X1,3,SHALLOW,.5-.7,True,False,True,False,True
1643213,10,0.65526,9.73,C3,2,DEEP,.5-.7,True,False,True,False,True
1643292,10,0.49183,10.15,E1,3,SHALLOW,.3-.5,True,False,False,True,False
1643312,10,0.34037,10.4,C2,0,SHALLOW,.3-.5,False,True,False,True,False
1643313,10,0.39044,10.71,C2,3,SHALLOW,.3-.5,True,False,False,True,False
1643316,10,0.54894,11.01,C2,2,SHALLOW,.5-.7,True,False,False,False,True
1643338,10,0.56788,11.09,X3,1,DEEP,.5-.7,True,False,False,False,True
1644061,10,0.61287,10.8,C3,4,DEEP,.5-.7,True,False,True,False,True
1644163,10,0.56202,10.71,S2,0,SHALLOW,.5-.7,False,True,False,False,True
1644180,10,0.61154,11.0,C3,0,DEEP,.5-.7,False,True,True,False,True
1644211,10,0.45743,10.79,E1,0,SHALLOW,.3-.5,False,True,False,True,False
1644213,10,0.54509,10.46,E1,4,SHALLOW,.5-.7,True,False,False,False,True
1644290,10,0.5373,10.85,C2,3,SHALLOW,.5-.7,True,False,False,False,True
1645092,10,0.51338,11.39,X2,4,SHALLOW,.5-.7,True,False,False,False,True
1645125,10,0.44419,9.51,X2,4,SHALLOW,.3-.5,True,False,False,True,False
1645145,10,0.82627,10.76,X3,4,DEEP,.7-1.3,True,False,False,False,True
1645158,10,0.36048,10.15,C1,4,SHALLOW,.3-.5,True,False,False,True,False
1645195,10,0.5258,10.32,S2,3,SHALLOW,.5-.7,True,False,False,False,True
1645208,10,0.69516,9.1,C3,0,DEEP,.5-.7,False,True,True,False,True
1646092,10,0.7207,10.65,C2,1,SHALLOW,.7-1.3,True,False,False,False,True
1646094,10,0.59237,10.14,C2,3,SHALLOW,.5-.7,True,False,False,False,True
1647048,10,0.70882,11.15,X1,1,SHALLOW,.7-1.3,True,False,True,False,True
1650024,10,0.30994,10.06,X1,2,SHALLOW,.3-.5,True,False,True,True,False
1652139,10,0.78266,11.08,C3,2,DEEP,.7-1.3,True,False,True,False,True
1653101,10,0.33,10.26,C3,1,DEEP,.3-.5,True,False,True,True,False
1654105,10,0.56271,9.45,C3,0,DEEP,.5-.7,False,True,True,False,True
1655086,10,0.42781,8.85,C3,3,DEEP,.3-.5,True,False,True,True,False
1659122,10,0.51872,9.27,C1,3,SHALLOW,.5-.7,True,False,False,False,True
1660018,10,0.43435,9.88,X2,1,SHALLOW,.3-.5,True,False,False,True,False
1662023,10,0.31268,10.37,X2,1,SHALLOW,.3-.5,True,False,False,True,False
1673068,10,0.52779,10.79,C3,2,DEEP,.5-.7,True,False,True,False,True
1673097,10,0.59851,10.92,S1,2,SHALLOW,.5-.7,True,False,False,False,True
1674022,10,0.60262,8.9,X1,1,SHALLOW,.5-.7,True,False,True,False,True
1682020,10,0.21924,11.05,E1,1,SHALLOW,.1-.3,True,False,False,True,False
1692030,10,0.73802,9.66,X3,3,DEEP,.7-1.3,True,False,False,False,True
1697026,10,0.26046,9.02,X3,3,DEEP,.1-.3,True,False,False,True,False
1699061,10,0.53572,10.62,C1,1,SHALLOW,.5-.7,True,False,False,False,True
1699105,10,0.4659,10.84,C2,4,SHALLOW,.3-.5,True,False,False,True,False
1700105,10,0.76518,10.63,C3,1,DEEP,.7-1.3,True,False,True,False,True
1700109,10,0.74119,10.18,C3,4,DEEP,.7-1.3,True,False,True,False,True
1701055,10,0.26396,10.22,C3,2,DEEP,.1-.3,True,False,True,True,False
1701088,10,0.72403,10.27,C2,3,SHALLOW,.7-1.3,True,False,False,False,True
1702083,10,0.38884,9.53,C2,0,SHALLOW,.3-.5,False,True,False,True,False
1702096,10,0.38809,10.23,C2,2,SHALLOW,.3-.5,True,False,False,True,False
1702112,10,0.47547,8.94,C3,1,DEEP,.3-.5,True,False,True,True,False
1703026,10,0.3639,10.03,S2,0,SHALLOW,.3-.5,False,True,False,True,False
1703072,10,0.49417,10.36,C1,1,SHALLOW,.3-.5,True,False,False,True,False
1718059,10,0.24642,8.96,C3,2,DEEP,.1-.3,True,False,True,True,False
1719037,10,0.40746,10.29,C2,0,SHALLOW,.3-.5,False,True,False,True,False
1721068,10,0.29376,10.53,C3,1,DEEP,.1-.3,True,False,True,True,False
1723034,10,0.33784,10.87,C1,2,SHALLOW,.3-.5,True,False,False,True,False
1770206,10,0.58411,11.04,E2,1,SHALLOW,.5-.7,True,False,False,False,True
1770225,10,0.58074,11.3,X3,4,DEEP,.5-.7,True,False,False,False,True
1770254,10,0.7348,11.21,X3,4,DEEP,.7-1.3,True,False,False,False,True
1770386,10,0.36795,10.73,E2,0,SHALLOW,.3-.5,False,True,False,True,False
1770442,10,0.34578,10.58,X1,4,SHALLOW,.3-.5,True,False,True,True,False
1770487,10,0.53644,10.09,X1,2,SHALLOW,.5-.7,True,False,True,False,True
1770680,10,0.60911,10.84,X2,0,SHALLOW,.5-.7,False,True,False,False,True
1770702,10,0.33846,10.58,S2,3,SHALLOW,.3-.5,True,False,False,True,False
1773049,10,0.35023,10.27,E2,2,SHALLOW,.3-.5,True,False,False,True,False
1773078,10,0.27142,9.76,E2,2,SHALLOW,.1-.3,True,False,False,True,False
1773189,10,0.57744,11.08,X3,1,DEEP,.5-.7,True,False,False,False,True
1773237,10,0.39186,10.27,E1,0,SHALLOW,.3-.5,False,True,False,True,False
1773339,10,0.28417,10.26,E2,4,SHALLOW,.1-.3,True,False,False,True,False
1774102,10,0.31626,11.67,X3,3,DEEP,.3-.5,True,False,False,True,False
1776304,10,0.4541,9.5,S2,2,SHALLOW,.3-.5,True,False,False,True,False
1776329,10,0.42445,9.03,S2,2,SHALLOW,.3-.5,True,False,False,True,False
1777122,10,0.45429,11.22,X1,1,SHALLOW,.3-.5,True,False,True,True,False
1777124,10,0.30743,9.47,X1,4,SHALLOW,.3-.5,True,False,True,True,False
1780045,10,0.24283,10.7,C2,0,SHALLOW,.1-.3,False,True,False,True,False
1780122,10,0.50987,10.58,E2,0,SHALLOW,.5-.7,False,True,False,False,True
1780287,10,0.52494,11.04,X1,0,SHALLOW,.5-.7,False,True,True,False,True
1782065,10,0.20173,10.39,C2,4,SHALLOW,.1-.3,True,False,False,True,False
1783052,10,0.47852,10.43,E1,0,SHALLOW,.3-.5,False,True,False,True,False
1784110,10,0.45993,10.5,X1,0,SHALLOW,.3-.5,False,True,True,True,False
1790098,10,0.39298,8.91,E1,4,SHALLOW,.3-.5,True,False,False,True,False
1791048,10,0.21094,10.86,C1,2,SHALLOW,.1-.3,True,False,False,True,False
1791116,10,0.31193,10.91,E2,0,SHALLOW,.3-.5,False,True,False,True,False
1792093,10,0.27659,10.06,X3,3,DEEP,.1-.3,True,False,False,True,False
1795052,10,0.67924,10.81,X3,2,DEEP,.5-.7,True,False,False,False,True
1797044,10,0.4667,10.08,X3,3,DEEP,.3-.5,True,False,False,True,False
1810037,10,0.4965,9.27,E1,3,SHALLOW,.3-.5,True,False,False,True,False
1810087,10,0.55943,9.99,C2,4,SHALLOW,.5-.7,True,False,False,False,True
1810236,10,0.42926,9.59,C1,3,SHALLOW,.3-.5,True,False,False,True,False
1810306,10,0.6413,11.12,S1,3,SHALLOW,.5-.7,True,False,False,False,True
1811099,10,0.49007,10.79,C2,2,SHALLOW,.3-.5,True,False,False,True,False
1811128,10,0.92457,11.1,X3,3,DEEP,.7-1.3,True,False,False,False,True
1814082,10,0.64849,11.23,X2,0,SHALLOW,.5-.7,False,True,False,False,True
1815065,10,0.13537,10.59,S1,0,SHALLOW,.1-.3,False,True,False,True,False
1817265,10,0.87998,10.42,C3,0,DEEP,.7-1.3,False,True,True,False,True
1817269,10,0.53009,9.59,C3,1,DEEP,.5-.7,True,False,True,False,True
1826039,10,0.83916,10.15,C3,2,DEEP,.7-1.3,True,False,True,False,True
1833067,10,0.55577,9.64,E2,1,SHALLOW,.5-.7,True,False,False,False,True
1833321,10,0.6248,10.05,C1,0,SHALLOW,.5-.7,False,True,False,False,True
1833339,10,0.13051,10.68,C1,1,SHALLOW,.1-.3,True,False,False,True,False
1833468,10,0.78375,11.28,X3,4,DEEP,.7-1.3,True,False,False,False,True
1833564,10,0.65461,9.15,C3,0,DEEP,.5-.7,False,True,True,False,True
1834104,10,0.23928,10.41,C1,4,SHALLOW,.1-.3,True,False,False,True,False
1835110,10,0.3455,8.6,C2,3,SHALLOW,.3-.5,True,False,False,True,False
1837071,10,0.12913,10.72,S2,4,SHALLOW,.1-.3,True,False,False,True,False
1837096,10,0.37937,10.99,C1,2,SHALLOW,.3-.5,True,False,False,True,False
1839117,10,0.60674,10.48,X3,4,DEEP,.5-.7,True,False,False,False,True
1840041,10,0.23891,9.87,X1,2,SHALLOW,.1-.3,True,False,True,True,False
1842087,10,1.08349,10.18,C3,1,DEEP,.7-1.3,True,False,True,False,True
1847028,10,0.58021,10.6,S2,0,SHALLOW,.5-.7,False,True,False,False,True
1847079,10,0.33041,9.45,S1,1,SHALLOW,.3-.5,True,False,False,True,False
1847100,10,0.3789,8.36,X2,0,SHALLOW,.3-.5,False,True,False,True,False
1847148,10,0.50631,10.8,S2,3,SHALLOW,.5-.7,True,False,False,False,True
1847151,10,0.40684,10.85,S2,1,SHALLOW,.3-.5,True,False,False,True,False
1847165,10,0.38748,8.88,S2,4,SHALLOW,.3-.5,True,False,False,True,False
1847216,10,0.47905,10.47,X2,3,SHALLOW,.3-.5,True,False,False,True,False
1847303,10,0.47964,8.91,X3,2,DEEP,.3-.5,True,False,False,True,False
1847317,10,0.81774,10.54,C3,2,DEEP,.7-1.3,True,False,True,False,True
1848092,10,0.5877,10.46,S1,0,SHALLOW,.5-.7,False,True,False,False,True
1848198,10,0.36021,9.34,S2,0,SHALLOW,.3-.5,False,True,False,True,False
1849051,10,0.30546,10.23,X2,4,SHALLOW,.3-.5,True,False,False,True,False
1849109,10,0.62398,10.22,X2,3,SHALLOW,.5-.7,True,False,False,False,True
1849244,10,0.57697,10.43,X2,4,SHALLOW,.5-.7,True,False,False,False,True
1849276,10,0.61412,9.77,X3,1,DEEP,.5-.7,True,False,False,False,True
1850045,10,0.31314,10.24,E1,3,SHALLOW,.3-.5,True,False,False,True,False
1850154,10,0.56823,10.61,C3,2,DEEP,.5-.7,True,False,True,False,True
1854103,10,0.4668,10.86,C2,4,SHALLOW,.3-.5,True,False,False,True,False
1856065,10,0.78892,9.26,X3,3,DEEP,.7-1.3,True,False,False,False,True
1860025,10,0.23532,8.96,E1,0,SHALLOW,.1-.3,False,True,False,True,False
1861164,10,0.43446,9.18,C1,1,SHALLOW,.3-.5,True,False,False,True,False
1861178,10,0.29093,9.65,X1,1,SHALLOW,.1-.3,True,False,True,True,False
1861210,10,0.54229,9.4,C2,4,SHALLOW,.5-.7,True,False,False,False,True
1861451,10,0.78049,10.79,X3,0,DEEP,.7-1.3,False,True,False,False,True
1861472,10,0.83776,10.86,X3,2,DEEP,.7-1.3,True,False,False,False,True
1861474,10,0.68966,10.34,X3,3,DEEP,.5-.7,True,False,False,False,True
1862039,10,0.28699,10.59,S1,4,SHALLOW,.1-.3,True,False,False,True,False
1862183,10,0.44864,10.33,C1,1,SHALLOW,.3-.5,True,False,False,True,False
1862207,10,0.54383,9.51,C1,2,SHALLOW,.5-.7,True,False,False,False,True
1864046,10,0.7487,9.6,C3,2,DEEP,.7-1.3,True,False,True,False,True
1864084,10,0.60535,9.67,X3,0,DEEP,.5-.7,False,True,False,False,True
1867019,10,0.22101,10.2,E1,2,SHALLOW,.1-.3,True,False,False,True,False
1871017,10,0.3372,10.83,C1,0,SHALLOW,.3-.5,False,True,False,True,False
1872097,10,0.84132,11.52,C3,1,DEEP,.7-1.3,True,False,True,False,True
1876204,10,0.51008,9.77,C3,1,DEEP,.5-.7,True,False,True,False,True
1876263,10,0.64639,11.37,E1,1,SHALLOW,.5-.7,True,False,False,False,True
1876287,10,0.56445,10.54,E1,2,SHALLOW,.5-.7,True,False,False,False,True
1876301,10,0.60073,10.23,E1,1,SHALLOW,.5-.7,True,False,False,False,True
1876304,10,0.68233,9.82,E1,0,SHALLOW,.5-.7,False,True,False,False,True
1876305,10,0.53667,10.62,E1,3,SHALLOW,.5-.7,True,False,False,False,True
1876308,10,0.42147,8.79,E2,2,SHALLOW,.3-.5,True,False,False,True,False
1876421,10,0.34313,9.33,X2,3,SHALLOW,.3-.5,True,False,False,True,False
1876431,10,0.46482,10.07,X2,0,SHALLOW,.3-.5,False,True,False,True,False
1876462,10,0.83954,10.81,X3,4,DEEP,.7-1.3,True,False,False,False,True
1876533,10,0.48981,10.77,X3,1,DEEP,.3-.5,True,False,False,True,False
1876602,10,0.72988,10.86,E1,2,SHALLOW,.7-1.3,True,False,False,False,True
1878148,10,0.22453,10.52,S1,1,SHALLOW,.1-.3,True,False,False,True,False
1878288,10,0.48449,10.39,C2,1,SHALLOW,.3-.5,True,False,False,True,False
1878334,10,0.36044,10.54,S2,1,SHALLOW,.3-.5,True,False,False,True,False
1878335,10,0.56371,8.97,X1,2,SHALLOW,.5-.7,True,False,True,False,True
1878612,10,0.64488,10.72,E2,4,SHALLOW,.5-.7,True,False,False,False,True
1878692,10,0.8845,10.94,X3,0,DEEP,.7-1.3,False,True,False,False,True
1878719,10,0.45753,10.59,S1,1,SHALLOW,.3-.5,True,False,False,True,False
1878756,10,0.55294,10.92,X3,4,DEEP,.5-.7,True,False,False,False,True
1879187,10,0.59157,10.86,S1,3,SHALLOW,.5-.7,True,False,False,False,True
1879188,10,0.64727,10.67,S1,1,SHALLOW,.5-.7,True,False,False,False,True
1879208,10,0.19471,10.66,C1,1,SHALLOW,.1-.3,True,False,False,True,False
1879256,10,0.24936,9.09,E1,1,SHALLOW,.1-.3,True,False,False,True,False
1879263,10,0.46192,10.01,E1,2,SHALLOW,.3-.5,True,False,False,True,False
1879313,10,0.60969,10.54,C2,0,SHALLOW,.5-.7,False,True,False,False,True
1879412,10,0.81984,11.09,X3,4,DEEP,.7-1.3,True,False,False,False,True
1879414,10,0.38889,7.95,X3,1,DEEP,.3-.5,True,False,False,True,False
1879426,10,0.22941,7.68,C3,3,DEEP,.1-.3,True,False,True,True,False
1879483,10,0.87565,10.72,X3,1,DEEP,.7-1.3,True,False,False,False,True
1879532,10,0.37719,10.67,E1,4,SHALLOW,.3-.5,True,False,False,True,False
1879649,10,0.11979,11.61,C1,1,SHALLOW,.1-.3,True,False,False,True,False
1880304,10,0.44419,10.52,C2,4,SHALLOW,.3-.5,True,False,False,True,False
1880429,10,0.49707,9.9,S2,1,SHALLOW,.3-.5,True,False,False,True,False
1880486,10,0.63407,11.17,S2,2,SHALLOW,.5-.7,True,False,False,False,True
1880513,10,0.64458,9.54,S2,0,SHALLOW,.5-.7,False,True,False,False,True
1880545,10,0.55111,11.03,E1,0,SHALLOW,.5-.7,False,True,False,False,True
1880632,10,0.40538,10.56,X3,0,DEEP,.3-.5,False,True,False,True,False
1880686,10,0.31406,10.56,C1,4,SHALLOW,.3-.5,True,False,False,True,False
1881037,10,0.76584,10.96,C3,1,DEEP,.7-1.3,True,False,True,False,True
1882097,10,0.47992,9.9,S2,0,SHALLOW,.3-.5,False,True,False,True,False
1883111,10,0.43278,10.49,E1,1,SHALLOW,.3-.5,True,False,False,True,False
1883166,10,0.51351,10.78,X2,3,SHALLOW,.5-.7,True,False,False,False,True
1887027,10,0.21303,10.81,C2,3,SHALLOW,.1-.3,True,False,False,True,False
1889022,10,0.51127,8.62,E1,1,SHALLOW,.5-.7,True,False,False,False,True
1889090,10,0.5129,8.55,S2,2,SHALLOW,.5-.7,True,False,False,False,True
1889155,10,0.77826,9.84,X3,2,DEEP,.7-1.3,True,False,False,False,True
1889211,10,0.46351,11.03,C1,2,SHALLOW,.3-.5,True,False,False,True,False
1889226,10,0.59276,10.71,C1,0,SHALLOW,.5-.7,False,True,False,False,True
1889253,10,0.53661,11.24,C2,4,SHALLOW,.5-.7,True,False,False,False,True
1890041,10,0.65258,9.43,E1,3,SHALLOW,.5-.7,True,False,False,False,True
1890212,10,0.72776,11.19,X3,0,DEEP,.7-1.3,False,True,False,False,True
1891030,10,0.61377,10.01,E1,0,SHALLOW,.5-.7,False,True,False,False,True
1891055,10,0.70652,9.71,E1,3,SHALLOW,.7-1.3,True,False,False,False,True
1891070,10,0.79348,10.39,E1,2,SHALLOW,.7-1.3,True,False,False,False,True
1891082,10,0.54871,9.54,X1,0,SHALLOW,.5-.7,False,True,True,False,True
1891107,10,0.62735,10.51,X1,3,SHALLOW,.5-.7,True,False,True,False,True
1891147,10,0.32274,9.06,X2,0,SHALLOW,.3-.5,False,True,False,True,False
1891261,10,0.50558,11.05,C1,3,SHALLOW,.5-.7,True,False,False,False,True
1891266,10,0.70836,10.74,C3,1,DEEP,.7-1.3,True,False,True,False,True
1892072,10,0.92838,11.31,C3,0,DEEP,.7-1.3,False,True,True,False,True
1892103,10,0.26584,10.27,X2,2,SHALLOW,.1-.3,True,False,False,True,False
1892149,10,0.64025,10.8,S1,0,SHALLOW,.5-.7,False,True,False,False,True
1892217,10,0.40897,10.4,C1,1,SHALLOW,.3-.5,True,False,False,True,False
1894320,10,0.7188,10.93,C2,0,SHALLOW,.7-1.3,False,True,False,False,True
1895036,10,0.45194,10.11,E1,0,SHALLOW,.3-.5,False,True,False,True,False
1895233,10,0.57035,9.7,C3,2,DEEP,.5-.7,True,False,True,False,True
1896111,10,0.49243,11.09,X3,3,DEEP,.3-.5,True,False,False,True,False
1896164,10,0.42068,11.19,X3,1,DEEP,.3-.5,True,False,False,True,False
1896213,10,0.68688,11.08,C3,0,DEEP,.5-.7,False,True,True,False,True
1896244,10,0.59156,10.64,C2,2,SHALLOW,.5-.7,True,False,False,False,True
1896254,10,0.55283,8.53,C2,4,SHALLOW,.5-.7,True,False,False,False,True
1897267,10,0.3192,9.55,C3,4,DEEP,.3-.5,True,False,True,True,False
1898053,10,0.81485,9.85,E2,1,SHALLOW,.7-1.3,True,False,False,False,True
1898108,10,0.51204,10.38,X2,1,SHALLOW,.5-.7,True,False,False,False,True
1898252,10,0.74571,11.02,C2,3,SHALLOW,.7-1.3,True,False,False,False,True
1899029,10,0.62411,10.51,X1,4,SHALLOW,.5-.7,True,False,True,False,True
1899053,10,0.53746,10.6,E1,2,SHALLOW,.5-.7,True,False,False,False,True
1899065,10,0.54762,10.66,E1,0,SHALLOW,.5-.7,False,True,False,False,True
1899158,10,0.64747,11.13,X2,3,SHALLOW,.5-.7,True,False,False,False,True
1899442,10,0.43144,10.88,C3,4,DEEP,.3-.5,True,False,True,True,False
1900056,10,0.47839,10.79,E2,0,SHALLOW,.3-.5,False,True,False,True,False
1900124,10,0.68533,10.5,X2,4,SHALLOW,.5-.7,True,False,False,False,True
1900662,10,0.44791,10.32,E2,0,SHALLOW,.3-.5,False,True,False,True,False
1900801,10,0.63579,9.43,C3,2,DEEP,.5-.7,True,False,True,False,True
1900856,10,0.72416,11.22,C2,1,SHALLOW,.7-1.3,True,False,False,False,True
1900865,10,0.45405,10.85,C3,0,DEEP,.3-.5,False,True,True,True,False
1901059,10,0.25126,9.17,X1,1,SHALLOW,.1-.3,True,False,True,True,False
1901115,10,0.29874,10.25,X2,2,SHALLOW,.1-.3,True,False,False,True,False
1901241,10,0.68144,9.28,S1,0,SHALLOW,.5-.7,False,True,False,False,True
1901257,10,0.51978,11.19,X3,4,DEEP,.5-.7,True,False,False,False,True
1901375,10,1.03222,10.05,C3,1,DEEP,.7-1.3,True,False,True,False,True
1901738,10,0.46975,10.75,X1,4,SHALLOW,.3-.5,True,False,True,True,False
1901798,10,0.47577,10.74,X2,0,SHALLOW,.3-.5,False,True,False,True,False
1901803,10,0.50262,11.11,X2,4,SHALLOW,.5-.7,True,False,False,False,True
1901832,10,0.91696,11.12,X3,2,DEEP,.7-1.3,True,False,False,False,True
1901899,10,0.98846,11.2,C3,3,DEEP,.7-1.3,True,False,True,False,True
1902212,10,0.28169,9.58,C3,4,DEEP,.1-.3,True,False,True,True,False
1904061,10,0.62336,10.46,X1,2,SHALLOW,.5-.7,True,False,True,False,True
1904092,10,0.36798,10.91,E2,3,SHALLOW,.3-.5,True,False,False,True,False
1904152,10,0.44025,10.99,X3,0,DEEP,.3-.5,False,True,False,True,False
1904182,10,0.76657,10.78,X3,0,DEEP,.7-1.3,False,True,False,False,True
1904287,10,0.69904,10.68,C3,1,DEEP,.5-.7,True,False,True,False,True
1904293,10,0.44623,10.02,C3,2,DEEP,.3-.5,True,False,True,True,False
1904300,10,0.91082,10.86,C3,2,DEEP,.7-1.3,True,False,True,False,True
1904321,10,0.61177,10.48,C2,0,SHALLOW,.5-.7,False,True,False,False,True
1904352,10,0.64337,9.98,C1,2,SHALLOW,.5-.7,True,False,False,False,True
1905127,10,0.66579,10.35,X2,3,SHALLOW,.5-.7,True,False,False,False,True
1905171,10,0.30307,9.25,S2,4,SHALLOW,.3-.5,True,False,False,True,False
1905184,10,0.45587,10.54,X3,3,DEEP,.3-.5,True,False,False,True,False
1905244,10,0.36176,10.42,X3,4,DEEP,.3-.5,True,False,False,True,False
1906545,10,0.54806,11.32,X3,3,DEEP,.5-.7,True,False,False,False,True
1908380,10,0.43668,11.05,E2,4,SHALLOW,.3-.5,True,False,False,True,False
1908493,10,0.67829,8.98,X3,3,DEEP,.5-.7,True,False,False,False,True
1909375,10,0.33753,10.58,C3,2,DEEP,.3-.5,True,False,True,True,False
1910032,10,0.66455,9.26,E1,0,SHALLOW,.5-.7,False,True,False,False,True
1910065,10,0.57875,10.19,E2,0,SHALLOW,.5-.7,False,True,False,False,True
1910132,10,0.26271,11.1,X3,2,DEEP,.1-.3,True,False,False,True,False
1912020,10,0.55436,10.34,C1,3,SHALLOW,.5-.7,True,False,False,False,True
1912066,10,0.87344,11.23,C3,4,DEEP,.7-1.3,True,False,True,False,True
1912110,10,0.53763,9.79,E2,2,SHALLOW,.5-.7,True,False,False,False,True
1912270,10,0.86642,9.67,C3,0,DEEP,.7-1.3,False,True,True,False,True
1913214,10,0.31615,10.63,X2,1,SHALLOW,.3-.5,True,False,False,True,False
1915067,10,0.45699,10.74,E2,0,SHALLOW,.3-.5,False,True,False,True,False
1915087,10,0.56104,10.41,E2,0,SHALLOW,.5-.7,False,True,False,False,True
1915184,10,0.5246,9.81,X3,4,DEEP,.5-.7,True,False,False,False,True
1916124,10,0.43071,9.6,X1,2,SHALLOW,.3-.5,True,False,True,True,False
1916143,10,0.45362,8.8,X2,4,SHALLOW,.3-.5,True,False,False,True,False
1916193,10,0.62565,9.38,X3,0,DEEP,.5-.7,False,True,False,False,True
1916207,10,0.40841,9.51,S2,3,SHALLOW,.3-.5,True,False,False,True,False
1918076,10,0.36966,9.79,X3,4,DEEP,.3-.5,True,False,False,True,False
1919017,10,0.21849,10.54,E1,0,SHALLOW,.1-.3,False,True,False,True,False
1919042,10,0.34814,9.95,E2,3,SHALLOW,.3-.5,True,False,False,True,False
1920362,10,0.39835,10.46,C2,0,SHALLOW,.3-.5,False,True,False,True,False
1920365,10,0.36549,10.57,C2,1,SHALLOW,.3-.5,True,False,False,True,False
1921033,10,0.23707,8.61,S2,1,SHALLOW,.1-.3,True,False,False,True,False
1921361,10,0.34459,8.37,C2,3,SHALLOW,.3-.5,True,False,False,True,False
1922067,10,0.19771,8.97,X1,0,SHALLOW,.1-.3,False,True,True,True,False
1922297,10,0.43225,9.91,E2,0,SHALLOW,.3-.5,False,True,False,True,False
1922405,10,0.51619,9.62,C2,4,SHALLOW,.5-.7,True,False,False,False,True
1923060,10,0.38247,10.3,X1,1,SHALLOW,.3-.5,True,False,True,True,False
1923155,10,0.39201,9.44,C3,3,DEEP,.3-.5,True,False,True,True,False
1923415,10,0.36161,9.27,S1,1,SHALLOW,.3-.5,True,False,False,True,False
1924089,10,0.46299,10.35,X2,0,SHALLOW,.3-.5,False,True,False,True,False
1924103,10,0.4638,10.81,X2,1,SHALLOW,.3-.5,True,False,False,True,False
1924188,10,1.04136,11.54,C3,2,DEEP,.7-1.3,True,False,True,False,True
1925122,10,0.38274,9.74,S2,4,SHALLOW,.3-.5,True,False,False,True,False
1927203,10,0.68069,10.28,C1,2,SHALLOW,.5-.7,True,False,False,False,True
1927242,10,0.24576,11.05,E2,1,SHALLOW,.1-.3,True,False,False,True,False
1927254,10,0.58091,10.02,C2,1,SHALLOW,.5-.7,True,False,False,False,True
1928108,10,0.6508,9.54,X3,1,DEEP,.5-.7,True,False,False,False,True
1928157,10,0.54379,10.38,X1,1,SHALLOW,.5-.7,True,False,True,False,True
1929022,10,0.75356,10.83,C1,2,SHALLOW,.7-1.3,True,False,False,False,True
1929024,10,0.31564,9.89,C1,1,SHALLOW,.3-.5,True,False,False,True,False
1929034,10,0.60827,10.95,C1,3,SHALLOW,.5-.7,True,False,False,False,True
1929063,10,0.22211,9.77,E1,2,SHALLOW,.1-.3,True,False,False,True,False
1929216,10,0.33584,10.02,X1,1,SHALLOW,.3-.5,True,False,True,True,False
1933035,10,0.34105,10.64,E1,2,SHALLOW,.3-.5,True,False,False,True,False
1933168,10,0.43495,11.22,C1,4,SHALLOW,.3-.5,True,False,False,True,False
1933196,10,0.75011,10.59,C2,2,SHALLOW,.7-1.3,True,False,False,False,True
1933258,10,0.68972,10.94,S1,1,SHALLOW,.5-.7,True,False,False,False,True
1934253,10,0.53739,8.49,C3,4,DEEP,.5-.7,True,False,True,False,True
1934353,10,0.51314,9.15,X1,1,SHALLOW,.5-.7,True,False,True,False,True
1936125,10,0.8953,10.76,C3,3,DEEP,.7-1.3,True,False,True,False,True
1936171,10,0.47336,10.97,C2,0,SHALLOW,.3-.5,False,True,False,True,False
1936215,10,0.61011,9.25,S1,1,SHALLOW,.5-.7,True,False,False,False,True
1936293,10,0.83168,10.77,C3,1,DEEP,.7-1.3,True,False,True,False,True
1936353,10,0.69154,10.94,X2,4,SHALLOW,.5-.7,True,False,False,False,True
1937078,10,0.45525,9.61,X1,0,SHALLOW,.3-.5,False,True,True,True,False
1942106,10,0.56584,11.19,C2,0,SHALLOW,.5-.7,False,True,False,False,True
1943111,10,0.31562,11.05,C3,4,DEEP,.3-.5,True,False,True,True,False
1945100,10,0.6646,10.22,C3,3,DEEP,.5-.7,True,False,True,False,True
1945116,10,0.54469,10.42,C2,1,SHALLOW,.5-.7,True,False,False,False,True
1946246,10,0.83936,10.3,C3,0,DEEP,.7-1.3,False,True,True,False,True
1946322,10,0.59043,11.04,C2,4,SHALLOW,.5-.7,True,False,False,False,True
1948209,10,0.37942,9.13,C3,3,DEEP,.3-.5,True,False,True,True,False
1948295,10,0.78324,10.54,C2,4,SHALLOW,.7-1.3,True,False,False,False,True
1948484,10,0.34436,10.82,X3,2,DEEP,.3-.5,True,False,False,True,False
1950024,10,1.01922,10.49,C3,0,DEEP,.7-1.3,False,True,True,False,True
1950043,10,0.68828,9.81,C1,4,SHALLOW,.5-.7,True,False,False,False,True
1959025,10,0.61137,10.8,C2,3,SHALLOW,.5-.7,True,False,False,False,True
1968046,10,0.27255,10.77,C1,3,SHALLOW,.1-.3,True,False,False,True,False
2001ah,63,0.05886,11.02,LOWZ,0,LOWZ,0-.1,False,True,False,True,False
2001ay,63,0.03085,10.63,LOWZ,2,LOWZ,0-.1,True,False,False,True,False
2001az,63,0.04101,10.52,LOWZ,3,LOWZ,0-.1,True,False,False,True,False
2001eh,63,0.03725,10.97,LOWZ,0,LOWZ,0-.1,False,True,False,True,False
2002bf,63,0.02525,10.58,LOWZ,4,LOWZ,0-.1,True,False,False,True,False
2002he,63,0.02519,11.15,LOWZ,0,LOWZ,0-.1,False,True,False,True,False
2002hu,63,0.03705,10.46,LOWZ,1,LOWZ,0-.1,True,False,False,True,False
2003U,63,0.02833,10.42,LOWZ,4,LOWZ,0-.1,True,False,False,True,False
2003ch,63,0.02919,10.74,LOWZ,4,LOWZ,0-.1,True,False,False,True,False
2003fa,63,0.04056,10.83,LOWZ,0,LOWZ,0-.1,False,True,False,True,False
2003ic,63,0.05126,11.58,LOWZ,1,LOWZ,0-.1,True,False,False,True,False
2003it,63,0.0251,10.72,LOWZ,3,LOWZ,0-.1,True,False,False,True,False
2003iv,63,0.03491,10.98,LOWZ,2,LOWZ,0-.1,True,False,False,True,False
2004L,63,0.03373,10.45,LOWZ,4,LOWZ,0-.1,True,False,False,True,False
2004as,63,0.03296,8.68,LOWZ,0,LOWZ,0-.1,False,True,False,True,False
2004ef,64,0.03012,10.82,LOWZ,0,LOWZ,0-.1,False,True,False,True,False
2004gc,5,0.03267,10.3,LOWZ,0,LOWZ,0-.1,False,True,False,True,False
2004gs,5,0.02857,10.61,LOWZ,2,LOWZ,0-.1,True,False,False,True,False
2004gu,5,0.04664,10.22,LOWZ,4,LOWZ,0-.1,True,False,False,True,False
2005M,64,0.02598,9.93,LOWZ,3,LOWZ,0-.1,True,False,False,True,False
2005eq,64,0.02823,10.62,LOWZ,4,LOWZ,0-.1,True,False,False,True,False
2005eu,64,0.03516,9.15,LOWZ,4,LOWZ,0-.1,True,False,False,True,False
2005hc,64,0.04575,10.48,LOWZ,3,LOWZ,0-.1,True,False,False,True,False
2005hj,64,0.05708,9.49,LOWZ,1,LOWZ,0-.1,True,False,False,True,False
2005iq,64,0.03341,10.49,LOWZ,3,LOWZ,0-.1,True,False,False,True,False
2005ir,64,0.0752,10.08,LOWZ,2,LOWZ,0-.1,True,False,False,True,False
2005ku,5,0.04439,9.93,LOWZ,4,LOWZ,0-.1,True,False,False,True,False
2005lz,64,0.04643,11.04,LOWZ,1,LOWZ,0-.1,True,False,False,True,False
2005ms,64,0.02669,10.33,LOWZ,4,LOWZ,0-.1,True,False,False,True,False
2005na,64,0.02748,11.11,LOWZ,4,LOWZ,0-.1,True,False,False,True,False
2006S,64,0.03393,10.45,LOWZ,1,LOWZ,0-.1,True,False,False,True,False
2006al,64,0.06886,10.05,LOWZ,1,LOWZ,0-.1,True,False,False,True,False
2006az,64,0.03201,11.15,LOWZ,1,LOWZ,0-.1,True,False,False,True,False
2006cf,64,0.04268,10.81,LOWZ,4,LOWZ,0-.1,True,False,False,True,False
2006cq,64,0.04944,11.16,LOWZ,4,LOWZ,0-.1,True,False,False,True,False
2006en,64,0.03162,10.91,LOWZ,0,LOWZ,0-.1,False,True,False,True,False
2006ev,64,0.0281,10.8,LOWZ,3,LOWZ,0-.1,True,False,False,True,False
2006gr,64,0.03428,10.72,LOWZ,2,LOWZ,0-.1,True,False,False,True,False
2006lu,5,0.05346,10.25,LOWZ,3,LOWZ,0-.1,True,False,False,True,False
2006mo,64,0.03702,10.76,LOWZ,1,LOWZ,0-.1,True,False,False,True,False
2006oa,64,0.06153,8.91,LOWZ,1,LOWZ,0-.1,True,False,False,True,False
2006ob,64,0.05824,11.18,LOWZ,2,LOWZ,0-.1,True,False,False,True,False
2006on,64,0.07089,10.17,LOWZ,4,LOWZ,0-.1,True,False,False,True,False
2006py,5,0.05653,9.8,LOWZ,4,LOWZ,0-.1,True,False,False,True,False
2006qo,64,0.02898,10.81,LOWZ,0,LOWZ,0-.1,False,True,False,True,False
2006te,64,0.0329,10.26,LOWZ,2,LOWZ,0-.1,True,False,False,True,False
2007O,64,0.03818,10.76,LOWZ,3,LOWZ,0-.1,True,False,False,True,False
2007R,64,0.03174,11.01,LOWZ,2,LOWZ,0-.1,True,False,False,True,False
2007ae,64,0.06533,11.24,LOWZ,1,LOWZ,0-.1,True,False,False,True,False
2007bd,64,0.0312,10.64,LOWZ,4,LOWZ,0-.1,True,False,False,True,False
2007co,64,0.02731,10.41,LOWZ,1,LOWZ,0-.1,True,False,False,True,False
2007cq,64,0.0251,9.74,LOWZ,2,LOWZ,0-.1,True,False,False,True,False
2007hu,65,0.03551,10.99,LOWZ,0,LOWZ,0-.1,False,True,False,True,False
2007is,65,0.02866,10.65,LOWZ,0,LOWZ,0-.1,False,True,False,True,False
2007jg,5,0.03756,9.52,LOWZ,4,LOWZ,0-.1,True,False,False,True,False
2007kk,65,0.04285,11.05,LOWZ,2,LOWZ,0-.1,True,False,False,True,False
2007nq,65,0.04349,11.16,LOWZ,3,LOWZ,0-.1,True,False,False,True,False
2007ob,65,0.03243,10.08,LOWZ,3,LOWZ,0-.1,True,False,False,True,False
2007sw,65,0.02517,10.48,LOWZ,0,LOWZ,0-.1,False,True,False,True,False
2007ux,65,0.03264,10.19,LOWZ,4,LOWZ,0-.1,True,False,False,True,False
2008050,65,0.04625,9.62,LOWZ,4,LOWZ,0-.1,True,False,False,True,False
2008051,65,0.03873,9.1,LOWZ,1,LOWZ,0-.1,True,False,False,True,False
2008ar,65,0.02849,10.31,LOWZ,1,LOWZ,0-.1,True,False,False,True,False
2008bz,65,0.06099,10.47,LOWZ,0,LOWZ,0-.1,False,True,False,True,False
2008cf,65,0.04682,9.15,LOWZ,4,LOWZ,0-.1,True,False,False,True,False
2008fr,65,0.03828,8.69,LOWZ,0,LOWZ,0-.1,False,True,False,True,False
2008gb,65,0.03796,10.39,LOWZ,1,LOWZ,0-.1,True,False,False,True,False
2008gl,65,0.03272,10.8,LOWZ,4,LOWZ,0-.1,True,False,False,True,False
2008gp,5,0.03333,10.64,LOWZ,2,LOWZ,0-.1,True,False,False,True,False
2008hj,65,0.03682,10.2,LOWZ,1,LOWZ,0-.1,True,False,False,True,False
2009ad,65,0.02844,10.45,LOWZ,3,LOWZ,0-.1,True,False,False,True,False
2009bv,65,0.03848,10.37,LOWZ,0,LOWZ,0-.1,False,True,False,True,False
2009do,65,0.04099,10.73,LOWZ,1,LOWZ,0-.1,True,False,False,True,False
2010ag,66,0.03335,10.57,LOWZ,1,LOWZ,0-.1,True,False,False,True,False
2010dt,66,0.05316,10.69,LOWZ,2,LOWZ,0-.1,True,False,False,True,False
2010dw,66,0.03902,10.19,LOWZ,0,LOWZ,0-.1,False,True,False,True,False
2016afk,150,0.04738,9.7,LOWZ,1,LOWZ,0-.1,True,False,False,True,False
ASASSN-15bc,150,0.03753,10.16,LOWZ,4,LOWZ,0-.1,True,False,False,True,False
ASASSN-15fa,150,0.02741,10.91,LOWZ,0,LOWZ,0-.1,False,True,False,True,False
ASASSN-15hg,150,0.03143,10.39,LOWZ,0,LOWZ,0-.1,False,True,False,True,False
ASASSN-15jl,150,0.03512,9.08,LOWZ,2,LOWZ,0-.1,True,False,False,True,False
ASASSN-15lu,150,0.03635,9.98,LOWZ,3,LOWZ,0-.1,True,False,False,True,False
ASASSN-15mf,150,0.02695,11.0,LOWZ,4,LOWZ,0-.1,True,False,False,True,False
ASASSN-15mg,150,0.04408,10.14,LOWZ,2,LOWZ,0-.1,True,False,False,True,False
ASASSN-15np,150,0.03884,10.17,LOWZ,3,LOWZ,0-.1,True,False,False,True,False
ASASSN-15nq,150,0.03023,10.4,LOWZ,1,LOWZ,0-.1,True,False,False,True,False
ASASSN-15pm,150,0.04837,10.67,LOWZ,1,LOWZ,0-.1,True,False,False,True,False
ASASSN-15pn,150,0.03909,9.37,LOWZ,0,LOWZ,0-.1,False,True,False,True,False
ASASSN-15pr,150,0.03264,9.72,LOWZ,1,LOWZ,0-.1,True,False,False,True,False
ASASSN-15ss,150,0.03599,10.77,LOWZ,3,LOWZ,0-.1,True,False,False,True,False
ASASSN-15tg,150,0.03529,10.07,LOWZ,0,LOWZ,0-.1,False,True,False,True,False
ASASSN-16aj,150,0.02953,10.65,LOWZ,1,LOWZ,0-.1,True,False,False,True,False
ASASSN-16ay,150,0.02938,10.48,LOWZ,1,LOWZ,0-.1,True,False,False,True,False
ASASSN-16bc,150,0.03298,10.49,LOWZ,2,LOWZ,0-.1,True,False,False,True,False
ASASSN-16bq,150,0.02534,10.62,LOWZ,0,LOWZ,0-.1,False,True,False,True,False
ASASSN-16br,150,0.02956,9.92,LOWZ,0,LOWZ,0-.1,False,True,False,True,False
ASASSN-16ct,150,0.04306,9.13,LOWZ,3,LOWZ,0-.1,True,False,False,True,False
ASASSN-16db,150,0.0373,10.82,LOWZ,0,LOWZ,0-.1,False,True,False,True,False
ASASSN-16dw,150,0.03437,10.24,LOWZ,1,LOWZ,0-.1,True,False,False,True,False
ASASSN-16fo,150,0.03036,10.09,LOWZ,3,LOWZ,0-.1,True,False,False,True,False
ASASSN-16fs,150,0.02944,10.94,LOWZ,4,LOWZ,0-.1,True,False,False,True,False
ASASSN-16hc,150,0.05151,11.0,LOWZ,3,LOWZ,0-.1,True,False,False,True,False
ASASSN-16hr,150,0.03083,9.89,LOWZ,1,LOWZ,0-.1,True,False,False,True,False
ASASSN-16oz,150,0.03192,8.29,LOWZ,2,LOWZ,0-.1,True,False,False,True,False
ASASSN-17at,150,0.02713,10.36,LOWZ,2,LOWZ,0-.1,True,False,False,True,False
ASASSN-17eb,150,0.05044,10.89,LOWZ,4,LOWZ,0-.1,True,False,False,True,False
AT2016aj,150,0.06725,10.88,LOWZ,4,LOWZ,0-.1,True,False,False,True,False
AT2016cor,150,0.05066,9.97,LOWZ,2,LOWZ,0-.1,True,False,False,True,False
AT2016cvv,150,0.04438,11.23,LOWZ,4,LOWZ,0-.1,True,False,False,True,False
AT2016cvw,150,0.03787,10.88,LOWZ,0,LOWZ,0-.1,False,True,False,True,False
AT2016cyt,150,0.03059,10.92,LOWZ,2,LOWZ,0-.1,True,False,False,True,False
AT2016ews,150,0.04631,10.68,LOWZ,0,LOWZ,0-.1,False,True,False,True,False
AT2016gmg,150,0.04865,11.19,LOWZ,0,LOWZ,0-.1,False,True,False,True,False
AT2016gsu,150,0.07575,10.07,LOWZ,4,LOWZ,0-.1,True,False,False,True,False
AT2016hns,150,0.0374,10.42,LOWZ,3,LOWZ,0-.1,True,False,False,True,False
AT2016htm,150,0.04289,10.14,LOWZ,2,LOWZ,0-.1,True,False,False,True,False
AT2016htn,150,0.05222,10.49,LOWZ,4,LOWZ,0-.1,True,False,False,True,False
AT2017cfc,150,0.02512,10.38,LOWZ,4,LOWZ,0-.1,True,False,False,True,False
AT2017lm,150,0.03031,9.81,LOWZ,4,LOWZ,0-.1,True,False,False,True,False
AT2017ns,150,0.02849,10.07,LOWZ,1,LOWZ,0-.1,True,False,False,True,False
AT2017oz,150,0.05614,9.82,LOWZ,3,LOWZ,0-.1,True,False,False,True,False
AT2017po,150,0.03255,10.87,LOWZ,1,LOWZ,0-.1,True,False,False,True,False
AT2017wb,150,0.03117,9.44,LOWZ,4,LOWZ,0-.1,True,False,False,True,False
AT2017yk,150,0.04691,10.31,LOWZ,4,LOWZ,0-.1,True,False,False,True,False
AT2017zd,150,0.02969,9.97,LOWZ,1,LOWZ,0-.1,True,False,False,True,False
ATLAS16agv,150,0.04819,8.72,LOWZ,0,LOWZ,0-.1,False,True,False,True,False
ATLAS16bwu,150,0.07091,9.89,LOWZ,4,LOWZ,0-.1,True,False,False,True,False
ATLAS17ajn,150,0.02978,10.2,LOWZ,2,LOWZ,0-.1,True,False,False,True,False
ATLAS17ajs,150,0.03451,9.79,LOWZ,2,LOWZ,0-.1,True,False,False,True,False
ATLAS17axb,150,0.03143,9.78,LOWZ,3,LOWZ,0-.1,True,False,False,True,False
CSS160129,150,0.06844,9.21,LOWZ,0,LOWZ,0-.1,False,True,False,True,False
CSS160428,150,0.03148,8.18,LOWZ,4,LOWZ,0-.1,True,False,False,True,False
Gaia16acv,150,0.07859,8.59,LOWZ,4,LOWZ,0-.1,True,False,False,True,False
Gaia16agf,150,0.02509,9.18,LOWZ,3,LOWZ,0-.1,True,False,False,True,False
Gaia16aki,150,0.07393,9.88,LOWZ,2,LOWZ,0-.1,True,False,False,True,False
Gaia16bba,150,0.0299,8.45,LOWZ,2,LOWZ,0-.1,True,False,False,True,False
MASTERJ0134,150,0.04369,9.52,LOWZ,1,LOWZ,0-.1,True,False,False,True,False
PS15ahs,150,0.02534,9.76,LOWZ,1,LOWZ,0-.1,True,False,False,True,False
PS15aii,150,0.04777,10.55,LOWZ,1,LOWZ,0-.1,True,False,False,True,False
PS15asb,150,0.04989,10.1,LOWZ,2,LOWZ,0-.1,True,False,False,True,False
PS15atx,150,0.07252,10.51,LOWZ,1,LOWZ,0-.1,True,False,False,True,False
PS15bdr,150,0.07116,10.55,LOWZ,1,LOWZ,0-.1,True,False,False,True,False
PS15bif,150,0.07845,9.74,LOWZ,3,LOWZ,0-.1,True,False,False,True,False
PS15bjg,150,0.06786,11.05,LOWZ,3,LOWZ,0-.1,True,False,False,True,False
PS15brr,150,0.05049,9.82,LOWZ,3,LOWZ,0-.1,True,False,False,True,False
PS15bsq,150,0.03371,10.91,LOWZ,1,LOWZ,0-.1,True,False,False,True,False
PS15bwh,150,0.07158,9.54,LOWZ,3,LOWZ,0-.1,True,False,False,True,False
PS15bzz,150,0.07931,10.53,LOWZ,3,LOWZ,0-.1,True,False,False,True,False
PS15cms,150,0.06627,10.67,LOWZ,0,LOWZ,0-.1,False,True,False,True,False
PS15cwx,150,0.03086,10.19,LOWZ,0,LOWZ,0-.1,False,True,False,True,False
PS15cze,150,0.04035,10.73,LOWZ,3,LOWZ,0-.1,True,False,False,True,False
PS15mt,150,0.07193,9.21,LOWZ,1,LOWZ,0-.1,True,False,False,True,False
PS16aer,150,0.05693,10.76,LOWZ,2,LOWZ,0-.1,True,False,False,True,False
PS16axi,150,0.04089,10.53,LOWZ,1,LOWZ,0-.1,True,False,False,True,False
PS16ayd,150,0.05469,10.82,LOWZ,0,LOWZ,0-.1,False,True,False,True,False
PS16bby,150,0.05468,10.56,LOWZ,4,LOWZ,0-.1,True,False,False,True,False
PS16bnz,150,0.06446,9.41,LOWZ,2,LOWZ,0-.1,True,False,False,True,False
PS16cqa,150,0.04521,10.71,LOWZ,0,LOWZ,0-.1,False,True,False,True,False
PS16cvc,150,0.02915,8.95,LOWZ,0,LOWZ,0-.1,False,True,False,True,False
PS16dnp,150,0.05023,8.23,LOWZ,4,LOWZ,0-.1,True,False,False,True,False
PS16el,150,0.0494,10.21,LOWZ,4,LOWZ,0-.1,True,False,False,True,False
PS16em,150,0.07083,10.4,LOWZ,4,LOWZ,0-.1,True,False,False,True,False
PS16evk,150,0.05262,10.14,LOWZ,0,LOWZ,0-.1,False,True,False,True,False
PS16fa,150,0.0476,10.6,LOWZ,0,LOWZ,0-.1,False,True,False,True,False
PS16fbb,150,0.05106,9.18,LOWZ,2,LOWZ,0-.1,True,False,False,True,False
PS16n,150,0.05309,10.17,LOWZ,3,LOWZ,0-.1,True,False,False,True,False
PS17akj,150,0.04777,9.11,LOWZ,2,LOWZ,0-.1,True,False,False,True,False
PS17bii,150,0.07446,10.57,LOWZ,3,LOWZ,0-.1,True,False,False,True,False
PS17tn,150,0.0459,10.31,LOWZ,4,LOWZ,0-.1,True,False,False,True,False
PS17yt,150,0.07073,10.17,LOWZ,0,LOWZ,0-.1,False,True,False,True,False
PSNJ0153424,150,0.02556,10.65,LOWZ,2,LOWZ,0-.1,True,False,False,True,False
PSNJ0859349,150,0.02938,10.35,LOWZ,0,LOWZ,0-.1,False,True,False,True,False
PSNJ1204051,150,0.04545,10.35,LOWZ,2,LOWZ,0-.1,True,False,False,True,False
PSNJ2352371,150,0.02596,10.71,LOWZ,2,LOWZ,0-.1,True,False,False,True,False
PTSS17-niq,150,0.06897,10.97,LOWZ,0,LOWZ,0-.1,False,True,False,True,False
SN2016aqb,150,0.06384,10.14,LOWZ,2,LOWZ,0-.1,True,False,False,True,False
SN2016ayg,150,0.04349,8.39,LOWZ,0,LOWZ,0-.1,False,True,False,True,False
SN2016esh,150,0.04583,9.87,LOWZ,4,LOWZ,0-.1,True,False,False,True,False
SN2016glp,150,0.0841,10.31,LOWZ,0,LOWZ,0-.1,False,True,False,True,False
SN2016glz,150,0.04077,9.81,LOWZ,4,LOWZ,0-.1,True,False,False,True,False
SN2016gmb,150,0.0583,9.37,LOWZ,1,LOWZ,0-.1,True,False,False,True,False
SN2016grz,150,0.08704,9.27,LOWZ,2,LOWZ,0-.1,True,False,False,True,False
SN2016hhv,150,0.06121,10.96,LOWZ,1,LOWZ,0-.1,True,False,False,True,False
SN2016hpx,150,0.03282,9.59,LOWZ,3,LOWZ,0-.1,True,False,False,True,False
SN2016ixf,150,0.06711,8.59,LOWZ,1,LOWZ,0-.1,True,False,False,True,False
SN2017cii,150,0.03289,9.32,LOWZ,2,LOWZ,0-.1,True,False,False,True,False
SN2017cjv,150,0.06092,10.72,LOWZ,0,LOWZ,0-.1,False,True,False,True,False
SN2017ckx,150,0.02858,10.33,LOWZ,1,LOWZ,0-.1,True,False,False,True,False
SN2017coa,150,0.04095,9.34,LOWZ,3,LOWZ,0-.1,True,False,False,True,False
SN2017cpu,150,0.05502,11.03,LOWZ,0,LOWZ,0-.1,False,True,False,True,False
SN2017hn,150,0.02557,10.58,LOWZ,2,LOWZ,0-.1,True,False,False,True,False
SN2017mf,150,0.02598,10.57,LOWZ,3,LOWZ,0-.1,True,False,False,True,False
SN2017ms,150,0.02591,9.08,LOWZ,4,LOWZ,0-.1,True,False,False,True,False
iPTF17dz,150,0.09293,9.87,LOWZ,0,LOWZ,0-.1,False,True,False,True,False
