CID,fit_row_one_based,BAND,MJD,rest_phase,model_flux,model_magerr,data_flux,data_fluxerr,zHEL,MWEBV
1643313,1,r,57740.114000000001,-8.8333342861568624,75.366902177583228,0.044248189727279785,79.356002807617188,3.7601997852325439,0.39092999696731567,0.0096422657370567322
1643313,2,i,57740.116000000002,-8.8318963992719954,73.35343795095541,0.066580754570373712,69.696998596191406,4.662895679473877,0.39092999696731567,0.0096422657370567322
1643313,3,z,57740.120999999999,-8.8283016820624436,69.923143872285749,0.072004593682060428,68.130996704101562,6.1629385948181152,0.39092999696731567,0.0096422657370567322
1643313,4,r,57747.114999999998,-3.8000112467076845,128.04662063308052,0.035542843933811311,132.57000732421875,4.049891471862793,0.39092999696731567,0.0096422657370567322
1643313,5,i,57747.116999999998,-3.7985733598228171,125.38681876334834,0.052776104147442118,120.26999664306641,5.9097161293029785,0.39092999696731567,0.0096422657370567322
1643313,6,z,57747.122000000003,-3.7949786426080343,106.61301340269921,0.049864272257651228,104.90000152587891,8.2957992553710938,0.39092999696731567,0.0096422657370567322
1643313,7,r,57751.144999999997,-0.9026691742917039,134.81933593836038,0.033159774507826908,135.41999816894531,5.1368155479431152,0.39092999696731567,0.0096422657370567322
1643313,8,i,57751.146999999997,-0.90123128740683678,136.8221085593938,0.047263259628063096,119.37999725341797,7.5717496871948242,0.39092999696731567,0.0096422657370567322
1643313,9,z,57751.150000000001,-0.8990744570769208,108.55173500948719,0.049611157435395577,121.81999969482422,10.441951751708984,0.39092999696731567,0.0096422657370567322
1643313,10,r,57756.186000000002,2.7215247182807123,129.77757979528809,0.023612321265310095,123.69000244140625,5.4705405235290527,0.39092999696731567,0.0096422657370567322
1643313,11,i,57756.188000000002,2.7229626051655793,139.08741725724772,0.031244273817712456,133.27999877929688,7.5304641723632812,0.39092999696731567,0.0096422657370567322
1643313,12,z,57756.190999999999,2.7251194354902646,109.57115573001579,0.050058431055973969,122.30999755859375,10.723513603210449,0.39092999696731567,0.0096422657370567322
1643313,13,r,57761.057000000001,6.2234982256603546,111.49669526439234,0.026024179079850034,128.44000244140625,14.738361358642578,0.39092999696731567,0.0096422657370567322
1643313,14,i,57761.059000000001,6.2249361125452216,128.17277595514372,0.032491209451961253,127.15000152587891,13.782259941101074,0.39092999696731567,0.0096422657370567322
1643313,15,z,57761.063999999998,6.2285308297547735,98.75180037953119,0.04190016799300527,89.791000366210938,12.984466552734375,0.39092999696731567,0.0096422657370567322
1643313,16,r,57770.150000000001,12.760850946377058,70.000629714609616,0.031412645582716503,74.5469970703125,6.0082082748413086,0.39092999696731567,0.0096422657370567322
1643313,17,i,57770.152000000002,12.762288833261925,91.45992413224424,0.034749060049861405,98.878997802734375,6.9123625755310059,0.39092999696731567,0.0096422657370567322
1643313,18,z,57770.154999999999,12.76444566358661,65.789681037406353,0.058570524835284236,70.433998107910156,9.5138864517211914,0.39092999696731567,0.0096422657370567322
1643313,19,r,57778.125,18.494424898615247,42.116069433766327,0.045548883293900479,35.854000091552734,5.2341523170471191,0.39092999696731567,0.0096422657370567322
1643313,20,i,57778.127,18.495862785500112,69.517639556181052,0.040643650448374022,68.476997375488281,7.8005890846252441,0.39092999696731567,0.0096422657370567322
1643313,21,z,57778.129999999997,18.498019615824798,58.992579731702818,0.05774810900966313,71.864997863769531,11.16579532623291,0.39092999696731567,0.0096422657370567322
1643313,22,r,57784.036,22.744099585974048,29.553241412773833,0.05824396369382559,24.336999893188477,5.7903604507446289,0.39092999696731567,0.0096422657370567322
1643313,23,i,57784.038,22.745537472858917,59.010778494180421,0.043180441027736119,66.699996948242188,7.2509026527404785,0.39092999696731567,0.0096422657370567322
1643313,24,z,57784.044000000002,22.749851133513516,57.507742947754316,0.052333469840166638,55.338001251220703,9.4353389739990234,0.39092999696731567,0.0096422657370567322
1643313,25,r,57791.093000000001,27.817683458194274,20.300101431664952,0.071693002918040344,24.893999099731445,9.6988821029663086,0.39092999696731567,0.0096422657370567322
1643313,26,i,57791.095000000001,27.819121345079139,47.866641797032031,0.044903729980285342,37.909000396728516,8.1733369827270508,0.39092999696731567,0.0096422657370567322
1643313,27,z,57791.099999999999,27.822716062288695,52.153692704700511,0.064393879548999458,58.433998107910156,10.508415222167969,0.39092999696731567,0.0096422657370567322
1643313,28,r,57800.101000000002,34.293925986317205,13.721228819141983,0.080031395952226206,15.682999610900879,7.4462385177612305,0.39092999696731567,0.0096422657370567322
1643313,29,i,57800.103000000003,34.295363873202071,34.4870332542786,0.046710896098969633,38.097000122070312,9.0073032379150391,0.39092999696731567,0.0096422657370567322
1643313,30,z,57800.106,34.297520703526757,37.693839852223334,0.046264099467114239,50.102001190185547,11.432856559753418,0.39092999696731567,0.0096422657370567322
1578103,1,g,57714.237999999998,-12.308960826093438,94.488911642264355,0.28423759492595158,79.339996337890625,6.3840866088867188,0.16091999411582947,0.034215737134218216
1578103,2,r,57714.239999999998,-12.307238054489414,119.45564933174023,0.1745244245276375,102.02999877929688,9.9530067443847656,0.16091999411582947,0.034215737134218216
1578103,3,i,57714.241999999998,-12.30551528288539,136.76430367535281,0.17763707206182813,119.94000244140625,15.80327033996582,0.16091999411582947,0.034215737134218216
1578103,4,z,57714.248,-12.300346968073315,113.01825783788966,0.23210227005755638,78.25,19.745534896850586,0.16091999411582947,0.034215737134218216
1578103,5,g,57718.178999999996,-8.9142393810550082,222.6259946045632,0.12059784413701072,253.89999389648438,4.9925117492675781,0.16091999411582947,0.034215737134218216
1578103,6,r,57718.182000000001,-8.9116552236458375,261.39064252581869,0.079932743781248747,284.47000122070312,5.7196640968322754,0.16091999411582947,0.034215737134218216
1578103,7,i,57718.184000000001,-8.9099324520418133,284.87850148738477,0.086550085120385381,297.20999145507812,9.1126518249511719,0.16091999411582947,0.034215737134218216
1578103,8,z,57718.186000000002,-8.9082096804377873,226.38479753025396,0.11876818810496896,257.3599853515625,11.851082801818848,0.16091999411582947,0.034215737134218216
1578103,9,g,57723.076999999997,-4.695171723656772,441.16949410317147,0.050743544659026647,432.35000610351562,5.8036141395568848,0.16091999411582947,0.034215737134218216
1578103,10,r,57723.078999999998,-4.6934489520527469,490.65871280813474,0.047868921334819188,478.26998901367188,7.8229508399963379,0.16091999411582947,0.034215737134218216
1578103,11,i,57723.080999999998,-4.6917261804487218,494.46965888186992,0.049409966274686433,465.6099853515625,12.61305046081543,0.16091999411582947,0.034215737134218216
1578103,12,z,57723.087,-4.6865578656366473,378.77614835633602,0.077265323644028855,351.89999389648438,13.950270652770996,0.16091999411582947,0.034215737134218216
1578103,13,g,57730.099999999999,1.3543407626449639,482.80811200645689,0.032367754441767281,482.35000610351562,15.724016189575195,0.16091999411582947,0.034215737134218216
1578103,14,r,57730.103000000003,1.3569249200541349,595.13697194096039,0.022842328190728789,584.91998291015625,14.937158584594727,0.16091999411582947,0.034215737134218216
1578103,15,i,57730.105000000003,1.3586476916581598,516.59080982705348,0.042395442761341377,520.15997314453125,12.651328086853027,0.16091999411582947,0.034215737134218216
1578103,16,z,57730.110000000001,1.3629546206650882,342.53060153491003,0.067017916782723688,338.41000366210938,12.840909957885742,0.16091999411582947,0.034215737134218216
1578103,17,g,57739.167999999998,9.165387213701738,286.17509217197943,0.040128769419248277,298.54000854492188,13.165925979614258,0.16091999411582947,0.034215737134218216
1578103,18,r,57739.169999999998,9.167109985305764,452.38009612438941,0.035407440218164075,453.42999267578125,11.04161548614502,0.16091999411582947,0.034215737134218216
1578103,19,i,57739.173000000003,9.1696941427149348,351.3182439862095,0.048152502682215256,349,10.771778106689453,0.16091999411582947,0.034215737134218216
1578103,20,z,57739.178,9.1740010717218627,225.43546890014272,0.08474791311413582,236.78999328613281,12.581701278686523,0.16091999411582947,0.034215737134218216
1578103,21,g,57746.042999999998,15.087414601330705,146.44756808337391,0.056145201569606271,145.86000061035156,4.1401863098144531,0.16091999411582947,0.034215737134218216
1578103,22,r,57746.046000000002,15.089998758739876,316.5034460246539,0.041433833145765757,316.79000854492188,5.1664361953735352,0.16091999411582947,0.034215737134218216
1578103,23,i,57746.048000000003,15.0917215303439,282.09110274922739,0.051566393751151365,285.989990234375,6.6457414627075195,0.16091999411582947,0.034215737134218216
1578103,24,z,57746.050999999999,15.094305687746804,202.26255225801563,0.10905487831938376,213.3699951171875,7.2377018928527832,0.16091999411582947,0.034215737134218216
1578103,25,g,57750.124000000003,18.602730058632073,97.426199995299214,0.057494421978318201,98.596000671386719,5.8504080772399902,0.16091999411582947,0.034215737134218216
1578103,26,r,57750.125999999997,18.604452830229828,267.11050763008501,0.042515599849479335,268.30999755859375,8.3366622924804688,0.16091999411582947,0.034215737134218216
1578103,27,i,57750.127999999997,18.606175601833854,274.90055507542075,0.050713282510394725,262.97000122070312,12.144482612609863,0.16091999411582947,0.034215737134218216
1578103,28,z,57750.131000000001,18.608759759243025,217.36229606831736,0.093386885908494019,241.77000427246094,15.561931610107422,0.16091999411582947,0.034215737134218216
1578103,29,g,57756.078000000001,23.731421122767411,59.054826937255271,0.048773894280859188,46.015998840332031,6.0698957443237305,0.16091999411582947,0.034215737134218216
1578103,30,r,57756.080000000002,23.733143894371434,207.49658045572406,0.047809774992936142,219.30000305175781,8.4705076217651367,0.16091999411582947,0.034215737134218216
1578103,31,i,57756.082000000002,23.73486666597546,253.03603396198312,0.052933587619806835,251.39999389648438,11.980813980102539,0.16091999411582947,0.034215737134218216
1578103,32,z,57756.084999999999,23.737450823378364,237.30922762954691,0.076465888265086518,261.98001098632812,13.936840057373047,0.16091999411582947,0.034215737134218216
1578103,33,r,57770.053,35.769287703437399,107.276237347717,0.037049440747247538,112.51999664306641,5.8190922737121582,0.16091999411582947,0.034215737134218216
1578103,34,i,57770.055,35.771010475041429,125.66458917116687,0.046866778556747896,120.83999633789062,7.9036149978637695,0.16091999411582947,0.034215737134218216
1578103,35,z,57770.059999999998,35.775317404048351,138.33969003345285,0.079040503555723271,142.61000061035156,9.280482292175293,0.16091999411582947,0.034215737134218216
1578103,36,g,57778.048000000003,42.656067189125999,25.342283617627352,0.070873126069186276,33.758998870849609,6.603574275970459,0.16091999411582947,0.034215737134218216
1578103,37,r,57778.050000000003,42.657789960730021,85.453302871961483,0.037700108201118056,77.15899658203125,10.162060737609863,0.16091999411582947,0.034215737134218216
1578103,38,i,57778.052000000003,42.659512732334044,90.204276900142844,0.065524087512024612,83.263999938964844,17.475595474243164,0.16091999411582947,0.034215737134218216
1578103,39,z,57778.055,42.662096889736951,93.790282320423259,0.070459858910215931,80.024002075195312,23.222694396972656,0.16091999411582947,0.034215737134218216
1574104,1,r,57714.239999999998,-13.400528647703441,54.49729915621473,0.16107191429470927,34.868000030517578,11.562459945678711,0.27399000525474548,0.026701916009187698
1574104,2,i,57714.241999999998,-13.398958776674501,52.454534510704477,0.18723888761902807,58.217998504638672,22.283224105834961,0.27399000525474548,0.026701916009187698
1574104,3,z,57714.247000000003,-13.395034099099298,44.08398116580252,0.24303879415380408,23.990999221801758,26.394113540649414,0.27399000525474548,0.026701916009187698
1574104,4,g,57718.178999999996,-10.308667656838878,100.70413441149462,0.13045928140979032,104.41000366210938,5.770139217376709,0.27399000525474548,0.026701916009187698
1574104,5,r,57718.182000000001,-10.306312850292613,116.52995867414909,0.078002860229204496,125.37999725341797,6.6921639442443848,0.27399000525474548,0.026701916009187698
1574104,6,i,57718.184000000001,-10.304742979263674,110.20177765325577,0.095063482184348694,141.78999328613281,12.28203296661377,0.27399000525474548,0.026701916009187698
1574104,7,z,57718.186000000002,-10.303173108234736,89.619303936874488,0.13397886699398798,91.041000366210938,16.191886901855469,0.27399000525474548,0.026701916009187698
1574104,8,r,57723.078999999998,-6.4624836367204024,221.69058870811551,0.054154375280024779,208.97000122070312,8.9796562194824219,0.27399000525474548,0.026701916009187698
1574104,9,i,57723.080999999998,-6.4609137656914628,204.87853162921246,0.049868017065226283,195.69000244140625,17.606475830078125,0.27399000525474548,0.026701916009187698
1574104,10,z,57723.086000000003,-6.4569890881162593,158.8162110280613,0.078212173913313823,155.36000061035156,18.601688385009766,0.27399000525474548,0.026701916009187698
1574104,11,g,57730.099999999999,-0.95145139075177709,261.01397928096964,0.041881404857276025,253.33999633789062,18.219554901123047,0.27399000525474548,0.026701916009187698
1574104,12,r,57730.103000000003,-0.94909658420551279,299.61464128966162,0.039899320500006157,281.1199951171875,18.11400032043457,0.27399000525474548,0.026701916009187698
1574104,13,i,57730.105000000003,-0.94752671317657367,277.42846808856513,0.038157980807295565,284.1300048828125,17.795770645141602,0.27399000525474548,0.026701916009187698
1574104,14,z,57730.110000000001,-0.94360203560708134,167.60633905823457,0.074266688688746016,173.19999694824219,17.880949020385742,0.27399000525474548,0.026701916009187698
1574104,15,g,57739.167999999998,6.1663438530076711,178.50497870531876,0.037276268430814573,206.22000122070312,16.767824172973633,0.27399000525474548,0.026701916009187698
1574104,16,r,57739.169999999998,6.1679137240366098,269.69067543901355,0.029451332013406946,264.29998779296875,13.437453269958496,0.27399000525474548,0.026701916009187698
1574104,17,i,57739.173000000003,6.1702685305828746,251.70563597295538,0.031379278423285507,247.35000610351562,15.425848007202148,0.27399000525474548,0.026701916009187698
1574104,18,z,57739.178,6.1741932081523663,140.43040983997122,0.057956378328654766,135.17999267578125,17.46647834777832,0.27399000525474548,0.026701916009187698
1574104,19,g,57746.042999999998,11.562775513886583,103.95821338014963,0.050006647528585586,100.54000091552734,5.1973295211791992,0.27399000525474548,0.026701916009187698
1574104,20,r,57746.046000000002,11.565130320432846,203.02892044339541,0.033356827488744724,203.16999816894531,6.1952905654907227,0.27399000525474548,0.026701916009187698
1574104,21,i,57746.048000000003,11.566700191461786,176.96845805598318,0.040482071580037332,196.67999267578125,9.3664884567260742,0.27399000525474548,0.026701916009187698
1574104,22,z,57746.050999999999,11.56905499800234,93.470589641366288,0.093209815904721355,84.109001159667969,9.8464422225952148,0.27399000525474548,0.026701916009187698
1574104,23,i,57750.127999999997,14.769237089840859,152.98307835319579,0.04443955930005121,156.3800048828125,16.249845504760742,0.27399000525474548,0.026701916009187698
1574104,24,z,57750.131000000001,14.771591896387122,87.100979809767836,0.10846948164646612,86.275001525878906,22.174209594726562,0.27399000525474548,0.026701916009187698
1574104,25,r,57756.080000000002,19.4411732710157,119.55703789652108,0.036903285321704782,132.21000671386719,10.337464332580566,0.27399000525474548,0.026701916009187698
1574104,26,i,57756.082000000002,19.442743142044641,138.97354130491931,0.03873962513696038,128.10000610351562,16.951358795166016,0.27399000525474548,0.026701916009187698
1574104,27,z,57756.084999999999,19.445097948585193,92.064398735879607,0.086687882090868862,101.77999877929688,18.851104736328125,0.27399000525474548,0.026701916009187698
1574104,28,r,57770.053,30.409077212463117,59.905175083923602,0.053719106701416407,54.132999420166016,7.2624740600585938,0.27399000525474548,0.026701916009187698
1574104,29,i,57770.055,30.410647083492055,95.096991858068947,0.057489678408874208,91.248001098632812,10.50969409942627,0.27399000525474548,0.026701916009187698
1574104,30,z,57770.059999999998,30.414571761061548,82.866862512314711,0.069271521777497,75.813003540039062,12.525833129882812,0.27399000525474548,0.026701916009187698
1574104,31,g,57778.048000000003,36.684636649370901,12.595664546742682,0.10161343567129734,19.75200080871582,8.4883575439453125,0.27399000525474548,0.026701916009187698
1574104,32,i,57778.052000000003,36.687776391428784,67.331946150813224,0.04089361984333393,46.801998138427734,22.743474960327148,0.27399000525474548,0.026701916009187698
1574104,33,z,57778.055,36.690131197969336,56.754293236285868,0.072821546870053794,62.483001708984375,32.169200897216797,0.27399000525474548,0.026701916009187698
1574104,34,i,57782.057999999997,39.83222806174853,58.254422682097086,0.049040450367571216,46.26300048828125,17.816186904907227,0.27399000525474548,0.026701916009187698
1574104,35,z,57782.063999999998,39.836937674835347,47.089636054913747,0.066376005731882459,18.985000610351562,19.238065719604492,0.27399000525474548,0.026701916009187698
1380167,1,r,57627.417000000001,-12.699231879449149,10.307192453206644,0.26427542977578167,11.663000106811523,2.4944760799407959,0.75398999452590942,0.0089125568047165871
1380167,2,i,57629.260999999999,-11.647914593858964,16.759129087935268,0.23918276508486894,16.834999084472656,2.0029914379119873,0.75398999452590942,0.0089125568047165871
1380167,3,z,57630.266000000003,-11.07493527063523,16.700530905099718,0.12120200802496228,17.989999771118164,2.3758244514465332,0.75398999452590942,0.0089125568047165871
1380167,4,r,57633.294000000002,-9.3485856281352024,22.107391878761849,0.12434540994648849,23.895999908447266,2.2963664531707764,0.75398999452590942,0.0089125568047165871
1380167,5,i,57633.381000000001,-9.2989844329909577,26.779168705146351,0.14951067389305808,23.544000625610352,3.1233658790588379,0.75398999452590942,0.0089125568047165871
1380167,6,i,57634.258000000002,-8.7989815807868581,29.154545308646412,0.13725551828351748,28.23900032043457,2.9899077415466309,0.75398999452590942,0.0089125568047165871
1380167,7,z,57634.296999999999,-8.776746562275493,25.078693260854727,0.080718884111204356,28.861000061035156,3.0152466297149658,0.75398999452590942,0.0089125568047165871
1380167,8,r,57637.315000000002,-7.0560982065706996,32.66291707357459,0.066290513731195433,32.819999694824219,2.1408610343933105,0.75398999452590942,0.0089125568047165871
1380167,9,i,57638.237999999998,-6.5298694350977433,40.707715251327976,0.072901885660916099,36.915000915527344,2.5065429210662842,0.75398999452590942,0.0089125568047165871
1380167,10,z,57638.330000000002,-6.4774175965517324,34.249634410939819,0.08054543346458394,33.867000579833984,3.0372557640075684,0.75398999452590942,0.0089125568047165871
1380167,11,r,57643.303,-3.6421676717981408,43.02459836300072,0.052131309603518416,41.966999053955078,2.4103326797485352,0.75398999452590942,0.0089125568047165871
1380167,12,i,57643.330000000002,-3.6267741974418857,51.295369744967729,0.058376200766361429,54.674999237060547,3.7368240356445312,0.75398999452590942,0.0089125568047165871
1380167,13,i,57644.230000000003,-3.1136583856012834,52.10373878310007,0.057583288897287442,35.521999359130859,7.0631804466247559,0.75398999452590942,0.0089125568047165871
1380167,14,z,57644.256999999998,-3.0982649112491765,43.054404111470411,0.064622024771379946,47.915000915527344,6.0096430778503418,0.75398999452590942,0.0089125568047165871
1380167,15,r,57645.385000000002,-2.4551597604075726,42.745064842753557,0.052737474203306753,45.037998199462891,1.5646393299102783,0.75398999452590942,0.0089125568047165871
1380167,16,r,57653.326999999997,2.0728022147359195,36.787413659631682,0.052312184150934034,38.696998596191406,2.0971918106079102,0.75398999452590942,0.0089125568047165871
1380167,17,i,57653.385999999999,2.1064398068460464,52.266039933023585,0.049253005399801215,51.143001556396484,1.9244867563247681,0.75398999452590942,0.0089125568047165871
1380167,18,z,57654.211000000003,2.5767959677016599,45.460808089383384,0.037676325020064717,43.782001495361328,2.5298881530761719,0.75398999452590942,0.0089125568047165871
1380167,19,r,57660.237000000001,6.0123913923077188,27.575090318700173,0.055763615860868303,26.018999099731445,1.3324464559555054,0.75398999452590942,0.0089125568047165871
1380167,20,i,57660.243000000002,6.0158121643873477,44.124171866459363,0.046863222339721906,45.089000701904297,1.6104680299758911,0.75398999452590942,0.0089125568047165871
1380167,21,z,57660.347999999998,6.0756756757663313,41.549052868278515,0.041870647206451145,45.448001861572266,2.6932189464569092,0.75398999452590942,0.0089125568047165871
1380167,22,r,57666.326999999997,9.4844750524215211,20.354064571120826,0.072747219648740868,23.11400032043457,3.5223023891448975,0.75398999452590942,0.0089125568047165871
1380167,23,i,57666.343999999997,9.4941672399783954,35.075337177813971,0.058274302692624978,35.230998992919922,2.2699074745178223,0.75398999452590942,0.0089125568047165871
1380167,24,z,57668.123,10.508426161382973,33.940341125394006,0.050812728256344815,34.182998657226562,4.1666698455810547,0.75398999452590942,0.0089125568047165871
1380167,25,z,57673.273999999998,13.445158991144808,28.283779435313694,0.045580211790898065,25.313999176025391,2.9167847633361816,0.75398999452590942,0.0089125568047165871
1380167,26,r,57680.328999999998,17.467416827288968,8.030930610369122,0.11093836502219807,3.4419999122619629,7.6623654365539551,0.75398999452590942,0.0089125568047165871
1380167,27,i,57681.127999999997,17.92294964246619,15.723500158037297,0.080540597771456987,8.1739997863769531,12.65608024597168,0.75398999452590942,0.0089125568047165871
1380167,28,z,57681.305,18.023862418796572,21.786429429119991,0.057862573855866066,20.601999282836914,3.3975100517272949,0.75398999452590942,0.0089125568047165871
1380167,29,r,57682.108,18.481675748693547,7.1572412462115489,0.10237470282149827,7.3280000686645508,3.4882190227508545,0.75398999452590942,0.0089125568047165871
1380167,30,i,57683.188000000002,19.097414722902268,14.011159174534702,0.046754499502683643,15.407999992370605,2.5682253837585449,0.75398999452590942,0.0089125568047165871
1380167,31,z,57686.317000000003,20.881347362065675,18.878775128462305,0.054066712298011771,19.091999053955078,4.2338557243347168,0.75398999452590942,0.0089125568047165871
1380167,32,r,57686.360999999997,20.906433023974657,5.4651847206741344,0.088591577503918884,2.7560000419616699,2.4124629497528076,0.75398999452590942,0.0089125568047165871
1380167,33,i,57687.203999999998,21.387051501065006,11.283135880038778,0.057418969882482615,11.052000045776367,3.6650481224060059,0.75398999452590942,0.0089125568047165871
1380167,34,r,57694.125999999997,25.333482222791915,3.4386407164850228,0.1370927520625424,3.9549999237060547,1.8255900144577026,0.75398999452590942,0.0089125568047165871
1380167,35,z,57694.139000000003,25.340893895633187,15.035384880142514,0.058742369373423718,17.163999557495117,3.9963893890380859,0.75398999452590942,0.0089125568047165871
1380167,36,i,57694.279000000002,25.420711910807931,8.0655920370496634,0.080347218672136733,5.0570001602172852,3.0527114868164062,0.75398999452590942,0.0089125568047165871
1380167,37,r,57701.148000000001,29.33692581250434,2.7489699528860618,0.17723833353001242,2.4530000686645508,1.7616838216781616,0.75398999452590942,0.0089125568047165871
1380167,38,i,57701.160000000003,29.343767356663598,5.9525094049359515,0.10789914020383465,7.2220001220703125,2.2631783485412598,0.75398999452590942,0.0089125568047165871
1380167,39,z,57701.199999999997,29.366572503852826,12.23533758607449,0.07170460097070637,10.875,2.424476146697998,0.75398999452590942,0.0089125568047165871
1380167,40,i,57708.163999999997,33.336948630132987,4.7401290372672458,0.089312693032156137,0.38600000739097595,3.4553287029266357,0.75398999452590942,0.0089125568047165871
1380167,41,z,57708.205999999998,33.36089403468624,9.7350561341706108,0.063745063347489347,11.765000343322754,3.5376732349395752,0.75398999452590942,0.0089125568047165871
1380167,42,i,57714.099000000002,36.720662344879194,4.0891051315579539,0.10263234676073053,0.68400001525878906,2.5940196514129639,0.75398999452590942,0.0089125568047165871
1380167,43,z,57714.122000000003,36.733775304515696,8.1310061312448578,0.075722345375321104,11.894000053405762,3.3870847225189209,0.75398999452590942,0.0089125568047165871
1380167,44,r,57714.283000000003,36.82556602196707,1.8908937615203749,0.1925839407402318,1.0410000085830688,2.720278263092041,0.75398999452590942,0.0089125568047165871
1380167,45,r,57718.241000000002,39.082135336701697,1.7404416135658682,0.14565317555620869,-0.48399999737739563,1.4868866205215454,0.75398999452590942,0.0089125568047165871
1380167,46,i,57718.260999999999,39.093537910296305,3.806317755865833,0.079353745785896587,-0.1289999932050705,2.1689729690551758,0.75398999452590942,0.0089125568047165871
1380167,47,z,57719.095000000001,39.569025229269293,7.137669262108246,0.058074238462975408,6.7890000343322754,2.4847116470336914,0.75398999452590942,0.0089125568047165871
1380167,48,r,57722.286999999997,41.388875975258429,1.6718170135316255,0.1472143622588454,0.78799998760223389,1.6530430316925049,0.75398999452590942,0.0089125568047165871
1380167,49,i,57723.095000000001,41.849539948557165,3.5192999696257141,0.08340142826943317,2.4170000553131104,3.8085997104644775,0.75398999452590942,0.0089125568047165871
1380167,50,z,57723.144999999997,41.878046382545776,6.5631577470356826,0.062023274748990928,10.46399974822998,3.3083152770996094,0.75398999452590942,0.0089125568047165871
1431096,1,r,57642.103000000003,-14.736874913749974,8.4929569979215138,0.43707640042762008,54.448001861572266,25.755115509033203,0.47786000370979309,0.0064934557303786278
1431096,2,i,57642.105000000003,-14.735521605591293,8.6645687014236081,0.34790893130691491,11.017999649047852,9.5116443634033203,0.47786000370979309,0.0064934557303786278
1431096,3,z,57642.108999999997,-14.732814989278857,8.310329635679544,0.37608562314978161,18.863000869750977,13.11949348449707,0.47786000370979309,0.0064934557303786278
1431096,4,r,57645.089999999997,-12.715709179177276,17.340457332572516,0.37096863762628113,-18.01300048828125,28.797536849975586,0.47786000370979309,0.0064934557303786278
1431096,5,i,57645.091999999997,-12.714355871018595,16.914376606067979,0.23131872495841582,12.354999542236328,17.153032302856445,0.47786000370979309,0.0064934557303786278
1431096,6,z,57645.093999999997,-12.713002562859916,16.29587928037337,0.25119845412309638,12.215000152587891,21.702810287475586,0.47786000370979309,0.0064934557303786278
1431096,7,r,57653.07,-7.3160096271416073,60.668736025173466,0.092736665219101788,65.680999755859375,4.4190726280212402,0.47786000370979309,0.0064934557303786278
1431096,8,i,57653.072,-7.3146563189829275,53.058295165237247,0.081173822150046496,52.537998199462891,5.6199593544006348,0.47786000370979309,0.0064934557303786278
1431096,9,z,57653.074999999997,-7.3126263567473693,51.852960160565353,0.076329585172467476,51.205001831054688,7.9219908714294434,0.47786000370979309,0.0064934557303786278
1431096,10,r,57657.211000000003,-4.5139850851631191,87.214758328286692,0.060242695542984878,86.311996459960938,4.762721061706543,0.47786000370979309,0.0064934557303786278
1431096,11,i,57657.213000000003,-4.5126317770044393,74.283797787702582,0.060582658930588555,69.392997741699219,7.1521186828613281,0.47786000370979309,0.0064934557303786278
1431096,12,z,57657.216,-4.5106018147688811,72.111225728556846,0.054658780341022721,79.531997680664062,10.780242919921875,0.47786000370979309,0.0064934557303786278
1431096,13,r,57662.241000000002,-1.1104150667768748,96.843520879773934,0.054441742278987737,91.231002807617188,3.921090841293335,0.47786000370979309,0.0064934557303786278
1431096,14,i,57662.243000000002,-1.1090617586181948,85.244447885220822,0.053016907299022462,84.08599853515625,5.201169490814209,0.47786000370979309,0.0064934557303786278
1431096,15,z,57662.249000000003,-1.1050018341421546,80.629153782568409,0.049446317642599172,81.636001586914062,6.6678276062011719,0.47786000370979309,0.0064934557303786278
1431096,16,r,57666.036999999997,1.4581638178711456,95.026104651793858,0.038400219379332398,94.926002502441406,5.5076355934143066,0.47786000370979309,0.0064934557303786278
1431096,17,z,57666.044999999998,1.4635770505058658,83.606836070372466,0.042919402071228241,87.88800048828125,10.812346458435059,0.47786000370979309,0.0064934557303786278
1431096,18,r,57671.010000000002,4.8231645537473158,81.413578269542626,0.044348859725094267,85.095001220703125,6.845189094543457,0.47786000370979309,0.0064934557303786278
1431096,19,i,57671.012000000002,4.8245178619059956,81.412236084845958,0.030416835006809896,87.0469970703125,7.4524221420288086,0.47786000370979309,0.0064934557303786278
1431096,20,z,57671.017,4.8279011323002345,78.060971655687055,0.045579436783718959,72.150001525878906,9.2885160446166992,0.47786000370979309,0.0064934557303786278
1431096,21,r,57680.019,10.919141153278654,48.922415913504537,0.054255757755198565,47.603000640869141,9.249699592590332,0.47786000370979309,0.0064934557303786278
1431096,22,i,57680.021000000001,10.920494461437334,59.356115930415321,0.050577118757070112,75.617996215820312,14.170429229736328,0.47786000370979309,0.0064934557303786278
1431096,23,z,57680.023999999998,10.922524423672893,54.324683115944389,0.050534518339332896,58.841999053955078,19.564739227294922,0.47786000370979309,0.0064934557303786278
1431096,24,r,57681.017,11.594441924322167,45.43588833807032,0.050016178409334991,57.569000244140625,9.8001546859741211,0.47786000370979309,0.0064934557303786278
1431096,25,i,57681.019,11.595795232480848,56.800460704272325,0.047293557045022493,71.622001647949219,13.399242401123047,0.47786000370979309,0.0064934557303786278
1431096,26,z,57681.021999999997,11.597825194716405,52.538372585213125,0.048538521802603561,55.361000061035156,17.56471061706543,0.47786000370979309,0.0064934557303786278
1431096,27,r,57682.019,12.27244931168304,42.105182854880852,0.046735560969612594,47.185001373291016,7.4378290176391602,0.47786000370979309,0.0064934557303786278
1431096,28,i,57682.021000000001,12.273802619841721,54.368769502610682,0.045037000872212192,51.944999694824219,11.055038452148438,0.47786000370979309,0.0064934557303786278
1431096,29,z,57682.025999999998,12.277185890235959,50.989866520214896,0.047253628810013444,37.165000915527344,13.531484603881836,0.47786000370979309,0.0064934557303786278
1431096,30,r,57686.023000000001,14.981772244809173,30.993197368465601,0.062536605990617528,29.028999328613281,7.4573779106140137,0.47786000370979309,0.0064934557303786278
1431096,31,i,57686.025000000001,14.983125552967854,46.026383669286332,0.052964261323454428,32.518001556396484,12.725092887878418,0.47786000370979309,0.0064934557303786278
1431096,32,z,57686.027999999998,14.985155515203413,46.335238274362268,0.051680183227009298,43.922000885009766,17.555082321166992,0.47786000370979309,0.0064934557303786278
1431096,33,r,57694.027000000002,20.39771149474408,17.13979716128749,0.040710394047728471,13.402000427246094,3.9108021259307861,0.47786000370979309,0.0064934557303786278
1431096,34,i,57694.029000000002,20.39906480290276,34.377028492063033,0.054076093618032978,34.140998840332031,5.6792030334472656,0.47786000370979309,0.0064934557303786278
1431096,35,z,57694.035000000003,20.403124727378799,40.349975594707914,0.053348641951670668,40.340999603271484,7.8074898719787598,0.47786000370979309,0.0064934557303786278
1431096,36,r,57701.042000000001,25.144439860347074,11.40157491894157,0.069393158667125712,17.509000778198242,7.7907371520996094,0.47786000370979309,0.0064934557303786278
1431096,37,i,57701.044000000002,25.145793168505751,26.493717309636697,0.056237736607380878,19.339000701904297,7.6260666847229004,0.47786000370979309,0.0064934557303786278
1431096,38,z,57701.048000000003,25.148499784823112,33.481689971374557,0.078148145401698246,39.810001373291016,10.480612754821777,0.47786000370979309,0.0064934557303786278
1431096,39,r,57708.065000000002,29.896581458584784,8.118611587189239,0.09498117878280761,5.1960000991821289,8.7321701049804688,0.47786000370979309,0.0064934557303786278
1431096,40,i,57708.067000000003,29.897934766743465,20.100877023403878,0.072509494264798538,23.976999282836914,7.9488415718078613,0.47786000370979309,0.0064934557303786278
1431096,41,z,57708.072999999997,29.901994691214583,25.678687880460728,0.10053603094470154,30.535999298095703,8.8273000717163086,0.47786000370979309,0.0064934557303786278
1431096,42,r,57714.059000000001,33.952446009321903,6.6804440553397777,0.073735007716715206,6.749000072479248,4.1196660995483398,0.47786000370979309,0.0064934557303786278
1431096,43,i,57714.061000000002,33.953799317480588,16.040574616385534,0.04729579243896341,12.692000389099121,5.7772612571716309,0.47786000370979309,0.0064934557303786278
1431096,44,z,57714.065999999999,33.957182587874826,20.131383759744978,0.047594903394686978,-4.7140002250671387,9.141911506652832,0.47786000370979309,0.0064934557303786278
1431096,45,r,57718.044000000002,36.648912514943035,6.0915199782140936,0.080553299927146216,12.868000030517578,5.5631957054138184,0.47786000370979309,0.0064934557303786278
1431096,46,i,57718.046000000002,36.650265823101719,14.1422953039239,0.053270942695046522,9.4069995880126953,7.5923590660095215,0.47786000370979309,0.0064934557303786278
1431096,47,z,57718.050999999999,36.653649093495957,17.768251902300136,0.053529946963087327,11.916999816894531,9.844970703125,0.47786000370979309,0.0064934557303786278
1431096,48,r,57719.048000000003,37.328273210462591,5.9627328175299876,0.079659962624984357,0.012000000104308128,4.099088191986084,0.47786000370979309,0.0064934557303786278
1431096,49,i,57719.050000000003,37.329626518621275,13.734899240910332,0.051873522077761011,25.341999053955078,5.9223055839538574,0.47786000370979309,0.0064934557303786278
1431096,50,z,57719.052000000003,37.330979826779952,17.24137439723933,0.056406228797727317,19.142999649047852,8.0140199661254883,0.47786000370979309,0.0064934557303786278
1431096,51,r,57723.131999999998,40.091728469921158,5.5278048237440229,0.079605130383352651,2.7290000915527344,5.4212088584899902,0.47786000370979309,0.0064934557303786278
1431096,52,i,57723.133999999998,40.093081778079842,12.377890533753868,0.050351589427990735,12.130999565124512,9.7230815887451172,0.47786000370979309,0.0064934557303786278
1431096,53,z,57723.139999999999,40.097141702555881,15.450109065470564,0.06597535888346491,7.9800000190734863,9.54962158203125,0.47786000370979309,0.0064934557303786278
1431096,54,r,57730.055,44.776204660239635,5.1004026252226975,0.1064393615233515,12.557000160217285,8.5428543090820312,0.47786000370979309,0.0064934557303786278
1431096,55,i,57730.057000000001,44.77755796839832,10.748504032218403,0.058619168664940192,9.2229995727539062,8.1551723480224609,0.47786000370979309,0.0064934557303786278
1431096,56,z,57730.063000000002,44.781617892874358,13.35081505834126,0.077422738303753735,23.250999450683594,7.9829874038696289,0.47786000370979309,0.0064934557303786278
1643338,1,i,57730.084999999999,-13.136574002505059,8.8728006410285563,0.20213390569863809,9.2930002212524414,2.5845284461975098,0.56914997100830078,0.024786371737718582
1643338,2,r,57730.186000000002,-13.072207943257396,8.7422101840951889,0.34949205185244581,20.521999359130859,7.2975726127624512,0.56914997100830078,0.024786371737718582
1643338,3,z,57739.07,-7.4105438804594126,30.490779272410158,0.09143046682609822,30.583999633789062,3.0624544620513916,0.56914997100830078,0.024786371737718582
1643338,4,r,57740.072,-6.7719815897202134,34.131119952681729,0.072566148815123452,32.910999298095703,1.4900132417678833,0.56914997100830078,0.024786371737718582
1643338,5,i,57740.091,-6.7598731231292071,33.919761044087608,0.067309157278328924,34.698001861572266,1.8983705043792725,0.56914997100830078,0.024786371737718582
1643338,6,z,57744.084000000003,-4.2151832759016674,43.656837493927334,0.069338107290674147,42.862998962402344,2.5974743366241455,0.56914997100830078,0.024786371737718582
1643338,7,r,57747.072,-2.3109675825619584,47.259310897074556,0.053180613299368074,45.682998657226562,1.3584730625152588,0.56914997100830078,0.024786371737718582
1643338,8,i,57747.093000000001,-2.2975845405400754,47.469009295689737,0.048598092737308592,46.412998199462891,2.2208647727966309,0.56914997100830078,0.024786371737718582
1643338,9,z,57750.084000000003,-0.39145698405173407,49.820334050359179,0.047109316946526841,49.356998443603516,4.1794753074645996,0.56914997100830078,0.024786371737718582
1643338,10,r,57752.091,0.88757946057065895,47.041186295054011,0.040079156876743328,48.091999053955078,1.9393453598022461,0.56914997100830078,0.024786371737718582
1643338,11,i,57752.114000000001,0.90223707802341813,49.430293648206941,0.026085940158867487,52.458000183105469,2.5868158340454102,0.56914997100830078,0.024786371737718582
1643338,12,z,57757.046999999999,4.0459773776376275,48.461493183910775,0.036178675443903942,45.884998321533203,3.7986724376678467,0.56914997100830078,0.024786371737718582
1643338,13,i,57762.063000000002,7.2426125576262494,42.038570879022139,0.036239502897665248,41.084999084472656,4.3548164367675781,0.56914997100830078,0.024786371737718582
1643338,14,r,57763.053,7.8735273957801901,31.172645291564876,0.044006742932715184,32.863998413085938,8.0123128890991211,0.56914997100830078,0.024786371737718582
1643338,15,z,57771.040000000001,12.96354437794839,29.219717900239445,0.052520494859801405,29.207000732421875,2.9555621147155762,0.56914997100830078,0.024786371737718582
1643338,16,i,57772.053999999996,13.60975412126821,28.97547269606228,0.039895124489324307,28.14900016784668,2.8784327507019043,0.56914997100830078,0.024786371737718582
1643338,17,r,57773.078999999998,14.262974029460167,15.184048701687766,0.062619159942985531,15.25100040435791,1.4504348039627075,0.56914997100830078,0.024786371737718582
1643338,18,z,57779.063999999998,18.077141005580845,24.410313615520881,0.06133734766719804,35.46099853515625,5.3258914947509766,0.56914997100830078,0.024786371737718582
1643338,19,i,57780.07,18.718252447181797,19.561199580550021,0.048980887353290849,14.446999549865723,3.2340915203094482,0.56914997100830078,0.024786371737718582
1643338,20,r,57781.063999999998,19.351716436197492,8.1950190306114195,0.046361760587028178,13.510000228881836,3.2163333892822266,0.56914997100830078,0.024786371737718582
1643338,21,i,57791.038,25.708024108683958,11.258751066753794,0.064539786874621433,12.901000022888184,7.2332487106323242,0.56914997100830078,0.024786371737718582
1433108,1,r,57633.226999999999,-11.395405025123514,14.933906053025153,0.17359896996071342,14.442000389099121,4.5155110359191895,0.68402999639511108,0.0073428195901215076
1433108,2,i,57633.228999999999,-11.394217397821928,14.922468864759933,0.095474616177491298,6.5939998626708984,6.0227808952331543,0.68402999639511108,0.0073428195901215076
1433108,3,z,57633.232000000004,-11.39243595686739,13.973889115178121,0.13774904120036288,7.6449999809265137,8.0560970306396484,0.68402999639511108,0.0073428195901215076
1433108,4,r,57637.218999999997,-9.0249009316431277,24.150462533132313,0.10795086357372247,31.075000762939453,5.2732682228088379,0.68402999639511108,0.0073428195901215076
1433108,5,i,57637.222000000002,-9.0231194906885897,23.480491972730391,0.060855290100492773,24.285999298095703,7.247528076171875,0.68402999639511108,0.0073428195901215076
1433108,6,z,57637.224000000002,-9.0219318633870049,21.770595246003605,0.088425914903269953,17.761999130249023,10.315382957458496,0.68402999639511108,0.0073428195901215076
1433108,7,r,57641.091999999997,-6.7250606625919467,34.872275829345746,0.05723317766883626,34.384998321533203,10.624614715576172,0.68402999639511108,0.0073428195901215076
1433108,8,i,57641.093999999997,-6.7238730352903611,33.011713934566494,0.059052517612312228,-4.8350000381469727,14.915204048156738,0.68402999639511108,0.0073428195901215076
1433108,9,z,57641.097000000002,-6.722091594335823,30.314478506196227,0.086705218740205869,30.22599983215332,17.782424926757812,0.68402999639511108,0.0073428195901215076
1433108,10,r,57642.103000000003,-6.1247150617593853,37.662383826023579,0.05346843896203466,11.791000366210938,26.381355285644531,0.68402999639511108,0.0073428195901215076
1433108,11,i,57642.105000000003,-6.1235274344577997,35.469094730662441,0.055150072616650579,43.445999145507812,8.9474906921386719,0.68402999639511108,0.0073428195901215076
1433108,12,z,57642.108999999997,-6.1211521798589494,32.521713172970436,0.080988533767146889,32.944999694824219,12.942161560058594,0.68402999639511108,0.0073428195901215076
1433108,13,r,57645.089999999997,-4.3509936872068042,43.517172737845023,0.047228916394847657,94.512001037597656,30.741710662841797,0.68402999639511108,0.0073428195901215076
1433108,14,i,57645.091999999997,-4.3498060599052195,40.940626758933703,0.048120432646898581,56.319000244140625,17.744054794311523,0.68402999639511108,0.0073428195901215076
1433108,15,z,57645.093999999997,-4.3486184326036339,37.673066220366863,0.070188465439689526,88.097000122070312,21.568140029907227,0.68402999639511108,0.0073428195901215076
1433108,16,r,57653.07,0.38763924515511705,43.808327503319759,0.041158282894640179,41.803001403808594,4.4814772605895996,0.68402999639511108,0.0073428195901215076
1433108,17,i,57653.072,0.38882687245670233,44.165252670455949,0.028055745269807662,40.917999267578125,5.661780834197998,0.68402999639511108,0.0073428195901215076
1433108,18,z,57653.074999999997,0.39060831340692004,43.204292591552012,0.037449029321991435,54.522998809814453,8.0337276458740234,0.68402999639511108,0.0073428195901215076
1433108,19,r,57657.211000000003,2.8466215725884867,39.352097743878275,0.044992854815410009,41.032001495361328,4.8858809471130371,0.68402999639511108,0.0073428195901215076
1433108,20,i,57657.213000000003,2.8478091998900723,42.399059313552911,0.029043112852383368,44.816001892089844,7.1506500244140625,0.68402999639511108,0.0073428195901215076
1433108,21,z,57657.216,2.8495906408402898,42.801904661847374,0.037800202178147418,27.319999694824219,10.47409725189209,0.68402999639511108,0.0073428195901215076
1433108,22,r,57662.241000000002,5.8335042354663544,32.16434057127104,0.0459115143894962,36.493000030517578,3.7557520866394043,0.68402999639511108,0.0073428195901215076
1433108,23,i,57662.243000000002,5.8346918627679401,37.375450006627503,0.033424156050309135,27.246000289916992,5.2661089897155762,0.68402999639511108,0.0073428195901215076
1433108,24,z,57662.248,5.8376609310197436,40.121223682229271,0.041320268921902922,41.125999450683594,6.5903830528259277,0.68402999639511108,0.0073428195901215076
1433108,25,r,57666.036999999997,8.0876208534129823,26.987900381620747,0.05104853764370864,24.520000457763672,5.427422046661377,0.68402999639511108,0.0073428195901215076
1433108,26,i,57666.040000000001,8.0894022943675203,32.821782245922648,0.037858371407694671,21.576999664306641,8.0847625732421875,0.68402999639511108,0.0073428195901215076
1433108,27,z,57666.044999999998,8.092371362619323,37.243370653961151,0.044509993326343346,57.910999298095703,10.789395332336426,0.68402999639511108,0.0073428195901215076
1433108,28,r,57671.010000000002,11.040656138206471,20.093358243614826,0.065686819591816284,16.489999771118164,6.8078012466430664,0.68402999639511108,0.0073428195901215076
1433108,29,i,57671.012000000002,11.041843765508055,26.839532114327337,0.045476646698652215,27.916999816894531,7.2730226516723633,0.68402999639511108,0.0073428195901215076
1433108,30,z,57671.017,11.04481283375986,31.776139574810902,0.051387371318878279,39.076999664306641,9.3577690124511719,0.68402999639511108,0.0073428195901215076
1433108,31,r,57680.019,16.390323317106581,10.522654318411544,0.079500166032643219,3.4409999847412109,9.1571474075317383,0.68402999639511108,0.0073428195901215076
1433108,32,i,57680.021000000001,16.391510944408164,17.082417712788232,0.052741419252673519,21.478000640869141,14.831581115722656,0.68402999639511108,0.0073428195901215076
1433108,33,z,57680.023999999998,16.393292385358382,23.308996455603516,0.051946608737309365,2.9549999237060547,18.895557403564453,0.68402999639511108,0.0073428195901215076
1433108,34,r,57681.017,16.982949340476676,9.7817871061947361,0.085001994302882369,17.684999465942383,9.9309206008911133,0.68402999639511108,0.0073428195901215076
1433108,35,i,57681.019,16.984136967778262,16.254170235980546,0.055291567341996341,11.564999580383301,13.869935989379883,0.68402999639511108,0.0073428195901215076
1433108,36,z,57681.021000000001,16.985324595079849,22.621492759011815,0.053448811366735488,21.715000152587891,17.076198577880859,0.68402999639511108,0.0073428195901215076
1433108,37,r,57682.019,17.577950618449943,9.1053066056904033,0.090773404375083938,19.520999908447266,7.4904828071594238,0.68402999639511108,0.0073428195901215076
1433108,38,i,57682.021000000001,17.57913824575153,15.471456319276639,0.057967341481618612,6.4079999923706055,11.533636093139648,0.68402999639511108,0.0073428195901215076
1433108,39,z,57682.025999999998,17.582107314003331,21.960030365131455,0.054991807105054288,17.542999267578125,13.780473709106445,0.68402999639511108,0.0073428195901215076
1433108,40,r,57686.023000000001,19.95558047573984,6.928491361301675,0.062347446103824707,-1.0729999542236328,7.5165090560913086,0.68402999639511108,0.0073428195901215076
1433108,41,i,57686.025000000001,19.956768103041426,12.709087541854538,0.056855049061967061,-7.5960001945495605,13.510974884033203,0.68402999639511108,0.0073428195901215076
1433108,42,z,57686.027999999998,19.958549543991644,19.637818655735114,0.049292881464462604,18.451000213623047,17.421321868896484,0.68402999639511108,0.0073428195901215076
1433108,43,r,57694.027000000002,24.708464935716467,4.2236191655994251,0.099329019498802851,5.8889999389648438,3.9939899444580078,0.68402999639511108,0.0073428195901215076
1433108,44,i,57694.029000000002,24.70965256301805,8.7654405417784371,0.074459986496690209,14.857999801635742,5.6842160224914551,0.68402999639511108,0.0073428195901215076
1433108,45,z,57694.035000000003,24.713215444922806,15.70082109570418,0.055887387699417999,15.64799976348877,7.8526439666748047,0.68402999639511108,0.0073428195901215076
1433108,46,r,57701.042000000001,28.874067695177967,3.2772004126846972,0.12908588367882404,9.5469999313354492,8.0670585632324219,0.68402999639511108,0.0073428195901215076
1433108,47,i,57701.044000000002,28.875255322479553,6.3962709501305381,0.097021266228057138,5.2369999885559082,8.0521297454833984,0.68402999639511108,0.0073428195901215076
1433108,48,z,57701.048000000003,28.877630577082723,12.901279316404034,0.064696191664262589,12.970999717712402,10.126842498779297,0.68402999639511108,0.0073428195901215076
1433108,49,r,57708.065000000002,33.044420963845809,2.4960746053896958,0.11412002809678407,-2.0439999103546143,8.4864778518676758,0.68402999639511108,0.0073428195901215076
1433108,50,i,57708.067000000003,33.045608591147399,5.0239877604396925,0.086273745268118415,1.0429999828338623,7.8604121208190918,0.68402999639511108,0.0073428195901215076
1433108,51,z,57708.072999999997,33.049171473047835,10.243272979684587,0.056850505404334797,24.434000015258789,8.8241052627563477,0.68402999639511108,0.0073428195901215076
1433108,52,r,57714.059000000001,36.603739985971146,2.1965022337440683,0.13182537463137189,3.5789999961853027,4.0520477294921875,0.68402999639511108,0.0073428195901215076
1433108,53,i,57714.061000000002,36.604927613272729,4.2330391415860218,0.10280403486069431,2.9130001068115234,5.9809699058532715,0.68402999639511108,0.0073428195901215076
1433108,54,z,57714.065999999999,36.607896681524537,8.5707055451159295,0.067284991364746749,18.113000869750977,9.0158405303955078,0.68402999639511108,0.0073428195901215076
1433108,55,r,57718.044000000002,38.970087383898147,2.0030953127659301,0.10726801966403665,1.4320000410079956,5.7177119255065918,0.68402999639511108,0.0073428195901215076
1433108,56,i,57718.046000000002,38.971275011199729,3.9144163651821571,0.076136617127095241,0.38400000333786011,7.2913784980773926,0.68402999639511108,0.0073428195901215076
1433108,57,z,57718.050999999999,38.97424407945153,7.7045916887620649,0.050977183422240037,7.5590000152587891,9.9169988632202148,0.68402999639511108,0.0073428195901215076
1433108,58,r,57719.048000000003,39.566276289172997,1.9722374139442351,0.10801410307941962,2.7920000553131104,4.1801762580871582,0.68402999639511108,0.0073428195901215076
1433108,59,i,57719.050000000003,39.56746391647458,3.8444232618536058,0.076924508497738214,6.9369997978210449,5.9371199607849121,0.68402999639511108,0.0073428195901215076
1433108,60,z,57719.052000000003,39.56865154377617,7.5174415067002069,0.051962171326421766,-2.3440001010894775,7.8973822593688965,0.68402999639511108,0.0073428195901215076
1433108,61,r,57723.131999999998,41.991411238513344,1.8888274526201743,0.10719956148045758,3.6010000705718994,5.432426929473877,0.68402999639511108,0.0073428195901215076
1433108,62,i,57723.133999999998,41.992598865814927,3.5961161986579473,0.080218753895899442,20.86199951171875,9.5613946914672852,0.68402999639511108,0.0073428195901215076
1433108,63,z,57723.139999999999,41.996161747719682,6.8631382273677159,0.056239841008539133,16.606000900268555,9.50689697265625,0.68402999639511108,0.0073428195901215076
1370135,1,r,57614.209999999999,-4.6115410577159093,68.926135059906386,0.048511087704044234,80.102996826171875,9.1101007461547852,0.51723998785018921,0.0075022503733634949
1370135,2,i,57614.212,-4.6102228746885556,59.958827471769233,0.055273138080550767,62.991001129150391,8.5771894454956055,0.51723998785018921,0.0075022503733634949
1370135,3,z,57614.216999999997,-4.6069274171225674,58.770881287698273,0.042991260291927777,59.523998260498047,9.9073915481567383,0.51723998785018921,0.0075022503733634949
1370135,4,r,57623.224000000002,1.3295098453617158,73.020258912080536,0.038729613312996659,66.55999755859375,6.5335268974304199,0.51723998785018921,0.0075022503733634949
1370135,5,i,57623.226000000002,1.3308280283890701,67.948613673942745,0.029409037801729741,64.454002380371094,6.3330516815185547,0.51723998785018921,0.0075022503733634949
1370135,6,z,57623.228000000003,1.3321462114164246,69.655023393949818,0.038531675161486222,62.647998809814453,6.3176488876342773,0.51723998785018921,0.0075022503733634949
1370135,7,r,57627.366000000002,4.059466894456313,65.997832330203622,0.042605456449941299,82.928001403808594,15.437421798706055,0.51723998785018921,0.0075022503733634949
1370135,8,i,57627.368000000002,4.0607850774836676,64.643956512357491,0.030839873982040931,72.396003723144531,31.116893768310547,0.51723998785018921,0.0075022503733634949
1370135,9,z,57627.370999999999,4.0627623520223013,66.792669381793345,0.040082683780461904,36.050998687744141,35.533985137939453,0.51723998785018921,0.0075022503733634949
1370135,10,r,57629.230000000003,5.2880134757012085,61.956639885255576,0.042655104523508465,63.805000305175781,3.8118081092834473,0.51723998785018921,0.0075022503733634949
1370135,11,i,57629.232000000004,5.289331658728563,62.388564051129904,0.032439027027908886,63.751998901367188,4.502467155456543,0.51723998785018921,0.0075022503733634949
1370135,12,z,57629.235000000001,5.2913089332671968,63.959476480490977,0.038765089061537451,69.924003601074219,6.2634520530700684,0.51723998785018921,0.0075022503733634949
1370135,13,r,57633.226999999999,7.9224022553293993,52.602271125022028,0.04139600616290795,51.497001647949219,4.6326279640197754,0.51723998785018921,0.0075022503733634949
1370135,14,i,57633.228999999999,7.9237204383567539,56.601381829397376,0.037144549133503145,48.597999572753906,6.1424922943115234,0.51723998785018921,0.0075022503733634949
1370135,15,z,57633.232000000004,7.9256977129001829,55.710845700611863,0.034461942527124464,64.235000610351562,8.1762809753417969,0.51723998785018921,0.0075022503733634949
1370135,16,r,57637.218999999997,10.553495577391603,42.443942625221005,0.050474031477101354,45.019001007080078,5.276270866394043,0.51723998785018921,0.0075022503733634949
1370135,17,i,57637.222000000002,10.555472851935031,49.290819276905637,0.042361895348478652,57.966999053955078,7.1915812492370605,0.51723998785018921,0.0075022503733634949
1370135,18,z,57637.224000000002,10.556791034962385,46.500754655383936,0.040467264976319167,60.333000183105469,10.533310890197754,0.51723998785018921,0.0075022503733634949
1370135,19,r,57641.091999999997,13.106157009343004,32.696697507586705,0.043486434778459405,24.863000869750977,11.175163269042969,0.51723998785018921,0.0075022503733634949
1370135,20,i,57641.093999999997,13.107475192370359,42.206746483444448,0.03668557800191171,35.847999572753906,14.484523773193359,0.51723998785018921,0.0075022503733634949
1370135,21,z,57641.097000000002,13.109452466913789,39.958715308111451,0.044244112563608447,29.455999374389648,18.087923049926758,0.51723998785018921,0.0075022503733634949
1370135,22,r,57642.103000000003,13.772498529538757,30.445921903067504,0.046329618317416922,48.467998504638672,25.704679489135742,0.51723998785018921,0.0075022503733634949
1370135,23,i,57642.105000000003,13.773816712566111,40.512944396088308,0.038049805983031613,22.384000778198242,8.925872802734375,0.51723998785018921,0.0075022503733634949
1370135,24,z,57642.108999999997,13.776453078616024,38.656590905306011,0.04554363700481609,43.890998840332031,13.12413215637207,0.51723998785018921,0.0075022503733634949
1370135,25,r,57645.089999999997,15.74120488048727,24.771339860270356,0.055850547021727995,2.753000020980835,27.172145843505859,0.51723998785018921,0.0075022503733634949
1370135,26,i,57645.091999999997,15.742523063514625,36.025789833879841,0.042299354720607342,52.660999298095703,17.925739288330078,0.51723998785018921,0.0075022503733634949
1370135,27,z,57645.093999999997,15.743841246541979,35.663638275603901,0.048854678536167637,29.396999359130859,21.883825302124023,0.51723998785018921,0.0075022503733634949
1370135,28,r,57653.07,21.000755158561763,14.196730489491088,0.046916315387182439,10.343000411987305,4.3583540916442871,0.51723998785018921,0.0075022503733634949
1370135,29,i,57653.072,21.002073341589117,26.946929893413984,0.044403534501965602,29.76099967956543,5.8272590637207031,0.51723998785018921,0.0075022503733634949
1370135,30,z,57653.074999999997,21.004050616127749,31.912530490293808,0.04192039439682016,22.041999816894531,8.0912666320800781,0.51723998785018921,0.0075022503733634949
1370135,31,r,57657.211000000003,23.730053116145079,11.065417774231747,0.059059753167579207,15.253000259399414,4.6816768646240234,0.51723998785018921,0.0075022503733634949
1370135,32,i,57657.213000000003,23.731371299172434,23.258317742764444,0.050972377002749557,22.653999328613281,7.2169218063354492,0.51723998785018921,0.0075022503733634949
1370135,33,z,57657.216,23.733348573711069,29.605223924437144,0.045021803431063302,41.813999176025391,11.233619689941406,0.51723998785018921,0.0075022503733634949
1370135,34,r,57662.241000000002,27.045283429265126,8.4369256000948454,0.080770593797547308,4.1110000610351562,3.6156120300292969,0.51723998785018921,0.0075022503733634949
1370135,35,i,57662.243000000002,27.046601612292481,19.338249791698573,0.05338414663861895,26.506999969482422,5.2565946578979492,0.51723998785018921,0.0075022503733634949
1370135,36,z,57662.249000000003,27.050556161374544,26.459264418682817,0.061751495106034289,27.246999740600586,6.6917133331298828,0.51723998785018921,0.0075022503733634949
1370135,37,r,57666.036999999997,29.547194814670579,7.0610047234638103,0.096073092265352697,5.1269998550415039,5.5075020790100098,0.51723998785018921,0.0075022503733634949
1370135,38,i,57666.040000000001,29.549172089214007,16.834837362614756,0.061124902087573617,18.319000244140625,8.315678596496582,0.51723998785018921,0.0075022503733634949
1370135,39,z,57666.044999999998,29.552467546779997,23.724014740300181,0.068354605570505433,12.847999572753906,10.832987785339355,0.51723998785018921,0.0075022503733634949
1370135,40,r,57671.010000000002,32.824856911523014,5.8547151947574667,0.075909860723531286,2.2679998874664307,6.6646580696105957,0.51723998785018921,0.0075022503733634949
1370135,41,i,57671.012000000002,32.826175094550365,13.927906337940323,0.049774216811155514,25.128999710083008,7.255439281463623,0.51723998785018921,0.0075022503733634949
1370135,42,z,57671.017,32.829470552116355,19.917055625952674,0.037666584349211017,13.168000221252441,9.4536256790161133,0.51723998785018921,0.0075022503733634949
1370135,43,r,57680.019,38.762612357029852,4.702118619002623,0.070427059402214623,-8.7860002517700195,9.411402702331543,0.51723998785018921,0.0075022503733634949
1370135,44,i,57680.021000000001,38.76393054005721,10.422354994236141,0.045705953845832821,-3.6449999809265137,14.839288711547852,0.51723998785018921,0.0075022503733634949
1370135,45,z,57680.023999999998,38.765907814595842,14.785027280267357,0.047539527166528199,-12.529000282287598,18.908313751220703,0.51723998785018921,0.0075022503733634949
1370135,46,r,57681.017,39.420385687545405,4.6173586605372829,0.071249610369179373,-2.6140000820159912,9.1421337127685547,0.51723998785018921,0.0075022503733634949
1370135,47,i,57681.019,39.421703870572756,10.152059052711502,0.046645386146640301,8.449000358581543,13.0076904296875,0.51723998785018921,0.0075022503733634949
1370135,48,z,57681.021000000001,39.423022053600114,14.366144590025337,0.04868465425840706,20.607999801635742,17.238840103149414,0.51723998785018921,0.0075022503733634949
1370135,49,r,57682.019,40.080795384115667,4.5370417166114763,0.071946912012447406,-9.0670003890991211,7.6346268653869629,0.51723998785018921,0.0075022503733634949
1370135,50,i,57682.021000000001,40.082113567143018,9.9010868753974783,0.047545664419557647,-20.733999252319336,11.676817893981934,0.51723998785018921,0.0075022503733634949
1370135,51,z,57682.025999999998,40.085409024709008,13.974980766026967,0.049800194635343596,8.9460000991821289,14.121990203857422,0.51723998785018921,0.0075022503733634949
1370135,52,r,57686.023000000001,42.719797804341994,4.2611640978641043,0.074745186595106747,-1.093000054359436,7.3683609962463379,0.51723998785018921,0.0075022503733634949
1370135,53,i,57686.025000000001,42.721115987369345,9.0580729851492983,0.051801197296977838,15.364999771118164,13.027962684631348,0.51723998785018921,0.0075022503733634949
1370135,54,z,57686.027999999998,42.723093261907984,12.671238963358782,0.054752328263254907,7.3720002174377441,16.774446487426758,0.51723998785018921,0.0075022503733634949
1431163,1,g,57643.256000000001,-11.862069950145488,29.263085011122939,0.23175673507905245,61.409000396728516,15.994720458984375,0.36812001466751099,0.028303001075983047
1431163,2,r,57643.258000000002,-11.860608090090107,48.153151261497925,0.095822316424672052,31.510000228881836,13.181009292602539,0.36812001466751099,0.028303001075983047
1431163,3,i,57643.260000000002,-11.859146230034728,44.791632042539412,0.15414798377653363,45.933998107910156,13.413882255554199,0.36812001466751099,0.028303001075983047
1431163,4,z,57643.264999999999,-11.855491579898938,44.968401090186589,0.16161922916879951,39.122001647949219,14.16152286529541,0.36812001466751099,0.028303001075983047
1431163,5,z,57645.228999999999,-10.419945005808913,60.465373630276446,0.12098758475625945,77.930000305175781,20.004739761352539,0.36812001466751099,0.028303001075983047
1431163,6,i,57646.220999999998,-9.6948624184896612,70.509921583657786,0.098226272970044951,112.72000122070312,30.646675109863281,0.36812001466751099,0.028303001075983047
1431163,7,g,57653.305,-4.5169541033889882,113.1492700678685,0.052604788835186302,99.58599853515625,10.15158748626709,0.36812001466751099,0.028303001075983047
1431163,8,r,57653.307999999997,-4.5147613133085782,156.39724889942568,0.04015215299736926,156.52000427246094,8.1814365386962891,0.36812001466751099,0.028303001075983047
1431163,9,i,57653.309999999998,-4.5132994532531985,141.72713005517005,0.065587624357544047,140.1199951171875,8.0459146499633789,0.36812001466751099,0.028303001075983047
1431163,10,z,57653.315000000002,-4.5096448031120913,126.79057074116086,0.057676454292664527,126.69000244140625,8.2413415908813477,0.36812001466751099,0.028303001075983047
1431163,11,g,57657.381000000001,-1.5376833111321362,110.60873528832603,0.054163500202836307,119.34999847412109,5.5957422256469727,0.36812001466751099,0.028303001075983047
1431163,12,r,57657.383999999998,-1.5354905210517262,172.53645258532535,0.03672936534108117,174.36000061035156,6.038266658782959,0.36812001466751099,0.028303001075983047
1431163,13,i,57657.385999999999,-1.5340286609963469,159.08657675020683,0.058741879966970459,156.17999267578125,7.1898889541625977,0.36812001466751099,0.028303001075983047
1431163,14,z,57657.391000000003,-1.5303740108552393,130.64981956092143,0.056421780712808289,136.42999267578125,7.9420342445373535,0.36812001466751099,0.028303001075983047
1431163,15,g,57663.307000000001,2.7938080320740735,90.428031377164601,0.052912354137029244,86.41400146484375,4.6725788116455078,0.36812001466751099,0.028303001075983047
1431163,16,r,57663.309000000001,2.7952698921294528,168.51446016694743,0.022298303488374995,168.00999450683594,6.6487874984741211,0.36812001466751099,0.028303001075983047
1431163,17,i,57663.311000000002,2.7967317521848321,164.17943029105371,0.032802026155081085,154.28999328613281,8.2040805816650391,0.36812001466751099,0.028303001075983047
1431163,18,z,57663.313999999998,2.798924542265242,132.98570143845456,0.056552135242589632,130.67999267578125,10.634580612182617,0.36812001466751099,0.028303001075983047
1431163,19,g,57670.122000000003,7.7750961697661101,58.524749094012932,0.059808026761710667,60.575000762939453,12.858963012695312,0.36812001466751099,0.028303001075983047
1431163,20,r,57670.124000000003,7.7765580298214898,132.4714131707496,0.03081958540829095,145.44000244140625,12.856707572937012,0.36812001466751099,0.028303001075983047
1431163,21,i,57670.125999999997,7.7780198898715511,142.68852710044413,0.042092596032534929,124.23000335693359,10.587429046630859,0.36812001466751099,0.028303001075983047
1431163,22,z,57670.131000000001,7.7816745400126583,106.54301031593906,0.050679580494826112,112.26000213623047,11.942981719970703,0.36812001466751099,0.028303001075983047
1431163,23,g,57681.177000000003,15.855527624229516,22.82048473725591,0.095394959912242019,48.729000091552734,18.53288459777832,0.36812001466751099,0.028303001075983047
1431163,24,i,57681.182000000001,15.859182274365304,93.247142401503098,0.046942199464424739,127.80000305175781,18.15643310546875,0.36812001466751099,0.028303001075983047
1431163,25,z,57681.184999999998,15.861375064445715,72.674029673116692,0.066042930971957028,98.616996765136719,16.405717849731445,0.36812001466751099,0.028303001075983047
1431163,26,g,57684.112000000001,18.000807255059968,17.646394634906599,0.12012399277871243,18.023000717163086,7.3435416221618652,0.36812001466751099,0.028303001075983047
1431163,27,r,57684.114000000001,18.002269115115347,55.221510586477848,0.052377839678539866,64.336997985839844,9.4532575607299805,0.36812001466751099,0.028303001075983047
1431163,28,i,57684.116999999998,18.004461905195758,85.510623328778479,0.050848084817171749,80.450996398925781,15.076431274414062,0.36812001466751099,0.028303001075983047
1431163,29,z,57684.118999999999,18.005923765251136,71.461309091213963,0.066973126918415976,70.768997192382812,18.247987747192383,0.36812001466751099,0.028303001075983047
1431163,30,g,57688.154999999999,20.955957356405719,12.814752100009946,0.083764150364504394,10.484000205993652,4.270970344543457,0.36812001466751099,0.028303001075983047
1431163,31,r,57688.156999999999,20.957419216461098,42.47445868288618,0.05267306135929186,44.874000549316406,5.9032363891601562,0.36812001466751099,0.028303001075983047
1431163,32,i,57688.159,20.95888107651648,76.299375600702746,0.044331293674778387,81.579002380371094,9.0661420822143555,0.36812001466751099,0.028303001075983047
1431163,33,z,57688.165000000001,20.963266656682617,70.560874687040936,0.05364055150578638,80.975997924804688,13.058361053466797,0.36812001466751099,0.028303001075983047
1431163,34,z,57694.307000000001,25.452638885837889,64.42140386984957,0.073913845123832908,71.632003784179688,34.775871276855469,0.36812001466751099,0.028303001075983047
1431163,35,g,57695.091999999997,26.026418957454624,8.0383502092718047,0.135896332770363,-4.9419999122619629,7.5705842971801758,0.36812001466751099,0.028303001075983047
1431163,36,r,57695.095000000001,26.028611747540353,28.550435403658195,0.067891726434000418,26.201000213623047,8.7942647933959961,0.36812001466751099,0.028303001075983047
1431163,37,i,57695.097000000002,26.030073607595732,60.956309255859516,0.04812358110837156,47.030998229980469,12.152179718017578,0.36812001466751099,0.028303001075983047
1431163,38,z,57695.099000000002,26.031535467651111,63.280458929034026,0.075268482483083141,69.503997802734375,15.23536491394043,0.36812001466751099,0.028303001075983047
1431163,39,g,57702.091,31.142198220214972,6.1412112163128247,0.12879399002339187,1.3220000267028809,14.343306541442871,0.36812001466751099,0.028303001075983047
1431163,40,r,57702.093000000001,31.143660080270351,20.208701937268913,0.060416534039781471,9.0579996109008789,10.263437271118164,0.36812001466751099,0.028303001075983047
1431163,41,i,57702.095000000001,31.14512194032573,47.037475731920054,0.039670139023716786,32.102001190185547,10.075504302978516,0.36812001466751099,0.028303001075983047
1431163,42,z,57702.097999999998,31.147314730406141,50.340883955936171,0.043164175316383051,39.544998168945312,11.847692489624023,0.36812001466751099,0.028303001075983047
1431163,43,g,57709.160000000003,36.309142584902958,5.1667549769634302,0.18443954389715952,24.392999649047852,23.833044052124023,0.36812001466751099,0.028303001075983047
1431163,44,r,57709.161999999997,36.310604444953022,15.804948317563531,0.07600419298587234,35.743000030517578,15.828522682189941,0.36812001466751099,0.028303001075983047
1431163,45,i,57709.163999999997,36.3120663050084,36.330211822990492,0.049950058087463729,69.53399658203125,13.282279968261719,0.36812001466751099,0.028303001075983047
1431163,46,z,57709.165000000001,36.312797235038751,36.338518040452293,0.054561611131124933,38.462001800537109,19.164234161376953,0.36812001466751099,0.028303001075983047
1431163,47,g,57714.237999999998,40.020805264750642,4.7035762341579197,0.14491488541278116,11.437999725341797,6.6816911697387695,0.36812001466751099,0.028303001075983047
1431163,48,r,57714.239999999998,40.022267124806021,13.909749255031629,0.061478692190882513,19.563999176025391,8.5092010498046875,0.36812001466751099,0.028303001075983047
1431163,49,i,57714.241999999998,40.0237289848614,31.162113584662251,0.041526106952586773,37.957000732421875,13.910111427307129,0.36812001466751099,0.028303001075983047
1431163,50,z,57714.247000000003,40.027383635002508,29.635529511513813,0.067600779102805722,16.246000289916992,17.514987945556641,0.36812001466751099,0.028303001075983047
1431163,51,g,57718.178999999996,42.901400503288002,4.5935037773738578,0.13036221764045064,-4.565000057220459,4.8010931015014648,0.36812001466751099,0.028303001075983047
1431163,52,r,57718.182000000001,42.903593293373731,12.905524079750325,0.06503195226808485,19.145000457763672,4.9141702651977539,0.36812001466751099,0.028303001075983047
1431163,53,i,57718.184000000001,42.90505515342911,28.355231249133521,0.04505907888497844,24.569000244140625,8.1569929122924805,0.36812001466751099,0.028303001075983047
1431163,54,z,57718.186000000002,42.906517013484489,25.918963923634042,0.076533595260678919,26.455999374389648,10.789731025695801,0.36812001466751099,0.028303001075983047
1300531,1,r,56920.076999999997,-13.51786071292185,13.70636553819573,0.25774511143984558,10.343000411987305,4.6916866302490234,0.58566999435424805,0.0057057691738009453
1300531,2,z,56920.082000000002,-13.51470747169104,12.657668424146115,0.21928830757625636,17.000999450683594,8.9833927154541016,0.58566999435424805,0.0057057691738009453
1300531,3,r,56925.160000000003,-10.312275680661713,27.765231189020955,0.12457368340169375,30.302000045776367,5.0220170021057129,0.58566999435424805,0.0057057691738009453
1300531,4,i,56925.161999999997,-10.311014384174895,27.792293529058057,0.077630515921205026,21.417999267578125,5.7889337539672852,0.58566999435424805,0.0057057691738009453
1300531,5,z,56925.165000000001,-10.309122439435491,25.572751482725359,0.11408753691203272,17.207000732421875,8.6399040222167969,0.58566999435424805,0.0057057691738009453
1300531,6,r,56930.129999999997,-7.1779539001591539,43.364837798816133,0.063981646279292245,46.159000396728516,3.6796760559082031,0.58566999435424805,0.0057057691738009453
1300531,7,i,56930.131999999998,-7.1766926036677479,43.193239076021804,0.05550393584344121,46.118000030517578,4.7087116241455078,0.58566999435424805,0.0057057691738009453
1300531,8,z,56930.133999999998,-7.1754313071763418,39.8047897424456,0.081574591706264118,36.445999145507812,6.2291603088378906,0.58566999435424805,0.0057057691738009453
1300531,9,r,56943.019999999997,0.95110198529876,55.591570742314978,0.044026929498843126,50.665000915527344,5.0560512542724609,0.58566999435424805,0.0057057691738009453
1300531,10,i,56943.021999999997,0.95236328179016649,57.358534383503631,0.033752518557821513,59.685001373291016,7.0143356323242188,0.58566999435424805,0.0057057691738009453
1300531,11,z,56943.025000000001,0.9542552265295704,57.319745923898097,0.045209927125256448,62.770999908447266,9.6745853424072266,0.58566999435424805,0.0057057691738009453
1300531,12,r,56949.029999999999,4.741297941204178,48.321700503452796,0.05032017604675066,50.175998687744141,11.094082832336426,0.58566999435424805,0.0057057691738009453
1300531,13,i,56949.031999999999,4.7425592376955841,53.821255933464982,0.035957994680693592,57.796001434326172,4.9564318656921387,0.58566999435424805,0.0057057691738009453
1300531,14,z,56949.036,4.7450818306783971,54.025420551513434,0.047835556136197763,45.605998992919922,10.316256523132324,0.58566999435424805,0.0057057691738009453
1300531,15,r,56956.010000000002,9.1432226953178191,36.918491854107508,0.062259625210054244,40.089000701904297,3.7847809791564941,0.58566999435424805,0.0057057691738009453
1300531,16,i,56956.012999999999,9.1451146400526344,46.548475077370249,0.032344593103382682,41.912998199462891,5.417353630065918,0.58566999435424805,0.0057057691738009453
1300531,17,z,56956.014999999999,9.1463759365440396,44.961767637115784,0.044515550770344539,46.408000946044922,7.549379825592041,0.58566999435424805,0.0057057691738009453
1300531,18,r,56960.173000000003,11.768611341645716,29.023866212857317,0.056521851700203997,25.660999298095703,4.582578182220459,0.58566999435424805,0.0057057691738009453
1300531,19,i,56960.175000000003,11.769872638137123,40.82344440178526,0.035254317750331873,42.027000427246094,5.7127900123596191,0.58566999435424805,0.0057057691738009453
1300531,20,z,56960.178,11.771764582871938,37.912629965182788,0.050075163543334182,32.5989990234375,8.2279281616210938,0.58566999435424805,0.0057057691738009453
1300531,21,r,56973.023000000001,19.872441297280091,11.669888076116161,0.067124448075185639,10.206000328063965,3.7857820987701416,0.58566999435424805,0.0057057691738009453
1300531,22,i,56973.025000000001,19.873702593771498,24.066452683084751,0.049296560835247465,23.722000122070312,5.0742006301879883,0.58566999435424805,0.0057057691738009453
1300531,23,z,56973.027999999998,19.875594538506313,27.94375344973059,0.057077803091723646,26.063999176025391,6.9920005798339844,0.58566999435424805,0.0057057691738009453
1300531,24,r,56980.040000000001,24.297700036477867,7.4740628337935622,0.09722501161791583,9.8330001831054688,3.0080051422119141,0.58566999435424805,0.0057057691738009453
1300531,25,i,56980.042000000001,24.298961332969274,17.17923480340583,0.064292650430323728,15.298000335693359,4.5239367485046387,0.58566999435424805,0.0057057691738009453
1300531,26,z,56980.044999999998,24.300853277704089,25.824686642618325,0.057896884018111439,21.21299934387207,6.4578018188476562,0.58566999435424805,0.0057057691738009453
1300531,27,r,56987.044000000002,28.714760348483797,5.4591115954265836,0.11792630291902957,4.8860001564025879,3.6926889419555664,0.58566999435424805,0.0057057691738009453
1300531,28,i,56987.046000000002,28.716021644975203,12.443124764052749,0.073937598227763163,14.74899959564209,5.1990756988525391,0.58566999435424805,0.0057057691738009453
1300531,29,z,56987.048000000003,28.71728294146661,23.028111626575022,0.054228600090026752,38.381999969482422,7.1827106475830078,0.58566999435424805,0.0057057691738009453
1300531,30,i,56990.046999999999,30.608597029942807,10.941199177444521,0.076990376576055203,-27.155000686645508,26.809606552124023,0.58566999435424805,0.0057057691738009453
1300531,31,z,56990.048999999999,30.60985832643421,21.257168497177549,0.053518764698524193,59.941001892089844,42.466182708740234,0.58566999435424805,0.0057057691738009453
1300531,32,r,56992.048999999999,31.871154817583673,4.4255110553749955,0.10429791881469914,-0.43000000715255737,6.9259190559387207,0.58566999435424805,0.0057057691738009453
1300531,33,i,56992.050999999999,31.872416114075079,10.08764622464974,0.077156478281364613,-7.6420001983642578,7.8498835563659668,0.58566999435424805,0.0057057691738009453
1300531,34,z,56992.053999999996,31.874308058809895,19.968419164391239,0.052682375078429551,23.809000015258789,9.9632844924926758,0.58566999435424805,0.0057057691738009453
1300531,35,r,57002.052000000003,38.179529218070385,3.3699065670728614,0.10507697036429466,-0.57700002193450928,3.4464430809020996,0.58566999435424805,0.0057057691738009453
1300531,36,i,57002.055,38.181421162805201,7.2885459430192254,0.070846317219379257,8.3599996566772461,5.0305447578430176,0.58566999435424805,0.0057057691738009453
1300531,37,z,57002.057000000001,38.182682459296608,14.355595904694097,0.047394952149201905,31.761999130249023,7.232231616973877,0.58566999435424805,0.0057057691738009453
1300531,38,r,57011.057999999997,43.859147317712598,2.9288528273297101,0.13396480376704592,1.7350000143051147,3.1171140670776367,0.58566999435424805,0.0057057691738009453
1300531,39,i,57011.059999999998,43.860408614204005,6.0741971899738854,0.09678117595607684,8.0369997024536133,4.492464542388916,0.58566999435424805,0.0057057691738009453
1300531,40,z,57011.063000000002,43.862300558943403,11.289904509185105,0.07109594266896406,4.7769999504089355,6.1901750564575195,0.58566999435424805,0.0057057691738009453
1298079,1,r,56915.279999999999,-13.807455991802916,35.530816422184976,0.17520106066419813,91.372001647949219,35.56549072265625,0.26136100292205811,0.055133245885372162
1298079,2,i,56915.283000000003,-13.805077608455644,37.781191747930364,0.18358639700563911,-7.2810001373291016,20.370798110961914,0.26136100292205811,0.055133245885372162
1298079,3,z,56915.285000000003,-13.803492019559384,32.646720660025743,0.22077231079761084,12.029999732971191,20.790775299072266,0.26136100292205811,0.055133245885372162
1298079,4,r,56923.330999999998,-7.4246678912126818,145.87976822790145,0.054876018458466826,149.91000366210938,9.4903469085693359,0.26136100292205811,0.055133245885372162
1298079,5,i,56923.332999999999,-7.4230823023164225,149.17332676908941,0.053006564257352611,154.71000671386719,12.367237091064453,0.26136100292205811,0.055133245885372162
1298079,6,z,56923.336000000003,-7.4207039189691502,121.55139971094144,0.077920296707143094,119.98000335693359,18.073177337646484,0.26136100292205811,0.055133245885372162
1298079,7,g,56927.294000000002,-4.2828234939126828,167.04910636764421,0.046260089799580503,165.55999755859375,4.6155805587768555,0.26136100292205811,0.055133245885372162
1298079,8,r,56927.296000000002,-4.2812379050164235,206.64293429053541,0.042956514432364284,205.33999633789062,7.1485028266906738,0.26136100292205811,0.055133245885372162
1298079,9,i,56927.298000000003,-4.2796523161201652,207.17704821601927,0.038646725658107027,214.64999389648438,8.4344892501831055,0.26136100292205811,0.055133245885372162
1298079,10,z,56927.300999999999,-4.2772739327786606,156.37217122723646,0.063325206067848472,160.91000366210938,12.078762054443359,0.26136100292205811,0.055133245885372162
1298079,11,g,56932.269999999997,-0.33787832082761726,171.93068658965711,0.039492770490352658,173.74000549316406,3.9269702434539795,0.26136100292205811,0.055133245885372162
1298079,12,r,56932.273000000001,-0.33549993748034446,231.55685317177856,0.028833161093103743,226.55999755859375,6.056633472442627,0.26136100292205811,0.055133245885372162
1298079,13,i,56932.275000000001,-0.33391434858408536,231.68449467252694,0.0351014992099066,226.44999694824219,6.7554006576538086,0.26136100292205811,0.055133245885372162
1298079,14,z,56932.277000000002,-0.33232875968782627,144.07394330969612,0.059800762562953275,137.30999755859375,11.086234092712402,0.26136100292205811,0.055133245885372162
1298079,15,g,56943.214999999997,8.3392569121822948,100.14885535929226,0.043835327713075377,84.5780029296875,12.882450103759766,0.26136100292205811,0.055133245885372162
1298079,16,r,56943.218000000001,8.3416352955295672,188.51163981039295,0.030977213448136701,195.80999755859375,17.301000595092773,0.26136100292205811,0.055133245885372162
1298079,17,i,56943.220000000001,8.3432208844258273,180.82856000046036,0.032689908266668573,178.86000061035156,9.4065189361572266,0.26136100292205811,0.055133245885372162
1298079,18,z,56943.222999999998,8.3455992677673319,102.37274442473056,0.06035267570403953,104,9.6015291213989258,0.26136100292205811,0.055133245885372162
1298079,19,g,56956.141000000003,18.586917946622467,29.766694381827953,0.069255395117608948,29.995000839233398,3.1413395404815674,0.26136100292205811,0.055133245885372162
1298079,20,r,56956.142999999996,18.58850353551296,98.270729312246502,0.037935310384480454,102.01999664306641,4.5796365737915039,0.26136100292205811,0.055133245885372162
1298079,21,i,56956.144999999997,18.590089124409218,116.15219114913798,0.039281347857141088,114.66999816894531,6.2059316635131836,0.26136100292205811,0.055133245885372162
1298079,22,z,56956.148000000001,18.592467507756492,79.907189387900942,0.083133552955735976,82.571998596191406,10.620219230651855,0.26136100292205811,0.055133245885372162
1298079,23,r,56960.258999999998,21.851645483350822,80.854515959828461,0.04043372536325246,78.09100341796875,12.976762771606445,0.26136100292205811,0.055133245885372162
1298079,24,i,56960.260999999999,21.85323107224708,109.39668325572899,0.037824341818304359,126.26999664306641,23.292465209960938,0.26136100292205811,0.055133245885372162
1298079,25,z,56960.264999999999,21.856402250039597,84.69684401947643,0.073443077450074959,86.852996826171875,26.526838302612305,0.26136100292205811,0.055133245885372162
1298079,26,g,56963.228000000003,24.205452199371564,16.82607921094489,0.072280748827358118,29.631999969482422,13.827810287475586,0.26136100292205811,0.055133245885372162
1298079,27,r,56963.230000000003,24.207037788267822,70.199991628572647,0.04496885187347905,72.205001831054688,17.175325393676758,0.26136100292205811,0.055133245885372162
1298079,28,i,56963.232000000004,24.208623377164081,101.67896707666502,0.042872047964196684,113.02999877929688,19.283016204833984,0.26136100292205811,0.055133245885372162
1298079,29,z,56963.233999999997,24.210208966054573,85.282298287855568,0.070472397922236196,86.389999389648438,27.560245513916016,0.26136100292205811,0.055133245885372162
1298079,30,g,56973.129000000001,32.054910028701507,10.179165459625819,0.085213398499340787,8.2279996871948242,3.8358657360076904,0.26136100292205811,0.055133245885372162
1298079,31,r,56973.131000000001,32.056495617597768,43.895695896802941,0.037472169632387142,48.23699951171875,5.3634042739868164,0.26136100292205811,0.055133245885372162
1298079,32,i,56973.133000000002,32.058081206494023,69.261745061902943,0.031526505118218841,53.458000183105469,6.8111844062805176,0.26136100292205811,0.055133245885372162
1298079,33,z,56973.135999999999,32.060459589835531,65.904439833614205,0.051991129153342475,70.0260009765625,9.8320827484130859,0.26136100292205811,0.055133245885372162
1298079,34,g,56980.192000000003,37.654417214701262,8.3186069647424024,0.09112124339878136,10.458999633789062,2.8064999580383301,0.26136100292205811,0.055133245885372162
1298079,35,r,56980.195,37.656795598042763,33.555761432591893,0.040463329383994572,32.199001312255859,4.6404461860656738,0.26136100292205811,0.055133245885372162
1298079,36,i,56980.197,37.658381186939025,51.256761264720211,0.041768675466801443,58.645000457763672,7.2783727645874023,0.26136100292205811,0.055133245885372162
1298079,37,z,56980.199999999997,37.660759570280533,47.152779461484805,0.058064619900862501,54.604000091552734,10.881841659545898,0.26136100292205811,0.055133245885372162
1298079,38,g,56987.192999999999,43.204771144922752,7.5127857533906299,0.093619376935504969,11.35099983215332,3.5649175643920898,0.26136100292205811,0.055133245885372162
1298079,39,r,56987.196000000004,43.207149528270023,27.819875599977866,0.043840927040638161,27.760000228881836,5.2120561599731445,0.26136100292205811,0.055133245885372162
1298079,40,i,56987.197999999997,43.208735117160515,40.91801470304069,0.052063397742475988,48.525001525878906,7.7246417999267578,0.26136100292205811,0.055133245885372162
1314047,1,r,56980.088000000003,-14.379705309617904,3.1610831217315729,0.71227078050189707,2.0339999198913574,1.5651366710662842,0.45813000202178955,0.024179887026548386
1314047,2,i,56980.105000000003,-14.368046541211621,4.9852851388922526,0.58307037476074008,0.59600001573562622,2.1194846630096436,0.45813000202178955,0.024179887026548386
1314047,3,z,56980.127,-14.35295872327584,4.2548708298515692,0.83248295840837083,3.9440000057220459,2.9477255344390869,0.45813000202178955,0.024179887026548386
1314047,4,r,56987.093000000001,-9.5756069162754009,24.345499231107734,0.3354592833333645,28.88800048828125,1.5497599840164185,0.45813000202178955,0.024179887026548386
1314047,5,i,56987.108999999997,-9.5646339577780122,24.334446179508134,0.25133864302173425,27.433000564575195,2.2979195117950439,0.45813000202178955,0.024179887026548386
1314047,6,z,56987.133000000002,-9.5481745200244426,22.992837240146692,0.27586454652488462,23.343000411987305,2.6060130596160889,0.45813000202178955,0.024179887026548386
1314047,7,r,56990.093999999997,-7.5174913875944949,43.269296370397669,0.1781831380177348,45.180999755859375,3.1456503868103027,0.45813000202178955,0.024179887026548386
1314047,8,i,56990.110999999997,-7.5058326191882117,39.290035246567946,0.1369680281744684,38.402000427246094,6.2383537292480469,0.45813000202178955,0.024179887026548386
1314047,9,z,56990.129999999997,-7.4928022309691311,38.177589626645663,0.16148639576999482,45.667999267578125,2.9671823978424072,0.45813000202178955,0.024179887026548386
1314047,10,r,57001.059999999998,0.0031000444419460441,87.050284189356972,0.045695702635793443,87.722999572753906,1.4454175233840942,0.45813000202178955,0.024179887026548386
1314047,11,i,57001.074999999997,0.013387193035431861,77.84458401050577,0.040110688441787272,73.532997131347656,2.3493907451629639,0.45813000202178955,0.024179887026548386
1314047,12,z,57001.099000000002,0.029846630789001106,69.463540600784313,0.056178852483787713,75.478996276855469,3.1763443946838379,0.45813000202178955,0.024179887026548386
1314047,13,r,57005.095000000001,2.7703430161994089,80.736442901236259,0.048712988376449953,78.762001037597656,2.1033239364624023,0.45813000202178955,0.024179887026548386
1314047,14,i,57005.108,2.7792585449800975,77.219738159737744,0.040335146414478516,73.285003662109375,3.7356917858123779,0.45813000202178955,0.024179887026548386
1314047,15,z,57005.142999999996,2.8032618916965677,70.160738115993468,0.05553303485297105,69.222999572753906,4.1771602630615234,0.45813000202178955,0.024179887026548386
1314047,16,r,57012.105000000003,7.5778704590764008,55.47522449148947,0.070972364563859816,61.148998260498047,1.872672438621521,0.45813000202178955,0.024179887026548386
1314047,17,i,57012.120999999999,7.5888434175737904,63.65054004304077,0.05391353896544631,62.826000213623047,2.7188425064086914,0.45813000202178955,0.024179887026548386
1314047,18,z,57012.150000000001,7.6087319048568585,53.300924558962606,0.077567659437603104,57.262001037597656,7.5955004692077637,0.45813000202178955,0.024179887026548386
1314047,19,r,57018.131000000001,11.710560954191783,33.815098381362361,0.092512252953779586,38.722999572753906,2.6854450702667236,0.45813000202178955,0.024179887026548386
1314047,20,i,57018.152000000002,11.72496296222366,47.19884913703158,0.077097097136960946,39.655998229980469,4.0879859924316406,0.45813000202178955,0.024179887026548386
1314047,21,z,57019.097999999998,12.37373913354212,40.388426625691821,0.089375412681389571,43.777000427246094,3.9011151790618896,0.45813000202178955,0.024179887026548386
1314047,22,r,57025.099999999999,16.48997019090892,17.982857876420432,0.1501395485238996,9.0089998245239258,7.2226943969726562,0.45813000202178955,0.024179887026548386
1314047,23,i,57025.116000000002,16.500943149411302,35.461710878378753,0.10525057358412178,38.472000122070312,4.9023804664611816,0.45813000202178955,0.024179887026548386
1314047,24,r,57032.063999999998,21.265950378096562,10.20769799471725,0.10128537080251585,11.418000221252441,2.1824047565460205,0.45813000202178955,0.024179887026548386
1314047,25,i,57032.080000000002,21.276923336598941,26.642588546226364,0.11215229259328387,23.531000137329102,3.1752235889434814,0.45813000202178955,0.024179887026548386
1314047,26,r,57038.118000000002,25.417843550591108,7.4238332253291501,0.096943047391766568,5.4749999046325684,1.9781131744384766,0.45813000202178955,0.024179887026548386
1314047,27,i,57039.040999999997,26.050846094064891,18.834489872570241,0.10496855026639908,21.125,2.9201533794403076,0.45813000202178955,0.024179887026548386
1314047,28,z,57040.057000000001,26.747628958826272,20.786485334555483,0.19418916124397775,23.191999435424805,3.7515401840209961,0.45813000202178955,0.024179887026548386
1314047,29,r,57044.076000000001,29.503898972081355,5.6632765984988094,0.11903415827669737,3.4639999866485596,2.7546405792236328,0.45813000202178955,0.024179887026548386
1314047,30,z,57045.061000000002,30.179421729746871,14.996491071738939,0.2466327360884456,16.150999069213867,5.0624513626098633,0.45813000202178955,0.024179887026548386
1314047,31,z,57052.048000000003,34.971175544779186,10.862008150734098,0.14765076728128079,5.9190001487731934,3.3441605567932129,0.45813000202178955,0.024179887026548386
1318847,1,r,56990.196000000004,-14.562269413054356,8.2689722575322584,0.36667221178017917,2.4159998893737793,4.9549498558044434,0.66106998920440674,0.053873144090175629
1318847,2,i,56990.199000000001,-14.560463348278956,8.7710025790805446,0.20119502130080807,5.629000186920166,7.2235021591186523,0.66106998920440674,0.053873144090175629
1318847,3,z,56990.201000000001,-14.559259305093898,8.1903434618838453,0.29795479552549831,0.99099999666213989,10.626632690429688,0.66106998920440674,0.053873144090175629
1318847,4,r,57001.161999999997,-7.960500630725444,35.194136548784549,0.086146542453931094,28.035999298095703,7.3513436317443848,0.66106998920440674,0.053873144090175629
1318847,5,i,57001.165000000001,-7.9586945659456658,36.190486793501449,0.051342615926377476,31.48900032043457,7.9912519454956055,0.66106998920440674,0.053873144090175629
1318847,6,z,57001.167000000001,-7.9574905227606063,33.881468519090632,0.075301362897683702,46.859001159667969,8.6189031600952148,0.66106998920440674,0.053873144090175629
1318847,7,r,57005.203000000001,-5.5277313758066855,46.546185421663118,0.050442220612246548,50.652999877929688,7.1171102523803711,0.66106998920440674,0.053873144090175629
1318847,8,i,57005.205000000002,-5.5265273326216269,47.296681674667752,0.04887784818442354,46.922000885009766,11.921806335449219,0.66106998920440674,0.053873144090175629
1318847,9,z,57005.207999999999,-5.5247212678462283,44.51140226622833,0.071212325821711983,69.487998962402344,11.943845748901367,0.66106998920440674,0.053873144090175629
1318847,10,r,57012.07,-1.3936491007501011,52.061807580135977,0.046336883514603182,55.998001098632812,4.8198151588439941,0.66106998920440674,0.053873144090175629
1318847,11,i,57012.072,-1.3924450575650422,53.629773718711668,0.043934693732798014,45.016998291015625,6.7059526443481445,0.66106998920440674,0.053873144090175629
1318847,12,z,57012.074999999997,-1.3906389927896439,53.178131030934331,0.06035035270889063,64.070999145507812,8.2359809875488281,0.66106998920440674,0.053873144090175629
1318847,13,i,57018.061000000002,2.2130622593601852,52.698318557597375,0.031716978850565486,52.908000946044922,15.295464515686035,0.66106998920440674,0.053873144090175629
1318847,14,z,57018.063999999998,2.2148683241355833,55.049039265691228,0.040817478589956144,44.998001098632812,21.048202514648438,0.66106998920440674,0.053873144090175629
1318847,15,r,57019.057999999997,2.813277786987217,46.463258730214612,0.046775325264326331,48.870998382568359,9.1481389999389648,0.66106998920440674,0.053873144090175629
1318847,16,i,57019.059999999998,2.814481830172276,51.927415161283719,0.032137678638107861,49.634998321533203,10.072548866271973,0.66106998920440674,0.053873144090175629
1318847,17,z,57019.063000000002,2.8162878949520542,54.645901353387991,0.041142442648997066,45.662998199462891,11.170676231384277,0.66106998920440674,0.053873144090175629
1318847,18,r,57026.154000000002,7.0852230067089561,36.108709502470589,0.053139634361924794,20.180000305175781,16.668651580810547,0.66106998920440674,0.053873144090175629
1318847,19,i,57026.156000000003,7.0864270498940147,43.433881520081542,0.032911613219134106,26.860000610351562,12.538225173950195,0.66106998920440674,0.053873144090175629
1318847,20,z,57026.159,7.0882331146694133,50.16462899623086,0.038627958683969454,33.575000762939453,11.492917060852051,0.66106998920440674,0.053873144090175629
1318847,21,r,57033.103000000003,11.268671052344196,25.518424382299855,0.066701174135225624,25.219999313354492,4.2102060317993164,0.66106998920440674,0.053873144090175629
1318847,22,i,57033.105000000003,11.269875095529255,33.223466559789415,0.041031787618476055,38.770000457763672,7.1770944595336914,0.66106998920440674,0.053873144090175629
1318847,23,z,57033.108,11.271681160304652,41.629939911316796,0.04458344529851193,40.311000823974609,9.4224128723144531,0.66106998920440674,0.053873144090175629
1318847,24,r,57040.116000000002,15.49064847989256,15.789372501405905,0.069372324162152485,17.815999984741211,4.0100059509277344,0.66106998920440674,0.053873144090175629
1318847,25,i,57040.118000000002,15.491852523077618,23.594701261649778,0.049140847935344498,25.565999984741211,5.9260969161987305,0.66106998920440674,0.053873144090175629
1318847,26,z,57040.120000000003,15.493056566262677,32.925021406279377,0.048090548339149011,32.458000183105469,7.7850522994995117,0.66106998920440674,0.053873144090175629
1318847,27,r,57045.108999999997,18.496542290776713,11.09582018379075,0.079354311708880437,11.640000343322754,6.3663601875305176,0.66106998920440674,0.053873144090175629
1318847,28,i,57045.110999999997,18.497746333961775,18.56391228217721,0.057275018221024578,25.218999862670898,10.367138862609863,0.66106998920440674,0.053873144090175629
1318847,29,z,57045.114000000001,18.499552398741553,28.810749794539092,0.050691342201815953,24.771999359130859,12.45859432220459,0.66106998920440674,0.053873144090175629
1318847,30,r,57052.097999999998,22.704071200108753,6.9947626364521689,0.088789762921134566,-11.630999565124512,13.452439308166504,0.66106998920440674,0.053873144090175629
1318847,31,i,57052.099999999999,22.705275243293812,13.310629494462269,0.073725937100959621,11.756999969482422,11.185331344604492,0.66106998920440674,0.053873144090175629
1297580,1,r,56912.303999999996,-12.719173380432714,6.2240004324518514,0.57028984930539617,4.6789999008178711,3.6951966285705566,0.63625997304916382,0.0091566601768136024
1297580,2,i,56912.32,-12.709394983193402,7.0109521070430665,0.33708083771180963,3.121999979019165,2.8260438442230225,0.63625997304916382,0.0091566601768136024
1297580,3,r,56920.205000000002,-7.890478594675769,24.996760196882281,0.13951492069772237,25.993000030517578,1.6136181354522705,0.63625997304916382,0.0091566601768136024
1297580,4,i,56920.220000000001,-7.8813113472661378,24.125462053702538,0.096704943297895973,25.392999649047852,2.0052106380462646,0.63625997304916382,0.0091566601768136024
1297580,5,z,56920.245000000003,-7.8660326015819368,20.34591702038437,0.15589961816002945,22.882999420166016,2.5195531845092773,0.63625997304916382,0.0091566601768136024
1297580,6,r,56925.305999999997,-4.7730033254559165,42.389751850341199,0.072108184064684305,39.616001129150391,1.730890154838562,0.63625997304916382,0.0091566601768136024
1297580,7,i,56925.328999999998,-4.7589468794266292,39.373157193723827,0.058196167330045324,38.754001617431641,1.745699405670166,0.63625997304916382,0.0091566601768136024
1297580,8,z,56927.178,-3.6289308486877152,35.765488676970939,0.08662904453418091,41.909000396728516,3.9163823127746582,0.63625997304916382,0.0091566601768136024
1297580,9,r,56932.171999999999,-0.57684861099019402,47.062368043903021,0.056546792924597813,51.330001831054688,3.1189851760864258,0.63625997304916382,0.0091566601768136024
1297580,10,i,56932.188000000002,-0.56707021375088273,46.425415501822158,0.041901127038532188,45.442001342773438,2.3115942478179932,0.63625997304916382,0.0091566601768136024
1297580,11,z,56933.171999999999,0.034301216342258523,40.65349612582925,0.043414691711338507,71.754997253417969,11.133102416992188,0.63625997304916382,0.0091566601768136024
1297580,12,r,56936.243999999999,1.911753485907624,44.23121629259974,0.043895564653574894,47.442001342773438,3.8530631065368652,0.63625997304916382,0.0091566601768136024
1297580,13,i,56936.260000000002,1.9215318831469355,45.89765014808313,0.029071574343764901,40.7239990234375,3.5325548648834229,0.63625997304916382,0.0091566601768136024
1297580,14,z,56943.133999999998,6.1225757962278671,38.579543092933349,0.05593555861702159,37.032001495361328,3.7516424655914307,0.63625997304916382,0.0091566601768136024
1297580,15,r,56943.355000000003,6.2576399080713978,31.658490619889239,0.050522574204074189,31.899999618530273,2.6668112277984619,0.63625997304916382,0.0091566601768136024
1297580,16,i,56944.129999999997,6.7312810242504915,36.059760426722512,0.044805302323321305,31.670000076293945,3.0432558059692383,0.63625997304916382,0.0091566601768136024
1297580,17,i,56949.349999999999,9.9214831229266061,28.223091354056056,0.056526044595438175,30.544000625610352,1.6908247470855713,0.63625997304916382,0.0091566601768136024
1297580,18,r,56950.122000000003,10.393290789629997,19.452644333137869,0.078596360265551959,19.041999816894531,2.2123820781707764,0.63625997304916382,0.0091566601768136024
1297580,19,z,56956.154999999999,14.080357697924123,25.315464671781772,0.077586521743731179,25.575000762939453,2.7396678924560547,0.63625997304916382,0.0091566601768136024
1297580,20,i,56956.313000000002,14.176919370644535,18.701578019949206,0.077489985014608617,19.875,2.7037191390991211,0.63625997304916382,0.0091566601768136024
1297580,21,r,56957.148000000001,14.6872294764666,10.81957510628269,0.10260275144758521,13.314999580383301,2.2191479206085205,0.63625997304916382,0.0091566601768136024
1297580,22,i,56960.300000000003,16.613573732219628,14.503805865816474,0.099762800884961603,18.920000076293945,3.5405573844909668,0.63625997304916382,0.0091566601768136024
1297580,23,z,56961.307999999997,17.229612758167292,21.909361426163244,0.089569854222040418,22.496000289916992,4.6902451515197754,0.63625997304916382,0.0091566601768136024
1297580,24,r,56963.266000000003,18.426244120087897,6.4802842650528767,0.13389209868706492,12.739999771118164,10.562376022338867,0.63625997304916382,0.0091566601768136024
1297580,25,i,56966.129000000001,20.175966075739215,10.203710496588329,0.10989316716815471,-0.81199997663497925,4.9810166358947754,0.63625997304916382,0.0091566601768136024
1297580,26,z,56966.228000000003,20.236469908646338,18.826398769422216,0.081020050661662471,17.13800048828125,5.772822380065918,0.63625997304916382,0.0091566601768136024
1297580,27,r,56973.152000000002,24.46807131309567,3.670866926676303,0.10690612002226081,2.8870000839233398,1.628277063369751,0.63625997304916382,0.0091566601768136024
1297580,28,z,56973.267999999996,24.538964693062891,14.825116734658719,0.089140044386685519,10.706999778747559,2.851801872253418,0.63625997304916382,0.0091566601768136024
1297580,29,r,56980.216999999997,28.785844843196422,2.9237754823292521,0.12646069602900195,2.999000072479248,1.1377642154693604,0.63625997304916382,0.0091566601768136024
1297580,30,i,56980.233,28.795623240435734,5.0889700513524181,0.15908966064372765,4.1589999198913574,1.7182621955871582,0.63625997304916382,0.0091566601768136024
1297580,31,z,56980.256000000001,28.809679686465021,11.193753329353497,0.098849238174973916,12.222999572753906,2.7410523891448975,0.63625997304916382,0.0091566601768136024
1297580,32,i,56987.233,33.073672031762904,4.1347156597782631,0.096612006989228241,2.9800000190734863,1.6016535758972168,0.63625997304916382,0.0091566601768136024
1297580,33,z,56987.252999999997,33.085895028307597,8.5887990570890231,0.063345197926739386,8.2270002365112305,3.1909725666046143,0.63625997304916382,0.0091566601768136024
1297580,34,r,56990.216999999997,34.89734311652095,2.1790149200889091,0.11964810978461127,0.46000000834465027,2.0872166156768799,0.63625997304916382,0.0091566601768136024
1297580,35,i,56990.237999999998,34.910177262895324,3.9053691858355077,0.10204699698374184,1.3530000448226929,5.8178553581237793,0.63625997304916382,0.0091566601768136024
1297580,36,z,56990.25,34.917511060824808,7.8410654017821804,0.068702467083418275,7.2789998054504395,8.0016584396362305,0.63625997304916382,0.0091566601768136024
1297580,37,z,56992.076000000001,36.033470645534436,7.4984249283439821,0.071692072051043124,8.8290004730224609,3.9066917896270752,0.63625997304916382,0.0091566601768136024
1297580,38,r,57001.182999999997,41.599212123048837,1.8810102525965158,0.13707860651375911,-2.1530001163482666,2.1041309833526611,0.63625997304916382,0.0091566601768136024
1297580,39,i,57001.199000000001,41.608990520288152,3.1809745329802968,0.10740085284110917,1.2890000343322754,2.2990186214447021,0.63625997304916382,0.0091566601768136024
1297580,40,z,57001.237999999998,41.6328253635523,6.3901505529041804,0.073259090373063177,4.1630001068115234,4.6002612113952637,0.63625997304916382,0.0091566601768136024
1297580,41,r,57005.249000000003,44.084147320986361,1.8618486117090711,0.14049562196643092,1.3270000219345093,2.0996205806732178,0.63625997304916382,0.0091566601768136024
1316487,1,r,56980.216999999997,-12.870966945008478,1.661802106311101,0.95951756833466872,2.3090000152587891,1.1546697616577148,0.77696001529693604,0.0067021995782852173
1316487,2,i,56980.233,-12.861962803178878,3.1430839117073619,0.73919827185289044,1.9440000057220459,1.932097315788269,0.77696001529693604,0.0067021995782852173
1316487,3,z,56980.256000000001,-12.849019349300878,3.0485810935498461,0.47795649067532842,4.9879999160766602,3.1251778602600098,0.77696001529693604,0.0067021995782852173
1316487,4,i,56987.233,-8.9226507535319559,9.8371098755262381,0.23677026329383319,9.0120000839233398,1.7682260274887085,0.77696001529693604,0.0067021995782852173
1316487,5,z,56987.254000000001,-8.910832817382655,8.3825180948592131,0.17285357967916054,7.3330001831054688,3.4440417289733887,0.77696001529693604,0.0067021995782852173
1316487,6,r,56990.216999999997,-7.2433783026557306,10.390964701073877,0.13831993152629779,8.6520004272460938,2.0870189666748047,0.77696001529693604,0.0067021995782852173
1316487,7,i,56990.237999999998,-7.2315603665064296,14.359074596344287,0.14456303152641536,17.375,6.0685300827026367,0.77696001529693604,0.0067021995782852173
1316487,8,z,56990.248,-7.2259327778629308,11.70950954787774,0.11600207889204081,31.878999710083008,9.5550880432128906,0.77696001529693604,0.0067021995782852173
1316487,9,z,56992.076000000001,-6.1972095740400954,13.898280571116826,0.095992479481885634,11.312999725341797,4.716402530670166,0.77696001529693604,0.0067021995782852173
1316487,10,r,57001.182999999997,-1.0721645974515124,16.071789720281203,0.08769253030021229,15.805999755859375,2.1312503814697266,0.77696001529693604,0.0067021995782852173
1316487,11,i,57001.199000000001,-1.0631604556219136,24.651063224560591,0.081318646825357971,27.381000518798828,2.5492584705352783,0.77696001529693604,0.0067021995782852173
1316487,12,z,57001.239000000001,-1.0406501010520113,19.691453714023456,0.068161350078780908,19.86400032043457,5.1683845520019531,0.77696001529693604,0.0067021995782852173
1316487,13,r,57005.25,1.2165757033948892,14.759575234262611,0.059593510268656683,15.88599967956543,2.0101962089538574,0.77696001529693604,0.0067021995782852173
1316487,14,i,57008.040000000001,2.7866729346117967,22.973174601983292,0.051704998325461791,20.100000381469727,2.3483836650848389,0.77696001529693604,0.0067021995782852173
1316487,15,z,57008.065999999999,2.8013046650808002,19.765444765944952,0.039517967819488589,22.378000259399414,3.7071821689605713,0.77696001529693604,0.0067021995782852173
1316487,16,r,57012.201999999997,5.1288753275571102,10.36729527217723,0.080829855505818171,5.3819999694824219,4.485985279083252,0.77696001529693604,0.0067021995782852173
1316487,17,i,57012.218999999997,5.1384422282490112,19.810788741157797,0.058673676725913365,21.910999298095703,3.2576057910919189,0.77696001529693604,0.0067021995782852173
1316487,18,z,57012.243000000002,5.1519484409934098,18.389569574992425,0.043948657185573607,14.60099983215332,6.1420035362243652,0.77696001529693604,0.0067021995782852173
1316487,19,r,57018.192999999999,8.5003636831916562,7.1366651423165743,0.10160061427057172,7.0060000419616699,2.1475462913513184,0.77696001529693604,0.0067021995782852173
1316487,20,i,57018.209999999999,8.5099305838835573,14.793067769957045,0.068452597325564774,11.336999893188477,3.4690530300140381,0.77696001529693604,0.0067021995782852173
1316487,21,z,57019.146999999997,9.0372356396709286,15.290852636476947,0.06148869458499278,13.760000228881836,3.8372046947479248,0.77696001529693604,0.0067021995782852173
1316487,22,r,57025.139999999999,12.409849513034175,4.3065442022386149,0.12224146868130896,4.4489998817443848,4.6035470962524414,0.77696001529693604,0.0067021995782852173
1316487,23,i,57025.156000000003,12.418853654863772,9.4290138303171513,0.0780514060089392,11.345999717712402,3.9765260219573975,0.77696001529693604,0.0067021995782852173
1316487,24,z,57026.044999999998,12.919146285166443,11.921969777655843,0.074667022013120699,12.810999870300293,4.2148880958557129,0.77696001529693604,0.0067021995782852173
1316487,25,r,57032.103999999999,16.328902243568596,2.5082227059576363,0.20091917107342955,3.0710000991821289,2.0032124519348145,0.77696001529693604,0.0067021995782852173
1316487,26,i,57032.120999999999,16.338469144260497,5.8540822648317477,0.12403559946655482,4.7090001106262207,2.6761267185211182,0.77696001529693604,0.0067021995782852173
1316487,27,z,57033.112999999998,16.896725937580971,8.9800901589379922,0.098856541151970567,10.876999855041504,3.8913803100585938,0.77696001529693604,0.0067021995782852173
1316487,28,r,57039.072,20.250206009560415,1.5671852438748424,0.12820991580151775,2.5420000553131104,1.4840766191482544,0.77696001529693604,0.0067021995782852173
1316487,29,i,57039.089,20.259772910252316,3.7477254764073789,0.068151011030165687,2.1570000648498535,2.5545444488525391,0.77696001529693604,0.0067021995782852173
1316487,30,z,57040.125,20.842791093600091,6.8590955947544794,0.10079968667710885,9.1239995956420898,2.7180843353271484,0.77696001529693604,0.0067021995782852173
1316487,31,r,57044.116000000002,23.08876172076409,1.2285273678431161,0.15305140318420629,6.0460000038146973,1.605130672454834,0.77696001529693604,0.0067021995782852173
1316487,32,i,57044.146000000001,23.105644486690494,2.8657794272584214,0.08838260407907815,2.1649999618530273,2.7554192543029785,0.77696001529693604,0.0067021995782852173
1316487,33,z,57047.040000000001,24.734268639787508,5.2115384928998321,0.10632071852957128,2.003000020980835,3.2056679725646973,0.77696001529693604,0.0067021995782852173
1316487,34,r,57051.103999999999,27.021320664038814,0.99468563645330366,0.17528619879180252,6.2470002174377441,2.515364408493042,0.77696001529693604,0.0067021995782852173
1316487,35,i,57051.120000000003,27.03032480586841,2.167691235280885,0.10663009095988117,4.1139998435974121,3.0051910877227783,0.77696001529693604,0.0067021995782852173
1316487,36,z,57053.042999999998,28.112510101790157,4.05411049581231,0.12115168088875862,1.3320000171661377,4.6684184074401855,0.77696001529693604,0.0067021995782852173
1316487,37,r,57061.040999999997,32.613455497943654,0.77903452765326919,0.17821785672402601,-4.3940000534057617,6.0049810409545898,0.77696001529693604,0.0067021995782852173
1316487,38,i,57061.074000000001,32.632026540465155,1.570926715584428,0.096528687107595476,1.590999960899353,4.6914811134338379,0.77696001529693604,0.0067021995782852173
1316487,39,z,57061.095000000001,32.643844476614454,3.1038571012141687,0.077692501872447556,2.7960000038146973,4.6173381805419922,0.77696001529693604,0.0067021995782852173
1316487,40,r,57066.063999999998,35.44019327299803,0.73839651393818218,0.19500433769031741,1.8559999465942383,2.5561037063598633,0.77696001529693604,0.0067021995782852173
1316487,41,z,57067.044999999998,35.992259718812704,2.7398740139760274,0.086509564689742066,2.5220000743865967,5.4810571670532227,0.77696001529693604,0.0067021995782852173
1295285,1,i,56903.360000000001,-11.120995903100406,33.895480427190385,0.096959323644579015,36.472999572753906,6.0563573837280273,0.52634000778198242,0.021737018600106239
1295285,2,z,56904.237999999998,-10.545763651098541,35.548783993366733,0.093916527002813319,30.325000762939453,3.5271306037902832,0.52634000778198242,0.021737018600106239
1295285,3,z,56912.205000000002,-5.3260878518763715,73.071003996423087,0.047765475346732589,59.252998352050781,9.6721134185791016,0.52634000778198242,0.021737018600106239
1295285,4,r,56915.201999999997,-3.3625672832509879,98.55838837629986,0.04443249091214798,100.98000335693359,7.437873363494873,0.52634000778198242,0.021737018600106239
1295285,5,i,56915.233,-3.3422572606841774,84.878560667517817,0.052128257956518473,92.422996520996094,5.3466730117797852,0.52634000778198242,0.021737018600106239
1295285,6,z,56916.271999999997,-2.6615439237476286,84.371546470178345,0.042259297202842265,87.699996948242188,4.0987868309020996,0.52634000778198242,0.021737018600106239
1295285,7,r,56924.192999999999,2.5279944226346975,95.034877745843133,0.041051395724224858,91.705001831054688,1.7412102222442627,0.52634000778198242,0.021737018600106239
1295285,8,i,56924.209000000003,2.5384770149284748,88.354947409754985,0.032978484273409547,89.700996398925781,1.9047021865844727,0.52634000778198242,0.021737018600106239
1295285,9,z,56924.233999999997,2.5548560653803518,90.684524436072138,0.040350034260712618,93.567001342773438,2.6843535900115967,0.52634000778198242,0.021737018600106239
1295285,10,r,56931.175000000003,7.1023356339022827,76.357501944170281,0.043030956346834667,77.022003173828125,2.0565652847290039,0.52634000778198242,0.021737018600106239
1295285,11,i,56931.190999999999,7.1128182261912931,78.000142297479059,0.035024541586568217,79.022003173828125,2.068387508392334,0.52634000778198242,0.021737018600106239
1295285,12,z,56931.279000000002,7.1704724837975355,77.044191780251055,0.035388793517851937,77.3280029296875,2.7419028282165527,0.52634000778198242,0.021737018600106239
1295285,13,r,56936.156000000003,10.36569764669389,60.432574148745324,0.053533754589161112,50.997001647949219,6.3566560745239258,0.52634000778198242,0.021737018600106239
1295285,14,i,56936.173999999999,10.377490563019622,67.094963127418254,0.040478623562485841,60.78900146484375,4.9162836074829102,0.52634000778198242,0.021737018600106239
1295285,15,z,56936.197,10.392559289439545,62.474715632819517,0.042821644038384898,52.78900146484375,4.7331075668334961,0.52634000778198242,0.021737018600106239
1295285,16,r,56943.258000000002,15.018658300145738,38.078775544585071,0.051808061659810389,40.666999816894531,3.203106164932251,0.52634000778198242,0.021737018600106239
1295285,17,i,56943.273000000001,15.028485730418771,51.294427878146266,0.040699751244586017,53.138999938964844,2.5823366641998291,0.52634000778198242,0.021737018600106239
1295285,18,z,56943.298999999999,15.045519942891392,47.503735441828297,0.054314123036721278,44.7760009765625,3.7100093364715576,0.52634000778198242,0.021737018600106239
1295285,19,r,56949.133000000002,18.867735157232985,25.434856114499059,0.048146889420885221,27.142000198364258,4.2606716156005859,0.52634000778198242,0.021737018600106239
1295285,20,i,56949.150999999998,18.879528073558721,41.3883421474412,0.042389126618510291,39.588001251220703,2.4369654655456543,0.52634000778198242,0.021737018600106239
1295285,21,z,56949.165999999997,18.889355503831752,43.128144744361734,0.04827270260153689,40.910999298095703,6.662926197052002,0.52634000778198242,0.021737018600106239
1295285,22,r,56956.226000000002,23.514799352521969,16.145819260884952,0.064817685647822726,16.666999816894531,1.9281706809997559,0.52634000778198242,0.021737018600106239
1295285,23,i,56956.241999999998,23.525281944810981,32.139280190728762,0.053018668498786926,36.465000152587891,3.0401976108551025,0.52634000778198242,0.021737018600106239
1295285,24,z,56956.264999999999,23.5403506712309,39.22020903838326,0.051856523287991792,38.758998870849609,3.7854628562927246,0.52634000778198242,0.021737018600106239
1295285,25,r,56960.284,26.173446822487847,12.856689329886931,0.076791658480282937,11.340999603271484,3.7853865623474121,0.52634000778198242,0.021737018600106239
1295285,26,z,56961.205999999998,26.77750620329283,35.897354612859971,0.062771354863599443,33.916999816894531,5.5170564651489258,0.52634000778198242,0.021737018600106239
1295285,27,z,56966.152000000002,30.017937545448952,31.708664609328871,0.070183309169962141,39.293998718261719,7.5811567306518555,0.52634000778198242,0.021737018600106239
1295285,28,i,56973.050000000003,34.537245147183739,17.197426471419256,0.063080562510690011,18.608999252319336,2.3190665245056152,0.52634000778198242,0.021737018600106239
1295285,29,r,56973.095999999998,34.567382600018817,7.6145769413633806,0.08855254497499547,7.4530000686645508,1.5621335506439209,0.52634000778198242,0.021737018600106239
1295285,30,z,56973.197,34.633553963861367,25.007875290688652,0.047132601970044791,26.340000152587891,2.7930576801300049,0.52634000778198242,0.021737018600106239
1295285,31,r,56980.088000000003,39.148275431470012,6.5030917781400577,0.07441211998314809,5.4260001182556152,1.5993003845214844,0.52634000778198242,0.021737018600106239
1295285,32,i,56980.103999999999,39.15875802375902,13.822789175583036,0.051576862871887966,15.10099983215332,2.0867018699645996,0.52634000778198242,0.021737018600106239
1295285,33,z,56980.127999999997,39.174481912194921,19.828080992573703,0.047169940487136776,17.906000137329102,2.8902521133422852,0.52634000778198242,0.021737018600106239
1295285,34,r,56987.093000000001,43.73768536915275,5.7856713595661855,0.096156225104389689,6.3210000991821289,1.6116893291473389,0.52634000778198242,0.021737018600106239
1295285,35,i,56987.108999999997,43.748167961441759,11.785703754490141,0.071892189109846918,11.390999794006348,2.0226013660430908,0.52634000778198242,0.021737018600106239
1295285,36,z,56987.133000000002,43.763891849882427,16.589380647193138,0.065460301201474419,14.487000465393066,2.7904999256134033,0.52634000778198242,0.021737018600106239
1303699,1,r,56932.171999999999,-12.858507248460112,7.200377172101863,0.32756114127080621,3.3389999866485596,3.2843804359436035,0.79620999097824097,0.0093315932899713516
1303699,2,i,56932.188999999998,-12.849042876206751,11.649397527271491,0.29583830947849515,11.836000442504883,2.9326677322387695,0.79620999097824097,0.0093315932899713516
1303699,3,z,56933.173000000003,-12.301222741063132,11.543921163826129,0.15101345479026021,-4.8940000534057617,16.003578186035156,0.79620999097824097,0.0093315932899713516
1303699,4,r,56936.243999999999,-10.59151172986685,12.772828025626715,0.18588335136099168,14.869999885559082,3.9338605403900146,0.79620999097824097,0.0093315932899713516
1303699,5,r,56943.355000000003,-6.6326204890205194,26.365868994029448,0.070564739495725004,27.479000091552734,2.7412211894989014,0.79620999097824097,0.0093315932899713516
1303699,6,i,56949.349999999999,-3.2950374502298363,48.401968562696666,0.053544612387554494,46.125999450683594,2.1020677089691162,0.79620999097824097,0.0093315932899713516
1303699,7,r,56950.122000000003,-2.865243604364387,32.481252183418398,0.061166612207274033,35.474998474121094,2.2269532680511475,0.79620999097824097,0.0093315932899713516
1303699,8,z,56956.154000000002,0.49293836227423093,40.407094000248406,0.036880677508013604,40.752998352050781,3.3502357006072998,0.79620999097824097,0.0093315932899713516
1303699,9,i,56956.313000000002,0.58145807923285731,49.768541711449856,0.044992225829426601,49.388999938964844,3.2298040390014648,0.79620999097824097,0.0093315932899713516
1303699,10,r,56957.148000000001,1.0463257752110844,29.142299940559557,0.058660960728403794,27.132999420166016,2.2234864234924316,0.79620999097824097,0.0093315932899713516
1303699,11,r,56963.264999999999,4.4518296031165105,22.677696023662477,0.072693361367461906,32.880001068115234,10.066938400268555,0.79620999097824097,0.0093315932899713516
1303699,12,z,56966.226000000002,6.1003005585588452,35.882120463826716,0.041784555809984088,35.742000579833984,7.6896042823791504,0.79620999097824097,0.0093315932899713516
1303699,13,r,56973.152000000002,9.9561971601736037,14.167256055380507,0.09204426282409231,12.986000061035156,1.718463659286499,0.79620999097824097,0.0093315932899713516
1303699,14,i,56973.245000000003,10.007972843678241,30.586372616033611,0.058038805873601794,32.222999572753906,2.6521155834197998,0.79620999097824097,0.0093315932899713516
1303699,15,z,56973.267,10.020220854828221,30.240638247744869,0.049140024613442621,30.597000122070312,3.5753376483917236,0.79620999097824097,0.0093315932899713516
1303699,16,r,56980.216999999997,13.889478923152417,9.0719112382333247,0.093218853934798895,7.5380001068115234,1.1787712574005127,0.79620999097824097,0.0093315932899713516
1303699,17,i,56980.233,13.898386567628075,20.823030985559342,0.053991085855683359,19.108999252319336,2.1449105739593506,0.79620999097824097,0.0093315932899713516
1303699,18,z,56980.256000000001,13.911191306559809,24.223402157604589,0.045930200545571322,26.36199951171875,3.3173742294311523,0.79620999097824097,0.0093315932899713516
1303699,19,i,56987.233,17.795481024934652,13.992913124526501,0.078383348730241317,14.829999923706055,2.0232918262481689,0.79620999097824097,0.0093315932899713516
1303699,20,z,56987.252999999997,17.806615580525175,19.256170736083401,0.056718859949117344,17.120000839233398,3.8333005905151367,0.79620999097824097,0.0093315932899713516
1303699,21,r,56990.216999999997,19.456756719304671,4.6510149003026795,0.10069294305584781,7.5190000534057617,2.1125431060791016,0.79620999097824097,0.0093315932899713516
1303699,22,i,56990.235000000001,19.466777819339786,11.760457580826291,0.048441148164642296,33.824001312255859,10.770159721374512,0.79620999097824097,0.0093315932899713516
1303699,23,z,56990.25,19.475128736033689,17.523419884082973,0.050234635729096019,22.48900032043457,10.407255172729492,0.79620999097824097,0.0093315932899713516
1303699,24,r,57001.182999999997,25.561833550565424,2.3942706401340867,0.18092396051110163,3.0789999961853027,2.2893588542938232,0.79620999097824097,0.0093315932899713516
1303699,25,i,57001.199999999997,25.571297922818786,6.8412121604695093,0.081934112636891057,8.8809995651245117,2.8331613540649414,0.79620999097824097,0.0093315932899713516
1303699,26,z,57001.235000000001,25.590783395107263,12.163824488093281,0.062521106233502127,5.9899997711181641,7.9639987945556641,0.79620999097824097,0.0093315932899713516
1303699,27,r,57005.249000000003,27.825488702484368,2.1270480992806577,0.21921968231629177,0.84500002861022949,2.2073071002960205,0.79620999097824097,0.0093315932899713516
1303699,28,i,57008.038999999997,29.378759207607281,5.105339567432587,0.10887464474890078,12.343000411987305,3.0031514167785645,0.79620999097824097,0.0093315932899713516
1303699,29,z,57008.065000000002,29.393234129880224,9.6866993764879901,0.077990659755957231,9.8940000534057617,4.2917194366455078,0.79620999097824097,0.0093315932899713516
1303699,30,r,57012.201999999997,31.696416954145722,1.6395976353551556,0.19881760539461438,-0.16699999570846558,3.8922567367553711,0.79620999097824097,0.0093315932899713516
1303699,31,z,57012.243000000002,31.719242793112571,8.3799285540388944,0.064890665182082766,1.0520000457763672,8.8101835250854492,0.79620999097824097,0.0093315932899713516
1303699,32,r,57018.192999999999,35.031773081821541,1.4578518214455263,0.3065212493122505,3.0499999523162842,2.1888165473937988,0.79620999097824097,0.0093315932899713516
1303699,33,z,57019.146000000001,35.562334655795595,6.8150013575065458,0.079349009936912171,8.324000358581543,4.4576702117919922,0.79620999097824097,0.0093315932899713516
1303699,34,r,57025.139999999999,38.89936096680858,1.2667919996018413,0.18758125832435607,-0.30799999833106995,4.7000617980957031,0.79620999097824097,0.0093315932899713516
1303699,35,r,57032.103999999999,42.776413224048973,1.1905530564199005,0.20943063270200193,1.0349999666213989,2.0270242691040039,0.79620999097824097,0.0093315932899713516
1303699,36,i,57032.120999999999,42.785877596302335,3.0230654750258155,0.08483122758844952,3.3870000839233398,3.8973245620727539,0.79620999097824097,0.0093315932899713516
1303699,37,z,57033.114999999998,43.339265009239192,5.0111998684822483,0.07775471576768872,8.4189996719360352,4.4543838500976562,0.79620999097824097,0.0093315932899713516
1303140,1,r,56931.150000000001,-14.654958406218292,8.0609685005717022,0.39632520492480627,-7.4050002098083496,6.6612672805786133,0.49718001484870911,0.016982238739728928
1303140,2,i,56931.152000000002,-14.653622561509858,7.6527228413458221,0.31537479060630252,19.416000366210938,8.382319450378418,0.49718001484870911,0.016982238739728928
1303140,3,z,56931.154999999999,-14.651618794449638,7.3823530761395659,0.32769442943667954,8.1820001602172852,11.96976375579834,0.49718001484870911,0.016982238739728928
1303140,4,r,56936.349999999999,-11.18176216500173,23.127336346385803,0.2096403254207348,33.688999176025391,13.858695983886719,0.49718001484870911,0.016982238739728928
1303140,5,i,56936.351999999999,-11.180426320293298,20.960359763911487,0.13516545233978938,33.992000579833984,12.389605522155762,0.49718001484870911,0.016982238739728928
1303140,6,z,56936.353999999999,-11.179090475584864,20.26982390845793,0.14694457153370083,19.233999252319336,10.790509223937988,0.49718001484870911,0.016982238739728928
1303140,7,r,56943.118999999999,-6.6605957502307964,55.576001905739794,0.068929084159616821,50.423000335693359,5.3133578300476074,0.49718001484870911,0.016982238739728928
1303140,8,i,56943.122000000003,-6.6585919831657172,47.543593239223505,0.073786638342242278,54.694000244140625,7.8491382598876953,0.49718001484870911,0.016982238739728928
1303140,9,z,56943.124000000003,-6.6572561384572841,46.123783794780799,0.061537940155777029,47.840000152587891,10.117286682128906,0.49718001484870911,0.016982238739728928
1303140,10,r,56949.101000000002,-2.6650842281189457,75.780630657393445,0.051111349729079651,70.178001403808594,8.0027427673339844,0.49718001484870911,0.016982238739728928
1303140,11,i,56949.103000000003,-2.6637483834105127,64.928328765928697,0.054490456316914446,74.523002624511719,9.589879035949707,0.49718001484870911,0.016982238739728928
1303140,12,z,56949.106,-2.6617446163502931,62.739380454360223,0.046297581219990135,67.498001098632812,12.199372291564941,0.49718001484870911,0.016982238739728928
1303140,13,r,56956.082999999999,1.9983496480685266,74.2807878473199,0.038604971129845365,72.912002563476562,4.4919590950012207,0.49718001484870911,0.016982238739728928
1303140,14,i,56956.084999999999,1.9996854927769596,68.709347005517216,0.028529889254760337,78.514999389648438,5.9166207313537598,0.49718001484870911,0.016982238739728928
1303140,15,z,56956.087,2.0010213374853927,67.450063598948958,0.041669667205510831,59.951000213623047,8.7942485809326172,0.49718001484870911,0.016982238739728928
1303140,16,r,56960.199999999997,4.74818597981678,65.228014544719755,0.043556823701746086,68.259002685546875,4.8779950141906738,0.49718001484870911,0.016982238739728928
1303140,17,i,56960.201999999997,4.7495218245252131,64.312059400888614,0.030334808846606762,64.293998718261719,6.0936455726623535,0.49718001484870911,0.016982238739728928
1303140,18,z,56960.205000000002,4.7515255915902932,63.259498320464566,0.044107705971698191,59.352001190185547,8.0864734649658203,0.49718001484870911,0.016982238739728928
1303140,19,r,56973.038,13.322973161504256,30.462882973319598,0.048458214295896591,29.224000930786133,6.223759651184082,0.49718001484870911,0.016982238739728928
1303140,20,i,56973.040000000001,13.324309006212689,40.565021305750442,0.043830416030079235,33.650001525878906,7.5372376441955566,0.49718001484870911,0.016982238739728928
1303140,21,z,56973.042000000001,13.325644850921122,39.035061780677211,0.046548829774560492,35.081001281738281,9.3515520095825195,0.49718001484870911,0.016982238739728928
1303140,22,r,56980.053999999996,18.009116397730232,18.171670049382946,0.078799880002863906,23.056999206542969,3.984750509262085,0.49718001484870911,0.016982238739728928
1303140,23,i,56980.055999999997,18.010452242438664,30.740874437515348,0.057093727929137091,33.713001251220703,6.3149261474609375,0.49718001484870911,0.016982238739728928
1303140,24,z,56980.059000000001,18.012456009503744,33.818545310816212,0.053139393336573283,19.000999450683594,8.2090797424316406,0.49718001484870911,0.016982238739728928
1303140,25,r,56986.171999999999,22.095465359996094,11.919535443093109,0.047112613428675787,41.155998229980469,61.035526275634766,0.49718001484870911,0.016982238739728928
1303140,26,i,56986.173999999999,22.096801204704526,24.77330304487991,0.054089381042543926,-1.2779999971389771,35.766319274902344,0.49718001484870911,0.016982238739728928
1303140,27,r,56987.059000000001,22.687912488067116,11.316089463777008,0.049496235299951639,4.5929999351501465,5.2286443710327148,0.49718001484870911,0.016982238739728928
1303140,28,i,56987.061000000002,22.689248332775549,23.993020131860511,0.055792712550955227,25.716999053955078,7.0188088417053223,0.49718001484870911,0.016982238739728928
1303140,29,z,56987.063999999998,22.691252099835769,30.002829660717122,0.050207218183359846,25.434000015258789,9.3872194290161133,0.49718001484870911,0.016982238739728928
1303140,30,r,56990.059999999998,24.692347472660344,9.5837477843694465,0.064793002656199791,-96.7969970703125,61.032310485839844,0.49718001484870911,0.016982238739728928
1303140,31,i,56990.061999999998,24.69368331736878,21.379122789443986,0.055738730158820901,8.9630002975463867,16.099742889404297,0.49718001484870911,0.016982238739728928
1303140,32,r,57001.038999999997,32.025466998109522,5.8202281171673533,0.070126816816100251,1.4529999494552612,4.3182425498962402,0.49718001484870911,0.016982238739728928
1303140,33,i,57001.040999999997,32.026802842817958,13.985616232372161,0.044702830387317281,13.114999771118164,5.9018688201904297,0.49718001484870911,0.016982238739728928
1303140,34,z,57001.044000000002,32.028806609883034,18.807046842477693,0.039403038233990773,29.080999374389648,8.3105087280273438,0.49718001484870911,0.016982238739728928
1303140,35,r,57005.036999999997,34.695820569723018,5.1968754126488612,0.078302786735550509,5.9429998397827148,5.7347807884216309,0.49718001484870911,0.016982238739728928
1303140,36,i,57005.038999999997,34.697156414431447,12.178034084915522,0.050771142555513543,6.119999885559082,7.0346150398254395,0.49718001484870911,0.016982238739728928
1303140,37,z,57005.042000000001,34.699160181496531,16.397661022151777,0.044034021658828658,19.801000595092773,10.137350082397461,0.49718001484870911,0.016982238739728928
1303140,38,r,57012.042999999998,39.375284582411687,4.4969840645347157,0.074406091969024923,6.9879999160766602,12.696298599243164,0.49718001484870911,0.016982238739728928
1303140,39,i,57012.044999999998,39.376620427120123,9.8925030305593538,0.048129623601689139,-5.7049999237060547,16.382139205932617,0.49718001484870911,0.016982238739728928
1303140,40,z,57012.046999999999,39.377956271828552,13.289383659411488,0.058406490056818715,6.0079998970031738,17.699956893920898,0.49718001484870911,0.016982238739728928
1303140,41,r,57014.044000000002,40.711797212929298,4.3523105099069328,0.076053545592728006,-1.5260000228881836,6.5904941558837891,0.49718001484870911,0.016982238739728928
1303140,42,i,57014.046000000002,40.713133057637727,9.4355387482432374,0.049878497495722277,11.326999664306641,7.0430445671081543,0.49718001484870911,0.016982238739728928
1303140,43,z,57014.048999999999,40.71513682469795,12.648177218592508,0.060836888703424005,16.336000442504883,8.9045944213867188,0.49718001484870911,0.016982238739728928
1303140,44,r,57018.088000000003,43.412875212831892,4.1283687699224991,0.086713973986405998,11.593999862670898,6.7438364028930664,0.49718001484870911,0.016982238739728928
1303140,45,i,57018.089999999997,43.414211057535461,8.6911408907960208,0.056014378749527576,5.3499999046325684,8.2832698822021484,0.49718001484870911,0.016982238739728928
1303140,46,z,57018.093000000001,43.416214824600544,11.580035903448174,0.065718547033526489,2.1630001068115234,9.8564691543579102,0.49718001484870911,0.016982238739728928
1948209,1,r,58130.059999999998,-10.698396173961166,70.893921576731003,0.066947120785560768,70.231002807617188,3.6419022083282471,0.37996000051498413,0.0092579536139965057
1948209,2,i,58132.044000000002,-9.2606733419489249,79.191390707054495,0.088223983893444019,79.499000549316406,2.0380749702453613,0.37996000051498413,0.0092579536139965057
1948209,3,z,58132.067000000003,-9.2440061921819279,71.951501703692614,0.10052094234572641,78.535003662109375,2.2400774955749512,0.37996000051498413,0.0092579536139965057
1948209,4,r,58137.059999999998,-5.6257853755411489,153.95186228672378,0.042619734352133357,154.25999450683594,1.5665361881256104,0.37996000051498413,0.0092579536139965057
1948209,5,i,58138.050999999999,-4.9076486182206649,138.53228002684864,0.069309583310856848,135.41000366210938,2.8693349361419678,0.37996000051498413,0.0092579536139965057
1948209,6,z,58138.076999999997,-4.8888074923993958,116.14587534476125,0.06328478869820843,126.62000274658203,3.5190494060516357,0.37996000051498413,0.0092579536139965057
1948209,7,r,58141.059000000001,-2.7278752922698541,180.0476351674391,0.036978472763513362,171.94000244140625,2.9033920764923096,0.37996000051498413,0.0092579536139965057
1948209,8,i,58142.057999999997,-2.0039412654695528,157.51107005055414,0.061366328288829444,153.83000183105469,4.6051335334777832,0.37996000051498413,0.0092579536139965057
1948209,9,z,58145.095999999998,0.1975718210450719,124.27016802321768,0.062153505728660428,127.90000152587891,3.0873024463653564,0.37996000051498413,0.0092579536139965057
1948209,10,r,58153.089,5.9897686941568447,155.08085594550568,0.027453823248719297,160.08999633789062,1.5759590864181519,0.37996000051498413,0.0092579536139965057
1948209,11,i,58153.112000000001,6.0064358439238417,153.12100471237017,0.03975703037076616,148.24000549316406,2.521259069442749,0.37996000051498413,0.0092579536139965057
1948209,12,r,58160.042000000001,11.028320534359869,111.08366050128974,0.037002983303998753,113.87999725341797,1.8774876594543457,0.37996000051498413,0.0092579536139965057
1948209,13,i,58161.050000000003,11.758776489333533,115.22177429351204,0.042643390022124701,106.37999725341797,2.6140029430389404,0.37996000051498413,0.0092579536139965057
1915087,1,r,58071.042000000001,-13.880560243303995,3.3211357643926793,0.87702982135327234,-1.156999945640564,4.5800843238830566,0.56216001510620117,0.0077774706296622753
1915087,2,i,58071.044000000002,-13.879279964727493,3.3431572498673732,0.83879554982495985,2.4119999408721924,6.4542889595031738,0.56216001510620117,0.0077774706296622753
1915087,3,z,58071.046999999999,-13.877359546865071,4.2518288095849579,0.78387451742007441,-7.8829998970031738,8.7231607437133789,0.56216001510620117,0.0077774706296622753
1915087,4,r,58076.108999999997,-10.636974470401602,14.402222624683105,0.47519141611798688,15.527999877929688,5.7328367233276367,0.56216001510620117,0.0077774706296622753
1915087,5,i,58076.110999999997,-10.635694191825101,12.683649594061526,0.40123772228215904,7.8899998664855957,7.9702234268188477,0.56216001510620117,0.0077774706296622753
1915087,6,z,58076.116999999998,-10.631853356095597,13.470206166085948,0.39274347859406178,0.27000001072883606,9.9633340835571289,0.56216001510620117,0.0077774706296622753
1915087,7,r,58081.116999999998,-7.4311569154943555,37.934171331537677,0.16836198406076114,45.397998809814453,4.3401498794555664,0.56216001510620117,0.0077774706296622753
1915087,8,i,58081.118999999999,-7.4298766369178546,31.6750140336326,0.13741115241061427,29.271999359130859,6.207909107208252,0.56216001510620117,0.0077774706296622753
1915087,9,z,58081.125,-7.42603580118835,30.555588622577499,0.16588460147437764,39.854999542236328,8.3898782730102539,0.56216001510620117,0.0077774706296622753
1915087,10,r,58085.112000000001,-4.873800459452287,61.411439599824668,0.099456019765746431,49.133998870849609,15.09881591796875,0.56216001510620117,0.0077774706296622753
1915087,11,i,58085.114000000001,-4.8725201808757852,50.772863844794351,0.074209855050561366,50.640998840332031,13.258243560791016,0.56216001510620117,0.0077774706296622753
1915087,12,z,58085.116999999998,-4.8705997630133622,46.989715965933954,0.10637860266547432,47.501998901367188,12.367729187011719,0.56216001510620117,0.0077774706296622753
1915087,13,r,58093.055999999997,0.21146604537232039,72.830974974738751,0.046233757252408893,74.629997253417969,3.9605200290679932,0.56216001510620117,0.0077774706296622753
1915087,14,i,58093.057999999997,0.2127463239488217,64.971374784768997,0.039751805829667863,62.38800048828125,5.9357080459594727,0.56216001510620117,0.0077774706296622753
1915087,15,z,58093.063999999998,0.21658715967832567,59.005931546335638,0.05391980213950634,55.313999176025391,8.1200780868530273,0.56216001510620117,0.0077774706296622753
1915087,16,r,58099.146000000001,4.1099143100270545,60.909222613544152,0.054703908497786051,53.826000213623047,9.6837596893310547,0.56216001510620117,0.0077774706296622753
1915087,17,i,58099.148000000001,4.1111945886035564,61.292036076657887,0.041923914633201699,46.257999420166016,23.341522216796875,0.56216001510620117,0.0077774706296622753
1915087,18,z,58099.150999999998,4.1131150064659794,56.33258207959836,0.056338304495591518,30.066999435424805,29.197364807128906,0.56216001510620117,0.0077774706296622753
1915087,19,r,58107.101999999999,9.2028624863106696,34.192321328785589,0.096388871653191474,34.844001770019531,4.6888546943664551,0.56216001510620117,0.0077774706296622753
1915087,20,i,58107.105000000003,9.2047829041777511,47.784680162820599,0.058600134010867409,43.067001342773438,6.1788601875305176,0.56216001510620117,0.0077774706296622753
1915087,21,z,58107.110000000001,9.2079836006166751,40.154511347260595,0.08524106448099722,55.076999664306641,8.7957115173339844,0.56216001510620117,0.0077774706296622753
1915087,22,r,58117.059000000001,15.576729378125361,12.857146340329718,0.1764062298759832,-7.499000072479248,16.015899658203125,0.56216001510620117,0.0077774706296622753
1915087,23,i,58117.061000000002,15.578009656701862,27.700179698030844,0.11081460611060766,31.993000030517578,13.167868614196777,0.56216001510620117,0.0077774706296622753
1915087,24,z,58117.065999999999,15.581210353140786,29.635146301696608,0.10175795967679839,37.705001831054688,13.149924278259277,0.56216001510620117,0.0077774706296622753
1915087,25,r,58127.050000000003,21.972361005735916,5.8097421996033525,0.15150552623660679,7.0019998550415039,5.0343608856201172,0.56216001510620117,0.0077774706296622753
1915087,26,i,58127.052000000003,21.973641284312418,14.310884129433768,0.17176948761526892,20.315000534057617,6.5909271240234375,0.56216001510620117,0.0077774706296622753
1915087,27,z,58127.057000000001,21.976841980751342,23.562237572387875,0.13809453853106995,28.898000717163086,9.5484323501586914,0.56216001510620117,0.0077774706296622753
1915087,28,r,58134.044000000002,26.44949518684815,4.5335887144552292,0.13242337081544353,15.076999664306641,7.0647401809692383,0.56216001510620117,0.0077774706296622753
1915087,29,i,58134.046000000002,26.450775465424652,9.2591974332541778,0.17562975895204547,13.89799976348877,8.2273616790771484,0.56216001510620117,0.0077774706296622753
1915087,30,z,58134.048999999999,26.452695883287078,17.308868052972141,0.1895302887182112,14.045000076293945,10.678645133972168,0.56216001510620117,0.0077774706296622753
1797044,1,r,57989.379000000001,-12.396109405847019,16.566221405007227,0.22524372815895194,15.569999694824219,3.6853249073028564,0.46788999438285828,0.021375931799411774
1797044,2,i,57989.402999999998,-12.379759406807954,16.856885069986483,0.12278030691687357,16.434000015258789,4.0136418342590332,0.46788999438285828,0.021375931799411774
1797044,3,z,57990.364999999998,-11.724396945260564,19.752159106044612,0.1085281254379455,21.224000930786133,4.1682906150817871,0.46788999438285828,0.021375931799411774
1797044,4,r,57994.267999999996,-9.0654783512692223,33.17058528893169,0.11254608044893147,32.590000152587891,3.109994649887085,0.46788999438285828,0.021375931799411774
1797044,5,z,57994.364999999998,-8.9993971051453574,32.90773233180952,0.065917137678472432,34.083999633789062,5.7179179191589355,0.46788999438285828,0.021375931799411774
1797044,6,i,57996.279999999999,-7.694803431689607,39.972279727576321,0.058606835281563942,39.120998382568359,6.421593189239502,0.46788999438285828,0.021375931799411774
1797044,7,r,57998.321000000004,-6.3043722632676111,50.031379313715689,0.055866311304526461,56.554000854492188,7.5570769309997559,0.46788999438285828,0.021375931799411774
1797044,8,z,57998.345999999998,-6.287341014270857,47.544108776291864,0.046350799994537589,48.331001281738281,5.8285074234008789,0.46788999438285828,0.021375931799411774
1797044,9,r,57999.256000000001,-5.667403550642268,53.555657755899915,0.052352983715165474,42.472000122070312,20.24891471862793,0.46788999438285828,0.021375931799411774
1797044,10,i,57999.273999999998,-5.6551410513642084,50.921997063214022,0.056052831556541137,44.333999633789062,4.8696985244750977,0.46788999438285828,0.021375931799411774
1797044,11,z,58003.231,-2.9594349595287732,58.132616018239446,0.039128194539572836,58.942001342773438,4.58880615234375,0.46788999438285828,0.021375931799411774
1797044,12,i,58008.373,0.54355233493920585,63.741505755130632,0.028046211472221097,63.314998626708984,4.5586175918579102,0.46788999438285828,0.021375931799411774
1797044,13,z,58009.317999999999,1.187333547166225,62.385271778555861,0.038151070377526748,61.856998443603516,4.32257080078125,0.46788999438285828,0.021375931799411774
1797044,14,r,58010.211000000003,1.7956897614744431,62.053269464440753,0.039040710687618468,64.954002380371094,1.9605683088302612,0.46788999438285828,0.021375931799411774
1797044,15,i,58015.264000000003,5.2380458094998978,58.881534155378517,0.03039042493999471,55.791000366210938,2.5225601196289062,0.46788999438285828,0.021375931799411774
1797044,16,z,58015.292000000001,5.2571208083796339,57.966165222155567,0.03832767769339146,62.73699951171875,4.7321639060974121,0.46788999438285828,0.021375931799411774
1797044,17,z,58019.226999999999,7.9378394010913818,51.148750519047297,0.03371984080529275,50.7760009765625,3.0309877395629883,0.46788999438285828,0.021375931799411774
1797044,18,r,58019.309000000001,7.9937018978152112,45.64988762391414,0.041809030795696887,45.383998870849609,1.806241512298584,0.46788999438285828,0.021375931799411774
1797044,19,i,58021.186999999998,9.2730893227472393,49.643839672392559,0.036349836350294831,50.967998504638672,3.4487848281860352,0.46788999438285828,0.021375931799411774
1797044,20,i,58028.296000000002,14.116095288594725,36.755517945411093,0.036329917420253585,30.316999435424805,3.6604602336883545,0.46788999438285828,0.021375931799411774
1797044,21,r,58036.139000000003,19.459138725101131,15.59239175167958,0.038812154696767583,19.400999069213867,4.8322820663452148,0.46788999438285828,0.021375931799411774
1797044,22,z,58036.150000000001,19.466632474660496,32.447134617107331,0.03756264677536704,40.668998718261719,5.3096895217895508,0.46788999438285828,0.021375931799411774
1797044,23,i,58036.249000000003,19.534076220704698,28.265950040994912,0.037428136377896853,23.346000671386719,3.1739580631256104,0.46788999438285828,0.021375931799411774
1797044,24,r,58040.161,22.199126064335069,12.049338267948054,0.049357609707637945,9.3909997940063477,2.1679835319519043,0.46788999438285828,0.021375931799411774
1797044,25,i,58040.201999999997,22.227057312694505,25.293744816603912,0.041793051195231808,24.827999114990234,2.6874561309814453,0.46788999438285828,0.021375931799411774
1797044,26,z,58040.239999999998,22.252944811175915,30.381153628836572,0.040116167515509907,32.507999420166016,3.4037172794342041,0.46788999438285828,0.021375931799411774
1797044,27,r,58045.122000000003,25.578807116039975,9.0852573698257171,0.066082131728520926,9.0100002288818359,2.7914638519287109,0.46788999438285828,0.021375931799411774
1797044,28,i,58045.127999999997,25.582894615796025,21.588654297074697,0.0424875228639029,19.766000747680664,2.7435908317565918,0.46788999438285828,0.021375931799411774
1797044,29,z,58045.18,25.61831961371978,27.59154110780015,0.052227083630365052,30.430999755859375,3.0610246658325195,0.46788999438285828,0.021375931799411774
1797044,30,z,58052.101999999999,30.333931837038236,22.500009294295733,0.054676986627386757,24.114999771118164,4.4126815795898438,0.46788999438285828,0.021375931799411774
1797044,31,r,58052.231,30.421813081882505,6.3889678026504768,0.081133212320665532,6.0780000686645508,2.1013143062591553,0.46788999438285828,0.021375931799411774
1797044,32,i,58052.262000000002,30.442931830645222,17.159844326153422,0.046818139467898749,19.709999084472656,2.534254789352417,0.46788999438285828,0.021375931799411774
1797044,33,r,58057.093999999997,33.7347316375009,5.3229344187148024,0.07429123672998221,13.961000442504883,4.9582128524780273,0.46788999438285828,0.021375931799411774
1797044,34,i,58057.118999999999,33.751762886502611,14.318619251946025,0.044549830376585733,17.832000732421875,3.3809554576873779,0.46788999438285828,0.021375931799411774
1797044,35,z,58057.131999999998,33.760619135982317,18.580117064148599,0.037366918830390887,19.261999130249023,3.4610605239868164,0.46788999438285828,0.021375931799411774
1797044,36,r,58064.110999999997,38.515062607022884,4.4694612254983745,0.063781148971852483,4.4840002059936523,10.816459655761719,0.46788999438285828,0.021375931799411774
1797044,37,i,58064.124000000003,38.523918856507542,11.255715568493827,0.038666966765039369,18.754999160766602,3.7937803268432617,0.46788999438285828,0.021375931799411774
1797044,38,z,58064.167999999998,38.553893854744999,14.446789321899956,0.042776875125668447,10.36400032043457,3.7163732051849365,0.46788999438285828,0.021375931799411774
1797044,39,r,58071.095000000001,43.27291232786677,3.9377849535019362,0.077733206310520039,5.7480001449584961,2.2321834564208984,0.46788999438285828,0.021375931799411774
1797044,40,i,58071.116000000002,43.287218577027808,9.4232790252069769,0.048486917273650933,8.7609996795654297,2.3869006633758545,0.46788999438285828,0.021375931799411774
1797044,41,z,58071.133999999998,43.299481076305874,11.933536613058392,0.052809896232878156,10.503000259399414,2.8944566249847412,0.46788999438285828,0.021375931799411774
1909375,1,g,58074.040000000001,-14.312066205087666,33.688229800165111,0.30135344296846006,21.305000305175781,1.93114173412323,0.33805000782012939,0.0084052402526140213
1909375,2,r,58076.279999999999,-12.637988265618695,71.366902332385379,0.10220483140247272,55.275001525878906,2.1744413375854492,0.33805000782012939,0.0084052402526140213
1909375,3,i,58076.298999999999,-12.623788497381941,62.219171704006875,0.17193229418633996,55.235000610351562,3.5831785202026367,0.33805000782012939,0.0084052402526140213
1909375,4,z,58079.095999999998,-10.533433141713758,85.203624265291495,0.12882448344626793,85.916000366210938,4.1907787322998047,0.33805000782012939,0.0084052402526140213
1909375,5,g,58079.150999999998,-10.492328549449756,95.068205588098863,0.1143497605204829,107.91000366210938,1.8377357721328735,0.33805000782012939,0.0084052402526140213
1909375,6,r,58082.201999999997,-8.2121447131445784,164.96752891456504,0.044906229992520412,162.05999755859375,1.9970700740814209,0.33805000782012939,0.0084052402526140213
1909375,7,i,58082.233999999997,-8.1882293140098508,143.14642466226911,0.075293294488028087,145.97000122070312,3.2708144187927246,0.33805000782012939,0.0084052402526140213
1909375,8,g,58084.231,-6.6957589367207246,184.86471767658355,0.048220440048448762,198.55999755859375,2.7762978076934814,0.33805000782012939,0.0084052402526140213
1909375,9,z,58084.262000000002,-6.6725908938064089,141.59636600949477,0.080702969307508962,148.03999328613281,3.9777703285217285,0.33805000782012939,0.0084052402526140213
1909375,10,r,58092.089,-0.82303373656026468,261.6724008086174,0.036221208543248944,274.82998657226562,7.612515926361084,0.33805000782012939,0.0084052402526140213
1909375,11,i,58092.110000000001,-0.80733925587725031,236.83827093048575,0.057310301008215755,239.78999328613281,5.4919047355651855,0.33805000782012939,0.0084052402526140213
1909375,12,z,58092.161999999997,-0.76847673228535762,160.99210263738544,0.072698903669936824,173.92999267578125,4.3311705589294434,0.33805000782012939,0.0084052402526140213
1909375,13,g,58093.046999999999,-0.10706647494839455,212.03626881238998,0.041600533233056493,224.27000427246094,2.2620017528533936,0.33805000782012939,0.0084052402526140213
1909375,14,r,58097.220999999998,3.0123983997606594,253.75272485834984,0.0264403835718061,243.42999267578125,2.3229079246520996,0.33805000782012939,0.0084052402526140213
1909375,15,i,58097.254999999997,3.0378085113416469,238.48439368932364,0.040389815728019529,235.75,3.0860991477966309,0.33805000782012939,0.0084052402526140213
1909375,16,z,58099.055999999997,4.3837970689244514,156.39407497320894,0.075444925107926344,159.88999938964844,4.5554747581481934,0.33805000782012939,0.0084052402526140213
1909375,17,g,58099.203999999998,4.4944057899259633,161.23012941842893,0.050155068610216097,162.69000244140625,2.4803242683410645,0.33805000782012939,0.0084052402526140213
1909375,18,r,58101.201999999997,5.9876235234355013,230.0793656890439,0.027161638576246601,220.6300048828125,2.079843282699585,0.33805000782012939,0.0084052402526140213
1909375,19,i,58101.235999999997,6.0130336350164884,220.65184004276796,0.040346327010865185,217.30000305175781,2.7752366065979004,0.33805000782012939,0.0084052402526140213
1909375,20,g,58107.144999999997,10.429161556592632,93.491897988776302,0.069375182550392697,95.527000427246094,1.7105684280395508,0.33805000782012939,0.0084052402526140213
1909375,21,z,58107.178999999996,10.454571668173619,110.72829115940498,0.078311242847633508,117.75,3.4387948513031006,0.33805000782012939,0.0084052402526140213
1909375,22,r,58108.175999999999,11.199685822484847,175.11184548578817,0.033553787382671951,170.16999816894531,1.4531311988830566,0.33805000782012939,0.0084052402526140213
1909375,23,i,58108.182999999997,11.204917316044039,169.05422599686156,0.049917366931018267,171.3699951171875,2.1429991722106934,0.33805000782012939,0.0084052402526140213
1909375,24,g,58112.186000000002,14.196584276627744,60.690746702951081,0.06739434052258178,58.321998596191406,1.6869355440139771,0.33805000782012939,0.0084052402526140213
1909375,25,z,58117.116999999998,17.881797812129413,89.905603507054622,0.093680640267222309,92.152000427246094,5.4317140579223633,0.33805000782012939,0.0084052402526140213
1909375,26,r,58117.129999999997,17.891513443027389,104.94759001883244,0.044104185835167058,102.33999633789062,6.0227432250976562,0.33805000782012939,0.0084052402526140213
1909375,27,i,58117.144999999997,17.90272378637162,127.66943142140872,0.053390268775762237,125.90000152587891,5.278656005859375,0.33805000782012939,0.0084052402526140213
1909375,28,g,58122.076999999997,21.588684678099142,26.114285396597381,0.083312248315577056,26.917999267578125,4.3214359283447266,0.33805000782012939,0.0084052402526140213
1909375,29,r,58124.099000000002,23.099838960963801,68.552883439491993,0.05617284253584514,69.358001708984375,1.2902123928070068,0.33805000782012939,0.0084052402526140213
1909375,30,i,58124.124000000003,23.118522866539337,111.11529007467389,0.051416406516953825,117.97000122070312,1.944767951965332,0.33805000782012939,0.0084052402526140213
1909375,31,g,58126.173000000003,24.649855767420355,18.83984496345678,0.10552730957757728,18.040000915527344,2.8528232574462891,0.33805000782012939,0.0084052402526140213
1909375,32,r,58130.059999999998,27.554829406131837,49.164041298630067,0.065317697669814739,52.766998291015625,4.0598330497741699,0.33805000782012939,0.0084052402526140213
1909375,33,i,58132.044000000002,29.037584152522992,89.051741227905396,0.05488000378728683,92.138999938964844,2.847320556640625,0.33805000782012939,0.0084052402526140213
1909375,34,z,58132.063999999998,29.052531276980158,87.393926474504696,0.085227780579367654,95.458999633789062,4.0713648796081543,0.33805000782012939,0.0084052402526140213
1909375,35,g,58133.067000000003,29.802129568630164,13.682390175667681,0.15161681029443622,16.71299934387207,2.242870569229126,0.33805000782012939,0.0084052402526140213
1909375,36,r,58137.059999999998,32.786322966977131,35.158524689324828,0.069783783493754026,35.090000152587891,1.6856848001480103,0.33805000782012939,0.0084052402526140213
1909375,37,i,58138.050999999999,33.526952983949577,70.63852730807227,0.051802301277746078,68.883003234863281,3.7739012241363525,0.33805000782012939,0.0084052402526140213
1909375,38,z,58138.076999999997,33.546384245745521,69.920146994124565,0.056540830212730764,79.952003479003906,4.7297544479370117,0.33805000782012939,0.0084052402526140213
1909375,39,g,58139.07,34.288508975164227,10.82773740916266,0.16157172176654508,7.9749999046325684,1.7555834054946899,0.33805000782012939,0.0084052402526140213
1909375,40,r,58141.059000000001,35.775000502668313,30.032084860027158,0.082402550374134492,30.590000152587891,3.2767715454101562,0.33805000782012939,0.0084052402526140213
1909375,41,i,58142.057000000001,36.520862013199952,60.514670076457882,0.059467692150342602,56.208000183105469,5.7517075538635254,0.33805000782012939,0.0084052402526140213
1909375,42,g,58143.076000000001,37.282418004414609,9.6335703209518755,0.16104463033647948,19.639999389648438,10.56050968170166,0.33805000782012939,0.0084052402526140213
1909375,43,z,58145.095999999998,38.792077574827573,49.92024158102808,0.061516929901077579,51.002998352050781,4.2278938293457031,0.33805000782012939,0.0084052402526140213
1909375,44,r,58153.089,44.765695865091566,22.753160783524123,0.090851860631722042,22.868999481201172,1.6475827693939209,0.33805000782012939,0.0084052402526140213
1909375,45,i,58153.112999999998,44.783632414441257,43.241064560846262,0.07455225047785638,45.279998779296875,2.9614536762237549,0.33805000782012939,0.0084052402526140213
1912110,1,r,58076.108999999997,-13.261611619106935,27.119146573870442,0.23011854310319832,21.468000411987305,5.5938115119934082,0.53873002529144287,0.0057114288210868835
1912110,2,i,58076.110999999997,-13.260311845938457,26.559262229099236,0.14789012567252566,22.118999481201172,7.4536709785461426,0.53873002529144287,0.0057114288210868835
1912110,3,z,58076.116999999998,-13.256412526433017,25.928306381917231,0.14260508849716241,11.515000343322754,9.1569967269897461,0.53873002529144287,0.0057114288210868835
1912110,4,r,58081.116999999998,-10.006979605896502,52.81183299526171,0.11588248194363125,61.537998199462891,4.2387614250183105,0.53873002529144287,0.0057114288210868835
1912110,5,i,58081.118999999999,-10.005679832728022,51.41325567917935,0.079860412079917523,58.868999481201172,5.8877182006835938,0.53873002529144287,0.0057114288210868835
1912110,6,z,58081.125,-10.001780513222585,50.336631396817836,0.079388234673481758,50.929000854492188,7.7275848388671875,0.53873002529144287,0.0057114288210868835
1912110,7,r,58085.112000000001,-7.4106827023861239,74.709684966600321,0.071154668503484286,45.727001190185547,14.746129989624023,0.53873002529144287,0.0057114288210868835
1912110,8,i,58085.114000000001,-7.4093829292176441,72.244763757938003,0.057011395628495054,73.334999084472656,12.08554744720459,0.53873002529144287,0.0057114288210868835
1912110,9,z,58085.116999999998,-7.4074332694672895,70.958460975776916,0.05939702728786752,73.207000732421875,11.195005416870117,0.53873002529144287,0.0057114288210868835
1912110,10,r,58093.055999999997,-2.2479836782403932,97.230780566713221,0.04991151104598486,96.859001159667969,3.8456771373748779,0.53873002529144287,0.0057114288210868835
1912110,11,i,58093.057999999997,-2.2466839050719138,94.065621273136983,0.045078087419901776,88.241996765136719,5.5149245262145996,0.53873002529144287,0.0057114288210868835
1912110,12,z,58093.063999999998,-2.2427845855664756,98.528864786136182,0.045961220552589735,112.11000061035156,7.2582259178161621,0.53873002529144287,0.0057114288210868835
1912110,13,r,58099.146000000001,1.7098256189755419,94.079186530296695,0.045782187838184107,112.75,9.2636928558349609,0.53873002529144287,0.0057114288210868835
1912110,14,i,58099.148000000001,1.7111253921440213,94.868193311127001,0.037643725764909951,87.758003234863281,20.447559356689453,0.53873002529144287,0.0057114288210868835
1912110,15,z,58099.150999999998,1.713075051894376,105.30763562293046,0.036199456707682785,94.780998229980469,25.406034469604492,0.53873002529144287,0.0057114288210868835
1912110,16,r,58107.101999999999,6.8803232821321485,77.931803374336582,0.056296959910708641,74,4.3512272834777832,0.53873002529144287,0.0057114288210868835
1912110,17,i,58107.105000000003,6.8822729418872317,85.111101384631183,0.029152644985929115,78.694999694824219,5.5996003150939941,0.53873002529144287,0.0057114288210868835
1912110,18,z,58107.110000000001,6.8855223748060661,91.578741550554184,0.037227084147198115,106.54000091552734,7.7275848388671875,0.53873002529144287,0.0057114288210868835
1912110,19,r,58117.059000000001,13.351244000089967,48.673285196957174,0.051469337510456341,49.326000213623047,14.764692306518555,0.53873002529144287,0.0057114288210868835
1912110,20,i,58117.061000000002,13.352543773258445,64.013797149001192,0.040722278745100406,54.481998443603516,11.84471607208252,0.53873002529144287,0.0057114288210868835
1912110,21,z,58117.065999999999,13.35579320617728,60.56409445223305,0.056234880604552215,49.948001861572266,12.043893814086914,0.53873002529144287,0.0057114288210868835
1912110,22,r,58127.050000000003,19.844260861907205,25.254905775951208,0.059267274355215963,30.02400016784668,4.6340298652648926,0.53873002529144287,0.0057114288210868835
1912110,23,i,58127.052000000003,19.845560635075685,46.052009766337505,0.049470059375275821,42.431999206542969,6.4067702293395996,0.53873002529144287,0.0057114288210868835
1912110,24,z,58127.057000000001,19.848810067994517,49.338435811577128,0.06118034686702211,32.942001342773438,8.6988668441772461,0.53873002529144287,0.0057114288210868835
1912110,25,r,58134.044000000002,24.38956763115289,16.178234017089615,0.083013140652431205,24.35099983215332,6.9674234390258789,0.53873002529144287,0.0057114288210868835
1912110,26,i,58134.046000000002,24.390867404321369,35.892817291573863,0.057025231757214939,35.400001525878906,7.9331340789794922,0.53873002529144287,0.0057114288210868835
1912110,27,z,58134.048999999999,24.392817064071721,46.402674994653452,0.063611083065457596,37.555999755859375,9.611760139465332,0.53873002529144287,0.0057114288210868835
1901115,1,g,58057.080000000002,-12.992461989657023,17.31196644384088,0.37021114817283968,47.798000335693359,15.185181617736816,0.29978999495506287,0.023084079846739769
1901115,2,r,58057.082000000002,-12.990923279551414,29.877713855501423,0.15536321242335727,38.731998443603516,12.438946723937988,0.29978999495506287,0.023084079846739769
1901115,3,i,58057.084000000003,-12.989384569445805,34.744701885509961,0.15397863954939728,30.288000106811523,11.058334350585938,0.29978999495506287,0.023084079846739769
1901115,4,z,58057.089999999997,-12.984768439134575,33.542432281436419,0.21903256748992678,33.721000671386719,11.053620338439941,0.29978999495506287,0.023084079846739769
1901115,5,g,58064.063999999998,-7.6192863019658779,64.093465498261509,0.094339388476735203,64.126998901367188,4.0458827018737793,0.29978999495506287,0.023084079846739769
1901115,6,r,58064.067000000003,-7.6169782368046652,96.925264806457747,0.052551239186424473,89.417999267578125,5.6167850494384766,0.29978999495506287,0.023084079846739769
1901115,7,i,58064.069000000003,-7.6154395266990553,109.07610876362675,0.049218371358152921,106.75,8.6265220642089844,0.29978999495506287,0.023084079846739769
1901115,8,z,58064.074000000001,-7.611592751437831,98.485093373428469,0.075795843404024427,113.43000030517578,11.786227226257324,0.29978999495506287,0.023084079846739769
1901115,9,g,58071.067999999999,-2.230723513218638,101.72644136359348,0.053640625845236961,104.68000030517578,4.2733268737792969,0.29978999495506287,0.023084079846739769
1901115,10,r,58071.07,-2.2291848031130286,155.70395545885791,0.03727635523332519,157.08000183105469,5.2973151206970215,0.29978999495506287,0.023084079846739769
1901115,11,i,58071.072,-2.2276460930074191,174.58576970669404,0.031378955722533186,179.25,7.4177408218383789,0.29978999495506287,0.023084079846739769
1901115,12,z,58071.074999999997,-2.2253380278518038,128.85657050934918,0.058228967034357551,142.07000732421875,8.9275112152099609,0.29978999495506287,0.023084079846739769
1901115,13,g,58076.135999999999,1.6683678936009041,93.427160195206156,0.043747445705644275,100.83000183105469,3.737520694732666,0.29978999495506287,0.023084079846739769
1901115,14,r,58076.137999999999,1.6699066037065136,160.45684932217836,0.020707114048701326,153.82000732421875,4.7682633399963379,0.29978999495506287,0.023084079846739769
1901115,15,i,58076.139999999999,1.671445313812123,186.23015737164113,0.028346143043464063,176.30000305175781,7.3203730583190918,0.29978999495506287,0.023084079846739769
1901115,16,z,58076.142,1.6729840239177325,125.4658118033398,0.056549306889923587,127.83000183105469,9.2609481811523438,0.29978999495506287,0.023084079846739769
1901115,17,g,58082.074999999997,6.2375675512762294,66.140049576379525,0.045522331375327622,61.981998443603516,6.1497416496276855,0.29978999495506287,0.023084079846739769
1901115,18,r,58082.076999999997,6.2391062613818393,140.12569419337262,0.027831395092860121,137.52000427246094,6.8029031753540039,0.29978999495506287,0.023084079846739769
1901115,19,i,58082.080000000002,6.2414143265430528,162.54093488515926,0.025176070591515706,158.16999816894531,9.7141885757446289,0.29978999495506287,0.023084079846739769
1901115,20,z,58082.082000000002,6.2429530366486619,107.18637075623062,0.050785963258456017,95.138999938964844,12.47700309753418,0.29978999495506287,0.023084079846739769
1901115,21,g,58092.048000000003,13.910345491338928,27.274524730555882,0.073647593727960856,47.304000854492188,16.039190292358398,0.29978999495506287,0.023084079846739769
1901115,22,r,58092.050000000003,13.911884201444538,88.057078365475192,0.033739268598488532,96.016998291015625,12.363044738769531,0.29978999495506287,0.023084079846739769
1901115,23,i,58092.052000000003,13.913422911550148,104.04083307467729,0.032514074883634267,104.43000030517578,13.401091575622559,0.29978999495506287,0.023084079846739769
1901115,24,z,58092.057999999997,13.918039041861379,68.724459332762251,0.066090954500786656,69.903999328613281,11.469521522521973,0.29978999495506287,0.023084079846739769
1901115,25,g,58097.116999999998,17.810206253208477,16.545870338393335,0.11673516920045064,9.3979997634887695,4.0185451507568359,0.29978999495506287,0.023084079846739769
1901115,26,r,58097.118999999999,17.811744963314087,65.369232119839126,0.04467867112593997,57.630001068115234,5.7515969276428223,0.29978999495506287,0.023084079846739769
1901115,27,i,58097.120999999999,17.813283673419697,93.309331349903843,0.035727103595590663,101.11000061035156,9.5230159759521484,0.29978999495506287,0.023084079846739769
1901115,28,z,58097.124000000003,17.81559173858091,70.882912078755751,0.064424219172369346,77.2239990234375,11.448009490966797,0.29978999495506287,0.023084079846739769
1901115,29,g,58102.040999999997,21.598510532446529,10.916514579591173,0.071198747013040867,12.854000091552734,8.8276777267456055,0.29978999495506287,0.023084079846739769
1901115,30,r,58102.042999999998,21.600049242552135,48.783910393646167,0.045589962389021139,38.571998596191406,10.438292503356934,0.29978999495506287,0.023084079846739769
1901115,31,i,58102.044999999998,21.601587952657745,86.448987918221377,0.03304272798383167,87.880996704101562,12.042696952819824,0.29978999495506287,0.023084079846739769
1901115,32,z,58102.050000000003,21.605434727924568,73.954860915046183,0.05405772958772128,81.405998229980469,11.30937671661377,0.29978999495506287,0.023084079846739769
1901115,33,g,58109.055999999997,26.995536226771822,7.1773823723386885,0.11982969303771765,7.4039998054504395,2.9053809642791748,0.29978999495506287,0.023084079846739769
1901115,34,r,58109.059000000001,26.997844291933035,32.58612304063864,0.055833256556941692,33.91400146484375,3.8993492126464844,0.29978999495506287,0.023084079846739769
1901115,35,i,58109.061000000002,26.999383002038645,69.974017262638995,0.049715375027093688,67.648002624511719,5.2388463020324707,0.29978999495506287,0.023084079846739769
1901115,36,z,58109.063000000002,27.000921712144255,67.285985702427979,0.072219108724623463,77.444999694824219,6.6424508094787598,0.29978999495506287,0.023084079846739769
1901115,37,g,58113.063000000002,30.078341922736264,6.0430503128652351,0.13685690593539565,24.659999847412109,6.7905216217041016,0.29978999495506287,0.023084079846739769
1901115,38,r,58113.065000000002,30.079880632841874,26.415584550586377,0.06630450338470599,27.853000640869141,6.5298805236816406,0.29978999495506287,0.023084079846739769
1901115,39,i,58113.067999999999,30.082188697997491,59.315246292130148,0.055818300018188279,68.120002746582031,7.2087569236755371,0.29978999495506287,0.023084079846739769
1901115,40,z,58113.07,30.083727408103098,58.317391163407805,0.078842829365252359,56.816001892089844,8.198491096496582,0.29978999495506287,0.023084079846739769
1901115,41,g,58122.099999999999,37.031003533513669,4.5287769843594843,0.12314823601171755,11.057000160217285,14.410995483398438,0.29978999495506287,0.023084079846739769
1901115,42,r,58122.103000000003,37.033311598674885,19.008247480188338,0.052060742934981544,36.790000915527344,9.3235454559326172,0.29978999495506287,0.023084079846739769
1901115,43,i,58122.105000000003,37.034850308780491,40.923063676793426,0.032742952638937471,36.658000946044922,9.4767065048217773,0.29978999495506287,0.023084079846739769
1901115,44,z,58122.107000000004,37.036389018886105,37.366195735619009,0.050726345312984956,52.030998229980469,8.6610002517700195,0.29978999495506287,0.023084079846739769
1901115,45,g,58129.055999999997,42.382637279731881,4.1047405689372125,0.111838446786378,9.8430004119873047,3.399634838104248,0.29978999495506287,0.023084079846739769
1901115,46,r,58129.059000000001,42.384945344893097,16.051434152068612,0.047606499431734478,14.178999900817871,4.6221222877502441,0.29978999495506287,0.023084079846739769
1901115,47,i,58129.061000000002,42.386484054998704,33.296821107727801,0.042074769041630572,41.870998382568359,6.5699310302734375,0.29978999495506287,0.023084079846739769
1901115,48,z,58129.065999999999,42.390330830259927,28.074467696510862,0.068905561487029948,20.534000396728516,9.6051416397094727,0.29978999495506287,0.023084079846739769
1341426,1,r,57366.040999999997,-9.7124300692579926,36.202697485108949,0.11756643316866711,34.863998413085938,3.9112589359283447,0.55431997776031494,0.0062008872628211975
1341426,2,i,57366.042999999998,-9.7111433329173273,33.840568575005335,0.070641550771000233,39.395000457763672,5.3557305335998535,0.55431997776031494,0.0062008872628211975
1341426,3,z,57366.044999999998,-9.7098565965766621,31.996735473957404,0.07549233765747268,35.247001647949219,7.3454842567443848,0.55431997776031494,0.0062008872628211975
1341426,4,r,57373.038,-5.2107829823529546,65.257675516248625,0.048993891658660894,55.129001617431641,8.8024454116821289,0.55431997776031494,0.0062008872628211975
1341426,5,i,57373.040000000001,-5.2094962460122884,59.959019243223544,0.053328809101173255,59.360000610351562,10.113852500915527,0.55431997776031494,0.0062008872628211975
1341426,6,z,57373.042999999998,-5.2075661415036301,57.379335292642686,0.044050049390241527,51.827999114990234,11.681315422058105,0.55431997776031494,0.0062008872628211975
1341426,7,r,57385.095000000001,2.5463070457724881,68.139549014381927,0.042270998695314699,76.603996276855469,5.3315191268920898,0.55431997776031494,0.0062008872628211975
1341426,8,i,57385.097000000002,2.5475937821131542,67.159713515136275,0.031551776020216485,64.474998474121094,6.1301407814025879,0.55431997776031494,0.0062008872628211975
1341426,9,z,57385.099999999999,2.5495238866218126,70.053320833663776,0.037705178980138282,67.623001098632812,8.111577033996582,0.55431997776031494,0.0062008872628211975
1341426,10,r,57389.059999999998,5.097261840621,60.840976752210388,0.046422572869274932,66,5.071753978729248,0.55431997776031494,0.0062008872628211975
1341426,11,i,57389.061999999998,5.0985485769616661,63.382338235051932,0.033133982973921471,51.097999572753906,6.977959156036377,0.55431997776031494,0.0062008872628211975
1341426,12,z,57389.063999999998,5.0998353133023322,65.321431294883979,0.039409708413031347,63.743000030517578,11.46565055847168,0.55431997776031494,0.0062008872628211975
1341426,13,r,57396.046999999999,9.5924752458227083,45.421115275232921,0.052560397716533848,35.765998840332031,5.7834682464599609,0.55431997776031494,0.0062008872628211975
1341426,14,i,57396.048999999999,9.5937619821633753,54.001607785718996,0.036603320466305177,53.0989990234375,7.2788310050964355,0.55431997776031494,0.0062008872628211975
1341426,15,z,57396.050999999999,9.5950487185040405,51.462665453249265,0.037697455703001877,49.645999908447266,10.94526481628418,0.55431997776031494,0.0062008872628211975
1341426,16,r,57403.046999999999,14.096052437236406,28.884290874720534,0.050765103090620191,26.784999847412109,5.5733327865600586,0.55431997776031494,0.0062008872628211975
1341426,17,i,57403.048999999999,14.097339173577073,42.351956457296332,0.036199662647027765,49.931999206542969,6.4351487159729004,0.55431997776031494,0.0062008872628211975
1341426,18,z,57403.050999999999,14.098625909917738,38.280464412522896,0.049027847438898528,55.125999450683594,8.6738080978393555,0.55431997776031494,0.0062008872628211975
1327978,1,z,57290.07,-14.689466400517432,52.188450726542222,0.26123103601183217,9.2349996566772461,36.567115783691406,0.20785999298095703,0.0061578280292451382
1327978,2,g,57291.078999999998,-13.854104681558583,73.07348738280983,0.24508392856188835,75.103996276855469,57.194793701171875,0.20785999298095703,0.0061578280292451382
1327978,3,r,57291.080999999998,-13.852448860509762,86.909790673670969,0.15261060077091385,87.150001525878906,30.075212478637695,0.20785999298095703,0.0061578280292451382
1327978,4,i,57291.082999999999,-13.850793039460941,87.540344826252834,0.15288506887372746,86.163002014160156,27.470666885375977,0.20785999298095703,0.0061578280292451382
1327978,5,z,57291.086000000003,-13.848309307884696,68.81168399226226,0.21140552007532309,71.875,20.028125762939453,0.20785999298095703,0.0061578280292451382
1327978,6,r,57297.044999999998,-8.9147904939295479,258.29860842970379,0.051758526681856182,247.75999450683594,17.563425064086914,0.20785999298095703,0.0061578280292451382
1327978,7,i,57297.048000000003,-8.9123067623533032,250.61232091248317,0.060489041158971822,232.80999755859375,32.720672607421875,0.20785999298095703,0.0061578280292451382
1327978,8,z,57297.050000000003,-8.9106509413044819,193.10317726502842,0.10095998352621571,174.42999267578125,36.254203796386719,0.20785999298095703,0.0061578280292451382
1327978,9,g,57301.046000000002,-5.602320486433471,361.00545627393728,0.042478763840389386,357.75,12.321601867675781,0.20785999298095703,0.0061578280292451382
1327978,10,r,57301.048999999999,-5.5998367548632499,397.07309519787492,0.046048370533966487,379.54998779296875,25.169326782226562,0.20785999298095703,0.0061578280292451382
1327978,11,i,57301.050999999999,-5.5981809338144286,372.24573421520137,0.042554377383142425,453.75,52.063819885253906,0.20785999298095703,0.0061578280292451382
1327978,12,z,57301.053,-5.5965251127656064,278.87856208838281,0.069692641476893788,397.92999267578125,52.932682037353516,0.20785999298095703,0.0061578280292451382
1327978,13,g,57305.063999999998,-2.275776000031446,411.83165395465863,0.038138588872357208,424.1400146484375,13.314271926879883,0.20785999298095703,0.0061578280292451382
1327978,14,r,57305.065999999999,-2.2741201789826242,468.45549292882208,0.039528239316553485,490.48001098632812,20.480297088623047,0.20785999298095703,0.0061578280292451382
1327978,15,i,57305.067999999999,-2.2724643579338024,415.5185356217446,0.039169219117732933,430.69000244140625,36.292312622070312,0.20785999298095703,0.0061578280292451382
1327978,16,z,57305.071000000004,-2.2699806263575582,279.37478522137377,0.075155938290156307,302.8599853515625,43.498260498046875,0.20785999298095703,0.0061578280292451382
1327978,17,g,57311.019999999997,2.6552590823534823,375.97047718951774,0.036243948565033067,375.25,8.8177547454833984,0.20785999298095703,0.0061578280292451382
1327978,18,r,57311.023000000001,2.6577428139297266,484.60501506108574,0.024428037125409873,475.6300048828125,12.773077964782715,0.20785999298095703,0.0061578280292451382
1327978,19,i,57311.025000000001,2.6593986349785483,428.61798036163952,0.039338530592433911,379.01998901367188,21.266504287719727,0.20785999298095703,0.0061578280292451382
1327978,20,z,57311.027999999998,2.661882366548769,242.09079817320571,0.066576820791518318,230.85000610351562,22.927255630493164,0.20785999298095703,0.0061578280292451382
1327978,21,g,57315.163,6.085292384291801,307.03034916259298,0.036050779814338248,309.04998779296875,13.945971488952637,0.20785999298095703,0.0061578280292451382
1327978,22,r,57315.165999999997,6.0877761158620221,440.42269819503343,0.026804460877261113,473.02999877929688,20.501626968383789,0.20785999298095703,0.0061578280292451382
1327978,23,i,57315.167999999998,6.0894319369108434,388.45349331175646,0.032619987072033459,368.989990234375,34.289443969726562,0.20785999298095703,0.0061578280292451382
1327978,24,z,57315.171000000002,6.0919156684870881,209.97201085874883,0.067231239317037686,195.16999816894531,27.319305419921875,0.20785999298095703,0.0061578280292451382
1327978,25,r,57325.012000000002,14.239383137554508,280.38784141415573,0.030843311512460208,261.6099853515625,10.725403785705566,0.20785999298095703,0.0061578280292451382
1327978,26,i,57325.014000000003,14.24103895860333,246.76041775319914,0.045759452851978473,235.47000122070312,17.866786956787109,0.20785999298095703,0.0061578280292451382
1327978,27,z,57325.016000000003,14.242694779652151,135.25937407762157,0.1132838244371982,155.50999450683594,20.205314636230469,0.20785999298095703,0.0061578280292451382
1327978,28,g,57329.027999999998,17.564271802907712,92.731064934856391,0.068880133324853973,98.209999084472656,6.8098545074462891,0.20785999298095703,0.0061578280292451382
1327978,29,r,57329.031000000003,17.566755534483956,236.06031810637441,0.035887242639746901,229.83000183105469,11.219547271728516,0.20785999298095703,0.0061578280292451382
1327978,30,i,57329.033000000003,17.568411355532778,228.50907805275125,0.048778796808058647,218.3699951171875,18.633977890014648,0.20785999298095703,0.0061578280292451382
1327978,31,z,57329.035000000003,17.570067176581599,141.79628400954968,0.10094031395152388,121.76999664306641,23.291059494018555,0.20785999298095703,0.0061578280292451382
1327978,32,g,57334.224000000002,21.866094886872933,57.898577224217334,0.057861219252698617,64.560997009277344,8.1513471603393555,0.20785999298095703,0.0061578280292451382
1327978,33,r,57334.226000000002,21.867750707921754,195.47893575756595,0.035236933407286286,199.32000732421875,10.033958435058594,0.20785999298095703,0.0061578280292451382
1327978,34,i,57334.228000000003,21.869406528970575,216.6482479689594,0.040648677410847302,237.22999572753906,13.330246925354004,0.20785999298095703,0.0061578280292451382
1327978,35,z,57334.231,21.871890260540795,158.63859100749082,0.085839087848967655,171.91999816894531,15.26661491394043,0.20785999298095703,0.0061578280292451382
1327978,36,g,57340.063000000002,26.700264437922876,38.154612191940963,0.085561108925854695,30.284000396728516,6.4176454544067383,0.20785999298095703,0.0061578280292451382
1327978,37,r,57340.065999999999,26.702748169493095,156.25308939964626,0.037764726060252461,136.02000427246094,8.235133171081543,0.20785999298095703,0.0061578280292451382
1327978,38,i,57340.067999999999,26.70440399054192,194.22719775538587,0.051993849196845264,182.80999755859375,13.729960441589355,0.20785999298095703,0.0061578280292451382
1327978,39,z,57340.07,26.706059811590741,167.03779174455954,0.076213994743623198,177.14999389648438,16.173299789428711,0.20785999298095703,0.0061578280292451382
1327978,40,g,57342.021000000001,28.321313244387973,34.516695323567703,0.094529214645461324,22.009000778198242,6.0046114921569824,0.20785999298095703,0.0061578280292451382
1327978,41,r,57342.023999999998,28.323796975958192,145.13663102238746,0.040427137036264715,172.92999267578125,8.563969612121582,0.20785999298095703,0.0061578280292451382
1327978,42,i,57342.025999999998,28.325452797007014,184.42136039456139,0.054552912741190625,363.42999267578125,72.346084594726562,0.20785999298095703,0.0061578280292451382
1327978,43,z,57342.027999999998,28.327108618055835,165.23256021359225,0.087668306373704749,220.21000671386719,18.676580429077148,0.20785999298095703,0.0061578280292451382
1327978,44,g,57347.076000000001,32.50640094443235,26.593772048209598,0.083067221969390384,19.38599967956543,16.635898590087891,0.20785999298095703,0.0061578280292451382
1327978,45,r,57347.078999999998,32.508884676002573,115.55608249312962,0.036690857362882037,109.63999938964844,18.718799591064453,0.20785999298095703,0.0061578280292451382
1327978,46,i,57347.080999999998,32.510540497051394,149.38623515158767,0.034696303737418673,148.63999938964844,17.76793098449707,0.20785999298095703,0.0061578280292451382
1327978,47,z,57347.084000000003,32.513024228627636,144.33603129928957,0.061532936412215786,148.03999328613281,16.177068710327148,0.20785999298095703,0.0061578280292451382
1327978,48,g,57356.120000000003,39.994023725679874,20.087843822698339,0.080291055866831454,22.680999755859375,5.8866019248962402,0.20785999298095703,0.0061578280292451382
1327978,49,r,57356.122000000003,39.995679546728695,80.522838774443329,0.034860300708204818,85.397003173828125,7.0779848098754883,0.20785999298095703,0.0061578280292451382
1327978,50,i,57356.125,39.998163278298918,97.062056566146452,0.044045038587364402,101.15000152587891,11.391849517822266,0.20785999298095703,0.0061578280292451382
1327978,51,z,57356.127,39.999819099347739,94.208154886399555,0.062939060286673565,79.925003051757812,10.829324722290039,0.20785999298095703,0.0061578280292451382
1338471,1,r,57329.171000000002,-13.815708242727709,5.8128851532383052,0.51628038354667904,3.753000020980835,6.0742092132568359,0.53228002786636353,0.028080224990844727
1338471,2,i,57329.173000000003,-13.814402998278892,5.2630910645549687,0.49406660346877851,6.070000171661377,7.7486448287963867,0.53228002786636353,0.028080224990844727
1338471,3,z,57329.175000000003,-13.813097753830073,5.2856468373563521,0.54931494135176517,15.496000289916992,11.315250396728516,0.53228002786636353,0.028080224990844727
1338471,4,r,57339.120000000003,-7.322769733404388,40.303059633238718,0.12614779935601747,41.417999267578125,8.9837665557861328,0.53228002786636353,0.028080224990844727
1338471,5,i,57339.122000000003,-7.32146448895557,31.97983539754685,0.11231069719270251,27.676000595092773,9.9966697692871094,0.53228002786636353,0.028080224990844727
1338471,6,z,57339.124000000003,-7.320159244506752,31.041446217088357,0.12698608638355985,40.005001068115234,12.424159049987793,0.53228002786636353,0.028080224990844727
1338471,7,r,57345.228999999999,-3.3359005653037834,66.409649155025292,0.073395825765076458,68.4219970703125,7.1692957878112793,0.53228002786636353,0.028080224990844727
1338471,8,i,57345.231,-3.3345953208549655,52.493421131401099,0.06560888872281613,36.040000915527344,9.8933963775634766,0.53228002786636353,0.028080224990844727
1338471,9,z,57345.233999999997,-3.3326374541841122,50.253372078023844,0.077965355599379393,58.258998870849609,14.688087463378906,0.53228002786636353,0.028080224990844727
1338471,10,r,57355.212,3.1792270996446979,63.046701307207485,0.045160131810258783,68.797996520996094,9.5046262741088867,0.53228002786636353,0.028080224990844727
1338471,11,i,57355.214,3.1805323440935158,56.321856522178372,0.03696454410214451,51.244998931884766,8.7803363800048828,0.53228002786636353,0.028080224990844727
1338471,12,z,57355.216999999997,3.1824902107643687,55.632759085724196,0.050284535724004299,52.356998443603516,9.1666049957275391,0.53228002786636353,0.028080224990844727
1338471,13,r,57365.110000000001,9.638881875530279,35.392217788866255,0.070433370056842859,34.180999755859375,3.4346871376037598,0.53228002786636353,0.028080224990844727
1338471,14,i,57365.112000000001,9.6401871199790978,42.427304792807526,0.05773713520845055,46.550998687744141,4.5492515563964844,0.53228002786636353,0.028080224990844727
1338471,15,z,57365.114999999998,9.6421449866499511,36.746282349228764,0.072263180611755684,38.922000885009766,5.4072980880737305,0.53228002786636353,0.028080224990844727
1338471,16,r,57372.101999999999,14.20201646766775,19.441583066549235,0.091832343907190472,12.569000244140625,5.8746175765991211,0.53228002786636353,0.028080224990844727
1338471,17,i,57372.103999999999,14.203321712116567,30.948288784110492,0.077829256430373278,26.867000579833984,6.5156211853027344,0.53228002786636353,0.028080224990844727
1338471,18,z,57372.107000000004,14.205279578792169,28.661919266199874,0.080312748338400894,35.395999908447266,8.5067501068115234,0.53228002786636353,0.028080224990844727
1338471,19,r,57385.067000000003,22.663263605409934,7.2609873980953905,0.08787269638679561,10.663000106811523,3.9544796943664551,0.53228002786636353,0.028080224990844727
1338471,20,i,57385.069000000003,22.664568849858753,16.166550415248217,0.1167355155127163,16.938999176025391,5.7415914535522461,0.53228002786636353,0.028080224990844727
1338471,21,z,57385.071000000004,22.665874094307572,21.757252115082093,0.11044516859024583,15.921999931335449,6.9224390983581543,0.53228002786636353,0.028080224990844727
1338471,22,r,57389.110999999997,25.30246788037886,6.0510491410222693,0.091256966900386302,15.472000122070312,5.0783843994140625,0.53228002786636353,0.028080224990844727
1338471,23,i,57389.112999999998,25.303773124827678,13.105793638279797,0.10195449859576049,8.0270004272460938,8.2222423553466797,0.53228002786636353,0.028080224990844727
1338471,24,z,57389.116000000002,25.305730991503282,18.666270973525965,0.13981736623396521,27.979000091552734,10.949640274047852,0.53228002786636353,0.028080224990844727
1338471,25,r,57396.099000000002,29.862991983623445,4.5091352552541748,0.1156895342367112,10.02400016784668,5.5693588256835938,0.53228002786636353,0.028080224990844727
1338471,26,i,57396.101000000002,29.86429722807226,9.370979778580093,0.1394208818051953,8.5600004196166992,7.7309107780456543,0.53228002786636353,0.028080224990844727
1338471,27,z,57396.103000000003,29.865602472521079,13.495721356250316,0.19078740033734387,14.302000045776367,11.774185180664062,0.53228002786636353,0.028080224990844727
1338471,28,r,57403.099000000002,34.431347553556186,3.7639434925574937,0.097344882105938321,5.9829998016357422,11.184614181518555,0.53228002786636353,0.028080224990844727
1338471,29,i,57403.101000000002,34.432652798005002,7.6552942457345967,0.083913697740625376,8.0179996490478516,9.2779273986816406,0.53228002786636353,0.028080224990844727
1338471,30,z,57403.103999999999,34.434610664675859,10.124604047699846,0.098322451624628784,3.1940000057220459,11.119819641113281,0.53228002786636353,0.028080224990844727
1328016,1,i,57287.074000000001,-13.800324362456006,13.906023130711972,0.49191096561154918,11.322999954223633,22.125513076782227,0.35166999697685242,0.0050660674460232258
1328016,2,z,57287.076999999997,-13.798104885805875,16.054687585905434,0.47133049313959607,-0.33799999952316284,22.467994689941406,0.35166999697685242,0.0050660674460232258
1328016,3,z,57288.072999999997,-13.06123863721943,20.712502695113361,0.50668270296939488,-23.909999847412109,31.080751419067383,0.35166999697685242,0.0050660674460232258
1328016,4,z,57290.07,-11.583807012289142,32.312379149322858,0.33221651077932268,-43.174999237060547,30.617317199707031,0.35166999697685242,0.0050660674460232258
1328016,5,g,57291.078999999998,-10.837323031543157,20.095738368344787,0.42178795748408066,23.535999298095703,33.503772735595703,0.35166999697685242,0.0050660674460232258
1328016,6,r,57291.080999999998,-10.835843380441275,35.276611080345617,0.19883325832153312,3.3529999256134033,24.292497634887695,0.35166999697685242,0.0050660674460232258
1328016,7,i,57291.082999999999,-10.834363729339394,35.950014931366873,0.28783304187566316,40.638999938964844,19.036966323852539,0.35166999697685242,0.0050660674460232258
1328016,8,z,57291.086000000003,-10.832144252683879,39.460365341129759,0.27205319986486226,49.494998931884766,17.083866119384766,0.35166999697685242,0.0050660674460232258
1328016,9,r,57297.044999999998,-6.4235237955285118,100.18471029355345,0.060042078636891531,105.83999633789062,13.860575675964355,0.35166999697685242,0.0050660674460232258
1328016,10,i,57297.048000000003,-6.4213043188729975,95.927382893197588,0.092345154463658957,80.224998474121094,21.95939826965332,0.35166999697685242,0.0050660674460232258
1328016,11,z,57297.050000000003,-6.4198246677711159,99.888610425446231,0.10233544665958945,109.62999725341797,30.976053237915039,0.35166999697685242,0.0050660674460232258
1328016,12,g,57301.046000000002,-3.4634817668140432,95.16541767875087,0.079743016710322953,95.060997009277344,7.470240592956543,0.35166999697685242,0.0050660674460232258
1328016,13,r,57301.048999999999,-3.4612622901639121,139.40910047152784,0.043744158716530063,170.3800048828125,19.800243377685547,0.35166999697685242,0.0050660674460232258
1328016,14,i,57301.050999999999,-3.4597826390620301,131.46463585471952,0.067952159608181198,114.83000183105469,36.030586242675781,0.35166999697685242,0.0050660674460232258
1328016,15,z,57301.053,-3.4583029879601481,125.56113617848344,0.082505740065302022,130.13999938964844,45.468704223632812,0.35166999697685242,0.0050660674460232258
1328016,16,g,57305.063999999998,-0.49086270374165336,91.305452635717629,0.069171832642572803,94.530998229980469,8.1207456588745117,0.35166999697685242,0.0050660674460232258
1328016,17,r,57305.065999999999,-0.4893830526397715,152.57937989500087,0.033389402863182274,161.66999816894531,15.818841934204102,0.35166999697685242,0.0050660674460232258
1328016,18,i,57305.067999999999,-0.48790340153788964,145.36148111152417,0.050818804269481092,120.27999877929688,24.061550140380859,0.35166999697685242,0.0050660674460232258
1328016,19,z,57305.071000000004,-0.48568392488237533,126.43282046009354,0.070948640266499732,95.251998901367188,33.511844635009766,0.35166999697685242,0.0050660674460232258
1328016,20,g,57311.019999999997,3.9155382767635829,67.260449627957414,0.067842219618560975,71.697998046875,5.2674202919006348,0.35166999697685242,0.0050660674460232258
1328016,21,r,57311.023000000001,3.9177577534190968,141.14843591655753,0.027125149008367769,126.83000183105469,9.243988037109375,0.35166999697685242,0.0050660674460232258
1328016,22,i,57311.025000000001,3.9192374045209788,143.9713614056179,0.038055459517246981,136.16999816894531,15.163421630859375,0.35166999697685242,0.0050660674460232258
1328016,23,z,57311.027999999998,3.9214568811711104,123.5141040734952,0.059689606165079324,121.40000152587891,19.25322151184082,0.35166999697685242,0.0050660674460232258
1328016,24,g,57315.163,6.9806355336901316,48.270863168425947,0.084459793050283505,41.555999755859375,8.0384588241577148,0.35166999697685242,0.0050660674460232258
1328016,25,r,57315.165999999997,6.9828550103402627,118.06952020406548,0.037508147034067171,130.58999633789062,14.749835968017578,0.35166999697685242,0.0050660674460232258
1328016,26,i,57315.167999999998,6.9843346614421451,128.40348364856504,0.050066926694526358,128.02999877929688,24.080661773681641,0.35166999697685242,0.0050660674460232258
1328016,27,z,57315.171000000002,6.9865541380976595,99.605623762157606,0.071091928848529107,72.054000854492188,22.17546272277832,0.35166999697685242,0.0050660674460232258
1328016,28,r,57325.012000000002,14.267177383424364,59.636608550328383,0.071878319790963527,57.58599853515625,8.3966217041015625,0.35166999697685242,0.0050660674460232258
1328016,29,i,57325.014000000003,14.268657034526246,85.451471152022833,0.074011574274360906,97.096000671386719,12.407103538513184,0.35166999697685242,0.0050660674460232258
1328016,30,z,57325.017,14.270876511176377,71.989010603524974,0.084330236574950784,83.148002624511719,16.212429046630859,0.35166999697685242,0.0050660674460232258
1328016,31,g,57329.027999999998,17.238316795394873,12.320922551796716,0.2240224455505283,3.2599999904632568,4.1732378005981445,0.35166999697685242,0.0050660674460232258
1328016,32,r,57329.031000000003,17.240536272050388,42.994865251238728,0.099373757158810042,23.524999618530273,8.4750070571899414,0.35166999697685242,0.0050660674460232258
1328016,33,i,57329.033000000003,17.24201592315227,75.316931542368579,0.08380714740786642,77.15899658203125,12.418864250183105,0.35166999697685242,0.0050660674460232258
1328016,34,z,57329.035000000003,17.243495574254151,72.043860212466953,0.084689114373990279,101.36000061035156,17.966079711914062,0.35166999697685242,0.0050660674460232258
1328016,35,g,57334.224000000002,21.082450357303426,8.2884672824186367,0.1366028865693949,5.0580000877380371,4.992762565612793,0.35166999697685242,0.0050660674460232258
1328016,36,r,57334.226000000002,21.083930008405307,28.881566312051635,0.1161681418479641,28.895000457763672,7.2289605140686035,0.35166999697685242,0.0050660674460232258
1328016,37,i,57334.228000000003,21.085409659507189,62.240500085805785,0.079981718962704659,58.129001617431641,9.098052978515625,0.35166999697685242,0.0050660674460232258
1328016,38,z,57334.228999999999,21.08614948505544,69.496105493078389,0.091608601941018497,66.485000610351562,17.070009231567383,0.35166999697685242,0.0050660674460232258
1328016,39,g,57340.063000000002,25.402291748367414,6.3730804513880175,0.15569974266824005,13.543000221252441,3.7662556171417236,0.35166999697685242,0.0050660674460232258
1328016,40,r,57340.065999999999,25.404511225017544,19.916882716115108,0.11847726232765336,30.452999114990234,5.9166927337646484,0.35166999697685242,0.0050660674460232258
1328016,41,i,57340.067999999999,25.405990876119425,47.53215812760628,0.07342294755968827,43.470001220703125,8.8790178298950195,0.35166999697685242,0.0050660674460232258
1328016,42,z,57340.07,25.407470527221307,57.649296655258105,0.11883743581018454,56.125999450683594,12.069252967834473,0.35166999697685242,0.0050660674460232258
1328016,43,g,57342.021000000001,26.850870176813693,6.1119153778226458,0.15400481329525878,4.4109997749328613,3.7773754596710205,0.35166999697685242,0.0050660674460232258
1328016,44,r,57342.023999999998,26.853089653463826,17.793055158328784,0.13028732347263089,36.317001342773438,6.2856416702270508,0.35166999697685242,0.0050660674460232258
1328016,45,i,57342.025999999998,26.854569304565707,42.910232981484143,0.080320073241542098,58.294998168945312,44.367156982421875,0.35166999697685242,0.0050660674460232258
1328016,46,z,57342.027999999998,26.856048955667589,52.154364700606365,0.13069245468237176,80.694000244140625,14.606583595275879,0.35166999697685242,0.0050660674460232258
1328016,47,g,57347.076000000001,30.590688336058417,5.3231381432755835,0.15564758729722811,-9.2049999237060547,10.004428863525391,0.35166999697685242,0.0050660674460232258
1328016,48,r,57347.078999999998,30.59290781270855,14.01146026383987,0.1235839981799244,10.642000198364258,13.537577629089355,0.35166999697685242,0.0050660674460232258
1328016,49,i,57347.080999999998,30.594387463810431,32.855606681444286,0.078279233641168566,30.409000396728516,12.126326560974121,0.35166999697685242,0.0050660674460232258
1328016,50,z,57347.082999999999,30.595867114912313,36.801157359834662,0.129675794803569,46.972999572753906,13.357932090759277,0.35166999697685242,0.0050660674460232258
1328016,51,g,57356.120000000003,37.281670617406313,4.5141466009650193,0.2369502825166088,7.0850000381469727,3.5205092430114746,0.35166999697685242,0.0050660674460232258
1328016,52,r,57356.122000000003,37.283150268508194,11.469971754457925,0.099499463030789312,10.267999649047852,5.2936697006225586,0.35166999697685242,0.0050660674460232258
1328016,53,i,57356.125,37.285369745158327,24.124949482716669,0.068998904626546648,17.245000839233398,7.6000866889953613,0.35166999697685242,0.0050660674460232258
1328016,54,z,57356.127,37.286849396260209,23.702189870189034,0.10503697016053026,43.131000518798828,8.715911865234375,0.35166999697685242,0.0050660674460232258
1328016,55,g,57366.038999999997,44.620000255690265,4.4913781003349893,0.47875287791631654,3.4210000038146973,3.9564032554626465,0.35166999697685242,0.0050660674460232258
1328016,56,r,57366.040999999997,44.621479906792146,9.6108757301297238,0.084659645823579419,6.3860001564025879,5.859931468963623,0.35166999697685242,0.0050660674460232258
1328016,57,i,57366.042999999998,44.622959557894028,20.596616340696205,0.057576945315446722,20.146999359130859,8.9539899826049805,0.35166999697685242,0.0050660674460232258
1328016,58,z,57366.046000000002,44.625179034549546,17.271878638200345,0.1622993920544801,36.319999694824219,11.782878875732422,0.35166999697685242,0.0050660674460232258
1329615,1,i,57286.233,-13.425622468958339,23.71420156139995,0.1875950036678968,38.004001617431641,15.278081893920898,0.40474000573158264,0.02030550129711628
1329615,2,r,57288.184999999998,-12.036041484553396,34.873566468789093,0.090057576121381877,27.322000503540039,14.958527565002441,0.40474000573158264,0.02030550129711628
1329615,3,i,57288.186999999998,-12.034617733544493,34.352976499772559,0.13045426352313139,36.437000274658203,12.626041412353516,0.40474000573158264,0.02030550129711628
1329615,4,z,57288.188999999998,-12.03319398253559,34.034078540389288,0.13749058524923455,51.974998474121094,14.687563896179199,0.40474000573158264,0.02030550129711628
1329615,5,i,57297.150000000001,-5.6540775884409271,100.81674605582398,0.061135695462057445,199.6300048828125,59.394271850585938,0.40474000573158264,0.02030550129711628
1329615,6,z,57297.152000000002,-5.6526538374320232,89.635342786085786,0.053347995939163902,81.929000854492188,61.401103973388672,0.40474000573158264,0.02030550129711628
1329615,7,r,57298.334000000003,-4.811216991340979,111.46540128424056,0.038125006844041305,141.66999816894531,16.696643829345703,0.40474000573158264,0.02030550129711628
1329615,8,i,57298.336000000003,-4.809793240332076,108.75224631797499,0.056831369152828395,50.625,39.567062377929688,0.40474000573158264,0.02030550129711628
1329615,9,z,57298.338000000003,-4.8083694893231721,94.719634500287256,0.050858712922610419,56.279998779296875,67.567176818847656,0.40474000573158264,0.02030550129711628
1329615,10,r,57299.142,-4.2360215838630939,115.46534540439957,0.036918028727475523,89.851997375488281,11.098193168640137,0.40474000573158264,0.02030550129711628
1329615,11,i,57299.144,-4.2345978328541909,113.06553474896656,0.054756307860189687,92.1510009765625,16.756710052490234,0.40474000573158264,0.02030550129711628
1329615,12,z,57299.146999999997,-4.232462206343425,96.844854683464263,0.049901078821263496,108.81999969482422,30.330678939819336,0.40474000573158264,0.02030550129711628
1329615,13,z,57303.135000000002,-1.3935026951647727,100.05728320933277,0.048833968387513735,-4.9190001487731934,68.673912048339844,0.40474000573158264,0.02030550129711628
1329615,14,r,57304.194000000003,-0.63962653610316522,124.79663389220238,0.030471830252772811,127.33999633789062,11.63035774230957,0.40474000573158264,0.02030550129711628
1329615,15,i,57304.196000000004,-0.63820278509426176,128.07916186723079,0.042650665658599103,130.30999755859375,7.4794220924377441,0.40474000573158264,0.02030550129711628
1329615,16,z,57304.199000000001,-0.63606715858349627,100.9048154628088,0.049065850599608468,115.54000091552734,11.209264755249023,0.40474000573158264,0.02030550129711628
1329615,17,r,57311.281999999999,4.406147038420114,111.08325394947586,0.024118563678215816,115.41999816894531,6.0254693031311035,0.40474000573158264,0.02030550129711628
1329615,18,i,57311.284,4.4075707894290179,125.32990932008819,0.029942302894328574,131.8800048828125,5.2037796974182129,0.40474000573158264,0.02030550129711628
1329615,19,z,57311.286999999997,4.409706415939783,97.382801828678865,0.051854391399813751,95.03900146484375,7.1504788398742676,0.40474000573158264,0.02030550129711628
1329615,20,r,57315.194000000003,7.1910040112707927,94.916315080359567,0.029156542545862085,90.589996337890625,8.1509065628051758,0.40474000573158264,0.02030550129711628
1329615,21,i,57315.196000000004,7.1924277622796966,114.39787473507924,0.03465788298760273,105.05999755859375,9.7604579925537109,0.40474000573158264,0.02030550129711628
1329615,22,z,57315.199000000001,7.1945633887904616,85.710889385671052,0.042709321334711767,94.833999633789062,11.778209686279297,0.40474000573158264,0.02030550129711628
1329615,23,i,57319.267,10.090472940309716,98.141404440757498,0.039972393949069533,86.125,14.568427085876465,0.40474000573158264,0.02030550129711628
1329615,24,z,57319.269,10.091896691318619,69.814862001684475,0.050889717389127932,61.818000793457031,17.782720565795898,0.40474000573158264,0.02030550129711628
1329615,25,r,57327.065000000002,15.641678122895327,46.922042994050749,0.041274571874078542,49.287998199462891,6.3537797927856445,0.40474000573158264,0.02030550129711628
1329615,26,i,57327.067000000003,15.64310187390423,70.689731167821989,0.040444305987257068,72.177001953125,8.7585277557373047,0.40474000573158264,0.02030550129711628
1329615,27,z,57327.07,15.645237500414996,55.926730591253701,0.058984257036838718,63.308998107910156,13.428497314453125,0.40474000573158264,0.02030550129711628
1329615,28,r,57331.055999999997,18.482773260579567,36.417066536966253,0.047239996200656588,41.125,6.7539758682250977,0.40474000573158264,0.02030550129711628
1329615,29,i,57331.057999999997,18.484197011588467,62.024625079664787,0.041471633301360715,44.970001220703125,8.6388139724731445,0.40474000573158264,0.02030550129711628
1329615,30,z,57331.061000000002,18.486332638104415,54.293107240457225,0.054508301374657106,33.714000701904297,12.47756290435791,0.40474000573158264,0.02030550129711628
1329615,31,r,57339.150999999998,24.245405467943321,22.662846419832313,0.06304639931712866,25.084999084472656,6.6992573738098145,0.40474000573158264,0.02030550129711628
1329615,32,i,57339.152999999998,24.246829218952225,48.371561960272835,0.044742682533010864,41.63800048828125,9.0907068252563477,0.40474000573158264,0.02030550129711628
1329615,33,z,57339.156000000003,24.248964845468169,50.160354060372804,0.054336681539629506,52.502998352050781,10.992302894592285,0.40474000573158264,0.02030550129711628
1329615,34,r,57345.067999999999,28.457572826927116,16.569482127140819,0.077512214439491439,15.597999572753906,33.007038116455078,0.40474000573158264,0.02030550129711628
1329615,35,i,57345.07,28.45899657793602,40.034535327409451,0.048512421961652376,13.826999664306641,37.987052917480469,0.40474000573158264,0.02030550129711628
1329615,36,z,57345.074000000001,28.461844079953824,44.182007206191912,0.070126558464269267,81.063003540039062,52.482624053955078,0.40474000573158264,0.02030550129711628
1329615,37,r,57346.027000000002,29.140261435559086,15.802214531022166,0.081169383891293578,13.800000190734863,8.3000411987304688,0.40474000573158264,0.02030550129711628
1329615,38,i,57346.029000000002,29.14168518656799,38.718970278038768,0.05009531454047033,37.577999114990234,8.0165176391601562,0.40474000573158264,0.02030550129711628
1329615,39,z,57346.031000000003,29.143108937576894,42.913671948195812,0.072003526111419677,35.866001129150391,8.616119384765625,0.40474000573158264,0.02030550129711628
1329615,40,r,57356.097999999998,36.309559639429445,10.851989727814161,0.079439410330240989,10.178999900817871,3.7637722492218018,0.40474000573158264,0.02030550129711628
1329615,41,i,57356.099999999999,36.310983390438352,26.603376626010785,0.0487461561028599,24.264999389648438,5.1757383346557617,0.40474000573158264,0.02030550129711628
1329615,42,z,57356.103000000003,36.313119016954296,28.200469944714627,0.050277645816170953,36.597999572753906,6.9600610733032227,0.40474000573158264,0.02030550129711628
1329615,43,r,57366.055999999997,43.398415911314885,8.7911139687589763,0.075370588468651259,15.479000091552734,4.3270506858825684,0.40474000573158264,0.02030550129711628
1329615,44,i,57366.057999999997,43.399839662323792,20.16871844826067,0.049192272412796709,21.219999313354492,6.1323714256286621,0.40474000573158264,0.02030550129711628
1329615,45,z,57366.061000000002,43.401975288839736,19.920048230861852,0.068916440540213661,19.336999893188477,8.3887720108032227,0.40474000573158264,0.02030550129711628
1296963,1,r,57258.360000000001,-12.640279115224823,26.852731669183846,0.23867728942712901,24.538999557495117,4.8713011741638184,0.48917001485824585,0.050996344536542892
1296963,2,i,57258.362000000001,-12.638936085227943,22.948603265475068,0.15755152673224634,27.697999954223633,7.0867791175842285,0.48917001485824585,0.050996344536542892
1296963,3,z,57258.364999999998,-12.636921540235068,20.8973079612209,0.18104416045258703,18.308000564575195,8.9745941162109375,0.48917001485824585,0.050996344536542892
1296963,4,r,57269.258000000002,-5.3221086637210506,96.841023847920539,0.05023911090112914,399.69000244140625,109.31868743896484,0.48917001485824585,0.050996344536542892
1296963,5,r,57276.383999999998,-0.53689278581815758,110.99765845224928,0.041287511160586481,107.77999877929688,8.7945594787597656,0.48917001485824585,0.050996344536542892
1296963,6,i,57276.385999999999,-0.53554975582127851,92.53805363981013,0.04543231266117885,85.800003051757812,11.677430152893066,0.48917001485824585,0.050996344536542892
1296963,7,z,57276.389000000003,-0.53353521082351696,84.274363066180172,0.047080728780272613,81.904998779296875,14.891093254089355,0.48917001485824585,0.050996344536542892
1296963,8,r,57283.262000000002,4.0817873725108198,98.544860860655717,0.041841208895032136,99.055999755859375,5.5337605476379395,0.48917001485824585,0.050996344536542892
1296963,9,i,57283.264999999999,4.0838019175036955,89.08871352222522,0.033798046448500436,88.584999084472656,6.8927731513977051,0.48917001485824585,0.050996344536542892
1296963,10,z,57283.267,4.0851449475005746,82.566748577974124,0.049022567257533949,85.124000549316406,9.1128416061401367,0.48917001485824585,0.050996344536542892
1296963,11,r,57287.339,6.8195540205893384,84.653580037782319,0.038227224840352458,85.491996765136719,7.2882251739501953,0.48917001485824585,0.050996344536542892
1296963,12,i,57287.341999999997,6.821568565582214,81.30231533647283,0.038858861822321365,97.663002014160156,11.125069618225098,0.48917001485824585,0.050996344536542892
1296963,13,z,57287.343999999997,6.8229115955790931,74.432952077295084,0.039240833442341264,50.606998443603516,15.907471656799316,0.48917001485824585,0.050996344536542892
1296963,14,z,57297.207999999999,13.446735538838086,51.110366662323955,0.052763041395736773,-21.631999969482422,64.047187805175781,0.48917001485824585,0.050996344536542892
1296963,15,r,57299.207000000002,14.789094020447532,41.305987681805533,0.04965539179921323,18.125,16.360174179077148,0.48917001485824585,0.050996344536542892
1296963,16,i,57299.209000000003,14.790437050444412,51.484262698386935,0.044601937174964058,71.78900146484375,20.929166793823242,0.48917001485824585,0.050996344536542892
1296963,17,z,57299.212,14.792451595437287,48.379115688631259,0.055373421443001045,75.666999816894531,33.523838043212891,0.48917001485824585,0.050996344536542892
1296963,18,r,57303.182000000001,17.458366138699876,31.373512678954746,0.064235377467069879,33.020999908447266,8.6260185241699219,0.48917001485824585,0.050996344536542892
1296963,19,i,57303.184000000001,17.459709168696754,44.655642628338683,0.051020603107526367,53.429000854492188,12.310111999511719,0.48917001485824585,0.050996344536542892
1296963,20,z,57303.186999999998,17.461723713689633,44.873634964237212,0.059338756186066724,42.735000610351562,20.744867324829102,0.48917001485824585,0.050996344536542892
1296963,21,r,57304.256999999998,18.18024476187335,29.048040971062871,0.064317961551912703,29.215999603271484,16.203336715698242,0.48917001485824585,0.050996344536542892
1296963,22,i,57304.258999999998,18.181587791870228,43.051277467096604,0.051074512958174605,62.529998779296875,17.449417114257812,0.48917001485824585,0.050996344536542892
1296963,23,z,57304.260000000002,18.18225930687111,44.351018480628277,0.057697730569498992,68.844001770019531,34.168998718261719,0.48917001485824585,0.050996344536542892
1296963,24,r,57305.267,18.858474910160467,27.01804934803355,0.04452967198164659,27.117000579833984,7.9623885154724121,0.48917001485824585,0.050996344536542892
1296963,25,i,57305.269,18.859817940157345,41.629709291701509,0.045242659229627974,36.173999786376953,9.1009807586669922,0.48917001485824585,0.050996344536542892
1296963,26,z,57305.271999999997,18.86183248515022,43.913007958522812,0.048680430867680702,37.744998931884766,9.9602508544921875,0.48917001485824585,0.050996344536542892
1296963,27,r,57312.139999999999,23.473797493494803,17.375112855279813,0.056205996241005619,10.020000457763672,9.0274734497070312,0.48917001485824585,0.050996344536542892
1296963,28,i,57312.142,23.475140523491682,33.393237620987897,0.053869432001230136,16.124000549316406,15.222673416137695,0.48917001485824585,0.050996344536542892
1296963,29,z,57312.144999999997,23.47715506848456,39.234057411725196,0.05207027890129752,34.158000946044922,18.297367095947266,0.48917001485824585,0.050996344536542892
1296963,30,r,57318.18,27.529748083243835,12.493276325531355,0.080598491645084328,9.8479995727539062,14.924065589904785,0.48917001485824585,0.050996344536542892
1296963,31,i,57318.182000000001,27.531091113240713,27.230739754317362,0.057454618002368125,37.441001892089844,15.11763858795166,0.48917001485824585,0.050996344536542892
1296963,32,z,57318.184000000001,27.532434143237591,34.194805750198348,0.072926425074583315,22.479999542236328,19.142217636108398,0.48917001485824585,0.050996344536542892
1296963,33,r,57325.214,32.25318458130495,9.2418123277042277,0.071256177915996241,5.4559998512268066,13.864831924438477,0.48917001485824585,0.050996344536542892
1296963,34,i,57325.216,32.254527611301825,21.020657783578837,0.05087319240009585,24.566999435424805,10.944656372070312,0.48917001485824585,0.050996344536542892
1296963,35,z,57325.218999999997,32.256542156294699,26.935442511252418,0.042992298498180259,43.490001678466797,17.499881744384766,0.48917001485824585,0.050996344536542892
1296963,36,r,57327.122000000003,33.534435198068614,8.6575234190734403,0.075950277976168531,7.5269999504089355,5.1229419708251953,0.48917001485824585,0.050996344536542892
1296963,37,i,57327.124000000003,33.535778228065496,19.592316888858466,0.054435217201343686,23.533000946044922,7.3524556159973145,0.48917001485824585,0.050996344536542892
1296963,38,z,57327.127,33.537792773058371,25.151817117540766,0.045728372079902609,39.592998504638672,10.986869812011719,0.48917001485824585,0.050996344536542892
1296963,39,r,57331.165999999997,36.250041851201068,7.7643479463091616,0.085625805906282396,4.3569998741149902,5.971498966217041,0.48917001485824585,0.050996344536542892
1296963,40,i,57331.167999999998,36.25138488119795,16.97310383853927,0.06249874202881666,9.3260002136230469,8.7661046981811523,0.48917001485824585,0.050996344536542892
1296963,41,z,57331.171000000002,36.253399426195713,21.855157415121845,0.051868491141658229,28.103000640869141,11.729311943054199,0.48917001485824585,0.050996344536542892
1296963,42,r,57339.165000000001,41.621490322626855,6.6551706268132342,0.070464382545586304,18.011999130249023,6.3858284950256348,0.48917001485824585,0.050996344536542892
1296963,43,i,57339.167000000001,41.622833352623729,13.46419415132898,0.052813870147816119,5.3390002250671387,8.9069757461547852,0.48917001485824585,0.050996344536542892
1296963,44,z,57339.169999999998,41.624847897616611,17.267824904683316,0.060869575862830483,5.7230000495910645,11.248003959655762,0.48917001485824585,0.050996344536542892
1339217,1,i,57349.243000000002,-13.410790089592643,19.826041697237372,0.12964180624235369,20.454000473022461,6.7987861633300781,0.33245000243186951,0.0087507590651512146
1339217,2,z,57355.252,-8.9010523965977075,57.81886311854128,0.066970798368687939,60.777000427246094,4.5127453804016113,0.33245000243186951,0.0087507590651512146
1339217,3,r,57356.078999999998,-8.2803912096952867,51.577248446595299,0.046841100408519479,51.257999420166016,1.4694595336914062,0.33245000243186951,0.0087507590651512146
1339217,4,g,57356.135000000002,-8.2383633663226075,26.88690358940908,0.12979338553641062,27.211999893188477,2.9402003288269043,0.33245000243186951,0.0087507590651512146
1339217,5,i,57356.144999999997,-8.2308583942962574,62.545449997332987,0.044868316602221743,61.923999786376953,2.8144114017486572,0.33245000243186951,0.0087507590651512146
1339217,6,z,57359.222000000002,-5.9215785005749879,86.348703486364357,0.04556979855626915,74.956001281738281,17.213912963867188,0.33245000243186951,0.0087507590651512146
1339217,7,z,57365.135000000002,-1.4838885390690528,93.961469947356804,0.04282131298206928,96.316001892089844,2.5094404220581055,0.33245000243186951,0.0087507590651512146
1339217,8,g,57365.196000000004,-1.4381082096831985,45.623335059332966,0.063202247950688323,46.666000366210938,1.4619630575180054,0.33245000243186951,0.0087507590651512146
1339217,9,r,57365.205000000002,-1.4313537348572991,91.867142146664207,0.034314875754746128,94.805999755859375,1.1898235082626343,0.33245000243186951,0.0087507590651512146
1339217,10,i,57365.220999999998,-1.4193457796118627,112.14214936378055,0.025829471591522216,108.45999908447266,1.6558229923248291,0.33245000243186951,0.0087507590651512146
1339217,11,g,57372.127,3.7635879045027076,35.938332109865478,0.060750294689272177,33.590999603271484,1.8864477872848511,0.33245000243186951,0.0087507590651512146
1339217,12,r,57372.135999999999,3.7703423793286071,87.92346319341128,0.020786020966879541,88.280998229980469,2.1178309917449951,0.33245000243186951,0.0087507590651512146
1339217,13,i,57372.152999999998,3.7831008317799548,112.76501242037394,0.025322233446652038,114.26000213623047,3.4156424999237061,0.33245000243186951,0.0087507590651512146
1339217,14,z,57372.178,3.8018632618567514,92.283873468221742,0.042857450116582936,92.831001281738281,4.7728919982910156,0.33245000243186951,0.0087507590651512146
1339217,15,g,57376.171999999999,6.799349090750356,28.076112554594562,0.058473347333136944,45.145999908447266,9.7889137268066406,0.33245000243186951,0.0087507590651512146
1339217,16,r,57378.046000000002,8.2057808492277289,72.337893402067095,0.028622838513258007,71.26300048828125,5.5282931327819824,0.33245000243186951,0.0087507590651512146
1339217,17,z,57378.142,8.2778285807167293,72.188130011988292,0.040361033730111656,69.791999816894531,4.6667098999023438,0.33245000243186951,0.0087507590651512146
1339217,18,g,57385.161999999997,13.5463189459721,13.115198581241239,0.0849348916257857,16.547000885009766,4.7737569808959961,0.33245000243186951,0.0087507590651512146
1339217,19,r,57385.171000000002,13.553073420803459,49.721879352112133,0.031060109109895512,48.048000335693359,2.751124382019043,0.33245000243186951,0.0087507590651512146
1339217,20,i,57387.108,15.006786503067588,65.071442894981047,0.027996385116438354,65.691001892089844,2.2083053588867188,0.33245000243186951,0.0087507590651512146
1339217,21,z,57387.129999999997,15.023297441532112,53.546365479673483,0.046662029166148596,51.224998474121094,3.6951422691345215,0.33245000243186951,0.0087507590651512146
1339217,22,g,57389.139999999999,16.531796819620268,9.0175648610204089,0.1172347558258562,10.777000427246094,2.9035835266113281,0.33245000243186951,0.0087507590651512146
1339217,23,r,57389.163,16.549058255290703,38.525033037387615,0.039309882934508149,35.522998809814453,2.2946598529815674,0.33245000243186951,0.0087507590651512146
1339217,24,i,57391.171000000002,18.056056638972496,58.991436655078438,0.030092748699299229,57.166000366210938,8.0954952239990234,0.33245000243186951,0.0087507590651512146
1339217,25,z,57394.095000000001,20.250510460626174,54.502372450825654,0.039144212218075028,54.551998138427734,5.9479756355285645,0.33245000243186951,0.0087507590651512146
1339217,26,g,57394.171000000002,20.307548248057014,5.8473315345708556,0.081793701321061979,5.1430001258850098,3.0975172519683838,0.33245000243186951,0.0087507590651512146
1339217,27,r,57395.159,21.049039484647015,26.116784730585977,0.043973083727822368,28.030000686645508,3.7737147808074951,0.33245000243186951,0.0087507590651512146
1339217,28,i,57397.091,22.499000080897968,51.200983474542738,0.028590872685760268,51.354000091552734,3.3441448211669922,0.33245000243186951,0.0087507590651512146
1339217,29,g,57399.175999999999,24.063786749211051,4.0485107017504536,0.10784022277154612,2.872999906539917,3.021571159362793,0.33245000243186951,0.0087507590651512146
1339217,30,z,57401.076000000001,25.489731434965673,51.484241988184905,0.050066480759501465,55.578998565673828,2.8810782432556152,0.33245000243186951,0.0087507590651512146
1339217,31,r,57402.110000000001,26.265745542896543,17.222706163249907,0.056310224753624898,16.729000091552734,1.6476589441299438,0.33245000243186951,0.0087507590651512146
1339217,32,i,57404.044999999998,27.717957630754309,40.361124914378927,0.043835040915934813,44.7760009765625,3.1621503829956055,0.33245000243186951,0.0087507590651512146
1339217,33,g,57406.044999999998,29.218952036810652,3.001734257005658,0.16836289476021654,1.062000036239624,6.8717689514160156,0.33245000243186951,0.0087507590651512146
1339217,34,z,57406.116000000002,29.272237338228319,44.951636197283676,0.055795919061904453,45.083999633789062,5.2454028129577637,0.33245000243186951,0.0087507590651512146
1339217,35,r,57408.091999999997,30.755219811408317,12.6509777597874,0.054191026902335383,20.312000274658203,5.7599525451660156,0.33245000243186951,0.0087507590651512146
1339217,36,i,57425.087,43.509919776874078,19.613998935554797,0.037862486492560597,17.290000915527344,4.3971118927001953,0.33245000243186951,0.0087507590651512146
1339217,37,g,57425.110000000001,43.527181212544512,1.8871772527887747,0.16863597354787677,-0.97399997711181641,2.9374878406524658,0.33245000243186951,0.0087507590651512146
1339217,38,z,57426.067999999999,44.246157533044546,19.240410727021683,0.055116145198159314,22.344999313354492,5.6223502159118652,0.33245000243186951,0.0087507590651512146
1339217,39,r,57426.118000000002,44.283682393198134,7.7583276976264539,0.062281944000381319,2.8050000667572021,3.056804895401001,0.33245000243186951,0.0087507590651512146
1329168,1,r,57283.275000000001,-14.764579582030814,5.0758717143457277,0.48158303190566443,3.5109999179840088,2.15865159034729,0.67716997861862183,0.0076602697372436523
1329168,2,z,57287.195,-12.427309031059643,12.171290699833159,0.27115772880677297,12.442000389099121,7.0999131202697754,0.67716997861862183,0.0076602697372436523
1329168,3,r,57287.351999999999,-12.333698960523707,12.207951576797972,0.3324090528233356,11.111000061035156,2.6307857036590576,0.67716997861862183,0.0076602697372436523
1329168,4,r,57288.296999999999,-11.770249809843079,14.418304024928094,0.28197042383397652,17.961999893188477,3.3753046989440918,0.67716997861862183,0.0076602697372436523
1329168,5,i,57292.226000000002,-9.4276130764812098,25.913385130311291,0.094044557985163243,26.170000076293945,6.7186670303344727,0.67716997861862183,0.0076602697372436523
1329168,6,r,57297.345999999998,-6.3748515405202797,47.848226640979,0.06968022697033821,54.166999816894531,5.7053318023681641,0.67716997861862183,0.0076602697372436523
1329168,7,i,57302.267,-3.4407422595664139,57.761182673555759,0.049907805113394203,55.8489990234375,2.9938292503356934,0.67716997861862183,0.0076602697372436523
1329168,8,r,57311.216,1.8950317610079621,57.361077204169831,0.042687414837188069,54.708999633789062,1.5344357490539551,0.67716997861862183,0.0076602697372436523
1329168,9,i,57311.233,1.9051678832952375,59.96722697580924,0.026823892466399546,61.702999114990234,1.7326250076293945,0.67716997861862183,0.0076602697372436523
1329168,10,z,57311.303999999996,1.9475010999050129,59.581648279748023,0.035401356505813004,57.860000610351562,3.2305328845977783,0.67716997861862183,0.0076602697372436523
1329168,11,r,57317.190000000002,5.456984381291794,44.196748914694737,0.048548522531176481,46.312999725341797,2.4821088314056396,0.67716997861862183,0.0076602697372436523
1329168,12,z,57318.129000000001,6.0168560770467359,54.753860246211993,0.047361627480422344,51.76300048828125,6.1140561103820801,0.67716997861862183,0.0076602697372436523
1329168,13,r,57325.182000000001,10.22215434133417,27.149237970476204,0.063331759450695455,29.48699951171875,4.1141490936279297,0.67716997861862183,0.0076602697372436523
1329168,14,z,57327.135000000002,11.386615919408625,41.241342819702965,0.05769749891204181,43.323001861572266,3.653043270111084,0.67716997861862183,0.0076602697372436523
1329168,15,r,57329.195,12.614875443642633,20.113813978110564,0.062658083768999173,20.625999450683594,2.3447813987731934,0.67716997861862183,0.0076602697372436523
1329168,16,i,57331.216,13.819881510866189,26.626660625074823,0.057154671526715516,30.224000930786133,3.0587260723114014,0.67716997861862183,0.0076602697372436523
1329168,17,r,57339.131999999998,18.539737041858547,9.2871881835346493,0.095817897643062075,10.505999565124512,2.5842530727386475,0.67716997861862183,0.0076602697372436523
1329168,18,i,57339.209999999999,18.586243955883795,17.000025697076957,0.077252555429823053,16.427000045776367,2.5848562717437744,0.67716997861862183,0.0076602697372436523
1329168,19,i,57345.286,22.209013309891279,12.396885112647597,0.092419853973630339,8.6719999313354492,3.3121912479400635,0.67716997861862183,0.0076602697372436523
1329168,20,i,57349.245000000003,24.569537317877241,10.322116038278628,0.099363056830036309,8.5399999618530273,6.4345903396606445,0.67716997861862183,0.0076602697372436523
1329168,21,r,57356.078999999998,28.644258477400985,4.0412805815896133,0.12548788745957373,1.5900000333786011,1.3244724273681641,0.67716997861862183,0.0076602697372436523
1329168,22,i,57356.144999999997,28.68361048157486,7.5959662036108186,0.12075973077158379,7.6739997863769531,2.3913898468017578,0.67716997861862183,0.0076602697372436523
1329168,23,r,57365.205000000002,34.085567418263587,3.0016019214926346,0.110568002757016,1.9010000228881836,1.1054292917251587,0.67716997861862183,0.0076602697372436523
1329168,24,i,57365.220999999998,34.09510729806108,5.7618378584685317,0.084983542207611645,4.6069998741149902,1.3371212482452393,0.67716997861862183,0.0076602697372436523
1329168,25,z,57372.178999999996,38.243762526035994,9.8124458252869822,0.053981115400282394,7.6129999160766602,4.4080443382263184,0.67716997861862183,0.0076602697372436523
1329168,26,r,57378.046000000002,41.741917200160266,2.4692437617659944,0.11402948243012913,1.2680000066757202,4.4988932609558105,0.67716997861862183,0.0076602697372436523
1281879,1,r,57248.391000000003,-9.1848247015922837,45.983011846666493,0.1024854449695442,47.412998199462891,10.258809089660645,0.50656998157501221,0.029306527227163315
1281879,2,i,57248.392999999996,-9.1834971827796217,46.708908357256284,0.063936293562802768,53.757999420166016,14.383795738220215,0.50656998157501221,0.029306527227163315
1281879,3,z,57248.394999999997,-9.1821696639621315,48.881444532967713,0.061013469330510571,35.029998779296875,18.940446853637695,0.50656998157501221,0.029306527227163315
1281879,4,r,57252.305,-6.5868703762942173,64.074941954663274,0.055191180518635738,64.041000366210938,7.2436361312866211,0.50656998157501221,0.029306527227163315
1281879,5,i,57252.307000000001,-6.5855428574767263,64.34279949549088,0.053051523898103435,54.2239990234375,9.6102180480957031,0.50656998157501221,0.029306527227163315
1281879,6,z,57252.309999999998,-6.5835515792529051,67.094641446273286,0.048043337573360351,89.096000671386719,13.545903205871582,0.50656998157501221,0.029306527227163315
1281879,7,r,57256.294999999998,-3.9384703359411626,76.577674341353742,0.046925535508219048,70.904998779296875,10.34523868560791,0.50656998157501221,0.029306527227163315
1281879,8,z,57256.300000000003,-3.9351515388950213,80.964335935175399,0.040903343435219654,66.036003112792969,17.360614776611328,0.50656998157501221,0.029306527227163315
1281879,9,r,57265.288,2.0307180256911774,76.234358898349683,0.043000952799403823,98.521003723144531,19.982633590698242,0.50656998157501221,0.029306527227163315
1281879,10,i,57265.290999999997,2.0327093039149986,81.747483424055915,0.032847836276819184,72.586997985839844,14.455866813659668,0.50656998157501221,0.029306527227163315
1281879,11,z,57265.292999999998,2.0340368227324892,90.225210523749539,0.034382878270429518,102.72000122070312,11.417278289794922,0.50656998157501221,0.029306527227163315
1281879,12,r,57276.311999999998,9.3480017462076326,54.452992429372678,0.057048156450275223,42.904998779296875,11.765301704406738,0.50656998157501221,0.029306527227163315
1281879,13,i,57276.313999999998,9.3493292650251245,65.213354976015381,0.03198987687333614,71.865997314453125,8.7352304458618164,0.50656998157501221,0.029306527227163315
1281879,14,z,57276.317000000003,9.3513205432537738,69.043180885309894,0.03678307237670591,62.949001312255859,14.040987014770508,0.50656998157501221,0.029306527227163315
1281879,15,r,57277.309999999998,10.01043363600027,51.986180349463808,0.059693822098135056,58.180000305175781,5.7546486854553223,0.50656998157501221,0.029306527227163315
1281879,16,i,57277.311999999998,10.01176115481776,63.026600679468785,0.033121991376730803,60.384998321533203,7.2893061637878418,0.50656998157501221,0.029306527227163315
1281879,17,z,57277.315000000002,10.013752433046411,66.082722176461772,0.038329275736561731,63.182998657226562,10.481991767883301,0.50656998157501221,0.029306527227163315
1281879,18,r,57284.326000000001,14.667369646811084,34.025505930942366,0.052382452852321688,36.865001678466797,8.7709159851074219,0.50656998157501221,0.029306527227163315
1281879,19,i,57284.328000000001,14.668697165628574,47.979184258170783,0.039411704861833083,37.049999237060547,10.22957706451416,0.50656998157501221,0.029306527227163315
1281879,20,z,57284.330999999998,14.670688443852397,50.631064266049798,0.049292850573104292,28.347999572753906,13.09519100189209,0.50656998157501221,0.029306527227163315
1281879,21,r,57288.199000000001,17.238109836357836,26.463578461072878,0.06581829156190655,21.350000381469727,17.128284454345703,0.50656998157501221,0.029306527227163315
1281879,22,i,57288.201000000001,17.239437355175326,42.161736103181603,0.044199318943909736,41.320999145507812,16.11012077331543,0.50656998157501221,0.029306527227163315
1281879,23,z,57288.203000000001,17.240764873992816,46.797940452551501,0.052824676284627017,65.403999328613281,16.018985748291016,0.50656998157501221,0.029306527227163315
1281879,24,r,57291.224000000002,19.245982047404436,21.551648675295457,0.049379049158412715,17.167999267578125,17.523233413696289,0.50656998157501221,0.029306527227163315
1281879,25,i,57291.226000000002,19.247309566221926,38.335381068082469,0.04258993633369336,19.686000823974609,15.652920722961426,0.50656998157501221,0.029306527227163315
1281879,26,z,57291.228999999999,19.249300844445749,45.847337579756186,0.046443351919885446,59.019001007080078,13.423300743103027,0.50656998157501221,0.029306527227163315
1281879,27,r,57299.220000000001,24.55340227865047,13.070268962580942,0.07224192816931313,20.054000854492188,15.964225769042969,0.50656998157501221,0.029306527227163315
1281879,28,i,57299.222000000002,24.55472979746796,30.326713446178282,0.047498471208924635,17.930999755859375,21.736164093017578,0.50656998157501221,0.029306527227163315
1281879,29,z,57299.226000000002,24.55738483510294,41.879686004877541,0.050398697962988515,72.063003540039062,32.46533203125,0.50656998157501221,0.029306527227163315
1281879,30,r,57303.169000000002,27.174588183252208,10.443451520598135,0.08187774520051537,20.216999053955078,11.189836502075195,0.50656998157501221,0.029306527227163315
1281879,31,i,57303.171000000002,27.175915702069698,27.029069156180206,0.046592961244747898,17.41200065612793,13.088769912719727,0.50656998157501221,0.029306527227163315
1281879,32,z,57303.173000000003,27.177243220887192,39.555066984590283,0.052598405136605519,29.832000732421875,18.433685302734375,0.50656998157501221,0.029306527227163315
1281879,33,r,57304.207999999999,27.864234208796159,9.8919543872435582,0.086471427223151626,14.638999938964844,6.2710347175598145,0.50656998157501221,0.029306527227163315
1281879,34,i,57304.209999999999,27.865561727613652,26.262516511096987,0.04796116042181077,29.780000686645508,9.2791414260864258,0.50656998157501221,0.029306527227163315
1281879,35,z,57304.212,27.866889246431143,38.74175637380408,0.053793017688658178,43.919998168945312,17.294059753417969,0.50656998157501221,0.029306527227163315
1281879,36,r,57311.296000000002,32.568960897026983,7.3100185280198593,0.082470038667632584,5.0539999008178711,5.3137502670288086,0.50656998157501221,0.029306527227163315
1281879,37,i,57311.298000000003,32.570288415844473,20.365106447029429,0.051887859490318489,19.101999282836914,5.4627566337585449,0.50656998157501221,0.029306527227163315
1281879,38,z,57311.300000000003,32.571615934661963,31.673672562662002,0.038586350582877245,35.405998229980469,7.6714587211608887,0.50656998157501221,0.029306527227163315
1281879,39,r,57315.207999999999,35.165587703507555,6.3752707981113401,0.0987610660175679,-9.3909997940063477,8.5903997421264648,0.50656998157501221,0.029306527227163315
1281879,40,i,57315.209999999999,35.166915222325045,17.504048416441456,0.06064258534984434,29.131000518798828,10.732949256896973,0.50656998157501221,0.029306527227163315
1281879,41,z,57315.213000000003,35.168906500553696,27.425582152042907,0.044517528325264191,8.366999626159668,14.750918388366699,0.50656998157501221,0.029306527227163315
1281879,42,r,57319.133999999998,37.771507141710565,5.8546391818560526,0.084048308459842735,8.2679996490478516,13.056268692016602,0.50656998157501221,0.029306527227163315
1281879,43,i,57319.137000000002,37.773498419939216,15.194100700860274,0.051911287386951284,28.499000549316406,14.373660087585449,0.50656998157501221,0.029306527227163315
1281879,44,z,57319.139000000003,37.774825938756706,23.817968459651695,0.037733582961587152,11.576999664306641,15.255342483520508,0.50656998157501221,0.029306527227163315
1281879,45,r,57325.108,41.73680584874878,5.1885911036549572,0.079676618679200006,22.965999603271484,58.301372528076172,0.50656998157501221,0.029306527227163315
1281879,46,i,57325.110000000001,41.73813336756627,12.770912336710373,0.051773022515845035,-17.125,38.992664337158203,0.50656998157501221,0.029306527227163315
1281879,47,z,57325.112999999998,41.74012464579009,19.796980352424182,0.038120885683403764,3.3080000877380371,26.462444305419922,0.50656998157501221,0.029306527227163315
1281879,48,r,57329.171000000002,44.433660325932998,4.8414319539894688,0.12136953136470349,4.4169998168945312,5.7754349708557129,0.50656998157501221,0.029306527227163315
1281879,49,i,57329.173000000003,44.434987844750495,11.667091048629617,0.073054219542531426,17.964000701904297,8.1305093765258789,0.50656998157501221,0.029306527227163315
1281879,50,z,57329.175000000003,44.436315363567985,17.916494209169155,0.06587393523061448,29.98900032043457,11.273656845092773,0.50656998157501221,0.029306527227163315
1339232,1,i,57345.286,-13.883198907129563,6.8513677297844859,0.36472646587782559,2.2190001010894775,3.0779740810394287,0.96937000751495361,0.0068536391481757164
1339232,2,i,57349.243999999999,-11.873419137510183,11.465800951391072,0.21483538147957185,2.1740000247955322,5.5613918304443359,0.96937000751495361,0.0068536391481757164
1339232,3,z,57355.250999999997,-8.8232051213143592,21.262262569141736,0.063613765885643422,22.499000549316406,4.2730369567871094,0.96937000751495361,0.0068536391481757164
1339232,4,i,57356.144,-8.369760620486149,21.028601260756108,0.11696554963850185,25.676000595092773,2.2055766582489014,0.96937000751495361,0.0068536391481757164
1339232,5,z,57359.222000000002,-6.8068242559350765,27.728288850041768,0.059360049661367452,49.090000152587891,14.071450233459473,0.96937000751495361,0.0068536391481757164
1339232,6,z,57365.135000000002,-3.8043412398248764,34.301297742699731,0.048830550488996559,33.055000305175781,2.4026591777801514,0.96937000751495361,0.0068536391481757164
1339232,7,i,57365.220999999998,-3.7606724525134401,31.600089486388264,0.059548250754099266,30.357999801635742,1.3377525806427002,0.96937000751495361,0.0068536391481757164
1339232,8,i,57372.152999999998,-0.24076508439634764,32.19444965354252,0.054921694764540931,32.037998199462891,2.7852694988250732,0.96937000751495361,0.0068536391481757164
1339232,9,z,57372.178,-0.22807066947885765,35.408270071253391,0.038202924891098312,33.935001373291016,4.2050232887268066,0.96937000751495361,0.0068536391481757164
1339232,10,z,57378.142,2.8003089530612488,34.123908781654706,0.036083903557733978,37.243999481201172,4.4504637718200684,0.96937000751495361,0.0068536391481757164
1339232,11,i,57387.107000000004,7.3525261422101051,23.581130946870172,0.066421817220200269,24.979999542236328,1.8042508363723755,0.96937000751495361,0.0068536391481757164
1339232,12,z,57387.129999999997,7.364205003930353,28.228343521732047,0.03623947378658407,27.98699951171875,3.552978515625,0.96937000751495361,0.0068536391481757164
1339232,13,i,57391.171000000002,9.4161302310763908,20.408920849069862,0.076009336803616351,34.25,7.0111956596374512,0.96937000751495361,0.0068536391481757164
1339232,14,z,57394.095999999998,10.90137677633405,22.589028492979715,0.045018874910991401,23.378999710083008,5.3361210823059082,0.96937000751495361,0.0068536391481757164
1339232,15,i,57397.091,12.422167683362158,15.437967634022462,0.061398182586203484,10.427000045776367,2.6171929836273193,0.96937000751495361,0.0068536391481757164
1339232,16,i,57404.044999999998,15.953246136604573,10.470444749290024,0.085171384500190461,13.725000381469727,2.6640713214874268,0.96937000751495361,0.0068536391481757164
1339232,17,z,57406.116000000002,17.004851468310033,14.198366501717739,0.059933729933281769,14.423000335693359,4.8481965065002441,0.96937000751495361,0.0068536391481757164
1339232,18,i,57425.087,26.637881283736267,3.5201018286415171,0.12807584309563635,-2.7039999961853027,3.3569586277008057,0.96937000751495361,0.0068536391481757164
1339232,19,z,57426.069000000003,27.136517901668082,6.5728807020964277,0.089806951468289209,0.33000001311302185,5.3627352714538574,0.96937000751495361,0.0068536391481757164
1334597,1,i,57325.080999999998,-14.573312677152671,43.196220365441285,0.19963103184877079,4.749000072479248,11.731301307678223,0.28999999165534973,0.020987706258893013
1334597,2,i,57325.080999999998,-14.573312677152671,43.196220365441285,0.19963103184877079,4.749000072479248,11.731301307678223,0.28999999165534973,0.020987706258893013
1334597,3,i,57325.080999999998,-14.573312677152671,43.196220365441285,0.19963103184877079,4.749000072479248,11.731301307678223,0.28999999165534973,0.020987706258893013
1334597,4,i,57325.080999999998,-14.573312677152671,43.196220365441285,0.19963103184877079,4.749000072479248,11.731301307678223,0.28999999165534973,0.020987706258893013
1334597,5,r,57327.182000000001,-12.944630496072694,75.921595109720272,0.11506451201694134,79.572998046875,2.6713032722473145,0.28999999165534973,0.020987706258893013
1334597,6,z,57329.116000000002,-11.44540568017222,84.794443808824781,0.1585143995472145,94.961997985839844,4.5484633445739746,0.28999999165534973,0.020987706258893013
1334597,7,g,57331.067000000003,-9.9330025696129898,125.40459203041536,0.10308232401418134,143.55999755859375,2.86606764793396,0.28999999165534973,0.020987706258893013
1334597,8,r,57331.144999999997,-9.872537452947391,147.4756710418666,0.059635961398014865,160.46000671386719,2.5622704029083252,0.28999999165534973,0.020987706258893013
1334597,9,i,57339.046999999999,-3.7469560179724311,271.21205827411535,0.038546639694184613,266.760009765625,4.3672423362731934,0.28999999165534973,0.020987706258893013
1334597,10,z,57339.072999999997,-3.7268009790838978,188.1224511558037,0.075312261352263626,183.66999816894531,4.8796563148498535,0.28999999165534973,0.020987706258893013
1334597,11,g,57339.177000000003,-3.6461808235184852,270.28033653631519,0.03989283088708858,271.97000122070312,2.7907581329345703,0.28999999165534973,0.020987706258893013
1334597,12,r,57339.184999999998,-3.639979273095149,296.94952517384019,0.040571177238418125,289.8900146484375,2.2744238376617432,0.28999999165534973,0.020987706258893013
1334597,13,i,57345.135000000002,0.97242385751977867,303.56166482865115,0.035959524367086028,300.48001098632812,3.2788295745849609,0.28999999165534973,0.020987706258893013
1334597,14,z,57345.163,0.99412928401555589,176.62200890367833,0.081730132847277301,177.30000305175781,3.3203902244567871,0.28999999165534973,0.020987706258893013
1334597,15,g,57346.038,1.6724238620466652,248.39468258729735,0.038562017070274152,248.78999328613281,5.5266475677490234,0.28999999165534973,0.020987706258893013
1334597,16,r,57355.169999999998,8.75149367527934,251.2840903456933,0.029980171009632583,252,4.1574201583862305,0.28999999165534973,0.020987706258893013
1334597,17,i,57355.186000000002,8.7638967761372921,233.33737479094262,0.034167715403195416,225.49000549316406,3.1463174819946289,0.28999999165534973,0.020987706258893013
1334597,18,g,57356.108999999997,9.479400656730979,140.05442417682227,0.052683037631926763,140.92999267578125,1.8838154077529907,0.28999999165534973,0.020987706258893013
1334597,19,r,57365.065000000002,16.422036360560014,156.04645711419766,0.035883084832717863,155.75999450683594,1.5929690599441528,0.28999999165534973,0.020987706258893013
1334597,20,i,57365.080999999998,16.434439461412328,155.78937189450565,0.0479408485066928,161.36000061035156,1.8597023487091064,0.28999999165534973,0.020987706258893013
1334597,21,g,57366.067000000003,17.198780551631383,56.48572550269602,0.076515775495749921,51.487998962402344,2.0010831356048584,0.28999999165534973,0.020987706258893013
1334597,22,z,57366.076000000001,17.205757295861162,93.323573755408276,0.10746668470327023,100.36000061035156,3.4593944549560547,0.28999999165534973,0.020987706258893013
1334597,23,r,57372.059000000001,21.843741821987155,109.22299323699504,0.04197006452377685,107.93000030517578,2.8926401138305664,0.28999999165534973,0.020987706258893013
1334597,24,i,57372.076000000001,21.856920116645913,144.34254859498597,0.040985951971060225,147.25999450683594,2.7782278060913086,0.28999999165534973,0.020987706258893013
1334597,25,g,57373.063999999998,22.622811594466572,30.713829351810997,0.076043498340025759,28.284000396728516,2.8434746265411377,0.28999999165534973,0.020987706258893013
1334597,26,z,57373.072999999997,22.629788338696351,101.20900524030223,0.079260056658163935,106.05999755859375,3.3119289875030518,0.28999999165534973,0.020987706258893013
1334597,27,r,57376.097000000002,24.973974400375653,89.069395512085379,0.04407194217402436,68.439002990722656,17.573905944824219,0.28999999165534973,0.020987706258893013
1334597,28,i,57385.040000000001,31.906532584754782,103.77813285003985,0.0334976823464678,102.80000305175781,2.7295267581939697,0.28999999165534973,0.020987706258893013
1334597,29,g,57386.055999999997,32.694129489071223,14.89673484952092,0.10595130514978665,17.478000640869141,2.1753711700439453,0.28999999165534973,0.020987706258893013
1334597,30,z,57387.046000000002,33.461571354504763,81.480305385357696,0.058042422509228642,89.011001586914062,3.3481910228729248,0.28999999165534973,0.020987706258893013
1334597,31,r,57387.091,33.496455075659298,52.170107511734209,0.055488676050763006,50.818000793457031,1.6093238592147827,0.28999999165534973,0.020987706258893013
1334597,32,i,57389.086000000003,35.042966713572255,87.219091299315309,0.039451408815426622,91.793998718261719,4.1022181510925293,0.28999999165534973,0.020987706258893013
1334597,33,g,57394.071000000004,38.907307823841371,11.805915598652318,0.10079699882072822,10.246000289916992,2.5035054683685303,0.28999999165534973,0.020987706258893013
1334597,34,r,57394.080000000002,38.914284568071146,40.696976308217614,0.047101817030651284,39.594001770019531,2.2220883369445801,0.28999999165534973,0.020987706258893013
1334597,35,z,57395.044999999998,39.662346588411324,54.567549303418076,0.070121869053116251,53.020999908447266,4.7140598297119141,0.28999999165534973,0.020987706258893013
1334597,36,i,57396.072999999997,40.459245818371222,66.787155766291377,0.041370610764646293,69.449996948242188,3.1168704032897949,0.28999999165534973,0.020987706258893013
1334597,37,g,57400.116000000002,43.593354365780655,10.766771572966183,0.12098465762009739,13.097000122070312,3.4889853000640869,0.28999999165534973,0.020987706258893013
1334597,38,r,57401.044000000002,44.312734215395267,34.159035759249925,0.073950086443296634,33.444000244140625,2.1239585876464844,0.28999999165534973,0.020987706258893013
1258940,1,r,56602.093000000001,-12.310539238008127,33.749329450686027,0.26868401170922235,33.070999145507812,3.8020508289337158,0.42693999409675598,0.050740789622068405
1258940,2,i,56602.095000000001,-12.309137637374127,30.766908418695451,0.16920262353521923,28.756999969482422,5.2192926406860352,0.42693999409675598,0.050740789622068405
1258940,3,z,56602.097999999998,-12.307035236425675,27.403184517296705,0.20110257183828945,17.965000152587891,6.8802170753479004,0.42693999409675598,0.050740789622068405
1258940,4,r,56606.082999999999,-9.5143459737471403,62.673627380608323,0.14495155060710524,81.152000427246094,14.171279907226562,0.42693999409675598,0.050740789622068405
1258940,5,i,56606.084999999999,-9.5129443731131396,56.071665633556016,0.092935883889688542,94.641998291015625,17.985054016113281,0.42693999409675598,0.050740789622068405
1258940,6,z,56606.088000000003,-9.5108419721595876,48.724954108728504,0.11380026936683213,66.830001831054688,25.174442291259766,0.42693999409675598,0.050740789622068405
1258940,7,r,56609.084999999999,-7.4105434225398943,90.117469423637147,0.087466139870779572,84.303001403808594,8.5655746459960938,0.42693999409675598,0.050740789622068405
1258940,8,i,56609.087,-7.4091418219058935,79.446133541010155,0.079151393920230018,83.549003601074219,8.9368505477905273,0.42693999409675598,0.050740789622068405
1258940,9,z,56609.089,-7.4077402212718919,67.669287579837672,0.080340793361711557,60.394001007080078,11.175949096679688,0.42693999409675598,0.050740789622068405
1258940,10,r,56616.074999999997,-2.511949207705662,135.39518106014512,0.051742090364638664,180.42999267578125,28.180444717407227,0.42693999409675598,0.050740789622068405
1258940,11,i,56616.076999999997,-2.5105476070716608,120.36189379870568,0.058218855595750907,99.110000610351562,24.836843490600586,0.42693999409675598,0.050740789622068405
1258940,12,z,56616.080000000002,-2.5084452061181097,94.646712184764979,0.057914059830541278,104.91999816894531,28.655649185180664,0.42693999409675598,0.050740789622068405
1258940,13,r,56625.213000000003,3.8919640877448471,124.71656594307167,0.044454506834877942,116.44000244140625,4.218043327331543,0.42693999409675598,0.050740789622068405
1258940,14,i,56625.214999999997,3.8933656883737493,124.44240625725392,0.032238788423969378,127.08000183105469,7.4902820587158203,0.42693999409675598,0.050740789622068405
1258940,15,z,56625.218000000001,3.8954680893273004,95.685134213274495,0.058358102327114782,104.12999725341797,8.1270895004272461,0.42693999409675598,0.050740789622068405
1258940,16,r,56629.040000000001,6.5739269003576952,107.33898193678961,0.038814756619197824,112.94999694824219,6.7629399299621582,0.42693999409675598,0.050740789622068405
1258940,17,i,56629.042000000001,6.5753285009916969,114.73208813814807,0.039427049764571606,126.37000274658203,10.166841506958008,0.42693999409675598,0.050740789622068405
1258940,18,z,56629.044999999998,6.5774309019401489,85.150798134652675,0.04747683541711252,98.384002685546875,13.183969497680664,0.42693999409675598,0.050740789622068405
1258940,19,r,56636.044000000002,11.482332319629935,73.456334153833851,0.048303218649506034,79.763999938964844,5.7402911186218262,0.42693999409675598,0.050740789622068405
1258940,20,i,56636.046000000002,11.483733920263937,87.283225173802379,0.045303015847935613,82.0780029296875,5.9415550231933594,0.42693999409675598,0.050740789622068405
1258940,21,z,56636.048999999999,11.485836321212389,61.883588769882294,0.06102351987211823,52.707000732421875,7.4353313446044922,0.42693999409675598,0.050740789622068405
1258940,22,r,56645.137999999999,17.855410401132421,39.907551154669015,0.069064827842952661,45.278999328613281,8.8439226150512695,0.42693999409675598,0.050740789622068405
1258940,23,i,56645.139999999999,17.856812001766421,61.282255296333751,0.05332803132211425,49.11199951171875,7.8345575332641602,0.42693999409675598,0.050740789622068405
1258940,24,z,56645.142999999996,17.858914402714873,51.381219754729237,0.069541473197554396,50.660999298095703,8.2530574798583984,0.42693999409675598,0.050740789622068405
1258940,25,r,56649.133999999998,20.655808467295412,30.984276433020472,0.039930939242171393,37.826000213623047,6.3571434020996094,0.42693999409675598,0.050740789622068405
1258940,26,i,56649.135999999999,20.657210067929412,54.062918106722023,0.04689291537576986,35.631000518798828,7.9387588500976562,0.42693999409675598,0.050740789622068405
1258940,27,z,56649.139000000003,20.659312468882966,49.509060063640206,0.05658988091136375,58.355998992919922,10.121231079101562,0.42693999409675598,0.050740789622068405
1258940,28,r,56653.148999999998,23.469521739478864,24.545951383508552,0.049452512725640614,22.424999237060547,6.8088212013244629,0.42693999409675598,0.050740789622068405
1258940,29,i,56653.150999999998,23.470923340112865,47.603900032802116,0.052803239413547372,53.71099853515625,9.1146068572998047,0.42693999409675598,0.050740789622068405
1258940,30,z,56653.152999999998,23.472324940746866,46.323475942191394,0.060436682633728943,63.467998504638672,16.060956954956055,0.42693999409675598,0.050740789622068405
1258940,31,r,56660.063000000002,28.314855130236353,17.059809211595852,0.078001691208166676,14.02400016784668,4.1772599220275879,0.42693999409675598,0.050740789622068405
1258940,32,z,56660.067999999999,28.318359131818806,38.950296352737155,0.091216331903551232,36.948001861572266,8.5081968307495117,0.42693999409675598,0.050740789622068405
1258940,33,r,56669.046000000002,34.610144376569629,12.008913467429021,0.071425589390758784,8.2189998626708984,10.516050338745117,0.42693999409675598,0.050740789622068405
1258940,34,i,56669.048000000003,34.611545977203626,26.734851844485899,0.050592078574564769,36.465000152587891,9.6754579544067383,0.42693999409675598,0.050740789622068405
1258940,35,z,56669.050999999999,34.613648378152078,27.07289753326976,0.054572267739297582,32.472000122070312,9.6088180541992188,0.42693999409675598,0.050740789622068405
1258940,36,r,56676.059999999998,39.525557799006776,10.08144957714704,0.063960561309530151,4.130000114440918,7.2870087623596191,0.42693999409675598,0.050740789622068405
1258940,37,i,56676.061999999998,39.526959399640774,21.505855018981617,0.044586341890220309,23.320999145507812,6.7813000679016113,0.42693999409675598,0.050740789622068405
1258940,38,z,56676.063999999998,39.528361000274778,20.634223519866183,0.072785073652654214,10.156999588012695,7.8687477111816406,0.42693999409675598,0.050740789622068405
1258940,39,r,56683.042000000001,44.418545611310101,8.9651145919525597,0.091477399411482252,-2.0859999656677246,7.2543821334838867,0.42693999409675598,0.050740789622068405
1258940,40,i,56683.044000000002,44.419947211944105,18.389513004982607,0.065905090420384047,13.64900016784668,8.7509212493896484,0.42693999409675598,0.050740789622068405
1258940,41,z,56683.046000000002,44.421348812578103,16.947758427771948,0.09197268565171246,15.802000045776367,11.732131004333496,0.42693999409675598,0.050740789622068405
1263369,1,g,56649.131999999998,-12.794538771042147,43.320812213864322,0.21407266747080245,35.180000305175781,6.0920114517211914,0.31343001127243042,0.056573309004306793
1263369,2,r,56649.133999999998,-12.793016040494464,55.41563524475324,0.11615596915551014,41.470001220703125,6.8849635124206543,0.31343001127243042,0.056573309004306793
1263369,3,i,56649.135999999999,-12.791493309946782,51.584276107230409,0.14419050427627497,38.994998931884766,8.9637231826782227,0.31343001127243042,0.056573309004306793
1263369,4,z,56649.139000000003,-12.789209214122488,46.048629592920157,0.22445947547598361,55.779998779296875,10.825913429260254,0.31343001127243042,0.056573309004306793
1263369,5,g,56653.146999999997,-9.7376571971928101,90.223050239509831,0.10418537867169157,109.62000274658203,6.5078926086425781,0.31343001127243042,0.056573309004306793
1263369,6,r,56653.148999999998,-9.7361344666451277,108.00336927795615,0.060233449300955207,120.73000335693359,7.9056129455566406,0.31343001127243042,0.056573309004306793
1263369,7,i,56653.150999999998,-9.7346117360974453,99.645399679848637,0.075336450863178583,99.291000366210938,10.234171867370605,0.31343001127243042,0.056573309004306793
1263369,8,z,56653.152999999998,-9.733089005549763,85.251952061642726,0.1225384038230326,91.6719970703125,17.247114181518555,0.31343001127243042,0.056573309004306793
1263369,9,g,56660.061000000002,-4.4735776949236845,190.6694340409008,0.042001883118825689,183.83999633789062,3.6183841228485107,0.31343001127243042,0.056573309004306793
1263369,10,r,56660.063000000002,-4.4720549643760021,211.94823031830518,0.042356326393303972,218.16000366210938,4.6404194831848145,0.31343001127243042,0.056573309004306793
1263369,11,i,56660.065000000002,-4.4705322338283198,194.27163951305934,0.039524572348369057,176.63999938964844,7.005683422088623,0.31343001127243042,0.056573309004306793
1263369,12,z,56660.067999999999,-4.4682481380095664,146.97666595644336,0.072494699242870081,167.52999877929688,9.4196319580078125,0.31343001127243042,0.056573309004306793
1263369,13,g,56669.044000000002,2.3657665585988799,167.21044488373997,0.041072753976424722,169.13999938964844,15.351868629455566,0.31343001127243042,0.056573309004306793
1263369,14,r,56669.046000000002,2.3672892891465627,228.51396549785088,0.02442425096717242,248.41000366210938,11.233768463134766,0.31343001127243042,0.056573309004306793
1263369,15,i,56669.048000000003,2.368812019694245,224.78272912338775,0.03622282268898222,226.08000183105469,11.021942138671875,0.31343001127243042,0.056573309004306793
1263369,16,z,56669.050999999999,2.3710961155129988,142.30414015311203,0.077840547650823683,145.50999450683594,10.752267837524414,0.31343001127243042,0.056573309004306793
1263369,17,g,56676.057999999997,7.7059825882299702,110.31991750300776,0.047205245312114827,111.41000366210938,7.371063232421875,0.31343001127243042,0.056573309004306793
1263369,18,r,56676.059999999998,7.7075053187776525,189.82967322278407,0.030185102850780281,189.52999877929688,8.0878715515136719,0.31343001127243042,0.056573309004306793
1263369,19,i,56676.061999999998,7.7090280493253349,186.63131780801405,0.031457590115600786,170.17999267578125,7.7331185340881348,0.31343001127243042,0.056573309004306793
1263369,20,z,56676.063999999998,7.7105507798730173,115.7125446928698,0.068360226961247134,133.58000183105469,8.7498073577880859,0.31343001127243042,0.056573309004306793
1263369,21,g,56683.038999999997,13.021073563832608,60.772708025486821,0.055379939865620446,52.13800048828125,7.7338757514953613,0.31343001127243042,0.056573309004306793
1263369,22,r,56683.042000000001,13.023357659656902,137.5375231028367,0.030845408747969868,129.25999450683594,8.0867671966552734,0.31343001127243042,0.056573309004306793
1263369,23,i,56683.044000000002,13.024880390204585,135.00906160603486,0.040256570741881076,124.62999725341797,9.8152427673339844,0.31343001127243042,0.056573309004306793
1263369,24,z,56683.046999999999,13.027164486023338,81.265445987889322,0.090772348266570574,93.162002563476562,13.046974182128906,0.31343001127243042,0.056573309004306793
1263369,25,g,56690.065000000002,18.370425976755332,31.834632225645052,0.081947002172246125,37.451000213623047,3.7775883674621582,0.31343001127243042,0.056573309004306793
1263369,26,r,56690.067999999999,18.372710072574087,92.438682270679578,0.041249562328870136,97.949996948242188,5.0148777961730957,0.31343001127243042,0.056573309004306793
1263369,27,i,56690.07,18.374232803121771,113.75659645835096,0.043098024064067486,112.08000183105469,6.8451700210571289,0.31343001127243042,0.056573309004306793
1263369,28,z,56690.072,18.375755533669452,79.569896875050958,0.0845961715236829,82.557998657226562,9.2735099792480469,0.31343001127243042,0.056573309004306793
1263369,29,g,56697.036999999997,23.678664664890633,18.030915408068243,0.083218922082371985,1.2949999570846558,12.890154838562012,0.31343001127243042,0.056573309004306793
1263369,30,r,56697.038999999997,23.680187395438313,61.236637116590735,0.052874740975554696,62.398998260498047,9.6829118728637695,0.31343001127243042,0.056573309004306793
1263369,31,i,56697.040999999997,23.681710125985997,101.19628797268213,0.040557842784803823,97.137001037597656,9.2437686920166016,0.31343001127243042,0.056573309004306793
1263369,32,z,56697.042999999998,23.683232856533678,83.208240234247569,0.068612957886019094,88.609001159667969,10.588610649108887,0.31343001127243042,0.056573309004306793
1252829,1,r,56543.326999999997,-14.382979119439941,8.7264076147748089,0.46622091505255342,6.2389998435974121,7.1666927337646484,0.45287999510765076,0.020278874784708023
1252829,2,i,56543.328999999998,-14.381602543255299,10.453790789457919,0.40657355578316734,4.9479999542236328,9.5594816207885742,0.45287999510765076,0.020278874784708023
1252829,3,z,56543.332000000002,-14.379537678975833,9.2842836528099877,0.52088914580501255,28.273000717163086,11.399493217468262,0.45287999510765076,0.020278874784708023
1252829,4,r,56547.214999999997,-11.706915017042462,23.800991069442595,0.44278953650617231,27.833999633789062,7.0316896438598633,0.45287999510765076,0.020278874784708023
1252829,5,i,56547.216999999997,-11.70553844085782,25.185553577839652,0.29013875170667303,20.885000228881836,9.4693088531494141,0.45287999510765076,0.020278874784708023
1252829,6,z,56547.220000000001,-11.703473576578354,22.981983100711613,0.33140086521938261,11.170000076293945,12.315822601318359,0.45287999510765076,0.020278874784708023
1252829,7,r,56551.296000000002,-8.898011312849599,51.559080655731108,0.20353514531217545,73.78900146484375,15.76649284362793,0.45287999510765076,0.020278874784708023
1252829,8,i,56551.298000000003,-8.8966347366649572,49.432577499346479,0.14653165143478952,46.859001159667969,16.108221054077148,0.45287999510765076,0.020278874784708023
1252829,9,z,56551.300999999999,-8.8945698723905,46.281317787755938,0.16395455571506887,24.87299919128418,15.436224937438965,0.45287999510765076,0.020278874784708023
1252829,10,r,56559.169000000002,-3.4791191631120402,121.2316717587277,0.074918868134839611,177.66000366210938,67.473762512207031,0.45287999510765076,0.020278874784708023
1252829,11,z,56559.173999999999,-3.4756777226529398,98.195368272099799,0.073893715009772737,132.80999755859375,29.120758056640625,0.45287999510765076,0.020278874784708023
1252829,12,r,56563.262000000002,-0.66195600181633574,129.70965257101659,0.062008545034966021,138.30999755859375,6.5355253219604492,0.45287999510765076,0.020278874784708023
1252829,13,i,56563.264000000003,-0.66057942563169414,118.39921657696443,0.049488538637655011,118.59999847412109,8.8067960739135742,0.45287999510765076,0.020278874784708023
1252829,14,z,56563.266000000003,-0.65920284944705243,104.08556854214024,0.064409446377115598,91.893997192382812,11.43419361114502,0.45287999510765076,0.020278874784708023
1252829,15,r,56567.160000000003,2.0209909815043523,125.11838191905194,0.043007174745743386,125.95999908447266,15.106478691101074,0.45287999510765076,0.020278874784708023
1252829,16,i,56567.161999999997,2.0223675576839861,120.6841391398755,0.032610348101306856,110.83000183105469,11.210129737854004,0.45287999510765076,0.020278874784708023
1252829,17,z,56567.163999999997,2.0237441338686275,107.13879422354816,0.050289943020138166,107.80999755859375,13.989119529724121,0.45287999510765076,0.020278874784708023
1252829,18,r,56575.139000000003,7.5128416690128947,87.418285505586766,0.053166105883982233,90.502998352050781,4.5358667373657227,0.45287999510765076,0.020278874784708023
1252829,19,i,56575.141000000003,7.5142182451975366,100.06978264140373,0.047053790455726614,92.939002990722656,6.0765891075134277,0.45287999510765076,0.020278874784708023
1252829,20,z,56575.144,7.5162831094719946,83.413745927123216,0.059746170502677713,87.306999206542969,7.9667935371398926,0.45287999510765076,0.020278874784708023
1252829,21,r,56579.127999999997,10.258422868717251,66.430287898392081,0.068898179442755642,44.472999572753906,11.879101753234863,0.45287999510765076,0.020278874784708023
1252829,22,i,56579.129999999997,10.259799444901891,83.041227868493493,0.056062105625261351,81.625,11.202614784240723,0.45287999510765076,0.020278874784708023
1252829,23,z,56579.133000000002,10.261864309181357,69.067794946205126,0.071150679874078568,90.337997436523438,11.454755783081055,0.45287999510765076,0.020278874784708023
1252829,24,r,56591.078999999998,18.484153858368206,25.563850000762585,0.097456142878641266,22.999000549316406,9.0948114395141602,0.45287999510765076,0.020278874784708023
1252829,25,i,56591.080999999998,18.485530434552846,51.120325990869993,0.078752040829495148,54.131999969482422,12.424945831298828,0.45287999510765076,0.020278874784708023
1252829,26,z,56591.084000000003,18.487595298832314,52.783233687412611,0.081858645028723753,33.167999267578125,15.334696769714355,0.45287999510765076,0.020278874784708023
1252829,27,i,56595.087,21.242812531829159,44.024752477789143,0.079310217679791351,36.264999389648438,30.255203247070312,0.45287999510765076,0.020278874784708023
1252829,28,z,56595.089,21.244189108013803,48.866825512497392,0.089448603466400295,43.144001007080078,25.864128112792969,0.45287999510765076,0.020278874784708023
1252829,29,r,56602.065999999999,26.046375127157106,13.158339042882798,0.079617458918780248,9.1420001983642578,4.3316316604614258,0.45287999510765076,0.020278874784708023
1252829,30,i,56602.067999999999,26.047751703341746,32.510563266637938,0.076028572560252514,31.350000381469727,5.9926786422729492,0.45287999510765076,0.020278874784708023
1252829,31,z,56602.07,26.049128279526389,37.258160174433478,0.12939688245444997,60.446998596191406,8.0503301620483398,0.45287999510765076,0.020278874784708023
1252829,32,z,56607.040999999997,29.470608385754574,29.133855546793061,0.16423583547986498,-3.1140000820159912,28.156877517700195,0.45287999510765076,0.020278874784708023
1252829,33,r,56615.025000000001,34.965900513727227,8.3981577040325259,0.07994376410338061,4.7610001564025879,11.603326797485352,0.45287999510765076,0.020278874784708023
1252829,34,i,56615.027000000002,34.967277089911867,19.085961479064853,0.063031235046776199,250.75,137.29934692382812,0.45287999510765076,0.020278874784708023
1252829,35,r,56618.033000000003,37.036271095007585,7.8707284151701664,0.084926458289242224,3.5729999542236328,5.7866630554199219,0.45287999510765076,0.020278874784708023
1252829,36,i,56618.035000000003,37.037647671192225,17.722204443508499,0.067416854703954171,15.189000129699707,8.7028474807739258,0.45287999510765076,0.020278874784708023
1252829,37,z,56618.038,37.039712535466684,18.352511470928253,0.097301476815283089,29.854999542236328,11.002374649047852,0.45287999510765076,0.020278874784708023
1252829,38,r,56627.053,43.244629686474362,6.842608174243221,0.10127560067817884,1.4270000457763672,3.8804681301116943,0.45287999510765076,0.020278874784708023
1252829,39,i,56627.055,43.246006262659002,15.072081796596386,0.063940297537716573,19.158000946044922,5.340184211730957,0.45287999510765076,0.020278874784708023
1252829,40,z,56627.057999999997,43.248071126933461,14.898072366286438,0.11085600046820132,19.568000793457031,6.9952020645141602,0.45287999510765076,0.020278874784708023
1255730,1,i,56559.232000000004,-14.66144073990119,3.3872654893412739,0.25119848873762884,8.7840003967285156,4.025148868560791,0.69242000579833984,0.023926109075546265
1255730,2,r,56559.298999999999,-14.621852458170938,2.8719267018775105,0.43426856795159779,-5.8390002250671387,4.3045392036437988,0.69242000579833984,0.023926109075546265
1255730,3,i,56564.267,-11.686410911167199,8.1718295892032327,0.10907598443459204,5.1770000457763672,1.9082781076431274,0.69242000579833984,0.023926109075546265
1255730,4,r,56564.309999999998,-11.661003506474199,7.1541973725512547,0.22292207486049334,9.2259998321533203,2.267838716506958,0.69242000579833984,0.023926109075546265
1255730,5,i,56568.218999999997,-9.3512931588021289,13.271911348369763,0.067418676374325456,14.335000038146973,1.9438077211380005,0.69242000579833984,0.023926109075546265
1255730,6,r,56568.271999999997,-9.3199770553418162,11.995558557980834,0.13359166445551493,13.529999732971191,1.6336033344268799,0.69242000579833984,0.023926109075546265
1255730,7,i,56576.125,-4.6798759143142288,25.035679914614047,0.048377369884293003,26.035999298095703,1.9140087366104126,0.69242000579833984,0.023926109075546265
1255730,8,r,56576.190999999999,-4.6408785024585582,23.494938331217735,0.054082314661392197,21.719999313354492,1.8435263633728027,0.69242000579833984,0.023926109075546265
1255730,9,i,56580.133000000002,-2.3116694488565028,27.329288454935835,0.044638202033243923,24.403999328613281,3.431462287902832,0.69242000579833984,0.023926109075546265
1255730,10,r,56580.154999999999,-2.2986703115727125,24.812995252729305,0.051726137230317305,27.593999862670898,4.1482133865356445,0.69242000579833984,0.023926109075546265
1255730,11,i,56592.082000000002,4.7486347067682715,24.749178912051434,0.028766490492076337,27.320999145507812,3.5105443000793457,0.69242000579833984,0.023926109075546265
1255730,12,r,56592.108,4.7639973235589874,18.816724111261038,0.054379713232407582,18.052999496459961,2.5201930999755859,0.69242000579833984,0.023926109075546265
1255730,13,i,56602.250999999997,10.75719048202191,16.995945667609945,0.0454229517482213,16.846000671386719,2.5374941825866699,0.69242000579833984,0.023926109075546265
1255730,14,r,56603.052000000003,11.230477253191287,10.300404527672386,0.068085981293608044,11.258999824523926,2.2153580188751221,0.69242000579833984,0.023926109075546265
1255730,15,i,56608.207000000002,14.276411467120141,12.559784175128323,0.045304286102971048,14.739999771118164,2.9581179618835449,0.69242000579833984,0.023926109075546265
1255730,16,i,56615.205999999998,18.411909733518041,8.7467349490967425,0.058538749166409214,2.437999963760376,5.6297073364257812,0.69242000579833984,0.023926109075546265
1255730,17,r,56616.086000000003,18.931875224938445,3.9951678439108265,0.064679237130749939,-3.5539999008178711,16.012216567993164,0.69242000579833984,0.023926109075546265
1255730,18,i,56627.120000000003,25.451533443463667,4.9846103181975741,0.076017137244274238,1.6579999923706055,1.834926962852478,0.69242000579833984,0.023926109075546265
1255730,19,r,56627.161,25.475759108403203,2.0664421367585812,0.11662719579980434,1.9019999504089355,1.3198354244232178,0.69242000579833984,0.023926109075546265
1255730,20,i,56636.103999999999,30.759908414934685,3.425540312837541,0.08170814797313368,4.939000129699707,2.4824807643890381,0.69242000579833984,0.023926109075546265
1255730,21,r,56636.152000000002,30.78827016901349,1.4871688254543005,0.12111389271669927,2.6919999122619629,2.421931266784668,0.69242000579833984,0.023926109075546265
1255730,22,i,56646.086000000003,36.657971523267506,2.573751208722836,0.092990256958343093,4.1129999160766602,2.0893640518188477,0.69242000579833984,0.023926109075546265
1255730,23,r,56646.110000000001,36.672152400304761,1.1586666303381503,0.1379911450693542,4.5289998054504395,2.3739168643951416,0.69242000579833984,0.023926109075546265
1255730,24,i,56653.124000000003,40.81651371485578,2.2624395875418317,0.074085623488610128,-0.074000000953674316,3.0131311416625977,0.69242000579833984,0.023926109075546265
1255730,25,r,56654.091,41.387884885536764,1.0183323423247159,0.11590864969202094,1.1160000562667847,1.3265349864959717,0.69242000579833984,0.023926109075546265
1249137,1,g,56520.222000000002,-9.4686430492305504,123.87151404014303,0.10665995827402001,124.08999633789062,6.1695590019226074,0.22396999597549438,0.0085306521505117416
1249137,2,r,56520.224999999999,-9.466192008758286,149.10708919025348,0.05960601602471377,144.55999755859375,5.4748992919921875,0.22396999597549438,0.0085306521505117416
1249137,3,i,56520.226999999999,-9.4645579817747958,150.50175940697426,0.067799922332409585,156.46000671386719,5.7507872581481934,0.22396999597549438,0.0085306521505117416
1249137,4,z,56520.228999999999,-9.4629239547913038,119.40956204460628,0.10489450752276337,113.98999786376953,7.084810733795166,0.22396999597549438,0.0085306521505117416
1249137,5,g,56534.154000000002,1.9139889154500909,241.14618230750185,0.036493615872418478,241.5,3.0191218852996826,0.22396999597549438,0.0085306521505117416
1249137,6,r,56534.156999999999,1.9164399559223553,322.54143750826711,0.022818921236613145,321.42999267578125,4.5278253555297852,0.22396999597549438,0.0085306521505117416
1249137,7,i,56534.159,1.9180739829058464,304.77525802442017,0.036300063599294836,311.17001342773438,6.7695050239562988,0.22396999597549438,0.0085306521505117416
1249137,8,z,56534.161,1.9197080098893375,176.86257709929239,0.061593328236037657,164.69999694824219,10.317551612854004,0.22396999597549438,0.0085306521505117416
1249137,9,r,56538.163,5.189396003189243,297.505235456089,0.024916825353226337,297.60000610351562,4.6578388214111328,0.22396999597549438,0.0085306521505117416
1249137,10,i,56538.165000000001,5.1910300301727341,283.14041283858074,0.036983260215075774,291.33999633789062,6.471343994140625,0.22396999597549438,0.0085306521505117416
1249137,11,z,56538.167999999998,5.1934810706449985,158.49150521644032,0.068451528511156642,161.77000427246094,8.1898622512817383,0.22396999597549438,0.0085306521505117416
1249137,12,g,56543.091999999997,9.216455503179743,141.91985989209945,0.045401825867487061,134.78999328613281,4.8621106147766113,0.22396999597549438,0.0085306521505117416
1249137,13,r,56543.093999999997,9.2180895301632351,247.96474902474421,0.031513746138791605,250.1199951171875,7.5336523056030273,0.22396999597549438,0.0085306521505117416
1249137,14,i,56543.095999999998,9.2197235571467253,224.83849590938215,0.034875493730223341,216.86000061035156,10.951217651367188,0.22396999597549438,0.0085306521505117416
1249137,15,z,56543.099000000002,9.2221745976249352,122.21273636357938,0.070694823519011296,124.19999694824219,15.490688323974609,0.22396999597549438,0.0085306521505117416
1249137,16,g,56547.080999999998,12.47552232108993,99.071927395150567,0.044206289508580555,88.707000732421875,10.402495384216309,0.22396999597549438,0.0085306521505117416
1249137,17,r,56547.082999999999,12.47715634807342,201.53989548785452,0.028761795519207285,207.88999938964844,9.6484661102294922,0.22396999597549438,0.0085306521505117416
1249137,18,i,56547.084999999999,12.478790375056912,186.19638511617509,0.038524865319609941,173.22999572753906,10.241843223571777,0.22396999597549438,0.0085306521505117416
1249137,19,z,56547.087,12.480424402040402,100.72677446663907,0.10271599916903135,101.84999847412109,11.738510131835938,0.22396999597549438,0.0085306521505117416
1249137,20,g,56551.260000000002,15.889821702402045,65.455513654987172,0.063261690483280161,56.01300048828125,27.447288513183594,0.22396999597549438,0.0085306521505117416
1249137,21,r,56551.262000000002,15.891455729385537,164.02922458822329,0.034511429916348466,180.96000671386719,23.22239875793457,0.22396999597549438,0.0085306521505117416
1249137,22,i,56551.264000000003,15.893089756369028,165.93094685070403,0.042316576602920868,153.83000183105469,19.271162033081055,0.22396999597549438,0.0085306521505117416
1249137,23,z,56551.267,15.895540796841292,100.68569464821746,0.098802375565036848,88.677001953125,16.922883987426758,0.22396999597549438,0.0085306521505117416
1249137,24,g,56558.052000000003,21.438977337208364,34.896226609715256,0.055370082599799565,39.353000640869141,3.882380485534668,0.22396999597549438,0.0085306521505117416
1249137,25,r,56558.053999999996,21.440611364185909,124.26706087067329,0.035404367996850337,126.93000030517578,5.4605855941772461,0.22396999597549438,0.0085306521505117416
1249137,26,i,56558.055999999997,21.442245391169401,151.84254200001163,0.036265752720571101,153.1300048828125,8.4590864181518555,0.22396999597549438,0.0085306521505117416
1249137,27,z,56558.059000000001,21.444696431647611,112.00232867214697,0.081305478164724873,102.18000030517578,10.649692535400391,0.22396999597549438,0.0085306521505117416
1249137,28,g,56563.036999999997,25.511789592724725,24.17475181253316,0.084025807105824413,20.729000091552734,5.3108682632446289,0.22396999597549438,0.0085306521505117416
1249137,29,r,56563.038999999997,25.513423619708217,101.01299902890922,0.037818395924367677,115.94999694824219,7.6660518646240234,0.22396999597549438,0.0085306521505117416
1249137,30,i,56563.040999999997,25.515057646691709,135.61199229080023,0.049571993705236662,121.44999694824219,11.066755294799805,0.22396999597549438,0.0085306521505117416
1249137,31,z,56563.044000000002,25.517508687169919,116.18067359586061,0.065931459791967378,115.09999847412109,14.413107872009277,0.22396999597549438,0.0085306521505117416
1249137,32,g,56567.082000000002,28.816609166166717,19.673838014705041,0.10250056827338515,38.66400146484375,19.088750839233398,0.22396999597549438,0.0085306521505117416
1249137,33,r,56567.084000000003,28.818243193150209,85.706914066447794,0.044039874607678046,113.27999877929688,47.499221801757812,0.22396999597549438,0.0085306521505117416
1249137,34,i,56567.086000000003,28.819877220133701,119.635029510534,0.055480691778479634,44.583999633789062,64.443855285644531,0.22396999597549438,0.0085306521505117416
1249137,35,z,56567.088000000003,28.82151124711719,110.62689424883315,0.076150658275986313,167.30000305175781,75.632919311523438,0.22396999597549438,0.0085306521505117416
1249137,36,g,56575.027999999998,35.308598370251232,14.168674567940371,0.096399010355275122,6.4860000610351562,3.9897167682647705,0.22396999597549438,0.0085306521505117416
1249137,37,r,56575.029999999999,35.310232397234721,60.49452270731377,0.04062114110969952,69.865997314453125,4.6769237518310547,0.22396999597549438,0.0085306521505117416
1249137,38,i,56575.031999999999,35.311866424218216,82.247545612985633,0.036347390121515714,73.057998657226562,6.2961735725402832,0.22396999597549438,0.0085306521505117416
1249137,39,z,56575.035000000003,35.314317464696423,81.483228669136821,0.068640028089254512,77.40899658203125,8.153651237487793,0.22396999597549438,0.0085306521505117416
1249137,40,g,56578.999000000003,38.552958945315943,12.46215934812904,0.082066658667163339,21.143999099731445,13.350821495056152,0.22396999597549438,0.0085306521505117416
1249137,41,r,56579.000999999997,38.554592972293484,52.097598910518677,0.033172798449854435,69.846000671386719,11.405444145202637,0.22396999597549438,0.0085306521505117416
1249137,42,i,56579.002999999997,38.55622699927698,68.799741727370701,0.042119067888191773,74.997001647949219,12.514081001281738,0.22396999597549438,0.0085306521505117416
1249137,43,z,56579.006000000001,38.558678039755186,67.092648996625513,0.059892313778376727,51.769001007080078,14.576680183410645,0.22396999597549438,0.0085306521505117416
1253857,1,z,56558.262000000002,-11.844181253946179,10.469028957737057,0.12323083811186146,2.250999927520752,10.635326385498047,0.85799998044967651,0.021371293812990189
1253857,2,i,56559.232000000004,-11.322114510023823,13.478497868161305,0.17885607763736372,18.721000671386719,4.2327213287353516,0.85799998044967651,0.021371293812990189
1253857,3,z,56563.338000000003,-9.1122113651346464,17.238237350322709,0.074891088464333011,19.732000350952148,4.014500617980957,0.85799998044967651,0.021371293812990189
1253857,4,i,56564.267,-8.6122113598754364,21.736263542466755,0.11086221551032108,22.947999954223633,1.9897798299789429,0.85799998044967651,0.021371293812990189
1253857,5,z,56568.148000000001,-6.523406171049797,24.153290305710932,0.06784949448087102,20.610000610351562,3.1642813682556152,0.85799998044967651,0.021371293812990189
1253857,6,i,56568.218999999997,-6.4851930382492835,28.784840435553228,0.061812786615932355,27.5,2.0207092761993408,0.85799998044967651,0.021371293812990189
1253857,7,z,56575.317000000003,-2.6649561842706619,29.940814980025372,0.055562917674014625,31.815000534057617,3.771580696105957,0.85799998044967651,0.021371293812990189
1253857,8,i,56576.125,-2.2300799687167139,35.797517110334475,0.050762558002920226,35.928001403808594,2.0023806095123291,0.85799998044967651,0.021371293812990189
1253857,9,z,56579.266000000003,-0.53955250205707006,30.584235707937559,0.047481560687901332,33.830001831054688,3.5413131713867188,0.85799998044967651,0.021371293812990189
1253857,10,i,56580.133000000002,-0.072921711356772348,35.920706430232777,0.046056676596000136,32.431999206542969,3.6198644638061523,0.85799998044967651,0.021371293812990189
1253857,11,i,56592.082000000002,6.3581870753659304,28.659901621777184,0.050693857902458062,31.018999099731445,3.6473569869995117,0.85799998044967651,0.021371293812990189
1253857,12,z,56595.169000000002,8.0196510325681327,25.475607541962631,0.039520481674134147,13.166000366210938,13.95269775390625,0.85799998044967651,0.021371293812990189
1253857,13,z,56602.205000000002,11.806518671983927,21.255059317932879,0.041270964404188731,22.076000213623047,3.2958629131317139,0.85799998044967651,0.021371293812990189
1253857,14,i,56602.250999999997,11.831276476332066,19.014433216804314,0.052870733130506081,19.760000228881836,2.7057340145111084,0.85799998044967651,0.021371293812990189
1253857,15,z,56608.133999999998,14.997584367561331,17.5230004656479,0.046630983144963084,17.746999740600586,3.7918238639831543,0.85799998044967651,0.021371293812990189
1253857,16,i,56608.207000000002,15.036873926642107,13.481530666077251,0.06295538110991826,13.069000244140625,2.9966976642608643,0.85799998044967651,0.021371293812990189
1253857,17,z,56615.112000000001,18.753235644970907,13.657180356118374,0.052626551557879958,10.657999992370605,6.1855945587158203,0.85799998044967651,0.021371293812990189
1253857,18,i,56615.205999999998,18.803827679947446,8.9795644076612628,0.06322656653739582,8.4689998626708984,5.7264881134033203,0.85799998044967651,0.021371293812990189
1253857,19,z,56627.072,25.190264776211556,8.4537235504285313,0.066910796110362991,4.6539998054504395,2.4013619422912598,0.85799998044967651,0.021371293812990189
1253857,20,i,56627.120000000003,25.216099006839958,4.767299235182608,0.089049637244020444,5.8649997711181641,1.9244848489761353,0.85799998044967651,0.021371293812990189
1253857,21,z,56635.150000000001,29.53795050549035,6.1454607570733915,0.092035772178089489,-2.8139998912811279,4.9305100440979004,0.85799998044967651,0.021371293812990189
1253857,22,i,56636.103999999999,30.051405839201934,3.3362403431397198,0.12451224915837854,3.9249999523162842,2.5980544090270996,0.85799998044967651,0.021371293812990189
1253857,23,z,56640.07,32.185959144762514,5.2007743950682039,0.086519196012122226,20.285999298095703,9.3789758682250977,0.85799998044967651,0.021371293812990189
1253857,24,i,56646.086000000003,35.423849383355119,2.5178092787786843,0.11856900354426231,3.496999979019165,2.1776463985443115,0.85799998044967651,0.021371293812990189
1253857,25,z,56647.046999999999,35.941072209031958,4.2178616057420797,0.10750532364857809,5.8229999542236328,2.4671528339385986,0.85799998044967651,0.021371293812990189
1253857,26,i,56653.123,39.211255235907132,2.213374801223646,0.095955211286844574,1.1160000562667847,3.0700116157531738,0.85799998044967651,0.021371293812990189
1253857,27,z,56654.044999999998,39.707487749201086,3.6607639138828838,0.079741542553738068,6.7610001564025879,2.8720188140869141,0.85799998044967651,0.021371293812990189
1253857,28,z,56661.055999999997,43.480900060164501,3.2801464161276548,0.099263399542018613,3.6540000438690186,4.8242325782775879,0.85799998044967651,0.021371293812990189
1253857,29,i,56661.103000000003,43.506196077656689,1.9594919741569838,0.11498851593855047,-1.1859999895095825,3.1215600967407227,0.85799998044967651,0.021371293812990189
1258118,1,r,56590.298999999999,-9.6222983778570157,20.904935504379534,0.15181880759822891,41.583000183105469,15.290777206420898,0.62638002634048462,0.027773518115282059
1258118,2,i,56590.300999999999,-9.6210686529661444,23.613893169251796,0.077031257867526876,30.809999465942383,11.880908012390137,0.62638002634048462,0.027773518115282059
1258118,3,z,56590.303999999996,-9.6192240656320731,22.345257440259523,0.11101824381479652,17.646999359130859,14.549863815307617,0.62638002634048462,0.027773518115282059
1258118,4,r,56594.107000000004,-7.2809021861115255,32.184615135197028,0.083620436490348921,25.701000213623047,7.820279598236084,0.62638002634048462,0.027773518115282059
1258118,5,i,56594.108999999997,-7.2796724612251271,35.561779477029603,0.062193900334355817,40.918998718261719,11.233084678649902,0.62638002634048462,0.027773518115282059
1258118,6,z,56594.112000000001,-7.2778278738865829,33.440626408895142,0.090293344838306894,26.277999877929688,15.491060256958008,0.62638002634048462,0.027773518115282059
1258118,7,r,56602.080000000002,-2.3786039096513965,47.69230160982012,0.053234816679135752,49.034999847412109,4.0691318511962891,0.62638002634048462,0.027773518115282059
1258118,8,i,56602.082000000002,-2.3773741847605248,52.95820706420664,0.044938760170849433,50.978000640869141,5.1130261421203613,0.62638002634048462,0.027773518115282059
1258118,9,z,56602.084000000003,-2.3761444598696531,50.74801155780942,0.063761236567005317,48.235000610351562,7.0621957778930664,0.62638002634048462,0.027773518115282059
1258118,10,i,56606.072,0.075926972027447082,54.768889637549847,0.024890392598449915,53.202999114990234,20.853878021240234,0.62638002634048462,0.027773518115282059
1258118,11,z,56606.074000000001,0.077156696918318765,53.800835082218398,0.033771156337448031,24.812999725341797,27.436517715454102,0.62638002634048462,0.027773518115282059
1258118,12,r,56609.071000000004,1.9198994455159957,45.125423617174107,0.043689398702513774,51.292999267578125,9.6985034942626953,0.62638002634048462,0.027773518115282059
1258118,13,i,56609.072999999997,1.9211291704023936,54.111929110743368,0.025088273943704883,53.493999481201172,9.0363006591796875,0.62638002634048462,0.027773518115282059
1258118,14,z,56609.076000000001,1.922973757740938,54.443522803114114,0.033342046351522221,61.909000396728516,9.9040508270263672,0.62638002634048462,0.027773518115282059
1258118,15,r,56616.061999999998,6.2184028006789136,34.342970807769753,0.042791065511229902,20.545000076293945,11.732540130615234,0.62638002634048462,0.027773518115282059
1258118,16,i,56616.063999999998,6.2196325255697857,46.008288252131599,0.033833325988359163,55.800998687744141,13.840987205505371,0.62638002634048462,0.027773518115282059
1258118,17,z,56616.065999999999,6.220862250460657,50.200928448645755,0.042045211533998712,50.48699951171875,14.723921775817871,0.62638002634048462,0.027773518115282059
1258118,18,r,56627.038999999997,12.967747862852534,17.187629943598733,0.057745549545863278,17.392000198364258,3.6875512599945068,0.62638002634048462,0.027773518115282059
1258118,19,i,56627.040999999997,12.968977587743407,28.673798993540622,0.04016140947936956,28.115999221801758,4.5357990264892578,0.62638002634048462,0.027773518115282059
1258118,20,z,56627.044000000002,12.970822175081951,35.721480831420372,0.044012440669326809,38.043998718261719,5.7814812660217285,0.62638002634048462,0.027773518115282059
1258118,21,r,56635.042999999998,17.889106875118937,9.3458020519300842,0.10143788217896395,8.8710002899169922,7.2807674407958984,0.62638002634048462,0.027773518115282059
1258118,22,i,56635.044999999998,17.89033660000981,18.473807268126688,0.061125133830782774,15.392000198364258,9.2615842819213867,0.62638002634048462,0.027773518115282059
1258118,23,z,56635.046999999999,17.89156632490068,29.105541527802078,0.053354527716747681,14.300999641418457,12.521349906921387,0.62638002634048462,0.027773518115282059
1258118,24,r,56645.052000000003,24.043265090235924,4.9726354932935655,0.08014301537090783,-3.2420001029968262,8.3703908920288086,0.62638002634048462,0.027773518115282059
1258118,25,i,56645.053999999996,24.04449481512232,10.973656746623139,0.077673787711330836,10.932000160217285,6.9287986755371094,0.62638002634048462,0.027773518115282059
1258118,26,z,56645.057000000001,24.046339402460866,22.6862322083871,0.051847447961682461,23.538999557495117,7.3984909057617188,0.62638002634048462,0.027773518115282059
1258118,27,r,56649.120999999999,26.545140380202142,4.1525319895205604,0.10823616832645064,7.1820001602172852,6.2134017944335938,0.62638002634048462,0.027773518115282059
1258118,28,i,56649.123,26.546370105093015,9.1064920320833949,0.080844453346631553,-1.031999945640564,9.6124887466430664,0.62638002634048462,0.027773518115282059
1258118,29,z,56649.125,26.547599829983884,20.065014021388219,0.050683381703699057,23.381999969482422,10.826980590820312,0.62638002634048462,0.027773518115282059
1258118,30,r,56653.101999999999,28.992907774983429,3.6149060319935939,0.12336832023262877,2.2630000114440918,6.7677536010742188,0.62638002634048462,0.027773518115282059
1258118,31,i,56653.103999999999,28.994137499874299,7.6176308773580867,0.095936891545392672,14.092000007629395,7.6918597221374512,0.62638002634048462,0.027773518115282059
1258118,32,z,56653.107000000004,28.995982087212845,17.733394686015373,0.056942402767439039,13.946000099182129,9.6128807067871094,0.62638002634048462,0.027773518115282059
1258118,33,r,56660.050000000003,33.264972045003788,2.8084224317660906,0.10362775434386652,-0.11599999666213989,5.0093035697937012,0.62638002634048462,0.027773518115282059
1258118,34,i,56660.052000000003,33.266201769894657,6.0063384882094564,0.071825019485176209,4.1440000534057617,6.1823492050170898,0.62638002634048462,0.027773518115282059
1258118,35,z,56660.053999999996,33.267431494781057,13.947722970840909,0.042986262440335328,22.471000671386719,9.1175708770751953,0.62638002634048462,0.027773518115282059
1258118,36,r,56667.091,37.594218522434026,2.391820582925809,0.10747800674517433,-27.601999282836914,24.626779556274414,0.62638002634048462,0.027773518115282059
1258118,37,i,56667.093000000001,37.595448247324896,5.0111577331431052,0.073708223145552962,21.836999893188477,14.470123291015625,0.62638002634048462,0.027773518115282059
1258118,38,z,56667.095000000001,37.596677972215772,11.347320758416229,0.044837310224973163,10.053999900817871,15.180551528930664,0.62638002634048462,0.027773518115282059
1258118,39,r,56675.044999999998,42.484834412433109,2.1704351286903902,0.10279845203415953,-16.607999801635742,8.4000701904296875,0.62638002634048462,0.027773518115282059
1258118,40,i,56675.046999999999,42.486064137323986,4.3212092084761675,0.072371629811828223,14.13700008392334,8.5971508026123047,0.62638002634048462,0.027773518115282059
1258118,41,z,56675.050000000003,42.487908724662525,9.5114009548566791,0.045587530327826378,14.694999694824219,10.351010322570801,0.62638002634048462,0.027773518115282059
1255008,1,r,56575.029999999999,-10.152868436790564,41.82897436117738,0.21205013066442133,42.706001281738281,5.0933036804199219,0.44488999247550964,0.0059341788291931152
1255008,2,i,56575.031999999999,-10.151484248367348,41.326636524794836,0.1337874270899696,39.98699951171875,7.0826659202575684,0.44488999247550964,0.0059341788291931152
1255008,3,z,56575.035000000003,-10.149407965730003,38.31061277621383,0.15095897439208214,45.624000549316406,8.8926019668579102,0.44488999247550964,0.0059341788291931152
1255008,4,r,56579.000999999997,-7.404562323053649,74.251734810279189,0.10669429694500142,70.404998779296875,12.043190002441406,0.44488999247550964,0.0059341788291931152
1255008,5,i,56579.002999999997,-7.4031781346304317,69.76039527372113,0.083520913305455385,68.500999450683594,14.684878349304199,0.44488999247550964,0.0059341788291931152
1255008,6,z,56579.006000000001,-7.4011018519930873,64.898791976025393,0.085957147577105056,73.792999267578125,15.46706485748291,0.44488999247550964,0.0059341788291931152
1255008,7,r,56590.027000000002,0.22646845259357298,123.51602084205815,0.039647078804058933,128.78999328613281,22.484224319458008,0.44488999247550964,0.0059341788291931152
1255008,8,i,56590.029000000002,0.22785264101679051,119.29262603920436,0.02845921920389282,115.94000244140625,38.868515014648438,0.44488999247550964,0.0059341788291931152
1255008,9,r,56594.027999999998,2.9955373926737163,115.09324432709155,0.042283746486266392,113.26999664306641,6.0858016014099121,0.44488999247550964,0.0059341788291931152
1255008,10,i,56594.029999999999,2.9969215810969336,117.71060808933827,0.028706944443664541,116.05999755859375,10.238678932189941,0.44488999247550964,0.0059341788291931152
1255008,11,z,56594.033000000003,2.998997863734278,102.27583579253553,0.047241785252130679,92.970001220703125,13.109147071838379,0.44488999247550964,0.0059341788291931152
1255008,12,r,56602.029000000002,8.5329831786299479,79.718698172514564,0.046315100449104821,84.661003112792969,4.5268473625183105,0.44488999247550964,0.0059341788291931152
1255008,13,i,56602.031000000003,8.5343673670531643,94.874357801587792,0.043542104603534124,98.9219970703125,6.7688007354736328,0.44488999247550964,0.0059341788291931152
1255008,14,z,56602.034,8.5364436496854736,76.479410118342685,0.050579971281685995,80.626998901367188,8.8445930480957031,0.44488999247550964,0.0059341788291931152
1255008,15,z,56606.042999999998,11.311049343458487,64.385722613807928,0.056923404466724246,47.930000305175781,29.174263000488281,0.44488999247550964,0.0059341788291931152
1255008,16,r,56609.042000000001,13.386639883652686,49.090028759751029,0.054878746096629412,49.316001892089844,7.9111819267272949,0.44488999247550964,0.0059341788291931152
1255008,17,i,56609.044000000002,13.388024072075902,69.183191395072427,0.049557476311376567,57.502998352050781,9.5014305114746094,0.44488999247550964,0.0059341788291931152
1255008,18,z,56609.046999999999,13.390100354708212,59.443890370323928,0.055925548738859375,60.833000183105469,10.184724807739258,0.44488999247550964,0.0059341788291931152
1255008,19,r,56615.084000000003,17.568273109341796,31.434541177422968,0.084075389360136296,28.604999542236328,51.247467041015625,0.44488999247550964,0.0059341788291931152
1255008,20,i,56615.086000000003,17.569657297765012,55.264474455403899,0.06171441764890561,58.497001647949219,14.459162712097168,0.44488999247550964,0.0059341788291931152
1255008,21,z,56615.088000000003,17.571041486188232,53.158295340626708,0.06235500591976819,57.886001586914062,14.441047668457031,0.44488999247550964,0.0059341788291931152
1255008,22,r,56628.050000000003,26.541966655233054,14.426152978592977,0.071710980820343828,7.9070000648498535,5.0969042778015137,0.44488999247550964,0.0059341788291931152
1255008,23,z,56628.055,26.54542712628858,38.549020224922408,0.094821758626563932,20.775999069213867,11.239546775817871,0.44488999247550964,0.0059341788291931152
1255008,24,r,56635.099000000002,31.420538751868673,10.475628358637847,0.062523618900518926,8.9670000076293945,8.6912593841552734,0.44488999247550964,0.0059341788291931152
1255008,25,i,56635.101000000002,31.421922940291889,25.713179677678145,0.04077299555779277,27.103000640869141,11.414003372192383,0.44488999247550964,0.0059341788291931152
1255008,26,r,56645.124000000003,38.358783221834003,8.147001299303227,0.074410478513473946,1.0509999990463257,12.224408149719238,0.44488999247550964,0.0059341788291931152
1255008,27,i,56645.125999999997,38.360167410252188,18.748411118602448,0.045747535260004801,13.425000190734863,13.140929222106934,0.44488999247550964,0.0059341788291931152
1255008,28,z,56645.129000000001,38.362243692889528,19.217589462762934,0.072300352497558742,24.354999542236328,12.494634628295898,0.44488999247550964,0.0059341788291931152
1255008,29,r,56650.050999999999,41.768731401732936,7.4678992010917646,0.0784311984948277,-3.3180000782012939,4.7212667465209961,0.44488999247550964,0.0059341788291931152
1255008,30,i,56650.053,41.770115590156152,16.905898928589302,0.04942758847613142,16.118000030517578,7.3644766807556152,0.44488999247550964,0.0059341788291931152
1255008,31,z,56650.055999999997,41.772191872788461,16.800051107655328,0.081026960676001444,33.773998260498047,9.2945041656494141,0.44488999247550964,0.0059341788291931152
