IDSURVEY,CID,CIDint,TYPE_reference,field,depth,fold,cov_row,pIa_input,host_prob_above_10,delta_mB,delta_x1,delta_c,z,mass,masserr,host,u,x,c,sigma_m,sigma_x,sigma_c,fitprob,same_basic_quality
10,1246275,1246275,0,C1,SHALLOW,1,788,1.0,2.5852393193019317e-90,4.449909502213245e-05,-0.0006233067273496,-2.142246722758312e-05,0.24605,9.657999992370605,0.0170000009238719,0,-19.70416449700975,0.18397669327265032,-0.13012142246722758,0.04235990621927203,0.24767445443609476,0.01923692874087583,0.96992826461792,True
10,1246281,1246281,0,C1,SHALLOW,3,390,1.0,1.0,-3.777243169977851e-05,-0.0001625074257857,-3.807268580951692e-05,0.33549,10.616000175476074,0.0170000009238719,1,-19.548881275788403,0.3757374925742143,0.029661927314190484,0.022224282787867394,0.19576363027036575,0.01651867603052485,0.0096733784303068,True
10,1246314,1246314,0,C1,SHALLOW,0,376,0.9998,1.0691717084160765e-161,-3.450543946570406e-05,-0.0008220006932473,-0.0001067697728145,0.38337,9.621000289916992,0.0140000004321336,0,-19.102430608787294,0.8523779993067526,0.13879323022718548,0.06631200990084361,0.46419689383202256,0.04323178990867503,0.9958210587501524,True
10,1246527,1246527,0,X3,DEEP,4,1165,1.0,1.0,1.611672477253023e-06,0.0001364497145024,-4.928133350790009e-06,0.32078,11.119999885559082,0.0170000009238719,1,-19.299542567421092,-0.15496355028549758,0.05289507186664921,0.024486499112175594,0.17609595886814905,0.017793222983903633,0.9064974784851074,True
10,1246529,1246529,0,X3,DEEP,3,402,1.0,1.0,-2.434557650587976e-06,-0.000137763445178,-8.026578014484059e-05,0.49677,10.560999870300291,0.0149999996647238,1,-19.806508132398683,0.713362236554822,0.021919734219855158,0.05119043468817401,0.40852928415007234,0.037141210700882,0.9923577904701232,True
10,1246626,1246626,0,X3,DEEP,3,765,0.9999,1.0,-0.0001853727406739,-0.0012309585682259,-0.0001579932254735,0.39282,10.645999908447266,0.0109999999403953,1,-18.949655890855446,-0.527630958568226,0.2416420067745264,0.04756350007539903,0.26753706941787,0.03456333948917703,0.0560710132122039,True
10,1246650,1246650,0,X3,DEEP,4,1177,0.9996,1.0,0.0001291338176976,7.163133008580846e-05,0.0010611459647508,0.90888,11.211000442504885,0.0070000002160668,1,-19.878761195210316,-0.4506283686699142,-0.02403885403524919,0.08622289325527918,1.6740580675285017,0.1296111893363484,0.8830158710479736,True
10,1246758,1246758,0,X3,DEEP,0,1625,1.0,2.056881347261748e-67,0.000117980801118,0.0014117735635061,0.0001545286944181,0.53127,9.774999618530272,0.0130000002682209,0,-19.89346004349848,-0.2841882264364939,0.013254528694418122,0.03389891672826839,0.289101708395301,0.028926237948676384,0.0168910734355449,True
10,1246791,1246791,0,X3,DEEP,4,1153,0.9995,1.0,0.0003936577336531,0.0005887037570893,-0.0003215645731923,0.83066,10.519000053405762,0.0089999996125698,1,-20.180417575946326,-0.7249112962429107,-0.04152156457319234,0.05257381208357664,0.6833684650879187,0.06510421883346372,0.8819860219955444,True
10,1247022,1247022,0,E2,SHALLOW,2,1197,0.9997,1.0,-8.111529664489581e-05,-0.0004724451603356,2.11961515483583e-05,0.35763,10.506999969482422,0.0109999999403953,1,-18.735206211400172,-0.039672445160335634,0.14142119615154836,0.0442266255490754,0.5045888445543601,0.03549705392366617,0.6514077186584472,True
10,1247537,1247537,0,X1,SHALLOW,2,1618,1.0,5.674895191575667e-07,-0.0002198295099411,-0.0004429936214472,-0.0001704758819139,0.45565,9.927000045776367,0.0149999996647238,0,-19.887794018935573,0.40365700637855273,-0.09037047588191394,0.042005002734504304,0.39371267858605435,0.03959334046614528,0.7717676162719725,True
10,1247570,1247570,0,X1,SHALLOW,4,380,1.0,2.9632351466158222e-27,-2.829591022290856e-05,0.0009876682491388,-2.243208881129444e-05,0.57927,9.82800006866455,0.0160000007599592,0,-19.96855668482013,-0.6678123317508611,-0.059122432088811294,0.05386992119638109,0.867915039220719,0.0611733024921735,0.497279107570648,True
10,1248084,1248084,0,X3,DEEP,2,1630,0.9999,1.0,-0.0001350680649245,-0.0008308037190727,-0.0001441330376635,0.28063,11.026000022888184,0.0099999997764825,1,-19.758566073249895,1.1590691962809272,0.0090558669623364,0.02244369715210007,0.17903019025698594,0.01763761921843548,0.9587574005126952,True
10,1248243,1248243,0,S1,SHALLOW,0,351,1.0,0.0,-0.0001715287122756,-0.0015402777299726,-0.0001299795860476,0.32394,9.194000244140623,0.0160000007599592,0,-19.780006843254572,1.2530597222700273,-0.07272997958604766,0.024614928662211266,0.2548361149864839,0.01867940546061664,0.291747897863388,True
10,1248441,1248441,0,C3,DEEP,3,1614,0.9996,1.0,-0.0020767880927188,0.009213154160043,-0.0003226102732453,0.24517,10.611000061035156,0.0189999993890523,1,-19.613441764317002,-1.846986845839957,-0.10552261027324539,0.04730561169031535,0.2933509324192652,0.03065114624666549,0.4221373796463012,True
10,1248677,1248677,1,C3,DEEP,1,1616,1.0,8.311395470658723e-164,-4.7478081128815575e-06,-2.9799137488684124e-05,-7.113641679190597e-05,0.35016,9.564000129699709,0.0160000007599592,0,-19.97749699925189,1.1765702008625114,-0.0958711364167919,0.019225326912037002,0.1582414419067765,0.01409430027055841,0.9997130036354064,True
10,1248925,1248925,0,E1,SHALLOW,4,406,1.0,1.950997425801613e-189,3.299050623795097e-05,0.001171327301314,-6.956630593628332e-06,0.34307,9.5600004196167,0.0149999996647238,0,-19.444319630748964,-0.0997286726986859,-0.04390695663059363,0.02316707953012292,0.3996612721856815,0.018958471088565628,0.348736822605133,True
10,1248936,1248936,0,E1,SHALLOW,4,1226,1.0,4.040232315525026e-29,1.3649402546889178e-05,1.4872629253592784e-05,-7.98308780894097e-05,0.57093,9.119999885559082,0.0790000036358833,0,-19.639587198259385,-0.8216851273707464,-0.08047983087808941,0.06390753959612218,0.5896522596969231,0.06911691866916196,0.9760393500328064,True
10,1248962,1248962,0,E1,SHALLOW,2,1565,1.0,0.999963873968779,-6.248194922164885e-05,-0.0001685096914809,-8.01124807292275e-05,0.48342,10.126999855041504,0.0320000015199184,1,-19.798629131389198,-0.05106850969148091,-0.06288011248072922,0.0433456512328618,0.4468683431578072,0.041184578022860886,0.9210747480392456,True
10,1249090,1249090,0,E1,SHALLOW,1,1159,1.0,0.9999999999999998,-0.0001113972503219,-0.0003059743478088,-5.999953328319346e-05,0.3862,11.234999656677246,0.1519999951124191,1,-19.37094407333818,-1.766205974347809,0.013240000466716806,0.053254206505954915,0.3659310149970902,0.04775781635481059,0.6194026470184326,True
10,1249137,1249137,0,E1,SHALLOW,0,1179,1.0,1.332956085838231e-171,6.43383190990221e-06,-0.0002036202668866,1.873223960850712e-05,0.22305,9.720999717712402,0.0099999997764825,0,-19.06507188465711,0.09809637973311336,0.09741873223960851,0.025682574844148084,0.1736343282212988,0.019070094154885572,0.8540579676628111,True
10,1249209,1249209,0,E1,SHALLOW,3,1207,1.0,0.9999708048869632,-4.79875608476732e-05,0.0002693714341356,-8.788758887332687e-05,0.48312,10.208999633789062,0.0520000010728835,1,-19.430357042972933,0.6304693714341356,0.010812112411126673,0.05454470024124162,0.6508341873578612,0.04998929236519121,0.6611570715904234,True
10,1249264,1249264,0,E1,SHALLOW,0,790,1.0,1.0,-7.390067395363076e-05,-0.0001040223423083,-4.908932673622357e-05,0.54968,10.470000267028809,0.0350000001490115,1,-19.74082985680972,-0.6295040223423083,-0.18324908932673623,0.04665254786852938,0.4132387829553767,0.0501014898639169,0.6156365275382994,True
10,1249304,1249304,0,S2,SHALLOW,3,362,0.9998,1.0,-1.978403866331746e-05,0.0013741540897713,-7.202444356190635e-05,0.63681,10.635000228881836,0.0419999994337557,1,-20.11307847240728,1.4880741540897713,-0.03237202444356191,0.0432844904405546,0.8836781997843152,0.047560455299176616,0.406425505876541,True
10,1249371,1249371,0,S2,SHALLOW,0,329,0.9997,1.0,-0.0003527968695529,-0.0001353326121497,-0.0008223475704265,0.45085,10.684000015258787,0.0260000005364418,1,-19.210924963744738,-0.22453533261214975,0.08357765242957349,0.06295207153187088,0.7776009411759995,0.08482671934989651,0.8832030892372131,True
10,1249395,1249395,0,S2,SHALLOW,2,1186,1.0,1.0,-0.0001237934417908,-0.0005873381010419,-0.000184212120055,0.55513,10.53600025177002,0.0260000005364418,1,-19.94122137263077,0.788012661898958,-0.10918421212005502,0.038643308000164835,0.6335573092375199,0.04854613521530949,0.5772380232810974,True
10,1249483,1249483,0,S2,SHALLOW,1,1212,1.0,1.0,2.0656993839907045e-06,-0.000409552709551,-3.365780479757524e-05,0.28303,10.958999633789062,0.0670000016689299,1,-19.839164900554792,0.004790447290448974,-0.055533657804797576,0.018789497352481074,0.24563503446579524,0.015879871812927097,0.1832715421915054,True
10,1249851,1249851,1,C2,SHALLOW,3,735,1.0,1.0,1.874219751840656e-06,-0.0003613659196624,-1.5803769774835885e-05,0.21511,11.059000015258787,0.0860000029206274,1,-19.561324987002827,-1.2537613659196625,-0.12711580376977483,0.02593660317363513,0.1570030735740123,0.019553578712152967,0.0524836182594298,True
10,1249956,1249956,0,E1,SHALLOW,2,744,1.0,1.0,2.773277267920093e-05,0.0001937717387251,-1.984526370388262e-06,0.44628,10.902000427246094,0.0359999984502792,1,-18.975420537093523,-0.5064062282612749,0.11329801547362961,0.08630033180701167,0.7631362370707729,0.07437063132667046,0.2082575261592865,True
10,1249970,1249970,0,E2,SHALLOW,3,378,1.0,1.4009365850108302e-200,-5.116406300942344e-05,-0.0001378369109227,5.951779962383441e-06,0.26775,8.913000106811523,0.0359999984502792,0,-19.094238111492416,-0.5899378369109227,0.020605951779962384,0.03645621153491119,0.24343042321310635,0.02517299143671739,0.6387079358100891,True
10,1250017,1250017,1,S1,SHALLOW,4,342,1.0,0.0,0.0001098963303327,-0.0002994936422415,0.0001456662524678,0.18216,8.848999977111816,0.0230000000447034,0,-19.781273873693856,1.0690005063577583,-0.11025433374753213,0.025313421636588364,0.1789686004030284,0.016599090678632366,0.5464275479316711,True
10,1250034,1250034,0,S1,SHALLOW,2,1571,1.0,1.0,0.0002021126702942,0.0007325256539405,9.233833640858932e-05,0.16085,10.48799991607666,0.0109999999403953,1,-19.396330397561677,-0.4022674743460595,0.00869233833640859,0.027761245566248614,0.14932625850381123,0.018288048470794616,0.4977793693542479,True
10,1250275,1250275,0,S2,SHALLOW,0,1196,1.0,1.0,-0.0004955116480509,-0.0013385862592028,-0.0003941380794402,0.38323,10.312999725341797,0.0240000002086162,1,-19.542847608745753,0.007161413740797151,0.11190586192055973,0.054024296794572206,0.36377493887986895,0.04186714422961655,0.685299813747406,True
10,1250279,1250279,0,S2,SHALLOW,3,1202,1.0,1.0,-0.0001246696646752,-0.0011231585171648,3.4487374994285336e-05,0.27382,10.753999710083008,0.0509999990463256,1,-19.93570595247184,-0.04022315851716485,-0.05286551262500572,0.019917657719898178,0.20562887426751286,0.017057822609086556,0.1152923330664634,True
10,1250357,1250357,0,S2,SHALLOW,2,767,1.0,1.0,-3.658838403097775e-05,-0.0008118020538704,-5.563805162136712e-05,0.35843,10.720999717712402,0.0570000000298023,1,-19.40192396579811,-0.9149118020538705,-0.02905563805162137,0.03861695932688022,0.3086072801957393,0.026572606471457854,0.8670558929443359,True
10,1250397,1250397,0,X1,SHALLOW,0,809,0.9993,1.0,-7.701381740332636e-06,-0.0002331956642885,-6.4090770873319325e-06,0.64304,10.1850004196167,0.0140000004321336,1,-19.983174711084217,-0.2229331956642886,-0.011506409077087332,0.058690918378895514,0.5890513076356149,0.06074718516996453,0.0845293104648589,True
10,1250435,1250435,0,X1,SHALLOW,1,1152,0.9999,0.0035993074544816,-0.0001374974826511,-0.0001991999651481,-8.170713281875717e-05,0.49292,9.956999778747559,0.0160000007599592,0,-19.73444760591591,-0.6078991999651482,-0.003981707132818757,0.0523951265743025,0.44105092580889127,0.04732606941162405,0.1590761840343475,True
10,1250532,1250532,0,X2,SHALLOW,2,795,0.9999,9.532612102468208e-138,-0.0001728935350655,-0.0003393109071647,-0.0001404055067978,0.5277,9.451000213623049,0.0219999998807907,0,-19.602559690387956,1.1221606890928353,-0.04504040550679789,0.05933201752289637,0.6793037376678968,0.05780503687387281,0.9155903458595276,True
10,1250665,1250665,0,X3,DEEP,0,1204,0.9999,0.9999999927193208,-0.0004081923524807,-0.0013256700901034,-0.0004041706469151,0.29461,10.067999839782717,0.0120000001043081,1,-18.90608066448278,-2.6360256700901035,0.07059582935308484,0.045791706951416204,0.26906651964599704,0.03648873318191604,0.2252237796783447,True
10,1250852,1250852,0,C3,DEEP,2,783,0.9997,1.0,-5.3584616342305935e-05,-0.0006500388581108,-1.1969534745553956e-05,0.77725,10.392999649047852,0.0130000002682209,1,-20.137980483359577,0.4532499611418892,-0.11121196953474555,0.031222284721682564,0.34710955859581294,0.03455661945008873,0.1451983749866485,True
10,1250912,1250912,0,X3,DEEP,4,1220,1.0,1.0,-0.0001312238461714,-0.0006939366076973,-9.04342309547973e-05,0.21898,10.61400032043457,0.0160000007599592,1,-18.93147695235595,-0.32419393660769735,0.1140095657690452,0.026874484346231364,0.15315376532497246,0.01874646514142649,0.9966534376144408,True
10,1250916,1250916,0,X3,DEEP,3,1613,1.0,1.0,7.049184693386223e-05,0.0004588553740861,3.000308307976596e-05,0.66948,11.02400016784668,0.101000003516674,1,-20.11915319297681,-0.6862411446259138,-0.16536999691692023,0.037619187886644374,0.3429822540115885,0.03880153926677792,0.8054525256156921,True
10,1250925,1250925,0,X3,DEEP,1,1160,0.9999,1.0,0.0001268305533805,0.0004865529194766,9.522677854767458e-05,0.55146,10.894000053405762,0.0070000002160668,1,-19.333380346291385,-1.7355134470805234,0.12709522677854768,0.056692612064586,0.4105094363534556,0.05380420016576738,0.7924904227256773,True
10,1250950,1250950,0,X3,DEEP,2,745,1.0,0.2524923544644141,0.0001910876556223,0.0010692060460155,0.0001295561436469,0.70099,9.973999977111816,0.0390000008046626,0,-19.836312859311988,-0.3188307939539845,0.002229556143646949,0.04101274658739356,0.4156321427363473,0.043138908841419805,0.9626023173332214,True
10,1251022,1251022,0,C1,SHALLOW,4,1198,0.9998,1.0,-1.008946298952651e-05,2.5665071980984777e-06,-2.310847369375868e-05,0.68428,10.876999855041504,0.0460000000894068,1,-20.174163289022303,0.2419025665071981,-0.10822310847369376,0.05259271559631107,0.5837271246939295,0.054119114877277184,0.6931973695755003,True
10,1251114,1251114,0,C2,SHALLOW,3,1550,0.9997,1.0,0.0001346294947737,0.0018652728348246,-1.47482478300362e-05,0.62632,10.576000213623049,0.0260000005364418,1,-19.910891075570493,0.5490652728348246,-0.030814748247830037,0.05450882226055207,0.620806296880539,0.053498319265226225,0.4844275116920471,True
10,1251126,1251126,0,C2,SHALLOW,4,1194,1.0,1.0,7.111237533408143e-05,0.0005349616541829,-3.475720713850064e-05,0.59788,10.668999671936035,0.0450000017881393,1,-19.82430761122336,0.35953496165418297,-0.0093347572071385,0.053955493389451076,0.5403326111518665,0.05227041128334404,0.6605766415596008,True
10,1251536,1251536,0,X2,SHALLOW,0,349,1.0,1.0,-0.000399460933945,-0.0010507189081534,-0.0005244911270948,0.52727,10.788999557495115,0.0130000002682209,1,-19.546119507565166,-0.8658507189081535,-0.12022449112709488,0.06964640957130708,0.7017417491972194,0.07369091198585986,0.2166889458894729,True
10,1251552,1251552,0,X2,SHALLOW,3,791,1.0,0.1196980750946831,-3.9351543932752975e-05,-0.0002006642283345,5.2978360092728605e-05,0.35484,9.979999542236328,0.0170000009238719,0,-19.56788585239036,-0.37920066422833454,-0.10544702163990727,0.03693439741899711,0.3254738711539222,0.025391548307116915,0.222355008125305,True
10,1251600,1251600,0,X3,DEEP,2,1171,1.0,1.0,7.222324868649821e-05,0.0020009923500787,-4.207473941217344e-05,0.5576,10.70199966430664,0.0370000004768371,1,-19.87620441305772,-0.4470990076499213,-0.12624207473941218,0.03209524543888864,0.27769740257973347,0.034209646028014386,0.1041620820760726,True
10,1251603,1251603,0,X3,DEEP,4,385,0.9999,1.0,0.0001967688121382,0.0006239729152823,0.0001178944781781,0.63033,10.557000160217283,0.0240000002086162,1,-19.461091459625777,-1.9946760270847177,-0.034782105521821816,0.05528399829511028,0.4163452641684004,0.059764295246853685,0.716319739818573,True
10,1251652,1251652,0,X3,DEEP,2,739,0.9999,1.0,0.0001212038850404,-0.000143991217285,0.000101599703151,0.77155,10.972000122070312,0.0109999999403953,1,-19.96949492857506,-0.24124399121728501,-0.003998400296848947,0.051543287372838996,0.5680941632328008,0.05214865983319719,0.0257620587944983,True
10,1251975,1251975,0,X2,SHALLOW,4,1577,0.9996,1.0,-0.0001593939364212,-0.000524782159505,-9.190587926195816e-05,0.44647,10.901000022888184,0.0570000000298023,1,-19.646051993510522,0.826975217840495,0.07510809412073804,0.06006518204148902,0.5065041848251838,0.04945517226312388,0.3210756182670593,True
10,1252142,1252142,0,C2,SHALLOW,2,1628,1.0,1.0,-2.801404403385277e-05,-9.552560239964314e-05,-9.060497743653556e-06,0.55288,10.468000411987305,0.0199999995529651,1,-19.760182125565507,0.06920447439760036,-0.015909060497743654,0.04136932531603383,0.5738471648572625,0.04722462874528333,0.6410385966300964,True
10,1252183,1252183,0,C3,DEEP,0,789,0.9996,1.0,0.0002211303311234,0.0011032448723723,0.0003993100930254,0.97242,10.47599983215332,0.0170000009238719,1,-19.899806125853118,0.15560324487237231,0.12179931009302547,0.06899568772859198,0.8522708051040815,0.11911956854338478,0.0118153719231486,True
10,1252313,1252313,0,E1,SHALLOW,0,1589,1.0,1.212246595669899e-22,-6.620995602091284e-05,-4.8796000543527285e-06,-1.2452743996742288e-05,0.59692,9.475000381469727,0.054000001400709,0,-19.881852757771707,0.7547951203999457,-0.033312452743996745,0.03921899600702793,0.4254217209619432,0.04274501959543955,0.4111040830612182,True
10,1252364,1252364,0,E1,SHALLOW,2,812,1.0,1.0,-0.0001003232878176,-0.0007686731027967,-0.0001164471874081,0.54134,10.618000030517578,0.0430000014603137,1,-19.761004171987707,-0.32686867310279677,0.07548355281259189,0.06046598929619842,0.6467387049071684,0.060927850598262105,0.5868801474571228,True
10,1252513,1252513,0,C1,SHALLOW,1,774,1.0,8.78309553877171e-158,-0.0002056410850599,-0.000910021560772,-0.0001137564446962,0.47767,8.984000205993649,0.0379999987781046,0,-19.253339466960455,-1.418610021560772,0.0076862435553037844,0.05121110346661299,0.4888693362879197,0.05060432564707596,0.0690611451864242,True
10,1252521,1252521,0,C1,SHALLOW,3,398,1.0,3.298586519512733e-146,-7.426249619513214e-05,-0.0001713408095036,-8.161068466264187e-05,0.43322,9.074000358581545,0.0359999984502792,0,-19.814412367065863,1.0248286591904963,-0.058281610684662644,0.03478205351589727,0.3526086596037846,0.03268211800795545,0.8654283881187439,True
10,1252665,1252665,0,C3,DEEP,1,1225,0.9999,1.0,-1.992766540936941e-05,4.23733289189876e-05,0.0002900827960304,0.97489,10.970999717712402,0.1099999994039535,1,-19.82778334656416,-0.691857626671081,0.09039008279603045,0.06693517429797491,0.7994051172369641,0.13660395320541754,0.800271689891815,True
10,1252751,1252751,0,S2,SHALLOW,4,1601,1.0,1.0,-9.425174560462324e-05,0.0008633877866703,-0.0001545951041888,0.56059,10.546999931335447,0.0299999993294477,1,-19.99036406301581,-0.4668366122133296,-0.1312545951041888,0.044481468683024314,0.47538108105531307,0.052423649711467186,0.3492527902126312,True
10,1252810,1252810,0,S2,SHALLOW,0,1610,0.9994,1.0,0.0001304250217728,0.0021513063012221,-1.477827218723804e-06,0.58026,10.916999816894531,0.0439999997615814,1,-19.79560473022015,1.0158513063012222,0.06969852217278127,0.07252608479507214,0.7220220243714546,0.06380108300685293,0.8644073605537415,True
10,1252829,1252829,0,X1,SHALLOW,2,759,1.0,1.0,2.361454896870896e-05,8.081678593896413e-05,-1.186997263842582e-05,0.45168,10.798999786376951,0.093999996781349,1,-19.814192731098416,-1.330719183214061,-0.017511869972638427,0.06097450001398648,0.44481310774382105,0.05278832156740397,0.4232596755027771,True
10,1252918,1252918,0,X3,DEEP,2,778,1.0,1.0,0.0005852845955232,0.0003698907070557,-0.0004663957736745,0.83583,11.008999824523926,0.0610000006854534,1,-20.033782723329317,1.3665698907070558,-0.13576639577367455,0.048090807434475955,0.7182050986393973,0.05489093217076973,0.3024506270885467,True
10,1252939,1252939,0,X3,DEEP,3,761,1.0,1.0,6.521739821963024e-05,0.0003860769713945,6.25291821607088e-05,0.66666,10.52299976348877,0.0219999998807907,1,-19.98635031856766,0.14398607697139454,-0.02363747081783929,0.026121146860084064,0.3076392765792533,0.030279539685487373,0.7100455164909361,True
10,1253046,1253046,0,C1,SHALLOW,3,1597,1.0,1.0,-8.398497959660745e-05,-0.0004862292325653,-6.08988616102174e-05,0.50134,10.501999855041504,0.0500000007450579,1,-19.88639308560756,0.5618137707674347,-0.10076089886161022,0.037425639711165914,0.3538124613673868,0.0390603989407413,0.3416806459426878,True
10,1253101,1253101,1,E1,SHALLOW,4,1631,1.0,8.525554947884403e-79,-8.342242737313654e-05,0.0001110706814342,-0.0001061687532099,0.45332,8.612000465393066,0.0740000009536743,0,-19.798440466863156,1.5947110706814343,0.02389383124679001,0.047616924645105044,0.4154590486456711,0.04266270197874794,0.0538044720888136,True
10,1253148,1253148,0,E2,SHALLOW,3,1566,1.0,3.192484908495784e-63,-5.010821034900914e-05,-6.285074206235919e-05,-8.503885087257808e-05,0.43868,8.82800006866455,0.0700000002980231,0,-19.545492785442335,0.4698371492579376,-0.014685038850872578,0.06681344611314846,0.5399994469242039,0.05772920843806853,0.8856208324432373,True
10,1253180,1253180,0,C3,DEEP,2,1579,1.0,1.0,2.1877830533867385e-05,-0.0002462347908824,1.681520099874878e-05,0.46154,10.861000061035156,0.0049999998882412,1,-19.484623550905585,-1.0823462347908825,0.03201681520099875,0.03012043841882442,0.19514453184581604,0.027640429645699186,0.3074594140052794,True
10,1253358,1253358,0,S2,SHALLOW,3,348,0.9992,1.0,0.0003384190172894,0.0019254551855465,0.0010513697768219,0.7138,11.340999603271484,0.0099999997764825,1,-19.785054204094543,-1.9723745448144534,0.0007513697768219973,0.09447614349036003,0.9074831052931013,0.10573866999864491,0.7816444635391235,True
10,1253474,1253474,0,X1,SHALLOW,2,407,1.0,1.0,-0.0002393740508779,-0.0003633520742181,-0.0002011293866714,0.4467,10.996999740600586,0.0149999996647238,1,-19.97932529154133,0.8526366479257819,-0.06090112938667147,0.04541570120952603,0.3885858820127717,0.042614330237259336,0.4297804534435272,True
10,1253857,1253857,0,X3,DEEP,3,1604,0.9998,1.0,0.0002113268986505,1.3148552686748085e-05,0.0009346225218851,0.85652,10.720000267028809,0.0140000004321336,1,-20.027518077592305,0.7877131485526867,-0.026965377478114894,0.05308134074845948,0.6167867269611046,0.11407694140414511,0.8212323188781738,True
10,1253920,1253920,1,C1,SHALLOW,4,1608,1.0,4.023009430759582e-19,5.530873192682861e-05,0.0002083687430751,4.593114124602782e-05,0.19555,9.43299961090088,0.0640000030398368,0,-19.661084849339403,-0.7597916312569248,-0.06505406885875398,0.025233087766889158,0.15970845086210902,0.01773101364536408,0.7703741788864134,True
10,1253997,1253997,0,C2,SHALLOW,1,335,1.0,1.0,-0.000108768586319,-0.0003409083978804,-0.0001088701473607,0.59079,10.392999649047852,0.0359999984502792,1,-19.8140026580769,-2.0085409083978805,-0.07760887014736073,0.05033459277009242,0.5950992311174371,0.06281693627266535,0.3857552707195282,True
10,1254002,1254002,0,C2,SHALLOW,1,400,0.9998,1.0,-4.789625838341749e-05,-0.0001471287758876,-2.3805879903471272e-05,0.53591,10.69499969482422,0.0160000007599592,1,-19.646898541539457,0.24175287122411238,0.07967619412009652,0.05122924084878901,0.5261707094320522,0.053680018578421716,0.7861506342887878,True
10,1254051,1254051,0,C2,SHALLOW,1,361,0.9998,1.0,0.0003161018790258,0.0046513582774609,-4.3511852711106136e-05,0.7615,11.145999908447266,0.0570000000298023,1,-19.773648799273445,-2.394248641722539,-0.1030435118527111,0.07893182107752238,1.1353077573329917,0.09533933585078222,0.5047422647476196,True
10,1254070,1254070,0,C2,SHALLOW,3,1162,1.0,1.0,-6.55098181070457e-05,-3.3222957307732504e-05,-4.842856933760104e-05,0.49252,10.684000015258787,0.0390000008046626,1,-19.79806993757427,0.08106677704269227,-0.028448428569337603,0.05074739441786141,0.4310995509223828,0.04783542260634742,0.1917834132909773,True
10,1254108,1254108,0,C3,DEEP,2,1606,0.9999,1.0,-3.733597314337089e-05,-0.0001246516352358,0.000235132975304,0.96689,10.901000022888184,0.0529999993741512,1,-19.945964207076898,-0.3660246516352359,-0.12056486702469593,0.057731460289844196,0.6535419698034395,0.12063426380121454,0.9537389278411864,True
10,1254150,1254150,0,C3,DEEP,0,753,0.9999,0.999999999999656,3.6792646280758845e-05,0.000260621698038,2.163972464378633e-05,0.70417,10.237000465393066,0.032999999821186,1,-20.07388224811117,1.480360621698038,-0.024478360275356215,0.028191060697929347,0.3223304212787821,0.029064858692803997,0.9464053511619568,True
10,1254299,1254299,0,X1,SHALLOW,2,1626,1.0,1.0,-9.382653312428602e-05,-0.0004632160734606,-0.0001564862015572,0.495,10.866999626159668,0.0140000004321336,1,-19.862653952841654,0.15973678392653934,-0.03895648620155723,0.052417742977231785,0.5057746361530405,0.057342041463456055,0.7520315051078796,True
10,1254356,1254356,0,X2,SHALLOW,2,321,1.0,1.0,-0.0001056231272684,-0.0011879261903747,-2.7204861656668185e-05,0.35129,10.248000144958496,0.0149999996647238,1,-19.386141570655465,-0.4585879261903747,0.003272795138343332,0.03402659676443602,0.3264718399911027,0.02701791796633927,0.5031340718269348,True
10,1254670,1254670,0,C1,SHALLOW,2,1209,1.0,1.0,-9.169278067844289e-05,0.0001580231579192,-6.275074509244638e-05,0.50495,10.718999862670898,0.0309999994933604,1,-20.082450689273827,-1.5050419768420809,-0.09366275074509245,0.0534155293738349,0.40239434718568634,0.053238659165417465,0.1700963675975799,True
10,1254671,1254671,0,C1,SHALLOW,1,352,1.0,2.230169050589146e-90,-9.60153070366232e-05,-4.292933354071299e-05,-6.636829320796813e-05,0.47065,9.678000450134276,0.0160000007599592,0,-19.53714346622329,0.03665707066645929,0.007233631706792032,0.06599297061640752,0.5577417314184017,0.052958001931789504,0.2912259995937346,True
10,1254762,1254762,0,C2,SHALLOW,2,1218,0.9991,0.0452913716117642,-0.0001696623627154,-0.0008341361404903,-7.5132618705398e-05,0.39827,9.977999687194824,0.0130000002682209,0,-18.69507144495816,0.5750658638595096,0.2743248673812946,0.1035179857090651,0.6743590393655343,0.07058118589029154,0.0328602269291876,True
10,1255008,1255008,0,E1,SHALLOW,1,381,1.0,0.9999999999999986,-0.0001055310836584,-2.658435366675871e-05,-8.995557405942073e-06,0.4438,10.883999824523926,0.1120000034570694,1,-19.687929261904728,-0.7386265843536668,0.014891004442594058,0.06798770640223892,0.5669003927477504,0.05619292535786105,0.9119983315467834,True
10,1255130,1255130,0,E2,SHALLOW,3,405,0.9999,1.0,6.897990029841594e-06,2.186120092773081e-05,-7.626971741128696e-05,0.62411,10.597999572753906,0.0520000010728835,1,-19.91636643917183,0.7161218612009277,-0.2074762697174113,0.0650304774118619,0.6980315846843346,0.06387004558594117,0.5481683611869812,True
10,1255139,1255139,0,C3,DEEP,0,353,0.9999,1.2877912126537876e-282,0.0002302301551502,-0.0001963187685476,0.0003600947258065,0.64989,9.246000289916992,0.0209999997168778,0,-20.11331262508542,0.6550036812314524,-0.13993990527419342,0.0575213577769936,0.38279781794711437,0.06378183316180032,0.9734674692153928,True
10,1255169,1255169,0,C3,DEEP,0,364,1.0,1.0,-3.62291411448723e-06,0.0003694861711953,0.0004155917332534,1.0468,11.291999816894531,0.0260000005364418,1,-20.535992926371385,-0.25743051382880466,-0.17198440826674655,0.0628822905862738,0.5232385087348463,0.09725194859722232,0.7555136680603027,True
10,1255312,1255312,0,S1,SHALLOW,0,1222,1.0,1.0,-0.0003446510878575,-0.0015835531702871,-0.000188853307815,0.35561,10.57699966430664,0.0649999976158141,1,-19.570254841274497,-0.45788355317028717,0.015011146692184951,0.049295790291977684,0.3217180201301041,0.032750131012541095,0.868165910243988,True
10,1255382,1255382,0,S2,SHALLOW,2,1158,0.9999,5.258718798848171e-54,-6.216664498737146e-05,0.0007284682333359,-4.221361524845216e-06,0.58055,9.460000038146973,0.0350000001490115,0,-19.94570792999054,0.809128468233336,0.0025957786384751547,0.07093643142294241,0.6436643186376788,0.060948265346458426,0.1956601291894911,True
10,1255399,1255399,0,S2,SHALLOW,4,383,1.0,1.0,-0.0003122961527637,-0.0011723173714537,-0.0002156761538586,0.38137,10.741000175476074,0.0350000001490115,1,-19.27911116242243,-1.4385723173714537,0.09998432384614131,0.07778998119071458,0.4221411102079176,0.059415231504017334,0.5259486436843872,True
10,1255412,1255412,0,S2,SHALLOW,3,1551,1.0,1.0,-6.707168525110774e-05,-0.0008489897254091,-0.0001046991685997,0.37202,10.47599983215332,0.0130000002682209,1,-19.305911960611844,-0.1020489897254091,0.03549530083140029,0.05205277423439461,0.40367182267778623,0.03313427782645803,0.7879155874252319,True
10,1255470,1255470,0,X1,SHALLOW,4,1564,1.0,1.0,-8.839104777891293e-05,-0.0004228543059614,-8.61390018740086e-05,0.46877,10.906999588012695,0.0599999986588954,1,-19.56154311433323,-1.6532228543059615,-0.012486139001874008,0.07222633051567329,0.48157960030623287,0.06425890357385036,0.802598237991333,True
10,1255487,1255487,0,X1,SHALLOW,1,1582,1.0,2.896973140511729e-131,-8.749584543465971e-05,0.0003435962189407,-3.4363557992467264e-05,0.45012,9.512999534606932,0.0199999995529651,0,-19.322143299919965,0.8799435962189408,0.18146563644200753,0.07431691812409648,0.586024352409927,0.053765310816961405,0.1992337852716445,True
10,1255523,1255523,0,X1,SHALLOW,3,359,0.9999,1.0,-0.0001308773206751,-0.0003673388214788,-0.0001513643182649,0.55536,10.821999549865724,0.0070000002160668,1,-19.594772053464233,-1.878467338821479,-0.019451364318264996,0.07232599563017794,0.6042878522618064,0.08347460142499757,0.9956617951393129,True
10,1255545,1255545,0,X1,SHALLOW,1,1161,1.0,1.0,-4.963506260224904e-05,0.0002606781234693,-9.803539823463604e-05,0.60182,11.098999977111816,0.0309999994933604,1,-20.155353283103018,0.5543606781234693,-0.09559803539823464,0.060974396010117594,0.5938539893193842,0.05757620753236922,0.7524852156639099,True
10,1255576,1255576,0,X2,SHALLOW,4,1193,1.0,1.0,-7.559643117005521e-05,-0.0005084906878272,-8.03053456947464e-05,0.2801,10.8149995803833,0.0379999987781046,1,-19.68890351093284,0.2795915093121728,-0.05108030534569474,0.02630799044202728,0.2067195661845166,0.01920187938639645,0.9685823917388916,True
10,1255730,1255730,0,X3,DEEP,1,345,0.9999,1.5727088287762966e-44,0.0002535775674381,0.0001464645426164,-0.0006190100975844,0.69107,9.720999717712402,0.0199999995529651,0,-19.316510682828664,0.04334646454261648,0.02128098990241556,0.06369573830195487,0.6113575840487662,0.0913110228466836,0.4662182629108429,True
10,1255735,1255735,0,X3,DEEP,2,344,0.9999,0.0,-3.230068771387096e-05,-0.0007386387397739,-0.0002301608477518,0.36463,8.27999973297119,0.0350000001490115,0,-19.38663184921751,-0.2805386387397739,0.06746983915224813,0.023335778660173497,0.19058490462948302,0.019786342193591232,0.975747525691986,True
10,1255737,1255737,0,X3,DEEP,3,1552,0.9999,0.00032449783206,0.0001402701169972,-0.0001597611233743,0.001181492737027,0.91896,9.866999626159668,0.0390000008046626,0,-19.88911633541671,-0.5747597611233743,-0.147518507262973,0.08235155478706095,0.7135631271439288,0.15628576531351507,0.2938111424446106,True
10,1255824,1255824,0,X3,DEEP,3,1545,0.9999,1.0,0.0003777646323399,0.0025075404139756,0.0001044081010006,0.81852,11.288999557495115,0.0179999992251396,1,-19.920538967755256,-1.2364924595860245,-0.04429559189899934,0.0704933957032654,0.6124390694805042,0.07103262790972453,0.6520781517028807,True
10,1255974,1255974,0,C2,SHALLOW,1,775,0.9998,1.0,1.790935132106597e-05,0.0005027727071335,-2.294409572912992e-05,0.34311,11.27400016784668,0.0299999993294477,1,-19.456079936767317,0.3989027727071335,0.09087705590427086,0.03543745487506278,0.647166035706216,0.02630844813494096,0.773346960544586,True
10,1256332,1256332,0,X3,DEEP,0,742,1.0,0.0036352697977466,-1.3191593655648148e-05,-0.0002212042950955,-2.498921552778616e-06,0.47803,9.949000358581545,0.0189999993890523,0,-19.868422080485246,1.2894787957049045,-0.01830249892155278,0.033220938913417146,0.2506072216547791,0.02891805351663779,0.3705037236213684,True
10,1256335,1256335,0,X3,DEEP,1,1611,0.9998,1.6220124197673114e-21,9.970545690407562e-06,0.0001765621941294,3.8059934839212994e-05,0.61939,9.479999542236328,0.0549999997019767,0,-19.77293745176994,-0.6813234378058706,-0.11206194006516079,0.04242925900780803,0.3273706785665768,0.04386647841812836,0.3993391990661621,True
10,1256432,1256432,0,C2,SHALLOW,0,1548,1.0,0.999999999999932,-4.782372639766663e-05,5.608344862054193e-05,-1.0235822467979938e-05,0.5113,10.111000061035156,0.0149999996647238,1,-19.949354896996976,-0.04654391655137946,-0.08341023582246798,0.0463470070624143,0.3948064874091714,0.04748349038430815,0.6052215695381165,True
10,1256505,1256505,0,S2,SHALLOW,4,1546,1.0,0.9999999981636468,1.2848662191089488e-05,0.0004484039314159,-4.330444746076557e-05,0.55626,10.347999572753906,0.0590000003576277,1,-19.951762588961728,0.626548403931416,-0.010543304447460766,0.05270037659295076,0.5134706111292686,0.052887683002951144,0.9486950635910034,True
10,1256570,1256570,0,C3,DEEP,0,337,1.0,0.9999999999999992,-1.5382343040215574e-05,-0.0003309404008786,-1.731151839894085e-05,0.34548,10.286999702453612,0.0359999984502792,1,-19.32958468370144,-1.4413309404008787,-0.00871731151839894,0.020422112566293775,0.17036346229816696,0.01786782774713333,0.9471044540405272,True
10,1256596,1256596,0,C3,DEEP,1,336,1.0,1.0,-4.643610250099073e-05,-0.0001245918695082,6.070857090209429e-05,0.68138,10.277999877929688,0.0170000009238719,1,-19.72087534742932,0.39267540813049173,0.004360708570902094,0.03315077730734085,0.3334223672704553,0.035421411777860484,0.784040093421936,True
10,1256680,1256680,0,X1,SHALLOW,0,814,0.9999,1.9527304497543366e-14,-6.442399150685674e-05,-0.0006995073180067,-2.004431936079853e-05,0.29438,9.704999923706055,0.0390000008046626,0,-19.099339282324035,-0.2843995073180068,0.0527799556806392,0.029818157700901602,0.3040237751079609,0.024268804551487475,0.030000990256667,True
10,1256764,1256764,0,X2,SHALLOW,1,807,1.0,1.0,-6.781362255736667e-06,-0.000944873973969,1.889943905383079e-05,0.55649,10.51099967956543,0.0260000005364418,1,-19.972581778553412,-0.736944873973969,-0.01478110056094617,0.049423579826544106,0.5206481691072021,0.0580778110162297,0.513952851295471,True
10,1256807,1256807,0,X3,DEEP,0,355,1.0,1.0,7.18650350961525e-05,9.58377453273429e-05,-0.000649464661204,0.61943,11.107000350952148,0.0070000002160668,1,-20.04916937850163,-0.13560416225467264,-0.05964946466120402,0.03805869648122963,0.36703002072372204,0.06645449439834065,0.9762369394302368,True
10,1256817,1256817,0,X3,DEEP,3,777,0.9993,1.0,0.0001558599191895,0.0009034378001997,0.000168913009213,0.47982,10.81999969482422,0.0189999993890523,1,-19.688124479259738,-1.0137965621998002,0.00856891300921303,0.04293565678371741,0.28665758472575475,0.04140559281402666,0.023093095049262,True
10,1256819,1256819,0,X3,DEEP,1,408,0.9997,1.407275667589293e-250,0.0001005595551184,0.0006600397467093,5.283600563825777e-05,0.58576,9.357999801635742,0.0189999993890523,0,-19.677409629307572,-0.09023996025329062,-0.012447163994361743,0.034671509222644815,0.3135427961448632,0.038478285836819316,0.9532840847969056,True
10,1256823,1256823,1,X3,DEEP,3,1553,1.0,3.0176670109939305e-11,0.0001403737647578,0.0012372364612929,-4.112644571677149e-05,0.44084,9.312999725341797,0.1049999967217445,0,-20.07198915250558,1.1049372364612928,-0.13294112644571676,0.037700093319055564,0.2445798368989905,0.02939552009476738,0.0599354356527328,True
10,1256933,1256933,0,C1,SHALLOW,0,746,1.0,1.0,9.272207976351864e-05,0.0001035042967116,6.026680126641759e-06,0.35284,10.57699966430664,0.0120000001043081,1,-19.13861215988303,-1.5280964957032883,0.04110602668012664,0.035294210917692186,0.3503422399982683,0.02998005634072714,0.7759516239166258,True
10,1257016,1257016,0,E1,SHALLOW,1,1556,1.0,1.2778753795184688e-64,-6.390269393108383e-05,-0.0006952975632034,-6.400767702242904e-05,0.33743,9.746000289916992,0.0149999996647238,0,-19.411525316694004,-0.7862952975632034,0.03633599232297757,0.03711679754211443,0.284842805337393,0.024488189242318024,0.9214651584625244,True
10,1257022,1257022,0,E1,SHALLOW,3,375,0.9991,1.0,-2.9853478725527797e-05,-0.0008233210629627,-2.9344410137105426e-05,0.38683,10.592000007629396,0.0189999993890523,1,-19.66397220175632,-0.5601233210629628,-0.0628293444101371,0.0409974420595173,0.2888747734184353,0.03908211446642017,0.5554389357566833,True
10,1257040,1257040,0,E1,SHALLOW,1,1164,0.9999,1.0,-8.777082296518302e-06,-0.0004470998181134,-1.3685526495020583e-05,0.35177,10.689000129699709,0.0179999992251396,1,-19.72573590282751,-0.3532470998181134,-0.03561368552649502,0.02413914837519886,0.27738790132996854,0.018900240724852524,0.2291393876075744,True
10,1257102,1257102,0,E2,SHALLOW,0,1600,0.9999,3.5403970394163056e-83,-5.484906947827994e-05,8.615031662262407e-05,-5.348431071175441e-05,0.4733,9.460000038146973,0.0280000008642673,0,-19.85943892820784,-0.07151384968337737,-0.08545348431071176,0.04194503452626183,0.38849226651065877,0.04138022499776031,0.7920993566513062,True
10,1257216,1257216,0,S2,SHALLOW,3,764,0.9995,1.0,-2.639268320336896e-05,-0.0003107167271605,4.277352749473829e-05,0.65434,10.291999816894531,0.0270000007003545,1,-20.076394796073536,1.6515892832728394,-0.04155722647250526,0.06644957594154642,0.7062188534408969,0.05977593963512048,0.4587509334087371,True
10,1257335,1257335,0,C1,SHALLOW,1,332,0.9999,0.999916629860552,-1.3905209858222634e-05,0.0001543226846624,-5.737140874963881e-05,0.4841,10.064000129699709,0.0170000009238719,1,-19.457808419876493,-0.3421456773153375,0.03744262859125036,0.08065927312409767,0.5881746312644954,0.06493512630405932,0.9542741179466248,True
10,1257356,1257356,0,C1,SHALLOW,4,782,1.0,0.9999999999998992,-7.667543161460344e-05,-0.0002087103367137,-4.2777974279172015e-05,0.33257,10.168999671936035,0.0230000000447034,1,-19.649870117051826,-0.5577087103367138,-0.011442777974279172,0.03705140259004618,0.2303832508856817,0.025874126451559433,0.6291503310203552,True
10,1257366,1257366,1,C1,SHALLOW,0,760,1.0,1.0,3.4547019478026186e-05,6.044782150049777e-05,-1.7382284884584487e-05,0.21136,10.760000228881836,0.0189999993890523,1,-19.032183348199982,-0.6791395521784995,0.11508261771511541,0.03314417687822998,0.17339126289361897,0.023113709509405212,0.644871175289154,True
10,1257419,1257419,0,C2,SHALLOW,3,799,1.0,1.0,-0.0001106766808689,-0.000481224918291,-0.0001691817595507,0.40361,10.484000205993652,0.0419999994337557,1,-19.633354707964386,0.384118775081709,0.015230818240449251,0.049869672129892406,0.41946481411447123,0.042561478977006933,0.6758278608322144,True
10,1257602,1257602,0,C3,DEEP,0,1199,1.0,2.827552116904016e-113,3.981153755105993e-05,-2.4157720542095085e-05,-7.755668008521677e-06,0.52211,8.847999572753906,0.0509999990463256,0,-19.939869559112893,0.8299758422794579,-0.06820775566800852,0.029882120391155727,0.22796928469069,0.025268469586039163,0.9971718788146972,True
10,1257605,1257605,0,C3,DEEP,1,318,0.9999,1.0,-1.337785226596111e-05,-0.0009542314138886,5.87721914038844e-05,0.74535,10.659000396728516,0.0080000003799796,1,-20.00281135158825,1.4900457685861115,0.04385877219140388,0.04452226850850007,0.5163984697588244,0.040393773332983114,0.3902768790721892,True
10,1257905,1257905,0,S1,SHALLOW,4,1181,0.9999,7.506810665986857e-224,-2.0536068806364934e-05,0.0022835820443172,-7.602535781272429e-05,0.61393,8.053000450134277,0.0610000006854534,0,-19.982311771039264,0.8771835820443172,-0.011976025357812725,0.052180738277009316,0.6760214625772993,0.057643278219437336,0.3616835772991179,True
10,1257934,1257934,0,S1,SHALLOW,0,1576,1.0,1.0099003011429479e-177,-8.005577632630434e-05,-3.887626949383716e-05,-0.0001132353966734,0.29648,9.715999603271484,0.0099999997764825,0,-19.73402311101719,0.7623611237305061,-0.025213235396673417,0.03027231320684793,0.2418433738413305,0.01984820830420601,0.9938668608665466,True
10,1258061,1258061,0,S2,SHALLOW,0,1205,0.9999,1.0,-0.0004512714418893,-0.0030122981082061,-0.0002464760135086,0.45831,10.840999603271484,0.0410000011324882,1,-19.348618083061822,-1.6985122981082061,0.04905352398649132,0.059830303027118024,0.5408403772746101,0.05764801975572182,0.6665047407150269,True
10,1258090,1258090,0,S2,SHALLOW,2,1632,1.0,0.9999984694592512,-5.3861742706828863e-05,-0.0007377208924193,2.21784374548617e-05,0.36656,10.140000343322754,0.0299999993294477,1,-19.708540361700962,-1.4023377208924193,-0.11157782156254514,0.04162682175448245,0.3125101597064091,0.02880527269844954,0.8046270608901978,True
10,1258118,1258118,0,S2,SHALLOW,3,1607,0.9995,3.817816467229215e-07,7.497514670262717e-05,0.0008181017122215,1.3987274823004658e-05,0.62518,9.82199954986572,0.0359999984502792,0,-19.737873845334903,-0.16458189828777847,0.050813987274823,0.0715645537670123,0.7836482597632849,0.07510709895072284,0.9624783396720886,True
10,1258289,1258289,0,X2,SHALLOW,1,1575,0.9999,1.0,-0.0001555012530225,-0.0012373111415233,-0.0002509142889554,0.50509,11.258999824523926,0.0359999984502792,1,-19.72945563150335,-1.1460373111415234,-0.11775091428895545,0.052874567661785894,0.8083243707819945,0.06632093993798123,0.6156898736953735,True
10,1258309,1258309,0,X2,SHALLOW,2,1572,1.0,4.567697703218136e-272,-0.0001976124360538,-0.0006557959587389,-0.0001367388823237,0.47616,9.048999786376951,0.0270000007003545,0,-19.756507155555916,2.510844204041261,0.06716326111767623,0.06566805339616977,0.6675191566000466,0.05218742347132889,0.9349647164344788,True
10,1258330,1258330,0,X2,SHALLOW,2,1156,0.9999,1.1754593240007688e-17,-2.8994721493091905e-05,-0.0002718810328115,1.824464596390796e-05,0.52473,9.66100025177002,0.0399999991059303,0,-19.927023299582956,1.1059281189671886,0.0634182446459639,0.043594272785330804,0.5700180887900478,0.04696035177811174,0.2585344910621643,True
10,1258422,1258422,0,X3,DEEP,3,796,1.0,1.0,9.649092651997648e-05,0.000755535854828,0.0001852112052192,0.52105,10.35200023651123,0.0130000002682209,1,-19.430072268024567,0.9408555358548281,0.13488521120521924,0.06071291254507655,0.5029113737118891,0.046041416954936666,0.9979886412620544,True
10,1258433,1258433,0,X3,DEEP,1,343,0.9999,3.040266213434618e-104,0.0001630426628338,0.0003448226889215,-0.0010274312539463,0.61445,9.56700038909912,0.0199999995529651,0,-19.654713519083813,1.0380448226889216,-0.03642743125394632,0.04889975153734651,0.46918024485407117,0.06844761959221843,0.3229765594005584,True
10,1258802,1258802,0,E1,SHALLOW,3,366,1.0,1.0,-1.7077244688579185e-05,-0.0002194314901107,-5.0626629684018265e-05,0.54947,10.440999984741213,0.0120000001043081,1,-19.905591230646877,-0.6740194314901107,-0.04045062662968402,0.0796961948372469,0.6069676930263779,0.07113511831497181,0.931279182434082,True
10,1258906,1258906,1,E2,SHALLOW,1,1192,1.0,0.0,-5.14506593880526e-05,-0.0002344054878829,-3.485218878229723e-05,0.34918,8.927000045776367,0.0209999997168778,0,-19.46848950558362,-0.08833440548788296,-3.485218878229723e-05,0.028808831977237877,0.25564038918240745,0.018836726444163437,0.8917753100395202,True
10,1258940,1258940,1,S1,SHALLOW,0,733,1.0,1.0,-0.0005167868475481,-0.0008059337545258,-0.000496075253834,0.42593,10.845000267028809,0.0280000008642673,1,-19.85144981427536,-0.022905933754525876,-0.10559607525383408,0.05497969656477853,0.4221579785424394,0.04493555234395486,0.4479530453681945,True
10,1259006,1259006,0,X2,SHALLOW,3,382,0.9999,2.0725811036789308e-144,-0.0001868809089167,-0.0005623903742713,-0.0001035919439554,0.5279,8.95199966430664,0.0410000011324882,0,-19.866780549556935,0.6767376096257287,0.00039640805604457263,0.06723996481031155,0.6110469168553021,0.0584867147383749,0.4246322214603424,True
10,1259246,1259246,0,C2,SHALLOW,1,748,1.0,1.0,-7.543735336668078e-05,-0.000344766504714,-2.688453612906261e-05,0.22284,10.972999572753906,0.0289999991655349,1,-19.132519379529214,-1.190144766504714,0.11267311546387093,0.03637224636314882,0.1641629514684369,0.025993038321723543,0.3756616115570067,True
10,1259352,1259352,0,C3,DEEP,3,800,0.9999,0.9999999964279974,-0.0002199795767658,5.7903340046738805e-05,-9.0405097387114e-05,0.21986,10.463000297546388,0.0799999982118606,1,-19.404168645817663,-0.6449420966599533,0.07250959490261288,0.02106554639347651,0.13848842595426167,0.016279538289783572,0.0607313886284827,True
10,1259511,1259511,0,X3,DEEP,3,340,1.0,1.0,-6.643710670672931e-05,-0.0005417934475671,-7.048999812191148e-05,0.3271,10.824000358581545,0.0619999989867209,1,-19.782134454882666,0.1655582065524328,-0.09447048999812191,0.019518144181921524,0.15713926702257944,0.014889719667686627,0.313800275325775,True
10,1259538,1259538,0,X3,DEEP,2,1609,1.0,2.1589055563292785e-280,-0.0001118754907949,0.0001707559620335,-2.072089761862364e-05,0.51244,9.24899959564209,0.0209999997168778,0,-19.620138936743516,-0.31132924403796647,-0.028220720897618623,0.037874514837982376,0.30111684877386474,0.03415214887200436,0.7133824825286865,True
10,1259561,1259561,0,X1,SHALLOW,3,368,1.0,1.0,-3.406739425670935e-05,0.0008729463783166,-0.0001276855216895,0.56751,10.604999542236328,0.0520000010728835,1,-19.90738056113254,-0.6105270536216834,-0.015327685521689505,0.04190824345883027,0.594402083417772,0.05315047890808568,0.5085695385932922,True
10,1259667,1259667,0,C3,DEEP,1,333,0.9999,0.999999988531582,1.713686252102775e-05,-8.988325145820042e-05,5.003585163113056e-05,0.65871,10.095000267028809,0.0170000009238719,1,-19.258409803541596,-0.6572898832514582,0.06635003585163113,0.04328394994518008,0.47664221624563907,0.04556703247343498,0.9893879890441895,True
10,1259771,1259771,0,S1,SHALLOW,4,395,0.9999,5.073377237659022e-106,-0.0003722348051091,-0.0018422708873109,-1.9251056141138256e-05,0.53232,9.19200038909912,0.0370000004768371,0,-19.828440922712986,1.0698577291126892,0.021580748943858863,0.05448412849994795,0.5242084739148075,0.05160315632018259,0.8560671210289001,True
10,1260000,1260000,0,S2,SHALLOW,0,758,1.0,1.7795304810067607e-15,-0.0001547350804891,8.935791969477691e-05,-6.441063846604478e-05,0.5506,9.819000244140623,0.0230000000447034,0,-19.677815873716526,1.0133893579196949,-0.04166441063846604,0.05383300255722975,0.6399215440954348,0.0587258019320341,0.5205065608024597,True
10,1260030,1260030,0,S2,SHALLOW,0,751,1.0,1.0,-0.0002635233045857,-0.0003547323592498,-0.0002123533391892,0.45811,10.41100025177002,0.0299999993294477,1,-19.710570040159745,-0.09165473235924981,0.02918764666081075,0.05680976479148056,0.5838533749282273,0.04651466815122034,0.9991203546524048,True
10,1260050,1260050,0,S2,SHALLOW,0,1619,1.0,0.999999999999756,-1.5260786057069708e-06,-0.0005947093635312,-7.075933264943934e-05,0.27278,10.505999565124512,0.0700000002980231,1,-19.574547306737017,-0.7969947093635312,-0.04037075933264944,0.025042454670170446,0.1979857282005753,0.019812022157942526,0.9419806599617004,True
10,1260241,1260241,0,X3,DEEP,2,1155,0.9999,1.0,1.7150616542949138e-05,0.0002405015446862,-1.200018407220612e-05,0.33336,11.029000282287598,0.0270000007003545,1,-19.477326313471643,-0.7736594984553138,-0.0041120001840722065,0.03196085402121941,0.2579495564935257,0.023543406358346352,0.7869160175323486,True
10,1260427,1260427,0,X3,DEEP,1,1634,0.9998,1.0,0.0001370031023064,0.000513908702939,0.0003676145586859,0.8175,10.74899959564209,0.0729999989271162,1,-19.846118923993338,-0.13618609129706094,0.10336761455868593,0.056831173573479506,0.561319570223477,0.06542413397020529,0.1994198560714721,True
10,1260461,1260461,0,X3,DEEP,0,1598,0.9999,1.0,0.0002749669906734,-0.0001372110624719,0.0009361853967177,0.85855,10.668999671936035,0.0170000009238719,1,-19.947689403580235,-1.089737211062472,-0.08556381460328222,0.05165299260186257,0.6766603848671648,0.11509257762328205,0.063444674015045,True
10,1260522,1260522,0,X3,DEEP,0,1584,0.9994,1.0,0.0001578771468899,0.0016902858315771,0.0002708396219253,0.74133,10.571000099182127,0.0270000007003545,1,-19.644676311509578,0.5808902858315772,0.07447083962192536,0.055100327375837886,0.6471929163169262,0.06107352820894298,0.4650963544845581,True
10,1260551,1260551,0,C1,SHALLOW,1,737,0.9999,0.9395521305789692,-4.88346541871465e-05,1.1074274256617224e-05,-6.376061018885382e-05,0.55236,10.076000213623049,0.0489999987185001,1,-19.877718670199023,0.6022110742742566,0.11573623938981115,0.04514441627140723,0.5088075285432674,0.05044818643575732,0.9030752778053284,True
10,1260556,1260556,0,C1,SHALLOW,2,1617,1.0,1.0,8.16774306322543e-05,0.0002816152512756,0.0001099252424879,0.27437,10.381999969482422,0.0070000002160668,1,-19.239144260988738,0.10518161525127567,0.1027099252424879,0.026066932651240656,0.23630184680955227,0.01916597248015226,0.0061101056635379,True
10,1260568,1260568,0,C1,SHALLOW,2,1221,0.9995,0.9991602458651458,-3.109595085248884e-05,-9.80418909657388e-06,2.217926554812233e-05,0.53805,10.39900016784668,0.1270000040531157,1,-19.401442682154133,-2.4600098041890965,0.08492217926554813,0.06954018511083494,0.6257436707705951,0.07602061297417353,0.517468273639679,True
10,1260605,1260605,0,C1,SHALLOW,3,1560,1.0,1.0,-5.1832265619111695e-05,1.6750383550423464e-05,2.113979317991399e-05,0.55534,10.338000297546388,0.0170000009238719,1,-19.876124155313846,1.1437167503835504,0.04082113979317992,0.04733664602476185,0.5234892726601196,0.04851435836511996,0.7898702621459959,True
10,1260645,1260645,0,C2,SHALLOW,4,1190,0.9997,1.0,-0.0003042241511934,-0.0115226000577289,-0.0003557232188518,0.67405,10.718000411987305,0.0309999994933604,1,-19.902559472307555,0.775777399942271,0.048344276781148166,0.05833719465997117,0.8727626853121419,0.06270861301175683,0.5978756546974182,True
10,1260889,1260889,0,E2,SHALLOW,3,1183,1.0,1.0,-7.22160206159117e-05,-1.477603777821912e-05,1.362150772089843e-05,0.52885,10.477999687194824,0.0160000007599592,1,-19.687305877439833,1.2583852239622217,0.0664136215077209,0.056097931860277596,0.630276764846706,0.05217829901712691,0.634945273399353,True
10,1260949,1260949,0,E2,SHALLOW,0,738,1.0,1.5559694456400386e-197,-8.675184501072408e-05,0.0003146359267035,-0.0001219206868608,0.41568,9.220999717712402,0.0260000005364418,0,-19.895885182898645,0.7934146359267036,-0.047621920686860886,0.042450380027327664,0.3883792856665989,0.036828986042013304,0.1787266731262207,True
10,1261173,1261173,0,C1,SHALLOW,4,766,0.9997,0.0117054597793858,-6.665669322458712e-05,4.4487050651909055e-05,-1.961123221191907e-06,0.47377,9.932000160217283,0.0299999993294477,0,-19.4112618123346,-0.11035551294934809,0.08499803887677881,0.06254381475068824,0.5068604247386466,0.05083470909680154,0.8144460320472717,True
10,1261193,1261193,0,C1,SHALLOW,2,813,1.0,0.2798353211386729,0.0002035915145448,-0.0006073167057294,0.0001504889651596,0.19246,9.993000030517578,0.0120000001043081,0,-19.068286932494598,0.9687926832942706,0.1098504889651597,0.02529579501114097,0.1547507995846326,0.018176232554519133,0.1414781659841536,True
10,1261233,1261233,0,C3,DEEP,0,372,1.0,0.0,3.404108987581367e-06,0.000170019065824,2.522177747078802e-05,0.53166,9.281000137329102,0.0070000002160668,0,-19.70192799528292,-0.947129980934176,-0.04447477822252921,0.03154751416837597,0.2495519204066149,0.030119500568585963,0.978909432888031,True
10,1261259,1261259,0,C3,DEEP,2,1592,0.9999,1.0,-2.1173280487118973e-05,0.0002695433205458,4.6260117643005805e-05,0.52723,10.125,0.0109999999403953,1,-19.876352863786025,0.3014695433205459,-0.050653739882356996,0.02907500617847069,0.2533250769000085,0.027329903288972623,0.9937267899513244,True
10,1261456,1261456,0,X1,SHALLOW,3,391,1.0,1.0,4.156403051780444e-05,0.0002419272763276,-4.525436407090688e-05,0.62162,10.6850004196167,0.0230000000447034,1,-19.939262485790973,0.3516419272763276,-0.1439452543640709,0.071540084397327,0.6293515870168389,0.0712314314554636,0.3254499733448028,True
10,1261503,1261503,0,X2,SHALLOW,0,1559,1.0,0.999999999953722,-7.940830103336793e-05,-0.0003885381423924,-3.586726146050795e-05,0.35211,10.758000373840332,0.1169999986886978,1,-19.869010511845207,-0.32338853814239243,-0.04773586726146051,0.0389627122393582,0.31267508375829695,0.02880196573443528,0.1302096396684646,True
10,1261579,1261579,1,X3,DEEP,3,324,1.0,1.0,-7.123642744133463e-05,-0.0004311258449161,-0.0001379782393052,0.32214,11.220999717712402,0.0280000008642673,1,-19.69363528377256,-0.2182311258449161,-0.0015379782393052377,0.021946541264562337,0.1441913683545038,0.016115881066549684,0.8889830112457275,True
10,1261784,1261784,0,C1,SHALLOW,1,1561,0.9998,0.9999999999996424,-1.306989160809735e-05,-0.0003741318158185,3.0890705492281345e-05,0.26523,10.121999740600586,0.0170000009238719,1,-18.398827823735225,-0.31707413181581856,0.28603089070549226,0.03644746625682982,0.2912842963045682,0.02645244723610283,0.5487755537033081,True
10,1261963,1261963,0,S1,SHALLOW,3,817,1.0,1.0,-0.0003695005569461,-0.0014205458826681,-0.0002984281493706,0.27963,11.300999641418455,0.0419999994337557,1,-18.462750416035036,-1.7315205458826681,0.24890157185062933,0.06457872702391777,0.3858642807771167,0.04717392562942672,0.996703803539276,True
10,1262016,1262016,0,X3,DEEP,2,1588,1.0,1.4568646694862949e-118,-0.0002609672002478,-0.0010014504221718,-0.0001765524117596,0.46694,9.421999931335447,0.0250000003725289,0,-19.900787451846494,0.7530985495778282,-0.0619765524117597,0.031063620365240737,0.294409737312919,0.027027882545464108,0.726136565208435,True
10,1262055,1262055,0,C1,SHALLOW,3,743,1.0,0.011266874293783,-5.085861527476254e-06,0.0003810959511714,5.3826318002575535e-05,0.58072,9.927000045776367,0.0320000015199184,0,-19.73922367207919,-0.3975189040488285,-0.09694617368199743,0.05370645423029752,0.5078078519129396,0.059736950872552014,0.4537354111671447,True
10,1262084,1262084,0,C1,SHALLOW,1,1569,1.0,1.0,-5.061829491381786e-05,-0.0002282220166483,-3.889512918818505e-05,0.4536,10.739999771118164,0.0130000002682209,1,-19.354290133328195,-0.16682822201664838,0.06536110487081181,0.05504200758254965,0.552557347314624,0.0490688669419789,0.8464335203170776,True
10,1262131,1262131,0,C2,SHALLOW,1,1216,1.0,0.9923227609688576,-3.533398584920633e-05,-0.000240074191369,-4.35031137368952e-05,0.33802,10.222999572753906,0.0920000001788139,1,-19.772784959361708,0.20355992580863091,-0.04454350311373689,0.020222796506063675,0.20913004704190402,0.01660159651818337,0.914327561855316,True
10,1262135,1262135,0,C2,SHALLOW,1,1562,1.0,1.0,-0.0001711037837495,-0.0007329609129176,-0.0001540687639696,0.38328,10.838000297546388,0.0120000001043081,1,-19.816600454518735,-0.09323296091291766,-0.07055406876396964,0.03322946163988841,0.2985771735349842,0.033509413809077196,0.8427675366401672,True
10,1262252,1262252,0,E1,SHALLOW,4,784,1.0,3.4789748184157957e-178,-5.994017426758092e-05,-3.5301924872221946e-06,-2.3079152999233576e-05,0.45294,9.545000076293944,0.0160000007599592,0,-19.710413600555242,1.3941964698075129,0.016876920847000765,0.04510376309551915,0.5342914356373148,0.044445284620055606,0.5146735906600952,True
10,1262550,1262550,0,S2,SHALLOW,4,384,1.0,1.0,-2.1763649716177724e-05,-0.0005591529106298,-4.530003172158181e-05,0.29209,10.446000099182127,0.0140000004321336,1,-19.6965783213956,-0.5017591529106298,-0.07624530003172159,0.022051896267591267,0.24847526156559166,0.01804915244574702,0.955205738544464,True
10,1262573,1262573,0,S2,SHALLOW,0,1605,0.9998,1.0,-0.0001083768520508,-0.0040534187190166,-9.222006126285293e-05,0.23747,11.152000427246094,0.0189999993890523,1,-18.987217565206613,-2.5638534187190167,0.03510777993873715,0.030931407847143117,0.28617002630929184,0.025247949023458536,0.6994650363922119,True
10,1262726,1262726,0,X3,DEEP,0,750,0.9999,1.0,-8.332323730897429e-05,-0.0003237612676358,4.533463682256534e-05,0.25378,10.8100004196167,0.0049999998882412,1,-19.474321542238474,-2.111023761267636,-0.004154665363177434,0.026581075903838593,0.21378203203895896,0.02967330550094182,0.8942615389823912,True
10,1262736,1262736,0,X3,DEEP,2,1578,1.0,1.0,-0.0001823267223812,-0.0013094560986948,7.328597122116531e-06,0.52929,10.722999572753906,0.0189999993890523,1,-19.54433075516431,-1.030609456098695,0.06190732859712211,0.03649476006450014,0.4198669372838214,0.03619840603280108,0.8127437829971313,True
10,1262746,1262746,0,X3,DEEP,2,1223,1.0,1.0,5.366126082861911e-05,-5.474771460128869e-05,-1.2679225839359182e-05,0.23079,10.482999801635742,0.0460000000894068,1,-19.527475072922833,0.4471452522853987,0.01708732077416064,0.021217506984613832,0.163560112445692,0.015873340376969833,0.9620671272277832,True
10,1262803,1262803,0,X3,DEEP,2,389,0.9994,1.0,0.0001802826351884,0.002907758884743,0.0001811859372312,0.61343,10.758000373840332,0.0299999993294477,1,-19.190617315727724,-2.018892241115257,0.015281185937231268,0.05704703488027816,0.5041713487810433,0.06434151367198605,0.5886211991310119,True
10,1263039,1263039,0,X1,SHALLOW,3,399,0.9997,0.9999999999999998,4.183242725730452e-05,0.0001772168386094,2.7562367922600445e-05,0.65514,10.211000442504885,0.0260000005364418,1,-19.945099265102506,-0.8997227831613905,-0.0073724376320774,0.07805915713278079,0.8480818012392579,0.08731460695228307,0.1259364783763884,True
10,1263062,1263062,0,X1,SHALLOW,1,1580,1.0,0.999999953757203,-0.000167382065026,-0.0006065110688436,-0.0001726560226204,0.50827,10.234999656677246,0.0439999997615814,1,-20.04241866728622,-0.5356065110688437,-0.08167265602262042,0.04365813441280289,0.46931843839748544,0.04963778159605754,0.707257032394409,True
10,1263090,1263090,0,X1,SHALLOW,2,741,0.9996,1.0,-2.687959724667621e-05,-0.000168092090295,-0.0001407074783789,0.65206,10.800999641418455,0.0450000017881393,1,-20.24888079217571,-0.299668092090295,-0.19214070747837897,0.060136459335073666,0.6579165647046239,0.06758526588336262,0.9799992442131042,True
10,1263197,1263197,0,C2,SHALLOW,1,1603,0.9999,0.9717178088757088,-7.461302516986734e-05,-0.00056399457412,-6.510612182791808e-06,0.33778,10.142999649047852,0.0750000029802321,1,-19.426860070822016,-2.1418639945741202,0.03499348938781721,0.028744746811282317,0.27439119773416576,0.02473984534863182,0.7494614124298093,True
10,1263244,1263244,0,E2,SHALLOW,4,350,0.9997,1.0,-0.004188673575495,-0.1885308000847381,-0.0001236193536588,0.45799,10.96399974822998,0.0260000005364418,1,-19.213288191432948,-2.4695308000847382,-0.20012361935365885,0.06755907458551277,0.8234168160126959,0.11389951614693869,0.1652985364198684,True
10,1263369,1263369,1,S1,SHALLOW,3,341,1.0,1.0,7.773953913670084e-05,0.0002927567870997,-3.200682706198943e-05,0.31251,10.477999687194824,0.0109999999403953,1,-19.750489828270336,0.27309275678709977,-0.07123200682706199,0.027877967293663368,0.25406374336412574,0.019788054792414335,0.2636456489562987,True
10,1263580,1263580,0,E1,SHALLOW,1,401,1.0,9.479801014872497e-18,4.5469929734309744e-05,0.0007424036021979,3.496721845795692e-05,0.58276,9.762000083923342,0.0280000008642673,0,-19.92139644039949,-0.08435759639780205,-0.11176503278154204,0.04987868757126852,0.725241245480508,0.06315449639235136,0.5350216031074522,True
10,1263715,1263715,1,S2,SHALLOW,1,752,1.0,1.0136164502001744e-150,7.591207353385698e-05,0.0008650188923167,-6.429247664595933e-05,0.29185,8.720000267028809,0.0489999987185001,0,-19.716775811151724,0.6214650188923168,-0.04146429247664596,0.02915377545773835,0.2746439993202138,0.020394743435675496,0.5015456676483154,True
10,1263788,1263788,0,C3,DEEP,4,732,0.9997,1.0,0.0002364917848076,-0.0003938623195323,0.0003635800233735,0.75729,11.32699966430664,0.0869999974966049,1,-19.685732878179973,-1.8150938623195323,-0.11723641997662648,0.08363946670891029,0.8042251108232044,0.14274924646896178,0.7892490029335022,True
10,1263829,1263829,0,C1,SHALLOW,0,1185,1.0,1.0,-5.118883175470046e-05,-0.0002012952532441,2.4592570520287627e-06,0.5007,10.996000289916992,0.0219999998807907,1,-18.969560955303017,-2.5447012952532444,0.12070245925705203,0.05136679245198664,0.36767120079475935,0.04511626613184665,0.9350602626800536,True
10,1263856,1263856,0,C1,SHALLOW,1,393,0.9999,0.9999999999980635,3.84498822363355e-05,1.1534209588326403e-05,8.071719527588672e-06,0.69783,10.715000152587892,0.1030000001192092,1,-19.655538016094177,-2.323288465790412,-0.1102919282804724,0.0776926977819884,0.881642719595383,0.09689845076089143,0.9252333641052246,True
10,1264039,1264039,0,C3,DEEP,3,1166,0.9993,0.0,-4.866083265397947e-05,-0.0002412395381077,-6.66927568476472e-05,0.4246,9.161999702453613,0.0120000001043081,0,-19.593795283671362,0.18165876046189222,-0.07586669275684765,0.040771870001579294,0.3348014790297026,0.03166047057513298,0.8535668849945068,True
10,1264049,1264049,0,S1,SHALLOW,1,1176,0.9997,0.0,9.982166981714612e-05,0.001665756048591,4.275126534430962e-05,0.54397,9.291000366210936,0.0170000009238719,0,-19.978343092364824,1.0171657560485912,0.04794275126534431,0.06457652585403081,0.6710178688505086,0.056827322977237985,0.8372804522514343,True
10,1264068,1264068,0,S1,SHALLOW,0,367,1.0,1.0,-5.23533855947278e-05,-0.0007282216522656,-1.90383950907716e-05,0.33054,10.23799991607666,0.0120000001043081,1,-19.458742709660754,-0.2428282216522657,-0.021119038395090772,0.040167412312073485,0.3853543170256793,0.0287715492381062,0.9887208342552184,True
10,1264375,1264375,0,X3,DEEP,4,1623,0.9999,1.0,-7.742702952739933e-05,-0.0007060764375868,-8.2051746470857e-06,0.49572,10.25,0.0099999997764825,1,-19.020336888651954,-1.4812060764375867,0.1554917948253529,0.06042160121428781,0.5038179500215388,0.05433885328390979,0.9685701727867126,True
10,1264434,1264434,0,X3,DEEP,3,1549,1.0,1.0,-3.5090140439564266e-05,-4.0500279659405614e-05,-6.0883701546325664e-05,0.31075,11.026000022888184,0.0549999997019767,1,-19.656225670664035,0.26125949972034057,0.03613911629845368,0.025811229816572977,0.2258947476761293,0.020157925557448438,0.2284784018993377,True
10,1264499,1264499,0,X2,SHALLOW,1,1188,1.0,1.0,-0.0001737887260908,0.0001739406386558,-0.0001895924118866,0.44841,10.595000267028809,0.0209999997168778,1,-19.72797449134562,-1.101526059361344,0.08231040758811337,0.08963653037749653,0.7771283129121203,0.07077303243317457,0.7950644493103027,True
10,1264512,1264512,0,X2,SHALLOW,4,1224,1.0,1.3557512201540078e-228,-1.9941591244077017e-05,-0.0008580332037719,-1.91999381421587e-05,0.36027,9.0,0.0309999994933604,0,-19.697938683129426,0.08324196679622808,-0.02911919993814216,0.032302644290848524,0.3392670483241714,0.02305156866137112,0.0521745197474956,True
10,1264606,1264606,0,C3,DEEP,0,798,0.9992,1.0,0.0009195971768463,0.0183942923864632,0.0004228980940332,0.6811,10.737000465393066,0.0189999993890523,1,-19.959668212521393,0.2702942923864633,0.00032289809403329706,0.04182764198291563,0.5574492995589628,0.04032546827829657,0.2806791365146637,True
10,1264631,1264631,0,X3,DEEP,0,771,1.0,1.5192354755095244e-32,1.2492162294819307e-05,0.0004178143434482,-9.505338600196422e-06,0.55299,8.876999855041504,0.0949999988079071,0,-20.07347762040704,-0.7792821856565517,-0.0708095053386002,0.03789467635405954,0.5573105836897878,0.03909133562706395,0.9321415424346924,True
10,1264689,1264689,0,X3,DEEP,4,357,0.9999,6.77606267849499e-47,-0.0006404462769715,-0.0129008548524647,-0.0003074674159299,0.73162,9.871000289916992,0.0089999996125698,0,-20.020912009990965,-0.0002008548524647935,-0.12000746741592994,0.0525340110852082,0.6830482020737753,0.027807089234818325,0.8111532926559448,True
10,1264948,1264948,0,E2,SHALLOW,3,808,1.0,1.0,-6.96855473556468e-05,-0.000145562167823,-2.2468064281418176e-05,0.50394,10.303999900817873,0.0140000004321336,1,-19.8184885145683,1.0794544378321769,0.03937753193571858,0.06514714143309087,0.664423927299748,0.05741050949381788,0.695863664150238,True
10,1264963,1264963,0,E2,SHALLOW,2,1620,0.9991,1.0,-5.2512175088281765e-06,-0.0001565073334392,-7.588434876496571e-06,0.55214,10.340000152587892,0.0120000001043081,1,-19.68697143178578,0.25954349266656074,-0.0038075884348764966,0.07721070078725205,0.8723822440377867,0.08276049546661458,0.678368091583252,True
10,1265011,1265011,0,S2,SHALLOW,1,1180,1.0,1.0,-0.0002545685859942,-0.0049740945115788,-0.0002459318659234,0.34689,10.460000038146973,0.0120000001043081,1,-19.940234599832493,-0.6135740945115788,-0.10404593186592348,0.035380811172184334,0.6333463180869214,0.029057524437622533,0.2093744128942489,True
10,1265165,1265165,0,S1,SHALLOW,1,1154,0.9997,1.0,-0.0001566892518098,-0.0007838160468887,-0.0001160019551656,0.31752,10.861000061035156,0.0149999996647238,1,-19.39334375608341,-1.6342838160468887,-0.11051600195516564,0.043946148868602694,0.43476780294125406,0.0356589402580934,0.547775328159332,True
10,1265169,1265169,0,S1,SHALLOW,0,356,0.9995,9.345336537603398e-143,-4.764054279249308e-05,-0.0002227092435096,5.214057680690693e-05,0.68332,9.567999839782711,0.0170000009238719,0,-19.892175365131628,-0.9356227092435097,0.051552140576806904,0.07958430665635116,0.9199656123031034,0.08804621791434043,0.4557423889636992,True
10,1265349,1265349,0,X3,DEEP,2,1174,1.0,1.0,0.0001989599894542,5.213764502248752e-05,-4.47178675759552e-05,0.79939,11.046999931335447,0.0570000000298023,1,-20.020483553183432,-0.1759478623549775,-0.08494471786757596,0.06520289708076044,0.901812106529153,0.06730272987499984,0.9491713643074036,True
10,1265426,1265426,0,C2,SHALLOW,3,1633,1.0,3.2854082608163947e-192,-3.2860414904689605e-05,0.0008190024533427,-5.2680438492019865e-05,0.42029,9.409000396728516,0.0199999995529651,0,-19.553656201747856,-0.3697809975466573,-0.07995268043849202,0.05437746799072794,0.5253051156552868,0.048980922517868355,0.7594945430755615,True
10,1266015,1266015,0,S2,SHALLOW,3,734,0.9999,0.9999999999999992,-4.436609501112798e-05,-0.0022555373486043,-3.718435342206505e-06,0.3616,10.671999931335447,0.0839999988675116,1,-19.26502577639586,-0.21235553734860435,0.1099962815646578,0.0364634091794861,0.6718676519293804,0.004983517331354259,0.957909107208252,True
10,1266634,1266634,0,S1,SHALLOW,2,330,0.9999,2.8591506112953875e-78,-0.0001535353950856,-0.0001065117568592,-0.000155831149248,0.4982,9.513999938964846,0.0260000005364418,0,-19.55358472077094,1.4238934882431407,0.06254416885075198,0.06664502948577668,0.9598042490483306,0.06078750646295542,0.6568108201026917,True
10,1271436,1271436,0,C3,DEEP,2,1167,0.9997,1.0,-2.1352566292875963e-06,-0.0001308923624183,9.716057093850372e-06,0.79511,11.366000175476074,0.0260000005364418,1,-20.22427763929163,1.0125691076375816,-0.07739028394290615,0.03912649338946069,0.49533095020300405,0.03619641805132425,0.239862635731697,True
10,1273127,1273127,1,E1,SHALLOW,1,297,0.9999,1.0,-3.16359324976645e-05,-3.184644818077231e-05,1.40823691532916e-05,0.18937,10.472000122070312,0.0109999999403953,1,-19.013373553192537,-1.9773318464481808,0.01361408236915329,0.03296799499926104,0.32397205627207837,0.025947046207936853,0.9940892457962036,True
10,1275946,1275946,1,E2,SHALLOW,4,279,1.0,7.249730492434132e-59,-7.497916995546916e-05,-0.0001635425372157,1.6442193665214266e-05,0.23212,7.967000007629394,0.1260000020265578,0,-19.860766486179433,1.7071364574627843,-0.06608355780633479,0.024767488822258914,0.1977707582775984,0.017608796027918632,0.9942972064018248,True
10,1276546,1276546,0,S2,SHALLOW,2,1512,0.9999,5.778850443766445e-77,1.3841694212146647e-05,-0.0010798700923974,4.167790825027051e-05,0.35329,8.814000129699707,0.0640000030398368,0,-19.57099852088273,0.35502012990760257,-0.06745832209174973,0.03420103203756179,0.3655726411304373,0.022918504857338828,0.1693019866943359,True
10,1277715,1277715,0,C3,DEEP,2,730,1.0,0.0,-6.9710259360533655e-06,-0.0003763449443812,-2.3226965274187293e-05,0.34601,9.08899974822998,0.0089999996125698,0,-19.529175959165087,-0.11107634494438123,-0.006523226965274187,0.020183335061696877,0.22851878160030847,0.01752141145199692,0.7962912917137146,True
10,1277945,1277945,0,C3,DEEP,1,1150,0.9993,1.0,-0.0001936707034815,-0.0007546221220096,-7.853346587453902e-05,0.43369,11.217000007629396,0.0049999998882412,1,-19.366928319674734,-0.8014546221220096,0.031521466534125464,0.05805113304864332,0.37824677122350747,0.04750945488484828,0.7136666774749754,True
10,1278493,1278493,0,X2,SHALLOW,0,258,1.0,1.7041241163456645e-22,-0.0002488421932156,-0.0002904913506176,-0.0001131924975473,0.27237,9.845000267028809,0.0160000007599592,0,-19.588482738490683,0.19750950864938233,-0.029613192497547347,0.048279547287620586,0.339287630979301,0.020948090688993126,0.6845020055770874,True
10,1278602,1278602,0,S1,SHALLOW,2,673,0.9994,1.0,6.193120291442256e-05,-0.0012860608132995,2.341172766118227e-05,0.34799,10.39900016784668,0.0130000002682209,1,-18.87788056335647,0.13891393918670047,0.2116234117276612,0.06169188803198223,0.45376814050102904,0.03827412711108745,0.2687303125858305,True
10,1279420,1279420,0,C1,SHALLOW,0,696,1.0,1.0,1.007745964187734e-05,0.0002066818072785,2.580985491587584e-05,0.25691,10.979000091552734,0.0599999986588954,1,-19.355106483572484,-0.8389933181927214,0.04712580985491588,0.029099785875574456,0.4493021441762469,0.027780242261103347,0.3520933091640471,True
10,1279500,1279500,1,X3,DEEP,0,284,1.0,6.566074239120537e-97,5.7130929690174526e-05,9.275281222653752e-05,4.486325447045775e-05,0.2347,9.708000183105469,0.0140000004321336,0,-19.587751719103103,0.7846927528122265,-0.02775513674552954,0.018945018797199772,0.1763246910590621,0.014235921187035523,0.9347407221794128,True
10,1281668,1281668,1,E2,SHALLOW,4,296,1.0,1.300850523550354e-06,-7.205583610669919e-05,-0.0001637446428674,-2.150618137142235e-05,0.30697,9.95300006866455,0.0099999997764825,0,-19.77995434298236,0.24313625535713257,-0.09172150618137143,0.021905873345050435,0.22101625407253192,0.017369344238581733,0.3806746900081634,True
10,1281879,1281879,0,S2,SHALLOW,1,305,0.9999,1.0,-8.877708465604428e-05,0.000131273775779,-2.1983295474897743e-05,0.50547,10.645000457763672,0.0149999996647238,1,-19.588825592554347,1.102831273775779,0.1595780167045251,0.08848785620164262,0.7992730960562632,0.0677392526905957,0.9167373180389404,True
10,1281886,1281886,1,S2,SHALLOW,4,1467,1.0,5.598998759888104e-174,-0.0003061035321678,-0.0007538684562076,-0.0002671157351557,0.38393,9.40999984741211,0.0209999997168778,0,-19.743518777250575,1.1813461315437923,-0.0016671157351557664,0.05462054600923748,0.35734527661109977,0.04237940419963318,0.3600299656391143,True
10,1282114,1282114,0,X1,SHALLOW,4,268,0.9999,1.0,1.6761510728713347e-05,-0.0003129965650361,3.609919636118897e-05,0.21781,10.1899995803833,0.0099999997764825,1,-19.11036567232063,-0.9617129965650362,0.04113609919636119,0.05215073304863734,0.29035369400460886,0.03205171971899571,0.9957386255264282,True
10,1282736,1282736,1,X2,SHALLOW,0,1145,0.9999,1.0,-0.0001999155558785,-0.000308823998194,-8.603373508772605e-05,0.37797,10.527999877929688,0.0289999991655349,1,-19.334747184360193,-0.422408823998194,0.12161396626491228,0.04027546932570743,0.3111817093980189,0.030410022732148417,0.5591283440589903,True
10,1282966,1282966,0,C3,DEEP,1,721,0.9998,0.0,7.486643487553124e-05,0.0005120659638799,1.0979468886854192e-05,0.58012,9.586999893188477,0.0080000003799796,0,-19.86930238074062,0.20411206596387999,-0.023289020531113147,0.027943037244542855,0.25524085230338295,0.02970903583857152,0.0564007423818111,True
10,1283373,1283373,1,C1,SHALLOW,1,656,1.0,0.9999664450872988,4.482065354594056e-05,-0.0001717241336889,4.367311689883191e-05,0.20753,10.291000366210938,0.0729999989271162,1,-19.315953667741766,-1.0434717241336888,-0.03965632688310117,0.034324204896807535,0.18675218846353142,0.021006689065946584,0.2746230661869049,True
10,1283855,1283855,0,E1,SHALLOW,4,307,0.9999,1.0,-5.800252121090921e-05,0.0001605598394448,9.948354145139504e-06,0.56536,10.939000129699709,0.0379999987781046,1,-20.10756256660413,-0.8941394401605551,-0.22169005164585487,0.06215097640809227,0.6034579301339799,0.06599606930195356,0.7404276728630064,True
10,1283878,1283878,1,X3,DEEP,4,685,1.0,1.0,6.721593239689128e-05,0.0006703858160668,-4.458475518328425e-05,0.31286,11.246000289916992,0.0130000002682209,1,-19.424107866650996,-0.6023296141839332,-0.010444584755183284,0.04118142578726388,0.28648226205391364,0.027057972489100197,0.4152151346206665,True
10,1283923,1283923,1,E2,SHALLOW,0,702,0.9999,1.0,-5.178225677582304e-06,-0.0008489963141937,6.462180622687774e-05,0.14631,10.684000015258787,0.0270000007003545,1,-18.569289591629015,-2.258948996314194,0.10006462180622688,0.034455817878250736,0.15388849894950335,0.02504986551529737,0.1686624437570571,True
10,1283936,1283936,1,E2,SHALLOW,0,1129,0.9994,1.6484400119593286e-184,-8.860505040786393e-05,-0.0006392101766857,5.316530103049999e-06,0.36862,9.479000091552734,0.0179999992251396,0,-18.90876513020568,-0.24973921017668577,0.16530531653010305,0.05436993537925414,0.489451466449739,0.037577955609738006,0.547547936439514,True
10,1284601,1284601,0,C2,SHALLOW,1,1132,1.0,1.0,-0.0001459126168938,-0.0003144225437343,-6.762859303634933e-05,0.40512,10.36400032043457,0.0320000015199184,1,-19.71663273530004,0.7316855774562656,-0.022067628593036348,0.043500308819346044,0.3520011811773848,0.03840483034998141,0.6340368986129759,True
10,1285317,1285317,1,E2,SHALLOW,4,1144,0.9999,7.113058458911545e-120,-0.0001301504259139,-0.0002426754409359,-6.791251339298768e-05,0.56441,8.512000083923342,0.0640000030398368,0,-19.915051676676978,0.0842573245590641,-0.025367912513392987,0.054699898798511996,0.6161525060525068,0.04919489845580272,0.8640834689140318,True
10,1286881,1286881,0,C2,SHALLOW,4,770,1.0,1.0,-7.995722003428796e-05,6.741330237591825e-06,-3.177669992451837e-05,0.5228,10.53600025177002,0.0299999993294477,1,-19.8740553962226,0.2902067413302376,-0.08243177669992452,0.04669049154800722,0.4761311416559916,0.05247314928704101,0.8199447393417358,True
10,1287437,1287437,0,C2,SHALLOW,1,339,0.9991,1.0,0.0001436394159526,0.0067151804467153,9.6056824491611e-05,0.33681,11.307000160217283,0.0170000009238719,1,-19.358590071257986,1.1369151804467155,0.06499605682449161,0.05547698405670335,0.7201592417403787,0.038815261591149654,0.3661110401153563,True
10,1287883,1287883,0,E1,SHALLOW,0,1182,1.0,1.0,-3.6868756865260366e-06,1.056672718570406e-05,1.193590339944317e-05,0.65718,10.590999603271484,0.0370000004768371,1,-20.088611324539528,-0.1028894332728143,-0.046488064096600556,0.08569196625080085,0.7759522840646763,0.08854737436361497,0.929505169391632,True
10,1288083,1288083,0,X2,SHALLOW,4,320,0.9999,0.8586036374780586,-5.326519076476188e-05,-0.0023104119813486,-1.5062919699479482e-05,0.23048,10.05799961090088,0.054000001400709,1,-19.47365198812053,-2.4099104119813486,-0.09741506291969948,0.03784209455405617,0.48865628055052046,0.0305633181739813,0.8843521475791931,True
10,1289288,1289288,1,E2,SHALLOW,1,1508,1.0,1.0,4.771726538876919e-05,-0.0002051374579346,1.1662104100890192e-06,0.29001,10.560999870300291,0.0170000009238719,1,-19.18784393144125,-1.1145051374579347,0.07600116621041009,0.02531934934715458,0.3402874877076258,0.022302876253459246,0.5511429309844968,True
10,1289470,1289470,0,C3,DEEP,2,1518,0.9999,1.0,0.0001313306765027,-1.1334281439845384e-05,8.53156302960123e-05,0.61207,10.762999534606934,0.0130000002682209,1,-19.599028451372284,-1.7465113342814398,0.07468531563029601,0.05568264986240697,0.32872897072509144,0.05524993983586136,0.8971073627471922,True
10,1289555,1289555,101,S2,SHALLOW,1,1143,0.9999,4.0864350919356685e-117,-9.728902947969686e-05,-0.0002616608901714,-8.611399322872026e-05,0.56173,9.05799961090088,0.0410000011324882,0,-20.142790758651863,0.1759383391098286,-0.08828611399322872,0.04316904212250496,0.48103842758784315,0.050481380202053235,0.0280834455043076,True
10,1289600,1289600,101,C3,DEEP,2,1087,1.0,0.0,-0.0001133368011743,-3.0621856524026825e-05,-7.092117804570475e-05,0.41962,9.451000213623049,0.0049999998882412,0,-19.372539800136035,1.273469378143476,0.0751290788219543,0.02901908398803765,0.23193599660794728,0.026429313130911614,0.999293565750122,True
10,1289664,1289664,1,S2,SHALLOW,2,655,1.0,2.405003946222001e-27,-0.0002947958037218,-0.0023654064108746,-0.0003107956740648,0.25907,8.039999961853027,0.181999996304512,0,-19.659646461506732,-1.3477654064108746,-0.009110795674064809,0.027520834527109173,0.18467306447844206,0.019875393412729665,0.2138937264680861,True
10,1289714,1289714,0,C1,SHALLOW,4,1543,0.9999,0.9999999999999648,-6.006637456579256e-05,0.0011296619753866,2.639382097954779e-05,0.53582,10.291999816894531,0.0390000008046626,1,-19.48156120638813,1.3420296619753866,0.053726393820979546,0.06213933054779161,0.7089194158277851,0.06523176840118541,0.1729615628719329,True
10,1289913,1289913,0,E1,SHALLOW,3,559,0.9999,3.661967323228017e-05,-4.16591222389684e-05,-0.0004487396266539,-9.467162506194594e-05,0.38495,9.885000228881836,0.0289999991655349,0,-20.104261410290032,0.5354512603733461,0.015105328374938054,0.04922913582412493,0.3587704837445623,0.03450559979726446,0.1980296224355697,True
10,1290007,1290007,0,C3,DEEP,4,144,0.9995,1.0401557791130451e-27,-3.677483273989424e-05,-0.0004946790743897,-6.36627868538936e-05,0.43112,9.859000205993649,0.0130000002682209,0,-19.346701067137275,-0.2487946790743898,0.08573633721314611,0.0544289835121145,0.403964129484269,0.03938231408316124,0.7409490942955017,True
10,1290043,1290043,0,C3,DEEP,2,112,1.0,1.0,-6.137166813502404e-05,-0.0002624797902541,5.516955099201665e-05,0.73488,11.190999984741213,0.0120000001043081,1,-20.026554987857203,0.8946375202097459,-0.052044830449007984,0.055084842686601986,0.44164807699802794,0.04650912035823863,0.7334981560707092,True
10,1290394,1290394,0,E1,SHALLOW,0,1312,0.9997,1.0,-0.0001638011845734,0.0004020927548321,-7.972705085503018e-05,0.57153,10.793999671936035,0.032999999821186,1,-19.864615515651693,-0.9540979072451679,-0.04027972705085503,0.060553057290787214,0.8837067071528614,0.07225362929614886,0.8576367497444151,True
10,1290816,1290816,1,C1,SHALLOW,0,916,1.0,0.0,1.777079149789529e-05,2.6518496261118685e-06,5.27576606633804e-05,0.21847,8.793999671936035,0.0240000002086162,0,-19.430230602146658,1.5400026518496261,0.00905275766066338,0.022539786518595364,0.2749783866311822,0.0176312653783725,0.8878604173660278,True
10,1290948,1290948,0,C1,SHALLOW,3,166,0.9999,1.0,-0.0001175041943177,-1.8705846892341785e-05,-7.987097420625311e-05,0.5368,10.868000030517578,0.0219999998807907,1,-19.903071240232844,-0.6168187058468924,-0.07467987097420625,0.0452791108796689,0.4957941988234871,0.052396131826270884,0.680133044719696,True
10,1291090,1291090,1,E2,SHALLOW,3,1394,1.0,4.173239930736646e-119,1.57558030338123e-05,-9.24014371639359e-06,-5.720197511538405e-05,0.29199,9.467000007629393,0.0230000000447034,0,-19.91149571697808,1.2375907598562836,-0.08575720197511538,0.02743352453140656,0.19387686990915284,0.01868013022693749,0.8526036739349365,True
10,1291155,1291155,0,X2,SHALLOW,2,495,1.0,1.0,-0.0001057734445844,-0.0001080333628573,-0.0001008199071327,0.51089,10.6850004196167,0.032999999821186,1,-20.209701746593375,-0.14530803336285736,-0.15590081990713278,0.04294932268720262,0.5493069329399001,0.047945471979527324,0.3649904131889343,True
10,1291159,1291159,0,X2,SHALLOW,4,97,0.9998,1.0,-0.0001056134354655,-0.0003443617695686,-5.681879330865503e-06,0.53976,11.083000183105469,0.0450000017881393,1,-19.778263789789193,-1.4071443617695687,-0.06000568187933086,0.07213877769572533,0.7914765494555499,0.0614225284529618,0.7414925694465637,True
10,1291242,1291242,0,X2,SHALLOW,3,89,1.0,2.6461653931065808e-11,5.467780488643825e-05,0.0001727033578896,-3.046673929366084e-05,0.27905,9.895000457763672,0.0160000007599592,0,-19.019154332050817,0.28547270335788966,0.09906953326070633,0.041164990134674215,0.3286199841671706,0.02730264652844541,0.8273182511329649,True
10,1291254,1291254,0,E2,SHALLOW,1,146,1.0,7.29052207440573e-27,-7.298107755104866e-05,-0.0003232514942924,-5.892500083787278e-06,0.35021,9.904000282287598,0.0089999996125698,0,-19.03126290921449,0.5349767485057075,0.19669410749991623,0.06138862812908473,0.3582324544371114,0.037798079633213556,0.7044611573219299,True
10,1291346,1291346,0,X2,SHALLOW,4,542,1.0,0.062598810075856,-1.0472924312665556e-05,-0.0007186134149997,-5.3583464746856727e-05,0.2977,9.97700023651123,0.0149999996647238,0,-19.76966248319866,0.3826813865850003,-0.003753583464746857,0.026467850888570198,0.23641149932302497,0.018811510268315332,0.0938097238540649,True
10,1291408,1291408,0,E2,SHALLOW,1,1313,1.0,1.0,-0.0191598732094924,0.1072046692502664,-0.0087831202481008,0.34721,11.20699977874756,0.1089999973773956,1,-19.87507371267033,-1.1676953307497335,-0.12938312024810084,0.02975146397846552,0.3100177749690626,0.023648707429476445,0.054505355656147,True
10,1291511,1291511,0,E2,SHALLOW,3,140,0.9998,4.3869132498529666e-40,-5.93502758761133e-05,-0.0484158554610366,-0.0008111224055071,0.37228,9.802000045776367,0.0149999996647238,0,-19.697269229515314,-0.9161158554610367,-0.011111122405507157,0.02606332698758061,0.45269704856799275,0.02442673719756178,0.4814238250255584,True
10,1291783,1291783,0,E2,SHALLOW,1,562,1.0,1.0,-5.927833599628229e-05,-0.0001837043549285,-0.0001105761773705,0.39821,10.222999572753906,0.0179999992251396,1,-19.418663423783876,-0.7133837043549285,-0.016410576177370517,0.08954670225019219,0.4428523838551861,0.06603001059893124,0.9806962013244628,True
10,1291788,1291788,0,C2,SHALLOW,2,249,1.0,0.0,-9.194030743842065e-05,-0.0006956672210558,-4.822552007482939e-05,0.384,9.079000473022463,0.0199999995529651,0,-18.87462617712141,-0.08749566722105584,0.15475177447992516,0.06407107347282247,0.4734715499931256,0.05645587914558809,0.3289724886417387,True
10,1291794,1291794,1,C2,SHALLOW,1,1479,1.0,1.0,-0.000322947657569,-0.0004902166705673,-0.0002266799777997,0.39512,10.609000205993652,0.0410000011324882,1,-19.765286131873744,-0.5467902166705674,-0.11042667997779976,0.04034086814780718,0.3776285387801643,0.04384521319078227,0.3995939195156096,True
10,1291957,1291957,1,E1,SHALLOW,1,88,1.0,3.143554969367615e-75,1.3930523238059322e-05,-0.0002095564217224,-1.9022649563937843e-05,0.37143,7.673999786376954,0.1270000040531157,0,-19.807951111408872,0.37539044357827756,-0.05291902264956394,0.042762336666176244,0.2749108421891225,0.027505839051158224,0.5790138244628906,True
10,1292033,1292033,0,S1,SHALLOW,4,558,1.0,2.412076990470588e-171,-4.733002364432082e-05,-0.0019818908073782,1.1130028354826987e-05,0.32472,9.079999923706055,0.032999999821186,0,-19.532450216915798,0.19481810919262177,-0.031088869971645172,0.038594180683710975,0.3466740659325078,0.02598582133807195,0.3531008958816527,True
10,1292145,1292145,1,C2,SHALLOW,1,654,0.9999,2.7641963744598123e-27,-0.0024924562196702,0.0593471933421354,-0.0031853583591922,0.49245,9.16100025177002,0.0780000016093253,0,-19.19821551833826,1.3061471933421354,0.14131464164080776,0.0668387802527842,0.675140078478429,0.06261131011136405,0.7283971905708313,True
10,1292227,1292227,0,S2,SHALLOW,1,917,0.9997,0.999855519897058,-2.690070043698256e-05,-0.00062350601653,-3.862630073079437e-05,0.29185,10.203000068664553,0.0560000017285346,1,-19.343578623925694,-1.24072350601653,0.048161373699269205,0.03916278457251607,0.26361023156395463,0.02914781636635283,0.9750672578811644,True
10,1292332,1292332,101,S2,SHALLOW,3,918,1.0,0.9999771819993966,-5.457826200228055e-05,-0.0002079623649555,-1.845904361849615e-05,0.27265,10.211999893188477,0.0520000010728835,1,-19.882726554889604,0.5768920376350444,-0.0970184590436185,0.026019879573503508,0.1967973796928801,0.019005239837394793,0.9001155495643614,True
10,1292560,1292560,1,X1,SHALLOW,4,526,1.0,0.0,-6.734040372435857e-06,-0.0003774676096603,-4.600853746428157e-06,0.22482,8.605999946594238,0.0340000018477438,0,-19.823028280260516,0.48692253239033967,-0.12100460085374642,0.025165352132937156,0.15967131110116206,0.017020790627614007,0.8503517508506773,True
10,1292767,1292767,0,X3,DEEP,0,1382,0.9995,0.0,-0.0010329675216951,0.0041499806672282,-0.000456781394448,0.30893,8.357000350952145,0.0410000011324882,0,-19.54413687693618,0.5083499806672283,0.011743218605551942,0.03643093176355103,0.17046284705488648,0.025683490572904442,0.0242766384035347,True
10,1292823,1292823,0,X3,DEEP,4,921,1.0,8.490225249296696e-125,3.890319562316336e-05,-0.0002041897569462,-2.861778061306885e-05,0.34565,9.027000427246092,0.0410000011324882,0,-19.659843766624103,0.4410958102430538,-0.03192861778061307,0.030650417514952365,0.18315613274712736,0.01940059292137368,0.2192062735557555,True
10,1293006,1293006,0,X1,SHALLOW,4,1336,0.9999,1.0,0.0001472124721573,0.0006097443693031,0.0001349551843939,0.50436,11.18000030517578,0.0299999993294477,1,-19.732246157862257,-0.7006902556306969,-0.07476504481560609,0.16093394081665147,0.8540577169974591,0.12155699100281216,0.9033751487731932,True
10,1293319,1293319,1,X2,SHALLOW,1,155,1.0,0.0,-9.710193889844732e-05,-0.0002981605857095,-0.0001018544246745,0.29686,9.140000343322754,0.0199999995529651,0,-19.754674994242386,1.9580018394142904,0.004998145575325408,0.028045606065033896,0.259746248530273,0.020121248058420436,0.956569492816925,True
10,1293366,1293366,0,X2,SHALLOW,0,137,1.0,1.0,-7.706047765410062e-05,-0.0004185074647286,-4.529494094790768e-05,0.3204,11.187000274658203,0.1169999986886978,1,-19.456006588511478,0.8230814925352714,0.01965470505905209,0.05501135146960896,0.37647787541132355,0.0348216008909397,0.8539455533027647,True
10,1293758,1293758,1,E1,SHALLOW,3,1309,1.0,1.0,8.697396575030325e-05,2.2365312953631644e-05,7.76943322860768e-05,0.14812,10.807000160217283,0.0199999995529651,1,-19.2894194044051,-1.2731776346870465,-0.047022305667713926,0.017141862477680264,0.08303294493389675,0.013880315475378765,0.9329662919044492,True
10,1293783,1293783,0,C3,DEEP,4,117,1.0,1.0,-0.0001260761571764,-0.0001113373915246,-0.0001545391734282,0.32874,11.041000366210938,0.0070000002160668,1,-19.27276816164717,-0.8142113373915247,0.06524546082657179,0.045124197979701436,0.2378099733442163,0.03571206228450442,0.667143404483795,True
10,1293789,1293789,0,C3,DEEP,0,119,1.0,1.0,-3.096009841385694e-05,0.0001025015125615,-0.0001316608370065,0.42857,10.605999946594238,0.0289999991655349,1,-19.947726983948733,1.0892025015125615,-0.07243166083700658,0.040629715869440926,0.2750179979421549,0.03324646620029778,0.9795804619789124,True
10,1293921,1293921,0,C3,DEEP,3,530,0.9999,1.0,3.5112448237839544e-06,0.0003532148432562,-2.9462066974940412e-05,0.50492,10.375,0.0120000001043081,1,-19.916155317282257,0.8888532148432562,-0.04862946206697494,0.03285012896660936,0.3190738691200708,0.028940746141954188,0.9363226890563964,True
10,1294137,1294137,1,S1,SHALLOW,3,508,1.0,0.0,-0.0008809572500503,-0.0014457817402364,-0.000311177971627,0.47085,9.178000450134276,0.0209999997168778,0,-19.982598672087292,-0.13444578174023647,-0.03381117797162703,0.08279951571523274,0.7064562701119071,0.0688813171295855,0.3200441300868988,True
10,1294340,1294340,0,S2,SHALLOW,3,565,1.0,2.5676873502774682e-15,5.519805172937709e-05,-0.0002210515344769,1.5901875714290602e-05,0.36087,9.866999626159668,0.0170000009238719,0,-19.669974335269792,-0.550521051534477,0.005315901875714291,0.04503202673626831,0.3316469974314777,0.0304383964985741,0.4139479100704193,True
10,1294341,1294341,0,S2,SHALLOW,0,902,0.9997,0.9999999999999866,-0.0001756885955508,-0.0035068172833404,-0.0002869048729002,0.36798,10.373000144958496,0.0489999987185001,1,-19.617379733443684,0.0231931827166596,-0.01598690487290022,0.05577487315594938,0.5054594184448682,0.0323270459978858,0.4286916553974151,True
10,1294351,1294351,0,S2,SHALLOW,4,1378,1.0,9.641854230416715e-277,6.59952235793071e-05,0.0001707958319463,5.547818173692182e-05,0.33828,9.324999809265137,0.0189999993890523,0,-19.668953418197894,0.43177079583194633,-0.049544521818263076,0.03951967565242045,0.3326027542488784,0.0253084203266991,0.2922638356685637,True
10,1294806,1294806,0,C2,SHALLOW,3,942,1.0,1.0051100388511434e-41,-4.306216227334403e-05,0.000458593230598,-2.5065683524339025e-05,0.52535,8.543999671936035,0.1080000028014183,0,-19.944001963090727,1.5884585932305981,-0.06652506568352434,0.04528346199949003,0.5586240007670307,0.04143636550054012,0.5917000770568847,True
10,1294971,1294971,0,C2,SHALLOW,4,959,0.9997,0.9999999999809308,3.476977479266452e-06,0.0004057003125552,6.597681846634562e-05,0.58822,10.119000434875488,0.0179999992251396,1,-19.585313924929764,-0.33189429968744477,-0.10903402318153366,0.08540494895149583,0.7184790466671339,0.08136240997431475,0.1784065961837768,True
10,1295024,1295024,0,X2,SHALLOW,2,563,0.9998,1.0,-0.0001595078306166,-0.0009068140443969,-0.0001251039716403,0.33386,10.340000152587892,0.0140000004321336,1,-19.09780349967162,-0.513806814044397,0.05457489602835963,0.06236635889209259,0.44872234294751573,0.042311658346136344,0.7662335634231567,True
10,1295027,1295027,101,X2,SHALLOW,2,142,0.9994,0.9999999715989458,-7.048241046092585e-05,-1.2459313742940736e-06,-0.0001243010854853,0.42561,10.076000213623049,0.0140000004321336,1,-19.67359754001621,-0.2518012459313743,0.020975698914514673,0.06337156128501303,0.4651726736498645,0.04947728964156598,0.7989006638526917,True
10,1295249,1295249,0,C1,SHALLOW,4,504,0.9998,1.0,1.6764755912390683e-06,-0.0001381416611712,2.968333130735218e-05,0.53251,10.62600040435791,0.0299999993294477,1,-19.354388731321272,-1.0364381416611712,0.04862968333130735,0.05515717551394865,0.6160027659589199,0.06093059813910246,0.9878947734832764,True
10,1295285,1295285,0,X3,DEEP,3,153,1.0,1.0,2.216762932860661e-05,0.0002627988578545,5.891725523801683e-05,0.52513,10.31700038909912,0.0320000015199184,1,-19.932781723840222,0.5868627988578545,-0.04154108274476198,0.03203086113554724,0.2683448897145975,0.02788585542288751,0.9481492638587952,True
10,1295315,1295315,0,C1,SHALLOW,4,164,1.0,1.0,-6.709502246948773e-05,-9.712281879126206e-05,1.7634013367733015e-05,0.34886,10.89799976348877,0.0170000009238719,1,-19.839443266020375,0.5980028771812087,-0.02208236598663227,0.02810177965259528,0.2522393307758931,0.019022981189020793,0.5268140435218811,True
10,1295592,1295592,0,C3,DEEP,1,1386,1.0,1.0,-8.662076350418602e-06,-0.0003340755995682,-9.050541148272057e-06,0.35631,10.911999702453612,0.0140000004321336,1,-19.650705223686813,0.03596592440043178,0.009790949458851728,0.018183625168945942,0.1773102252712702,0.015700036913512752,0.8940355181694029,True
10,1296793,1296793,0,X2,SHALLOW,1,134,0.9993,1.0,0.0001062592375653,0.0001185519758153,0.0001721076204531,0.64392,10.345000267028809,0.0230000000447034,1,-19.768139323002913,-1.1540814480241846,0.0823721076204531,0.0965308224275272,0.9590836548900691,0.09347523434025466,0.3609405159950255,True
10,1296919,1296919,0,X3,DEEP,1,962,0.9991,8.148453540668396e-78,2.3912249886848255e-05,0.0005063132992579,0.0001762731000835,0.67698,9.385000228881836,0.032999999821186,0,-19.58934244470622,-1.089693686700742,-0.015723726899916413,0.03823940189022251,0.48748820014453076,0.04509790359413743,0.9097669124603271,True
10,1296963,1296963,0,S1,SHALLOW,0,1111,0.9998,1.0,-0.0004123217172704,0.0002422884421601,-0.0004054810857814,0.48813,10.845999717712402,0.0189999993890523,1,-19.89212452815704,0.2486422884421602,-0.10290548108578146,0.05910513267736849,0.5563430164913181,0.05861106196787853,0.7687577009201048,True
10,1297026,1297026,1,X3,DEEP,0,1359,1.0,1.0,-3.778208047577891e-05,-0.0006743375805042,6.384877292009775e-06,0.25854,10.869000434875488,0.0160000007599592,1,-19.462284120213155,-0.6316743375805043,-0.01229361512270799,0.021506690933043686,0.14380613299688033,0.017702543119979347,0.983352780342102,True
10,1297070,1297070,0,C3,DEEP,1,955,1.0,1.0,3.531313145188619e-05,0.0002400080881542,1.6072212509691056e-05,0.73069,11.11299991607666,0.0579999983310698,1,-19.96526817668817,-0.6797599919118458,-0.00938392778749031,0.030867297434226188,0.342958885606938,0.036176784704791416,0.7834607362747192,True
10,1297157,1297157,0,C1,SHALLOW,3,943,1.0,1.0,4.29471400877901e-05,0.0002887509435374,-2.354211737251935e-05,0.54888,10.64799976348877,0.0529999993741512,1,-19.80267325942935,1.7321887509435374,0.02697645788262748,0.06901543282428298,0.729093662854387,0.052851448684689176,0.4835022091865539,True
10,1297318,1297318,0,C2,SHALLOW,2,168,0.9999,0.989107378036986,3.07550022817793e-05,0.0001477637494597,-9.458267355044736e-06,0.33479,10.038999557495115,0.0170000009238719,1,-18.897222929303442,0.2198477637494598,0.21329054173264494,0.051947732211738436,0.3491232942281475,0.033246654704220106,0.8617178201675415,True
10,1297353,1297353,0,C2,SHALLOW,2,1346,0.9996,8.559622628047893e-14,7.356540930203437e-06,6.874690345948231e-05,3.919434840508884e-05,0.54402,9.66100025177002,0.0460000000894068,0,-20.032546382584215,1.3427687469034595,0.04603919434840509,0.04841063760441665,0.44945216625458106,0.03971873742007828,0.8872469663619995,True
10,1297377,1297377,0,C3,DEEP,0,1331,0.9995,1.0,1.813825780416778e-05,0.0002809137844648,-1.5493749248557398e-05,0.60981,10.696000099182127,0.0120000001043081,1,-19.60659063070694,-1.514719086215535,0.08138450625075144,0.035230821265137796,0.30881812896814553,0.0437395749275984,0.989373445510864,True
10,1297465,1297465,1,C3,DEEP,0,964,1.0,0.8606611462426201,-2.832683271947189e-06,-0.0001432058107546,-3.748588202442255e-05,0.27784,10.012999534606934,0.0120000001043081,1,-19.32055586410967,1.1599567941892452,0.048062514117975574,0.019376741758963797,0.12725553419387203,0.015107288828887571,0.9892574548721312,True
10,1297490,1297490,0,C3,DEEP,1,941,0.9999,1.0,6.145360360321206e-05,0.0002185222216619,4.305500456526501e-06,0.73677,10.503000259399414,0.0140000004321336,1,-19.704648110876214,-1.904981477778338,-0.03559569449954347,0.04108671521215726,0.43412268582088576,0.05107658557667069,0.5601381063461301,True
10,1297580,1297580,0,C3,DEEP,0,539,1.0,1.0,8.694589624980154e-05,0.0002174925043108,-5.2774193814719705e-05,0.63561,10.538999557495115,0.0390000008046626,1,-19.657041543999163,-1.1192825074956891,-0.13765277419381472,0.03570627374271843,0.3319813429060479,0.043755640575833,0.549357533454895,True
10,1297742,1297742,0,E1,SHALLOW,1,1363,1.0,1.0,-7.959374080712678e-06,0.0001244662253914,-3.955862514577399e-05,0.46256,10.871999740600586,0.0469999983906745,1,-20.002332994899277,1.0903244662253915,-0.024639558625145774,0.04967805230748452,0.4190443909119142,0.04051901035752512,0.9358283281326292,True
10,1297927,1297927,0,E2,SHALLOW,3,84,1.0,0.0,-2.424237053233469e-05,3.365932426852014e-05,1.4831906039250442e-05,0.28513,9.505999565124512,0.0089999996125698,0,-19.631741396021667,0.21523365932426852,-0.06768516809396075,0.023269842223108995,0.1662093132029415,0.016607681033384954,0.4922221004962921,True
10,1298079,1298079,0,S1,SHALLOW,4,1314,0.9997,1.0,6.671901577348649e-05,-2.198613255019466e-05,-8.56561601714212e-06,0.26048,11.171999931335447,0.0189999993890523,1,-19.224213784670894,-0.1726219861325502,0.05039143438398286,0.02618008884936485,0.2333958245244639,0.019390035437372267,0.9416341185569764,True
10,1298266,1298266,0,S2,SHALLOW,1,1350,0.9997,0.0252016671020093,6.232336922096238e-06,-0.0005553231988624,1.690230712392271e-05,0.4893,9.954999923706055,0.0230000000447034,0,-19.168868230818546,-0.9880553231988625,0.18941690230712394,0.0789617599598757,0.7632363893027573,0.07468566321811841,0.9764928221702576,True
10,1298369,1298369,0,X1,SHALLOW,1,76,0.9991,1.0,-0.0001475595144242,-0.0004309758540943,-0.0001655607551854,0.47792,11.416999816894531,0.0020000000949949,1,-19.886827350553922,1.9234690241459056,-0.24956556075518543,0.048210001163714315,0.7969290757225078,0.05516348358314285,0.0501052029430866,True
10,1298893,1298893,1,X2,SHALLOW,3,78,0.9998,1.0,-1.839433073058672e-05,-3.458830922653533e-05,-2.3894007697138064e-05,0.19616,10.78600025177002,0.0680000036954879,1,-19.16287240568124,-2.3003345883092265,-0.027823894007697136,0.0527855792861614,0.26144182669772215,0.03952577172304184,0.94049334526062,True
10,1299033,1299033,0,X2,SHALLOW,2,580,0.9999,1.0,5.100690792758655e-05,0.0001088985955934,7.056238848235363e-05,0.69226,10.80500030517578,0.0320000015199184,1,-20.024701187475053,-1.0741911014044065,-0.16822943761151765,0.07245989440834014,0.7733316964561756,0.08013894510487918,0.7979044318199155,True
10,1299190,1299190,0,X3,DEEP,0,952,0.9993,1.7543623814697842e-178,0.0001817758072704,0.0006225820458461,0.0001789107430063,0.69836,9.630000114440918,0.0130000002682209,0,-19.769440794225993,0.8283225820458462,0.040878910743006314,0.03678462560065008,0.40262679934915113,0.03858045821792778,0.7730928659439085,True
10,1299258,1299258,0,X3,DEEP,1,507,1.0,1.0,0.0001632556093866,0.000412922100299,1.3392201180628671e-05,0.80109,11.31700038909912,0.0970000028610228,1,-20.24789321247832,0.9234129221002991,-0.12658660779881936,0.037032881516323765,0.5397536928911622,0.03736524581561818,0.888245642185211,True
10,1299439,1299439,0,E2,SHALLOW,2,103,1.0,1.0,4.1549263180229445e-05,0.0001315581088743,6.844109041826557e-06,0.59158,10.20400047302246,0.0130000002682209,1,-19.726222714701272,0.9921315581088743,-0.025093155890958174,0.059847831166481465,0.6226286580135203,0.056392556240567084,0.3931046426296234,True
10,1299643,1299643,1,C1,SHALLOW,3,1340,1.0,4.3308775417736925e-125,-4.792781380658084e-05,-0.0008322645146698,-2.629035361058352e-05,0.37678,9.406000137329102,0.0250000003725289,0,-19.871295889757782,0.8014677354853301,-0.07052629035361058,0.027260078051244203,0.23864158783584374,0.020843865364535853,0.2241846323013305,True
10,1299712,1299712,0,C2,SHALLOW,3,515,0.9998,1.0,3.3735700750270325e-05,8.001911198862732e-05,-6.819517385173168e-05,0.73064,11.020999908447266,0.0740000009536743,1,-20.14704590473358,-0.29931998088801137,-0.21356819517385173,0.07006586657456197,0.6450710505251929,0.06956735120482546,0.418292850255966,True
10,1299758,1299758,0,C2,SHALLOW,4,1393,0.9997,1.0,0.0001209607474343,0.0010045023573483,7.824496872527176e-05,0.47241,10.27299976348877,0.0160000007599592,1,-19.337298303768932,-0.8696954976426516,0.13567824496872527,0.07720196834761478,0.5404080592307305,0.05844049049763789,0.2819473445415496,True
10,1299775,1299775,1,C2,SHALLOW,1,517,1.0,1.0,-1.2851047422657302e-05,0.0001866191411287,-3.0874588312718165e-05,0.16008,10.696999549865724,0.0120000001043081,1,-19.21045597916004,-0.033313380858871255,0.17816912541168728,0.03737744074869151,0.16965814165862966,0.01939386922542977,0.1646906286478042,True
10,1299785,1299785,1,C2,SHALLOW,1,1375,1.0,0.9999999998800538,-0.0001319739853506,-0.00039316481926,-0.0001253513968393,0.38131,10.11400032043457,0.0179999992251396,1,-19.49119363449131,-0.2081931648192601,0.054674648603160625,0.05884546972422337,0.3954705406769317,0.04939318273600773,0.9997316598892212,True
10,1300025,1300025,0,S1,SHALLOW,4,957,1.0,0.0011908818167733,-0.0002679329725587,-0.0015589369217329,-0.0002092202586559,0.41357,9.760000228881836,0.0790000036358833,0,-19.62007930524946,0.7959410630782671,0.046990779741344024,0.06899287755570845,0.4446222694297271,0.049316012190446616,0.2946458160877227,True
10,1300084,1300084,0,S1,SHALLOW,2,1344,0.9992,0.1398307565025499,0.0001716886106173,0.0023380959443559,0.0001676077110832,0.61843,9.960000038146973,0.0370000004768371,0,-19.650006396446713,0.3032380959443559,-0.029832392288916765,0.1057482498021518,0.8675962859838563,0.08777848878814765,0.8568530678749084,True
10,1300160,1300160,0,S2,SHALLOW,3,114,1.0,1.0,-0.0002237756520422,-0.0011375570387137,-0.0001129047631516,0.40925,10.758000373840332,0.0289999991655349,1,-19.40462266288774,0.8860624429612862,0.20408709523684831,0.06717616243725176,0.44803297959047383,0.047999524989057143,0.9653126001358032,True
10,1300179,1300179,0,S2,SHALLOW,2,535,1.0,0.7257429885087379,6.056295820400237e-06,-0.0003098372809945,-4.982669579066401e-05,0.31722,10.008999824523926,0.0149999996647238,1,-19.373683652463633,-0.3375098372809946,0.040150173304209336,0.03576617290302799,0.23338259295758398,0.024412467275306843,0.9676095843315125,True
10,1300390,1300390,0,E1,SHALLOW,3,938,1.0,0.9999667726366372,-3.0253033358462744e-06,0.0023604409458104,-2.631826511542007e-05,0.26765,10.35099983215332,0.0879999995231628,1,-19.33727611377617,-2.0103395590541897,-0.03862631826511542,0.028868637972030525,0.1863879014601682,0.021943643132776167,0.9991775751113892,True
10,1300441,1300441,0,E2,SHALLOW,0,1352,1.0,0.0,-3.4303381237776875e-05,0.0001666003173614,-5.2545561845402e-05,0.48485,9.262000083923342,0.0189999993890523,0,-19.776832531191047,0.6894666003173615,0.005847454438154598,0.046246471889609606,0.3711623181074051,0.040421681731700576,0.916714072227478,True
10,1300470,1300470,0,E2,SHALLOW,2,911,0.9992,1.0,2.01221806541696e-05,0.0001469916642868,-1.7640769391868982e-05,0.51413,10.680999755859377,0.0160000007599592,1,-19.080507731303896,-0.14285300833571313,0.21718235923060814,0.09837252627865868,0.7510544142880734,0.0838133206151525,0.98901492357254,True
10,1300516,1300516,1,X1,SHALLOW,3,543,1.0,1.9364881583048844e-94,-0.0002082665514819,-0.0008431998554541,-0.0001641126995322,0.31042,9.753000259399414,0.0120000001043081,0,-19.429828085738016,0.8072568001445459,0.14913588730046778,0.022423559836061206,0.20970603763615508,0.01741973221682484,0.1664012372493743,True
10,1300517,1300517,0,E2,SHALLOW,3,928,1.0,1.0,-7.829021105720813e-05,-2.4439567567036136e-05,-3.333637041580406e-06,0.40031,10.722999572753906,0.006000000052154,1,-19.52586040282498,0.6657755604324329,0.13559666636295842,0.04275442806727565,0.2838396286186768,0.03491567233706869,0.9798709154129028,True
10,1300531,1300531,0,E2,SHALLOW,4,492,0.9999,1.0111448735332552e-44,3.764378526227574e-06,0.0001586792761221,2.456651743554597e-05,0.58454,9.244999885559082,0.054000001400709,0,-19.614544774642443,1.117658679276122,0.017124566517435547,0.06553312838626657,0.6026503446286645,0.06038967116538487,0.6790153384208679,True
10,1300590,1300590,0,X1,SHALLOW,3,105,0.9994,1.0,4.308516489359704e-05,-0.0001141912485293,-1.3222868892456482e-05,0.65633,10.810999870300291,0.0299999993294477,1,-20.110611195531312,-0.39781419124852935,0.0036867771311075437,0.061018950616909415,0.5588851560429547,0.06283730078073615,0.9046583771705629,True
10,1300703,1300703,0,X3,DEEP,0,537,1.0,1.0,-0.0001956203896575,-0.0004095127681087,-0.0001641237611769,0.29571,10.781000137329102,0.0120000001043081,1,-18.950103529094513,-1.8977095127681087,0.063135876238823,0.03543820166062283,0.18619512944462946,0.027977309006754297,0.9507977962493896,True
10,1300777,1300777,0,X3,DEEP,1,976,0.9991,1.0,0.0001966860933215,0.0006175362587654,8.880631896955593e-05,0.81684,11.04300022125244,0.0340000018477438,1,-20.237229305384506,0.3573175362587655,-0.07941119368103045,0.040863234117131435,0.3935680448647266,0.050691549928368614,0.7241308093070982,True
10,1300912,1300912,1,C3,DEEP,1,162,1.0,7.886852013733532e-189,-5.575338763819104e-05,-0.000475688792714,7.924584884799746e-06,0.3378,9.590000152587889,0.0140000004321336,0,-19.27389958537824,-0.375175688792714,0.0700079245848848,0.015393519996207803,0.1292506217058611,0.005671667812501,0.6401500701904295,True
10,1301332,1301332,0,S2,SHALLOW,2,79,1.0,1.0,-1.6760520082925725e-07,0.0004323975999518,-5.304541358533421e-05,0.46754,10.682000160217283,0.0160000007599592,1,-19.438539750010726,-0.8386676024000481,0.04754695458641467,0.0792018544768396,0.5700076463454327,0.06248185471415716,0.846599280834198,True
10,1301397,1301397,0,S2,SHALLOW,3,1384,0.9996,1.0,5.4486544822651695e-05,0.0008393898328192,1.0336455626258624e-05,0.60955,10.468000411987305,0.0209999997168778,1,-19.664259687220138,0.3042393898328193,-0.06798966354437375,0.0957493385646271,0.8255584933261138,0.08248373025320602,0.3036386370658874,True
10,1301915,1301915,0,C1,SHALLOW,0,106,0.9999,1.0,4.573537073682133e-05,0.0004188678062577,4.800287242881507e-05,0.62043,11.005999565124512,0.0570000000298023,1,-19.492200182976113,-1.6657811321937421,-0.06475199712757118,0.10865646657761885,0.871675366431246,0.10826321673968593,0.93701297044754,True
10,1301933,1301933,1,X3,DEEP,1,1330,1.0,2.3521112185441944e-157,-0.0001049379942692,-0.0006836305540405,-5.837267275615732e-05,0.32959,9.732999801635742,0.0099999997764825,0,-19.78560757614461,-0.12148363055404054,-0.13265837267275615,0.017686193481606518,0.12886197818881073,0.014250882508452783,0.3358307778835296,True
10,1301936,1301936,0,C2,SHALLOW,1,966,1.0,0.0,-5.068929797147348e-05,-0.0005473559900884,-5.244371242198176e-05,0.34304,8.925000190734863,0.0260000005364418,0,-18.9054923388371,0.6680526440099115,0.10794755628757802,0.035624906897776684,0.34322201436707106,0.027271163702620317,0.7908374071121214,True
10,1301963,1301963,0,C2,SHALLOW,0,148,1.0,1.0,-3.761856242334716e-05,0.0002335498488091,-6.391720824447389e-05,0.41527,10.241999626159668,0.0130000002682209,1,-19.966567249704724,0.9890335498488092,-0.10816391720824448,0.03863028752923636,0.42405274632829965,0.03460031107708246,0.330135941505432,True
10,1302055,1302055,0,C2,SHALLOW,1,538,0.9997,1.0,-6.20680419523012e-05,4.1706465984781005e-05,7.856458956248535e-06,0.54327,11.083999633789062,0.0599999986588954,1,-19.310651379709974,-2.083458293534015,-0.08629214354104375,0.08646419975416558,0.6883009218401742,0.08901857307803776,0.6896228194236755,True
10,1302117,1302117,1,E1,SHALLOW,0,1103,0.9999,1.0,-6.442166703379826e-05,6.708268115329652e-06,-1.0364485650331268e-05,0.49238,10.45400047302246,0.032999999821186,1,-19.628791351376172,-0.6680932917318847,-0.05301036448565033,0.06315356258784104,0.6195216061656216,0.07222244176112397,0.7205122709274292,True
10,1302123,1302123,0,C3,DEEP,2,82,0.9999,1.0,2.022059788941988e-06,0.000213198151387,4.387995061189143e-05,0.29156,10.496999740600586,0.0120000001043081,1,-19.550481214833617,-1.045986801848613,-0.05185612004938811,0.032575066564657085,0.2910984049428197,0.02615597586171713,0.9483940005302428,True
10,1302353,1302353,0,E2,SHALLOW,4,546,1.0,1.0,-1.1581207811417473e-05,0.0003941760939311,-2.6877693654295265e-05,0.57193,10.644000053405762,0.0250000003725289,1,-19.914051919149248,-0.1264058239060688,-0.07452687769365429,0.04451380241935121,0.43831224217675147,0.052162303987482055,0.5467336177825926,True
10,1302359,1302359,0,C3,DEEP,3,141,1.0,1.0,6.827475160164909e-05,-3.771110453908155e-05,-1.5718561834160427e-05,0.25308,10.956000328063965,0.0299999993294477,1,-19.27259444199417,0.10876228889546091,0.10508428143816584,0.026201911215075376,0.19310435062860615,0.017437034617822294,0.8305917978286743,True
10,1302418,1302418,0,E2,SHALLOW,2,899,1.0,1.0,-3.8722439487770544e-05,-3.558880460867442e-05,-9.926846349930796e-05,0.4778,10.696000099182127,0.0480000004172325,1,-19.506303392425473,-0.10653558880460867,0.046500731536500695,0.04340520983585142,0.38937401763274726,0.044278083112783445,0.4106614291667938,True
10,1302523,1302523,1,X3,DEEP,1,688,1.0,1.0,-0.0001232743505461,-0.0007800032892565,-2.838546343988599e-05,0.42391,10.505999565124512,0.0070000002160668,1,-19.742055409609677,0.4355199967107435,-0.029028385463439887,0.036038343403351665,0.2568820879063332,0.02824311729153923,0.9923975467681884,True
10,1302564,1302564,0,X3,DEEP,4,1123,1.0,1.0,-7.326990909106712e-05,-4.076193757729385e-05,3.6794152331274046e-05,0.52716,10.86299991607666,0.0250000003725289,1,-19.784983976124025,-1.5789407619375773,-0.015163205847668726,0.043652967317866914,0.3613234978949537,0.041133736717114726,0.9803363680839536,True
10,1302572,1302572,0,E1,SHALLOW,3,1371,1.0,1.0,1.4701828177976496e-05,0.0001041373844545,-8.012390777666079e-05,0.5874,11.008000373840332,0.0240000002086162,1,-20.009313776379134,0.6429041373844546,-0.11608012390777667,0.045196329106927884,0.4559323162817481,0.050870716415963114,0.8510606288909912,True
10,1302648,1302648,1,E2,SHALLOW,1,1354,1.0,0.999999999999968,5.38719983360636e-05,-0.0002331121664436,-4.491527125596861e-05,0.23171,10.104999542236328,0.0140000004321336,1,-19.20687652852855,-0.47363311216644366,0.13225508472874403,0.021002253945893206,0.17223925330810963,0.01569302779612073,0.2351127862930297,True
10,1302738,1302738,0,E2,SHALLOW,4,1341,1.0,1.0,-3.950681852771254e-05,0.0001118080150582,2.227838798926629e-05,0.67783,11.267999649047852,0.0670000016689299,1,-20.04761023365837,-0.23628819198494178,-0.11467772161201073,0.054327307820456285,0.7206256865378812,0.06319723290453515,0.738781750202179,True
10,1303118,1303118,0,X2,SHALLOW,1,1329,0.9999,1.0,6.287096629975508e-05,0.0003376487801559,-0.000621407275245,0.58838,10.800000190734863,0.0299999993294477,1,-19.647674845103666,0.779637648780156,0.06187859272475493,0.07712441032173098,0.8156045253261486,0.11525184104796707,0.1953220963478088,True
10,1303140,1303140,0,X1,SHALLOW,3,159,1.0,0.9999997133296892,-0.0001596968404093,-0.0002990595678927,-0.0001272208695798,0.49592,10.074999809265137,0.0149999996647238,1,-19.46420121303246,-0.3345990595678927,-0.006927220869579864,0.049401134794480744,0.5405705464629474,0.05418916527070591,0.778657019138336,True
10,1303197,1303197,0,X3,DEEP,1,573,0.9999,1.0,-9.890939686485468e-05,9.241123162484488e-05,-6.573541278153544e-05,0.52562,10.946999549865724,0.0120000001043081,1,-19.85281083442944,-0.7486075887683752,-0.03846573541278153,0.03166462915414179,0.22833766748736997,0.030949091868827255,0.6500594615936279,True
10,1303215,1303215,0,C1,SHALLOW,3,915,0.9998,1.0,3.188609021265165e-06,0.0003467040514781,3.8617461355972e-05,0.32869,10.19200038909912,0.0109999999403953,1,-18.467845235342203,1.2266467040514781,0.28303861746135595,0.04750017973032605,0.3746903555395349,0.03281960104106214,0.3735218644142149,True
10,1303496,1303496,1,C2,SHALLOW,1,544,1.0,1.0,8.246023645952505e-05,0.0001202229060868,4.4697908037724665e-05,0.17978,10.416000366210938,0.0120000001043081,1,-19.220834185416578,-0.008079777093913165,0.08884469790803773,0.02271031323510672,0.17489209658886715,0.016880423277689103,0.948413908481598,True
10,1303658,1303658,0,E1,SHALLOW,4,1358,1.0,1.0,4.465418635746232e-05,0.0001764900525697,-4.273961979703311e-05,0.66788,11.086999893188477,0.0619999989867209,1,-20.08249865807283,-0.23532350994743023,-0.08904273961979703,0.06008490829495417,0.6510732029243537,0.06207172768652823,0.573651611804962,True
10,1303699,1303699,0,C3,DEEP,3,156,0.9995,1.0,4.305681072480638e-05,-6.649270644049077e-05,1.3274572652370586e-05,0.79547,11.61299991607666,0.0070000002160668,1,-20.16177483476461,0.3875335072935595,-0.03368672542734763,0.04025143887877083,0.4413116940285206,0.04397824186165969,0.8545843362808228,True
10,1303722,1303722,0,C3,DEEP,2,527,0.9996,1.0,0.0001937976353829,0.0030980714117121,0.0010090373919728,1.02468,10.390999794006348,0.0070000002160668,1,-19.983489890293434,-0.13580192858828788,-0.09369096260802712,0.07797733714692226,0.6927506252656422,0.13956784954570406,0.8039317727088928,True
10,1303881,1303881,0,E2,SHALLOW,3,1136,0.9995,1.0,-1.3346608707109908e-05,0.000259227889068,-4.5699831924874215e-05,0.77004,10.79800033569336,0.0570000000298023,1,-20.19916596018988,0.635659227889068,-0.014645699831924874,0.07106017076559429,0.9965502799710364,0.06484739344726131,0.590099036693573,True
10,1303883,1303883,1,E2,SHALLOW,4,314,1.0,1.4451419678662896e-107,4.841912324948794e-05,-0.000126251525795,4.947512655155374e-05,0.25904,9.956000328063965,0.0020000000949949,0,-19.642531137372167,0.768673748474205,-0.003350524873448446,0.023433050419836666,0.16869543172527793,0.0167588569041014,0.5474665760993958,True
10,1303952,1303952,1,X2,SHALLOW,1,1140,1.0,1.0,-1.66369198879579e-05,0.0004711564627943,-4.231737060020335e-05,0.56262,11.289999961853027,0.0419999994337557,1,-19.967009026333017,0.8432711564627944,-0.1525423173706002,0.08045305412173222,0.6660822457313684,0.06607394596753499,0.705910325050354,True
10,1304183,1304183,0,E2,SHALLOW,4,270,1.0,0.0,2.1104035873520388e-05,0.0002187076761873,-2.5633909207165018e-05,0.63502,9.109000205993649,0.0070000002160668,0,-20.046684627338642,-0.09778129232381261,-0.09392563390920716,0.05707327013715263,0.6246805140798645,0.05405885857941702,0.3740708231925963,True
10,1304362,1304362,0,E2,SHALLOW,1,566,0.9995,1.0,7.10148667550925e-05,0.0007109983758958,0.0001351608164837,0.76177,10.953000068664553,0.0370000004768371,1,-19.88306013809043,-0.6956890016241042,0.01583516081648373,0.07723809825411385,0.9066154594070567,0.10102842972781201,0.9445747733116148,True
10,1304456,1304456,0,S2,SHALLOW,4,525,0.9994,1.0,-0.0002452505701846,-0.000236774070158,-0.0002358688777835,0.42989,10.663000106811523,0.032999999821186,1,-19.93733722366035,-0.14593677407015804,-0.06593586887778358,0.04369759060684926,0.33946692314396043,0.03773736870148348,0.9804208278656004,True
10,1304503,1304503,0,C3,DEEP,2,139,1.0,1.0,7.819753008675434e-06,0.0003318764263985,2.982550277038504e-05,0.52971,10.574999809265137,0.0149999996647238,1,-19.762979244742535,-0.9723681235736015,-0.037970174497229614,0.03511825550554745,0.2793645094414649,0.0320468015575489,0.9106414914131165,True
10,1304506,1304506,0,C3,DEEP,2,1372,1.0,0.9999981616635346,1.576306282302653e-05,-0.000293399050835,-2.1374237449550693e-05,0.75421,10.449000358581545,0.0970000028610228,1,-19.868596105581332,-0.29759339905083504,-0.10062137423744955,0.045518591095158455,0.4500796726991201,0.04342456621647026,0.9060373306274414,True
10,1304652,1304652,0,S2,SHALLOW,3,510,1.0,9.7428678641189e-73,8.558470710795518e-06,0.0016291280296147,-9.719949176480168e-05,0.58126,9.496000289916992,0.0280000008642673,0,-19.901738315196965,0.5721291280296148,-0.0533971994917648,0.050384330904372956,0.5697731814679281,0.05305907762591171,0.4885924458503723,True
10,1304678,1304678,1,C1,SHALLOW,4,145,1.0,1.0,2.0945470097899488e-05,-5.2693444306362025e-05,5.928470125981383e-05,0.21883,10.916999816894531,0.0289999991655349,1,-19.37762611170436,-1.8461526934443064,-0.043240715298740184,0.033952051553875366,0.20769883958767224,0.025325078070713092,0.9946099519729614,True
10,1304777,1304777,0,C2,SHALLOW,1,514,1.0,1.0,-0.0001127895550609,0.0005516600617483,-0.0001023404855289,0.40476,11.14900016784668,0.0140000004321336,1,-19.57162836734782,-1.6319483399382517,-0.03420234048552895,0.04667803804256943,0.32974515693525897,0.04216484029278379,0.2598901391029356,True
10,1304779,1304779,0,C2,SHALLOW,1,576,1.0,1.0,-4.7819578721686185e-05,0.0002509498592251,-2.793583887668316e-05,0.55993,10.394000053405762,0.0149999996647238,1,-19.957348683167602,-0.47184905014077483,-0.10832793583887668,0.045987161495153715,0.45843852134260066,0.04925527285980741,0.4700286984443664,True
10,1304841,1304841,0,E2,SHALLOW,4,963,0.9994,1.0,4.990951613237371e-05,8.168221828697142e-05,9.875625439086272e-06,0.74126,11.050000190734863,0.0509999990463256,1,-19.765367703446515,-1.115818317781713,0.005009875625439086,0.07464317807294749,0.8964911778753247,0.09254361000814411,0.5877173542976379,True
10,1305051,1305051,0,S1,SHALLOW,0,1310,1.0,1.0,1.761253419729769e-05,0.0003954546165449,-6.88211182568732e-05,0.29887,10.208999633789062,0.0160000007599592,1,-19.182789983069995,-1.005904545383455,0.03193117888174313,0.035087494077519155,0.3554811796557021,0.025131573720415572,0.3324058055877685,True
10,1305409,1305409,0,X2,SHALLOW,2,939,0.9997,0.9999999993507092,8.408216369915067e-05,0.0005072359504374,-8.113561498185318e-06,0.61935,10.449000358581545,0.0740000009536743,1,-19.870869508551916,-1.2769927640495626,-0.006308113561498185,0.06437062164251599,0.557412379767522,0.07473709447943876,0.427253872156143,True
10,1305486,1305486,0,X3,DEEP,1,127,0.9993,1.0,0.0002045667494954,-0.0001616769686776,0.0011405270502807,0.89888,11.013999938964844,0.0120000001043081,1,-20.290142444162115,0.3469383230313223,-0.1531594729497192,0.05816271184830718,0.5550740384565264,0.11028251304464404,0.62662273645401,True
10,1305504,1305504,1,X3,DEEP,1,969,1.0,1.0,-0.0002858497556879,-0.0001293469029661,-0.0007312188510357,0.49559,11.284000396728516,0.0070000002160668,1,-19.758416202361143,-0.28062934690296615,-0.07373121885103573,0.03102670413336023,0.2388947181027334,0.040815216051103914,0.995066463947296,True
10,1305626,1305626,1,X3,DEEP,0,150,1.0,0.0,-0.0001106506923669,-0.0007292343501102,-5.82044076829491e-05,0.32572,9.25100040435791,0.0109999999403953,0,-19.729873410101938,-0.4898292343501103,-0.09225820440768295,0.02080786493617757,0.13149480828616406,0.01563139705577736,0.9877724647521972,True
10,1306067,1306067,0,C2,SHALLOW,3,169,1.0,0.9999999970517078,-1.4445131171214598e-06,4.556199759417345e-05,1.6610292801200188e-05,0.7222,10.354999542236328,0.0610000006854534,1,-20.322976494988325,-0.15385443800240584,-0.1632833897071988,0.05287337057384322,0.5950322216793623,0.0541977693724484,0.5586007237434387,True
10,1306073,1306073,1,X3,DEEP,0,557,1.0,1.0,-0.000110004568409,-0.0005535076484071,-0.0001243993762103,0.32858,10.475000381469728,0.0209999997168778,1,-19.430299303826587,-1.2100535076484071,-0.008424399376210312,0.022525647413116506,0.17032615147293664,0.018414180327184424,0.9996481537818908,True
10,1306110,1306110,0,X3,DEEP,3,512,1.0,1.0,-2.048691409228809e-05,0.0005174571609918,-0.0001197638650062,0.60864,11.123000144958496,0.0630000010132789,1,-20.09428471030263,0.4312174571609919,-0.06121976386500627,0.02821999977630553,0.2705353672291846,0.03148105310579241,0.8934141993522644,True
10,1306141,1306141,1,C2,SHALLOW,2,113,1.0,3.955717758687036e-64,-7.745268954550966e-05,-0.0005306438017259,3.584627669001028e-05,0.33239,9.746999740600586,0.0149999996647238,0,-19.79885318822128,0.05316935619827401,-0.04986415372330999,0.024105343706589,0.23535734079181073,0.018411641714773722,0.9905987977981568,True
10,1306360,1306360,101,C1,SHALLOW,0,254,1.0,1.0,-6.470954656379035e-05,-0.0001315527593643,-0.0001383089941828,0.45478,10.800000190734863,0.0240000002086162,1,-19.60460714122114,-1.3060315527593644,-0.029038308994182804,0.05521453374100821,0.5111639594794121,0.05711638739871471,0.9125978350639344,True
10,1306366,1306366,0,S1,SHALLOW,3,1540,0.9998,0.0,0.000475407778083,0.0032741567711123,0.0002293148145057,0.15062,9.064000129699709,0.0209999997168778,0,-18.27097654371257,-0.28352584322888763,0.22252931481450577,0.03342817174218209,0.22882025986540888,0.023359763150239236,0.2975296676158905,True
10,1306626,1306626,101,C1,SHALLOW,1,1481,1.0,0.0,-0.0001101997117416,-0.0004461493010579,-0.0001273360020643,0.42089,8.765999794006348,0.0320000015199184,0,-19.930948106767843,0.3162538506989421,-0.08132733600206432,0.04733788667167334,0.4094321856353148,0.03888095927403203,0.0945904627442358,True
10,1306980,1306980,1,E1,SHALLOW,0,1128,0.9998,1.0,-4.735313078896297e-05,-0.0001399025368564,2.2699535761588896e-05,0.54674,10.329999923706056,0.0130000002682209,1,-19.733365382539063,-1.1052399025368564,-0.04307730046423841,0.08173064104289987,0.6821531810979576,0.08632490660719568,0.0500461086630821,True
10,1306991,1306991,101,E1,SHALLOW,4,1083,1.0,1.0,-0.0001294524254653,-0.0001543287444117,-7.898500951394882e-05,0.42199,10.95199966430664,0.0289999991655349,1,-19.937369621912538,-0.3445543287444117,-0.07897898500951395,0.08636321762270509,0.5065386920330041,0.06487808176591468,0.039068393409252,True
10,1307277,1307277,1,S2,SHALLOW,4,1503,1.0,1.0,-0.0002451827123834,-0.0025570440903329,-0.0002025447450975,0.41113,10.357999801635742,0.0140000004321336,1,-19.21547386731658,-0.26385704409033295,0.2364974552549024,0.08352126638450545,0.649562673384877,0.06390690636073089,0.7293346524238586,True
10,1307830,1307830,1,C3,DEEP,4,241,1.0,0.9999999999473076,-3.479637630832144e-05,-5.892769864512815e-05,-6.939088149564288e-05,0.35948,10.394000053405762,0.0610000006854534,1,-19.40761631788877,-1.732758927698645,-0.06926939088149564,0.021166802002870896,0.19203538106684287,0.02025672063366302,0.9699397087097168,True
10,1308314,1308314,101,C2,SHALLOW,1,100,1.0,4.96806662954991e-103,-8.880815644829454e-05,-0.0003340071121957,-5.4693642275636944e-05,0.40647,7.934000015258789,0.0960000008344649,0,-19.62601509736878,0.22106599288780426,-0.04825469364227564,0.03806338585735545,0.328620830524452,0.035087626288972974,0.4431613385677337,True
10,1308326,1308326,1,S1,SHALLOW,0,522,1.0,1.979653995112976e-134,-0.0001716124358281,-0.0013010547264707,-0.0001596210816579,0.32622,9.581000328063965,0.0170000009238719,0,-19.8758706245425,0.49129894527352924,-0.11235962108165798,0.02250184515836662,0.2075019019151953,0.016562341689110128,0.9592476487159728,True
10,1308357,1308357,0,S2,SHALLOW,3,95,0.9999,1.0,-0.0001565545545822,-0.0011380460823603,-7.005822714259424e-05,0.34157,10.29800033569336,0.0149999996647238,1,-19.24712081231002,0.7092619539176397,0.22892994177285741,0.030023730982656652,0.2538015542721849,0.023637698575080347,0.0079757058992981,True
10,1308582,1308582,101,X3,DEEP,4,676,0.9999,1.0,-0.0002502149808698,-0.0010007031623999,-4.27526063211392e-05,0.36704,10.659000396728516,0.0240000002086162,1,-19.8592514692576,-0.7364007031624,-0.06454275260632114,0.027164301534672905,0.22748443009080685,0.022502271884232924,0.685440719127655,True
10,1309013,1309013,0,X2,SHALLOW,0,1131,1.0,1.0,-3.265872821955895e-05,-0.0002061456479726,-4.783949430200996e-05,0.2126,10.491999626159668,0.0099999997764825,1,-18.78090432719518,-0.9444061456479727,0.225952160505698,0.04737152078579145,0.21273314525356934,0.030254554935719165,0.3974047303199768,True
10,1309288,1309288,1,C2,SHALLOW,2,491,0.9992,1.0,4.0112103942391286e-05,8.566749500116266e-06,6.201865520333305e-06,0.26793,10.928999900817873,0.0160000007599592,1,-19.946926849847628,0.5754085667495001,-0.11159379813447967,0.021126858613236394,0.19001312764100067,0.017896246872209053,0.6690107583999632,True
10,1309293,1309293,0,C2,SHALLOW,4,1373,1.0,3.1412529678590917e-265,-1.285957610619448e-05,-0.0002529742179997,-4.2230366901624405e-06,0.33472,9.234999656677246,0.0219999998807907,0,-19.314182369969807,0.15504702578200025,0.07699577696330984,0.02430732119135122,0.21297333959515727,0.01898485696825529,0.6570116281509399,True
10,1309376,1309376,0,C1,SHALLOW,0,1388,0.9999,1.0,2.305920174450193e-05,6.013904536329717e-05,1.7701174908152373e-05,0.74009,11.024999618530272,0.0359999984502792,1,-20.08577000635406,-0.0918398609546367,-0.22858229882509185,0.08366186354746187,0.8733532877270083,0.08167904654596096,0.9573514461517334,True
10,1309492,1309492,1,C3,DEEP,4,1367,1.0,0.0,3.01560663018563e-06,-9.714896119217276e-05,-5.6928617991725e-05,0.33352,9.329000473022463,0.0149999996647238,0,-19.867547690618842,0.2591028510388078,-0.07015692861799172,0.017331144350395664,0.11886160005682206,0.013068384857933529,0.9789600372314452,True
10,1309874,1309874,0,E2,SHALLOW,4,152,0.9998,1.0,-5.710362522037826e-05,-0.0004271803211119,0.0001022132627254,0.27001,10.906000137329102,0.0340000018477438,1,-19.6434607328286,-0.460027180321112,-0.03989778673727451,0.02096252453587073,0.21648817923705688,0.025550832247793604,0.6419497728347778,True
10,1310073,1310073,0,S1,SHALLOW,2,540,0.9999,1.4038087367712252e-08,-4.32891202706287e-05,0.0010291473590223,-0.0001764176417023,0.62703,8.534000396728516,0.2639999985694885,0,-19.941423618906363,0.5061291473590224,-0.07047641764170232,0.050887535820450254,0.5908327032228581,0.057664995148171354,0.797105073928833,True
10,1310182,1310182,0,S2,SHALLOW,1,567,1.0,1.1916361834074548e-07,-0.0002260020757489,-0.0010612113761861,-0.0001365009401615,0.49611,9.87600040435791,0.0240000002086162,0,-19.868628314456714,-0.4738612113761862,-0.009336500940161585,0.03880228221449903,0.36993464345711824,0.039044299967824866,0.5494928956031799,True
10,1310236,1310236,0,S2,SHALLOW,0,971,0.9994,1.0,2.2279247804846136e-05,0.0008083184544309,0.000214155598417,0.69085,10.5649995803833,0.0590000003576277,1,-19.675252805256477,0.16200831845443098,0.129114155598417,0.07857759376600862,0.8582612149408769,0.08306779982000878,0.7029888033866882,True
10,1310303,1310303,0,X1,SHALLOW,3,912,1.0,4.00245296887702e-27,0.0002771605623088,0.0132382667939536,-9.982441502834684e-05,0.6953,9.420999526977539,0.054000001400709,0,-19.971722600141,1.8363382667939536,-0.009899824415028347,0.062455993703027915,0.9499991262979369,0.051956448164859656,0.9118602871894836,True
10,1310304,1310304,0,X1,SHALLOW,4,570,1.0,1.0,-1.767796667806465e-05,3.0055117140562196e-05,-4.7826143292573065e-05,0.66881,10.887999534606934,0.0529999993741512,1,-19.896987179377938,0.10723005511714057,-0.09274782614329258,0.06207066987707088,0.7801585726035021,0.06720927343129,0.4578118920326231,True
10,1310367,1310367,0,X2,SHALLOW,2,505,1.0,1.0,3.7938880268484354e-05,-0.0003232143391609,-6.39899881172204e-06,0.23332,10.54300022125244,0.0120000001043081,1,-19.242491637029275,-1.395923214339161,-0.018106398998811724,0.03105801842308843,0.29812458253373014,0.02404424416399888,0.6557721495628355,True
10,1310396,1310396,0,X2,SHALLOW,0,554,1.0,1.699463852925176e-148,-3.371601802726332e-05,-0.0002082585213437,-1.2725692605852768e-05,0.3225,9.300000190734863,0.0270000007003545,0,-19.83994660602309,0.30699174147865627,-0.14761272569260586,0.021948320030451836,0.19515740259956538,0.016361715587488942,0.2601366043090819,True
10,1310432,1310432,0,X2,SHALLOW,1,1365,1.0,1.0,-3.193728571915244e-05,-0.0002590917096551,-4.0835466532371245e-05,0.29471,10.324999809265137,0.0109999999403953,1,-19.264408943092956,-0.3522590917096551,0.09405916453346763,0.027456996741266622,0.22166655985021422,0.02088193063342285,0.97689950466156,True
10,1310475,1310475,0,X2,SHALLOW,0,1338,0.9994,1.4865978299987709e-77,-4.375229732289654e-05,-0.0001826801036354,-6.209906755420824e-05,0.66375,9.107000350952145,0.0480000004172325,0,-20.076194382425932,-0.01728268010363543,-0.0823620990675542,0.048407362924140995,0.6237865888250089,0.05413512933821857,0.6564251780509947,True
10,1310485,1310485,0,X2,SHALLOW,3,1399,1.0,9.241125662127174e-65,-0.0001689676710654,-0.000463114421155,-0.0001456535744178,0.43313,9.288000106811523,0.0419999994337557,0,-19.5006584618041,1.142036885578845,0.05725434642558214,0.05008679597888922,0.4527425299692703,0.04309956482693977,0.1273188441991806,True
10,1310916,1310916,0,C2,SHALLOW,3,497,0.9998,1.0,-1.65676493750766e-05,-0.0002809302406131,-1.372686774821219e-05,0.67923,10.83899974822998,0.0149999996647238,1,-20.184140844555344,-0.08768093024061319,0.009686273132251788,0.060459958223813226,0.5512624083784452,0.057123340696601285,0.4144647419452667,True
10,1310964,1310964,0,C2,SHALLOW,2,490,1.0,0.9999999700939616,-4.359875864423657e-05,-0.000131714136919,-1.4644119329894343e-05,0.75147,10.16800022125244,0.0309999994933604,1,-19.981609598798407,0.07836828586308098,-0.033714644119329895,0.09424616986347666,0.8979502996957085,0.08878974299708926,0.6444827914237976,True
10,1311001,1311001,0,C3,DEEP,1,578,1.0,1.0,9.118510775607548e-05,0.0002861869977168,-1.3542125589516283e-06,0.63094,11.27400016784668,0.0070000002160668,1,-19.533617611044214,0.8493861869977168,0.11869864578744105,0.0404061205355717,0.3980630897027446,0.03747662965635882,0.9037641286849976,True
10,1311113,1311113,0,C3,DEEP,4,948,1.0,0.0,-8.661345731297843e-06,0.0001942138719331,-2.430819276670604e-05,0.61533,9.020000457763672,0.0250000003725289,0,-20.018915454821446,0.5534942138719332,-0.11252430819276671,0.026551460384584176,0.24673940926097698,0.02764543497972368,0.7849445939064024,True
10,1311151,1311151,0,C3,DEEP,2,949,0.9995,1.0,0.0001078180610143,0.0005396427196421,0.0001135299668653,0.67765,10.687000274658203,0.0240000002086162,1,-19.41718068269121,-0.3658603572803578,0.15081352996686537,0.04865606893630854,0.46769743953988824,0.05257864706762259,0.02861906029284,True
10,1311496,1311496,0,S2,SHALLOW,0,143,0.9993,0.999570942070117,-0.000198153065579,-0.0020578365572064,-6.0436630279769865e-05,0.69066,10.170000076293944,0.0509999990463256,1,-19.75918077206021,0.40194216344279354,-0.09586043663027977,0.0867184775793785,0.9264186366321215,0.07540622653552431,0.2067359089851379,True
10,1311590,1311590,0,X1,SHALLOW,3,571,1.0,1.1184195597568503e-11,-1.5187597966814792e-05,0.0001994637434385,-7.332111435022493e-05,0.5591,9.805999755859377,0.0289999991655349,0,-19.965255671658454,1.1057994637434385,-0.028173321114350225,0.05039817520868227,0.5352861488946281,0.04704235813285935,0.3545851111412047,True
10,1311631,1311631,0,X1,SHALLOW,3,502,0.9995,1.0,-0.0001186695572066,-0.0021622193070942,-0.0001666172188888,0.64039,10.965999603271484,0.0500000007450579,1,-19.757316269813707,0.5240377806929057,-0.08596661721888887,0.08100674265413321,0.8825099448607776,0.07556609066263473,0.9867162108421323,True
10,1311632,1311632,0,X1,SHALLOW,3,922,1.0,0.9999999998663632,-9.185191921190494e-05,-7.060658213486892e-05,-0.0001695583004558,0.4242,10.378999710083008,0.0599999986588954,1,-19.471311791227947,-0.8140706065821348,0.09193044169954412,0.06113998170143198,0.4494858418943191,0.05001210314392625,0.6949161887168884,True
10,1311755,1311755,0,X3,DEEP,2,947,0.9999,1.4528332995975474e-182,-0.0001911151124822,-0.0003350337969543,-0.0001483679156235,0.471,9.45300006866455,0.0189999993890523,0,-19.729443032303415,0.7881649662030457,0.00985163208437645,0.026529403711326883,0.23184045715342705,0.02417336173129169,0.8176116347312927,True
10,1311884,1311884,0,X3,DEEP,4,1379,0.9999,5.461847915000856e-225,7.237973986917723e-05,0.0003466918078182,5.398565066097594e-05,0.68136,9.744000434875488,0.0080000003799796,0,-20.010444674932025,0.22304669180781822,-0.030446014349339023,0.028767589285411403,0.3333833408152454,0.031766991572158024,0.9790149331092834,True
10,1312164,1312164,0,E2,SHALLOW,3,1169,1.0,1.7617664934217783e-41,-3.727784418572355e-05,0.0001355421366672,-0.0001047506521824,0.52327,9.663999557495117,0.0250000003725289,0,-19.43454598608125,-0.23076445786333277,-0.06550475065218242,0.08599163259714514,0.7796198567193672,0.09228826452620707,0.9715737104415892,True
10,1312171,1312171,0,E2,SHALLOW,3,787,0.9997,1.0,-0.0001664195350379,-0.0004523644345647,-0.0003497028582097,0.50043,10.564000129699709,0.0020000000949949,1,-19.32223756415282,-0.9709523644345648,-0.0002497028582097993,0.09276564018808606,0.827735032696648,0.09335248692532598,0.9173237085342408,True
10,1312274,1312274,1,S1,SHALLOW,0,513,0.9999,1.0,-0.0010248096563358,0.0005663864369724,-0.0019791180444682,0.4245,10.520000457763672,0.0149999996647238,1,-19.59497793835645,-1.1969336135630275,-0.05537911804446827,0.055642626094893094,0.5090584848437629,0.06545999675513665,0.6380063891410827,True
10,1312818,1312818,0,C1,SHALLOW,1,496,1.0,1.0,4.2853004391218974e-05,3.983601440948892e-05,-5.148111199365646e-06,0.72292,10.701000213623049,0.0500000007450579,1,-19.991941094984675,0.6640398360144095,-0.056205148111199366,0.060330507003565806,0.7739815871900106,0.065278982188896,0.4733717739582061,True
10,1312821,1312821,0,C1,SHALLOW,3,572,0.9999,9.192025409019599e-12,5.119037915335412e-06,-2.8029261036621733e-06,2.6613764588272887e-05,0.66121,9.522999763488768,0.0710000023245811,0,-19.567938234945164,2.709297197073896,-0.0073733862354117274,0.07643822202533718,0.9362739158281778,0.06717879124551306,0.5997380614280698,True
10,1312897,1312897,0,X3,DEEP,0,569,1.0,1.0,-0.0001467901207803,-0.0005422964370629,-0.0001533281379188,0.28578,10.546999931335447,0.0160000007599592,1,-18.89832514966445,-0.941742296437063,0.21924667186208113,0.02427510894635056,0.1733633238064173,0.01936858403945798,0.4621323347091674,True
10,1313026,1313026,0,C2,SHALLOW,3,533,1.0,1.0,-8.28137718329458e-05,-0.0001308108831669,-0.0001303805263139,0.53696,10.338000297546388,0.0109999999403953,1,-19.52930967125225,-0.5475308108831669,0.049969619473686055,0.12707911517912915,0.7638663985035012,0.145228959702565,0.959327757358551,True
10,1313057,1313057,0,C3,DEEP,3,528,0.9999,1.0,-5.419458533495458e-05,-0.0002691442521797,-5.660042675123544e-05,0.33754,10.375,0.0120000001043081,1,-18.79002036484551,0.48503085574782023,0.22944339957324877,0.025307314474283037,0.18812514967718993,0.019747178903436146,0.1597451865673064,True
10,1313230,1313230,0,E1,SHALLOW,2,520,1.0,1.0,-5.331358664761865e-06,2.0784617462354937e-05,4.30805687349628e-05,0.21792,10.225000381469728,0.0160000007599592,1,-19.717119773621597,0.39842078461746233,-0.02955691943126504,0.022596644407068697,0.15797712270747866,0.01614576145509394,0.4491293430328369,True
10,1313572,1313572,0,S2,SHALLOW,4,934,1.0,0.9608703622881932,-2.8393288236117087e-05,0.0005054868622753,1.4698977707117145e-05,0.7013,10.081000328063965,0.0460000000894068,1,-20.017673031588153,-0.6168945131377246,-0.1399853010222929,0.05663322214722172,0.6631662677297298,0.06014115466741344,0.0122396722435951,True
10,1313594,1313594,1,X1,SHALLOW,1,132,1.0,0.9999970423137348,-2.402895800202032e-05,-0.0004116967892087,-3.113373161933719e-05,0.28834,10.07699966430664,0.0170000009238719,1,-19.84220014350168,0.5885883032107913,-0.08973113373161934,0.020385559453472604,0.16685311037604475,0.015637808792597973,0.9958754777908324,True
10,1313698,1313698,0,X1,SHALLOW,2,161,1.0,4.5349490951509117e-10,-0.0002266896638545,-0.0005763447716873,-0.0002071426654571,0.43619,9.902000427246092,0.0160000007599592,0,-19.854376516799064,1.0120236552283126,-0.04750714266545719,0.04308969987816978,0.40362407961414276,0.04001417887643864,0.9871450066566468,True
10,1314047,1314047,0,X3,DEEP,1,111,1.0,6.82129616548077e-54,-0.0002875813174902,-7.908027960401576e-05,-0.0003384080927115,0.45696,9.737999916076658,0.0170000009238719,0,-19.41317305147452,-1.990479080279604,-0.03923840809271151,0.03524137897186058,0.2522754922989295,0.03515579343851948,0.7480847239494322,True
10,1314067,1314067,0,X3,DEEP,1,549,1.0,4.1843709014901607e-284,-0.0002049919754263,-1.9941446996518675e-05,-0.0001829876952336,0.43365,9.35200023651123,0.0179999992251396,0,-19.954756765821152,0.3481800585530035,-0.0871829876952337,0.028327046563065946,0.2118482632687309,0.02549803804749843,0.984337031841278,True
10,1314071,1314071,0,X3,DEEP,4,1398,1.0,1.0,-4.436965308585173e-05,-0.0002127696205054,-4.259956970778522e-05,0.32707,10.144000053405762,0.0109999999403953,1,-19.354264172556494,-1.3781127696205053,0.06675740043029221,0.02521532409682824,0.18551877103285033,0.01958716630943157,0.361732244491577,True
10,1314162,1314162,0,X3,DEEP,4,945,0.9998,1.0,2.002273405921073e-05,0.0011973979209527,-9.042089612493416e-05,0.58141,11.00100040435791,0.0140000004321336,1,-19.74175762896796,0.06969739792095275,-0.002590420896124934,0.0330143375409851,0.3653405828282751,0.03896746659104292,0.8744913339614868,True
10,1314296,1314296,0,X3,DEEP,1,910,0.9999,1.0,5.839546590991063e-05,1.6347387588322437e-05,-6.196110815905043e-06,0.70426,10.45699977874756,0.006000000052154,1,-19.90851869912498,0.41661634738758835,-0.0491061961108159,0.0328125164414836,0.40883919236057525,0.0386314616251575,0.6863132119178772,True
10,1314317,1314317,0,X3,DEEP,4,1464,0.9997,1.0,0.0001688217370343,0.0009074253669538,0.0001916328703882,0.78665,11.25100040435791,0.0020000000949949,1,-19.882374811362148,-2.930092574633046,-0.10750836712961176,0.06376547457837214,0.6936652266903589,0.07344343805187936,0.9915746450424194,True
10,1314554,1314554,0,S1,SHALLOW,4,712,1.0,1.0,-0.0005335982653775,-0.0050581942889846,-0.0003252455141277,0.35159,10.82900047302246,0.0399999991059303,1,-19.209264018330977,-1.1939581942889848,0.10997475448587224,0.0549992960577055,0.48705566979788284,0.021377532151051287,0.7346985936164856,True
10,1314847,1314847,0,X3,DEEP,2,267,1.0,1.0,-6.144739453617376e-05,-0.0006485540742084,0.0001098186630487,0.52053,11.21399974822998,0.0529999993741512,1,-19.631391597290055,-1.5922485540742084,-0.01939018133695125,0.057324127321309336,0.3882314608288386,0.04755305930042112,0.9955043792724608,True
10,1314897,1314897,1,X3,DEEP,1,1469,0.9997,1.0,-0.0002070170714105,-0.0013377190316581,1.894895649313597e-05,0.33662,10.901000022888184,0.0099999997764825,1,-19.742497312321323,-0.08803771903165813,-0.027281051043506865,0.030971579145422132,0.26003572443091405,0.033119701585035334,0.0028778137639164,True
10,1315191,1315191,0,S1,SHALLOW,4,923,1.0,1.0,-7.408894262184162e-05,0.0004001661145105,-0.0001279901571889,0.58357,10.529999732971191,0.0500000007450579,1,-19.92970118437124,1.6704001661145105,-0.053827990157188976,0.05842291011437823,0.6465060253002728,0.059655686984874015,0.739488899707794,True
10,1315192,1315192,1,S1,SHALLOW,0,1380,1.0,1.0,3.520685024227532e-05,-0.0007765026696069,4.557078040995366e-05,0.22714,10.444000244140623,0.0109999999403953,1,-19.51063804898468,1.098923497330393,0.09234557078040995,0.02320721811738332,0.21019590590473156,0.01645203678743316,0.7922845482826231,True
10,1315197,1315197,0,S1,SHALLOW,1,929,1.0,0.9884785160661952,0.0001072031065447,-0.0008342566854628,5.978158221311893e-05,0.20823,10.149999618530272,0.0659999996423721,1,-19.38783371291506,-1.320734256685463,-0.007240218417786881,0.027302982999386206,0.18405443253114953,0.020399606264384976,0.994503617286682,True
10,1315259,1315259,1,S2,SHALLOW,1,506,1.0,1.0,6.136462225470041e-06,-0.0004458166209069,5.326077481337954e-05,0.22806,11.376999855041504,0.0120000001043081,1,-19.271841516874172,-0.29844581662090697,0.07865326077481338,0.02401883190010108,0.1694691602161785,0.017533047423711836,0.2107158452272414,True
10,1315570,1315570,0,C3,DEEP,2,682,1.0,1.0,-2.0933455200378148e-05,0.0001765469243264,3.8246621879289844e-07,0.61273,10.802000045776367,0.0179999992251396,1,-20.029709477826678,0.7541765469243265,-0.09359961753378121,0.024733009327625566,0.22348970627807646,0.024951210871703426,0.7100533843040466,True
10,1315806,1315806,0,C1,SHALLOW,0,552,0.9998,0.999999999999995,0.0001501243478436,0.0020636040340762,-5.84832420802428e-06,0.69525,10.649999618530272,0.0839999988675116,1,-19.793569378800402,-2.3438363959659236,-0.266205848324208,0.08308837424804719,0.7214560724680492,0.09444851724806964,0.0909074991941452,True
10,1315818,1315818,0,C1,SHALLOW,0,91,0.9998,0.9254373278558004,-1.731663024173713e-05,0.0001189165094268,-5.280496239573607e-06,0.55218,10.088000297546388,0.0610000006854534,1,-19.477527698104637,0.09931891650942681,0.08239471950376043,0.06099467354021809,0.6284526578726014,0.05860838913568584,0.952013909816742,True
10,1315947,1315947,0,C3,DEEP,3,121,1.0,1.0,4.3649976060322615e-05,0.000106684780711,4.429558994151206e-05,0.73781,10.402999877929688,0.0289999991655349,1,-20.15165333513453,-0.201893315219289,-0.10425570441005849,0.03136465759576121,0.31515238039590754,0.033541218367498335,0.901664674282074,True
10,1315950,1315950,0,C3,DEEP,3,499,1.0,1.0,-3.888923191297522e-05,-0.00019926054417,-2.3954477884016723e-05,0.35948,10.69200038909912,0.0500000007450579,1,-19.528820410744373,-1.72789926054417,-0.08002395447788402,0.01969003175559302,0.17142661462976272,0.012043653152793755,0.8861052989959715,True
10,1316461,1316461,0,C3,DEEP,4,138,0.9991,1.0,1.898615132134296e-05,-3.692089038631608e-05,-6.954538629252993e-05,0.60984,10.96399974822998,0.0289999991655349,1,-19.792737057971905,-1.3946369208903864,-0.01946954538629253,0.03658455906586485,0.3620208502374204,0.04822726596036844,0.0771925970911978,True
10,1316465,1316465,1,C3,DEEP,2,541,1.0,0.0,-3.4702138247411085e-05,-1.2900697031859032e-05,-7.698437562767696e-06,0.32909,9.116999626159668,0.0189999993890523,0,-19.647742808941246,0.47268709930296815,-0.004007698437562768,0.019672452563528085,0.144119145411243,0.014966720102061777,0.609442889690399,True
10,1316487,1316487,0,C3,DEEP,3,946,0.9997,1.0,2.678975384284854e-05,0.0005729893195696,-1.9848717388436243e-05,0.77627,11.217000007629396,0.0120000001043081,1,-19.342538796738665,-1.2775270106804304,-0.05171984871738844,0.0668821617031553,0.653093274041551,0.07487318642953569,0.7692739963531494,True
10,1316626,1316626,0,C3,DEEP,4,1389,1.0,0.0227503922379178,-2.200967539067733e-05,0.0002131618131111,1.611856624832847e-05,0.61601,9.932000160217283,0.0340000018477438,0,-19.681981032626318,0.7383131618131111,0.03281611856624833,0.03701088057970047,0.336606598757147,0.035257820269852254,0.6136533617973327,True
10,1316701,1316701,0,S1,SHALLOW,4,1383,0.9999,1.1034008515644062e-146,-0.000220301917583,-0.0028638883379119,-5.859888446307915e-05,0.36115,9.562000274658207,0.0170000009238719,0,-19.08576450287851,-1.5723638883379119,0.05084140111553692,0.049943940903334365,0.4503317225716989,0.038612609101623924,0.6017653346061707,True
10,1316831,1316831,0,X1,SHALLOW,2,985,1.0,1.0,-0.0002237941724096,-0.0004861868886496,-0.0002233572443341,0.43848,10.73900032043457,0.0120000001043081,1,-19.630885745236725,-0.028786186888649645,-0.004923357244334126,0.05431166368784729,0.5462861614488795,0.05050043463942788,0.9664644598960876,True
10,1316989,1316989,0,X1,SHALLOW,2,257,0.9999,1.0,-9.906252918767676e-05,-0.0005507563540038,-3.208137455826959e-05,0.55343,11.060999870300291,0.0130000002682209,1,-20.077814724865405,-0.11035075635400382,0.02246791862544173,0.10007657955661128,0.7918184164389029,0.08734909460632605,0.9676187634468076,True
10,1317164,1317164,1,X1,SHALLOW,4,281,1.0,1.0,7.45770201824314e-05,0.0002573638605714,8.055721435876184e-05,0.15459,10.815999984741213,0.0599999986588954,1,-18.804589432952838,-2.2286426361394285,0.15298055721435877,0.039079826610837455,0.17531462414604146,0.024857883734681376,0.2132830917835235,True
10,1317277,1317277,1,X2,SHALLOW,1,109,1.0,0.9104102800543548,1.868043955965959e-06,2.5554792044468755e-05,-2.29905696597435e-06,0.2371,10.090000152587892,0.0670000016689299,1,-19.252047834400727,-1.6944744452079554,0.022697700943034027,0.029071952075758835,0.24960338644887456,0.022307592955700454,0.4074913561344146,True
10,1317372,1317372,0,X3,DEEP,3,920,1.0,1.0,1.670784832441541e-05,-0.0001406775323747,-0.000117065748438,0.74393,11.19499969482422,0.0049999998882412,1,-20.072369621319716,-0.5357406775323748,-0.19681706574843805,0.03755634148895565,0.41090675623374995,0.043020515638517345,0.9713113903999328,True
10,1317496,1317496,0,E1,SHALLOW,2,930,1.0,4.459620240436722e-22,-1.2138704981623503e-05,7.038258093694516e-05,-4.371822780832591e-05,0.64429,8.810999870300293,0.1239999979734419,0,-19.71447462515473,1.174470382580937,-0.08094371822780833,0.05755048744253071,0.8555502813269945,0.06252739133816,0.8021295070648193,True
10,1317666,1317666,1,X3,DEEP,1,1534,1.0,1.0,8.198016007554543e-05,0.0002733679391823,1.5216388291008909e-05,0.14136,10.062000274658203,0.006000000052154,1,-19.02930787117348,-0.16442663206081765,0.061915216388291006,0.02062967562144628,0.09819743249927512,0.016526185719727894,0.9993149638175964,True
10,1317724,1317724,0,X3,DEEP,1,924,1.0,1.0,-0.0001995192560713,-0.0003009593132217,-0.0002404881527226,0.46775,10.409999847412108,0.0390000008046626,1,-19.64094296883522,1.3204990406867783,-0.007040488152722624,0.03381198829847939,0.318804459700158,0.031602604061919067,0.9726427793502808,True
10,1317783,1317783,0,S1,SHALLOW,1,255,1.0,0.0,-0.0009748781038716,-0.0032517419858517,-0.0008917163636264,0.39436,9.04300022125244,0.0230000000447034,0,-19.70005270370011,1.0458482580141482,0.009808283636373538,0.046142876084139785,0.33760154955127797,0.041285464199624755,0.9884926676750184,True
10,1318126,1318126,0,E2,SHALLOW,0,529,1.0,1.4704390718447482e-97,-3.3723991716527735e-05,-0.0003536145605094,-4.254019993205072e-05,0.37298,9.413999557495117,0.0280000008642673,0,-19.81696101268361,-0.3289536145605094,-0.10644254019993205,0.020618345303683235,0.2820965335344675,0.01801822117805145,0.5223195552825926,True
10,1318235,1318235,0,S2,SHALLOW,1,977,0.9993,1.5052965602477161e-30,-2.563217046613886e-05,-0.0011270067759476,2.4906423232846225e-05,0.36002,9.840000152587889,0.0140000004321336,0,-19.45237866551578,0.4761729932240524,-0.0051750935767671535,0.02919748721887967,0.3401509085124239,0.02237844158348759,0.0019931360147892,True
10,1318266,1318266,0,E2,SHALLOW,1,914,1.0,1.0,-0.0001375280751005,2.1860215721147824e-05,-0.0002037869768773,0.40626,10.987000465393066,0.0280000008642673,1,-19.500742880763873,-1.7667781397842788,-0.050703786976877385,0.0624611552730599,0.5246269777301196,0.06078957308347795,0.986295998096466,True
10,1318304,1318304,0,S2,SHALLOW,2,92,0.9997,5.410959742094917e-72,-0.0004602789889105,-0.0023505678071495,-0.0003661594293164,0.39764,9.62399959564209,0.0209999997168778,0,-19.527631268599052,2.0315494321928504,0.13233384057068354,0.05033195743504233,0.47354578592530144,0.04037999007368538,0.8503880500793457,True
10,1318460,1318460,0,S2,SHALLOW,3,560,1.0,0.0,0.0002075456145185,0.0013057320285624,0.000145950360931,0.36604,8.72700023651123,0.0270000007003545,0,-19.646954614049612,0.040605732028562436,0.05344595036093103,0.03888029240346403,0.3519257726940946,0.026857641031823143,0.1090381294488906,True
10,1318689,1318689,0,C2,SHALLOW,1,1361,1.0,1.0866278037745009e-91,-4.060781875736552e-05,1.0007171051484852e-05,-2.9286694091731905e-05,0.49338,8.743000030517578,0.0619999989867209,0,-19.711198332915032,0.6217100071710515,-0.03342928669409173,0.047705730397794216,0.5178549577377248,0.046117326645689745,0.2638510167598723,True
10,1318847,1318847,0,S1,SHALLOW,2,1335,1.0,6.064791719724561e-31,-6.139967308271821e-05,-0.0002338224428695,2.5434866768696277e-05,0.65992,9.206000328063965,0.0689999982714653,0,-19.977970840534578,0.8299661775571305,-0.047774565133231306,0.06988795108574432,0.8095771468736539,0.07087234626690866,0.7281636595726013,True
10,1319058,1319058,0,X1,SHALLOW,1,104,0.9997,1.0,6.84856026147429e-05,0.0002706791857854,4.382544754749987e-05,0.66811,11.034000396728516,0.0480000004172325,1,-20.02232981333342,-0.3012293208142145,-0.0085561745524525,0.06646249263932523,0.6834124031745844,0.07933905339372026,0.7782481908798216,True
10,1319066,1319066,0,C2,SHALLOW,0,1535,1.0,2.8457324585399874e-304,1.544573632017432e-05,-0.0003802725689361,-5.664851118772352e-05,0.33403,8.881999969482422,0.0299999993294477,0,-19.183501855314404,0.5804197274310638,0.08484335148881228,0.03838789842791686,0.30960402834900963,0.025955407796987247,0.5321782827377319,True
10,1319539,1319539,0,S2,SHALLOW,1,708,1.0,1.0,-8.873282179067132e-05,-0.0012213244280752,-0.0001141570884359,0.37176,10.546999931335447,0.032999999821186,1,-19.704904243243387,1.1407786755719247,0.04418584291156402,0.031371022925119244,0.34039650064649896,0.023068632395392856,0.6683589220046997,True
10,1319653,1319653,0,C1,SHALLOW,1,124,1.0,1.0,-1.2584139849280971e-05,0.0001253121200832,-5.213656758838552e-05,0.59552,10.595999717712402,0.0350000001490115,1,-19.870048958151052,0.20592531212008325,-0.007252136567588385,0.06220414105836729,0.583643034003965,0.05870516285468557,0.9414258599281312,True
10,1319711,1319711,0,X3,DEEP,3,135,0.9999,0.9297175131147952,9.550113067646748e-05,0.0003284365995976,4.388161913755628e-05,0.24171,10.112000465393066,0.0759999975562094,1,-19.6875223969369,-0.2819715634004023,-0.07515611838086245,0.02489434065461301,0.19771325406642432,0.019637130034589313,0.5525617599487302,True
10,1319821,1319821,101,C2,SHALLOW,0,988,1.0,1.0,2.66163355533422e-05,-0.0001038896733645,-7.370189646804803e-06,0.3088,10.253999710083008,0.0149999996647238,1,-19.60525241088888,-0.35870388967336453,-0.0746073701896468,0.029987291553344935,0.2321581846850339,0.019511055001690116,0.6879903078079223,True
10,1319840,1319840,0,C2,SHALLOW,4,133,1.0,1.0,-4.426166598392456e-05,3.214793934548654e-05,-5.941788272386273e-05,0.4897,10.284999847412108,0.0130000002682209,1,-19.686703748833004,-0.09076785206065452,0.0046405821172761375,0.05637280534798546,0.541290589210656,0.048544703757218456,0.6807398796081543,True
10,1319898,1319898,0,C3,DEEP,3,1333,1.0,1.0,-2.6744068549078293e-05,5.799197373002052e-05,1.4754035273012445e-05,0.7286,11.079999923706056,0.0070000002160668,1,-19.912974814919977,-0.89334200802627,-0.06198524596472699,0.04038196319655733,0.39573824836120525,0.04394991995585639,0.6880212426185606,True
10,1320009,1320009,0,C3,DEEP,2,954,1.0,1.0,3.3834992084536e-05,0.0001071882687717,-2.0831814048289515e-05,0.69164,10.746999740600586,0.0149999996647238,1,-19.762853930887573,0.15150718826877174,-0.01952083181404829,0.04222231167278648,0.40757517850790165,0.04335270116136495,0.9146463274955748,True
10,1320030,1320030,0,C3,DEEP,3,518,0.9993,0.9997638575945716,2.2606926115997798e-05,-2.530866377314922e-05,3.416510059052469e-05,0.68141,10.437000274658203,0.125,1,-19.54625354723754,-0.9213253086637732,0.09163416510059053,0.04475935273094824,0.3828820592343322,0.04610631360154314,0.8579584956169128,True
10,1320278,1320278,0,S2,SHALLOW,2,524,0.9999,1.0,-4.387459307508834e-05,0.0008642460871477,-2.1081654442978163e-08,0.57508,10.977999687194824,0.0140000004321336,1,-19.899882678428707,-1.3607357539128522,-0.03610002108165444,0.09347369590716545,0.7861758837572507,0.09300686049564107,0.9843730330467224,True
10,1320447,1320447,0,S2,SHALLOW,2,967,1.0,1.0,-0.0001633653284471,-6.0717548056477e-05,-0.000277091958848,0.57892,11.026000022888184,0.0379999987781046,1,-19.92227856979016,-1.0825607175480565,-0.20517709195884803,0.06270352865633884,0.5686437757000978,0.07239660705327852,0.7537198662757874,True
10,1320474,1320474,0,C1,SHALLOW,1,509,1.0,1.0,3.030354865884988e-05,5.8957935276438e-05,-4.510600066851001e-05,0.78842,10.586000442504885,0.0250000003725289,1,-20.249819977868455,-0.39604104206472357,-0.20784510600066852,0.0770653022658812,0.8090550230208029,0.07675028122766654,0.3517571389675139,True
10,1320501,1320501,0,S2,SHALLOW,0,511,1.0,1.0,-6.544252437379328e-05,-0.0006211255077541,4.47956765224633e-06,0.33683,10.720000267028809,0.032999999821186,1,-19.81750477324543,-0.18242112550775413,-0.11579552043234775,0.03566440182572332,0.36655899242728623,0.02611714505171236,0.2707440853118895,True
10,1320704,1320704,0,S1,SHALLOW,0,1395,1.0,1.0,-2.0821303404972014e-05,-0.0002417813451711,2.426656995824228e-05,0.26996,10.918999671936035,0.0260000005364418,1,-19.372336872809292,-2.302241781345171,0.02322426656995824,0.044260413262383135,0.35912238745236014,0.0336473907638438,0.959437906742096,True
10,1320762,1320762,0,S1,SHALLOW,2,1324,0.9999,0.0,-3.934666775506912e-06,0.0008078237551021,0.0001138914445524,0.51339,9.234999656677246,0.0160000007599592,0,-19.55982897232773,-0.8763921762448978,0.07871389144455243,0.08717157318912287,0.748686240379315,0.07412284809721423,0.9967549443244934,True
10,1321006,1321006,0,X2,SHALLOW,3,983,1.0,1.0,-5.10310959889182e-05,0.0002020545204584,-6.041081713255292e-05,0.30244,11.28600025177002,0.1270000040531157,1,-19.381682352314684,-1.0194979454795416,-0.041760410817132554,0.03736283816385588,0.3298804637053646,0.027019777387978516,0.0796946510672569,True
10,1321116,1321116,0,X3,DEEP,1,130,1.0,1.0,8.599668313635789e-05,0.0008616282736826,-0.0001988707374935,0.62684,11.107000350952148,0.0120000001043081,1,-20.087696232385625,-0.033138371726317395,-0.14389887073749352,0.038277643574509655,0.3542305465662494,0.04410612614346239,0.3629097938537597,True
10,1321166,1321166,0,X3,DEEP,2,1396,1.0,1.0,-6.272201057555549e-05,0.00143610445979,-0.0001707599279722,0.4351,10.744000434875488,0.0240000002086162,1,-19.436941423229648,-0.6189638955402099,-0.04697075992797228,0.04211054565957933,0.4384698912422253,0.037043854990500835,0.5963216423988342,True
10,1321276,1321276,0,X3,DEEP,3,1325,0.9996,0.3241443835114442,-8.949766554522398e-05,3.308436984546248e-05,-0.0001482713156808,0.33121,9.973999977111816,0.0570000000298023,0,-19.414581258481363,0.056833084369845466,-0.016548271315680818,0.025778801552038093,0.21893769345569178,0.020509067878635764,0.0136562166735529,True
10,1321338,1321338,0,X2,SHALLOW,2,940,1.0,0.0345149941741213,-6.047784125584599e-05,-0.0002912192583639,-6.231253318263858e-05,0.31048,9.979999542236328,0.0109999999403953,0,-19.561833086633193,1.125008780741636,0.0016376874668173613,0.03534684424368641,0.3476512942554279,0.024711764434912634,0.4976682364940642,True
10,1321450,1321450,0,E1,SHALLOW,0,944,1.0,9.875901453280723e-291,-1.0356603851846558e-05,0.0006678845099069,-5.831041178411961e-05,0.25833,9.30799961090088,0.0189999993890523,0,-19.411409420475565,0.16916788450990694,0.05394168958821588,0.02930613226766573,0.2609330537032074,0.023943651666305656,0.4462267160415648,True
10,1321492,1321492,0,E1,SHALLOW,3,167,0.9999,1.0,-4.6114928522911214e-05,-2.6023888972659392e-05,-9.796545399151646e-05,0.55467,10.434000015258787,0.0359999984502792,1,-19.96624352252477,-1.5391260238889726,-0.13239796545399152,0.05671702097602877,0.5697398434449855,0.07447900862475662,0.8892165422439575,True
10,1321973,1321973,0,X1,SHALLOW,1,561,0.9996,1.0,6.642043611648774e-05,0.0002915277571884,0.0001174916944888,0.37043,10.960000038146973,0.0469999983906745,1,-19.585967538927918,-1.4991084722428116,-0.000482508305511109,0.04870312149063385,0.4225081761679688,0.03712826355047809,0.8773699998855589,True
10,1322819,1322819,0,C2,SHALLOW,3,974,1.0,1.0,-0.0001603211934266,-0.001074764528596,-9.533044504104332e-05,0.33759,11.541000366210938,0.0160000007599592,1,-19.46481567258453,-0.363874764528596,-0.03659533044504104,0.03357334226745105,0.3599751353646904,0.02628701451613467,0.5413200855255127,True
10,1322975,1322975,0,C3,DEEP,1,1351,1.0,1.0,0.0001372751416539,-5.7369575649446336e-05,0.0003862406957828,0.84634,11.16100025177002,0.0250000003725289,1,-19.83349363524589,-0.16685736957564945,-0.20131375930421713,0.05356725855607089,0.7306967328048111,0.11843076951640377,0.5942552089691162,True
10,1323016,1323016,0,E2,SHALLOW,1,519,1.0,0.0735272871349039,-5.606337709451736e-05,-0.0007108038412426,-1.731213822797617e-06,0.33485,9.970999717712402,0.0199999995529651,0,-19.100860601645685,-0.5790108038412427,0.0468982687861772,0.045450356263247095,0.5853135498257785,0.03651511790827806,0.9388842582702636,True
10,1323106,1323106,0,X1,SHALLOW,2,936,1.0,1.0,-7.551772506531051e-05,-0.0013939144302717,1.731271124613687e-05,0.34417,10.36400032043457,0.0160000007599592,1,-19.815833461181775,-0.15629391443027174,-0.13088268728875385,0.026597088139783096,0.41204785345764056,0.02298982704259103,0.8547773957252502,True
10,1323600,1323600,0,S2,SHALLOW,3,1120,1.0,1.0,-0.0001500203120023,-0.0010206386828451,-3.1409861157530305e-05,0.37044,10.62600040435791,0.0109999999403953,1,-19.473052606646846,0.29217936131715483,0.03386859013884247,0.043715474242740644,0.40367237986930693,0.029500172367822198,0.0889375209808349,True
10,1324509,1324509,0,C2,SHALLOW,3,1349,1.0,1.0,2.8128444821362564e-05,-0.0006759920283939,3.5108855797466587e-06,0.21062,10.321999549865724,0.0109999999403953,1,-19.246793598315577,-0.870275992028394,0.07920351088557975,0.02441385518576477,0.22480923977852865,0.01992449864946778,0.0687953904271124,True
10,1324562,1324562,0,C2,SHALLOW,2,956,1.0,1.0,-1.2755564938515818e-05,-0.0004210936420999,6.66890935375683e-07,0.35299,10.303000450134276,0.0140000004321336,1,-19.565813338488454,0.35947890635790003,0.014000666890935376,0.024762729627230706,0.31977979549997565,0.020908964040228774,0.7286992073059082,True
10,1324582,1324582,0,C2,SHALLOW,1,564,1.0,1.0,-0.0001625656735342,-0.0005153124780736,-0.0001705137450414,0.38185,11.064000129699709,0.0099999997764825,1,-19.60726135613051,-1.3513153124780737,-0.11057051374504145,0.04170785290275053,0.41883486964576955,0.04509297197522953,0.9419137835502625,True
10,1324685,1324685,0,C3,DEEP,2,125,1.0,0.9999999729822736,5.806202849356623e-05,0.0002584451893657,1.697989496389496e-06,0.54183,10.086999893188477,0.0160000007599592,1,-19.66041188544653,-0.6315415548106342,-0.008498302010503611,0.0283249433250699,0.3654618246345791,0.029468053293384613,0.9456782341003418,True
10,1324790,1324790,0,C1,SHALLOW,3,534,1.0,4.398137396067049e-112,-5.706816639516887e-05,-0.0013519807097034,-4.596714053700657e-06,0.35723,9.326000213623049,0.0299999993294477,0,-19.44930905798502,-0.04625198070970349,0.0531954032859463,0.02880779851386842,0.43848970304980256,0.024520782999987462,0.9898948669433592,True
10,1325191,1325191,0,C3,DEEP,1,568,0.9999,1.0,-8.083139454839738e-05,-0.002512850682494,3.828893426977009e-05,0.7981,10.57699966430664,0.0140000004321336,1,-19.518231309533157,-2.137212850682494,0.02473828893426977,0.05437914235983623,0.8612911639388375,0.06557561050466539,0.2256429642438888,True
10,1326299,1326299,0,C3,DEEP,1,523,1.0,1.1505578250594175e-06,-4.021694187983371e-05,0.0002076738509989,-4.2286494105509e-05,0.67382,9.621999740600586,0.0799999982118606,0,-19.91957284174196,-0.3672923261490011,-0.22704228649410552,0.03993277206895916,0.586050490034313,0.04355950608983401,0.7755542993545532,True
10,1327978,1327978,1,E2,SHALLOW,0,238,1.0,1.0,1.653734769035964e-05,2.2964729619212587e-05,-3.132142850241493e-05,0.20699,10.892999649047852,0.0240000002086162,1,-19.332326596054273,0.3998229647296192,0.08706867857149758,0.02308625493041946,0.19258637676965104,0.018144260671510905,0.1447346359491348,True
10,1328016,1328016,0,E2,SHALLOW,0,1489,1.0,1.0,7.0247225103514666e-06,-0.0001902905365827,-1.8130105881607184e-05,0.35071,10.626999855041504,0.0230000000447034,1,-19.39110041078303,-1.5030902905365826,0.025381869894118392,0.04234119561053437,0.36994615939701586,0.03186006397039952,0.1899827569723129,True
10,1328089,1328089,0,E1,SHALLOW,2,1528,0.9998,3.601816003697982e-109,-1.921367124424478e-05,5.384040277918445e-05,1.0312343718912875e-05,0.56864,9.60099983215332,0.0179999992251396,0,-20.013241182602044,-0.10644615959722081,-0.06408968765628109,0.06722164928143387,0.4963173431975756,0.06185051271723838,0.4348857402801513,True
10,1328105,1328105,1,E1,SHALLOW,1,701,1.0,1.0,-2.805747553935589e-05,-0.0002154604600781,-4.181783615098828e-05,0.44153,11.109999656677246,0.0140000004321336,1,-19.912457045244743,0.19348453953992184,-0.04634181783615099,0.045973144092137735,0.38990993898790227,0.038935666644012656,0.2448465228080749,True
10,1329168,1329168,0,C3,DEEP,2,300,1.0,1.0,3.769729200087113e-05,0.0004143552245634,2.3617691208357997e-05,0.67651,10.795000076293944,0.0270000007003545,1,-20.126932147620856,-0.5280856447754365,-0.11147638230879164,0.030953864384118013,0.3032267552633821,0.040810140237862905,0.9343363046646118,True
10,1329312,1329312,1,X3,DEEP,2,1491,0.9999,1.0,-5.358723115378439e-05,-0.000820268699289,6.174583577993331e-05,0.34478,10.862000465393066,0.0130000002682209,1,-19.478576657183478,-1.7384202686992891,-0.04063825416422007,0.02510403030812243,0.22064545331274832,0.01969265563499076,0.9933006763458252,True
10,1329365,1329365,0,X3,DEEP,4,723,0.9999,1.0,0.0002001156630662,0.0013992988377271,0.0002055956832572,0.61101,10.633000373840332,0.0260000005364418,1,-19.592684059395122,-0.4456007011622729,-0.014694404316742737,0.04774306198425219,0.3614156592808029,0.04722664326587253,0.5865398049354553,True
10,1329615,1329615,101,X2,SHALLOW,0,261,0.9999,1.0,-0.0001076546123286,-0.0005386003729132,-0.0002269653031712,0.4036,10.925999641418455,0.0790000036358833,1,-19.52295650271452,0.20846139962708676,0.04407303469682877,0.052225211565243304,0.43489475412198275,0.04512574931088667,0.5712329745292662,True
10,1330350,1330350,0,C3,DEEP,3,1093,0.9999,1.0,1.1636151565852517e-05,-0.000179116471244,8.613097433697592e-06,0.76303,10.989999771118164,0.0040000001899898,1,-19.769382567604538,-0.20227911647124408,0.0425086130974337,0.041994622441415504,0.46745146978273544,0.044557864430278114,0.9120942950248718,True
10,1330403,1330403,0,C2,SHALLOW,2,1538,1.0,1.0,5.112311208321785e-05,0.0002063024515846,5.064361261394867e-06,0.7765,10.54800033569336,0.0140000004321336,1,-20.282365483415646,0.21530630245158466,-0.0779949356387386,0.05839224312610442,0.8252188293607582,0.06616859060289713,0.4615481197834013,True
10,1330530,1330530,0,C1,SHALLOW,1,1112,0.9999,0.1407583700568059,-3.159055549062373e-05,-0.0005275313235965,-7.887925102589843e-06,0.33633,9.986000061035154,0.0130000002682209,0,-19.01783761337064,-0.7330275313235965,0.1587921120748974,0.031084555021091736,0.35654919830942666,0.02540603770822824,0.9567503333091736,True
10,1330533,1330533,0,C1,SHALLOW,1,1086,1.0,0.9999912833289036,-7.18513256146025e-05,-0.0003970777946198,-3.174511338692454e-05,0.36444,10.189000129699709,0.0439999997615814,1,-19.34789907003656,-1.0631970777946198,-0.009731745113386925,0.03348630361026278,0.34053149002999766,0.024861012709935577,0.4597551822662353,True
10,1330559,1330559,0,C1,SHALLOW,2,1081,0.9997,1.0,-5.7011511717774965e-05,-0.0008321828115017,-3.352903670883478e-05,0.68131,10.734999656677246,0.0839999988675116,1,-19.886046638584773,0.012067817188498253,-0.24803352903670883,0.10524678425572481,0.8943927949848349,0.08858100302708212,0.2557487785816192,True
10,1330642,1330642,1,X3,DEEP,4,660,1.0,4.3460139162611584e-101,-0.0002398664394682,-0.0011700865347827,2.5684086007116136e-05,0.63391,9.317999839782711,0.0320000015199184,0,-20.200358867138974,1.1626299134652172,-0.06447431591399289,0.034432127058342636,0.3267940738316007,0.028197518102911122,0.8252916932106018,True
10,1330817,1330817,0,S2,SHALLOW,4,717,1.0,0.9999969802524852,-2.3233079804896303e-05,-0.0004333851921161,-6.523448879134502e-05,0.27051,10.54300022125244,0.1199999973177909,1,-19.223832521540302,-1.1046333851921162,-0.027465234488791346,0.0222321053623995,0.2436324837981856,0.018597059885811933,0.5637599825859068,True
10,1330828,1330828,0,S2,SHALLOW,0,1100,1.0,1.0,-0.0001212121705158,-0.0019403219524589,-5.364642299031386e-05,0.36705,10.395000457763672,0.0140000004321336,1,-19.78330226620828,1.288959678047541,-0.04455364642299031,0.026070981975538643,0.35508216524568076,0.020836340678044074,0.5511229634284973,True
10,1330903,1330903,1,S2,SHALLOW,1,273,1.0,1.0,-4.798408900796858e-05,0.0008521835673817,-0.000101031720201,0.56429,10.37600040435791,0.0340000018477438,1,-19.784455202272035,0.4547521835673818,-0.06030103172020107,0.05316188652402431,0.6595259407820337,0.059512513556153036,0.4609614014625548,True
10,1331123,1331123,1,E1,SHALLOW,4,1473,0.9999,1.0,-2.567353273263961e-05,-9.604722581602054e-05,-3.4265003924341224e-05,0.22157,11.109999656677246,0.0379999987781046,1,-19.17060259016253,-1.632096047225816,-0.0030342650039243413,0.02779834351028911,0.19331653796284273,0.02110591957661053,0.9997119307518004,True
10,1331344,1331344,0,X1,SHALLOW,4,1126,1.0,7.92132952113403e-09,-6.90501805813426e-05,0.0004738331814649,-5.918287529421695e-05,0.54993,9.869999885559082,0.0230000000447034,0,-19.81688640291202,0.44317383318146497,-0.13965918287529422,0.07008427271809278,0.6653430436617092,0.06955586565348777,0.0446323789656161,True
10,1331513,1331513,0,S2,SHALLOW,4,259,0.9997,5.5930371965233575e-11,-0.0003509562243451,-0.0014834877970048,-0.0003501132875342,0.40572,9.871000289916992,0.0199999995529651,0,-19.241080973989824,-0.21798348779700483,0.09364988671246577,0.05448174085362535,0.508909391932268,0.05010602593645968,0.3734120428562163,True
10,1331660,1331660,0,C1,SHALLOW,0,695,0.9998,1.0,-2.4606745920863204e-05,-0.0003808718419016,-5.169033620378016e-05,0.72076,10.946000099182127,0.0099999997764825,1,-20.13828768290188,1.1646191281580984,-0.1713516903362038,0.058906284764821674,0.8956954313681564,0.061459204978885795,0.6413825750350952,True
10,1331707,1331707,0,E2,SHALLOW,3,1542,0.9992,1.0,2.2955293530912968e-05,1.328745033168932e-05,-2.1869185619638465e-05,0.65395,10.529000282287598,0.0390000008046626,1,-19.76411299111851,0.42661328745033167,-0.10382186918561964,0.0596105065937002,0.6156108200840905,0.057687928849982854,0.5542401671409605,True
10,1331719,1331719,0,E2,SHALLOW,4,1141,0.9997,1.0,-7.808506666151516e-06,0.0001467340714467,3.3456494066094744e-05,0.58627,10.562000274658203,0.0280000008642673,1,-19.682741360357404,-0.9398532659285532,0.0379334564940661,0.09012748588606853,0.7338994884888155,0.08956837038502802,0.680509567260742,True
10,1331836,1331836,0,X1,SHALLOW,2,276,1.0,1.0,-7.74312349740569e-05,-0.0006328066722454,-3.4856825516252354e-05,0.35667,10.652000427246094,0.0160000007599592,1,-19.715770690968707,1.1428671933277545,0.008665143174483747,0.028693593182403283,0.26282949996247384,0.020715302206026933,0.5482087135314941,True
10,1331883,1331883,0,X3,DEEP,3,665,1.0,2.133691597883901e-93,-0.0002994081521023,-0.0011553591066379,-2.96670512560937e-05,0.61882,9.692999839782711,0.0149999996647238,0,-19.461956943423687,0.23034464089336204,0.0667703329487439,0.06347125615537369,0.5339243964872462,0.050592470098622146,0.8490990996360777,True
10,1331993,1331993,1,X3,DEEP,2,1075,0.9999,0.0,-7.848641480734386e-05,-0.0008936052196467,3.4251302796231564e-05,0.71961,9.107999801635742,0.0130000002682209,0,-19.94518210188238,0.7504063947803532,-0.07666574869720377,0.045902543445312735,0.46957664662869003,0.04076841073901867,0.8658962249755859,True
10,1332614,1332614,0,C3,DEEP,4,1134,0.9999,1.0,-4.718556723304346e-05,-2.0929664668045692e-08,2.15945138740542e-05,0.51856,10.395000457763672,0.0080000003799796,1,-19.198887446220866,-0.28030002092966466,0.09392159451387405,0.037902256505468225,0.2742448648531925,0.0338337067381582,0.99525785446167,True
10,1332689,1332689,0,C1,SHALLOW,4,650,1.0,0.0010194558900927,-3.6074859721679786e-05,-6.492809295943758e-05,-8.89709545309203e-05,0.48766,9.781000137329102,0.0710000023245811,0,-19.38019992634579,-0.4800649280929594,0.02661102904546908,0.05923946060970837,0.557045812289913,0.05671597836236291,0.9062691926956176,True
10,1332701,1332701,0,C1,SHALLOW,0,729,0.9996,1.0,9.389359736644563e-05,0.0005341656063276,-0.0001075481898093,0.79167,10.347999572753906,0.0299999993294477,1,-20.38601811514281,0.5783341656063277,-0.21440754818980934,0.06129308911460886,0.7723786604809024,0.056473626265152954,0.3242842853069304,True
10,1332709,1332709,0,C1,SHALLOW,2,691,0.9999,0.7308510420710045,2.908139827795253e-05,0.0004264396166409,-5.102568329504176e-05,0.69371,10.02400016784668,0.0390000008046626,1,-19.956738378706714,1.356326439616641,-0.09705102568329504,0.06370076669108367,0.8824938241088834,0.06968180085326209,0.5245725512504577,True
10,1332721,1332721,0,C1,SHALLOW,0,1523,0.9999,4.327364586371654e-08,-0.0001217789879888,-0.0001745453458421,-0.0001219081279191,0.42224,9.909000396728516,0.0170000009238719,0,-19.232259666782827,1.0732254546541578,0.048378091872080864,0.05902466689116292,0.5170474354746349,0.05011006042805097,0.1632692664861679,True
10,1332747,1332747,0,C3,DEEP,3,1470,0.9999,0.0,-7.966201854259225e-05,-0.0001793249730974,1.2905660442208422e-05,0.34305,9.300000190734863,0.0109999999403953,0,-18.582981585409605,1.0711206750269024,0.2590129056604422,0.025788225725593465,0.16580603569596686,0.019488491811292696,0.8933629989624023,True
10,1332795,1332795,0,C1,SHALLOW,2,1488,0.9995,1.0,8.491110440900229e-05,0.0003841515218306,9.060009007491944e-05,0.67984,10.880999565124512,0.0299999993294477,1,-19.75191579111671,-0.5791158484781693,0.02199060009007492,0.08150291021867313,0.9008425167387242,0.08370033660278238,0.6160895824432373,True
10,1332819,1332819,0,C3,DEEP,3,1106,1.0,1.0,3.7578250598357954e-05,0.0007927597638543,2.633927203390257e-05,0.3418,10.748000144958496,0.0070000002160668,1,-19.534648687219637,0.10209275976385435,0.0603263392720339,0.02083990830095407,0.14988841487700566,0.016353175923322055,0.6674810647964478,True
10,1333248,1333248,0,S2,SHALLOW,4,1091,0.9999,0.9999999999987202,3.9117800398003055e-05,0.00012108086281,-3.730549251970694e-05,0.69395,10.175000190734863,0.0250000003725289,1,-20.31520700620797,-0.53577891913719,-0.1399373054925197,0.07251229996546787,0.7000000239163044,0.07222158358503247,0.2624364495277404,True
10,1333291,1333291,0,X3,DEEP,2,1502,0.9997,0.8043186797901665,-0.0003180179284676,-0.0014717603291625,-0.0002929858210537,0.3646,10.01200008392334,0.0140000004321336,1,-19.557091201135478,-0.4424717603291626,0.06530701417894624,0.0230889010835228,0.17019190150303143,0.025283856332892575,0.5033501386642456,True
10,1333442,1333442,0,X3,DEEP,0,303,0.9991,1.0,-0.0004951210150139,-0.0080971367445573,0.0003806972351266,0.69209,11.192999839782717,0.0280000008642673,1,-19.843770375612205,-0.9866971367445574,-0.06291930276487334,0.05311298288611814,0.5274128083200679,0.0482048275525909,0.1798299700021742,True
10,1333489,1333489,0,C3,DEEP,4,309,1.0,1.0,2.387977257711782e-05,0.000268330224144,9.982377006617638e-05,0.68179,10.92099952697754,0.0140000004321336,1,-19.671440495662644,-0.8034316697758559,-0.08010017622993382,0.03909526359929895,0.3406975875864462,0.046351808816833054,0.481526494026184,True
10,1333949,1333949,0,E2,SHALLOW,0,1510,0.9997,1.0,2.482147020188563e-05,0.0002456818720406,4.91169352027504e-05,0.65927,11.26099967956543,0.0120000001043081,1,-20.01656022913788,1.3312456818720406,0.04304911693520275,0.05952733108975792,0.7686987671192337,0.05926611225760576,0.0477252081036566,True
10,1334087,1334087,1,S2,SHALLOW,2,669,1.0,1.0,0.0001908367152907,0.0010754721947124,3.658204546851118e-05,0.26628,10.980999946594238,0.0989999994635581,1,-19.866575312184025,0.9032754721947125,-0.05326341795453149,0.023346957931135108,0.21645281904275618,0.016235514514752525,0.0131427245214581,True
10,1334253,1334253,0,C1,SHALLOW,1,679,1.0,3.6766001299548124e-116,7.548496795450887e-05,0.0004513451592345,-7.25631191100945e-05,0.62076,9.428000450134276,0.0250000003725289,0,-19.750540331373493,-0.3646486548407655,-0.0845725631191101,0.05928681901061907,0.5788212506798645,0.06844481534970506,0.8693140745162962,True
10,1334257,1334257,0,C1,SHALLOW,2,304,1.0,1.0,-6.777233774712954e-05,-0.0001969822730918,-6.429414627666385e-05,0.68005,10.840999603271484,0.0430000014603137,1,-20.303997551523914,0.6613030177269081,-0.11766429414627666,0.04580418969271733,0.5376100620104193,0.04859585212062492,0.3930360078811645,True
10,1334265,1334265,0,C1,SHALLOW,1,698,1.0,1.0,9.161327081486093e-05,0.0002922001730998,-7.272494744098995e-05,0.58586,10.722000122070312,0.0570000000298023,1,-19.6290365703424,-1.0567077998269,0.01762727505255901,0.06568844033808481,0.6034197018117846,0.08268147533337945,0.996983528137207,True
10,1334302,1334302,1,E1,SHALLOW,2,1504,0.9998,1.0,-7.87840450655608e-05,-7.976014338018089e-05,-3.841316762766972e-05,0.45463,10.66800022125244,0.0140000004321336,1,-19.62664196083218,-0.7395797601433802,0.04246158683237233,0.04321530056338015,0.4851619162852925,0.04293388225254924,0.8595186471939085,True
10,1334423,1334423,101,S1,SHALLOW,0,1483,1.0,4.5061893378354424e-210,-0.0001669890198634,-0.0029147442379964,-4.631160779971708e-05,0.35791,9.319999694824215,0.0219999998807907,0,-19.539255000995638,1.0943852557620035,0.029653688392200284,0.027978970113829417,0.3057262489417597,0.019867433908109355,0.9395211935043336,True
10,1334448,1334448,101,X1,SHALLOW,3,1096,1.0,1.0,-5.200519609260823e-05,-2.07805265115546e-05,-8.528994696279518e-05,0.51686,10.784999847412108,0.0299999993294477,1,-19.66646044490674,-2.7632207805265114,-0.034185289946962794,0.08223332182722537,0.6257406064807362,0.08961105980695792,0.9582973718643188,True
10,1334597,1334597,1,X3,DEEP,1,1147,1.0,4.8026779729965365e-37,2.305597402951776e-05,0.0002712106337986,3.415934145836741e-06,0.28895,9.10099983215332,0.0710000023245811,0,-19.780052304102576,0.5110712106337987,-0.036896584065854166,0.01980178028474279,0.12523463484571035,0.014430881657752996,0.0424586609005927,True
10,1334620,1334620,1,X2,SHALLOW,3,681,1.0,1.0,4.600696305701035e-05,3.977472352834077e-05,-1.9298647778998035e-06,0.19624,10.159000396728516,0.0099999997764825,1,-18.76183852443771,-0.6189602252764717,0.1967980701352221,0.027710845250782653,0.19394136862576583,0.020393315996268542,0.6243454217910765,True
10,1334644,1334644,1,X2,SHALLOW,4,1500,1.0,1.0,-4.957864666366163e-05,-0.0003112719942648,-4.266344133202482e-05,0.28805,11.357999801635742,0.0099999997764825,1,-19.453135333045573,-1.9597112719942649,-0.04794266344133202,0.029719426786597742,0.21896177179609,0.025573619189339723,0.8080952167510986,True
10,1334645,1334645,1,X2,SHALLOW,0,1541,1.0,1.0,2.7820103049691625e-05,-0.0005496704209526,3.23123518807672e-06,0.24701,10.475000381469728,0.0509999990463256,1,-19.696531099578806,-0.8577496704209526,-0.04229676876481192,0.02229271182423257,0.16794369268391818,0.01728909703235897,0.9370089173316956,True
10,1334686,1334686,0,X2,SHALLOW,0,1090,0.9998,1.0,2.5669182551979475e-05,-0.00044052091903,9.337174929342772e-05,0.65904,10.822999954223633,0.0480000004172325,1,-20.001510141979924,-0.43064052091903005,-0.04390662825070657,0.06535782634929087,0.6842989627362658,0.07434961148114076,0.9363696575164792,True
10,1334707,1334707,101,C3,DEEP,4,1477,1.0,0.0,4.639562200026148e-05,6.489567956846631e-05,2.781850010957765e-05,0.64922,9.024999618530272,0.0120000001043081,0,-20.147501321973706,0.7368648956795685,-0.11387218149989042,0.0252126892054069,0.2367462717000808,0.025773504004712445,0.8273432254791258,True
10,1334742,1334742,0,S1,SHALLOW,0,652,0.9998,1.0,-0.0003155445946561,0.0005018554384363,-0.0014646378495284,0.52809,10.489999771118164,0.0299999993294477,1,-19.513275824265918,-1.8336981445615637,-0.038064637849528404,0.06486469901427887,0.8094465380429818,0.12206224648965197,0.9248127937316895,True
10,1335259,1335259,0,C1,SHALLOW,2,312,0.9999,1.0,1.2682719763290606e-05,5.570038560887003e-05,-0.0001003805171532,0.72701,10.652999877929688,0.0280000008642673,1,-19.816168808383384,-0.9161442996143911,-0.18240038051715324,0.0819710682509469,0.8553051302403074,0.08798546771872506,0.5735195875167844,True
10,1335305,1335305,0,S2,SHALLOW,1,240,1.0,2.24353016476361e-188,-3.637627050778747e-05,-0.0007790456114092,-2.7844501416548866e-06,0.33403,9.531999588012695,0.0160000007599592,0,-19.140699652722795,-0.4573790456114093,0.002797215549858345,0.03804741507878055,0.307464533226799,0.02815135280470955,0.9807114601135252,True
10,1335387,1335387,0,C2,SHALLOW,0,716,0.9999,9.098628936556397e-25,-6.438685449339232e-05,2.5722515930082235e-05,-7.483289362897327e-06,0.60582,9.510000228881836,0.0480000004172325,0,-19.839791247060028,-0.02567427748406992,0.0609925167106371,0.05522647835416761,0.5140387379656982,0.05337957897695404,0.9263216853141784,True
10,1335432,1335432,0,C3,DEEP,1,1499,1.0,1.0,-5.159084203754105e-05,-1.5350726572105344e-05,-0.0001009888363744,0.42692,10.229000091552734,0.0140000004321336,1,-19.417493205433395,-1.7374153507265722,-0.045400988836374445,0.03936280232736833,0.22161027891128465,0.03494931297512603,0.9911348819732666,True
10,1335472,1335472,1,E2,SHALLOW,0,253,1.0,1.0,-2.8466720156217207e-05,3.532118161500564e-05,-1.4459858318174867e-05,0.50597,10.244999885559082,0.0170000009238719,1,-19.88360392482341,0.14183532118161502,-0.07151445985831817,0.034491212751365796,0.3705874690654397,0.035839958067152886,0.7722924351692197,True
10,1335564,1335564,1,X2,SHALLOW,3,1095,0.9998,3.75517201975272e-17,-8.398142625765105e-08,0.0005835442675243,-6.157364359754558e-05,0.60619,9.482999801635742,0.0619999989867209,0,-19.913812145337722,0.47078354426752433,-0.11346157364359755,0.06071467316024831,0.5793959773112103,0.060215880638801546,0.2188179641962051,True
10,1335671,1335671,0,C2,SHALLOW,3,1509,1.0,1.0,-8.345908043239092e-05,0.0001894900931057,-3.837033663227352e-05,0.52427,11.005000114440918,0.0270000007003545,1,-19.9843362253297,0.5613894900931058,-0.07423837033663228,0.04105162315184541,0.37611883205779734,0.038112825896172625,0.8869820833206175,True
10,1335675,1335675,0,C2,SHALLOW,4,1133,1.0,1.0,-1.358986550670238e-05,0.0001200320046821,-0.0001061801363159,0.60735,11.04300022125244,0.0189999993890523,1,-20.031030764580265,-0.6430799679953179,-0.18210618013631596,0.057726010686055255,0.47137063344593283,0.062176476835165716,0.8149948120117188,True
10,1335717,1335717,1,C3,DEEP,4,243,1.0,1.5195940161115581e-235,-1.3225499849056632e-05,0.0001509967123613,-2.403532954590309e-05,0.30477,9.607000350952145,0.0120000001043081,0,-19.177506033472874,-0.10394900328763867,0.045675964670454094,0.019673516043631427,0.1221047728240516,0.01474956539468462,0.6857212781906126,True
10,1335756,1335756,0,S1,SHALLOW,0,1071,0.9998,1.0,-0.0002877735032953,-0.0018072226483883,-0.0002215340318571,0.44933,10.45400047302246,0.0390000008046626,1,-19.168137178711717,-0.07790722264838834,0.07567846596814287,0.07804231420639755,0.6163947226248676,0.06976622749329002,0.5465445518493652,True
10,1335854,1335854,0,C1,SHALLOW,4,263,0.9994,1.9665668805873157e-111,-6.153126125951758e-05,-0.0001143561389915,-2.2756170676013765e-05,0.57869,9.663999557495117,0.0149999996647238,0,-19.591986661743995,1.0248856438610083,0.15297724382932398,0.06579949146226897,0.5940930865468471,0.060086393225032245,0.7634520530700682,True
10,1335885,1335885,0,C1,SHALLOW,2,686,0.9999,1.0,-7.267789302645156e-05,-0.0002109121148304,-0.0001447123969616,0.39932,10.836000442504885,0.0109999999403953,1,-19.082152275798663,0.38948908788516956,0.21225528760303836,0.06673217323146496,0.4635702303146458,0.054872221833618444,0.6174070835113525,True
10,1336008,1336008,1,E2,SHALLOW,4,1501,1.0,1.7110730998739236e-47,-0.0001143212338057,-0.0001488178817838,-9.915497086067718e-05,0.43764,9.89900016784668,0.0070000002160668,0,-19.98341862027445,0.6107511821182161,-0.007999154970860678,0.03535730435738051,0.3098498067955782,0.030495499767387323,0.7558936476707458,True
10,1336009,1336009,1,E2,SHALLOW,3,727,1.0,0.0,8.4734726293334e-06,-0.0004063956549845,-5.6424075734695656e-05,0.34175,8.901000022888182,0.0089999996125698,0,-18.943442401879572,-0.5334063956549846,0.1601435759242653,0.03273935025079375,0.29937498689384207,0.025581527613247546,0.8058668971061707,True
10,1336150,1336150,0,E2,SHALLOW,4,1124,0.9997,2.5448377755569977e-123,3.8133250264138496e-06,-0.0004489932908331,-2.9156933962215525e-05,0.3481,9.598999977111816,0.0170000009238719,0,-18.499669849054985,-0.7100489932908332,0.17447084306603777,0.03870648263725316,0.4336123921568144,0.03260245483743709,0.3589232563972473,True
10,1336359,1336359,0,X1,SHALLOW,1,1494,0.9997,2.8682167602539478e-34,-0.0002217135470274,-0.0010130838236905,-0.0001988771531183,0.42821,9.270999908447264,0.0599999986588954,0,-18.851857559576565,-0.9911130838236906,0.09280112284688169,0.08215626739947891,0.706203425571333,0.07724663633990399,0.5917540192604063,True
10,1336464,1336464,0,S2,SHALLOW,1,707,1.0,1.0,-0.0003033252286215,-0.0013067110727167,-0.000233064806626,0.38732,10.428000450134276,0.0179999992251396,1,-19.35174543803224,1.1541932889272832,0.11956693519337391,0.060751873508696264,0.4677359561208616,0.04674042673954552,0.518765389919281,True
10,1336480,1336480,1,S2,SHALLOW,1,1525,1.0,0.0400598222833784,4.603595190388887e-06,-3.066466536216783e-05,3.115667065034354e-06,0.25604,9.986000061035154,0.0080000003799796,0,-19.295937815108502,-0.33973066466536217,-0.00019688433293496566,0.028650032362269356,0.2013104649566192,0.021009667913811564,0.4962911903858184,True
10,1336662,1336662,1,C2,SHALLOW,0,1507,1.0,1.0,-0.0001105778892842,-9.216366145148314e-05,-6.049187683232482e-05,0.18156,10.23799991607666,0.0099999997764825,1,-19.46131214553788,1.4738078363385485,0.08063950812316767,0.01770052104217271,0.10374161190479907,0.01339365145754386,0.0742131993174551,True
10,1336687,1336687,1,X2,SHALLOW,3,1487,1.0,0.0,-4.069312090138055e-05,-9.04425677313303e-05,-8.430672052250898e-05,0.2338,8.605999946594238,0.0280000008642673,0,-19.221759645868644,0.4882095574322687,0.1067156932794775,0.024003770950673048,0.15692992559272417,0.017735411472898508,0.8283523321151733,True
10,1336693,1336693,0,X2,SHALLOW,1,1149,1.0,1.0,4.059725036142936e-07,0.0002950334594018,1.2695497681250445e-06,0.64795,11.133000373840332,0.0250000003725289,1,-20.108105508418973,-0.43530496654059814,-0.049698730450231876,0.055858228619467536,0.515538001824517,0.06056370319640078,0.8811302185058592,True
10,1336942,1336942,0,C3,DEEP,0,1097,0.9999,0.9999999999999408,-5.278548923470794e-05,-0.0008150942682227,0.0001838687891093,1.02582,10.72700023651123,0.0979999974370002,1,-20.010672816848345,-2.391015094268223,-0.08221613121089066,0.08072927603320558,0.630991016555564,0.16633542861851605,0.995393931865692,True
10,1336975,1336975,1,C1,SHALLOW,2,689,1.0,1.0,0.0001033679036765,-0.0011355453200252,3.212793921245419e-05,0.11048,10.746999740600586,0.0099999997764825,1,-19.63586401407994,-0.9321355453200253,0.023432127939212455,0.02825658452534173,0.112338992180192,0.021120756498469378,0.099719151854515,True
10,1337228,1337228,1,E1,SHALLOW,3,693,0.9998,6.94577292863245e-08,1.673267587065652e-05,-1.3506599595869416e-05,-3.316089926255761e-05,0.57741,9.762999534606932,0.0450000017881393,0,-19.71685106785911,-0.6209135065995959,-0.14703316089926255,0.0706425950514512,0.6196971403271958,0.0737045870156889,0.5639933943748474,True
10,1337267,1337267,0,X1,SHALLOW,1,1101,0.9995,0.0,-0.0001258930103311,8.440491996930533e-05,-0.0001128615333118,0.45318,9.269000053405762,0.0170000009238719,0,-19.439397281955017,-0.9822155950800306,0.06188713846668814,0.09839386816298278,0.8617975504098098,0.08253130605580661,0.9919560551643372,True
10,1337272,1337272,1,X1,SHALLOW,2,728,1.0,1.8792553464639752e-54,-0.0001113470754425,0.000219404092013,-0.0001736968406711,0.50275,8.496999740600588,0.0970000028610228,0,-19.74572423926581,-0.522780595907987,-0.10107369684067113,0.057902985901786524,0.542318590442681,0.05588108431530158,0.8562057018280029,True
10,1337311,1337311,0,X1,SHALLOW,4,256,1.0,1.0,-0.0001839661034317,-8.937591503298259e-05,-0.0001923751847974,0.42131,10.423999786376951,0.0130000002682209,1,-19.625467493218558,0.01691062408496702,-0.04189237518479749,0.061793855953596655,0.48234062998327143,0.052851437736815894,0.7216103672981262,True
10,1337321,1337321,0,X1,SHALLOW,1,683,1.0,1.0,-3.1074073095993526e-05,0.000522056110493,-6.162229427902899e-05,0.56258,11.07900047302246,0.0450000017881393,1,-20.012096845437284,1.235022056110493,-0.06506162229427903,0.060664579970839946,0.670412790196165,0.05794579125398699,0.9723960757255554,True
10,1337649,1337649,1,S1,SHALLOW,1,731,1.0,0.0,-0.0001415010378629,-0.001628520093534,-0.0001719255211664,0.2615,8.755000114440918,0.0299999993294477,0,-19.626063808389027,0.783171479906466,0.02542807447883355,0.024741100091824498,0.1841938946892222,0.017561955561487888,0.262721449136734,True
10,1337687,1337687,1,C1,SHALLOW,4,1475,1.0,1.708460971964534e-186,-3.6210853608054094e-05,-0.0002357980408442,-5.024844776244097e-05,0.32869,8.282999992370605,0.0590000003576277,0,-19.957084634804833,1.0002642019591557,-0.10315024844776244,0.021757897029204828,0.19264958350611472,0.016702903265718685,0.9012647271156312,True
10,1337703,1337703,1,C1,SHALLOW,3,1515,1.0,1.0,-6.539948572026333e-06,9.723776666659134e-05,-2.0228216346222797e-05,0.53225,10.619999885559082,0.0179999992251396,1,-20.03493983039899,-1.1948027622333335,-0.043920228216346224,0.04960551406481234,0.3971353463224043,0.04866790153719893,0.2439698129892349,True
10,1337838,1337838,1,X2,SHALLOW,4,1465,1.0,5.470916198325053e-25,-6.693729991269493e-05,-0.0003842913241318,-9.190823495677096e-05,0.31194,7.9689998626708975,0.1979999989271163,0,-19.74625922140178,1.0516157086758682,-0.03319190823495677,0.021840347850959157,0.22524525994953176,0.016964574422173605,0.8217246532440186,True
10,1337971,1337971,0,E2,SHALLOW,2,678,0.9994,0.9999999999999992,-3.3490222435261785e-05,-8.612032997667995e-05,-6.7819753695186336e-06,0.41066,10.29599952697754,0.0370000004768371,1,-18.81540936369659,-2.5964861203299767,0.02419321802463048,0.08675101638450555,0.6139085020813918,0.08115413021558601,0.556137144565582,True
10,1338128,1338128,1,E1,SHALLOW,1,649,1.0,0.0,-6.1957164994908e-05,-5.993506359069922e-05,-2.9539517543899965e-05,0.31184,8.998000144958496,0.0250000003725289,0,-19.346627220826267,-0.5753599350635907,-0.0032295395175439,0.03376916298171101,0.2834311159050655,0.02510501610319103,0.3996335268020628,True
10,1338170,1338170,101,E1,SHALLOW,4,1476,1.0,1.0,-7.890629233386903e-05,-0.0005907592982721,-0.0001083237231487,0.38676,10.166000366210938,0.0170000009238719,1,-19.450234394431803,-0.37749075929827214,0.03599167627685129,0.053309971356630216,0.4820026096984285,0.04582863240163619,0.2976225912570952,True
10,1338223,1338223,0,E1,SHALLOW,2,1530,0.9999,1.0,2.803439798526597e-06,9.429254764173334e-05,4.293405849354476e-05,0.59952,10.630000114440918,0.0130000002682209,1,-19.928505745945426,-0.19570570745235827,-0.03835706594150645,0.0703217153855095,0.7423178841380271,0.07500047726890305,0.873939573764801,True
10,1338233,1338233,1,X1,SHALLOW,1,713,1.0,1.0,0.0001447982977715,0.0014952951499775,6.170359825553862e-05,0.60148,11.211000442504885,0.0419999994337557,1,-19.677357592308113,-1.2176047048500225,-0.09483829640174446,0.08517851846945772,0.7710989623935413,0.0925193523428279,0.9723631143569946,True
10,1338266,1338266,1,X1,SHALLOW,2,245,1.0,6.300254032598441e-49,6.51931458506283e-06,0.0001894509213041,-4.395214678677706e-05,0.64845,9.194000244140623,0.0549999997019767,0,-19.771445764539713,-0.7668105490786958,-0.11074395214678678,0.049213212908724206,0.611562190106348,0.055064809726788407,0.3923810422420501,True
10,1338278,1338278,1,X1,SHALLOW,2,662,1.0,0.0104133055714072,-6.353859216190472e-05,-0.0001823278054089,3.475659339152032e-06,0.5643,9.895999908447264,0.0450000017881393,0,-19.860231167760446,1.281017672194591,0.018803475659339153,0.04963801063369909,0.6364126329681465,0.052653665247380625,0.9871727228164672,True
10,1338430,1338430,1,S2,SHALLOW,1,298,1.0,1.0,-9.431800684467362e-05,-0.0003614397052388,-7.169714071893207e-05,0.51717,10.980999946594238,0.0299999993294477,1,-20.0392622146299,0.2746385602947612,-0.055871697140718934,0.03948055019778075,0.41820709591926625,0.04018874544424393,0.9513161182403564,True
10,1338471,1338471,1,S2,SHALLOW,2,1088,1.0,1.0,-7.299786734904501e-05,0.0001818543480327,-7.172877857619664e-05,0.53116,10.267000198364258,0.0160000007599592,1,-19.578803788662434,-1.4550181456519673,-0.1380717287785762,0.08699168554960733,0.6762262840843795,0.08324156390215934,0.9450924396514891,True
10,1338485,1338485,0,S2,SHALLOW,4,1118,0.9995,9.774841310836676e-37,3.747718614022233e-05,0.0007711437346575,4.133013566061383e-05,0.58466,9.583999633789062,0.032999999821186,0,-19.64936220242415,1.1889711437346575,0.09614133013566062,0.054293992737409015,0.6486588055173484,0.05700841111946254,0.8866453170776367,True
10,1338675,1338675,1,X3,DEEP,4,1497,1.0,0.0,-9.804943169555712e-05,-0.000673910599534,-7.165627758055904e-05,0.33047,9.319000244140623,0.0149999996647238,0,-19.31862634495289,0.149326089400466,0.04942834372241944,0.02139319160841644,0.18414975735379713,0.016782198611132157,0.9104116559028624,True
10,1338762,1338762,0,C1,SHALLOW,2,718,1.0,2.0386880782533722e-29,-9.640753511419577e-05,-0.0001025172397539,-8.554576676254866e-05,0.42054,9.776000022888184,0.0199999995529651,0,-20.033438910517596,1.352297482760246,-0.11308554576676255,0.039450864667838294,0.3268999399596829,0.03523595730409879,0.965728521347046,True
10,1338849,1338849,0,C1,SHALLOW,2,1125,0.9999,1.0,-2.246852769971497e-05,0.0001735227799133,-6.05714691051893e-05,0.62002,10.833999633789062,0.032999999821186,1,-19.67741044471669,-1.2206264772200868,-0.015360571469105189,0.05695361545050218,0.6811561110759318,0.07096868970902473,0.9725049138069152,True
10,1338959,1338959,0,X2,SHALLOW,2,313,1.0,0.9683546960735884,-0.0002797704787056,-0.0007158096971553,-0.0001310504161977,0.46167,10.026000022888184,0.0140000004321336,1,-19.72092064865764,1.3396841903028447,0.1170689495838022,0.04408998054526702,0.49618411403500323,0.03920461858327739,0.3672842383384704,True
10,1339002,1339002,1,X2,SHALLOW,4,239,1.0,1.0,-5.657466159192381e-05,-0.0002954608916843,-9.075451152383562e-05,0.30251,10.68000030517578,0.0430000014603137,1,-19.098623695119272,-1.3062954608916844,0.11070924548847616,0.03495548124716284,0.3051667025600917,0.028656017748300896,0.8522112369537354,True
10,1339102,1339102,0,X2,SHALLOW,4,1526,0.9999,1.0,-6.658931179615024e-05,-0.0002478194162299,-3.1025696222274773e-05,0.64795,11.130000114440918,0.0199999995529651,1,-19.651772503703274,0.75855218058377,0.027268974303777727,0.06561662041020086,0.9230569300853944,0.07216899510265115,0.3858781456947326,True
10,1339149,1339149,1,X2,SHALLOW,2,289,1.0,5.962532351261991e-35,-0.0001772632487231,-0.0001694652645264,-0.0002265388253801,0.46879,9.779000282287598,0.0179999992251396,0,-19.74343940226685,-0.055269465264526474,-0.0018265388253801973,0.04789884596264489,0.4794313530629031,0.04409712773878169,0.8112272620201109,True
10,1339217,1339217,0,C3,DEEP,1,1114,1.0,0.0,-4.532049905847657e-05,-0.0002640884358476,-2.083694931592772e-05,0.33191,9.878999710083008,0.0010000000474973,0,-18.611214927449986,-0.21136408843584764,0.2957791630506841,0.026138290868873898,0.19743578541550788,0.0208457829515309,0.9801173806190489,True
10,1339220,1339220,0,C3,DEEP,1,265,1.0,1.0,2.631724052903905e-05,-7.331444184940916e-05,-5.9805434510146194e-05,0.59992,10.864999771118164,0.0120000001043081,1,-19.409559227444426,-0.16757331444184942,0.06574019456548985,0.03282634041960567,0.3374940197358473,0.035467439793818445,0.9945557713508606,True
10,1339232,1339232,0,C3,DEEP,1,315,0.9999,1.0,-0.0001269861633019,-0.0010329129728152,0.0003061026438574,0.96859,11.79300022125244,0.0189999993890523,1,-20.40587679498119,0.9243670870271847,0.1005061026438574,0.051976275000554684,0.6838860496068119,0.10593286218624262,0.0748279020190237,True
10,1339392,1339392,1,C2,SHALLOW,1,1069,1.0,1.0,-9.001579531542347e-06,0.0006951464142801,2.4467126435735384e-05,0.18148,10.322999954223633,0.0320000015199184,1,-19.69968820501016,-1.15970485358572,-0.011675532873564265,0.023242220986788645,0.15246184137109053,0.0187243353003148,0.0636579021811485,True
10,1339702,1339702,0,E1,SHALLOW,3,275,0.9999,1.2749966018056132e-58,-4.737702575496883e-05,-0.0002049515804665,-4.7954089912059794e-05,0.25616,9.83899974822998,0.0099999997764825,0,-18.960266396419424,-1.9219049515804665,0.03795204591008794,0.05710578375574561,0.4195739294870626,0.041194423542413976,0.9956294894218444,True
10,1339703,1339703,0,E1,SHALLOW,0,280,0.9997,1.0,-0.0002312886973143,-0.0014271013584787,-0.0001783050350149,0.49272,10.715999603271484,0.0399999991059303,1,-19.976851443453917,-0.5684271013584787,-0.09967830503501496,0.05680602166600911,0.5898535665183263,0.05534219173296027,0.036704123020172,True
10,1339716,1339716,0,E1,SHALLOW,4,1072,1.0,7.774568361069601e-240,4.652120986747832e-05,0.0002601703871678,2.4315421448511957e-05,0.45682,9.33899974822998,0.0199999995529651,0,-19.488045914954817,2.009560170387168,0.1354243154214485,0.08057687496690728,0.8397534819934238,0.060684042050030695,0.5204930305480957,True
10,1339756,1339756,0,E1,SHALLOW,4,233,1.0,1.0,2.0925556889039854e-05,-0.0001322342498805,4.161207668119949e-05,0.27539,11.017999649047852,0.0480000004172325,1,-19.640148106250532,-0.39383223424988056,-0.0555583879233188,0.03331237087318059,0.2831684026587735,0.02696270433035843,0.9861780405044556,True
10,1339875,1339875,0,X1,SHALLOW,0,288,1.0,0.9999999999999966,-0.0003641698620953,-0.002020981727438,-0.0002332819848137,0.45944,10.475000381469728,0.0610000006854534,1,-19.78123744946477,-0.5953209817274381,-0.011033281984813792,0.05773630271618958,0.48626293903430085,0.051473073093449874,0.6853473782539365,True
10,1340141,1340141,0,S1,SHALLOW,3,291,0.9999,0.0166258147316768,-3.684364354938907e-06,0.0002275126139058,-4.884030132258632e-05,0.65405,9.934000015258787,0.0309999994933604,0,-19.77036349413164,0.8866275126139058,0.036351159698677415,0.06481540684606985,0.8934722519509685,0.07119208201984828,0.4405621588230133,True
10,1340460,1340460,0,C1,SHALLOW,1,657,0.9995,1.0,1.4440932613268842e-05,0.0001190841233816,3.932563189129601e-05,0.63779,10.746000289916992,0.0379999987781046,1,-19.692626858575025,-0.8214809158766183,0.0852393256318913,0.06320999450559127,0.7074862387493444,0.0734615780018797,0.8593747019767761,True
10,1340470,1340470,0,X1,SHALLOW,0,1529,1.0,0.6875422726569396,-4.152957640357613e-05,0.0004338805976606,-1.204265940951514e-05,0.58057,10.022000312805176,0.0450000017881393,1,-19.872681746154,1.0541338805976608,-0.009612042659409514,0.07681256249344945,0.7597783228254829,0.06990340140497096,0.1977974027395248,True
10,1340493,1340493,0,C1,SHALLOW,3,246,1.0,1.0,3.9865669414496097e-05,0.0002966514182293,5.034099155659666e-05,0.71719,11.281999588012695,0.0570000000298023,1,-20.10695813152615,-0.7825033485817707,-0.2011496590084434,0.06534521799546485,0.7852291713566143,0.06745208135599183,0.5779831409454343,True
10,1340521,1340521,0,C1,SHALLOW,1,668,1.0,1.0,-1.274574984222454e-06,-0.0001096052499884,-4.480774408970045e-05,0.65356,10.229999542236328,0.0130000002682209,1,-19.938216355982266,1.5644903947500115,-0.0369448077440897,0.06637311511243249,0.7882156583584343,0.05734662072995335,0.9501038789749144,True
10,1340539,1340539,0,C1,SHALLOW,2,1474,1.0,5.828896482860497e-224,-5.5303855756250186e-05,-0.0006560284910527,-0.0001379147383701,0.44766,9.137999534606932,0.0270000007003545,0,-19.566452786013055,0.5429439715089472,-0.0048379147383701415,0.048716819677949594,0.44290225765324176,0.04521677978117475,0.216863915324211,True
10,1340700,1340700,0,X3,DEEP,3,1537,0.9999,1.0,-0.0001174075183314,-0.0012591532676961,-0.0001187470167883,0.3255,10.461000442504885,0.0080000003799796,1,-19.270236544749174,-0.3451591532676961,0.11738125298321167,0.027963957662457465,0.2246034734493636,0.020579985333316946,0.4021210968494414,True
10,1340706,1340706,0,X3,DEEP,4,1127,1.0,0.0,-6.903165388649768e-06,-5.055915993802673e-05,-3.488619104079216e-05,0.29323,9.376999855041504,0.0160000007599592,0,-19.239753087880587,0.10294944084006197,0.061865113808959205,0.026056654365587843,0.21732923212068742,0.01857176854184055,0.9606602191925048,True
10,1340954,1340954,0,C2,SHALLOW,2,709,1.0,1.0,0.0001140357721602,0.0009482679414847,7.58177438768548e-06,0.30517,11.361000061035156,0.0750000029802321,1,-19.461458963921203,-0.9607517320585153,0.03190758177438768,0.029497915986859774,0.24019391960545933,0.022118467889345277,0.2609812319278717,True
10,1341370,1341370,1,E2,SHALLOW,1,1080,1.0,3.443477154897379e-124,-0.0002012483670306,-0.0008857902308989,-0.0001662301184322,0.409,8.697999954223633,0.0549999997019767,0,-19.569526666248994,1.038814209769101,0.022233769881567778,0.0699204383158854,0.6730245791235003,0.04967506928919668,0.5769561529159544,True
10,1341423,1341423,0,E2,SHALLOW,2,290,1.0,1.0,-1.366534118218965e-05,0.0003036018767726,-6.407409648204188e-05,0.5971,10.786999702453612,0.0469999983906745,1,-20.223485901347942,-0.21599639812322735,-0.16616407409648204,0.060040864712089276,0.5664301845065812,0.060414301047156733,0.2285588383674621,True
10,1341426,1341426,0,E2,SHALLOW,4,1462,0.9995,4.348781269071914e-101,5.1352601438736656e-05,0.0003210826491917,1.5524181977283336e-05,0.55321,9.659000396728516,0.0160000007599592,0,-19.71021424807222,0.5892210826491917,-0.006284475818022717,0.06460357816473708,0.7136065823812403,0.06475437493879041,0.2958943545818327,True
10,1341459,1341459,0,X2,SHALLOW,0,299,0.9999,1.0,-0.0001150583110351,0.0006071257185472,-0.0001281301184189,0.52219,11.04599952697754,0.0379999987781046,1,-19.975655137118324,-0.30889287428145273,-0.0008281301184189793,0.05308637167687134,0.6226560926696719,0.05348650499147444,0.437206745147705,True
10,1341502,1341502,0,X2,SHALLOW,3,287,0.9999,0.9999999990133034,-4.5641117512928986e-05,0.0001865840895717,-6.127406158062954e-05,0.51064,10.095999717712402,0.0160000007599592,1,-19.422076634083982,-0.04521341591042827,0.15513872593841938,0.06913394572618414,0.7509501530041784,0.06148229112246405,0.8688779473304749,True
10,1341743,1341743,0,C3,DEEP,4,677,0.9998,1.0,8.298817667906633e-05,0.0004069182975854,4.6268562872639474e-05,0.68422,10.793999671936035,0.0140000004321336,1,-19.94484113707243,-0.42299308170241456,-0.08095373143712736,0.03211868106193293,0.3507626423429195,0.036888321763298905,0.9789577126502989,True
10,1341857,1341857,0,C1,SHALLOW,0,1532,1.0,1.0,-0.0001290910548519,0.000293920868585,-0.0002503759700681,0.50314,10.855999946594238,0.0719999969005584,1,-19.460235953551877,-1.882706079131415,-0.0412503759700682,0.06475498908448155,0.5796595308694147,0.07404532482008606,0.081774242222309,True
10,1341894,1341894,1,X1,SHALLOW,1,1109,1.0,1.086819643792701e-22,-0.0001240895746086,-0.0009853196667909,-8.797461788377647e-05,0.31293,9.854000091552734,0.0149999996647238,0,-19.581766756477023,-0.336285319666791,-0.04758797461788378,0.03144715749986063,0.3487972787143248,0.023699574687869648,0.8558101058006286,True
10,1342647,1342647,0,E2,SHALLOW,1,262,1.0,0.9999999997947528,4.55218373183186e-05,0.0006188290323601,-2.220446749898186e-06,0.51618,10.074999809265137,0.0120000001043081,1,-19.457159389965327,-1.04768117096764,0.1016977795532501,0.08213815132002265,0.7472926324827318,0.07220467312427334,0.7081266641616821,True
10,1342810,1342810,0,X2,SHALLOW,1,264,0.9995,1.0,-0.0009973141856107,-0.0163889781510304,-0.0004354877251676,0.70093,10.968999862670898,0.0590000003576277,1,-19.78828987808768,-1.4548889781510304,-0.2682354877251676,0.08202454665177515,0.8072304271654306,0.09430485847700881,0.6552323102951048,True
10,1342906,1342906,0,C1,SHALLOW,4,1116,1.0,1.0,1.5693815601736105e-05,0.000443895902938,1.3864018753868834e-05,0.49743,10.850000381469728,0.0140000004321336,1,-19.991416557675493,-0.933156104097062,-0.05398613598124613,0.04398369348589416,0.42167230769175135,0.04737686800076854,0.1933313012123107,True
10,1343208,1343208,1,C3,DEEP,3,274,0.9999,1.0,-3.658149189433857e-05,0.0002932056450641,8.260243036663228e-06,0.495,10.557000160217283,0.0230000000447034,1,-19.690424134800825,-0.1489067943549358,0.03650826024303666,0.029811782085709195,0.36245439191847106,0.027027559072701587,0.6150643825531004,True
10,1343401,1343401,1,X1,SHALLOW,0,653,0.9999,1.0,-0.0007394431802296,-0.0123126879666612,-0.0006918780360885,0.38283,10.821999549865724,0.0670000016689299,1,-19.928315955297954,0.9690873120333388,-0.042891878036088515,0.04301029194978373,0.6804932848175032,0.04416661158583753,0.9697935581207277,True
10,1343533,1343533,1,E1,SHALLOW,4,714,0.9991,1.0,-2.934136503895957e-05,-0.0007393988172507,-1.0151822182766224e-05,0.36843,10.730999946594238,0.0390000008046626,1,-19.282480200936334,-0.8444393988172507,0.016989848177817235,0.05281383938199744,0.8093392284430871,0.04352241399129502,0.7990408539772031,True
10,1343759,1343759,1,C3,DEEP,0,726,0.9998,0.0,-6.89300866660858e-05,-0.00011829354376,-5.1381683041903936e-05,0.50617,9.39900016784668,0.0149999996647238,0,-19.962899076164927,0.45738170645624,-0.0581513816830419,0.02912319775648946,0.3751627778939375,0.026773441530644537,0.607278525829315,True
10,1343871,1343871,1,S1,SHALLOW,4,1099,0.9999,4.768832510256576e-25,-3.166242142782494e-05,0.0003558324498127,-0.000348622063562,0.63786,9.013999938964846,0.0960000008344649,0,-20.06916658751217,0.8716558324498127,-0.16914862206356207,0.053890424795516104,0.9060008745047261,0.057238220146489126,0.6504950523376463,True
10,1344347,1344347,0,S2,SHALLOW,0,666,1.0,1.0,5.088382062012897e-05,-0.0003809615027561,4.289651705959019e-05,0.26361,11.241999626159668,0.054000001400709,1,-19.786917521875488,1.702619038497244,-0.05045710348294041,0.025668301036111067,0.3718187736400021,0.020627036022945352,0.8574841022491455,True
10,1344355,1344355,0,S2,SHALLOW,1,1085,0.9999,0.0,8.827297545366264e-05,0.0004983217436446,-7.323014174373532e-06,0.24448,9.168999671936035,0.0189999993890523,0,-19.280886032997785,0.4504983217436447,0.06639267698582563,0.02462547137651332,0.5223027258627938,0.019498389944003852,0.1087740138173103,True
10,1344598,1344598,0,S2,SHALLOW,1,1478,0.9998,1.0,-3.110649421245171e-05,-0.0011399989757552,-0.0002257467596293,0.69609,10.958000183105469,0.0419999994337557,1,-19.928828418405395,-1.2456399989757552,-0.20432574675962933,0.06789485666978541,0.9310014403324695,0.09003257810609745,0.0619790479540823,True
10,1344639,1344639,0,E2,SHALLOW,0,236,1.0,1.0,-1.0905556766971358e-05,-0.0005095269635554,2.0171291454505743e-05,0.36672,10.890999794006348,0.0109999999403953,1,-19.593351434489627,-0.8378095269635555,-0.0545798287085455,0.034420773432933684,0.5571979496597023,0.02746077553451411,0.2650668025016784,True
10,1345458,1345458,0,C3,DEEP,0,266,0.9999,0.0001775567121164,-1.6717592785653324e-06,-0.0002035869550219,-8.763198361926017e-06,0.56872,9.975000381469727,0.0070000002160668,0,-19.602365040395505,-0.015203586955021997,0.014791236801638075,0.031775159893369515,0.4504946046221607,0.036626845531630606,0.9990387558937072,True
10,1345553,1345553,1,X1,SHALLOW,1,1522,1.0,2.812067693766762e-32,-3.946382059538678e-05,-0.001828044011842,-6.148556685947604e-05,0.31794,9.847000122070312,0.0130000002682209,0,-19.8111355314021,0.4917719559881579,-0.12516148556685947,0.025211943929666913,0.4766212053113009,0.01967604728785622,0.3054584264755249,True
10,1346137,1346137,1,C1,SHALLOW,1,260,0.9999,9.866965790732843e-10,-2.366307814583024e-05,-0.0006237241410097,-4.727772262970442e-05,0.36326,9.904000282287598,0.0160000007599592,0,-19.60346237894479,0.8188762758589903,0.032352722277370294,0.02870737671988803,0.4639447971010223,0.024693035959232685,0.951573312282562,True
10,1346139,1346139,0,C1,SHALLOW,2,235,0.9998,1.0,-0.0001194669504052,-0.0003465319158031,-3.576964449001491e-05,0.50323,10.534999847412108,0.0260000005364418,1,-19.540301362146103,1.8261534680841969,0.061264230355509985,0.05179771275078204,0.8197063089582659,0.05736118608252478,0.1685548573732376,True
10,1346149,1346149,0,C1,SHALLOW,2,277,1.0,1.0,-1.01023733769523e-05,0.0006270759124588,-6.106014692205432e-05,0.58434,10.748000144958496,0.0320000015199184,1,-19.73970192768968,0.2892270759124589,0.012738939853077946,0.054735847550182896,0.9318980500194548,0.061414932927875636,0.9342789649963376,True
10,1346627,1346627,0,C3,DEEP,0,706,1.0,1.0,3.351337898749307e-05,0.0001234111514192,2.8824708897978724e-05,0.68193,10.553000450134276,0.0240000002086162,1,-20.02184449081111,-0.5662765888485808,-0.139171175291102,0.027397875162815024,0.4354429963619518,0.032864379135168785,0.9146761298179626,True
10,1346628,1346628,0,C3,DEEP,0,1092,0.9998,1.0,-1.826252957570773e-05,0.0004609107766483,1.819544093795145e-05,0.53191,11.036999702453612,0.0170000009238719,1,-19.457867277109827,-0.6863390892233516,0.08671819544093795,0.04091966065791628,0.795235368080984,0.03932388755822402,0.9441330432891843,True
10,1346758,1346758,0,X3,DEEP,0,1119,0.9997,1.0,-7.625274824718531e-05,0.003230276862883,-6.181231675427001e-05,0.4965,11.371000289916992,0.0379999987781046,1,-19.52700998042521,0.3321302768628831,0.03913818768324573,0.032904709735511704,0.9755445461317354,0.03228614603675003,0.487443208694458,True
10,1346956,1346956,101,C2,SHALLOW,3,283,0.9996,1.8367038196880847e-28,0.0006251426437806,0.0088594955676271,3.2368579553652965e-05,0.33352,6.9079999923706055,0.2809999883174896,0,-19.91147673041843,1.446359495567627,-0.061167631420446344,0.046259226161854176,0.5476612849398587,0.028132019382069454,0.1068364903330801,True
10,1346966,1346966,101,C2,SHALLOW,2,1078,1.0,1.885510912192763e-169,-5.0962904794005226e-05,9.007853388720566e-05,1.197906425803863e-05,0.33513,9.50100040435791,0.0179999992251396,0,-19.93858034499396,0.8037900785338872,-0.08218802093574196,0.027291548890896085,0.360093848771171,0.02057828902154564,0.953436017036438,True
10,1366187,1366187,0,X3,DEEP,3,465,0.9999,1.0,3.686461721130741e-05,-0.0013533607429399,-3.938364902193736e-06,0.4629,10.31700038909912,0.0099999997764825,1,-19.623706730424328,-0.5457533607429399,-0.054503938364902194,0.050679397449685235,0.3913820140244399,0.036412839409476795,0.3761842846870421,True
10,1366195,1366195,101,X3,DEEP,4,837,0.9999,1.0,0.0001175739994891,0.0007896020978552,7.33918097292098e-05,0.55313,10.529000282287598,0.0130000002682209,1,-20.018831777889382,0.29118960209785527,-0.02112660819027079,0.03163035380851038,0.32639719574096665,0.028384904315345943,0.0726338177919386,True
10,1366436,1366436,1,C2,SHALLOW,0,820,1.0,6.89865648504463e-211,6.034790382614119e-05,3.203055543282707e-05,1.7014347031989174e-05,0.23954,7.955999851226807,0.0659999996423721,0,-19.496851618572393,-0.26366796944456716,-0.048782985652968014,0.020462844459539935,0.15183390418959586,0.015871041524583802,0.5364651083946228,True
10,1366475,1366475,1,C2,SHALLOW,1,895,0.9999,0.0,-9.304664175147082e-05,-0.0003297973115575,-8.39893455097801e-05,0.45546,8.833999633789062,0.0230000000447034,0,-19.81670478848729,0.06277020268844247,-0.09698398934550978,0.037575937992751184,0.38147660286105356,0.035806012328085605,0.0220009144395589,True
10,1366482,1366482,1,C3,DEEP,4,1243,1.0,0.0,-1.5182445793016086e-05,-0.0001126357323437,-8.869270129020085e-05,0.32154,9.305999755859377,0.0089999996125698,0,-19.50835936162927,0.8306873642676562,-0.008088692701290201,0.015787066557205492,0.13486563064638568,0.01303799607526518,0.3576533496379851,True
10,1366690,1366690,1,X3,DEEP,1,845,1.0,0.9999384831634428,-7.385254332703539e-05,-0.0005593178582168,-6.717042015312938e-05,0.27119,10.288000106811523,0.0750000029802321,1,-19.130183684088433,-1.6847593178582168,0.02403282957984687,0.021529837995221613,0.19845068048165215,0.018057755864588902,0.9916966557502744,True
10,1367234,1367234,1,X1,SHALLOW,0,881,1.0,0.0,-0.0002436367239404,0.0001472590486268,-4.825570543603303e-05,0.25173,9.37399959564209,0.0140000004321336,0,-19.55450588773226,0.7041472590486269,-0.01574825570543603,0.04633847168426495,0.23979513454145404,0.022594472942664808,0.1426861584186554,True
10,1367408,1367408,0,C1,SHALLOW,4,59,1.0,1.0,-3.759814376280701e-06,-0.0001029960062641,-4.70100212672242e-05,0.54306,10.79800033569336,0.0120000001043081,1,-19.780614404140184,1.174397003993736,-0.050947010021267225,0.04864040353306598,0.6543656829018448,0.050267838155476585,0.2112575471401214,True
10,1367556,1367556,1,X1,SHALLOW,4,1307,1.0,1.4887610096032074e-54,-0.0001171293951287,-0.0002076420198167,-0.0001642228197596,0.45115,9.208999633789062,0.0509999990463256,0,-19.919691697772226,0.36119235798018323,-0.07836422281975963,0.03549680179514357,0.3401389648394601,0.03305352454272305,0.3650849461555481,True
10,1368111,1368111,0,E2,SHALLOW,0,1231,1.0,1.0,1.24063745765568e-05,-0.0005297816306908,1.992050071541324e-05,0.55095,10.652000427246094,0.032999999821186,1,-19.856090385912324,-0.2662297816306909,0.04241992050071541,0.04644197124180884,0.5457190471527111,0.04626766173441524,0.9017743468284604,True
10,1368131,1368131,1,X3,DEEP,0,1245,1.0,1.0,-8.703607890936382e-05,-0.0006581340481708,-2.981854340136647e-05,0.30694,10.92300033569336,0.0109999999403953,1,-19.733706514495644,-0.6704581340481708,-0.07842981854340136,0.02447157229324771,0.17238990416079392,0.017838749170425713,0.9819981455802916,True
10,1368133,1368133,0,X3,DEEP,4,1268,1.0,0.0,-3.76793712142387e-05,-0.0005522147425185,-9.16935441572786e-05,0.27618,9.47599983215332,0.0099999997764825,0,-18.952706669664693,-0.24415221474251858,0.13100830645584272,0.021680074143856774,0.12490710932787127,0.015924656607829664,0.1973378211259841,True
10,1368188,1368188,1,C3,DEEP,2,1249,1.0,1.0,4.03562777862021e-06,-7.305911569333023e-05,2.9484750576067205e-05,0.24003,10.866000175476074,0.0049999998882412,1,-19.42012074762772,-0.5773730591156934,-0.002970515249423933,0.01753760110515741,0.11309579835813745,0.013738359790624707,0.6285605430603027,True
10,1368482,1368482,0,X2,SHALLOW,1,25,1.0,1.0,-0.0002497572973503,-0.0007410406012361,-0.0001803277630855,0.50847,10.892999649047852,0.0610000006854534,1,-19.627999868320583,-0.6873410406012361,-0.05098032776308559,0.06083309918494539,0.916419228761443,0.06399186793707211,0.6110888719558714,True
10,1368530,1368530,0,X1,SHALLOW,2,15,0.9998,6.588846173312213e-06,-8.258444105990748e-05,-0.0011027875967888,-3.2387802365259344e-05,0.34224,9.939000129699709,0.0140000004321336,0,-19.20381179797812,-0.36590278759678885,0.03126761219763474,0.02803976333102101,0.3310068813505552,0.02182600569811523,0.0028240028768777,True
10,1370113,1370113,0,E1,SHALLOW,4,853,0.9995,1.0,8.205234344416112e-06,0.0001093468345997,-2.204279793208141e-05,0.65553,10.854999542236328,0.0149999996647238,1,-19.997539757534824,-0.6516906531654003,-0.08442204279793208,0.06357509272576864,0.8810441598216227,0.0633862801144447,0.9617131948471068,True
10,1370135,1370135,0,E2,SHALLOW,2,1300,0.9998,1.0077617578151851e-151,5.35019811991333e-05,0.0009985601184224,3.671736270685535e-05,0.51615,9.501999855041504,0.0189999993890523,0,-19.52671088983965,0.2122985601184224,0.004836717362706855,0.05490594624251721,0.6847667983579306,0.04993078838517549,0.5243820548057556,True
10,1370247,1370247,0,X1,SHALLOW,0,827,0.9999,1.0,-4.208070501121597e-05,3.749633438715483e-05,-5.791339361141401e-05,0.66882,10.642999649047852,0.0179999992251396,1,-20.071870051963863,0.43623749633438713,-0.14485791339361143,0.053398130771023504,0.6991037592821566,0.05981846026398557,0.9665597677230836,True
10,1370806,1370806,0,C2,SHALLOW,2,1272,0.9999,1.0,5.093001526290664e-06,0.0001013517020078,-2.3331144413385463e-06,0.58895,10.510000228881836,0.0120000001043081,1,-19.619103013413124,-1.098998648297992,-0.12780233311444134,0.0639591803360191,0.6988186875590052,0.07421534761678172,0.9428269863128662,True
10,1370944,1370944,1,E2,SHALLOW,1,450,0.9998,1.0,-0.0001195625752323,-0.0001810333626852,-0.0001060998862752,0.50947,11.003999710083008,0.0170000009238719,1,-19.769730232745488,-0.8634810333626852,-0.06420609988627524,0.05116312351152736,0.45513487246703105,0.0514082545750443,0.9947555661201476,True
10,1371022,1371022,101,E1,SHALLOW,4,452,1.0,0.0,1.3995077289052917e-05,-0.0002297722810999,-2.7614196504885735e-05,0.29082,8.479000091552734,0.0209999997168778,0,-19.620663451470264,1.2884702277189,-0.009027614196504885,0.021570677644894048,0.2022165996169332,0.016243955544020014,0.7274715900421141,True
10,1371046,1371046,1,E2,SHALLOW,3,478,1.0,1.0,7.885483907799085e-05,2.2293623912927885e-05,8.25528926857444e-05,0.07334,10.220999717712402,0.0230000000447034,1,-18.599482787345536,-0.6488777063760871,0.23628255289268574,0.020820685043838272,0.06837622785197657,0.01593745091831654,0.8977801799774168,True
10,1371048,1371048,0,E2,SHALLOW,1,421,0.9999,1.0,-9.498121815809668e-05,-0.0006526805071365,-8.70028431003908e-05,0.34392,10.758999824523926,0.0379999987781046,1,-19.306929278221787,-1.8474526805071365,0.04041299715689961,0.048206294256868475,0.38279030490304966,0.03460746308362303,0.9662116169929504,True
10,1371126,1371126,1,C3,DEEP,1,872,0.9995,1.0,-4.323294473707051e-05,4.976369198206321e-05,1.3621252638054693e-05,0.21601,10.067999839782717,0.006000000052154,1,-19.449350697784165,-1.3133502363080178,-0.09288637874736194,0.029118934775162073,0.1673079396182625,0.0207973688507819,0.9985744953155516,True
10,1373028,1373028,0,X2,SHALLOW,4,849,1.0,1.0,7.605345384575912e-06,-0.0004821315011844,6.085790589510642e-05,0.25517,11.125,0.0230000000447034,1,-19.73839586393018,-1.8933821315011845,-0.12043914209410489,0.02930920757473325,0.3059871748945282,0.02481413625367457,0.9998769164085388,True
10,1373040,1373040,0,X3,DEEP,3,866,1.0,1.0,-0.0001115568296938,-0.0005631159540297,-4.597816756376702e-05,0.26162,10.817999839782717,0.0109999999403953,1,-19.51024289954627,0.22073688404597025,0.022854021832436233,0.0212059671552175,0.16023465939153253,0.016767945394170574,0.9999395012855528,True
10,1373042,1373042,0,X3,DEEP,2,433,1.0,1.0,-5.812067581700831e-05,-0.0003263858032918,2.451318071981096e-05,0.2372,10.741999626159668,0.006000000052154,1,-19.186198857089725,-1.8629263858032918,-0.02297548681928019,0.024880629357634253,0.19606875329122403,0.019722863557658638,0.9976683259010312,True
10,1375087,1375087,0,C3,DEEP,2,1297,0.9995,1.8989704559739632e-08,-2.3223563122343197e-05,4.875329338135948e-05,-0.0003584889943538,0.62952,9.967000007629393,0.006000000052154,0,-19.764635361866326,0.07994875329338136,-0.09025848899435385,0.030300554740912,0.3404697176039784,0.03359964256171721,0.4429889917373657,True
10,1380167,1380167,0,C3,DEEP,3,22,1.0,0.0990407939112023,-3.864844868317618e-05,1.7840195034590778e-05,4.866093843758357e-06,0.75331,9.861000061035154,0.1080000028014183,0,-20.151856191117574,0.3691178401950346,-0.07559513390615624,0.03003852424967671,0.359821647554511,0.029519272731305182,0.9494450092315672,True
10,1385052,1385052,0,X3,DEEP,2,71,0.9999,1.0,0.0001164245984703,0.0003231318702042,0.0001270198317497,0.80106,10.98799991607666,0.0260000005364418,1,-19.84269848836601,0.45312313187020425,-0.009672980168250245,0.04547974155563043,0.5370137936516864,0.045506330906449254,0.6966673135757446,True
10,1386047,1386047,1,X3,DEEP,2,1280,1.0,1.0,-0.0001344953965158,1.273306746574221e-05,-4.239250006952966e-05,0.49181,10.486000061035156,0.0289999991655349,1,-19.432133623721278,-0.6670872669325343,0.03915760749993047,0.033903648019424686,0.28076127428943254,0.03047316296641601,0.5647360682487486,True
10,1387101,1387101,1,S2,SHALLOW,2,61,1.0,0.0071909177707057,-0.0001084075579136,0.0001035078659005,-0.0001688847049836,0.48092,9.392999649047853,0.2479999959468841,0,-19.907126932522267,0.4952035078659005,-0.030368884704983667,0.04475815169454177,0.44793452560487135,0.038399499155520635,0.935263216495514,True
10,1389074,1389074,1,S1,SHALLOW,3,825,1.0,3.129706739216139e-78,-0.0001678910284894,-0.0003832683645815,-8.219904811355462e-05,0.50285,9.701000213623049,0.0160000007599592,0,-19.756068274582177,0.6113167316354184,0.008817800951886445,0.06466827281992753,0.552831507555628,0.05238822932098185,0.5886148810386655,True
10,1389177,1389177,0,C2,SHALLOW,3,446,1.0,1.0,-0.000121021562883,-0.0001548799259399,-0.0001356955047384,0.44895,10.857000350952148,0.0469999983906745,1,-19.40764040858577,-0.44695487992593996,0.027664304495261582,0.0645593997720202,0.568010137930238,0.054574807574339565,0.8059692978858946,True
10,1389210,1389210,0,C2,SHALLOW,2,1305,0.9995,0.5721321216239361,-1.0377723022259032e-05,7.23024423403551e-05,-8.122936033206837e-06,0.54865,10.001999855041504,0.0109999999403953,1,-19.668852068228937,-0.8023276975576596,0.010691877063966793,0.058498539654868544,0.5272566240753417,0.055169710593441286,0.6564035415649414,True
10,1390173,1390173,0,C1,SHALLOW,3,429,0.9997,1.4843772014646843e-09,1.6158262916121657e-05,0.0007579955562486,2.1547525455092864e-05,0.65875,9.91100025177002,0.0149999996647238,0,-19.716229554249452,0.3595579955562487,-0.03687845247454491,0.06944427167144845,0.8167757284800057,0.06673027802643239,0.910568118095398,True
10,1390343,1390343,0,X3,DEEP,3,64,0.9999,0.9756151521988534,0.0001513272203936,-3.725416259114933e-05,0.0011326801648352,0.89117,10.06700038909912,0.0340000018477438,1,-20.26817368875286,-0.5035372541625911,-0.26476731983516477,0.04199102214254769,0.4961225917433469,0.09292504631420712,0.3976460099220274,True
10,1392367,1392367,0,S1,SHALLOW,1,418,0.9997,1.0,0.000104735300912,0.0008619488868537,0.0001774743650302,0.59349,10.33199977874756,0.0209999997168778,1,-19.49287525922897,-0.5459380511131462,-0.056422525634969745,0.12118744665878088,0.971113589376032,0.10895662586198367,0.9395460486412048,True
10,1392400,1392400,1,C1,SHALLOW,3,72,1.0,0.0,-5.385959637393967e-05,-0.0002786422459752,-5.193046253694489e-05,0.45205,9.083000183105469,0.0230000000447034,0,-19.78409984324898,-0.24647864224597527,-0.09165193046253695,0.04098788526022313,0.3961671025343793,0.03991027703230296,0.9056090116500854,True
10,1403033,1403033,0,E2,SHALLOW,2,1261,1.0,1.0,0.0017790774168737,0.0468222353904754,0.0017137120813135,0.47435,10.628999710083008,0.006000000052154,1,-19.128162939441346,-1.0140777646095245,0.07851371208131352,0.06019285848351608,0.5524543707803491,0.05843197141432942,0.1326568871736525,True
10,1408024,1408024,1,E2,SHALLOW,4,844,1.0,1.0,-2.510069771233248e-05,-0.000181408036641,-5.966071532634287e-05,0.40228,10.862000465393066,0.0130000002682209,1,-19.541133248597887,0.3583185919633589,0.13374033928467366,0.031175727266927855,0.2774629829718441,0.029326963846234472,0.2183035165071486,True
10,1408068,1408068,0,X3,DEEP,4,18,0.9996,1.0,-0.0003901849453953,-3.031501128236691e-05,-0.0007359410498616,0.42713,10.937999725341797,0.0070000002160668,1,-19.125870652402142,0.13096968498871764,0.17766405895013837,0.044116238504364275,0.3931972713955637,0.04807270317575714,0.921490967273712,True
10,1411114,1411114,0,C3,DEEP,1,870,0.9997,0.9505284967269416,3.730390472611589e-05,0.0002525330209016,2.1895003594635948e-06,0.83706,10.065999984741213,0.0399999991059303,1,-19.827814744993802,0.052152533020901615,0.014102189500359463,0.0410253816009426,0.484964701550881,0.050057777893259416,0.6422278881072998,True
10,1430116,1430116,0,C3,DEEP,0,1234,0.9999,1.0,-4.344601829942008e-05,1.0369083223160658e-06,0.0003838139996295,1.02144,11.253999710083008,0.0189999993890523,1,-20.222663072073665,0.4415010369083223,-0.038416186000370445,0.07352285491056203,0.6978158815497513,0.12187908905703691,0.1263763308525084,True
10,1430255,1430255,0,X2,SHALLOW,0,473,1.0,0.9999920797441912,4.633794192798746e-05,0.0003089078739026,-6.312015716850028e-05,0.65806,10.258999824523926,0.0599999986588954,1,-20.090223699112787,-1.2273910921260973,-0.0995631201571685,0.05942052493259757,0.7009916919212196,0.06881837370266757,0.5425764918327332,True
10,1431064,1431064,0,E1,SHALLOW,0,435,1.0,1.895614656031549e-95,-5.266096441403079e-05,-0.0002796522705448,-3.132567663697433e-05,0.39494,9.52400016784668,0.0230000000447034,0,-19.484686455405267,-0.5925796522705449,-0.039531325676636975,0.04717093147741042,0.34821530189596367,0.042802472765445396,0.9728540182113647,True
10,1431096,1431096,1,E2,SHALLOW,3,50,1.0,1.9545673285699595e-263,-3.2735390089300154e-05,0.0001652147375498,-5.103645969936621e-06,0.4768,9.098999977111816,0.0260000005364418,0,-19.57819375666279,-0.6078347852624502,0.014994896354030063,0.038996183429247655,0.41145968019707224,0.040810487809606034,0.9267024397850036,True
10,1431108,1431108,0,C3,DEEP,0,875,0.9999,1.0,4.076921297979652e-05,6.623071187872309e-05,3.492168919340746e-05,0.61052,10.796999931335447,0.0080000003799796,1,-19.967751901298875,0.8440662307118787,-0.005165078310806592,0.03734154767826586,0.3005382584402426,0.03221002115933199,0.9420021176338196,True
10,1431163,1431163,0,S2,SHALLOW,2,1301,1.0,1.0,-0.0001424850146314,-0.0015038458129562,-7.604774918599372e-05,0.36711,10.741999626159668,0.0260000005364418,1,-19.7084578319676,-0.00030384581295628266,-0.025476047749185993,0.026514943724299345,0.32435033715756234,0.021749651670657077,0.4383106827735899,True
10,1432027,1432027,1,C1,SHALLOW,2,838,1.0,1.0,-4.591887077509682e-05,-0.0003129005545684,3.599734720211023e-05,0.35039,10.892000198364258,0.0320000015199184,1,-19.301201608436195,-0.16661290055456845,0.13553599734720212,0.03205050297763903,0.2725099145988702,0.02377797017728792,0.9999300837516784,True
10,1432078,1432078,0,E1,SHALLOW,2,1292,0.9998,1.0,0.0001406568560788,0.0039216212711665,3.2171276304782115e-05,0.54471,10.574999809265137,0.0149999996647238,1,-19.449050197743176,2.6264216212711666,-0.06296782872369522,0.05492480831369269,0.8524919545108106,0.0628159597055467,0.7998688220977783,True
10,1433108,1433108,0,E2,SHALLOW,1,1296,0.9996,1.0,5.421655442816586e-05,-2.196666144005377e-05,2.476543286018817e-05,0.68283,11.043999671936035,0.0160000007599592,1,-19.793271185192282,0.32467803333855993,-0.09837523456713981,0.0680200037198181,0.791020271462852,0.06907890081870825,0.4922792017459868,True
10,1433226,1433226,0,X1,SHALLOW,2,466,0.9999,1.0,-2.032804263762955e-05,0.0005907996295586,-0.0001919480625855,0.59618,11.038000106811523,0.0359999984502792,1,-19.891524990266966,-1.9442092003704414,-0.24639194806258558,0.06478494530587856,0.6886049363741151,0.09265144833748463,0.6800727844238281,True
10,1434203,1434203,0,X1,SHALLOW,1,843,1.0,3.1604626319247195e-113,-1.0902624758557522e-05,-0.0005054603825853,-4.900363758387344e-05,0.37567,9.458000183105469,0.0240000002086162,0,-19.676511078060614,0.9634945396174146,0.039350996362416124,0.02881900486616573,0.2596142189430781,0.020427946550402,0.4192309975624083,True
10,1434248,1434248,1,X3,DEEP,4,861,0.9999,1.0,-1.4858763041303291e-05,-0.0002914518810291,7.176719417332361e-06,0.23734,11.090999603271484,0.0240000002086162,1,-19.3667999059037,-0.7880914518810291,0.022907176719417333,0.021750883454548026,0.11558021196949884,0.016164737529325922,0.9819419384002684,True
10,1434258,1434258,0,C3,DEEP,0,70,1.0,2.144287601629583e-20,-4.1417997177717325e-05,-0.0004195560427837,8.152164648351362e-06,0.66195,9.33899974822998,0.0719999969005584,0,-19.754919545909274,1.0755804439572163,0.021008152164648353,0.047156875802937905,0.41017311056766076,0.040856068001492274,0.3789104521274566,True
10,1434262,1434262,0,X3,DEEP,4,1269,1.0,1.0,4.938542146248892e-05,-0.0002347663301354,-2.0110880448204197e-05,0.78964,11.163999557495115,0.0109999999403953,1,-20.306860302507765,0.4914652336698646,-0.1741201108804482,0.03278629608994301,0.3752361872277183,0.032745013860819086,0.837989270687103,True
10,1435067,1435067,1,E2,SHALLOW,4,6,1.0,1.0,-9.603316962980556e-05,-0.0005573548814172,-9.347540533101092e-05,0.39136,10.699000358581545,0.0170000009238719,1,-19.448533620296423,-1.4540573548814173,0.024206524594668988,0.038085571834247704,0.3785220334413556,0.039189871546091874,0.4276303648948668,True
10,1435094,1435094,0,C3,DEEP,4,484,0.9998,1.0,-8.17224607061462e-05,-6.124043679223146e-05,0.00030004267989,1.017,11.33899974822998,0.0299999993294477,1,-20.355168866859607,-0.19046124043679225,0.06270004267989004,0.055033004092500795,0.5661828911498296,0.10641183345710735,0.7359809875488281,True
10,1439028,1439028,0,X3,DEEP,4,826,1.0,1.0,-1.7609479428415398e-05,-0.0001285625598714,9.195141225591674e-05,0.55424,10.361000061035156,0.0359999984502792,1,-19.67667033127756,-0.23842856255987144,0.06269195141225592,0.033911974322396475,0.2963061212445867,0.032976466615626115,0.2840508222579956,True
10,1440057,1440057,1,X1,SHALLOW,4,847,1.0,6.702953359582655e-51,-4.5117340420119945e-05,8.823324410311972e-05,-1.401380677776981e-05,0.51228,9.62600040435791,0.0250000003725289,0,-19.676936257153038,-0.5392117667558969,-0.01331401380677777,0.04780895335018267,0.3646939863096993,0.04477313829226962,0.5478434562683105,True
10,1442085,1442085,0,S2,SHALLOW,1,48,0.9997,1.0,-0.0020478893809219,0.0410846549179801,-0.0006487432376873,0.63355,10.529000282287598,0.0350000001490115,1,-19.63013569355521,-1.4356153450820197,0.0033512567623126266,0.08922516555508339,0.8636333255863611,0.09576924594592802,0.1161697134375572,True
10,1443078,1443078,0,S2,SHALLOW,3,0,0.9997,1.0,8.011917436689941e-05,0.0009022540364212,4.641204314698166e-05,0.61096,10.564000129699709,0.0500000007450579,1,-19.50182432139932,0.39950225403642126,0.03784641204314698,0.09184212630553619,0.863040476542183,0.08404774589602555,0.963400661945343,True
10,1444028,1444028,0,E2,SHALLOW,0,437,1.0,2.4329199438864793e-30,6.30048134908634e-06,-0.0001168120538541,-6.214261729494894e-05,0.55372,8.793000221252441,0.1059999987483024,0,-19.687586589283647,-0.30061681205385415,-0.02756214261729495,0.045362838066963826,0.46996431404290107,0.05035820231647119,0.3133441805839538,True
10,1448122,1448122,0,C3,DEEP,0,892,0.9999,3.168375887458635e-10,3.7908138068587513e-06,0.0001039934012739,-7.547404155299614e-06,0.57688,9.592000007629393,0.0659999996423721,0,-19.69641130647876,0.13060399340127393,-0.0193075474041553,0.04022258102679506,0.27834287871106833,0.03615417098415894,0.9156428575515748,True
10,1449074,1449074,0,C1,SHALLOW,3,413,1.0,1.0,-6.0819957248270384e-06,1.6788137094464473e-05,-5.4272763429119575e-05,0.33186,10.578000068664553,0.0140000004321336,1,-19.684269274014333,-0.12068321186290554,-0.06915427276342911,0.03513036555478739,0.2658782044147832,0.022814701368645177,0.9264255166053772,True
10,1449102,1449102,0,C3,DEEP,2,431,0.9998,0.9192424315837572,7.809760275279132e-05,0.0004020176046278,0.0001940986332065,0.6983,10.013999938964844,0.0099999997764825,1,-19.284861197372965,-0.35119798239537214,0.15729409863320654,0.06319971036453106,0.5440408196286515,0.06341338288920702,0.7490514516830444,True
10,1449115,1449115,0,C3,DEEP,1,874,0.9998,3.21245322095379e-06,6.555819776821181e-05,4.127062254966063e-05,0.0002519614790987,0.86674,9.621000289916992,0.0839999988675116,0,-20.140648495977473,1.8902412706225498,-0.08014803852090124,0.052414665792230614,0.5339198493764038,0.0924941639835689,0.9955536127090454,True
10,1450026,1450026,0,S1,SHALLOW,0,54,1.0,0.999999999990034,-0.0001859244133548,-0.0027229492497389,-8.537507853851461e-05,0.35831,10.616999626159668,0.0920000001788139,1,-19.49740656766314,-0.24422294924973897,-0.058985375078538516,0.03224722142708463,0.31229244761355507,0.023949148739627266,0.2584168314933775,True
10,1450127,1450127,0,X3,DEEP,0,462,0.9999,1.0,3.611972872619162e-05,0.0006855997474568,5.445942848615257e-05,0.60009,10.904999732971191,0.0340000018477438,1,-19.625244704168374,-1.022414400252543,-0.026245540571513848,0.05127999777990189,0.38735837401104584,0.05147381023388134,0.9721740484237668,True
10,1450148,1450148,0,E1,SHALLOW,3,862,1.0,1.1448482494298331e-86,-4.9223725937963536e-05,-0.0001171162565605,-4.053680965879214e-05,0.44736,9.350000381469727,0.032999999821186,0,-19.73626582744779,0.27018288374343946,-0.04014053680965879,0.049291941833011006,0.39037053351704026,0.04282730295224241,0.7086326479911804,True
10,1466032,1466032,0,E2,SHALLOW,4,821,1.0,1.0,-9.107644912020874e-05,0.0001179040915946,-1.1751032178181076e-05,0.57606,10.880000114440918,0.0209999997168778,1,-19.964735529323928,-0.10268209590840538,-0.07281175103217818,0.059179444450993955,0.541056243137185,0.05832598289091841,0.0673030465841293,True
10,1469040,1469040,0,S1,SHALLOW,0,833,1.0,1.0,-6.905013331603982e-05,-0.0015425398836872,-8.618016494421621e-05,0.3267,10.510000228881836,0.0160000007599592,1,-19.509129680278036,0.2650574601163127,0.023113819835055782,0.02735462958449813,0.2748620097362278,0.021330836771316086,0.8404432535171507,True
10,1470063,1470063,0,C1,SHALLOW,3,5,1.0,1.0,-1.6005454277490117e-05,0.0001070263964485,-0.0003502868436686,0.53547,10.43000030517578,0.0469999983906745,1,-19.664831804616735,0.25730702639644853,-0.11515028684366868,0.07624775416648415,0.7440480942252071,0.10448271503983377,0.3400661349296569,True
10,1472020,1472020,0,C1,SHALLOW,0,434,1.0,0.0,-0.0001197300489437,-0.0006661180697807,-4.3891182090236014e-05,0.53112,9.215999603271484,0.0179999992251396,0,-19.883750707673983,0.47163388193021927,-0.06774389118209023,0.06257808109902262,0.5213295935786326,0.06323774636395947,0.6454597115516661,True
10,1473027,1473027,0,C2,SHALLOW,2,836,1.0,1.0,-6.888192153198247e-05,-0.0002822722907225,-4.012043973697366e-06,0.50566,10.609000205993652,0.0260000005364418,1,-19.85704516334465,-0.3181822722907226,-0.0626040120439737,0.06638221046865855,0.46095935290263657,0.05512144030411039,0.0361694805324076,True
10,1474020,1474020,0,C3,DEEP,2,863,1.0,4.816811818711912e-101,4.198089068907507e-05,2.670487888254205e-05,8.529461541247063e-05,0.54148,9.446000099182129,0.0260000005364418,0,-19.435160201930756,-0.014873295121117458,0.09828529461541247,0.043053145767866965,0.2973188856922145,0.038689124019270035,0.8325859308242796,True
10,1480038,1480038,1,X2,SHALLOW,0,448,1.0,1.0,-4.41219234090795e-05,-0.0006541587932322,-6.71166926143052e-06,0.33423,10.458999633789062,0.0130000002682209,1,-19.70397882625117,0.8013458412067678,-0.01650671166926143,0.02927812347906565,0.24264427515447567,0.02016962089397629,0.9200252294540404,True
10,1484053,1484053,0,E2,SHALLOW,2,1293,0.9999,1.0,-5.555950962232714e-05,3.7267953012509736e-06,-4.529667546682159e-05,0.46322,10.359999656677246,0.0399999991059303,1,-19.865911208410125,0.6713037267953013,0.04935470332453318,0.04033314699210942,0.37503840191844096,0.037514841727326456,0.9260969161987304,True
10,1488029,1488029,1,E2,SHALLOW,3,1248,1.0,0.0,-4.438549125751479e-05,6.026278121706863e-05,-8.832293023589011e-05,0.47833,9.609999656677246,0.003000000026077,0,-20.07469451505485,0.584160262781217,-0.06538832293023589,0.03654517889534163,0.3471361954477575,0.03656186565971758,0.9476466178894044,True
10,1488098,1488098,0,X3,DEEP,3,74,1.0,1.0,3.286980308558896e-05,-0.0001236262034755,-1.8000892376690558e-06,0.75076,10.937999725341797,0.0020000000949949,1,-20.133267274139207,-0.2915236262034755,-0.16540180008923766,0.043342368816162706,0.3682414956262089,0.043468038242105586,0.1813213527202605,True
10,1490034,1490034,0,C1,SHALLOW,2,873,0.9999,0.0,-7.71800490753094e-05,-0.0004851482723977,-4.723043728116494e-05,0.53002,8.947999954223633,0.0240000002086162,0,-19.583831954079056,1.2139148517276022,-0.036347230437281164,0.046622272792262935,0.5100311403179766,0.05098976604967491,0.6558266282081604,True
10,1495047,1495047,0,C3,DEEP,2,823,1.0,0.9976969719184589,-0.0001138724760139,-9.589910797813685e-05,-8.438117590942734e-05,0.41097,10.034000396728516,0.0120000001043081,1,-19.650912969495543,-0.28939589910797814,-0.042884381175909425,0.03199933864804675,0.20106190375575939,0.02694965878429257,0.8119183778762817,True
10,1500031,1500031,1,E2,SHALLOW,0,846,1.0,0.0,-5.157718493009611e-05,-0.0001537687788631,-1.426113571963844e-05,0.36606,9.246000289916992,0.0189999993890523,0,-19.50733238033547,0.2339462312211369,-0.02451426113571964,0.024801092327422457,0.2207899737486234,0.01918487166983463,0.9754603505134583,True
10,1500076,1500076,0,X1,SHALLOW,2,430,1.0,1.0,-7.052084673375703e-05,0.0005474097511167,-0.0001319818872216,0.59892,10.579999923706056,0.0419999994337557,1,-20.150653524698253,0.6350474097511167,-0.2595319818872217,0.05712781452470045,0.6103557561969727,0.0665832394464486,0.9893870949745178,True
10,1500086,1500086,0,X1,SHALLOW,0,831,0.9999,1.0,-2.019490806048907e-05,0.0006656821670518,4.7038095329438034e-05,0.64129,11.35099983215332,0.0590000003576277,1,-20.043144257693083,-1.8432343178329482,-0.12865296190467057,0.06328366739405504,0.5537146621934207,0.07362544991559704,0.0771771073341368,True
10,1501097,1501097,0,X1,SHALLOW,4,1255,1.0,0.9999790522233176,-0.0001314894164963,0.0003356178080071,-0.0001447241572549,0.43587,10.253999710083008,0.0619999989867209,1,-19.895919312566548,2.313635617808007,0.0038552758427450318,0.04973887467661462,0.4457834164785228,0.04037378939004596,0.7999328970909118,True
10,1501131,1501131,0,X3,DEEP,3,447,1.0,2.6831178754223884e-13,0.0002403241250199,9.985187226058124e-05,0.0010448578845941,0.85239,9.631999969482418,0.0509999990463256,0,-19.944484529908244,1.2918998518722606,-0.22735514211540586,0.05845716340456671,0.6243355656097473,0.12304033006560487,0.8602235913276672,True
10,1502029,1502029,0,X2,SHALLOW,1,487,1.0,0.999999999995069,-0.0001469824574584,-0.0001432939629923,-6.595167846139283e-05,0.51797,10.31999969482422,0.0469999983906745,1,-20.011072383283118,0.1813567060370076,-0.0984659516784614,0.048237868221390395,0.4851289667096701,0.04803435916068696,0.9535306692123412,True
10,1502065,1502065,1,S1,SHALLOW,3,481,1.0,0.0,-9.837219138830731e-05,0.0001570842450351,-0.0001118730995853,0.27316,9.289999961853027,0.0170000009238719,0,-19.665529567937973,1.0075570842450352,-0.0240118730995853,0.023921286817336282,0.17773268417601668,0.01670700119241265,0.724251389503479,True
10,1502132,1502132,0,X3,DEEP,3,880,0.9996,0.0,0.0001181852809111,0.0006694929737335,5.448443565508887e-06,0.80181,9.395000457763672,0.0160000007599592,0,-19.81294421743089,0.8305694929737335,0.017405448443565508,0.05250346612060159,0.607087225470607,0.05617631688702161,0.3372871875762938,True
10,1503024,1503024,1,X2,SHALLOW,3,422,0.9999,1.0,0.0001215350218082,-0.0001788013000507,3.217244056666346e-05,0.27694,11.357000350952148,0.0099999997764825,1,-19.275940505378077,-2.053878801300051,-0.08586782755943334,0.05329570865551552,0.27843138681046636,0.03700738241913065,0.9945308566093444,True
10,1504096,1504096,0,X1,SHALLOW,4,1303,0.9999,1.0,-4.131970858267664e-05,-0.0001238769839257,-0.0001092678209933,0.50582,11.01099967956543,0.0359999984502792,1,-19.392830561365635,-2.2526238769839257,0.007990732179006699,0.07910634087564246,0.6865872761046983,0.08924236500065187,0.8269832134246826,True
10,1504139,1504139,0,C3,DEEP,2,7,0.9999,1.0,-2.765144580862966e-05,3.732044092852327e-05,-2.097926799921046e-06,0.55644,10.866999626159668,0.0149999996647238,1,-20.109587307826907,0.7398373204409285,-0.08800209792679992,0.024672681860043,0.19647862161930685,0.023491059584628625,0.8575583696365356,True
10,1512067,1512067,0,C2,SHALLOW,1,461,1.0,1.0,-1.5132937594586338e-05,-4.147771563678404e-05,-1.3117144680314594e-05,0.45394,10.70199966430664,0.0109999999403953,1,-19.315399764125544,-2.0109414777156367,0.004886882855319685,0.0916656372947954,0.5228844808897863,0.08132859407599828,0.6589458584785461,True
10,1512101,1512101,101,X2,SHALLOW,0,412,0.9997,1.0,1.975902453921208e-05,0.0013172473862533,-0.0001396770211073,0.56872,10.128000259399414,0.0130000002682209,1,-20.112084323690887,-0.07998275261374665,-0.1825396770211074,0.048094136499276095,0.4798308975837038,0.05050958911111261,0.2986016571521759,True
10,1516019,1516019,1,E2,SHALLOW,4,1242,1.0,2.241640893667104e-46,-0.0002591406062073,-0.0013714068635903,-0.0001326721621444,0.42436,9.145000457763672,0.0599999986588954,0,-19.429613196990704,-1.1744714068635904,-0.0719326721621445,0.05935735297808844,0.3514076239153656,0.05270936404928064,0.7197632789611816,True
10,1519027,1519027,0,X2,SHALLOW,3,420,0.9999,1.0,-0.0001472492132315,-0.0003922494808199,-5.320950913098588e-05,0.51404,10.89900016784668,0.0130000002682209,1,-19.177966601772937,-1.05989224948082,0.13874679049086902,0.0979608725476151,0.8766834297784326,0.09429226352251745,0.747804045677185,True
10,1519038,1519038,0,C1,SHALLOW,2,33,1.0,1.0,0.0001236796982482,0.0003761735898878,-6.505050177055272e-05,0.11948,10.94200038909912,0.0130000002682209,1,-19.446600707169626,-0.4247238264101121,0.14743494949822944,0.031417101354160315,0.15905768043791038,0.02293435090855206,0.0012992133852094,True
10,1528034,1528034,0,S2,SHALLOW,2,1285,0.9993,1.0,-0.0001143615871974,-0.0005196304729448,4.564267974036321e-05,0.6389,10.524999618530272,0.0480000004172325,1,-19.81023051995387,-1.318619630472945,-0.013854357320259636,0.07670904066001875,0.6917993852224946,0.09088181365905465,0.5142342448234558,True
10,1531033,1531033,0,E2,SHALLOW,0,1265,0.9998,1.0,6.20981039745061e-06,0.0001473437237109,1.4822122119825807e-05,0.60888,10.862000465393066,0.0170000009238719,1,-19.434022004228886,-1.093252656276289,0.06721482212211982,0.078211096716497,0.7233542405851935,0.08876271808729565,0.9948635697364808,True
10,1531078,1531078,0,X2,SHALLOW,0,1229,0.9998,0.9999999999999628,3.894021947203896e-05,1.9811312459872e-05,-1.585770090355154e-05,0.67713,10.187000274658203,0.0250000003725289,1,-19.912402568395464,1.46151981131246,-0.06421585770090354,0.07609245970134731,0.8426774109955149,0.06665941034681479,0.3616807758808136,True
10,1531089,1531089,1,E2,SHALLOW,4,1259,1.0,1.0,1.6560255872377638e-05,-7.996260599907323e-05,-5.231161864696805e-05,0.29149,10.14900016784668,0.0040000001899898,1,-19.555916603983004,-0.927979962605999,-0.008852311618646969,0.026877624849754374,0.19061560882079448,0.020379526808895675,0.8613337874412536,True
10,1531108,1531108,1,X1,SHALLOW,2,53,1.0,4.776215943985633e-108,-8.45325157818877e-05,-0.000780068984653,-3.36643708393064e-05,0.34387,8.677000045776367,0.0599999986588954,0,-19.30848071196349,0.20221993101534697,0.05756633562916069,0.031620691417526915,0.2665180678907314,0.02312576681785049,0.3030346930027008,True
10,1531112,1531112,1,X1,SHALLOW,0,842,1.0,4.155416301505449e-92,-0.000128381448615,-0.0008526758584709,-7.609404734785358e-05,0.3347,9.430999755859377,0.0280000008642673,0,-19.5334599651451,-0.5285526758584709,-0.05067609404734785,0.02616068891744933,0.23629940887175152,0.02012563419011607,0.6517791152000427,True
10,1531113,1531113,0,X1,SHALLOW,2,1264,1.0,6.072160609959466e-06,-0.0002118730411062,-0.0003508007392581,-0.0001893443850002,0.45694,9.93000030517578,0.0160000007599592,0,-19.367161869058975,-0.9808508007392582,-0.03658934438500028,0.07187477821981753,0.5565263747714475,0.06577903274200095,0.9359645247459412,True
10,1531145,1531145,0,X3,DEEP,1,483,1.0,3.9942827801212727e-28,-0.0003168205389734,-7.827852418662573e-05,-0.0007801737940657,0.45675,9.836000442504883,0.0149999996647238,0,-19.060406278131964,-0.7502782785241866,0.0959198262059342,0.043352409699981644,0.33196752744033375,0.05012134041177924,0.754726231098175,True
10,1532057,1532057,0,E2,SHALLOW,2,897,1.0,0.9999999999891758,1.2930205397054806e-05,0.0001077288619833,-2.864740285743461e-05,0.50397,10.241000175476074,0.0359999984502792,1,-19.641964020868265,0.11850772886198335,0.054171352597142564,0.04675026528882399,0.4308065390053112,0.04123533029732044,0.929419696331024,True
10,1533035,1533035,0,X1,SHALLOW,2,63,0.9998,1.0,-0.0001383894268869,0.000233255461375,-6.70706058223669e-05,0.58117,10.800000190734863,0.0179999992251396,1,-19.735245071298202,-0.8079667445386249,-0.11266707060582237,0.06831380800168879,0.6608277478178083,0.08070190358171161,0.1923523396253585,True
10,1534078,1534078,0,X3,DEEP,2,21,1.0,7.67713415529153e-88,6.21949515213771e-05,0.0004457310070502,-1.451004295522848e-05,0.61224,9.762000083923342,0.0120000001043081,0,-19.705385217318636,-0.25975426899294973,0.012685489957044771,0.03445822976901018,0.3226449258689502,0.03688349385665836,0.8808647990226744,True
10,1536021,1536021,0,E1,SHALLOW,4,1244,0.9996,0.9937899442356852,5.368950425577168e-06,0.0001045523164691,4.2403905231303e-05,0.5341,10.029999732971191,0.0120000001043081,1,-19.428402221592115,-1.0028954476835308,0.1538424039052313,0.07773579013526759,0.5960215199015552,0.07042699748045515,0.5455805659294128,True
10,1536026,1536026,0,E1,SHALLOW,1,17,0.9999,2.916969211331e-73,-7.885588534861654e-05,-0.0002379063579894,-4.042813076285401e-05,0.44129,9.729000091552734,0.0149999996647238,0,-19.12438095029116,0.5350620936420105,0.12865957186923715,0.06728416858548428,0.522830491032409,0.05472682585718702,0.1848518103361128,True
10,1536028,1536028,1,E1,SHALLOW,4,1,1.0,1.0,-8.793787691985244e-05,-1.883492563303779e-05,-1.4694702352276157e-05,0.45115,10.772000312805176,0.0489999987185001,1,-19.418953176002567,-0.591618834925633,0.044385305297647726,0.04668725794361393,0.37346844890537195,0.03928907333466336,0.0167436320334671,True
10,1536112,1536112,0,C3,DEEP,1,879,1.0,1.0,4.554071636775348e-05,-3.624362241672063e-05,5.7544847139774646e-05,0.75888,10.973999977111816,0.003000000026077,1,-19.97845371348951,0.5009637563775833,-0.053942455152860225,0.032434879111806966,0.3705018072911462,0.034595681502309496,0.8223726153373718,True
10,1537020,1537020,0,E2,SHALLOW,3,486,1.0,0.0,-3.802452578227644e-05,-7.910327693760877e-05,-7.302613424450821e-05,0.40597,8.527000427246092,0.0230000000447034,0,-19.623145234054146,0.8467208967230624,-0.03457302613424451,0.040184788031919286,0.3310684643886168,0.03362037584117411,0.5963569283485411,True
10,1538019,1538019,1,S2,SHALLOW,0,19,1.0,1.0,-0.0001850865360282,-0.0011307006067968,-0.0001526881353892,0.29069,11.076000213623049,0.0570000000298023,1,-19.766822666617742,0.5169692993932031,-0.06895268813538924,0.022858468493304657,0.19337565721650735,0.017051252776704457,0.8873541355133056,True
10,1547071,1547071,1,C3,DEEP,0,58,1.0,8.518580849601018e-33,-3.8986841776278425e-05,-8.191862798545904e-05,-1.4385508491837616e-05,0.29911,9.72700023651123,0.0230000000447034,0,-19.168372187642916,-0.01818191862798546,0.09148561449150816,0.01782167334658819,0.12437779347914715,0.014539615207127814,0.3888628184795379,True
10,1547086,1547086,101,C3,DEEP,2,471,1.0,1.270456000509318e-117,-6.781036704595067e-05,-0.0001691969086525,-6.880285551214005e-05,0.27578,9.125,0.0379999987781046,0,-18.111807765403796,-0.002469196908652549,0.27513119714448786,0.02083768975217582,0.14506415916712107,0.01655867375386541,0.94720584154129,True
10,1548070,1548070,0,C3,DEEP,1,475,0.9999,1.0,-7.883963360555413e-05,-0.0007299577300281,-0.0001040315370905,0.67651,10.729000091552734,0.0260000005364418,1,-19.67143573726692,-1.8093299577300281,-0.10170403153709051,0.04119573148516879,0.35231640647226015,0.046034093428172544,0.3558078408241272,True
10,1550021,1550021,1,E1,SHALLOW,1,1287,1.0,1.0,9.444125378621491e-06,0.0001049878011293,3.859782170048676e-05,0.20587,10.199000358581545,0.0099999997764825,1,-19.005973724813693,-0.6058950121988707,0.1560385978217005,0.021883411388151745,0.14974674427223952,0.01696619781351417,0.1423254758119583,True
10,1552028,1552028,1,X1,SHALLOW,4,848,1.0,1.0,-0.000214522424315,-0.0002459472462771,-0.000224457724588,0.4518,10.171999931335447,0.0140000004321336,1,-19.749187041404497,0.1497540527537229,-0.048224457724588055,0.03868351832373769,0.4025181012666474,0.03778002267894767,0.471885085105896,True
10,1552143,1552143,0,C1,SHALLOW,0,1294,1.0,1.0,5.374996976570401e-05,0.0008245814255468,-6.361569820853563e-05,0.75991,10.76099967956543,0.0270000007003545,1,-20.225149182774672,-0.11667541857445318,-0.18386361569820853,0.061343517069509065,0.7465808258887471,0.06696502544553001,0.7857592105865479,True
10,1555053,1555053,0,C1,SHALLOW,4,1266,0.9996,1.0,0.0013325964480692,0.0176126408829907,0.0007956406221365,0.73072,10.796999931335447,0.0489999987185001,1,-20.00861021359077,0.34731264088299074,-0.01120435937786346,0.07011547402212953,0.8354733172684987,0.07617028149244061,0.8210811614990234,True
10,1559048,1559048,0,X3,DEEP,0,1306,1.0,1.0,-4.072436214386244e-05,5.86714297854396e-05,0.0010286225298576,0.98,11.229999542236328,0.0270000007003545,1,-20.06213151050119,-0.8733413285702145,-0.25847137747014237,0.07661216374159303,0.6352949429788597,0.15514527829629904,0.76312255859375,True
10,1559051,1559051,0,X3,DEEP,2,1274,1.0,1.0,0.0001374575048949,0.0007102391049274,3.0964563334880124e-05,0.7051,10.80799961090088,0.0109999999403953,1,-20.058835443945227,1.4474102391049275,-0.03356903543666512,0.03180067975932594,0.3746730809428039,0.03560876470886696,0.6909366846084593,True
10,1560034,1560034,1,E2,SHALLOW,0,830,1.0,1.0,4.293962788182171e-05,6.065603996935343e-06,2.678465960526122e-06,0.26891,10.277000427246094,0.006000000052154,1,-19.040815953681218,-0.17609393439600307,0.13160267846596052,0.02074832365579138,0.19664081879106504,0.0166708712735517,0.086712472140789,True
10,1560099,1560099,0,C3,DEEP,2,439,0.9995,1.0,6.759468361039467e-05,-0.0002518544398656,7.793849029499866e-05,0.68006,10.927000045776367,0.0430000014603137,1,-19.762858715768168,-0.8094518544398657,-0.113622061509705,0.06417027264956725,0.5390967263729791,0.06630440945714877,0.9337731003761292,True
10,1562077,1562077,0,C3,DEEP,0,444,1.0,0.0,-4.648135334406334e-06,-3.8304524356380654e-05,-2.298745402270347e-05,0.47842,9.039999961853027,0.0179999992251396,0,-19.89417610205064,1.2093616954756436,-0.048722987454022704,0.025997741905288495,0.2061728207409057,0.022608969642682955,0.963432252407074,True
10,1562098,1562098,0,X2,SHALLOW,0,1282,1.0,1.4345188533093283e-77,-1.795011422345283e-05,-0.0002358020623464,-0.000148360779845,0.57618,9.38599967956543,0.032999999821186,0,-20.000727704277658,0.5874641979376536,-0.1336483607798451,0.03572251297733151,0.46032897860493743,0.043519749103240246,0.8955093026161192,True
10,1563063,1563063,0,C2,SHALLOW,4,898,0.9999,1.0,7.474024254960909e-05,1.632831169162685e-07,-2.614392497522766e-05,0.71552,10.79599952697754,0.0219999998807907,1,-20.076185725468907,0.5457001632831169,-0.11412614392497522,0.07626272685823592,0.6961448742838928,0.07503797529860216,0.4389730393886566,True
10,1565032,1565032,1,X1,SHALLOW,1,882,1.0,1.0,-0.0001974180755901,-0.0003921710810901,-0.0001886696036129,0.46097,10.711999893188477,0.0370000004768371,1,-19.347493091495238,-0.3956921710810901,0.00671133039638705,0.04880838034389766,0.5441784419989992,0.051255241838403486,0.9839253425598145,True
10,1566028,1566028,101,X2,SHALLOW,3,474,1.0,0.9999993629641472,8.40872005625215e-06,-0.0002979112282705,-6.332317166053009e-05,0.32059,10.3100004196167,0.0640000030398368,1,-19.507137064857098,0.015002088771729483,0.04283667682833947,0.024250439000621446,0.23630418448384202,0.018809023073345695,0.282423049211502,True
10,1567044,1567044,0,C2,SHALLOW,3,482,0.9999,1.0,-0.0001003498501894,0.0014960038818225,-0.0001845720910984,0.42273,10.791999816894531,0.0879999995231628,1,-19.460919717756028,-1.6343039961181773,0.03191542790890156,0.050618258815847375,0.38900499138622274,0.049273678198422446,0.7663919925689697,True
10,1569050,1569050,1,S2,SHALLOW,3,16,1.0,0.0,-0.0001108897253523,-0.0009675513644336,-0.0001048341659998,0.32988,8.930000305175781,0.0260000005364418,0,-19.328865994798917,0.3638324486355664,0.10159516583400019,0.026606256537688645,0.2708399694439351,0.02116298119926189,0.066868133842945,True
10,1570024,1570024,0,C1,SHALLOW,4,858,1.0,1.0,-8.069587158132663e-05,-0.0001486366806516,-0.000126168049427,0.55064,10.847999572753906,0.0309999994933604,1,-20.0934137691007,-0.011148636680651691,-0.19802616804942708,0.03584799734733652,0.37130107050405414,0.04367345362741064,0.4099254310131073,True
10,1574019,1574019,0,E1,SHALLOW,1,883,0.9998,1.0,1.502388878904526e-05,8.593902979711632e-05,1.078748095119375e-05,0.60433,10.852999687194824,0.0450000017881393,1,-20.200634134972532,0.20598593902979712,-0.0686892125190488,0.04282054198829557,0.464673194493743,0.04302573068264312,0.9648497700691224,True
10,1574062,1574062,0,X2,SHALLOW,4,1270,1.0,1.0,-5.705435057024033e-05,-0.0011191830517585,-2.7359945868471455e-05,0.5502,10.305999755859377,0.0140000004321336,1,-19.356848221434696,-0.3983191830517585,0.10307264005413153,0.052071925213205965,0.6551504959049647,0.05816797705292732,0.9781723022460936,True
10,1574104,1574104,0,S2,SHALLOW,3,20,1.0,1.0,-0.0001607271840704,-0.0003806541641104,-6.72709660763382e-05,0.27304,10.638999938964844,0.0390000008046626,1,-19.62333551351069,-0.07498065416411048,-0.047967270966076336,0.039290054657215516,0.26723745875562177,0.027607808879094965,0.8362846970558167,True
10,1576034,1576034,0,E2,SHALLOW,0,29,0.9998,0.9999999999999852,2.085588377553904e-06,8.710021729713135e-05,-6.693179477540445e-05,0.76675,10.342000007629396,0.0450000017881393,1,-19.945791455637867,-0.46821289978270286,-0.1598669317947754,0.061718792302161034,0.7358486629948796,0.08591531722057477,0.5253411531448364,True
10,1578103,1578103,1,S2,SHALLOW,0,828,1.0,0.9949878831823028,7.22628068672293e-05,0.0006813763225306,8.036738294014967e-05,0.16008,10.102999687194824,0.0399999991059303,1,-18.957137895711284,-0.6967186236774694,0.14318036738294015,0.0277696460788018,0.13390505823469762,0.01929331257254115,0.92711466550827,True
10,1579110,1579110,0,S2,SHALLOW,1,457,0.9999,1.0,-6.715884955355023e-05,-0.0002203502714916,-0.0002580126549084,0.62217,11.256999969482422,0.0480000004172325,1,-19.882500008213245,-0.3336203502714916,-0.2192580126549084,0.060011552877966876,0.7162962693325823,0.07684337554744532,0.6798471212387085,True
10,1579146,1579146,0,X3,DEEP,1,41,1.0,1.0,0.0001616589190049,0.0002930845942683,5.368555129930952e-05,0.80325,10.590000152587892,0.0080000003799796,1,-20.072854482940393,-0.2149069154057317,-0.08614631444870069,0.039804807333319384,0.44492998276051277,0.04088714801723999,0.0518477447330951,True
10,1581048,1581048,0,C1,SHALLOW,2,476,1.0,1.2796543163687637e-12,-0.0001466418951139,-0.0003006236421956,-0.0001969733708468,0.40194,9.859999656677246,0.0199999995529651,0,-19.89458754777564,0.4275993763578043,-0.07529697337084684,0.03622594368918449,0.25709909202060965,0.03179992492147259,0.8936163187026978,True
10,1590044,1590044,0,E2,SHALLOW,2,453,1.0,1.0,-3.730747074826013e-06,7.918757332237014e-05,-6.234942197465287e-05,0.62931,10.208000183105469,0.0149999996647238,1,-19.81141758981862,-0.6732208124266776,-0.07506234942197465,0.06938386008935964,0.6245600168570122,0.06518509984033435,0.5627998113632202,True
10,1590122,1590122,0,C2,SHALLOW,3,1263,0.9998,1.0,1.8797615130239365e-05,-0.0002288044033285,4.486295196192065e-05,0.77952,10.788999557495115,0.032999999821186,1,-20.183138217813084,0.1166711955966715,-0.0008551370480380793,0.07128413682515447,0.8187542515051511,0.06653354500176553,0.8807680606842041,True
10,1592028,1592028,1,E1,SHALLOW,3,871,1.0,1.0,-4.10855809107602e-06,-0.0002410709629574,-4.853810935073061e-05,0.3251,10.21399974822998,0.0120000001043081,1,-19.531950895892493,0.35045892903704257,0.03265146189064927,0.030124735860679156,0.26895401855787276,0.021034979500736094,0.2292330116033554,True
10,1594042,1594042,0,X2,SHALLOW,3,442,0.9997,0.999999999999984,-5.3560482054848535e-05,-1.0387097823860714e-05,-2.6432690001444718e-05,0.61981,10.333999633789062,0.0439999997615814,1,-19.670435588206452,-1.4313103870978239,-0.014326432690001445,0.07091613857373179,0.6072784075957391,0.07838901940113469,0.6997278928756712,True
10,1595110,1595110,0,C2,SHALLOW,0,824,1.0,1.0,-1.8812721336303184e-05,0.0001906789732682,-0.0001264808000016,0.59269,11.260000228881836,0.032999999821186,1,-19.921989761978764,0.6885906789732683,-0.06262648080000166,0.05328813219411712,0.6115645975120563,0.06162619581155873,0.7311928868293762,True
10,1595118,1595118,0,C3,DEEP,3,1279,0.9997,1.0,5.65096546019106e-05,-2.4303929513580517e-05,0.0003808149476109,0.90941,10.833999633789062,0.0120000001043081,1,-20.195381428128428,-1.7613243039295137,-0.05561918505238905,0.059647354204342556,0.46120907402830824,0.12019127080076629,0.3967905342578886,True
10,1595127,1595127,0,C3,DEEP,1,1230,1.0,1.0,-1.0744647596538924e-05,0.000153929022109,-3.944574683395485e-05,0.5674,10.930999755859377,0.0179999992251396,1,-19.70358715953698,-0.136246070977891,-0.050939445746833956,0.02447327208908137,0.2123004935124399,0.02650378107650235,0.8622440695762634,True
10,1599030,1599030,0,E2,SHALLOW,2,35,1.0,0.0,3.2844858697700374e-05,-0.0001742524688259,-3.2711122557593786e-06,0.36774,8.553000450134277,0.0359999984502792,0,-20.158557894871983,-0.4581742524688259,-0.13070327111225577,0.025531469912472227,0.21206483636257242,0.01699960792788507,0.1043511182069778,True
10,1602033,1602033,0,X3,DEEP,4,445,1.0,1.1716104675927433e-119,0.0001485710521222,0.0014677607682049,4.304726222520428e-05,0.60967,9.187000274658207,0.0350000001490115,0,-19.94596265501461,0.4072677607682049,-0.08415695273777479,0.03009213171920232,0.31515724760789465,0.03025280285135438,0.8776986002922058,True
10,1618036,1618036,0,E1,SHALLOW,4,24,1.0,0.9999999999991824,-8.817844911845896e-05,-0.0003800490549187,-0.0001053093676158,0.39216,10.11299991607666,0.0160000007599592,1,-19.545369705210824,-0.8019800490549187,-0.031305309367615886,0.03913862517617109,0.33617841553210415,0.03682197809400813,0.6102790832519531,True
10,1618042,1618042,1,C3,DEEP,0,428,0.9999,1.0,-4.959993220410297e-05,-0.0001470402799963,-0.0001076398377721,0.42893,10.473999977111816,0.0509999990463256,1,-19.55651582547651,-0.18344704027999637,-0.026707639837772135,0.03386382772278683,0.2239734424574478,0.02816521496308756,0.990710437297821,True
10,1620051,1620051,0,S2,SHALLOW,0,1286,0.9991,1.0,-0.0002495020360875,-0.0007843818283638,-0.0001918725379471,0.38251,11.05799961090088,0.0579999983310698,1,-19.24011968720506,-0.6932843818283638,0.19390812746205288,0.09038388402305493,0.5537511139843239,0.0672529851979393,0.0344714783132075,True
10,1625037,1625037,0,S1,SHALLOW,4,10,1.0,1.0,-0.0003399175687057,-0.0019434986550336,-0.0002514238544297,0.31863,10.755000114440918,0.0160000007599592,1,-19.507532261160208,-0.004543498655033673,0.011348576145570277,0.02842236557186404,0.24638629219139346,0.020756510566153824,0.3856848180294035,True
10,1625059,1625059,0,S1,SHALLOW,3,40,1.0,1.0,8.969724514429345e-05,0.0023085593333449,-0.0002505643548699,0.59279,10.472000122070312,0.0230000000447034,1,-19.689746937841416,-1.577991440666655,-0.14835056435486993,0.08215278633387203,0.7189816851471714,0.08976008682624106,0.5070234537124632,True
10,1632070,1632070,0,X2,SHALLOW,3,1227,0.9992,4.328314460886794e-06,-0.000211059781094,-0.0007252348520083,-0.0002199756831557,0.42513,9.871000289916992,0.0289999991655349,0,-18.93614187513885,1.1929747651479916,0.16478002431684424,0.06624690939387327,0.7466572285196383,0.05931268362282895,0.4030647873878479,True
10,1634024,1634024,0,X1,SHALLOW,3,23,1.0,1.0,7.73942730418753e-05,0.0005394378734293,9.170437188631488e-05,0.57629,10.300000190734863,0.0230000000447034,1,-19.61402582631185,-1.2021605621265707,0.025391704371886314,0.07989661969172991,0.6649045119707632,0.08149834615479308,0.8410069346427917,True
10,1635042,1635042,0,E1,SHALLOW,1,36,1.0,1.0,3.2539300089950984e-05,0.0002653786310179,1.4707835864685714e-05,0.55833,10.31700038909912,0.0309999994933604,1,-19.97673464145282,-0.17853462136898202,-0.045585292164135316,0.04257219962261537,0.5544011798167692,0.04421943429196947,0.0085657592862843,True
10,1636093,1636093,0,E1,SHALLOW,1,1250,0.9998,5.6910274181700516e-30,-0.0003257645312544,-0.0096482921984715,-0.0002994698159166,0.47782,9.819000244140623,0.0160000007599592,0,-19.554269426567362,1.9375517078015285,0.055800530184083375,0.04779294039654539,0.8465076885629595,0.046377617899838346,0.3978311419486999,True
10,1639025,1639025,0,E2,SHALLOW,2,1239,1.0,1.0,4.2574958435182e-05,0.0001177106090608,-6.263178806527325e-05,0.6619,10.206000328063965,0.0130000002682209,1,-20.1051244628337,0.6293177106090608,-0.11436263178806527,0.04027063786893077,0.6555273233617496,0.04677662974579175,0.9448175430297852,True
10,1641279,1641279,0,E1,SHALLOW,1,1258,1.0,1.0,7.00320968896051e-05,0.00060367787756,3.763884363601477e-05,0.22398,10.965000152587892,0.0610000006854534,1,-19.6534926572345,0.30670367787756003,-0.023762361156363987,0.025480425940187183,0.32665738145262024,0.020042035635194022,0.7161505818367004,True
10,1642138,1642138,0,C1,SHALLOW,3,34,0.9995,9.680321988381291e-79,-1.2205252662766952e-05,-0.0001446429961814,-3.5984196982141725e-05,0.65971,9.175000190734863,0.0439999997615814,0,-19.791162931581034,0.2506553570038186,0.06246401580301786,0.05305323620233025,0.712535327527124,0.058521403523185835,0.6888929009437561,True
10,1643063,1643063,0,X1,SHALLOW,3,27,1.0,1.0,9.78239205515763e-05,0.0019072018079389,8.367181435967042e-05,0.57188,10.800000190734863,0.0399999991059303,1,-19.607345918912067,-0.5302927981920611,-0.24501632818564034,0.06686234781817602,0.6514420696806837,0.08764125242585605,0.2842371165752409,True
10,1643213,1643213,0,C3,DEEP,2,415,1.0,0.0,7.625831477398037e-05,0.0003698198948266,2.832168151672629e-06,0.65526,9.734000205993649,0.006000000052154,0,-19.754375874419743,0.7839698198948266,-0.007097167831848328,0.02820688117543827,0.36418910420419875,0.03264759333695928,0.7906448841094968,True
10,1643292,1643292,0,E1,SHALLOW,3,8,0.9998,0.9999999999999925,-1.572789737380731e-05,-0.0002736870555761,-7.123228701090556e-06,0.49183,10.145999908447266,0.0189999993890523,1,-19.619386801795883,1.785226312944424,0.04819287677129891,0.07052045687131717,0.8786205347499895,0.06072333175776388,0.827167809009552,True
10,1643312,1643312,0,C2,SHALLOW,0,818,0.9998,0.9999999850199088,-6.404317027630668e-05,-0.0007315356205872,-6.807638347067213e-05,0.34037,10.39900016784668,0.0719999969005584,1,-19.094602322943345,-1.1085315356205871,0.17773192361652934,0.02685565138562073,0.32062931793792426,0.023490123000503536,0.6305593252182005,True
10,1643313,1643313,0,C2,SHALLOW,3,1232,1.0,1.0,-0.0001637176171023,-0.0003469598247464,-0.000113776838491,0.39044,10.711999893188477,0.0109999999403953,1,-19.49887492378963,0.5351530401752536,0.06168622316150896,0.03599426789663209,0.30231692862537335,0.03421129233306241,0.7679985165596008,True
10,1643338,1643338,0,X3,DEEP,1,472,0.9993,1.0,-3.123679635308463e-05,-0.0001488286633474,-2.035069855027549e-05,0.56788,11.092000007629396,0.0080000003799796,1,-19.407849725432165,-0.3098488286633474,0.03977964930144973,0.0337907836217422,0.38434481462759207,0.03861484408925914,0.648651123046875,True
10,1644163,1644163,0,S2,SHALLOW,0,1260,1.0,1.0,-9.29684397128483e-05,-0.0005082378306903,-6.404010630766885e-05,0.56202,10.704999923706056,0.0359999984502792,1,-19.399196193949685,-0.7230082378306903,0.02813595989369233,0.0737620252782486,0.9254172581298918,0.0782842691858101,0.7642671465873718,True
10,1644180,1644180,0,C3,DEEP,0,57,1.0,1.0,5.542257630253289e-05,0.0005348384097255,-6.081516281859767e-05,0.61154,11.003000259399414,0.0149999996647238,1,-19.78077682064108,0.33823483840972557,-0.015560815162818598,0.027003040885230284,0.31194882542592023,0.031087114908741654,0.9729450941085817,True
10,1644213,1644213,0,E1,SHALLOW,4,49,1.0,1.0,3.942744123008879e-05,0.0004240199787253,0.0001136259698525,0.54509,10.458000183105469,0.0370000004768371,1,-19.734171393029627,-1.2001759800212746,-0.02758637403014741,0.04766523379561182,0.7474328198610909,0.054464347744313336,0.4430504143238067,True
10,1644290,1644290,0,C2,SHALLOW,3,851,1.0,1.0,-8.636732753330989e-05,-6.658378968055212e-05,-3.824484377577819e-05,0.5373,10.847000122070312,0.0120000001043081,1,-19.68736788978124,0.05083341621031945,0.055261755156224224,0.04237056796348438,0.6009708193536938,0.04797874644558528,0.5417523980140686,True
10,1645092,1645092,0,X2,SHALLOW,4,889,0.9999,1.0,-0.0003350082200661,-0.0001681146589158,-0.0002924755469928,0.51338,11.392999649047852,0.0630000010132789,1,-19.508518476441715,-0.7664681146589158,-0.15329247554699288,0.07321050038794794,0.8789603526583208,0.09186523324446383,0.5734227299690245,True
10,1645125,1645125,0,X2,SHALLOW,4,456,1.0,4.095280855058444e-81,-0.0002585080888515,-0.0003268823481334,-0.000245251180765,0.44419,9.505000114440918,0.0260000005364418,0,-19.877410889599403,1.3468731176518665,-0.0851452511807651,0.043636904716140686,0.532747976217539,0.04146668284026905,0.2422642111778259,True
10,1645195,1645195,0,S2,SHALLOW,3,868,1.0,1.0,-0.0002327394975942,-0.0008920921644637,-0.0001702563162567,0.5258,10.321999549865724,0.0170000009238719,1,-19.844130381111704,0.7185079078355363,-0.04597025631625673,0.0446080185015308,0.5962252900773851,0.04807322167073585,0.629145562648773,True
10,1645208,1645208,0,C3,DEEP,0,4,1.0,0.0,7.264529165240674e-05,0.0002040887584557,-4.251005465398528e-05,0.69516,9.10200023651123,0.003000000026077,0,-20.00225050161958,0.7746040887584558,-0.09244251005465398,0.027744919360335487,0.35239350057752766,0.03059650222145975,0.5509375929832458,True
10,1646092,1646092,0,C2,SHALLOW,1,68,0.9999,1.0,2.295706145716281e-05,0.0002060553880101,1.0778615609580156e-05,0.7207,10.64799976348877,0.0309999994933604,1,-19.729745811568982,-2.30849394461199,-0.11668922138439042,0.08228892167847804,0.7508015095403866,0.09147424049590185,0.1403019279241561,True
10,1650024,1650024,1,X1,SHALLOW,2,2,1.0,0.999999994010196,-3.5169805514101427e-05,-8.88759734308242e-05,-4.084159516984376e-06,0.30994,10.057000160217283,0.0099999997764825,1,-19.29508321304526,-0.4088888759734308,0.03189591584048301,0.032630939054600024,0.29986960986973293,0.025222771403053405,0.3121295571327208,True
10,1653101,1653101,0,C3,DEEP,1,460,0.9999,1.0,-5.7790004593272215e-05,-0.0001858801672569,-3.878905831092294e-05,0.33,10.255000114440918,0.0099999997764825,1,-18.984815198399417,0.840714119832743,0.17566121094168907,0.02135299508760717,0.17701512760297652,0.016424187018622385,0.0969477295875549,True
10,1654105,1654105,0,C3,DEEP,0,1228,0.9998,0.0,1.4115721473473286e-05,-6.99255607843341e-05,2.5043313366144432e-05,0.56271,9.44699954986572,0.0109999999403953,0,-20.09034789420619,0.7316300744392157,-0.025974956686633854,0.02542405823922562,0.23542567848446116,0.02528924291661249,0.0941692367196083,True
10,1655086,1655086,0,C3,DEEP,3,893,1.0,0.0,2.3718085422785865e-05,0.0002174816245404,-7.247881707571715e-05,0.42781,8.852999687194824,0.0179999992251396,0,-19.567878261542468,0.18921748162454044,-0.0011724788170757172,0.033089443944481524,0.255835977844545,0.027637002585211363,0.6159535050392149,True
10,1660018,1660018,0,X2,SHALLOW,1,9,1.0,1.976705584276131e-14,-0.000327794389392,-0.0036597989247093,-0.0003103159785875,0.43435,9.878999710083008,0.0160000007599592,0,-19.8765562223654,1.6705402010752906,0.050489684021412407,0.06922149603912155,0.9639177448913151,0.05269070831206583,0.9647510051727292,True
10,1662023,1662023,0,X2,SHALLOW,1,1238,1.0,1.0,-1.2064341145645583e-05,0.0005910706489416,-3.061534703921453e-05,0.31268,10.369999885559082,0.0109999999403953,1,-20.02767301164352,-0.40520892935105834,-0.15593061534703923,0.03452322575782142,0.3610758993921863,0.025499514663323262,0.654878258705139,True
10,1673068,1673068,0,C3,DEEP,2,1235,1.0,1.0,-0.0001266483696937,-0.0031144793296249,3.272300044918075e-06,0.52779,10.788000106811523,0.0399999991059303,1,-19.749802479933663,-1.040814479329625,-0.10469672769995508,0.03088225443784392,0.30130028544164356,0.034954883751634844,0.1230191215872764,True
10,1673097,1673097,0,S1,SHALLOW,2,11,0.9998,1.0,0.0001837466378873,0.0034571063327999,-0.0002187709511344,0.59851,10.923999786376951,0.0209999997168778,1,-19.870584325465643,-2.4331428936672,-0.2131187709511344,0.08928031422663546,0.6806258762274507,0.11781014938604902,0.5540113449096677,True
10,1674022,1674022,0,X1,SHALLOW,1,42,1.0,3.304597645617792e-68,9.037408604228858e-05,0.0010994702643898,1.2664057864736344e-05,0.60262,8.902999877929684,0.0630000010132789,0,-20.09408123715687,-0.4020005297356102,-0.07578733594213527,0.06949430429504402,0.7815215828396683,0.06890748011996627,0.6145132780075073,True
10,1682020,1682020,1,E1,SHALLOW,1,1278,1.0,1.0,-1.6752818041254613e-05,-0.0001491924452543,-3.154092289842092e-05,0.21924,11.052000045776367,0.0610000006854534,1,-20.15289515566197,0.5598508075547457,-0.14473154092289842,0.03100431787618114,0.4086934756848575,0.02300125357893491,0.4458509683609008,True
10,1692030,1692030,0,X3,DEEP,3,480,0.9992,0.0,3.933330281924441e-05,0.0004158704529912,2.2104948990187e-05,0.73802,9.657999992370605,0.0080000003799796,0,-20.30343693368646,0.006715870452991268,-0.06297789505100981,0.03984517681819609,0.757058019657258,0.054187429169522947,0.1340257078409194,True
10,1697026,1697026,0,X3,DEEP,3,877,0.9999,0.0,-0.0009278821868825,-0.0158699795535073,-0.0007121614380034,0.26046,9.017999649047853,0.006000000052154,0,-18.648513797379877,-1.2223699795535072,0.10628783856199653,0.029739759640163548,0.3973982853616378,0.02548074667013815,0.426436960697174,True
10,1699061,1699061,0,C1,SHALLOW,1,458,1.0,1.0,-8.932209128431623e-05,-0.000420160059499,1.3831293309587296e-05,0.53572,10.614999771118164,0.0309999994933604,1,-19.435957955770537,-2.568720160059499,0.026013831293309586,0.06906179635733388,0.7657076298385835,0.07829233825454907,0.2055466920137405,True
10,1699105,1699105,0,C2,SHALLOW,4,65,1.0,1.0,-0.000176816711626,-0.0043238204512412,-0.0002029150817611,0.4659,10.836999893188477,0.0170000009238719,1,-19.61014555946212,1.6521761795487588,0.05719708491823883,0.055815549311447304,0.8433438938920433,0.05483572835019712,0.9821836352348328,True
10,1701055,1701055,0,C3,DEEP,2,855,0.9995,1.0,-0.0002324855775803,-0.0002184840505973,-0.0001273178578485,0.26396,10.217000007629396,0.0130000002682209,1,-19.0375618756025,0.0832815159494027,0.0352726821421514,0.04275665410853565,0.40297425164084677,0.03779857076900527,0.0198856350034475,True
10,1701088,1701088,0,C2,SHALLOW,3,887,0.9996,1.0,6.115625663838387e-05,0.0006984514440462,5.157165081387527e-05,0.72403,10.269000053405762,0.0240000002086162,1,-20.139714647562993,0.05109845144404623,-0.13154842834918612,0.07796988246603154,0.8654308275559778,0.07918442362566595,0.5064289569854736,True
10,1702083,1702083,0,C2,SHALLOW,0,56,1.0,1.926754437313789e-123,-0.0001711966391901,-0.000942694349939,-0.0001742733829712,0.38884,9.527999877929688,0.0199999995529651,0,-19.88745062179141,0.4020573056500609,-0.11927427338297125,0.03724402462236961,0.45215164505764616,0.03725448090988954,0.0839523673057556,True
10,1702112,1702112,0,C3,DEEP,1,3,0.9995,0.0,-6.525069383656046e-05,0.0008813451771977,-0.0001266340872727,0.47547,8.939000129699707,0.0149999996647238,0,-19.99847008849818,-0.2297186548228023,-0.0954266340872727,0.03824113380548628,0.4850562067413794,0.03600506034484836,0.3264901936054229,True
10,1703026,1703026,0,S2,SHALLOW,0,489,0.9997,0.8262368074526727,-0.0001121299935391,-0.0002715410219726,-8.418124179076884e-05,0.3639,10.031000137329102,0.032999999821186,1,-19.263055800651692,-2.1020715410219726,-0.01118418124179077,0.03731778885727102,0.1462895276728001,0.035578981688119946,0.8695605397224426,True
10,1703072,1703072,0,C1,SHALLOW,1,819,0.9999,0.9999999957459532,-7.249642158768665e-05,-0.0003001837570231,-4.2638646206932806e-05,0.49417,10.357000350952148,0.0619999989867209,1,-19.847010505353367,-1.2236001837570232,0.05665736135379307,0.044967154833754984,0.7281549878962754,0.0502078204593407,0.7205690741539001,True
10,1719037,1719037,0,C2,SHALLOW,0,1291,0.9992,1.0,5.244707379503666e-05,0.0007243191082328,4.676701399775052e-05,0.40746,10.289999961853027,0.0109999999403953,1,-19.313121932461407,0.0995243191082329,0.14834676701399774,0.05877104327298978,0.7576966369129359,0.05151957124104525,0.1730793416500091,True
10,1721068,1721068,0,C3,DEEP,1,73,0.9991,1.0,-3.6349815886183023e-05,4.065389135843312e-05,-5.6765596947686014e-05,0.29376,10.527999877929688,0.0080000003799796,1,-19.040903830259445,-0.8967593461086416,0.11094323440305232,0.03277145336245876,0.3226934639051417,0.024248444216000347,0.741245627403259,True
10,1770206,1770206,0,E2,SHALLOW,1,1439,0.9999,1.0,3.700557895314205e-05,0.0011722460356378,0.0001085734584827,0.58411,11.034999847412108,0.0080000003799796,1,-19.987024627521528,-0.3255277539643622,-9.142654151728102e-05,0.04275793213835458,0.6808126288113121,0.044928447401495854,0.7230562567710876,True
10,1770386,1770386,0,E2,SHALLOW,0,628,1.0,1.0,-4.268384921246593e-05,-0.0002656831544185,1.9985161516695996e-05,0.36795,10.730999946594238,0.0350000001490115,1,-19.548890377758177,-1.2794656831544184,-0.0534800148384833,0.030259295785712233,0.28188227484642947,0.023198346922166053,0.8887442946434021,True
10,1773049,1773049,1,E2,SHALLOW,2,629,1.0,1.0,-5.932574092071263e-05,-0.0001653054299622,-1.2625230318516478e-05,0.35023,10.27299976348877,0.0070000002160668,1,-19.887005402173962,0.8619346945700377,-0.08081262523031851,0.021783999875151495,0.2290771944962508,0.01636261452910176,0.5382858514785765,True
10,1773078,1773078,1,E2,SHALLOW,2,1458,0.9999,1.478801270518799e-45,-7.54569046961251e-05,-0.0001895308317179,-1.3754284469383316e-05,0.27142,9.760000228881836,0.0170000009238719,0,-19.83713097298366,1.165210469168282,-0.042213754284469385,0.01753229684342132,0.20840017988379797,0.014695999123975184,0.997521102428436,True
10,1773237,1773237,0,E1,SHALLOW,0,611,1.0,1.0,-7.670037775042715e-05,-0.0003925207329976,-5.0059838994635786e-05,0.39186,10.269000053405762,0.0140000004321336,1,-19.509944377597286,-0.2740925207329976,0.04324994016100536,0.05517032415505289,0.4030450958393396,0.048075818665591796,0.8054264187812805,True
10,1776304,1776304,0,S2,SHALLOW,2,203,0.9995,1.5770905023618057e-153,0.0067905099325109,-0.2140540694369898,0.0037611711342313,0.4541,9.49899959564209,0.0189999993890523,0,-19.79984897748282,-0.9208540694369898,-0.026538828865768638,0.05923993910853674,0.5095633564285384,0.0568130392151678,0.9196622967720032,True
10,1777124,1777124,0,X1,SHALLOW,4,583,1.0,3.805944856665471e-190,-0.0004045868712196,0.0021849589894248,-9.226777215011124e-05,0.30743,9.470999717712402,0.0179999992251396,0,-19.28616754649253,0.8960849589894249,-0.01109226777215011,0.07613973227360639,0.6353048887852191,0.03217429614567487,0.3293728828430175,True
10,1780045,1780045,0,C2,SHALLOW,0,633,1.0,1.0,-2.975603661070636e-05,-0.0002863166615632,2.4253568708269835e-05,0.24283,10.697999954223633,0.0120000001043081,1,-19.613164575433814,1.0498136833384368,-0.022075746431291732,0.020291388966435158,0.2183595712154832,0.016311021935638364,0.4569014310836792,True
10,1780122,1780122,0,E2,SHALLOW,0,1043,1.0,1.0,-9.438789397009371e-05,-0.0007570301992225,-3.967613667382047e-05,0.50987,10.58199977874756,0.0109999999403953,1,-20.053469836374745,-1.7712570301992225,-0.04093967613667382,0.05873946165406821,0.529042899379094,0.058514699866200795,0.6800267696380615,True
10,1780287,1780287,0,X1,SHALLOW,0,1421,0.9995,1.0,-4.775359487396713e-05,0.0002538300464958,-2.844595202492438e-05,0.52494,11.043999671936035,0.0759999975562094,1,-19.93496664882767,0.5225538300464958,0.013371554047975076,0.07271039100370598,0.6753469429812352,0.05933432800330195,0.2329817563295364,True
10,1782065,1782065,0,C2,SHALLOW,4,642,1.0,0.9999999973236298,1.2409312219574533e-05,-0.0001651854582287,-1.5856435494246424e-05,0.20173,10.390999794006348,0.0670000016689299,1,-19.53756471487803,-1.2337651854582288,-0.029615856435494248,0.023208667895844002,0.184591219708066,0.018796235658413873,0.5033562779426572,True
10,1790098,1790098,1,E1,SHALLOW,4,1032,1.0,7.143440232466382e-46,-6.172695992390231e-05,-0.000242102790513,-5.991110947638212e-05,0.39298,8.909000396728516,0.0769999995827674,0,-19.80764115190162,0.287457897209487,-0.08035991110947638,0.026518739263516566,0.20310900974698176,0.027762492903865423,0.9999623894691468,True
10,1791116,1791116,1,E2,SHALLOW,0,994,1.0,1.0,-1.4131826574725892e-05,-5.540091711342399e-05,2.5870548368918736e-05,0.31193,10.913000106811523,0.0099999997764825,1,-19.70960525508666,1.1001445990828866,-0.004274129451631081,0.021634362690094302,0.19608684967398018,0.017133707365881566,0.5127295851707458,True
10,1792093,1792093,0,X3,DEEP,3,216,1.0,0.9998946651652624,-3.471354810358207e-05,-0.0002422556922684,-2.7564022997375592e-05,0.27659,10.062999725341797,0.0170000009238719,1,-19.84592191177437,0.8233577443077316,-0.09922756402299737,0.019185402794585398,0.12461225065247268,0.013916294863089738,0.2770516872406004,True
10,1795052,1795052,0,X3,DEEP,2,1031,0.9999,1.0,8.591915310063314e-05,-0.00018213351381,0.0001962974612442,0.67924,10.809000015258787,0.0299999993294477,1,-19.869239616201643,0.73671786648619,0.12039629746124425,0.035877212128795424,0.3599890310764213,0.03576925693534453,0.8890186548233032,True
10,1797044,1797044,0,X3,DEEP,3,612,1.0,0.9901844072592444,-7.188173469074854e-05,-0.0001536937621225,-5.304820136109445e-06,0.4667,10.083999633789062,0.0359999984502792,1,-19.10684176002235,0.32684630623787747,0.1072946951798639,0.040561568233237665,0.32736766109293736,0.03389934448089366,0.8692186474800108,True
10,1810037,1810037,0,E1,SHALLOW,3,1435,0.9996,2.5640528274065422e-79,2.873171027317767e-06,0.0001941706156036,-3.638259577071201e-05,0.4965,9.26599979400635,0.0390000008046626,0,-19.48140036215829,-1.9437058293843963,-0.0691363825957707,0.07016678905478452,0.5604889431969037,0.07582807505612044,0.4829180836677551,True
10,1810087,1810087,0,C2,SHALLOW,4,175,1.0,0.2911651771500154,2.599722578011665e-05,0.0002993279470037,-1.1100796718926942e-05,0.55943,9.98900032043457,0.0199999995529651,0,-19.797497310334414,-0.15250067205299622,-0.08091110079671893,0.06951860341650276,0.6572983097107973,0.06756060528796506,0.7570021152496336,True
10,1811099,1811099,0,C2,SHALLOW,2,1066,0.9998,1.0,-0.0001786249122979,-1.642065298590456e-05,-0.0001368602610825,0.49007,10.786999702453612,0.0309999994933604,1,-19.58805897653913,0.5007835793470141,-0.19713686026108257,0.07956082506703721,0.8657465354271175,0.07484022963518573,0.9521517753601074,True
10,1815065,1815065,1,S1,SHALLOW,0,582,1.0,0.9999999999962772,0.0004949523264592,0.000617051671468,0.0008058530304432,0.13537,10.58899974822998,0.0860000029206274,1,-19.050047095628628,-1.046982948328532,0.14080585303044324,0.027933324724708216,0.153022846932268,0.02301921931073729,0.0652841180562973,True
10,1817269,1817269,0,C3,DEEP,1,1449,1.0,2.631461732946729e-12,-6.095984856813175e-05,3.878309633359445e-05,1.0592641834419186e-06,0.53009,9.593000411987305,0.0590000003576277,0,-19.672072742712693,0.3403387830963336,0.008401059264183441,0.028612266690273447,0.22698645121582414,0.02554739018273152,0.0608695708215235,True
10,1833067,1833067,0,E2,SHALLOW,1,648,1.0,0.0,-8.079099306002036e-06,-0.0001107597859283,2.181437430503336e-05,0.55577,9.638999938964846,0.0040000001899898,0,-19.885472592981632,0.9848892402140716,0.045421814374305036,0.04841888059624364,0.49883897669974425,0.05133101301853174,0.820327818393707,True
10,1833468,1833468,0,X3,DEEP,4,1444,0.9998,1.0,0.0005338227975038,7.550448556159495e-05,0.0010849094188557,0.78375,11.284000396728516,0.003000000026077,1,-19.943852996267463,-0.2800244955144384,-0.1951150905811443,0.07231626801921784,0.6918756437780381,0.13983702135869608,0.9605312943458556,True
10,1835110,1835110,1,C2,SHALLOW,3,613,1.0,4.831820226764856e-224,-7.164943130888446e-05,-0.0002736567816565,-1.9229849936047705e-05,0.3455,8.595000267028809,0.0439999997615814,0,-20.007718256187534,0.6464263432183435,-0.14031922984993606,0.022505251282139115,0.20135260887881123,0.017282840917897696,0.8800716400146484,True
10,1837096,1837096,0,C1,SHALLOW,2,598,0.9999,0.9999999999999956,4.754362829828551e-05,0.0007887774464965,5.4662178026331984e-05,0.37937,10.993000030517578,0.1280000060796737,1,-19.336971557147336,-1.0266112225535036,0.012854662178026333,0.06326135574550483,0.45161547501974353,0.055191166778217525,0.654681384563446,True
10,1840041,1840041,101,X1,SHALLOW,2,201,1.0,0.0539621701123207,6.599362825454591e-05,2.2294075943452007e-05,8.618986622460113e-06,0.23891,9.873000144958496,0.0790000036358833,0,-19.300704801635725,-0.7712777059240565,0.00560861898662246,0.028509511492274844,0.20085748978567683,0.02106757437613752,0.3938575983047484,True
10,1847079,1847079,0,S1,SHALLOW,1,1005,1.0,1.439660681401879e-107,-0.0001207945795655,-0.0011882640286121,-0.0001894183264621,0.33041,9.449999809265137,0.0250000003725289,0,-19.467744926646063,0.1828117359713879,0.08081058167353783,0.031814674191937654,0.23228873079405257,0.02158486210815465,0.0940943285822867,True
10,1847100,1847100,1,X2,SHALLOW,0,228,1.0,3.5977398940123177e-47,-0.0004208252947321,-0.0013119696720289,-0.000296188583842,0.3789,8.361000061035154,0.1140000000596046,0,-19.922052598244235,0.750888030327971,-0.09779618858384209,0.0417343872735112,0.26659345423432335,0.034276889556002665,0.2508286535739898,True
10,1847165,1847165,1,S2,SHALLOW,4,991,1.0,0.0,-0.0003844763886604,-0.0015782277200457,-0.0002735241474844,0.38748,8.883999824523926,0.0289999991655349,0,-20.009673666712324,1.7210217722799541,-0.02497352414748444,0.03441054620494305,0.28767153334534795,0.0315432223243725,0.9837602376937866,True
10,1847216,1847216,0,X2,SHALLOW,3,1453,1.0,1.0,-0.0002376370846626,-0.0002332274185096,-0.0001675449901109,0.47905,10.472000122070312,0.0230000000447034,1,-19.53640118346874,-0.32753322741850965,-0.037767544990110924,0.06334267651906028,0.5293070748295406,0.05920149243543387,0.2431625127792358,True
10,1847303,1847303,0,X3,DEEP,2,213,1.0,1.952627440713757e-192,8.536154591354261e-05,0.0010237373234903,4.035535756559405e-05,0.47964,8.906000137329102,0.0370000004768371,0,-19.768916281455848,0.7498237373234904,-0.023759644642434408,0.03724537037606554,0.27773477380774103,0.028067423652218003,0.945416748523712,True
10,1848092,1848092,0,S1,SHALLOW,0,183,0.9996,1.0,-3.5587078418330975e-05,0.0023170713643349,-2.3849348270189863e-05,0.5877,10.461000442504885,0.0130000002682209,1,-19.820914512710736,-0.15218292863566507,-0.01482384934827019,0.06394823340913366,0.6833576885159938,0.06949329277909146,0.8933879137039183,True
10,1849051,1849051,101,X2,SHALLOW,4,1011,1.0,1.0,-1.582685786871707e-05,-8.468435817587938e-05,-4.048147080358902e-05,0.30546,10.227999687194824,0.0099999997764825,1,-19.848247948847856,1.5278153156418242,-0.02734048147080359,0.028439393470271315,0.23443291685643547,0.018632164874411893,0.953056752681732,True
10,1849109,1849109,0,X2,SHALLOW,3,1455,0.9999,1.0,-5.475762892714897e-05,-1.0203979198930568e-05,-3.276051414989644e-06,0.62398,10.218999862670898,0.0240000002086162,1,-20.11118909780747,0.29438979602080106,0.0015967239485850104,0.06105378302205133,0.6047527239362226,0.05731358542914594,0.1874965876340866,True
10,1849244,1849244,0,X2,SHALLOW,4,1433,0.9997,1.0,-7.77825398472487e-05,-0.0002124548042043,-3.7463528067771534e-05,0.57697,10.43299961090088,0.0120000001043081,1,-19.736350007128685,1.0954875451957955,0.14116253647193222,0.07439466625647292,0.6781242920031962,0.06361423234260585,0.256877452135086,True
10,1849276,1849276,0,X3,DEEP,1,1426,0.9996,1.0672229373754844e-10,0.0003471237793029,0.0017451422755702,0.0001703412500164,0.61412,9.765000343322754,0.0370000004768371,0,-19.8092596742312,0.32314514227557023,-0.1009296587499835,0.0729835561660144,0.5466548426110804,0.05764681216572838,0.1310901790857315,True
10,1850045,1850045,1,E1,SHALLOW,3,1411,1.0,1.0,-5.137679737643453e-05,0.0003324302441112,-3.734528350238242e-05,0.31314,10.237000465393066,0.0130000002682209,1,-19.20574907670135,-1.3119675697558888,0.09346265471649762,0.038405617487246045,0.26694898485768725,0.02911961064037076,0.0587587393820285,True
10,1850154,1850154,0,C3,DEEP,2,1062,0.9993,1.0,-5.2575142824196064e-05,-0.0001327649872281,4.754596592443372e-05,0.56823,10.609000205993652,0.0109999999403953,1,-19.245479952742564,-0.31943276498722817,0.18304754596592443,0.04239625753305751,0.3596184246224432,0.039900581007095974,0.7721399068832397,True
10,1854103,1854103,0,C2,SHALLOW,4,992,1.0,1.0,-0.0001495229314549,-0.0003456283130351,-8.031578313048848e-05,0.4668,10.862000465393066,0.0130000002682209,1,-19.474356058926872,-1.021345628313035,0.05521968421686951,0.07693413358712202,0.6155425456692225,0.07131323770448542,0.8505274057388305,True
10,1860025,1860025,1,E1,SHALLOW,0,1022,1.0,0.0,-3.5473828692289544e-05,0.0003437101084428,-5.1617399003528464e-05,0.23532,8.960000038146973,0.0179999992251396,0,-19.333274510000265,-0.8779562898915572,-0.08655161739900352,0.028802136410231573,0.17755909133591552,0.02044940102029456,0.1972403079271316,True
10,1861178,1861178,1,X1,SHALLOW,1,997,1.0,1.4394564497349622e-107,-5.5289964180360585e-05,-0.0004031839271977,-9.482215040580722e-05,0.29093,9.647999763488768,0.0160000007599592,0,-19.871740514603985,0.5667968160728023,-0.016094822150405808,0.020996432750082603,0.1698650862431433,0.016299994776428395,0.5434491634368896,True
10,1861210,1861210,0,C2,SHALLOW,4,1054,1.0,3.824710670436556e-111,-9.16891258739838e-06,-4.004308625293884e-06,-4.029760623763812e-05,0.54229,9.395999908447264,0.0270000007003545,0,-19.91039898761303,0.4409959956913747,-0.14784029760623763,0.0602858799771656,0.5025950899071077,0.055188461072786466,0.7453840970993042,True
10,1861472,1861472,0,X3,DEEP,2,1429,1.0,1.0,0.0002762813454602,6.753363633227316e-05,0.000949269080834,0.83776,10.857999801635742,0.0160000007599592,1,-20.06373895946879,0.4919675336363323,-0.05865073091916595,0.050717006141125016,0.5452215232692867,0.10592829173998318,0.7062935829162597,True
10,1861474,1861474,0,X3,DEEP,3,605,0.9998,1.0,0.0001883451958271,0.0001843605425485,0.0001733398187486,0.68966,10.336999893188477,0.0270000007003545,1,-20.051818196440028,0.7612843605425486,-0.026126660181251316,0.03378477828536083,0.33812442960629785,0.03641274915709476,0.4546148777008056,True
10,1862039,1862039,0,S1,SHALLOW,4,993,1.0,1.0,-0.0001203059823708,-0.0007563671469883,-0.0001064291366017,0.28699,10.593000411987305,0.0520000010728835,1,-19.103511878710407,-1.7701563671469884,0.008293570863398214,0.04833825635296343,0.2895378416046036,0.03508453993436679,0.6139783859252927,True
10,1862183,1862183,0,C1,SHALLOW,1,1425,0.9993,1.0,-9.908316342333023e-05,-0.0004061225935892,-0.0001167672619688,0.44864,10.328000068664553,0.0320000015199184,1,-19.261214016212634,-0.6746061225935893,0.10878323273803114,0.07884989721465756,0.5733017836833286,0.06147718837357138,0.1438195705413818,True
10,1864084,1864084,0,X3,DEEP,0,596,1.0,2.5093648044163294e-44,0.0001892802990717,0.0012782677829951,0.0001049227382745,0.60535,9.666000366210936,0.0240000002086162,0,-20.0023631598409,0.5610782677829951,-0.08659507726172544,0.0355509705977507,0.28437828003938964,0.031762703275530685,0.2256331443786621,True
10,1867019,1867019,1,E1,SHALLOW,2,1065,1.0,1.0,8.136931720059692e-05,0.0009277744692107,6.81326320007003e-05,0.22101,10.20199966430664,0.0109999999403953,1,-18.963487663357064,0.5400277744692108,0.1207681326320007,0.022548993232656092,0.18157654603688994,0.01711932941271838,0.5079368352890014,True
10,1871017,1871017,1,C1,SHALLOW,0,999,1.0,1.0,-3.055393469963974e-05,-0.0001637292130466,1.8268933873411e-05,0.3372,10.82699966430664,0.0350000001490115,1,-20.05837533361292,0.43833627078695336,-0.1344817310661266,0.02003013276117325,0.19797471058383764,0.015493780696004425,0.5958430171012878,True
10,1876204,1876204,101,C3,DEEP,1,1447,1.0,0.0015955058680656,-1.8291370132317297e-05,-0.0003218900590319,1.0143453050816265e-05,0.51008,9.770000457763672,0.0780000016093253,0,-19.561471106613595,0.6816781099409681,0.04251014345305082,0.033727810931628154,0.3677638443887605,0.028247405153571808,0.8318877816200256,True
10,1876263,1876263,0,E1,SHALLOW,1,1434,0.9999,1.0,6.947182293615128e-05,9.93384705911815e-05,-9.977984426046138e-05,0.64639,11.371000289916992,0.0439999997615814,1,-19.87591544288454,-0.8004006615294088,-0.08179977984426046,0.07194280459659808,0.8733908409381128,0.12198161653291775,0.2512053549289702,True
10,1876308,1876308,1,E2,SHALLOW,2,589,0.9998,1.419576660404166e-88,-5.577080075980234e-05,-0.0005914162479402,8.09799329062888e-06,0.42147,8.78499984741211,0.0610000006854534,0,-19.646363796811684,-0.026091416247940202,-0.09899190200670938,0.044278820217812424,0.3586216575170123,0.042740390281813465,0.1629098653793335,True
10,1876421,1876421,1,X2,SHALLOW,3,1050,1.0,1.5580415877688649e-248,-7.983474130668355e-05,-0.0013226740300138,-6.851460040925572e-05,0.34313,9.32699966430664,0.0199999995529651,0,-19.459754518572666,-0.8322226740300138,-0.04936851460040925,0.027870860864768206,0.2898223306474261,0.021848946621119764,0.9150483608245848,True
10,1876431,1876431,101,X2,SHALLOW,0,1042,1.0,0.9839374951679752,-0.0001132858967878,5.099290997845341e-05,-0.0001740702359921,0.46482,10.074999809265137,0.0350000001490115,1,-19.695420483742524,-0.9810490070900215,-0.03737407023599215,0.04859029437694362,0.456335168929245,0.04655657030168358,0.281013548374176,True
10,1876533,1876533,0,X3,DEEP,1,609,1.0,1.0,0.0001134741700923,0.0004967832825522,-1.1065700389056854e-05,0.48981,10.767999649047852,0.0109999999403953,1,-19.32902629501306,-1.3831032167174477,0.06998893429961095,0.03227569367215238,0.3204426451689018,0.0182447919322033,0.3621270060539245,True
10,1878148,1878148,1,S1,SHALLOW,1,225,1.0,1.0,0.0001301085599791,-0.0001017274912149,4.280304851671246e-05,0.22453,10.522000312805176,0.0120000001043081,1,-19.55354446778523,0.7030982725087851,0.021842803048516712,0.02250953526150615,0.1490962381961736,0.015672156617771455,0.8367535471916197,True
10,1878335,1878335,1,X1,SHALLOW,2,604,1.0,4.2080109149940596e-81,-2.673674939401849e-05,0.0003023780063011,-0.0001174324723305,0.56371,8.972000122070312,0.054000001400709,0,-19.991090456263507,0.5732023780063011,-0.09891743247233054,0.045879484315843475,0.4653767529480467,0.04685291559282801,0.1894002109766005,True
10,1878719,1878719,0,S1,SHALLOW,1,1436,1.0,1.0,-0.000663298368444,-0.001074249253147,-0.0006780558420012,0.45753,10.586000442504885,0.032999999821186,1,-19.508466211966265,-0.04717424925314706,-0.0792780558420012,0.05400514803239065,0.48962167930660644,0.0519111230460234,0.048067271709442,True
10,1879208,1879208,1,C1,SHALLOW,1,1049,1.0,1.0,3.3701718045620055e-05,6.466272685790031e-05,4.999021794192815e-05,0.19471,10.657999992370604,0.0089999996125698,1,-19.60463297580304,0.5646646627268579,-0.05125000978205807,0.01901387154014169,0.13459517687983752,0.014485998571272703,0.9999088644981384,True
10,1879256,1879256,1,E1,SHALLOW,1,181,1.0,0.0,1.078575248669722e-06,-0.0003199392011059,2.394938383587508e-05,0.24936,9.092000007629393,0.0179999992251396,0,-19.17448260272727,-1.054219939201106,0.09472394938383588,0.02368105895419949,0.18670967787093593,0.018737854599066944,0.0205802824348211,True
10,1879263,1879263,1,E1,SHALLOW,2,601,1.0,0.623910162693259,-0.0001124358101698,-0.0001426621697286,-6.042516505194717e-05,0.46192,10.005999565124512,0.0189999993890523,1,-19.723281213688306,0.49355733783027134,-0.12756042516505195,0.04381099227202086,0.48441236573174157,0.04393312856324395,0.5380973815917967,True
10,1879313,1879313,101,C2,SHALLOW,0,1027,0.9995,1.0,1.9770116971074003e-05,0.0003365836332019,-1.1131440780950965e-05,0.60969,10.538999557495115,0.0160000007599592,1,-19.421945898544493,-0.47406341636679805,0.11328886855921905,0.1042184180837317,0.956748191667429,0.10040719156930673,0.4764925837516784,True
10,1879412,1879412,0,X3,DEEP,4,607,1.0,1.0,5.5263772935632005e-05,3.604213055363736e-05,-2.072604068255324e-05,0.81984,11.086999893188477,0.0140000004321336,1,-19.800334852572227,-1.6528639578694464,-0.12142072604068255,0.04957484574586276,0.5198703798382063,0.059305894790331985,0.7202088832855223,True
10,1879414,1879414,1,X3,DEEP,1,585,1.0,1.8866778822134455e-51,-0.0005954738131492,-5.343105394944869e-05,-0.0008724491170297,0.38889,7.953999996185303,0.1360000073909759,0,-19.748916668404753,0.4367465689460506,-0.057572449117029745,0.02529319236824664,0.17603194844617145,0.030130778611047338,0.4367209076881408,True
10,1879532,1879532,1,E1,SHALLOW,4,232,1.0,1.0,1.284405520607379e-05,-0.0001889328602295,4.003841134774672e-05,0.37719,10.67099952697754,0.0469999983906745,1,-19.57999406126057,-0.024588932860229562,0.052040038411347744,0.03264039088948501,0.2756483539743884,0.02517039929832913,0.3289230167865753,True
10,1880304,1880304,0,C2,SHALLOW,4,1012,1.0,1.0,-3.976015575801739e-05,4.100083656281839e-05,-3.999544787212928e-05,0.44419,10.520999908447266,0.0140000004321336,1,-19.3060702934931,0.09244100083656281,0.03716000455212787,0.06795143433489759,0.6598181515051007,0.06035271613721976,0.5606265068054199,True
10,1880513,1880513,0,S2,SHALLOW,0,204,1.0,3.8525285135341164e-81,-3.567828114015015e-05,-0.0008707599491916,6.061455435043411e-05,0.64458,9.54300022125244,0.0240000002086162,0,-19.931678830934743,0.4363292400508083,0.038660614554350436,0.05974426378906238,0.7846317622001153,0.057330754094079145,0.1897607743740081,True
10,1880632,1880632,1,X3,DEEP,0,1401,1.0,0.9999999999957327,-0.000540700820224,0.0001793948926478,-0.0008967520067148,0.40538,10.5600004196167,0.0820000022649765,1,-20.02466428963646,-0.37492060510735215,-0.1247967520067148,0.03152845308972469,0.2253039161463925,0.03728541154081314,0.3764286935329437,True
10,1880686,1880686,0,C1,SHALLOW,4,207,1.0,1.0,1.7821389459271586e-05,2.121840203828107e-05,3.447734640182887e-05,0.31406,10.5649995803833,0.0610000006854534,1,-19.805077209728815,0.08072121840203828,-0.08256552265359818,0.01895973352839361,0.17305669995123787,0.015706485019857455,0.0205745231360197,True
10,1881037,1881037,0,C3,DEEP,1,1060,1.0,1.0,3.4456810151795025e-05,8.991729669038939e-05,2.291446150076704e-05,0.76584,10.960000038146973,0.0089999996125698,1,-20.0907618810248,1.2278899172966904,-0.08107708553849924,0.03213744705227555,0.3584031276636191,0.03258449691286774,0.5265740156173706,True
10,1883111,1883111,0,E1,SHALLOW,1,591,0.9993,1.0,-0.0001549761297034,-0.0010099688159352,-0.0001239768262058,0.43278,10.491000175476074,0.0209999997168778,1,-19.468122806879474,-1.2998099688159352,0.10357602317379411,0.06106830282456517,0.45105523539842424,0.051742854731235584,0.4150328636169433,True
10,1883166,1883166,0,X2,SHALLOW,3,177,1.0,1.0,-0.0001403431669544,-7.786487776817452e-05,-3.017628675433884e-05,0.51351,10.777000427246094,0.0309999994933604,1,-19.61577431929077,-1.0421778648777682,0.02066982371324566,0.06527738727355892,0.5283512326145707,0.06319632182177584,0.4317667186260222,True
10,1889022,1889022,101,E1,SHALLOW,1,1038,1.0,4.106125056514317e-65,-6.1589576251464e-05,0.000116152743518,-1.4565080200996255e-05,0.51127,8.623000144958496,0.0810000002384184,0,-19.612759798588485,0.522416152743518,-0.020514565080200997,0.050937467690533006,0.5145430990793045,0.04904782195676502,0.8790559768676756,True
10,1889090,1889090,101,S2,SHALLOW,2,193,1.0,1.9809717468618757e-121,-5.861662853234861e-05,-0.0001562882133323,-7.729130023389e-05,0.5129,8.548999786376953,0.0619999989867209,0,-19.807364802345923,1.5114437117866677,0.01872270869976611,0.04355566227091433,0.4378419745529796,0.039697980216269156,0.8968201875686646,True
10,1889155,1889155,0,X3,DEEP,2,1013,0.9999,7.421676352568718e-21,0.0004061709358786,0.0002364286689975,-0.0004814470378124,0.77826,9.842000007629393,0.0170000009238719,0,-19.891015888513703,0.8351364286689975,0.1789185529621875,0.05759600339687483,0.6689371209508496,0.08895351932664614,0.8201343417167662,True
10,1889211,1889211,0,C1,SHALLOW,2,178,1.0,1.0,0.0001735616460365,0.0017962491459722,0.000134872056942,0.46351,11.034000396728516,0.0410000011324882,1,-19.53874450264062,-1.0010037508540277,0.117734872056942,0.06531222458423297,0.5234051225498781,0.057956022794483766,0.0041897064074872,True
10,1889253,1889253,0,C2,SHALLOW,4,1023,0.9998,1.0,1.2258868302694736e-06,7.249466834347018e-05,-0.0001246939921965,0.53661,11.241999626159668,0.0189999993890523,1,-19.48181539731555,-2.6962275053316564,-0.010724693992196555,0.06890623899247993,0.6239785321565331,0.08967735834590766,0.5775750875473022,True
10,1890212,1890212,0,X3,DEEP,0,1056,1.0,1.0,0.0001499750129454,0.000901820944447,7.124992019924559e-05,0.72776,11.190999984741213,0.0399999991059303,1,-20.250842476903202,0.397001820944447,-0.16232875007980074,0.037807020166063084,0.42979988980675193,0.03895550651018093,0.9544745683670044,True
10,1891082,1891082,101,X1,SHALLOW,0,192,1.0,9.392158595297762e-34,-9.48947313723636e-05,0.0004828839329102,-4.100874090149157e-05,0.54871,9.541999816894531,0.0379999987781046,0,-19.811681075628073,1.1115828839329103,-0.02244100874090149,0.04998047927549912,0.5286879231415706,0.04993420381438156,0.1601906418800354,True
10,1891107,1891107,0,X1,SHALLOW,3,1017,1.0,0.9999999999985888,-3.69341488486441e-05,0.000206139014889,-5.9397337277056206e-05,0.62735,10.510000228881836,0.0729999989271162,1,-20.069405242238318,-1.656493860985111,-0.18595939733727707,0.058991175786097534,0.5242268199975341,0.06685601595991654,0.7507513165473938,True
10,1891261,1891261,0,C1,SHALLOW,3,581,0.9996,1.0,-6.189236497178285e-05,0.0004642238268384,-8.692101261380258e-05,0.50558,11.04599952697754,0.0520000010728835,1,-19.969251348000604,1.5113642238268383,0.0547130789873862,0.04242292518577635,0.4076696029500765,0.03958138645606252,0.5866901874542236,True
10,1892103,1892103,1,X2,SHALLOW,2,172,1.0,1.0,-1.4223412971858806e-05,-0.0007366321794657,-0.0001147781974182,0.26584,10.270999908447266,0.0099999997764825,1,-19.122655158136983,0.5334633678205343,0.1407852218025818,0.024882895505953743,0.28604710020131974,0.019023903185808568,0.3602560758590698,True
10,1892149,1892149,0,S1,SHALLOW,0,190,1.0,1.0,7.588612423248264e-05,0.0011177494541486,-4.104810834736072e-05,0.64025,10.79800033569336,0.0199999995529651,1,-20.05847073893434,-0.7783822505458513,-0.09994104810834736,0.06371746061765372,0.6004124606552181,0.06599845019676,0.3248389363288878,True
10,1892217,1892217,0,C1,SHALLOW,1,622,1.0,1.0,-0.0001367197441339,-7.773038614411476e-05,-0.0001231771683026,0.40897,10.395999908447266,0.0189999993890523,1,-19.785117286809417,0.1510222696138559,-0.06022317716830261,0.04543329511352989,0.3245126771525654,0.03798846571548651,0.7984477877616882,True
10,1894320,1894320,0,C2,SHALLOW,0,1450,0.9999,1.0,0.000170182216415,0.0022394938454335,0.0001818147688813,0.7188,10.930999755859377,0.0260000005364418,1,-19.88573123185538,-1.4776605061545665,-0.06091818523111869,0.08202394474776287,0.9092341740639086,0.08942736753415993,0.4851813614368438,True
10,1895036,1895036,1,E1,SHALLOW,0,1440,1.0,0.9999999999999852,-6.860897041605085e-05,-0.0001369016135619,-4.1972701105629645e-05,0.45194,10.11400032043457,0.0149999996647238,1,-19.879443790700144,0.790663098386438,-0.02614197270110563,0.03540964844056497,0.37908014256621575,0.03375907313401957,0.9844359755516052,True
10,1896111,1896111,0,X3,DEEP,3,231,1.0,1.0,-0.0002490663383305,0.0002589125334702,-0.0007352747541954,0.49243,11.085000038146973,0.0340000018477438,1,-19.891114575448142,-0.6451410874665298,-0.10813527475419549,0.03965214081227074,0.3161058522391609,0.05092211229617136,0.4509022831916809,True
10,1896164,1896164,0,X3,DEEP,1,1020,1.0,1.0,0.0001592329719386,0.0006348527132644,7.438654633388705e-05,0.42068,11.194000244140623,0.0390000008046626,1,-19.927121229938617,0.5771348527132645,0.016874386546333886,0.07650293394400348,0.3744545755623207,0.05507915201545242,0.0725917294621467,True
10,1896213,1896213,0,C3,DEEP,0,641,1.0,1.0,-1.7605790109342934e-05,-0.0003405799956037,0.000220871225442,0.68688,11.078000068664553,0.0250000003725289,1,-19.58074425757495,-1.0318405799956039,0.12362087122544207,0.04237246454661462,0.41919476853204174,0.05023918217225945,0.0671592876315116,True
10,1896254,1896254,0,C2,SHALLOW,4,1006,0.9997,1.5126181995548968e-72,-1.0320226003557307e-05,4.271895408730631e-05,-2.5266386027178456e-05,0.55283,8.526000022888182,0.0820000022649765,0,-19.82348417265539,0.2415427189540873,-0.05042526638602718,0.041780193052655755,0.43058715866248004,0.04467343437105094,0.9629324674606324,True
10,1897267,1897267,1,C3,DEEP,4,1000,1.0,0.0,4.9010510885239e-06,-9.486885260967526e-05,-2.100067324854737e-05,0.3192,9.553000450134276,0.0020000000949949,0,-19.26881536461918,0.8503051311473904,0.09607899932675146,0.017880296809875382,0.1304038204908428,0.01457723333725458,0.8110309839248657,True
10,1898108,1898108,0,X2,SHALLOW,1,643,1.0,1.0,-0.0001256776091551,-0.0001857962051544,-0.0001205912440739,0.51204,10.37600040435791,0.0160000007599592,1,-19.69291184963514,-0.5732857962051545,-0.04492059124407399,0.04059176750271469,0.4422799259199408,0.04575172602024557,0.7496888041496275,True
10,1898252,1898252,0,C2,SHALLOW,3,627,0.9999,1.0,2.623206417950996e-05,0.0001353038890926,-2.68926391645552e-05,0.74571,11.020999908447266,0.0700000002980231,1,-20.255143622373247,-0.4155646961109074,-0.16422689263916457,0.0592617971910856,0.6730972941055765,0.06277666606694356,0.8151909112930296,True
10,1899029,1899029,101,X1,SHALLOW,4,608,0.9999,1.0,3.2370818335181184e-05,0.0003935373790635,-6.661566742637015e-05,0.62411,10.510000228881836,0.0480000004172325,1,-19.994894801439997,1.1002935373790637,0.0028333843325736296,0.05233854093670837,0.5964087145132614,0.05373573483100165,0.3300720155239105,True
10,1899053,1899053,0,E1,SHALLOW,2,179,1.0,1.0,-2.9259503225631533e-05,-0.0001442801171767,1.7711603472629622e-05,0.53746,10.60099983215332,0.0140000004321336,1,-19.682887840212114,-2.7420442801171765,-0.01908228839652737,0.06466496949226504,0.5506260439544202,0.06826662901621121,0.8153571486473083,True
10,1899158,1899158,0,X2,SHALLOW,3,206,0.9999,1.0,5.280447561517576e-05,0.0002659119985863,3.985992643552872e-05,0.64747,11.133000373840332,0.0219999998807907,1,-20.04071182660101,-1.6722340880014137,-0.06656014007356448,0.06601043210516501,0.686449602009479,0.07547092794673885,0.9840307235717772,True
10,1900662,1900662,0,E2,SHALLOW,0,188,1.0,1.0,-9.628259382310488e-05,-0.0003030017054505,-4.808600867689528e-05,0.44791,10.322999954223633,0.0170000009238719,1,-19.497915399484796,0.8372969982945495,0.1128519139913231,0.04719601072972868,0.48659449837515717,0.04196283057544637,0.8401488661766052,True
10,1900856,1900856,0,C2,SHALLOW,1,1415,1.0,1.0,5.625579720813789e-05,0.0001449375487369,3.745403022244187e-05,0.72416,11.218000411987305,0.0710000023245811,1,-20.075985668232484,-0.8294550624512631,-0.042962545969777555,0.06397425945774807,0.7201101138680331,0.0716374652766991,0.9395131468772888,True
10,1900865,1900865,0,C3,DEEP,0,1452,1.0,1.0,-8.991284894221963e-05,-0.0001744392814617,-8.402274179075686e-05,0.45405,10.854000091552734,0.006000000052154,1,-19.211784328132836,-1.2762744392814618,0.09571597725820924,0.03776370550308049,0.24926091387209953,0.0343922428444177,0.9726042151451108,True
10,1901059,1901059,1,X1,SHALLOW,1,615,1.0,9.50021172146008e-262,-9.583212438712962e-06,-0.0001704252049721,-3.2117732775935326e-05,0.25126,9.170999526977539,0.0240000002086162,0,-19.725064237931207,1.006929574795028,-0.020832117732775934,0.02007619206552983,0.1592632703989708,0.015367861407090256,0.9950442910194396,True
10,1901115,1901115,1,X2,SHALLOW,2,1059,1.0,1.0,-2.6411781679058777e-05,-0.0004730597726741,-8.395546499340156e-05,0.29874,10.246999740600586,0.0130000002682209,1,-19.02277256653244,-0.39497305977267416,0.1794160445350066,0.026000182142162192,0.23674811059348028,0.021128376365553474,0.4120855629444121,True
10,1901257,1901257,0,X3,DEEP,4,1437,1.0,1.0,0.0017092971647478,0.0037738764425205,0.0016751148618976,0.51978,11.187999725341797,0.0250000003725289,1,-19.04024791158184,-1.6881261235574794,0.08217511486189766,0.10769423485353147,0.5856445627781857,0.09009905309513506,0.7285600900650024,True
10,1901375,1901375,0,C3,DEEP,1,590,0.9998,0.798522401249169,-9.160415554276824e-05,1.4023260545670269e-05,0.0002234535344294,1.03222,10.04599952697754,0.0549999997019767,1,-20.170053159820775,1.0583140232605457,0.018423453534429424,0.06071721338094212,0.6070941763049238,0.10057586640192374,0.9883845448493956,True
10,1901738,1901738,0,X1,SHALLOW,4,1418,0.9999,1.0,-0.0001856204705177,0.0002381963878305,-0.0001642549126119,0.46975,10.746000289916992,0.0340000018477438,1,-19.786337194220266,-0.7244618036121695,-0.11496425491261197,0.057557771797096854,0.482342917274511,0.05142475557710107,0.4551936686038969,True
10,1901798,1901798,0,X2,SHALLOW,0,640,1.0,1.0,-0.000190596490686,-0.0004836613732783,-0.0002256114380725,0.47577,10.737000465393066,0.0199999995529651,1,-19.349047550592275,-1.7430836613732783,-0.12742561143807252,0.06979936900710325,0.5919493351423851,0.07517232952581201,0.6928712129592896,True
10,1901803,1901803,0,X2,SHALLOW,4,185,0.9999,1.0,-0.0001366829756115,-0.0005650958200394,-6.314477310499778e-05,0.50262,11.11299991607666,0.0260000005364418,1,-19.259942548395067,0.1448349041799606,0.098836855226895,0.07360745106131902,0.6408184131474989,0.06341699712170137,0.2409906983375549,True
10,1901832,1901832,0,X3,DEEP,2,1024,1.0,1.0,-9.360801441715694e-05,-0.0018263218878706,0.0005049449527841,0.91696,11.119000434875488,0.0270000007003545,1,-19.98435657719854,-1.8136263218878708,-0.2194950550472159,0.05948950535677358,0.5851171164494992,0.1510384192539886,0.0067900912836194,True
10,1902212,1902212,0,C3,DEEP,4,632,1.0,0.0,-3.89130055928888e-05,-0.000129622438444,-3.2503413746887144e-06,0.28169,9.57800006866455,0.0020000000949949,0,-18.35857130371425,-0.2852296224384441,0.2437967496586253,0.021114067817747176,0.14829660084676316,0.016688796574898846,0.2972219884395598,True
10,1904092,1904092,0,E2,SHALLOW,3,1403,1.0,1.0,-2.1892949934709804e-05,-0.0001506572979466,-5.614156494512801e-06,0.36798,10.911999702453612,0.006000000052154,1,-19.570010075651044,-0.15325065729794662,0.027594385843505487,0.04221881603881492,0.33702205377270944,0.02874733994420425,0.8140836954116821,True
10,1904152,1904152,0,X3,DEEP,0,1025,1.0,1.0,-0.0002465112279246,-0.0004231990438159,-0.0001559050627581,0.44025,10.994999885559082,0.0070000002160668,1,-19.30727923760997,-1.145123199043816,0.03384409493724183,0.039624010131023096,0.3107494065914741,0.036575658303122226,0.9855473041534424,True
10,1904182,1904182,0,X3,DEEP,0,1457,1.0,1.0,0.0002076828350396,0.0010931197963157,0.0001405154377703,0.76657,10.781000137329102,0.0480000004172325,1,-19.862051465692083,-1.6194068802036843,-0.032959484562229635,0.04930628049368805,0.5062084089259864,0.06370912996189838,0.0622536540031432,True
10,1904287,1904287,0,C3,DEEP,1,998,1.0,1.0,7.090388815811366e-05,-0.0002283745339294,-7.005215341130897e-05,0.69904,10.678000450134276,0.0130000002682209,1,-19.499752246096428,-0.3583283745339294,-0.016870052153411308,0.03491574666402883,0.3709219540931503,0.040061815617558554,0.4689863920211792,True
10,1904293,1904293,0,C3,DEEP,2,215,0.9998,0.6784668666277884,1.0928084073213997e-05,0.0006937252545454,-2.9868100375432527e-05,0.44623,10.019000053405762,0.0410000011324882,1,-19.61776872684203,0.15539372525454542,0.06057013189962457,0.03215940802730995,0.2198501441311619,0.02586648304600149,0.297068566083908,True
10,1904300,1904300,0,C3,DEEP,2,174,1.0,1.0,0.0001960923099311,0.0012453038123424,0.0006003951970314,0.91082,10.859000205993652,0.0199999995529651,1,-19.69205376396421,-0.6268546961876575,0.15410039519703145,0.07698941919098763,0.7597650698214582,0.16721258995873625,0.3905043601989746,True
10,1904321,1904321,0,C2,SHALLOW,0,996,0.9995,1.0,-1.2068128857123384e-05,0.0003749327958084,4.507942152157107e-05,0.61177,10.482999801635742,0.0170000009238719,1,-19.407935937850052,-0.5114250672041916,0.17014507942152157,0.07456806319033076,0.7476894290143267,0.07975267862537189,0.9823763370513916,True
10,1905127,1905127,0,X2,SHALLOW,3,176,0.9993,1.0,2.177435152006524e-05,-0.0002926125744301,7.985651185238307e-05,0.66579,10.350000381469728,0.0179999992251396,1,-19.6211121878548,0.6395073874255699,0.11597985651185239,0.0667022211119194,0.8580468542145797,0.07108238965618684,0.797062873840332,True
10,1905171,1905171,1,S2,SHALLOW,4,995,1.0,1.5439698139466394e-233,-6.950929998339461e-05,-0.0009052084701998,2.412579553813521e-05,0.30307,9.25,0.0230000000447034,0,-19.19675213427488,0.6206947915298002,0.08762412579553813,0.027886230846286657,0.2516376194796332,0.020233044817278542,0.3909298181533812,True
10,1905244,1905244,0,X3,DEEP,4,1416,1.0,0.998831926331528,-0.0001099075287278,-0.0007190018518472,-0.0002284923183533,0.36176,10.416999816894531,0.1369999945163726,1,-19.405866239640222,-0.3721190018518472,0.020671507681646606,0.020924490047414337,0.21015400477041762,0.01987559779110122,0.5447149276733398,True
10,1906545,1906545,0,X3,DEEP,3,1064,0.9998,1.0,-0.00022010807454,-0.0015741388556141,-7.76028350703839e-05,0.54806,11.317999839782717,0.0170000009238719,1,-19.50395155888879,-0.4568741388556141,-0.07497760283507038,0.05277396013047969,0.5571227953627197,0.05679164815062182,0.9772256016731262,True
10,1909375,1909375,1,C3,DEEP,2,211,1.0,1.0,-5.46710122044658e-05,-0.0002130701543219,-3.64194859922562e-06,0.33753,10.583000183105469,0.0140000004321336,1,-19.95519159445388,0.6247869298456781,-0.09400364194859923,0.01745087695889331,0.13553865685342326,0.01383399537027783,0.7519953250885008,True
10,1910132,1910132,0,X3,DEEP,2,1451,0.9999,0.9999999999941532,-6.903265576596596e-05,3.630566177637018e-05,-8.182292500285432e-05,0.26271,11.098999977111816,0.1620000004768371,1,-19.683702480193073,-0.5589636943382237,-0.05808182292500286,0.02305432098223317,0.16189807693754643,0.019382411046776887,0.0230335500091314,True
10,1912020,1912020,0,C1,SHALLOW,3,1428,1.0,0.999999999847582,8.656847469978857e-07,0.0001121635282182,-6.911900767692103e-05,0.55436,10.340000152587892,0.054000001400709,1,-19.93896798764378,-0.004487836471781748,-0.12706911900767692,0.052385787233004584,0.5010664335387892,0.05042927422142467,0.3884423375129699,True
10,1912110,1912110,0,E2,SHALLOW,2,644,0.9991,4.775858317437558e-100,-7.467454473797375e-05,-0.0005121065998543,3.83287118657788e-05,0.53763,9.788000106811523,0.0099999997764825,0,-19.945417567540837,1.4253878934001456,0.07803832871186578,0.04544374815629979,0.5656687969072024,0.04411806697298346,0.1643039435148239,True
10,1913214,1913214,1,X2,SHALLOW,1,1419,1.0,0.9999999999999988,-5.770604718335903e-05,-0.000361164495032,-9.170610715846655e-05,0.31615,10.633999824523926,0.0799999982118606,1,-19.46261204701633,-1.706761164495032,-0.05559170610715847,0.031002447273639454,0.21327196839106802,0.023698464423124534,0.998858332633972,True
10,1915067,1915067,0,E2,SHALLOW,0,630,0.9996,1.0,-5.310197231978009e-05,9.206373953296598e-06,-6.667021509246251e-05,0.45699,10.737000465393066,0.003000000026077,1,-19.423647093657998,0.7232092063739533,0.14933332978490754,0.05309405062749252,0.6170388589284944,0.05028710795479197,0.9523672461509703,True
10,1915087,1915087,0,E2,SHALLOW,0,198,0.9999,1.0,-3.95454289403574e-05,0.0001922989910849,-6.071786021485948e-05,0.56104,10.406999588012695,0.0199999995529651,1,-19.76124955571837,-2.024407701008915,-0.13646071786021485,0.055389823594615174,0.5621982154777144,0.07427599367390193,0.86321622133255,True
10,1915184,1915184,0,X3,DEEP,4,619,1.0,0.0,3.888048263789301e-05,5.905926253635396e-05,-3.492367398921087e-06,0.5246,9.810999870300291,0.0040000001899898,0,-19.717332381362674,0.9265590592625363,0.01899650763260108,0.030997343198842592,0.28523849684214975,0.028624693449782586,0.5904991626739502,True
10,1916124,1916124,0,X1,SHALLOW,2,1412,0.9999,3.034619403261802e-110,-0.0001754794019035,-0.0004285395751086,-0.0001249196641369,0.43071,9.598999977111816,0.0179999992251396,0,-19.372777014911215,0.9489714604248913,0.16027508033586302,0.04905502906999289,0.4742261230917391,0.04121589297263461,0.8509976863861084,True
10,1916143,1916143,0,X2,SHALLOW,4,197,1.0,2.289562632558008e-271,-0.0002657554837668,-7.025796181975297e-05,-0.0001886952922217,0.45362,8.803999900817871,0.0340000018477438,0,-19.85357142942187,0.4175297420381803,-0.13648869529222174,0.047228609992191195,0.40390231358725215,0.04038461052329829,0.2285846173763274,True
10,1916207,1916207,0,S2,SHALLOW,3,220,1.0,4.568530612203044e-94,-0.0002533222389793,-0.0011363087498816,-0.0002710282189522,0.40841,9.506999969482418,0.0240000002086162,0,-19.573081436676745,0.1662636912501183,0.01212897178104777,0.0472343724148677,0.40819310755232163,0.03908004461621806,0.6898140311241148,True
10,1919017,1919017,0,E1,SHALLOW,0,1460,0.9999,0.999999915595445,-4.535706632680103e-05,-0.0001364462435067,8.776745877570047e-06,0.21849,10.543999671936035,0.1040000021457672,1,-18.589829640648766,-1.8689364462435067,0.21630877674587756,0.0434963481074965,0.302970157641878,0.03126093539822465,0.600540280342102,True
10,1919042,1919042,0,E2,SHALLOW,3,1446,1.0,7.343297795163786e-06,-6.756213722169946e-05,-0.0007333009358912,-1.971409735093688e-05,0.34814,9.947999954223633,0.0120000001043081,0,-19.599655117286797,0.11036669906410879,0.02948028590264906,0.02841069678127945,0.32464413101452444,0.02256056193373715,0.9295312166213988,True
10,1920362,1920362,0,C2,SHALLOW,0,1423,0.9999,1.0,-0.000167513381168,-0.0001365033540235,-0.0002183050014984,0.39835,10.460000038146973,0.0130000002682209,1,-19.456029624614118,-0.18883650335402358,0.1556816949985016,0.04109201437115747,0.331385687744459,0.03780902387492068,0.5435734987258911,True
10,1920365,1920365,1,C2,SHALLOW,1,1431,1.0,1.0,-4.21798137750784e-05,-0.0002936473519897,-1.3213662252320456e-05,0.36549,10.56999969482422,0.0109999999403953,1,-19.74828648575651,0.35750635264801023,-0.026713213662252322,0.02333028527394367,0.22426818953619407,0.01796821372648057,0.9625751972198486,True
10,1921033,1921033,0,S2,SHALLOW,1,1432,1.0,0.0,-3.0513985645796996e-05,0.000208088078726,-4.1525043443822046e-05,0.23707,8.612999916076658,0.0260000005364418,0,-19.433677429354358,0.9473080880787261,-0.009841525043443822,0.021536795319169834,0.24429163442884924,0.016077791787694067,0.6844708323478697,True
10,1921361,1921361,1,C2,SHALLOW,3,625,1.0,9.856661435957632e-144,-1.761400230293475e-05,-0.000401050559696,-3.770062739874569e-05,0.34459,8.368000030517578,0.0640000030398368,0,-19.866252567116305,1.335698949440304,-0.05723770062739875,0.02349611663449448,0.21944514268097148,0.017260053577881625,0.7877366542816162,True
10,1922067,1922067,1,X1,SHALLOW,0,1045,1.0,7.35005466609321e-226,0.0001045189183024,0.0002436982015887,5.387226308600779e-05,0.19771,8.973999977111816,0.0320000015199184,0,-19.849104502825043,1.3986436982015888,-0.04784612773691399,0.022268218392289367,0.20173317151819403,0.01652112301637745,0.9999905824661252,True
10,1922297,1922297,1,E2,SHALLOW,0,214,0.9998,0.0,-0.0001351070157014,-0.0001011230371015,-7.435382946502367e-05,0.43225,9.91100025177002,0.0020000000949949,0,-19.692463484712732,0.023998876962898485,0.05082564617053498,0.0503334524123616,0.4229858913621275,0.04557972705764357,0.9098820686340332,True
10,1922405,1922405,0,C2,SHALLOW,4,646,1.0,8.474986623379341e-102,-5.63822796095792e-05,-0.000252763826247,-7.246623905226429e-05,0.51619,9.614999771118164,0.0179999992251396,0,-19.694430381855746,0.8567472361737529,-0.030872466239052265,0.05027094463919643,0.4705436527894619,0.046661052489428,0.4844435155391693,True
10,1923060,1923060,1,X1,SHALLOW,1,1033,1.0,1.0,-0.0002829206255903,-0.0023825436407206,-0.0002864809915525,0.38247,10.29800033569336,0.0130000002682209,1,-19.719651575421757,0.2944174563592794,0.02761351900844744,0.03616827893233495,0.35430223033014324,0.03166924516131207,0.5740397572517395,True
10,1923155,1923155,101,C3,DEEP,3,1448,0.9995,0.0,-0.0001111761903018,-0.000619024350281,-5.475737252938484e-05,0.39201,9.444000244140623,0.0130000002682209,0,-18.942995394741587,0.754980975649719,0.19774524262747062,0.03252501447614661,0.229680442830836,0.02662063841734902,0.8883120417594907,True
10,1924089,1924089,0,X2,SHALLOW,0,1063,1.0,1.0,-0.0002178053271251,-0.0003713415138869,-0.0001362302010127,0.46299,10.348999977111816,0.0289999991655349,1,-19.693461525939597,0.5164286584861131,0.011063769798987266,0.04203156071741684,0.45593371684005685,0.03986010744306203,0.7931992411613464,True
10,1924103,1924103,0,X2,SHALLOW,1,620,1.0,1.0,-0.000231265384464,-0.0004044814947976,-0.000154194030163,0.4638,10.812999725341797,0.0130000002682209,1,-19.629371602525445,0.08199551850520237,-0.012254194030163035,0.04738813078068425,0.5173414136383776,0.0469704671912311,0.4950362145900725,True
10,1925122,1925122,0,S2,SHALLOW,4,202,0.9997,1.096990527949942e-54,-0.0004817134508527,-0.0039742014592861,-0.0003782091823389,0.38274,9.736000061035154,0.0170000009238719,0,-18.824133845225226,-0.8758742014592862,0.15042179081766105,0.06133159388017434,0.5945272790842324,0.05394804295163583,0.3492204546928405,True
10,1927242,1927242,1,E2,SHALLOW,1,199,1.0,1.0,1.1673873601125707e-07,0.0008855540156416,-5.371864683239788e-05,0.24576,11.050000190734863,0.0189999993890523,1,-18.986709314807822,-2.4000144459843584,-0.0217537186468324,0.03269618552655224,0.3326775618182461,0.028785394033411817,0.159390941262245,True
10,1927254,1927254,0,C2,SHALLOW,1,1438,0.9993,0.8907924378481897,-1.597182077262005e-06,-8.491565913107402e-05,3.507850498845472e-05,0.58091,10.015999794006348,0.0130000002682209,1,-19.326405156242743,-0.17418491565913108,0.05303507850498845,0.07251022304119357,0.6867465309415687,0.07646026366228059,0.6012122631072998,True
10,1928157,1928157,0,X1,SHALLOW,1,189,1.0,1.0,-7.30139471478708e-05,-0.0005593683920279,-5.5055321920396624e-05,0.54379,10.376999855041504,0.0120000001043081,1,-19.60275510480802,-1.209959368392028,-0.015255055321920397,0.04194638038998658,0.45228145718176765,0.04456216900371602,0.4157353043556212,True
10,1929022,1929022,0,C1,SHALLOW,2,586,0.9998,1.0,6.503041458572056e-05,6.86092217010506e-05,-3.055717541868008e-05,0.75356,10.82699966430664,0.0489999987185001,1,-19.936133004760357,0.05846860922170105,-0.05633055717541868,0.0786237133395375,0.8945350480741368,0.08445108574587565,0.7559111714363098,True
10,1929024,1929024,1,C1,SHALLOW,1,1004,1.0,4.702039138297712e-23,-0.000130900795817,-0.0002344971037953,-0.000149182039022,0.31564,9.892000198364256,0.0109999999403953,0,-19.22919833186279,0.5660655028962047,0.08035081796097798,0.054083098521611736,0.29393640220247697,0.04079749913507524,0.9714637994766236,True
10,1929063,1929063,0,E1,SHALLOW,2,227,1.0,2.2747226411336638e-119,0.0001647033490215,0.0044706724477704,0.0001534616953786,0.22211,9.767999649047853,0.0099999997764825,0,-19.199321456974104,-0.6642293275522295,0.054853461695378636,0.03818478355669888,0.32424211960170785,0.02719792079046949,0.5325959324836731,True
10,1929216,1929216,1,X1,SHALLOW,1,639,1.0,0.9087937902503642,-0.0001406648759676,-0.0010867570260679,-4.43285493852974e-05,0.33584,10.020000457763672,0.0149999996647238,1,-19.39829191353099,1.500213242973932,0.09365567145061471,0.04117430790038072,0.53244232449929,0.02902136786647657,0.7145043015480042,True
10,1933168,1933168,0,C1,SHALLOW,4,1039,1.0,1.0,-1.3664033460258906e-07,0.0001805786452947,-5.500325429377492e-05,0.43495,11.223999977111816,0.1099999994039535,1,-19.816780729971242,-0.8615194213547053,-0.014955003254293775,0.05220771584033984,0.35791899057904086,0.04251253700780809,0.3801925480365753,True
10,1934253,1934253,101,C3,DEEP,4,1454,1.0,0.0,-7.882155401262025e-06,-2.1103256613419497e-05,-2.4760869822374257e-05,0.53739,8.487999916076658,0.0289999991655349,0,-19.685350777156344,0.3235788967433866,0.008875239130177626,0.027560615421322876,0.2393970693806719,0.026608788000239893,0.2801232635974884,True
10,1936125,1936125,0,C3,DEEP,3,594,0.9999,1.0,-6.840656829965042e-05,-0.0014939975198441,0.0003266307321122,0.8953,10.755999565124512,0.0230000000447034,1,-20.33565066708028,-0.9764939975198441,-0.17577336926788778,0.04240834489883595,0.4873503783076105,0.09682253688064384,0.7128149271011353,True
10,1936171,1936171,0,C2,SHALLOW,0,182,1.0,1.0,-9.281648575765188e-05,-8.775398822358227e-05,-2.8591608607117517e-05,0.47336,10.975000381469728,0.0149999996647238,1,-19.513689273787286,-1.7443877539882235,0.09867140839139288,0.06620862009468058,0.5923149918649403,0.056601458925084,0.9374895095825196,True
10,1936215,1936215,0,S1,SHALLOW,1,584,1.0,1.21864300880694e-39,1.2615767555956836e-05,0.0045866887912336,-0.0001870331701244,0.61011,9.251999855041504,0.0570000000298023,0,-20.032742590367306,0.3650866887912336,-0.08978703317012449,0.05627405646756503,0.880658819761036,0.05662077752055107,0.5798843502998352,True
10,1936353,1936353,0,X2,SHALLOW,4,638,0.9994,1.0,-9.78481604185788e-05,0.003748201625064,0.000328047730013,0.69154,10.9399995803833,0.0199999995529651,1,-19.83835421566574,-2.654951798374936,-0.10747195226998696,0.06119632673407631,0.16119227989966883,0.10239613791714713,0.0933232232928276,True
10,1942106,1942106,0,C2,SHALLOW,0,618,0.9998,1.0,-0.0005760338723206,0.0010296855015279,-0.0007002914529053,0.56584,11.185999870300291,0.0419999994337557,1,-19.564243220287306,1.073229685501528,0.09229970854709468,0.048444050832560946,0.8026503226427623,0.054130905511395364,0.2308372259140014,True
10,1943111,1943111,0,C3,DEEP,4,645,0.9999,1.0,-3.099640239767609e-05,0.0003009847853938,-4.751226800731555e-05,0.31562,11.04800033569336,0.0230000000447034,1,-19.387693828987445,-0.8140990152146061,0.006552487731992684,0.02093305850088818,0.20933231499424973,0.01713736074144942,0.7605375051498413,True
10,1945116,1945116,0,C2,SHALLOW,1,1016,1.0,1.0,-0.0003224106961106,-0.0017810002674965,-0.0002683652243401,0.54469,10.420000076293944,0.0140000004321336,1,-19.809976497108746,-0.5802810002674965,-0.13226836522434016,0.03954806349769365,0.48926743553118646,0.04811611764065896,0.6031247377395628,True
10,1946322,1946322,0,C2,SHALLOW,4,1430,1.0,1.0,-6.509081691064011e-05,0.0010470451278333,2.3419543451395648e-05,0.59043,11.034999847412108,0.0430000014603137,1,-19.782644086813022,0.5137470451278334,-0.0017765804565486043,0.04010346322390266,0.5553655065626426,0.04639249478230864,0.3053517043590545,True
10,1948209,1948209,0,C3,DEEP,3,990,1.0,0.0,-0.0001800215144029,-0.0008801344337849,-0.0002142487849194,0.37942,9.128999710083008,0.0080000003799796,0,-19.8198269244554,0.30531986556621504,-0.09921424878491947,0.03333723898239596,0.29847814336593614,0.031231721642772933,0.3404189348220825,True
10,1948295,1948295,0,C2,SHALLOW,4,1058,1.0,1.0,3.3313409641522185e-05,-4.546524357412762e-05,-6.544362051713604e-05,0.78324,10.538999557495115,0.0619999989867209,1,-19.955158131362865,-0.14574546524357412,-0.17186544362051714,0.06360826801773449,0.8462879817996358,0.06540376808953875,0.5198095440864563,True
10,1948484,1948484,0,X3,DEEP,2,1400,0.9996,1.0,6.593961370526813e-05,-0.002974576298107,-8.619097107864793e-05,0.34436,10.81999969482422,0.0839999988675116,1,-19.57964868579958,-2.136574576298107,-0.06358619097107865,0.043059021307127826,0.539269406899961,0.03507607271191645,0.718102216720581,True
10,1959025,1959025,0,C2,SHALLOW,3,1410,0.9998,1.0,9.274489521970963e-05,0.0003801674291841,5.6618439332203896e-05,0.61137,10.798999786376951,0.0149999996647238,1,-19.349585551629453,-2.1567198325708157,-0.1205433815606678,0.08069325892112197,0.6689003035961449,0.10524242071821677,0.2859839797019957,True
10,1968046,1968046,0,C1,SHALLOW,3,617,1.0,1.0,0.0001065775168171,0.0025915241262512,9.01838386940107e-05,0.27255,10.77400016784668,0.0740000009536743,1,-19.540813802697734,-0.9291084758737487,-0.082909816161306,0.03321133362522718,0.3142287127605671,0.027111244957771154,0.7578329443931578,True
