START G11_first_hr_corrected_covdiag_0.2

Iteration:  100
Rhat values for alpha, beta, log(sigma^2), mean(xi), log(var(xi)), atanh(corr(xi, eta)):
[1.18862074 1.22883291 1.95743713 1.05727793 0.99871789 2.21408474]

Iteration:  200
Rhat values for alpha, beta, log(sigma^2), mean(xi), log(var(xi)), atanh(corr(xi, eta)):
[1.10124068 1.12421304 1.07613791 1.03951115 1.03253322 1.19416059]

Iteration:  300
Rhat values for alpha, beta, log(sigma^2), mean(xi), log(var(xi)), atanh(corr(xi, eta)):
[1.02162889 1.01899835 1.11624059 0.99837952 1.01373061 1.05932213]

Iteration:  400
Rhat values for alpha, beta, log(sigma^2), mean(xi), log(var(xi)), atanh(corr(xi, eta)):
[1.015884   1.01736163 1.1391688  0.99988751 1.01603848 1.01932911]

Iteration:  500
Rhat values for alpha, beta, log(sigma^2), mean(xi), log(var(xi)), atanh(corr(xi, eta)):
[1.02853676 1.04349072 1.12967256 1.00380147 1.01212733 1.02973307]

Iteration:  600
Rhat values for alpha, beta, log(sigma^2), mean(xi), log(var(xi)), atanh(corr(xi, eta)):
[1.02589134 1.0413869  1.15449178 1.00648119 1.00003279 1.04403887]

Iteration:  700
Rhat values for alpha, beta, log(sigma^2), mean(xi), log(var(xi)), atanh(corr(xi, eta)):
[1.01933479 1.02963797 1.1346181  1.00578449 0.99941503 1.04218539]

Iteration:  800
Rhat values for alpha, beta, log(sigma^2), mean(xi), log(var(xi)), atanh(corr(xi, eta)):
[1.02626628 1.03272302 1.11257818 1.00260529 0.99994089 1.02385806]

Iteration:  900
Rhat values for alpha, beta, log(sigma^2), mean(xi), log(var(xi)), atanh(corr(xi, eta)):
[1.02537171 1.03251168 1.06995876 1.00071709 0.99986061 1.01578178]

Iteration:  1000
Rhat values for alpha, beta, log(sigma^2), mean(xi), log(var(xi)), atanh(corr(xi, eta)):
[1.02455181 1.02887318 1.05219837 1.00009537 0.99981262 1.0118612 ]

Iteration:  1100
Rhat values for alpha, beta, log(sigma^2), mean(xi), log(var(xi)), atanh(corr(xi, eta)):
[1.0269846  1.02937708 1.05787227 1.00048786 0.9997467  1.00612858]

Iteration:  1200
Rhat values for alpha, beta, log(sigma^2), mean(xi), log(var(xi)), atanh(corr(xi, eta)):
[1.02678878 1.02886351 1.04910785 1.00033455 0.99976925 1.00879595]

Iteration:  1300
Rhat values for alpha, beta, log(sigma^2), mean(xi), log(var(xi)), atanh(corr(xi, eta)):
[1.02209497 1.02373069 1.04444683 1.00063416 0.99976565 1.0093738 ]

Iteration:  1400
Rhat values for alpha, beta, log(sigma^2), mean(xi), log(var(xi)), atanh(corr(xi, eta)):
[1.02128447 1.02324101 1.03456489 1.00084975 0.99977898 1.01334222]

Iteration:  1500
Rhat values for alpha, beta, log(sigma^2), mean(xi), log(var(xi)), atanh(corr(xi, eta)):
[1.01918797 1.02192883 1.02672606 1.0014589  0.99983461 1.01757517]

Iteration:  1600
Rhat values for alpha, beta, log(sigma^2), mean(xi), log(var(xi)), atanh(corr(xi, eta)):
[1.0162718  1.01825206 1.02790705 1.00177498 0.99984205 1.01368474]

Iteration:  1700
Rhat values for alpha, beta, log(sigma^2), mean(xi), log(var(xi)), atanh(corr(xi, eta)):
[1.01569538 1.01742115 1.04240542 1.00102381 0.99984988 1.01300559]

Iteration:  1800
Rhat values for alpha, beta, log(sigma^2), mean(xi), log(var(xi)), atanh(corr(xi, eta)):
[1.01914645 1.02046007 1.0560901  1.00071429 0.99987897 1.01915038]

Iteration:  1900
Rhat values for alpha, beta, log(sigma^2), mean(xi), log(var(xi)), atanh(corr(xi, eta)):
[1.02068066 1.01987814 1.06703092 1.00097528 0.99989435 1.01800325]

Iteration:  2000
Rhat values for alpha, beta, log(sigma^2), mean(xi), log(var(xi)), atanh(corr(xi, eta)):
[1.02365381 1.02244696 1.06779621 1.00113488 0.99991272 1.01370646]

Iteration:  2100
Rhat values for alpha, beta, log(sigma^2), mean(xi), log(var(xi)), atanh(corr(xi, eta)):
[1.02092388 1.02063855 1.06714643 0.99999686 0.99971296 1.0151235 ]

Iteration:  2200
Rhat values for alpha, beta, log(sigma^2), mean(xi), log(var(xi)), atanh(corr(xi, eta)):
[1.02017064 1.02018748 1.06005321 0.99995261 0.99972481 1.01613932]

Iteration:  2300
Rhat values for alpha, beta, log(sigma^2), mean(xi), log(var(xi)), atanh(corr(xi, eta)):
[1.02194119 1.02153297 1.04958429 0.99999312 0.99975472 1.01642963]

Iteration:  2400
Rhat values for alpha, beta, log(sigma^2), mean(xi), log(var(xi)), atanh(corr(xi, eta)):
[1.01567576 1.01537176 1.04903602 1.00067841 0.99977243 1.01635464]

Iteration:  2500
Rhat values for alpha, beta, log(sigma^2), mean(xi), log(var(xi)), atanh(corr(xi, eta)):
[1.00988365 1.00953652 1.0459863  1.0006454  0.999725   1.01247245]

Iteration:  2600
Rhat values for alpha, beta, log(sigma^2), mean(xi), log(var(xi)), atanh(corr(xi, eta)):
[1.00761001 1.00741581 1.04503609 1.00101181 0.99972926 1.01026884]

Iteration:  2700
Rhat values for alpha, beta, log(sigma^2), mean(xi), log(var(xi)), atanh(corr(xi, eta)):
[1.00424786 1.00391601 1.03771197 1.00120093 0.99974521 1.00682464]

Iteration:  2800
Rhat values for alpha, beta, log(sigma^2), mean(xi), log(var(xi)), atanh(corr(xi, eta)):
[1.00329428 1.00295965 1.03292107 1.00137632 0.99973747 1.0054884 ]

Iteration:  2900
Rhat values for alpha, beta, log(sigma^2), mean(xi), log(var(xi)), atanh(corr(xi, eta)):
[1.00317686 1.00250729 1.03378046 1.00179287 0.99975922 1.00488037]

Iteration:  3000
Rhat values for alpha, beta, log(sigma^2), mean(xi), log(var(xi)), atanh(corr(xi, eta)):
[1.00275784 1.00179502 1.03547208 1.00211962 0.99976072 1.00453988]

Iteration:  3100
Rhat values for alpha, beta, log(sigma^2), mean(xi), log(var(xi)), atanh(corr(xi, eta)):
[1.00118658 1.0004656  1.03585984 1.00198222 0.99976712 1.00538193]

Iteration:  3200
Rhat values for alpha, beta, log(sigma^2), mean(xi), log(var(xi)), atanh(corr(xi, eta)):
[1.00264842 1.00139838 1.03325461 1.00147091 0.99977203 1.00579653]

Iteration:  3300
Rhat values for alpha, beta, log(sigma^2), mean(xi), log(var(xi)), atanh(corr(xi, eta)):
[1.00394606 1.00243537 1.02522015 1.00153613 0.99977843 1.00498892]

Iteration:  3400
Rhat values for alpha, beta, log(sigma^2), mean(xi), log(var(xi)), atanh(corr(xi, eta)):
[1.004089   1.0024256  1.02322458 1.00183304 0.99979183 1.00515976]

Iteration:  3500
Rhat values for alpha, beta, log(sigma^2), mean(xi), log(var(xi)), atanh(corr(xi, eta)):
[1.00269708 1.00153518 1.02629198 1.0022955  0.99980087 1.00512619]

Iteration:  3600
Rhat values for alpha, beta, log(sigma^2), mean(xi), log(var(xi)), atanh(corr(xi, eta)):
[1.00286615 1.00144619 1.02685077 1.00191221 0.99980757 1.00352213]

Iteration:  3700
Rhat values for alpha, beta, log(sigma^2), mean(xi), log(var(xi)), atanh(corr(xi, eta)):
[1.0032155  1.00173077 1.03136329 1.00249827 0.9998168  1.00352114]

Iteration:  3800
Rhat values for alpha, beta, log(sigma^2), mean(xi), log(var(xi)), atanh(corr(xi, eta)):
[1.00292251 1.00135639 1.03678032 1.0020308  0.99983361 1.00464859]

Iteration:  3900
Rhat values for alpha, beta, log(sigma^2), mean(xi), log(var(xi)), atanh(corr(xi, eta)):
[1.003882   1.00210859 1.03914035 1.002108   0.99983807 1.00406858]

Iteration:  4000
Rhat values for alpha, beta, log(sigma^2), mean(xi), log(var(xi)), atanh(corr(xi, eta)):
[1.00317337 1.00165196 1.04130269 1.00176719 0.99984792 1.00452608]

Iteration:  4100
Rhat values for alpha, beta, log(sigma^2), mean(xi), log(var(xi)), atanh(corr(xi, eta)):
[1.00312858 1.00162056 1.04431782 1.00172619 0.99984979 1.00664124]

Iteration:  4200
Rhat values for alpha, beta, log(sigma^2), mean(xi), log(var(xi)), atanh(corr(xi, eta)):
[1.00347803 1.0018011  1.04357233 1.00194893 0.99985443 1.00677714]

Iteration:  4300
Rhat values for alpha, beta, log(sigma^2), mean(xi), log(var(xi)), atanh(corr(xi, eta)):
[1.00347029 1.00152392 1.04197265 1.00175074 0.99986102 1.00537783]

Iteration:  4400
Rhat values for alpha, beta, log(sigma^2), mean(xi), log(var(xi)), atanh(corr(xi, eta)):
[1.00304075 1.00120586 1.04143036 1.00178253 0.99985882 1.00551791]

Iteration:  4500
Rhat values for alpha, beta, log(sigma^2), mean(xi), log(var(xi)), atanh(corr(xi, eta)):
[1.00255699 1.00106873 1.04550351 1.00154614 0.99985859 1.00515586]

Iteration:  4600
Rhat values for alpha, beta, log(sigma^2), mean(xi), log(var(xi)), atanh(corr(xi, eta)):
[1.00230281 1.0008942  1.04385585 1.0015559  0.99985959 1.00555744]

Iteration:  4700
Rhat values for alpha, beta, log(sigma^2), mean(xi), log(var(xi)), atanh(corr(xi, eta)):
[1.00143605 1.00046778 1.0392828  1.00165107 0.99986292 1.00559229]

Iteration:  4800
Rhat values for alpha, beta, log(sigma^2), mean(xi), log(var(xi)), atanh(corr(xi, eta)):
[1.00105812 1.00019544 1.03747476 1.00141936 0.99986747 1.00561279]

Iteration:  4900
Rhat values for alpha, beta, log(sigma^2), mean(xi), log(var(xi)), atanh(corr(xi, eta)):
[1.00185792 1.00061303 1.03573603 1.00149867 0.99987062 1.00473271]

Iteration:  5000
Rhat values for alpha, beta, log(sigma^2), mean(xi), log(var(xi)), atanh(corr(xi, eta)):
[1.00163683 1.00056511 1.03447486 1.0011445  0.99987018 1.00439043]

Iteration:  5100
Rhat values for alpha, beta, log(sigma^2), mean(xi), log(var(xi)), atanh(corr(xi, eta)):
[1.00129443 1.00049965 1.03404557 1.00089704 0.99987361 1.00451938]

Iteration:  5200
Rhat values for alpha, beta, log(sigma^2), mean(xi), log(var(xi)), atanh(corr(xi, eta)):
[1.00160733 1.0006834  1.03369679 1.00091766 0.99988325 1.00446522]

Iteration:  5300
Rhat values for alpha, beta, log(sigma^2), mean(xi), log(var(xi)), atanh(corr(xi, eta)):
[1.00113572 1.00036007 1.03447047 1.00081686 0.99988482 1.00566437]

Iteration:  5400
Rhat values for alpha, beta, log(sigma^2), mean(xi), log(var(xi)), atanh(corr(xi, eta)):
[1.00129067 1.00059081 1.03682496 1.00087267 0.99988806 1.00799021]

Iteration:  5500
Rhat values for alpha, beta, log(sigma^2), mean(xi), log(var(xi)), atanh(corr(xi, eta)):
[1.00110485 1.00053126 1.03374127 1.00096243 0.99989078 1.00708984]

Iteration:  5600
Rhat values for alpha, beta, log(sigma^2), mean(xi), log(var(xi)), atanh(corr(xi, eta)):
[1.00151231 1.0007518  1.03022352 1.00088291 0.9998907  1.00411947]

Iteration:  5700
Rhat values for alpha, beta, log(sigma^2), mean(xi), log(var(xi)), atanh(corr(xi, eta)):
[1.00167911 1.00088661 1.02748615 1.00119834 0.99989376 1.00320543]

Iteration:  5800
Rhat values for alpha, beta, log(sigma^2), mean(xi), log(var(xi)), atanh(corr(xi, eta)):
[1.00178685 1.000982   1.02869982 1.00123468 0.99989516 1.00394878]

Iteration:  5900
Rhat values for alpha, beta, log(sigma^2), mean(xi), log(var(xi)), atanh(corr(xi, eta)):
[1.00147378 1.0007365  1.02702938 1.00150146 0.99989998 1.00434175]

Iteration:  6000
Rhat values for alpha, beta, log(sigma^2), mean(xi), log(var(xi)), atanh(corr(xi, eta)):
[1.00179236 1.00110385 1.02745076 1.00137556 0.99989892 1.00466499]

Iteration:  6100
Rhat values for alpha, beta, log(sigma^2), mean(xi), log(var(xi)), atanh(corr(xi, eta)):
[1.00209954 1.00141231 1.02870103 1.00152572 0.99990486 1.00501076]

Iteration:  6200
Rhat values for alpha, beta, log(sigma^2), mean(xi), log(var(xi)), atanh(corr(xi, eta)):
[1.00235414 1.00161295 1.03179522 1.00191141 0.99990886 1.00500457]

Iteration:  6300
Rhat values for alpha, beta, log(sigma^2), mean(xi), log(var(xi)), atanh(corr(xi, eta)):
[1.00147706 1.00083804 1.03290903 1.00172169 0.99991149 1.00541483]

Iteration:  6400
Rhat values for alpha, beta, log(sigma^2), mean(xi), log(var(xi)), atanh(corr(xi, eta)):
[1.00159766 1.00098751 1.0358228  1.00159898 0.99991328 1.00614836]

Iteration:  6500
Rhat values for alpha, beta, log(sigma^2), mean(xi), log(var(xi)), atanh(corr(xi, eta)):
[1.0018876  1.00141668 1.04004015 1.00164132 0.99991663 1.00712632]

Iteration:  6600
Rhat values for alpha, beta, log(sigma^2), mean(xi), log(var(xi)), atanh(corr(xi, eta)):
[1.00220052 1.00192144 1.04491558 1.00192869 0.99987817 1.00761756]

Iteration:  6700
Rhat values for alpha, beta, log(sigma^2), mean(xi), log(var(xi)), atanh(corr(xi, eta)):
[1.00287192 1.00269    1.0457889  1.00193286 0.99988197 1.0072972 ]

Iteration:  6800
Rhat values for alpha, beta, log(sigma^2), mean(xi), log(var(xi)), atanh(corr(xi, eta)):
[1.00319787 1.00298601 1.04386879 1.00209975 0.99988563 1.00661668]

Iteration:  6900
Rhat values for alpha, beta, log(sigma^2), mean(xi), log(var(xi)), atanh(corr(xi, eta)):
[1.0032277  1.0030088  1.04111898 1.00196136 0.99988722 1.00617676]

Iteration:  7000
Rhat values for alpha, beta, log(sigma^2), mean(xi), log(var(xi)), atanh(corr(xi, eta)):
[1.00227694 1.001946   1.04012637 1.00210656 0.99987623 1.00643361]

Iteration:  7100
Rhat values for alpha, beta, log(sigma^2), mean(xi), log(var(xi)), atanh(corr(xi, eta)):
[1.00242346 1.00197919 1.03838096 1.00232016 0.99987544 1.00646618]

Iteration:  7200
Rhat values for alpha, beta, log(sigma^2), mean(xi), log(var(xi)), atanh(corr(xi, eta)):
[1.00253987 1.00197238 1.03847505 1.00204274 0.99987647 1.00581834]

Iteration:  7300
Rhat values for alpha, beta, log(sigma^2), mean(xi), log(var(xi)), atanh(corr(xi, eta)):
[1.00288228 1.00233726 1.04098028 1.0022509  0.9998946  1.00610358]

Iteration:  7400
Rhat values for alpha, beta, log(sigma^2), mean(xi), log(var(xi)), atanh(corr(xi, eta)):
[1.00303391 1.00246501 1.04196104 1.00204599 1.00001891 1.00585224]

Iteration:  7500
Rhat values for alpha, beta, log(sigma^2), mean(xi), log(var(xi)), atanh(corr(xi, eta)):
[1.00327625 1.00287923 1.0431758  1.00196661 1.00001908 1.00597216]

Iteration:  7600
Rhat values for alpha, beta, log(sigma^2), mean(xi), log(var(xi)), atanh(corr(xi, eta)):
[1.00293646 1.00245688 1.04369046 1.00186759 1.00001537 1.00580325]

Iteration:  7700
Rhat values for alpha, beta, log(sigma^2), mean(xi), log(var(xi)), atanh(corr(xi, eta)):
[1.00285844 1.00262917 1.04071072 1.00187547 1.00001307 1.00524388]

Iteration:  7800
Rhat values for alpha, beta, log(sigma^2), mean(xi), log(var(xi)), atanh(corr(xi, eta)):
[1.00346829 1.00314642 1.03853054 1.00164769 1.00001323 1.00468026]

Iteration:  7900
Rhat values for alpha, beta, log(sigma^2), mean(xi), log(var(xi)), atanh(corr(xi, eta)):
[1.00346383 1.00318177 1.03810049 1.00146303 1.00001383 1.00471316]

Iteration:  8000
Rhat values for alpha, beta, log(sigma^2), mean(xi), log(var(xi)), atanh(corr(xi, eta)):
[1.00417625 1.00388829 1.03569945 1.00155375 1.00001445 1.00406171]

Iteration:  8100
Rhat values for alpha, beta, log(sigma^2), mean(xi), log(var(xi)), atanh(corr(xi, eta)):
[1.00484293 1.00460443 1.03473348 1.00161024 0.99996554 1.00402397]

Iteration:  8200
Rhat values for alpha, beta, log(sigma^2), mean(xi), log(var(xi)), atanh(corr(xi, eta)):
[1.00431727 1.00432181 1.03371289 1.00140165 0.99996586 1.00359902]

Iteration:  8300
Rhat values for alpha, beta, log(sigma^2), mean(xi), log(var(xi)), atanh(corr(xi, eta)):
[1.0041041  1.0040419  1.03091854 1.00125731 0.99996596 1.00307154]

Iteration:  8400
Rhat values for alpha, beta, log(sigma^2), mean(xi), log(var(xi)), atanh(corr(xi, eta)):
[1.0040164  1.00392702 1.03096938 1.00135701 0.99996654 1.00292285]

Iteration:  8500
Rhat values for alpha, beta, log(sigma^2), mean(xi), log(var(xi)), atanh(corr(xi, eta)):
[1.00373522 1.00364458 1.03056539 1.00132637 0.99996773 1.00266175]

Iteration:  8600
Rhat values for alpha, beta, log(sigma^2), mean(xi), log(var(xi)), atanh(corr(xi, eta)):
[1.00411471 1.00408    1.03034485 1.00129032 0.99996818 1.0028454 ]

Iteration:  8700
Rhat values for alpha, beta, log(sigma^2), mean(xi), log(var(xi)), atanh(corr(xi, eta)):
[1.00428464 1.00415558 1.02993013 1.00126224 0.99996893 1.00278342]

Iteration:  8800
Rhat values for alpha, beta, log(sigma^2), mean(xi), log(var(xi)), atanh(corr(xi, eta)):
[1.00499644 1.0048614  1.02669896 1.00138959 1.00003574 1.00199215]

Iteration:  8900
Rhat values for alpha, beta, log(sigma^2), mean(xi), log(var(xi)), atanh(corr(xi, eta)):
[1.00541458 1.00524301 1.02467498 1.00160152 1.00003467 1.00158142]

Iteration:  9000
Rhat values for alpha, beta, log(sigma^2), mean(xi), log(var(xi)), atanh(corr(xi, eta)):
[1.00545968 1.0053693  1.02354211 1.00200217 1.00003426 1.00149947]

Iteration:  9100
Rhat values for alpha, beta, log(sigma^2), mean(xi), log(var(xi)), atanh(corr(xi, eta)):
[1.00509275 1.00498974 1.02306276 1.00218666 1.00003346 1.00142821]

Iteration:  9200
Rhat values for alpha, beta, log(sigma^2), mean(xi), log(var(xi)), atanh(corr(xi, eta)):
[1.00491945 1.00472078 1.02099709 1.00204953 1.00003294 1.0008499 ]

Iteration:  9300
Rhat values for alpha, beta, log(sigma^2), mean(xi), log(var(xi)), atanh(corr(xi, eta)):
[1.00470017 1.0045021  1.01981193 1.00196071 1.00003175 1.00067839]

Iteration:  9400
Rhat values for alpha, beta, log(sigma^2), mean(xi), log(var(xi)), atanh(corr(xi, eta)):
[1.00431182 1.00406324 1.02014076 1.00189247 0.99999541 1.00086809]

Iteration:  9500
Rhat values for alpha, beta, log(sigma^2), mean(xi), log(var(xi)), atanh(corr(xi, eta)):
[1.00335959 1.00312747 1.02061666 1.00188254 0.99999547 1.00100903]

Iteration:  9600
Rhat values for alpha, beta, log(sigma^2), mean(xi), log(var(xi)), atanh(corr(xi, eta)):
[1.00370803 1.00349848 1.0210093  1.00190004 0.9999955  1.00130191]

Iteration:  9700
Rhat values for alpha, beta, log(sigma^2), mean(xi), log(var(xi)), atanh(corr(xi, eta)):
[1.00360178 1.00344639 1.02124569 1.00179604 0.9999904  1.00105364]

Iteration:  9800
Rhat values for alpha, beta, log(sigma^2), mean(xi), log(var(xi)), atanh(corr(xi, eta)):
[1.00310207 1.00296817 1.02016674 1.00199881 0.99999051 1.00108379]

Iteration:  9900
Rhat values for alpha, beta, log(sigma^2), mean(xi), log(var(xi)), atanh(corr(xi, eta)):
[1.00275544 1.00262317 1.01787165 1.00213657 0.99999062 1.00089748]

Iteration:  10000
Rhat values for alpha, beta, log(sigma^2), mean(xi), log(var(xi)), atanh(corr(xi, eta)):
[1.00253495 1.00246935 1.016729   1.00212477 0.99999077 1.00081895]

Iteration:  10100
Rhat values for alpha, beta, log(sigma^2), mean(xi), log(var(xi)), atanh(corr(xi, eta)):
[1.00262013 1.00257236 1.01528068 1.00201595 0.99999085 1.00070918]

Iteration:  10200
Rhat values for alpha, beta, log(sigma^2), mean(xi), log(var(xi)), atanh(corr(xi, eta)):
[1.00266959 1.00259752 1.01432566 1.00203489 0.99999091 1.00064564]

Iteration:  10300
Rhat values for alpha, beta, log(sigma^2), mean(xi), log(var(xi)), atanh(corr(xi, eta)):
[1.00257342 1.00251972 1.01426455 1.0020905  0.99999099 1.00074244]

Iteration:  10400
Rhat values for alpha, beta, log(sigma^2), mean(xi), log(var(xi)), atanh(corr(xi, eta)):
[1.00221397 1.0021969  1.01463823 1.00232826 0.99999108 1.00109267]

Iteration:  10500
Rhat values for alpha, beta, log(sigma^2), mean(xi), log(var(xi)), atanh(corr(xi, eta)):
[1.00261497 1.00253427 1.01543529 1.00218655 0.99999116 1.00126172]

Iteration:  10600
Rhat values for alpha, beta, log(sigma^2), mean(xi), log(var(xi)), atanh(corr(xi, eta)):
[1.00286995 1.00283789 1.01574702 1.00199634 0.99999125 1.0011503 ]

Iteration:  10700
Rhat values for alpha, beta, log(sigma^2), mean(xi), log(var(xi)), atanh(corr(xi, eta)):
[1.0025654  1.00253415 1.01690171 1.00200686 0.99999133 1.00112611]

Iteration:  10800
Rhat values for alpha, beta, log(sigma^2), mean(xi), log(var(xi)), atanh(corr(xi, eta)):
[1.00258845 1.00255012 1.01608462 1.00181084 0.9999914  1.00103424]

Iteration:  10900
Rhat values for alpha, beta, log(sigma^2), mean(xi), log(var(xi)), atanh(corr(xi, eta)):
[1.00289921 1.00296049 1.01375652 1.00163958 0.99999148 1.00095461]

Iteration:  11000
Rhat values for alpha, beta, log(sigma^2), mean(xi), log(var(xi)), atanh(corr(xi, eta)):
[1.00311696 1.00327646 1.01153446 1.00163221 0.99999155 1.00100549]

Iteration:  11100
Rhat values for alpha, beta, log(sigma^2), mean(xi), log(var(xi)), atanh(corr(xi, eta)):
[1.00347878 1.00361798 1.0108051  1.00159333 0.99999163 1.00101853]

Iteration:  11200
Rhat values for alpha, beta, log(sigma^2), mean(xi), log(var(xi)), atanh(corr(xi, eta)):
[1.00346372 1.00362851 1.01070515 1.00164954 0.99999171 1.00109306]

Iteration:  11300
Rhat values for alpha, beta, log(sigma^2), mean(xi), log(var(xi)), atanh(corr(xi, eta)):
[1.00339783 1.00356706 1.01065105 1.00188971 0.99999178 1.00111316]

Iteration:  11400
Rhat values for alpha, beta, log(sigma^2), mean(xi), log(var(xi)), atanh(corr(xi, eta)):
[1.00344923 1.00357145 1.01019418 1.00187324 0.99999186 1.00093706]

Iteration:  11500
Rhat values for alpha, beta, log(sigma^2), mean(xi), log(var(xi)), atanh(corr(xi, eta)):
[1.0032978  1.00338591 1.01127334 1.00179653 0.99999195 1.00067695]

Iteration:  11600
Rhat values for alpha, beta, log(sigma^2), mean(xi), log(var(xi)), atanh(corr(xi, eta)):
[1.00324476 1.00325182 1.01181547 1.00183688 0.99999202 1.0005829 ]

Iteration:  11700
Rhat values for alpha, beta, log(sigma^2), mean(xi), log(var(xi)), atanh(corr(xi, eta)):
[1.00303425 1.00301705 1.01221    1.00189776 0.99999209 1.00061046]

Iteration:  11800
Rhat values for alpha, beta, log(sigma^2), mean(xi), log(var(xi)), atanh(corr(xi, eta)):
[1.0029627  1.00302996 1.0122841  1.00196397 0.99999215 1.00064086]

Iteration:  11900
Rhat values for alpha, beta, log(sigma^2), mean(xi), log(var(xi)), atanh(corr(xi, eta)):
[1.00308709 1.00328726 1.01225176 1.00190056 0.99999222 1.00081945]

Iteration:  12000
Rhat values for alpha, beta, log(sigma^2), mean(xi), log(var(xi)), atanh(corr(xi, eta)):
[1.00306957 1.00334382 1.01135239 1.00199034 0.99999228 1.00120865]

Iteration:  12100
Rhat values for alpha, beta, log(sigma^2), mean(xi), log(var(xi)), atanh(corr(xi, eta)):
[1.00326626 1.00351334 1.01100777 1.00196714 0.99999236 1.0014373 ]

Iteration:  12200
Rhat values for alpha, beta, log(sigma^2), mean(xi), log(var(xi)), atanh(corr(xi, eta)):
[1.00308148 1.00330958 1.01122983 1.00181598 0.99999243 1.00164281]

Iteration:  12300
Rhat values for alpha, beta, log(sigma^2), mean(xi), log(var(xi)), atanh(corr(xi, eta)):
[1.0027471  1.00300067 1.01074282 1.00176133 0.99999248 1.00150057]

Iteration:  12400
Rhat values for alpha, beta, log(sigma^2), mean(xi), log(var(xi)), atanh(corr(xi, eta)):
[1.00272658 1.0030631  1.01021388 1.0018144  0.99999254 1.00156378]

Iteration:  12500
Rhat values for alpha, beta, log(sigma^2), mean(xi), log(var(xi)), atanh(corr(xi, eta)):
[1.00266452 1.00302954 1.01015593 1.00172598 0.9999926  1.00157761]

Iteration:  12600
Rhat values for alpha, beta, log(sigma^2), mean(xi), log(var(xi)), atanh(corr(xi, eta)):
[1.00296744 1.00334307 1.00997135 1.00165742 0.99999266 1.00197348]

Iteration:  12700
Rhat values for alpha, beta, log(sigma^2), mean(xi), log(var(xi)), atanh(corr(xi, eta)):
[1.00317914 1.00350602 1.00945453 1.00184386 0.99999272 1.00200404]

Iteration:  12800
Rhat values for alpha, beta, log(sigma^2), mean(xi), log(var(xi)), atanh(corr(xi, eta)):
[1.0033157  1.00358706 1.00975698 1.00186168 0.99999277 1.00220758]

Iteration:  12900
Rhat values for alpha, beta, log(sigma^2), mean(xi), log(var(xi)), atanh(corr(xi, eta)):
[1.00347204 1.0037053  1.01036622 1.00177463 0.99999282 1.00234297]

Iteration:  13000
Rhat values for alpha, beta, log(sigma^2), mean(xi), log(var(xi)), atanh(corr(xi, eta)):
[1.00404659 1.00423674 1.01053713 1.00176541 0.99999288 1.00276682]

Iteration:  13100
Rhat values for alpha, beta, log(sigma^2), mean(xi), log(var(xi)), atanh(corr(xi, eta)):
[1.00442015 1.00453488 1.01103394 1.0016204  0.99999293 1.00261101]

Iteration:  13200
Rhat values for alpha, beta, log(sigma^2), mean(xi), log(var(xi)), atanh(corr(xi, eta)):
[1.00449021 1.00447261 1.01095705 1.00172054 0.99999298 1.00272713]

Iteration:  13300
Rhat values for alpha, beta, log(sigma^2), mean(xi), log(var(xi)), atanh(corr(xi, eta)):
[1.00442335 1.00448487 1.01122143 1.00163014 0.99999304 1.00287184]

Iteration:  13400
Rhat values for alpha, beta, log(sigma^2), mean(xi), log(var(xi)), atanh(corr(xi, eta)):
[1.00448488 1.00451251 1.01140466 1.00161591 0.99999309 1.0027352 ]

Iteration:  13500
Rhat values for alpha, beta, log(sigma^2), mean(xi), log(var(xi)), atanh(corr(xi, eta)):
[1.00419838 1.00412466 1.0120218  1.00161336 0.99999314 1.00261082]

Iteration:  13600
Rhat values for alpha, beta, log(sigma^2), mean(xi), log(var(xi)), atanh(corr(xi, eta)):
[1.00421439 1.00403464 1.01335882 1.00152658 0.99999321 1.00243393]

Iteration:  13700
Rhat values for alpha, beta, log(sigma^2), mean(xi), log(var(xi)), atanh(corr(xi, eta)):
[1.00438385 1.00423387 1.01453343 1.00152572 0.99999326 1.00257443]

Iteration:  13800
Rhat values for alpha, beta, log(sigma^2), mean(xi), log(var(xi)), atanh(corr(xi, eta)):
[1.00414086 1.00387305 1.01543148 1.00143032 0.99999331 1.00261195]

Iteration:  13900
Rhat values for alpha, beta, log(sigma^2), mean(xi), log(var(xi)), atanh(corr(xi, eta)):
[1.00400041 1.00356442 1.01558024 1.00128056 0.99999335 1.0025876 ]

Iteration:  14000
Rhat values for alpha, beta, log(sigma^2), mean(xi), log(var(xi)), atanh(corr(xi, eta)):
[1.00393764 1.00346922 1.01530651 1.0012791  0.99999338 1.0026453 ]

Iteration:  14100
Rhat values for alpha, beta, log(sigma^2), mean(xi), log(var(xi)), atanh(corr(xi, eta)):
[1.00387475 1.00351411 1.0152963  1.00124514 0.99999342 1.0030416 ]

Iteration:  14200
Rhat values for alpha, beta, log(sigma^2), mean(xi), log(var(xi)), atanh(corr(xi, eta)):
[1.00385378 1.00355504 1.01559946 1.00123119 0.99999346 1.0033535 ]

Iteration:  14300
Rhat values for alpha, beta, log(sigma^2), mean(xi), log(var(xi)), atanh(corr(xi, eta)):
[1.003695   1.0033403  1.0153346  1.00122581 0.99999351 1.00316107]

Iteration:  14400
Rhat values for alpha, beta, log(sigma^2), mean(xi), log(var(xi)), atanh(corr(xi, eta)):
[1.00349959 1.0032037  1.01456282 1.00121239 0.99999355 1.00280807]

Iteration:  14500
Rhat values for alpha, beta, log(sigma^2), mean(xi), log(var(xi)), atanh(corr(xi, eta)):
[1.00350974 1.00319435 1.01447941 1.00125989 0.99999353 1.00257383]

Iteration:  14600
Rhat values for alpha, beta, log(sigma^2), mean(xi), log(var(xi)), atanh(corr(xi, eta)):
[1.00364006 1.00334411 1.01501293 1.00121798 0.99999363 1.00274445]

Iteration:  14700
Rhat values for alpha, beta, log(sigma^2), mean(xi), log(var(xi)), atanh(corr(xi, eta)):
[1.00342443 1.00317865 1.01522506 1.00124392 0.99999367 1.00267523]

Iteration:  14800
Rhat values for alpha, beta, log(sigma^2), mean(xi), log(var(xi)), atanh(corr(xi, eta)):
[1.00347209 1.00316738 1.01487672 1.00117227 0.99999371 1.00244443]

Iteration:  14900
Rhat values for alpha, beta, log(sigma^2), mean(xi), log(var(xi)), atanh(corr(xi, eta)):
[1.00334822 1.00301843 1.0143654  1.00109364 0.99999379 1.00199549]

Iteration:  15000
Rhat values for alpha, beta, log(sigma^2), mean(xi), log(var(xi)), atanh(corr(xi, eta)):
[1.00327957 1.00299111 1.01414252 1.00107745 0.99999384 1.00166138]

Iteration:  15100
Rhat values for alpha, beta, log(sigma^2), mean(xi), log(var(xi)), atanh(corr(xi, eta)):
[1.00329103 1.00290709 1.01461779 1.000936   0.99999389 1.00149593]

Iteration:  15200
Rhat values for alpha, beta, log(sigma^2), mean(xi), log(var(xi)), atanh(corr(xi, eta)):
[1.0032057  1.00282849 1.01481874 1.00090464 0.99999394 1.00157944]

Iteration:  15300
Rhat values for alpha, beta, log(sigma^2), mean(xi), log(var(xi)), atanh(corr(xi, eta)):
[1.00313505 1.00274396 1.01496786 1.00096775 0.99999399 1.00183163]

Iteration:  15400
Rhat values for alpha, beta, log(sigma^2), mean(xi), log(var(xi)), atanh(corr(xi, eta)):
[1.00284468 1.00239914 1.01522801 1.00105836 0.99999402 1.00192969]

Iteration:  15500
Rhat values for alpha, beta, log(sigma^2), mean(xi), log(var(xi)), atanh(corr(xi, eta)):
[1.00267571 1.00230284 1.0150857  1.00108952 0.99999406 1.00199104]

Iteration:  15600
Rhat values for alpha, beta, log(sigma^2), mean(xi), log(var(xi)), atanh(corr(xi, eta)):
[1.00307485 1.00260369 1.01453637 1.00105542 0.99999408 1.00191612]

Iteration:  15700
Rhat values for alpha, beta, log(sigma^2), mean(xi), log(var(xi)), atanh(corr(xi, eta)):
[1.003003   1.00244172 1.01381467 1.00100083 0.99999411 1.00201372]

Iteration:  15800
Rhat values for alpha, beta, log(sigma^2), mean(xi), log(var(xi)), atanh(corr(xi, eta)):
[1.00264768 1.00208015 1.01335783 1.00093122 0.99999414 1.00199633]

Iteration:  15900
Rhat values for alpha, beta, log(sigma^2), mean(xi), log(var(xi)), atanh(corr(xi, eta)):
[1.00289343 1.00234728 1.01343791 1.00082968 0.99999418 1.00231309]

Iteration:  16000
Rhat values for alpha, beta, log(sigma^2), mean(xi), log(var(xi)), atanh(corr(xi, eta)):
[1.00290817 1.00234925 1.01348439 1.00081344 0.99999423 1.00260439]

Iteration:  16100
Rhat values for alpha, beta, log(sigma^2), mean(xi), log(var(xi)), atanh(corr(xi, eta)):
[1.00275788 1.00224228 1.01340579 1.0009429  0.99999427 1.00277451]

Iteration:  16200
Rhat values for alpha, beta, log(sigma^2), mean(xi), log(var(xi)), atanh(corr(xi, eta)):
[1.00276206 1.0022701  1.01344194 1.00099645 0.99999431 1.00277939]

Iteration:  16300
Rhat values for alpha, beta, log(sigma^2), mean(xi), log(var(xi)), atanh(corr(xi, eta)):
[1.00265757 1.0021886  1.01319675 1.00101393 0.99999414 1.00292772]

Iteration:  16400
Rhat values for alpha, beta, log(sigma^2), mean(xi), log(var(xi)), atanh(corr(xi, eta)):
[1.00282537 1.00236208 1.01285    1.00102207 0.99999418 1.00317884]

Iteration:  16500
Rhat values for alpha, beta, log(sigma^2), mean(xi), log(var(xi)), atanh(corr(xi, eta)):
[1.00280647 1.00234235 1.01276521 1.00110247 0.99999422 1.00345907]

Iteration:  16600
Rhat values for alpha, beta, log(sigma^2), mean(xi), log(var(xi)), atanh(corr(xi, eta)):
[1.00262818 1.00210641 1.01282344 1.00109932 0.99999425 1.00365368]

Iteration:  16700
Rhat values for alpha, beta, log(sigma^2), mean(xi), log(var(xi)), atanh(corr(xi, eta)):
[1.00251378 1.00192822 1.01314539 1.00114532 0.99999428 1.00371702]

Iteration:  16800
Rhat values for alpha, beta, log(sigma^2), mean(xi), log(var(xi)), atanh(corr(xi, eta)):
[1.00239487 1.00183153 1.01328394 1.00112675 0.99999432 1.00373392]

Iteration:  16900
Rhat values for alpha, beta, log(sigma^2), mean(xi), log(var(xi)), atanh(corr(xi, eta)):
[1.00254091 1.00190147 1.01371206 1.00120078 0.99999435 1.00399935]

Iteration:  17000
Rhat values for alpha, beta, log(sigma^2), mean(xi), log(var(xi)), atanh(corr(xi, eta)):
[1.00239407 1.00178143 1.01345774 1.00119206 0.99999435 1.00387551]

Iteration:  17100
Rhat values for alpha, beta, log(sigma^2), mean(xi), log(var(xi)), atanh(corr(xi, eta)):
[1.00210066 1.0015639  1.01331256 1.00117142 0.99999438 1.00367996]

Iteration:  17200
Rhat values for alpha, beta, log(sigma^2), mean(xi), log(var(xi)), atanh(corr(xi, eta)):
[1.00212561 1.0016029  1.01286205 1.00117888 0.99999441 1.00355823]

Iteration:  17300
Rhat values for alpha, beta, log(sigma^2), mean(xi), log(var(xi)), atanh(corr(xi, eta)):
[1.00207269 1.00161059 1.01263058 1.00119001 0.99999445 1.00381281]

Iteration:  17400
Rhat values for alpha, beta, log(sigma^2), mean(xi), log(var(xi)), atanh(corr(xi, eta)):
[1.00183362 1.0014069  1.01255077 1.00122818 0.99999447 1.00344642]

Iteration:  17500
Rhat values for alpha, beta, log(sigma^2), mean(xi), log(var(xi)), atanh(corr(xi, eta)):
[1.0017412  1.00133313 1.01332819 1.00118552 0.9999945  1.00344044]

Iteration:  17600
Rhat values for alpha, beta, log(sigma^2), mean(xi), log(var(xi)), atanh(corr(xi, eta)):
[1.00173926 1.00132198 1.0135737  1.0010895  0.99999453 1.00342072]

Iteration:  17700
Rhat values for alpha, beta, log(sigma^2), mean(xi), log(var(xi)), atanh(corr(xi, eta)):
[1.00168587 1.00125545 1.01366525 1.00112015 0.99999456 1.00343312]

Iteration:  17800
Rhat values for alpha, beta, log(sigma^2), mean(xi), log(var(xi)), atanh(corr(xi, eta)):
[1.0017275  1.00129185 1.01377922 1.00112601 0.9999946  1.00335569]

Iteration:  17900
Rhat values for alpha, beta, log(sigma^2), mean(xi), log(var(xi)), atanh(corr(xi, eta)):
[1.00180635 1.00139483 1.01392917 1.00103083 0.99999463 1.00324321]

Iteration:  18000
Rhat values for alpha, beta, log(sigma^2), mean(xi), log(var(xi)), atanh(corr(xi, eta)):
[1.00179088 1.00141666 1.01414217 1.00118063 0.99999466 1.00344688]

Iteration:  18100
Rhat values for alpha, beta, log(sigma^2), mean(xi), log(var(xi)), atanh(corr(xi, eta)):
[1.00175432 1.00138638 1.01502331 1.00117124 0.99999469 1.00365458]

Iteration:  18200
Rhat values for alpha, beta, log(sigma^2), mean(xi), log(var(xi)), atanh(corr(xi, eta)):
[1.00181429 1.00141268 1.01546447 1.00127408 0.99999472 1.0035492 ]

Iteration:  18300
Rhat values for alpha, beta, log(sigma^2), mean(xi), log(var(xi)), atanh(corr(xi, eta)):
[1.00183053 1.00141405 1.01544221 1.00128247 0.99999475 1.00350016]

Iteration:  18400
Rhat values for alpha, beta, log(sigma^2), mean(xi), log(var(xi)), atanh(corr(xi, eta)):
[1.00189643 1.00150446 1.01593122 1.00129541 0.99999478 1.0037883 ]

Iteration:  18500
Rhat values for alpha, beta, log(sigma^2), mean(xi), log(var(xi)), atanh(corr(xi, eta)):
[1.00175457 1.00145013 1.01684702 1.00128199 0.99999481 1.00406814]

Iteration:  18600
Rhat values for alpha, beta, log(sigma^2), mean(xi), log(var(xi)), atanh(corr(xi, eta)):
[1.00168365 1.00143922 1.01760778 1.00129432 0.99999484 1.00436786]

Iteration:  18700
Rhat values for alpha, beta, log(sigma^2), mean(xi), log(var(xi)), atanh(corr(xi, eta)):
[1.00164731 1.00141613 1.01791202 1.00125696 0.99999487 1.00446661]

Iteration:  18800
Rhat values for alpha, beta, log(sigma^2), mean(xi), log(var(xi)), atanh(corr(xi, eta)):
[1.00170331 1.00148253 1.01793984 1.00122775 0.99999489 1.00467203]

Iteration:  18900
Rhat values for alpha, beta, log(sigma^2), mean(xi), log(var(xi)), atanh(corr(xi, eta)):
[1.00173563 1.00153233 1.01738432 1.00120071 0.99999492 1.00478874]

Iteration:  19000
Rhat values for alpha, beta, log(sigma^2), mean(xi), log(var(xi)), atanh(corr(xi, eta)):
[1.00178252 1.00158919 1.0172706  1.00127287 0.99999495 1.00485898]

Iteration:  19100
Rhat values for alpha, beta, log(sigma^2), mean(xi), log(var(xi)), atanh(corr(xi, eta)):
[1.00166538 1.00145367 1.0168225  1.00119173 0.99999497 1.00457375]

Iteration:  19200
Rhat values for alpha, beta, log(sigma^2), mean(xi), log(var(xi)), atanh(corr(xi, eta)):
[1.0016726  1.00141949 1.01607012 1.00111688 0.99999499 1.00431132]

Iteration:  19300
Rhat values for alpha, beta, log(sigma^2), mean(xi), log(var(xi)), atanh(corr(xi, eta)):
[1.00152859 1.00130593 1.01565981 1.00110224 0.99999501 1.00398647]

Iteration:  19400
Rhat values for alpha, beta, log(sigma^2), mean(xi), log(var(xi)), atanh(corr(xi, eta)):
[1.00153905 1.00128061 1.01562829 1.00110977 0.99999501 1.00410688]

Iteration:  19500
Rhat values for alpha, beta, log(sigma^2), mean(xi), log(var(xi)), atanh(corr(xi, eta)):
[1.0013866  1.00112702 1.01612723 1.00114892 0.99999506 1.00422682]

Iteration:  19600
Rhat values for alpha, beta, log(sigma^2), mean(xi), log(var(xi)), atanh(corr(xi, eta)):
[1.00150568 1.00118218 1.01656718 1.00113468 0.99999502 1.00435812]

Iteration:  19700
Rhat values for alpha, beta, log(sigma^2), mean(xi), log(var(xi)), atanh(corr(xi, eta)):
[1.00147356 1.00119366 1.01663112 1.00109604 0.99999954 1.00434874]

Iteration:  19800
Rhat values for alpha, beta, log(sigma^2), mean(xi), log(var(xi)), atanh(corr(xi, eta)):
[1.0013292  1.00111144 1.01603274 1.00108026 0.99999955 1.00421376]

Iteration:  19900
Rhat values for alpha, beta, log(sigma^2), mean(xi), log(var(xi)), atanh(corr(xi, eta)):
[1.00132122 1.00114672 1.01557467 1.00108587 0.99999955 1.0041431 ]

Iteration:  20000
Rhat values for alpha, beta, log(sigma^2), mean(xi), log(var(xi)), atanh(corr(xi, eta)):
[1.00129002 1.0011184  1.0150728  1.00110379 0.99999955 1.00398375]
{"name": "G11_first_hr_corrected_covdiag_0.2", "n": 100, "seed": 20261020, "mean": -0.018876015226492734, "sd": 0.011757241676389894, "q025_975": [-0.0421367211713933, 0.003946134300198425], "p_negative": 0.948975, "scatter_mean": 0.04169673974392603, "retained_draws": 40000, "split_rhat": {"alpha": 1.0040086382691356, "beta": 1.0058859885747156, "sigsqr": 1.0093797278631302}}
START G11_first_hr_corrected_covdiag_0.42

Iteration:  100
Rhat values for alpha, beta, log(sigma^2), mean(xi), log(var(xi)), atanh(corr(xi, eta)):
[1.3575187  1.33207505 1.59240018 1.05713727 1.06779968 1.29184296]

Iteration:  200
Rhat values for alpha, beta, log(sigma^2), mean(xi), log(var(xi)), atanh(corr(xi, eta)):
[1.20072791 1.17878393 1.5071025  1.05163136 1.05333516 1.13946008]

Iteration:  300
Rhat values for alpha, beta, log(sigma^2), mean(xi), log(var(xi)), atanh(corr(xi, eta)):
[1.23180503 1.19908481 1.26225832 1.03572753 1.02512143 1.15475586]

Iteration:  400
Rhat values for alpha, beta, log(sigma^2), mean(xi), log(var(xi)), atanh(corr(xi, eta)):
[1.09628751 1.07482374 1.21504825 1.02757097 1.00699635 1.06705172]

Iteration:  500
Rhat values for alpha, beta, log(sigma^2), mean(xi), log(var(xi)), atanh(corr(xi, eta)):
[1.03906716 1.02555949 1.15404099 1.02204934 1.00073539 1.02620129]

Iteration:  600
Rhat values for alpha, beta, log(sigma^2), mean(xi), log(var(xi)), atanh(corr(xi, eta)):
[1.0213309  1.01459635 1.18030022 1.01484867 1.00053047 1.02363639]

Iteration:  700
Rhat values for alpha, beta, log(sigma^2), mean(xi), log(var(xi)), atanh(corr(xi, eta)):
[1.01904407 1.01164796 1.16562007 1.01108694 1.00062924 1.01369693]

Iteration:  800
Rhat values for alpha, beta, log(sigma^2), mean(xi), log(var(xi)), atanh(corr(xi, eta)):
[1.0310812  1.02021179 1.15679972 1.01118397 1.00091439 1.00991125]

Iteration:  900
Rhat values for alpha, beta, log(sigma^2), mean(xi), log(var(xi)), atanh(corr(xi, eta)):
[1.0355712  1.02342635 1.19592514 1.01122786 1.0007755  1.00828706]

Iteration:  1000
Rhat values for alpha, beta, log(sigma^2), mean(xi), log(var(xi)), atanh(corr(xi, eta)):
[1.04009992 1.02737935 1.18697758 1.00801013 1.00067427 1.0091096 ]

Iteration:  1100
Rhat values for alpha, beta, log(sigma^2), mean(xi), log(var(xi)), atanh(corr(xi, eta)):
[1.03545984 1.02341907 1.1684095  1.00580458 1.00068935 1.00891571]

Iteration:  1200
Rhat values for alpha, beta, log(sigma^2), mean(xi), log(var(xi)), atanh(corr(xi, eta)):
[1.03029866 1.02027842 1.12470453 1.00568722 1.00038148 1.00781834]

Iteration:  1300
Rhat values for alpha, beta, log(sigma^2), mean(xi), log(var(xi)), atanh(corr(xi, eta)):
[1.02388061 1.01725702 1.09313356 1.00684563 1.00024417 1.00672779]

Iteration:  1400
Rhat values for alpha, beta, log(sigma^2), mean(xi), log(var(xi)), atanh(corr(xi, eta)):
[1.02067739 1.01610103 1.08260135 1.00559687 1.00034276 1.00937182]

Iteration:  1500
Rhat values for alpha, beta, log(sigma^2), mean(xi), log(var(xi)), atanh(corr(xi, eta)):
[1.02199989 1.01747699 1.06496706 1.00713875 1.00021883 1.01152142]

Iteration:  1600
Rhat values for alpha, beta, log(sigma^2), mean(xi), log(var(xi)), atanh(corr(xi, eta)):
[1.02024845 1.01604466 1.03880938 1.00596789 1.00017803 1.01073752]

Iteration:  1700
Rhat values for alpha, beta, log(sigma^2), mean(xi), log(var(xi)), atanh(corr(xi, eta)):
[1.02259566 1.019448   1.01728768 1.00607274 1.00010476 1.01630326]

Iteration:  1800
Rhat values for alpha, beta, log(sigma^2), mean(xi), log(var(xi)), atanh(corr(xi, eta)):
[1.0232451  1.02092147 1.00816608 1.00592844 1.00008928 1.02833848]

Iteration:  1900
Rhat values for alpha, beta, log(sigma^2), mean(xi), log(var(xi)), atanh(corr(xi, eta)):
[1.02721733 1.02440751 1.01148807 1.0039859  1.00010762 1.04192234]

Iteration:  2000
Rhat values for alpha, beta, log(sigma^2), mean(xi), log(var(xi)), atanh(corr(xi, eta)):
[1.02340536 1.0219003  1.02132836 1.00214394 1.00011293 1.05258561]

Iteration:  2100
Rhat values for alpha, beta, log(sigma^2), mean(xi), log(var(xi)), atanh(corr(xi, eta)):
[1.02355622 1.02276433 1.03722235 1.00209031 1.00013551 1.07075811]

Iteration:  2200
Rhat values for alpha, beta, log(sigma^2), mean(xi), log(var(xi)), atanh(corr(xi, eta)):
[1.02710194 1.02507413 1.054374   1.00221561 1.0001477  1.08801127]

Iteration:  2300
Rhat values for alpha, beta, log(sigma^2), mean(xi), log(var(xi)), atanh(corr(xi, eta)):
[1.02851747 1.02621624 1.07155456 1.00267632 1.00005954 1.10263548]

Iteration:  2400
Rhat values for alpha, beta, log(sigma^2), mean(xi), log(var(xi)), atanh(corr(xi, eta)):
[1.03242166 1.03075774 1.08974572 1.00236611 1.00014461 1.12224495]

Iteration:  2500
Rhat values for alpha, beta, log(sigma^2), mean(xi), log(var(xi)), atanh(corr(xi, eta)):
[1.03804599 1.03606723 1.11056398 1.00230829 1.00012706 1.14252204]

Iteration:  2600
Rhat values for alpha, beta, log(sigma^2), mean(xi), log(var(xi)), atanh(corr(xi, eta)):
[1.04228425 1.04104235 1.11846236 1.00184829 1.00010545 1.15276249]

Iteration:  2700
Rhat values for alpha, beta, log(sigma^2), mean(xi), log(var(xi)), atanh(corr(xi, eta)):
[1.03593337 1.03570148 1.12198892 1.00150741 1.00011658 1.14690161]

Iteration:  2800
Rhat values for alpha, beta, log(sigma^2), mean(xi), log(var(xi)), atanh(corr(xi, eta)):
[1.03507532 1.03567041 1.11931488 1.00116992 1.00011042 1.14342581]

Iteration:  2900
Rhat values for alpha, beta, log(sigma^2), mean(xi), log(var(xi)), atanh(corr(xi, eta)):
[1.03285596 1.03389415 1.11063205 1.00128299 1.00009121 1.13598156]

Iteration:  3000
Rhat values for alpha, beta, log(sigma^2), mean(xi), log(var(xi)), atanh(corr(xi, eta)):
[1.03064732 1.03184375 1.09615355 1.00071972 1.0001394  1.12652511]

Iteration:  3100
Rhat values for alpha, beta, log(sigma^2), mean(xi), log(var(xi)), atanh(corr(xi, eta)):
[1.02747786 1.02821837 1.08283664 1.00047065 1.00016284 1.11422691]

Iteration:  3200
Rhat values for alpha, beta, log(sigma^2), mean(xi), log(var(xi)), atanh(corr(xi, eta)):
[1.02708644 1.02811807 1.07895906 1.00027187 1.00019459 1.11225798]

Iteration:  3300
Rhat values for alpha, beta, log(sigma^2), mean(xi), log(var(xi)), atanh(corr(xi, eta)):
[1.02894747 1.03007277 1.07392297 1.00006886 1.00017677 1.11316382]

Iteration:  3400
Rhat values for alpha, beta, log(sigma^2), mean(xi), log(var(xi)), atanh(corr(xi, eta)):
[1.02519838 1.02551385 1.06308914 1.00032792 1.00013086 1.1016052 ]

Iteration:  3500
Rhat values for alpha, beta, log(sigma^2), mean(xi), log(var(xi)), atanh(corr(xi, eta)):
[1.02517575 1.02514107 1.05327634 1.00037602 1.00009781 1.09356846]

Iteration:  3600
Rhat values for alpha, beta, log(sigma^2), mean(xi), log(var(xi)), atanh(corr(xi, eta)):
[1.02674783 1.02566642 1.04826953 1.00058826 1.00007059 1.08978522]

Iteration:  3700
Rhat values for alpha, beta, log(sigma^2), mean(xi), log(var(xi)), atanh(corr(xi, eta)):
[1.0231207  1.02127702 1.03974533 1.00095164 1.00006677 1.07748247]

Iteration:  3800
Rhat values for alpha, beta, log(sigma^2), mean(xi), log(var(xi)), atanh(corr(xi, eta)):
[1.02254137 1.02048441 1.03318063 1.00074147 1.00007193 1.07126532]

Iteration:  3900
Rhat values for alpha, beta, log(sigma^2), mean(xi), log(var(xi)), atanh(corr(xi, eta)):
[1.01675771 1.01573425 1.03001164 1.0001662  1.00005294 1.06693111]

Iteration:  4000
Rhat values for alpha, beta, log(sigma^2), mean(xi), log(var(xi)), atanh(corr(xi, eta)):
[1.01716886 1.01624302 1.02463068 1.00025978 1.00003223 1.0644356 ]

Iteration:  4100
Rhat values for alpha, beta, log(sigma^2), mean(xi), log(var(xi)), atanh(corr(xi, eta)):
[1.01945414 1.01859251 1.02289362 1.00094643 1.00001663 1.06642556]

Iteration:  4200
Rhat values for alpha, beta, log(sigma^2), mean(xi), log(var(xi)), atanh(corr(xi, eta)):
[1.02192424 1.02095344 1.01899738 1.00140971 0.99999723 1.06665291]

Iteration:  4300
Rhat values for alpha, beta, log(sigma^2), mean(xi), log(var(xi)), atanh(corr(xi, eta)):
[1.02372946 1.02309577 1.01643766 1.00251378 0.9999876  1.06591573]

Iteration:  4400
Rhat values for alpha, beta, log(sigma^2), mean(xi), log(var(xi)), atanh(corr(xi, eta)):
[1.02373821 1.02327205 1.01486982 1.00260141 0.99998612 1.06449445]

Iteration:  4500
Rhat values for alpha, beta, log(sigma^2), mean(xi), log(var(xi)), atanh(corr(xi, eta)):
[1.02147772 1.02102494 1.01364148 1.00276498 0.99995976 1.06132356]

Iteration:  4600
Rhat values for alpha, beta, log(sigma^2), mean(xi), log(var(xi)), atanh(corr(xi, eta)):
[1.01886618 1.01821183 1.0127138  1.00243709 0.9999604  1.05768724]

Iteration:  4700
Rhat values for alpha, beta, log(sigma^2), mean(xi), log(var(xi)), atanh(corr(xi, eta)):
[1.01935091 1.01857379 1.01158335 1.00238031 0.99995963 1.0568177 ]

Iteration:  4800
Rhat values for alpha, beta, log(sigma^2), mean(xi), log(var(xi)), atanh(corr(xi, eta)):
[1.01805375 1.01803465 1.01086365 1.00193521 0.99997372 1.05545986]

Iteration:  4900
Rhat values for alpha, beta, log(sigma^2), mean(xi), log(var(xi)), atanh(corr(xi, eta)):
[1.01900257 1.01969277 1.01145003 1.00194935 0.99996406 1.05652736]

Iteration:  5000
Rhat values for alpha, beta, log(sigma^2), mean(xi), log(var(xi)), atanh(corr(xi, eta)):
[1.019477   1.02092452 1.01307608 1.00194857 0.99997348 1.0592635 ]

Iteration:  5100
Rhat values for alpha, beta, log(sigma^2), mean(xi), log(var(xi)), atanh(corr(xi, eta)):
[1.02024925 1.02237427 1.01386155 1.00196678 0.99998749 1.06104197]

Iteration:  5200
Rhat values for alpha, beta, log(sigma^2), mean(xi), log(var(xi)), atanh(corr(xi, eta)):
[1.01678896 1.01863508 1.01312874 1.00220709 0.99997714 1.05691191]

Iteration:  5300
Rhat values for alpha, beta, log(sigma^2), mean(xi), log(var(xi)), atanh(corr(xi, eta)):
[1.01567549 1.01716413 1.01360504 1.00265309 0.99995687 1.05525355]

Iteration:  5400
Rhat values for alpha, beta, log(sigma^2), mean(xi), log(var(xi)), atanh(corr(xi, eta)):
[1.01659297 1.01775094 1.01240712 1.00323203 0.99992769 1.05443022]

Iteration:  5500
Rhat values for alpha, beta, log(sigma^2), mean(xi), log(var(xi)), atanh(corr(xi, eta)):
[1.01566173 1.01641717 1.01189089 1.00308673 0.99994007 1.05197326]

Iteration:  5600
Rhat values for alpha, beta, log(sigma^2), mean(xi), log(var(xi)), atanh(corr(xi, eta)):
[1.01448221 1.01515706 1.01241774 1.00305901 0.99993657 1.0494031 ]

Iteration:  5700
Rhat values for alpha, beta, log(sigma^2), mean(xi), log(var(xi)), atanh(corr(xi, eta)):
[1.01403613 1.01441112 1.01189199 1.00357025 0.99992962 1.04736754]

Iteration:  5800
Rhat values for alpha, beta, log(sigma^2), mean(xi), log(var(xi)), atanh(corr(xi, eta)):
[1.01337032 1.01366599 1.01091045 1.00376138 0.999928   1.04540385]

Iteration:  5900
Rhat values for alpha, beta, log(sigma^2), mean(xi), log(var(xi)), atanh(corr(xi, eta)):
[1.0123776  1.01277542 1.01148309 1.00315218 0.99993998 1.04401658]

Iteration:  6000
Rhat values for alpha, beta, log(sigma^2), mean(xi), log(var(xi)), atanh(corr(xi, eta)):
[1.01189782 1.01194231 1.01150744 1.00329223 0.99995324 1.04170138]

Iteration:  6100
Rhat values for alpha, beta, log(sigma^2), mean(xi), log(var(xi)), atanh(corr(xi, eta)):
[1.0128712  1.01247571 1.01198508 1.00322345 0.99998527 1.03968469]

Iteration:  6200
Rhat values for alpha, beta, log(sigma^2), mean(xi), log(var(xi)), atanh(corr(xi, eta)):
[1.01197363 1.01118071 1.0125262  1.00281394 0.99998207 1.03572201]

Iteration:  6300
Rhat values for alpha, beta, log(sigma^2), mean(xi), log(var(xi)), atanh(corr(xi, eta)):
[1.01205975 1.01109214 1.01439208 1.00293306 0.99997962 1.03416986]

Iteration:  6400
Rhat values for alpha, beta, log(sigma^2), mean(xi), log(var(xi)), atanh(corr(xi, eta)):
[1.01299638 1.01227234 1.01473164 1.00279704 0.99997737 1.03555498]

Iteration:  6500
Rhat values for alpha, beta, log(sigma^2), mean(xi), log(var(xi)), atanh(corr(xi, eta)):
[1.01387201 1.01291998 1.01460624 1.00247461 0.99997687 1.03670067]

Iteration:  6600
Rhat values for alpha, beta, log(sigma^2), mean(xi), log(var(xi)), atanh(corr(xi, eta)):
[1.01391678 1.01249655 1.01460186 1.00227592 0.99997339 1.03614858]

Iteration:  6700
Rhat values for alpha, beta, log(sigma^2), mean(xi), log(var(xi)), atanh(corr(xi, eta)):
[1.01355138 1.01167191 1.01339357 1.00235452 1.00004928 1.0350649 ]

Iteration:  6800
Rhat values for alpha, beta, log(sigma^2), mean(xi), log(var(xi)), atanh(corr(xi, eta)):
[1.01276897 1.01076022 1.01223591 1.00245767 1.00005727 1.03263236]

Iteration:  6900
Rhat values for alpha, beta, log(sigma^2), mean(xi), log(var(xi)), atanh(corr(xi, eta)):
[1.01449052 1.01231299 1.0134541  1.00212163 1.00004997 1.03468313]

Iteration:  7000
Rhat values for alpha, beta, log(sigma^2), mean(xi), log(var(xi)), atanh(corr(xi, eta)):
[1.01654685 1.01402613 1.0148439  1.0021341  1.00005085 1.03698527]

Iteration:  7100
Rhat values for alpha, beta, log(sigma^2), mean(xi), log(var(xi)), atanh(corr(xi, eta)):
[1.0173323  1.01477725 1.01574025 1.00231662 1.00004364 1.0374897 ]

Iteration:  7200
Rhat values for alpha, beta, log(sigma^2), mean(xi), log(var(xi)), atanh(corr(xi, eta)):
[1.01709155 1.01460596 1.01676123 1.00205378 1.0000371  1.0369422 ]

Iteration:  7300
Rhat values for alpha, beta, log(sigma^2), mean(xi), log(var(xi)), atanh(corr(xi, eta)):
[1.01705972 1.0143617  1.01804463 1.00223841 1.00004239 1.03671623]

Iteration:  7400
Rhat values for alpha, beta, log(sigma^2), mean(xi), log(var(xi)), atanh(corr(xi, eta)):
[1.01758786 1.01475957 1.01889245 1.0021841  0.99999813 1.03714843]

Iteration:  7500
Rhat values for alpha, beta, log(sigma^2), mean(xi), log(var(xi)), atanh(corr(xi, eta)):
[1.01808044 1.01560342 1.01963049 1.00239868 0.99999465 1.03831055]

Iteration:  7600
Rhat values for alpha, beta, log(sigma^2), mean(xi), log(var(xi)), atanh(corr(xi, eta)):
[1.01654578 1.01459776 1.02027852 1.0026477  0.99999427 1.03781107]

Iteration:  7700
Rhat values for alpha, beta, log(sigma^2), mean(xi), log(var(xi)), atanh(corr(xi, eta)):
[1.01523475 1.0132809  1.02139695 1.00245175 0.99999909 1.03654281]

Iteration:  7800
Rhat values for alpha, beta, log(sigma^2), mean(xi), log(var(xi)), atanh(corr(xi, eta)):
[1.01398848 1.01206949 1.021851   1.00223627 0.99999589 1.03505811]

Iteration:  7900
Rhat values for alpha, beta, log(sigma^2), mean(xi), log(var(xi)), atanh(corr(xi, eta)):
[1.01328161 1.01147465 1.02246281 1.0020063  0.99998917 1.03410009]

Iteration:  8000
Rhat values for alpha, beta, log(sigma^2), mean(xi), log(var(xi)), atanh(corr(xi, eta)):
[1.01394258 1.01205861 1.02344572 1.00222943 1.00000036 1.03423954]

Iteration:  8100
Rhat values for alpha, beta, log(sigma^2), mean(xi), log(var(xi)), atanh(corr(xi, eta)):
[1.01364733 1.01174718 1.0231915  1.00200834 0.99999957 1.03343323]

Iteration:  8200
Rhat values for alpha, beta, log(sigma^2), mean(xi), log(var(xi)), atanh(corr(xi, eta)):
[1.01529722 1.01315828 1.02329521 1.0022795  1.00000408 1.03434483]

Iteration:  8300
Rhat values for alpha, beta, log(sigma^2), mean(xi), log(var(xi)), atanh(corr(xi, eta)):
[1.01621042 1.013726   1.0236908  1.0020987  1.00000504 1.03478421]

Iteration:  8400
Rhat values for alpha, beta, log(sigma^2), mean(xi), log(var(xi)), atanh(corr(xi, eta)):
[1.01557424 1.01330212 1.02279914 1.00201084 1.00011953 1.03353124]

Iteration:  8500
Rhat values for alpha, beta, log(sigma^2), mean(xi), log(var(xi)), atanh(corr(xi, eta)):
[1.01480476 1.01228971 1.02139877 1.00181552 1.00011237 1.03137652]

Iteration:  8600
Rhat values for alpha, beta, log(sigma^2), mean(xi), log(var(xi)), atanh(corr(xi, eta)):
[1.01426032 1.01166908 1.02068887 1.00185815 1.00010732 1.03034557]

Iteration:  8700
Rhat values for alpha, beta, log(sigma^2), mean(xi), log(var(xi)), atanh(corr(xi, eta)):
[1.01538833 1.01259475 1.02043964 1.00151017 1.00010107 1.03086816]

Iteration:  8800
Rhat values for alpha, beta, log(sigma^2), mean(xi), log(var(xi)), atanh(corr(xi, eta)):
[1.01615116 1.01314193 1.02142477 1.00146197 1.0000906  1.03076006]

Iteration:  8900
Rhat values for alpha, beta, log(sigma^2), mean(xi), log(var(xi)), atanh(corr(xi, eta)):
[1.01631425 1.01332151 1.02164917 1.00163263 1.00008723 1.03060589]

Iteration:  9000
Rhat values for alpha, beta, log(sigma^2), mean(xi), log(var(xi)), atanh(corr(xi, eta)):
[1.01630938 1.01334875 1.02260777 1.00148452 1.00008149 1.03002722]

Iteration:  9100
Rhat values for alpha, beta, log(sigma^2), mean(xi), log(var(xi)), atanh(corr(xi, eta)):
[1.01689062 1.01385565 1.02363711 1.0012884  1.0000822  1.03023877]

Iteration:  9200
Rhat values for alpha, beta, log(sigma^2), mean(xi), log(var(xi)), atanh(corr(xi, eta)):
[1.0150825  1.01233302 1.024054   1.00132935 1.00008023 1.02894622]

Iteration:  9300
Rhat values for alpha, beta, log(sigma^2), mean(xi), log(var(xi)), atanh(corr(xi, eta)):
[1.01362771 1.01093973 1.02320243 1.0011345  1.00007877 1.02728329]

Iteration:  9400
Rhat values for alpha, beta, log(sigma^2), mean(xi), log(var(xi)), atanh(corr(xi, eta)):
[1.01281178 1.00998656 1.02338994 1.0010376  0.99999897 1.0258232 ]

Iteration:  9500
Rhat values for alpha, beta, log(sigma^2), mean(xi), log(var(xi)), atanh(corr(xi, eta)):
[1.01202279 1.00929781 1.02446142 1.00105971 0.99999896 1.02527195]

Iteration:  9600
Rhat values for alpha, beta, log(sigma^2), mean(xi), log(var(xi)), atanh(corr(xi, eta)):
[1.01224915 1.00961168 1.02442945 1.00117315 0.9999721  1.02668618]

Iteration:  9700
Rhat values for alpha, beta, log(sigma^2), mean(xi), log(var(xi)), atanh(corr(xi, eta)):
[1.01310822 1.0104443  1.02484434 1.00112801 0.99997243 1.0291376 ]

Iteration:  9800
Rhat values for alpha, beta, log(sigma^2), mean(xi), log(var(xi)), atanh(corr(xi, eta)):
[1.01385132 1.01124275 1.02481724 1.00118503 0.99997273 1.03073976]

Iteration:  9900
Rhat values for alpha, beta, log(sigma^2), mean(xi), log(var(xi)), atanh(corr(xi, eta)):
[1.01379452 1.0115814  1.0242121  1.00114169 0.99997306 1.03176968]

Iteration:  10000
Rhat values for alpha, beta, log(sigma^2), mean(xi), log(var(xi)), atanh(corr(xi, eta)):
[1.01179437 1.01019425 1.0240098  1.0010398  0.99997336 1.03050447]

Iteration:  10100
Rhat values for alpha, beta, log(sigma^2), mean(xi), log(var(xi)), atanh(corr(xi, eta)):
[1.01105871 1.00960018 1.02507796 1.00102499 0.99997364 1.02988491]

Iteration:  10200
Rhat values for alpha, beta, log(sigma^2), mean(xi), log(var(xi)), atanh(corr(xi, eta)):
[1.01057361 1.00895505 1.02490256 1.00108347 0.99997389 1.0288877 ]

Iteration:  10300
Rhat values for alpha, beta, log(sigma^2), mean(xi), log(var(xi)), atanh(corr(xi, eta)):
[1.01038147 1.00870903 1.02582196 1.00090956 0.99997416 1.02856374]

Iteration:  10400
Rhat values for alpha, beta, log(sigma^2), mean(xi), log(var(xi)), atanh(corr(xi, eta)):
[1.01017785 1.00851111 1.02595711 1.0008447  0.99997445 1.02824011]

Iteration:  10500
Rhat values for alpha, beta, log(sigma^2), mean(xi), log(var(xi)), atanh(corr(xi, eta)):
[1.01036647 1.00866739 1.02573481 1.00086705 0.99997462 1.02814906]

Iteration:  10600
Rhat values for alpha, beta, log(sigma^2), mean(xi), log(var(xi)), atanh(corr(xi, eta)):
[1.01004823 1.00831772 1.02543616 1.00082388 0.99997481 1.02680993]

Iteration:  10700
Rhat values for alpha, beta, log(sigma^2), mean(xi), log(var(xi)), atanh(corr(xi, eta)):
[1.00878508 1.00717987 1.02554858 1.00060358 0.99997504 1.02416914]

Iteration:  10800
Rhat values for alpha, beta, log(sigma^2), mean(xi), log(var(xi)), atanh(corr(xi, eta)):
[1.00905864 1.0072159  1.0252625  1.00050395 0.99997531 1.02253972]

Iteration:  10900
Rhat values for alpha, beta, log(sigma^2), mean(xi), log(var(xi)), atanh(corr(xi, eta)):
[1.00905091 1.00718896 1.02526107 1.00046704 0.9999755  1.02170677]

Iteration:  11000
Rhat values for alpha, beta, log(sigma^2), mean(xi), log(var(xi)), atanh(corr(xi, eta)):
[1.00855007 1.00674189 1.02677341 1.00043061 0.99997574 1.02101122]

Iteration:  11100
Rhat values for alpha, beta, log(sigma^2), mean(xi), log(var(xi)), atanh(corr(xi, eta)):
[1.00836488 1.00662427 1.02853576 1.00042948 0.99997595 1.02069771]

Iteration:  11200
Rhat values for alpha, beta, log(sigma^2), mean(xi), log(var(xi)), atanh(corr(xi, eta)):
[1.00791902 1.00623005 1.03018325 1.00040765 0.99997615 1.02005251]

Iteration:  11300
Rhat values for alpha, beta, log(sigma^2), mean(xi), log(var(xi)), atanh(corr(xi, eta)):
[1.00802144 1.00642943 1.03074126 1.00037003 0.99997638 1.01988833]

Iteration:  11400
Rhat values for alpha, beta, log(sigma^2), mean(xi), log(var(xi)), atanh(corr(xi, eta)):
[1.00829734 1.00666751 1.03070187 1.00037539 0.99997661 1.02004635]

Iteration:  11500
Rhat values for alpha, beta, log(sigma^2), mean(xi), log(var(xi)), atanh(corr(xi, eta)):
[1.00755829 1.0061401  1.03070573 1.00035305 0.99997684 1.01959128]

Iteration:  11600
Rhat values for alpha, beta, log(sigma^2), mean(xi), log(var(xi)), atanh(corr(xi, eta)):
[1.00725966 1.00589525 1.03016123 1.00033268 0.99997706 1.01930565]

Iteration:  11700
Rhat values for alpha, beta, log(sigma^2), mean(xi), log(var(xi)), atanh(corr(xi, eta)):
[1.0067733  1.00553428 1.02957049 1.00030509 0.99997723 1.01883113]

Iteration:  11800
Rhat values for alpha, beta, log(sigma^2), mean(xi), log(var(xi)), atanh(corr(xi, eta)):
[1.00668276 1.00540889 1.02912196 1.00041316 0.99997739 1.01800235]

Iteration:  11900
Rhat values for alpha, beta, log(sigma^2), mean(xi), log(var(xi)), atanh(corr(xi, eta)):
[1.00700534 1.00555997 1.02901692 1.00036068 0.99997759 1.01723739]

Iteration:  12000
Rhat values for alpha, beta, log(sigma^2), mean(xi), log(var(xi)), atanh(corr(xi, eta)):
[1.00761298 1.00597809 1.02891094 1.00031941 0.99997779 1.01691064]

Iteration:  12100
Rhat values for alpha, beta, log(sigma^2), mean(xi), log(var(xi)), atanh(corr(xi, eta)):
[1.00746627 1.00583464 1.02834506 1.00032304 0.99997786 1.01619541]

Iteration:  12200
Rhat values for alpha, beta, log(sigma^2), mean(xi), log(var(xi)), atanh(corr(xi, eta)):
[1.0074396  1.00587292 1.02713601 1.00037959 0.99997801 1.01525694]

Iteration:  12300
Rhat values for alpha, beta, log(sigma^2), mean(xi), log(var(xi)), atanh(corr(xi, eta)):
[1.00801281 1.0065387  1.02609653 1.00040678 0.99997813 1.01516556]

Iteration:  12400
Rhat values for alpha, beta, log(sigma^2), mean(xi), log(var(xi)), atanh(corr(xi, eta)):
[1.00823548 1.00666561 1.02580199 1.00049207 0.99997828 1.01491646]

Iteration:  12500
Rhat values for alpha, beta, log(sigma^2), mean(xi), log(var(xi)), atanh(corr(xi, eta)):
[1.00858381 1.00697086 1.0253503  1.00055478 0.99997846 1.01552374]

Iteration:  12600
Rhat values for alpha, beta, log(sigma^2), mean(xi), log(var(xi)), atanh(corr(xi, eta)):
[1.00885853 1.00746276 1.02407409 1.00060037 0.99997864 1.01589473]

Iteration:  12700
Rhat values for alpha, beta, log(sigma^2), mean(xi), log(var(xi)), atanh(corr(xi, eta)):
[1.00907459 1.00775794 1.02267116 1.00064638 0.9999788  1.01599729]

Iteration:  12800
Rhat values for alpha, beta, log(sigma^2), mean(xi), log(var(xi)), atanh(corr(xi, eta)):
[1.0089515  1.00781626 1.02146246 1.00051638 0.99997898 1.01591683]

Iteration:  12900
Rhat values for alpha, beta, log(sigma^2), mean(xi), log(var(xi)), atanh(corr(xi, eta)):
[1.00891499 1.00784676 1.02175204 1.00040948 0.99997917 1.01637331]

Iteration:  13000
Rhat values for alpha, beta, log(sigma^2), mean(xi), log(var(xi)), atanh(corr(xi, eta)):
[1.0092617  1.00838121 1.02167102 1.00040489 0.99997929 1.01648777]

Iteration:  13100
Rhat values for alpha, beta, log(sigma^2), mean(xi), log(var(xi)), atanh(corr(xi, eta)):
[1.00923414 1.00848211 1.02112752 1.00043599 0.99997944 1.01579531]

Iteration:  13200
Rhat values for alpha, beta, log(sigma^2), mean(xi), log(var(xi)), atanh(corr(xi, eta)):
[1.00879241 1.00802761 1.01986087 1.00039651 0.9999796  1.01473509]

Iteration:  13300
Rhat values for alpha, beta, log(sigma^2), mean(xi), log(var(xi)), atanh(corr(xi, eta)):
[1.00801811 1.00733926 1.01988318 1.00032712 0.99997976 1.01404434]

Iteration:  13400
Rhat values for alpha, beta, log(sigma^2), mean(xi), log(var(xi)), atanh(corr(xi, eta)):
[1.0071158  1.00653173 1.01949914 1.00035868 0.99997989 1.0133652 ]

Iteration:  13500
Rhat values for alpha, beta, log(sigma^2), mean(xi), log(var(xi)), atanh(corr(xi, eta)):
[1.00671511 1.00612344 1.01909861 1.00037331 0.99998    1.01296987]

Iteration:  13600
Rhat values for alpha, beta, log(sigma^2), mean(xi), log(var(xi)), atanh(corr(xi, eta)):
[1.00657244 1.00600525 1.01893712 1.00040438 0.99998011 1.01232197]

Iteration:  13700
Rhat values for alpha, beta, log(sigma^2), mean(xi), log(var(xi)), atanh(corr(xi, eta)):
[1.00673178 1.00607889 1.01923022 1.00038724 0.99998027 1.01206833]

Iteration:  13800
Rhat values for alpha, beta, log(sigma^2), mean(xi), log(var(xi)), atanh(corr(xi, eta)):
[1.0067584  1.00600968 1.01918371 1.00034206 0.99998046 1.01202025]

Iteration:  13900
Rhat values for alpha, beta, log(sigma^2), mean(xi), log(var(xi)), atanh(corr(xi, eta)):
[1.00703772 1.00613709 1.01817819 1.00029263 0.99998064 1.01227884]

Iteration:  14000
Rhat values for alpha, beta, log(sigma^2), mean(xi), log(var(xi)), atanh(corr(xi, eta)):
[1.00708092 1.00606279 1.01701787 1.00030638 0.99998078 1.01205848]

Iteration:  14100
Rhat values for alpha, beta, log(sigma^2), mean(xi), log(var(xi)), atanh(corr(xi, eta)):
[1.00677469 1.00581742 1.01567238 1.00026238 0.99997602 1.0112204 ]

Iteration:  14200
Rhat values for alpha, beta, log(sigma^2), mean(xi), log(var(xi)), atanh(corr(xi, eta)):
[1.00695983 1.00607478 1.01503037 1.00028973 0.99997619 1.01086984]

Iteration:  14300
Rhat values for alpha, beta, log(sigma^2), mean(xi), log(var(xi)), atanh(corr(xi, eta)):
[1.00743539 1.00667452 1.01405182 1.00029511 0.99997636 1.01056968]

Iteration:  14400
Rhat values for alpha, beta, log(sigma^2), mean(xi), log(var(xi)), atanh(corr(xi, eta)):
[1.00844831 1.00783923 1.01249279 1.00027124 0.99997651 1.0106659 ]

Iteration:  14500
Rhat values for alpha, beta, log(sigma^2), mean(xi), log(var(xi)), atanh(corr(xi, eta)):
[1.00890454 1.00838428 1.01099369 1.00023625 0.99997663 1.01042059]

Iteration:  14600
Rhat values for alpha, beta, log(sigma^2), mean(xi), log(var(xi)), atanh(corr(xi, eta)):
[1.00909965 1.0085161  1.00977615 1.00028706 0.99997676 1.01026479]

Iteration:  14700
Rhat values for alpha, beta, log(sigma^2), mean(xi), log(var(xi)), atanh(corr(xi, eta)):
[1.00940402 1.00863315 1.00876456 1.00026867 0.99997688 1.01058917]

Iteration:  14800
Rhat values for alpha, beta, log(sigma^2), mean(xi), log(var(xi)), atanh(corr(xi, eta)):
[1.00973488 1.00883123 1.00763609 1.00028518 0.99997701 1.01079487]

Iteration:  14900
Rhat values for alpha, beta, log(sigma^2), mean(xi), log(var(xi)), atanh(corr(xi, eta)):
[1.00992446 1.00897538 1.00702798 1.00028721 0.99997714 1.01106491]

Iteration:  15000
Rhat values for alpha, beta, log(sigma^2), mean(xi), log(var(xi)), atanh(corr(xi, eta)):
[1.01064909 1.00966857 1.00667148 1.00028434 0.99997728 1.01164252]

Iteration:  15100
Rhat values for alpha, beta, log(sigma^2), mean(xi), log(var(xi)), atanh(corr(xi, eta)):
[1.01078626 1.00981899 1.00631706 1.00026987 0.99997743 1.01176284]

Iteration:  15200
Rhat values for alpha, beta, log(sigma^2), mean(xi), log(var(xi)), atanh(corr(xi, eta)):
[1.01048013 1.00953201 1.00603627 1.0002056  0.9999776  1.01146011]

Iteration:  15300
Rhat values for alpha, beta, log(sigma^2), mean(xi), log(var(xi)), atanh(corr(xi, eta)):
[1.01008148 1.00909448 1.00575912 1.00021268 0.99997774 1.01109562]

Iteration:  15400
Rhat values for alpha, beta, log(sigma^2), mean(xi), log(var(xi)), atanh(corr(xi, eta)):
[1.00991426 1.00896974 1.00563947 1.00022428 0.99997787 1.01085987]

Iteration:  15500
Rhat values for alpha, beta, log(sigma^2), mean(xi), log(var(xi)), atanh(corr(xi, eta)):
[1.00960682 1.0085911  1.00540936 1.00032081 0.999978   1.01071769]

Iteration:  15600
Rhat values for alpha, beta, log(sigma^2), mean(xi), log(var(xi)), atanh(corr(xi, eta)):
[1.00902332 1.00791861 1.00520088 1.00035186 0.99997813 1.01030503]

Iteration:  15700
Rhat values for alpha, beta, log(sigma^2), mean(xi), log(var(xi)), atanh(corr(xi, eta)):
[1.00853099 1.00759339 1.00494523 1.0003654  0.99997829 1.01008855]

Iteration:  15800
Rhat values for alpha, beta, log(sigma^2), mean(xi), log(var(xi)), atanh(corr(xi, eta)):
[1.00874961 1.0077149  1.00490416 1.0003388  0.99997846 1.01015218]

Iteration:  15900
Rhat values for alpha, beta, log(sigma^2), mean(xi), log(var(xi)), atanh(corr(xi, eta)):
[1.0080951  1.00707548 1.00492833 1.00037057 0.99997862 1.0097038 ]

Iteration:  16000
Rhat values for alpha, beta, log(sigma^2), mean(xi), log(var(xi)), atanh(corr(xi, eta)):
[1.00808165 1.00705683 1.00502883 1.00035199 0.99997896 1.0094762 ]

Iteration:  16100
Rhat values for alpha, beta, log(sigma^2), mean(xi), log(var(xi)), atanh(corr(xi, eta)):
[1.00796851 1.00703638 1.00491104 1.00037776 0.99997931 1.00905844]

Iteration:  16200
Rhat values for alpha, beta, log(sigma^2), mean(xi), log(var(xi)), atanh(corr(xi, eta)):
[1.00754413 1.00673595 1.00422959 1.00040002 0.99997939 1.00881394]

Iteration:  16300
Rhat values for alpha, beta, log(sigma^2), mean(xi), log(var(xi)), atanh(corr(xi, eta)):
[1.00778841 1.00692303 1.00389951 1.00032633 0.99997953 1.00903453]

Iteration:  16400
Rhat values for alpha, beta, log(sigma^2), mean(xi), log(var(xi)), atanh(corr(xi, eta)):
[1.00830426 1.00744671 1.00363577 1.00026691 0.99997968 1.00946757]

Iteration:  16500
Rhat values for alpha, beta, log(sigma^2), mean(xi), log(var(xi)), atanh(corr(xi, eta)):
[1.00883491 1.00794993 1.00339244 1.00024622 0.99997981 1.00979736]

Iteration:  16600
Rhat values for alpha, beta, log(sigma^2), mean(xi), log(var(xi)), atanh(corr(xi, eta)):
[1.0088071  1.00794609 1.00335551 1.00021068 0.99997995 1.00959499]

Iteration:  16700
Rhat values for alpha, beta, log(sigma^2), mean(xi), log(var(xi)), atanh(corr(xi, eta)):
[1.00898675 1.00808866 1.00349211 1.00017509 0.99998004 1.00969181]

Iteration:  16800
Rhat values for alpha, beta, log(sigma^2), mean(xi), log(var(xi)), atanh(corr(xi, eta)):
[1.00901744 1.00809756 1.00372492 1.00019978 0.99998015 1.00951755]

Iteration:  16900
Rhat values for alpha, beta, log(sigma^2), mean(xi), log(var(xi)), atanh(corr(xi, eta)):
[1.00902879 1.00816357 1.0039919  1.00022847 0.99998023 1.00949629]

Iteration:  17000
Rhat values for alpha, beta, log(sigma^2), mean(xi), log(var(xi)), atanh(corr(xi, eta)):
[1.00903329 1.00816561 1.00438021 1.00018611 0.99998035 1.00931919]

Iteration:  17100
Rhat values for alpha, beta, log(sigma^2), mean(xi), log(var(xi)), atanh(corr(xi, eta)):
[1.0091517  1.00820722 1.00491439 1.00019902 0.99998049 1.00924994]

Iteration:  17200
Rhat values for alpha, beta, log(sigma^2), mean(xi), log(var(xi)), atanh(corr(xi, eta)):
[1.00927559 1.00830768 1.00509288 1.00019145 0.99998063 1.00938785]

Iteration:  17300
Rhat values for alpha, beta, log(sigma^2), mean(xi), log(var(xi)), atanh(corr(xi, eta)):
[1.00953307 1.00856089 1.00512636 1.00020292 0.99998074 1.00966146]

Iteration:  17400
Rhat values for alpha, beta, log(sigma^2), mean(xi), log(var(xi)), atanh(corr(xi, eta)):
[1.00948848 1.00854792 1.00490433 1.00018958 0.99998084 1.00954157]

Iteration:  17500
Rhat values for alpha, beta, log(sigma^2), mean(xi), log(var(xi)), atanh(corr(xi, eta)):
[1.00978368 1.00878356 1.00475772 1.00015782 0.99998091 1.0095967 ]

Iteration:  17600
Rhat values for alpha, beta, log(sigma^2), mean(xi), log(var(xi)), atanh(corr(xi, eta)):
[1.01015432 1.00917651 1.00433792 1.00019541 0.99998096 1.00976023]

Iteration:  17700
Rhat values for alpha, beta, log(sigma^2), mean(xi), log(var(xi)), atanh(corr(xi, eta)):
[1.01074599 1.00987012 1.0039727  1.0001783  0.99998106 1.01014472]

Iteration:  17800
Rhat values for alpha, beta, log(sigma^2), mean(xi), log(var(xi)), atanh(corr(xi, eta)):
[1.01050167 1.00968132 1.00376399 1.00016838 0.99998115 1.00984808]

Iteration:  17900
Rhat values for alpha, beta, log(sigma^2), mean(xi), log(var(xi)), atanh(corr(xi, eta)):
[1.01021513 1.00951614 1.00373789 1.00019271 0.99998127 1.00919982]

Iteration:  18000
Rhat values for alpha, beta, log(sigma^2), mean(xi), log(var(xi)), atanh(corr(xi, eta)):
[1.00999947 1.00930298 1.00362202 1.00020759 0.99998137 1.00892256]

Iteration:  18100
Rhat values for alpha, beta, log(sigma^2), mean(xi), log(var(xi)), atanh(corr(xi, eta)):
[1.01029673 1.00961916 1.00376008 1.00020622 0.99998149 1.00919871]

Iteration:  18200
Rhat values for alpha, beta, log(sigma^2), mean(xi), log(var(xi)), atanh(corr(xi, eta)):
[1.01047516 1.00976311 1.00421154 1.00027091 0.99998158 1.00962624]

Iteration:  18300
Rhat values for alpha, beta, log(sigma^2), mean(xi), log(var(xi)), atanh(corr(xi, eta)):
[1.01071833 1.00994438 1.0045246  1.00027976 0.99998166 1.01010126]

Iteration:  18400
Rhat values for alpha, beta, log(sigma^2), mean(xi), log(var(xi)), atanh(corr(xi, eta)):
[1.01127313 1.01047222 1.00485601 1.00026158 0.99998177 1.01059877]

Iteration:  18500
Rhat values for alpha, beta, log(sigma^2), mean(xi), log(var(xi)), atanh(corr(xi, eta)):
[1.01104031 1.01031793 1.00516872 1.00024508 0.99998186 1.01043282]

Iteration:  18600
Rhat values for alpha, beta, log(sigma^2), mean(xi), log(var(xi)), atanh(corr(xi, eta)):
[1.01036624 1.00978837 1.00553143 1.00028553 0.99998194 1.00987358]

Iteration:  18700
Rhat values for alpha, beta, log(sigma^2), mean(xi), log(var(xi)), atanh(corr(xi, eta)):
[1.01023989 1.00980744 1.00582087 1.00030489 0.99998203 1.0096299 ]

Iteration:  18800
Rhat values for alpha, beta, log(sigma^2), mean(xi), log(var(xi)), atanh(corr(xi, eta)):
[1.00987775 1.00949504 1.00638791 1.000286   0.99998212 1.00905756]

Iteration:  18900
Rhat values for alpha, beta, log(sigma^2), mean(xi), log(var(xi)), atanh(corr(xi, eta)):
[1.00941005 1.00915809 1.00680533 1.0003002  0.99998222 1.00861799]

Iteration:  19000
Rhat values for alpha, beta, log(sigma^2), mean(xi), log(var(xi)), atanh(corr(xi, eta)):
[1.00902081 1.00882603 1.00754623 1.00032199 0.99998232 1.00845851]

Iteration:  19100
Rhat values for alpha, beta, log(sigma^2), mean(xi), log(var(xi)), atanh(corr(xi, eta)):
[1.00856073 1.00844655 1.00822055 1.00034474 0.99998242 1.00837699]

Iteration:  19200
Rhat values for alpha, beta, log(sigma^2), mean(xi), log(var(xi)), atanh(corr(xi, eta)):
[1.00874799 1.00862023 1.0085973  1.00032133 0.99998254 1.00866591]

Iteration:  19300
Rhat values for alpha, beta, log(sigma^2), mean(xi), log(var(xi)), atanh(corr(xi, eta)):
[1.008862   1.00864888 1.00858415 1.00032809 0.99998263 1.00868326]

Iteration:  19400
Rhat values for alpha, beta, log(sigma^2), mean(xi), log(var(xi)), atanh(corr(xi, eta)):
[1.00878962 1.00858444 1.00823935 1.00034977 0.99998272 1.00863305]

Iteration:  19500
Rhat values for alpha, beta, log(sigma^2), mean(xi), log(var(xi)), atanh(corr(xi, eta)):
[1.00868799 1.00855286 1.00801333 1.00033261 0.99998281 1.00846159]

Iteration:  19600
Rhat values for alpha, beta, log(sigma^2), mean(xi), log(var(xi)), atanh(corr(xi, eta)):
[1.0090808  1.00884661 1.00800098 1.00030881 0.9999829  1.00857757]

Iteration:  19700
Rhat values for alpha, beta, log(sigma^2), mean(xi), log(var(xi)), atanh(corr(xi, eta)):
[1.00859772 1.00838366 1.00812271 1.00026697 0.99998302 1.00803124]

Iteration:  19800
Rhat values for alpha, beta, log(sigma^2), mean(xi), log(var(xi)), atanh(corr(xi, eta)):
[1.00808792 1.00788912 1.00810371 1.00027826 0.99998314 1.00756759]

Iteration:  19900
Rhat values for alpha, beta, log(sigma^2), mean(xi), log(var(xi)), atanh(corr(xi, eta)):
[1.00777245 1.00769951 1.00851232 1.00031076 0.9999832  1.00720587]

Iteration:  20000
Rhat values for alpha, beta, log(sigma^2), mean(xi), log(var(xi)), atanh(corr(xi, eta)):
[1.00727408 1.00723789 1.00874004 1.00030862 0.99998328 1.00692602]
{"name": "G11_first_hr_corrected_covdiag_0.42", "n": 196, "seed": 20261021, "mean": -0.009383691461369683, "sd": 0.011323937618701164, "q025_975": [-0.030937500997850517, 0.013859761362458062], "p_negative": 0.80465, "scatter_mean": 0.03445955109000803, "retained_draws": 40000, "split_rhat": {"alpha": 1.0164386431774584, "beta": 1.0174336782919184, "sigsqr": 1.017154946868309}}
START G11_first_hr_no_bias_covdiag_0.2

Iteration:  100
Rhat values for alpha, beta, log(sigma^2), mean(xi), log(var(xi)), atanh(corr(xi, eta)):
[1.08072444 1.11618401 1.38947951 1.00824079 1.01006056 1.62610963]

Iteration:  200
Rhat values for alpha, beta, log(sigma^2), mean(xi), log(var(xi)), atanh(corr(xi, eta)):
[1.03373039 1.0552268  1.2770679  1.00984252 1.01301576 1.2764199 ]

Iteration:  300
Rhat values for alpha, beta, log(sigma^2), mean(xi), log(var(xi)), atanh(corr(xi, eta)):
[1.01171632 1.01591229 1.11570175 0.99894719 1.00775757 1.10468553]

Iteration:  400
Rhat values for alpha, beta, log(sigma^2), mean(xi), log(var(xi)), atanh(corr(xi, eta)):
[1.00465921 1.01063139 1.04780872 1.00501851 0.99965886 1.04738769]

Iteration:  500
Rhat values for alpha, beta, log(sigma^2), mean(xi), log(var(xi)), atanh(corr(xi, eta)):
[1.00378767 1.00865246 1.01265953 1.00674893 0.99989492 1.02138956]

Iteration:  600
Rhat values for alpha, beta, log(sigma^2), mean(xi), log(var(xi)), atanh(corr(xi, eta)):
[1.00413398 1.00852669 1.01737393 1.00528006 0.99972096 1.01510952]

Iteration:  700
Rhat values for alpha, beta, log(sigma^2), mean(xi), log(var(xi)), atanh(corr(xi, eta)):
[1.0031561  1.00801822 1.00497317 1.00819012 1.00001397 1.00941302]

Iteration:  800
Rhat values for alpha, beta, log(sigma^2), mean(xi), log(var(xi)), atanh(corr(xi, eta)):
[1.00235574 1.00464606 1.0025382  1.01185067 1.00001087 1.0108689 ]

Iteration:  900
Rhat values for alpha, beta, log(sigma^2), mean(xi), log(var(xi)), atanh(corr(xi, eta)):
[1.00151496 1.00302133 1.01008809 1.02012575 1.00000772 1.01205934]

Iteration:  1000
Rhat values for alpha, beta, log(sigma^2), mean(xi), log(var(xi)), atanh(corr(xi, eta)):
[1.00121726 1.0025704  1.02095099 1.0118711  1.00000644 1.01371056]

Iteration:  1100
Rhat values for alpha, beta, log(sigma^2), mean(xi), log(var(xi)), atanh(corr(xi, eta)):
[1.0020484  1.00215826 1.03698479 1.01216472 1.00000618 1.02717898]

Iteration:  1200
Rhat values for alpha, beta, log(sigma^2), mean(xi), log(var(xi)), atanh(corr(xi, eta)):
[1.00196652 1.0007738  1.05485128 1.01110893 1.00000793 1.04191779]

Iteration:  1300
Rhat values for alpha, beta, log(sigma^2), mean(xi), log(var(xi)), atanh(corr(xi, eta)):
[1.0052891  1.00391479 1.07946726 1.0118094  1.00000768 1.05627574]

Iteration:  1400
Rhat values for alpha, beta, log(sigma^2), mean(xi), log(var(xi)), atanh(corr(xi, eta)):
[1.00779965 1.00623537 1.09407731 1.01233613 1.00000705 1.06288474]

Iteration:  1500
Rhat values for alpha, beta, log(sigma^2), mean(xi), log(var(xi)), atanh(corr(xi, eta)):
[1.00934601 1.00738546 1.12123218 1.01157999 1.00000688 1.0846837 ]

Iteration:  1600
Rhat values for alpha, beta, log(sigma^2), mean(xi), log(var(xi)), atanh(corr(xi, eta)):
[1.00718631 1.00540595 1.14430278 1.01007149 1.00000556 1.0993889 ]

Iteration:  1700
Rhat values for alpha, beta, log(sigma^2), mean(xi), log(var(xi)), atanh(corr(xi, eta)):
[1.00828698 1.00597193 1.16203312 1.00656226 1.00000539 1.10646234]

Iteration:  1800
Rhat values for alpha, beta, log(sigma^2), mean(xi), log(var(xi)), atanh(corr(xi, eta)):
[1.01174225 1.01066627 1.15429735 1.004933   1.00000537 1.09761681]

Iteration:  1900
Rhat values for alpha, beta, log(sigma^2), mean(xi), log(var(xi)), atanh(corr(xi, eta)):
[1.01513413 1.01555988 1.14517354 1.00490394 1.00000516 1.09416238]

Iteration:  2000
Rhat values for alpha, beta, log(sigma^2), mean(xi), log(var(xi)), atanh(corr(xi, eta)):
[1.01144973 1.01249888 1.09872121 1.00509011 1.00000473 1.06331892]

Iteration:  2100
Rhat values for alpha, beta, log(sigma^2), mean(xi), log(var(xi)), atanh(corr(xi, eta)):
[1.01224179 1.01238573 1.08518527 1.00463482 1.0000044  1.05938592]

Iteration:  2200
Rhat values for alpha, beta, log(sigma^2), mean(xi), log(var(xi)), atanh(corr(xi, eta)):
[1.0109519  1.01112792 1.0803086  1.004366   1.00000429 1.05950774]

Iteration:  2300
Rhat values for alpha, beta, log(sigma^2), mean(xi), log(var(xi)), atanh(corr(xi, eta)):
[1.01414996 1.01287534 1.07268418 1.00265733 1.00000415 1.05468158]

Iteration:  2400
Rhat values for alpha, beta, log(sigma^2), mean(xi), log(var(xi)), atanh(corr(xi, eta)):
[1.01334239 1.01217546 1.05877467 1.00326024 1.00000381 1.03995493]

Iteration:  2500
Rhat values for alpha, beta, log(sigma^2), mean(xi), log(var(xi)), atanh(corr(xi, eta)):
[1.00978526 1.00892915 1.06288119 1.00392985 1.00000338 1.04087079]

Iteration:  2600
Rhat values for alpha, beta, log(sigma^2), mean(xi), log(var(xi)), atanh(corr(xi, eta)):
[1.00695044 1.00646735 1.06383308 1.00411555 1.00000311 1.03613664]

Iteration:  2700
Rhat values for alpha, beta, log(sigma^2), mean(xi), log(var(xi)), atanh(corr(xi, eta)):
[1.00654696 1.00678136 1.06058564 1.00364493 1.0000037  1.03225765]

Iteration:  2800
Rhat values for alpha, beta, log(sigma^2), mean(xi), log(var(xi)), atanh(corr(xi, eta)):
[1.00836824 1.00925774 1.05985201 1.00409163 1.00000328 1.0318375 ]

Iteration:  2900
Rhat values for alpha, beta, log(sigma^2), mean(xi), log(var(xi)), atanh(corr(xi, eta)):
[1.01100351 1.01210115 1.05988865 1.00298306 1.00000292 1.03092908]

Iteration:  3000
Rhat values for alpha, beta, log(sigma^2), mean(xi), log(var(xi)), atanh(corr(xi, eta)):
[1.01220199 1.01272846 1.0574169  1.00333654 1.00000278 1.03243179]

Iteration:  3100
Rhat values for alpha, beta, log(sigma^2), mean(xi), log(var(xi)), atanh(corr(xi, eta)):
[1.01193075 1.01192948 1.06412857 1.00305434 1.00000259 1.03968   ]

Iteration:  3200
Rhat values for alpha, beta, log(sigma^2), mean(xi), log(var(xi)), atanh(corr(xi, eta)):
[1.01136383 1.01111934 1.07350018 1.00367682 1.00000275 1.04673187]

Iteration:  3300
Rhat values for alpha, beta, log(sigma^2), mean(xi), log(var(xi)), atanh(corr(xi, eta)):
[1.01388294 1.0138673  1.07590089 1.00303617 1.00000255 1.05054893]

Iteration:  3400
Rhat values for alpha, beta, log(sigma^2), mean(xi), log(var(xi)), atanh(corr(xi, eta)):
[1.01744088 1.01832491 1.06342358 1.0035673  1.00000252 1.04398095]

Iteration:  3500
Rhat values for alpha, beta, log(sigma^2), mean(xi), log(var(xi)), atanh(corr(xi, eta)):
[1.0205762  1.02164603 1.05247679 1.00380658 1.00000254 1.04123244]

Iteration:  3600
Rhat values for alpha, beta, log(sigma^2), mean(xi), log(var(xi)), atanh(corr(xi, eta)):
[1.02274521 1.0244259  1.04796275 1.00305745 1.00000245 1.0418835 ]

Iteration:  3700
Rhat values for alpha, beta, log(sigma^2), mean(xi), log(var(xi)), atanh(corr(xi, eta)):
[1.02338478 1.02445135 1.04799425 1.00339477 1.00000252 1.04369623]

Iteration:  3800
Rhat values for alpha, beta, log(sigma^2), mean(xi), log(var(xi)), atanh(corr(xi, eta)):
[1.02433127 1.02508554 1.04928976 1.00329763 1.00000247 1.04664649]

Iteration:  3900
Rhat values for alpha, beta, log(sigma^2), mean(xi), log(var(xi)), atanh(corr(xi, eta)):
[1.02431158 1.02572192 1.04551653 1.00391096 1.00000232 1.04496003]

Iteration:  4000
Rhat values for alpha, beta, log(sigma^2), mean(xi), log(var(xi)), atanh(corr(xi, eta)):
[1.02666244 1.02826849 1.03541096 1.0036635  1.00000204 1.03743387]

Iteration:  4100
Rhat values for alpha, beta, log(sigma^2), mean(xi), log(var(xi)), atanh(corr(xi, eta)):
[1.02103274 1.02298633 1.02514542 1.00334645 1.00000036 1.02586504]

Iteration:  4200
Rhat values for alpha, beta, log(sigma^2), mean(xi), log(var(xi)), atanh(corr(xi, eta)):
[1.01971913 1.02190239 1.0230836  1.00392025 1.00000045 1.02307795]

Iteration:  4300
Rhat values for alpha, beta, log(sigma^2), mean(xi), log(var(xi)), atanh(corr(xi, eta)):
[1.01866158 1.02139477 1.02362606 1.00457598 0.99999972 1.02332678]

Iteration:  4400
Rhat values for alpha, beta, log(sigma^2), mean(xi), log(var(xi)), atanh(corr(xi, eta)):
[1.01708189 1.01904587 1.02607772 1.00427703 0.9999996  1.02598727]

Iteration:  4500
Rhat values for alpha, beta, log(sigma^2), mean(xi), log(var(xi)), atanh(corr(xi, eta)):
[1.01552069 1.01735103 1.02611345 1.00394297 0.99999942 1.02660103]

Iteration:  4600
Rhat values for alpha, beta, log(sigma^2), mean(xi), log(var(xi)), atanh(corr(xi, eta)):
[1.0143357  1.01621721 1.02839233 1.00474849 0.99999941 1.02892828]

Iteration:  4700
Rhat values for alpha, beta, log(sigma^2), mean(xi), log(var(xi)), atanh(corr(xi, eta)):
[1.01257103 1.01443331 1.03091286 1.00485945 0.99999934 1.03052323]

Iteration:  4800
Rhat values for alpha, beta, log(sigma^2), mean(xi), log(var(xi)), atanh(corr(xi, eta)):
[1.01185167 1.01393851 1.02922245 1.00499539 0.99999983 1.02882121]

Iteration:  4900
Rhat values for alpha, beta, log(sigma^2), mean(xi), log(var(xi)), atanh(corr(xi, eta)):
[1.01300291 1.01491435 1.0259893  1.00523963 0.99999982 1.02742969]

Iteration:  5000
Rhat values for alpha, beta, log(sigma^2), mean(xi), log(var(xi)), atanh(corr(xi, eta)):
[1.01186759 1.01324956 1.01917228 1.00508613 0.99999967 1.02034261]

Iteration:  5100
Rhat values for alpha, beta, log(sigma^2), mean(xi), log(var(xi)), atanh(corr(xi, eta)):
[1.01176057 1.01276022 1.0176997  1.00460881 0.99999973 1.01929163]

Iteration:  5200
Rhat values for alpha, beta, log(sigma^2), mean(xi), log(var(xi)), atanh(corr(xi, eta)):
[1.0114598  1.01215408 1.01753705 1.00439651 0.99999978 1.02000449]

Iteration:  5300
Rhat values for alpha, beta, log(sigma^2), mean(xi), log(var(xi)), atanh(corr(xi, eta)):
[1.01179932 1.01262436 1.02030885 1.00524605 0.99999939 1.02301918]

Iteration:  5400
Rhat values for alpha, beta, log(sigma^2), mean(xi), log(var(xi)), atanh(corr(xi, eta)):
[1.01377628 1.01478275 1.02044566 1.00512517 0.99999948 1.02363668]

Iteration:  5500
Rhat values for alpha, beta, log(sigma^2), mean(xi), log(var(xi)), atanh(corr(xi, eta)):
[1.01355953 1.01501736 1.01829781 1.00528816 0.9999992  1.02168078]

Iteration:  5600
Rhat values for alpha, beta, log(sigma^2), mean(xi), log(var(xi)), atanh(corr(xi, eta)):
[1.01178652 1.01365005 1.01654561 1.0051093  0.9999992  1.01849572]

Iteration:  5700
Rhat values for alpha, beta, log(sigma^2), mean(xi), log(var(xi)), atanh(corr(xi, eta)):
[1.01118167 1.01291579 1.01589866 1.00434488 0.99999894 1.01700193]

Iteration:  5800
Rhat values for alpha, beta, log(sigma^2), mean(xi), log(var(xi)), atanh(corr(xi, eta)):
[1.00899873 1.01034013 1.01551384 1.00441609 0.999999   1.01652418]

Iteration:  5900
Rhat values for alpha, beta, log(sigma^2), mean(xi), log(var(xi)), atanh(corr(xi, eta)):
[1.00839962 1.00960983 1.01494557 1.00488171 0.99999896 1.01639939]

Iteration:  6000
Rhat values for alpha, beta, log(sigma^2), mean(xi), log(var(xi)), atanh(corr(xi, eta)):
[1.00833484 1.00962788 1.01436825 1.00491461 0.99999906 1.01562336]

Iteration:  6100
Rhat values for alpha, beta, log(sigma^2), mean(xi), log(var(xi)), atanh(corr(xi, eta)):
[1.00854941 1.00956155 1.01397526 1.00480984 0.99999906 1.01447786]

Iteration:  6200
Rhat values for alpha, beta, log(sigma^2), mean(xi), log(var(xi)), atanh(corr(xi, eta)):
[1.0074858  1.00830267 1.0125519  1.00430581 0.99999901 1.01315116]

Iteration:  6300
Rhat values for alpha, beta, log(sigma^2), mean(xi), log(var(xi)), atanh(corr(xi, eta)):
[1.00640397 1.00703625 1.01336385 1.00485048 0.99999871 1.01392248]

Iteration:  6400
Rhat values for alpha, beta, log(sigma^2), mean(xi), log(var(xi)), atanh(corr(xi, eta)):
[1.00570344 1.00616614 1.01396573 1.00426853 0.99999867 1.01431705]

Iteration:  6500
Rhat values for alpha, beta, log(sigma^2), mean(xi), log(var(xi)), atanh(corr(xi, eta)):
[1.00521041 1.00598316 1.01253062 1.00446331 0.99999861 1.01200107]

Iteration:  6600
Rhat values for alpha, beta, log(sigma^2), mean(xi), log(var(xi)), atanh(corr(xi, eta)):
[1.00458851 1.00536436 1.01043841 1.00413275 0.99999861 1.00999727]

Iteration:  6700
Rhat values for alpha, beta, log(sigma^2), mean(xi), log(var(xi)), atanh(corr(xi, eta)):
[1.00376421 1.00462864 1.00951548 1.00359731 0.99999823 1.00795982]

Iteration:  6800
Rhat values for alpha, beta, log(sigma^2), mean(xi), log(var(xi)), atanh(corr(xi, eta)):
[1.00311803 1.00385638 1.00973251 1.00351851 0.99999818 1.00735326]

Iteration:  6900
Rhat values for alpha, beta, log(sigma^2), mean(xi), log(var(xi)), atanh(corr(xi, eta)):
[1.00274363 1.00319811 1.00979638 1.00319863 0.99999412 1.00714879]

Iteration:  7000
Rhat values for alpha, beta, log(sigma^2), mean(xi), log(var(xi)), atanh(corr(xi, eta)):
[1.00231574 1.00268282 1.01114762 1.00330943 0.99999405 1.00735634]

Iteration:  7100
Rhat values for alpha, beta, log(sigma^2), mean(xi), log(var(xi)), atanh(corr(xi, eta)):
[1.00228451 1.00260137 1.01346394 1.00349739 0.99999334 1.00847126]

Iteration:  7200
Rhat values for alpha, beta, log(sigma^2), mean(xi), log(var(xi)), atanh(corr(xi, eta)):
[1.00165043 1.002145   1.0162927  1.00350896 0.99999338 1.00995707]

Iteration:  7300
Rhat values for alpha, beta, log(sigma^2), mean(xi), log(var(xi)), atanh(corr(xi, eta)):
[1.00167416 1.00232913 1.01784477 1.00353561 0.99999333 1.01052237]

Iteration:  7400
Rhat values for alpha, beta, log(sigma^2), mean(xi), log(var(xi)), atanh(corr(xi, eta)):
[1.00188112 1.0027875  1.01883017 1.0033186  0.99999321 1.01023501]

Iteration:  7500
Rhat values for alpha, beta, log(sigma^2), mean(xi), log(var(xi)), atanh(corr(xi, eta)):
[1.00168422 1.00276321 1.02001272 1.00342016 0.99999334 1.0104897 ]

Iteration:  7600
Rhat values for alpha, beta, log(sigma^2), mean(xi), log(var(xi)), atanh(corr(xi, eta)):
[1.00173598 1.00303938 1.0214728  1.00390294 0.99999363 1.01084645]

Iteration:  7700
Rhat values for alpha, beta, log(sigma^2), mean(xi), log(var(xi)), atanh(corr(xi, eta)):
[1.00184496 1.00324571 1.02166671 1.00413057 0.99999361 1.01095511]

Iteration:  7800
Rhat values for alpha, beta, log(sigma^2), mean(xi), log(var(xi)), atanh(corr(xi, eta)):
[1.00306587 1.00478979 1.02228477 1.00458063 0.99999379 1.01146536]

Iteration:  7900
Rhat values for alpha, beta, log(sigma^2), mean(xi), log(var(xi)), atanh(corr(xi, eta)):
[1.00356008 1.00542505 1.0228476  1.00497218 0.99999384 1.01235997]

Iteration:  8000
Rhat values for alpha, beta, log(sigma^2), mean(xi), log(var(xi)), atanh(corr(xi, eta)):
[1.00370785 1.00574131 1.02084307 1.0048991  0.99999404 1.01114323]

Iteration:  8100
Rhat values for alpha, beta, log(sigma^2), mean(xi), log(var(xi)), atanh(corr(xi, eta)):
[1.00360961 1.00578355 1.01902758 1.00514832 0.99999403 1.01052113]

Iteration:  8200
Rhat values for alpha, beta, log(sigma^2), mean(xi), log(var(xi)), atanh(corr(xi, eta)):
[1.00375387 1.00608457 1.01742274 1.00507442 0.99999407 1.01044936]

Iteration:  8300
Rhat values for alpha, beta, log(sigma^2), mean(xi), log(var(xi)), atanh(corr(xi, eta)):
[1.00362696 1.00610093 1.01602593 1.00542227 0.9999942  1.00988322]

Iteration:  8400
Rhat values for alpha, beta, log(sigma^2), mean(xi), log(var(xi)), atanh(corr(xi, eta)):
[1.00404272 1.00674615 1.01556586 1.00540357 0.99999335 1.00989969]

Iteration:  8500
Rhat values for alpha, beta, log(sigma^2), mean(xi), log(var(xi)), atanh(corr(xi, eta)):
[1.00417081 1.00694327 1.01573033 1.00473204 0.99999292 1.01060877]

Iteration:  8600
Rhat values for alpha, beta, log(sigma^2), mean(xi), log(var(xi)), atanh(corr(xi, eta)):
[1.00395534 1.00668513 1.01592245 1.0042868  0.99999285 1.01094867]

Iteration:  8700
Rhat values for alpha, beta, log(sigma^2), mean(xi), log(var(xi)), atanh(corr(xi, eta)):
[1.00412689 1.00655336 1.01574488 1.00369956 0.99999293 1.01108663]

Iteration:  8800
Rhat values for alpha, beta, log(sigma^2), mean(xi), log(var(xi)), atanh(corr(xi, eta)):
[1.00464372 1.00709497 1.01531032 1.00357573 0.999993   1.01110859]

Iteration:  8900
Rhat values for alpha, beta, log(sigma^2), mean(xi), log(var(xi)), atanh(corr(xi, eta)):
[1.00497297 1.00749403 1.01538151 1.00348256 0.99999198 1.01154351]

Iteration:  9000
Rhat values for alpha, beta, log(sigma^2), mean(xi), log(var(xi)), atanh(corr(xi, eta)):
[1.00487094 1.00754424 1.01556118 1.00322169 0.99999208 1.0112964 ]

Iteration:  9100
Rhat values for alpha, beta, log(sigma^2), mean(xi), log(var(xi)), atanh(corr(xi, eta)):
[1.00494859 1.00764988 1.0169452  1.00311446 0.99999213 1.01172705]

Iteration:  9200
Rhat values for alpha, beta, log(sigma^2), mean(xi), log(var(xi)), atanh(corr(xi, eta)):
[1.0049951  1.00774675 1.01761873 1.00308213 0.99999221 1.0116049 ]

Iteration:  9300
Rhat values for alpha, beta, log(sigma^2), mean(xi), log(var(xi)), atanh(corr(xi, eta)):
[1.00481273 1.00728973 1.01721533 1.00277127 0.99999234 1.01056546]

Iteration:  9400
Rhat values for alpha, beta, log(sigma^2), mean(xi), log(var(xi)), atanh(corr(xi, eta)):
[1.00466318 1.007092   1.01528784 1.00270204 0.99999241 1.00886201]

Iteration:  9500
Rhat values for alpha, beta, log(sigma^2), mean(xi), log(var(xi)), atanh(corr(xi, eta)):
[1.00388569 1.0058441  1.01397991 1.00269734 0.9999925  1.00784058]

Iteration:  9600
Rhat values for alpha, beta, log(sigma^2), mean(xi), log(var(xi)), atanh(corr(xi, eta)):
[1.00396934 1.00577583 1.01230558 1.00245026 0.99999072 1.00652731]

Iteration:  9700
Rhat values for alpha, beta, log(sigma^2), mean(xi), log(var(xi)), atanh(corr(xi, eta)):
[1.00393772 1.00558766 1.01090091 1.00225728 0.9999908  1.00562005]

Iteration:  9800
Rhat values for alpha, beta, log(sigma^2), mean(xi), log(var(xi)), atanh(corr(xi, eta)):
[1.00356525 1.0053397  1.01081499 1.00204035 0.99999095 1.005407  ]

Iteration:  9900
Rhat values for alpha, beta, log(sigma^2), mean(xi), log(var(xi)), atanh(corr(xi, eta)):
[1.00401488 1.00599185 1.0112309  1.00217999 0.99999104 1.00547694]

Iteration:  10000
Rhat values for alpha, beta, log(sigma^2), mean(xi), log(var(xi)), atanh(corr(xi, eta)):
[1.00393221 1.00609856 1.01091664 1.00227753 0.99999107 1.00525618]

Iteration:  10100
Rhat values for alpha, beta, log(sigma^2), mean(xi), log(var(xi)), atanh(corr(xi, eta)):
[1.00458282 1.00682468 1.01146412 1.00216995 0.99999118 1.00537237]

Iteration:  10200
Rhat values for alpha, beta, log(sigma^2), mean(xi), log(var(xi)), atanh(corr(xi, eta)):
[1.00458358 1.00683714 1.01187899 1.0019396  0.9999912  1.00560755]

Iteration:  10300
Rhat values for alpha, beta, log(sigma^2), mean(xi), log(var(xi)), atanh(corr(xi, eta)):
[1.00405464 1.00610691 1.01145614 1.00176539 0.99999137 1.00523599]

Iteration:  10400
Rhat values for alpha, beta, log(sigma^2), mean(xi), log(var(xi)), atanh(corr(xi, eta)):
[1.00417118 1.00623323 1.01101372 1.00169459 0.99999147 1.0044515 ]

Iteration:  10500
Rhat values for alpha, beta, log(sigma^2), mean(xi), log(var(xi)), atanh(corr(xi, eta)):
[1.00393372 1.00592875 1.0105836  1.00163294 0.99999163 1.00430004]

Iteration:  10600
Rhat values for alpha, beta, log(sigma^2), mean(xi), log(var(xi)), atanh(corr(xi, eta)):
[1.00421684 1.00626485 1.00986773 1.00169523 0.99999169 1.0041027 ]

Iteration:  10700
Rhat values for alpha, beta, log(sigma^2), mean(xi), log(var(xi)), atanh(corr(xi, eta)):
[1.00399417 1.00596723 1.00944494 1.00170768 0.99999175 1.0039397 ]

Iteration:  10800
Rhat values for alpha, beta, log(sigma^2), mean(xi), log(var(xi)), atanh(corr(xi, eta)):
[1.00411419 1.00627846 1.00952853 1.00166706 0.99999179 1.00397355]

Iteration:  10900
Rhat values for alpha, beta, log(sigma^2), mean(xi), log(var(xi)), atanh(corr(xi, eta)):
[1.00402662 1.0062873  1.00897509 1.0016591  0.99999188 1.00337508]

Iteration:  11000
Rhat values for alpha, beta, log(sigma^2), mean(xi), log(var(xi)), atanh(corr(xi, eta)):
[1.00416666 1.00657201 1.00903394 1.0017975  0.99999191 1.00367843]

Iteration:  11100
Rhat values for alpha, beta, log(sigma^2), mean(xi), log(var(xi)), atanh(corr(xi, eta)):
[1.00431814 1.00688953 1.0086588  1.00207988 0.99999098 1.00353624]

Iteration:  11200
Rhat values for alpha, beta, log(sigma^2), mean(xi), log(var(xi)), atanh(corr(xi, eta)):
[1.00438407 1.00683512 1.00812947 1.00219313 0.99999101 1.00301531]

Iteration:  11300
Rhat values for alpha, beta, log(sigma^2), mean(xi), log(var(xi)), atanh(corr(xi, eta)):
[1.00493324 1.0074261  1.007744   1.00206525 1.00005343 1.00268628]

Iteration:  11400
Rhat values for alpha, beta, log(sigma^2), mean(xi), log(var(xi)), atanh(corr(xi, eta)):
[1.00555147 1.008008   1.00770264 1.0020098  1.00005294 1.00269607]

Iteration:  11500
Rhat values for alpha, beta, log(sigma^2), mean(xi), log(var(xi)), atanh(corr(xi, eta)):
[1.0060398  1.00859489 1.0067146  1.00195742 1.0000525  1.00251842]

Iteration:  11600
Rhat values for alpha, beta, log(sigma^2), mean(xi), log(var(xi)), atanh(corr(xi, eta)):
[1.00640287 1.00914754 1.00588999 1.00175977 1.00005207 1.00273251]

Iteration:  11700
Rhat values for alpha, beta, log(sigma^2), mean(xi), log(var(xi)), atanh(corr(xi, eta)):
[1.00659299 1.00952851 1.0060937  1.0015973  1.00005158 1.00344493]

Iteration:  11800
Rhat values for alpha, beta, log(sigma^2), mean(xi), log(var(xi)), atanh(corr(xi, eta)):
[1.00675933 1.00969475 1.00681231 1.00157358 1.00005113 1.00436171]

Iteration:  11900
Rhat values for alpha, beta, log(sigma^2), mean(xi), log(var(xi)), atanh(corr(xi, eta)):
[1.00686509 1.00998818 1.00747024 1.00168734 1.00005083 1.0053712 ]

Iteration:  12000
Rhat values for alpha, beta, log(sigma^2), mean(xi), log(var(xi)), atanh(corr(xi, eta)):
[1.00648465 1.00969298 1.00837786 1.00177231 1.00005047 1.0067668 ]

Iteration:  12100
Rhat values for alpha, beta, log(sigma^2), mean(xi), log(var(xi)), atanh(corr(xi, eta)):
[1.00629815 1.00961471 1.00919055 1.00190223 1.00005001 1.00752938]

Iteration:  12200
Rhat values for alpha, beta, log(sigma^2), mean(xi), log(var(xi)), atanh(corr(xi, eta)):
[1.00623515 1.00948509 1.00919085 1.00190592 1.00004957 1.00750358]

Iteration:  12300
Rhat values for alpha, beta, log(sigma^2), mean(xi), log(var(xi)), atanh(corr(xi, eta)):
[1.00551008 1.00828289 1.01010552 1.00163819 1.0000491  1.00824059]

Iteration:  12400
Rhat values for alpha, beta, log(sigma^2), mean(xi), log(var(xi)), atanh(corr(xi, eta)):
[1.00521754 1.00769282 1.01146455 1.00148504 1.00004865 1.0095313 ]

Iteration:  12500
Rhat values for alpha, beta, log(sigma^2), mean(xi), log(var(xi)), atanh(corr(xi, eta)):
[1.00519036 1.00754249 1.01245786 1.00138275 1.00004821 1.01028999]

Iteration:  12600
Rhat values for alpha, beta, log(sigma^2), mean(xi), log(var(xi)), atanh(corr(xi, eta)):
[1.00461286 1.00696451 1.01306912 1.00137141 1.00004786 1.01105916]

Iteration:  12700
Rhat values for alpha, beta, log(sigma^2), mean(xi), log(var(xi)), atanh(corr(xi, eta)):
[1.00478015 1.00728125 1.01359188 1.00123457 1.0000475  1.01178971]

Iteration:  12800
Rhat values for alpha, beta, log(sigma^2), mean(xi), log(var(xi)), atanh(corr(xi, eta)):
[1.00480987 1.00730969 1.01342011 1.00129273 1.00004699 1.01171993]

Iteration:  12900
Rhat values for alpha, beta, log(sigma^2), mean(xi), log(var(xi)), atanh(corr(xi, eta)):
[1.00469448 1.00709934 1.01366894 1.00129207 1.0000466  1.01165452]

Iteration:  13000
Rhat values for alpha, beta, log(sigma^2), mean(xi), log(var(xi)), atanh(corr(xi, eta)):
[1.00448782 1.00689671 1.01349432 1.00139293 1.00004626 1.01139402]

Iteration:  13100
Rhat values for alpha, beta, log(sigma^2), mean(xi), log(var(xi)), atanh(corr(xi, eta)):
[1.00419374 1.00659892 1.01370744 1.00127471 1.00004597 1.01170534]

Iteration:  13200
Rhat values for alpha, beta, log(sigma^2), mean(xi), log(var(xi)), atanh(corr(xi, eta)):
[1.00399721 1.00624918 1.01359564 1.00144925 1.00004556 1.01162356]

Iteration:  13300
Rhat values for alpha, beta, log(sigma^2), mean(xi), log(var(xi)), atanh(corr(xi, eta)):
[1.00405766 1.00628952 1.01421004 1.00147263 1.0000452  1.01218511]

Iteration:  13400
Rhat values for alpha, beta, log(sigma^2), mean(xi), log(var(xi)), atanh(corr(xi, eta)):
[1.0042628  1.00658263 1.01410928 1.00154675 1.00004488 1.01223985]

Iteration:  13500
Rhat values for alpha, beta, log(sigma^2), mean(xi), log(var(xi)), atanh(corr(xi, eta)):
[1.00423686 1.0065165  1.01387017 1.0014649  1.00004455 1.01193025]

Iteration:  13600
Rhat values for alpha, beta, log(sigma^2), mean(xi), log(var(xi)), atanh(corr(xi, eta)):
[1.00385817 1.00605346 1.01341853 1.00146588 1.00004415 1.01129648]

Iteration:  13700
Rhat values for alpha, beta, log(sigma^2), mean(xi), log(var(xi)), atanh(corr(xi, eta)):
[1.00346316 1.00555446 1.01269739 1.00138152 1.00004388 1.01045482]

Iteration:  13800
Rhat values for alpha, beta, log(sigma^2), mean(xi), log(var(xi)), atanh(corr(xi, eta)):
[1.00358531 1.00555415 1.01277563 1.00127981 1.00004343 1.01059669]

Iteration:  13900
Rhat values for alpha, beta, log(sigma^2), mean(xi), log(var(xi)), atanh(corr(xi, eta)):
[1.00335042 1.00517618 1.01304252 1.00127427 1.00004312 1.0109469 ]

Iteration:  14000
Rhat values for alpha, beta, log(sigma^2), mean(xi), log(var(xi)), atanh(corr(xi, eta)):
[1.00341974 1.00532118 1.01329579 1.00134067 1.00004282 1.01138009]

Iteration:  14100
Rhat values for alpha, beta, log(sigma^2), mean(xi), log(var(xi)), atanh(corr(xi, eta)):
[1.00364248 1.00568813 1.01233198 1.00129875 1.00004252 1.01101332]

Iteration:  14200
Rhat values for alpha, beta, log(sigma^2), mean(xi), log(var(xi)), atanh(corr(xi, eta)):
[1.00373354 1.00587273 1.0119452  1.00119779 1.00004225 1.010833  ]

Iteration:  14300
Rhat values for alpha, beta, log(sigma^2), mean(xi), log(var(xi)), atanh(corr(xi, eta)):
[1.00427453 1.00657339 1.01223585 1.0012483  1.00004192 1.01176164]

Iteration:  14400
Rhat values for alpha, beta, log(sigma^2), mean(xi), log(var(xi)), atanh(corr(xi, eta)):
[1.0042547  1.00665633 1.01288158 1.00149878 1.0000402  1.01245964]

Iteration:  14500
Rhat values for alpha, beta, log(sigma^2), mean(xi), log(var(xi)), atanh(corr(xi, eta)):
[1.00375892 1.00601635 1.01238868 1.00151435 1.00003989 1.01169154]

Iteration:  14600
Rhat values for alpha, beta, log(sigma^2), mean(xi), log(var(xi)), atanh(corr(xi, eta)):
[1.00367294 1.00586666 1.01237943 1.00147442 1.0000396  1.01160189]

Iteration:  14700
Rhat values for alpha, beta, log(sigma^2), mean(xi), log(var(xi)), atanh(corr(xi, eta)):
[1.00369089 1.00579206 1.01285848 1.00137056 1.00003927 1.01201041]

Iteration:  14800
Rhat values for alpha, beta, log(sigma^2), mean(xi), log(var(xi)), atanh(corr(xi, eta)):
[1.00352941 1.0054541  1.01296472 1.00128452 1.00003881 1.01202773]

Iteration:  14900
Rhat values for alpha, beta, log(sigma^2), mean(xi), log(var(xi)), atanh(corr(xi, eta)):
[1.00344368 1.00521458 1.01232024 1.00130336 1.00003857 1.01153984]

Iteration:  15000
Rhat values for alpha, beta, log(sigma^2), mean(xi), log(var(xi)), atanh(corr(xi, eta)):
[1.00332011 1.00513478 1.01094463 1.00126692 1.00003827 1.01068385]

Iteration:  15100
Rhat values for alpha, beta, log(sigma^2), mean(xi), log(var(xi)), atanh(corr(xi, eta)):
[1.00332257 1.00519362 1.01056654 1.00119403 1.00004305 1.01054352]

Iteration:  15200
Rhat values for alpha, beta, log(sigma^2), mean(xi), log(var(xi)), atanh(corr(xi, eta)):
[1.00338712 1.00523648 1.01012293 1.00123231 1.00004252 1.01025689]

Iteration:  15300
Rhat values for alpha, beta, log(sigma^2), mean(xi), log(var(xi)), atanh(corr(xi, eta)):
[1.00314398 1.0049363  1.0091199  1.00122823 1.00004201 1.00945062]

Iteration:  15400
Rhat values for alpha, beta, log(sigma^2), mean(xi), log(var(xi)), atanh(corr(xi, eta)):
[1.00303732 1.00477409 1.0086399  1.00116998 1.00004163 1.00913228]

Iteration:  15500
Rhat values for alpha, beta, log(sigma^2), mean(xi), log(var(xi)), atanh(corr(xi, eta)):
[1.00289996 1.00460701 1.00869936 1.00110575 1.00004138 1.00897123]

Iteration:  15600
Rhat values for alpha, beta, log(sigma^2), mean(xi), log(var(xi)), atanh(corr(xi, eta)):
[1.00285337 1.00451278 1.00872308 1.00102715 1.00004112 1.00901231]

Iteration:  15700
Rhat values for alpha, beta, log(sigma^2), mean(xi), log(var(xi)), atanh(corr(xi, eta)):
[1.00300496 1.00467862 1.00890933 1.00111121 1.00004085 1.00929191]

Iteration:  15800
Rhat values for alpha, beta, log(sigma^2), mean(xi), log(var(xi)), atanh(corr(xi, eta)):
[1.00335149 1.0050592  1.00896983 1.00106657 1.00004059 1.00968647]

Iteration:  15900
Rhat values for alpha, beta, log(sigma^2), mean(xi), log(var(xi)), atanh(corr(xi, eta)):
[1.00365708 1.00538983 1.00942984 1.00106855 1.00004032 1.01050194]

Iteration:  16000
Rhat values for alpha, beta, log(sigma^2), mean(xi), log(var(xi)), atanh(corr(xi, eta)):
[1.00426211 1.00603763 1.00966775 1.00110968 1.00004006 1.0112452 ]

Iteration:  16100
Rhat values for alpha, beta, log(sigma^2), mean(xi), log(var(xi)), atanh(corr(xi, eta)):
[1.0045454  1.0062976  1.0096963  1.00112398 1.00003984 1.01142848]

Iteration:  16200
Rhat values for alpha, beta, log(sigma^2), mean(xi), log(var(xi)), atanh(corr(xi, eta)):
[1.00438103 1.00611409 1.0096806  1.00116384 1.00003954 1.01139998]

Iteration:  16300
Rhat values for alpha, beta, log(sigma^2), mean(xi), log(var(xi)), atanh(corr(xi, eta)):
[1.00468903 1.00644826 1.00964244 1.00125778 1.00003931 1.01142183]

Iteration:  16400
Rhat values for alpha, beta, log(sigma^2), mean(xi), log(var(xi)), atanh(corr(xi, eta)):
[1.00458163 1.00627897 1.00957552 1.00126459 1.00003907 1.01136029]

Iteration:  16500
Rhat values for alpha, beta, log(sigma^2), mean(xi), log(var(xi)), atanh(corr(xi, eta)):
[1.00447284 1.00606505 1.01008143 1.00108778 1.00003884 1.01192955]

Iteration:  16600
Rhat values for alpha, beta, log(sigma^2), mean(xi), log(var(xi)), atanh(corr(xi, eta)):
[1.00409687 1.00558841 1.01044261 1.00099214 1.00003861 1.01235737]

Iteration:  16700
Rhat values for alpha, beta, log(sigma^2), mean(xi), log(var(xi)), atanh(corr(xi, eta)):
[1.0038133  1.00531658 1.0103217  1.00088129 1.00003837 1.01203492]

Iteration:  16800
Rhat values for alpha, beta, log(sigma^2), mean(xi), log(var(xi)), atanh(corr(xi, eta)):
[1.00365929 1.00519218 1.00950405 1.00089172 1.00003811 1.01131115]

Iteration:  16900
Rhat values for alpha, beta, log(sigma^2), mean(xi), log(var(xi)), atanh(corr(xi, eta)):
[1.00367055 1.00509183 1.00909833 1.0008642  1.00003791 1.01076254]

Iteration:  17000
Rhat values for alpha, beta, log(sigma^2), mean(xi), log(var(xi)), atanh(corr(xi, eta)):
[1.00395754 1.00538878 1.00863781 1.00103041 1.00003769 1.01046403]

Iteration:  17100
Rhat values for alpha, beta, log(sigma^2), mean(xi), log(var(xi)), atanh(corr(xi, eta)):
[1.00399932 1.00544863 1.0083492  1.00108996 1.00003745 1.01023299]

Iteration:  17200
Rhat values for alpha, beta, log(sigma^2), mean(xi), log(var(xi)), atanh(corr(xi, eta)):
[1.00415225 1.00568343 1.00798111 1.00119513 1.00003724 1.01000664]

Iteration:  17300
Rhat values for alpha, beta, log(sigma^2), mean(xi), log(var(xi)), atanh(corr(xi, eta)):
[1.00417637 1.00567307 1.00777232 1.0011792  1.00003705 1.00987646]

Iteration:  17400
Rhat values for alpha, beta, log(sigma^2), mean(xi), log(var(xi)), atanh(corr(xi, eta)):
[1.00403048 1.00547652 1.00729268 1.00123581 1.00003694 1.00945312]

Iteration:  17500
Rhat values for alpha, beta, log(sigma^2), mean(xi), log(var(xi)), atanh(corr(xi, eta)):
[1.00367292 1.00495552 1.00708662 1.00131319 1.00003673 1.00895359]

Iteration:  17600
Rhat values for alpha, beta, log(sigma^2), mean(xi), log(var(xi)), atanh(corr(xi, eta)):
[1.00385063 1.00507413 1.00686899 1.00128482 1.00003651 1.00872509]

Iteration:  17700
Rhat values for alpha, beta, log(sigma^2), mean(xi), log(var(xi)), atanh(corr(xi, eta)):
[1.00396418 1.00515511 1.00655814 1.00118582 1.00003628 1.00872091]

Iteration:  17800
Rhat values for alpha, beta, log(sigma^2), mean(xi), log(var(xi)), atanh(corr(xi, eta)):
[1.00403528 1.00524653 1.00614339 1.0009875  1.00003608 1.00860957]

Iteration:  17900
Rhat values for alpha, beta, log(sigma^2), mean(xi), log(var(xi)), atanh(corr(xi, eta)):
[1.00413841 1.00536061 1.00586742 1.0009787  1.00003707 1.00860029]

Iteration:  18000
Rhat values for alpha, beta, log(sigma^2), mean(xi), log(var(xi)), atanh(corr(xi, eta)):
[1.00404672 1.00527876 1.00591224 1.00090775 1.0000367  1.00875603]

Iteration:  18100
Rhat values for alpha, beta, log(sigma^2), mean(xi), log(var(xi)), atanh(corr(xi, eta)):
[1.00401638 1.00519864 1.00561427 1.0008512  1.00003649 1.00847428]

Iteration:  18200
Rhat values for alpha, beta, log(sigma^2), mean(xi), log(var(xi)), atanh(corr(xi, eta)):
[1.00409305 1.005412   1.00558473 1.00084012 1.00003627 1.00859858]

Iteration:  18300
Rhat values for alpha, beta, log(sigma^2), mean(xi), log(var(xi)), atanh(corr(xi, eta)):
[1.00406808 1.00543183 1.00543162 1.00079057 1.00003603 1.00849874]

Iteration:  18400
Rhat values for alpha, beta, log(sigma^2), mean(xi), log(var(xi)), atanh(corr(xi, eta)):
[1.00384687 1.0051598  1.00508483 1.00069719 1.00003581 1.00791643]

Iteration:  18500
Rhat values for alpha, beta, log(sigma^2), mean(xi), log(var(xi)), atanh(corr(xi, eta)):
[1.00372831 1.00494992 1.00458833 1.00065019 1.00003559 1.00719782]

Iteration:  18600
Rhat values for alpha, beta, log(sigma^2), mean(xi), log(var(xi)), atanh(corr(xi, eta)):
[1.0038858  1.00496928 1.00402546 1.00069494 1.0000354  1.00646624]

Iteration:  18700
Rhat values for alpha, beta, log(sigma^2), mean(xi), log(var(xi)), atanh(corr(xi, eta)):
[1.00421664 1.00525991 1.00361971 1.00064561 1.00003517 1.00610954]

Iteration:  18800
Rhat values for alpha, beta, log(sigma^2), mean(xi), log(var(xi)), atanh(corr(xi, eta)):
[1.00461296 1.00565632 1.0036579  1.0007105  1.00003501 1.00596677]

Iteration:  18900
Rhat values for alpha, beta, log(sigma^2), mean(xi), log(var(xi)), atanh(corr(xi, eta)):
[1.00489948 1.0060454  1.00379723 1.00075289 1.00003478 1.00595725]

Iteration:  19000
Rhat values for alpha, beta, log(sigma^2), mean(xi), log(var(xi)), atanh(corr(xi, eta)):
[1.00533648 1.00655736 1.00379327 1.00084307 1.00003454 1.00569806]

Iteration:  19100
Rhat values for alpha, beta, log(sigma^2), mean(xi), log(var(xi)), atanh(corr(xi, eta)):
[1.0058023  1.0070406  1.00376569 1.00087529 1.00003427 1.00528218]

Iteration:  19200
Rhat values for alpha, beta, log(sigma^2), mean(xi), log(var(xi)), atanh(corr(xi, eta)):
[1.00618218 1.00745489 1.00359187 1.00080182 1.00003406 1.00502964]

Iteration:  19300
Rhat values for alpha, beta, log(sigma^2), mean(xi), log(var(xi)), atanh(corr(xi, eta)):
[1.00615276 1.00735137 1.00306241 1.00071936 1.00003384 1.00483601]

Iteration:  19400
Rhat values for alpha, beta, log(sigma^2), mean(xi), log(var(xi)), atanh(corr(xi, eta)):
[1.00605004 1.00724488 1.00262072 1.00067287 1.00003365 1.00472569]

Iteration:  19500
Rhat values for alpha, beta, log(sigma^2), mean(xi), log(var(xi)), atanh(corr(xi, eta)):
[1.00603594 1.00719276 1.00257451 1.00066066 1.00003346 1.00479576]

Iteration:  19600
Rhat values for alpha, beta, log(sigma^2), mean(xi), log(var(xi)), atanh(corr(xi, eta)):
[1.00632262 1.00744884 1.00247203 1.00062594 1.00003317 1.00499702]

Iteration:  19700
Rhat values for alpha, beta, log(sigma^2), mean(xi), log(var(xi)), atanh(corr(xi, eta)):
[1.00600384 1.00704577 1.00228748 1.00053674 1.00003301 1.00474979]

Iteration:  19800
Rhat values for alpha, beta, log(sigma^2), mean(xi), log(var(xi)), atanh(corr(xi, eta)):
[1.0059129  1.00698793 1.0023069  1.0005945  1.00003287 1.00476076]

Iteration:  19900
Rhat values for alpha, beta, log(sigma^2), mean(xi), log(var(xi)), atanh(corr(xi, eta)):
[1.00574817 1.00681337 1.00229792 1.00062565 1.0000327  1.00490488]

Iteration:  20000
Rhat values for alpha, beta, log(sigma^2), mean(xi), log(var(xi)), atanh(corr(xi, eta)):
[1.00541668 1.00639601 1.0023466  1.00060298 1.00003257 1.00483356]
{"name": "G11_first_hr_no_bias_covdiag_0.2", "n": 100, "seed": 20261022, "mean": -0.03547441902377458, "sd": 0.011473792301885406, "q025_975": [-0.05845951969249307, -0.013836446949236993], "p_negative": 0.9986, "scatter_mean": 0.036933550191062474, "retained_draws": 40000, "split_rhat": {"alpha": 1.0097004580853817, "beta": 1.010018372954273, "sigsqr": 1.0028328162989533}}
START G11_first_hr_no_bias_covdiag_0.42

Iteration:  100
Rhat values for alpha, beta, log(sigma^2), mean(xi), log(var(xi)), atanh(corr(xi, eta)):
[1.00194558 1.00454307 1.12824294 1.00815776 1.02574355 1.01348168]

Iteration:  200
Rhat values for alpha, beta, log(sigma^2), mean(xi), log(var(xi)), atanh(corr(xi, eta)):
[1.01288243 1.02058812 1.02505267 1.00765994 1.00634295 1.03014674]

Iteration:  300
Rhat values for alpha, beta, log(sigma^2), mean(xi), log(var(xi)), atanh(corr(xi, eta)):
[1.00614203 1.00981265 1.09675564 1.01897349 0.99986944 1.03208947]

Iteration:  400
Rhat values for alpha, beta, log(sigma^2), mean(xi), log(var(xi)), atanh(corr(xi, eta)):
[1.00158783 1.00296699 1.09544235 1.03035226 1.00257916 1.03136294]

Iteration:  500
Rhat values for alpha, beta, log(sigma^2), mean(xi), log(var(xi)), atanh(corr(xi, eta)):
[1.00205707 1.00359719 1.06363479 1.02216091 1.00186369 1.02465849]

Iteration:  600
Rhat values for alpha, beta, log(sigma^2), mean(xi), log(var(xi)), atanh(corr(xi, eta)):
[1.00429216 1.00544758 1.04642772 1.01447705 0.99919963 1.01919824]

Iteration:  700
Rhat values for alpha, beta, log(sigma^2), mean(xi), log(var(xi)), atanh(corr(xi, eta)):
[1.0038887  1.00287127 1.08697295 1.0039604  1.00030639 1.03468197]

Iteration:  800
Rhat values for alpha, beta, log(sigma^2), mean(xi), log(var(xi)), atanh(corr(xi, eta)):
[1.00878441 1.00667457 1.10140923 1.00218759 1.00218614 1.04936012]

Iteration:  900
Rhat values for alpha, beta, log(sigma^2), mean(xi), log(var(xi)), atanh(corr(xi, eta)):
[1.00991588 1.00844651 1.0837578  1.00298608 1.00164206 1.03442062]

Iteration:  1000
Rhat values for alpha, beta, log(sigma^2), mean(xi), log(var(xi)), atanh(corr(xi, eta)):
[1.01438337 1.01278455 1.06942539 1.00497044 1.00016722 1.03122412]

Iteration:  1100
Rhat values for alpha, beta, log(sigma^2), mean(xi), log(var(xi)), atanh(corr(xi, eta)):
[1.01648551 1.01402377 1.07250666 1.00556435 0.99965806 1.03738744]

Iteration:  1200
Rhat values for alpha, beta, log(sigma^2), mean(xi), log(var(xi)), atanh(corr(xi, eta)):
[1.0204426  1.01839334 1.07862441 1.0042524  0.99996954 1.04669987]

Iteration:  1300
Rhat values for alpha, beta, log(sigma^2), mean(xi), log(var(xi)), atanh(corr(xi, eta)):
[1.01753386 1.01792626 1.04180726 1.00805232 1.00008721 1.02992543]

Iteration:  1400
Rhat values for alpha, beta, log(sigma^2), mean(xi), log(var(xi)), atanh(corr(xi, eta)):
[1.01495652 1.0167085  1.02262019 1.01129658 1.0012643  1.01609879]

Iteration:  1500
Rhat values for alpha, beta, log(sigma^2), mean(xi), log(var(xi)), atanh(corr(xi, eta)):
[1.01905158 1.02167011 1.02512131 1.01157263 1.00210045 1.0137618 ]

Iteration:  1600
Rhat values for alpha, beta, log(sigma^2), mean(xi), log(var(xi)), atanh(corr(xi, eta)):
[1.01901983 1.02203343 1.02459979 1.01169247 1.00137559 1.012254  ]

Iteration:  1700
Rhat values for alpha, beta, log(sigma^2), mean(xi), log(var(xi)), atanh(corr(xi, eta)):
[1.01516248 1.01736692 1.02202861 1.00901475 1.00109278 1.00879793]

Iteration:  1800
Rhat values for alpha, beta, log(sigma^2), mean(xi), log(var(xi)), atanh(corr(xi, eta)):
[1.01308644 1.0127989  1.02256857 1.00856599 1.00107926 1.00974263]

Iteration:  1900
Rhat values for alpha, beta, log(sigma^2), mean(xi), log(var(xi)), atanh(corr(xi, eta)):
[1.01538019 1.01449868 1.02593353 1.01018321 1.00139242 1.0142816 ]

Iteration:  2000
Rhat values for alpha, beta, log(sigma^2), mean(xi), log(var(xi)), atanh(corr(xi, eta)):
[1.0179379  1.01583969 1.03031315 1.00954078 1.00180161 1.02345682]

Iteration:  2100
Rhat values for alpha, beta, log(sigma^2), mean(xi), log(var(xi)), atanh(corr(xi, eta)):
[1.0191758  1.01674391 1.03513002 1.00908567 1.00235042 1.02799006]

Iteration:  2200
Rhat values for alpha, beta, log(sigma^2), mean(xi), log(var(xi)), atanh(corr(xi, eta)):
[1.01693292 1.01405725 1.04078433 1.00702119 1.0013985  1.02462262]

Iteration:  2300
Rhat values for alpha, beta, log(sigma^2), mean(xi), log(var(xi)), atanh(corr(xi, eta)):
[1.01042701 1.00834291 1.0473538  1.00857103 1.00188829 1.02206658]

Iteration:  2400
Rhat values for alpha, beta, log(sigma^2), mean(xi), log(var(xi)), atanh(corr(xi, eta)):
[1.00722334 1.00561245 1.04720964 1.0082404  1.00183181 1.01847641]

Iteration:  2500
Rhat values for alpha, beta, log(sigma^2), mean(xi), log(var(xi)), atanh(corr(xi, eta)):
[1.00718868 1.00556621 1.04554702 1.00741172 1.00164121 1.01335144]

Iteration:  2600
Rhat values for alpha, beta, log(sigma^2), mean(xi), log(var(xi)), atanh(corr(xi, eta)):
[1.00571028 1.00382538 1.03167333 1.00709764 1.00181274 1.00927941]

Iteration:  2700
Rhat values for alpha, beta, log(sigma^2), mean(xi), log(var(xi)), atanh(corr(xi, eta)):
[1.0035937  1.00224436 1.01258656 1.00756903 1.00215208 1.00439261]

Iteration:  2800
Rhat values for alpha, beta, log(sigma^2), mean(xi), log(var(xi)), atanh(corr(xi, eta)):
[1.00265359 1.00161494 1.00270189 1.00747646 1.00006598 1.00277942]

Iteration:  2900
Rhat values for alpha, beta, log(sigma^2), mean(xi), log(var(xi)), atanh(corr(xi, eta)):
[1.00240252 1.00170609 1.00089816 1.00520081 1.00005785 1.00632987]

Iteration:  3000
Rhat values for alpha, beta, log(sigma^2), mean(xi), log(var(xi)), atanh(corr(xi, eta)):
[1.00285499 1.00238522 1.00395648 1.00470425 1.00005277 1.01380927]

Iteration:  3100
Rhat values for alpha, beta, log(sigma^2), mean(xi), log(var(xi)), atanh(corr(xi, eta)):
[1.00412373 1.00350775 1.00949733 1.00429477 1.00004768 1.02307844]

Iteration:  3200
Rhat values for alpha, beta, log(sigma^2), mean(xi), log(var(xi)), atanh(corr(xi, eta)):
[1.00364779 1.00333341 1.01657639 1.00306485 1.00003999 1.03442484]

Iteration:  3300
Rhat values for alpha, beta, log(sigma^2), mean(xi), log(var(xi)), atanh(corr(xi, eta)):
[1.00434871 1.00441539 1.02569502 1.00260231 1.00004073 1.04821515]

Iteration:  3400
Rhat values for alpha, beta, log(sigma^2), mean(xi), log(var(xi)), atanh(corr(xi, eta)):
[1.00565448 1.00575741 1.03720526 1.00168499 1.00003187 1.06239788]

Iteration:  3500
Rhat values for alpha, beta, log(sigma^2), mean(xi), log(var(xi)), atanh(corr(xi, eta)):
[1.00575782 1.00657175 1.04938481 1.00163634 1.00002167 1.07664197]

Iteration:  3600
Rhat values for alpha, beta, log(sigma^2), mean(xi), log(var(xi)), atanh(corr(xi, eta)):
[1.00664394 1.00767356 1.05881748 1.0028254  1.00001143 1.08915972]

Iteration:  3700
Rhat values for alpha, beta, log(sigma^2), mean(xi), log(var(xi)), atanh(corr(xi, eta)):
[1.00639716 1.00741144 1.0678537  1.00345321 1.00000048 1.09833585]

Iteration:  3800
Rhat values for alpha, beta, log(sigma^2), mean(xi), log(var(xi)), atanh(corr(xi, eta)):
[1.0041332  1.00568406 1.07626864 1.00358057 0.99999598 1.10516597]

Iteration:  3900
Rhat values for alpha, beta, log(sigma^2), mean(xi), log(var(xi)), atanh(corr(xi, eta)):
[1.00456703 1.00596905 1.08224568 1.00279542 0.99999726 1.11121151]

Iteration:  4000
Rhat values for alpha, beta, log(sigma^2), mean(xi), log(var(xi)), atanh(corr(xi, eta)):
[1.00463224 1.00564487 1.08627356 1.00272631 0.99999652 1.11113099]

Iteration:  4100
Rhat values for alpha, beta, log(sigma^2), mean(xi), log(var(xi)), atanh(corr(xi, eta)):
[1.00466317 1.00572497 1.08550475 1.00265493 1.00000058 1.10832663]

Iteration:  4200
Rhat values for alpha, beta, log(sigma^2), mean(xi), log(var(xi)), atanh(corr(xi, eta)):
[1.0039343  1.00491907 1.08448879 1.00255485 0.99999381 1.10501183]

Iteration:  4300
Rhat values for alpha, beta, log(sigma^2), mean(xi), log(var(xi)), atanh(corr(xi, eta)):
[1.00343656 1.00368805 1.0814561  1.00239198 0.99999685 1.09785084]

Iteration:  4400
Rhat values for alpha, beta, log(sigma^2), mean(xi), log(var(xi)), atanh(corr(xi, eta)):
[1.00351958 1.00360299 1.07591778 1.00193453 0.99999285 1.09260501]

Iteration:  4500
Rhat values for alpha, beta, log(sigma^2), mean(xi), log(var(xi)), atanh(corr(xi, eta)):
[1.0044909  1.00413495 1.06939301 1.00124581 0.99999237 1.08587544]

Iteration:  4600
Rhat values for alpha, beta, log(sigma^2), mean(xi), log(var(xi)), atanh(corr(xi, eta)):
[1.00410518 1.00350972 1.06604919 1.0011192  0.99999015 1.0809109 ]

Iteration:  4700
Rhat values for alpha, beta, log(sigma^2), mean(xi), log(var(xi)), atanh(corr(xi, eta)):
[1.00463359 1.00442822 1.06366867 1.00124183 0.99999587 1.08040607]

Iteration:  4800
Rhat values for alpha, beta, log(sigma^2), mean(xi), log(var(xi)), atanh(corr(xi, eta)):
[1.00335599 1.00281322 1.06041852 1.00137009 1.00000065 1.07322181]

Iteration:  4900
Rhat values for alpha, beta, log(sigma^2), mean(xi), log(var(xi)), atanh(corr(xi, eta)):
[1.00264394 1.0020868  1.05696408 1.00157287 0.99999726 1.06908868]

Iteration:  5000
Rhat values for alpha, beta, log(sigma^2), mean(xi), log(var(xi)), atanh(corr(xi, eta)):
[1.00265737 1.00176084 1.05102863 1.00159055 0.99999627 1.06238372]

Iteration:  5100
Rhat values for alpha, beta, log(sigma^2), mean(xi), log(var(xi)), atanh(corr(xi, eta)):
[1.00305823 1.00159361 1.04600575 1.00167541 0.99999292 1.05493418]

Iteration:  5200
Rhat values for alpha, beta, log(sigma^2), mean(xi), log(var(xi)), atanh(corr(xi, eta)):
[1.00301616 1.00155308 1.04279709 1.00168153 0.99998817 1.0498809 ]

Iteration:  5300
Rhat values for alpha, beta, log(sigma^2), mean(xi), log(var(xi)), atanh(corr(xi, eta)):
[1.00301448 1.00171496 1.04040044 1.00156894 0.9999842  1.04660478]

Iteration:  5400
Rhat values for alpha, beta, log(sigma^2), mean(xi), log(var(xi)), atanh(corr(xi, eta)):
[1.00249673 1.00158702 1.03712605 1.00177637 0.99998158 1.04340316]

Iteration:  5500
Rhat values for alpha, beta, log(sigma^2), mean(xi), log(var(xi)), atanh(corr(xi, eta)):
[1.00223477 1.0015283  1.03637483 1.00172685 0.99998213 1.04300806]

Iteration:  5600
Rhat values for alpha, beta, log(sigma^2), mean(xi), log(var(xi)), atanh(corr(xi, eta)):
[1.00232292 1.00166849 1.03437409 1.00164427 0.99997824 1.04142406]

Iteration:  5700
Rhat values for alpha, beta, log(sigma^2), mean(xi), log(var(xi)), atanh(corr(xi, eta)):
[1.00218732 1.00146507 1.03502725 1.00158379 0.99997805 1.04116435]

Iteration:  5800
Rhat values for alpha, beta, log(sigma^2), mean(xi), log(var(xi)), atanh(corr(xi, eta)):
[1.00179241 1.00140611 1.03667377 1.0011173  0.99998011 1.04206977]

Iteration:  5900
Rhat values for alpha, beta, log(sigma^2), mean(xi), log(var(xi)), atanh(corr(xi, eta)):
[1.00239248 1.00172281 1.03865058 1.00121968 0.99997838 1.04243363]

Iteration:  6000
Rhat values for alpha, beta, log(sigma^2), mean(xi), log(var(xi)), atanh(corr(xi, eta)):
[1.00179446 1.00117297 1.0385584  1.00145035 0.99997281 1.0418377 ]

Iteration:  6100
Rhat values for alpha, beta, log(sigma^2), mean(xi), log(var(xi)), atanh(corr(xi, eta)):
[1.00171121 1.00123951 1.03793161 1.00159514 0.99997026 1.0419772 ]

Iteration:  6200
Rhat values for alpha, beta, log(sigma^2), mean(xi), log(var(xi)), atanh(corr(xi, eta)):
[1.00204702 1.00173183 1.03742658 1.00147274 0.99996947 1.04198273]

Iteration:  6300
Rhat values for alpha, beta, log(sigma^2), mean(xi), log(var(xi)), atanh(corr(xi, eta)):
[1.00238336 1.0018753  1.03633444 1.00122851 0.99997263 1.04006758]

Iteration:  6400
Rhat values for alpha, beta, log(sigma^2), mean(xi), log(var(xi)), atanh(corr(xi, eta)):
[1.00284482 1.00235457 1.03650828 1.00122822 0.99997205 1.04045131]

Iteration:  6500
Rhat values for alpha, beta, log(sigma^2), mean(xi), log(var(xi)), atanh(corr(xi, eta)):
[1.00414353 1.00327859 1.03541594 1.00126688 0.99998444 1.03844987]

Iteration:  6600
Rhat values for alpha, beta, log(sigma^2), mean(xi), log(var(xi)), atanh(corr(xi, eta)):
[1.00415538 1.00325767 1.03329306 1.00144067 0.99998347 1.03713613]

Iteration:  6700
Rhat values for alpha, beta, log(sigma^2), mean(xi), log(var(xi)), atanh(corr(xi, eta)):
[1.00454323 1.00357688 1.0303133  1.00172279 0.99998128 1.03576347]

Iteration:  6800
Rhat values for alpha, beta, log(sigma^2), mean(xi), log(var(xi)), atanh(corr(xi, eta)):
[1.00405117 1.00310372 1.0273115  1.00195333 0.99997915 1.03361491]

Iteration:  6900
Rhat values for alpha, beta, log(sigma^2), mean(xi), log(var(xi)), atanh(corr(xi, eta)):
[1.00316163 1.00232598 1.02579097 1.00198701 0.99997955 1.0329172 ]

Iteration:  7000
Rhat values for alpha, beta, log(sigma^2), mean(xi), log(var(xi)), atanh(corr(xi, eta)):
[1.00277957 1.00194408 1.02505653 1.00169555 0.99997893 1.03238476]

Iteration:  7100
Rhat values for alpha, beta, log(sigma^2), mean(xi), log(var(xi)), atanh(corr(xi, eta)):
[1.00235875 1.00154509 1.02552095 1.00203821 0.99997723 1.03314512]

Iteration:  7200
Rhat values for alpha, beta, log(sigma^2), mean(xi), log(var(xi)), atanh(corr(xi, eta)):
[1.00222218 1.00130141 1.02479086 1.00217558 0.99997534 1.03182849]

Iteration:  7300
Rhat values for alpha, beta, log(sigma^2), mean(xi), log(var(xi)), atanh(corr(xi, eta)):
[1.00191322 1.00110394 1.02517239 1.00194941 0.99997428 1.03130333]

Iteration:  7400
Rhat values for alpha, beta, log(sigma^2), mean(xi), log(var(xi)), atanh(corr(xi, eta)):
[1.00191144 1.00131611 1.02671966 1.00160809 0.99997811 1.03264343]

Iteration:  7500
Rhat values for alpha, beta, log(sigma^2), mean(xi), log(var(xi)), atanh(corr(xi, eta)):
[1.00182983 1.00133502 1.028086   1.00151178 0.99997766 1.03418721]

Iteration:  7600
Rhat values for alpha, beta, log(sigma^2), mean(xi), log(var(xi)), atanh(corr(xi, eta)):
[1.00219165 1.00154305 1.02934831 1.0016323  0.99997739 1.03588904]

Iteration:  7700
Rhat values for alpha, beta, log(sigma^2), mean(xi), log(var(xi)), atanh(corr(xi, eta)):
[1.00212802 1.00155398 1.0311577  1.00153174 1.00004128 1.03795882]

Iteration:  7800
Rhat values for alpha, beta, log(sigma^2), mean(xi), log(var(xi)), atanh(corr(xi, eta)):
[1.00210651 1.00159679 1.03343508 1.00148    1.00003915 1.03979013]

Iteration:  7900
Rhat values for alpha, beta, log(sigma^2), mean(xi), log(var(xi)), atanh(corr(xi, eta)):
[1.00185418 1.00171164 1.03418424 1.00155492 1.00003145 1.04101014]

Iteration:  8000
Rhat values for alpha, beta, log(sigma^2), mean(xi), log(var(xi)), atanh(corr(xi, eta)):
[1.00193264 1.00174736 1.03391932 1.00151014 1.0000283  1.04081731]

Iteration:  8100
Rhat values for alpha, beta, log(sigma^2), mean(xi), log(var(xi)), atanh(corr(xi, eta)):
[1.00195184 1.00176994 1.03359068 1.00159266 1.00002556 1.04062695]

Iteration:  8200
Rhat values for alpha, beta, log(sigma^2), mean(xi), log(var(xi)), atanh(corr(xi, eta)):
[1.00169654 1.0014077  1.03210344 1.00174801 1.00002465 1.03870543]

Iteration:  8300
Rhat values for alpha, beta, log(sigma^2), mean(xi), log(var(xi)), atanh(corr(xi, eta)):
[1.00134692 1.00096755 1.03098311 1.00136459 1.00002774 1.03631852]

Iteration:  8400
Rhat values for alpha, beta, log(sigma^2), mean(xi), log(var(xi)), atanh(corr(xi, eta)):
[1.00155662 1.00136349 1.03045068 1.00114469 1.00002571 1.03664132]

Iteration:  8500
Rhat values for alpha, beta, log(sigma^2), mean(xi), log(var(xi)), atanh(corr(xi, eta)):
[1.00200773 1.00204006 1.03122111 1.00121291 1.00002173 1.0385739 ]

Iteration:  8600
Rhat values for alpha, beta, log(sigma^2), mean(xi), log(var(xi)), atanh(corr(xi, eta)):
[1.00192437 1.00211065 1.03224871 1.001184   1.00001838 1.03968001]

Iteration:  8700
Rhat values for alpha, beta, log(sigma^2), mean(xi), log(var(xi)), atanh(corr(xi, eta)):
[1.00161183 1.0021292  1.03345986 1.00103346 1.00001893 1.0407339 ]

Iteration:  8800
Rhat values for alpha, beta, log(sigma^2), mean(xi), log(var(xi)), atanh(corr(xi, eta)):
[1.00157632 1.00235211 1.03488594 1.00111113 1.00001944 1.04144974]

Iteration:  8900
Rhat values for alpha, beta, log(sigma^2), mean(xi), log(var(xi)), atanh(corr(xi, eta)):
[1.00204355 1.00285544 1.0350536  1.00108568 1.00001742 1.04201935]

Iteration:  9000
Rhat values for alpha, beta, log(sigma^2), mean(xi), log(var(xi)), atanh(corr(xi, eta)):
[1.00242509 1.00340955 1.03673903 1.00113699 1.00001106 1.04420504]

Iteration:  9100
Rhat values for alpha, beta, log(sigma^2), mean(xi), log(var(xi)), atanh(corr(xi, eta)):
[1.00251838 1.00348822 1.03547332 1.00132512 1.0000096  1.04339953]

Iteration:  9200
Rhat values for alpha, beta, log(sigma^2), mean(xi), log(var(xi)), atanh(corr(xi, eta)):
[1.00273138 1.00328358 1.03348818 1.00119997 1.00001259 1.04054011]

Iteration:  9300
Rhat values for alpha, beta, log(sigma^2), mean(xi), log(var(xi)), atanh(corr(xi, eta)):
[1.00280806 1.00318382 1.03206923 1.00113156 1.00001246 1.03881459]

Iteration:  9400
Rhat values for alpha, beta, log(sigma^2), mean(xi), log(var(xi)), atanh(corr(xi, eta)):
[1.00269867 1.00297445 1.02879644 1.00120331 1.00001253 1.03589135]

Iteration:  9500
Rhat values for alpha, beta, log(sigma^2), mean(xi), log(var(xi)), atanh(corr(xi, eta)):
[1.0024173  1.00269009 1.02740338 1.00106077 1.00001396 1.03451895]

Iteration:  9600
Rhat values for alpha, beta, log(sigma^2), mean(xi), log(var(xi)), atanh(corr(xi, eta)):
[1.00203805 1.00233337 1.02599108 1.00121771 1.00001044 1.03300668]

Iteration:  9700
Rhat values for alpha, beta, log(sigma^2), mean(xi), log(var(xi)), atanh(corr(xi, eta)):
[1.00170823 1.00213183 1.02549456 1.00112048 1.00000986 1.03225459]

Iteration:  9800
Rhat values for alpha, beta, log(sigma^2), mean(xi), log(var(xi)), atanh(corr(xi, eta)):
[1.00161705 1.00180964 1.02624983 1.00094739 1.00001139 1.03187553]

Iteration:  9900
Rhat values for alpha, beta, log(sigma^2), mean(xi), log(var(xi)), atanh(corr(xi, eta)):
[1.00150148 1.00156124 1.02758212 1.0010303  1.00001061 1.03238189]

Iteration:  10000
Rhat values for alpha, beta, log(sigma^2), mean(xi), log(var(xi)), atanh(corr(xi, eta)):
[1.00181923 1.00186238 1.02805842 1.00097948 0.99999978 1.03292472]

Iteration:  10100
Rhat values for alpha, beta, log(sigma^2), mean(xi), log(var(xi)), atanh(corr(xi, eta)):
[1.00242527 1.00239483 1.02848518 1.00101494 0.99999979 1.03362061]

Iteration:  10200
Rhat values for alpha, beta, log(sigma^2), mean(xi), log(var(xi)), atanh(corr(xi, eta)):
[1.00217558 1.00210709 1.02843882 1.00087249 0.9999999  1.03289511]

Iteration:  10300
Rhat values for alpha, beta, log(sigma^2), mean(xi), log(var(xi)), atanh(corr(xi, eta)):
[1.00185343 1.00174334 1.02816056 1.0009634  0.9999999  1.03205408]

Iteration:  10400
Rhat values for alpha, beta, log(sigma^2), mean(xi), log(var(xi)), atanh(corr(xi, eta)):
[1.00198099 1.00178989 1.02767986 1.00105181 0.9999999  1.03162191]

Iteration:  10500
Rhat values for alpha, beta, log(sigma^2), mean(xi), log(var(xi)), atanh(corr(xi, eta)):
[1.00202159 1.00186045 1.02654021 1.00109268 0.9999999  1.03101693]

Iteration:  10600
Rhat values for alpha, beta, log(sigma^2), mean(xi), log(var(xi)), atanh(corr(xi, eta)):
[1.00233556 1.00199569 1.0251117  1.0010612  0.9999999  1.02977232]

Iteration:  10700
Rhat values for alpha, beta, log(sigma^2), mean(xi), log(var(xi)), atanh(corr(xi, eta)):
[1.00259053 1.00209024 1.02304446 1.00111034 0.9999999  1.02794389]

Iteration:  10800
Rhat values for alpha, beta, log(sigma^2), mean(xi), log(var(xi)), atanh(corr(xi, eta)):
[1.00304668 1.00256011 1.02169666 1.00123149 0.9999999  1.02740566]

Iteration:  10900
Rhat values for alpha, beta, log(sigma^2), mean(xi), log(var(xi)), atanh(corr(xi, eta)):
[1.00316345 1.00268671 1.02162686 1.00126043 0.9999999  1.02743378]

Iteration:  11000
Rhat values for alpha, beta, log(sigma^2), mean(xi), log(var(xi)), atanh(corr(xi, eta)):
[1.00292372 1.00250109 1.02099125 1.00144757 0.9999999  1.02696622]

Iteration:  11100
Rhat values for alpha, beta, log(sigma^2), mean(xi), log(var(xi)), atanh(corr(xi, eta)):
[1.00283555 1.00236081 1.02043599 1.00140327 0.9999999  1.02593437]

Iteration:  11200
Rhat values for alpha, beta, log(sigma^2), mean(xi), log(var(xi)), atanh(corr(xi, eta)):
[1.00321448 1.00269629 1.01958468 1.00150808 0.99999989 1.02532004]

Iteration:  11300
Rhat values for alpha, beta, log(sigma^2), mean(xi), log(var(xi)), atanh(corr(xi, eta)):
[1.00307767 1.00265628 1.01917012 1.00134849 0.99999988 1.0248757 ]

Iteration:  11400
Rhat values for alpha, beta, log(sigma^2), mean(xi), log(var(xi)), atanh(corr(xi, eta)):
[1.00306222 1.0025422  1.01840205 1.00117301 0.99999988 1.02399624]

Iteration:  11500
Rhat values for alpha, beta, log(sigma^2), mean(xi), log(var(xi)), atanh(corr(xi, eta)):
[1.00305    1.00258736 1.01840504 1.00116679 0.99999988 1.02386691]

Iteration:  11600
Rhat values for alpha, beta, log(sigma^2), mean(xi), log(var(xi)), atanh(corr(xi, eta)):
[1.00286414 1.00241894 1.01741095 1.00109759 0.99999934 1.02253754]

Iteration:  11700
Rhat values for alpha, beta, log(sigma^2), mean(xi), log(var(xi)), atanh(corr(xi, eta)):
[1.00275589 1.00225734 1.01595589 1.00096104 0.99999935 1.02136644]

Iteration:  11800
Rhat values for alpha, beta, log(sigma^2), mean(xi), log(var(xi)), atanh(corr(xi, eta)):
[1.00269989 1.00231986 1.01456822 1.00100104 0.99999936 1.02077889]

Iteration:  11900
Rhat values for alpha, beta, log(sigma^2), mean(xi), log(var(xi)), atanh(corr(xi, eta)):
[1.00294903 1.00262796 1.01440503 1.00092046 0.99999936 1.0211943 ]

Iteration:  12000
Rhat values for alpha, beta, log(sigma^2), mean(xi), log(var(xi)), atanh(corr(xi, eta)):
[1.0027288  1.00241641 1.01412099 1.00094126 0.99999937 1.02087334]

Iteration:  12100
Rhat values for alpha, beta, log(sigma^2), mean(xi), log(var(xi)), atanh(corr(xi, eta)):
[1.00225463 1.00198497 1.01324204 1.00080736 0.999999   1.01963999]

Iteration:  12200
Rhat values for alpha, beta, log(sigma^2), mean(xi), log(var(xi)), atanh(corr(xi, eta)):
[1.00227864 1.00199716 1.01232515 1.00081695 0.99999901 1.0190187 ]

Iteration:  12300
Rhat values for alpha, beta, log(sigma^2), mean(xi), log(var(xi)), atanh(corr(xi, eta)):
[1.00228588 1.00182883 1.01191971 1.00074931 0.99999902 1.01807787]

Iteration:  12400
Rhat values for alpha, beta, log(sigma^2), mean(xi), log(var(xi)), atanh(corr(xi, eta)):
[1.0024879  1.00196313 1.01132386 1.00075807 0.99999902 1.01755549]

Iteration:  12500
Rhat values for alpha, beta, log(sigma^2), mean(xi), log(var(xi)), atanh(corr(xi, eta)):
[1.002545   1.00208356 1.01125607 1.00072872 0.99999903 1.0176161 ]

Iteration:  12600
Rhat values for alpha, beta, log(sigma^2), mean(xi), log(var(xi)), atanh(corr(xi, eta)):
[1.00264269 1.00226285 1.01087766 1.000726   0.99999904 1.01755749]

Iteration:  12700
Rhat values for alpha, beta, log(sigma^2), mean(xi), log(var(xi)), atanh(corr(xi, eta)):
[1.00234163 1.00197406 1.01070223 1.00074965 0.9999995  1.01716417]

Iteration:  12800
Rhat values for alpha, beta, log(sigma^2), mean(xi), log(var(xi)), atanh(corr(xi, eta)):
[1.00224131 1.0017967  1.01044261 1.00087633 0.99999951 1.01665705]

Iteration:  12900
Rhat values for alpha, beta, log(sigma^2), mean(xi), log(var(xi)), atanh(corr(xi, eta)):
[1.0021749  1.00167929 1.01013328 1.00097417 0.99999952 1.01613903]

Iteration:  13000
Rhat values for alpha, beta, log(sigma^2), mean(xi), log(var(xi)), atanh(corr(xi, eta)):
[1.00209658 1.00169162 1.0099072  1.0010072  0.99999952 1.01586045]

Iteration:  13100
Rhat values for alpha, beta, log(sigma^2), mean(xi), log(var(xi)), atanh(corr(xi, eta)):
[1.00199649 1.00160291 1.0093432  1.00100194 0.99999952 1.0150014 ]

Iteration:  13200
Rhat values for alpha, beta, log(sigma^2), mean(xi), log(var(xi)), atanh(corr(xi, eta)):
[1.00244392 1.00194379 1.00932464 1.00101292 0.99999902 1.01499082]

Iteration:  13300
Rhat values for alpha, beta, log(sigma^2), mean(xi), log(var(xi)), atanh(corr(xi, eta)):
[1.00283724 1.00226487 1.0095788  1.00100149 0.99999902 1.0152525 ]

Iteration:  13400
Rhat values for alpha, beta, log(sigma^2), mean(xi), log(var(xi)), atanh(corr(xi, eta)):
[1.00294712 1.00238151 1.00951871 1.00096522 0.99999907 1.01561269]

Iteration:  13500
Rhat values for alpha, beta, log(sigma^2), mean(xi), log(var(xi)), atanh(corr(xi, eta)):
[1.0028058  1.00224586 1.00950945 1.00094797 0.99999907 1.01493887]

Iteration:  13600
Rhat values for alpha, beta, log(sigma^2), mean(xi), log(var(xi)), atanh(corr(xi, eta)):
[1.00276333 1.00218015 1.00969531 1.00095611 0.99999908 1.01470828]

Iteration:  13700
Rhat values for alpha, beta, log(sigma^2), mean(xi), log(var(xi)), atanh(corr(xi, eta)):
[1.00259172 1.00195062 1.00985073 1.00094369 0.99999908 1.01447948]

Iteration:  13800
Rhat values for alpha, beta, log(sigma^2), mean(xi), log(var(xi)), atanh(corr(xi, eta)):
[1.00282991 1.00219866 1.00939956 1.00093502 0.99999909 1.0146328 ]

Iteration:  13900
Rhat values for alpha, beta, log(sigma^2), mean(xi), log(var(xi)), atanh(corr(xi, eta)):
[1.00323656 1.00273157 1.00933713 1.00069585 0.99999909 1.01506584]

Iteration:  14000
Rhat values for alpha, beta, log(sigma^2), mean(xi), log(var(xi)), atanh(corr(xi, eta)):
[1.00321405 1.00288037 1.00899194 1.00061906 0.99999909 1.01539998]

Iteration:  14100
Rhat values for alpha, beta, log(sigma^2), mean(xi), log(var(xi)), atanh(corr(xi, eta)):
[1.00290514 1.00284314 1.00873728 1.00056888 0.99999904 1.01600386]

Iteration:  14200
Rhat values for alpha, beta, log(sigma^2), mean(xi), log(var(xi)), atanh(corr(xi, eta)):
[1.00262663 1.00281909 1.00813176 1.00062062 0.99999904 1.01599656]

Iteration:  14300
Rhat values for alpha, beta, log(sigma^2), mean(xi), log(var(xi)), atanh(corr(xi, eta)):
[1.00263827 1.00299576 1.00761232 1.00074094 0.99999904 1.01577937]

Iteration:  14400
Rhat values for alpha, beta, log(sigma^2), mean(xi), log(var(xi)), atanh(corr(xi, eta)):
[1.00239255 1.00281377 1.00763858 1.00081995 0.99999905 1.01550442]

Iteration:  14500
Rhat values for alpha, beta, log(sigma^2), mean(xi), log(var(xi)), atanh(corr(xi, eta)):
[1.00225247 1.00270946 1.007598   1.00088152 0.99999905 1.01521785]

Iteration:  14600
Rhat values for alpha, beta, log(sigma^2), mean(xi), log(var(xi)), atanh(corr(xi, eta)):
[1.0018437  1.00224702 1.00740257 1.00079797 0.99999907 1.01450028]

Iteration:  14700
Rhat values for alpha, beta, log(sigma^2), mean(xi), log(var(xi)), atanh(corr(xi, eta)):
[1.00158226 1.00203427 1.00723803 1.00079967 0.99999907 1.01408472]

Iteration:  14800
Rhat values for alpha, beta, log(sigma^2), mean(xi), log(var(xi)), atanh(corr(xi, eta)):
[1.00156464 1.00206739 1.00710815 1.00075232 0.99999908 1.01389149]

Iteration:  14900
Rhat values for alpha, beta, log(sigma^2), mean(xi), log(var(xi)), atanh(corr(xi, eta)):
[1.00152147 1.00194295 1.00701605 1.0007528  0.99999908 1.01343268]

Iteration:  15000
Rhat values for alpha, beta, log(sigma^2), mean(xi), log(var(xi)), atanh(corr(xi, eta)):
[1.00123505 1.00153302 1.0063468  1.00068646 0.99999908 1.01227975]

Iteration:  15100
Rhat values for alpha, beta, log(sigma^2), mean(xi), log(var(xi)), atanh(corr(xi, eta)):
[1.00097    1.001106   1.00560807 1.00058799 0.99999908 1.01095659]

Iteration:  15200
Rhat values for alpha, beta, log(sigma^2), mean(xi), log(var(xi)), atanh(corr(xi, eta)):
[1.00090824 1.00094313 1.00536283 1.00067911 0.99999908 1.01031238]

Iteration:  15300
Rhat values for alpha, beta, log(sigma^2), mean(xi), log(var(xi)), atanh(corr(xi, eta)):
[1.00078333 1.00080227 1.00545912 1.00069237 0.99999909 1.01007834]

Iteration:  15400
Rhat values for alpha, beta, log(sigma^2), mean(xi), log(var(xi)), atanh(corr(xi, eta)):
[1.00054517 1.00057141 1.00582654 1.00062882 0.99999909 1.00999726]

Iteration:  15500
Rhat values for alpha, beta, log(sigma^2), mean(xi), log(var(xi)), atanh(corr(xi, eta)):
[1.00041994 1.00041319 1.00628712 1.00069599 0.9999991  1.00985687]

Iteration:  15600
Rhat values for alpha, beta, log(sigma^2), mean(xi), log(var(xi)), atanh(corr(xi, eta)):
[1.00033763 1.00029543 1.00697433 1.00075471 0.99999911 1.00983219]

Iteration:  15700
Rhat values for alpha, beta, log(sigma^2), mean(xi), log(var(xi)), atanh(corr(xi, eta)):
[1.00032927 1.00026486 1.00757442 1.00076818 0.99999912 1.01021569]

Iteration:  15800
Rhat values for alpha, beta, log(sigma^2), mean(xi), log(var(xi)), atanh(corr(xi, eta)):
[1.00033631 1.0003052  1.00831561 1.00076776 0.99999909 1.01092702]

Iteration:  15900
Rhat values for alpha, beta, log(sigma^2), mean(xi), log(var(xi)), atanh(corr(xi, eta)):
[1.00043139 1.00035739 1.00900683 1.00085857 0.9999991  1.01167418]

Iteration:  16000
Rhat values for alpha, beta, log(sigma^2), mean(xi), log(var(xi)), atanh(corr(xi, eta)):
[1.00060584 1.00048068 1.00935479 1.00089283 0.9999991  1.01212231]

Iteration:  16100
Rhat values for alpha, beta, log(sigma^2), mean(xi), log(var(xi)), atanh(corr(xi, eta)):
[1.00082481 1.00068898 1.00951748 1.00097209 0.99999911 1.01252627]

Iteration:  16200
Rhat values for alpha, beta, log(sigma^2), mean(xi), log(var(xi)), atanh(corr(xi, eta)):
[1.00074157 1.00056058 1.00940269 1.00093991 0.99999912 1.01198462]

Iteration:  16300
Rhat values for alpha, beta, log(sigma^2), mean(xi), log(var(xi)), atanh(corr(xi, eta)):
[1.00081134 1.00060999 1.00917894 1.00102345 0.99999909 1.01183957]

Iteration:  16400
Rhat values for alpha, beta, log(sigma^2), mean(xi), log(var(xi)), atanh(corr(xi, eta)):
[1.00099582 1.00081502 1.00969366 1.00102529 0.99999909 1.01259336]

Iteration:  16500
Rhat values for alpha, beta, log(sigma^2), mean(xi), log(var(xi)), atanh(corr(xi, eta)):
[1.00101078 1.00089002 1.01023748 1.00102786 0.99999909 1.01316109]

Iteration:  16600
Rhat values for alpha, beta, log(sigma^2), mean(xi), log(var(xi)), atanh(corr(xi, eta)):
[1.00092487 1.00088868 1.01057042 1.00101936 0.99999911 1.01354975]

Iteration:  16700
Rhat values for alpha, beta, log(sigma^2), mean(xi), log(var(xi)), atanh(corr(xi, eta)):
[1.00109951 1.00106799 1.01075029 1.00104952 0.99999911 1.01380043]

Iteration:  16800
Rhat values for alpha, beta, log(sigma^2), mean(xi), log(var(xi)), atanh(corr(xi, eta)):
[1.00116426 1.00115556 1.01132191 1.00112081 0.99999911 1.01458157]

Iteration:  16900
Rhat values for alpha, beta, log(sigma^2), mean(xi), log(var(xi)), atanh(corr(xi, eta)):
[1.00128491 1.0012873  1.01244158 1.00116576 0.99999911 1.01594061]

Iteration:  17000
Rhat values for alpha, beta, log(sigma^2), mean(xi), log(var(xi)), atanh(corr(xi, eta)):
[1.00131429 1.00137351 1.01343134 1.00121312 0.99999912 1.01719905]

Iteration:  17100
Rhat values for alpha, beta, log(sigma^2), mean(xi), log(var(xi)), atanh(corr(xi, eta)):
[1.0013485  1.00142058 1.01380789 1.00121441 0.99999913 1.01755558]

Iteration:  17200
Rhat values for alpha, beta, log(sigma^2), mean(xi), log(var(xi)), atanh(corr(xi, eta)):
[1.00135796 1.00148185 1.01343099 1.00134603 0.99999913 1.01728326]

Iteration:  17300
Rhat values for alpha, beta, log(sigma^2), mean(xi), log(var(xi)), atanh(corr(xi, eta)):
[1.00133476 1.00138967 1.01343956 1.00130782 0.99999914 1.01699053]

Iteration:  17400
Rhat values for alpha, beta, log(sigma^2), mean(xi), log(var(xi)), atanh(corr(xi, eta)):
[1.00139366 1.00140409 1.01363817 1.00121334 0.99999914 1.01701264]

Iteration:  17500
Rhat values for alpha, beta, log(sigma^2), mean(xi), log(var(xi)), atanh(corr(xi, eta)):
[1.0013255  1.00133294 1.0132974  1.00119197 0.99999914 1.01657218]

Iteration:  17600
Rhat values for alpha, beta, log(sigma^2), mean(xi), log(var(xi)), atanh(corr(xi, eta)):
[1.00133518 1.00136538 1.01303537 1.00113151 0.99999915 1.01654732]

Iteration:  17700
Rhat values for alpha, beta, log(sigma^2), mean(xi), log(var(xi)), atanh(corr(xi, eta)):
[1.00138236 1.00142767 1.01295818 1.00116869 0.99999916 1.01678288]

Iteration:  17800
Rhat values for alpha, beta, log(sigma^2), mean(xi), log(var(xi)), atanh(corr(xi, eta)):
[1.00141948 1.00152119 1.01282512 1.0011354  0.99999916 1.01677139]

Iteration:  17900
Rhat values for alpha, beta, log(sigma^2), mean(xi), log(var(xi)), atanh(corr(xi, eta)):
[1.00150503 1.00160845 1.01256845 1.00115357 0.99999916 1.01677007]

Iteration:  18000
Rhat values for alpha, beta, log(sigma^2), mean(xi), log(var(xi)), atanh(corr(xi, eta)):
[1.00125334 1.00139886 1.01228488 1.00116651 0.99999917 1.01647249]

Iteration:  18100
Rhat values for alpha, beta, log(sigma^2), mean(xi), log(var(xi)), atanh(corr(xi, eta)):
[1.00101828 1.00115159 1.01198987 1.00115433 0.99999917 1.01584808]

Iteration:  18200
Rhat values for alpha, beta, log(sigma^2), mean(xi), log(var(xi)), atanh(corr(xi, eta)):
[1.00084741 1.00093835 1.011959   1.00104235 0.99999917 1.0153708 ]

Iteration:  18300
Rhat values for alpha, beta, log(sigma^2), mean(xi), log(var(xi)), atanh(corr(xi, eta)):
[1.00086048 1.00093158 1.01175962 1.00102243 0.99999918 1.01528805]

Iteration:  18400
Rhat values for alpha, beta, log(sigma^2), mean(xi), log(var(xi)), atanh(corr(xi, eta)):
[1.00079869 1.00087745 1.01160838 1.00108398 0.99999919 1.01497577]

Iteration:  18500
Rhat values for alpha, beta, log(sigma^2), mean(xi), log(var(xi)), atanh(corr(xi, eta)):
[1.00077843 1.00088545 1.01127222 1.0009989  0.99999919 1.01460242]

Iteration:  18600
Rhat values for alpha, beta, log(sigma^2), mean(xi), log(var(xi)), atanh(corr(xi, eta)):
[1.00074783 1.00084641 1.01111199 1.00104956 0.99999919 1.01425551]

Iteration:  18700
Rhat values for alpha, beta, log(sigma^2), mean(xi), log(var(xi)), atanh(corr(xi, eta)):
[1.00076757 1.00086657 1.01105311 1.00098071 0.99999919 1.01438285]

Iteration:  18800
Rhat values for alpha, beta, log(sigma^2), mean(xi), log(var(xi)), atanh(corr(xi, eta)):
[1.00073073 1.00084982 1.01109342 1.00089582 0.9999992  1.01426616]

Iteration:  18900
Rhat values for alpha, beta, log(sigma^2), mean(xi), log(var(xi)), atanh(corr(xi, eta)):
[1.00065776 1.00079023 1.01101378 1.00073476 0.9999992  1.01402382]

Iteration:  19000
Rhat values for alpha, beta, log(sigma^2), mean(xi), log(var(xi)), atanh(corr(xi, eta)):
[1.00069856 1.00088066 1.01068618 1.00063077 0.99999921 1.01400149]

Iteration:  19100
Rhat values for alpha, beta, log(sigma^2), mean(xi), log(var(xi)), atanh(corr(xi, eta)):
[1.00069294 1.00096685 1.01081207 1.00063815 0.99999922 1.01421178]

Iteration:  19200
Rhat values for alpha, beta, log(sigma^2), mean(xi), log(var(xi)), atanh(corr(xi, eta)):
[1.00076316 1.00104972 1.01106527 1.00059862 0.99999922 1.01465328]

Iteration:  19300
Rhat values for alpha, beta, log(sigma^2), mean(xi), log(var(xi)), atanh(corr(xi, eta)):
[1.00072346 1.00104913 1.01133899 1.00065693 0.99999923 1.01484918]

Iteration:  19400
Rhat values for alpha, beta, log(sigma^2), mean(xi), log(var(xi)), atanh(corr(xi, eta)):
[1.00067076 1.00103583 1.01152184 1.00061563 0.99999923 1.01478537]

Iteration:  19500
Rhat values for alpha, beta, log(sigma^2), mean(xi), log(var(xi)), atanh(corr(xi, eta)):
[1.0005996  1.00099628 1.01164727 1.0006248  0.99999923 1.01463633]

Iteration:  19600
Rhat values for alpha, beta, log(sigma^2), mean(xi), log(var(xi)), atanh(corr(xi, eta)):
[1.00058907 1.00094739 1.01139277 1.000633   0.99999924 1.01439698]

Iteration:  19700
Rhat values for alpha, beta, log(sigma^2), mean(xi), log(var(xi)), atanh(corr(xi, eta)):
[1.00056047 1.00093799 1.01105358 1.00065142 0.99999924 1.01417656]

Iteration:  19800
Rhat values for alpha, beta, log(sigma^2), mean(xi), log(var(xi)), atanh(corr(xi, eta)):
[1.00047825 1.00085912 1.01116974 1.00064114 0.99999924 1.01402735]

Iteration:  19900
Rhat values for alpha, beta, log(sigma^2), mean(xi), log(var(xi)), atanh(corr(xi, eta)):
[1.00048843 1.00082258 1.01082107 1.00061827 0.99999925 1.01380685]

Iteration:  20000
Rhat values for alpha, beta, log(sigma^2), mean(xi), log(var(xi)), atanh(corr(xi, eta)):
[1.00045341 1.0007467  1.01091546 1.00056144 0.99999925 1.01368637]
{"name": "G11_first_hr_no_bias_covdiag_0.42", "n": 196, "seed": 20261023, "mean": -0.027015102639839573, "sd": 0.011719290411150152, "q025_975": [-0.050883622029861665, -0.003774790543224475], "p_negative": 0.987975, "scatter_mean": 0.041031053784500254, "retained_draws": 40000, "split_rhat": {"alpha": 1.0090427546708272, "beta": 1.009699358627191, "sigsqr": 1.025354205306787}}
START R19_first_hr_corrected_covdiag_0.2

Iteration:  100
Rhat values for alpha, beta, log(sigma^2), mean(xi), log(var(xi)), atanh(corr(xi, eta)):
[1.06252456 1.08479098 1.53798117 1.030252   1.0291793  1.39114898]

Iteration:  200
Rhat values for alpha, beta, log(sigma^2), mean(xi), log(var(xi)), atanh(corr(xi, eta)):
[1.06103963 1.10441631 1.39206905 1.01992233 0.99911098 1.50111764]

Iteration:  300
Rhat values for alpha, beta, log(sigma^2), mean(xi), log(var(xi)), atanh(corr(xi, eta)):
[1.07496353 1.10815087 1.13980044 1.04430528 1.00037471 1.2532771 ]

Iteration:  400
Rhat values for alpha, beta, log(sigma^2), mean(xi), log(var(xi)), atanh(corr(xi, eta)):
[1.07473847 1.10835905 1.11705588 1.04024167 1.0007791  1.19321121]

Iteration:  500
Rhat values for alpha, beta, log(sigma^2), mean(xi), log(var(xi)), atanh(corr(xi, eta)):
[1.04937402 1.07855083 1.14941047 1.02137399 1.00189644 1.13600074]

Iteration:  600
Rhat values for alpha, beta, log(sigma^2), mean(xi), log(var(xi)), atanh(corr(xi, eta)):
[1.01212047 1.01992309 1.22452363 1.02264742 1.00271032 1.09360187]

Iteration:  700
Rhat values for alpha, beta, log(sigma^2), mean(xi), log(var(xi)), atanh(corr(xi, eta)):
[1.00678027 1.01154353 1.2282269  1.02259056 1.0028881  1.07000002]

Iteration:  800
Rhat values for alpha, beta, log(sigma^2), mean(xi), log(var(xi)), atanh(corr(xi, eta)):
[1.00529764 1.00903321 1.21282186 1.02231606 1.00388017 1.08376465]

Iteration:  900
Rhat values for alpha, beta, log(sigma^2), mean(xi), log(var(xi)), atanh(corr(xi, eta)):
[1.00310197 1.00803636 1.18889227 1.01327474 1.00330167 1.07432812]

Iteration:  1000
Rhat values for alpha, beta, log(sigma^2), mean(xi), log(var(xi)), atanh(corr(xi, eta)):
[1.00882132 1.01813545 1.114459   1.01078736 1.00328697 1.06842382]

Iteration:  1100
Rhat values for alpha, beta, log(sigma^2), mean(xi), log(var(xi)), atanh(corr(xi, eta)):
[1.0112756  1.02112859 1.08205136 1.00618692 1.00296626 1.07028371]

Iteration:  1200
Rhat values for alpha, beta, log(sigma^2), mean(xi), log(var(xi)), atanh(corr(xi, eta)):
[1.00670109 1.01213292 1.05339801 1.0056371  1.0020568  1.04390925]

Iteration:  1300
Rhat values for alpha, beta, log(sigma^2), mean(xi), log(var(xi)), atanh(corr(xi, eta)):
[1.01141576 1.01666767 1.02950542 1.00488902 1.002289   1.03391758]

Iteration:  1400
Rhat values for alpha, beta, log(sigma^2), mean(xi), log(var(xi)), atanh(corr(xi, eta)):
[1.0162249  1.02356138 1.0347321  1.00464765 1.00212473 1.04054468]

Iteration:  1500
Rhat values for alpha, beta, log(sigma^2), mean(xi), log(var(xi)), atanh(corr(xi, eta)):
[1.01233741 1.01874813 1.03833868 1.00376017 0.99999986 1.03457528]

Iteration:  1600
Rhat values for alpha, beta, log(sigma^2), mean(xi), log(var(xi)), atanh(corr(xi, eta)):
[1.00874735 1.01266123 1.03585013 1.0035804  1.00000026 1.03032927]

Iteration:  1700
Rhat values for alpha, beta, log(sigma^2), mean(xi), log(var(xi)), atanh(corr(xi, eta)):
[1.00795622 1.01016489 1.02450158 1.00370983 0.99998662 1.02464915]

Iteration:  1800
Rhat values for alpha, beta, log(sigma^2), mean(xi), log(var(xi)), atanh(corr(xi, eta)):
[1.00801591 1.01096481 1.0202599  1.00286289 0.9999899  1.02259469]

Iteration:  1900
Rhat values for alpha, beta, log(sigma^2), mean(xi), log(var(xi)), atanh(corr(xi, eta)):
[1.00721971 1.01146372 1.02044463 1.00197161 0.99999045 1.01884945]

Iteration:  2000
Rhat values for alpha, beta, log(sigma^2), mean(xi), log(var(xi)), atanh(corr(xi, eta)):
[1.00678782 1.01084395 1.02199678 1.00172015 0.99999117 1.01510344]

Iteration:  2100
Rhat values for alpha, beta, log(sigma^2), mean(xi), log(var(xi)), atanh(corr(xi, eta)):
[1.00958553 1.0146933  1.02334798 1.00288931 0.99999159 1.01544053]

Iteration:  2200
Rhat values for alpha, beta, log(sigma^2), mean(xi), log(var(xi)), atanh(corr(xi, eta)):
[1.01209759 1.01761176 1.02007179 1.00339446 0.99999556 1.01764712]

Iteration:  2300
Rhat values for alpha, beta, log(sigma^2), mean(xi), log(var(xi)), atanh(corr(xi, eta)):
[1.01046907 1.01567488 1.02516241 1.00368646 0.99999615 1.01460606]

Iteration:  2400
Rhat values for alpha, beta, log(sigma^2), mean(xi), log(var(xi)), atanh(corr(xi, eta)):
[1.00784144 1.01369945 1.03275474 1.00408343 0.99999637 1.01583519]

Iteration:  2500
Rhat values for alpha, beta, log(sigma^2), mean(xi), log(var(xi)), atanh(corr(xi, eta)):
[1.00855773 1.01485495 1.04297485 1.00443271 0.99999636 1.01712216]

Iteration:  2600
Rhat values for alpha, beta, log(sigma^2), mean(xi), log(var(xi)), atanh(corr(xi, eta)):
[1.00823397 1.01396013 1.05029699 1.00434748 0.99999647 1.01553367]

Iteration:  2700
Rhat values for alpha, beta, log(sigma^2), mean(xi), log(var(xi)), atanh(corr(xi, eta)):
[1.00926622 1.01482982 1.05273617 1.00522393 0.99999537 1.01398573]

Iteration:  2800
Rhat values for alpha, beta, log(sigma^2), mean(xi), log(var(xi)), atanh(corr(xi, eta)):
[1.00916347 1.01525807 1.06238138 1.00525365 0.99999555 1.01450883]

Iteration:  2900
Rhat values for alpha, beta, log(sigma^2), mean(xi), log(var(xi)), atanh(corr(xi, eta)):
[1.0080611  1.01354537 1.07003923 1.00647364 0.99999589 1.01529093]

Iteration:  3000
Rhat values for alpha, beta, log(sigma^2), mean(xi), log(var(xi)), atanh(corr(xi, eta)):
[1.00922483 1.01547645 1.06833588 1.00862964 0.99999596 1.01779102]

Iteration:  3100
Rhat values for alpha, beta, log(sigma^2), mean(xi), log(var(xi)), atanh(corr(xi, eta)):
[1.01196099 1.01874151 1.06146362 1.0079231  0.99999609 1.01612864]

Iteration:  3200
Rhat values for alpha, beta, log(sigma^2), mean(xi), log(var(xi)), atanh(corr(xi, eta)):
[1.01090946 1.01663653 1.05292505 1.00647087 0.99998907 1.01140304]

Iteration:  3300
Rhat values for alpha, beta, log(sigma^2), mean(xi), log(var(xi)), atanh(corr(xi, eta)):
[1.00970882 1.01546764 1.05146156 1.0061368  0.99998916 1.00816225]

Iteration:  3400
Rhat values for alpha, beta, log(sigma^2), mean(xi), log(var(xi)), atanh(corr(xi, eta)):
[1.00928551 1.01496178 1.04880599 1.00671839 0.99998922 1.00740874]

Iteration:  3500
Rhat values for alpha, beta, log(sigma^2), mean(xi), log(var(xi)), atanh(corr(xi, eta)):
[1.00956163 1.01478283 1.05074892 1.00548656 0.99998959 1.00811871]

Iteration:  3600
Rhat values for alpha, beta, log(sigma^2), mean(xi), log(var(xi)), atanh(corr(xi, eta)):
[1.00863455 1.01347874 1.04426879 1.00440727 0.99998959 1.00588188]

Iteration:  3700
Rhat values for alpha, beta, log(sigma^2), mean(xi), log(var(xi)), atanh(corr(xi, eta)):
[1.00755587 1.01282731 1.03835472 1.00479383 0.99998975 1.00467537]

Iteration:  3800
Rhat values for alpha, beta, log(sigma^2), mean(xi), log(var(xi)), atanh(corr(xi, eta)):
[1.00631833 1.01132168 1.03275388 1.00464003 0.99999004 1.00447448]

Iteration:  3900
Rhat values for alpha, beta, log(sigma^2), mean(xi), log(var(xi)), atanh(corr(xi, eta)):
[1.00707618 1.01206236 1.02821751 1.00472169 0.9999882  1.00337214]

Iteration:  4000
Rhat values for alpha, beta, log(sigma^2), mean(xi), log(var(xi)), atanh(corr(xi, eta)):
[1.00485842 1.00866128 1.0267157  1.00433491 0.99998844 1.00245855]

Iteration:  4100
Rhat values for alpha, beta, log(sigma^2), mean(xi), log(var(xi)), atanh(corr(xi, eta)):
[1.00467705 1.00808872 1.02374188 1.00430843 0.99998877 1.00240228]

Iteration:  4200
Rhat values for alpha, beta, log(sigma^2), mean(xi), log(var(xi)), atanh(corr(xi, eta)):
[1.00463366 1.00795526 1.02617837 1.00463376 0.99998901 1.00224264]

Iteration:  4300
Rhat values for alpha, beta, log(sigma^2), mean(xi), log(var(xi)), atanh(corr(xi, eta)):
[1.00619759 1.00955807 1.02895558 1.00435527 0.9999887  1.00241641]

Iteration:  4400
Rhat values for alpha, beta, log(sigma^2), mean(xi), log(var(xi)), atanh(corr(xi, eta)):
[1.00522723 1.00872586 1.02591808 1.00358032 0.99998856 1.00185981]

Iteration:  4500
Rhat values for alpha, beta, log(sigma^2), mean(xi), log(var(xi)), atanh(corr(xi, eta)):
[1.0054103  1.00873566 1.02332533 1.00373506 0.99998872 1.00174903]

Iteration:  4600
Rhat values for alpha, beta, log(sigma^2), mean(xi), log(var(xi)), atanh(corr(xi, eta)):
[1.00570326 1.00908939 1.02270437 1.00355304 0.99997884 1.00153613]

Iteration:  4700
Rhat values for alpha, beta, log(sigma^2), mean(xi), log(var(xi)), atanh(corr(xi, eta)):
[1.00657837 1.00996913 1.02538718 1.0033763  0.99997924 1.00155276]

Iteration:  4800
Rhat values for alpha, beta, log(sigma^2), mean(xi), log(var(xi)), atanh(corr(xi, eta)):
[1.00645149 1.01040729 1.0188424  1.00301705 0.99997981 1.0010987 ]

Iteration:  4900
Rhat values for alpha, beta, log(sigma^2), mean(xi), log(var(xi)), atanh(corr(xi, eta)):
[1.00566662 1.00929698 1.0117097  1.00293258 0.99997412 1.00059486]

Iteration:  5000
Rhat values for alpha, beta, log(sigma^2), mean(xi), log(var(xi)), atanh(corr(xi, eta)):
[1.00507053 1.00888054 1.00427111 1.00276499 0.99997461 1.00124861]

Iteration:  5100
Rhat values for alpha, beta, log(sigma^2), mean(xi), log(var(xi)), atanh(corr(xi, eta)):
[1.00417292 1.00798802 1.00073188 1.00283087 0.99997504 1.00336963]

Iteration:  5200
Rhat values for alpha, beta, log(sigma^2), mean(xi), log(var(xi)), atanh(corr(xi, eta)):
[1.00298023 1.00636782 1.00045917 1.00307452 0.99997554 1.00558045]

Iteration:  5300
Rhat values for alpha, beta, log(sigma^2), mean(xi), log(var(xi)), atanh(corr(xi, eta)):
[1.00218141 1.00508583 1.0016651  1.00272302 0.99997616 1.00791079]

Iteration:  5400
Rhat values for alpha, beta, log(sigma^2), mean(xi), log(var(xi)), atanh(corr(xi, eta)):
[1.00153973 1.00418172 1.0034588  1.00273778 0.99997654 1.01047907]

Iteration:  5500
Rhat values for alpha, beta, log(sigma^2), mean(xi), log(var(xi)), atanh(corr(xi, eta)):
[1.00125063 1.00409069 1.00470038 1.00250769 0.99997704 1.01349864]

Iteration:  5600
Rhat values for alpha, beta, log(sigma^2), mean(xi), log(var(xi)), atanh(corr(xi, eta)):
[1.00093859 1.00375004 1.00562578 1.00238368 0.99997745 1.01577739]

Iteration:  5700
Rhat values for alpha, beta, log(sigma^2), mean(xi), log(var(xi)), atanh(corr(xi, eta)):
[1.00075512 1.00414612 1.00667354 1.00240445 0.99997776 1.0185076 ]

Iteration:  5800
Rhat values for alpha, beta, log(sigma^2), mean(xi), log(var(xi)), atanh(corr(xi, eta)):
[1.0011559  1.0045625  1.00766435 1.00234738 0.99997796 1.01965102]

Iteration:  5900
Rhat values for alpha, beta, log(sigma^2), mean(xi), log(var(xi)), atanh(corr(xi, eta)):
[1.00113383 1.00459699 1.00737053 1.00229446 0.99997832 1.01946843]

Iteration:  6000
Rhat values for alpha, beta, log(sigma^2), mean(xi), log(var(xi)), atanh(corr(xi, eta)):
[1.00128748 1.00423075 1.00687789 1.00199019 0.99997864 1.01798262]

Iteration:  6100
Rhat values for alpha, beta, log(sigma^2), mean(xi), log(var(xi)), atanh(corr(xi, eta)):
[1.00181147 1.00415836 1.00691603 1.00164702 0.99997897 1.01733039]

Iteration:  6200
Rhat values for alpha, beta, log(sigma^2), mean(xi), log(var(xi)), atanh(corr(xi, eta)):
[1.00226181 1.00492874 1.00717309 1.00187091 0.99997925 1.01763996]

Iteration:  6300
Rhat values for alpha, beta, log(sigma^2), mean(xi), log(var(xi)), atanh(corr(xi, eta)):
[1.00195209 1.0046068  1.00684592 1.00211704 0.99997948 1.01672959]

Iteration:  6400
Rhat values for alpha, beta, log(sigma^2), mean(xi), log(var(xi)), atanh(corr(xi, eta)):
[1.00186957 1.00431836 1.00548294 1.00191901 0.99997973 1.01473986]

Iteration:  6500
Rhat values for alpha, beta, log(sigma^2), mean(xi), log(var(xi)), atanh(corr(xi, eta)):
[1.00172525 1.0041977  1.00439176 1.00202499 0.99997986 1.01367825]

Iteration:  6600
Rhat values for alpha, beta, log(sigma^2), mean(xi), log(var(xi)), atanh(corr(xi, eta)):
[1.00180799 1.00399255 1.00425678 1.00222037 0.99998007 1.01351155]

Iteration:  6700
Rhat values for alpha, beta, log(sigma^2), mean(xi), log(var(xi)), atanh(corr(xi, eta)):
[1.00155342 1.00403103 1.0043256  1.00224773 0.99998037 1.01375793]

Iteration:  6800
Rhat values for alpha, beta, log(sigma^2), mean(xi), log(var(xi)), atanh(corr(xi, eta)):
[1.00138735 1.00381231 1.00419434 1.00216091 0.99995406 1.0131306 ]

Iteration:  6900
Rhat values for alpha, beta, log(sigma^2), mean(xi), log(var(xi)), atanh(corr(xi, eta)):
[1.00125333 1.00381363 1.00372411 1.0019018  0.99995477 1.01295156]

Iteration:  7000
Rhat values for alpha, beta, log(sigma^2), mean(xi), log(var(xi)), atanh(corr(xi, eta)):
[1.00158979 1.00444336 1.0042482  1.0019526  0.99995541 1.01437629]

Iteration:  7100
Rhat values for alpha, beta, log(sigma^2), mean(xi), log(var(xi)), atanh(corr(xi, eta)):
[1.00144509 1.00416897 1.00430407 1.00187055 0.99995604 1.01387089]

Iteration:  7200
Rhat values for alpha, beta, log(sigma^2), mean(xi), log(var(xi)), atanh(corr(xi, eta)):
[1.00116383 1.0039365  1.00437441 1.00173581 0.9999567  1.01323859]

Iteration:  7300
Rhat values for alpha, beta, log(sigma^2), mean(xi), log(var(xi)), atanh(corr(xi, eta)):
[1.00169128 1.00478628 1.00429841 1.00159504 0.99995733 1.01362926]

Iteration:  7400
Rhat values for alpha, beta, log(sigma^2), mean(xi), log(var(xi)), atanh(corr(xi, eta)):
[1.00124847 1.00400662 1.00455929 1.00187039 0.99995783 1.01272136]

Iteration:  7500
Rhat values for alpha, beta, log(sigma^2), mean(xi), log(var(xi)), atanh(corr(xi, eta)):
[1.00099537 1.00348075 1.00440889 1.00193528 0.99995817 1.01193505]

Iteration:  7600
Rhat values for alpha, beta, log(sigma^2), mean(xi), log(var(xi)), atanh(corr(xi, eta)):
[1.00078637 1.00315433 1.0040852  1.00176791 0.9999587  1.01114055]

Iteration:  7700
Rhat values for alpha, beta, log(sigma^2), mean(xi), log(var(xi)), atanh(corr(xi, eta)):
[1.00059401 1.00276083 1.00414199 1.00171672 0.99995923 1.01054408]

Iteration:  7800
Rhat values for alpha, beta, log(sigma^2), mean(xi), log(var(xi)), atanh(corr(xi, eta)):
[1.00063654 1.00266432 1.00370448 1.0018434  0.99995952 1.00994549]

Iteration:  7900
Rhat values for alpha, beta, log(sigma^2), mean(xi), log(var(xi)), atanh(corr(xi, eta)):
[1.00115432 1.00350878 1.00359338 1.00182941 0.99995997 1.01002331]

Iteration:  8000
Rhat values for alpha, beta, log(sigma^2), mean(xi), log(var(xi)), atanh(corr(xi, eta)):
[1.00151098 1.00409876 1.00333903 1.00186668 0.99996048 1.00978929]

Iteration:  8100
Rhat values for alpha, beta, log(sigma^2), mean(xi), log(var(xi)), atanh(corr(xi, eta)):
[1.00141923 1.00384312 1.00301952 1.00184061 0.99996098 1.00904843]

Iteration:  8200
Rhat values for alpha, beta, log(sigma^2), mean(xi), log(var(xi)), atanh(corr(xi, eta)):
[1.00136142 1.0038102  1.00284666 1.00188158 0.99996144 1.00888015]

Iteration:  8300
Rhat values for alpha, beta, log(sigma^2), mean(xi), log(var(xi)), atanh(corr(xi, eta)):
[1.00106832 1.00337216 1.00286843 1.00169799 0.99996196 1.00849551]

Iteration:  8400
Rhat values for alpha, beta, log(sigma^2), mean(xi), log(var(xi)), atanh(corr(xi, eta)):
[1.00104317 1.00313404 1.00279363 1.00153633 0.99996733 1.0078757 ]

Iteration:  8500
Rhat values for alpha, beta, log(sigma^2), mean(xi), log(var(xi)), atanh(corr(xi, eta)):
[1.00149189 1.00358408 1.00346734 1.00125896 0.99996781 1.00952651]

Iteration:  8600
Rhat values for alpha, beta, log(sigma^2), mean(xi), log(var(xi)), atanh(corr(xi, eta)):
[1.00161329 1.00370945 1.00406646 1.00136316 0.99996815 1.01056654]

Iteration:  8700
Rhat values for alpha, beta, log(sigma^2), mean(xi), log(var(xi)), atanh(corr(xi, eta)):
[1.00157817 1.00351361 1.00440596 1.0015111  0.99996834 1.0107155 ]

Iteration:  8800
Rhat values for alpha, beta, log(sigma^2), mean(xi), log(var(xi)), atanh(corr(xi, eta)):
[1.00090523 1.00236797 1.00426164 1.00131713 0.99996866 1.00888818]

Iteration:  8900
Rhat values for alpha, beta, log(sigma^2), mean(xi), log(var(xi)), atanh(corr(xi, eta)):
[1.00068379 1.00192606 1.00430217 1.00116592 0.99996896 1.00809899]

Iteration:  9000
Rhat values for alpha, beta, log(sigma^2), mean(xi), log(var(xi)), atanh(corr(xi, eta)):
[1.00053391 1.00157891 1.00381226 1.00121337 0.99996926 1.00739999]

Iteration:  9100
Rhat values for alpha, beta, log(sigma^2), mean(xi), log(var(xi)), atanh(corr(xi, eta)):
[1.00068713 1.00164205 1.00370264 1.00117523 0.99996954 1.00782391]

Iteration:  9200
Rhat values for alpha, beta, log(sigma^2), mean(xi), log(var(xi)), atanh(corr(xi, eta)):
[1.00076557 1.00173821 1.00350985 1.00118474 0.9999699  1.00795118]

Iteration:  9300
Rhat values for alpha, beta, log(sigma^2), mean(xi), log(var(xi)), atanh(corr(xi, eta)):
[1.0006535  1.00152059 1.00354034 1.00104002 0.99997029 1.00750885]

Iteration:  9400
Rhat values for alpha, beta, log(sigma^2), mean(xi), log(var(xi)), atanh(corr(xi, eta)):
[1.00055965 1.00135776 1.00366241 1.00122435 0.99997062 1.00738196]

Iteration:  9500
Rhat values for alpha, beta, log(sigma^2), mean(xi), log(var(xi)), atanh(corr(xi, eta)):
[1.0004561  1.00121118 1.00338112 1.001133   0.99997096 1.00703598]

Iteration:  9600
Rhat values for alpha, beta, log(sigma^2), mean(xi), log(var(xi)), atanh(corr(xi, eta)):
[1.0003324  1.00098902 1.00350712 1.00113884 0.99997125 1.00648891]

Iteration:  9700
Rhat values for alpha, beta, log(sigma^2), mean(xi), log(var(xi)), atanh(corr(xi, eta)):
[1.00039726 1.00102824 1.00321918 1.00112854 0.99997155 1.00619319]

Iteration:  9800
Rhat values for alpha, beta, log(sigma^2), mean(xi), log(var(xi)), atanh(corr(xi, eta)):
[1.00063992 1.00135574 1.00296474 1.00113762 0.99997188 1.00651094]

Iteration:  9900
Rhat values for alpha, beta, log(sigma^2), mean(xi), log(var(xi)), atanh(corr(xi, eta)):
[1.00082594 1.00147475 1.00293549 1.00110199 0.99997217 1.00626232]

Iteration:  10000
Rhat values for alpha, beta, log(sigma^2), mean(xi), log(var(xi)), atanh(corr(xi, eta)):
[1.00129085 1.00195868 1.00320568 1.00106714 0.99997228 1.006846  ]

Iteration:  10100
Rhat values for alpha, beta, log(sigma^2), mean(xi), log(var(xi)), atanh(corr(xi, eta)):
[1.00112603 1.00163125 1.0031516  1.00093497 0.99997264 1.00616811]

Iteration:  10200
Rhat values for alpha, beta, log(sigma^2), mean(xi), log(var(xi)), atanh(corr(xi, eta)):
[1.00128984 1.00181385 1.00346993 1.0009583  0.99997294 1.00669145]

Iteration:  10300
Rhat values for alpha, beta, log(sigma^2), mean(xi), log(var(xi)), atanh(corr(xi, eta)):
[1.00125718 1.00188293 1.00368766 1.00099614 0.9999732  1.00711289]

Iteration:  10400
Rhat values for alpha, beta, log(sigma^2), mean(xi), log(var(xi)), atanh(corr(xi, eta)):
[1.00109701 1.00192515 1.00404837 1.00095617 0.99997134 1.0070761 ]

Iteration:  10500
Rhat values for alpha, beta, log(sigma^2), mean(xi), log(var(xi)), atanh(corr(xi, eta)):
[1.00114075 1.00205985 1.0039367  1.00094036 0.99997164 1.00722115]

Iteration:  10600
Rhat values for alpha, beta, log(sigma^2), mean(xi), log(var(xi)), atanh(corr(xi, eta)):
[1.00099039 1.00179208 1.00403265 1.0009621  0.99997194 1.00693248]

Iteration:  10700
Rhat values for alpha, beta, log(sigma^2), mean(xi), log(var(xi)), atanh(corr(xi, eta)):
[1.00093309 1.00172091 1.00405863 1.00104025 0.99997221 1.00647848]

Iteration:  10800
Rhat values for alpha, beta, log(sigma^2), mean(xi), log(var(xi)), atanh(corr(xi, eta)):
[1.00117079 1.00200011 1.00419452 1.00088194 0.99997246 1.00655403]

Iteration:  10900
Rhat values for alpha, beta, log(sigma^2), mean(xi), log(var(xi)), atanh(corr(xi, eta)):
[1.00143256 1.002267   1.0042045  1.00078688 0.9999728  1.00668719]

Iteration:  11000
Rhat values for alpha, beta, log(sigma^2), mean(xi), log(var(xi)), atanh(corr(xi, eta)):
[1.00155383 1.00246116 1.00412509 1.00071083 0.99997302 1.006876  ]

Iteration:  11100
Rhat values for alpha, beta, log(sigma^2), mean(xi), log(var(xi)), atanh(corr(xi, eta)):
[1.00172706 1.00268631 1.00389481 1.00065639 0.99997328 1.00714576]

Iteration:  11200
Rhat values for alpha, beta, log(sigma^2), mean(xi), log(var(xi)), atanh(corr(xi, eta)):
[1.00182049 1.00269069 1.0035254  1.00063902 0.99997356 1.0065864 ]

Iteration:  11300
Rhat values for alpha, beta, log(sigma^2), mean(xi), log(var(xi)), atanh(corr(xi, eta)):
[1.00172347 1.00257422 1.00336091 1.00061126 0.99997386 1.00641895]

Iteration:  11400
Rhat values for alpha, beta, log(sigma^2), mean(xi), log(var(xi)), atanh(corr(xi, eta)):
[1.00182428 1.00263664 1.00335261 1.00054041 0.99997408 1.00646343]

Iteration:  11500
Rhat values for alpha, beta, log(sigma^2), mean(xi), log(var(xi)), atanh(corr(xi, eta)):
[1.00176861 1.0024239  1.00319632 1.00048468 0.99997431 1.00602816]

Iteration:  11600
Rhat values for alpha, beta, log(sigma^2), mean(xi), log(var(xi)), atanh(corr(xi, eta)):
[1.00195926 1.00254948 1.00284256 1.00047881 0.99997454 1.00564095]

Iteration:  11700
Rhat values for alpha, beta, log(sigma^2), mean(xi), log(var(xi)), atanh(corr(xi, eta)):
[1.00195705 1.00250675 1.00275737 1.00046016 0.99997504 1.00547043]

Iteration:  11800
Rhat values for alpha, beta, log(sigma^2), mean(xi), log(var(xi)), atanh(corr(xi, eta)):
[1.00187525 1.00244439 1.002643   1.00054223 0.9999752  1.00540903]

Iteration:  11900
Rhat values for alpha, beta, log(sigma^2), mean(xi), log(var(xi)), atanh(corr(xi, eta)):
[1.00182017 1.00231465 1.00266394 1.00051722 0.99997541 1.00539115]

Iteration:  12000
Rhat values for alpha, beta, log(sigma^2), mean(xi), log(var(xi)), atanh(corr(xi, eta)):
[1.00185826 1.00222915 1.00254452 1.000459   0.99997553 1.00504236]

Iteration:  12100
Rhat values for alpha, beta, log(sigma^2), mean(xi), log(var(xi)), atanh(corr(xi, eta)):
[1.00185374 1.00214251 1.00246176 1.0004301  0.9999757  1.00480673]

Iteration:  12200
Rhat values for alpha, beta, log(sigma^2), mean(xi), log(var(xi)), atanh(corr(xi, eta)):
[1.00191589 1.00222001 1.0026361  1.00040077 0.99997589 1.00493022]

Iteration:  12300
Rhat values for alpha, beta, log(sigma^2), mean(xi), log(var(xi)), atanh(corr(xi, eta)):
[1.00200544 1.00227384 1.0030453  1.00037687 0.99997609 1.00509148]

Iteration:  12400
Rhat values for alpha, beta, log(sigma^2), mean(xi), log(var(xi)), atanh(corr(xi, eta)):
[1.00183199 1.00192695 1.00312928 1.00032729 0.99997632 1.00448793]

Iteration:  12500
Rhat values for alpha, beta, log(sigma^2), mean(xi), log(var(xi)), atanh(corr(xi, eta)):
[1.00166478 1.00162472 1.00280209 1.00028545 0.99997654 1.00336452]

Iteration:  12600
Rhat values for alpha, beta, log(sigma^2), mean(xi), log(var(xi)), atanh(corr(xi, eta)):
[1.00145794 1.00133079 1.00251854 1.00027157 0.99997676 1.00244206]

Iteration:  12700
Rhat values for alpha, beta, log(sigma^2), mean(xi), log(var(xi)), atanh(corr(xi, eta)):
[1.00119524 1.00104952 1.00257607 1.00025283 0.9999769  1.00228371]

Iteration:  12800
Rhat values for alpha, beta, log(sigma^2), mean(xi), log(var(xi)), atanh(corr(xi, eta)):
[1.00107137 1.00087616 1.00292825 1.00023359 0.99997707 1.00262955]

Iteration:  12900
Rhat values for alpha, beta, log(sigma^2), mean(xi), log(var(xi)), atanh(corr(xi, eta)):
[1.00095918 1.00077063 1.00300537 1.00025432 0.99997725 1.00276819]

Iteration:  13000
Rhat values for alpha, beta, log(sigma^2), mean(xi), log(var(xi)), atanh(corr(xi, eta)):
[1.00080711 1.00060469 1.00307565 1.00027445 0.99997722 1.00266869]

Iteration:  13100
Rhat values for alpha, beta, log(sigma^2), mean(xi), log(var(xi)), atanh(corr(xi, eta)):
[1.00083822 1.00064295 1.00324277 1.00022711 0.99997738 1.00274053]

Iteration:  13200
Rhat values for alpha, beta, log(sigma^2), mean(xi), log(var(xi)), atanh(corr(xi, eta)):
[1.00087148 1.00071345 1.00349002 1.00027422 0.99997755 1.00294086]

Iteration:  13300
Rhat values for alpha, beta, log(sigma^2), mean(xi), log(var(xi)), atanh(corr(xi, eta)):
[1.00068406 1.00064705 1.00357874 1.00030271 0.99997772 1.00333611]

Iteration:  13400
Rhat values for alpha, beta, log(sigma^2), mean(xi), log(var(xi)), atanh(corr(xi, eta)):
[1.0006438  1.00067763 1.00367715 1.00031158 0.99997797 1.00375727]

Iteration:  13500
Rhat values for alpha, beta, log(sigma^2), mean(xi), log(var(xi)), atanh(corr(xi, eta)):
[1.00062567 1.00065864 1.00375449 1.00023692 0.99997812 1.00394345]

Iteration:  13600
Rhat values for alpha, beta, log(sigma^2), mean(xi), log(var(xi)), atanh(corr(xi, eta)):
[1.00063976 1.0006654  1.00381372 1.00022462 0.99997828 1.00403343]

Iteration:  13700
Rhat values for alpha, beta, log(sigma^2), mean(xi), log(var(xi)), atanh(corr(xi, eta)):
[1.00071698 1.0006506  1.00372867 1.00023221 0.99997844 1.00373942]

Iteration:  13800
Rhat values for alpha, beta, log(sigma^2), mean(xi), log(var(xi)), atanh(corr(xi, eta)):
[1.00059542 1.00053982 1.00391556 1.00018642 0.99997859 1.00366141]

Iteration:  13900
Rhat values for alpha, beta, log(sigma^2), mean(xi), log(var(xi)), atanh(corr(xi, eta)):
[1.0005468  1.00046877 1.0041427  1.00020979 0.99997874 1.00357712]

Iteration:  14000
Rhat values for alpha, beta, log(sigma^2), mean(xi), log(var(xi)), atanh(corr(xi, eta)):
[1.0004821  1.00037912 1.00454686 1.00025014 0.9999789  1.00363497]

Iteration:  14100
Rhat values for alpha, beta, log(sigma^2), mean(xi), log(var(xi)), atanh(corr(xi, eta)):
[1.00045036 1.0003287  1.00436231 1.00025225 0.99997896 1.00355683]

Iteration:  14200
Rhat values for alpha, beta, log(sigma^2), mean(xi), log(var(xi)), atanh(corr(xi, eta)):
[1.00050446 1.00035162 1.00431925 1.00020232 0.99997913 1.0035309 ]

Iteration:  14300
Rhat values for alpha, beta, log(sigma^2), mean(xi), log(var(xi)), atanh(corr(xi, eta)):
[1.00065806 1.00049307 1.00457626 1.00017975 0.99997929 1.00372837]

Iteration:  14400
Rhat values for alpha, beta, log(sigma^2), mean(xi), log(var(xi)), atanh(corr(xi, eta)):
[1.00080808 1.0006199  1.00431364 1.00022784 0.99997907 1.00365543]

Iteration:  14500
Rhat values for alpha, beta, log(sigma^2), mean(xi), log(var(xi)), atanh(corr(xi, eta)):
[1.00086884 1.00070522 1.00458775 1.00018533 0.99997937 1.00402097]

Iteration:  14600
Rhat values for alpha, beta, log(sigma^2), mean(xi), log(var(xi)), atanh(corr(xi, eta)):
[1.0009251  1.00077293 1.00491905 1.00020361 0.99997953 1.00444334]

Iteration:  14700
Rhat values for alpha, beta, log(sigma^2), mean(xi), log(var(xi)), atanh(corr(xi, eta)):
[1.00097091 1.00078099 1.00553045 1.00018455 0.99997966 1.00504711]

Iteration:  14800
Rhat values for alpha, beta, log(sigma^2), mean(xi), log(var(xi)), atanh(corr(xi, eta)):
[1.00097408 1.00077238 1.00594036 1.00017382 0.99997979 1.00542019]

Iteration:  14900
Rhat values for alpha, beta, log(sigma^2), mean(xi), log(var(xi)), atanh(corr(xi, eta)):
[1.00101609 1.0007565  1.00680314 1.00015941 0.99998046 1.00586184]

Iteration:  15000
Rhat values for alpha, beta, log(sigma^2), mean(xi), log(var(xi)), atanh(corr(xi, eta)):
[1.00081007 1.00053211 1.00747831 1.00023898 0.99998056 1.00570219]

Iteration:  15100
Rhat values for alpha, beta, log(sigma^2), mean(xi), log(var(xi)), atanh(corr(xi, eta)):
[1.00063525 1.00041486 1.00751243 1.00023404 0.99998063 1.00549987]

Iteration:  15200
Rhat values for alpha, beta, log(sigma^2), mean(xi), log(var(xi)), atanh(corr(xi, eta)):
[1.00058766 1.00038904 1.00763603 1.00023086 0.99998073 1.00554787]

Iteration:  15300
Rhat values for alpha, beta, log(sigma^2), mean(xi), log(var(xi)), atanh(corr(xi, eta)):
[1.00044935 1.00028374 1.00793575 1.00018189 0.99998122 1.005559  ]

Iteration:  15400
Rhat values for alpha, beta, log(sigma^2), mean(xi), log(var(xi)), atanh(corr(xi, eta)):
[1.00055653 1.00036126 1.00804736 1.00014063 0.99998119 1.00563786]

Iteration:  15500
Rhat values for alpha, beta, log(sigma^2), mean(xi), log(var(xi)), atanh(corr(xi, eta)):
[1.00052396 1.00034271 1.00809791 1.0001402  0.99998126 1.00546226]

Iteration:  15600
Rhat values for alpha, beta, log(sigma^2), mean(xi), log(var(xi)), atanh(corr(xi, eta)):
[1.00044975 1.00028299 1.00793549 1.00011935 0.99998142 1.0052797 ]

Iteration:  15700
Rhat values for alpha, beta, log(sigma^2), mean(xi), log(var(xi)), atanh(corr(xi, eta)):
[1.0004868  1.00031307 1.00783763 1.00010205 0.99998171 1.00530516]

Iteration:  15800
Rhat values for alpha, beta, log(sigma^2), mean(xi), log(var(xi)), atanh(corr(xi, eta)):
[1.00035314 1.00018664 1.00761268 1.00010829 0.99998192 1.0049479 ]

Iteration:  15900
Rhat values for alpha, beta, log(sigma^2), mean(xi), log(var(xi)), atanh(corr(xi, eta)):
[1.00039278 1.00024319 1.00709527 1.00008039 0.99998181 1.00478509]

Iteration:  16000
Rhat values for alpha, beta, log(sigma^2), mean(xi), log(var(xi)), atanh(corr(xi, eta)):
[1.0004091  1.0002904  1.0067033  1.00009373 0.99998193 1.00477546]

Iteration:  16100
Rhat values for alpha, beta, log(sigma^2), mean(xi), log(var(xi)), atanh(corr(xi, eta)):
[1.0004245  1.00036293 1.00664779 1.00010927 0.99998198 1.00518526]

Iteration:  16200
Rhat values for alpha, beta, log(sigma^2), mean(xi), log(var(xi)), atanh(corr(xi, eta)):
[1.00047866 1.00040843 1.00661656 1.00007791 0.99998209 1.00520779]

Iteration:  16300
Rhat values for alpha, beta, log(sigma^2), mean(xi), log(var(xi)), atanh(corr(xi, eta)):
[1.00038493 1.00029351 1.00642624 1.00004942 0.99998201 1.00484661]

Iteration:  16400
Rhat values for alpha, beta, log(sigma^2), mean(xi), log(var(xi)), atanh(corr(xi, eta)):
[1.00037108 1.00025076 1.00600081 1.00000982 0.99998216 1.00420904]

Iteration:  16500
Rhat values for alpha, beta, log(sigma^2), mean(xi), log(var(xi)), atanh(corr(xi, eta)):
[1.00038614 1.00023714 1.00497509 1.0000237  0.99998225 1.00343345]

Iteration:  16600
Rhat values for alpha, beta, log(sigma^2), mean(xi), log(var(xi)), atanh(corr(xi, eta)):
[1.00040614 1.0002512  1.00450482 1.00004034 0.99998233 1.00316098]

Iteration:  16700
Rhat values for alpha, beta, log(sigma^2), mean(xi), log(var(xi)), atanh(corr(xi, eta)):
[1.00042036 1.00025438 1.00424374 1.00001896 0.99998244 1.00302144]

Iteration:  16800
Rhat values for alpha, beta, log(sigma^2), mean(xi), log(var(xi)), atanh(corr(xi, eta)):
[1.00037903 1.00020703 1.00440472 1.00002511 0.99998254 1.00319674]

Iteration:  16900
Rhat values for alpha, beta, log(sigma^2), mean(xi), log(var(xi)), atanh(corr(xi, eta)):
[1.00044964 1.00022865 1.00456421 1.00001786 0.99998265 1.00329301]

Iteration:  17000
Rhat values for alpha, beta, log(sigma^2), mean(xi), log(var(xi)), atanh(corr(xi, eta)):
[1.00055377 1.00031004 1.00444857 1.00004479 0.99998274 1.00337947]

Iteration:  17100
Rhat values for alpha, beta, log(sigma^2), mean(xi), log(var(xi)), atanh(corr(xi, eta)):
[1.00043561 1.0002228  1.00431019 1.00003931 0.99998286 1.00336241]

Iteration:  17200
Rhat values for alpha, beta, log(sigma^2), mean(xi), log(var(xi)), atanh(corr(xi, eta)):
[1.00039584 1.00019819 1.00458857 1.00001037 0.99998293 1.00339761]

Iteration:  17300
Rhat values for alpha, beta, log(sigma^2), mean(xi), log(var(xi)), atanh(corr(xi, eta)):
[1.00027314 1.00012336 1.00463601 1.00000314 0.99998308 1.00336171]

Iteration:  17400
Rhat values for alpha, beta, log(sigma^2), mean(xi), log(var(xi)), atanh(corr(xi, eta)):
[1.0001895  1.00007464 1.0045468  0.99999162 0.99998318 1.00326515]

Iteration:  17500
Rhat values for alpha, beta, log(sigma^2), mean(xi), log(var(xi)), atanh(corr(xi, eta)):
[1.00013684 1.00003553 1.00452187 0.99999785 0.99998326 1.00314389]

Iteration:  17600
Rhat values for alpha, beta, log(sigma^2), mean(xi), log(var(xi)), atanh(corr(xi, eta)):
[1.0001384  1.00004734 1.00427133 0.99998324 0.99998332 1.00300709]

Iteration:  17700
Rhat values for alpha, beta, log(sigma^2), mean(xi), log(var(xi)), atanh(corr(xi, eta)):
[1.00019917 1.00010223 1.00396471 0.99998322 0.9999834  1.00290449]

Iteration:  17800
Rhat values for alpha, beta, log(sigma^2), mean(xi), log(var(xi)), atanh(corr(xi, eta)):
[1.00010834 1.00003102 1.0038689  0.99998126 0.99998347 1.00272874]

Iteration:  17900
Rhat values for alpha, beta, log(sigma^2), mean(xi), log(var(xi)), atanh(corr(xi, eta)):
[1.00014105 1.0000516  1.00380261 0.99999163 0.99998356 1.00269571]

Iteration:  18000
Rhat values for alpha, beta, log(sigma^2), mean(xi), log(var(xi)), atanh(corr(xi, eta)):
[1.00016869 1.0000712  1.00357314 0.99999636 0.99998368 1.00273153]

Iteration:  18100
Rhat values for alpha, beta, log(sigma^2), mean(xi), log(var(xi)), atanh(corr(xi, eta)):
[1.00021521 1.00011851 1.0030625  0.999987   0.99998378 1.0025833 ]

Iteration:  18200
Rhat values for alpha, beta, log(sigma^2), mean(xi), log(var(xi)), atanh(corr(xi, eta)):
[1.00017333 1.00008988 1.00274519 0.99998478 0.99998387 1.00229727]

Iteration:  18300
Rhat values for alpha, beta, log(sigma^2), mean(xi), log(var(xi)), atanh(corr(xi, eta)):
[1.00012217 1.00005786 1.00247031 0.99999628 0.99998395 1.00193232]

Iteration:  18400
Rhat values for alpha, beta, log(sigma^2), mean(xi), log(var(xi)), atanh(corr(xi, eta)):
[1.00016601 1.00009617 1.00258744 1.00000842 0.99998404 1.00185974]

Iteration:  18500
Rhat values for alpha, beta, log(sigma^2), mean(xi), log(var(xi)), atanh(corr(xi, eta)):
[1.00021891 1.00015259 1.00288518 1.00001229 0.99998434 1.00171616]

Iteration:  18600
Rhat values for alpha, beta, log(sigma^2), mean(xi), log(var(xi)), atanh(corr(xi, eta)):
[1.0003313  1.00024645 1.0030789  1.00002435 0.99998442 1.00177928]

Iteration:  18700
Rhat values for alpha, beta, log(sigma^2), mean(xi), log(var(xi)), atanh(corr(xi, eta)):
[1.00040215 1.0003065  1.00318437 1.00001913 0.99998467 1.0017763 ]

Iteration:  18800
Rhat values for alpha, beta, log(sigma^2), mean(xi), log(var(xi)), atanh(corr(xi, eta)):
[1.00043517 1.00034347 1.00317773 1.00002215 0.99998473 1.00174245]

Iteration:  18900
Rhat values for alpha, beta, log(sigma^2), mean(xi), log(var(xi)), atanh(corr(xi, eta)):
[1.00044273 1.0003373  1.00328755 1.00003513 0.99998477 1.00179298]

Iteration:  19000
Rhat values for alpha, beta, log(sigma^2), mean(xi), log(var(xi)), atanh(corr(xi, eta)):
[1.00038758 1.00029724 1.00328694 1.00001316 0.99998696 1.00186612]

Iteration:  19100
Rhat values for alpha, beta, log(sigma^2), mean(xi), log(var(xi)), atanh(corr(xi, eta)):
[1.00039466 1.00031295 1.00335173 1.00000521 0.99998702 1.00193966]

Iteration:  19200
Rhat values for alpha, beta, log(sigma^2), mean(xi), log(var(xi)), atanh(corr(xi, eta)):
[1.00027545 1.00021262 1.00324401 1.00000997 0.99998706 1.00175001]

Iteration:  19300
Rhat values for alpha, beta, log(sigma^2), mean(xi), log(var(xi)), atanh(corr(xi, eta)):
[1.00025366 1.00020978 1.00284855 1.00002163 0.99998714 1.00154986]

Iteration:  19400
Rhat values for alpha, beta, log(sigma^2), mean(xi), log(var(xi)), atanh(corr(xi, eta)):
[1.00029944 1.00023515 1.00211212 1.00005372 0.9999872  1.00106609]

Iteration:  19500
Rhat values for alpha, beta, log(sigma^2), mean(xi), log(var(xi)), atanh(corr(xi, eta)):
[1.00039014 1.00030563 1.00138727 1.00007573 0.99998753 1.00065961]

Iteration:  19600
Rhat values for alpha, beta, log(sigma^2), mean(xi), log(var(xi)), atanh(corr(xi, eta)):
[1.00048577 1.00038449 1.0010105  1.00008469 0.99998764 1.0004919 ]

Iteration:  19700
Rhat values for alpha, beta, log(sigma^2), mean(xi), log(var(xi)), atanh(corr(xi, eta)):
[1.00050954 1.00039018 1.00099145 1.00009657 0.99998774 1.00064421]

Iteration:  19800
Rhat values for alpha, beta, log(sigma^2), mean(xi), log(var(xi)), atanh(corr(xi, eta)):
[1.0004885  1.00042813 1.00086976 1.00006796 0.99998743 1.00069526]

Iteration:  19900
Rhat values for alpha, beta, log(sigma^2), mean(xi), log(var(xi)), atanh(corr(xi, eta)):
[1.00041243 1.00038671 1.00091613 1.00007345 0.99998749 1.00058898]

Iteration:  20000
Rhat values for alpha, beta, log(sigma^2), mean(xi), log(var(xi)), atanh(corr(xi, eta)):
[1.00046952 1.00042812 1.00120699 1.00006333 0.99998757 1.00045238]
{"name": "R19_first_hr_corrected_covdiag_0.2", "n": 100, "seed": 20261024, "mean": -0.01851828425535761, "sd": 0.012760647645838733, "q025_975": [-0.04423236413369774, 0.006315766876585552], "p_negative": 0.930825, "scatter_mean": 0.04290338659460608, "retained_draws": 40000, "split_rhat": {"alpha": 1.0047489400282543, "beta": 1.0049455836094412, "sigsqr": 1.0045660770920641}}
START R19_first_hr_corrected_covdiag_0.42

Iteration:  100
Rhat values for alpha, beta, log(sigma^2), mean(xi), log(var(xi)), atanh(corr(xi, eta)):
[1.45287918 1.39236931 1.16714928 1.05329528 1.0165949  1.29018969]

Iteration:  200
Rhat values for alpha, beta, log(sigma^2), mean(xi), log(var(xi)), atanh(corr(xi, eta)):
[1.86646865 1.77226449 1.33840364 0.99966867 1.03460289 1.71287961]

Iteration:  300
Rhat values for alpha, beta, log(sigma^2), mean(xi), log(var(xi)), atanh(corr(xi, eta)):
[1.61972271 1.55281549 1.15415388 1.00574813 0.99750335 1.67143014]

Iteration:  400
Rhat values for alpha, beta, log(sigma^2), mean(xi), log(var(xi)), atanh(corr(xi, eta)):
[1.33053813 1.32556891 1.0610201  1.0084007  0.99917598 1.45268092]

Iteration:  500
Rhat values for alpha, beta, log(sigma^2), mean(xi), log(var(xi)), atanh(corr(xi, eta)):
[1.13775425 1.13638691 1.04701452 1.00825301 1.000887   1.23662971]

Iteration:  600
Rhat values for alpha, beta, log(sigma^2), mean(xi), log(var(xi)), atanh(corr(xi, eta)):
[1.06239115 1.05137693 1.09269219 1.00534006 0.99947163 1.113891  ]

Iteration:  700
Rhat values for alpha, beta, log(sigma^2), mean(xi), log(var(xi)), atanh(corr(xi, eta)):
[1.01698678 1.01377768 1.13188622 1.00313731 0.99949786 1.03796921]

Iteration:  800
Rhat values for alpha, beta, log(sigma^2), mean(xi), log(var(xi)), atanh(corr(xi, eta)):
[1.01876426 1.01806948 1.15676298 1.00418532 0.99983177 1.03521324]

Iteration:  900
Rhat values for alpha, beta, log(sigma^2), mean(xi), log(var(xi)), atanh(corr(xi, eta)):
[1.03077695 1.02849105 1.16258759 1.00392402 0.99993712 1.04733639]

Iteration:  1000
Rhat values for alpha, beta, log(sigma^2), mean(xi), log(var(xi)), atanh(corr(xi, eta)):
[1.02425776 1.02334451 1.18083755 1.00302093 1.00032499 1.04387465]

Iteration:  1100
Rhat values for alpha, beta, log(sigma^2), mean(xi), log(var(xi)), atanh(corr(xi, eta)):
[1.01212156 1.01468564 1.12390941 1.00303341 1.00034343 1.02946215]

Iteration:  1200
Rhat values for alpha, beta, log(sigma^2), mean(xi), log(var(xi)), atanh(corr(xi, eta)):
[1.0099665  1.0129233  1.08709389 1.00397284 1.00005858 1.02514341]

Iteration:  1300
Rhat values for alpha, beta, log(sigma^2), mean(xi), log(var(xi)), atanh(corr(xi, eta)):
[1.00255075 1.00443031 1.05477226 1.00392777 1.00004575 1.01843651]

Iteration:  1400
Rhat values for alpha, beta, log(sigma^2), mean(xi), log(var(xi)), atanh(corr(xi, eta)):
[1.00006071 1.00103403 1.03779883 1.00452296 1.00004094 1.01210825]

Iteration:  1500
Rhat values for alpha, beta, log(sigma^2), mean(xi), log(var(xi)), atanh(corr(xi, eta)):
[0.99966258 1.00064426 1.0277689  1.00408109 1.00004137 1.01167584]

Iteration:  1600
Rhat values for alpha, beta, log(sigma^2), mean(xi), log(var(xi)), atanh(corr(xi, eta)):
[0.99991777 1.00086486 1.02766631 1.003556   1.00003477 1.01130793]

Iteration:  1700
Rhat values for alpha, beta, log(sigma^2), mean(xi), log(var(xi)), atanh(corr(xi, eta)):
[0.99966829 1.00044645 1.03414364 1.00285403 1.00001406 1.01116416]

Iteration:  1800
Rhat values for alpha, beta, log(sigma^2), mean(xi), log(var(xi)), atanh(corr(xi, eta)):
[1.00006734 1.00012748 1.03971463 1.00501955 1.00001307 1.00967499]

Iteration:  1900
Rhat values for alpha, beta, log(sigma^2), mean(xi), log(var(xi)), atanh(corr(xi, eta)):
[1.00146358 1.00185978 1.04216787 1.00739833 1.00002015 1.01564448]

Iteration:  2000
Rhat values for alpha, beta, log(sigma^2), mean(xi), log(var(xi)), atanh(corr(xi, eta)):
[1.0041191  1.0042069  1.05043617 1.00559258 1.00002316 1.02021657]

Iteration:  2100
Rhat values for alpha, beta, log(sigma^2), mean(xi), log(var(xi)), atanh(corr(xi, eta)):
[1.00541566 1.00483551 1.0531046  1.00440226 1.00002176 1.02295273]

Iteration:  2200
Rhat values for alpha, beta, log(sigma^2), mean(xi), log(var(xi)), atanh(corr(xi, eta)):
[1.00670856 1.00665371 1.04740384 1.0049278  1.00000807 1.02478658]

Iteration:  2300
Rhat values for alpha, beta, log(sigma^2), mean(xi), log(var(xi)), atanh(corr(xi, eta)):
[1.00835354 1.00859272 1.04445041 1.00561813 1.00001116 1.02582109]

Iteration:  2400
Rhat values for alpha, beta, log(sigma^2), mean(xi), log(var(xi)), atanh(corr(xi, eta)):
[1.00728439 1.00738051 1.04126885 1.00473631 1.00001274 1.02129625]

Iteration:  2500
Rhat values for alpha, beta, log(sigma^2), mean(xi), log(var(xi)), atanh(corr(xi, eta)):
[1.00696145 1.00691776 1.03847312 1.00509526 1.00001048 1.01813716]

Iteration:  2600
Rhat values for alpha, beta, log(sigma^2), mean(xi), log(var(xi)), atanh(corr(xi, eta)):
[1.00628315 1.0054696  1.03325174 1.00533035 1.00007504 1.01630668]

Iteration:  2700
Rhat values for alpha, beta, log(sigma^2), mean(xi), log(var(xi)), atanh(corr(xi, eta)):
[1.00780644 1.00702879 1.02516232 1.00390864 1.00007259 1.01529545]

Iteration:  2800
Rhat values for alpha, beta, log(sigma^2), mean(xi), log(var(xi)), atanh(corr(xi, eta)):
[1.00986233 1.00861596 1.01762757 1.00413189 1.00006918 1.014128  ]

Iteration:  2900
Rhat values for alpha, beta, log(sigma^2), mean(xi), log(var(xi)), atanh(corr(xi, eta)):
[1.01088801 1.00955064 1.01246242 1.00309296 1.00007279 1.01218359]

Iteration:  3000
Rhat values for alpha, beta, log(sigma^2), mean(xi), log(var(xi)), atanh(corr(xi, eta)):
[1.01242595 1.01072565 1.00999607 1.00336277 1.00006779 1.01165194]

Iteration:  3100
Rhat values for alpha, beta, log(sigma^2), mean(xi), log(var(xi)), atanh(corr(xi, eta)):
[1.01069663 1.00867526 1.01114186 1.00236399 1.00006645 1.01017855]

Iteration:  3200
Rhat values for alpha, beta, log(sigma^2), mean(xi), log(var(xi)), atanh(corr(xi, eta)):
[1.00825769 1.00656777 1.01490292 1.0015315  1.00006672 1.00843596]

Iteration:  3300
Rhat values for alpha, beta, log(sigma^2), mean(xi), log(var(xi)), atanh(corr(xi, eta)):
[1.00607423 1.00510013 1.01607848 1.00090745 1.00006702 1.0087644 ]

Iteration:  3400
Rhat values for alpha, beta, log(sigma^2), mean(xi), log(var(xi)), atanh(corr(xi, eta)):
[1.00692743 1.00553354 1.0157858  1.00079638 1.00006685 1.00904521]

Iteration:  3500
Rhat values for alpha, beta, log(sigma^2), mean(xi), log(var(xi)), atanh(corr(xi, eta)):
[1.00499152 1.00402806 1.01812907 1.00106952 1.00006629 1.00869419]

Iteration:  3600
Rhat values for alpha, beta, log(sigma^2), mean(xi), log(var(xi)), atanh(corr(xi, eta)):
[1.00462024 1.00365367 1.02233446 1.00121706 1.00005268 1.00815529]

Iteration:  3700
Rhat values for alpha, beta, log(sigma^2), mean(xi), log(var(xi)), atanh(corr(xi, eta)):
[1.0044892  1.00348845 1.02375278 1.00139758 1.00005178 1.0076441 ]

Iteration:  3800
Rhat values for alpha, beta, log(sigma^2), mean(xi), log(var(xi)), atanh(corr(xi, eta)):
[1.00473922 1.0035847  1.02440469 1.00110464 1.00004611 1.00770092]

Iteration:  3900
Rhat values for alpha, beta, log(sigma^2), mean(xi), log(var(xi)), atanh(corr(xi, eta)):
[1.00235547 1.00189526 1.02548097 1.0009499  1.00004633 1.00501647]

Iteration:  4000
Rhat values for alpha, beta, log(sigma^2), mean(xi), log(var(xi)), atanh(corr(xi, eta)):
[1.00122744 1.0009305  1.0294399  1.00129355 1.00005032 1.00200382]

Iteration:  4100
Rhat values for alpha, beta, log(sigma^2), mean(xi), log(var(xi)), atanh(corr(xi, eta)):
[1.00124868 1.00074585 1.03164286 1.00093797 1.00005574 1.00137994]

Iteration:  4200
Rhat values for alpha, beta, log(sigma^2), mean(xi), log(var(xi)), atanh(corr(xi, eta)):
[1.00114129 1.00064638 1.03295261 1.00077994 1.00005516 1.00131451]

Iteration:  4300
Rhat values for alpha, beta, log(sigma^2), mean(xi), log(var(xi)), atanh(corr(xi, eta)):
[1.00051079 1.00023515 1.03937713 1.00090111 1.00005454 1.00126974]

Iteration:  4400
Rhat values for alpha, beta, log(sigma^2), mean(xi), log(var(xi)), atanh(corr(xi, eta)):
[1.00059052 1.00030584 1.04510205 1.00078712 1.00005437 1.00161909]

Iteration:  4500
Rhat values for alpha, beta, log(sigma^2), mean(xi), log(var(xi)), atanh(corr(xi, eta)):
[1.00062067 1.00030145 1.05147261 1.00061415 1.00005707 1.00180493]

Iteration:  4600
Rhat values for alpha, beta, log(sigma^2), mean(xi), log(var(xi)), atanh(corr(xi, eta)):
[1.00058523 1.00026619 1.05604724 1.00089127 1.00005724 1.00195033]

Iteration:  4700
Rhat values for alpha, beta, log(sigma^2), mean(xi), log(var(xi)), atanh(corr(xi, eta)):
[1.00123954 1.00076628 1.05630115 1.000656   1.00005629 1.0017294 ]

Iteration:  4800
Rhat values for alpha, beta, log(sigma^2), mean(xi), log(var(xi)), atanh(corr(xi, eta)):
[1.00233676 1.00162748 1.05250022 1.00090416 1.0000846  1.00177673]

Iteration:  4900
Rhat values for alpha, beta, log(sigma^2), mean(xi), log(var(xi)), atanh(corr(xi, eta)):
[1.00342968 1.00269192 1.04898174 1.00156796 1.00008696 1.00219994]

Iteration:  5000
Rhat values for alpha, beta, log(sigma^2), mean(xi), log(var(xi)), atanh(corr(xi, eta)):
[1.00437487 1.00377217 1.04216701 1.00157073 1.00008722 1.00264331]

Iteration:  5100
Rhat values for alpha, beta, log(sigma^2), mean(xi), log(var(xi)), atanh(corr(xi, eta)):
[1.00626211 1.00580918 1.03914365 1.00170127 1.00008809 1.00378245]

Iteration:  5200
Rhat values for alpha, beta, log(sigma^2), mean(xi), log(var(xi)), atanh(corr(xi, eta)):
[1.00705672 1.00666373 1.03406135 1.00201921 1.00008064 1.0046874 ]

Iteration:  5300
Rhat values for alpha, beta, log(sigma^2), mean(xi), log(var(xi)), atanh(corr(xi, eta)):
[1.00806377 1.00783083 1.03047715 1.0026473  1.0000788  1.00672824]

Iteration:  5400
Rhat values for alpha, beta, log(sigma^2), mean(xi), log(var(xi)), atanh(corr(xi, eta)):
[1.00910372 1.00914507 1.02783836 1.00287597 1.00007364 1.0087972 ]

Iteration:  5500
Rhat values for alpha, beta, log(sigma^2), mean(xi), log(var(xi)), atanh(corr(xi, eta)):
[1.00957513 1.01015732 1.02833196 1.002979   1.00007245 1.00978573]

Iteration:  5600
Rhat values for alpha, beta, log(sigma^2), mean(xi), log(var(xi)), atanh(corr(xi, eta)):
[1.00919067 1.01018052 1.03006212 1.00277274 1.00007556 1.00927667]

Iteration:  5700
Rhat values for alpha, beta, log(sigma^2), mean(xi), log(var(xi)), atanh(corr(xi, eta)):
[1.00775663 1.00850905 1.02917482 1.00219858 1.00007221 1.00816226]

Iteration:  5800
Rhat values for alpha, beta, log(sigma^2), mean(xi), log(var(xi)), atanh(corr(xi, eta)):
[1.00776573 1.00825427 1.02963201 1.00202791 1.0000707  1.0091755 ]

Iteration:  5900
Rhat values for alpha, beta, log(sigma^2), mean(xi), log(var(xi)), atanh(corr(xi, eta)):
[1.00829089 1.00851385 1.029247   1.00190321 1.00005116 1.01076668]

Iteration:  6000
Rhat values for alpha, beta, log(sigma^2), mean(xi), log(var(xi)), atanh(corr(xi, eta)):
[1.00920728 1.00958742 1.02964531 1.00153091 1.00007743 1.01257993]

Iteration:  6100
Rhat values for alpha, beta, log(sigma^2), mean(xi), log(var(xi)), atanh(corr(xi, eta)):
[1.00912548 1.00983157 1.03162394 1.00163569 1.00023089 1.01272522]

Iteration:  6200
Rhat values for alpha, beta, log(sigma^2), mean(xi), log(var(xi)), atanh(corr(xi, eta)):
[1.0089041  1.00960636 1.03072105 1.00142623 1.00022556 1.01217845]

Iteration:  6300
Rhat values for alpha, beta, log(sigma^2), mean(xi), log(var(xi)), atanh(corr(xi, eta)):
[1.01050934 1.01129206 1.0313057  1.0015308  1.0002231  1.01365503]

Iteration:  6400
Rhat values for alpha, beta, log(sigma^2), mean(xi), log(var(xi)), atanh(corr(xi, eta)):
[1.01160039 1.0127753  1.03178105 1.00143069 1.00021879 1.01483791]

Iteration:  6500
Rhat values for alpha, beta, log(sigma^2), mean(xi), log(var(xi)), atanh(corr(xi, eta)):
[1.01261995 1.0139644  1.03094989 1.00138142 1.00021695 1.0162276 ]

Iteration:  6600
Rhat values for alpha, beta, log(sigma^2), mean(xi), log(var(xi)), atanh(corr(xi, eta)):
[1.01337876 1.01441239 1.03153132 1.00145375 1.00021408 1.01656204]

Iteration:  6700
Rhat values for alpha, beta, log(sigma^2), mean(xi), log(var(xi)), atanh(corr(xi, eta)):
[1.01507738 1.01644861 1.03344931 1.00176629 1.00021223 1.01779366]

Iteration:  6800
Rhat values for alpha, beta, log(sigma^2), mean(xi), log(var(xi)), atanh(corr(xi, eta)):
[1.01663035 1.01813793 1.03576062 1.00178996 1.00021114 1.01958544]

Iteration:  6900
Rhat values for alpha, beta, log(sigma^2), mean(xi), log(var(xi)), atanh(corr(xi, eta)):
[1.01851818 1.02024979 1.03806069 1.00226835 1.00020959 1.02264581]

Iteration:  7000
Rhat values for alpha, beta, log(sigma^2), mean(xi), log(var(xi)), atanh(corr(xi, eta)):
[1.0204278  1.02230218 1.04166893 1.00257005 1.00020914 1.02709567]

Iteration:  7100
Rhat values for alpha, beta, log(sigma^2), mean(xi), log(var(xi)), atanh(corr(xi, eta)):
[1.02210022 1.02412031 1.04721936 1.00290396 1.00020428 1.03190478]

Iteration:  7200
Rhat values for alpha, beta, log(sigma^2), mean(xi), log(var(xi)), atanh(corr(xi, eta)):
[1.02231361 1.02427143 1.05275728 1.00327023 1.00020317 1.03659055]

Iteration:  7300
Rhat values for alpha, beta, log(sigma^2), mean(xi), log(var(xi)), atanh(corr(xi, eta)):
[1.02156716 1.02342918 1.05852456 1.00344922 1.00019765 1.04085306]

Iteration:  7400
Rhat values for alpha, beta, log(sigma^2), mean(xi), log(var(xi)), atanh(corr(xi, eta)):
[1.02117496 1.02306657 1.0649902  1.00411618 1.00019723 1.04543791]

Iteration:  7500
Rhat values for alpha, beta, log(sigma^2), mean(xi), log(var(xi)), atanh(corr(xi, eta)):
[1.02016341 1.02216028 1.07126748 1.00469353 1.00019472 1.0498737 ]

Iteration:  7600
Rhat values for alpha, beta, log(sigma^2), mean(xi), log(var(xi)), atanh(corr(xi, eta)):
[1.02059744 1.02266511 1.07611362 1.0052325  1.00019292 1.05409739]

Iteration:  7700
Rhat values for alpha, beta, log(sigma^2), mean(xi), log(var(xi)), atanh(corr(xi, eta)):
[1.02048559 1.02290535 1.08047048 1.0057941  1.00019424 1.05729004]

Iteration:  7800
Rhat values for alpha, beta, log(sigma^2), mean(xi), log(var(xi)), atanh(corr(xi, eta)):
[1.02204803 1.02497188 1.08291955 1.0066087  1.00019336 1.06002732]

Iteration:  7900
Rhat values for alpha, beta, log(sigma^2), mean(xi), log(var(xi)), atanh(corr(xi, eta)):
[1.02313758 1.02617348 1.08428288 1.00685484 1.00018979 1.06168428]

Iteration:  8000
Rhat values for alpha, beta, log(sigma^2), mean(xi), log(var(xi)), atanh(corr(xi, eta)):
[1.02273085 1.02571663 1.08570101 1.00710766 1.00018845 1.06152463]

Iteration:  8100
Rhat values for alpha, beta, log(sigma^2), mean(xi), log(var(xi)), atanh(corr(xi, eta)):
[1.02163654 1.02436213 1.08539427 1.00747248 1.00018599 1.05959155]

Iteration:  8200
Rhat values for alpha, beta, log(sigma^2), mean(xi), log(var(xi)), atanh(corr(xi, eta)):
[1.02086258 1.02352187 1.08449853 1.00793397 1.00018402 1.05764589]

Iteration:  8300
Rhat values for alpha, beta, log(sigma^2), mean(xi), log(var(xi)), atanh(corr(xi, eta)):
[1.0208718  1.02333734 1.08219346 1.0076516  1.00017976 1.056638  ]

Iteration:  8400
Rhat values for alpha, beta, log(sigma^2), mean(xi), log(var(xi)), atanh(corr(xi, eta)):
[1.0197893  1.02192814 1.0796459  1.0071724  1.00017801 1.05526154]

Iteration:  8500
Rhat values for alpha, beta, log(sigma^2), mean(xi), log(var(xi)), atanh(corr(xi, eta)):
[1.01917179 1.02087465 1.07628865 1.00683382 1.00017434 1.05335686]

Iteration:  8600
Rhat values for alpha, beta, log(sigma^2), mean(xi), log(var(xi)), atanh(corr(xi, eta)):
[1.01766683 1.01924712 1.07484385 1.00612692 1.00017085 1.05161221]

Iteration:  8700
Rhat values for alpha, beta, log(sigma^2), mean(xi), log(var(xi)), atanh(corr(xi, eta)):
[1.01607691 1.01778439 1.0726272  1.00548772 1.00016684 1.04917426]

Iteration:  8800
Rhat values for alpha, beta, log(sigma^2), mean(xi), log(var(xi)), atanh(corr(xi, eta)):
[1.0156343  1.01753654 1.07074599 1.00566089 1.00016667 1.04831302]

Iteration:  8900
Rhat values for alpha, beta, log(sigma^2), mean(xi), log(var(xi)), atanh(corr(xi, eta)):
[1.01532492 1.01732909 1.06820739 1.00532293 1.00016502 1.04740855]

Iteration:  9000
Rhat values for alpha, beta, log(sigma^2), mean(xi), log(var(xi)), atanh(corr(xi, eta)):
[1.01534761 1.01747317 1.06423863 1.00473682 1.00016194 1.04634811]

Iteration:  9100
Rhat values for alpha, beta, log(sigma^2), mean(xi), log(var(xi)), atanh(corr(xi, eta)):
[1.01577296 1.01780613 1.06137711 1.00480888 1.00015943 1.04484374]

Iteration:  9200
Rhat values for alpha, beta, log(sigma^2), mean(xi), log(var(xi)), atanh(corr(xi, eta)):
[1.01569793 1.01765724 1.06079475 1.00512962 1.00015651 1.04327627]

Iteration:  9300
Rhat values for alpha, beta, log(sigma^2), mean(xi), log(var(xi)), atanh(corr(xi, eta)):
[1.01490013 1.01663545 1.05900036 1.00526517 1.00015388 1.04094773]

Iteration:  9400
Rhat values for alpha, beta, log(sigma^2), mean(xi), log(var(xi)), atanh(corr(xi, eta)):
[1.01430602 1.01581959 1.05925934 1.00532134 1.00015051 1.0387123 ]

Iteration:  9500
Rhat values for alpha, beta, log(sigma^2), mean(xi), log(var(xi)), atanh(corr(xi, eta)):
[1.01323472 1.01454258 1.06040585 1.00506306 1.00014871 1.03807232]

Iteration:  9600
Rhat values for alpha, beta, log(sigma^2), mean(xi), log(var(xi)), atanh(corr(xi, eta)):
[1.01299279 1.01395095 1.06364474 1.00485534 1.00014696 1.03913715]

Iteration:  9700
Rhat values for alpha, beta, log(sigma^2), mean(xi), log(var(xi)), atanh(corr(xi, eta)):
[1.01329314 1.01442135 1.06879522 1.00417786 1.00014457 1.04284018]

Iteration:  9800
Rhat values for alpha, beta, log(sigma^2), mean(xi), log(var(xi)), atanh(corr(xi, eta)):
[1.01344952 1.01451204 1.07385542 1.00387586 1.00005715 1.04688382]

Iteration:  9900
Rhat values for alpha, beta, log(sigma^2), mean(xi), log(var(xi)), atanh(corr(xi, eta)):
[1.01485135 1.01598707 1.07890263 1.00390041 1.0000557  1.05149933]

Iteration:  10000
Rhat values for alpha, beta, log(sigma^2), mean(xi), log(var(xi)), atanh(corr(xi, eta)):
[1.01479167 1.01595426 1.08230523 1.00380022 1.00005451 1.05459438]

Iteration:  10100
Rhat values for alpha, beta, log(sigma^2), mean(xi), log(var(xi)), atanh(corr(xi, eta)):
[1.01447283 1.01564709 1.08538628 1.00370219 1.00005383 1.05716933]

Iteration:  10200
Rhat values for alpha, beta, log(sigma^2), mean(xi), log(var(xi)), atanh(corr(xi, eta)):
[1.014222   1.01563957 1.08648674 1.00376419 1.00005424 1.05722096]

Iteration:  10300
Rhat values for alpha, beta, log(sigma^2), mean(xi), log(var(xi)), atanh(corr(xi, eta)):
[1.01385255 1.01520117 1.09020085 1.00406099 1.00005378 1.05850084]

Iteration:  10400
Rhat values for alpha, beta, log(sigma^2), mean(xi), log(var(xi)), atanh(corr(xi, eta)):
[1.0126379  1.01401919 1.09395398 1.00408343 1.00005478 1.05993521]

Iteration:  10500
Rhat values for alpha, beta, log(sigma^2), mean(xi), log(var(xi)), atanh(corr(xi, eta)):
[1.01109672 1.01238941 1.0977804  1.00381851 1.00005503 1.06180705]

Iteration:  10600
Rhat values for alpha, beta, log(sigma^2), mean(xi), log(var(xi)), atanh(corr(xi, eta)):
[1.01059648 1.01202012 1.10050874 1.00376799 1.00005416 1.06301984]

Iteration:  10700
Rhat values for alpha, beta, log(sigma^2), mean(xi), log(var(xi)), atanh(corr(xi, eta)):
[1.01037506 1.01141251 1.1013387  1.00411814 1.00005396 1.06252579]

Iteration:  10800
Rhat values for alpha, beta, log(sigma^2), mean(xi), log(var(xi)), atanh(corr(xi, eta)):
[1.0112715  1.01219114 1.09813308 1.00423755 1.00005438 1.06230285]

Iteration:  10900
Rhat values for alpha, beta, log(sigma^2), mean(xi), log(var(xi)), atanh(corr(xi, eta)):
[1.01144418 1.01239433 1.09425614 1.00448585 1.0000549  1.06169994]

Iteration:  11000
Rhat values for alpha, beta, log(sigma^2), mean(xi), log(var(xi)), atanh(corr(xi, eta)):
[1.01135591 1.01233597 1.09267855 1.00481592 1.00005433 1.06074211]

Iteration:  11100
Rhat values for alpha, beta, log(sigma^2), mean(xi), log(var(xi)), atanh(corr(xi, eta)):
[1.01191671 1.01312591 1.09171675 1.00528858 1.00005396 1.06070654]

Iteration:  11200
Rhat values for alpha, beta, log(sigma^2), mean(xi), log(var(xi)), atanh(corr(xi, eta)):
[1.01228555 1.01374622 1.09166481 1.0057282  1.00005422 1.06018356]

Iteration:  11300
Rhat values for alpha, beta, log(sigma^2), mean(xi), log(var(xi)), atanh(corr(xi, eta)):
[1.01257549 1.01414722 1.09023054 1.00595799 1.00005447 1.05942885]

Iteration:  11400
Rhat values for alpha, beta, log(sigma^2), mean(xi), log(var(xi)), atanh(corr(xi, eta)):
[1.01349704 1.01537428 1.0878796  1.00621578 1.00005416 1.0595928 ]

Iteration:  11500
Rhat values for alpha, beta, log(sigma^2), mean(xi), log(var(xi)), atanh(corr(xi, eta)):
[1.01429105 1.01613278 1.0853926  1.00638477 0.99999874 1.05777243]

Iteration:  11600
Rhat values for alpha, beta, log(sigma^2), mean(xi), log(var(xi)), atanh(corr(xi, eta)):
[1.01470317 1.01649503 1.08386592 1.00643207 0.99999876 1.05741712]

Iteration:  11700
Rhat values for alpha, beta, log(sigma^2), mean(xi), log(var(xi)), atanh(corr(xi, eta)):
[1.01521636 1.01687925 1.08220671 1.00649974 0.99999876 1.05619262]

Iteration:  11800
Rhat values for alpha, beta, log(sigma^2), mean(xi), log(var(xi)), atanh(corr(xi, eta)):
[1.016063   1.01763954 1.08094945 1.00684789 0.99999876 1.0552871 ]

Iteration:  11900
Rhat values for alpha, beta, log(sigma^2), mean(xi), log(var(xi)), atanh(corr(xi, eta)):
[1.01709102 1.01849192 1.08142043 1.00676857 0.99999876 1.05514355]

Iteration:  12000
Rhat values for alpha, beta, log(sigma^2), mean(xi), log(var(xi)), atanh(corr(xi, eta)):
[1.01695741 1.01827987 1.08154477 1.00682625 0.99999877 1.05468573]

Iteration:  12100
Rhat values for alpha, beta, log(sigma^2), mean(xi), log(var(xi)), atanh(corr(xi, eta)):
[1.01738579 1.01888742 1.08149051 1.00697264 0.9999988  1.05453161]

Iteration:  12200
Rhat values for alpha, beta, log(sigma^2), mean(xi), log(var(xi)), atanh(corr(xi, eta)):
[1.0175242  1.0191119  1.08144106 1.00683172 0.99999881 1.05426532]

Iteration:  12300
Rhat values for alpha, beta, log(sigma^2), mean(xi), log(var(xi)), atanh(corr(xi, eta)):
[1.01879845 1.02034327 1.08056753 1.00661405 0.99999881 1.05404621]

Iteration:  12400
Rhat values for alpha, beta, log(sigma^2), mean(xi), log(var(xi)), atanh(corr(xi, eta)):
[1.01711881 1.01884709 1.07899623 1.00630035 0.99999881 1.05323798]

Iteration:  12500
Rhat values for alpha, beta, log(sigma^2), mean(xi), log(var(xi)), atanh(corr(xi, eta)):
[1.01631582 1.01828105 1.07793493 1.00622008 0.99999882 1.05372073]

Iteration:  12600
Rhat values for alpha, beta, log(sigma^2), mean(xi), log(var(xi)), atanh(corr(xi, eta)):
[1.01449853 1.01654963 1.07731087 1.00652474 0.99999885 1.05213083]

Iteration:  12700
Rhat values for alpha, beta, log(sigma^2), mean(xi), log(var(xi)), atanh(corr(xi, eta)):
[1.01322839 1.01519123 1.07690537 1.0063437  0.99999887 1.05077326]

Iteration:  12800
Rhat values for alpha, beta, log(sigma^2), mean(xi), log(var(xi)), atanh(corr(xi, eta)):
[1.01251184 1.01449302 1.07557996 1.0063771  0.9999989  1.04987751]

Iteration:  12900
Rhat values for alpha, beta, log(sigma^2), mean(xi), log(var(xi)), atanh(corr(xi, eta)):
[1.01175285 1.01385573 1.07440927 1.00626107 0.99999891 1.04941559]

Iteration:  13000
Rhat values for alpha, beta, log(sigma^2), mean(xi), log(var(xi)), atanh(corr(xi, eta)):
[1.01167964 1.01388273 1.07280367 1.00649884 0.99999892 1.0491401 ]

Iteration:  13100
Rhat values for alpha, beta, log(sigma^2), mean(xi), log(var(xi)), atanh(corr(xi, eta)):
[1.01175097 1.01380063 1.07098415 1.00695228 0.99999893 1.04798341]

Iteration:  13200
Rhat values for alpha, beta, log(sigma^2), mean(xi), log(var(xi)), atanh(corr(xi, eta)):
[1.01187775 1.01382857 1.06888441 1.00710574 0.99999895 1.04669966]

Iteration:  13300
Rhat values for alpha, beta, log(sigma^2), mean(xi), log(var(xi)), atanh(corr(xi, eta)):
[1.01244253 1.01454083 1.06732259 1.00670162 0.99999896 1.04824711]

Iteration:  13400
Rhat values for alpha, beta, log(sigma^2), mean(xi), log(var(xi)), atanh(corr(xi, eta)):
[1.01262801 1.01477342 1.06440999 1.00632457 0.99999898 1.04926025]

Iteration:  13500
Rhat values for alpha, beta, log(sigma^2), mean(xi), log(var(xi)), atanh(corr(xi, eta)):
[1.01257175 1.01475621 1.06148613 1.00636485 0.999999   1.04872053]

Iteration:  13600
Rhat values for alpha, beta, log(sigma^2), mean(xi), log(var(xi)), atanh(corr(xi, eta)):
[1.01235996 1.01440348 1.05810254 1.00605597 0.99999899 1.04736546]

Iteration:  13700
Rhat values for alpha, beta, log(sigma^2), mean(xi), log(var(xi)), atanh(corr(xi, eta)):
[1.01211031 1.01407806 1.05543938 1.00573223 0.99999899 1.04692251]

Iteration:  13800
Rhat values for alpha, beta, log(sigma^2), mean(xi), log(var(xi)), atanh(corr(xi, eta)):
[1.01194919 1.01375385 1.05354811 1.005614   0.999999   1.04577311]

Iteration:  13900
Rhat values for alpha, beta, log(sigma^2), mean(xi), log(var(xi)), atanh(corr(xi, eta)):
[1.01225554 1.01393777 1.05268914 1.00542625 0.99999901 1.04449471]

Iteration:  14000
Rhat values for alpha, beta, log(sigma^2), mean(xi), log(var(xi)), atanh(corr(xi, eta)):
[1.01252041 1.01437677 1.05071892 1.0054603  0.99999906 1.04409176]

Iteration:  14100
Rhat values for alpha, beta, log(sigma^2), mean(xi), log(var(xi)), atanh(corr(xi, eta)):
[1.01275993 1.01469334 1.05012666 1.00561305 0.99999908 1.044238  ]

Iteration:  14200
Rhat values for alpha, beta, log(sigma^2), mean(xi), log(var(xi)), atanh(corr(xi, eta)):
[1.01254773 1.014572   1.04993466 1.00551581 0.99999909 1.04522197]

Iteration:  14300
Rhat values for alpha, beta, log(sigma^2), mean(xi), log(var(xi)), atanh(corr(xi, eta)):
[1.01186653 1.01388334 1.0485112  1.00536296 0.99999909 1.04408811]

Iteration:  14400
Rhat values for alpha, beta, log(sigma^2), mean(xi), log(var(xi)), atanh(corr(xi, eta)):
[1.01269837 1.01476544 1.04635382 1.00525733 0.9999991  1.04323027]

Iteration:  14500
Rhat values for alpha, beta, log(sigma^2), mean(xi), log(var(xi)), atanh(corr(xi, eta)):
[1.01423121 1.01633946 1.04450222 1.0052626  0.9999991  1.0438086 ]

Iteration:  14600
Rhat values for alpha, beta, log(sigma^2), mean(xi), log(var(xi)), atanh(corr(xi, eta)):
[1.0150061  1.01705845 1.04400281 1.00532318 0.99999911 1.0437026 ]

Iteration:  14700
Rhat values for alpha, beta, log(sigma^2), mean(xi), log(var(xi)), atanh(corr(xi, eta)):
[1.01554984 1.0174557  1.04331861 1.00511348 0.99999911 1.04299828]

Iteration:  14800
Rhat values for alpha, beta, log(sigma^2), mean(xi), log(var(xi)), atanh(corr(xi, eta)):
[1.01560478 1.01721563 1.04385301 1.00513142 0.99999911 1.04300324]

Iteration:  14900
Rhat values for alpha, beta, log(sigma^2), mean(xi), log(var(xi)), atanh(corr(xi, eta)):
[1.01564172 1.01730271 1.04534795 1.00506535 0.99999911 1.04359389]

Iteration:  15000
Rhat values for alpha, beta, log(sigma^2), mean(xi), log(var(xi)), atanh(corr(xi, eta)):
[1.01502889 1.0167653  1.04563844 1.00524701 0.99999912 1.04315774]

Iteration:  15100
Rhat values for alpha, beta, log(sigma^2), mean(xi), log(var(xi)), atanh(corr(xi, eta)):
[1.01452153 1.01621707 1.04410372 1.00499409 0.99999912 1.04142691]

Iteration:  15200
Rhat values for alpha, beta, log(sigma^2), mean(xi), log(var(xi)), atanh(corr(xi, eta)):
[1.0149327  1.01653129 1.04224969 1.0047463  0.99999912 1.03988659]

Iteration:  15300
Rhat values for alpha, beta, log(sigma^2), mean(xi), log(var(xi)), atanh(corr(xi, eta)):
[1.01534956 1.0168816  1.04105391 1.00452579 0.99999912 1.03934993]

Iteration:  15400
Rhat values for alpha, beta, log(sigma^2), mean(xi), log(var(xi)), atanh(corr(xi, eta)):
[1.01568117 1.01725161 1.04096094 1.00434612 0.99999913 1.04004872]

Iteration:  15500
Rhat values for alpha, beta, log(sigma^2), mean(xi), log(var(xi)), atanh(corr(xi, eta)):
[1.01576458 1.01740353 1.04112271 1.00425153 0.99999915 1.0408593 ]

Iteration:  15600
Rhat values for alpha, beta, log(sigma^2), mean(xi), log(var(xi)), atanh(corr(xi, eta)):
[1.01576819 1.01743894 1.0412579  1.004217   0.99999915 1.0410207 ]

Iteration:  15700
Rhat values for alpha, beta, log(sigma^2), mean(xi), log(var(xi)), atanh(corr(xi, eta)):
[1.01556235 1.01714793 1.04068225 1.00432691 0.99999917 1.04044252]

Iteration:  15800
Rhat values for alpha, beta, log(sigma^2), mean(xi), log(var(xi)), atanh(corr(xi, eta)):
[1.01594302 1.01757752 1.04066355 1.00407158 0.99999916 1.04038593]

Iteration:  15900
Rhat values for alpha, beta, log(sigma^2), mean(xi), log(var(xi)), atanh(corr(xi, eta)):
[1.01656783 1.01806998 1.04123051 1.00383397 0.99999914 1.040818  ]

Iteration:  16000
Rhat values for alpha, beta, log(sigma^2), mean(xi), log(var(xi)), atanh(corr(xi, eta)):
[1.01649948 1.01793359 1.04142588 1.00368621 0.99999914 1.04043496]

Iteration:  16100
Rhat values for alpha, beta, log(sigma^2), mean(xi), log(var(xi)), atanh(corr(xi, eta)):
[1.01700512 1.01850361 1.04113465 1.003626   0.99999916 1.04059455]

Iteration:  16200
Rhat values for alpha, beta, log(sigma^2), mean(xi), log(var(xi)), atanh(corr(xi, eta)):
[1.01758264 1.01898996 1.04066104 1.00338014 0.99999916 1.0399938 ]

Iteration:  16300
Rhat values for alpha, beta, log(sigma^2), mean(xi), log(var(xi)), atanh(corr(xi, eta)):
[1.01775572 1.01912634 1.0408847  1.00331409 0.99999917 1.04001614]

Iteration:  16400
Rhat values for alpha, beta, log(sigma^2), mean(xi), log(var(xi)), atanh(corr(xi, eta)):
[1.01788813 1.01924135 1.04104512 1.00328623 0.99999918 1.03964327]

Iteration:  16500
Rhat values for alpha, beta, log(sigma^2), mean(xi), log(var(xi)), atanh(corr(xi, eta)):
[1.01713675 1.0185868  1.04128618 1.00314477 0.99999917 1.03908259]

Iteration:  16600
Rhat values for alpha, beta, log(sigma^2), mean(xi), log(var(xi)), atanh(corr(xi, eta)):
[1.01623497 1.01787028 1.04033541 1.00307688 0.99999915 1.03830779]

Iteration:  16700
Rhat values for alpha, beta, log(sigma^2), mean(xi), log(var(xi)), atanh(corr(xi, eta)):
[1.01546228 1.01726045 1.03899539 1.00304196 0.99999916 1.03751398]

Iteration:  16800
Rhat values for alpha, beta, log(sigma^2), mean(xi), log(var(xi)), atanh(corr(xi, eta)):
[1.01457498 1.01620897 1.03827919 1.00272915 0.99999918 1.03720517]

Iteration:  16900
Rhat values for alpha, beta, log(sigma^2), mean(xi), log(var(xi)), atanh(corr(xi, eta)):
[1.0135959  1.01497362 1.03724967 1.00274749 0.99999918 1.03626232]

Iteration:  17000
Rhat values for alpha, beta, log(sigma^2), mean(xi), log(var(xi)), atanh(corr(xi, eta)):
[1.01364512 1.01500923 1.03580191 1.00261684 0.99999918 1.03581679]

Iteration:  17100
Rhat values for alpha, beta, log(sigma^2), mean(xi), log(var(xi)), atanh(corr(xi, eta)):
[1.01347633 1.01486856 1.03463273 1.00267537 0.99999919 1.03549283]

Iteration:  17200
Rhat values for alpha, beta, log(sigma^2), mean(xi), log(var(xi)), atanh(corr(xi, eta)):
[1.01281179 1.01400363 1.03380837 1.00260375 0.99999919 1.03482389]

Iteration:  17300
Rhat values for alpha, beta, log(sigma^2), mean(xi), log(var(xi)), atanh(corr(xi, eta)):
[1.01254272 1.01359233 1.03339885 1.00255402 0.9999992  1.03396136]

Iteration:  17400
Rhat values for alpha, beta, log(sigma^2), mean(xi), log(var(xi)), atanh(corr(xi, eta)):
[1.01230918 1.01341563 1.03283169 1.00251999 0.9999992  1.033604  ]

Iteration:  17500
Rhat values for alpha, beta, log(sigma^2), mean(xi), log(var(xi)), atanh(corr(xi, eta)):
[1.01224072 1.01344843 1.0323119  1.00254901 0.9999992  1.03341368]

Iteration:  17600
Rhat values for alpha, beta, log(sigma^2), mean(xi), log(var(xi)), atanh(corr(xi, eta)):
[1.0115685  1.01280757 1.03217629 1.00254422 0.99999921 1.03334492]

Iteration:  17700
Rhat values for alpha, beta, log(sigma^2), mean(xi), log(var(xi)), atanh(corr(xi, eta)):
[1.01176736 1.01293091 1.03198486 1.00250383 0.99999922 1.03342565]

Iteration:  17800
Rhat values for alpha, beta, log(sigma^2), mean(xi), log(var(xi)), atanh(corr(xi, eta)):
[1.01204112 1.01316348 1.03149131 1.00248132 0.99999923 1.03347019]

Iteration:  17900
Rhat values for alpha, beta, log(sigma^2), mean(xi), log(var(xi)), atanh(corr(xi, eta)):
[1.01209737 1.01333543 1.03109639 1.00245413 0.99999923 1.03374518]

Iteration:  18000
Rhat values for alpha, beta, log(sigma^2), mean(xi), log(var(xi)), atanh(corr(xi, eta)):
[1.01209879 1.01330231 1.03083136 1.00237455 0.99999923 1.03384742]

Iteration:  18100
Rhat values for alpha, beta, log(sigma^2), mean(xi), log(var(xi)), atanh(corr(xi, eta)):
[1.01133298 1.01241549 1.03051313 1.00253631 0.99999923 1.03320252]

Iteration:  18200
Rhat values for alpha, beta, log(sigma^2), mean(xi), log(var(xi)), atanh(corr(xi, eta)):
[1.01148972 1.01261064 1.02978419 1.00252269 0.99999924 1.03308477]

Iteration:  18300
Rhat values for alpha, beta, log(sigma^2), mean(xi), log(var(xi)), atanh(corr(xi, eta)):
[1.0114302  1.01257128 1.02969331 1.00259392 0.99999921 1.03283757]

Iteration:  18400
Rhat values for alpha, beta, log(sigma^2), mean(xi), log(var(xi)), atanh(corr(xi, eta)):
[1.01172245 1.01279911 1.0299089  1.00269464 0.99999921 1.03204008]

Iteration:  18500
Rhat values for alpha, beta, log(sigma^2), mean(xi), log(var(xi)), atanh(corr(xi, eta)):
[1.01189482 1.01271483 1.02976164 1.00276612 0.99999921 1.03107379]

Iteration:  18600
Rhat values for alpha, beta, log(sigma^2), mean(xi), log(var(xi)), atanh(corr(xi, eta)):
[1.01206133 1.01280295 1.0292814  1.00271641 0.99999922 1.03067205]

Iteration:  18700
Rhat values for alpha, beta, log(sigma^2), mean(xi), log(var(xi)), atanh(corr(xi, eta)):
[1.01187833 1.01264517 1.02904965 1.00271239 0.99999923 1.0298563 ]

Iteration:  18800
Rhat values for alpha, beta, log(sigma^2), mean(xi), log(var(xi)), atanh(corr(xi, eta)):
[1.01211109 1.01288424 1.02935476 1.00292843 0.99999924 1.03004304]

Iteration:  18900
Rhat values for alpha, beta, log(sigma^2), mean(xi), log(var(xi)), atanh(corr(xi, eta)):
[1.01196854 1.01275613 1.02958195 1.00300539 0.99999925 1.03012072]

Iteration:  19000
Rhat values for alpha, beta, log(sigma^2), mean(xi), log(var(xi)), atanh(corr(xi, eta)):
[1.01191084 1.01266279 1.02923655 1.0030532  0.99999925 1.03003272]

Iteration:  19100
Rhat values for alpha, beta, log(sigma^2), mean(xi), log(var(xi)), atanh(corr(xi, eta)):
[1.01201299 1.01280383 1.02981426 1.00308268 0.99999926 1.0302856 ]

Iteration:  19200
Rhat values for alpha, beta, log(sigma^2), mean(xi), log(var(xi)), atanh(corr(xi, eta)):
[1.01231038 1.01305935 1.03023934 1.00311341 0.99999926 1.03070624]

Iteration:  19300
Rhat values for alpha, beta, log(sigma^2), mean(xi), log(var(xi)), atanh(corr(xi, eta)):
[1.01186187 1.01280322 1.03010551 1.00300152 0.99999926 1.03080397]

Iteration:  19400
Rhat values for alpha, beta, log(sigma^2), mean(xi), log(var(xi)), atanh(corr(xi, eta)):
[1.01205923 1.01299452 1.0299907  1.00304554 0.99999926 1.03110211]

Iteration:  19500
Rhat values for alpha, beta, log(sigma^2), mean(xi), log(var(xi)), atanh(corr(xi, eta)):
[1.01194598 1.01286412 1.02983071 1.00320714 0.99999926 1.0308947 ]

Iteration:  19600
Rhat values for alpha, beta, log(sigma^2), mean(xi), log(var(xi)), atanh(corr(xi, eta)):
[1.01212493 1.01295044 1.02903222 1.0029997  0.99999927 1.03075988]

Iteration:  19700
Rhat values for alpha, beta, log(sigma^2), mean(xi), log(var(xi)), atanh(corr(xi, eta)):
[1.01237125 1.01308099 1.02837379 1.00296819 0.99999927 1.03057515]

Iteration:  19800
Rhat values for alpha, beta, log(sigma^2), mean(xi), log(var(xi)), atanh(corr(xi, eta)):
[1.01178359 1.01239937 1.02819066 1.0029243  0.99999928 1.03002996]

Iteration:  19900
Rhat values for alpha, beta, log(sigma^2), mean(xi), log(var(xi)), atanh(corr(xi, eta)):
[1.01114876 1.01173866 1.02815851 1.0029185  0.99999928 1.02957874]

Iteration:  20000
Rhat values for alpha, beta, log(sigma^2), mean(xi), log(var(xi)), atanh(corr(xi, eta)):
[1.01132533 1.01189173 1.02833368 1.0027958  0.99999928 1.02985452]
{"name": "R19_first_hr_corrected_covdiag_0.42", "n": 196, "seed": 20261025, "mean": -0.007231693333420705, "sd": 0.010883524620419468, "q025_975": [-0.028643324936713333, 0.01354819906451807], "p_negative": 0.744325, "scatter_mean": 0.03342808497942987, "retained_draws": 40000, "split_rhat": {"alpha": 1.017645805019738, "beta": 1.0139481481092816, "sigsqr": 1.013954829156685}}
START R19_first_hr_no_bias_covdiag_0.2

Iteration:  100
Rhat values for alpha, beta, log(sigma^2), mean(xi), log(var(xi)), atanh(corr(xi, eta)):
[1.06603898 1.0601789  1.02868767 1.06601857 1.08955756 1.1645195 ]

Iteration:  200
Rhat values for alpha, beta, log(sigma^2), mean(xi), log(var(xi)), atanh(corr(xi, eta)):
[1.02677226 1.02190173 1.19278109 1.02049529 1.03103614 1.25999262]

Iteration:  300
Rhat values for alpha, beta, log(sigma^2), mean(xi), log(var(xi)), atanh(corr(xi, eta)):
[1.02707292 1.02590626 1.42108409 1.00907339 1.04258257 1.50816057]

Iteration:  400
Rhat values for alpha, beta, log(sigma^2), mean(xi), log(var(xi)), atanh(corr(xi, eta)):
[1.025856   1.02540897 1.5156766  1.00099791 1.00256985 1.61457658]

Iteration:  500
Rhat values for alpha, beta, log(sigma^2), mean(xi), log(var(xi)), atanh(corr(xi, eta)):
[1.02205699 1.02568566 1.52259093 1.00503894 1.00755787 1.58374094]

Iteration:  600
Rhat values for alpha, beta, log(sigma^2), mean(xi), log(var(xi)), atanh(corr(xi, eta)):
[1.01821134 1.01662629 1.37018758 1.00357235 1.00734075 1.37414792]

Iteration:  700
Rhat values for alpha, beta, log(sigma^2), mean(xi), log(var(xi)), atanh(corr(xi, eta)):
[1.01627024 1.01764511 1.24031655 1.00165382 1.00188367 1.26890263]

Iteration:  800
Rhat values for alpha, beta, log(sigma^2), mean(xi), log(var(xi)), atanh(corr(xi, eta)):
[1.01571746 1.0136672  1.12823555 0.99893913 0.99973171 1.14852447]

Iteration:  900
Rhat values for alpha, beta, log(sigma^2), mean(xi), log(var(xi)), atanh(corr(xi, eta)):
[1.01158609 1.00950921 1.08222387 0.99940443 0.99978592 1.10131719]

Iteration:  1000
Rhat values for alpha, beta, log(sigma^2), mean(xi), log(var(xi)), atanh(corr(xi, eta)):
[1.00558789 1.00472946 1.0746499  1.00119075 0.99917652 1.08146816]

Iteration:  1100
Rhat values for alpha, beta, log(sigma^2), mean(xi), log(var(xi)), atanh(corr(xi, eta)):
[1.0073334  1.00799382 1.07650952 1.00573896 1.00046879 1.08606971]

Iteration:  1200
Rhat values for alpha, beta, log(sigma^2), mean(xi), log(var(xi)), atanh(corr(xi, eta)):
[1.01393706 1.01841117 1.07611194 1.00570703 1.00356852 1.0933831 ]

Iteration:  1300
Rhat values for alpha, beta, log(sigma^2), mean(xi), log(var(xi)), atanh(corr(xi, eta)):
[1.01387104 1.02468663 1.08239132 1.00964282 1.00617927 1.09696826]

Iteration:  1400
Rhat values for alpha, beta, log(sigma^2), mean(xi), log(var(xi)), atanh(corr(xi, eta)):
[1.01460926 1.02874883 1.09738548 1.01509003 1.00117234 1.11280397]

Iteration:  1500
Rhat values for alpha, beta, log(sigma^2), mean(xi), log(var(xi)), atanh(corr(xi, eta)):
[1.01407113 1.03077786 1.11674397 1.02049717 1.00180033 1.13091979]

Iteration:  1600
Rhat values for alpha, beta, log(sigma^2), mean(xi), log(var(xi)), atanh(corr(xi, eta)):
[1.01679227 1.03241746 1.12691379 1.01904612 1.00276276 1.14331985]

Iteration:  1700
Rhat values for alpha, beta, log(sigma^2), mean(xi), log(var(xi)), atanh(corr(xi, eta)):
[1.01224416 1.02025679 1.12279157 1.0164144  1.0028445  1.13800068]

Iteration:  1800
Rhat values for alpha, beta, log(sigma^2), mean(xi), log(var(xi)), atanh(corr(xi, eta)):
[1.01250282 1.01857291 1.11212532 1.01657253 1.00190343 1.13212182]

Iteration:  1900
Rhat values for alpha, beta, log(sigma^2), mean(xi), log(var(xi)), atanh(corr(xi, eta)):
[1.01008756 1.01657783 1.1011854  1.01574653 1.00175775 1.11538027]

Iteration:  2000
Rhat values for alpha, beta, log(sigma^2), mean(xi), log(var(xi)), atanh(corr(xi, eta)):
[1.0088299  1.01538085 1.08087803 1.01454792 1.00179621 1.09532061]

Iteration:  2100
Rhat values for alpha, beta, log(sigma^2), mean(xi), log(var(xi)), atanh(corr(xi, eta)):
[1.01067862 1.01826491 1.06509892 1.01462777 1.00170052 1.08199503]

Iteration:  2200
Rhat values for alpha, beta, log(sigma^2), mean(xi), log(var(xi)), atanh(corr(xi, eta)):
[1.01630152 1.02555622 1.0625085  1.01543764 1.00178981 1.07796996]

Iteration:  2300
Rhat values for alpha, beta, log(sigma^2), mean(xi), log(var(xi)), atanh(corr(xi, eta)):
[1.01114941 1.01837178 1.05869537 1.01291952 1.00119795 1.06689402]

Iteration:  2400
Rhat values for alpha, beta, log(sigma^2), mean(xi), log(var(xi)), atanh(corr(xi, eta)):
[1.00954389 1.01508369 1.05267761 1.01341636 1.00149059 1.05743029]

Iteration:  2500
Rhat values for alpha, beta, log(sigma^2), mean(xi), log(var(xi)), atanh(corr(xi, eta)):
[1.00848277 1.01270791 1.05019684 1.01063356 0.99999683 1.0536234 ]

Iteration:  2600
Rhat values for alpha, beta, log(sigma^2), mean(xi), log(var(xi)), atanh(corr(xi, eta)):
[1.00895652 1.01228921 1.05268771 1.00756201 0.99999748 1.0554684 ]

Iteration:  2700
Rhat values for alpha, beta, log(sigma^2), mean(xi), log(var(xi)), atanh(corr(xi, eta)):
[1.00637863 1.00865289 1.05513152 1.00518021 0.99997049 1.05832028]

Iteration:  2800
Rhat values for alpha, beta, log(sigma^2), mean(xi), log(var(xi)), atanh(corr(xi, eta)):
[1.00694126 1.00919438 1.0544315  1.0065635  0.99997141 1.05913664]

Iteration:  2900
Rhat values for alpha, beta, log(sigma^2), mean(xi), log(var(xi)), atanh(corr(xi, eta)):
[1.00504565 1.00696107 1.0553032  1.0056746  0.99997228 1.05930773]

Iteration:  3000
Rhat values for alpha, beta, log(sigma^2), mean(xi), log(var(xi)), atanh(corr(xi, eta)):
[1.00360075 1.00535885 1.05651986 1.0055266  0.99997368 1.05843826]

Iteration:  3100
Rhat values for alpha, beta, log(sigma^2), mean(xi), log(var(xi)), atanh(corr(xi, eta)):
[1.00352132 1.00537652 1.05595794 1.00570668 0.99997447 1.05602597]

Iteration:  3200
Rhat values for alpha, beta, log(sigma^2), mean(xi), log(var(xi)), atanh(corr(xi, eta)):
[1.00233384 1.00370007 1.0522832  1.0042516  0.99997463 1.05395273]

Iteration:  3300
Rhat values for alpha, beta, log(sigma^2), mean(xi), log(var(xi)), atanh(corr(xi, eta)):
[1.00165428 1.0024476  1.04846734 1.00361417 0.99997502 1.05165867]

Iteration:  3400
Rhat values for alpha, beta, log(sigma^2), mean(xi), log(var(xi)), atanh(corr(xi, eta)):
[1.00120499 1.00187452 1.04151807 1.00278359 0.99997549 1.04292768]

Iteration:  3500
Rhat values for alpha, beta, log(sigma^2), mean(xi), log(var(xi)), atanh(corr(xi, eta)):
[1.00156684 1.00184104 1.03438467 1.00180832 0.99997616 1.03689954]

Iteration:  3600
Rhat values for alpha, beta, log(sigma^2), mean(xi), log(var(xi)), atanh(corr(xi, eta)):
[1.00222821 1.00188498 1.02991576 1.0014554  0.99997674 1.03047762]

Iteration:  3700
Rhat values for alpha, beta, log(sigma^2), mean(xi), log(var(xi)), atanh(corr(xi, eta)):
[1.00410309 1.00322827 1.02741616 1.00132711 0.99997845 1.02650696]

Iteration:  3800
Rhat values for alpha, beta, log(sigma^2), mean(xi), log(var(xi)), atanh(corr(xi, eta)):
[1.00399043 1.00354797 1.02609044 1.00148333 0.99997896 1.02437153]

Iteration:  3900
Rhat values for alpha, beta, log(sigma^2), mean(xi), log(var(xi)), atanh(corr(xi, eta)):
[1.0035046  1.00282942 1.0263075  1.00137706 0.99997983 1.02500142]

Iteration:  4000
Rhat values for alpha, beta, log(sigma^2), mean(xi), log(var(xi)), atanh(corr(xi, eta)):
[1.0033159  1.00228499 1.02456417 1.00131014 0.99997768 1.02309384]

Iteration:  4100
Rhat values for alpha, beta, log(sigma^2), mean(xi), log(var(xi)), atanh(corr(xi, eta)):
[1.00351581 1.00213032 1.02414192 1.0012145  0.9999783  1.02279288]

Iteration:  4200
Rhat values for alpha, beta, log(sigma^2), mean(xi), log(var(xi)), atanh(corr(xi, eta)):
[1.00409152 1.00287326 1.02442099 1.00186399 0.99997878 1.0224128 ]

Iteration:  4300
Rhat values for alpha, beta, log(sigma^2), mean(xi), log(var(xi)), atanh(corr(xi, eta)):
[1.00463878 1.00340921 1.02320767 1.00187997 0.99998026 1.02023716]

Iteration:  4400
Rhat values for alpha, beta, log(sigma^2), mean(xi), log(var(xi)), atanh(corr(xi, eta)):
[1.00383228 1.00257595 1.01819336 1.00231716 0.99998118 1.0162824 ]

Iteration:  4500
Rhat values for alpha, beta, log(sigma^2), mean(xi), log(var(xi)), atanh(corr(xi, eta)):
[1.00383731 1.00224332 1.01689203 1.00349683 0.99998177 1.01569243]

Iteration:  4600
Rhat values for alpha, beta, log(sigma^2), mean(xi), log(var(xi)), atanh(corr(xi, eta)):
[1.0044585  1.00232897 1.01651717 1.00447816 0.9999824  1.01556989]

Iteration:  4700
Rhat values for alpha, beta, log(sigma^2), mean(xi), log(var(xi)), atanh(corr(xi, eta)):
[1.00555865 1.00314573 1.01713787 1.00495211 0.9999823  1.01603807]

Iteration:  4800
Rhat values for alpha, beta, log(sigma^2), mean(xi), log(var(xi)), atanh(corr(xi, eta)):
[1.00653939 1.00354533 1.01419035 1.00491086 0.99998289 1.01381921]

Iteration:  4900
Rhat values for alpha, beta, log(sigma^2), mean(xi), log(var(xi)), atanh(corr(xi, eta)):
[1.00659547 1.00370072 1.01157519 1.00519474 1.00016162 1.01074073]

Iteration:  5000
Rhat values for alpha, beta, log(sigma^2), mean(xi), log(var(xi)), atanh(corr(xi, eta)):
[1.00705024 1.00428069 1.00903458 1.00566712 1.0001591  1.00850155]

Iteration:  5100
Rhat values for alpha, beta, log(sigma^2), mean(xi), log(var(xi)), atanh(corr(xi, eta)):
[1.00663598 1.00418657 1.00740995 1.0053669  1.00015646 1.00701915]

Iteration:  5200
Rhat values for alpha, beta, log(sigma^2), mean(xi), log(var(xi)), atanh(corr(xi, eta)):
[1.00680088 1.0047371  1.00776387 1.00466101 1.00015337 1.00756845]

Iteration:  5300
Rhat values for alpha, beta, log(sigma^2), mean(xi), log(var(xi)), atanh(corr(xi, eta)):
[1.0059201  1.0044586  1.00709341 1.00362305 1.00015085 1.00685618]

Iteration:  5400
Rhat values for alpha, beta, log(sigma^2), mean(xi), log(var(xi)), atanh(corr(xi, eta)):
[1.00597796 1.00466216 1.00731991 1.00365097 1.00014788 1.00701819]

Iteration:  5500
Rhat values for alpha, beta, log(sigma^2), mean(xi), log(var(xi)), atanh(corr(xi, eta)):
[1.00659928 1.00524289 1.00795756 1.00325127 1.00014517 1.00757129]

Iteration:  5600
Rhat values for alpha, beta, log(sigma^2), mean(xi), log(var(xi)), atanh(corr(xi, eta)):
[1.00725238 1.0061288  1.00786724 1.00315453 1.00014247 1.00770613]

Iteration:  5700
Rhat values for alpha, beta, log(sigma^2), mean(xi), log(var(xi)), atanh(corr(xi, eta)):
[1.00717343 1.00549785 1.00830624 1.00272025 1.00013999 1.00839899]

Iteration:  5800
Rhat values for alpha, beta, log(sigma^2), mean(xi), log(var(xi)), atanh(corr(xi, eta)):
[1.00630825 1.00451713 1.00829038 1.00263949 1.00013778 1.00806758]

Iteration:  5900
Rhat values for alpha, beta, log(sigma^2), mean(xi), log(var(xi)), atanh(corr(xi, eta)):
[1.00679378 1.00477767 1.00770962 1.0025578  1.00013533 1.00791064]

Iteration:  6000
Rhat values for alpha, beta, log(sigma^2), mean(xi), log(var(xi)), atanh(corr(xi, eta)):
[1.00618178 1.00435513 1.00774135 1.00297871 0.99996797 1.00777988]

Iteration:  6100
Rhat values for alpha, beta, log(sigma^2), mean(xi), log(var(xi)), atanh(corr(xi, eta)):
[1.00535202 1.00383222 1.00894379 1.00354728 0.99996844 1.00838201]

Iteration:  6200
Rhat values for alpha, beta, log(sigma^2), mean(xi), log(var(xi)), atanh(corr(xi, eta)):
[1.00642769 1.00493444 1.01119624 1.00361109 0.99996894 1.01052282]

Iteration:  6300
Rhat values for alpha, beta, log(sigma^2), mean(xi), log(var(xi)), atanh(corr(xi, eta)):
[1.00572948 1.0045939  1.01373786 1.00371131 0.99996945 1.01212112]

Iteration:  6400
Rhat values for alpha, beta, log(sigma^2), mean(xi), log(var(xi)), atanh(corr(xi, eta)):
[1.00556232 1.00472014 1.01542408 1.00409556 0.99996994 1.01315511]

Iteration:  6500
Rhat values for alpha, beta, log(sigma^2), mean(xi), log(var(xi)), atanh(corr(xi, eta)):
[1.00596839 1.00507658 1.01629072 1.00444034 0.9999704  1.01360534]

Iteration:  6600
Rhat values for alpha, beta, log(sigma^2), mean(xi), log(var(xi)), atanh(corr(xi, eta)):
[1.00577549 1.00471862 1.01745867 1.0040689  0.99997083 1.01433809]

Iteration:  6700
Rhat values for alpha, beta, log(sigma^2), mean(xi), log(var(xi)), atanh(corr(xi, eta)):
[1.0073529  1.00602094 1.01880818 1.00379206 0.9999713  1.01499559]

Iteration:  6800
Rhat values for alpha, beta, log(sigma^2), mean(xi), log(var(xi)), atanh(corr(xi, eta)):
[1.00742086 1.00632896 1.01981667 1.00346387 0.99997175 1.0150625 ]

Iteration:  6900
Rhat values for alpha, beta, log(sigma^2), mean(xi), log(var(xi)), atanh(corr(xi, eta)):
[1.00713853 1.00597948 1.02051727 1.00340588 0.99997217 1.01579859]

Iteration:  7000
Rhat values for alpha, beta, log(sigma^2), mean(xi), log(var(xi)), atanh(corr(xi, eta)):
[1.00694474 1.00568424 1.0186717  1.00340762 0.99997257 1.01494887]

Iteration:  7100
Rhat values for alpha, beta, log(sigma^2), mean(xi), log(var(xi)), atanh(corr(xi, eta)):
[1.00684126 1.00558924 1.01754646 1.00344804 0.999973   1.01405317]

Iteration:  7200
Rhat values for alpha, beta, log(sigma^2), mean(xi), log(var(xi)), atanh(corr(xi, eta)):
[1.00672424 1.00553843 1.01599706 1.00352458 0.99997336 1.01255443]

Iteration:  7300
Rhat values for alpha, beta, log(sigma^2), mean(xi), log(var(xi)), atanh(corr(xi, eta)):
[1.00716782 1.00599179 1.01415378 1.00345788 0.99997372 1.01053537]

Iteration:  7400
Rhat values for alpha, beta, log(sigma^2), mean(xi), log(var(xi)), atanh(corr(xi, eta)):
[1.00689479 1.005795   1.01248339 1.003445   0.99997404 1.00872882]

Iteration:  7500
Rhat values for alpha, beta, log(sigma^2), mean(xi), log(var(xi)), atanh(corr(xi, eta)):
[1.00699865 1.00599479 1.01151922 1.00374006 0.99997439 1.00776726]

Iteration:  7600
Rhat values for alpha, beta, log(sigma^2), mean(xi), log(var(xi)), atanh(corr(xi, eta)):
[1.00717667 1.0063154  1.0106256  1.00399334 0.99997475 1.00698072]

Iteration:  7700
Rhat values for alpha, beta, log(sigma^2), mean(xi), log(var(xi)), atanh(corr(xi, eta)):
[1.00624355 1.00540125 1.01018777 1.00394822 0.99997506 1.00675682]

Iteration:  7800
Rhat values for alpha, beta, log(sigma^2), mean(xi), log(var(xi)), atanh(corr(xi, eta)):
[1.00616417 1.00528195 1.01108845 1.00463966 0.9999754  1.00740804]

Iteration:  7900
Rhat values for alpha, beta, log(sigma^2), mean(xi), log(var(xi)), atanh(corr(xi, eta)):
[1.00629158 1.00524211 1.01217592 1.00478236 0.99997572 1.00815402]

Iteration:  8000
Rhat values for alpha, beta, log(sigma^2), mean(xi), log(var(xi)), atanh(corr(xi, eta)):
[1.00662783 1.00537631 1.01297309 1.0051375  0.99997603 1.00853926]

Iteration:  8100
Rhat values for alpha, beta, log(sigma^2), mean(xi), log(var(xi)), atanh(corr(xi, eta)):
[1.00701172 1.00553764 1.01271464 1.0053723  0.99997635 1.00827024]

Iteration:  8200
Rhat values for alpha, beta, log(sigma^2), mean(xi), log(var(xi)), atanh(corr(xi, eta)):
[1.00698714 1.00541964 1.01186193 1.00549899 0.99997665 1.00788923]

Iteration:  8300
Rhat values for alpha, beta, log(sigma^2), mean(xi), log(var(xi)), atanh(corr(xi, eta)):
[1.00652517 1.00490324 1.01141507 1.00523228 0.99997693 1.00756888]

Iteration:  8400
Rhat values for alpha, beta, log(sigma^2), mean(xi), log(var(xi)), atanh(corr(xi, eta)):
[1.00525682 1.00375195 1.01117241 1.00536823 0.99997721 1.00786533]

Iteration:  8500
Rhat values for alpha, beta, log(sigma^2), mean(xi), log(var(xi)), atanh(corr(xi, eta)):
[1.00475933 1.00323592 1.01067085 1.0052121  0.99997748 1.00775339]

Iteration:  8600
Rhat values for alpha, beta, log(sigma^2), mean(xi), log(var(xi)), atanh(corr(xi, eta)):
[1.00469448 1.00327794 1.01048583 1.00534879 0.99997786 1.00755812]

Iteration:  8700
Rhat values for alpha, beta, log(sigma^2), mean(xi), log(var(xi)), atanh(corr(xi, eta)):
[1.00431393 1.00295522 1.00963325 1.00554565 0.99997847 1.00708713]

Iteration:  8800
Rhat values for alpha, beta, log(sigma^2), mean(xi), log(var(xi)), atanh(corr(xi, eta)):
[1.00444647 1.00312563 1.0094212  1.00566775 0.99997868 1.00689032]

Iteration:  8900
Rhat values for alpha, beta, log(sigma^2), mean(xi), log(var(xi)), atanh(corr(xi, eta)):
[1.00439622 1.00302173 1.00919837 1.00566157 0.99997879 1.00690036]

Iteration:  9000
Rhat values for alpha, beta, log(sigma^2), mean(xi), log(var(xi)), atanh(corr(xi, eta)):
[1.00388461 1.00259956 1.00842612 1.00537902 0.99997903 1.0066273 ]

Iteration:  9100
Rhat values for alpha, beta, log(sigma^2), mean(xi), log(var(xi)), atanh(corr(xi, eta)):
[1.00428206 1.00300358 1.00808326 1.00428931 0.99997927 1.00630989]

Iteration:  9200
Rhat values for alpha, beta, log(sigma^2), mean(xi), log(var(xi)), atanh(corr(xi, eta)):
[1.00469308 1.00325271 1.00814714 1.00349089 0.99997947 1.00636066]

Iteration:  9300
Rhat values for alpha, beta, log(sigma^2), mean(xi), log(var(xi)), atanh(corr(xi, eta)):
[1.00445954 1.0030956  1.00753694 1.00309703 0.99997967 1.00597992]

Iteration:  9400
Rhat values for alpha, beta, log(sigma^2), mean(xi), log(var(xi)), atanh(corr(xi, eta)):
[1.00402262 1.00277636 1.00696063 1.00306605 0.99997987 1.00541775]

Iteration:  9500
Rhat values for alpha, beta, log(sigma^2), mean(xi), log(var(xi)), atanh(corr(xi, eta)):
[1.00396266 1.00275604 1.00694382 1.00318015 0.99998003 1.00534304]

Iteration:  9600
Rhat values for alpha, beta, log(sigma^2), mean(xi), log(var(xi)), atanh(corr(xi, eta)):
[1.00355384 1.00249696 1.00761999 1.00376733 0.99998021 1.0058093 ]

Iteration:  9700
Rhat values for alpha, beta, log(sigma^2), mean(xi), log(var(xi)), atanh(corr(xi, eta)):
[1.00346164 1.00252676 1.00839611 1.00386387 0.99998043 1.00626558]

Iteration:  9800
Rhat values for alpha, beta, log(sigma^2), mean(xi), log(var(xi)), atanh(corr(xi, eta)):
[1.00384712 1.00285413 1.00838699 1.00380367 0.99998073 1.00630942]

Iteration:  9900
Rhat values for alpha, beta, log(sigma^2), mean(xi), log(var(xi)), atanh(corr(xi, eta)):
[1.0043385  1.00340357 1.00831765 1.00364971 0.99998094 1.00638676]

Iteration:  10000
Rhat values for alpha, beta, log(sigma^2), mean(xi), log(var(xi)), atanh(corr(xi, eta)):
[1.00414343 1.00322991 1.00854224 1.00347215 0.99998086 1.00659975]

Iteration:  10100
Rhat values for alpha, beta, log(sigma^2), mean(xi), log(var(xi)), atanh(corr(xi, eta)):
[1.00380257 1.00310661 1.00941683 1.00342588 0.99998102 1.00736109]

Iteration:  10200
Rhat values for alpha, beta, log(sigma^2), mean(xi), log(var(xi)), atanh(corr(xi, eta)):
[1.00395022 1.00321697 1.00967539 1.00313543 0.9999812  1.00731945]

Iteration:  10300
Rhat values for alpha, beta, log(sigma^2), mean(xi), log(var(xi)), atanh(corr(xi, eta)):
[1.00377027 1.00305431 1.00973822 1.00308345 0.99998138 1.00722206]

Iteration:  10400
Rhat values for alpha, beta, log(sigma^2), mean(xi), log(var(xi)), atanh(corr(xi, eta)):
[1.00389612 1.00320397 1.00916009 1.00315949 0.99998158 1.00680032]

Iteration:  10500
Rhat values for alpha, beta, log(sigma^2), mean(xi), log(var(xi)), atanh(corr(xi, eta)):
[1.00348843 1.00287668 1.00960577 1.00307297 0.99998104 1.00738812]

Iteration:  10600
Rhat values for alpha, beta, log(sigma^2), mean(xi), log(var(xi)), atanh(corr(xi, eta)):
[1.00322742 1.00265606 1.01007481 1.0030835  0.99998123 1.00792602]

Iteration:  10700
Rhat values for alpha, beta, log(sigma^2), mean(xi), log(var(xi)), atanh(corr(xi, eta)):
[1.00288029 1.00249996 1.01014092 1.00333605 0.99998143 1.00833346]

Iteration:  10800
Rhat values for alpha, beta, log(sigma^2), mean(xi), log(var(xi)), atanh(corr(xi, eta)):
[1.00312342 1.00274032 1.00991178 1.00324002 0.9999816  1.00812872]

Iteration:  10900
Rhat values for alpha, beta, log(sigma^2), mean(xi), log(var(xi)), atanh(corr(xi, eta)):
[1.00353859 1.00315146 1.00969405 1.00311335 0.99998178 1.0078973 ]

Iteration:  11000
Rhat values for alpha, beta, log(sigma^2), mean(xi), log(var(xi)), atanh(corr(xi, eta)):
[1.00371605 1.00331449 1.00935754 1.00321098 0.99998198 1.00756028]

Iteration:  11100
Rhat values for alpha, beta, log(sigma^2), mean(xi), log(var(xi)), atanh(corr(xi, eta)):
[1.00389276 1.00353611 1.00920084 1.00275055 0.99998215 1.00748932]

Iteration:  11200
Rhat values for alpha, beta, log(sigma^2), mean(xi), log(var(xi)), atanh(corr(xi, eta)):
[1.00391578 1.00352658 1.00932204 1.00255348 0.99998231 1.00755371]

Iteration:  11300
Rhat values for alpha, beta, log(sigma^2), mean(xi), log(var(xi)), atanh(corr(xi, eta)):
[1.0045569  1.0041452  1.00931987 1.00246841 0.99998247 1.00776823]

Iteration:  11400
Rhat values for alpha, beta, log(sigma^2), mean(xi), log(var(xi)), atanh(corr(xi, eta)):
[1.00414972 1.00392404 1.00980477 1.002555   0.99998267 1.00788331]

Iteration:  11500
Rhat values for alpha, beta, log(sigma^2), mean(xi), log(var(xi)), atanh(corr(xi, eta)):
[1.0031971  1.00305475 1.01031467 1.00248614 0.9999828  1.00791376]

Iteration:  11600
Rhat values for alpha, beta, log(sigma^2), mean(xi), log(var(xi)), atanh(corr(xi, eta)):
[1.00329864 1.00310411 1.01083869 1.00225873 0.99998285 1.00812528]

Iteration:  11700
Rhat values for alpha, beta, log(sigma^2), mean(xi), log(var(xi)), atanh(corr(xi, eta)):
[1.00318814 1.0031083  1.01124955 1.00207988 0.99998301 1.00831729]

Iteration:  11800
Rhat values for alpha, beta, log(sigma^2), mean(xi), log(var(xi)), atanh(corr(xi, eta)):
[1.00292797 1.00289291 1.01122396 1.0020165  0.99998318 1.00835612]

Iteration:  11900
Rhat values for alpha, beta, log(sigma^2), mean(xi), log(var(xi)), atanh(corr(xi, eta)):
[1.00300345 1.00302535 1.01081718 1.00205078 0.99998332 1.00821211]

Iteration:  12000
Rhat values for alpha, beta, log(sigma^2), mean(xi), log(var(xi)), atanh(corr(xi, eta)):
[1.00285196 1.00283525 1.01061327 1.00199976 0.99998365 1.00815526]

Iteration:  12100
Rhat values for alpha, beta, log(sigma^2), mean(xi), log(var(xi)), atanh(corr(xi, eta)):
[1.00279245 1.0028406  1.01049607 1.00189714 0.99998379 1.00845022]

Iteration:  12200
Rhat values for alpha, beta, log(sigma^2), mean(xi), log(var(xi)), atanh(corr(xi, eta)):
[1.00278601 1.00277835 1.0100742  1.00202024 0.9999839  1.00823579]

Iteration:  12300
Rhat values for alpha, beta, log(sigma^2), mean(xi), log(var(xi)), atanh(corr(xi, eta)):
[1.00299899 1.00290973 1.01026806 1.00204793 0.99998376 1.00842701]

Iteration:  12400
Rhat values for alpha, beta, log(sigma^2), mean(xi), log(var(xi)), atanh(corr(xi, eta)):
[1.00344726 1.00332059 1.01008269 1.00203047 0.99998389 1.0085365 ]

Iteration:  12500
Rhat values for alpha, beta, log(sigma^2), mean(xi), log(var(xi)), atanh(corr(xi, eta)):
[1.00379965 1.00356207 1.01036274 1.00201058 0.99998402 1.00882331]

Iteration:  12600
Rhat values for alpha, beta, log(sigma^2), mean(xi), log(var(xi)), atanh(corr(xi, eta)):
[1.00396248 1.00365824 1.01056609 1.00191895 0.99998415 1.00902053]

Iteration:  12700
Rhat values for alpha, beta, log(sigma^2), mean(xi), log(var(xi)), atanh(corr(xi, eta)):
[1.00382288 1.00355153 1.01065203 1.00189119 0.99998427 1.00916509]

Iteration:  12800
Rhat values for alpha, beta, log(sigma^2), mean(xi), log(var(xi)), atanh(corr(xi, eta)):
[1.00376755 1.00351211 1.01068933 1.00193469 0.99998438 1.00923458]

Iteration:  12900
Rhat values for alpha, beta, log(sigma^2), mean(xi), log(var(xi)), atanh(corr(xi, eta)):
[1.00381383 1.00366157 1.01081779 1.00188751 0.99998451 1.0093981 ]

Iteration:  13000
Rhat values for alpha, beta, log(sigma^2), mean(xi), log(var(xi)), atanh(corr(xi, eta)):
[1.00392294 1.00386795 1.01088677 1.00189778 0.99998465 1.00957087]

Iteration:  13100
Rhat values for alpha, beta, log(sigma^2), mean(xi), log(var(xi)), atanh(corr(xi, eta)):
[1.00377093 1.0037154  1.0107021  1.00192275 0.99998477 1.00951012]

Iteration:  13200
Rhat values for alpha, beta, log(sigma^2), mean(xi), log(var(xi)), atanh(corr(xi, eta)):
[1.00411866 1.00409613 1.01069551 1.00171904 0.9999849  1.00957706]

Iteration:  13300
Rhat values for alpha, beta, log(sigma^2), mean(xi), log(var(xi)), atanh(corr(xi, eta)):
[1.00381298 1.0038226  1.01057758 1.00168094 0.99998499 1.00942316]

Iteration:  13400
Rhat values for alpha, beta, log(sigma^2), mean(xi), log(var(xi)), atanh(corr(xi, eta)):
[1.0034611  1.00339365 1.01059476 1.00153089 0.9999851  1.00926394]

Iteration:  13500
Rhat values for alpha, beta, log(sigma^2), mean(xi), log(var(xi)), atanh(corr(xi, eta)):
[1.00363288 1.00338917 1.01025588 1.00160698 0.99998503 1.00882017]

Iteration:  13600
Rhat values for alpha, beta, log(sigma^2), mean(xi), log(var(xi)), atanh(corr(xi, eta)):
[1.00339963 1.00324805 1.01011848 1.00160452 0.99998514 1.00878301]

Iteration:  13700
Rhat values for alpha, beta, log(sigma^2), mean(xi), log(var(xi)), atanh(corr(xi, eta)):
[1.00346334 1.00334315 1.01034362 1.0017058  0.99998525 1.0090215 ]

Iteration:  13800
Rhat values for alpha, beta, log(sigma^2), mean(xi), log(var(xi)), atanh(corr(xi, eta)):
[1.00368116 1.00363383 1.01059028 1.0016014  0.99998536 1.00936128]

Iteration:  13900
Rhat values for alpha, beta, log(sigma^2), mean(xi), log(var(xi)), atanh(corr(xi, eta)):
[1.00379609 1.00385521 1.01065838 1.00163561 0.99998546 1.00958051]

Iteration:  14000
Rhat values for alpha, beta, log(sigma^2), mean(xi), log(var(xi)), atanh(corr(xi, eta)):
[1.00360667 1.00373815 1.01070716 1.00163628 0.99998558 1.00978588]

Iteration:  14100
Rhat values for alpha, beta, log(sigma^2), mean(xi), log(var(xi)), atanh(corr(xi, eta)):
[1.00346501 1.00365289 1.01093063 1.00153347 0.99998568 1.010079  ]

Iteration:  14200
Rhat values for alpha, beta, log(sigma^2), mean(xi), log(var(xi)), atanh(corr(xi, eta)):
[1.00346407 1.00369921 1.01050073 1.00159073 0.99998577 1.00980288]

Iteration:  14300
Rhat values for alpha, beta, log(sigma^2), mean(xi), log(var(xi)), atanh(corr(xi, eta)):
[1.00326043 1.00338952 1.0099246  1.00161898 0.99998586 1.00926635]

Iteration:  14400
Rhat values for alpha, beta, log(sigma^2), mean(xi), log(var(xi)), atanh(corr(xi, eta)):
[1.00319444 1.00334359 1.00954309 1.00156229 0.99998596 1.00894395]

Iteration:  14500
Rhat values for alpha, beta, log(sigma^2), mean(xi), log(var(xi)), atanh(corr(xi, eta)):
[1.00335474 1.00349195 1.00981844 1.00170507 0.99998606 1.00918805]

Iteration:  14600
Rhat values for alpha, beta, log(sigma^2), mean(xi), log(var(xi)), atanh(corr(xi, eta)):
[1.00312683 1.003058   1.01020068 1.00166052 0.99998614 1.00924573]

Iteration:  14700
Rhat values for alpha, beta, log(sigma^2), mean(xi), log(var(xi)), atanh(corr(xi, eta)):
[1.00302935 1.00275886 1.010399   1.00157409 0.99998738 1.0091602 ]

Iteration:  14800
Rhat values for alpha, beta, log(sigma^2), mean(xi), log(var(xi)), atanh(corr(xi, eta)):
[1.00310436 1.00269368 1.01108193 1.00141383 0.99998746 1.00969933]

Iteration:  14900
Rhat values for alpha, beta, log(sigma^2), mean(xi), log(var(xi)), atanh(corr(xi, eta)):
[1.00327819 1.00279246 1.01199212 1.00128256 0.99998753 1.01051937]

Iteration:  15000
Rhat values for alpha, beta, log(sigma^2), mean(xi), log(var(xi)), atanh(corr(xi, eta)):
[1.00309913 1.00251974 1.01244283 1.00124691 0.99998759 1.0108374 ]

Iteration:  15100
Rhat values for alpha, beta, log(sigma^2), mean(xi), log(var(xi)), atanh(corr(xi, eta)):
[1.00324316 1.00260654 1.01262697 1.00105929 0.9999877  1.01103796]

Iteration:  15200
Rhat values for alpha, beta, log(sigma^2), mean(xi), log(var(xi)), atanh(corr(xi, eta)):
[1.00342906 1.00277386 1.01265456 1.00099492 0.99998779 1.01104516]

Iteration:  15300
Rhat values for alpha, beta, log(sigma^2), mean(xi), log(var(xi)), atanh(corr(xi, eta)):
[1.00350925 1.00287682 1.01266875 1.00097917 0.99998787 1.01100046]

Iteration:  15400
Rhat values for alpha, beta, log(sigma^2), mean(xi), log(var(xi)), atanh(corr(xi, eta)):
[1.00344899 1.00274932 1.01284031 1.00112443 0.99998794 1.01099372]

Iteration:  15500
Rhat values for alpha, beta, log(sigma^2), mean(xi), log(var(xi)), atanh(corr(xi, eta)):
[1.00307735 1.00241837 1.0126326  1.00114295 0.99998801 1.01077868]

Iteration:  15600
Rhat values for alpha, beta, log(sigma^2), mean(xi), log(var(xi)), atanh(corr(xi, eta)):
[1.00301703 1.00236687 1.01285782 1.0011679  0.99998808 1.01084038]

Iteration:  15700
Rhat values for alpha, beta, log(sigma^2), mean(xi), log(var(xi)), atanh(corr(xi, eta)):
[1.00268896 1.00205411 1.01295387 1.00112343 0.99998815 1.01096161]

Iteration:  15800
Rhat values for alpha, beta, log(sigma^2), mean(xi), log(var(xi)), atanh(corr(xi, eta)):
[1.00255982 1.00199225 1.01321163 1.00112384 0.99998823 1.01136762]

Iteration:  15900
Rhat values for alpha, beta, log(sigma^2), mean(xi), log(var(xi)), atanh(corr(xi, eta)):
[1.00253046 1.0018789  1.01279122 1.00101161 0.9999883  1.01069256]

Iteration:  16000
Rhat values for alpha, beta, log(sigma^2), mean(xi), log(var(xi)), atanh(corr(xi, eta)):
[1.00264485 1.00198354 1.01270334 1.00098242 0.99998837 1.01037334]

Iteration:  16100
Rhat values for alpha, beta, log(sigma^2), mean(xi), log(var(xi)), atanh(corr(xi, eta)):
[1.00256458 1.00190156 1.01274338 1.00087541 0.99998844 1.01029332]

Iteration:  16200
Rhat values for alpha, beta, log(sigma^2), mean(xi), log(var(xi)), atanh(corr(xi, eta)):
[1.00260246 1.00198374 1.01274556 1.00082474 0.99998849 1.01037733]

Iteration:  16300
Rhat values for alpha, beta, log(sigma^2), mean(xi), log(var(xi)), atanh(corr(xi, eta)):
[1.00266353 1.0020543  1.01296263 1.00073283 0.99998855 1.01066886]

Iteration:  16400
Rhat values for alpha, beta, log(sigma^2), mean(xi), log(var(xi)), atanh(corr(xi, eta)):
[1.00250965 1.00193169 1.01268665 1.0006934  0.9999886  1.01048606]

Iteration:  16500
Rhat values for alpha, beta, log(sigma^2), mean(xi), log(var(xi)), atanh(corr(xi, eta)):
[1.00245747 1.00188532 1.01217423 1.00071009 0.99998865 1.01024697]

Iteration:  16600
Rhat values for alpha, beta, log(sigma^2), mean(xi), log(var(xi)), atanh(corr(xi, eta)):
[1.00242416 1.0019079  1.01125006 1.00071097 0.99998874 1.00949413]

Iteration:  16700
Rhat values for alpha, beta, log(sigma^2), mean(xi), log(var(xi)), atanh(corr(xi, eta)):
[1.00227201 1.00177538 1.01022    1.0007194  0.99998882 1.00849737]

Iteration:  16800
Rhat values for alpha, beta, log(sigma^2), mean(xi), log(var(xi)), atanh(corr(xi, eta)):
[1.00229734 1.00173058 1.00950757 1.00060243 0.99998891 1.0076287 ]

Iteration:  16900
Rhat values for alpha, beta, log(sigma^2), mean(xi), log(var(xi)), atanh(corr(xi, eta)):
[1.00216648 1.00159449 1.00966983 1.00057    0.99998905 1.00771134]

Iteration:  17000
Rhat values for alpha, beta, log(sigma^2), mean(xi), log(var(xi)), atanh(corr(xi, eta)):
[1.00219662 1.00157124 1.00965088 1.00048501 0.99998912 1.00763832]

Iteration:  17100
Rhat values for alpha, beta, log(sigma^2), mean(xi), log(var(xi)), atanh(corr(xi, eta)):
[1.00212877 1.00150337 1.00911698 1.00051867 0.99998917 1.00712355]

Iteration:  17200
Rhat values for alpha, beta, log(sigma^2), mean(xi), log(var(xi)), atanh(corr(xi, eta)):
[1.00226148 1.00169218 1.00864482 1.00055831 0.99998927 1.00677198]

Iteration:  17300
Rhat values for alpha, beta, log(sigma^2), mean(xi), log(var(xi)), atanh(corr(xi, eta)):
[1.00251118 1.0019202  1.00862923 1.00061824 0.99998928 1.00686417]

Iteration:  17400
Rhat values for alpha, beta, log(sigma^2), mean(xi), log(var(xi)), atanh(corr(xi, eta)):
[1.00235346 1.00178884 1.0085917  1.00068634 0.99998934 1.00676714]

Iteration:  17500
Rhat values for alpha, beta, log(sigma^2), mean(xi), log(var(xi)), atanh(corr(xi, eta)):
[1.00238134 1.0018081  1.0086038  1.0006752  0.9999894  1.00674899]

Iteration:  17600
Rhat values for alpha, beta, log(sigma^2), mean(xi), log(var(xi)), atanh(corr(xi, eta)):
[1.00251015 1.00188945 1.00867675 1.00068627 0.99998947 1.00679528]

Iteration:  17700
Rhat values for alpha, beta, log(sigma^2), mean(xi), log(var(xi)), atanh(corr(xi, eta)):
[1.00250973 1.00189277 1.00862701 1.00076294 0.99998954 1.00674149]

Iteration:  17800
Rhat values for alpha, beta, log(sigma^2), mean(xi), log(var(xi)), atanh(corr(xi, eta)):
[1.00253857 1.00192921 1.00898284 1.00066197 0.99998959 1.00713051]

Iteration:  17900
Rhat values for alpha, beta, log(sigma^2), mean(xi), log(var(xi)), atanh(corr(xi, eta)):
[1.00253637 1.00194345 1.00945884 1.00063327 0.99998965 1.00753903]

Iteration:  18000
Rhat values for alpha, beta, log(sigma^2), mean(xi), log(var(xi)), atanh(corr(xi, eta)):
[1.00261532 1.00207907 1.0095901  1.00078889 0.99998971 1.00771722]

Iteration:  18100
Rhat values for alpha, beta, log(sigma^2), mean(xi), log(var(xi)), atanh(corr(xi, eta)):
[1.00271449 1.00221307 1.00984305 1.00070859 0.99998981 1.00786476]

Iteration:  18200
Rhat values for alpha, beta, log(sigma^2), mean(xi), log(var(xi)), atanh(corr(xi, eta)):
[1.00259854 1.00217938 1.00979282 1.00063849 0.99998987 1.00792292]

Iteration:  18300
Rhat values for alpha, beta, log(sigma^2), mean(xi), log(var(xi)), atanh(corr(xi, eta)):
[1.00262524 1.00226457 1.00963521 1.00060117 0.9999899  1.00782097]

Iteration:  18400
Rhat values for alpha, beta, log(sigma^2), mean(xi), log(var(xi)), atanh(corr(xi, eta)):
[1.00264404 1.00230898 1.00997763 1.00060212 0.99998996 1.00810731]

Iteration:  18500
Rhat values for alpha, beta, log(sigma^2), mean(xi), log(var(xi)), atanh(corr(xi, eta)):
[1.00254604 1.00217687 1.0104819  1.0006     0.99999002 1.00832219]

Iteration:  18600
Rhat values for alpha, beta, log(sigma^2), mean(xi), log(var(xi)), atanh(corr(xi, eta)):
[1.00249563 1.00212413 1.01085298 1.00059918 0.99999008 1.00872225]

Iteration:  18700
Rhat values for alpha, beta, log(sigma^2), mean(xi), log(var(xi)), atanh(corr(xi, eta)):
[1.00242573 1.0021198  1.01121    1.00060263 0.99999014 1.0090818 ]

Iteration:  18800
Rhat values for alpha, beta, log(sigma^2), mean(xi), log(var(xi)), atanh(corr(xi, eta)):
[1.00216045 1.00195845 1.01150021 1.00051993 0.99999019 1.00933404]

Iteration:  18900
Rhat values for alpha, beta, log(sigma^2), mean(xi), log(var(xi)), atanh(corr(xi, eta)):
[1.0022597  1.00204875 1.01165829 1.00050565 0.99999024 1.00936657]

Iteration:  19000
Rhat values for alpha, beta, log(sigma^2), mean(xi), log(var(xi)), atanh(corr(xi, eta)):
[1.00226926 1.00197445 1.01173904 1.00054012 0.99999025 1.00928292]

Iteration:  19100
Rhat values for alpha, beta, log(sigma^2), mean(xi), log(var(xi)), atanh(corr(xi, eta)):
[1.0022892  1.00194878 1.01175549 1.00054099 0.9999903  1.00926405]

Iteration:  19200
Rhat values for alpha, beta, log(sigma^2), mean(xi), log(var(xi)), atanh(corr(xi, eta)):
[1.00199418 1.00169037 1.01185622 1.0005859  0.99999036 1.00929772]

Iteration:  19300
Rhat values for alpha, beta, log(sigma^2), mean(xi), log(var(xi)), atanh(corr(xi, eta)):
[1.00183029 1.0015494  1.01172589 1.00059339 0.9999904  1.009172  ]

Iteration:  19400
Rhat values for alpha, beta, log(sigma^2), mean(xi), log(var(xi)), atanh(corr(xi, eta)):
[1.00195357 1.00174492 1.01139323 1.00058022 0.99999046 1.00906462]

Iteration:  19500
Rhat values for alpha, beta, log(sigma^2), mean(xi), log(var(xi)), atanh(corr(xi, eta)):
[1.00199707 1.00184246 1.01122253 1.00054835 0.9999909  1.00895787]

Iteration:  19600
Rhat values for alpha, beta, log(sigma^2), mean(xi), log(var(xi)), atanh(corr(xi, eta)):
[1.00193127 1.0018246  1.0109018  1.00054866 0.99999059 1.00877888]

Iteration:  19700
Rhat values for alpha, beta, log(sigma^2), mean(xi), log(var(xi)), atanh(corr(xi, eta)):
[1.00219638 1.00197952 1.01099218 1.00054458 0.99999063 1.00888186]

Iteration:  19800
Rhat values for alpha, beta, log(sigma^2), mean(xi), log(var(xi)), atanh(corr(xi, eta)):
[1.00235118 1.00211443 1.01119638 1.00060708 0.99999068 1.00897679]

Iteration:  19900
Rhat values for alpha, beta, log(sigma^2), mean(xi), log(var(xi)), atanh(corr(xi, eta)):
[1.00238014 1.00210586 1.01117913 1.00055161 0.99999074 1.00879676]

Iteration:  20000
Rhat values for alpha, beta, log(sigma^2), mean(xi), log(var(xi)), atanh(corr(xi, eta)):
[1.00245218 1.00208764 1.01066589 1.00057529 0.99999078 1.00814965]
{"name": "R19_first_hr_no_bias_covdiag_0.2", "n": 100, "seed": 20261026, "mean": -0.03609806836326868, "sd": 0.011782721295246266, "q025_975": [-0.06084264666073683, -0.013498446267001618], "p_negative": 0.99855, "scatter_mean": 0.0383771455356372, "retained_draws": 40000, "split_rhat": {"alpha": 1.006864912487153, "beta": 1.006790557969356, "sigsqr": 1.0084272883904777}}
START R19_first_hr_no_bias_covdiag_0.42

Iteration:  100
Rhat values for alpha, beta, log(sigma^2), mean(xi), log(var(xi)), atanh(corr(xi, eta)):
[1.04097114 1.05393848 1.31851972 1.02909083 1.14866655 1.09156073]

Iteration:  200
Rhat values for alpha, beta, log(sigma^2), mean(xi), log(var(xi)), atanh(corr(xi, eta)):
[1.00584053 1.00107811 1.12437337 1.04161168 1.06950064 1.00600982]

Iteration:  300
Rhat values for alpha, beta, log(sigma^2), mean(xi), log(var(xi)), atanh(corr(xi, eta)):
[1.00449633 1.00478601 1.14198053 1.02895859 1.01362239 1.03470824]

Iteration:  400
Rhat values for alpha, beta, log(sigma^2), mean(xi), log(var(xi)), atanh(corr(xi, eta)):
[1.00584354 1.00996134 1.11803142 1.01732113 1.00617504 1.05700565]

Iteration:  500
Rhat values for alpha, beta, log(sigma^2), mean(xi), log(var(xi)), atanh(corr(xi, eta)):
[1.01114835 1.01552568 1.14023614 1.00402902 1.00195767 1.0993627 ]

Iteration:  600
Rhat values for alpha, beta, log(sigma^2), mean(xi), log(var(xi)), atanh(corr(xi, eta)):
[1.00934197 1.01494939 1.13114076 1.00674705 1.00534605 1.09259325]

Iteration:  700
Rhat values for alpha, beta, log(sigma^2), mean(xi), log(var(xi)), atanh(corr(xi, eta)):
[1.00581005 1.01388884 1.10911728 1.00509302 1.00205899 1.05092237]

Iteration:  800
Rhat values for alpha, beta, log(sigma^2), mean(xi), log(var(xi)), atanh(corr(xi, eta)):
[1.011069   1.02235047 1.10130161 1.00132462 0.99968992 1.05973886]

Iteration:  900
Rhat values for alpha, beta, log(sigma^2), mean(xi), log(var(xi)), atanh(corr(xi, eta)):
[1.00766757 1.0144891  1.0976774  1.00024237 0.99927912 1.06555972]

Iteration:  1000
Rhat values for alpha, beta, log(sigma^2), mean(xi), log(var(xi)), atanh(corr(xi, eta)):
[1.00381059 1.0068276  1.05751319 1.00008136 0.99947216 1.04448968]

Iteration:  1100
Rhat values for alpha, beta, log(sigma^2), mean(xi), log(var(xi)), atanh(corr(xi, eta)):
[1.00168337 1.00104437 1.04773668 0.99967542 0.99941971 1.03444569]

Iteration:  1200
Rhat values for alpha, beta, log(sigma^2), mean(xi), log(var(xi)), atanh(corr(xi, eta)):
[1.00170102 1.00034765 1.05238561 0.99947517 0.99957228 1.03338304]

Iteration:  1300
Rhat values for alpha, beta, log(sigma^2), mean(xi), log(var(xi)), atanh(corr(xi, eta)):
[1.00323683 1.00234762 1.04561666 1.00084473 0.99947282 1.03526818]

Iteration:  1400
Rhat values for alpha, beta, log(sigma^2), mean(xi), log(var(xi)), atanh(corr(xi, eta)):
[1.00555849 1.00472104 1.05238651 1.00122425 1.00030541 1.04213648]

Iteration:  1500
Rhat values for alpha, beta, log(sigma^2), mean(xi), log(var(xi)), atanh(corr(xi, eta)):
[1.00719498 1.00585981 1.06052108 1.00263958 1.00007387 1.04790277]

Iteration:  1600
Rhat values for alpha, beta, log(sigma^2), mean(xi), log(var(xi)), atanh(corr(xi, eta)):
[1.00817242 1.0069074  1.05729894 1.0019042  0.99956439 1.0461977 ]

Iteration:  1700
Rhat values for alpha, beta, log(sigma^2), mean(xi), log(var(xi)), atanh(corr(xi, eta)):
[1.00969522 1.00882749 1.04314722 1.00150909 0.99948238 1.03619574]

Iteration:  1800
Rhat values for alpha, beta, log(sigma^2), mean(xi), log(var(xi)), atanh(corr(xi, eta)):
[1.0128091  1.0114288  1.02233754 1.00081694 0.99954255 1.02297635]

Iteration:  1900
Rhat values for alpha, beta, log(sigma^2), mean(xi), log(var(xi)), atanh(corr(xi, eta)):
[1.01254802 1.01019971 1.00412171 0.99977667 1.00007562 1.01064243]

Iteration:  2000
Rhat values for alpha, beta, log(sigma^2), mean(xi), log(var(xi)), atanh(corr(xi, eta)):
[1.01309732 1.01024137 1.00068278 0.99959388 1.00049513 1.01023855]

Iteration:  2100
Rhat values for alpha, beta, log(sigma^2), mean(xi), log(var(xi)), atanh(corr(xi, eta)):
[1.01325289 1.00965907 1.00666517 1.00006295 1.00150004 1.01678229]

Iteration:  2200
Rhat values for alpha, beta, log(sigma^2), mean(xi), log(var(xi)), atanh(corr(xi, eta)):
[1.01278318 1.00842775 1.01652662 1.00128761 1.0023634  1.02696136]

Iteration:  2300
Rhat values for alpha, beta, log(sigma^2), mean(xi), log(var(xi)), atanh(corr(xi, eta)):
[1.01310167 1.0078226  1.02475462 1.00106877 1.00199624 1.03172275]

Iteration:  2400
Rhat values for alpha, beta, log(sigma^2), mean(xi), log(var(xi)), atanh(corr(xi, eta)):
[1.01103266 1.0059911  1.0321066  1.00134311 1.00164096 1.0346152 ]

Iteration:  2500
Rhat values for alpha, beta, log(sigma^2), mean(xi), log(var(xi)), atanh(corr(xi, eta)):
[1.01298811 1.0081555  1.03921803 1.0015688  1.00113663 1.04073232]

Iteration:  2600
Rhat values for alpha, beta, log(sigma^2), mean(xi), log(var(xi)), atanh(corr(xi, eta)):
[1.01685595 1.01154828 1.04327799 1.00092736 1.00108941 1.04338411]

Iteration:  2700
Rhat values for alpha, beta, log(sigma^2), mean(xi), log(var(xi)), atanh(corr(xi, eta)):
[1.02128566 1.01554944 1.04462962 1.00129569 1.00083413 1.0441885 ]

Iteration:  2800
Rhat values for alpha, beta, log(sigma^2), mean(xi), log(var(xi)), atanh(corr(xi, eta)):
[1.02618648 1.02133173 1.04543056 1.00215643 1.00093615 1.04757471]

Iteration:  2900
Rhat values for alpha, beta, log(sigma^2), mean(xi), log(var(xi)), atanh(corr(xi, eta)):
[1.03323178 1.02865614 1.05018252 1.00192905 1.0011559  1.05299969]

Iteration:  3000
Rhat values for alpha, beta, log(sigma^2), mean(xi), log(var(xi)), atanh(corr(xi, eta)):
[1.03192413 1.02846871 1.05514015 1.00091087 1.00088437 1.05542543]

Iteration:  3100
Rhat values for alpha, beta, log(sigma^2), mean(xi), log(var(xi)), atanh(corr(xi, eta)):
[1.03145653 1.02786152 1.05687962 1.00112862 1.00053639 1.05757855]

Iteration:  3200
Rhat values for alpha, beta, log(sigma^2), mean(xi), log(var(xi)), atanh(corr(xi, eta)):
[1.02848869 1.02557316 1.05103898 1.0012361  1.00045415 1.05582314]

Iteration:  3300
Rhat values for alpha, beta, log(sigma^2), mean(xi), log(var(xi)), atanh(corr(xi, eta)):
[1.03049758 1.02722018 1.04223399 1.00151388 1.00023385 1.04981722]

Iteration:  3400
Rhat values for alpha, beta, log(sigma^2), mean(xi), log(var(xi)), atanh(corr(xi, eta)):
[1.02925023 1.02561181 1.03522739 1.00140412 1.0002858  1.04565947]

Iteration:  3500
Rhat values for alpha, beta, log(sigma^2), mean(xi), log(var(xi)), atanh(corr(xi, eta)):
[1.0260435  1.02215321 1.03133866 1.00057591 1.00029675 1.043119  ]

Iteration:  3600
Rhat values for alpha, beta, log(sigma^2), mean(xi), log(var(xi)), atanh(corr(xi, eta)):
[1.02265691 1.01786257 1.03033891 1.00022136 1.00026698 1.04176572]

Iteration:  3700
Rhat values for alpha, beta, log(sigma^2), mean(xi), log(var(xi)), atanh(corr(xi, eta)):
[1.0198306  1.0152243  1.03337279 1.00006827 1.00018002 1.04658911]

Iteration:  3800
Rhat values for alpha, beta, log(sigma^2), mean(xi), log(var(xi)), atanh(corr(xi, eta)):
[1.02040774 1.01590328 1.035193   1.00000407 1.00009524 1.04905229]

Iteration:  3900
Rhat values for alpha, beta, log(sigma^2), mean(xi), log(var(xi)), atanh(corr(xi, eta)):
[1.01987598 1.01578569 1.03339207 0.999956   1.         1.04633769]

Iteration:  4000
Rhat values for alpha, beta, log(sigma^2), mean(xi), log(var(xi)), atanh(corr(xi, eta)):
[1.01946381 1.01549041 1.0349134  0.99995061 1.         1.04350164]

Iteration:  4100
Rhat values for alpha, beta, log(sigma^2), mean(xi), log(var(xi)), atanh(corr(xi, eta)):
[1.02031794 1.01649069 1.03785901 0.99991561 1.         1.04270154]

Iteration:  4200
Rhat values for alpha, beta, log(sigma^2), mean(xi), log(var(xi)), atanh(corr(xi, eta)):
[1.02144483 1.01753157 1.04269036 0.99998811 1.         1.04288112]

Iteration:  4300
Rhat values for alpha, beta, log(sigma^2), mean(xi), log(var(xi)), atanh(corr(xi, eta)):
[1.02176269 1.01804126 1.04982932 1.00003121 1.         1.0443514 ]

Iteration:  4400
Rhat values for alpha, beta, log(sigma^2), mean(xi), log(var(xi)), atanh(corr(xi, eta)):
[1.02013102 1.01613262 1.055594   1.00011886 1.         1.04395715]

Iteration:  4500
Rhat values for alpha, beta, log(sigma^2), mean(xi), log(var(xi)), atanh(corr(xi, eta)):
[1.01869996 1.01478841 1.06055968 0.99997493 1.         1.04394141]

Iteration:  4600
Rhat values for alpha, beta, log(sigma^2), mean(xi), log(var(xi)), atanh(corr(xi, eta)):
[1.0191093  1.0153247  1.06525961 0.99991677 1.         1.04405225]

Iteration:  4700
Rhat values for alpha, beta, log(sigma^2), mean(xi), log(var(xi)), atanh(corr(xi, eta)):
[1.01713243 1.01353408 1.06795948 0.99987613 1.         1.04354824]

Iteration:  4800
Rhat values for alpha, beta, log(sigma^2), mean(xi), log(var(xi)), atanh(corr(xi, eta)):
[1.01389911 1.01044626 1.07036293 0.99984347 1.00000001 1.04421524]

Iteration:  4900
Rhat values for alpha, beta, log(sigma^2), mean(xi), log(var(xi)), atanh(corr(xi, eta)):
[1.01204337 1.00883479 1.07298835 0.9998166  1.00000001 1.04442702]

Iteration:  5000
Rhat values for alpha, beta, log(sigma^2), mean(xi), log(var(xi)), atanh(corr(xi, eta)):
[1.00892559 1.00585617 1.07322808 0.99988825 1.00000001 1.04372189]

Iteration:  5100
Rhat values for alpha, beta, log(sigma^2), mean(xi), log(var(xi)), atanh(corr(xi, eta)):
[1.00702978 1.0042988  1.07271248 0.99987338 1.00000001 1.04321606]

Iteration:  5200
Rhat values for alpha, beta, log(sigma^2), mean(xi), log(var(xi)), atanh(corr(xi, eta)):
[1.00815314 1.00472826 1.07472076 0.99986729 1.00000001 1.04496338]

Iteration:  5300
Rhat values for alpha, beta, log(sigma^2), mean(xi), log(var(xi)), atanh(corr(xi, eta)):
[1.00948507 1.00568088 1.07503586 0.99994144 1.00000001 1.04576593]

Iteration:  5400
Rhat values for alpha, beta, log(sigma^2), mean(xi), log(var(xi)), atanh(corr(xi, eta)):
[1.00990307 1.00609417 1.07608421 0.99991449 1.00000001 1.04573391]

Iteration:  5500
Rhat values for alpha, beta, log(sigma^2), mean(xi), log(var(xi)), atanh(corr(xi, eta)):
[1.01107934 1.00710406 1.07793227 1.00008878 1.00000002 1.04733127]

Iteration:  5600
Rhat values for alpha, beta, log(sigma^2), mean(xi), log(var(xi)), atanh(corr(xi, eta)):
[1.01354122 1.00949299 1.0776286  1.00012933 1.00000001 1.04728257]

Iteration:  5700
Rhat values for alpha, beta, log(sigma^2), mean(xi), log(var(xi)), atanh(corr(xi, eta)):
[1.01472557 1.01107106 1.07510278 1.00007484 1.00000002 1.04775903]

Iteration:  5800
Rhat values for alpha, beta, log(sigma^2), mean(xi), log(var(xi)), atanh(corr(xi, eta)):
[1.01509066 1.0116095  1.07213384 1.00002474 1.00000002 1.04725876]

Iteration:  5900
Rhat values for alpha, beta, log(sigma^2), mean(xi), log(var(xi)), atanh(corr(xi, eta)):
[1.01392884 1.01071269 1.07117173 0.9999985  1.00000002 1.04680275]

Iteration:  6000
Rhat values for alpha, beta, log(sigma^2), mean(xi), log(var(xi)), atanh(corr(xi, eta)):
[1.01496606 1.01190144 1.06996954 0.99994642 1.00000001 1.04640828]

Iteration:  6100
Rhat values for alpha, beta, log(sigma^2), mean(xi), log(var(xi)), atanh(corr(xi, eta)):
[1.01445907 1.01130265 1.07053383 1.00008376 1.00000002 1.04674625]

Iteration:  6200
Rhat values for alpha, beta, log(sigma^2), mean(xi), log(var(xi)), atanh(corr(xi, eta)):
[1.01412916 1.01100294 1.0710521  1.00019667 1.00000002 1.04766186]

Iteration:  6300
Rhat values for alpha, beta, log(sigma^2), mean(xi), log(var(xi)), atanh(corr(xi, eta)):
[1.01548507 1.01252604 1.07117321 1.00005024 1.00000002 1.04916371]

Iteration:  6400
Rhat values for alpha, beta, log(sigma^2), mean(xi), log(var(xi)), atanh(corr(xi, eta)):
[1.01556899 1.01287225 1.069705   1.00002868 1.00000001 1.04586695]

Iteration:  6500
Rhat values for alpha, beta, log(sigma^2), mean(xi), log(var(xi)), atanh(corr(xi, eta)):
[1.01503937 1.0122268  1.06749279 1.00014165 1.00000001 1.0431794 ]

Iteration:  6600
Rhat values for alpha, beta, log(sigma^2), mean(xi), log(var(xi)), atanh(corr(xi, eta)):
[1.01303637 1.01030726 1.06170138 1.00031908 1.00000001 1.03817866]

Iteration:  6700
Rhat values for alpha, beta, log(sigma^2), mean(xi), log(var(xi)), atanh(corr(xi, eta)):
[1.01121586 1.00869416 1.05611289 1.00062972 1.         1.0342619 ]

Iteration:  6800
Rhat values for alpha, beta, log(sigma^2), mean(xi), log(var(xi)), atanh(corr(xi, eta)):
[1.01051962 1.00833044 1.05504536 1.00082    1.         1.03358125]

Iteration:  6900
Rhat values for alpha, beta, log(sigma^2), mean(xi), log(var(xi)), atanh(corr(xi, eta)):
[1.00881369 1.00696737 1.05319698 1.00089496 0.99999999 1.0337262 ]

Iteration:  7000
Rhat values for alpha, beta, log(sigma^2), mean(xi), log(var(xi)), atanh(corr(xi, eta)):
[1.00781422 1.00612565 1.0503249  1.00096966 0.99999999 1.03324713]

Iteration:  7100
Rhat values for alpha, beta, log(sigma^2), mean(xi), log(var(xi)), atanh(corr(xi, eta)):
[1.00785887 1.00617324 1.04794214 1.00068869 0.99999999 1.03188238]

Iteration:  7200
Rhat values for alpha, beta, log(sigma^2), mean(xi), log(var(xi)), atanh(corr(xi, eta)):
[1.00832995 1.00652009 1.04887246 1.00058576 0.99999999 1.03232823]

Iteration:  7300
Rhat values for alpha, beta, log(sigma^2), mean(xi), log(var(xi)), atanh(corr(xi, eta)):
[1.00771597 1.0058891  1.04995489 1.00052501 0.99999999 1.03317839]

Iteration:  7400
Rhat values for alpha, beta, log(sigma^2), mean(xi), log(var(xi)), atanh(corr(xi, eta)):
[1.00684568 1.00520359 1.05079056 1.00044638 1.         1.03492037]

Iteration:  7500
Rhat values for alpha, beta, log(sigma^2), mean(xi), log(var(xi)), atanh(corr(xi, eta)):
[1.00663057 1.00501432 1.05194859 1.0002967  0.99999998 1.03704936]

Iteration:  7600
Rhat values for alpha, beta, log(sigma^2), mean(xi), log(var(xi)), atanh(corr(xi, eta)):
[1.0062243  1.00464406 1.05451666 1.00022631 0.99999998 1.03997092]

Iteration:  7700
Rhat values for alpha, beta, log(sigma^2), mean(xi), log(var(xi)), atanh(corr(xi, eta)):
[1.00545058 1.00403176 1.05599741 1.00033371 0.99999998 1.04197619]

Iteration:  7800
Rhat values for alpha, beta, log(sigma^2), mean(xi), log(var(xi)), atanh(corr(xi, eta)):
[1.00546996 1.00430848 1.05720319 1.0005741  0.99999998 1.04496783]

Iteration:  7900
Rhat values for alpha, beta, log(sigma^2), mean(xi), log(var(xi)), atanh(corr(xi, eta)):
[1.00567525 1.00465008 1.05848986 1.00077832 0.99999998 1.04791364]

Iteration:  8000
Rhat values for alpha, beta, log(sigma^2), mean(xi), log(var(xi)), atanh(corr(xi, eta)):
[1.00632905 1.00531674 1.06077697 1.00096406 0.99999998 1.05154995]

Iteration:  8100
Rhat values for alpha, beta, log(sigma^2), mean(xi), log(var(xi)), atanh(corr(xi, eta)):
[1.00718924 1.00608331 1.06460386 1.00101021 0.99999998 1.05562318]

Iteration:  8200
Rhat values for alpha, beta, log(sigma^2), mean(xi), log(var(xi)), atanh(corr(xi, eta)):
[1.00826948 1.00714392 1.06936107 1.00108935 0.99999998 1.06069837]

Iteration:  8300
Rhat values for alpha, beta, log(sigma^2), mean(xi), log(var(xi)), atanh(corr(xi, eta)):
[1.00781628 1.00653974 1.07512647 1.00126608 0.99999998 1.06634583]

Iteration:  8400
Rhat values for alpha, beta, log(sigma^2), mean(xi), log(var(xi)), atanh(corr(xi, eta)):
[1.00735113 1.0062487  1.08066346 1.00141471 0.99999999 1.07169724]

Iteration:  8500
Rhat values for alpha, beta, log(sigma^2), mean(xi), log(var(xi)), atanh(corr(xi, eta)):
[1.00747019 1.00641966 1.08578762 1.00178703 0.99999999 1.07695194]

Iteration:  8600
Rhat values for alpha, beta, log(sigma^2), mean(xi), log(var(xi)), atanh(corr(xi, eta)):
[1.00823524 1.00708021 1.09079348 1.00204851 0.99999999 1.08223685]

Iteration:  8700
Rhat values for alpha, beta, log(sigma^2), mean(xi), log(var(xi)), atanh(corr(xi, eta)):
[1.00826292 1.00705061 1.09569418 1.00223041 1.         1.08759533]

Iteration:  8800
Rhat values for alpha, beta, log(sigma^2), mean(xi), log(var(xi)), atanh(corr(xi, eta)):
[1.00777788 1.0065273  1.1000733  1.00261168 1.         1.09271653]

Iteration:  8900
Rhat values for alpha, beta, log(sigma^2), mean(xi), log(var(xi)), atanh(corr(xi, eta)):
[1.0080932  1.00686004 1.10484708 1.00325546 1.         1.0974168 ]

Iteration:  9000
Rhat values for alpha, beta, log(sigma^2), mean(xi), log(var(xi)), atanh(corr(xi, eta)):
[1.00840657 1.00732049 1.10958011 1.00376789 1.         1.10123537]

Iteration:  9100
Rhat values for alpha, beta, log(sigma^2), mean(xi), log(var(xi)), atanh(corr(xi, eta)):
[1.00838868 1.00739411 1.11297354 1.00376893 1.         1.10379747]

Iteration:  9200
Rhat values for alpha, beta, log(sigma^2), mean(xi), log(var(xi)), atanh(corr(xi, eta)):
[1.00845601 1.00746891 1.11470382 1.00411801 1.         1.10536454]

Iteration:  9300
Rhat values for alpha, beta, log(sigma^2), mean(xi), log(var(xi)), atanh(corr(xi, eta)):
[1.00814231 1.00702046 1.11794267 1.00406053 1.         1.10877915]

Iteration:  9400
Rhat values for alpha, beta, log(sigma^2), mean(xi), log(var(xi)), atanh(corr(xi, eta)):
[1.00682275 1.00564616 1.12151741 1.00370304 1.         1.11216312]

Iteration:  9500
Rhat values for alpha, beta, log(sigma^2), mean(xi), log(var(xi)), atanh(corr(xi, eta)):
[1.00683185 1.00552036 1.1236528  1.00406399 0.99999999 1.11487512]

Iteration:  9600
Rhat values for alpha, beta, log(sigma^2), mean(xi), log(var(xi)), atanh(corr(xi, eta)):
[1.0076491  1.00607099 1.12715059 1.00422862 0.99999999 1.1181764 ]

Iteration:  9700
Rhat values for alpha, beta, log(sigma^2), mean(xi), log(var(xi)), atanh(corr(xi, eta)):
[1.00795189 1.00630896 1.13094712 1.00432488 0.99999999 1.12199797]

Iteration:  9800
Rhat values for alpha, beta, log(sigma^2), mean(xi), log(var(xi)), atanh(corr(xi, eta)):
[1.00717273 1.00575989 1.13583009 1.00467265 0.99999985 1.12656324]

Iteration:  9900
Rhat values for alpha, beta, log(sigma^2), mean(xi), log(var(xi)), atanh(corr(xi, eta)):
[1.00742476 1.00592682 1.14107925 1.00450018 0.99999986 1.13194271]

Iteration:  10000
Rhat values for alpha, beta, log(sigma^2), mean(xi), log(var(xi)), atanh(corr(xi, eta)):
[1.00718151 1.00566574 1.14587951 1.00445419 0.99999986 1.13613896]

Iteration:  10100
Rhat values for alpha, beta, log(sigma^2), mean(xi), log(var(xi)), atanh(corr(xi, eta)):
[1.0080945  1.00645007 1.14998449 1.00447463 0.99999986 1.14057262]

Iteration:  10200
Rhat values for alpha, beta, log(sigma^2), mean(xi), log(var(xi)), atanh(corr(xi, eta)):
[1.00963963 1.00790742 1.15393828 1.00403716 0.99999986 1.1438385 ]

Iteration:  10300
Rhat values for alpha, beta, log(sigma^2), mean(xi), log(var(xi)), atanh(corr(xi, eta)):
[1.01045747 1.00872276 1.15876958 1.00373006 0.99999986 1.14864055]

Iteration:  10400
Rhat values for alpha, beta, log(sigma^2), mean(xi), log(var(xi)), atanh(corr(xi, eta)):
[1.01018472 1.00848491 1.16344051 1.00331663 0.99999986 1.15309438]

Iteration:  10500
Rhat values for alpha, beta, log(sigma^2), mean(xi), log(var(xi)), atanh(corr(xi, eta)):
[1.01038381 1.00874421 1.1684165  1.00284718 0.99999986 1.15796682]

Iteration:  10600
Rhat values for alpha, beta, log(sigma^2), mean(xi), log(var(xi)), atanh(corr(xi, eta)):
[1.01114241 1.00960951 1.1734209  1.00253422 0.99999985 1.16268708]

Iteration:  10700
Rhat values for alpha, beta, log(sigma^2), mean(xi), log(var(xi)), atanh(corr(xi, eta)):
[1.0118181  1.01018338 1.1766845  1.00271956 0.99999985 1.16612244]

Iteration:  10800
Rhat values for alpha, beta, log(sigma^2), mean(xi), log(var(xi)), atanh(corr(xi, eta)):
[1.01069605 1.00927992 1.1788159  1.00266966 0.99999986 1.16786787]

Iteration:  10900
Rhat values for alpha, beta, log(sigma^2), mean(xi), log(var(xi)), atanh(corr(xi, eta)):
[1.01075674 1.0090575  1.18142565 1.0022409  0.99999986 1.16941095]

Iteration:  11000
Rhat values for alpha, beta, log(sigma^2), mean(xi), log(var(xi)), atanh(corr(xi, eta)):
[1.01063801 1.00905999 1.1847434  1.00198723 0.99999986 1.17288615]

Iteration:  11100
Rhat values for alpha, beta, log(sigma^2), mean(xi), log(var(xi)), atanh(corr(xi, eta)):
[1.00981778 1.00851405 1.18553134 1.00184713 0.99999986 1.17250228]

Iteration:  11200
Rhat values for alpha, beta, log(sigma^2), mean(xi), log(var(xi)), atanh(corr(xi, eta)):
[1.00990893 1.00862509 1.18528524 1.0021726  0.99999986 1.17146092]

Iteration:  11300
Rhat values for alpha, beta, log(sigma^2), mean(xi), log(var(xi)), atanh(corr(xi, eta)):
[1.01054279 1.00919123 1.18400529 1.00231992 0.99999986 1.17094591]

Iteration:  11400
Rhat values for alpha, beta, log(sigma^2), mean(xi), log(var(xi)), atanh(corr(xi, eta)):
[1.0106234  1.00929175 1.18015638 1.00222484 0.99999987 1.16849349]

Iteration:  11500
Rhat values for alpha, beta, log(sigma^2), mean(xi), log(var(xi)), atanh(corr(xi, eta)):
[1.01042396 1.00895857 1.17888073 1.00210053 0.99999987 1.16786618]

Iteration:  11600
Rhat values for alpha, beta, log(sigma^2), mean(xi), log(var(xi)), atanh(corr(xi, eta)):
[1.01029932 1.0088697  1.17610171 1.00225794 0.99999987 1.16513193]

Iteration:  11700
Rhat values for alpha, beta, log(sigma^2), mean(xi), log(var(xi)), atanh(corr(xi, eta)):
[1.01061769 1.0092113  1.17376521 1.00215034 0.99999987 1.16343961]

Iteration:  11800
Rhat values for alpha, beta, log(sigma^2), mean(xi), log(var(xi)), atanh(corr(xi, eta)):
[1.01004434 1.00857597 1.1711076  1.00220116 0.99999988 1.16140769]

Iteration:  11900
Rhat values for alpha, beta, log(sigma^2), mean(xi), log(var(xi)), atanh(corr(xi, eta)):
[1.01025917 1.00893121 1.16824119 1.00239297 0.99999988 1.15772332]

Iteration:  12000
Rhat values for alpha, beta, log(sigma^2), mean(xi), log(var(xi)), atanh(corr(xi, eta)):
[1.00979351 1.00855134 1.16701104 1.00228831 0.99999988 1.1569111 ]

Iteration:  12100
Rhat values for alpha, beta, log(sigma^2), mean(xi), log(var(xi)), atanh(corr(xi, eta)):
[1.0095327  1.00819954 1.167868   1.00215148 0.99999988 1.15848091]

Iteration:  12200
Rhat values for alpha, beta, log(sigma^2), mean(xi), log(var(xi)), atanh(corr(xi, eta)):
[1.00967295 1.00836618 1.1692301  1.00214084 0.99999988 1.16080354]

Iteration:  12300
Rhat values for alpha, beta, log(sigma^2), mean(xi), log(var(xi)), atanh(corr(xi, eta)):
[1.00979837 1.0085242  1.17084866 1.00216746 0.99999988 1.16258077]

Iteration:  12400
Rhat values for alpha, beta, log(sigma^2), mean(xi), log(var(xi)), atanh(corr(xi, eta)):
[1.00934573 1.00803907 1.17217747 1.0021662  0.99999988 1.16454362]

Iteration:  12500
Rhat values for alpha, beta, log(sigma^2), mean(xi), log(var(xi)), atanh(corr(xi, eta)):
[1.00922576 1.00785195 1.17276564 1.00228895 0.99999989 1.16597035]

Iteration:  12600
Rhat values for alpha, beta, log(sigma^2), mean(xi), log(var(xi)), atanh(corr(xi, eta)):
[1.00875238 1.00749794 1.17150252 1.00215849 0.99999988 1.16384175]

Iteration:  12700
Rhat values for alpha, beta, log(sigma^2), mean(xi), log(var(xi)), atanh(corr(xi, eta)):
[1.00849313 1.00732175 1.16825153 1.00214556 0.99999989 1.16087626]

Iteration:  12800
Rhat values for alpha, beta, log(sigma^2), mean(xi), log(var(xi)), atanh(corr(xi, eta)):
[1.00788698 1.00667522 1.1672582  1.00218695 0.99999989 1.15879401]

Iteration:  12900
Rhat values for alpha, beta, log(sigma^2), mean(xi), log(var(xi)), atanh(corr(xi, eta)):
[1.00761117 1.00656912 1.16668464 1.00228765 0.99999989 1.15724515]

Iteration:  13000
Rhat values for alpha, beta, log(sigma^2), mean(xi), log(var(xi)), atanh(corr(xi, eta)):
[1.00737509 1.00630183 1.16565627 1.00248139 0.99999989 1.15439342]

Iteration:  13100
Rhat values for alpha, beta, log(sigma^2), mean(xi), log(var(xi)), atanh(corr(xi, eta)):
[1.00688191 1.00580295 1.16492961 1.0023569  0.9999999  1.15055269]

Iteration:  13200
Rhat values for alpha, beta, log(sigma^2), mean(xi), log(var(xi)), atanh(corr(xi, eta)):
[1.00668003 1.00566014 1.16276408 1.00225858 0.9999999  1.14792991]

Iteration:  13300
Rhat values for alpha, beta, log(sigma^2), mean(xi), log(var(xi)), atanh(corr(xi, eta)):
[1.00645002 1.00548405 1.16035126 1.00246604 0.9999999  1.14535235]

Iteration:  13400
Rhat values for alpha, beta, log(sigma^2), mean(xi), log(var(xi)), atanh(corr(xi, eta)):
[1.00617155 1.00526935 1.15783124 1.00278459 0.9999999  1.14314633]

Iteration:  13500
Rhat values for alpha, beta, log(sigma^2), mean(xi), log(var(xi)), atanh(corr(xi, eta)):
[1.00607226 1.00524542 1.15716318 1.00292262 0.9999999  1.14253255]

Iteration:  13600
Rhat values for alpha, beta, log(sigma^2), mean(xi), log(var(xi)), atanh(corr(xi, eta)):
[1.00604349 1.00505635 1.15701319 1.00286068 0.99999991 1.14261983]

Iteration:  13700
Rhat values for alpha, beta, log(sigma^2), mean(xi), log(var(xi)), atanh(corr(xi, eta)):
[1.00572002 1.00481003 1.15691274 1.00317823 0.99999989 1.14221457]

Iteration:  13800
Rhat values for alpha, beta, log(sigma^2), mean(xi), log(var(xi)), atanh(corr(xi, eta)):
[1.00543654 1.00466485 1.1556226  1.00295491 0.9999999  1.14038439]

Iteration:  13900
Rhat values for alpha, beta, log(sigma^2), mean(xi), log(var(xi)), atanh(corr(xi, eta)):
[1.00531243 1.0045169  1.15482226 1.00284707 0.9999999  1.13841203]

Iteration:  14000
Rhat values for alpha, beta, log(sigma^2), mean(xi), log(var(xi)), atanh(corr(xi, eta)):
[1.00503208 1.00421933 1.15369711 1.0026242  0.9999999  1.13766866]

Iteration:  14100
Rhat values for alpha, beta, log(sigma^2), mean(xi), log(var(xi)), atanh(corr(xi, eta)):
[1.00496428 1.00421778 1.15223152 1.00265605 0.9999999  1.13725258]

Iteration:  14200
Rhat values for alpha, beta, log(sigma^2), mean(xi), log(var(xi)), atanh(corr(xi, eta)):
[1.00480956 1.00414769 1.1506854  1.00273225 0.9999999  1.13613357]

Iteration:  14300
Rhat values for alpha, beta, log(sigma^2), mean(xi), log(var(xi)), atanh(corr(xi, eta)):
[1.00491929 1.00419517 1.14944111 1.00270166 0.99999991 1.13552898]

Iteration:  14400
Rhat values for alpha, beta, log(sigma^2), mean(xi), log(var(xi)), atanh(corr(xi, eta)):
[1.00515961 1.0044871  1.14749178 1.00276187 0.99999991 1.13314094]

Iteration:  14500
Rhat values for alpha, beta, log(sigma^2), mean(xi), log(var(xi)), atanh(corr(xi, eta)):
[1.00523563 1.00457734 1.14617313 1.00271916 0.99999991 1.1318992 ]

Iteration:  14600
Rhat values for alpha, beta, log(sigma^2), mean(xi), log(var(xi)), atanh(corr(xi, eta)):
[1.00514258 1.00445085 1.14475264 1.00260071 0.99999991 1.13029647]

Iteration:  14700
Rhat values for alpha, beta, log(sigma^2), mean(xi), log(var(xi)), atanh(corr(xi, eta)):
[1.00441604 1.00379977 1.14181576 1.00271038 0.99999991 1.12823338]

Iteration:  14800
Rhat values for alpha, beta, log(sigma^2), mean(xi), log(var(xi)), atanh(corr(xi, eta)):
[1.00372892 1.0031904  1.13998426 1.00263139 0.99999991 1.12672959]

Iteration:  14900
Rhat values for alpha, beta, log(sigma^2), mean(xi), log(var(xi)), atanh(corr(xi, eta)):
[1.00321892 1.00278368 1.13870893 1.00257594 0.99999991 1.12720495]

Iteration:  15000
Rhat values for alpha, beta, log(sigma^2), mean(xi), log(var(xi)), atanh(corr(xi, eta)):
[1.00275561 1.0024398  1.13646903 1.00263934 0.9999999  1.12740658]

Iteration:  15100
Rhat values for alpha, beta, log(sigma^2), mean(xi), log(var(xi)), atanh(corr(xi, eta)):
[1.00240125 1.00219045 1.13304248 1.0027111  0.9999999  1.12575232]

Iteration:  15200
Rhat values for alpha, beta, log(sigma^2), mean(xi), log(var(xi)), atanh(corr(xi, eta)):
[1.00212123 1.00192934 1.13027614 1.00295008 0.9999999  1.12575721]

Iteration:  15300
Rhat values for alpha, beta, log(sigma^2), mean(xi), log(var(xi)), atanh(corr(xi, eta)):
[1.00183835 1.00171923 1.12829461 1.00293096 0.9999999  1.1245222 ]

Iteration:  15400
Rhat values for alpha, beta, log(sigma^2), mean(xi), log(var(xi)), atanh(corr(xi, eta)):
[1.00199932 1.00186235 1.12614434 1.0028056  0.99999991 1.12297091]

Iteration:  15500
Rhat values for alpha, beta, log(sigma^2), mean(xi), log(var(xi)), atanh(corr(xi, eta)):
[1.00207629 1.00193814 1.12477506 1.00280925 0.99999991 1.12139407]

Iteration:  15600
Rhat values for alpha, beta, log(sigma^2), mean(xi), log(var(xi)), atanh(corr(xi, eta)):
[1.00193215 1.00186097 1.12454722 1.00291341 0.99999991 1.1201572 ]

Iteration:  15700
Rhat values for alpha, beta, log(sigma^2), mean(xi), log(var(xi)), atanh(corr(xi, eta)):
[1.00190242 1.00180722 1.1235333  1.00268334 0.9999999  1.11932566]

Iteration:  15800
Rhat values for alpha, beta, log(sigma^2), mean(xi), log(var(xi)), atanh(corr(xi, eta)):
[1.00197099 1.00190754 1.12261511 1.00256611 0.9999999  1.11866081]

Iteration:  15900
Rhat values for alpha, beta, log(sigma^2), mean(xi), log(var(xi)), atanh(corr(xi, eta)):
[1.00220297 1.00213129 1.12216666 1.00258191 0.9999999  1.11839332]

Iteration:  16000
Rhat values for alpha, beta, log(sigma^2), mean(xi), log(var(xi)), atanh(corr(xi, eta)):
[1.00252225 1.00246065 1.12350437 1.00251463 0.9999999  1.11865421]

Iteration:  16100
Rhat values for alpha, beta, log(sigma^2), mean(xi), log(var(xi)), atanh(corr(xi, eta)):
[1.00260583 1.00255412 1.125257   1.00278079 0.9999999  1.11917625]

Iteration:  16200
Rhat values for alpha, beta, log(sigma^2), mean(xi), log(var(xi)), atanh(corr(xi, eta)):
[1.00247496 1.00237642 1.12718712 1.00266007 0.9999999  1.12022463]

Iteration:  16300
Rhat values for alpha, beta, log(sigma^2), mean(xi), log(var(xi)), atanh(corr(xi, eta)):
[1.00249553 1.00241574 1.12967392 1.00265022 0.99999991 1.1214197 ]

Iteration:  16400
Rhat values for alpha, beta, log(sigma^2), mean(xi), log(var(xi)), atanh(corr(xi, eta)):
[1.00250605 1.00245983 1.13116019 1.00271291 0.99999991 1.12184893]

Iteration:  16500
Rhat values for alpha, beta, log(sigma^2), mean(xi), log(var(xi)), atanh(corr(xi, eta)):
[1.00234627 1.00231894 1.13162782 1.00252332 0.99999991 1.1216073 ]

Iteration:  16600
Rhat values for alpha, beta, log(sigma^2), mean(xi), log(var(xi)), atanh(corr(xi, eta)):
[1.00230344 1.00231693 1.13246656 1.00258362 0.99999991 1.12190298]

Iteration:  16700
Rhat values for alpha, beta, log(sigma^2), mean(xi), log(var(xi)), atanh(corr(xi, eta)):
[1.00216915 1.00219651 1.13301461 1.00255555 0.99999992 1.12196742]

Iteration:  16800
Rhat values for alpha, beta, log(sigma^2), mean(xi), log(var(xi)), atanh(corr(xi, eta)):
[1.00221919 1.00224988 1.13371343 1.00241086 0.99999992 1.12158412]

Iteration:  16900
Rhat values for alpha, beta, log(sigma^2), mean(xi), log(var(xi)), atanh(corr(xi, eta)):
[1.00231682 1.00233416 1.13453547 1.00244556 0.99999992 1.12120002]

Iteration:  17000
Rhat values for alpha, beta, log(sigma^2), mean(xi), log(var(xi)), atanh(corr(xi, eta)):
[1.00257044 1.00259261 1.13364591 1.00266595 0.99999993 1.12032672]

Iteration:  17100
Rhat values for alpha, beta, log(sigma^2), mean(xi), log(var(xi)), atanh(corr(xi, eta)):
[1.00280351 1.00278555 1.13144977 1.00273056 0.99999993 1.11878569]

Iteration:  17200
Rhat values for alpha, beta, log(sigma^2), mean(xi), log(var(xi)), atanh(corr(xi, eta)):
[1.00306413 1.00310189 1.12863721 1.00249504 0.99999993 1.11676084]

Iteration:  17300
Rhat values for alpha, beta, log(sigma^2), mean(xi), log(var(xi)), atanh(corr(xi, eta)):
[1.00331725 1.00335371 1.12632495 1.00246717 0.99999993 1.11425151]

Iteration:  17400
Rhat values for alpha, beta, log(sigma^2), mean(xi), log(var(xi)), atanh(corr(xi, eta)):
[1.00351512 1.00362081 1.12437119 1.00237004 0.99999993 1.11229823]

Iteration:  17500
Rhat values for alpha, beta, log(sigma^2), mean(xi), log(var(xi)), atanh(corr(xi, eta)):
[1.00381069 1.0039558  1.12223495 1.00242141 0.99999993 1.11068478]

Iteration:  17600
Rhat values for alpha, beta, log(sigma^2), mean(xi), log(var(xi)), atanh(corr(xi, eta)):
[1.00400571 1.0041641  1.12037903 1.00235868 0.99999992 1.10957326]

Iteration:  17700
Rhat values for alpha, beta, log(sigma^2), mean(xi), log(var(xi)), atanh(corr(xi, eta)):
[1.004151   1.00433864 1.11913299 1.00237793 0.99999992 1.10896185]

Iteration:  17800
Rhat values for alpha, beta, log(sigma^2), mean(xi), log(var(xi)), atanh(corr(xi, eta)):
[1.00417912 1.00436296 1.11885424 1.00214596 0.99999992 1.10784753]

Iteration:  17900
Rhat values for alpha, beta, log(sigma^2), mean(xi), log(var(xi)), atanh(corr(xi, eta)):
[1.00400096 1.00416257 1.1194905  1.00206389 0.99999992 1.10780133]

Iteration:  18000
Rhat values for alpha, beta, log(sigma^2), mean(xi), log(var(xi)), atanh(corr(xi, eta)):
[1.00380723 1.00395639 1.12012584 1.00193635 0.99999992 1.10801747]

Iteration:  18100
Rhat values for alpha, beta, log(sigma^2), mean(xi), log(var(xi)), atanh(corr(xi, eta)):
[1.003954   1.00413195 1.12150011 1.00186036 0.99999992 1.10924039]

Iteration:  18200
Rhat values for alpha, beta, log(sigma^2), mean(xi), log(var(xi)), atanh(corr(xi, eta)):
[1.00408911 1.00425571 1.12243327 1.00189881 0.99999992 1.1097512 ]

Iteration:  18300
Rhat values for alpha, beta, log(sigma^2), mean(xi), log(var(xi)), atanh(corr(xi, eta)):
[1.00410842 1.00432628 1.12184381 1.00176405 0.99999992 1.10841517]

Iteration:  18400
Rhat values for alpha, beta, log(sigma^2), mean(xi), log(var(xi)), atanh(corr(xi, eta)):
[1.00443398 1.00468639 1.12105109 1.00157865 0.99999992 1.10738356]

Iteration:  18500
Rhat values for alpha, beta, log(sigma^2), mean(xi), log(var(xi)), atanh(corr(xi, eta)):
[1.00442741 1.00470301 1.1204542  1.00160876 0.99999992 1.10648649]

Iteration:  18600
Rhat values for alpha, beta, log(sigma^2), mean(xi), log(var(xi)), atanh(corr(xi, eta)):
[1.00438545 1.00467889 1.12022339 1.00153905 0.99999992 1.1058745 ]

Iteration:  18700
Rhat values for alpha, beta, log(sigma^2), mean(xi), log(var(xi)), atanh(corr(xi, eta)):
[1.00453279 1.00484029 1.11948151 1.00157093 0.99999992 1.10477342]

Iteration:  18800
Rhat values for alpha, beta, log(sigma^2), mean(xi), log(var(xi)), atanh(corr(xi, eta)):
[1.00479092 1.00506708 1.1180578  1.00155411 0.99999992 1.10328903]

Iteration:  18900
Rhat values for alpha, beta, log(sigma^2), mean(xi), log(var(xi)), atanh(corr(xi, eta)):
[1.00526438 1.00558121 1.11603582 1.00160759 0.99999992 1.1015371 ]

Iteration:  19000
Rhat values for alpha, beta, log(sigma^2), mean(xi), log(var(xi)), atanh(corr(xi, eta)):
[1.00563507 1.00597537 1.11352486 1.00151912 0.99999993 1.09991667]

Iteration:  19100
Rhat values for alpha, beta, log(sigma^2), mean(xi), log(var(xi)), atanh(corr(xi, eta)):
[1.00617059 1.00649904 1.11130239 1.00139731 0.99999993 1.09868349]

Iteration:  19200
Rhat values for alpha, beta, log(sigma^2), mean(xi), log(var(xi)), atanh(corr(xi, eta)):
[1.00642285 1.00674668 1.11031037 1.00134168 0.99999993 1.09815874]

Iteration:  19300
Rhat values for alpha, beta, log(sigma^2), mean(xi), log(var(xi)), atanh(corr(xi, eta)):
[1.00637859 1.00670394 1.10892383 1.00133132 0.99999993 1.09673518]

Iteration:  19400
Rhat values for alpha, beta, log(sigma^2), mean(xi), log(var(xi)), atanh(corr(xi, eta)):
[1.0065482  1.00685645 1.10809099 1.00125555 0.99999252 1.09547862]

Iteration:  19500
Rhat values for alpha, beta, log(sigma^2), mean(xi), log(var(xi)), atanh(corr(xi, eta)):
[1.00654967 1.00687185 1.10704942 1.0011711  0.99999256 1.09438269]

Iteration:  19600
Rhat values for alpha, beta, log(sigma^2), mean(xi), log(var(xi)), atanh(corr(xi, eta)):
[1.00627084 1.00667244 1.10624579 1.00112341 0.99999259 1.09374898]

Iteration:  19700
Rhat values for alpha, beta, log(sigma^2), mean(xi), log(var(xi)), atanh(corr(xi, eta)):
[1.00616767 1.00661457 1.10511937 1.00114089 0.99999263 1.09317917]

Iteration:  19800
Rhat values for alpha, beta, log(sigma^2), mean(xi), log(var(xi)), atanh(corr(xi, eta)):
[1.00588569 1.00633388 1.10375848 1.00121415 0.99999267 1.0918399 ]

Iteration:  19900
Rhat values for alpha, beta, log(sigma^2), mean(xi), log(var(xi)), atanh(corr(xi, eta)):
[1.00580865 1.00623907 1.10216934 1.00118672 0.9999927  1.09041404]

Iteration:  20000
Rhat values for alpha, beta, log(sigma^2), mean(xi), log(var(xi)), atanh(corr(xi, eta)):
[1.00588328 1.00627865 1.10139966 1.00117905 0.99999277 1.08968693]

Iteration:  20100
Rhat values for alpha, beta, log(sigma^2), mean(xi), log(var(xi)), atanh(corr(xi, eta)):
[1.0060613  1.00648991 1.10034218 1.00118172 0.99999282 1.08870525]

Iteration:  20200
Rhat values for alpha, beta, log(sigma^2), mean(xi), log(var(xi)), atanh(corr(xi, eta)):
[1.00609439 1.00651096 1.09938125 1.00123203 0.9999929  1.08819912]
{"name": "R19_first_hr_no_bias_covdiag_0.42", "n": 196, "seed": 20261027, "mean": -0.026523178019868567, "sd": 0.012236215485375892, "q025_975": [-0.051514548016357097, -0.0033024688982953025], "p_negative": 0.9867326732673267, "scatter_mean": 0.0427858513314722, "retained_draws": 40400, "split_rhat": {"alpha": 1.006105772059883, "beta": 1.0067873266999956, "sigsqr": 1.0059678021448906}}
