START G11_first_hr_corrected_error_diag_0.42 196

Iteration:  100
Rhat values for alpha, beta, log(sigma^2), mean(xi), log(var(xi)), atanh(corr(xi, eta)):
[1.2410001  1.19998681 1.17026528 1.06137584 1.04683199 1.18059666]

Iteration:  200
Rhat values for alpha, beta, log(sigma^2), mean(xi), log(var(xi)), atanh(corr(xi, eta)):
[1.23209557 1.16233592 1.17783695 1.08211124 1.04779146 1.1403297 ]

Iteration:  300
Rhat values for alpha, beta, log(sigma^2), mean(xi), log(var(xi)), atanh(corr(xi, eta)):
[1.23448117 1.19364651 1.19354069 1.06593993 1.02595328 1.19794587]

Iteration:  400
Rhat values for alpha, beta, log(sigma^2), mean(xi), log(var(xi)), atanh(corr(xi, eta)):
[1.22222291 1.17208406 1.24379605 1.05005349 1.02641975 1.19650409]

Iteration:  500
Rhat values for alpha, beta, log(sigma^2), mean(xi), log(var(xi)), atanh(corr(xi, eta)):
[1.22614792 1.20605012 1.31263749 1.04542926 1.03701383 1.26881157]

Iteration:  600
Rhat values for alpha, beta, log(sigma^2), mean(xi), log(var(xi)), atanh(corr(xi, eta)):
[1.18112323 1.17798681 1.37116964 1.04564304 1.00142985 1.30016564]

Iteration:  700
Rhat values for alpha, beta, log(sigma^2), mean(xi), log(var(xi)), atanh(corr(xi, eta)):
[1.12673285 1.15526604 1.37506618 1.03221509 1.00135755 1.33361627]

Iteration:  800
Rhat values for alpha, beta, log(sigma^2), mean(xi), log(var(xi)), atanh(corr(xi, eta)):
[1.08984134 1.13208998 1.38463077 1.01486377 1.00163505 1.32722352]

Iteration:  900
Rhat values for alpha, beta, log(sigma^2), mean(xi), log(var(xi)), atanh(corr(xi, eta)):
[1.04767309 1.09158652 1.38245217 1.00946013 1.00167806 1.2561388 ]

Iteration:  1000
Rhat values for alpha, beta, log(sigma^2), mean(xi), log(var(xi)), atanh(corr(xi, eta)):
[1.03475384 1.07716759 1.40416018 1.00969183 1.00039507 1.20047777]

Iteration:  1100
Rhat values for alpha, beta, log(sigma^2), mean(xi), log(var(xi)), atanh(corr(xi, eta)):
[1.03800292 1.07238949 1.42435933 1.01204159 1.00051392 1.20250189]

Iteration:  1200
Rhat values for alpha, beta, log(sigma^2), mean(xi), log(var(xi)), atanh(corr(xi, eta)):
[1.04838133 1.07194151 1.41575804 1.01751558 1.00067118 1.21365434]

Iteration:  1300
Rhat values for alpha, beta, log(sigma^2), mean(xi), log(var(xi)), atanh(corr(xi, eta)):
[1.07913363 1.10543625 1.39095319 1.0155839  1.00068106 1.24673437]

Iteration:  1400
Rhat values for alpha, beta, log(sigma^2), mean(xi), log(var(xi)), atanh(corr(xi, eta)):
[1.10892797 1.1321279  1.348698   1.00737891 1.00030557 1.27759138]

Iteration:  1500
Rhat values for alpha, beta, log(sigma^2), mean(xi), log(var(xi)), atanh(corr(xi, eta)):
[1.11108979 1.12117215 1.27060975 1.0084121  1.00042624 1.26036294]

Iteration:  1600
Rhat values for alpha, beta, log(sigma^2), mean(xi), log(var(xi)), atanh(corr(xi, eta)):
[1.1168574  1.11739902 1.24220303 1.00803015 1.00026572 1.25181456]

Iteration:  1700
Rhat values for alpha, beta, log(sigma^2), mean(xi), log(var(xi)), atanh(corr(xi, eta)):
[1.10353764 1.09126027 1.23809275 1.00996112 1.00020172 1.2296564 ]

Iteration:  1800
Rhat values for alpha, beta, log(sigma^2), mean(xi), log(var(xi)), atanh(corr(xi, eta)):
[1.09109219 1.07670931 1.20353861 1.0075728  1.00035668 1.20884928]

Iteration:  1900
Rhat values for alpha, beta, log(sigma^2), mean(xi), log(var(xi)), atanh(corr(xi, eta)):
[1.07940217 1.06237805 1.16400089 1.00645818 1.00030398 1.17991079]

Iteration:  2000
Rhat values for alpha, beta, log(sigma^2), mean(xi), log(var(xi)), atanh(corr(xi, eta)):
[1.07396954 1.05488584 1.15333196 1.00906912 1.0003226  1.16808783]

Iteration:  2100
Rhat values for alpha, beta, log(sigma^2), mean(xi), log(var(xi)), atanh(corr(xi, eta)):
[1.06774513 1.04803757 1.14237663 1.01290809 1.00034971 1.14907503]

Iteration:  2200
Rhat values for alpha, beta, log(sigma^2), mean(xi), log(var(xi)), atanh(corr(xi, eta)):
[1.07491701 1.05110671 1.14161134 1.01401136 1.00045528 1.14580077]

Iteration:  2300
Rhat values for alpha, beta, log(sigma^2), mean(xi), log(var(xi)), atanh(corr(xi, eta)):
[1.07765633 1.05053158 1.15124367 1.01541505 1.00043916 1.14371397]

Iteration:  2400
Rhat values for alpha, beta, log(sigma^2), mean(xi), log(var(xi)), atanh(corr(xi, eta)):
[1.08280663 1.05520019 1.15483331 1.01338958 1.00038486 1.14128311]

Iteration:  2500
Rhat values for alpha, beta, log(sigma^2), mean(xi), log(var(xi)), atanh(corr(xi, eta)):
[1.08092658 1.05585879 1.16193428 1.01141713 1.00041503 1.14176451]

Iteration:  2600
Rhat values for alpha, beta, log(sigma^2), mean(xi), log(var(xi)), atanh(corr(xi, eta)):
[1.07552429 1.05346358 1.16978503 1.01083504 1.00042793 1.13896925]

Iteration:  2700
Rhat values for alpha, beta, log(sigma^2), mean(xi), log(var(xi)), atanh(corr(xi, eta)):
[1.07092449 1.05337009 1.17607123 1.0102107  1.00044003 1.13407417]

Iteration:  2800
Rhat values for alpha, beta, log(sigma^2), mean(xi), log(var(xi)), atanh(corr(xi, eta)):
[1.06671679 1.05335071 1.18385336 1.00942973 1.0003747  1.1257863 ]

Iteration:  2900
Rhat values for alpha, beta, log(sigma^2), mean(xi), log(var(xi)), atanh(corr(xi, eta)):
[1.05846093 1.04783005 1.19484563 1.00849502 1.00029041 1.10296349]

Iteration:  3000
Rhat values for alpha, beta, log(sigma^2), mean(xi), log(var(xi)), atanh(corr(xi, eta)):
[1.04916174 1.04150355 1.1980501  1.00907746 1.00027874 1.07860314]

Iteration:  3100
Rhat values for alpha, beta, log(sigma^2), mean(xi), log(var(xi)), atanh(corr(xi, eta)):
[1.04371897 1.03983488 1.19970583 1.00919186 1.00024639 1.07138501]

Iteration:  3200
Rhat values for alpha, beta, log(sigma^2), mean(xi), log(var(xi)), atanh(corr(xi, eta)):
[1.03801921 1.03899803 1.20629708 1.01092969 1.0002512  1.07044879]

Iteration:  3300
Rhat values for alpha, beta, log(sigma^2), mean(xi), log(var(xi)), atanh(corr(xi, eta)):
[1.03370288 1.03818768 1.21295789 1.0108161  1.00001619 1.07673274]

Iteration:  3400
Rhat values for alpha, beta, log(sigma^2), mean(xi), log(var(xi)), atanh(corr(xi, eta)):
[1.03208966 1.0405728  1.21868004 1.01055772 1.00000483 1.08368004]

Iteration:  3500
Rhat values for alpha, beta, log(sigma^2), mean(xi), log(var(xi)), atanh(corr(xi, eta)):
[1.03169163 1.04451372 1.2228752  1.00958765 0.99999299 1.09073083]

Iteration:  3600
Rhat values for alpha, beta, log(sigma^2), mean(xi), log(var(xi)), atanh(corr(xi, eta)):
[1.03201992 1.05009974 1.22815581 1.00815224 0.99997671 1.09651626]

Iteration:  3700
Rhat values for alpha, beta, log(sigma^2), mean(xi), log(var(xi)), atanh(corr(xi, eta)):
[1.03475525 1.05677292 1.23453048 1.00794633 0.99993875 1.10362496]

Iteration:  3800
Rhat values for alpha, beta, log(sigma^2), mean(xi), log(var(xi)), atanh(corr(xi, eta)):
[1.03828926 1.06474782 1.23618037 1.00886085 0.99994381 1.10780158]

Iteration:  3900
Rhat values for alpha, beta, log(sigma^2), mean(xi), log(var(xi)), atanh(corr(xi, eta)):
[1.04325347 1.07287252 1.23210856 1.00917191 0.99994684 1.10861941]

Iteration:  4000
Rhat values for alpha, beta, log(sigma^2), mean(xi), log(var(xi)), atanh(corr(xi, eta)):
[1.04794921 1.08014732 1.2366433  1.00849105 0.99998189 1.11068757]

Iteration:  4100
Rhat values for alpha, beta, log(sigma^2), mean(xi), log(var(xi)), atanh(corr(xi, eta)):
[1.05288611 1.08699094 1.24175422 1.0081387  0.99998322 1.11654356]

Iteration:  4200
Rhat values for alpha, beta, log(sigma^2), mean(xi), log(var(xi)), atanh(corr(xi, eta)):
[1.05741057 1.09318419 1.24052696 1.00767781 0.99997595 1.12446765]

Iteration:  4300
Rhat values for alpha, beta, log(sigma^2), mean(xi), log(var(xi)), atanh(corr(xi, eta)):
[1.06465266 1.10158485 1.24259783 1.00631086 0.99997589 1.13398744]

Iteration:  4400
Rhat values for alpha, beta, log(sigma^2), mean(xi), log(var(xi)), atanh(corr(xi, eta)):
[1.07507578 1.1120285  1.24776039 1.00512033 0.99998044 1.14657236]

Iteration:  4500
Rhat values for alpha, beta, log(sigma^2), mean(xi), log(var(xi)), atanh(corr(xi, eta)):
[1.08343515 1.12061444 1.2555424  1.0041309  0.99998204 1.15822908]

Iteration:  4600
Rhat values for alpha, beta, log(sigma^2), mean(xi), log(var(xi)), atanh(corr(xi, eta)):
[1.0930833  1.1303486  1.25812391 1.00301506 0.99992739 1.17171602]

Iteration:  4700
Rhat values for alpha, beta, log(sigma^2), mean(xi), log(var(xi)), atanh(corr(xi, eta)):
[1.09923727 1.13743988 1.26220927 1.00225031 0.99994007 1.18059192]

Iteration:  4800
Rhat values for alpha, beta, log(sigma^2), mean(xi), log(var(xi)), atanh(corr(xi, eta)):
[1.1033148  1.14381193 1.26284801 1.00177649 0.99993889 1.18671615]

Iteration:  4900
Rhat values for alpha, beta, log(sigma^2), mean(xi), log(var(xi)), atanh(corr(xi, eta)):
[1.10379025 1.1445079  1.26730394 1.00141002 0.99993221 1.18832774]

Iteration:  5000
Rhat values for alpha, beta, log(sigma^2), mean(xi), log(var(xi)), atanh(corr(xi, eta)):
[1.10242897 1.14160654 1.27282911 1.00096529 0.99993445 1.18845138]

Iteration:  5100
Rhat values for alpha, beta, log(sigma^2), mean(xi), log(var(xi)), atanh(corr(xi, eta)):
[1.0999628  1.13609538 1.27111632 1.00107883 0.9999338  1.18364324]

Iteration:  5200
Rhat values for alpha, beta, log(sigma^2), mean(xi), log(var(xi)), atanh(corr(xi, eta)):
[1.09609487 1.12849801 1.26310593 1.00087898 0.99994168 1.17414893]

Iteration:  5300
Rhat values for alpha, beta, log(sigma^2), mean(xi), log(var(xi)), atanh(corr(xi, eta)):
[1.09350685 1.12494106 1.25221617 1.00122146 0.99993989 1.16502072]

Iteration:  5400
Rhat values for alpha, beta, log(sigma^2), mean(xi), log(var(xi)), atanh(corr(xi, eta)):
[1.09002047 1.12119894 1.24285549 1.00205229 0.99992752 1.15736898]

Iteration:  5500
Rhat values for alpha, beta, log(sigma^2), mean(xi), log(var(xi)), atanh(corr(xi, eta)):
[1.08906506 1.11887167 1.22272266 1.0027174  0.99992786 1.15193837]

Iteration:  5600
Rhat values for alpha, beta, log(sigma^2), mean(xi), log(var(xi)), atanh(corr(xi, eta)):
[1.08597717 1.11237892 1.19924639 1.00369652 0.99992736 1.14333068]

Iteration:  5700
Rhat values for alpha, beta, log(sigma^2), mean(xi), log(var(xi)), atanh(corr(xi, eta)):
[1.08052126 1.10355315 1.17702398 1.0045001  0.99992848 1.13074802]

Iteration:  5800
Rhat values for alpha, beta, log(sigma^2), mean(xi), log(var(xi)), atanh(corr(xi, eta)):
[1.07513585 1.09513249 1.16196571 1.00478161 0.99993284 1.11643025]

Iteration:  5900
Rhat values for alpha, beta, log(sigma^2), mean(xi), log(var(xi)), atanh(corr(xi, eta)):
[1.06941106 1.08735239 1.14817196 1.00497748 0.99993322 1.10418798]

Iteration:  6000
Rhat values for alpha, beta, log(sigma^2), mean(xi), log(var(xi)), atanh(corr(xi, eta)):
[1.06678816 1.08198705 1.14106618 1.0048446  0.99993137 1.09381721]

Iteration:  6100
Rhat values for alpha, beta, log(sigma^2), mean(xi), log(var(xi)), atanh(corr(xi, eta)):
[1.06572489 1.07707352 1.13488797 1.00488622 0.99993094 1.08466131]

Iteration:  6200
Rhat values for alpha, beta, log(sigma^2), mean(xi), log(var(xi)), atanh(corr(xi, eta)):
[1.06436395 1.0733227  1.13149072 1.00452276 0.99993124 1.07768293]

Iteration:  6300
Rhat values for alpha, beta, log(sigma^2), mean(xi), log(var(xi)), atanh(corr(xi, eta)):
[1.0592405  1.06604981 1.13086935 1.00436564 0.9999305  1.06937523]

Iteration:  6400
Rhat values for alpha, beta, log(sigma^2), mean(xi), log(var(xi)), atanh(corr(xi, eta)):
[1.05906707 1.06489168 1.13124443 1.00396819 0.99993025 1.06639637]

Iteration:  6500
Rhat values for alpha, beta, log(sigma^2), mean(xi), log(var(xi)), atanh(corr(xi, eta)):
[1.05650471 1.0627871  1.13190926 1.00362767 0.99993004 1.06417177]

Iteration:  6600
Rhat values for alpha, beta, log(sigma^2), mean(xi), log(var(xi)), atanh(corr(xi, eta)):
[1.05889006 1.06563204 1.13383609 1.00335862 0.99993031 1.06507798]

Iteration:  6700
Rhat values for alpha, beta, log(sigma^2), mean(xi), log(var(xi)), atanh(corr(xi, eta)):
[1.06129406 1.0683902  1.1347619  1.00309661 0.99993098 1.06713425]

Iteration:  6800
Rhat values for alpha, beta, log(sigma^2), mean(xi), log(var(xi)), atanh(corr(xi, eta)):
[1.06230922 1.0695314  1.13426721 1.00392295 0.99993096 1.06989793]

Iteration:  6900
Rhat values for alpha, beta, log(sigma^2), mean(xi), log(var(xi)), atanh(corr(xi, eta)):
[1.06304416 1.06945936 1.13293334 1.00395265 0.99993151 1.07308646]

Iteration:  7000
Rhat values for alpha, beta, log(sigma^2), mean(xi), log(var(xi)), atanh(corr(xi, eta)):
[1.06163638 1.06676034 1.13125127 1.0038702  0.99993115 1.07392354]

Iteration:  7100
Rhat values for alpha, beta, log(sigma^2), mean(xi), log(var(xi)), atanh(corr(xi, eta)):
[1.06072313 1.06551112 1.12625425 1.00370482 0.99993008 1.07359604]

Iteration:  7200
Rhat values for alpha, beta, log(sigma^2), mean(xi), log(var(xi)), atanh(corr(xi, eta)):
[1.05920583 1.06489732 1.118682   1.00364266 0.99992804 1.07177556]

Iteration:  7300
Rhat values for alpha, beta, log(sigma^2), mean(xi), log(var(xi)), atanh(corr(xi, eta)):
[1.05665069 1.06307761 1.11368939 1.00360778 0.99992731 1.06873035]

Iteration:  7400
Rhat values for alpha, beta, log(sigma^2), mean(xi), log(var(xi)), atanh(corr(xi, eta)):
[1.05663531 1.06279877 1.10919392 1.00395151 0.99992579 1.0677416 ]

Iteration:  7500
Rhat values for alpha, beta, log(sigma^2), mean(xi), log(var(xi)), atanh(corr(xi, eta)):
[1.05666853 1.06308678 1.10465496 1.00376614 0.99992477 1.06704756]

Iteration:  7600
Rhat values for alpha, beta, log(sigma^2), mean(xi), log(var(xi)), atanh(corr(xi, eta)):
[1.05566741 1.06236229 1.10267035 1.0032682  0.99992605 1.06565359]

Iteration:  7700
Rhat values for alpha, beta, log(sigma^2), mean(xi), log(var(xi)), atanh(corr(xi, eta)):
[1.05513176 1.06167659 1.10267106 1.0033368  0.99992823 1.06459891]

Iteration:  7800
Rhat values for alpha, beta, log(sigma^2), mean(xi), log(var(xi)), atanh(corr(xi, eta)):
[1.05021813 1.05657122 1.10246443 1.00366512 0.99992963 1.06085547]

Iteration:  7900
Rhat values for alpha, beta, log(sigma^2), mean(xi), log(var(xi)), atanh(corr(xi, eta)):
[1.04591469 1.05194169 1.10197607 1.00427276 0.99993036 1.05721987]

Iteration:  8000
Rhat values for alpha, beta, log(sigma^2), mean(xi), log(var(xi)), atanh(corr(xi, eta)):
[1.04426454 1.05043356 1.10100865 1.0048094  0.99993269 1.05580621]

Iteration:  8100
Rhat values for alpha, beta, log(sigma^2), mean(xi), log(var(xi)), atanh(corr(xi, eta)):
[1.04382075 1.05070783 1.10068155 1.00464383 0.99993279 1.05499124]

Iteration:  8200
Rhat values for alpha, beta, log(sigma^2), mean(xi), log(var(xi)), atanh(corr(xi, eta)):
[1.04524916 1.05226199 1.0991558  1.00505216 0.99993242 1.05555034]

Iteration:  8300
Rhat values for alpha, beta, log(sigma^2), mean(xi), log(var(xi)), atanh(corr(xi, eta)):
[1.04686707 1.05381805 1.09898543 1.00475991 0.99993333 1.0558265 ]

Iteration:  8400
Rhat values for alpha, beta, log(sigma^2), mean(xi), log(var(xi)), atanh(corr(xi, eta)):
[1.04755181 1.05462119 1.09755724 1.00391115 0.99993489 1.05574857]

Iteration:  8500
Rhat values for alpha, beta, log(sigma^2), mean(xi), log(var(xi)), atanh(corr(xi, eta)):
[1.0467907  1.05336121 1.09375456 1.00328682 0.99993408 1.05442954]

Iteration:  8600
Rhat values for alpha, beta, log(sigma^2), mean(xi), log(var(xi)), atanh(corr(xi, eta)):
[1.04633082 1.05324022 1.09080452 1.00317912 0.99993472 1.05322338]

Iteration:  8700
Rhat values for alpha, beta, log(sigma^2), mean(xi), log(var(xi)), atanh(corr(xi, eta)):
[1.04447934 1.05097925 1.08840105 1.00332167 0.99993535 1.05324697]

Iteration:  8800
Rhat values for alpha, beta, log(sigma^2), mean(xi), log(var(xi)), atanh(corr(xi, eta)):
[1.04265491 1.0490107  1.08723928 1.00363803 0.99993583 1.05232468]

Iteration:  8900
Rhat values for alpha, beta, log(sigma^2), mean(xi), log(var(xi)), atanh(corr(xi, eta)):
[1.04267157 1.04886685 1.0863625  1.00352645 0.99993645 1.05186734]

Iteration:  9000
Rhat values for alpha, beta, log(sigma^2), mean(xi), log(var(xi)), atanh(corr(xi, eta)):
[1.04135078 1.04662815 1.08691973 1.00351745 0.99993743 1.05071286]

Iteration:  9100
Rhat values for alpha, beta, log(sigma^2), mean(xi), log(var(xi)), atanh(corr(xi, eta)):
[1.04020643 1.04566601 1.08876773 1.00363501 0.99993857 1.04956053]

Iteration:  9200
Rhat values for alpha, beta, log(sigma^2), mean(xi), log(var(xi)), atanh(corr(xi, eta)):
[1.0406525  1.04658613 1.09066122 1.00371172 0.9999386  1.04876695]

Iteration:  9300
Rhat values for alpha, beta, log(sigma^2), mean(xi), log(var(xi)), atanh(corr(xi, eta)):
[1.03939716 1.04577067 1.09096793 1.00384013 0.99993842 1.04709332]

Iteration:  9400
Rhat values for alpha, beta, log(sigma^2), mean(xi), log(var(xi)), atanh(corr(xi, eta)):
[1.03740131 1.04370428 1.09214063 1.00369147 0.99993912 1.04472186]

Iteration:  9500
Rhat values for alpha, beta, log(sigma^2), mean(xi), log(var(xi)), atanh(corr(xi, eta)):
[1.03597613 1.04175965 1.09292659 1.00369861 0.99994016 1.04246367]

Iteration:  9600
Rhat values for alpha, beta, log(sigma^2), mean(xi), log(var(xi)), atanh(corr(xi, eta)):
[1.03450682 1.04037896 1.09292871 1.0037754  0.99994115 1.04015278]

Iteration:  9700
Rhat values for alpha, beta, log(sigma^2), mean(xi), log(var(xi)), atanh(corr(xi, eta)):
[1.03313499 1.03952779 1.09154686 1.00380713 0.99994239 1.03833012]

Iteration:  9800
Rhat values for alpha, beta, log(sigma^2), mean(xi), log(var(xi)), atanh(corr(xi, eta)):
[1.03108808 1.03780371 1.08951694 1.0033778  0.99994361 1.03656265]

Iteration:  9900
Rhat values for alpha, beta, log(sigma^2), mean(xi), log(var(xi)), atanh(corr(xi, eta)):
[1.02909852 1.03600548 1.08843609 1.00340953 0.99994562 1.03487347]

Iteration:  10000
Rhat values for alpha, beta, log(sigma^2), mean(xi), log(var(xi)), atanh(corr(xi, eta)):
[1.02731093 1.03410381 1.08835638 1.00339593 0.9999467  1.03368169]

Iteration:  10100
Rhat values for alpha, beta, log(sigma^2), mean(xi), log(var(xi)), atanh(corr(xi, eta)):
[1.02597494 1.03236425 1.08839255 1.00345171 0.99994439 1.03273519]

Iteration:  10200
Rhat values for alpha, beta, log(sigma^2), mean(xi), log(var(xi)), atanh(corr(xi, eta)):
[1.0237227  1.02969898 1.08825511 1.0033377  0.99994443 1.03130674]

Iteration:  10300
Rhat values for alpha, beta, log(sigma^2), mean(xi), log(var(xi)), atanh(corr(xi, eta)):
[1.02160196 1.02744333 1.08703439 1.00354388 0.99994522 1.02944909]

Iteration:  10400
Rhat values for alpha, beta, log(sigma^2), mean(xi), log(var(xi)), atanh(corr(xi, eta)):
[1.02053189 1.02669876 1.08700448 1.00367471 0.99994497 1.02922272]

Iteration:  10500
Rhat values for alpha, beta, log(sigma^2), mean(xi), log(var(xi)), atanh(corr(xi, eta)):
[1.01934445 1.02569536 1.08724652 1.00338223 0.99994508 1.02884953]

Iteration:  10600
Rhat values for alpha, beta, log(sigma^2), mean(xi), log(var(xi)), atanh(corr(xi, eta)):
[1.01743049 1.02352155 1.08802068 1.00328389 0.99995879 1.0280607 ]

Iteration:  10700
Rhat values for alpha, beta, log(sigma^2), mean(xi), log(var(xi)), atanh(corr(xi, eta)):
[1.01611964 1.0218384  1.08950348 1.00301278 0.99995872 1.0272632 ]

Iteration:  10800
Rhat values for alpha, beta, log(sigma^2), mean(xi), log(var(xi)), atanh(corr(xi, eta)):
[1.01511298 1.02032235 1.09186635 1.00285666 0.99995855 1.02661822]

Iteration:  10900
Rhat values for alpha, beta, log(sigma^2), mean(xi), log(var(xi)), atanh(corr(xi, eta)):
[1.01479172 1.01977411 1.09212868 1.0027087  0.99995881 1.026652  ]

Iteration:  11000
Rhat values for alpha, beta, log(sigma^2), mean(xi), log(var(xi)), atanh(corr(xi, eta)):
[1.01461807 1.01929713 1.08993391 1.00257908 0.99995749 1.02585259]

Iteration:  11100
Rhat values for alpha, beta, log(sigma^2), mean(xi), log(var(xi)), atanh(corr(xi, eta)):
[1.01429677 1.01888204 1.08682032 1.00230776 0.99995633 1.02474478]

Iteration:  11200
Rhat values for alpha, beta, log(sigma^2), mean(xi), log(var(xi)), atanh(corr(xi, eta)):
[1.01378618 1.01810465 1.08283031 1.00223884 0.99995646 1.02316675]

Iteration:  11300
Rhat values for alpha, beta, log(sigma^2), mean(xi), log(var(xi)), atanh(corr(xi, eta)):
[1.01342959 1.01750236 1.07848318 1.00214568 0.9999566  1.02187948]

Iteration:  11400
Rhat values for alpha, beta, log(sigma^2), mean(xi), log(var(xi)), atanh(corr(xi, eta)):
[1.01296949 1.01687219 1.07309754 1.00205273 0.99995685 1.02056467]

Iteration:  11500
Rhat values for alpha, beta, log(sigma^2), mean(xi), log(var(xi)), atanh(corr(xi, eta)):
[1.01161201 1.01519997 1.06767389 1.00201393 0.99995705 1.01881635]

Iteration:  11600
Rhat values for alpha, beta, log(sigma^2), mean(xi), log(var(xi)), atanh(corr(xi, eta)):
[1.01052233 1.01360093 1.06387258 1.00181168 0.99995766 1.01732279]

Iteration:  11700
Rhat values for alpha, beta, log(sigma^2), mean(xi), log(var(xi)), atanh(corr(xi, eta)):
[1.00977478 1.01251299 1.06088869 1.00197634 0.99995844 1.01631935]

Iteration:  11800
Rhat values for alpha, beta, log(sigma^2), mean(xi), log(var(xi)), atanh(corr(xi, eta)):
[1.00927875 1.01174177 1.05724349 1.00188704 0.99995863 1.01500812]

Iteration:  11900
Rhat values for alpha, beta, log(sigma^2), mean(xi), log(var(xi)), atanh(corr(xi, eta)):
[1.00911471 1.01137873 1.05439232 1.00199813 0.99995902 1.0140928 ]

Iteration:  12000
Rhat values for alpha, beta, log(sigma^2), mean(xi), log(var(xi)), atanh(corr(xi, eta)):
[1.00885129 1.01079464 1.05271027 1.0020773  0.9999591  1.01368481]

Iteration:  12100
Rhat values for alpha, beta, log(sigma^2), mean(xi), log(var(xi)), atanh(corr(xi, eta)):
[1.00841691 1.01006255 1.05180927 1.00208268 0.99995906 1.01298803]

Iteration:  12200
Rhat values for alpha, beta, log(sigma^2), mean(xi), log(var(xi)), atanh(corr(xi, eta)):
[1.00741504 1.00881759 1.0500731  1.00201683 0.99995978 1.01137419]

Iteration:  12300
Rhat values for alpha, beta, log(sigma^2), mean(xi), log(var(xi)), atanh(corr(xi, eta)):
[1.00595788 1.00730347 1.04881476 1.00201099 0.99996058 1.00988469]

Iteration:  12400
Rhat values for alpha, beta, log(sigma^2), mean(xi), log(var(xi)), atanh(corr(xi, eta)):
[1.00492023 1.00612135 1.04858479 1.0022993  0.99996129 1.00884337]

Iteration:  12500
Rhat values for alpha, beta, log(sigma^2), mean(xi), log(var(xi)), atanh(corr(xi, eta)):
[1.00385799 1.00486193 1.0483173  1.00224148 0.99996186 1.00759345]

Iteration:  12600
Rhat values for alpha, beta, log(sigma^2), mean(xi), log(var(xi)), atanh(corr(xi, eta)):
[1.0031628  1.00406871 1.04843003 1.00220767 0.99996226 1.00631334]

Iteration:  12700
Rhat values for alpha, beta, log(sigma^2), mean(xi), log(var(xi)), atanh(corr(xi, eta)):
[1.0025382  1.00342369 1.04889247 1.00202803 0.99996265 1.00529516]

Iteration:  12800
Rhat values for alpha, beta, log(sigma^2), mean(xi), log(var(xi)), atanh(corr(xi, eta)):
[1.00236447 1.00329727 1.04939627 1.00211739 0.99996325 1.00467433]

Iteration:  12900
Rhat values for alpha, beta, log(sigma^2), mean(xi), log(var(xi)), atanh(corr(xi, eta)):
[1.00215978 1.00317709 1.0502543  1.00216371 0.99996348 1.00392572]

Iteration:  13000
Rhat values for alpha, beta, log(sigma^2), mean(xi), log(var(xi)), atanh(corr(xi, eta)):
[1.00199898 1.00312503 1.05079583 1.00213777 0.99996383 1.00333151]

Iteration:  13100
Rhat values for alpha, beta, log(sigma^2), mean(xi), log(var(xi)), atanh(corr(xi, eta)):
[1.0019255  1.00317036 1.05123832 1.00228557 0.99996428 1.00277993]

Iteration:  13200
Rhat values for alpha, beta, log(sigma^2), mean(xi), log(var(xi)), atanh(corr(xi, eta)):
[1.0018999  1.00328307 1.05113593 1.00217018 0.99996378 1.00236074]

Iteration:  13300
Rhat values for alpha, beta, log(sigma^2), mean(xi), log(var(xi)), atanh(corr(xi, eta)):
[1.00201095 1.00345701 1.05108307 1.0023948  0.99996423 1.00223871]

Iteration:  13400
Rhat values for alpha, beta, log(sigma^2), mean(xi), log(var(xi)), atanh(corr(xi, eta)):
[1.0021918  1.0037392  1.05037163 1.00236209 0.99996486 1.00208391]

Iteration:  13500
Rhat values for alpha, beta, log(sigma^2), mean(xi), log(var(xi)), atanh(corr(xi, eta)):
[1.00244056 1.00404464 1.04830894 1.00247176 0.99996516 1.00180826]

Iteration:  13600
Rhat values for alpha, beta, log(sigma^2), mean(xi), log(var(xi)), atanh(corr(xi, eta)):
[1.00274709 1.00430732 1.04647453 1.00227054 0.99996507 1.00161555]

Iteration:  13700
Rhat values for alpha, beta, log(sigma^2), mean(xi), log(var(xi)), atanh(corr(xi, eta)):
[1.00280046 1.00420184 1.04494413 1.00236565 0.99996489 1.00154921]

Iteration:  13800
Rhat values for alpha, beta, log(sigma^2), mean(xi), log(var(xi)), atanh(corr(xi, eta)):
[1.00264654 1.00382321 1.04371784 1.00231405 0.99996517 1.00156824]

Iteration:  13900
Rhat values for alpha, beta, log(sigma^2), mean(xi), log(var(xi)), atanh(corr(xi, eta)):
[1.00251611 1.00343581 1.04278807 1.00252501 0.99996542 1.00180654]

Iteration:  14000
Rhat values for alpha, beta, log(sigma^2), mean(xi), log(var(xi)), atanh(corr(xi, eta)):
[1.00233283 1.00299056 1.04223278 1.00237216 0.99996533 1.00206083]

Iteration:  14100
Rhat values for alpha, beta, log(sigma^2), mean(xi), log(var(xi)), atanh(corr(xi, eta)):
[1.00219617 1.00266905 1.0421464  1.00220044 0.99996498 1.00218168]

Iteration:  14200
Rhat values for alpha, beta, log(sigma^2), mean(xi), log(var(xi)), atanh(corr(xi, eta)):
[1.0020427  1.002322   1.04186359 1.00192029 0.99996504 1.00233198]

Iteration:  14300
Rhat values for alpha, beta, log(sigma^2), mean(xi), log(var(xi)), atanh(corr(xi, eta)):
[1.00175753 1.00188047 1.04129359 1.00187486 0.99996538 1.00242245]

Iteration:  14400
Rhat values for alpha, beta, log(sigma^2), mean(xi), log(var(xi)), atanh(corr(xi, eta)):
[1.00158723 1.00160735 1.04073931 1.00182757 0.99995964 1.0024368 ]

Iteration:  14500
Rhat values for alpha, beta, log(sigma^2), mean(xi), log(var(xi)), atanh(corr(xi, eta)):
[1.00157895 1.00155362 1.04019268 1.00183236 0.99996002 1.00240325]

Iteration:  14600
Rhat values for alpha, beta, log(sigma^2), mean(xi), log(var(xi)), atanh(corr(xi, eta)):
[1.00148244 1.00144457 1.0395963  1.00168747 0.99996024 1.00233874]

Iteration:  14700
Rhat values for alpha, beta, log(sigma^2), mean(xi), log(var(xi)), atanh(corr(xi, eta)):
[1.00134436 1.00133383 1.0384566  1.00182242 0.99996077 1.0022326 ]

Iteration:  14800
Rhat values for alpha, beta, log(sigma^2), mean(xi), log(var(xi)), atanh(corr(xi, eta)):
[1.00146889 1.00152443 1.03716089 1.00178563 0.99996099 1.00228018]

Iteration:  14900
Rhat values for alpha, beta, log(sigma^2), mean(xi), log(var(xi)), atanh(corr(xi, eta)):
[1.00132619 1.00141946 1.03626617 1.00172005 0.99996106 1.00222146]

Iteration:  15000
Rhat values for alpha, beta, log(sigma^2), mean(xi), log(var(xi)), atanh(corr(xi, eta)):
[1.001243   1.00133723 1.03551828 1.00172172 0.99996113 1.0020439 ]

Iteration:  15100
Rhat values for alpha, beta, log(sigma^2), mean(xi), log(var(xi)), atanh(corr(xi, eta)):
[1.0012509  1.00136001 1.03468499 1.00179397 0.9999613  1.00199031]

Iteration:  15200
Rhat values for alpha, beta, log(sigma^2), mean(xi), log(var(xi)), atanh(corr(xi, eta)):
[1.00117827 1.00121894 1.034357   1.00167309 0.9999616  1.00205193]

Iteration:  15300
Rhat values for alpha, beta, log(sigma^2), mean(xi), log(var(xi)), atanh(corr(xi, eta)):
[1.00129651 1.00118308 1.03419071 1.00152026 0.99996313 1.00215795]

Iteration:  15400
Rhat values for alpha, beta, log(sigma^2), mean(xi), log(var(xi)), atanh(corr(xi, eta)):
[1.00144724 1.00123243 1.03396556 1.00146619 0.99996308 1.00235938]

Iteration:  15500
Rhat values for alpha, beta, log(sigma^2), mean(xi), log(var(xi)), atanh(corr(xi, eta)):
[1.00151885 1.00122788 1.03368527 1.00145472 0.99996327 1.00248823]

Iteration:  15600
Rhat values for alpha, beta, log(sigma^2), mean(xi), log(var(xi)), atanh(corr(xi, eta)):
[1.00150104 1.00116814 1.03397592 1.00147864 0.99996364 1.00255106]

Iteration:  15700
Rhat values for alpha, beta, log(sigma^2), mean(xi), log(var(xi)), atanh(corr(xi, eta)):
[1.00129577 1.00090829 1.03463704 1.00132697 0.99996364 1.00244035]

Iteration:  15800
Rhat values for alpha, beta, log(sigma^2), mean(xi), log(var(xi)), atanh(corr(xi, eta)):
[1.00115346 1.00075506 1.0355279  1.00119557 0.99996383 1.00232792]

Iteration:  15900
Rhat values for alpha, beta, log(sigma^2), mean(xi), log(var(xi)), atanh(corr(xi, eta)):
[1.00091217 1.00056201 1.03631442 1.00117528 0.99996414 1.00221739]

Iteration:  16000
Rhat values for alpha, beta, log(sigma^2), mean(xi), log(var(xi)), atanh(corr(xi, eta)):
[1.00096934 1.00058587 1.03698309 1.00116762 0.99996461 1.00229406]

Iteration:  16100
Rhat values for alpha, beta, log(sigma^2), mean(xi), log(var(xi)), atanh(corr(xi, eta)):
[1.00089091 1.00047567 1.03761833 1.00108991 0.99996489 1.00235247]

Iteration:  16200
Rhat values for alpha, beta, log(sigma^2), mean(xi), log(var(xi)), atanh(corr(xi, eta)):
[1.00069539 1.00026772 1.0377098  1.00112985 0.99996518 1.0022202 ]

Iteration:  16300
Rhat values for alpha, beta, log(sigma^2), mean(xi), log(var(xi)), atanh(corr(xi, eta)):
[1.00071373 1.00018911 1.03795514 1.00116389 0.99996535 1.00226046]

Iteration:  16400
Rhat values for alpha, beta, log(sigma^2), mean(xi), log(var(xi)), atanh(corr(xi, eta)):
[1.00070001 1.00015025 1.03754641 1.0012305  0.99996558 1.00223105]

Iteration:  16500
Rhat values for alpha, beta, log(sigma^2), mean(xi), log(var(xi)), atanh(corr(xi, eta)):
[1.00062828 1.00015352 1.03738215 1.001264   0.99996536 1.00218157]

Iteration:  16600
Rhat values for alpha, beta, log(sigma^2), mean(xi), log(var(xi)), atanh(corr(xi, eta)):
[1.00049827 1.00011782 1.03652526 1.00124862 0.99996533 1.00204675]

Iteration:  16700
Rhat values for alpha, beta, log(sigma^2), mean(xi), log(var(xi)), atanh(corr(xi, eta)):
[1.00054263 1.0001478  1.03603519 1.00116439 0.99996536 1.00211632]

Iteration:  16800
Rhat values for alpha, beta, log(sigma^2), mean(xi), log(var(xi)), atanh(corr(xi, eta)):
[1.00063833 1.00021643 1.035904   1.00100952 0.99996529 1.00218821]

Iteration:  16900
Rhat values for alpha, beta, log(sigma^2), mean(xi), log(var(xi)), atanh(corr(xi, eta)):
[1.00062868 1.00021635 1.0364262  1.00105243 0.99996539 1.00220183]

Iteration:  17000
Rhat values for alpha, beta, log(sigma^2), mean(xi), log(var(xi)), atanh(corr(xi, eta)):
[1.00070407 1.00028303 1.03647191 1.00094317 0.9999655  1.00230664]

Iteration:  17100
Rhat values for alpha, beta, log(sigma^2), mean(xi), log(var(xi)), atanh(corr(xi, eta)):
[1.00059709 1.00022141 1.03647802 1.00103436 0.99996596 1.00221216]

Iteration:  17200
Rhat values for alpha, beta, log(sigma^2), mean(xi), log(var(xi)), atanh(corr(xi, eta)):
[1.00053443 1.00019683 1.03696592 1.00102123 0.99996622 1.00210067]

Iteration:  17300
Rhat values for alpha, beta, log(sigma^2), mean(xi), log(var(xi)), atanh(corr(xi, eta)):
[1.00040319 1.00018128 1.0375391  1.00112274 0.9999666  1.001937  ]

Iteration:  17400
Rhat values for alpha, beta, log(sigma^2), mean(xi), log(var(xi)), atanh(corr(xi, eta)):
[1.0003544  1.00023247 1.03788828 1.00115782 0.99996679 1.00185127]

Iteration:  17500
Rhat values for alpha, beta, log(sigma^2), mean(xi), log(var(xi)), atanh(corr(xi, eta)):
[1.00029273 1.00022226 1.03835349 1.00105676 0.99996698 1.00173173]

Iteration:  17600
Rhat values for alpha, beta, log(sigma^2), mean(xi), log(var(xi)), atanh(corr(xi, eta)):
[1.00028608 1.00029005 1.03809689 1.00097097 0.99996705 1.00158599]

Iteration:  17700
Rhat values for alpha, beta, log(sigma^2), mean(xi), log(var(xi)), atanh(corr(xi, eta)):
[1.000304   1.00031823 1.03790191 1.000983   0.99996734 1.00160434]

Iteration:  17800
Rhat values for alpha, beta, log(sigma^2), mean(xi), log(var(xi)), atanh(corr(xi, eta)):
[1.00033941 1.00036825 1.03858699 1.00106656 0.99996731 1.00166867]

Iteration:  17900
Rhat values for alpha, beta, log(sigma^2), mean(xi), log(var(xi)), atanh(corr(xi, eta)):
[1.00026382 1.00034241 1.0394903  1.00099105 0.99996727 1.00157322]

Iteration:  18000
Rhat values for alpha, beta, log(sigma^2), mean(xi), log(var(xi)), atanh(corr(xi, eta)):
[1.00025168 1.00031781 1.03952005 1.00091539 0.99996754 1.00157452]

Iteration:  18100
Rhat values for alpha, beta, log(sigma^2), mean(xi), log(var(xi)), atanh(corr(xi, eta)):
[1.00024309 1.0002963  1.03934379 1.00094041 0.99996774 1.00169046]

Iteration:  18200
Rhat values for alpha, beta, log(sigma^2), mean(xi), log(var(xi)), atanh(corr(xi, eta)):
[1.00029495 1.00032417 1.03936572 1.00107263 0.99996839 1.00183521]

Iteration:  18300
Rhat values for alpha, beta, log(sigma^2), mean(xi), log(var(xi)), atanh(corr(xi, eta)):
[1.00040961 1.00048514 1.03919055 1.00107448 0.99996846 1.00188993]

Iteration:  18400
Rhat values for alpha, beta, log(sigma^2), mean(xi), log(var(xi)), atanh(corr(xi, eta)):
[1.0005365  1.00062819 1.03986193 1.00115708 0.99996872 1.00183402]

Iteration:  18500
Rhat values for alpha, beta, log(sigma^2), mean(xi), log(var(xi)), atanh(corr(xi, eta)):
[1.00074925 1.00085711 1.03999751 1.00122089 0.99996918 1.00193551]

Iteration:  18600
Rhat values for alpha, beta, log(sigma^2), mean(xi), log(var(xi)), atanh(corr(xi, eta)):
[1.00085615 1.00099208 1.04054362 1.00114534 0.99996965 1.00197115]

Iteration:  18700
Rhat values for alpha, beta, log(sigma^2), mean(xi), log(var(xi)), atanh(corr(xi, eta)):
[1.00104591 1.00112588 1.04088689 1.00115804 0.9999699  1.00212061]

Iteration:  18800
Rhat values for alpha, beta, log(sigma^2), mean(xi), log(var(xi)), atanh(corr(xi, eta)):
[1.00136858 1.00137478 1.0402661  1.00109191 0.99996974 1.00244253]

Iteration:  18900
Rhat values for alpha, beta, log(sigma^2), mean(xi), log(var(xi)), atanh(corr(xi, eta)):
[1.00157377 1.00151727 1.03963234 1.00120546 0.99996988 1.00262103]

Iteration:  19000
Rhat values for alpha, beta, log(sigma^2), mean(xi), log(var(xi)), atanh(corr(xi, eta)):
[1.00172185 1.00163748 1.0390875  1.00134458 0.99997027 1.00264649]

Iteration:  19100
Rhat values for alpha, beta, log(sigma^2), mean(xi), log(var(xi)), atanh(corr(xi, eta)):
[1.00177335 1.00160464 1.03827959 1.00142796 0.99997075 1.00261776]

Iteration:  19200
Rhat values for alpha, beta, log(sigma^2), mean(xi), log(var(xi)), atanh(corr(xi, eta)):
[1.00173946 1.00154054 1.03759142 1.0015669  0.99997124 1.0025507 ]

Iteration:  19300
Rhat values for alpha, beta, log(sigma^2), mean(xi), log(var(xi)), atanh(corr(xi, eta)):
[1.00182004 1.0015513  1.03701343 1.00169137 0.99997181 1.00248613]

Iteration:  19400
Rhat values for alpha, beta, log(sigma^2), mean(xi), log(var(xi)), atanh(corr(xi, eta)):
[1.00181792 1.00151469 1.03634943 1.00166887 0.99997203 1.0023804 ]

Iteration:  19500
Rhat values for alpha, beta, log(sigma^2), mean(xi), log(var(xi)), atanh(corr(xi, eta)):
[1.00186308 1.00153049 1.03600082 1.00168751 0.99997243 1.00228995]

Iteration:  19600
Rhat values for alpha, beta, log(sigma^2), mean(xi), log(var(xi)), atanh(corr(xi, eta)):
[1.00203924 1.00162827 1.03606291 1.00184661 0.99997302 1.00233457]

Iteration:  19700
Rhat values for alpha, beta, log(sigma^2), mean(xi), log(var(xi)), atanh(corr(xi, eta)):
[1.00206545 1.00157307 1.03612367 1.00194712 0.99997351 1.00236624]

Iteration:  19800
Rhat values for alpha, beta, log(sigma^2), mean(xi), log(var(xi)), atanh(corr(xi, eta)):
[1.00218755 1.00160861 1.03627933 1.0018406  0.99997371 1.00247527]

Iteration:  19900
Rhat values for alpha, beta, log(sigma^2), mean(xi), log(var(xi)), atanh(corr(xi, eta)):
[1.00238532 1.00174344 1.03622411 1.00179417 0.99997342 1.00260296]

Iteration:  20000
Rhat values for alpha, beta, log(sigma^2), mean(xi), log(var(xi)), atanh(corr(xi, eta)):
[1.00257752 1.0018665  1.03628207 1.00195535 0.99997361 1.0027487 ]
{"name": "G11_first_hr_corrected_error_diag_0.42", "n": 196, "mean": -0.005495541764576022, "sd": 0.012027640668314727, "median": -0.005349799462112733, "q16_84": [-0.01707746433616415, 0.005983614176012987], "q025_975": [-0.029732406946063113, 0.018081310306221694], "p_negative": 0.67365, "scatter_mean": 0.02381473438563134, "retained_draws": 40000, "seed": 20260920, "rhat_retained": {"alpha": 1.0321349717308301, "beta": 1.0333736720043325, "sigsqr": 1.0166806893573863}}
START G11_first_hr_no_bias_error_diag_0.42 196

Iteration:  100
Rhat values for alpha, beta, log(sigma^2), mean(xi), log(var(xi)), atanh(corr(xi, eta)):
[1.05056398 1.06158097 1.11274465 1.094569   1.08397483 1.22437575]

Iteration:  200
Rhat values for alpha, beta, log(sigma^2), mean(xi), log(var(xi)), atanh(corr(xi, eta)):
[1.01652497 1.01849356 1.17745907 1.07565687 1.012955   1.02426903]

Iteration:  300
Rhat values for alpha, beta, log(sigma^2), mean(xi), log(var(xi)), atanh(corr(xi, eta)):
[1.007206   1.00625938 1.23416332 1.04747436 1.00234808 1.01333043]

Iteration:  400
Rhat values for alpha, beta, log(sigma^2), mean(xi), log(var(xi)), atanh(corr(xi, eta)):
[1.01281383 1.01026572 1.2446694  1.04013649 1.00629415 1.04864683]

Iteration:  500
Rhat values for alpha, beta, log(sigma^2), mean(xi), log(var(xi)), atanh(corr(xi, eta)):
[1.01598812 1.01461096 1.28079455 1.03348981 1.00308386 1.09154491]

Iteration:  600
Rhat values for alpha, beta, log(sigma^2), mean(xi), log(var(xi)), atanh(corr(xi, eta)):
[1.02087428 1.0230061  1.26969567 1.03074362 1.00816824 1.10901511]

Iteration:  700
Rhat values for alpha, beta, log(sigma^2), mean(xi), log(var(xi)), atanh(corr(xi, eta)):
[1.01906633 1.01940159 1.19617862 1.02230954 1.00642538 1.06440302]

Iteration:  800
Rhat values for alpha, beta, log(sigma^2), mean(xi), log(var(xi)), atanh(corr(xi, eta)):
[1.01745916 1.01844596 1.14396753 1.01575521 1.00583585 1.05506729]

Iteration:  900
Rhat values for alpha, beta, log(sigma^2), mean(xi), log(var(xi)), atanh(corr(xi, eta)):
[1.02354959 1.02358362 1.1393654  1.01533922 1.00376063 1.0892646 ]

Iteration:  1000
Rhat values for alpha, beta, log(sigma^2), mean(xi), log(var(xi)), atanh(corr(xi, eta)):
[1.03228811 1.03461609 1.12009561 1.01813225 1.00371776 1.11378624]

Iteration:  1100
Rhat values for alpha, beta, log(sigma^2), mean(xi), log(var(xi)), atanh(corr(xi, eta)):
[1.03260387 1.03498308 1.10534167 1.01882485 0.99987311 1.11292013]

Iteration:  1200
Rhat values for alpha, beta, log(sigma^2), mean(xi), log(var(xi)), atanh(corr(xi, eta)):
[1.03537806 1.03431312 1.0929046  1.01931925 0.99994597 1.10296925]

Iteration:  1300
Rhat values for alpha, beta, log(sigma^2), mean(xi), log(var(xi)), atanh(corr(xi, eta)):
[1.03696302 1.03566888 1.07966749 1.02406809 0.9999877  1.08625864]

Iteration:  1400
Rhat values for alpha, beta, log(sigma^2), mean(xi), log(var(xi)), atanh(corr(xi, eta)):
[1.03599641 1.03392875 1.08119252 1.02289458 1.00007143 1.08447092]

Iteration:  1500
Rhat values for alpha, beta, log(sigma^2), mean(xi), log(var(xi)), atanh(corr(xi, eta)):
[1.03209843 1.02925163 1.08124465 1.02243635 1.00010206 1.07772126]

Iteration:  1600
Rhat values for alpha, beta, log(sigma^2), mean(xi), log(var(xi)), atanh(corr(xi, eta)):
[1.03117656 1.0282851  1.08634547 1.02031437 1.00014555 1.0774351 ]

Iteration:  1700
Rhat values for alpha, beta, log(sigma^2), mean(xi), log(var(xi)), atanh(corr(xi, eta)):
[1.0286793  1.02503875 1.09545648 1.01824156 1.00013681 1.08355341]

Iteration:  1800
Rhat values for alpha, beta, log(sigma^2), mean(xi), log(var(xi)), atanh(corr(xi, eta)):
[1.02321326 1.02022551 1.10009402 1.01813239 1.00000461 1.08375442]

Iteration:  1900
Rhat values for alpha, beta, log(sigma^2), mean(xi), log(var(xi)), atanh(corr(xi, eta)):
[1.01791584 1.01665581 1.10469029 1.0167697  0.99997372 1.0934898 ]

Iteration:  2000
Rhat values for alpha, beta, log(sigma^2), mean(xi), log(var(xi)), atanh(corr(xi, eta)):
[1.01547869 1.01468354 1.10733157 1.01508146 0.99994714 1.0993333 ]

Iteration:  2100
Rhat values for alpha, beta, log(sigma^2), mean(xi), log(var(xi)), atanh(corr(xi, eta)):
[1.01441949 1.01552744 1.12211083 1.01509504 0.99991227 1.1120211 ]

Iteration:  2200
Rhat values for alpha, beta, log(sigma^2), mean(xi), log(var(xi)), atanh(corr(xi, eta)):
[1.01476727 1.01709551 1.12497346 1.01356181 0.99984675 1.12253818]

Iteration:  2300
Rhat values for alpha, beta, log(sigma^2), mean(xi), log(var(xi)), atanh(corr(xi, eta)):
[1.01465581 1.01710762 1.12028847 1.01197523 0.99982507 1.12301226]

Iteration:  2400
Rhat values for alpha, beta, log(sigma^2), mean(xi), log(var(xi)), atanh(corr(xi, eta)):
[1.01293101 1.01726694 1.10965701 1.01207535 0.99984886 1.11625874]

Iteration:  2500
Rhat values for alpha, beta, log(sigma^2), mean(xi), log(var(xi)), atanh(corr(xi, eta)):
[1.01172412 1.0178576  1.10634912 1.01326515 0.99986569 1.11145238]

Iteration:  2600
Rhat values for alpha, beta, log(sigma^2), mean(xi), log(var(xi)), atanh(corr(xi, eta)):
[1.01036782 1.01671552 1.09502265 1.01366961 0.99998422 1.09715976]

Iteration:  2700
Rhat values for alpha, beta, log(sigma^2), mean(xi), log(var(xi)), atanh(corr(xi, eta)):
[1.01031718 1.01601005 1.08765073 1.01258256 0.99999464 1.08973598]

Iteration:  2800
Rhat values for alpha, beta, log(sigma^2), mean(xi), log(var(xi)), atanh(corr(xi, eta)):
[1.01011006 1.01452492 1.08163054 1.01319228 1.00003701 1.08156383]

Iteration:  2900
Rhat values for alpha, beta, log(sigma^2), mean(xi), log(var(xi)), atanh(corr(xi, eta)):
[1.01017523 1.01284147 1.07365892 1.01257676 1.00003707 1.07091615]

Iteration:  3000
Rhat values for alpha, beta, log(sigma^2), mean(xi), log(var(xi)), atanh(corr(xi, eta)):
[1.01022889 1.01139289 1.069591   1.01244661 1.00004018 1.06283637]

Iteration:  3100
Rhat values for alpha, beta, log(sigma^2), mean(xi), log(var(xi)), atanh(corr(xi, eta)):
[1.01045855 1.0098877  1.06585109 1.01409857 1.00004887 1.06051562]

Iteration:  3200
Rhat values for alpha, beta, log(sigma^2), mean(xi), log(var(xi)), atanh(corr(xi, eta)):
[1.01140925 1.00897719 1.06727471 1.01424794 1.0000929  1.06268034]

Iteration:  3300
Rhat values for alpha, beta, log(sigma^2), mean(xi), log(var(xi)), atanh(corr(xi, eta)):
[1.01516722 1.01134268 1.07129491 1.01220585 1.00012081 1.06895436]

Iteration:  3400
Rhat values for alpha, beta, log(sigma^2), mean(xi), log(var(xi)), atanh(corr(xi, eta)):
[1.01693057 1.01217923 1.07456184 1.0101844  1.00012679 1.07351175]

Iteration:  3500
Rhat values for alpha, beta, log(sigma^2), mean(xi), log(var(xi)), atanh(corr(xi, eta)):
[1.01824858 1.01364245 1.07108719 1.00873245 1.00010217 1.07365492]

Iteration:  3600
Rhat values for alpha, beta, log(sigma^2), mean(xi), log(var(xi)), atanh(corr(xi, eta)):
[1.01852432 1.01437055 1.06451265 1.00960364 1.00008839 1.06894249]

Iteration:  3700
Rhat values for alpha, beta, log(sigma^2), mean(xi), log(var(xi)), atanh(corr(xi, eta)):
[1.02092934 1.01733685 1.05876688 1.00783452 1.00005371 1.06627095]

Iteration:  3800
Rhat values for alpha, beta, log(sigma^2), mean(xi), log(var(xi)), atanh(corr(xi, eta)):
[1.02421926 1.02041706 1.05727402 1.00865806 1.00007626 1.06351614]

Iteration:  3900
Rhat values for alpha, beta, log(sigma^2), mean(xi), log(var(xi)), atanh(corr(xi, eta)):
[1.02594655 1.02142974 1.05741088 1.00945082 1.00005258 1.05884434]

Iteration:  4000
Rhat values for alpha, beta, log(sigma^2), mean(xi), log(var(xi)), atanh(corr(xi, eta)):
[1.02653846 1.02080627 1.05260562 1.00967488 1.00007545 1.05105816]

Iteration:  4100
Rhat values for alpha, beta, log(sigma^2), mean(xi), log(var(xi)), atanh(corr(xi, eta)):
[1.02509925 1.01912073 1.04786513 1.00821154 1.00008953 1.04352351]

Iteration:  4200
Rhat values for alpha, beta, log(sigma^2), mean(xi), log(var(xi)), atanh(corr(xi, eta)):
[1.02555154 1.01928664 1.0456184  1.00798651 1.00011587 1.03894335]

Iteration:  4300
Rhat values for alpha, beta, log(sigma^2), mean(xi), log(var(xi)), atanh(corr(xi, eta)):
[1.02649337 1.01947704 1.04326629 1.00763136 0.99985    1.0358463 ]

Iteration:  4400
Rhat values for alpha, beta, log(sigma^2), mean(xi), log(var(xi)), atanh(corr(xi, eta)):
[1.02743739 1.02021139 1.03877487 1.00783767 0.99986119 1.03158061]

Iteration:  4500
Rhat values for alpha, beta, log(sigma^2), mean(xi), log(var(xi)), atanh(corr(xi, eta)):
[1.02673124 1.01975741 1.03592735 1.00787195 0.99987581 1.02708436]

Iteration:  4600
Rhat values for alpha, beta, log(sigma^2), mean(xi), log(var(xi)), atanh(corr(xi, eta)):
[1.02639595 1.01992231 1.03281049 1.00710757 0.99988505 1.02314892]

Iteration:  4700
Rhat values for alpha, beta, log(sigma^2), mean(xi), log(var(xi)), atanh(corr(xi, eta)):
[1.02663078 1.0197648  1.03091028 1.00818972 0.99990052 1.01949943]

Iteration:  4800
Rhat values for alpha, beta, log(sigma^2), mean(xi), log(var(xi)), atanh(corr(xi, eta)):
[1.02684038 1.01910653 1.02845759 1.00868962 0.99991822 1.01680468]

Iteration:  4900
Rhat values for alpha, beta, log(sigma^2), mean(xi), log(var(xi)), atanh(corr(xi, eta)):
[1.02774159 1.01880652 1.02925781 1.008108   0.99993004 1.01604394]

Iteration:  5000
Rhat values for alpha, beta, log(sigma^2), mean(xi), log(var(xi)), atanh(corr(xi, eta)):
[1.026831   1.01724941 1.02878721 1.00883072 0.99996153 1.0147097 ]

Iteration:  5100
Rhat values for alpha, beta, log(sigma^2), mean(xi), log(var(xi)), atanh(corr(xi, eta)):
[1.02536161 1.0156629  1.02997933 1.00842179 0.99995862 1.01289286]

Iteration:  5200
Rhat values for alpha, beta, log(sigma^2), mean(xi), log(var(xi)), atanh(corr(xi, eta)):
[1.02349697 1.01413364 1.03183965 1.00837742 1.00004101 1.01246577]

Iteration:  5300
Rhat values for alpha, beta, log(sigma^2), mean(xi), log(var(xi)), atanh(corr(xi, eta)):
[1.01986801 1.01167892 1.03075591 1.00971143 1.00004693 1.01091588]

Iteration:  5400
Rhat values for alpha, beta, log(sigma^2), mean(xi), log(var(xi)), atanh(corr(xi, eta)):
[1.02057962 1.01232671 1.0326379  1.01035054 1.00004718 1.00960232]

Iteration:  5500
Rhat values for alpha, beta, log(sigma^2), mean(xi), log(var(xi)), atanh(corr(xi, eta)):
[1.02086216 1.0124925  1.03454112 1.01014237 1.00004401 1.008453  ]

Iteration:  5600
Rhat values for alpha, beta, log(sigma^2), mean(xi), log(var(xi)), atanh(corr(xi, eta)):
[1.02052781 1.01218498 1.03700938 1.00934055 1.0000399  1.00889589]

Iteration:  5700
Rhat values for alpha, beta, log(sigma^2), mean(xi), log(var(xi)), atanh(corr(xi, eta)):
[1.02076518 1.01225693 1.03949355 1.00935614 1.0000376  1.00995538]

Iteration:  5800
Rhat values for alpha, beta, log(sigma^2), mean(xi), log(var(xi)), atanh(corr(xi, eta)):
[1.02131991 1.01256684 1.04209784 1.00905993 1.00003753 1.01093968]

Iteration:  5900
Rhat values for alpha, beta, log(sigma^2), mean(xi), log(var(xi)), atanh(corr(xi, eta)):
[1.02207568 1.0136606  1.04138239 1.00882984 1.00003742 1.01094718]

Iteration:  6000
Rhat values for alpha, beta, log(sigma^2), mean(xi), log(var(xi)), atanh(corr(xi, eta)):
[1.02184678 1.01348491 1.04094725 1.00757005 1.00003568 1.01180683]

Iteration:  6100
Rhat values for alpha, beta, log(sigma^2), mean(xi), log(var(xi)), atanh(corr(xi, eta)):
[1.01984283 1.01226498 1.04145479 1.00758097 1.00003823 1.01152782]

Iteration:  6200
Rhat values for alpha, beta, log(sigma^2), mean(xi), log(var(xi)), atanh(corr(xi, eta)):
[1.01599892 1.00996758 1.04085169 1.00708331 1.00003887 1.01121349]

Iteration:  6300
Rhat values for alpha, beta, log(sigma^2), mean(xi), log(var(xi)), atanh(corr(xi, eta)):
[1.01292848 1.00821708 1.0407541  1.00677467 1.00003928 1.01294528]

Iteration:  6400
Rhat values for alpha, beta, log(sigma^2), mean(xi), log(var(xi)), atanh(corr(xi, eta)):
[1.01098383 1.00708195 1.03947382 1.00641418 1.00003818 1.01441011]

Iteration:  6500
Rhat values for alpha, beta, log(sigma^2), mean(xi), log(var(xi)), atanh(corr(xi, eta)):
[1.01076201 1.00681976 1.0396016  1.00575507 1.00003631 1.01678581]

Iteration:  6600
Rhat values for alpha, beta, log(sigma^2), mean(xi), log(var(xi)), atanh(corr(xi, eta)):
[1.0114924  1.00740709 1.04177816 1.00608776 1.00003576 1.0200887 ]

Iteration:  6700
Rhat values for alpha, beta, log(sigma^2), mean(xi), log(var(xi)), atanh(corr(xi, eta)):
[1.01111414 1.00705144 1.04697123 1.00575893 1.00003027 1.02402328]

Iteration:  6800
Rhat values for alpha, beta, log(sigma^2), mean(xi), log(var(xi)), atanh(corr(xi, eta)):
[1.00851589 1.00503171 1.05252963 1.00530621 1.00002865 1.0276494 ]

Iteration:  6900
Rhat values for alpha, beta, log(sigma^2), mean(xi), log(var(xi)), atanh(corr(xi, eta)):
[1.00673181 1.00341419 1.05892509 1.00526696 1.00003078 1.03169603]

Iteration:  7000
Rhat values for alpha, beta, log(sigma^2), mean(xi), log(var(xi)), atanh(corr(xi, eta)):
[1.00571581 1.00270571 1.0636926  1.00499624 1.00003019 1.035647  ]

Iteration:  7100
Rhat values for alpha, beta, log(sigma^2), mean(xi), log(var(xi)), atanh(corr(xi, eta)):
[1.00493175 1.00205263 1.06691439 1.00491856 1.00002881 1.03931095]

Iteration:  7200
Rhat values for alpha, beta, log(sigma^2), mean(xi), log(var(xi)), atanh(corr(xi, eta)):
[1.00508941 1.00188127 1.07146461 1.00506919 1.00002911 1.04392421]

Iteration:  7300
Rhat values for alpha, beta, log(sigma^2), mean(xi), log(var(xi)), atanh(corr(xi, eta)):
[1.00444298 1.00145851 1.07531028 1.0053621  1.00003083 1.0474693 ]

Iteration:  7400
Rhat values for alpha, beta, log(sigma^2), mean(xi), log(var(xi)), atanh(corr(xi, eta)):
[1.00391772 1.00119529 1.08032781 1.0059492  1.00003296 1.05114164]

Iteration:  7500
Rhat values for alpha, beta, log(sigma^2), mean(xi), log(var(xi)), atanh(corr(xi, eta)):
[1.00463589 1.00166283 1.08355547 1.00584075 1.00003226 1.05437447]

Iteration:  7600
Rhat values for alpha, beta, log(sigma^2), mean(xi), log(var(xi)), atanh(corr(xi, eta)):
[1.00562927 1.00232645 1.08613513 1.00542753 1.00003347 1.05733853]

Iteration:  7700
Rhat values for alpha, beta, log(sigma^2), mean(xi), log(var(xi)), atanh(corr(xi, eta)):
[1.00613358 1.00281206 1.0892253  1.00467092 0.99999944 1.06027367]

Iteration:  7800
Rhat values for alpha, beta, log(sigma^2), mean(xi), log(var(xi)), atanh(corr(xi, eta)):
[1.00619496 1.00309252 1.09383935 1.00432914 0.9999994  1.06492147]

Iteration:  7900
Rhat values for alpha, beta, log(sigma^2), mean(xi), log(var(xi)), atanh(corr(xi, eta)):
[1.00710276 1.00381311 1.09981578 1.00396428 0.99999937 1.07056817]

Iteration:  8000
Rhat values for alpha, beta, log(sigma^2), mean(xi), log(var(xi)), atanh(corr(xi, eta)):
[1.00843702 1.00485935 1.10674981 1.00396371 0.99999942 1.0771381 ]

Iteration:  8100
Rhat values for alpha, beta, log(sigma^2), mean(xi), log(var(xi)), atanh(corr(xi, eta)):
[1.00998641 1.00610876 1.11352047 1.00376244 0.99999942 1.08374212]

Iteration:  8200
Rhat values for alpha, beta, log(sigma^2), mean(xi), log(var(xi)), atanh(corr(xi, eta)):
[1.01135332 1.00733415 1.11812523 1.00396071 0.99999942 1.08902544]

Iteration:  8300
Rhat values for alpha, beta, log(sigma^2), mean(xi), log(var(xi)), atanh(corr(xi, eta)):
[1.01282717 1.00867087 1.1238719  1.00402888 0.99999943 1.09445645]

Iteration:  8400
Rhat values for alpha, beta, log(sigma^2), mean(xi), log(var(xi)), atanh(corr(xi, eta)):
[1.01442212 1.01005802 1.12859519 1.00383628 0.99999946 1.09909831]

Iteration:  8500
Rhat values for alpha, beta, log(sigma^2), mean(xi), log(var(xi)), atanh(corr(xi, eta)):
[1.01614002 1.01165325 1.13423259 1.00362595 0.99999945 1.1045816 ]

Iteration:  8600
Rhat values for alpha, beta, log(sigma^2), mean(xi), log(var(xi)), atanh(corr(xi, eta)):
[1.01752909 1.01302833 1.13996408 1.00357557 0.99999947 1.10953907]

Iteration:  8700
Rhat values for alpha, beta, log(sigma^2), mean(xi), log(var(xi)), atanh(corr(xi, eta)):
[1.01852679 1.01380291 1.14294774 1.00341388 0.99999947 1.1138392 ]

Iteration:  8800
Rhat values for alpha, beta, log(sigma^2), mean(xi), log(var(xi)), atanh(corr(xi, eta)):
[1.02101636 1.01594807 1.14253803 1.0033093  0.99999945 1.11719556]

Iteration:  8900
Rhat values for alpha, beta, log(sigma^2), mean(xi), log(var(xi)), atanh(corr(xi, eta)):
[1.02321974 1.01808172 1.13910183 1.00275882 0.99999947 1.11867573]

Iteration:  9000
Rhat values for alpha, beta, log(sigma^2), mean(xi), log(var(xi)), atanh(corr(xi, eta)):
[1.0245889  1.01916847 1.13532789 1.00290981 0.99999946 1.11851458]

Iteration:  9100
Rhat values for alpha, beta, log(sigma^2), mean(xi), log(var(xi)), atanh(corr(xi, eta)):
[1.02445623 1.01888868 1.13089039 1.00302148 0.99999941 1.11577282]

Iteration:  9200
Rhat values for alpha, beta, log(sigma^2), mean(xi), log(var(xi)), atanh(corr(xi, eta)):
[1.02411256 1.01865472 1.12628666 1.00330865 0.99999935 1.11314869]

Iteration:  9300
Rhat values for alpha, beta, log(sigma^2), mean(xi), log(var(xi)), atanh(corr(xi, eta)):
[1.02230111 1.01663556 1.12337051 1.00357967 0.99999934 1.10918853]

Iteration:  9400
Rhat values for alpha, beta, log(sigma^2), mean(xi), log(var(xi)), atanh(corr(xi, eta)):
[1.02083083 1.01546967 1.12329195 1.00352285 0.99999937 1.10391921]

Iteration:  9500
Rhat values for alpha, beta, log(sigma^2), mean(xi), log(var(xi)), atanh(corr(xi, eta)):
[1.02019056 1.01497281 1.12205433 1.00373794 0.99999937 1.09844645]

Iteration:  9600
Rhat values for alpha, beta, log(sigma^2), mean(xi), log(var(xi)), atanh(corr(xi, eta)):
[1.01906187 1.01427522 1.12025328 1.00380017 0.99999937 1.09417926]

Iteration:  9700
Rhat values for alpha, beta, log(sigma^2), mean(xi), log(var(xi)), atanh(corr(xi, eta)):
[1.01828474 1.01360986 1.1167732  1.0037827  0.99999936 1.09083519]

Iteration:  9800
Rhat values for alpha, beta, log(sigma^2), mean(xi), log(var(xi)), atanh(corr(xi, eta)):
[1.01736354 1.01286492 1.11454431 1.00370509 0.99999934 1.08737398]

Iteration:  9900
Rhat values for alpha, beta, log(sigma^2), mean(xi), log(var(xi)), atanh(corr(xi, eta)):
[1.01755182 1.01317734 1.11078381 1.00355462 0.99999933 1.08596949]

Iteration:  10000
Rhat values for alpha, beta, log(sigma^2), mean(xi), log(var(xi)), atanh(corr(xi, eta)):
[1.01685288 1.01281658 1.10754642 1.00349005 0.99999933 1.08294022]

Iteration:  10100
Rhat values for alpha, beta, log(sigma^2), mean(xi), log(var(xi)), atanh(corr(xi, eta)):
[1.01690189 1.01302507 1.10541563 1.00314854 0.99999935 1.08196935]

Iteration:  10200
Rhat values for alpha, beta, log(sigma^2), mean(xi), log(var(xi)), atanh(corr(xi, eta)):
[1.0170929  1.01329568 1.10341112 1.00286474 0.99999935 1.08118002]

Iteration:  10300
Rhat values for alpha, beta, log(sigma^2), mean(xi), log(var(xi)), atanh(corr(xi, eta)):
[1.01808447 1.01440183 1.10306353 1.0029128  0.99999937 1.08185938]

Iteration:  10400
Rhat values for alpha, beta, log(sigma^2), mean(xi), log(var(xi)), atanh(corr(xi, eta)):
[1.01801598 1.01448519 1.10329638 1.00259684 0.99999939 1.08178166]

Iteration:  10500
Rhat values for alpha, beta, log(sigma^2), mean(xi), log(var(xi)), atanh(corr(xi, eta)):
[1.01647737 1.0133111  1.10294166 1.00248519 0.9999994  1.08016603]

Iteration:  10600
Rhat values for alpha, beta, log(sigma^2), mean(xi), log(var(xi)), atanh(corr(xi, eta)):
[1.01489384 1.01210587 1.10069607 1.0026282  0.99999941 1.07644087]

Iteration:  10700
Rhat values for alpha, beta, log(sigma^2), mean(xi), log(var(xi)), atanh(corr(xi, eta)):
[1.01367025 1.01097748 1.09792566 1.00259714 0.99999943 1.07262888]

Iteration:  10800
Rhat values for alpha, beta, log(sigma^2), mean(xi), log(var(xi)), atanh(corr(xi, eta)):
[1.01303336 1.01054641 1.09446548 1.00244763 0.99999944 1.07011682]

Iteration:  10900
Rhat values for alpha, beta, log(sigma^2), mean(xi), log(var(xi)), atanh(corr(xi, eta)):
[1.01235836 1.0100078  1.08965782 1.0022066  0.99999945 1.06628962]

Iteration:  11000
Rhat values for alpha, beta, log(sigma^2), mean(xi), log(var(xi)), atanh(corr(xi, eta)):
[1.01183837 1.00959496 1.0854591  1.00223091 0.99999946 1.06245684]

Iteration:  11100
Rhat values for alpha, beta, log(sigma^2), mean(xi), log(var(xi)), atanh(corr(xi, eta)):
[1.01143413 1.00934679 1.08107849 1.00212341 0.99999948 1.05910748]

Iteration:  11200
Rhat values for alpha, beta, log(sigma^2), mean(xi), log(var(xi)), atanh(corr(xi, eta)):
[1.01066917 1.00891847 1.07664609 1.00214632 0.99999947 1.05584401]

Iteration:  11300
Rhat values for alpha, beta, log(sigma^2), mean(xi), log(var(xi)), atanh(corr(xi, eta)):
[1.01001842 1.00854022 1.07447181 1.00192057 0.99999947 1.0536815 ]

Iteration:  11400
Rhat values for alpha, beta, log(sigma^2), mean(xi), log(var(xi)), atanh(corr(xi, eta)):
[1.0094592  1.0082905  1.07251433 1.00161464 0.99999947 1.05226187]

Iteration:  11500
Rhat values for alpha, beta, log(sigma^2), mean(xi), log(var(xi)), atanh(corr(xi, eta)):
[1.00940708 1.00819931 1.07070359 1.00146722 0.99999945 1.05072072]

Iteration:  11600
Rhat values for alpha, beta, log(sigma^2), mean(xi), log(var(xi)), atanh(corr(xi, eta)):
[1.00966647 1.00840698 1.06855689 1.00146052 0.99999949 1.04970939]

Iteration:  11700
Rhat values for alpha, beta, log(sigma^2), mean(xi), log(var(xi)), atanh(corr(xi, eta)):
[1.01027231 1.00917477 1.067046   1.00161937 0.99999952 1.04942921]

Iteration:  11800
Rhat values for alpha, beta, log(sigma^2), mean(xi), log(var(xi)), atanh(corr(xi, eta)):
[1.01125813 1.01027909 1.06623887 1.00147875 0.99999954 1.04961204]

Iteration:  11900
Rhat values for alpha, beta, log(sigma^2), mean(xi), log(var(xi)), atanh(corr(xi, eta)):
[1.01177817 1.0109963  1.06786072 1.00147357 0.99999953 1.05177684]

Iteration:  12000
Rhat values for alpha, beta, log(sigma^2), mean(xi), log(var(xi)), atanh(corr(xi, eta)):
[1.01234621 1.01164142 1.06893708 1.00133773 0.99999952 1.05338285]

Iteration:  12100
Rhat values for alpha, beta, log(sigma^2), mean(xi), log(var(xi)), atanh(corr(xi, eta)):
[1.01247403 1.01202951 1.07035451 1.00129473 0.99999952 1.0546665 ]

Iteration:  12200
Rhat values for alpha, beta, log(sigma^2), mean(xi), log(var(xi)), atanh(corr(xi, eta)):
[1.0125461  1.01220038 1.07046258 1.0013488  0.99999955 1.05471736]

Iteration:  12300
Rhat values for alpha, beta, log(sigma^2), mean(xi), log(var(xi)), atanh(corr(xi, eta)):
[1.01351064 1.01311625 1.06973753 1.00135369 0.99999957 1.05457259]

Iteration:  12400
Rhat values for alpha, beta, log(sigma^2), mean(xi), log(var(xi)), atanh(corr(xi, eta)):
[1.01496171 1.01438156 1.06853378 1.00137785 0.99999957 1.05429073]

Iteration:  12500
Rhat values for alpha, beta, log(sigma^2), mean(xi), log(var(xi)), atanh(corr(xi, eta)):
[1.01615072 1.0157692  1.06717917 1.00130278 0.9999996  1.0543607 ]

Iteration:  12600
Rhat values for alpha, beta, log(sigma^2), mean(xi), log(var(xi)), atanh(corr(xi, eta)):
[1.01765257 1.01726327 1.06591759 1.0011922  0.9999996  1.05466581]

Iteration:  12700
Rhat values for alpha, beta, log(sigma^2), mean(xi), log(var(xi)), atanh(corr(xi, eta)):
[1.01905686 1.01870653 1.06368838 1.0010572  0.99999961 1.0543907 ]

Iteration:  12800
Rhat values for alpha, beta, log(sigma^2), mean(xi), log(var(xi)), atanh(corr(xi, eta)):
[1.01997471 1.01968933 1.06165052 1.00092571 0.99999961 1.05367564]

Iteration:  12900
Rhat values for alpha, beta, log(sigma^2), mean(xi), log(var(xi)), atanh(corr(xi, eta)):
[1.02060226 1.02062489 1.06009098 1.00083941 0.99999964 1.05336871]

Iteration:  13000
Rhat values for alpha, beta, log(sigma^2), mean(xi), log(var(xi)), atanh(corr(xi, eta)):
[1.02143019 1.02172598 1.05896338 1.00068741 0.99999966 1.05287896]

Iteration:  13100
Rhat values for alpha, beta, log(sigma^2), mean(xi), log(var(xi)), atanh(corr(xi, eta)):
[1.02238914 1.0228155  1.05682747 1.00057254 0.99999967 1.05206381]

Iteration:  13200
Rhat values for alpha, beta, log(sigma^2), mean(xi), log(var(xi)), atanh(corr(xi, eta)):
[1.02238999 1.02304461 1.05673265 1.0005258  0.99999968 1.04970675]

Iteration:  13300
Rhat values for alpha, beta, log(sigma^2), mean(xi), log(var(xi)), atanh(corr(xi, eta)):
[1.02239751 1.02318403 1.05653578 1.00048796 0.99999969 1.04707304]

Iteration:  13400
Rhat values for alpha, beta, log(sigma^2), mean(xi), log(var(xi)), atanh(corr(xi, eta)):
[1.02270167 1.0237165  1.05489224 1.00039451 0.99999967 1.04608774]

Iteration:  13500
Rhat values for alpha, beta, log(sigma^2), mean(xi), log(var(xi)), atanh(corr(xi, eta)):
[1.02304916 1.02441764 1.05246437 1.00034377 0.99999968 1.04481103]

Iteration:  13600
Rhat values for alpha, beta, log(sigma^2), mean(xi), log(var(xi)), atanh(corr(xi, eta)):
[1.02282371 1.02429365 1.0504154  1.00037857 0.99999969 1.04225128]

Iteration:  13700
Rhat values for alpha, beta, log(sigma^2), mean(xi), log(var(xi)), atanh(corr(xi, eta)):
[1.02230288 1.0238479  1.0481268  1.00040134 0.99999967 1.03988076]

Iteration:  13800
Rhat values for alpha, beta, log(sigma^2), mean(xi), log(var(xi)), atanh(corr(xi, eta)):
[1.02120886 1.02272029 1.04581393 1.00048931 0.99999969 1.03769453]

Iteration:  13900
Rhat values for alpha, beta, log(sigma^2), mean(xi), log(var(xi)), atanh(corr(xi, eta)):
[1.01965785 1.02126649 1.04502486 1.00054215 0.99999972 1.03645179]

Iteration:  14000
Rhat values for alpha, beta, log(sigma^2), mean(xi), log(var(xi)), atanh(corr(xi, eta)):
[1.01897798 1.02047985 1.04341914 1.00056732 0.99999972 1.03468374]

Iteration:  14100
Rhat values for alpha, beta, log(sigma^2), mean(xi), log(var(xi)), atanh(corr(xi, eta)):
[1.01778622 1.019203   1.04158135 1.00058409 0.99999955 1.03159954]

Iteration:  14200
Rhat values for alpha, beta, log(sigma^2), mean(xi), log(var(xi)), atanh(corr(xi, eta)):
[1.01676087 1.0181599  1.04105629 1.00052266 0.99999955 1.02923286]

Iteration:  14300
Rhat values for alpha, beta, log(sigma^2), mean(xi), log(var(xi)), atanh(corr(xi, eta)):
[1.01580134 1.01713887 1.03986419 1.00038782 0.99997853 1.02730319]

Iteration:  14400
Rhat values for alpha, beta, log(sigma^2), mean(xi), log(var(xi)), atanh(corr(xi, eta)):
[1.01525384 1.01670724 1.03887754 1.00033001 0.99997868 1.02612988]

Iteration:  14500
Rhat values for alpha, beta, log(sigma^2), mean(xi), log(var(xi)), atanh(corr(xi, eta)):
[1.01404012 1.01557913 1.03763172 1.00025963 0.99997882 1.02560729]

Iteration:  14600
Rhat values for alpha, beta, log(sigma^2), mean(xi), log(var(xi)), atanh(corr(xi, eta)):
[1.01341444 1.01483471 1.03665839 1.00025472 0.99997896 1.02516677]

Iteration:  14700
Rhat values for alpha, beta, log(sigma^2), mean(xi), log(var(xi)), atanh(corr(xi, eta)):
[1.01263506 1.01376279 1.03566935 1.00023531 0.99997909 1.02496708]

Iteration:  14800
Rhat values for alpha, beta, log(sigma^2), mean(xi), log(var(xi)), atanh(corr(xi, eta)):
[1.0123962  1.01341662 1.03405656 1.00027553 0.99997923 1.02501896]

Iteration:  14900
Rhat values for alpha, beta, log(sigma^2), mean(xi), log(var(xi)), atanh(corr(xi, eta)):
[1.01255022 1.01361601 1.03272673 1.00027821 0.99997937 1.02492036]

Iteration:  15000
Rhat values for alpha, beta, log(sigma^2), mean(xi), log(var(xi)), atanh(corr(xi, eta)):
[1.01259217 1.01382472 1.03209001 1.00025607 0.9999795  1.02506268]

Iteration:  15100
Rhat values for alpha, beta, log(sigma^2), mean(xi), log(var(xi)), atanh(corr(xi, eta)):
[1.01150084 1.01275077 1.03106598 1.00029488 0.99997963 1.02400084]

Iteration:  15200
Rhat values for alpha, beta, log(sigma^2), mean(xi), log(var(xi)), atanh(corr(xi, eta)):
[1.01097658 1.0123152  1.03014802 1.00032779 0.99997976 1.02348655]

Iteration:  15300
Rhat values for alpha, beta, log(sigma^2), mean(xi), log(var(xi)), atanh(corr(xi, eta)):
[1.01075317 1.01226927 1.02989824 1.00037785 0.9999799  1.02394603]

Iteration:  15400
Rhat values for alpha, beta, log(sigma^2), mean(xi), log(var(xi)), atanh(corr(xi, eta)):
[1.01029243 1.01185748 1.02979434 1.00041978 0.99998004 1.02407663]

Iteration:  15500
Rhat values for alpha, beta, log(sigma^2), mean(xi), log(var(xi)), atanh(corr(xi, eta)):
[1.01031955 1.01206674 1.03015911 1.00042486 0.9999802  1.02405756]

Iteration:  15600
Rhat values for alpha, beta, log(sigma^2), mean(xi), log(var(xi)), atanh(corr(xi, eta)):
[1.01009561 1.01190993 1.02974744 1.00043478 0.99998033 1.02356022]

Iteration:  15700
Rhat values for alpha, beta, log(sigma^2), mean(xi), log(var(xi)), atanh(corr(xi, eta)):
[1.01006846 1.01189337 1.02870496 1.00037701 0.99998045 1.02310075]

Iteration:  15800
Rhat values for alpha, beta, log(sigma^2), mean(xi), log(var(xi)), atanh(corr(xi, eta)):
[1.00994603 1.01175162 1.02727213 1.00039821 0.99998059 1.02215764]

Iteration:  15900
Rhat values for alpha, beta, log(sigma^2), mean(xi), log(var(xi)), atanh(corr(xi, eta)):
[1.00969584 1.01156755 1.02681485 1.00041055 0.99998072 1.02177362]

Iteration:  16000
Rhat values for alpha, beta, log(sigma^2), mean(xi), log(var(xi)), atanh(corr(xi, eta)):
[1.0097227  1.01162862 1.02701657 1.00051013 0.99998085 1.02163959]

Iteration:  16100
Rhat values for alpha, beta, log(sigma^2), mean(xi), log(var(xi)), atanh(corr(xi, eta)):
[1.00963493 1.01155338 1.0275972  1.00055004 0.99998097 1.02169067]

Iteration:  16200
Rhat values for alpha, beta, log(sigma^2), mean(xi), log(var(xi)), atanh(corr(xi, eta)):
[1.00985565 1.01188591 1.02711357 1.00060919 0.99998108 1.02173172]

Iteration:  16300
Rhat values for alpha, beta, log(sigma^2), mean(xi), log(var(xi)), atanh(corr(xi, eta)):
[1.01007026 1.01207327 1.02703485 1.00069646 0.99998121 1.02190509]

Iteration:  16400
Rhat values for alpha, beta, log(sigma^2), mean(xi), log(var(xi)), atanh(corr(xi, eta)):
[1.01079906 1.01274181 1.02649086 1.00077161 0.99998132 1.02198346]

Iteration:  16500
Rhat values for alpha, beta, log(sigma^2), mean(xi), log(var(xi)), atanh(corr(xi, eta)):
[1.01105844 1.01292524 1.02586634 1.00061386 0.99998144 1.02187559]

Iteration:  16600
Rhat values for alpha, beta, log(sigma^2), mean(xi), log(var(xi)), atanh(corr(xi, eta)):
[1.01106442 1.01310048 1.02589461 1.00057177 0.99998152 1.02230359]

Iteration:  16700
Rhat values for alpha, beta, log(sigma^2), mean(xi), log(var(xi)), atanh(corr(xi, eta)):
[1.01103864 1.01309048 1.02629677 1.00058474 0.99998164 1.02278122]

Iteration:  16800
Rhat values for alpha, beta, log(sigma^2), mean(xi), log(var(xi)), atanh(corr(xi, eta)):
[1.01099217 1.01305721 1.02627533 1.00060086 0.99998175 1.0229332 ]

Iteration:  16900
Rhat values for alpha, beta, log(sigma^2), mean(xi), log(var(xi)), atanh(corr(xi, eta)):
[1.01082448 1.01298491 1.02615274 1.00054508 0.99998185 1.02269605]

Iteration:  17000
Rhat values for alpha, beta, log(sigma^2), mean(xi), log(var(xi)), atanh(corr(xi, eta)):
[1.01064171 1.01300117 1.02610175 1.00049373 0.99998196 1.02232489]

Iteration:  17100
Rhat values for alpha, beta, log(sigma^2), mean(xi), log(var(xi)), atanh(corr(xi, eta)):
[1.01067708 1.01304463 1.02618417 1.00057861 0.99998207 1.02172434]

Iteration:  17200
Rhat values for alpha, beta, log(sigma^2), mean(xi), log(var(xi)), atanh(corr(xi, eta)):
[1.01096946 1.01321342 1.02660795 1.0006344  0.99998219 1.02106012]

Iteration:  17300
Rhat values for alpha, beta, log(sigma^2), mean(xi), log(var(xi)), atanh(corr(xi, eta)):
[1.01089625 1.01323392 1.02646204 1.00069421 0.99998227 1.02103224]

Iteration:  17400
Rhat values for alpha, beta, log(sigma^2), mean(xi), log(var(xi)), atanh(corr(xi, eta)):
[1.0110664  1.01353983 1.02594227 1.00075147 0.99998235 1.02113973]

Iteration:  17500
Rhat values for alpha, beta, log(sigma^2), mean(xi), log(var(xi)), atanh(corr(xi, eta)):
[1.01107663 1.01369679 1.02522089 1.00083242 0.99998245 1.02077904]

Iteration:  17600
Rhat values for alpha, beta, log(sigma^2), mean(xi), log(var(xi)), atanh(corr(xi, eta)):
[1.01116004 1.01382362 1.02466441 1.00080037 0.99998254 1.02008947]

Iteration:  17700
Rhat values for alpha, beta, log(sigma^2), mean(xi), log(var(xi)), atanh(corr(xi, eta)):
[1.01103865 1.01374734 1.02447152 1.0007299  0.9999832  1.01942003]

Iteration:  17800
Rhat values for alpha, beta, log(sigma^2), mean(xi), log(var(xi)), atanh(corr(xi, eta)):
[1.01066616 1.01340449 1.02426414 1.00072566 0.99998329 1.01866233]

Iteration:  17900
Rhat values for alpha, beta, log(sigma^2), mean(xi), log(var(xi)), atanh(corr(xi, eta)):
[1.00979685 1.01253389 1.02330367 1.00078652 0.99998339 1.01793263]

Iteration:  18000
Rhat values for alpha, beta, log(sigma^2), mean(xi), log(var(xi)), atanh(corr(xi, eta)):
[1.00959384 1.0123407  1.02247605 1.00089126 0.9999835  1.01765469]

Iteration:  18100
Rhat values for alpha, beta, log(sigma^2), mean(xi), log(var(xi)), atanh(corr(xi, eta)):
[1.00961312 1.01244115 1.02213134 1.00095514 0.99998358 1.01790967]

Iteration:  18200
Rhat values for alpha, beta, log(sigma^2), mean(xi), log(var(xi)), atanh(corr(xi, eta)):
[1.0097686  1.01272696 1.02180075 1.00094491 0.99998368 1.01802802]

Iteration:  18300
Rhat values for alpha, beta, log(sigma^2), mean(xi), log(var(xi)), atanh(corr(xi, eta)):
[1.00956379 1.01264637 1.02195315 1.00096963 0.99998377 1.01820421]

Iteration:  18400
Rhat values for alpha, beta, log(sigma^2), mean(xi), log(var(xi)), atanh(corr(xi, eta)):
[1.00915704 1.01230257 1.02166848 1.00098437 0.99998385 1.0175327 ]

Iteration:  18500
Rhat values for alpha, beta, log(sigma^2), mean(xi), log(var(xi)), atanh(corr(xi, eta)):
[1.00918953 1.01240856 1.02111281 1.00104037 0.99998394 1.01688837]

Iteration:  18600
Rhat values for alpha, beta, log(sigma^2), mean(xi), log(var(xi)), atanh(corr(xi, eta)):
[1.00923605 1.01234349 1.02040286 1.00103025 0.99998403 1.01606908]

Iteration:  18700
Rhat values for alpha, beta, log(sigma^2), mean(xi), log(var(xi)), atanh(corr(xi, eta)):
[1.00902032 1.01202776 1.0204879  1.00110442 0.99998412 1.0150786 ]

Iteration:  18800
Rhat values for alpha, beta, log(sigma^2), mean(xi), log(var(xi)), atanh(corr(xi, eta)):
[1.00952108 1.01241311 1.02061304 1.00109367 0.99998447 1.01438022]

Iteration:  18900
Rhat values for alpha, beta, log(sigma^2), mean(xi), log(var(xi)), atanh(corr(xi, eta)):
[1.00980175 1.01260035 1.02028802 1.00104641 0.99998453 1.01331093]

Iteration:  19000
Rhat values for alpha, beta, log(sigma^2), mean(xi), log(var(xi)), atanh(corr(xi, eta)):
[1.00985397 1.01262755 1.02014263 1.00101211 0.99998462 1.01249309]

Iteration:  19100
Rhat values for alpha, beta, log(sigma^2), mean(xi), log(var(xi)), atanh(corr(xi, eta)):
[1.00943581 1.01210531 1.02007102 1.00103549 0.99998471 1.0117887 ]

Iteration:  19200
Rhat values for alpha, beta, log(sigma^2), mean(xi), log(var(xi)), atanh(corr(xi, eta)):
[1.00930193 1.01189073 1.0197547  1.00103111 0.99998479 1.01122545]

Iteration:  19300
Rhat values for alpha, beta, log(sigma^2), mean(xi), log(var(xi)), atanh(corr(xi, eta)):
[1.00944022 1.011921   1.01963289 1.00098462 0.99998486 1.01067123]

Iteration:  19400
Rhat values for alpha, beta, log(sigma^2), mean(xi), log(var(xi)), atanh(corr(xi, eta)):
[1.00905902 1.01149195 1.01967711 1.00090939 0.99998494 1.01040962]

Iteration:  19500
Rhat values for alpha, beta, log(sigma^2), mean(xi), log(var(xi)), atanh(corr(xi, eta)):
[1.00889301 1.0113621  1.01991407 1.00086539 0.99998502 1.01032341]

Iteration:  19600
Rhat values for alpha, beta, log(sigma^2), mean(xi), log(var(xi)), atanh(corr(xi, eta)):
[1.0090995  1.01147479 1.02013905 1.00082234 0.99998509 1.00987538]

Iteration:  19700
Rhat values for alpha, beta, log(sigma^2), mean(xi), log(var(xi)), atanh(corr(xi, eta)):
[1.00898992 1.01121599 1.02028498 1.00084381 0.99998517 1.00942877]

Iteration:  19800
Rhat values for alpha, beta, log(sigma^2), mean(xi), log(var(xi)), atanh(corr(xi, eta)):
[1.00872931 1.01096867 1.01995787 1.00084272 0.99998525 1.00911051]

Iteration:  19900
Rhat values for alpha, beta, log(sigma^2), mean(xi), log(var(xi)), atanh(corr(xi, eta)):
[1.00863553 1.01071071 1.01950207 1.00077297 0.99998533 1.00860907]

Iteration:  20000
Rhat values for alpha, beta, log(sigma^2), mean(xi), log(var(xi)), atanh(corr(xi, eta)):
[1.00857796 1.01044544 1.01956599 1.00085033 0.99998541 1.00822869]
{"name": "G11_first_hr_no_bias_error_diag_0.42", "n": 196, "mean": -0.018795400171307836, "sd": 0.01198480449386128, "median": -0.018649539231809113, "q16_84": [-0.03083601841490477, -0.0069990845581140715], "q025_975": [-0.04273731837436052, 0.003746957785085856], "p_negative": 0.94355, "scatter_mean": 0.024782766613386322, "retained_draws": 40000, "seed": 20260921, "rhat_retained": {"alpha": 1.029129020398655, "beta": 1.0306032309241757, "sigsqr": 1.0212593818059699}}
START G11_first_hr_tripp_error_diag_0.42 196

Iteration:  100
Rhat values for alpha, beta, log(sigma^2), mean(xi), log(var(xi)), atanh(corr(xi, eta)):
[1.06510657 1.08371511 1.24649613 1.03279699 1.04044877 1.23037885]

Iteration:  200
Rhat values for alpha, beta, log(sigma^2), mean(xi), log(var(xi)), atanh(corr(xi, eta)):
[1.03533668 1.0447153  1.14380317 1.01461533 1.01236298 1.08388947]

Iteration:  300
Rhat values for alpha, beta, log(sigma^2), mean(xi), log(var(xi)), atanh(corr(xi, eta)):
[1.04892704 1.05198897 1.13656451 1.02383148 1.01289119 1.13445158]

Iteration:  400
Rhat values for alpha, beta, log(sigma^2), mean(xi), log(var(xi)), atanh(corr(xi, eta)):
[1.06717442 1.07030767 1.11654804 1.03356757 1.01344635 1.18933847]

Iteration:  500
Rhat values for alpha, beta, log(sigma^2), mean(xi), log(var(xi)), atanh(corr(xi, eta)):
[1.08442775 1.09200995 1.14178375 1.01855026 1.00088915 1.25825352]

Iteration:  600
Rhat values for alpha, beta, log(sigma^2), mean(xi), log(var(xi)), atanh(corr(xi, eta)):
[1.0945438  1.1074465  1.14780852 1.01326789 1.00009504 1.27781041]

Iteration:  700
Rhat values for alpha, beta, log(sigma^2), mean(xi), log(var(xi)), atanh(corr(xi, eta)):
[1.09273775 1.10931486 1.15139032 1.02079459 1.00288687 1.28179923]

Iteration:  800
Rhat values for alpha, beta, log(sigma^2), mean(xi), log(var(xi)), atanh(corr(xi, eta)):
[1.08147693 1.09391451 1.10048244 1.02585857 1.00511593 1.21676093]

Iteration:  900
Rhat values for alpha, beta, log(sigma^2), mean(xi), log(var(xi)), atanh(corr(xi, eta)):
[1.06270906 1.0709678  1.07292177 1.02832381 1.00718301 1.14099265]

Iteration:  1000
Rhat values for alpha, beta, log(sigma^2), mean(xi), log(var(xi)), atanh(corr(xi, eta)):
[1.05101836 1.05896445 1.06713125 1.02454311 1.00661795 1.12147812]

Iteration:  1100
Rhat values for alpha, beta, log(sigma^2), mean(xi), log(var(xi)), atanh(corr(xi, eta)):
[1.03876605 1.04808984 1.07592937 1.01881899 1.00424932 1.13295663]

Iteration:  1200
Rhat values for alpha, beta, log(sigma^2), mean(xi), log(var(xi)), atanh(corr(xi, eta)):
[1.03796132 1.04764534 1.0509384  1.01460197 1.00199923 1.14097222]

Iteration:  1300
Rhat values for alpha, beta, log(sigma^2), mean(xi), log(var(xi)), atanh(corr(xi, eta)):
[1.04337755 1.05374902 1.02921036 1.0149011  1.00153703 1.15216737]

Iteration:  1400
Rhat values for alpha, beta, log(sigma^2), mean(xi), log(var(xi)), atanh(corr(xi, eta)):
[1.04094852 1.04987991 1.02512107 1.01435581 1.00241046 1.14260803]

Iteration:  1500
Rhat values for alpha, beta, log(sigma^2), mean(xi), log(var(xi)), atanh(corr(xi, eta)):
[1.03598794 1.04191273 1.01750422 1.01863003 1.00554591 1.11859959]

Iteration:  1600
Rhat values for alpha, beta, log(sigma^2), mean(xi), log(var(xi)), atanh(corr(xi, eta)):
[1.02821934 1.03135692 1.01422878 1.01862891 1.00721811 1.08657775]

Iteration:  1700
Rhat values for alpha, beta, log(sigma^2), mean(xi), log(var(xi)), atanh(corr(xi, eta)):
[1.01644266 1.01844274 1.02498548 1.02225573 1.0072929  1.06295796]

Iteration:  1800
Rhat values for alpha, beta, log(sigma^2), mean(xi), log(var(xi)), atanh(corr(xi, eta)):
[1.01002781 1.01101952 1.0367279  1.02417688 1.00730393 1.05642705]

Iteration:  1900
Rhat values for alpha, beta, log(sigma^2), mean(xi), log(var(xi)), atanh(corr(xi, eta)):
[1.00600737 1.00574778 1.04484243 1.02077117 1.00648766 1.05165431]

Iteration:  2000
Rhat values for alpha, beta, log(sigma^2), mean(xi), log(var(xi)), atanh(corr(xi, eta)):
[1.00205966 1.00293127 1.0541636  1.0155494  1.0032604  1.04960975]

Iteration:  2100
Rhat values for alpha, beta, log(sigma^2), mean(xi), log(var(xi)), atanh(corr(xi, eta)):
[1.00008957 1.00353608 1.06885194 1.01483731 1.00369602 1.06314101]

Iteration:  2200
Rhat values for alpha, beta, log(sigma^2), mean(xi), log(var(xi)), atanh(corr(xi, eta)):
[0.99989382 1.00553731 1.08858369 1.01066079 1.002885   1.08131259]

Iteration:  2300
Rhat values for alpha, beta, log(sigma^2), mean(xi), log(var(xi)), atanh(corr(xi, eta)):
[1.00015216 1.00753989 1.10229778 1.00969901 1.00207625 1.09555959]

Iteration:  2400
Rhat values for alpha, beta, log(sigma^2), mean(xi), log(var(xi)), atanh(corr(xi, eta)):
[1.00049525 1.00866571 1.11644716 1.00991168 1.0017577  1.10736796]

Iteration:  2500
Rhat values for alpha, beta, log(sigma^2), mean(xi), log(var(xi)), atanh(corr(xi, eta)):
[1.00094739 1.00991004 1.13884303 1.00872782 1.00276731 1.1254189 ]

Iteration:  2600
Rhat values for alpha, beta, log(sigma^2), mean(xi), log(var(xi)), atanh(corr(xi, eta)):
[1.00162018 1.01184203 1.15767317 1.00738831 1.00320034 1.14165659]

Iteration:  2700
Rhat values for alpha, beta, log(sigma^2), mean(xi), log(var(xi)), atanh(corr(xi, eta)):
[1.00277017 1.01320839 1.17738524 1.00655091 1.00420302 1.15859989]

Iteration:  2800
Rhat values for alpha, beta, log(sigma^2), mean(xi), log(var(xi)), atanh(corr(xi, eta)):
[1.00431467 1.01430148 1.19419638 1.00617864 1.00433497 1.1719741 ]

Iteration:  2900
Rhat values for alpha, beta, log(sigma^2), mean(xi), log(var(xi)), atanh(corr(xi, eta)):
[1.00569346 1.016722   1.20702583 1.00567795 1.00397738 1.18513447]

Iteration:  3000
Rhat values for alpha, beta, log(sigma^2), mean(xi), log(var(xi)), atanh(corr(xi, eta)):
[1.00720062 1.01821676 1.20693406 1.00570709 1.00303293 1.1874674 ]

Iteration:  3100
Rhat values for alpha, beta, log(sigma^2), mean(xi), log(var(xi)), atanh(corr(xi, eta)):
[1.00611935 1.01586114 1.18578131 1.00458769 1.00367959 1.16893335]

Iteration:  3200
Rhat values for alpha, beta, log(sigma^2), mean(xi), log(var(xi)), atanh(corr(xi, eta)):
[1.00596519 1.01467522 1.1683517  1.00395828 1.00529681 1.15550383]

Iteration:  3300
Rhat values for alpha, beta, log(sigma^2), mean(xi), log(var(xi)), atanh(corr(xi, eta)):
[1.00637557 1.01338366 1.16188457 1.00429735 1.00622771 1.14492479]

Iteration:  3400
Rhat values for alpha, beta, log(sigma^2), mean(xi), log(var(xi)), atanh(corr(xi, eta)):
[1.00781018 1.01358916 1.15461816 1.00384163 1.0056408  1.13636911]

Iteration:  3500
Rhat values for alpha, beta, log(sigma^2), mean(xi), log(var(xi)), atanh(corr(xi, eta)):
[1.00864881 1.01252911 1.15457718 1.0025978  1.00602992 1.12794893]

Iteration:  3600
Rhat values for alpha, beta, log(sigma^2), mean(xi), log(var(xi)), atanh(corr(xi, eta)):
[1.01183521 1.01469    1.13995395 1.00142213 1.00314474 1.12045594]

Iteration:  3700
Rhat values for alpha, beta, log(sigma^2), mean(xi), log(var(xi)), atanh(corr(xi, eta)):
[1.01443838 1.01694068 1.13209027 1.00153739 1.00326636 1.11870903]

Iteration:  3800
Rhat values for alpha, beta, log(sigma^2), mean(xi), log(var(xi)), atanh(corr(xi, eta)):
[1.01453759 1.01668388 1.13562008 1.00215305 1.00287198 1.11846611]

Iteration:  3900
Rhat values for alpha, beta, log(sigma^2), mean(xi), log(var(xi)), atanh(corr(xi, eta)):
[1.0147415  1.01720207 1.14221096 1.00154868 1.00307537 1.12102171]

Iteration:  4000
Rhat values for alpha, beta, log(sigma^2), mean(xi), log(var(xi)), atanh(corr(xi, eta)):
[1.01638895 1.01908843 1.1470461  1.00194574 1.00321956 1.12430747]

Iteration:  4100
Rhat values for alpha, beta, log(sigma^2), mean(xi), log(var(xi)), atanh(corr(xi, eta)):
[1.01581004 1.01895435 1.15451437 1.00160885 1.00338034 1.12949817]

Iteration:  4200
Rhat values for alpha, beta, log(sigma^2), mean(xi), log(var(xi)), atanh(corr(xi, eta)):
[1.01525101 1.01880934 1.16581955 1.00124282 1.00309665 1.13738648]

Iteration:  4300
Rhat values for alpha, beta, log(sigma^2), mean(xi), log(var(xi)), atanh(corr(xi, eta)):
[1.01807372 1.02259193 1.17272191 1.000608   1.00302606 1.14605686]

Iteration:  4400
Rhat values for alpha, beta, log(sigma^2), mean(xi), log(var(xi)), atanh(corr(xi, eta)):
[1.01905653 1.02419024 1.16896385 1.00045932 1.00330911 1.14816482]

Iteration:  4500
Rhat values for alpha, beta, log(sigma^2), mean(xi), log(var(xi)), atanh(corr(xi, eta)):
[1.01980614 1.02407778 1.16274714 1.00038183 1.00353775 1.14338311]

Iteration:  4600
Rhat values for alpha, beta, log(sigma^2), mean(xi), log(var(xi)), atanh(corr(xi, eta)):
[1.02039656 1.02502353 1.1603159  1.00052016 1.00296729 1.14407817]

Iteration:  4700
Rhat values for alpha, beta, log(sigma^2), mean(xi), log(var(xi)), atanh(corr(xi, eta)):
[1.02154341 1.02693849 1.16009862 1.00037155 1.00249026 1.14881906]

Iteration:  4800
Rhat values for alpha, beta, log(sigma^2), mean(xi), log(var(xi)), atanh(corr(xi, eta)):
[1.02361884 1.02989807 1.15764919 1.00008727 1.00259836 1.15220842]

Iteration:  4900
Rhat values for alpha, beta, log(sigma^2), mean(xi), log(var(xi)), atanh(corr(xi, eta)):
[1.02488079 1.03179207 1.15559957 0.99997198 1.00277536 1.15283283]

Iteration:  5000
Rhat values for alpha, beta, log(sigma^2), mean(xi), log(var(xi)), atanh(corr(xi, eta)):
[1.0255009  1.03377547 1.1545463  1.00014321 1.00306228 1.15477899]

Iteration:  5100
Rhat values for alpha, beta, log(sigma^2), mean(xi), log(var(xi)), atanh(corr(xi, eta)):
[1.02568701 1.03486548 1.14930032 1.00045792 1.0030019  1.15343629]

Iteration:  5200
Rhat values for alpha, beta, log(sigma^2), mean(xi), log(var(xi)), atanh(corr(xi, eta)):
[1.02536988 1.03440954 1.14775378 1.00046618 1.00281172 1.15029497]

Iteration:  5300
Rhat values for alpha, beta, log(sigma^2), mean(xi), log(var(xi)), atanh(corr(xi, eta)):
[1.02589529 1.03477641 1.14523369 1.00003639 1.00045516 1.14706898]

Iteration:  5400
Rhat values for alpha, beta, log(sigma^2), mean(xi), log(var(xi)), atanh(corr(xi, eta)):
[1.02626493 1.03543205 1.14228264 1.00011309 1.00048634 1.1452646 ]

Iteration:  5500
Rhat values for alpha, beta, log(sigma^2), mean(xi), log(var(xi)), atanh(corr(xi, eta)):
[1.02688502 1.03665353 1.13967033 1.00025967 1.00050682 1.14416703]

Iteration:  5600
Rhat values for alpha, beta, log(sigma^2), mean(xi), log(var(xi)), atanh(corr(xi, eta)):
[1.02432583 1.03416515 1.13693808 0.99998677 1.00045366 1.14057139]

Iteration:  5700
Rhat values for alpha, beta, log(sigma^2), mean(xi), log(var(xi)), atanh(corr(xi, eta)):
[1.02258407 1.03231913 1.13649301 0.99989953 1.00048044 1.13869714]

Iteration:  5800
Rhat values for alpha, beta, log(sigma^2), mean(xi), log(var(xi)), atanh(corr(xi, eta)):
[1.02276495 1.03263642 1.13521963 0.99992874 1.00047316 1.13872354]

Iteration:  5900
Rhat values for alpha, beta, log(sigma^2), mean(xi), log(var(xi)), atanh(corr(xi, eta)):
[1.02377262 1.03443315 1.13270195 0.99987879 1.00058386 1.14141699]

Iteration:  6000
Rhat values for alpha, beta, log(sigma^2), mean(xi), log(var(xi)), atanh(corr(xi, eta)):
[1.02431127 1.0355653  1.13105112 0.99991696 1.00071079 1.14440402]

Iteration:  6100
Rhat values for alpha, beta, log(sigma^2), mean(xi), log(var(xi)), atanh(corr(xi, eta)):
[1.02430192 1.03581079 1.12391945 1.00011152 1.00069458 1.14125271]

Iteration:  6200
Rhat values for alpha, beta, log(sigma^2), mean(xi), log(var(xi)), atanh(corr(xi, eta)):
[1.02426754 1.03512124 1.11828509 1.00013359 1.00068623 1.13465609]

Iteration:  6300
Rhat values for alpha, beta, log(sigma^2), mean(xi), log(var(xi)), atanh(corr(xi, eta)):
[1.02205939 1.03191207 1.11742169 1.00027493 1.00066649 1.12757625]

Iteration:  6400
Rhat values for alpha, beta, log(sigma^2), mean(xi), log(var(xi)), atanh(corr(xi, eta)):
[1.01936562 1.0285066  1.11752982 1.00031191 1.00060869 1.12108825]

Iteration:  6500
Rhat values for alpha, beta, log(sigma^2), mean(xi), log(var(xi)), atanh(corr(xi, eta)):
[1.01681381 1.02583528 1.11455627 1.00040304 1.00061647 1.11714327]

Iteration:  6600
Rhat values for alpha, beta, log(sigma^2), mean(xi), log(var(xi)), atanh(corr(xi, eta)):
[1.01486789 1.02391403 1.11045436 1.00028515 1.00053491 1.11303662]

Iteration:  6700
Rhat values for alpha, beta, log(sigma^2), mean(xi), log(var(xi)), atanh(corr(xi, eta)):
[1.01434733 1.02334137 1.10761695 1.00021574 1.00052232 1.11109305]

Iteration:  6800
Rhat values for alpha, beta, log(sigma^2), mean(xi), log(var(xi)), atanh(corr(xi, eta)):
[1.01398986 1.02289314 1.10571865 1.000183   1.00057257 1.11021528]

Iteration:  6900
Rhat values for alpha, beta, log(sigma^2), mean(xi), log(var(xi)), atanh(corr(xi, eta)):
[1.01493674 1.02356043 1.10527595 1.00001556 1.00053101 1.11142515]

Iteration:  7000
Rhat values for alpha, beta, log(sigma^2), mean(xi), log(var(xi)), atanh(corr(xi, eta)):
[1.01610731 1.0244272  1.10624228 1.0000747  1.0004623  1.11400811]

Iteration:  7100
Rhat values for alpha, beta, log(sigma^2), mean(xi), log(var(xi)), atanh(corr(xi, eta)):
[1.01604726 1.02452792 1.10564213 1.00013381 1.00049482 1.11307016]

Iteration:  7200
Rhat values for alpha, beta, log(sigma^2), mean(xi), log(var(xi)), atanh(corr(xi, eta)):
[1.01508014 1.02312245 1.1049971  1.00015025 1.00047584 1.10739317]

Iteration:  7300
Rhat values for alpha, beta, log(sigma^2), mean(xi), log(var(xi)), atanh(corr(xi, eta)):
[1.01452072 1.02172033 1.10676268 1.00015147 1.00045512 1.10164022]

Iteration:  7400
Rhat values for alpha, beta, log(sigma^2), mean(xi), log(var(xi)), atanh(corr(xi, eta)):
[1.01240719 1.01871245 1.10863993 1.00028242 1.0004022  1.0942737 ]

Iteration:  7500
Rhat values for alpha, beta, log(sigma^2), mean(xi), log(var(xi)), atanh(corr(xi, eta)):
[1.0110824  1.01634533 1.10941605 1.00017084 1.00033649 1.08680076]

Iteration:  7600
Rhat values for alpha, beta, log(sigma^2), mean(xi), log(var(xi)), atanh(corr(xi, eta)):
[1.01027227 1.01567188 1.10943994 1.00027871 1.00028454 1.08600786]

Iteration:  7700
Rhat values for alpha, beta, log(sigma^2), mean(xi), log(var(xi)), atanh(corr(xi, eta)):
[1.00939029 1.01464308 1.10532569 1.00017867 1.00024582 1.08453726]

Iteration:  7800
Rhat values for alpha, beta, log(sigma^2), mean(xi), log(var(xi)), atanh(corr(xi, eta)):
[1.00832717 1.0129023  1.10041221 1.00018144 1.00021326 1.08128781]

Iteration:  7900
Rhat values for alpha, beta, log(sigma^2), mean(xi), log(var(xi)), atanh(corr(xi, eta)):
[1.00780577 1.01265167 1.09725592 1.00030196 1.0002017  1.08056046]

Iteration:  8000
Rhat values for alpha, beta, log(sigma^2), mean(xi), log(var(xi)), atanh(corr(xi, eta)):
[1.00788222 1.01242913 1.09450073 1.00049289 1.00019502 1.07926815]

Iteration:  8100
Rhat values for alpha, beta, log(sigma^2), mean(xi), log(var(xi)), atanh(corr(xi, eta)):
[1.00871393 1.01280875 1.09524497 1.00056238 1.00014375 1.07630139]

Iteration:  8200
Rhat values for alpha, beta, log(sigma^2), mean(xi), log(var(xi)), atanh(corr(xi, eta)):
[1.0089172  1.01194148 1.09590156 1.0004432  1.00017211 1.06977585]

Iteration:  8300
Rhat values for alpha, beta, log(sigma^2), mean(xi), log(var(xi)), atanh(corr(xi, eta)):
[1.01038084 1.01274515 1.09715171 1.00036522 1.00017241 1.06660903]

Iteration:  8400
Rhat values for alpha, beta, log(sigma^2), mean(xi), log(var(xi)), atanh(corr(xi, eta)):
[1.01120997 1.01318975 1.10040262 1.000504   1.00019371 1.06705615]

Iteration:  8500
Rhat values for alpha, beta, log(sigma^2), mean(xi), log(var(xi)), atanh(corr(xi, eta)):
[1.01084832 1.01294488 1.10251922 1.0003735  1.00019686 1.06719864]

Iteration:  8600
Rhat values for alpha, beta, log(sigma^2), mean(xi), log(var(xi)), atanh(corr(xi, eta)):
[1.00962136 1.01172617 1.10223461 1.00048004 1.00016812 1.06547327]

Iteration:  8700
Rhat values for alpha, beta, log(sigma^2), mean(xi), log(var(xi)), atanh(corr(xi, eta)):
[1.00862663 1.01054848 1.10155956 1.00033147 1.00012075 1.06224266]

Iteration:  8800
Rhat values for alpha, beta, log(sigma^2), mean(xi), log(var(xi)), atanh(corr(xi, eta)):
[1.00815856 1.00999519 1.10036004 1.00031066 1.0000973  1.06061794]

Iteration:  8900
Rhat values for alpha, beta, log(sigma^2), mean(xi), log(var(xi)), atanh(corr(xi, eta)):
[1.00731138 1.0093691  1.09964399 1.00035832 0.99993995 1.05919318]

Iteration:  9000
Rhat values for alpha, beta, log(sigma^2), mean(xi), log(var(xi)), atanh(corr(xi, eta)):
[1.00699686 1.00889026 1.10091451 1.00019963 0.99993876 1.05955381]

Iteration:  9100
Rhat values for alpha, beta, log(sigma^2), mean(xi), log(var(xi)), atanh(corr(xi, eta)):
[1.00595073 1.00819982 1.10026379 1.00011719 1.00004646 1.05967269]

Iteration:  9200
Rhat values for alpha, beta, log(sigma^2), mean(xi), log(var(xi)), atanh(corr(xi, eta)):
[1.00545895 1.00810175 1.09869819 1.00014802 1.00007706 1.0601399 ]

Iteration:  9300
Rhat values for alpha, beta, log(sigma^2), mean(xi), log(var(xi)), atanh(corr(xi, eta)):
[1.00524257 1.00800475 1.09279556 1.00020171 1.00006249 1.05803105]

Iteration:  9400
Rhat values for alpha, beta, log(sigma^2), mean(xi), log(var(xi)), atanh(corr(xi, eta)):
[1.00535167 1.00794342 1.08592197 1.00023427 1.00005836 1.05469903]

Iteration:  9500
Rhat values for alpha, beta, log(sigma^2), mean(xi), log(var(xi)), atanh(corr(xi, eta)):
[1.00558245 1.00807139 1.07785054 1.00023067 1.00005748 1.05083721]

Iteration:  9600
Rhat values for alpha, beta, log(sigma^2), mean(xi), log(var(xi)), atanh(corr(xi, eta)):
[1.00541056 1.00794033 1.07077439 1.00015571 1.00006351 1.04735409]

Iteration:  9700
Rhat values for alpha, beta, log(sigma^2), mean(xi), log(var(xi)), atanh(corr(xi, eta)):
[1.00544871 1.00817169 1.06480797 1.00021341 1.00006076 1.04521181]

Iteration:  9800
Rhat values for alpha, beta, log(sigma^2), mean(xi), log(var(xi)), atanh(corr(xi, eta)):
[1.00564347 1.00828684 1.06049954 1.0001815  1.00006479 1.04355082]

Iteration:  9900
Rhat values for alpha, beta, log(sigma^2), mean(xi), log(var(xi)), atanh(corr(xi, eta)):
[1.00555954 1.00833873 1.05677287 1.00016759 1.00006368 1.04224369]

Iteration:  10000
Rhat values for alpha, beta, log(sigma^2), mean(xi), log(var(xi)), atanh(corr(xi, eta)):
[1.00510521 1.00776616 1.05474838 1.00021468 1.000059   1.04033804]

Iteration:  10100
Rhat values for alpha, beta, log(sigma^2), mean(xi), log(var(xi)), atanh(corr(xi, eta)):
[1.00444908 1.00710131 1.05332435 1.000124   1.00005259 1.03875943]

Iteration:  10200
Rhat values for alpha, beta, log(sigma^2), mean(xi), log(var(xi)), atanh(corr(xi, eta)):
[1.00399192 1.00652314 1.05062698 1.00013502 1.00004921 1.03708662]

Iteration:  10300
Rhat values for alpha, beta, log(sigma^2), mean(xi), log(var(xi)), atanh(corr(xi, eta)):
[1.00371234 1.00638395 1.04848525 1.00006445 1.00004522 1.03561775]

Iteration:  10400
Rhat values for alpha, beta, log(sigma^2), mean(xi), log(var(xi)), atanh(corr(xi, eta)):
[1.00361739 1.00650377 1.04735533 1.00001901 1.00004777 1.03512773]

Iteration:  10500
Rhat values for alpha, beta, log(sigma^2), mean(xi), log(var(xi)), atanh(corr(xi, eta)):
[1.00399519 1.00688987 1.04757867 1.00004335 1.00004903 1.03527429]

Iteration:  10600
Rhat values for alpha, beta, log(sigma^2), mean(xi), log(var(xi)), atanh(corr(xi, eta)):
[1.00434988 1.00711141 1.04819745 1.00014629 1.00005166 1.03550334]

Iteration:  10700
Rhat values for alpha, beta, log(sigma^2), mean(xi), log(var(xi)), atanh(corr(xi, eta)):
[1.00491903 1.00764511 1.04860857 1.00034827 1.00005543 1.03586646]

Iteration:  10800
Rhat values for alpha, beta, log(sigma^2), mean(xi), log(var(xi)), atanh(corr(xi, eta)):
[1.00591393 1.00868504 1.04850231 1.00049454 1.00009081 1.03665206]

Iteration:  10900
Rhat values for alpha, beta, log(sigma^2), mean(xi), log(var(xi)), atanh(corr(xi, eta)):
[1.00658719 1.00958706 1.04648352 1.00037875 1.00008321 1.03722412]

Iteration:  11000
Rhat values for alpha, beta, log(sigma^2), mean(xi), log(var(xi)), atanh(corr(xi, eta)):
[1.00689356 1.01008681 1.04441193 1.00044541 1.00008683 1.03735928]

Iteration:  11100
Rhat values for alpha, beta, log(sigma^2), mean(xi), log(var(xi)), atanh(corr(xi, eta)):
[1.00759848 1.01089737 1.04313216 1.00053899 1.00008979 1.03780771]

Iteration:  11200
Rhat values for alpha, beta, log(sigma^2), mean(xi), log(var(xi)), atanh(corr(xi, eta)):
[1.00815991 1.01158269 1.04165913 1.00063685 1.00009053 1.03747882]

Iteration:  11300
Rhat values for alpha, beta, log(sigma^2), mean(xi), log(var(xi)), atanh(corr(xi, eta)):
[1.00749676 1.01112048 1.03754384 1.00063506 1.00012119 1.03384323]

Iteration:  11400
Rhat values for alpha, beta, log(sigma^2), mean(xi), log(var(xi)), atanh(corr(xi, eta)):
[1.00681401 1.01035104 1.03382017 1.00052115 1.00011402 1.03027813]

Iteration:  11500
Rhat values for alpha, beta, log(sigma^2), mean(xi), log(var(xi)), atanh(corr(xi, eta)):
[1.00639905 1.00986292 1.03139177 1.00044404 1.00010722 1.0286732 ]

Iteration:  11600
Rhat values for alpha, beta, log(sigma^2), mean(xi), log(var(xi)), atanh(corr(xi, eta)):
[1.00632761 1.0099342  1.02914906 1.00039544 1.00010742 1.02718063]

Iteration:  11700
Rhat values for alpha, beta, log(sigma^2), mean(xi), log(var(xi)), atanh(corr(xi, eta)):
[1.0063213  1.01002741 1.0264993  1.00045375 1.00010831 1.02544184]

Iteration:  11800
Rhat values for alpha, beta, log(sigma^2), mean(xi), log(var(xi)), atanh(corr(xi, eta)):
[1.00618564 1.01002425 1.02429339 1.0004961  1.00016813 1.02386232]

Iteration:  11900
Rhat values for alpha, beta, log(sigma^2), mean(xi), log(var(xi)), atanh(corr(xi, eta)):
[1.00611877 1.0099391  1.02334601 1.00063966 1.00017215 1.02282825]

Iteration:  12000
Rhat values for alpha, beta, log(sigma^2), mean(xi), log(var(xi)), atanh(corr(xi, eta)):
[1.0061162  1.00965335 1.02234997 1.0006848  1.0001746  1.02115189]

Iteration:  12100
Rhat values for alpha, beta, log(sigma^2), mean(xi), log(var(xi)), atanh(corr(xi, eta)):
[1.00586205 1.00914748 1.02257955 1.00064985 1.00017775 1.01991515]

Iteration:  12200
Rhat values for alpha, beta, log(sigma^2), mean(xi), log(var(xi)), atanh(corr(xi, eta)):
[1.00572187 1.00867515 1.02366952 1.00064137 1.00017432 1.01908472]

Iteration:  12300
Rhat values for alpha, beta, log(sigma^2), mean(xi), log(var(xi)), atanh(corr(xi, eta)):
[1.00576828 1.00849128 1.02472553 1.00079466 1.00017911 1.01918494]

Iteration:  12400
Rhat values for alpha, beta, log(sigma^2), mean(xi), log(var(xi)), atanh(corr(xi, eta)):
[1.00565444 1.0080984  1.0247708  1.00080313 1.00017092 1.01927118]

Iteration:  12500
Rhat values for alpha, beta, log(sigma^2), mean(xi), log(var(xi)), atanh(corr(xi, eta)):
[1.00588512 1.00818109 1.02422595 1.00092471 1.00017351 1.01944147]

Iteration:  12600
Rhat values for alpha, beta, log(sigma^2), mean(xi), log(var(xi)), atanh(corr(xi, eta)):
[1.0060147  1.00799666 1.0233233  1.00104658 1.00017018 1.01896973]

Iteration:  12700
Rhat values for alpha, beta, log(sigma^2), mean(xi), log(var(xi)), atanh(corr(xi, eta)):
[1.00642191 1.00811062 1.02242918 1.00114476 1.00016997 1.01838277]

Iteration:  12800
Rhat values for alpha, beta, log(sigma^2), mean(xi), log(var(xi)), atanh(corr(xi, eta)):
[1.00651408 1.00800626 1.02148403 1.00117268 1.00018209 1.01759513]

Iteration:  12900
Rhat values for alpha, beta, log(sigma^2), mean(xi), log(var(xi)), atanh(corr(xi, eta)):
[1.00629823 1.0074843  1.02065641 1.00109799 1.00018422 1.0170244 ]

Iteration:  13000
Rhat values for alpha, beta, log(sigma^2), mean(xi), log(var(xi)), atanh(corr(xi, eta)):
[1.00663909 1.00756197 1.01975817 1.00097741 1.00018174 1.01701546]

Iteration:  13100
Rhat values for alpha, beta, log(sigma^2), mean(xi), log(var(xi)), atanh(corr(xi, eta)):
[1.00695103 1.00775644 1.01939452 1.00092781 1.00018124 1.01706192]

Iteration:  13200
Rhat values for alpha, beta, log(sigma^2), mean(xi), log(var(xi)), atanh(corr(xi, eta)):
[1.00686798 1.00740776 1.01866477 1.00111527 1.00018695 1.01656518]

Iteration:  13300
Rhat values for alpha, beta, log(sigma^2), mean(xi), log(var(xi)), atanh(corr(xi, eta)):
[1.00743714 1.00780889 1.01800385 1.00101567 1.00018671 1.01617766]

Iteration:  13400
Rhat values for alpha, beta, log(sigma^2), mean(xi), log(var(xi)), atanh(corr(xi, eta)):
[1.00741438 1.00776365 1.01753259 1.00106701 1.00019169 1.0160166 ]

Iteration:  13500
Rhat values for alpha, beta, log(sigma^2), mean(xi), log(var(xi)), atanh(corr(xi, eta)):
[1.00716972 1.00747806 1.01644255 1.0011929  1.00019169 1.0155573 ]

Iteration:  13600
Rhat values for alpha, beta, log(sigma^2), mean(xi), log(var(xi)), atanh(corr(xi, eta)):
[1.00675013 1.00696219 1.01575413 1.00128728 1.00019713 1.01479104]

Iteration:  13700
Rhat values for alpha, beta, log(sigma^2), mean(xi), log(var(xi)), atanh(corr(xi, eta)):
[1.00626972 1.00651511 1.01599726 1.00128069 1.00019846 1.01459959]

Iteration:  13800
Rhat values for alpha, beta, log(sigma^2), mean(xi), log(var(xi)), atanh(corr(xi, eta)):
[1.00595501 1.00615298 1.0166027  1.00120456 1.00019397 1.0144978 ]

Iteration:  13900
Rhat values for alpha, beta, log(sigma^2), mean(xi), log(var(xi)), atanh(corr(xi, eta)):
[1.00595741 1.00628534 1.01779114 1.00107078 1.00018707 1.01503179]

Iteration:  14000
Rhat values for alpha, beta, log(sigma^2), mean(xi), log(var(xi)), atanh(corr(xi, eta)):
[1.00566743 1.006217   1.01888313 1.00110341 1.00018351 1.01525619]

Iteration:  14100
Rhat values for alpha, beta, log(sigma^2), mean(xi), log(var(xi)), atanh(corr(xi, eta)):
[1.00552444 1.00624158 1.0205248  1.00119775 1.00018381 1.016012  ]

Iteration:  14200
Rhat values for alpha, beta, log(sigma^2), mean(xi), log(var(xi)), atanh(corr(xi, eta)):
[1.00564247 1.00635039 1.02180262 1.00130122 1.00018017 1.01680087]

Iteration:  14300
Rhat values for alpha, beta, log(sigma^2), mean(xi), log(var(xi)), atanh(corr(xi, eta)):
[1.00579123 1.00636065 1.02350773 1.00134278 1.00018003 1.01763656]

Iteration:  14400
Rhat values for alpha, beta, log(sigma^2), mean(xi), log(var(xi)), atanh(corr(xi, eta)):
[1.0057708  1.00625976 1.02496282 1.00141538 1.00017997 1.01834036]

Iteration:  14500
Rhat values for alpha, beta, log(sigma^2), mean(xi), log(var(xi)), atanh(corr(xi, eta)):
[1.00553902 1.00588475 1.02611588 1.00141034 1.00017618 1.01866141]

Iteration:  14600
Rhat values for alpha, beta, log(sigma^2), mean(xi), log(var(xi)), atanh(corr(xi, eta)):
[1.00539455 1.00563915 1.02739223 1.0013281  1.0001717  1.01927402]

Iteration:  14700
Rhat values for alpha, beta, log(sigma^2), mean(xi), log(var(xi)), atanh(corr(xi, eta)):
[1.00543669 1.00562771 1.02835817 1.00139907 1.00017033 1.01999823]

Iteration:  14800
Rhat values for alpha, beta, log(sigma^2), mean(xi), log(var(xi)), atanh(corr(xi, eta)):
[1.00583863 1.00597165 1.02892508 1.00139147 1.00018272 1.02102179]

Iteration:  14900
Rhat values for alpha, beta, log(sigma^2), mean(xi), log(var(xi)), atanh(corr(xi, eta)):
[1.00587523 1.00579955 1.02937495 1.00147188 1.00018492 1.02191489]

Iteration:  15000
Rhat values for alpha, beta, log(sigma^2), mean(xi), log(var(xi)), atanh(corr(xi, eta)):
[1.00583446 1.00545951 1.02950037 1.00163722 1.00018614 1.02218404]

Iteration:  15100
Rhat values for alpha, beta, log(sigma^2), mean(xi), log(var(xi)), atanh(corr(xi, eta)):
[1.00577001 1.00509967 1.02965806 1.00155691 1.00018114 1.02150368]

Iteration:  15200
Rhat values for alpha, beta, log(sigma^2), mean(xi), log(var(xi)), atanh(corr(xi, eta)):
[1.00583855 1.00483448 1.02887204 1.00169721 1.00018172 1.02030979]

Iteration:  15300
Rhat values for alpha, beta, log(sigma^2), mean(xi), log(var(xi)), atanh(corr(xi, eta)):
[1.00542548 1.00440798 1.02800697 1.00170753 1.00018117 1.01975296]

Iteration:  15400
Rhat values for alpha, beta, log(sigma^2), mean(xi), log(var(xi)), atanh(corr(xi, eta)):
[1.0050745  1.00406297 1.02751366 1.00176484 1.00018017 1.01929978]

Iteration:  15500
Rhat values for alpha, beta, log(sigma^2), mean(xi), log(var(xi)), atanh(corr(xi, eta)):
[1.00477277 1.00368596 1.02704517 1.00182506 1.00017215 1.01869577]

Iteration:  15600
Rhat values for alpha, beta, log(sigma^2), mean(xi), log(var(xi)), atanh(corr(xi, eta)):
[1.00461216 1.00346381 1.0273258  1.00186578 1.00016987 1.01845121]

Iteration:  15700
Rhat values for alpha, beta, log(sigma^2), mean(xi), log(var(xi)), atanh(corr(xi, eta)):
[1.00446145 1.00312873 1.02785236 1.00184493 1.00016881 1.01820781]

Iteration:  15800
Rhat values for alpha, beta, log(sigma^2), mean(xi), log(var(xi)), atanh(corr(xi, eta)):
[1.00408585 1.00277983 1.02712418 1.00188378 1.00016683 1.01758465]

Iteration:  15900
Rhat values for alpha, beta, log(sigma^2), mean(xi), log(var(xi)), atanh(corr(xi, eta)):
[1.00407029 1.0023939  1.02688723 1.0017352  1.00001494 1.01673399]

Iteration:  16000
Rhat values for alpha, beta, log(sigma^2), mean(xi), log(var(xi)), atanh(corr(xi, eta)):
[1.00395994 1.00216337 1.02675845 1.00159834 1.00001476 1.01614076]

Iteration:  16100
Rhat values for alpha, beta, log(sigma^2), mean(xi), log(var(xi)), atanh(corr(xi, eta)):
[1.0036833  1.00195528 1.0268989  1.00144179 1.00001465 1.01583166]

Iteration:  16200
Rhat values for alpha, beta, log(sigma^2), mean(xi), log(var(xi)), atanh(corr(xi, eta)):
[1.00314806 1.00179009 1.02701516 1.00141606 1.00001453 1.01624482]

Iteration:  16300
Rhat values for alpha, beta, log(sigma^2), mean(xi), log(var(xi)), atanh(corr(xi, eta)):
[1.00286699 1.00176392 1.02681017 1.0014036  1.00001458 1.01659548]

Iteration:  16400
Rhat values for alpha, beta, log(sigma^2), mean(xi), log(var(xi)), atanh(corr(xi, eta)):
[1.00294642 1.00187182 1.02665625 1.00140185 1.0000145  1.01661898]

Iteration:  16500
Rhat values for alpha, beta, log(sigma^2), mean(xi), log(var(xi)), atanh(corr(xi, eta)):
[1.00304872 1.00199173 1.02644741 1.00148973 1.00001449 1.01644404]

Iteration:  16600
Rhat values for alpha, beta, log(sigma^2), mean(xi), log(var(xi)), atanh(corr(xi, eta)):
[1.00298925 1.00186212 1.02582435 1.00155683 1.00001432 1.01558872]

Iteration:  16700
Rhat values for alpha, beta, log(sigma^2), mean(xi), log(var(xi)), atanh(corr(xi, eta)):
[1.00263466 1.00159663 1.02512642 1.00140057 1.00001411 1.0146171 ]

Iteration:  16800
Rhat values for alpha, beta, log(sigma^2), mean(xi), log(var(xi)), atanh(corr(xi, eta)):
[1.0021234  1.00106767 1.02530612 1.00124529 1.00001389 1.0139675 ]

Iteration:  16900
Rhat values for alpha, beta, log(sigma^2), mean(xi), log(var(xi)), atanh(corr(xi, eta)):
[1.00181752 1.00073741 1.02575234 1.0012376  1.00001371 1.01406351]

Iteration:  17000
Rhat values for alpha, beta, log(sigma^2), mean(xi), log(var(xi)), atanh(corr(xi, eta)):
[1.00173994 1.00058641 1.02627105 1.00112844 1.00001359 1.01402785]

Iteration:  17100
Rhat values for alpha, beta, log(sigma^2), mean(xi), log(var(xi)), atanh(corr(xi, eta)):
[1.00178593 1.00047748 1.02583082 1.00119288 1.00001364 1.01333568]

Iteration:  17200
Rhat values for alpha, beta, log(sigma^2), mean(xi), log(var(xi)), atanh(corr(xi, eta)):
[1.00182182 1.00036541 1.02532914 1.00125726 1.00001356 1.01292807]

Iteration:  17300
Rhat values for alpha, beta, log(sigma^2), mean(xi), log(var(xi)), atanh(corr(xi, eta)):
[1.0017118  1.00029921 1.02499961 1.00135117 1.0000136  1.01288969]

Iteration:  17400
Rhat values for alpha, beta, log(sigma^2), mean(xi), log(var(xi)), atanh(corr(xi, eta)):
[1.00178205 1.00026774 1.02436069 1.001327   1.00001355 1.01225416]

Iteration:  17500
Rhat values for alpha, beta, log(sigma^2), mean(xi), log(var(xi)), atanh(corr(xi, eta)):
[1.00189179 1.00025571 1.02397749 1.00134119 1.00001353 1.01152483]

Iteration:  17600
Rhat values for alpha, beta, log(sigma^2), mean(xi), log(var(xi)), atanh(corr(xi, eta)):
[1.00208158 1.00030046 1.02338265 1.00129465 1.0000135  1.01092697]

Iteration:  17700
Rhat values for alpha, beta, log(sigma^2), mean(xi), log(var(xi)), atanh(corr(xi, eta)):
[1.00213697 1.00031125 1.02295521 1.00139926 1.00001352 1.01062693]

Iteration:  17800
Rhat values for alpha, beta, log(sigma^2), mean(xi), log(var(xi)), atanh(corr(xi, eta)):
[1.00240359 1.00043264 1.02314301 1.00138437 0.9999998  1.00989981]

Iteration:  17900
Rhat values for alpha, beta, log(sigma^2), mean(xi), log(var(xi)), atanh(corr(xi, eta)):
[1.00255123 1.0005608  1.02324153 1.00135543 0.99999987 1.00932317]

Iteration:  18000
Rhat values for alpha, beta, log(sigma^2), mean(xi), log(var(xi)), atanh(corr(xi, eta)):
[1.00260633 1.00067069 1.02320938 1.00140022 0.99999991 1.00902224]

Iteration:  18100
Rhat values for alpha, beta, log(sigma^2), mean(xi), log(var(xi)), atanh(corr(xi, eta)):
[1.00246725 1.00066504 1.02335504 1.00132731 0.99999992 1.00910552]

Iteration:  18200
Rhat values for alpha, beta, log(sigma^2), mean(xi), log(var(xi)), atanh(corr(xi, eta)):
[1.00226833 1.00059895 1.02330481 1.00135277 0.99999995 1.00922896]

Iteration:  18300
Rhat values for alpha, beta, log(sigma^2), mean(xi), log(var(xi)), atanh(corr(xi, eta)):
[1.00198891 1.00049767 1.02322421 1.00136855 1.00000047 1.00938046]

Iteration:  18400
Rhat values for alpha, beta, log(sigma^2), mean(xi), log(var(xi)), atanh(corr(xi, eta)):
[1.00195458 1.00051648 1.02257787 1.00128647 1.00000053 1.0090225 ]

Iteration:  18500
Rhat values for alpha, beta, log(sigma^2), mean(xi), log(var(xi)), atanh(corr(xi, eta)):
[1.00195076 1.00057997 1.02197179 1.00130037 1.00000059 1.00870816]

Iteration:  18600
Rhat values for alpha, beta, log(sigma^2), mean(xi), log(var(xi)), atanh(corr(xi, eta)):
[1.00198038 1.00060588 1.02202271 1.0013473  1.00000052 1.00873893]

Iteration:  18700
Rhat values for alpha, beta, log(sigma^2), mean(xi), log(var(xi)), atanh(corr(xi, eta)):
[1.00186558 1.00056675 1.02201419 1.00143196 1.00000044 1.00884338]

Iteration:  18800
Rhat values for alpha, beta, log(sigma^2), mean(xi), log(var(xi)), atanh(corr(xi, eta)):
[1.00166011 1.00052371 1.0221034  1.00144727 1.00000048 1.00909479]

Iteration:  18900
Rhat values for alpha, beta, log(sigma^2), mean(xi), log(var(xi)), atanh(corr(xi, eta)):
[1.00171525 1.00054869 1.02247428 1.001392   1.00000048 1.00929494]

Iteration:  19000
Rhat values for alpha, beta, log(sigma^2), mean(xi), log(var(xi)), atanh(corr(xi, eta)):
[1.00162752 1.00052431 1.02297796 1.00138205 1.0000004  1.00973535]

Iteration:  19100
Rhat values for alpha, beta, log(sigma^2), mean(xi), log(var(xi)), atanh(corr(xi, eta)):
[1.00156736 1.00043241 1.02304634 1.00134019 1.00000049 1.00988665]

Iteration:  19200
Rhat values for alpha, beta, log(sigma^2), mean(xi), log(var(xi)), atanh(corr(xi, eta)):
[1.00150866 1.00040978 1.02303    1.0013598  1.00000049 1.00973169]

Iteration:  19300
Rhat values for alpha, beta, log(sigma^2), mean(xi), log(var(xi)), atanh(corr(xi, eta)):
[1.0013602  1.00039871 1.02293488 1.00127415 1.00000047 1.00979717]

Iteration:  19400
Rhat values for alpha, beta, log(sigma^2), mean(xi), log(var(xi)), atanh(corr(xi, eta)):
[1.00128127 1.00033471 1.02260843 1.00128592 1.0000007  1.00975114]

Iteration:  19500
Rhat values for alpha, beta, log(sigma^2), mean(xi), log(var(xi)), atanh(corr(xi, eta)):
[1.00135445 1.00026327 1.02182858 1.00124609 1.00000065 1.00938747]

Iteration:  19600
Rhat values for alpha, beta, log(sigma^2), mean(xi), log(var(xi)), atanh(corr(xi, eta)):
[1.00163443 1.0002967  1.02103022 1.00122411 1.00000061 1.00840461]

Iteration:  19700
Rhat values for alpha, beta, log(sigma^2), mean(xi), log(var(xi)), atanh(corr(xi, eta)):
[1.00206409 1.0004106  1.02052995 1.00136624 1.00000066 1.00729886]

Iteration:  19800
Rhat values for alpha, beta, log(sigma^2), mean(xi), log(var(xi)), atanh(corr(xi, eta)):
[1.00258854 1.00061231 1.0213161  1.00145314 1.00000049 1.00647339]

Iteration:  19900
Rhat values for alpha, beta, log(sigma^2), mean(xi), log(var(xi)), atanh(corr(xi, eta)):
[1.00310019 1.00087648 1.02227873 1.00144222 1.00000048 1.00560401]

Iteration:  20000
Rhat values for alpha, beta, log(sigma^2), mean(xi), log(var(xi)), atanh(corr(xi, eta)):
[1.00363095 1.00122601 1.02281242 1.00145259 1.00000052 1.00484271]
{"name": "G11_first_hr_tripp_error_diag_0.42", "n": 196, "mean": -0.019541744755213274, "sd": 0.01374166739511941, "median": -0.019453630455263445, "q16_84": [-0.033576911004439845, -0.005743266653622655], "q025_975": [-0.04592763735095376, 0.007086020759840275], "p_negative": 0.9164, "scatter_mean": 0.025519959347183457, "retained_draws": 40000, "seed": 20260922, "rhat_retained": {"alpha": 1.0354206209238506, "beta": 1.0491292486503558, "sigsqr": 1.0070582225284277}}
START G11_first_hr_tripp_error_no_covadd_0.42 196

Iteration:  100
Rhat values for alpha, beta, log(sigma^2), mean(xi), log(var(xi)), atanh(corr(xi, eta)):
[1.02652656 1.03692032 1.20495445 1.01906584 0.99999993 1.11872891]

Iteration:  200
Rhat values for alpha, beta, log(sigma^2), mean(xi), log(var(xi)), atanh(corr(xi, eta)):
[1.04805177 1.06038746 1.37673235 1.00801494 0.99999989 1.26287004]

Iteration:  300
Rhat values for alpha, beta, log(sigma^2), mean(xi), log(var(xi)), atanh(corr(xi, eta)):
[1.07527352 1.09194624 1.36030493 1.02616128 0.99999995 1.38916093]

Iteration:  400
Rhat values for alpha, beta, log(sigma^2), mean(xi), log(var(xi)), atanh(corr(xi, eta)):
[1.12021108 1.13884103 1.28807189 1.02611057 1.0000001  1.50497684]

Iteration:  500
Rhat values for alpha, beta, log(sigma^2), mean(xi), log(var(xi)), atanh(corr(xi, eta)):
[1.14772627 1.16994069 1.16658535 1.02952768 1.00000011 1.52675044]

Iteration:  600
Rhat values for alpha, beta, log(sigma^2), mean(xi), log(var(xi)), atanh(corr(xi, eta)):
[1.13125232 1.15730658 1.15170582 1.01757017 1.0000001  1.43605054]

Iteration:  700
Rhat values for alpha, beta, log(sigma^2), mean(xi), log(var(xi)), atanh(corr(xi, eta)):
[1.11571238 1.14554163 1.16025331 1.01344928 1.00000005 1.35077236]

Iteration:  800
Rhat values for alpha, beta, log(sigma^2), mean(xi), log(var(xi)), atanh(corr(xi, eta)):
[1.12149844 1.15458582 1.15581111 1.01469932 1.00000008 1.35885609]

Iteration:  900
Rhat values for alpha, beta, log(sigma^2), mean(xi), log(var(xi)), atanh(corr(xi, eta)):
[1.12347406 1.15671552 1.12992428 1.00898491 1.00000007 1.34827767]

Iteration:  1000
Rhat values for alpha, beta, log(sigma^2), mean(xi), log(var(xi)), atanh(corr(xi, eta)):
[1.11224479 1.14373648 1.14660744 1.01172177 0.99999998 1.26268194]

Iteration:  1100
Rhat values for alpha, beta, log(sigma^2), mean(xi), log(var(xi)), atanh(corr(xi, eta)):
[1.10953004 1.13805023 1.14543759 1.0125611  1.00000002 1.18934448]

Iteration:  1200
Rhat values for alpha, beta, log(sigma^2), mean(xi), log(var(xi)), atanh(corr(xi, eta)):
[1.11306309 1.14215671 1.12762826 1.01052995 1.00000005 1.1762313 ]

Iteration:  1300
Rhat values for alpha, beta, log(sigma^2), mean(xi), log(var(xi)), atanh(corr(xi, eta)):
[1.11555513 1.14601337 1.09574438 1.00659342 1.00000009 1.17188402]

Iteration:  1400
Rhat values for alpha, beta, log(sigma^2), mean(xi), log(var(xi)), atanh(corr(xi, eta)):
[1.11856795 1.14711985 1.08290014 1.00326588 1.00000004 1.16482306]

Iteration:  1500
Rhat values for alpha, beta, log(sigma^2), mean(xi), log(var(xi)), atanh(corr(xi, eta)):
[1.12386278 1.1484418  1.08302657 1.0009817  1.00000001 1.16015161]

Iteration:  1600
Rhat values for alpha, beta, log(sigma^2), mean(xi), log(var(xi)), atanh(corr(xi, eta)):
[1.11596771 1.13785665 1.09150964 0.99986818 1.         1.13908523]

Iteration:  1700
Rhat values for alpha, beta, log(sigma^2), mean(xi), log(var(xi)), atanh(corr(xi, eta)):
[1.1119064  1.13024162 1.08350371 1.00021357 1.         1.13973371]

Iteration:  1800
Rhat values for alpha, beta, log(sigma^2), mean(xi), log(var(xi)), atanh(corr(xi, eta)):
[1.1009539  1.11629257 1.07172103 1.00046404 0.99999939 1.12693571]

Iteration:  1900
Rhat values for alpha, beta, log(sigma^2), mean(xi), log(var(xi)), atanh(corr(xi, eta)):
[1.09260724 1.10607761 1.07882345 0.99989607 0.99999948 1.11100068]

Iteration:  2000
Rhat values for alpha, beta, log(sigma^2), mean(xi), log(var(xi)), atanh(corr(xi, eta)):
[1.08658986 1.09817184 1.07832531 0.99974115 0.99999951 1.0981607 ]

Iteration:  2100
Rhat values for alpha, beta, log(sigma^2), mean(xi), log(var(xi)), atanh(corr(xi, eta)):
[1.08301258 1.09455119 1.06385467 0.99988161 0.99999953 1.07532341]

Iteration:  2200
Rhat values for alpha, beta, log(sigma^2), mean(xi), log(var(xi)), atanh(corr(xi, eta)):
[1.07782152 1.08962666 1.0541474  1.00005554 0.99999957 1.04949101]

Iteration:  2300
Rhat values for alpha, beta, log(sigma^2), mean(xi), log(var(xi)), atanh(corr(xi, eta)):
[1.07910865 1.09009342 1.04591809 1.00055314 0.99999942 1.04916909]

Iteration:  2400
Rhat values for alpha, beta, log(sigma^2), mean(xi), log(var(xi)), atanh(corr(xi, eta)):
[1.07715284 1.0861313  1.04140151 1.00026482 0.99999946 1.05371531]

Iteration:  2500
Rhat values for alpha, beta, log(sigma^2), mean(xi), log(var(xi)), atanh(corr(xi, eta)):
[1.07246412 1.08076233 1.03581982 0.99979188 0.9999995  1.05690436]

Iteration:  2600
Rhat values for alpha, beta, log(sigma^2), mean(xi), log(var(xi)), atanh(corr(xi, eta)):
[1.06743114 1.07441142 1.03303169 0.99977437 0.9999995  1.056035  ]

Iteration:  2700
Rhat values for alpha, beta, log(sigma^2), mean(xi), log(var(xi)), atanh(corr(xi, eta)):
[1.06188471 1.06720083 1.03224994 1.00012808 0.9999995  1.05163007]

Iteration:  2800
Rhat values for alpha, beta, log(sigma^2), mean(xi), log(var(xi)), atanh(corr(xi, eta)):
[1.05981066 1.06475949 1.02957667 1.00081298 0.99999947 1.04558064]

Iteration:  2900
Rhat values for alpha, beta, log(sigma^2), mean(xi), log(var(xi)), atanh(corr(xi, eta)):
[1.05333782 1.05908891 1.02846917 1.00051639 0.99999947 1.03697802]

Iteration:  3000
Rhat values for alpha, beta, log(sigma^2), mean(xi), log(var(xi)), atanh(corr(xi, eta)):
[1.04859854 1.05517761 1.02882556 1.00034531 0.99999948 1.03194907]

Iteration:  3100
Rhat values for alpha, beta, log(sigma^2), mean(xi), log(var(xi)), atanh(corr(xi, eta)):
[1.04527864 1.05182656 1.02507236 1.00008549 0.99999947 1.02831952]

Iteration:  3200
Rhat values for alpha, beta, log(sigma^2), mean(xi), log(var(xi)), atanh(corr(xi, eta)):
[1.04407124 1.05116252 1.02401846 0.99994694 0.9999995  1.02532832]

Iteration:  3300
Rhat values for alpha, beta, log(sigma^2), mean(xi), log(var(xi)), atanh(corr(xi, eta)):
[1.04417741 1.05279439 1.02275217 1.00014219 0.99999952 1.02581427]

Iteration:  3400
Rhat values for alpha, beta, log(sigma^2), mean(xi), log(var(xi)), atanh(corr(xi, eta)):
[1.04274941 1.05259764 1.02436994 1.00076174 0.99999953 1.02430629]

Iteration:  3500
Rhat values for alpha, beta, log(sigma^2), mean(xi), log(var(xi)), atanh(corr(xi, eta)):
[1.03941961 1.05025963 1.02965627 1.00087755 0.99999954 1.01750247]

Iteration:  3600
Rhat values for alpha, beta, log(sigma^2), mean(xi), log(var(xi)), atanh(corr(xi, eta)):
[1.03840604 1.0496587  1.0359994  1.00117271 0.99999954 1.01169805]

Iteration:  3700
Rhat values for alpha, beta, log(sigma^2), mean(xi), log(var(xi)), atanh(corr(xi, eta)):
[1.03692991 1.04863703 1.04556178 1.00054822 0.99999956 1.0073097 ]

Iteration:  3800
Rhat values for alpha, beta, log(sigma^2), mean(xi), log(var(xi)), atanh(corr(xi, eta)):
[1.03578937 1.04817301 1.0577767  1.0005627  0.99999959 1.00393485]

Iteration:  3900
Rhat values for alpha, beta, log(sigma^2), mean(xi), log(var(xi)), atanh(corr(xi, eta)):
[1.03484014 1.0471819  1.06753042 1.0010038  0.9999974  1.00265938]

Iteration:  4000
Rhat values for alpha, beta, log(sigma^2), mean(xi), log(var(xi)), atanh(corr(xi, eta)):
[1.03425927 1.04750683 1.07140674 1.00129375 0.99999746 1.00159569]

Iteration:  4100
Rhat values for alpha, beta, log(sigma^2), mean(xi), log(var(xi)), atanh(corr(xi, eta)):
[1.03365665 1.04781858 1.07243411 1.0017024  0.99999754 1.00102443]

Iteration:  4200
Rhat values for alpha, beta, log(sigma^2), mean(xi), log(var(xi)), atanh(corr(xi, eta)):
[1.03312941 1.04753231 1.07133744 1.00153332 0.9999976  1.00068261]

Iteration:  4300
Rhat values for alpha, beta, log(sigma^2), mean(xi), log(var(xi)), atanh(corr(xi, eta)):
[1.03319153 1.04771108 1.07156383 1.00101855 0.99999766 1.00029362]

Iteration:  4400
Rhat values for alpha, beta, log(sigma^2), mean(xi), log(var(xi)), atanh(corr(xi, eta)):
[1.03347919 1.04820606 1.0697009  1.0007023  0.99999772 1.00004599]

Iteration:  4500
Rhat values for alpha, beta, log(sigma^2), mean(xi), log(var(xi)), atanh(corr(xi, eta)):
[1.03352483 1.0482601  1.07081117 1.00043799 0.99999963 1.00021179]

Iteration:  4600
Rhat values for alpha, beta, log(sigma^2), mean(xi), log(var(xi)), atanh(corr(xi, eta)):
[1.03245268 1.04710966 1.07476732 1.00009941 0.99999964 1.0009671 ]

Iteration:  4700
Rhat values for alpha, beta, log(sigma^2), mean(xi), log(var(xi)), atanh(corr(xi, eta)):
[1.03206562 1.04654128 1.08087359 0.99996321 0.99999965 1.00234861]

Iteration:  4800
Rhat values for alpha, beta, log(sigma^2), mean(xi), log(var(xi)), atanh(corr(xi, eta)):
[1.03163957 1.04592238 1.0891374  0.99994401 0.99999964 1.00425758]

Iteration:  4900
Rhat values for alpha, beta, log(sigma^2), mean(xi), log(var(xi)), atanh(corr(xi, eta)):
[1.02983574 1.04453047 1.10071518 0.99990144 0.99999964 1.00756349]

Iteration:  5000
Rhat values for alpha, beta, log(sigma^2), mean(xi), log(var(xi)), atanh(corr(xi, eta)):
[1.02793045 1.04256414 1.11025954 0.99985853 0.99999965 1.01149571]

Iteration:  5100
Rhat values for alpha, beta, log(sigma^2), mean(xi), log(var(xi)), atanh(corr(xi, eta)):
[1.0258718  1.04051702 1.1224676  0.9998916  0.99999965 1.01707122]

Iteration:  5200
Rhat values for alpha, beta, log(sigma^2), mean(xi), log(var(xi)), atanh(corr(xi, eta)):
[1.02353342 1.03743162 1.13509048 0.99989207 0.99999966 1.02330335]

Iteration:  5300
Rhat values for alpha, beta, log(sigma^2), mean(xi), log(var(xi)), atanh(corr(xi, eta)):
[1.02301099 1.03601684 1.14332654 0.99989295 0.99999966 1.02706399]

Iteration:  5400
Rhat values for alpha, beta, log(sigma^2), mean(xi), log(var(xi)), atanh(corr(xi, eta)):
[1.02332552 1.03638731 1.14755849 0.99997657 0.99999967 1.02859034]

Iteration:  5500
Rhat values for alpha, beta, log(sigma^2), mean(xi), log(var(xi)), atanh(corr(xi, eta)):
[1.0230793  1.03656286 1.15214987 0.99996582 0.99999969 1.03007923]

Iteration:  5600
Rhat values for alpha, beta, log(sigma^2), mean(xi), log(var(xi)), atanh(corr(xi, eta)):
[1.02303744 1.03680218 1.15224384 1.00001515 0.99999638 1.02953879]

Iteration:  5700
Rhat values for alpha, beta, log(sigma^2), mean(xi), log(var(xi)), atanh(corr(xi, eta)):
[1.02373693 1.03775507 1.15159049 1.0000731  0.99999642 1.02780786]

Iteration:  5800
Rhat values for alpha, beta, log(sigma^2), mean(xi), log(var(xi)), atanh(corr(xi, eta)):
[1.02435105 1.03883142 1.14409028 1.00011079 0.99999647 1.02530189]

Iteration:  5900
Rhat values for alpha, beta, log(sigma^2), mean(xi), log(var(xi)), atanh(corr(xi, eta)):
[1.0236107  1.03753292 1.13723586 1.00006329 0.99999652 1.02397437]

Iteration:  6000
Rhat values for alpha, beta, log(sigma^2), mean(xi), log(var(xi)), atanh(corr(xi, eta)):
[1.02240013 1.03540463 1.13141732 1.0001183  0.99999657 1.02362411]

Iteration:  6100
Rhat values for alpha, beta, log(sigma^2), mean(xi), log(var(xi)), atanh(corr(xi, eta)):
[1.02170087 1.03479655 1.12651022 1.00035139 0.99999666 1.02274862]

Iteration:  6200
Rhat values for alpha, beta, log(sigma^2), mean(xi), log(var(xi)), atanh(corr(xi, eta)):
[1.01995725 1.03336071 1.12270929 1.00063911 0.99999672 1.02240716]

Iteration:  6300
Rhat values for alpha, beta, log(sigma^2), mean(xi), log(var(xi)), atanh(corr(xi, eta)):
[1.01733785 1.03050443 1.11956169 1.00145075 0.99999677 1.02312527]

Iteration:  6400
Rhat values for alpha, beta, log(sigma^2), mean(xi), log(var(xi)), atanh(corr(xi, eta)):
[1.01505726 1.02761438 1.11961961 1.00192117 0.99999682 1.02449924]

Iteration:  6500
Rhat values for alpha, beta, log(sigma^2), mean(xi), log(var(xi)), atanh(corr(xi, eta)):
[1.01439554 1.02680572 1.12322822 1.00200648 0.99999687 1.02642922]

Iteration:  6600
Rhat values for alpha, beta, log(sigma^2), mean(xi), log(var(xi)), atanh(corr(xi, eta)):
[1.01370106 1.02581242 1.12888926 1.00228697 0.99999692 1.02919726]

Iteration:  6700
Rhat values for alpha, beta, log(sigma^2), mean(xi), log(var(xi)), atanh(corr(xi, eta)):
[1.01231086 1.02391309 1.13061332 1.00240054 0.99999697 1.03093321]

Iteration:  6800
Rhat values for alpha, beta, log(sigma^2), mean(xi), log(var(xi)), atanh(corr(xi, eta)):
[1.01240909 1.02374015 1.13211111 1.00216474 0.99999703 1.03278239]

Iteration:  6900
Rhat values for alpha, beta, log(sigma^2), mean(xi), log(var(xi)), atanh(corr(xi, eta)):
[1.01333504 1.02464122 1.13219294 1.001976   0.99999707 1.03354463]

Iteration:  7000
Rhat values for alpha, beta, log(sigma^2), mean(xi), log(var(xi)), atanh(corr(xi, eta)):
[1.01333063 1.0248369  1.13071903 1.00170491 0.99999712 1.03419612]

Iteration:  7100
Rhat values for alpha, beta, log(sigma^2), mean(xi), log(var(xi)), atanh(corr(xi, eta)):
[1.01294623 1.02463923 1.12858427 1.00151638 0.99999716 1.03329807]

Iteration:  7200
Rhat values for alpha, beta, log(sigma^2), mean(xi), log(var(xi)), atanh(corr(xi, eta)):
[1.0138215  1.02573343 1.12706698 1.00161622 0.9999972  1.03237372]

Iteration:  7300
Rhat values for alpha, beta, log(sigma^2), mean(xi), log(var(xi)), atanh(corr(xi, eta)):
[1.01577378 1.02811    1.12403193 1.00174626 0.99999723 1.03017031]

Iteration:  7400
Rhat values for alpha, beta, log(sigma^2), mean(xi), log(var(xi)), atanh(corr(xi, eta)):
[1.01668544 1.02916145 1.11916194 1.0018047  0.99999726 1.02815714]

Iteration:  7500
Rhat values for alpha, beta, log(sigma^2), mean(xi), log(var(xi)), atanh(corr(xi, eta)):
[1.01642124 1.02909236 1.11635793 1.00150054 0.99999729 1.02689309]

Iteration:  7600
Rhat values for alpha, beta, log(sigma^2), mean(xi), log(var(xi)), atanh(corr(xi, eta)):
[1.01798557 1.03114945 1.11377573 1.00153992 0.99999733 1.02537401]

Iteration:  7700
Rhat values for alpha, beta, log(sigma^2), mean(xi), log(var(xi)), atanh(corr(xi, eta)):
[1.01843022 1.03146258 1.11504326 1.00145622 0.99999737 1.0262863 ]

Iteration:  7800
Rhat values for alpha, beta, log(sigma^2), mean(xi), log(var(xi)), atanh(corr(xi, eta)):
[1.01906079 1.03175492 1.11701981 1.00150684 0.9999974  1.02745452]

Iteration:  7900
Rhat values for alpha, beta, log(sigma^2), mean(xi), log(var(xi)), atanh(corr(xi, eta)):
[1.01925164 1.03181793 1.11656885 1.00152754 0.99999744 1.02814147]

Iteration:  8000
Rhat values for alpha, beta, log(sigma^2), mean(xi), log(var(xi)), atanh(corr(xi, eta)):
[1.01814441 1.03044048 1.11614252 1.00133467 0.99999747 1.02931126]

Iteration:  8100
Rhat values for alpha, beta, log(sigma^2), mean(xi), log(var(xi)), atanh(corr(xi, eta)):
[1.01523978 1.02637354 1.11704249 1.00106399 0.99999749 1.03108046]

Iteration:  8200
Rhat values for alpha, beta, log(sigma^2), mean(xi), log(var(xi)), atanh(corr(xi, eta)):
[1.01347346 1.02361676 1.11890315 1.00084044 0.99999753 1.03297438]

Iteration:  8300
Rhat values for alpha, beta, log(sigma^2), mean(xi), log(var(xi)), atanh(corr(xi, eta)):
[1.01362853 1.02319447 1.1204635  1.00081897 0.99999757 1.03442753]

Iteration:  8400
Rhat values for alpha, beta, log(sigma^2), mean(xi), log(var(xi)), atanh(corr(xi, eta)):
[1.01450844 1.02395656 1.119439   1.00085271 0.99999759 1.03338562]

Iteration:  8500
Rhat values for alpha, beta, log(sigma^2), mean(xi), log(var(xi)), atanh(corr(xi, eta)):
[1.01507561 1.02396223 1.11700564 1.00090093 0.99999762 1.03328442]

Iteration:  8600
Rhat values for alpha, beta, log(sigma^2), mean(xi), log(var(xi)), atanh(corr(xi, eta)):
[1.01609024 1.02518513 1.11455245 1.0009246  0.99999761 1.03230028]

Iteration:  8700
Rhat values for alpha, beta, log(sigma^2), mean(xi), log(var(xi)), atanh(corr(xi, eta)):
[1.01558478 1.02507877 1.11216666 1.00061193 0.99999763 1.03108816]

Iteration:  8800
Rhat values for alpha, beta, log(sigma^2), mean(xi), log(var(xi)), atanh(corr(xi, eta)):
[1.01496371 1.02437816 1.10922042 1.00060938 0.99999763 1.02992405]

Iteration:  8900
Rhat values for alpha, beta, log(sigma^2), mean(xi), log(var(xi)), atanh(corr(xi, eta)):
[1.0144983  1.02366296 1.1053049  1.00076479 0.99999766 1.0286379 ]

Iteration:  9000
Rhat values for alpha, beta, log(sigma^2), mean(xi), log(var(xi)), atanh(corr(xi, eta)):
[1.01539481 1.02486529 1.10407557 1.00066446 0.99999768 1.02684351]

Iteration:  9100
Rhat values for alpha, beta, log(sigma^2), mean(xi), log(var(xi)), atanh(corr(xi, eta)):
[1.01533572 1.02458873 1.10157883 1.00057548 0.99999771 1.02528552]

Iteration:  9200
Rhat values for alpha, beta, log(sigma^2), mean(xi), log(var(xi)), atanh(corr(xi, eta)):
[1.01505289 1.02461801 1.09807982 1.00047797 0.9999977  1.02372326]

Iteration:  9300
Rhat values for alpha, beta, log(sigma^2), mean(xi), log(var(xi)), atanh(corr(xi, eta)):
[1.0148651  1.02440004 1.09564489 1.00039439 0.99999772 1.02287512]

Iteration:  9400
Rhat values for alpha, beta, log(sigma^2), mean(xi), log(var(xi)), atanh(corr(xi, eta)):
[1.01564096 1.025302   1.0956819  1.00034625 0.99999773 1.02244802]

Iteration:  9500
Rhat values for alpha, beta, log(sigma^2), mean(xi), log(var(xi)), atanh(corr(xi, eta)):
[1.01614878 1.02579908 1.09650156 1.00051405 0.99999777 1.02219342]

Iteration:  9600
Rhat values for alpha, beta, log(sigma^2), mean(xi), log(var(xi)), atanh(corr(xi, eta)):
[1.01656507 1.026159   1.09758542 1.00047863 0.99999779 1.02196702]

Iteration:  9700
Rhat values for alpha, beta, log(sigma^2), mean(xi), log(var(xi)), atanh(corr(xi, eta)):
[1.01669626 1.02615987 1.09872724 1.0004519  0.99999782 1.02210516]

Iteration:  9800
Rhat values for alpha, beta, log(sigma^2), mean(xi), log(var(xi)), atanh(corr(xi, eta)):
[1.01656464 1.02585368 1.10003713 1.00031676 0.99999784 1.02261281]

Iteration:  9900
Rhat values for alpha, beta, log(sigma^2), mean(xi), log(var(xi)), atanh(corr(xi, eta)):
[1.01643558 1.02542662 1.1022905  1.00044283 0.99999787 1.02391539]

Iteration:  10000
Rhat values for alpha, beta, log(sigma^2), mean(xi), log(var(xi)), atanh(corr(xi, eta)):
[1.01602812 1.02484215 1.10477518 1.00058386 0.9999979  1.02533374]

Iteration:  10100
Rhat values for alpha, beta, log(sigma^2), mean(xi), log(var(xi)), atanh(corr(xi, eta)):
[1.01581356 1.02441001 1.10539709 1.00060893 0.99999792 1.02571798]

Iteration:  10200
Rhat values for alpha, beta, log(sigma^2), mean(xi), log(var(xi)), atanh(corr(xi, eta)):
[1.01610501 1.02430615 1.10546193 1.00076014 0.99999794 1.02569539]

Iteration:  10300
Rhat values for alpha, beta, log(sigma^2), mean(xi), log(var(xi)), atanh(corr(xi, eta)):
[1.016431   1.02455612 1.10436622 1.00089004 0.99999797 1.02579418]

Iteration:  10400
Rhat values for alpha, beta, log(sigma^2), mean(xi), log(var(xi)), atanh(corr(xi, eta)):
[1.01571298 1.02362374 1.10379028 1.00102698 0.99999799 1.02600197]

Iteration:  10500
Rhat values for alpha, beta, log(sigma^2), mean(xi), log(var(xi)), atanh(corr(xi, eta)):
[1.01535793 1.02298123 1.09981558 1.00127995 0.99999801 1.02484616]

Iteration:  10600
Rhat values for alpha, beta, log(sigma^2), mean(xi), log(var(xi)), atanh(corr(xi, eta)):
[1.01645785 1.0242515  1.09564461 1.00127168 0.99999804 1.0226388 ]

Iteration:  10700
Rhat values for alpha, beta, log(sigma^2), mean(xi), log(var(xi)), atanh(corr(xi, eta)):
[1.0172015  1.02514709 1.09277517 1.00126861 0.99999806 1.0210893 ]

Iteration:  10800
Rhat values for alpha, beta, log(sigma^2), mean(xi), log(var(xi)), atanh(corr(xi, eta)):
[1.01727756 1.02522392 1.08798179 1.00136872 0.99999808 1.01962506]

Iteration:  10900
Rhat values for alpha, beta, log(sigma^2), mean(xi), log(var(xi)), atanh(corr(xi, eta)):
[1.01732187 1.02525538 1.08548946 1.00143042 0.99999809 1.01872894]

Iteration:  11000
Rhat values for alpha, beta, log(sigma^2), mean(xi), log(var(xi)), atanh(corr(xi, eta)):
[1.01688166 1.02447486 1.08473854 1.00127902 0.99999812 1.01855602]

Iteration:  11100
Rhat values for alpha, beta, log(sigma^2), mean(xi), log(var(xi)), atanh(corr(xi, eta)):
[1.01702089 1.0244288  1.08477575 1.00115249 0.99999814 1.01862737]

Iteration:  11200
Rhat values for alpha, beta, log(sigma^2), mean(xi), log(var(xi)), atanh(corr(xi, eta)):
[1.01706359 1.02415982 1.08340769 1.00105081 0.99999812 1.01803613]

Iteration:  11300
Rhat values for alpha, beta, log(sigma^2), mean(xi), log(var(xi)), atanh(corr(xi, eta)):
[1.0173787  1.02424553 1.0807727  1.00110221 0.99999814 1.01727985]

Iteration:  11400
Rhat values for alpha, beta, log(sigma^2), mean(xi), log(var(xi)), atanh(corr(xi, eta)):
[1.01849405 1.02529732 1.0798326  1.00109125 0.99999818 1.01695818]

Iteration:  11500
Rhat values for alpha, beta, log(sigma^2), mean(xi), log(var(xi)), atanh(corr(xi, eta)):
[1.01866233 1.02547927 1.07889918 1.00098983 0.9999982  1.01632997]

Iteration:  11600
Rhat values for alpha, beta, log(sigma^2), mean(xi), log(var(xi)), atanh(corr(xi, eta)):
[1.01849069 1.02499267 1.07948726 1.00103512 0.99999821 1.0164628 ]

Iteration:  11700
Rhat values for alpha, beta, log(sigma^2), mean(xi), log(var(xi)), atanh(corr(xi, eta)):
[1.01808645 1.02444059 1.07954393 1.00108762 0.99999822 1.01654747]

Iteration:  11800
Rhat values for alpha, beta, log(sigma^2), mean(xi), log(var(xi)), atanh(corr(xi, eta)):
[1.01816204 1.02444501 1.0804375  1.0010721  0.99999824 1.01669304]

Iteration:  11900
Rhat values for alpha, beta, log(sigma^2), mean(xi), log(var(xi)), atanh(corr(xi, eta)):
[1.01818427 1.02431565 1.08209103 1.00105448 0.99999826 1.01750663]

Iteration:  12000
Rhat values for alpha, beta, log(sigma^2), mean(xi), log(var(xi)), atanh(corr(xi, eta)):
[1.01794501 1.02401629 1.08441654 1.001197   0.99999827 1.01828558]

Iteration:  12100
Rhat values for alpha, beta, log(sigma^2), mean(xi), log(var(xi)), atanh(corr(xi, eta)):
[1.01704313 1.02296539 1.08658939 1.00111992 0.99999829 1.01930071]

Iteration:  12200
Rhat values for alpha, beta, log(sigma^2), mean(xi), log(var(xi)), atanh(corr(xi, eta)):
[1.0162625  1.02205894 1.08837405 1.00089911 0.9999983  1.02017148]

Iteration:  12300
Rhat values for alpha, beta, log(sigma^2), mean(xi), log(var(xi)), atanh(corr(xi, eta)):
[1.01585627 1.02137663 1.08811277 1.00098991 0.99999832 1.020736  ]

Iteration:  12400
Rhat values for alpha, beta, log(sigma^2), mean(xi), log(var(xi)), atanh(corr(xi, eta)):
[1.01586787 1.02115141 1.08923094 1.00110521 0.99999834 1.02114222]

Iteration:  12500
Rhat values for alpha, beta, log(sigma^2), mean(xi), log(var(xi)), atanh(corr(xi, eta)):
[1.01598521 1.02100214 1.08923204 1.00104803 0.99999835 1.02105423]

Iteration:  12600
Rhat values for alpha, beta, log(sigma^2), mean(xi), log(var(xi)), atanh(corr(xi, eta)):
[1.01636589 1.02132735 1.08924176 1.00104373 0.99999836 1.0204619 ]

Iteration:  12700
Rhat values for alpha, beta, log(sigma^2), mean(xi), log(var(xi)), atanh(corr(xi, eta)):
[1.01598534 1.02068235 1.088898   1.00075705 0.99999836 1.02032768]

Iteration:  12800
Rhat values for alpha, beta, log(sigma^2), mean(xi), log(var(xi)), atanh(corr(xi, eta)):
[1.01519162 1.01946919 1.08790721 1.00065    0.99999837 1.02050085]

Iteration:  12900
Rhat values for alpha, beta, log(sigma^2), mean(xi), log(var(xi)), atanh(corr(xi, eta)):
[1.01465661 1.01886604 1.08572621 1.00059003 0.99999838 1.01978126]

Iteration:  13000
Rhat values for alpha, beta, log(sigma^2), mean(xi), log(var(xi)), atanh(corr(xi, eta)):
[1.01451353 1.01889677 1.08386418 1.00056365 0.9999984  1.01901895]

Iteration:  13100
Rhat values for alpha, beta, log(sigma^2), mean(xi), log(var(xi)), atanh(corr(xi, eta)):
[1.01387564 1.01828706 1.08250596 1.00070903 0.99999841 1.018824  ]

Iteration:  13200
Rhat values for alpha, beta, log(sigma^2), mean(xi), log(var(xi)), atanh(corr(xi, eta)):
[1.01354955 1.01786885 1.08161242 1.00072156 0.99999842 1.01876716]

Iteration:  13300
Rhat values for alpha, beta, log(sigma^2), mean(xi), log(var(xi)), atanh(corr(xi, eta)):
[1.01347914 1.01796529 1.08114554 1.00062321 0.99999844 1.01845321]

Iteration:  13400
Rhat values for alpha, beta, log(sigma^2), mean(xi), log(var(xi)), atanh(corr(xi, eta)):
[1.01394269 1.01862864 1.08100548 1.00060695 0.99999846 1.01792961]

Iteration:  13500
Rhat values for alpha, beta, log(sigma^2), mean(xi), log(var(xi)), atanh(corr(xi, eta)):
[1.01435597 1.01920908 1.08045483 1.00069241 0.99999847 1.01728874]

Iteration:  13600
Rhat values for alpha, beta, log(sigma^2), mean(xi), log(var(xi)), atanh(corr(xi, eta)):
[1.01403328 1.018801   1.07971231 1.00066828 0.99999847 1.01713057]

Iteration:  13700
Rhat values for alpha, beta, log(sigma^2), mean(xi), log(var(xi)), atanh(corr(xi, eta)):
[1.01483871 1.01973971 1.07982147 1.0005849  0.99999848 1.01659013]

Iteration:  13800
Rhat values for alpha, beta, log(sigma^2), mean(xi), log(var(xi)), atanh(corr(xi, eta)):
[1.01525758 1.02024612 1.0799121  1.00060536 0.99999849 1.01621973]

Iteration:  13900
Rhat values for alpha, beta, log(sigma^2), mean(xi), log(var(xi)), atanh(corr(xi, eta)):
[1.0158889  1.02094639 1.08005271 1.00061001 0.9999985  1.01575028]

Iteration:  14000
Rhat values for alpha, beta, log(sigma^2), mean(xi), log(var(xi)), atanh(corr(xi, eta)):
[1.01601968 1.02116735 1.07858761 1.00064795 0.99999851 1.01523852]

Iteration:  14100
Rhat values for alpha, beta, log(sigma^2), mean(xi), log(var(xi)), atanh(corr(xi, eta)):
[1.01637639 1.02116915 1.07638235 1.00060064 0.99999852 1.01466934]

Iteration:  14200
Rhat values for alpha, beta, log(sigma^2), mean(xi), log(var(xi)), atanh(corr(xi, eta)):
[1.01703934 1.02168863 1.07509384 1.00051433 0.99999853 1.01428851]

Iteration:  14300
Rhat values for alpha, beta, log(sigma^2), mean(xi), log(var(xi)), atanh(corr(xi, eta)):
[1.01748011 1.02180921 1.07436323 1.00053154 0.99999854 1.01397814]

Iteration:  14400
Rhat values for alpha, beta, log(sigma^2), mean(xi), log(var(xi)), atanh(corr(xi, eta)):
[1.0176496  1.02172569 1.07235469 1.00046017 0.99999855 1.0133839 ]

Iteration:  14500
Rhat values for alpha, beta, log(sigma^2), mean(xi), log(var(xi)), atanh(corr(xi, eta)):
[1.01738558 1.02119306 1.07178857 1.00052343 0.99999857 1.01347742]

Iteration:  14600
Rhat values for alpha, beta, log(sigma^2), mean(xi), log(var(xi)), atanh(corr(xi, eta)):
[1.01758769 1.02137761 1.07112698 1.00072539 0.99999858 1.01327034]

Iteration:  14700
Rhat values for alpha, beta, log(sigma^2), mean(xi), log(var(xi)), atanh(corr(xi, eta)):
[1.01711012 1.02083806 1.06978336 1.00084175 0.99999859 1.01295796]

Iteration:  14800
Rhat values for alpha, beta, log(sigma^2), mean(xi), log(var(xi)), atanh(corr(xi, eta)):
[1.01702476 1.02076632 1.06932618 1.00093031 0.9999986  1.01277417]

Iteration:  14900
Rhat values for alpha, beta, log(sigma^2), mean(xi), log(var(xi)), atanh(corr(xi, eta)):
[1.01778304 1.02156943 1.06871091 1.00088222 0.99999861 1.01211358]

Iteration:  15000
Rhat values for alpha, beta, log(sigma^2), mean(xi), log(var(xi)), atanh(corr(xi, eta)):
[1.01822257 1.02208881 1.06936424 1.00081864 0.99999861 1.01219223]

Iteration:  15100
Rhat values for alpha, beta, log(sigma^2), mean(xi), log(var(xi)), atanh(corr(xi, eta)):
[1.01860674 1.02263105 1.06984146 1.00081251 0.99999862 1.01233544]

Iteration:  15200
Rhat values for alpha, beta, log(sigma^2), mean(xi), log(var(xi)), atanh(corr(xi, eta)):
[1.01899396 1.02295665 1.07058151 1.00084395 0.99999863 1.01226128]

Iteration:  15300
Rhat values for alpha, beta, log(sigma^2), mean(xi), log(var(xi)), atanh(corr(xi, eta)):
[1.01994658 1.02407771 1.07207212 1.00091582 0.99999864 1.01175317]

Iteration:  15400
Rhat values for alpha, beta, log(sigma^2), mean(xi), log(var(xi)), atanh(corr(xi, eta)):
[1.02059403 1.02487785 1.07413839 1.00087211 0.99999864 1.01155269]

Iteration:  15500
Rhat values for alpha, beta, log(sigma^2), mean(xi), log(var(xi)), atanh(corr(xi, eta)):
[1.02181731 1.02615105 1.0761653  1.00088274 0.99999866 1.01145141]

Iteration:  15600
Rhat values for alpha, beta, log(sigma^2), mean(xi), log(var(xi)), atanh(corr(xi, eta)):
[1.02361124 1.02793528 1.07740756 1.00090878 0.99999866 1.01078429]

Iteration:  15700
Rhat values for alpha, beta, log(sigma^2), mean(xi), log(var(xi)), atanh(corr(xi, eta)):
[1.02519283 1.02953331 1.07811901 1.0009757  0.99999868 1.01062276]

Iteration:  15800
Rhat values for alpha, beta, log(sigma^2), mean(xi), log(var(xi)), atanh(corr(xi, eta)):
[1.0263066  1.03074264 1.07814911 1.00092886 0.99999868 1.01068438]

Iteration:  15900
Rhat values for alpha, beta, log(sigma^2), mean(xi), log(var(xi)), atanh(corr(xi, eta)):
[1.02748597 1.03201207 1.07806632 1.00095193 0.99999881 1.0107452 ]

Iteration:  16000
Rhat values for alpha, beta, log(sigma^2), mean(xi), log(var(xi)), atanh(corr(xi, eta)):
[1.02907179 1.03348836 1.07726166 1.00088273 0.99999881 1.010395  ]

Iteration:  16100
Rhat values for alpha, beta, log(sigma^2), mean(xi), log(var(xi)), atanh(corr(xi, eta)):
[1.03009942 1.034308   1.07687821 1.00074302 0.99999882 1.01025272]

Iteration:  16200
Rhat values for alpha, beta, log(sigma^2), mean(xi), log(var(xi)), atanh(corr(xi, eta)):
[1.03062186 1.03474153 1.07631976 1.00071645 0.99999882 1.01006192]

Iteration:  16300
Rhat values for alpha, beta, log(sigma^2), mean(xi), log(var(xi)), atanh(corr(xi, eta)):
[1.03104898 1.03484549 1.07557526 1.00067936 0.99999883 1.01003799]

Iteration:  16400
Rhat values for alpha, beta, log(sigma^2), mean(xi), log(var(xi)), atanh(corr(xi, eta)):
[1.03148233 1.03515071 1.07660721 1.00064109 0.99999884 1.01008218]

Iteration:  16500
Rhat values for alpha, beta, log(sigma^2), mean(xi), log(var(xi)), atanh(corr(xi, eta)):
[1.03157395 1.03520383 1.07822265 1.00053664 0.99999885 1.00999471]

Iteration:  16600
Rhat values for alpha, beta, log(sigma^2), mean(xi), log(var(xi)), atanh(corr(xi, eta)):
[1.03156533 1.03510532 1.07919574 1.00051473 0.99999885 1.01011778]

Iteration:  16700
Rhat values for alpha, beta, log(sigma^2), mean(xi), log(var(xi)), atanh(corr(xi, eta)):
[1.03077999 1.03430365 1.07945561 1.00046931 0.99999886 1.0104009 ]

Iteration:  16800
Rhat values for alpha, beta, log(sigma^2), mean(xi), log(var(xi)), atanh(corr(xi, eta)):
[1.03042078 1.03397797 1.07873373 1.00042846 0.99999887 1.01041134]

Iteration:  16900
Rhat values for alpha, beta, log(sigma^2), mean(xi), log(var(xi)), atanh(corr(xi, eta)):
[1.02981422 1.03350404 1.07690339 1.00042047 0.99999888 1.01016994]

Iteration:  17000
Rhat values for alpha, beta, log(sigma^2), mean(xi), log(var(xi)), atanh(corr(xi, eta)):
[1.03012133 1.03401701 1.07481048 1.00040333 0.99999888 1.00973594]

Iteration:  17100
Rhat values for alpha, beta, log(sigma^2), mean(xi), log(var(xi)), atanh(corr(xi, eta)):
[1.03017806 1.03448629 1.07393194 1.00030998 0.99999888 1.00936213]

Iteration:  17200
Rhat values for alpha, beta, log(sigma^2), mean(xi), log(var(xi)), atanh(corr(xi, eta)):
[1.02977716 1.03426689 1.07350619 1.00033143 0.99999889 1.00938257]

Iteration:  17300
Rhat values for alpha, beta, log(sigma^2), mean(xi), log(var(xi)), atanh(corr(xi, eta)):
[1.02922576 1.03368387 1.07256744 1.0004131  0.9999989  1.00922713]

Iteration:  17400
Rhat values for alpha, beta, log(sigma^2), mean(xi), log(var(xi)), atanh(corr(xi, eta)):
[1.02867983 1.03275687 1.07273065 1.00044868 0.9999989  1.00924409]

Iteration:  17500
Rhat values for alpha, beta, log(sigma^2), mean(xi), log(var(xi)), atanh(corr(xi, eta)):
[1.02800322 1.03226522 1.07263137 1.00049807 0.99999891 1.00912108]

Iteration:  17600
Rhat values for alpha, beta, log(sigma^2), mean(xi), log(var(xi)), atanh(corr(xi, eta)):
[1.02761913 1.03201714 1.07262446 1.00048407 0.99999892 1.00919001]

Iteration:  17700
Rhat values for alpha, beta, log(sigma^2), mean(xi), log(var(xi)), atanh(corr(xi, eta)):
[1.028197   1.03259646 1.07210399 1.00037612 0.99999892 1.00910808]

Iteration:  17800
Rhat values for alpha, beta, log(sigma^2), mean(xi), log(var(xi)), atanh(corr(xi, eta)):
[1.02825188 1.03273217 1.07099621 1.00031818 0.99999892 1.00921747]

Iteration:  17900
Rhat values for alpha, beta, log(sigma^2), mean(xi), log(var(xi)), atanh(corr(xi, eta)):
[1.02820732 1.03271067 1.0701229  1.00020938 0.99999893 1.00941927]

Iteration:  18000
Rhat values for alpha, beta, log(sigma^2), mean(xi), log(var(xi)), atanh(corr(xi, eta)):
[1.02814901 1.03256558 1.06868319 1.00013967 0.99999894 1.00952457]

Iteration:  18100
Rhat values for alpha, beta, log(sigma^2), mean(xi), log(var(xi)), atanh(corr(xi, eta)):
[1.02750815 1.03174393 1.06833823 1.00010875 0.99999894 1.00978492]

Iteration:  18200
Rhat values for alpha, beta, log(sigma^2), mean(xi), log(var(xi)), atanh(corr(xi, eta)):
[1.02643705 1.0303357  1.06707229 1.00010984 0.99999894 1.00979557]

Iteration:  18300
Rhat values for alpha, beta, log(sigma^2), mean(xi), log(var(xi)), atanh(corr(xi, eta)):
[1.02586242 1.02947474 1.06646284 1.00008631 0.99999895 1.01042563]

Iteration:  18400
Rhat values for alpha, beta, log(sigma^2), mean(xi), log(var(xi)), atanh(corr(xi, eta)):
[1.02562665 1.02901963 1.06728037 1.00008292 0.99999895 1.01117509]

Iteration:  18500
Rhat values for alpha, beta, log(sigma^2), mean(xi), log(var(xi)), atanh(corr(xi, eta)):
[1.02569112 1.02903786 1.06829038 1.00010265 0.99999896 1.01161171]

Iteration:  18600
Rhat values for alpha, beta, log(sigma^2), mean(xi), log(var(xi)), atanh(corr(xi, eta)):
[1.02544958 1.02880232 1.06981512 1.00013586 0.99999896 1.0120903 ]

Iteration:  18700
Rhat values for alpha, beta, log(sigma^2), mean(xi), log(var(xi)), atanh(corr(xi, eta)):
[1.02499468 1.02829019 1.0700525  1.00013389 0.99999897 1.01211309]

Iteration:  18800
Rhat values for alpha, beta, log(sigma^2), mean(xi), log(var(xi)), atanh(corr(xi, eta)):
[1.02473856 1.02794616 1.06986512 1.00015756 0.99999898 1.01219751]

Iteration:  18900
Rhat values for alpha, beta, log(sigma^2), mean(xi), log(var(xi)), atanh(corr(xi, eta)):
[1.0241743  1.02736121 1.06983082 1.00017465 0.99999899 1.01229163]

Iteration:  19000
Rhat values for alpha, beta, log(sigma^2), mean(xi), log(var(xi)), atanh(corr(xi, eta)):
[1.02374128 1.02666696 1.06970113 1.0001499  0.99999899 1.0125166 ]

Iteration:  19100
Rhat values for alpha, beta, log(sigma^2), mean(xi), log(var(xi)), atanh(corr(xi, eta)):
[1.02292914 1.02568965 1.07005844 1.00012345 0.999999   1.01318994]

Iteration:  19200
Rhat values for alpha, beta, log(sigma^2), mean(xi), log(var(xi)), atanh(corr(xi, eta)):
[1.02237344 1.02508573 1.07044833 1.00014328 0.99999899 1.01365318]

Iteration:  19300
Rhat values for alpha, beta, log(sigma^2), mean(xi), log(var(xi)), atanh(corr(xi, eta)):
[1.02283175 1.02553118 1.070021   1.00011906 0.99999899 1.01357247]

Iteration:  19400
Rhat values for alpha, beta, log(sigma^2), mean(xi), log(var(xi)), atanh(corr(xi, eta)):
[1.02374197 1.02630599 1.06976148 1.0001106  0.999999   1.01366072]

Iteration:  19500
Rhat values for alpha, beta, log(sigma^2), mean(xi), log(var(xi)), atanh(corr(xi, eta)):
[1.02379979 1.02625694 1.06970796 1.00008449 0.999999   1.01413833]

Iteration:  19600
Rhat values for alpha, beta, log(sigma^2), mean(xi), log(var(xi)), atanh(corr(xi, eta)):
[1.0235741  1.02601272 1.06975777 1.00013448 0.99999901 1.01475277]

Iteration:  19700
Rhat values for alpha, beta, log(sigma^2), mean(xi), log(var(xi)), atanh(corr(xi, eta)):
[1.02360536 1.02599114 1.07008966 1.00011499 0.99999902 1.01556216]

Iteration:  19800
Rhat values for alpha, beta, log(sigma^2), mean(xi), log(var(xi)), atanh(corr(xi, eta)):
[1.02387477 1.02624065 1.07008478 1.00012549 0.99999902 1.0159696 ]

Iteration:  19900
Rhat values for alpha, beta, log(sigma^2), mean(xi), log(var(xi)), atanh(corr(xi, eta)):
[1.02371093 1.02607622 1.07029177 1.0001191  0.99999903 1.01627205]

Iteration:  20000
Rhat values for alpha, beta, log(sigma^2), mean(xi), log(var(xi)), atanh(corr(xi, eta)):
[1.02332776 1.02550389 1.0695346  1.00012456 0.99999903 1.0161567 ]
{"name": "G11_first_hr_tripp_error_no_covadd_0.42", "n": 196, "mean": -0.02198849390137542, "sd": 0.01266585984857713, "median": -0.02255106028674719, "q16_84": [-0.034715142988827455, -0.00885428178035066], "q025_975": [-0.04509253019829195, 0.0038857325816167077], "p_negative": 0.948125, "scatter_mean": 0.027585619199796588, "retained_draws": 40000, "seed": 20260923, "rhat_retained": {"alpha": 1.028776105081074, "beta": 1.0309510193577627, "sigsqr": 1.0187646210205754}}
START G11_first_hr_tripp_error_no_covadd_0.2 100

Iteration:  100
Rhat values for alpha, beta, log(sigma^2), mean(xi), log(var(xi)), atanh(corr(xi, eta)):
[1.05568863 1.07188643 1.27054629 1.02248624 0.99885406 1.100691  ]

Iteration:  200
Rhat values for alpha, beta, log(sigma^2), mean(xi), log(var(xi)), atanh(corr(xi, eta)):
[1.01199119 1.01123746 1.37251726 1.06089572 0.99952577 1.13487511]

Iteration:  300
Rhat values for alpha, beta, log(sigma^2), mean(xi), log(var(xi)), atanh(corr(xi, eta)):
[1.00949893 1.00228456 1.24904202 1.07737594 0.99960865 1.16286352]

Iteration:  400
Rhat values for alpha, beta, log(sigma^2), mean(xi), log(var(xi)), atanh(corr(xi, eta)):
[1.01693851 1.00780413 1.17742276 1.0378007  0.99964691 1.15419056]

Iteration:  500
Rhat values for alpha, beta, log(sigma^2), mean(xi), log(var(xi)), atanh(corr(xi, eta)):
[1.01474925 1.01241932 1.15641377 1.02311406 0.99954308 1.16376589]

Iteration:  600
Rhat values for alpha, beta, log(sigma^2), mean(xi), log(var(xi)), atanh(corr(xi, eta)):
[1.02363616 1.01944454 1.19335714 1.02593974 0.99966439 1.22085212]

Iteration:  700
Rhat values for alpha, beta, log(sigma^2), mean(xi), log(var(xi)), atanh(corr(xi, eta)):
[1.03323439 1.02794242 1.1467758  1.02098378 0.99982693 1.1971799 ]

Iteration:  800
Rhat values for alpha, beta, log(sigma^2), mean(xi), log(var(xi)), atanh(corr(xi, eta)):
[1.02383678 1.01613338 1.1304054  1.02283264 0.99978989 1.15802247]

Iteration:  900
Rhat values for alpha, beta, log(sigma^2), mean(xi), log(var(xi)), atanh(corr(xi, eta)):
[1.01695013 1.00996644 1.13381312 1.01817033 0.99976748 1.14231961]

Iteration:  1000
Rhat values for alpha, beta, log(sigma^2), mean(xi), log(var(xi)), atanh(corr(xi, eta)):
[1.01037477 1.00654872 1.1425141  1.01676356 0.99970105 1.1265416 ]

Iteration:  1100
Rhat values for alpha, beta, log(sigma^2), mean(xi), log(var(xi)), atanh(corr(xi, eta)):
[1.00860284 1.00252348 1.1526167  1.01618024 0.99954317 1.11887501]

Iteration:  1200
Rhat values for alpha, beta, log(sigma^2), mean(xi), log(var(xi)), atanh(corr(xi, eta)):
[1.01189604 1.0045378  1.13785091 1.02215627 0.99958844 1.11853066]

Iteration:  1300
Rhat values for alpha, beta, log(sigma^2), mean(xi), log(var(xi)), atanh(corr(xi, eta)):
[1.01168572 1.00577192 1.07767145 1.02343199 0.9995838  1.07589971]

Iteration:  1400
Rhat values for alpha, beta, log(sigma^2), mean(xi), log(var(xi)), atanh(corr(xi, eta)):
[1.00990406 1.0048589  1.05594944 1.0234235  0.99951689 1.05351672]

Iteration:  1500
Rhat values for alpha, beta, log(sigma^2), mean(xi), log(var(xi)), atanh(corr(xi, eta)):
[1.01014297 1.00520902 1.04792485 1.02320651 0.99952416 1.05162978]

Iteration:  1600
Rhat values for alpha, beta, log(sigma^2), mean(xi), log(var(xi)), atanh(corr(xi, eta)):
[1.00875585 1.00299835 1.04614493 1.02228677 0.99964416 1.04767521]

Iteration:  1700
Rhat values for alpha, beta, log(sigma^2), mean(xi), log(var(xi)), atanh(corr(xi, eta)):
[1.0053686  1.00146394 1.03471567 1.02498035 0.99962506 1.03346461]

Iteration:  1800
Rhat values for alpha, beta, log(sigma^2), mean(xi), log(var(xi)), atanh(corr(xi, eta)):
[1.00586842 1.0023328  1.03816299 1.0190257  0.99957783 1.0355526 ]

Iteration:  1900
Rhat values for alpha, beta, log(sigma^2), mean(xi), log(var(xi)), atanh(corr(xi, eta)):
[1.01162194 1.00581725 1.03103901 1.02081906 0.99958847 1.03905795]

Iteration:  2000
Rhat values for alpha, beta, log(sigma^2), mean(xi), log(var(xi)), atanh(corr(xi, eta)):
[1.00797371 1.00326595 1.02179238 1.01745919 0.99961768 1.02893794]

Iteration:  2100
Rhat values for alpha, beta, log(sigma^2), mean(xi), log(var(xi)), atanh(corr(xi, eta)):
[1.00854189 1.00486338 1.02235919 1.01649819 0.99962715 1.03673235]

Iteration:  2200
Rhat values for alpha, beta, log(sigma^2), mean(xi), log(var(xi)), atanh(corr(xi, eta)):
[1.0103466  1.00729758 1.02104031 1.01348522 0.99963268 1.03968918]

Iteration:  2300
Rhat values for alpha, beta, log(sigma^2), mean(xi), log(var(xi)), atanh(corr(xi, eta)):
[1.01267345 1.01033498 1.02227335 1.01325475 0.99964576 1.04100469]

Iteration:  2400
Rhat values for alpha, beta, log(sigma^2), mean(xi), log(var(xi)), atanh(corr(xi, eta)):
[1.00913142 1.00806929 1.01913543 1.01721628 0.99999267 1.034578  ]

Iteration:  2500
Rhat values for alpha, beta, log(sigma^2), mean(xi), log(var(xi)), atanh(corr(xi, eta)):
[1.00731864 1.00666078 1.01867454 1.01539326 0.99999419 1.03004851]

Iteration:  2600
Rhat values for alpha, beta, log(sigma^2), mean(xi), log(var(xi)), atanh(corr(xi, eta)):
[1.00536535 1.00494374 1.02663131 1.01060392 0.99999355 1.03301644]

Iteration:  2700
Rhat values for alpha, beta, log(sigma^2), mean(xi), log(var(xi)), atanh(corr(xi, eta)):
[1.00297257 1.00288914 1.03759585 1.00881617 0.99988409 1.03841143]

Iteration:  2800
Rhat values for alpha, beta, log(sigma^2), mean(xi), log(var(xi)), atanh(corr(xi, eta)):
[1.00567125 1.00640769 1.05208501 1.00689153 0.9998903  1.05227204]

Iteration:  2900
Rhat values for alpha, beta, log(sigma^2), mean(xi), log(var(xi)), atanh(corr(xi, eta)):
[1.00894994 1.01057477 1.06102006 1.00510393 0.99989455 1.05972277]

Iteration:  3000
Rhat values for alpha, beta, log(sigma^2), mean(xi), log(var(xi)), atanh(corr(xi, eta)):
[1.01350496 1.0164673  1.05864453 1.00383294 1.00002203 1.05701727]

Iteration:  3100
Rhat values for alpha, beta, log(sigma^2), mean(xi), log(var(xi)), atanh(corr(xi, eta)):
[1.01384937 1.01840453 1.05215484 1.00313476 1.00001928 1.05648529]

Iteration:  3200
Rhat values for alpha, beta, log(sigma^2), mean(xi), log(var(xi)), atanh(corr(xi, eta)):
[1.01499625 1.01964873 1.04945629 1.00270203 1.00001874 1.0564701 ]

Iteration:  3300
Rhat values for alpha, beta, log(sigma^2), mean(xi), log(var(xi)), atanh(corr(xi, eta)):
[1.01623198 1.02116749 1.04940611 1.00203232 1.00001825 1.05676121]

Iteration:  3400
Rhat values for alpha, beta, log(sigma^2), mean(xi), log(var(xi)), atanh(corr(xi, eta)):
[1.01809113 1.02316129 1.04173727 1.00105101 1.00001767 1.04749343]

Iteration:  3500
Rhat values for alpha, beta, log(sigma^2), mean(xi), log(var(xi)), atanh(corr(xi, eta)):
[1.01914188 1.02322373 1.04124237 1.00084614 1.00001706 1.04376597]

Iteration:  3600
Rhat values for alpha, beta, log(sigma^2), mean(xi), log(var(xi)), atanh(corr(xi, eta)):
[1.0237832  1.0262432  1.04249918 1.00077489 1.00001667 1.04542422]

Iteration:  3700
Rhat values for alpha, beta, log(sigma^2), mean(xi), log(var(xi)), atanh(corr(xi, eta)):
[1.02780233 1.02964832 1.04392971 1.00075676 1.00001616 1.04615386]

Iteration:  3800
Rhat values for alpha, beta, log(sigma^2), mean(xi), log(var(xi)), atanh(corr(xi, eta)):
[1.02554551 1.02682405 1.0471848  1.00067043 1.00001555 1.04278926]

Iteration:  3900
Rhat values for alpha, beta, log(sigma^2), mean(xi), log(var(xi)), atanh(corr(xi, eta)):
[1.02353719 1.02432276 1.04936125 1.00084394 1.00001507 1.03941776]

Iteration:  4000
Rhat values for alpha, beta, log(sigma^2), mean(xi), log(var(xi)), atanh(corr(xi, eta)):
[1.02120034 1.0225043  1.04702624 1.00073828 1.00001479 1.04022778]

Iteration:  4100
Rhat values for alpha, beta, log(sigma^2), mean(xi), log(var(xi)), atanh(corr(xi, eta)):
[1.02274311 1.024347   1.04353303 1.00085347 1.00001385 1.04000836]

Iteration:  4200
Rhat values for alpha, beta, log(sigma^2), mean(xi), log(var(xi)), atanh(corr(xi, eta)):
[1.02011238 1.02194724 1.04239262 1.00031776 1.00001348 1.0379292 ]

Iteration:  4300
Rhat values for alpha, beta, log(sigma^2), mean(xi), log(var(xi)), atanh(corr(xi, eta)):
[1.02037251 1.02257834 1.03801779 1.0002898  1.00001318 1.03570192]

Iteration:  4400
Rhat values for alpha, beta, log(sigma^2), mean(xi), log(var(xi)), atanh(corr(xi, eta)):
[1.01833606 1.02029691 1.03706881 1.00032998 1.00001293 1.03632884]

Iteration:  4500
Rhat values for alpha, beta, log(sigma^2), mean(xi), log(var(xi)), atanh(corr(xi, eta)):
[1.01788174 1.01946118 1.03363752 1.00051371 1.00001279 1.03825857]

Iteration:  4600
Rhat values for alpha, beta, log(sigma^2), mean(xi), log(var(xi)), atanh(corr(xi, eta)):
[1.01685162 1.01807554 1.0333276  1.00128097 1.00001264 1.03786786]

Iteration:  4700
Rhat values for alpha, beta, log(sigma^2), mean(xi), log(var(xi)), atanh(corr(xi, eta)):
[1.01553407 1.01643261 1.03776079 1.00169937 1.00001237 1.04243528]

Iteration:  4800
Rhat values for alpha, beta, log(sigma^2), mean(xi), log(var(xi)), atanh(corr(xi, eta)):
[1.01372275 1.01431929 1.03985865 1.00149342 1.00001215 1.04331654]

Iteration:  4900
Rhat values for alpha, beta, log(sigma^2), mean(xi), log(var(xi)), atanh(corr(xi, eta)):
[1.01088308 1.01188762 1.0383985  1.00134184 1.00001182 1.03964232]

Iteration:  5000
Rhat values for alpha, beta, log(sigma^2), mean(xi), log(var(xi)), atanh(corr(xi, eta)):
[1.0115342  1.01318644 1.03742615 1.00108379 1.0000116  1.03950608]

Iteration:  5100
Rhat values for alpha, beta, log(sigma^2), mean(xi), log(var(xi)), atanh(corr(xi, eta)):
[1.01195032 1.01442823 1.03158268 1.00117115 1.00001113 1.03418023]

Iteration:  5200
Rhat values for alpha, beta, log(sigma^2), mean(xi), log(var(xi)), atanh(corr(xi, eta)):
[1.01243292 1.01528357 1.03166676 1.00118745 1.00001087 1.0292774 ]

Iteration:  5300
Rhat values for alpha, beta, log(sigma^2), mean(xi), log(var(xi)), atanh(corr(xi, eta)):
[1.01307186 1.01626295 1.03226657 1.00128162 1.00001076 1.02866   ]

Iteration:  5400
Rhat values for alpha, beta, log(sigma^2), mean(xi), log(var(xi)), atanh(corr(xi, eta)):
[1.01329455 1.01697786 1.0328396  1.00111072 1.00001056 1.02994234]

Iteration:  5500
Rhat values for alpha, beta, log(sigma^2), mean(xi), log(var(xi)), atanh(corr(xi, eta)):
[1.01279635 1.01656315 1.03275937 1.001293   1.0000104  1.02888867]

Iteration:  5600
Rhat values for alpha, beta, log(sigma^2), mean(xi), log(var(xi)), atanh(corr(xi, eta)):
[1.0133111  1.01735791 1.03107021 1.0011754  1.00000876 1.02656651]

Iteration:  5700
Rhat values for alpha, beta, log(sigma^2), mean(xi), log(var(xi)), atanh(corr(xi, eta)):
[1.01345078 1.0173922  1.03368348 1.00135324 1.00000861 1.02989678]

Iteration:  5800
Rhat values for alpha, beta, log(sigma^2), mean(xi), log(var(xi)), atanh(corr(xi, eta)):
[1.0137998  1.01713564 1.03757694 1.000928   1.00000837 1.03189813]

Iteration:  5900
Rhat values for alpha, beta, log(sigma^2), mean(xi), log(var(xi)), atanh(corr(xi, eta)):
[1.01349507 1.01576601 1.04010275 1.00072274 1.00000824 1.03501238]

Iteration:  6000
Rhat values for alpha, beta, log(sigma^2), mean(xi), log(var(xi)), atanh(corr(xi, eta)):
[1.0107854  1.01227117 1.04235336 1.00066484 1.00000827 1.03374844]

Iteration:  6100
Rhat values for alpha, beta, log(sigma^2), mean(xi), log(var(xi)), atanh(corr(xi, eta)):
[1.00765475 1.00886566 1.04684081 1.00073816 1.00000806 1.03337493]

Iteration:  6200
Rhat values for alpha, beta, log(sigma^2), mean(xi), log(var(xi)), atanh(corr(xi, eta)):
[1.00471419 1.00568292 1.05052338 1.00084525 1.00000489 1.03277187]

Iteration:  6300
Rhat values for alpha, beta, log(sigma^2), mean(xi), log(var(xi)), atanh(corr(xi, eta)):
[1.00354965 1.00411955 1.05280347 1.00074528 1.00000476 1.03367046]

Iteration:  6400
Rhat values for alpha, beta, log(sigma^2), mean(xi), log(var(xi)), atanh(corr(xi, eta)):
[1.00380035 1.00430433 1.05219114 1.00070714 1.00000471 1.03373057]

Iteration:  6500
Rhat values for alpha, beta, log(sigma^2), mean(xi), log(var(xi)), atanh(corr(xi, eta)):
[1.00488866 1.00586925 1.05193341 1.00095895 1.00000462 1.03541674]

Iteration:  6600
Rhat values for alpha, beta, log(sigma^2), mean(xi), log(var(xi)), atanh(corr(xi, eta)):
[1.00533087 1.00623887 1.05060493 1.00096155 1.00000452 1.03519503]

Iteration:  6700
Rhat values for alpha, beta, log(sigma^2), mean(xi), log(var(xi)), atanh(corr(xi, eta)):
[1.00505786 1.00587832 1.04774019 1.0011195  1.0000043  1.03234151]

Iteration:  6800
Rhat values for alpha, beta, log(sigma^2), mean(xi), log(var(xi)), atanh(corr(xi, eta)):
[1.00480421 1.00527684 1.04251439 1.00112712 1.0000042  1.02757988]

Iteration:  6900
Rhat values for alpha, beta, log(sigma^2), mean(xi), log(var(xi)), atanh(corr(xi, eta)):
[1.00386629 1.00424471 1.03146621 1.00089861 1.00000419 1.02007546]

Iteration:  7000
Rhat values for alpha, beta, log(sigma^2), mean(xi), log(var(xi)), atanh(corr(xi, eta)):
[1.0030375  1.00342128 1.02216218 1.00091568 1.00000412 1.01405639]

Iteration:  7100
Rhat values for alpha, beta, log(sigma^2), mean(xi), log(var(xi)), atanh(corr(xi, eta)):
[1.0028535  1.00317608 1.01970918 1.00087079 1.00000408 1.01274994]

Iteration:  7200
Rhat values for alpha, beta, log(sigma^2), mean(xi), log(var(xi)), atanh(corr(xi, eta)):
[1.00212595 1.00264343 1.02019355 1.00103704 1.000004   1.01297836]

Iteration:  7300
Rhat values for alpha, beta, log(sigma^2), mean(xi), log(var(xi)), atanh(corr(xi, eta)):
[1.00177714 1.00220715 1.02081668 1.00095466 1.00000401 1.01372412]

Iteration:  7400
Rhat values for alpha, beta, log(sigma^2), mean(xi), log(var(xi)), atanh(corr(xi, eta)):
[1.00202744 1.00243965 1.02220962 1.00105132 1.00000388 1.01530614]

Iteration:  7500
Rhat values for alpha, beta, log(sigma^2), mean(xi), log(var(xi)), atanh(corr(xi, eta)):
[1.00216807 1.00269186 1.02245865 1.00110808 1.00000381 1.01651996]

Iteration:  7600
Rhat values for alpha, beta, log(sigma^2), mean(xi), log(var(xi)), atanh(corr(xi, eta)):
[1.00228606 1.00314272 1.02156587 1.00149268 1.0000005  1.01650026]

Iteration:  7700
Rhat values for alpha, beta, log(sigma^2), mean(xi), log(var(xi)), atanh(corr(xi, eta)):
[1.00227877 1.00334679 1.01957256 1.00179309 1.00000049 1.01574128]

Iteration:  7800
Rhat values for alpha, beta, log(sigma^2), mean(xi), log(var(xi)), atanh(corr(xi, eta)):
[1.00190868 1.00306649 1.01865901 1.00221742 1.00000053 1.01460791]

Iteration:  7900
Rhat values for alpha, beta, log(sigma^2), mean(xi), log(var(xi)), atanh(corr(xi, eta)):
[1.00168977 1.00279201 1.01886197 1.00254154 1.0000005  1.01437962]

Iteration:  8000
Rhat values for alpha, beta, log(sigma^2), mean(xi), log(var(xi)), atanh(corr(xi, eta)):
[1.00150181 1.00259843 1.02048645 1.00255699 1.00000053 1.01559487]

Iteration:  8100
Rhat values for alpha, beta, log(sigma^2), mean(xi), log(var(xi)), atanh(corr(xi, eta)):
[1.00163734 1.0029053  1.02054206 1.0026368  1.00000053 1.01616854]

Iteration:  8200
Rhat values for alpha, beta, log(sigma^2), mean(xi), log(var(xi)), atanh(corr(xi, eta)):
[1.00186203 1.00312535 1.02043893 1.00235239 1.00000034 1.01663977]

Iteration:  8300
Rhat values for alpha, beta, log(sigma^2), mean(xi), log(var(xi)), atanh(corr(xi, eta)):
[1.00206524 1.00331457 1.02166344 1.00236693 1.00000029 1.01823062]

Iteration:  8400
Rhat values for alpha, beta, log(sigma^2), mean(xi), log(var(xi)), atanh(corr(xi, eta)):
[1.00212484 1.00332963 1.0210865  1.00255626 1.00000035 1.01796331]

Iteration:  8500
Rhat values for alpha, beta, log(sigma^2), mean(xi), log(var(xi)), atanh(corr(xi, eta)):
[1.00205779 1.00323024 1.02056907 1.002417   1.00000035 1.01739433]

Iteration:  8600
Rhat values for alpha, beta, log(sigma^2), mean(xi), log(var(xi)), atanh(corr(xi, eta)):
[1.00184352 1.00283216 1.01967513 1.00212711 1.00000032 1.01633542]

Iteration:  8700
Rhat values for alpha, beta, log(sigma^2), mean(xi), log(var(xi)), atanh(corr(xi, eta)):
[1.00177617 1.00274529 1.01798489 1.00188887 1.00000032 1.01504793]

Iteration:  8800
Rhat values for alpha, beta, log(sigma^2), mean(xi), log(var(xi)), atanh(corr(xi, eta)):
[1.00166547 1.00262079 1.01770451 1.002059   1.0000003  1.01466469]

Iteration:  8900
Rhat values for alpha, beta, log(sigma^2), mean(xi), log(var(xi)), atanh(corr(xi, eta)):
[1.00185242 1.00277759 1.01665207 1.00198719 1.00000031 1.01415518]

Iteration:  9000
Rhat values for alpha, beta, log(sigma^2), mean(xi), log(var(xi)), atanh(corr(xi, eta)):
[1.00192894 1.00293558 1.0159125  1.00185644 1.00000031 1.01407035]

Iteration:  9100
Rhat values for alpha, beta, log(sigma^2), mean(xi), log(var(xi)), atanh(corr(xi, eta)):
[1.00225799 1.00331857 1.01533012 1.0015861  1.00000032 1.01411345]

Iteration:  9200
Rhat values for alpha, beta, log(sigma^2), mean(xi), log(var(xi)), atanh(corr(xi, eta)):
[1.00251513 1.00356724 1.01535918 1.00140146 1.0000003  1.01447993]

Iteration:  9300
Rhat values for alpha, beta, log(sigma^2), mean(xi), log(var(xi)), atanh(corr(xi, eta)):
[1.00241494 1.00342976 1.01468799 1.00129248 1.00000024 1.01396339]

Iteration:  9400
Rhat values for alpha, beta, log(sigma^2), mean(xi), log(var(xi)), atanh(corr(xi, eta)):
[1.00236865 1.00345264 1.01354033 1.00124812 1.00000023 1.01301745]

Iteration:  9500
Rhat values for alpha, beta, log(sigma^2), mean(xi), log(var(xi)), atanh(corr(xi, eta)):
[1.0026464  1.0036763  1.01397729 1.00116421 1.00000021 1.01353206]

Iteration:  9600
Rhat values for alpha, beta, log(sigma^2), mean(xi), log(var(xi)), atanh(corr(xi, eta)):
[1.00246816 1.00364381 1.01435011 1.00116829 1.00000022 1.01397342]

Iteration:  9700
Rhat values for alpha, beta, log(sigma^2), mean(xi), log(var(xi)), atanh(corr(xi, eta)):
[1.002287   1.00336147 1.01488756 1.00110735 1.00000023 1.01401263]

Iteration:  9800
Rhat values for alpha, beta, log(sigma^2), mean(xi), log(var(xi)), atanh(corr(xi, eta)):
[1.00205296 1.0030072  1.01595076 1.00106909 1.00000017 1.01465528]

Iteration:  9900
Rhat values for alpha, beta, log(sigma^2), mean(xi), log(var(xi)), atanh(corr(xi, eta)):
[1.00214063 1.00307335 1.0168758  1.00091434 1.00000025 1.01550906]

Iteration:  10000
Rhat values for alpha, beta, log(sigma^2), mean(xi), log(var(xi)), atanh(corr(xi, eta)):
[1.00234864 1.00338762 1.01746255 1.00093379 1.00000023 1.01656962]

Iteration:  10100
Rhat values for alpha, beta, log(sigma^2), mean(xi), log(var(xi)), atanh(corr(xi, eta)):
[1.00283596 1.00401862 1.01827746 1.00113824 1.00000023 1.01858204]

Iteration:  10200
Rhat values for alpha, beta, log(sigma^2), mean(xi), log(var(xi)), atanh(corr(xi, eta)):
[1.00335039 1.00456826 1.01924164 1.00110084 1.00000018 1.0201433 ]

Iteration:  10300
Rhat values for alpha, beta, log(sigma^2), mean(xi), log(var(xi)), atanh(corr(xi, eta)):
[1.00395099 1.00530873 1.02042036 1.00118387 1.00000015 1.02258057]

Iteration:  10400
Rhat values for alpha, beta, log(sigma^2), mean(xi), log(var(xi)), atanh(corr(xi, eta)):
[1.00412664 1.00557639 1.0225954  1.00123747 1.00000015 1.02498078]

Iteration:  10500
Rhat values for alpha, beta, log(sigma^2), mean(xi), log(var(xi)), atanh(corr(xi, eta)):
[1.00416277 1.00571902 1.02271107 1.00135134 1.00000018 1.02539397]

Iteration:  10600
Rhat values for alpha, beta, log(sigma^2), mean(xi), log(var(xi)), atanh(corr(xi, eta)):
[1.00432665 1.00589139 1.02231246 1.00135787 0.99999619 1.02539349]

Iteration:  10700
Rhat values for alpha, beta, log(sigma^2), mean(xi), log(var(xi)), atanh(corr(xi, eta)):
[1.00436098 1.00602937 1.02073597 1.00155371 0.99998427 1.02425949]

Iteration:  10800
Rhat values for alpha, beta, log(sigma^2), mean(xi), log(var(xi)), atanh(corr(xi, eta)):
[1.00433733 1.00584508 1.01846623 1.00139468 0.99998443 1.02214571]

Iteration:  10900
Rhat values for alpha, beta, log(sigma^2), mean(xi), log(var(xi)), atanh(corr(xi, eta)):
[1.00449297 1.00606466 1.01754224 1.00133167 0.99998467 1.02143527]

Iteration:  11000
Rhat values for alpha, beta, log(sigma^2), mean(xi), log(var(xi)), atanh(corr(xi, eta)):
[1.00499922 1.00666474 1.01737101 1.00104188 0.9999848  1.02183604]

Iteration:  11100
Rhat values for alpha, beta, log(sigma^2), mean(xi), log(var(xi)), atanh(corr(xi, eta)):
[1.00532502 1.00693537 1.01782285 1.00110586 0.99998495 1.02243974]

Iteration:  11200
Rhat values for alpha, beta, log(sigma^2), mean(xi), log(var(xi)), atanh(corr(xi, eta)):
[1.00530884 1.00654054 1.01768019 1.00099754 0.99998507 1.02212971]

Iteration:  11300
Rhat values for alpha, beta, log(sigma^2), mean(xi), log(var(xi)), atanh(corr(xi, eta)):
[1.00510159 1.00605432 1.01666895 1.00093761 0.99998527 1.02081957]

Iteration:  11400
Rhat values for alpha, beta, log(sigma^2), mean(xi), log(var(xi)), atanh(corr(xi, eta)):
[1.00521761 1.00606131 1.01611759 1.00086754 0.9999854  1.02052276]

Iteration:  11500
Rhat values for alpha, beta, log(sigma^2), mean(xi), log(var(xi)), atanh(corr(xi, eta)):
[1.00501952 1.00593522 1.0150239  1.00072973 0.99998525 1.01960872]

Iteration:  11600
Rhat values for alpha, beta, log(sigma^2), mean(xi), log(var(xi)), atanh(corr(xi, eta)):
[1.00537147 1.00622034 1.01423628 1.00083679 0.99998198 1.01926147]

Iteration:  11700
Rhat values for alpha, beta, log(sigma^2), mean(xi), log(var(xi)), atanh(corr(xi, eta)):
[1.00508456 1.00590526 1.01410628 1.00085731 0.99998278 1.01870887]

Iteration:  11800
Rhat values for alpha, beta, log(sigma^2), mean(xi), log(var(xi)), atanh(corr(xi, eta)):
[1.00525778 1.00577395 1.01390404 1.00079611 0.99998292 1.01823022]

Iteration:  11900
Rhat values for alpha, beta, log(sigma^2), mean(xi), log(var(xi)), atanh(corr(xi, eta)):
[1.00530736 1.00577204 1.01309525 1.00078225 0.99998306 1.01752639]

Iteration:  12000
Rhat values for alpha, beta, log(sigma^2), mean(xi), log(var(xi)), atanh(corr(xi, eta)):
[1.0056281  1.0060355  1.0130107  1.00074657 0.99998318 1.01774402]

Iteration:  12100
Rhat values for alpha, beta, log(sigma^2), mean(xi), log(var(xi)), atanh(corr(xi, eta)):
[1.00532603 1.00577027 1.01346904 1.0006847  0.99998346 1.01749875]

Iteration:  12200
Rhat values for alpha, beta, log(sigma^2), mean(xi), log(var(xi)), atanh(corr(xi, eta)):
[1.00504617 1.00552842 1.01392859 1.00072695 0.9999836  1.01772702]

Iteration:  12300
Rhat values for alpha, beta, log(sigma^2), mean(xi), log(var(xi)), atanh(corr(xi, eta)):
[1.00484855 1.00529054 1.01531023 1.00066219 0.99998372 1.01875281]

Iteration:  12400
Rhat values for alpha, beta, log(sigma^2), mean(xi), log(var(xi)), atanh(corr(xi, eta)):
[1.00467823 1.00490262 1.01673797 1.00068057 0.99998386 1.01970955]

Iteration:  12500
Rhat values for alpha, beta, log(sigma^2), mean(xi), log(var(xi)), atanh(corr(xi, eta)):
[1.00496472 1.00493628 1.01899022 1.00062861 0.999984   1.02208266]

Iteration:  12600
Rhat values for alpha, beta, log(sigma^2), mean(xi), log(var(xi)), atanh(corr(xi, eta)):
[1.00494715 1.00470898 1.02070082 1.00060354 0.99998406 1.02384212]

Iteration:  12700
Rhat values for alpha, beta, log(sigma^2), mean(xi), log(var(xi)), atanh(corr(xi, eta)):
[1.00484611 1.00442493 1.02307409 1.00059019 0.99998419 1.02570686]

Iteration:  12800
Rhat values for alpha, beta, log(sigma^2), mean(xi), log(var(xi)), atanh(corr(xi, eta)):
[1.00502096 1.00446108 1.02543846 1.00051299 0.99998482 1.02765108]

Iteration:  12900
Rhat values for alpha, beta, log(sigma^2), mean(xi), log(var(xi)), atanh(corr(xi, eta)):
[1.00488672 1.00436376 1.02657541 1.00049928 0.99998494 1.0283578 ]

Iteration:  13000
Rhat values for alpha, beta, log(sigma^2), mean(xi), log(var(xi)), atanh(corr(xi, eta)):
[1.00562902 1.00497941 1.02630003 1.00045929 0.99998507 1.02897683]

Iteration:  13100
Rhat values for alpha, beta, log(sigma^2), mean(xi), log(var(xi)), atanh(corr(xi, eta)):
[1.00638753 1.00553626 1.02659705 1.00059228 0.99998519 1.03003466]

Iteration:  13200
Rhat values for alpha, beta, log(sigma^2), mean(xi), log(var(xi)), atanh(corr(xi, eta)):
[1.00679379 1.0058252  1.02692526 1.00061133 0.99998533 1.03060715]

Iteration:  13300
Rhat values for alpha, beta, log(sigma^2), mean(xi), log(var(xi)), atanh(corr(xi, eta)):
[1.0069135  1.00587389 1.02756014 1.00058341 0.99998544 1.03127043]

Iteration:  13400
Rhat values for alpha, beta, log(sigma^2), mean(xi), log(var(xi)), atanh(corr(xi, eta)):
[1.00689339 1.00586865 1.02772271 1.00051927 0.99998702 1.03135299]

Iteration:  13500
Rhat values for alpha, beta, log(sigma^2), mean(xi), log(var(xi)), atanh(corr(xi, eta)):
[1.00656873 1.00558059 1.02868102 1.00042537 0.99998709 1.03235157]

Iteration:  13600
Rhat values for alpha, beta, log(sigma^2), mean(xi), log(var(xi)), atanh(corr(xi, eta)):
[1.00624323 1.00531993 1.02957218 1.00038402 0.99998234 1.03319065]

Iteration:  13700
Rhat values for alpha, beta, log(sigma^2), mean(xi), log(var(xi)), atanh(corr(xi, eta)):
[1.00617334 1.00526593 1.03049596 1.00041941 0.99998247 1.03378755]

Iteration:  13800
Rhat values for alpha, beta, log(sigma^2), mean(xi), log(var(xi)), atanh(corr(xi, eta)):
[1.00624256 1.00534025 1.03180797 1.00040522 0.9999826  1.03469644]

Iteration:  13900
Rhat values for alpha, beta, log(sigma^2), mean(xi), log(var(xi)), atanh(corr(xi, eta)):
[1.00626161 1.00562229 1.03183103 1.00042023 0.99998276 1.03478706]

Iteration:  14000
Rhat values for alpha, beta, log(sigma^2), mean(xi), log(var(xi)), atanh(corr(xi, eta)):
[1.00609641 1.00572823 1.03168265 1.00051002 0.9999829  1.03510217]

Iteration:  14100
Rhat values for alpha, beta, log(sigma^2), mean(xi), log(var(xi)), atanh(corr(xi, eta)):
[1.00610621 1.00590523 1.03304884 1.00052567 0.99998305 1.03641555]

Iteration:  14200
Rhat values for alpha, beta, log(sigma^2), mean(xi), log(var(xi)), atanh(corr(xi, eta)):
[1.00580804 1.00563526 1.03395584 1.00056049 0.99998319 1.03674192]

Iteration:  14300
Rhat values for alpha, beta, log(sigma^2), mean(xi), log(var(xi)), atanh(corr(xi, eta)):
[1.00557063 1.00554123 1.03497998 1.00060074 0.99998333 1.03711789]

Iteration:  14400
Rhat values for alpha, beta, log(sigma^2), mean(xi), log(var(xi)), atanh(corr(xi, eta)):
[1.00564085 1.00577344 1.03546455 1.00065747 0.99998348 1.03756024]

Iteration:  14500
Rhat values for alpha, beta, log(sigma^2), mean(xi), log(var(xi)), atanh(corr(xi, eta)):
[1.00553329 1.00575902 1.03588563 1.00070524 0.99998362 1.03792213]

Iteration:  14600
Rhat values for alpha, beta, log(sigma^2), mean(xi), log(var(xi)), atanh(corr(xi, eta)):
[1.00533668 1.00562273 1.03599714 1.00069661 0.99998375 1.03784573]

Iteration:  14700
Rhat values for alpha, beta, log(sigma^2), mean(xi), log(var(xi)), atanh(corr(xi, eta)):
[1.00566431 1.00596256 1.03611783 1.00062303 0.99998391 1.0383792 ]

Iteration:  14800
Rhat values for alpha, beta, log(sigma^2), mean(xi), log(var(xi)), atanh(corr(xi, eta)):
[1.0063231  1.00648265 1.0360441  1.0006072  0.99998402 1.03893161]

Iteration:  14900
Rhat values for alpha, beta, log(sigma^2), mean(xi), log(var(xi)), atanh(corr(xi, eta)):
[1.00700101 1.007027   1.03526634 1.00066957 0.99998414 1.03879409]

Iteration:  15000
Rhat values for alpha, beta, log(sigma^2), mean(xi), log(var(xi)), atanh(corr(xi, eta)):
[1.0070167  1.00691706 1.03579703 1.00068315 0.99998426 1.03891448]

Iteration:  15100
Rhat values for alpha, beta, log(sigma^2), mean(xi), log(var(xi)), atanh(corr(xi, eta)):
[1.0073762  1.00735765 1.03530838 1.00072259 0.99998199 1.03910287]

Iteration:  15200
Rhat values for alpha, beta, log(sigma^2), mean(xi), log(var(xi)), atanh(corr(xi, eta)):
[1.00721065 1.00740319 1.0340797  1.00084206 0.99998211 1.03814895]

Iteration:  15300
Rhat values for alpha, beta, log(sigma^2), mean(xi), log(var(xi)), atanh(corr(xi, eta)):
[1.00668646 1.00700209 1.03311875 1.00088136 0.99998224 1.03691742]

Iteration:  15400
Rhat values for alpha, beta, log(sigma^2), mean(xi), log(var(xi)), atanh(corr(xi, eta)):
[1.00640414 1.00682455 1.03316397 1.00093529 0.99998236 1.03681444]

Iteration:  15500
Rhat values for alpha, beta, log(sigma^2), mean(xi), log(var(xi)), atanh(corr(xi, eta)):
[1.00615275 1.00657658 1.03334733 1.00093752 0.99998488 1.0366459 ]

Iteration:  15600
Rhat values for alpha, beta, log(sigma^2), mean(xi), log(var(xi)), atanh(corr(xi, eta)):
[1.0059447  1.00626839 1.03268166 1.0008523  0.99998495 1.03563132]

Iteration:  15700
Rhat values for alpha, beta, log(sigma^2), mean(xi), log(var(xi)), atanh(corr(xi, eta)):
[1.00541304 1.00557932 1.03200888 1.00077436 0.99998504 1.03408534]

Iteration:  15800
Rhat values for alpha, beta, log(sigma^2), mean(xi), log(var(xi)), atanh(corr(xi, eta)):
[1.00539086 1.00566399 1.03070082 1.00067453 0.99998509 1.03311625]

Iteration:  15900
Rhat values for alpha, beta, log(sigma^2), mean(xi), log(var(xi)), atanh(corr(xi, eta)):
[1.00515073 1.00546256 1.02972062 1.00063713 0.99998509 1.03222732]

Iteration:  16000
Rhat values for alpha, beta, log(sigma^2), mean(xi), log(var(xi)), atanh(corr(xi, eta)):
[1.00504866 1.00542729 1.02877552 1.00059859 0.99998514 1.03164042]

Iteration:  16100
Rhat values for alpha, beta, log(sigma^2), mean(xi), log(var(xi)), atanh(corr(xi, eta)):
[1.00506187 1.0053287  1.02809529 1.00049497 0.99998522 1.03127517]

Iteration:  16200
Rhat values for alpha, beta, log(sigma^2), mean(xi), log(var(xi)), atanh(corr(xi, eta)):
[1.00459133 1.00471932 1.02838799 1.00052469 0.99998532 1.03027656]

Iteration:  16300
Rhat values for alpha, beta, log(sigma^2), mean(xi), log(var(xi)), atanh(corr(xi, eta)):
[1.0041626  1.0042737  1.028219   1.00056182 0.99998542 1.02913049]

Iteration:  16400
Rhat values for alpha, beta, log(sigma^2), mean(xi), log(var(xi)), atanh(corr(xi, eta)):
[1.00384704 1.00398076 1.02761475 1.00060007 0.99998552 1.02797271]

Iteration:  16500
Rhat values for alpha, beta, log(sigma^2), mean(xi), log(var(xi)), atanh(corr(xi, eta)):
[1.00392368 1.00400865 1.0271827  1.00067038 0.99998559 1.02755523]

Iteration:  16600
Rhat values for alpha, beta, log(sigma^2), mean(xi), log(var(xi)), atanh(corr(xi, eta)):
[1.00421309 1.00420925 1.02705398 1.00064792 0.99998566 1.02765208]

Iteration:  16700
Rhat values for alpha, beta, log(sigma^2), mean(xi), log(var(xi)), atanh(corr(xi, eta)):
[1.00435186 1.00419028 1.02716868 1.00066552 0.99998574 1.02768917]

Iteration:  16800
Rhat values for alpha, beta, log(sigma^2), mean(xi), log(var(xi)), atanh(corr(xi, eta)):
[1.00456414 1.00430531 1.02809961 1.0007506  0.99998582 1.02852731]

Iteration:  16900
Rhat values for alpha, beta, log(sigma^2), mean(xi), log(var(xi)), atanh(corr(xi, eta)):
[1.00469523 1.00439497 1.02765937 1.00077435 0.99998592 1.02814335]

Iteration:  17000
Rhat values for alpha, beta, log(sigma^2), mean(xi), log(var(xi)), atanh(corr(xi, eta)):
[1.00513289 1.00468897 1.02671032 1.00071533 0.9999867  1.02762231]

Iteration:  17100
Rhat values for alpha, beta, log(sigma^2), mean(xi), log(var(xi)), atanh(corr(xi, eta)):
[1.00545526 1.00493411 1.0250354  1.00054232 0.99998676 1.02662301]

Iteration:  17200
Rhat values for alpha, beta, log(sigma^2), mean(xi), log(var(xi)), atanh(corr(xi, eta)):
[1.00528268 1.00475432 1.02277186 1.00037856 0.99998681 1.02495551]

Iteration:  17300
Rhat values for alpha, beta, log(sigma^2), mean(xi), log(var(xi)), atanh(corr(xi, eta)):
[1.0054141  1.00488236 1.02089139 1.00031258 0.99998685 1.02395053]

Iteration:  17400
Rhat values for alpha, beta, log(sigma^2), mean(xi), log(var(xi)), atanh(corr(xi, eta)):
[1.00541642 1.00491545 1.02034021 1.0002085  0.99998687 1.02390364]

Iteration:  17500
Rhat values for alpha, beta, log(sigma^2), mean(xi), log(var(xi)), atanh(corr(xi, eta)):
[1.00513953 1.00467434 1.01996648 1.00018519 0.99998692 1.02352684]

Iteration:  17600
Rhat values for alpha, beta, log(sigma^2), mean(xi), log(var(xi)), atanh(corr(xi, eta)):
[1.00485842 1.00452086 1.02046748 1.00018492 0.99998683 1.02391451]

Iteration:  17700
Rhat values for alpha, beta, log(sigma^2), mean(xi), log(var(xi)), atanh(corr(xi, eta)):
[1.00443055 1.00416272 1.02099089 1.00014112 0.99998689 1.02385933]

Iteration:  17800
Rhat values for alpha, beta, log(sigma^2), mean(xi), log(var(xi)), atanh(corr(xi, eta)):
[1.00426109 1.00392995 1.02098554 1.00014527 0.99998694 1.02349506]

Iteration:  17900
Rhat values for alpha, beta, log(sigma^2), mean(xi), log(var(xi)), atanh(corr(xi, eta)):
[1.00395801 1.00355508 1.02036366 1.00019805 0.99998703 1.02233415]

Iteration:  18000
Rhat values for alpha, beta, log(sigma^2), mean(xi), log(var(xi)), atanh(corr(xi, eta)):
[1.00373596 1.00325264 1.02003435 1.00015994 0.9999871  1.0216783 ]

Iteration:  18100
Rhat values for alpha, beta, log(sigma^2), mean(xi), log(var(xi)), atanh(corr(xi, eta)):
[1.00355507 1.00303287 1.01993964 1.0002053  0.99998714 1.02115819]

Iteration:  18200
Rhat values for alpha, beta, log(sigma^2), mean(xi), log(var(xi)), atanh(corr(xi, eta)):
[1.00373502 1.00317508 1.01984842 1.00022958 0.9999872  1.02125993]

Iteration:  18300
Rhat values for alpha, beta, log(sigma^2), mean(xi), log(var(xi)), atanh(corr(xi, eta)):
[1.00395679 1.00344329 1.0192925  1.00021391 0.99998726 1.02121265]

Iteration:  18400
Rhat values for alpha, beta, log(sigma^2), mean(xi), log(var(xi)), atanh(corr(xi, eta)):
[1.00379681 1.00327402 1.01951565 1.00024549 0.99998733 1.02099268]

Iteration:  18500
Rhat values for alpha, beta, log(sigma^2), mean(xi), log(var(xi)), atanh(corr(xi, eta)):
[1.0034747  1.00296981 1.01926483 1.00026025 0.9999874  1.02043759]

Iteration:  18600
Rhat values for alpha, beta, log(sigma^2), mean(xi), log(var(xi)), atanh(corr(xi, eta)):
[1.00328564 1.00277946 1.0188145  1.00030775 0.99998747 1.01974579]

Iteration:  18700
Rhat values for alpha, beta, log(sigma^2), mean(xi), log(var(xi)), atanh(corr(xi, eta)):
[1.00360264 1.00304007 1.01840321 1.00034803 0.99998755 1.01953781]

Iteration:  18800
Rhat values for alpha, beta, log(sigma^2), mean(xi), log(var(xi)), atanh(corr(xi, eta)):
[1.00370416 1.00314233 1.0180253  1.00033908 0.9999876  1.0192617 ]

Iteration:  18900
Rhat values for alpha, beta, log(sigma^2), mean(xi), log(var(xi)), atanh(corr(xi, eta)):
[1.00393467 1.00330696 1.01750494 1.00028609 0.9999879  1.01904724]

Iteration:  19000
Rhat values for alpha, beta, log(sigma^2), mean(xi), log(var(xi)), atanh(corr(xi, eta)):
[1.00377381 1.00308418 1.01619572 1.00027647 0.99998795 1.0177361 ]

Iteration:  19100
Rhat values for alpha, beta, log(sigma^2), mean(xi), log(var(xi)), atanh(corr(xi, eta)):
[1.00365909 1.00293648 1.01496784 1.00033984 0.99998769 1.0163279 ]

Iteration:  19200
Rhat values for alpha, beta, log(sigma^2), mean(xi), log(var(xi)), atanh(corr(xi, eta)):
[1.00346474 1.00270954 1.01472705 1.00038025 0.99998778 1.01553111]

Iteration:  19300
Rhat values for alpha, beta, log(sigma^2), mean(xi), log(var(xi)), atanh(corr(xi, eta)):
[1.00343752 1.00252666 1.01481462 1.0003878  0.99998058 1.01517883]

Iteration:  19400
Rhat values for alpha, beta, log(sigma^2), mean(xi), log(var(xi)), atanh(corr(xi, eta)):
[1.00322157 1.00228991 1.01550266 1.00037236 0.99998066 1.01504838]

Iteration:  19500
Rhat values for alpha, beta, log(sigma^2), mean(xi), log(var(xi)), atanh(corr(xi, eta)):
[1.00314926 1.00224641 1.01584553 1.00035571 0.99998075 1.01496063]

Iteration:  19600
Rhat values for alpha, beta, log(sigma^2), mean(xi), log(var(xi)), atanh(corr(xi, eta)):
[1.00288852 1.00196296 1.01590452 1.00028121 0.99998085 1.01456055]

Iteration:  19700
Rhat values for alpha, beta, log(sigma^2), mean(xi), log(var(xi)), atanh(corr(xi, eta)):
[1.00254122 1.00167162 1.01584891 1.00023943 0.99998093 1.01405626]

Iteration:  19800
Rhat values for alpha, beta, log(sigma^2), mean(xi), log(var(xi)), atanh(corr(xi, eta)):
[1.00236599 1.00153753 1.01531407 1.00024116 0.99998104 1.01351795]

Iteration:  19900
Rhat values for alpha, beta, log(sigma^2), mean(xi), log(var(xi)), atanh(corr(xi, eta)):
[1.00236417 1.00158215 1.01500393 1.00022054 0.99998113 1.01342885]

Iteration:  20000
Rhat values for alpha, beta, log(sigma^2), mean(xi), log(var(xi)), atanh(corr(xi, eta)):
[1.00253952 1.00177844 1.0146088  1.00026399 0.99998124 1.01330196]
{"name": "G11_first_hr_tripp_error_no_covadd_0.2", "n": 100, "mean": -0.03189316969327238, "sd": 0.011830478157805578, "median": -0.03168989184149195, "q16_84": [-0.043342825391967724, -0.019990434070602872], "q025_975": [-0.05579384698472191, -0.009306807744043417], "p_negative": 0.997175, "scatter_mean": 0.031498074552861785, "retained_draws": 40000, "seed": 20260924, "rhat_retained": {"alpha": 1.0039835596211057, "beta": 1.003324211140099, "sigsqr": 1.0078402697936086}}
START G11_first_hr_tripp_error_no_covadd_0.25 144

Iteration:  100
Rhat values for alpha, beta, log(sigma^2), mean(xi), log(var(xi)), atanh(corr(xi, eta)):
[1.06550388 1.06525075 1.07639161 1.0493822  1.1120647  1.29103724]

Iteration:  200
Rhat values for alpha, beta, log(sigma^2), mean(xi), log(var(xi)), atanh(corr(xi, eta)):
[1.03198902 1.03569362 1.01890356 1.00600657 1.04372427 1.09561539]

Iteration:  300
Rhat values for alpha, beta, log(sigma^2), mean(xi), log(var(xi)), atanh(corr(xi, eta)):
[1.03523317 1.04523695 1.01440144 1.01288418 1.01877021 1.13569833]

Iteration:  400
Rhat values for alpha, beta, log(sigma^2), mean(xi), log(var(xi)), atanh(corr(xi, eta)):
[1.02984456 1.03779829 1.03142038 1.00442731 1.02106077 1.1349076 ]

Iteration:  500
Rhat values for alpha, beta, log(sigma^2), mean(xi), log(var(xi)), atanh(corr(xi, eta)):
[1.01248879 1.01152622 1.05680431 1.00853926 1.03924183 1.05884701]

Iteration:  600
Rhat values for alpha, beta, log(sigma^2), mean(xi), log(var(xi)), atanh(corr(xi, eta)):
[1.00440057 1.001887   1.07904114 1.01811942 1.04249221 1.04546674]

Iteration:  700
Rhat values for alpha, beta, log(sigma^2), mean(xi), log(var(xi)), atanh(corr(xi, eta)):
[1.00288982 1.00049381 1.10414287 1.01973095 1.02366396 1.04435377]

Iteration:  800
Rhat values for alpha, beta, log(sigma^2), mean(xi), log(var(xi)), atanh(corr(xi, eta)):
[1.0054214  1.00237619 1.09851554 1.01671319 1.02264874 1.04518688]

Iteration:  900
Rhat values for alpha, beta, log(sigma^2), mean(xi), log(var(xi)), atanh(corr(xi, eta)):
[1.00819232 1.00480911 1.07240489 1.01660222 1.00479941 1.06724032]

Iteration:  1000
Rhat values for alpha, beta, log(sigma^2), mean(xi), log(var(xi)), atanh(corr(xi, eta)):
[1.01206716 1.00890894 1.0512105  1.01840951 1.00507587 1.09181702]

Iteration:  1100
Rhat values for alpha, beta, log(sigma^2), mean(xi), log(var(xi)), atanh(corr(xi, eta)):
[1.01424099 1.01050998 1.0252319  1.01311993 1.00469433 1.09254233]

Iteration:  1200
Rhat values for alpha, beta, log(sigma^2), mean(xi), log(var(xi)), atanh(corr(xi, eta)):
[1.01831009 1.01341251 1.01499835 1.0078349  1.00430898 1.08134527]

Iteration:  1300
Rhat values for alpha, beta, log(sigma^2), mean(xi), log(var(xi)), atanh(corr(xi, eta)):
[1.02376239 1.01828757 1.01554688 1.01002447 1.00403701 1.08549807]

Iteration:  1400
Rhat values for alpha, beta, log(sigma^2), mean(xi), log(var(xi)), atanh(corr(xi, eta)):
[1.02724047 1.0203275  1.02528813 1.00896701 1.00274257 1.08621342]

Iteration:  1500
Rhat values for alpha, beta, log(sigma^2), mean(xi), log(var(xi)), atanh(corr(xi, eta)):
[1.02925302 1.02079899 1.04352945 1.00657133 1.00300928 1.08783704]

Iteration:  1600
Rhat values for alpha, beta, log(sigma^2), mean(xi), log(var(xi)), atanh(corr(xi, eta)):
[1.03090044 1.02068695 1.06223342 1.00402587 1.00298384 1.09504154]

Iteration:  1700
Rhat values for alpha, beta, log(sigma^2), mean(xi), log(var(xi)), atanh(corr(xi, eta)):
[1.03018369 1.01821721 1.07996615 1.00330124 1.00348602 1.08995114]

Iteration:  1800
Rhat values for alpha, beta, log(sigma^2), mean(xi), log(var(xi)), atanh(corr(xi, eta)):
[1.0307062  1.01963021 1.09493882 1.0066044  1.00362918 1.09691701]

Iteration:  1900
Rhat values for alpha, beta, log(sigma^2), mean(xi), log(var(xi)), atanh(corr(xi, eta)):
[1.02893397 1.01943476 1.10873418 1.00676012 1.00017761 1.10351286]

Iteration:  2000
Rhat values for alpha, beta, log(sigma^2), mean(xi), log(var(xi)), atanh(corr(xi, eta)):
[1.02798745 1.01802883 1.12594291 1.00679573 1.00018193 1.11153933]

Iteration:  2100
Rhat values for alpha, beta, log(sigma^2), mean(xi), log(var(xi)), atanh(corr(xi, eta)):
[1.03102815 1.02023728 1.13396014 1.01061222 1.00021484 1.10903088]

Iteration:  2200
Rhat values for alpha, beta, log(sigma^2), mean(xi), log(var(xi)), atanh(corr(xi, eta)):
[1.03456339 1.02262675 1.1464351  1.0112386  1.00021291 1.11354511]

Iteration:  2300
Rhat values for alpha, beta, log(sigma^2), mean(xi), log(var(xi)), atanh(corr(xi, eta)):
[1.03443509 1.02052702 1.17251684 1.01153892 1.00019646 1.12536352]

Iteration:  2400
Rhat values for alpha, beta, log(sigma^2), mean(xi), log(var(xi)), atanh(corr(xi, eta)):
[1.03673899 1.02196339 1.19671322 1.01262096 1.00018026 1.14417785]

Iteration:  2500
Rhat values for alpha, beta, log(sigma^2), mean(xi), log(var(xi)), atanh(corr(xi, eta)):
[1.04083476 1.02399814 1.20573262 1.01456957 1.00024617 1.14669452]

Iteration:  2600
Rhat values for alpha, beta, log(sigma^2), mean(xi), log(var(xi)), atanh(corr(xi, eta)):
[1.0454466  1.02729297 1.20690364 1.01468693 1.0002815  1.1455111 ]

Iteration:  2700
Rhat values for alpha, beta, log(sigma^2), mean(xi), log(var(xi)), atanh(corr(xi, eta)):
[1.05250227 1.03182305 1.20630477 1.0135604  1.00026417 1.14236463]

Iteration:  2800
Rhat values for alpha, beta, log(sigma^2), mean(xi), log(var(xi)), atanh(corr(xi, eta)):
[1.06072029 1.03830501 1.20392874 1.01359397 1.00026619 1.13106369]

Iteration:  2900
Rhat values for alpha, beta, log(sigma^2), mean(xi), log(var(xi)), atanh(corr(xi, eta)):
[1.07046957 1.04570655 1.20137976 1.01406703 1.00029313 1.11467489]

Iteration:  3000
Rhat values for alpha, beta, log(sigma^2), mean(xi), log(var(xi)), atanh(corr(xi, eta)):
[1.07565904 1.04915229 1.19058299 1.01430102 1.0002806  1.10605962]

Iteration:  3100
Rhat values for alpha, beta, log(sigma^2), mean(xi), log(var(xi)), atanh(corr(xi, eta)):
[1.07732437 1.05061225 1.18045354 1.01500507 1.00028336 1.10560637]

Iteration:  3200
Rhat values for alpha, beta, log(sigma^2), mean(xi), log(var(xi)), atanh(corr(xi, eta)):
[1.07829811 1.05181271 1.16621766 1.01552455 1.00028946 1.1015411 ]

Iteration:  3300
Rhat values for alpha, beta, log(sigma^2), mean(xi), log(var(xi)), atanh(corr(xi, eta)):
[1.07749496 1.0523373  1.14296928 1.01621589 1.00028942 1.09537653]

Iteration:  3400
Rhat values for alpha, beta, log(sigma^2), mean(xi), log(var(xi)), atanh(corr(xi, eta)):
[1.0720651  1.04910659 1.12511267 1.01619996 1.00028769 1.09016972]

Iteration:  3500
Rhat values for alpha, beta, log(sigma^2), mean(xi), log(var(xi)), atanh(corr(xi, eta)):
[1.06330217 1.04348504 1.11417927 1.015276   1.00026782 1.08974222]

Iteration:  3600
Rhat values for alpha, beta, log(sigma^2), mean(xi), log(var(xi)), atanh(corr(xi, eta)):
[1.05800897 1.03995427 1.11128425 1.01386792 1.00027127 1.0938203 ]

Iteration:  3700
Rhat values for alpha, beta, log(sigma^2), mean(xi), log(var(xi)), atanh(corr(xi, eta)):
[1.0565455  1.03993112 1.11585334 1.01456458 1.00028354 1.10525597]

Iteration:  3800
Rhat values for alpha, beta, log(sigma^2), mean(xi), log(var(xi)), atanh(corr(xi, eta)):
[1.05464727 1.03842275 1.12038208 1.01471654 1.00019204 1.11633716]

Iteration:  3900
Rhat values for alpha, beta, log(sigma^2), mean(xi), log(var(xi)), atanh(corr(xi, eta)):
[1.05240037 1.03603602 1.12217207 1.01421156 1.00021307 1.12243975]

Iteration:  4000
Rhat values for alpha, beta, log(sigma^2), mean(xi), log(var(xi)), atanh(corr(xi, eta)):
[1.04815855 1.03386299 1.12660489 1.01449956 1.00022815 1.13326728]

Iteration:  4100
Rhat values for alpha, beta, log(sigma^2), mean(xi), log(var(xi)), atanh(corr(xi, eta)):
[1.04527977 1.03206313 1.13095096 1.01342095 1.00022959 1.14316411]

Iteration:  4200
Rhat values for alpha, beta, log(sigma^2), mean(xi), log(var(xi)), atanh(corr(xi, eta)):
[1.04528061 1.03141522 1.13608819 1.01253341 1.00023822 1.14831323]

Iteration:  4300
Rhat values for alpha, beta, log(sigma^2), mean(xi), log(var(xi)), atanh(corr(xi, eta)):
[1.04688275 1.03260767 1.13852676 1.0119983  1.0002509  1.15167658]

Iteration:  4400
Rhat values for alpha, beta, log(sigma^2), mean(xi), log(var(xi)), atanh(corr(xi, eta)):
[1.0474549  1.03282504 1.13452365 1.01107288 1.00025032 1.15100021]

Iteration:  4500
Rhat values for alpha, beta, log(sigma^2), mean(xi), log(var(xi)), atanh(corr(xi, eta)):
[1.04791687 1.03255586 1.12155203 1.01103985 1.00024779 1.13929081]

Iteration:  4600
Rhat values for alpha, beta, log(sigma^2), mean(xi), log(var(xi)), atanh(corr(xi, eta)):
[1.04350373 1.0289825  1.11081539 1.00967517 1.00021031 1.12972188]

Iteration:  4700
Rhat values for alpha, beta, log(sigma^2), mean(xi), log(var(xi)), atanh(corr(xi, eta)):
[1.03991244 1.02686058 1.10564635 1.00951352 1.00020761 1.12862988]

Iteration:  4800
Rhat values for alpha, beta, log(sigma^2), mean(xi), log(var(xi)), atanh(corr(xi, eta)):
[1.03899806 1.02632417 1.10466661 1.00968242 1.00020684 1.12914795]

Iteration:  4900
Rhat values for alpha, beta, log(sigma^2), mean(xi), log(var(xi)), atanh(corr(xi, eta)):
[1.03801472 1.02581551 1.10659796 1.00980926 1.00020302 1.13274974]

Iteration:  5000
Rhat values for alpha, beta, log(sigma^2), mean(xi), log(var(xi)), atanh(corr(xi, eta)):
[1.03472782 1.02385997 1.10871054 1.00977255 1.00020212 1.13651829]

Iteration:  5100
Rhat values for alpha, beta, log(sigma^2), mean(xi), log(var(xi)), atanh(corr(xi, eta)):
[1.03431998 1.02359547 1.10891397 1.00913921 1.00019899 1.13634999]

Iteration:  5200
Rhat values for alpha, beta, log(sigma^2), mean(xi), log(var(xi)), atanh(corr(xi, eta)):
[1.03323392 1.02359847 1.1055645  1.00876397 1.00018965 1.13577286]

Iteration:  5300
Rhat values for alpha, beta, log(sigma^2), mean(xi), log(var(xi)), atanh(corr(xi, eta)):
[1.03044039 1.02075493 1.10082423 1.00836192 1.00017538 1.12808244]

Iteration:  5400
Rhat values for alpha, beta, log(sigma^2), mean(xi), log(var(xi)), atanh(corr(xi, eta)):
[1.02994009 1.02058574 1.09725167 1.00793589 1.00017074 1.12528011]

Iteration:  5500
Rhat values for alpha, beta, log(sigma^2), mean(xi), log(var(xi)), atanh(corr(xi, eta)):
[1.02929918 1.02019682 1.09637746 1.00726781 1.00017051 1.12346456]

Iteration:  5600
Rhat values for alpha, beta, log(sigma^2), mean(xi), log(var(xi)), atanh(corr(xi, eta)):
[1.0285081  1.01991135 1.09714204 1.00722111 1.000159   1.12361485]

Iteration:  5700
Rhat values for alpha, beta, log(sigma^2), mean(xi), log(var(xi)), atanh(corr(xi, eta)):
[1.0290078  1.02107579 1.09523594 1.00748188 1.00016599 1.12177061]

Iteration:  5800
Rhat values for alpha, beta, log(sigma^2), mean(xi), log(var(xi)), atanh(corr(xi, eta)):
[1.02788121 1.02043277 1.09073525 1.00745563 1.00016605 1.11687218]

Iteration:  5900
Rhat values for alpha, beta, log(sigma^2), mean(xi), log(var(xi)), atanh(corr(xi, eta)):
[1.02659621 1.01926501 1.08652129 1.00690947 1.00015079 1.1101006 ]

Iteration:  6000
Rhat values for alpha, beta, log(sigma^2), mean(xi), log(var(xi)), atanh(corr(xi, eta)):
[1.02611248 1.01916997 1.08327232 1.00549756 1.00013572 1.10637002]

Iteration:  6100
Rhat values for alpha, beta, log(sigma^2), mean(xi), log(var(xi)), atanh(corr(xi, eta)):
[1.02367165 1.01788456 1.08102465 1.00466952 1.0001215  1.10409715]

Iteration:  6200
Rhat values for alpha, beta, log(sigma^2), mean(xi), log(var(xi)), atanh(corr(xi, eta)):
[1.02097481 1.01591623 1.07883301 1.00417521 1.00003332 1.10007639]

Iteration:  6300
Rhat values for alpha, beta, log(sigma^2), mean(xi), log(var(xi)), atanh(corr(xi, eta)):
[1.01903987 1.01428261 1.0770744  1.00379803 1.00003034 1.09587724]

Iteration:  6400
Rhat values for alpha, beta, log(sigma^2), mean(xi), log(var(xi)), atanh(corr(xi, eta)):
[1.01812901 1.01384312 1.07368658 1.00384169 1.00003039 1.09126643]

Iteration:  6500
Rhat values for alpha, beta, log(sigma^2), mean(xi), log(var(xi)), atanh(corr(xi, eta)):
[1.01795968 1.01380292 1.06827209 1.00361399 0.99999926 1.08437888]

Iteration:  6600
Rhat values for alpha, beta, log(sigma^2), mean(xi), log(var(xi)), atanh(corr(xi, eta)):
[1.01820621 1.01395884 1.06720142 1.00392382 0.99999926 1.0821389 ]

Iteration:  6700
Rhat values for alpha, beta, log(sigma^2), mean(xi), log(var(xi)), atanh(corr(xi, eta)):
[1.01864882 1.01436974 1.06673775 1.00421711 0.99999927 1.08202991]

Iteration:  6800
Rhat values for alpha, beta, log(sigma^2), mean(xi), log(var(xi)), atanh(corr(xi, eta)):
[1.01918881 1.01517231 1.06531294 1.00411704 0.99999927 1.08117226]

Iteration:  6900
Rhat values for alpha, beta, log(sigma^2), mean(xi), log(var(xi)), atanh(corr(xi, eta)):
[1.01898692 1.01529862 1.06251071 1.00414955 0.99999928 1.07887315]

Iteration:  7000
Rhat values for alpha, beta, log(sigma^2), mean(xi), log(var(xi)), atanh(corr(xi, eta)):
[1.01773388 1.01436617 1.0615532  1.00408447 0.9999993  1.07686258]

Iteration:  7100
Rhat values for alpha, beta, log(sigma^2), mean(xi), log(var(xi)), atanh(corr(xi, eta)):
[1.01689141 1.01349405 1.05919389 1.00417498 0.99999937 1.07485355]

Iteration:  7200
Rhat values for alpha, beta, log(sigma^2), mean(xi), log(var(xi)), atanh(corr(xi, eta)):
[1.0176376  1.01398905 1.05968527 1.00334574 0.99999941 1.07674292]

Iteration:  7300
Rhat values for alpha, beta, log(sigma^2), mean(xi), log(var(xi)), atanh(corr(xi, eta)):
[1.01665548 1.01321313 1.06132253 1.0032253  0.99999941 1.07793315]

Iteration:  7400
Rhat values for alpha, beta, log(sigma^2), mean(xi), log(var(xi)), atanh(corr(xi, eta)):
[1.01636241 1.0129399  1.0626385  1.00312864 0.99999942 1.07923715]

Iteration:  7500
Rhat values for alpha, beta, log(sigma^2), mean(xi), log(var(xi)), atanh(corr(xi, eta)):
[1.01692086 1.01360014 1.06534794 1.00319192 0.99999943 1.08172667]

Iteration:  7600
Rhat values for alpha, beta, log(sigma^2), mean(xi), log(var(xi)), atanh(corr(xi, eta)):
[1.01651897 1.01356242 1.06782399 1.00339617 0.99999944 1.08415723]

Iteration:  7700
Rhat values for alpha, beta, log(sigma^2), mean(xi), log(var(xi)), atanh(corr(xi, eta)):
[1.01668593 1.01388091 1.06926403 1.00320485 0.99999932 1.08627448]

Iteration:  7800
Rhat values for alpha, beta, log(sigma^2), mean(xi), log(var(xi)), atanh(corr(xi, eta)):
[1.01834227 1.01530332 1.07359162 1.0033382  0.99999932 1.0910459 ]

Iteration:  7900
Rhat values for alpha, beta, log(sigma^2), mean(xi), log(var(xi)), atanh(corr(xi, eta)):
[1.01943109 1.01638156 1.0766456  1.00395124 0.99999932 1.09531956]

Iteration:  8000
Rhat values for alpha, beta, log(sigma^2), mean(xi), log(var(xi)), atanh(corr(xi, eta)):
[1.01930608 1.01678314 1.07849208 1.00379615 0.99999932 1.09801889]

Iteration:  8100
Rhat values for alpha, beta, log(sigma^2), mean(xi), log(var(xi)), atanh(corr(xi, eta)):
[1.01898824 1.01674653 1.07945405 1.00389994 0.99999934 1.09982989]

Iteration:  8200
Rhat values for alpha, beta, log(sigma^2), mean(xi), log(var(xi)), atanh(corr(xi, eta)):
[1.01957888 1.01721944 1.07830947 1.00407758 0.99999934 1.09940855]

Iteration:  8300
Rhat values for alpha, beta, log(sigma^2), mean(xi), log(var(xi)), atanh(corr(xi, eta)):
[1.01761167 1.01560765 1.07681907 1.00424162 0.99999933 1.09684145]

Iteration:  8400
Rhat values for alpha, beta, log(sigma^2), mean(xi), log(var(xi)), atanh(corr(xi, eta)):
[1.01685217 1.01445038 1.07658097 1.00387272 0.99999934 1.0948961 ]

Iteration:  8500
Rhat values for alpha, beta, log(sigma^2), mean(xi), log(var(xi)), atanh(corr(xi, eta)):
[1.0154561  1.01270996 1.07653868 1.00362966 0.99999934 1.09238918]

Iteration:  8600
Rhat values for alpha, beta, log(sigma^2), mean(xi), log(var(xi)), atanh(corr(xi, eta)):
[1.01457664 1.01158559 1.07569144 1.0034506  0.99999936 1.08905573]

Iteration:  8700
Rhat values for alpha, beta, log(sigma^2), mean(xi), log(var(xi)), atanh(corr(xi, eta)):
[1.01426287 1.01137261 1.07436593 1.00319491 0.99999934 1.08643516]

Iteration:  8800
Rhat values for alpha, beta, log(sigma^2), mean(xi), log(var(xi)), atanh(corr(xi, eta)):
[1.01367168 1.01099486 1.07170461 1.00371487 0.99999935 1.08338204]

Iteration:  8900
Rhat values for alpha, beta, log(sigma^2), mean(xi), log(var(xi)), atanh(corr(xi, eta)):
[1.01334987 1.01096804 1.06869165 1.00337799 0.99999936 1.08164033]

Iteration:  9000
Rhat values for alpha, beta, log(sigma^2), mean(xi), log(var(xi)), atanh(corr(xi, eta)):
[1.01372885 1.01163546 1.06645871 1.00301634 0.9999995  1.08116315]

Iteration:  9100
Rhat values for alpha, beta, log(sigma^2), mean(xi), log(var(xi)), atanh(corr(xi, eta)):
[1.01366064 1.01193483 1.06721316 1.00283527 0.9999995  1.08130909]

Iteration:  9200
Rhat values for alpha, beta, log(sigma^2), mean(xi), log(var(xi)), atanh(corr(xi, eta)):
[1.01361786 1.01193241 1.06748977 1.00307027 0.99999949 1.08024818]

Iteration:  9300
Rhat values for alpha, beta, log(sigma^2), mean(xi), log(var(xi)), atanh(corr(xi, eta)):
[1.01300065 1.01162619 1.06800399 1.00311899 0.99999949 1.07945368]

Iteration:  9400
Rhat values for alpha, beta, log(sigma^2), mean(xi), log(var(xi)), atanh(corr(xi, eta)):
[1.0129468  1.0117989  1.0671313  1.00290174 0.9999995  1.07935877]

Iteration:  9500
Rhat values for alpha, beta, log(sigma^2), mean(xi), log(var(xi)), atanh(corr(xi, eta)):
[1.01377531 1.0130562  1.06457918 1.00288984 0.9999995  1.07870684]

Iteration:  9600
Rhat values for alpha, beta, log(sigma^2), mean(xi), log(var(xi)), atanh(corr(xi, eta)):
[1.01319279 1.01275992 1.06204577 1.00280606 0.99999949 1.07686609]

Iteration:  9700
Rhat values for alpha, beta, log(sigma^2), mean(xi), log(var(xi)), atanh(corr(xi, eta)):
[1.01351206 1.01284643 1.05994802 1.00272632 0.99999949 1.07629483]

Iteration:  9800
Rhat values for alpha, beta, log(sigma^2), mean(xi), log(var(xi)), atanh(corr(xi, eta)):
[1.0136335  1.01298915 1.05682771 1.00273349 0.99999949 1.07449725]

Iteration:  9900
Rhat values for alpha, beta, log(sigma^2), mean(xi), log(var(xi)), atanh(corr(xi, eta)):
[1.01365433 1.01292712 1.05586308 1.00265456 0.99999951 1.07379666]

Iteration:  10000
Rhat values for alpha, beta, log(sigma^2), mean(xi), log(var(xi)), atanh(corr(xi, eta)):
[1.01371996 1.01277672 1.05594241 1.00253183 0.99999951 1.07360693]

Iteration:  10100
Rhat values for alpha, beta, log(sigma^2), mean(xi), log(var(xi)), atanh(corr(xi, eta)):
[1.01336928 1.01210875 1.05759796 1.00248873 0.99999951 1.07379851]

Iteration:  10200
Rhat values for alpha, beta, log(sigma^2), mean(xi), log(var(xi)), atanh(corr(xi, eta)):
[1.01221168 1.01081972 1.05753237 1.00253338 0.9999995  1.07082107]

Iteration:  10300
Rhat values for alpha, beta, log(sigma^2), mean(xi), log(var(xi)), atanh(corr(xi, eta)):
[1.01126781 1.0097042  1.05571853 1.00254581 0.9999995  1.06605484]

Iteration:  10400
Rhat values for alpha, beta, log(sigma^2), mean(xi), log(var(xi)), atanh(corr(xi, eta)):
[1.01102265 1.00922803 1.0535925  1.00230805 0.99999949 1.0624952 ]

Iteration:  10500
Rhat values for alpha, beta, log(sigma^2), mean(xi), log(var(xi)), atanh(corr(xi, eta)):
[1.01089923 1.00887694 1.05121773 1.00224142 0.9999995  1.05926682]

Iteration:  10600
Rhat values for alpha, beta, log(sigma^2), mean(xi), log(var(xi)), atanh(corr(xi, eta)):
[1.0114812  1.00904041 1.04987613 1.00210682 0.99999951 1.05748452]

Iteration:  10700
Rhat values for alpha, beta, log(sigma^2), mean(xi), log(var(xi)), atanh(corr(xi, eta)):
[1.01199792 1.01005367 1.04802682 1.00207727 0.99999953 1.05706113]

Iteration:  10800
Rhat values for alpha, beta, log(sigma^2), mean(xi), log(var(xi)), atanh(corr(xi, eta)):
[1.01274489 1.01101036 1.04648825 1.00198374 0.99999954 1.0560588 ]

Iteration:  10900
Rhat values for alpha, beta, log(sigma^2), mean(xi), log(var(xi)), atanh(corr(xi, eta)):
[1.01385291 1.01209455 1.04417779 1.00207242 0.99999954 1.05329069]

Iteration:  11000
Rhat values for alpha, beta, log(sigma^2), mean(xi), log(var(xi)), atanh(corr(xi, eta)):
[1.01346907 1.01191209 1.0419395  1.00201976 0.99999954 1.05081478]

Iteration:  11100
Rhat values for alpha, beta, log(sigma^2), mean(xi), log(var(xi)), atanh(corr(xi, eta)):
[1.01306343 1.01161194 1.04125446 1.00172924 0.99999955 1.05011682]

Iteration:  11200
Rhat values for alpha, beta, log(sigma^2), mean(xi), log(var(xi)), atanh(corr(xi, eta)):
[1.0132922  1.01219778 1.04129623 1.00165747 0.99999955 1.05070885]

Iteration:  11300
Rhat values for alpha, beta, log(sigma^2), mean(xi), log(var(xi)), atanh(corr(xi, eta)):
[1.01323776 1.01275517 1.04129423 1.00161617 0.99999955 1.05107428]

Iteration:  11400
Rhat values for alpha, beta, log(sigma^2), mean(xi), log(var(xi)), atanh(corr(xi, eta)):
[1.01306992 1.01277809 1.03969437 1.0014741  0.99999956 1.05006057]

Iteration:  11500
Rhat values for alpha, beta, log(sigma^2), mean(xi), log(var(xi)), atanh(corr(xi, eta)):
[1.01293402 1.01242754 1.03766971 1.00137271 0.99999956 1.04848467]

Iteration:  11600
Rhat values for alpha, beta, log(sigma^2), mean(xi), log(var(xi)), atanh(corr(xi, eta)):
[1.01255609 1.01221255 1.03576037 1.00114969 0.99999957 1.04738384]

Iteration:  11700
Rhat values for alpha, beta, log(sigma^2), mean(xi), log(var(xi)), atanh(corr(xi, eta)):
[1.01259858 1.01191645 1.03484526 1.00098215 0.99999957 1.04531274]

Iteration:  11800
Rhat values for alpha, beta, log(sigma^2), mean(xi), log(var(xi)), atanh(corr(xi, eta)):
[1.0123873  1.01170346 1.03315266 1.00104441 0.99999957 1.04252791]

Iteration:  11900
Rhat values for alpha, beta, log(sigma^2), mean(xi), log(var(xi)), atanh(corr(xi, eta)):
[1.0122856  1.0115033  1.03109489 1.00093113 0.99999957 1.03968304]

Iteration:  12000
Rhat values for alpha, beta, log(sigma^2), mean(xi), log(var(xi)), atanh(corr(xi, eta)):
[1.01251175 1.01123773 1.02955512 1.00073712 0.99999958 1.03755513]

Iteration:  12100
Rhat values for alpha, beta, log(sigma^2), mean(xi), log(var(xi)), atanh(corr(xi, eta)):
[1.01227826 1.01088974 1.02860873 1.00057627 0.99999957 1.03598741]

Iteration:  12200
Rhat values for alpha, beta, log(sigma^2), mean(xi), log(var(xi)), atanh(corr(xi, eta)):
[1.01221117 1.01055041 1.02797824 1.00053255 0.99999957 1.03463692]

Iteration:  12300
Rhat values for alpha, beta, log(sigma^2), mean(xi), log(var(xi)), atanh(corr(xi, eta)):
[1.01199249 1.01042928 1.02759985 1.00055011 0.99999958 1.03414685]

Iteration:  12400
Rhat values for alpha, beta, log(sigma^2), mean(xi), log(var(xi)), atanh(corr(xi, eta)):
[1.01178742 1.01040848 1.0273646  1.00044738 0.9999996  1.03367222]

Iteration:  12500
Rhat values for alpha, beta, log(sigma^2), mean(xi), log(var(xi)), atanh(corr(xi, eta)):
[1.01242176 1.01093488 1.02775055 1.00045428 0.9999996  1.03367004]

Iteration:  12600
Rhat values for alpha, beta, log(sigma^2), mean(xi), log(var(xi)), atanh(corr(xi, eta)):
[1.0118894  1.01055157 1.02801825 1.00047    0.9999996  1.03386373]

Iteration:  12700
Rhat values for alpha, beta, log(sigma^2), mean(xi), log(var(xi)), atanh(corr(xi, eta)):
[1.01149889 1.01056009 1.02839776 1.00045775 0.9999996  1.03457768]

Iteration:  12800
Rhat values for alpha, beta, log(sigma^2), mean(xi), log(var(xi)), atanh(corr(xi, eta)):
[1.01127619 1.01039537 1.02847661 1.00050069 0.99999961 1.03477029]

Iteration:  12900
Rhat values for alpha, beta, log(sigma^2), mean(xi), log(var(xi)), atanh(corr(xi, eta)):
[1.01063895 1.0096426  1.02808333 1.0005274  0.99999961 1.03392214]

Iteration:  13000
Rhat values for alpha, beta, log(sigma^2), mean(xi), log(var(xi)), atanh(corr(xi, eta)):
[1.01026556 1.00926299 1.02662808 1.00037629 0.99999962 1.03283918]

Iteration:  13100
Rhat values for alpha, beta, log(sigma^2), mean(xi), log(var(xi)), atanh(corr(xi, eta)):
[1.01035319 1.00953324 1.02478331 1.00035026 0.99999963 1.03259025]

Iteration:  13200
Rhat values for alpha, beta, log(sigma^2), mean(xi), log(var(xi)), atanh(corr(xi, eta)):
[1.01010113 1.00917763 1.0227694  1.00030232 0.99999963 1.03126923]

Iteration:  13300
Rhat values for alpha, beta, log(sigma^2), mean(xi), log(var(xi)), atanh(corr(xi, eta)):
[1.00979635 1.008776   1.02182116 1.00024549 0.99999963 1.03069599]

Iteration:  13400
Rhat values for alpha, beta, log(sigma^2), mean(xi), log(var(xi)), atanh(corr(xi, eta)):
[1.01019261 1.00889167 1.02098301 1.00019052 0.99999963 1.03043302]

Iteration:  13500
Rhat values for alpha, beta, log(sigma^2), mean(xi), log(var(xi)), atanh(corr(xi, eta)):
[1.01060532 1.00930396 1.02041074 1.00023297 0.99999962 1.03025982]

Iteration:  13600
Rhat values for alpha, beta, log(sigma^2), mean(xi), log(var(xi)), atanh(corr(xi, eta)):
[1.01065954 1.00947019 1.02001909 1.00026582 0.99999963 1.03059403]

Iteration:  13700
Rhat values for alpha, beta, log(sigma^2), mean(xi), log(var(xi)), atanh(corr(xi, eta)):
[1.01100958 1.00996402 1.01993863 1.00026246 0.99999963 1.0309289 ]

Iteration:  13800
Rhat values for alpha, beta, log(sigma^2), mean(xi), log(var(xi)), atanh(corr(xi, eta)):
[1.01150269 1.01044167 1.01995671 1.00023465 0.99999963 1.03093303]

Iteration:  13900
Rhat values for alpha, beta, log(sigma^2), mean(xi), log(var(xi)), atanh(corr(xi, eta)):
[1.01136768 1.01041287 1.02011831 1.0002983  0.99999997 1.03098608]

Iteration:  14000
Rhat values for alpha, beta, log(sigma^2), mean(xi), log(var(xi)), atanh(corr(xi, eta)):
[1.01176793 1.01092868 1.02016011 1.00029456 0.99999995 1.03108131]

Iteration:  14100
Rhat values for alpha, beta, log(sigma^2), mean(xi), log(var(xi)), atanh(corr(xi, eta)):
[1.01143594 1.01077547 1.02040135 1.00036097 0.99999995 1.03140582]

Iteration:  14200
Rhat values for alpha, beta, log(sigma^2), mean(xi), log(var(xi)), atanh(corr(xi, eta)):
[1.01095575 1.01008752 1.02018757 1.00035681 0.99999995 1.03067365]

Iteration:  14300
Rhat values for alpha, beta, log(sigma^2), mean(xi), log(var(xi)), atanh(corr(xi, eta)):
[1.01065808 1.00967829 1.01918392 1.00040558 0.99999995 1.02943929]

Iteration:  14400
Rhat values for alpha, beta, log(sigma^2), mean(xi), log(var(xi)), atanh(corr(xi, eta)):
[1.01123987 1.00985122 1.01815208 1.00045583 0.99999995 1.02716545]

Iteration:  14500
Rhat values for alpha, beta, log(sigma^2), mean(xi), log(var(xi)), atanh(corr(xi, eta)):
[1.01167628 1.01008914 1.01743236 1.00042547 0.99999995 1.02556648]

Iteration:  14600
Rhat values for alpha, beta, log(sigma^2), mean(xi), log(var(xi)), atanh(corr(xi, eta)):
[1.01178261 1.01031297 1.01661093 1.00043395 0.99999994 1.024805  ]

Iteration:  14700
Rhat values for alpha, beta, log(sigma^2), mean(xi), log(var(xi)), atanh(corr(xi, eta)):
[1.01211777 1.01054302 1.01588063 1.00052369 0.99999993 1.02445107]

Iteration:  14800
Rhat values for alpha, beta, log(sigma^2), mean(xi), log(var(xi)), atanh(corr(xi, eta)):
[1.01173198 1.00984521 1.0158295  1.00062394 0.99999993 1.02393302]

Iteration:  14900
Rhat values for alpha, beta, log(sigma^2), mean(xi), log(var(xi)), atanh(corr(xi, eta)):
[1.01133235 1.00905144 1.0156246  1.00055807 0.99999994 1.0231956 ]

Iteration:  15000
Rhat values for alpha, beta, log(sigma^2), mean(xi), log(var(xi)), atanh(corr(xi, eta)):
[1.01098736 1.00875243 1.01506181 1.00066566 0.99999994 1.02237781]

Iteration:  15100
Rhat values for alpha, beta, log(sigma^2), mean(xi), log(var(xi)), atanh(corr(xi, eta)):
[1.01041618 1.00811143 1.01425052 1.00067673 0.99999994 1.02103017]

Iteration:  15200
Rhat values for alpha, beta, log(sigma^2), mean(xi), log(var(xi)), atanh(corr(xi, eta)):
[1.00983379 1.00769497 1.01339121 1.00059341 0.99999994 1.02010685]

Iteration:  15300
Rhat values for alpha, beta, log(sigma^2), mean(xi), log(var(xi)), atanh(corr(xi, eta)):
[1.00915516 1.00692711 1.01288208 1.00053309 0.99999995 1.01920724]

Iteration:  15400
Rhat values for alpha, beta, log(sigma^2), mean(xi), log(var(xi)), atanh(corr(xi, eta)):
[1.00827553 1.00600758 1.01270175 1.00066108 0.99999994 1.01835496]

Iteration:  15500
Rhat values for alpha, beta, log(sigma^2), mean(xi), log(var(xi)), atanh(corr(xi, eta)):
[1.00778543 1.00568377 1.01250523 1.00067594 0.99999994 1.01825386]

Iteration:  15600
Rhat values for alpha, beta, log(sigma^2), mean(xi), log(var(xi)), atanh(corr(xi, eta)):
[1.00735837 1.00554521 1.01242019 1.00072581 0.99999994 1.01806947]

Iteration:  15700
Rhat values for alpha, beta, log(sigma^2), mean(xi), log(var(xi)), atanh(corr(xi, eta)):
[1.00687094 1.00518237 1.01206872 1.00064812 0.99999994 1.01736692]

Iteration:  15800
Rhat values for alpha, beta, log(sigma^2), mean(xi), log(var(xi)), atanh(corr(xi, eta)):
[1.00633241 1.00478161 1.01219233 1.00067029 0.99999994 1.01678687]

Iteration:  15900
Rhat values for alpha, beta, log(sigma^2), mean(xi), log(var(xi)), atanh(corr(xi, eta)):
[1.0059908  1.00467645 1.01266047 1.00065946 0.99999993 1.01691037]

Iteration:  16000
Rhat values for alpha, beta, log(sigma^2), mean(xi), log(var(xi)), atanh(corr(xi, eta)):
[1.00604699 1.00486908 1.01229285 1.0007095  0.99999993 1.01622726]

Iteration:  16100
Rhat values for alpha, beta, log(sigma^2), mean(xi), log(var(xi)), atanh(corr(xi, eta)):
[1.00631243 1.00519324 1.01130007 1.00087295 0.99999993 1.0144275 ]

Iteration:  16200
Rhat values for alpha, beta, log(sigma^2), mean(xi), log(var(xi)), atanh(corr(xi, eta)):
[1.00643269 1.00533253 1.01037177 1.00093818 0.99999993 1.01309721]

Iteration:  16300
Rhat values for alpha, beta, log(sigma^2), mean(xi), log(var(xi)), atanh(corr(xi, eta)):
[1.00688541 1.00564502 1.01040318 1.0010286  0.99999991 1.01287724]

Iteration:  16400
Rhat values for alpha, beta, log(sigma^2), mean(xi), log(var(xi)), atanh(corr(xi, eta)):
[1.00689179 1.00576115 1.01035566 1.00092206 0.99999991 1.01279882]

Iteration:  16500
Rhat values for alpha, beta, log(sigma^2), mean(xi), log(var(xi)), atanh(corr(xi, eta)):
[1.00638187 1.00541541 1.01046111 1.00088431 0.9999999  1.01285888]

Iteration:  16600
Rhat values for alpha, beta, log(sigma^2), mean(xi), log(var(xi)), atanh(corr(xi, eta)):
[1.00585317 1.00499863 1.01013999 1.0008693  0.99999991 1.01243546]

Iteration:  16700
Rhat values for alpha, beta, log(sigma^2), mean(xi), log(var(xi)), atanh(corr(xi, eta)):
[1.00547935 1.00470245 1.00992575 1.00091384 0.9999999  1.01192858]

Iteration:  16800
Rhat values for alpha, beta, log(sigma^2), mean(xi), log(var(xi)), atanh(corr(xi, eta)):
[1.00582472 1.00499908 1.00985107 1.00093742 0.9999999  1.01153717]

Iteration:  16900
Rhat values for alpha, beta, log(sigma^2), mean(xi), log(var(xi)), atanh(corr(xi, eta)):
[1.00601175 1.00512863 1.00999293 1.00096745 0.99999992 1.0115104 ]

Iteration:  17000
Rhat values for alpha, beta, log(sigma^2), mean(xi), log(var(xi)), atanh(corr(xi, eta)):
[1.00600579 1.00521777 1.00986557 1.00094571 0.99999992 1.0114385 ]

Iteration:  17100
Rhat values for alpha, beta, log(sigma^2), mean(xi), log(var(xi)), atanh(corr(xi, eta)):
[1.00611162 1.00548256 1.01009278 1.00098191 0.99999991 1.01165875]

Iteration:  17200
Rhat values for alpha, beta, log(sigma^2), mean(xi), log(var(xi)), atanh(corr(xi, eta)):
[1.00612017 1.00554724 1.0103427  1.00101763 0.9999999  1.01184014]

Iteration:  17300
Rhat values for alpha, beta, log(sigma^2), mean(xi), log(var(xi)), atanh(corr(xi, eta)):
[1.00596658 1.00545063 1.01081519 1.00104297 0.9999999  1.01240426]

Iteration:  17400
Rhat values for alpha, beta, log(sigma^2), mean(xi), log(var(xi)), atanh(corr(xi, eta)):
[1.00605781 1.00558775 1.01109306 1.00110149 0.99999991 1.01319302]

Iteration:  17500
Rhat values for alpha, beta, log(sigma^2), mean(xi), log(var(xi)), atanh(corr(xi, eta)):
[1.00592921 1.00554866 1.01138059 1.00120215 0.99999991 1.01394181]

Iteration:  17600
Rhat values for alpha, beta, log(sigma^2), mean(xi), log(var(xi)), atanh(corr(xi, eta)):
[1.00596301 1.00577403 1.01196185 1.00131935 0.99999991 1.01472452]

Iteration:  17700
Rhat values for alpha, beta, log(sigma^2), mean(xi), log(var(xi)), atanh(corr(xi, eta)):
[1.00607369 1.00581702 1.01267245 1.00139121 0.99999991 1.01528838]

Iteration:  17800
Rhat values for alpha, beta, log(sigma^2), mean(xi), log(var(xi)), atanh(corr(xi, eta)):
[1.00603183 1.00567266 1.01277418 1.00135595 0.9999999  1.01529327]

Iteration:  17900
Rhat values for alpha, beta, log(sigma^2), mean(xi), log(var(xi)), atanh(corr(xi, eta)):
[1.00597572 1.00552043 1.01245555 1.00126243 0.9999999  1.01488839]

Iteration:  18000
Rhat values for alpha, beta, log(sigma^2), mean(xi), log(var(xi)), atanh(corr(xi, eta)):
[1.00613585 1.00553324 1.01204559 1.00130974 0.99999989 1.01430654]

Iteration:  18100
Rhat values for alpha, beta, log(sigma^2), mean(xi), log(var(xi)), atanh(corr(xi, eta)):
[1.00611659 1.0053729  1.01150554 1.00131845 0.9999999  1.01332517]

Iteration:  18200
Rhat values for alpha, beta, log(sigma^2), mean(xi), log(var(xi)), atanh(corr(xi, eta)):
[1.00637864 1.00537672 1.01085033 1.0012678  0.99999989 1.01223563]

Iteration:  18300
Rhat values for alpha, beta, log(sigma^2), mean(xi), log(var(xi)), atanh(corr(xi, eta)):
[1.00633037 1.005183   1.00996649 1.00122295 0.9999999  1.01139742]

Iteration:  18400
Rhat values for alpha, beta, log(sigma^2), mean(xi), log(var(xi)), atanh(corr(xi, eta)):
[1.00629643 1.00507409 1.00943431 1.00125029 0.9999999  1.01072464]

Iteration:  18500
Rhat values for alpha, beta, log(sigma^2), mean(xi), log(var(xi)), atanh(corr(xi, eta)):
[1.0059225  1.00475385 1.00910759 1.0013544  0.99999989 1.01041975]

Iteration:  18600
Rhat values for alpha, beta, log(sigma^2), mean(xi), log(var(xi)), atanh(corr(xi, eta)):
[1.00584032 1.00479165 1.00921788 1.00126843 0.99999988 1.01080701]

Iteration:  18700
Rhat values for alpha, beta, log(sigma^2), mean(xi), log(var(xi)), atanh(corr(xi, eta)):
[1.00618418 1.005338   1.00983    1.00126632 0.99999987 1.01200536]

Iteration:  18800
Rhat values for alpha, beta, log(sigma^2), mean(xi), log(var(xi)), atanh(corr(xi, eta)):
[1.00670487 1.00595093 1.01066732 1.00123043 0.99999985 1.0135554 ]

Iteration:  18900
Rhat values for alpha, beta, log(sigma^2), mean(xi), log(var(xi)), atanh(corr(xi, eta)):
[1.00694645 1.00644924 1.01158401 1.00132965 0.99999985 1.01531146]

Iteration:  19000
Rhat values for alpha, beta, log(sigma^2), mean(xi), log(var(xi)), atanh(corr(xi, eta)):
[1.00710675 1.00690988 1.01278299 1.001424   0.99999976 1.01688303]

Iteration:  19100
Rhat values for alpha, beta, log(sigma^2), mean(xi), log(var(xi)), atanh(corr(xi, eta)):
[1.00737894 1.00738914 1.01392765 1.00135716 0.99999974 1.01843508]

Iteration:  19200
Rhat values for alpha, beta, log(sigma^2), mean(xi), log(var(xi)), atanh(corr(xi, eta)):
[1.00763729 1.00788761 1.01511148 1.00126553 0.99999974 1.02018045]

Iteration:  19300
Rhat values for alpha, beta, log(sigma^2), mean(xi), log(var(xi)), atanh(corr(xi, eta)):
[1.00792257 1.0085057  1.01599505 1.00115891 0.99999973 1.02181907]

Iteration:  19400
Rhat values for alpha, beta, log(sigma^2), mean(xi), log(var(xi)), atanh(corr(xi, eta)):
[1.00838747 1.00925156 1.01691819 1.00111904 0.99999972 1.02340902]

Iteration:  19500
Rhat values for alpha, beta, log(sigma^2), mean(xi), log(var(xi)), atanh(corr(xi, eta)):
[1.00867375 1.00968727 1.01786714 1.00113347 0.99999971 1.02475115]

Iteration:  19600
Rhat values for alpha, beta, log(sigma^2), mean(xi), log(var(xi)), atanh(corr(xi, eta)):
[1.0087637  1.01007862 1.01894895 1.00116466 0.99999971 1.02603938]

Iteration:  19700
Rhat values for alpha, beta, log(sigma^2), mean(xi), log(var(xi)), atanh(corr(xi, eta)):
[1.00896012 1.01054563 1.02014358 1.00127895 0.99999971 1.02751604]

Iteration:  19800
Rhat values for alpha, beta, log(sigma^2), mean(xi), log(var(xi)), atanh(corr(xi, eta)):
[1.00915301 1.01077352 1.02141415 1.00133239 0.99999971 1.02894365]

Iteration:  19900
Rhat values for alpha, beta, log(sigma^2), mean(xi), log(var(xi)), atanh(corr(xi, eta)):
[1.00907641 1.01072561 1.02240878 1.00137465 0.99999971 1.03012293]

Iteration:  20000
Rhat values for alpha, beta, log(sigma^2), mean(xi), log(var(xi)), atanh(corr(xi, eta)):
[1.00925523 1.01083314 1.02283358 1.00122575 0.99999972 1.03062094]
{"name": "G11_first_hr_tripp_error_no_covadd_0.25", "n": 144, "mean": -0.024381357983262384, "sd": 0.011223517401053814, "median": -0.02399130355811417, "q16_84": [-0.03544638650527481, -0.0132767284364422], "q025_975": [-0.04751912453920955, -0.003492041961149204], "p_negative": 0.990075, "scatter_mean": 0.030249283485903784, "retained_draws": 40000, "seed": 20260925, "rhat_retained": {"alpha": 1.0023722958816088, "beta": 1.0019965744537873, "sigsqr": 1.0081906135225267}}
START G11_first_hr_tripp_error_no_covadd_0.3 176

Iteration:  100
Rhat values for alpha, beta, log(sigma^2), mean(xi), log(var(xi)), atanh(corr(xi, eta)):
[1.01808752 1.02364882 1.06604997 1.02548558 1.00870376 1.09419585]

Iteration:  200
Rhat values for alpha, beta, log(sigma^2), mean(xi), log(var(xi)), atanh(corr(xi, eta)):
[1.02045661 1.02628391 1.06943197 1.0066155  1.02427035 1.07852555]

Iteration:  300
Rhat values for alpha, beta, log(sigma^2), mean(xi), log(var(xi)), atanh(corr(xi, eta)):
[1.04107701 1.05346519 1.08326323 0.99942831 1.05325317 1.14369674]

Iteration:  400
Rhat values for alpha, beta, log(sigma^2), mean(xi), log(var(xi)), atanh(corr(xi, eta)):
[1.06262275 1.0770204  1.1431908  1.02382301 1.02683391 1.21323719]

Iteration:  500
Rhat values for alpha, beta, log(sigma^2), mean(xi), log(var(xi)), atanh(corr(xi, eta)):
[1.05205261 1.0637029  1.19358608 1.03258327 1.00262344 1.20198535]

Iteration:  600
Rhat values for alpha, beta, log(sigma^2), mean(xi), log(var(xi)), atanh(corr(xi, eta)):
[1.04216676 1.05266657 1.2138429  1.01723209 1.00163265 1.19585301]

Iteration:  700
Rhat values for alpha, beta, log(sigma^2), mean(xi), log(var(xi)), atanh(corr(xi, eta)):
[1.03186552 1.04045768 1.25275973 1.00731448 0.99994422 1.19574657]

Iteration:  800
Rhat values for alpha, beta, log(sigma^2), mean(xi), log(var(xi)), atanh(corr(xi, eta)):
[1.03845527 1.04935667 1.28622675 1.0068652  1.00067867 1.23654591]

Iteration:  900
Rhat values for alpha, beta, log(sigma^2), mean(xi), log(var(xi)), atanh(corr(xi, eta)):
[1.04741266 1.05889638 1.33575863 1.00658043 1.00115551 1.29080581]

Iteration:  1000
Rhat values for alpha, beta, log(sigma^2), mean(xi), log(var(xi)), atanh(corr(xi, eta)):
[1.04218613 1.05348425 1.36423125 1.00298006 1.00199208 1.30555542]

Iteration:  1100
Rhat values for alpha, beta, log(sigma^2), mean(xi), log(var(xi)), atanh(corr(xi, eta)):
[1.0324561  1.04253845 1.3914482  1.01020807 1.00347888 1.30023291]

Iteration:  1200
Rhat values for alpha, beta, log(sigma^2), mean(xi), log(var(xi)), atanh(corr(xi, eta)):
[1.02694068 1.03323849 1.40854647 1.01486468 1.00326324 1.28485123]

Iteration:  1300
Rhat values for alpha, beta, log(sigma^2), mean(xi), log(var(xi)), atanh(corr(xi, eta)):
[1.02603938 1.03045955 1.40754614 1.01357699 1.0028431  1.27439684]

Iteration:  1400
Rhat values for alpha, beta, log(sigma^2), mean(xi), log(var(xi)), atanh(corr(xi, eta)):
[1.01821413 1.02140629 1.35389023 1.00652906 1.00210643 1.2294114 ]

Iteration:  1500
Rhat values for alpha, beta, log(sigma^2), mean(xi), log(var(xi)), atanh(corr(xi, eta)):
[1.01776933 1.02221656 1.34641166 1.00560572 1.00125894 1.22532552]

Iteration:  1600
Rhat values for alpha, beta, log(sigma^2), mean(xi), log(var(xi)), atanh(corr(xi, eta)):
[1.01691659 1.02069091 1.35231632 1.0054599  1.0011676  1.22632148]

Iteration:  1700
Rhat values for alpha, beta, log(sigma^2), mean(xi), log(var(xi)), atanh(corr(xi, eta)):
[1.01926459 1.02145904 1.33437503 1.00698284 1.00129358 1.23367789]

Iteration:  1800
Rhat values for alpha, beta, log(sigma^2), mean(xi), log(var(xi)), atanh(corr(xi, eta)):
[1.02192594 1.02462885 1.34417867 1.00962858 1.00189063 1.25014929]

Iteration:  1900
Rhat values for alpha, beta, log(sigma^2), mean(xi), log(var(xi)), atanh(corr(xi, eta)):
[1.02533557 1.02838081 1.32764751 1.00977045 1.00173376 1.25024153]

Iteration:  2000
Rhat values for alpha, beta, log(sigma^2), mean(xi), log(var(xi)), atanh(corr(xi, eta)):
[1.02724783 1.03047355 1.32535387 1.00996917 1.0022229  1.25561295]

Iteration:  2100
Rhat values for alpha, beta, log(sigma^2), mean(xi), log(var(xi)), atanh(corr(xi, eta)):
[1.02525662 1.0284351  1.32802462 1.0081147  1.00244643 1.24816136]

Iteration:  2200
Rhat values for alpha, beta, log(sigma^2), mean(xi), log(var(xi)), atanh(corr(xi, eta)):
[1.02199024 1.02523524 1.3080263  1.00361274 1.0021319  1.22549056]

Iteration:  2300
Rhat values for alpha, beta, log(sigma^2), mean(xi), log(var(xi)), atanh(corr(xi, eta)):
[1.02100181 1.02376112 1.30239036 1.00198706 1.00217607 1.212824  ]

Iteration:  2400
Rhat values for alpha, beta, log(sigma^2), mean(xi), log(var(xi)), atanh(corr(xi, eta)):
[1.01846417 1.02035141 1.31036781 1.00134473 1.00207649 1.20227863]

Iteration:  2500
Rhat values for alpha, beta, log(sigma^2), mean(xi), log(var(xi)), atanh(corr(xi, eta)):
[1.01287766 1.01417703 1.31364021 1.0020453  1.00207617 1.19314413]

Iteration:  2600
Rhat values for alpha, beta, log(sigma^2), mean(xi), log(var(xi)), atanh(corr(xi, eta)):
[1.00835276 1.00973549 1.33410605 1.00254617 1.00225483 1.19427759]

Iteration:  2700
Rhat values for alpha, beta, log(sigma^2), mean(xi), log(var(xi)), atanh(corr(xi, eta)):
[1.00912308 1.01101131 1.35348634 1.00233579 1.00223621 1.20602168]

Iteration:  2800
Rhat values for alpha, beta, log(sigma^2), mean(xi), log(var(xi)), atanh(corr(xi, eta)):
[1.01044596 1.01246893 1.36842879 1.0019915  1.00207515 1.2169152 ]

Iteration:  2900
Rhat values for alpha, beta, log(sigma^2), mean(xi), log(var(xi)), atanh(corr(xi, eta)):
[1.01027061 1.01271778 1.38823362 1.00320711 1.0023127  1.2344309 ]

Iteration:  3000
Rhat values for alpha, beta, log(sigma^2), mean(xi), log(var(xi)), atanh(corr(xi, eta)):
[1.01140022 1.01395187 1.40461903 1.00355136 1.00227501 1.24985881]

Iteration:  3100
Rhat values for alpha, beta, log(sigma^2), mean(xi), log(var(xi)), atanh(corr(xi, eta)):
[1.01129184 1.01359092 1.41704904 1.00363179 1.00000497 1.25357328]

Iteration:  3200
Rhat values for alpha, beta, log(sigma^2), mean(xi), log(var(xi)), atanh(corr(xi, eta)):
[1.0095274  1.01127393 1.41237098 1.00384157 1.00000507 1.24755631]

Iteration:  3300
Rhat values for alpha, beta, log(sigma^2), mean(xi), log(var(xi)), atanh(corr(xi, eta)):
[1.00885528 1.01057425 1.40616349 1.00414801 1.00000494 1.24437312]

Iteration:  3400
Rhat values for alpha, beta, log(sigma^2), mean(xi), log(var(xi)), atanh(corr(xi, eta)):
[1.00999709 1.01154964 1.39294514 1.0040232  1.00000464 1.23812005]

Iteration:  3500
Rhat values for alpha, beta, log(sigma^2), mean(xi), log(var(xi)), atanh(corr(xi, eta)):
[1.01161171 1.01283258 1.38169925 1.0035415  1.00000428 1.2365213 ]

Iteration:  3600
Rhat values for alpha, beta, log(sigma^2), mean(xi), log(var(xi)), atanh(corr(xi, eta)):
[1.01456831 1.01578121 1.35929634 1.0033554  1.00000408 1.23795462]

Iteration:  3700
Rhat values for alpha, beta, log(sigma^2), mean(xi), log(var(xi)), atanh(corr(xi, eta)):
[1.0177041  1.01897897 1.30854689 1.00258284 1.00000344 1.23209329]

Iteration:  3800
Rhat values for alpha, beta, log(sigma^2), mean(xi), log(var(xi)), atanh(corr(xi, eta)):
[1.01940097 1.02121106 1.27723817 1.00252566 1.00000323 1.22804938]

Iteration:  3900
Rhat values for alpha, beta, log(sigma^2), mean(xi), log(var(xi)), atanh(corr(xi, eta)):
[1.02036989 1.0232915  1.26518317 1.00255759 1.00000299 1.22855293]

Iteration:  4000
Rhat values for alpha, beta, log(sigma^2), mean(xi), log(var(xi)), atanh(corr(xi, eta)):
[1.02096874 1.02446804 1.2522809  1.00266237 1.00000295 1.22089277]

Iteration:  4100
Rhat values for alpha, beta, log(sigma^2), mean(xi), log(var(xi)), atanh(corr(xi, eta)):
[1.01865412 1.02198578 1.224674   1.00247241 1.00000282 1.19530407]

Iteration:  4200
Rhat values for alpha, beta, log(sigma^2), mean(xi), log(var(xi)), atanh(corr(xi, eta)):
[1.0193464  1.02278442 1.20065397 1.00275517 1.00000268 1.17736916]

Iteration:  4300
Rhat values for alpha, beta, log(sigma^2), mean(xi), log(var(xi)), atanh(corr(xi, eta)):
[1.02080657 1.02477257 1.16999231 1.00285015 1.00000246 1.15527125]

Iteration:  4400
Rhat values for alpha, beta, log(sigma^2), mean(xi), log(var(xi)), atanh(corr(xi, eta)):
[1.0207751  1.02520618 1.14707466 1.00317808 1.00000232 1.1366587 ]

Iteration:  4500
Rhat values for alpha, beta, log(sigma^2), mean(xi), log(var(xi)), atanh(corr(xi, eta)):
[1.02043759 1.02538069 1.13075547 1.00308946 1.00000218 1.1181048 ]

Iteration:  4600
Rhat values for alpha, beta, log(sigma^2), mean(xi), log(var(xi)), atanh(corr(xi, eta)):
[1.01895912 1.02429798 1.11203397 1.00231368 1.00000209 1.10237066]

Iteration:  4700
Rhat values for alpha, beta, log(sigma^2), mean(xi), log(var(xi)), atanh(corr(xi, eta)):
[1.01792713 1.02378393 1.10944789 1.00236812 0.99996845 1.10102784]

Iteration:  4800
Rhat values for alpha, beta, log(sigma^2), mean(xi), log(var(xi)), atanh(corr(xi, eta)):
[1.01586546 1.02274695 1.10574013 1.00233358 0.99996891 1.0956178 ]

Iteration:  4900
Rhat values for alpha, beta, log(sigma^2), mean(xi), log(var(xi)), atanh(corr(xi, eta)):
[1.0141393  1.02099955 1.10782539 1.00214208 0.99996954 1.09310457]

Iteration:  5000
Rhat values for alpha, beta, log(sigma^2), mean(xi), log(var(xi)), atanh(corr(xi, eta)):
[1.01293367 1.02003084 1.10477342 1.00242652 0.99997015 1.08681435]

Iteration:  5100
Rhat values for alpha, beta, log(sigma^2), mean(xi), log(var(xi)), atanh(corr(xi, eta)):
[1.01339234 1.0210399  1.10268951 1.0019603  0.99997076 1.08645362]

Iteration:  5200
Rhat values for alpha, beta, log(sigma^2), mean(xi), log(var(xi)), atanh(corr(xi, eta)):
[1.01615387 1.02419725 1.10335957 1.0018543  0.99997134 1.08774348]

Iteration:  5300
Rhat values for alpha, beta, log(sigma^2), mean(xi), log(var(xi)), atanh(corr(xi, eta)):
[1.01876964 1.02670853 1.10261048 1.00186656 0.99997184 1.08779278]

Iteration:  5400
Rhat values for alpha, beta, log(sigma^2), mean(xi), log(var(xi)), atanh(corr(xi, eta)):
[1.01964276 1.0270919  1.09637119 1.00173094 0.99997146 1.08280821]

Iteration:  5500
Rhat values for alpha, beta, log(sigma^2), mean(xi), log(var(xi)), atanh(corr(xi, eta)):
[1.02099815 1.02820667 1.09097066 1.00206413 0.99997195 1.07633545]

Iteration:  5600
Rhat values for alpha, beta, log(sigma^2), mean(xi), log(var(xi)), atanh(corr(xi, eta)):
[1.02066357 1.02795215 1.085944   1.00227081 0.99997242 1.07023792]

Iteration:  5700
Rhat values for alpha, beta, log(sigma^2), mean(xi), log(var(xi)), atanh(corr(xi, eta)):
[1.01953377 1.02709222 1.08363598 1.00203954 0.9999729  1.06615442]

Iteration:  5800
Rhat values for alpha, beta, log(sigma^2), mean(xi), log(var(xi)), atanh(corr(xi, eta)):
[1.01816095 1.02603731 1.07988033 1.00196018 0.99997355 1.06173493]

Iteration:  5900
Rhat values for alpha, beta, log(sigma^2), mean(xi), log(var(xi)), atanh(corr(xi, eta)):
[1.01719239 1.02462526 1.07490104 1.002003   0.99997405 1.05756244]

Iteration:  6000
Rhat values for alpha, beta, log(sigma^2), mean(xi), log(var(xi)), atanh(corr(xi, eta)):
[1.01548622 1.0225956  1.07238721 1.00214987 0.9999744  1.05705104]

Iteration:  6100
Rhat values for alpha, beta, log(sigma^2), mean(xi), log(var(xi)), atanh(corr(xi, eta)):
[1.01402866 1.02095332 1.06959671 1.002041   0.9999748  1.05751577]

Iteration:  6200
Rhat values for alpha, beta, log(sigma^2), mean(xi), log(var(xi)), atanh(corr(xi, eta)):
[1.01385712 1.0202741  1.07325951 1.00180064 0.99997515 1.06113558]

Iteration:  6300
Rhat values for alpha, beta, log(sigma^2), mean(xi), log(var(xi)), atanh(corr(xi, eta)):
[1.01421783 1.02049477 1.07896916 1.00108731 0.9999755  1.06363374]

Iteration:  6400
Rhat values for alpha, beta, log(sigma^2), mean(xi), log(var(xi)), atanh(corr(xi, eta)):
[1.01377256 1.01990972 1.0831966  1.00080654 0.99997581 1.06401595]

Iteration:  6500
Rhat values for alpha, beta, log(sigma^2), mean(xi), log(var(xi)), atanh(corr(xi, eta)):
[1.01264016 1.01839224 1.08499624 1.00059643 0.99997618 1.06357208]

Iteration:  6600
Rhat values for alpha, beta, log(sigma^2), mean(xi), log(var(xi)), atanh(corr(xi, eta)):
[1.0112021  1.01677535 1.08369472 1.00055304 0.99997659 1.06245376]

Iteration:  6700
Rhat values for alpha, beta, log(sigma^2), mean(xi), log(var(xi)), atanh(corr(xi, eta)):
[1.0105656  1.01626826 1.0818809  1.00038427 0.999977   1.06092951]

Iteration:  6800
Rhat values for alpha, beta, log(sigma^2), mean(xi), log(var(xi)), atanh(corr(xi, eta)):
[1.01008926 1.01581036 1.07739877 1.00040311 0.99997736 1.05718857]

Iteration:  6900
Rhat values for alpha, beta, log(sigma^2), mean(xi), log(var(xi)), atanh(corr(xi, eta)):
[1.01072736 1.01619493 1.0752929  1.00029765 0.99997755 1.05480419]

Iteration:  7000
Rhat values for alpha, beta, log(sigma^2), mean(xi), log(var(xi)), atanh(corr(xi, eta)):
[1.01237889 1.01813754 1.07176763 1.00036451 0.99997781 1.0515202 ]

Iteration:  7100
Rhat values for alpha, beta, log(sigma^2), mean(xi), log(var(xi)), atanh(corr(xi, eta)):
[1.01348964 1.0192027  1.06685829 1.00044164 0.99997803 1.04777715]

Iteration:  7200
Rhat values for alpha, beta, log(sigma^2), mean(xi), log(var(xi)), atanh(corr(xi, eta)):
[1.01515728 1.02084953 1.06201492 1.00058039 0.99997817 1.04550964]

Iteration:  7300
Rhat values for alpha, beta, log(sigma^2), mean(xi), log(var(xi)), atanh(corr(xi, eta)):
[1.015247   1.02201366 1.05964565 1.00098019 0.99997833 1.0455421 ]

Iteration:  7400
Rhat values for alpha, beta, log(sigma^2), mean(xi), log(var(xi)), atanh(corr(xi, eta)):
[1.01444996 1.02191097 1.05574178 1.00107573 0.99997864 1.04494733]

Iteration:  7500
Rhat values for alpha, beta, log(sigma^2), mean(xi), log(var(xi)), atanh(corr(xi, eta)):
[1.01480305 1.02263968 1.05360943 1.00127662 0.99997706 1.04519547]

Iteration:  7600
Rhat values for alpha, beta, log(sigma^2), mean(xi), log(var(xi)), atanh(corr(xi, eta)):
[1.01426988 1.02210718 1.05144813 1.00166427 0.99997726 1.04371997]

Iteration:  7700
Rhat values for alpha, beta, log(sigma^2), mean(xi), log(var(xi)), atanh(corr(xi, eta)):
[1.01261479 1.02009048 1.04768619 1.00181531 0.9999779  1.04158925]

Iteration:  7800
Rhat values for alpha, beta, log(sigma^2), mean(xi), log(var(xi)), atanh(corr(xi, eta)):
[1.0109189  1.018245   1.04459007 1.00188298 0.99997792 1.04019932]

Iteration:  7900
Rhat values for alpha, beta, log(sigma^2), mean(xi), log(var(xi)), atanh(corr(xi, eta)):
[1.01010494 1.01755845 1.04293735 1.00203525 0.9999781  1.03842506]

Iteration:  8000
Rhat values for alpha, beta, log(sigma^2), mean(xi), log(var(xi)), atanh(corr(xi, eta)):
[1.00963617 1.01726888 1.0428204  1.00214803 0.99997829 1.03951643]

Iteration:  8100
Rhat values for alpha, beta, log(sigma^2), mean(xi), log(var(xi)), atanh(corr(xi, eta)):
[1.00878522 1.01569164 1.04119258 1.00187351 0.99997852 1.03812372]

Iteration:  8200
Rhat values for alpha, beta, log(sigma^2), mean(xi), log(var(xi)), atanh(corr(xi, eta)):
[1.00823894 1.01466054 1.04025053 1.00194438 0.99997875 1.03689866]

Iteration:  8300
Rhat values for alpha, beta, log(sigma^2), mean(xi), log(var(xi)), atanh(corr(xi, eta)):
[1.00836057 1.0142709  1.03868237 1.00171708 0.99997903 1.03387025]

Iteration:  8400
Rhat values for alpha, beta, log(sigma^2), mean(xi), log(var(xi)), atanh(corr(xi, eta)):
[1.00852727 1.01427387 1.03733937 1.00165854 0.99997929 1.0307227 ]

Iteration:  8500
Rhat values for alpha, beta, log(sigma^2), mean(xi), log(var(xi)), atanh(corr(xi, eta)):
[1.00881831 1.01436326 1.03628916 1.00157268 0.99997948 1.02972089]

Iteration:  8600
Rhat values for alpha, beta, log(sigma^2), mean(xi), log(var(xi)), atanh(corr(xi, eta)):
[1.00968768 1.01474699 1.03453103 1.00156482 0.99997964 1.02836337]

Iteration:  8700
Rhat values for alpha, beta, log(sigma^2), mean(xi), log(var(xi)), atanh(corr(xi, eta)):
[1.00968572 1.01407038 1.03390645 1.00180739 0.99997985 1.02802993]

Iteration:  8800
Rhat values for alpha, beta, log(sigma^2), mean(xi), log(var(xi)), atanh(corr(xi, eta)):
[1.00926675 1.01321316 1.03211893 1.0019468  0.99998008 1.0275311 ]

Iteration:  8900
Rhat values for alpha, beta, log(sigma^2), mean(xi), log(var(xi)), atanh(corr(xi, eta)):
[1.00931785 1.01319419 1.03128583 1.00206202 0.9999803  1.0267065 ]

Iteration:  9000
Rhat values for alpha, beta, log(sigma^2), mean(xi), log(var(xi)), atanh(corr(xi, eta)):
[1.00882786 1.01244451 1.03125868 1.00191133 0.99998052 1.02581863]

Iteration:  9100
Rhat values for alpha, beta, log(sigma^2), mean(xi), log(var(xi)), atanh(corr(xi, eta)):
[1.0087702  1.0122849  1.03158158 1.00155559 0.99998077 1.02626028]

Iteration:  9200
Rhat values for alpha, beta, log(sigma^2), mean(xi), log(var(xi)), atanh(corr(xi, eta)):
[1.00809358 1.01154559 1.03152172 1.00149174 0.99998091 1.02544798]

Iteration:  9300
Rhat values for alpha, beta, log(sigma^2), mean(xi), log(var(xi)), atanh(corr(xi, eta)):
[1.00749011 1.01092646 1.03038856 1.00150084 0.99998113 1.02462432]

Iteration:  9400
Rhat values for alpha, beta, log(sigma^2), mean(xi), log(var(xi)), atanh(corr(xi, eta)):
[1.00669741 1.00989438 1.02831069 1.00154266 0.99998129 1.02378443]

Iteration:  9500
Rhat values for alpha, beta, log(sigma^2), mean(xi), log(var(xi)), atanh(corr(xi, eta)):
[1.00595513 1.00895067 1.02748683 1.00168958 0.99998135 1.02292595]

Iteration:  9600
Rhat values for alpha, beta, log(sigma^2), mean(xi), log(var(xi)), atanh(corr(xi, eta)):
[1.00531917 1.00832203 1.02727294 1.00166116 0.99998151 1.0224339 ]

Iteration:  9700
Rhat values for alpha, beta, log(sigma^2), mean(xi), log(var(xi)), atanh(corr(xi, eta)):
[1.00525261 1.00823573 1.02757448 1.00154603 0.99998178 1.02288315]

Iteration:  9800
Rhat values for alpha, beta, log(sigma^2), mean(xi), log(var(xi)), atanh(corr(xi, eta)):
[1.00548694 1.00847786 1.0280922  1.00162969 0.99998187 1.02329606]

Iteration:  9900
Rhat values for alpha, beta, log(sigma^2), mean(xi), log(var(xi)), atanh(corr(xi, eta)):
[1.00484787 1.00777544 1.02857986 1.00156261 0.99998203 1.02295852]

Iteration:  10000
Rhat values for alpha, beta, log(sigma^2), mean(xi), log(var(xi)), atanh(corr(xi, eta)):
[1.00392587 1.00650757 1.02739582 1.00174281 0.99998215 1.02164488]

Iteration:  10100
Rhat values for alpha, beta, log(sigma^2), mean(xi), log(var(xi)), atanh(corr(xi, eta)):
[1.00322237 1.00572188 1.02662565 1.00178397 0.99998228 1.0210359 ]

Iteration:  10200
Rhat values for alpha, beta, log(sigma^2), mean(xi), log(var(xi)), atanh(corr(xi, eta)):
[1.00308326 1.00535654 1.02759843 1.00205422 0.99998241 1.02097703]

Iteration:  10300
Rhat values for alpha, beta, log(sigma^2), mean(xi), log(var(xi)), atanh(corr(xi, eta)):
[1.00342512 1.00598632 1.0280834  1.00221638 0.99998257 1.02183197]

Iteration:  10400
Rhat values for alpha, beta, log(sigma^2), mean(xi), log(var(xi)), atanh(corr(xi, eta)):
[1.00355795 1.00631261 1.02883844 1.00236314 0.99998272 1.02297733]

Iteration:  10500
Rhat values for alpha, beta, log(sigma^2), mean(xi), log(var(xi)), atanh(corr(xi, eta)):
[1.00410357 1.00708701 1.02962644 1.00253023 0.99998289 1.02409836]

Iteration:  10600
Rhat values for alpha, beta, log(sigma^2), mean(xi), log(var(xi)), atanh(corr(xi, eta)):
[1.00449042 1.00754277 1.02955949 1.00243408 0.99998303 1.02397008]

Iteration:  10700
Rhat values for alpha, beta, log(sigma^2), mean(xi), log(var(xi)), atanh(corr(xi, eta)):
[1.00467551 1.0076626  1.03060422 1.00254459 0.99998317 1.02398386]

Iteration:  10800
Rhat values for alpha, beta, log(sigma^2), mean(xi), log(var(xi)), atanh(corr(xi, eta)):
[1.0051409  1.00820264 1.03237668 1.00260595 0.99998339 1.02466159]

Iteration:  10900
Rhat values for alpha, beta, log(sigma^2), mean(xi), log(var(xi)), atanh(corr(xi, eta)):
[1.00522738 1.00830701 1.03321569 1.00235007 0.99998361 1.02445122]

Iteration:  11000
Rhat values for alpha, beta, log(sigma^2), mean(xi), log(var(xi)), atanh(corr(xi, eta)):
[1.00506758 1.00788113 1.03350038 1.00240715 0.99998382 1.02359327]

Iteration:  11100
Rhat values for alpha, beta, log(sigma^2), mean(xi), log(var(xi)), atanh(corr(xi, eta)):
[1.00493965 1.00748516 1.03276231 1.00240458 0.99998395 1.02271287]

Iteration:  11200
Rhat values for alpha, beta, log(sigma^2), mean(xi), log(var(xi)), atanh(corr(xi, eta)):
[1.00557648 1.00799694 1.03278597 1.00283159 0.99998401 1.02266319]

Iteration:  11300
Rhat values for alpha, beta, log(sigma^2), mean(xi), log(var(xi)), atanh(corr(xi, eta)):
[1.00573413 1.00813455 1.03259447 1.00288272 0.99998411 1.02206922]

Iteration:  11400
Rhat values for alpha, beta, log(sigma^2), mean(xi), log(var(xi)), atanh(corr(xi, eta)):
[1.00520559 1.00784938 1.03217303 1.00287188 0.99998414 1.02205848]

Iteration:  11500
Rhat values for alpha, beta, log(sigma^2), mean(xi), log(var(xi)), atanh(corr(xi, eta)):
[1.00476044 1.00758261 1.03168246 1.00328531 0.9999842  1.02167805]

Iteration:  11600
Rhat values for alpha, beta, log(sigma^2), mean(xi), log(var(xi)), atanh(corr(xi, eta)):
[1.00432363 1.00710142 1.03171711 1.0032139  0.99998431 1.02177051]

Iteration:  11700
Rhat values for alpha, beta, log(sigma^2), mean(xi), log(var(xi)), atanh(corr(xi, eta)):
[1.00346561 1.00616355 1.03120446 1.00341784 0.99998435 1.0215469 ]

Iteration:  11800
Rhat values for alpha, beta, log(sigma^2), mean(xi), log(var(xi)), atanh(corr(xi, eta)):
[1.00337143 1.00596637 1.03008219 1.00368006 0.99998441 1.02075677]

Iteration:  11900
Rhat values for alpha, beta, log(sigma^2), mean(xi), log(var(xi)), atanh(corr(xi, eta)):
[1.00305974 1.00545966 1.02979972 1.00371077 0.99998452 1.02040412]

Iteration:  12000
Rhat values for alpha, beta, log(sigma^2), mean(xi), log(var(xi)), atanh(corr(xi, eta)):
[1.00279582 1.00510706 1.02932904 1.00332428 0.99998465 1.02010738]

Iteration:  12100
Rhat values for alpha, beta, log(sigma^2), mean(xi), log(var(xi)), atanh(corr(xi, eta)):
[1.00250148 1.00458175 1.02818918 1.00325108 0.99998475 1.01957438]

Iteration:  12200
Rhat values for alpha, beta, log(sigma^2), mean(xi), log(var(xi)), atanh(corr(xi, eta)):
[1.00260801 1.0045403  1.02742581 1.00313344 0.99998486 1.01917766]

Iteration:  12300
Rhat values for alpha, beta, log(sigma^2), mean(xi), log(var(xi)), atanh(corr(xi, eta)):
[1.00273659 1.00472858 1.02735376 1.00320484 0.99998496 1.01906411]

Iteration:  12400
Rhat values for alpha, beta, log(sigma^2), mean(xi), log(var(xi)), atanh(corr(xi, eta)):
[1.00296106 1.00498425 1.02793851 1.00323405 0.99998506 1.01889792]

Iteration:  12500
Rhat values for alpha, beta, log(sigma^2), mean(xi), log(var(xi)), atanh(corr(xi, eta)):
[1.00311088 1.00536593 1.02850857 1.00329239 0.99998514 1.01889711]

Iteration:  12600
Rhat values for alpha, beta, log(sigma^2), mean(xi), log(var(xi)), atanh(corr(xi, eta)):
[1.00356147 1.00614296 1.02846715 1.00316624 0.99998524 1.01899888]

Iteration:  12700
Rhat values for alpha, beta, log(sigma^2), mean(xi), log(var(xi)), atanh(corr(xi, eta)):
[1.00393165 1.00658502 1.02909546 1.00305399 0.99998535 1.01923044]

Iteration:  12800
Rhat values for alpha, beta, log(sigma^2), mean(xi), log(var(xi)), atanh(corr(xi, eta)):
[1.00392777 1.00639521 1.02937413 1.00287354 0.99998551 1.01854311]

Iteration:  12900
Rhat values for alpha, beta, log(sigma^2), mean(xi), log(var(xi)), atanh(corr(xi, eta)):
[1.00464197 1.00688827 1.02844345 1.00285314 0.99998557 1.01634387]

Iteration:  13000
Rhat values for alpha, beta, log(sigma^2), mean(xi), log(var(xi)), atanh(corr(xi, eta)):
[1.00496565 1.00690505 1.02801747 1.00295793 0.99998566 1.01485741]

Iteration:  13100
Rhat values for alpha, beta, log(sigma^2), mean(xi), log(var(xi)), atanh(corr(xi, eta)):
[1.00495125 1.00658008 1.02747223 1.00320006 0.99998578 1.01401384]

Iteration:  13200
Rhat values for alpha, beta, log(sigma^2), mean(xi), log(var(xi)), atanh(corr(xi, eta)):
[1.00480139 1.00636227 1.02699269 1.00318054 0.99998575 1.01376257]

Iteration:  13300
Rhat values for alpha, beta, log(sigma^2), mean(xi), log(var(xi)), atanh(corr(xi, eta)):
[1.00438576 1.00596044 1.02605096 1.0032306  0.99999559 1.0129484 ]

Iteration:  13400
Rhat values for alpha, beta, log(sigma^2), mean(xi), log(var(xi)), atanh(corr(xi, eta)):
[1.00412908 1.00580518 1.02433463 1.0033194  0.9999956  1.01176971]

Iteration:  13500
Rhat values for alpha, beta, log(sigma^2), mean(xi), log(var(xi)), atanh(corr(xi, eta)):
[1.00394196 1.0058005  1.02299665 1.00342835 0.99999562 1.01086809]

Iteration:  13600
Rhat values for alpha, beta, log(sigma^2), mean(xi), log(var(xi)), atanh(corr(xi, eta)):
[1.00372263 1.0055614  1.0226839  1.00326866 0.99999587 1.01057413]

Iteration:  13700
Rhat values for alpha, beta, log(sigma^2), mean(xi), log(var(xi)), atanh(corr(xi, eta)):
[1.00368326 1.00567708 1.02277641 1.00343709 0.99999583 1.01074037]

Iteration:  13800
Rhat values for alpha, beta, log(sigma^2), mean(xi), log(var(xi)), atanh(corr(xi, eta)):
[1.00384675 1.00586498 1.02385429 1.00373928 0.9999958  1.01108845]

Iteration:  13900
Rhat values for alpha, beta, log(sigma^2), mean(xi), log(var(xi)), atanh(corr(xi, eta)):
[1.00396993 1.00608697 1.02448975 1.00403942 0.99999576 1.01136521]

Iteration:  14000
Rhat values for alpha, beta, log(sigma^2), mean(xi), log(var(xi)), atanh(corr(xi, eta)):
[1.00406652 1.00630671 1.02483257 1.00453575 0.99999574 1.01138968]

Iteration:  14100
Rhat values for alpha, beta, log(sigma^2), mean(xi), log(var(xi)), atanh(corr(xi, eta)):
[1.0045514  1.00682347 1.02513347 1.0048361  0.99999575 1.01081137]

Iteration:  14200
Rhat values for alpha, beta, log(sigma^2), mean(xi), log(var(xi)), atanh(corr(xi, eta)):
[1.00475523 1.00706354 1.02554667 1.00486517 0.9999958  1.01086488]

Iteration:  14300
Rhat values for alpha, beta, log(sigma^2), mean(xi), log(var(xi)), atanh(corr(xi, eta)):
[1.0049691  1.00716884 1.02563773 1.00464695 0.99999583 1.01101161]

Iteration:  14400
Rhat values for alpha, beta, log(sigma^2), mean(xi), log(var(xi)), atanh(corr(xi, eta)):
[1.00471032 1.00690045 1.02483918 1.00442811 0.99999588 1.01138224]

Iteration:  14500
Rhat values for alpha, beta, log(sigma^2), mean(xi), log(var(xi)), atanh(corr(xi, eta)):
[1.00517188 1.00743738 1.02448333 1.00433421 0.99999551 1.01187628]

Iteration:  14600
Rhat values for alpha, beta, log(sigma^2), mean(xi), log(var(xi)), atanh(corr(xi, eta)):
[1.00528373 1.00757433 1.02432582 1.00374506 0.99999557 1.01219635]

Iteration:  14700
Rhat values for alpha, beta, log(sigma^2), mean(xi), log(var(xi)), atanh(corr(xi, eta)):
[1.00538985 1.00768176 1.02425588 1.00374792 0.99999562 1.01238239]

Iteration:  14800
Rhat values for alpha, beta, log(sigma^2), mean(xi), log(var(xi)), atanh(corr(xi, eta)):
[1.00576363 1.00814933 1.02368616 1.00385079 0.99999566 1.01217582]

Iteration:  14900
Rhat values for alpha, beta, log(sigma^2), mean(xi), log(var(xi)), atanh(corr(xi, eta)):
[1.00572632 1.00822838 1.02301126 1.00373699 0.99999575 1.01152706]

Iteration:  15000
Rhat values for alpha, beta, log(sigma^2), mean(xi), log(var(xi)), atanh(corr(xi, eta)):
[1.00560745 1.00822615 1.0219953  1.00382247 0.99999581 1.01114356]

Iteration:  15100
Rhat values for alpha, beta, log(sigma^2), mean(xi), log(var(xi)), atanh(corr(xi, eta)):
[1.00534439 1.00803212 1.02108078 1.00382133 0.99999583 1.01101273]

Iteration:  15200
Rhat values for alpha, beta, log(sigma^2), mean(xi), log(var(xi)), atanh(corr(xi, eta)):
[1.00545559 1.00837375 1.02037069 1.00373187 0.99999586 1.01087706]

Iteration:  15300
Rhat values for alpha, beta, log(sigma^2), mean(xi), log(var(xi)), atanh(corr(xi, eta)):
[1.00588254 1.00918107 1.02004502 1.00359574 0.99999587 1.01088473]

Iteration:  15400
Rhat values for alpha, beta, log(sigma^2), mean(xi), log(var(xi)), atanh(corr(xi, eta)):
[1.00646463 1.00997251 1.0202404  1.00350371 0.99999587 1.01093534]

Iteration:  15500
Rhat values for alpha, beta, log(sigma^2), mean(xi), log(var(xi)), atanh(corr(xi, eta)):
[1.00640146 1.0098567  1.0203698  1.00336029 0.99999598 1.01075027]

Iteration:  15600
Rhat values for alpha, beta, log(sigma^2), mean(xi), log(var(xi)), atanh(corr(xi, eta)):
[1.00630388 1.00967133 1.02081185 1.00326264 0.99999509 1.0102723 ]

Iteration:  15700
Rhat values for alpha, beta, log(sigma^2), mean(xi), log(var(xi)), atanh(corr(xi, eta)):
[1.00644743 1.00976327 1.02043884 1.00335043 0.99999509 1.00994191]

Iteration:  15800
Rhat values for alpha, beta, log(sigma^2), mean(xi), log(var(xi)), atanh(corr(xi, eta)):
[1.00670205 1.01015197 1.02085103 1.00349237 0.99999509 1.01049166]

Iteration:  15900
Rhat values for alpha, beta, log(sigma^2), mean(xi), log(var(xi)), atanh(corr(xi, eta)):
[1.00699005 1.01048026 1.02161932 1.00362119 0.99999506 1.01094365]

Iteration:  16000
Rhat values for alpha, beta, log(sigma^2), mean(xi), log(var(xi)), atanh(corr(xi, eta)):
[1.00674035 1.01005684 1.0218494  1.00352114 0.99999508 1.01156662]

Iteration:  16100
Rhat values for alpha, beta, log(sigma^2), mean(xi), log(var(xi)), atanh(corr(xi, eta)):
[1.00666494 1.01008356 1.02205265 1.00362685 0.99999512 1.01242177]

Iteration:  16200
Rhat values for alpha, beta, log(sigma^2), mean(xi), log(var(xi)), atanh(corr(xi, eta)):
[1.00685639 1.01019052 1.02219737 1.00369778 0.99999516 1.01298388]

Iteration:  16300
Rhat values for alpha, beta, log(sigma^2), mean(xi), log(var(xi)), atanh(corr(xi, eta)):
[1.00716022 1.01027232 1.02269822 1.00362876 0.99999521 1.01353458]

Iteration:  16400
Rhat values for alpha, beta, log(sigma^2), mean(xi), log(var(xi)), atanh(corr(xi, eta)):
[1.00735961 1.01040861 1.0230895  1.00356098 0.99999522 1.01438491]

Iteration:  16500
Rhat values for alpha, beta, log(sigma^2), mean(xi), log(var(xi)), atanh(corr(xi, eta)):
[1.00710951 1.0100394  1.02301078 1.00333157 0.99999524 1.01463597]

Iteration:  16600
Rhat values for alpha, beta, log(sigma^2), mean(xi), log(var(xi)), atanh(corr(xi, eta)):
[1.0072898  1.01013411 1.02343509 1.00323184 0.99999523 1.01521538]

Iteration:  16700
Rhat values for alpha, beta, log(sigma^2), mean(xi), log(var(xi)), atanh(corr(xi, eta)):
[1.00759061 1.0104409  1.02356865 1.00312712 0.9999762  1.014879  ]

Iteration:  16800
Rhat values for alpha, beta, log(sigma^2), mean(xi), log(var(xi)), atanh(corr(xi, eta)):
[1.0078238  1.01067604 1.02335353 1.00297047 0.99997633 1.01415187]

Iteration:  16900
Rhat values for alpha, beta, log(sigma^2), mean(xi), log(var(xi)), atanh(corr(xi, eta)):
[1.00785878 1.01069473 1.02365976 1.00294999 0.99997647 1.01396759]

Iteration:  17000
Rhat values for alpha, beta, log(sigma^2), mean(xi), log(var(xi)), atanh(corr(xi, eta)):
[1.00768969 1.01052334 1.02393614 1.0026897  0.99997668 1.01443375]

Iteration:  17100
Rhat values for alpha, beta, log(sigma^2), mean(xi), log(var(xi)), atanh(corr(xi, eta)):
[1.00761609 1.01040219 1.02405717 1.00258412 0.9999768  1.01484925]

Iteration:  17200
Rhat values for alpha, beta, log(sigma^2), mean(xi), log(var(xi)), atanh(corr(xi, eta)):
[1.00743646 1.01013764 1.02370134 1.0024666  0.99997699 1.01498517]

Iteration:  17300
Rhat values for alpha, beta, log(sigma^2), mean(xi), log(var(xi)), atanh(corr(xi, eta)):
[1.00705669 1.00976708 1.0236746  1.00246123 0.99997714 1.01526939]

Iteration:  17400
Rhat values for alpha, beta, log(sigma^2), mean(xi), log(var(xi)), atanh(corr(xi, eta)):
[1.00672613 1.00935553 1.02413003 1.00256086 0.99997727 1.01551087]

Iteration:  17500
Rhat values for alpha, beta, log(sigma^2), mean(xi), log(var(xi)), atanh(corr(xi, eta)):
[1.00623257 1.0087621  1.0239133  1.00255393 0.9999774  1.01538891]

Iteration:  17600
Rhat values for alpha, beta, log(sigma^2), mean(xi), log(var(xi)), atanh(corr(xi, eta)):
[1.00603973 1.00875467 1.02283491 1.0024774  0.99997749 1.01512063]

Iteration:  17700
Rhat values for alpha, beta, log(sigma^2), mean(xi), log(var(xi)), atanh(corr(xi, eta)):
[1.00583522 1.00854645 1.02128549 1.00243796 0.99997762 1.0144484 ]

Iteration:  17800
Rhat values for alpha, beta, log(sigma^2), mean(xi), log(var(xi)), atanh(corr(xi, eta)):
[1.00602715 1.00880178 1.01907772 1.00250727 0.99997774 1.01351859]

Iteration:  17900
Rhat values for alpha, beta, log(sigma^2), mean(xi), log(var(xi)), atanh(corr(xi, eta)):
[1.00601248 1.00880163 1.01649932 1.00256552 0.99997787 1.01243989]

Iteration:  18000
Rhat values for alpha, beta, log(sigma^2), mean(xi), log(var(xi)), atanh(corr(xi, eta)):
[1.00528159 1.00804427 1.0149259  1.00275952 0.99997799 1.01164445]

Iteration:  18100
Rhat values for alpha, beta, log(sigma^2), mean(xi), log(var(xi)), atanh(corr(xi, eta)):
[1.00451964 1.00722996 1.0136434  1.00285439 0.99997812 1.01067819]

Iteration:  18200
Rhat values for alpha, beta, log(sigma^2), mean(xi), log(var(xi)), atanh(corr(xi, eta)):
[1.0038598  1.00652537 1.0127452  1.0029454  0.99996596 1.01007553]

Iteration:  18300
Rhat values for alpha, beta, log(sigma^2), mean(xi), log(var(xi)), atanh(corr(xi, eta)):
[1.00350044 1.0060506  1.01249144 1.00311067 0.99996614 1.01001414]

Iteration:  18400
Rhat values for alpha, beta, log(sigma^2), mean(xi), log(var(xi)), atanh(corr(xi, eta)):
[1.00343279 1.00586851 1.0121718  1.00318738 0.99996633 1.01007142]

Iteration:  18500
Rhat values for alpha, beta, log(sigma^2), mean(xi), log(var(xi)), atanh(corr(xi, eta)):
[1.00377468 1.00631712 1.0116462  1.00310821 0.99996652 1.00992423]

Iteration:  18600
Rhat values for alpha, beta, log(sigma^2), mean(xi), log(var(xi)), atanh(corr(xi, eta)):
[1.00395113 1.00660459 1.01095607 1.00297584 0.99996671 1.00947614]

Iteration:  18700
Rhat values for alpha, beta, log(sigma^2), mean(xi), log(var(xi)), atanh(corr(xi, eta)):
[1.00371203 1.0064351  1.01013608 1.00293208 0.99996688 1.00872506]

Iteration:  18800
Rhat values for alpha, beta, log(sigma^2), mean(xi), log(var(xi)), atanh(corr(xi, eta)):
[1.00386457 1.00670708 1.0099587  1.0029469  0.99996708 1.00868848]

Iteration:  18900
Rhat values for alpha, beta, log(sigma^2), mean(xi), log(var(xi)), atanh(corr(xi, eta)):
[1.00395197 1.00690887 1.00998369 1.00284106 0.99996726 1.00869053]

Iteration:  19000
Rhat values for alpha, beta, log(sigma^2), mean(xi), log(var(xi)), atanh(corr(xi, eta)):
[1.004272   1.00720229 1.00988641 1.00273565 0.99996744 1.00867506]

Iteration:  19100
Rhat values for alpha, beta, log(sigma^2), mean(xi), log(var(xi)), atanh(corr(xi, eta)):
[1.00451916 1.00747073 1.00997214 1.0027296  0.99996761 1.00892888]

Iteration:  19200
Rhat values for alpha, beta, log(sigma^2), mean(xi), log(var(xi)), atanh(corr(xi, eta)):
[1.00460524 1.00759877 1.00990048 1.00281026 0.99996777 1.00895833]

Iteration:  19300
Rhat values for alpha, beta, log(sigma^2), mean(xi), log(var(xi)), atanh(corr(xi, eta)):
[1.00452272 1.00741121 1.00968421 1.00256906 0.99996795 1.00903695]

Iteration:  19400
Rhat values for alpha, beta, log(sigma^2), mean(xi), log(var(xi)), atanh(corr(xi, eta)):
[1.00492733 1.00796368 1.00961174 1.00259011 0.99996813 1.00935779]

Iteration:  19500
Rhat values for alpha, beta, log(sigma^2), mean(xi), log(var(xi)), atanh(corr(xi, eta)):
[1.00502339 1.00815386 1.00967324 1.00250409 0.9999683  1.00970055]

Iteration:  19600
Rhat values for alpha, beta, log(sigma^2), mean(xi), log(var(xi)), atanh(corr(xi, eta)):
[1.00492539 1.00800809 1.00941196 1.00250568 0.99996846 1.00953917]

Iteration:  19700
Rhat values for alpha, beta, log(sigma^2), mean(xi), log(var(xi)), atanh(corr(xi, eta)):
[1.00471312 1.00763645 1.0093037  1.00242771 0.99996863 1.00935667]

Iteration:  19800
Rhat values for alpha, beta, log(sigma^2), mean(xi), log(var(xi)), atanh(corr(xi, eta)):
[1.0044921  1.00721739 1.00957904 1.00236202 0.99996878 1.00941821]

Iteration:  19900
Rhat values for alpha, beta, log(sigma^2), mean(xi), log(var(xi)), atanh(corr(xi, eta)):
[1.00396027 1.00640379 1.00940676 1.0022414  0.99996894 1.00899178]

Iteration:  20000
Rhat values for alpha, beta, log(sigma^2), mean(xi), log(var(xi)), atanh(corr(xi, eta)):
[1.00340274 1.00548499 1.00934203 1.00225043 0.9999691  1.00867478]
{"name": "G11_first_hr_tripp_error_no_covadd_0.3", "n": 176, "mean": -0.023723227329265763, "sd": 0.011693252669723103, "median": -0.02392252728358471, "q16_84": [-0.03529404599140218, -0.012092324894586911], "q025_975": [-0.046553585804791145, -0.0010571988349229525], "p_negative": 0.98105, "scatter_mean": 0.02638424209480085, "retained_draws": 40000, "seed": 20260926, "rhat_retained": {"alpha": 1.0160390085468824, "beta": 1.0174448030214367, "sigsqr": 1.0128621442038643}}
START G11_first_hr_tripp_error_no_covadd_0.35 192

Iteration:  100
Rhat values for alpha, beta, log(sigma^2), mean(xi), log(var(xi)), atanh(corr(xi, eta)):
[1.04470441 1.04954652 1.00117194 1.04468141 1.01723443 1.13849212]

Iteration:  200
Rhat values for alpha, beta, log(sigma^2), mean(xi), log(var(xi)), atanh(corr(xi, eta)):
[1.05047927 1.04948526 1.01689943 1.01676475 1.02699885 1.07173448]

Iteration:  300
Rhat values for alpha, beta, log(sigma^2), mean(xi), log(var(xi)), atanh(corr(xi, eta)):
[1.01895982 1.01718025 1.03916717 1.00111172 1.02153525 1.02602679]

Iteration:  400
Rhat values for alpha, beta, log(sigma^2), mean(xi), log(var(xi)), atanh(corr(xi, eta)):
[1.00683805 1.00561327 1.05309347 1.00030317 1.01063688 1.00377641]

Iteration:  500
Rhat values for alpha, beta, log(sigma^2), mean(xi), log(var(xi)), atanh(corr(xi, eta)):
[1.00118811 1.00003629 1.07685848 0.99997316 1.02046884 1.02192043]

Iteration:  600
Rhat values for alpha, beta, log(sigma^2), mean(xi), log(var(xi)), atanh(corr(xi, eta)):
[1.00881726 1.00536563 1.09236499 1.00042878 1.01826792 1.02177819]

Iteration:  700
Rhat values for alpha, beta, log(sigma^2), mean(xi), log(var(xi)), atanh(corr(xi, eta)):
[1.01887523 1.0125936  1.0946807  1.00318522 1.01186045 1.01616757]

Iteration:  800
Rhat values for alpha, beta, log(sigma^2), mean(xi), log(var(xi)), atanh(corr(xi, eta)):
[1.01988106 1.01354041 1.05924164 1.00319725 1.00493726 1.02643821]

Iteration:  900
Rhat values for alpha, beta, log(sigma^2), mean(xi), log(var(xi)), atanh(corr(xi, eta)):
[1.02042291 1.01309777 1.07401584 1.00473103 1.00377149 1.04144006]

Iteration:  1000
Rhat values for alpha, beta, log(sigma^2), mean(xi), log(var(xi)), atanh(corr(xi, eta)):
[1.01965135 1.0135907  1.10106018 1.00747258 1.00442939 1.07436012]

Iteration:  1100
Rhat values for alpha, beta, log(sigma^2), mean(xi), log(var(xi)), atanh(corr(xi, eta)):
[1.01294195 1.00897451 1.09864676 1.01221083 1.01482893 1.07718403]

Iteration:  1200
Rhat values for alpha, beta, log(sigma^2), mean(xi), log(var(xi)), atanh(corr(xi, eta)):
[1.00759712 1.004989   1.08472041 1.0173944  1.01589774 1.04802447]

Iteration:  1300
Rhat values for alpha, beta, log(sigma^2), mean(xi), log(var(xi)), atanh(corr(xi, eta)):
[1.00951844 1.00649818 1.08372025 1.01375499 1.01526896 1.03637413]

Iteration:  1400
Rhat values for alpha, beta, log(sigma^2), mean(xi), log(var(xi)), atanh(corr(xi, eta)):
[1.0119731  1.00948029 1.08320611 1.01029803 1.01535172 1.04587405]

Iteration:  1500
Rhat values for alpha, beta, log(sigma^2), mean(xi), log(var(xi)), atanh(corr(xi, eta)):
[1.01664432 1.01409429 1.08581637 1.0083624  1.0162346  1.05774282]

Iteration:  1600
Rhat values for alpha, beta, log(sigma^2), mean(xi), log(var(xi)), atanh(corr(xi, eta)):
[1.01667301 1.01473032 1.07415197 1.00774372 1.01982468 1.05604047]

Iteration:  1700
Rhat values for alpha, beta, log(sigma^2), mean(xi), log(var(xi)), atanh(corr(xi, eta)):
[1.01349632 1.01340094 1.07132249 1.00795727 1.01955086 1.0597681 ]

Iteration:  1800
Rhat values for alpha, beta, log(sigma^2), mean(xi), log(var(xi)), atanh(corr(xi, eta)):
[1.01239452 1.01191301 1.06981904 1.01014402 1.01993483 1.05641559]

Iteration:  1900
Rhat values for alpha, beta, log(sigma^2), mean(xi), log(var(xi)), atanh(corr(xi, eta)):
[1.01322304 1.01272858 1.06886941 1.00791194 1.01996291 1.05472156]

Iteration:  2000
Rhat values for alpha, beta, log(sigma^2), mean(xi), log(var(xi)), atanh(corr(xi, eta)):
[1.01468219 1.01544465 1.0765747  1.01097058 1.01707306 1.06132011]

Iteration:  2100
Rhat values for alpha, beta, log(sigma^2), mean(xi), log(var(xi)), atanh(corr(xi, eta)):
[1.01377956 1.01434285 1.09198232 1.01582872 1.01657412 1.0682174 ]

Iteration:  2200
Rhat values for alpha, beta, log(sigma^2), mean(xi), log(var(xi)), atanh(corr(xi, eta)):
[1.01127545 1.01216643 1.09930278 1.01503201 1.01400288 1.07192192]

Iteration:  2300
Rhat values for alpha, beta, log(sigma^2), mean(xi), log(var(xi)), atanh(corr(xi, eta)):
[1.00940792 1.01050284 1.09392166 1.01250117 1.01362178 1.06395105]

Iteration:  2400
Rhat values for alpha, beta, log(sigma^2), mean(xi), log(var(xi)), atanh(corr(xi, eta)):
[1.00845515 1.00958105 1.08659857 1.00875888 1.01250654 1.06239403]

Iteration:  2500
Rhat values for alpha, beta, log(sigma^2), mean(xi), log(var(xi)), atanh(corr(xi, eta)):
[1.00646451 1.00652777 1.07250261 1.00737837 1.01263581 1.05406102]

Iteration:  2600
Rhat values for alpha, beta, log(sigma^2), mean(xi), log(var(xi)), atanh(corr(xi, eta)):
[1.00572724 1.0051101  1.0644163  1.0072021  1.01398801 1.05060917]

Iteration:  2700
Rhat values for alpha, beta, log(sigma^2), mean(xi), log(var(xi)), atanh(corr(xi, eta)):
[1.00578077 1.00475994 1.06265801 1.00674421 1.01270369 1.04930692]

Iteration:  2800
Rhat values for alpha, beta, log(sigma^2), mean(xi), log(var(xi)), atanh(corr(xi, eta)):
[1.00730637 1.00615336 1.05836841 1.0077404  1.01344372 1.05237332]

Iteration:  2900
Rhat values for alpha, beta, log(sigma^2), mean(xi), log(var(xi)), atanh(corr(xi, eta)):
[1.00801451 1.00730466 1.05804436 1.00927463 1.01432729 1.0500835 ]

Iteration:  3000
Rhat values for alpha, beta, log(sigma^2), mean(xi), log(var(xi)), atanh(corr(xi, eta)):
[1.00805249 1.00754101 1.05999837 1.01018764 1.01525977 1.04565567]

Iteration:  3100
Rhat values for alpha, beta, log(sigma^2), mean(xi), log(var(xi)), atanh(corr(xi, eta)):
[1.00752082 1.0067708  1.05835577 1.01198364 1.01477567 1.03913794]

Iteration:  3200
Rhat values for alpha, beta, log(sigma^2), mean(xi), log(var(xi)), atanh(corr(xi, eta)):
[1.00752192 1.00612626 1.05525299 1.01141221 1.01273915 1.03226263]

Iteration:  3300
Rhat values for alpha, beta, log(sigma^2), mean(xi), log(var(xi)), atanh(corr(xi, eta)):
[1.00679568 1.00505505 1.0536721  1.01137956 1.0132075  1.02810953]

Iteration:  3400
Rhat values for alpha, beta, log(sigma^2), mean(xi), log(var(xi)), atanh(corr(xi, eta)):
[1.00553605 1.00373977 1.05675157 1.01032626 1.01360848 1.02811243]

Iteration:  3500
Rhat values for alpha, beta, log(sigma^2), mean(xi), log(var(xi)), atanh(corr(xi, eta)):
[1.00444198 1.00265923 1.05323279 1.01099054 1.01472509 1.03072472]

Iteration:  3600
Rhat values for alpha, beta, log(sigma^2), mean(xi), log(var(xi)), atanh(corr(xi, eta)):
[1.00394675 1.0023814  1.04445458 1.01159777 1.01613059 1.03260642]

Iteration:  3700
Rhat values for alpha, beta, log(sigma^2), mean(xi), log(var(xi)), atanh(corr(xi, eta)):
[1.00346432 1.0021869  1.04688659 1.01100633 1.01633621 1.03546942]

Iteration:  3800
Rhat values for alpha, beta, log(sigma^2), mean(xi), log(var(xi)), atanh(corr(xi, eta)):
[1.00294027 1.00218937 1.05082389 1.00871236 1.01364065 1.03899695]

Iteration:  3900
Rhat values for alpha, beta, log(sigma^2), mean(xi), log(var(xi)), atanh(corr(xi, eta)):
[1.00368267 1.00330029 1.05561909 1.00777759 1.0135661  1.04590855]

Iteration:  4000
Rhat values for alpha, beta, log(sigma^2), mean(xi), log(var(xi)), atanh(corr(xi, eta)):
[1.0048194  1.00473922 1.05953663 1.00841461 1.0053688  1.05074142]

Iteration:  4100
Rhat values for alpha, beta, log(sigma^2), mean(xi), log(var(xi)), atanh(corr(xi, eta)):
[1.00666341 1.00709705 1.05756552 1.00907037 1.00541752 1.05427239]

Iteration:  4200
Rhat values for alpha, beta, log(sigma^2), mean(xi), log(var(xi)), atanh(corr(xi, eta)):
[1.00762874 1.0084033  1.05618676 1.0085892  1.00469718 1.05533036]

Iteration:  4300
Rhat values for alpha, beta, log(sigma^2), mean(xi), log(var(xi)), atanh(corr(xi, eta)):
[1.0074807  1.00855742 1.05349823 1.00765634 1.00424269 1.0533518 ]

Iteration:  4400
Rhat values for alpha, beta, log(sigma^2), mean(xi), log(var(xi)), atanh(corr(xi, eta)):
[1.00732802 1.00817192 1.05302884 1.00753479 1.00433085 1.04979972]

Iteration:  4500
Rhat values for alpha, beta, log(sigma^2), mean(xi), log(var(xi)), atanh(corr(xi, eta)):
[1.00925243 1.01001332 1.05388032 1.00779242 1.00464546 1.04928283]

Iteration:  4600
Rhat values for alpha, beta, log(sigma^2), mean(xi), log(var(xi)), atanh(corr(xi, eta)):
[1.01167942 1.01299464 1.04993336 1.00724973 1.0044761  1.05010453]

Iteration:  4700
Rhat values for alpha, beta, log(sigma^2), mean(xi), log(var(xi)), atanh(corr(xi, eta)):
[1.01455604 1.01604285 1.04647457 1.00721071 1.00454869 1.0502976 ]

Iteration:  4800
Rhat values for alpha, beta, log(sigma^2), mean(xi), log(var(xi)), atanh(corr(xi, eta)):
[1.01364937 1.01535338 1.04033176 1.00677604 1.00409407 1.04372439]

Iteration:  4900
Rhat values for alpha, beta, log(sigma^2), mean(xi), log(var(xi)), atanh(corr(xi, eta)):
[1.01362928 1.01547133 1.03979882 1.00665536 1.00441386 1.04346317]

Iteration:  5000
Rhat values for alpha, beta, log(sigma^2), mean(xi), log(var(xi)), atanh(corr(xi, eta)):
[1.01582639 1.01813092 1.04296888 1.00629276 1.00448609 1.04944271]

Iteration:  5100
Rhat values for alpha, beta, log(sigma^2), mean(xi), log(var(xi)), atanh(corr(xi, eta)):
[1.01881015 1.02073795 1.04604083 1.00660242 1.00454128 1.05367089]

Iteration:  5200
Rhat values for alpha, beta, log(sigma^2), mean(xi), log(var(xi)), atanh(corr(xi, eta)):
[1.02071369 1.02279152 1.05010485 1.0057681  1.00397941 1.05840555]

Iteration:  5300
Rhat values for alpha, beta, log(sigma^2), mean(xi), log(var(xi)), atanh(corr(xi, eta)):
[1.0191808  1.02135025 1.05600333 1.00448256 1.00354421 1.06190582]

Iteration:  5400
Rhat values for alpha, beta, log(sigma^2), mean(xi), log(var(xi)), atanh(corr(xi, eta)):
[1.01771635 1.02017698 1.06003891 1.00390339 1.00368259 1.06382551]

Iteration:  5500
Rhat values for alpha, beta, log(sigma^2), mean(xi), log(var(xi)), atanh(corr(xi, eta)):
[1.01653157 1.01850656 1.06307828 1.00291932 1.00396089 1.06265037]

Iteration:  5600
Rhat values for alpha, beta, log(sigma^2), mean(xi), log(var(xi)), atanh(corr(xi, eta)):
[1.01491658 1.01684656 1.06670003 1.00263424 1.00378657 1.06245581]

Iteration:  5700
Rhat values for alpha, beta, log(sigma^2), mean(xi), log(var(xi)), atanh(corr(xi, eta)):
[1.01321574 1.0146276  1.06847437 1.002803   1.00346597 1.06143655]

Iteration:  5800
Rhat values for alpha, beta, log(sigma^2), mean(xi), log(var(xi)), atanh(corr(xi, eta)):
[1.01299217 1.01473068 1.06652932 1.00252827 1.00011537 1.06288588]

Iteration:  5900
Rhat values for alpha, beta, log(sigma^2), mean(xi), log(var(xi)), atanh(corr(xi, eta)):
[1.01243092 1.01446071 1.06748833 1.00221235 1.0001096  1.06404438]

Iteration:  6000
Rhat values for alpha, beta, log(sigma^2), mean(xi), log(var(xi)), atanh(corr(xi, eta)):
[1.01342407 1.01566036 1.06871031 1.00165384 1.00009996 1.0674417 ]

Iteration:  6100
Rhat values for alpha, beta, log(sigma^2), mean(xi), log(var(xi)), atanh(corr(xi, eta)):
[1.01363247 1.01555228 1.06667989 1.00152794 1.00009766 1.06822513]

Iteration:  6200
Rhat values for alpha, beta, log(sigma^2), mean(xi), log(var(xi)), atanh(corr(xi, eta)):
[1.01418503 1.01607567 1.06123436 1.00168978 1.00009821 1.06674657]

Iteration:  6300
Rhat values for alpha, beta, log(sigma^2), mean(xi), log(var(xi)), atanh(corr(xi, eta)):
[1.01452381 1.01698628 1.05767396 1.001611   1.00009231 1.06731097]

Iteration:  6400
Rhat values for alpha, beta, log(sigma^2), mean(xi), log(var(xi)), atanh(corr(xi, eta)):
[1.01294003 1.0159443  1.05764266 1.00163025 1.00008915 1.06684298]

Iteration:  6500
Rhat values for alpha, beta, log(sigma^2), mean(xi), log(var(xi)), atanh(corr(xi, eta)):
[1.01316445 1.01635963 1.0588673  1.0012631  1.00007935 1.06764292]

Iteration:  6600
Rhat values for alpha, beta, log(sigma^2), mean(xi), log(var(xi)), atanh(corr(xi, eta)):
[1.01262793 1.01563238 1.05842115 1.00104454 1.00007975 1.06501634]

Iteration:  6700
Rhat values for alpha, beta, log(sigma^2), mean(xi), log(var(xi)), atanh(corr(xi, eta)):
[1.01303012 1.01576411 1.05968163 1.00088821 1.00008866 1.06365144]

Iteration:  6800
Rhat values for alpha, beta, log(sigma^2), mean(xi), log(var(xi)), atanh(corr(xi, eta)):
[1.01222755 1.01512361 1.06156412 1.00093562 1.00008684 1.06357074]

Iteration:  6900
Rhat values for alpha, beta, log(sigma^2), mean(xi), log(var(xi)), atanh(corr(xi, eta)):
[1.01104706 1.01411204 1.06136414 1.00123752 1.00007421 1.06066258]

Iteration:  7000
Rhat values for alpha, beta, log(sigma^2), mean(xi), log(var(xi)), atanh(corr(xi, eta)):
[1.01009483 1.01330271 1.06318711 1.00126649 1.00006789 1.05919505]

Iteration:  7100
Rhat values for alpha, beta, log(sigma^2), mean(xi), log(var(xi)), atanh(corr(xi, eta)):
[1.00935904 1.01242183 1.0633454  1.00115291 1.00006425 1.0586315 ]

Iteration:  7200
Rhat values for alpha, beta, log(sigma^2), mean(xi), log(var(xi)), atanh(corr(xi, eta)):
[1.0094615  1.01241679 1.06428299 1.00126022 1.00006423 1.06043605]

Iteration:  7300
Rhat values for alpha, beta, log(sigma^2), mean(xi), log(var(xi)), atanh(corr(xi, eta)):
[1.00981611 1.01295202 1.06605699 1.00119924 1.00006128 1.06532045]

Iteration:  7400
Rhat values for alpha, beta, log(sigma^2), mean(xi), log(var(xi)), atanh(corr(xi, eta)):
[1.01068372 1.01396443 1.06609738 1.00149484 0.99996404 1.06660405]

Iteration:  7500
Rhat values for alpha, beta, log(sigma^2), mean(xi), log(var(xi)), atanh(corr(xi, eta)):
[1.01133193 1.01413377 1.06347904 1.0015693  0.99996438 1.06345553]

Iteration:  7600
Rhat values for alpha, beta, log(sigma^2), mean(xi), log(var(xi)), atanh(corr(xi, eta)):
[1.01148611 1.01386268 1.06410887 1.00149249 0.99996923 1.06348503]

Iteration:  7700
Rhat values for alpha, beta, log(sigma^2), mean(xi), log(var(xi)), atanh(corr(xi, eta)):
[1.01195257 1.01425983 1.06531564 1.00118822 0.99996999 1.06581589]

Iteration:  7800
Rhat values for alpha, beta, log(sigma^2), mean(xi), log(var(xi)), atanh(corr(xi, eta)):
[1.01250059 1.01451422 1.0675803  1.00104229 0.99997007 1.06666053]

Iteration:  7900
Rhat values for alpha, beta, log(sigma^2), mean(xi), log(var(xi)), atanh(corr(xi, eta)):
[1.01199523 1.014026   1.06669035 1.0011883  0.99997179 1.06484526]

Iteration:  8000
Rhat values for alpha, beta, log(sigma^2), mean(xi), log(var(xi)), atanh(corr(xi, eta)):
[1.01067397 1.01244731 1.06414236 1.00126687 0.99997126 1.06031468]

Iteration:  8100
Rhat values for alpha, beta, log(sigma^2), mean(xi), log(var(xi)), atanh(corr(xi, eta)):
[1.01000022 1.01154724 1.06296366 1.00108894 0.99997007 1.0580021 ]

Iteration:  8200
Rhat values for alpha, beta, log(sigma^2), mean(xi), log(var(xi)), atanh(corr(xi, eta)):
[1.01020495 1.01149275 1.06075308 1.00120519 1.00000381 1.05486204]

Iteration:  8300
Rhat values for alpha, beta, log(sigma^2), mean(xi), log(var(xi)), atanh(corr(xi, eta)):
[1.01023147 1.0112986  1.0579864  1.00135532 1.00000413 1.05255689]

Iteration:  8400
Rhat values for alpha, beta, log(sigma^2), mean(xi), log(var(xi)), atanh(corr(xi, eta)):
[1.0094946  1.01041483 1.05454171 1.00122383 1.00000589 1.05114441]

Iteration:  8500
Rhat values for alpha, beta, log(sigma^2), mean(xi), log(var(xi)), atanh(corr(xi, eta)):
[1.00815674 1.00907127 1.04824059 1.00105513 1.00001043 1.04551549]

Iteration:  8600
Rhat values for alpha, beta, log(sigma^2), mean(xi), log(var(xi)), atanh(corr(xi, eta)):
[1.00716203 1.00803736 1.04361855 1.00090642 1.00000963 1.04051269]

Iteration:  8700
Rhat values for alpha, beta, log(sigma^2), mean(xi), log(var(xi)), atanh(corr(xi, eta)):
[1.00586205 1.00664462 1.04091804 1.00074058 1.00000905 1.03673856]

Iteration:  8800
Rhat values for alpha, beta, log(sigma^2), mean(xi), log(var(xi)), atanh(corr(xi, eta)):
[1.00534547 1.00602342 1.0406719  1.00081892 1.00000779 1.03549237]

Iteration:  8900
Rhat values for alpha, beta, log(sigma^2), mean(xi), log(var(xi)), atanh(corr(xi, eta)):
[1.00477339 1.00518965 1.03954919 1.00098986 1.00000726 1.03334214]

Iteration:  9000
Rhat values for alpha, beta, log(sigma^2), mean(xi), log(var(xi)), atanh(corr(xi, eta)):
[1.00448627 1.00480745 1.03842783 1.00099412 1.00000633 1.03109472]

Iteration:  9100
Rhat values for alpha, beta, log(sigma^2), mean(xi), log(var(xi)), atanh(corr(xi, eta)):
[1.00442938 1.00476503 1.03835783 1.00090162 1.00000706 1.0302874 ]

Iteration:  9200
Rhat values for alpha, beta, log(sigma^2), mean(xi), log(var(xi)), atanh(corr(xi, eta)):
[1.00437577 1.00472554 1.03747531 1.00068116 1.00000698 1.02763577]

Iteration:  9300
Rhat values for alpha, beta, log(sigma^2), mean(xi), log(var(xi)), atanh(corr(xi, eta)):
[1.00449533 1.00488342 1.03535884 1.00093775 1.00000511 1.02326262]

Iteration:  9400
Rhat values for alpha, beta, log(sigma^2), mean(xi), log(var(xi)), atanh(corr(xi, eta)):
[1.00468987 1.00514155 1.03419579 1.00114435 1.00000409 1.02008405]

Iteration:  9500
Rhat values for alpha, beta, log(sigma^2), mean(xi), log(var(xi)), atanh(corr(xi, eta)):
[1.00462255 1.00520842 1.0323314  1.00155889 1.00000352 1.01674371]

Iteration:  9600
Rhat values for alpha, beta, log(sigma^2), mean(xi), log(var(xi)), atanh(corr(xi, eta)):
[1.00465765 1.00539267 1.03060726 1.00162855 1.0000021  1.014951  ]

Iteration:  9700
Rhat values for alpha, beta, log(sigma^2), mean(xi), log(var(xi)), atanh(corr(xi, eta)):
[1.00496963 1.00580581 1.0275586  1.00170462 1.00000069 1.01277013]

Iteration:  9800
Rhat values for alpha, beta, log(sigma^2), mean(xi), log(var(xi)), atanh(corr(xi, eta)):
[1.00591639 1.00686133 1.0247321  1.00151027 1.00000052 1.01177121]

Iteration:  9900
Rhat values for alpha, beta, log(sigma^2), mean(xi), log(var(xi)), atanh(corr(xi, eta)):
[1.00656218 1.00749967 1.02340783 1.00142938 1.00000013 1.0108632 ]

Iteration:  10000
Rhat values for alpha, beta, log(sigma^2), mean(xi), log(var(xi)), atanh(corr(xi, eta)):
[1.00671056 1.00765493 1.02198963 1.00156092 0.99999909 1.01039476]

Iteration:  10100
Rhat values for alpha, beta, log(sigma^2), mean(xi), log(var(xi)), atanh(corr(xi, eta)):
[1.00661242 1.00751212 1.02019986 1.00162395 0.9999992  1.01012963]

Iteration:  10200
Rhat values for alpha, beta, log(sigma^2), mean(xi), log(var(xi)), atanh(corr(xi, eta)):
[1.00643828 1.00727847 1.01892006 1.00165338 0.99999983 1.00957681]

Iteration:  10300
Rhat values for alpha, beta, log(sigma^2), mean(xi), log(var(xi)), atanh(corr(xi, eta)):
[1.00664575 1.00749665 1.01861689 1.00151492 0.99999968 1.00946773]

Iteration:  10400
Rhat values for alpha, beta, log(sigma^2), mean(xi), log(var(xi)), atanh(corr(xi, eta)):
[1.00642505 1.00749622 1.01737564 1.00149691 0.99999861 1.009332  ]

Iteration:  10500
Rhat values for alpha, beta, log(sigma^2), mean(xi), log(var(xi)), atanh(corr(xi, eta)):
[1.00647345 1.00765372 1.01677012 1.00139798 0.99999944 1.00989898]

Iteration:  10600
Rhat values for alpha, beta, log(sigma^2), mean(xi), log(var(xi)), atanh(corr(xi, eta)):
[1.0071137  1.00846157 1.01643336 1.00139436 0.99999917 1.01057962]

Iteration:  10700
Rhat values for alpha, beta, log(sigma^2), mean(xi), log(var(xi)), atanh(corr(xi, eta)):
[1.00771268 1.00912992 1.016153   1.00135793 0.99999904 1.01136856]

Iteration:  10800
Rhat values for alpha, beta, log(sigma^2), mean(xi), log(var(xi)), atanh(corr(xi, eta)):
[1.00755583 1.00890941 1.01587531 1.0013067  0.99999925 1.01147532]

Iteration:  10900
Rhat values for alpha, beta, log(sigma^2), mean(xi), log(var(xi)), atanh(corr(xi, eta)):
[1.0070726  1.00836721 1.01555306 1.00135815 0.99999791 1.0112306 ]

Iteration:  11000
Rhat values for alpha, beta, log(sigma^2), mean(xi), log(var(xi)), atanh(corr(xi, eta)):
[1.00668624 1.00801938 1.01537153 1.00131126 0.99999738 1.01040943]

Iteration:  11100
Rhat values for alpha, beta, log(sigma^2), mean(xi), log(var(xi)), atanh(corr(xi, eta)):
[1.00668668 1.00807431 1.01474171 1.00122478 0.99999666 1.00920779]

Iteration:  11200
Rhat values for alpha, beta, log(sigma^2), mean(xi), log(var(xi)), atanh(corr(xi, eta)):
[1.00677223 1.00821327 1.01370815 1.0011144  0.99999681 1.00817684]

Iteration:  11300
Rhat values for alpha, beta, log(sigma^2), mean(xi), log(var(xi)), atanh(corr(xi, eta)):
[1.00699542 1.00860064 1.01258707 1.00114465 0.9999963  1.00679437]

Iteration:  11400
Rhat values for alpha, beta, log(sigma^2), mean(xi), log(var(xi)), atanh(corr(xi, eta)):
[1.00754846 1.00938639 1.01084491 1.00119863 1.00000104 1.00580231]

Iteration:  11500
Rhat values for alpha, beta, log(sigma^2), mean(xi), log(var(xi)), atanh(corr(xi, eta)):
[1.00776715 1.0098467  1.00839494 1.00118853 1.00000106 1.00502329]

Iteration:  11600
Rhat values for alpha, beta, log(sigma^2), mean(xi), log(var(xi)), atanh(corr(xi, eta)):
[1.00800459 1.01023554 1.00539968 1.00131233 1.00000062 1.0045657 ]

Iteration:  11700
Rhat values for alpha, beta, log(sigma^2), mean(xi), log(var(xi)), atanh(corr(xi, eta)):
[1.00809951 1.0105068  1.00372294 1.0013952  0.99999989 1.00408649]

Iteration:  11800
Rhat values for alpha, beta, log(sigma^2), mean(xi), log(var(xi)), atanh(corr(xi, eta)):
[1.00777917 1.0102927  1.00240764 1.00153874 0.99999936 1.00353845]

Iteration:  11900
Rhat values for alpha, beta, log(sigma^2), mean(xi), log(var(xi)), atanh(corr(xi, eta)):
[1.00777608 1.01048277 1.00121847 1.00195977 0.99999903 1.00340917]

Iteration:  12000
Rhat values for alpha, beta, log(sigma^2), mean(xi), log(var(xi)), atanh(corr(xi, eta)):
[1.00722487 1.0098911  1.00040037 1.00216084 0.99999921 1.0034104 ]

Iteration:  12100
Rhat values for alpha, beta, log(sigma^2), mean(xi), log(var(xi)), atanh(corr(xi, eta)):
[1.00663978 1.00917287 1.00023873 1.00241656 0.99999882 1.00401161]

Iteration:  12200
Rhat values for alpha, beta, log(sigma^2), mean(xi), log(var(xi)), atanh(corr(xi, eta)):
[1.00585525 1.00810845 1.0005746  1.00265666 0.99999852 1.00474058]

Iteration:  12300
Rhat values for alpha, beta, log(sigma^2), mean(xi), log(var(xi)), atanh(corr(xi, eta)):
[1.0048234  1.0069615  1.00119227 1.00305952 0.99999797 1.00562177]

Iteration:  12400
Rhat values for alpha, beta, log(sigma^2), mean(xi), log(var(xi)), atanh(corr(xi, eta)):
[1.00444031 1.00641128 1.00196089 1.00303811 0.99999847 1.00671879]

Iteration:  12500
Rhat values for alpha, beta, log(sigma^2), mean(xi), log(var(xi)), atanh(corr(xi, eta)):
[1.00441745 1.00634862 1.00253174 1.00312132 0.99999867 1.00759601]

Iteration:  12600
Rhat values for alpha, beta, log(sigma^2), mean(xi), log(var(xi)), atanh(corr(xi, eta)):
[1.00470601 1.00662917 1.00296415 1.00301424 0.99999853 1.00866029]

Iteration:  12700
Rhat values for alpha, beta, log(sigma^2), mean(xi), log(var(xi)), atanh(corr(xi, eta)):
[1.00531698 1.00731069 1.00356273 1.0029676  0.99999837 1.00939627]

Iteration:  12800
Rhat values for alpha, beta, log(sigma^2), mean(xi), log(var(xi)), atanh(corr(xi, eta)):
[1.0053205  1.00743271 1.00399417 1.00320925 0.99999809 1.00972248]

Iteration:  12900
Rhat values for alpha, beta, log(sigma^2), mean(xi), log(var(xi)), atanh(corr(xi, eta)):
[1.00504201 1.00720295 1.00409047 1.00350333 0.99997053 1.00974935]

Iteration:  13000
Rhat values for alpha, beta, log(sigma^2), mean(xi), log(var(xi)), atanh(corr(xi, eta)):
[1.00457952 1.00651314 1.0038514  1.004118   0.99997093 1.00886977]

Iteration:  13100
Rhat values for alpha, beta, log(sigma^2), mean(xi), log(var(xi)), atanh(corr(xi, eta)):
[1.00461925 1.00650482 1.00360188 1.00420988 0.99997128 1.00897214]

Iteration:  13200
Rhat values for alpha, beta, log(sigma^2), mean(xi), log(var(xi)), atanh(corr(xi, eta)):
[1.00407344 1.00581632 1.00336255 1.00480537 0.99997181 1.00867323]

Iteration:  13300
Rhat values for alpha, beta, log(sigma^2), mean(xi), log(var(xi)), atanh(corr(xi, eta)):
[1.00373049 1.00536578 1.00316468 1.00531791 0.99997207 1.00844259]

Iteration:  13400
Rhat values for alpha, beta, log(sigma^2), mean(xi), log(var(xi)), atanh(corr(xi, eta)):
[1.00349729 1.00499846 1.00270323 1.00560296 0.99997223 1.00824657]

Iteration:  13500
Rhat values for alpha, beta, log(sigma^2), mean(xi), log(var(xi)), atanh(corr(xi, eta)):
[1.00312067 1.00434163 1.00215006 1.0053435  0.9999726  1.00779358]

Iteration:  13600
Rhat values for alpha, beta, log(sigma^2), mean(xi), log(var(xi)), atanh(corr(xi, eta)):
[1.00286565 1.00406908 1.00184381 1.00556545 0.99997309 1.00736993]

Iteration:  13700
Rhat values for alpha, beta, log(sigma^2), mean(xi), log(var(xi)), atanh(corr(xi, eta)):
[1.00265034 1.00390308 1.00159039 1.00557534 0.99997369 1.0070136 ]

Iteration:  13800
Rhat values for alpha, beta, log(sigma^2), mean(xi), log(var(xi)), atanh(corr(xi, eta)):
[1.00235347 1.00345097 1.00143754 1.00538038 0.99997406 1.00676469]

Iteration:  13900
Rhat values for alpha, beta, log(sigma^2), mean(xi), log(var(xi)), atanh(corr(xi, eta)):
[1.00209988 1.00294099 1.00131072 1.00529349 0.99997457 1.00646036]

Iteration:  14000
Rhat values for alpha, beta, log(sigma^2), mean(xi), log(var(xi)), atanh(corr(xi, eta)):
[1.00187558 1.00247369 1.00119739 1.00519363 0.99997478 1.00605868]

Iteration:  14100
Rhat values for alpha, beta, log(sigma^2), mean(xi), log(var(xi)), atanh(corr(xi, eta)):
[1.00169404 1.00228585 1.00111863 1.00500839 0.99997509 1.00577999]

Iteration:  14200
Rhat values for alpha, beta, log(sigma^2), mean(xi), log(var(xi)), atanh(corr(xi, eta)):
[1.00171398 1.00222405 1.00119675 1.00496074 1.00000124 1.00556398]

Iteration:  14300
Rhat values for alpha, beta, log(sigma^2), mean(xi), log(var(xi)), atanh(corr(xi, eta)):
[1.00137446 1.00173533 1.00120833 1.00481675 1.00000126 1.00541116]

Iteration:  14400
Rhat values for alpha, beta, log(sigma^2), mean(xi), log(var(xi)), atanh(corr(xi, eta)):
[1.00132441 1.00160106 1.00107559 1.00528341 1.00000136 1.00545009]

Iteration:  14500
Rhat values for alpha, beta, log(sigma^2), mean(xi), log(var(xi)), atanh(corr(xi, eta)):
[1.00139349 1.00163263 1.00113298 1.00531073 1.00000137 1.0055172 ]

Iteration:  14600
Rhat values for alpha, beta, log(sigma^2), mean(xi), log(var(xi)), atanh(corr(xi, eta)):
[1.00149231 1.0017361  1.00116388 1.00531843 1.0000014  1.00561467]

Iteration:  14700
Rhat values for alpha, beta, log(sigma^2), mean(xi), log(var(xi)), atanh(corr(xi, eta)):
[1.00180817 1.00190861 1.00106114 1.00528268 1.00000137 1.00567274]

Iteration:  14800
Rhat values for alpha, beta, log(sigma^2), mean(xi), log(var(xi)), atanh(corr(xi, eta)):
[1.00203945 1.0021183  1.00091536 1.00552558 1.00000141 1.00569565]

Iteration:  14900
Rhat values for alpha, beta, log(sigma^2), mean(xi), log(var(xi)), atanh(corr(xi, eta)):
[1.0020974  1.00225774 1.00089977 1.00528114 1.00000136 1.00581668]

Iteration:  15000
Rhat values for alpha, beta, log(sigma^2), mean(xi), log(var(xi)), atanh(corr(xi, eta)):
[1.00215979 1.00244746 1.00098898 1.0052634  1.00000135 1.00619776]

Iteration:  15100
Rhat values for alpha, beta, log(sigma^2), mean(xi), log(var(xi)), atanh(corr(xi, eta)):
[1.00222572 1.0025391  1.00107829 1.00498068 1.0000013  1.00650457]

Iteration:  15200
Rhat values for alpha, beta, log(sigma^2), mean(xi), log(var(xi)), atanh(corr(xi, eta)):
[1.00222227 1.00244907 1.0011529  1.00463071 1.00000129 1.00641404]

Iteration:  15300
Rhat values for alpha, beta, log(sigma^2), mean(xi), log(var(xi)), atanh(corr(xi, eta)):
[1.00203449 1.00231287 1.00114012 1.00483084 1.00000125 1.00629921]

Iteration:  15400
Rhat values for alpha, beta, log(sigma^2), mean(xi), log(var(xi)), atanh(corr(xi, eta)):
[1.00169528 1.00212896 1.00105407 1.00490513 1.00000124 1.00611745]

Iteration:  15500
Rhat values for alpha, beta, log(sigma^2), mean(xi), log(var(xi)), atanh(corr(xi, eta)):
[1.0016383  1.00211274 1.00100932 1.00481626 1.00000124 1.00608894]

Iteration:  15600
Rhat values for alpha, beta, log(sigma^2), mean(xi), log(var(xi)), atanh(corr(xi, eta)):
[1.00160215 1.00211122 1.00089764 1.00467636 1.00000126 1.00602183]

Iteration:  15700
Rhat values for alpha, beta, log(sigma^2), mean(xi), log(var(xi)), atanh(corr(xi, eta)):
[1.0016774  1.00219625 1.00084451 1.00448341 1.00000122 1.0062126 ]

Iteration:  15800
Rhat values for alpha, beta, log(sigma^2), mean(xi), log(var(xi)), atanh(corr(xi, eta)):
[1.0017836  1.00224888 1.00077046 1.00442172 1.00000122 1.00615096]

Iteration:  15900
Rhat values for alpha, beta, log(sigma^2), mean(xi), log(var(xi)), atanh(corr(xi, eta)):
[1.00173453 1.00224731 1.00070309 1.00438115 1.00000122 1.00591561]

Iteration:  16000
Rhat values for alpha, beta, log(sigma^2), mean(xi), log(var(xi)), atanh(corr(xi, eta)):
[1.00171494 1.00227357 1.00053471 1.00417578 1.00000121 1.00553227]

Iteration:  16100
Rhat values for alpha, beta, log(sigma^2), mean(xi), log(var(xi)), atanh(corr(xi, eta)):
[1.0017529  1.00240735 1.00043462 1.00409849 1.0000012  1.00529312]

Iteration:  16200
Rhat values for alpha, beta, log(sigma^2), mean(xi), log(var(xi)), atanh(corr(xi, eta)):
[1.00202608 1.00282692 1.0003115  1.0040258  1.00000113 1.00519544]

Iteration:  16300
Rhat values for alpha, beta, log(sigma^2), mean(xi), log(var(xi)), atanh(corr(xi, eta)):
[1.00219312 1.00304453 1.00024847 1.00381218 0.99999065 1.00505162]

Iteration:  16400
Rhat values for alpha, beta, log(sigma^2), mean(xi), log(var(xi)), atanh(corr(xi, eta)):
[1.00228895 1.00321439 1.00026672 1.00381466 0.9999907  1.00505966]

Iteration:  16500
Rhat values for alpha, beta, log(sigma^2), mean(xi), log(var(xi)), atanh(corr(xi, eta)):
[1.00259932 1.00358158 1.00022354 1.00391824 0.99999073 1.00520048]

Iteration:  16600
Rhat values for alpha, beta, log(sigma^2), mean(xi), log(var(xi)), atanh(corr(xi, eta)):
[1.00300674 1.00396671 1.00020359 1.00386234 0.99999078 1.00548941]

Iteration:  16700
Rhat values for alpha, beta, log(sigma^2), mean(xi), log(var(xi)), atanh(corr(xi, eta)):
[1.00342338 1.00440212 1.00024056 1.00399719 0.99999087 1.00587927]

Iteration:  16800
Rhat values for alpha, beta, log(sigma^2), mean(xi), log(var(xi)), atanh(corr(xi, eta)):
[1.00366061 1.0045586  1.00028587 1.00373075 0.9999909  1.00611959]

Iteration:  16900
Rhat values for alpha, beta, log(sigma^2), mean(xi), log(var(xi)), atanh(corr(xi, eta)):
[1.00358903 1.00442111 1.00033757 1.00339394 0.99999089 1.00607255]

Iteration:  17000
Rhat values for alpha, beta, log(sigma^2), mean(xi), log(var(xi)), atanh(corr(xi, eta)):
[1.00376416 1.00453986 1.00034951 1.00304897 0.99999088 1.00623933]

Iteration:  17100
Rhat values for alpha, beta, log(sigma^2), mean(xi), log(var(xi)), atanh(corr(xi, eta)):
[1.00376558 1.00455725 1.00041564 1.00275643 0.9999909  1.00628433]

Iteration:  17200
Rhat values for alpha, beta, log(sigma^2), mean(xi), log(var(xi)), atanh(corr(xi, eta)):
[1.00366668 1.00445158 1.00045266 1.00261186 0.99999093 1.00622845]

Iteration:  17300
Rhat values for alpha, beta, log(sigma^2), mean(xi), log(var(xi)), atanh(corr(xi, eta)):
[1.00373259 1.00447078 1.000425   1.00239899 0.99999097 1.00618092]

Iteration:  17400
Rhat values for alpha, beta, log(sigma^2), mean(xi), log(var(xi)), atanh(corr(xi, eta)):
[1.00369027 1.00441686 1.00036413 1.00252417 0.99999106 1.00598859]

Iteration:  17500
Rhat values for alpha, beta, log(sigma^2), mean(xi), log(var(xi)), atanh(corr(xi, eta)):
[1.00359765 1.00447023 1.00028598 1.00262799 0.99999111 1.00564964]

Iteration:  17600
Rhat values for alpha, beta, log(sigma^2), mean(xi), log(var(xi)), atanh(corr(xi, eta)):
[1.00337697 1.00434614 1.00024927 1.00261254 0.99999117 1.00527304]

Iteration:  17700
Rhat values for alpha, beta, log(sigma^2), mean(xi), log(var(xi)), atanh(corr(xi, eta)):
[1.00358809 1.00476502 1.00023393 1.00259058 0.99999126 1.0053005 ]

Iteration:  17800
Rhat values for alpha, beta, log(sigma^2), mean(xi), log(var(xi)), atanh(corr(xi, eta)):
[1.00353716 1.0046774  1.00030413 1.00249525 0.9999913  1.00531043]

Iteration:  17900
Rhat values for alpha, beta, log(sigma^2), mean(xi), log(var(xi)), atanh(corr(xi, eta)):
[1.00351005 1.00463863 1.00038544 1.00249004 0.99999136 1.00529897]

Iteration:  18000
Rhat values for alpha, beta, log(sigma^2), mean(xi), log(var(xi)), atanh(corr(xi, eta)):
[1.00375041 1.00491568 1.00046089 1.00253201 0.9999914  1.00526678]

Iteration:  18100
Rhat values for alpha, beta, log(sigma^2), mean(xi), log(var(xi)), atanh(corr(xi, eta)):
[1.00399302 1.00502629 1.00051623 1.00241159 0.99999141 1.00508717]

Iteration:  18200
Rhat values for alpha, beta, log(sigma^2), mean(xi), log(var(xi)), atanh(corr(xi, eta)):
[1.00394943 1.00489314 1.00055049 1.00226593 0.99999143 1.00481045]

Iteration:  18300
Rhat values for alpha, beta, log(sigma^2), mean(xi), log(var(xi)), atanh(corr(xi, eta)):
[1.0035699  1.00460175 1.00068454 1.00217738 0.99999147 1.00449577]

Iteration:  18400
Rhat values for alpha, beta, log(sigma^2), mean(xi), log(var(xi)), atanh(corr(xi, eta)):
[1.00320119 1.00432779 1.00076511 1.00222678 0.99999149 1.00423821]

Iteration:  18500
Rhat values for alpha, beta, log(sigma^2), mean(xi), log(var(xi)), atanh(corr(xi, eta)):
[1.00313231 1.00431354 1.00085025 1.00217878 0.99999141 1.00407931]

Iteration:  18600
Rhat values for alpha, beta, log(sigma^2), mean(xi), log(var(xi)), atanh(corr(xi, eta)):
[1.0032684  1.00452235 1.00110614 1.0021037  0.99999144 1.00409938]

Iteration:  18700
Rhat values for alpha, beta, log(sigma^2), mean(xi), log(var(xi)), atanh(corr(xi, eta)):
[1.00336187 1.00467933 1.00132041 1.00207765 0.9999915  1.00407636]

Iteration:  18800
Rhat values for alpha, beta, log(sigma^2), mean(xi), log(var(xi)), atanh(corr(xi, eta)):
[1.00337947 1.00475545 1.00140421 1.00222242 0.99999157 1.00414048]

Iteration:  18900
Rhat values for alpha, beta, log(sigma^2), mean(xi), log(var(xi)), atanh(corr(xi, eta)):
[1.00332177 1.00478547 1.00147487 1.00221934 0.99999165 1.00424992]

Iteration:  19000
Rhat values for alpha, beta, log(sigma^2), mean(xi), log(var(xi)), atanh(corr(xi, eta)):
[1.00334393 1.00486515 1.00162218 1.00208201 0.99999166 1.00440129]

Iteration:  19100
Rhat values for alpha, beta, log(sigma^2), mean(xi), log(var(xi)), atanh(corr(xi, eta)):
[1.00340913 1.0049341  1.001573   1.00219923 0.99999171 1.00472631]

Iteration:  19200
Rhat values for alpha, beta, log(sigma^2), mean(xi), log(var(xi)), atanh(corr(xi, eta)):
[1.00339049 1.00489586 1.00168503 1.00229492 0.99999177 1.00499277]

Iteration:  19300
Rhat values for alpha, beta, log(sigma^2), mean(xi), log(var(xi)), atanh(corr(xi, eta)):
[1.00331273 1.00476802 1.0018075  1.00227459 0.99999188 1.00532616]

Iteration:  19400
Rhat values for alpha, beta, log(sigma^2), mean(xi), log(var(xi)), atanh(corr(xi, eta)):
[1.0031393  1.00449864 1.00191387 1.00228249 0.99999193 1.00564634]

Iteration:  19500
Rhat values for alpha, beta, log(sigma^2), mean(xi), log(var(xi)), atanh(corr(xi, eta)):
[1.00303209 1.00429258 1.00199254 1.00228533 0.99999198 1.00604565]

Iteration:  19600
Rhat values for alpha, beta, log(sigma^2), mean(xi), log(var(xi)), atanh(corr(xi, eta)):
[1.00305231 1.0042845  1.00209044 1.00231752 0.99999199 1.00651745]

Iteration:  19700
Rhat values for alpha, beta, log(sigma^2), mean(xi), log(var(xi)), atanh(corr(xi, eta)):
[1.00303002 1.00418599 1.00193824 1.00236844 0.9999921  1.00659677]

Iteration:  19800
Rhat values for alpha, beta, log(sigma^2), mean(xi), log(var(xi)), atanh(corr(xi, eta)):
[1.00303422 1.00413783 1.00170272 1.00228372 0.99999215 1.00660791]

Iteration:  19900
Rhat values for alpha, beta, log(sigma^2), mean(xi), log(var(xi)), atanh(corr(xi, eta)):
[1.00299433 1.00401527 1.00161615 1.00218786 0.99999219 1.00636359]

Iteration:  20000
Rhat values for alpha, beta, log(sigma^2), mean(xi), log(var(xi)), atanh(corr(xi, eta)):
[1.00278728 1.00379615 1.00155958 1.00225685 0.99999237 1.00595129]
{"name": "G11_first_hr_tripp_error_no_covadd_0.35", "n": 192, "mean": -0.023606813062367466, "sd": 0.011905655501813864, "median": -0.023705070384134212, "q16_84": [-0.035207643932269266, -0.011687255874173755], "q025_975": [-0.047565090844642596, -0.0004010172535204886], "p_negative": 0.9774, "scatter_mean": 0.027316669810960353, "retained_draws": 40000, "seed": 20260927, "rhat_retained": {"alpha": 1.0192023339160612, "beta": 1.0199307282161993, "sigsqr": 1.012129359819488}}
START R19_first_hr_corrected_error_diag_0.42 196

Iteration:  100
Rhat values for alpha, beta, log(sigma^2), mean(xi), log(var(xi)), atanh(corr(xi, eta)):
[0.99990084 0.99244814 1.28281427 0.99529823 1.06690043 1.00468598]

Iteration:  200
Rhat values for alpha, beta, log(sigma^2), mean(xi), log(var(xi)), atanh(corr(xi, eta)):
[1.10260887 1.13976013 1.32223674 1.00229359 1.02393938 1.16762124]

Iteration:  300
Rhat values for alpha, beta, log(sigma^2), mean(xi), log(var(xi)), atanh(corr(xi, eta)):
[1.18390183 1.2361715  1.40147456 1.01470408 1.02728488 1.27969596]

Iteration:  400
Rhat values for alpha, beta, log(sigma^2), mean(xi), log(var(xi)), atanh(corr(xi, eta)):
[1.18374049 1.23413377 1.46170512 1.0174982  1.01435876 1.29658511]

Iteration:  500
Rhat values for alpha, beta, log(sigma^2), mean(xi), log(var(xi)), atanh(corr(xi, eta)):
[1.13509718 1.15853273 1.38490632 1.026083   1.00076    1.21225401]

Iteration:  600
Rhat values for alpha, beta, log(sigma^2), mean(xi), log(var(xi)), atanh(corr(xi, eta)):
[1.04898141 1.04420462 1.32705422 1.02892425 1.0009006  1.06402588]

Iteration:  700
Rhat values for alpha, beta, log(sigma^2), mean(xi), log(var(xi)), atanh(corr(xi, eta)):
[1.01814936 1.01213247 1.29227345 1.01771885 1.00085774 1.02262987]

Iteration:  800
Rhat values for alpha, beta, log(sigma^2), mean(xi), log(var(xi)), atanh(corr(xi, eta)):
[1.02305651 1.01460132 1.35820989 1.02243238 1.00099275 1.04590009]

Iteration:  900
Rhat values for alpha, beta, log(sigma^2), mean(xi), log(var(xi)), atanh(corr(xi, eta)):
[1.02028628 1.01814098 1.3593522  1.0210858  1.00069749 1.06958812]

Iteration:  1000
Rhat values for alpha, beta, log(sigma^2), mean(xi), log(var(xi)), atanh(corr(xi, eta)):
[1.03628678 1.03667163 1.33915416 1.0237405  1.00075328 1.10067553]

Iteration:  1100
Rhat values for alpha, beta, log(sigma^2), mean(xi), log(var(xi)), atanh(corr(xi, eta)):
[1.04811346 1.05122727 1.24867959 1.01273692 1.00058666 1.10720136]

Iteration:  1200
Rhat values for alpha, beta, log(sigma^2), mean(xi), log(var(xi)), atanh(corr(xi, eta)):
[1.04738193 1.04847487 1.2068012  1.01081105 1.00029237 1.08142471]

Iteration:  1300
Rhat values for alpha, beta, log(sigma^2), mean(xi), log(var(xi)), atanh(corr(xi, eta)):
[1.05256864 1.05300895 1.15100152 1.00854653 1.00020619 1.0554266 ]

Iteration:  1400
Rhat values for alpha, beta, log(sigma^2), mean(xi), log(var(xi)), atanh(corr(xi, eta)):
[1.0568323  1.06271677 1.13133147 1.00672467 1.00011494 1.0487686 ]

Iteration:  1500
Rhat values for alpha, beta, log(sigma^2), mean(xi), log(var(xi)), atanh(corr(xi, eta)):
[1.06412149 1.06987897 1.14671742 1.00891282 1.00028388 1.05329651]

Iteration:  1600
Rhat values for alpha, beta, log(sigma^2), mean(xi), log(var(xi)), atanh(corr(xi, eta)):
[1.05709866 1.06170832 1.1488425  1.01585664 0.9998957  1.05017715]

Iteration:  1700
Rhat values for alpha, beta, log(sigma^2), mean(xi), log(var(xi)), atanh(corr(xi, eta)):
[1.05057663 1.05502731 1.15026521 1.01541535 0.99997274 1.05175703]

Iteration:  1800
Rhat values for alpha, beta, log(sigma^2), mean(xi), log(var(xi)), atanh(corr(xi, eta)):
[1.05973217 1.06469939 1.14979615 1.01593157 0.99998094 1.05733439]

Iteration:  1900
Rhat values for alpha, beta, log(sigma^2), mean(xi), log(var(xi)), atanh(corr(xi, eta)):
[1.06597265 1.07129958 1.15788637 1.01522006 0.99985175 1.06270491]

Iteration:  2000
Rhat values for alpha, beta, log(sigma^2), mean(xi), log(var(xi)), atanh(corr(xi, eta)):
[1.05654245 1.06058237 1.15519971 1.01500921 0.99975118 1.05892505]

Iteration:  2100
Rhat values for alpha, beta, log(sigma^2), mean(xi), log(var(xi)), atanh(corr(xi, eta)):
[1.04029148 1.04356677 1.15092371 1.01470593 0.99986989 1.05221294]

Iteration:  2200
Rhat values for alpha, beta, log(sigma^2), mean(xi), log(var(xi)), atanh(corr(xi, eta)):
[1.03310849 1.03459508 1.1557057  1.01202322 0.99995944 1.04839002]

Iteration:  2300
Rhat values for alpha, beta, log(sigma^2), mean(xi), log(var(xi)), atanh(corr(xi, eta)):
[1.02700245 1.02426024 1.1604876  1.01036127 1.00000162 1.04424358]

Iteration:  2400
Rhat values for alpha, beta, log(sigma^2), mean(xi), log(var(xi)), atanh(corr(xi, eta)):
[1.02330507 1.01837634 1.16074596 1.01010969 0.99998555 1.04817738]

Iteration:  2500
Rhat values for alpha, beta, log(sigma^2), mean(xi), log(var(xi)), atanh(corr(xi, eta)):
[1.02012847 1.01165905 1.15432593 1.01094927 0.99999589 1.05235173]

Iteration:  2600
Rhat values for alpha, beta, log(sigma^2), mean(xi), log(var(xi)), atanh(corr(xi, eta)):
[1.02176144 1.01046379 1.15041353 1.00921997 0.99999641 1.05611548]

Iteration:  2700
Rhat values for alpha, beta, log(sigma^2), mean(xi), log(var(xi)), atanh(corr(xi, eta)):
[1.02391962 1.01489485 1.1541668  1.00799567 0.99996478 1.06625105]

Iteration:  2800
Rhat values for alpha, beta, log(sigma^2), mean(xi), log(var(xi)), atanh(corr(xi, eta)):
[1.0263106  1.01546492 1.15409495 1.00583337 0.99994984 1.0757241 ]

Iteration:  2900
Rhat values for alpha, beta, log(sigma^2), mean(xi), log(var(xi)), atanh(corr(xi, eta)):
[1.02634019 1.01630468 1.15835983 1.00628716 0.99995538 1.08919254]

Iteration:  3000
Rhat values for alpha, beta, log(sigma^2), mean(xi), log(var(xi)), atanh(corr(xi, eta)):
[1.02709227 1.0175744  1.1650464  1.00800294 1.00001119 1.09760766]

Iteration:  3100
Rhat values for alpha, beta, log(sigma^2), mean(xi), log(var(xi)), atanh(corr(xi, eta)):
[1.02361356 1.01410141 1.16236361 1.00948951 1.00004245 1.09549891]

Iteration:  3200
Rhat values for alpha, beta, log(sigma^2), mean(xi), log(var(xi)), atanh(corr(xi, eta)):
[1.01585493 1.00908852 1.16180444 1.00940709 1.00006563 1.09180641]

Iteration:  3300
Rhat values for alpha, beta, log(sigma^2), mean(xi), log(var(xi)), atanh(corr(xi, eta)):
[1.01287849 1.00714129 1.15808989 1.00825728 1.00004382 1.08928942]

Iteration:  3400
Rhat values for alpha, beta, log(sigma^2), mean(xi), log(var(xi)), atanh(corr(xi, eta)):
[1.00998085 1.00604521 1.15400165 1.0077323  1.00002699 1.08806872]

Iteration:  3500
Rhat values for alpha, beta, log(sigma^2), mean(xi), log(var(xi)), atanh(corr(xi, eta)):
[1.00937033 1.00521419 1.14848855 1.00712794 0.99999887 1.08519954]

Iteration:  3600
Rhat values for alpha, beta, log(sigma^2), mean(xi), log(var(xi)), atanh(corr(xi, eta)):
[1.01078811 1.00571741 1.13712448 1.00685261 1.00004908 1.07811715]

Iteration:  3700
Rhat values for alpha, beta, log(sigma^2), mean(xi), log(var(xi)), atanh(corr(xi, eta)):
[1.00861368 1.00539968 1.12447804 1.0062633  1.00005001 1.07291106]

Iteration:  3800
Rhat values for alpha, beta, log(sigma^2), mean(xi), log(var(xi)), atanh(corr(xi, eta)):
[1.00843278 1.00524988 1.11407675 1.00743427 1.00004013 1.06748217]

Iteration:  3900
Rhat values for alpha, beta, log(sigma^2), mean(xi), log(var(xi)), atanh(corr(xi, eta)):
[1.01007737 1.00575097 1.10072211 1.00622034 1.00000089 1.05803654]

Iteration:  4000
Rhat values for alpha, beta, log(sigma^2), mean(xi), log(var(xi)), atanh(corr(xi, eta)):
[1.00876722 1.00557333 1.08951027 1.00617813 1.00000088 1.05602772]

Iteration:  4100
Rhat values for alpha, beta, log(sigma^2), mean(xi), log(var(xi)), atanh(corr(xi, eta)):
[1.00846301 1.00589894 1.0780991  1.0053588  1.00000072 1.05199601]

Iteration:  4200
Rhat values for alpha, beta, log(sigma^2), mean(xi), log(var(xi)), atanh(corr(xi, eta)):
[1.00766538 1.00533772 1.07318533 1.00585309 1.00000069 1.05008394]

Iteration:  4300
Rhat values for alpha, beta, log(sigma^2), mean(xi), log(var(xi)), atanh(corr(xi, eta)):
[1.00793163 1.0044433  1.069013   1.00545227 1.00000049 1.04373494]

Iteration:  4400
Rhat values for alpha, beta, log(sigma^2), mean(xi), log(var(xi)), atanh(corr(xi, eta)):
[1.00751761 1.00453326 1.07146807 1.00594001 1.00000081 1.04217671]

Iteration:  4500
Rhat values for alpha, beta, log(sigma^2), mean(xi), log(var(xi)), atanh(corr(xi, eta)):
[1.00721571 1.00420755 1.07334773 1.00488744 0.99999463 1.04165325]

Iteration:  4600
Rhat values for alpha, beta, log(sigma^2), mean(xi), log(var(xi)), atanh(corr(xi, eta)):
[1.00438415 1.00468734 1.07314196 1.0038356  0.99999474 1.04571676]

Iteration:  4700
Rhat values for alpha, beta, log(sigma^2), mean(xi), log(var(xi)), atanh(corr(xi, eta)):
[1.00214002 1.00579162 1.06761211 1.00339962 0.9999948  1.04812164]

Iteration:  4800
Rhat values for alpha, beta, log(sigma^2), mean(xi), log(var(xi)), atanh(corr(xi, eta)):
[1.00129152 1.00729088 1.06627333 1.003817   0.99999503 1.05059238]

Iteration:  4900
Rhat values for alpha, beta, log(sigma^2), mean(xi), log(var(xi)), atanh(corr(xi, eta)):
[1.00135311 1.00900051 1.06509557 1.00331174 0.99999525 1.05222056]

Iteration:  5000
Rhat values for alpha, beta, log(sigma^2), mean(xi), log(var(xi)), atanh(corr(xi, eta)):
[1.00182386 1.00843139 1.0597234  1.00339093 0.99999548 1.04934202]

Iteration:  5100
Rhat values for alpha, beta, log(sigma^2), mean(xi), log(var(xi)), atanh(corr(xi, eta)):
[1.00248182 1.00741294 1.05449081 1.00373295 0.99999574 1.04522143]

Iteration:  5200
Rhat values for alpha, beta, log(sigma^2), mean(xi), log(var(xi)), atanh(corr(xi, eta)):
[1.0030031  1.00616313 1.05410385 1.00391311 0.99999593 1.04091276]

Iteration:  5300
Rhat values for alpha, beta, log(sigma^2), mean(xi), log(var(xi)), atanh(corr(xi, eta)):
[1.00312613 1.00649858 1.05487338 1.00355852 0.99999611 1.04078995]

Iteration:  5400
Rhat values for alpha, beta, log(sigma^2), mean(xi), log(var(xi)), atanh(corr(xi, eta)):
[1.00428836 1.0071672  1.05649923 1.00354259 0.99999639 1.04111845]

Iteration:  5500
Rhat values for alpha, beta, log(sigma^2), mean(xi), log(var(xi)), atanh(corr(xi, eta)):
[1.00471566 1.00695027 1.05655266 1.00371223 0.99999657 1.03752098]

Iteration:  5600
Rhat values for alpha, beta, log(sigma^2), mean(xi), log(var(xi)), atanh(corr(xi, eta)):
[1.00519651 1.00696337 1.05713167 1.00357918 0.99999643 1.03443129]

Iteration:  5700
Rhat values for alpha, beta, log(sigma^2), mean(xi), log(var(xi)), atanh(corr(xi, eta)):
[1.00552417 1.00731024 1.05745737 1.00373739 0.99999658 1.03314453]

Iteration:  5800
Rhat values for alpha, beta, log(sigma^2), mean(xi), log(var(xi)), atanh(corr(xi, eta)):
[1.00627587 1.0071376  1.05853642 1.00359623 0.99999665 1.03145914]

Iteration:  5900
Rhat values for alpha, beta, log(sigma^2), mean(xi), log(var(xi)), atanh(corr(xi, eta)):
[1.00767063 1.00678655 1.0589127  1.00333979 0.99999655 1.02773936]

Iteration:  6000
Rhat values for alpha, beta, log(sigma^2), mean(xi), log(var(xi)), atanh(corr(xi, eta)):
[1.00818731 1.00636594 1.06057642 1.00291051 0.99999664 1.02544629]

Iteration:  6100
Rhat values for alpha, beta, log(sigma^2), mean(xi), log(var(xi)), atanh(corr(xi, eta)):
[1.00911504 1.00607039 1.06088548 1.00254523 0.99999662 1.02256243]

Iteration:  6200
Rhat values for alpha, beta, log(sigma^2), mean(xi), log(var(xi)), atanh(corr(xi, eta)):
[1.00884775 1.00523739 1.06047119 1.00237996 0.99999656 1.01916772]

Iteration:  6300
Rhat values for alpha, beta, log(sigma^2), mean(xi), log(var(xi)), atanh(corr(xi, eta)):
[1.00848659 1.00396146 1.05810554 1.00223615 0.99999661 1.01494822]

Iteration:  6400
Rhat values for alpha, beta, log(sigma^2), mean(xi), log(var(xi)), atanh(corr(xi, eta)):
[1.00812815 1.00315551 1.05405902 1.00255675 0.99999673 1.01380701]

Iteration:  6500
Rhat values for alpha, beta, log(sigma^2), mean(xi), log(var(xi)), atanh(corr(xi, eta)):
[1.00764526 1.00284868 1.05264185 1.0022771  0.99999673 1.01243705]

Iteration:  6600
Rhat values for alpha, beta, log(sigma^2), mean(xi), log(var(xi)), atanh(corr(xi, eta)):
[1.0068888  1.00272868 1.05249162 1.00240357 0.99999682 1.01170571]

Iteration:  6700
Rhat values for alpha, beta, log(sigma^2), mean(xi), log(var(xi)), atanh(corr(xi, eta)):
[1.00652369 1.00271561 1.05083538 1.00248671 0.99999585 1.01053776]

Iteration:  6800
Rhat values for alpha, beta, log(sigma^2), mean(xi), log(var(xi)), atanh(corr(xi, eta)):
[1.00717439 1.00277013 1.05005332 1.00262018 0.99999588 1.00886004]

Iteration:  6900
Rhat values for alpha, beta, log(sigma^2), mean(xi), log(var(xi)), atanh(corr(xi, eta)):
[1.00866078 1.00294063 1.0508493  1.00265543 0.99999594 1.00661263]

Iteration:  7000
Rhat values for alpha, beta, log(sigma^2), mean(xi), log(var(xi)), atanh(corr(xi, eta)):
[1.00942753 1.00246851 1.05112477 1.00263644 0.99999615 1.00529457]

Iteration:  7100
Rhat values for alpha, beta, log(sigma^2), mean(xi), log(var(xi)), atanh(corr(xi, eta)):
[1.0105056  1.00234384 1.05134252 1.00267297 0.99999621 1.00427247]

Iteration:  7200
Rhat values for alpha, beta, log(sigma^2), mean(xi), log(var(xi)), atanh(corr(xi, eta)):
[1.0121231  1.0031395  1.05167216 1.00289464 0.99999647 1.00356844]

Iteration:  7300
Rhat values for alpha, beta, log(sigma^2), mean(xi), log(var(xi)), atanh(corr(xi, eta)):
[1.01399076 1.0040806  1.04887659 1.00286004 0.99999638 1.00276246]

Iteration:  7400
Rhat values for alpha, beta, log(sigma^2), mean(xi), log(var(xi)), atanh(corr(xi, eta)):
[1.01543438 1.00531859 1.04720788 1.00202124 0.99999592 1.00236875]

Iteration:  7500
Rhat values for alpha, beta, log(sigma^2), mean(xi), log(var(xi)), atanh(corr(xi, eta)):
[1.01518152 1.00567319 1.04490886 1.00204442 0.99999613 1.00237462]

Iteration:  7600
Rhat values for alpha, beta, log(sigma^2), mean(xi), log(var(xi)), atanh(corr(xi, eta)):
[1.0156977  1.00684145 1.04075969 1.00218516 0.99999635 1.00285361]

Iteration:  7700
Rhat values for alpha, beta, log(sigma^2), mean(xi), log(var(xi)), atanh(corr(xi, eta)):
[1.016388   1.00841807 1.03527005 1.00226583 0.99999646 1.00382878]

Iteration:  7800
Rhat values for alpha, beta, log(sigma^2), mean(xi), log(var(xi)), atanh(corr(xi, eta)):
[1.01840484 1.01028224 1.02844509 1.00241541 0.99999661 1.00497254]

Iteration:  7900
Rhat values for alpha, beta, log(sigma^2), mean(xi), log(var(xi)), atanh(corr(xi, eta)):
[1.02116128 1.01235088 1.02398795 1.00221176 0.99999657 1.00612351]

Iteration:  8000
Rhat values for alpha, beta, log(sigma^2), mean(xi), log(var(xi)), atanh(corr(xi, eta)):
[1.0240155  1.01503176 1.02006973 1.00184028 0.99999643 1.00779639]

Iteration:  8100
Rhat values for alpha, beta, log(sigma^2), mean(xi), log(var(xi)), atanh(corr(xi, eta)):
[1.02626116 1.01604857 1.01669648 1.00173726 0.99999634 1.00879248]

Iteration:  8200
Rhat values for alpha, beta, log(sigma^2), mean(xi), log(var(xi)), atanh(corr(xi, eta)):
[1.0267338  1.01604433 1.01373644 1.00187628 0.99999644 1.00996484]

Iteration:  8300
Rhat values for alpha, beta, log(sigma^2), mean(xi), log(var(xi)), atanh(corr(xi, eta)):
[1.02744294 1.01677545 1.01236199 1.00186328 0.99999642 1.01101745]

Iteration:  8400
Rhat values for alpha, beta, log(sigma^2), mean(xi), log(var(xi)), atanh(corr(xi, eta)):
[1.02874855 1.0180615  1.01237605 1.00168093 0.99999644 1.0116951 ]

Iteration:  8500
Rhat values for alpha, beta, log(sigma^2), mean(xi), log(var(xi)), atanh(corr(xi, eta)):
[1.02953677 1.01906872 1.01259633 1.00140231 0.99999655 1.01192488]

Iteration:  8600
Rhat values for alpha, beta, log(sigma^2), mean(xi), log(var(xi)), atanh(corr(xi, eta)):
[1.02928125 1.01941235 1.01303573 1.00157527 0.99999666 1.01188318]

Iteration:  8700
Rhat values for alpha, beta, log(sigma^2), mean(xi), log(var(xi)), atanh(corr(xi, eta)):
[1.02823883 1.01907776 1.01277648 1.00155449 0.99999662 1.01177736]

Iteration:  8800
Rhat values for alpha, beta, log(sigma^2), mean(xi), log(var(xi)), atanh(corr(xi, eta)):
[1.02815775 1.01881198 1.01293742 1.00129413 0.99999661 1.01132116]

Iteration:  8900
Rhat values for alpha, beta, log(sigma^2), mean(xi), log(var(xi)), atanh(corr(xi, eta)):
[1.02681069 1.01791369 1.01323588 1.00101975 0.99999661 1.0105511 ]

Iteration:  9000
Rhat values for alpha, beta, log(sigma^2), mean(xi), log(var(xi)), atanh(corr(xi, eta)):
[1.02545143 1.01726646 1.01393464 1.00100253 0.9999966  1.00986097]

Iteration:  9100
Rhat values for alpha, beta, log(sigma^2), mean(xi), log(var(xi)), atanh(corr(xi, eta)):
[1.02394601 1.01665127 1.01536259 1.00095454 0.99999661 1.00935375]

Iteration:  9200
Rhat values for alpha, beta, log(sigma^2), mean(xi), log(var(xi)), atanh(corr(xi, eta)):
[1.02292113 1.01654399 1.01669376 1.00121467 0.99999659 1.00921063]

Iteration:  9300
Rhat values for alpha, beta, log(sigma^2), mean(xi), log(var(xi)), atanh(corr(xi, eta)):
[1.02169434 1.01640506 1.01785555 1.00146084 0.99999659 1.00920819]

Iteration:  9400
Rhat values for alpha, beta, log(sigma^2), mean(xi), log(var(xi)), atanh(corr(xi, eta)):
[1.02037019 1.01624499 1.01870722 1.00149022 0.99999658 1.00958689]

Iteration:  9500
Rhat values for alpha, beta, log(sigma^2), mean(xi), log(var(xi)), atanh(corr(xi, eta)):
[1.01968404 1.016073   1.01852513 1.00140972 0.99999644 1.00961975]

Iteration:  9600
Rhat values for alpha, beta, log(sigma^2), mean(xi), log(var(xi)), atanh(corr(xi, eta)):
[1.02043418 1.01707057 1.01765954 1.00132106 0.9999963  1.01080328]

Iteration:  9700
Rhat values for alpha, beta, log(sigma^2), mean(xi), log(var(xi)), atanh(corr(xi, eta)):
[1.02074489 1.01747478 1.01689119 1.00115659 0.99999619 1.01168947]

Iteration:  9800
Rhat values for alpha, beta, log(sigma^2), mean(xi), log(var(xi)), atanh(corr(xi, eta)):
[1.02164805 1.01819435 1.01681444 1.00142651 0.99999615 1.01169693]

Iteration:  9900
Rhat values for alpha, beta, log(sigma^2), mean(xi), log(var(xi)), atanh(corr(xi, eta)):
[1.02197564 1.01861178 1.01683236 1.00156477 0.99999332 1.01158891]

Iteration:  10000
Rhat values for alpha, beta, log(sigma^2), mean(xi), log(var(xi)), atanh(corr(xi, eta)):
[1.02244106 1.01869104 1.01642778 1.00154958 0.99999346 1.01138832]

Iteration:  10100
Rhat values for alpha, beta, log(sigma^2), mean(xi), log(var(xi)), atanh(corr(xi, eta)):
[1.02253129 1.01830423 1.01632592 1.00180242 0.99999348 1.01032906]

Iteration:  10200
Rhat values for alpha, beta, log(sigma^2), mean(xi), log(var(xi)), atanh(corr(xi, eta)):
[1.02263457 1.01796319 1.01630936 1.00178564 0.99999356 1.00952707]

Iteration:  10300
Rhat values for alpha, beta, log(sigma^2), mean(xi), log(var(xi)), atanh(corr(xi, eta)):
[1.02156714 1.01644391 1.01595717 1.00168954 0.99999366 1.00827726]

Iteration:  10400
Rhat values for alpha, beta, log(sigma^2), mean(xi), log(var(xi)), atanh(corr(xi, eta)):
[1.02181254 1.01611943 1.01597171 1.0015093  0.99999371 1.00756694]

Iteration:  10500
Rhat values for alpha, beta, log(sigma^2), mean(xi), log(var(xi)), atanh(corr(xi, eta)):
[1.02295191 1.01706891 1.01617533 1.00163963 0.9999938  1.00753118]

Iteration:  10600
Rhat values for alpha, beta, log(sigma^2), mean(xi), log(var(xi)), atanh(corr(xi, eta)):
[1.02257047 1.01670301 1.01684791 1.0016079  0.99999384 1.00699656]

Iteration:  10700
Rhat values for alpha, beta, log(sigma^2), mean(xi), log(var(xi)), atanh(corr(xi, eta)):
[1.02276699 1.01692797 1.01680052 1.00123878 0.9999938  1.0066161 ]

Iteration:  10800
Rhat values for alpha, beta, log(sigma^2), mean(xi), log(var(xi)), atanh(corr(xi, eta)):
[1.02310614 1.01741451 1.01564387 1.00124315 0.99999382 1.00678484]

Iteration:  10900
Rhat values for alpha, beta, log(sigma^2), mean(xi), log(var(xi)), atanh(corr(xi, eta)):
[1.02310275 1.01768659 1.01440595 1.00133151 0.99999376 1.00718836]

Iteration:  11000
Rhat values for alpha, beta, log(sigma^2), mean(xi), log(var(xi)), atanh(corr(xi, eta)):
[1.02355949 1.01829479 1.01278872 1.00119609 0.99999368 1.00775584]

Iteration:  11100
Rhat values for alpha, beta, log(sigma^2), mean(xi), log(var(xi)), atanh(corr(xi, eta)):
[1.02392428 1.01887724 1.01108231 1.0014748  0.99999389 1.0083247 ]

Iteration:  11200
Rhat values for alpha, beta, log(sigma^2), mean(xi), log(var(xi)), atanh(corr(xi, eta)):
[1.02285093 1.01837926 1.0097278  1.00163027 0.99999397 1.00799941]

Iteration:  11300
Rhat values for alpha, beta, log(sigma^2), mean(xi), log(var(xi)), atanh(corr(xi, eta)):
[1.02149786 1.0176482  1.00913576 1.00158502 0.99999397 1.0075997 ]

Iteration:  11400
Rhat values for alpha, beta, log(sigma^2), mean(xi), log(var(xi)), atanh(corr(xi, eta)):
[1.01983385 1.01625197 1.00811408 1.00150922 0.99999398 1.00704862]

Iteration:  11500
Rhat values for alpha, beta, log(sigma^2), mean(xi), log(var(xi)), atanh(corr(xi, eta)):
[1.01836217 1.01509231 1.00745024 1.00133105 0.99999403 1.00658722]

Iteration:  11600
Rhat values for alpha, beta, log(sigma^2), mean(xi), log(var(xi)), atanh(corr(xi, eta)):
[1.01752457 1.0141919  1.00702562 1.00147703 0.99999402 1.00624094]

Iteration:  11700
Rhat values for alpha, beta, log(sigma^2), mean(xi), log(var(xi)), atanh(corr(xi, eta)):
[1.01716762 1.01392652 1.00665894 1.00135377 0.99999401 1.00607216]

Iteration:  11800
Rhat values for alpha, beta, log(sigma^2), mean(xi), log(var(xi)), atanh(corr(xi, eta)):
[1.01761944 1.01464139 1.00695399 1.00132396 0.9999941  1.00632539]

Iteration:  11900
Rhat values for alpha, beta, log(sigma^2), mean(xi), log(var(xi)), atanh(corr(xi, eta)):
[1.01734545 1.01500901 1.00679631 1.00139846 0.9999941  1.00643941]

Iteration:  12000
Rhat values for alpha, beta, log(sigma^2), mean(xi), log(var(xi)), atanh(corr(xi, eta)):
[1.01608583 1.01437758 1.00650149 1.00140713 0.99999417 1.00605007]

Iteration:  12100
Rhat values for alpha, beta, log(sigma^2), mean(xi), log(var(xi)), atanh(corr(xi, eta)):
[1.0152839  1.01370353 1.00626651 1.00137981 0.99999355 1.00560814]

Iteration:  12200
Rhat values for alpha, beta, log(sigma^2), mean(xi), log(var(xi)), atanh(corr(xi, eta)):
[1.01384273 1.01234707 1.00599778 1.00139814 0.99999354 1.00515309]

Iteration:  12300
Rhat values for alpha, beta, log(sigma^2), mean(xi), log(var(xi)), atanh(corr(xi, eta)):
[1.01333461 1.01183741 1.0058854  1.00127705 0.99999359 1.0049271 ]

Iteration:  12400
Rhat values for alpha, beta, log(sigma^2), mean(xi), log(var(xi)), atanh(corr(xi, eta)):
[1.01337795 1.01175076 1.00509856 1.00120027 0.99999352 1.00510633]

Iteration:  12500
Rhat values for alpha, beta, log(sigma^2), mean(xi), log(var(xi)), atanh(corr(xi, eta)):
[1.01356405 1.01174361 1.00467529 1.00111109 0.99999357 1.00512542]

Iteration:  12600
Rhat values for alpha, beta, log(sigma^2), mean(xi), log(var(xi)), atanh(corr(xi, eta)):
[1.01358691 1.011322   1.00413919 1.00096337 0.99999362 1.00481312]

Iteration:  12700
Rhat values for alpha, beta, log(sigma^2), mean(xi), log(var(xi)), atanh(corr(xi, eta)):
[1.01369233 1.0113184  1.00351972 1.00083466 0.99999358 1.0047443 ]

Iteration:  12800
Rhat values for alpha, beta, log(sigma^2), mean(xi), log(var(xi)), atanh(corr(xi, eta)):
[1.01434961 1.01194772 1.00267989 1.00075133 0.99999354 1.00543199]

Iteration:  12900
Rhat values for alpha, beta, log(sigma^2), mean(xi), log(var(xi)), atanh(corr(xi, eta)):
[1.01546515 1.01290301 1.00199015 1.00066757 0.9999935  1.00624984]

Iteration:  13000
Rhat values for alpha, beta, log(sigma^2), mean(xi), log(var(xi)), atanh(corr(xi, eta)):
[1.01593133 1.01326982 1.00148299 1.00066748 0.9999935  1.00659249]

Iteration:  13100
Rhat values for alpha, beta, log(sigma^2), mean(xi), log(var(xi)), atanh(corr(xi, eta)):
[1.01623997 1.01379989 1.00101984 1.00054504 0.99999352 1.00723441]

Iteration:  13200
Rhat values for alpha, beta, log(sigma^2), mean(xi), log(var(xi)), atanh(corr(xi, eta)):
[1.01681209 1.01458545 1.00067901 1.00044205 0.99999355 1.00797727]

Iteration:  13300
Rhat values for alpha, beta, log(sigma^2), mean(xi), log(var(xi)), atanh(corr(xi, eta)):
[1.01739218 1.01526788 1.00056563 1.00044017 0.99999355 1.00846322]

Iteration:  13400
Rhat values for alpha, beta, log(sigma^2), mean(xi), log(var(xi)), atanh(corr(xi, eta)):
[1.01755467 1.01549825 1.0005001  1.00054888 0.99999364 1.00883759]

Iteration:  13500
Rhat values for alpha, beta, log(sigma^2), mean(xi), log(var(xi)), atanh(corr(xi, eta)):
[1.01834971 1.01626713 1.00056341 1.00051617 0.99999374 1.00923335]

Iteration:  13600
Rhat values for alpha, beta, log(sigma^2), mean(xi), log(var(xi)), atanh(corr(xi, eta)):
[1.01829671 1.01640886 1.0008775  1.00044469 0.99999374 1.00959258]

Iteration:  13700
Rhat values for alpha, beta, log(sigma^2), mean(xi), log(var(xi)), atanh(corr(xi, eta)):
[1.01777167 1.01622875 1.00126638 1.00056932 0.9999939  1.01017244]

Iteration:  13800
Rhat values for alpha, beta, log(sigma^2), mean(xi), log(var(xi)), atanh(corr(xi, eta)):
[1.01776507 1.01648374 1.00158522 1.00068834 0.99999395 1.0109655 ]

Iteration:  13900
Rhat values for alpha, beta, log(sigma^2), mean(xi), log(var(xi)), atanh(corr(xi, eta)):
[1.01788493 1.01651943 1.00191258 1.00072583 0.99999399 1.01105279]

Iteration:  14000
Rhat values for alpha, beta, log(sigma^2), mean(xi), log(var(xi)), atanh(corr(xi, eta)):
[1.01714436 1.01588278 1.00205492 1.0006732  0.99999403 1.01070436]

Iteration:  14100
Rhat values for alpha, beta, log(sigma^2), mean(xi), log(var(xi)), atanh(corr(xi, eta)):
[1.01657263 1.01538961 1.00199633 1.00058035 0.99999407 1.01036364]

Iteration:  14200
Rhat values for alpha, beta, log(sigma^2), mean(xi), log(var(xi)), atanh(corr(xi, eta)):
[1.01458539 1.01354764 1.00204281 1.00057712 0.99999402 1.00960111]

Iteration:  14300
Rhat values for alpha, beta, log(sigma^2), mean(xi), log(var(xi)), atanh(corr(xi, eta)):
[1.0133067  1.0124585  1.00207021 1.00049896 0.99999396 1.00954171]

Iteration:  14400
Rhat values for alpha, beta, log(sigma^2), mean(xi), log(var(xi)), atanh(corr(xi, eta)):
[1.01318176 1.01221848 1.00201984 1.00038011 0.99999389 1.00931013]

Iteration:  14500
Rhat values for alpha, beta, log(sigma^2), mean(xi), log(var(xi)), atanh(corr(xi, eta)):
[1.01308566 1.01204137 1.00194189 1.0003687  0.99999398 1.00896771]

Iteration:  14600
Rhat values for alpha, beta, log(sigma^2), mean(xi), log(var(xi)), atanh(corr(xi, eta)):
[1.01313507 1.01197796 1.00181174 1.00037212 0.99999414 1.00866123]

Iteration:  14700
Rhat values for alpha, beta, log(sigma^2), mean(xi), log(var(xi)), atanh(corr(xi, eta)):
[1.01381419 1.01248774 1.00170276 1.00042277 0.9999942  1.00893399]

Iteration:  14800
Rhat values for alpha, beta, log(sigma^2), mean(xi), log(var(xi)), atanh(corr(xi, eta)):
[1.01339038 1.01198981 1.00166966 1.00041304 0.99999429 1.00846332]

Iteration:  14900
Rhat values for alpha, beta, log(sigma^2), mean(xi), log(var(xi)), atanh(corr(xi, eta)):
[1.01229464 1.01105514 1.00162493 1.00032455 0.99999409 1.00760088]

Iteration:  15000
Rhat values for alpha, beta, log(sigma^2), mean(xi), log(var(xi)), atanh(corr(xi, eta)):
[1.01106028 1.01003022 1.00170385 1.00032192 0.99999408 1.00707703]

Iteration:  15100
Rhat values for alpha, beta, log(sigma^2), mean(xi), log(var(xi)), atanh(corr(xi, eta)):
[1.0109719  1.00995164 1.00172843 1.00034243 0.99999404 1.00696068]

Iteration:  15200
Rhat values for alpha, beta, log(sigma^2), mean(xi), log(var(xi)), atanh(corr(xi, eta)):
[1.01103057 1.0099969  1.00169537 1.00034131 0.99999594 1.00704026]

Iteration:  15300
Rhat values for alpha, beta, log(sigma^2), mean(xi), log(var(xi)), atanh(corr(xi, eta)):
[1.01026924 1.0092033  1.00175878 1.00026609 0.99999595 1.00661372]

Iteration:  15400
Rhat values for alpha, beta, log(sigma^2), mean(xi), log(var(xi)), atanh(corr(xi, eta)):
[1.01021703 1.00908805 1.00190187 1.00027606 0.99999599 1.00648433]

Iteration:  15500
Rhat values for alpha, beta, log(sigma^2), mean(xi), log(var(xi)), atanh(corr(xi, eta)):
[1.0099626  1.0088489  1.00195214 1.00025192 0.99999596 1.00635561]

Iteration:  15600
Rhat values for alpha, beta, log(sigma^2), mean(xi), log(var(xi)), atanh(corr(xi, eta)):
[1.00984903 1.00860636 1.00212812 1.00027759 0.99999603 1.00620725]

Iteration:  15700
Rhat values for alpha, beta, log(sigma^2), mean(xi), log(var(xi)), atanh(corr(xi, eta)):
[1.00904806 1.00779009 1.00226498 1.0002941  0.99999593 1.00588477]

Iteration:  15800
Rhat values for alpha, beta, log(sigma^2), mean(xi), log(var(xi)), atanh(corr(xi, eta)):
[1.00882085 1.00742638 1.00234758 1.00030393 0.99999498 1.00560142]

Iteration:  15900
Rhat values for alpha, beta, log(sigma^2), mean(xi), log(var(xi)), atanh(corr(xi, eta)):
[1.0090326  1.00758724 1.00253891 1.00026627 0.99999498 1.00574416]

Iteration:  16000
Rhat values for alpha, beta, log(sigma^2), mean(xi), log(var(xi)), atanh(corr(xi, eta)):
[1.00932933 1.00780762 1.002536   1.00023808 0.99999498 1.00609703]

Iteration:  16100
Rhat values for alpha, beta, log(sigma^2), mean(xi), log(var(xi)), atanh(corr(xi, eta)):
[1.00979235 1.00812813 1.00228242 1.00025771 0.99999508 1.00658715]

Iteration:  16200
Rhat values for alpha, beta, log(sigma^2), mean(xi), log(var(xi)), atanh(corr(xi, eta)):
[1.00990553 1.00810423 1.00202634 1.00027105 0.99999505 1.00677479]

Iteration:  16300
Rhat values for alpha, beta, log(sigma^2), mean(xi), log(var(xi)), atanh(corr(xi, eta)):
[1.00935441 1.00762322 1.00171295 1.00027957 0.99999502 1.00687219]

Iteration:  16400
Rhat values for alpha, beta, log(sigma^2), mean(xi), log(var(xi)), atanh(corr(xi, eta)):
[1.008769   1.00716221 1.00131919 1.0002544  0.99999492 1.00691274]

Iteration:  16500
Rhat values for alpha, beta, log(sigma^2), mean(xi), log(var(xi)), atanh(corr(xi, eta)):
[1.00791811 1.00654445 1.00093235 1.00027904 0.99999489 1.00671897]

Iteration:  16600
Rhat values for alpha, beta, log(sigma^2), mean(xi), log(var(xi)), atanh(corr(xi, eta)):
[1.00691143 1.00571115 1.00077779 1.00030484 0.9999949  1.00632432]

Iteration:  16700
Rhat values for alpha, beta, log(sigma^2), mean(xi), log(var(xi)), atanh(corr(xi, eta)):
[1.00616805 1.00506481 1.00062416 1.00030583 0.99999484 1.00576391]

Iteration:  16800
Rhat values for alpha, beta, log(sigma^2), mean(xi), log(var(xi)), atanh(corr(xi, eta)):
[1.00567562 1.00453214 1.00056091 1.00030481 1.00001929 1.0052215 ]

Iteration:  16900
Rhat values for alpha, beta, log(sigma^2), mean(xi), log(var(xi)), atanh(corr(xi, eta)):
[1.00539815 1.00415076 1.00049197 1.00030767 1.0000191  1.00477123]

Iteration:  17000
Rhat values for alpha, beta, log(sigma^2), mean(xi), log(var(xi)), atanh(corr(xi, eta)):
[1.00515711 1.00372629 1.00038056 1.00027216 1.00001897 1.00415584]

Iteration:  17100
Rhat values for alpha, beta, log(sigma^2), mean(xi), log(var(xi)), atanh(corr(xi, eta)):
[1.00498455 1.00348336 1.00027113 1.00021476 1.00001886 1.00396302]

Iteration:  17200
Rhat values for alpha, beta, log(sigma^2), mean(xi), log(var(xi)), atanh(corr(xi, eta)):
[1.00497926 1.00344298 1.00025181 1.00018862 1.00001872 1.00392244]

Iteration:  17300
Rhat values for alpha, beta, log(sigma^2), mean(xi), log(var(xi)), atanh(corr(xi, eta)):
[1.00508287 1.00351992 1.00022657 1.0001716  1.00001864 1.00378495]

Iteration:  17400
Rhat values for alpha, beta, log(sigma^2), mean(xi), log(var(xi)), atanh(corr(xi, eta)):
[1.00516387 1.00366017 1.00027228 1.00017851 1.00001866 1.0037935 ]

Iteration:  17500
Rhat values for alpha, beta, log(sigma^2), mean(xi), log(var(xi)), atanh(corr(xi, eta)):
[1.00514118 1.00368353 1.00036685 1.00018286 1.00001859 1.00374759]

Iteration:  17600
Rhat values for alpha, beta, log(sigma^2), mean(xi), log(var(xi)), atanh(corr(xi, eta)):
[1.00501171 1.00357796 1.00048461 1.00017481 1.00001844 1.00373641]

Iteration:  17700
Rhat values for alpha, beta, log(sigma^2), mean(xi), log(var(xi)), atanh(corr(xi, eta)):
[1.00462525 1.00327915 1.00053271 1.00018107 1.00001833 1.00350701]

Iteration:  17800
Rhat values for alpha, beta, log(sigma^2), mean(xi), log(var(xi)), atanh(corr(xi, eta)):
[1.00439418 1.00311496 1.00061458 1.00021375 1.00001817 1.00352819]

Iteration:  17900
Rhat values for alpha, beta, log(sigma^2), mean(xi), log(var(xi)), atanh(corr(xi, eta)):
[1.00460572 1.00323643 1.0006661  1.00022943 1.00001552 1.00385248]

Iteration:  18000
Rhat values for alpha, beta, log(sigma^2), mean(xi), log(var(xi)), atanh(corr(xi, eta)):
[1.00478593 1.00334481 1.00065706 1.00027644 1.00001541 1.00422397]

Iteration:  18100
Rhat values for alpha, beta, log(sigma^2), mean(xi), log(var(xi)), atanh(corr(xi, eta)):
[1.00508945 1.00352261 1.0007126  1.00028757 1.00001539 1.00448026]

Iteration:  18200
Rhat values for alpha, beta, log(sigma^2), mean(xi), log(var(xi)), atanh(corr(xi, eta)):
[1.00533921 1.00365688 1.00079245 1.00023352 1.00001537 1.00457422]

Iteration:  18300
Rhat values for alpha, beta, log(sigma^2), mean(xi), log(var(xi)), atanh(corr(xi, eta)):
[1.00560797 1.00384915 1.00075503 1.00021156 1.00001532 1.00463291]

Iteration:  18400
Rhat values for alpha, beta, log(sigma^2), mean(xi), log(var(xi)), atanh(corr(xi, eta)):
[1.00598583 1.00413127 1.0007598  1.00018508 1.00001525 1.00487308]

Iteration:  18500
Rhat values for alpha, beta, log(sigma^2), mean(xi), log(var(xi)), atanh(corr(xi, eta)):
[1.00608068 1.00425982 1.00071021 1.00020165 1.00001514 1.00500458]

Iteration:  18600
Rhat values for alpha, beta, log(sigma^2), mean(xi), log(var(xi)), atanh(corr(xi, eta)):
[1.00621692 1.00435587 1.00079392 1.00026028 1.00001504 1.00511877]

Iteration:  18700
Rhat values for alpha, beta, log(sigma^2), mean(xi), log(var(xi)), atanh(corr(xi, eta)):
[1.00600404 1.00410638 1.00095484 1.00034059 1.00001496 1.00497476]

Iteration:  18800
Rhat values for alpha, beta, log(sigma^2), mean(xi), log(var(xi)), atanh(corr(xi, eta)):
[1.0057367  1.00382009 1.00118844 1.00029053 1.00001483 1.00465558]

Iteration:  18900
Rhat values for alpha, beta, log(sigma^2), mean(xi), log(var(xi)), atanh(corr(xi, eta)):
[1.00553275 1.00366848 1.00144985 1.0003108  1.00001467 1.00461434]

Iteration:  19000
Rhat values for alpha, beta, log(sigma^2), mean(xi), log(var(xi)), atanh(corr(xi, eta)):
[1.00543676 1.00358402 1.00161839 1.00026236 1.00001463 1.00465127]

Iteration:  19100
Rhat values for alpha, beta, log(sigma^2), mean(xi), log(var(xi)), atanh(corr(xi, eta)):
[1.00550568 1.00370866 1.00175919 1.00024969 1.00001458 1.00478219]

Iteration:  19200
Rhat values for alpha, beta, log(sigma^2), mean(xi), log(var(xi)), atanh(corr(xi, eta)):
[1.00548572 1.00378944 1.00196732 1.0002426  1.00001455 1.00488336]

Iteration:  19300
Rhat values for alpha, beta, log(sigma^2), mean(xi), log(var(xi)), atanh(corr(xi, eta)):
[1.00519176 1.00362632 1.00234019 1.00023287 1.00001449 1.00475143]

Iteration:  19400
Rhat values for alpha, beta, log(sigma^2), mean(xi), log(var(xi)), atanh(corr(xi, eta)):
[1.0049171  1.00333279 1.00284867 1.0002378  1.00001441 1.00443806]

Iteration:  19500
Rhat values for alpha, beta, log(sigma^2), mean(xi), log(var(xi)), atanh(corr(xi, eta)):
[1.00491341 1.00328405 1.0033462  1.0002035  1.00001435 1.00423921]

Iteration:  19600
Rhat values for alpha, beta, log(sigma^2), mean(xi), log(var(xi)), atanh(corr(xi, eta)):
[1.00516108 1.00342912 1.003882   1.00020502 1.00001424 1.00426054]

Iteration:  19700
Rhat values for alpha, beta, log(sigma^2), mean(xi), log(var(xi)), atanh(corr(xi, eta)):
[1.00494593 1.00327049 1.00437993 1.00028726 1.00001417 1.00418398]

Iteration:  19800
Rhat values for alpha, beta, log(sigma^2), mean(xi), log(var(xi)), atanh(corr(xi, eta)):
[1.00440417 1.00280786 1.00478614 1.00036519 1.00001408 1.00388834]

Iteration:  19900
Rhat values for alpha, beta, log(sigma^2), mean(xi), log(var(xi)), atanh(corr(xi, eta)):
[1.00427459 1.00271694 1.00524121 1.000436   1.00001409 1.00389594]

Iteration:  20000
Rhat values for alpha, beta, log(sigma^2), mean(xi), log(var(xi)), atanh(corr(xi, eta)):
[1.00399176 1.00257636 1.00552784 1.00050258 1.00001404 1.00396258]
{"name": "R19_first_hr_corrected_error_diag_0.42", "n": 196, "mean": -0.006490819380682386, "sd": 0.013295301637913816, "median": -0.006301461847439398, "q16_84": [-0.019549746268679224, 0.006510844314478692], "q025_975": [-0.03331090405176531, 0.018641651709597334], "p_negative": 0.686775, "scatter_mean": 0.02357283089792149, "retained_draws": 40000, "seed": 20260928, "rhat_retained": {"alpha": 1.0149894150275496, "beta": 1.0158005389401148, "sigsqr": 1.02099679483327}}
START R19_first_hr_no_bias_error_diag_0.42 196

Iteration:  100
Rhat values for alpha, beta, log(sigma^2), mean(xi), log(var(xi)), atanh(corr(xi, eta)):
[1.03332171 1.04921583 1.07565069 1.07595526 1.29039413 1.1094467 ]

Iteration:  200
Rhat values for alpha, beta, log(sigma^2), mean(xi), log(var(xi)), atanh(corr(xi, eta)):
[1.00921673 1.02103377 1.12773775 1.0155884  1.03617134 1.05259325]

Iteration:  300
Rhat values for alpha, beta, log(sigma^2), mean(xi), log(var(xi)), atanh(corr(xi, eta)):
[1.00978544 1.01893671 1.16228057 1.01311851 1.01746685 1.02258108]

Iteration:  400
Rhat values for alpha, beta, log(sigma^2), mean(xi), log(var(xi)), atanh(corr(xi, eta)):
[1.02499584 1.03112569 1.09094716 1.00478844 1.03727491 1.06430218]

Iteration:  500
Rhat values for alpha, beta, log(sigma^2), mean(xi), log(var(xi)), atanh(corr(xi, eta)):
[1.05272178 1.05519274 1.10816566 1.00074254 1.05841682 1.13544598]

Iteration:  600
Rhat values for alpha, beta, log(sigma^2), mean(xi), log(var(xi)), atanh(corr(xi, eta)):
[1.07694068 1.07741515 1.16528815 1.00239804 1.02261123 1.20173192]

Iteration:  700
Rhat values for alpha, beta, log(sigma^2), mean(xi), log(var(xi)), atanh(corr(xi, eta)):
[1.08739302 1.08688215 1.2111775  1.00511581 1.02316866 1.2021164 ]

Iteration:  800
Rhat values for alpha, beta, log(sigma^2), mean(xi), log(var(xi)), atanh(corr(xi, eta)):
[1.09051975 1.09006138 1.2578049  0.99995031 1.0198177  1.17165448]

Iteration:  900
Rhat values for alpha, beta, log(sigma^2), mean(xi), log(var(xi)), atanh(corr(xi, eta)):
[1.09543108 1.09204831 1.31562297 1.00249421 1.01824848 1.17925362]

Iteration:  1000
Rhat values for alpha, beta, log(sigma^2), mean(xi), log(var(xi)), atanh(corr(xi, eta)):
[1.09748217 1.09121326 1.36506778 1.00157691 1.00917232 1.17023487]

Iteration:  1100
Rhat values for alpha, beta, log(sigma^2), mean(xi), log(var(xi)), atanh(corr(xi, eta)):
[1.10041765 1.09261273 1.41209594 1.00047662 1.00749716 1.16214858]

Iteration:  1200
Rhat values for alpha, beta, log(sigma^2), mean(xi), log(var(xi)), atanh(corr(xi, eta)):
[1.1105072  1.10285292 1.45484673 1.00264854 1.00470141 1.1729255 ]

Iteration:  1300
Rhat values for alpha, beta, log(sigma^2), mean(xi), log(var(xi)), atanh(corr(xi, eta)):
[1.10997449 1.10567444 1.48322283 1.00421097 1.00293257 1.17129179]

Iteration:  1400
Rhat values for alpha, beta, log(sigma^2), mean(xi), log(var(xi)), atanh(corr(xi, eta)):
[1.10565303 1.10240467 1.50544811 1.00432877 1.00332072 1.16411725]

Iteration:  1500
Rhat values for alpha, beta, log(sigma^2), mean(xi), log(var(xi)), atanh(corr(xi, eta)):
[1.09254576 1.09140457 1.50139347 1.00355144 1.00054375 1.15193   ]

Iteration:  1600
Rhat values for alpha, beta, log(sigma^2), mean(xi), log(var(xi)), atanh(corr(xi, eta)):
[1.08223388 1.07732304 1.45824326 1.00441622 1.00005343 1.14493268]

Iteration:  1700
Rhat values for alpha, beta, log(sigma^2), mean(xi), log(var(xi)), atanh(corr(xi, eta)):
[1.07608177 1.06981383 1.40677662 1.00470985 1.00007601 1.11988221]

Iteration:  1800
Rhat values for alpha, beta, log(sigma^2), mean(xi), log(var(xi)), atanh(corr(xi, eta)):
[1.08220942 1.07423204 1.38350537 1.00588179 0.99988043 1.09739333]

Iteration:  1900
Rhat values for alpha, beta, log(sigma^2), mean(xi), log(var(xi)), atanh(corr(xi, eta)):
[1.08442045 1.07499919 1.34389851 1.00726823 0.99983257 1.09201329]

Iteration:  2000
Rhat values for alpha, beta, log(sigma^2), mean(xi), log(var(xi)), atanh(corr(xi, eta)):
[1.07289999 1.06368276 1.29917948 1.01061212 0.99999473 1.08108982]

Iteration:  2100
Rhat values for alpha, beta, log(sigma^2), mean(xi), log(var(xi)), atanh(corr(xi, eta)):
[1.069458   1.05962486 1.26428552 1.00902359 1.00014039 1.07240332]

Iteration:  2200
Rhat values for alpha, beta, log(sigma^2), mean(xi), log(var(xi)), atanh(corr(xi, eta)):
[1.0611506  1.04894263 1.25385259 1.00972564 1.00041386 1.07053711]

Iteration:  2300
Rhat values for alpha, beta, log(sigma^2), mean(xi), log(var(xi)), atanh(corr(xi, eta)):
[1.05007215 1.03817694 1.25429166 1.0070699  1.0004697  1.06895706]

Iteration:  2400
Rhat values for alpha, beta, log(sigma^2), mean(xi), log(var(xi)), atanh(corr(xi, eta)):
[1.04451374 1.03151587 1.2396033  1.00723588 1.00080389 1.06466141]

Iteration:  2500
Rhat values for alpha, beta, log(sigma^2), mean(xi), log(var(xi)), atanh(corr(xi, eta)):
[1.04375635 1.02890213 1.2334974  1.00821361 1.00100313 1.06894113]

Iteration:  2600
Rhat values for alpha, beta, log(sigma^2), mean(xi), log(var(xi)), atanh(corr(xi, eta)):
[1.04649262 1.0305518  1.21995285 1.00961629 1.00144621 1.07484874]

Iteration:  2700
Rhat values for alpha, beta, log(sigma^2), mean(xi), log(var(xi)), atanh(corr(xi, eta)):
[1.04683494 1.03074809 1.20649251 1.00957393 1.00150662 1.07948339]

Iteration:  2800
Rhat values for alpha, beta, log(sigma^2), mean(xi), log(var(xi)), atanh(corr(xi, eta)):
[1.04921826 1.03211775 1.20068835 1.01083736 1.00159877 1.08459858]

Iteration:  2900
Rhat values for alpha, beta, log(sigma^2), mean(xi), log(var(xi)), atanh(corr(xi, eta)):
[1.05535751 1.03715839 1.19502923 1.01303018 1.00212358 1.09535205]

Iteration:  3000
Rhat values for alpha, beta, log(sigma^2), mean(xi), log(var(xi)), atanh(corr(xi, eta)):
[1.05383079 1.03639124 1.18746239 1.01719904 1.00217271 1.10470865]

Iteration:  3100
Rhat values for alpha, beta, log(sigma^2), mean(xi), log(var(xi)), atanh(corr(xi, eta)):
[1.05622083 1.03802675 1.18176048 1.02242457 1.00265581 1.11366241]

Iteration:  3200
Rhat values for alpha, beta, log(sigma^2), mean(xi), log(var(xi)), atanh(corr(xi, eta)):
[1.05945113 1.04131983 1.17324911 1.02406093 1.00303567 1.11890987]

Iteration:  3300
Rhat values for alpha, beta, log(sigma^2), mean(xi), log(var(xi)), atanh(corr(xi, eta)):
[1.06156167 1.04372278 1.1696823  1.02073112 1.00341456 1.12231025]

Iteration:  3400
Rhat values for alpha, beta, log(sigma^2), mean(xi), log(var(xi)), atanh(corr(xi, eta)):
[1.06733795 1.04937906 1.16433092 1.01598318 1.00297837 1.1156433 ]

Iteration:  3500
Rhat values for alpha, beta, log(sigma^2), mean(xi), log(var(xi)), atanh(corr(xi, eta)):
[1.07166095 1.05400638 1.15857033 1.01622644 1.00392152 1.11045032]

Iteration:  3600
Rhat values for alpha, beta, log(sigma^2), mean(xi), log(var(xi)), atanh(corr(xi, eta)):
[1.07353239 1.05648128 1.14018817 1.01624508 1.00417483 1.09782313]

Iteration:  3700
Rhat values for alpha, beta, log(sigma^2), mean(xi), log(var(xi)), atanh(corr(xi, eta)):
[1.0729372  1.05765451 1.12643193 1.01544608 1.00443798 1.08750146]

Iteration:  3800
Rhat values for alpha, beta, log(sigma^2), mean(xi), log(var(xi)), atanh(corr(xi, eta)):
[1.06826613 1.05495911 1.12283723 1.01564762 1.00318493 1.08112407]

Iteration:  3900
Rhat values for alpha, beta, log(sigma^2), mean(xi), log(var(xi)), atanh(corr(xi, eta)):
[1.06063629 1.0493973  1.12340799 1.01507588 1.00303976 1.07653228]

Iteration:  4000
Rhat values for alpha, beta, log(sigma^2), mean(xi), log(var(xi)), atanh(corr(xi, eta)):
[1.05467859 1.04416715 1.12296299 1.01500455 1.00317882 1.07286731]

Iteration:  4100
Rhat values for alpha, beta, log(sigma^2), mean(xi), log(var(xi)), atanh(corr(xi, eta)):
[1.05066269 1.04038551 1.12403071 1.01570451 1.00325981 1.06753644]

Iteration:  4200
Rhat values for alpha, beta, log(sigma^2), mean(xi), log(var(xi)), atanh(corr(xi, eta)):
[1.05093152 1.03893069 1.12077852 1.01518924 1.00200576 1.06292049]

Iteration:  4300
Rhat values for alpha, beta, log(sigma^2), mean(xi), log(var(xi)), atanh(corr(xi, eta)):
[1.05103267 1.0379102  1.12038272 1.01563572 1.00203748 1.05977523]

Iteration:  4400
Rhat values for alpha, beta, log(sigma^2), mean(xi), log(var(xi)), atanh(corr(xi, eta)):
[1.05190284 1.03760102 1.12284405 1.0154717  1.00190195 1.05803466]

Iteration:  4500
Rhat values for alpha, beta, log(sigma^2), mean(xi), log(var(xi)), atanh(corr(xi, eta)):
[1.05224176 1.03724226 1.13037454 1.0150761  1.00180048 1.05732584]

Iteration:  4600
Rhat values for alpha, beta, log(sigma^2), mean(xi), log(var(xi)), atanh(corr(xi, eta)):
[1.05503495 1.03943828 1.13356393 1.01628326 1.00192415 1.05561381]

Iteration:  4700
Rhat values for alpha, beta, log(sigma^2), mean(xi), log(var(xi)), atanh(corr(xi, eta)):
[1.05738667 1.04186977 1.13488717 1.01607011 1.0021953  1.05295307]

Iteration:  4800
Rhat values for alpha, beta, log(sigma^2), mean(xi), log(var(xi)), atanh(corr(xi, eta)):
[1.05559654 1.04075496 1.1330154  1.0169447  1.00234588 1.04630731]

Iteration:  4900
Rhat values for alpha, beta, log(sigma^2), mean(xi), log(var(xi)), atanh(corr(xi, eta)):
[1.05336124 1.03961468 1.1297726  1.01478935 1.00210575 1.04072212]

Iteration:  5000
Rhat values for alpha, beta, log(sigma^2), mean(xi), log(var(xi)), atanh(corr(xi, eta)):
[1.05364462 1.04052127 1.1323394  1.01322759 1.00192182 1.04054689]

Iteration:  5100
Rhat values for alpha, beta, log(sigma^2), mean(xi), log(var(xi)), atanh(corr(xi, eta)):
[1.05530869 1.04195749 1.13316176 1.01316867 1.00200743 1.03827536]

Iteration:  5200
Rhat values for alpha, beta, log(sigma^2), mean(xi), log(var(xi)), atanh(corr(xi, eta)):
[1.05388751 1.04057952 1.13077255 1.01473053 1.00217738 1.03323805]

Iteration:  5300
Rhat values for alpha, beta, log(sigma^2), mean(xi), log(var(xi)), atanh(corr(xi, eta)):
[1.05132865 1.03800062 1.13000604 1.01356614 1.00216469 1.03139276]

Iteration:  5400
Rhat values for alpha, beta, log(sigma^2), mean(xi), log(var(xi)), atanh(corr(xi, eta)):
[1.04555181 1.03254715 1.12514054 1.01176537 1.00196483 1.0283102 ]

Iteration:  5500
Rhat values for alpha, beta, log(sigma^2), mean(xi), log(var(xi)), atanh(corr(xi, eta)):
[1.04310169 1.03037462 1.12156481 1.0112095  1.00185305 1.02626078]

Iteration:  5600
Rhat values for alpha, beta, log(sigma^2), mean(xi), log(var(xi)), atanh(corr(xi, eta)):
[1.04300609 1.03091212 1.11620539 1.01190553 1.00174392 1.02537643]

Iteration:  5700
Rhat values for alpha, beta, log(sigma^2), mean(xi), log(var(xi)), atanh(corr(xi, eta)):
[1.04091057 1.02928745 1.10632912 1.01220985 1.00174704 1.02374271]

Iteration:  5800
Rhat values for alpha, beta, log(sigma^2), mean(xi), log(var(xi)), atanh(corr(xi, eta)):
[1.03766267 1.02661336 1.09540015 1.01112683 1.00184128 1.01958952]

Iteration:  5900
Rhat values for alpha, beta, log(sigma^2), mean(xi), log(var(xi)), atanh(corr(xi, eta)):
[1.03471504 1.02408529 1.0837337  1.01101718 1.00093617 1.01414056]

Iteration:  6000
Rhat values for alpha, beta, log(sigma^2), mean(xi), log(var(xi)), atanh(corr(xi, eta)):
[1.03149505 1.02138147 1.07491243 1.01022156 1.00051437 1.01067553]

Iteration:  6100
Rhat values for alpha, beta, log(sigma^2), mean(xi), log(var(xi)), atanh(corr(xi, eta)):
[1.03090293 1.02093223 1.06882359 1.00916712 1.0005182  1.00958673]

Iteration:  6200
Rhat values for alpha, beta, log(sigma^2), mean(xi), log(var(xi)), atanh(corr(xi, eta)):
[1.03236594 1.02246293 1.06510109 1.00811724 1.00053902 1.00954531]

Iteration:  6300
Rhat values for alpha, beta, log(sigma^2), mean(xi), log(var(xi)), atanh(corr(xi, eta)):
[1.0342553  1.02467338 1.06353772 1.00795983 1.00062623 1.00871556]

Iteration:  6400
Rhat values for alpha, beta, log(sigma^2), mean(xi), log(var(xi)), atanh(corr(xi, eta)):
[1.0347659  1.02596823 1.0597074  1.00809879 1.00061559 1.00844325]

Iteration:  6500
Rhat values for alpha, beta, log(sigma^2), mean(xi), log(var(xi)), atanh(corr(xi, eta)):
[1.03529823 1.02703127 1.05465225 1.00773908 1.0005887  1.00975617]

Iteration:  6600
Rhat values for alpha, beta, log(sigma^2), mean(xi), log(var(xi)), atanh(corr(xi, eta)):
[1.03442458 1.02633079 1.05054656 1.00773327 1.00073528 1.0097975 ]

Iteration:  6700
Rhat values for alpha, beta, log(sigma^2), mean(xi), log(var(xi)), atanh(corr(xi, eta)):
[1.03154516 1.0241973  1.04848563 1.00823749 1.00073368 1.00862328]

Iteration:  6800
Rhat values for alpha, beta, log(sigma^2), mean(xi), log(var(xi)), atanh(corr(xi, eta)):
[1.0297803  1.02266998 1.04679349 1.00840241 1.00072291 1.00792354]

Iteration:  6900
Rhat values for alpha, beta, log(sigma^2), mean(xi), log(var(xi)), atanh(corr(xi, eta)):
[1.02858328 1.02212736 1.04761389 1.00893592 1.00072021 1.00750857]

Iteration:  7000
Rhat values for alpha, beta, log(sigma^2), mean(xi), log(var(xi)), atanh(corr(xi, eta)):
[1.02920944 1.02294069 1.04780239 1.00910428 1.00071324 1.00774148]

Iteration:  7100
Rhat values for alpha, beta, log(sigma^2), mean(xi), log(var(xi)), atanh(corr(xi, eta)):
[1.02813933 1.02168617 1.04597473 1.00938043 1.00067938 1.00726406]

Iteration:  7200
Rhat values for alpha, beta, log(sigma^2), mean(xi), log(var(xi)), atanh(corr(xi, eta)):
[1.02764839 1.02101581 1.04560222 1.00872633 1.00066066 1.0068792 ]

Iteration:  7300
Rhat values for alpha, beta, log(sigma^2), mean(xi), log(var(xi)), atanh(corr(xi, eta)):
[1.0277943  1.02150232 1.04494171 1.00937453 1.00067985 1.0070747 ]

Iteration:  7400
Rhat values for alpha, beta, log(sigma^2), mean(xi), log(var(xi)), atanh(corr(xi, eta)):
[1.0289995  1.02233669 1.04526527 1.00959243 1.00066962 1.00753995]

Iteration:  7500
Rhat values for alpha, beta, log(sigma^2), mean(xi), log(var(xi)), atanh(corr(xi, eta)):
[1.03099443 1.02392221 1.04574962 1.00767925 1.00059183 1.00808978]

Iteration:  7600
Rhat values for alpha, beta, log(sigma^2), mean(xi), log(var(xi)), atanh(corr(xi, eta)):
[1.03296315 1.02533425 1.0460515  1.00793545 1.00059079 1.00810992]

Iteration:  7700
Rhat values for alpha, beta, log(sigma^2), mean(xi), log(var(xi)), atanh(corr(xi, eta)):
[1.03269379 1.02463328 1.04686341 1.00794443 1.00054503 1.0073882 ]

Iteration:  7800
Rhat values for alpha, beta, log(sigma^2), mean(xi), log(var(xi)), atanh(corr(xi, eta)):
[1.03271185 1.02472886 1.04792191 1.00819115 1.00048791 1.00671333]

Iteration:  7900
Rhat values for alpha, beta, log(sigma^2), mean(xi), log(var(xi)), atanh(corr(xi, eta)):
[1.03205717 1.02385349 1.04910532 1.0080674  1.0004895  1.00607523]

Iteration:  8000
Rhat values for alpha, beta, log(sigma^2), mean(xi), log(var(xi)), atanh(corr(xi, eta)):
[1.02990593 1.02258872 1.05024239 1.00778883 1.00049528 1.00476122]

Iteration:  8100
Rhat values for alpha, beta, log(sigma^2), mean(xi), log(var(xi)), atanh(corr(xi, eta)):
[1.02947599 1.02321426 1.04742904 1.00740261 1.00049976 1.00448431]

Iteration:  8200
Rhat values for alpha, beta, log(sigma^2), mean(xi), log(var(xi)), atanh(corr(xi, eta)):
[1.03066592 1.02504534 1.04256623 1.00751678 1.00050914 1.00499789]

Iteration:  8300
Rhat values for alpha, beta, log(sigma^2), mean(xi), log(var(xi)), atanh(corr(xi, eta)):
[1.03119437 1.02585073 1.04053474 1.00741971 1.00051961 1.00551481]

Iteration:  8400
Rhat values for alpha, beta, log(sigma^2), mean(xi), log(var(xi)), atanh(corr(xi, eta)):
[1.03144079 1.0268025  1.03832617 1.0072705  1.00060114 1.00596862]

Iteration:  8500
Rhat values for alpha, beta, log(sigma^2), mean(xi), log(var(xi)), atanh(corr(xi, eta)):
[1.03083313 1.02651144 1.038384   1.00699078 1.00059118 1.00566954]

Iteration:  8600
Rhat values for alpha, beta, log(sigma^2), mean(xi), log(var(xi)), atanh(corr(xi, eta)):
[1.03107422 1.02732274 1.03773477 1.00651327 1.00060634 1.00590994]

Iteration:  8700
Rhat values for alpha, beta, log(sigma^2), mean(xi), log(var(xi)), atanh(corr(xi, eta)):
[1.02912446 1.02610719 1.03804231 1.00619033 1.00057753 1.00525484]

Iteration:  8800
Rhat values for alpha, beta, log(sigma^2), mean(xi), log(var(xi)), atanh(corr(xi, eta)):
[1.02751287 1.02565925 1.03861407 1.00653281 1.00057706 1.00484465]

Iteration:  8900
Rhat values for alpha, beta, log(sigma^2), mean(xi), log(var(xi)), atanh(corr(xi, eta)):
[1.02731885 1.02606306 1.03979762 1.00678939 1.00058396 1.00501705]

Iteration:  9000
Rhat values for alpha, beta, log(sigma^2), mean(xi), log(var(xi)), atanh(corr(xi, eta)):
[1.02841131 1.02705669 1.03946376 1.00611985 1.00054749 1.00577588]

Iteration:  9100
Rhat values for alpha, beta, log(sigma^2), mean(xi), log(var(xi)), atanh(corr(xi, eta)):
[1.03012942 1.028509   1.03989369 1.00593864 1.00050229 1.00697114]

Iteration:  9200
Rhat values for alpha, beta, log(sigma^2), mean(xi), log(var(xi)), atanh(corr(xi, eta)):
[1.03121236 1.02937125 1.04165647 1.0057489  1.00050543 1.00738161]

Iteration:  9300
Rhat values for alpha, beta, log(sigma^2), mean(xi), log(var(xi)), atanh(corr(xi, eta)):
[1.03245933 1.03029716 1.04030507 1.0058601  1.00048057 1.00881314]

Iteration:  9400
Rhat values for alpha, beta, log(sigma^2), mean(xi), log(var(xi)), atanh(corr(xi, eta)):
[1.03412434 1.0316512  1.03804426 1.00581431 1.00049366 1.01030819]

Iteration:  9500
Rhat values for alpha, beta, log(sigma^2), mean(xi), log(var(xi)), atanh(corr(xi, eta)):
[1.03513203 1.03236798 1.03554578 1.00624263 1.00049581 1.011257  ]

Iteration:  9600
Rhat values for alpha, beta, log(sigma^2), mean(xi), log(var(xi)), atanh(corr(xi, eta)):
[1.03460173 1.03197172 1.03213466 1.00595508 1.00043499 1.01139925]

Iteration:  9700
Rhat values for alpha, beta, log(sigma^2), mean(xi), log(var(xi)), atanh(corr(xi, eta)):
[1.03370184 1.03120186 1.03018626 1.00557601 1.00039741 1.01123403]

Iteration:  9800
Rhat values for alpha, beta, log(sigma^2), mean(xi), log(var(xi)), atanh(corr(xi, eta)):
[1.03135425 1.02874479 1.02732488 1.00583401 1.00036811 1.01129592]

Iteration:  9900
Rhat values for alpha, beta, log(sigma^2), mean(xi), log(var(xi)), atanh(corr(xi, eta)):
[1.0271805  1.02479756 1.0255535  1.00617792 1.00037919 1.01070228]

Iteration:  10000
Rhat values for alpha, beta, log(sigma^2), mean(xi), log(var(xi)), atanh(corr(xi, eta)):
[1.02520274 1.02287649 1.02370617 1.00638259 1.00044801 1.01050613]

Iteration:  10100
Rhat values for alpha, beta, log(sigma^2), mean(xi), log(var(xi)), atanh(corr(xi, eta)):
[1.02505081 1.02252618 1.02223214 1.0067997  1.00049319 1.01124086]

Iteration:  10200
Rhat values for alpha, beta, log(sigma^2), mean(xi), log(var(xi)), atanh(corr(xi, eta)):
[1.0248052  1.02194571 1.02072524 1.00698308 1.00048487 1.01147832]

Iteration:  10300
Rhat values for alpha, beta, log(sigma^2), mean(xi), log(var(xi)), atanh(corr(xi, eta)):
[1.02437394 1.02148939 1.01827914 1.00720805 1.00049221 1.01131066]

Iteration:  10400
Rhat values for alpha, beta, log(sigma^2), mean(xi), log(var(xi)), atanh(corr(xi, eta)):
[1.02450267 1.02156025 1.01588725 1.00744936 1.00049385 1.01159897]

Iteration:  10500
Rhat values for alpha, beta, log(sigma^2), mean(xi), log(var(xi)), atanh(corr(xi, eta)):
[1.02370987 1.02088569 1.0142111  1.00747317 1.00050989 1.01154092]

Iteration:  10600
Rhat values for alpha, beta, log(sigma^2), mean(xi), log(var(xi)), atanh(corr(xi, eta)):
[1.02276626 1.0203408  1.01315791 1.00746187 1.00057742 1.01121215]

Iteration:  10700
Rhat values for alpha, beta, log(sigma^2), mean(xi), log(var(xi)), atanh(corr(xi, eta)):
[1.02354588 1.02130046 1.01247384 1.00687781 1.00057473 1.0124632 ]

Iteration:  10800
Rhat values for alpha, beta, log(sigma^2), mean(xi), log(var(xi)), atanh(corr(xi, eta)):
[1.02372868 1.02186213 1.0118106  1.00698193 1.00057462 1.01318462]

Iteration:  10900
Rhat values for alpha, beta, log(sigma^2), mean(xi), log(var(xi)), atanh(corr(xi, eta)):
[1.02324286 1.0217195  1.01108229 1.0064781  1.00054584 1.01355203]

Iteration:  11000
Rhat values for alpha, beta, log(sigma^2), mean(xi), log(var(xi)), atanh(corr(xi, eta)):
[1.0222374  1.02067651 1.01023094 1.00625254 1.00054695 1.01364867]

Iteration:  11100
Rhat values for alpha, beta, log(sigma^2), mean(xi), log(var(xi)), atanh(corr(xi, eta)):
[1.0217803  1.02017448 1.00963348 1.00592213 1.00047975 1.0140272 ]

Iteration:  11200
Rhat values for alpha, beta, log(sigma^2), mean(xi), log(var(xi)), atanh(corr(xi, eta)):
[1.02185823 1.02024316 1.00921041 1.00549686 1.00043448 1.01458118]

Iteration:  11300
Rhat values for alpha, beta, log(sigma^2), mean(xi), log(var(xi)), atanh(corr(xi, eta)):
[1.02212565 1.02059627 1.00856721 1.00576101 1.00032906 1.01569493]

Iteration:  11400
Rhat values for alpha, beta, log(sigma^2), mean(xi), log(var(xi)), atanh(corr(xi, eta)):
[1.02250384 1.02084139 1.00768947 1.00588635 1.00032633 1.01700614]

Iteration:  11500
Rhat values for alpha, beta, log(sigma^2), mean(xi), log(var(xi)), atanh(corr(xi, eta)):
[1.02145589 1.02001002 1.00746159 1.00586506 1.00033565 1.01769513]

Iteration:  11600
Rhat values for alpha, beta, log(sigma^2), mean(xi), log(var(xi)), atanh(corr(xi, eta)):
[1.02110579 1.01997135 1.0072783  1.00592507 1.00035415 1.01865266]

Iteration:  11700
Rhat values for alpha, beta, log(sigma^2), mean(xi), log(var(xi)), atanh(corr(xi, eta)):
[1.02086488 1.01983517 1.00697649 1.0060265  1.00037839 1.01960305]

Iteration:  11800
Rhat values for alpha, beta, log(sigma^2), mean(xi), log(var(xi)), atanh(corr(xi, eta)):
[1.02117176 1.02023685 1.00694952 1.00664769 1.00040976 1.02091528]

Iteration:  11900
Rhat values for alpha, beta, log(sigma^2), mean(xi), log(var(xi)), atanh(corr(xi, eta)):
[1.02159188 1.02055325 1.00674753 1.00663903 1.00017817 1.02154162]

Iteration:  12000
Rhat values for alpha, beta, log(sigma^2), mean(xi), log(var(xi)), atanh(corr(xi, eta)):
[1.02185866 1.02084844 1.0062099  1.00621104 1.00019093 1.021946  ]

Iteration:  12100
Rhat values for alpha, beta, log(sigma^2), mean(xi), log(var(xi)), atanh(corr(xi, eta)):
[1.02264732 1.02160327 1.00586638 1.00580482 1.00019502 1.02268922]

Iteration:  12200
Rhat values for alpha, beta, log(sigma^2), mean(xi), log(var(xi)), atanh(corr(xi, eta)):
[1.02260005 1.02155103 1.00509054 1.00582786 1.00020092 1.02276923]

Iteration:  12300
Rhat values for alpha, beta, log(sigma^2), mean(xi), log(var(xi)), atanh(corr(xi, eta)):
[1.02285384 1.02170887 1.00394022 1.00571702 1.0002159  1.02264134]

Iteration:  12400
Rhat values for alpha, beta, log(sigma^2), mean(xi), log(var(xi)), atanh(corr(xi, eta)):
[1.02242503 1.02125529 1.00330966 1.00566419 1.00022075 1.02186728]

Iteration:  12500
Rhat values for alpha, beta, log(sigma^2), mean(xi), log(var(xi)), atanh(corr(xi, eta)):
[1.02176708 1.02054716 1.00301992 1.00570487 1.0002778  1.02108267]

Iteration:  12600
Rhat values for alpha, beta, log(sigma^2), mean(xi), log(var(xi)), atanh(corr(xi, eta)):
[1.02156555 1.0202754  1.00314873 1.00519648 1.00027854 1.02048822]

Iteration:  12700
Rhat values for alpha, beta, log(sigma^2), mean(xi), log(var(xi)), atanh(corr(xi, eta)):
[1.02149109 1.02047205 1.00297181 1.00479901 1.00027182 1.02078501]

Iteration:  12800
Rhat values for alpha, beta, log(sigma^2), mean(xi), log(var(xi)), atanh(corr(xi, eta)):
[1.02323869 1.02214259 1.00286722 1.00459771 1.0002727  1.02200846]

Iteration:  12900
Rhat values for alpha, beta, log(sigma^2), mean(xi), log(var(xi)), atanh(corr(xi, eta)):
[1.02415582 1.02304067 1.00283526 1.00463518 1.00026616 1.02289795]

Iteration:  13000
Rhat values for alpha, beta, log(sigma^2), mean(xi), log(var(xi)), atanh(corr(xi, eta)):
[1.02392762 1.02280135 1.00300184 1.00425178 1.00025687 1.02293409]

Iteration:  13100
Rhat values for alpha, beta, log(sigma^2), mean(xi), log(var(xi)), atanh(corr(xi, eta)):
[1.0233265  1.02211798 1.00300077 1.00437325 1.00025268 1.02259397]

Iteration:  13200
Rhat values for alpha, beta, log(sigma^2), mean(xi), log(var(xi)), atanh(corr(xi, eta)):
[1.02251405 1.02152525 1.00312495 1.00433169 1.00025047 1.0226355 ]

Iteration:  13300
Rhat values for alpha, beta, log(sigma^2), mean(xi), log(var(xi)), atanh(corr(xi, eta)):
[1.02316422 1.0220859  1.00335707 1.0043049  1.00024513 1.02317243]

Iteration:  13400
Rhat values for alpha, beta, log(sigma^2), mean(xi), log(var(xi)), atanh(corr(xi, eta)):
[1.02342257 1.02247978 1.00330015 1.00398189 1.00016197 1.02330773]

Iteration:  13500
Rhat values for alpha, beta, log(sigma^2), mean(xi), log(var(xi)), atanh(corr(xi, eta)):
[1.02306255 1.02227175 1.00307983 1.00389322 1.00014752 1.02322499]

Iteration:  13600
Rhat values for alpha, beta, log(sigma^2), mean(xi), log(var(xi)), atanh(corr(xi, eta)):
[1.02312729 1.02240911 1.00313848 1.00383235 1.00012774 1.02329402]

Iteration:  13700
Rhat values for alpha, beta, log(sigma^2), mean(xi), log(var(xi)), atanh(corr(xi, eta)):
[1.02309621 1.02264522 1.00317223 1.00391068 1.00012684 1.02345494]

Iteration:  13800
Rhat values for alpha, beta, log(sigma^2), mean(xi), log(var(xi)), atanh(corr(xi, eta)):
[1.02282314 1.02246356 1.00295679 1.0036982  0.99999623 1.02324188]

Iteration:  13900
Rhat values for alpha, beta, log(sigma^2), mean(xi), log(var(xi)), atanh(corr(xi, eta)):
[1.02282998 1.02245183 1.00245059 1.00374263 0.99999675 1.02301969]

Iteration:  14000
Rhat values for alpha, beta, log(sigma^2), mean(xi), log(var(xi)), atanh(corr(xi, eta)):
[1.02271024 1.02223685 1.00196078 1.00364196 0.99998804 1.02211809]

Iteration:  14100
Rhat values for alpha, beta, log(sigma^2), mean(xi), log(var(xi)), atanh(corr(xi, eta)):
[1.02255125 1.0219638  1.00183597 1.00391924 0.99999667 1.02244988]

Iteration:  14200
Rhat values for alpha, beta, log(sigma^2), mean(xi), log(var(xi)), atanh(corr(xi, eta)):
[1.02335539 1.02264759 1.00156161 1.00396545 0.99999675 1.0228728 ]

Iteration:  14300
Rhat values for alpha, beta, log(sigma^2), mean(xi), log(var(xi)), atanh(corr(xi, eta)):
[1.02359753 1.02308113 1.00130621 1.00367568 0.99999739 1.02317687]

Iteration:  14400
Rhat values for alpha, beta, log(sigma^2), mean(xi), log(var(xi)), atanh(corr(xi, eta)):
[1.0229218  1.02273478 1.00122688 1.00380032 0.99999665 1.02214708]

Iteration:  14500
Rhat values for alpha, beta, log(sigma^2), mean(xi), log(var(xi)), atanh(corr(xi, eta)):
[1.02239024 1.0224303  1.00125577 1.00415323 0.99999596 1.0217962 ]

Iteration:  14600
Rhat values for alpha, beta, log(sigma^2), mean(xi), log(var(xi)), atanh(corr(xi, eta)):
[1.02198236 1.02222683 1.00127311 1.00417234 0.99999499 1.0218296 ]

Iteration:  14700
Rhat values for alpha, beta, log(sigma^2), mean(xi), log(var(xi)), atanh(corr(xi, eta)):
[1.02154952 1.02206569 1.00136771 1.00419132 0.99999442 1.02184229]

Iteration:  14800
Rhat values for alpha, beta, log(sigma^2), mean(xi), log(var(xi)), atanh(corr(xi, eta)):
[1.02095203 1.02185222 1.00141533 1.00413317 0.99999431 1.02195627]

Iteration:  14900
Rhat values for alpha, beta, log(sigma^2), mean(xi), log(var(xi)), atanh(corr(xi, eta)):
[1.02056673 1.021758   1.0015121  1.00409826 0.99999357 1.02175538]

Iteration:  15000
Rhat values for alpha, beta, log(sigma^2), mean(xi), log(var(xi)), atanh(corr(xi, eta)):
[1.02063083 1.02178951 1.00156726 1.00387867 0.99999234 1.0219227 ]

Iteration:  15100
Rhat values for alpha, beta, log(sigma^2), mean(xi), log(var(xi)), atanh(corr(xi, eta)):
[1.02136024 1.022452   1.00150693 1.00398239 0.99999189 1.02289557]

Iteration:  15200
Rhat values for alpha, beta, log(sigma^2), mean(xi), log(var(xi)), atanh(corr(xi, eta)):
[1.02205818 1.02327929 1.00136263 1.00382929 0.99999178 1.02395539]

Iteration:  15300
Rhat values for alpha, beta, log(sigma^2), mean(xi), log(var(xi)), atanh(corr(xi, eta)):
[1.02222199 1.02358443 1.00130546 1.0037906  0.99999395 1.02466753]

Iteration:  15400
Rhat values for alpha, beta, log(sigma^2), mean(xi), log(var(xi)), atanh(corr(xi, eta)):
[1.0223819  1.02360976 1.00136222 1.00363494 0.99999443 1.02506754]

Iteration:  15500
Rhat values for alpha, beta, log(sigma^2), mean(xi), log(var(xi)), atanh(corr(xi, eta)):
[1.02224481 1.02326446 1.00141417 1.00347449 0.99999415 1.02513083]

Iteration:  15600
Rhat values for alpha, beta, log(sigma^2), mean(xi), log(var(xi)), atanh(corr(xi, eta)):
[1.02237362 1.02338953 1.00155375 1.00307582 0.99999631 1.02564513]

Iteration:  15700
Rhat values for alpha, beta, log(sigma^2), mean(xi), log(var(xi)), atanh(corr(xi, eta)):
[1.02304265 1.02392482 1.00153506 1.00300171 0.99999636 1.02671478]

Iteration:  15800
Rhat values for alpha, beta, log(sigma^2), mean(xi), log(var(xi)), atanh(corr(xi, eta)):
[1.02334668 1.02418296 1.00162852 1.00291218 0.99999639 1.02731138]

Iteration:  15900
Rhat values for alpha, beta, log(sigma^2), mean(xi), log(var(xi)), atanh(corr(xi, eta)):
[1.02297187 1.02371053 1.00175386 1.00255391 0.9999964  1.02697764]

Iteration:  16000
Rhat values for alpha, beta, log(sigma^2), mean(xi), log(var(xi)), atanh(corr(xi, eta)):
[1.02304936 1.02379336 1.00205056 1.00272433 0.99999641 1.02758404]

Iteration:  16100
Rhat values for alpha, beta, log(sigma^2), mean(xi), log(var(xi)), atanh(corr(xi, eta)):
[1.02241314 1.02302889 1.00233567 1.0027845  0.99999646 1.02705195]

Iteration:  16200
Rhat values for alpha, beta, log(sigma^2), mean(xi), log(var(xi)), atanh(corr(xi, eta)):
[1.02185459 1.02226319 1.00252407 1.00268836 0.99999649 1.02672662]

Iteration:  16300
Rhat values for alpha, beta, log(sigma^2), mean(xi), log(var(xi)), atanh(corr(xi, eta)):
[1.0216811  1.02192793 1.00257603 1.00241174 0.99999654 1.02703542]

Iteration:  16400
Rhat values for alpha, beta, log(sigma^2), mean(xi), log(var(xi)), atanh(corr(xi, eta)):
[1.02170785 1.02166501 1.00249866 1.00240005 0.99999898 1.02734384]

Iteration:  16500
Rhat values for alpha, beta, log(sigma^2), mean(xi), log(var(xi)), atanh(corr(xi, eta)):
[1.02178594 1.02146226 1.00237123 1.00234684 0.99999898 1.02751524]

Iteration:  16600
Rhat values for alpha, beta, log(sigma^2), mean(xi), log(var(xi)), atanh(corr(xi, eta)):
[1.02144043 1.02116512 1.00242218 1.00237996 0.99999898 1.02742104]

Iteration:  16700
Rhat values for alpha, beta, log(sigma^2), mean(xi), log(var(xi)), atanh(corr(xi, eta)):
[1.01976613 1.01938405 1.00236917 1.00240406 0.99999898 1.026476  ]

Iteration:  16800
Rhat values for alpha, beta, log(sigma^2), mean(xi), log(var(xi)), atanh(corr(xi, eta)):
[1.01896699 1.01854828 1.00239301 1.00246217 0.99999898 1.02588637]

Iteration:  16900
Rhat values for alpha, beta, log(sigma^2), mean(xi), log(var(xi)), atanh(corr(xi, eta)):
[1.01822077 1.01789076 1.0022738  1.0024623  0.99999898 1.02523281]

Iteration:  17000
Rhat values for alpha, beta, log(sigma^2), mean(xi), log(var(xi)), atanh(corr(xi, eta)):
[1.0175705  1.01736463 1.00206535 1.00242315 0.99999899 1.02466641]

Iteration:  17100
Rhat values for alpha, beta, log(sigma^2), mean(xi), log(var(xi)), atanh(corr(xi, eta)):
[1.01786824 1.01778773 1.00199615 1.00237089 0.99999899 1.02505821]

Iteration:  17200
Rhat values for alpha, beta, log(sigma^2), mean(xi), log(var(xi)), atanh(corr(xi, eta)):
[1.01797183 1.01805169 1.00214511 1.00232451 0.99999898 1.02556574]

Iteration:  17300
Rhat values for alpha, beta, log(sigma^2), mean(xi), log(var(xi)), atanh(corr(xi, eta)):
[1.01835483 1.01840153 1.00225503 1.00226141 0.99999897 1.02595157]

Iteration:  17400
Rhat values for alpha, beta, log(sigma^2), mean(xi), log(var(xi)), atanh(corr(xi, eta)):
[1.01930784 1.01952677 1.00232534 1.00225884 0.99999897 1.02688785]

Iteration:  17500
Rhat values for alpha, beta, log(sigma^2), mean(xi), log(var(xi)), atanh(corr(xi, eta)):
[1.01954867 1.01965276 1.00230853 1.00218185 0.99999898 1.02695477]

Iteration:  17600
Rhat values for alpha, beta, log(sigma^2), mean(xi), log(var(xi)), atanh(corr(xi, eta)):
[1.0179979  1.01787047 1.00240866 1.00222677 0.99999899 1.02558097]

Iteration:  17700
Rhat values for alpha, beta, log(sigma^2), mean(xi), log(var(xi)), atanh(corr(xi, eta)):
[1.01766062 1.0176798  1.00234781 1.00239745 0.99999896 1.02522346]

Iteration:  17800
Rhat values for alpha, beta, log(sigma^2), mean(xi), log(var(xi)), atanh(corr(xi, eta)):
[1.01730502 1.01763414 1.00219272 1.00246033 0.99999896 1.02468088]

Iteration:  17900
Rhat values for alpha, beta, log(sigma^2), mean(xi), log(var(xi)), atanh(corr(xi, eta)):
[1.01675441 1.01714849 1.00192786 1.00218108 0.99999897 1.02369301]

Iteration:  18000
Rhat values for alpha, beta, log(sigma^2), mean(xi), log(var(xi)), atanh(corr(xi, eta)):
[1.01644507 1.01698308 1.00203251 1.00206751 0.99999896 1.02333062]

Iteration:  18100
Rhat values for alpha, beta, log(sigma^2), mean(xi), log(var(xi)), atanh(corr(xi, eta)):
[1.01636289 1.0169731  1.00215436 1.00188835 0.99999896 1.02315649]

Iteration:  18200
Rhat values for alpha, beta, log(sigma^2), mean(xi), log(var(xi)), atanh(corr(xi, eta)):
[1.01614961 1.01670317 1.00209159 1.00176517 0.99999894 1.02266492]

Iteration:  18300
Rhat values for alpha, beta, log(sigma^2), mean(xi), log(var(xi)), atanh(corr(xi, eta)):
[1.01617169 1.01671848 1.002103   1.00183891 0.99999893 1.02267061]

Iteration:  18400
Rhat values for alpha, beta, log(sigma^2), mean(xi), log(var(xi)), atanh(corr(xi, eta)):
[1.01645424 1.01716805 1.00215559 1.00192635 0.99999891 1.02302936]

Iteration:  18500
Rhat values for alpha, beta, log(sigma^2), mean(xi), log(var(xi)), atanh(corr(xi, eta)):
[1.01656857 1.01743951 1.00223434 1.00194994 0.99999898 1.02317726]

Iteration:  18600
Rhat values for alpha, beta, log(sigma^2), mean(xi), log(var(xi)), atanh(corr(xi, eta)):
[1.01669584 1.01759511 1.00215907 1.00186869 0.99999898 1.02310312]

Iteration:  18700
Rhat values for alpha, beta, log(sigma^2), mean(xi), log(var(xi)), atanh(corr(xi, eta)):
[1.01665606 1.01765785 1.00209211 1.00176639 0.99999897 1.02258775]

Iteration:  18800
Rhat values for alpha, beta, log(sigma^2), mean(xi), log(var(xi)), atanh(corr(xi, eta)):
[1.01606016 1.01700759 1.00198884 1.00158683 0.99999898 1.02164349]

Iteration:  18900
Rhat values for alpha, beta, log(sigma^2), mean(xi), log(var(xi)), atanh(corr(xi, eta)):
[1.01589084 1.01681672 1.00171223 1.00148796 0.99999899 1.02156568]

Iteration:  19000
Rhat values for alpha, beta, log(sigma^2), mean(xi), log(var(xi)), atanh(corr(xi, eta)):
[1.01578568 1.01661713 1.00158567 1.00156746 0.99999897 1.02169104]

Iteration:  19100
Rhat values for alpha, beta, log(sigma^2), mean(xi), log(var(xi)), atanh(corr(xi, eta)):
[1.01585152 1.01653247 1.00159381 1.00157804 0.99999898 1.02188239]

Iteration:  19200
Rhat values for alpha, beta, log(sigma^2), mean(xi), log(var(xi)), atanh(corr(xi, eta)):
[1.01550156 1.01607995 1.00156762 1.00150104 0.999999   1.02121081]

Iteration:  19300
Rhat values for alpha, beta, log(sigma^2), mean(xi), log(var(xi)), atanh(corr(xi, eta)):
[1.01515796 1.0155724  1.00152741 1.00156338 0.99999919 1.02013047]

Iteration:  19400
Rhat values for alpha, beta, log(sigma^2), mean(xi), log(var(xi)), atanh(corr(xi, eta)):
[1.01511154 1.01561617 1.00145302 1.00157188 0.99999919 1.01958016]

Iteration:  19500
Rhat values for alpha, beta, log(sigma^2), mean(xi), log(var(xi)), atanh(corr(xi, eta)):
[1.01541133 1.01591036 1.00129438 1.00151317 0.99999919 1.01960102]

Iteration:  19600
Rhat values for alpha, beta, log(sigma^2), mean(xi), log(var(xi)), atanh(corr(xi, eta)):
[1.01663222 1.0173089  1.00123654 1.00144002 0.99999919 1.02048375]

Iteration:  19700
Rhat values for alpha, beta, log(sigma^2), mean(xi), log(var(xi)), atanh(corr(xi, eta)):
[1.01792659 1.01869567 1.00125796 1.00141628 0.99999906 1.02180159]

Iteration:  19800
Rhat values for alpha, beta, log(sigma^2), mean(xi), log(var(xi)), atanh(corr(xi, eta)):
[1.01875841 1.01949611 1.00117105 1.0014738  0.99999906 1.02243104]

Iteration:  19900
Rhat values for alpha, beta, log(sigma^2), mean(xi), log(var(xi)), atanh(corr(xi, eta)):
[1.01920277 1.01981928 1.00093977 1.00141418 0.99999906 1.02259165]

Iteration:  20000
Rhat values for alpha, beta, log(sigma^2), mean(xi), log(var(xi)), atanh(corr(xi, eta)):
[1.01886166 1.01944555 1.00071234 1.00151702 0.99999906 1.02215608]
{"name": "R19_first_hr_no_bias_error_diag_0.42", "n": 196, "mean": -0.0194871404908168, "sd": 0.013997211528962474, "median": -0.019888638183801644, "q16_84": [-0.03334650890049157, -0.005850657592307279], "q025_975": [-0.04634022534140301, 0.0093166907836915], "p_negative": 0.915625, "scatter_mean": 0.025757736912280744, "retained_draws": 40000, "seed": 20260929, "rhat_retained": {"alpha": 1.0350652136101897, "beta": 1.0355949628790175, "sigsqr": 1.0172156679994624}}
START R19_first_hr_tripp_error_diag_0.42 196

Iteration:  100
Rhat values for alpha, beta, log(sigma^2), mean(xi), log(var(xi)), atanh(corr(xi, eta)):
[1.0385803  1.06756956 1.27495005 1.00384688 0.99892577 1.11261764]

Iteration:  200
Rhat values for alpha, beta, log(sigma^2), mean(xi), log(var(xi)), atanh(corr(xi, eta)):
[1.00202981 1.00958146 1.34953192 1.01058111 0.99948235 1.01383164]

Iteration:  300
Rhat values for alpha, beta, log(sigma^2), mean(xi), log(var(xi)), atanh(corr(xi, eta)):
[1.01392384 1.02092341 1.4759071  1.03143151 0.99960392 1.04258231]

Iteration:  400
Rhat values for alpha, beta, log(sigma^2), mean(xi), log(var(xi)), atanh(corr(xi, eta)):
[1.03371475 1.04774731 1.54439948 1.02812783 0.99993553 1.0883458 ]

Iteration:  500
Rhat values for alpha, beta, log(sigma^2), mean(xi), log(var(xi)), atanh(corr(xi, eta)):
[1.03443415 1.05082521 1.50774035 1.024305   1.00042503 1.10066577]

Iteration:  600
Rhat values for alpha, beta, log(sigma^2), mean(xi), log(var(xi)), atanh(corr(xi, eta)):
[1.03643549 1.054784   1.43991633 1.02618832 1.00114628 1.12053001]

Iteration:  700
Rhat values for alpha, beta, log(sigma^2), mean(xi), log(var(xi)), atanh(corr(xi, eta)):
[1.04368992 1.06287788 1.40209611 1.03656982 1.00169807 1.14085289]

Iteration:  800
Rhat values for alpha, beta, log(sigma^2), mean(xi), log(var(xi)), atanh(corr(xi, eta)):
[1.04412743 1.06291342 1.44573815 1.04511838 1.00195914 1.13946111]

Iteration:  900
Rhat values for alpha, beta, log(sigma^2), mean(xi), log(var(xi)), atanh(corr(xi, eta)):
[1.04656416 1.06500948 1.41067593 1.05159368 1.00211486 1.13826705]

Iteration:  1000
Rhat values for alpha, beta, log(sigma^2), mean(xi), log(var(xi)), atanh(corr(xi, eta)):
[1.04150838 1.0589047  1.31446826 1.04620614 1.00212146 1.12062526]

Iteration:  1100
Rhat values for alpha, beta, log(sigma^2), mean(xi), log(var(xi)), atanh(corr(xi, eta)):
[1.04025871 1.05458161 1.19179196 1.04504455 1.00198425 1.10464187]

Iteration:  1200
Rhat values for alpha, beta, log(sigma^2), mean(xi), log(var(xi)), atanh(corr(xi, eta)):
[1.04521034 1.05962574 1.13577763 1.03979816 1.00216811 1.10007496]

Iteration:  1300
Rhat values for alpha, beta, log(sigma^2), mean(xi), log(var(xi)), atanh(corr(xi, eta)):
[1.04596055 1.06158323 1.1244671  1.03952153 1.00257874 1.09912958]

Iteration:  1400
Rhat values for alpha, beta, log(sigma^2), mean(xi), log(var(xi)), atanh(corr(xi, eta)):
[1.04245125 1.05841755 1.12479494 1.03524013 1.00302783 1.0893047 ]

Iteration:  1500
Rhat values for alpha, beta, log(sigma^2), mean(xi), log(var(xi)), atanh(corr(xi, eta)):
[1.03729168 1.05295065 1.11855111 1.03141166 1.00268641 1.07741808]

Iteration:  1600
Rhat values for alpha, beta, log(sigma^2), mean(xi), log(var(xi)), atanh(corr(xi, eta)):
[1.03989206 1.0552963  1.07279424 1.02717481 1.00244165 1.07870109]

Iteration:  1700
Rhat values for alpha, beta, log(sigma^2), mean(xi), log(var(xi)), atanh(corr(xi, eta)):
[1.04373021 1.05920432 1.04085108 1.02113033 1.00216016 1.08881976]

Iteration:  1800
Rhat values for alpha, beta, log(sigma^2), mean(xi), log(var(xi)), atanh(corr(xi, eta)):
[1.04885285 1.06337573 1.02316174 1.0237778  1.00225652 1.10067759]

Iteration:  1900
Rhat values for alpha, beta, log(sigma^2), mean(xi), log(var(xi)), atanh(corr(xi, eta)):
[1.05098666 1.06510118 1.01404093 1.01774207 1.00047022 1.10772854]

Iteration:  2000
Rhat values for alpha, beta, log(sigma^2), mean(xi), log(var(xi)), atanh(corr(xi, eta)):
[1.05028781 1.06293645 1.01244799 1.01562102 1.00023933 1.10584304]

Iteration:  2100
Rhat values for alpha, beta, log(sigma^2), mean(xi), log(var(xi)), atanh(corr(xi, eta)):
[1.0477032  1.0584914  1.01823234 1.01452439 1.00027884 1.09129452]

Iteration:  2200
Rhat values for alpha, beta, log(sigma^2), mean(xi), log(var(xi)), atanh(corr(xi, eta)):
[1.04320266 1.05288718 1.02739426 1.0109114  1.00023884 1.07495742]

Iteration:  2300
Rhat values for alpha, beta, log(sigma^2), mean(xi), log(var(xi)), atanh(corr(xi, eta)):
[1.04164756 1.0510269  1.02799231 1.01203106 1.00020239 1.07316503]

Iteration:  2400
Rhat values for alpha, beta, log(sigma^2), mean(xi), log(var(xi)), atanh(corr(xi, eta)):
[1.03928104 1.05016147 1.02825189 1.01068259 1.00008651 1.06837323]

Iteration:  2500
Rhat values for alpha, beta, log(sigma^2), mean(xi), log(var(xi)), atanh(corr(xi, eta)):
[1.03834248 1.04941972 1.03104692 1.00965118 0.99973505 1.07350827]

Iteration:  2600
Rhat values for alpha, beta, log(sigma^2), mean(xi), log(var(xi)), atanh(corr(xi, eta)):
[1.0342991  1.04395929 1.03721533 1.0097618  0.99978432 1.0767836 ]

Iteration:  2700
Rhat values for alpha, beta, log(sigma^2), mean(xi), log(var(xi)), atanh(corr(xi, eta)):
[1.03013916 1.03899999 1.05080915 1.00857915 0.99982094 1.0758652 ]

Iteration:  2800
Rhat values for alpha, beta, log(sigma^2), mean(xi), log(var(xi)), atanh(corr(xi, eta)):
[1.02780704 1.03479733 1.06368044 1.00729791 0.99985569 1.07848169]

Iteration:  2900
Rhat values for alpha, beta, log(sigma^2), mean(xi), log(var(xi)), atanh(corr(xi, eta)):
[1.02552078 1.03124627 1.0718749  1.00691422 0.99999518 1.07701789]

Iteration:  3000
Rhat values for alpha, beta, log(sigma^2), mean(xi), log(var(xi)), atanh(corr(xi, eta)):
[1.02440943 1.02758143 1.07898261 1.00954102 0.99999849 1.07485059]

Iteration:  3100
Rhat values for alpha, beta, log(sigma^2), mean(xi), log(var(xi)), atanh(corr(xi, eta)):
[1.02603273 1.02864493 1.07960736 1.00815857 0.99999496 1.07511681]

Iteration:  3200
Rhat values for alpha, beta, log(sigma^2), mean(xi), log(var(xi)), atanh(corr(xi, eta)):
[1.02548695 1.02813386 1.0780509  1.00768148 0.99999485 1.07264773]

Iteration:  3300
Rhat values for alpha, beta, log(sigma^2), mean(xi), log(var(xi)), atanh(corr(xi, eta)):
[1.02451886 1.02806874 1.07012465 1.00861822 0.99999614 1.07075822]

Iteration:  3400
Rhat values for alpha, beta, log(sigma^2), mean(xi), log(var(xi)), atanh(corr(xi, eta)):
[1.02469729 1.02800594 1.06303518 1.00884476 0.99999546 1.06648997]

Iteration:  3500
Rhat values for alpha, beta, log(sigma^2), mean(xi), log(var(xi)), atanh(corr(xi, eta)):
[1.02591962 1.02830895 1.06050704 1.00859123 0.99999632 1.06001612]

Iteration:  3600
Rhat values for alpha, beta, log(sigma^2), mean(xi), log(var(xi)), atanh(corr(xi, eta)):
[1.02771441 1.02849377 1.06394625 1.00795006 0.99999388 1.0501724 ]

Iteration:  3700
Rhat values for alpha, beta, log(sigma^2), mean(xi), log(var(xi)), atanh(corr(xi, eta)):
[1.02856885 1.02832346 1.06900641 1.00751029 0.99999416 1.04522188]

Iteration:  3800
Rhat values for alpha, beta, log(sigma^2), mean(xi), log(var(xi)), atanh(corr(xi, eta)):
[1.0321923  1.03118154 1.07539202 1.00747748 0.99999523 1.04772103]

Iteration:  3900
Rhat values for alpha, beta, log(sigma^2), mean(xi), log(var(xi)), atanh(corr(xi, eta)):
[1.03692112 1.03537336 1.07314512 1.00726594 0.99999639 1.0513951 ]

Iteration:  4000
Rhat values for alpha, beta, log(sigma^2), mean(xi), log(var(xi)), atanh(corr(xi, eta)):
[1.03779864 1.0365229  1.06773518 1.00643479 0.99999618 1.05126846]

Iteration:  4100
Rhat values for alpha, beta, log(sigma^2), mean(xi), log(var(xi)), atanh(corr(xi, eta)):
[1.03605992 1.03543153 1.06799226 1.00635415 0.99999568 1.04700095]

Iteration:  4200
Rhat values for alpha, beta, log(sigma^2), mean(xi), log(var(xi)), atanh(corr(xi, eta)):
[1.03556867 1.03464834 1.06359344 1.00653449 0.99999479 1.04098044]

Iteration:  4300
Rhat values for alpha, beta, log(sigma^2), mean(xi), log(var(xi)), atanh(corr(xi, eta)):
[1.03633472 1.03462628 1.05547097 1.00825796 0.99999347 1.03694219]

Iteration:  4400
Rhat values for alpha, beta, log(sigma^2), mean(xi), log(var(xi)), atanh(corr(xi, eta)):
[1.03534482 1.03222422 1.0565971  1.00839719 0.99999345 1.03301503]

Iteration:  4500
Rhat values for alpha, beta, log(sigma^2), mean(xi), log(var(xi)), atanh(corr(xi, eta)):
[1.03227255 1.02786229 1.0609623  1.00747405 0.99999239 1.02631754]

Iteration:  4600
Rhat values for alpha, beta, log(sigma^2), mean(xi), log(var(xi)), atanh(corr(xi, eta)):
[1.03125224 1.0260928  1.06803793 1.006936   0.99999272 1.02394137]

Iteration:  4700
Rhat values for alpha, beta, log(sigma^2), mean(xi), log(var(xi)), atanh(corr(xi, eta)):
[1.02953208 1.02496748 1.07268344 1.00685756 0.99999527 1.02155298]

Iteration:  4800
Rhat values for alpha, beta, log(sigma^2), mean(xi), log(var(xi)), atanh(corr(xi, eta)):
[1.0302055  1.02631064 1.07488126 1.00593215 0.99999644 1.01940252]

Iteration:  4900
Rhat values for alpha, beta, log(sigma^2), mean(xi), log(var(xi)), atanh(corr(xi, eta)):
[1.02977813 1.02597118 1.0740403  1.00496421 0.99999711 1.01540493]

Iteration:  5000
Rhat values for alpha, beta, log(sigma^2), mean(xi), log(var(xi)), atanh(corr(xi, eta)):
[1.0294055  1.02550177 1.06981837 1.00361704 0.99999875 1.01360131]

Iteration:  5100
Rhat values for alpha, beta, log(sigma^2), mean(xi), log(var(xi)), atanh(corr(xi, eta)):
[1.02890776 1.02567816 1.0658042  1.00311175 0.99999786 1.01385591]

Iteration:  5200
Rhat values for alpha, beta, log(sigma^2), mean(xi), log(var(xi)), atanh(corr(xi, eta)):
[1.03056401 1.0280288  1.06573878 1.00281861 0.99999818 1.01379253]

Iteration:  5300
Rhat values for alpha, beta, log(sigma^2), mean(xi), log(var(xi)), atanh(corr(xi, eta)):
[1.03080331 1.02890665 1.06672147 1.00323533 0.99999847 1.01284488]

Iteration:  5400
Rhat values for alpha, beta, log(sigma^2), mean(xi), log(var(xi)), atanh(corr(xi, eta)):
[1.03085374 1.02960281 1.06925573 1.00334792 0.99999456 1.01189762]

Iteration:  5500
Rhat values for alpha, beta, log(sigma^2), mean(xi), log(var(xi)), atanh(corr(xi, eta)):
[1.02966621 1.02808571 1.07149733 1.00323445 0.99999355 1.00989003]

Iteration:  5600
Rhat values for alpha, beta, log(sigma^2), mean(xi), log(var(xi)), atanh(corr(xi, eta)):
[1.02962439 1.02747934 1.06884067 1.0030458  0.99998784 1.00900502]

Iteration:  5700
Rhat values for alpha, beta, log(sigma^2), mean(xi), log(var(xi)), atanh(corr(xi, eta)):
[1.03070387 1.02796161 1.06526677 1.00283866 0.99998761 1.00870196]

Iteration:  5800
Rhat values for alpha, beta, log(sigma^2), mean(xi), log(var(xi)), atanh(corr(xi, eta)):
[1.03091603 1.02854024 1.06349151 1.003097   0.99998786 1.00901354]

Iteration:  5900
Rhat values for alpha, beta, log(sigma^2), mean(xi), log(var(xi)), atanh(corr(xi, eta)):
[1.03112447 1.02996471 1.06500833 1.00284315 0.99998853 1.01047767]

Iteration:  6000
Rhat values for alpha, beta, log(sigma^2), mean(xi), log(var(xi)), atanh(corr(xi, eta)):
[1.03000708 1.03038252 1.06873866 1.00238605 0.99998939 1.01185127]

Iteration:  6100
Rhat values for alpha, beta, log(sigma^2), mean(xi), log(var(xi)), atanh(corr(xi, eta)):
[1.03038483 1.0313285  1.06715593 1.00320938 0.99998958 1.01215947]

Iteration:  6200
Rhat values for alpha, beta, log(sigma^2), mean(xi), log(var(xi)), atanh(corr(xi, eta)):
[1.03019679 1.03102642 1.06908405 1.00409054 0.99999037 1.01259087]

Iteration:  6300
Rhat values for alpha, beta, log(sigma^2), mean(xi), log(var(xi)), atanh(corr(xi, eta)):
[1.02848782 1.02827707 1.07004717 1.00431488 0.99999183 1.01030866]

Iteration:  6400
Rhat values for alpha, beta, log(sigma^2), mean(xi), log(var(xi)), atanh(corr(xi, eta)):
[1.02494254 1.02436117 1.06550753 1.00417326 0.99999259 1.00726797]

Iteration:  6500
Rhat values for alpha, beta, log(sigma^2), mean(xi), log(var(xi)), atanh(corr(xi, eta)):
[1.0247681  1.02519961 1.06356516 1.00364431 0.99999268 1.00619123]

Iteration:  6600
Rhat values for alpha, beta, log(sigma^2), mean(xi), log(var(xi)), atanh(corr(xi, eta)):
[1.02407957 1.02485407 1.06373072 1.00380877 0.99999248 1.00558863]

Iteration:  6700
Rhat values for alpha, beta, log(sigma^2), mean(xi), log(var(xi)), atanh(corr(xi, eta)):
[1.02385944 1.02456494 1.06063494 1.00363949 0.99999149 1.00426902]

Iteration:  6800
Rhat values for alpha, beta, log(sigma^2), mean(xi), log(var(xi)), atanh(corr(xi, eta)):
[1.02441847 1.02538145 1.05970653 1.00339377 0.99999194 1.00416424]

Iteration:  6900
Rhat values for alpha, beta, log(sigma^2), mean(xi), log(var(xi)), atanh(corr(xi, eta)):
[1.02533529 1.02642964 1.06264967 1.00316587 0.99999851 1.00491275]

Iteration:  7000
Rhat values for alpha, beta, log(sigma^2), mean(xi), log(var(xi)), atanh(corr(xi, eta)):
[1.02461193 1.02562722 1.06715276 1.00322489 0.99999771 1.00621688]

Iteration:  7100
Rhat values for alpha, beta, log(sigma^2), mean(xi), log(var(xi)), atanh(corr(xi, eta)):
[1.02254337 1.02383583 1.07206223 1.00310196 0.99999713 1.00625562]

Iteration:  7200
Rhat values for alpha, beta, log(sigma^2), mean(xi), log(var(xi)), atanh(corr(xi, eta)):
[1.0199962  1.02156856 1.07356359 1.00275215 0.99998068 1.00565294]

Iteration:  7300
Rhat values for alpha, beta, log(sigma^2), mean(xi), log(var(xi)), atanh(corr(xi, eta)):
[1.01459255 1.01627925 1.07318946 1.00340842 0.99998365 1.00494957]

Iteration:  7400
Rhat values for alpha, beta, log(sigma^2), mean(xi), log(var(xi)), atanh(corr(xi, eta)):
[1.01049241 1.01188289 1.07358044 1.00384171 0.99998462 1.00622716]

Iteration:  7500
Rhat values for alpha, beta, log(sigma^2), mean(xi), log(var(xi)), atanh(corr(xi, eta)):
[1.00764502 1.00881417 1.07553214 1.00397904 0.99998501 1.00787396]

Iteration:  7600
Rhat values for alpha, beta, log(sigma^2), mean(xi), log(var(xi)), atanh(corr(xi, eta)):
[1.00604566 1.00729428 1.0777903  1.00447595 0.99998548 1.0094982 ]

Iteration:  7700
Rhat values for alpha, beta, log(sigma^2), mean(xi), log(var(xi)), atanh(corr(xi, eta)):
[1.0050063  1.00638636 1.07853297 1.00384742 0.99998581 1.01061142]

Iteration:  7800
Rhat values for alpha, beta, log(sigma^2), mean(xi), log(var(xi)), atanh(corr(xi, eta)):
[1.00423279 1.00570825 1.07725141 1.00349753 0.99998606 1.01126911]

Iteration:  7900
Rhat values for alpha, beta, log(sigma^2), mean(xi), log(var(xi)), atanh(corr(xi, eta)):
[1.00373003 1.0051162  1.07762657 1.00369601 0.99998595 1.01198864]

Iteration:  8000
Rhat values for alpha, beta, log(sigma^2), mean(xi), log(var(xi)), atanh(corr(xi, eta)):
[1.00341957 1.00476329 1.07946537 1.00353857 0.99998572 1.01240616]

Iteration:  8100
Rhat values for alpha, beta, log(sigma^2), mean(xi), log(var(xi)), atanh(corr(xi, eta)):
[1.00399734 1.0054274  1.08285986 1.0034291  0.99998549 1.01332951]

Iteration:  8200
Rhat values for alpha, beta, log(sigma^2), mean(xi), log(var(xi)), atanh(corr(xi, eta)):
[1.00399457 1.00526465 1.08081454 1.00378401 0.9999853  1.01329064]

Iteration:  8300
Rhat values for alpha, beta, log(sigma^2), mean(xi), log(var(xi)), atanh(corr(xi, eta)):
[1.00357555 1.00479035 1.07979147 1.0037789  0.99998487 1.01327476]

Iteration:  8400
Rhat values for alpha, beta, log(sigma^2), mean(xi), log(var(xi)), atanh(corr(xi, eta)):
[1.00402385 1.00500948 1.07618801 1.00380658 0.99998491 1.01204889]

Iteration:  8500
Rhat values for alpha, beta, log(sigma^2), mean(xi), log(var(xi)), atanh(corr(xi, eta)):
[1.00479745 1.00567155 1.07047986 1.00377709 0.99998572 1.0102773 ]

Iteration:  8600
Rhat values for alpha, beta, log(sigma^2), mean(xi), log(var(xi)), atanh(corr(xi, eta)):
[1.00579899 1.00654823 1.06671151 1.00367646 0.99998628 1.00950889]

Iteration:  8700
Rhat values for alpha, beta, log(sigma^2), mean(xi), log(var(xi)), atanh(corr(xi, eta)):
[1.00627131 1.00683323 1.06261687 1.00384743 0.99998636 1.00932734]

Iteration:  8800
Rhat values for alpha, beta, log(sigma^2), mean(xi), log(var(xi)), atanh(corr(xi, eta)):
[1.00622762 1.00625896 1.05829725 1.00384997 0.99998627 1.00980489]

Iteration:  8900
Rhat values for alpha, beta, log(sigma^2), mean(xi), log(var(xi)), atanh(corr(xi, eta)):
[1.00603268 1.0056579  1.05480008 1.00391419 0.99998554 1.00925168]

Iteration:  9000
Rhat values for alpha, beta, log(sigma^2), mean(xi), log(var(xi)), atanh(corr(xi, eta)):
[1.00526565 1.00490013 1.05447621 1.00364596 0.99998501 1.0090079 ]

Iteration:  9100
Rhat values for alpha, beta, log(sigma^2), mean(xi), log(var(xi)), atanh(corr(xi, eta)):
[1.0051868  1.00483538 1.05639593 1.00383163 0.99998523 1.00861163]

Iteration:  9200
Rhat values for alpha, beta, log(sigma^2), mean(xi), log(var(xi)), atanh(corr(xi, eta)):
[1.00570352 1.00532722 1.05664014 1.00401397 0.99998555 1.00845889]

Iteration:  9300
Rhat values for alpha, beta, log(sigma^2), mean(xi), log(var(xi)), atanh(corr(xi, eta)):
[1.00625855 1.00589257 1.05823321 1.00410673 0.99998597 1.00792127]

Iteration:  9400
Rhat values for alpha, beta, log(sigma^2), mean(xi), log(var(xi)), atanh(corr(xi, eta)):
[1.00626498 1.00617668 1.05923234 1.0039041  0.99998647 1.00679508]

Iteration:  9500
Rhat values for alpha, beta, log(sigma^2), mean(xi), log(var(xi)), atanh(corr(xi, eta)):
[1.00586768 1.00590559 1.06104685 1.00393896 0.99998661 1.00613804]

Iteration:  9600
Rhat values for alpha, beta, log(sigma^2), mean(xi), log(var(xi)), atanh(corr(xi, eta)):
[1.00613102 1.00622842 1.06158789 1.0040833  0.99998799 1.00504766]

Iteration:  9700
Rhat values for alpha, beta, log(sigma^2), mean(xi), log(var(xi)), atanh(corr(xi, eta)):
[1.00696392 1.00723983 1.06083834 1.00401124 0.99998865 1.00400252]

Iteration:  9800
Rhat values for alpha, beta, log(sigma^2), mean(xi), log(var(xi)), atanh(corr(xi, eta)):
[1.00694638 1.00734332 1.06053343 1.0040247  0.999989   1.00386552]

Iteration:  9900
Rhat values for alpha, beta, log(sigma^2), mean(xi), log(var(xi)), atanh(corr(xi, eta)):
[1.00693809 1.00756178 1.06025895 1.00361082 0.99998894 1.0034326 ]

Iteration:  10000
Rhat values for alpha, beta, log(sigma^2), mean(xi), log(var(xi)), atanh(corr(xi, eta)):
[1.00596221 1.0065935  1.06013868 1.0035291  0.999987   1.00372213]

Iteration:  10100
Rhat values for alpha, beta, log(sigma^2), mean(xi), log(var(xi)), atanh(corr(xi, eta)):
[1.00594029 1.00649646 1.06063286 1.00375946 0.99998661 1.00375317]

Iteration:  10200
Rhat values for alpha, beta, log(sigma^2), mean(xi), log(var(xi)), atanh(corr(xi, eta)):
[1.00633381 1.00698082 1.06039965 1.00361581 0.99998664 1.00343854]

Iteration:  10300
Rhat values for alpha, beta, log(sigma^2), mean(xi), log(var(xi)), atanh(corr(xi, eta)):
[1.00664208 1.00746699 1.05865941 1.00323006 0.99998621 1.00300423]

Iteration:  10400
Rhat values for alpha, beta, log(sigma^2), mean(xi), log(var(xi)), atanh(corr(xi, eta)):
[1.00675753 1.00760655 1.05831076 1.00295234 0.99998665 1.00280454]

Iteration:  10500
Rhat values for alpha, beta, log(sigma^2), mean(xi), log(var(xi)), atanh(corr(xi, eta)):
[1.00653931 1.00750696 1.05816425 1.00296397 0.99998709 1.00279138]

Iteration:  10600
Rhat values for alpha, beta, log(sigma^2), mean(xi), log(var(xi)), atanh(corr(xi, eta)):
[1.00637346 1.00746271 1.05812896 1.00305797 0.9999874  1.00281718]

Iteration:  10700
Rhat values for alpha, beta, log(sigma^2), mean(xi), log(var(xi)), atanh(corr(xi, eta)):
[1.00606223 1.00740997 1.05784023 1.00299349 0.99996199 1.00283903]

Iteration:  10800
Rhat values for alpha, beta, log(sigma^2), mean(xi), log(var(xi)), atanh(corr(xi, eta)):
[1.00504975 1.00665263 1.05863791 1.00357151 0.99996282 1.00334337]

Iteration:  10900
Rhat values for alpha, beta, log(sigma^2), mean(xi), log(var(xi)), atanh(corr(xi, eta)):
[1.004085   1.00578446 1.0591803  1.00432907 0.99996378 1.00429687]

Iteration:  11000
Rhat values for alpha, beta, log(sigma^2), mean(xi), log(var(xi)), atanh(corr(xi, eta)):
[1.00289062 1.00446842 1.05855767 1.00447514 0.9999647  1.00525258]

Iteration:  11100
Rhat values for alpha, beta, log(sigma^2), mean(xi), log(var(xi)), atanh(corr(xi, eta)):
[1.00200919 1.0033681  1.05617067 1.00454212 0.99996551 1.00601969]

Iteration:  11200
Rhat values for alpha, beta, log(sigma^2), mean(xi), log(var(xi)), atanh(corr(xi, eta)):
[1.00150579 1.00257433 1.05292305 1.00442465 0.9999663  1.00637278]

Iteration:  11300
Rhat values for alpha, beta, log(sigma^2), mean(xi), log(var(xi)), atanh(corr(xi, eta)):
[1.00112476 1.00199426 1.04870266 1.00455207 0.99996716 1.00661201]

Iteration:  11400
Rhat values for alpha, beta, log(sigma^2), mean(xi), log(var(xi)), atanh(corr(xi, eta)):
[1.00105802 1.00170138 1.04572872 1.00435333 0.99996762 1.00681474]

Iteration:  11500
Rhat values for alpha, beta, log(sigma^2), mean(xi), log(var(xi)), atanh(corr(xi, eta)):
[1.00095452 1.00153499 1.04444597 1.00417196 0.99996786 1.00663244]

Iteration:  11600
Rhat values for alpha, beta, log(sigma^2), mean(xi), log(var(xi)), atanh(corr(xi, eta)):
[1.00077656 1.00136528 1.04523692 1.00409817 0.99996786 1.00684412]

Iteration:  11700
Rhat values for alpha, beta, log(sigma^2), mean(xi), log(var(xi)), atanh(corr(xi, eta)):
[1.00067932 1.00124626 1.04486941 1.00403738 0.99996824 1.00744296]

Iteration:  11800
Rhat values for alpha, beta, log(sigma^2), mean(xi), log(var(xi)), atanh(corr(xi, eta)):
[1.00078583 1.00132146 1.04388917 1.0039581  0.99996816 1.00784252]

Iteration:  11900
Rhat values for alpha, beta, log(sigma^2), mean(xi), log(var(xi)), atanh(corr(xi, eta)):
[1.00088702 1.0013665  1.04267277 1.00392074 0.99996846 1.00859487]

Iteration:  12000
Rhat values for alpha, beta, log(sigma^2), mean(xi), log(var(xi)), atanh(corr(xi, eta)):
[1.00093947 1.00137781 1.04328303 1.00398662 0.99996887 1.01000086]

Iteration:  12100
Rhat values for alpha, beta, log(sigma^2), mean(xi), log(var(xi)), atanh(corr(xi, eta)):
[1.00096097 1.00134248 1.04601076 1.00394785 0.99996918 1.01178197]

Iteration:  12200
Rhat values for alpha, beta, log(sigma^2), mean(xi), log(var(xi)), atanh(corr(xi, eta)):
[1.00104743 1.0014269  1.04876134 1.00374839 0.9999695  1.01363641]

Iteration:  12300
Rhat values for alpha, beta, log(sigma^2), mean(xi), log(var(xi)), atanh(corr(xi, eta)):
[1.00112645 1.00151446 1.05110388 1.00348511 0.9999698  1.01544375]

Iteration:  12400
Rhat values for alpha, beta, log(sigma^2), mean(xi), log(var(xi)), atanh(corr(xi, eta)):
[1.00126937 1.00166863 1.05370445 1.0033076  0.99997008 1.01744552]

Iteration:  12500
Rhat values for alpha, beta, log(sigma^2), mean(xi), log(var(xi)), atanh(corr(xi, eta)):
[1.00144148 1.00183412 1.05598248 1.00311725 0.99997017 1.01914607]

Iteration:  12600
Rhat values for alpha, beta, log(sigma^2), mean(xi), log(var(xi)), atanh(corr(xi, eta)):
[1.00165233 1.00197944 1.05762495 1.002619   0.99997021 1.02068691]

Iteration:  12700
Rhat values for alpha, beta, log(sigma^2), mean(xi), log(var(xi)), atanh(corr(xi, eta)):
[1.0022111  1.00265899 1.05938093 1.00215504 0.99997021 1.02204603]

Iteration:  12800
Rhat values for alpha, beta, log(sigma^2), mean(xi), log(var(xi)), atanh(corr(xi, eta)):
[1.00256264 1.0030665  1.06119602 1.00177401 0.99997014 1.02358134]

Iteration:  12900
Rhat values for alpha, beta, log(sigma^2), mean(xi), log(var(xi)), atanh(corr(xi, eta)):
[1.00288819 1.0033964  1.06323887 1.00171019 0.99997014 1.02545879]

Iteration:  13000
Rhat values for alpha, beta, log(sigma^2), mean(xi), log(var(xi)), atanh(corr(xi, eta)):
[1.00296948 1.00349501 1.06558285 1.00152462 0.99997007 1.02737151]

Iteration:  13100
Rhat values for alpha, beta, log(sigma^2), mean(xi), log(var(xi)), atanh(corr(xi, eta)):
[1.00322627 1.00363713 1.0683152  1.00136949 0.99997013 1.02962698]

Iteration:  13200
Rhat values for alpha, beta, log(sigma^2), mean(xi), log(var(xi)), atanh(corr(xi, eta)):
[1.00371214 1.00427355 1.07043418 1.00117981 0.99997023 1.03107425]

Iteration:  13300
Rhat values for alpha, beta, log(sigma^2), mean(xi), log(var(xi)), atanh(corr(xi, eta)):
[1.00372495 1.00438695 1.07253002 1.00125011 0.99997067 1.03190838]

Iteration:  13400
Rhat values for alpha, beta, log(sigma^2), mean(xi), log(var(xi)), atanh(corr(xi, eta)):
[1.00374581 1.00463809 1.07353838 1.00123201 0.99997076 1.03198953]

Iteration:  13500
Rhat values for alpha, beta, log(sigma^2), mean(xi), log(var(xi)), atanh(corr(xi, eta)):
[1.00378209 1.00489883 1.07432537 1.00115506 0.99997113 1.03193763]

Iteration:  13600
Rhat values for alpha, beta, log(sigma^2), mean(xi), log(var(xi)), atanh(corr(xi, eta)):
[1.00394909 1.00540276 1.07469945 1.00111869 0.99997127 1.03168502]

Iteration:  13700
Rhat values for alpha, beta, log(sigma^2), mean(xi), log(var(xi)), atanh(corr(xi, eta)):
[1.00374384 1.00539378 1.0750276  1.00102154 0.9999708  1.03094473]

Iteration:  13800
Rhat values for alpha, beta, log(sigma^2), mean(xi), log(var(xi)), atanh(corr(xi, eta)):
[1.00352331 1.00506368 1.07449088 1.00097536 0.9999705  1.03043199]

Iteration:  13900
Rhat values for alpha, beta, log(sigma^2), mean(xi), log(var(xi)), atanh(corr(xi, eta)):
[1.00330365 1.00479865 1.07320234 1.00092636 0.99997045 1.02970173]

Iteration:  14000
Rhat values for alpha, beta, log(sigma^2), mean(xi), log(var(xi)), atanh(corr(xi, eta)):
[1.00317066 1.00472097 1.07263303 1.00097338 0.99997041 1.02926543]

Iteration:  14100
Rhat values for alpha, beta, log(sigma^2), mean(xi), log(var(xi)), atanh(corr(xi, eta)):
[1.0029561  1.00454516 1.07323405 1.00092354 0.99997032 1.02940451]

Iteration:  14200
Rhat values for alpha, beta, log(sigma^2), mean(xi), log(var(xi)), atanh(corr(xi, eta)):
[1.00277824 1.00427247 1.07427505 1.00086874 0.99997023 1.02988037]

Iteration:  14300
Rhat values for alpha, beta, log(sigma^2), mean(xi), log(var(xi)), atanh(corr(xi, eta)):
[1.00247062 1.00373814 1.07492828 1.00085677 0.99997013 1.03039053]

Iteration:  14400
Rhat values for alpha, beta, log(sigma^2), mean(xi), log(var(xi)), atanh(corr(xi, eta)):
[1.00233673 1.0034461  1.07456677 1.00087183 0.9999706  1.03057203]

Iteration:  14500
Rhat values for alpha, beta, log(sigma^2), mean(xi), log(var(xi)), atanh(corr(xi, eta)):
[1.00225549 1.00319514 1.07300079 1.0009335  0.99997072 1.03116722]

Iteration:  14600
Rhat values for alpha, beta, log(sigma^2), mean(xi), log(var(xi)), atanh(corr(xi, eta)):
[1.00235054 1.0030165  1.07071889 1.00102352 0.99997104 1.03241945]

Iteration:  14700
Rhat values for alpha, beta, log(sigma^2), mean(xi), log(var(xi)), atanh(corr(xi, eta)):
[1.00235483 1.00274387 1.06800519 1.00086707 0.99997147 1.03280872]

Iteration:  14800
Rhat values for alpha, beta, log(sigma^2), mean(xi), log(var(xi)), atanh(corr(xi, eta)):
[1.00235073 1.0024123  1.0663194  1.00069921 0.99997122 1.03332779]

Iteration:  14900
Rhat values for alpha, beta, log(sigma^2), mean(xi), log(var(xi)), atanh(corr(xi, eta)):
[1.00247928 1.00235625 1.0662101  1.00059123 0.99997096 1.03461647]

Iteration:  15000
Rhat values for alpha, beta, log(sigma^2), mean(xi), log(var(xi)), atanh(corr(xi, eta)):
[1.00230234 1.00214589 1.06520201 1.00053136 0.99997116 1.03461848]

Iteration:  15100
Rhat values for alpha, beta, log(sigma^2), mean(xi), log(var(xi)), atanh(corr(xi, eta)):
[1.00220152 1.00217144 1.06433141 1.00042709 0.99997133 1.03368534]

Iteration:  15200
Rhat values for alpha, beta, log(sigma^2), mean(xi), log(var(xi)), atanh(corr(xi, eta)):
[1.00222378 1.00227177 1.06273125 1.00037079 0.99997146 1.0319669 ]

Iteration:  15300
Rhat values for alpha, beta, log(sigma^2), mean(xi), log(var(xi)), atanh(corr(xi, eta)):
[1.00206569 1.00208061 1.06194227 1.00036819 0.99997143 1.03094679]

Iteration:  15400
Rhat values for alpha, beta, log(sigma^2), mean(xi), log(var(xi)), atanh(corr(xi, eta)):
[1.00209327 1.00216675 1.06168919 1.00030988 0.99997161 1.02976095]

Iteration:  15500
Rhat values for alpha, beta, log(sigma^2), mean(xi), log(var(xi)), atanh(corr(xi, eta)):
[1.00206    1.00220206 1.06274743 1.00023423 0.99997183 1.02867648]

Iteration:  15600
Rhat values for alpha, beta, log(sigma^2), mean(xi), log(var(xi)), atanh(corr(xi, eta)):
[1.00179941 1.00198383 1.06393002 1.00015178 0.99997213 1.02719853]

Iteration:  15700
Rhat values for alpha, beta, log(sigma^2), mean(xi), log(var(xi)), atanh(corr(xi, eta)):
[1.00166799 1.00200967 1.06584218 1.00004641 0.99997183 1.02579948]

Iteration:  15800
Rhat values for alpha, beta, log(sigma^2), mean(xi), log(var(xi)), atanh(corr(xi, eta)):
[1.00153154 1.00204734 1.06686939 1.00003614 0.99997224 1.02513677]

Iteration:  15900
Rhat values for alpha, beta, log(sigma^2), mean(xi), log(var(xi)), atanh(corr(xi, eta)):
[1.00143343 1.00216254 1.06810824 1.00004694 0.99997066 1.02482679]

Iteration:  16000
Rhat values for alpha, beta, log(sigma^2), mean(xi), log(var(xi)), atanh(corr(xi, eta)):
[1.00138755 1.00227014 1.06888698 1.00004012 0.99997066 1.02452217]

Iteration:  16100
Rhat values for alpha, beta, log(sigma^2), mean(xi), log(var(xi)), atanh(corr(xi, eta)):
[1.00148629 1.00238805 1.06838896 1.00001134 0.99997057 1.02390237]

Iteration:  16200
Rhat values for alpha, beta, log(sigma^2), mean(xi), log(var(xi)), atanh(corr(xi, eta)):
[1.00156231 1.00255238 1.06823963 1.00000563 0.99997061 1.023512  ]

Iteration:  16300
Rhat values for alpha, beta, log(sigma^2), mean(xi), log(var(xi)), atanh(corr(xi, eta)):
[1.0016494  1.00272718 1.06912471 0.99998049 0.99997058 1.02377905]

Iteration:  16400
Rhat values for alpha, beta, log(sigma^2), mean(xi), log(var(xi)), atanh(corr(xi, eta)):
[1.00170515 1.00279061 1.06964816 0.99998281 0.99997056 1.02419118]

Iteration:  16500
Rhat values for alpha, beta, log(sigma^2), mean(xi), log(var(xi)), atanh(corr(xi, eta)):
[1.00174787 1.00280654 1.07025639 0.99999446 0.99997049 1.02506765]

Iteration:  16600
Rhat values for alpha, beta, log(sigma^2), mean(xi), log(var(xi)), atanh(corr(xi, eta)):
[1.00183053 1.00276817 1.07161724 1.000023   0.99997091 1.02636844]

Iteration:  16700
Rhat values for alpha, beta, log(sigma^2), mean(xi), log(var(xi)), atanh(corr(xi, eta)):
[1.00193167 1.00274067 1.07344162 1.00004024 0.99997131 1.02716325]

Iteration:  16800
Rhat values for alpha, beta, log(sigma^2), mean(xi), log(var(xi)), atanh(corr(xi, eta)):
[1.00215461 1.00299859 1.07523609 1.00004537 0.99997137 1.02727942]

Iteration:  16900
Rhat values for alpha, beta, log(sigma^2), mean(xi), log(var(xi)), atanh(corr(xi, eta)):
[1.00249905 1.00359993 1.07612408 1.00004642 0.99997148 1.02676483]

Iteration:  17000
Rhat values for alpha, beta, log(sigma^2), mean(xi), log(var(xi)), atanh(corr(xi, eta)):
[1.00289555 1.00433457 1.07714823 1.00005997 0.99997155 1.02628565]

Iteration:  17100
Rhat values for alpha, beta, log(sigma^2), mean(xi), log(var(xi)), atanh(corr(xi, eta)):
[1.00311098 1.00497436 1.07854734 1.00011551 0.99997176 1.02617686]

Iteration:  17200
Rhat values for alpha, beta, log(sigma^2), mean(xi), log(var(xi)), atanh(corr(xi, eta)):
[1.00343143 1.00548128 1.07822987 1.00013436 0.99997196 1.02552259]

Iteration:  17300
Rhat values for alpha, beta, log(sigma^2), mean(xi), log(var(xi)), atanh(corr(xi, eta)):
[1.00391292 1.00603946 1.07771435 1.00011364 0.99997214 1.02540306]

Iteration:  17400
Rhat values for alpha, beta, log(sigma^2), mean(xi), log(var(xi)), atanh(corr(xi, eta)):
[1.004189   1.00651664 1.07766598 1.00015459 0.99997201 1.02491102]

Iteration:  17500
Rhat values for alpha, beta, log(sigma^2), mean(xi), log(var(xi)), atanh(corr(xi, eta)):
[1.00434705 1.00690023 1.077487   1.00014856 0.99996664 1.02412901]

Iteration:  17600
Rhat values for alpha, beta, log(sigma^2), mean(xi), log(var(xi)), atanh(corr(xi, eta)):
[1.00461128 1.00750904 1.07758243 1.00014939 0.99996681 1.02283207]

Iteration:  17700
Rhat values for alpha, beta, log(sigma^2), mean(xi), log(var(xi)), atanh(corr(xi, eta)):
[1.00473977 1.00812076 1.07861997 1.0002047  0.99996689 1.02061142]

Iteration:  17800
Rhat values for alpha, beta, log(sigma^2), mean(xi), log(var(xi)), atanh(corr(xi, eta)):
[1.00473641 1.0084341  1.07937738 1.00019819 0.99996717 1.01900186]

Iteration:  17900
Rhat values for alpha, beta, log(sigma^2), mean(xi), log(var(xi)), atanh(corr(xi, eta)):
[1.00470519 1.00875204 1.07976987 1.00024511 0.99996852 1.01746877]

Iteration:  18000
Rhat values for alpha, beta, log(sigma^2), mean(xi), log(var(xi)), atanh(corr(xi, eta)):
[1.00458142 1.00875522 1.07881514 1.00026218 0.99996859 1.01707429]

Iteration:  18100
Rhat values for alpha, beta, log(sigma^2), mean(xi), log(var(xi)), atanh(corr(xi, eta)):
[1.00440322 1.00829217 1.07750621 1.00023006 0.99996858 1.01765325]

Iteration:  18200
Rhat values for alpha, beta, log(sigma^2), mean(xi), log(var(xi)), atanh(corr(xi, eta)):
[1.00426457 1.00803415 1.0766824  1.00025069 0.99996867 1.01814398]

Iteration:  18300
Rhat values for alpha, beta, log(sigma^2), mean(xi), log(var(xi)), atanh(corr(xi, eta)):
[1.00411039 1.00772886 1.0753196  1.00034689 0.99996869 1.01839935]

Iteration:  18400
Rhat values for alpha, beta, log(sigma^2), mean(xi), log(var(xi)), atanh(corr(xi, eta)):
[1.00374957 1.00720118 1.07309195 1.00035294 0.99996891 1.01831216]

Iteration:  18500
Rhat values for alpha, beta, log(sigma^2), mean(xi), log(var(xi)), atanh(corr(xi, eta)):
[1.0035742  1.00714636 1.07091907 1.00035984 0.99996908 1.01767178]

Iteration:  18600
Rhat values for alpha, beta, log(sigma^2), mean(xi), log(var(xi)), atanh(corr(xi, eta)):
[1.00342566 1.00702149 1.06813425 1.00038024 0.99996914 1.01675525]

Iteration:  18700
Rhat values for alpha, beta, log(sigma^2), mean(xi), log(var(xi)), atanh(corr(xi, eta)):
[1.00303213 1.00652703 1.06536959 1.00034872 0.9999695  1.01621688]

Iteration:  18800
Rhat values for alpha, beta, log(sigma^2), mean(xi), log(var(xi)), atanh(corr(xi, eta)):
[1.00275934 1.00611842 1.06445882 1.00028796 0.9999698  1.01626991]

Iteration:  18900
Rhat values for alpha, beta, log(sigma^2), mean(xi), log(var(xi)), atanh(corr(xi, eta)):
[1.00245082 1.00582395 1.06312728 1.00026741 0.99997011 1.01591707]

Iteration:  19000
Rhat values for alpha, beta, log(sigma^2), mean(xi), log(var(xi)), atanh(corr(xi, eta)):
[1.00209772 1.00549195 1.06096579 1.00027045 0.99997027 1.01541216]

Iteration:  19100
Rhat values for alpha, beta, log(sigma^2), mean(xi), log(var(xi)), atanh(corr(xi, eta)):
[1.00200186 1.00529249 1.0591518  1.00021861 0.99997042 1.01544058]

Iteration:  19200
Rhat values for alpha, beta, log(sigma^2), mean(xi), log(var(xi)), atanh(corr(xi, eta)):
[1.00206683 1.00542772 1.05820653 1.00019526 0.99997072 1.01526663]

Iteration:  19300
Rhat values for alpha, beta, log(sigma^2), mean(xi), log(var(xi)), atanh(corr(xi, eta)):
[1.00208029 1.00546265 1.05741477 1.00022042 0.99997088 1.01505619]

Iteration:  19400
Rhat values for alpha, beta, log(sigma^2), mean(xi), log(var(xi)), atanh(corr(xi, eta)):
[1.00212309 1.00546422 1.05718056 1.00019116 0.99997104 1.0151859 ]

Iteration:  19500
Rhat values for alpha, beta, log(sigma^2), mean(xi), log(var(xi)), atanh(corr(xi, eta)):
[1.00225506 1.00549972 1.05586457 1.00016964 0.99997125 1.01514222]

Iteration:  19600
Rhat values for alpha, beta, log(sigma^2), mean(xi), log(var(xi)), atanh(corr(xi, eta)):
[1.00234309 1.00553232 1.05487984 1.00016416 0.99997139 1.01495787]

Iteration:  19700
Rhat values for alpha, beta, log(sigma^2), mean(xi), log(var(xi)), atanh(corr(xi, eta)):
[1.00247076 1.0056521  1.05410064 1.00015412 0.99997138 1.01497865]

Iteration:  19800
Rhat values for alpha, beta, log(sigma^2), mean(xi), log(var(xi)), atanh(corr(xi, eta)):
[1.0026855  1.00584975 1.05291558 1.00010888 0.99997136 1.01515552]

Iteration:  19900
Rhat values for alpha, beta, log(sigma^2), mean(xi), log(var(xi)), atanh(corr(xi, eta)):
[1.00291626 1.00598108 1.05239014 1.0001044  0.99997137 1.01579846]

Iteration:  20000
Rhat values for alpha, beta, log(sigma^2), mean(xi), log(var(xi)), atanh(corr(xi, eta)):
[1.00307706 1.00603037 1.0515801  1.00011793 0.99997145 1.01643782]
{"name": "R19_first_hr_tripp_error_diag_0.42", "n": 196, "mean": -0.01986816523215255, "sd": 0.01300286756425726, "median": -0.019763358305683654, "q16_84": [-0.03331368406306909, -0.006581911993575617], "q025_975": [-0.04411644917118163, 0.004864746953672581], "p_negative": 0.942875, "scatter_mean": 0.025412083027180253, "retained_draws": 40000, "seed": 20260930, "rhat_retained": {"alpha": 1.0137199597866537, "beta": 1.0122168705610002, "sigsqr": 1.0245747243652126}}
START R19_first_hr_tripp_error_no_covadd_0.42 196

Iteration:  100
Rhat values for alpha, beta, log(sigma^2), mean(xi), log(var(xi)), atanh(corr(xi, eta)):
[1.06070625 1.0951266  1.32739296 0.99038976 1.06506814 1.20803776]

Iteration:  200
Rhat values for alpha, beta, log(sigma^2), mean(xi), log(var(xi)), atanh(corr(xi, eta)):
[1.05968878 1.08442171 1.10344931 1.00264081 1.03784184 1.16306745]

Iteration:  300
Rhat values for alpha, beta, log(sigma^2), mean(xi), log(var(xi)), atanh(corr(xi, eta)):
[1.02089404 1.03324178 1.14868601 1.01170167 1.02022699 1.0859897 ]

Iteration:  400
Rhat values for alpha, beta, log(sigma^2), mean(xi), log(var(xi)), atanh(corr(xi, eta)):
[1.01545282 1.02344868 1.20867018 1.01873634 1.00453992 1.06350918]

Iteration:  500
Rhat values for alpha, beta, log(sigma^2), mean(xi), log(var(xi)), atanh(corr(xi, eta)):
[1.02320852 1.03286066 1.22863544 1.0145384  1.00077972 1.06855992]

Iteration:  600
Rhat values for alpha, beta, log(sigma^2), mean(xi), log(var(xi)), atanh(corr(xi, eta)):
[1.02673131 1.03555228 1.158193   1.01211608 0.9990431  1.08720988]

Iteration:  700
Rhat values for alpha, beta, log(sigma^2), mean(xi), log(var(xi)), atanh(corr(xi, eta)):
[1.01593389 1.02258904 1.10504987 1.0034708  0.99872826 1.06412151]

Iteration:  800
Rhat values for alpha, beta, log(sigma^2), mean(xi), log(var(xi)), atanh(corr(xi, eta)):
[1.01649157 1.02365878 1.06291151 1.00096945 0.99951463 1.0575485 ]

Iteration:  900
Rhat values for alpha, beta, log(sigma^2), mean(xi), log(var(xi)), atanh(corr(xi, eta)):
[1.01311451 1.01928919 1.06171388 1.00110439 0.99978693 1.04463783]

Iteration:  1000
Rhat values for alpha, beta, log(sigma^2), mean(xi), log(var(xi)), atanh(corr(xi, eta)):
[1.01395464 1.01974228 1.06544058 1.00159866 0.99983714 1.04104706]

Iteration:  1100
Rhat values for alpha, beta, log(sigma^2), mean(xi), log(var(xi)), atanh(corr(xi, eta)):
[1.01797001 1.0249301  1.06873543 1.00588767 0.9999743  1.04297333]

Iteration:  1200
Rhat values for alpha, beta, log(sigma^2), mean(xi), log(var(xi)), atanh(corr(xi, eta)):
[1.01529792 1.02225374 1.06087077 1.00635531 1.00004544 1.03236274]

Iteration:  1300
Rhat values for alpha, beta, log(sigma^2), mean(xi), log(var(xi)), atanh(corr(xi, eta)):
[1.01622558 1.02468591 1.06637137 1.00730735 1.00061453 1.02139479]

Iteration:  1400
Rhat values for alpha, beta, log(sigma^2), mean(xi), log(var(xi)), atanh(corr(xi, eta)):
[1.01662665 1.02675386 1.06167407 1.00747451 1.00085341 1.01416153]

Iteration:  1500
Rhat values for alpha, beta, log(sigma^2), mean(xi), log(var(xi)), atanh(corr(xi, eta)):
[1.01494893 1.0275011  1.06416665 1.00478267 1.00097006 1.0125757 ]

Iteration:  1600
Rhat values for alpha, beta, log(sigma^2), mean(xi), log(var(xi)), atanh(corr(xi, eta)):
[1.01227628 1.02374724 1.05284143 1.00364918 1.0010849  1.01322729]

Iteration:  1700
Rhat values for alpha, beta, log(sigma^2), mean(xi), log(var(xi)), atanh(corr(xi, eta)):
[1.00883904 1.0168859  1.03903536 1.00492013 1.0008676  1.011672  ]

Iteration:  1800
Rhat values for alpha, beta, log(sigma^2), mean(xi), log(var(xi)), atanh(corr(xi, eta)):
[1.00631409 1.01187033 1.03559426 1.00381618 1.00095047 1.01501249]

Iteration:  1900
Rhat values for alpha, beta, log(sigma^2), mean(xi), log(var(xi)), atanh(corr(xi, eta)):
[1.00575177 1.0103003  1.02762758 1.00211235 1.00098314 1.02059021]

Iteration:  2000
Rhat values for alpha, beta, log(sigma^2), mean(xi), log(var(xi)), atanh(corr(xi, eta)):
[1.00653993 1.01049715 1.02678686 1.00237448 1.00110534 1.02466999]

Iteration:  2100
Rhat values for alpha, beta, log(sigma^2), mean(xi), log(var(xi)), atanh(corr(xi, eta)):
[1.00766838 1.01095568 1.02833008 1.00352865 1.00117806 1.02703374]

Iteration:  2200
Rhat values for alpha, beta, log(sigma^2), mean(xi), log(var(xi)), atanh(corr(xi, eta)):
[1.00776653 1.01130915 1.03132014 1.00165416 1.00001958 1.02517406]

Iteration:  2300
Rhat values for alpha, beta, log(sigma^2), mean(xi), log(var(xi)), atanh(corr(xi, eta)):
[1.00576942 1.00926499 1.03491383 1.00124364 1.00007531 1.01997713]

Iteration:  2400
Rhat values for alpha, beta, log(sigma^2), mean(xi), log(var(xi)), atanh(corr(xi, eta)):
[1.00439023 1.00703072 1.0408709  1.00129452 1.00013334 1.01613519]

Iteration:  2500
Rhat values for alpha, beta, log(sigma^2), mean(xi), log(var(xi)), atanh(corr(xi, eta)):
[1.00469896 1.00617842 1.048163   1.00114665 1.00015558 1.01978395]

Iteration:  2600
Rhat values for alpha, beta, log(sigma^2), mean(xi), log(var(xi)), atanh(corr(xi, eta)):
[1.00587372 1.00604639 1.04155986 1.00057132 1.00012211 1.02059437]

Iteration:  2700
Rhat values for alpha, beta, log(sigma^2), mean(xi), log(var(xi)), atanh(corr(xi, eta)):
[1.00501787 1.00488435 1.0339034  1.00040728 1.00012915 1.01553906]

Iteration:  2800
Rhat values for alpha, beta, log(sigma^2), mean(xi), log(var(xi)), atanh(corr(xi, eta)):
[1.00529244 1.00536998 1.03378627 1.00062189 1.00011302 1.01638119]

Iteration:  2900
Rhat values for alpha, beta, log(sigma^2), mean(xi), log(var(xi)), atanh(corr(xi, eta)):
[1.00724807 1.00720148 1.03448502 1.00034321 1.00009872 1.01871539]

Iteration:  3000
Rhat values for alpha, beta, log(sigma^2), mean(xi), log(var(xi)), atanh(corr(xi, eta)):
[1.00823569 1.00769741 1.03358012 1.00056014 1.00011792 1.01620418]

Iteration:  3100
Rhat values for alpha, beta, log(sigma^2), mean(xi), log(var(xi)), atanh(corr(xi, eta)):
[1.00787018 1.00700478 1.02933691 1.00106933 1.00009356 1.01181554]

Iteration:  3200
Rhat values for alpha, beta, log(sigma^2), mean(xi), log(var(xi)), atanh(corr(xi, eta)):
[1.00793617 1.00796873 1.02525077 1.00171044 1.00009698 1.00736599]

Iteration:  3300
Rhat values for alpha, beta, log(sigma^2), mean(xi), log(var(xi)), atanh(corr(xi, eta)):
[1.00720074 1.00751818 1.0250587  1.00148434 1.00009335 1.00381663]

Iteration:  3400
Rhat values for alpha, beta, log(sigma^2), mean(xi), log(var(xi)), atanh(corr(xi, eta)):
[1.00642278 1.00640323 1.0292645  1.00077213 1.00010021 1.00458432]

Iteration:  3500
Rhat values for alpha, beta, log(sigma^2), mean(xi), log(var(xi)), atanh(corr(xi, eta)):
[1.00624197 1.00547237 1.02831773 1.0006603  1.000113   1.00921537]

Iteration:  3600
Rhat values for alpha, beta, log(sigma^2), mean(xi), log(var(xi)), atanh(corr(xi, eta)):
[1.00621323 1.00517082 1.02706848 1.00009886 1.00007073 1.01564163]

Iteration:  3700
Rhat values for alpha, beta, log(sigma^2), mean(xi), log(var(xi)), atanh(corr(xi, eta)):
[1.00575945 1.00466378 1.0263369  1.00032425 1.00007498 1.02025844]

Iteration:  3800
Rhat values for alpha, beta, log(sigma^2), mean(xi), log(var(xi)), atanh(corr(xi, eta)):
[1.00631351 1.00538629 1.02704962 1.00082146 1.00009676 1.02250935]

Iteration:  3900
Rhat values for alpha, beta, log(sigma^2), mean(xi), log(var(xi)), atanh(corr(xi, eta)):
[1.00830278 1.00738906 1.03056114 1.00098927 1.00009707 1.02512602]

Iteration:  4000
Rhat values for alpha, beta, log(sigma^2), mean(xi), log(var(xi)), atanh(corr(xi, eta)):
[1.00882946 1.00820656 1.03583579 1.0010723  1.000107   1.03060523]

Iteration:  4100
Rhat values for alpha, beta, log(sigma^2), mean(xi), log(var(xi)), atanh(corr(xi, eta)):
[1.00907346 1.00896261 1.03665682 1.00097715 1.00011304 1.03179047]

Iteration:  4200
Rhat values for alpha, beta, log(sigma^2), mean(xi), log(var(xi)), atanh(corr(xi, eta)):
[1.00876515 1.00888856 1.03239369 1.00107397 1.00011201 1.02786032]

Iteration:  4300
Rhat values for alpha, beta, log(sigma^2), mean(xi), log(var(xi)), atanh(corr(xi, eta)):
[1.00820124 1.00865082 1.03033318 1.00141011 1.00010404 1.02535918]

Iteration:  4400
Rhat values for alpha, beta, log(sigma^2), mean(xi), log(var(xi)), atanh(corr(xi, eta)):
[1.00792125 1.0085326  1.0291304  1.00098317 1.00010605 1.02333949]

Iteration:  4500
Rhat values for alpha, beta, log(sigma^2), mean(xi), log(var(xi)), atanh(corr(xi, eta)):
[1.00762048 1.00832971 1.03097062 1.00093403 1.00010348 1.02432916]

Iteration:  4600
Rhat values for alpha, beta, log(sigma^2), mean(xi), log(var(xi)), atanh(corr(xi, eta)):
[1.00957008 1.00998685 1.03309821 1.00099138 1.00009716 1.02362704]

Iteration:  4700
Rhat values for alpha, beta, log(sigma^2), mean(xi), log(var(xi)), atanh(corr(xi, eta)):
[1.00881156 1.00930977 1.03229016 1.00125167 1.00010175 1.02218422]

Iteration:  4800
Rhat values for alpha, beta, log(sigma^2), mean(xi), log(var(xi)), atanh(corr(xi, eta)):
[1.00968524 1.01017021 1.03035431 1.0007594  1.00002932 1.02079914]

Iteration:  4900
Rhat values for alpha, beta, log(sigma^2), mean(xi), log(var(xi)), atanh(corr(xi, eta)):
[1.01188387 1.012209   1.02858121 1.00032239 1.00000709 1.020442  ]

Iteration:  5000
Rhat values for alpha, beta, log(sigma^2), mean(xi), log(var(xi)), atanh(corr(xi, eta)):
[1.01317722 1.0137536  1.02518592 1.00025622 0.99999758 1.0190487 ]

Iteration:  5100
Rhat values for alpha, beta, log(sigma^2), mean(xi), log(var(xi)), atanh(corr(xi, eta)):
[1.01456226 1.01565515 1.02332597 1.00029442 0.99998876 1.01995264]

Iteration:  5200
Rhat values for alpha, beta, log(sigma^2), mean(xi), log(var(xi)), atanh(corr(xi, eta)):
[1.01408014 1.01536091 1.02149207 1.00072185 0.99999171 1.02006267]

Iteration:  5300
Rhat values for alpha, beta, log(sigma^2), mean(xi), log(var(xi)), atanh(corr(xi, eta)):
[1.01416201 1.01498849 1.02221039 1.00069772 1.00004351 1.0204469 ]

Iteration:  5400
Rhat values for alpha, beta, log(sigma^2), mean(xi), log(var(xi)), atanh(corr(xi, eta)):
[1.01223283 1.01262715 1.02360057 1.00122463 1.00005776 1.02007671]

Iteration:  5500
Rhat values for alpha, beta, log(sigma^2), mean(xi), log(var(xi)), atanh(corr(xi, eta)):
[1.01021273 1.01002368 1.02474126 1.00168674 1.00006893 1.0207336 ]

Iteration:  5600
Rhat values for alpha, beta, log(sigma^2), mean(xi), log(var(xi)), atanh(corr(xi, eta)):
[1.00922224 1.00901143 1.02521973 1.00227934 1.00008568 1.02143108]

Iteration:  5700
Rhat values for alpha, beta, log(sigma^2), mean(xi), log(var(xi)), atanh(corr(xi, eta)):
[1.01022203 1.01024901 1.02807791 1.0023366  1.00007287 1.02401838]

Iteration:  5800
Rhat values for alpha, beta, log(sigma^2), mean(xi), log(var(xi)), atanh(corr(xi, eta)):
[1.01126854 1.01178647 1.03044287 1.00244416 1.00007034 1.02712325]

Iteration:  5900
Rhat values for alpha, beta, log(sigma^2), mean(xi), log(var(xi)), atanh(corr(xi, eta)):
[1.01245436 1.01364253 1.03340359 1.00213973 1.00006163 1.03018427]

Iteration:  6000
Rhat values for alpha, beta, log(sigma^2), mean(xi), log(var(xi)), atanh(corr(xi, eta)):
[1.01203062 1.01449624 1.0368763  1.00193309 1.00005147 1.03276479]

Iteration:  6100
Rhat values for alpha, beta, log(sigma^2), mean(xi), log(var(xi)), atanh(corr(xi, eta)):
[1.01145079 1.01467484 1.0410473  1.00161391 1.00005545 1.03652948]

Iteration:  6200
Rhat values for alpha, beta, log(sigma^2), mean(xi), log(var(xi)), atanh(corr(xi, eta)):
[1.01135951 1.01486127 1.04583726 1.00198435 1.00007901 1.03981251]

Iteration:  6300
Rhat values for alpha, beta, log(sigma^2), mean(xi), log(var(xi)), atanh(corr(xi, eta)):
[1.0113644  1.01514258 1.0474557  1.00229188 1.00009699 1.04195858]

Iteration:  6400
Rhat values for alpha, beta, log(sigma^2), mean(xi), log(var(xi)), atanh(corr(xi, eta)):
[1.01205597 1.01529177 1.04797762 1.00235392 1.00009509 1.04326277]

Iteration:  6500
Rhat values for alpha, beta, log(sigma^2), mean(xi), log(var(xi)), atanh(corr(xi, eta)):
[1.01200666 1.01494849 1.04872545 1.00235863 1.00008841 1.04415762]

Iteration:  6600
Rhat values for alpha, beta, log(sigma^2), mean(xi), log(var(xi)), atanh(corr(xi, eta)):
[1.01144714 1.01449647 1.04611189 1.00186957 1.00007128 1.04406998]

Iteration:  6700
Rhat values for alpha, beta, log(sigma^2), mean(xi), log(var(xi)), atanh(corr(xi, eta)):
[1.01106541 1.0143606  1.044367   1.00180489 1.00007392 1.04532613]

Iteration:  6800
Rhat values for alpha, beta, log(sigma^2), mean(xi), log(var(xi)), atanh(corr(xi, eta)):
[1.01042969 1.01319681 1.04349721 1.00154335 1.00004373 1.04510955]

Iteration:  6900
Rhat values for alpha, beta, log(sigma^2), mean(xi), log(var(xi)), atanh(corr(xi, eta)):
[1.00876502 1.01099703 1.04406369 1.00155335 1.0000315  1.04338754]

Iteration:  7000
Rhat values for alpha, beta, log(sigma^2), mean(xi), log(var(xi)), atanh(corr(xi, eta)):
[1.0100815  1.01232309 1.04394521 1.00159878 1.00002778 1.04468242]

Iteration:  7100
Rhat values for alpha, beta, log(sigma^2), mean(xi), log(var(xi)), atanh(corr(xi, eta)):
[1.01135839 1.01376564 1.04477876 1.0017499  1.0000501  1.04627729]

Iteration:  7200
Rhat values for alpha, beta, log(sigma^2), mean(xi), log(var(xi)), atanh(corr(xi, eta)):
[1.01102093 1.01325155 1.04581578 1.00189884 1.00003837 1.04659671]

Iteration:  7300
Rhat values for alpha, beta, log(sigma^2), mean(xi), log(var(xi)), atanh(corr(xi, eta)):
[1.01011379 1.01228793 1.04830559 1.00198942 0.99998699 1.04778142]

Iteration:  7400
Rhat values for alpha, beta, log(sigma^2), mean(xi), log(var(xi)), atanh(corr(xi, eta)):
[1.00927432 1.01161899 1.04968805 1.00218292 1.00001622 1.04841718]

Iteration:  7500
Rhat values for alpha, beta, log(sigma^2), mean(xi), log(var(xi)), atanh(corr(xi, eta)):
[1.00937876 1.01167298 1.05110737 1.00235486 1.00001929 1.04945134]

Iteration:  7600
Rhat values for alpha, beta, log(sigma^2), mean(xi), log(var(xi)), atanh(corr(xi, eta)):
[1.00870599 1.01089895 1.05066672 1.00241311 1.00002819 1.04879631]

Iteration:  7700
Rhat values for alpha, beta, log(sigma^2), mean(xi), log(var(xi)), atanh(corr(xi, eta)):
[1.00817022 1.01055997 1.0465764  1.00231777 1.0000361  1.04663498]

Iteration:  7800
Rhat values for alpha, beta, log(sigma^2), mean(xi), log(var(xi)), atanh(corr(xi, eta)):
[1.00832536 1.01077583 1.04266845 1.00237437 1.00003549 1.0451413 ]

Iteration:  7900
Rhat values for alpha, beta, log(sigma^2), mean(xi), log(var(xi)), atanh(corr(xi, eta)):
[1.00786892 1.01034792 1.04053302 1.00232145 1.00003125 1.04339779]

Iteration:  8000
Rhat values for alpha, beta, log(sigma^2), mean(xi), log(var(xi)), atanh(corr(xi, eta)):
[1.00797908 1.01056641 1.03881963 1.00234597 1.00002048 1.04232409]

Iteration:  8100
Rhat values for alpha, beta, log(sigma^2), mean(xi), log(var(xi)), atanh(corr(xi, eta)):
[1.00908597 1.01180857 1.0379378  1.00217944 1.00001079 1.04273595]

Iteration:  8200
Rhat values for alpha, beta, log(sigma^2), mean(xi), log(var(xi)), atanh(corr(xi, eta)):
[1.00953709 1.0121529  1.03720243 1.00206032 1.00000374 1.04278971]

Iteration:  8300
Rhat values for alpha, beta, log(sigma^2), mean(xi), log(var(xi)), atanh(corr(xi, eta)):
[1.00905554 1.01114994 1.03660707 1.0019092  1.00000115 1.042119  ]

Iteration:  8400
Rhat values for alpha, beta, log(sigma^2), mean(xi), log(var(xi)), atanh(corr(xi, eta)):
[1.00779225 1.00949756 1.03462238 1.00183338 1.00001276 1.03922528]

Iteration:  8500
Rhat values for alpha, beta, log(sigma^2), mean(xi), log(var(xi)), atanh(corr(xi, eta)):
[1.00652841 1.00813324 1.03126484 1.00189399 1.00001355 1.03558367]

Iteration:  8600
Rhat values for alpha, beta, log(sigma^2), mean(xi), log(var(xi)), atanh(corr(xi, eta)):
[1.00590539 1.00747054 1.0305166  1.00168022 1.00001112 1.03362927]

Iteration:  8700
Rhat values for alpha, beta, log(sigma^2), mean(xi), log(var(xi)), atanh(corr(xi, eta)):
[1.00490642 1.00662289 1.03032689 1.00143731 1.00001391 1.03200147]

Iteration:  8800
Rhat values for alpha, beta, log(sigma^2), mean(xi), log(var(xi)), atanh(corr(xi, eta)):
[1.00441491 1.00622807 1.03019911 1.0013792  1.00001504 1.03119655]

Iteration:  8900
Rhat values for alpha, beta, log(sigma^2), mean(xi), log(var(xi)), atanh(corr(xi, eta)):
[1.00464195 1.00665683 1.03187741 1.00149478 1.00002503 1.03274206]

Iteration:  9000
Rhat values for alpha, beta, log(sigma^2), mean(xi), log(var(xi)), atanh(corr(xi, eta)):
[1.00521144 1.00752974 1.03406565 1.00162548 1.00003723 1.03536813]

Iteration:  9100
Rhat values for alpha, beta, log(sigma^2), mean(xi), log(var(xi)), atanh(corr(xi, eta)):
[1.00594836 1.0085623  1.0348161  1.00151833 1.00003951 1.03701804]

Iteration:  9200
Rhat values for alpha, beta, log(sigma^2), mean(xi), log(var(xi)), atanh(corr(xi, eta)):
[1.0065404  1.00938105 1.03516129 1.00164103 1.00004335 1.03817162]

Iteration:  9300
Rhat values for alpha, beta, log(sigma^2), mean(xi), log(var(xi)), atanh(corr(xi, eta)):
[1.00661246 1.0096846  1.03600087 1.00181814 1.0000592  1.0391669 ]

Iteration:  9400
Rhat values for alpha, beta, log(sigma^2), mean(xi), log(var(xi)), atanh(corr(xi, eta)):
[1.00641645 1.00937506 1.03672158 1.00179084 1.0000616  1.03919428]

Iteration:  9500
Rhat values for alpha, beta, log(sigma^2), mean(xi), log(var(xi)), atanh(corr(xi, eta)):
[1.00610519 1.00896576 1.03910792 1.00178187 1.00006622 1.04030717]

Iteration:  9600
Rhat values for alpha, beta, log(sigma^2), mean(xi), log(var(xi)), atanh(corr(xi, eta)):
[1.00599076 1.00887388 1.04199688 1.00169899 1.00006931 1.04182785]

Iteration:  9700
Rhat values for alpha, beta, log(sigma^2), mean(xi), log(var(xi)), atanh(corr(xi, eta)):
[1.00613774 1.00890543 1.04326337 1.00173897 1.00007172 1.04233652]

Iteration:  9800
Rhat values for alpha, beta, log(sigma^2), mean(xi), log(var(xi)), atanh(corr(xi, eta)):
[1.00616684 1.00882456 1.04477934 1.00137962 1.00007997 1.04272307]

Iteration:  9900
Rhat values for alpha, beta, log(sigma^2), mean(xi), log(var(xi)), atanh(corr(xi, eta)):
[1.00614604 1.00876669 1.04662476 1.0014535  1.00007714 1.04393521]

Iteration:  10000
Rhat values for alpha, beta, log(sigma^2), mean(xi), log(var(xi)), atanh(corr(xi, eta)):
[1.00638511 1.00896151 1.04800233 1.00139194 1.00007335 1.04508882]

Iteration:  10100
Rhat values for alpha, beta, log(sigma^2), mean(xi), log(var(xi)), atanh(corr(xi, eta)):
[1.00678895 1.00952365 1.04898644 1.00126119 1.00006735 1.04650201]

Iteration:  10200
Rhat values for alpha, beta, log(sigma^2), mean(xi), log(var(xi)), atanh(corr(xi, eta)):
[1.00726803 1.01017243 1.05004369 1.00124816 1.00007264 1.0477446 ]

Iteration:  10300
Rhat values for alpha, beta, log(sigma^2), mean(xi), log(var(xi)), atanh(corr(xi, eta)):
[1.00792886 1.01096592 1.05032026 1.00147144 1.00008273 1.04839253]

Iteration:  10400
Rhat values for alpha, beta, log(sigma^2), mean(xi), log(var(xi)), atanh(corr(xi, eta)):
[1.00782476 1.01074997 1.05185225 1.00138578 1.00012044 1.04798199]

Iteration:  10500
Rhat values for alpha, beta, log(sigma^2), mean(xi), log(var(xi)), atanh(corr(xi, eta)):
[1.00705291 1.0097902  1.05224372 1.00134539 1.00011167 1.04624439]

Iteration:  10600
Rhat values for alpha, beta, log(sigma^2), mean(xi), log(var(xi)), atanh(corr(xi, eta)):
[1.00642264 1.00916782 1.0520214  1.00142764 1.00010845 1.0444695 ]

Iteration:  10700
Rhat values for alpha, beta, log(sigma^2), mean(xi), log(var(xi)), atanh(corr(xi, eta)):
[1.00578868 1.00842653 1.05332968 1.00130214 1.00010376 1.04412316]

Iteration:  10800
Rhat values for alpha, beta, log(sigma^2), mean(xi), log(var(xi)), atanh(corr(xi, eta)):
[1.00521387 1.00757886 1.05533048 1.00143428 1.00010756 1.04363535]

Iteration:  10900
Rhat values for alpha, beta, log(sigma^2), mean(xi), log(var(xi)), atanh(corr(xi, eta)):
[1.00441898 1.00648147 1.05861533 1.00155109 1.00010154 1.04420704]

Iteration:  11000
Rhat values for alpha, beta, log(sigma^2), mean(xi), log(var(xi)), atanh(corr(xi, eta)):
[1.00324341 1.00510349 1.06058376 1.00157339 1.0000996  1.04368979]

Iteration:  11100
Rhat values for alpha, beta, log(sigma^2), mean(xi), log(var(xi)), atanh(corr(xi, eta)):
[1.00299281 1.00467631 1.06344737 1.00141973 1.00009627 1.04428498]

Iteration:  11200
Rhat values for alpha, beta, log(sigma^2), mean(xi), log(var(xi)), atanh(corr(xi, eta)):
[1.0029015  1.00443939 1.06683932 1.00159737 1.00010245 1.04504284]

Iteration:  11300
Rhat values for alpha, beta, log(sigma^2), mean(xi), log(var(xi)), atanh(corr(xi, eta)):
[1.00285693 1.00434661 1.0683565  1.00143909 1.0001081  1.04555828]

Iteration:  11400
Rhat values for alpha, beta, log(sigma^2), mean(xi), log(var(xi)), atanh(corr(xi, eta)):
[1.00233984 1.00369229 1.06943946 1.00139424 1.00008983 1.04551199]

Iteration:  11500
Rhat values for alpha, beta, log(sigma^2), mean(xi), log(var(xi)), atanh(corr(xi, eta)):
[1.00183345 1.00305113 1.06709538 1.00125368 1.0000844  1.04331   ]

Iteration:  11600
Rhat values for alpha, beta, log(sigma^2), mean(xi), log(var(xi)), atanh(corr(xi, eta)):
[1.00163857 1.00273362 1.06443399 1.00115382 1.00007871 1.04173299]

Iteration:  11700
Rhat values for alpha, beta, log(sigma^2), mean(xi), log(var(xi)), atanh(corr(xi, eta)):
[1.00153146 1.00256427 1.062804   1.0010206  0.99997559 1.04026228]

Iteration:  11800
Rhat values for alpha, beta, log(sigma^2), mean(xi), log(var(xi)), atanh(corr(xi, eta)):
[1.00155467 1.00271736 1.06235416 1.00104608 0.99997522 1.04038154]

Iteration:  11900
Rhat values for alpha, beta, log(sigma^2), mean(xi), log(var(xi)), atanh(corr(xi, eta)):
[1.00182944 1.00323134 1.0621478  1.00093624 0.99997488 1.04130402]

Iteration:  12000
Rhat values for alpha, beta, log(sigma^2), mean(xi), log(var(xi)), atanh(corr(xi, eta)):
[1.00203354 1.00350983 1.06188059 1.00085281 0.99997454 1.04133295]

Iteration:  12100
Rhat values for alpha, beta, log(sigma^2), mean(xi), log(var(xi)), atanh(corr(xi, eta)):
[1.00237084 1.00388398 1.06153474 1.00079409 0.99997274 1.04226921]

Iteration:  12200
Rhat values for alpha, beta, log(sigma^2), mean(xi), log(var(xi)), atanh(corr(xi, eta)):
[1.0028681  1.00437213 1.05946178 1.00072702 0.99997303 1.04320053]

Iteration:  12300
Rhat values for alpha, beta, log(sigma^2), mean(xi), log(var(xi)), atanh(corr(xi, eta)):
[1.00352389 1.00507157 1.05765838 1.00066581 0.99997383 1.04426395]

Iteration:  12400
Rhat values for alpha, beta, log(sigma^2), mean(xi), log(var(xi)), atanh(corr(xi, eta)):
[1.00421477 1.00578921 1.05538562 1.00053765 0.99997402 1.04444763]

Iteration:  12500
Rhat values for alpha, beta, log(sigma^2), mean(xi), log(var(xi)), atanh(corr(xi, eta)):
[1.00499804 1.00661188 1.05408673 1.00064096 0.99997282 1.04503739]

Iteration:  12600
Rhat values for alpha, beta, log(sigma^2), mean(xi), log(var(xi)), atanh(corr(xi, eta)):
[1.00497509 1.00657624 1.05340805 1.00056569 0.99997296 1.0451671 ]

Iteration:  12700
Rhat values for alpha, beta, log(sigma^2), mean(xi), log(var(xi)), atanh(corr(xi, eta)):
[1.00487836 1.00649981 1.05306416 1.00059621 0.99997315 1.04513712]

Iteration:  12800
Rhat values for alpha, beta, log(sigma^2), mean(xi), log(var(xi)), atanh(corr(xi, eta)):
[1.00504318 1.00677799 1.05324618 1.00058787 0.99997184 1.04607069]

Iteration:  12900
Rhat values for alpha, beta, log(sigma^2), mean(xi), log(var(xi)), atanh(corr(xi, eta)):
[1.00522358 1.00701722 1.05155621 1.00059013 0.99997217 1.04596184]

Iteration:  13000
Rhat values for alpha, beta, log(sigma^2), mean(xi), log(var(xi)), atanh(corr(xi, eta)):
[1.00574063 1.00768966 1.05135145 1.00057753 0.99997108 1.0471483 ]

Iteration:  13100
Rhat values for alpha, beta, log(sigma^2), mean(xi), log(var(xi)), atanh(corr(xi, eta)):
[1.00649836 1.00871214 1.05181809 1.0005782  0.99997102 1.0487144 ]

Iteration:  13200
Rhat values for alpha, beta, log(sigma^2), mean(xi), log(var(xi)), atanh(corr(xi, eta)):
[1.00719253 1.00963619 1.052225   1.00059579 0.99997219 1.04973627]

Iteration:  13300
Rhat values for alpha, beta, log(sigma^2), mean(xi), log(var(xi)), atanh(corr(xi, eta)):
[1.00708879 1.00965976 1.05202647 1.00053197 0.99996991 1.04941003]

Iteration:  13400
Rhat values for alpha, beta, log(sigma^2), mean(xi), log(var(xi)), atanh(corr(xi, eta)):
[1.0066732  1.00920031 1.0510143  1.00050948 0.99997013 1.04824227]

Iteration:  13500
Rhat values for alpha, beta, log(sigma^2), mean(xi), log(var(xi)), atanh(corr(xi, eta)):
[1.00643664 1.00894964 1.05064229 1.00060736 0.99996948 1.04798624]

Iteration:  13600
Rhat values for alpha, beta, log(sigma^2), mean(xi), log(var(xi)), atanh(corr(xi, eta)):
[1.00571927 1.0082285  1.04910724 1.00055487 0.99996954 1.04646703]

Iteration:  13700
Rhat values for alpha, beta, log(sigma^2), mean(xi), log(var(xi)), atanh(corr(xi, eta)):
[1.00527729 1.00786182 1.04741836 1.00054772 0.9999701  1.04498754]

Iteration:  13800
Rhat values for alpha, beta, log(sigma^2), mean(xi), log(var(xi)), atanh(corr(xi, eta)):
[1.00482301 1.00727632 1.04522645 1.00053818 0.99997146 1.04274427]

Iteration:  13900
Rhat values for alpha, beta, log(sigma^2), mean(xi), log(var(xi)), atanh(corr(xi, eta)):
[1.00457328 1.00693    1.04374668 1.00069398 0.99997225 1.04152503]

Iteration:  14000
Rhat values for alpha, beta, log(sigma^2), mean(xi), log(var(xi)), atanh(corr(xi, eta)):
[1.00449915 1.00702296 1.04194047 1.00082936 0.99997298 1.040857  ]

Iteration:  14100
Rhat values for alpha, beta, log(sigma^2), mean(xi), log(var(xi)), atanh(corr(xi, eta)):
[1.00461882 1.00726117 1.04075439 1.00085179 0.99997377 1.04072588]

Iteration:  14200
Rhat values for alpha, beta, log(sigma^2), mean(xi), log(var(xi)), atanh(corr(xi, eta)):
[1.00481306 1.00740254 1.04088817 1.00100111 0.99997504 1.04071106]

Iteration:  14300
Rhat values for alpha, beta, log(sigma^2), mean(xi), log(var(xi)), atanh(corr(xi, eta)):
[1.00525522 1.00785809 1.04126208 1.00105562 0.99997539 1.04134531]

Iteration:  14400
Rhat values for alpha, beta, log(sigma^2), mean(xi), log(var(xi)), atanh(corr(xi, eta)):
[1.00581029 1.00849825 1.04147861 1.00106497 0.99997334 1.04205939]

Iteration:  14500
Rhat values for alpha, beta, log(sigma^2), mean(xi), log(var(xi)), atanh(corr(xi, eta)):
[1.00603136 1.00875517 1.04080935 1.00091122 0.99997323 1.04174844]

Iteration:  14600
Rhat values for alpha, beta, log(sigma^2), mean(xi), log(var(xi)), atanh(corr(xi, eta)):
[1.0062231  1.00901833 1.04034099 1.00100403 0.99997282 1.04161807]

Iteration:  14700
Rhat values for alpha, beta, log(sigma^2), mean(xi), log(var(xi)), atanh(corr(xi, eta)):
[1.00651995 1.00947837 1.03977514 1.00088234 0.99997341 1.04245351]

Iteration:  14800
Rhat values for alpha, beta, log(sigma^2), mean(xi), log(var(xi)), atanh(corr(xi, eta)):
[1.00670518 1.00980015 1.0396584  1.0008073  0.99997422 1.04312014]

Iteration:  14900
Rhat values for alpha, beta, log(sigma^2), mean(xi), log(var(xi)), atanh(corr(xi, eta)):
[1.00686613 1.01000461 1.03928595 1.00093332 0.99997409 1.04335434]

Iteration:  15000
Rhat values for alpha, beta, log(sigma^2), mean(xi), log(var(xi)), atanh(corr(xi, eta)):
[1.00705457 1.01012181 1.0380352  1.00097836 0.99997462 1.04256119]

Iteration:  15100
Rhat values for alpha, beta, log(sigma^2), mean(xi), log(var(xi)), atanh(corr(xi, eta)):
[1.00727961 1.01028167 1.03611878 1.0008221  0.99997518 1.0407504 ]

Iteration:  15200
Rhat values for alpha, beta, log(sigma^2), mean(xi), log(var(xi)), atanh(corr(xi, eta)):
[1.00723235 1.01005247 1.03437505 1.00087556 0.99997438 1.03814808]

Iteration:  15300
Rhat values for alpha, beta, log(sigma^2), mean(xi), log(var(xi)), atanh(corr(xi, eta)):
[1.00701977 1.00949253 1.03250515 1.00097233 0.99997421 1.03520507]

Iteration:  15400
Rhat values for alpha, beta, log(sigma^2), mean(xi), log(var(xi)), atanh(corr(xi, eta)):
[1.00674501 1.00917054 1.03107718 1.0010329  0.99997476 1.03352973]

Iteration:  15500
Rhat values for alpha, beta, log(sigma^2), mean(xi), log(var(xi)), atanh(corr(xi, eta)):
[1.00683291 1.00948211 1.03161013 1.00117701 0.99997543 1.03409861]

Iteration:  15600
Rhat values for alpha, beta, log(sigma^2), mean(xi), log(var(xi)), atanh(corr(xi, eta)):
[1.00676567 1.00954629 1.03157161 1.00129353 0.99997557 1.03418302]

Iteration:  15700
Rhat values for alpha, beta, log(sigma^2), mean(xi), log(var(xi)), atanh(corr(xi, eta)):
[1.0070055  1.00993541 1.03084207 1.00129483 0.99997516 1.03416817]

Iteration:  15800
Rhat values for alpha, beta, log(sigma^2), mean(xi), log(var(xi)), atanh(corr(xi, eta)):
[1.00710701 1.0100262  1.03002311 1.0012616  0.99998172 1.03380794]

Iteration:  15900
Rhat values for alpha, beta, log(sigma^2), mean(xi), log(var(xi)), atanh(corr(xi, eta)):
[1.00691636 1.00994941 1.02961122 1.00128285 0.99998212 1.03327617]

Iteration:  16000
Rhat values for alpha, beta, log(sigma^2), mean(xi), log(var(xi)), atanh(corr(xi, eta)):
[1.00667911 1.00962681 1.02913305 1.0011676  0.99998164 1.03190091]

Iteration:  16100
Rhat values for alpha, beta, log(sigma^2), mean(xi), log(var(xi)), atanh(corr(xi, eta)):
[1.00648577 1.00939744 1.02822921 1.00121756 0.99998235 1.03045386]

Iteration:  16200
Rhat values for alpha, beta, log(sigma^2), mean(xi), log(var(xi)), atanh(corr(xi, eta)):
[1.00651559 1.00946166 1.02779349 1.00117283 0.99998236 1.02980892]

Iteration:  16300
Rhat values for alpha, beta, log(sigma^2), mean(xi), log(var(xi)), atanh(corr(xi, eta)):
[1.00631516 1.00915182 1.02764043 1.00114483 0.99998038 1.02893364]

Iteration:  16400
Rhat values for alpha, beta, log(sigma^2), mean(xi), log(var(xi)), atanh(corr(xi, eta)):
[1.00617241 1.00899035 1.02780149 1.00112935 0.99998003 1.02901725]

Iteration:  16500
Rhat values for alpha, beta, log(sigma^2), mean(xi), log(var(xi)), atanh(corr(xi, eta)):
[1.00591594 1.00862541 1.02724364 1.00107888 0.99997963 1.02872103]

Iteration:  16600
Rhat values for alpha, beta, log(sigma^2), mean(xi), log(var(xi)), atanh(corr(xi, eta)):
[1.00548346 1.00803159 1.02728922 1.0009986  0.99998083 1.02814627]

Iteration:  16700
Rhat values for alpha, beta, log(sigma^2), mean(xi), log(var(xi)), atanh(corr(xi, eta)):
[1.0049036  1.00726819 1.02749999 1.00095848 0.99998128 1.02749601]

Iteration:  16800
Rhat values for alpha, beta, log(sigma^2), mean(xi), log(var(xi)), atanh(corr(xi, eta)):
[1.00505885 1.00740605 1.02753986 1.00091326 0.99998174 1.02761914]

Iteration:  16900
Rhat values for alpha, beta, log(sigma^2), mean(xi), log(var(xi)), atanh(corr(xi, eta)):
[1.00545888 1.00775092 1.02729429 1.0008011  0.99998216 1.02793531]

Iteration:  17000
Rhat values for alpha, beta, log(sigma^2), mean(xi), log(var(xi)), atanh(corr(xi, eta)):
[1.00568267 1.00781878 1.02631758 1.00082642 0.99998267 1.0274701 ]

Iteration:  17100
Rhat values for alpha, beta, log(sigma^2), mean(xi), log(var(xi)), atanh(corr(xi, eta)):
[1.0056565  1.00774002 1.0241333  1.00079118 0.9999835  1.02587751]

Iteration:  17200
Rhat values for alpha, beta, log(sigma^2), mean(xi), log(var(xi)), atanh(corr(xi, eta)):
[1.00567729 1.00785329 1.0222495  1.00085951 0.99998342 1.02476704]

Iteration:  17300
Rhat values for alpha, beta, log(sigma^2), mean(xi), log(var(xi)), atanh(corr(xi, eta)):
[1.00565297 1.00790997 1.02061232 1.00080824 0.99998355 1.02359067]

Iteration:  17400
Rhat values for alpha, beta, log(sigma^2), mean(xi), log(var(xi)), atanh(corr(xi, eta)):
[1.00612653 1.00839646 1.01903826 1.00071158 0.99998392 1.02278683]

Iteration:  17500
Rhat values for alpha, beta, log(sigma^2), mean(xi), log(var(xi)), atanh(corr(xi, eta)):
[1.00680576 1.00907585 1.01800752 1.00074734 0.99998453 1.0225518 ]

Iteration:  17600
Rhat values for alpha, beta, log(sigma^2), mean(xi), log(var(xi)), atanh(corr(xi, eta)):
[1.0074064  1.00964453 1.01674626 1.0008331  1.00002034 1.02214131]

Iteration:  17700
Rhat values for alpha, beta, log(sigma^2), mean(xi), log(var(xi)), atanh(corr(xi, eta)):
[1.00775678 1.00991015 1.01555938 1.0008611  1.00002031 1.0213469 ]

Iteration:  17800
Rhat values for alpha, beta, log(sigma^2), mean(xi), log(var(xi)), atanh(corr(xi, eta)):
[1.00791998 1.00992639 1.01486172 1.00089652 1.0000203  1.02053892]

Iteration:  17900
Rhat values for alpha, beta, log(sigma^2), mean(xi), log(var(xi)), atanh(corr(xi, eta)):
[1.00800798 1.00974961 1.01455795 1.00081506 1.00002042 1.0191719 ]

Iteration:  18000
Rhat values for alpha, beta, log(sigma^2), mean(xi), log(var(xi)), atanh(corr(xi, eta)):
[1.00803887 1.00966773 1.01388844 1.00082455 1.00002073 1.01835205]

Iteration:  18100
Rhat values for alpha, beta, log(sigma^2), mean(xi), log(var(xi)), atanh(corr(xi, eta)):
[1.00825464 1.00968793 1.01317426 1.0009162  1.00002049 1.01755595]

Iteration:  18200
Rhat values for alpha, beta, log(sigma^2), mean(xi), log(var(xi)), atanh(corr(xi, eta)):
[1.00836219 1.00956248 1.01247254 1.00096347 1.00002037 1.01665442]

Iteration:  18300
Rhat values for alpha, beta, log(sigma^2), mean(xi), log(var(xi)), atanh(corr(xi, eta)):
[1.00857375 1.00960952 1.01181885 1.00097462 1.00001971 1.01606637]

Iteration:  18400
Rhat values for alpha, beta, log(sigma^2), mean(xi), log(var(xi)), atanh(corr(xi, eta)):
[1.00917495 1.01006453 1.01144799 1.00090495 1.00001918 1.01592371]

Iteration:  18500
Rhat values for alpha, beta, log(sigma^2), mean(xi), log(var(xi)), atanh(corr(xi, eta)):
[1.00971103 1.01038142 1.01108689 1.0007867  1.00001893 1.01547155]

Iteration:  18600
Rhat values for alpha, beta, log(sigma^2), mean(xi), log(var(xi)), atanh(corr(xi, eta)):
[1.00998385 1.01055075 1.01133902 1.0007626  1.00001886 1.01552218]

Iteration:  18700
Rhat values for alpha, beta, log(sigma^2), mean(xi), log(var(xi)), atanh(corr(xi, eta)):
[1.01014465 1.01048176 1.01153605 1.00078174 1.0000187  1.01521183]

Iteration:  18800
Rhat values for alpha, beta, log(sigma^2), mean(xi), log(var(xi)), atanh(corr(xi, eta)):
[1.01079209 1.01093304 1.01165417 1.00080994 1.00001856 1.01530405]

Iteration:  18900
Rhat values for alpha, beta, log(sigma^2), mean(xi), log(var(xi)), atanh(corr(xi, eta)):
[1.01136088 1.01132307 1.01166924 1.00078748 1.00001827 1.01525696]

Iteration:  19000
Rhat values for alpha, beta, log(sigma^2), mean(xi), log(var(xi)), atanh(corr(xi, eta)):
[1.01131373 1.01132327 1.01146431 1.0007762  1.00001826 1.01494435]

Iteration:  19100
Rhat values for alpha, beta, log(sigma^2), mean(xi), log(var(xi)), atanh(corr(xi, eta)):
[1.01114884 1.01114342 1.01141285 1.00068454 1.00001853 1.01482016]

Iteration:  19200
Rhat values for alpha, beta, log(sigma^2), mean(xi), log(var(xi)), atanh(corr(xi, eta)):
[1.01082148 1.01064927 1.01129764 1.00071919 1.0000187  1.0142577 ]

Iteration:  19300
Rhat values for alpha, beta, log(sigma^2), mean(xi), log(var(xi)), atanh(corr(xi, eta)):
[1.01051463 1.01015167 1.01105734 1.00073911 1.00001862 1.01362209]

Iteration:  19400
Rhat values for alpha, beta, log(sigma^2), mean(xi), log(var(xi)), atanh(corr(xi, eta)):
[1.01004318 1.00949981 1.01086226 1.00065411 1.00001864 1.0130309 ]

Iteration:  19500
Rhat values for alpha, beta, log(sigma^2), mean(xi), log(var(xi)), atanh(corr(xi, eta)):
[1.00988861 1.00926053 1.01040063 1.0006372  1.00001861 1.01260621]

Iteration:  19600
Rhat values for alpha, beta, log(sigma^2), mean(xi), log(var(xi)), atanh(corr(xi, eta)):
[1.00988118 1.00907192 1.01044644 1.00060276 1.00001792 1.01270213]

Iteration:  19700
Rhat values for alpha, beta, log(sigma^2), mean(xi), log(var(xi)), atanh(corr(xi, eta)):
[1.01002457 1.00901315 1.01073639 1.00057667 1.00001771 1.01322289]

Iteration:  19800
Rhat values for alpha, beta, log(sigma^2), mean(xi), log(var(xi)), atanh(corr(xi, eta)):
[1.00999014 1.00888324 1.01116478 1.00070876 1.00001764 1.01380433]

Iteration:  19900
Rhat values for alpha, beta, log(sigma^2), mean(xi), log(var(xi)), atanh(corr(xi, eta)):
[1.00959125 1.00835365 1.01167034 1.00078315 1.00001813 1.01404568]

Iteration:  20000
Rhat values for alpha, beta, log(sigma^2), mean(xi), log(var(xi)), atanh(corr(xi, eta)):
[1.00928009 1.00800626 1.01212854 1.00087542 1.00001788 1.01407598]
{"name": "R19_first_hr_tripp_error_no_covadd_0.42", "n": 196, "mean": -0.021571397096786984, "sd": 0.01276516594647848, "median": -0.021500158475526877, "q16_84": [-0.033721112359319655, -0.00954449562446494], "q025_975": [-0.04636814676183633, 0.004452754684003681], "p_negative": 0.9499, "scatter_mean": 0.026967287259478064, "retained_draws": 40000, "seed": 20260931, "rhat_retained": {"alpha": 1.0100129803300588, "beta": 1.012260829232436, "sigsqr": 1.0134385785068287}}
START R19_first_hr_tripp_error_no_covadd_0.2 100

Iteration:  100
Rhat values for alpha, beta, log(sigma^2), mean(xi), log(var(xi)), atanh(corr(xi, eta)):
[1.08584838 1.10065137 1.0037864  1.04725756 1.02120306 1.36888215]

Iteration:  200
Rhat values for alpha, beta, log(sigma^2), mean(xi), log(var(xi)), atanh(corr(xi, eta)):
[1.02875374 1.04376044 1.037081   0.99803847 1.01466831 1.03323644]

Iteration:  300
Rhat values for alpha, beta, log(sigma^2), mean(xi), log(var(xi)), atanh(corr(xi, eta)):
[1.03475561 1.04497176 1.15056849 1.00042239 1.00944893 1.18611019]

Iteration:  400
Rhat values for alpha, beta, log(sigma^2), mean(xi), log(var(xi)), atanh(corr(xi, eta)):
[1.07300479 1.08441792 1.16454537 1.02104715 1.01131611 1.31897635]

Iteration:  500
Rhat values for alpha, beta, log(sigma^2), mean(xi), log(var(xi)), atanh(corr(xi, eta)):
[1.07826381 1.08849427 1.17644744 1.04399416 1.01855883 1.34640819]

Iteration:  600
Rhat values for alpha, beta, log(sigma^2), mean(xi), log(var(xi)), atanh(corr(xi, eta)):
[1.07629712 1.08504837 1.17616468 1.07225685 1.02715383 1.33013972]

Iteration:  700
Rhat values for alpha, beta, log(sigma^2), mean(xi), log(var(xi)), atanh(corr(xi, eta)):
[1.06028808 1.07162188 1.15377102 1.05504286 1.01951911 1.25433576]

Iteration:  800
Rhat values for alpha, beta, log(sigma^2), mean(xi), log(var(xi)), atanh(corr(xi, eta)):
[1.03300263 1.04553683 1.15650967 1.04357616 1.01930479 1.14299757]

Iteration:  900
Rhat values for alpha, beta, log(sigma^2), mean(xi), log(var(xi)), atanh(corr(xi, eta)):
[1.02243691 1.03941451 1.10722191 1.04343066 1.01607263 1.07788707]

Iteration:  1000
Rhat values for alpha, beta, log(sigma^2), mean(xi), log(var(xi)), atanh(corr(xi, eta)):
[1.01292415 1.02854712 1.0907511  1.04027766 1.01580114 1.06423753]

Iteration:  1100
Rhat values for alpha, beta, log(sigma^2), mean(xi), log(var(xi)), atanh(corr(xi, eta)):
[1.00485804 1.01282027 1.0673016  1.02325852 1.01215564 1.04805049]

Iteration:  1200
Rhat values for alpha, beta, log(sigma^2), mean(xi), log(var(xi)), atanh(corr(xi, eta)):
[1.00152739 1.00660994 1.03722789 1.01973766 1.01068839 1.0243081 ]

Iteration:  1300
Rhat values for alpha, beta, log(sigma^2), mean(xi), log(var(xi)), atanh(corr(xi, eta)):
[1.00111293 1.00441573 1.02761664 1.02193179 1.01077112 1.01688231]

Iteration:  1400
Rhat values for alpha, beta, log(sigma^2), mean(xi), log(var(xi)), atanh(corr(xi, eta)):
[1.00067306 1.00121592 1.02493043 1.01696455 1.00786251 1.01826676]

Iteration:  1500
Rhat values for alpha, beta, log(sigma^2), mean(xi), log(var(xi)), atanh(corr(xi, eta)):
[1.00185191 1.00253589 1.02470026 1.01774048 1.00577912 1.01983902]

Iteration:  1600
Rhat values for alpha, beta, log(sigma^2), mean(xi), log(var(xi)), atanh(corr(xi, eta)):
[1.0029879  1.00269097 1.03878781 1.01623449 1.0000224  1.02839467]

Iteration:  1700
Rhat values for alpha, beta, log(sigma^2), mean(xi), log(var(xi)), atanh(corr(xi, eta)):
[1.00301017 1.0038123  1.05251666 1.0114006  1.00004286 1.03866185]

Iteration:  1800
Rhat values for alpha, beta, log(sigma^2), mean(xi), log(var(xi)), atanh(corr(xi, eta)):
[1.00321493 1.00386163 1.04991306 1.01399995 1.00004638 1.03241022]

Iteration:  1900
Rhat values for alpha, beta, log(sigma^2), mean(xi), log(var(xi)), atanh(corr(xi, eta)):
[1.00506363 1.00519995 1.04736679 1.00853207 1.00004044 1.03391949]

Iteration:  2000
Rhat values for alpha, beta, log(sigma^2), mean(xi), log(var(xi)), atanh(corr(xi, eta)):
[1.00694161 1.00697947 1.05905047 1.00840908 1.00003464 1.04718983]

Iteration:  2100
Rhat values for alpha, beta, log(sigma^2), mean(xi), log(var(xi)), atanh(corr(xi, eta)):
[1.00697358 1.00743457 1.07237066 1.01117238 1.00002756 1.05177317]

Iteration:  2200
Rhat values for alpha, beta, log(sigma^2), mean(xi), log(var(xi)), atanh(corr(xi, eta)):
[1.00607478 1.00541263 1.0630459  1.0093191  0.9999935  1.03849698]

Iteration:  2300
Rhat values for alpha, beta, log(sigma^2), mean(xi), log(var(xi)), atanh(corr(xi, eta)):
[1.00646075 1.00426985 1.05631175 1.01145838 0.9999938  1.03616424]

Iteration:  2400
Rhat values for alpha, beta, log(sigma^2), mean(xi), log(var(xi)), atanh(corr(xi, eta)):
[1.00678891 1.00321902 1.05172903 1.01376791 0.99999638 1.03434348]

Iteration:  2500
Rhat values for alpha, beta, log(sigma^2), mean(xi), log(var(xi)), atanh(corr(xi, eta)):
[1.00600166 1.00190272 1.055516   1.011936   0.99999378 1.03894472]

Iteration:  2600
Rhat values for alpha, beta, log(sigma^2), mean(xi), log(var(xi)), atanh(corr(xi, eta)):
[1.00446483 1.0011173  1.04289913 1.01091383 0.99998743 1.0318038 ]

Iteration:  2700
Rhat values for alpha, beta, log(sigma^2), mean(xi), log(var(xi)), atanh(corr(xi, eta)):
[1.00523003 1.00181792 1.03823889 1.00857634 0.9999869  1.02998785]

Iteration:  2800
Rhat values for alpha, beta, log(sigma^2), mean(xi), log(var(xi)), atanh(corr(xi, eta)):
[1.004661   1.00252545 1.03395866 1.00661476 0.99998719 1.02486328]

Iteration:  2900
Rhat values for alpha, beta, log(sigma^2), mean(xi), log(var(xi)), atanh(corr(xi, eta)):
[1.00420533 1.00216981 1.02750362 1.00567596 0.99996452 1.02108912]

Iteration:  3000
Rhat values for alpha, beta, log(sigma^2), mean(xi), log(var(xi)), atanh(corr(xi, eta)):
[1.00251101 1.00150621 1.03104485 1.00584992 0.99996057 1.02155983]

Iteration:  3100
Rhat values for alpha, beta, log(sigma^2), mean(xi), log(var(xi)), atanh(corr(xi, eta)):
[1.0027836  1.00229414 1.03118333 1.00694931 0.9999601  1.02061719]

Iteration:  3200
Rhat values for alpha, beta, log(sigma^2), mean(xi), log(var(xi)), atanh(corr(xi, eta)):
[1.00410941 1.00328144 1.0278836  1.00622218 0.99995976 1.0187782 ]

Iteration:  3300
Rhat values for alpha, beta, log(sigma^2), mean(xi), log(var(xi)), atanh(corr(xi, eta)):
[1.00589388 1.00486352 1.02794159 1.00593643 0.99996432 1.01919822]

Iteration:  3400
Rhat values for alpha, beta, log(sigma^2), mean(xi), log(var(xi)), atanh(corr(xi, eta)):
[1.00504658 1.00579433 1.02764822 1.00529438 0.99998194 1.01636497]

Iteration:  3500
Rhat values for alpha, beta, log(sigma^2), mean(xi), log(var(xi)), atanh(corr(xi, eta)):
[1.00696622 1.00728805 1.02463502 1.00487461 0.99997693 1.01518416]

Iteration:  3600
Rhat values for alpha, beta, log(sigma^2), mean(xi), log(var(xi)), atanh(corr(xi, eta)):
[1.00885475 1.0091577  1.02479359 1.00547714 0.99997966 1.01586301]

Iteration:  3700
Rhat values for alpha, beta, log(sigma^2), mean(xi), log(var(xi)), atanh(corr(xi, eta)):
[1.00972919 1.00938559 1.02583845 1.00497101 0.99998125 1.0173705 ]

Iteration:  3800
Rhat values for alpha, beta, log(sigma^2), mean(xi), log(var(xi)), atanh(corr(xi, eta)):
[1.01012497 1.00957886 1.02655038 1.00423778 0.99997473 1.01661606]

Iteration:  3900
Rhat values for alpha, beta, log(sigma^2), mean(xi), log(var(xi)), atanh(corr(xi, eta)):
[1.01211535 1.01135428 1.02330441 1.0043501  0.99997379 1.01478804]

Iteration:  4000
Rhat values for alpha, beta, log(sigma^2), mean(xi), log(var(xi)), atanh(corr(xi, eta)):
[1.01259183 1.01177054 1.02665128 1.00527087 0.99997551 1.01654985]

Iteration:  4100
Rhat values for alpha, beta, log(sigma^2), mean(xi), log(var(xi)), atanh(corr(xi, eta)):
[1.01230609 1.01289286 1.02869177 1.00411696 0.99997538 1.01680756]

Iteration:  4200
Rhat values for alpha, beta, log(sigma^2), mean(xi), log(var(xi)), atanh(corr(xi, eta)):
[1.01112301 1.01208094 1.03000671 1.00334904 0.99997496 1.01810652]

Iteration:  4300
Rhat values for alpha, beta, log(sigma^2), mean(xi), log(var(xi)), atanh(corr(xi, eta)):
[1.01183338 1.01288676 1.02812711 1.00289645 0.99993696 1.01798174]

Iteration:  4400
Rhat values for alpha, beta, log(sigma^2), mean(xi), log(var(xi)), atanh(corr(xi, eta)):
[1.01333759 1.01476278 1.02630869 1.00271555 0.99993551 1.01844706]

Iteration:  4500
Rhat values for alpha, beta, log(sigma^2), mean(xi), log(var(xi)), atanh(corr(xi, eta)):
[1.01522775 1.0161956  1.02701598 1.00233361 0.9999345  1.02065506]

Iteration:  4600
Rhat values for alpha, beta, log(sigma^2), mean(xi), log(var(xi)), atanh(corr(xi, eta)):
[1.01491666 1.01528084 1.02461497 1.00248236 0.99993653 1.02045265]

Iteration:  4700
Rhat values for alpha, beta, log(sigma^2), mean(xi), log(var(xi)), atanh(corr(xi, eta)):
[1.01515335 1.01449391 1.02722608 1.00222008 0.99992947 1.02398966]

Iteration:  4800
Rhat values for alpha, beta, log(sigma^2), mean(xi), log(var(xi)), atanh(corr(xi, eta)):
[1.01602167 1.01496053 1.03032684 1.00157682 0.99992869 1.02734579]

Iteration:  4900
Rhat values for alpha, beta, log(sigma^2), mean(xi), log(var(xi)), atanh(corr(xi, eta)):
[1.01680484 1.01410758 1.02657442 1.00153448 0.99992854 1.02482638]

Iteration:  5000
Rhat values for alpha, beta, log(sigma^2), mean(xi), log(var(xi)), atanh(corr(xi, eta)):
[1.0182987  1.01477032 1.02239975 1.00189553 0.99993122 1.02297093]

Iteration:  5100
Rhat values for alpha, beta, log(sigma^2), mean(xi), log(var(xi)), atanh(corr(xi, eta)):
[1.0200016  1.01567184 1.02264248 1.00224988 0.9999305  1.02550809]

Iteration:  5200
Rhat values for alpha, beta, log(sigma^2), mean(xi), log(var(xi)), atanh(corr(xi, eta)):
[1.0199854  1.01622977 1.02219231 1.00210555 0.99993167 1.02508336]

Iteration:  5300
Rhat values for alpha, beta, log(sigma^2), mean(xi), log(var(xi)), atanh(corr(xi, eta)):
[1.02109969 1.01686978 1.02132275 1.00176782 0.99993179 1.02584251]

Iteration:  5400
Rhat values for alpha, beta, log(sigma^2), mean(xi), log(var(xi)), atanh(corr(xi, eta)):
[1.02312967 1.01805113 1.01995159 1.00184733 0.9999347  1.02545953]

Iteration:  5500
Rhat values for alpha, beta, log(sigma^2), mean(xi), log(var(xi)), atanh(corr(xi, eta)):
[1.02518186 1.01971218 1.0179944  1.00221054 0.99993342 1.02379956]

Iteration:  5600
Rhat values for alpha, beta, log(sigma^2), mean(xi), log(var(xi)), atanh(corr(xi, eta)):
[1.02464004 1.01979469 1.01985798 1.00174623 0.99993275 1.02191446]

Iteration:  5700
Rhat values for alpha, beta, log(sigma^2), mean(xi), log(var(xi)), atanh(corr(xi, eta)):
[1.01990688 1.01562014 1.01886241 1.00126346 0.99993393 1.0195384 ]

Iteration:  5800
Rhat values for alpha, beta, log(sigma^2), mean(xi), log(var(xi)), atanh(corr(xi, eta)):
[1.01935041 1.0148745  1.01451657 1.00093294 0.99993422 1.01803576]

Iteration:  5900
Rhat values for alpha, beta, log(sigma^2), mean(xi), log(var(xi)), atanh(corr(xi, eta)):
[1.01952528 1.01465419 1.01122909 1.00101735 0.99993759 1.01724683]

Iteration:  6000
Rhat values for alpha, beta, log(sigma^2), mean(xi), log(var(xi)), atanh(corr(xi, eta)):
[1.01845211 1.01385358 1.01030654 1.00104128 0.99993029 1.01766085]

Iteration:  6100
Rhat values for alpha, beta, log(sigma^2), mean(xi), log(var(xi)), atanh(corr(xi, eta)):
[1.01780866 1.01343012 1.01138436 1.00093439 0.99993013 1.0188788 ]

Iteration:  6200
Rhat values for alpha, beta, log(sigma^2), mean(xi), log(var(xi)), atanh(corr(xi, eta)):
[1.01885015 1.0146163  1.01093728 1.00093485 0.9999305  1.01910445]

Iteration:  6300
Rhat values for alpha, beta, log(sigma^2), mean(xi), log(var(xi)), atanh(corr(xi, eta)):
[1.02074113 1.01668252 1.00934186 1.0012117  0.9999414  1.01966804]

Iteration:  6400
Rhat values for alpha, beta, log(sigma^2), mean(xi), log(var(xi)), atanh(corr(xi, eta)):
[1.02107293 1.01704465 1.0074889  1.00136393 0.99994258 1.01918239]

Iteration:  6500
Rhat values for alpha, beta, log(sigma^2), mean(xi), log(var(xi)), atanh(corr(xi, eta)):
[1.02067706 1.0166886  1.00729373 1.00184352 0.99994421 1.01884489]

Iteration:  6600
Rhat values for alpha, beta, log(sigma^2), mean(xi), log(var(xi)), atanh(corr(xi, eta)):
[1.01823613 1.01432033 1.00783021 1.00266363 0.9999472  1.01880899]

Iteration:  6700
Rhat values for alpha, beta, log(sigma^2), mean(xi), log(var(xi)), atanh(corr(xi, eta)):
[1.01660647 1.01216007 1.00847411 1.00310826 0.99995052 1.01902967]

Iteration:  6800
Rhat values for alpha, beta, log(sigma^2), mean(xi), log(var(xi)), atanh(corr(xi, eta)):
[1.01716098 1.01205194 1.00902591 1.00349881 0.99995215 1.01852372]

Iteration:  6900
Rhat values for alpha, beta, log(sigma^2), mean(xi), log(var(xi)), atanh(corr(xi, eta)):
[1.01662912 1.01089054 1.01065427 1.00365316 0.99995058 1.01841256]

Iteration:  7000
Rhat values for alpha, beta, log(sigma^2), mean(xi), log(var(xi)), atanh(corr(xi, eta)):
[1.01470273 1.0091379  1.01047628 1.00359709 0.9999513  1.01736817]

Iteration:  7100
Rhat values for alpha, beta, log(sigma^2), mean(xi), log(var(xi)), atanh(corr(xi, eta)):
[1.01330279 1.00811772 1.00922195 1.00401023 0.99995141 1.01548197]

Iteration:  7200
Rhat values for alpha, beta, log(sigma^2), mean(xi), log(var(xi)), atanh(corr(xi, eta)):
[1.012313   1.00753054 1.00876857 1.00409694 0.99995394 1.01438141]

Iteration:  7300
Rhat values for alpha, beta, log(sigma^2), mean(xi), log(var(xi)), atanh(corr(xi, eta)):
[1.0136081  1.00826653 1.00841136 1.0036232  0.99995478 1.01497891]

Iteration:  7400
Rhat values for alpha, beta, log(sigma^2), mean(xi), log(var(xi)), atanh(corr(xi, eta)):
[1.01374086 1.00841542 1.00942484 1.0035756  0.99995474 1.0159439 ]

Iteration:  7500
Rhat values for alpha, beta, log(sigma^2), mean(xi), log(var(xi)), atanh(corr(xi, eta)):
[1.01136813 1.00664981 1.01128392 1.003364   0.99995655 1.01716847]

Iteration:  7600
Rhat values for alpha, beta, log(sigma^2), mean(xi), log(var(xi)), atanh(corr(xi, eta)):
[1.00946011 1.00520435 1.01226527 1.00342673 0.99995719 1.01775231]

Iteration:  7700
Rhat values for alpha, beta, log(sigma^2), mean(xi), log(var(xi)), atanh(corr(xi, eta)):
[1.00967203 1.00547525 1.01269737 1.00334608 0.99995796 1.01758271]

Iteration:  7800
Rhat values for alpha, beta, log(sigma^2), mean(xi), log(var(xi)), atanh(corr(xi, eta)):
[1.01025121 1.00609492 1.01565263 1.00328075 0.99995808 1.02051978]

Iteration:  7900
Rhat values for alpha, beta, log(sigma^2), mean(xi), log(var(xi)), atanh(corr(xi, eta)):
[1.01104714 1.0068433  1.0178329  1.00353974 0.99995815 1.0229667 ]

Iteration:  8000
Rhat values for alpha, beta, log(sigma^2), mean(xi), log(var(xi)), atanh(corr(xi, eta)):
[1.0107538  1.00651698 1.02063995 1.00372043 0.99995828 1.02552216]

Iteration:  8100
Rhat values for alpha, beta, log(sigma^2), mean(xi), log(var(xi)), atanh(corr(xi, eta)):
[1.01066426 1.00636156 1.02144393 1.00396529 0.99996804 1.02626715]

Iteration:  8200
Rhat values for alpha, beta, log(sigma^2), mean(xi), log(var(xi)), atanh(corr(xi, eta)):
[1.01114093 1.00658204 1.02229037 1.00418746 0.99996787 1.02736783]

Iteration:  8300
Rhat values for alpha, beta, log(sigma^2), mean(xi), log(var(xi)), atanh(corr(xi, eta)):
[1.01228447 1.00739771 1.02150126 1.00433051 0.99997009 1.02752763]

Iteration:  8400
Rhat values for alpha, beta, log(sigma^2), mean(xi), log(var(xi)), atanh(corr(xi, eta)):
[1.01335255 1.00806705 1.0210193  1.00404097 1.00000996 1.02784032]

Iteration:  8500
Rhat values for alpha, beta, log(sigma^2), mean(xi), log(var(xi)), atanh(corr(xi, eta)):
[1.0135025  1.00829602 1.01923735 1.00387201 0.99999108 1.02652282]

Iteration:  8600
Rhat values for alpha, beta, log(sigma^2), mean(xi), log(var(xi)), atanh(corr(xi, eta)):
[1.01300332 1.00774204 1.01652418 1.00394688 0.99999239 1.02411194]

Iteration:  8700
Rhat values for alpha, beta, log(sigma^2), mean(xi), log(var(xi)), atanh(corr(xi, eta)):
[1.01240306 1.00729035 1.01428382 1.00366149 0.99998126 1.02174553]

Iteration:  8800
Rhat values for alpha, beta, log(sigma^2), mean(xi), log(var(xi)), atanh(corr(xi, eta)):
[1.01227765 1.00711029 1.01382971 1.00372663 0.99998156 1.02094912]

Iteration:  8900
Rhat values for alpha, beta, log(sigma^2), mean(xi), log(var(xi)), atanh(corr(xi, eta)):
[1.01050411 1.00589843 1.01375082 1.00365357 0.99997641 1.01897907]

Iteration:  9000
Rhat values for alpha, beta, log(sigma^2), mean(xi), log(var(xi)), atanh(corr(xi, eta)):
[1.01006905 1.00572895 1.01302956 1.00357536 0.9999764  1.01748952]

Iteration:  9100
Rhat values for alpha, beta, log(sigma^2), mean(xi), log(var(xi)), atanh(corr(xi, eta)):
[1.01049807 1.00626801 1.01141932 1.00382138 1.00000113 1.01609743]

Iteration:  9200
Rhat values for alpha, beta, log(sigma^2), mean(xi), log(var(xi)), atanh(corr(xi, eta)):
[1.01022926 1.0062537  1.0095888  1.00370212 1.00000124 1.01391144]

Iteration:  9300
Rhat values for alpha, beta, log(sigma^2), mean(xi), log(var(xi)), atanh(corr(xi, eta)):
[1.00966591 1.00591013 1.00914188 1.00364665 1.00000182 1.0129457 ]

Iteration:  9400
Rhat values for alpha, beta, log(sigma^2), mean(xi), log(var(xi)), atanh(corr(xi, eta)):
[1.0093275  1.00588919 1.00940635 1.00390997 1.00000143 1.01285339]

Iteration:  9500
Rhat values for alpha, beta, log(sigma^2), mean(xi), log(var(xi)), atanh(corr(xi, eta)):
[1.00777568 1.00457114 1.00996778 1.00426145 1.00000055 1.01227942]

Iteration:  9600
Rhat values for alpha, beta, log(sigma^2), mean(xi), log(var(xi)), atanh(corr(xi, eta)):
[1.00694166 1.00394498 1.01190273 1.00475448 1.00000042 1.01318573]

Iteration:  9700
Rhat values for alpha, beta, log(sigma^2), mean(xi), log(var(xi)), atanh(corr(xi, eta)):
[1.0063387  1.00347104 1.01308497 1.00488766 0.99999996 1.01336205]

Iteration:  9800
Rhat values for alpha, beta, log(sigma^2), mean(xi), log(var(xi)), atanh(corr(xi, eta)):
[1.005813   1.00306274 1.01332593 1.00460938 1.0000005  1.01281635]

Iteration:  9900
Rhat values for alpha, beta, log(sigma^2), mean(xi), log(var(xi)), atanh(corr(xi, eta)):
[1.00546014 1.00274432 1.01355106 1.0043502  1.0000015  1.01320387]

Iteration:  10000
Rhat values for alpha, beta, log(sigma^2), mean(xi), log(var(xi)), atanh(corr(xi, eta)):
[1.00567208 1.00295835 1.01339923 1.00414339 1.00000145 1.01382181]

Iteration:  10100
Rhat values for alpha, beta, log(sigma^2), mean(xi), log(var(xi)), atanh(corr(xi, eta)):
[1.0059789  1.00328745 1.0137471  1.00389646 1.0000092  1.01438507]

Iteration:  10200
Rhat values for alpha, beta, log(sigma^2), mean(xi), log(var(xi)), atanh(corr(xi, eta)):
[1.00577266 1.00316629 1.01333845 1.00395377 1.00000906 1.01391775]

Iteration:  10300
Rhat values for alpha, beta, log(sigma^2), mean(xi), log(var(xi)), atanh(corr(xi, eta)):
[1.00600996 1.00326701 1.01261212 1.0041105  1.00000892 1.013607  ]

Iteration:  10400
Rhat values for alpha, beta, log(sigma^2), mean(xi), log(var(xi)), atanh(corr(xi, eta)):
[1.00636631 1.00358362 1.01141257 1.00409979 1.00000871 1.01349156]

Iteration:  10500
Rhat values for alpha, beta, log(sigma^2), mean(xi), log(var(xi)), atanh(corr(xi, eta)):
[1.00675417 1.00398027 1.01061374 1.00423597 1.00000872 1.01320887]

Iteration:  10600
Rhat values for alpha, beta, log(sigma^2), mean(xi), log(var(xi)), atanh(corr(xi, eta)):
[1.00682573 1.00398079 1.01042961 1.00399476 1.0000087  1.0129772 ]

Iteration:  10700
Rhat values for alpha, beta, log(sigma^2), mean(xi), log(var(xi)), atanh(corr(xi, eta)):
[1.00636164 1.0036201  1.01068641 1.00412943 1.00000877 1.01303151]

Iteration:  10800
Rhat values for alpha, beta, log(sigma^2), mean(xi), log(var(xi)), atanh(corr(xi, eta)):
[1.00661673 1.00378516 1.0116651  1.00422744 1.00000863 1.01415041]

Iteration:  10900
Rhat values for alpha, beta, log(sigma^2), mean(xi), log(var(xi)), atanh(corr(xi, eta)):
[1.00632564 1.00351103 1.0116849  1.00386843 1.00000854 1.0139436 ]

Iteration:  11000
Rhat values for alpha, beta, log(sigma^2), mean(xi), log(var(xi)), atanh(corr(xi, eta)):
[1.00578293 1.00314147 1.01108774 1.00357757 1.00000849 1.01295811]

Iteration:  11100
Rhat values for alpha, beta, log(sigma^2), mean(xi), log(var(xi)), atanh(corr(xi, eta)):
[1.00586685 1.00325272 1.01056163 1.00358268 1.0000084  1.01276591]

Iteration:  11200
Rhat values for alpha, beta, log(sigma^2), mean(xi), log(var(xi)), atanh(corr(xi, eta)):
[1.00530144 1.00289877 1.01069187 1.00353412 1.00000831 1.01255327]

Iteration:  11300
Rhat values for alpha, beta, log(sigma^2), mean(xi), log(var(xi)), atanh(corr(xi, eta)):
[1.00447118 1.00243844 1.01067808 1.00345601 1.0000082  1.01171372]

Iteration:  11400
Rhat values for alpha, beta, log(sigma^2), mean(xi), log(var(xi)), atanh(corr(xi, eta)):
[1.00405425 1.00213691 1.01058228 1.00366071 1.0000073  1.01116705]

Iteration:  11500
Rhat values for alpha, beta, log(sigma^2), mean(xi), log(var(xi)), atanh(corr(xi, eta)):
[1.0039545  1.00200575 1.01022015 1.00358999 1.00000725 1.01074111]

Iteration:  11600
Rhat values for alpha, beta, log(sigma^2), mean(xi), log(var(xi)), atanh(corr(xi, eta)):
[1.00403276 1.00204635 1.0099266  1.00324469 1.00000724 1.01035843]

Iteration:  11700
Rhat values for alpha, beta, log(sigma^2), mean(xi), log(var(xi)), atanh(corr(xi, eta)):
[1.00401795 1.00208591 1.00976918 1.00285319 1.00000722 1.01038829]

Iteration:  11800
Rhat values for alpha, beta, log(sigma^2), mean(xi), log(var(xi)), atanh(corr(xi, eta)):
[1.00406609 1.0021694  1.00923453 1.00276384 1.00000693 1.01048714]

Iteration:  11900
Rhat values for alpha, beta, log(sigma^2), mean(xi), log(var(xi)), atanh(corr(xi, eta)):
[1.00428735 1.00232703 1.00922936 1.00277475 1.00000686 1.01066255]

Iteration:  12000
Rhat values for alpha, beta, log(sigma^2), mean(xi), log(var(xi)), atanh(corr(xi, eta)):
[1.00422824 1.00243719 1.00842102 1.00283033 1.00000681 1.00988729]

Iteration:  12100
Rhat values for alpha, beta, log(sigma^2), mean(xi), log(var(xi)), atanh(corr(xi, eta)):
[1.00416838 1.00249098 1.0084449  1.00289507 1.00000675 1.00970264]

Iteration:  12200
Rhat values for alpha, beta, log(sigma^2), mean(xi), log(var(xi)), atanh(corr(xi, eta)):
[1.00407959 1.00250412 1.00894833 1.00263867 1.00000669 1.00998207]

Iteration:  12300
Rhat values for alpha, beta, log(sigma^2), mean(xi), log(var(xi)), atanh(corr(xi, eta)):
[1.004113   1.00267328 1.00873859 1.00240608 1.00000669 1.0094946 ]

Iteration:  12400
Rhat values for alpha, beta, log(sigma^2), mean(xi), log(var(xi)), atanh(corr(xi, eta)):
[1.00382235 1.00244326 1.00911891 1.0020951  1.00000664 1.00964278]

Iteration:  12500
Rhat values for alpha, beta, log(sigma^2), mean(xi), log(var(xi)), atanh(corr(xi, eta)):
[1.00385553 1.00248319 1.00990486 1.00211854 1.00000658 1.01035919]

Iteration:  12600
Rhat values for alpha, beta, log(sigma^2), mean(xi), log(var(xi)), atanh(corr(xi, eta)):
[1.00418917 1.00275302 1.01045998 1.00182216 1.00000588 1.01110301]

Iteration:  12700
Rhat values for alpha, beta, log(sigma^2), mean(xi), log(var(xi)), atanh(corr(xi, eta)):
[1.00412076 1.00271546 1.01051235 1.00187453 1.00000527 1.0113973 ]

Iteration:  12800
Rhat values for alpha, beta, log(sigma^2), mean(xi), log(var(xi)), atanh(corr(xi, eta)):
[1.00430143 1.00278091 1.00955408 1.00178268 1.00000525 1.01080553]

Iteration:  12900
Rhat values for alpha, beta, log(sigma^2), mean(xi), log(var(xi)), atanh(corr(xi, eta)):
[1.00427827 1.00261951 1.00823078 1.00180038 1.00000521 1.00937387]

Iteration:  13000
Rhat values for alpha, beta, log(sigma^2), mean(xi), log(var(xi)), atanh(corr(xi, eta)):
[1.00431259 1.00258089 1.00752292 1.00191412 1.00000495 1.00879069]

Iteration:  13100
Rhat values for alpha, beta, log(sigma^2), mean(xi), log(var(xi)), atanh(corr(xi, eta)):
[1.00449507 1.00286977 1.0070991  1.00184391 1.0000049  1.00850761]

Iteration:  13200
Rhat values for alpha, beta, log(sigma^2), mean(xi), log(var(xi)), atanh(corr(xi, eta)):
[1.00494936 1.0033998  1.00756576 1.00180866 1.00000473 1.0091049 ]

Iteration:  13300
Rhat values for alpha, beta, log(sigma^2), mean(xi), log(var(xi)), atanh(corr(xi, eta)):
[1.00519263 1.00370183 1.00734566 1.00175708 1.00000475 1.00914711]

Iteration:  13400
Rhat values for alpha, beta, log(sigma^2), mean(xi), log(var(xi)), atanh(corr(xi, eta)):
[1.00529649 1.00387139 1.00710922 1.00199159 1.0000047  1.00921119]

Iteration:  13500
Rhat values for alpha, beta, log(sigma^2), mean(xi), log(var(xi)), atanh(corr(xi, eta)):
[1.00502247 1.00353415 1.00686169 1.00198029 1.00000464 1.0087719 ]

Iteration:  13600
Rhat values for alpha, beta, log(sigma^2), mean(xi), log(var(xi)), atanh(corr(xi, eta)):
[1.00483348 1.00335485 1.00702584 1.00186755 1.00000462 1.00876165]

Iteration:  13700
Rhat values for alpha, beta, log(sigma^2), mean(xi), log(var(xi)), atanh(corr(xi, eta)):
[1.00486269 1.00337209 1.00698672 1.0019205  1.00000456 1.00904836]

Iteration:  13800
Rhat values for alpha, beta, log(sigma^2), mean(xi), log(var(xi)), atanh(corr(xi, eta)):
[1.00522602 1.00369355 1.00690422 1.00188998 1.00000449 1.00918388]

Iteration:  13900
Rhat values for alpha, beta, log(sigma^2), mean(xi), log(var(xi)), atanh(corr(xi, eta)):
[1.00537574 1.00373034 1.00679944 1.001781   1.00000448 1.0092727 ]

Iteration:  14000
Rhat values for alpha, beta, log(sigma^2), mean(xi), log(var(xi)), atanh(corr(xi, eta)):
[1.00514716 1.00342247 1.00628015 1.00190224 1.00000442 1.0087819 ]

Iteration:  14100
Rhat values for alpha, beta, log(sigma^2), mean(xi), log(var(xi)), atanh(corr(xi, eta)):
[1.00481886 1.003022   1.00586252 1.00192561 1.00000438 1.00815111]

Iteration:  14200
Rhat values for alpha, beta, log(sigma^2), mean(xi), log(var(xi)), atanh(corr(xi, eta)):
[1.00479032 1.00304779 1.00612675 1.00184741 1.00000454 1.00848008]

Iteration:  14300
Rhat values for alpha, beta, log(sigma^2), mean(xi), log(var(xi)), atanh(corr(xi, eta)):
[1.00523896 1.00339924 1.00636116 1.00189    1.00000417 1.00911222]

Iteration:  14400
Rhat values for alpha, beta, log(sigma^2), mean(xi), log(var(xi)), atanh(corr(xi, eta)):
[1.00565918 1.00377266 1.0064654  1.00180239 1.00000417 1.00933823]

Iteration:  14500
Rhat values for alpha, beta, log(sigma^2), mean(xi), log(var(xi)), atanh(corr(xi, eta)):
[1.00513607 1.00336383 1.00617538 1.00178729 1.00000414 1.00874999]

Iteration:  14600
Rhat values for alpha, beta, log(sigma^2), mean(xi), log(var(xi)), atanh(corr(xi, eta)):
[1.00475174 1.00302818 1.00551631 1.00170843 1.0000041  1.00763214]

Iteration:  14700
Rhat values for alpha, beta, log(sigma^2), mean(xi), log(var(xi)), atanh(corr(xi, eta)):
[1.00436069 1.00269404 1.00504269 1.00167482 1.00000393 1.00702651]

Iteration:  14800
Rhat values for alpha, beta, log(sigma^2), mean(xi), log(var(xi)), atanh(corr(xi, eta)):
[1.00382503 1.00229789 1.00447279 1.0017027  1.00000384 1.00642963]

Iteration:  14900
Rhat values for alpha, beta, log(sigma^2), mean(xi), log(var(xi)), atanh(corr(xi, eta)):
[1.00357451 1.00214803 1.00421748 1.00181053 1.0000038  1.00611602]

Iteration:  15000
Rhat values for alpha, beta, log(sigma^2), mean(xi), log(var(xi)), atanh(corr(xi, eta)):
[1.00321722 1.00203993 1.00402519 1.00194228 1.00000378 1.00572225]

Iteration:  15100
Rhat values for alpha, beta, log(sigma^2), mean(xi), log(var(xi)), atanh(corr(xi, eta)):
[1.0030339  1.00193174 1.00411504 1.0021043  1.00000375 1.00560508]

Iteration:  15200
Rhat values for alpha, beta, log(sigma^2), mean(xi), log(var(xi)), atanh(corr(xi, eta)):
[1.0031227  1.00202695 1.00425194 1.00192671 1.00000371 1.00564465]

Iteration:  15300
Rhat values for alpha, beta, log(sigma^2), mean(xi), log(var(xi)), atanh(corr(xi, eta)):
[1.00268452 1.0017375  1.00465829 1.00194049 1.00000364 1.00566789]

Iteration:  15400
Rhat values for alpha, beta, log(sigma^2), mean(xi), log(var(xi)), atanh(corr(xi, eta)):
[1.002568   1.00161041 1.00466601 1.00215124 1.00000362 1.00544936]

Iteration:  15500
Rhat values for alpha, beta, log(sigma^2), mean(xi), log(var(xi)), atanh(corr(xi, eta)):
[1.0025467  1.00156073 1.00457549 1.00198911 1.00000361 1.00521908]

Iteration:  15600
Rhat values for alpha, beta, log(sigma^2), mean(xi), log(var(xi)), atanh(corr(xi, eta)):
[1.00262577 1.0015833  1.00469714 1.00195567 1.0000036  1.00536007]

Iteration:  15700
Rhat values for alpha, beta, log(sigma^2), mean(xi), log(var(xi)), atanh(corr(xi, eta)):
[1.00236267 1.00142894 1.00499834 1.00198177 1.00000292 1.005328  ]

Iteration:  15800
Rhat values for alpha, beta, log(sigma^2), mean(xi), log(var(xi)), atanh(corr(xi, eta)):
[1.00220671 1.00140758 1.00480485 1.00191047 1.0000029  1.00478018]

Iteration:  15900
Rhat values for alpha, beta, log(sigma^2), mean(xi), log(var(xi)), atanh(corr(xi, eta)):
[1.00196671 1.00130871 1.00496505 1.00173497 1.00000284 1.00477813]

Iteration:  16000
Rhat values for alpha, beta, log(sigma^2), mean(xi), log(var(xi)), atanh(corr(xi, eta)):
[1.00189513 1.00128596 1.00508832 1.00164543 1.00000282 1.00491734]

Iteration:  16100
Rhat values for alpha, beta, log(sigma^2), mean(xi), log(var(xi)), atanh(corr(xi, eta)):
[1.00185499 1.00125102 1.00519836 1.00149844 1.0000028  1.00491915]

Iteration:  16200
Rhat values for alpha, beta, log(sigma^2), mean(xi), log(var(xi)), atanh(corr(xi, eta)):
[1.0017486  1.00116799 1.00491109 1.00145342 0.99999756 1.00448449]

Iteration:  16300
Rhat values for alpha, beta, log(sigma^2), mean(xi), log(var(xi)), atanh(corr(xi, eta)):
[1.00153165 1.00100055 1.004773   1.0013478  0.99999759 1.00419509]

Iteration:  16400
Rhat values for alpha, beta, log(sigma^2), mean(xi), log(var(xi)), atanh(corr(xi, eta)):
[1.00150802 1.00098557 1.00475097 1.00139393 0.9999976  1.00404711]

Iteration:  16500
Rhat values for alpha, beta, log(sigma^2), mean(xi), log(var(xi)), atanh(corr(xi, eta)):
[1.00166786 1.00108604 1.00506908 1.00126205 0.99999762 1.00432285]

Iteration:  16600
Rhat values for alpha, beta, log(sigma^2), mean(xi), log(var(xi)), atanh(corr(xi, eta)):
[1.00175115 1.00119486 1.00472652 1.00130992 0.9999976  1.00420504]

Iteration:  16700
Rhat values for alpha, beta, log(sigma^2), mean(xi), log(var(xi)), atanh(corr(xi, eta)):
[1.00177097 1.00125077 1.00456944 1.00129192 0.99999764 1.00387581]

Iteration:  16800
Rhat values for alpha, beta, log(sigma^2), mean(xi), log(var(xi)), atanh(corr(xi, eta)):
[1.00189435 1.00132597 1.00381156 1.0013288  0.99999766 1.00316702]

Iteration:  16900
Rhat values for alpha, beta, log(sigma^2), mean(xi), log(var(xi)), atanh(corr(xi, eta)):
[1.00196804 1.00134521 1.00336062 1.0012813  0.9999977  1.00268584]

Iteration:  17000
Rhat values for alpha, beta, log(sigma^2), mean(xi), log(var(xi)), atanh(corr(xi, eta)):
[1.00217969 1.00149851 1.00269634 1.00123084 0.99999766 1.00198895]

Iteration:  17100
Rhat values for alpha, beta, log(sigma^2), mean(xi), log(var(xi)), atanh(corr(xi, eta)):
[1.00241967 1.00163838 1.00224463 1.00110436 0.99999769 1.00149422]

Iteration:  17200
Rhat values for alpha, beta, log(sigma^2), mean(xi), log(var(xi)), atanh(corr(xi, eta)):
[1.00262935 1.00177464 1.00195071 1.00117177 0.99999761 1.00141283]

Iteration:  17300
Rhat values for alpha, beta, log(sigma^2), mean(xi), log(var(xi)), atanh(corr(xi, eta)):
[1.00252515 1.00176867 1.00177023 1.00109719 0.9999981  1.00139364]

Iteration:  17400
Rhat values for alpha, beta, log(sigma^2), mean(xi), log(var(xi)), atanh(corr(xi, eta)):
[1.00241075 1.0017602  1.00155088 1.00105781 0.99999807 1.00126551]

Iteration:  17500
Rhat values for alpha, beta, log(sigma^2), mean(xi), log(var(xi)), atanh(corr(xi, eta)):
[1.00220652 1.00165537 1.00125873 1.00112554 0.99999807 1.00107678]

Iteration:  17600
Rhat values for alpha, beta, log(sigma^2), mean(xi), log(var(xi)), atanh(corr(xi, eta)):
[1.0022675  1.00171547 1.00101353 1.00111222 0.99999808 1.00103061]

Iteration:  17700
Rhat values for alpha, beta, log(sigma^2), mean(xi), log(var(xi)), atanh(corr(xi, eta)):
[1.00225144 1.00173504 1.00088379 1.00112909 0.99999806 1.00105558]

Iteration:  17800
Rhat values for alpha, beta, log(sigma^2), mean(xi), log(var(xi)), atanh(corr(xi, eta)):
[1.00223588 1.00172437 1.00083388 1.00109127 0.99999805 1.00104349]

Iteration:  17900
Rhat values for alpha, beta, log(sigma^2), mean(xi), log(var(xi)), atanh(corr(xi, eta)):
[1.00230057 1.00174973 1.00074626 1.00114299 0.99999805 1.00114432]

Iteration:  18000
Rhat values for alpha, beta, log(sigma^2), mean(xi), log(var(xi)), atanh(corr(xi, eta)):
[1.0022782  1.00169933 1.00070234 1.00099537 0.99999804 1.00112009]

Iteration:  18100
Rhat values for alpha, beta, log(sigma^2), mean(xi), log(var(xi)), atanh(corr(xi, eta)):
[1.00237577 1.00164896 1.00076447 1.00110017 0.99999804 1.00116349]

Iteration:  18200
Rhat values for alpha, beta, log(sigma^2), mean(xi), log(var(xi)), atanh(corr(xi, eta)):
[1.00237154 1.0016104  1.00087928 1.00112476 0.99999806 1.00100622]

Iteration:  18300
Rhat values for alpha, beta, log(sigma^2), mean(xi), log(var(xi)), atanh(corr(xi, eta)):
[1.00235963 1.00162089 1.00086747 1.00120265 0.99999806 1.00092454]

Iteration:  18400
Rhat values for alpha, beta, log(sigma^2), mean(xi), log(var(xi)), atanh(corr(xi, eta)):
[1.00270583 1.00195304 1.00084827 1.00126714 0.99999808 1.00098786]

Iteration:  18500
Rhat values for alpha, beta, log(sigma^2), mean(xi), log(var(xi)), atanh(corr(xi, eta)):
[1.0026938  1.00197662 1.00084859 1.00128285 0.99999806 1.00094385]

Iteration:  18600
Rhat values for alpha, beta, log(sigma^2), mean(xi), log(var(xi)), atanh(corr(xi, eta)):
[1.00260683 1.00188807 1.0008685  1.00124822 0.99999799 1.00092806]

Iteration:  18700
Rhat values for alpha, beta, log(sigma^2), mean(xi), log(var(xi)), atanh(corr(xi, eta)):
[1.0027021  1.00198702 1.00092586 1.00122352 0.99999798 1.00115675]

Iteration:  18800
Rhat values for alpha, beta, log(sigma^2), mean(xi), log(var(xi)), atanh(corr(xi, eta)):
[1.00270673 1.00192231 1.00111605 1.00114943 0.99999798 1.00139603]

Iteration:  18900
Rhat values for alpha, beta, log(sigma^2), mean(xi), log(var(xi)), atanh(corr(xi, eta)):
[1.00255204 1.00173881 1.00120219 1.0010944  0.999998   1.00148714]

Iteration:  19000
Rhat values for alpha, beta, log(sigma^2), mean(xi), log(var(xi)), atanh(corr(xi, eta)):
[1.0023041  1.0014574  1.00136751 1.00103073 0.99999803 1.00164421]

Iteration:  19100
Rhat values for alpha, beta, log(sigma^2), mean(xi), log(var(xi)), atanh(corr(xi, eta)):
[1.00222224 1.00133729 1.0013616  1.00106487 0.99999805 1.00162752]

Iteration:  19200
Rhat values for alpha, beta, log(sigma^2), mean(xi), log(var(xi)), atanh(corr(xi, eta)):
[1.00214359 1.00125765 1.00116483 1.00110525 0.99999804 1.00150682]

Iteration:  19300
Rhat values for alpha, beta, log(sigma^2), mean(xi), log(var(xi)), atanh(corr(xi, eta)):
[1.00202672 1.00116657 1.00117589 1.00106749 0.99999806 1.00152779]

Iteration:  19400
Rhat values for alpha, beta, log(sigma^2), mean(xi), log(var(xi)), atanh(corr(xi, eta)):
[1.00181973 1.0009774  1.00118903 1.00100526 0.99999807 1.00151299]

Iteration:  19500
Rhat values for alpha, beta, log(sigma^2), mean(xi), log(var(xi)), atanh(corr(xi, eta)):
[1.00172219 1.00084499 1.00127593 1.00094048 0.99999807 1.00152765]

Iteration:  19600
Rhat values for alpha, beta, log(sigma^2), mean(xi), log(var(xi)), atanh(corr(xi, eta)):
[1.00179192 1.00083095 1.00149157 1.00084318 0.9999981  1.00172405]

Iteration:  19700
Rhat values for alpha, beta, log(sigma^2), mean(xi), log(var(xi)), atanh(corr(xi, eta)):
[1.00204019 1.00095701 1.00154132 1.00077126 0.99999813 1.00181763]

Iteration:  19800
Rhat values for alpha, beta, log(sigma^2), mean(xi), log(var(xi)), atanh(corr(xi, eta)):
[1.00200886 1.00097507 1.00192779 1.00069864 0.99999814 1.00206924]

Iteration:  19900
Rhat values for alpha, beta, log(sigma^2), mean(xi), log(var(xi)), atanh(corr(xi, eta)):
[1.00197603 1.00097421 1.00236072 1.00064593 0.99999815 1.00242202]

Iteration:  20000
Rhat values for alpha, beta, log(sigma^2), mean(xi), log(var(xi)), atanh(corr(xi, eta)):
[1.00217292 1.00113333 1.00292836 1.00059332 0.99999815 1.00295488]
{"name": "R19_first_hr_tripp_error_no_covadd_0.2", "n": 100, "mean": -0.03096386257610584, "sd": 0.01237904506441642, "median": -0.03080220463479725, "q16_84": [-0.04312241357088801, -0.018678079625295486], "q025_975": [-0.05587901162707477, -0.007635822854343967], "p_negative": 0.994275, "scatter_mean": 0.032100042505360554, "retained_draws": 40000, "seed": 20260932, "rhat_retained": {"alpha": 1.0104551265521902, "beta": 1.009017144625112, "sigsqr": 1.0156250629250132}}
START R19_first_hr_tripp_error_no_covadd_0.25 144

Iteration:  100
Rhat values for alpha, beta, log(sigma^2), mean(xi), log(var(xi)), atanh(corr(xi, eta)):
[0.99907311 1.00300089 1.0784607  1.0489264  1.00253386 1.09302655]

Iteration:  200
Rhat values for alpha, beta, log(sigma^2), mean(xi), log(var(xi)), atanh(corr(xi, eta)):
[0.9996589  0.99978767 1.03343198 0.99993096 1.00615747 1.01762597]

Iteration:  300
Rhat values for alpha, beta, log(sigma^2), mean(xi), log(var(xi)), atanh(corr(xi, eta)):
[0.99853066 0.99771585 1.02771185 1.00159969 1.00711284 1.0165806 ]

Iteration:  400
Rhat values for alpha, beta, log(sigma^2), mean(xi), log(var(xi)), atanh(corr(xi, eta)):
[1.00942368 1.00720305 1.07595989 1.0033898  0.99947309 1.0751652 ]

Iteration:  500
Rhat values for alpha, beta, log(sigma^2), mean(xi), log(var(xi)), atanh(corr(xi, eta)):
[1.01922878 1.02235091 1.12584129 0.99986707 0.99946363 1.14755108]

Iteration:  600
Rhat values for alpha, beta, log(sigma^2), mean(xi), log(var(xi)), atanh(corr(xi, eta)):
[1.02638494 1.03408451 1.17957979 0.99875948 0.99920716 1.20936433]

Iteration:  700
Rhat values for alpha, beta, log(sigma^2), mean(xi), log(var(xi)), atanh(corr(xi, eta)):
[1.02711383 1.03447652 1.20392289 1.00215247 0.99894997 1.21414322]

Iteration:  800
Rhat values for alpha, beta, log(sigma^2), mean(xi), log(var(xi)), atanh(corr(xi, eta)):
[1.02921168 1.0377516  1.24124063 1.00450986 0.99938182 1.23231122]

Iteration:  900
Rhat values for alpha, beta, log(sigma^2), mean(xi), log(var(xi)), atanh(corr(xi, eta)):
[1.0265906  1.03339276 1.24688603 1.00410176 0.99954629 1.22116315]

Iteration:  1000
Rhat values for alpha, beta, log(sigma^2), mean(xi), log(var(xi)), atanh(corr(xi, eta)):
[1.01802119 1.02216171 1.22389159 1.0050918  0.99913125 1.19100653]

Iteration:  1100
Rhat values for alpha, beta, log(sigma^2), mean(xi), log(var(xi)), atanh(corr(xi, eta)):
[1.01663138 1.01925331 1.20500126 1.00374602 0.99920484 1.17798137]

Iteration:  1200
Rhat values for alpha, beta, log(sigma^2), mean(xi), log(var(xi)), atanh(corr(xi, eta)):
[1.01166187 1.00884664 1.15448577 1.00227938 0.9999864  1.12560353]

Iteration:  1300
Rhat values for alpha, beta, log(sigma^2), mean(xi), log(var(xi)), atanh(corr(xi, eta)):
[1.01419828 1.00698526 1.14688829 1.00541392 1.00007423 1.11796791]

Iteration:  1400
Rhat values for alpha, beta, log(sigma^2), mean(xi), log(var(xi)), atanh(corr(xi, eta)):
[1.01634081 1.00674582 1.13879798 1.00656923 1.00010633 1.1023765 ]

Iteration:  1500
Rhat values for alpha, beta, log(sigma^2), mean(xi), log(var(xi)), atanh(corr(xi, eta)):
[1.01836317 1.00791071 1.13284218 1.0099154  1.00013661 1.08731468]

Iteration:  1600
Rhat values for alpha, beta, log(sigma^2), mean(xi), log(var(xi)), atanh(corr(xi, eta)):
[1.01763758 1.00781369 1.14573763 1.01063957 1.00035292 1.0941579 ]

Iteration:  1700
Rhat values for alpha, beta, log(sigma^2), mean(xi), log(var(xi)), atanh(corr(xi, eta)):
[1.01886554 1.00724213 1.14912633 1.0092936  1.00033122 1.08838005]

Iteration:  1800
Rhat values for alpha, beta, log(sigma^2), mean(xi), log(var(xi)), atanh(corr(xi, eta)):
[1.01860414 1.00571895 1.12851286 1.00951387 1.00039231 1.07399564]

Iteration:  1900
Rhat values for alpha, beta, log(sigma^2), mean(xi), log(var(xi)), atanh(corr(xi, eta)):
[1.01681559 1.00366799 1.09839928 1.01008075 1.00034196 1.06349282]

Iteration:  2000
Rhat values for alpha, beta, log(sigma^2), mean(xi), log(var(xi)), atanh(corr(xi, eta)):
[1.01501713 1.00323651 1.09425054 1.00934882 1.00002529 1.07059728]

Iteration:  2100
Rhat values for alpha, beta, log(sigma^2), mean(xi), log(var(xi)), atanh(corr(xi, eta)):
[1.01155892 1.00228274 1.09937303 1.00898209 1.00001184 1.07944437]

Iteration:  2200
Rhat values for alpha, beta, log(sigma^2), mean(xi), log(var(xi)), atanh(corr(xi, eta)):
[1.01140755 1.00390916 1.10478989 1.00915366 0.99999953 1.08849584]

Iteration:  2300
Rhat values for alpha, beta, log(sigma^2), mean(xi), log(var(xi)), atanh(corr(xi, eta)):
[1.01255486 1.00600282 1.1071036  1.00958956 0.99996434 1.09176589]

Iteration:  2400
Rhat values for alpha, beta, log(sigma^2), mean(xi), log(var(xi)), atanh(corr(xi, eta)):
[1.01247509 1.00649106 1.10389204 1.01085494 0.99994593 1.08595436]

Iteration:  2500
Rhat values for alpha, beta, log(sigma^2), mean(xi), log(var(xi)), atanh(corr(xi, eta)):
[1.01260014 1.00432912 1.10582442 1.01048682 0.99995573 1.08012994]

Iteration:  2600
Rhat values for alpha, beta, log(sigma^2), mean(xi), log(var(xi)), atanh(corr(xi, eta)):
[1.01333392 1.00493832 1.09701592 1.01077555 0.99999015 1.07935161]

Iteration:  2700
Rhat values for alpha, beta, log(sigma^2), mean(xi), log(var(xi)), atanh(corr(xi, eta)):
[1.01407919 1.00558326 1.09289372 1.01126668 1.00020971 1.07764288]

Iteration:  2800
Rhat values for alpha, beta, log(sigma^2), mean(xi), log(var(xi)), atanh(corr(xi, eta)):
[1.01438574 1.00669391 1.09699522 1.01398985 1.00021551 1.08309389]

Iteration:  2900
Rhat values for alpha, beta, log(sigma^2), mean(xi), log(var(xi)), atanh(corr(xi, eta)):
[1.01457196 1.00730401 1.10098567 1.01222727 1.00018751 1.0902887 ]

Iteration:  3000
Rhat values for alpha, beta, log(sigma^2), mean(xi), log(var(xi)), atanh(corr(xi, eta)):
[1.01440588 1.00755504 1.1042674  1.01109848 0.99996399 1.0931827 ]

Iteration:  3100
Rhat values for alpha, beta, log(sigma^2), mean(xi), log(var(xi)), atanh(corr(xi, eta)):
[1.01355729 1.00746083 1.09801048 1.00946941 0.999963   1.08445356]

Iteration:  3200
Rhat values for alpha, beta, log(sigma^2), mean(xi), log(var(xi)), atanh(corr(xi, eta)):
[1.01321351 1.00709464 1.08230365 1.00956939 0.99995544 1.06634316]

Iteration:  3300
Rhat values for alpha, beta, log(sigma^2), mean(xi), log(var(xi)), atanh(corr(xi, eta)):
[1.0115651  1.0062921  1.06498056 1.01057653 0.99993951 1.04716689]

Iteration:  3400
Rhat values for alpha, beta, log(sigma^2), mean(xi), log(var(xi)), atanh(corr(xi, eta)):
[1.0093193  1.00500894 1.05061652 1.01096254 0.99993592 1.0313784 ]

Iteration:  3500
Rhat values for alpha, beta, log(sigma^2), mean(xi), log(var(xi)), atanh(corr(xi, eta)):
[1.0083843  1.00485867 1.0348176  1.01213103 0.99995595 1.01818271]

Iteration:  3600
Rhat values for alpha, beta, log(sigma^2), mean(xi), log(var(xi)), atanh(corr(xi, eta)):
[1.00705411 1.00410864 1.02281183 1.0132531  0.99997634 1.00855585]

Iteration:  3700
Rhat values for alpha, beta, log(sigma^2), mean(xi), log(var(xi)), atanh(corr(xi, eta)):
[1.00618043 1.00378543 1.01788911 1.01432644 0.99997762 1.00529297]

Iteration:  3800
Rhat values for alpha, beta, log(sigma^2), mean(xi), log(var(xi)), atanh(corr(xi, eta)):
[1.00696157 1.00468103 1.01432032 1.01422699 0.99996907 1.00254412]

Iteration:  3900
Rhat values for alpha, beta, log(sigma^2), mean(xi), log(var(xi)), atanh(corr(xi, eta)):
[1.00590292 1.0036054  1.01195962 1.01552474 0.99997545 1.00158518]

Iteration:  4000
Rhat values for alpha, beta, log(sigma^2), mean(xi), log(var(xi)), atanh(corr(xi, eta)):
[1.00616217 1.00388983 1.00953977 1.0152882  0.99998305 1.0008557 ]

Iteration:  4100
Rhat values for alpha, beta, log(sigma^2), mean(xi), log(var(xi)), atanh(corr(xi, eta)):
[1.00651073 1.00398842 1.00885321 1.01600033 0.99998934 1.00076113]

Iteration:  4200
Rhat values for alpha, beta, log(sigma^2), mean(xi), log(var(xi)), atanh(corr(xi, eta)):
[1.00507071 1.00250964 1.00808755 1.0168965  0.99998626 1.00102716]

Iteration:  4300
Rhat values for alpha, beta, log(sigma^2), mean(xi), log(var(xi)), atanh(corr(xi, eta)):
[1.00347803 1.00130143 1.00841183 1.01712196 0.99997926 1.00193954]

Iteration:  4400
Rhat values for alpha, beta, log(sigma^2), mean(xi), log(var(xi)), atanh(corr(xi, eta)):
[1.00200473 1.00110637 1.00941219 1.01651815 0.99996802 1.00342679]

Iteration:  4500
Rhat values for alpha, beta, log(sigma^2), mean(xi), log(var(xi)), atanh(corr(xi, eta)):
[1.00188589 1.00156943 1.00971075 1.01597011 1.00005296 1.00460674]

Iteration:  4600
Rhat values for alpha, beta, log(sigma^2), mean(xi), log(var(xi)), atanh(corr(xi, eta)):
[1.00189193 1.00163034 1.0100375  1.01400073 1.00005384 1.00506991]

Iteration:  4700
Rhat values for alpha, beta, log(sigma^2), mean(xi), log(var(xi)), atanh(corr(xi, eta)):
[1.00213376 1.00152744 1.00994756 1.01373182 1.00008435 1.00463983]

Iteration:  4800
Rhat values for alpha, beta, log(sigma^2), mean(xi), log(var(xi)), atanh(corr(xi, eta)):
[1.00170249 1.00106795 1.0091575  1.01152036 1.00012795 1.00444543]

Iteration:  4900
Rhat values for alpha, beta, log(sigma^2), mean(xi), log(var(xi)), atanh(corr(xi, eta)):
[1.00182669 1.00093896 1.00850776 1.01093403 1.00011362 1.00441663]

Iteration:  5000
Rhat values for alpha, beta, log(sigma^2), mean(xi), log(var(xi)), atanh(corr(xi, eta)):
[1.00149678 1.00111018 1.00827534 1.01016634 1.00011272 1.00505571]

Iteration:  5100
Rhat values for alpha, beta, log(sigma^2), mean(xi), log(var(xi)), atanh(corr(xi, eta)):
[1.0016955  1.00157274 1.00864548 1.00958607 0.99995991 1.00595064]

Iteration:  5200
Rhat values for alpha, beta, log(sigma^2), mean(xi), log(var(xi)), atanh(corr(xi, eta)):
[1.0015468  1.00153385 1.00938644 1.00800122 0.99996351 1.00694172]

Iteration:  5300
Rhat values for alpha, beta, log(sigma^2), mean(xi), log(var(xi)), atanh(corr(xi, eta)):
[1.00191652 1.00231298 1.01012404 1.00686205 0.99996803 1.00802055]

Iteration:  5400
Rhat values for alpha, beta, log(sigma^2), mean(xi), log(var(xi)), atanh(corr(xi, eta)):
[1.00385325 1.0039013  1.01084386 1.00695878 0.9999739  1.00838529]

Iteration:  5500
Rhat values for alpha, beta, log(sigma^2), mean(xi), log(var(xi)), atanh(corr(xi, eta)):
[1.00564944 1.005665   1.01075614 1.00711515 0.99994097 1.00900026]

Iteration:  5600
Rhat values for alpha, beta, log(sigma^2), mean(xi), log(var(xi)), atanh(corr(xi, eta)):
[1.00513769 1.00466476 1.0101421  1.00667595 0.99993774 1.00827069]

Iteration:  5700
Rhat values for alpha, beta, log(sigma^2), mean(xi), log(var(xi)), atanh(corr(xi, eta)):
[1.00548212 1.00486409 1.00874986 1.0070183  0.99994012 1.00760356]

Iteration:  5800
Rhat values for alpha, beta, log(sigma^2), mean(xi), log(var(xi)), atanh(corr(xi, eta)):
[1.00502274 1.00482205 1.00799715 1.00769094 0.99994618 1.00735893]

Iteration:  5900
Rhat values for alpha, beta, log(sigma^2), mean(xi), log(var(xi)), atanh(corr(xi, eta)):
[1.00504274 1.00559513 1.00799975 1.0088221  0.99995244 1.00785314]

Iteration:  6000
Rhat values for alpha, beta, log(sigma^2), mean(xi), log(var(xi)), atanh(corr(xi, eta)):
[1.00506804 1.00604714 1.00856207 1.00964586 0.99995771 1.0087601 ]

Iteration:  6100
Rhat values for alpha, beta, log(sigma^2), mean(xi), log(var(xi)), atanh(corr(xi, eta)):
[1.00464377 1.00579044 1.00932496 1.01027646 0.99995474 1.00970231]

Iteration:  6200
Rhat values for alpha, beta, log(sigma^2), mean(xi), log(var(xi)), atanh(corr(xi, eta)):
[1.00427582 1.00530772 1.01087536 1.00956854 0.9999542  1.0106029 ]

Iteration:  6300
Rhat values for alpha, beta, log(sigma^2), mean(xi), log(var(xi)), atanh(corr(xi, eta)):
[1.00423202 1.00502486 1.0122219  1.00939628 0.99996089 1.01102791]

Iteration:  6400
Rhat values for alpha, beta, log(sigma^2), mean(xi), log(var(xi)), atanh(corr(xi, eta)):
[1.00365236 1.00410045 1.01436432 1.00965601 0.99996733 1.0113864 ]

Iteration:  6500
Rhat values for alpha, beta, log(sigma^2), mean(xi), log(var(xi)), atanh(corr(xi, eta)):
[1.00344352 1.00374404 1.01719888 1.00882669 1.0001041  1.01280105]

Iteration:  6600
Rhat values for alpha, beta, log(sigma^2), mean(xi), log(var(xi)), atanh(corr(xi, eta)):
[1.00319065 1.00340192 1.0195735  1.00928443 1.00010789 1.01424432]

Iteration:  6700
Rhat values for alpha, beta, log(sigma^2), mean(xi), log(var(xi)), atanh(corr(xi, eta)):
[1.00320619 1.00330814 1.02213204 1.0092275  1.00009892 1.01536739]

Iteration:  6800
Rhat values for alpha, beta, log(sigma^2), mean(xi), log(var(xi)), atanh(corr(xi, eta)):
[1.00416843 1.00423499 1.02516564 1.00861354 1.0000986  1.0161338 ]

Iteration:  6900
Rhat values for alpha, beta, log(sigma^2), mean(xi), log(var(xi)), atanh(corr(xi, eta)):
[1.00531952 1.00537113 1.0268066  1.00849827 1.00010077 1.01722536]

Iteration:  7000
Rhat values for alpha, beta, log(sigma^2), mean(xi), log(var(xi)), atanh(corr(xi, eta)):
[1.00711004 1.00704507 1.02626585 1.00827355 1.00010795 1.01629351]

Iteration:  7100
Rhat values for alpha, beta, log(sigma^2), mean(xi), log(var(xi)), atanh(corr(xi, eta)):
[1.00686608 1.00701746 1.02687544 1.00809632 1.00010456 1.01505011]

Iteration:  7200
Rhat values for alpha, beta, log(sigma^2), mean(xi), log(var(xi)), atanh(corr(xi, eta)):
[1.00746734 1.00786319 1.02569025 1.00726581 1.00010245 1.01460368]

Iteration:  7300
Rhat values for alpha, beta, log(sigma^2), mean(xi), log(var(xi)), atanh(corr(xi, eta)):
[1.00799953 1.00847969 1.02460964 1.00678285 1.00009948 1.01406539]

Iteration:  7400
Rhat values for alpha, beta, log(sigma^2), mean(xi), log(var(xi)), atanh(corr(xi, eta)):
[1.00784909 1.00816988 1.02281829 1.00706777 1.00010358 1.0134513 ]

Iteration:  7500
Rhat values for alpha, beta, log(sigma^2), mean(xi), log(var(xi)), atanh(corr(xi, eta)):
[1.00721386 1.00716832 1.02226501 1.0070062  1.00010801 1.01366593]

Iteration:  7600
Rhat values for alpha, beta, log(sigma^2), mean(xi), log(var(xi)), atanh(corr(xi, eta)):
[1.00716333 1.00706005 1.02224001 1.00674011 1.00010922 1.01353638]

Iteration:  7700
Rhat values for alpha, beta, log(sigma^2), mean(xi), log(var(xi)), atanh(corr(xi, eta)):
[1.00713692 1.00715471 1.02138222 1.00604683 1.00010669 1.01226328]

Iteration:  7800
Rhat values for alpha, beta, log(sigma^2), mean(xi), log(var(xi)), atanh(corr(xi, eta)):
[1.00714592 1.00740901 1.02039148 1.00584184 1.00010095 1.01216042]

Iteration:  7900
Rhat values for alpha, beta, log(sigma^2), mean(xi), log(var(xi)), atanh(corr(xi, eta)):
[1.00719157 1.00766529 1.01817519 1.00562675 1.00009542 1.01188664]

Iteration:  8000
Rhat values for alpha, beta, log(sigma^2), mean(xi), log(var(xi)), atanh(corr(xi, eta)):
[1.00700726 1.00776506 1.0162213  1.00569518 1.00009018 1.01138537]

Iteration:  8100
Rhat values for alpha, beta, log(sigma^2), mean(xi), log(var(xi)), atanh(corr(xi, eta)):
[1.00652698 1.00751184 1.01515809 1.00571112 1.00009042 1.01056088]

Iteration:  8200
Rhat values for alpha, beta, log(sigma^2), mean(xi), log(var(xi)), atanh(corr(xi, eta)):
[1.00627792 1.00732345 1.0151608  1.00598265 1.00009041 1.01010296]

Iteration:  8300
Rhat values for alpha, beta, log(sigma^2), mean(xi), log(var(xi)), atanh(corr(xi, eta)):
[1.00599225 1.00675724 1.0137558  1.00541318 1.00008855 1.008391  ]

Iteration:  8400
Rhat values for alpha, beta, log(sigma^2), mean(xi), log(var(xi)), atanh(corr(xi, eta)):
[1.00579941 1.00642781 1.01318525 1.00586208 1.00008806 1.00693516]

Iteration:  8500
Rhat values for alpha, beta, log(sigma^2), mean(xi), log(var(xi)), atanh(corr(xi, eta)):
[1.00476368 1.00552641 1.01300226 1.00617586 1.00008498 1.00585084]

Iteration:  8600
Rhat values for alpha, beta, log(sigma^2), mean(xi), log(var(xi)), atanh(corr(xi, eta)):
[1.00454537 1.00520181 1.01257015 1.00554511 1.00007942 1.00477582]

Iteration:  8700
Rhat values for alpha, beta, log(sigma^2), mean(xi), log(var(xi)), atanh(corr(xi, eta)):
[1.00469083 1.00519112 1.01246741 1.00549058 1.00008421 1.00456748]

Iteration:  8800
Rhat values for alpha, beta, log(sigma^2), mean(xi), log(var(xi)), atanh(corr(xi, eta)):
[1.00460189 1.00510043 1.01308785 1.00542266 1.00007553 1.00515368]

Iteration:  8900
Rhat values for alpha, beta, log(sigma^2), mean(xi), log(var(xi)), atanh(corr(xi, eta)):
[1.00409065 1.00454152 1.01354143 1.00513453 1.00007704 1.00524611]

Iteration:  9000
Rhat values for alpha, beta, log(sigma^2), mean(xi), log(var(xi)), atanh(corr(xi, eta)):
[1.00443419 1.00461573 1.01276066 1.00508185 1.00007763 1.00534763]

Iteration:  9100
Rhat values for alpha, beta, log(sigma^2), mean(xi), log(var(xi)), atanh(corr(xi, eta)):
[1.00550058 1.00570202 1.01182136 1.00475849 1.00006695 1.00549473]

Iteration:  9200
Rhat values for alpha, beta, log(sigma^2), mean(xi), log(var(xi)), atanh(corr(xi, eta)):
[1.006398   1.00676098 1.01081695 1.00511245 1.00007099 1.00524314]

Iteration:  9300
Rhat values for alpha, beta, log(sigma^2), mean(xi), log(var(xi)), atanh(corr(xi, eta)):
[1.00598966 1.00647558 1.01035333 1.00553605 1.00007458 1.00463296]

Iteration:  9400
Rhat values for alpha, beta, log(sigma^2), mean(xi), log(var(xi)), atanh(corr(xi, eta)):
[1.00606378 1.00634449 1.00956245 1.00547551 1.00006102 1.00432371]

Iteration:  9500
Rhat values for alpha, beta, log(sigma^2), mean(xi), log(var(xi)), atanh(corr(xi, eta)):
[1.0053759  1.00524084 1.00882608 1.00512623 1.00005778 1.00345879]

Iteration:  9600
Rhat values for alpha, beta, log(sigma^2), mean(xi), log(var(xi)), atanh(corr(xi, eta)):
[1.0047603  1.0043263  1.00828043 1.00521697 1.00005639 1.00289281]

Iteration:  9700
Rhat values for alpha, beta, log(sigma^2), mean(xi), log(var(xi)), atanh(corr(xi, eta)):
[1.00473608 1.00412718 1.00824529 1.0054271  1.0000557  1.00278747]

Iteration:  9800
Rhat values for alpha, beta, log(sigma^2), mean(xi), log(var(xi)), atanh(corr(xi, eta)):
[1.00429567 1.0036945  1.00768302 1.00530677 1.00005738 1.00261027]

Iteration:  9900
Rhat values for alpha, beta, log(sigma^2), mean(xi), log(var(xi)), atanh(corr(xi, eta)):
[1.00394732 1.00357224 1.00709888 1.00554463 1.00005901 1.00251112]

Iteration:  10000
Rhat values for alpha, beta, log(sigma^2), mean(xi), log(var(xi)), atanh(corr(xi, eta)):
[1.00307957 1.00290006 1.00640808 1.00480264 1.00005917 1.0020945 ]

Iteration:  10100
Rhat values for alpha, beta, log(sigma^2), mean(xi), log(var(xi)), atanh(corr(xi, eta)):
[1.00261822 1.00283199 1.00555862 1.00484192 1.00006151 1.00163241]

Iteration:  10200
Rhat values for alpha, beta, log(sigma^2), mean(xi), log(var(xi)), atanh(corr(xi, eta)):
[1.00244186 1.0029948  1.00455519 1.00515112 1.00006491 1.00104874]

Iteration:  10300
Rhat values for alpha, beta, log(sigma^2), mean(xi), log(var(xi)), atanh(corr(xi, eta)):
[1.00221748 1.00297114 1.00381237 1.0058793  1.00006445 1.00045949]

Iteration:  10400
Rhat values for alpha, beta, log(sigma^2), mean(xi), log(var(xi)), atanh(corr(xi, eta)):
[1.00201149 1.0028108  1.00314417 1.00629337 1.00006476 1.00018117]

Iteration:  10500
Rhat values for alpha, beta, log(sigma^2), mean(xi), log(var(xi)), atanh(corr(xi, eta)):
[1.00193331 1.00280317 1.00306114 1.00633731 1.00006631 1.00012827]

Iteration:  10600
Rhat values for alpha, beta, log(sigma^2), mean(xi), log(var(xi)), atanh(corr(xi, eta)):
[1.00211025 1.00316958 1.00311695 1.00667528 1.00013771 1.00022718]

Iteration:  10700
Rhat values for alpha, beta, log(sigma^2), mean(xi), log(var(xi)), atanh(corr(xi, eta)):
[1.00223216 1.00347531 1.003213   1.00650279 1.00013785 1.00038023]

Iteration:  10800
Rhat values for alpha, beta, log(sigma^2), mean(xi), log(var(xi)), atanh(corr(xi, eta)):
[1.00230502 1.00358648 1.00344597 1.00636484 1.00018801 1.00045744]

Iteration:  10900
Rhat values for alpha, beta, log(sigma^2), mean(xi), log(var(xi)), atanh(corr(xi, eta)):
[1.00224825 1.0036354  1.00355243 1.00608581 1.00018605 1.00065078]

Iteration:  11000
Rhat values for alpha, beta, log(sigma^2), mean(xi), log(var(xi)), atanh(corr(xi, eta)):
[1.00192536 1.00326134 1.00334689 1.00625337 1.00018923 1.0008544 ]

Iteration:  11100
Rhat values for alpha, beta, log(sigma^2), mean(xi), log(var(xi)), atanh(corr(xi, eta)):
[1.0017454  1.00306454 1.00322744 1.00578768 1.00018754 1.00111342]

Iteration:  11200
Rhat values for alpha, beta, log(sigma^2), mean(xi), log(var(xi)), atanh(corr(xi, eta)):
[1.00174332 1.00311907 1.00320948 1.00537883 1.00018912 1.00149874]

Iteration:  11300
Rhat values for alpha, beta, log(sigma^2), mean(xi), log(var(xi)), atanh(corr(xi, eta)):
[1.00155729 1.0029056  1.00286658 1.00510679 1.0001845  1.00154811]

Iteration:  11400
Rhat values for alpha, beta, log(sigma^2), mean(xi), log(var(xi)), atanh(corr(xi, eta)):
[1.00154712 1.00276328 1.00264619 1.004713   1.00018229 1.00153665]

Iteration:  11500
Rhat values for alpha, beta, log(sigma^2), mean(xi), log(var(xi)), atanh(corr(xi, eta)):
[1.00134457 1.00248257 1.00218861 1.00432487 1.00017784 1.00125516]

Iteration:  11600
Rhat values for alpha, beta, log(sigma^2), mean(xi), log(var(xi)), atanh(corr(xi, eta)):
[1.00119442 1.00215105 1.0020251  1.00414361 1.00013104 1.0009943 ]

Iteration:  11700
Rhat values for alpha, beta, log(sigma^2), mean(xi), log(var(xi)), atanh(corr(xi, eta)):
[1.00127003 1.00213687 1.00188734 1.00403876 1.00013012 1.0009139 ]

Iteration:  11800
Rhat values for alpha, beta, log(sigma^2), mean(xi), log(var(xi)), atanh(corr(xi, eta)):
[1.00152654 1.00240434 1.0018612  1.00417432 1.00012798 1.0010397 ]

Iteration:  11900
Rhat values for alpha, beta, log(sigma^2), mean(xi), log(var(xi)), atanh(corr(xi, eta)):
[1.00150939 1.00234995 1.00166037 1.00404675 1.00012243 1.00100664]

Iteration:  12000
Rhat values for alpha, beta, log(sigma^2), mean(xi), log(var(xi)), atanh(corr(xi, eta)):
[1.00149099 1.00236264 1.00155184 1.00375357 1.00012086 1.00102307]

Iteration:  12100
Rhat values for alpha, beta, log(sigma^2), mean(xi), log(var(xi)), atanh(corr(xi, eta)):
[1.00145822 1.00225317 1.00161293 1.00393035 0.99999556 1.00088803]

Iteration:  12200
Rhat values for alpha, beta, log(sigma^2), mean(xi), log(var(xi)), atanh(corr(xi, eta)):
[1.00135865 1.00207459 1.00164053 1.00389582 0.99999559 1.00077348]

Iteration:  12300
Rhat values for alpha, beta, log(sigma^2), mean(xi), log(var(xi)), atanh(corr(xi, eta)):
[1.00108146 1.00169643 1.00150892 1.00364198 0.99999563 1.00056897]

Iteration:  12400
Rhat values for alpha, beta, log(sigma^2), mean(xi), log(var(xi)), atanh(corr(xi, eta)):
[1.00127168 1.001947   1.00133625 1.00353223 0.99999568 1.00054005]

Iteration:  12500
Rhat values for alpha, beta, log(sigma^2), mean(xi), log(var(xi)), atanh(corr(xi, eta)):
[1.00132683 1.00199725 1.00135947 1.00327037 0.99999571 1.00054789]

Iteration:  12600
Rhat values for alpha, beta, log(sigma^2), mean(xi), log(var(xi)), atanh(corr(xi, eta)):
[1.00164914 1.00232044 1.00155067 1.00342561 0.99999574 1.00059075]

Iteration:  12700
Rhat values for alpha, beta, log(sigma^2), mean(xi), log(var(xi)), atanh(corr(xi, eta)):
[1.00201119 1.00267684 1.00197954 1.00335842 0.99999609 1.00069939]

Iteration:  12800
Rhat values for alpha, beta, log(sigma^2), mean(xi), log(var(xi)), atanh(corr(xi, eta)):
[1.00249601 1.00314379 1.00231221 1.00318257 0.99999612 1.00078804]

Iteration:  12900
Rhat values for alpha, beta, log(sigma^2), mean(xi), log(var(xi)), atanh(corr(xi, eta)):
[1.00261836 1.00333079 1.00253654 1.00309688 0.99999614 1.00088609]

Iteration:  13000
Rhat values for alpha, beta, log(sigma^2), mean(xi), log(var(xi)), atanh(corr(xi, eta)):
[1.00265849 1.00334381 1.0025256  1.00315786 0.99999617 1.00097799]

Iteration:  13100
Rhat values for alpha, beta, log(sigma^2), mean(xi), log(var(xi)), atanh(corr(xi, eta)):
[1.0029201  1.00348005 1.00224867 1.00314059 0.99999617 1.00118424]

Iteration:  13200
Rhat values for alpha, beta, log(sigma^2), mean(xi), log(var(xi)), atanh(corr(xi, eta)):
[1.00278258 1.00353772 1.00232953 1.00326272 0.99999619 1.00132166]

Iteration:  13300
Rhat values for alpha, beta, log(sigma^2), mean(xi), log(var(xi)), atanh(corr(xi, eta)):
[1.00253327 1.00339646 1.00247598 1.00317957 0.99999622 1.00134925]

Iteration:  13400
Rhat values for alpha, beta, log(sigma^2), mean(xi), log(var(xi)), atanh(corr(xi, eta)):
[1.00215433 1.00290204 1.00248084 1.00308577 0.99999623 1.00133189]

Iteration:  13500
Rhat values for alpha, beta, log(sigma^2), mean(xi), log(var(xi)), atanh(corr(xi, eta)):
[1.00189146 1.00252211 1.00272745 1.00315962 0.99999622 1.00131462]

Iteration:  13600
Rhat values for alpha, beta, log(sigma^2), mean(xi), log(var(xi)), atanh(corr(xi, eta)):
[1.00211226 1.00264823 1.00321223 1.00306101 0.99999628 1.00170041]

Iteration:  13700
Rhat values for alpha, beta, log(sigma^2), mean(xi), log(var(xi)), atanh(corr(xi, eta)):
[1.00232995 1.00278943 1.00349239 1.00302564 0.99999628 1.00217494]

Iteration:  13800
Rhat values for alpha, beta, log(sigma^2), mean(xi), log(var(xi)), atanh(corr(xi, eta)):
[1.0024272  1.00278657 1.00310182 1.0032127  0.99999628 1.0023099 ]

Iteration:  13900
Rhat values for alpha, beta, log(sigma^2), mean(xi), log(var(xi)), atanh(corr(xi, eta)):
[1.00282118 1.0031597  1.00266266 1.00304272 0.99999631 1.0022239 ]

Iteration:  14000
Rhat values for alpha, beta, log(sigma^2), mean(xi), log(var(xi)), atanh(corr(xi, eta)):
[1.00294946 1.00324784 1.00281515 1.00301576 0.99999632 1.00247399]

Iteration:  14100
Rhat values for alpha, beta, log(sigma^2), mean(xi), log(var(xi)), atanh(corr(xi, eta)):
[1.00305114 1.00331295 1.00289666 1.00324285 0.99999631 1.00301727]

Iteration:  14200
Rhat values for alpha, beta, log(sigma^2), mean(xi), log(var(xi)), atanh(corr(xi, eta)):
[1.00317596 1.00337631 1.00286264 1.00347539 0.99998932 1.00342813]

Iteration:  14300
Rhat values for alpha, beta, log(sigma^2), mean(xi), log(var(xi)), atanh(corr(xi, eta)):
[1.00323556 1.00331595 1.00247302 1.00320936 0.99998944 1.00329312]

Iteration:  14400
Rhat values for alpha, beta, log(sigma^2), mean(xi), log(var(xi)), atanh(corr(xi, eta)):
[1.00294116 1.00311259 1.0021303  1.00322122 0.99998955 1.00290761]

Iteration:  14500
Rhat values for alpha, beta, log(sigma^2), mean(xi), log(var(xi)), atanh(corr(xi, eta)):
[1.00265459 1.00287775 1.00178848 1.00324844 0.99998956 1.00274104]

Iteration:  14600
Rhat values for alpha, beta, log(sigma^2), mean(xi), log(var(xi)), atanh(corr(xi, eta)):
[1.00251058 1.00279597 1.00162598 1.00320067 0.99998962 1.00276985]

Iteration:  14700
Rhat values for alpha, beta, log(sigma^2), mean(xi), log(var(xi)), atanh(corr(xi, eta)):
[1.00258674 1.00294565 1.00163082 1.00333415 0.99998971 1.0029572 ]

Iteration:  14800
Rhat values for alpha, beta, log(sigma^2), mean(xi), log(var(xi)), atanh(corr(xi, eta)):
[1.00265563 1.00316643 1.00145402 1.00339804 0.99998977 1.00292719]

Iteration:  14900
Rhat values for alpha, beta, log(sigma^2), mean(xi), log(var(xi)), atanh(corr(xi, eta)):
[1.0026686  1.0033045  1.00123851 1.00337825 0.99998982 1.00256096]

Iteration:  15000
Rhat values for alpha, beta, log(sigma^2), mean(xi), log(var(xi)), atanh(corr(xi, eta)):
[1.00264013 1.00344314 1.00148294 1.00352488 0.99998987 1.00248688]

Iteration:  15100
Rhat values for alpha, beta, log(sigma^2), mean(xi), log(var(xi)), atanh(corr(xi, eta)):
[1.00255754 1.00361545 1.00183886 1.003343   0.99998995 1.00264351]

Iteration:  15200
Rhat values for alpha, beta, log(sigma^2), mean(xi), log(var(xi)), atanh(corr(xi, eta)):
[1.00248094 1.00380774 1.00222174 1.0034241  0.99999003 1.00254748]

Iteration:  15300
Rhat values for alpha, beta, log(sigma^2), mean(xi), log(var(xi)), atanh(corr(xi, eta)):
[1.00256312 1.00411216 1.0026129  1.00321347 0.99999007 1.00265827]

Iteration:  15400
Rhat values for alpha, beta, log(sigma^2), mean(xi), log(var(xi)), atanh(corr(xi, eta)):
[1.00246481 1.00417914 1.0028084  1.00312645 0.99999009 1.00252441]

Iteration:  15500
Rhat values for alpha, beta, log(sigma^2), mean(xi), log(var(xi)), atanh(corr(xi, eta)):
[1.00276337 1.00470182 1.00271252 1.00315162 0.99999015 1.00270872]

Iteration:  15600
Rhat values for alpha, beta, log(sigma^2), mean(xi), log(var(xi)), atanh(corr(xi, eta)):
[1.00315833 1.00520671 1.00265924 1.00341113 0.99999021 1.00300963]

Iteration:  15700
Rhat values for alpha, beta, log(sigma^2), mean(xi), log(var(xi)), atanh(corr(xi, eta)):
[1.0035888  1.00578149 1.00278225 1.00335271 0.99999028 1.00344269]

Iteration:  15800
Rhat values for alpha, beta, log(sigma^2), mean(xi), log(var(xi)), atanh(corr(xi, eta)):
[1.00380252 1.00606791 1.00267496 1.00313724 0.99999032 1.00368001]

Iteration:  15900
Rhat values for alpha, beta, log(sigma^2), mean(xi), log(var(xi)), atanh(corr(xi, eta)):
[1.00426823 1.00647342 1.00268757 1.0031162  0.99999036 1.00400046]

Iteration:  16000
Rhat values for alpha, beta, log(sigma^2), mean(xi), log(var(xi)), atanh(corr(xi, eta)):
[1.00463569 1.00695539 1.00268784 1.00301548 0.9999904  1.00434392]

Iteration:  16100
Rhat values for alpha, beta, log(sigma^2), mean(xi), log(var(xi)), atanh(corr(xi, eta)):
[1.00447107 1.00672046 1.00270373 1.00269319 0.99999044 1.00435492]

Iteration:  16200
Rhat values for alpha, beta, log(sigma^2), mean(xi), log(var(xi)), atanh(corr(xi, eta)):
[1.00440777 1.0065911  1.00304489 1.00271042 0.99999048 1.00452807]

Iteration:  16300
Rhat values for alpha, beta, log(sigma^2), mean(xi), log(var(xi)), atanh(corr(xi, eta)):
[1.00428364 1.00636972 1.00316186 1.00268355 0.99999045 1.00447709]

Iteration:  16400
Rhat values for alpha, beta, log(sigma^2), mean(xi), log(var(xi)), atanh(corr(xi, eta)):
[1.00419361 1.00623286 1.00301608 1.00246562 0.99999022 1.00421299]

Iteration:  16500
Rhat values for alpha, beta, log(sigma^2), mean(xi), log(var(xi)), atanh(corr(xi, eta)):
[1.00389216 1.00583832 1.00293929 1.00251717 0.9999903  1.00403906]

Iteration:  16600
Rhat values for alpha, beta, log(sigma^2), mean(xi), log(var(xi)), atanh(corr(xi, eta)):
[1.00385036 1.00560284 1.00307676 1.00247447 0.99999035 1.00424379]

Iteration:  16700
Rhat values for alpha, beta, log(sigma^2), mean(xi), log(var(xi)), atanh(corr(xi, eta)):
[1.00373122 1.00536203 1.00311763 1.00256809 0.9999904  1.00453967]

Iteration:  16800
Rhat values for alpha, beta, log(sigma^2), mean(xi), log(var(xi)), atanh(corr(xi, eta)):
[1.0031535  1.00480525 1.00326937 1.00243492 0.99999047 1.00439999]

Iteration:  16900
Rhat values for alpha, beta, log(sigma^2), mean(xi), log(var(xi)), atanh(corr(xi, eta)):
[1.00244545 1.00406699 1.0033305  1.00227215 0.99999056 1.0036577 ]

Iteration:  17000
Rhat values for alpha, beta, log(sigma^2), mean(xi), log(var(xi)), atanh(corr(xi, eta)):
[1.00188462 1.00340972 1.00342754 1.00221456 0.99999062 1.00295188]

Iteration:  17100
Rhat values for alpha, beta, log(sigma^2), mean(xi), log(var(xi)), atanh(corr(xi, eta)):
[1.00140533 1.00274166 1.00369805 1.00233787 0.99999069 1.00238046]

Iteration:  17200
Rhat values for alpha, beta, log(sigma^2), mean(xi), log(var(xi)), atanh(corr(xi, eta)):
[1.00100949 1.00219999 1.00428693 1.0023293  0.99999072 1.0020375 ]

Iteration:  17300
Rhat values for alpha, beta, log(sigma^2), mean(xi), log(var(xi)), atanh(corr(xi, eta)):
[1.000819   1.0019133  1.00495025 1.00250059 0.99999079 1.00215061]

Iteration:  17400
Rhat values for alpha, beta, log(sigma^2), mean(xi), log(var(xi)), atanh(corr(xi, eta)):
[1.00092194 1.00193265 1.00541504 1.00240284 0.99999086 1.00274717]

Iteration:  17500
Rhat values for alpha, beta, log(sigma^2), mean(xi), log(var(xi)), atanh(corr(xi, eta)):
[1.00089934 1.00175176 1.00614751 1.00249393 0.99999093 1.00331551]

Iteration:  17600
Rhat values for alpha, beta, log(sigma^2), mean(xi), log(var(xi)), atanh(corr(xi, eta)):
[1.00106625 1.00181281 1.00711351 1.00262776 0.99999099 1.00407044]

Iteration:  17700
Rhat values for alpha, beta, log(sigma^2), mean(xi), log(var(xi)), atanh(corr(xi, eta)):
[1.00112769 1.00175442 1.00807071 1.00260228 0.99999107 1.00489597]

Iteration:  17800
Rhat values for alpha, beta, log(sigma^2), mean(xi), log(var(xi)), atanh(corr(xi, eta)):
[1.00115773 1.00165415 1.00858792 1.00267112 0.99999116 1.00540391]

Iteration:  17900
Rhat values for alpha, beta, log(sigma^2), mean(xi), log(var(xi)), atanh(corr(xi, eta)):
[1.00132241 1.00166253 1.00889715 1.00270774 0.99999122 1.0058687 ]

Iteration:  18000
Rhat values for alpha, beta, log(sigma^2), mean(xi), log(var(xi)), atanh(corr(xi, eta)):
[1.00163155 1.00182238 1.00947392 1.00260859 0.99999125 1.00663877]

Iteration:  18100
Rhat values for alpha, beta, log(sigma^2), mean(xi), log(var(xi)), atanh(corr(xi, eta)):
[1.00202703 1.00212455 1.00983141 1.00247714 0.99999127 1.00736016]

Iteration:  18200
Rhat values for alpha, beta, log(sigma^2), mean(xi), log(var(xi)), atanh(corr(xi, eta)):
[1.00226563 1.00229777 1.00993867 1.00251067 0.9999913  1.0077589 ]

Iteration:  18300
Rhat values for alpha, beta, log(sigma^2), mean(xi), log(var(xi)), atanh(corr(xi, eta)):
[1.00244794 1.00235129 1.01007006 1.00253092 0.99999132 1.00812401]

Iteration:  18400
Rhat values for alpha, beta, log(sigma^2), mean(xi), log(var(xi)), atanh(corr(xi, eta)):
[1.00271472 1.00264484 1.00988329 1.00264749 0.99999139 1.00826649]

Iteration:  18500
Rhat values for alpha, beta, log(sigma^2), mean(xi), log(var(xi)), atanh(corr(xi, eta)):
[1.00304754 1.00301826 1.01000084 1.00287034 0.99999145 1.00870816]

Iteration:  18600
Rhat values for alpha, beta, log(sigma^2), mean(xi), log(var(xi)), atanh(corr(xi, eta)):
[1.00316202 1.00321428 1.01035158 1.0030152  0.99999152 1.00904874]

Iteration:  18700
Rhat values for alpha, beta, log(sigma^2), mean(xi), log(var(xi)), atanh(corr(xi, eta)):
[1.00310761 1.00314975 1.01100386 1.00297901 0.99999158 1.00934572]

Iteration:  18800
Rhat values for alpha, beta, log(sigma^2), mean(xi), log(var(xi)), atanh(corr(xi, eta)):
[1.00328258 1.00335095 1.01150016 1.00296622 0.99999166 1.00983084]

Iteration:  18900
Rhat values for alpha, beta, log(sigma^2), mean(xi), log(var(xi)), atanh(corr(xi, eta)):
[1.00317704 1.00319515 1.0120763  1.00295603 0.9999917  1.01000187]

Iteration:  19000
Rhat values for alpha, beta, log(sigma^2), mean(xi), log(var(xi)), atanh(corr(xi, eta)):
[1.00318426 1.00316071 1.01291783 1.00288668 0.99999179 1.01062205]

Iteration:  19100
Rhat values for alpha, beta, log(sigma^2), mean(xi), log(var(xi)), atanh(corr(xi, eta)):
[1.00285424 1.00283095 1.01331289 1.00292348 0.99999182 1.01062368]

Iteration:  19200
Rhat values for alpha, beta, log(sigma^2), mean(xi), log(var(xi)), atanh(corr(xi, eta)):
[1.00279593 1.00293794 1.01307931 1.00311698 0.99999185 1.01031444]

Iteration:  19300
Rhat values for alpha, beta, log(sigma^2), mean(xi), log(var(xi)), atanh(corr(xi, eta)):
[1.00267174 1.0029096  1.01296832 1.00313369 0.99999189 1.01002217]

Iteration:  19400
Rhat values for alpha, beta, log(sigma^2), mean(xi), log(var(xi)), atanh(corr(xi, eta)):
[1.00240161 1.00263104 1.01287026 1.00325303 0.99999195 1.00967794]

Iteration:  19500
Rhat values for alpha, beta, log(sigma^2), mean(xi), log(var(xi)), atanh(corr(xi, eta)):
[1.00222518 1.00241207 1.01249339 1.0032904  0.99999198 1.00943045]

Iteration:  19600
Rhat values for alpha, beta, log(sigma^2), mean(xi), log(var(xi)), atanh(corr(xi, eta)):
[1.00228072 1.00252215 1.01207104 1.00318253 0.99999202 1.0092433 ]

Iteration:  19700
Rhat values for alpha, beta, log(sigma^2), mean(xi), log(var(xi)), atanh(corr(xi, eta)):
[1.00220966 1.00244073 1.0111434  1.00315746 0.99999209 1.00869931]

Iteration:  19800
Rhat values for alpha, beta, log(sigma^2), mean(xi), log(var(xi)), atanh(corr(xi, eta)):
[1.00212289 1.00239938 1.01029607 1.00289781 0.99999213 1.00806736]

Iteration:  19900
Rhat values for alpha, beta, log(sigma^2), mean(xi), log(var(xi)), atanh(corr(xi, eta)):
[1.00206441 1.00244695 1.0095716  1.00289015 0.99999218 1.00734853]

Iteration:  20000
Rhat values for alpha, beta, log(sigma^2), mean(xi), log(var(xi)), atanh(corr(xi, eta)):
[1.00190539 1.00227834 1.00910515 1.00270237 0.99999222 1.00690271]
{"name": "R19_first_hr_tripp_error_no_covadd_0.25", "n": 144, "mean": -0.02387214473050787, "sd": 0.012634317175074182, "median": -0.02341803171637677, "q16_84": [-0.036557279689127684, -0.01123384785692395], "q025_975": [-0.049442909678644925, -0.00041483037885640045], "p_negative": 0.9772, "scatter_mean": 0.030319186562814137, "retained_draws": 40000, "seed": 20260933, "rhat_retained": {"alpha": 1.0161756774125463, "beta": 1.0132613749831065, "sigsqr": 1.0088725640463876}}
START R19_first_hr_tripp_error_no_covadd_0.3 176

Iteration:  100
Rhat values for alpha, beta, log(sigma^2), mean(xi), log(var(xi)), atanh(corr(xi, eta)):
[1.06042501 1.05720064 1.05746862 0.99507538 1.03509049 1.18152392]

Iteration:  200
Rhat values for alpha, beta, log(sigma^2), mean(xi), log(var(xi)), atanh(corr(xi, eta)):
[1.03295829 1.02828864 1.22230505 1.01137013 1.0413962  1.15708754]

Iteration:  300
Rhat values for alpha, beta, log(sigma^2), mean(xi), log(var(xi)), atanh(corr(xi, eta)):
[1.01363193 1.01192878 1.35608196 1.00411595 1.04235244 1.14152055]

Iteration:  400
Rhat values for alpha, beta, log(sigma^2), mean(xi), log(var(xi)), atanh(corr(xi, eta)):
[1.01037005 1.01108825 1.48744287 1.0076503  1.06887037 1.17393849]

Iteration:  500
Rhat values for alpha, beta, log(sigma^2), mean(xi), log(var(xi)), atanh(corr(xi, eta)):
[1.01271784 1.01350515 1.52377286 1.01034498 1.04532853 1.17346982]

Iteration:  600
Rhat values for alpha, beta, log(sigma^2), mean(xi), log(var(xi)), atanh(corr(xi, eta)):
[1.01524623 1.01641738 1.5752599  1.01775262 1.03071807 1.21832501]

Iteration:  700
Rhat values for alpha, beta, log(sigma^2), mean(xi), log(var(xi)), atanh(corr(xi, eta)):
[1.00987873 1.00908437 1.5574404  1.02890711 1.02778467 1.19262578]

Iteration:  800
Rhat values for alpha, beta, log(sigma^2), mean(xi), log(var(xi)), atanh(corr(xi, eta)):
[1.01105657 1.00825513 1.56631555 1.02335115 1.02277061 1.18073905]

Iteration:  900
Rhat values for alpha, beta, log(sigma^2), mean(xi), log(var(xi)), atanh(corr(xi, eta)):
[1.01444257 1.00995103 1.50983493 1.01379846 1.01547148 1.16296069]

Iteration:  1000
Rhat values for alpha, beta, log(sigma^2), mean(xi), log(var(xi)), atanh(corr(xi, eta)):
[1.01634979 1.01210609 1.36345448 1.00683307 1.0067891  1.12367405]

Iteration:  1100
Rhat values for alpha, beta, log(sigma^2), mean(xi), log(var(xi)), atanh(corr(xi, eta)):
[1.01264294 1.00821115 1.26421558 1.00898442 1.00224822 1.085885  ]

Iteration:  1200
Rhat values for alpha, beta, log(sigma^2), mean(xi), log(var(xi)), atanh(corr(xi, eta)):
[1.0160402  1.01220002 1.18248745 1.01097738 1.00191402 1.03671636]

Iteration:  1300
Rhat values for alpha, beta, log(sigma^2), mean(xi), log(var(xi)), atanh(corr(xi, eta)):
[1.01490497 1.01143396 1.14866797 1.0069383  1.00340306 1.0217469 ]

Iteration:  1400
Rhat values for alpha, beta, log(sigma^2), mean(xi), log(var(xi)), atanh(corr(xi, eta)):
[1.01454279 1.01036664 1.1095217  1.00630486 1.00232433 1.01945133]

Iteration:  1500
Rhat values for alpha, beta, log(sigma^2), mean(xi), log(var(xi)), atanh(corr(xi, eta)):
[1.01377216 1.01067105 1.10402068 1.00736203 1.00087255 1.02122185]

Iteration:  1600
Rhat values for alpha, beta, log(sigma^2), mean(xi), log(var(xi)), atanh(corr(xi, eta)):
[1.01034848 1.00929218 1.10024258 1.00625654 1.00108298 1.02405478]

Iteration:  1700
Rhat values for alpha, beta, log(sigma^2), mean(xi), log(var(xi)), atanh(corr(xi, eta)):
[1.01066159 1.00979588 1.08929006 1.00603546 1.00000619 1.02066008]

Iteration:  1800
Rhat values for alpha, beta, log(sigma^2), mean(xi), log(var(xi)), atanh(corr(xi, eta)):
[1.01038141 1.00972044 1.0867824  1.00641527 1.00000521 1.02170866]

Iteration:  1900
Rhat values for alpha, beta, log(sigma^2), mean(xi), log(var(xi)), atanh(corr(xi, eta)):
[1.0077426  1.00590685 1.10185675 1.00455831 1.00000468 1.02379518]

Iteration:  2000
Rhat values for alpha, beta, log(sigma^2), mean(xi), log(var(xi)), atanh(corr(xi, eta)):
[1.004584   1.00261957 1.12096463 1.00312449 1.000004   1.02811401]

Iteration:  2100
Rhat values for alpha, beta, log(sigma^2), mean(xi), log(var(xi)), atanh(corr(xi, eta)):
[1.0020444  1.00206573 1.13173837 1.00222962 1.00000195 1.02919874]

Iteration:  2200
Rhat values for alpha, beta, log(sigma^2), mean(xi), log(var(xi)), atanh(corr(xi, eta)):
[1.00100535 1.00248071 1.11492937 1.00261644 1.00000143 1.02961319]

Iteration:  2300
Rhat values for alpha, beta, log(sigma^2), mean(xi), log(var(xi)), atanh(corr(xi, eta)):
[1.00058844 1.00203086 1.1167306  1.00204954 1.00000128 1.03419407]

Iteration:  2400
Rhat values for alpha, beta, log(sigma^2), mean(xi), log(var(xi)), atanh(corr(xi, eta)):
[1.00059917 1.00255487 1.12925675 1.00163319 1.00000068 1.04389774]

Iteration:  2500
Rhat values for alpha, beta, log(sigma^2), mean(xi), log(var(xi)), atanh(corr(xi, eta)):
[1.00178747 1.00423422 1.14972332 1.00173085 1.00000014 1.05633532]

Iteration:  2600
Rhat values for alpha, beta, log(sigma^2), mean(xi), log(var(xi)), atanh(corr(xi, eta)):
[1.00188493 1.00500044 1.16142448 1.00257571 1.00000054 1.07420279]

Iteration:  2700
Rhat values for alpha, beta, log(sigma^2), mean(xi), log(var(xi)), atanh(corr(xi, eta)):
[1.00192896 1.00553536 1.16990827 1.00359864 1.00000026 1.08864776]

Iteration:  2800
Rhat values for alpha, beta, log(sigma^2), mean(xi), log(var(xi)), atanh(corr(xi, eta)):
[1.00192099 1.00544324 1.17647999 1.00470967 1.00000005 1.09620628]

Iteration:  2900
Rhat values for alpha, beta, log(sigma^2), mean(xi), log(var(xi)), atanh(corr(xi, eta)):
[1.00283273 1.00543643 1.15648987 1.00426659 1.00000016 1.08286066]

Iteration:  3000
Rhat values for alpha, beta, log(sigma^2), mean(xi), log(var(xi)), atanh(corr(xi, eta)):
[1.00441604 1.006112   1.12774175 1.00289186 1.00000013 1.07236419]

Iteration:  3100
Rhat values for alpha, beta, log(sigma^2), mean(xi), log(var(xi)), atanh(corr(xi, eta)):
[1.00632626 1.00744881 1.11370323 1.00246408 1.0000002  1.06354075]

Iteration:  3200
Rhat values for alpha, beta, log(sigma^2), mean(xi), log(var(xi)), atanh(corr(xi, eta)):
[1.00942311 1.0105714  1.10637637 1.00203183 1.00000002 1.06315023]

Iteration:  3300
Rhat values for alpha, beta, log(sigma^2), mean(xi), log(var(xi)), atanh(corr(xi, eta)):
[1.01312383 1.01324843 1.09590014 1.00230601 1.00000033 1.0645523 ]

Iteration:  3400
Rhat values for alpha, beta, log(sigma^2), mean(xi), log(var(xi)), atanh(corr(xi, eta)):
[1.01213137 1.01158821 1.09539871 1.00169054 1.00000038 1.06715763]

Iteration:  3500
Rhat values for alpha, beta, log(sigma^2), mean(xi), log(var(xi)), atanh(corr(xi, eta)):
[1.00886876 1.00786122 1.09654264 1.00169967 1.00000083 1.0678366 ]

Iteration:  3600
Rhat values for alpha, beta, log(sigma^2), mean(xi), log(var(xi)), atanh(corr(xi, eta)):
[1.00792178 1.00673509 1.08529471 1.00181101 1.00000138 1.06205018]

Iteration:  3700
Rhat values for alpha, beta, log(sigma^2), mean(xi), log(var(xi)), atanh(corr(xi, eta)):
[1.00820397 1.0072335  1.07619397 1.00145213 1.00000141 1.05885786]

Iteration:  3800
Rhat values for alpha, beta, log(sigma^2), mean(xi), log(var(xi)), atanh(corr(xi, eta)):
[1.00692724 1.00658779 1.06966406 1.00186733 1.0000021  1.05459681]

Iteration:  3900
Rhat values for alpha, beta, log(sigma^2), mean(xi), log(var(xi)), atanh(corr(xi, eta)):
[1.00612855 1.00681078 1.06546157 1.00234376 1.00000211 1.05327413]

Iteration:  4000
Rhat values for alpha, beta, log(sigma^2), mean(xi), log(var(xi)), atanh(corr(xi, eta)):
[1.00564057 1.00692557 1.06297749 1.00277161 1.00000245 1.05242041]

Iteration:  4100
Rhat values for alpha, beta, log(sigma^2), mean(xi), log(var(xi)), atanh(corr(xi, eta)):
[1.00509313 1.00630145 1.05839393 1.00195608 1.00000245 1.05156057]

Iteration:  4200
Rhat values for alpha, beta, log(sigma^2), mean(xi), log(var(xi)), atanh(corr(xi, eta)):
[1.00442176 1.00585112 1.05799189 1.00184751 1.00000248 1.05190371]

Iteration:  4300
Rhat values for alpha, beta, log(sigma^2), mean(xi), log(var(xi)), atanh(corr(xi, eta)):
[1.00326033 1.00483212 1.06179977 1.00177899 1.00000283 1.05389473]

Iteration:  4400
Rhat values for alpha, beta, log(sigma^2), mean(xi), log(var(xi)), atanh(corr(xi, eta)):
[1.00232388 1.00388439 1.05961329 1.0013937  1.00000318 1.0507566 ]

Iteration:  4500
Rhat values for alpha, beta, log(sigma^2), mean(xi), log(var(xi)), atanh(corr(xi, eta)):
[1.00147942 1.00259233 1.05765571 1.0014195  1.00000319 1.04780511]

Iteration:  4600
Rhat values for alpha, beta, log(sigma^2), mean(xi), log(var(xi)), atanh(corr(xi, eta)):
[1.00094478 1.00150581 1.05712899 1.00143702 1.00000283 1.0448335 ]

Iteration:  4700
Rhat values for alpha, beta, log(sigma^2), mean(xi), log(var(xi)), atanh(corr(xi, eta)):
[1.00074657 1.00135572 1.05194079 1.00111766 1.00000248 1.03923296]

Iteration:  4800
Rhat values for alpha, beta, log(sigma^2), mean(xi), log(var(xi)), atanh(corr(xi, eta)):
[1.00075614 1.00168365 1.05236746 1.00137395 1.00000275 1.03797197]

Iteration:  4900
Rhat values for alpha, beta, log(sigma^2), mean(xi), log(var(xi)), atanh(corr(xi, eta)):
[1.00106383 1.00265141 1.05606617 1.00181014 1.0000036  1.04297869]

Iteration:  5000
Rhat values for alpha, beta, log(sigma^2), mean(xi), log(var(xi)), atanh(corr(xi, eta)):
[1.00217275 1.00435498 1.05902323 1.00158852 1.00000426 1.04841857]

Iteration:  5100
Rhat values for alpha, beta, log(sigma^2), mean(xi), log(var(xi)), atanh(corr(xi, eta)):
[1.00371188 1.00636484 1.05886362 1.00181017 1.00000419 1.05317611]

Iteration:  5200
Rhat values for alpha, beta, log(sigma^2), mean(xi), log(var(xi)), atanh(corr(xi, eta)):
[1.00493816 1.00795302 1.06048248 1.00188963 1.00000423 1.05562888]

Iteration:  5300
Rhat values for alpha, beta, log(sigma^2), mean(xi), log(var(xi)), atanh(corr(xi, eta)):
[1.00620142 1.00998191 1.06352206 1.00148307 1.00000407 1.05849281]

Iteration:  5400
Rhat values for alpha, beta, log(sigma^2), mean(xi), log(var(xi)), atanh(corr(xi, eta)):
[1.00762238 1.01230243 1.06203821 1.00156085 1.00000373 1.05814472]

Iteration:  5500
Rhat values for alpha, beta, log(sigma^2), mean(xi), log(var(xi)), atanh(corr(xi, eta)):
[1.00821657 1.01335339 1.06092108 1.00139539 1.00000418 1.05459726]

Iteration:  5600
Rhat values for alpha, beta, log(sigma^2), mean(xi), log(var(xi)), atanh(corr(xi, eta)):
[1.00824462 1.01388388 1.06076807 1.00159011 1.00000459 1.04887578]

Iteration:  5700
Rhat values for alpha, beta, log(sigma^2), mean(xi), log(var(xi)), atanh(corr(xi, eta)):
[1.00926339 1.01566706 1.06238487 1.00155534 1.00000459 1.04615778]

Iteration:  5800
Rhat values for alpha, beta, log(sigma^2), mean(xi), log(var(xi)), atanh(corr(xi, eta)):
[1.01103275 1.01827039 1.0614051  1.00165973 1.00000478 1.04562645]

Iteration:  5900
Rhat values for alpha, beta, log(sigma^2), mean(xi), log(var(xi)), atanh(corr(xi, eta)):
[1.01176988 1.01904753 1.05728964 1.00148991 1.00000509 1.04291815]

Iteration:  6000
Rhat values for alpha, beta, log(sigma^2), mean(xi), log(var(xi)), atanh(corr(xi, eta)):
[1.01159423 1.01852674 1.05379032 1.00136747 1.00000537 1.03943178]

Iteration:  6100
Rhat values for alpha, beta, log(sigma^2), mean(xi), log(var(xi)), atanh(corr(xi, eta)):
[1.0107784  1.01695366 1.05102757 1.00104167 1.00000489 1.0367234 ]

Iteration:  6200
Rhat values for alpha, beta, log(sigma^2), mean(xi), log(var(xi)), atanh(corr(xi, eta)):
[1.01179625 1.01778551 1.04942436 1.00105906 1.00000543 1.03704783]

Iteration:  6300
Rhat values for alpha, beta, log(sigma^2), mean(xi), log(var(xi)), atanh(corr(xi, eta)):
[1.01336093 1.01965614 1.05016212 1.00103936 1.00000525 1.04063368]

Iteration:  6400
Rhat values for alpha, beta, log(sigma^2), mean(xi), log(var(xi)), atanh(corr(xi, eta)):
[1.01320587 1.01934496 1.05168493 1.00106354 1.00000518 1.04320025]

Iteration:  6500
Rhat values for alpha, beta, log(sigma^2), mean(xi), log(var(xi)), atanh(corr(xi, eta)):
[1.01297503 1.01867422 1.04964403 1.00078098 1.00000481 1.04249692]

Iteration:  6600
Rhat values for alpha, beta, log(sigma^2), mean(xi), log(var(xi)), atanh(corr(xi, eta)):
[1.01243713 1.01809219 1.048186   1.00060053 1.00000427 1.04031101]

Iteration:  6700
Rhat values for alpha, beta, log(sigma^2), mean(xi), log(var(xi)), atanh(corr(xi, eta)):
[1.01235677 1.01772177 1.04544812 1.00066028 1.00000402 1.03892285]

Iteration:  6800
Rhat values for alpha, beta, log(sigma^2), mean(xi), log(var(xi)), atanh(corr(xi, eta)):
[1.01318985 1.0185096  1.04375831 1.00068698 1.00000401 1.03968711]

Iteration:  6900
Rhat values for alpha, beta, log(sigma^2), mean(xi), log(var(xi)), atanh(corr(xi, eta)):
[1.01266376 1.01755809 1.04426188 1.00070032 1.00000391 1.04148396]

Iteration:  7000
Rhat values for alpha, beta, log(sigma^2), mean(xi), log(var(xi)), atanh(corr(xi, eta)):
[1.01172619 1.01611138 1.04604009 1.00089138 1.00000408 1.04519757]

Iteration:  7100
Rhat values for alpha, beta, log(sigma^2), mean(xi), log(var(xi)), atanh(corr(xi, eta)):
[1.01127616 1.01521173 1.04706675 1.00107749 1.00000342 1.04678808]

Iteration:  7200
Rhat values for alpha, beta, log(sigma^2), mean(xi), log(var(xi)), atanh(corr(xi, eta)):
[1.01089576 1.01478861 1.04806152 1.00089133 1.00000314 1.0480906 ]

Iteration:  7300
Rhat values for alpha, beta, log(sigma^2), mean(xi), log(var(xi)), atanh(corr(xi, eta)):
[1.01243193 1.01638262 1.04658406 1.00097339 1.00000307 1.04783734]

Iteration:  7400
Rhat values for alpha, beta, log(sigma^2), mean(xi), log(var(xi)), atanh(corr(xi, eta)):
[1.01330667 1.01734983 1.04451039 1.0012472  0.99999389 1.04855637]

Iteration:  7500
Rhat values for alpha, beta, log(sigma^2), mean(xi), log(var(xi)), atanh(corr(xi, eta)):
[1.01360436 1.01762281 1.03959321 1.00126037 0.99999394 1.04833639]

Iteration:  7600
Rhat values for alpha, beta, log(sigma^2), mean(xi), log(var(xi)), atanh(corr(xi, eta)):
[1.01329212 1.0170522  1.03881402 1.00183451 0.99999416 1.05050969]

Iteration:  7700
Rhat values for alpha, beta, log(sigma^2), mean(xi), log(var(xi)), atanh(corr(xi, eta)):
[1.01322692 1.0171439  1.03894935 1.00271424 0.99999432 1.05454976]

Iteration:  7800
Rhat values for alpha, beta, log(sigma^2), mean(xi), log(var(xi)), atanh(corr(xi, eta)):
[1.01274094 1.01648976 1.03969912 1.0031273  0.9999943  1.05783544]

Iteration:  7900
Rhat values for alpha, beta, log(sigma^2), mean(xi), log(var(xi)), atanh(corr(xi, eta)):
[1.01289959 1.01664691 1.04085725 1.00305102 0.99999437 1.06198046]

Iteration:  8000
Rhat values for alpha, beta, log(sigma^2), mean(xi), log(var(xi)), atanh(corr(xi, eta)):
[1.01283104 1.01638779 1.04403964 1.00298051 0.99999445 1.06700439]

Iteration:  8100
Rhat values for alpha, beta, log(sigma^2), mean(xi), log(var(xi)), atanh(corr(xi, eta)):
[1.01226361 1.01561179 1.04452344 1.00302377 0.99999406 1.06662248]

Iteration:  8200
Rhat values for alpha, beta, log(sigma^2), mean(xi), log(var(xi)), atanh(corr(xi, eta)):
[1.01054594 1.01370871 1.04367083 1.00319144 0.99999406 1.06142843]

Iteration:  8300
Rhat values for alpha, beta, log(sigma^2), mean(xi), log(var(xi)), atanh(corr(xi, eta)):
[1.01030095 1.013468   1.04344427 1.0030724  0.99999404 1.0594999 ]

Iteration:  8400
Rhat values for alpha, beta, log(sigma^2), mean(xi), log(var(xi)), atanh(corr(xi, eta)):
[1.0100501  1.0129955  1.04376591 1.00270424 0.99999474 1.05795496]

Iteration:  8500
Rhat values for alpha, beta, log(sigma^2), mean(xi), log(var(xi)), atanh(corr(xi, eta)):
[1.00964171 1.01253034 1.04280235 1.00305103 0.99999514 1.05594892]

Iteration:  8600
Rhat values for alpha, beta, log(sigma^2), mean(xi), log(var(xi)), atanh(corr(xi, eta)):
[1.01023269 1.01296769 1.0402019  1.0033308  0.99999489 1.05454779]

Iteration:  8700
Rhat values for alpha, beta, log(sigma^2), mean(xi), log(var(xi)), atanh(corr(xi, eta)):
[1.01015729 1.01263881 1.03661044 1.00309786 0.9999948  1.05166284]

Iteration:  8800
Rhat values for alpha, beta, log(sigma^2), mean(xi), log(var(xi)), atanh(corr(xi, eta)):
[1.00990354 1.01220411 1.03408523 1.00294224 0.99999479 1.04953037]

Iteration:  8900
Rhat values for alpha, beta, log(sigma^2), mean(xi), log(var(xi)), atanh(corr(xi, eta)):
[1.00848085 1.01047369 1.03213179 1.00301284 0.99999482 1.04624751]

Iteration:  9000
Rhat values for alpha, beta, log(sigma^2), mean(xi), log(var(xi)), atanh(corr(xi, eta)):
[1.00772644 1.00950082 1.0295028  1.00288332 0.99999476 1.04313318]

Iteration:  9100
Rhat values for alpha, beta, log(sigma^2), mean(xi), log(var(xi)), atanh(corr(xi, eta)):
[1.0064798  1.00798266 1.02819441 1.00251767 0.9999949  1.04032774]

Iteration:  9200
Rhat values for alpha, beta, log(sigma^2), mean(xi), log(var(xi)), atanh(corr(xi, eta)):
[1.0058042  1.007048   1.02684145 1.00231787 0.99999512 1.0369944 ]

Iteration:  9300
Rhat values for alpha, beta, log(sigma^2), mean(xi), log(var(xi)), atanh(corr(xi, eta)):
[1.00534441 1.00635095 1.02518875 1.0022403  0.9999951  1.03351404]

Iteration:  9400
Rhat values for alpha, beta, log(sigma^2), mean(xi), log(var(xi)), atanh(corr(xi, eta)):
[1.00554849 1.00642362 1.02530454 1.00221059 0.99996241 1.03276332]

Iteration:  9500
Rhat values for alpha, beta, log(sigma^2), mean(xi), log(var(xi)), atanh(corr(xi, eta)):
[1.00561773 1.0064747  1.02522393 1.0021168  0.99996274 1.03257969]

Iteration:  9600
Rhat values for alpha, beta, log(sigma^2), mean(xi), log(var(xi)), atanh(corr(xi, eta)):
[1.00602486 1.00725435 1.02392371 1.00207316 0.99996312 1.03233085]

Iteration:  9700
Rhat values for alpha, beta, log(sigma^2), mean(xi), log(var(xi)), atanh(corr(xi, eta)):
[1.00700312 1.00826919 1.02247156 1.00211471 0.99996342 1.03206304]

Iteration:  9800
Rhat values for alpha, beta, log(sigma^2), mean(xi), log(var(xi)), atanh(corr(xi, eta)):
[1.00713987 1.00846593 1.02086162 1.00193029 0.99996377 1.03109094]

Iteration:  9900
Rhat values for alpha, beta, log(sigma^2), mean(xi), log(var(xi)), atanh(corr(xi, eta)):
[1.00639116 1.00759699 1.0197152  1.00199415 0.99996406 1.02944535]

Iteration:  10000
Rhat values for alpha, beta, log(sigma^2), mean(xi), log(var(xi)), atanh(corr(xi, eta)):
[1.00615035 1.00739072 1.0189113  1.00197826 0.99996443 1.02871677]

Iteration:  10100
Rhat values for alpha, beta, log(sigma^2), mean(xi), log(var(xi)), atanh(corr(xi, eta)):
[1.00614895 1.00733341 1.01713214 1.00191926 0.99996474 1.02706615]

Iteration:  10200
Rhat values for alpha, beta, log(sigma^2), mean(xi), log(var(xi)), atanh(corr(xi, eta)):
[1.00561554 1.00659402 1.01613954 1.00174406 0.99996506 1.02533804]

Iteration:  10300
Rhat values for alpha, beta, log(sigma^2), mean(xi), log(var(xi)), atanh(corr(xi, eta)):
[1.00520306 1.00613181 1.01578865 1.00159129 0.99996545 1.02462507]

Iteration:  10400
Rhat values for alpha, beta, log(sigma^2), mean(xi), log(var(xi)), atanh(corr(xi, eta)):
[1.00582386 1.0067468  1.0166732  1.00163774 0.99996581 1.02660402]

Iteration:  10500
Rhat values for alpha, beta, log(sigma^2), mean(xi), log(var(xi)), atanh(corr(xi, eta)):
[1.0057009  1.00660136 1.01776127 1.00153315 0.99996618 1.02843678]

Iteration:  10600
Rhat values for alpha, beta, log(sigma^2), mean(xi), log(var(xi)), atanh(corr(xi, eta)):
[1.00490969 1.00570112 1.01827394 1.00148943 0.99996662 1.0286984 ]

Iteration:  10700
Rhat values for alpha, beta, log(sigma^2), mean(xi), log(var(xi)), atanh(corr(xi, eta)):
[1.00420376 1.00483961 1.01758046 1.00142036 0.99996694 1.02750351]

Iteration:  10800
Rhat values for alpha, beta, log(sigma^2), mean(xi), log(var(xi)), atanh(corr(xi, eta)):
[1.00393196 1.00463615 1.0171783  1.00124268 0.99996724 1.02685893]

Iteration:  10900
Rhat values for alpha, beta, log(sigma^2), mean(xi), log(var(xi)), atanh(corr(xi, eta)):
[1.00377753 1.00439179 1.01717123 1.00112311 0.99996753 1.02661039]

Iteration:  11000
Rhat values for alpha, beta, log(sigma^2), mean(xi), log(var(xi)), atanh(corr(xi, eta)):
[1.00297781 1.00350038 1.01761244 1.00133776 0.99996784 1.02623059]

Iteration:  11100
Rhat values for alpha, beta, log(sigma^2), mean(xi), log(var(xi)), atanh(corr(xi, eta)):
[1.00215824 1.00265531 1.01720088 1.00138599 0.99996823 1.02481533]

Iteration:  11200
Rhat values for alpha, beta, log(sigma^2), mean(xi), log(var(xi)), atanh(corr(xi, eta)):
[1.00188239 1.00246414 1.01680258 1.00105167 0.99996842 1.02404534]

Iteration:  11300
Rhat values for alpha, beta, log(sigma^2), mean(xi), log(var(xi)), atanh(corr(xi, eta)):
[1.00197239 1.00268908 1.01651011 1.00112668 0.99996873 1.02440917]

Iteration:  11400
Rhat values for alpha, beta, log(sigma^2), mean(xi), log(var(xi)), atanh(corr(xi, eta)):
[1.00206219 1.00285657 1.01651524 1.00121381 0.99996896 1.02443673]

Iteration:  11500
Rhat values for alpha, beta, log(sigma^2), mean(xi), log(var(xi)), atanh(corr(xi, eta)):
[1.00203952 1.00277181 1.01487503 1.00124309 0.99996923 1.02277329]

Iteration:  11600
Rhat values for alpha, beta, log(sigma^2), mean(xi), log(var(xi)), atanh(corr(xi, eta)):
[1.00186987 1.0025053  1.01289641 1.00149386 0.99996953 1.02045684]

Iteration:  11700
Rhat values for alpha, beta, log(sigma^2), mean(xi), log(var(xi)), atanh(corr(xi, eta)):
[1.00182339 1.00236105 1.01228309 1.00147058 0.99996979 1.02016334]

Iteration:  11800
Rhat values for alpha, beta, log(sigma^2), mean(xi), log(var(xi)), atanh(corr(xi, eta)):
[1.00183557 1.00228727 1.01187016 1.00120861 0.99997016 1.020509  ]

Iteration:  11900
Rhat values for alpha, beta, log(sigma^2), mean(xi), log(var(xi)), atanh(corr(xi, eta)):
[1.00197477 1.00233749 1.01184536 1.00116549 0.99997041 1.02128591]

Iteration:  12000
Rhat values for alpha, beta, log(sigma^2), mean(xi), log(var(xi)), atanh(corr(xi, eta)):
[1.0019867  1.00230538 1.01133777 1.00123358 0.99997063 1.02174471]

Iteration:  12100
Rhat values for alpha, beta, log(sigma^2), mean(xi), log(var(xi)), atanh(corr(xi, eta)):
[1.00210793 1.00239554 1.01021419 1.00118911 0.99997081 1.02125751]

Iteration:  12200
Rhat values for alpha, beta, log(sigma^2), mean(xi), log(var(xi)), atanh(corr(xi, eta)):
[1.00245415 1.00270166 1.00966856 1.00122235 0.99997105 1.02137706]

Iteration:  12300
Rhat values for alpha, beta, log(sigma^2), mean(xi), log(var(xi)), atanh(corr(xi, eta)):
[1.00265175 1.00288867 1.00944202 1.00123785 0.99997138 1.02142113]

Iteration:  12400
Rhat values for alpha, beta, log(sigma^2), mean(xi), log(var(xi)), atanh(corr(xi, eta)):
[1.00273796 1.00295224 1.00958025 1.00115617 0.99997166 1.0214907 ]

Iteration:  12500
Rhat values for alpha, beta, log(sigma^2), mean(xi), log(var(xi)), atanh(corr(xi, eta)):
[1.00284959 1.00310138 1.01019349 1.00120728 0.99997233 1.02198098]

Iteration:  12600
Rhat values for alpha, beta, log(sigma^2), mean(xi), log(var(xi)), atanh(corr(xi, eta)):
[1.00297585 1.00320663 1.01127495 1.00125773 0.99997259 1.02307426]

Iteration:  12700
Rhat values for alpha, beta, log(sigma^2), mean(xi), log(var(xi)), atanh(corr(xi, eta)):
[1.00294963 1.00327954 1.01192297 1.00133131 0.99997277 1.0238655 ]

Iteration:  12800
Rhat values for alpha, beta, log(sigma^2), mean(xi), log(var(xi)), atanh(corr(xi, eta)):
[1.00278363 1.00327429 1.01212395 1.0011347  0.99997306 1.02433103]

Iteration:  12900
Rhat values for alpha, beta, log(sigma^2), mean(xi), log(var(xi)), atanh(corr(xi, eta)):
[1.00280442 1.00342478 1.01246378 1.00114575 0.99997329 1.02523899]

Iteration:  13000
Rhat values for alpha, beta, log(sigma^2), mean(xi), log(var(xi)), atanh(corr(xi, eta)):
[1.00259379 1.00331523 1.01301633 1.00117443 0.99997356 1.02607859]

Iteration:  13100
Rhat values for alpha, beta, log(sigma^2), mean(xi), log(var(xi)), atanh(corr(xi, eta)):
[1.00239292 1.00321479 1.0138795  1.00117388 0.99997375 1.02690437]

Iteration:  13200
Rhat values for alpha, beta, log(sigma^2), mean(xi), log(var(xi)), atanh(corr(xi, eta)):
[1.00221876 1.00295919 1.01495406 1.00096587 0.99997393 1.02764081]

Iteration:  13300
Rhat values for alpha, beta, log(sigma^2), mean(xi), log(var(xi)), atanh(corr(xi, eta)):
[1.00189775 1.0025188  1.0158164  1.000814   0.99997418 1.0275927 ]

Iteration:  13400
Rhat values for alpha, beta, log(sigma^2), mean(xi), log(var(xi)), atanh(corr(xi, eta)):
[1.00139479 1.00190447 1.01551155 1.00082751 0.99997438 1.02547163]

Iteration:  13500
Rhat values for alpha, beta, log(sigma^2), mean(xi), log(var(xi)), atanh(corr(xi, eta)):
[1.00095655 1.00139508 1.01500079 1.00102798 0.99997454 1.02295035]

Iteration:  13600
Rhat values for alpha, beta, log(sigma^2), mean(xi), log(var(xi)), atanh(corr(xi, eta)):
[1.00069104 1.00107167 1.01422971 1.00121107 0.99997471 1.02095628]

Iteration:  13700
Rhat values for alpha, beta, log(sigma^2), mean(xi), log(var(xi)), atanh(corr(xi, eta)):
[1.00065955 1.00106915 1.01360294 1.00134027 0.99997478 1.02013086]

Iteration:  13800
Rhat values for alpha, beta, log(sigma^2), mean(xi), log(var(xi)), atanh(corr(xi, eta)):
[1.00054129 1.00091509 1.0131621  1.00145638 0.999975   1.01919521]

Iteration:  13900
Rhat values for alpha, beta, log(sigma^2), mean(xi), log(var(xi)), atanh(corr(xi, eta)):
[1.00029607 1.00058604 1.01211701 1.00143752 0.99997511 1.01730591]

Iteration:  14000
Rhat values for alpha, beta, log(sigma^2), mean(xi), log(var(xi)), atanh(corr(xi, eta)):
[1.00023488 1.00049462 1.01067065 1.00139906 0.99997533 1.01578057]

Iteration:  14100
Rhat values for alpha, beta, log(sigma^2), mean(xi), log(var(xi)), atanh(corr(xi, eta)):
[1.00021831 1.00046244 1.00919008 1.0014819  0.99997546 1.01439329]

Iteration:  14200
Rhat values for alpha, beta, log(sigma^2), mean(xi), log(var(xi)), atanh(corr(xi, eta)):
[1.00017906 1.00039524 1.00867014 1.00144051 0.99997553 1.01381866]

Iteration:  14300
Rhat values for alpha, beta, log(sigma^2), mean(xi), log(var(xi)), atanh(corr(xi, eta)):
[1.00016534 1.00035032 1.00840005 1.00134556 0.99997562 1.0135013 ]

Iteration:  14400
Rhat values for alpha, beta, log(sigma^2), mean(xi), log(var(xi)), atanh(corr(xi, eta)):
[1.00024591 1.00037458 1.00805238 1.00125646 0.99997589 1.0136043 ]

Iteration:  14500
Rhat values for alpha, beta, log(sigma^2), mean(xi), log(var(xi)), atanh(corr(xi, eta)):
[1.00027367 1.00030141 1.00724614 1.00116946 0.99997609 1.01269724]

Iteration:  14600
Rhat values for alpha, beta, log(sigma^2), mean(xi), log(var(xi)), atanh(corr(xi, eta)):
[1.00026239 1.00027479 1.00658402 1.00120919 0.9999763  1.01214035]

Iteration:  14700
Rhat values for alpha, beta, log(sigma^2), mean(xi), log(var(xi)), atanh(corr(xi, eta)):
[1.00041061 1.00036996 1.00630596 1.00115179 0.99997644 1.01212869]

Iteration:  14800
Rhat values for alpha, beta, log(sigma^2), mean(xi), log(var(xi)), atanh(corr(xi, eta)):
[1.00068089 1.00058667 1.00619725 1.00118636 0.99997655 1.01225783]

Iteration:  14900
Rhat values for alpha, beta, log(sigma^2), mean(xi), log(var(xi)), atanh(corr(xi, eta)):
[1.00084451 1.00075248 1.00579221 1.00120977 0.9999767  1.01162231]

Iteration:  15000
Rhat values for alpha, beta, log(sigma^2), mean(xi), log(var(xi)), atanh(corr(xi, eta)):
[1.00101947 1.00091777 1.00530136 1.00127518 0.99997363 1.01081656]

Iteration:  15100
Rhat values for alpha, beta, log(sigma^2), mean(xi), log(var(xi)), atanh(corr(xi, eta)):
[1.00138616 1.00126154 1.0054278  1.00118883 0.99997377 1.01117177]

Iteration:  15200
Rhat values for alpha, beta, log(sigma^2), mean(xi), log(var(xi)), atanh(corr(xi, eta)):
[1.00173468 1.00158234 1.00575201 1.00115616 0.99997392 1.01161873]

Iteration:  15300
Rhat values for alpha, beta, log(sigma^2), mean(xi), log(var(xi)), atanh(corr(xi, eta)):
[1.00209138 1.00189437 1.00619083 1.00117192 0.99997411 1.01233539]

Iteration:  15400
Rhat values for alpha, beta, log(sigma^2), mean(xi), log(var(xi)), atanh(corr(xi, eta)):
[1.00252447 1.00223898 1.0061115  1.00119744 0.99997432 1.01249024]

Iteration:  15500
Rhat values for alpha, beta, log(sigma^2), mean(xi), log(var(xi)), atanh(corr(xi, eta)):
[1.00268569 1.00229897 1.00582771 1.00114029 0.99997446 1.01217038]

Iteration:  15600
Rhat values for alpha, beta, log(sigma^2), mean(xi), log(var(xi)), atanh(corr(xi, eta)):
[1.00265619 1.00222278 1.00558689 1.00118982 0.99997462 1.01172911]

Iteration:  15700
Rhat values for alpha, beta, log(sigma^2), mean(xi), log(var(xi)), atanh(corr(xi, eta)):
[1.00294787 1.00244484 1.0052906  1.00134826 0.99997479 1.01147225]

Iteration:  15800
Rhat values for alpha, beta, log(sigma^2), mean(xi), log(var(xi)), atanh(corr(xi, eta)):
[1.0032314  1.00276447 1.00528204 1.00140909 0.99997497 1.01190783]

Iteration:  15900
Rhat values for alpha, beta, log(sigma^2), mean(xi), log(var(xi)), atanh(corr(xi, eta)):
[1.00347407 1.00306917 1.00534805 1.00172367 0.99997515 1.01246731]

Iteration:  16000
Rhat values for alpha, beta, log(sigma^2), mean(xi), log(var(xi)), atanh(corr(xi, eta)):
[1.00375132 1.00342337 1.0052149  1.00174469 0.99997527 1.01245182]

Iteration:  16100
Rhat values for alpha, beta, log(sigma^2), mean(xi), log(var(xi)), atanh(corr(xi, eta)):
[1.00391139 1.00362238 1.0052382  1.00162477 0.99997542 1.01239357]

Iteration:  16200
Rhat values for alpha, beta, log(sigma^2), mean(xi), log(var(xi)), atanh(corr(xi, eta)):
[1.00425157 1.00403453 1.00511409 1.0015861  0.9999758  1.01246238]

Iteration:  16300
Rhat values for alpha, beta, log(sigma^2), mean(xi), log(var(xi)), atanh(corr(xi, eta)):
[1.00427086 1.00408511 1.00497701 1.0016897  0.99997601 1.01225225]

Iteration:  16400
Rhat values for alpha, beta, log(sigma^2), mean(xi), log(var(xi)), atanh(corr(xi, eta)):
[1.00441339 1.00421744 1.00446261 1.00166643 0.99997615 1.01200532]

Iteration:  16500
Rhat values for alpha, beta, log(sigma^2), mean(xi), log(var(xi)), atanh(corr(xi, eta)):
[1.00447618 1.00424863 1.00395084 1.00161949 0.99997631 1.01197272]

Iteration:  16600
Rhat values for alpha, beta, log(sigma^2), mean(xi), log(var(xi)), atanh(corr(xi, eta)):
[1.00400188 1.00386253 1.0034653  1.00155004 0.99997641 1.01144286]

Iteration:  16700
Rhat values for alpha, beta, log(sigma^2), mean(xi), log(var(xi)), atanh(corr(xi, eta)):
[1.00346042 1.00337541 1.00311535 1.00160707 0.99997658 1.01091817]

Iteration:  16800
Rhat values for alpha, beta, log(sigma^2), mean(xi), log(var(xi)), atanh(corr(xi, eta)):
[1.00307165 1.0030426  1.00275063 1.00170747 0.99997668 1.01057021]

Iteration:  16900
Rhat values for alpha, beta, log(sigma^2), mean(xi), log(var(xi)), atanh(corr(xi, eta)):
[1.00275711 1.00276662 1.00223854 1.00172489 0.99997682 1.01003484]

Iteration:  17000
Rhat values for alpha, beta, log(sigma^2), mean(xi), log(var(xi)), atanh(corr(xi, eta)):
[1.00257238 1.00259377 1.00172179 1.00162316 0.99997693 1.00932299]

Iteration:  17100
Rhat values for alpha, beta, log(sigma^2), mean(xi), log(var(xi)), atanh(corr(xi, eta)):
[1.00263478 1.00253377 1.00134799 1.00167864 0.99997703 1.00884999]

Iteration:  17200
Rhat values for alpha, beta, log(sigma^2), mean(xi), log(var(xi)), atanh(corr(xi, eta)):
[1.00239894 1.00222088 1.00099076 1.001727   0.99997713 1.00817598]

Iteration:  17300
Rhat values for alpha, beta, log(sigma^2), mean(xi), log(var(xi)), atanh(corr(xi, eta)):
[1.00242283 1.00233897 1.00070731 1.0018565  0.99997726 1.00808905]

Iteration:  17400
Rhat values for alpha, beta, log(sigma^2), mean(xi), log(var(xi)), atanh(corr(xi, eta)):
[1.00238538 1.00229434 1.00058293 1.00192405 0.9999774  1.00804811]

Iteration:  17500
Rhat values for alpha, beta, log(sigma^2), mean(xi), log(var(xi)), atanh(corr(xi, eta)):
[1.00255995 1.00242195 1.00070637 1.00200875 0.9999775  1.00843161]

Iteration:  17600
Rhat values for alpha, beta, log(sigma^2), mean(xi), log(var(xi)), atanh(corr(xi, eta)):
[1.00266508 1.00251782 1.00079595 1.0019734  0.99997758 1.00840806]

Iteration:  17700
Rhat values for alpha, beta, log(sigma^2), mean(xi), log(var(xi)), atanh(corr(xi, eta)):
[1.00254161 1.00238955 1.00088251 1.00198273 0.99997764 1.00770658]

Iteration:  17800
Rhat values for alpha, beta, log(sigma^2), mean(xi), log(var(xi)), atanh(corr(xi, eta)):
[1.00258459 1.00243203 1.00091791 1.00177751 0.99997777 1.00728894]

Iteration:  17900
Rhat values for alpha, beta, log(sigma^2), mean(xi), log(var(xi)), atanh(corr(xi, eta)):
[1.00245602 1.00238157 1.00084673 1.00166745 0.99997787 1.00675063]

Iteration:  18000
Rhat values for alpha, beta, log(sigma^2), mean(xi), log(var(xi)), atanh(corr(xi, eta)):
[1.00217443 1.00213053 1.00083258 1.00150633 0.999978   1.00609432]

Iteration:  18100
Rhat values for alpha, beta, log(sigma^2), mean(xi), log(var(xi)), atanh(corr(xi, eta)):
[1.00191567 1.00190366 1.00066365 1.00149062 0.99997808 1.00560206]

Iteration:  18200
Rhat values for alpha, beta, log(sigma^2), mean(xi), log(var(xi)), atanh(corr(xi, eta)):
[1.00164503 1.00165108 1.00051391 1.00145583 0.99997825 1.0052492 ]

Iteration:  18300
Rhat values for alpha, beta, log(sigma^2), mean(xi), log(var(xi)), atanh(corr(xi, eta)):
[1.00168574 1.00170511 1.00045174 1.00146687 0.99997832 1.00520184]

Iteration:  18400
Rhat values for alpha, beta, log(sigma^2), mean(xi), log(var(xi)), atanh(corr(xi, eta)):
[1.00173565 1.00183144 1.00041477 1.00145544 0.99997846 1.00507428]

Iteration:  18500
Rhat values for alpha, beta, log(sigma^2), mean(xi), log(var(xi)), atanh(corr(xi, eta)):
[1.00196289 1.00200191 1.00035284 1.00155703 0.99997859 1.00504753]

Iteration:  18600
Rhat values for alpha, beta, log(sigma^2), mean(xi), log(var(xi)), atanh(corr(xi, eta)):
[1.0019704  1.00195699 1.00032423 1.00166878 0.99997869 1.00484658]

Iteration:  18700
Rhat values for alpha, beta, log(sigma^2), mean(xi), log(var(xi)), atanh(corr(xi, eta)):
[1.00203119 1.00198371 1.00026554 1.00180924 0.99997878 1.00482909]

Iteration:  18800
Rhat values for alpha, beta, log(sigma^2), mean(xi), log(var(xi)), atanh(corr(xi, eta)):
[1.00189426 1.00181955 1.00026591 1.00168195 0.99997887 1.00478738]

Iteration:  18900
Rhat values for alpha, beta, log(sigma^2), mean(xi), log(var(xi)), atanh(corr(xi, eta)):
[1.00186301 1.0016868  1.00027154 1.001668   0.99997897 1.00470946]

Iteration:  19000
Rhat values for alpha, beta, log(sigma^2), mean(xi), log(var(xi)), atanh(corr(xi, eta)):
[1.00191908 1.00162411 1.00025353 1.00162587 0.999979   1.00480045]

Iteration:  19100
Rhat values for alpha, beta, log(sigma^2), mean(xi), log(var(xi)), atanh(corr(xi, eta)):
[1.00193979 1.00161755 1.00027269 1.00156352 0.99997909 1.00504143]

Iteration:  19200
Rhat values for alpha, beta, log(sigma^2), mean(xi), log(var(xi)), atanh(corr(xi, eta)):
[1.00202331 1.0016357  1.00036328 1.00166892 0.99997919 1.00542469]

Iteration:  19300
Rhat values for alpha, beta, log(sigma^2), mean(xi), log(var(xi)), atanh(corr(xi, eta)):
[1.00197149 1.00154898 1.00044978 1.00162907 0.99997926 1.00567534]

Iteration:  19400
Rhat values for alpha, beta, log(sigma^2), mean(xi), log(var(xi)), atanh(corr(xi, eta)):
[1.00194323 1.00150581 1.00052308 1.00167562 0.99997933 1.00606861]

Iteration:  19500
Rhat values for alpha, beta, log(sigma^2), mean(xi), log(var(xi)), atanh(corr(xi, eta)):
[1.00208409 1.00162611 1.00061322 1.0017686  0.99997944 1.00655213]

Iteration:  19600
Rhat values for alpha, beta, log(sigma^2), mean(xi), log(var(xi)), atanh(corr(xi, eta)):
[1.00223383 1.00182539 1.00062835 1.00175914 0.99997951 1.00686459]

Iteration:  19700
Rhat values for alpha, beta, log(sigma^2), mean(xi), log(var(xi)), atanh(corr(xi, eta)):
[1.00225626 1.00189822 1.00061488 1.00185042 0.99997875 1.00682652]

Iteration:  19800
Rhat values for alpha, beta, log(sigma^2), mean(xi), log(var(xi)), atanh(corr(xi, eta)):
[1.00221968 1.00182728 1.00059205 1.0018591  0.99997886 1.00667483]

Iteration:  19900
Rhat values for alpha, beta, log(sigma^2), mean(xi), log(var(xi)), atanh(corr(xi, eta)):
[1.00207068 1.00164248 1.0005802  1.0019315  0.999979   1.00631677]

Iteration:  20000
Rhat values for alpha, beta, log(sigma^2), mean(xi), log(var(xi)), atanh(corr(xi, eta)):
[1.00194974 1.00148244 1.00060776 1.00192166 0.99997916 1.00606969]
{"name": "R19_first_hr_tripp_error_no_covadd_0.3", "n": 176, "mean": -0.02336086463010506, "sd": 0.013078410050016647, "median": -0.022939736846145767, "q16_84": [-0.036245335319856235, -0.01080182665258647], "q025_975": [-0.0497829643238126, 0.0022441989596117037], "p_negative": 0.963475, "scatter_mean": 0.02990565702816125, "retained_draws": 40000, "seed": 20260934, "rhat_retained": {"alpha": 1.0161028068233298, "beta": 1.013559590662538, "sigsqr": 1.0041454775085703}}
START R19_first_hr_tripp_error_no_covadd_0.35 192

Iteration:  100
Rhat values for alpha, beta, log(sigma^2), mean(xi), log(var(xi)), atanh(corr(xi, eta)):
[1.06328081 1.06799832 1.07565033 1.07356764 1.03947702 1.17184107]

Iteration:  200
Rhat values for alpha, beta, log(sigma^2), mean(xi), log(var(xi)), atanh(corr(xi, eta)):
[1.03224378 1.04344585 1.01089625 1.07800541 1.01037991 1.10815493]

Iteration:  300
Rhat values for alpha, beta, log(sigma^2), mean(xi), log(var(xi)), atanh(corr(xi, eta)):
[1.01431124 1.01734233 1.02406765 1.0202022  1.00010592 1.03571961]

Iteration:  400
Rhat values for alpha, beta, log(sigma^2), mean(xi), log(var(xi)), atanh(corr(xi, eta)):
[1.01660176 1.01745468 1.03112997 1.01835002 1.00003501 1.02085718]

Iteration:  500
Rhat values for alpha, beta, log(sigma^2), mean(xi), log(var(xi)), atanh(corr(xi, eta)):
[1.00966645 1.00895172 1.01364569 1.01224242 0.99985633 1.01340688]

Iteration:  600
Rhat values for alpha, beta, log(sigma^2), mean(xi), log(var(xi)), atanh(corr(xi, eta)):
[1.00591958 1.00476079 1.03558012 1.01144418 0.99965367 1.01557342]

Iteration:  700
Rhat values for alpha, beta, log(sigma^2), mean(xi), log(var(xi)), atanh(corr(xi, eta)):
[1.00683263 1.0043693  1.07638692 1.01054863 0.99944336 1.03698966]

Iteration:  800
Rhat values for alpha, beta, log(sigma^2), mean(xi), log(var(xi)), atanh(corr(xi, eta)):
[1.00593753 1.00311791 1.04436613 1.00905631 0.9995507  1.03583228]

Iteration:  900
Rhat values for alpha, beta, log(sigma^2), mean(xi), log(var(xi)), atanh(corr(xi, eta)):
[1.002866   1.0005446  1.03291072 1.01324441 0.9997394  1.0215987 ]

Iteration:  1000
Rhat values for alpha, beta, log(sigma^2), mean(xi), log(var(xi)), atanh(corr(xi, eta)):
[1.00094462 0.99961809 1.04896579 1.01567498 0.99991385 1.01652475]

Iteration:  1100
Rhat values for alpha, beta, log(sigma^2), mean(xi), log(var(xi)), atanh(corr(xi, eta)):
[0.99965426 0.9998816  1.07122812 1.01798384 0.99995764 1.02093379]

Iteration:  1200
Rhat values for alpha, beta, log(sigma^2), mean(xi), log(var(xi)), atanh(corr(xi, eta)):
[0.999434   1.00004161 1.08708653 1.02047368 0.99996049 1.02201534]

Iteration:  1300
Rhat values for alpha, beta, log(sigma^2), mean(xi), log(var(xi)), atanh(corr(xi, eta)):
[0.99925354 1.00121991 1.08347634 1.01585004 0.99990868 1.01603251]

Iteration:  1400
Rhat values for alpha, beta, log(sigma^2), mean(xi), log(var(xi)), atanh(corr(xi, eta)):
[0.99975884 1.00182073 1.08323657 1.01320916 0.99994934 1.01851576]

Iteration:  1500
Rhat values for alpha, beta, log(sigma^2), mean(xi), log(var(xi)), atanh(corr(xi, eta)):
[1.00093289 1.00251081 1.09900483 1.01197724 0.99990255 1.03293953]

Iteration:  1600
Rhat values for alpha, beta, log(sigma^2), mean(xi), log(var(xi)), atanh(corr(xi, eta)):
[1.00313644 1.002911   1.1071622  1.00777341 0.99991917 1.04965303]

Iteration:  1700
Rhat values for alpha, beta, log(sigma^2), mean(xi), log(var(xi)), atanh(corr(xi, eta)):
[1.00546025 1.00440193 1.1140854  1.00957857 0.99995169 1.06108505]

Iteration:  1800
Rhat values for alpha, beta, log(sigma^2), mean(xi), log(var(xi)), atanh(corr(xi, eta)):
[1.00482336 1.00317908 1.10215192 1.00817287 1.00010082 1.05694183]

Iteration:  1900
Rhat values for alpha, beta, log(sigma^2), mean(xi), log(var(xi)), atanh(corr(xi, eta)):
[1.00305818 1.00245336 1.11160781 1.00788555 1.00012174 1.05538394]

Iteration:  2000
Rhat values for alpha, beta, log(sigma^2), mean(xi), log(var(xi)), atanh(corr(xi, eta)):
[1.00160507 1.0018229  1.11410722 1.00582975 1.0000137  1.05452521]

Iteration:  2100
Rhat values for alpha, beta, log(sigma^2), mean(xi), log(var(xi)), atanh(corr(xi, eta)):
[1.00083753 1.00066699 1.12371962 1.00545719 0.99999049 1.05335835]

Iteration:  2200
Rhat values for alpha, beta, log(sigma^2), mean(xi), log(var(xi)), atanh(corr(xi, eta)):
[1.00049606 1.00057851 1.14287884 1.00284847 0.99991106 1.06299267]

Iteration:  2300
Rhat values for alpha, beta, log(sigma^2), mean(xi), log(var(xi)), atanh(corr(xi, eta)):
[1.00043339 1.00118459 1.15761974 1.0032047  0.99985465 1.07337442]

Iteration:  2400
Rhat values for alpha, beta, log(sigma^2), mean(xi), log(var(xi)), atanh(corr(xi, eta)):
[1.00059432 1.00152766 1.15560607 1.00276728 0.99988902 1.08654407]

Iteration:  2500
Rhat values for alpha, beta, log(sigma^2), mean(xi), log(var(xi)), atanh(corr(xi, eta)):
[1.00119285 1.00313364 1.15888558 1.00272147 0.99989355 1.10684412]

Iteration:  2600
Rhat values for alpha, beta, log(sigma^2), mean(xi), log(var(xi)), atanh(corr(xi, eta)):
[1.00224844 1.00516641 1.16673677 1.00219081 0.9998631  1.12006255]

Iteration:  2700
Rhat values for alpha, beta, log(sigma^2), mean(xi), log(var(xi)), atanh(corr(xi, eta)):
[1.0041192  1.0077825  1.17714845 1.00291094 0.99985213 1.13063965]

Iteration:  2800
Rhat values for alpha, beta, log(sigma^2), mean(xi), log(var(xi)), atanh(corr(xi, eta)):
[1.00647953 1.01069666 1.17774245 1.00312384 0.99989091 1.13564373]

Iteration:  2900
Rhat values for alpha, beta, log(sigma^2), mean(xi), log(var(xi)), atanh(corr(xi, eta)):
[1.00992769 1.01471317 1.18136497 1.00364634 0.99991784 1.14336886]

Iteration:  3000
Rhat values for alpha, beta, log(sigma^2), mean(xi), log(var(xi)), atanh(corr(xi, eta)):
[1.01342528 1.01938098 1.1899788  1.00447326 0.99993357 1.15693398]

Iteration:  3100
Rhat values for alpha, beta, log(sigma^2), mean(xi), log(var(xi)), atanh(corr(xi, eta)):
[1.01614718 1.02326811 1.20422418 1.00358952 0.99988647 1.17051874]

Iteration:  3200
Rhat values for alpha, beta, log(sigma^2), mean(xi), log(var(xi)), atanh(corr(xi, eta)):
[1.01762406 1.0263003  1.21896084 1.00467524 0.99996461 1.18450438]

Iteration:  3300
Rhat values for alpha, beta, log(sigma^2), mean(xi), log(var(xi)), atanh(corr(xi, eta)):
[1.01835216 1.02751512 1.22821465 1.00602632 0.9999798  1.19252541]

Iteration:  3400
Rhat values for alpha, beta, log(sigma^2), mean(xi), log(var(xi)), atanh(corr(xi, eta)):
[1.02037264 1.03098651 1.22551121 1.00767889 0.99999129 1.19596592]

Iteration:  3500
Rhat values for alpha, beta, log(sigma^2), mean(xi), log(var(xi)), atanh(corr(xi, eta)):
[1.01923709 1.03106342 1.22587845 1.00629218 0.99996826 1.20191876]

Iteration:  3600
Rhat values for alpha, beta, log(sigma^2), mean(xi), log(var(xi)), atanh(corr(xi, eta)):
[1.01901211 1.03134373 1.22620455 1.00636995 0.99997691 1.2087468 ]

Iteration:  3700
Rhat values for alpha, beta, log(sigma^2), mean(xi), log(var(xi)), atanh(corr(xi, eta)):
[1.01855653 1.03122671 1.23128017 1.00577942 0.99999253 1.21924935]

Iteration:  3800
Rhat values for alpha, beta, log(sigma^2), mean(xi), log(var(xi)), atanh(corr(xi, eta)):
[1.0175088  1.02985167 1.23308796 1.00440901 1.00000165 1.227162  ]

Iteration:  3900
Rhat values for alpha, beta, log(sigma^2), mean(xi), log(var(xi)), atanh(corr(xi, eta)):
[1.01587799 1.02776482 1.233854   1.00364202 0.99999342 1.23102842]

Iteration:  4000
Rhat values for alpha, beta, log(sigma^2), mean(xi), log(var(xi)), atanh(corr(xi, eta)):
[1.01448439 1.02497339 1.23188415 1.00294373 1.00002701 1.2280383 ]

Iteration:  4100
Rhat values for alpha, beta, log(sigma^2), mean(xi), log(var(xi)), atanh(corr(xi, eta)):
[1.01426615 1.02433883 1.22964118 1.00347975 1.00003374 1.23109317]

Iteration:  4200
Rhat values for alpha, beta, log(sigma^2), mean(xi), log(var(xi)), atanh(corr(xi, eta)):
[1.01390794 1.02342195 1.23460531 1.00381727 1.00001547 1.2423632 ]

Iteration:  4300
Rhat values for alpha, beta, log(sigma^2), mean(xi), log(var(xi)), atanh(corr(xi, eta)):
[1.01299074 1.02182256 1.24030954 1.00432994 1.00000445 1.25722566]

Iteration:  4400
Rhat values for alpha, beta, log(sigma^2), mean(xi), log(var(xi)), atanh(corr(xi, eta)):
[1.01242211 1.02066792 1.2415988  1.00381209 1.00000755 1.26886893]

Iteration:  4500
Rhat values for alpha, beta, log(sigma^2), mean(xi), log(var(xi)), atanh(corr(xi, eta)):
[1.01264725 1.02020866 1.24497258 1.00405816 0.99999611 1.27829176]

Iteration:  4600
Rhat values for alpha, beta, log(sigma^2), mean(xi), log(var(xi)), atanh(corr(xi, eta)):
[1.01104598 1.0176777  1.25266547 1.00459753 1.00003561 1.28296637]

Iteration:  4700
Rhat values for alpha, beta, log(sigma^2), mean(xi), log(var(xi)), atanh(corr(xi, eta)):
[1.01051513 1.01678419 1.25516283 1.00486881 1.00004165 1.28098982]

Iteration:  4800
Rhat values for alpha, beta, log(sigma^2), mean(xi), log(var(xi)), atanh(corr(xi, eta)):
[1.01001559 1.01589053 1.25766587 1.00498085 1.00004171 1.27730182]

Iteration:  4900
Rhat values for alpha, beta, log(sigma^2), mean(xi), log(var(xi)), atanh(corr(xi, eta)):
[1.01004906 1.01570937 1.26355073 1.00444797 0.99999681 1.27917921]

Iteration:  5000
Rhat values for alpha, beta, log(sigma^2), mean(xi), log(var(xi)), atanh(corr(xi, eta)):
[1.01059263 1.01585715 1.26078086 1.00461489 1.00001314 1.27827575]

Iteration:  5100
Rhat values for alpha, beta, log(sigma^2), mean(xi), log(var(xi)), atanh(corr(xi, eta)):
[1.01027879 1.01532991 1.25421002 1.00490779 1.0000344  1.27100418]

Iteration:  5200
Rhat values for alpha, beta, log(sigma^2), mean(xi), log(var(xi)), atanh(corr(xi, eta)):
[1.01120674 1.01615132 1.24783203 1.00542365 1.00003485 1.26697154]

Iteration:  5300
Rhat values for alpha, beta, log(sigma^2), mean(xi), log(var(xi)), atanh(corr(xi, eta)):
[1.01064045 1.01563617 1.23461052 1.00544673 1.00004615 1.25424726]

Iteration:  5400
Rhat values for alpha, beta, log(sigma^2), mean(xi), log(var(xi)), atanh(corr(xi, eta)):
[1.00989205 1.01485455 1.222112   1.00590451 1.00009683 1.24240998]

Iteration:  5500
Rhat values for alpha, beta, log(sigma^2), mean(xi), log(var(xi)), atanh(corr(xi, eta)):
[1.00983178 1.01509342 1.2164949  1.00663071 1.00010791 1.23754761]

Iteration:  5600
Rhat values for alpha, beta, log(sigma^2), mean(xi), log(var(xi)), atanh(corr(xi, eta)):
[1.00954707 1.01486501 1.21193483 1.00684295 1.00016278 1.23526987]

Iteration:  5700
Rhat values for alpha, beta, log(sigma^2), mean(xi), log(var(xi)), atanh(corr(xi, eta)):
[1.00941175 1.01437841 1.20389376 1.00677191 1.0001549  1.22558854]

Iteration:  5800
Rhat values for alpha, beta, log(sigma^2), mean(xi), log(var(xi)), atanh(corr(xi, eta)):
[1.00920297 1.01361784 1.19579768 1.00628879 1.0001783  1.21537446]

Iteration:  5900
Rhat values for alpha, beta, log(sigma^2), mean(xi), log(var(xi)), atanh(corr(xi, eta)):
[1.0084217  1.01200556 1.18420508 1.00637051 1.00018892 1.19429195]

Iteration:  6000
Rhat values for alpha, beta, log(sigma^2), mean(xi), log(var(xi)), atanh(corr(xi, eta)):
[1.00811127 1.01165755 1.1724947  1.00576295 1.00019072 1.18277701]

Iteration:  6100
Rhat values for alpha, beta, log(sigma^2), mean(xi), log(var(xi)), atanh(corr(xi, eta)):
[1.00895499 1.01262682 1.16132779 1.00605223 1.00024075 1.17460046]

Iteration:  6200
Rhat values for alpha, beta, log(sigma^2), mean(xi), log(var(xi)), atanh(corr(xi, eta)):
[1.00890717 1.01213489 1.14806632 1.00581958 1.00020543 1.16568466]

Iteration:  6300
Rhat values for alpha, beta, log(sigma^2), mean(xi), log(var(xi)), atanh(corr(xi, eta)):
[1.0086929  1.01190474 1.13625606 1.00603319 1.00021809 1.1589818 ]

Iteration:  6400
Rhat values for alpha, beta, log(sigma^2), mean(xi), log(var(xi)), atanh(corr(xi, eta)):
[1.00745215 1.0106133  1.12689235 1.00659864 1.00027671 1.14962695]

Iteration:  6500
Rhat values for alpha, beta, log(sigma^2), mean(xi), log(var(xi)), atanh(corr(xi, eta)):
[1.00742209 1.01040002 1.12176509 1.00670982 1.00026565 1.14185499]

Iteration:  6600
Rhat values for alpha, beta, log(sigma^2), mean(xi), log(var(xi)), atanh(corr(xi, eta)):
[1.00608115 1.00866427 1.11506179 1.00595353 1.00026065 1.13339337]

Iteration:  6700
Rhat values for alpha, beta, log(sigma^2), mean(xi), log(var(xi)), atanh(corr(xi, eta)):
[1.00550463 1.0076282  1.11037933 1.0064823  1.0002721  1.12554845]

Iteration:  6800
Rhat values for alpha, beta, log(sigma^2), mean(xi), log(var(xi)), atanh(corr(xi, eta)):
[1.00506202 1.00672112 1.10887155 1.00591799 1.00030279 1.12420894]

Iteration:  6900
Rhat values for alpha, beta, log(sigma^2), mean(xi), log(var(xi)), atanh(corr(xi, eta)):
[1.00493852 1.00616772 1.10422375 1.00537105 1.00026536 1.12016627]

Iteration:  7000
Rhat values for alpha, beta, log(sigma^2), mean(xi), log(var(xi)), atanh(corr(xi, eta)):
[1.00478912 1.00577574 1.09706992 1.00452484 1.00026317 1.11507291]

Iteration:  7100
Rhat values for alpha, beta, log(sigma^2), mean(xi), log(var(xi)), atanh(corr(xi, eta)):
[1.00498547 1.00557973 1.09154301 1.00412723 1.0003082  1.11045381]

Iteration:  7200
Rhat values for alpha, beta, log(sigma^2), mean(xi), log(var(xi)), atanh(corr(xi, eta)):
[1.00467563 1.0051458  1.086481   1.00397832 1.00026841 1.10479869]

Iteration:  7300
Rhat values for alpha, beta, log(sigma^2), mean(xi), log(var(xi)), atanh(corr(xi, eta)):
[1.00439435 1.00509656 1.08190641 1.00324228 1.00024026 1.10214196]

Iteration:  7400
Rhat values for alpha, beta, log(sigma^2), mean(xi), log(var(xi)), atanh(corr(xi, eta)):
[1.00405038 1.0045191  1.0784124  1.00333625 1.00024476 1.0969173 ]

Iteration:  7500
Rhat values for alpha, beta, log(sigma^2), mean(xi), log(var(xi)), atanh(corr(xi, eta)):
[1.00397421 1.00422631 1.07326752 1.00334424 1.00024595 1.0917427 ]

Iteration:  7600
Rhat values for alpha, beta, log(sigma^2), mean(xi), log(var(xi)), atanh(corr(xi, eta)):
[1.00349957 1.00336929 1.06974696 1.00318812 1.00023617 1.08520428]

Iteration:  7700
Rhat values for alpha, beta, log(sigma^2), mean(xi), log(var(xi)), atanh(corr(xi, eta)):
[1.0030768  1.00301621 1.06511468 1.00358849 1.00024968 1.08186394]

Iteration:  7800
Rhat values for alpha, beta, log(sigma^2), mean(xi), log(var(xi)), atanh(corr(xi, eta)):
[1.00262792 1.00244118 1.06231835 1.00412848 1.00025689 1.07747464]

Iteration:  7900
Rhat values for alpha, beta, log(sigma^2), mean(xi), log(var(xi)), atanh(corr(xi, eta)):
[1.00265939 1.00200345 1.06172328 1.00404674 1.00025574 1.07203064]

Iteration:  8000
Rhat values for alpha, beta, log(sigma^2), mean(xi), log(var(xi)), atanh(corr(xi, eta)):
[1.00289401 1.00226467 1.06121931 1.00421272 1.00027485 1.07001148]

Iteration:  8100
Rhat values for alpha, beta, log(sigma^2), mean(xi), log(var(xi)), atanh(corr(xi, eta)):
[1.00313802 1.00252943 1.06055339 1.00416192 1.0002666  1.06994151]

Iteration:  8200
Rhat values for alpha, beta, log(sigma^2), mean(xi), log(var(xi)), atanh(corr(xi, eta)):
[1.00307975 1.00245586 1.06131694 1.00446568 1.00029623 1.07098113]

Iteration:  8300
Rhat values for alpha, beta, log(sigma^2), mean(xi), log(var(xi)), atanh(corr(xi, eta)):
[1.00316534 1.00266398 1.06372062 1.00503472 1.00035883 1.07401909]

Iteration:  8400
Rhat values for alpha, beta, log(sigma^2), mean(xi), log(var(xi)), atanh(corr(xi, eta)):
[1.00260233 1.00233791 1.06579388 1.00509632 1.00011362 1.07562269]

Iteration:  8500
Rhat values for alpha, beta, log(sigma^2), mean(xi), log(var(xi)), atanh(corr(xi, eta)):
[1.0025645  1.00232181 1.06543142 1.00509265 1.00011627 1.07403416]

Iteration:  8600
Rhat values for alpha, beta, log(sigma^2), mean(xi), log(var(xi)), atanh(corr(xi, eta)):
[1.00284145 1.00251394 1.06467124 1.00510739 1.00011873 1.07248822]

Iteration:  8700
Rhat values for alpha, beta, log(sigma^2), mean(xi), log(var(xi)), atanh(corr(xi, eta)):
[1.00312868 1.00255661 1.06387936 1.00522657 1.00011882 1.07031225]

Iteration:  8800
Rhat values for alpha, beta, log(sigma^2), mean(xi), log(var(xi)), atanh(corr(xi, eta)):
[1.0024501  1.00216885 1.06272338 1.00501142 1.00011955 1.06970036]

Iteration:  8900
Rhat values for alpha, beta, log(sigma^2), mean(xi), log(var(xi)), atanh(corr(xi, eta)):
[1.00249741 1.00221555 1.06197202 1.00491861 1.00011974 1.06894952]

Iteration:  9000
Rhat values for alpha, beta, log(sigma^2), mean(xi), log(var(xi)), atanh(corr(xi, eta)):
[1.00262063 1.00245484 1.06196606 1.00499338 1.00012055 1.06877745]

Iteration:  9100
Rhat values for alpha, beta, log(sigma^2), mean(xi), log(var(xi)), atanh(corr(xi, eta)):
[1.00288873 1.00278588 1.06110285 1.00523606 1.00012323 1.06751503]

Iteration:  9200
Rhat values for alpha, beta, log(sigma^2), mean(xi), log(var(xi)), atanh(corr(xi, eta)):
[1.00327241 1.00324807 1.06046949 1.0053083  1.00012185 1.06607692]

Iteration:  9300
Rhat values for alpha, beta, log(sigma^2), mean(xi), log(var(xi)), atanh(corr(xi, eta)):
[1.00363066 1.00382979 1.05823106 1.00526817 1.00011922 1.06493024]

Iteration:  9400
Rhat values for alpha, beta, log(sigma^2), mean(xi), log(var(xi)), atanh(corr(xi, eta)):
[1.00343037 1.00394578 1.05738726 1.00542223 1.0001141  1.06575821]

Iteration:  9500
Rhat values for alpha, beta, log(sigma^2), mean(xi), log(var(xi)), atanh(corr(xi, eta)):
[1.00348505 1.00430577 1.05819283 1.00466276 1.00011673 1.06763568]

Iteration:  9600
Rhat values for alpha, beta, log(sigma^2), mean(xi), log(var(xi)), atanh(corr(xi, eta)):
[1.00343111 1.00454989 1.05899853 1.00413031 1.00009596 1.06911088]

Iteration:  9700
Rhat values for alpha, beta, log(sigma^2), mean(xi), log(var(xi)), atanh(corr(xi, eta)):
[1.00381199 1.00530848 1.06012536 1.00395213 1.00010196 1.07187781]

Iteration:  9800
Rhat values for alpha, beta, log(sigma^2), mean(xi), log(var(xi)), atanh(corr(xi, eta)):
[1.00365639 1.00547468 1.06201571 1.00415672 1.00010338 1.07385218]

Iteration:  9900
Rhat values for alpha, beta, log(sigma^2), mean(xi), log(var(xi)), atanh(corr(xi, eta)):
[1.00365484 1.00554789 1.06344006 1.00423356 1.00010053 1.07563963]

Iteration:  10000
Rhat values for alpha, beta, log(sigma^2), mean(xi), log(var(xi)), atanh(corr(xi, eta)):
[1.0031492  1.00503197 1.06448845 1.00423671 0.99996277 1.0765964 ]

Iteration:  10100
Rhat values for alpha, beta, log(sigma^2), mean(xi), log(var(xi)), atanh(corr(xi, eta)):
[1.00347899 1.00546113 1.06491192 1.00385319 0.99996348 1.07781817]

Iteration:  10200
Rhat values for alpha, beta, log(sigma^2), mean(xi), log(var(xi)), atanh(corr(xi, eta)):
[1.00366464 1.0054373  1.06440798 1.0039907  0.9999648  1.07675879]

Iteration:  10300
Rhat values for alpha, beta, log(sigma^2), mean(xi), log(var(xi)), atanh(corr(xi, eta)):
[1.0042324  1.00563628 1.06179879 1.00401858 0.99996445 1.07485228]

Iteration:  10400
Rhat values for alpha, beta, log(sigma^2), mean(xi), log(var(xi)), atanh(corr(xi, eta)):
[1.00473119 1.00604925 1.05998828 1.00408379 0.99996464 1.07319659]

Iteration:  10500
Rhat values for alpha, beta, log(sigma^2), mean(xi), log(var(xi)), atanh(corr(xi, eta)):
[1.00516921 1.00633035 1.05941059 1.00408622 0.99996461 1.06986838]

Iteration:  10600
Rhat values for alpha, beta, log(sigma^2), mean(xi), log(var(xi)), atanh(corr(xi, eta)):
[1.00517318 1.00639525 1.05897952 1.00380751 0.99996497 1.06900903]

Iteration:  10700
Rhat values for alpha, beta, log(sigma^2), mean(xi), log(var(xi)), atanh(corr(xi, eta)):
[1.00514123 1.00618873 1.05781452 1.00387121 0.99996538 1.06677695]

Iteration:  10800
Rhat values for alpha, beta, log(sigma^2), mean(xi), log(var(xi)), atanh(corr(xi, eta)):
[1.00519377 1.00602551 1.05777433 1.00365403 0.99996603 1.06534739]

Iteration:  10900
Rhat values for alpha, beta, log(sigma^2), mean(xi), log(var(xi)), atanh(corr(xi, eta)):
[1.00534004 1.0060242  1.05773085 1.00338924 0.99996565 1.06379994]

Iteration:  11000
Rhat values for alpha, beta, log(sigma^2), mean(xi), log(var(xi)), atanh(corr(xi, eta)):
[1.00501021 1.00521791 1.05786741 1.00350651 0.99996497 1.06060242]

Iteration:  11100
Rhat values for alpha, beta, log(sigma^2), mean(xi), log(var(xi)), atanh(corr(xi, eta)):
[1.00482386 1.0047871  1.05789255 1.00346012 0.99996532 1.05668854]

Iteration:  11200
Rhat values for alpha, beta, log(sigma^2), mean(xi), log(var(xi)), atanh(corr(xi, eta)):
[1.0044267  1.00425024 1.05790547 1.00374611 0.99996604 1.05276165]

Iteration:  11300
Rhat values for alpha, beta, log(sigma^2), mean(xi), log(var(xi)), atanh(corr(xi, eta)):
[1.00387391 1.00363885 1.05892317 1.00382717 0.99994451 1.05022671]

Iteration:  11400
Rhat values for alpha, beta, log(sigma^2), mean(xi), log(var(xi)), atanh(corr(xi, eta)):
[1.00361173 1.00340328 1.05977532 1.00356727 0.9999422  1.0502725 ]

Iteration:  11500
Rhat values for alpha, beta, log(sigma^2), mean(xi), log(var(xi)), atanh(corr(xi, eta)):
[1.00327064 1.00317733 1.05964417 1.00347582 0.99994407 1.04980504]

Iteration:  11600
Rhat values for alpha, beta, log(sigma^2), mean(xi), log(var(xi)), atanh(corr(xi, eta)):
[1.00322319 1.00312236 1.05893063 1.00333448 0.99994476 1.0492043 ]

Iteration:  11700
Rhat values for alpha, beta, log(sigma^2), mean(xi), log(var(xi)), atanh(corr(xi, eta)):
[1.00296613 1.0028157  1.05896297 1.00363909 0.99994502 1.04852074]

Iteration:  11800
Rhat values for alpha, beta, log(sigma^2), mean(xi), log(var(xi)), atanh(corr(xi, eta)):
[1.00281384 1.0026133  1.05915624 1.00354854 0.99994642 1.04773888]

Iteration:  11900
Rhat values for alpha, beta, log(sigma^2), mean(xi), log(var(xi)), atanh(corr(xi, eta)):
[1.00278738 1.00253146 1.06018512 1.00352332 0.99994714 1.04820042]

Iteration:  12000
Rhat values for alpha, beta, log(sigma^2), mean(xi), log(var(xi)), atanh(corr(xi, eta)):
[1.00301553 1.002601   1.06117232 1.00408209 0.99994661 1.04870187]

Iteration:  12100
Rhat values for alpha, beta, log(sigma^2), mean(xi), log(var(xi)), atanh(corr(xi, eta)):
[1.00314432 1.00279291 1.06295482 1.00452671 0.9999463  1.05079055]

Iteration:  12200
Rhat values for alpha, beta, log(sigma^2), mean(xi), log(var(xi)), atanh(corr(xi, eta)):
[1.00310773 1.00275143 1.06360176 1.00505006 0.99994673 1.05182732]

Iteration:  12300
Rhat values for alpha, beta, log(sigma^2), mean(xi), log(var(xi)), atanh(corr(xi, eta)):
[1.00309714 1.00265814 1.06447949 1.0048732  0.99994727 1.05300126]

Iteration:  12400
Rhat values for alpha, beta, log(sigma^2), mean(xi), log(var(xi)), atanh(corr(xi, eta)):
[1.00296668 1.00249729 1.0634757  1.00478102 1.00001203 1.05219063]

Iteration:  12500
Rhat values for alpha, beta, log(sigma^2), mean(xi), log(var(xi)), atanh(corr(xi, eta)):
[1.00296908 1.00244395 1.05998244 1.00471544 1.00001186 1.04974026]

Iteration:  12600
Rhat values for alpha, beta, log(sigma^2), mean(xi), log(var(xi)), atanh(corr(xi, eta)):
[1.00311852 1.00252968 1.05509247 1.00485595 1.00001082 1.04656614]

Iteration:  12700
Rhat values for alpha, beta, log(sigma^2), mean(xi), log(var(xi)), atanh(corr(xi, eta)):
[1.00309119 1.00251702 1.0519206  1.00486683 1.00000997 1.04520663]

Iteration:  12800
Rhat values for alpha, beta, log(sigma^2), mean(xi), log(var(xi)), atanh(corr(xi, eta)):
[1.00326542 1.00259309 1.05143055 1.00449835 1.00001    1.04349164]

Iteration:  12900
Rhat values for alpha, beta, log(sigma^2), mean(xi), log(var(xi)), atanh(corr(xi, eta)):
[1.00301157 1.00238384 1.05118566 1.00438287 1.00000911 1.04071862]

Iteration:  13000
Rhat values for alpha, beta, log(sigma^2), mean(xi), log(var(xi)), atanh(corr(xi, eta)):
[1.00278446 1.00219005 1.04996334 1.00439715 1.00000432 1.03972442]

Iteration:  13100
Rhat values for alpha, beta, log(sigma^2), mean(xi), log(var(xi)), atanh(corr(xi, eta)):
[1.00230405 1.00185311 1.05000685 1.00438835 1.00000309 1.03883192]

Iteration:  13200
Rhat values for alpha, beta, log(sigma^2), mean(xi), log(var(xi)), atanh(corr(xi, eta)):
[1.00221575 1.00179797 1.04984671 1.00463075 1.00000263 1.03955984]

Iteration:  13300
Rhat values for alpha, beta, log(sigma^2), mean(xi), log(var(xi)), atanh(corr(xi, eta)):
[1.00237087 1.00195208 1.04904445 1.00430654 1.00000554 1.04010454]

Iteration:  13400
Rhat values for alpha, beta, log(sigma^2), mean(xi), log(var(xi)), atanh(corr(xi, eta)):
[1.00274805 1.00215481 1.04741377 1.00439276 1.00000595 1.03932614]

Iteration:  13500
Rhat values for alpha, beta, log(sigma^2), mean(xi), log(var(xi)), atanh(corr(xi, eta)):
[1.00307159 1.00237939 1.04569823 1.004197   1.0000062  1.0385531 ]

Iteration:  13600
Rhat values for alpha, beta, log(sigma^2), mean(xi), log(var(xi)), atanh(corr(xi, eta)):
[1.00332188 1.00271014 1.04486561 1.00437304 1.00000589 1.03890844]

Iteration:  13700
Rhat values for alpha, beta, log(sigma^2), mean(xi), log(var(xi)), atanh(corr(xi, eta)):
[1.00319287 1.00274508 1.0440603  1.0041735  1.00000535 1.03939585]

Iteration:  13800
Rhat values for alpha, beta, log(sigma^2), mean(xi), log(var(xi)), atanh(corr(xi, eta)):
[1.00300426 1.00268089 1.04214768 1.00412646 1.00000567 1.03833253]

Iteration:  13900
Rhat values for alpha, beta, log(sigma^2), mean(xi), log(var(xi)), atanh(corr(xi, eta)):
[1.00291905 1.00267284 1.03927136 1.00396217 1.0000075  1.03584495]

Iteration:  14000
Rhat values for alpha, beta, log(sigma^2), mean(xi), log(var(xi)), atanh(corr(xi, eta)):
[1.00290852 1.00272044 1.03822164 1.00373928 1.0000085  1.0351481 ]

Iteration:  14100
Rhat values for alpha, beta, log(sigma^2), mean(xi), log(var(xi)), atanh(corr(xi, eta)):
[1.00294923 1.00277064 1.03807388 1.00356703 1.00000882 1.03548594]

Iteration:  14200
Rhat values for alpha, beta, log(sigma^2), mean(xi), log(var(xi)), atanh(corr(xi, eta)):
[1.00275415 1.00265596 1.03776029 1.00359022 1.00000936 1.0354149 ]

Iteration:  14300
Rhat values for alpha, beta, log(sigma^2), mean(xi), log(var(xi)), atanh(corr(xi, eta)):
[1.00225966 1.00228074 1.03855569 1.00362975 1.00000869 1.03590725]

Iteration:  14400
Rhat values for alpha, beta, log(sigma^2), mean(xi), log(var(xi)), atanh(corr(xi, eta)):
[1.00183897 1.00185286 1.04018124 1.00361738 1.00000738 1.03711517]

Iteration:  14500
Rhat values for alpha, beta, log(sigma^2), mean(xi), log(var(xi)), atanh(corr(xi, eta)):
[1.00152451 1.00153467 1.04131741 1.00356789 1.00000723 1.03779596]

Iteration:  14600
Rhat values for alpha, beta, log(sigma^2), mean(xi), log(var(xi)), atanh(corr(xi, eta)):
[1.00157139 1.00149308 1.04254513 1.00364152 1.00000724 1.03913513]

Iteration:  14700
Rhat values for alpha, beta, log(sigma^2), mean(xi), log(var(xi)), atanh(corr(xi, eta)):
[1.00151109 1.00136559 1.04423685 1.00379441 1.00000645 1.04003194]

Iteration:  14800
Rhat values for alpha, beta, log(sigma^2), mean(xi), log(var(xi)), atanh(corr(xi, eta)):
[1.00122657 1.00101475 1.04535796 1.00361116 1.00000581 1.03956153]

Iteration:  14900
Rhat values for alpha, beta, log(sigma^2), mean(xi), log(var(xi)), atanh(corr(xi, eta)):
[1.001158   1.00087832 1.04550843 1.00349398 1.00000452 1.03913214]

Iteration:  15000
Rhat values for alpha, beta, log(sigma^2), mean(xi), log(var(xi)), atanh(corr(xi, eta)):
[1.00117061 1.00086922 1.04511417 1.00376147 1.00000338 1.03921391]

Iteration:  15100
Rhat values for alpha, beta, log(sigma^2), mean(xi), log(var(xi)), atanh(corr(xi, eta)):
[1.0010348  1.00070687 1.04464298 1.00362405 1.00000313 1.03815745]

Iteration:  15200
Rhat values for alpha, beta, log(sigma^2), mean(xi), log(var(xi)), atanh(corr(xi, eta)):
[1.00094737 1.00060665 1.04491371 1.00348302 1.00000353 1.03753752]

Iteration:  15300
Rhat values for alpha, beta, log(sigma^2), mean(xi), log(var(xi)), atanh(corr(xi, eta)):
[1.00087412 1.00055341 1.04469025 1.00347189 1.00000374 1.03707196]

Iteration:  15400
Rhat values for alpha, beta, log(sigma^2), mean(xi), log(var(xi)), atanh(corr(xi, eta)):
[1.00074066 1.00053094 1.04378187 1.00348014 1.00000306 1.03697561]

Iteration:  15500
Rhat values for alpha, beta, log(sigma^2), mean(xi), log(var(xi)), atanh(corr(xi, eta)):
[1.00054607 1.00043302 1.04224572 1.0034316  1.00000244 1.03649347]

Iteration:  15600
Rhat values for alpha, beta, log(sigma^2), mean(xi), log(var(xi)), atanh(corr(xi, eta)):
[1.00037337 1.00033411 1.0411736  1.00351859 1.0000021  1.03561287]

Iteration:  15700
Rhat values for alpha, beta, log(sigma^2), mean(xi), log(var(xi)), atanh(corr(xi, eta)):
[1.00029473 1.00034056 1.03997558 1.00341734 1.00000267 1.03517034]

Iteration:  15800
Rhat values for alpha, beta, log(sigma^2), mean(xi), log(var(xi)), atanh(corr(xi, eta)):
[1.00022726 1.00033676 1.0375483  1.003427   1.00000303 1.03432842]

Iteration:  15900
Rhat values for alpha, beta, log(sigma^2), mean(xi), log(var(xi)), atanh(corr(xi, eta)):
[1.00023597 1.00043374 1.03548961 1.00326691 1.00000324 1.03358732]

Iteration:  16000
Rhat values for alpha, beta, log(sigma^2), mean(xi), log(var(xi)), atanh(corr(xi, eta)):
[1.00024975 1.00046941 1.03443167 1.0031887  1.00000337 1.03313372]

Iteration:  16100
Rhat values for alpha, beta, log(sigma^2), mean(xi), log(var(xi)), atanh(corr(xi, eta)):
[1.00026363 1.00044831 1.03432437 1.00318528 1.00000436 1.03285193]

Iteration:  16200
Rhat values for alpha, beta, log(sigma^2), mean(xi), log(var(xi)), atanh(corr(xi, eta)):
[1.00027004 1.00040347 1.03485615 1.00318709 1.00000432 1.0330173 ]

Iteration:  16300
Rhat values for alpha, beta, log(sigma^2), mean(xi), log(var(xi)), atanh(corr(xi, eta)):
[1.00031472 1.00040043 1.03588345 1.00293526 1.00000413 1.03394094]

Iteration:  16400
Rhat values for alpha, beta, log(sigma^2), mean(xi), log(var(xi)), atanh(corr(xi, eta)):
[1.00037184 1.00034924 1.03670439 1.00285706 0.99997375 1.03441351]

Iteration:  16500
Rhat values for alpha, beta, log(sigma^2), mean(xi), log(var(xi)), atanh(corr(xi, eta)):
[1.00042099 1.00036726 1.0380815  1.00277084 0.99997015 1.03571087]

Iteration:  16600
Rhat values for alpha, beta, log(sigma^2), mean(xi), log(var(xi)), atanh(corr(xi, eta)):
[1.00048413 1.00037218 1.03985544 1.00270104 0.99997062 1.03713522]

Iteration:  16700
Rhat values for alpha, beta, log(sigma^2), mean(xi), log(var(xi)), atanh(corr(xi, eta)):
[1.0004397  1.00027739 1.04120747 1.00276234 0.99997121 1.03695514]

Iteration:  16800
Rhat values for alpha, beta, log(sigma^2), mean(xi), log(var(xi)), atanh(corr(xi, eta)):
[1.00044328 1.00018457 1.04300267 1.00273982 0.99997129 1.03735834]

Iteration:  16900
Rhat values for alpha, beta, log(sigma^2), mean(xi), log(var(xi)), atanh(corr(xi, eta)):
[1.00042745 1.00011606 1.04416639 1.00259634 0.99997205 1.03700928]

Iteration:  17000
Rhat values for alpha, beta, log(sigma^2), mean(xi), log(var(xi)), atanh(corr(xi, eta)):
[1.00042764 1.00009006 1.04440599 1.00260205 0.99997213 1.03679573]

Iteration:  17100
Rhat values for alpha, beta, log(sigma^2), mean(xi), log(var(xi)), atanh(corr(xi, eta)):
[1.00050568 1.00008704 1.04455034 1.00258752 0.99997276 1.03692518]

Iteration:  17200
Rhat values for alpha, beta, log(sigma^2), mean(xi), log(var(xi)), atanh(corr(xi, eta)):
[1.00066072 1.00014767 1.04439417 1.00252907 0.99997287 1.03690807]

Iteration:  17300
Rhat values for alpha, beta, log(sigma^2), mean(xi), log(var(xi)), atanh(corr(xi, eta)):
[1.00080005 1.00025174 1.04338973 1.00238685 0.99997343 1.03664437]

Iteration:  17400
Rhat values for alpha, beta, log(sigma^2), mean(xi), log(var(xi)), atanh(corr(xi, eta)):
[1.00086906 1.00036421 1.04310279 1.00248229 0.9999735  1.0367977 ]

Iteration:  17500
Rhat values for alpha, beta, log(sigma^2), mean(xi), log(var(xi)), atanh(corr(xi, eta)):
[1.00108309 1.00061019 1.04240116 1.00252556 0.99997372 1.03703265]

Iteration:  17600
Rhat values for alpha, beta, log(sigma^2), mean(xi), log(var(xi)), atanh(corr(xi, eta)):
[1.00141283 1.00090536 1.04075744 1.00261704 0.99997382 1.03739613]

Iteration:  17700
Rhat values for alpha, beta, log(sigma^2), mean(xi), log(var(xi)), atanh(corr(xi, eta)):
[1.00168892 1.00116581 1.04023879 1.00271777 0.99997382 1.03851353]

Iteration:  17800
Rhat values for alpha, beta, log(sigma^2), mean(xi), log(var(xi)), atanh(corr(xi, eta)):
[1.00214888 1.00154376 1.04004937 1.0026673  0.99997395 1.04003821]

Iteration:  17900
Rhat values for alpha, beta, log(sigma^2), mean(xi), log(var(xi)), atanh(corr(xi, eta)):
[1.00252532 1.00185273 1.04042419 1.0025795  0.99997429 1.04159791]

Iteration:  18000
Rhat values for alpha, beta, log(sigma^2), mean(xi), log(var(xi)), atanh(corr(xi, eta)):
[1.00284335 1.00213658 1.04095893 1.00268388 0.99997521 1.04309658]

Iteration:  18100
Rhat values for alpha, beta, log(sigma^2), mean(xi), log(var(xi)), atanh(corr(xi, eta)):
[1.00305834 1.00231607 1.04134937 1.00263011 0.99997537 1.0447152 ]

Iteration:  18200
Rhat values for alpha, beta, log(sigma^2), mean(xi), log(var(xi)), atanh(corr(xi, eta)):
[1.00330967 1.00251275 1.04167921 1.00278756 0.99997511 1.04592255]

Iteration:  18300
Rhat values for alpha, beta, log(sigma^2), mean(xi), log(var(xi)), atanh(corr(xi, eta)):
[1.00385949 1.00298671 1.04068859 1.00296095 0.99997518 1.0461668 ]

Iteration:  18400
Rhat values for alpha, beta, log(sigma^2), mean(xi), log(var(xi)), atanh(corr(xi, eta)):
[1.00423967 1.00339461 1.03913023 1.00307592 0.99997525 1.0457217 ]

Iteration:  18500
Rhat values for alpha, beta, log(sigma^2), mean(xi), log(var(xi)), atanh(corr(xi, eta)):
[1.00453653 1.00367874 1.03840225 1.00320583 0.99997567 1.04568949]

Iteration:  18600
Rhat values for alpha, beta, log(sigma^2), mean(xi), log(var(xi)), atanh(corr(xi, eta)):
[1.00458076 1.00367128 1.03813531 1.00315911 0.99997595 1.04581777]

Iteration:  18700
Rhat values for alpha, beta, log(sigma^2), mean(xi), log(var(xi)), atanh(corr(xi, eta)):
[1.00477532 1.0038313  1.03908627 1.0032592  0.99997642 1.04718607]

Iteration:  18800
Rhat values for alpha, beta, log(sigma^2), mean(xi), log(var(xi)), atanh(corr(xi, eta)):
[1.00491637 1.0040153  1.03961898 1.00353    0.99997653 1.04808958]

Iteration:  18900
Rhat values for alpha, beta, log(sigma^2), mean(xi), log(var(xi)), atanh(corr(xi, eta)):
[1.00499467 1.00414404 1.04056018 1.00359089 0.99997591 1.04932424]

Iteration:  19000
Rhat values for alpha, beta, log(sigma^2), mean(xi), log(var(xi)), atanh(corr(xi, eta)):
[1.00497179 1.0041014  1.04141214 1.00369443 0.99997621 1.0501576 ]

Iteration:  19100
Rhat values for alpha, beta, log(sigma^2), mean(xi), log(var(xi)), atanh(corr(xi, eta)):
[1.00507537 1.00421315 1.04252931 1.00329185 0.99997677 1.0512404 ]

Iteration:  19200
Rhat values for alpha, beta, log(sigma^2), mean(xi), log(var(xi)), atanh(corr(xi, eta)):
[1.0047004  1.00384372 1.0428068  1.00325686 0.99997694 1.05072348]

Iteration:  19300
Rhat values for alpha, beta, log(sigma^2), mean(xi), log(var(xi)), atanh(corr(xi, eta)):
[1.00430815 1.00354776 1.04351013 1.00313966 0.99997712 1.05030539]

Iteration:  19400
Rhat values for alpha, beta, log(sigma^2), mean(xi), log(var(xi)), atanh(corr(xi, eta)):
[1.00391858 1.00329761 1.04362382 1.00307684 0.99997749 1.04989838]

Iteration:  19500
Rhat values for alpha, beta, log(sigma^2), mean(xi), log(var(xi)), atanh(corr(xi, eta)):
[1.00388703 1.00335291 1.04312846 1.00305464 0.99997698 1.04977049]

Iteration:  19600
Rhat values for alpha, beta, log(sigma^2), mean(xi), log(var(xi)), atanh(corr(xi, eta)):
[1.00387739 1.0033339  1.04249833 1.00310787 0.99997704 1.04915769]

Iteration:  19700
Rhat values for alpha, beta, log(sigma^2), mean(xi), log(var(xi)), atanh(corr(xi, eta)):
[1.00394795 1.00344987 1.04251675 1.00276026 0.99997724 1.04939658]

Iteration:  19800
Rhat values for alpha, beta, log(sigma^2), mean(xi), log(var(xi)), atanh(corr(xi, eta)):
[1.0041019  1.00356539 1.04290662 1.00264384 0.99997732 1.04994542]

Iteration:  19900
Rhat values for alpha, beta, log(sigma^2), mean(xi), log(var(xi)), atanh(corr(xi, eta)):
[1.00422647 1.00367077 1.04286582 1.00257787 0.9999773  1.04987358]

Iteration:  20000
Rhat values for alpha, beta, log(sigma^2), mean(xi), log(var(xi)), atanh(corr(xi, eta)):
[1.00452915 1.0039441  1.04255187 1.00260323 0.99997782 1.04996656]
{"name": "R19_first_hr_tripp_error_no_covadd_0.35", "n": 192, "mean": -0.023627774478057927, "sd": 0.011590881125523141, "median": -0.02365427865773058, "q16_84": [-0.03479946619511369, -0.012503661244291465], "q025_975": [-0.04661988326726076, -0.0008173228777072236], "p_negative": 0.978, "scatter_mean": 0.027749134515561127, "retained_draws": 40000, "seed": 20260935, "rhat_retained": {"alpha": 1.0157847742054635, "beta": 1.0175145063537239, "sigsqr": 1.0120200339294927}}
START C25_G11_hr_C25 199

Iteration:  100
Rhat values for alpha, beta, log(sigma^2), mean(xi), log(var(xi)), atanh(corr(xi, eta)):
[1.13379938 1.12121584 1.0361614  1.16645059 1.39294318 1.13969682]

Iteration:  200
Rhat values for alpha, beta, log(sigma^2), mean(xi), log(var(xi)), atanh(corr(xi, eta)):
[1.10839803 1.10935564 1.06298221 1.10301573 1.26452809 1.10142463]

Iteration:  300
Rhat values for alpha, beta, log(sigma^2), mean(xi), log(var(xi)), atanh(corr(xi, eta)):
[1.07615602 1.07918699 1.03663945 1.04762759 1.00002394 1.05710169]

Iteration:  400
Rhat values for alpha, beta, log(sigma^2), mean(xi), log(var(xi)), atanh(corr(xi, eta)):
[1.03397764 1.03620218 1.01246455 1.03397229 1.00179632 1.02421709]

Iteration:  500
Rhat values for alpha, beta, log(sigma^2), mean(xi), log(var(xi)), atanh(corr(xi, eta)):
[1.0237985  1.02150363 1.00332792 1.01418628 1.00152397 1.01321536]

Iteration:  600
Rhat values for alpha, beta, log(sigma^2), mean(xi), log(var(xi)), atanh(corr(xi, eta)):
[1.02620898 1.0237632  1.00934747 1.00870303 1.00145519 1.0159456 ]

Iteration:  700
Rhat values for alpha, beta, log(sigma^2), mean(xi), log(var(xi)), atanh(corr(xi, eta)):
[1.01273444 1.01009767 0.99901788 1.01416883 1.00101458 1.00164417]

Iteration:  800
Rhat values for alpha, beta, log(sigma^2), mean(xi), log(var(xi)), atanh(corr(xi, eta)):
[1.0098115  1.00829012 1.00033684 1.01331161 1.00069264 1.00174726]

Iteration:  900
Rhat values for alpha, beta, log(sigma^2), mean(xi), log(var(xi)), atanh(corr(xi, eta)):
[1.0085337  1.00785716 0.99984253 1.01110377 1.00091111 1.00111345]

Iteration:  1000
Rhat values for alpha, beta, log(sigma^2), mean(xi), log(var(xi)), atanh(corr(xi, eta)):
[1.00663252 1.005546   0.99927738 1.00732018 1.00110193 1.00119522]

Iteration:  1100
Rhat values for alpha, beta, log(sigma^2), mean(xi), log(var(xi)), atanh(corr(xi, eta)):
[1.01132819 1.01012316 1.00214505 1.00677237 1.00120049 1.00266677]

Iteration:  1200
Rhat values for alpha, beta, log(sigma^2), mean(xi), log(var(xi)), atanh(corr(xi, eta)):
[1.00941586 1.00899497 1.00292399 1.00645892 1.00117322 1.00189798]

Iteration:  1300
Rhat values for alpha, beta, log(sigma^2), mean(xi), log(var(xi)), atanh(corr(xi, eta)):
[1.01001259 1.01009787 1.00329071 1.00553314 1.00105339 1.002777  ]

Iteration:  1400
Rhat values for alpha, beta, log(sigma^2), mean(xi), log(var(xi)), atanh(corr(xi, eta)):
[1.0070226  1.00744592 1.00350827 1.00489949 1.0008199  1.00194725]

Iteration:  1500
Rhat values for alpha, beta, log(sigma^2), mean(xi), log(var(xi)), atanh(corr(xi, eta)):
[1.00341407 1.00403873 1.00188214 1.00694516 1.00086285 1.00096329]

Iteration:  1600
Rhat values for alpha, beta, log(sigma^2), mean(xi), log(var(xi)), atanh(corr(xi, eta)):
[1.002884   1.0031522  1.00138979 1.0074529  1.00073308 1.00095006]

Iteration:  1700
Rhat values for alpha, beta, log(sigma^2), mean(xi), log(var(xi)), atanh(corr(xi, eta)):
[1.00469782 1.00510748 1.00454148 1.00727443 1.00065068 1.00352114]

Iteration:  1800
Rhat values for alpha, beta, log(sigma^2), mean(xi), log(var(xi)), atanh(corr(xi, eta)):
[1.00487571 1.00461609 1.00269383 1.00587583 1.00068787 1.00313287]

Iteration:  1900
Rhat values for alpha, beta, log(sigma^2), mean(xi), log(var(xi)), atanh(corr(xi, eta)):
[1.00358705 1.00329369 1.00338016 1.00534229 1.00048078 1.00235428]

Iteration:  2000
Rhat values for alpha, beta, log(sigma^2), mean(xi), log(var(xi)), atanh(corr(xi, eta)):
[1.00255701 1.00212713 1.00335589 1.0033096  0.99999944 1.00118128]

Iteration:  2100
Rhat values for alpha, beta, log(sigma^2), mean(xi), log(var(xi)), atanh(corr(xi, eta)):
[1.00219858 1.00173789 1.00331519 1.00216108 1.00000008 1.00088943]

Iteration:  2200
Rhat values for alpha, beta, log(sigma^2), mean(xi), log(var(xi)), atanh(corr(xi, eta)):
[1.00098374 1.00055193 1.00423378 1.00188251 1.00004533 1.0017049 ]

Iteration:  2300
Rhat values for alpha, beta, log(sigma^2), mean(xi), log(var(xi)), atanh(corr(xi, eta)):
[1.0015632  1.00101148 1.00450077 1.00164064 1.00003883 1.00123795]

Iteration:  2400
Rhat values for alpha, beta, log(sigma^2), mean(xi), log(var(xi)), atanh(corr(xi, eta)):
[1.00073012 1.0003486  1.00399728 1.0009577  1.00003615 1.00093179]

Iteration:  2500
Rhat values for alpha, beta, log(sigma^2), mean(xi), log(var(xi)), atanh(corr(xi, eta)):
[1.00131599 1.00079802 1.00394848 1.00061894 1.00003059 1.00111312]

Iteration:  2600
Rhat values for alpha, beta, log(sigma^2), mean(xi), log(var(xi)), atanh(corr(xi, eta)):
[1.0028968  1.00239319 1.00348247 1.00076141 1.00002886 1.00147719]

Iteration:  2700
Rhat values for alpha, beta, log(sigma^2), mean(xi), log(var(xi)), atanh(corr(xi, eta)):
[1.00258196 1.00202212 1.00263588 1.0003525  1.0000279  1.00119794]

Iteration:  2800
Rhat values for alpha, beta, log(sigma^2), mean(xi), log(var(xi)), atanh(corr(xi, eta)):
[1.00159214 1.00116859 1.002522   1.00051538 1.00003038 1.00087065]

Iteration:  2900
Rhat values for alpha, beta, log(sigma^2), mean(xi), log(var(xi)), atanh(corr(xi, eta)):
[1.0020007  1.00144465 1.00201708 1.0004532  1.0000287  1.00111882]

Iteration:  3000
Rhat values for alpha, beta, log(sigma^2), mean(xi), log(var(xi)), atanh(corr(xi, eta)):
[1.00229493 1.00160086 1.00264375 1.00150862 1.00003034 1.00139202]

Iteration:  3100
Rhat values for alpha, beta, log(sigma^2), mean(xi), log(var(xi)), atanh(corr(xi, eta)):
[1.00200961 1.00114269 1.00324846 1.00192117 1.00002666 1.00185599]

Iteration:  3200
Rhat values for alpha, beta, log(sigma^2), mean(xi), log(var(xi)), atanh(corr(xi, eta)):
[1.0023634  1.00150993 1.00366033 1.00192833 1.0000222  1.00249213]

Iteration:  3300
Rhat values for alpha, beta, log(sigma^2), mean(xi), log(var(xi)), atanh(corr(xi, eta)):
[1.0025386  1.00157716 1.00380354 1.00177796 1.00001971 1.00287452]

Iteration:  3400
Rhat values for alpha, beta, log(sigma^2), mean(xi), log(var(xi)), atanh(corr(xi, eta)):
[1.0026344  1.00159338 1.00337878 1.00111689 1.00002024 1.00288303]

Iteration:  3500
Rhat values for alpha, beta, log(sigma^2), mean(xi), log(var(xi)), atanh(corr(xi, eta)):
[1.00299505 1.00183446 1.00328971 1.00131928 1.00002238 1.00342585]

Iteration:  3600
Rhat values for alpha, beta, log(sigma^2), mean(xi), log(var(xi)), atanh(corr(xi, eta)):
[1.00358697 1.0025052  1.00275483 1.0010171  1.00001956 1.00339032]

Iteration:  3700
Rhat values for alpha, beta, log(sigma^2), mean(xi), log(var(xi)), atanh(corr(xi, eta)):
[1.0024669  1.00151506 1.00231179 1.00082207 1.00001533 1.00219079]

Iteration:  3800
Rhat values for alpha, beta, log(sigma^2), mean(xi), log(var(xi)), atanh(corr(xi, eta)):
[1.0018378  1.00096387 1.00258935 1.00114721 1.00001543 1.00207762]

Iteration:  3900
Rhat values for alpha, beta, log(sigma^2), mean(xi), log(var(xi)), atanh(corr(xi, eta)):
[1.0013814  1.00065641 1.00275872 1.00221866 1.00001151 1.0020935 ]

Iteration:  4000
Rhat values for alpha, beta, log(sigma^2), mean(xi), log(var(xi)), atanh(corr(xi, eta)):
[1.0011236  1.00051719 1.00259342 1.00264675 1.00001083 1.00228007]

Iteration:  4100
Rhat values for alpha, beta, log(sigma^2), mean(xi), log(var(xi)), atanh(corr(xi, eta)):
[1.00084697 1.00026036 1.0026727  1.00297632 1.0000089  1.00180753]

Iteration:  4200
Rhat values for alpha, beta, log(sigma^2), mean(xi), log(var(xi)), atanh(corr(xi, eta)):
[1.00113186 1.00043155 1.00211369 1.00278538 1.00000894 1.00163064]

Iteration:  4300
Rhat values for alpha, beta, log(sigma^2), mean(xi), log(var(xi)), atanh(corr(xi, eta)):
[1.00136021 1.00061247 1.00197286 1.00238116 1.00000861 1.00176147]

Iteration:  4400
Rhat values for alpha, beta, log(sigma^2), mean(xi), log(var(xi)), atanh(corr(xi, eta)):
[1.00216862 1.00136345 1.00184378 1.00139795 1.00000883 1.00218118]

Iteration:  4500
Rhat values for alpha, beta, log(sigma^2), mean(xi), log(var(xi)), atanh(corr(xi, eta)):
[1.00263409 1.0018614  1.00238335 1.00089265 1.00000761 1.00298887]

Iteration:  4600
Rhat values for alpha, beta, log(sigma^2), mean(xi), log(var(xi)), atanh(corr(xi, eta)):
[1.00310002 1.00241611 1.00286503 1.00037463 1.00000657 1.003508  ]

Iteration:  4700
Rhat values for alpha, beta, log(sigma^2), mean(xi), log(var(xi)), atanh(corr(xi, eta)):
[1.0034887  1.00286679 1.00314571 1.00018481 1.00000652 1.0040041 ]

Iteration:  4800
Rhat values for alpha, beta, log(sigma^2), mean(xi), log(var(xi)), atanh(corr(xi, eta)):
[1.00333257 1.0027561  1.0021039  1.00013648 1.00000537 1.00305939]

Iteration:  4900
Rhat values for alpha, beta, log(sigma^2), mean(xi), log(var(xi)), atanh(corr(xi, eta)):
[1.00325731 1.00268051 1.00199411 1.00014765 1.00000396 1.00289741]

Iteration:  5000
Rhat values for alpha, beta, log(sigma^2), mean(xi), log(var(xi)), atanh(corr(xi, eta)):
[1.00339971 1.00282507 1.00196769 1.00013495 1.00000579 1.00291616]

Iteration:  5100
Rhat values for alpha, beta, log(sigma^2), mean(xi), log(var(xi)), atanh(corr(xi, eta)):
[1.00360691 1.00306193 1.00248311 0.99999372 1.00000851 1.00302086]

Iteration:  5200
Rhat values for alpha, beta, log(sigma^2), mean(xi), log(var(xi)), atanh(corr(xi, eta)):
[1.00395188 1.00343821 1.00340575 1.00000549 1.00001107 1.00345426]

Iteration:  5300
Rhat values for alpha, beta, log(sigma^2), mean(xi), log(var(xi)), atanh(corr(xi, eta)):
[1.00314505 1.0026855  1.00314105 1.00001382 1.0000092  1.00294038]

Iteration:  5400
Rhat values for alpha, beta, log(sigma^2), mean(xi), log(var(xi)), atanh(corr(xi, eta)):
[1.00320634 1.002787   1.00265599 0.99997182 1.00000748 1.00274934]

Iteration:  5500
Rhat values for alpha, beta, log(sigma^2), mean(xi), log(var(xi)), atanh(corr(xi, eta)):
[1.00312542 1.00277374 1.00302336 0.99993014 1.00000654 1.00297107]

Iteration:  5600
Rhat values for alpha, beta, log(sigma^2), mean(xi), log(var(xi)), atanh(corr(xi, eta)):
[1.0027884  1.00242533 1.00314187 1.00002164 1.00000593 1.00273689]

Iteration:  5700
Rhat values for alpha, beta, log(sigma^2), mean(xi), log(var(xi)), atanh(corr(xi, eta)):
[1.00215621 1.00173763 1.00289723 1.00029397 1.00000639 1.00226109]

Iteration:  5800
Rhat values for alpha, beta, log(sigma^2), mean(xi), log(var(xi)), atanh(corr(xi, eta)):
[1.00203704 1.00157189 1.0025483  1.00029865 1.00000641 1.0018592 ]

Iteration:  5900
Rhat values for alpha, beta, log(sigma^2), mean(xi), log(var(xi)), atanh(corr(xi, eta)):
[1.00214287 1.00165887 1.00231444 1.00016788 1.00002025 1.00180554]

Iteration:  6000
Rhat values for alpha, beta, log(sigma^2), mean(xi), log(var(xi)), atanh(corr(xi, eta)):
[1.00202741 1.00156513 1.00226013 1.00006273 1.00000636 1.0014596 ]

Iteration:  6100
Rhat values for alpha, beta, log(sigma^2), mean(xi), log(var(xi)), atanh(corr(xi, eta)):
[1.00207926 1.00166379 1.0021258  1.00012432 1.0000065  1.00151984]

Iteration:  6200
Rhat values for alpha, beta, log(sigma^2), mean(xi), log(var(xi)), atanh(corr(xi, eta)):
[1.00227083 1.00182466 1.00277098 1.00011162 1.00000604 1.00192614]

Iteration:  6300
Rhat values for alpha, beta, log(sigma^2), mean(xi), log(var(xi)), atanh(corr(xi, eta)):
[1.00189686 1.00153348 1.00188643 1.00000338 1.00000134 1.00135937]

Iteration:  6400
Rhat values for alpha, beta, log(sigma^2), mean(xi), log(var(xi)), atanh(corr(xi, eta)):
[1.00209616 1.00169061 1.00137423 0.99998699 1.00000051 1.00123058]

Iteration:  6500
Rhat values for alpha, beta, log(sigma^2), mean(xi), log(var(xi)), atanh(corr(xi, eta)):
[1.00237498 1.00195332 1.00160545 0.9999967  0.99999972 1.00159496]

Iteration:  6600
Rhat values for alpha, beta, log(sigma^2), mean(xi), log(var(xi)), atanh(corr(xi, eta)):
[1.0023966  1.00199868 1.00149705 1.00008328 0.9999997  1.00143384]

Iteration:  6700
Rhat values for alpha, beta, log(sigma^2), mean(xi), log(var(xi)), atanh(corr(xi, eta)):
[1.00235697 1.00197334 1.00127668 1.00005057 0.99999955 1.00125752]

Iteration:  6800
Rhat values for alpha, beta, log(sigma^2), mean(xi), log(var(xi)), atanh(corr(xi, eta)):
[1.00267599 1.00226848 1.00137509 1.00013587 1.00000148 1.00144823]

Iteration:  6900
Rhat values for alpha, beta, log(sigma^2), mean(xi), log(var(xi)), atanh(corr(xi, eta)):
[1.0021424  1.00169864 1.00112559 1.00005956 1.00000017 1.00101284]

Iteration:  7000
Rhat values for alpha, beta, log(sigma^2), mean(xi), log(var(xi)), atanh(corr(xi, eta)):
[1.00199866 1.00158691 1.00121576 1.00012806 1.0000014  1.00099488]

Iteration:  7100
Rhat values for alpha, beta, log(sigma^2), mean(xi), log(var(xi)), atanh(corr(xi, eta)):
[1.00173737 1.00133526 1.0009184  1.00015897 1.00000026 1.00084935]

Iteration:  7200
Rhat values for alpha, beta, log(sigma^2), mean(xi), log(var(xi)), atanh(corr(xi, eta)):
[1.00204062 1.00162156 1.00101777 1.00015956 1.00000032 1.00103643]

Iteration:  7300
Rhat values for alpha, beta, log(sigma^2), mean(xi), log(var(xi)), atanh(corr(xi, eta)):
[1.00200387 1.00161763 1.00106626 1.00005835 1.00000044 1.00089585]

Iteration:  7400
Rhat values for alpha, beta, log(sigma^2), mean(xi), log(var(xi)), atanh(corr(xi, eta)):
[1.0020722  1.00169905 1.00097403 0.99998868 0.99999977 1.00084351]

Iteration:  7500
Rhat values for alpha, beta, log(sigma^2), mean(xi), log(var(xi)), atanh(corr(xi, eta)):
[1.00223244 1.00187977 1.0012215  0.99995201 0.99999917 1.00105457]

Iteration:  7600
Rhat values for alpha, beta, log(sigma^2), mean(xi), log(var(xi)), atanh(corr(xi, eta)):
[1.0022825  1.00195174 1.0012984  0.9999564  0.99999773 1.00109001]

Iteration:  7700
Rhat values for alpha, beta, log(sigma^2), mean(xi), log(var(xi)), atanh(corr(xi, eta)):
[1.00287093 1.00252348 1.00123913 0.99996829 0.99999877 1.00121628]

Iteration:  7800
Rhat values for alpha, beta, log(sigma^2), mean(xi), log(var(xi)), atanh(corr(xi, eta)):
[1.00262616 1.0022742  1.00100231 0.9999622  0.99999973 1.00106957]

Iteration:  7900
Rhat values for alpha, beta, log(sigma^2), mean(xi), log(var(xi)), atanh(corr(xi, eta)):
[1.00227519 1.00191714 1.0008987  0.99997357 0.99999899 1.00082567]

Iteration:  8000
Rhat values for alpha, beta, log(sigma^2), mean(xi), log(var(xi)), atanh(corr(xi, eta)):
[1.00199743 1.00160979 1.00093501 0.99999299 0.99999797 1.00084295]

Iteration:  8100
Rhat values for alpha, beta, log(sigma^2), mean(xi), log(var(xi)), atanh(corr(xi, eta)):
[1.00197046 1.00158976 1.00090192 1.00004192 0.9999979  1.00073427]

Iteration:  8200
Rhat values for alpha, beta, log(sigma^2), mean(xi), log(var(xi)), atanh(corr(xi, eta)):
[1.00210462 1.00168552 1.00098882 1.00011363 0.99999814 1.00077802]

Iteration:  8300
Rhat values for alpha, beta, log(sigma^2), mean(xi), log(var(xi)), atanh(corr(xi, eta)):
[1.00182293 1.00138446 1.00074104 1.000196   0.99999781 1.00056571]

Iteration:  8400
Rhat values for alpha, beta, log(sigma^2), mean(xi), log(var(xi)), atanh(corr(xi, eta)):
[1.00202473 1.00156205 1.00067571 1.00016171 0.99999765 1.00059095]

Iteration:  8500
Rhat values for alpha, beta, log(sigma^2), mean(xi), log(var(xi)), atanh(corr(xi, eta)):
[1.00199794 1.0015333  1.00073345 1.00017643 0.99999534 1.00065818]

Iteration:  8600
Rhat values for alpha, beta, log(sigma^2), mean(xi), log(var(xi)), atanh(corr(xi, eta)):
[1.00173323 1.00129985 1.00070004 1.00024423 0.99999439 1.0005541 ]

Iteration:  8700
Rhat values for alpha, beta, log(sigma^2), mean(xi), log(var(xi)), atanh(corr(xi, eta)):
[1.00204727 1.00160996 1.00087513 1.00032988 0.99999371 1.00078354]

Iteration:  8800
Rhat values for alpha, beta, log(sigma^2), mean(xi), log(var(xi)), atanh(corr(xi, eta)):
[1.00194862 1.00153713 1.00097481 1.00042927 0.99999381 1.00083559]

Iteration:  8900
Rhat values for alpha, beta, log(sigma^2), mean(xi), log(var(xi)), atanh(corr(xi, eta)):
[1.00196995 1.00159817 1.00096967 1.00052548 0.99999404 1.00089079]

Iteration:  9000
Rhat values for alpha, beta, log(sigma^2), mean(xi), log(var(xi)), atanh(corr(xi, eta)):
[1.00201769 1.00163985 1.00085275 1.00039888 0.99999372 1.00082291]

Iteration:  9100
Rhat values for alpha, beta, log(sigma^2), mean(xi), log(var(xi)), atanh(corr(xi, eta)):
[1.00164409 1.00131828 1.00084186 1.000441   0.99999354 1.00066002]

Iteration:  9200
Rhat values for alpha, beta, log(sigma^2), mean(xi), log(var(xi)), atanh(corr(xi, eta)):
[1.00183795 1.00147987 1.00084189 1.00053774 0.99999412 1.00078641]

Iteration:  9300
Rhat values for alpha, beta, log(sigma^2), mean(xi), log(var(xi)), atanh(corr(xi, eta)):
[1.0018231  1.00145661 1.00063112 1.00070759 0.9999965  1.00065132]

Iteration:  9400
Rhat values for alpha, beta, log(sigma^2), mean(xi), log(var(xi)), atanh(corr(xi, eta)):
[1.00183464 1.00149589 1.00055778 1.00065077 0.99999593 1.00068251]

Iteration:  9500
Rhat values for alpha, beta, log(sigma^2), mean(xi), log(var(xi)), atanh(corr(xi, eta)):
[1.00185728 1.00147671 1.00060845 1.00063215 0.99999723 1.00074339]

Iteration:  9600
Rhat values for alpha, beta, log(sigma^2), mean(xi), log(var(xi)), atanh(corr(xi, eta)):
[1.00206017 1.00166009 1.00068022 1.00059064 0.99999736 1.00081015]

Iteration:  9700
Rhat values for alpha, beta, log(sigma^2), mean(xi), log(var(xi)), atanh(corr(xi, eta)):
[1.00193767 1.00155509 1.00078218 1.0005585  0.99999698 1.00080996]

Iteration:  9800
Rhat values for alpha, beta, log(sigma^2), mean(xi), log(var(xi)), atanh(corr(xi, eta)):
[1.00202789 1.00163498 1.00083725 1.0005881  0.99999703 1.0008643 ]

Iteration:  9900
Rhat values for alpha, beta, log(sigma^2), mean(xi), log(var(xi)), atanh(corr(xi, eta)):
[1.00193839 1.00153909 1.00095255 1.00064778 0.99999656 1.00084262]

Iteration:  10000
Rhat values for alpha, beta, log(sigma^2), mean(xi), log(var(xi)), atanh(corr(xi, eta)):
[1.00189956 1.00149242 1.00083419 1.0007066  0.9999967  1.00074665]

Iteration:  10100
Rhat values for alpha, beta, log(sigma^2), mean(xi), log(var(xi)), atanh(corr(xi, eta)):
[1.00146269 1.00108615 1.00070441 1.00067477 0.99999747 1.00050598]

Iteration:  10200
Rhat values for alpha, beta, log(sigma^2), mean(xi), log(var(xi)), atanh(corr(xi, eta)):
[1.00140181 1.001024   1.0007283  1.00062397 0.99999757 1.00052329]

Iteration:  10300
Rhat values for alpha, beta, log(sigma^2), mean(xi), log(var(xi)), atanh(corr(xi, eta)):
[1.00116355 1.00081441 1.00062058 1.00061168 0.99999778 1.00042691]

Iteration:  10400
Rhat values for alpha, beta, log(sigma^2), mean(xi), log(var(xi)), atanh(corr(xi, eta)):
[1.00115079 1.00082455 1.00083095 1.00072135 0.99999724 1.00061616]

Iteration:  10500
Rhat values for alpha, beta, log(sigma^2), mean(xi), log(var(xi)), atanh(corr(xi, eta)):
[1.00097472 1.00067015 1.00068354 1.00055138 0.99999694 1.00049168]

Iteration:  10600
Rhat values for alpha, beta, log(sigma^2), mean(xi), log(var(xi)), atanh(corr(xi, eta)):
[1.00090294 1.00063216 1.00070716 1.00042575 0.99999658 1.00050434]

Iteration:  10700
Rhat values for alpha, beta, log(sigma^2), mean(xi), log(var(xi)), atanh(corr(xi, eta)):
[1.00065122 1.00041935 1.0005509  1.00043066 0.99999483 1.00038179]

Iteration:  10800
Rhat values for alpha, beta, log(sigma^2), mean(xi), log(var(xi)), atanh(corr(xi, eta)):
[1.00049363 1.00027831 1.00043837 1.00053909 0.99999926 1.00025289]

Iteration:  10900
Rhat values for alpha, beta, log(sigma^2), mean(xi), log(var(xi)), atanh(corr(xi, eta)):
[1.00036245 1.00018209 1.00031266 1.00056718 0.99999722 1.00009471]

Iteration:  11000
Rhat values for alpha, beta, log(sigma^2), mean(xi), log(var(xi)), atanh(corr(xi, eta)):
[1.00034813 1.0001759  1.0002616  1.00060911 0.99998102 1.0000591 ]

Iteration:  11100
Rhat values for alpha, beta, log(sigma^2), mean(xi), log(var(xi)), atanh(corr(xi, eta)):
[1.00030513 1.00013412 1.00011604 1.00091605 0.99998047 0.99999308]

Iteration:  11200
Rhat values for alpha, beta, log(sigma^2), mean(xi), log(var(xi)), atanh(corr(xi, eta)):
[1.00031583 1.00017034 1.00012833 1.00111638 0.99997996 1.00000557]

Iteration:  11300
Rhat values for alpha, beta, log(sigma^2), mean(xi), log(var(xi)), atanh(corr(xi, eta)):
[1.00028897 1.00015978 1.00015956 1.00094157 0.99998052 1.00003699]

Iteration:  11400
Rhat values for alpha, beta, log(sigma^2), mean(xi), log(var(xi)), atanh(corr(xi, eta)):
[1.0003159  1.00019535 1.0001759  1.0008984  0.99998008 1.00007887]

Iteration:  11500
Rhat values for alpha, beta, log(sigma^2), mean(xi), log(var(xi)), atanh(corr(xi, eta)):
[1.00040299 1.00023675 1.0002314  1.00089248 0.99998162 1.0001483 ]

Iteration:  11600
Rhat values for alpha, beta, log(sigma^2), mean(xi), log(var(xi)), atanh(corr(xi, eta)):
[1.00040752 1.00026251 1.00016389 1.00101041 0.99998306 1.00015858]

Iteration:  11700
Rhat values for alpha, beta, log(sigma^2), mean(xi), log(var(xi)), atanh(corr(xi, eta)):
[1.00041006 1.00025386 1.00018109 1.00107022 0.99998336 1.00018272]

Iteration:  11800
Rhat values for alpha, beta, log(sigma^2), mean(xi), log(var(xi)), atanh(corr(xi, eta)):
[1.0003509  1.00021038 1.00013139 1.00119862 0.99998272 1.00015426]

Iteration:  11900
Rhat values for alpha, beta, log(sigma^2), mean(xi), log(var(xi)), atanh(corr(xi, eta)):
[1.0003421  1.00020961 1.00013507 1.00118221 0.99998262 1.00017529]

Iteration:  12000
Rhat values for alpha, beta, log(sigma^2), mean(xi), log(var(xi)), atanh(corr(xi, eta)):
[1.00027396 1.00015054 1.0001643  1.00116409 0.99998237 1.00015946]

Iteration:  12100
Rhat values for alpha, beta, log(sigma^2), mean(xi), log(var(xi)), atanh(corr(xi, eta)):
[1.00023329 1.00014293 1.00013281 1.00112643 0.99998285 1.0001227 ]

Iteration:  12200
Rhat values for alpha, beta, log(sigma^2), mean(xi), log(var(xi)), atanh(corr(xi, eta)):
[1.00018723 1.00009766 1.00008244 1.00116799 0.99998411 1.00008571]

Iteration:  12300
Rhat values for alpha, beta, log(sigma^2), mean(xi), log(var(xi)), atanh(corr(xi, eta)):
[1.0001372  1.00004733 1.00003329 1.00116158 0.99998518 1.00002886]

Iteration:  12400
Rhat values for alpha, beta, log(sigma^2), mean(xi), log(var(xi)), atanh(corr(xi, eta)):
[1.00005783 1.00000032 1.00001796 1.00126858 0.99998523 0.99999721]

Iteration:  12500
Rhat values for alpha, beta, log(sigma^2), mean(xi), log(var(xi)), atanh(corr(xi, eta)):
[0.99997403 0.99996398 1.00003336 1.0011044  0.99998546 1.00002886]

Iteration:  12600
Rhat values for alpha, beta, log(sigma^2), mean(xi), log(var(xi)), atanh(corr(xi, eta)):
[0.99998223 0.99997022 1.00000731 1.00110545 0.99998549 1.00004513]

Iteration:  12700
Rhat values for alpha, beta, log(sigma^2), mean(xi), log(var(xi)), atanh(corr(xi, eta)):
[1.00001763 1.00000504 1.00001875 1.00103364 0.99998493 1.00008951]

Iteration:  12800
Rhat values for alpha, beta, log(sigma^2), mean(xi), log(var(xi)), atanh(corr(xi, eta)):
[1.00001841 1.00003165 0.99999935 1.00103955 0.99998472 1.00011602]

Iteration:  12900
Rhat values for alpha, beta, log(sigma^2), mean(xi), log(var(xi)), atanh(corr(xi, eta)):
[0.99999993 1.00003936 0.99998006 1.00112882 0.99998487 1.0001419 ]

Iteration:  13000
Rhat values for alpha, beta, log(sigma^2), mean(xi), log(var(xi)), atanh(corr(xi, eta)):
[0.99998248 1.00005673 0.99996795 1.00119773 0.99998501 1.00012861]

Iteration:  13100
Rhat values for alpha, beta, log(sigma^2), mean(xi), log(var(xi)), atanh(corr(xi, eta)):
[0.99997586 1.00005604 0.99995655 1.00136406 0.99998513 1.00013281]

Iteration:  13200
Rhat values for alpha, beta, log(sigma^2), mean(xi), log(var(xi)), atanh(corr(xi, eta)):
[0.99997739 1.00002338 0.99996599 1.0013195  0.99998024 1.00015609]

Iteration:  13300
Rhat values for alpha, beta, log(sigma^2), mean(xi), log(var(xi)), atanh(corr(xi, eta)):
[0.99999427 1.00004191 0.99998368 1.00135651 0.99998044 1.00019595]

Iteration:  13400
Rhat values for alpha, beta, log(sigma^2), mean(xi), log(var(xi)), atanh(corr(xi, eta)):
[0.99999729 1.00005246 0.99998683 1.0013977  0.99998082 1.00020248]

Iteration:  13500
Rhat values for alpha, beta, log(sigma^2), mean(xi), log(var(xi)), atanh(corr(xi, eta)):
[1.00000527 1.00009639 0.99999704 1.00133751 0.99998112 1.00024237]

Iteration:  13600
Rhat values for alpha, beta, log(sigma^2), mean(xi), log(var(xi)), atanh(corr(xi, eta)):
[1.00001919 1.00011457 0.99999553 1.0013364  0.99998063 1.00023303]

Iteration:  13700
Rhat values for alpha, beta, log(sigma^2), mean(xi), log(var(xi)), atanh(corr(xi, eta)):
[1.00000634 1.00009965 0.99997939 1.00131267 0.9999807  1.00018039]

Iteration:  13800
Rhat values for alpha, beta, log(sigma^2), mean(xi), log(var(xi)), atanh(corr(xi, eta)):
[0.99998548 1.00003514 0.99995    1.00125568 0.9999752  1.00007207]

Iteration:  13900
Rhat values for alpha, beta, log(sigma^2), mean(xi), log(var(xi)), atanh(corr(xi, eta)):
[1.00001817 1.00004844 0.99993435 1.00122287 0.99997518 1.00003378]

Iteration:  14000
Rhat values for alpha, beta, log(sigma^2), mean(xi), log(var(xi)), atanh(corr(xi, eta)):
[1.00001419 0.99999836 0.99995881 1.00128213 0.99997526 0.9999992 ]

Iteration:  14100
Rhat values for alpha, beta, log(sigma^2), mean(xi), log(var(xi)), atanh(corr(xi, eta)):
[1.00003759 0.99998697 0.99996515 1.00116048 0.99997596 0.99997563]

Iteration:  14200
Rhat values for alpha, beta, log(sigma^2), mean(xi), log(var(xi)), atanh(corr(xi, eta)):
[1.00002615 0.99999784 0.99995718 1.0011989  0.99997583 0.99997305]

Iteration:  14300
Rhat values for alpha, beta, log(sigma^2), mean(xi), log(var(xi)), atanh(corr(xi, eta)):
[1.00003295 0.9999987  0.9999458  1.00131306 0.99997646 0.99996495]

Iteration:  14400
Rhat values for alpha, beta, log(sigma^2), mean(xi), log(var(xi)), atanh(corr(xi, eta)):
[1.00004936 0.99999224 0.9999574  1.00138547 0.99997744 0.99995033]

Iteration:  14500
Rhat values for alpha, beta, log(sigma^2), mean(xi), log(var(xi)), atanh(corr(xi, eta)):
[1.00000168 0.99997584 0.99996527 1.00133378 0.99997779 0.9999448 ]

Iteration:  14600
Rhat values for alpha, beta, log(sigma^2), mean(xi), log(var(xi)), atanh(corr(xi, eta)):
[0.99996813 0.99997401 0.99999928 1.00143821 0.99997807 0.99995412]

Iteration:  14700
Rhat values for alpha, beta, log(sigma^2), mean(xi), log(var(xi)), atanh(corr(xi, eta)):
[0.9999715  0.9999851  0.99999041 1.00167873 0.99997757 0.99995079]

Iteration:  14800
Rhat values for alpha, beta, log(sigma^2), mean(xi), log(var(xi)), atanh(corr(xi, eta)):
[0.99999227 1.00000983 1.00000276 1.00166811 0.99997806 0.99996222]

Iteration:  14900
Rhat values for alpha, beta, log(sigma^2), mean(xi), log(var(xi)), atanh(corr(xi, eta)):
[1.00004923 1.00003391 1.0000239  1.00155263 0.99997886 0.9999677 ]

Iteration:  15000
Rhat values for alpha, beta, log(sigma^2), mean(xi), log(var(xi)), atanh(corr(xi, eta)):
[1.00012283 1.00008329 1.00005495 1.00147312 0.99997972 0.99999288]

Iteration:  15100
Rhat values for alpha, beta, log(sigma^2), mean(xi), log(var(xi)), atanh(corr(xi, eta)):
[1.00011815 1.00004388 1.00004218 1.00139002 0.99997984 0.99997889]

Iteration:  15200
Rhat values for alpha, beta, log(sigma^2), mean(xi), log(var(xi)), atanh(corr(xi, eta)):
[1.00011935 1.00004747 1.00007352 1.00135487 0.99997982 0.99998737]

Iteration:  15300
Rhat values for alpha, beta, log(sigma^2), mean(xi), log(var(xi)), atanh(corr(xi, eta)):
[1.00011562 1.00005507 1.00007538 1.0012081  0.99997963 0.99999377]

Iteration:  15400
Rhat values for alpha, beta, log(sigma^2), mean(xi), log(var(xi)), atanh(corr(xi, eta)):
[1.00008793 1.00002681 1.00005293 1.00113541 0.99999413 0.99998338]

Iteration:  15500
Rhat values for alpha, beta, log(sigma^2), mean(xi), log(var(xi)), atanh(corr(xi, eta)):
[1.00007094 1.00001102 1.00003813 1.00125151 0.99999386 0.99996109]

Iteration:  15600
Rhat values for alpha, beta, log(sigma^2), mean(xi), log(var(xi)), atanh(corr(xi, eta)):
[1.000051   0.99999773 1.00002233 1.00115622 0.99999397 0.99997095]

Iteration:  15700
Rhat values for alpha, beta, log(sigma^2), mean(xi), log(var(xi)), atanh(corr(xi, eta)):
[1.00006091 0.99999362 1.00007693 1.00116324 0.99999373 0.99998647]

Iteration:  15800
Rhat values for alpha, beta, log(sigma^2), mean(xi), log(var(xi)), atanh(corr(xi, eta)):
[1.00005741 0.99998239 1.00008194 1.00105503 0.9999937  0.99997374]

Iteration:  15900
Rhat values for alpha, beta, log(sigma^2), mean(xi), log(var(xi)), atanh(corr(xi, eta)):
[1.00003869 0.99997165 1.00007395 1.00108052 0.9999934  0.99996789]

Iteration:  16000
Rhat values for alpha, beta, log(sigma^2), mean(xi), log(var(xi)), atanh(corr(xi, eta)):
[1.00005242 0.99997306 1.00005755 1.00102384 0.99999388 0.99995532]

Iteration:  16100
Rhat values for alpha, beta, log(sigma^2), mean(xi), log(var(xi)), atanh(corr(xi, eta)):
[1.00007592 0.99997745 1.00008618 1.00104248 0.99999355 0.99998156]

Iteration:  16200
Rhat values for alpha, beta, log(sigma^2), mean(xi), log(var(xi)), atanh(corr(xi, eta)):
[1.00010987 0.99999116 1.00012505 1.00108031 0.99999365 1.00002358]

Iteration:  16300
Rhat values for alpha, beta, log(sigma^2), mean(xi), log(var(xi)), atanh(corr(xi, eta)):
[1.00006638 0.99996833 1.0001339  1.00092245 0.99999363 1.00002479]

Iteration:  16400
Rhat values for alpha, beta, log(sigma^2), mean(xi), log(var(xi)), atanh(corr(xi, eta)):
[1.00002814 0.99995295 1.00007708 1.00115149 0.99999324 0.99999295]

Iteration:  16500
Rhat values for alpha, beta, log(sigma^2), mean(xi), log(var(xi)), atanh(corr(xi, eta)):
[1.00001417 0.99995321 1.00006424 1.00126307 0.999993   0.99998544]

Iteration:  16600
Rhat values for alpha, beta, log(sigma^2), mean(xi), log(var(xi)), atanh(corr(xi, eta)):
[1.00002413 0.99996327 1.00004796 1.00124474 0.99999361 0.99998786]

Iteration:  16700
Rhat values for alpha, beta, log(sigma^2), mean(xi), log(var(xi)), atanh(corr(xi, eta)):
[1.00002515 0.99996737 1.00004596 1.00129606 0.99999419 0.99999147]

Iteration:  16800
Rhat values for alpha, beta, log(sigma^2), mean(xi), log(var(xi)), atanh(corr(xi, eta)):
[1.00005638 0.99999565 1.00007464 1.00134089 0.99999442 0.99999226]

Iteration:  16900
Rhat values for alpha, beta, log(sigma^2), mean(xi), log(var(xi)), atanh(corr(xi, eta)):
[1.00003176 0.99999594 1.00008218 1.00139124 0.99999422 1.00001625]

Iteration:  17000
Rhat values for alpha, beta, log(sigma^2), mean(xi), log(var(xi)), atanh(corr(xi, eta)):
[1.00005225 1.00003948 1.00010651 1.00124839 0.99999465 1.00002674]

Iteration:  17100
Rhat values for alpha, beta, log(sigma^2), mean(xi), log(var(xi)), atanh(corr(xi, eta)):
[1.00002126 1.0000506  1.00015051 1.00133259 0.99999403 1.00010074]

Iteration:  17200
Rhat values for alpha, beta, log(sigma^2), mean(xi), log(var(xi)), atanh(corr(xi, eta)):
[0.9999982  1.00002667 1.00016623 1.00125819 0.99999427 1.00014473]

Iteration:  17300
Rhat values for alpha, beta, log(sigma^2), mean(xi), log(var(xi)), atanh(corr(xi, eta)):
[0.99997979 1.00002283 1.00016686 1.0013358  0.99999407 1.00014917]

Iteration:  17400
Rhat values for alpha, beta, log(sigma^2), mean(xi), log(var(xi)), atanh(corr(xi, eta)):
[0.99997746 1.0000184  1.00020433 1.00137554 0.99999419 1.00012885]

Iteration:  17500
Rhat values for alpha, beta, log(sigma^2), mean(xi), log(var(xi)), atanh(corr(xi, eta)):
[0.99998605 1.0000498  1.00019812 1.00145532 0.99999422 1.00017908]

Iteration:  17600
Rhat values for alpha, beta, log(sigma^2), mean(xi), log(var(xi)), atanh(corr(xi, eta)):
[0.99997041 1.00001289 1.00019281 1.00148674 0.99999377 1.00014573]

Iteration:  17700
Rhat values for alpha, beta, log(sigma^2), mean(xi), log(var(xi)), atanh(corr(xi, eta)):
[0.99994584 0.99999459 1.00008441 1.00154001 0.99999324 1.00009664]

Iteration:  17800
Rhat values for alpha, beta, log(sigma^2), mean(xi), log(var(xi)), atanh(corr(xi, eta)):
[0.99994868 0.99997696 1.00008401 1.00149654 0.99999314 1.00006116]

Iteration:  17900
Rhat values for alpha, beta, log(sigma^2), mean(xi), log(var(xi)), atanh(corr(xi, eta)):
[0.99995174 0.9999884  1.00005294 1.00158235 0.999993   1.00004864]

Iteration:  18000
Rhat values for alpha, beta, log(sigma^2), mean(xi), log(var(xi)), atanh(corr(xi, eta)):
[0.99994897 0.99998172 1.00006872 1.00153178 0.9999935  1.00005953]

Iteration:  18100
Rhat values for alpha, beta, log(sigma^2), mean(xi), log(var(xi)), atanh(corr(xi, eta)):
[0.99995477 0.99998351 1.00006769 1.00155656 0.99999123 1.00005838]

Iteration:  18200
Rhat values for alpha, beta, log(sigma^2), mean(xi), log(var(xi)), atanh(corr(xi, eta)):
[0.99997458 0.99998837 1.00005041 1.00151614 0.99999127 1.00006166]

Iteration:  18300
Rhat values for alpha, beta, log(sigma^2), mean(xi), log(var(xi)), atanh(corr(xi, eta)):
[1.00000698 0.99999605 1.00002971 1.00168089 0.99999077 1.00004558]

Iteration:  18400
Rhat values for alpha, beta, log(sigma^2), mean(xi), log(var(xi)), atanh(corr(xi, eta)):
[1.00001665 1.00000103 1.00003405 1.00148605 0.999991   1.00005542]

Iteration:  18500
Rhat values for alpha, beta, log(sigma^2), mean(xi), log(var(xi)), atanh(corr(xi, eta)):
[1.00001861 1.00002186 1.00000772 1.00147313 0.9999907  1.000053  ]

Iteration:  18600
Rhat values for alpha, beta, log(sigma^2), mean(xi), log(var(xi)), atanh(corr(xi, eta)):
[1.0000174  1.00002387 1.00000766 1.00142245 0.99999109 1.00001577]

Iteration:  18700
Rhat values for alpha, beta, log(sigma^2), mean(xi), log(var(xi)), atanh(corr(xi, eta)):
[1.00000335 1.00001745 1.00001449 1.00145414 0.99999089 0.99999988]

Iteration:  18800
Rhat values for alpha, beta, log(sigma^2), mean(xi), log(var(xi)), atanh(corr(xi, eta)):
[1.00000265 1.00000939 1.00003027 1.0013577  0.99999104 1.00002268]

Iteration:  18900
Rhat values for alpha, beta, log(sigma^2), mean(xi), log(var(xi)), atanh(corr(xi, eta)):
[0.99998268 1.00000531 1.00003743 1.00119636 0.99999131 1.00005055]

Iteration:  19000
Rhat values for alpha, beta, log(sigma^2), mean(xi), log(var(xi)), atanh(corr(xi, eta)):
[0.99999153 0.99998599 1.00007895 1.00108791 0.99999188 1.00006856]

Iteration:  19100
Rhat values for alpha, beta, log(sigma^2), mean(xi), log(var(xi)), atanh(corr(xi, eta)):
[1.0000035  0.99997896 1.00009829 1.00112971 0.99999118 1.00005758]

Iteration:  19200
Rhat values for alpha, beta, log(sigma^2), mean(xi), log(var(xi)), atanh(corr(xi, eta)):
[0.99999126 0.99996831 1.00011232 1.00110294 0.99999056 1.00005483]

Iteration:  19300
Rhat values for alpha, beta, log(sigma^2), mean(xi), log(var(xi)), atanh(corr(xi, eta)):
[1.00000989 0.99997084 1.00011726 1.00110487 0.9999908  1.00005495]

Iteration:  19400
Rhat values for alpha, beta, log(sigma^2), mean(xi), log(var(xi)), atanh(corr(xi, eta)):
[1.00000932 0.99996917 1.00010489 1.00107219 0.99999118 1.00004202]

Iteration:  19500
Rhat values for alpha, beta, log(sigma^2), mean(xi), log(var(xi)), atanh(corr(xi, eta)):
[1.00002444 0.99997126 1.00009699 1.00107114 0.99999151 1.00003666]

Iteration:  19600
Rhat values for alpha, beta, log(sigma^2), mean(xi), log(var(xi)), atanh(corr(xi, eta)):
[1.00003224 0.99997501 1.00011831 1.00099977 0.99999221 1.00005877]

Iteration:  19700
Rhat values for alpha, beta, log(sigma^2), mean(xi), log(var(xi)), atanh(corr(xi, eta)):
[1.00006874 0.99998508 1.0001485  1.00101886 0.99999204 1.00007538]

Iteration:  19800
Rhat values for alpha, beta, log(sigma^2), mean(xi), log(var(xi)), atanh(corr(xi, eta)):
[1.00009467 1.00001111 1.00015019 1.00098209 0.99999208 1.00011834]

Iteration:  19900
Rhat values for alpha, beta, log(sigma^2), mean(xi), log(var(xi)), atanh(corr(xi, eta)):
[1.00008993 1.00002052 1.00015176 1.0009947  0.99999189 1.00012954]

Iteration:  20000
Rhat values for alpha, beta, log(sigma^2), mean(xi), log(var(xi)), atanh(corr(xi, eta)):
[1.00011606 1.00003431 1.00019281 1.00103381 0.99999159 1.00016312]
{"name": "C25_G11_hr_C25", "n": 199, "mean": -0.04577167246385475, "sd": 0.014535160398912698, "median": -0.045701925507480146, "q16_84": [-0.05999854160367685, -0.03159455653558228], "q025_975": [-0.07479255046394634, -0.017266183832158527], "p_negative": 0.998925, "scatter_mean": 0.1259664130160931, "retained_draws": 40000, "seed": 20260936, "rhat_retained": {"alpha": 1.0031137797671301, "beta": 1.0032729666454965, "sigsqr": 1.001756869996429}}
START C25_G11_hr_original 199

Iteration:  100
Rhat values for alpha, beta, log(sigma^2), mean(xi), log(var(xi)), atanh(corr(xi, eta)):
[1.06475679 1.06797061 1.00549852 1.00197865 1.40679751 1.04991249]

Iteration:  200
Rhat values for alpha, beta, log(sigma^2), mean(xi), log(var(xi)), atanh(corr(xi, eta)):
[1.04469967 1.04666319 1.00082059 1.020199   1.1274264  1.03910411]

Iteration:  300
Rhat values for alpha, beta, log(sigma^2), mean(xi), log(var(xi)), atanh(corr(xi, eta)):
[1.03502336 1.04295079 1.00211707 1.04014266 1.05657493 1.04109964]

Iteration:  400
Rhat values for alpha, beta, log(sigma^2), mean(xi), log(var(xi)), atanh(corr(xi, eta)):
[1.0326603  1.03913258 1.00833134 1.04015139 1.03836375 1.03512841]

Iteration:  500
Rhat values for alpha, beta, log(sigma^2), mean(xi), log(var(xi)), atanh(corr(xi, eta)):
[1.03462663 1.04310741 1.00241275 1.03754649 1.0473818  1.03690448]

Iteration:  600
Rhat values for alpha, beta, log(sigma^2), mean(xi), log(var(xi)), atanh(corr(xi, eta)):
[1.02865536 1.03567663 1.00573248 1.02166512 1.00006729 1.0267428 ]

Iteration:  700
Rhat values for alpha, beta, log(sigma^2), mean(xi), log(var(xi)), atanh(corr(xi, eta)):
[1.02893065 1.03534929 1.01060051 1.01061696 1.00002696 1.02826576]

Iteration:  800
Rhat values for alpha, beta, log(sigma^2), mean(xi), log(var(xi)), atanh(corr(xi, eta)):
[1.02236547 1.02730854 1.0064326  1.01147228 1.00001646 1.01980191]

Iteration:  900
Rhat values for alpha, beta, log(sigma^2), mean(xi), log(var(xi)), atanh(corr(xi, eta)):
[1.02347398 1.02832684 1.00525116 1.01183713 1.00000913 1.02078242]

Iteration:  1000
Rhat values for alpha, beta, log(sigma^2), mean(xi), log(var(xi)), atanh(corr(xi, eta)):
[1.0188754  1.02208378 1.00480788 1.01318409 0.9996942  1.01231586]

Iteration:  1100
Rhat values for alpha, beta, log(sigma^2), mean(xi), log(var(xi)), atanh(corr(xi, eta)):
[1.01421276 1.01656764 1.00358508 1.01010275 0.99972394 1.00838755]

Iteration:  1200
Rhat values for alpha, beta, log(sigma^2), mean(xi), log(var(xi)), atanh(corr(xi, eta)):
[1.01134281 1.01389683 1.00194968 1.01033658 0.99973554 1.00510607]

Iteration:  1300
Rhat values for alpha, beta, log(sigma^2), mean(xi), log(var(xi)), atanh(corr(xi, eta)):
[1.00813775 1.01044699 1.00169366 1.01085787 0.9997552  1.00464039]

Iteration:  1400
Rhat values for alpha, beta, log(sigma^2), mean(xi), log(var(xi)), atanh(corr(xi, eta)):
[1.00677631 1.00863595 1.00085505 1.00673795 0.99978363 1.0044206 ]

Iteration:  1500
Rhat values for alpha, beta, log(sigma^2), mean(xi), log(var(xi)), atanh(corr(xi, eta)):
[1.00469342 1.0060784  1.00060742 1.00474772 0.99980493 1.00213084]

Iteration:  1600
Rhat values for alpha, beta, log(sigma^2), mean(xi), log(var(xi)), atanh(corr(xi, eta)):
[1.00231833 1.00314931 1.00044564 1.00543524 0.99981609 1.0006951 ]

Iteration:  1700
Rhat values for alpha, beta, log(sigma^2), mean(xi), log(var(xi)), atanh(corr(xi, eta)):
[1.00207066 1.0026808  0.9999703  1.01009578 0.99982307 0.99998079]

Iteration:  1800
Rhat values for alpha, beta, log(sigma^2), mean(xi), log(var(xi)), atanh(corr(xi, eta)):
[1.00173175 1.00239095 0.99990668 1.01164891 0.99982872 1.00001948]

Iteration:  1900
Rhat values for alpha, beta, log(sigma^2), mean(xi), log(var(xi)), atanh(corr(xi, eta)):
[1.00230414 1.0030814  1.00040234 1.01353361 0.99983847 1.00115918]

Iteration:  2000
Rhat values for alpha, beta, log(sigma^2), mean(xi), log(var(xi)), atanh(corr(xi, eta)):
[1.00231979 1.00302399 0.99983337 1.01134087 0.99984091 1.00088989]

Iteration:  2100
Rhat values for alpha, beta, log(sigma^2), mean(xi), log(var(xi)), atanh(corr(xi, eta)):
[1.00107224 1.00171252 0.99998413 1.01134063 0.99984605 1.00018593]

Iteration:  2200
Rhat values for alpha, beta, log(sigma^2), mean(xi), log(var(xi)), atanh(corr(xi, eta)):
[1.00169745 1.00237707 1.00053405 1.00903655 0.999853   1.00073434]

Iteration:  2300
Rhat values for alpha, beta, log(sigma^2), mean(xi), log(var(xi)), atanh(corr(xi, eta)):
[1.00130903 1.00204097 1.00069478 1.01085358 0.99985569 1.00032309]

Iteration:  2400
Rhat values for alpha, beta, log(sigma^2), mean(xi), log(var(xi)), atanh(corr(xi, eta)):
[1.00047188 1.00095507 1.0007357  1.00802051 0.99986473 0.99995599]

Iteration:  2500
Rhat values for alpha, beta, log(sigma^2), mean(xi), log(var(xi)), atanh(corr(xi, eta)):
[1.00067251 1.00142981 1.0019711  1.00915349 0.99986983 1.00080153]

Iteration:  2600
Rhat values for alpha, beta, log(sigma^2), mean(xi), log(var(xi)), atanh(corr(xi, eta)):
[1.00053572 1.00144716 1.00128541 1.00814709 0.99987857 1.00047125]

Iteration:  2700
Rhat values for alpha, beta, log(sigma^2), mean(xi), log(var(xi)), atanh(corr(xi, eta)):
[1.00029979 1.00100631 1.00084875 1.00912383 0.99988024 1.00019777]

Iteration:  2800
Rhat values for alpha, beta, log(sigma^2), mean(xi), log(var(xi)), atanh(corr(xi, eta)):
[0.99999976 1.00052562 1.00066085 1.00884523 0.99988854 1.0002073 ]

Iteration:  2900
Rhat values for alpha, beta, log(sigma^2), mean(xi), log(var(xi)), atanh(corr(xi, eta)):
[0.99986162 1.00023069 1.00076697 1.00884878 0.99989062 1.00028337]

Iteration:  3000
Rhat values for alpha, beta, log(sigma^2), mean(xi), log(var(xi)), atanh(corr(xi, eta)):
[1.00004518 1.00048581 1.00091918 1.0070803  0.99989075 1.00030876]

Iteration:  3100
Rhat values for alpha, beta, log(sigma^2), mean(xi), log(var(xi)), atanh(corr(xi, eta)):
[1.00048451 1.00109573 1.00053839 1.00474493 0.99989698 1.00026697]

Iteration:  3200
Rhat values for alpha, beta, log(sigma^2), mean(xi), log(var(xi)), atanh(corr(xi, eta)):
[1.00153154 1.00249564 1.00055944 1.00310239 0.99990536 1.00096158]

Iteration:  3300
Rhat values for alpha, beta, log(sigma^2), mean(xi), log(var(xi)), atanh(corr(xi, eta)):
[1.00168211 1.00258671 1.00020513 1.00355901 0.99990523 1.00083479]

Iteration:  3400
Rhat values for alpha, beta, log(sigma^2), mean(xi), log(var(xi)), atanh(corr(xi, eta)):
[1.00080803 1.00147034 1.00060236 1.00427497 0.9999052  1.00028291]

Iteration:  3500
Rhat values for alpha, beta, log(sigma^2), mean(xi), log(var(xi)), atanh(corr(xi, eta)):
[1.00083288 1.001442   1.00071978 1.00431104 0.99990989 1.00049177]

Iteration:  3600
Rhat values for alpha, beta, log(sigma^2), mean(xi), log(var(xi)), atanh(corr(xi, eta)):
[1.00168987 1.00234316 1.00089423 1.00368684 0.99991478 1.00097007]

Iteration:  3700
Rhat values for alpha, beta, log(sigma^2), mean(xi), log(var(xi)), atanh(corr(xi, eta)):
[1.00186126 1.0024464  1.00100823 1.00310524 0.99991664 1.00114706]

Iteration:  3800
Rhat values for alpha, beta, log(sigma^2), mean(xi), log(var(xi)), atanh(corr(xi, eta)):
[1.00183552 1.00246617 1.00095342 1.00240546 0.99992136 1.00130471]

Iteration:  3900
Rhat values for alpha, beta, log(sigma^2), mean(xi), log(var(xi)), atanh(corr(xi, eta)):
[1.00167552 1.00225156 1.00088011 1.00257089 0.99992197 1.00116883]

Iteration:  4000
Rhat values for alpha, beta, log(sigma^2), mean(xi), log(var(xi)), atanh(corr(xi, eta)):
[1.00159354 1.00212477 1.00105203 1.00322999 0.99992043 1.0011722 ]

Iteration:  4100
Rhat values for alpha, beta, log(sigma^2), mean(xi), log(var(xi)), atanh(corr(xi, eta)):
[1.00127314 1.00166603 1.00123677 1.00404786 0.99992158 1.0010066 ]

Iteration:  4200
Rhat values for alpha, beta, log(sigma^2), mean(xi), log(var(xi)), atanh(corr(xi, eta)):
[1.00105927 1.00137378 1.00117592 1.00441409 0.99992151 1.00082785]

Iteration:  4300
Rhat values for alpha, beta, log(sigma^2), mean(xi), log(var(xi)), atanh(corr(xi, eta)):
[1.00079857 1.00111588 1.00132764 1.00480179 0.99993297 1.0007595 ]

Iteration:  4400
Rhat values for alpha, beta, log(sigma^2), mean(xi), log(var(xi)), atanh(corr(xi, eta)):
[1.00074287 1.0010231  1.00113959 1.00495197 0.9999349  1.00066112]

Iteration:  4500
Rhat values for alpha, beta, log(sigma^2), mean(xi), log(var(xi)), atanh(corr(xi, eta)):
[1.00058856 1.00089097 1.00127716 1.00502433 0.99993624 1.00052163]

Iteration:  4600
Rhat values for alpha, beta, log(sigma^2), mean(xi), log(var(xi)), atanh(corr(xi, eta)):
[1.00091573 1.00126374 1.0010425  1.00473618 0.99993759 1.00072019]

Iteration:  4700
Rhat values for alpha, beta, log(sigma^2), mean(xi), log(var(xi)), atanh(corr(xi, eta)):
[1.00077973 1.00119942 1.00053538 1.00403676 0.99993693 1.0005933 ]

Iteration:  4800
Rhat values for alpha, beta, log(sigma^2), mean(xi), log(var(xi)), atanh(corr(xi, eta)):
[1.00089564 1.00132762 1.00053076 1.0046917  0.99993399 1.00073393]

Iteration:  4900
Rhat values for alpha, beta, log(sigma^2), mean(xi), log(var(xi)), atanh(corr(xi, eta)):
[1.00079135 1.00119737 1.00035594 1.00515998 0.99993316 1.00066011]

Iteration:  5000
Rhat values for alpha, beta, log(sigma^2), mean(xi), log(var(xi)), atanh(corr(xi, eta)):
[1.00115458 1.00163269 1.00051843 1.00543623 0.99993383 1.00114894]

Iteration:  5100
Rhat values for alpha, beta, log(sigma^2), mean(xi), log(var(xi)), atanh(corr(xi, eta)):
[1.00139161 1.00179869 1.00033266 1.00531729 0.99993738 1.0009888 ]

Iteration:  5200
Rhat values for alpha, beta, log(sigma^2), mean(xi), log(var(xi)), atanh(corr(xi, eta)):
[1.00147252 1.00174003 1.0001794  1.00486812 0.99994007 1.00096408]

Iteration:  5300
Rhat values for alpha, beta, log(sigma^2), mean(xi), log(var(xi)), atanh(corr(xi, eta)):
[1.00179698 1.00205085 1.00044967 1.00427609 0.99993886 1.00155699]

Iteration:  5400
Rhat values for alpha, beta, log(sigma^2), mean(xi), log(var(xi)), atanh(corr(xi, eta)):
[1.00198818 1.00226518 1.0002706  1.00386869 0.99993992 1.00164615]

Iteration:  5500
Rhat values for alpha, beta, log(sigma^2), mean(xi), log(var(xi)), atanh(corr(xi, eta)):
[1.00191925 1.00205676 1.00043875 1.00445816 0.99994087 1.00167892]

Iteration:  5600
Rhat values for alpha, beta, log(sigma^2), mean(xi), log(var(xi)), atanh(corr(xi, eta)):
[1.00165242 1.00178519 1.00030101 1.00449974 0.9999412  1.00141036]

Iteration:  5700
Rhat values for alpha, beta, log(sigma^2), mean(xi), log(var(xi)), atanh(corr(xi, eta)):
[1.00142468 1.00160228 1.0003164  1.00473441 0.99994154 1.00115899]

Iteration:  5800
Rhat values for alpha, beta, log(sigma^2), mean(xi), log(var(xi)), atanh(corr(xi, eta)):
[1.00154548 1.00160762 1.00052088 1.00482731 0.99994055 1.00127415]

Iteration:  5900
Rhat values for alpha, beta, log(sigma^2), mean(xi), log(var(xi)), atanh(corr(xi, eta)):
[1.00187302 1.00191049 1.00061887 1.00549108 0.99994097 1.00172387]

Iteration:  6000
Rhat values for alpha, beta, log(sigma^2), mean(xi), log(var(xi)), atanh(corr(xi, eta)):
[1.00170429 1.00175502 1.00074624 1.00510359 0.99993744 1.00161142]

Iteration:  6100
Rhat values for alpha, beta, log(sigma^2), mean(xi), log(var(xi)), atanh(corr(xi, eta)):
[1.0018852  1.00195187 1.00082268 1.00511374 0.99993709 1.00188384]

Iteration:  6200
Rhat values for alpha, beta, log(sigma^2), mean(xi), log(var(xi)), atanh(corr(xi, eta)):
[1.00226052 1.00233303 1.00075168 1.00485325 0.99993843 1.00210516]

Iteration:  6300
Rhat values for alpha, beta, log(sigma^2), mean(xi), log(var(xi)), atanh(corr(xi, eta)):
[1.00198889 1.00203607 1.00099986 1.00491426 0.99993677 1.00208794]

Iteration:  6400
Rhat values for alpha, beta, log(sigma^2), mean(xi), log(var(xi)), atanh(corr(xi, eta)):
[1.00161607 1.00167663 1.00071758 1.00406961 0.99993867 1.00177093]

Iteration:  6500
Rhat values for alpha, beta, log(sigma^2), mean(xi), log(var(xi)), atanh(corr(xi, eta)):
[1.00165969 1.00175516 1.00040587 1.00417842 0.99994163 1.00159726]

Iteration:  6600
Rhat values for alpha, beta, log(sigma^2), mean(xi), log(var(xi)), atanh(corr(xi, eta)):
[1.00151531 1.00164147 1.00060413 1.0039937  0.99994437 1.00161692]

Iteration:  6700
Rhat values for alpha, beta, log(sigma^2), mean(xi), log(var(xi)), atanh(corr(xi, eta)):
[1.00165276 1.00187097 1.00035985 1.00348312 0.99994674 1.0015349 ]

Iteration:  6800
Rhat values for alpha, beta, log(sigma^2), mean(xi), log(var(xi)), atanh(corr(xi, eta)):
[1.00199503 1.00230147 1.00039238 1.00356875 0.99994764 1.00189773]

Iteration:  6900
Rhat values for alpha, beta, log(sigma^2), mean(xi), log(var(xi)), atanh(corr(xi, eta)):
[1.00188997 1.00217651 1.00061048 1.00358106 0.99994703 1.0019838 ]

Iteration:  7000
Rhat values for alpha, beta, log(sigma^2), mean(xi), log(var(xi)), atanh(corr(xi, eta)):
[1.00216999 1.00237899 1.00072252 1.0031892  0.99994698 1.0023342 ]

Iteration:  7100
Rhat values for alpha, beta, log(sigma^2), mean(xi), log(var(xi)), atanh(corr(xi, eta)):
[1.00241585 1.00261583 1.00076666 1.00322478 0.99994668 1.00275342]

Iteration:  7200
Rhat values for alpha, beta, log(sigma^2), mean(xi), log(var(xi)), atanh(corr(xi, eta)):
[1.0024173  1.00252152 1.00074333 1.00313608 0.99994701 1.00267894]

Iteration:  7300
Rhat values for alpha, beta, log(sigma^2), mean(xi), log(var(xi)), atanh(corr(xi, eta)):
[1.00206457 1.00216489 1.00094935 1.00304986 0.99994843 1.00240411]

Iteration:  7400
Rhat values for alpha, beta, log(sigma^2), mean(xi), log(var(xi)), atanh(corr(xi, eta)):
[1.00220244 1.00229573 1.00098818 1.0029635  0.99994991 1.00243173]

Iteration:  7500
Rhat values for alpha, beta, log(sigma^2), mean(xi), log(var(xi)), atanh(corr(xi, eta)):
[1.00215013 1.00218518 1.00083957 1.00348524 0.99994914 1.00231   ]

Iteration:  7600
Rhat values for alpha, beta, log(sigma^2), mean(xi), log(var(xi)), atanh(corr(xi, eta)):
[1.00195801 1.00203932 1.00073681 1.00339112 0.99995052 1.00208189]

Iteration:  7700
Rhat values for alpha, beta, log(sigma^2), mean(xi), log(var(xi)), atanh(corr(xi, eta)):
[1.00166172 1.0017295  1.00064622 1.00367491 0.9999511  1.00176633]

Iteration:  7800
Rhat values for alpha, beta, log(sigma^2), mean(xi), log(var(xi)), atanh(corr(xi, eta)):
[1.00164981 1.00170136 1.00058589 1.00389246 0.99995222 1.00174618]

Iteration:  7900
Rhat values for alpha, beta, log(sigma^2), mean(xi), log(var(xi)), atanh(corr(xi, eta)):
[1.00150995 1.00160245 1.00060528 1.00380791 0.99996206 1.00158347]

Iteration:  8000
Rhat values for alpha, beta, log(sigma^2), mean(xi), log(var(xi)), atanh(corr(xi, eta)):
[1.00145907 1.00158739 1.000506   1.00340254 0.99996247 1.0014574 ]

Iteration:  8100
Rhat values for alpha, beta, log(sigma^2), mean(xi), log(var(xi)), atanh(corr(xi, eta)):
[1.00145359 1.00160906 1.0006976  1.00358227 0.99996368 1.00150995]

Iteration:  8200
Rhat values for alpha, beta, log(sigma^2), mean(xi), log(var(xi)), atanh(corr(xi, eta)):
[1.00123416 1.00136882 1.0007662  1.00332055 0.99996481 1.00145467]

Iteration:  8300
Rhat values for alpha, beta, log(sigma^2), mean(xi), log(var(xi)), atanh(corr(xi, eta)):
[1.00102044 1.00120334 1.00080283 1.00331073 0.99996529 1.00122617]

Iteration:  8400
Rhat values for alpha, beta, log(sigma^2), mean(xi), log(var(xi)), atanh(corr(xi, eta)):
[1.00094764 1.0011062  1.00081547 1.00314115 0.99996547 1.00117475]

Iteration:  8500
Rhat values for alpha, beta, log(sigma^2), mean(xi), log(var(xi)), atanh(corr(xi, eta)):
[1.00104715 1.00117777 1.00093648 1.00321015 0.99996596 1.00117572]

Iteration:  8600
Rhat values for alpha, beta, log(sigma^2), mean(xi), log(var(xi)), atanh(corr(xi, eta)):
[1.00118251 1.00130489 1.00093509 1.00314185 0.99996575 1.00136206]

Iteration:  8700
Rhat values for alpha, beta, log(sigma^2), mean(xi), log(var(xi)), atanh(corr(xi, eta)):
[1.0009131  1.00102762 1.00096836 1.00307189 0.99996585 1.0011356 ]

Iteration:  8800
Rhat values for alpha, beta, log(sigma^2), mean(xi), log(var(xi)), atanh(corr(xi, eta)):
[1.00090787 1.00097763 1.00081386 1.00323541 0.9999653  1.00110576]

Iteration:  8900
Rhat values for alpha, beta, log(sigma^2), mean(xi), log(var(xi)), atanh(corr(xi, eta)):
[1.00092433 1.00095085 1.00078874 1.00359835 0.99996547 1.00108419]

Iteration:  9000
Rhat values for alpha, beta, log(sigma^2), mean(xi), log(var(xi)), atanh(corr(xi, eta)):
[1.00090806 1.00091688 1.00058967 1.00357526 0.99996569 1.00097679]

Iteration:  9100
Rhat values for alpha, beta, log(sigma^2), mean(xi), log(var(xi)), atanh(corr(xi, eta)):
[1.00104708 1.00107902 1.00078521 1.00333954 0.99999271 1.00112458]

Iteration:  9200
Rhat values for alpha, beta, log(sigma^2), mean(xi), log(var(xi)), atanh(corr(xi, eta)):
[1.00137446 1.00144626 1.00087456 1.00330064 0.99999283 1.00143158]

Iteration:  9300
Rhat values for alpha, beta, log(sigma^2), mean(xi), log(var(xi)), atanh(corr(xi, eta)):
[1.0014168  1.00149705 1.00106645 1.00369199 0.9999911  1.00156068]

Iteration:  9400
Rhat values for alpha, beta, log(sigma^2), mean(xi), log(var(xi)), atanh(corr(xi, eta)):
[1.0013097  1.00136517 1.00089901 1.00383417 0.99998831 1.00150105]

Iteration:  9500
Rhat values for alpha, beta, log(sigma^2), mean(xi), log(var(xi)), atanh(corr(xi, eta)):
[1.00121406 1.00127804 1.0007636  1.00380232 0.99998836 1.00138108]

Iteration:  9600
Rhat values for alpha, beta, log(sigma^2), mean(xi), log(var(xi)), atanh(corr(xi, eta)):
[1.0014871  1.00153493 1.00089471 1.00341158 0.99998959 1.00166489]

Iteration:  9700
Rhat values for alpha, beta, log(sigma^2), mean(xi), log(var(xi)), atanh(corr(xi, eta)):
[1.00158901 1.00168602 1.00105475 1.00322195 0.99999079 1.00175419]

Iteration:  9800
Rhat values for alpha, beta, log(sigma^2), mean(xi), log(var(xi)), atanh(corr(xi, eta)):
[1.00136363 1.00145481 1.00091835 1.00334847 0.99998986 1.00153312]

Iteration:  9900
Rhat values for alpha, beta, log(sigma^2), mean(xi), log(var(xi)), atanh(corr(xi, eta)):
[1.00129349 1.00138079 1.00081517 1.00322152 0.99999156 1.00135661]

Iteration:  10000
Rhat values for alpha, beta, log(sigma^2), mean(xi), log(var(xi)), atanh(corr(xi, eta)):
[1.00121554 1.00127757 1.00077587 1.00319678 0.99999046 1.00126314]

Iteration:  10100
Rhat values for alpha, beta, log(sigma^2), mean(xi), log(var(xi)), atanh(corr(xi, eta)):
[1.00129975 1.00138953 1.00069647 1.00279558 0.99999207 1.00125516]

Iteration:  10200
Rhat values for alpha, beta, log(sigma^2), mean(xi), log(var(xi)), atanh(corr(xi, eta)):
[1.00114255 1.00124861 1.0006786  1.00251368 0.99999299 1.00113635]

Iteration:  10300
Rhat values for alpha, beta, log(sigma^2), mean(xi), log(var(xi)), atanh(corr(xi, eta)):
[1.00118012 1.00130153 1.00079387 1.00257079 0.99999349 1.00122928]

Iteration:  10400
Rhat values for alpha, beta, log(sigma^2), mean(xi), log(var(xi)), atanh(corr(xi, eta)):
[1.00131034 1.001417   1.0009333  1.00242679 0.99999296 1.00147182]

Iteration:  10500
Rhat values for alpha, beta, log(sigma^2), mean(xi), log(var(xi)), atanh(corr(xi, eta)):
[1.00131045 1.00140097 1.00101347 1.00254776 0.99999088 1.0015745 ]

Iteration:  10600
Rhat values for alpha, beta, log(sigma^2), mean(xi), log(var(xi)), atanh(corr(xi, eta)):
[1.00150194 1.00159648 1.00109053 1.00259178 0.99998555 1.00178996]

Iteration:  10700
Rhat values for alpha, beta, log(sigma^2), mean(xi), log(var(xi)), atanh(corr(xi, eta)):
[1.00155905 1.0016634  1.00102729 1.00225823 0.99998599 1.00178014]

Iteration:  10800
Rhat values for alpha, beta, log(sigma^2), mean(xi), log(var(xi)), atanh(corr(xi, eta)):
[1.001378   1.00146627 1.00096082 1.00237821 0.99998585 1.00157823]

Iteration:  10900
Rhat values for alpha, beta, log(sigma^2), mean(xi), log(var(xi)), atanh(corr(xi, eta)):
[1.00095559 1.00103214 1.00067878 1.00247767 0.99998517 1.00114234]

Iteration:  11000
Rhat values for alpha, beta, log(sigma^2), mean(xi), log(var(xi)), atanh(corr(xi, eta)):
[1.00089444 1.00097372 1.00068996 1.0025525  0.99998502 1.00111317]

Iteration:  11100
Rhat values for alpha, beta, log(sigma^2), mean(xi), log(var(xi)), atanh(corr(xi, eta)):
[1.00097524 1.00105238 1.00068375 1.00227717 0.99998526 1.0011974 ]

Iteration:  11200
Rhat values for alpha, beta, log(sigma^2), mean(xi), log(var(xi)), atanh(corr(xi, eta)):
[1.00122982 1.00129538 1.00084162 1.00203832 0.99998545 1.00152998]

Iteration:  11300
Rhat values for alpha, beta, log(sigma^2), mean(xi), log(var(xi)), atanh(corr(xi, eta)):
[1.00147777 1.00151002 1.0009857  1.00214803 0.99998554 1.00184072]

Iteration:  11400
Rhat values for alpha, beta, log(sigma^2), mean(xi), log(var(xi)), atanh(corr(xi, eta)):
[1.00169825 1.00172704 1.00112079 1.00222685 0.99998545 1.00217416]

Iteration:  11500
Rhat values for alpha, beta, log(sigma^2), mean(xi), log(var(xi)), atanh(corr(xi, eta)):
[1.00135298 1.00137869 1.00088255 1.00217949 0.99998593 1.00168067]

Iteration:  11600
Rhat values for alpha, beta, log(sigma^2), mean(xi), log(var(xi)), atanh(corr(xi, eta)):
[1.00096502 1.00100005 1.00077311 1.00221418 0.9999862  1.00124387]

Iteration:  11700
Rhat values for alpha, beta, log(sigma^2), mean(xi), log(var(xi)), atanh(corr(xi, eta)):
[1.00099824 1.00102023 1.00089681 1.00230864 0.99998566 1.00131278]

Iteration:  11800
Rhat values for alpha, beta, log(sigma^2), mean(xi), log(var(xi)), atanh(corr(xi, eta)):
[1.00115828 1.00114939 1.00104819 1.00231726 0.99998642 1.00151076]

Iteration:  11900
Rhat values for alpha, beta, log(sigma^2), mean(xi), log(var(xi)), atanh(corr(xi, eta)):
[1.0012241  1.00124298 1.00107131 1.00221264 0.99998735 1.00154516]

Iteration:  12000
Rhat values for alpha, beta, log(sigma^2), mean(xi), log(var(xi)), atanh(corr(xi, eta)):
[1.00140306 1.0014218  1.00121872 1.00226204 0.99998723 1.00182167]

Iteration:  12100
Rhat values for alpha, beta, log(sigma^2), mean(xi), log(var(xi)), atanh(corr(xi, eta)):
[1.00137989 1.00140584 1.00089999 1.00221312 0.99998714 1.00164029]

Iteration:  12200
Rhat values for alpha, beta, log(sigma^2), mean(xi), log(var(xi)), atanh(corr(xi, eta)):
[1.00131874 1.00134356 1.00083664 1.0024743  0.9999869  1.00161119]

Iteration:  12300
Rhat values for alpha, beta, log(sigma^2), mean(xi), log(var(xi)), atanh(corr(xi, eta)):
[1.00117944 1.00113106 1.00073855 1.00260702 1.00000651 1.00143321]

Iteration:  12400
Rhat values for alpha, beta, log(sigma^2), mean(xi), log(var(xi)), atanh(corr(xi, eta)):
[1.00116812 1.00106927 1.00075053 1.00287638 1.0000064  1.00149337]

Iteration:  12500
Rhat values for alpha, beta, log(sigma^2), mean(xi), log(var(xi)), atanh(corr(xi, eta)):
[1.00106843 1.00097197 1.00073226 1.0027615  1.00000634 1.00142417]

Iteration:  12600
Rhat values for alpha, beta, log(sigma^2), mean(xi), log(var(xi)), atanh(corr(xi, eta)):
[1.00117636 1.00108681 1.00075013 1.00271013 1.00000627 1.00153915]

Iteration:  12700
Rhat values for alpha, beta, log(sigma^2), mean(xi), log(var(xi)), atanh(corr(xi, eta)):
[1.00113147 1.00103946 1.00072962 1.00264677 1.00000619 1.00147141]

Iteration:  12800
Rhat values for alpha, beta, log(sigma^2), mean(xi), log(var(xi)), atanh(corr(xi, eta)):
[1.00112424 1.00103212 1.00076998 1.00262798 1.00000608 1.00151381]

Iteration:  12900
Rhat values for alpha, beta, log(sigma^2), mean(xi), log(var(xi)), atanh(corr(xi, eta)):
[1.00119833 1.00113061 1.00076035 1.00253649 1.00000605 1.00156146]

Iteration:  13000
Rhat values for alpha, beta, log(sigma^2), mean(xi), log(var(xi)), atanh(corr(xi, eta)):
[1.00132334 1.00127713 1.00073462 1.00260834 1.00000599 1.00163314]

Iteration:  13100
Rhat values for alpha, beta, log(sigma^2), mean(xi), log(var(xi)), atanh(corr(xi, eta)):
[1.00123905 1.0012153  1.00068316 1.00252758 1.00000597 1.0015525 ]

Iteration:  13200
Rhat values for alpha, beta, log(sigma^2), mean(xi), log(var(xi)), atanh(corr(xi, eta)):
[1.00135949 1.00134025 1.00067962 1.00235499 1.00000615 1.00163166]

Iteration:  13300
Rhat values for alpha, beta, log(sigma^2), mean(xi), log(var(xi)), atanh(corr(xi, eta)):
[1.0012819  1.00129038 1.00057008 1.00224516 1.0000061  1.00151249]

Iteration:  13400
Rhat values for alpha, beta, log(sigma^2), mean(xi), log(var(xi)), atanh(corr(xi, eta)):
[1.0014899  1.0015217  1.00062882 1.00204313 1.00000605 1.001693  ]

Iteration:  13500
Rhat values for alpha, beta, log(sigma^2), mean(xi), log(var(xi)), atanh(corr(xi, eta)):
[1.00139804 1.00143762 1.00054788 1.00217752 1.00000591 1.00155805]

Iteration:  13600
Rhat values for alpha, beta, log(sigma^2), mean(xi), log(var(xi)), atanh(corr(xi, eta)):
[1.00126316 1.00133477 1.00062163 1.00201941 1.00000585 1.00149638]

Iteration:  13700
Rhat values for alpha, beta, log(sigma^2), mean(xi), log(var(xi)), atanh(corr(xi, eta)):
[1.00121674 1.00127611 1.0005661  1.0019188  1.00000579 1.00142349]

Iteration:  13800
Rhat values for alpha, beta, log(sigma^2), mean(xi), log(var(xi)), atanh(corr(xi, eta)):
[1.00112862 1.00118888 1.00053034 1.0019036  1.0000057  1.00133275]

Iteration:  13900
Rhat values for alpha, beta, log(sigma^2), mean(xi), log(var(xi)), atanh(corr(xi, eta)):
[1.00109039 1.00114522 1.00053283 1.00185163 1.00000564 1.00133737]

Iteration:  14000
Rhat values for alpha, beta, log(sigma^2), mean(xi), log(var(xi)), atanh(corr(xi, eta)):
[1.00103539 1.00110399 1.00052757 1.00177884 1.0000056  1.00132169]

Iteration:  14100
Rhat values for alpha, beta, log(sigma^2), mean(xi), log(var(xi)), atanh(corr(xi, eta)):
[1.00104534 1.00110777 1.00054736 1.0018382  1.0000055  1.00137011]

Iteration:  14200
Rhat values for alpha, beta, log(sigma^2), mean(xi), log(var(xi)), atanh(corr(xi, eta)):
[1.00122424 1.00129208 1.00058134 1.00172045 1.0000055  1.00149163]

Iteration:  14300
Rhat values for alpha, beta, log(sigma^2), mean(xi), log(var(xi)), atanh(corr(xi, eta)):
[1.00122068 1.00129014 1.00050386 1.00161676 1.00000551 1.00140508]

Iteration:  14400
Rhat values for alpha, beta, log(sigma^2), mean(xi), log(var(xi)), atanh(corr(xi, eta)):
[1.00129063 1.00137299 1.00051797 1.0014966  1.00000549 1.001443  ]

Iteration:  14500
Rhat values for alpha, beta, log(sigma^2), mean(xi), log(var(xi)), atanh(corr(xi, eta)):
[1.00136569 1.00146175 1.00048638 1.00137672 1.00000556 1.00143464]

Iteration:  14600
Rhat values for alpha, beta, log(sigma^2), mean(xi), log(var(xi)), atanh(corr(xi, eta)):
[1.00124461 1.00135719 1.00051707 1.00141656 1.00000553 1.00136956]

Iteration:  14700
Rhat values for alpha, beta, log(sigma^2), mean(xi), log(var(xi)), atanh(corr(xi, eta)):
[1.00122392 1.00132953 1.00057925 1.00136402 1.0000055  1.00140729]

Iteration:  14800
Rhat values for alpha, beta, log(sigma^2), mean(xi), log(var(xi)), atanh(corr(xi, eta)):
[1.00121883 1.00131204 1.00067863 1.00140107 1.00000542 1.00148008]

Iteration:  14900
Rhat values for alpha, beta, log(sigma^2), mean(xi), log(var(xi)), atanh(corr(xi, eta)):
[1.00122786 1.00131848 1.00068892 1.00132356 1.00000537 1.00150513]

Iteration:  15000
Rhat values for alpha, beta, log(sigma^2), mean(xi), log(var(xi)), atanh(corr(xi, eta)):
[1.00134669 1.00142561 1.00079861 1.00132144 1.0000053  1.00164291]

Iteration:  15100
Rhat values for alpha, beta, log(sigma^2), mean(xi), log(var(xi)), atanh(corr(xi, eta)):
[1.00136812 1.0014376  1.00086584 1.00127828 1.00000526 1.00168356]

Iteration:  15200
Rhat values for alpha, beta, log(sigma^2), mean(xi), log(var(xi)), atanh(corr(xi, eta)):
[1.00118684 1.00127334 1.00073943 1.00123622 1.00000521 1.00142844]

Iteration:  15300
Rhat values for alpha, beta, log(sigma^2), mean(xi), log(var(xi)), atanh(corr(xi, eta)):
[1.00105925 1.00117869 1.00068362 1.00114313 1.00000514 1.00123609]

Iteration:  15400
Rhat values for alpha, beta, log(sigma^2), mean(xi), log(var(xi)), atanh(corr(xi, eta)):
[1.00089753 1.0010066  1.0007019  1.00111663 1.00000505 1.00106966]

Iteration:  15500
Rhat values for alpha, beta, log(sigma^2), mean(xi), log(var(xi)), atanh(corr(xi, eta)):
[1.00094814 1.00105024 1.00067168 1.00106299 1.00000499 1.00110961]

Iteration:  15600
Rhat values for alpha, beta, log(sigma^2), mean(xi), log(var(xi)), atanh(corr(xi, eta)):
[1.00088743 1.00098978 1.00055671 1.00118187 1.00000492 1.00100758]

Iteration:  15700
Rhat values for alpha, beta, log(sigma^2), mean(xi), log(var(xi)), atanh(corr(xi, eta)):
[1.00084593 1.00095008 1.00055818 1.0011236  1.00000493 1.00095352]

Iteration:  15800
Rhat values for alpha, beta, log(sigma^2), mean(xi), log(var(xi)), atanh(corr(xi, eta)):
[1.00094949 1.00105056 1.00057725 1.00119056 1.00000491 1.00104043]

Iteration:  15900
Rhat values for alpha, beta, log(sigma^2), mean(xi), log(var(xi)), atanh(corr(xi, eta)):
[1.00090982 1.0010128  1.00061497 1.00110028 1.00000488 1.0010603 ]

Iteration:  16000
Rhat values for alpha, beta, log(sigma^2), mean(xi), log(var(xi)), atanh(corr(xi, eta)):
[1.00086746 1.00095649 1.00062399 1.00109596 1.00000488 1.00103045]

Iteration:  16100
Rhat values for alpha, beta, log(sigma^2), mean(xi), log(var(xi)), atanh(corr(xi, eta)):
[1.00082128 1.0009258  1.00070148 1.00113015 1.00000484 1.00102406]

Iteration:  16200
Rhat values for alpha, beta, log(sigma^2), mean(xi), log(var(xi)), atanh(corr(xi, eta)):
[1.00075824 1.00083061 1.00077915 1.00120041 1.00000479 1.00105972]

Iteration:  16300
Rhat values for alpha, beta, log(sigma^2), mean(xi), log(var(xi)), atanh(corr(xi, eta)):
[1.00072191 1.0007826  1.00080059 1.00122366 1.00000478 1.00102366]

Iteration:  16400
Rhat values for alpha, beta, log(sigma^2), mean(xi), log(var(xi)), atanh(corr(xi, eta)):
[1.00068556 1.00075144 1.00077321 1.00125768 1.00000475 1.00097559]

Iteration:  16500
Rhat values for alpha, beta, log(sigma^2), mean(xi), log(var(xi)), atanh(corr(xi, eta)):
[1.00070063 1.00077223 1.00077877 1.0011689  1.00000472 1.0010279 ]

Iteration:  16600
Rhat values for alpha, beta, log(sigma^2), mean(xi), log(var(xi)), atanh(corr(xi, eta)):
[1.00067791 1.000752   1.0007221  1.00117913 1.0000047  1.00098218]

Iteration:  16700
Rhat values for alpha, beta, log(sigma^2), mean(xi), log(var(xi)), atanh(corr(xi, eta)):
[1.00067651 1.00075462 1.00072393 1.00122599 1.0000047  1.00096468]

Iteration:  16800
Rhat values for alpha, beta, log(sigma^2), mean(xi), log(var(xi)), atanh(corr(xi, eta)):
[1.00067326 1.00075609 1.00067628 1.00125995 1.00000465 1.00093405]

Iteration:  16900
Rhat values for alpha, beta, log(sigma^2), mean(xi), log(var(xi)), atanh(corr(xi, eta)):
[1.00056915 1.00063389 1.00070712 1.00123842 1.00000462 1.00089163]

Iteration:  17000
Rhat values for alpha, beta, log(sigma^2), mean(xi), log(var(xi)), atanh(corr(xi, eta)):
[1.00053942 1.00059917 1.00069775 1.00116228 1.00000458 1.00085742]

Iteration:  17100
Rhat values for alpha, beta, log(sigma^2), mean(xi), log(var(xi)), atanh(corr(xi, eta)):
[1.00049466 1.00055896 1.00069295 1.00108136 1.00000459 1.00083788]

Iteration:  17200
Rhat values for alpha, beta, log(sigma^2), mean(xi), log(var(xi)), atanh(corr(xi, eta)):
[1.00041195 1.00045834 1.00071264 1.00110769 1.00000455 1.00078516]

Iteration:  17300
Rhat values for alpha, beta, log(sigma^2), mean(xi), log(var(xi)), atanh(corr(xi, eta)):
[1.00042148 1.00046808 1.0005529  1.00111248 1.00000448 1.00070557]

Iteration:  17400
Rhat values for alpha, beta, log(sigma^2), mean(xi), log(var(xi)), atanh(corr(xi, eta)):
[1.00038717 1.00044558 1.00055928 1.00119343 1.00000443 1.00067069]

Iteration:  17500
Rhat values for alpha, beta, log(sigma^2), mean(xi), log(var(xi)), atanh(corr(xi, eta)):
[1.0003431  1.00038859 1.0005387  1.00114719 1.00000442 1.00065333]

Iteration:  17600
Rhat values for alpha, beta, log(sigma^2), mean(xi), log(var(xi)), atanh(corr(xi, eta)):
[1.00034514 1.00039555 1.00051696 1.00117477 1.00000436 1.00066039]

Iteration:  17700
Rhat values for alpha, beta, log(sigma^2), mean(xi), log(var(xi)), atanh(corr(xi, eta)):
[1.00027338 1.00032417 1.00048624 1.00108217 1.00000434 1.00056909]

Iteration:  17800
Rhat values for alpha, beta, log(sigma^2), mean(xi), log(var(xi)), atanh(corr(xi, eta)):
[1.0003318  1.00040099 1.0004315  1.0009412  1.00000429 1.00058311]

Iteration:  17900
Rhat values for alpha, beta, log(sigma^2), mean(xi), log(var(xi)), atanh(corr(xi, eta)):
[1.0004123  1.00048276 1.00045968 1.000918   1.00000429 1.00066914]

Iteration:  18000
Rhat values for alpha, beta, log(sigma^2), mean(xi), log(var(xi)), atanh(corr(xi, eta)):
[1.00034429 1.00041187 1.00050211 1.00093666 1.00000424 1.00061076]

Iteration:  18100
Rhat values for alpha, beta, log(sigma^2), mean(xi), log(var(xi)), atanh(corr(xi, eta)):
[1.00038078 1.00045104 1.00049511 1.0008862  1.00000419 1.00064294]

Iteration:  18200
Rhat values for alpha, beta, log(sigma^2), mean(xi), log(var(xi)), atanh(corr(xi, eta)):
[1.00046031 1.00053005 1.00051315 1.00087477 1.00000413 1.0007398 ]

Iteration:  18300
Rhat values for alpha, beta, log(sigma^2), mean(xi), log(var(xi)), atanh(corr(xi, eta)):
[1.00044154 1.00050415 1.00043007 1.00083795 1.00000418 1.00068763]

Iteration:  18400
Rhat values for alpha, beta, log(sigma^2), mean(xi), log(var(xi)), atanh(corr(xi, eta)):
[1.00037623 1.00042314 1.00040132 1.00087969 1.00000414 1.00059817]

Iteration:  18500
Rhat values for alpha, beta, log(sigma^2), mean(xi), log(var(xi)), atanh(corr(xi, eta)):
[1.00040948 1.00045965 1.00041256 1.00087326 1.00000411 1.00062221]

Iteration:  18600
Rhat values for alpha, beta, log(sigma^2), mean(xi), log(var(xi)), atanh(corr(xi, eta)):
[1.00038112 1.0004274  1.00042153 1.00083572 1.0000041  1.0006169 ]

Iteration:  18700
Rhat values for alpha, beta, log(sigma^2), mean(xi), log(var(xi)), atanh(corr(xi, eta)):
[1.00040166 1.00045955 1.00043678 1.00083947 1.00000408 1.00063437]

Iteration:  18800
Rhat values for alpha, beta, log(sigma^2), mean(xi), log(var(xi)), atanh(corr(xi, eta)):
[1.00055531 1.0006065  1.00056869 1.00080608 1.00000408 1.00084561]

Iteration:  18900
Rhat values for alpha, beta, log(sigma^2), mean(xi), log(var(xi)), atanh(corr(xi, eta)):
[1.00068731 1.00074223 1.0006743  1.00075397 1.00000405 1.00101462]

Iteration:  19000
Rhat values for alpha, beta, log(sigma^2), mean(xi), log(var(xi)), atanh(corr(xi, eta)):
[1.00077445 1.00082877 1.00071205 1.00061301 1.00000405 1.00111004]

Iteration:  19100
Rhat values for alpha, beta, log(sigma^2), mean(xi), log(var(xi)), atanh(corr(xi, eta)):
[1.00084886 1.00091607 1.00071604 1.00059729 1.00000405 1.00120443]

Iteration:  19200
Rhat values for alpha, beta, log(sigma^2), mean(xi), log(var(xi)), atanh(corr(xi, eta)):
[1.00083937 1.00089742 1.00078701 1.00066095 1.000004   1.00128205]

Iteration:  19300
Rhat values for alpha, beta, log(sigma^2), mean(xi), log(var(xi)), atanh(corr(xi, eta)):
[1.0008566  1.00091182 1.00076889 1.00071368 1.00000397 1.00129213]

Iteration:  19400
Rhat values for alpha, beta, log(sigma^2), mean(xi), log(var(xi)), atanh(corr(xi, eta)):
[1.00094619 1.00101426 1.00081707 1.00070201 1.00000398 1.0014087 ]

Iteration:  19500
Rhat values for alpha, beta, log(sigma^2), mean(xi), log(var(xi)), atanh(corr(xi, eta)):
[1.00083882 1.00088278 1.00080914 1.00072339 1.00000396 1.00132888]

Iteration:  19600
Rhat values for alpha, beta, log(sigma^2), mean(xi), log(var(xi)), atanh(corr(xi, eta)):
[1.00077724 1.00080683 1.00076275 1.00069558 1.00000396 1.00120612]

Iteration:  19700
Rhat values for alpha, beta, log(sigma^2), mean(xi), log(var(xi)), atanh(corr(xi, eta)):
[1.00075649 1.000793   1.00074005 1.00067072 1.00000395 1.00116091]

Iteration:  19800
Rhat values for alpha, beta, log(sigma^2), mean(xi), log(var(xi)), atanh(corr(xi, eta)):
[1.00072291 1.0007575  1.00070105 1.00065753 1.00000395 1.0011252 ]

Iteration:  19900
Rhat values for alpha, beta, log(sigma^2), mean(xi), log(var(xi)), atanh(corr(xi, eta)):
[1.00062758 1.00065322 1.00062133 1.00068492 1.0000039  1.00098499]

Iteration:  20000
Rhat values for alpha, beta, log(sigma^2), mean(xi), log(var(xi)), atanh(corr(xi, eta)):
[1.00051112 1.00053339 1.00053423 1.00070345 1.00000386 1.0008243 ]
{"name": "C25_G11_hr_original", "n": 199, "mean": -0.03634627661001288, "sd": 0.015047251719816973, "median": -0.036275773551983734, "q16_84": [-0.051144690271586725, -0.021634793270587437], "q025_975": [-0.06640507339064038, -0.006831958084112504], "p_negative": 0.991975, "scatter_mean": 0.12917980303754467, "retained_draws": 40000, "seed": 20260937, "rhat_retained": {"alpha": 1.00215019286845, "beta": 1.0023562761115292, "sigsqr": 1.001149142688257}}
START C25_R19_hr_C25 102

Iteration:  100
Rhat values for alpha, beta, log(sigma^2), mean(xi), log(var(xi)), atanh(corr(xi, eta)):
[1.02004779 1.02263495 1.03977642 1.00963199 1.05426031 1.06671685]

Iteration:  200
Rhat values for alpha, beta, log(sigma^2), mean(xi), log(var(xi)), atanh(corr(xi, eta)):
[0.99987164 0.99877807 1.01399088 1.01136834 1.01502765 1.01865554]

Iteration:  300
Rhat values for alpha, beta, log(sigma^2), mean(xi), log(var(xi)), atanh(corr(xi, eta)):
[1.01296302 1.01506629 1.01604105 1.02173791 1.0160351  1.01149414]

Iteration:  400
Rhat values for alpha, beta, log(sigma^2), mean(xi), log(var(xi)), atanh(corr(xi, eta)):
[1.02294641 1.02925426 1.00964355 1.02918593 1.01663048 1.01380371]

Iteration:  500
Rhat values for alpha, beta, log(sigma^2), mean(xi), log(var(xi)), atanh(corr(xi, eta)):
[1.01996567 1.02304591 1.01898829 1.01998476 1.00150589 1.01746374]

Iteration:  600
Rhat values for alpha, beta, log(sigma^2), mean(xi), log(var(xi)), atanh(corr(xi, eta)):
[1.01505169 1.0172343  1.01711379 1.01452653 1.001434   1.01308836]

Iteration:  700
Rhat values for alpha, beta, log(sigma^2), mean(xi), log(var(xi)), atanh(corr(xi, eta)):
[1.00997937 1.01195431 1.0195655  1.02121542 1.00159591 1.01360506]

Iteration:  800
Rhat values for alpha, beta, log(sigma^2), mean(xi), log(var(xi)), atanh(corr(xi, eta)):
[1.00939481 1.01125208 1.01603959 1.01384272 1.00195548 1.00969221]

Iteration:  900
Rhat values for alpha, beta, log(sigma^2), mean(xi), log(var(xi)), atanh(corr(xi, eta)):
[1.00861469 1.01013572 1.01250445 1.00899004 1.00233056 1.00890022]

Iteration:  1000
Rhat values for alpha, beta, log(sigma^2), mean(xi), log(var(xi)), atanh(corr(xi, eta)):
[1.00659994 1.00720099 1.01083826 1.00502865 1.00194641 1.00809009]

Iteration:  1100
Rhat values for alpha, beta, log(sigma^2), mean(xi), log(var(xi)), atanh(corr(xi, eta)):
[1.00591993 1.00666802 1.00724129 1.00490091 1.00182038 1.0068961 ]

Iteration:  1200
Rhat values for alpha, beta, log(sigma^2), mean(xi), log(var(xi)), atanh(corr(xi, eta)):
[1.00490927 1.00505677 1.00558609 1.00816309 1.00193232 1.00506646]

Iteration:  1300
Rhat values for alpha, beta, log(sigma^2), mean(xi), log(var(xi)), atanh(corr(xi, eta)):
[1.0064632  1.00673208 1.00547428 1.00862781 1.00162653 1.0072937 ]

Iteration:  1400
Rhat values for alpha, beta, log(sigma^2), mean(xi), log(var(xi)), atanh(corr(xi, eta)):
[1.00858523 1.00948125 1.0068212  1.0095519  1.00156585 1.00826588]

Iteration:  1500
Rhat values for alpha, beta, log(sigma^2), mean(xi), log(var(xi)), atanh(corr(xi, eta)):
[1.00763931 1.00835128 1.0073705  1.00916926 1.00153661 1.0109365 ]

Iteration:  1600
Rhat values for alpha, beta, log(sigma^2), mean(xi), log(var(xi)), atanh(corr(xi, eta)):
[1.00766409 1.00805683 1.00689461 1.00540878 1.00169141 1.01089786]

Iteration:  1700
Rhat values for alpha, beta, log(sigma^2), mean(xi), log(var(xi)), atanh(corr(xi, eta)):
[1.00654497 1.00674672 1.00781821 1.00608394 1.00163532 1.0113314 ]

Iteration:  1800
Rhat values for alpha, beta, log(sigma^2), mean(xi), log(var(xi)), atanh(corr(xi, eta)):
[1.00552586 1.0057191  1.00637698 1.00505712 1.00159311 1.00918784]

Iteration:  1900
Rhat values for alpha, beta, log(sigma^2), mean(xi), log(var(xi)), atanh(corr(xi, eta)):
[1.00508237 1.00559506 1.00381586 1.00458161 1.00208554 1.00713076]

Iteration:  2000
Rhat values for alpha, beta, log(sigma^2), mean(xi), log(var(xi)), atanh(corr(xi, eta)):
[1.00431193 1.00485942 1.00169792 1.00447658 1.00207095 1.00381204]

Iteration:  2100
Rhat values for alpha, beta, log(sigma^2), mean(xi), log(var(xi)), atanh(corr(xi, eta)):
[1.00611913 1.00611827 1.0015846  1.00373827 1.00205224 1.00420091]

Iteration:  2200
Rhat values for alpha, beta, log(sigma^2), mean(xi), log(var(xi)), atanh(corr(xi, eta)):
[1.00533565 1.0051032  1.00140193 1.0034326  1.00196451 1.0034609 ]

Iteration:  2300
Rhat values for alpha, beta, log(sigma^2), mean(xi), log(var(xi)), atanh(corr(xi, eta)):
[1.00652291 1.00663771 1.00147991 1.00328483 1.00197361 1.00312892]

Iteration:  2400
Rhat values for alpha, beta, log(sigma^2), mean(xi), log(var(xi)), atanh(corr(xi, eta)):
[1.00640812 1.00652605 1.00157109 1.00275698 1.00187522 1.00276294]

Iteration:  2500
Rhat values for alpha, beta, log(sigma^2), mean(xi), log(var(xi)), atanh(corr(xi, eta)):
[1.00600177 1.00595338 1.00079159 1.00277731 1.00183612 1.00251009]

Iteration:  2600
Rhat values for alpha, beta, log(sigma^2), mean(xi), log(var(xi)), atanh(corr(xi, eta)):
[1.00520241 1.00532039 1.00025401 1.00321046 1.00188114 1.00220346]

Iteration:  2700
Rhat values for alpha, beta, log(sigma^2), mean(xi), log(var(xi)), atanh(corr(xi, eta)):
[1.00509884 1.00506514 1.00005431 1.00225861 1.0017795  1.00178378]

Iteration:  2800
Rhat values for alpha, beta, log(sigma^2), mean(xi), log(var(xi)), atanh(corr(xi, eta)):
[1.0058153  1.0058427  1.00031793 1.00178049 1.00170388 1.00156265]

Iteration:  2900
Rhat values for alpha, beta, log(sigma^2), mean(xi), log(var(xi)), atanh(corr(xi, eta)):
[1.00563535 1.00569637 1.00048365 1.0013541  1.0011832  1.00131228]

Iteration:  3000
Rhat values for alpha, beta, log(sigma^2), mean(xi), log(var(xi)), atanh(corr(xi, eta)):
[1.00490056 1.00480251 1.00009662 1.00171193 1.00116914 1.00104445]

Iteration:  3100
Rhat values for alpha, beta, log(sigma^2), mean(xi), log(var(xi)), atanh(corr(xi, eta)):
[1.00420232 1.00422529 1.00006672 1.00144709 1.00112542 1.00066617]

Iteration:  3200
Rhat values for alpha, beta, log(sigma^2), mean(xi), log(var(xi)), atanh(corr(xi, eta)):
[1.00443244 1.00450421 1.00046044 1.00103102 1.00103938 1.00079389]

Iteration:  3300
Rhat values for alpha, beta, log(sigma^2), mean(xi), log(var(xi)), atanh(corr(xi, eta)):
[1.00404116 1.00413608 1.00021102 1.00076155 1.00098668 1.00079667]

Iteration:  3400
Rhat values for alpha, beta, log(sigma^2), mean(xi), log(var(xi)), atanh(corr(xi, eta)):
[1.00283164 1.00289013 0.99997134 1.00063535 1.00090271 1.00034015]

Iteration:  3500
Rhat values for alpha, beta, log(sigma^2), mean(xi), log(var(xi)), atanh(corr(xi, eta)):
[1.00224121 1.00230169 1.0000717  1.00037728 1.00082922 1.00005553]

Iteration:  3600
Rhat values for alpha, beta, log(sigma^2), mean(xi), log(var(xi)), atanh(corr(xi, eta)):
[1.00212587 1.00224346 1.00002185 1.00031342 1.00000131 0.99986867]

Iteration:  3700
Rhat values for alpha, beta, log(sigma^2), mean(xi), log(var(xi)), atanh(corr(xi, eta)):
[1.00212319 1.00225892 1.0001455  1.00037977 0.99999581 0.99991587]

Iteration:  3800
Rhat values for alpha, beta, log(sigma^2), mean(xi), log(var(xi)), atanh(corr(xi, eta)):
[1.00167098 1.00183822 0.99995413 1.00046075 0.99999531 0.99991973]

Iteration:  3900
Rhat values for alpha, beta, log(sigma^2), mean(xi), log(var(xi)), atanh(corr(xi, eta)):
[1.00154586 1.0015952  0.99999698 1.00042147 0.99999828 0.99979655]

Iteration:  4000
Rhat values for alpha, beta, log(sigma^2), mean(xi), log(var(xi)), atanh(corr(xi, eta)):
[1.00112337 1.00108956 0.99998779 1.00012839 0.9999963  0.99977775]

Iteration:  4100
Rhat values for alpha, beta, log(sigma^2), mean(xi), log(var(xi)), atanh(corr(xi, eta)):
[1.00142363 1.00138372 0.99990477 1.00011939 0.99999609 0.99984147]

Iteration:  4200
Rhat values for alpha, beta, log(sigma^2), mean(xi), log(var(xi)), atanh(corr(xi, eta)):
[1.00127788 1.00131212 0.99987206 1.00005397 0.99999199 0.99985639]

Iteration:  4300
Rhat values for alpha, beta, log(sigma^2), mean(xi), log(var(xi)), atanh(corr(xi, eta)):
[1.00150806 1.00155467 0.99989371 1.0000977  0.9999913  0.99991502]

Iteration:  4400
Rhat values for alpha, beta, log(sigma^2), mean(xi), log(var(xi)), atanh(corr(xi, eta)):
[1.00158331 1.00170887 1.000103   1.000133   0.99999339 0.99988927]

Iteration:  4500
Rhat values for alpha, beta, log(sigma^2), mean(xi), log(var(xi)), atanh(corr(xi, eta)):
[1.00146163 1.00148704 1.00027341 1.00010779 0.99999428 0.99984883]

Iteration:  4600
Rhat values for alpha, beta, log(sigma^2), mean(xi), log(var(xi)), atanh(corr(xi, eta)):
[1.00143244 1.00138294 1.00002234 1.00020383 0.99999566 0.99988392]

Iteration:  4700
Rhat values for alpha, beta, log(sigma^2), mean(xi), log(var(xi)), atanh(corr(xi, eta)):
[1.00118656 1.00108942 1.00008074 1.0001661  0.9999815  0.99991077]

Iteration:  4800
Rhat values for alpha, beta, log(sigma^2), mean(xi), log(var(xi)), atanh(corr(xi, eta)):
[1.00132528 1.00127789 1.00001693 0.99999504 0.9999815  0.99991641]

Iteration:  4900
Rhat values for alpha, beta, log(sigma^2), mean(xi), log(var(xi)), atanh(corr(xi, eta)):
[1.00113938 1.00120361 1.00002845 1.00020211 0.99998481 0.99993443]

Iteration:  5000
Rhat values for alpha, beta, log(sigma^2), mean(xi), log(var(xi)), atanh(corr(xi, eta)):
[1.00119809 1.00133936 1.00020844 1.00042009 0.99998524 0.99987186]

Iteration:  5100
Rhat values for alpha, beta, log(sigma^2), mean(xi), log(var(xi)), atanh(corr(xi, eta)):
[1.00137066 1.00146041 1.00031182 1.00040301 0.9999854  0.99990827]

Iteration:  5200
Rhat values for alpha, beta, log(sigma^2), mean(xi), log(var(xi)), atanh(corr(xi, eta)):
[1.0013592  1.00144516 1.00029719 1.00026613 0.99998576 0.99991446]

Iteration:  5300
Rhat values for alpha, beta, log(sigma^2), mean(xi), log(var(xi)), atanh(corr(xi, eta)):
[1.0012016  1.00131482 1.00035701 1.00026383 0.99998593 0.99989169]

Iteration:  5400
Rhat values for alpha, beta, log(sigma^2), mean(xi), log(var(xi)), atanh(corr(xi, eta)):
[1.0009464  1.00105676 1.00030009 1.00034622 0.99998632 0.99992548]

Iteration:  5500
Rhat values for alpha, beta, log(sigma^2), mean(xi), log(var(xi)), atanh(corr(xi, eta)):
[1.00090155 1.00098356 1.00045879 1.00026937 0.99998649 0.99996499]

Iteration:  5600
Rhat values for alpha, beta, log(sigma^2), mean(xi), log(var(xi)), atanh(corr(xi, eta)):
[1.0007585  1.00077516 1.00039418 1.00043668 0.99998675 0.99995546]

Iteration:  5700
Rhat values for alpha, beta, log(sigma^2), mean(xi), log(var(xi)), atanh(corr(xi, eta)):
[1.00056174 1.00057913 1.00049018 1.00058341 0.99998534 0.99998658]

Iteration:  5800
Rhat values for alpha, beta, log(sigma^2), mean(xi), log(var(xi)), atanh(corr(xi, eta)):
[1.00053769 1.00055594 1.00055318 1.00054763 0.99998568 0.99999856]

Iteration:  5900
Rhat values for alpha, beta, log(sigma^2), mean(xi), log(var(xi)), atanh(corr(xi, eta)):
[1.00040834 1.00046714 1.00033226 1.00076381 0.99998573 0.99997017]

Iteration:  6000
Rhat values for alpha, beta, log(sigma^2), mean(xi), log(var(xi)), atanh(corr(xi, eta)):
[1.00042338 1.00050231 1.00020817 1.00084638 0.99998596 0.99992698]

Iteration:  6100
Rhat values for alpha, beta, log(sigma^2), mean(xi), log(var(xi)), atanh(corr(xi, eta)):
[1.00070896 1.00080974 1.00019193 1.00086369 0.99998613 0.99988235]

Iteration:  6200
Rhat values for alpha, beta, log(sigma^2), mean(xi), log(var(xi)), atanh(corr(xi, eta)):
[1.0009478  1.00108747 1.00016194 1.00087285 0.99998638 0.99988013]

Iteration:  6300
Rhat values for alpha, beta, log(sigma^2), mean(xi), log(var(xi)), atanh(corr(xi, eta)):
[1.0009324  1.00106487 1.00024566 1.0008012  0.9999861  0.99995462]

Iteration:  6400
Rhat values for alpha, beta, log(sigma^2), mean(xi), log(var(xi)), atanh(corr(xi, eta)):
[1.00122504 1.00144811 1.00023832 1.00067052 0.99998648 0.99994504]

Iteration:  6500
Rhat values for alpha, beta, log(sigma^2), mean(xi), log(var(xi)), atanh(corr(xi, eta)):
[1.00148398 1.00173074 1.00023601 1.00070646 0.99998666 0.99994572]

Iteration:  6600
Rhat values for alpha, beta, log(sigma^2), mean(xi), log(var(xi)), atanh(corr(xi, eta)):
[1.0014205  1.00169595 1.00030002 1.00084325 0.99998646 0.9999505 ]

Iteration:  6700
Rhat values for alpha, beta, log(sigma^2), mean(xi), log(var(xi)), atanh(corr(xi, eta)):
[1.001013   1.00124006 1.00011316 1.00087042 0.99998661 0.99988462]

Iteration:  6800
Rhat values for alpha, beta, log(sigma^2), mean(xi), log(var(xi)), atanh(corr(xi, eta)):
[1.00087606 1.00110766 1.0001102  1.00067468 0.9999867  0.99986707]

Iteration:  6900
Rhat values for alpha, beta, log(sigma^2), mean(xi), log(var(xi)), atanh(corr(xi, eta)):
[1.00092976 1.00116292 1.00016347 1.0007209  0.99998701 0.99989153]

Iteration:  7000
Rhat values for alpha, beta, log(sigma^2), mean(xi), log(var(xi)), atanh(corr(xi, eta)):
[1.00108717 1.00132331 1.0001876  1.00052529 0.99998712 0.99991727]

Iteration:  7100
Rhat values for alpha, beta, log(sigma^2), mean(xi), log(var(xi)), atanh(corr(xi, eta)):
[1.00113612 1.00140568 1.00021174 1.0007037  0.99998739 0.99993059]

Iteration:  7200
Rhat values for alpha, beta, log(sigma^2), mean(xi), log(var(xi)), atanh(corr(xi, eta)):
[1.0010428  1.00127945 1.00012372 1.00060032 0.99998748 0.9999008 ]

Iteration:  7300
Rhat values for alpha, beta, log(sigma^2), mean(xi), log(var(xi)), atanh(corr(xi, eta)):
[1.00108489 1.00130315 1.00007524 1.00063644 0.99998763 0.99990514]

Iteration:  7400
Rhat values for alpha, beta, log(sigma^2), mean(xi), log(var(xi)), atanh(corr(xi, eta)):
[1.00086179 1.00107478 1.00016023 1.0007795  0.99998783 0.99990048]

Iteration:  7500
Rhat values for alpha, beta, log(sigma^2), mean(xi), log(var(xi)), atanh(corr(xi, eta)):
[1.00067612 1.00092828 1.0001846  1.00084654 0.99998809 0.99989803]

Iteration:  7600
Rhat values for alpha, beta, log(sigma^2), mean(xi), log(var(xi)), atanh(corr(xi, eta)):
[1.00072278 1.00097448 1.00016095 1.00063174 0.99994733 0.99990391]

Iteration:  7700
Rhat values for alpha, beta, log(sigma^2), mean(xi), log(var(xi)), atanh(corr(xi, eta)):
[1.00074821 1.001065   1.00020096 1.00079872 0.99994808 0.99991666]

Iteration:  7800
Rhat values for alpha, beta, log(sigma^2), mean(xi), log(var(xi)), atanh(corr(xi, eta)):
[1.0006646  1.00090885 1.00020188 1.00052402 0.9999487  0.99993521]

Iteration:  7900
Rhat values for alpha, beta, log(sigma^2), mean(xi), log(var(xi)), atanh(corr(xi, eta)):
[1.00065487 1.00091936 1.00014043 1.00069975 0.99994936 0.99992383]

Iteration:  8000
Rhat values for alpha, beta, log(sigma^2), mean(xi), log(var(xi)), atanh(corr(xi, eta)):
[1.00073446 1.00097595 1.00011425 1.00056709 0.99995001 0.99993278]

Iteration:  8100
Rhat values for alpha, beta, log(sigma^2), mean(xi), log(var(xi)), atanh(corr(xi, eta)):
[1.00076196 1.00097084 1.00005278 1.00053004 0.99995062 0.99993486]

Iteration:  8200
Rhat values for alpha, beta, log(sigma^2), mean(xi), log(var(xi)), atanh(corr(xi, eta)):
[1.00073679 1.00093532 1.00004948 1.00050537 0.99995125 0.9999388 ]

Iteration:  8300
Rhat values for alpha, beta, log(sigma^2), mean(xi), log(var(xi)), atanh(corr(xi, eta)):
[1.00072661 1.00096266 1.0000634  1.00051096 0.9999519  0.99992896]

Iteration:  8400
Rhat values for alpha, beta, log(sigma^2), mean(xi), log(var(xi)), atanh(corr(xi, eta)):
[1.00080425 1.00105455 1.00009    1.00059863 0.99995236 0.99994182]

Iteration:  8500
Rhat values for alpha, beta, log(sigma^2), mean(xi), log(var(xi)), atanh(corr(xi, eta)):
[1.0007818  1.00105097 1.00015891 1.00067072 0.99995293 0.99996305]

Iteration:  8600
Rhat values for alpha, beta, log(sigma^2), mean(xi), log(var(xi)), atanh(corr(xi, eta)):
[1.0008543  1.00117943 1.00023123 1.00087056 0.99995348 0.99999804]

Iteration:  8700
Rhat values for alpha, beta, log(sigma^2), mean(xi), log(var(xi)), atanh(corr(xi, eta)):
[1.00096699 1.00128408 1.00036158 1.00088278 0.999954   1.00008121]

Iteration:  8800
Rhat values for alpha, beta, log(sigma^2), mean(xi), log(var(xi)), atanh(corr(xi, eta)):
[1.00084699 1.00114067 1.00034681 1.00082728 0.99995454 1.00005773]

Iteration:  8900
Rhat values for alpha, beta, log(sigma^2), mean(xi), log(var(xi)), atanh(corr(xi, eta)):
[1.00086701 1.00121157 1.0002857  1.0008509  0.99997263 1.0000212 ]

Iteration:  9000
Rhat values for alpha, beta, log(sigma^2), mean(xi), log(var(xi)), atanh(corr(xi, eta)):
[1.00105215 1.00135417 1.00038045 1.00072696 0.99997299 1.00008372]

Iteration:  9100
Rhat values for alpha, beta, log(sigma^2), mean(xi), log(var(xi)), atanh(corr(xi, eta)):
[1.00103528 1.00136356 1.00029195 1.00083529 0.99997344 1.00005026]

Iteration:  9200
Rhat values for alpha, beta, log(sigma^2), mean(xi), log(var(xi)), atanh(corr(xi, eta)):
[1.00089447 1.00118482 1.00026928 1.00066556 0.99997373 1.00002448]

Iteration:  9300
Rhat values for alpha, beta, log(sigma^2), mean(xi), log(var(xi)), atanh(corr(xi, eta)):
[1.0010334  1.00130604 1.00027766 1.00061798 0.99997401 1.00004452]

Iteration:  9400
Rhat values for alpha, beta, log(sigma^2), mean(xi), log(var(xi)), atanh(corr(xi, eta)):
[1.00108184 1.00141441 1.00028446 1.00088901 0.99997434 1.0000479 ]

Iteration:  9500
Rhat values for alpha, beta, log(sigma^2), mean(xi), log(var(xi)), atanh(corr(xi, eta)):
[1.00108698 1.00139932 1.00020992 1.00087347 0.99997472 1.00000887]

Iteration:  9600
Rhat values for alpha, beta, log(sigma^2), mean(xi), log(var(xi)), atanh(corr(xi, eta)):
[1.00113514 1.00149842 1.00034363 1.00083124 0.99997496 1.0000595 ]

Iteration:  9700
Rhat values for alpha, beta, log(sigma^2), mean(xi), log(var(xi)), atanh(corr(xi, eta)):
[1.00112941 1.00147187 1.00031296 1.00073638 0.99997531 1.0000485 ]

Iteration:  9800
Rhat values for alpha, beta, log(sigma^2), mean(xi), log(var(xi)), atanh(corr(xi, eta)):
[1.00123995 1.00158775 1.00031002 1.00072222 0.99997549 1.00011298]

Iteration:  9900
Rhat values for alpha, beta, log(sigma^2), mean(xi), log(var(xi)), atanh(corr(xi, eta)):
[1.00110502 1.00145367 1.00035497 1.00070988 0.9999887  1.00006379]

Iteration:  10000
Rhat values for alpha, beta, log(sigma^2), mean(xi), log(var(xi)), atanh(corr(xi, eta)):
[1.00100171 1.00132269 1.00040087 1.00074192 0.99998882 1.00005561]

Iteration:  10100
Rhat values for alpha, beta, log(sigma^2), mean(xi), log(var(xi)), atanh(corr(xi, eta)):
[1.00100079 1.00131213 1.00036825 1.00078272 0.99998893 1.00007148]

Iteration:  10200
Rhat values for alpha, beta, log(sigma^2), mean(xi), log(var(xi)), atanh(corr(xi, eta)):
[1.00083777 1.00111108 1.00034918 1.00072687 0.99999219 1.00006693]

Iteration:  10300
Rhat values for alpha, beta, log(sigma^2), mean(xi), log(var(xi)), atanh(corr(xi, eta)):
[1.00079346 1.00106246 1.00041012 1.00062757 0.99999249 1.00010835]

Iteration:  10400
Rhat values for alpha, beta, log(sigma^2), mean(xi), log(var(xi)), atanh(corr(xi, eta)):
[1.00069918 1.00096177 1.00038188 1.00074542 0.99999256 1.00010673]

Iteration:  10500
Rhat values for alpha, beta, log(sigma^2), mean(xi), log(var(xi)), atanh(corr(xi, eta)):
[1.00082205 1.00112083 1.00051472 1.00065215 0.99999263 1.00016992]

Iteration:  10600
Rhat values for alpha, beta, log(sigma^2), mean(xi), log(var(xi)), atanh(corr(xi, eta)):
[1.00087396 1.00119175 1.00052243 1.00062265 0.9999927  1.0001887 ]

Iteration:  10700
Rhat values for alpha, beta, log(sigma^2), mean(xi), log(var(xi)), atanh(corr(xi, eta)):
[1.00089165 1.00125652 1.00043741 1.00067069 0.99999271 1.00019109]

Iteration:  10800
Rhat values for alpha, beta, log(sigma^2), mean(xi), log(var(xi)), atanh(corr(xi, eta)):
[1.00089982 1.00126834 1.00045431 1.00082865 0.99999278 1.00020475]

Iteration:  10900
Rhat values for alpha, beta, log(sigma^2), mean(xi), log(var(xi)), atanh(corr(xi, eta)):
[1.00074613 1.00113062 1.00039756 1.00095709 0.99999284 1.00012134]

Iteration:  11000
Rhat values for alpha, beta, log(sigma^2), mean(xi), log(var(xi)), atanh(corr(xi, eta)):
[1.00070048 1.00109906 1.00038254 1.0010005  0.9999929  1.00010358]

Iteration:  11100
Rhat values for alpha, beta, log(sigma^2), mean(xi), log(var(xi)), atanh(corr(xi, eta)):
[1.00072022 1.00113098 1.00035417 1.00107426 0.99999297 1.00007044]

Iteration:  11200
Rhat values for alpha, beta, log(sigma^2), mean(xi), log(var(xi)), atanh(corr(xi, eta)):
[1.00065035 1.00105488 1.00033393 1.00109097 0.99999304 1.00004393]

Iteration:  11300
Rhat values for alpha, beta, log(sigma^2), mean(xi), log(var(xi)), atanh(corr(xi, eta)):
[1.0006021  1.00102043 1.00028695 1.00110736 0.9999931  1.00005501]

Iteration:  11400
Rhat values for alpha, beta, log(sigma^2), mean(xi), log(var(xi)), atanh(corr(xi, eta)):
[1.00053967 1.00091351 1.00033087 1.00109136 0.99999316 1.00006923]

Iteration:  11500
Rhat values for alpha, beta, log(sigma^2), mean(xi), log(var(xi)), atanh(corr(xi, eta)):
[1.0004341  1.00075647 1.00032169 1.00104944 0.99999322 1.00004956]

Iteration:  11600
Rhat values for alpha, beta, log(sigma^2), mean(xi), log(var(xi)), atanh(corr(xi, eta)):
[1.00041508 1.00073716 1.00052471 1.00094614 0.99999328 1.00012986]

Iteration:  11700
Rhat values for alpha, beta, log(sigma^2), mean(xi), log(var(xi)), atanh(corr(xi, eta)):
[1.00045831 1.00081004 1.00041484 1.00089308 0.99999333 1.00008899]

Iteration:  11800
Rhat values for alpha, beta, log(sigma^2), mean(xi), log(var(xi)), atanh(corr(xi, eta)):
[1.00040178 1.00074199 1.00035409 1.00086085 0.99999339 1.00007011]

Iteration:  11900
Rhat values for alpha, beta, log(sigma^2), mean(xi), log(var(xi)), atanh(corr(xi, eta)):
[1.00035412 1.00067311 1.00037758 1.00080191 0.99999344 1.00008686]

Iteration:  12000
Rhat values for alpha, beta, log(sigma^2), mean(xi), log(var(xi)), atanh(corr(xi, eta)):
[1.00038741 1.00068255 1.00033505 1.00074048 1.         1.00008564]

Iteration:  12100
Rhat values for alpha, beta, log(sigma^2), mean(xi), log(var(xi)), atanh(corr(xi, eta)):
[1.00028972 1.00056309 1.00033887 1.00066528 1.         1.00007205]

Iteration:  12200
Rhat values for alpha, beta, log(sigma^2), mean(xi), log(var(xi)), atanh(corr(xi, eta)):
[1.00032598 1.00060216 1.00039051 1.00056142 1.         1.00010074]

Iteration:  12300
Rhat values for alpha, beta, log(sigma^2), mean(xi), log(var(xi)), atanh(corr(xi, eta)):
[1.00037556 1.0006592  1.00039145 1.00052133 1.         1.00010557]

Iteration:  12400
Rhat values for alpha, beta, log(sigma^2), mean(xi), log(var(xi)), atanh(corr(xi, eta)):
[1.0003284  1.0005888  1.00036616 1.00051323 1.         1.00008946]

Iteration:  12500
Rhat values for alpha, beta, log(sigma^2), mean(xi), log(var(xi)), atanh(corr(xi, eta)):
[1.00043027 1.0007276  1.00035561 1.00050968 1.         1.00009204]

Iteration:  12600
Rhat values for alpha, beta, log(sigma^2), mean(xi), log(var(xi)), atanh(corr(xi, eta)):
[1.00049023 1.00081717 1.00040318 1.0005818  1.         1.00011477]

Iteration:  12700
Rhat values for alpha, beta, log(sigma^2), mean(xi), log(var(xi)), atanh(corr(xi, eta)):
[1.00044639 1.00075101 1.00038549 1.00053964 1.         1.00010245]

Iteration:  12800
Rhat values for alpha, beta, log(sigma^2), mean(xi), log(var(xi)), atanh(corr(xi, eta)):
[1.00043136 1.00073028 1.0003473  1.00048184 1.         1.00008045]

Iteration:  12900
Rhat values for alpha, beta, log(sigma^2), mean(xi), log(var(xi)), atanh(corr(xi, eta)):
[1.00041681 1.00071548 1.00033882 1.00044438 1.         1.00008014]

Iteration:  13000
Rhat values for alpha, beta, log(sigma^2), mean(xi), log(var(xi)), atanh(corr(xi, eta)):
[1.00046276 1.00080353 1.00031066 1.00054825 1.         1.0000677 ]

Iteration:  13100
Rhat values for alpha, beta, log(sigma^2), mean(xi), log(var(xi)), atanh(corr(xi, eta)):
[1.00042501 1.00074604 1.00031757 1.00054564 1.         1.00006063]

Iteration:  13200
Rhat values for alpha, beta, log(sigma^2), mean(xi), log(var(xi)), atanh(corr(xi, eta)):
[1.0003963  1.00071694 1.00021214 1.00054499 1.         1.00003489]

Iteration:  13300
Rhat values for alpha, beta, log(sigma^2), mean(xi), log(var(xi)), atanh(corr(xi, eta)):
[1.00037271 1.00068607 1.00017605 1.00057415 1.         1.00001537]

Iteration:  13400
Rhat values for alpha, beta, log(sigma^2), mean(xi), log(var(xi)), atanh(corr(xi, eta)):
[1.0003986  1.0007079  1.00018514 1.00061346 1.         1.00003293]

Iteration:  13500
Rhat values for alpha, beta, log(sigma^2), mean(xi), log(var(xi)), atanh(corr(xi, eta)):
[1.0003899  1.00069214 1.00019457 1.0006465  1.         1.00005638]

Iteration:  13600
Rhat values for alpha, beta, log(sigma^2), mean(xi), log(var(xi)), atanh(corr(xi, eta)):
[1.00036984 1.00067501 1.00027099 1.00075154 1.         1.00009959]

Iteration:  13700
Rhat values for alpha, beta, log(sigma^2), mean(xi), log(var(xi)), atanh(corr(xi, eta)):
[1.00039973 1.00071217 1.00029889 1.00075777 1.         1.00013568]

Iteration:  13800
Rhat values for alpha, beta, log(sigma^2), mean(xi), log(var(xi)), atanh(corr(xi, eta)):
[1.00034111 1.00063586 1.00025983 1.00074087 1.         1.00011387]

Iteration:  13900
Rhat values for alpha, beta, log(sigma^2), mean(xi), log(var(xi)), atanh(corr(xi, eta)):
[1.00037138 1.00066737 1.00031316 1.00077496 1.         1.00015649]

Iteration:  14000
Rhat values for alpha, beta, log(sigma^2), mean(xi), log(var(xi)), atanh(corr(xi, eta)):
[1.0002742  1.00053427 1.0002866  1.00074439 1.         1.00011061]

Iteration:  14100
Rhat values for alpha, beta, log(sigma^2), mean(xi), log(var(xi)), atanh(corr(xi, eta)):
[1.00029543 1.00057261 1.00028291 1.00075369 1.         1.00012142]

Iteration:  14200
Rhat values for alpha, beta, log(sigma^2), mean(xi), log(var(xi)), atanh(corr(xi, eta)):
[1.00032922 1.00062481 1.00028529 1.00085001 1.         1.00012456]

Iteration:  14300
Rhat values for alpha, beta, log(sigma^2), mean(xi), log(var(xi)), atanh(corr(xi, eta)):
[1.00036191 1.00067201 1.00024057 1.00087965 1.         1.00009861]

Iteration:  14400
Rhat values for alpha, beta, log(sigma^2), mean(xi), log(var(xi)), atanh(corr(xi, eta)):
[1.00035185 1.00064105 1.00021095 1.00082496 1.         1.00009879]

Iteration:  14500
Rhat values for alpha, beta, log(sigma^2), mean(xi), log(var(xi)), atanh(corr(xi, eta)):
[1.00032458 1.00057231 1.00015708 1.00070238 1.         1.00005659]

Iteration:  14600
Rhat values for alpha, beta, log(sigma^2), mean(xi), log(var(xi)), atanh(corr(xi, eta)):
[1.00038119 1.00062394 1.00016888 1.00071851 1.         1.00005606]

Iteration:  14700
Rhat values for alpha, beta, log(sigma^2), mean(xi), log(var(xi)), atanh(corr(xi, eta)):
[1.00034996 1.00058895 1.00014233 1.00069779 1.         1.00006872]

Iteration:  14800
Rhat values for alpha, beta, log(sigma^2), mean(xi), log(var(xi)), atanh(corr(xi, eta)):
[1.00040208 1.00066301 1.00013808 1.00076779 1.         1.00007531]

Iteration:  14900
Rhat values for alpha, beta, log(sigma^2), mean(xi), log(var(xi)), atanh(corr(xi, eta)):
[1.00037692 1.00061968 1.00012731 1.00071042 1.         1.00006894]

Iteration:  15000
Rhat values for alpha, beta, log(sigma^2), mean(xi), log(var(xi)), atanh(corr(xi, eta)):
[1.00035399 1.00059109 1.00013207 1.00075487 1.         1.00006856]

Iteration:  15100
Rhat values for alpha, beta, log(sigma^2), mean(xi), log(var(xi)), atanh(corr(xi, eta)):
[1.00028523 1.00050637 1.00010882 1.00081901 1.         1.00004702]

Iteration:  15200
Rhat values for alpha, beta, log(sigma^2), mean(xi), log(var(xi)), atanh(corr(xi, eta)):
[1.00030388 1.00051272 1.00008299 1.00076055 1.         1.00002924]

Iteration:  15300
Rhat values for alpha, beta, log(sigma^2), mean(xi), log(var(xi)), atanh(corr(xi, eta)):
[1.00028658 1.00047868 1.00002774 1.00070315 1.         1.00000581]

Iteration:  15400
Rhat values for alpha, beta, log(sigma^2), mean(xi), log(var(xi)), atanh(corr(xi, eta)):
[1.00027761 1.00046716 1.00007335 1.00074303 1.         1.00000228]

Iteration:  15500
Rhat values for alpha, beta, log(sigma^2), mean(xi), log(var(xi)), atanh(corr(xi, eta)):
[1.00031789 1.00054192 1.00009139 1.00077972 1.         1.00002344]

Iteration:  15600
Rhat values for alpha, beta, log(sigma^2), mean(xi), log(var(xi)), atanh(corr(xi, eta)):
[1.00035598 1.00059352 1.00012297 1.00072981 1.         1.00003107]

Iteration:  15700
Rhat values for alpha, beta, log(sigma^2), mean(xi), log(var(xi)), atanh(corr(xi, eta)):
[1.00032444 1.00054349 1.00014416 1.00070755 1.         1.00003977]

Iteration:  15800
Rhat values for alpha, beta, log(sigma^2), mean(xi), log(var(xi)), atanh(corr(xi, eta)):
[1.00033086 1.00053931 1.00016857 1.00066092 1.         1.00004607]

Iteration:  15900
Rhat values for alpha, beta, log(sigma^2), mean(xi), log(var(xi)), atanh(corr(xi, eta)):
[1.0003208  1.00053849 1.00018767 1.00062815 1.         1.00007276]

Iteration:  16000
Rhat values for alpha, beta, log(sigma^2), mean(xi), log(var(xi)), atanh(corr(xi, eta)):
[1.00026132 1.00046908 1.00018587 1.0006066  1.         1.0000728 ]

Iteration:  16100
Rhat values for alpha, beta, log(sigma^2), mean(xi), log(var(xi)), atanh(corr(xi, eta)):
[1.00025281 1.00044824 1.0001902  1.00054689 1.         1.00009459]

Iteration:  16200
Rhat values for alpha, beta, log(sigma^2), mean(xi), log(var(xi)), atanh(corr(xi, eta)):
[1.0002056  1.00037813 1.00021572 1.0005571  1.         1.00008584]

Iteration:  16300
Rhat values for alpha, beta, log(sigma^2), mean(xi), log(var(xi)), atanh(corr(xi, eta)):
[1.00020966 1.00038454 1.00020704 1.00053504 1.         1.00008975]

Iteration:  16400
Rhat values for alpha, beta, log(sigma^2), mean(xi), log(var(xi)), atanh(corr(xi, eta)):
[1.00024309 1.00042893 1.000238   1.00054213 1.         1.00012934]

Iteration:  16500
Rhat values for alpha, beta, log(sigma^2), mean(xi), log(var(xi)), atanh(corr(xi, eta)):
[1.00023118 1.00042242 1.00028646 1.0005654  1.         1.00016458]

Iteration:  16600
Rhat values for alpha, beta, log(sigma^2), mean(xi), log(var(xi)), atanh(corr(xi, eta)):
[1.00022452 1.00041699 1.00030113 1.00055413 1.         1.00019106]

Iteration:  16700
Rhat values for alpha, beta, log(sigma^2), mean(xi), log(var(xi)), atanh(corr(xi, eta)):
[1.00025536 1.00046048 1.00027444 1.00056383 1.         1.00018452]

Iteration:  16800
Rhat values for alpha, beta, log(sigma^2), mean(xi), log(var(xi)), atanh(corr(xi, eta)):
[1.00027922 1.00049334 1.00024879 1.0005781  1.         1.00017847]

Iteration:  16900
Rhat values for alpha, beta, log(sigma^2), mean(xi), log(var(xi)), atanh(corr(xi, eta)):
[1.00030762 1.00052283 1.000211   1.00057199 1.         1.00019059]

Iteration:  17000
Rhat values for alpha, beta, log(sigma^2), mean(xi), log(var(xi)), atanh(corr(xi, eta)):
[1.00034562 1.00057329 1.00024055 1.00059299 1.         1.0002229 ]

Iteration:  17100
Rhat values for alpha, beta, log(sigma^2), mean(xi), log(var(xi)), atanh(corr(xi, eta)):
[1.00034697 1.00057217 1.00021778 1.00053036 1.         1.00019849]

Iteration:  17200
Rhat values for alpha, beta, log(sigma^2), mean(xi), log(var(xi)), atanh(corr(xi, eta)):
[1.00034141 1.00057206 1.00022646 1.00052595 1.         1.00016954]

Iteration:  17300
Rhat values for alpha, beta, log(sigma^2), mean(xi), log(var(xi)), atanh(corr(xi, eta)):
[1.00034122 1.00056885 1.00024431 1.00053555 1.         1.00018153]

Iteration:  17400
Rhat values for alpha, beta, log(sigma^2), mean(xi), log(var(xi)), atanh(corr(xi, eta)):
[1.00039293 1.00063176 1.0002912  1.00054207 1.         1.000242  ]

Iteration:  17500
Rhat values for alpha, beta, log(sigma^2), mean(xi), log(var(xi)), atanh(corr(xi, eta)):
[1.00040024 1.00063691 1.00030183 1.00063916 1.         1.00026681]

Iteration:  17600
Rhat values for alpha, beta, log(sigma^2), mean(xi), log(var(xi)), atanh(corr(xi, eta)):
[1.00043509 1.00068603 1.00036194 1.00066379 1.         1.00029312]

Iteration:  17700
Rhat values for alpha, beta, log(sigma^2), mean(xi), log(var(xi)), atanh(corr(xi, eta)):
[1.00044351 1.00068635 1.0003787  1.00062399 1.         1.00030977]

Iteration:  17800
Rhat values for alpha, beta, log(sigma^2), mean(xi), log(var(xi)), atanh(corr(xi, eta)):
[1.00041902 1.00065731 1.00036735 1.00062295 1.         1.00028876]

Iteration:  17900
Rhat values for alpha, beta, log(sigma^2), mean(xi), log(var(xi)), atanh(corr(xi, eta)):
[1.00037809 1.00062117 1.00031953 1.00067725 1.         1.00025661]

Iteration:  18000
Rhat values for alpha, beta, log(sigma^2), mean(xi), log(var(xi)), atanh(corr(xi, eta)):
[1.00035769 1.00058722 1.00029214 1.00065126 1.         1.00023374]

Iteration:  18100
Rhat values for alpha, beta, log(sigma^2), mean(xi), log(var(xi)), atanh(corr(xi, eta)):
[1.00037573 1.00061763 1.00026079 1.0006383  1.         1.00023164]

Iteration:  18200
Rhat values for alpha, beta, log(sigma^2), mean(xi), log(var(xi)), atanh(corr(xi, eta)):
[1.0003674  1.00060349 1.00027247 1.00064149 1.         1.00023331]

Iteration:  18300
Rhat values for alpha, beta, log(sigma^2), mean(xi), log(var(xi)), atanh(corr(xi, eta)):
[1.00036354 1.00059979 1.00027494 1.00067702 1.         1.00025404]

Iteration:  18400
Rhat values for alpha, beta, log(sigma^2), mean(xi), log(var(xi)), atanh(corr(xi, eta)):
[1.0003174  1.00053043 1.00026555 1.00064388 1.         1.00022828]

Iteration:  18500
Rhat values for alpha, beta, log(sigma^2), mean(xi), log(var(xi)), atanh(corr(xi, eta)):
[1.0003386  1.00056428 1.00023877 1.00066217 1.         1.00022437]

Iteration:  18600
Rhat values for alpha, beta, log(sigma^2), mean(xi), log(var(xi)), atanh(corr(xi, eta)):
[1.00033479 1.00053995 1.00018599 1.00063242 1.         1.00019732]

Iteration:  18700
Rhat values for alpha, beta, log(sigma^2), mean(xi), log(var(xi)), atanh(corr(xi, eta)):
[1.00032211 1.0005275  1.00022255 1.00065444 1.         1.00021919]

Iteration:  18800
Rhat values for alpha, beta, log(sigma^2), mean(xi), log(var(xi)), atanh(corr(xi, eta)):
[1.00031394 1.00050362 1.00017056 1.00063747 1.         1.000185  ]

Iteration:  18900
Rhat values for alpha, beta, log(sigma^2), mean(xi), log(var(xi)), atanh(corr(xi, eta)):
[1.00031044 1.00049369 1.0001517  1.00063056 1.         1.00015397]

Iteration:  19000
Rhat values for alpha, beta, log(sigma^2), mean(xi), log(var(xi)), atanh(corr(xi, eta)):
[1.00033474 1.0005223  1.0001446  1.00059797 1.         1.00016531]

Iteration:  19100
Rhat values for alpha, beta, log(sigma^2), mean(xi), log(var(xi)), atanh(corr(xi, eta)):
[1.00033454 1.00051955 1.00013877 1.0005886  1.         1.00015501]

Iteration:  19200
Rhat values for alpha, beta, log(sigma^2), mean(xi), log(var(xi)), atanh(corr(xi, eta)):
[1.00033039 1.00052704 1.00018483 1.00057722 1.         1.00018367]

Iteration:  19300
Rhat values for alpha, beta, log(sigma^2), mean(xi), log(var(xi)), atanh(corr(xi, eta)):
[1.00026892 1.00044786 1.00021461 1.00054785 1.         1.00020213]

Iteration:  19400
Rhat values for alpha, beta, log(sigma^2), mean(xi), log(var(xi)), atanh(corr(xi, eta)):
[1.0003072  1.00050378 1.00023467 1.00057915 1.         1.00019628]

Iteration:  19500
Rhat values for alpha, beta, log(sigma^2), mean(xi), log(var(xi)), atanh(corr(xi, eta)):
[1.00029574 1.00048813 1.00022946 1.00055462 1.         1.0002148 ]

Iteration:  19600
Rhat values for alpha, beta, log(sigma^2), mean(xi), log(var(xi)), atanh(corr(xi, eta)):
[1.00030344 1.00049934 1.00024798 1.00052442 1.         1.00023595]

Iteration:  19700
Rhat values for alpha, beta, log(sigma^2), mean(xi), log(var(xi)), atanh(corr(xi, eta)):
[1.00030256 1.00049693 1.00024026 1.00053467 1.         1.00021735]

Iteration:  19800
Rhat values for alpha, beta, log(sigma^2), mean(xi), log(var(xi)), atanh(corr(xi, eta)):
[1.00031656 1.00050865 1.00025056 1.00050483 1.         1.00020904]

Iteration:  19900
Rhat values for alpha, beta, log(sigma^2), mean(xi), log(var(xi)), atanh(corr(xi, eta)):
[1.00026334 1.00043204 1.00024654 1.00045865 1.         1.00020245]

Iteration:  20000
Rhat values for alpha, beta, log(sigma^2), mean(xi), log(var(xi)), atanh(corr(xi, eta)):
[1.00024776 1.00039791 1.00023011 1.00034838 1.         1.00020416]
{"name": "C25_R19_hr_C25", "n": 102, "mean": -0.06175314008870083, "sd": 0.014662118812823411, "median": -0.06140068196461604, "q16_84": [-0.07601087433822577, -0.04750363941182734], "q025_975": [-0.09157573712014383, -0.03373714488646747], "p_negative": 1.0, "scatter_mean": 0.12708387952268746, "retained_draws": 40000, "seed": 20260938, "rhat_retained": {"alpha": 1.0005982315850817, "beta": 1.0007199660001482, "sigsqr": 1.000363903550267}}
