metric,shape,AV,DLMAG,relative_error
Banchor_A,0.926153838634491,0.12320076917841692,41.52214043223027,1.0537427879018083e-09
Banchor_A,0.9284615218639374,0.1240936654531383,41.524542554567546,1.0207789834284898e-09
Banchor_A,0.9307692050933838,0.12498612845389977,41.5269522210921,9.877059671189249e-10
Banchor_A,0.9330769181251526,0.12549139853590313,41.529699817528524,9.499932054794809e-10
Banchor_A,0.9353846311569214,0.12599829014422437,41.53245280912006,9.122130201271737e-10
Banchor_A,0.9376923143863678,0.12681853702229226,41.53484668923041,8.793606894289296e-10
Banchor_A,0.9399999976158142,0.1276295995800403,41.53725960365354,8.462434466665543e-10
Banchor_A,0.9423076808452606,0.12826258718149788,41.539731501435845,8.123182267053e-10
Banchor_A,0.944615364074707,0.12890259893177225,41.54220122593095,7.784183893383381e-10
Banchor_A,0.9469230771064758,0.12952211610750325,41.54473994535204,7.435782612702993e-10
Banchor_A,0.9492307901382446,0.13013924779867117,41.547288519279014,7.085976056338596e-10
Banchor_A,0.951538473367691,0.1306604892225806,41.549863527455784,6.732574432709551e-10
Banchor_A,0.9538461565971375,0.13115557855647425,41.55248686237867,6.372532214135368e-10
Banchor_A,0.9561538398265839,0.13161333122862595,41.55513159718157,6.009596958665538e-10
Banchor_A,0.9584615230560303,0.13203797025845007,41.55782927791131,5.639309831834563e-10
Banchor_A,0.9607692360877991,0.13175912085585834,41.56124674029234,5.170318611489062e-10
Banchor_A,0.9630769491195679,0.13148278831523186,41.564667536987535,4.700837506958428e-10
Banchor_A,0.9653846323490143,0.13205245821304262,41.567075471594485,4.370354435963336e-10
Banchor_A,0.9676923155784607,0.13261887921292165,41.56949428423541,4.03835035802839e-10
Banchor_A,0.9699999988079071,0.13254747283568763,41.572595758316105,3.61271107314381e-10
Banchor_A,0.9723076820373535,0.13247801263013664,41.57570129606047,3.186508682431917e-10
Banchor_A,0.9746153652667999,0.13273598868650235,41.578336367949646,2.824844505545948e-10
Banchor_A,0.9769230484962463,0.13299463963668431,41.580976524172144,2.4625101777263143e-10
Banchor_A,0.9792307615280151,0.1327239157579991,41.58419865628824,2.020266071865667e-10
Banchor_A,0.9815384745597839,0.1324542450639241,41.58742539562522,1.5774462964886903e-10
Banchor_A,0.9838461577892303,0.13227806268719608,41.59058066332011,1.144377588107129e-10
Banchor_A,0.9861538410186768,0.1322843064985569,41.59348816117952,7.453505089385761e-11
Banchor_A,0.9884615242481232,0.1323230776159372,41.59629389248548,3.602436782810482e-11
Banchor_A,0.9907692074775696,0.13260140218674718,41.59877041229869,2.03568740052425e-12
Banchor_A,0.9930769205093384,0.13200166881762682,41.60217874319206,4.4742948267683266e-11
Banchor_A,0.9953846335411072,0.13117203846769449,41.60591654997223,9.604125559623381e-11
Banchor_A,0.9976923167705536,0.1312561310749797,41.608552471402646,1.322158247111709e-10
Banchor_A,1.0,0.131374241953446,41.61114562863801,1.6780271934069153e-10
Banchor_A,1.0023077130317688,0.13066429950783526,41.61462784087353,2.1559985416155364e-10
Banchor_A,1.0046154260635376,0.12994788709808555,41.6181248965172,2.635907568690519e-10
Banchor_A,1.0069230794906616,0.1295363410432124,41.62121771838607,3.0604137236181164e-10
Banchor_A,1.0092307329177856,0.12914683398396778,41.624284503577044,3.481277671698586e-10
Banchor_A,1.0115384459495544,0.1286050006977691,41.627460840407,3.9172063767379237e-10
Banchor_A,1.0138461589813232,0.12806622775412882,41.63063787238729,4.3532636874059415e-10
Banchor_A,1.016153872013092,0.12741288406616583,41.633925722070444,4.804506708713187e-10
Banchor_A,1.0184615850448608,0.12675371312245734,41.63722612909065,5.257482372313152e-10
Banchor_A,1.0207692384719849,0.1263763802806822,41.64010793005751,5.652977079878595e-10
Banchor_A,1.0230768918991089,0.12599890660075005,41.64299381796186,6.049043178462688e-10
Banchor_A,1.0253846049308777,0.12522680592138963,41.64622260843728,6.492214108873972e-10
Banchor_A,1.0276923179626465,0.12445479843746497,41.64945545557878,6.935909122065388e-10
Banchor_A,1.0300000309944153,0.12396384357084074,41.652417327988935,7.342373518528267e-10
Banchor_A,1.032307744026184,0.12346905645141827,41.6553878306588,7.750062283516312e-10
Banchor_A,1.034615397453308,0.12263395372576769,41.658554317160664,8.184678604049927e-10
Banchor_A,1.0369230508804321,0.12194554453078782,41.66152011051315,8.591721201573949e-10
Banchor_A,1.039230763912201,0.12078084586085915,41.66505303623082,9.07653490753311e-10
Banchor_A,1.0415384769439697,0.11961672742700799,41.66858859977709,9.561791192163524e-10
Banchor_A,1.0438461899757385,0.11886552528620145,41.67155845190517,9.969400996075774e-10
Banchor_A,1.0461539030075073,0.11811314683653862,41.674533111025134,1.0377631098116685e-09
Banchor_A,1.0484615564346313,0.11639966620127452,41.6785314374749,1.0926400508015021e-09
Banchor_A,1.0507692098617554,0.11467563190871165,41.68254865553873,1.1477725142107646e-09
Banchor_A,1.0530769228935242,0.11391111948656878,41.68543886351468,1.1874430434230406e-09
Banchor_A,1.055384635925293,0.11305157643201881,41.68846397198251,1.2289556747522808e-09
Banchor_A,1.057692289352417,0.11239928032521962,41.69114945234524,1.2658157565639143e-09
Banchor_A,1.059999942779541,0.11175690567788657,41.69382341872239,1.3025116815320933e-09
Banchor_A,1.0623076558113098,0.11005249202212156,41.697621386472754,1.3546397083198067e-09
Banchor_A,1.0646153688430786,0.10835057525126048,41.70141901403022,1.4067575463025292e-09
Banchor_A,1.0669230818748474,0.10680751460536916,41.70492350834673,1.4548579297362942e-09
Banchor_A,1.0692307949066162,0.105264772997218,41.708430418580825,1.502989425237096e-09
Banchor_A,0.9249999970197678,0.1231194750766107,41.52052857187055,1.0758691908604387e-09
Banchor_A,0.926153838634491,0.12320077234224565,41.52214042780823,1.0537427881537589e-09
Banchor_A,0.9273076802492142,0.12364727656447833,41.523340549350365,1.0372736072261838e-09
Banchor_A,0.9284615218639374,0.12409366905662769,41.52454254953105,1.0207750770877172e-09
Banchor_A,0.9296153634786606,0.12453995141626482,41.5257464312745,1.004254711043624e-09
Banchor_A,0.9307692050933838,0.12498613221188003,41.52695221583972,9.87705967399525e-10
Banchor_A,0.9319230616092682,0.12523856570506914,41.52832533329384,9.68860158437964e-10
Banchor_A,0.9330769181251526,0.1254914020917403,41.52969981255869,9.49992227147131e-10
Banchor_A,0.934230774641037,0.1257446462829069,41.53107565295613,9.31114196319513e-10
Banchor_A,0.9353846311569214,0.12599829366668938,41.532452804196886,9.122141957443306e-10
Banchor_A,0.9365384727716446,0.12642289838321702,41.53362898967542,8.960696253831896e-10
Banchor_A,0.9376923143863678,0.12681854019076533,41.534846684802936,8.793591209448562e-10
Banchor_A,0.938846156001091,0.12721275715952732,41.53606804613145,8.625947052510632e-10
Banchor_A,0.9399999976158142,0.1276296026175017,41.537259599408976,8.462408952300883e-10
Banchor_A,0.9411538392305374,0.12793800022899948,41.53850593486456,8.291355719795147e-10
Banchor_A,0.9423076808452606,0.12826259051517272,41.539731496777456,8.123170478884882e-10
Banchor_A,0.9434615224599838,0.12858255514335415,41.540965440034164,7.953808167069043e-10
Banchor_A,0.944615364074707,0.12890260254008717,41.54220122088882,7.784189797409014e-10
Banchor_A,0.9457692205905914,0.129212302592329,41.54346983966804,7.610134982604013e-10
Banchor_A,0.9469230771064758,0.12952211986667997,41.54473994009913,7.435810183517049e-10
Banchor_A,0.9480769336223602,0.12982917630988464,41.54601554845451,7.260688704265466e-10
Banchor_A,0.9492307901382446,0.13013925180315195,41.54728851368337,7.086019422690001e-10
Banchor_A,0.9503846317529678,0.13040104913859565,41.54857352828204,6.909623754807065e-10
Banchor_A,0.951538473367691,0.1306604935760675,41.54986352137256,6.732554702534677e-10
Banchor_A,0.9526923149824142,0.13088939337194516,41.55120022128836,6.549121558406425e-10
Banchor_A,0.9538461565971375,0.13115558399081706,41.55248685476093,6.372532216673911e-10
Banchor_A,0.9549999982118607,0.13140094067399466,41.55378533140698,6.194340160020699e-10
Banchor_A,0.9561538398265839,0.13161333658321014,41.55513158967625,6.009602892276889e-10
Banchor_A,0.9573076814413071,0.13182568183635301,41.55647955902978,5.82458521763954e-10
Banchor_A,0.9584615230560303,0.13203797720307292,41.557829268177336,5.639339516381339e-10
Banchor_A,0.9596153795719147,0.1318982415181097,41.55953757315599,5.404902582065368e-10
Banchor_A,0.9607692360877991,0.13175912773673273,41.56124673064777,5.170312672840597e-10
Banchor_A,0.9619230926036835,0.1316206402648589,41.562956739576784,4.935643870766276e-10
Banchor_A,0.9630769491195679,0.13148279365194648,41.56466752950737,4.700803813498616e-10
Banchor_A,0.9642307907342911,0.1317692628255955,41.5658684220877,4.535995409709765e-10
Banchor_A,0.9653846323490143,0.1320524658575324,41.5670754608798,4.3703465014564807e-10
Banchor_A,0.9665384739637375,0.13233567184547468,41.56828407149058,4.204467771436634e-10
Banchor_A,0.9676923155784607,0.13261888549361336,41.56949427543234,4.0383841289835657e-10
Banchor_A,0.9688461571931839,0.13258294192051195,41.57104450583766,3.8255938683425525e-10
Banchor_A,0.9699999988079071,0.13254747954839058,41.57259574890757,3.612721016123946e-10
Banchor_A,0.9711538404226303,0.1325125038002281,41.57414800200394,3.399694966282519e-10
Banchor_A,0.9723076820373535,0.1324780196517518,41.57570128621901,3.186488783309632e-10
Banchor_A,0.9734615236520767,0.13260692557478426,41.57701818832259,3.0057542089685375e-10
Banchor_A,0.9746153652667999,0.13273599702616037,41.578336356260884,2.824846499189359e-10
Banchor_A,0.9757692068815231,0.13286524577980932,41.579655777494956,2.643794673050442e-10
Banchor_A,0.9769230484962463,0.13299465879635053,41.58097649731836,2.462472299734145e-10
Banchor_A,0.9780769050121307,0.13285916845679915,41.582586978543205,2.241464314827196e-10
Banchor_A,0.9792307615280151,0.13272392391382504,41.58419864485728,2.020288021039371e-10
Banchor_A,0.9803846180438995,0.13258895214306501,41.58581146264117,1.7989304059473307e-10
Banchor_A,0.9815384745597839,0.13245425184318377,41.587425386123684,1.577440306904105e-10
Banchor_A,0.9826923161745071,0.1323659553410064,41.58900260562675,1.360995724944519e-10
Banchor_A,0.9838461577892303,0.13227806817919316,41.590580655622816,1.1444035707143497e-10
Banchor_A,0.9849999994039536,0.13236392969660934,41.591917467603274,9.609284399868914e-11
Banchor_A,0.9861538410186768,0.13228430863446375,41.593488158187995,7.453385060212908e-11
Banchor_A,0.9873076826334,0.13242424046488013,41.59472122837125,5.761207562870905e-11
Banchor_A,0.9884615242481232,0.13232308390527064,41.59629388366904,3.6027171671508923e-11
Banchor_A,0.9896153658628464,0.13246230539685808,41.5975313509839,1.9043181858234702e-11
Banchor_A,0.9907692074775696,0.13260140843679277,41.598770403537365,2.040298926152139e-12
Banchor_A,0.991923063993454,0.1321810486024291,41.600642696933335,2.3655022833640655e-11
Banchor_A,0.9930769205093384,0.13200166989165457,41.602178741687815,4.473813325375626e-11
Banchor_A,0.9942307770252228,0.13158656740111063,41.604047348546246,7.038792975309005e-11
Banchor_A,0.9953846335411072,0.13117203978268496,41.605916548130516,9.604225934772883e-11
Banchor_A,0.9965384751558304,0.1312155484152688,41.60723185747247,1.1409010513732128e-10
Banchor_A,0.9976923167705536,0.13125613203854952,41.60855247005311,1.3221401617108504e-10
Banchor_A,0.9988461583852768,0.13133037434991465,41.609827157182984,1.4971006780668534e-10
Banchor_A,1.0,0.13137424831629554,41.61114561972678,1.678063401759762e-10
Banchor_A,1.0011538565158844,0.13101896438358757,41.612886436889475,1.9169836357465963e-10
Banchor_A,1.0023077130317688,0.13066430718171637,41.614627830126224,2.1559804290352523e-10
Banchor_A,1.0034615695476532,0.13031028074190845,41.61636979677927,2.3950447230165266e-10
Banchor_A,1.0046154260635376,0.1299478870834136,41.61812489653775,2.635927706398729e-10
Banchor_A,1.0057692527770996,0.12973138155649097,41.619685746655,2.850158287990465e-10
Banchor_A,1.0069230794906616,0.1295363421970804,41.621217716770055,3.060385505543778e-10
Banchor_A,1.0080769062042236,0.12934150678552572,41.622750587457325,3.270778508498518e-10
Banchor_A,1.0092307329177856,0.1291468395737228,41.62428449574852,3.4812696034125943e-10
Banchor_A,1.01038458943367,0.12887522015851371,41.62587302575158,3.6992824911768624e-10
Banchor_A,1.0115384459495544,0.12860500627321517,41.62746083259866,3.9172205117695657e-10
Banchor_A,1.0126923024654388,0.12833532895672342,41.62904914694539,4.135195159246244e-10
Banchor_A,1.0138461589813232,0.12806622885466967,41.63063787084601,4.353241460140444e-10
Banchor_A,1.0150000154972076,0.12774130387381546,41.63227880001956,4.578489322334507e-10
Banchor_A,1.016153872013092,0.12741288503242715,41.633925720717244,4.804480420203855e-10
Banchor_A,1.0173077285289764,0.12708322517994713,41.63557549296277,5.030913472551511e-10
Banchor_A,1.0184615850448608,0.12675371410313666,41.63722612771727,5.257462135148971e-10
Banchor_A,1.0196154117584229,0.1265650645779286,41.638666529016575,5.455130531679445e-10
Banchor_A,1.0207692384719849,0.12637638538390297,41.64010792291079,5.652944677401879e-10
Banchor_A,1.0219230651855469,0.12618765252067818,41.64155034463465,5.850913268935718e-10
Banchor_A,1.0230768918991089,0.12599891150669779,41.64299381109143,6.049020885524569e-10
Banchor_A,1.0242307484149933,0.12561269836194883,41.64460790753422,6.27058849353995e-10
Banchor_A,1.0253846049308777,0.1252268107289464,41.64622260170469,6.492212082566687e-10
Banchor_A,1.026538461446762,0.12484005424312071,41.64783956946714,6.714072300751281e-10
Banchor_A,1.0276923179626465,0.12445480001666546,41.649455453367246,6.935860392170919e-10
Banchor_A,1.0288461744785309,0.12421110913167756,41.650933488036536,7.138718976790667e-10
Banchor_A,1.0300000309944153,0.12396384491265872,41.65241732610987,7.342336942455327e-10
Banchor_A,1.0311538875102997,0.12371649133965834,41.65390212409865,7.54613009004386e-10
Banchor_A,1.032307744026184,0.12346905801883892,41.655387828463816,7.750070419023553e-10
Banchor_A,1.033461570739746,0.12305129773384767,41.65697081836574,7.96730155555298e-10
Banchor_A,1.034615397453308,0.12263395564848308,41.65855431446814,8.184637901275985e-10
Banchor_A,1.0357692241668701,0.12221703638887867,41.66013831291872,8.402045560789084e-10
Banchor_A,1.0369230508804321,0.12194554458916465,41.66152011043139,8.591680466075838e-10
Banchor_A,1.0380769073963165,0.12136312642428071,41.66328623464919,8.834058780176983e-10
Banchor_A,1.039230763912201,0.12078084635124632,41.66505303554402,9.076565472533037e-10
Banchor_A,1.0403846204280853,0.12019870605584955,41.66682051195037,9.319113552275912e-10
Banchor_A,1.0415384769439697,0.1196167285390195,41.66858859821969,9.561825847784098e-10
Banchor_A,1.0426923334598541,0.11924111932586298,41.67007313567856,9.765534226840537e-10
Banchor_A,1.0438461899757385,0.11886552270491269,41.67155845552031,9.969386713255798e-10
Banchor_A,1.045000046491623,0.11849000254315191,41.673044469598416,1.0173330822071337e-09
Banchor_A,1.0461539030075073,0.11811314568440488,41.674533112638706,1.037766784865315e-09
Banchor_A,1.0473077297210693,0.11724985043465729,41.67654095208989,1.0653241944922879e-09
Banchor_A,1.0484615564346313,0.11639967470613474,41.67853142556404,1.0926386217139188e-09
Banchor_A,1.0496153831481934,0.11553743207190653,41.68053981225579,1.1202013515488284e-09
Banchor_A,1.0507692098617554,0.11467563662216937,41.68254864893766,1.1477737406213627e-09
Banchor_A,1.0519230663776398,0.11429325546225838,41.683993553310515,1.1676038883044606e-09
Banchor_A,1.0530769228935242,0.11391112026719652,41.68543886242144,1.1874430434921103e-09
Banchor_A,1.0542307794094086,0.11343395451993146,41.687017679552746,1.2091081031342632e-09
Banchor_A,1.055384635925293,0.11305157249058836,41.68846397750119,1.2289607898618295e-09
Banchor_A,1.056538462638855,0.11273110310955947,41.689798467957345,1.2472757374477023e-09
Banchor_A,1.057692289352417,0.11239927225964016,41.6911494636385,1.2658132985121893e-09
Banchor_A,1.058846116065979,0.11207822226603335,41.692485955131524,1.2841587431404944e-09
Banchor_A,1.059999942779541,0.11175693046157974,41.69382338402087,1.302514962824394e-09
Banchor_A,1.0611537992954254,0.11090436915106933,41.69572248958476,1.3285760351338316e-09
Banchor_A,1.0623076558113098,0.11005250828187964,41.69762136370638,1.3546378650196795e-09
Banchor_A,1.0634615123271942,0.1092012265686902,41.69952023717867,1.3806999224129087e-09
Banchor_A,1.0646153688430786,0.10835056338498716,41.70141903064487,1.406761646235462e-09
Banchor_A,1.065769225358963,0.10757900402675073,41.703170957991475,1.430806769914591e-09
Banchor_A,1.0669230818748474,0.1068075126019083,41.70492351115188,1.454854852821905e-09
Banchor_A,1.0680769383907318,0.10603608042369835,41.706676703133915,1.4789211233459964e-09
Banchor_A,1.0692307949066162,0.10526475217978763,41.70843044772838,1.502989833232038e-09
Banchor_A,1.0703846216201782,0.10467216977056355,41.70996289324155,1.524022791754744e-09
Banchor_A,0.990769225493527,0.13260140186823088,41.59877043276684,2.03889542820339e-12
Banchor_A,0.9261538016261363,0.12320077234224565,41.52214034595018,1.0537472620231183e-09
Banchor_A,0.9261538116261363,0.12320077234224565,41.52214038512882,1.0537439465841671e-09
Banchor_A,0.9261538216261364,0.12320077234224565,41.52214040093112,1.053742585283111e-09
Banchor_A,0.930769185780158,0.12498613221188003,41.52695215713674,9.877096666736748e-10
Banchor_A,0.930769195780158,0.12498613221188003,41.52695220191679,9.877024442305668e-10
Banchor_A,0.9307692057801581,0.12498613221188003,41.52695221686643,9.877036211609873e-10
Banchor_A,0.9353845699341797,0.12599829366668938,41.532452775195075,9.12212621897811e-10
Banchor_A,0.9353845799341798,0.12599829366668938,41.53245272567481,9.122161362513058e-10
Banchor_A,0.9353845899341798,0.12599829366668938,41.53245274100435,9.122108506693521e-10
Banchor_A,0.9399999540882015,0.1276296026175017,41.53725950523209,8.462414633574804e-10
Banchor_A,0.9399999640882015,0.1276296026175017,41.537259550697335,8.462451999606083e-10
Banchor_A,0.9399999740882016,0.1276296026175017,41.53725956522615,8.462422597717305e-10
Banchor_A,0.9446153382422232,0.12890260254008717,41.54220115736359,7.784193569761909e-10
Banchor_A,0.9446153482422233,0.12890260254008717,41.542201197554796,7.784209421668123e-10
Banchor_A,0.9446153582422233,0.12890260254008717,41.542201212292866,7.784172073776341e-10
Banchor_A,0.949230722396245,0.13013925180315195,41.547288475464036,7.086009493862933e-10
Banchor_A,0.949230732396245,0.13013925180315195,41.54728843111321,7.086038948860913e-10
Banchor_A,0.949230742396245,0.13013925180315195,41.54728844541306,7.085973934574554e-10
Banchor_A,0.9538461065502667,0.13115558399081706,41.55248675726634,6.37255177247093e-10
Banchor_A,0.9538461165502667,0.13115558399081706,41.55248679778005,6.372581511213936e-10
Banchor_A,0.9538461265502668,0.13115558399081706,41.552486812008596,6.37255980441948e-10
Banchor_A,0.9584614907042884,0.13203797720307292,41.557829196693625,5.639382948130975e-10
Banchor_A,0.9584615007042885,0.13203797720307292,41.55782923889595,5.639345406462921e-10
Banchor_A,0.9584615107042885,0.13203797720307292,41.55782925199622,5.63935532104654e-10
Banchor_A,0.9630768748583102,0.13148279365194648,41.56466748693172,4.700807721007573e-10
Banchor_A,0.9630768848583102,0.13148279365194648,41.56466744030684,4.700817551076583e-10
Banchor_A,0.9630768948583103,0.13148279365194648,41.564667454187756,4.700857213919926e-10
Banchor_A,0.9676922590123319,0.13261888549361336,41.5694941719463,4.038409814933603e-10
Banchor_A,0.967692269012332,0.13261888549361336,41.56949421493611,4.038360217071408e-10
Banchor_A,0.967692279012332,0.13261888549361336,41.56949422792757,4.0383900294145427e-10
Banchor_A,0.9723076431663537,0.1324780196517518,41.575701212399466,3.1865086113037176e-10
Banchor_A,0.9723076531663537,0.1324780196517518,41.57570124876592,3.186510638259886e-10
Banchor_A,0.9723076631663538,0.1324780196517518,41.57570126173848,3.18651463084511e-10
Banchor_A,0.9769230273203754,0.13299465879635053,41.5809764466904,2.4625101433898144e-10
Banchor_A,0.9769230373203754,0.13299465879635053,41.58097648356648,2.4624842530781465e-10
Banchor_A,0.9769230473203755,0.13299465879635053,41.580976495871454,2.462476286285878e-10
Banchor_A,0.9815384114743971,0.13245425184318377,41.58742535995419,1.5774382987566686e-10
Banchor_A,0.9815384214743972,0.13245425184318377,41.587425319285536,1.5774143148998477e-10
Banchor_A,0.9815384314743972,0.13245425184318377,41.587425331876226,1.577410327673684e-10
Banchor_A,0.9861537956284189,0.13228430863446375,41.593488078371166,7.453444883319053e-11
Banchor_A,0.9861538056284189,0.13228430863446375,41.593488114377685,7.45334492357074e-11
Banchor_A,0.986153815628419,0.13228430863446375,41.59348812675688,7.453705050388983e-11
Banchor_A,0.9907691797824406,0.13260140843679277,41.59877034709762,2.0382938705675378e-12
Banchor_A,0.9907691897824407,0.13260140843679277,41.59877038387226,2.0409004190022484e-12
Banchor_A,0.9907691997824407,0.13260140843679277,41.59877039498555,2.0382939109106375e-12
Banchor_A,0.9953845639364624,0.13117203978268496,41.60591651718199,9.603984958781369e-11
Banchor_A,0.9953845739364624,0.13117203978268496,41.60591647706836,9.603884415664838e-11
Banchor_A,0.9953845839364625,0.13117203978268496,41.60591648899061,9.603563259606853e-11
Banchor_A,0.9999999480904841,0.13137424831629554,41.61114553644928,1.6780110511460346e-10
Banchor_A,0.9999999580904841,0.13137424831629554,41.611145574597174,1.678043268035292e-10
Banchor_A,0.9999999680904842,0.13137424831629554,41.61114558536552,1.6780714338627533e-10
Banchor_A,1.004615332244506,0.1299478870834136,41.618124840377554,2.635937738789034e-10
Banchor_A,1.0046153422445059,0.1299478870834136,41.61812480522081,2.6359296307435837e-10
Banchor_A,1.0046153522445058,0.1299478870834136,41.61812481611534,2.6358893659915796e-10
Banchor_A,1.0092307163985277,0.1291468395737228,41.62428439315127,3.4812694699800127e-10
Banchor_A,1.0092307263985276,0.1291468395737228,41.624284488926065,3.4812857345945074e-10
Banchor_A,1.0092307363985276,0.1291468395737228,41.624284499391145,3.4812716252716217e-10
Banchor_A,1.0138461005525494,0.12806622885466967,41.63063785348673,4.3532838681422544e-10
Banchor_A,1.0138461105525494,0.12806622885466967,41.63063782109596,4.353291904204631e-10
Banchor_A,1.0138461205525493,0.12806622885466967,41.63063783136879,4.3532717124026964e-10
Banchor_A,1.0184614847065712,0.12675371410313666,41.63722606746958,5.257451908541782e-10
Banchor_A,1.018461494706571,0.12675371410313666,41.6372260356637,5.25747816377558e-10
Banchor_A,1.018461504706571,0.12675371410313666,41.63722604585357,5.257474134133505e-10
Banchor_A,1.023076868860593,0.12599891150669779,41.642993708516485,6.049055133546638e-10
Banchor_A,1.0230768788605928,0.12599891150669779,41.642993798969904,6.049020853243489e-10
Banchor_A,1.0230768888605928,0.12599891150669779,41.64299380826661,6.049022904833586e-10
Banchor_A,1.0276922530146146,0.12445480001666546,41.64945543186453,6.935902965601274e-10
Banchor_A,1.0276922630146146,0.12445480001666546,41.649455399252155,6.935839951937122e-10
Banchor_A,1.0276922730146145,0.12445480001666546,41.64945540910057,6.93585012887739e-10
Banchor_A,1.0323076371686364,0.12346905801883892,41.6553877643147,7.750078372980377e-10
Banchor_A,1.0323076471686363,0.12346905801883892,41.6553877447357,7.750053882843489e-10
Banchor_A,1.0323076571686363,0.12346905801883892,41.655387753380154,7.75002950660476e-10
Banchor_A,1.0369230213226581,0.12194554458916465,41.6615200176154,8.591655694718884e-10
Banchor_A,1.036923031322658,0.12194554458916465,41.661520094329184,8.591660061095072e-10
Banchor_A,1.036923041322658,0.12194554458916465,41.661520102562335,8.591719146648604e-10
Banchor_A,1.0415384054766799,0.1196167285390195,41.66858857379479,9.561758513266643e-10
Banchor_A,1.0415384154766798,0.1196167285390195,41.66858854718126,9.561766515816352e-10
Banchor_A,1.0415384254766797,0.1196167285390195,41.66858855548461,9.561809359684606e-10
Banchor_A,1.0461537896307016,0.11811314568440488,41.67453305309969,1.0377620615421798e-09
Banchor_A,1.0461537996307015,0.11811314568440488,41.674533041116874,1.0377630857381743e-09
Banchor_A,1.0461538096307015,0.11811314568440488,41.67453304803543,1.0377614546615575e-09
Banchor_A,1.0507691737847233,0.11467563662216937,41.682548570095236,1.147773506768746e-09
Banchor_A,1.0507691837847233,0.11467563662216937,41.68254862839401,1.147775161191695e-09
Banchor_A,1.0507691937847232,0.11467563662216937,41.682548636272074,1.1477757779427323e-09
Banchor_A,1.055384557938745,0.11305157249058836,41.68846394900787,1.2289591383545206e-09
Banchor_A,1.055384567938745,0.11305157249058836,41.68846392532637,1.2289595329785945e-09
Banchor_A,1.055384577938745,0.11305157249058836,41.688463933000655,1.228961174220086e-09
Banchor_A,1.0599999420927668,0.11175693046157974,41.6938233834924,1.302516806879471e-09
Banchor_A,1.0599999520927668,0.11175693046157974,41.69382344919221,1.3025170497759294e-09
Banchor_A,1.0599999620927667,0.11175693046157974,41.69382345530134,1.3025156177469102e-09
Banchor_A,1.0646153262467886,0.10835056338498716,41.70141903022337,1.4067602106354518e-09
Banchor_A,1.0646153362467885,0.10835056338498716,41.70141901168178,1.4067573324943864e-09
Banchor_A,1.0646153462467884,0.10835056338498716,41.70141901749934,1.4067589752680108e-09
Banchor_A,1.0692307104008103,0.10526475217978763,41.708430422841005,1.5029908484506138e-09
Banchor_A,1.0692307204008102,0.10526475217978763,41.70843040236555,1.5029902077550294e-09
Banchor_A,1.0692307304008102,0.10526475217978763,41.70843040845404,1.5029846730346757e-09
Banchor_A,0.9907691897824407,0.13260141488819907,41.59877037482867,2.041501923185508e-12
Banchor_B,0.926153838634491,0.12320076917841692,41.52214043223027,1.0537427879018083e-09
Banchor_B,0.9284615218639374,0.1240936654531383,41.524542554567546,1.0207789834284898e-09
Banchor_B,0.9307692050933838,0.12498612845389977,41.5269522210921,9.877059671189249e-10
Banchor_B,0.9330769181251526,0.12549139853590313,41.529699817528524,9.499932054794809e-10
Banchor_B,0.9353846311569214,0.12599829014422437,41.53245280912006,9.122130201271737e-10
Banchor_B,0.9376923143863678,0.12681853702229226,41.53484668923041,8.793606894289296e-10
Banchor_B,0.9399999976158142,0.1276295995800403,41.53725960365354,8.462434466665543e-10
Banchor_B,0.9423076808452606,0.12826258718149788,41.539731501435845,8.123182267053e-10
Banchor_B,0.944615364074707,0.12890259893177225,41.54220122593095,7.784183893383381e-10
Banchor_B,0.9469230771064758,0.12952211610750325,41.54473994535204,7.435782612702993e-10
Banchor_B,0.9492307901382446,0.13013924779867117,41.547288519279014,7.085976056338596e-10
Banchor_B,0.951538473367691,0.1306604892225806,41.549863527455784,6.732574432709551e-10
Banchor_B,0.9538461565971375,0.13115557855647425,41.55248686237867,6.372532214135368e-10
Banchor_B,0.9561538398265839,0.13161333122862595,41.55513159718157,6.009596958665538e-10
Banchor_B,0.9584615230560303,0.13203797025845007,41.55782927791131,5.639309831834563e-10
Banchor_B,0.9607692360877991,0.13175912085585834,41.56124674029234,5.170318611489062e-10
Banchor_B,0.9630769491195679,0.13148278831523186,41.564667536987535,4.700837506958428e-10
Banchor_B,0.9653846323490143,0.13205245821304262,41.567075471594485,4.370354435963336e-10
Banchor_B,0.9676923155784607,0.13261887921292165,41.56949428423541,4.03835035802839e-10
Banchor_B,0.9699999988079071,0.13254747283568763,41.572595758316105,3.61271107314381e-10
Banchor_B,0.9723076820373535,0.13247801263013664,41.57570129606047,3.186508682431917e-10
Banchor_B,0.9746153652667999,0.13273598868650235,41.578336367949646,2.824844505545948e-10
Banchor_B,0.9769230484962463,0.13299463963668431,41.580976524172144,2.4625101777263143e-10
Banchor_B,0.9792307615280151,0.1327239157579991,41.58419865628824,2.020266071865667e-10
Banchor_B,0.9815384745597839,0.1324542450639241,41.58742539562522,1.5774462964886903e-10
Banchor_B,0.9838461577892303,0.13227806268719608,41.59058066332011,1.144377588107129e-10
Banchor_B,0.9861538410186768,0.1322843064985569,41.59348816117952,7.453505089385761e-11
Banchor_B,0.9884615242481232,0.1323230776159372,41.59629389248548,3.602436782810482e-11
Banchor_B,0.9907692074775696,0.13260140218674718,41.59877041229869,2.03568740052425e-12
Banchor_B,0.9930769205093384,0.13200166881762682,41.60217874319206,4.4742948267683266e-11
Banchor_B,0.9953846335411072,0.13117203846769449,41.60591654997223,9.604125559623381e-11
Banchor_B,0.9976923167705536,0.1312561310749797,41.608552471402646,1.322158247111709e-10
Banchor_B,1.0,0.131374241953446,41.61114562863801,1.6780271934069153e-10
Banchor_B,1.0023077130317688,0.13066429950783526,41.61462784087353,2.1559985416155364e-10
Banchor_B,1.0046154260635376,0.12994788709808555,41.6181248965172,2.635907568690519e-10
Banchor_B,1.0069230794906616,0.1295363410432124,41.62121771838607,3.0604137236181164e-10
Banchor_B,1.0092307329177856,0.12914683398396778,41.624284503577044,3.481277671698586e-10
Banchor_B,1.0115384459495544,0.1286050006977691,41.627460840407,3.9172063767379237e-10
Banchor_B,1.0138461589813232,0.12806622775412882,41.63063787238729,4.3532636874059415e-10
Banchor_B,1.016153872013092,0.12741288406616583,41.633925722070444,4.804506708713187e-10
Banchor_B,1.0184615850448608,0.12675371312245734,41.63722612909065,5.257482372313152e-10
Banchor_B,1.0207692384719849,0.1263763802806822,41.64010793005751,5.652977079878595e-10
Banchor_B,1.0230768918991089,0.12599890660075005,41.64299381796186,6.049043178462688e-10
Banchor_B,1.0253846049308777,0.12522680592138963,41.64622260843728,6.492214108873972e-10
Banchor_B,1.0276923179626465,0.12445479843746497,41.64945545557878,6.935909122065388e-10
Banchor_B,1.0300000309944153,0.12396384357084074,41.652417327988935,7.342373518528267e-10
Banchor_B,1.032307744026184,0.12346905645141827,41.6553878306588,7.750062283516312e-10
Banchor_B,1.034615397453308,0.12263395372576769,41.658554317160664,8.184678604049927e-10
Banchor_B,1.0369230508804321,0.12194554453078782,41.66152011051315,8.591721201573949e-10
Banchor_B,1.039230763912201,0.12078084586085915,41.66505303623082,9.07653490753311e-10
Banchor_B,1.0415384769439697,0.11961672742700799,41.66858859977709,9.561791192163524e-10
Banchor_B,1.0438461899757385,0.11886552528620145,41.67155845190517,9.969400996075774e-10
Banchor_B,1.0461539030075073,0.11811314683653862,41.674533111025134,1.0377631098116685e-09
Banchor_B,1.0484615564346313,0.11639966620127452,41.6785314374749,1.0926400508015021e-09
Banchor_B,1.0507692098617554,0.11467563190871165,41.68254865553873,1.1477725142107646e-09
Banchor_B,1.0530769228935242,0.11391111948656878,41.68543886351468,1.1874430434230406e-09
Banchor_B,1.055384635925293,0.11305157643201881,41.68846397198251,1.2289556747522808e-09
Banchor_B,1.057692289352417,0.11239928032521962,41.69114945234524,1.2658157565639143e-09
Banchor_B,1.059999942779541,0.11175690567788657,41.69382341872239,1.3025116815320933e-09
Banchor_B,1.0623076558113098,0.11005249202212156,41.697621386472754,1.3546397083198067e-09
Banchor_B,1.0646153688430786,0.10835057525126048,41.70141901403022,1.4067575463025292e-09
Banchor_B,1.0669230818748474,0.10680751460536916,41.70492350834673,1.4548579297362942e-09
Banchor_B,1.0692307949066162,0.105264772997218,41.708430418580825,1.502989425237096e-09
Banchor_B,0.9249999970197678,0.1231194750766107,41.52052857187055,1.0758691908604387e-09
Banchor_B,0.926153838634491,0.12320077234224565,41.52214042780823,1.0537427881537589e-09
Banchor_B,0.9273076802492142,0.12364727656447833,41.523340549350365,1.0372736072261838e-09
Banchor_B,0.9284615218639374,0.12409366905662769,41.52454254953105,1.0207750770877172e-09
Banchor_B,0.9296153634786606,0.12453995141626482,41.5257464312745,1.004254711043624e-09
Banchor_B,0.9307692050933838,0.12498613221188003,41.52695221583972,9.87705967399525e-10
Banchor_B,0.9319230616092682,0.12523856570506914,41.52832533329384,9.68860158437964e-10
Banchor_B,0.9330769181251526,0.1254914020917403,41.52969981255869,9.49992227147131e-10
Banchor_B,0.934230774641037,0.1257446462829069,41.53107565295613,9.31114196319513e-10
Banchor_B,0.9353846311569214,0.12599829366668938,41.532452804196886,9.122141957443306e-10
Banchor_B,0.9365384727716446,0.12642289838321702,41.53362898967542,8.960696253831896e-10
Banchor_B,0.9376923143863678,0.12681854019076533,41.534846684802936,8.793591209448562e-10
Banchor_B,0.938846156001091,0.12721275715952732,41.53606804613145,8.625947052510632e-10
Banchor_B,0.9399999976158142,0.1276296026175017,41.537259599408976,8.462408952300883e-10
Banchor_B,0.9411538392305374,0.12793800022899948,41.53850593486456,8.291355719795147e-10
Banchor_B,0.9423076808452606,0.12826259051517272,41.539731496777456,8.123170478884882e-10
Banchor_B,0.9434615224599838,0.12858255514335415,41.540965440034164,7.953808167069043e-10
Banchor_B,0.944615364074707,0.12890260254008717,41.54220122088882,7.784189797409014e-10
Banchor_B,0.9457692205905914,0.129212302592329,41.54346983966804,7.610134982604013e-10
Banchor_B,0.9469230771064758,0.12952211986667997,41.54473994009913,7.435810183517049e-10
Banchor_B,0.9480769336223602,0.12982917630988464,41.54601554845451,7.260688704265466e-10
Banchor_B,0.9492307901382446,0.13013925180315195,41.54728851368337,7.086019422690001e-10
Banchor_B,0.9503846317529678,0.13040104913859565,41.54857352828204,6.909623754807065e-10
Banchor_B,0.951538473367691,0.1306604935760675,41.54986352137256,6.732554702534677e-10
Banchor_B,0.9526923149824142,0.13088939337194516,41.55120022128836,6.549121558406425e-10
Banchor_B,0.9538461565971375,0.13115558399081706,41.55248685476093,6.372532216673911e-10
Banchor_B,0.9549999982118607,0.13140094067399466,41.55378533140698,6.194340160020699e-10
Banchor_B,0.9561538398265839,0.13161333658321014,41.55513158967625,6.009602892276889e-10
Banchor_B,0.9573076814413071,0.13182568183635301,41.55647955902978,5.82458521763954e-10
Banchor_B,0.9584615230560303,0.13203797720307292,41.557829268177336,5.639339516381339e-10
Banchor_B,0.9596153795719147,0.1318982415181097,41.55953757315599,5.404902582065368e-10
Banchor_B,0.9607692360877991,0.13175912773673273,41.56124673064777,5.170312672840597e-10
Banchor_B,0.9619230926036835,0.1316206402648589,41.562956739576784,4.935643870766276e-10
Banchor_B,0.9630769491195679,0.13148279365194648,41.56466752950737,4.700803813498616e-10
Banchor_B,0.9642307907342911,0.1317692628255955,41.5658684220877,4.535995409709765e-10
Banchor_B,0.9653846323490143,0.1320524658575324,41.5670754608798,4.3703465014564807e-10
Banchor_B,0.9665384739637375,0.13233567184547468,41.56828407149058,4.204467771436634e-10
Banchor_B,0.9676923155784607,0.13261888549361336,41.56949427543234,4.0383841289835657e-10
Banchor_B,0.9688461571931839,0.13258294192051195,41.57104450583766,3.8255938683425525e-10
Banchor_B,0.9699999988079071,0.13254747954839058,41.57259574890757,3.612721016123946e-10
Banchor_B,0.9711538404226303,0.1325125038002281,41.57414800200394,3.399694966282519e-10
Banchor_B,0.9723076820373535,0.1324780196517518,41.57570128621901,3.186488783309632e-10
Banchor_B,0.9734615236520767,0.13260692557478426,41.57701818832259,3.0057542089685375e-10
Banchor_B,0.9746153652667999,0.13273599702616037,41.578336356260884,2.824846499189359e-10
Banchor_B,0.9757692068815231,0.13286524577980932,41.579655777494956,2.643794673050442e-10
Banchor_B,0.9769230484962463,0.13299465879635053,41.58097649731836,2.462472299734145e-10
Banchor_B,0.9780769050121307,0.13285916845679915,41.582586978543205,2.241464314827196e-10
Banchor_B,0.9792307615280151,0.13272392391382504,41.58419864485728,2.020288021039371e-10
Banchor_B,0.9803846180438995,0.13258895214306501,41.58581146264117,1.7989304059473307e-10
Banchor_B,0.9815384745597839,0.13245425184318377,41.587425386123684,1.577440306904105e-10
Banchor_B,0.9826923161745071,0.1323659553410064,41.58900260562675,1.360995724944519e-10
Banchor_B,0.9838461577892303,0.13227806817919316,41.590580655622816,1.1444035707143497e-10
Banchor_B,0.9849999994039536,0.13236392969660934,41.591917467603274,9.609284399868914e-11
Banchor_B,0.9861538410186768,0.13228430863446375,41.593488158187995,7.453385060212908e-11
Banchor_B,0.9873076826334,0.13242424046488013,41.59472122837125,5.761207562870905e-11
Banchor_B,0.9884615242481232,0.13232308390527064,41.59629388366904,3.6027171671508923e-11
Banchor_B,0.9896153658628464,0.13246230539685808,41.5975313509839,1.9043181858234702e-11
Banchor_B,0.9907692074775696,0.13260140843679277,41.598770403537365,2.040298926152139e-12
Banchor_B,0.991923063993454,0.1321810486024291,41.600642696933335,2.3655022833640655e-11
Banchor_B,0.9930769205093384,0.13200166989165457,41.602178741687815,4.473813325375626e-11
Banchor_B,0.9942307770252228,0.13158656740111063,41.604047348546246,7.038792975309005e-11
Banchor_B,0.9953846335411072,0.13117203978268496,41.605916548130516,9.604225934772883e-11
Banchor_B,0.9965384751558304,0.1312155484152688,41.60723185747247,1.1409010513732128e-10
Banchor_B,0.9976923167705536,0.13125613203854952,41.60855247005311,1.3221401617108504e-10
Banchor_B,0.9988461583852768,0.13133037434991465,41.609827157182984,1.4971006780668534e-10
Banchor_B,1.0,0.13137424831629554,41.61114561972678,1.678063401759762e-10
Banchor_B,1.0011538565158844,0.13101896438358757,41.612886436889475,1.9169836357465963e-10
Banchor_B,1.0023077130317688,0.13066430718171637,41.614627830126224,2.1559804290352523e-10
Banchor_B,1.0034615695476532,0.13031028074190845,41.61636979677927,2.3950447230165266e-10
Banchor_B,1.0046154260635376,0.1299478870834136,41.61812489653775,2.635927706398729e-10
Banchor_B,1.0057692527770996,0.12973138155649097,41.619685746655,2.850158287990465e-10
Banchor_B,1.0069230794906616,0.1295363421970804,41.621217716770055,3.060385505543778e-10
Banchor_B,1.0080769062042236,0.12934150678552572,41.622750587457325,3.270778508498518e-10
Banchor_B,1.0092307329177856,0.1291468395737228,41.62428449574852,3.4812696034125943e-10
Banchor_B,1.01038458943367,0.12887522015851371,41.62587302575158,3.6992824911768624e-10
Banchor_B,1.0115384459495544,0.12860500627321517,41.62746083259866,3.9172205117695657e-10
Banchor_B,1.0126923024654388,0.12833532895672342,41.62904914694539,4.135195159246244e-10
Banchor_B,1.0138461589813232,0.12806622885466967,41.63063787084601,4.353241460140444e-10
Banchor_B,1.0150000154972076,0.12774130387381546,41.63227880001956,4.578489322334507e-10
Banchor_B,1.016153872013092,0.12741288503242715,41.633925720717244,4.804480420203855e-10
Banchor_B,1.0173077285289764,0.12708322517994713,41.63557549296277,5.030913472551511e-10
Banchor_B,1.0184615850448608,0.12675371410313666,41.63722612771727,5.257462135148971e-10
Banchor_B,1.0196154117584229,0.1265650645779286,41.638666529016575,5.455130531679445e-10
Banchor_B,1.0207692384719849,0.12637638538390297,41.64010792291079,5.652944677401879e-10
Banchor_B,1.0219230651855469,0.12618765252067818,41.64155034463465,5.850913268935718e-10
Banchor_B,1.0230768918991089,0.12599891150669779,41.64299381109143,6.049020885524569e-10
Banchor_B,1.0242307484149933,0.12561269836194883,41.64460790753422,6.27058849353995e-10
Banchor_B,1.0253846049308777,0.1252268107289464,41.64622260170469,6.492212082566687e-10
Banchor_B,1.026538461446762,0.12484005424312071,41.64783956946714,6.714072300751281e-10
Banchor_B,1.0276923179626465,0.12445480001666546,41.649455453367246,6.935860392170919e-10
Banchor_B,1.0288461744785309,0.12421110913167756,41.650933488036536,7.138718976790667e-10
Banchor_B,1.0300000309944153,0.12396384491265872,41.65241732610987,7.342336942455327e-10
Banchor_B,1.0311538875102997,0.12371649133965834,41.65390212409865,7.54613009004386e-10
Banchor_B,1.032307744026184,0.12346905801883892,41.655387828463816,7.750070419023553e-10
Banchor_B,1.033461570739746,0.12305129773384767,41.65697081836574,7.96730155555298e-10
Banchor_B,1.034615397453308,0.12263395564848308,41.65855431446814,8.184637901275985e-10
Banchor_B,1.0357692241668701,0.12221703638887867,41.66013831291872,8.402045560789084e-10
Banchor_B,1.0369230508804321,0.12194554458916465,41.66152011043139,8.591680466075838e-10
Banchor_B,1.0380769073963165,0.12136312642428071,41.66328623464919,8.834058780176983e-10
Banchor_B,1.039230763912201,0.12078084635124632,41.66505303554402,9.076565472533037e-10
Banchor_B,1.0403846204280853,0.12019870605584955,41.66682051195037,9.319113552275912e-10
Banchor_B,1.0415384769439697,0.1196167285390195,41.66858859821969,9.561825847784098e-10
Banchor_B,1.0426923334598541,0.11924111932586298,41.67007313567856,9.765534226840537e-10
Banchor_B,1.0438461899757385,0.11886552270491269,41.67155845552031,9.969386713255798e-10
Banchor_B,1.045000046491623,0.11849000254315191,41.673044469598416,1.0173330822071337e-09
Banchor_B,1.0461539030075073,0.11811314568440488,41.674533112638706,1.037766784865315e-09
Banchor_B,1.0473077297210693,0.11724985043465729,41.67654095208989,1.0653241944922879e-09
Banchor_B,1.0484615564346313,0.11639967470613474,41.67853142556404,1.0926386217139188e-09
Banchor_B,1.0496153831481934,0.11553743207190653,41.68053981225579,1.1202013515488284e-09
Banchor_B,1.0507692098617554,0.11467563662216937,41.68254864893766,1.1477737406213627e-09
Banchor_B,1.0519230663776398,0.11429325546225838,41.683993553310515,1.1676038883044606e-09
Banchor_B,1.0530769228935242,0.11391112026719652,41.68543886242144,1.1874430434921103e-09
Banchor_B,1.0542307794094086,0.11343395451993146,41.687017679552746,1.2091081031342632e-09
Banchor_B,1.055384635925293,0.11305157249058836,41.68846397750119,1.2289607898618295e-09
Banchor_B,1.056538462638855,0.11273110310955947,41.689798467957345,1.2472757374477023e-09
Banchor_B,1.057692289352417,0.11239927225964016,41.6911494636385,1.2658132985121893e-09
Banchor_B,1.058846116065979,0.11207822226603335,41.692485955131524,1.2841587431404944e-09
Banchor_B,1.059999942779541,0.11175693046157974,41.69382338402087,1.302514962824394e-09
Banchor_B,1.0611537992954254,0.11090436915106933,41.69572248958476,1.3285760351338316e-09
Banchor_B,1.0623076558113098,0.11005250828187964,41.69762136370638,1.3546378650196795e-09
Banchor_B,1.0634615123271942,0.1092012265686902,41.69952023717867,1.3806999224129087e-09
Banchor_B,1.0646153688430786,0.10835056338498716,41.70141903064487,1.406761646235462e-09
Banchor_B,1.065769225358963,0.10757900402675073,41.703170957991475,1.430806769914591e-09
Banchor_B,1.0669230818748474,0.1068075126019083,41.70492351115188,1.454854852821905e-09
Banchor_B,1.0680769383907318,0.10603608042369835,41.706676703133915,1.4789211233459964e-09
Banchor_B,1.0692307949066162,0.10526475217978763,41.70843044772838,1.502989833232038e-09
Banchor_B,1.0703846216201782,0.10467216977056355,41.70996289324155,1.524022791754744e-09
Banchor_B,0.990769225493527,0.13260140186823088,41.59877043276684,2.03889542820339e-12
Banchor_B,0.9261538016261363,0.12320077234224565,41.52214034595018,1.0537472620231183e-09
Banchor_B,0.9261538116261363,0.12320077234224565,41.52214038512882,1.0537439465841671e-09
Banchor_B,0.9261538216261364,0.12320077234224565,41.52214040093112,1.053742585283111e-09
Banchor_B,0.930769185780158,0.12498613221188003,41.52695215713674,9.877096666736748e-10
Banchor_B,0.930769195780158,0.12498613221188003,41.52695220191679,9.877024442305668e-10
Banchor_B,0.9307692057801581,0.12498613221188003,41.52695221686643,9.877036211609873e-10
Banchor_B,0.9353845699341797,0.12599829366668938,41.532452775195075,9.12212621897811e-10
Banchor_B,0.9353845799341798,0.12599829366668938,41.53245272567481,9.122161362513058e-10
Banchor_B,0.9353845899341798,0.12599829366668938,41.53245274100435,9.122108506693521e-10
Banchor_B,0.9399999540882015,0.1276296026175017,41.53725950523209,8.462414633574804e-10
Banchor_B,0.9399999640882015,0.1276296026175017,41.537259550697335,8.462451999606083e-10
Banchor_B,0.9399999740882016,0.1276296026175017,41.53725956522615,8.462422597717305e-10
Banchor_B,0.9446153382422232,0.12890260254008717,41.54220115736359,7.784193569761909e-10
Banchor_B,0.9446153482422233,0.12890260254008717,41.542201197554796,7.784209421668123e-10
Banchor_B,0.9446153582422233,0.12890260254008717,41.542201212292866,7.784172073776341e-10
Banchor_B,0.949230722396245,0.13013925180315195,41.547288475464036,7.086009493862933e-10
Banchor_B,0.949230732396245,0.13013925180315195,41.54728843111321,7.086038948860913e-10
Banchor_B,0.949230742396245,0.13013925180315195,41.54728844541306,7.085973934574554e-10
Banchor_B,0.9538461065502667,0.13115558399081706,41.55248675726634,6.37255177247093e-10
Banchor_B,0.9538461165502667,0.13115558399081706,41.55248679778005,6.372581511213936e-10
Banchor_B,0.9538461265502668,0.13115558399081706,41.552486812008596,6.37255980441948e-10
Banchor_B,0.9584614907042884,0.13203797720307292,41.557829196693625,5.639382948130975e-10
Banchor_B,0.9584615007042885,0.13203797720307292,41.55782923889595,5.639345406462921e-10
Banchor_B,0.9584615107042885,0.13203797720307292,41.55782925199622,5.63935532104654e-10
Banchor_B,0.9630768748583102,0.13148279365194648,41.56466748693172,4.700807721007573e-10
Banchor_B,0.9630768848583102,0.13148279365194648,41.56466744030684,4.700817551076583e-10
Banchor_B,0.9630768948583103,0.13148279365194648,41.564667454187756,4.700857213919926e-10
Banchor_B,0.9676922590123319,0.13261888549361336,41.5694941719463,4.038409814933603e-10
Banchor_B,0.967692269012332,0.13261888549361336,41.56949421493611,4.038360217071408e-10
Banchor_B,0.967692279012332,0.13261888549361336,41.56949422792757,4.0383900294145427e-10
Banchor_B,0.9723076431663537,0.1324780196517518,41.575701212399466,3.1865086113037176e-10
Banchor_B,0.9723076531663537,0.1324780196517518,41.57570124876592,3.186510638259886e-10
Banchor_B,0.9723076631663538,0.1324780196517518,41.57570126173848,3.18651463084511e-10
Banchor_B,0.9769230273203754,0.13299465879635053,41.5809764466904,2.4625101433898144e-10
Banchor_B,0.9769230373203754,0.13299465879635053,41.58097648356648,2.4624842530781465e-10
Banchor_B,0.9769230473203755,0.13299465879635053,41.580976495871454,2.462476286285878e-10
Banchor_B,0.9815384114743971,0.13245425184318377,41.58742535995419,1.5774382987566686e-10
Banchor_B,0.9815384214743972,0.13245425184318377,41.587425319285536,1.5774143148998477e-10
Banchor_B,0.9815384314743972,0.13245425184318377,41.587425331876226,1.577410327673684e-10
Banchor_B,0.9861537956284189,0.13228430863446375,41.593488078371166,7.453444883319053e-11
Banchor_B,0.9861538056284189,0.13228430863446375,41.593488114377685,7.45334492357074e-11
Banchor_B,0.986153815628419,0.13228430863446375,41.59348812675688,7.453705050388983e-11
Banchor_B,0.9907691797824406,0.13260140843679277,41.59877034709762,2.0382938705675378e-12
Banchor_B,0.9907691897824407,0.13260140843679277,41.59877038387226,2.0409004190022484e-12
Banchor_B,0.9907691997824407,0.13260140843679277,41.59877039498555,2.0382939109106375e-12
Banchor_B,0.9953845639364624,0.13117203978268496,41.60591651718199,9.603984958781369e-11
Banchor_B,0.9953845739364624,0.13117203978268496,41.60591647706836,9.603884415664838e-11
Banchor_B,0.9953845839364625,0.13117203978268496,41.60591648899061,9.603563259606853e-11
Banchor_B,0.9999999480904841,0.13137424831629554,41.61114553644928,1.6780110511460346e-10
Banchor_B,0.9999999580904841,0.13137424831629554,41.611145574597174,1.678043268035292e-10
Banchor_B,0.9999999680904842,0.13137424831629554,41.61114558536552,1.6780714338627533e-10
Banchor_B,1.004615332244506,0.1299478870834136,41.618124840377554,2.635937738789034e-10
Banchor_B,1.0046153422445059,0.1299478870834136,41.61812480522081,2.6359296307435837e-10
Banchor_B,1.0046153522445058,0.1299478870834136,41.61812481611534,2.6358893659915796e-10
Banchor_B,1.0092307163985277,0.1291468395737228,41.62428439315127,3.4812694699800127e-10
Banchor_B,1.0092307263985276,0.1291468395737228,41.624284488926065,3.4812857345945074e-10
Banchor_B,1.0092307363985276,0.1291468395737228,41.624284499391145,3.4812716252716217e-10
Banchor_B,1.0138461005525494,0.12806622885466967,41.63063785348673,4.3532838681422544e-10
Banchor_B,1.0138461105525494,0.12806622885466967,41.63063782109596,4.353291904204631e-10
Banchor_B,1.0138461205525493,0.12806622885466967,41.63063783136879,4.3532717124026964e-10
Banchor_B,1.0184614847065712,0.12675371410313666,41.63722606746958,5.257451908541782e-10
Banchor_B,1.018461494706571,0.12675371410313666,41.6372260356637,5.25747816377558e-10
Banchor_B,1.018461504706571,0.12675371410313666,41.63722604585357,5.257474134133505e-10
Banchor_B,1.023076868860593,0.12599891150669779,41.642993708516485,6.049055133546638e-10
Banchor_B,1.0230768788605928,0.12599891150669779,41.642993798969904,6.049020853243489e-10
Banchor_B,1.0230768888605928,0.12599891150669779,41.64299380826661,6.049022904833586e-10
Banchor_B,1.0276922530146146,0.12445480001666546,41.64945543186453,6.935902965601274e-10
Banchor_B,1.0276922630146146,0.12445480001666546,41.649455399252155,6.935839951937122e-10
Banchor_B,1.0276922730146145,0.12445480001666546,41.64945540910057,6.93585012887739e-10
Banchor_B,1.0323076371686364,0.12346905801883892,41.6553877643147,7.750078372980377e-10
Banchor_B,1.0323076471686363,0.12346905801883892,41.6553877447357,7.750053882843489e-10
Banchor_B,1.0323076571686363,0.12346905801883892,41.655387753380154,7.75002950660476e-10
Banchor_B,1.0369230213226581,0.12194554458916465,41.6615200176154,8.591655694718884e-10
Banchor_B,1.036923031322658,0.12194554458916465,41.661520094329184,8.591660061095072e-10
Banchor_B,1.036923041322658,0.12194554458916465,41.661520102562335,8.591719146648604e-10
Banchor_B,1.0415384054766799,0.1196167285390195,41.66858857379479,9.561758513266643e-10
Banchor_B,1.0415384154766798,0.1196167285390195,41.66858854718126,9.561766515816352e-10
Banchor_B,1.0415384254766797,0.1196167285390195,41.66858855548461,9.561809359684606e-10
Banchor_B,1.0461537896307016,0.11811314568440488,41.67453305309969,1.0377620615421798e-09
Banchor_B,1.0461537996307015,0.11811314568440488,41.674533041116874,1.0377630857381743e-09
Banchor_B,1.0461538096307015,0.11811314568440488,41.67453304803543,1.0377614546615575e-09
Banchor_B,1.0507691737847233,0.11467563662216937,41.682548570095236,1.147773506768746e-09
Banchor_B,1.0507691837847233,0.11467563662216937,41.68254862839401,1.147775161191695e-09
Banchor_B,1.0507691937847232,0.11467563662216937,41.682548636272074,1.1477757779427323e-09
Banchor_B,1.055384557938745,0.11305157249058836,41.68846394900787,1.2289591383545206e-09
Banchor_B,1.055384567938745,0.11305157249058836,41.68846392532637,1.2289595329785945e-09
Banchor_B,1.055384577938745,0.11305157249058836,41.688463933000655,1.228961174220086e-09
Banchor_B,1.0599999420927668,0.11175693046157974,41.6938233834924,1.302516806879471e-09
Banchor_B,1.0599999520927668,0.11175693046157974,41.69382344919221,1.3025170497759294e-09
Banchor_B,1.0599999620927667,0.11175693046157974,41.69382345530134,1.3025156177469102e-09
Banchor_B,1.0646153262467886,0.10835056338498716,41.70141903022337,1.4067602106354518e-09
Banchor_B,1.0646153362467885,0.10835056338498716,41.70141901168178,1.4067573324943864e-09
Banchor_B,1.0646153462467884,0.10835056338498716,41.70141901749934,1.4067589752680108e-09
Banchor_B,1.0692307104008103,0.10526475217978763,41.708430422841005,1.5029908484506138e-09
Banchor_B,1.0692307204008102,0.10526475217978763,41.70843040236555,1.5029902077550294e-09
Banchor_B,1.0692307304008102,0.10526475217978763,41.70843040845404,1.5029846730346757e-09
Banchor_B,0.9907691897824407,0.13260141488819907,41.59877037482867,2.041501923185508e-12
Aanchor_A,0.926153838634491,0.12320076019297116,41.52214044107459,1.0537445396825797e-09
Aanchor_A,0.9284615218639374,0.12409365647913477,41.52454256349203,1.0207739007298903e-09
Aanchor_A,0.9307692050933838,0.12498611960581592,41.52695222993796,9.87705376632488e-10
Aanchor_A,0.9330769181251526,0.12549138951232358,41.529699826678396,9.499949632601586e-10
Aanchor_A,0.9353846311569214,0.12599828109260197,41.53245281836956,9.122110576880016e-10
Aanchor_A,0.9376923143863678,0.1268185279121026,41.53484669863801,8.793553917827736e-10
Aanchor_A,0.9399999976158142,0.12762959044819427,41.53725961317285,8.462434435539955e-10
Aanchor_A,0.9423076808452606,0.12826257802967111,41.53973151109565,8.123146867337854e-10
Aanchor_A,0.944615364074707,0.1289025897651685,41.54220123572498,7.784191735546061e-10
Aanchor_A,0.9469230771064758,0.12952210694035063,41.54473995522997,7.435755018758689e-10
Aanchor_A,0.9492307901382446,0.1301392386255674,41.547288529249876,7.086013483722491e-10
Aanchor_A,0.951538473367691,0.1306604800421939,41.54986353753501,6.732615849012528e-10
Aanchor_A,0.9538461565971375,0.1311555696520683,41.55248687221589,6.372526268263451e-10
Aanchor_A,0.9561538398265839,0.13161332227872832,41.555131607159794,6.009612757175701e-10
Aanchor_A,0.9584615230560303,0.1320379612623287,41.55782928803646,5.639319709097034e-10
Aanchor_A,0.9607692360877991,0.13175911179453723,41.56124675057121,5.170304733574749e-10
Aanchor_A,0.9630769491195679,0.13148277918981094,41.56466754742017,4.700823619063546e-10
Aanchor_A,0.9653846323490143,0.13205244908289585,41.56707548215349,4.370372282185553e-10
Aanchor_A,0.9676923155784607,0.13261887007562098,41.56949429492561,4.038400007873965e-10
Aanchor_A,0.9699999988079071,0.13254746364116352,41.57259576916995,3.612742875773319e-10
Aanchor_A,0.9723076820373535,0.1324780033831351,41.575701307072734,3.186456932557206e-10
Aanchor_A,0.9746153652667999,0.13273597942305476,41.57833637908033,2.8248245796785897e-10
Aanchor_A,0.9769230484962463,0.13299463036219294,41.5809765354149,2.4625081783038884e-10
Aanchor_A,0.9792307615280151,0.1327239064088175,41.58419866770698,2.0202920058439e-10
Aanchor_A,0.9815384745597839,0.13245423563778325,41.58742540722443,1.5774223315710738e-10
Aanchor_A,0.9838461577892303,0.1322780532475975,41.590580675024796,1.1443735884521398e-10
Aanchor_A,0.9861538410186768,0.1322842970112461,41.59348817301616,7.453064962853482e-11
Aanchor_A,0.9884615242481232,0.13232306817877088,41.596293904417095,3.60245680334863e-11
Aanchor_A,0.9907692074775696,0.1326013927659161,41.598770424343286,2.0348853926479628e-12
Aanchor_A,0.9930769205093384,0.1320016592525747,41.60217875545879,4.4739738177614066e-11
Aanchor_A,0.9953846335411072,0.13117202878946868,41.60591656244962,9.604025168964606e-11
Aanchor_A,0.9976923167705536,0.13125612142501303,41.60855248395915,1.322162263993528e-10
Aanchor_A,1.0,0.1313742323184758,41.61114564128999,1.6780332254946632e-10
Aanchor_A,1.0023077130317688,0.13066428978327302,41.61462785369843,2.1559421843934596e-10
Aanchor_A,1.0046154260635376,0.1299478771867464,41.61812490965341,2.635891454768095e-10
Aanchor_A,1.0069230794906616,0.1295363311802675,41.62121773156401,3.060423797557319e-10
Aanchor_A,1.0092307329177856,0.12914682410618433,41.624284516884344,3.481305911521959e-10
Aanchor_A,1.0115384459495544,0.12860499077340132,41.62746085387848,3.9171942579528695e-10
Aanchor_A,1.0138461589813232,0.12806621779873323,41.630637886002354,4.353283889794547e-10
Aanchor_A,1.016153872013092,0.1274128740708771,41.63392573582252,4.804516815144637e-10
Aanchor_A,1.0184615850448608,0.12675370308973558,41.6372261429779,5.257447963760065e-10
Aanchor_A,1.0207692384719849,0.1263763702140062,41.640107944092584,5.653001378780909e-10
Aanchor_A,1.0230768918991089,0.12599889651180132,41.6429938321291,6.049067496109333e-10
Aanchor_A,1.0253846049308777,0.12522679581661025,41.6462226227385,6.49216744629216e-10
Aanchor_A,1.0276923179626465,0.12445478824946556,41.649455470109324,6.935894905353642e-10
Aanchor_A,1.0300000309944153,0.12396383345458192,41.652417342515385,7.342412124273871e-10
Aanchor_A,1.032307744026184,0.12346904631742592,41.655387845307516,7.750050079020403e-10
Aanchor_A,1.034615397453308,0.1226339435833656,41.65855433192038,8.18463993330266e-10
Aanchor_A,1.0369230508804321,0.12194553441399193,41.66152012532771,8.591680464676545e-10
Aanchor_A,1.039230763912201,0.12078083563000776,41.66505305125626,9.076569546402358e-10
Aanchor_A,1.0415384769439697,0.11961671706732031,41.66858861503491,9.56182176917285e-10
Aanchor_A,1.0438461899757385,0.1188655149667227,41.671558467216386,9.96940507655705e-10
Aanchor_A,1.0461539030075073,0.11811313649658402,41.67453312647537,1.0377682143036194e-09
Aanchor_A,1.0484615564346313,0.11639965574770736,41.67853145313682,1.092636987164906e-09
Aanchor_A,1.0507692098617554,0.11467562133319689,41.68254867142623,1.147776396801877e-09
Aanchor_A,1.0530769228935242,0.11391110890769837,41.685438879501696,1.1874385452693664e-09
Aanchor_A,1.055384635925293,0.11305156586383934,41.688463988054586,1.2289616091712626e-09
Aanchor_A,1.057692289352417,0.11239926980436322,41.691149468463166,1.2658192383433758e-09
Aanchor_A,1.059999942779541,0.11175689519992772,41.69382343489174,1.3025147562575282e-09
Aanchor_A,1.0623076558113098,0.11005248148016789,41.697621402778275,1.3546427840918042e-09
Aanchor_A,1.0646153688430786,0.10835056469842952,41.7014190303984,1.4067581624328137e-09
Aanchor_A,1.0669230818748474,0.10680750387685145,41.704923525004546,1.454854854064941e-09
Aanchor_A,1.0692307949066162,0.1052647621044158,41.70843043551301,1.5029853229855166e-09
Aanchor_A,0.9249999970197678,0.12311946615968264,41.52052858062071,1.075864309783163e-09
Aanchor_A,0.926153838634491,0.12320076335386915,41.52214043665664,1.0537478570146942e-09
Aanchor_A,0.9273076802492142,0.12364726759777599,41.52334055821641,1.0372712603026368e-09
Aanchor_A,0.9284615218639374,0.12409366007291138,41.5245425584691,1.0207754636546863e-09
Aanchor_A,0.9296153634786606,0.12453994243529562,41.525746440257244,1.0042556842389286e-09
Aanchor_A,0.9307692050933838,0.1249861229972839,41.52695222519784,9.877069412134457e-10
Aanchor_A,0.9319230616092682,0.12523855662900174,41.5283253424875,9.688609371736963e-10
Aanchor_A,0.9330769181251526,0.12549139308336352,41.52969982168731,9.49999465020203e-10
Aanchor_A,0.934230774641037,0.12574463722919538,41.531075662178125,9.311134095132546e-10
Aanchor_A,0.9353846311569214,0.12599828459119564,41.53245281347975,9.122134086777126e-10
Aanchor_A,0.9365384727716446,0.1264228894203069,41.533628998836555,8.960706019551475e-10
Aanchor_A,0.9376923143863678,0.1268185310781214,41.534846694213954,8.793600980804776e-10
Aanchor_A,0.938846156001091,0.12721274803672433,41.53606805559783,8.62596663874766e-10
Aanchor_A,0.9399999976158142,0.12762959348734032,41.537259608925936,8.462418735143313e-10
Aanchor_A,0.9411538392305374,0.12793799108547474,41.538505944456965,8.291387112317238e-10
Aanchor_A,0.9423076808452606,0.12826258136335658,41.53973150643724,8.123180275022351e-10
Aanchor_A,0.9434615224599838,0.12858254598220456,41.54096544976361,7.953806172870396e-10
Aanchor_A,0.944615364074707,0.1289025933807802,41.54220123067265,7.784199606874157e-10
Aanchor_A,0.9457692205905914,0.12921229341902105,41.543469849512846,7.610101496324243e-10
Aanchor_A,0.9469230771064758,0.12952211069011157,41.544739949990216,7.435755020874319e-10
Aanchor_A,0.9480769336223602,0.1298291670905135,41.54601555844764,7.260739903611838e-10
Aanchor_A,0.9492307901382446,0.13013924262997567,41.54728852365434,7.086035167974777e-10
Aanchor_A,0.9503846317529678,0.13040103995557978,41.54857353831562,6.909639509530073e-10
Aanchor_A,0.951538473367691,0.13066048439450903,41.54986353145342,6.732613877996841e-10
Aanchor_A,0.9526923149824142,0.1308893844731895,41.55120023106693,6.549155101204017e-10
Aanchor_A,0.9538461565971375,0.1311555750914728,41.552486864591046,6.372573680319441e-10
Aanchor_A,0.9549999982118607,0.1314009317424588,41.553785341318886,6.194367808452644e-10
Aanchor_A,0.9561538398265839,0.13161332762754066,41.555131599662566,6.009589034539002e-10
Aanchor_A,0.9573076814413071,0.1318256728644781,41.55647956907971,5.824581244396611e-10
Aanchor_A,0.9584615230560303,0.1320379682078724,41.5578292783012,5.639317733194468e-10
Aanchor_A,0.9596153795719147,0.13189823249090257,41.559537583355684,5.404855055933888e-10
Aanchor_A,0.9607692360877991,0.13175911867443943,41.561246740928,5.170284931984673e-10
Aanchor_A,0.9619230926036835,0.13162063117586104,41.56295674992621,4.935590362949255e-10
Aanchor_A,0.9630769491195679,0.1314827845270149,41.564667539939315,4.700821638829199e-10
Aanchor_A,0.9642307907342911,0.13176925369801798,41.56586843258294,4.5360053128519176e-10
Aanchor_A,0.9653846323490143,0.13205245672764537,41.56707547143844,4.3703544264780274e-10
Aanchor_A,0.9665384739637375,0.13233566270077296,41.56828408213044,4.2044479069110887e-10
Aanchor_A,0.9676923155784607,0.13261887635834443,41.5694942861197,4.0383781591489367e-10
Aanchor_A,0.9688461571931839,0.13258293276580563,41.5710445165938,3.825645528950805e-10
Aanchor_A,0.9699999988079071,0.13254747035406506,41.572595759761136,3.612734924596192e-10
Aanchor_A,0.9711538404226303,0.13251249458450162,41.574148012929754,3.3996531854633864e-10
Aanchor_A,0.9723076820373535,0.13247801039855567,41.575701297239945,3.1864867853487107e-10
Aanchor_A,0.9734615236520767,0.13260691632115235,41.577018199391674,3.0057920305280907e-10
Aanchor_A,0.9746153652667999,0.13273598776610454,41.57833636738682,2.824814621848348e-10
Aanchor_A,0.9757692068815231,0.13286523651056242,41.57965578868192,2.643734881802695e-10
Aanchor_A,0.9769230484962463,0.13299464952148146,41.58097650856164,2.4625121692929666e-10
Aanchor_A,0.9780769050121307,0.13285915914485627,41.58258698987394,2.241468298768278e-10
Aanchor_A,0.9792307615280151,0.1327239145652399,41.584198656275184,2.020295997593651e-10
Aanchor_A,0.9803846180438995,0.13258894275705685,41.58581147414767,1.7989104416927116e-10
Aanchor_A,0.9815384745597839,0.13245424242944526,41.587425397705516,1.5774023644564614e-10
Aanchor_A,0.9826923161745071,0.13236594590529682,41.58900261728254,1.3609557678969832e-10
Aanchor_A,0.9838461577892303,0.13227805874096185,41.59058066732558,1.1443775861673898e-10
Aanchor_A,0.9849999994039536,0.13236392021532445,41.59191747938762,9.609284379858795e-11
Aanchor_A,0.9861538410186768,0.132284299143046,41.59348817003038,7.453445060166143e-11
Aanchor_A,0.9873076826334,0.13242423098613088,41.59472124026296,5.761107469685585e-11
Aanchor_A,0.9884615242481232,0.13232307446612704,41.59629389560343,3.602777242356523e-11
Aanchor_A,0.9896153658628464,0.13246229596821635,41.597531362971395,1.904418375874427e-11
Aanchor_A,0.9907692074775696,0.1326013990134175,41.59877041558553,2.0396974193403515e-12
Aanchor_A,0.991923063993454,0.1321810391264024,41.60064270908051,2.3660036829370955e-11
Aanchor_A,0.9930769205093384,0.13200166048160256,41.602178753737455,4.473913630451947e-11
Aanchor_A,0.9942307770252228,0.1315865577864997,41.60404736090829,7.038351451875236e-11
Aanchor_A,0.9953846335411072,0.13117203010809417,41.605916560602815,9.603683897595553e-11
Aanchor_A,0.9965384751558304,0.13121553873234937,41.6072318700155,1.1409010494807899e-10
Aanchor_A,0.9976923167705536,0.1312561223780163,41.60855248262442,1.3221421690921496e-10
Aanchor_A,0.9988461583852768,0.13133036470382162,41.60982716979086,1.4971227914256346e-10
Aanchor_A,1.0,0.1313742386846216,41.61114563237413,1.6780593761929618e-10
Aanchor_A,1.0011538565158844,0.1310189547043676,41.61288644962697,1.9169796087460462e-10
Aanchor_A,1.0023077130317688,0.13066429745089572,41.61462784295989,2.1559703626662001e-10
Aanchor_A,1.0034615695476532,0.13031027096290002,41.616369809704686,2.3950608252347627e-10
Aanchor_A,1.0046154260635376,0.1299478772698884,41.618124909536974,2.635937771519852e-10
Aanchor_A,1.0057692527770996,0.12973137171454735,41.61968575974957,2.8501623134531287e-10
Aanchor_A,1.0069230794906616,0.1295363323452609,41.62121772993241,3.0603996106765875e-10
Aanchor_A,1.0080769062042236,0.12934149692167748,41.6227506006907,3.270754306186059e-10
Aanchor_A,1.0092307329177856,0.12914682969244318,41.624284509060715,3.481303895536413e-10
Aanchor_A,1.01038458943367,0.12887521026142995,41.62587303913521,3.6993349611775406e-10
Aanchor_A,1.0115384459495544,0.12860499635126532,41.62746084606676,3.917260888488422e-10
Aanchor_A,1.0126923024654388,0.12833531901693304,41.62904916048841,4.1352496913448623e-10
Aanchor_A,1.0138461589813232,0.12806621890555278,41.63063788445228,4.353263683224059e-10
Aanchor_A,1.0150000154972076,0.12774129389481764,41.63227881370797,4.578446867157459e-10
Aanchor_A,1.016153872013092,0.12741287502880755,41.63392573448099,4.80451277104837e-10
Aanchor_A,1.0173077285289764,0.12708321518319468,41.635575506758165,5.030951904590725e-10
Aanchor_A,1.0184615850448608,0.12675370409643125,41.63722614156809,5.257484391741852e-10
Aanchor_A,1.0196154117584229,0.1265650545510871,41.63866654294564,5.455136600598139e-10
Aanchor_A,1.0207692384719849,0.12637637533228344,41.640107936924785,5.653001380937709e-10
Aanchor_A,1.0219230651855469,0.12618764244108294,41.641550358738215,5.850923394770983e-10
Aanchor_A,1.0230768918991089,0.12599890143101294,41.6429938252401,6.049053310504626e-10
Aanchor_A,1.0242307484149933,0.1256127234745053,41.644607872460284,6.270570256236966e-10
Aanchor_A,1.0253846049308777,0.12522680062532152,41.6462226160043,6.492177591791378e-10
Aanchor_A,1.026538461446762,0.12484004103085115,41.647839588176524,6.714100708962043e-10
Aanchor_A,1.0276923179626465,0.1244547899927278,41.649455467668034,6.935854297329236e-10
Aanchor_A,1.0288461744785309,0.12421109903243155,41.65093350249066,7.1387311609298e-10
Aanchor_A,1.0300000309944153,0.12396383480543598,41.652417340623664,7.342397900699541e-10
Aanchor_A,1.0311538875102997,0.12371648118860645,41.653902138722465,7.546152448482437e-10
Aanchor_A,1.032307744026184,0.12346904790303077,41.65538784308706,7.750046012636402e-10
Aanchor_A,1.033461570739746,0.12305128758915505,41.65697083307894,7.967293415552339e-10
Aanchor_A,1.034615397453308,0.12263394549272075,41.65855432924657,8.184644004863184e-10
Aanchor_A,1.0357692241668701,0.12221702623330541,41.66013832774684,8.402041487168477e-10
Aanchor_A,1.0369230508804321,0.12194553444923635,41.66152012527835,8.591700832466774e-10
Aanchor_A,1.0380769073963165,0.12136311625730897,41.66328624955949,8.834060816160564e-10
Aanchor_A,1.039230763912201,0.12078083611301271,41.66505305057979,9.076565471439565e-10
Aanchor_A,1.0403846204280853,0.1201986957654707,41.66682052708505,9.319170617609614e-10
Aanchor_A,1.0415384769439697,0.11961671815604563,41.668588613510124,9.56181361587056e-10
Aanchor_A,1.0426923334598541,0.11924107389647971,41.67007320010707,9.765560712238529e-10
Aanchor_A,1.0438461899757385,0.118865512362522,41.67155847086362,9.969429556173155e-10
Aanchor_A,1.045000046491623,0.11848995692934639,41.67304453439497,1.0173353246381433e-09
Aanchor_A,1.0461539030075073,0.11811313506787563,41.67453312847628,1.0377657640980688e-09
Aanchor_A,1.0473077297210693,0.11724984009710292,41.67654096756353,1.0653211314357046e-09
Aanchor_A,1.0484615564346313,0.11639966425900818,41.67853144121694,1.0926373963662963e-09
Aanchor_A,1.0496153831481934,0.11553742154832268,41.68053982804304,1.1202023732247114e-09
Aanchor_A,1.0507692098617554,0.11467562604654064,41.68254866482532,1.1477761928703458e-09
Aanchor_A,1.0519230663776398,0.11429324488662441,41.68399356924551,1.1676053194341037e-09
Aanchor_A,1.0530769228935242,0.11391110966247266,41.685438878444664,1.1874416124946224e-09
Aanchor_A,1.0542307794094086,0.11343394395619842,41.68701769557069,1.2091087171872874e-09
Aanchor_A,1.055384635925293,0.11305156191904886,41.68846399357797,1.228959358001132e-09
Aanchor_A,1.056538462638855,0.11273105755640601,41.689798533069826,1.247276144119856e-09
Aanchor_A,1.057692289352417,0.1123992617370096,41.69114947975891,1.2658178041616108e-09
Aanchor_A,1.058846116065979,0.112078211763454,41.69248597127955,1.2841577195786983e-09
Aanchor_A,1.059999942779541,0.11175688499696931,41.69382344917768,1.3025163947029331e-09
Aanchor_A,1.0611537992954254,0.11090435861987728,41.695722505851826,1.3285813649599956e-09
Aanchor_A,1.0623076558113098,0.11005246274423704,41.6976214290117,1.354640117269665e-09
Aanchor_A,1.0634615123271942,0.10920118100256797,41.6995203025473,1.380703405153424e-09
Aanchor_A,1.0646153688430786,0.10835055270775526,41.70141904718722,1.4067585712893087e-09
Aanchor_A,1.065769225358963,0.10757899331773274,41.70317097460008,1.4308071810679077e-09
Aanchor_A,1.0669230818748474,0.10680750184377333,41.70492352785117,1.4548569049746213e-09
Aanchor_A,1.0680769383907318,0.10603606960568916,41.70667671993912,1.4789174318825564e-09
Aanchor_A,1.0692307949066162,0.10526477619951878,41.70843041577773,1.502986145240844e-09
Aanchor_A,1.0703846216201782,0.10467215891354097,41.70996291017032,1.5240201248952085e-09
Aanchor_A,0.9907692254942341,0.13260139245091998,41.598770444807286,2.038293921392559e-12
Aanchor_A,0.9261538016261363,0.12320076335386915,41.522140354798594,1.0537455016008888e-09
Aanchor_A,0.9261538116261363,0.12320076335386915,41.52214039397723,1.0537466739765478e-09
Aanchor_A,0.9261538216261364,0.12320076335386915,41.52214040977953,1.0537478492663848e-09
Aanchor_A,0.930769185780158,0.1249861229972839,41.52695216649486,9.877067296683262e-10
Aanchor_A,0.930769195780158,0.1249861229972839,41.52695221127491,9.877055689951042e-10
Aanchor_A,0.9307692057801581,0.1249861229972839,41.526952226224545,9.87704594974916e-10
Aanchor_A,0.9353845699341797,0.12599828459119564,41.53245278447794,9.122106594570043e-10
Aanchor_A,0.9353845799341798,0.12599828459119564,41.53245273495767,9.122153491846963e-10
Aanchor_A,0.9353845899341798,0.12599828459119564,41.532452750287206,9.122151568909176e-10
Aanchor_A,0.9399999540882015,0.12762959348734032,41.537259514749046,8.462451895523409e-10
Aanchor_A,0.9399999640882015,0.12762959348734032,41.537259560214295,8.462438228928129e-10
Aanchor_A,0.9399999740882016,0.12762959348734032,41.53725957474311,8.462408827039403e-10
Aanchor_A,0.9446153382422232,0.1289025933807802,41.54220116714742,7.78423879059366e-10
Aanchor_A,0.9446153482422233,0.1289025933807802,41.54220120733863,7.784217263834951e-10
Aanchor_A,0.9446153582422233,0.1289025933807802,41.5422012220767,7.784203523521658e-10
Aanchor_A,0.949230722396245,0.13013924262997567,41.547288485435004,7.086025239147571e-10
Aanchor_A,0.949230732396245,0.13013924262997567,41.54728844108418,7.086021185447688e-10
Aanchor_A,0.949230742396245,0.13013924262997567,41.54728845538402,7.086027130756494e-10
Aanchor_A,0.9538461065502667,0.1311555750914728,41.552486767096454,6.372553728187062e-10
Aanchor_A,0.9538461165502667,0.1311555750914728,41.55248680761017,6.372540008208419e-10
Aanchor_A,0.9538461265502668,0.1311555750914728,41.55248682183872,6.372536079981878e-10
Aanchor_A,0.9584614907042884,0.1320379682078724,41.55782920681749,5.639319610604973e-10
Aanchor_A,0.9584615007042885,0.1320379682078724,41.55782924901981,5.639315708163866e-10
Aanchor_A,0.9584615107042885,0.1320379682078724,41.55782926212008,5.639339474193998e-10
Aanchor_A,0.9630768748583102,0.1314827845270149,41.564667497363665,4.700841402950336e-10
Aanchor_A,0.9630768848583102,0.1314827845270149,41.56466745073878,4.70086708963086e-10
Aanchor_A,0.9630768948583103,0.1314827845270149,41.5646674646197,4.700853236408111e-10
Aanchor_A,0.9676922590123319,0.13261887635834443,41.56949418263366,4.0383661031741667e-10
Aanchor_A,0.967692269012332,0.13261887635834443,41.56949422562346,4.038407880499521e-10
Aanchor_A,0.967692279012332,0.13261887635834443,41.56949423861493,4.0383860459971263e-10
Aanchor_A,0.9723076431663537,0.13247801039855567,41.5757012234204,3.186496662959972e-10
Aanchor_A,0.9723076531663537,0.13247801039855567,41.575701259786854,3.186490729609659e-10
Aanchor_A,0.9723076631663538,0.13247801039855567,41.57570127275942,3.1864927321181926e-10
Aanchor_A,0.9769230273203754,0.13299464952148146,41.58097645793368,2.4625201065332163e-10
Aanchor_A,0.9769230373203754,0.13299464952148146,41.58097649480976,2.462504185026747e-10
Aanchor_A,0.9769230473203755,0.13299464952148146,41.580976507114734,2.462504193278606e-10
Aanchor_A,0.9815384114743971,0.13245424242944526,41.58742537153602,1.5773963627289132e-10
Aanchor_A,0.9815384214743972,0.13245424242944526,41.58742533086736,1.5774282889973874e-10
Aanchor_A,0.9815384314743972,0.13245424242944526,41.58742534345805,1.5774223049811154e-10
Aanchor_A,0.9861537956284189,0.132284299143046,41.593488090213555,7.453424863034656e-11
Aanchor_A,0.9861538056284189,0.132284299143046,41.59348812622007,7.453244883049673e-11
Aanchor_A,0.986153815628419,0.132284299143046,41.59348813859927,7.45358500480747e-11
Aanchor_A,0.9907691797824406,0.1326013990134175,41.598770359145774,2.0406998798068074e-12
Aanchor_A,0.9907691897824407,0.1326013990134175,41.59877039592042,2.0390959057583824e-12
Aanchor_A,0.9907691997824407,0.1326013990134175,41.59877040703371,2.0358878944474113e-12
Aanchor_A,0.9953845639364624,0.13117203010809417,41.605916529654294,9.60416561591004e-11
Aanchor_A,0.9953845739364624,0.13117203010809417,41.60591648954066,9.603784025011627e-11
Aanchor_A,0.9953845839364625,0.13117203010809417,41.605916501462914,9.604004889672443e-11
Aanchor_A,0.9999999480904841,0.1313742386846216,41.61114554909663,1.6780351870123296e-10
Aanchor_A,0.9999999580904841,0.1313742386846216,41.61114558724453,1.6780171156279985e-10
Aanchor_A,0.9999999680904842,0.1313742386846216,41.611145598012875,1.678051316048245e-10
Aanchor_A,1.004615332244506,0.1299478772698884,41.61812485337678,2.6359377350546085e-10
Aanchor_A,1.0046153422445059,0.1299478772698884,41.618124818220025,2.6358994204436076e-10
Aanchor_A,1.0046153522445058,0.1299478772698884,41.618124829114564,2.635917555051861e-10
Aanchor_A,1.0092307163985277,0.12914682969244318,41.62428440646346,3.481265430862261e-10
Aanchor_A,1.0092307263985276,0.12914682969244318,41.624284502238254,3.48126959087398e-10
Aanchor_A,1.0092307363985276,0.12914682969244318,41.62428451270334,3.481313987130587e-10
Aanchor_A,1.0138461005525494,0.12806621890555278,41.63063786709299,4.353261635981136e-10
Aanchor_A,1.0138461105525494,0.12806621890555278,41.63063783470222,4.3532535065004516e-10
Aanchor_A,1.0138461205525493,0.12806621890555278,41.63063784497505,4.3532373560842406e-10
Aanchor_A,1.0184614847065712,0.12675370409643125,41.6372260813204,5.257474165134216e-10
Aanchor_A,1.018461494706571,0.12675370409643125,41.63722604951452,5.25744982649806e-10
Aanchor_A,1.018461504706571,0.12675370409643125,41.63722605970439,5.257437701836719e-10
Aanchor_A,1.023076868860593,0.12599890143101294,41.642993722665146,6.049057156048818e-10
Aanchor_A,1.0230768788605928,0.12599890143101294,41.64299381311857,6.049069492878091e-10
Aanchor_A,1.0230768888605928,0.12599890143101294,41.64299382241528,6.049061410309149e-10
Aanchor_A,1.0276922530146146,0.1244547899927278,41.64945544616532,6.935890779420799e-10
Aanchor_A,1.0276922630146146,0.1244547899927278,41.64945541355295,6.935898831375797e-10
Aanchor_A,1.0276922730146145,0.1244547899927278,41.649455423401356,6.935848094928337e-10
Aanchor_A,1.0323076371686364,0.12346904790303077,41.65538777893795,7.750051932943548e-10
Aanchor_A,1.0323076471686363,0.12346904790303077,41.655387759358945,7.750025409156747e-10
Aanchor_A,1.0323076571686363,0.12346904790303077,41.65538776800341,7.750064076074868e-10
Aanchor_A,1.0369230213226581,0.12194553444923635,41.66152003246236,8.591700502429373e-10
Aanchor_A,1.036923031322658,0.12194553444923635,41.661520109176145,8.591674317155639e-10
Aanchor_A,1.036923041322658,0.12194553444923635,41.661520117409296,8.591713034941498e-10
Aanchor_A,1.0415384054766799,0.11961671815604563,41.66858858908523,9.56181762952986e-10
Aanchor_A,1.0415384154766798,0.11961671815604563,41.66858856247169,9.561768553538185e-10
Aanchor_A,1.0415384254766797,0.11961671815604563,41.66858857077504,9.561805281848524e-10
Aanchor_A,1.0461537896307016,0.11811313506787563,41.67453306893726,1.0377626741716685e-09
Aanchor_A,1.0461537996307015,0.11811313506787563,41.67453305695445,1.037766148462742e-09
Aanchor_A,1.0461538096307015,0.11811313506787563,41.67453306387301,1.0377647215607214e-09
Aanchor_A,1.0507691737847233,0.11467562604654064,41.68254858598289,1.1477722809951813e-09
Aanchor_A,1.0507691837847233,0.11467562604654064,41.68254864428167,1.147777204771485e-09
Aanchor_A,1.0507691937847232,0.11467562604654064,41.682548652159724,1.147771078481155e-09
Aanchor_A,1.055384557938745,0.11305156191904886,41.688463965084644,1.2289585249693147e-09
Aanchor_A,1.055384567938745,0.11305156191904886,41.68846394140314,1.2289595334499952e-09
Aanchor_A,1.055384577938745,0.11305156191904886,41.68846394907743,1.2289611746914873e-09
Aanchor_A,1.0599999420927668,0.11175688499696931,41.69382344864921,1.3025174190384243e-09
Aanchor_A,1.0599999520927668,0.11175688499696931,41.69382351434902,1.302518276724611e-09
Aanchor_A,1.0599999620927667,0.11175688499696931,41.69382352045815,1.3025164348357897e-09
Aanchor_A,1.0646153262467886,0.10835055270775526,41.70141904676573,1.4067628773434034e-09
Aanchor_A,1.0646153362467885,0.10835055270775526,41.70141902822414,1.4067599992023278e-09
Aanchor_A,1.0646153462467884,0.10835055270775526,41.7014190340417,1.4067608217396555e-09
Aanchor_A,1.0692307104008103,0.10526477619951878,41.70843039089035,1.5029881862978001e-09
Aanchor_A,1.0692307204008102,0.10526477619951878,41.708430370414895,1.502987135266925e-09
Aanchor_A,1.0692307304008102,0.10526477619951878,41.708430376503394,1.502988576247242e-09
Aanchor_A,0.9907691897824407,0.13260140546571808,41.59877038687558,2.037491898143015e-12
Aanchor_B,0.926153838634491,0.12320076019297116,41.52214044107459,1.0537445396825797e-09
Aanchor_B,0.9284615218639374,0.12409365647913477,41.52454256349203,1.0207739007298903e-09
Aanchor_B,0.9307692050933838,0.12498611960581592,41.52695222993796,9.87705376632488e-10
Aanchor_B,0.9330769181251526,0.12549138951232358,41.529699826678396,9.499949632601586e-10
Aanchor_B,0.9353846311569214,0.12599828109260197,41.53245281836956,9.122110576880016e-10
Aanchor_B,0.9376923143863678,0.1268185279121026,41.53484669863801,8.793553917827736e-10
Aanchor_B,0.9399999976158142,0.12762959044819427,41.53725961317285,8.462434435539955e-10
Aanchor_B,0.9423076808452606,0.12826257802967111,41.53973151109565,8.123146867337854e-10
Aanchor_B,0.944615364074707,0.1289025897651685,41.54220123572498,7.784191735546061e-10
Aanchor_B,0.9469230771064758,0.12952210694035063,41.54473995522997,7.435755018758689e-10
Aanchor_B,0.9492307901382446,0.1301392386255674,41.547288529249876,7.086013483722491e-10
Aanchor_B,0.951538473367691,0.1306604800421939,41.54986353753501,6.732615849012528e-10
Aanchor_B,0.9538461565971375,0.1311555696520683,41.55248687221589,6.372526268263451e-10
Aanchor_B,0.9561538398265839,0.13161332227872832,41.555131607159794,6.009612757175701e-10
Aanchor_B,0.9584615230560303,0.1320379612623287,41.55782928803646,5.639319709097034e-10
Aanchor_B,0.9607692360877991,0.13175911179453723,41.56124675057121,5.170304733574749e-10
Aanchor_B,0.9630769491195679,0.13148277918981094,41.56466754742017,4.700823619063546e-10
Aanchor_B,0.9653846323490143,0.13205244908289585,41.56707548215349,4.370372282185553e-10
Aanchor_B,0.9676923155784607,0.13261887007562098,41.56949429492561,4.038400007873965e-10
Aanchor_B,0.9699999988079071,0.13254746364116352,41.57259576916995,3.612742875773319e-10
Aanchor_B,0.9723076820373535,0.1324780033831351,41.575701307072734,3.186456932557206e-10
Aanchor_B,0.9746153652667999,0.13273597942305476,41.57833637908033,2.8248245796785897e-10
Aanchor_B,0.9769230484962463,0.13299463036219294,41.5809765354149,2.4625081783038884e-10
Aanchor_B,0.9792307615280151,0.1327239064088175,41.58419866770698,2.0202920058439e-10
Aanchor_B,0.9815384745597839,0.13245423563778325,41.58742540722443,1.5774223315710738e-10
Aanchor_B,0.9838461577892303,0.1322780532475975,41.590580675024796,1.1443735884521398e-10
Aanchor_B,0.9861538410186768,0.1322842970112461,41.59348817301616,7.453064962853482e-11
Aanchor_B,0.9884615242481232,0.13232306817877088,41.596293904417095,3.60245680334863e-11
Aanchor_B,0.9907692074775696,0.1326013927659161,41.598770424343286,2.0348853926479628e-12
Aanchor_B,0.9930769205093384,0.1320016592525747,41.60217875545879,4.4739738177614066e-11
Aanchor_B,0.9953846335411072,0.13117202878946868,41.60591656244962,9.604025168964606e-11
Aanchor_B,0.9976923167705536,0.13125612142501303,41.60855248395915,1.322162263993528e-10
Aanchor_B,1.0,0.1313742323184758,41.61114564128999,1.6780332254946632e-10
Aanchor_B,1.0023077130317688,0.13066428978327302,41.61462785369843,2.1559421843934596e-10
Aanchor_B,1.0046154260635376,0.1299478771867464,41.61812490965341,2.635891454768095e-10
Aanchor_B,1.0069230794906616,0.1295363311802675,41.62121773156401,3.060423797557319e-10
Aanchor_B,1.0092307329177856,0.12914682410618433,41.624284516884344,3.481305911521959e-10
Aanchor_B,1.0115384459495544,0.12860499077340132,41.62746085387848,3.9171942579528695e-10
Aanchor_B,1.0138461589813232,0.12806621779873323,41.630637886002354,4.353283889794547e-10
Aanchor_B,1.016153872013092,0.1274128740708771,41.63392573582252,4.804516815144637e-10
Aanchor_B,1.0184615850448608,0.12675370308973558,41.6372261429779,5.257447963760065e-10
Aanchor_B,1.0207692384719849,0.1263763702140062,41.640107944092584,5.653001378780909e-10
Aanchor_B,1.0230768918991089,0.12599889651180132,41.6429938321291,6.049067496109333e-10
Aanchor_B,1.0253846049308777,0.12522679581661025,41.6462226227385,6.49216744629216e-10
Aanchor_B,1.0276923179626465,0.12445478824946556,41.649455470109324,6.935894905353642e-10
Aanchor_B,1.0300000309944153,0.12396383345458192,41.652417342515385,7.342412124273871e-10
Aanchor_B,1.032307744026184,0.12346904631742592,41.655387845307516,7.750050079020403e-10
Aanchor_B,1.034615397453308,0.1226339435833656,41.65855433192038,8.18463993330266e-10
Aanchor_B,1.0369230508804321,0.12194553441399193,41.66152012532771,8.591680464676545e-10
Aanchor_B,1.039230763912201,0.12078083563000776,41.66505305125626,9.076569546402358e-10
Aanchor_B,1.0415384769439697,0.11961671706732031,41.66858861503491,9.56182176917285e-10
Aanchor_B,1.0438461899757385,0.1188655149667227,41.671558467216386,9.96940507655705e-10
Aanchor_B,1.0461539030075073,0.11811313649658402,41.67453312647537,1.0377682143036194e-09
Aanchor_B,1.0484615564346313,0.11639965574770736,41.67853145313682,1.092636987164906e-09
Aanchor_B,1.0507692098617554,0.11467562133319689,41.68254867142623,1.147776396801877e-09
Aanchor_B,1.0530769228935242,0.11391110890769837,41.685438879501696,1.1874385452693664e-09
Aanchor_B,1.055384635925293,0.11305156586383934,41.688463988054586,1.2289616091712626e-09
Aanchor_B,1.057692289352417,0.11239926980436322,41.691149468463166,1.2658192383433758e-09
Aanchor_B,1.059999942779541,0.11175689519992772,41.69382343489174,1.3025147562575282e-09
Aanchor_B,1.0623076558113098,0.11005248148016789,41.697621402778275,1.3546427840918042e-09
Aanchor_B,1.0646153688430786,0.10835056469842952,41.7014190303984,1.4067581624328137e-09
Aanchor_B,1.0669230818748474,0.10680750387685145,41.704923525004546,1.454854854064941e-09
Aanchor_B,1.0692307949066162,0.1052647621044158,41.70843043551301,1.5029853229855166e-09
Aanchor_B,0.9249999970197678,0.12311946615968264,41.52052858062071,1.075864309783163e-09
Aanchor_B,0.926153838634491,0.12320076335386915,41.52214043665664,1.0537478570146942e-09
Aanchor_B,0.9273076802492142,0.12364726759777599,41.52334055821641,1.0372712603026368e-09
Aanchor_B,0.9284615218639374,0.12409366007291138,41.5245425584691,1.0207754636546863e-09
Aanchor_B,0.9296153634786606,0.12453994243529562,41.525746440257244,1.0042556842389286e-09
Aanchor_B,0.9307692050933838,0.1249861229972839,41.52695222519784,9.877069412134457e-10
Aanchor_B,0.9319230616092682,0.12523855662900174,41.5283253424875,9.688609371736963e-10
Aanchor_B,0.9330769181251526,0.12549139308336352,41.52969982168731,9.49999465020203e-10
Aanchor_B,0.934230774641037,0.12574463722919538,41.531075662178125,9.311134095132546e-10
Aanchor_B,0.9353846311569214,0.12599828459119564,41.53245281347975,9.122134086777126e-10
Aanchor_B,0.9365384727716446,0.1264228894203069,41.533628998836555,8.960706019551475e-10
Aanchor_B,0.9376923143863678,0.1268185310781214,41.534846694213954,8.793600980804776e-10
Aanchor_B,0.938846156001091,0.12721274803672433,41.53606805559783,8.62596663874766e-10
Aanchor_B,0.9399999976158142,0.12762959348734032,41.537259608925936,8.462418735143313e-10
Aanchor_B,0.9411538392305374,0.12793799108547474,41.538505944456965,8.291387112317238e-10
Aanchor_B,0.9423076808452606,0.12826258136335658,41.53973150643724,8.123180275022351e-10
Aanchor_B,0.9434615224599838,0.12858254598220456,41.54096544976361,7.953806172870396e-10
Aanchor_B,0.944615364074707,0.1289025933807802,41.54220123067265,7.784199606874157e-10
Aanchor_B,0.9457692205905914,0.12921229341902105,41.543469849512846,7.610101496324243e-10
Aanchor_B,0.9469230771064758,0.12952211069011157,41.544739949990216,7.435755020874319e-10
Aanchor_B,0.9480769336223602,0.1298291670905135,41.54601555844764,7.260739903611838e-10
Aanchor_B,0.9492307901382446,0.13013924262997567,41.54728852365434,7.086035167974777e-10
Aanchor_B,0.9503846317529678,0.13040103995557978,41.54857353831562,6.909639509530073e-10
Aanchor_B,0.951538473367691,0.13066048439450903,41.54986353145342,6.732613877996841e-10
Aanchor_B,0.9526923149824142,0.1308893844731895,41.55120023106693,6.549155101204017e-10
Aanchor_B,0.9538461565971375,0.1311555750914728,41.552486864591046,6.372573680319441e-10
Aanchor_B,0.9549999982118607,0.1314009317424588,41.553785341318886,6.194367808452644e-10
Aanchor_B,0.9561538398265839,0.13161332762754066,41.555131599662566,6.009589034539002e-10
Aanchor_B,0.9573076814413071,0.1318256728644781,41.55647956907971,5.824581244396611e-10
Aanchor_B,0.9584615230560303,0.1320379682078724,41.5578292783012,5.639317733194468e-10
Aanchor_B,0.9596153795719147,0.13189823249090257,41.559537583355684,5.404855055933888e-10
Aanchor_B,0.9607692360877991,0.13175911867443943,41.561246740928,5.170284931984673e-10
Aanchor_B,0.9619230926036835,0.13162063117586104,41.56295674992621,4.935590362949255e-10
Aanchor_B,0.9630769491195679,0.1314827845270149,41.564667539939315,4.700821638829199e-10
Aanchor_B,0.9642307907342911,0.13176925369801798,41.56586843258294,4.5360053128519176e-10
Aanchor_B,0.9653846323490143,0.13205245672764537,41.56707547143844,4.3703544264780274e-10
Aanchor_B,0.9665384739637375,0.13233566270077296,41.56828408213044,4.2044479069110887e-10
Aanchor_B,0.9676923155784607,0.13261887635834443,41.5694942861197,4.0383781591489367e-10
Aanchor_B,0.9688461571931839,0.13258293276580563,41.5710445165938,3.825645528950805e-10
Aanchor_B,0.9699999988079071,0.13254747035406506,41.572595759761136,3.612734924596192e-10
Aanchor_B,0.9711538404226303,0.13251249458450162,41.574148012929754,3.3996531854633864e-10
Aanchor_B,0.9723076820373535,0.13247801039855567,41.575701297239945,3.1864867853487107e-10
Aanchor_B,0.9734615236520767,0.13260691632115235,41.577018199391674,3.0057920305280907e-10
Aanchor_B,0.9746153652667999,0.13273598776610454,41.57833636738682,2.824814621848348e-10
Aanchor_B,0.9757692068815231,0.13286523651056242,41.57965578868192,2.643734881802695e-10
Aanchor_B,0.9769230484962463,0.13299464952148146,41.58097650856164,2.4625121692929666e-10
Aanchor_B,0.9780769050121307,0.13285915914485627,41.58258698987394,2.241468298768278e-10
Aanchor_B,0.9792307615280151,0.1327239145652399,41.584198656275184,2.020295997593651e-10
Aanchor_B,0.9803846180438995,0.13258894275705685,41.58581147414767,1.7989104416927116e-10
Aanchor_B,0.9815384745597839,0.13245424242944526,41.587425397705516,1.5774023644564614e-10
Aanchor_B,0.9826923161745071,0.13236594590529682,41.58900261728254,1.3609557678969832e-10
Aanchor_B,0.9838461577892303,0.13227805874096185,41.59058066732558,1.1443775861673898e-10
Aanchor_B,0.9849999994039536,0.13236392021532445,41.59191747938762,9.609284379858795e-11
Aanchor_B,0.9861538410186768,0.132284299143046,41.59348817003038,7.453445060166143e-11
Aanchor_B,0.9873076826334,0.13242423098613088,41.59472124026296,5.761107469685585e-11
Aanchor_B,0.9884615242481232,0.13232307446612704,41.59629389560343,3.602777242356523e-11
Aanchor_B,0.9896153658628464,0.13246229596821635,41.597531362971395,1.904418375874427e-11
Aanchor_B,0.9907692074775696,0.1326013990134175,41.59877041558553,2.0396974193403515e-12
Aanchor_B,0.991923063993454,0.1321810391264024,41.60064270908051,2.3660036829370955e-11
Aanchor_B,0.9930769205093384,0.13200166048160256,41.602178753737455,4.473913630451947e-11
Aanchor_B,0.9942307770252228,0.1315865577864997,41.60404736090829,7.038351451875236e-11
Aanchor_B,0.9953846335411072,0.13117203010809417,41.605916560602815,9.603683897595553e-11
Aanchor_B,0.9965384751558304,0.13121553873234937,41.6072318700155,1.1409010494807899e-10
Aanchor_B,0.9976923167705536,0.1312561223780163,41.60855248262442,1.3221421690921496e-10
Aanchor_B,0.9988461583852768,0.13133036470382162,41.60982716979086,1.4971227914256346e-10
Aanchor_B,1.0,0.1313742386846216,41.61114563237413,1.6780593761929618e-10
Aanchor_B,1.0011538565158844,0.1310189547043676,41.61288644962697,1.9169796087460462e-10
Aanchor_B,1.0023077130317688,0.13066429745089572,41.61462784295989,2.1559703626662001e-10
Aanchor_B,1.0034615695476532,0.13031027096290002,41.616369809704686,2.3950608252347627e-10
Aanchor_B,1.0046154260635376,0.1299478772698884,41.618124909536974,2.635937771519852e-10
Aanchor_B,1.0057692527770996,0.12973137171454735,41.61968575974957,2.8501623134531287e-10
Aanchor_B,1.0069230794906616,0.1295363323452609,41.62121772993241,3.0603996106765875e-10
Aanchor_B,1.0080769062042236,0.12934149692167748,41.6227506006907,3.270754306186059e-10
Aanchor_B,1.0092307329177856,0.12914682969244318,41.624284509060715,3.481303895536413e-10
Aanchor_B,1.01038458943367,0.12887521026142995,41.62587303913521,3.6993349611775406e-10
Aanchor_B,1.0115384459495544,0.12860499635126532,41.62746084606676,3.917260888488422e-10
Aanchor_B,1.0126923024654388,0.12833531901693304,41.62904916048841,4.1352496913448623e-10
Aanchor_B,1.0138461589813232,0.12806621890555278,41.63063788445228,4.353263683224059e-10
Aanchor_B,1.0150000154972076,0.12774129389481764,41.63227881370797,4.578446867157459e-10
Aanchor_B,1.016153872013092,0.12741287502880755,41.63392573448099,4.80451277104837e-10
Aanchor_B,1.0173077285289764,0.12708321518319468,41.635575506758165,5.030951904590725e-10
Aanchor_B,1.0184615850448608,0.12675370409643125,41.63722614156809,5.257484391741852e-10
Aanchor_B,1.0196154117584229,0.1265650545510871,41.63866654294564,5.455136600598139e-10
Aanchor_B,1.0207692384719849,0.12637637533228344,41.640107936924785,5.653001380937709e-10
Aanchor_B,1.0219230651855469,0.12618764244108294,41.641550358738215,5.850923394770983e-10
Aanchor_B,1.0230768918991089,0.12599890143101294,41.6429938252401,6.049053310504626e-10
Aanchor_B,1.0242307484149933,0.1256127234745053,41.644607872460284,6.270570256236966e-10
Aanchor_B,1.0253846049308777,0.12522680062532152,41.6462226160043,6.492177591791378e-10
Aanchor_B,1.026538461446762,0.12484004103085115,41.647839588176524,6.714100708962043e-10
Aanchor_B,1.0276923179626465,0.1244547899927278,41.649455467668034,6.935854297329236e-10
Aanchor_B,1.0288461744785309,0.12421109903243155,41.65093350249066,7.1387311609298e-10
Aanchor_B,1.0300000309944153,0.12396383480543598,41.652417340623664,7.342397900699541e-10
Aanchor_B,1.0311538875102997,0.12371648118860645,41.653902138722465,7.546152448482437e-10
Aanchor_B,1.032307744026184,0.12346904790303077,41.65538784308706,7.750046012636402e-10
Aanchor_B,1.033461570739746,0.12305128758915505,41.65697083307894,7.967293415552339e-10
Aanchor_B,1.034615397453308,0.12263394549272075,41.65855432924657,8.184644004863184e-10
Aanchor_B,1.0357692241668701,0.12221702623330541,41.66013832774684,8.402041487168477e-10
Aanchor_B,1.0369230508804321,0.12194553444923635,41.66152012527835,8.591700832466774e-10
Aanchor_B,1.0380769073963165,0.12136311625730897,41.66328624955949,8.834060816160564e-10
Aanchor_B,1.039230763912201,0.12078083611301271,41.66505305057979,9.076565471439565e-10
Aanchor_B,1.0403846204280853,0.1201986957654707,41.66682052708505,9.319170617609614e-10
Aanchor_B,1.0415384769439697,0.11961671815604563,41.668588613510124,9.56181361587056e-10
Aanchor_B,1.0426923334598541,0.11924107389647971,41.67007320010707,9.765560712238529e-10
Aanchor_B,1.0438461899757385,0.118865512362522,41.67155847086362,9.969429556173155e-10
Aanchor_B,1.045000046491623,0.11848995692934639,41.67304453439497,1.0173353246381433e-09
Aanchor_B,1.0461539030075073,0.11811313506787563,41.67453312847628,1.0377657640980688e-09
Aanchor_B,1.0473077297210693,0.11724984009710292,41.67654096756353,1.0653211314357046e-09
Aanchor_B,1.0484615564346313,0.11639966425900818,41.67853144121694,1.0926373963662963e-09
Aanchor_B,1.0496153831481934,0.11553742154832268,41.68053982804304,1.1202023732247114e-09
Aanchor_B,1.0507692098617554,0.11467562604654064,41.68254866482532,1.1477761928703458e-09
Aanchor_B,1.0519230663776398,0.11429324488662441,41.68399356924551,1.1676053194341037e-09
Aanchor_B,1.0530769228935242,0.11391110966247266,41.685438878444664,1.1874416124946224e-09
Aanchor_B,1.0542307794094086,0.11343394395619842,41.68701769557069,1.2091087171872874e-09
Aanchor_B,1.055384635925293,0.11305156191904886,41.68846399357797,1.228959358001132e-09
Aanchor_B,1.056538462638855,0.11273105755640601,41.689798533069826,1.247276144119856e-09
Aanchor_B,1.057692289352417,0.1123992617370096,41.69114947975891,1.2658178041616108e-09
Aanchor_B,1.058846116065979,0.112078211763454,41.69248597127955,1.2841577195786983e-09
Aanchor_B,1.059999942779541,0.11175688499696931,41.69382344917768,1.3025163947029331e-09
Aanchor_B,1.0611537992954254,0.11090435861987728,41.695722505851826,1.3285813649599956e-09
Aanchor_B,1.0623076558113098,0.11005246274423704,41.6976214290117,1.354640117269665e-09
Aanchor_B,1.0634615123271942,0.10920118100256797,41.6995203025473,1.380703405153424e-09
Aanchor_B,1.0646153688430786,0.10835055270775526,41.70141904718722,1.4067585712893087e-09
Aanchor_B,1.065769225358963,0.10757899331773274,41.70317097460008,1.4308071810679077e-09
Aanchor_B,1.0669230818748474,0.10680750184377333,41.70492352785117,1.4548569049746213e-09
Aanchor_B,1.0680769383907318,0.10603606960568916,41.70667671993912,1.4789174318825564e-09
Aanchor_B,1.0692307949066162,0.10526477619951878,41.70843041577773,1.502986145240844e-09
Aanchor_B,1.0703846216201782,0.10467215891354097,41.70996291017032,1.5240201248952085e-09
Aanchor_B,0.9907692254942341,0.13260139245091998,41.598770444807286,2.038293921392559e-12
Aanchor_B,0.9261538016261363,0.12320076335386915,41.522140354798594,1.0537455016008888e-09
Aanchor_B,0.9261538116261363,0.12320076335386915,41.52214039397723,1.0537466739765478e-09
Aanchor_B,0.9261538216261364,0.12320076335386915,41.52214040977953,1.0537478492663848e-09
Aanchor_B,0.930769185780158,0.1249861229972839,41.52695216649486,9.877067296683262e-10
Aanchor_B,0.930769195780158,0.1249861229972839,41.52695221127491,9.877055689951042e-10
Aanchor_B,0.9307692057801581,0.1249861229972839,41.526952226224545,9.87704594974916e-10
Aanchor_B,0.9353845699341797,0.12599828459119564,41.53245278447794,9.122106594570043e-10
Aanchor_B,0.9353845799341798,0.12599828459119564,41.53245273495767,9.122153491846963e-10
Aanchor_B,0.9353845899341798,0.12599828459119564,41.532452750287206,9.122151568909176e-10
Aanchor_B,0.9399999540882015,0.12762959348734032,41.537259514749046,8.462451895523409e-10
Aanchor_B,0.9399999640882015,0.12762959348734032,41.537259560214295,8.462438228928129e-10
Aanchor_B,0.9399999740882016,0.12762959348734032,41.53725957474311,8.462408827039403e-10
Aanchor_B,0.9446153382422232,0.1289025933807802,41.54220116714742,7.78423879059366e-10
Aanchor_B,0.9446153482422233,0.1289025933807802,41.54220120733863,7.784217263834951e-10
Aanchor_B,0.9446153582422233,0.1289025933807802,41.5422012220767,7.784203523521658e-10
Aanchor_B,0.949230722396245,0.13013924262997567,41.547288485435004,7.086025239147571e-10
Aanchor_B,0.949230732396245,0.13013924262997567,41.54728844108418,7.086021185447688e-10
Aanchor_B,0.949230742396245,0.13013924262997567,41.54728845538402,7.086027130756494e-10
Aanchor_B,0.9538461065502667,0.1311555750914728,41.552486767096454,6.372553728187062e-10
Aanchor_B,0.9538461165502667,0.1311555750914728,41.55248680761017,6.372540008208419e-10
Aanchor_B,0.9538461265502668,0.1311555750914728,41.55248682183872,6.372536079981878e-10
Aanchor_B,0.9584614907042884,0.1320379682078724,41.55782920681749,5.639319610604973e-10
Aanchor_B,0.9584615007042885,0.1320379682078724,41.55782924901981,5.639315708163866e-10
Aanchor_B,0.9584615107042885,0.1320379682078724,41.55782926212008,5.639339474193998e-10
Aanchor_B,0.9630768748583102,0.1314827845270149,41.564667497363665,4.700841402950336e-10
Aanchor_B,0.9630768848583102,0.1314827845270149,41.56466745073878,4.70086708963086e-10
Aanchor_B,0.9630768948583103,0.1314827845270149,41.5646674646197,4.700853236408111e-10
Aanchor_B,0.9676922590123319,0.13261887635834443,41.56949418263366,4.0383661031741667e-10
Aanchor_B,0.967692269012332,0.13261887635834443,41.56949422562346,4.038407880499521e-10
Aanchor_B,0.967692279012332,0.13261887635834443,41.56949423861493,4.0383860459971263e-10
Aanchor_B,0.9723076431663537,0.13247801039855567,41.5757012234204,3.186496662959972e-10
Aanchor_B,0.9723076531663537,0.13247801039855567,41.575701259786854,3.186490729609659e-10
Aanchor_B,0.9723076631663538,0.13247801039855567,41.57570127275942,3.1864927321181926e-10
Aanchor_B,0.9769230273203754,0.13299464952148146,41.58097645793368,2.4625201065332163e-10
Aanchor_B,0.9769230373203754,0.13299464952148146,41.58097649480976,2.462504185026747e-10
Aanchor_B,0.9769230473203755,0.13299464952148146,41.580976507114734,2.462504193278606e-10
Aanchor_B,0.9815384114743971,0.13245424242944526,41.58742537153602,1.5773963627289132e-10
Aanchor_B,0.9815384214743972,0.13245424242944526,41.58742533086736,1.5774282889973874e-10
Aanchor_B,0.9815384314743972,0.13245424242944526,41.58742534345805,1.5774223049811154e-10
Aanchor_B,0.9861537956284189,0.132284299143046,41.593488090213555,7.453424863034656e-11
Aanchor_B,0.9861538056284189,0.132284299143046,41.59348812622007,7.453244883049673e-11
Aanchor_B,0.986153815628419,0.132284299143046,41.59348813859927,7.45358500480747e-11
Aanchor_B,0.9907691797824406,0.1326013990134175,41.598770359145774,2.0406998798068074e-12
Aanchor_B,0.9907691897824407,0.1326013990134175,41.59877039592042,2.0390959057583824e-12
Aanchor_B,0.9907691997824407,0.1326013990134175,41.59877040703371,2.0358878944474113e-12
Aanchor_B,0.9953845639364624,0.13117203010809417,41.605916529654294,9.60416561591004e-11
Aanchor_B,0.9953845739364624,0.13117203010809417,41.60591648954066,9.603784025011627e-11
Aanchor_B,0.9953845839364625,0.13117203010809417,41.605916501462914,9.604004889672443e-11
Aanchor_B,0.9999999480904841,0.1313742386846216,41.61114554909663,1.6780351870123296e-10
Aanchor_B,0.9999999580904841,0.1313742386846216,41.61114558724453,1.6780171156279985e-10
Aanchor_B,0.9999999680904842,0.1313742386846216,41.611145598012875,1.678051316048245e-10
Aanchor_B,1.004615332244506,0.1299478772698884,41.61812485337678,2.6359377350546085e-10
Aanchor_B,1.0046153422445059,0.1299478772698884,41.618124818220025,2.6358994204436076e-10
Aanchor_B,1.0046153522445058,0.1299478772698884,41.618124829114564,2.635917555051861e-10
Aanchor_B,1.0092307163985277,0.12914682969244318,41.62428440646346,3.481265430862261e-10
Aanchor_B,1.0092307263985276,0.12914682969244318,41.624284502238254,3.48126959087398e-10
Aanchor_B,1.0092307363985276,0.12914682969244318,41.62428451270334,3.481313987130587e-10
Aanchor_B,1.0138461005525494,0.12806621890555278,41.63063786709299,4.353261635981136e-10
Aanchor_B,1.0138461105525494,0.12806621890555278,41.63063783470222,4.3532535065004516e-10
Aanchor_B,1.0138461205525493,0.12806621890555278,41.63063784497505,4.3532373560842406e-10
Aanchor_B,1.0184614847065712,0.12675370409643125,41.6372260813204,5.257474165134216e-10
Aanchor_B,1.018461494706571,0.12675370409643125,41.63722604951452,5.25744982649806e-10
Aanchor_B,1.018461504706571,0.12675370409643125,41.63722605970439,5.257437701836719e-10
Aanchor_B,1.023076868860593,0.12599890143101294,41.642993722665146,6.049057156048818e-10
Aanchor_B,1.0230768788605928,0.12599890143101294,41.64299381311857,6.049069492878091e-10
Aanchor_B,1.0230768888605928,0.12599890143101294,41.64299382241528,6.049061410309149e-10
Aanchor_B,1.0276922530146146,0.1244547899927278,41.64945544616532,6.935890779420799e-10
Aanchor_B,1.0276922630146146,0.1244547899927278,41.64945541355295,6.935898831375797e-10
Aanchor_B,1.0276922730146145,0.1244547899927278,41.649455423401356,6.935848094928337e-10
Aanchor_B,1.0323076371686364,0.12346904790303077,41.65538777893795,7.750051932943548e-10
Aanchor_B,1.0323076471686363,0.12346904790303077,41.655387759358945,7.750025409156747e-10
Aanchor_B,1.0323076571686363,0.12346904790303077,41.65538776800341,7.750064076074868e-10
Aanchor_B,1.0369230213226581,0.12194553444923635,41.66152003246236,8.591700502429373e-10
Aanchor_B,1.036923031322658,0.12194553444923635,41.661520109176145,8.591674317155639e-10
Aanchor_B,1.036923041322658,0.12194553444923635,41.661520117409296,8.591713034941498e-10
Aanchor_B,1.0415384054766799,0.11961671815604563,41.66858858908523,9.56181762952986e-10
Aanchor_B,1.0415384154766798,0.11961671815604563,41.66858856247169,9.561768553538185e-10
Aanchor_B,1.0415384254766797,0.11961671815604563,41.66858857077504,9.561805281848524e-10
Aanchor_B,1.0461537896307016,0.11811313506787563,41.67453306893726,1.0377626741716685e-09
Aanchor_B,1.0461537996307015,0.11811313506787563,41.67453305695445,1.037766148462742e-09
Aanchor_B,1.0461538096307015,0.11811313506787563,41.67453306387301,1.0377647215607214e-09
Aanchor_B,1.0507691737847233,0.11467562604654064,41.68254858598289,1.1477722809951813e-09
Aanchor_B,1.0507691837847233,0.11467562604654064,41.68254864428167,1.147777204771485e-09
Aanchor_B,1.0507691937847232,0.11467562604654064,41.682548652159724,1.147771078481155e-09
Aanchor_B,1.055384557938745,0.11305156191904886,41.688463965084644,1.2289585249693147e-09
Aanchor_B,1.055384567938745,0.11305156191904886,41.68846394140314,1.2289595334499952e-09
Aanchor_B,1.055384577938745,0.11305156191904886,41.68846394907743,1.2289611746914873e-09
Aanchor_B,1.0599999420927668,0.11175688499696931,41.69382344864921,1.3025174190384243e-09
Aanchor_B,1.0599999520927668,0.11175688499696931,41.69382351434902,1.302518276724611e-09
Aanchor_B,1.0599999620927667,0.11175688499696931,41.69382352045815,1.3025164348357897e-09
Aanchor_B,1.0646153262467886,0.10835055270775526,41.70141904676573,1.4067628773434034e-09
Aanchor_B,1.0646153362467885,0.10835055270775526,41.70141902822414,1.4067599992023278e-09
Aanchor_B,1.0646153462467884,0.10835055270775526,41.7014190340417,1.4067608217396555e-09
Aanchor_B,1.0692307104008103,0.10526477619951878,41.70843039089035,1.5029881862978001e-09
Aanchor_B,1.0692307204008102,0.10526477619951878,41.708430370414895,1.502987135266925e-09
Aanchor_B,1.0692307304008102,0.10526477619951878,41.708430376503394,1.502988576247242e-09
Aanchor_B,0.9907691897824407,0.13260140546571808,41.59877038687558,2.037491898143015e-12
