8.024291992187500000e-01 0.000000000000000000e+00 nan
8.027954697608947754e-01 6.223438648103596371e-13 5.007219899128001472e-12
8.031594157218933105e-01 -5.012777302623727671e-13 3.362388058952836545e-12
8.035195469856262207e-01 1.681414881458953570e-12 4.796247600469261130e-12
8.038772344589233398e-01 1.152438723199837242e-15 4.210724196148519897e-17
8.042306303977966309e-01 1.461114469838249372e-15 5.871090421629465207e-17
8.045830130577087402e-01 1.514311527057608450e-15 1.191460234060642376e-16
8.049314022064208984e-01 1.351080337187824266e-15 1.010372597046002476e-16
8.052771687507629395e-01 1.372228420540159196e-15 1.214983662494874381e-16
8.056202530860900879e-01 1.410785783815648575e-15 5.231861126116246438e-17
8.059601783752441406e-01 1.207506240924970629e-15 1.208907789285100878e-16
8.062978982925415039e-01 1.594599344908120223e-15 1.573880786669382028e-16
8.066331744194030762e-01 1.247392281257346785e-15 1.582084036065743910e-16
8.069651126861572266e-01 1.356872136722912358e-15 1.312411377321534133e-16
8.072946667671203613e-01 1.403950122052187964e-15 1.458388241357952203e-16
8.076222538948059082e-01 1.129619549721687984e-15 5.040375762627365976e-17
8.079466819763183594e-01 1.343132097648145132e-15 7.907018151905411459e-17
8.082689046859741211e-01 1.260152197333022379e-15 3.187855811722597359e-17
8.085889220237731934e-01 1.171019343809925981e-15 1.670178109558151315e-16
8.089058399200439453e-01 1.284327999955317805e-15 1.221089975951189835e-16
8.092179298400878906e-01 1.095673857327524644e-15 7.462137257417241691e-17
8.095346689224243164e-01 1.295388873817919680e-15 1.547471887560769046e-16
8.098441362380981445e-01 1.261929695972835528e-15 1.014811645259656048e-16
8.101533055305480957e-01 1.274141475852519183e-15 1.180807603608837473e-16
8.104587793350219727e-01 1.314869043417992486e-15 1.295290591526258579e-16
8.107632398605346680e-01 1.318947824696377162e-15 9.457297556639634485e-17
8.110646605491638184e-01 1.321569074030774001e-15 2.937407823030855009e-16
8.113647699356079102e-01 1.247911512454013671e-15 1.664304068417840751e-16
8.116625547409057617e-01 1.188177478464219530e-15 7.230520068457493518e-17
8.119581341743469238e-01 1.253503623971786562e-15 8.849344952703780756e-17
8.122516870498657227e-01 1.193233524005498855e-15 8.410083592425051237e-17
8.125439286231994629e-01 1.209917002571974775e-15 8.105438928522181526e-17
8.128335475921630859e-01 1.254059912859895824e-15 1.351719397076748034e-16
8.131213784217834473e-01 1.227806973692696039e-15 7.986853654162089436e-17
8.134076595306396484e-01 1.130566003161126258e-15 1.020230935586409460e-16
8.136925697326660156e-01 1.075095615390455044e-15 5.305249582678686117e-17
8.139743804931640625e-01 1.153606569875864109e-15 8.282192867045982607e-17
8.142551183700561523e-01 1.176006038528648861e-15 9.483159193054982385e-17
8.145350813865661621e-01 1.156473776402319915e-15 7.614247831131862971e-17
8.148119449615478516e-01 1.205407822677266507e-15 1.185521739007001679e-16
8.150877356529235840e-01 1.169534177416033972e-15 3.615204116819338174e-17
8.153619170188903809e-01 1.072165728425902419e-15 9.152490103592214338e-17
8.156344890594482422e-01 1.107706383859745607e-15 6.650030522602890350e-17
8.159053921699523926e-01 1.197617978298723927e-15 1.084354704590459212e-16
8.161748647689819336e-01 1.283834709142660582e-15 9.371030559684234208e-17
8.164428472518920898e-01 1.035359605768861307e-15 8.303338912225288206e-17
8.167091012001037598e-01 1.246883214456046950e-15 1.081832465466662520e-16
8.169745206832885742e-01 9.382043973232010239e-16 9.818310939693297799e-17
8.172376155853271484e-01 1.177072876525715652e-15 9.417368555854964776e-17
8.175001144409179688e-01 1.180245650187893448e-15 5.769877263621966783e-17
8.177607059478759766e-01 1.210678379312437984e-15 9.594506967927480504e-17
8.180201053619384766e-01 1.064735978929061324e-15 4.453806439270498055e-17
8.182784914970397949e-01 1.114158763214573647e-15 1.027208104791620742e-16
8.185352087020874023e-01 1.066278425926011405e-15 9.099506869252477767e-17
8.187906146049499512e-01 1.063736480051301250e-15 8.434504611085576783e-17
8.190450668334960938e-01 1.252416668942222481e-15 7.676523943345265276e-17
8.192985653877258301e-01 1.077780921591487990e-15 1.123560220124165542e-16
8.195498585700988770e-01 1.120120392855586226e-15 1.267645553710246352e-16
8.198005557060241699e-01 1.114066966018914962e-15 4.442285798571104507e-17
8.200508952140808105e-01 1.159892719014793492e-15 1.078682561694060591e-16
8.202987909317016602e-01 9.200994915921139813e-16 4.543586968595778573e-17
8.205463886260986328e-01 1.126407812543936491e-15 8.906630849717773156e-17
8.207925558090209961e-01 1.000832531135526296e-15 9.980845312615067313e-17
8.210382461547851562e-01 1.279010009475100088e-15 1.185584604733555709e-16
8.212819099426269531e-01 1.097547917723324783e-15 9.054165460283751087e-17
8.215256333351135254e-01 1.205866173380849490e-15 6.499089913146664072e-17
8.217674493789672852e-01 1.026597261687752383e-15 6.829479746434634216e-17
8.220089077949523926e-01 1.095480945573787477e-15 1.107254703540622252e-16
8.222494721412658691e-01 1.111064975374727315e-15 7.482593764837923087e-17
8.224884867668151855e-01 1.111857162938646899e-15 8.381202415901639765e-17
8.227273821830749512e-01 1.152378477981463780e-15 1.016480432514645029e-16
8.229646682739257812e-01 1.210851174033677861e-15 8.687228140555228011e-17
8.232014775276184082e-01 1.153242028071189539e-15 9.801471527655188283e-17
8.234378099441528320e-01 1.033945907779893880e-15 6.883703089948710286e-17
8.236725330352783203e-01 1.083856477163906273e-15 1.082007496884278741e-16
8.239071965217590332e-01 9.673830941693355688e-16 5.464033518703140203e-17
8.241404294967651367e-01 1.042294052749795450e-15 9.201966753879216115e-17
8.243733644485473633e-01 1.039344472269219163e-15 8.029207948502764623e-17
8.246054649353027344e-01 9.634539200852596831e-16 9.648981774347772694e-17
8.248366713523864746e-01 1.104559021185985441e-15 3.667908094984276843e-17
8.250675201416015625e-01 1.056114559954551835e-15 9.365336248347419165e-17
8.252971172332763672e-01 1.052272312626687922e-15 7.864777677617023569e-17
8.255266547203063965e-01 9.831155664942817229e-16 7.306352016549414840e-17
8.257550001144409180e-01 1.063716892414395994e-15 6.110868243640416530e-17
8.259832262992858887e-01 1.088514205461739263e-15 5.251685005804447278e-17
8.262103796005249023e-01 1.103429502750821831e-15 6.797309038051221864e-17
8.264371752738952637e-01 1.140593814465433106e-15 5.153355399412308708e-17
8.266634941101074219e-01 1.057606926128495505e-15 6.565793757742940224e-17
8.268888592720031738e-01 1.106127726204300405e-15 6.908451010387316790e-17
8.271142244338989258e-01 1.026198732686069235e-15 6.332876902604748733e-17
8.273383975028991699e-01 8.991391319167142855e-16 9.569799413902766588e-17
8.275627493858337402e-01 1.092718135858080763e-15 7.876529598015686944e-17
8.277858495712280273e-01 8.989982068101148513e-16 8.757032919831842952e-17
8.280090689659118652e-01 1.099757297287119219e-15 8.658452843150223326e-17
8.282316327095031738e-01 1.117539377586183966e-15 8.339571408288580946e-17
8.284536004066467285e-01 1.020005545413101011e-15 6.889498648192501819e-17
8.286752700805664062e-01 9.480863072023433188e-16 5.392670331152475357e-17
8.288964033126831055e-01 1.078388244214669323e-15 8.426174571444922773e-17
8.291173577308654785e-01 1.031020785375669560e-15 6.446998048635014644e-17
8.293374180793762207e-01 1.109616866672277682e-15 8.325020308697038125e-17
8.295575380325317383e-01 1.029381564864495675e-15 9.494745015586645112e-17
8.297773003578186035e-01 1.052656336189149340e-15 9.281411826886769062e-17
8.299965262413024902e-01 1.028050346708767136e-15 4.602442192667906577e-17
8.302150964736938477e-01 1.149144717947083675e-15 1.010175595711316847e-16
8.304340839385986328e-01 9.116520320091468441e-16 8.076588192245312005e-17
8.306520581245422363e-01 8.996373990479366277e-16 7.176523703303501998e-17
8.308700919151306152e-01 1.032633430228123341e-15 1.080010352013330711e-16
8.310874700546264648e-01 9.868775574503932911e-16 4.920365090635722509e-17
8.313053250312805176e-01 8.716498952234376461e-16 7.041558267581389833e-17
8.315219283103942871e-01 9.795789921812582055e-16 8.497899733231640824e-17
8.317391276359558105e-01 9.794527842721173147e-16 9.442375880133667908e-17
8.319554328918457031e-01 8.945257669694937387e-16 6.875752891645340627e-17
8.321716785430908203e-01 9.131668445561927534e-16 9.657059027593230499e-17
8.323879837989807129e-01 8.654944538561814421e-16 4.544234485579285083e-17
8.326037526130676270e-01 9.359936413308673001e-16 1.187209452154405873e-16
8.328195214271545410e-01 9.321730992222767784e-16 1.068333473439838147e-16
8.330349922180175781e-01 8.030330796553468604e-16 8.613686490143343511e-17
8.332500457763671875e-01 8.155720260109074887e-16 6.271298930828341184e-17
8.334653973579406738e-01 8.130982133488921012e-16 7.616027923810077087e-17
8.336804509162902832e-01 7.505021609094440858e-16 4.721702777280086959e-17
8.338948488235473633e-01 8.190578312866549516e-16 5.947410737155037837e-17
8.341098427772521973e-01 6.402291120283340638e-16 4.176080879478064035e-17
8.343242406845092773e-01 7.686953698252823892e-16 8.102471666228831305e-17
8.345387578010559082e-01 6.863502677645675308e-16 6.811005163761629875e-17
8.347527980804443359e-01 6.383511341051528731e-16 8.668585474781752894e-17
8.349672555923461914e-01 5.772700000918691739e-16 5.176451274731524305e-17
8.351811766624450684e-01 6.126038736074639057e-16 4.973637838189852640e-17
8.353954553604125977e-01 5.543776641429008258e-16 4.482337222086432065e-17
8.356090784072875977e-01 6.141388031870071047e-16 1.040221971932795016e-16
8.358232378959655762e-01 5.189161004105075081e-16 6.672590054012926563e-17
8.360369801521301270e-01 5.378906442806287002e-16 7.702447783742677164e-17
8.362503051757812500e-01 4.332642876028302680e-16 6.880190550195565110e-17
8.364644646644592285e-01 3.266544973999174848e-16 8.256241233379988938e-17
8.366784453392028809e-01 4.021298181512651454e-16 6.045987505114207251e-17
8.368912935256958008e-01 3.091857134122184218e-16 5.773085400909692445e-17
8.371053338050842285e-01 4.072606143501396629e-16 8.359297349792255507e-17
8.373190760612487793e-01 3.735314182833386013e-16 7.330955014944702053e-17
8.375325202941894531e-01 2.925388690207112504e-16 4.549322638963221267e-17
8.377460837364196777e-01 3.564504430365839993e-16 4.898615468307049216e-16
8.379599452018737793e-01 2.845190287272095263e-16 8.709976269144926314e-17
8.381736874580383301e-01 2.962116568195651001e-16 7.058380474262758246e-17
8.383873105049133301e-01 3.427474881230387505e-16 6.982254711617258088e-17
8.386008739471435547e-01 1.763497052846137668e-16 3.203156336949113223e-17
8.388145565986633301e-01 3.370137368146171796e-16 7.008363840471881854e-17
8.390284180641174316e-01 1.552407839711995472e-16 7.094581868335018992e-17
8.392423987388610840e-01 1.101900528871689014e-16 3.578068339527137529e-17
8.394562005996704102e-01 2.107427766587151871e-16 2.611657678885919299e-17
8.396700024604797363e-01 2.152380069795733607e-16 6.239633133490831199e-17
8.398844599723815918e-01 2.099484715124274670e-16 3.659822900804938529e-17
8.400983214378356934e-01 1.662865171198692508e-16 9.499916548776326641e-17
8.403126597404479980e-01 1.188089175279468269e-16 4.684460459124989483e-17
8.405269384384155273e-01 1.207429981489938141e-16 3.850930408190004768e-17
8.407413363456726074e-01 2.340157745081355382e-16 6.222392042547265933e-17
8.409558534622192383e-01 3.539788538360551544e-16 9.625117282803372825e-17
8.411704897880554199e-01 5.889905538017045378e-16 1.125656361970823918e-16
8.413853049278259277e-01 2.863272852509198474e-16 9.237022006494723385e-17
8.415999412536621094e-01 2.121212830757021584e-16 5.628166666312852209e-17
8.418153524398803711e-01 2.040516001872104391e-16 4.327894991661146310e-17
8.420301079750061035e-01 2.861369675355836468e-16 6.875740318500029821e-17
8.422455191612243652e-01 2.570622175139449656e-16 4.213966744149727766e-17
8.424608111381530762e-01 2.219119251547778024e-16 4.788194863639549535e-17
8.426764607429504395e-01 1.793959269305158495e-16 4.392793597288586734e-17
8.428920507431030273e-01 1.945700854292132121e-16 4.892252199465250289e-17
8.431078791618347168e-01 1.520557150963967635e-16 3.997956798987630119e-17
8.433240056037902832e-01 2.278783061212288864e-16 7.276405431397035069e-17
8.435400128364562988e-01 2.505498046989802774e-16 6.758016635465972964e-17
8.437567353248596191e-01 2.154718410125747510e-16 6.455902482493025476e-17
8.439727425575256348e-01 2.159198155625538691e-16 4.041698109779434222e-17
8.441897034645080566e-01 1.620139902896899540e-16 7.470839197461299542e-17
8.444064855575561523e-01 2.576172093828537442e-16 6.951622559173194368e-17
8.446235656738281250e-01 1.824476939952444877e-16 6.220050128797005801e-17
8.448408246040344238e-01 1.786830825309523516e-16 4.142489074802285581e-17
8.450582027435302734e-01 1.728809333120399959e-16 8.837714131546795145e-17
8.452761173248291016e-01 2.265557435834301015e-16 6.687860469865145496e-17
8.454936146736145020e-01 1.085155547772308552e-16 3.861965659305952199e-17
8.457116484642028809e-01 2.722133605392786527e-16 4.722615984676345501e-17
8.459302186965942383e-01 2.246475107021641713e-16 8.582106719589539042e-17
8.461484313011169434e-01 3.139960399894551951e-16 5.756373705558161117e-17
8.463672995567321777e-01 3.612673870587211969e-16 5.595897358000423536e-17
8.465861082077026367e-01 2.000120074175260748e-16 4.181904892734927392e-17
8.468052148818969727e-01 2.435169166077074234e-16 5.380951167106069082e-17
8.470246195793151855e-01 2.259376742297304792e-16 3.262033398589412627e-17
8.472442030906677246e-01 2.796242635530433399e-16 5.790894268625714110e-17
8.474639654159545898e-01 2.279468628503972813e-16 3.222667873238014040e-17
8.476839065551757812e-01 3.009583235768597924e-16 5.766483837877029242e-17
8.479045033454895020e-01 2.927040933849850424e-16 4.894319820124387837e-17
8.481247425079345703e-01 2.012147544979577788e-16 4.675765136525832056e-17
8.483456373214721680e-01 3.601909670014385913e-16 7.429897065862374884e-17
8.485666513442993164e-01 3.620938000476657754e-16 6.403727238175630702e-17
8.487878441810607910e-01 3.543624274122633439e-16 8.000449194710010999e-17
8.490096330642700195e-01 3.022355963217600739e-16 4.679179407222205933e-17
8.492310643196105957e-01 3.081464569254965986e-16 5.849391819800974185e-17
8.494533300399780273e-01 2.232932638381821553e-16 3.968583615435872106e-17
8.496755361557006836e-01 1.826058641632544275e-16 7.248519518586647400e-17
8.498979806900024414e-01 2.832727256244432302e-16 7.570126017258284475e-17
8.501209020614624023e-01 2.866545046663560243e-16 4.923340293862953239e-17
8.503443002700805664e-01 2.802004312456334760e-16 5.571000545051557487e-17
8.505670428276062012e-01 2.979105402139612096e-16 7.208710955299165411e-17
8.507910370826721191e-01 1.762511053555974459e-16 5.376040030373219246e-17
8.510149717330932617e-01 2.841317493818570992e-16 8.413439298734056359e-17
8.512390851974487305e-01 3.326861131381969507e-16 4.434059983687632179e-17
8.514634966850280762e-01 1.873383166489030085e-16 8.245747289256896207e-17
8.516882658004760742e-01 2.031226432720888869e-16 3.089174488134001242e-17
8.519132137298583984e-01 2.939929598933508671e-16 4.331753954654828695e-17
8.521386384963989258e-01 1.842390627995689261e-16 3.370874816205875072e-17
8.523641228675842285e-01 2.780227889475814750e-16 3.222585155176758737e-17
8.525900244712829590e-01 2.907499883756693715e-16 6.813872502636983690e-17
8.528161048889160156e-01 3.574596563234578965e-16 4.122041170059974737e-17
8.530427217483520508e-01 2.339729199349603909e-16 3.498993512561763316e-17
8.532694578170776367e-01 2.191011257286532119e-16 7.325852303181984936e-17
8.534963726997375488e-01 2.642840468920147319e-16 9.496018609032180757e-16
8.537235856056213379e-01 1.490055626882238289e-16 4.271230803595548766e-17
8.539512753486633301e-01 2.692097022989760986e-16 4.584129737394962629e-17
8.541793227195739746e-01 2.789012150534433878e-16 4.527308054140734988e-17
8.544073700904846191e-01 1.994905130547032436e-16 7.369825224545303887e-17
8.546357154846191406e-01 2.731931129614558612e-16 7.556828261730882002e-17
8.548648953437805176e-01 2.521543762686555409e-16 3.349593775150600818e-17
8.550936579704284668e-01 2.096553584080080765e-16 4.164813686918356734e-17
8.553234934806823730e-01 3.919356442821616323e-16 6.673352383665455433e-17
8.555530309677124023e-01 3.823557545882746989e-16 2.971148056995749978e-17
8.557828664779663086e-01 2.940884099185945861e-16 4.269468578018565795e-17
8.560134172439575195e-01 2.548560937330415386e-16 6.898808069678418614e-17
8.562443852424621582e-01 4.624888830467941553e-16 6.534281485127120081e-17
8.564747571945190430e-01 3.246097863350252055e-16 3.601758461398411220e-17
8.567062020301818848e-01 2.497105803367084776e-16 4.122921951976221200e-17
8.569378256797790527e-01 3.875832978315934185e-16 3.191318389766744333e-17
8.571696281433105469e-01 3.838466384545606742e-16 2.700279659045258046e-17
8.574018478393554688e-01 3.630229422512445394e-16 5.689224506920086415e-17
8.576344251632690430e-01 3.817569287643455102e-16 5.344368277335298880e-17
8.578669428825378418e-01 2.832944837832758250e-16 6.372101807252013306e-17
8.581005334854125977e-01 3.931380340205687133e-16 5.046958796814307992e-17
8.583335876464843750e-01 2.843436399675686828e-16 3.798514619750479574e-17
8.585677146911621094e-01 3.667220145412428741e-16 5.777835402859216951e-17
8.588017225265502930e-01 3.401586642686539900e-16 6.063161098119788190e-17
8.590358495712280273e-01 3.813113629643101465e-16 5.209060388839589762e-17
8.592708706855773926e-01 3.397148190042927366e-16 3.509243934712520435e-17
8.595054745674133301e-01 4.294236284617424567e-16 4.551848848553958213e-17
8.597414493560791016e-01 3.430584286240198838e-16 2.694811168015669980e-17
8.599768280982971191e-01 3.579189334693269392e-16 4.221367032781872173e-17
8.602128624916076660e-01 4.314201909975392494e-16 8.451770186575273619e-17
8.604493141174316406e-01 4.052614577759419039e-16 3.543276792090912163e-17
8.606855273246765137e-01 4.761894292103956497e-16 4.143245117882159048e-17
8.609227538108825684e-01 4.757995822964218580e-16 6.341560975547575439e-17
8.611605167388916016e-01 5.292451907462408702e-16 3.782564592306987073e-17
8.613973855972290039e-01 5.249665626318633822e-16 4.365982688402272980e-17
8.616355657577514648e-01 4.635810790927193722e-16 5.454201319070089895e-17
8.618739247322082520e-01 5.024468682401277229e-16 4.478268816961651253e-17
8.621125221252441406e-01 4.156939390707994940e-16 4.901169537340816949e-17
8.623512387275695801e-01 5.579559548285766175e-16 3.939093964853866627e-17
8.625906109809875488e-01 6.033995900861250511e-16 8.267303616020028108e-17
8.628303408622741699e-01 6.170690607284741534e-16 5.289623810035314403e-17
8.630699515342712402e-01 7.172140307801460994e-16 6.274260237421281023e-17
8.633099794387817383e-01 4.784923529753024821e-16 1.037169079902433306e-16
8.635509610176086426e-01 6.102646862445027486e-16 6.754610636575724618e-17
8.637915849685668945e-01 6.251693426821854343e-16 4.115852535589098005e-17
8.640326857566833496e-01 6.547415392718788051e-16 6.013232476346087440e-17
8.642742633819580078e-01 7.927403587967862299e-16 7.256407512907953072e-17
8.645164370536804199e-01 6.567289432639334106e-16 3.871036852775453722e-17
8.647579550743103027e-01 6.438517131250630961e-16 5.947647641682473024e-17
8.650007843971252441e-01 7.225526676884531409e-16 3.512124508477675099e-17
8.652435541152954102e-01 6.680495386039871347e-16 5.720166355785489989e-17
8.654867410659790039e-01 7.176036659358830776e-16 4.758043137695256613e-17
8.657301068305969238e-01 8.323439665808122796e-16 8.364436457501924957e-17
8.659740090370178223e-01 6.824316286527731205e-16 4.226337395646580805e-17
8.662179708480834961e-01 6.655779494034582897e-16 5.718961980813612781e-17
8.664625287055969238e-01 8.401005119766159247e-16 6.295580321401467779e-17
8.667073845863342285e-01 7.708559920550504992e-16 6.274851836995378948e-17
8.669522404670715332e-01 7.588924987080307612e-16 7.632746898350998882e-17
8.671978116035461426e-01 7.831204467961415307e-16 4.177831855398716284e-17
8.674434423446655273e-01 8.226433746919416083e-16 3.874725747435195204e-17
8.676895499229431152e-01 8.312537292985775882e-16 4.088247202442488323e-17
8.679361343383789062e-01 1.004939582138525585e-15 4.711024537316517414e-17
8.681825399398803711e-01 1.024869420354472017e-15 4.944587916821480350e-17
8.684296607971191406e-01 1.055992163693673588e-15 6.485461285374240388e-17
8.686772584915161133e-01 1.036270272066278086e-15 6.297764739963097815e-17
8.689246773719787598e-01 1.212883947227969775e-15 7.785069230302433738e-17
8.691731095314025879e-01 1.164455473743415594e-15 5.136805500588592752e-17
8.694210648536682129e-01 1.173350166722533002e-15 6.255986825073249578e-17
8.696695566177368164e-01 1.404218525617349170e-15 4.645642858211346021e-17
8.699191212654113770e-01 1.416071057648278595e-15 3.717376473465153089e-17
8.701680898666381836e-01 1.428542135488940473e-15 5.033197158399385781e-17
8.704178929328918457e-01 1.434837284352934433e-15 8.288312018345404884e-17
8.706677556037902832e-01 1.538249948696435859e-15 4.783489198570857871e-17
8.709181547164916992e-01 1.499672786025804411e-15 6.462207583994149674e-17
8.711687326431274414e-01 1.551232422679002521e-15 6.310086422367687715e-17
8.714195489883422852e-01 1.539946026294194189e-15 7.286483799980381158e-17
8.716710209846496582e-01 1.557179970397266997e-15 4.197177624692861474e-17
8.719225525856018066e-01 1.692974916072537139e-15 5.902302923991296132e-17
8.721743226051330566e-01 1.582524890245010172e-15 4.433733081909551222e-17
8.724265694618225098e-01 1.466554433062871709e-15 8.646356815616737892e-17
8.726794719696044922e-01 1.741084481652450076e-15 3.836184755718389475e-17
8.729319572448730469e-01 1.650782510903905931e-15 7.088667857827509865e-17
8.731852173805236816e-01 1.774361018018282520e-15 5.184509668259015900e-17
8.734388947486877441e-01 1.764347712153197401e-15 4.840793624430571459e-17
8.736928701400756836e-01 1.783211453525905890e-15 4.308480400940036708e-17
8.739466071128845215e-01 1.823329898523184944e-15 7.891048272127217686e-17
8.742012977600097656e-01 1.845246664275153152e-15 4.728351324171543174e-17
8.744564652442932129e-01 1.753547089163639411e-15 6.912563752392930443e-17
8.747110962867736816e-01 1.834282881564130302e-15 7.941261444031636678e-17
8.749667406082153320e-01 1.765635096353905531e-15 1.026955318396424537e-16
8.752225637435913086e-01 1.766716016273720425e-15 5.698363860072062307e-17
8.754783272743225098e-01 1.821257208901253671e-15 7.107681762259898781e-17
8.757354021072387695e-01 1.790812938952802795e-15 7.886202978971127071e-17
8.759917616844177246e-01 1.761298711180437140e-15 6.052147684572012159e-17
8.762484788894653320e-01 1.825138949140283316e-15 6.550258644094704322e-17
8.765063881874084473e-01 1.775143994098900713e-15 6.407356244959023345e-17
8.767639398574829102e-01 1.719424049246144701e-15 8.315742650946643367e-17
8.770218491554260254e-01 1.895969538255582419e-15 5.963327677374028217e-17
8.772802948951721191e-01 1.932082152687059073e-15 6.622105566867590178e-17
8.775389790534973145e-01 1.859090359006840623e-15 6.775984983604094853e-17
8.777978420257568359e-01 1.822378892281655179e-15 4.514757739014835431e-17
8.780571818351745605e-01 1.910736710658013891e-15 7.102787500011545027e-17
8.783167600631713867e-01 1.804188012706421824e-15 7.669396955187508390e-17
8.785769939422607422e-01 1.916014996468829064e-15 6.572647445426309590e-17
8.788366913795471191e-01 1.865483551934479269e-15 4.796270131651537213e-17
8.790977001190185547e-01 1.893845603140342261e-15 5.526968066684134718e-17
8.793581724166870117e-01 1.844469935062520959e-15 4.684640122754036001e-17
8.796195983886718750e-01 1.928125873548671050e-15 6.840666537038801362e-17
8.798812031745910645e-01 1.920608244383552321e-15 8.426801905221482990e-17
8.801428079605102539e-01 1.857468714429322265e-15 7.318445397104940105e-17
8.804054260253906250e-01 1.930231809213782054e-15 9.424367165581653432e-17
8.806672096252441406e-01 1.763603911346389719e-15 6.068934818795408324e-17
8.809305429458618164e-01 1.860789930615506377e-15 5.075079959790905742e-17
8.811931610107421875e-01 1.844364902977061425e-15 8.808801191287861636e-17
8.814568519592285156e-01 1.893026945796820980e-15 3.337976188883416055e-17
8.817204833030700684e-01 1.772718832891793245e-15 4.530850372395932074e-17
8.819844722747802734e-01 1.830521208245373954e-15 5.200731010943425794e-17
8.822489380836486816e-01 1.850622358874902569e-15 3.558696100453390642e-17
8.825135231018066406e-01 1.938869215935170968e-15 7.148916384923422189e-17
8.827785849571228027e-01 1.814128156100687853e-15 8.799179426402644819e-17
8.830437660217285156e-01 1.961457043539601396e-15 6.971697240023121286e-17
8.833094835281372070e-01 1.883112848665683021e-15 7.594705192851930161e-17
8.835720419883728027e-01 1.913993340581969863e-15 3.768183230177140134e-17
8.838297724723815918e-01 1.890234701686197179e-15 7.064291176047817161e-17
8.841046690940856934e-01 2.003391527175793670e-15 1.244080832419835699e-16
8.843754529953002930e-01 1.864961991397207433e-15 5.855322373920734372e-17
8.846419453620910645e-01 1.828124528521117911e-15 6.845184928416811021e-17
8.849099874496459961e-01 1.814376548512470176e-15 4.168736508255328212e-17
8.851773738861083984e-01 1.863792662413522871e-15 4.341697327362206130e-17
8.854457736015319824e-01 1.825091515295237075e-15 6.571565493185090230e-17
8.857139945030212402e-01 1.858060155184742580e-15 7.820234332503288050e-17
8.859826922416687012e-01 1.843262277837973140e-15 5.805167435531439113e-17
8.862519860267639160e-01 1.880480270265616656e-15 3.784690777353493375e-17
8.865210413932800293e-01 1.843297853221757820e-15 7.018411768808685992e-17
8.867911696434020996e-01 1.913394064771787445e-15 7.340255833752248296e-17
8.870608806610107422e-01 1.853422438040288472e-15 6.392195678692151454e-17
8.873308300971984863e-01 1.767075793518066689e-15 6.410056824222886470e-17
8.876019716262817383e-01 1.926191038538905415e-15 6.228008929778746012e-17
8.878725767135620117e-01 1.776593373350771228e-15 6.523839818818740702e-17
8.881440758705139160e-01 1.892802058549324963e-15 8.764989735580113036e-17
8.884151577949523926e-01 1.885856811898313327e-15 8.514947594784113703e-17
8.886877298355102539e-01 2.022128107727295607e-15 5.819310900517115802e-17
8.889594674110412598e-01 1.919872172752388334e-15 7.015060694711111166e-17
8.892316818237304688e-01 1.939756906463893475e-15 4.631116574038179792e-17
8.895049691200256348e-01 1.916719516122707828e-15 4.837637434085314127e-17
8.897783756256103516e-01 1.909993439246798243e-15 7.857528928473098877e-17
8.900508284568786621e-01 1.877056351334577960e-15 5.058464879134920607e-17
8.903248906135559082e-01 2.028587580983056901e-15 6.435909857959863818e-17
8.905994892120361328e-01 2.066104576041081185e-15 5.579564180497196472e-17
8.908732533454895020e-01 2.029956386225819850e-15 7.060457028472511367e-17
8.911481499671936035e-01 2.053972099621084214e-15 4.428586364138246284e-17
8.914231061935424805e-01 1.952667382645943521e-15 4.183963910715694388e-17
8.916981816291809082e-01 2.150955466257570281e-15 6.763924028528581667e-17
8.919741511344909668e-01 2.104150754932902594e-15 5.471001026438796866e-17
8.922498226165771484e-01 2.116323888934367771e-15 7.085740300203562190e-17
8.925262093544006348e-01 2.041333732773339613e-15 7.222352156216899901e-17
8.928025960922241211e-01 2.105870020057592010e-15 4.537947251179392030e-17
8.930795192718505859e-01 2.082703033675476455e-15 6.343851934972102305e-17
8.933565616607666016e-01 2.104118567680906930e-15 5.488620304358421376e-17
8.936343193054199219e-01 2.135213147174612296e-15 8.807443291594294586e-17
8.939116597175598145e-01 2.172975358270866700e-15 4.816677339107710448e-17
8.941901326179504395e-01 2.102667176725786687e-15 5.495277123056003122e-17
8.944683074951171875e-01 2.052477086469180374e-15 6.521340409879850474e-17
8.947471380233764648e-01 2.091235408311405836e-15 7.479794585645043641e-17
8.950260281562805176e-01 1.981512454389978278e-15 7.374371409191895327e-17
8.953055143356323242e-01 2.145574477701900525e-15 5.701761256283940102e-17
8.955849409103393555e-01 2.230866248567435484e-15 6.519002466596530597e-17
8.958652615547180176e-01 2.107115793764766272e-15 5.197650921214523340e-17
8.961454033851623535e-01 2.076485388326156263e-15 6.076340401383473070e-17
8.964257836341857910e-01 2.133820836767563039e-15 5.864461065328220222e-17
8.967069983482360840e-01 2.200316099500577820e-15 4.142012618769455037e-17
8.969877958297729492e-01 2.049447673133325369e-15 5.308081518223822662e-17
8.972698450088500977e-01 2.067071040633898342e-15 9.111792155710115334e-17
8.975511789321899414e-01 2.033600957239618291e-15 5.958402313134642469e-17
8.978338241577148438e-01 2.082818653672776667e-15 4.806811721377912997e-17
8.981161117553710938e-01 2.215018685640781151e-15 8.475293879707301642e-17
8.983986973762512207e-01 2.165553020312314079e-15 6.383757112955130487e-17
8.986820578575134277e-01 2.155333779561927759e-15 2.898640051477311742e-17
8.989651799201965332e-01 2.242278958740503113e-15 6.716032256295231492e-17
8.992492556571960449e-01 2.106964386625444566e-15 6.070460801589446149e-17
8.995330929756164551e-01 2.106305183234243907e-15 6.365532669699362181e-17
8.998174667358398438e-01 2.106036038515253853e-15 4.200411900887943812e-17
9.001024365425109863e-01 2.121677137161014949e-15 6.994716022109246940e-17
9.003867506980895996e-01 2.066247936367403976e-15 6.281191349209985352e-17
9.006726145744323730e-01 2.216564520769520250e-15 7.226480780090274573e-17
9.009582400321960449e-01 2.199780351161439475e-15 6.352476450910825192e-17
9.012440443038940430e-01 2.080548181857661515e-15 6.002977421983900024e-17
9.015300869941711426e-01 2.036019659820502946e-15 7.166760986841906145e-17
9.018170833587646484e-01 2.112566874296821322e-15 4.713919007715962968e-17
9.021038413047790527e-01 2.118094399552366072e-15 6.764056377426590151e-17
9.023908972740173340e-01 2.040855370916377746e-15 4.756109520295352655e-17
9.026786684989929199e-01 1.998309117734031054e-15 4.646254640992390241e-17
9.029660224914550781e-01 1.981577887685153673e-15 6.067741031735371794e-17
9.032547473907470703e-01 2.067530132491310173e-15 6.705722277140370555e-17
9.035428762435913086e-01 2.126722700669572003e-15 6.750104818343025765e-17
9.038319587707519531e-01 2.146536918888218223e-15 5.094158053438828772e-17
9.041211009025573730e-01 2.023918100103080757e-15 7.898924355047702594e-17
9.044100046157836914e-01 2.049629361700511417e-15 4.591447638838096754e-17
9.047002196311950684e-01 2.121250444313835595e-15 7.737786262999922591e-17
9.049906134605407715e-01 2.088617017713205980e-15 7.022809060945017887e-17
9.052804708480834961e-01 2.053245768868813652e-15 7.642683653613475893e-17
9.055711030960083008e-01 2.079886225609382279e-15 3.741611541923976715e-17
9.058628678321838379e-01 2.091622290610064237e-15 5.861210576393131844e-17
9.061539173126220703e-01 2.082807218727988734e-15 5.491123352892006838e-17
9.064452052116394043e-01 2.005340338229189001e-15 5.719998272685019214e-17
9.067376852035522461e-01 2.119099615902520113e-15 4.360132867110297968e-17
9.070300459861755371e-01 1.990149861111367192e-15 6.735216229061561310e-17
9.073225259780883789e-01 2.066743027125074114e-15 7.430702408906756512e-17
9.076153039932250977e-01 2.057335667454631041e-15 3.939293149945369396e-17
9.079092741012573242e-01 2.015916179850369382e-15 6.418867290363311278e-17
9.082024097442626953e-01 1.933137555739337932e-15 4.356085968681443535e-17
9.084965586662292480e-01 2.036745567056299881e-15 4.973398286684457283e-17
9.087908267974853516e-01 1.955988175315654005e-15 5.502659213714671362e-17
9.090854525566101074e-01 1.974118280276921863e-15 3.040071723483873435e-17
9.093803763389587402e-01 1.987976798085186285e-15 5.442385209455892405e-17
9.096758365631103516e-01 1.950058309410163462e-15 4.990205604114799742e-17
9.099711775779724121e-01 1.882917395813104092e-15 4.294708505485518839e-17
9.102674126625061035e-01 1.970481544317885525e-15 4.329501707282969311e-17
9.105634093284606934e-01 1.899424162130959083e-15 4.978913265264470829e-17
9.108602404594421387e-01 1.912646346437598711e-15 5.561726196023612941e-17
9.111571907997131348e-01 1.892031893842033990e-15 6.264869421363089010e-17
9.114543199539184570e-01 1.865742108741628644e-15 6.869116256154705175e-17
9.117519855499267578e-01 1.885197396748875855e-15 5.432600986298370173e-17
9.120500087738037109e-01 1.898359018199786800e-15 4.042652676206320416e-17
9.123482704162597656e-01 1.812625731410495537e-15 4.841199273802967464e-17
9.126467704772949219e-01 1.745400643914302771e-15 5.125043654022578741e-17
9.129458069801330566e-01 1.716609147004181848e-15 1.001364666349749009e-16
9.132449626922607422e-01 1.763390670801918449e-15 6.443155298381338298e-17
9.135447740554809570e-01 1.771329381220940972e-15 5.742269283497396931e-17
9.138445258140563965e-01 1.806420156280673719e-15 5.268446993737221831e-17
9.141449928283691406e-01 1.751608124868255911e-15 5.183935604913904099e-17
9.144454002380371094e-01 1.720606083724038077e-15 3.597733731409973208e-17
9.147467613220214844e-01 1.769932094495326597e-15 4.857389514496345364e-17
9.150477051734924316e-01 1.701617404991609579e-15 5.388347154399028213e-17
9.153495430946350098e-01 1.686613063363946903e-15 4.741093214327310012e-17
9.156514406204223633e-01 1.727975058606913677e-15 3.539801640901454383e-17
9.159538149833679199e-01 1.732784617560542001e-15 6.734011854089684101e-17
9.162564277648925781e-01 1.646586415562326534e-15 3.875862293596843064e-17
9.165594577789306641e-01 1.554346221672227735e-15 5.679518038740144167e-17
9.168629646301269531e-01 1.620481389523541031e-15 4.185139168930009730e-17
9.171666502952575684e-01 1.627176549696875835e-15 3.775259594881408775e-17
9.174700975418090820e-01 1.692522918116058563e-15 7.422932866849168434e-17
9.177752733230590820e-01 1.600746474764581494e-15 2.689761892120523789e-17
9.180797338485717773e-01 1.630526776761503406e-15 3.401491417654422796e-17
9.183846712112426758e-01 1.517692141429218770e-15 6.853921940918841120e-17
9.186902642250061035e-01 1.535918702267355211e-15 4.428673383538686862e-17
9.189960956573486328e-01 1.603552800797953398e-15 4.357872017060068033e-17
9.193022251129150391e-01 1.496736440435028972e-15 4.338605326232482912e-17
9.196084141731262207e-01 1.481886258803766579e-15 5.357975398411796185e-17
9.199157357215881348e-01 1.545299062762604553e-15 4.407143526555156658e-17
9.202228188514709473e-01 1.460698364902910697e-15 3.051481852853429899e-17
9.205299615859985352e-01 1.447586718395887755e-15 4.829339489052427174e-17
9.208381772041320801e-01 1.408353211070252631e-15 5.254043794039203491e-17
9.211463928222656250e-01 1.354634593313621717e-15 6.959929437756696893e-17
9.214550256729125977e-01 1.415108510582842490e-15 5.010233301105933648e-17
9.217636585235595703e-01 1.450603849754007572e-15 3.597939533946376402e-17
9.220735430717468262e-01 1.363925909470290951e-15 4.420869099895371557e-17
9.223828911781311035e-01 1.435630742466274899e-15 4.458333764199123286e-17
9.226930141448974609e-01 1.370092521084539071e-15 3.937472690853262693e-17
9.230031967163085938e-01 1.411257687046387627e-15 5.411313989542685537e-17
9.233145117759704590e-01 1.363208260805729745e-15 3.023647556113265539e-17
9.236252307891845703e-01 1.406111961891817752e-15 3.765306957751170746e-17
9.239360094070434570e-01 1.384190113942166019e-15 6.549659103586725887e-17
9.242491722106933594e-01 1.401790717432281532e-15 5.970254818695792292e-17
9.245606064796447754e-01 1.379377696252340711e-15 3.813995470350531997e-17
9.248733520507812500e-01 1.398143922956996549e-15 3.259315283096563378e-17
9.251862764358520508e-01 1.454962046025867761e-15 5.253996148435920437e-17
9.254994988441467285e-01 1.343271646326205278e-15 6.099156689655645743e-17
9.258131980895996094e-01 1.342097446903074004e-15 2.772077778162003274e-17
9.261271953582763672e-01 1.318456757345206481e-15 3.749533285214274550e-17
9.264416694641113281e-01 1.341092654069393590e-15 3.574160076568946983e-17
9.267562627792358398e-01 1.378269671278213680e-15 4.582741066582608606e-17
9.270717501640319824e-01 1.353284105158343142e-15 3.701846322900592505e-17
9.273870587348937988e-01 1.342966820344312136e-15 4.656909389026563280e-17
9.277029037475585938e-01 1.334500408399150184e-15 1.915304613758768524e-17
9.280192852020263672e-01 1.296046912538817864e-15 5.719095653200601350e-17
9.283356666564941406e-01 1.387171881674737969e-15 4.357879296249458499e-17
9.286529421806335449e-01 1.346104759776534099e-15 6.107804366651520115e-17
9.289703369140625000e-01 1.351333811797290115e-15 5.233490341050730881e-17
9.292877316474914551e-01 1.372904352832068128e-15 5.141988945179095044e-17
9.296060800552368164e-01 1.418513371272567963e-15 5.308697602344052157e-17
9.299246072769165039e-01 1.326934286597801146e-15 5.147980048919694113e-17
9.302434325218200684e-01 1.371917241811161647e-15 5.093367268773228078e-17
9.305625557899475098e-01 1.301563955761640343e-15 6.285620405081839284e-17
9.308825135231018066e-01 1.103539193517491263e-15 5.958749067247424698e-17
9.312021732330322266e-01 1.222969568530926730e-15 4.233267845690795092e-17
9.315230846405029297e-01 1.361996580174682468e-15 4.253829570485393233e-17
9.318436384201049805e-01 1.324162053640556228e-15 4.962561228043277557e-17
9.321647882461547852e-01 1.201434497000814991e-15 6.457207442627389132e-17
9.324864149093627930e-01 1.285874787996122565e-15 8.944616968679678314e-17
9.328086972236633301e-01 1.314303225409226613e-15 5.509033798387250015e-17
9.331306219100952148e-01 1.303458662585529806e-15 5.763519884306129233e-17
9.334539175033569336e-01 1.348990918665184720e-15 1.727865023733109423e-16
9.337762594223022461e-01 1.330953352053404395e-15 7.301572236097838425e-17
9.341002106666564941e-01 1.373053642389021698e-15 6.182345251243368672e-17
9.344245791435241699e-01 1.326865676929073548e-15 5.778282080389995586e-17
9.347481727600097656e-01 1.305691653192728955e-15 6.424240655622455746e-17
9.350730776786804199e-01 1.332775743439422022e-15 4.238645843161369857e-17
9.353982806205749512e-01 1.349084833443211541e-15 4.666081829403041293e-17
9.357239007949829102e-01 1.313766418278904200e-15 3.689292037307752693e-17
9.360493421554565430e-01 1.315987021029249755e-15 3.908830404090756535e-17
9.363758563995361328e-01 1.352454330507389148e-15 7.073413323843051950e-17
9.367028474807739258e-01 1.274896711604114798e-15 7.038881511119168236e-17
9.370295405387878418e-01 1.241794452267179927e-15 6.746884769654479339e-17
9.373571872711181641e-01 1.233824189870872182e-15 4.604905867404334515e-17
9.376850724220275879e-01 1.264260413006324142e-15 4.151175132978582414e-17
9.380132555961608887e-01 1.324031292929323846e-15 5.877891831498121221e-17
9.383423924446105957e-01 1.444337288251983445e-15 7.851865719127315828e-17
9.386712908744812012e-01 1.325263725867578853e-15 5.491230555499393711e-17
9.390005469322204590e-01 1.234855452484154292e-15 6.962740528350397102e-17
9.393308758735656738e-01 1.345185940786999997e-15 5.805697492867963093e-17
9.396609067916870117e-01 1.371840373571198320e-15 4.589763499110938790e-17
9.399918913841247559e-01 1.314711812927158406e-15 3.478024484033544065e-17
9.403231143951416016e-01 1.331207356058462278e-15 7.235486460855261896e-17
9.406542181968688965e-01 1.315482295271804599e-15 4.136807336610781344e-17
9.409865140914916992e-01 1.297209465258924391e-15 3.895983627433317973e-17
9.413189291954040527e-01 1.267792328638137761e-15 4.508048642502540334e-17
9.416517019271850586e-01 1.244232636605851431e-15 5.920678906735284152e-17
9.419848918914794922e-01 1.178702991432706553e-15 2.409784746700720427e-17
9.423185586929321289e-01 1.289420891429802693e-15 6.934102873799321241e-17
9.426529407501220703e-01 1.323714714365287551e-15 6.067956760439125624e-17
9.429865479469299316e-01 1.190895077796366545e-15 1.117667782487031798e-16
9.433219432830810547e-01 1.282611381808588559e-15 4.647022595473084472e-17
9.436575770378112793e-01 1.301762690866889883e-15 6.709265918884547725e-17
9.439928531646728516e-01 1.265348638585309105e-15 4.789451847298385116e-17
9.443292021751403809e-01 1.282913878449876751e-15 5.397427281419145309e-17
9.446659684181213379e-01 1.134231114723895616e-15 6.675211223937984597e-17
9.450024962425231934e-01 1.236115837509668691e-15 5.963966260806919154e-17
9.453408122062683105e-01 1.268469319721230761e-15 6.873299143076263325e-17
9.456779956817626953e-01 1.280258853676708147e-15 3.570271996817702732e-17
9.460162520408630371e-01 1.218516822206329279e-15 4.700297990005174772e-17
9.463552236557006836e-01 1.258345370177410549e-15 3.327928260546611917e-17
9.466944932937622070e-01 1.239455794299810804e-15 6.948302587066651536e-17
9.470337033271789551e-01 1.244187637980528546e-15 5.025501069980192412e-17
9.473739862442016602e-01 1.197714010659118884e-15 2.400486078562766822e-17
9.477143287658691406e-01 1.266109591809298687e-15 4.171074120666403069e-17
9.480554461479187012e-01 1.199464827761093522e-15 5.152837915221095534e-17
9.483965039253234863e-01 1.161867470452198486e-15 3.325375581176273274e-17
9.487385153770446777e-01 1.174436168840031422e-15 3.524880295267732828e-17
9.490808248519897461e-01 1.242205263246598263e-15 4.234159877263372277e-17
9.494231343269348145e-01 1.153976829152932645e-15 5.009563615682010717e-17
9.497663974761962891e-01 1.170992979909442691e-15 6.185198031739941554e-17
9.501099586486816406e-01 1.286925426488073117e-15 5.066899143532756298e-17
9.504539966583251953e-01 1.148634698233718179e-15 4.345222771132907134e-17
9.507979154586791992e-01 1.212383138997905670e-15 3.402126030620373478e-17
9.511435031890869141e-01 1.207769668171566717e-15 6.517968821703084333e-17
9.514884352684020996e-01 1.147787347649108659e-15 3.761189914406371816e-17
9.518342614173889160e-01 1.128430421342861353e-15 4.022805635460968091e-17
9.521802663803100586e-01 1.194377018484292161e-15 6.853852457747386666e-17
9.525275826454162598e-01 1.154545400018777094e-15 5.341789128185358540e-17
9.528740048408508301e-01 1.089300252036791254e-15 4.583043152942312972e-17
9.532221555709838867e-01 1.141017648576415477e-15 4.472771374610623831e-17
9.535697102546691895e-01 1.035828226746929748e-15 5.307708956075928779e-17
9.539180397987365723e-01 1.128005846078050135e-15 2.845757402300061619e-17
9.542675614356994629e-01 1.070195741548825730e-15 3.780646525902599112e-17
9.546165466308593750e-01 1.173756107262504626e-15 4.935645763527537100e-17
9.549664855003356934e-01 1.068207649342501481e-15 5.870326768487956252e-17
9.553167223930358887e-01 9.874457047997641131e-16 4.606721694285010921e-17
9.556673765182495117e-01 1.000159034063340720e-15 3.098121935383864832e-17
9.560188651084899902e-01 1.098493418250697396e-15 5.749008489383988958e-17
9.563701748847961426e-01 9.637048535958837696e-16 7.191492363668261587e-17
9.567227363586425781e-01 1.078105335210286387e-15 4.671579271754068715e-17
9.570753574371337891e-01 1.031269177787451884e-15 2.014025145708399654e-17
9.574279189109802246e-01 1.063322069181857083e-15 4.010237453233837389e-17
9.577820301055908203e-01 1.048676022490882976e-15 3.844668650952978348e-17
9.581357240676879883e-01 1.044397023799591064e-15 5.380580259319400305e-17
9.584903717041015625e-01 1.026169192412033741e-15 3.310559783788713485e-17
9.588451981544494629e-01 1.041367504584617652e-15 5.539483309352062027e-17
9.592008590698242188e-01 1.046029891563660542e-15 3.818737531366175994e-17
9.595565199851989746e-01 1.039311332105157838e-15 3.396832074700034101e-17
9.599127769470214844e-01 9.965440033235777734e-16 2.821871734931980392e-17
9.602698087692260742e-01 1.070093144683089553e-15 3.825968082536624520e-17
9.606271386146545410e-01 1.038356831852720649e-15 3.743549460663065948e-17
9.609847068786621094e-01 9.909194927955724055e-16 3.531292930248488920e-17
9.613434076309204102e-01 1.065857238792989204e-15 2.648283582048542258e-17
9.617015719413757324e-01 1.057526034482032719e-15 3.678253146597110028e-17
9.620612859725952148e-01 9.625033373602035446e-16 3.076081873398511920e-17
9.624205827713012695e-01 1.051124053587566311e-15 2.960655767233882354e-17
9.627809524536132812e-01 1.093702282263671853e-15 3.558229570587910734e-17
9.631420969963073730e-01 1.008422158101161641e-15 2.182188979006960053e-17
9.635026454925537109e-01 1.057907940462126002e-15 3.770529445266585541e-17
9.638643264770507812e-01 1.085222741307827459e-15 3.133856468718400649e-17
9.642269015312194824e-01 1.045104084552311591e-15 3.191724370011385359e-17
9.645890593528747559e-01 1.034867373747388151e-15 3.310362914802925864e-17
9.649526476860046387e-01 1.045916600906965279e-15 3.234174286430871676e-17
9.653157591819763184e-01 1.075483768238534327e-15 3.694480114109685283e-17
9.656802415847778320e-01 1.049771765487274820e-15 3.141950927320599557e-17
9.660444259643554688e-01 1.075882826635809510e-15 2.995094604856915108e-17
9.664099216461181641e-01 1.094801413391852715e-15 2.400283915621058862e-17
9.667750000953674316e-01 1.121179607556127729e-15 3.041173858932039089e-17
9.671413898468017578e-01 1.126537514463984806e-15 4.820091609804084325e-17
9.675078988075256348e-01 1.081266779806794656e-15 2.270588447581522036e-17
9.678750634193420410e-01 1.143304214017528461e-15 4.205408402660009120e-17
9.682421684265136719e-01 1.182113781353062807e-15 4.632353374490069079e-17
9.686108827590942383e-01 1.196421120744253601e-15 3.545988621011106009e-17
9.689788818359375000e-01 1.184834874696117247e-15 3.281231267990033335e-17
9.693484306335449219e-01 1.135984578803830424e-15 2.222469200679719778e-17
9.697175025939941406e-01 1.213218948758608851e-15 3.446053622486124524e-17
9.700881242752075195e-01 1.153527478174414238e-15 2.245284496335157387e-17
9.704581499099731445e-01 1.110725421041996747e-15 2.877532387478428603e-17
9.708296060562133789e-01 1.223606749065498777e-15 3.826617584753601157e-17
9.712010025978088379e-01 1.175107654208967269e-15 4.356553491163658507e-17
9.715729355812072754e-01 1.218839859396588388e-15 3.694534046285623740e-17
9.719460606575012207e-01 1.204619658519846381e-15 2.115139703786881757e-17
9.723189473152160645e-01 1.178625911434506412e-15 4.480647126658863718e-17
9.726921916007995605e-01 1.249644965380569597e-15 2.239215803053100845e-17
9.730665683746337891e-01 1.179918377832898067e-15 4.359606449368469221e-17
9.734419584274291992e-01 1.282275639124120636e-15 4.720364399048976160e-17
9.738159775733947754e-01 1.233981632119943075e-15 1.287444154758927571e-16
9.741924405097961426e-01 1.311879864147132060e-15 3.929279632322047464e-17
9.745682477951049805e-01 1.249840312354030120e-15 2.729237267057269418e-17
9.749450087547302246e-01 1.235594171093278449e-15 2.859139199377699479e-17
9.753225445747375488e-01 1.217502076735518628e-15 3.601662508447355069e-17
9.757001399993896484e-01 1.210815175133419554e-15 3.338022510997719025e-17
9.760781526565551758e-01 1.261380500985659521e-15 4.065316101501293290e-17
9.764574766159057617e-01 1.276748749143286326e-15 4.713351230943506570e-17
9.768365025520324707e-01 1.282925313394664684e-15 3.156109612429547221e-17
9.772163629531860352e-01 1.236684302496394734e-15 3.324903095610382984e-17
9.775967597961425781e-01 1.282788517573683115e-15 3.934350911221487566e-17
9.779775738716125488e-01 1.222243767174248201e-15 3.697635973582697594e-17
9.783590435981750488e-01 1.200220487029162765e-15 3.720961805112202932e-17
9.787412881851196289e-01 1.279413197157993135e-15 3.626645017307681611e-17
9.791232943534851074e-01 1.218688981652858716e-15 2.014950264505478960e-17
9.795069694519042969e-01 1.176551633625799037e-15 3.211917833997274892e-17
9.798898100852966309e-01 1.215853009466332912e-15 2.502076927237956958e-17
9.802743196487426758e-01 1.234884145725242532e-15 3.130748585720916413e-17
9.806591272354125977e-01 1.225836775057382536e-15 3.850164769815025685e-17
9.810439944267272949e-01 1.111160690097767051e-15 3.036049971345640614e-17
9.814298152923583984e-01 1.106863903714582799e-15 2.773232191424882280e-17
9.818160533905029297e-01 1.196694924144453553e-15 3.950882612071727356e-17
9.822027087211608887e-01 1.154295631178455482e-15 1.807466235353087880e-17
9.825902581214904785e-01 1.163183759652231669e-15 2.171364162638846112e-17
9.829778075218200684e-01 1.114240819531338907e-15 2.732842120166775513e-17
9.833667278289794922e-01 1.101326743459263031e-15 1.938640536891747009e-17
9.837551712989807129e-01 1.055668385349585632e-15 1.996483291894110107e-17
9.841449856758117676e-01 1.096533172252514132e-15 3.261573817041078164e-17
9.845348000526428223e-01 1.090486733437657715e-15 1.914253598072458647e-17
9.849255084991455078e-01 1.055282244204756078e-15 2.619870589751835800e-17
9.853165149688720703e-01 1.057478706516104885e-15 1.834069191033405803e-17
9.857083559036254883e-01 1.052902081622971494e-15 2.471026055967818894e-17
9.861002564430236816e-01 1.038771772117756849e-15 2.072056332454302332e-17
9.864932298660278320e-01 1.001778455179372536e-15 2.746579604907811175e-17
9.868870377540588379e-01 1.040070591263252912e-15 2.561290320515320423e-17
9.872804284095764160e-01 1.000702829215477981e-15 3.338092986785908543e-17
9.876749515533447266e-01 8.865319464693404827e-16 6.020864375549746694e-17
9.880699515342712402e-01 9.986742911859223387e-16 1.992135465158408883e-17
9.884656667709350586e-01 9.987593121180029891e-16 2.241135689254836422e-17
9.888613224029541016e-01 9.323067186697061443e-16 3.256514449542458826e-17
9.892583489418029785e-01 9.243281977021626690e-16 1.839278609095142261e-17
9.896556138992309570e-01 8.975224636577610465e-16 2.457183684725111508e-17
9.900531768798828125e-01 9.436521956025854634e-16 4.519044850693575263e-17
9.904529452323913574e-01 8.971224523484202032e-16 2.986895259753044477e-17
9.908505678176879883e-01 9.034703290133807435e-16 3.159903393590960427e-17
9.912500381469726562e-01 9.395107338861039686e-16 4.400184290625625526e-17
9.916501045227050781e-01 8.541168426108656630e-16 3.449345139579595531e-17
9.920505285263061523e-01 8.727670258017476614e-16 2.545855295721203437e-17
9.924520850181579590e-01 8.963753692889419103e-16 2.847157322768746363e-17
9.928533434867858887e-01 8.944486869712935974e-16 1.836397869893865087e-17
9.932556748390197754e-01 8.940366054424543803e-16 2.132809605159994513e-17
9.936588406562805176e-01 8.543610527974709185e-16 3.295817770911793425e-17
9.940621256828308105e-01 8.458904586271318981e-16 2.930846824935431406e-17
9.944658875465393066e-01 8.457831501406266189e-16 1.887720621871962710e-17
9.948708415031433105e-01 9.127321048960144838e-16 3.752625286343997768e-17
9.952758550643920898e-01 8.942707041732517875e-16 3.184028943336682032e-17
9.956817626953125000e-01 9.318900843387754353e-16 3.509623114305314743e-17
9.960877895355224609e-01 9.232481248152950293e-16 2.164591373219384432e-17
9.964952468872070312e-01 9.559525963043755993e-16 2.847064016795650381e-17
9.969022870063781738e-01 9.205039498244279098e-16 2.531847322919862934e-17
9.973107576370239258e-01 9.001296310694097830e-16 1.984017018318445937e-17
9.977189898490905762e-01 8.905529706886342566e-16 2.835393821841507246e-17
9.981284141540527344e-01 9.284026379366926672e-16 1.825215215192760705e-17
9.985380768775939941e-01 9.346325652637480462e-16 3.289163268319926828e-17
9.989485144615173340e-01 9.057699175860577621e-16 2.779109475113194052e-17
9.993594288825988770e-01 9.527576939064507852e-16 2.659769481162208580e-17
9.997708201408386230e-01 9.773866591555272626e-16 3.007242248460623851e-17
1.000183224678039551e+00 8.909759577666693728e-16 4.231814985662906954e-17
1.000595688819885254e+00 9.678520327847592308e-16 5.094928654897483173e-17
1.001008749008178711e+00 9.712748929246138585e-16 4.156596474713254957e-17
1.001423120498657227e+00 9.701146695451122806e-16 3.170000621892272725e-17
1.001837253570556641e+00 1.021792149657097144e-15 3.877942156529046397e-17
1.002252817153930664e+00 1.045682290417931058e-15 3.869216393683347019e-17
1.002668261528015137e+00 1.060703890341894041e-15 3.093101610810157997e-17
1.003084421157836914e+00 1.074037565360216016e-15 2.447654398632378119e-17
1.003501415252685547e+00 1.090308009485787058e-15 1.565678199017510189e-17
1.003919243812561035e+00 1.053232847988874298e-15 2.689468739311434996e-17
1.004336476325988770e+00 1.087899365421151048e-15 1.482638033631679273e-17
1.004755854606628418e+00 1.151083682242467175e-15 2.499060861288466108e-17
1.005174279212951660e+00 1.178191595290801769e-15 3.384199372385124263e-17
1.005594968795776367e+00 1.155396562251649259e-15 3.719784561664417463e-17
1.006014466285705566e+00 1.077811308898470738e-15 2.121542578036409723e-17
1.006436347961425781e+00 1.138063197656392477e-15 3.136318489093603481e-17
1.006857514381408691e+00 1.083777914858048436e-15 3.429124874941859281e-17
1.007279992103576660e+00 1.139594844983265066e-15 1.707828525540257953e-17
1.007702827453613281e+00 1.212009915105521744e-15 3.617255193866224662e-17
1.008126139640808105e+00 1.210661332774374491e-15 2.906895313990590958e-17
1.008550167083740234e+00 1.218183197104229492e-15 2.227441383341776027e-17
1.008975028991699219e+00 1.201153282062326563e-15 3.199033007031658890e-17
1.009400367736816406e+00 1.278258903009122337e-15 2.432235255706022151e-17
1.009825706481933594e+00 1.332913598051587659e-15 4.218158564621901489e-17
1.010252833366394043e+00 1.291361232153725482e-15 2.163310401322784813e-17
1.010679960250854492e+00 1.371916183019977580e-15 3.350308790072091655e-17
1.011106967926025391e+00 1.337043942460636441e-15 2.275336133425331393e-17
1.011535882949829102e+00 1.320799862235548690e-15 1.327585509350451894e-17
1.011964559555053711e+00 1.450179698005669982e-15 3.691282233861555278e-17
1.012394309043884277e+00 1.377890729913435787e-15 3.016990406543438772e-17
1.012824416160583496e+00 1.439315653424186325e-15 2.342209219174935895e-17
1.013255357742309570e+00 1.409336616322014873e-15 2.316909900140001543e-17
1.013686656951904297e+00 1.443965017271665180e-15 3.278877442838952440e-17
1.014118671417236328e+00 1.445330222624402298e-15 3.280486805438735610e-17
1.014551281929016113e+00 1.454203633900719942e-15 2.317432016542645014e-17
1.014984607696533203e+00 1.452578283554057346e-15 2.138313334083677338e-17
1.015418291091918945e+00 1.487864617345487431e-15 2.428477043310948725e-17
1.015853166580200195e+00 1.488212324370335321e-15 2.542300404320695545e-17
1.016287922859191895e+00 1.486017979641354649e-15 4.748021017393564130e-17
1.016723752021789551e+00 1.520827857399954190e-15 4.484528588965207545e-17
1.017160415649414062e+00 1.557379340777226978e-15 2.169646108506573473e-17
1.017597436904907227e+00 1.465271389906018257e-15 4.036863735407429307e-17
1.018034458160400391e+00 1.605524058224450969e-15 4.279808004803233620e-17
1.018473386764526367e+00 1.516716465353100222e-15 2.968468322683323190e-17
1.018912315368652344e+00 1.534891357181454152e-15 2.871918147224908693e-17
1.019351363182067871e+00 1.556713467001566691e-15 2.200717824728147873e-17
1.019791960716247559e+00 1.522640296148841579e-15 3.006524917433417866e-17
1.020232558250427246e+00 1.567020375661993831e-15 1.762325500400966564e-17
1.020674228668212891e+00 1.569902828781500215e-15 2.640742507276141326e-17
1.021115779876708984e+00 1.550126515287243625e-15 2.792287454887898846e-17
1.021559119224548340e+00 1.530381330253798629e-15 3.962582585527922401e-17
1.022002100944519043e+00 1.529058582427542633e-15 3.006258565276175791e-17
1.022446274757385254e+00 1.564496958633004864e-15 3.400206309854760412e-17
1.022890686988830566e+00 1.468382012525691269e-15 7.735519126377037253e-17
1.023336291313171387e+00 1.509919978863450123e-15 1.930071508228514178e-15
1.023781776428222656e+00 1.481169668930389441e-15 5.080062234056435138e-17
1.024229168891906738e+00 1.497716245796765384e-15 4.987841521924123189e-17
1.024675369262695312e+00 1.486517940838471500e-15 4.098555196363879132e-17
1.025123715400695801e+00 1.458123384743257624e-15 1.881904384112857351e-17
1.025571942329406738e+00 1.492137051531438122e-15 1.898756369296277673e-17
1.026021480560302734e+00 1.536304419895711138e-15 2.269895601100447620e-17
1.026470422744750977e+00 1.501699312352110325e-15 2.689916905767316226e-17
1.026921272277832031e+00 1.542889677544139696e-15 2.653752403950375346e-17
1.027372121810913086e+00 1.511841367225178097e-15 2.782879764345210752e-17
1.027823925018310547e+00 1.514536202546867653e-15 3.390772149532470621e-17
1.028276324272155762e+00 1.570323274760693569e-15 2.992638209309877637e-17
1.028729319572448730e+00 1.450331634540583722e-15 2.751818966907722052e-17
1.029183030128479004e+00 1.463873467905693442e-15 2.191753502993788201e-17
1.029637575149536133e+00 1.441206972116286771e-15 2.155378400992891320e-17
1.030092358589172363e+00 1.479747500611949471e-15 2.840629544246722890e-17
1.030548214912414551e+00 1.436048753225744896e-15 1.393636873879546218e-17
1.031004309654235840e+00 1.417894084309006663e-15 3.616870124747468976e-16
1.031461477279663086e+00 1.485021233620673151e-15 2.429719303154880862e-17
1.031919121742248535e+00 1.462160343769871619e-15 8.237457450594012275e-18
1.032377600669860840e+00 1.452075145983388292e-15 2.632599245017801790e-17
1.032835602760314941e+00 1.443614557389738713e-15 1.503753969436687942e-17
1.033296108245849609e+00 1.396581782444022805e-15 1.605758904726522124e-17
1.033755779266357422e+00 1.434886518142993589e-15 2.193962571537672317e-17
1.034217119216918945e+00 1.410500651349779096e-15 3.428295047351346083e-17
1.034678339958190918e+00 1.423873925158385210e-15 2.870378267796579977e-17
1.035140752792358398e+00 1.404337216109083179e-15 1.406650741020720491e-17
1.035603761672973633e+00 1.381883325589437338e-15 1.765911493792506450e-17
1.036067008972167969e+00 1.362387909396313955e-15 3.281084691585488939e-17
1.036531448364257812e+00 1.319380129136832076e-15 2.743624750323649249e-17
1.036996483802795410e+00 1.365096297245159580e-15 2.754775972161476616e-17
1.037461876869201660e+00 1.317264981988419681e-15 1.970189205454519484e-17
1.037928104400634766e+00 1.335307524918765126e-15 2.297277595481667984e-17
1.038395404815673828e+00 1.283251315200239183e-15 2.651819117422716409e-17
1.038862705230712891e+00 1.271393806850744639e-15 2.383953385095791968e-17
1.039331436157226562e+00 1.268122883245803752e-15 1.976503240506259255e-17
1.039799928665161133e+00 1.302829846501311895e-15 3.049840064773634649e-17
1.040269613265991211e+00 1.255765096061837137e-15 2.610304742276027567e-17
1.040740013122558594e+00 1.237752199284645593e-15 1.992497604830584598e-17
1.041210889816284180e+00 1.221347818074289965e-15 3.347053668925572981e-17
1.041682481765747070e+00 1.261148625716348656e-15 4.118068717886250076e-17
1.042155504226684570e+00 1.153451033450924538e-15 3.755921104776654051e-17
1.042627692222595215e+00 1.209196706929453399e-15 2.500230163802371068e-17
1.043102145195007324e+00 1.149496660136667837e-15 3.017717332865750373e-17
1.043576478958129883e+00 1.186690935641788232e-15 2.321366252972069724e-17
1.044051408767700195e+00 1.169361065057438875e-15 2.489995623519374967e-17
1.044527053833007812e+00 1.154875213472614237e-15 3.237325844564698711e-17
1.045004010200500488e+00 1.090706644366588613e-15 3.243048280042340557e-17
1.045480966567993164e+00 1.147234341013670007e-15 1.842209640877662659e-17
1.045958518981933594e+00 1.094074659123108525e-15 2.004012786137935296e-17
1.046437382698059082e+00 1.069507950795655239e-15 2.897085282797957071e-17
1.046916484832763672e+00 1.084415730667330924e-15 2.999046542951448453e-17
1.047396421432495117e+00 1.024401328771995610e-15 1.708661827289343873e-17
1.047877073287963867e+00 1.070996293563099451e-15 3.053372125989236077e-17
1.048358559608459473e+00 1.000051778516394645e-15 3.314834984066632553e-17
1.048840641975402832e+00 1.012197807463547684e-15 2.973943927466179212e-17
1.049322843551635742e+00 1.023070640011859104e-15 2.874671666047975212e-17
1.049806714057922363e+00 9.930161110982636125e-16 2.532646379391589159e-17
1.050290822982788086e+00 9.880631918183124980e-16 1.336839509735327636e-17
1.050775289535522461e+00 1.002208430279222500e-15 1.492270717300981791e-17
1.051261425018310547e+00 1.012879880744324210e-15 1.689701855032893415e-17
1.051746845245361328e+00 9.250751748825225551e-16 2.930440182946300338e-17
1.052234053611755371e+00 9.498212424365569395e-16 3.183239813032306444e-17
1.052721977233886719e+00 9.700895761940498720e-16 1.184377715132616340e-17
1.053210139274597168e+00 9.939657409112540899e-16 2.906902924052226446e-17
1.053699254989624023e+00 9.818206648761667113e-16 3.081376160191096319e-17
1.054189085960388184e+00 9.699840147129983048e-16 1.639455595903972302e-17
1.054679274559020996e+00 9.715641546761012021e-16 2.297218369349809188e-17
1.055170893669128418e+00 9.375935806891122666e-16 2.977498157122197061e-17
1.055662631988525391e+00 9.517143610736703008e-16 1.515172536048492447e-17
1.056154727935791016e+00 9.562967034391976588e-16 1.561796074966676320e-17
1.056648612022399902e+00 9.702599356955663931e-16 1.882539162514930544e-17
1.057142019271850586e+00 9.329190176114525966e-16 3.309907634593776678e-17
1.057637453079223633e+00 9.812470118126387364e-16 2.508570791354865757e-17
1.058132290840148926e+00 9.321692875740141340e-16 1.575148920722874824e-17
1.058629035949707031e+00 9.399699316226342062e-16 1.636997049687342193e-17
1.059125781059265137e+00 9.448215245862700250e-16 1.799102446743441707e-17
1.059623003005981445e+00 9.748681125659850073e-16 1.498205241887682232e-17
1.060121655464172363e+00 9.562640926707283683e-16 2.173602182504169583e-17
1.060621142387390137e+00 9.462238935095679260e-16 3.610693335502964004e-17
1.061120271682739258e+00 9.785112012721257531e-16 3.139468061993960389e-17
1.061620831489562988e+00 9.715196854463703513e-16 2.205307519074959602e-17
1.062122702598571777e+00 9.661901541422462936e-16 1.466983640539113224e-17
1.062623858451843262e+00 9.475638996321242291e-16 1.266211106722793644e-17
1.063127160072326660e+00 9.959003641627829119e-16 2.294966783722439846e-17
1.063630223274230957e+00 9.701571270715934024e-16 1.817823363802864339e-17
1.064134359359741211e+00 9.978230230739317669e-16 1.659226205160724727e-17
1.064639568328857422e+00 9.667089618224395525e-16 2.510062694307666398e-17
1.065145015716552734e+00 9.605639495483464171e-16 2.464762975241812390e-17
1.065651297569274902e+00 1.004530571104120164e-15 2.266909148216886169e-17
1.066158652305603027e+00 9.865864957538930322e-16 2.209276331653989029e-17
1.066665887832641602e+00 1.017448352945340279e-15 1.310816986690838172e-17
1.067174911499023438e+00 1.056279731379266423e-15 2.014838264250539280e-17
1.067684173583984375e+00 1.021756150756838837e-15 2.397083388394968687e-17
1.068194031715393066e+00 1.054114503407847618e-15 1.635455846770033392e-17
1.068704962730407715e+00 1.049905067297348966e-15 3.049623012580900735e-17
1.069216251373291016e+00 1.075919990206370292e-15 3.020296151143445692e-17
1.069728493690490723e+00 1.084025036720409878e-15 1.478157527125724543e-17
1.070241808891296387e+00 1.079362967378722209e-15 2.878767864441337805e-17
1.070755243301391602e+00 1.109520093158053878e-15 2.787484844251415968e-17
1.071270108222961426e+00 1.084297887208544170e-15 1.567205670736650610e-17
1.071785092353820801e+00 1.085584636134541859e-15 2.748677665813490674e-17
1.072300910949707031e+00 1.116137220421122879e-15 1.934971825438951820e-17
1.072818279266357422e+00 1.095689845074404069e-15 2.379709452245027404e-17
1.073335528373718262e+00 1.083602896675322017e-15 2.138844053164691360e-17
1.073853611946105957e+00 1.118414786137171286e-15 2.371862651518226873e-17
1.074372887611389160e+00 1.118877689642845761e-15 3.278649140989887804e-17
1.074892759323120117e+00 1.114524046173077064e-15 2.373206489141380522e-17
1.075412988662719727e+00 1.116848092822106051e-15 2.412720245258548611e-17
1.075934290885925293e+00 1.068831912624627900e-15 2.859079973245840683e-17
1.076456785202026367e+00 1.095088239923616702e-15 2.777751906291872023e-17
1.076979160308837891e+00 1.077429720555732676e-15 2.039148275272860211e-17
1.077503204345703125e+00 1.020888577260613619e-15 2.633865658535620475e-17
1.078027129173278809e+00 1.064872351233569266e-15 2.527668737337490060e-17
1.078552603721618652e+00 1.087130365384162550e-15 1.718128578527768253e-17
1.079078316688537598e+00 1.045063638729080199e-15 1.800562585960720311e-17
1.079605221748352051e+00 1.047920257343695326e-15 1.953063258052221599e-17
1.080132126808166504e+00 1.035116295554762509e-15 1.530938929395998175e-17
1.080660581588745117e+00 1.032545444680727301e-15 1.587485326942368168e-17
1.081189274787902832e+00 1.006372867764398268e-15 1.739778873008486178e-17
1.081718921661376953e+00 1.041998650009440513e-15 2.482756635106678401e-17
1.082249641418457031e+00 1.011005820348524070e-15 2.554791989623103837e-17
1.082780599594116211e+00 9.843178238837907955e-16 3.206460758060140058e-17
1.083312630653381348e+00 1.007558713890554288e-15 2.647750712297935598e-17
1.083845973014831543e+00 1.027673205289002158e-15 3.083365033255918819e-17
1.084379076957702637e+00 9.932797501030965134e-16 2.535924992467504340e-17
1.084914207458496094e+00 9.969772606760983480e-16 2.878270232584825904e-17
1.085448861122131348e+00 9.668740273680357343e-16 1.920673843114850226e-17
1.085985183715820312e+00 9.269562233001375426e-16 2.838305166725448882e-17
1.086521744728088379e+00 9.878050585276367500e-16 2.374958788551012856e-17
1.087059736251831055e+00 9.618764271001169555e-16 1.938662374459918409e-17
1.087597131729125977e+00 9.149954828101963811e-16 1.615254441850263350e-17
1.088137030601501465e+00 9.560837805320816091e-16 1.879112153237123351e-17
1.088676333427429199e+00 8.548364500391173945e-16 1.474573684403777295e-17
1.089217424392700195e+00 9.013805928533859778e-16 2.001158351280137308e-17
1.089758396148681641e+00 8.328767503046352345e-16 2.051939961701502741e-17
1.090301156044006348e+00 8.392982658964476955e-16 1.174439553663097989e-17
1.090844035148620605e+00 8.448142503280861061e-16 2.286398350629248054e-17
1.091387748718261719e+00 8.010171941804408290e-16 1.562454179862023508e-17
1.091932654380798340e+00 8.005957952891818146e-16 1.154086030228679445e-17
1.092477798461914062e+00 8.285343300214176570e-16 1.993509246719736951e-17
1.093024492263793945e+00 7.913835708339624509e-16 2.089296099908887513e-17
1.093571186065673828e+00 7.680901118449099882e-16 2.337870987734340286e-17
1.094119548797607422e+00 7.523993029530569050e-16 1.951641830887610476e-17
1.094668030738830566e+00 7.878702899269884267e-16 1.679745081999592621e-17
1.095217227935791016e+00 7.697650665585461637e-16 1.723507403178955571e-17
1.095767855644226074e+00 7.681282283275364317e-16 1.738561428582930632e-17
1.096318960189819336e+00 7.408591143214275036e-16 3.715436569492593728e-17
1.096864461898803711e+00 8.004452881223665661e-16 9.270978101512270192e-17
1.097423791885375977e+00 7.260466785958771298e-16 3.426708845808714397e-17
1.097976803779602051e+00 7.759037790250940952e-16 2.267106844383286342e-17
1.098531126976013184e+00 7.930593725805458807e-16 2.743200572105532057e-17
1.099087357521057129e+00 7.503186194576859196e-16 1.073470744808547729e-17
1.099642634391784668e+00 7.649799127417106041e-16 1.789481839911082463e-17
1.100199580192565918e+00 7.555051610124016107e-16 1.360125719313491684e-17
1.100757241249084473e+00 7.716780904699200010e-16 2.871545585077014810e-17
1.101315379142761230e+00 7.581752735599431824e-16 1.952942489682788857e-17
1.101874947547912598e+00 7.213209229644677780e-16 2.678040081096157344e-17
1.102434992790222168e+00 7.026065240882720629e-16 1.594702312350770824e-17
1.102995991706848145e+00 7.304630554433018483e-16 2.687462826325993904e-17
1.103557705879211426e+00 7.700165294647622841e-16 2.047087720228266681e-17
1.104120492935180664e+00 7.158805362233718137e-16 1.658473139931056450e-17
1.104684114456176758e+00 6.817677665803625626e-16 2.756498162196812019e-17
1.105247735977172852e+00 7.154530492828044090e-16 1.511851075016847019e-17
1.105813622474670410e+00 7.190821619453154588e-16 9.307020180598553225e-18
1.106379270553588867e+00 7.149818872058942044e-16 1.917114815811279569e-17
1.106945872306823730e+00 7.343559129897642059e-16 1.344079738918943032e-17
1.107513427734375000e+00 7.164550363198470429e-16 8.391624891619807913e-18
1.108082532882690430e+00 7.176246829408868249e-16 1.909304741903676393e-17
1.108651280403137207e+00 7.188941206310250041e-16 1.242624382428089081e-17
1.109221100807189941e+00 7.116826938763387046e-16 1.476681340604562410e-17
1.109793066978454590e+00 7.018814638854223818e-16 2.023087571063408115e-17
1.110364317893981934e+00 7.219793852018395897e-16 2.392214272437236545e-17
1.110937595367431641e+00 7.091688589075655514e-16 1.700980297248931436e-17
1.111510753631591797e+00 6.926698217653542555e-16 1.880451854957214234e-17
1.112085223197937012e+00 6.990659793083082909e-16 1.570858169449439759e-17
1.112660527229309082e+00 7.179942540036857168e-16 1.120336068619780853e-17
1.113236665725708008e+00 7.054302672366218833e-16 1.159510515249679690e-17
1.113813400268554688e+00 6.969030806774944350e-16 7.622775401502794644e-18
1.114391565322875977e+00 6.868829985488312823e-16 2.534343257700180440e-17
1.114969849586486816e+00 6.905590686003557424e-16 1.930372866669279497e-17
1.115549325942993164e+00 6.492241784117011062e-16 2.679180101416377927e-17
1.116130709648132324e+00 6.836000576639512244e-16 1.123250556790050190e-17
1.116711139678955078e+00 6.771637189955618131e-16 1.879047136840976683e-17
1.117293357849121094e+00 6.648897880733733740e-16 9.128043111460454627e-18
1.117876887321472168e+00 6.473547237575516620e-16 2.836335815123082634e-17
1.118460416793823242e+00 6.660661580184319870e-16 2.142707648369804042e-17
1.119045376777648926e+00 6.738984599234556887e-16 2.208566114380051000e-17
1.119630694389343262e+00 6.849284170834827809e-16 2.183737461113659321e-17
1.120218157768249512e+00 6.677631355886967744e-16 1.655677600332872238e-17
1.120804429054260254e+00 6.755021050508448928e-16 1.945933953788749564e-17
1.121393561363220215e+00 6.791144888126476702e-16 1.920628679053404831e-17
1.121982097625732422e+00 6.806949993526649912e-16 1.295261276245349700e-17
1.122572541236877441e+00 6.502785226727958966e-16 1.402783009912545045e-17
1.123163342475891113e+00 6.402721518899664229e-16 2.781531459946749317e-17
1.123755097389221191e+00 6.652791055917551318e-16 2.531633414013456722e-17
1.124348044395446777e+00 6.672179640080202253e-16 1.317320446102852587e-17
1.124941229820251465e+00 6.354693691999161332e-16 1.877117489908012980e-17
1.125536441802978516e+00 6.643114763286355005e-16 2.102953679002750553e-17
1.126119375228881836e+00 6.944543613665414561e-16 2.126280337712868444e-17
1.126727342605590820e+00 6.739611403615525069e-16 2.185266090885657316e-17
1.127324938774108887e+00 6.575897404965805933e-16 1.459833987632572384e-17
1.127922892570495605e+00 6.145448496060971350e-16 2.014939842029760792e-17
1.128521561622619629e+00 6.502577174260289628e-16 2.660953672927139494e-17
1.129121780395507812e+00 6.530583789265661035e-16 2.105940131886312004e-17
1.129722237586975098e+00 6.891192714087010420e-16 1.465852388333385703e-17
1.130324363708496094e+00 6.445841848662012524e-16 2.652114586337520351e-17
1.130926966667175293e+00 6.787427472279214391e-16 2.287169282960147476e-17
1.131530165672302246e+00 6.236601946679742881e-16 1.650419544051117662e-17
1.132134914398193359e+00 6.668126058031998392e-16 2.322835491176086412e-17
1.132740139961242676e+00 6.791750516683763526e-16 3.193997793206926100e-17
1.133346438407897949e+00 6.676799675411882427e-16 1.804163236992714636e-16
1.133947134017944336e+00 6.158381630374360448e-16 1.218172741541286822e-16
1.134561538696289062e+00 6.086784582320914610e-16 5.898132610215048787e-17
1.135170578956604004e+00 5.917590809898052185e-16 1.825928410316903926e-17
1.135781049728393555e+00 5.686817742209802126e-16 1.001254353543258938e-16
1.136391878128051758e+00 6.391854615581983590e-16 1.623899637304300063e-17
1.137002825736999512e+00 5.749487062999187638e-16 1.737243398994888638e-17
1.137616634368896484e+00 5.465234981999261225e-16 3.154374849248901011e-17
1.138229727745056152e+00 5.565410921693067156e-16 2.014119775170475720e-17
1.138844609260559082e+00 6.050610981517235646e-16 1.609430924901767524e-17
1.139460086822509766e+00 5.522703520492505333e-16 2.009608993854101550e-17
1.140076398849487305e+00 5.366922514789414754e-16 1.503059303158265909e-17
1.140694022178649902e+00 5.294798718121895148e-16 1.428270429818773954e-17
1.141311883926391602e+00 5.220311170135944010e-16 1.561875318869358900e-17
1.141931176185607910e+00 5.408878174249288386e-16 1.710378723368758937e-17
1.142551660537719727e+00 5.118087528292150808e-16 2.211003484772999751e-17
1.143172383308410645e+00 5.090726246513468771e-16 2.036389958802240884e-17
1.143794775009155273e+00 4.872857196381045943e-16 3.326986598137281551e-17
1.144417881965637207e+00 5.006361235571348423e-16 2.189526401912550430e-17
1.145041942596435547e+00 4.445796419265228561e-16 1.074167727192684911e-17
1.145667076110839844e+00 4.949584087721300638e-16 2.369723562454164744e-17
1.146293044090270996e+00 4.528655829143604390e-16 2.159795214591679467e-17
1.146919727325439453e+00 4.898061720517781718e-16 1.956620300122322129e-17
1.147548317909240723e+00 4.508500680163688313e-16 1.326215698256064080e-17
1.148176789283752441e+00 4.530155077460244501e-16 2.273414592862370710e-17
1.148806333541870117e+00 4.501407838021617615e-16 1.744435072676547171e-17
1.149437308311462402e+00 4.174705642078857873e-16 2.184609474915412723e-17
1.150068879127502441e+00 4.211678100830916049e-16 2.101158200765142951e-17
1.150701761245727539e+00 4.268195050747479154e-16 1.468615171579312816e-17
1.151334404945373535e+00 4.137120407929020414e-16 1.302571236754603316e-17
1.151970028877258301e+00 3.994961809600147120e-16 1.489808696925778959e-17
1.152605175971984863e+00 3.728924642735332402e-16 1.114860629273047341e-17
1.153241872787475586e+00 3.779161108045800887e-16 3.498611685991008839e-17
1.153879642486572266e+00 3.636939246943679538e-16 2.044550922725689055e-17
1.154517531394958496e+00 3.863171423941258497e-16 2.575213093713567963e-17
1.155157923698425293e+00 3.661177094729361342e-16 1.122388303719524914e-17
1.155801296234130859e+00 3.667587545953300294e-16 1.445566280118890231e-17
1.156439185142517090e+00 3.560456142273556472e-16 1.250413197793949645e-17
1.157081961631774902e+00 3.482635254942363645e-16 1.647756187914819424e-17
1.157726168632507324e+00 3.267798582761111213e-16 1.730503365927684058e-17
1.158370137214660645e+00 3.467152551457739103e-16 1.917090331265148000e-17
1.159015297889709473e+00 3.247940689406122192e-16 2.433321178414181766e-17
1.159662365913391113e+00 3.014666492243307794e-16 2.397122927628248722e-17
1.160309791564941406e+00 3.245910192612876024e-16 2.561430114038841884e-17
1.160958170890808105e+00 3.262631681782859980e-16 2.786518697295954031e-17
1.161607742309570312e+00 3.110711558132472909e-16 1.869738046227304909e-17
1.162258386611938477e+00 2.948928265206901544e-16 1.490774513008995874e-17
1.162909865379333496e+00 3.236497009590920577e-16 2.522517056482509804e-17
1.163562059402465820e+00 2.866866125090128826e-16 1.295479569209002444e-17
1.164215922355651855e+00 3.285352546499568536e-16 1.680054447548687453e-17
1.164870142936706543e+00 2.945054148264397188e-16 1.528996874753846177e-17
1.165526390075683594e+00 2.775908286142613835e-16 1.400098643388687959e-17
1.166182875633239746e+00 3.233906147563506486e-16 1.489512731702607486e-17
1.166840195655822754e+00 2.999895561132172881e-16 1.174152521990542088e-17
1.167499065399169922e+00 2.884908456262237457e-16 6.167016519157964751e-18
1.168159127235412598e+00 3.216521855112296040e-16 1.417251226006710052e-17
1.168819189071655273e+00 3.273775194297378352e-16 1.181229465721239517e-17
1.169481277465820312e+00 3.309257404457860994e-16 2.209103450905965446e-17
1.170143723487854004e+00 2.870752153433453946e-16 2.671303522187525487e-17
1.170807838439941406e+00 3.175636633539515030e-16 9.819085511618892454e-18
1.171472549438476562e+00 3.286459247984715483e-16 1.584973013985922113e-17
1.172138571739196777e+00 3.410528134235993108e-16 1.176879405597884399e-17
1.172805547714233398e+00 3.407236352444726083e-16 1.489359537853162665e-17
1.173473715782165527e+00 3.374420443183522370e-16 5.051552957936427508e-17
1.174143195152282715e+00 3.302748485653803729e-16 2.058790506098544406e-17
1.174812197685241699e+00 3.553873902180002507e-16 7.546295109246754258e-18
1.175484061241149902e+00 3.845089388099747320e-16 8.966931489192276320e-18
1.176156044006347656e+00 3.733487768040868928e-16 1.122857066972658715e-17
1.176829099655151367e+00 3.719930476324471817e-16 5.121918896540598423e-18
1.177503824234008789e+00 4.369658745218907639e-16 1.337138535526765555e-17
1.178178906440734863e+00 3.954290199148751805e-16 3.070939126094147237e-17
1.178855538368225098e+00 3.907645418232437570e-16 1.676959634004881555e-17
1.179533004760742188e+00 3.701537685270436719e-16 1.673164694790610775e-17
1.180211663246154785e+00 4.267118524811078142e-16 1.799214777870626408e-17
1.180891275405883789e+00 3.916744669668316891e-16 9.229195719847114169e-18
1.181571960449218750e+00 3.888719525817224297e-16 8.580050844895099747e-18
1.182254314422607422e+00 3.863929253731255078e-16 1.108523515882217341e-17
1.182936429977416992e+00 3.760494090075092210e-16 1.276723166101301286e-17
1.183620810508728027e+00 3.952215233125774786e-16 1.062328952829703468e-17
1.184305548667907715e+00 3.823370404540962992e-16 1.310251526024096923e-17
1.184991717338562012e+00 4.097428444020683900e-16 1.930487844774424368e-17
1.185679316520690918e+00 3.918291034192648023e-16 1.708143515917518146e-17
1.186367154121398926e+00 3.845675693717924906e-16 1.083593284836604150e-17
1.187057018280029297e+00 3.689053743116888417e-16 9.719475595074644308e-18
1.187747001647949219e+00 3.682428621980379704e-16 1.043917401319375667e-17
1.188439011573791504e+00 3.771801185827549068e-16 7.457455911458559086e-18
1.189131498336791992e+00 3.636647549972468838e-16 1.318208507208489517e-17
1.189825057983398438e+00 3.557873221180022890e-16 7.861466639061096310e-18
1.190520763397216797e+00 3.545986966649880903e-16 1.552688154677977442e-17
1.191216349601745605e+00 3.701276957941360005e-16 1.270336256437595593e-17
1.191913247108459473e+00 3.602907316007573869e-16 1.169168014337358799e-17
1.192561626434326172e+00 3.536026388585762365e-16 1.351492154018867466e-16
1.193311810493469238e+00 3.386587277377442343e-16 1.245652277060339439e-17
1.194011926651000977e+00 3.387764653174125820e-16 9.636618567476432632e-18
1.194712638854980469e+00 3.278798629070188387e-16 1.020152998629094714e-17
1.195415735244750977e+00 3.185646180695896707e-16 8.471205456811697047e-18
1.196119070053100586e+00 3.468641211862538536e-16 1.740187500231087374e-17
1.196824550628662109e+00 3.184061699688939132e-16 1.046250795109326503e-17
1.197530031204223633e+00 2.815144440446209128e-16 1.236913362042900468e-17
1.198237299919128418e+00 2.830999838427625563e-16 1.109889191073542390e-17
1.198953866958618164e+00 3.155901030566285849e-16 3.073545737640424338e-17
1.199663162231445312e+00 2.822285722284950931e-16 5.833406719899509436e-17
1.200365424156188965e+00 2.474482347439310465e-16 3.770407353408172714e-17
1.201077818870544434e+00 2.774177427254458875e-16 2.297403823243143576e-17
1.201790690422058105e+00 2.500551109880041643e-16 1.548045024463594788e-17
1.202504754066467285e+00 2.857297829159707436e-16 1.596510363733689232e-17
1.203219652175903320e+00 2.648086514539407625e-16 2.514093545432637301e-17
1.203936696052551270e+00 2.452949711128922083e-16 9.394403540508655068e-18
1.204653978347778320e+00 2.214551494030811201e-16 1.290227137755413229e-17
1.205372333526611328e+00 2.180506725251598710e-16 1.417277530350189238e-17
1.206092596054077148e+00 2.141459168127665506e-16 2.092852314798375490e-17
1.206813693046569824e+00 2.260492708205312333e-16 8.611178478526082731e-18
1.207535386085510254e+00 1.983392364607070393e-16 9.606126208555890373e-18
1.208258748054504395e+00 2.017366856121440379e-16 1.045228482590272216e-17
1.208983063697814941e+00 2.131529427356782945e-16 8.996965590053464202e-18
1.209708452224731445e+00 1.979880089551721233e-16 8.762385440139551084e-18
1.210435271263122559e+00 1.942505025451921248e-16 9.006426881899845733e-18
1.211163282394409180e+00 1.875134142409682334e-16 1.434616890350525804e-17
1.211892485618591309e+00 2.065786700457844407e-16 1.542702264887114782e-17
1.212623000144958496e+00 1.798216536307397414e-16 1.188327750711740813e-17
1.213354587554931641e+00 1.751587240212150172e-16 1.188804372180693868e-17
1.214087605476379395e+00 2.071538715914191149e-16 2.110191178490344524e-17
1.214821338653564453e+00 1.836002014339921710e-16 2.626792933426047068e-17
1.215556859970092773e+00 2.004430016038907044e-16 1.538965559187967735e-17
1.216292858123779297e+00 1.995005848058416893e-16 1.170642050188928294e-17
1.217030525207519531e+00 1.919630371315726833e-16 1.521949461371016892e-17
1.217768907546997070e+00 1.929082994309288808e-16 6.922034308662172568e-18
1.218508720397949219e+00 1.968669211448116543e-16 1.699618096216179110e-17
1.219250082969665527e+00 1.903938821270044902e-16 6.114088954073452998e-18
1.219991922378540039e+00 1.965413560906005834e-16 5.352592272421423592e-18
1.220735549926757812e+00 1.779892169633632702e-16 8.429981256623891807e-18
1.221480488777160645e+00 1.930558552173185401e-16 1.771142914858536818e-17
1.222226142883300781e+00 1.792289687956781464e-16 1.987574225824668977e-17
1.222973585128784180e+00 2.072144476820375982e-16 1.063444571321853736e-17
1.223721265792846680e+00 2.418589819623551389e-16 3.211373218281969978e-17
1.224472045898437500e+00 2.395174123192298291e-16 2.569036701515757016e-17
1.225222229957580566e+00 1.772240153397476158e-16 6.576981871836087455e-17
1.225974559783935547e+00 1.862010425683161018e-16 2.902503977554669445e-17
1.226727724075317383e+00 1.773739534063014278e-16 1.407116278269465335e-17
1.227482080459594727e+00 1.758575659073692175e-16 2.166877038687990958e-17
1.228237986564636230e+00 2.283310452315363099e-16 1.418507382484933079e-17
1.228994965553283691e+00 2.119907076529269877e-16 6.205606562685094874e-18
1.229752421379089355e+00 2.095592069336049126e-16 1.238209223190526041e-17
1.230512738227844238e+00 2.784241237459024031e-16 1.546255501926397567e-17
1.231273770332336426e+00 2.282646060847360507e-16 9.037449463593034483e-18
1.232035398483276367e+00 2.204768528187820049e-16 1.331575084162856402e-17
1.232798337936401367e+00 2.014272538886002013e-16 2.509833234405744188e-17
1.233554840087890625e+00 1.934644956748095366e-16 1.780923498421363817e-17
1.234329462051391602e+00 2.449049918500204081e-16 1.815962041988497517e-17
1.235096573829650879e+00 2.504551487671246093e-16 2.053863487497933552e-17
1.235864162445068359e+00 2.371486846822331782e-16 1.112851986591584824e-17
1.236642360687255859e+00 2.202951245469265550e-16 1.304329409146584776e-17
1.237413287162780762e+00 2.061482978992404511e-16 8.371533501721507424e-18
1.238179683685302734e+00 2.057614156005820494e-16 1.028853367029988714e-17
1.238950252532958984e+00 1.915319238311998461e-16 1.074165411086969762e-17
1.239724397659301758e+00 1.905285471307281231e-16 1.426970267331963106e-17
1.240500092506408691e+00 1.856283159470741863e-16 1.372798126297804068e-17
1.241277456283569336e+00 1.796361269455114479e-16 1.348106123268606149e-17
1.242055773735046387e+00 1.761201990605772540e-16 1.242156032765261557e-17
1.242835640907287598e+00 1.824822502925145030e-16 1.174929079149606871e-17
1.243616700172424316e+00 1.936764524349701244e-16 1.340020432780900304e-17
1.244399189949035645e+00 2.171523940845966854e-16 1.489758569780658245e-17
1.245182752609252930e+00 1.723925129388294850e-16 7.400655073155767782e-18
1.245967507362365723e+00 1.817670765523460557e-16 6.981161178847462986e-18
1.246753692626953125e+00 1.638931858227328227e-16 8.297291560203035531e-18
1.247540831565856934e+00 1.441912524091570002e-16 4.038947982396879171e-18
1.248329997062683105e+00 1.620941804869932947e-16 7.918475099697638424e-18
1.249119877815246582e+00 1.483279495653101895e-16 6.915041737353955548e-18
1.249911427497863770e+00 1.510735142196063981e-16 5.346517044412527880e-18
1.250704526901245117e+00 1.263154690903022458e-16 1.138419063990802591e-17
1.251497864723205566e+00 1.268225241883523514e-16 6.826190545446878357e-18
1.252293467521667480e+00 1.486456663298693572e-16 1.216040369183798623e-17
1.253090739250183105e+00 1.470329420680767710e-16 9.112506178014871108e-18
1.253888249397277832e+00 1.339599414392723064e-16 8.026166570826529650e-18
1.254687309265136719e+00 1.276801185776677288e-16 8.151769810939644138e-18
1.255488395690917969e+00 1.371753976210578381e-16 1.184240237714810027e-17
1.256289958953857422e+00 1.279868636185819931e-16 6.603638015229792538e-18
1.257093548774719238e+00 1.229379781526849266e-16 8.701700161680210762e-18
1.257897973060607910e+00 1.103993097298101161e-16 7.976940225392886420e-18
1.258703947067260742e+00 1.063979790265400047e-16 1.007055255373807563e-17
1.259511351585388184e+00 1.320640170055211652e-16 1.009092353068341904e-17
1.260320186614990234e+00 1.245057567287138314e-16 1.041269265306348405e-17
1.261130094528198242e+00 1.136741508621320548e-16 7.354866490347894935e-18
1.261941552162170410e+00 1.158285923983631686e-16 1.070372870696475386e-17
1.262754440307617188e+00 9.689418994900794984e-17 8.523853848439472152e-18
1.263568282127380371e+00 1.117755000410819389e-16 8.374053921047956500e-18
1.264383912086486816e+00 1.229716874170076876e-16 1.119754808803339840e-17
1.265200495719909668e+00 9.743124192479167838e-17 9.158071422057354637e-18
1.266018033027648926e+00 9.798103909945362396e-17 1.161527512455328993e-17
1.266838192939758301e+00 8.346518401945046293e-17 7.661367512981456150e-18
1.267658948898315430e+00 1.149760537369517153e-16 1.396582629476970060e-17
1.268481135368347168e+00 1.208478978855553388e-16 1.700269087358258343e-17
1.269304990768432617e+00 8.963255663986213176e-17 1.401369027373446899e-17
1.270129919052124023e+00 8.150382629052392710e-17 2.183055037108303073e-17
1.270956397056579590e+00 1.494890332126488225e-16 4.227703567146273386e-17
1.271784305572509766e+00 1.173979459262783744e-16 2.847164601958136830e-17
1.272613286972045898e+00 9.588108560453260324e-17 4.733141361662715246e-17
1.273443818092346191e+00 9.568557981239447004e-17 1.647948920997544279e-17
1.274275541305541992e+00 1.471326140231669606e-16 1.931696024777119320e-17
1.275108814239501953e+00 1.144482463316938794e-16 1.456650996635468334e-17
1.275943756103515625e+00 1.220616299245217470e-16 1.662308610995342329e-17
1.276779651641845703e+00 1.305461339640414590e-16 2.038797550693137727e-17
1.277617454528808594e+00 1.471110279179017768e-16 2.646552954770958814e-17
1.278456330299377441e+00 1.598002696820408400e-16 2.377297393578822776e-17
1.279296636581420898e+00 1.639290523740931219e-16 1.927688334709299901e-17
1.280138492584228516e+00 1.618098288796220659e-16 1.911506365822047531e-17
1.280981659889221191e+00 1.711001524195562363e-16 1.743809393261212061e-17
1.281826257705688477e+00 1.895371083008567654e-16 2.369141889047417454e-17
1.282672286033630371e+00 1.629183964842309323e-16 1.751379253918929838e-17
1.283519506454467773e+00 1.536144939473610914e-16 1.367198692577248858e-17
1.284368634223937988e+00 1.591366590725364983e-16 1.498176125130120366e-17
1.285228013992309570e+00 1.676191646436962822e-16 1.042977310553209151e-17
1.286080241203308105e+00 1.724106712076362491e-16 9.731029653870784999e-18
1.286922812461853027e+00 1.687039623862228248e-16 1.271596135228575110e-17
1.287777185440063477e+00 1.527576010072051590e-16 6.799719111483956365e-18
1.288633584976196289e+00 1.677453328481677704e-16 2.142449402582564987e-17
1.289491057395935059e+00 1.849677228924444380e-16 1.636308008237085521e-17
1.290350079536437988e+00 1.853011891758666154e-16 2.020964198430984493e-17
1.291209936141967773e+00 1.488659875403840812e-16 1.203828453646494509e-17
1.292071819305419922e+00 1.758013176257156116e-16 1.049497561731658392e-17
1.292935252189636230e+00 1.525579129898899577e-16 1.814513152427549633e-17
1.293799519538879395e+00 1.632957761320123248e-16 1.090293861388589951e-17
1.294666171073913574e+00 1.883537503339833045e-16 1.085134901344219228e-17
1.295533061027526855e+00 1.560307745434121908e-16 6.388853951735498478e-18
1.296402454376220703e+00 1.836199081849056343e-16 7.764457378362714883e-18
1.297272562980651855e+00 2.006798399568768872e-16 1.380280223092529969e-17
1.298143982887268066e+00 1.870373155501623124e-16 1.609422156787274462e-17
1.299017667770385742e+00 1.981235342267328114e-16 9.361948281994524474e-18
1.299892067909240723e+00 1.680565909865041241e-16 1.571812405004080932e-17
1.300768852233886719e+00 1.895274997708613495e-16 7.837166554206126016e-18
1.301646113395690918e+00 1.829644105628492126e-16 1.251349814401543439e-17
1.302525877952575684e+00 1.872318419604551828e-16 1.428264804990608594e-17
1.303406476974487305e+00 1.777716089052577201e-16 1.215597413965776476e-17
1.304288625717163086e+00 1.916392852572643287e-16 1.286185450564417880e-17
1.305172204971313477e+00 1.941506055969753207e-16 1.173378942681682497e-17
1.306057453155517578e+00 1.952743800899653620e-16 1.639530869339714627e-17
1.306944012641906738e+00 1.792556238637370552e-16 1.133789085948159529e-17
1.307832241058349609e+00 1.883810009720832514e-16 2.076810966615257135e-17
1.308721780776977539e+00 1.989542750246422673e-16 1.123860354337624282e-17
1.309612870216369629e+00 2.072596713004870974e-16 1.425738760835994158e-17
1.310505986213684082e+00 1.882567253568532845e-16 9.357633707919447882e-18
1.311399459838867188e+00 1.986069782813782033e-16 9.043884928758697038e-18
1.312295675277709961e+00 1.866354248864697486e-16 1.493266311886250615e-17
1.313192367553710938e+00 1.994479761188833167e-16 1.039672310415753529e-17
1.314090847969055176e+00 1.956016789147403440e-16 1.101796138678384822e-17
1.314991354942321777e+00 1.900603629040231095e-16 1.452372818507344075e-17
1.315892815589904785e+00 2.110844882784832931e-16 1.223156521275531064e-17
1.316796183586120605e+00 2.168325729725591828e-16 1.506972860072376794e-17
1.317700982093811035e+00 1.991660067916762407e-16 1.926521017428865068e-17
1.318606853485107422e+00 1.956566037074138650e-16 1.074071526087444993e-17
1.319514632225036621e+00 2.074737191732362192e-16 1.292529264118209560e-17
1.320424199104309082e+00 1.886560352170346829e-16 8.750340036059553895e-18
1.321334004402160645e+00 1.918429569764095854e-16 1.559389972000882073e-17
1.322247028350830078e+00 1.925932561141094844e-16 1.204232035067359131e-17
1.323160648345947266e+00 2.102333392805009289e-16 1.195256711830852505e-17
1.324076414108276367e+00 2.170850946699593711e-16 1.569858273524985659e-17
1.324993133544921875e+00 1.969691341987436068e-16 8.181750972241628626e-18
1.325911879539489746e+00 2.241902452595448576e-16 9.250907556565406039e-18
1.326832056045532227e+00 1.948321627170496130e-16 7.970001834414791624e-18
1.327753067016601562e+00 1.966211227714302970e-16 1.429588645522453773e-18
1.328676462173461914e+00 2.027752009450370136e-16 1.280995719401260185e-17
1.329600691795349121e+00 1.838458674584755198e-16 4.562212511730573842e-18
1.330526709556579590e+00 1.869093341657881080e-16 8.083578695601997642e-18
1.331455349922180176e+00 1.976197084417941128e-16 9.105544625979624827e-18
1.332383751869201660e+00 2.049655355024080283e-16 1.038142026282530428e-17
1.333315014839172363e+00 1.945939214657445402e-16 6.140492559226145642e-18
1.334247469902038574e+00 1.810689890549105037e-16 7.832976884403544931e-18
1.335181713104248047e+00 2.014775200000638237e-16 8.803559182309990590e-18
1.336116552352905273e+00 1.869494623516642804e-16 4.845364293623294469e-18
1.337054848670959473e+00 1.825044849073799284e-16 7.262170976543977547e-18
1.337991118431091309e+00 1.797119231594009069e-16 7.515851553982352628e-18
1.338933348655700684e+00 1.652846227270552228e-16 9.641230926572028314e-18
1.339874625205993652e+00 1.944159121979231286e-16 8.193083346633605105e-18
1.340817928314208984e+00 1.717280685312676898e-16 5.277234050666311388e-18
1.341763138771057129e+00 1.813381470087903585e-16 8.351680339839622207e-18
1.342709541320800781e+00 1.646489774397000738e-16 7.097679494292907570e-18
1.343658089637756348e+00 1.736674563431248172e-16 7.004256061549943518e-18
1.344607472419738770e+00 1.560188234379220247e-16 1.051229098907915645e-17
1.345559120178222656e+00 1.533951918233610327e-16 9.700191533454195574e-18
1.346511960029602051e+00 1.442089606917105354e-16 7.131882585441362711e-18
1.347466349601745605e+00 1.406622881577689705e-16 1.354269694166922524e-17
1.348422765731811523e+00 1.426656534269233993e-16 9.282058351253540509e-18
1.349379181861877441e+00 1.286200869211035869e-16 7.315583683057751651e-18
1.350339412689208984e+00 1.313631501812274351e-16 1.253776183292345235e-17
1.351300120353698730e+00 1.219072581698846507e-16 1.266058574617838866e-17
1.352262496948242188e+00 1.261761321704789134e-16 1.644275081024951262e-17
1.353227019309997559e+00 1.134801935521006209e-16 1.481522166985345238e-17
1.354192137718200684e+00 1.619017981288481617e-16 3.025945463854937849e-17
1.355159521102905273e+00 1.103442724405732879e-16 2.754389182507046820e-17
1.356129407882690430e+00 1.141017701515974680e-16 2.570268538883970985e-17
1.357098817825317383e+00 6.869747560398205646e-17 3.795984439692802373e-17
1.358071804046630859e+00 1.550261934679685906e-16 3.060752562286679212e-17
1.359044790267944336e+00 1.526582069848007872e-16 5.699247950710758983e-17
1.360020399093627930e+00 1.054610216205338397e-16 5.361690762851139365e-17
1.360997438430786133e+00 -1.054376355702557405e-17 5.025077553506565261e-17
1.361976742744445801e+00 2.052387036278975401e-16 7.632385585859435720e-17
1.362955331802368164e+00 6.199642590468587545e-17 7.011398600703216402e-17
1.363938450813293457e+00 1.436659993376307280e-16 7.739954799693791608e-17
1.364921808242797852e+00 1.886810094540888839e-16 4.687492241506118840e-17
1.365906715393066406e+00 1.206669637070879398e-16 7.464963568134212876e-17
1.366894006729125977e+00 1.328796832639474548e-16 7.193859423709143331e-17
1.367881894111633301e+00 1.420992795527858911e-16 9.689434876768556002e-17
1.368872284889221191e+00 1.021457809870948111e-16 6.910125223947124118e-17
1.369864344596862793e+00 6.242836638567126565e-17 5.592322614265214371e-17
1.370857119560241699e+00 1.365715160692247254e-16 2.936760835442940533e-17
1.371852874755859375e+00 6.350423719502713599e-17 6.126916871012925351e-17
1.372848629951477051e+00 5.795754781905075701e-17 4.107166477412801172e-17
1.373847603797912598e+00 6.565347080212161589e-17 6.091373912708256816e-17
1.374847054481506348e+00 8.508649772472379972e-17 3.438247022737094070e-17
1.375849604606628418e+00 4.960137919720742207e-17 3.386686869923193728e-17
1.376851201057434082e+00 9.916223316184464621e-17 1.960827671590011849e-17
1.377857565879821777e+00 1.180461378891647277e-16 3.061519855022883400e-17
1.378863573074340820e+00 8.052580102146572930e-17 2.178883896151443176e-17
1.379871964454650879e+00 1.639113837962089893e-16 2.878918411312822456e-17
1.380881547927856445e+00 7.692784990699077716e-17 5.941804437835398437e-17
1.381893634796142578e+00 1.194438216614731284e-16 6.692441726969709185e-17
1.382906675338745117e+00 8.891003753585421357e-17 7.010000334595756764e-17
1.383920788764953613e+00 8.736196571073877207e-17 6.274874336308040390e-17
1.384938120841979980e+00 1.256262357341434615e-16 7.162979117081313702e-17
1.385956525802612305e+00 1.094491108165582022e-16 6.346046941445573019e-17
1.386975884437561035e+00 1.825329266855619517e-16 3.846169818328639583e-17
1.387998104095458984e+00 1.259970641114734340e-16 2.409059971048001464e-17
1.389020800590515137e+00 1.591531232754487537e-16 2.931544634500181140e-17
1.390045881271362305e+00 1.163107923733672808e-16 2.410997558914845676e-17
1.391073465347290039e+00 1.001164620990409185e-16 1.427794966402678474e-17
1.392100811004638672e+00 1.304050897434338172e-16 4.297797859637281887e-17
1.393130898475646973e+00 1.049918580119835632e-16 2.955948778676210605e-17
1.394162893295288086e+00 7.799597830581315116e-17 4.087979526796266163e-17
1.395195960998535156e+00 8.419825133062965733e-17 1.615023658459361055e-17
1.396230816841125488e+00 9.352833909697047684e-17 3.645741308929080807e-17
1.397267341613769531e+00 8.893073028605784011e-17 3.549438625909942177e-17
1.398306250572204590e+00 1.136644629227978338e-16 3.548499478129673972e-16
1.399346232414245605e+00 6.137120971049379501e-17 5.569624778256759292e-17
1.400387644767761230e+00 1.430825392207603244e-16 3.409492570283525722e-17
1.401431918144226074e+00 9.017681501314242227e-17 3.793919466011624994e-17
1.402477145195007324e+00 1.409623760491134081e-16 4.568271361563341004e-17
1.403523921966552734e+00 1.109268789070515368e-16 2.613462917854755027e-17
1.404572963714599609e+00 1.581195180866718929e-16 3.576640625789871003e-17
1.405622720718383789e+00 1.368526780681539497e-16 3.589411632703199708e-17
1.406675219535827637e+00 1.583575608146299530e-16 4.123435465700494120e-17
1.407728552818298340e+00 1.151030689743704578e-16 2.718801225577055400e-17
1.408784031867980957e+00 1.450329384609317577e-16 3.054557972115392098e-17
1.409840941429138184e+00 1.029962219184728299e-16 2.028825557536565957e-17
1.410900354385375977e+00 1.378131340210015212e-16 2.091024411080755809e-17
1.411960840225219727e+00 1.139675551341270640e-16 3.382900367951170988e-17
1.413022756576538086e+00 9.362292885437714066e-17 2.459026974002124675e-17
1.414087176322937012e+00 1.514017262517776386e-16 2.818866091458207710e-17
1.415152549743652344e+00 5.643326570835234058e-17 3.291472425717929860e-17
1.416220426559448242e+00 1.208063932711398781e-16 2.710053956035429643e-17
1.417289495468139648e+00 1.633029097376149821e-16 2.765097531844913295e-17
1.418360829353332520e+00 6.299009481348867611e-17 3.353047419644132219e-16
1.419433116912841797e+00 1.186100633086890790e-16 2.420289609607898857e-17
1.420507907867431641e+00 1.122145939800046877e-16 2.003725258157011864e-17
1.421583890914916992e+00 1.198412389324130054e-16 1.707096801570393544e-17
1.422661542892456055e+00 1.311440201107947874e-16 1.168346706707154898e-17
1.423741102218627930e+00 1.183390260004575038e-16 8.257790377231178248e-18
1.424822092056274414e+00 1.219798383055525036e-16 1.224875981614845043e-17
1.425904870033264160e+00 1.352083885941863400e-16 1.522875903657076283e-17
1.426989316940307617e+00 1.340530224192416735e-16 1.195165887399594182e-17
1.428076982498168945e+00 1.297559183987022011e-16 1.136068216689926886e-17
1.429164528846740723e+00 1.244467688248714499e-16 1.206257469515256475e-17
1.430254101753234863e+00 9.600434875069280521e-17 2.718002169105329175e-17
1.431346297264099121e+00 1.155616843757494580e-16 1.185005710653666599e-17
1.432439565658569336e+00 1.318929031152859957e-16 1.734405673185464221e-17
1.433534502983093262e+00 1.380448769414143774e-16 1.793676141925093845e-17
1.434631586074829102e+00 1.383400414537528994e-16 1.148635075428077504e-17
1.435730338096618652e+00 1.465140020389855036e-16 1.888419424053447508e-17
1.436830997467041016e+00 1.454802380315310326e-16 8.320365763390202238e-18
1.437932372093200684e+00 1.404727645358208208e-16 2.452381735833118672e-17
1.439037680625915527e+00 1.421927046398900802e-16 1.312028227261799571e-17
1.440142512321472168e+00 1.354826816853089240e-16 8.393902119846166399e-18
1.441250443458557129e+00 1.008297961895270479e-16 1.152398002752642482e-17
1.442358493804931641e+00 1.169036360271064859e-16 8.307377373411894598e-18
1.443470835685729980e+00 1.098360526722207077e-16 8.055117892265885619e-18
1.444582223892211914e+00 1.358663876104151220e-16 8.400202754571982810e-18
1.445696830749511719e+00 1.071557757293120844e-16 4.527282328823684589e-18
1.446812510490417480e+00 1.167774810575247985e-16 8.106485808305428638e-18
1.447929859161376953e+00 1.229067967523141277e-16 6.626111271701939470e-18
1.449049830436706543e+00 1.442774115417605235e-16 1.766679779145445702e-17
1.450171351432800293e+00 1.272643577494638758e-16 1.946403461504434663e-17
1.451295018196105957e+00 9.433055870735910435e-17 1.355222275360338591e-17
1.452419638633728027e+00 1.049556870581578444e-16 1.576032184180958947e-17
1.453546404838562012e+00 1.436442676485777349e-16 1.131117623441858271e-17
1.454675316810607910e+00 7.650942224849205321e-17 1.884468644011771737e-17
1.455805182456970215e+00 1.299272837518435867e-16 1.379914278389536510e-17
1.456937193870544434e+00 1.240736111069365281e-16 1.355577549433430116e-17
1.458070993423461914e+00 9.643210038905622688e-17 1.088663819273492955e-17
1.459205985069274902e+00 9.419074533150294140e-17 1.403172446544935010e-17
1.460343718528747559e+00 1.341492135983142400e-16 8.837150986985769043e-18
1.461482763290405273e+00 1.126927970182889436e-16 1.562121653255777191e-17
1.462623715400695801e+00 1.172715924333496743e-16 1.073495394790801810e-17
1.463765978813171387e+00 9.524798803346411756e-17 7.882974989348700136e-18
1.464910745620727539e+00 1.150711464201708114e-16 1.402428645738127327e-17
1.466056227684020996e+00 9.753059624252664764e-17 1.162747934731089730e-17
1.467204332351684570e+00 7.479417391285719460e-17 1.507611608941390242e-17
1.468353748321533203e+00 8.676417882565895003e-17 1.226408581853783293e-17
1.469504714012145996e+00 9.290353318436222270e-17 1.594480297074361592e-17
1.470658779144287109e+00 1.223818216134736733e-16 1.455795361009843482e-17
1.471813321113586426e+00 1.272043110544374264e-16 1.718566653380176337e-17
1.472970366477966309e+00 1.003641596791086975e-16 9.588407172654391967e-18
1.474128603935241699e+00 9.740582431892914894e-17 2.117372595132407400e-17
1.475288391113281250e+00 1.091579101537150343e-16 1.029411217635094476e-17
1.476450562477111816e+00 1.068657662065509929e-16 1.644249272989839608e-17
1.477614641189575195e+00 9.714514992941163801e-17 1.305913956327991356e-17
1.478779792785644531e+00 1.165103877464538761e-16 9.028760758438777480e-18
1.479947686195373535e+00 1.315036650062430430e-16 1.126326676052012390e-17
1.481116533279418945e+00 1.171903963844214691e-16 1.700118705922896203e-17
1.482287645339965820e+00 1.216265726269882570e-16 1.716583074271274176e-17
1.483460545539855957e+00 1.288525445255656889e-16 1.318921536896510227e-17
1.484634518623352051e+00 1.095552016932018033e-16 1.577141764254637578e-17
1.485811114311218262e+00 1.194830101701734406e-16 8.238091070943227894e-18
1.486989021301269531e+00 1.046743596231061095e-16 6.466496846342482144e-18
1.488168358802795410e+00 1.045201863918160260e-16 1.382626190027791611e-17
1.489351034164428711e+00 9.129015379552449455e-17 1.008216616953832014e-17
1.490533947944641113e+00 1.228818622199293292e-16 9.501959354017087598e-18
1.491718888282775879e+00 1.243246637315688222e-16 1.033254133324893332e-17
1.492906332015991211e+00 1.273712427194955278e-16 1.178765046522260281e-17
1.494095802307128906e+00 1.067257146026784147e-16 8.861373316863159353e-18
1.495284795761108398e+00 1.015858789740699177e-16 7.717260106971664230e-18
1.496477842330932617e+00 1.030453961515278823e-16 9.799174447094128525e-18
1.497671961784362793e+00 1.133156574020964731e-16 4.275923647364745858e-18
1.498867511749267578e+00 1.152006365819823125e-16 5.644422833301050585e-18
1.500064134597778320e+00 1.056323340341160219e-16 5.173390210156710570e-18
1.501262545585632324e+00 1.164188023090320049e-16 7.819882615306830503e-18
1.502464175224304199e+00 1.244597654866558831e-16 9.989180315339396641e-18
1.503662228584289551e+00 1.414320558183659177e-16 1.692666139476038445e-17
1.504872083663940430e+00 1.471336992841306302e-16 1.023831967121485560e-17
1.506079554557800293e+00 1.366688983883793682e-16 1.029152806411732910e-17
1.507287979125976562e+00 1.604603333410785544e-16 1.277013506496307399e-17
1.508498549461364746e+00 1.282627184267010772e-16 9.183833135054706131e-18
1.509710431098937988e+00 1.136855990418097887e-16 1.456408798152112807e-17
1.510924339294433594e+00 1.158196985524169984e-16 1.196330392265946335e-17
1.512140393257141113e+00 1.166627080931718408e-16 1.520369877273285630e-17
1.513356804847717285e+00 1.146676808045919466e-16 8.742179899316718277e-18
1.514575362205505371e+00 1.105882841038315306e-16 6.805694250638733161e-18
1.515796065330505371e+00 1.140918704540264334e-16 4.185775022666879242e-18
1.517018318176269531e+00 1.215893693517580720e-16 5.616572075666696420e-18
1.518242955207824707e+00 1.244165006318969095e-16 5.609959180259641240e-18
1.519468903541564941e+00 1.326815040240695502e-16 1.250791136615825124e-17
1.520696640014648438e+00 1.329821742505652251e-16 6.880288984688458920e-18
1.521926641464233398e+00 1.568777413162174869e-16 1.988252017618594928e-17
1.523158431053161621e+00 1.362205267917062246e-16 1.012353926223638493e-16
1.524391531944274902e+00 1.559735336450235213e-16 2.402085349559076845e-17
1.525626778602600098e+00 1.658920512293549630e-16 7.862344277691015072e-18
1.526863694190979004e+00 1.646022185740336763e-16 9.045767591832867729e-18
1.528102636337280273e+00 1.748609919402551306e-16 8.971972327845174471e-18
1.529342293739318848e+00 2.391577409540019718e-16 2.007165006016252374e-17
1.530584812164306641e+00 1.545214412407438327e-16 2.882816086359172322e-17
1.531824469566345215e+00 1.808412166014379020e-16 6.125542427707107241e-17
1.533074498176574707e+00 1.400178946082554607e-16 8.766591653554383230e-18
1.534322142601013184e+00 1.900642407267347581e-16 7.337581724267986868e-18
1.535571575164794922e+00 1.771500190708710722e-16 1.302977547871489363e-17
1.536822795867919922e+00 1.610672059780066589e-16 1.556361498342202928e-17
1.538075327873229980e+00 1.975778200155744275e-16 1.447163565881730128e-17
1.539330124855041504e+00 1.667328373086232629e-16 1.454735246336795522e-17
1.540586113929748535e+00 1.964171863544890233e-16 4.238276589735926185e-18
1.541859269142150879e+00 1.592975953325148153e-16 1.005016255163864350e-17
1.543118119239807129e+00 2.026628367306278103e-16 2.507872981790116023e-17
1.544367074966430664e+00 1.692424106428805429e-16 1.581611848284874140e-17
1.545630335807800293e+00 1.966786548373945852e-16 1.050755372571106526e-17
1.546895623207092285e+00 1.809045587840247627e-16 1.021850538682176037e-17
1.548162579536437988e+00 1.703265598758068439e-16 7.620719030499987817e-18
1.549431562423706055e+00 1.797322122454656076e-16 6.034810309805145720e-18
1.550701379776000977e+00 1.785756814002184664e-16 5.167316222918733688e-18
1.551974534988403320e+00 1.624946682523669686e-16 6.320724461353487183e-18
1.553248286247253418e+00 1.719131981698019578e-16 8.219038619894294007e-18
1.554524421691894531e+00 1.906125092716247056e-16 8.249533460356673926e-18
1.555802226066589355e+00 1.644682285496898867e-16 1.163629543827948747e-17
1.557082056999206543e+00 1.888552864829864562e-16 2.242299201504453511e-17
1.558333635330200195e+00 1.674378995929838619e-16 3.194054703233069749e-17
1.559646487236022949e+00 1.652330860661707190e-16 2.921451707538054118e-17
1.560930490493774414e+00 1.525263742474945359e-16 1.307544412033394629e-17
1.562217593193054199e+00 1.743364932574475068e-16 1.238092673442217319e-17
1.563505649566650391e+00 1.657501335060204651e-16 1.252694065615003364e-17
1.564796209335327148e+00 1.717499987436676956e-16 1.010832989231337241e-17
1.566088080406188965e+00 1.647236486879564608e-16 1.064406995964559184e-17
1.567381739616394043e+00 1.659358322448161696e-16 1.724917084378868441e-17
1.568677425384521484e+00 1.322486304833532002e-16 1.612702920532782281e-17
1.569974780082702637e+00 1.424821649147244365e-16 2.767700007488127631e-17
1.571273446083068848e+00 1.558937669641938077e-16 1.199404774448622173e-17
1.572574615478515625e+00 1.244119081251360151e-16 9.218236403911399105e-18
1.573876261711120605e+00 1.389804248316567521e-16 6.567558464861760853e-18
1.575181245803833008e+00 1.330785507180950035e-16 6.031421350835515965e-18
1.576485991477966309e+00 1.298707310677245613e-16 4.762029155631027143e-18
1.577794194221496582e+00 1.179618713458027257e-16 5.460709327975473351e-18
1.579102396965026855e+00 1.374852528610753018e-16 1.263504240886275117e-17
1.580414533615112305e+00 1.157453317066260310e-16 2.966094314325296000e-17
1.581727743148803711e+00 1.139125641670045387e-16 2.190058775354789558e-17
1.583042860031127930e+00 1.610048828819344636e-16 1.636545905381255771e-17
1.584359288215637207e+00 1.567825559887697849e-16 3.956335717541921936e-17
1.585678100585937500e+00 1.422883531884808119e-16 4.705751426347614373e-17
1.586998224258422852e+00 1.312638488030516692e-16 3.857753986499077204e-17
1.588320136070251465e+00 1.438453320944322244e-16 1.164025515187177881e-17
1.589644074440002441e+00 1.416857818907379832e-16 9.086545114489894334e-18
1.590970039367675781e+00 1.351508697631118527e-16 7.672270580635517608e-18
1.592295050621032715e+00 1.483454857942963136e-16 7.360462367191816167e-18
1.593624234199523926e+00 1.458146704619086719e-16 5.136489683030720006e-18
1.594955086708068848e+00 1.317000707708876339e-16 4.435059962330147534e-18
1.596301674842834473e+00 1.133442712338459074e-16 1.813226721138907165e-17
1.597621321678161621e+00 1.259481082541000956e-16 9.488105733118049490e-18
1.598956108093261719e+00 1.548566942342891246e-16 6.339326098968579669e-18
1.600293874740600586e+00 1.688577253359290820e-16 6.428109462065427512e-18
1.601633667945861816e+00 1.054737668194120567e-16 1.655950569935014737e-17
1.602974295616149902e+00 1.518763955744850680e-16 8.916169896541734671e-18
1.604317307472229004e+00 1.565083952465452094e-16 1.158625431994247951e-17
1.605661869049072266e+00 1.765047917233001089e-16 1.122924978500949319e-17
1.607007980346679688e+00 1.683871323592803140e-16 1.627387692511313670e-17
1.608357191085815430e+00 1.417175985658192228e-16 1.571885858642475641e-17
1.609705209732055664e+00 1.414046463615883605e-16 4.857559830984470032e-18
1.611056685447692871e+00 1.416550637115102139e-16 9.397518702695529771e-18
1.612409710884094238e+00 1.529744811463716624e-16 1.106409573108776823e-17
1.613759040832519531e+00 1.683948218302546069e-16 8.141062785090757747e-18
1.615115284919738770e+00 1.711453363333363328e-16 1.134274558249666901e-17
1.616479754447937012e+00 1.453778661589214699e-16 1.161598070961579766e-17
1.617839694023132324e+00 1.596248147479509922e-16 1.347767889116133216e-17
1.619201540946960449e+00 1.678057104154392410e-16 5.390149167363474984e-18
1.620563864707946777e+00 1.472750214374240899e-16 1.294631791799196846e-17
1.621929526329040527e+00 1.654129614534540502e-16 1.659072018694544842e-17
1.623296856880187988e+00 1.570556314700306908e-16 1.237648146581031322e-17
1.624653339385986328e+00 1.452637417041687537e-16 1.076969966953830802e-16
1.626035451889038086e+00 1.729353022393418813e-16 8.889916838260526679e-18
1.627407908439636230e+00 1.839741797150947454e-16 9.165243077968189387e-18
1.628781437873840332e+00 1.727201558707392890e-16 7.650926012109199282e-18
1.630156636238098145e+00 1.627578440360568398e-16 6.574150680753502207e-18
1.631533622741699219e+00 1.638865419080527967e-16 7.459719904795116723e-18
1.632911801338195801e+00 1.512831548740518374e-16 6.510585986581864795e-18
1.634292840957641602e+00 1.669235388357636881e-16 4.914033188482751593e-17
1.635675191879272461e+00 1.532287233794459610e-16 1.017791894288623352e-17
1.637058973312377930e+00 1.537950840186936684e-16 7.399188481929711264e-18
1.638444781303405762e+00 1.763478656349314489e-16 7.561499516086091460e-18
1.639831900596618652e+00 1.681803107363624553e-16 1.178706978443259059e-17
1.641221046447753906e+00 1.839955275923435139e-16 5.696265551012199042e-18
1.642611265182495117e+00 1.759040336054599964e-16 8.034818052853221767e-18
1.644003868103027344e+00 1.811269314024586182e-16 6.982514446329599739e-18
1.645397782325744629e+00 1.609533329861601589e-16 1.126820089287400271e-17
1.646793484687805176e+00 1.737609740744576123e-16 1.319882141741868058e-17
1.648191452026367188e+00 1.504424879087917452e-16 3.676831057688008863e-18
1.649590015411376953e+00 1.529887483575769771e-16 1.289171158985428034e-17
1.650991201400756836e+00 1.781478503525162397e-16 6.840562394999680936e-18
1.652393817901611328e+00 1.624652470923396825e-16 5.911880103841496341e-18
1.653797984123229980e+00 1.696630022058617055e-16 8.075834630707276197e-18
1.655203938484191895e+00 1.568104154318005709e-16 6.923844593432744869e-18
1.656611204147338867e+00 1.714594135032002672e-16 9.683049042439646628e-18
1.658020615577697754e+00 1.771000970665422719e-16 6.224178835388441728e-18
1.659431099891662598e+00 1.857569855457180349e-16 5.166703282084831895e-18
1.660843849182128906e+00 1.827475436585725100e-16 4.211163677207969321e-18
1.662258028984069824e+00 1.824027218397012047e-16 4.850250863091951480e-18
1.663671970367431641e+00 1.878361734985415244e-16 6.847619899985983368e-18
1.665089488029479980e+00 2.016584277087516211e-16 1.118973453996722250e-17
1.666509032249450684e+00 1.846018046592305803e-16 1.101687281709772844e-17
1.667929887771606445e+00 2.049408656678192468e-16 1.337638566207053861e-17
1.669352889060974121e+00 2.060846513141881709e-16 1.386250564599753957e-17
1.670776963233947754e+00 1.842349335139510614e-16 1.187473521293157301e-17
1.672212719917297363e+00 1.651083604646875233e-16 1.743378597598194444e-17
1.673638224601745605e+00 1.982744649100216870e-16 3.612530007335076746e-17
1.675059676170349121e+00 1.656193727947880825e-16 6.875236565506985027e-18
1.676490902900695801e+00 1.801698371116204622e-16 9.872207877737660444e-18
1.677922844886779785e+00 1.756933473947202900e-16 5.049327180344169821e-18
1.679356217384338379e+00 1.805168426873089075e-16 5.267623452719364036e-18
1.680791616439819336e+00 1.700060505494996972e-16 5.714477586558779052e-18
1.682228207588195801e+00 1.693319314374934817e-16 4.117524350325128929e-18
1.683667302131652832e+00 1.729576559682155143e-16 5.923048696472187321e-18
1.685107231140136719e+00 1.779984416815544616e-16 6.244802102420613814e-18
1.686549067497253418e+00 1.614927473897733389e-16 7.267024045197826161e-18
1.687993168830871582e+00 1.600846742289712722e-16 7.472986227459242181e-18
1.689438581466674805e+00 1.881706191638089646e-16 1.056902151702988075e-17
1.690885543823242188e+00 1.632269811748275146e-16 6.094972810117352529e-18
1.692334294319152832e+00 1.503664269971062692e-16 7.614856801498824510e-18
1.693784594535827637e+00 1.981739856266536456e-16 9.156259069335250954e-18
1.695236206054687500e+00 1.865203607545411722e-16 6.555969664479892935e-18
1.696689248085021973e+00 1.714292511893441336e-16 7.603351546358824448e-18
1.698144197463989258e+00 1.751378128953296766e-16 5.965472308548194452e-18
1.699600815773010254e+00 1.724404761794677598e-16 8.002256088040071832e-18
1.701059103012084961e+00 1.760742739929683099e-16 8.809265901355993927e-18
1.702518701553344727e+00 1.816627326811561666e-16 8.257991382120028634e-18
1.703980326652526855e+00 1.876845413660932038e-16 7.035304285842121412e-18
1.705443501472473145e+00 1.835690994429601771e-16 7.558974133675967067e-18
1.706909179687500000e+00 1.859006635093960456e-16 1.278990468160309135e-17
1.708372831344604492e+00 1.917312148018210220e-16 1.078310330418411728e-17
1.709841489791870117e+00 1.625764995760056145e-16 1.072927948890590433e-17
1.711310148239135742e+00 1.632406263462121893e-16 6.756497683707141840e-18
1.712781786918640137e+00 1.625671954484756180e-16 5.458483384947093153e-18
1.714254021644592285e+00 1.586653778816180861e-16 7.337269049996441824e-18
1.715729832649230957e+00 1.500803416191711292e-16 9.421496187111604384e-18
1.717203497886657715e+00 1.757666025097679862e-16 9.168057973592707340e-18
1.718680620193481445e+00 1.482431536263561535e-16 7.466884116080438496e-18
1.720158815383911133e+00 1.397671331511987853e-16 4.253466107324237433e-18
1.721638917922973633e+00 1.439370498807521041e-16 7.919963197619621321e-18
1.723121047019958496e+00 1.412314942983238604e-16 7.556865650294569399e-18
1.724604487419128418e+00 1.244526054112736241e-16 9.652158809644466363e-18
1.726089119911193848e+00 1.335020142521629503e-16 3.777828569709814713e-18
1.727576136589050293e+00 1.122695584773476113e-16 1.123431378471954282e-17
1.729042410850524902e+00 1.186520840838067728e-16 1.006667638538765214e-17
1.730552554130554199e+00 1.254724066099882000e-16 8.079611537384193321e-18
1.732044577598571777e+00 1.143815292522078024e-16 5.433890891745585364e-18
1.733536720275878906e+00 1.155816690593487392e-16 8.477985029112181662e-18
1.735031127929687500e+00 1.023554017892055492e-16 7.393083061828457366e-18
1.736526608467102051e+00 1.081973681740837573e-16 7.593510578611281078e-18
1.738024234771728516e+00 1.053281896490476243e-16 8.549623006062336624e-18
1.739522814750671387e+00 8.092583218314127391e-17 5.995314503507270031e-18
1.741022944450378418e+00 1.091905143047394245e-16 7.241417014975022083e-18
1.742524981498718262e+00 8.726237978243228796e-17 9.913569389907149487e-18
1.744028568267822266e+00 9.153074423976921797e-17 1.060059086510796705e-17
1.745533108711242676e+00 1.072358798998317196e-16 7.603317631953709774e-18
1.747039437294006348e+00 9.775271739805428705e-17 2.995139934354483014e-18
1.748547434806823730e+00 9.751604448119061477e-17 5.267681768952549025e-18
1.750057578086853027e+00 1.075181139248348127e-16 6.787207177538479269e-18
1.751567125320434570e+00 1.120376302684775432e-16 2.934224079299393535e-18
1.753080129623413086e+00 9.077270269153582256e-17 3.087649539315729108e-18
1.754594206809997559e+00 1.008645179229195738e-16 4.680919133486527461e-18
1.756109356880187988e+00 1.032144983385133228e-16 7.584334664076230342e-18
1.757626652717590332e+00 1.019588646384374285e-16 5.176718784941623954e-18
1.759142994880676270e+00 1.074671529816566458e-16 4.202839758703848203e-18
1.760662078857421875e+00 1.110130446570999606e-16 4.390795873391209917e-18
1.762184500694274902e+00 1.292223935210503986e-16 8.040030945073530947e-18
1.763723969459533691e+00 9.836424209874738978e-17 6.821907817825385056e-18
1.765248537063598633e+00 1.141646491130412990e-16 1.622777980393678158e-17
1.766757726669311523e+00 8.908624685866270974e-17 9.796697041159532207e-18
1.768285036087036133e+00 1.037861595511262701e-16 1.011322514717846122e-17
1.769814133644104004e+00 1.072875886142836345e-16 1.684570357384859452e-17
1.771344304084777832e+00 9.353856966678653268e-17 6.494889820868364819e-18
1.772876739501953125e+00 9.460571206631874347e-17 6.031094614493557520e-18
1.774408578872680664e+00 9.699455011836778358e-17 3.875435881991071978e-18
1.775943517684936523e+00 8.900695001642092629e-17 4.181893064052167884e-18
1.777478337287902832e+00 9.893669078730348747e-17 3.660673738783010574e-18
1.779015779495239258e+00 1.003645964304721255e-16 3.484247694654025513e-18
1.780554652214050293e+00 9.877314725403440326e-17 4.444692894153633817e-18
1.782093882560729980e+00 1.042926455489149391e-16 5.827518434709050708e-18
1.783635854721069336e+00 9.289848407390319902e-17 6.821210504569002854e-18
1.785179376602172852e+00 9.719171027173102283e-17 9.362475196044720753e-18
1.786723971366882324e+00 1.072227111844798754e-16 7.862457601434934837e-18
1.788270115852355957e+00 1.228784079136913078e-16 7.655025519225012087e-18
1.789817810058593750e+00 1.357242713637336114e-16 6.087773030065690976e-18
1.791366815567016602e+00 1.113452470085461569e-16 7.132751125084543391e-18
1.792916774749755859e+00 1.127488203068159351e-16 5.202075593029130741e-18
1.794468283653259277e+00 1.419442063489893499e-16 1.485492799361722282e-17
1.796020388603210449e+00 1.053471618635771405e-16 9.798554061634713754e-18
1.797575354576110840e+00 1.243472556884588705e-16 9.460733499468057251e-18
1.799131155014038086e+00 1.518930715356341370e-16 1.289239897694331190e-17
1.800688505172729492e+00 1.361850440521501500e-16 1.303582051463143116e-17
1.802247524261474609e+00 1.403511623683306253e-16 1.155565690908414301e-17
1.803807854652404785e+00 1.447622849645044071e-16 1.220989225352580877e-17
1.805369138717651367e+00 1.268563128620139174e-16 7.548420136240402986e-18
1.806931376457214355e+00 1.404554797697409128e-16 1.456268342884101303e-17
1.808495521545410156e+00 1.394299213939629678e-16 1.111825372733345261e-17
1.810061097145080566e+00 1.454262264462537701e-16 1.443044702739583582e-17
1.811628222465515137e+00 1.511606527340551842e-16 1.598643331661218469e-17
1.813196539878845215e+00 1.292263375182110515e-16 1.135751241079196566e-17
1.814766287803649902e+00 1.538666450678468560e-16 1.400912754547562649e-17
1.816337823867797852e+00 1.691635174647776853e-16 1.690141749682649115e-17
1.817910075187683105e+00 1.425664446929762394e-16 1.080518819935867057e-17
1.819483637809753418e+00 1.692610850723895400e-16 1.250292677578700669e-17
1.821057558059692383e+00 1.531059565416532909e-16 1.499210266331934161e-17
1.822635173797607422e+00 1.464721797872148225e-16 2.082735234162361919e-17
1.824211955070495605e+00 1.563087866385688132e-16 1.513720172328971841e-17
1.825791001319885254e+00 1.780990003742613081e-16 2.594758875279828476e-17
1.827373027801513672e+00 1.919441906484962751e-16 1.760525224515806155e-17
1.828953385353088379e+00 1.263112339255659743e-16 1.521417584237145295e-17
1.830538153648376465e+00 1.682744240377362886e-16 2.417178417887964409e-17
1.832121253013610840e+00 1.448356856633399125e-16 3.537615567978599242e-17
1.833707213401794434e+00 1.816672854832476584e-16 5.193847213885759498e-17
1.835294246673583984e+00 1.752576283526967576e-16 4.063380167995674184e-17
1.836882352828979492e+00 1.464529230225545880e-16 4.737475457200248090e-17
1.838472366333007812e+00 1.707853870354226577e-16 3.237822814676720570e-17
1.840063929557800293e+00 1.672162813632686548e-16 3.453281526678612880e-17
1.841654181480407715e+00 8.642967360338740606e-17 5.458397440881448894e-17
1.843249678611755371e+00 2.298040619965911399e-16 5.626893469914010589e-17
1.844844222068786621e+00 1.572099635199983845e-16 4.150257293370893574e-17
1.846440553665161133e+00 1.702234203795888320e-16 3.188168485994142404e-17
1.848037958145141602e+00 1.545488639324111907e-16 3.337117244535340991e-17
1.849637150764465332e+00 2.266075714118902240e-16 2.438998284394255705e-17
1.851237177848815918e+00 2.637634657365881593e-16 5.091201048185074209e-17
1.852838277816772461e+00 2.010700309779855010e-16 5.543323412627778203e-17
1.854441046714782715e+00 1.704605366652608327e-16 1.091630320560679627e-16
1.856044769287109375e+00 1.401035375801567510e-16 1.068168302015123558e-16
1.857650160789489746e+00 1.817881067922396039e-16 4.840882629064482165e-17
1.859257221221923828e+00 1.725878996169594106e-16 4.183320033326883112e-17
1.860863804817199707e+00 1.465104947931882787e-16 3.719786216025642569e-17
1.862473607063293457e+00 1.863656845974386565e-16 4.119749879763202850e-17
1.864083647727966309e+00 1.867684752336376780e-16 2.667168942613740433e-17
1.865695118904113770e+00 1.902529967250744585e-16 2.955481256193995634e-17
1.867308020591735840e+00 1.542289104714756796e-16 4.864785501789304495e-17
1.868921637535095215e+00 1.599238703178909636e-16 3.909846181882971653e-17
1.870536446571350098e+00 1.461023175568403119e-16 5.241365762226725747e-17
1.872153759002685547e+00 5.115217079217693793e-17 9.022521500514412503e-17
1.873770713806152344e+00 9.349818340055924366e-17 4.133397036381347722e-17
1.875390291213989258e+00 1.167345338401210453e-16 3.207911963726803089e-17
1.877009987831115723e+00 1.361971936809873288e-16 3.758224968218736744e-17
1.878631711006164551e+00 1.148962341165627983e-16 2.288565563834136986e-17
1.880254030227661133e+00 1.257142477513191036e-16 2.572226806266129023e-17
1.881878256797790527e+00 1.077422335487223802e-16 2.221620347935117861e-17
1.883502483367919922e+00 1.061735616176319181e-16 1.938866522635096496e-17
1.885128974914550781e+00 8.834774662522026705e-17 1.141015749369729055e-17
1.886756896972656250e+00 1.016296070499719210e-16 2.083249740503369902e-17
1.888384819030761719e+00 1.052354395413232784e-16 2.000259040518169657e-17
1.890014767646789551e+00 7.792406653208024114e-17 1.834496181665605676e-17
1.891645908355712891e+00 8.558853679953938370e-17 1.528893642613399559e-17
1.893278002738952637e+00 1.142714414388443451e-16 2.159152991564093296e-17
1.894911408424377441e+00 5.563071522571869185e-17 1.516075817277400353e-17
1.896546006202697754e+00 8.929728379398213858e-17 1.681616660853555101e-17
1.898181319236755371e+00 9.134126693993537124e-17 3.268551250944085463e-17
1.899818301200866699e+00 8.910899101678546779e-17 4.008183398336745710e-17
1.901456832885742188e+00 9.155594346995003341e-17 2.889312432017918781e-17
1.903095245361328125e+00 4.014280381195751567e-17 4.239855842961412426e-17
1.904736161231994629e+00 1.552087820076610957e-16 4.697481274583309202e-17
1.906377434730529785e+00 4.922965084737099186e-17 3.312786884869951256e-17
1.908020496368408203e+00 1.361739135098276364e-16 2.447878730014502500e-17
1.909663438796997070e+00 5.572806445764883257e-17 4.902319649264510679e-17
1.911309003829956055e+00 7.991136464501643992e-17 2.665695237634415959e-17
1.912955880165100098e+00 6.189308788512085080e-17 2.509417824302120057e-17
1.914601564407348633e+00 1.194256501577765635e-16 3.601431228748085242e-17
1.916251182556152344e+00 9.397385195744663712e-17 2.349968173320683294e-17
1.917899608612060547e+00 8.622800035260207749e-17 3.252460933668703969e-17
1.919550180435180664e+00 8.288277607631922678e-17 8.279248765809783871e-17
1.921202421188354492e+00 9.829035832643415334e-17 5.897772621212465710e-17
1.922855138778686523e+00 8.692105197446840662e-17 1.808483005762038062e-17
1.924509406089782715e+00 1.239723774348498384e-16 1.782776052121237578e-17
1.926164507865905762e+00 8.168908166051130318e-17 1.059580148936128502e-17
1.927820920944213867e+00 8.532663818271529429e-17 2.359070468781216811e-17
1.929478049278259277e+00 8.391569966827134392e-17 1.830833425913220869e-17
1.931136488914489746e+00 1.168525758222548126e-16 1.525228239883054583e-17
1.932795882225036621e+00 1.108297480508031100e-16 1.618618254529271492e-17
1.934456229209899902e+00 1.059832703720753192e-16 1.622084141295868678e-17
1.936118364334106445e+00 6.826663361885013668e-17 6.669525432561478851e-18
1.937780737876892090e+00 9.066693606969234223e-17 7.467710469512378970e-18
1.939444780349731445e+00 6.503076923699169665e-17 1.034836447118646019e-17
1.941109776496887207e+00 7.177130523000870899e-17 1.281731082965819826e-17
1.942775607109069824e+00 8.238154432978149456e-17 1.065720310623109626e-17
1.944441914558410645e+00 7.840905245138743191e-17 6.557051616721112295e-18
1.946110367774963379e+00 9.698285047578383356e-17 8.086090015941708634e-18
1.947778940200805664e+00 8.083478937620123747e-17 1.155248715297683981e-17
1.949449539184570312e+00 8.709046518136416711e-17 7.457359958507502935e-18
1.951121211051940918e+00 7.953130493205037561e-17 1.391184117927203980e-17
1.952792644500732422e+00 7.551291445582697056e-17 1.035260873490946977e-17
1.954466462135314941e+00 8.045905085475515018e-17 1.758521793072202722e-17
1.956141352653503418e+00 9.425251917964840151e-17 9.248508732789002259e-18
1.957816004753112793e+00 7.082933180076802235e-17 1.390189019650302688e-17
1.959492564201354980e+00 7.531066548733530508e-17 8.944877199700387497e-18
1.961170077323913574e+00 7.847103144032480516e-17 1.444436682274387817e-17
1.962848424911499023e+00 4.914796510752015527e-17 1.400467565941886609e-17
1.964527964591979980e+00 5.697720644427741073e-17 1.064295822890232057e-17
1.966208457946777344e+00 5.948107554103052507e-17 1.326759652226878951e-17
1.967890024185180664e+00 7.284290116995890529e-17 7.006565549820191572e-18
1.969572544097900391e+00 7.743251610743182955e-17 7.849149092559569175e-18
1.971255660057067871e+00 6.009421489827933131e-17 8.459048383349005199e-18
1.972940564155578613e+00 5.826185764024166525e-17 4.659687061523516347e-18
1.974625945091247559e+00 5.842719450107876442e-17 1.378319970476901804e-17
1.976312875747680664e+00 5.552557726114075182e-17 7.633953093120223707e-18
1.977999806404113770e+00 5.022603952602786687e-17 4.911771593969970360e-18
1.979689478874206543e+00 5.809855895243389674e-17 3.935334098097568095e-18
1.981377959251403809e+00 6.630200025469789086e-17 6.541995688801728362e-18
1.983070611953735352e+00 4.952103679867137160e-17 4.727153980234872666e-18
1.984759688377380371e+00 5.157659054703299601e-17 2.156689151391542848e-17
1.986451745033264160e+00 5.022204920675291107e-17 3.161024388757092290e-17
1.988146066665649414e+00 5.132698383411144459e-17 2.968046253775768007e-18
1.989839553833007812e+00 5.727435619008605996e-17 5.761980087595861772e-18
1.991534948348999023e+00 6.324161065926399991e-17 4.421937982682912579e-18
1.993230700492858887e+00 6.548807438428041290e-17 4.098655119781875538e-18
1.994927644729614258e+00 6.012417868878845218e-17 3.342678214357412486e-18
1.996625423431396484e+00 6.764332986623427884e-17 6.695840529388628320e-18
1.998324632644653320e+00 5.384098754772955863e-17 8.667137246965295053e-18
2.000025033950805664e+00 6.206592892847503104e-17 1.072496656919205284e-17
2.001725673675537109e+00 8.243892419451307298e-17 1.784025756590682692e-17
2.003427982330322266e+00 6.218075483238719213e-17 1.733558640238209921e-17
2.005130767822265625e+00 9.263229073533873429e-17 2.318779990068861428e-17
2.006834268569946289e+00 6.269316344336174087e-17 2.025611629984552423e-17
2.008538961410522461e+00 4.624777723568063430e-17 8.081150093323541953e-18
2.010244607925415039e+00 6.160016668660357264e-17 9.819262528269978802e-18
2.011949300765991211e+00 5.464697579298897774e-17 1.254150730673709246e-17
2.013657808303833008e+00 7.218723811177997301e-17 1.321864397361790133e-17
2.015365123748779297e+00 7.041403419370719906e-17 8.219061780951445492e-18
2.017074823379516602e+00 7.564909485443280061e-17 7.838251815169795588e-18
2.018784523010253906e+00 4.853126556491492080e-17 5.295640473656841360e-18
2.020494937896728516e+00 5.750570206380489074e-17 2.115168158799953581e-17
2.022207021713256836e+00 6.527688524772827430e-17 2.124066802393676542e-17
2.023918628692626953e+00 6.279542281940799636e-17 7.773259407260891651e-18
2.025632858276367188e+00 5.043209683405972649e-17 7.406518129337543642e-18
2.027347087860107422e+00 5.577700046268746969e-17 6.536726548299765576e-18
2.029062271118164062e+00 5.574596464610448009e-17 1.010089271142590813e-17
2.030778169631958008e+00 6.871685148265049858e-17 6.918810372224747142e-18
2.032495737075805664e+00 6.396892079337982524e-17 8.417901110958167391e-18
2.034212827682495117e+00 5.919372623111940411e-17 5.006336949548563866e-18
2.035931110382080078e+00 6.539660144342184889e-17 5.569223430223548563e-18
2.037650585174560547e+00 5.790886327691833601e-17 6.345252020876909559e-18
2.039371252059936523e+00 4.282705122180639344e-17 7.535301878905924521e-18
2.041092157363891602e+00 5.080355386865523931e-17 1.264830790434626407e-17
2.042814254760742188e+00 6.464108114169551510e-17 6.940904779976344788e-18
2.044537305831909180e+00 4.524147562456292380e-17 1.231104320755124320e-17
2.046260833740234375e+00 4.612005724037999662e-17 7.692876476874826081e-18
2.047985553741455078e+00 6.644921193395272809e-17 7.732250274032350198e-18
2.049709320068359375e+00 5.440948893040255328e-17 5.720027554878703591e-18
2.051435232162475586e+00 5.517879006113402050e-17 7.193760658344004500e-18
2.053162574768066406e+00 6.746359344529385656e-17 1.006089935598958180e-17
2.054890632629394531e+00 6.279947269568705599e-17 5.414375219553621782e-18
2.056618690490722656e+00 5.133055394563522346e-17 7.132768495877407004e-18
2.058348178863525391e+00 7.277503927250505490e-17 7.205510758945320258e-18
2.060078620910644531e+00 7.677218775059809820e-17 8.184778453283572707e-18
2.061809301376342773e+00 5.369030170990199869e-17 4.238724921627929926e-18
2.063540935516357422e+00 5.241059705400081127e-17 5.038437347579909211e-18
2.065272331237792969e+00 5.193400205482735842e-17 4.975431827502357646e-18
2.067005157470703125e+00 4.529963634779275228e-17 5.135767554355961213e-18
2.068739414215087891e+00 4.897283773695287846e-17 5.244724198231752295e-18
2.070474147796630859e+00 3.832823093708973971e-17 7.371830310350132426e-18
2.072209358215332031e+00 3.645137797954162118e-17 6.234800248043928880e-18
2.073945999145507812e+00 5.118608519729161207e-17 6.841590166910778073e-18
2.075682878494262695e+00 4.871440335253416113e-17 5.352569111364272107e-18
2.077397108078002930e+00 2.849103844186206148e-17 9.680471547650931394e-18
2.079162120819091797e+00 4.134533582542995582e-17 1.154917098590111472e-17
2.080898046493530273e+00 4.171726269861339876e-17 3.891809095035946608e-18
2.082637548446655273e+00 3.491311651649105859e-17 2.878387361359563412e-17
2.084377527236938477e+00 3.536698390115400445e-17 1.354700241675756375e-17
2.086119413375854492e+00 3.385217797155299550e-17 3.846836939492663600e-18
2.087861299514770508e+00 3.062328837661960261e-17 4.584940126241080830e-18
2.089604377746582031e+00 3.653721616606747397e-17 4.177135121168762868e-18
2.091348171234130859e+00 3.441329097699466651e-17 5.046825786171809465e-18
2.093091964721679688e+00 2.831875326387951687e-17 4.677228667183622128e-18
2.094837188720703125e+00 3.510047954267921978e-17 3.419707340949881805e-18
2.096582651138305664e+00 2.824432024363954523e-17 4.377626744449059440e-18
2.098328590393066406e+00 2.857379620778676679e-17 3.882475602594204520e-18
2.100075244903564453e+00 4.091426884717142161e-17 4.422228323077918692e-18
2.101822853088378906e+00 4.051204731123383659e-17 6.907841957302293995e-18
2.103571414947509766e+00 3.530401560420401777e-17 6.678933371258350711e-18
2.105320215225219727e+00 4.022977689028379121e-17 4.007662770859204835e-18
2.107070207595825195e+00 3.326835058649061836e-17 5.989117679948329024e-18
2.108820438385009766e+00 3.529669340142169837e-17 8.043185811929808195e-18
2.110571622848510742e+00 2.156823485523021459e-17 5.748208357577466415e-18
2.112323522567749023e+00 3.544441793265631848e-17 7.933787867197220073e-18
2.114075660705566406e+00 3.388547364556947997e-17 6.002542821290064663e-18
2.115828752517700195e+00 4.068204616200328462e-17 8.001103825446785465e-18
2.117582321166992188e+00 4.724754081123672567e-17 5.919590667921409389e-18
2.119336366653442383e+00 3.004898349476893592e-17 4.877183036656065508e-18
2.121091604232788086e+00 3.508140806647619717e-17 4.590390419297192730e-18
2.122847080230712891e+00 3.897226052713372621e-17 3.283285405605186269e-18
2.124603271484375000e+00 4.012235921593765504e-17 3.475518871240059688e-18
2.126359939575195312e+00 3.275173989800430024e-17 9.294974776518556036e-18
2.128117799758911133e+00 3.396233857681035752e-17 3.541600676015695963e-18
2.129875421524047852e+00 3.063204325622286386e-17 3.789780088790287133e-18
2.131634235382080078e+00 3.884521220249048158e-17 4.063351464828418594e-18
2.133393287658691406e+00 4.034115841412528149e-17 3.798561024582843798e-18
2.135153293609619141e+00 4.365974747468392471e-17 3.964055049736328045e-18
2.136914014816284180e+00 4.321652425014331121e-17 3.090248540800370721e-18
2.138674736022949219e+00 4.924698524428765311e-17 2.459099807255059969e-18
2.140436649322509766e+00 4.539083135596549848e-17 3.568328949558815670e-18
2.142198324203491211e+00 3.414777261781004505e-17 3.573841281160869047e-18
2.143960475921630859e+00 4.831578501534485709e-17 3.951120426497836352e-18
2.145714998245239258e+00 3.548226971748674502e-17 4.663008191682916753e-18
2.147479057312011719e+00 5.540842863406854183e-17 6.018825871648171013e-18
2.149252891540527344e+00 4.970590504813207286e-17 9.155151474495042450e-18
2.151017904281616211e+00 5.055782166972288627e-17 5.475603128494796891e-18
2.152783870697021484e+00 4.877566765742228857e-17 4.566968386662447474e-18
2.154549837112426758e+00 4.861800703266968150e-17 4.717934225127356620e-18
2.156316995620727539e+00 4.809845158120267460e-17 8.455282230020051264e-18
2.158083677291870117e+00 5.413057686273947320e-17 6.069975412006000032e-18
2.159851789474487305e+00 4.632686562840805438e-17 5.631256599491044044e-18
2.161619663238525391e+00 5.875066182525640079e-17 4.119978595202573762e-18
2.163388490676879883e+00 5.826167896922935380e-17 5.585873748773628457e-18
2.165158033370971680e+00 5.913154871883501812e-17 4.211967283173064587e-18
2.166927099227905273e+00 5.266110704815127059e-17 4.586182965111441754e-18
2.168697834014892578e+00 6.405367702766445867e-17 4.731020636008251794e-18
2.170468568801879883e+00 6.228699129281860258e-17 4.906176957896967957e-18
2.172240018844604492e+00 6.442578918930511349e-17 5.712680123087701323e-18
2.174010992050170898e+00 6.553770522103359456e-17 6.920877082985210882e-18
2.175783872604370117e+00 5.331551610052157248e-17 7.812192317151925004e-18
2.177556753158569336e+00 6.586396510695920995e-17 4.890869980661674180e-18
2.179330110549926758e+00 6.214459711345127419e-17 5.030506339866750782e-18
2.181103706359863281e+00 7.513226579026476850e-17 6.465447154145152352e-18
2.182878017425537109e+00 5.713694494672875101e-17 7.528459440878885876e-18
2.184653043746948242e+00 6.954124615090044766e-17 5.579088386208855971e-18
2.186428070068359375e+00 9.052058465827456015e-17 6.326793071917482470e-18
2.188203334808349609e+00 9.753411672321367332e-17 9.565390872110103972e-18
2.189979791641235352e+00 6.217563293003426379e-17 5.738401717825343995e-18
2.191743135452270508e+00 6.834160265212704268e-17 9.811121416681231903e-18
2.193532943725585938e+00 6.471022020601514737e-17 1.399615900783202012e-17
2.195310115814208984e+00 8.112064314356486256e-17 6.887360138154868477e-18
2.197088241577148438e+00 7.410001717769249463e-17 1.266844561635886753e-17
2.198866128921508789e+00 6.722336696051865648e-17 5.696058342268754508e-18
2.200645208358764648e+00 8.350925620248728825e-17 6.336598057308379784e-18
2.202423810958862305e+00 5.901090608085538414e-17 2.259520936421685036e-17
2.204203128814697266e+00 6.148983402777879960e-17 1.906362625900947784e-17
2.205983161926269531e+00 6.651481066525063339e-17 4.417717707197667032e-18
2.207763195037841797e+00 6.447497665724996672e-17 7.209903087997976835e-18
2.209543943405151367e+00 8.352505204346460086e-17 9.027275969239244795e-18
2.211325407028198242e+00 5.532102211310128850e-17 5.134432484847300626e-18
2.213106393814086914e+00 4.344279454362351661e-17 5.357377512265042857e-18
2.214888334274291992e+00 4.456772047202623170e-17 7.619674301386333343e-18
2.216670513153076172e+00 4.830727498120291155e-17 7.381548028186405395e-18
2.218452930450439453e+00 5.088524622595097632e-17 8.293464195508752672e-18
2.220235824584960938e+00 3.686945822218307286e-17 6.023928335256704364e-18
2.222018718719482422e+00 2.876724066583841784e-17 5.459627375734253991e-18
2.223802566528320312e+00 3.774187568807540051e-17 5.004686724226520576e-18
2.225586175918579102e+00 5.288753616030908618e-17 4.332006079305534857e-18
2.227370023727416992e+00 3.895554155259280441e-17 6.726336610621927068e-18
2.229155302047729492e+00 4.542704863190552024e-17 1.884018161450175358e-17
2.230939865112304688e+00 2.512668147801085924e-17 1.062905414998591673e-17
2.232724905014038086e+00 2.304405245383914913e-17 7.330982477341038814e-18
2.234510898590087891e+00 1.696066348101998920e-17 1.084365706092606168e-17
2.236296176910400391e+00 -6.057131365044582895e-18 1.355360083650389926e-17
2.238082885742187500e+00 -2.517200270377263963e-17 1.343340239451320625e-17
2.239868402481079102e+00 2.725359609781743335e-17 5.479657554267225556e-18
2.241655588150024414e+00 3.685047277276375577e-17 3.764734714203406561e-18
2.243442535400390625e+00 3.056342697005036510e-17 4.792100893210086187e-18
2.245229005813598633e+00 5.186060466471430317e-17 1.222159272329037134e-17
2.247016906738281250e+00 3.911376466016194754e-17 7.335864497316326783e-18
2.248804569244384766e+00 3.825300051473926695e-17 6.297327244137118518e-18
2.250593662261962891e+00 4.045943862427546403e-17 5.095679486739497556e-18
2.252380847930908203e+00 4.998740122802876860e-17 5.531595811339123887e-18
2.254169225692749023e+00 3.550998688545217187e-17 1.364449226939183849e-17
2.255957841873168945e+00 5.506184988357617387e-17 1.174718478965650870e-17
2.257746934890747070e+00 2.917450800351257634e-17 5.832567958758380665e-18
2.259536027908325195e+00 5.488795997520527640e-17 7.945528041631185194e-18
2.261324882507324219e+00 4.337555468599030609e-17 6.851922066351871665e-18
2.263104915618896484e+00 1.955654318602982703e-17 1.026975584321432086e-17
2.264895439147949219e+00 1.128860495704384824e-17 5.577852909245946769e-17
2.266693592071533203e+00 3.413554688835651130e-17 1.821621115431217800e-17
2.268484592437744141e+00 6.311540936756800959e-17 5.448189949404483277e-18
2.270274877548217773e+00 5.470982166720830657e-17 7.618919912667684982e-18
2.272065162658691406e+00 6.874106471354115080e-17 6.143909642336602199e-18
2.273855686187744141e+00 5.419204630841951379e-17 4.406932926371200657e-18
2.275646686553955078e+00 5.820549686202475216e-17 6.554437312395138451e-18
2.277437686920166016e+00 4.770788005701228642e-17 6.414941987484502141e-18
2.279228448867797852e+00 4.961591772365365409e-17 8.965564159639726166e-18
2.281019687652587891e+00 6.391085271437860270e-17 6.016529618267723808e-18
2.282811164855957031e+00 8.074496417912287909e-17 7.455416911248615873e-18
2.284602165222167969e+00 6.811732420956186497e-17 7.322174658178574175e-18
2.286393880844116211e+00 5.640051597354014110e-17 7.196279423309228469e-18
2.288185358047485352e+00 6.594465161263008248e-17 5.831432653367651635e-18
2.289977312088012695e+00 6.833711602448455506e-17 6.507448490518451161e-18
2.291768789291381836e+00 5.416179796777967467e-17 7.047492792168090275e-18
2.293560743331909180e+00 3.723789108445909181e-17 1.869883133706746710e-17
2.295352697372436523e+00 7.578305179155208813e-17 7.646763639266832447e-18
2.297144651412963867e+00 7.076709473147953255e-17 9.790254958548969227e-18
2.298936843872070312e+00 5.854763199826648525e-17 8.518554929435457457e-18
2.300728797912597656e+00 6.251977315208082542e-17 1.054873822122946795e-17
2.302520513534545898e+00 5.939809278197920534e-17 9.290259847027003778e-18
2.304295063018798828e+00 8.104032059736351336e-17 1.256935086790011741e-16
2.306104660034179688e+00 4.893098570668014547e-17 1.538496878652895189e-17
2.307888269424438477e+00 8.092808211440741814e-17 1.216547017308987352e-17
2.309676408767700195e+00 1.172059341450476652e-16 1.450606622463420850e-17
2.311472415924072266e+00 3.943849922503801515e-17 7.937657418102743136e-18
2.313273429870605469e+00 6.004062682947569596e-17 1.233533915650315073e-17
2.315066337585449219e+00 9.013529716383716071e-17 6.465290403419073553e-18
2.316858053207397461e+00 6.112968620651811178e-17 1.030663486364438505e-17
2.318650245666503906e+00 6.346273258061167527e-17 6.380802589243213583e-18
2.320442199707031250e+00 6.447209145127338176e-17 8.055470271206833209e-18
2.322234392166137695e+00 7.773486054748731180e-17 8.918200624945552354e-18
2.324026107788085938e+00 5.853357654529798421e-17 9.275518661330696272e-18
2.325818061828613281e+00 6.262468612353215103e-17 9.864969220197208899e-18
2.327609539031982422e+00 6.918523423270252497e-17 1.013164894096185481e-17
2.329402208328247070e+00 3.793814248637708249e-17 1.474874612710624087e-17
2.331193447113037109e+00 5.511308875944015862e-17 6.637822908404771512e-18
2.332984209060668945e+00 4.752412022957240622e-17 8.346211021629421588e-18
2.334775209426879883e+00 5.995755142619577029e-17 7.781284713563881125e-18
2.336566209793090820e+00 2.155322979891850267e-17 2.229786936686731393e-17
2.338357448577880859e+00 2.629003987203401311e-17 1.086144144409595177e-17
2.340147972106933594e+00 5.995457357599057939e-17 8.962662410050890145e-18
2.341938734054565430e+00 1.824558102914148580e-17 4.654017565605077895e-17
2.343729972839355469e+00 -5.259336343752501528e-19 4.242535577273839214e-17
2.345518350601196289e+00 -1.227212700670858342e-16 3.083109930755007465e-17
2.347290992736816406e+00 1.035390575410995292e-17 1.439023744694738812e-16
2.349099159240722656e+00 2.175964279461376009e-17 9.758139671266597928e-18
2.350888967514038086e+00 3.307499877266757325e-17 8.360866180542023579e-18
2.352678298950195312e+00 1.604679930335507955e-17 1.318743362192566305e-17
2.354467391967773438e+00 1.708164691741199503e-17 1.813535921251879486e-17
2.356256484985351562e+00 4.407303999593991945e-17 1.316639014714231402e-17
2.358044862747192383e+00 2.856634827355133933e-17 7.340464448702734170e-18
2.359833478927612305e+00 2.803697584257455310e-17 9.003444895791592068e-18
2.361621379852294922e+00 1.179981911921387040e-17 1.193008683080117141e-17
2.363409042358398438e+00 3.223255502345171710e-17 8.424239630556038731e-17
2.365196704864501953e+00 2.094404436499769991e-17 3.553354168057523189e-17
2.366983175277709961e+00 5.166544628843344224e-17 1.114257780042618695e-17
2.368770360946655273e+00 4.965249234161829876e-17 1.168394765900744229e-17
2.370557546615600586e+00 1.645603367652588914e-17 8.229314684644040270e-18
2.372343778610229492e+00 3.443634367348590684e-18 1.292767161262379811e-17
2.374128580093383789e+00 4.582763814049453814e-18 1.469328201267333526e-17
2.375913858413696289e+00 6.452569937241171838e-17 2.461189720431705821e-17
2.377698898315429688e+00 1.195729693705110326e-17 1.494113013961259894e-17
2.379482984542846680e+00 1.183730611739416106e-17 8.044393495624135615e-18
2.381267309188842773e+00 2.039589824283841017e-17 1.011649002905620802e-17
2.383050918579101562e+00 1.136680082189032360e-17 1.753025177901787853e-17
2.384834051132202148e+00 5.807034878482338828e-17 2.012714064437503105e-17
2.386616468429565430e+00 1.644379967526622986e-17 1.673782267835942865e-17
2.388399124145507812e+00 5.225551061531446921e-17 2.372620514395447957e-17
2.390180587768554688e+00 3.634393714413833353e-17 2.530062598030218522e-17
2.391962051391601562e+00 3.590322523993743102e-17 8.411432558568002714e-18
2.393742799758911133e+00 6.022574985056506356e-17 9.684554511154493139e-18
2.395522832870483398e+00 5.171552711143985275e-17 1.450021144025855817e-17
2.397302150726318359e+00 4.285535072492305763e-17 9.621672240988211975e-18
2.399081230163574219e+00 4.252532882157155107e-17 1.294550728099166649e-17
2.400860071182250977e+00 7.655702152966080464e-17 1.612475942172697730e-17
2.402637720108032227e+00 8.234816262898130457e-18 9.941416425228747164e-18
2.404415130615234375e+00 5.133837907422997510e-17 1.725786947511029205e-17
2.406191825866699219e+00 8.543616351326221558e-17 1.452967230495524681e-17
2.407967329025268555e+00 1.894503502894897537e-17 1.035104453637113200e-17
2.409743309020996094e+00 1.042548996432029194e-16 1.971205148682857113e-17
2.411517858505249023e+00 1.040957170061232147e-16 2.085841628234743559e-17
2.413291931152343750e+00 2.477168864632760189e-17 3.446833819239884539e-17
2.415065288543701172e+00 1.425998892595029834e-16 2.643242908831766618e-17
2.416837930679321289e+00 -1.560784102205278946e-17 2.963087678234788255e-17
2.418609857559204102e+00 9.289277321895413292e-17 1.240248670078000033e-16
2.420381069183349609e+00 7.016893065204038633e-17 2.487541874950297666e-17
2.422151565551757812e+00 9.446394654421695538e-17 1.511337892164819121e-17
2.423921108245849609e+00 7.421180567439536100e-17 9.563908564452408946e-18
2.425689935684204102e+00 1.287389362315152059e-16 2.172864006525527261e-17
2.427457809448242188e+00 4.137417795902845479e-17 1.134407320737981662e-17
2.429224729537963867e+00 6.187059518990430888e-17 1.621022372261595612e-17
2.430990934371948242e+00 1.337239236494537761e-16 1.851698560556503461e-17
2.432756423950195312e+00 7.401688221740846513e-17 1.186097010035807808e-17
2.434521198272705078e+00 1.351245852719673676e-16 1.886796991999985999e-17
2.436284780502319336e+00 1.105058572101518465e-16 2.570174902038629982e-17
2.438047885894775391e+00 8.434372923932058341e-17 2.102571356123628544e-17
2.439809560775756836e+00 7.133004738660352149e-17 1.335073065537220645e-17
2.441570520401000977e+00 5.085314830946146864e-17 8.890835008740460539e-18
2.443329811096191406e+00 1.138126804536775355e-16 1.848245412371339591e-17
2.445088863372802734e+00 7.590101436434705030e-17 8.130568344659297485e-18
2.446846723556518555e+00 6.692771275725750311e-17 3.250665951739463899e-17
2.448603391647338867e+00 5.500025470644302522e-17 4.479014603001929063e-17
2.450359582901000977e+00 6.615757451974613223e-17 1.981873131606831000e-17
2.452114343643188477e+00 5.557699480801704802e-17 3.613169252512457726e-17
2.453867912292480469e+00 4.331365841511418814e-17 5.097257995502432499e-17
2.455620527267456055e+00 7.913754710814043317e-17 3.821288556375289532e-17
2.457371711730957031e+00 3.132059832427935473e-17 3.574141216850980774e-17
2.459121942520141602e+00 2.246530064901539736e-17 3.472382119639197352e-17
2.460870981216430664e+00 4.663166596770220657e-18 3.033651478441481855e-17
2.462618589401245117e+00 1.911461201760602136e-17 3.744085473700000310e-17
2.464365720748901367e+00 -2.269947382606793439e-17 3.608475829716831847e-17
2.466093063354492188e+00 -4.860094064227148743e-17 1.549253965472453289e-16
2.467865228652954102e+00 8.565840709152051284e-18 6.902743464160700899e-17
2.469597816467285156e+00 -6.302960757698910913e-17 3.712308503288163199e-17
2.471339225769042969e+00 -7.496889265620187021e-18 3.631194510676723263e-17
2.473079442977905273e+00 -5.104493509756556342e-17 7.798509922639685374e-17
2.474818468093872070e+00 4.630445234253031755e-17 6.575535298380854720e-17
2.476556062698364258e+00 -9.984403512738025416e-17 3.476183179990001025e-17
2.478291988372802734e+00 3.006323085363954927e-17 4.884337735364342921e-17
2.480026721954345703e+00 5.730533244966494574e-17 2.951748024653421309e-17
2.481757402420043945e+00 -9.343832199399000615e-17 4.709008532727603175e-17
2.483489274978637695e+00 2.414282127691171238e-16 6.665384980005344671e-17
2.485222101211547852e+00 5.163369909652365704e-16 1.548416991041447633e-16
2.486951112747192383e+00 3.202925652819884434e-16 1.178681683260127187e-16
2.488678216934204102e+00 6.191928899645959047e-16 1.183922434923467154e-16
2.490403652191162109e+00 4.061061613825912549e-16 2.022793955033176292e-16
2.492128133773803711e+00 2.162279105622278200e-16 7.015989783975130727e-17
2.493850469589233398e+00 2.665419190920394763e-16 1.059316079797377073e-16
2.495571374893188477e+00 3.252716367041860344e-16 8.233627438921769246e-17
2.497290849685668945e+00 6.984025936919305635e-16 1.272466097622409380e-16
2.499005317687988281e+00 2.760710662184299568e-16 1.293976499317932337e-16
2.500724315643310547e+00 7.612663085427109379e-16 1.470900506175674321e-16
2.502437591552734375e+00 1.105147073809616739e-15 2.714849651441991578e-16
2.504149913787841797e+00 9.567330312861520303e-16 2.872632037180766458e-16
2.505860090255737305e+00 1.172691916243398004e-15 2.498072215020342730e-16
2.507568836212158203e+00 6.474738377657592980e-16 1.448458368238171633e-16
2.509275436401367188e+00 1.901302245933258681e-15 6.255905827547668385e-16
2.510981082916259766e+00 8.759446699033721691e-16 3.015480173268263956e-16
2.512683391571044922e+00 -2.453205409199874475e-16 2.422374468711002010e-16
2.514384746551513672e+00 1.793571513503773238e-15 3.570018614852465489e-16
2.516083240509033203e+00 1.266177883840671065e-15 5.763840565686003791e-16
2.517780065536499023e+00 1.660497661171557535e-15 4.017779289012401870e-16
2.519475460052490234e+00 1.122700666971159639e-15 3.553290084721107481e-15
2.521168231964111328e+00 3.162677294144320252e-16 4.414386055300874951e-16
2.522858619689941406e+00 1.647040954617646873e-15 3.448890521114936387e-16
2.524547338485717773e+00 2.367393983621199002e-15 4.083944208895987473e-16
2.526234149932861328e+00 2.611209664631270778e-15 5.213058450525079063e-16
2.527918338775634766e+00 2.905356678641903521e-15 9.048839211232297640e-16
2.529600620269775391e+00 8.858589893806587817e-15 2.591223075207858308e-15
2.531281232833862305e+00 3.714881101167652119e-15 1.173578018585344409e-15
2.532958030700683594e+00 3.941637750378259100e-15 1.323497979809908857e-15
2.534633874893188477e+00 8.110659801381040618e-15 4.336309364019611326e-15
2.536306142807006836e+00 7.275639475384700766e-15 3.062610251123795702e-15
2.537976503372192383e+00 1.598758064920902024e-15 3.824468106301045361e-15
2.539645195007324219e+00 -9.809812552254376997e-16 9.677431890510370532e-15
2.541309356689453125e+00 -7.514144471573724893e-15 1.677609060782986328e-14
2.542973995208740234e+00 -1.830033825487523830e-14 1.593917970429525183e-14
2.544634103775024414e+00 -3.158964992258476989e-14 4.502990455556091232e-14
2.546292304992675781e+00 -8.667078285531232273e-14 2.193782536272920192e-13
2.547948122024536133e+00 -1.759384738592162378e-13 6.482416600034346388e-13
2.549584627151489258e+00 -2.047206805119716755e-14 1.045208434776248585e-13
2.551251173019409180e+00 -1.219549499364633305e-13 3.805747221270056047e-13
2.552895545959472656e+00 -5.773438232483871224e-14 1.267351024472618271e-13
2.554543256759643555e+00 -6.068375104717818602e-14 9.421081943001771708e-14
2.556185245513916016e+00 -4.552009607466413199e-14 9.274409040228859258e-14
2.557824134826660156e+00 -2.603102161721684155e-14 3.193553413253016893e-14
2.559459924697875977e+00 -2.360404352443751241e-14 3.351648724726243034e-14
2.561098575592041016e+00 -2.556600222324012517e-14 4.710482018007756955e-14
2.562724113464355469e+00 -1.709807832426732399e-14 3.967963110862449128e-14
2.564352035522460938e+00 -2.405066197466807637e-15 6.971167553263511729e-15
2.565976619720458984e+00 5.321104596848298326e-15 8.414673478677765078e-15
2.567597866058349609e+00 4.953681609603643315e-15 1.398834847732071882e-14
2.569216489791870117e+00 8.262370178497863843e-15 3.290480071033684284e-14
2.570831298828125000e+00 2.685181051914988827e-15 3.404902829614599689e-15
2.572443962097167969e+00 6.296124645949197074e-15 4.054545971697836454e-15
2.574052572250366211e+00 5.035709550765170642e-15 2.494477089554840259e-15
2.575657606124877930e+00 6.410414801522219819e-15 3.955167831161225667e-15
2.577260255813598633e+00 1.701266521593209485e-14 8.211848898358881099e-15
2.578859567642211914e+00 1.507231432761393930e-14 8.335468274812962708e-15
2.580457687377929688e+00 -5.726778321441536659e-15 7.598805414651792212e-15
2.582047939300537109e+00 -6.895319882122506999e-16 1.032371908805658576e-15
2.583634614944458008e+00 -1.290151245588572713e-15 1.006940273959940242e-15
