8.005103468894958496e-01 0.000000000000000000e+00 nan
8.008856773376464844e-01 4.636616001622677341e-16 3.414229403517698384e-16
8.012577891349792480e-01 -2.842865711227474243e-16 4.046441983974980935e-15
8.016268014907836914e-01 3.187331405684018341e-15 4.148579757853746233e-15
8.019912838935852051e-01 1.161179679699027995e-15 3.248062715090086015e-16
8.023557662963867188e-01 1.861341772580642553e-15 1.988635101503880486e-16
8.027167320251464844e-01 1.303569412143383306e-15 3.744739806651754257e-16
8.030740618705749512e-01 1.456035448528275773e-15 2.024141928559392706e-16
8.034283518791198730e-01 1.723757575683416109e-15 1.995505465148398922e-16
8.037803769111633301e-01 1.241304231948956501e-15 2.796524538683191471e-16
8.041292428970336914e-01 1.509238117340910412e-15 1.609409451293065648e-16
8.044757843017578125e-01 1.472593142702084430e-15 5.206270010848427880e-16
8.048188686370849609e-01 1.641173769150253148e-15 1.787371602906786183e-16
8.051603436470031738e-01 1.209934472626511895e-15 1.562226804455244932e-16
8.054984211921691895e-01 1.368967131934993326e-15 1.202767329813099234e-16
8.058346509933471680e-01 1.659534584710529396e-15 1.749008818981148878e-16
8.061674237251281738e-01 1.239618954021275664e-15 2.700482119771986525e-16
8.064990043640136719e-01 1.658855158407713040e-15 1.284103668573193424e-16
8.068268895149230957e-01 1.410044629986801062e-15 1.656789695035613031e-16
8.071532845497131348e-01 1.319230627821641692e-15 1.185176705429893560e-16
8.074801564216613770e-01 1.472655717261062841e-15 1.518403040299981543e-16
8.077982664108276367e-01 1.470049820398834986e-15 1.575569558607970290e-16
8.081173300743103027e-01 1.461861341139490851e-15 2.153820025806065918e-16
8.084334731101989746e-01 1.035679890102041839e-15 9.946789294179524100e-17
8.087463974952697754e-01 1.580832624295514487e-15 1.821778742968745905e-16
8.090578913688659668e-01 1.272841915553194272e-15 1.043164273223980837e-15
8.093684315681457520e-01 1.277494244015988517e-15 2.065197350815012626e-16
8.096793889999389648e-01 1.223226643030418410e-15 1.296648888266519655e-16
8.099859952926635742e-01 1.096844774497985307e-15 1.354542266722370998e-16
8.102893829345703125e-01 1.302180383989004660e-15 1.633934363838527855e-16
8.105911016464233398e-01 1.393469995154047320e-15 1.088564855385007110e-16
8.108917474746704102e-01 1.422335501567934587e-15 2.660324817138252180e-16
8.111895322799682617e-01 1.561859721551728600e-15 2.555597663539730486e-16
8.114857077598571777e-01 1.013791288195569837e-15 9.200723335982426403e-17
8.117799758911132812e-01 1.548256372418824536e-15 1.652911739975066428e-16
8.120723962783813477e-01 1.221819297788555390e-15 2.849197811903792172e-17
8.123629689216613770e-01 1.675996987677771943e-15 1.954522437739989642e-16
8.126516938209533691e-01 1.177108769546855553e-15 3.602844317932121830e-16
8.129387497901916504e-01 1.355495390546268900e-15 1.827576948190497608e-16
8.132238984107971191e-01 1.172798007120041605e-15 1.484180526950743657e-16
8.135079741477966309e-01 1.153991546350391188e-15 4.046216567331892885e-16
8.137893080711364746e-01 1.055665420734270242e-15 2.690431279759426201e-16
8.140700459480285645e-01 1.352495941000923015e-15 6.929225022814320539e-16
8.143484592437744141e-01 1.149656643484580493e-15 1.878974113336500502e-16
8.146220445632934570e-01 1.266049134832688411e-15 1.741661999303799899e-16
8.149011731147766113e-01 1.156289864373647325e-15 1.654156613709734233e-16
8.151752948760986328e-01 1.013807487700686075e-15 1.739378716115357526e-16
8.154470920562744141e-01 1.065144778205229931e-15 4.518933346747003115e-17
8.157184123992919922e-01 1.233374521254998555e-15 1.277311523127398003e-16
8.159881234169006348e-01 1.295805508148850389e-15 1.681127598588189249e-16
8.162558674812316895e-01 1.511505624540710174e-15 7.294907807338621192e-17
8.165230154991149902e-01 1.313704902511109857e-15 1.652228290265750615e-16
8.167879581451416016e-01 1.100107863048164093e-15 1.468182192159478059e-16
8.170517086982727051e-01 1.014751082403927366e-15 1.329493120191897184e-16
8.173151016235351562e-01 1.246371077160313319e-15 8.913955699478052727e-17
8.175762295722961426e-01 9.234953525567748782e-16 1.354539619744410828e-16
8.178389072418212891e-01 1.078381256192854475e-15 8.786891625315945090e-16
8.180950284004211426e-01 1.311408384432866635e-15 1.683936703948419331e-16
8.183526396751403809e-01 7.763788056898261476e-16 1.720157685657585332e-16
8.186085820198059082e-01 1.059921231898631067e-15 1.169045095298333419e-16
8.188638687133789062e-01 1.310432602477629681e-15 1.189920089934517642e-16
8.191180825233459473e-01 1.310784968183687470e-15 1.125025057727323447e-16
8.193712830543518066e-01 9.735474823220971463e-16 1.117739780287548414e-16
8.196226358413696289e-01 9.200447520878976722e-16 1.586306098261112572e-16
8.198737502098083496e-01 1.041980438801074545e-15 1.031061244433790754e-16
8.201232552528381348e-01 1.250000930976653216e-15 1.478543125640072262e-16
8.203718066215515137e-01 1.138080985348284817e-15 2.053414460774215266e-16
8.206191062927246094e-01 1.180182652112441409e-15 1.516746561492507352e-16
8.208662271499633789e-01 1.126171278593415728e-15 1.130649091799295985e-16
8.211115598678588867e-01 9.641836389693192629e-16 1.456174441340964284e-16
8.213560581207275391e-01 1.146507692624044224e-15 4.728739106442708033e-17
8.215999603271484375e-01 1.274577697820355147e-15 1.575705348577326995e-16
8.218422532081604004e-01 1.287460751310737835e-15 1.245263502172439516e-16
8.220847249031066895e-01 1.111882468047946122e-15 1.673626989491354411e-16
8.223251104354858398e-01 1.245703297560521710e-15 2.451038857739475585e-16
8.225657343864440918e-01 1.179931189206225289e-15 1.054456890006995567e-16
8.228045701980590820e-01 1.144156435041584693e-15 1.417004064439679207e-16
8.230432271957397461e-01 1.153676767731367809e-15 1.863855634019195308e-16
8.232807517051696777e-01 1.135398326125212042e-15 1.531025551749744728e-16
8.235176801681518555e-01 1.390409241599143905e-15 1.055568223703572811e-16
8.237535357475280762e-01 1.083944462711302313e-15 1.497451018605156382e-16
8.239889740943908691e-01 1.199222152821705165e-15 3.122388966101557507e-16
8.242235183715820312e-01 1.225740001543158732e-15 6.557179167971567972e-17
8.244573473930358887e-01 9.811400739030478810e-16 8.544113321438243417e-17
8.246906995773315430e-01 5.534617568291229101e-16 3.812260773344334792e-16
8.249228596687316895e-01 8.635388135996488728e-16 3.644762655002757069e-16
8.251548409461975098e-01 1.143162865394455399e-15 1.098649775238804620e-16
8.253859281539916992e-01 1.079306745566848205e-15 1.875108069676774663e-16
8.256165385246276855e-01 1.466168927192752595e-15 1.837279578252397610e-16
8.258461952209472656e-01 8.527801187409799703e-16 1.983559388916357100e-16
8.260757327079772949e-01 6.506228945054139731e-16 1.522498841646650111e-16
8.263041377067565918e-01 6.188985989549842387e-16 3.871254235840432658e-16
8.265326023101806641e-01 1.159647608855681779e-15 2.045690182039746089e-16
8.267600536346435547e-01 1.220910431436151525e-15 1.284535787725191126e-16
8.269871473312377930e-01 9.978035413161449180e-16 1.843062828048674354e-16
8.272131681442260742e-01 1.013465498148232152e-15 1.918434069626628142e-16
8.274396657943725586e-01 9.917612317869063665e-16 1.397747564477240740e-16
8.276651501655578613e-01 1.085660869099794746e-15 1.764632076995458431e-16
8.278899788856506348e-01 1.279117370901164570e-15 1.434647231335394249e-16
8.281148076057434082e-01 1.371400445834218117e-15 1.981518436560168262e-16
8.283385634422302246e-01 9.812095306047227336e-16 1.429710485090779771e-16
8.285625576972961426e-01 1.088492182605110652e-15 6.117007247274540080e-17
8.287855982780456543e-01 9.730438153558360580e-16 1.083839536504961187e-16
8.290084600448608398e-01 1.123280143386199987e-15 7.906394126851301455e-17
8.292305469512939453e-01 9.373306828381082131e-16 4.387957303857560696e-16
8.294528722763061523e-01 8.535122728447629061e-16 1.378411125780405148e-16
8.296744227409362793e-01 1.477895568951896350e-15 3.675004378197695761e-16
8.298962712287902832e-01 9.875846182031138183e-16 1.521534944622454318e-16
8.301163911819458008e-01 8.650611965036608675e-16 1.142205532875600828e-16
8.303374648094177246e-01 6.754510183762136178e-16 1.254103349768222208e-16
8.305575847625732422e-01 9.188432358522174472e-16 1.261240528791125748e-16
8.307776451110839844e-01 9.276228382296266770e-16 2.225365987184880481e-16
8.309972286224365234e-01 9.091375088261040467e-16 1.071189562658861241e-16
8.312166333198547363e-01 8.840243583685533299e-16 1.153616654861892355e-16
8.314356207847595215e-01 9.943893632639996469e-16 1.082168234620910045e-16
8.316546082496643066e-01 9.611036154148658132e-16 7.431312537326575625e-17
8.318731188774108887e-01 7.775577167337265234e-16 1.187441856819308771e-16
8.320913314819335938e-01 1.051132841554394074e-15 2.469696611287323668e-16
8.323094248771667480e-01 7.505730469792174300e-16 1.581466893154330347e-16
8.325274586677551270e-01 7.820654672603362997e-16 7.175722330726060625e-17
8.327450752258300781e-01 9.182307251522341812e-16 2.377505810005961636e-16
8.329644203186035156e-01 7.604286988369948416e-16 6.389065759603148806e-16
8.331798315048217773e-01 3.814853488256321002e-16 2.480523809935601762e-16
8.333967328071594238e-01 7.628990174881028052e-16 2.347267263184575148e-16
8.336134552955627441e-01 7.147125836682265403e-16 1.338290351442521144e-16
8.338304162025451660e-01 8.504680364323309507e-16 1.332090599664211700e-16
8.340464830398559570e-01 7.682880528567714775e-16 1.633562198737327996e-16
8.342635035514831543e-01 7.183236439410492329e-16 1.961422579886559986e-16
8.344793319702148438e-01 8.034105916520262614e-16 1.268855884382533942e-16
8.346957564353942871e-01 8.262085893064941618e-16 1.138992895725342877e-16
8.349118828773498535e-01 6.336018733094572145e-16 1.600022738050711898e-16
8.351274132728576660e-01 5.737147381144468584e-16 7.874993027309808440e-17
8.353435397148132324e-01 6.675910290817265412e-16 1.767397242521549696e-16
8.355592489242553711e-01 7.779953680696609798e-16 7.370236829618110274e-17
8.357748389244079590e-01 6.561994417927810661e-16 1.589529455672109210e-16
8.359905481338500977e-01 8.031812045419979562e-16 1.309893704234718734e-16
8.362058401107788086e-01 7.968759971617553513e-16 1.452701738606119661e-16
8.364213705062866211e-01 6.685695109544828683e-16 2.015820094550415222e-16
8.366368412971496582e-01 4.292310343453605102e-16 3.511779805772812001e-16
8.368522524833679199e-01 5.785964536872694082e-16 1.655264903381657281e-16
8.370671272277832031e-01 7.178051009586519909e-16 1.407684452088615759e-16
8.372828960418701172e-01 6.623734649453176613e-16 6.636783721401221144e-17
8.374980688095092773e-01 6.348200655062865086e-16 3.851390651482829272e-17
8.377131223678588867e-01 6.868348764895153974e-16 1.232715503152255108e-16
8.379285335540771484e-01 6.601820848316523795e-16 1.126656390244176026e-16
8.381437063217163086e-01 6.582475145196827609e-16 7.757252138919010481e-17
8.383590579032897949e-01 5.895351430472298496e-16 1.282718107959942601e-16
8.385741114616394043e-01 6.954529602717950728e-16 1.072986463647122434e-16
8.387896418571472168e-01 5.485355190870103061e-16 1.350822997990536569e-16
8.390049338340759277e-01 7.201324298603515878e-16 1.616397208410117609e-16
8.392201066017150879e-01 5.619914844870921213e-16 1.978106217271713516e-16
8.394356369972229004e-01 5.960354856426961639e-16 8.801985884784914731e-17
8.396509885787963867e-01 5.949947997878758492e-16 9.034970237861090548e-17
8.398666381835937500e-01 5.357880438077475098e-16 1.549603763609889713e-16
8.400799632072448730e-01 6.442817941040314671e-16 1.091142548697069357e-16
8.402951359748840332e-01 6.996677962173324713e-16 1.360516284220237172e-15
8.405120968818664551e-01 4.946808996027858736e-16 2.619584120562096436e-16
8.407289385795593262e-01 4.238350109548769899e-16 1.265065279594672939e-16
8.409450054168701172e-01 5.902820672880305323e-16 1.838764665236950814e-16
8.411610126495361328e-01 6.871992065359531533e-16 9.775802458886442728e-17
8.413769602775573730e-01 4.816037167488043409e-16 8.605125501675664696e-17
8.415930867195129395e-01 4.956517052394577086e-16 8.765501925815405871e-17
8.418094515800476074e-01 3.883009200263750228e-16 2.516081458967949240e-16
8.420252799987792969e-01 6.866875986358115559e-16 1.187855447125585285e-16
8.422424197196960449e-01 6.042416996543734358e-16 7.281328148658460647e-17
8.424592614173889160e-01 3.960780324409291864e-16 1.446656173293990101e-16
8.426770567893981934e-01 6.654979577295019617e-16 1.226333903988082005e-16
8.428924679756164551e-01 3.705097870626864950e-16 7.588654201234982253e-17
8.431091308593750000e-01 6.429644461128142165e-16 1.446405504481162031e-16
8.433262705802917480e-01 6.405684546028278178e-16 1.375218076267052452e-16
8.435437679290771484e-01 5.502321790199198731e-16 1.786828575378257371e-16
8.437607288360595703e-01 7.159576691611311584e-16 1.973332657218343500e-16
8.439784646034240723e-01 5.062892743866692462e-16 8.636993131082637619e-17
8.441962599754333496e-01 4.168713678070421749e-16 1.144088328298669527e-16
8.444139957427978516e-01 6.833671765430154952e-16 1.822466030796103965e-16
8.446319699287414551e-01 7.677379049575298094e-16 8.300515910230767233e-17
8.448503613471984863e-01 7.175905369252006359e-16 2.377156938310811271e-16
8.450680971145629883e-01 7.888062613337044286e-16 9.887406328876587264e-17
8.452870845794677734e-01 5.369502259509396132e-16 8.416604422629929264e-17
8.455058932304382324e-01 5.512051551785190472e-16 2.357818646729403561e-16
8.457248210906982422e-01 4.534581883400832288e-16 8.031704048719204639e-17
8.459438085556030273e-01 4.995085109461025550e-16 1.433227921753151262e-16
8.461614847183227539e-01 6.244832459949094510e-16 3.077787122774902238e-16
8.463808894157409668e-01 4.283024480071533817e-16 1.186761451134647153e-16
8.466024398803710938e-01 7.409884456645613945e-16 1.456406846005867182e-16
8.468221426010131836e-01 5.980776291389670787e-16 1.550585660084214659e-16
8.470401167869567871e-01 5.602919128784263677e-16 8.576730707352434404e-17
8.472605347633361816e-01 5.699132542471695585e-16 2.135350472391185899e-16
8.474831581115722656e-01 6.660495879364013248e-16 1.067156494689848695e-16
8.477035164833068848e-01 6.063628289729758140e-16 6.634266445361099770e-17
8.479248881340026855e-01 5.958365917187690135e-16 9.101582099973250803e-17
8.481460809707641602e-01 5.599112245081947631e-16 7.603628155555662181e-17
8.483669161796569824e-01 5.737424255039102333e-16 1.041491727260288416e-16
8.485890626907348633e-01 4.988269670609180636e-16 6.775414559853678285e-17
8.488107323646545410e-01 5.242330850391003615e-16 1.344120452748692892e-16
8.490327596664428711e-01 4.915859470926370670e-16 1.531858555713810129e-16
8.492552042007446289e-01 5.199424925843429066e-16 7.623756437709282535e-17
8.494776487350463867e-01 6.497770791680213508e-16 6.919109728888430083e-17
8.497005105018615723e-01 3.353071242445773746e-16 1.438492628567030764e-16
8.499234914779663086e-01 4.798354295922925821e-16 7.463059729236360827e-17
8.501468300819396973e-01 7.153741693395913523e-16 9.751807603677504501e-17
8.503701090812683105e-01 6.145788368031057138e-16 1.211783863187723253e-15
8.505940437316894531e-01 7.174813755541232380e-16 1.173949866049189047e-15
8.508176207542419434e-01 6.027218578492032040e-16 9.504428984453925917e-17
8.510407805442810059e-01 6.161303364646795750e-16 1.215028661120197266e-16
8.512664437294006348e-01 5.702938367382827563e-16 1.137592644384413112e-16
8.514915704727172852e-01 7.590852516430903179e-16 5.430764314466257430e-17
8.517166376113891602e-01 5.975249401408836477e-16 1.116708914720960328e-16
8.519420027732849121e-01 6.598814410749363063e-16 1.038458290517933953e-16
8.521677255630493164e-01 5.475858892740198287e-16 8.531099454297069143e-17
8.523933887481689453e-01 5.739892297289164551e-16 2.716214433278255069e-15
8.526195883750915527e-01 3.671137672793479880e-16 2.285650116134357087e-16
8.528459668159484863e-01 5.533344371892387481e-16 1.428550314650837397e-16
8.530725836753845215e-01 7.600714626914903405e-16 6.562813260559789154e-17
8.532996177673339844e-01 6.941634584887188073e-16 9.951209085628517437e-17
8.535268306732177734e-01 6.864225302628801633e-16 1.725541638828570479e-16
8.537542819976806641e-01 8.344082917523894163e-16 9.052642124467673431e-17
8.539820909500122070e-01 6.990351684848519157e-16 8.368575669287140308e-17
8.542101383209228516e-01 7.576358723912198032e-16 6.318789685900725651e-17
8.544385433197021484e-01 6.238102783183159094e-16 5.905196732646251644e-17
8.546670079231262207e-01 7.270464951109924245e-16 5.489022314136122148e-17
8.548959493637084961e-01 7.021251446764356034e-16 9.885188823090455107e-17
8.551251888275146484e-01 6.507671548042432211e-16 8.870463204614504574e-17
8.553544878959655762e-01 6.701345631432127983e-16 5.922306798180788511e-17
8.555843830108642578e-01 6.891542644573344853e-16 2.707561197628664340e-16
8.558142781257629395e-01 8.560781474002329954e-16 7.659889010354578869e-17
8.560448884963989258e-01 8.895787769201734044e-16 2.005175537381388836e-16
8.562752008438110352e-01 8.951189017908085625e-16 9.713463480946486392e-17
8.565063476562500000e-01 8.548507437201023108e-16 9.438293578374596206e-17
8.567376136779785156e-01 7.085934058990246611e-16 8.493880297199123152e-17
8.569690585136413574e-01 7.902513524812794683e-16 1.985702646970706497e-16
8.572009801864624023e-01 5.955384361213354998e-16 1.738523742234222716e-16
8.574330806732177734e-01 6.681949106335596539e-16 1.231206858063856394e-16
8.576656579971313477e-01 9.093927833805828115e-16 1.051451974452161933e-16
8.578982949256896973e-01 8.608845299803091159e-16 1.274330761246450917e-16
8.581314086914062500e-01 9.182736061951889302e-16 7.962944825736856724e-17
8.583647608757019043e-01 8.999046379427953594e-16 2.599313662604790467e-17
8.585984110832214355e-01 7.813906996387298427e-16 2.950458483165675641e-16
8.588324189186096191e-01 9.474669143596636117e-16 1.256513555549854718e-16
8.590664863586425781e-01 7.887576628183557131e-16 1.934649059563933629e-16
8.593011498451232910e-01 1.011609119565205946e-15 1.284792676936225594e-16
8.595359921455383301e-01 9.266417623184693836e-16 1.080178170416005469e-16
8.597711920738220215e-01 9.074771124912488045e-16 1.173623176029344904e-16
8.600067496299743652e-01 8.162019538258686712e-16 9.067978053024406565e-17
8.602424860000610352e-01 1.117420263577976330e-15 1.761118478451129186e-16
8.604785799980163574e-01 9.103361663255872885e-16 9.961196133472237672e-17
8.607151508331298828e-01 9.240717584773814296e-16 1.387791750973450507e-16
8.609516024589538574e-01 9.433961798942778511e-16 2.358309131745423004e-16
8.611888289451599121e-01 1.069809706283114583e-15 8.449933183870915855e-17
8.614261150360107422e-01 9.261734589777561623e-16 3.559054435094748613e-17
8.616638183593750000e-01 1.013969059235374833e-15 1.200407416612709948e-16
8.619022369384765625e-01 1.015622891064888855e-15 1.689579663912807081e-16
8.621410131454467773e-01 1.015046908660755930e-15 5.479929944842939268e-17
8.623791337013244629e-01 1.080682327073189189e-15 1.467004286967202547e-16
8.626176714897155762e-01 1.079509398199478797e-15 9.497765217439198726e-17
8.628569245338439941e-01 1.015193021844157297e-15 8.335436166970305850e-17
8.630964756011962891e-01 1.018480780228924864e-15 5.501799607622106256e-17
8.633363842964172363e-01 1.148764400153766494e-15 1.568486510284352220e-16
8.635765314102172852e-01 1.080209682688621289e-15 8.389736934589716883e-17
8.638170957565307617e-01 1.035215398409591262e-15 9.470682662439722558e-17
8.640579581260681152e-01 1.192766279455969702e-15 9.130214460568406324e-17
8.642991185188293457e-01 1.327893445531448235e-15 9.253129529126845982e-17
8.645405769348144531e-01 1.050160235972709324e-15 8.283970974490726595e-17
8.647824525833129883e-01 1.329349071651304750e-15 1.656753563786456714e-16
8.650245070457458496e-01 1.333025300521506820e-15 1.031448960530506609e-16
8.652669787406921387e-01 1.339846668603982514e-15 1.305110218013998081e-16
8.655098080635070801e-01 1.110503710168052934e-15 1.507459374621455983e-16
8.657526969909667969e-01 9.972572050651658943e-16 8.271419666748091974e-17
8.659961819648742676e-01 1.236404781623800814e-15 1.479498419985897503e-16
8.662399649620056152e-01 1.269840877821072286e-15 9.642670055401748072e-17
8.664839267730712891e-01 1.324541418521807748e-15 9.982801429327632712e-17
8.667282462120056152e-01 1.178904267636797856e-15 4.006371872795254580e-17
8.669729828834533691e-01 1.364849598899271765e-15 6.133523728001508894e-17
8.672180175781250000e-01 1.245114292024824751e-15 1.113015189326441536e-16
8.674633502960205078e-01 1.260698639463119809e-15 1.925727552698079702e-16
8.677089214324951172e-01 1.655884825619929022e-15 1.352030019940373947e-16
8.679549098014831543e-01 1.466495987789511162e-15 1.961348067456981210e-16
8.682012557983398438e-01 1.352890658354343519e-15 1.051662541548893431e-16
8.684478402137756348e-01 1.389383908216492575e-15 1.241234007623673199e-16
8.686948418617248535e-01 1.413179922441062854e-15 7.998487122297035217e-17
8.689419627189636230e-01 1.453872126380988290e-15 1.068703057737526840e-16
8.691896796226501465e-01 1.222193156955649757e-15 2.513397952711929209e-16
8.694375753402709961e-01 1.425483817153760414e-15 8.730469172512560043e-17
8.696857690811157227e-01 1.369454811154374990e-15 8.059263059751511351e-17
8.699343204498291016e-01 1.385811017365855529e-15 2.099588873707007347e-16
8.701832294464111328e-01 1.264543533768943892e-15 1.239979207721654758e-16
8.704323172569274902e-01 1.354571277600814458e-15 1.072106078777569995e-16
8.706821203231811523e-01 1.541815004492310803e-15 1.150415135019067117e-16
8.709326982498168945e-01 1.364025647599830145e-15 1.108451865497557998e-16
8.711819052696228027e-01 1.635777110485059187e-15 2.037012594192921799e-16
8.714325428009033203e-01 1.651579463028153821e-15 1.865122874717626547e-16
8.716832995414733887e-01 1.468125043905317995e-15 5.325357019880870135e-17
8.719344139099121094e-01 1.505476973417746098e-15 9.358208598445172236e-17
8.721858859062194824e-01 1.433897713056192600e-15 1.520099356125756288e-16
8.724376559257507324e-01 1.565682593000924071e-15 1.954324576137466958e-16
8.726897835731506348e-01 1.531293055342399477e-15 1.145940021730706233e-16
8.729420900344848633e-01 1.593599846030360149e-15 1.936280259731888199e-16
8.731949925422668457e-01 1.351650707998681630e-15 1.090638365570106036e-16
8.734480738639831543e-01 1.418926405713472842e-15 8.279819189560200438e-17
8.737014532089233398e-01 1.418257461443378758e-15 6.720384549806240502e-17
8.739537596702575684e-01 1.444839472910586838e-15 2.221551427246479943e-16
8.742091655731201172e-01 1.652513634489856907e-15 1.397570878698399413e-16
8.744636178016662598e-01 1.525618463991387699e-15 1.059653966533992734e-16
8.747181892395019531e-01 1.594383563264807190e-15 1.264025017256326252e-16
8.749733567237854004e-01 1.324124043037048191e-15 1.648049506160030727e-16
8.752291202545166016e-01 1.658433441879098805e-15 2.542454359176303915e-16
8.754842877388000488e-01 1.579606014708771853e-15 5.941414008586273407e-17
8.757402896881103516e-01 1.563443037888383701e-15 7.329770492307526118e-17
8.759965300559997559e-01 1.658727256432677641e-15 8.955472887038824249e-17
8.762532472610473633e-01 1.492751997451144744e-15 6.838646892855191890e-17
8.765101432800292969e-01 1.598082767903703533e-15 1.118128886047693358e-16
8.767675757408142090e-01 1.675704655431850803e-15 1.357734389793437634e-16
8.770250082015991211e-01 1.631525216848079413e-15 6.013524967410686191e-17
8.772829771041870117e-01 1.615885812268212825e-15 1.144871436728185730e-16
8.775411844253540039e-01 1.426805929705305970e-15 9.437200376477046125e-17
8.777996897697448730e-01 1.477502333906133541e-15 8.451143514543203446e-17
8.780586719512939453e-01 1.465673518797727237e-15 1.089177167561643364e-16
8.783178329467773438e-01 1.591423077235035004e-15 2.265806251762556966e-16
8.785774111747741699e-01 1.707701113256145185e-15 1.939279550458556474e-16
8.788371682167053223e-01 1.514192624807637628e-15 1.056273047759916995e-16
8.790974617004394531e-01 1.731405542043293593e-15 1.453578020659833836e-16
8.793578147888183594e-01 1.632940397144704535e-15 7.926360943349351458e-17
8.796185851097106934e-01 1.539242565431499492e-15 1.618063745733840444e-16
8.798797726631164551e-01 1.450534393052332720e-15 1.481257336840430261e-16
8.801412582397460938e-01 1.382746981558281504e-15 1.032374741072075957e-16
8.804024457931518555e-01 1.417626633655911118e-15 1.168521126011117829e-16
8.806646466255187988e-01 1.566475733476909316e-15 9.077969071335067054e-17
8.809275031089782715e-01 1.466506893338707061e-15 8.417640714501335697e-17
8.811901807785034180e-01 1.488081669538221345e-15 1.514528658659681170e-16
8.814535737037658691e-01 1.515924701305654265e-15 1.244551465101153870e-16
8.817166090011596680e-01 1.471716781239031449e-15 6.576572913741241238e-17
8.819802999496459961e-01 1.494598741034395932e-15 6.494699238455232601e-17
8.822465538978576660e-01 1.352496470396515049e-15 9.571414070458470098e-17
8.825116753578186035e-01 1.297571995360349232e-15 2.816049971606383179e-16
8.827733397483825684e-01 1.514635093643459593e-15 1.406282083165317858e-16
8.830383419990539551e-01 1.582442622170008098e-15 7.602480690609928621e-17
8.833036422729492188e-01 1.562434856922914270e-15 6.377324294767428101e-17
8.835692405700683594e-01 1.446936091213278045e-15 7.210318332665478455e-17
8.838351964950561523e-01 1.489798287684950592e-15 7.120738642792925812e-17
8.841014504432678223e-01 1.547208804421307780e-15 4.985583318851853423e-17
8.843680024147033691e-01 1.368477864528835561e-15 1.754899536082608512e-16
8.846348524093627930e-01 1.476631584036356120e-15 6.683794049973834812e-17
8.849021196365356445e-01 1.622046388772711758e-15 9.647974599233928128e-17
8.851697444915771484e-01 1.521465567330118271e-15 1.071559676352141968e-16
8.854374885559082031e-01 1.625211856775719485e-15 1.567549612435350159e-16
8.857055902481079102e-01 1.461156927364730494e-15 1.068612200219044015e-16
8.859742283821105957e-01 1.400949825473894825e-15 1.407403210680347730e-16
8.862431049346923828e-01 1.559371774027405906e-15 8.109919600464258766e-17
8.865119218826293945e-01 1.457450734704019302e-15 1.071075808781022948e-16
8.867827653884887695e-01 1.559893758081151369e-15 1.224313465711084482e-16
8.870512843132019043e-01 1.348014183797882105e-15 8.623843606321004648e-17
8.873214125633239746e-01 1.458499679130075347e-15 7.797140773289787602e-17
8.875917792320251465e-01 1.440621778228852456e-15 5.669941934224740276e-17
8.878625035285949707e-01 1.482846053012124108e-15 6.120380820684776348e-17
8.881335854530334473e-01 1.416448834342754013e-15 7.164207314854832438e-17
8.884049057960510254e-01 1.436482751732094318e-15 1.221217427939972006e-16
8.886766433715820312e-01 1.573166976122863069e-15 9.888228877277709995e-17
8.889486193656921387e-01 1.534196684285587219e-15 7.509998589404049915e-17
8.892209529876708984e-01 1.467848699406276280e-15 6.550860831580642926e-17
8.894937038421630859e-01 1.628906402733405930e-15 8.252714796992552870e-17
8.897665143013000488e-01 1.325270502131156887e-15 1.020841659576269612e-16
8.900398015975952148e-01 1.502029443443302689e-15 7.899212213900871048e-17
8.903135061264038086e-01 1.311611989977562887e-15 9.077083657207390293e-17
8.905873894691467285e-01 1.504233317292939971e-15 1.505055389238029871e-16
8.908615112304687500e-01 1.672467930782155308e-15 1.103038266173418951e-16
8.911311030387878418e-01 1.536269268028400085e-15 1.498073852519184309e-16
8.914089202880859375e-01 1.358538674046635194e-15 1.980582994549044294e-16
8.916861414909362793e-01 1.429635760902964181e-15 9.508117548241422378e-17
8.919617533683776855e-01 1.542574263650405876e-15 7.342364813442013496e-17
8.922376632690429688e-01 1.544721598050813934e-15 1.004547127951261026e-16
8.925136923789978027e-01 1.569704517192724302e-15 1.093771527207109892e-16
8.927902579307556152e-01 1.423002540013897348e-15 4.595204362308067585e-17
8.930670022964477539e-01 1.604694812969089009e-15 1.019192459958185887e-16
8.933441638946533203e-01 1.405692680582926873e-15 4.886959897906136018e-17
8.936215043067932129e-01 1.419849777505098436e-15 1.218505599019778160e-16
8.938993811607360840e-01 1.563423662009715259e-15 9.281921370144101727e-17
8.941773772239685059e-01 1.430322810502305825e-15 3.273290664981769291e-17
8.944558501243591309e-01 1.442752066091197022e-15 5.047684399647639508e-17
8.947345614433288574e-01 1.477868463897584212e-15 1.062386838928969929e-16
8.950136303901672363e-01 1.485152206090142347e-15 4.520587707972109170e-17
8.952928185462951660e-01 1.447543625594696192e-15 8.519420987536800477e-17
8.955727219581604004e-01 1.453267980131359161e-15 7.549842886893994194e-17
8.958526253700256348e-01 1.506169952247718522e-15 5.643818246991335577e-17
8.961328864097595215e-01 1.277056327982258044e-15 6.401981556210898793e-17
8.964136242866516113e-01 1.341868430369960122e-15 5.363196231565985875e-17
8.966944813728332520e-01 1.377453555033534161e-15 7.774751971958182334e-17
8.969758749008178711e-01 1.248769556829582277e-15 6.940019531284790538e-17
8.972575068473815918e-01 1.473369766035598216e-15 8.518900194623137091e-17
8.975393772125244141e-01 1.476248195748605142e-15 8.828620438764632180e-17
8.978217244148254395e-01 1.236789016944499046e-15 8.887111372494991830e-17
8.981040716171264648e-01 1.364593583190964153e-15 7.536279771826084710e-17
8.983871936798095703e-01 1.433714436302230451e-15 9.701346277589319601e-17
8.986705541610717773e-01 1.498499433635620392e-15 1.016205808551277423e-16
8.989540338516235352e-01 1.225670862478839100e-15 1.756270273619282385e-16
8.992378711700439453e-01 1.557873478622831456e-15 6.791075404955022247e-17
8.995220065116882324e-01 1.348531085653944042e-15 9.950192646091812277e-17
8.998064398765563965e-01 1.306397019879554974e-15 4.444127102614647547e-17
9.000914692878723145e-01 1.363038007183331631e-15 6.903503808579759642e-17
9.003764390945434570e-01 1.344257910314164504e-15 5.860006201421254636e-17
9.006621837615966797e-01 1.436561949312662595e-15 8.570236346927158073e-17
9.009476900100708008e-01 1.370327572727402139e-15 1.235087592451261174e-16
9.012339711189270020e-01 1.326834442589143546e-15 8.610750991585515326e-17
9.015205502510070801e-01 1.197295258745820039e-15 1.014392628648561187e-16
9.018064141273498535e-01 1.161219278489312133e-15 5.684328921182752576e-17
9.020941853523254395e-01 1.189952859521664543e-15 2.890990285172421342e-17
9.023818373680114746e-01 1.282535889997164519e-15 8.769392321672365271e-17
9.026696085929870605e-01 1.252228415869695213e-15 6.247552891547658908e-17
9.029575586318969727e-01 1.304724765083438171e-15 7.646898966015046122e-17
9.032462835311889648e-01 1.148396787854658128e-15 1.341975871205363410e-16
9.035347700119018555e-01 1.200690802073125715e-15 5.916086399974389743e-17
9.038239121437072754e-01 1.281007313164725728e-15 8.245730745644645147e-17
9.041134119033813477e-01 1.251637610388985338e-15 1.209086327948514323e-16
9.044030308723449707e-01 1.200792340147677825e-15 4.444969172478226529e-17
9.046931862831115723e-01 1.063248694952801179e-15 9.278457137738729647e-17
9.049837589263916016e-01 1.158800152391953851e-15 1.398859427569410017e-16
9.052743911743164062e-01 1.162077428743999146e-15 3.613133187437750414e-17
9.055655598640441895e-01 1.142518167442476470e-15 5.985123555642555475e-17
9.058569669723510742e-01 1.108316882856479144e-15 4.803871921480899537e-17
9.061485528945922852e-01 1.207776232676907938e-15 6.433878964119923625e-17
9.064407348632812500e-01 1.178106891996076339e-15 6.178624923720350175e-17
9.067332744598388672e-01 1.049139243633912671e-15 4.167016303453462936e-17
9.070256948471069336e-01 1.083330999099253386e-15 3.849824964019388901e-17
9.073190093040466309e-01 1.196238796902357113e-15 6.075690568294251411e-17
9.076122641563415527e-01 1.110410536543854961e-15 3.894126772394258936e-17
9.079059958457946777e-01 1.075264704342550684e-15 1.044599345559976634e-16
9.082001447677612305e-01 9.806119488604348247e-16 7.501465394204952881e-17
9.084944725036621094e-01 1.116680592056786513e-15 5.223748469540571363e-17
9.087890982627868652e-01 1.124501882533495908e-15 1.010013600660154462e-16
9.090843200683593750e-01 1.147914614349433617e-15 1.244242033377610033e-16
9.093797802925109863e-01 1.145643613138726431e-15 1.332796151639494930e-16
9.096754193305969238e-01 1.037387085007232881e-15 4.860563241070588820e-17
9.099715352058410645e-01 1.103905217629823528e-15 6.468752898745159271e-17
9.102680087089538574e-01 1.187245424584884579e-15 5.473385953580909755e-17
9.105647206306457520e-01 1.041095924645904242e-15 5.661074558058171819e-17
9.108617305755615234e-01 1.070088380122761248e-15 8.822445039183556296e-17
9.111591577529907227e-01 1.042381720659836270e-15 1.032229819028756667e-16
9.114571213722229004e-01 1.095075322671171074e-15 4.022251755322802584e-17
9.117550849914550781e-01 1.034482397272861072e-15 7.256301633789546284e-17
9.120537042617797852e-01 1.185141077106549676e-15 8.262394795392893421e-17
9.123524427413940430e-01 1.054710073448885798e-15 1.319656950091906622e-16
9.126516580581665039e-01 1.022442565081470040e-15 1.018970444681776655e-16
9.129511117935180664e-01 1.035972751743555013e-15 5.562346250610782691e-17
9.132509231567382812e-01 1.044165042651161793e-15 4.561832256802983215e-17
9.135507941246032715e-01 9.940782904141205051e-16 5.227395343425195152e-17
9.138518571853637695e-01 9.634323207451046985e-16 8.075466535334690100e-17
9.141523241996765137e-01 9.289065166611905691e-16 5.853924107813274734e-17
9.144536852836608887e-01 1.076218039924685399e-15 5.233993266863163122e-17
9.147552251815795898e-01 1.094302087469446304e-15 2.996733745958750188e-17
9.150571227073669434e-01 9.138881989898981970e-16 7.012512978424447841e-17
9.153593182563781738e-01 8.902752497610532528e-16 4.324025771627868268e-17
9.156619906425476074e-01 9.808170367127887722e-16 6.063940633129058164e-17
9.159649014472961426e-01 8.780266768877232394e-16 7.261514195137610444e-17
9.162682294845581055e-01 8.911347764442795541e-16 3.843801765671022775e-17
9.165717959403991699e-01 9.695985088428791913e-16 4.365154515172984888e-17
9.168757796287536621e-01 1.001765961443400535e-15 1.499496603172775517e-16
9.171802401542663574e-01 1.016856065156972709e-15 6.714538698981205745e-17
9.174847602844238281e-01 9.629282302623699830e-16 4.610147876382205562e-17
9.177900552749633789e-01 9.224925714263441934e-16 2.960803005382916793e-17
9.180951714515686035e-01 9.094510168957065446e-16 9.603794551845225898e-17
9.184010624885559082e-01 8.778734698033886178e-16 6.051067717564262926e-17
9.187071919441223145e-01 8.967807804333214998e-16 4.108442651661847983e-17
9.190136790275573730e-01 1.039270992161044852e-15 4.482165499391266056e-17
9.193204641342163086e-01 9.274198679596408652e-16 4.348615204261109611e-17
9.196276664733886719e-01 9.497637500752620539e-16 9.293896960180399441e-17
9.199352264404296875e-01 9.098663806772163722e-16 5.558455193009333248e-17
9.202431440353393555e-01 1.022684287108792736e-15 5.099569138133905658e-17
9.205513000488281250e-01 8.964883423082819526e-16 1.108934409579696932e-16
9.208601117134094238e-01 1.007738496633609013e-15 6.207492865353960798e-17
9.211689829826354980e-01 1.045150989001765798e-15 6.958760135242791933e-17
9.214784502983093262e-01 9.700710473483286841e-16 9.387408074068294113e-17
9.217880964279174805e-01 9.805129518847244784e-16 4.973866140038917276e-17
9.220981597900390625e-01 9.624871378550873061e-16 6.221099655558213083e-17
9.224084615707397461e-01 1.000615584821910788e-15 9.474714009873060993e-17
9.227194190025329590e-01 1.008499555736717002e-15 5.838537886675298377e-17
9.230304360389709473e-01 9.809531972590599010e-16 6.362112112430332901e-17
9.233419895172119141e-01 8.174602742085741378e-16 7.460981189793137579e-17
9.236537814140319824e-01 8.612763356579734332e-16 9.727428936664341669e-17
9.239661097526550293e-01 8.365139627197044035e-16 1.977518025681739309e-17
9.242787957191467285e-01 9.715260381934747586e-16 5.757954613144872463e-17
9.245917201042175293e-01 8.190420023584531369e-16 5.369862645558673236e-17
9.249050021171569824e-01 8.989888894476950540e-16 5.034432966234540004e-17
9.252190589904785156e-01 9.123004357302700110e-16 3.526871815310515497e-17
9.255327582359313965e-01 8.846071699758234919e-16 3.056888305337076488e-17
9.258475303649902344e-01 8.842445339952802446e-16 6.446417036972757397e-17
9.261621236801147461e-01 1.030050720892826573e-15 8.513033167974420976e-17
9.264774918556213379e-01 9.382802067719802838e-16 7.902878940120196109e-17
9.267931580543518066e-01 8.440913606471637642e-16 3.498730138254726432e-17
9.271088838577270508e-01 8.759575871558177972e-16 7.031127850929341176e-17
9.274256229400634766e-01 8.882424765667613388e-16 3.766980178694243010e-17
9.277420043945312500e-01 8.538313925076409638e-16 3.760582432964512873e-17
9.280589818954467773e-01 9.119791984850238176e-16 6.832308704129565571e-17
9.283761978149414062e-01 7.926583024800209695e-16 9.080277236116335022e-17
9.286945462226867676e-01 8.519774491443381139e-16 6.056306086947438739e-17
9.290124773979187012e-01 8.575754898927417848e-16 8.858972673289407956e-17
9.293276667594909668e-01 9.336657830335756691e-16 8.181076985478520419e-17
9.296500086784362793e-01 8.640960024602645922e-16 3.774999198424577082e-17
9.299699068069458008e-01 7.419760331415007053e-16 6.241902255347186665e-17
9.302895665168762207e-01 9.280524956921214208e-16 6.841189315185934876e-17
9.306097030639648438e-01 7.733953968309188916e-16 7.714633808526808367e-17
9.309300184249877930e-01 9.297007159283598825e-16 6.269792138624514588e-17
9.312512278556823730e-01 8.319581430733379458e-16 4.317998602812561887e-17
9.315724372863769531e-01 7.444304169852884474e-16 8.711721951109658224e-17
9.318941235542297363e-01 7.693309092335191314e-16 9.851719772017579523e-17
9.322162866592407227e-01 7.126129478106607400e-16 6.482140651523207514e-17
9.325388073921203613e-01 7.875804987799090492e-16 8.847077154336405375e-17
9.328614473342895508e-01 7.784909352833639488e-16 7.598980062257604208e-17
9.331848621368408203e-01 7.656869205548719279e-16 7.451720075654993882e-17
9.335085153579711914e-01 6.466671977021771871e-16 4.363928302632936280e-17
9.338324069976806641e-01 7.920772908177637229e-16 7.148678156907006917e-17
9.341568946838378906e-01 7.607164782808244902e-16 5.741835179111929102e-17
9.344817399978637695e-01 6.924036946012387950e-16 8.173305458187462213e-17
9.348067641258239746e-01 7.920559561754047552e-16 8.128108971262054823e-17
9.351326823234558105e-01 7.490933862994825741e-16 8.694670780834735132e-17
9.354587197303771973e-01 7.418514663586951198e-16 9.332889592511659123e-17
9.357848763465881348e-01 6.711256446310595331e-16 6.041067434830741842e-17
9.361117482185363770e-01 7.788031198639863619e-16 5.299946362335486146e-17
9.364390969276428223e-01 7.413327645576202676e-16 7.787946495345138189e-17
9.367664456367492676e-01 5.493092307447679061e-16 4.388872099440595340e-17
9.370946884155273438e-01 7.059131289561160379e-16 6.116127127102783658e-17
9.374229907989501953e-01 7.173793610235382982e-16 5.157288146916630823e-17
9.377517700195312500e-01 7.155795218897413167e-16 4.900893920760714280e-17
9.380811452865600586e-01 8.071075198898768586e-16 8.658861139500579501e-17
9.384106993675231934e-01 6.748360724565069958e-16 2.421904597035847388e-17
9.387406110763549805e-01 7.690987692664122497e-16 4.762824241635813113e-17
9.390712380409240723e-01 7.212227730217046860e-16 7.077857599838176857e-17
9.394019842147827148e-01 7.445894474211354423e-16 5.264443439572465177e-17
9.397335052490234375e-01 7.224391123339618612e-16 7.213311402993940330e-17
9.400650858879089355e-01 7.870855139013573174e-16 6.402281988209378052e-17
9.403972029685974121e-01 7.017836315800145101e-16 5.296489739991749554e-17
9.407296180725097656e-01 9.197172679746654783e-16 5.430697147400518124e-17
9.410631060600280762e-01 7.726992416273942635e-16 6.112516649165112203e-17
9.413963556289672852e-01 8.194151203717186562e-16 4.979665999621894084e-17
9.417297244071960449e-01 7.511283300157018273e-16 5.910911558062258001e-17
9.420639276504516602e-01 6.910712588356485771e-16 4.926386634622863529e-17
9.423985481262207031e-01 5.602627431813052977e-16 5.778695008951782058e-17
9.427335858345031738e-01 6.922625047968433438e-16 5.222870996346775112e-17
9.430688023567199707e-01 5.930105721693734473e-16 3.905959756492952508e-17
9.434047937393188477e-01 6.265051136400054659e-16 4.291108615459688063e-17
9.437411427497863770e-01 6.191728258716578184e-16 3.381408134126125326e-17
9.440774321556091309e-01 7.050982303212981975e-16 8.200077655021108486e-17
9.444127678871154785e-01 6.523364421577094226e-16 5.147741159158788799e-17
9.447500705718994141e-01 6.845154885216963095e-16 6.106720429176830628e-17
9.450902938842773438e-01 6.950987416811651651e-16 3.892025071893884204e-17
9.454288482666015625e-01 7.162449192093687730e-16 5.034790639131407934e-17
9.457676410675048828e-01 7.394491750411635173e-16 3.569486506108022377e-17
9.461068511009216309e-01 7.297204193067966405e-16 3.556574878490559657e-17
9.464464187622070312e-01 6.889749052307533872e-16 4.935897888178243263e-17
9.467867016792297363e-01 7.183007740514733667e-16 4.672042162024853389e-17
9.471272826194763184e-01 8.152250601398884459e-16 8.958154937456966186e-17
9.474682211875915527e-01 7.383801665221693868e-16 6.990374978254568650e-17
9.478095173835754395e-01 8.489176485015003607e-16 4.779996511152413967e-17
9.481515884399414062e-01 6.489968030049225300e-16 5.354348376861873670e-17
9.484937191009521484e-01 6.738631492374670250e-16 7.786698445236918181e-17
9.488364458084106445e-01 7.013519624142700373e-16 2.732597771013827348e-17
9.491796493530273438e-01 8.283260128559523025e-16 7.140777589440390439e-17
9.495233297348022461e-01 7.386915040698445456e-16 2.945770817547113131e-17
9.498671889305114746e-01 7.693252976402435717e-16 5.575507686773236425e-17
9.502117633819580078e-01 5.541910521967088627e-16 2.939043853933586889e-17
9.505565762519836426e-01 8.147122346298851705e-16 6.110277967555298689e-17
9.509021043777465820e-01 7.243787648436150056e-16 3.212071689591209755e-17
9.512478709220886230e-01 7.874200389759635627e-16 4.724660113406086543e-17
9.515941739082336426e-01 7.773532641560830167e-16 1.097351895770484417e-16
9.519407153129577637e-01 7.210423020643803166e-16 3.482451223799682848e-17
9.522882103919982910e-01 7.653788652598673796e-16 5.925597653529769476e-17
9.526356458663940430e-01 7.158036150438492826e-16 8.243588678730377826e-17
9.529835581779479980e-01 7.898211126836334871e-16 5.002728456844362538e-17
9.533322453498840332e-01 7.160696363288463363e-16 3.833350504067537781e-17
9.536808729171752930e-01 8.095075877459219187e-16 4.138978851154855552e-17
9.540306329727172852e-01 7.419364872907757702e-16 3.326141881295742399e-17
9.543801546096801758e-01 7.017936900962631550e-16 7.449052583615632878e-17
9.547308087348937988e-01 7.446736213202688384e-16 6.146634209838229362e-17
9.550814032554626465e-01 6.478319209442110534e-16 2.093698520565017237e-17
9.554325342178344727e-01 6.775411251131228073e-16 5.891385463394576251e-17
9.557843208312988281e-01 6.445460154440156055e-16 3.564162109941141048e-17
9.561365246772766113e-01 6.622654682445427380e-16 2.817885386123964841e-17
9.564889669418334961e-01 6.942871252990179352e-16 2.754636509510200175e-17
9.568420648574829102e-01 6.774491690987865123e-16 4.930480186038265953e-17
9.571958184242248535e-01 7.409818811592201737e-16 6.634505996866495127e-17
9.575495123863220215e-01 7.195007021003774900e-16 4.815106026816104716e-17
9.579043984413146973e-01 6.634856192050625576e-16 2.613293345829181656e-17
9.582588076591491699e-01 7.137558070147436047e-16 4.618314796006064114e-17
9.586144685745239258e-01 6.825507956005399599e-16 5.690266754491903230e-17
9.589703679084777832e-01 7.035610772802684560e-16 5.696609575428959846e-17
9.593264460563659668e-01 6.335530100963124821e-16 9.317783289292970710e-17
9.596835374832153320e-01 7.296306867539468881e-16 3.554507588703667131e-17
9.600405693054199219e-01 6.442329308908867347e-16 4.096548456197825487e-17
9.603985548019409180e-01 7.020740580018043284e-16 6.159655356168794102e-17
9.607564806938171387e-01 7.468544664616526448e-16 4.135982472103943465e-17
9.611155390739440918e-01 6.499616794109635848e-16 3.665907972263123622e-17
9.614741206169128418e-01 6.691903331652610670e-16 6.109869671204942515e-17
9.618341922760009766e-01 6.678261336641488129e-16 3.439356768246895212e-17
9.621940851211547852e-01 7.004036031507004413e-16 2.347112911282272753e-17
9.625558853149414062e-01 5.918772950255063968e-16 5.017493630778434082e-17
9.629156589508056641e-01 5.819704506139793034e-16 5.473683076856938803e-17
9.632773995399475098e-01 6.554013249982307016e-16 4.630603060313906872e-17
9.636390209197998047e-01 6.596022907792568109e-16 4.492545292589826468e-17
9.640010595321655273e-01 6.138950165168754764e-16 6.365765603759857114e-17
9.643649458885192871e-01 7.316671127778238363e-16 5.594069619718926366e-17
9.647283554077148438e-01 6.762524703629937961e-16 5.230378818458551412e-17
9.650923013687133789e-01 6.301336439673652784e-16 4.223674535818650099e-17
9.654569625854492188e-01 6.733167600469287979e-16 3.407878906344557275e-17
9.658216238021850586e-01 6.874123412013060166e-16 2.158318862634394823e-17
9.661872386932373047e-01 6.706582412628527695e-16 5.318341535669685396e-17
9.665530920028686523e-01 7.525118524559233201e-16 4.092767909926213130e-17
9.669193625450134277e-01 7.051567814737771511e-16 5.549875675695933245e-17
9.672864079475402832e-01 7.163700153877663925e-16 8.501163457056530050e-17
9.676538109779357910e-01 7.065767263307305788e-16 7.962688068874720264e-17
9.680215716361999512e-01 6.517493953857029891e-16 2.623652624948550753e-17
9.683901667594909668e-01 6.766439584033028930e-16 2.454118318811112498e-17
9.687588214874267578e-01 6.346499177630068010e-16 2.208706900520307525e-17
9.691284298896789551e-01 6.056042050895911813e-16 2.563424611931829745e-17
9.694982171058654785e-01 6.682669084340762695e-16 5.072130233726541645e-17
9.698685407638549805e-01 6.903791270386234070e-16 5.616297617139451325e-17
9.702395200729370117e-01 6.094504758239545524e-16 3.094364881041648981e-17
9.706107974052429199e-01 6.225684221385226983e-16 4.369723199132237771e-17
9.709827899932861328e-01 5.981953667186354264e-16 8.284123837467926394e-17
9.713550806045532227e-01 6.666203293241731130e-16 8.444444675070504006e-17
9.717282056808471680e-01 7.235804362908278276e-16 7.995325307123612524e-17
9.721013903617858887e-01 5.923524805089160593e-16 9.876369224876067714e-16
9.724754095077514648e-01 6.098237526558976818e-16 6.686092288587752144e-17
9.728497266769409180e-01 5.736534341048893284e-16 2.179814970648932864e-17
9.732247591018676758e-01 6.542322077727829536e-16 5.213893770594859613e-17
9.736000895500183105e-01 5.883561790637702703e-16 5.316999186971634343e-17
9.739761948585510254e-01 5.857563702508508056e-16 5.615021112018159493e-17
9.743524193763732910e-01 6.290723116844556401e-16 2.711975000290022794e-17
9.747295975685119629e-01 6.110247924355450763e-16 3.376978416509781352e-17
9.751068949699401855e-01 6.285908793330599771e-16 3.952565097437660214e-17
9.754850268363952637e-01 5.969086707321969408e-16 6.765456628767519917e-17
9.758634567260742188e-01 6.099592249878991665e-16 4.366381720329768560e-17
9.762424230575561523e-01 5.680685753067273025e-16 5.059519038107558185e-17
9.766227602958679199e-01 5.764350373641132473e-16 3.511175897751199287e-17
9.770019650459289551e-01 6.011246713480368140e-16 2.600858174244549480e-17
9.773827195167541504e-01 4.752751630229530393e-16 5.198033740402012882e-17
9.777637124061584473e-01 5.593821994930752491e-16 2.093281125227922979e-17
9.781454801559448242e-01 6.807014579788878052e-16 6.212487051020310958e-17
9.785277247428894043e-01 5.694604621973029315e-16 3.335569755045376787e-17
9.789102077484130859e-01 5.973350988815802776e-16 4.253252860162321262e-17
9.792935252189636230e-01 5.427210614205831615e-16 1.182676899444309307e-16
9.796774387359619141e-01 5.596261449818844876e-16 2.613452329942914348e-17
9.800615906715393066e-01 5.795527538847195133e-16 4.371230653080554408e-17
9.804461002349853516e-01 5.593607589715978747e-16 1.327040397326779449e-17
9.808316826820373535e-01 5.389609762886029155e-16 4.202491432947902123e-17
9.812116026878356934e-01 5.441605409748826415e-16 5.624184949716266955e-17
9.816038012504577637e-01 5.225641124956541695e-16 3.191266442824276003e-17
9.819909930229187012e-01 5.405378339990352023e-16 3.071077430692566103e-17
9.823782444000244141e-01 5.794584685297782690e-16 2.917234079030768740e-17
9.827663302421569824e-01 5.280305454998782035e-16 2.786448883252254556e-17
9.831548929214477539e-01 5.808784133867316967e-16 3.665023550752181925e-17
9.835439324378967285e-01 5.575539318159860452e-16 2.540952265358356621e-17
9.839335680007934570e-01 5.765639451907735111e-16 4.580065633609367093e-17
9.843236804008483887e-01 5.455950971501762059e-16 2.782688851059833513e-17
9.847143292427062988e-01 5.412553767844780015e-16 9.105469187107759991e-17
9.851055741310119629e-01 5.039419343315907664e-16 1.136674622796989510e-17
9.854975342750549316e-01 5.870821885715405992e-16 7.778551047075515880e-17
9.858855009078979492e-01 4.687728616637961993e-16 8.008445053383193585e-16
9.862798452377319336e-01 4.570209147953532228e-16 1.520144090053283156e-16
9.866760373115539551e-01 4.648253704922359394e-16 5.032118184008371612e-17
9.870699048042297363e-01 5.508482896099289698e-16 4.120258761276045473e-17
9.874644279479980469e-01 5.119506837874393795e-16 6.779312896644518194e-17
9.878596067428588867e-01 5.225045025519911481e-16 4.195103386588823501e-17
9.882550835609436035e-01 5.305540684079855778e-16 3.950202669608208767e-17
9.886515140533447266e-01 5.717512628031521868e-16 3.607392884858877423e-17
9.890477657318115234e-01 5.039272700736914263e-16 3.549388995073188995e-17
9.894453287124633789e-01 4.424783914124013522e-16 4.315239128289084986e-17
9.898431301116943359e-01 4.574227789892661850e-16 3.497141620606379598e-17
9.902414083480834961e-01 5.179060665604659584e-16 5.235465648353507511e-17
9.906405806541442871e-01 4.994508068265708558e-16 2.953584034741044010e-17
9.910399913787841797e-01 5.543235599133949573e-16 7.272715544120558523e-17
9.914399981498718262e-01 5.200231195330096753e-16 1.987286366971500524e-17
9.918405413627624512e-01 4.961018503113641658e-16 7.673014712314570312e-17
9.922418594360351562e-01 4.904973509367376808e-16 4.784176420223766927e-17
9.926435351371765137e-01 5.118883209866977816e-16 2.364227443592117406e-17
9.930458068847656250e-01 5.264693049594109178e-16 3.991990510665407641e-17
9.934487342834472656e-01 5.110713047695118055e-16 4.098155171819648488e-17
9.938521981239318848e-01 5.049130046660586183e-16 2.228113384871414107e-17
9.942560791969299316e-01 4.712474684191996378e-16 3.197921276288387621e-17
9.946606755256652832e-01 4.598417992075060599e-16 3.306757730821174748e-17
9.950659275054931641e-01 3.875206968028354054e-16 9.021611601840604172e-17
9.954715371131896973e-01 4.017347566907098193e-16 9.609729076431926340e-17
9.958778023719787598e-01 4.935867447931701311e-16 2.166072688260344394e-17
9.962842464447021484e-01 5.000552707135552059e-16 4.855645486892838560e-17
9.966916441917419434e-01 4.929428409345792527e-16 4.138614891685332220e-17
9.970979690551757812e-01 4.323672267721287606e-16 2.894344006247956337e-17
9.975059032440185547e-01 4.396041703943510959e-16 2.579656377091957807e-17
9.979118704795837402e-01 4.059673273885803547e-16 4.070048567221831671e-17
9.983268976211547852e-01 3.743862333457958005e-16 3.716467170361385797e-16
9.987390637397766113e-01 4.220335836343039066e-16 2.539736706904597695e-16
9.991498589515686035e-01 4.641143922121343610e-16 2.186981001731602253e-17
9.995605945587158203e-01 4.891455392924790209e-16 3.280828596467842521e-17
9.999720454216003418e-01 4.474519306506621885e-16 3.467215218660946120e-17
1.000384807586669922e+00 3.906589803421921898e-16 2.571697576110217596e-17
1.000797986984252930e+00 4.151721403055112433e-16 2.374104972722735621e-17
1.001211762428283691e+00 4.192575919683555474e-16 3.080054987316726623e-17
1.001626133918762207e+00 4.414402466564228003e-16 4.223010144350647507e-17
1.002041220664978027e+00 5.181961224053413528e-16 4.612545376669629257e-17
1.002456545829772949e+00 4.282989804660255594e-16 3.986510273671121322e-17
1.002872824668884277e+00 4.100847016056243053e-16 2.704902936924939429e-17
1.003289580345153809e+00 4.618108331725170879e-16 3.846307130310323385e-17
1.003706812858581543e+00 3.587636900155354936e-16 6.331354228533161120e-17
1.004124760627746582e+00 3.445248014743946879e-16 4.116260501067209158e-17
1.004543304443359375e+00 4.128913188065718278e-16 4.189564585207168428e-17
1.004962325096130371e+00 4.202827135927700644e-16 5.627500951355869532e-17
1.005381941795349121e+00 4.032345079331623632e-16 5.158713875420427222e-17
1.005802392959594727e+00 4.243875146645032089e-16 3.922134115318569390e-17
1.006223082542419434e+00 3.707298038707357996e-16 7.485559041897803180e-17
1.006644606590270996e+00 4.351979050027342255e-16 5.657554077371146134e-17
1.007066726684570312e+00 4.381829285181971850e-16 3.934858469245350104e-17
1.007489442825317383e+00 3.563316201959519820e-16 2.856856180887053123e-17
1.007912635803222656e+00 3.761620908592736446e-16 5.405236859018380953e-17
1.008336544036865234e+00 4.303184923007370233e-16 5.953253941002112424e-17
1.008760929107666016e+00 3.942709141177417383e-16 5.359016653366877937e-17
1.009186148643493652e+00 4.011023407164660774e-16 5.434464789654574655e-17
1.009611725807189941e+00 4.265040117716752902e-16 3.430110543359777468e-17
1.010038137435913086e+00 3.727582095513934336e-16 1.472476781550955370e-17
1.010464906692504883e+00 4.102704929886486157e-16 3.975682479452802189e-17
1.010892510414123535e+00 3.778723562588984838e-16 4.944772543534202186e-17
1.011320590972900391e+00 3.901466842277809483e-16 2.351641725136000580e-17
1.011749148368835449e+00 3.681764495210173129e-16 5.318513920109341447e-17
1.012178540229797363e+00 4.729838330215117501e-16 4.758636060758334623e-17
1.012608766555786133e+00 3.675845852491233705e-16 1.540835814552950130e-17
1.013038992881774902e+00 4.193284250985696883e-16 2.631778350977904165e-17
1.013470411300659180e+00 3.803342575200931077e-16 5.121290901019548165e-17
1.013902068138122559e+00 3.425822108192057552e-16 6.942960323798539062e-17
1.014334440231323242e+00 2.887921246576502596e-16 1.898731421529003074e-16
1.014767765998840332e+00 4.066891053387594254e-16 5.761114443084825029e-17
1.015201210975646973e+00 3.935640915930376264e-16 3.044738014755407575e-17
1.015635132789611816e+00 3.567650893067093702e-16 2.480457900184393537e-17
1.016070485115051270e+00 3.333856300037309943e-16 3.705037254831577065e-17
1.016505956649780273e+00 3.754970111770014086e-16 5.158093159088767430e-17
1.016941905021667480e+00 4.075656520902696178e-16 5.523994186945884073e-17
1.017378807067871094e+00 4.154952569051091572e-16 4.601360571298932238e-17
1.017815947532653809e+00 3.992893461022070526e-16 4.521651793112097385e-17
1.018254160881042480e+00 4.469766922276933226e-16 3.312952320992461862e-17
1.018692851066589355e+00 3.789668022360898449e-16 2.233806207283126554e-17
1.019131898880004883e+00 2.446763194240413487e-16 4.533443087307918284e-17
1.019571781158447266e+00 3.753128609203124034e-16 5.167050201633736635e-17
1.020012259483337402e+00 3.702487950358137637e-16 5.456684846141219105e-17
1.020453453063964844e+00 3.288930466608329904e-16 9.228684025920188866e-17
1.020895123481750488e+00 3.787401944529197179e-16 1.032329940970100085e-16
1.021337628364562988e+00 3.190790582361486497e-16 9.828610330936318057e-17
1.021782040596008301e+00 3.335333313739084629e-16 3.363912933298383770e-17
1.022225618362426758e+00 3.541048235171796298e-16 4.613959855517094934e-17
1.022668719291687012e+00 3.719776157509393924e-16 1.830169696189708320e-17
1.023113608360290527e+00 3.931136553535555505e-16 4.762281611153978327e-17
1.023559331893920898e+00 3.383416197781159056e-16 7.546509018153160471e-17
1.024005532264709473e+00 3.951678425995452373e-16 3.694851352768599082e-17
1.024452328681945801e+00 3.850959326424219622e-16 2.929078312785793033e-17
1.024899721145629883e+00 2.782360559618323468e-16 1.710543166874534479e-17
1.025347948074340820e+00 4.006298816203553896e-16 1.867222920856776173e-17
1.025796890258789062e+00 4.341190497257282638e-16 2.710131711013009627e-17
1.026246070861816406e+00 3.825652364240425280e-16 2.472532020991032937e-17
1.026696324348449707e+00 3.380533903480330282e-16 3.099382889509640668e-17
1.027147054672241211e+00 3.608651787576734127e-16 2.137151310759162845e-17
1.027598381042480469e+00 3.197709782749370063e-16 2.902757756566600714e-17
1.028050422668457031e+00 3.641264938326188843e-16 3.577613721062478385e-17
1.028503060340881348e+00 3.864779992447653616e-16 1.588751740460186854e-17
1.028956532478332520e+00 3.477543528138181232e-16 1.115535244693421088e-16
1.029410243034362793e+00 3.477059925264858230e-16 2.407164238520152435e-17
1.029865026473999023e+00 3.540653570757934998e-16 3.387039248864141317e-17
1.030320644378662109e+00 3.847087591761879418e-16 3.874831957425847013e-17
1.030776262283325195e+00 3.962908229991472277e-16 2.636693954486061788e-17
1.031232833862304688e+00 3.179049646921357827e-16 3.876897592851514434e-17
1.031690239906311035e+00 3.545439306909921795e-16 1.750775577507888639e-17
1.032148122787475586e+00 3.062521206785215593e-16 4.588800991750172087e-17
1.032606482505798340e+00 3.232536865864710706e-16 2.424823551981424512e-17
1.033065915107727051e+00 3.263896407852229058e-16 2.814876764799986969e-17
1.033525705337524414e+00 3.216328625721203652e-16 4.914508651898847073e-17
1.033986330032348633e+00 3.353412437904839619e-16 3.346861763023460678e-17
1.034447431564331055e+00 3.212172076230349190e-16 1.830668651535200306e-17
1.034909367561340332e+00 2.919283964937573151e-16 2.081918972333894591e-17
1.035371899604797363e+00 3.082200429127893160e-16 3.958887404295525516e-17
1.035835146903991699e+00 3.322072218856430507e-16 3.038376664972629771e-17
1.036298990249633789e+00 3.225962831402833268e-16 4.573749282451912174e-17
1.036763668060302734e+00 3.537293232237499578e-16 4.681513380038585556e-17
1.037228822708129883e+00 4.484305713420961258e-16 5.488544203742066498e-17
1.037694811820983887e+00 3.132241282767105105e-16 3.044193068167857640e-17
1.038161277770996094e+00 2.945614248800769094e-16 3.222879300602582593e-17
1.038625597953796387e+00 3.158630594238812832e-16 5.092753169886468710e-17
1.039089798927307129e+00 3.679925374923447229e-16 3.845142857054542748e-16
1.039561867713928223e+00 3.356376788522433654e-16 4.919913450021268556e-17
1.040034413337707520e+00 3.727966701411546992e-16 4.181642841916870593e-17
1.040504097938537598e+00 2.767381840737315234e-16 5.141309002715576456e-17
1.040974617004394531e+00 2.978487068088116457e-16 5.156503979695930553e-17
1.041446208953857422e+00 2.946058941098077602e-16 2.962845479751432729e-17
1.041917920112609863e+00 3.103539041953801104e-16 3.500007966864998349e-17
1.042390942573547363e+00 2.956401478081848626e-16 2.358178933517007157e-17
1.042864084243774414e+00 3.381075475170981001e-16 3.640030123107769683e-17
1.043338179588317871e+00 3.448415388571085928e-16 3.557400404741887579e-17
1.043812870979309082e+00 3.164219423503915113e-16 3.416495481349399654e-17
1.044288158416748047e+00 3.126715716275250880e-16 2.382822960070677000e-17
1.044764518737792969e+00 2.439241276970999283e-16 2.586824558844219834e-17
1.045241117477416992e+00 3.992165806780819878e-16 4.619304765763167578e-17
1.045718669891357422e+00 3.289927583205925826e-16 2.562497177029035290e-17
1.046196699142456055e+00 3.679058754339287673e-16 3.259062165829122151e-17
1.046675920486450195e+00 2.857743315550403994e-16 3.292988813216862071e-17
1.047155022621154785e+00 3.273392441284337815e-16 3.002142183675866904e-17
1.047635555267333984e+00 3.275153211023442692e-16 3.513302082797705589e-17
1.048116326332092285e+00 2.723226807290336608e-16 2.245240159454324545e-17
1.048597931861877441e+00 2.973220905436358861e-16 2.113284006800680295e-17
1.049080371856689453e+00 2.845566687538031393e-16 2.132937818154940232e-17
1.049564838409423828e+00 3.209297722863400926e-16 3.492675837915328312e-17
1.050047636032104492e+00 3.079768650475885267e-16 3.084815577178091808e-17
1.050531387329101562e+00 2.314139804617459462e-16 2.269303339781859652e-17
1.051016449928283691e+00 2.916729366508213385e-16 4.035493924313041493e-17
1.051502585411071777e+00 2.485020496094338029e-16 3.058140987656726793e-17
1.051989078521728516e+00 2.879156837852584741e-16 1.699527106348798277e-17
1.052476286888122559e+00 2.739864387258983186e-16 2.589651200433436040e-17
1.052964687347412109e+00 2.561592539223922797e-16 1.601302882766698964e-17
1.053452610969543457e+00 2.739314609936655941e-16 1.698160603976860676e-17
1.053942322731018066e+00 2.282355687365129893e-16 2.734966154543689177e-17
1.054432511329650879e+00 2.203195693883887221e-16 2.093233975933007457e-17
1.054922938346862793e+00 3.006136870464456989e-16 4.282671373211647181e-17
1.055414557456970215e+00 2.765184054936986342e-16 1.900860551338490065e-17
1.055906891822814941e+00 2.650207802676687614e-16 3.083999977094114523e-17
1.056399703025817871e+00 2.866966445554819257e-16 2.339349159488972546e-17
1.056893467903137207e+00 3.074215820111041294e-16 2.492401395612924193e-17
1.057387709617614746e+00 2.543662969312917395e-16 1.768319747427893335e-17
1.057882905006408691e+00 2.863347497287675259e-16 1.685728906550801223e-17
1.058378577232360840e+00 2.634672159632859677e-16 1.696676476521818033e-17
1.058875203132629395e+00 2.641766060566114443e-16 4.531225912394031149e-17
1.059372305870056152e+00 2.677473263853211508e-16 2.074030647140343898e-17
1.059870362281799316e+00 2.393968689429237014e-16 6.812996187496045013e-18
1.060369014739990234e+00 2.377555573191612827e-16 2.584668595295661623e-17
1.060868501663208008e+00 2.626429205567095250e-16 2.543983220558873425e-17
1.061368703842163086e+00 2.488165900004407670e-16 4.417862794677108833e-17
1.061869502067565918e+00 2.557989208126743800e-16 2.865354303628177908e-17
1.062371134757995605e+00 2.070949895666951402e-16 1.095077364152922855e-17
1.062873482704162598e+00 2.808978569985789856e-16 4.234350128804259474e-17
1.063376545906066895e+00 2.000018033174896207e-16 2.539578152924783531e-17
1.063880205154418945e+00 2.495032160833087842e-16 1.364664459334570147e-17
1.064384937286376953e+00 2.227669652103616161e-16 2.414004856749843463e-17
1.064889907836914062e+00 2.727484471339269552e-16 4.268874000594262679e-17
1.065397739410400391e+00 2.471204859329028357e-16 7.722645549067751972e-17
1.065902829170227051e+00 2.212115347865169029e-16 3.609212351334249063e-17
1.066410183906555176e+00 2.325343403531673686e-16 1.673807579562686988e-17
1.066918492317199707e+00 2.466396623864380118e-16 1.937348646211061690e-17
1.067427635192871094e+00 2.629770750544013465e-16 1.941631291114493735e-17
1.067937135696411133e+00 2.799551887376237544e-16 1.752463687701986858e-17
1.068447589874267578e+00 2.204686207173258772e-16 1.532992322548599811e-17
1.068958878517150879e+00 2.170729715109017939e-16 2.977078611115510165e-17
1.069470643997192383e+00 2.204630223589401183e-16 1.012518948755842822e-17
1.069983601570129395e+00 2.707025978685118029e-16 2.468454186007269021e-17
1.070496916770935059e+00 2.384988022605973295e-16 2.496558143627125668e-17
1.071011066436767578e+00 2.924954321123848658e-16 2.101522491106911305e-17
1.071525931358337402e+00 2.323517518134748635e-16 9.997656435076227515e-18
1.072041869163513184e+00 2.430898267138340441e-16 3.147053308211071653e-17
1.072558045387268066e+00 2.236627290218626404e-16 2.306528618016338535e-17
1.073075413703918457e+00 2.573488852270313428e-16 2.594393426885202548e-17
1.073593378067016602e+00 2.350360256931033429e-16 3.193915406017915819e-17
1.074111819267272949e+00 2.602298030993208285e-16 3.733264958671071645e-17
1.074631810188293457e+00 2.551786809370474186e-16 2.630092391453398584e-17
1.075151681900024414e+00 2.468116100747306347e-16 2.146933052374847418e-17
1.075672984123229980e+00 2.288005132425520059e-16 1.789328149753270110e-17
1.076194405555725098e+00 2.519532853530214497e-16 2.004627215896939685e-17
1.076717019081115723e+00 2.046016819120031029e-16 1.591097459241264730e-17
1.077240586280822754e+00 2.425459786221375799e-16 3.082936884570861371e-17
1.077764511108398438e+00 1.983886025996642040e-16 5.008086271107991009e-17
1.078289151191711426e+00 2.538374836744090391e-16 3.694383499414139089e-17
1.078814983367919922e+00 2.352709714568480045e-16 2.365838791425370704e-17
1.079337477684020996e+00 2.261990103637380326e-16 1.902297033190249653e-17
1.079868316650390625e+00 1.781397638348479213e-16 3.590339067605994162e-17
1.080396294593811035e+00 2.353588246553460364e-16 2.221303372324387541e-17
1.080924868583679199e+00 1.817905949515221634e-16 1.686003365078046317e-17
1.081454515457153320e+00 2.447400057137630314e-16 3.616760539859917951e-17
1.081984519958496094e+00 2.316190418443202920e-16 2.034067401078314493e-17
1.082515716552734375e+00 2.463386215830279131e-16 1.850136347251635813e-17
1.083047389984130859e+00 2.900339278978842673e-16 3.575673817089919024e-17
1.083580255508422852e+00 2.315553290848190076e-16 3.829429006219546387e-17
1.084113717079162598e+00 2.354296842553397790e-16 2.311140480803566686e-17
1.084647655487060547e+00 2.605112562658256714e-16 3.937275160122985030e-17
1.085182785987854004e+00 2.013355096325007199e-16 1.891451040998454354e-16
1.085718512535095215e+00 2.173786577606319904e-16 5.667925598763581016e-17
1.086255073547363281e+00 2.211321783872710156e-16 2.781476535154075796e-17
1.086791992187500000e+00 2.228548978181984531e-16 4.187406636425140090e-17
1.087330460548400879e+00 2.176632078913502319e-16 5.711647057220683847e-17
1.087869167327880859e+00 1.861655465938702263e-16 1.496838904951867141e-17
1.088408946990966797e+00 2.267995567233413315e-16 2.195696342101583463e-17
1.088949441909790039e+00 1.893898172122631231e-16 2.962281342573671564e-17
1.089490532875061035e+00 2.405927735853283667e-16 2.090046849032840641e-17
1.090032696723937988e+00 2.049414215331908824e-16 4.234366672416510534e-17
1.090575814247131348e+00 2.166510564589405464e-16 2.010844139944765731e-17
1.091119170188903809e+00 2.506408872105897164e-16 2.923453815492677466e-17
1.091663479804992676e+00 1.794107367722029989e-16 1.676410055205901324e-17
1.092209100723266602e+00 2.666246106835151774e-16 2.105702896486631796e-17
1.092755317687988281e+00 2.207253511096827353e-16 2.705155227011768102e-17
1.093302369117736816e+00 2.576057214985066077e-16 2.985094322123394025e-17
1.093851685523986816e+00 2.257902640271286293e-16 5.269582878154379648e-17
1.094401359558105469e+00 2.035679311394384327e-16 4.374178393911448378e-17
1.094949960708618164e+00 2.771278456992481033e-16 1.759227709006955476e-17
1.095497846603393555e+00 2.251568951408192262e-16 2.164025250808153140e-17
1.096048951148986816e+00 2.435419570192106286e-16 2.680359495533756034e-17
1.096600770950317383e+00 2.639751975036221327e-16 1.175585695119851464e-17
1.097153306007385254e+00 2.377566955196841556e-16 2.244291052419481201e-17
1.097706913948059082e+00 2.794318547251186053e-16 1.850360016889270151e-17
1.098261117935180664e+00 2.568694381091058071e-16 2.297990790605811205e-17
1.098816156387329102e+00 2.433096847032057385e-16 1.763920304621968802e-17
1.099372029304504395e+00 2.822707121176209945e-16 2.077638312663932673e-17
1.099928975105285645e+00 2.571699759867034736e-16 3.769053424181545919e-17
1.100486397743225098e+00 2.580955183002564069e-16 2.493038159248467514e-17
1.101044654846191406e+00 2.132076557701150020e-16 1.638425259732976250e-17
1.101603746414184570e+00 2.046556405577211620e-16 2.044554727756506799e-17
1.102163910865783691e+00 2.598895870221002184e-16 3.152900482525086495e-17
1.102724671363830566e+00 2.590237340615491116e-16 2.518681916290468946e-17
1.103286027908325195e+00 2.143995105362406076e-16 3.460282121638771663e-17
1.103845477104187012e+00 2.258892345330593739e-16 7.228350870019134458e-17
1.104412078857421875e+00 2.277010644770159241e-16 1.167601168821060854e-17
1.104976892471313477e+00 2.042135952383728240e-16 1.331266876666619144e-17
1.105541586875915527e+00 2.527505021750653565e-16 1.785057912559026360e-17
1.106107234954833984e+00 2.572132011367930446e-16 2.954278535583343532e-17
1.106674313545227051e+00 2.241582432960064061e-16 2.091887822204138660e-17
1.107241868972778320e+00 2.514237574120895035e-16 1.686721357849742345e-17
1.107810735702514648e+00 2.589960466720857366e-16 2.738053192589737076e-17
1.108379602432250977e+00 2.043362826668266891e-16 2.588374364439899187e-17
1.108949780464172363e+00 2.485261371088713471e-16 3.578060729465502041e-17
1.109521031379699707e+00 2.486788147976139347e-16 1.866143450157394472e-17
1.110092639923095703e+00 2.660950562728036295e-16 2.479898229781940159e-17
1.110665559768676758e+00 2.231054607519081159e-16 1.812345112042048148e-17
1.111239314079284668e+00 2.234072162393674604e-16 1.146863668146295195e-17
1.111813068389892578e+00 2.408711827271790146e-16 1.552930022289087948e-17
1.112388849258422852e+00 2.823099932705499127e-16 9.843584119820875474e-18
1.112965106964111328e+00 2.494516000130854753e-16 3.305701917487312064e-17
1.113541960716247559e+00 2.369619139173636049e-16 8.306206085664519511e-18
1.114119887351989746e+00 2.269305821323697311e-16 1.497224701989561873e-17
1.114698529243469238e+00 2.203033301786030810e-16 1.627130439340809679e-17
1.115278363227844238e+00 1.874397223745571093e-16 3.500939372234733058e-17
1.115858554840087891e+00 2.061859511607238649e-16 1.802887790662606872e-17
1.116439938545227051e+00 2.478725717807258493e-16 2.437026451250051798e-17
1.117022514343261719e+00 2.396351498988981768e-16 1.966783702872638669e-17
1.117605090141296387e+00 2.005982071565852540e-16 2.396094080382355266e-17
1.118189454078674316e+00 2.297080561059757853e-16 1.899029504334542683e-17
1.118774175643920898e+00 2.103409256996920259e-16 2.507362115043803273e-17
1.119359850883483887e+00 2.558171849605995508e-16 2.866263540557496196e-17
1.119946479797363281e+00 1.982574713115173976e-16 1.183458138445641139e-17
1.120533943176269531e+00 2.062584783568325144e-16 1.927134454571134394e-17
1.121122479438781738e+00 2.261423385656107996e-16 2.264893474500216951e-17
1.121711850166320801e+00 1.824345252798926435e-16 1.597654519956972580e-17
1.122301459312438965e+00 2.204905509297258831e-16 1.431495110718750678e-17
1.122855901718139648e+00 1.925792006611409834e-16 6.933413997785187080e-17
1.123409748077392578e+00 1.692842593644308257e-16 1.084387037426242685e-15
1.124081969261169434e+00 2.243161355313305280e-16 8.605144030521385884e-17
1.124672174453735352e+00 2.317392411134915975e-16 3.100133307761348774e-17
1.125265717506408691e+00 2.310459446461639527e-16 2.189700606149554097e-17
1.125861763954162598e+00 2.066127895916910280e-16 1.857681392490976999e-17
1.126458048820495605e+00 2.474520463921936909e-16 2.606365211890682517e-17
1.127055525779724121e+00 2.172001058623287441e-16 2.983896895468662262e-17
1.127653717994689941e+00 2.056979940086563837e-16 1.138126490208142585e-17
1.128252625465393066e+00 2.299970266898875102e-16 2.403817134889517864e-17
1.128852963447570801e+00 2.286263685625524421e-16 2.528390038831636300e-17
1.129453539848327637e+00 2.002471517046177491e-16 2.246514017597656208e-17
1.130055427551269531e+00 2.724512444485591026e-16 2.052493014659055695e-17
1.130659461021423340e+00 2.345103358702136428e-16 3.875481790515068671e-17
1.131266593933105469e+00 2.073514420263661805e-16 1.815764676694342364e-17
1.131866335868835449e+00 2.020250209213453221e-16 2.183112608878936764e-17
1.132465243339538574e+00 1.682570333925379738e-16 3.273930902775885334e-17
1.133073329925537109e+00 2.548694874415199972e-16 1.029694808236302156e-16
1.133685946464538574e+00 2.371993478403908260e-16 6.248298015843446675e-17
1.134294509887695312e+00 1.870680072596104799e-16 2.259622514200906548e-17
1.134904026985168457e+00 1.894371716479705588e-16 2.069428710520466384e-17
1.135514020919799805e+00 1.584176339794360041e-16 2.978416989346620964e-17
1.136124968528747559e+00 2.054724847213397270e-16 2.285678207187959388e-17
1.136737465858459473e+00 2.480688187266928300e-16 2.572092968443017943e-17
1.137349724769592285e+00 1.915238637833111294e-16 3.883047846141968705e-17
1.137961149215698242e+00 2.317315648774071054e-16 1.272010966305770453e-17
1.138578653335571289e+00 2.426353935376321120e-16 2.956557583607049634e-17
1.139195203781127930e+00 2.172772255651982880e-16 7.300356942341875517e-18
1.139811515808105469e+00 2.285898932062613038e-16 2.105448455730210485e-17
1.140429377555847168e+00 2.421997803747269863e-16 1.796832994014841220e-17
1.141048073768615723e+00 2.092666629294469586e-16 1.794300994159816402e-17
1.141667366027832031e+00 2.088734411185739505e-16 2.361992401576999126e-17
1.142288088798522949e+00 2.238303886058597885e-16 1.464124408033762428e-17
1.142909526824951172e+00 2.051398787057546048e-16 2.453169211776269154e-17
1.143532037734985352e+00 2.240961981326200286e-16 3.166221068237395431e-17
1.144155621528625488e+00 2.018492483499002539e-16 1.780275319693367265e-17
1.144779562950134277e+00 1.937993780914404047e-16 2.669146400586109701e-17
1.145405769348144531e+00 2.043379237931619943e-16 2.473126598415336053e-17
1.146031737327575684e+00 2.579142797193235883e-16 3.227542283151666521e-17
1.146658897399902344e+00 2.089301393864807853e-16 2.778460634640707457e-17
1.147287130355834961e+00 1.899090748787096109e-16 1.822649797240988745e-17
1.147916436195373535e+00 2.113697266234711787e-16 1.769551253923862282e-17
1.148546338081359863e+00 2.221400549502750271e-16 3.054082177827051596e-17
1.149177312850952148e+00 2.004199199560780247e-16 1.250257439684605910e-17
1.149809837341308594e+00 2.193295334568362543e-16 1.450638386198942886e-17
1.150442361831665039e+00 1.944726369356095650e-16 1.452522372762093662e-17
1.151076793670654297e+00 2.042062895792027557e-16 2.297485217815418794e-17
1.151711463928222656e+00 2.041971310354605685e-16 1.515644856178260225e-17
1.152347326278686523e+00 1.700929376010422672e-16 1.947923157725817085e-17
1.152984976768493652e+00 1.981748458944907008e-16 2.061769183484347858e-17
1.153622865676879883e+00 2.248195907393548028e-16 2.798840710572788953e-17
1.154261350631713867e+00 2.478173293506971079e-16 2.295706448626184764e-17
1.154901862144470215e+00 2.148213594137528509e-16 1.427843273750451571e-17
1.155542492866516113e+00 2.204918611838161671e-16 1.788968987931299586e-17
1.156184673309326172e+00 2.005011424747858316e-16 1.678579088208137873e-17
1.156827449798583984e+00 1.953644302801703348e-16 8.692392725427764094e-18
1.157471418380737305e+00 2.471236093668958359e-16 5.266957076017891317e-17
1.158116340637207031e+00 2.045821472146570506e-16 5.284733849126145924e-17
1.158762335777282715e+00 2.135969335838273572e-16 1.267426235042634042e-17
1.159409284591674805e+00 2.278378338282178919e-16 1.944912882040614107e-17
1.160057663917541504e+00 2.529939976776213661e-16 1.605155724623848456e-17
1.160706162452697754e+00 2.028148262051007538e-16 1.628622507729732830e-17
1.161356687545776367e+00 1.825869779755086167e-16 2.320502180104196832e-17
1.162006616592407227e+00 2.274149790990807841e-16 1.848374287110775353e-17
1.162659525871276855e+00 1.955120257712293966e-16 1.445954062390055091e-17
1.163311958312988281e+00 2.223702890932505866e-16 1.199656071918715782e-17
1.163966536521911621e+00 2.376354374593287822e-16 1.023332515467626042e-17
1.164621233940124512e+00 2.144213745741916093e-16 1.097212648186167240e-17
1.165277719497680664e+00 2.350003973697594589e-16 1.312646462051621704e-17
1.165934801101684570e+00 2.377931444061956922e-16 3.295674834101944262e-17
1.166593074798583984e+00 2.091922696138763895e-16 1.837688437085570320e-17
1.167252063751220703e+00 2.098527832591673328e-16 7.472806729266318174e-18
1.167912483215332031e+00 2.113911803798383541e-16 1.811409901641495695e-17
1.168573737144470215e+00 1.910578368436436541e-16 2.324796901844572151e-17
1.169235825538635254e+00 2.161199403312324984e-16 6.763492736557196518e-18
1.169899225234985352e+00 2.083140023266920869e-16 1.703780303622423435e-17
1.170563697814941406e+00 2.324247554656163435e-16 2.110526352074551011e-17
1.171228885650634766e+00 2.161872265109800119e-16 2.382349978196419179e-17
1.171895623207092285e+00 2.159655288719259996e-16 2.128993159249797354e-17
1.172562956809997559e+00 2.002019810257274534e-16 8.225844661974380319e-18
1.173231720924377441e+00 2.124165402322692863e-16 1.098229997621546209e-17
1.173901081085205078e+00 2.180420169072301161e-16 2.452225564133468660e-17
1.174573779106140137e+00 2.064352170752330445e-16 1.738537936653534126e-17
1.175246477127075195e+00 2.231791526183192400e-16 2.030307203449770940e-17
1.175916075706481934e+00 2.208719539840067335e-16 9.627817365758868418e-18
1.176590442657470703e+00 2.014839256867274344e-16 1.161855406850145013e-17
1.177265048027038574e+00 2.164959170806950010e-16 1.458899273540387463e-17
1.177941203117370605e+00 1.973905727946720238e-16 1.817132502555260051e-17
1.178618192672729492e+00 2.054766140069575918e-16 1.401271089188920621e-17
1.179296612739562988e+00 2.327111320111271021e-16 1.702382202951086308e-17
1.179975628852844238e+00 1.957483082588439439e-16 1.303076974981118237e-17
1.180656075477600098e+00 2.140618884974209639e-16 1.210247706072151025e-17
1.181337594985961914e+00 1.936934989730336172e-16 1.153924895445354116e-17
1.182019472122192383e+00 2.014988149377533889e-16 1.213840730498897612e-17
1.182703375816345215e+00 2.155224909358425980e-16 1.340945551577979610e-17
1.183387994766235352e+00 2.053299581930743902e-16 2.421071295286761468e-17
1.184073209762573242e+00 1.834007384098035841e-16 1.317534272291197544e-17
1.184760689735412598e+00 2.106823990914437165e-16 1.065412599435239900e-17
1.185448169708251953e+00 2.304259694683330082e-16 2.686397417697025604e-17
1.186136960983276367e+00 1.843453389646697391e-16 2.908770367003126161e-17
1.186836123466491699e+00 2.107035087406760698e-16 4.846730465122987049e-17
1.187520980834960938e+00 2.287535029139793922e-16 2.009811156795809510e-17
1.188210606575012207e+00 2.086219649774680293e-16 8.465746064768847064e-18
1.188906311988830566e+00 2.189520743997160567e-16 1.227244613298890638e-17
1.189653277397155762e+00 1.973975740513766726e-16 1.115022673955046479e-17
1.190290451049804688e+00 2.114730117034770000e-16 1.508940888185762957e-17
1.190990924835205078e+00 2.183362152726131761e-16 1.717088481625544076e-17
1.191688537597656250e+00 2.088713897106548190e-16 1.223376385882347659e-17
1.192387461662292480e+00 1.976389122668951439e-16 2.658977538443750311e-17
1.193087458610534668e+00 1.913268095090662970e-16 1.352094705464275593e-17
1.193788886070251465e+00 2.124088507612949934e-16 1.699589806639229797e-17
1.194491028785705566e+00 2.044520614828045113e-16 1.554014786944389988e-17
1.195194482803344727e+00 1.694825709532067387e-16 2.188462647644807236e-17
1.195899844169616699e+00 1.920516182490097619e-16 6.238932842384243806e-18
1.196607351303100586e+00 2.008812485098661988e-16 1.551411484120563100e-17
1.197312116622924805e+00 1.959948345511643478e-16 1.600797144540184043e-17
1.198019504547119141e+00 2.196443782503086379e-16 1.472120101270822505e-17
1.198723793029785156e+00 1.920052299602577881e-16 1.414218451008845631e-17
1.199433803558349609e+00 2.156539530962344256e-16 1.613649049717420434e-17
1.200150370597839355e+00 1.784882517181940616e-16 1.095113594663752677e-17
1.200862288475036621e+00 1.975278318367966230e-16 2.072550324716119000e-17
1.201576471328735352e+00 1.974484754375507357e-16 1.366607754747640975e-17
1.202291131019592285e+00 2.271309054243953731e-16 2.818547792358497305e-17
1.203006982803344727e+00 1.697197401784379428e-16 2.628206254220655171e-17
1.203724145889282227e+00 1.779730174582470317e-16 2.124470135660357399e-17
1.204442501068115234e+00 1.879519920191887491e-16 1.972094367841351617e-17
1.205161809921264648e+00 2.059613153761340643e-16 6.780108727111855462e-18
1.205882310867309570e+00 1.928643463619002631e-16 1.411223395446913628e-17
1.206604361534118652e+00 1.864794649450565505e-16 2.556092317546037197e-17
1.207327127456665039e+00 1.939084468182891968e-16 1.079818363393157153e-17
1.208050727844238281e+00 1.957383026821545025e-16 1.515083862286826762e-17
1.208776473999023438e+00 2.011047593288229273e-16 9.489315071173602017e-18
1.209502339363098145e+00 1.822480986221578923e-16 1.018159906943148194e-17
1.210230350494384766e+00 1.943361719868730167e-16 2.149004808937047731e-17
1.210958719253540039e+00 2.091026032354756413e-16 1.258216157948284866e-17
1.211688876152038574e+00 2.416997927078305339e-16 2.149207137314878202e-17
1.212420105934143066e+00 2.320671487431974185e-16 1.837858505419511223e-17
1.213152408599853516e+00 1.830050152047582156e-16 1.902374622731707127e-17
1.213886260986328125e+00 2.069625612593478507e-16 1.138715442804280340e-17
1.214620709419250488e+00 1.856039108102814218e-16 9.806007786134429086e-18
1.215357065200805664e+00 1.997176767032450063e-16 2.320064436124033769e-17
1.216094255447387695e+00 2.564939907552353385e-16 2.901218538882762040e-17
1.216831922531127930e+00 2.167858802813417895e-16 1.202197253478539939e-17
1.217571735382080078e+00 2.002306213272564894e-16 1.517976347452802189e-17
1.218312263488769531e+00 1.962561971549515029e-16 2.571184227822067187e-17
1.219054102897644043e+00 1.795148424153764728e-16 3.273529430665582722e-18
1.219797015190124512e+00 2.026202336203588791e-16 8.340565513948747174e-18
1.220544219017028809e+00 1.769123733896070375e-16 3.634978034798540811e-17
1.221287250518798828e+00 2.116629191372293743e-16 1.540765504200883123e-17
1.222033381462097168e+00 2.144487310914099630e-16 1.397986685848717569e-17
1.222782015800476074e+00 1.849309563685776810e-16 2.076170067076651049e-17
1.223530769348144531e+00 2.138305161539225314e-16 1.697681997274437494e-17
1.224275469779968262e+00 2.028793330579900891e-16 1.106013022723118902e-17
1.225033760070800781e+00 2.104471489252336355e-16 1.893420392600820602e-17
1.225785613059997559e+00 1.938572939692089175e-16 1.129476993414920595e-17
1.226541042327880859e+00 1.698250104919138913e-16 1.545140793332921107e-17
1.227295517921447754e+00 1.968040421833678233e-16 1.403590338190396800e-17
1.228052020072937012e+00 2.203754470931279042e-16 2.258366192286561009e-17
1.228810310363769531e+00 1.920064078654500636e-16 3.244516691065744691e-17
1.229574441909790039e+00 2.304740915276488932e-16 1.273794036834189760e-17
1.230334997177124023e+00 1.949737760379186913e-16 1.093459564310891643e-17
1.231093406677246094e+00 2.153742734049628963e-16 1.630741744459093687e-17
1.231855869293212891e+00 1.746710845065027563e-16 1.457732948876687694e-17
1.232618093490600586e+00 2.131800610248802330e-16 1.892430257407594628e-17
1.233383774757385254e+00 2.405687390254500260e-16 1.872021726462441308e-17
1.234150528907775879e+00 1.811141332640211978e-16 1.440431308312283546e-17
1.234917879104614258e+00 2.146664053239645173e-16 1.634184304732416877e-17
1.235686659812927246e+00 1.832153705432529008e-16 1.372091796772745037e-17
1.236457228660583496e+00 2.003290492027053993e-16 1.443412798112169679e-17
1.237228751182556152e+00 1.967639007626018500e-16 1.446609685743564620e-17
1.238001227378845215e+00 1.801492039184209395e-16 1.259332190030741411e-17
1.238775849342346191e+00 1.806975121679802896e-16 9.474010575480145899e-18
1.239550828933715820e+00 1.725373423379201695e-16 1.443779239123530670e-17
1.240328073501586914e+00 1.836763549899062529e-16 2.381409639276068897e-17
1.241105794906616211e+00 2.242440318516955057e-16 1.051217187507094881e-17
1.241885185241699219e+00 2.236532263709856312e-16 1.571388557658208760e-17
1.242665648460388184e+00 1.828098932244243070e-16 2.455468112134676529e-17
1.243447542190551758e+00 2.079385417379318174e-16 8.885397123393536936e-18
1.244230985641479492e+00 1.918350160425290763e-16 1.044493284461835085e-17
1.245014905929565430e+00 2.153977653343594023e-16 1.764889594863758439e-17
1.245801091194152832e+00 1.679030662648142822e-16 8.456100311645866209e-18
1.246588349342346191e+00 2.020477981666925823e-16 8.639950301772514693e-18
1.247375965118408203e+00 2.031970233527696551e-16 1.490653579203440621e-17
1.248165965080261230e+00 2.144823212417245164e-16 1.683781227080483864e-17
1.248957157135009766e+00 1.993766135930771419e-16 8.844973634038683026e-18
1.249749064445495605e+00 1.661795924451681962e-16 1.724946697444797839e-17
1.250542640686035156e+00 1.923854286395667613e-16 1.415357644148453661e-17
1.251338005065917969e+00 1.819472828118744081e-16 1.214439609262386004e-17
1.252133369445800781e+00 1.877414116875674496e-16 1.253458049628757340e-17
1.252931833267211914e+00 1.955419895617385175e-16 9.585650179672752726e-18
1.253730058670043945e+00 1.864794120054973471e-16 1.008078560509596914e-17
1.254531145095825195e+00 1.952593055504821956e-16 7.845259689319344839e-18
1.255331993103027344e+00 1.993914234347642913e-16 5.876936272454499964e-18
1.256134867668151855e+00 1.969589698033765552e-16 7.807314433079699800e-18
1.256939053535461426e+00 2.024082768601982913e-16 9.626651041095168649e-18
1.257744550704956055e+00 1.831965505299560943e-16 6.617234796548632930e-18
1.258551359176635742e+00 2.065113706311471264e-16 1.162180902421184629e-17
1.259359121322631836e+00 1.869203058894330113e-16 1.449259476117816989e-17
1.260169744491577148e+00 1.918085594978171803e-16 1.062570903158875228e-17
1.260979771614074707e+00 2.033493569343774207e-16 1.330308008900547674e-17
1.261792421340942383e+00 1.912886400868806500e-16 7.336123404848055881e-18
1.262606143951416016e+00 1.916498202295458041e-16 4.150614883549700248e-18
1.263420462608337402e+00 1.964756845674087734e-16 4.692673369990905984e-18
1.264237761497497559e+00 1.936839830872668072e-16 1.192330312259762403e-17
1.265054225921630859e+00 1.972581974268839376e-16 8.950311776324860888e-18
1.265873789787292480e+00 2.033306295653092201e-16 1.087776006322039790e-17
1.266690015792846680e+00 2.038149338877916672e-16 1.245548879483770311e-17
1.267515301704406738e+00 2.199028821178988097e-16 1.239997008648436900e-17
1.268338561058044434e+00 2.334625031749008699e-16 1.804855818775993035e-17
1.269163012504577637e+00 1.904204974903939964e-16 1.068943502597983754e-17
1.269988894462585449e+00 1.679669907825523801e-16 8.978392903759811072e-18
1.270816087722778320e+00 2.049687251108500328e-16 1.008437391459322417e-17
1.271639227867126465e+00 2.001751936087705361e-16 8.975394374039306347e-18
1.272474527359008789e+00 2.051139780264143444e-16 1.223395907344803911e-17
1.273305535316467285e+00 2.093548734699696135e-16 1.053141457766076990e-17
1.274138569831848145e+00 2.252492217320699449e-16 8.709735394150550872e-18
1.274972200393676758e+00 2.130130631853731273e-16 1.060306496232011315e-17
1.275808095932006836e+00 2.167319481054033321e-16 9.580234628202368054e-18
1.276645183563232422e+00 2.451112708424564319e-16 2.089124873522089037e-17
1.277483105659484863e+00 2.268221619151211807e-16 1.501098719670392723e-17
1.278323411941528320e+00 2.002548014709226395e-16 1.850296985726593611e-17
1.279163956642150879e+00 2.112552580615836405e-16 9.620387629496917123e-18
1.280007362365722656e+00 2.196717744721963942e-16 1.403401906446857220e-17
1.280850887298583984e+00 2.299890328164477978e-16 5.739658618766118320e-18
1.281697511672973633e+00 2.136989613493020979e-16 8.083760675336759308e-18
1.282544493675231934e+00 2.397386996767000150e-16 1.590080523396192037e-17
1.283390998840332031e+00 2.139273029030361361e-16 2.088623932943126923e-17
1.284240961074829102e+00 2.203765720587609763e-16 8.693954442424264210e-18
1.285092473030090332e+00 2.338916577115831815e-16 8.711192886389869307e-18
1.285944342613220215e+00 2.312042074584024984e-16 1.021187305267031020e-17
1.286797761917114258e+00 2.237671258326117329e-16 9.446379434298424562e-18
1.287653088569641113e+00 2.505696305639019484e-16 3.509445766781983374e-17
1.288509964942932129e+00 2.266892836215206623e-16 1.205267830630398033e-17
1.289361476898193359e+00 2.350770009119267697e-16 2.564421199133833632e-17
1.290227890014648438e+00 2.206578267019188066e-16 1.743728329561181864e-17
1.291088938713073730e+00 2.098879086566987845e-16 1.464024650051888533e-17
1.291951417922973633e+00 2.685051561753177326e-16 2.005802970419622559e-17
1.292815566062927246e+00 2.643923876999244773e-16 1.687069600887627170e-17
1.293681263923645020e+00 2.102396920276053361e-16 1.915593961537039573e-17
1.294547915458679199e+00 2.622860814578990493e-16 1.402271812293987273e-17
1.295415997505187988e+00 2.409660504172714962e-16 1.430250203896858371e-17
1.296285986900329590e+00 2.110428248453902222e-16 6.971604761230637857e-18
1.297156572341918945e+00 2.079533251098393651e-16 1.647386438181008220e-17
1.298029422760009766e+00 2.396178121932590653e-16 9.021840565434158851e-18
1.298903465270996094e+00 2.367501027409908265e-16 1.187299151620031123e-17
1.299778461456298828e+00 2.297189881249512861e-16 1.462493042429685347e-17
1.300655722618103027e+00 2.499849925418392693e-16 9.070183481973595447e-18
1.301534771919250488e+00 2.524825221263777772e-16 9.324962555265440948e-18
1.302414536476135254e+00 2.187034569948071187e-16 1.070686454866694238e-17
1.303295969963073730e+00 2.338485119708324156e-16 2.455032353387983594e-17
1.304178953170776367e+00 2.024772306360607117e-16 1.108105458800633041e-17
1.305063247680664062e+00 2.278837588958268360e-16 1.280878177036216399e-17
1.305949449539184570e+00 2.479926122312195447e-16 1.272300065929857736e-17
1.306836366653442383e+00 2.320640253092044183e-16 1.625697762519867835e-17
1.307725667953491211e+00 2.310862316507177354e-16 1.547229589815740013e-17
1.308615922927856445e+00 2.266932011489017134e-16 1.220064685581930358e-17
1.309507489204406738e+00 2.277875412469746678e-16 1.265879903605527412e-17
1.310401558876037598e+00 2.001308170232682913e-16 9.353161969527986214e-18
1.311296224594116211e+00 2.216397231762437525e-16 5.917229480862876771e-18
1.312192320823669434e+00 2.238331944024975683e-16 1.561082383534165567e-17
1.313090324401855469e+00 2.049187501669620290e-16 1.396540939574097387e-17
1.313989281654357910e+00 1.911883990315290239e-16 8.355118102465392590e-18
1.314890623092651367e+00 2.088948022307125199e-16 1.597830874863568885e-17
1.315792798995971680e+00 2.037405273373312973e-16 8.989563977932339711e-18
1.316696763038635254e+00 2.109312282545894681e-16 1.333903597587193175e-17
1.317602872848510742e+00 2.258114133810303851e-16 1.167771568027246778e-17
1.318509578704833984e+00 2.031658948919580596e-16 1.766052941677253018e-17
1.319416999816894531e+00 2.001898313968902745e-16 1.543238277924049144e-17
1.320327162742614746e+00 2.090780128102256649e-16 1.266127396044803278e-17
1.321238517761230469e+00 1.896005431276722320e-16 5.590882327382637039e-18
1.322151541709899902e+00 1.953510101019122745e-16 1.004472053038865713e-17
1.323066115379333496e+00 1.983751030120673386e-16 1.057376539784287236e-17
1.323982000350952148e+00 1.753249939417830762e-16 1.041983370329165433e-17
1.324900150299072266e+00 1.822452531208507099e-16 9.767651421130345193e-18
1.325819015502929688e+00 1.810205228884597967e-16 1.602192432797438490e-17
1.326739907264709473e+00 1.758083056475304596e-16 7.830546627763864136e-18
1.327662110328674316e+00 1.786302885555367671e-16 1.013430336354753748e-17
1.328586101531982422e+00 1.915853927859952738e-16 1.180689068627058624e-17
1.329511046409606934e+00 1.863829561286287637e-16 1.016698030646583228e-17
1.330438375473022461e+00 1.790476772751861245e-16 9.644569427524292334e-18
1.331365823745727539e+00 1.629862517642398823e-16 1.322130087774542166e-17
1.332295894622802734e+00 1.665352139341169939e-16 1.036347457943596635e-17
1.333228111267089844e+00 1.425468570560709837e-16 3.365146094155577823e-18
1.334160804748535156e+00 1.673095608665850346e-16 3.595613502063877288e-18
1.335099458694458008e+00 1.681385281892611768e-16 3.952097740391567754e-18
1.336032152175903320e+00 1.700287616203979531e-16 6.294490428226367910e-18
1.336968898773193359e+00 1.634655003588184052e-16 7.966648444211501650e-18
1.337908625602722168e+00 1.521833259038565442e-16 8.809414793866253472e-18
1.338848948478698730e+00 1.586025253899538568e-16 9.143235937771216086e-18
1.339792013168334961e+00 1.603620642843072547e-16 6.588443534557805972e-18
1.340735316276550293e+00 1.489569377030955117e-16 1.059476337769253097e-17
1.341681718826293945e+00 1.671640829578941085e-16 8.469210297174219144e-18
1.342628240585327148e+00 1.488415956384811175e-16 1.078281958123401160e-17
1.343577504158020020e+00 1.569245795912226895e-16 9.398418675201987465e-18
1.344528436660766602e+00 1.544729883091829265e-16 6.844606481014452689e-18
1.345479726791381836e+00 1.539141450873421010e-16 1.094516452979550647e-17
1.346433997154235840e+00 1.469719292260948597e-16 9.902754830578631203e-18
1.347388148307800293e+00 1.199277024674819483e-16 1.149278291072398738e-17
1.348345041275024414e+00 1.360188667758106969e-16 1.271171874292396662e-17
1.349303483963012695e+00 1.167673828366067512e-16 1.268447472226892010e-17
1.350262880325317383e+00 1.223900404800400002e-16 1.792084315554296799e-17
1.351224064826965332e+00 1.251871682650003144e-16 2.289530221864496327e-17
1.352187037467956543e+00 8.308683822471360850e-17 1.256036619752268893e-17
1.353152394294738770e+00 9.938528737710324544e-17 9.246134724430975070e-18
1.354118227958679199e+00 8.721877082053849234e-17 2.286303390294926966e-17
1.355086445808410645e+00 8.525688369601992257e-17 2.633057006768788636e-17
1.356055498123168945e+00 9.089210124987417679e-17 1.790806983252392413e-17
1.357026100158691406e+00 2.311712558915208360e-17 1.750820410697089013e-17
1.357998967170715332e+00 7.151089553828721503e-17 3.484705125532767337e-17
1.358973741531372070e+00 9.721561910015625555e-17 3.830143028524302161e-17
1.359947919845581055e+00 1.983516904920096377e-16 7.343330298652985390e-17
1.360927104949951172e+00 8.248352577314193223e-17 9.736795929920892155e-17
1.361904859542846680e+00 8.871920365981577987e-17 1.197928257055215018e-16
1.362886667251586914e+00 8.077478900328909106e-17 9.245657772089776994e-17
1.363868594169616699e+00 2.220045296787143390e-16 8.200087581188459122e-17
1.364853262901306152e+00 3.211473274048864393e-16 9.458711704614855141e-17
1.365838289260864258e+00 6.684528586357781901e-17 1.143091741096665640e-16
1.366826176643371582e+00 1.753586833537711359e-17 7.181580754696406188e-17
1.367815256118774414e+00 -3.988666568091924554e-17 1.184824525012292983e-16
1.368805766105651855e+00 -6.538459078092757892e-17 2.084412160874578421e-16
1.369797229766845703e+00 -4.998709682556334909e-17 6.966572690692232768e-17
1.370792269706726074e+00 4.516119278303097715e-17 1.067864627468643091e-16
1.371786594390869141e+00 9.413647566587456236e-17 4.804516791486445877e-17
1.372783780097961426e+00 2.598957478633025133e-17 4.787741899536115497e-17
1.373783588409423828e+00 6.637491126261076493e-17 4.107822597074678233e-17
1.374783396720886230e+00 1.215585849980812985e-16 5.031060385441038800e-17
1.375786185264587402e+00 1.004935505792466923e-16 3.371174586459864289e-17
1.376788973808288574e+00 1.814509512832854400e-17 3.818501288583230849e-17
1.377794742584228516e+00 1.037433248302858241e-16 1.973712829427872871e-17
1.378802180290222168e+00 8.986274446072338830e-17 3.274061928184913734e-17
1.379810929298400879e+00 8.099558005239174520e-17 3.022869675465220671e-17
1.380819201469421387e+00 3.271444066982305912e-17 5.296493379586444787e-17
1.381833195686340332e+00 5.413155955330718619e-17 1.976034229098941688e-17
1.382840275764465332e+00 7.766632367065361814e-17 6.800286888256412763e-17
1.383861184120178223e+00 1.027887451685098293e-16 3.141181980223170262e-17
1.384878754615783691e+00 2.502035402771206796e-17 4.692391797710392934e-17
1.385897874832153320e+00 1.358317651386961025e-16 5.703685609260983466e-17
1.386917471885681152e+00 8.850951668325603757e-17 3.619932942945181323e-17
1.387940168380737305e+00 2.742239388233745439e-17 2.130540814175884069e-17
1.388963460922241211e+00 7.637948871787222363e-17 2.428384564518465297e-17
1.389989376068115234e+00 6.979750670466937563e-17 1.022605506427253186e-17
1.391016006469726562e+00 1.098133680711020535e-16 2.912126404184376305e-17
1.392043709754943848e+00 3.768851592112082980e-17 4.175044256734412580e-17
1.393077135086059570e+00 1.018316045555573703e-16 3.228550120010001130e-17
1.394106745719909668e+00 6.878883604827731326e-17 6.027852265015696664e-16
1.395140051841735840e+00 2.984229091202663558e-17 1.069541471462798337e-17
1.396176695823669434e+00 1.227229773678701437e-16 3.354314329470318436e-17
1.397215247154235840e+00 4.121166343844138655e-17 2.681163184216912556e-17
1.398251056671142578e+00 9.067766956532083032e-17 3.811852079947284592e-17
1.399292469024658203e+00 4.632792772831457247e-17 4.219757339309843981e-17
1.400335431098937988e+00 1.429157001999308290e-16 2.025315168453013418e-17
1.401379346847534180e+00 1.034180310913156706e-16 2.970288120030939851e-17
1.402425765991210938e+00 6.627515989818177022e-17 2.025452811306942242e-17
1.403472065925598145e+00 1.193690312992085338e-16 3.220216109902406866e-17
1.404522061347961426e+00 7.004918798656721004e-17 3.431113086262191738e-17
1.405571579933166504e+00 3.696591079032920610e-17 2.330907285029501367e-17
1.406625390052795410e+00 9.039607743247307843e-17 1.009982482125510218e-17
1.407678008079528809e+00 9.568529526226375180e-17 2.298492889237630893e-17
1.408733963966369629e+00 6.432742087086030743e-17 3.024300367052692388e-17
1.409791946411132812e+00 1.421154790579021296e-16 2.606505667158694022e-17
1.410851240158081055e+00 3.778224871941288868e-17 1.671869329951352734e-17
1.411912202835083008e+00 4.807967458129772088e-17 1.428024922612968216e-17
1.412974476814270020e+00 1.288744879728554956e-16 3.546630182294202138e-17
1.414039492607116699e+00 -1.159493475329061098e-17 1.248227191045543508e-16
1.415105342864990234e+00 9.918605596348617341e-17 3.192308690396092818e-17
1.416173934936523438e+00 1.238623293261557835e-16 2.478847544967875303e-17
1.417242646217346191e+00 1.303989487545662235e-16 2.616610174649396786e-17
1.418315291404724121e+00 1.309059376781673248e-16 1.589428043329010209e-17
1.419387698173522949e+00 6.576236085795809645e-17 6.612995909499604940e-18
1.420463323593139648e+00 1.021203170591179787e-16 1.564778226511052495e-17
1.421538829803466797e+00 1.025831014507842462e-16 1.656339841131282192e-17
1.422617554664611816e+00 8.882257476660530664e-17 1.120892678453967785e-17
1.423696637153625488e+00 8.431463233409341811e-17 6.775289159272815246e-18
1.424778342247009277e+00 9.369013562478584905e-17 1.108835941999578619e-17
1.425861597061157227e+00 1.067105738887462441e-16 1.230697596047931997e-17
1.426946401596069336e+00 7.672116063297092703e-17 1.267978212665390677e-17
1.428034067153930664e+00 7.492703897156791212e-17 1.774805174302554093e-17
1.429122567176818848e+00 1.049069032543519170e-16 7.811625698432326181e-18
1.430212855339050293e+00 6.992912106629391297e-17 6.839020943928188369e-18
1.431304335594177246e+00 1.064943621115146835e-16 1.717737652970275692e-17
1.432398319244384766e+00 1.070814882928599221e-16 1.277312201415500297e-17
1.433494091033935547e+00 7.430568736519767943e-17 1.707946316059485504e-17
1.434591174125671387e+00 1.071034846797089323e-16 9.548780258229426623e-18
1.435689687728881836e+00 1.448574041175031048e-16 1.323582865084369048e-17
1.436791062355041504e+00 5.396762228206652674e-17 9.064227781563213648e-18
1.437894105911254883e+00 1.074809635891638311e-16 1.771958845814759125e-17
1.438998341560363770e+00 8.845082656443417515e-17 1.350550111106455325e-17
1.440104961395263672e+00 9.847049841151350150e-17 1.444546697295857369e-17
1.441211819648742676e+00 9.704805216038771341e-17 6.268107916179295369e-18
1.442322015762329102e+00 8.220682393207559384e-17 8.026021814219332871e-18
1.443431973457336426e+00 9.175559178259583217e-17 7.489509160194988909e-18
1.444546222686767578e+00 7.506311349105533538e-17 1.215298098661124163e-18
1.445658922195434570e+00 8.687058072221287108e-17 1.539723918373556350e-17
1.446776151657104492e+00 7.549982514981393145e-17 3.236327189411163441e-18
1.447892427444458008e+00 8.863387170782480954e-17 5.542047651969037668e-18
1.449013590812683105e+00 8.510633020709037111e-17 9.214330457058923709e-18
1.450135350227355957e+00 8.596379886495264045e-17 1.063466822480331413e-17
1.451259255409240723e+00 9.839747490703732022e-17 9.839464760370361397e-18
1.452379822731018066e+00 9.456464420326671076e-17 1.262410294526173737e-17
1.453512072563171387e+00 3.835871750574599409e-17 1.830306677299147101e-17
1.454640507698059082e+00 7.926418515119985149e-17 8.942624456020160581e-17
1.455771565437316895e+00 8.896486306685422825e-17 5.705592839599346982e-18
1.456903696060180664e+00 7.961397667119137541e-17 5.444365893432650630e-18
1.458038091659545898e+00 1.058237171580811908e-16 1.307933765947723339e-17
1.459173798561096191e+00 1.133833935680972154e-16 1.310652129594756354e-17
1.460311532020568848e+00 8.264238415542151609e-17 8.829273746012426561e-18
1.461451053619384766e+00 7.903376571976708010e-17 1.206681978605618689e-17
1.462592482566833496e+00 8.557593056700407556e-17 1.355697407904189050e-17
1.463735103607177734e+00 8.324737082055299968e-17 7.551969568248868028e-18
1.464880228042602539e+00 6.987338232789763975e-17 5.970754270349651810e-18
1.466026067733764648e+00 7.732622008999631529e-17 1.033835475859395600e-17
1.467174410820007324e+00 1.014703648558881125e-16 7.212524423359157379e-18
1.468323826789855957e+00 1.022491653287741387e-16 1.173774583168666610e-17
1.469476103782653809e+00 8.804260300597190536e-17 1.527819796742183218e-17
1.470629215240478516e+00 7.194023536342673852e-17 6.299134220185240607e-18
1.471785306930541992e+00 8.673424812237433127e-17 6.009464255065602122e-18
1.472941756248474121e+00 7.746928924874348695e-17 5.279060051868522197e-18
1.474100470542907715e+00 7.742401930817968485e-17 7.878608302895032703e-18
1.475260853767395020e+00 7.838466716692936865e-17 4.989395463422865307e-18
1.476423263549804688e+00 7.688883345185787595e-17 7.923182584563677705e-18
1.477587342262268066e+00 7.461540363887223426e-17 1.171716475086573422e-17
1.478753209114074707e+00 9.911407801530425915e-17 6.842867333776559948e-18
1.479921460151672363e+00 8.589008052876191462e-17 6.426683816279692369e-17
1.481090903282165527e+00 8.942395492426605903e-17 1.171434075625447818e-17
1.482262134552001953e+00 1.064586345264972931e-16 1.190759413558462948e-17
1.483435750007629395e+00 9.034579808611965519e-17 1.336166515588954493e-17
1.484609961509704590e+00 9.194772929527964943e-17 1.385817452831021192e-17
1.485786795616149902e+00 8.036936462401970071e-17 1.022814617686106591e-17
1.486965537071228027e+00 1.140957482767380820e-16 1.170633943818925275e-17
1.488145351409912109e+00 7.286313731646440256e-17 1.573856368297699463e-17
1.489327907562255859e+00 9.672649727778629965e-17 5.512454438374340550e-18
1.490511536598205566e+00 4.140860190740046159e-17 2.983281142220677788e-17
1.491697549819946289e+00 5.849878863745645407e-17 1.076647531951057632e-17
1.492885112762451172e+00 8.026941473624369327e-17 4.638761873567762405e-18
1.494074821472167969e+00 5.896762137376170931e-17 2.444464955626496155e-17
1.495264768600463867e+00 6.758531472679225969e-17 1.622033186970135412e-17
1.496458768844604492e+00 9.222314073459040511e-17 3.190575416140549204e-18
1.497649073600769043e+00 8.016716859508723862e-17 1.131616496069289002e-17
1.498883605003356934e+00 9.208605374603321693e-17 4.665775110831906630e-16
1.500053524971008301e+00 8.996726038548068845e-17 1.993761495447534997e-18
1.501243829727172852e+00 8.346617663618552656e-17 7.467999155546159977e-18
1.502445578575134277e+00 8.042666507941247404e-17 1.156542591211839427e-17
1.503649950027465820e+00 8.302015423245203362e-17 1.404191036751232808e-17
1.504855275154113770e+00 8.986904426826859216e-17 1.398120523671828649e-17
1.506061315536499023e+00 1.091719192845692324e-16 1.182807643611929438e-17
1.507272243499755859e+00 8.091715009543191733e-17 4.999987924756913102e-18
1.508483171463012695e+00 8.925093520989956734e-17 1.053435934064145867e-17
1.509696006774902344e+00 8.759932022442718804e-17 2.270036883549071677e-17
1.510911226272583008e+00 8.075320951546880767e-17 1.394735038860771617e-17
1.512126445770263672e+00 9.958277178526660548e-17 2.357469874295926702e-17
1.513343453407287598e+00 8.626500510448524973e-17 1.730701000055538290e-18
1.514562249183654785e+00 8.932927914007568969e-17 5.325735785883358166e-18
1.515783667564392090e+00 7.073702506185200489e-17 3.979610594745694007e-18
1.517006039619445801e+00 7.358780709006495862e-17 1.198224718586754023e-17
1.518231153488159180e+00 7.715155263184961796e-17 7.766821460553391437e-18
1.519457221031188965e+00 8.808703914847825400e-17 4.790788157577964532e-18
1.520685791969299316e+00 7.289490105198643882e-17 9.520513842337264562e-18
1.521916389465332031e+00 8.564280646516776274e-17 8.391896206860725307e-18
1.523148536682128906e+00 8.588327117795937810e-17 1.297413765635335188e-17
1.524382710456848145e+00 8.213810838422958872e-17 4.267927705973502015e-17
1.525622606277465820e+00 7.505828275627802570e-17 8.239119256444631307e-18
1.526870727539062500e+00 1.027710567382909953e-16 9.588036595739968211e-18
1.528095006942749023e+00 8.668995094621089153e-17 8.898186162844219296e-18
1.529335498809814453e+00 7.103047565596131699e-17 9.042348854361186066e-18
1.530578732490539551e+00 7.265121364352831687e-17 2.414276502863005878e-17
1.531822681427001953e+00 6.382203336892510880e-17 7.825960738447870150e-18
1.533050894737243652e+00 7.931249911641784873e-17 1.182987803549343488e-17
1.534317731857299805e+00 7.468003622321467763e-17 2.805178899298415272e-17
1.535567402839660645e+00 8.525608960263187167e-17 9.050834073084755024e-18
1.536821603775024414e+00 9.237671177839455001e-17 1.101263434363900672e-17
1.538074731826782227e+00 6.067203033464967305e-17 8.565744756200995133e-18
1.539327621459960938e+00 8.663685918577478801e-17 3.889832546962251149e-18
1.540584683418273926e+00 8.742008011185429758e-17 7.474179849083156200e-18
1.541844248771667480e+00 7.598228320516916016e-17 7.843989967079075941e-18
1.543104290962219238e+00 8.256232630701618386e-17 4.235029905831655552e-18
1.544367313385009766e+00 8.864698748361745035e-17 8.544750912254399291e-18
1.545631885528564453e+00 9.081549770770686600e-17 1.078405208034671561e-17
1.546897530555725098e+00 7.723341042526786558e-17 9.358991938485259954e-18
1.548165917396545410e+00 8.791157097949860535e-17 6.226659550045488258e-18
1.549433350563049316e+00 8.843440206619132223e-17 7.931082986594171672e-18
1.550705075263977051e+00 8.718326822864771639e-17 7.245924322132823531e-18
1.551978588104248047e+00 8.407220885761127718e-17 7.203898583931454407e-18
1.553269267082214355e+00 8.015219993472247903e-17 7.997890228767016952e-18
1.554529547691345215e+00 8.209034366693832669e-17 8.347717317524880651e-18
1.555808901786804199e+00 8.059158504122084649e-17 5.863918103974140414e-18
1.557089567184448242e+00 1.142960186292045206e-16 6.804525444433195733e-18
1.558371186256408691e+00 7.536099777324793171e-17 7.150485050237067751e-18
1.559655308723449707e+00 8.260310300249259791e-17 5.476826115030456542e-18
1.560939908027648926e+00 9.146024198180009832e-17 3.043468168438046794e-18
1.562227725982666016e+00 1.040198744701194527e-16 7.514332850377705269e-18
1.563517212867736816e+00 8.870626655503545052e-17 1.128322083843674058e-17
1.564813017845153809e+00 1.094696844527536211e-16 8.193048605047877878e-18
1.566100597381591797e+00 9.612925964063321282e-17 5.442258650822171792e-18
1.567395925521850586e+00 9.924884228070139842e-17 8.201311312186670071e-18
1.568692445755004883e+00 1.027250721136779474e-16 8.951840406096858884e-18
1.569990634918212891e+00 9.604197554239661734e-17 7.447343628470098323e-18
1.571290612220764160e+00 9.355803818968358074e-17 6.070914675591553995e-18
1.572590708732604980e+00 9.543800134633489865e-17 7.590185312548817907e-18
1.573894619941711426e+00 9.510908786500421315e-17 3.260913685553230221e-18
1.575200319290161133e+00 9.392765557459677563e-17 3.422566697532324484e-18
1.576505899429321289e+00 8.683207381033730254e-17 5.908065146856401778e-18
1.577813625335693359e+00 8.969151145648001115e-17 3.603475853786193816e-18
1.579122304916381836e+00 1.024753628303604394e-16 1.027556926855934354e-17
1.580435752868652344e+00 8.785989535227119260e-17 1.119576716817457173e-17
1.581749796867370605e+00 9.320905399796990858e-17 9.635208224532029720e-18
1.583057045936584473e+00 8.764183730791241366e-17 1.310169883297637939e-17
1.584383845329284668e+00 9.382664689563670031e-17 9.773322571410008751e-18
1.585703969001770020e+00 1.118528976766373006e-16 1.608641298289024404e-17
1.587025284767150879e+00 8.893114056764166641e-17 1.100730151022987735e-17
1.588349103927612305e+00 7.953434895670457075e-17 7.379767108327578727e-18
1.589673519134521484e+00 9.702882848295198105e-17 4.999052797074421905e-18
1.591006398200988770e+00 7.702071912872333068e-17 7.150035063983838904e-18
1.592326402664184570e+00 8.593805038684508980e-17 4.130312562595198737e-18
1.593655109405517578e+00 8.144784932411123861e-17 3.632585166722547413e-18
1.594987630844116211e+00 7.662946931643064901e-17 6.612468995449408661e-18
1.596320629119873047e+00 8.194775758166888600e-17 7.118114991326030119e-18
1.597654700279235840e+00 7.790665603454722502e-17 9.788796639129038239e-18
1.598990917205810547e+00 9.121285542164263922e-17 6.242006231950184580e-18
1.600330591201782227e+00 8.870799370815446124e-17 7.397289275243289512e-18
1.601670742034912109e+00 8.194514369093321843e-17 7.312451977258625888e-18
1.603013038635253906e+00 8.379061010731862487e-17 5.554649748601283045e-18
1.604356646537780762e+00 5.802570750152512649e-17 1.306859092895894446e-17
1.605702877044677734e+00 6.292765922085317358e-17 1.313373967400362091e-17
1.607050180435180664e+00 8.072539639455232467e-17 1.558019333725881706e-17
1.608377814292907715e+00 6.991854638934303506e-17 4.239257625942414076e-17
1.609728336334228516e+00 6.647353104396178710e-17 4.241382818372185315e-17
1.611101627349853516e+00 5.406548105725400013e-17 4.888268497635194908e-18
1.612455844879150391e+00 9.427609713582861301e-17 8.382248799376519345e-18
1.613812685012817383e+00 7.781176187467514168e-17 1.420522063584867234e-17
1.615170001983642578e+00 1.092305961685012940e-16 1.366889988772644068e-17
1.616530537605285645e+00 8.175397232520486310e-17 5.134608674317774421e-18
1.617891073226928711e+00 8.281740895559283632e-17 1.245493458382729258e-17
1.619269251823425293e+00 7.419536794126270723e-17 8.267595776212381838e-18
1.620617389678955078e+00 5.692021700879495733e-17 7.295125024967477617e-18
1.621984243392944336e+00 7.543482198855706432e-17 1.393195986613055454e-17
1.623352646827697754e+00 6.810528045984309289e-17 1.156903738267280079e-17
1.624722361564636230e+00 5.901631253333903073e-17 8.973015402597603839e-18
1.626094698905944824e+00 7.344571069571814931e-17 9.321105412069106180e-18
1.627467632293701172e+00 7.719872177909984181e-17 8.071079996546321394e-18
1.628843426704406738e+00 6.846906125835411361e-17 6.295135629104159272e-18
1.630218863487243652e+00 5.791360798491194018e-17 6.999090318624549861e-18
1.631596088409423828e+00 7.671947318452131885e-17 8.221422554419671833e-18
1.632977247238159180e+00 6.062768021892702992e-17 1.085163356357291052e-17
1.634359121322631836e+00 3.376775922695828371e-17 1.414565205121627860e-17
1.635742664337158203e+00 4.976926708305363478e-17 1.550532025693296721e-17
1.637128472328186035e+00 7.278203391176480330e-17 9.961387873938227464e-18
1.638515353202819824e+00 5.714225875498379166e-17 9.001252867168326545e-18
1.639903545379638672e+00 6.461787376242972736e-17 8.619213710996422842e-18
1.641294121742248535e+00 5.708438919932958184e-17 5.330703005461739097e-18
1.642685770988464355e+00 6.476229287993658557e-17 8.059435775063412423e-18
1.644079327583312988e+00 5.490204851539827956e-17 3.869244435106112566e-18
1.645475149154663086e+00 6.822035782666147010e-17 6.680392517858894252e-18
1.646872162818908691e+00 6.461766862163781421e-17 6.151636750028766307e-18
1.648271560668945312e+00 5.326127952211769556e-17 5.647507389805260825e-18
1.649672150611877441e+00 5.227155461047554774e-17 5.338903674054589813e-18
1.651074886322021484e+00 7.272820761494475268e-17 8.487988951440397979e-18
1.652478814125061035e+00 6.723198949122390924e-17 9.554406740756012318e-18
1.653884410858154297e+00 6.025255050241178165e-17 7.179333801280467144e-18
1.655292630195617676e+00 6.043871246235051585e-17 2.455424230203180591e-18
1.656701087951660156e+00 6.309611289823837256e-17 4.945133442435459072e-18
1.658111572265625000e+00 6.190451621246388344e-17 3.534211058013453491e-18
1.659523725509643555e+00 5.788576839421585548e-17 3.179293499765938459e-18
1.660938262939453125e+00 5.882090600287440390e-17 3.734270893013997382e-18
1.662353277206420898e+00 4.885864049030625767e-17 3.519917790618843449e-18
1.663767695426940918e+00 4.679807071871011170e-17 3.202636743447338038e-18
1.665186882019042969e+00 5.221540559049544822e-17 7.912555795234208958e-18
1.666628718376159668e+00 4.463038436651079886e-17 8.641486376170025665e-18
1.668051719665527344e+00 4.583743609485022876e-17 6.341687286027112286e-18
1.669455885887145996e+00 5.526808255389789473e-17 7.796810066480888902e-18
1.670882463455200195e+00 5.460785015001521953e-17 2.050732278007175321e-17
1.672310113906860352e+00 5.985467662777377534e-17 6.865930370025457189e-18
1.673739790916442871e+00 5.854861799755664846e-17 6.742291683867156142e-18
1.675172090530395508e+00 5.064616786786599984e-17 1.845429689566209085e-17
1.676604151725769043e+00 5.006384264279601900e-17 5.933315248644889224e-18
1.678036808967590332e+00 5.595734568855873100e-17 4.467286918995213492e-18
1.679472088813781738e+00 6.117454586549808757e-17 9.039055434752306186e-19
1.680908799171447754e+00 6.318963062957116766e-17 1.718662937203477509e-18
1.682332873344421387e+00 6.338220489361841292e-17 5.705778955237171413e-18
1.683788061141967773e+00 4.974830632633154106e-17 3.903534793809192052e-18
1.685228466987609863e+00 7.154794661228469025e-17 4.554444872188394635e-18
1.686673164367675781e+00 6.142835796465385858e-17 2.504308122863226867e-18
1.688119173049926758e+00 6.261407174191187057e-17 5.251978985794148624e-18
1.689566493034362793e+00 4.525812180720994093e-17 1.005475257685770025e-17
1.691015362739562988e+00 7.814933097393558206e-17 1.092331951699859356e-17
1.692466259002685547e+00 6.134745970074617248e-17 9.603624814383530017e-18
1.693918466567993164e+00 5.245329942594324877e-17 4.769695879138474880e-18
1.695372223854064941e+00 6.131837603040880802e-17 5.219883137256172320e-18
1.696825623512268066e+00 7.000789513038856290e-17 8.133269916539895674e-18
1.698283076286315918e+00 4.654704456385741929e-17 1.029662018796820554e-17
1.699741959571838379e+00 6.371705422302477895e-17 9.225468444006950226e-18
1.701202869415283203e+00 6.504091378002404699e-17 6.271430700699920881e-18
1.702665090560913086e+00 6.550378419847402000e-17 1.411611343154200998e-17
1.704128265380859375e+00 6.654486709998836021e-17 9.322162548891948949e-18
1.705593109130859375e+00 6.979135248091198110e-17 3.679624860206906714e-18
1.707049131393432617e+00 7.370136906200113868e-17 4.084936329322683574e-18
1.708526492118835449e+00 7.651664188087841604e-17 1.028642601409910203e-17
1.709996461868286133e+00 7.342832666796473488e-17 9.198609889517353418e-18
1.711467623710632324e+00 6.733933768239859096e-17 7.517486890053369964e-18
1.712941169738769531e+00 6.798775463841155871e-17 7.203863015165114627e-18
1.714415907859802246e+00 6.324217975952543640e-17 7.536435116345122169e-18
1.715892195701599121e+00 6.716175193105080655e-17 7.070629033901198459e-18
1.717369675636291504e+00 5.048419928648321660e-17 3.911893453899040397e-18
1.718849062919616699e+00 7.006922560972569458e-17 5.066802611555271360e-18
1.720327973365783691e+00 5.001354675283034470e-17 4.467321246990634443e-18
1.721810221672058105e+00 5.374438608707316585e-17 6.954597100655935055e-18
1.723307371139526367e+00 4.756234259131725652e-17 1.155307362403113991e-17
1.724780678749084473e+00 7.117696603372200797e-17 2.901487579376994912e-18
1.726268172264099121e+00 6.317415904339397583e-17 2.874716912827481863e-18
1.727756977081298828e+00 5.594131161956500311e-17 2.294434617075353856e-18
1.729246497154235840e+00 7.410573465008646115e-17 4.170940365561353244e-18
1.730738520622253418e+00 6.239801216591301975e-17 9.669103604492615135e-18
1.732231497764587402e+00 6.326067551802212210e-17 6.586406188709087865e-18
1.733725190162658691e+00 7.373450922606246318e-17 7.476084018853253269e-18
1.735222339630126953e+00 6.622722312732309716e-17 4.138214618986917810e-18
1.736720561981201172e+00 6.642072383365640181e-17 9.790574250265414696e-18
1.738219618797302246e+00 5.922863325296914188e-17 1.117661462827151893e-17
1.739720702171325684e+00 5.636355092632637140e-17 6.414925443872251080e-18
1.741223573684692383e+00 6.248135226698896239e-17 5.882337348264164958e-18
1.742727994918823242e+00 5.961273622476936538e-17 8.193693805925669239e-18
1.744233846664428711e+00 7.100310590385316241e-17 6.596169815069357527e-18
1.745740771293640137e+00 6.769156442211347099e-17 5.714917646644657263e-18
1.747249960899353027e+00 8.353063054951565848e-17 6.180228661491967985e-18
1.748759984970092773e+00 7.493097635128366453e-17 6.247212506725593337e-18
1.750272631645202637e+00 6.922722853804061708e-17 6.040900427065067386e-18
1.751785039901733398e+00 6.508152503937795043e-17 3.374007059672398994e-18
1.753300428390502930e+00 6.964632455847428387e-17 6.022790134733831398e-18
1.754814863204956055e+00 6.962135693886498328e-17 3.548521282610620869e-18
1.756334900856018066e+00 6.209202813116230417e-17 3.405879776240139118e-18
1.757854819297790527e+00 7.344185272534120199e-17 6.069780197381437518e-18
1.759368062019348145e+00 7.355779697744153477e-17 5.823146785171707957e-18
1.760890722274780273e+00 6.717550298155388808e-17 3.620215921432735714e-18
1.762416720390319824e+00 6.523321011138547443e-17 6.237950978997143362e-18
1.763942956924438477e+00 5.923102215057819502e-17 1.044146613067114111e-17
1.765470027923583984e+00 6.408317759703054985e-17 1.084531721241545560e-17
1.766998291015625000e+00 6.049755478240508803e-17 7.986002816184017392e-18
1.768529653549194336e+00 5.364305646203541996e-17 2.490206720011698500e-17
1.770061731338500977e+00 8.441264992795850168e-17 1.099185060356799935e-17
1.771595239639282227e+00 8.227648577454235962e-17 6.157687576209591704e-18
1.773126959800720215e+00 6.489188892086649352e-17 4.896702431160785578e-18
1.774664163589477539e+00 7.912007043615841280e-17 3.458121401801691272e-18
1.776200175285339355e+00 7.220178325567110545e-17 3.579417305670089006e-18
1.777738213539123535e+00 7.503626651709431432e-17 4.487799343825303472e-18
1.779277563095092773e+00 7.205504141500419834e-17 2.900352687576572158e-18
1.780818819999694824e+00 7.592858925724711803e-17 2.505697372702009677e-18
1.782358407974243164e+00 7.313962739929392737e-17 1.823764919424771482e-18
1.783903717994689941e+00 8.147181109209567472e-17 5.598139182896564751e-18
1.785449862480163574e+00 7.994283721296285752e-17 7.079460014120814583e-18
1.786998152732849121e+00 7.821852959525931815e-17 1.055494786608790353e-17
1.788547158241271973e+00 8.577144959403200960e-17 6.321370903002197374e-18
1.790097236633300781e+00 8.339524424429787934e-17 8.465413538162600747e-18
1.791649699211120605e+00 7.974148159953274931e-17 9.639386313806035063e-18
1.793202519416809082e+00 8.251970334441255145e-17 1.108793094043848373e-17
1.794753789901733398e+00 7.199627188684353083e-17 4.225125245176945598e-18
1.796310067176818848e+00 6.566984897825016584e-17 8.373326829289522388e-18
1.797866940498352051e+00 6.407468741522330557e-17 1.039947182533304900e-17
1.799425721168518066e+00 7.492993741243429793e-17 1.147708384987834347e-17
1.800986528396606445e+00 6.253550943605403422e-17 6.871273129601937195e-18
1.802548646926879883e+00 4.915678947029487097e-17 1.133440842910274704e-17
1.804112076759338379e+00 6.297703859470013912e-17 1.158974667648867839e-17
1.805676460266113281e+00 6.752316368428747540e-17 6.097820792966372603e-18
1.807239055633544922e+00 5.258940041521027373e-17 5.696626615349578438e-18
1.808796882629394531e+00 6.964073281753342540e-17 7.330906376724683935e-18
1.810374736785888672e+00 6.436607998396858574e-17 4.358542446946542262e-18
1.811944484710693359e+00 5.572940779896361869e-17 1.058317375013005050e-17
1.813515663146972656e+00 6.302518050635072533e-17 1.288634566922064884e-17
1.815089106559753418e+00 5.013485444402247132e-17 1.837788525939689237e-17
1.816662788391113281e+00 5.093888061686891464e-17 6.350734160386604750e-18
1.818239569664001465e+00 5.970436136686063915e-17 1.115857960937602527e-17
1.819812536239624023e+00 5.236084379451697176e-17 1.751020753841449356e-17
1.821391105651855469e+00 5.352850849080907668e-17 6.538771338773996660e-18
1.822969079017639160e+00 5.734121223591504587e-17 9.590849837003261058e-18
1.824550032615661621e+00 6.036939472701857213e-17 1.104204640467955473e-17
1.826132535934448242e+00 5.715350841131451283e-17 5.236526011180739237e-18
1.827715873718261719e+00 2.703424599734184658e-17 1.054505065005870656e-17
1.829299330711364746e+00 5.771548830203813941e-17 1.111454134074431463e-17
1.830886840820312500e+00 6.980049778976436738e-17 1.435098640339276687e-17
1.832473635673522949e+00 6.587126414868437786e-17 2.383960498849059924e-17
1.834059953689575195e+00 7.039756337335004318e-17 3.768199442917146173e-17
1.835650563240051270e+00 4.302601132018254808e-17 9.921112946221388078e-17
1.837241649627685547e+00 1.062028438113162953e-16 1.046347608328219709e-16
1.838833808898925781e+00 6.869116917899195218e-17 5.308775688193877163e-17
1.840428948402404785e+00 3.702957061027128711e-17 5.561459512994125845e-17
1.842022895812988281e+00 9.351724164187246542e-17 2.299030887508035382e-17
1.843620061874389648e+00 1.442284027448279818e-17 2.401740415243642233e-17
1.845217108726501465e+00 1.058484333147842753e-16 1.662438643787635665e-17
1.846816658973693848e+00 1.650359821610891334e-17 5.107982888452550034e-17
1.848416566848754883e+00 6.563292363570579868e-17 3.120172254408813402e-17
1.850018262863159180e+00 3.989108613411272892e-17 2.585296259944466860e-17
1.851621031761169434e+00 3.687642308294076935e-17 3.309948662752159308e-17
1.853225708007812500e+00 3.857200106360911696e-17 3.039587988261652424e-17
1.854829788208007812e+00 8.897513334133968664e-17 1.929498371325688436e-17
1.856438040733337402e+00 5.110751958271132550e-18 3.274691578067189099e-17
1.858044862747192383e+00 1.099112268462895268e-16 6.897196060100675274e-17
1.859654784202575684e+00 3.622403565998754706e-17 4.941629588078745702e-17
1.861265063285827637e+00 1.728364607735866949e-17 2.348739975547164559e-17
1.862876296043395996e+00 7.281833059704363015e-17 1.980718056599461952e-17
1.864490151405334473e+00 7.384095082728578678e-17 2.144010457834575061e-17
1.866102695465087891e+00 1.514636357575435574e-17 3.928572889206682157e-17
1.867719411849975586e+00 2.969542333990662041e-17 3.252126421828987525e-17
1.869335889816284180e+00 4.628324674034690813e-17 4.503111366862333823e-17
1.870953917503356934e+00 3.301585205014758155e-17 8.180130029113269713e-17
1.872573018074035645e+00 -1.157578519123776337e-16 1.445846595084872201e-16
1.874193668365478516e+00 -2.236690916951343983e-17 5.920798682487981831e-17
1.875815033912658691e+00 -8.201533823771446836e-18 6.711805032492840499e-17
1.877437472343444824e+00 6.283919059997940216e-17 3.224932693755184229e-17
1.879062771797180176e+00 9.283815944619093182e-17 3.697517190446734979e-17
1.880687475204467773e+00 5.712416252472296907e-18 8.881876642706511250e-18
1.882313847541809082e+00 2.170881089161115143e-17 1.706777178981703054e-17
1.883941769599914551e+00 3.943685478998025973e-17 1.060650437930710864e-17
1.885570526123046875e+00 2.693236216129369016e-17 1.569982019744623592e-17
1.887200474739074707e+00 7.843323921249848243e-17 2.982292165080309388e-17
1.888832211494445801e+00 2.639827149210290146e-17 1.873379295283763337e-17
1.890463948249816895e+00 4.796622179720239781e-17 1.237024452399166339e-17
1.892097830772399902e+00 4.769495949584420813e-17 1.257483937670052926e-17
1.893732905387878418e+00 4.530270684222654912e-17 2.111137142238860167e-17
1.895369052886962891e+00 7.243378425643507822e-17 1.786807399554576014e-17
1.897005915641784668e+00 2.945760229635272453e-17 2.872591472243526858e-17
1.898644089698791504e+00 7.602594510662215917e-17 2.158226549278033905e-17
1.900283694267272949e+00 3.161632862815686297e-17 1.997703217861503312e-17
1.901923775672912598e+00 -2.091624447897101776e-17 2.575961361295683432e-17
1.903565883636474609e+00 2.441972329568628861e-17 5.010038086481371133e-17
1.905209779739379883e+00 1.555144384788892403e-17 5.961356340538191841e-17
1.906852960586547852e+00 5.210008668693820553e-17 3.664467685380546290e-17
1.908498525619506836e+00 6.560661267478171198e-17 2.179608671804162138e-17
1.910144805908203125e+00 1.707878321813133645e-17 2.894769838827298636e-17
1.911792278289794922e+00 9.914669540121845014e-17 2.939189437721396222e-17
1.913441061973571777e+00 6.087784610594266718e-17 5.688940618533858216e-17
1.915090680122375488e+00 3.332924431446432204e-17 1.950215440639324035e-17
1.916741847991943359e+00 4.159227570805663628e-17 2.693663868506058931e-17
1.918392419815063477e+00 3.491631274237796349e-17 1.531798204616318260e-17
1.920046806335449219e+00 4.928509510946919620e-17 1.338400068678970178e-17
1.921700119972229004e+00 1.441015794133113515e-17 1.486626533109287461e-17
1.923355579376220703e+00 5.271077097212895437e-17 2.964716231424782656e-17
1.925013661384582520e+00 6.849563691707421728e-17 1.815267706582320505e-17
1.926670670509338379e+00 5.001427467176939136e-17 7.832234076213472312e-18
1.928329586982727051e+00 2.389010932797063690e-17 2.122497806207785959e-17
1.929989337921142578e+00 5.014407916221366268e-17 1.237841127817939944e-17
1.931649446487426758e+00 6.207221550113043405e-17 1.447762444645218520e-17
1.933311581611633301e+00 2.456250459558029182e-17 2.077389496735676722e-17
1.934974431991577148e+00 4.143009867715948967e-17 1.189705916330315412e-17
1.936638832092285156e+00 6.272590656072903992e-17 1.592935289126235046e-17
1.938304543495178223e+00 5.023694176650131578e-17 1.178731132117145607e-17
1.939970016479492188e+00 4.047476131794239631e-17 1.129099137311106372e-17
1.941637516021728516e+00 4.430031614104498934e-17 7.229331079045009796e-18
1.943305730819702148e+00 3.071377200946555320e-17 1.712902616853780735e-17
1.944974422454833984e+00 4.448263998294147749e-17 6.750306650412488704e-18
1.946644425392150879e+00 3.532271981221506683e-17 4.128137077584184274e-18
1.948316097259521484e+00 4.638890748307198167e-17 1.000345497117022424e-17
1.949988722801208496e+00 4.611091193152761034e-17 1.178154256357951126e-17
1.951661944389343262e+00 5.416004434488106225e-17 6.120228702170127846e-18
1.953336119651794434e+00 3.838171643549741848e-17 1.073108274264126993e-17
1.955013632774353027e+00 4.518383767948022883e-17 5.244902042063451195e-18
1.956687808036804199e+00 4.206509214619194689e-17 6.635386447910496569e-18
1.958366274833679199e+00 4.135404438291891409e-17 9.417222144886542890e-18
1.960044503211975098e+00 5.201670357247041012e-17 7.866135246438345598e-18
1.961724281311035156e+00 5.473023317600366508e-17 6.206871735431994730e-18
1.963404297828674316e+00 3.340354829452873541e-17 5.101350223428854837e-18
1.965086221694946289e+00 5.851163971545307791e-17 9.668311992646401887e-18
1.966769099235534668e+00 5.060693634577383485e-17 4.357507230409932148e-18
1.968452572822570801e+00 4.654181016494118373e-17 5.837883834964952698e-18
1.970136404037475586e+00 3.312355096590198576e-17 5.302310858116468975e-18
1.971821904182434082e+00 5.295521938675062511e-17 1.224252039278796294e-17
1.973508596420288086e+00 4.156267587701703873e-17 9.103931623785146423e-18
1.975197315216064453e+00 4.852001259986174942e-17 5.816355218752341323e-18
1.976885318756103516e+00 4.627201031890598780e-17 5.712738852911192588e-18
1.978575944900512695e+00 6.393069843163497494e-17 1.559197073482034707e-17
1.980265974998474121e+00 4.807794411945625994e-17 6.110730600786487706e-18
1.981957197189331055e+00 4.852331139614461089e-17 3.326049816093565247e-18
1.983650565147399902e+00 5.719754088968193560e-17 4.876335590118504931e-18
1.985342025756835938e+00 5.456886016466192002e-17 2.196060094775953657e-18
1.987035989761352539e+00 5.487239574479947863e-17 4.661039501825040547e-18
1.988731861114501953e+00 5.287242191615651725e-17 3.436602298166124257e-18
1.990427255630493164e+00 5.714839312640648491e-17 4.011230400841146043e-18
1.992114186286926270e+00 4.622073504709505072e-17 4.454196372211255552e-18
1.993820190429687500e+00 4.915791774465039330e-17 5.529429838905153784e-18
1.995518445968627930e+00 5.302489115538474153e-17 3.660863990323897770e-18
1.997219204902648926e+00 5.256446919154792547e-17 5.182353125684028902e-18
1.998919725418090820e+00 6.380960580740211211e-17 9.636997416196981919e-18
2.000622272491455078e+00 5.163196201723729568e-17 8.664540727022491099e-18
2.002324581146240234e+00 6.516485190556409223e-17 5.206539059614466878e-18
2.004029035568237305e+00 3.135500903776156068e-17 1.420782460041698927e-17
2.005734205245971680e+00 5.411785482491840763e-17 7.912771689374085299e-18
2.007437705993652344e+00 4.391410882176643093e-17 5.495624208041030372e-18
2.009143829345703125e+00 5.891503915658293845e-17 5.865246556037900577e-18
2.010851144790649414e+00 6.306021987709847158e-17 1.136568330088276446e-17
2.012557744979858398e+00 4.779883683716861734e-17 3.190502831041797675e-18
2.014267206192016602e+00 3.825443980900510921e-17 5.021111222469373494e-18
2.015975713729858398e+00 4.530961214598014180e-17 2.055848224659693286e-17
2.017687082290649414e+00 4.644695240101605273e-17 8.824915331364884658e-18
2.019397735595703125e+00 5.666004554508987864e-17 7.041963089773173285e-18
2.021105289459228516e+00 5.346722433358624797e-17 3.276473366465658948e-18
2.022821903228759766e+00 5.425990489715091397e-17 4.654271923643437951e-18
2.024525403976440430e+00 6.026565966075952204e-17 5.515599792653573438e-18
2.026251077651977539e+00 5.793991232839112646e-17 7.399368807303247824e-18
2.027965784072875977e+00 5.433316993836596073e-17 5.250158774856225686e-18
2.029683351516723633e+00 6.036192363172599318e-17 3.545222072737453119e-18
2.031400918960571289e+00 4.982406283555159755e-17 1.722601247497419043e-18
2.033118963241577148e+00 6.486395006849690246e-17 9.283980718997113745e-18
2.034835577011108398e+00 5.800699336734672679e-17 3.287176463206635711e-18
2.036555528640747070e+00 5.930761907530060538e-17 5.675877203273992016e-18
2.038275718688964844e+00 5.896895809763159500e-17 1.157290693357832385e-17
2.039998292922973633e+00 5.074393069010241708e-17 3.834868049619327566e-18
2.041717052459716797e+00 5.884644272274514097e-17 3.513610952038432889e-18
2.043440580368041992e+00 7.069921298169098089e-17 2.917484011652851638e-18
2.045167684555053711e+00 6.622169094338634251e-17 5.385190633181525860e-18
2.046892642974853516e+00 5.839602633559776634e-17 5.451055303046366965e-18
2.048616170883178711e+00 4.422301776716313401e-17 1.988089517987258886e-18
2.050340652465820312e+00 5.218715571821553722e-17 5.097265191973761710e-18
2.052064418792724609e+00 5.855166202221084360e-17 6.911565510829701449e-18
2.053796291351318359e+00 4.789905142274064175e-17 2.691985891274464487e-18
2.055524349212646484e+00 4.349616754546788817e-17 1.240634599464592773e-17
2.057254076004028320e+00 5.404043733702834466e-17 5.609153092752708315e-18
2.058984041213989258e+00 5.000006370884573035e-17 5.175525163317709935e-18
2.060714960098266602e+00 5.836755147019124092e-17 3.300167541521934149e-18
2.062446355819702148e+00 4.793211217746316116e-17 3.082986515407614553e-18
2.064177513122558594e+00 4.762580719663477501e-17 3.070997979994730385e-18
2.065908432006835938e+00 4.023796266962561597e-17 6.555756251881854254e-18
2.067638397216796875e+00 5.084897931917420138e-17 4.448492961887702427e-18
2.069372653961181641e+00 4.694311849348251021e-17 3.475114793510827534e-18
2.071115016937255859e+00 4.952511314473003292e-17 3.692334903909090261e-18
2.072850227355957031e+00 4.748638094130528688e-17 3.476370040090376754e-18
2.074584722518920898e+00 4.478101064733425499e-17 6.761685346918768153e-18
2.076329946517944336e+00 4.003832097442471764e-17 3.727512827409439145e-18
2.078062057495117188e+00 3.871147694977535828e-17 5.176282447168502232e-18
2.079798698425292969e+00 4.979966762492618365e-17 3.872243792007229845e-18
2.081537485122680664e+00 3.993226649372806885e-17 3.644756715845958939e-18
2.083277463912963867e+00 4.048281805710866280e-17 2.696474173278177215e-18
2.085018396377563477e+00 4.661571378958912144e-17 6.166746858278272464e-18
2.086759090423583984e+00 4.348789243061990768e-17 2.652282255847684850e-18
2.088501930236816406e+00 4.089410549255982901e-17 1.432867382675460837e-18
2.090245008468627930e+00 5.438043503856724073e-17 4.762071755432573623e-18
2.091987609863281250e+00 4.513399508449023360e-17 4.123978013464267651e-18
2.093732357025146484e+00 4.609722043802863263e-17 2.725949513635585526e-18
2.095477342605590820e+00 4.168556182881791652e-17 3.487529947324635927e-18
2.097222089767456055e+00 4.790446118394673855e-17 2.833395105327395365e-18
2.098968744277954102e+00 4.176747587051781775e-17 2.826973288641839935e-18
2.100714206695556641e+00 4.848265050595395426e-17 3.892092404395746020e-18
2.102462291717529297e+00 4.218574140161648130e-17 3.998282542712853501e-18
2.104210138320922852e+00 4.440807792252594757e-17 5.984908984991659219e-18
2.105958938598632812e+00 3.101869725303220090e-17 6.143091974301093531e-18
2.107708215713500977e+00 4.593593014474814287e-17 3.398019906059660249e-18
2.109458446502685547e+00 4.537886701558553149e-17 4.332448207342944451e-18
2.111208915710449219e+00 3.906558635256440900e-17 2.864958663141193795e-18
2.112960338592529297e+00 3.735020235930909169e-17 4.591300317971001060e-18
2.114712715148925781e+00 3.984985283493818560e-17 4.057923092058539349e-18
2.116464376449584961e+00 4.102507465330657499e-17 3.735367734506242696e-18
2.118217468261718750e+00 3.715483884223631762e-17 4.171471001924306011e-18
2.119971752166748047e+00 3.690432884808585829e-17 5.565780290923796585e-18
2.121725797653198242e+00 4.849327481374158535e-17 3.269754798735350119e-18
2.123481035232543945e+00 4.327155492193523903e-17 3.578454053846771005e-18
2.125236272811889648e+00 3.315015640312414134e-17 7.636708431740637842e-18
2.126992464065551758e+00 4.725259984786309999e-17 2.052924761579777748e-18
2.128749847412109375e+00 3.980315683499834208e-17 4.073177543324936009e-18
2.130506992340087891e+00 4.188772146180342628e-17 5.079944443537207587e-18
2.132264137268066406e+00 4.035922072998098941e-17 2.789579761870767766e-18
2.134013652801513672e+00 3.020268357874863910e-17 6.309077758328740553e-18
2.135782480239868164e+00 4.494429610025222266e-17 8.520191092687087346e-18
2.137541770935058594e+00 5.027947208487634225e-17 3.177445164687188719e-18
2.139301061630249023e+00 4.455840641832888461e-17 5.567387502853987118e-18
2.141081333160400391e+00 4.547310604841247282e-17 6.589855531863433990e-18
2.142823219299316406e+00 4.811000563999881529e-17 5.148988795676702531e-18
2.144584894180297852e+00 4.316091786064504647e-17 2.871830466079978072e-18
2.146347284317016602e+00 5.004755049345117456e-17 2.275273184980716108e-18
2.148110628128051758e+00 5.254751860643548883e-17 5.209053275086321806e-18
2.149874210357666016e+00 5.543548736626637647e-17 4.246315130928716508e-18
2.151638507843017578e+00 5.081171648693991259e-17 3.391449817249304689e-18
2.153403520584106445e+00 3.305247299022652920e-17 5.579260026185960724e-18
2.155168771743774414e+00 3.435493503914027551e-17 4.911863411017963746e-18
2.156934499740600586e+00 2.705252668887926849e-17 5.273350851280681200e-18
2.158700466156005859e+00 3.946779796233464339e-17 3.494503079888457950e-18
2.160467147827148438e+00 4.641899369631176039e-17 4.983010869864874762e-18
2.162234067916870117e+00 4.849876729300893745e-17 4.339331590810304470e-18
2.164001464843750000e+00 4.470590926515934050e-17 2.269081738095756696e-18
2.165769815444946289e+00 3.461822331939345401e-17 3.270498227310882152e-18
2.167538642883300781e+00 4.261098502836264219e-17 2.571875957609314656e-18
2.169307470321655273e+00 4.100869978590047525e-17 6.181162548403540353e-18
2.171077489852905273e+00 4.018519847271208344e-17 3.028827278391011343e-18
2.172847509384155273e+00 4.029967365204452205e-17 4.432948583816605931e-18
2.174617767333984375e+00 3.437757000942217656e-17 3.785008911017081270e-18
2.176389217376708984e+00 3.773990038077262388e-17 1.537237827042528226e-18
2.178160667419433594e+00 3.869163123251898604e-17 3.973715278520028579e-18
2.179933071136474609e+00 4.051944230591006065e-17 3.569376573804614080e-18
2.181705474853515625e+00 4.895249571132897441e-17 7.501092170312568955e-18
2.183479070663452148e+00 1.751856040824005404e-17 9.361189757372813348e-18
2.185255765914916992e+00 2.788629331346944337e-17 1.318944615235600456e-17
2.187026739120483398e+00 3.395281607359864706e-17 4.362670491793488146e-18
2.188799858093261719e+00 4.611272842015277679e-17 3.748706849064272820e-18
2.190574884414672852e+00 4.037305780726777645e-17 6.152901509185359886e-18
2.192350387573242188e+00 3.802633317456503609e-17 7.080085362663904671e-18
2.194125413894653320e+00 3.576493387640836564e-17 6.160626962516298888e-18
2.195892572402954102e+00 2.659754261038937604e-17 5.364508222735556232e-18
2.197619676589965820e+00 4.410245784724475533e-17 4.281432670244349022e-18
2.199455976486206055e+00 2.456904097678068585e-17 4.860578213039676030e-18
2.201232671737670898e+00 2.879355162676250455e-17 2.795951120538957461e-18
2.203011274337768555e+00 2.832986395386732914e-17 4.172291978682264891e-18
2.204788923263549805e+00 3.054140411342175330e-17 7.668698814750513635e-18
2.206567049026489258e+00 3.035188380019605381e-17 4.645644016264203596e-18
2.208346605300903320e+00 3.273754547869289029e-17 4.967093019747210574e-18
2.210125923156738281e+00 4.547498540276419330e-17 5.479646800919262366e-18
2.211905717849731445e+00 3.261819655119128924e-17 7.874418633092451617e-18
2.213685989379882812e+00 3.209223872178312191e-17 7.842284320655991598e-18
2.215466976165771484e+00 3.403000525963964539e-17 5.773917131015614515e-18
2.217247962951660156e+00 2.489204011673161720e-17 4.089413444388126836e-18
2.219029188156127930e+00 2.733507669687635679e-17 4.024634035486955304e-18
2.220810174942016602e+00 2.956105281248105638e-17 3.565112871337209499e-18
2.222593069076538086e+00 2.949200308366757984e-17 4.663278679743221593e-18
2.224374532699584961e+00 2.880533398740770987e-17 5.482866601453625027e-18
2.226157188415527344e+00 2.860968592020421755e-17 1.437339307182560329e-17
2.227941036224365234e+00 3.584733099158599783e-17 9.695556013301448407e-18
2.229724407196044922e+00 2.572462552740706636e-17 2.505305578604873935e-17
2.231508016586303711e+00 1.608014129948586699e-17 1.178030096548006916e-17
2.233292818069458008e+00 2.738951510734969664e-17 4.909258205678727985e-18
2.235076904296875000e+00 3.278052247459869539e-17 5.270064049116701744e-18
2.236862182617187500e+00 2.631930552210613923e-17 5.758530744441515647e-18
2.238647460937500000e+00 3.183050554108154311e-17 3.186147518321552847e-18
2.240432024002075195e+00 2.789713599693878845e-17 5.287906748519776828e-18
2.242218494415283203e+00 2.676713448829744798e-17 5.115684022673479977e-18
2.244004249572753906e+00 3.565512068700827590e-17 5.720029209239928697e-18
2.245790719985961914e+00 2.665670256779916858e-17 3.785386932557018003e-18
2.247577667236328125e+00 3.680488519484473330e-17 5.185506751769387320e-18
2.249364614486694336e+00 1.921964741178800481e-17 3.207913121779660664e-18
2.251152038574218750e+00 2.003020996583484216e-17 3.456849198019584716e-18
2.252939462661743164e+00 1.428258022109585659e-17 1.625699416881092941e-17
2.254728317260742188e+00 5.815134713758519331e-18 1.551241084914377176e-17
2.256532192230224609e+00 1.040544324217506931e-17 9.297070852190765408e-18
2.258304595947265625e+00 1.412882885191817512e-17 1.263932472289393819e-17
2.260092973709106445e+00 2.727770179522845368e-17 5.296480475568888960e-18
2.261881589889526367e+00 2.917127538167871910e-17 9.671335337785283204e-18
2.263670921325683594e+00 2.697780084670245307e-17 7.256745498906242239e-18
2.265460729598999023e+00 3.624516847027705181e-17 6.157463410263589834e-18
2.267250299453735352e+00 3.019583121455424982e-17 5.866509660833269050e-18
2.269040584564208984e+00 3.015076641478236087e-17 5.925036825074458523e-18
2.270830392837524414e+00 1.989242152811820902e-17 5.419320518845770058e-18
2.272621631622314453e+00 6.973559389018100661e-18 6.266976746691629103e-18
2.274411678314208984e+00 3.722397790655594988e-17 1.014862682303450570e-17
2.276202917098999023e+00 3.210685334884570881e-17 3.033617894908612202e-18
2.277994155883789062e+00 2.441902680961051896e-17 3.924304471809786024e-18
2.279785633087158203e+00 1.912006148348152071e-17 2.946205790472224141e-18
2.281577348709106445e+00 3.614350797299428471e-17 5.001140187350199470e-18
2.283369064331054688e+00 2.237028572077388129e-17 5.625407191789375308e-18
2.285161018371582031e+00 2.164682693959010286e-17 5.386365643241657435e-18
2.286953449249267578e+00 1.768756995099688865e-17 6.324511294197754943e-18
2.288745641708374023e+00 2.829487421395633607e-17 4.870911353251688452e-18
2.290538311004638672e+00 1.484680838872440230e-17 9.279547858094442070e-18
2.292331218719482422e+00 2.846535282948106486e-17 4.108379868653355208e-18
2.294124364852905273e+00 1.741977188204407105e-17 8.347082869995052479e-18
2.295917272567749023e+00 3.476389644270894261e-17 8.098784756802559950e-18
2.297713041305541992e+00 1.339809998033066814e-17 4.422487644199954066e-18
2.299504518508911133e+00 2.734452144511048726e-17 6.052519005948987213e-18
2.301314353942871094e+00 2.996430336110065737e-17 3.995673201470554975e-18
2.303112506866455078e+00 2.604254246967447191e-17 5.328268033892566750e-17
2.304903507232666016e+00 1.434569410183365260e-17 7.318507766523126603e-18
2.306679725646972656e+00 1.965953544409880451e-17 3.558782458109341178e-18
2.308474302291870117e+00 2.726505751238496810e-17 9.122735093469701848e-18
2.310268640518188477e+00 2.306090377727807941e-17 4.778507420613696007e-18
2.312062978744506836e+00 3.416823375744215674e-17 5.383875002417260269e-18
2.313857793807983398e+00 1.906375033610136079e-17 4.084100876904005016e-18
2.315652370452880859e+00 2.239880690829470968e-17 2.800050420859617128e-18
2.317447185516357422e+00 2.877642567936020666e-17 4.671326733513056275e-18
2.319242477416992188e+00 2.611265760711691675e-17 3.128930814965800507e-18
2.321037530899047852e+00 2.295035936021649279e-17 1.330504547014090273e-17
2.322832345962524414e+00 1.127117212563429318e-17 6.819628108057188912e-18
2.324618101119995117e+00 1.343523211802817355e-17 9.650763355951089405e-18
2.326423406600952148e+00 1.744860905255889470e-17 1.213233000902854902e-17
2.328218698501586914e+00 3.055113175742537690e-17 5.276024712610758862e-18
2.330013990402221680e+00 -4.308886381184677734e-18 1.065372398457469823e-17
2.331809997558593750e+00 1.969083761283903618e-17 7.095971366327985568e-18
2.333605289459228516e+00 1.458169865676238203e-17 9.554983285642961778e-18
2.335400819778442383e+00 7.959357674292459264e-18 6.280527205896166526e-18
2.337197065353393555e+00 1.955611139775007435e-17 6.158946545101897413e-18
2.338994264602661133e+00 3.421915830467337134e-17 4.801916218358640414e-18
2.340790510177612305e+00 1.941094285460824310e-17 8.913491485718287967e-18
2.342584371566772461e+00 3.804584801957638712e-17 9.849742479481332766e-18
2.344380140304565430e+00 3.645844210197282404e-17 6.293839437084288677e-18
2.346176147460937500e+00 1.686121155597273869e-17 7.681692994993109146e-18
2.347971916198730469e+00 1.731049966876459099e-17 9.215117933002074191e-18
2.349767923355102539e+00 5.687531102770067857e-17 1.394468852139652053e-17
2.351563930511474609e+00 5.269923345694506474e-17 1.875323004287140442e-17
2.353359937667846680e+00 4.235935006857911075e-17 4.648501511690268030e-18
2.355155944824218750e+00 2.056310122313742897e-17 1.179968346159341171e-17
2.356951713562011719e+00 3.629250636237223648e-17 1.488661066543922888e-17
2.358747720718383789e+00 1.781370341388264963e-17 6.755163027788787530e-18
2.360543727874755859e+00 1.692923227210419926e-17 9.380539993442266324e-18
2.362339019775390625e+00 2.014051946360246372e-17 1.123540235440566261e-17
2.364135026931762695e+00 1.691400884011077334e-17 1.116478594551201063e-17
2.365930557250976562e+00 -3.889977303569447928e-18 3.398747204613247499e-18
2.367726087570190430e+00 2.361908690899008759e-17 9.666080259353733819e-18
2.369522094726562500e+00 3.048408711441672890e-17 9.813471436801495055e-18
2.371317386627197266e+00 1.487174788419287608e-17 1.064749200583972372e-17
2.373113155364990234e+00 7.794452601735112773e-18 1.283799944395876204e-17
2.374908447265625000e+00 6.746026817923139339e-18 1.407598690002706261e-17
2.376703739166259766e+00 -2.189417214071693430e-18 1.762791533958078940e-17
2.378498792648315430e+00 2.428855395723130480e-17 8.699417970370176958e-18
2.380294084548950195e+00 6.870409553042431834e-18 1.070834520196341230e-17
2.382088899612426758e+00 1.618472339869217138e-17 9.645069871794886916e-18
2.383881092071533203e+00 9.489371319455255623e-18 1.983619309879930441e-17
2.385664939880371094e+00 -2.425734443271967906e-17 2.192804187807853057e-17
2.387473344802856445e+00 -1.854882047861975043e-17 1.107622302604840817e-17
2.389267683029174805e+00 1.394458760536178906e-17 1.158654217879564796e-17
2.391026020050048828e+00 3.706992544363529911e-18 1.014268353033331220e-17
2.392856359481811523e+00 -2.469588912371569264e-17 1.526086026178272072e-17
2.394649744033813477e+00 3.761841236420696070e-18 9.342956215130306959e-18
2.396444320678710938e+00 1.554866121230829564e-17 1.293144272903642736e-17
2.398236989974975586e+00 -2.045790535591661023e-17 1.248954878374018658e-17
2.400030374526977539e+00 1.619378929820575256e-17 1.031202808123823079e-17
2.401787996292114258e+00 1.695116248450420513e-17 1.950942797095554164e-16
2.403617143630981445e+00 1.373674110566497724e-17 6.212596652451474235e-18
2.405410289764404297e+00 2.987457742569580535e-17 1.219827367464188894e-17
2.407202720642089844e+00 1.507025468759335166e-17 2.325116524433262641e-17
2.408995628356933594e+00 3.775542159778656889e-17 1.372838823583941677e-17
2.410787820816040039e+00 6.269162819614484245e-17 1.525785594179792813e-17
2.412579536437988281e+00 6.449360476464466091e-17 2.813726322004048218e-17
2.414371252059936523e+00 7.079711146154785682e-17 1.191676922293906767e-17
2.416162729263305664e+00 3.909376012422796512e-17 2.093274176910777534e-17
2.417954206466674805e+00 1.146392787310793258e-16 1.290007852175025421e-17
2.419744968414306641e+00 7.742198113515035419e-17 1.653056099535569183e-17
2.421535730361938477e+00 2.109314532477160825e-17 1.722799336574610179e-17
2.423326253890991211e+00 4.466214810203283513e-17 1.643531445654266090e-17
2.425116300582885742e+00 -1.332705943457792960e-18 1.357264005266303229e-17
2.426905870437622070e+00 4.937523794390277494e-17 1.672501626811588268e-17
2.428695201873779297e+00 4.406003340798813565e-17 1.401619828535172977e-17
2.430484056472778320e+00 1.447693126909886576e-17 1.726811989726104917e-17
2.432272434234619141e+00 5.613350868925292420e-17 1.198378491462627631e-17
2.434061288833618164e+00 4.637544098269961838e-17 1.504558154428211995e-17
2.435849428176879883e+00 3.166739875917588690e-17 1.188236760844359980e-17
2.437637329101562500e+00 6.348026880959779946e-17 1.474658056826257704e-17
2.439424037933349609e+00 3.179041375115232296e-17 1.598078863611212283e-17
2.441208124160766602e+00 6.284283681211953591e-17 3.111390243281460417e-17
2.442997694015502930e+00 5.179144905678241984e-17 3.216064324971880709e-17
2.444783926010131836e+00 2.326140656749664545e-18 1.616782740750016324e-17
2.446569442749023438e+00 6.999786970136442021e-17 3.022347228190332179e-17
2.448354721069335938e+00 8.150441524312006486e-17 2.016158113635928891e-17
2.450139999389648438e+00 1.298677532175193704e-16 3.294245466003452630e-17
2.451924562454223633e+00 5.181281347764343944e-17 3.438471023246973430e-17
2.453708648681640625e+00 5.683698278683742148e-17 3.149536504409955842e-17
2.455492019653320312e+00 4.093438257094626103e-17 2.917284702484256986e-17
2.457275152206420898e+00 -7.102374571449758555e-18 2.424223349728956036e-17
2.459057569503784180e+00 -4.346233585841446933e-18 2.011678765182831736e-17
2.460840702056884766e+00 8.904513267349637405e-18 4.374184018739613738e-17
2.462612390518188477e+00 -7.158921465304496080e-18 3.423543721912841492e-17
2.464387655258178711e+00 1.863227473062022539e-17 4.400424173003265904e-17
2.466182470321655273e+00 -9.131971392189468955e-17 1.007994849831606547e-17
2.467962503433227539e+00 -3.374079313898905501e-17 1.966420239711482869e-17
2.469741582870483398e+00 -9.732865167650040167e-17 2.842547610651110850e-17
2.471520662307739258e+00 1.933930901356115090e-18 3.043532316294550281e-17
2.473299026489257812e+00 -1.759341198186997751e-17 2.651929628752553494e-17
2.475076436996459961e+00 -2.025750761763583842e-17 5.164433002175618855e-17
2.476861715316772461e+00 -2.071916572018005372e-16 2.610733221833330035e-17
2.478638172149658203e+00 -1.463690820636177445e-18 4.735992487798063022e-17
2.480405807495117188e+00 1.081946285518949817e-16 9.396796904893015999e-17
2.482180833816528320e+00 1.516558758406233312e-16 6.332000752899932567e-17
2.483955621719360352e+00 1.282836295525864177e-16 1.364059873024855139e-16
2.485729694366455078e+00 -3.314887261881345904e-16 1.848701155801631807e-16
2.487502813339233398e+00 -2.548624696412030974e-17 5.099024853290845766e-17
2.489275455474853516e+00 2.749087252565602432e-16 7.305643949945069449e-17
2.491046905517578125e+00 2.717400808800003124e-16 1.254092364809687504e-16
2.492818593978881836e+00 8.951854468167272285e-17 1.375326470014521401e-16
2.494588851928710938e+00 4.895521151071610851e-16 2.392709786711380310e-16
2.496358633041381836e+00 5.444142802821445078e-16 1.261966330147804276e-16
2.498127698898315430e+00 5.293046948107854848e-16 1.582567638939066912e-16
2.499895572662353516e+00 3.529644193851548225e-18 2.542264570856559748e-16
2.501662969589233398e+00 8.873152931268731003e-16 2.481517750159645480e-16
2.503429412841796875e+00 6.403012157079690861e-16 3.289315072505942560e-16
2.505195140838623047e+00 1.044615981816456301e-15 4.892255309664353489e-16
2.506959915161132812e+00 4.220695031252234093e-16 4.287407875573574821e-16
2.508724212646484375e+00 1.431616970966591990e-15 9.700131314705601714e-16
2.510488986968994141e+00 1.257425968852725210e-16 3.923921950407317002e-16
2.512249708175659180e+00 8.958490441913417694e-16 5.758466671031267289e-16
2.514011383056640625e+00 6.649146167266397657e-16 3.151530340558453660e-16
2.515771627426147461e+00 1.518059118453616695e-15 1.062815649358517418e-15
2.517531633377075195e+00 1.173795811931907171e-15 4.405605500011400060e-16
2.519290208816528320e+00 3.109071490588351770e-15 1.163275027452298320e-15
2.521048307418823242e+00 2.145547796164062014e-15 4.174214098271654362e-16
2.522804498672485352e+00 2.649339911543107176e-15 6.010535735200266561e-16
2.524561166763305664e+00 3.611337676112918310e-15 9.950053679748903368e-16
2.526315689086914062e+00 4.330535140418178761e-15 7.779271819174070086e-16
2.528069496154785156e+00 1.023988633144269633e-14 2.648214840030916652e-15
2.529822587966918945e+00 1.182364905446100026e-14 3.694154204948339390e-15
2.531574249267578125e+00 6.285147945985728596e-15 2.718232912791562067e-15
2.533325195312500000e+00 1.491197437883048926e-14 7.476173678614209117e-15
2.535074472427368164e+00 1.618751112970537309e-14 1.123890748262051931e-14
2.536824941635131836e+00 1.882387746111185978e-14 1.277668986913007079e-14
2.538573026657104492e+00 7.440196801212529965e-15 7.298937116598930297e-15
2.540316820144653320e+00 1.305801068673690529e-14 1.513281789103631397e-14
2.542062520980834961e+00 2.672948625607215849e-15 1.163382727691541704e-14
2.543806552886962891e+00 3.549977550622632726e-15 5.042544683133039218e-15
2.545549392700195312e+00 -7.003197257130985842e-15 5.783967868457778883e-15
2.547291755676269531e+00 7.042713461702767089e-15 1.177430515011870099e-14
2.549031496047973633e+00 -3.248483838695637171e-14 1.792842811059250363e-14
2.550770998001098633e+00 -1.308474897578288179e-14 2.299542663491277450e-14
2.552508831024169922e+00 -1.022765178755255522e-14 1.673537203998945455e-14
2.554245710372924805e+00 -7.433247742913255685e-15 4.343478650885171724e-15
2.555981159210205078e+00 -5.030369431549205905e-15 3.066535401801372129e-15
2.557715415954589844e+00 -6.211169358921958886e-15 3.073927458332060408e-15
2.559448242187500000e+00 -6.386998152178901059e-15 3.354327762883466298e-15
2.561179637908935547e+00 -1.933756313307307198e-15 3.273688955755436024e-15
2.562909841537475586e+00 -2.072617624130756314e-14 2.737648161551392567e-13
2.564638137817382812e+00 -5.729977988399789779e-14 8.895171383326017089e-13
2.566365003585815430e+00 -2.146869887539783889e-14 3.065774630689466207e-13
2.568092823028564453e+00 -1.122734971805523438e-14 1.430769565324840897e-13
2.569815158843994141e+00 2.142898827676466278e-14 1.556118244244036886e-13
2.571539402008056641e+00 2.121677094809367586e-14 1.520450567749423443e-13
2.573260068893432617e+00 5.951405953339219956e-16 nan
2.574980020523071289e+00 -1.712916348051949115e-16 nan
2.576699018478393555e+00 0.000000000000000000e+00 nan
2.578416109085083008e+00 0.000000000000000000e+00 nan
2.580126285552978516e+00 0.000000000000000000e+00 nan
2.581846237182617188e+00 0.000000000000000000e+00 nan
2.583555221557617188e+00 0.000000000000000000e+00 nan
