8.033278584480285645e-01 -3.808968197459679716e-17 nan
8.036714196205139160e-01 1.585390243886893860e-16 1.767930476231625880e-16
8.040121197700500488e-01 1.680493515017830600e-17 1.109556647923683821e-16
8.043506741523742676e-01 6.686800487540995545e-16 1.299043609227085172e-16
8.046864867210388184e-01 6.159170959202083049e-16 1.510382564731769378e-16
8.050200343132019043e-01 7.719867810396349901e-16 1.434975588951353299e-16
8.053503632545471191e-01 6.783945108074815149e-16 1.813116507594090599e-16
8.056786656379699707e-01 7.055080354490916687e-16 1.716011724078571549e-16
8.060047030448913574e-01 5.944894916952794556e-16 9.597265118961977319e-17
8.063281178474426270e-01 6.063000426557605890e-16 1.478438834708441577e-16
8.066492676734924316e-01 7.220719235513271220e-16 1.560174073047133339e-16
8.069676756858825684e-01 5.737628601737627433e-16 1.965252227599333492e-16
8.072841167449951172e-01 7.317288932434141968e-16 1.130436804166890376e-16
8.075991272926330566e-01 7.585934431380907898e-16 1.016183309238615981e-16
8.079105615615844727e-01 5.880257832747818898e-16 1.200428195389697280e-16
8.082208633422851562e-01 6.514485398707501023e-16 1.097177261399562222e-16
8.085283637046813965e-01 5.811060005517470865e-16 1.429238396571583507e-16
8.088340163230895996e-01 5.843041852023425110e-16 1.660297470228429902e-16
8.091373443603515625e-01 4.820410504473835768e-16 8.354172138716876948e-17
8.094388842582702637e-01 4.013558417957115284e-16 9.119383688499882001e-17
8.097373247146606445e-01 5.017945469916235048e-16 1.255797150964934792e-16
8.100363612174987793e-01 5.284197571391415545e-16 9.121063857760099711e-17
8.103320598602294922e-01 6.087181099619348029e-16 1.217877338800931884e-16
8.106259703636169434e-01 6.768318938384749409e-16 7.009125508379920682e-17
8.109175562858581543e-01 7.173202804754673107e-16 1.085814777633288813e-16
8.112080097198486328e-01 5.348340729509023540e-16 5.999073791237139776e-17
8.114959001541137695e-01 5.849015022488344030e-16 9.400269078232268588e-17
8.117827177047729492e-01 5.754352208489979525e-16 1.120343215460273311e-16
8.120674490928649902e-01 5.353678095867909700e-16 1.072345233236271327e-16
8.123499751091003418e-01 6.172408495980891661e-16 1.022053710784231312e-16
8.126317262649536133e-01 6.026467895542527917e-16 1.001664965999330260e-16
8.129108548164367676e-01 6.477470588308080132e-16 8.711630630370032369e-17
8.131892681121826172e-01 5.352502308258002325e-16 8.695302746822725646e-17
8.134654760360717773e-01 6.329328760998039274e-16 1.045810205627856258e-16
8.137402534484863281e-01 5.228757676806845486e-16 9.999701060114336089e-17
8.140135407447814941e-01 4.850101656253059165e-16 9.490609774268370016e-17
8.142851591110229492e-01 5.747241896293371708e-16 9.868745134257390960e-17
8.145554065704345703e-01 5.333535652382202438e-16 1.172779981200132850e-16
8.148242235183715820e-01 6.053076906184929728e-16 9.212719440097915432e-17
8.150916695594787598e-01 5.377357431303995700e-16 8.212158462431322944e-17
8.153572678565979004e-01 5.748227630885738900e-16 6.668885608357669084e-17
8.156221508979797363e-01 6.327434054174149811e-16 8.807714606835211979e-17
8.158853650093078613e-01 5.118702685970094243e-16 1.030555208422255314e-16
8.161471486091613770e-01 4.752408581885892401e-16 1.140880852755433907e-16
8.164076209068298340e-01 5.318725281299460997e-16 1.103689158053824677e-16
8.166668415069580078e-01 4.221194780691114130e-16 1.009751880714342684e-16
8.169248104095458984e-01 5.504237143451177518e-16 9.273574786891196657e-17
8.171814680099487305e-01 6.441489158104309488e-16 9.610153916394533575e-17
8.174371123313903809e-01 5.405965969097509694e-16 6.505084656481958374e-17
8.176914453506469727e-01 5.927132636048871878e-16 8.878115617897355144e-17
8.179444670677185059e-01 4.866266221260223419e-16 9.084867095899269262e-17
8.181963562965393066e-01 5.403810799642339534e-16 7.633324601290805917e-17
8.184474706649780273e-01 6.875839183126842159e-16 9.311848102961780226e-17
8.186970949172973633e-01 4.685296573288158083e-16 6.739582419206861211e-17
8.189459443092346191e-01 4.262656514063620098e-16 6.453175433449560654e-17
8.191934227943420410e-01 5.400197674726707909e-16 6.847686984333661419e-17
8.194401860237121582e-01 6.723637950417085066e-16 8.721313275748333090e-17
8.196855783462524414e-01 6.239260041947345282e-16 9.512617410773710849e-17
8.199300169944763184e-01 4.256478467504584045e-16 9.518661123201268290e-17
8.201740384101867676e-01 5.887461847964216722e-16 7.564732799664438735e-17
8.204163312911987305e-01 4.684201253808239866e-16 9.144201092109942959e-17
8.206582665443420410e-01 5.849699001593251877e-16 9.880997333490526406e-17
8.208989500999450684e-01 4.830794599011581456e-16 8.084512582513570010e-17
8.211388587951660156e-01 5.993137149068071198e-16 9.236054536050281364e-17
8.213782310485839844e-01 3.961891525756971099e-16 7.874232682890749697e-17
8.216163516044616699e-01 3.143154243501292697e-16 6.928705023994045204e-17
8.218538165092468262e-01 5.018874029784662575e-16 9.338660004464829044e-17
8.220902681350708008e-01 5.534339635605411284e-16 1.216272079016986977e-16
8.223258256912231445e-01 4.696763281811613174e-16 9.890012940422864365e-17
8.225607872009277344e-01 3.899600722815889852e-16 5.025193689664567706e-17
8.227949142456054688e-01 5.535218961683779654e-16 8.644257100349833287e-17
8.230284452438354492e-01 5.087530814719951923e-16 1.010021078372891942e-16
8.232613205909729004e-01 5.155425270002712401e-16 7.769169495440184461e-17
8.234930038452148438e-01 6.939554060210494698e-16 8.670873125483829547e-17
8.237246870994567871e-01 5.995927063838090050e-16 8.227845777312268604e-17
8.239554762840270996e-01 4.364911919642935336e-16 4.136622709898059508e-17
8.241851329803466797e-01 4.479020227830094424e-16 1.124455163372498913e-16
8.244145512580871582e-01 5.313519205047399253e-16 8.723602249939389828e-17
8.246434926986694336e-01 4.863278312538783874e-16 5.899083537047239748e-17
8.248715996742248535e-01 5.264633757287801377e-16 7.063692297284328769e-17
8.250991106033325195e-01 3.787487971312902693e-16 6.847489122731138735e-17
8.253259062767028809e-01 5.111370557020424206e-16 7.090852938133629943e-17
8.255525231361389160e-01 5.737303552844118595e-16 5.754138994415287857e-17
8.257780075073242188e-01 3.970900515244408634e-16 8.902301055519425588e-17
8.260036110877990723e-01 5.367629257904780061e-16 7.566205842899273166e-17
8.262283802032470703e-01 6.602852640325397940e-16 7.660901479424343775e-17
8.264526724815368652e-01 4.896271834021114974e-16 7.649777554546730658e-17
8.266763687133789062e-01 6.405744897125770047e-16 6.207442572772717574e-17
8.268997669219970703e-01 5.202634651317930830e-16 8.981008945165071277e-17
8.271228671073913574e-01 4.721642227659248077e-16 6.873675675691097464e-17
8.273448944091796875e-01 4.322670121865567362e-16 8.436297938653591747e-17
8.275672793388366699e-01 4.480432655269640969e-16 8.640180092546681924e-17
8.277884721755981445e-01 5.158358121582580415e-16 8.162281456727845503e-17
8.280098438262939453e-01 4.066500888836265242e-16 7.798081112210137884e-17
8.282306194305419922e-01 4.640190480660090488e-16 8.049908639640271672e-17
8.284509181976318359e-01 4.782477192722235995e-16 7.518335246489604349e-17
8.286710381507873535e-01 4.482966342573115395e-16 5.139206971342956702e-17
8.288906812667846680e-01 3.643461930033129684e-16 1.032345756663412099e-16
8.291098475456237793e-01 5.199945321710398426e-16 4.387051640348488637e-17
8.293291330337524414e-01 4.883723040907542515e-16 8.914178707371197023e-17
8.295477032661437988e-01 4.941583332138891737e-16 6.115360165238824491e-17
8.297659158706665039e-01 5.093051881349273859e-16 8.691614183035229185e-17
8.299841880798339844e-01 4.307838310261348546e-16 9.128771857580113844e-17
8.302019238471984863e-01 4.744154245814899244e-16 8.437182029292288423e-17
8.304194808006286621e-01 3.346527648230438259e-16 7.092406052451759508e-17
8.306366205215454102e-01 4.210594428054022578e-16 7.735220679612028120e-17
8.308537006378173828e-01 4.554206577997530359e-16 6.953313316345252756e-17
8.310705423355102539e-01 4.845814081353176303e-16 7.566884792746056691e-17
8.312869071960449219e-01 3.874863390289124028e-16 4.387322293844915988e-17
8.315033316612243652e-01 4.990279256276541463e-16 5.500339137532582630e-17
8.317194581031799316e-01 3.867384089364868556e-16 5.830250198682007082e-17
8.319354057312011719e-01 5.452044032032551599e-16 4.573591456391037056e-17
8.321506977081298828e-01 4.674862715564761205e-16 5.873376748842561775e-17
8.323670029640197754e-01 3.982626892305756372e-16 6.491805429800277089e-17
8.325818777084350586e-01 4.055003475368472183e-16 6.002291854692216075e-17
8.327971100807189941e-01 5.141952681581040720e-16 6.222865851602136307e-17
8.330122828483581543e-01 4.469729864585490851e-16 8.713316093586170419e-17
8.332273364067077637e-01 3.292781290144784767e-16 7.411661372950275857e-17
8.334419131278991699e-01 4.819524825648362990e-16 8.283002180557304489e-17
8.336564898490905762e-01 4.019182187331291805e-16 7.762021331458746217e-17
8.338714838027954102e-01 4.243291752702610690e-16 4.848013918561424327e-17
8.340856432914733887e-01 4.090889614365676719e-16 7.971178250681964540e-17
8.342999815940856934e-01 4.246082990961609627e-16 5.666297045573586615e-17
8.345143198966979980e-01 4.375779352356208010e-16 6.121697030475470726e-17
8.347285985946655273e-01 3.060539679084232564e-16 8.370073858812596352e-17
8.349425792694091797e-01 3.217384505229515341e-16 7.862746122032593333e-17
8.351567387580871582e-01 4.850672874096863783e-16 9.528768608542176246e-17
8.353708386421203613e-01 2.592508447705316708e-16 5.450091885786926453e-17
8.355846405029296875e-01 2.575861603313809537e-16 7.012908039885003167e-17
8.357987999916076660e-01 2.284732673573362273e-16 9.440909454343733901e-17
8.360124230384826660e-01 3.077177523750675159e-16 5.042731573011916999e-17
8.362266421318054199e-01 2.254144725661233386e-16 6.221413984190983233e-17
8.364400863647460938e-01 2.520913517234239006e-16 8.903304260166329900e-17
8.366543650627136230e-01 2.226478776719335818e-16 4.753981350015376226e-17
8.368676304817199707e-01 2.394056833795310665e-16 7.413373305946015603e-17
8.370817303657531738e-01 2.032653153841420331e-16 7.743390577086091864e-17
8.372956514358520508e-01 1.595924819121675195e-16 7.607738912327805707e-17
8.375093936920166016e-01 3.046847391491866799e-16 6.091882132476609396e-17
8.377234339714050293e-01 2.268377261455269784e-16 7.996006374552764185e-16
8.379372954368591309e-01 6.599493757642840614e-17 7.543365731825458966e-17
8.381515741348266602e-01 8.841638938117236750e-17 7.271325880691469437e-17
8.383655548095703125e-01 1.815124108027981300e-16 8.341971555553964811e-17
8.385794758796691895e-01 1.525217552709540398e-16 7.222116575178444799e-17
8.387935757637023926e-01 2.047113594437827339e-16 5.274971794409040113e-17
8.390077352523803711e-01 9.907258663577859928e-17 6.332313096299232590e-17
8.392220139503479004e-01 1.862749329580742387e-16 6.371201834745555612e-17
8.394362926483154297e-01 1.120343480158069328e-16 4.217737695126234508e-17
8.396507501602172852e-01 5.006366728050615775e-17 8.077132146216126876e-17
8.398652076721191406e-01 2.021002083303039421e-16 6.856697959054569081e-17
8.400797247886657715e-01 1.162043970942582601e-16 8.175730089998977648e-17
8.402947187423706055e-01 7.050139108383769921e-17 7.138072377965097018e-17
8.405092954635620117e-01 1.098866364210395504e-16 5.985898458440395151e-17
8.407238125801086426e-01 -3.722665466301817148e-17 7.849762695137961011e-17
8.409394621849060059e-01 1.885167380018807530e-16 7.437739399813867629e-17
8.411541581153869629e-01 2.209623085766771258e-16 1.181483641779864811e-16
8.413697481155395508e-01 1.593573376250758452e-16 5.995593676964006678e-17
8.415848016738891602e-01 1.358770284618150042e-16 1.009961256670992107e-16
8.418004512786865234e-01 5.110596779188217602e-17 7.480961241180988431e-17
8.420161604881286621e-01 9.366542608552766501e-17 7.279138436140910272e-17
8.422315716743469238e-01 8.423646707492960721e-17 4.761890851032608276e-17
8.424479961395263672e-01 5.842506368382082782e-17 4.800097330909697561e-17
8.426639437675476074e-01 6.833391979859765016e-17 6.929928589556133642e-17
8.428799510002136230e-01 5.138247441832395190e-17 5.843504940817556797e-17
8.430965542793273926e-01 -2.951000253379673372e-17 6.700847867226718073e-17
8.433127999305725098e-01 7.231484891923975369e-17 8.116980414173011410e-17
8.435298204421997070e-01 1.327840347153567231e-16 6.717196264853216112e-17
8.437467217445373535e-01 9.342217542843297105e-18 8.112844511110246272e-17
8.439636230468750000e-01 1.270588728504159028e-16 6.918388427394283843e-17
8.441810011863708496e-01 1.642744300583360629e-16 4.906214015588410333e-17
8.443983197212219238e-01 4.303453458921429448e-17 7.508649954133343458e-17
8.446159362792968750e-01 3.870269890911494555e-17 5.037725475944746076e-17
8.448337912559509277e-01 6.227371008090345117e-17 6.442530611582738252e-17
8.450517654418945312e-01 1.194442319430569547e-16 7.210120471062955770e-17
8.452698588371276855e-01 2.459267352688132585e-17 5.354183602483853107e-17
8.454883694648742676e-01 4.754692394469926808e-17 4.573520318858357496e-17
8.457069993019104004e-01 7.286497696614672049e-17 4.241284549315414015e-17
8.459255695343017578e-01 7.782722684340743309e-17 3.762046211776486711e-17
8.461449742317199707e-01 1.417326598704125883e-16 6.193901295272979490e-17
8.463635444641113281e-01 1.045228068999965940e-16 6.073655703987370963e-17
8.465836048126220703e-01 9.744497974040495906e-17 5.337893769244723822e-17
8.468028306961059570e-01 9.100529264489593310e-17 6.689066830070492832e-17
8.470231294631958008e-01 1.301591987258238540e-16 5.925923231818870348e-17
8.472431898117065430e-01 1.724808425933603475e-16 7.254745872493456550e-17
8.474631309509277344e-01 3.924450882778207910e-17 6.662363454663810971e-17
8.476839661598205566e-01 9.403468612841623699e-17 4.380220121105535692e-17
8.479048013687133789e-01 1.005878624039675383e-16 5.550033501756808363e-17
8.481256961822509766e-01 1.741176940592598804e-16 3.925009395127803714e-17
8.483469486236572266e-01 1.191343502332598892e-16 6.660539686849254056e-17
8.485685586929321289e-01 6.972070463915505212e-17 5.867577881876320030e-17
8.487901091575622559e-01 2.993329202906379934e-16 7.247893508299067269e-17
8.490123152732849121e-01 1.739603444544175932e-16 5.029254153855468009e-17
8.492343425750732422e-01 1.278574528661092970e-16 6.914375608806666595e-17
8.494572043418884277e-01 9.338352127840836807e-18 5.966128841800377790e-17
8.496796488761901855e-01 2.275676567878233717e-16 5.117035883948575390e-17
8.499028682708740234e-01 1.181577344799654818e-16 5.981877037174407352e-17
8.501259684562683105e-01 1.539906559852808059e-16 5.808538361963715211e-17
8.503493666648864746e-01 9.510507769339455607e-17 4.311239875463513608e-17
8.505735993385314941e-01 1.790010375235279345e-16 7.137591289720836177e-17
8.507973551750183105e-01 1.349329573025408830e-16 6.689178664889310001e-17
8.510215282440185547e-01 6.252192382167346329e-17 6.451134613442269824e-17
8.512464165687561035e-01 1.532901994425709020e-16 6.409048987364551861e-17
8.514709472656250000e-01 1.661723264906675305e-16 4.791690528908198630e-17
8.516963124275207520e-01 4.287097451233295921e-17 2.775190624243162828e-17
8.519216179847717285e-01 2.320646076443556556e-16 5.701855224001526126e-17
8.521472811698913574e-01 7.343808078174796018e-17 6.543174669328800193e-17
8.523733019828796387e-01 2.155499136275099560e-16 6.872346892755092280e-17
8.525994420051574707e-01 8.244562766619720272e-17 5.181663174335098421e-17
8.528259396553039551e-01 9.120759455294680197e-17 5.193701960970195186e-17
8.530529737472534180e-01 1.506948243177347216e-16 4.767181167358252420e-17
8.532797694206237793e-01 1.549019046178488229e-16 4.530484096820693593e-17
8.535072207450866699e-01 6.401227167492250431e-17 5.886544405403221908e-16
8.537346124649047852e-01 1.624111428628338140e-16 5.306179995431685762e-17
8.539626598358154297e-01 1.261387039021221140e-16 9.230384047515107849e-17
8.541908860206604004e-01 2.238028600350740237e-16 5.805636612374879190e-17
8.544192910194396973e-01 1.090890887267506224e-16 4.681068687741277048e-17
8.546482324600219727e-01 1.396887296640185591e-16 6.531432013352997412e-17
8.548770546913146973e-01 1.530328734801730058e-16 5.180189138483528926e-17
8.551068305969238281e-01 1.416809908606300760e-16 5.677661845445575173e-17
8.553359508514404297e-01 8.900990139684651550e-17 1.182352644644188520e-16
8.555662035942077637e-01 1.225395020905609817e-16 5.721961006842485038e-17
8.557962775230407715e-01 1.810564159095996977e-16 5.538025155368253550e-17
8.560268282890319824e-01 1.481994784900133536e-16 5.542282819417186494e-17
8.562577962875366211e-01 7.762578520319361936e-17 5.289211874090262995e-17
8.564890027046203613e-01 1.504558948521600046e-16 8.409548241132606917e-17
8.567203879356384277e-01 8.097120138537858237e-17 4.646050161944967132e-17
8.569519519805908203e-01 2.315033424376812749e-16 5.131463237320480278e-17
8.571841716766357422e-01 2.043396707986157063e-16 5.182536677061954419e-17
8.574165701866149902e-01 1.762741075940713205e-16 4.058711229746179874e-17
8.576492071151733398e-01 1.337879275765306792e-16 5.626571862091849971e-17
8.578819632530212402e-01 1.588765537832804238e-16 6.959096963188223526e-17
8.581155538558959961e-01 2.563262517618993853e-16 4.964893546498432074e-17
8.583490848541259766e-01 1.924081397104650173e-16 6.400709021556547215e-17
8.585825562477111816e-01 1.592469586441367692e-16 4.476216416425784681e-17
8.588170409202575684e-01 9.465916778622437034e-17 5.915416714550466811e-17
8.590515851974487305e-01 1.674452052521539303e-16 3.592664437744003234e-17
8.592863082885742188e-01 1.234429156683668964e-16 5.506804712072542116e-17
8.595213294029235840e-01 2.172971837790179674e-16 5.694644856038023895e-17
8.597569465637207031e-01 1.815361277253212504e-16 4.623410559451635786e-17
8.599926233291625977e-01 1.961670072325835852e-16 4.167484487680167950e-17
8.602283596992492676e-01 1.655854120675591054e-16 4.960805289038949990e-17
8.604650497436523438e-01 1.835979647376158276e-16 6.037351077774663600e-17
8.607015013694763184e-01 2.769336369263104532e-16 6.800617098756943932e-17
8.609384894371032715e-01 2.139577166797984858e-16 3.443463885424343505e-17
8.611758351325988770e-01 2.238123362161714312e-16 5.120535850556409761e-17
8.614134788513183594e-01 2.677300945588004461e-16 4.407850600542766986e-17
8.616513609886169434e-01 2.251153375868445621e-16 4.007170598394735783e-17
8.618896007537841797e-01 1.975482532717593321e-16 5.380694410243932622e-17
8.621281385421752930e-01 2.811518080640776655e-16 7.240249035950097208e-17
8.623670339584350586e-01 3.811791199454200689e-16 5.724641072027156848e-17
8.626061677932739258e-01 2.558632953166657068e-16 6.976784731662567427e-17
8.628457784652709961e-01 4.017021988617997322e-16 4.786743657972886503e-17
8.630854487419128418e-01 3.215357184809821377e-16 5.303736834774449140e-17
8.633259534835815430e-01 2.155780377683367589e-16 9.831866775571816816e-17
8.635656833648681641e-01 2.761134443355722735e-16 5.098232414264019965e-17
8.638070821762084961e-01 3.675479246043750203e-16 6.242201363856685840e-17
8.640478849411010742e-01 3.620308813815525419e-16 5.108939770985151377e-17
8.642892837524414062e-01 2.907729641443636444e-16 5.481327880078153884e-17
8.645312786102294922e-01 2.337042252022235658e-16 5.868710788443272657e-17
8.647728562355041504e-01 2.598498294131384697e-16 5.319428450994580075e-17
8.650153875350952148e-01 2.717874353157077481e-16 4.770643083657909352e-17
8.652582168579101562e-01 3.173856540861300915e-16 5.247831005894440211e-17
8.655011057853698730e-01 3.602889845953036749e-16 5.570962825615625069e-17
8.657441735267639160e-01 3.825571896110436122e-16 4.986860816589880319e-17
8.659881949424743652e-01 3.077424222096562974e-16 5.173165051593973636e-17
8.662315011024475098e-01 4.161723009277613601e-16 7.455528415195188021e-17
8.664765954017639160e-01 3.595336164948100509e-16 3.315987412096041431e-17
8.667207360267639160e-01 3.930009999715707286e-16 5.817275374465745311e-17
8.669657111167907715e-01 3.315221575197715336e-16 4.823060857330904673e-17
8.672109246253967285e-01 2.873636300618854838e-16 5.694747426433980470e-17
8.674564957618713379e-01 3.617528957561755212e-16 7.844976958985974214e-17
8.677023053169250488e-01 4.277069044358948035e-16 5.971226259607174567e-17
8.679482936859130859e-01 4.275515797691920462e-16 6.913595412052906579e-17
8.681952357292175293e-01 4.632339544030227192e-16 4.668978946780447017e-17
8.684418797492980957e-01 4.978124862879034287e-16 4.619511230044060814e-17
8.686888217926025391e-01 4.935532340521943829e-16 4.543285543980564250e-17
8.689363002777099609e-01 4.770454089431553236e-16 3.952621014847068799e-17
8.691846132278442383e-01 5.850176516417266489e-16 3.637686554996284445e-17
8.694319725036621094e-01 5.367601729333994296e-16 7.252527043218344308e-17
8.696807622909545898e-01 6.974032536328480993e-16 5.597624511119434257e-17
8.699294328689575195e-01 6.267322772885472286e-16 4.808908127922367391e-17
8.701785206794738770e-01 6.195326560555632859e-16 5.658267437931411865e-17
8.704277873039245605e-01 7.118189603017282402e-16 6.747095204402312829e-17
8.706776499748229980e-01 6.996135331691489927e-16 5.253092536334767510e-17
8.709274530410766602e-01 6.163865639312240009e-16 6.055075903940449877e-17
8.711779713630676270e-01 7.286047180965851168e-16 3.987408922688598931e-17
8.714285492897033691e-01 6.850728891405488425e-16 5.338974397996963097e-17
8.716796040534973145e-01 7.100655491613526351e-16 6.999507052217154076e-17
8.719307780265808105e-01 7.698572343311192723e-16 5.151317557255223069e-17
8.721824884414672852e-01 7.080454285217103322e-16 5.323105103381255772e-17
8.724343776702880859e-01 7.537925662721718222e-16 2.520767404050837639e-16
8.726864457130432129e-01 7.283276324437145538e-16 3.365378697343827735e-17
8.729392886161804199e-01 8.089902094338271513e-16 4.772618060088440960e-17
8.731918931007385254e-01 7.885395518344377307e-16 4.280661324323143324e-17
8.734454512596130371e-01 7.779557692793768412e-16 4.294535459301372746e-17
8.736986517906188965e-01 7.816011343865633329e-16 3.865296881068825752e-17
8.739528656005859375e-01 7.544351466417826158e-16 3.748961868847122919e-17
8.742066621780395508e-01 7.751827951683030755e-16 3.998830963458976158e-17
8.744615316390991211e-01 8.793058554567548431e-16 5.828381432242127282e-17
8.747159242630004883e-01 8.028712434228620857e-16 2.631170704099922711e-17
8.749709725379943848e-01 8.601209827179185675e-16 4.612679710801107869e-17
8.752269148826599121e-01 7.358206976533629082e-16 4.591674286325936284e-17
8.754822611808776855e-01 7.723102417463677261e-16 5.846427204485584134e-17
8.757384419441223145e-01 6.856020729743459666e-16 3.809603472170120441e-17
8.759948611259460449e-01 6.958411660594335593e-16 5.183165003455249698e-17
8.762513995170593262e-01 7.780395726015958136e-16 5.237912448605439367e-17
8.765086531639099121e-01 7.687170750445557806e-16 4.689621735275075354e-17
8.767660260200500488e-01 7.890753531131352791e-16 4.302158424954416428e-17
8.770234584808349609e-01 7.713893051744654880e-16 3.685563768850853687e-17
8.772815465927124023e-01 7.947116691628430037e-16 5.233462216909904078e-17
8.775399327278137207e-01 8.475015682323687807e-16 6.971843485555420661e-17
8.777985572814941406e-01 8.800844375539591553e-16 6.969765607856687455e-17
8.780573010444641113e-01 8.029458882013388709e-16 4.454879788833346864e-17
8.783167600631713867e-01 8.772699058889107254e-16 4.788670657927890037e-17
8.785760402679443359e-01 7.768933782052831350e-16 6.348408045786044381e-17
8.788362145423889160e-01 7.916581683275504544e-16 4.149510514713880701e-17
8.790962100028991699e-01 8.862000154331352037e-16 4.949166196075838848e-17
8.793569207191467285e-01 7.839211046895336581e-16 3.726472482353031202e-17
8.796175122261047363e-01 8.147889440511708881e-16 4.369095203611187512e-17
8.798790574073791504e-01 6.802757709833333159e-16 4.814236825428433995e-17
8.801400065422058105e-01 8.346601252355199604e-16 7.137106892754125124e-17
8.804017901420593262e-01 8.532442398565161235e-16 5.261942376272349842e-17
8.806642889976501465e-01 7.997483917650130905e-16 4.419079081049806805e-17
8.809263110160827637e-01 7.410493790972045008e-16 4.470614087573085535e-17
8.811894059181213379e-01 7.485631436745013821e-16 3.768599467461376817e-17
8.814523220062255859e-01 8.381951113617673761e-16 4.751270844584162465e-17
8.817153573036193848e-01 7.902033363010819902e-16 5.936336443114177902e-17
8.819794058799743652e-01 8.108702519998172743e-16 5.791732037150107816e-17
8.822432756423950195e-01 8.457475218172827349e-16 7.117163237313226605e-17
8.825075030326843262e-01 8.382354513058803622e-16 4.556878437550525643e-17
8.827722072601318359e-01 7.100251562776804456e-16 5.353311754118222215e-17
8.830371499061584473e-01 8.007842071803866930e-16 5.367052547581708090e-17
8.833023905754089355e-01 7.970098813069807341e-16 4.691747589449336636e-17
8.835653662681579590e-01 7.326444299802776887e-16 5.811865613259648510e-17
8.838349580764770508e-01 7.679576041282238936e-16 2.650880929171958765e-16
8.840972781181335449e-01 8.386740026143212762e-16 4.854846099548867314e-17
8.843665122985839844e-01 7.324842878136874225e-16 4.859349270803605997e-17
8.846332430839538574e-01 7.250400328776245972e-16 3.508599064706974095e-17
8.849005103111267090e-01 7.318556834877063249e-16 2.997415342783493883e-17
8.851678967475891113e-01 7.911547131195261796e-16 4.646974288125311375e-17
8.854357600212097168e-01 8.197542511879755966e-16 6.132301485928400540e-17
8.857036828994750977e-01 7.687961667460056509e-16 4.894769806377616684e-17
8.859722018241882324e-01 8.458973937093875427e-16 4.836184243185180968e-17
8.862408399581909180e-01 7.750273116829227080e-16 6.028404954013780095e-17
8.865098953247070312e-01 7.918215398072521276e-16 5.013240929813176457e-17
8.867793083190917969e-01 7.522213730945742985e-16 4.424028268090834080e-17
8.870489597320556641e-01 7.353517060983800428e-16 3.832589497903988996e-17
8.873182535171508789e-01 7.746676403176948507e-16 7.581462362117201209e-17
8.875893354415893555e-01 8.956943547993494528e-16 5.513281205396587301e-17
8.878597617149353027e-01 7.836152728560156523e-16 5.349589110489488570e-17
8.881305456161499023e-01 7.781914561969503503e-16 4.225837447684353755e-17
8.884018659591674805e-01 9.082754410440359825e-16 3.991531921733808242e-17
8.886734247207641602e-01 8.532644627681318199e-16 5.454024302419003547e-17
8.889452815055847168e-01 8.937152623180897801e-16 4.240041131418624304e-17
8.892174363136291504e-01 7.878152327854168972e-16 3.714712621020487319e-17
8.894899487495422363e-01 8.495214241742150667e-16 6.307899356828097510e-17
8.897626996040344238e-01 8.995646600935911646e-16 5.093604504172908286e-17
8.900356888771057129e-01 9.170696547397853490e-16 3.982674471734590422e-17
8.903091549873352051e-01 8.979523328784926040e-16 5.028321755868998236e-17
8.905829191207885742e-01 9.378970302424661197e-16 5.418189845666471324e-17
8.908569812774658203e-01 9.004806203469282837e-16 5.993830789642533665e-17
8.911315202713012695e-01 9.321715110355006766e-16 5.572998351666995560e-17
8.914059996604919434e-01 8.202659120276763974e-16 4.596788909489474165e-17
8.916813731193542480e-01 8.918752949984166262e-16 5.422340968852507439e-17
8.919560313224792480e-01 8.549475172343261146e-16 4.466463626131539463e-17
8.922320604324340820e-01 9.341683912086526896e-16 4.576156708906686506e-17
8.925079703330993652e-01 8.763053471202248909e-16 5.416953045214582037e-17
8.927842974662780762e-01 8.800830081858606636e-16 4.375172995879982138e-17
8.930608034133911133e-01 9.771000443820000887e-16 4.878561367710762618e-17
8.933377861976623535e-01 9.174532547857731403e-16 7.172099279643078364e-17
8.936149477958679199e-01 9.239834552926301688e-16 4.944821843498710347e-17
8.938924074172973633e-01 8.997114085517029722e-16 5.770210121100458121e-17
8.941701650619506836e-01 9.040835808671928570e-16 4.883795766626998177e-17
8.944488763809204102e-01 9.298585816939044027e-16 4.631624462934287351e-17
8.947268128395080566e-01 8.906985544764435894e-16 2.793897148359927038e-17
8.950059413909912109e-01 9.270779842863053483e-16 4.768989715049538360e-17
8.952848315238952637e-01 9.516668213495056532e-16 5.627383160836641981e-17
8.955644369125366211e-01 8.642902377029818440e-16 5.368307215134828522e-17
8.958439230918884277e-01 9.355843126591066594e-16 7.189137215028200607e-17
8.961241245269775391e-01 9.440435248242169501e-16 5.312999934146062965e-17
8.964046239852905273e-01 9.302645222338760261e-16 5.738764684678132263e-17
8.966852426528930664e-01 9.457847069264165712e-16 4.131825724089741990e-17
8.969660997390747070e-01 9.444988050333661365e-16 4.348304515223034693e-17
8.972476124763488770e-01 9.670237404414629319e-16 4.363222552134306037e-17
8.975291252136230469e-01 9.579889693886933441e-16 4.492620069717201262e-17
8.978114128112792969e-01 9.619296842966755696e-16 5.110648395258440911e-17
8.980934023857116699e-01 8.934460117199813194e-16 4.962506634122849057e-17
8.983761072158813477e-01 8.952043462393628401e-16 6.317860596636706090e-17
8.986591696739196777e-01 9.833411948956065872e-16 5.923642860306184161e-17
8.989418745040893555e-01 9.550386477542882092e-16 5.724111014690632868e-17
8.992260694503784180e-01 9.606143480087080480e-16 5.141239850416367023e-17
8.995099663734436035e-01 1.049815281804940010e-15 7.141743736395852376e-17
8.997936844825744629e-01 8.865506341337392807e-16 8.526152914234002038e-17
9.000787138938903809e-01 9.716969270905833136e-16 6.032781070326430632e-17
9.003627896308898926e-01 8.305054286292376173e-16 3.749430714818317975e-17
9.006485342979431152e-01 9.027371161184137398e-16 4.504012662857771602e-17
9.009344577789306641e-01 8.496761135662073833e-16 4.475414051231608244e-17
9.012195467948913574e-01 8.947510777334633826e-16 3.251117261481672831e-17
9.015061259269714355e-01 8.811668397814317443e-16 3.471995991729257599e-17
9.017924666404724121e-01 9.179270638406435145e-16 3.940893248122291973e-17
9.020792245864868164e-01 8.719844732376030947e-16 4.604127986756289647e-17
9.023666381835937500e-01 9.272845544463169908e-16 4.156426406379314055e-17
9.026538133621215820e-01 9.368276511465575655e-16 5.816889577428050579e-17
9.029415845870971680e-01 9.253898476224275277e-16 2.940666120550925887e-17
9.032297730445861816e-01 9.783699585281710985e-16 5.216508653947262244e-17
9.035179615020751953e-01 8.549110948175941797e-16 3.436535089741354324e-17
9.038070440292358398e-01 9.332484075488161127e-16 4.185742018160438377e-17
9.040956497192382812e-01 8.673420444723798847e-16 2.793518961383867794e-17
9.043852090835571289e-01 9.121648045795909161e-16 2.904785341684090695e-17
9.046747684478759766e-01 9.517707946437811185e-16 5.903513916408073764e-17
9.049651622772216797e-01 9.417368423506066767e-16 2.988578737735712398e-17
9.052553772926330566e-01 9.113061249293118692e-16 3.498358899595812633e-17
9.055458903312683105e-01 9.410017236315083508e-16 3.357939034914525804e-17
9.058373570442199707e-01 8.956305096909501599e-16 4.311585306087315753e-17
9.061284065246582031e-01 9.391149577414993968e-16 4.476839448863159621e-17
9.064199924468994141e-01 8.954307157945165518e-16 3.781656017122158827e-17
9.067121744155883789e-01 9.178471251062463900e-16 3.366138380018396435e-17
9.070045351982116699e-01 8.889535607259813239e-16 3.440189573687613600e-17
9.072971940040588379e-01 8.746928610864487200e-16 3.913087737267444458e-17
9.075905084609985352e-01 9.135016343285950156e-16 3.571912792280762918e-17
9.078831076622009277e-01 9.285290576040703715e-16 4.125783004278919613e-17
9.081771969795227051e-01 8.670974637088602055e-16 4.047181324623925732e-17
9.084716439247131348e-01 8.656267498146307231e-16 3.323781438699761079e-17
9.087654352188110352e-01 7.519710219191014493e-16 5.503154529465468115e-17
9.090600609779357910e-01 8.867561984421260587e-16 3.558341736278972925e-17
9.093554019927978516e-01 8.486637503755608842e-16 2.836114130718918422e-17
9.096506834030151367e-01 8.557063528759475610e-16 5.760702838012018642e-17
9.099461436271667480e-01 7.971084018266582499e-16 5.966911685532097975e-17
9.102423191070556641e-01 7.877051714418330415e-16 3.900168830460591272e-17
9.105387330055236816e-01 8.564341659358758185e-16 3.384060075169970333e-17
9.108352661132812500e-01 8.636618980747967633e-16 5.610339931495599399e-17
9.111323952674865723e-01 8.186850309107446527e-16 5.162737281919885148e-17
9.114297032356262207e-01 7.853063741352088629e-16 4.352715042249167437e-17
9.117273092269897461e-01 8.320925566141553625e-16 4.791155177615754311e-17
9.120254516601562500e-01 8.104558411303731079e-16 3.561684538570422220e-17
9.123237133026123047e-01 7.562615614342997009e-16 5.651505070987668353e-17
9.126226305961608887e-01 7.874540791125313449e-16 4.190561172409172316e-17
9.129213690757751465e-01 7.807940178669483915e-16 6.305229217810776336e-17
9.132211208343505859e-01 7.707217902724698960e-16 4.271093160741619942e-17
9.135203957557678223e-01 7.722376086711406698e-16 3.160608813217345649e-17
9.138209819793701172e-01 7.927663521203550962e-16 4.464100205685352953e-17
9.141210317611694336e-01 7.425296750516497974e-16 4.537295763728945266e-17
9.144220352172851562e-01 7.584585531412405424e-16 4.190224675335985744e-17
9.147231578826904297e-01 7.665715935287198413e-16 4.826363624080706402e-17
9.150245785713195801e-01 7.242638860001436411e-16 3.886455830265687179e-17
9.153262972831726074e-01 7.692121128626667158e-16 3.721043199684478150e-17
9.156286120414733887e-01 7.079379612165274428e-16 4.093071981519387623e-17
9.159311056137084961e-01 6.882364513194252475e-16 4.988145262645052661e-17
9.162336587905883789e-01 6.770055885322212759e-16 3.164211019348891574e-17
9.165371656417846680e-01 7.251133012275620942e-16 3.214944984166973952e-17
9.168405532836914062e-01 7.019445149004336238e-16 4.410439014115567920e-17
9.171446561813354492e-01 6.321429119973708856e-16 4.639332131882056463e-17
9.174483418464660645e-01 6.576399271987054106e-16 1.203521569639237336e-17
9.177536964416503906e-01 7.466452493236808326e-16 4.318449250810280776e-17
9.180584549903869629e-01 6.376218387375669205e-16 3.411919187328511284e-17
9.183633327484130859e-01 6.207920352294528203e-16 4.163806842676757189e-17
9.186691641807556152e-01 5.786659103889442608e-16 5.326037954961123787e-17
9.189755320549011230e-01 6.792706605122976818e-16 4.388113409382761703e-17
9.192815423011779785e-01 6.289782380877512093e-16 3.784183881074120880e-17
9.195880889892578125e-01 6.318617499984416613e-16 3.331556936457759539e-17
9.198957085609436035e-01 6.017681516901540652e-16 3.660978968429042641e-17
9.202024936676025391e-01 6.995514880057626152e-16 3.312145985331345170e-17
9.205108880996704102e-01 6.104776091516187983e-16 2.677460558359002693e-17
9.208185076713562012e-01 6.281101881354931617e-16 4.334102154977744229e-17
9.211274385452270508e-01 5.662140496082732153e-16 3.851147791254983703e-17
9.214360713958740234e-01 6.479054539919445674e-16 4.327909219167682222e-17
9.217452406883239746e-01 6.007241835826631401e-16 3.038499087703287619e-17
9.220550060272216797e-01 6.401440910962534134e-16 2.963975077595935143e-17
9.223650693893432617e-01 5.921235169153613812e-16 2.577331999570683799e-17
9.226750135421752930e-01 5.689573246266338771e-16 2.175662193101671643e-17
9.229859709739685059e-01 5.689645773462447421e-16 4.213288456047434283e-17
9.232969880104064941e-01 6.027989907869625488e-16 4.083037618944629354e-17
9.236081838607788086e-01 6.036018721418412187e-16 3.267841199106269945e-17
9.239204525947570801e-01 6.312392866613281573e-16 3.812960501968105649e-17
9.242318868637084961e-01 5.915234999513501162e-16 3.678078446051738829e-17
9.245452880859375000e-01 5.499567874329438187e-16 2.552870779932388175e-17
9.248570799827575684e-01 6.105385425842619045e-16 3.971851309727701586e-17
9.251709580421447754e-01 5.968980828203562621e-16 3.059906521956159975e-17
9.254847764968872070e-01 5.527355319559707544e-16 3.394357812051765485e-17
9.257982969284057617e-01 5.324566632261963466e-16 2.802873712367352495e-17
9.261128902435302734e-01 5.718401483230546849e-16 3.147189958448265413e-17
9.264275431632995605e-01 5.377761360140717595e-16 4.128274803156174353e-17
9.267425537109375000e-01 5.770310309216250544e-16 2.646492736022364954e-17
9.270582795143127441e-01 5.562695651701525090e-16 2.616856674471937589e-17
9.273739457130432129e-01 5.362276009678132883e-16 3.543556048265710065e-17
9.276902675628662109e-01 5.633530370102442057e-16 4.654879156931113128e-17
9.280067086219787598e-01 5.859165653570002751e-16 3.308720795850885593e-17
9.283242225646972656e-01 4.872317742272763361e-16 3.430541669895040106e-17
9.286408424377441406e-01 5.860917423584043051e-16 4.617492909349431426e-17
9.289590716361999512e-01 5.570523294925338893e-16 3.677708530881805115e-17
9.292769432067871094e-01 5.166791922759273077e-16 2.649987077802033964e-17
9.295954704284667969e-01 5.739722890699713691e-16 4.651048979822747589e-17
9.299145936965942383e-01 5.757265472432942285e-16 4.275584089723292840e-17
9.302336573600769043e-01 5.452896358935726238e-16 2.807642904907088231e-17
9.305528402328491211e-01 5.306307248897120920e-16 4.083380071718226308e-17
9.308737516403198242e-01 4.126462880567989197e-16 4.540213395185542305e-17
9.311937689781188965e-01 5.167812068065122475e-16 5.351317917969724398e-17
9.315145015716552734e-01 5.584686744594614862e-16 3.132760950715135419e-17
9.318356513977050781e-01 4.749036331964636218e-16 4.085863929661600539e-17
9.321578145027160645e-01 5.738483046223170209e-16 5.881022544680511921e-17
9.324792027473449707e-01 4.681902618147628509e-16 4.651183313954226201e-17
9.328016638755798340e-01 5.717665623357619676e-16 4.267725212159549034e-17
9.331246614456176758e-01 5.107912545013258525e-16 4.505506881916287391e-17
9.334476590156555176e-01 4.125254799826967751e-16 6.892125773817970235e-17
9.337713718414306641e-01 5.559865502866511659e-16 6.224400437074544684e-17
9.340949654579162598e-01 5.085855807066756544e-16 3.839174186452156117e-17
9.344198703765869141e-01 5.099935082836899117e-16 5.163855299235811820e-17
9.347441196441650391e-01 5.100465007824525089e-16 2.464998225408022471e-17
9.350689053535461426e-01 5.357598270226921009e-16 3.307190842589907513e-17
9.353952407836914062e-01 4.676484783658753190e-16 4.309834991911153546e-17
9.357208609580993652e-01 4.447038381324140179e-16 4.300687366953052124e-17
9.360467791557312012e-01 5.092433017902186186e-16 3.291716609434755514e-17
9.363737702369689941e-01 4.396690742939344566e-16 4.364279358084903785e-17
9.367009401321411133e-01 5.220721451719770312e-16 5.343084162152371560e-17
9.370284080505371094e-01 5.057736430800281908e-16 3.610623521459264528e-17
9.373562932014465332e-01 4.677392167703499359e-16 4.576455486543940659e-17
9.376847743988037109e-01 4.529321279402791049e-16 3.814373326454346220e-17
9.380134344100952148e-01 4.886865003746263935e-16 5.855269434361530978e-17
9.383426904678344727e-01 5.056016424521763645e-16 4.567855455151349341e-17
9.386720657348632812e-01 4.911731773495282057e-16 4.052129849920462965e-17
9.390025138854980469e-01 5.547721697380845161e-16 5.545411547366107066e-17
9.393323659896850586e-01 5.108904632352730124e-16 4.207850570700510679e-17
9.396632313728332520e-01 4.815529477115282862e-16 3.912293313007148530e-17
9.399947524070739746e-01 5.629010919933248331e-16 2.604141915840262490e-17
9.403259754180908203e-01 5.281922229136853681e-16 2.724103618739642818e-17
9.406581521034240723e-01 5.941794246970251783e-16 4.243612897303628278e-17
9.409908652305603027e-01 5.848658739254905189e-16 3.093249841575927499e-17
9.413226842880249023e-01 5.163232266798436880e-16 3.765144499478865331e-17
9.416569471359252930e-01 5.548616905326974550e-16 2.392713724091096063e-17
9.419904351234436035e-01 5.058543759078133664e-16 3.910801079182102868e-17
9.423242807388305664e-01 5.361439564642719261e-16 2.577023130329956499e-17
9.426586627960205078e-01 5.695245190639390380e-16 3.262292802429509256e-17
9.429942965507507324e-01 4.667283358873611319e-16 4.739571863744702484e-17
9.433291554450988770e-01 5.379622185646716886e-16 4.848301446542347759e-17
9.436648488044738770e-01 5.535103553444716256e-16 3.444953141399183976e-17
9.440013170242309570e-01 5.673460562027193843e-16 3.951062606573018895e-17
9.443376064300537109e-01 5.347984975671176734e-16 2.932185203166542205e-17
9.446750879287719727e-01 4.906467463728096581e-16 3.503776270863544922e-17
9.450125098228454590e-01 5.617314983118442545e-16 4.225619733747129798e-17
9.453501701354980469e-01 5.381749826531101281e-16 1.954494611384183358e-17
9.456887245178222656e-01 5.732731163115721475e-16 5.876316217867330214e-17
9.460273385047912598e-01 5.882305534897806169e-16 3.561328189162534376e-17
9.463666677474975586e-01 5.421914011307532068e-16 3.312163852432576316e-17
9.467060565948486328e-01 5.577356203831720927e-16 5.586850649077053583e-17
9.470463991165161133e-01 5.100871054243615119e-16 4.526915639658139832e-17
9.473868608474731445e-01 5.748146103964565674e-16 2.722094727903996535e-17
9.477275013923645020e-01 5.844919088792777453e-16 3.728553007029724578e-17
9.480691552162170410e-01 5.654320264397206825e-16 3.964107575705225163e-17
9.484108090400695801e-01 6.040740400703762877e-16 3.452389495106035695e-17
9.487531185150146484e-01 6.058093988210635356e-16 2.774937506975721602e-17
9.490960836410522461e-01 5.809109712156417839e-16 4.054731167510819726e-17
9.494386315345764160e-01 5.534628156203069780e-16 4.318143524855881177e-17
9.497824907302856445e-01 5.984421180040824448e-16 5.321095385364996936e-17
9.501265287399291992e-01 5.359952492424695930e-16 2.474450583703788429e-17
9.504708051681518555e-01 5.804202215018263236e-16 5.095080194385702887e-17
9.508158564567565918e-01 5.518625056851475877e-16 3.931351554320370288e-17
9.511611461639404297e-01 6.008952312984493054e-16 4.248501534723816671e-17
9.515066146850585938e-01 6.058857376654348294e-16 4.744103490012512990e-17
9.518533349037170410e-01 5.822455775031593408e-16 3.334096050066052313e-17
9.521996974945068359e-01 5.719614328531896601e-16 2.902681986822490856e-17
9.525470137596130371e-01 4.907832774959952106e-16 2.856748316535176208e-17
9.528945088386535645e-01 4.855797952823344334e-16 3.778508098583027025e-17
9.532423019409179688e-01 5.732262118621179407e-16 2.946661856502955253e-17
9.535911083221435547e-01 4.854469699282931185e-16 3.973288949632318749e-17
9.539399743080139160e-01 5.427770185346611487e-16 1.613935915953853824e-17
9.542891979217529297e-01 5.469643788489719858e-16 2.834261577019044662e-17
9.546391367912292480e-01 5.776255951110383698e-16 2.672943325033850609e-17
9.549893140792846680e-01 5.967201529618736556e-16 2.576322839223369105e-17
9.553400278091430664e-01 5.534118348247941098e-16 3.127042485704433828e-17
9.556914567947387695e-01 5.816375666657083634e-16 2.265434616056949142e-17
9.560429453849792480e-01 5.692366866805501861e-16 2.483138130805187857e-17
9.563950896263122559e-01 5.657928095356918111e-16 8.917284936007456152e-17
9.567477703094482422e-01 5.381044671602512076e-16 4.408819063603944071e-17
9.571008086204528809e-01 5.628623931755471523e-16 4.147876336695720939e-17
9.574542641639709473e-01 5.248189671408043204e-16 2.608064902613356479e-17
9.578082561492919922e-01 5.503431932755693898e-16 2.190277647344871089e-17
9.581629037857055664e-01 5.146650538064749883e-16 3.363482799379856195e-17
9.585176110267639160e-01 5.144832064206113307e-16 2.174731780348671998e-17
9.588727951049804688e-01 5.743118434027019367e-16 3.517267917526529825e-17
9.592291116714477539e-01 5.110261473255113106e-16 3.986226054412648101e-17
9.595851898193359375e-01 5.076324568827777529e-16 2.549165341660395632e-17
9.599419832229614258e-01 5.572899751737979239e-16 3.414501314328656815e-17
9.602994322776794434e-01 5.454822300099545704e-16 2.122327737873845057e-17
9.606564640998840332e-01 5.622888459911375841e-16 3.872569783886636993e-17
9.610153436660766602e-01 5.551613813773478671e-16 2.197112309874151736e-17
9.613743424415588379e-01 5.295658985958950297e-16 3.052393405888463335e-17
9.617326259613037109e-01 4.798665051135449743e-16 3.975600754008281950e-17
9.620926976203918457e-01 4.777285939546751202e-16 2.401207545493035572e-17
9.624528288841247559e-01 5.348251261653969805e-16 2.018448245879843204e-17
9.628131985664367676e-01 5.381978525426859943e-16 3.712090458478694221e-17
9.631749391555786133e-01 5.164960743406427687e-16 3.004732913354382987e-17
9.635357260704040527e-01 5.177295131305226401e-16 1.694663118910863964e-17
9.638981819152832031e-01 4.585270452546897756e-16 3.978515076742428777e-17
9.642605781555175781e-01 5.199571039026830432e-16 2.054072102448419425e-17
9.646236896514892578e-01 5.263477027919207223e-16 3.541648900645407805e-17
9.649870991706848145e-01 5.182741023760479519e-16 2.772076620109145700e-17
9.653510451316833496e-01 4.932993359262549064e-16 3.557428198010469361e-17
9.657156467437744141e-01 5.192149442222106660e-16 2.071608496870666123e-17
9.660805463790893555e-01 5.329622889561479605e-16 2.137617178880152710e-17
9.664457440376281738e-01 5.139270763511796791e-16 3.703993352898535144e-17
9.668120741844177246e-01 5.485109021919807280e-16 3.117496821435571889e-17
9.671786427497863770e-01 5.500752661664410140e-16 3.003138440005625770e-17
9.675447344779968262e-01 5.474119828220366801e-16 3.028864087928269952e-17
9.679130315780639648e-01 5.342976893370535683e-16 2.778687613000792008e-17
9.682803750038146973e-01 5.905313067327601102e-16 2.931807677934973003e-17
9.686491489410400391e-01 5.520768050208029257e-16 2.771405611196242684e-17
9.690181612968444824e-01 6.080510715159720414e-16 3.230537669585843545e-17
9.693872332572937012e-01 4.987228349479649880e-16 2.064435848343096309e-17
9.697572588920593262e-01 5.342772017276418550e-16 1.885954425828039485e-17
9.701277613639831543e-01 5.665459806444784942e-16 2.217997296852135600e-17
9.704985618591308594e-01 5.362603176154009856e-16 2.578150577504866275e-17
9.708700776100158691e-01 5.772333129773412220e-16 1.548989995595375366e-17
9.712419509887695312e-01 5.732832277673799957e-16 1.666115461610433873e-17
9.716143608093261719e-01 5.695347363988652930e-16 3.039632986886975309e-17
9.719873666763305664e-01 5.818649420724869396e-16 2.335159158814146440e-17
9.723607301712036133e-01 5.794597920187583538e-16 3.614227381952035559e-17
9.727349281311035156e-01 5.784453641853029224e-16 1.597196427333740713e-17
9.731092453002929688e-01 6.135565209753289766e-16 2.249583519414717983e-17
9.734838604927062988e-01 6.231675920695867090e-16 2.610538172644890031e-17
9.738598465919494629e-01 5.515056930561167137e-16 6.112549074645124282e-17
9.742358326911926270e-01 6.211449832706618466e-16 2.497750938070427134e-17
9.746119976043701172e-01 6.217697759483802999e-16 2.951826441375491336e-17
9.749892354011535645e-01 5.736178057815454444e-16 2.468895404146004806e-17
9.753667116165161133e-01 6.049994765048108143e-16 2.750343773003294983e-17
9.757448434829711914e-01 5.851944168299067807e-16 3.238843555552611006e-17
9.761233329772949219e-01 6.106724796690464908e-16 2.381566307284086441e-17
9.765024185180664062e-01 5.770933937223666522e-16 2.200764312278573353e-17
9.768823385238647461e-01 6.151623366246455199e-16 2.182132399853061426e-17
9.772619009017944336e-01 6.055013964656181906e-16 2.011747090301428616e-17
9.776428341865539551e-01 5.760816128668713905e-16 2.046347724452276742e-17
9.780238866806030273e-01 5.519822549680656644e-16 2.096249876446375796e-17
9.784055352210998535e-01 5.355553744450485942e-16 3.584334728975594245e-17
9.787881374359130859e-01 5.366334885682257083e-16 2.497321135024144581e-17
9.791703820228576660e-01 5.694476508239757102e-16 3.069400570154798605e-17
9.795542955398559570e-01 5.465219100131500207e-16 1.683572281257752969e-17
9.799374938011169434e-01 6.207645595982262589e-16 2.917962990586550468e-17
9.803218841552734375e-01 5.961778930569532932e-16 2.886481158217272277e-17
9.807073473930358887e-01 6.024735713165392872e-16 2.766609783440782740e-17
9.810922145843505859e-01 5.427901475453435903e-16 2.223965404971705695e-17
9.814783930778503418e-01 5.856161333585210155e-16 2.737543649332404411e-17
9.818647503852844238e-01 5.544776140306768332e-16 3.219840569904307791e-17
9.822521805763244629e-01 5.526378584692404929e-16 2.829009641873822978e-17
9.826390147209167480e-01 5.516101428064250096e-16 2.000905234012696082e-17
9.830274581909179688e-01 5.550154270126241105e-16 2.155955773060453333e-17
9.834160208702087402e-01 5.107924191716283271e-16 1.985367473386500010e-17
9.838052392005920410e-01 5.769040289190961127e-16 2.131539882919725615e-17
9.841945171356201172e-01 5.411571739021557061e-16 2.395570805926854220e-17
9.845852255821228027e-01 5.392390148535391396e-16 2.625384079406746751e-17
9.849755764007568359e-01 5.397137768204751749e-16 2.623431767724999095e-17
9.853672981262207031e-01 4.758153053455052659e-16 2.342206572196975725e-17
9.857592582702636719e-01 4.823414295063036331e-16 3.346306228524070065e-17
9.861508607864379883e-01 5.488292807010299382e-16 2.175890494950736279e-17
9.865442514419555664e-01 4.823960631314015354e-16 2.409707653467630485e-17
9.869384169578552246e-01 4.829893038318347660e-16 3.278005925345566570e-17
9.873319864273071289e-01 4.910763508957451985e-16 3.587301660396699445e-17
9.877263307571411133e-01 4.052898863192341264e-16 4.346030761155248931e-17
9.881217479705810547e-01 5.049478388960144514e-16 2.482633385195408000e-17
9.885172843933105469e-01 4.577694272229300074e-16 2.539733497443820990e-17
9.889135956764221191e-01 4.634667825843992450e-16 2.327162307524228789e-17
9.893104434013366699e-01 4.102272678385590447e-16 2.610172062505774061e-17
9.897074699401855469e-01 4.909697306235095635e-16 3.346352881510618056e-17
9.901058673858642578e-01 4.538712757205473104e-16 2.623872158683122327e-17
9.905059933662414551e-01 4.409491263656929163e-16 1.749968580102281905e-17
9.909034371376037598e-01 4.103532904592427236e-16 1.350919860840266528e-17
9.913027882575988770e-01 4.402661001728507299e-16 2.902670406293915114e-17
9.917025566101074219e-01 3.953173703845152230e-16 1.733998369451843110e-17
9.921035766601562500e-01 3.762355180278887518e-16 1.869150913428514770e-17
9.925048947334289551e-01 4.049339207231505066e-16 2.022928421513552912e-17
9.929065108299255371e-01 3.867889132759668933e-16 1.784381940562448026e-17
9.933088421821594238e-01 3.995934838698305498e-16 1.598994552549308485e-17
9.937119483947753906e-01 4.056331728908885333e-16 2.410925263329308541e-17
9.941152334213256836e-01 3.595052938306362352e-16 1.933044990920070798e-17
9.945196509361267090e-01 3.621330812005946935e-16 1.986964924585462417e-17
9.949241280555725098e-01 3.918099392988331738e-16 3.308082543290239677e-17
9.953292608261108398e-01 3.894683961254874656e-16 1.920134686791588163e-17
9.957353472709655762e-01 3.863935341780563469e-16 3.087915850113940556e-17
9.961414337158203125e-01 3.519199549692963655e-16 2.947144268236196179e-17
9.965487718582153320e-01 4.159074443130667811e-16 2.578146937910171042e-17
9.969561100006103516e-01 3.712007541894091905e-16 2.999784718930090775e-17
9.973642230033874512e-01 3.700101170331452629e-16 1.684112926506117628e-17
9.977728724479675293e-01 3.926787568746996707e-16 3.190297979763098918e-17
9.981821179389953613e-01 4.079759336740959195e-16 1.223405171767664505e-17
9.985920190811157227e-01 3.234700240951557393e-16 2.300620232336994769e-17
9.990018606185913086e-01 4.085182465185754853e-16 1.632913259003167895e-17
9.994135499000549316e-01 4.295068759185897934e-16 2.290693072369623373e-17
9.998250007629394531e-01 4.026798072318292033e-16 1.595743401869730065e-17
1.000236272811889648e+00 3.603908932467702079e-16 2.319125089820418551e-17
1.000649690628051758e+00 3.741975567567949051e-16 2.432560668559000512e-17
1.001062750816345215e+00 3.059421066198264854e-16 3.109265050851689179e-17
1.001476764678955078e+00 3.551042165158212974e-16 1.486783697425672537e-17
1.001891136169433594e+00 3.839854195090123710e-16 2.071709578341520103e-17
1.002306342124938965e+00 3.837399652427658358e-16 2.013762764018097834e-17
1.002722024917602539e+00 4.372842530309399740e-16 3.700083766451364514e-17
1.003138065338134766e+00 4.527998849213890273e-16 1.776816050371670503e-17
1.003555059432983398e+00 4.661132311489768996e-16 2.199867152186198339e-17
1.003972411155700684e+00 4.499925000968330556e-16 2.953919208325250496e-17
1.004390358924865723e+00 4.463415763359302076e-16 2.295938720942189654e-17
1.004809379577636719e+00 5.055965602544928387e-16 2.276826216580784417e-17
1.005227684974670410e+00 5.272001885137729722e-16 2.866001820611684418e-17
1.005647897720336914e+00 5.121927234521172958e-16 2.165722790861234463e-17
1.006068468093872070e+00 5.006437997932193344e-16 1.919202123368995879e-17
1.006489276885986328e+00 4.645829602506435993e-16 2.189560481753787614e-17
1.006910324096679688e+00 4.385241239772630579e-16 2.543830192145551115e-17
1.007333278656005859e+00 5.480659451968762034e-16 1.960268828368171023e-17
1.007755756378173828e+00 5.503116942378433706e-16 2.209717218920479793e-17
1.008178949356079102e+00 5.526657046773814780e-16 2.003999385812011937e-17
1.008602857589721680e+00 5.583652835003372582e-16 2.138561322831320736e-17
1.009028077125549316e+00 5.335921108919907362e-16 2.414335398122619653e-17
1.009452581405639648e+00 5.663234227375874268e-16 2.205482715928698334e-17
1.009878635406494141e+00 5.887865776800938616e-16 1.708469921387231570e-17
1.010304927825927734e+00 5.874186194702781666e-16 2.058924840230023017e-17
1.010731816291809082e+00 5.613440866175938189e-16 2.748428684449112213e-17
1.011159658432006836e+00 5.755257474952357559e-16 1.830655582081521968e-17
1.011587738990783691e+00 5.874465186179783551e-16 2.271963883504075210e-17
1.012016415596008301e+00 6.166270154091258154e-16 2.894134894989102932e-17
1.012445926666259766e+00 5.857996748102791817e-16 2.652948053522728782e-17
1.012876272201538086e+00 6.538598309133462818e-16 2.347738425261485353e-17
1.013306498527526855e+00 6.254353639671824880e-16 3.293636330200368581e-17
1.013738155364990234e+00 6.074144733165512313e-16 2.997302515347941650e-17
1.014169692993164062e+00 6.451969073244213319e-16 2.270592087176217269e-17
1.014602303504943848e+00 6.787290358820877601e-16 1.849513645686505893e-17
1.015035510063171387e+00 6.608293238824730718e-16 2.959075852263906071e-17
1.015469074249267578e+00 6.760262596265176945e-16 2.735995498097950165e-17
1.015903234481811523e+00 6.861076457647383772e-16 3.214379192627987681e-17
1.016338586807250977e+00 6.887174601543472833e-16 3.417520854436720387e-17
1.016773700714111328e+00 7.453305483104237517e-16 3.070674097425885247e-17
1.017210364341735840e+00 6.919608022489432027e-16 2.606661342549976501e-17
1.017646908760070801e+00 7.075074037815262413e-16 3.014186595139129029e-17
1.018084526062011719e+00 7.049340118086492701e-16 2.107410528143186266e-17
1.018522500991821289e+00 7.061732739500415149e-16 2.918204858197660974e-17
1.018961310386657715e+00 7.425226870298349494e-16 2.655476579219180877e-17
1.019400477409362793e+00 7.227144509813787122e-16 2.801490004638673790e-17
1.019840717315673828e+00 7.325018637473429493e-16 1.976922786512946151e-17
1.020280957221984863e+00 8.021529594835904390e-16 2.447800975036922515e-17
1.020722389221191406e+00 7.366749833202280735e-16 2.158461303135876454e-17
1.021164178848266602e+00 7.787916849191984289e-16 2.215481509737116821e-17
1.021606802940368652e+00 7.689358742427434071e-16 2.636557304248868028e-17
1.022049307823181152e+00 7.464916187228725838e-16 3.220777600102207861e-17
1.022493839263916016e+00 7.239466192218377023e-16 2.599906751103990988e-17
1.022938013076782227e+00 7.828873009774097846e-16 2.845463256874237762e-17
1.023382902145385742e+00 7.563454706356370801e-16 9.785710229740255880e-16
1.023828744888305664e+00 7.454963550098487809e-16 2.381827530921530687e-17
1.024275064468383789e+00 7.731095232112205652e-16 2.943026232274662186e-17
1.024721860885620117e+00 7.644336823698499872e-16 2.583529898464421125e-17
1.025169610977172852e+00 7.592215710080390569e-16 2.409944392558943161e-17
1.025617718696594238e+00 7.498291932328505442e-16 1.394052780291537880e-17
1.026066064834594727e+00 7.588620055219296064e-16 2.660192501327468198e-17
1.026516318321228027e+00 7.433346210493373997e-16 1.927838054400171999e-17
1.026965856552124023e+00 7.506666970594482336e-16 2.888301286437133960e-17
1.027416706085205078e+00 7.405648762513750410e-16 2.542434903888296668e-17
1.027868151664733887e+00 7.715391770665702958e-16 3.050557726673085656e-17
1.028320431709289551e+00 7.730995705740903272e-16 2.384176062116691243e-17
1.028772950172424316e+00 7.470308081333591494e-16 2.744414046064147348e-17
1.029226660728454590e+00 7.506075106322588394e-16 1.780763356254773551e-17
1.029680371284484863e+00 7.311642399049507988e-16 2.004618613218569134e-17
1.030135393142700195e+00 7.371141169638202248e-16 3.517449235516801448e-17
1.030590534210205078e+00 7.156723249370248660e-16 2.812215559333281368e-17
1.031046628952026367e+00 7.664980604809863273e-16 3.568426457609423421e-16
1.031503438949584961e+00 7.165262929665348109e-16 2.953068866655545984e-17
1.031960606575012207e+00 7.266183728957145791e-16 2.291621665325275402e-17
1.032418727874755859e+00 7.195782056150512584e-16 2.340939993243034529e-17
1.032876968383789062e+00 7.075594963077823808e-16 2.557867943448943526e-17
1.033336162567138672e+00 6.900706482271452315e-16 2.645903452553982177e-17
1.033796548843383789e+00 7.023797310166447240e-16 1.953043571153642837e-17
1.034256815910339355e+00 7.052583195483292603e-16 2.060835792881143022e-17
1.034718036651611328e+00 7.043424651741105481e-16 2.402405964764502399e-17
1.035180091857910156e+00 6.798120733842707899e-16 1.708335090947385427e-17
1.035642623901367188e+00 6.642037443256565941e-16 2.180416661826503936e-17
1.036105751991271973e+00 6.639962741931384940e-16 2.165162624150413553e-17
1.036569833755493164e+00 6.578596263693994948e-16 2.422128762981849259e-17
1.037034153938293457e+00 6.159736353694375294e-16 3.137352464859294765e-17
1.037499785423278809e+00 6.276431553442008218e-16 1.730555974614642430e-17
1.037964940071105957e+00 6.268895607189405115e-16 2.939672180326882169e-17
1.038432717323303223e+00 6.122809422963232037e-16 1.610575411997295893e-17
1.038899421691894531e+00 6.209371955007885260e-16 2.614404911136330415e-17
1.039367198944091797e+00 5.876018432846811124e-16 1.727747861871147412e-17
1.039835929870605469e+00 6.066886719598727027e-16 2.058745672909344032e-17
1.040305256843566895e+00 6.000336929119732751e-16 1.807142807733579646e-17
1.040775060653686523e+00 5.723931549584933363e-16 2.024470286175351756e-17
1.041245818138122559e+00 5.500568431998382329e-16 2.369352158359128434e-17
1.041716814041137695e+00 5.744157637574181987e-16 2.477391045345291932e-17
1.042189359664916992e+00 5.608248024813677294e-16 2.612187736222443279e-17
1.042661666870117188e+00 6.137027400378487502e-16 2.378293815344704153e-17
1.043135285377502441e+00 5.597323417376464955e-16 1.734258435036429782e-17
1.043609142303466797e+00 5.541182603028041963e-16 2.220603081217800148e-17
1.044084191322326660e+00 5.469709433543132066e-16 2.423287973892281072e-17
1.044559001922607422e+00 5.575079273390382961e-16 1.998953914947683490e-17
1.045035719871520996e+00 5.605467639164315053e-16 1.681722539971961889e-17
1.045512199401855469e+00 5.529837126095162644e-16 1.412453247581657470e-17
1.045989751815795898e+00 5.972832181135609517e-16 1.751815012665622773e-17
1.046467781066894531e+00 5.419199270711582035e-16 1.924306324056815592e-17
1.046946883201599121e+00 5.505905798357268489e-16 2.126601945535029061e-17
1.047425985336303711e+00 5.142492665084915336e-16 1.570753117511645524e-17
1.047907114028930664e+00 5.244536312427417000e-16 1.974919520505465228e-17
1.048387050628662109e+00 5.155164277975839669e-16 2.051040981811780111e-17
1.048869252204895020e+00 5.362812816808455296e-16 1.524966023628875273e-17
1.049351453781127930e+00 5.473333146370604370e-16 1.274659764063287758e-17
1.049834489822387695e+00 5.428068235064926594e-16 1.403819136347828967e-17
1.050318360328674316e+00 5.067965412429561653e-16 1.733885045707923346e-17
1.050802350044250488e+00 5.152218191506170806e-16 1.448954246471784922e-17
1.051287770271301270e+00 5.293184590961783672e-16 1.237856182505088409e-17
1.051773428916931152e+00 4.660223868653838759e-16 3.224639871818340458e-17
1.052259802818298340e+00 4.792123309804686374e-16 2.594074135168757079e-17
1.052747249603271484e+00 5.154792642270231845e-16 1.855110846019407210e-17
1.053235292434692383e+00 5.002387062861949653e-16 1.409528502371792475e-17
1.053723692893981934e+00 4.682131846438979204e-16 1.599950938773542295e-17
1.054213404655456543e+00 5.127754821198282544e-16 1.579837876743192917e-17
1.054702997207641602e+00 4.896269716438746838e-16 1.405367287582283214e-17
1.055194258689880371e+00 4.648363289809910419e-16 1.550583145455152498e-17
1.055685639381408691e+00 5.048738823318073103e-16 1.534293808524390745e-17
1.056177496910095215e+00 4.960222821538814650e-16 1.364944294535796836e-17
1.056670784950256348e+00 4.765250660157451662e-16 1.810741705142675359e-17
1.057163715362548828e+00 4.859314198345633749e-16 1.813686137251119116e-17
1.057658553123474121e+00 4.801987008475462702e-16 1.947691712590424748e-17
1.058153629302978516e+00 4.935001356743133789e-16 1.358961793473568319e-17
1.058649182319641113e+00 4.626797830972815932e-16 1.844982515727062918e-17
1.059146046638488770e+00 4.805267143563704980e-16 1.539575191299419316e-17
1.059642553329467773e+00 4.967248959836289071e-16 2.060394409306284726e-17
1.060141086578369141e+00 4.925563821523944782e-16 1.116076336619316526e-17
1.060639500617980957e+00 4.706956793936226645e-16 1.569848016485390002e-17
1.061138987541198730e+00 4.643226564380405121e-16 1.256519031485509819e-17
1.061639189720153809e+00 4.804252821609367955e-16 1.291219506336293096e-17
1.062139749526977539e+00 4.715116897591837761e-16 1.450046621188722450e-17
1.062641263008117676e+00 4.898093484253303754e-16 1.036230411886920381e-17
1.063143849372863770e+00 4.910026060897748710e-16 1.239185627185583635e-17
1.063646435737609863e+00 5.113518844332897925e-16 1.410321934015353339e-17
1.064150571823120117e+00 4.748289354784276332e-16 1.050005285191643440e-17
1.064654707908630371e+00 4.615691640847535953e-16 8.056579520408266819e-18
1.065160036087036133e+00 4.717737405772405752e-16 1.318224802666556812e-17
1.065665960311889648e+00 4.994799235841327224e-16 1.150086611966985556e-17
1.066172480583190918e+00 4.915495776154643354e-16 1.669020189049475085e-17
1.066680312156677246e+00 5.088251851516302146e-16 1.285338583053286090e-17
1.067187905311584473e+00 5.174255341815767531e-16 1.310532105687874910e-17
1.067697286605834961e+00 4.962566455824748892e-16 1.655936507864601336e-17
1.068206548690795898e+00 4.957944302910700582e-16 1.695700899707372993e-17
1.068716883659362793e+00 5.268385583848545894e-16 1.936090669935491046e-17
1.069228291511535645e+00 5.371423436112887292e-16 1.723563155152241645e-17
1.069739699363708496e+00 5.327532835764129619e-16 1.847612288330491504e-17
1.070252776145935059e+00 4.892965758548863033e-16 1.701970267006034900e-17
1.070765852928161621e+00 5.129810993677742358e-16 1.897627267760142790e-17
1.071279764175415039e+00 5.017328194655923477e-16 1.661969963252563120e-17
1.071794867515563965e+00 5.101425331428474652e-16 1.197761911034030604e-17
1.072310447692871094e+00 4.883575339537365046e-16 1.560830920627949447e-17
1.072826743125915527e+00 5.025129368100135583e-16 1.632093688452250355e-17
1.073344111442565918e+00 5.282480212090857451e-16 2.223113574376898587e-17
1.073861479759216309e+00 5.181660527357138252e-16 1.420850454288050786e-17
1.074380636215209961e+00 5.319957184842123970e-16 2.124212220745363364e-17
1.074899554252624512e+00 5.667698091007904431e-16 1.803173002537815156e-17
1.075420022010803223e+00 5.154746584853724892e-16 1.776301213158417499e-17
1.075940847396850586e+00 4.897866373544321195e-16 2.309903845787799909e-17
1.076462626457214355e+00 5.164817806596578523e-16 2.016252412225759936e-17
1.076985001564025879e+00 4.960635220705009087e-16 2.242297547143228404e-17
1.077508211135864258e+00 5.047647739002891158e-16 3.526612742342663889e-17
1.078032016754150391e+00 4.874547556506410306e-16 1.772671213758289792e-17
1.078557491302490234e+00 5.255270337451497121e-16 1.589458814447797182e-17
1.079082131385803223e+00 4.915084965175225019e-16 1.233283610796956527e-17
1.079608440399169922e+00 4.873643878230808375e-16 1.504823844840964028e-17
1.080135822296142578e+00 5.152457478313770146e-16 1.426064504561217540e-17
1.080663561820983887e+00 5.009945243729418182e-16 2.172967569538218900e-17
1.081191420555114746e+00 4.923452591902913438e-16 1.925143927145086788e-17
1.081721067428588867e+00 4.902930571777717843e-16 1.738293422064463451e-17
1.082251191139221191e+00 4.620472083043602411e-16 1.515539142495975948e-17
1.082782030105590820e+00 4.674317438104966249e-16 2.057036552327686966e-17
1.083313584327697754e+00 4.408145804759774911e-16 1.822409253118858325e-17
1.083846330642700195e+00 4.690617528383691191e-16 1.856021406437705583e-17
1.084379553794860840e+00 4.431771141845473449e-16 2.585389069609195310e-17
1.084913611412048340e+00 4.584176191858163607e-16 2.718343132953823533e-17
1.085448622703552246e+00 4.336702810823610948e-16 1.941918819095417168e-17
1.085983872413635254e+00 4.146516650292030775e-16 2.055981235302191813e-17
1.086520910263061523e+00 4.355440238408060140e-16 2.537774402881050399e-17
1.087057471275329590e+00 4.136641040220433684e-16 1.595247755246688291e-17
1.087595820426940918e+00 3.903810741261539742e-16 1.154829913753548383e-17
1.088134407997131348e+00 3.923560373217957822e-16 9.247776677946892830e-18
1.088673591613769531e+00 3.972208122356732461e-16 1.124636497906382788e-17
1.089214086532592773e+00 3.726671799793431980e-16 1.757936314634637689e-17
1.089755415916442871e+00 3.624319779518570548e-16 1.506937787614404545e-17
1.090296983718872070e+00 3.446334069801004502e-16 1.295329435927824069e-17
1.090839862823486328e+00 3.741937451085322608e-16 1.844242519951072980e-17
1.091383337974548340e+00 3.490700332089204669e-16 1.626326916093775668e-17
1.091927766799926758e+00 3.284714624811167641e-16 1.931982394705185178e-17
1.092472553253173828e+00 3.507494083757501258e-16 1.112967047414790950e-17
1.093018770217895508e+00 3.517678860854846169e-16 1.630874755101592214e-17
1.093565821647644043e+00 3.184722385387797486e-16 2.033890549863350656e-17
1.094112873077392578e+00 3.133533008011667913e-16 1.142545040886217093e-17
1.094661712646484375e+00 3.314698002957193771e-16 1.714863365777776432e-17
1.095210313796997070e+00 3.322344592888531968e-16 1.461894163666196955e-17
1.095760583877563477e+00 3.094879453557105968e-16 1.061415828151506181e-17
1.096311330795288086e+00 2.526395937985342465e-16 2.016105504948970519e-17
1.096857666969299316e+00 2.618485095313033981e-16 4.267487645887623805e-17
1.097415447235107422e+00 2.851587768304029383e-16 1.824634203530503459e-17
1.097968459129333496e+00 2.779675200477731319e-16 1.184312119710040885e-17
1.098522901535034180e+00 3.123215352620722484e-16 1.588462061809670783e-17
1.099077701568603516e+00 2.569516267747690760e-16 9.280954892316394770e-18
1.099632859230041504e+00 2.600515026639237982e-16 2.699860113038571151e-17
1.100190639495849609e+00 2.958434886550850981e-16 1.284769317355727097e-17
1.100746989250183105e+00 2.811646459071844885e-16 1.831191264246211309e-17
1.101305365562438965e+00 2.863132297979513463e-16 1.247851915745240450e-17
1.101864218711853027e+00 2.942473874148823776e-16 2.072671754830041784e-17
1.102424383163452148e+00 2.887264001948992463e-16 9.549416360120479902e-18
1.102984547615051270e+00 2.470565614151647377e-16 2.960006595889150738e-17
1.103546619415283203e+00 2.836469553684520207e-16 2.067835229788444231e-17
1.104108572006225586e+00 2.729538261538565214e-16 1.287579001742385966e-17
1.104671835899353027e+00 2.864466110173642969e-16 1.337260710103239638e-17
1.105236887931823730e+00 2.860797663418643798e-16 1.269457294318696746e-17
1.105800271034240723e+00 3.075039824350042118e-16 1.033653826996878955e-17
1.106366872787475586e+00 2.940200120081038013e-16 1.318782984143907595e-17
1.106932640075683594e+00 2.755798400485816660e-16 1.136454427317927895e-17
1.107500314712524414e+00 2.933220568595662579e-16 1.365402139004844937e-17
1.108068704605102539e+00 3.055752619443265683e-16 1.312361084740290909e-17
1.108637571334838867e+00 2.975700064993853792e-16 9.448031313981692959e-18
1.109207749366760254e+00 3.116597643022502246e-16 1.469539132323534548e-17
1.109778404235839844e+00 2.990533994180440743e-16 1.288443488200565135e-17
1.110350012779235840e+00 3.047630632270281010e-16 1.355334027461094505e-17
1.110922813415527344e+00 2.846062731207767193e-16 1.859325662112609908e-17
1.111495375633239746e+00 3.167670818066180369e-16 1.654449402559353502e-17
1.112070798873901367e+00 3.045194353755740829e-16 1.193391998575974214e-17
1.112645149230957031e+00 3.039909926956058063e-16 1.204212927195209156e-17
1.113220334053039551e+00 3.058236014165496884e-16 9.605778792698618101e-18
1.113798141479492188e+00 3.139979987531457207e-16 1.485573863061752478e-17
1.114375472068786621e+00 3.141660818536164959e-16 1.684004234973628160e-17
1.114953875541687012e+00 3.306046620192175161e-16 1.125552848588969032e-17
1.115533232688903809e+00 2.975210109373426382e-16 1.793603350031189179e-17
1.116113662719726562e+00 2.993890362233935908e-16 1.323727042665137041e-17
1.116694569587707520e+00 2.705806515938867854e-16 1.393823982134105712e-17
1.117276668548583984e+00 2.897939793457948851e-16 8.669703161225434545e-18
1.117859482765197754e+00 2.960487088563370540e-16 1.423063824171120177e-17
1.118443608283996582e+00 2.964973186810266129e-16 1.214297913223455670e-17
1.119027733802795410e+00 3.002541744998954518e-16 1.408642922807993203e-17
1.119612932205200195e+00 2.841238613875357935e-16 1.110661116021176875e-17
1.120200514793395996e+00 2.893037590275714587e-16 1.373199060740708520e-17
1.120786666870117188e+00 2.834564523646586082e-16 1.173478369791311371e-17
1.121375083923339844e+00 2.790541309702023907e-16 1.461489837782781035e-17
1.121964216232299805e+00 2.658778187916125031e-16 1.008735259197902762e-17
1.122553706169128418e+00 2.737382845421324103e-16 8.492805624147294259e-18
1.123145222663879395e+00 2.457115525042637139e-16 2.027845017638445598e-17
1.123736143112182617e+00 2.703472146075794206e-16 1.281676819917636347e-17
1.124329686164855957e+00 2.560656567817206795e-16 1.216427737864657206e-17
1.124922156333923340e+00 2.668662268317194665e-16 1.094722420952076351e-17
1.125516176223754883e+00 2.901219663848395112e-16 1.635924858177350958e-17
1.126090407371520996e+00 2.662249964208683595e-16 1.691858976634309200e-17
1.126708388328552246e+00 2.642749148180521465e-16 1.043705643082562092e-17
1.127305269241333008e+00 2.342789899964948120e-16 1.256002539911031709e-17
1.127903580665588379e+00 2.388333802747627781e-16 1.528235703154174881e-17
1.128501892089843750e+00 2.124336661796715842e-16 1.463691130828907153e-17
1.129101753234863281e+00 2.262194979731497460e-16 1.078368398497412951e-17
1.129703164100646973e+00 2.225426338282372350e-16 1.376770495753467473e-17
1.130304098129272461e+00 2.648797757517305220e-16 2.029776649804879428e-17
1.130906701087951660e+00 2.318056802602918567e-16 1.587200280503282395e-17
1.131510496139526367e+00 2.184049837600183846e-16 1.672695021638803166e-17
1.132114887237548828e+00 2.290597053244118218e-16 2.279084585089176694e-17
1.132719755172729492e+00 2.510768974201888675e-16 1.350625467260258906e-17
1.133326053619384766e+00 2.171966250863111209e-16 1.982531567374423210e-16
1.133928537368774414e+00 2.592958698656341572e-16 6.508317940060305649e-17
1.134535670280456543e+00 2.585390723970420416e-16 3.450067433690476835e-17
1.135150551795959473e+00 2.363932107026211473e-16 2.004820941596399604e-17
1.135760307312011719e+00 2.197626981651282230e-16 3.006964977519296076e-17
1.136370897293090820e+00 2.238923808296869626e-16 2.056646288514684447e-17
1.136983633041381836e+00 2.261204480578801962e-16 1.564275962443110297e-17
1.137595653533935547e+00 2.202742928303800195e-16 1.562692738750683802e-17
1.138208985328674316e+00 2.268128445527013834e-16 1.360479421743419358e-17
1.138824224472045898e+00 2.138004464842950037e-16 1.136921618927897845e-17
1.139439821243286133e+00 2.408572860928881237e-16 7.505123021437539859e-18
1.140055656433105469e+00 2.206200940310965876e-16 1.169134761676734167e-17
1.140673518180847168e+00 2.016203641656843810e-16 1.199453329950579035e-17
1.141291141510009766e+00 2.119909591158332038e-16 1.457702839502390764e-17
1.141910672187805176e+00 2.195722083962246113e-16 6.752539376321891836e-17
1.142530679702758789e+00 2.139896259991083314e-16 1.736078894128536486e-17
1.143152117729187012e+00 2.172975146512629886e-16 1.216449426540318346e-16
1.143774509429931641e+00 2.157680907858769426e-16 1.404482038890728963e-17
1.144397258758544922e+00 1.977893003197021848e-16 1.670300333765462151e-17
1.145021677017211914e+00 2.069841473646130345e-16 2.632234458367665905e-17
1.145646691322326660e+00 2.447580845732309903e-16 2.327609150491129935e-17
1.146272897720336914e+00 1.830132473062143434e-16 2.013366875376929955e-17
1.146899461746215820e+00 1.757553925581066675e-16 1.959521718838913129e-17
1.147528052330017090e+00 1.605416087993455647e-16 1.870810072301173633e-17
1.148156642913818359e+00 1.823931000748159879e-16 1.212005464873826209e-17
1.148786306381225586e+00 1.773253813607323140e-16 1.363606247176931058e-17
1.149417638778686523e+00 1.744700597653176693e-16 1.305188353494659840e-17
1.150048136711120605e+00 1.628300668297000698e-16 1.122272084843461214e-17
1.150681972503662109e+00 1.855665884210430292e-16 7.367652221076127084e-18
1.151314854621887207e+00 1.632741767918573401e-16 1.286939756565004986e-17
1.151949882507324219e+00 1.464372132083609809e-16 1.475398714346737685e-17
1.152585744857788086e+00 1.571674133492886568e-16 1.135680517136823282e-17
1.153222203254699707e+00 1.646948230979702128e-16 1.128146721553812816e-17
1.153860569000244141e+00 1.496375816157735454e-16 1.324442057586627878e-17
1.154497981071472168e+00 1.180732164736972636e-16 1.259163197031596827e-17
1.155138611793518066e+00 1.540614891154949468e-16 1.696904447498637648e-17
1.155779838562011719e+00 1.964455354884424407e-16 2.024736142024226299e-17
1.156420350074768066e+00 1.160815376122369840e-16 1.028067380011940828e-17
1.157063245773315430e+00 1.337359806340623490e-16 1.072919511648342392e-17
1.157707095146179199e+00 1.243382559633942936e-16 1.159048286723385058e-17
1.158351778984069824e+00 1.304895151054734294e-16 1.548576239852976342e-17
1.158996820449829102e+00 1.301858008543235593e-16 1.420753674156382081e-17
1.159644126892089844e+00 1.144749675742017924e-16 8.697823993329787274e-18
1.160291552543640137e+00 1.168031832135180462e-16 1.438083107989368011e-17
1.160940408706665039e+00 9.640505489174819309e-17 1.134404591041960237e-17
1.161590218544006348e+00 1.011363890292086025e-16 1.083533066088010290e-17
1.162240386009216309e+00 1.228772961829480365e-16 1.063546728127504035e-17
1.162892460823059082e+00 1.021988198079717112e-16 1.386090339715102435e-17
1.163544893264770508e+00 1.170367657836132204e-16 1.180802805961284665e-17
1.164198637008666992e+00 1.084419555550483370e-16 1.751996165219771887e-17
1.164853811264038086e+00 1.083330588817669560e-16 1.448990807854859766e-17
1.165509104728698730e+00 9.415492510225694509e-17 1.473045881812391853e-17
1.166166782379150391e+00 1.068279210391654668e-16 1.551326119081347627e-17
1.166823506355285645e+00 9.021903431160712881e-17 1.081382396495372418e-17
1.167483091354370117e+00 8.394930967092059854e-17 1.396718287097428756e-17
1.168142914772033691e+00 8.865156675548854391e-17 6.872271536601288699e-18
1.168803811073303223e+00 8.341606934339951436e-17 1.207477064610404659e-17
1.169465303421020508e+00 7.362629414960582589e-17 1.313919741168524579e-17
1.170128703117370605e+00 9.353802041885979747e-17 2.136353577776416705e-17
1.170792818069458008e+00 9.901478325457339371e-17 9.640090244507317689e-18
1.171457767486572266e+00 1.038548023070783705e-16 1.331563255480096894e-17
1.172124147415161133e+00 9.913897946046455550e-17 1.159281717092247523e-17
1.172791004180908203e+00 1.052938517274593230e-16 1.147161866757120561e-17
1.173459649085998535e+00 8.344168547260905652e-17 2.436796991348129588e-17
1.174129128456115723e+00 6.516931206342697815e-17 9.132179841703832318e-18
1.174799084663391113e+00 1.277563383080308149e-16 1.215690802656933713e-17
1.175470948219299316e+00 1.173529208311758880e-16 9.615163983928644753e-18
1.176142454147338867e+00 1.115285502322879078e-16 5.088086795896873315e-18
1.176816463470458984e+00 1.199629072743522052e-16 8.586676561601649498e-18
1.177491068840026855e+00 1.540102436221860616e-16 1.354706031940044247e-17
1.178166866302490234e+00 1.460107453543082415e-16 1.638244934359439690e-17
1.178843259811401367e+00 1.371618980334609727e-16 6.468133009594112032e-18
1.179521679878234863e+00 1.113605068364865351e-16 6.997563343213776972e-18
1.180199742317199707e+00 1.270908615790645535e-16 7.774640798883855207e-18
1.180881023406982422e+00 1.241815019285930446e-16 8.488993975884649907e-18
1.181560993194580078e+00 1.109917960415246984e-16 7.876732257265762436e-18
1.182243704795837402e+00 1.000702326289665549e-16 5.601793666842824027e-18
1.182926416397094727e+00 1.066472581759389852e-16 5.488964163339059670e-18
1.183610916137695312e+00 1.120928991682858863e-16 4.777954036783898031e-18
1.184295892715454102e+00 1.149806727134922114e-16 8.159449355746586447e-18
1.184982657432556152e+00 1.216874663549619606e-16 8.228590074427443818e-18
1.185670018196105957e+00 1.353661352457226526e-16 1.157893956178567308e-17
1.186358571052551270e+00 1.276367213740107467e-16 8.121922652896893240e-18
1.187048792839050293e+00 1.330392960349456870e-16 6.288824241030379670e-18
1.187739372253417969e+00 1.172961696237098499e-16 8.329171928191441771e-18
1.188431262969970703e+00 1.215658641874717651e-16 7.622582668420069789e-18
1.189124464988708496e+00 1.194380115448505559e-16 7.565031577301692888e-18
1.189816117286682129e+00 1.147905932261724261e-16 8.865157668165589454e-18
1.190514087677001953e+00 1.176016970547624362e-16 8.085348862112861121e-18
1.191209912300109863e+00 1.003688315952083970e-16 6.769900904762644824e-18
1.191902756690979004e+00 1.126944513795140497e-16 9.658890405469422902e-18
1.192615389823913574e+00 1.271714885277313222e-16 1.011119746279929774e-15
1.193304538726806641e+00 1.236600737402192176e-16 1.189425005794292404e-17
1.194006681442260742e+00 1.025230613732026972e-16 7.693018751940185201e-18
1.194709181785583496e+00 1.088687476639011971e-16 6.162800379575781968e-18
1.195410966873168945e+00 9.191349725280975494e-17 7.348900863770162499e-18
1.196115970611572266e+00 1.002000271932434756e-16 5.862573521888435468e-18
1.196820974349975586e+00 9.303964079107414809e-17 1.100269990448224486e-17
1.197527527809143066e+00 8.925299985270849969e-17 8.887311219330984642e-18
1.198235392570495605e+00 7.598629337677881724e-17 1.265217580089056203e-17
1.198946475982666016e+00 9.424709949227495407e-17 1.985830198221162174e-17
1.199661493301391602e+00 9.620381839232629252e-17 5.224445948233076076e-17
1.200364828109741211e+00 5.747788894288840774e-17 3.324104039138656760e-17
1.201077222824096680e+00 9.018043475550295432e-17 1.565537743749498685e-17
1.201790213584899902e+00 5.845603994339971360e-17 1.293339487528205251e-17
1.202504992485046387e+00 8.103685967368059150e-17 1.411487100626195534e-17
1.203220605850219727e+00 1.205737106735511616e-16 1.469704403009922643e-17
1.203937530517578125e+00 5.655519874808755728e-17 1.469668668807460352e-17
1.204655408859252930e+00 3.493982121538672053e-17 1.032953618608352817e-17
1.205374717712402344e+00 6.768065887291757187e-17 1.138589049606682238e-17
1.206094741821289062e+00 6.698730946603072365e-17 1.070218601512234246e-17
1.206816554069519043e+00 6.270085291433603381e-17 6.666932634931431386e-18
1.207538843154907227e+00 5.335479725345049066e-17 8.594234510858546512e-18
1.208262205123901367e+00 4.649213300607369910e-17 7.969216012832866248e-18
1.208987236022949219e+00 6.292171675533259263e-17 9.329840439337666152e-18
1.209712743759155273e+00 5.351686509650678027e-17 8.847262442793617254e-18
1.210440516471862793e+00 5.134939711998918143e-17 8.875511487892915702e-18
1.211168766021728516e+00 5.282884604148722376e-17 8.701372598157639763e-18
1.211898565292358398e+00 3.802591958425875958e-17 1.469114292360927313e-17
1.212629437446594238e+00 5.153864611797396352e-17 1.541578291870777728e-17
1.213361620903015137e+00 7.913975071729227443e-17 8.898790004691383007e-18
1.214094996452331543e+00 5.064484107016346479e-17 2.070536470796797399e-17
1.214829087257385254e+00 5.127713793039899914e-17 1.107510550504084903e-17
1.215565323829650879e+00 4.232582609271356164e-17 1.159283123299288863e-17
1.216301560401916504e+00 5.977602167768733305e-17 1.114995956021261016e-17
1.217040419578552246e+00 5.888097916768045498e-17 8.082245280454562162e-18
1.217778444290161133e+00 3.613869047310677588e-17 1.033623883058704536e-17
1.218519210815429688e+00 5.030799327239717064e-17 4.725145585707593915e-18
1.219260573387145996e+00 5.490571127115066437e-17 1.054146647646451429e-17
1.220003247261047363e+00 4.490433996794346121e-17 7.359906501820180532e-18
1.220747351646423340e+00 5.631041946122086533e-17 8.699109432001694679e-18
1.221492767333984375e+00 4.617218947130553863e-17 7.138164195013090404e-18
1.222238779067993164e+00 6.220153360937452419e-17 1.109019658813626647e-17
1.222987055778503418e+00 6.451485999766482351e-17 1.206636731826112038e-17
1.223729252815246582e+00 9.973085034980339828e-17 1.988378245380070520e-17
1.224486231803894043e+00 6.278153280256200592e-17 2.203420058353236104e-17
1.225237369537353516e+00 5.351674929122102284e-17 2.184115978961963586e-17
1.225989460945129395e+00 3.560687951368418332e-17 1.714531004607652625e-17
1.226743578910827637e+00 3.526656086606761668e-17 1.206341759219675629e-17
1.227498531341552734e+00 3.500995951388631686e-17 7.320921479550556338e-18
1.228254914283752441e+00 6.374189611118097148e-17 9.944246210104291071e-18
1.229012012481689453e+00 7.148117659323940986e-17 9.441422140887394267e-18
1.229770898818969727e+00 8.055054364794841546e-17 1.022862263289389646e-17
1.230531334877014160e+00 8.227392482336589544e-17 1.168654748767269645e-17
1.231292366981506348e+00 7.677728980061632527e-17 1.109856352003224034e-17
1.232054948806762695e+00 8.815190996083711265e-17 9.952702477506420673e-18
1.232818722724914551e+00 3.069949156337043773e-17 1.190476683225092324e-17
1.233577609062194824e+00 6.710869325783920514e-17 9.639925635565419637e-18
1.234343409538269043e+00 7.728608528667524238e-17 7.580020090001153750e-18
1.235117435455322266e+00 8.189459302933887780e-17 1.594744663998133539e-17
1.235886335372924805e+00 6.162748349915252383e-17 1.078196014057756900e-17
1.236664295196533203e+00 6.597485363115561862e-17 9.637467254784912038e-18
1.237436056137084961e+00 7.605317589238740484e-17 1.483639914789603500e-17
1.238199710845947266e+00 4.931152187567904033e-17 1.198214213392974600e-17
1.238974452018737793e+00 5.928981814851846423e-17 9.886652105594061413e-18
1.239748835563659668e+00 4.542767728917106054e-17 9.673466155043219803e-18
1.240525484085083008e+00 7.197623426368504628e-17 8.024827365414806299e-18
1.241303801536560059e+00 4.263429166930193630e-17 6.659860654284409276e-18
1.242081642150878906e+00 4.623893963801611775e-17 9.060517876515913319e-18
1.242862462997436523e+00 4.188755933440336588e-17 1.053662167961679120e-17
1.243644833564758301e+00 6.096990799939736895e-17 7.346163723123224531e-18
1.244426846504211426e+00 5.407814684679341209e-17 5.864102978841046016e-18
1.245211362838745117e+00 5.493385526431216858e-17 5.906025733056152288e-18
1.245996594429016113e+00 5.444564003189357080e-17 5.391289022247573056e-18
1.246783375740051270e+00 5.579686603227854320e-17 6.981016422240266206e-18
1.247571110725402832e+00 4.292564784210026413e-17 5.086458077270756403e-18
1.248360753059387207e+00 3.146155320938084086e-17 6.747424753158353956e-18
1.249150991439819336e+00 3.753090161848252569e-17 1.122468953829248834e-17
1.249943375587463379e+00 3.867665926343177624e-17 9.578234505481214833e-18
1.250736951828002930e+00 3.499413389440695233e-17 1.141428595213454271e-17
1.251531004905700684e+00 5.443375179212995869e-17 7.793639483192973147e-18
1.252326846122741699e+00 3.245514601756728664e-17 1.032242325999618469e-17
1.253124952316284180e+00 4.017670829090483917e-17 7.026699953110344818e-18
1.253923177719116211e+00 3.840339518499120823e-17 6.336698973343111253e-18
1.254722118377685547e+00 2.154208933042863849e-17 6.998667629331535263e-18
1.255524039268493652e+00 3.948374600454466576e-17 5.539011071940355503e-18
1.256326675415039062e+00 3.260622228464397161e-17 4.747920349513016426e-18
1.257130026817321777e+00 3.753180820843388381e-17 7.968108417992657744e-18
1.257935643196105957e+00 2.781377273480569433e-17 8.278738726244083674e-18
1.258741736412048340e+00 2.461319753223999157e-17 7.374869371920652250e-18
1.259549975395202637e+00 3.382537401098382720e-17 8.652491187039431145e-18
1.260359168052673340e+00 3.923433450624767686e-17 1.045049315269593230e-17
1.261169910430908203e+00 2.932175938743681611e-17 8.182177797437705988e-18
1.261981606483459473e+00 3.185932120490044038e-17 1.187260356849302386e-17
1.262795209884643555e+00 3.489393254372472877e-17 9.009804260340899745e-18
1.263610005378723145e+00 3.608857656287586325e-17 7.953602151590315298e-18
1.264425158500671387e+00 3.210625447008222041e-17 1.045628920724809137e-17
1.265242815017700195e+00 3.793758662100544686e-17 8.943443695698833100e-18
1.266061425209045410e+00 3.052835782080056694e-17 8.905531526683690182e-18
1.266881465911865234e+00 1.278051783601183959e-17 1.126388631879892611e-17
1.267702817916870117e+00 6.181304327160531942e-17 8.222038803976023839e-18
1.268525958061218262e+00 3.253589869768716341e-17 8.914766998222844736e-18
1.269350290298461914e+00 2.149496319657026740e-17 1.391338469829506375e-17
1.270175457000732422e+00 -2.955793434157173147e-18 1.618161816267264731e-17
1.271002650260925293e+00 6.667797038671549300e-17 3.759807199294428175e-17
1.271831274032592773e+00 4.004987503322085833e-17 7.165148977264162804e-17
1.272660493850708008e+00 5.211955520983525359e-17 2.950566148994205543e-17
1.273491621017456055e+00 5.005671234591581190e-17 1.530348818747002845e-17
1.274324178695678711e+00 5.953019021708147365e-17 1.214385015341957504e-17
1.275157690048217773e+00 8.665184769847424887e-17 2.888687414347073713e-17
1.275993466377258301e+00 6.986719501691574311e-17 3.299036165239114745e-17
1.276829838752746582e+00 7.550183685306366041e-17 1.935823656033758928e-17
1.277667999267578125e+00 2.949227770763094745e-17 1.824396471822455719e-17
1.278507471084594727e+00 6.391625916686224929e-17 1.662530460835629051e-17
1.279348611831665039e+00 7.507444917416976208e-17 1.655954540401954992e-17
1.280190587043762207e+00 7.851278751764648200e-17 2.032620165878591716e-17
1.281034469604492188e+00 6.785335433248394278e-17 1.731858618643290938e-17
1.281879544258117676e+00 2.510459079257201808e-17 1.029628931572318433e-17
1.282726049423217773e+00 5.271011253636136216e-17 1.286053349820593162e-17
1.283574104309082031e+00 8.644603854462615516e-17 1.206725984614206510e-17
1.284423470497131348e+00 6.522914038277171354e-17 9.922631980698280458e-18
1.285282135009765625e+00 6.377773619276166906e-17 9.575310422015839880e-18
1.286134719848632812e+00 9.064559480988847412e-17 1.635327468338965162e-17
1.286979556083679199e+00 7.801133739542703577e-17 8.385527743324679546e-18
1.287834048271179199e+00 4.665497839890578855e-17 1.049352226098032825e-17
1.288691163063049316e+00 7.790228852091294503e-17 5.461651073102864973e-18
1.289550542831420898e+00 9.919768281417621876e-17 1.411524820062127952e-17
1.290408372879028320e+00 7.143922199257072029e-17 1.654243930895195330e-17
1.291269421577453613e+00 6.258882618961675217e-17 1.957950571983429908e-17
1.292131185531616211e+00 6.824465046689092741e-17 1.302136553342706700e-17
1.292995214462280273e+00 7.875096921194745100e-17 1.150367522503008565e-17
1.293860435485839844e+00 5.910023496956621071e-17 1.220403746915015844e-17
1.294726967811584473e+00 7.009298885436311796e-17 1.064164549327019892e-17
1.295594930648803711e+00 6.743284217884158520e-17 1.129273341548110040e-17
1.296464204788208008e+00 7.817364346649974065e-17 7.027571801475975710e-18
1.297335147857666016e+00 9.381529136018757235e-17 9.055929505658081674e-18
1.298207163810729980e+00 8.706087858521437042e-17 7.886809798668495972e-18
1.299081087112426758e+00 9.387777327493737785e-17 8.220381134028467571e-18
1.299956202507019043e+00 7.849997614431926071e-17 7.931198791879929096e-18
1.300833344459533691e+00 9.037085173251266129e-17 7.527294770576411213e-18
1.301711320877075195e+00 7.645151960561334128e-17 6.292471693941432246e-18
1.302591323852539062e+00 8.651709005052201002e-17 1.633160586006321250e-17
1.303472638130187988e+00 9.357053192565558167e-17 1.300223201867810292e-17
1.304355025291442871e+00 9.969325002787918786e-17 1.656360355210473507e-17
1.305239200592041016e+00 8.465443151228530146e-17 1.195446880653678446e-17
1.306124925613403320e+00 8.728892897137278993e-17 8.578702540496638312e-18
1.307012200355529785e+00 9.254977781487534467e-17 7.077714663028327694e-18
1.307900190353393555e+00 9.970068803594726468e-17 1.196101924980759188e-17
1.308790922164916992e+00 1.082732570322018223e-16 1.029253722446464380e-17
1.309682130813598633e+00 8.869405736919416783e-17 1.211141640160137082e-17
1.310575604438781738e+00 8.364691229130591290e-17 1.217026782064268108e-17
1.311469793319702148e+00 8.506077571639585077e-17 9.259067693308241657e-18
1.312366247177124023e+00 7.793123984235230100e-17 1.460992040490146623e-17
1.313263654708862305e+00 6.947353645467930702e-17 1.026891046462829167e-17
1.314162373542785645e+00 6.551088471685217519e-17 1.109555506414438498e-17
1.315063476562500000e+00 9.168745856990106438e-17 7.632572528677872704e-18
1.315965056419372559e+00 7.815189192511204624e-17 6.936148905044471155e-18
1.316869378089904785e+00 6.517643243413983462e-17 8.984925976237754884e-18
1.317774415016174316e+00 7.483848432391043519e-17 7.700814102032884934e-18
1.318680524826049805e+00 6.531872735183365665e-17 1.104335748595045128e-17
1.319589138031005859e+00 6.479476468206296722e-17 7.903032464841885951e-18
1.320497989654541016e+00 6.782827421631133498e-17 1.030844887072771384e-17
1.321409702301025391e+00 4.369688457546510544e-17 1.379510448814488121e-17
1.322322249412536621e+00 7.483209187213662539e-17 8.680157896987492262e-18
1.323236703872680664e+00 6.798833035611789562e-17 6.885600311401661911e-18
1.324152350425720215e+00 7.322671959162841055e-17 5.575743681401997803e-18
1.325070142745971680e+00 5.726275580917561630e-17 1.053630735098402105e-17
1.325988888740539551e+00 9.013220019962376217e-17 8.200760409898709755e-18
1.326909303665161133e+00 6.673117464371490374e-17 6.463960710584394561e-18
1.327831268310546875e+00 6.120059874607105773e-17 7.198336621492647849e-18
1.328754901885986328e+00 7.092810378335175428e-17 4.919876309611764925e-18
1.329679131507873535e+00 6.132288912783089734e-17 4.686402513767141481e-18
1.330605983734130859e+00 6.742105650947392967e-17 8.199194556999146873e-18
1.331534147262573242e+00 5.287166752743786889e-17 3.919492762186565062e-18
1.332463860511779785e+00 6.554112644004711388e-17 5.016242850974192649e-18
1.333395123481750488e+00 5.152042167471819522e-17 5.546535933972750396e-18
1.334328174591064453e+00 5.108546363885821157e-17 5.932973209461598547e-18
1.335261583328247070e+00 5.589711370507506973e-17 5.905629927133045664e-18
1.336198806762695312e+00 5.392340451524189210e-17 5.081105391526925761e-18
1.337136030197143555e+00 4.142348784970396587e-17 5.198311507651708188e-18
1.338073849678039551e+00 3.601419317347264479e-17 3.178162950663731609e-18
1.339015007019042969e+00 3.680845199764606196e-17 7.182034545980452779e-18
1.339957237243652344e+00 5.102267070419808613e-17 6.365422820114015139e-18
1.340900897979736328e+00 5.634684187795280024e-17 5.779780187197390375e-18
1.341846466064453125e+00 6.391735104527081928e-17 7.021307562697111631e-18
1.342793226242065430e+00 4.600935400464079982e-17 6.755210590674009329e-18
1.343741893768310547e+00 4.561572191218396543e-17 8.331078579503376500e-18
1.344691753387451172e+00 3.530720852136847246e-17 6.251444776329720903e-18
1.345643520355224609e+00 4.886357048675707372e-17 5.094765452162626460e-18
1.346597194671630859e+00 3.614301828207165332e-17 6.302838334968253065e-18
1.347551345825195312e+00 3.968624312722009715e-17 6.263809472126163560e-18
1.348507285118103027e+00 3.310711323276933199e-17 5.542932735224469408e-18
1.349465966224670410e+00 3.564352030609783224e-17 5.295668597797668163e-18
1.350425601005554199e+00 3.637328551227171495e-17 7.543188218866005086e-18
1.351386070251464844e+00 3.001979063659071447e-17 6.294312170804362732e-18
1.352349162101745605e+00 4.609759432366550660e-17 1.030812130720514284e-17
1.353314280509948730e+00 2.621641914315556854e-17 1.407996894749589289e-17
1.354279398918151855e+00 2.949243321758610742e-17 1.479796171919192091e-17
1.355247735977172852e+00 3.108686355295147081e-17 9.814081896093559189e-18
1.356216311454772949e+00 1.387570496703204823e-17 1.436634880172910170e-17
1.357186794281005859e+00 2.927352483155762396e-17 1.177478284361372791e-17
1.358160734176635742e+00 2.731641219353471027e-17 1.508473200267425475e-17
1.359133720397949219e+00 1.494666232354935359e-17 1.696868382423930336e-17
1.360108971595764160e+00 4.897047530912342701e-17 1.752983322562792670e-17
1.361086487770080566e+00 -2.199910620527388001e-18 1.744237376510146998e-17
1.362065434455871582e+00 3.749364540369313733e-17 1.657903543361252435e-17
1.363045930862426758e+00 7.064344777351510597e-17 2.419792804931999509e-17
1.364027976989746094e+00 3.555974676238091181e-17 1.629712897213200231e-17
1.365011930465698242e+00 3.065770901626915920e-17 2.102440827022967676e-17
1.365997314453125000e+00 2.327701794719735874e-17 1.199615622786761939e-17
1.366984009742736816e+00 4.278957332261284087e-17 2.178412734074532971e-17
1.367972970008850098e+00 4.550690795696383975e-17 1.716640149733540335e-17
1.368964076042175293e+00 2.123004867923280965e-17 1.932431057469433940e-17
1.369954705238342285e+00 -4.750207090316419271e-17 2.040382428746789328e-17
1.370948195457458496e+00 1.911927483471898278e-18 1.228278340910398157e-17
1.371945023536682129e+00 2.399032225918143620e-17 1.353241260511335345e-17
1.372940659523010254e+00 1.520959491613913428e-17 1.056906370324112095e-17
1.373938798904418945e+00 1.763420852968109284e-17 1.400022708208455591e-17
1.374939680099487305e+00 2.055299307605203097e-17 1.317686721678091067e-17
1.375941276550292969e+00 1.087117322400263814e-17 9.488356368843653058e-18
1.376944661140441895e+00 2.103252125767759686e-17 9.745876718685499292e-18
1.377950072288513184e+00 1.771508197817040235e-17 8.214925050708067801e-18
1.378956079483032227e+00 3.356591392260554411e-17 9.536765459832093896e-18
1.379964590072631836e+00 1.901104900491438229e-17 1.555725231015027139e-17
1.380975008010864258e+00 3.031566652425603204e-17 1.408246041550090260e-17
1.381986260414123535e+00 2.558848483347063885e-17 1.812354707337153763e-17
1.382999777793884277e+00 3.026479822530647105e-17 2.248734335797871045e-17
1.384015083312988281e+00 1.873594899910425284e-18 1.789301018229178371e-17
1.385031223297119141e+00 1.165448679431075365e-17 1.325746686848746514e-17
1.386050701141357422e+00 3.792340874530628796e-17 1.297677222660433328e-17
1.387069940567016602e+00 3.326181585965144944e-17 1.414729483191280891e-17
1.388091921806335449e+00 3.926814634096639442e-17 1.223618170775396909e-17
1.389115214347839355e+00 2.972951310731115578e-17 1.438993502971543873e-17
1.390140533447265625e+00 3.621344113070196788e-17 9.007192023966457283e-18
1.391166925430297852e+00 2.071874187283418155e-17 1.391236395741917331e-17
1.392195343971252441e+00 3.096157546865173902e-17 1.908023770007076774e-17
1.393225789070129395e+00 3.340186084607912724e-17 1.525311950561044949e-17
1.394257664680480957e+00 2.773219121971203942e-17 2.168566968679436793e-17
1.395289659500122070e+00 3.396123677223443688e-17 1.246431398479303136e-17
1.396326541900634766e+00 4.594546588284965417e-17 1.651971169444144632e-17
1.397361993789672852e+00 4.496348999918590311e-17 1.733732679039091078e-17
1.398400902748107910e+00 1.744470310570641930e-17 1.000243671183617146e-16
1.399441123008728027e+00 1.733450445014087985e-17 1.571398318389436886e-17
1.400483131408691406e+00 6.802234402290607612e-17 1.727820984637297100e-17
1.401526927947998047e+00 6.053731239136683675e-17 1.496002625352576030e-17
1.402572035789489746e+00 1.615919495062755984e-17 1.272422405942454329e-17
1.403619289398193359e+00 2.833754349867427145e-17 2.281788142203245009e-17
1.404668211936950684e+00 3.384574250638733295e-17 1.188196063558222371e-17
1.405718088150024414e+00 4.967872389320358037e-17 1.624292878967507773e-17
1.406769990921020508e+00 5.109296782137529263e-17 1.556267365188494393e-17
1.407824516296386719e+00 4.845605499489914932e-17 1.794783736765302349e-17
1.408878922462463379e+00 3.980350425085561435e-17 1.003228966014321023e-17
1.409936666488647461e+00 7.000923185425844859e-17 1.850434794016644945e-17
1.410995364189147949e+00 5.760209838366937038e-17 1.578995476007368913e-17
1.412056088447570801e+00 -1.369343820059782624e-17 1.633630755466496391e-17
1.413118481636047363e+00 1.494748123235578108e-17 2.184870036808366926e-17
1.414182066917419434e+00 2.119221178365340906e-17 1.408939053467287187e-17
1.415248513221740723e+00 4.318397634740057467e-17 1.258565807193211031e-17
1.416315555572509766e+00 5.725087749557935483e-17 1.743694911464434722e-17
1.417384982109069824e+00 3.863974053833230950e-17 1.333774309257451137e-17
1.418455958366394043e+00 3.648165940740596242e-17 2.657789012252409619e-16
1.419528007507324219e+00 1.283573793216404206e-17 2.038011894547334861e-17
1.420603513717651367e+00 4.201544145710406396e-17 1.482756982203764398e-17
1.421678781509399414e+00 3.528550991953998143e-17 9.743212369932465990e-18
1.422757148742675781e+00 2.846163713416947666e-17 7.678755676637933345e-18
1.423836350440979004e+00 3.353766074160318290e-17 8.208766691047610510e-18
1.424916505813598633e+00 4.436113707712478836e-17 9.932942787033753948e-18
1.426000118255615234e+00 2.892455056601130243e-17 7.378390679788290489e-18
1.427084803581237793e+00 2.657128624338571783e-17 8.257998826745541611e-18
1.428171157836914062e+00 3.645886561844645119e-17 7.185519457901138685e-18
1.429259061813354492e+00 2.183676911492820439e-17 1.010278033758375414e-17
1.430349588394165039e+00 -3.892243778447843224e-18 1.378981384094699205e-17
1.431440591812133789e+00 4.484566639273384985e-17 4.583016517726588764e-18
1.432533621788024902e+00 4.580721753271244155e-17 1.115651413938648036e-17
1.433629155158996582e+00 4.966233909963013000e-17 1.004161281282729541e-17
1.434726238250732422e+00 5.383573329647862180e-17 1.181459173777345492e-17
1.435824275016784668e+00 6.222791074474761513e-17 1.238957573490702765e-17
1.436925172805786133e+00 4.522081596158379938e-17 1.028141329958703068e-17
1.438026785850524902e+00 4.776398937232298339e-17 1.200375057307146874e-17
1.439131259918212891e+00 4.545543416180588994e-17 7.666129591767923931e-18
1.440236330032348633e+00 4.883860286714777313e-17 9.206631059917280127e-18
1.441344141960144043e+00 3.465411964925580520e-17 7.705364422582539139e-18
1.442452549934387207e+00 3.008390706023092475e-17 6.961799362249434267e-18
1.443563342094421387e+00 3.704751381211878738e-17 4.869162693436751351e-18
1.444676399230957031e+00 2.904968975780077467e-17 6.071401471382041452e-18
1.445789098739624023e+00 3.319193233278051945e-17 4.394097564806215327e-18
1.446905493736267090e+00 4.219400328157466094e-17 4.267399964742693184e-18
1.448022603988647461e+00 4.691639725097459721e-17 7.563452489512329158e-18
1.449142694473266602e+00 4.208481874944011150e-17 6.458940965037116512e-18
1.450264096260070801e+00 2.956573796347055673e-17 4.679249469420089175e-18
1.451387166976928711e+00 1.206258213977807773e-17 7.499521354329330755e-18
1.452512025833129883e+00 2.874640894929188239e-17 1.174009088872325393e-17
1.453638672828674316e+00 2.903258035401072785e-17 8.330013170874408200e-18
1.454767107963562012e+00 1.783145305546681250e-17 1.227271744822982377e-17
1.455896973609924316e+00 5.932354064773102606e-17 8.148005311971915309e-18
1.457028746604919434e+00 6.590456313142331254e-17 7.371931226384863896e-18
1.458162188529968262e+00 3.104406853678042737e-17 1.228228131047216188e-17
1.459297537803649902e+00 3.862925188816513711e-17 1.151636582998787420e-17
1.460434556007385254e+00 6.991661409543211119e-17 8.577264900592021149e-18
1.461573839187622070e+00 7.005596425014524445e-17 9.742082441215718555e-18
1.462714314460754395e+00 4.939627810996367375e-17 1.163521431321888066e-17
1.463856458663940430e+00 5.304775442751570721e-17 8.965257275632468992e-18
1.465001106262207031e+00 3.159883541256259154e-17 1.594286736811024183e-17
1.466145753860473633e+00 2.283157456989265291e-17 7.028010207200628814e-18
1.467294454574584961e+00 2.282777946524225962e-17 7.423971640262412526e-18
1.468443512916564941e+00 2.892368368072934686e-17 1.023098919662641067e-17
1.469594240188598633e+00 2.478764992342742511e-17 9.269061689469107338e-18
1.470747947692871094e+00 4.096982891455538337e-17 1.023787051214223931e-17
1.471902251243591309e+00 4.219617049477954987e-17 7.023959503740956638e-18
1.473059058189392090e+00 4.854162186618408471e-17 6.187176565047107141e-18
1.474217414855957031e+00 2.151314131771173274e-17 1.034737764471568443e-17
1.475376725196838379e+00 2.494093972582330198e-17 7.420633966490761059e-18
1.476538658142089844e+00 3.682059170031589019e-17 9.957165116911144258e-18
1.477702379226684570e+00 3.909474612351812833e-17 8.429115198522548787e-18
1.478867650032043457e+00 4.016415830665118463e-17 9.798768301413364988e-18
1.480034708976745605e+00 5.790614350706426165e-17 9.954194711331466335e-18
1.481203913688659668e+00 4.405582471303146584e-17 9.471175000340314120e-18
1.482374668121337891e+00 4.519139480155651329e-17 1.522254691017048959e-17
1.483546972274780273e+00 3.913974144011856283e-17 1.320409965690738145e-17
1.484720945358276367e+00 4.938108445647229974e-17 1.603677387433093685e-17
1.485897302627563477e+00 5.737541119116043825e-17 1.262076775303192357e-17
1.487075090408325195e+00 5.096683932157320697e-17 8.564423748762747948e-18
1.488254189491271973e+00 2.357571948383515746e-17 1.924481190038309302e-17
1.489436030387878418e+00 3.144964842600497768e-17 7.510843802553956598e-18
1.490619301795959473e+00 5.147480431829712085e-17 1.097388093194089738e-17
1.491804122924804688e+00 4.887099856865779991e-17 1.131462309603109117e-17
1.492990851402282715e+00 4.915334509022420016e-17 8.821240167903311556e-18
1.494179487228393555e+00 3.743635487446771463e-17 7.611752392659912997e-18
1.495369434356689453e+00 4.057192857013777537e-17 4.983567976007429227e-18
1.496562123298645020e+00 4.036225482846783391e-17 5.169393273436854341e-18
1.497754931449890137e+00 3.682986604934383474e-17 3.317809029241005708e-18
1.498950719833374023e+00 3.878163179188720566e-17 3.347470692031391590e-18
1.500147104263305664e+00 3.421620030680288171e-17 4.187462057526181142e-18
1.501345276832580566e+00 4.257520119506359821e-17 3.743675936578725306e-18
1.502546310424804688e+00 4.295327236583708504e-17 8.798260263305975894e-18
1.503744482994079590e+00 8.034421833339808867e-17 1.517101852109211128e-17
1.504954099655151367e+00 7.399353587179976848e-17 1.488533846165712233e-17
1.506161093711853027e+00 5.569615513833898698e-17 1.161933989008337551e-17
1.507369279861450195e+00 1.082917527906985080e-16 1.293249407559498226e-17
1.508579492568969727e+00 8.471676784324729762e-17 1.649012344393042452e-17
1.509791135787963867e+00 8.398339612960268371e-17 1.764556406513022080e-17
1.511005043983459473e+00 5.035301836749965705e-17 1.034477947041165537e-17
1.512220025062561035e+00 2.597379052588151446e-17 5.633914330799176922e-18
1.513436913490295410e+00 4.490468076635583305e-17 4.506277317938819281e-18
1.514654517173767090e+00 3.147490721318989694e-17 3.760222443961929795e-18
1.515875220298767090e+00 4.484525611115002355e-17 5.702716732609500105e-18
1.517097473144531250e+00 3.275453245975227926e-17 5.001068222636907357e-18
1.518321394920349121e+00 4.445661688087055924e-17 7.251646757610465376e-18
1.519547104835510254e+00 2.973736139696305891e-17 9.567156902717904686e-18
1.520774722099304199e+00 6.162215645600768233e-17 7.797544602864835990e-18
1.522004365921020508e+00 6.192154951563757538e-17 1.120940985801740882e-17
1.523235678672790527e+00 3.563377280975950736e-17 9.425111793569073668e-18
1.524468541145324707e+00 6.096616914302862926e-17 1.418764470219314560e-17
1.525703668594360352e+00 8.435802953775040016e-17 9.296063346204675820e-18
1.526940345764160156e+00 7.067213439715844497e-17 5.760818726015837321e-18
1.528178334236145020e+00 6.302130930108397716e-17 1.157318403908352912e-17
1.529418349266052246e+00 8.446151975854813455e-17 8.396841919743179859e-18
1.530648946762084961e+00 6.346245464792585745e-17 2.458555646489091960e-17
1.531861305236816406e+00 9.421167630972298321e-17 6.897152384964332474e-17
1.533149600028991699e+00 3.079126559797197105e-17 1.388330179377773524e-17
1.534396529197692871e+00 7.329338373155528416e-17 6.712934216747036637e-18
1.535645961761474609e+00 6.867518143211252726e-17 7.186688264106676113e-18
1.536896705627441406e+00 4.681456139140196886e-17 1.034953245021138506e-17
1.538149118423461914e+00 7.403426624516187956e-17 1.228021087739894165e-17
1.539403676986694336e+00 8.242715176003521829e-17 1.526563640263960191e-17
1.540659308433532715e+00 6.897448184751381437e-17 7.007436571005209910e-18
1.541926503181457520e+00 2.867156564746808445e-17 1.478196570050637046e-17
1.543186664581298828e+00 3.097375156726851959e-17 1.597142991466169788e-17
1.544438600540161133e+00 5.385695875099673249e-17 1.123978062138790578e-17
1.545702219009399414e+00 7.956989787070964967e-17 7.170319186964864248e-18
1.546966910362243652e+00 8.541183116836335572e-17 7.319154621762143071e-18
1.548234462738037109e+00 7.213779918092890365e-17 3.916616655196718185e-18
1.549501776695251465e+00 7.194324630085643154e-17 5.391717501804875524e-18
1.550772190093994141e+00 7.223422858801788540e-17 5.146616441679900447e-18
1.552044630050659180e+00 7.999115779562575518e-17 7.155554013030792704e-18
1.553318381309509277e+00 4.544630870528820494e-17 8.599689766998333730e-18
1.554594278335571289e+00 5.496474880582979906e-17 1.221082200453431837e-17
1.555871486663818359e+00 5.715946411172489463e-17 8.317102535873680544e-18
1.557151079177856445e+00 1.111781962294798479e-16 2.135631945410025443e-17
1.558396220207214355e+00 7.196032592614442646e-17 1.990850357358746499e-17
1.559715270996093750e+00 7.126845220947037284e-17 2.447577470835410687e-17
1.560998439788818359e+00 7.798769988224272046e-17 6.664883708554137536e-18
1.562285542488098145e+00 6.729126856264190941e-17 1.397116822716556805e-17
1.563573479652404785e+00 7.146119852708502913e-17 9.423237402301028507e-18
1.564863562583923340e+00 8.072697796388352606e-17 1.162711538784137397e-17
1.566155076026916504e+00 7.223435431947099346e-17 9.447625168300929422e-18
1.567448616027832031e+00 5.769632418160651087e-17 1.205228208679056743e-17
1.568743824958801270e+00 5.938396453711679963e-17 1.047259045557967389e-17
1.570041060447692871e+00 6.525269186917232334e-17 1.142342712508386622e-17
1.571339488029479980e+00 6.684659611766810301e-17 1.147937265863327769e-17
1.572640061378479004e+00 6.644581056727391004e-17 5.344686907307254306e-18
1.573941946029663086e+00 5.743108375510770722e-17 4.658708920449172391e-18
1.575245857238769531e+00 7.765425345115524436e-17 4.966639311181225239e-18
1.576551556587219238e+00 7.308846131532384729e-17 3.779445707807355882e-18
1.577858448028564453e+00 6.056233956798024115e-17 3.314436820678780153e-18
1.579166889190673828e+00 6.774614510765216997e-17 6.840534684449160410e-18
1.580478549003601074e+00 8.801801919816682938e-17 2.770506631306520053e-17
1.581791520118713379e+00 6.713215210001120901e-17 9.203956784996896189e-18
1.583106398582458496e+00 7.057982765824242751e-17 1.070463116101304921e-17
1.584422469139099121e+00 8.196162774618017516e-17 1.594959896393519837e-17
1.585741162300109863e+00 8.873409952828663480e-17 6.190192217406291714e-17
1.587060928344726562e+00 8.669421258072676473e-17 7.714379698642632077e-17
1.588382720947265625e+00 7.785100994037955774e-17 8.067249323129588323e-18
1.589706420898437500e+00 7.594599313733523373e-17 5.434388027293729734e-18
1.591031193733215332e+00 6.567078865542602607e-17 4.053939803818790245e-18
1.592357635498046875e+00 5.760951653940274593e-17 7.151601744064014338e-18
1.593685865402221680e+00 6.703717853080032058e-17 6.476555776181433237e-18
1.595016121864318848e+00 5.426628742275737313e-17 9.061377317172355914e-18
1.596355438232421875e+00 4.871760950458841667e-17 2.684986743880377671e-17
1.597681641578674316e+00 6.227060649924515221e-17 1.021362915711076028e-17
1.599016547203063965e+00 6.825460972146606587e-17 3.760856477901451691e-18
1.600354552268981934e+00 7.537082467892506168e-17 7.936803767710588412e-18
1.601693511009216309e+00 3.471221419803662944e-17 1.487969543551828557e-17
1.603034257888793945e+00 7.246225250439670322e-17 7.267050514977427858e-18
1.604377031326293945e+00 5.726337123155135576e-17 1.066755196287474719e-17
1.605721473693847656e+00 7.475429057244233782e-17 1.041707505594878999e-17
1.607067227363586426e+00 5.189434039881666585e-17 2.518221011253154399e-16
1.608417510986328125e+00 6.782505813808972881e-17 1.042209852380882452e-17
1.609764218330383301e+00 5.833978467138906088e-17 6.695003009018418380e-18
1.611115336418151855e+00 7.791821009334336571e-17 1.191982400094122600e-17
1.612468481063842773e+00 8.214142372412470126e-17 1.171331587947552498e-17
1.613816976547241211e+00 6.803156874109726748e-17 9.901174088428042367e-18
1.615173459053039551e+00 8.272561175993415152e-17 1.114545308023542127e-17
1.616537928581237793e+00 7.397151963261605710e-17 5.003211034013725975e-18
1.617897391319274902e+00 6.690929640809962250e-17 8.341956004558448814e-18
1.619259119033813477e+00 8.069093935895581575e-17 8.448057634550013121e-18
1.620621681213378906e+00 6.563717865277677145e-17 1.592948689452158405e-17
1.621986627578735352e+00 7.371917660622818026e-17 7.935553070624408234e-18
1.623353838920593262e+00 7.235425580362177993e-17 1.054844953519568695e-17
1.624693989753723145e+00 7.625485576061763384e-17 1.251613023272457812e-17
1.626092314720153809e+00 6.740221002639752148e-17 1.189679363832652460e-17
1.627464532852172852e+00 8.572617303602330708e-17 6.478572028924531242e-18
1.628838181495666504e+00 6.736282961179509694e-17 8.193245474033665498e-18
1.630212903022766113e+00 5.587329752087844296e-17 6.955543395276695719e-18
1.631589770317077637e+00 6.968324990101865102e-17 6.828973594617813019e-18
1.632968306541442871e+00 5.843895370066681826e-17 6.373127593929640315e-18
1.634348511695861816e+00 7.040390288556464958e-17 8.837600973238997890e-18
1.635731220245361328e+00 7.351379096885371370e-17 6.899162351134775076e-18
1.637114882469177246e+00 7.319492276888187217e-17 8.083155179128370492e-18
1.638500452041625977e+00 7.607061947714492309e-17 6.881959475935509759e-18
1.639887332916259766e+00 7.615387355143716022e-17 5.930486290949957869e-18
1.641276121139526367e+00 8.573046114031878198e-17 7.201987796716456913e-18
1.642666578292846680e+00 6.474669556230628568e-17 7.124308092572214637e-18
1.644059062004089355e+00 9.030435964615319872e-17 5.274886925678192172e-18
1.645452857017517090e+00 6.665503432269062264e-17 7.115176845790241765e-18
1.646848678588867188e+00 5.453899894454875572e-17 8.911871038898296586e-18
1.648246407508850098e+00 5.161415778173270431e-17 6.006578221908404609e-18
1.649645328521728516e+00 3.927899895060309014e-17 9.858886961153106486e-18
1.651045799255371094e+00 4.846007840139860724e-17 7.935350411374332742e-18
1.652448892593383789e+00 9.794715116411855152e-17 7.097069862181455989e-18
1.653852820396423340e+00 6.766182562473096454e-17 8.056219696841806252e-18
1.655258536338806152e+00 6.680662675046954071e-17 6.292627617486898492e-18
1.656665921211242676e+00 5.436355393662625855e-17 4.531914953844287821e-18
1.658074975013732910e+00 6.386152628009084055e-17 5.711134122522839714e-18
1.659485459327697754e+00 7.145601045028309654e-17 3.618234410275364936e-18
1.660899162292480469e+00 7.959487210776385068e-17 2.912197500358025238e-18
1.662311673164367676e+00 6.346215024546043794e-17 3.560451294995166911e-18
1.663725852966308594e+00 6.942505043589389875e-17 3.654398746656183306e-18
1.665143251419067383e+00 5.852452388067420387e-17 1.052109632669978343e-17
1.666563391685485840e+00 7.720071363001486950e-17 8.167063553285137066e-18
1.667984366416931152e+00 8.901045064477325071e-17 1.173179840308240983e-17
1.669407367706298828e+00 7.010421865835913787e-17 1.240568425015588531e-17
1.670831441879272461e+00 7.194942037694852734e-17 7.947562905938065643e-18
1.672260642051696777e+00 7.940908072473954024e-17 2.012879169687768689e-17
1.673688411712646484e+00 6.678689352977647568e-17 2.097121063067516644e-17
1.675114631652832031e+00 5.667098418151027988e-17 7.068901053601575184e-18
1.676545500755310059e+00 6.339045684740924193e-17 1.108990293901881014e-17
1.677977561950683594e+00 6.542361385350538056e-17 4.312458560659987984e-18
1.679410696029663086e+00 7.333650300252644839e-17 3.490680678277850409e-18
1.680845975875854492e+00 6.510803452364904986e-17 2.691030084076659463e-18
1.682282924652099609e+00 6.411516632567920053e-17 6.019444189156054401e-18
1.683721423149108887e+00 6.329081797954355442e-17 5.531593743387592504e-18
1.685161948204040527e+00 7.060627758550942312e-17 4.180873563947196277e-18
1.686603665351867676e+00 6.430362453899838193e-17 5.734843186830140870e-18
1.688048124313354492e+00 5.233688202653253565e-17 9.564472701630170111e-18
1.689493536949157715e+00 7.906925507676805520e-17 7.108038277103909136e-18
1.690940737724304199e+00 5.989092037349339880e-17 7.469518686331419889e-18
1.692389726638793945e+00 6.933099669152416929e-17 5.728881282565164923e-18
1.693840265274047852e+00 7.210029812067819959e-17 9.411986918789694778e-18
1.695292115211486816e+00 7.280031791202467542e-17 9.029349711034915236e-18
1.696744918823242188e+00 8.028123349283585093e-17 7.994249806891171078e-18
1.698200106620788574e+00 6.622082405810438693e-17 9.829742079450413109e-18
1.699656844139099121e+00 7.177174198137213699e-17 8.062606358351328179e-18
1.701115131378173828e+00 7.371357824784242137e-17 1.130351902348817933e-17
1.702575325965881348e+00 6.877303358985510022e-17 8.502802929030610151e-18
1.704036831855773926e+00 7.611663718898247313e-17 1.030083384600855067e-17
1.705500125885009766e+00 6.270201758463850848e-17 5.220107303202174191e-18
1.706967711448669434e+00 6.755651560658561348e-17 8.948528374924196561e-18
1.708429574966430664e+00 7.596516387521176270e-17 7.884438271852306442e-18
1.709898352622985840e+00 6.323809017857697423e-17 4.117871766182401201e-18
1.711367726325988770e+00 7.123410105299227070e-17 7.013229316834918763e-18
1.712839007377624512e+00 8.121627183982089299e-17 5.941410865299945706e-18
1.714312314987182617e+00 6.866936469804505437e-17 7.580440297752330688e-18
1.715789914131164551e+00 6.761787255570234686e-17 4.265518956029747599e-18
1.717262148857116699e+00 7.230723224015936541e-17 9.804844770193179529e-18
1.718739151954650879e+00 8.065502648548121350e-17 5.413410313369078675e-18
1.720217227935791016e+00 7.306794061868763178e-17 2.373924399195015295e-18
1.721697449684143066e+00 7.217460540946506317e-17 9.967256720384291195e-18
1.723180055618286133e+00 8.869631391790521249e-17 7.741250826277539692e-18
1.724663853645324707e+00 7.048260415776539485e-17 7.374660922406288887e-18
1.726148962974548340e+00 8.431687564791466192e-17 6.873141317015388208e-18
1.727635860443115234e+00 5.345641473734140500e-17 5.097036476534390798e-18
1.729093909263610840e+00 6.199399730240741976e-17 1.094226774329034576e-17
1.730613708496093750e+00 6.332641983310783674e-17 3.819547837494232940e-18
1.732105016708374023e+00 6.037295491237500036e-17 6.148431011564817048e-18
1.733597397804260254e+00 5.506910922063193924e-17 5.467754838842893764e-18
1.735092043876647949e+00 4.868589870862558380e-17 4.790063960951674357e-18
1.736588239669799805e+00 4.267260998399784275e-17 9.719125697675534377e-18
1.738085985183715820e+00 4.471361197102343430e-17 5.359933913948137989e-18
1.739584922790527344e+00 3.361633885274677668e-17 5.061940030324378387e-18
1.741085410118103027e+00 3.869829830825616344e-17 8.580765528944345563e-18
1.742588043212890625e+00 3.625915444007409840e-17 7.694716953737756567e-18
1.744091391563415527e+00 5.171387936765964712e-17 5.148663713695969191e-18
1.745596528053283691e+00 5.037744666534957306e-17 6.413148659916487177e-18
1.747103452682495117e+00 4.970129599775892739e-17 6.183205684516546332e-18
1.748611927032470703e+00 6.219486984235979700e-17 7.281407888869510759e-18
1.750121116638183594e+00 4.775201179705321555e-17 5.337896168068500226e-18
1.751632928848266602e+00 5.230313636626282234e-17 5.482099391435482093e-18
1.753145694732666016e+00 5.606141162706280230e-17 3.054974664348965686e-18
1.754659533500671387e+00 4.219280221532523394e-17 3.853032522280685777e-18
1.756175160408020020e+00 4.681463418329587353e-17 5.135612871581413797e-18
1.757692933082580566e+00 4.751358856601338107e-17 2.373001058836252977e-18
1.759209275245666504e+00 5.260696311397599961e-17 3.993484481569739664e-18
1.760728359222412109e+00 4.308739804780133337e-17 6.288156292685743101e-18
1.762251496315002441e+00 5.415369490649910521e-17 4.679516235167637526e-18
1.763784408569335938e+00 3.245110275873312744e-17 6.024314628602766628e-18
1.765310049057006836e+00 3.219412090347005323e-17 8.752970470407472523e-18
1.766826510429382324e+00 4.803723359842885013e-17 1.003972849539189961e-17
1.768354296684265137e+00 3.876188864502679000e-17 9.198950687929725265e-18
1.769884109497070312e+00 4.607570712465735348e-17 1.335076291541609602e-17
1.771414875984191895e+00 2.212751317407324298e-17 7.009022276239474064e-18
1.772947430610656738e+00 4.893827482223796275e-17 6.377419834128177976e-18
1.774480342864990234e+00 4.764374708975982508e-17 3.010771993570510131e-18
1.776014208793640137e+00 4.497295294539350975e-17 3.993949357073994466e-18
1.777549624443054199e+00 4.538836635774009046e-17 3.418864030315383993e-18
1.779088377952575684e+00 4.339999621873002296e-17 4.014385681287729567e-18
1.780626893043518066e+00 4.744211354364389905e-17 4.745457832829446063e-18
1.782167196273803711e+00 4.255791312026123993e-17 5.270616192175580890e-18
1.783709168434143066e+00 4.222339135437744491e-17 5.428165561135799583e-18
1.785253047943115234e+00 4.218627079720851524e-17 5.806010498011753159e-18
1.786798715591430664e+00 5.569205893994562439e-17 9.045242332143896556e-18
1.788345456123352051e+00 3.699651647299366812e-17 9.065829203229116309e-18
1.789893031120300293e+00 4.336229994385475638e-17 9.485033584323027546e-18
1.791443228721618652e+00 5.369274354707025522e-17 5.945793268185251647e-18
1.792994022369384766e+00 5.107827047625145044e-17 4.501391989241081099e-18
1.794544696807861328e+00 6.673456939294882136e-17 6.289404921820391896e-18
1.796097874641418457e+00 2.899112206170957010e-17 9.819245984657727741e-18
1.797653198242187500e+00 5.330350543802730252e-17 7.894597704135682728e-18
1.799209833145141602e+00 5.263043849976025454e-17 1.211437770819431066e-17
1.800767660140991211e+00 3.120840616343756248e-17 7.747322331973678915e-18
1.802327275276184082e+00 6.531351942269702279e-17 1.030133677182098291e-17
1.803888320922851562e+00 4.176860745359579029e-17 8.230168335036194995e-18
1.805450201034545898e+00 4.897347301166331919e-17 6.267755537238347779e-18
1.807012200355529785e+00 6.053103243615633416e-17 1.199369536554527414e-17
1.808577299118041992e+00 3.981999492354747151e-17 1.031165833150441959e-17
1.810143470764160156e+00 3.728411724581100521e-17 9.419605252231308162e-18
1.811711192131042480e+00 6.787840797887694888e-17 1.028243321328230856e-17
1.813279986381530762e+00 6.675862380516186341e-17 6.610688902771194545e-18
1.814850926399230957e+00 5.033187893976525187e-17 8.706180999058410513e-18
1.816422224044799805e+00 6.095294087067268125e-17 1.046734778485731280e-17
1.817996263504028320e+00 3.279389633074245275e-17 4.602540461724677877e-18
1.819568634033203125e+00 7.066711837392392341e-17 1.011965813080228612e-17
1.821143984794616699e+00 5.042599554986153536e-17 7.712714749505685343e-18
1.822721123695373535e+00 5.358680818038181407e-17 7.966790719276860771e-18
1.824299693107604980e+00 4.359845008257129514e-17 5.845162610765113065e-18
1.825879693031311035e+00 6.256652540030232254e-17 1.073044415920837899e-17
1.827460885047912598e+00 4.674102834366845492e-17 1.087584100419927488e-17
1.829043626785278320e+00 4.659189098794759424e-17 1.010446199576907445e-17
1.830627202987670898e+00 2.673294380485818114e-17 1.062106027654620427e-17
1.832212805747985840e+00 2.725060501272244160e-17 9.462901539853558737e-18
1.833797931671142578e+00 5.416238692037581243e-17 1.050195454014469381e-17
1.835386276245117188e+00 2.544607411049105939e-17 9.900503244951261862e-18
1.836975216865539551e+00 2.509032689008915368e-17 1.148205272381794950e-17
1.838564753532409668e+00 1.725504878922148622e-17 1.497339018350216702e-17
1.840156316757202148e+00 5.017892000961439621e-17 1.130135511900574061e-17
1.841749072074890137e+00 4.960430741657585979e-17 1.372657919183976330e-17
1.843344330787658691e+00 8.907161568798787179e-17 2.058261606814878000e-17
1.844938874244689941e+00 6.423180540949407786e-17 1.356785564000002558e-17
1.846536278724670410e+00 5.972119614668731837e-17 8.976029648749747072e-18
1.848134756088256836e+00 2.858108201462213386e-17 1.433351138577197161e-17
1.849733948707580566e+00 4.146580310111972856e-17 1.252862645023841671e-17
1.851334571838378906e+00 3.451400848837912316e-17 1.839978900201729654e-17
1.852936863899230957e+00 4.290711568765662610e-17 1.506380929626033847e-17
1.854540467262268066e+00 -2.924648926041694080e-17 2.286699113499972335e-17
1.856143712997436523e+00 -9.874885461380494595e-18 2.594485078497073423e-17
1.857750654220581055e+00 3.295259258562197621e-17 1.482967416951597888e-17
1.859357357025146484e+00 6.176390874321966958e-17 1.132252597960342280e-17
1.860965847969055176e+00 2.769902127714866301e-17 1.021836642047885147e-17
1.862575411796569824e+00 4.077088535979147979e-17 6.840413088899115115e-18
1.864186406135559082e+00 4.649429691055613782e-17 6.602912577832583532e-18
1.865797638893127441e+00 2.920960031381952598e-17 1.060985280642672330e-17
1.867412090301513672e+00 3.172555286496081496e-17 9.924115942717200590e-18
1.869025349617004395e+00 4.038459201372921587e-17 1.242066449104922064e-17
1.870641827583312988e+00 4.981409034608665824e-17 1.969673706496776437e-17
1.872258782386779785e+00 -2.046562915488632412e-18 2.786854201752405539e-17
1.873876810073852539e+00 2.774524578413935130e-17 3.834206801437652675e-17
1.875496506690979004e+00 4.984666058270593371e-18 2.288344706610585328e-17
1.877118349075317383e+00 -5.375897258999492594e-18 1.581225554938811876e-17
1.878738641738891602e+00 3.281843050771077555e-17 1.001702404193854411e-17
1.880363225936889648e+00 4.505096931204706110e-17 7.027494046498395725e-18
1.881986856460571289e+00 3.559965326385292007e-17 6.528627209331952605e-18
1.883612751960754395e+00 2.977782376380670281e-17 6.564859374523000324e-18
1.885239124298095703e+00 3.805806382286257023e-17 5.099532080442463282e-18
1.886867403984069824e+00 3.119217687981927208e-17 7.007730220122666235e-18
1.888496398925781250e+00 3.474826603785414060e-17 5.539575622708422945e-18
1.890126824378967285e+00 1.178066657931081760e-17 8.352227933405132311e-18
1.891758680343627930e+00 2.489537365460020590e-17 7.773147737878196992e-18
1.893390655517578125e+00 3.173872488903510937e-17 6.773094649107712064e-18
1.895025134086608887e+00 2.952866041969347982e-17 6.645468952396905424e-18
1.896660804748535156e+00 3.320892593128480885e-17 1.060525368222092846e-17
1.898295640945434570e+00 2.723598873129862960e-17 5.678919987157268328e-18
1.899933457374572754e+00 3.172008354675061434e-17 9.828472357210144212e-18
1.901572346687316895e+00 3.069737398100230198e-17 9.452686686469141398e-18
1.903211832046508789e+00 -1.990562167633333024e-18 1.589776782675262566e-17
1.904852986335754395e+00 4.475494205032964633e-18 1.591746465149873835e-17
1.906494736671447754e+00 -9.352989915960575185e-18 6.919901423452704586e-18
1.908138513565063477e+00 3.065862222366541774e-17 1.539910861191993335e-17
1.909782171249389648e+00 1.004765640117776096e-18 1.353967525089156903e-17
1.911428093910217285e+00 3.044417068677737000e-17 1.107168759474977992e-17
1.913074374198913574e+00 6.385822748380797908e-18 1.349347473213864478e-17
1.914722084999084473e+00 1.886700873612807337e-17 1.292375408524274697e-17
1.916371226310729980e+00 2.922612738245833547e-17 9.710506475692731829e-18
1.918022274971008301e+00 4.415272395870837772e-17 1.037875425971104587e-17
1.919671535491943359e+00 4.076773214729642765e-17 2.382872590907430182e-17
1.921323657035827637e+00 1.899973813721833219e-17 1.230218906627447559e-17
1.922977566719055176e+00 4.156423428529108864e-17 1.560766235104047800e-17
1.924631953239440918e+00 5.125263022321027804e-17 8.534297830853566680e-18
1.926287889480590820e+00 3.729541653297847956e-17 1.237979763288603831e-17
1.927944421768188477e+00 1.762025399274732326e-17 9.380227319170721280e-18
1.929602503776550293e+00 4.047935051598084051e-17 6.799645492409439146e-18
1.931260824203491211e+00 2.791853681374676039e-17 1.031846850948756866e-17
1.932920813560485840e+00 2.579331460547346978e-17 8.537807558192629176e-18
1.934581756591796875e+00 2.555888665679226641e-17 6.460231780383005512e-18
1.936243534088134766e+00 2.581288900748892462e-17 5.019245930188066416e-18
1.937907099723815918e+00 3.646483124502418363e-17 5.183657175919718750e-18
1.939571380615234375e+00 2.442173996201969289e-17 9.493407960844514398e-18
1.941236376762390137e+00 1.381774773023290779e-17 7.682468890407683886e-18
1.942903518676757812e+00 1.756573451857395320e-17 5.452337432995824158e-18
1.944568872451782227e+00 2.643371618135079870e-17 4.546948961477439099e-18
1.946238279342651367e+00 3.513161462093571574e-17 3.997014474833809710e-18
1.947906732559204102e+00 2.478508731788973583e-17 5.664662702119304343e-18
1.949577689170837402e+00 2.428115399947140541e-17 6.263604331334250410e-18
1.951249599456787109e+00 2.664282909456542920e-17 3.835056233208683379e-18
1.952921867370605469e+00 3.162047445738697875e-17 7.439386150977338197e-18
1.954595804214477539e+00 1.206910859481112112e-17 5.952739930969471973e-18
1.956270337104797363e+00 2.626912874614867257e-17 6.643296362518034896e-18
1.957946181297302246e+00 2.475898646084123759e-17 7.816248810875885052e-18
1.959622144699096680e+00 2.616734913485769783e-17 8.038034131074827938e-18
1.961300373077392578e+00 2.862215318639661679e-17 6.024152087612399958e-18
1.962978720664978027e+00 2.468190149955742094e-17 5.875873345367369323e-18
1.964658498764038086e+00 1.981447464463611212e-17 6.081806576307345987e-18
1.966339111328125000e+00 5.142308071459418003e-18 9.773764285857112068e-18
1.968021273612976074e+00 2.231326650678937598e-17 1.138126821080387606e-17
1.969703674316406250e+00 2.098863105437553321e-17 5.746549033268685041e-18
1.971386790275573730e+00 3.831599528146885532e-17 5.874301702203518571e-18
1.973072052001953125e+00 3.178233715965135520e-17 5.534244857250824958e-18
1.974757432937622070e+00 2.006564803763783897e-17 8.710156429082340364e-18
1.976444602012634277e+00 3.581474338417385875e-17 7.893029369694282187e-18
1.978131651878356934e+00 2.131267575062073159e-17 3.173088404400871922e-18
1.979821205139160156e+00 1.672152391156968380e-17 4.709929184749374694e-18
1.981510400772094727e+00 1.974821086012571418e-17 4.241915770840853231e-18
1.983205914497375488e+00 1.754428241656800298e-17 3.687801126971687116e-18
1.984893321990966797e+00 2.980641774322143587e-17 1.043205198811967510e-17
1.986584663391113281e+00 8.606377522250824958e-18 7.051670881442095618e-18
1.988277196884155273e+00 1.356129857928431773e-17 6.345860825807748588e-18
1.989972352981567383e+00 2.345460369854514315e-17 3.690065120308244753e-18
1.991666316986083984e+00 2.244021722412033935e-17 3.127821772559520036e-18
1.993362903594970703e+00 2.230342140313876985e-17 3.313331086994949893e-18
1.995058536529541016e+00 2.895788925341963966e-17 3.180316928978819693e-18
1.996757149696350098e+00 3.004716038869886905e-17 4.773221736499482160e-18
1.998456120491027832e+00 3.545548891797472820e-17 8.313204033646718125e-18
2.000156402587890625e+00 2.067639022547146653e-17 1.214428773196361559e-17
2.001857280731201172e+00 1.867427730776444303e-17 1.461049446824657803e-17
2.003559350967407227e+00 3.449815309039770672e-17 1.194984817563506324e-17
2.005262136459350586e+00 3.862634021240895046e-17 1.871910222515869160e-17
2.006965875625610352e+00 1.610008793277697069e-17 8.108728294946059896e-18
2.008669614791870117e+00 3.132138249150005500e-17 8.579451966131611355e-18
2.010375022888183594e+00 3.887958652002573520e-17 9.729531629781451466e-18
2.012080430984497070e+00 3.864877004189893835e-17 8.218519977650223259e-18
2.013787269592285156e+00 3.599785139329104717e-17 1.013405107346070880e-17
2.015495538711547852e+00 4.425195916243513934e-17 1.047223394073566353e-17
2.017204284667968750e+00 3.908920401341402305e-17 8.927915861239987664e-18
2.018913745880126953e+00 3.280073876876949139e-17 7.247168401774103285e-18
2.020623683929443359e+00 3.712120236980746130e-17 1.600497870594562357e-17
2.022334814071655273e+00 3.404525185269022280e-17 2.099816017503214409e-17
2.024047136306762695e+00 3.687355111185398524e-17 9.484215502697212601e-18
2.025760889053344727e+00 4.545183427178005916e-17 4.300100895898752027e-18
2.027474164962768555e+00 2.643281124576066568e-17 4.960531409538133682e-18
2.029189348220825195e+00 4.637695637758181553e-17 4.156376610106438362e-18
2.030905008316040039e+00 4.082699136637972656e-17 6.243760268439103276e-18
2.032621860504150391e+00 4.131877340159965299e-17 3.169843168062673256e-18
2.034338474273681641e+00 2.156311626159973646e-17 3.735936421177372903e-18
2.036056280136108398e+00 3.365750266874986555e-17 3.881669101496965318e-18
2.037775039672851562e+00 3.943170972657017990e-17 5.193806682035744399e-18
2.039495468139648438e+00 4.003375493744342492e-17 3.938361579139512176e-18
2.041216135025024414e+00 2.615116617335371040e-17 5.195655844295106693e-18
2.042937040328979492e+00 3.968304359261074204e-17 7.545443940396437193e-18
2.044660091400146484e+00 2.830816204331638791e-17 4.525591158061319924e-18
2.046383142471313477e+00 2.791291529430385001e-17 5.759540731969442894e-18
2.048106431961059570e+00 2.951085287546643824e-17 4.718613340410262656e-18
2.049829483032226562e+00 2.846527011141980956e-17 3.188217951394773075e-18
2.051555156707763672e+00 3.484555902150262771e-17 4.840709748316458582e-18
2.053281784057617188e+00 3.301168636858276451e-17 6.499034409327561764e-18
2.055008649826049805e+00 2.575235593026229406e-17 6.553658108258113499e-18
2.056736707687377930e+00 3.382389832077103259e-17 1.004273529691852986e-17
2.058465242385864258e+00 4.024419299399936538e-17 6.460867882274058790e-18
2.060194969177246094e+00 2.412801474394701319e-17 5.056570387377990408e-18
2.061925172805786133e+00 3.277043417984799867e-17 4.126419023451911636e-18
2.063655138015747070e+00 2.676940427189829349e-17 3.926975851598026027e-18
2.065385580062866211e+00 3.021392992635691006e-17 4.409291631887895616e-18
2.067117691040039062e+00 2.682851790719378306e-17 4.860132776279816225e-18
2.068850755691528320e+00 2.609635553160472168e-17 6.342191452610463357e-18
2.070585012435913086e+00 1.279806316398470186e-17 5.117019092182140564e-18
2.072319507598876953e+00 1.926931299012691370e-17 4.287133185435758212e-18
2.074054956436157227e+00 2.470986185862293838e-17 4.925754255044566740e-18
2.075791120529174805e+00 2.214087048660474927e-17 3.093580217512581179e-18
2.077517509460449219e+00 1.298312001062506521e-17 5.877468149588371561e-18
2.079263687133789062e+00 1.505452005798136797e-17 1.151544021488242736e-17
2.081001758575439453e+00 1.948592677713617506e-17 2.913597710339924375e-18
2.082741737365722656e+00 1.077141110622568024e-17 1.646970366332894047e-17
2.084480047225952148e+00 2.226493930668157790e-17 9.485242033837390908e-18
2.086220741271972656e+00 2.078658722667578088e-17 4.664432596697733066e-18
2.087962150573730469e+00 1.609141246251251454e-17 3.958633708001655502e-18
2.089703559875488281e+00 6.748644430971563395e-18 3.696179639396236734e-18
2.091446399688720703e+00 1.705767026017653297e-17 4.832572772630774449e-18
2.093189239501953125e+00 1.793585648366080544e-17 4.367525214808561866e-18
2.094932794570922852e+00 2.476286593791411129e-17 3.706189351988740921e-18
2.096677303314208984e+00 1.834151081914048553e-17 3.026103165838721084e-18
2.098421573638916016e+00 9.636016379990494028e-18 4.165243572682700542e-18
2.100167036056518555e+00 1.045221286118943005e-17 3.638662049092668231e-18
2.101913452148437500e+00 1.362286066919296426e-17 3.314366717121866284e-18
2.103660106658935547e+00 1.561005621173320646e-17 4.294785846872792548e-18
2.105407953262329102e+00 2.165318795850063564e-17 4.145354428444169269e-18
2.107156276702880859e+00 2.008893317188120670e-17 2.638785976973269650e-18
2.108905553817749023e+00 1.904568967460687799e-17 2.501871248778645648e-18
2.110655307769775391e+00 1.086533663760046398e-17 2.973700033262567951e-18
2.112405300140380859e+00 1.594301626062050138e-17 4.252603771535650901e-18
2.114156246185302734e+00 1.762469595263673302e-17 2.950820631109657482e-18
2.115908145904541016e+00 8.742197270109581891e-18 5.435688355216663093e-18
2.117659568786621094e+00 1.689138545035744803e-17 3.645147972275696521e-18
2.119412422180175781e+00 -2.858507429845104448e-19 6.502418405213516200e-18
2.121165752410888672e+00 1.191924662887366399e-17 4.879995450738745802e-18
2.122920036315917969e+00 1.287504638205317449e-17 2.634121298703929989e-18
2.124674558639526367e+00 1.124450382268558357e-17 3.996507413118314704e-18
2.126430034637451172e+00 1.772075643717251612e-17 2.869507329329622894e-18
2.128185033798217773e+00 8.919213094015317260e-18 3.236239094675926543e-18
2.129942178726196289e+00 1.841233236882605065e-17 3.561922022124286194e-18
2.131698369979858398e+00 1.561228463630342432e-17 3.776206882118904502e-18
2.133456468582153320e+00 1.103712302567363911e-17 3.752543312745293763e-18
2.135214328765869141e+00 2.214011444352487581e-17 3.604214939663509946e-18
2.136973619461059570e+00 1.877143794251492166e-17 2.969548827358470582e-18
2.138732433319091797e+00 1.631380493328107135e-17 3.445731476996565747e-18
2.140491962432861328e+00 2.270865222214482279e-17 2.632486583018372068e-18
2.142252445220947266e+00 1.841569568519669126e-17 2.464073851073494463e-18
2.144012689590454102e+00 1.733219992495430711e-17 3.340868136381993323e-18
2.145766973495483398e+00 2.143324725106768601e-17 4.871664501199417984e-18
2.147529602050781250e+00 2.644703213485167733e-17 5.845577855432614685e-18
2.149298906326293945e+00 2.553660406545131295e-17 4.055163617535062449e-18
2.151062965393066406e+00 2.759083597919407762e-17 4.918970960431325636e-18
2.152826309204101562e+00 4.150017080121008175e-17 8.236303533639500801e-18
2.154591083526611328e+00 3.071222352735885393e-17 6.303399990604176571e-18
2.156357049942016602e+00 2.546391639630382820e-17 4.438896839601474753e-18
2.158121109008789062e+00 2.365927465187036389e-17 4.647329810352586666e-18
2.159886837005615234e+00 2.194925740642929063e-17 3.125496361062480337e-18
2.161653280258178711e+00 2.710261247496935431e-17 5.469794252643143254e-18
2.163419723510742188e+00 2.684706164216599684e-17 3.930154293101761036e-18
2.165186882019042969e+00 1.753158353980408890e-17 2.675171170577639678e-18
2.166954755783081055e+00 2.924342207470559418e-17 3.820840720791653322e-18
2.168723106384277344e+00 2.657726345049202601e-17 2.939305863392613061e-18
2.170491933822631836e+00 2.634669512654899508e-17 3.091414038283457937e-18
2.172260999679565430e+00 2.360203209912046927e-17 2.708291895894569183e-18
2.174030780792236328e+00 2.565359718256836298e-17 4.308856602682625825e-18
2.175801038742065430e+00 3.204550963461877627e-17 4.928888028795223885e-18
2.177571773529052734e+00 2.562823582498748715e-17 4.187681673978813971e-18
2.179343223571777344e+00 2.476286759227533640e-17 5.568868983331069590e-18
2.181114912033081055e+00 2.746582251885771345e-17 3.572508279603739842e-18
2.182886838912963867e+00 2.805872076651734709e-17 5.035483899202788626e-18
2.184659719467163086e+00 1.913515587529938835e-17 4.450413261679744280e-18
2.186432838439941406e+00 3.193151422004161842e-17 5.367003826643628717e-18
2.188205718994140625e+00 3.444354924380185626e-17 3.931866143379439526e-18
2.189979553222656250e+00 2.267945605524415112e-17 4.713529901955818024e-18
2.191744089126586914e+00 2.944717320318965595e-17 6.639648909606982321e-18
2.193528890609741211e+00 3.461042796930075428e-17 1.127315818628503300e-17
2.195303678512573242e+00 3.329198479095248347e-17 5.983354712620672080e-18
2.197079658508300781e+00 3.985014069379135405e-17 5.687754276099334663e-18
2.198855400085449219e+00 2.525633707594487101e-17 5.735044191718991256e-18
2.200632095336914062e+00 2.888434958824122529e-17 3.455283965505481249e-18
2.202408313751220703e+00 2.739763140352006695e-17 1.291318023547248162e-17
2.204185485839843750e+00 2.578326766975340070e-17 1.024061840613714046e-17
2.205963611602783203e+00 3.263585520290807128e-17 4.653991509415782474e-18
2.207741022109985352e+00 2.962457366608022848e-17 3.683575061222153698e-18
2.209519863128662109e+00 3.352573279717016824e-17 5.157479804664559360e-18
2.211298704147338867e+00 2.040392520350262475e-17 6.209173779076729806e-18
2.213077783584594727e+00 2.376419920385026524e-17 4.357295472173118572e-18
2.214857578277587891e+00 1.841403139780423457e-17 6.335734894339180699e-18
2.216637611389160156e+00 2.745849700735294383e-17 5.266943510255845447e-18
2.218417882919311523e+00 3.023757074826367559e-17 5.817299445421570604e-18
2.220198392868041992e+00 1.678820128638635825e-17 3.770247459395766214e-18
2.221979141235351562e+00 1.785360991535465790e-17 3.566692786307185781e-18
2.223760604858398438e+00 2.006667374159740473e-18 3.612124027090435720e-18
2.225542068481445312e+00 3.005520720169778490e-17 5.300975788607808389e-18
2.227324724197387695e+00 1.465233822671318549e-17 3.986702427727417390e-18
2.229106664657592773e+00 9.499456305483502136e-18 1.000885397902835785e-17
2.230889797210693359e+00 8.975884685347397154e-19 7.862333524343051883e-18
2.232672452926635742e+00 2.573831412577390014e-18 3.302934667466077165e-18
2.234456062316894531e+00 2.777243024779029400e-17 6.370763511738963762e-18
2.236239671707153320e+00 -1.411976460676581905e-17 4.996540235963792083e-18
2.238023757934570312e+00 -1.536911835163121077e-17 6.624323320807906101e-18
2.239807605743408203e+00 4.380990888000312603e-18 4.386688094469271581e-18
2.241592407226562500e+00 1.997166708516201418e-17 3.301286716890718395e-18
2.243376970291137695e+00 1.093101891414023714e-17 4.341598479279006043e-18
2.245162487030029297e+00 1.514711631011177900e-17 8.702965748017416894e-18
2.246948003768920898e+00 1.669421040774318282e-17 4.880607564392035042e-18
2.248733520507812500e+00 1.322575938124708248e-17 4.047514264820478326e-18
2.250522851943969727e+00 1.130336764943608212e-17 6.079900752176023811e-18
2.252305984497070312e+00 1.674651800095858608e-17 5.100281919667742602e-18
2.254092454910278320e+00 -1.175816974819121291e-17 8.323628990906723933e-18
2.255879640579223633e+00 2.914571095125746151e-18 1.164640441254549802e-17
2.257666349411010742e+00 3.496578889635659773e-18 4.206199766352038602e-18
2.259453773498535156e+00 2.665931811289606125e-17 3.568647414094648586e-18
2.261241436004638672e+00 1.366008958702213838e-17 5.533059093842730193e-18
2.263024330139160156e+00 -4.396873996532249564e-18 5.843395752976699798e-18
2.264817476272583008e+00 1.130462909987022549e-17 1.533746876703370683e-17
2.266605377197265625e+00 -3.533387599713656952e-18 6.480610615544168178e-18
2.268393754959106445e+00 2.526744942029390839e-17 7.955400442242005580e-18
2.270182847976684570e+00 2.323876415258923142e-17 5.772637896198301257e-18
2.271971702575683594e+00 2.277159074059275756e-17 5.399029778419844289e-18
2.273760795593261719e+00 1.809253110912324930e-17 5.598059359967453384e-18
2.275550127029418945e+00 3.202684182255467955e-17 7.711940508452335709e-18
2.277339696884155273e+00 1.800383253203918815e-17 4.435004541229106481e-18
2.279129505157470703e+00 1.236923288210251104e-17 5.070130359159572190e-18
2.280918836593627930e+00 2.126638341481981395e-17 3.669086165612674865e-18
2.282709598541259766e+00 2.653280083820607567e-17 6.768383028338610018e-18
2.284499406814575195e+00 3.083108938138272401e-17 5.115437936441245452e-18
2.286290168762207031e+00 2.530493393693236139e-17 6.451997197385040122e-18
2.288080453872680664e+00 1.892076058669299422e-17 7.109245960798236556e-18
2.289871215820312500e+00 1.421901966282728194e-17 6.478485174960213174e-18
2.291661977767944336e+00 2.945970664383105943e-17 6.785995357941089083e-18
2.293453216552734375e+00 2.987273446729103721e-17 1.299545989100313128e-17
2.295244216918945312e+00 2.279719859799617419e-17 6.240350216363853419e-18
2.297035455703735352e+00 2.105890997357926355e-17 6.621117582343956842e-18
2.298827171325683594e+00 2.530271709289071927e-17 6.904782216216460346e-18
2.300618648529052734e+00 1.911909864524850898e-17 5.905996368144406656e-18
2.302409887313842773e+00 2.113180278351866145e-17 8.095227052987969378e-18
2.304192304611206055e+00 4.365563804140076126e-17 7.900872530826387485e-17
2.305993556976318359e+00 5.908311233088636304e-18 1.452634869325400874e-17
2.307780742645263672e+00 3.335462221565744893e-17 6.185784420076180395e-18
2.309554338455200195e+00 2.139343173946305857e-17 9.459800439737097436e-18
2.311364889144897461e+00 1.263262207839042101e-17 4.575790267895325515e-18
2.313161849975585938e+00 1.455797511679436120e-17 5.564589564432026502e-18
2.314953804016113281e+00 3.131159859921477779e-17 6.650920072633629876e-18
2.316746473312377930e+00 3.866515483547238873e-17 6.467876170013914317e-18
2.318538665771484375e+00 3.244122622221924429e-17 8.075595575510248372e-18
2.320331096649169922e+00 2.319073804622440264e-17 7.473580970319667808e-18
2.322123765945434570e+00 3.686748953232519665e-17 5.448980734070083971e-18
2.323915958404541016e+00 7.283054805469103837e-18 9.438022428569801324e-18
2.325708627700805664e+00 3.057243993000474289e-17 4.192756427036826796e-18
2.327501058578491211e+00 2.576651064490430147e-17 8.119659486740948156e-18
2.329296350479125977e+00 1.839380683182731304e-17 5.622937230480291968e-18
2.331088781356811523e+00 2.369666486991898585e-17 1.002706932329738807e-17
2.332878828048706055e+00 1.845504135821338858e-17 4.142338527930800930e-18
2.334671258926391602e+00 2.671904055312238985e-17 3.794190615816419877e-18
2.336463689804077148e+00 -7.271019327556457285e-18 9.690163622888215220e-18
2.338256120681762695e+00 5.428281780011863283e-18 6.649459271671861229e-18
2.340049028396606445e+00 3.201930455281309636e-17 4.760265192974757811e-18
2.341840982437133789e+00 -1.041265294839408150e-17 1.184555062655947709e-17
2.343633651733398438e+00 -1.848264437525428311e-17 1.100119691730923601e-17
2.345412492752075195e+00 -6.598837968853208573e-17 2.867807059580520146e-17
2.347215652465820312e+00 -9.433873786925602869e-17 7.938903648413615528e-17
2.349010705947875977e+00 5.185077858621778575e-18 7.836901029229496494e-18
2.350802421569824219e+00 5.150296568225148867e-18 7.443602290559520979e-18
2.352594614028930664e+00 6.143953482909067509e-18 8.924088496545704805e-18
2.354386568069458008e+00 5.216373409917109824e-18 3.985096042977839410e-18
2.356178760528564453e+00 1.059805224780804180e-17 6.702227190898150247e-18
2.357970237731933594e+00 -2.687951576330678517e-19 5.130105089472729462e-18
2.359762191772460938e+00 1.739724113651935168e-17 1.273540340540319746e-17
2.361553192138671875e+00 8.824335477755484986e-18 7.024516196293204825e-18
2.363344669342041016e+00 2.715961349098038345e-17 1.577937677440036102e-17
2.365136146545410156e+00 6.130816200420500324e-18 2.642610942843776105e-17
2.366927146911621094e+00 3.449222385976692662e-17 6.586801581041888212e-18
2.368717908859252930e+00 2.827647771713315673e-17 8.846885248434293073e-18
2.370512485504150391e+00 -1.954105505624038414e-17 8.918860715074369670e-18
2.372302770614624023e+00 -4.311872503195994164e-18 6.876403303760991072e-18
2.374090433120727539e+00 -6.078257971479493498e-18 8.935847696133758646e-18
2.375880479812622070e+00 2.026340541540334151e-17 1.596688538437633154e-17
2.377670764923095703e+00 -6.327457711539668828e-18 1.375473145680739304e-17
2.379460334777832031e+00 -1.104519548127154410e-17 7.768770298076566370e-18
2.381250381469726562e+00 -1.489630191349590016e-17 1.260854533230084003e-17
2.383039474487304688e+00 -1.021917953902099109e-17 1.248693241146268135e-17
2.384828805923461914e+00 1.563442660694024376e-17 8.701107900361622794e-18
2.386617898941040039e+00 6.604457751216832588e-18 8.889333675928676794e-18
2.388406515121459961e+00 -5.186839339736210247e-18 1.401795356261156729e-17
2.390195131301879883e+00 6.443024355690371154e-18 1.761852022218341211e-17
2.391983270645141602e+00 2.205036534706287230e-17 8.781868852287625098e-18
2.393771171569824219e+00 1.936848367376589619e-17 1.083346536859879582e-17
2.395559072494506836e+00 1.664138830818677158e-17 8.245347926457155606e-18
2.397346019744873047e+00 1.827482351815646044e-17 1.145659293174417986e-17
2.399133205413818359e+00 2.298570147906843345e-17 1.267483310504900201e-17
2.400919914245605469e+00 3.496766411480525544e-17 1.156916559566774651e-17
2.402706623077392578e+00 -1.459096307962297594e-17 1.512999532579315643e-17
2.404492616653442383e+00 2.362246676897297926e-17 1.332579612298740799e-17
2.406278133392333984e+00 1.280538702112824637e-17 9.396380502172656804e-18
2.408063650131225586e+00 1.096722688429836768e-18 1.058842965574221243e-17
2.409848690032958984e+00 2.330818114959468150e-17 1.278539654726467735e-17
2.411633253097534180e+00 4.374970832938274178e-17 1.942327115445773342e-17
2.413417577743530273e+00 3.346655091947414304e-18 1.662015789058498557e-17
2.415201663970947266e+00 7.329231170548141544e-17 1.674709868174859831e-17
2.416985034942626953e+00 8.849643895777157420e-18 2.096475862189725283e-17
2.418768167495727539e+00 -5.186690757418680410e-19 3.615287496625083519e-17
2.420551061630249023e+00 2.337623991603431952e-17 2.066869910013594848e-17
2.422333002090454102e+00 6.489253743046673509e-17 1.131989140935244141e-17
2.424114942550659180e+00 2.821234144115824518e-17 1.445834121201234902e-17
2.425896406173706055e+00 6.051745343922066366e-17 1.259998484014152875e-17
2.427676916122436523e+00 3.199121680793324575e-17 6.840341951366435554e-18
2.429457187652587891e+00 1.606462669991682240e-17 8.158084507735873951e-18
2.431236743927001953e+00 4.627029309195432772e-17 6.658742719686543859e-18
2.433016061782836914e+00 4.934187609543728623e-17 1.148721267647905529e-17
2.434794902801513672e+00 7.614298785457596238e-17 1.328487797962624737e-17
2.436573505401611328e+00 4.581762015609590843e-17 1.612238706773017521e-17
2.438351392745971680e+00 3.147915561281596929e-17 1.844984335524410535e-17
2.440128564834594727e+00 4.655901883040473692e-17 1.040880076828142205e-17
2.441905260086059570e+00 2.033609804763450158e-17 9.166700570207507822e-18
2.443680763244628906e+00 7.609569297587263047e-17 1.315611987265685563e-17
2.445456504821777344e+00 6.881813147685149129e-17 1.827487480335443872e-17
2.447231292724609375e+00 2.677845528216084872e-17 1.798833282172116951e-17
2.449005365371704102e+00 3.157461887294948910e-17 2.474354961624977299e-17
2.450779199600219727e+00 2.485516771374645344e-17 4.894260924864774062e-17
2.452552556991577148e+00 2.987236719909906366e-17 1.877690891508634739e-17
2.454324722290039062e+00 2.089535651414282870e-17 3.117039225120707554e-17
2.456096410751342773e+00 2.302013700796901600e-17 2.147145306920028525e-17
2.457867622375488281e+00 -3.896597230011709809e-18 1.496445828724781942e-17
2.459637403488159180e+00 2.681836012927163188e-17 2.042210663336654030e-17
2.461406946182250977e+00 -1.336366279706886049e-17 1.913408384922551963e-17
2.463175773620605469e+00 -5.571523323198691001e-17 3.651528595366746810e-17
2.464943885803222656e+00 -4.497755868704420500e-17 8.972924412730223006e-18
2.466692686080932617e+00 -1.706828795051926363e-17 1.031365713073659272e-16
2.468440532684326172e+00 1.350420326468345755e-17 9.101828930668036627e-17
2.470243453979492188e+00 -5.203265823212533292e-17 4.462901786413886126e-17
2.472008705139160156e+00 3.838133345087380642e-18 3.541833527358129641e-17
2.473773002624511719e+00 -1.464060715126595845e-17 5.611627686273221952e-17
2.475536346435546875e+00 -7.451684341452531591e-17 3.419196391485507800e-17
2.477298974990844727e+00 -4.272255514938379456e-17 2.933121902492197253e-17
2.479060649871826172e+00 4.833360579446169952e-17 3.368587496376043440e-17
2.480821371078491211e+00 6.145269692699761887e-17 3.383644499630223692e-17
2.482580184936523438e+00 3.077031145869477775e-17 3.666636222074415308e-17
2.484339237213134766e+00 1.728073076200778760e-16 4.697014413845584273e-17
2.486098766326904297e+00 1.744054602681997281e-16 9.012365707825731450e-17
2.487856149673461914e+00 3.268558530133475930e-16 4.957555792720596676e-17
2.489612102508544922e+00 4.749778015189075765e-16 1.110416254016248928e-16
2.491367578506469727e+00 1.661392525010552102e-16 9.703400994230901321e-17
2.493122816085815430e+00 1.020397099627859112e-16 4.961451482533476415e-17
2.494875192642211914e+00 3.248020363442723300e-16 1.900868194487350055e-16
2.496627807617187500e+00 2.821258959534201109e-16 2.485944291402437251e-16
2.498378992080688477e+00 4.682549010165501947e-16 1.082917726430332093e-16
2.500129222869873047e+00 2.207480357108013895e-16 6.419951227838000766e-17
2.501878499984741211e+00 3.289300514127161627e-16 1.086142407330308816e-16
2.503626346588134766e+00 5.724978694065976492e-16 1.067210360691338148e-16
2.505373477935791016e+00 9.059606985225369924e-17 2.254051816734831430e-16
2.507119178771972656e+00 2.548140861928136457e-16 2.787806187375780568e-16
2.508864641189575195e+00 7.497840357888500493e-16 1.214805256180358944e-16
2.510607242584228516e+00 9.377413879384081420e-16 3.988081784486074066e-16
2.512352705001831055e+00 6.765616373887416157e-16 1.982105006876141865e-16
2.514093875885009766e+00 6.740577021175394971e-17 1.484372565201753967e-16
2.515831232070922852e+00 1.776538104450962885e-15 3.845756955941302116e-16
2.517570495605468750e+00 5.533264433157990356e-16 2.362969136444301741e-16
2.519308090209960938e+00 -1.922477460809685350e-16 3.886049519148801132e-16
2.521044015884399414e+00 1.953195507688556577e-15 2.024458718881665814e-15
2.522778987884521484e+00 1.048891910013314416e-15 6.340369835465499079e-16
2.524512529373168945e+00 1.380849415998195058e-15 4.456466916818264609e-16
2.526244640350341797e+00 1.782955226059361464e-15 7.364165853317563085e-16
2.527976036071777344e+00 3.959859546656067236e-15 1.031473418606858577e-15
2.529705524444580078e+00 2.092946626623096336e-15 5.538311161336849885e-16
2.531433820724487305e+00 3.696811347303876130e-15 7.410599670090451795e-16
2.533164024353027344e+00 5.804110311943486145e-15 1.482393313901816684e-15
2.534889221191406250e+00 8.083590110694450874e-16 2.067261411288793746e-15
2.536610364913940430e+00 2.663220028691526582e-15 3.391493027510143234e-15
2.538331985473632812e+00 1.439760203419959694e-11 3.971667439373050001e-09
2.540053606033325195e+00 -2.782040743609659472e-11 9.060151739959110273e-09
2.541772842407226562e+00 -4.369278647654156744e-13 1.340203364952330389e-10
2.543490648269653320e+00 -1.325276173524958523e-11 3.502749423844875309e-09
2.545207738876342773e+00 -3.955392870874652189e-12 1.049755948834274477e-09
2.546921491622924805e+00 -3.168462603289450008e-14 2.374049714410839118e-14
2.548635482788085938e+00 -4.189141709302207639e-13 2.026291027329429895e-12
2.550346612930297852e+00 -1.204599300082959124e-13 1.644993548929191141e-13
2.552056789398193359e+00 -1.975571195891347165e-14 1.796370872691153975e-14
2.553765296936035156e+00 -2.768520073023923722e-14 1.719874988411439209e-14
2.555471181869506836e+00 -4.319113832860696500e-14 2.698044051900345269e-14
2.557176113128662109e+00 -5.040522646081353753e-14 2.469846599646458724e-14
2.558878898620605469e+00 -3.148136861873956915e-14 1.259405940130667659e-14
2.560580730438232422e+00 -1.373748442339830719e-14 5.125049080327397089e-15
2.562279224395751953e+00 -2.619726877377444307e-14 8.097746784100148809e-15
2.563987255096435547e+00 -1.278932505960426319e-14 7.527176920500179558e-15
2.565673351287841797e+00 -1.184771495455838944e-14 3.832733030283879197e-15
2.567367076873779297e+00 -3.276147468884841631e-15 1.460045514258814445e-15
2.569059133529663086e+00 -5.106262736590243961e-15 4.395618610986357436e-15
2.570749282836914062e+00 9.946140387532588500e-15 9.638131255823665505e-15
2.572437763214111328e+00 1.151986577012592897e-14 1.247029687628450900e-14
2.574122905731201172e+00 6.347481100574172558e-15 7.976871794395171134e-15
2.575807809829711914e+00 1.556291072846594653e-14 nan
2.577489614486694336e+00 0.000000000000000000e+00 nan
2.579169988632202148e+00 0.000000000000000000e+00 nan
2.580847263336181641e+00 0.000000000000000000e+00 nan
2.582523345947265625e+00 0.000000000000000000e+00 nan
2.584196805953979492e+00 0.000000000000000000e+00 nan
2.585868835449218750e+00 0.000000000000000000e+00 nan
2.587537527084350586e+00 0.000000000000000000e+00 nan
