8.022344708442687988e-01 0.000000000000000000e+00 nan
8.026024103164672852e-01 -6.269393768441509050e-17 nan
8.029692173004150391e-01 -1.473521676100732355e-16 2.179360292627269616e-15
8.033292293548583984e-01 2.185354321278514672e-14 1.964457445997012941e-15
8.036925792694091797e-01 2.151058804277135306e-14 1.439077743045126274e-15
8.040496706962585449e-01 2.145934763166015141e-14 7.333109919702076197e-16
8.044037818908691406e-01 2.045296915230247758e-14 5.234662555240392028e-16
8.047552704811096191e-01 2.011603469247776749e-14 5.962370794841426874e-16
8.051038384437561035e-01 2.142498350499004445e-14 7.009686270660782630e-16
8.054498434066772461e-01 2.129665631941512344e-14 4.544037947465742484e-16
8.057933449745178223e-01 2.055290548755132896e-14 7.088804441890254621e-16
8.061330914497375488e-01 1.907987792282642148e-14 9.498128779862028033e-16
8.064704537391662598e-01 1.972543222511502492e-14 5.933791903201066781e-16
8.068059682846069336e-01 1.968398520893997750e-14 9.885624118616005013e-16
8.071380257606506348e-01 1.921481704758760956e-14 4.604505511987858849e-16
8.074678778648376465e-01 1.916749162275861729e-14 6.024886061513530511e-16
8.077951073646545410e-01 1.851840180494817439e-14 9.560324291596543171e-16
8.081192970275878906e-01 1.936467750474762939e-14 8.118758918664449424e-16
8.084419965744018555e-01 1.741749614274281516e-14 6.955404693631582827e-16
8.087618350982666016e-01 1.743939702662702235e-14 5.334589679005942008e-16
8.090752363204956055e-01 1.645200902594678993e-14 6.437137526337790520e-16
8.093947768211364746e-01 1.707758182100966443e-14 3.506382353014229989e-16
8.097068667411804199e-01 1.717820086481400277e-14 5.333930052098267722e-16
8.100180625915527344e-01 1.605628709145084237e-14 4.195319512339271356e-16
8.103260397911071777e-01 1.573575457761676455e-14 5.090946475079754889e-16
8.106307387351989746e-01 1.521675038577974259e-14 5.128877669248986526e-16
8.109363913536071777e-01 1.558110160804117988e-14 6.577066839828608902e-16
8.112382292747497559e-01 1.589806303096963358e-14 4.249126750918008752e-16
8.115383982658386230e-01 1.576150268514740077e-14 4.887104819949455309e-16
8.118348717689514160e-01 1.518505102476169766e-14 5.078433151470848703e-16
8.121320605278015137e-01 1.517663151726598991e-14 2.835403086264367840e-16
8.124258518218994141e-01 1.452568669730106010e-14 4.520314142799925633e-16
8.127169013023376465e-01 1.519569653484278970e-14 3.940937518828675811e-16
8.130072951316833496e-01 1.474876129428995264e-14 3.487709511692008938e-16
8.132952451705932617e-01 1.394015484372079089e-14 3.693381022686173824e-16
8.135812878608703613e-01 1.431470942486485348e-14 3.195716873043158305e-16
8.138661980628967285e-01 1.335697011843736334e-14 4.185241673151517301e-16
8.141482472419738770e-01 1.338262928750853786e-14 5.538985611321101121e-16
8.144291639328002930e-01 1.359100955692846280e-14 3.087682055785608568e-16
8.147087097167968750e-01 1.285418576050731398e-14 4.122537412253057549e-16
8.149857521057128906e-01 1.302816886897218904e-14 3.483438612753275146e-16
8.152620196342468262e-01 1.271835894521740340e-14 4.353052928985783098e-16
8.155356049537658691e-01 1.279484856145330848e-14 3.624718943794964137e-16
8.158088922500610352e-01 1.263794841346865816e-14 2.404737125166799341e-16
8.160794973373413086e-01 1.217749368004469521e-14 3.204540574073383961e-16
8.163497447967529297e-01 1.209430996242663939e-14 5.478539752018258147e-16
8.166168928146362305e-01 1.117163443188368827e-14 3.259131318128331584e-16
8.168837428092956543e-01 1.187330381989494185e-14 5.082326326654666281e-16
8.171488642692565918e-01 1.153560025415412485e-14 3.486454579441092489e-16
8.174124360084533691e-01 1.185330028981258429e-14 3.802966969028382998e-16
8.176745772361755371e-01 1.168601467086164900e-14 2.598688876544516914e-16
8.179354667663574219e-01 1.253862363600772439e-14 6.029545272119021197e-16
8.181949853897094727e-01 1.159387019169458993e-14 3.576022225563926359e-16
8.184534907341003418e-01 1.127547474198643471e-14 3.479247123153346444e-16
8.187100291252136230e-01 1.061669232616056086e-14 3.232100114501282708e-16
8.189659714698791504e-01 1.144042763220063166e-14 4.026373232355684798e-16
8.192165493965148926e-01 1.061103838123763840e-14 4.055543458872346799e-16
8.194732069969177246e-01 1.054086508968940863e-14 2.550912777248026155e-16
8.197255134582519531e-01 1.086728871767164012e-14 4.922571148242176932e-16
8.199765682220458984e-01 9.862630562229839776e-15 3.036581087473348662e-16
8.202258944511413574e-01 1.004233283715457586e-14 4.822275565144571331e-16
8.204745054244995117e-01 1.076131811970654911e-14 3.882610565382948672e-16
8.207222819328308105e-01 9.890130333895397891e-15 2.859344472518510639e-16
8.209684491157531738e-01 9.786696599607333513e-15 3.675607095079226399e-16
8.212141394615173340e-01 9.730155456312214457e-15 2.743875352962028315e-16
8.214581608772277832e-01 1.008739414291555739e-14 2.487980082151603758e-16
8.217018246650695801e-01 9.125581455044721318e-15 2.391270095398844017e-16
8.219439983367919922e-01 8.760311202035513112e-15 2.406525158778893966e-16
8.221854567527770996e-01 9.487073941109175346e-15 5.105573675287652588e-16
8.224257826805114746e-01 8.904365248342104716e-15 3.085812759950136734e-16
8.226650357246398926e-01 9.592567659524962181e-15 5.113493433344480296e-16
8.229044675827026367e-01 9.138729947484949823e-15 5.424218999715247833e-16
8.231413960456848145e-01 8.449904967085860447e-15 6.584180857794360957e-16
8.233788013458251953e-01 9.301391613576823897e-15 6.676337513060036800e-16
8.236144781112670898e-01 9.147298532779374325e-15 4.852794162234143772e-16
8.238499760627746582e-01 8.172644825428163062e-15 4.577618039264047187e-16
8.240845799446105957e-01 9.004675125120695234e-15 4.148433591730785663e-16
8.243179321289062500e-01 8.615027263889508263e-15 4.933639751280422502e-16
8.245513439178466797e-01 8.823803944728748211e-15 6.066704078119475319e-16
8.247832655906677246e-01 8.583753960443932240e-15 3.874141559399385754e-16
8.250147104263305664e-01 8.065426547931766471e-15 3.865099217989650081e-16
8.252455592155456543e-01 8.441388050801218457e-15 4.605299605375909756e-16
8.254757523536682129e-01 8.568026252679314392e-15 3.386313050460768763e-16
8.257048726081848145e-01 8.566838712487263863e-15 4.261617839912049512e-16
8.259339332580566406e-01 8.339831341524269609e-15 3.565336904934313361e-16
8.261620998382568359e-01 7.760265140991512434e-15 4.630472365777123494e-16
8.263893127441406250e-01 9.064010630108806227e-15 4.796445824813643476e-16
8.266163468360900879e-01 8.719847591112227930e-15 5.417757197118881589e-16
8.268426060676574707e-01 8.182256108280657608e-15 2.749384772888325505e-16
8.270688652992248535e-01 8.417313680374356732e-15 1.977618246884756234e-16
8.272933959960937500e-01 7.510562369239786457e-15 5.026632322185919932e-16
8.275181651115417480e-01 8.883323255866413387e-15 4.184219674961095784e-16
8.277431130409240723e-01 8.982186400371093560e-15 5.142110970863058867e-16
8.279659748077392578e-01 8.646962947099837149e-15 3.524091694358949273e-16
8.281896114349365234e-01 8.701010425398239545e-15 2.784513346793329475e-16
8.284119963645935059e-01 9.284561068914880949e-15 5.492366506091000532e-16
8.286343812942504883e-01 8.854297130829903023e-15 3.188434242581343440e-16
8.288563489913940430e-01 9.464773257673864126e-15 4.459441590649903305e-16
8.290775418281555176e-01 9.120201101763762003e-15 4.235972329247149467e-16
8.292987942695617676e-01 8.615596470030063153e-15 2.363477620910450338e-16
8.295190334320068359e-01 8.848394158220487804e-15 5.333100489205550541e-16
8.297396302223205566e-01 8.878952565858581197e-15 3.393946140804510094e-16
8.299591541290283203e-01 8.790502844407445393e-15 1.954638772421339100e-16
8.301783204078674316e-01 9.583660261051635959e-15 4.064304691222712452e-16
8.303983807563781738e-01 8.610924236293008432e-15 3.216615028736494013e-16
8.306162953376770020e-01 9.086688243205645610e-15 5.503603986323104928e-16
8.308350443840026855e-01 9.758031310606353481e-15 4.381816579687763035e-16
8.310529589653015137e-01 9.408785226893302128e-15 3.413253198045987803e-16
8.312709331512451172e-01 9.066564434444777942e-15 4.210716983133578435e-16
8.314887285232543945e-01 9.163780099867048501e-15 2.623653584478061315e-16
8.317056298255920410e-01 9.767164019843649347e-15 3.316992403453068857e-16
8.319231271743774414e-01 9.755420755062915728e-15 3.938220395952561625e-16
8.321394920349121094e-01 9.541236615888404327e-15 3.791464261604669600e-16
8.323562145233154297e-01 9.718734911084384726e-15 3.182017703308096098e-16
8.325725793838500977e-01 9.854657441097335047e-15 3.064997454666954337e-16
8.327888250350952148e-01 8.677364653642688497e-15 1.628214641513295183e-16
8.330047726631164551e-01 9.089295410617294346e-15 3.134524301257751461e-16
8.332203626632690430e-01 9.191075736592318329e-15 2.739632511989672321e-16
8.334354162216186523e-01 1.022226719910685963e-14 4.492427700593945930e-16
8.336513638496398926e-01 9.783120426504025857e-15 3.295457120164720305e-16
8.338659405708312988e-01 9.398603043834358184e-15 2.730948306697947607e-16
8.340785503387451172e-01 8.283974600850532027e-15 3.389421661377192046e-16
8.342963457107543945e-01 8.895126659986402062e-15 3.398570146603130523e-16
8.345110416412353516e-01 9.572985951850337266e-15 2.471147155209496658e-16
8.347255587577819824e-01 1.013597232947353877e-14 3.640356760188054623e-16
8.349404335021972656e-01 9.702338047291435980e-15 2.652524437787428125e-16
8.351548314094543457e-01 9.881707438267901128e-15 3.344708115580617615e-16
8.353693485260009766e-01 9.700719367329233012e-15 2.299034824887751134e-16
8.355836272239685059e-01 9.249757332145149002e-15 3.167321946371030005e-16
8.357976078987121582e-01 9.433776086969093005e-15 2.909822606916742617e-16
8.360118865966796875e-01 1.022302868172644125e-14 3.409525988380272864e-16
8.362257480621337891e-01 9.258993379402009893e-15 1.984036771391473703e-16
8.364402651786804199e-01 9.876219511802640516e-15 2.873446512299110672e-16
8.366537690162658691e-01 9.583016516011722691e-15 2.740771771303729355e-16
8.368678092956542969e-01 9.254173761932132924e-15 2.141522298552015553e-16
8.370816111564636230e-01 9.715156196882235307e-15 3.723338725145986308e-16
8.372960090637207031e-01 9.615363010201469912e-15 2.153335761188252873e-16
8.375092148780822754e-01 1.032853087047170063e-14 3.174632105403630633e-16
8.377234935760498047e-01 9.308748094723727495e-15 2.251752598739068835e-15
8.379374742507934570e-01 1.041208812961949559e-14 3.640134943434992403e-16
8.381511569023132324e-01 1.003432668173712822e-14 3.428275062667746802e-16
8.383652567863464355e-01 1.039982986880683136e-14 4.108717805020807622e-16
8.385791182518005371e-01 1.042452850251581950e-14 3.613385113565109564e-16
8.387928605079650879e-01 1.074687620795586329e-14 4.117666972806345322e-16
8.390072584152221680e-01 1.022425264433522371e-14 2.972315109578388794e-16
8.392210006713867188e-01 1.027974854897343096e-14 4.328762935734285951e-16
8.394357562065124512e-01 1.014679741053944872e-14 2.537921409419513323e-16
8.396498560905456543e-01 1.053155535056613662e-14 2.986105864750872871e-16
8.398640751838684082e-01 1.067696719068717687e-14 6.060737260401660807e-16
8.400787115097045898e-01 1.037485764345588007e-14 2.300442752464765392e-16
8.402926325798034668e-01 1.051254708419680287e-14 2.832174831944144888e-16
8.405073285102844238e-01 1.090688411982398964e-14 3.352958481184670518e-16
8.407218456268310547e-01 1.073950871538064539e-14 2.324536604649413965e-16
8.409366011619567871e-01 1.095990160605853081e-14 3.757671882173959288e-16
8.411512970924377441e-01 1.137820035673059449e-14 3.534922598776371605e-16
8.413643836975097656e-01 1.096822370476530431e-14 2.927184929450883655e-16
8.415811061859130859e-01 1.109910469467619704e-14 1.251393638430396498e-16
8.417966365814208984e-01 1.162735001596776341e-14 1.803300851573291352e-16
8.420118093490600586e-01 1.086584283243067703e-14 1.679986883436254122e-16
8.422271609306335449e-01 1.171122914763551501e-14 3.058586474047423351e-16
8.424426913261413574e-01 1.182115793056312536e-14 5.062789511726245844e-16
8.426583409309387207e-01 1.211296332199107359e-14 3.751680182863319181e-16
8.428744077682495117e-01 1.164205535496504532e-14 3.526069780988584082e-16
8.430903553962707520e-01 1.202556222732863861e-14 3.079761503635392809e-16
8.433061838150024414e-01 1.205222851857409849e-14 1.599524841496403980e-16
8.435207009315490723e-01 1.215984490155570460e-14 3.523374098633947271e-16
8.437363505363464355e-01 1.199670466184863185e-14 4.329563911265033298e-16
8.439534306526184082e-01 1.275630178608965978e-14 2.588901940234585508e-16
8.441724777221679688e-01 1.238755361579902542e-14 3.064204155372291481e-16
8.443900346755981445e-01 1.344058412879262435e-14 2.695228927312233761e-16
8.446065783500671387e-01 1.320805664411237382e-14 3.694561045460817471e-16
8.448245525360107422e-01 1.345328708190259709e-14 2.411422597400799924e-16
8.450416326522827148e-01 1.330892556263615217e-14 2.459473717707352314e-16
8.452596068382263184e-01 1.367147938098351584e-14 1.715055370941562241e-16
8.454772830009460449e-01 1.370416977054984831e-14 2.799840937369488074e-16
8.456956148147583008e-01 1.373885576973991191e-14 2.063166721672868450e-16
8.459138870239257812e-01 1.374691528823303657e-14 4.230955511919239857e-16
8.461325168609619141e-01 1.428572395740981132e-14 3.116714904146137763e-16
8.463514447212219238e-01 1.440191824304826174e-14 2.887720340949325717e-16
8.465703129768371582e-01 1.410794360024239524e-14 2.062307247929201352e-16
8.467896580696105957e-01 1.470708896735093557e-14 1.352633795613088653e-16
8.470090627670288086e-01 1.458934799955079881e-14 1.823606216552447058e-16
8.472286462783813477e-01 1.543247104272057330e-14 2.112131975817965442e-16
8.474487662315368652e-01 1.492980611643608679e-14 2.162165417918888912e-16
8.476686477661132812e-01 1.527885314740653339e-14 2.754495557933821139e-16
8.478891849517822266e-01 1.524532419522241916e-14 2.813166089118778303e-16
8.481097221374511719e-01 1.556043231006228045e-14 2.009411363862150380e-16
8.483304977416992188e-01 1.585936548374137361e-14 2.431315695562659201e-16
8.485516309738159180e-01 1.586055302393342414e-14 1.621753633010316990e-16
8.487729430198669434e-01 1.592350620663925825e-14 3.238044168208639760e-16
8.489944338798522949e-01 1.578138593655124822e-14 2.406358399167403276e-16
8.492166399955749512e-01 1.615086170814357402e-14 2.783585051622697966e-16
8.494381904602050781e-01 1.704356328378203722e-14 2.867665512434100072e-16
8.496607542037963867e-01 1.684944196699619118e-14 2.701768551060628994e-16
8.498834967613220215e-01 1.711600323549711949e-14 2.260896372344238211e-16
8.501061201095581055e-01 1.771470306327540406e-14 3.171464466878695567e-16
8.503292798995971680e-01 1.720097249856798738e-14 3.082803940102811849e-16
8.505530953407287598e-01 1.762312016695237460e-14 3.020483491008576701e-16
8.507762551307678223e-01 1.782080579838026674e-14 1.969485142404338849e-16
8.510000705718994141e-01 1.795305813463276418e-14 2.928218839042125935e-16
8.512249588966369629e-01 1.795315300232285666e-14 3.447378302606291444e-16
8.514491319656372070e-01 1.828996548940316214e-14 3.867958218884429361e-16
8.516735434532165527e-01 1.821198933034482575e-14 3.987012934785757546e-16
8.518987298011779785e-01 1.895569781056125752e-14 4.662136574927857376e-16
8.521248102188110352e-01 1.837264098725286537e-14 2.668926966113211634e-16
8.523492217063903809e-01 1.851219644157658939e-14 3.652691942180241388e-16
8.525756001472473145e-01 1.867195024356053945e-14 1.815386026497140090e-16
8.528020977973937988e-01 1.928689277513537248e-14 3.032764145254783971e-16
8.530288934707641602e-01 1.906859036177131067e-14 3.113640439245400670e-16
8.532549142837524414e-01 1.862707613208090113e-14 3.336476808217877935e-16
8.534824252128601074e-01 1.950486484565000511e-14 4.084752437146345685e-15
8.537097573280334473e-01 1.925363826162616865e-14 5.081876340401437434e-16
8.539366722106933594e-01 1.960234817348360803e-14 5.839855949350564873e-16
8.541649580001831055e-01 2.057638015865153464e-14 2.448385262334405472e-16
8.543933033943176270e-01 2.085455763699110843e-14 2.103023989354817561e-16
8.546217679977416992e-01 2.041769361818112499e-14 1.716337567065468438e-16
8.548504710197448730e-01 2.093359089316761817e-14 3.358258260456522268e-16
8.550797104835510254e-01 2.145766373016100986e-14 3.541689862629341431e-16
8.553090691566467285e-01 2.128490797243670629e-14 3.749270638826176713e-16
8.555387854576110840e-01 2.138837643507560810e-14 3.423503090801152888e-16
8.557689189910888672e-01 2.086133559463503734e-14 4.194488096561982057e-16
8.559991717338562012e-01 2.137665011095381956e-14 3.339734973389050805e-16
8.562298417091369629e-01 2.225298870411722418e-14 4.864638329814719060e-16
8.564606308937072754e-01 2.111036497519369615e-14 6.798937061845624231e-16
8.566919565200805664e-01 2.138057864976318501e-14 4.693621848368483788e-16
8.569235205650329590e-01 2.220978663567546585e-14 3.185088727137484971e-16
8.571555018424987793e-01 2.246815201337876156e-14 3.012447001223705510e-16
8.573877811431884766e-01 2.282248791807186400e-14 6.131567214242249469e-16
8.576199412345886230e-01 2.214172923242947733e-14 2.922498454972403221e-16
8.578529357910156250e-01 2.268469768041021795e-14 3.403696813516387176e-16
8.580862879753112793e-01 2.224848248883783131e-14 3.393523947819863029e-16
8.583166003227233887e-01 2.244841953383952537e-14 4.696279414240494155e-16
8.585534095764160156e-01 2.287193261933488653e-14 3.978000239529175773e-16
8.587871789932250977e-01 2.305463084979406108e-14 2.826729204186687787e-16
8.590217828750610352e-01 2.356950660304616557e-14 3.982911707134270630e-16
8.592563867568969727e-01 2.315838730363502934e-14 1.953318989210398493e-16
8.594917654991149902e-01 2.363987132404047481e-14 3.891843489205816563e-16
8.597267270088195801e-01 2.394053244493196675e-14 3.095483758625412708e-16
8.599624633789062500e-01 2.352162552460377448e-14 3.122409347831850814e-16
8.601984977722167969e-01 2.390137411178040044e-14 4.440148562391614496e-16
8.604345321655273438e-01 2.471455454026473542e-14 4.506308982412667811e-16
8.606714606285095215e-01 2.407279663964572575e-14 4.990281373858909599e-16
8.609080910682678223e-01 2.356962179952699216e-14 4.582988228149639451e-16
8.611453175544738770e-01 2.481431977485824142e-14 5.260706700786093627e-16
8.613832592964172363e-01 2.503042498475712557e-14 4.548773391036486057e-16
8.616209626197814941e-01 2.414880598820053764e-14 5.452233026258907714e-16
8.618564009666442871e-01 2.463569238474357104e-14 4.296334544046451079e-16
8.620976209640502930e-01 2.446122223233402476e-14 5.558992529535247695e-16
8.623366951942443848e-01 2.540755115792905222e-14 5.108210065335981598e-16
8.625758886337280273e-01 2.450350781112685394e-14 5.794174403713956388e-16
8.628154993057250977e-01 2.524759745616955015e-14 4.838391955152860496e-16
8.630553483963012695e-01 2.508177212201968126e-14 6.054561860820584923e-16
8.632971644401550293e-01 2.597668275958458367e-14 9.589122353012005315e-16
8.635357618331909180e-01 2.545288774939789139e-14 6.623168725565292334e-16
8.637766838073730469e-01 2.507347797540016715e-14 2.723474829125204508e-16
8.640179038047790527e-01 2.581514341214782154e-14 2.531819066430138123e-16
8.642593622207641602e-01 2.511112011957614826e-14 5.230047813864632193e-16
8.645009398460388184e-01 2.530821791013864591e-14 4.353143720329816918e-16
8.647432327270507812e-01 2.561808289103500308e-14 2.873966908166080032e-16
8.649856448173522949e-01 2.562245696917462429e-14 4.386030039204761146e-16
8.652281165122985840e-01 2.601328813543312551e-14 4.156338262013240404e-16
8.654716014862060547e-01 2.574271531889400083e-14 6.155972351035013997e-16
8.657150268554687500e-01 2.546898984572519564e-14 3.500452328290061836e-16
8.659582138061523438e-01 2.563370048451647787e-14 4.631150521530518968e-16
8.662025332450866699e-01 2.488455574684456800e-14 4.423298430092766293e-16
8.664469122886657715e-01 2.641371957311580698e-14 3.611566375008676971e-16
8.666917681694030762e-01 2.536257370842984887e-14 4.648271704372488548e-16
8.669364452362060547e-01 2.570100064030762105e-14 4.278093424829533704e-16
8.671822547912597656e-01 2.537598054591898994e-14 5.266692576745221361e-16
8.674276471138000488e-01 2.604214485388018502e-14 4.984342084711880852e-16
8.676738739013671875e-01 2.546702981148524919e-14 5.976841823349674562e-16
8.679201006889343262e-01 2.527531745640139438e-14 6.553509794774282742e-16
8.681666851043701172e-01 2.560417969223877099e-14 5.040280140548554846e-16
8.684136271476745605e-01 2.497470546342084319e-14 6.246337002221654961e-16
8.686611652374267578e-01 2.573140573498226141e-14 5.870391487099082400e-16
8.689085245132446289e-01 2.593090401691727775e-14 6.216210157870187634e-16
8.691564202308654785e-01 2.576753169018265732e-14 5.414158365884234880e-16
8.694048523902893066e-01 2.531350000759772373e-14 5.369931599334535656e-16
8.696533441543579102e-01 2.559016299102760683e-14 4.846698171991872979e-16
8.699021935462951660e-01 2.509502141138063303e-14 4.722045627100377937e-16
8.701515197753906250e-01 2.523290651673237156e-14 4.650353817235958025e-16
8.704012632369995117e-01 2.341862462415175705e-14 7.413353585960212339e-16
8.706510663032531738e-01 2.450832234639904739e-14 4.438596109817974974e-16
8.709011673927307129e-01 2.446624174957945375e-14 2.650979926147669112e-16
8.711518645286560059e-01 2.515274331860422458e-14 2.750723084944987299e-16
8.714026808738708496e-01 2.474280986531924437e-14 4.630643360553350456e-16
8.716537356376647949e-01 2.453888837733366607e-14 3.315833821199902585e-16
8.719055652618408203e-01 2.474318594794782528e-14 4.676913064692708646e-16
8.721567392349243164e-01 2.490233496840743577e-14 7.286761865015096984e-16
8.724094033241271973e-01 2.245175345551991830e-14 6.701820499278182425e-16
8.726614713668823242e-01 2.437597853058824648e-14 2.674495413648020608e-16
8.729149699211120605e-01 2.430575611112907597e-14 3.954826476883482184e-16
8.731681704521179199e-01 2.395594166830841698e-14 4.704188054989889151e-16
8.734212517738342285e-01 2.352821544093341294e-14 3.892821812259895280e-16
8.736749291419982910e-01 2.350582836013748178e-14 2.047478083302942706e-16
8.739291429519653320e-01 2.328921323640435054e-14 5.097480275476637748e-16
8.741831183433532715e-01 2.312616278218968674e-14 2.641283516483975509e-16
8.744382262229919434e-01 2.327190835329194518e-14 3.181789533807929471e-16
8.746928572654724121e-01 2.349419859777168024e-14 3.156041055700378826e-16
8.749483823776245117e-01 2.306329769091036708e-14 3.731191514660421723e-16
8.752045035362243652e-01 2.271510277508485831e-14 2.291353030149542681e-16
8.754599094390869141e-01 2.314767741904994597e-14 3.326528670950172194e-16
8.757164478302001953e-01 2.242298482849937324e-14 4.466434906420671622e-16
8.759731650352478027e-01 2.210593362007851059e-14 4.256960746888926962e-16
8.762306571006774902e-01 2.265659820941800379e-14 6.287058640556497484e-16
8.764872550964355469e-01 2.342600905738592004e-14 7.327254804454180846e-16
8.767451047897338867e-01 2.245910908963387465e-14 3.937757439507327947e-16
8.770030140876770020e-01 2.304026178287683913e-14 5.267914951167227723e-16
8.772612810134887695e-01 2.257607078712253745e-14 5.743536656544726178e-16
8.775198459625244141e-01 2.244185672256419906e-14 5.137819690194031768e-16
8.777787089347839355e-01 2.279293324447626695e-14 4.469338111847385737e-16
8.780379295349121094e-01 2.257240144039503182e-14 5.210333651412880386e-16
8.782974481582641602e-01 2.328322810159905165e-14 4.055747805570871899e-16
8.785571455955505371e-01 2.243842793319371365e-14 3.935527625273681001e-16
8.788173794746398926e-01 2.293141804915466153e-14 3.895631049969023370e-16
8.790775537490844727e-01 2.311400277719890400e-14 2.526145269172514396e-16
8.793384432792663574e-01 2.303705999833621787e-14 3.663073389740026907e-16
8.795996308326721191e-01 2.341453345501651878e-14 4.703579779454642156e-16
8.798608183860778809e-01 2.354477493505223451e-14 3.345359007461023342e-16
8.801227211952209473e-01 2.289284925093438422e-14 3.968021397317132064e-16
8.803846240043640137e-01 2.325769005823933450e-14 3.627630354853354777e-16
8.806467056274414062e-01 2.284985894072943946e-14 4.119194808484955266e-16
8.809097409248352051e-01 2.312214784601970136e-14 2.402812242794163944e-16
8.811721801757812500e-01 2.305027540637927946e-14 3.640097621045754010e-16
8.814359903335571289e-01 2.294391347919255697e-14 3.675352985195050109e-16
8.816993832588195801e-01 2.333617613113191797e-14 3.083621326896912249e-16
8.819627761840820312e-01 2.305144769997827942e-14 3.063374592479574301e-16
8.822273612022399902e-01 2.325242828957099078e-14 2.716788298100019858e-16
8.824926614761352539e-01 2.307568978292869749e-14 3.407963212592588680e-16
8.827570676803588867e-01 2.232106304802215779e-14 6.833769703614681230e-16
8.830221891403198242e-01 2.202306499871683337e-14 5.503298525066501346e-16
8.832879066467285156e-01 2.260290648495744820e-14 2.591900172170069714e-16
8.835526704788208008e-01 2.291547350095554658e-14 3.586336704581319585e-16
8.838049173355102539e-01 2.257325694367175867e-14 2.651581054842423648e-16
8.840860128402709961e-01 2.297198584513045899e-14 1.914912000752826355e-16
8.843529820442199707e-01 2.198348484315753443e-14 2.810280618444397326e-16
8.846198916435241699e-01 2.236820890186633215e-14 2.339413679576751682e-16
8.848871588706970215e-01 2.172181095476226342e-14 3.570136405371693040e-16
8.851548433303833008e-01 2.208495769617270510e-14 4.458131336559619309e-16
8.854224681854248047e-01 2.153329360795545183e-14 3.383715570988454248e-16
8.856913447380065918e-01 2.146957640153119434e-14 3.569613891922355543e-16
8.859595656394958496e-01 2.213284385681277971e-14 3.756317952947332492e-16
8.862281441688537598e-01 2.195489748118770179e-14 1.948763143094252434e-16
8.864979147911071777e-01 2.145277126785766902e-14 2.465279599165188509e-16
8.867672085762023926e-01 2.151536192046207829e-14 4.952109304695302520e-16
8.870370388031005859e-01 2.139984526118143132e-14 3.405058418979098464e-16
8.873071670532226562e-01 2.113992811911876574e-14 3.364146462928919740e-16
8.875774741172790527e-01 2.100798579692496337e-14 4.863880764722518495e-16
8.878479003906250000e-01 2.149250219528157924e-14 5.723181925426613307e-16
8.881184458732604980e-01 2.128858578949368446e-14 7.471236641202019021e-16
8.883908987045288086e-01 2.057293273455620963e-14 4.002049357786297478e-16
8.886626362800598145e-01 2.019933530064254440e-14 3.616547987529716325e-16
8.889348506927490234e-01 1.981702867396521045e-14 3.457925450986383585e-16
8.892074227333068848e-01 1.942806945052014123e-14 5.186119097033248075e-16
8.894795775413513184e-01 1.972989608874705508e-14 3.942225273606298364e-16
8.897529244422912598e-01 1.964438980678762797e-14 3.923460317451063408e-16
8.900263905525207520e-01 1.996598619400345720e-14 3.906393927052869341e-16
8.902995586395263672e-01 1.968495421463163642e-14 2.558931002884972175e-16
8.905735611915588379e-01 1.878264220317362593e-14 1.934942741768614456e-16
8.908475041389465332e-01 1.913059994977390349e-14 2.716364252230800674e-16
8.911222815513610840e-01 1.856967440331137170e-14 3.556718874091592889e-16
8.913970589637756348e-01 1.806590664012956010e-14 2.609612160492749168e-16
8.916721940040588379e-01 1.794069992393232393e-14 2.825896200222622386e-16
8.919476270675659180e-01 1.773112533805677044e-14 4.223214424874723602e-16
8.922235369682312012e-01 1.728045807033833092e-14 1.357359710063175615e-16
8.924998044967651367e-01 1.630986165080446776e-14 3.549631590603238547e-16
8.927756547927856445e-01 1.682241992191288449e-14 1.924985340078048121e-16
8.930525183677673340e-01 1.642398578791982866e-14 2.271554429100861461e-16
8.933297395706176758e-01 1.629664963089319518e-14 1.472851064234523364e-16
8.936069607734680176e-01 1.570253563949134540e-14 2.259217394224102577e-16
8.938844203948974609e-01 1.553270892169864720e-14 2.729906720870620834e-16
8.941624164581298828e-01 1.489432051814381514e-14 1.929623904255449484e-16
8.944404721260070801e-01 1.557753898746502830e-14 2.565287191060727648e-16
8.947191238403320312e-01 1.513030897944654674e-14 1.220998522862665973e-16
8.949981331825256348e-01 1.444064628346262286e-14 1.868784306981031268e-16
8.952770829200744629e-01 1.446855940720644107e-14 1.150553571966383992e-16
8.955568075180053711e-01 1.421048202070521183e-14 1.713214662468060239e-16
8.958364725112915039e-01 1.337853811837329959e-14 5.969424991105279094e-16
8.961168527603149414e-01 1.380620505344199583e-14 1.646374630855733357e-16
8.963969349861145020e-01 1.371869977372704857e-14 1.074140810735552435e-16
8.966779708862304688e-01 1.369153881524039218e-14 1.622509874613537470e-16
8.969590067863464355e-01 1.335856762257588495e-14 1.254750006483891663e-16
8.972399234771728516e-01 1.301603935716750746e-14 2.042655289459513533e-16
8.975218534469604492e-01 1.273692675445416492e-14 2.091496135640482550e-16
8.978039622306823730e-01 1.269216699242240592e-14 2.075806438479372738e-16
8.980858922004699707e-01 1.247171735053705446e-14 1.868024756655360576e-16
8.983688950538635254e-01 1.223555440044718848e-14 1.342569323664033454e-16
8.986512422561645508e-01 1.241324920728693187e-14 2.136310795995135462e-16
8.989345431327819824e-01 1.222837918435099730e-14 3.237568241571401250e-16
8.992187976837158203e-01 1.228852360580373615e-14 1.647705928420800702e-16
8.995019197463989258e-01 1.214928578883523250e-14 1.598328936853999314e-16
8.997864127159118652e-01 1.183497388496579025e-14 1.012307802632682536e-16
9.000706672668457031e-01 1.179834479219472529e-14 1.477540185690963967e-16
9.003591537475585938e-01 1.147002635150948593e-14 1.912682848263669451e-16
9.006448388099670410e-01 1.178139312182132498e-14 2.302795121777968194e-16
9.009261727333068848e-01 1.171446566052697369e-14 2.125797131886239468e-16
9.012117385864257812e-01 1.201716813082134849e-14 1.490335677150424242e-16
9.014979600906372070e-01 1.193489666768748556e-14 1.576717552949295884e-16
9.017841815948486328e-01 1.202078157337433534e-14 2.013325450171853299e-16
9.020707607269287109e-01 1.196587774476625884e-14 1.683563744753831422e-16
9.023578166961669922e-01 1.205082837311228713e-14 2.561116877284480304e-16
9.026453495025634766e-01 1.166008699234619486e-14 3.412337343671769090e-16
9.029328823089599609e-01 1.160640882041279534e-14 2.974469220242374886e-16
9.032207131385803223e-01 1.170459857372440834e-14 2.671351068529135035e-16
9.035092592239379883e-01 1.229634002584099883e-14 3.363647507583427754e-16
9.037975668907165527e-01 1.219869322064857584e-14 3.466064908213905378e-16
9.040867686271667480e-01 1.254875415005688583e-14 3.055476010246427950e-16
9.043754935264587402e-01 1.262131353341753096e-14 2.959409768533581477e-16
9.046658277511596680e-01 1.309126858837789814e-14 3.298051687961278634e-16
9.049552679061889648e-01 1.271759153336719100e-14 1.712976566800542976e-16
9.052455425262451172e-01 1.327199238503702292e-14 2.006289782753722267e-16
9.055359363555908203e-01 1.347481018909232886e-14 2.569431035057373296e-16
9.058268666267395020e-01 1.354720101289647038e-14 3.202969592654023251e-16
9.061181545257568359e-01 1.309546478959859594e-14 2.653420969222537599e-16
9.064094424247741699e-01 1.355550193577956253e-14 1.890963335309293089e-16
9.067012071609497070e-01 1.428721473539697889e-14 1.479743927191703242e-16
9.069933295249938965e-01 1.436633947113179210e-14 1.740472844455193666e-16
9.072861671447753906e-01 1.427739254134061803e-14 1.549451430028281947e-16
9.075783491134643555e-01 1.522805319342790398e-14 2.059991671609644908e-16
9.078719019889831543e-01 1.473356382915031598e-14 2.069673258196761561e-16
9.081649780273437500e-01 1.504678814271548370e-14 1.956085478225469843e-16
9.084587097167968750e-01 1.548985413676526313e-14 2.670955345324089666e-16
9.087528586387634277e-01 1.584543856802261841e-14 4.815192781518749278e-16
9.090474247932434082e-01 1.532817418185925679e-14 2.891649250335605586e-16
9.093419313430786133e-01 1.559372748115295249e-14 1.739673589460120429e-16
9.096370935440063477e-01 1.559857250961124708e-14 3.307580808617889513e-16
9.099325537681579590e-01 1.622041666564030815e-14 2.901955259023526268e-16
9.102281928062438965e-01 1.576240731633506836e-14 2.298396638501554222e-16
9.105241298675537109e-01 1.620285089638014847e-14 1.953544114685910925e-16
9.108207225799560547e-01 1.636032448567008996e-14 2.249498749945543549e-16
9.111174941062927246e-01 1.661299949603373127e-14 2.484943204337901074e-16
9.114143252372741699e-01 1.655061890760024107e-14 1.913367489113067341e-16
9.117119908332824707e-01 1.707245727167877591e-14 2.438395302814929050e-16
9.120090603828430176e-01 1.729352609464857027e-14 2.296005358612336926e-16
9.123079180717468262e-01 1.688760588346768093e-14 2.315280122722700564e-16
9.126059412956237793e-01 1.675680366762088286e-14 2.556692718321852686e-16
9.129043817520141602e-01 1.713660307677434408e-14 7.994118020475979129e-16
9.132036566734313965e-01 1.687537303364343433e-14 2.670547181322631500e-16
9.135032892227172852e-01 1.748307173945334858e-14 2.434994465531703034e-16
9.138026833534240723e-01 1.742066404596554624e-14 1.889005895107747604e-16
9.141025543212890625e-01 1.757413116941497488e-14 3.135668854527728835e-16
9.144032597541809082e-01 1.742849063039817598e-14 2.588062583523415700e-16
9.147040247917175293e-01 1.781012301884949550e-14 2.115116311119158757e-16
9.150046110153198242e-01 1.771163680400634349e-14 1.779221690116321720e-16
9.153063893318176270e-01 1.761961514461663630e-14 2.263979572272243864e-16
9.156081080436706543e-01 1.769385588837758122e-14 1.949396300222325023e-16
9.159101247787475586e-01 1.826259277267969217e-14 2.860043539397791454e-16
9.162127971649169922e-01 1.783532394309620545e-14 1.767278260862240069e-16
9.165153503417968750e-01 1.804378722174496130e-14 2.098144550183040757e-16
9.168182015419006348e-01 1.799540300573190116e-14 3.510977242055288551e-16
9.171221852302551270e-01 1.863125200451086483e-14 2.501645105870979775e-16
9.174256920814514160e-01 1.810641514379904976e-14 1.975480944530817219e-16
9.177297949790954590e-01 1.834819392232921176e-14 2.564363131054832410e-16
9.180343151092529297e-01 1.780064133203793086e-14 1.807175365562489733e-16
9.183394312858581543e-01 1.810474310076116977e-14 2.731634403385223590e-16
9.186441302299499512e-01 1.756566592214011541e-14 5.467399680575087996e-16
9.189500808715820312e-01 1.785044009307290569e-14 1.596592784009924016e-16
9.192558526992797852e-01 1.747232289135269151e-14 2.487287103321631334e-16
9.195619821548461914e-01 1.749727987011059221e-14 2.557501370088684526e-16
9.198686480522155762e-01 1.740519383621689370e-14 2.774469653621261609e-16
9.201754927635192871e-01 1.758586596386623596e-14 2.668687679305612294e-16
9.204829335212707520e-01 1.747335457748244725e-14 1.906612401358714296e-16
9.207904934883117676e-01 1.726929417609351924e-14 2.566737205587308604e-16
9.210987091064453125e-01 1.749401540513187414e-14 2.219107472495855269e-16
9.214066863059997559e-01 1.709146638508105692e-14 1.823231933868879064e-16
9.217154383659362793e-01 1.699551618688198429e-14 2.556082060506441539e-16
9.220250248908996582e-01 1.705792218630389212e-14 3.124953623047165919e-16
9.223337769508361816e-01 1.720542111560696696e-14 2.908448560657618531e-16
9.226441383361816406e-01 1.752619418679806501e-14 2.875217340554464193e-16
9.229537844657897949e-01 1.758948618268280084e-14 1.643752931535083289e-16
9.232646822929382324e-01 1.751830153379554944e-14 1.709738121615173370e-16
9.235751032829284668e-01 1.743058449584378861e-14 2.083818046671418334e-16
9.238864183425903320e-01 1.766461969917015179e-14 2.773432832354263142e-16
9.241984486579895020e-01 1.731995691073469346e-14 3.089333770032754454e-16
9.245100021362304688e-01 1.739154813543662692e-14 3.678213574276605492e-16
9.248224496841430664e-01 1.740824654295879820e-14 2.735513549585852269e-16
9.251351356506347656e-01 1.723800477902194539e-14 2.805841901102988775e-16
9.254478216171264648e-01 1.743944954266975211e-14 3.681191159784000374e-16
9.257617592811584473e-01 1.779670262883319837e-14 2.943126883611597638e-16
9.260751605033874512e-01 1.729130348019497498e-14 2.877428625942389951e-16
9.263896942138671875e-01 1.780053291182068231e-14 2.104583059373357507e-16
9.267036914825439453e-01 1.769548896789988751e-14 2.656712486316008606e-16
9.270189404487609863e-01 1.802745981465368741e-14 2.576950570046623347e-16
9.273342490196228027e-01 1.776893180662451888e-14 2.215838190017249687e-16
9.276494979858398438e-01 1.788693027244062095e-14 3.779187842523198601e-16
9.279659986495971680e-01 1.767250557590908933e-14 1.982888909399046118e-16
9.282819628715515137e-01 1.787146514488965193e-14 3.352702518415922109e-16
9.285991191864013672e-01 1.767317134380563121e-14 2.552155533400325823e-16
9.289157986640930176e-01 1.770806910123250838e-14 3.387635745347465557e-16
9.292334914207458496e-01 1.750346321062554861e-14 2.218977505878010938e-16
9.295513033866882324e-01 1.732846112152512663e-14 2.322944182708575880e-16
9.298692345619201660e-01 1.759939138596799263e-14 2.553274410984089551e-16
9.301882982254028320e-01 1.767230228800174829e-14 3.951361318035824044e-16
9.305071234703063965e-01 1.785560360591936790e-14 4.482557649176065195e-16
9.308273792266845703e-01 1.753169481875753444e-14 2.967361819721523256e-16
9.311464428901672363e-01 1.759238811756009407e-14 2.765416988997481274e-16
9.314671158790588379e-01 1.815240733876906376e-14 4.164677036681162974e-16
9.317876100540161133e-01 1.829182218562354356e-14 1.848733184234949861e-16
9.321085214614868164e-01 1.785994210867520443e-14 5.414537413128131180e-16
9.324301481246948242e-01 1.799635676483050950e-14 2.847079435442268370e-16
9.327517747879028320e-01 1.818661052917919241e-14 2.549528143077061390e-16
9.330735206604003906e-01 1.928136164998980190e-14 5.673706201581897590e-16
9.333964586257934570e-01 1.736972179045177811e-14 7.901474321265632064e-16
9.337185025215148926e-01 1.825181512545882845e-14 3.699589509491751829e-16
9.340424537658691406e-01 1.809891890221584920e-14 1.716195556697905334e-16
9.343657493591308594e-01 1.809036725758036979e-14 2.050578488587689462e-16
9.346898198127746582e-01 1.792184666459233772e-14 3.715256972037996215e-16
9.350139498710632324e-01 1.810889356220271584e-14 2.593154045629802095e-16
9.353386759757995605e-01 1.785170217216431460e-14 2.241180621705710302e-16
9.356642365455627441e-01 1.829891862765564009e-14 2.722408891100644174e-16
9.359894394874572754e-01 1.778830853232590825e-14 2.410730147966419533e-16
9.363157153129577637e-01 1.827068871358954877e-14 2.883571997090147781e-16
9.366416931152343750e-01 1.845465241127192124e-14 2.452501842458061371e-16
9.369693994522094727e-01 1.858859203715534925e-14 2.526602931661827735e-16
9.372960925102233887e-01 1.839508566628920982e-14 2.566628414793145629e-16
9.376237392425537109e-01 1.852842728691187629e-14 3.757309775589008074e-16
9.379520416259765625e-01 1.771029002162020916e-14 2.867506958454285907e-16
9.382810592651367188e-01 1.791280374084745081e-14 3.458940831731904678e-16
9.386091232299804688e-01 1.863314427611503094e-14 3.732663763801868104e-16
9.389380216598510742e-01 1.848241984534881172e-14 4.638018370545975242e-16
9.392687082290649414e-01 1.862183808033508053e-14 3.621742417078753322e-16
9.395980238914489746e-01 1.870612294078456694e-14 2.692252665293818964e-16
9.399294853210449219e-01 1.902654364626960720e-14 4.204683196873371630e-16
9.402591586112976074e-01 1.908495842644405277e-14 2.360925934156846758e-16
9.405902624130249023e-01 1.917716982121394492e-14 2.324517281710304726e-16
9.409225583076477051e-01 1.908929862326578381e-14 2.705008452083876693e-16
9.412544369697570801e-01 1.945136963283321252e-14 2.831116570155669046e-16
9.415871500968933105e-01 1.933409961535174915e-14 4.192458658559919957e-16
9.419197440147399902e-01 1.932145341344924244e-14 2.804898253460188281e-16
9.422534704208374023e-01 1.927670296877990325e-14 3.174428552798493584e-16
9.425871372222900391e-01 1.892932628678144213e-14 5.897131787848308628e-16
9.429218173027038574e-01 1.922172375423952112e-14 7.698833335338065454e-16
9.432553648948669434e-01 1.912313928357448761e-14 2.785651017920610407e-16
9.435912370681762695e-01 1.851119694269882932e-14 3.735651407825511632e-16
9.439262747764587402e-01 1.907567663940804015e-14 2.218911728475700721e-16
9.442626833915710449e-01 1.944340244093133857e-14 3.085435036195220519e-16
9.445986747741699219e-01 1.872344476455591739e-14 3.410253907319319528e-16
9.449356794357299805e-01 1.877046864565568712e-14 2.088160281666178700e-16
9.452725052833557129e-01 1.863945975376975900e-14 2.424284792704856474e-16
9.456107020378112793e-01 1.873472046714976663e-14 3.648745298041628383e-16
9.459482431411743164e-01 1.916703761309888898e-14 3.035470680219057478e-16
9.462867975234985352e-01 1.895480503783485149e-14 3.786799227647666541e-16
9.466254711151123047e-01 1.907112129621770652e-14 2.343532641980571735e-16
9.469651579856872559e-01 1.887144174923197776e-14 2.939098447854015389e-16
9.473045468330383301e-01 1.914067625371444065e-14 3.093562582021921548e-16
9.476450085639953613e-01 1.906469570427983540e-14 2.524321501357957480e-16
9.479856491088867188e-01 1.857621857986185843e-14 3.592296904854233672e-16
9.483265876770019531e-01 1.913064738361894973e-14 2.278079494470475761e-16
9.486683011054992676e-01 1.883359631714865562e-14 2.104710776059935695e-16
9.490100741386413574e-01 1.905888336419577639e-14 3.367721206664128905e-16
9.493520259857177734e-01 1.905596618272543258e-14 2.335576620325689702e-16
9.496954679489135742e-01 1.873330592212785195e-14 2.356086199654472500e-16
9.500380754470825195e-01 1.841796233212865397e-14 3.658741875006005229e-16
9.503821730613708496e-01 1.891872990461129084e-14 2.008732678713162872e-16
9.507264494895935059e-01 1.853360096415370556e-14 3.075452223516236556e-16
9.510702490806579590e-01 1.862947492938752531e-14 2.506647629517904470e-16
9.514161944389343262e-01 1.863397945060102368e-14 2.163425247079031675e-16
9.517610669136047363e-01 1.887720157327330700e-14 2.263958661146358523e-16
9.521074295043945312e-01 1.821771696713415933e-14 2.046162535256738370e-16
9.524537920951843262e-01 1.860835162174889756e-14 3.498119281915968272e-16
9.528003931045532227e-01 1.851049390535260825e-14 4.141121844511408932e-16
9.531474709510803223e-01 1.861662713364357208e-14 2.764234583942673474e-16
9.534956812858581543e-01 1.820628032828033177e-14 3.748050646684334504e-16
9.538434743881225586e-01 1.825623833150939040e-14 3.992650203747530931e-16
9.541919827461242676e-01 1.836400463932266053e-14 3.203401579457122944e-16
9.545413851737976074e-01 1.882248493894657371e-14 3.577984430325800149e-16
9.548904299736022949e-01 1.845060359378404569e-14 2.871725976625000374e-16
9.552409052848815918e-01 1.814267154207332283e-14 2.730949894884723709e-16
9.555916190147399902e-01 1.789246817384976956e-14 2.837320821796510779e-16
9.559419155120849609e-01 1.765541075696760304e-14 4.008644303374060257e-16
9.562939405441284180e-01 1.787155323631616638e-14 3.667002828521898810e-16
9.566456079483032227e-01 1.763194963839455343e-14 3.299481585455362300e-16
9.569982290267944336e-01 1.804815791175279349e-14 3.896765809420548116e-16
9.573509693145751953e-01 1.778278926564159923e-14 3.792213356367397621e-16
9.577043056488037109e-01 1.786621184655078076e-14 3.035618910984826981e-16
9.580575823783874512e-01 1.806387037292436076e-14 2.985730258578324792e-16
9.584124684333801270e-01 1.767359824841104737e-14 2.878819612860459122e-16
9.587665200233459473e-01 1.819255670046891760e-14 2.692834206351668244e-16
9.591217637062072754e-01 1.804649942124206957e-14 3.408023298992284532e-16
9.594773054122924805e-01 1.788768074363188826e-14 2.067206142388985403e-16
9.598332643508911133e-01 1.801876756254896378e-14 2.312493384326233916e-16
9.601901173591613770e-01 1.755866942999579489e-14 3.237047051611043839e-16
9.605468511581420898e-01 1.779701094882599893e-14 2.512973377447117991e-16
9.609047174453735352e-01 1.750137950957530303e-14 2.174767415289460782e-16
9.612626433372497559e-01 1.748510123039496988e-14 2.624093776912837534e-16
9.616210460662841797e-01 1.746324778035580894e-14 2.460078552171251088e-16
9.619801044464111328e-01 1.735902545839385080e-14 2.795750562327637854e-16
9.623394608497619629e-01 1.719790285116713779e-14 3.578811081542761143e-16
9.626994729042053223e-01 1.762535633393312595e-14 3.183317634184335432e-16
9.630600214004516602e-01 1.737520039955461892e-14 2.575701461147219271e-16
9.634204506874084473e-01 1.720901592343511421e-14 2.767715624658092632e-16
9.637821316719055176e-01 1.736640989162801380e-14 2.207437211367263129e-16
9.641419053077697754e-01 1.705031244230575949e-14 3.411837858930685070e-16
9.645058512687683105e-01 1.731107661731567937e-14 2.510969879829065554e-16
9.648690223693847656e-01 1.712801755082097449e-14 3.147029154537185104e-16
9.652323126792907715e-01 1.684108344587268574e-14 2.864522755501990601e-16
9.655961990356445312e-01 1.665993359164109205e-14 2.721648414332687423e-16
9.659603238105773926e-01 1.662718052163666277e-14 2.133074600741032001e-16
9.663250446319580078e-01 1.670904456192289639e-14 3.076093586275985671e-16
9.666910767555236816e-01 1.659801378913090819e-14 1.711355822195531075e-16
9.670563340187072754e-01 1.630882318841113399e-14 2.739597042485006047e-16
9.674224853515625000e-01 1.653262962186645424e-14 2.454700157653982298e-16
9.677898287773132324e-01 1.619083658105629348e-14 1.739965418780229137e-16
9.681570529937744141e-01 1.630612115330939277e-14 2.463785644804468737e-16
9.685243964195251465e-01 1.574962389509510646e-14 1.990750698638546110e-16
9.688931107521057129e-01 1.598379123556124132e-14 1.974805832802075940e-16
9.692617654800415039e-01 1.582122359012651247e-14 1.313520725784641250e-16
9.696310162544250488e-01 1.571263735442030018e-14 1.719602084983745715e-16
9.700012803077697754e-01 1.563605710565903889e-14 1.312032065379841817e-16
9.703707695007324219e-01 1.555280393133930822e-14 1.242145759182053649e-16
9.707422852516174316e-01 1.559274492293413750e-14 1.843709352415445800e-16
9.711131453514099121e-01 1.558488615124951210e-14 1.340203587112131795e-16
9.714853763580322266e-01 1.535619403175442904e-14 1.605992202746486580e-16
9.718574881553649902e-01 1.552162464855087742e-14 2.136722798114635874e-16
9.722306132316589355e-01 1.560780855686810797e-14 2.220212188747532089e-16
9.726036787033081055e-01 1.543562539341614831e-14 2.587518100157008795e-16
9.729778170585632324e-01 1.518536103882039273e-14 1.801876645081822051e-16
9.733520150184631348e-01 1.520212890304423886e-14 2.126397466487605953e-16
9.737271666526794434e-01 1.461532480597719369e-14 7.993683916090511300e-16
9.741024374961853027e-01 1.522217139664217012e-14 1.810308725722840602e-16
9.744781851768493652e-01 1.479239873766659968e-14 1.665470326907091516e-16
9.748547673225402832e-01 1.499861399087334263e-14 1.338931978900066277e-16
9.752318263053894043e-01 1.486096774881272981e-14 1.070478319680963645e-16
9.756090641021728516e-01 1.489730038005225576e-14 1.132455654257111797e-16
9.759869575500488281e-01 1.482936325548477735e-14 1.454713441855848624e-16
9.763660430908203125e-01 1.476739432506365274e-14 1.332559114763161735e-16
9.767444133758544922e-01 1.487824891500261204e-14 8.113778894330186172e-17
9.771242141723632812e-01 1.471101242396261749e-14 1.418468372647245079e-16
9.775044918060302734e-01 1.430820251776404595e-14 1.641935781165426798e-16
9.778846502304077148e-01 1.474171398016879686e-14 1.328656675156483563e-16
9.782640933990478516e-01 1.472619464250920357e-14 1.856460771691869249e-16
9.786480665206909180e-01 1.468132053102956525e-14 2.681665282848732243e-16
9.790299534797668457e-01 1.442580796029262202e-14 1.887693126388401447e-16
9.794135093688964844e-01 1.427921196811132026e-14 1.188411577195016937e-16
9.797962903976440430e-01 1.433344071146043508e-14 1.468255910495668785e-16
9.801809191703796387e-01 1.398501879080506216e-14 3.233125553763052445e-16
9.805648922920227051e-01 1.430050129420760985e-14 1.592813958273985768e-16
9.809496998786926270e-01 1.384264186973403407e-14 1.779037989845885944e-16
9.813352227210998535e-01 1.388664099617915870e-14 1.798005836861767907e-16
9.817208647727966309e-01 1.381359626293973686e-14 1.717733583241661931e-16
9.821077585220336914e-01 1.392736041105251468e-14 4.707068297882798793e-17
9.824939370155334473e-01 1.371442479844225612e-14 1.201903753253593873e-16
9.828796386718750000e-01 1.364109969729729310e-14 1.501553966792317407e-16
9.832696318626403809e-01 1.373805617063770385e-14 1.649290541776656286e-16
9.836595058441162109e-01 1.343001231057794342e-14 1.156786940364787591e-16
9.840478897094726562e-01 1.389652163550888012e-14 1.840226061768760499e-16
9.844383001327514648e-01 1.363240998629141124e-14 1.235468227881933575e-16
9.848281741142272949e-01 1.367715619579601416e-14 1.701941580382391561e-16
9.852188825607299805e-01 1.360357274960213858e-14 1.229228903783119594e-16
9.856104850769042969e-01 1.370672611598466178e-14 1.712121063523816132e-16
9.860028028488159180e-01 1.339108267632213578e-14 1.084875034282979569e-16
9.863948225975036621e-01 1.346823382528984647e-14 1.712038080764764813e-16
9.867912530899047852e-01 1.337252926664547759e-14 8.677129257892690606e-17
9.871843457221984863e-01 1.331016138370619620e-14 2.509722359116437580e-16
9.875755906105041504e-01 1.394482538339195110e-14 8.607697570159561582e-16
9.879705905914306641e-01 1.336093084449872445e-14 2.046728326795724641e-16
9.883655905723571777e-01 1.328063805032964756e-14 1.732620319638554268e-16
9.887618422508239746e-01 1.334550129233154012e-14 1.473492956389864513e-16
9.891587495803833008e-01 1.358081636244120455e-14 1.851338869338940902e-16
9.895552396774291992e-01 1.345160148633756103e-14 2.048357012334617051e-16
9.899531006813049316e-01 1.322304997431172219e-14 1.647040742859410059e-16
9.903541803359985352e-01 1.369534792240419477e-14 1.574525590500479365e-16
9.907492399215698242e-01 1.322511842876891719e-14 1.685794882476458452e-16
9.911490082740783691e-01 1.353323598069508873e-14 8.139718616595359077e-17
9.915487170219421387e-01 1.363579981214632295e-14 1.398159037201149118e-16
9.919489026069641113e-01 1.343162929647425188e-14 5.349057729663984505e-17
9.923496246337890625e-01 1.390177578088069854e-14 1.219261575925202623e-16
9.927515387535095215e-01 1.372524140917869354e-14 1.110789345559734845e-16
9.931531548500061035e-01 1.365186379199100075e-14 1.864149713270570161e-16
9.935559034347534180e-01 1.353005367791225433e-14 9.328412891036522137e-17
9.939589500427246094e-01 1.378110323205011464e-14 9.992593924291280475e-17
9.943627119064331055e-01 1.346234609927348183e-14 8.885431864979264163e-17
9.947676062583923340e-01 1.354956931701699341e-14 9.568027923902923024e-17
9.951726198196411133e-01 1.368282792841082895e-14 1.844654455896124388e-16
9.955779314041137695e-01 1.348789769516035505e-14 1.244472717506838822e-16
9.959843754768371582e-01 1.323353539516578317e-14 1.866681680038370476e-16
9.963909983634948730e-01 1.349415049237698630e-14 1.487239507030413757e-16
9.967981576919555664e-01 1.287718355205821549e-14 1.645840073656677088e-16
9.972058534622192383e-01 1.341966410906133764e-14 1.781015414731030710e-16
9.976139664649963379e-01 1.339894483613855020e-14 9.428767104695945497e-17
9.980228543281555176e-01 1.343085849649225047e-14 1.343927488055396522e-16
9.984326362609863281e-01 1.328151727052889752e-14 2.294602989689039025e-16
9.988420605659484863e-01 1.332267036627124770e-14 1.249000638005505091e-16
9.992523193359375000e-01 1.315757263342307026e-14 1.357241257799458021e-16
9.996640086174011230e-01 1.346339049089744638e-14 2.264156655097779216e-16
1.000076055526733398e+00 1.321081458338863382e-14 3.726109052279099904e-16
1.000485181808471680e+00 1.335008628167502764e-14 3.915801286723312414e-16
1.000901699066162109e+00 1.268075237642520697e-14 1.012847190566516114e-16
1.001314878463745117e+00 1.318390519368731195e-14 3.133348513647844086e-16
1.001729965209960938e+00 1.295927459717431326e-14 1.625083001888618425e-16
1.002144932746887207e+00 1.270247368932459625e-14 1.639819389937373123e-16
1.002560138702392578e+00 1.311767314644265645e-14 1.173434711198580822e-16
1.002977132797241211e+00 1.272947964078190511e-14 1.767387448703097068e-16
1.003393054008483887e+00 1.311022603277039664e-14 9.962798878627120418e-17
1.003809928894042969e+00 1.308436018766009207e-14 1.347168050823134263e-16
1.004226922988891602e+00 1.299668465432274669e-14 1.263435138217902437e-16
1.004645586013793945e+00 1.318636751846498020e-14 1.291241376991688998e-16
1.005064725875854492e+00 1.329902120638390764e-14 9.042361262070374361e-17
1.005483984947204590e+00 1.312625359019834251e-14 1.307084201827794626e-16
1.005904078483581543e+00 1.264186085865202577e-14 1.285053271916404300e-16
1.006324768066406250e+00 1.250354291946424029e-14 1.541568067918406572e-16
1.006746530532836914e+00 1.216236397754083889e-14 1.578160288286486372e-16
1.007168292999267578e+00 1.263801702313738576e-14 1.537091763489963612e-16
1.007591366767883301e+00 1.271229334228211535e-14 1.928191095085609631e-16
1.008013844490051270e+00 1.281916264220424317e-14 2.228230017337784084e-16
1.008438229560852051e+00 1.294356383006864050e-14 1.320425235444845874e-16
1.008862614631652832e+00 1.312566574933294802e-14 1.490896307082388182e-16
1.009287595748901367e+00 1.312537352296614529e-14 1.276255378921290298e-16
1.009713292121887207e+00 1.313839750156312741e-14 1.685905923201887571e-16
1.010139107704162598e+00 1.295957952903532481e-14 1.850487998273644356e-16
1.010566234588623047e+00 1.330314540980408883e-14 2.148386441798327590e-16
1.010993242263793945e+00 1.326169754659609415e-14 1.900720890163866612e-16
1.011421799659729004e+00 1.328484611001160692e-14 1.528730621858277608e-16
1.011849880218505859e+00 1.356682761331729978e-14 1.646287677629741783e-16
1.012279629707336426e+00 1.332073489598677163e-14 1.312485492704418884e-16
1.012709379196166992e+00 1.336514991560899812e-14 1.303489341060088172e-16
1.013140559196472168e+00 1.331335469791734491e-14 1.222629987728416560e-16
1.013571023941040039e+00 1.339934802382144324e-14 1.528033407863568912e-16
1.014003396034240723e+00 1.350317054623229734e-14 1.697659034740633022e-16
1.014435052871704102e+00 1.357427896215429586e-14 1.492434995370634822e-16
1.014868378639221191e+00 1.318620404110616012e-14 1.712978684382911111e-16
1.015301823616027832e+00 1.349377779788019441e-14 1.744753272514584070e-16
1.015736222267150879e+00 1.328232872809236714e-14 2.201525980186612181e-16
1.016171097755432129e+00 1.317173333023526766e-14 1.280306578689330006e-16
1.016606450080871582e+00 1.340562199686175585e-14 1.241237845741715445e-16
1.017042517662048340e+00 1.374386088742523757e-14 1.629684905421271437e-16
1.017479896545410156e+00 1.338613769797606518e-14 2.072646740888318181e-16
1.017920374870300293e+00 1.334463647169239348e-14 1.025599933331919648e-16
1.018358111381530762e+00 1.321089505151862298e-14 1.377749910685954760e-16
1.018793582916259766e+00 1.338451817098091495e-14 1.320304930296556161e-16
1.019233107566833496e+00 1.326178394395671409e-14 1.430392081915523466e-16
1.019672751426696777e+00 1.337808495574651854e-14 9.932439364912954175e-17
1.020113587379455566e+00 1.315999006545453404e-14 1.048947933301841407e-16
1.020554423332214355e+00 1.300272823440140613e-14 1.752229529414185347e-16
1.020995974540710449e+00 1.307844959175415156e-14 1.865274149508050244e-16
1.021439313888549805e+00 1.288445448287744641e-14 2.238820840854219025e-16
1.021881818771362305e+00 1.327206268877164502e-14 2.256886730130173166e-16
1.022326231002807617e+00 1.310591717616771401e-14 2.129230262300579554e-16
1.022770524024963379e+00 1.288264945566684749e-14 2.396762309968400104e-16
1.023215174674987793e+00 1.283786597671256538e-14 6.575230366519843172e-16
1.023660778999328613e+00 1.296931447869811849e-14 2.289968660676373934e-16
1.024106621742248535e+00 1.289963077219340171e-14 3.003680739615215535e-16
1.024553775787353516e+00 1.299089518412826355e-14 1.750264015929861344e-16
1.025001168251037598e+00 1.293188493979189821e-14 1.639114896753273961e-16
1.025448560714721680e+00 1.291039063172237308e-14 1.531135533683989779e-16
1.025898456573486328e+00 1.283915770195712819e-14 2.271478460833404591e-16
1.026346802711486816e+00 1.282474374229370176e-14 1.025402799648336011e-16
1.026796817779541016e+00 1.269694425824492018e-14 9.315461227877411851e-17
1.027248263359069824e+00 1.269582871585338626e-14 1.731984383183623501e-16
1.027699708938598633e+00 1.251110946478206296e-14 9.543233019605523509e-17
1.028151750564575195e+00 1.257396269760012106e-14 1.537012221802260513e-16
1.028604626655578613e+00 1.219637573850488807e-14 1.510404269951042770e-16
1.029058575630187988e+00 1.227339898549756336e-14 1.649864671296217091e-16
1.029512882232666016e+00 1.225189027786793491e-14 1.267726418886929536e-16
1.029967784881591797e+00 1.201096107338386898e-14 1.641417105834131547e-16
1.030422806739807129e+00 1.224437031936221124e-14 1.460768271590838778e-16
1.030879259109497070e+00 1.215781964577881957e-14 1.040988774978076573e-15
1.031335592269897461e+00 1.216648479282923107e-14 7.540199946185096019e-17
1.031793236732482910e+00 1.210200356268655020e-14 1.557427568715661270e-16
1.032250165939331055e+00 1.205795954349522109e-14 1.112486720176693658e-16
1.032708644866943359e+00 1.203368357922691284e-14 1.300454977875447650e-16
1.033167839050292969e+00 1.164666744936284498e-14 1.126208786271111332e-16
1.033627748489379883e+00 1.171779788814147211e-14 4.657565508688440341e-17
1.034088611602783203e+00 1.196157481739420700e-14 1.582058625077326281e-16
1.034549593925476074e+00 1.170437326296043870e-14 1.185378008103764465e-16
1.035011768341064453e+00 1.148436577227355399e-14 5.770803705908026174e-17
1.035474181175231934e+00 1.150688329614336231e-14 1.357507543782251092e-16
1.035937905311584473e+00 1.148336796746168842e-14 1.203014822252375100e-16
1.036401748657226562e+00 1.144212085106219301e-14 1.295792061500812727e-16
1.036866307258605957e+00 1.152470317528769828e-14 8.239015362559694647e-17
1.037331938743591309e+00 1.115402207581142960e-14 1.130834909652099897e-16
1.037798047065734863e+00 1.130155996863007814e-14 1.386224740021030051e-16
1.038264751434326172e+00 1.139451251722881781e-14 1.209689177178942970e-16
1.038732171058654785e+00 1.141849964326211234e-14 9.233145507272054876e-17
1.039199829101562500e+00 1.129711304565699306e-14 1.384466881957681361e-16
1.039668321609497070e+00 1.165320823778154269e-14 1.175892694932394395e-16
1.040138483047485352e+00 1.144671007557041681e-14 1.082093126621290230e-16
1.040602445602416992e+00 1.126780401161609976e-14 1.062252372448593309e-16
1.041061401367187500e+00 1.125772177844493183e-14 7.849973791630284544e-17
1.041544437408447266e+00 1.138464119526151619e-14 8.763555073525701065e-17
1.042022109031677246e+00 1.121167791446513531e-14 1.232586198278900818e-16
1.042494893074035645e+00 1.120610443767220202e-14 1.023461439837898557e-16
1.042969942092895508e+00 1.113894234825146129e-14 1.341775230275982548e-16
1.043442487716674805e+00 1.140780839340186856e-14 1.251213379231308942e-16
1.043917417526245117e+00 1.129328276266950912e-14 9.156993274846953021e-17
1.044393181800842285e+00 1.155002776634470735e-14 1.554114875798508905e-16
1.044869065284729004e+00 1.156998047445022965e-14 8.391390634070332896e-17
1.045346260070800781e+00 1.177538681119234473e-14 1.432420725824197516e-16
1.045823335647583008e+00 1.128249918621801462e-14 1.028211375612974059e-16
1.046301245689392090e+00 1.131770441660474510e-14 1.278694039715994632e-16
1.046780347824096680e+00 1.120465855243123893e-14 6.186383216121607532e-17
1.047260642051696777e+00 1.109169230935477465e-14 8.495207094901658209e-17
1.047740459442138672e+00 1.106428825241225627e-14 7.691984279866126385e-17
1.048221707344055176e+00 1.114010447745509419e-14 1.004013695717837829e-16
1.048703193664550781e+00 1.096316098883956536e-14 1.031165733888768452e-16
1.049184799194335938e+00 1.102548567309853678e-14 8.952542020692426362e-17
1.049668550491333008e+00 1.101457250060611237e-14 5.073113255166499663e-17
1.050151824951171875e+00 1.085207685297190014e-14 5.923065819110867169e-17
1.050636291503906250e+00 1.102686633680256129e-14 6.595118964819170161e-17
1.051121950149536133e+00 1.084474154764867790e-14 8.363938825645413056e-17
1.051612973213195801e+00 1.061985430015266116e-14 1.381302949201890532e-16
1.052098393440246582e+00 1.050083515963511765e-14 9.029035051529900064e-17
1.052581548690795898e+00 1.041626569611535380e-14 6.201597383692172860e-17
1.053069710731506348e+00 1.038710489284023000e-14 8.185564936609988126e-17
1.053558707237243652e+00 1.029925317664985573e-14 3.406715890403307718e-17
1.054048061370849609e+00 1.037326776261388375e-14 1.193950378576672010e-16
1.054538488388061523e+00 9.932926673555421415e-15 9.240291024275532950e-17
1.055029392242431641e+00 9.741098274957792763e-15 1.055689389119699579e-16
1.055521368980407715e+00 9.716231928725248268e-15 8.300601937014472748e-17
1.056012868881225586e+00 9.807736050984183079e-15 1.037992885618087117e-16
1.056505560874938965e+00 9.376919847417595349e-15 8.231018842142022018e-17
1.056999444961547852e+00 9.358583278175434256e-15 1.127401117493269768e-16
1.057494759559631348e+00 9.279903234737929552e-15 6.194415470741742452e-17
1.057989120483398438e+00 9.005671235866666291e-15 1.035085047979942706e-16
1.058484911918640137e+00 8.966573042054355042e-15 6.082247794446081772e-17
1.058980941772460938e+00 8.639625100677773145e-15 1.336926628397441721e-16
1.059478640556335449e+00 8.761911247272876485e-15 9.700122050282741120e-17
1.059976339340209961e+00 8.594323237559771400e-15 9.624977654715973874e-17
1.060475468635559082e+00 8.601023268172552916e-15 3.848360854335170042e-17
1.060974597930908203e+00 8.470920701540186892e-15 5.613512334580862771e-17
1.061474561691284180e+00 8.403618851683149205e-15 1.063389050959139177e-16
1.061976075172424316e+00 8.283433346797236529e-15 7.358616596372965341e-17
1.062477231025695801e+00 8.374279324456154749e-15 2.852082025263642069e-17
1.062981128692626953e+00 8.200186101708136638e-15 6.287826661211640719e-17
1.063482761383056641e+00 8.170140996036079351e-15 1.154083581774066288e-16
1.063987135887145996e+00 8.131269807053632254e-15 8.263545569061077193e-17
1.064490795135498047e+00 8.180479033157318086e-15 8.441127349941921344e-17
1.064996957778930664e+00 8.124407146114977912e-15 9.441591051168477596e-17
1.065502166748046875e+00 8.045715244216211648e-15 1.024981466931526000e-16
1.066008925437927246e+00 8.028825407247960899e-15 5.109644859739291578e-17
1.066516041755676270e+00 8.126024979044233626e-15 1.113285313427276853e-16
1.067025899887084961e+00 8.174238094401948401e-15 7.678193524693642307e-17
1.067526102066040039e+00 8.071387965814542237e-15 8.279410893209844264e-17
1.068042993545532227e+00 8.236475534267352627e-15 8.005279267742830638e-17
1.068554282188415527e+00 8.335706291071141166e-15 8.490184454222236225e-17
1.069064259529113770e+00 8.454897379276977293e-15 9.661766016150902248e-17
1.069576382637023926e+00 8.338859794733768926e-15 1.380813125930361132e-16
1.070089101791381836e+00 8.490742119538884775e-15 1.366304907381773060e-16
1.070602297782897949e+00 8.819263001098517907e-15 1.300700088034559363e-16
1.071116566658020020e+00 8.749680091514524388e-15 1.277612749219265314e-16
1.071631789207458496e+00 8.772619437792065350e-15 7.681700108746377102e-17
1.072147369384765625e+00 8.915699396209314509e-15 1.045880218194902747e-16
1.072663903236389160e+00 8.773729050952968483e-15 9.534357702505074543e-17
1.073180913925170898e+00 8.893204742229082055e-15 7.892750940700096838e-17
1.073698520660400391e+00 9.021438754179805092e-15 6.198780337398062269e-17
1.074218153953552246e+00 8.977097426423989723e-15 7.219880540546591455e-17
1.074737071990966797e+00 9.197793554896992185e-15 6.875353197973355004e-17
1.075256943702697754e+00 9.013514760958241112e-15 7.469628205044521910e-17
1.075778484344482422e+00 9.301191713801271882e-15 4.876465622910798267e-17
1.076300024986267090e+00 9.316989725300511838e-15 9.639705440086358021e-17
1.076822400093078613e+00 9.211228344473392643e-15 1.048455330703453828e-16
1.077344894409179688e+00 9.634034157457796455e-15 1.667984823620354711e-16
1.077870130538940430e+00 9.582010240870384582e-15 1.252914459617411993e-16
1.078393936157226562e+00 9.609397357153957875e-15 9.133924200179584143e-17
1.078919529914855957e+00 9.648886880187900611e-15 7.924465045385379919e-17
1.079446077346801758e+00 9.645775728172635566e-15 9.640232188700431789e-17
1.079971909523010254e+00 9.945084984480309642e-15 1.571713705813391104e-16
1.080500602722167969e+00 9.762420635339025266e-15 9.506647151984548116e-17
1.081030845642089844e+00 9.955993921807997776e-15 7.777490932402467919e-17
1.081554412841796875e+00 9.986356664835275426e-15 6.800271006388651745e-17
1.082087516784667969e+00 9.918569465099461024e-15 2.169647928303921090e-17
1.082618474960327148e+00 9.973040459871490571e-15 1.334711769589269734e-16
1.083150386810302734e+00 9.978412342822977343e-15 7.158695644997269104e-17
1.083682894706726074e+00 1.016471978067040247e-14 9.737723033951441588e-17
1.084216833114624023e+00 1.025860830067585813e-14 1.101571906557933947e-16
1.084750771522521973e+00 1.011599421037959884e-14 4.900024057628553516e-17
1.085286378860473633e+00 1.033046803482207121e-14 7.512981071820671111e-17
1.085821509361267090e+00 1.019316992330277991e-14 1.572149927781227069e-16
1.086357831954956055e+00 1.043265154847998824e-14 1.274125752803435775e-16
1.086894512176513672e+00 1.042488595041956081e-14 2.251405368170253775e-16
1.087431788444519043e+00 1.035384275603450088e-14 1.322361499822710001e-16
1.087970852851867676e+00 1.041222789005579255e-14 1.170397303989286104e-16
1.088510155677795410e+00 1.030744906744748834e-14 8.507645906080985618e-17
1.089050173759460449e+00 1.027545239786495715e-14 1.491369851439462539e-16
1.089583635330200195e+00 1.022610425835792161e-14 1.234649252901057074e-16
1.090133786201477051e+00 1.004845857942911896e-14 1.404567900238311968e-16
1.090674757957458496e+00 1.032578478965670218e-14 7.708994421982666846e-17
1.091218590736389160e+00 1.013324488338337992e-14 1.157425656146576537e-16
1.091763019561767578e+00 1.004381090964753462e-14 6.660321311167540057e-17
1.092308878898620605e+00 9.753489519943175923e-15 8.726436501590241522e-17
1.092853546142578125e+00 9.840484885823876093e-15 7.673902111675717200e-17
1.093400955200195312e+00 9.692985956520801250e-15 5.445797494918796155e-17
1.093948960304260254e+00 9.639173953381735549e-15 3.783417250082406734e-17
1.094496488571166992e+00 9.576010706504982373e-15 9.650200707698430836e-17
1.095046639442443848e+00 9.391692102017710347e-15 1.026800271662407598e-16
1.095595479011535645e+00 9.495772122444529756e-15 9.136873595371703218e-17
1.096145629882812500e+00 9.311453517957257731e-15 5.218502159223515041e-17
1.096694231033325195e+00 9.466042960061798323e-15 1.114807458103272433e-16
1.097248315811157227e+00 9.405160772912000977e-15 7.735270310448781302e-17
1.097803473472595215e+00 9.269399179159028973e-15 6.595429984729490099e-17
1.098357439041137695e+00 9.553818443286919704e-15 8.496799252144700276e-17
1.098913550376892090e+00 9.323024835049698728e-15 8.459824278763579939e-17
1.099472999572753906e+00 9.278942699375743175e-15 1.055768335237361640e-16
1.100023746490478516e+00 9.349136319714707044e-15 6.214731026586044812e-17
1.100581407546997070e+00 9.345667719795700684e-15 5.837932390466909561e-17
1.101140141487121582e+00 9.273624179499933423e-15 5.726725567170790477e-17
1.101697325706481934e+00 9.172962784048232371e-15 8.634543352980500572e-17
1.102257132530212402e+00 9.354752995187950310e-15 1.226305581323908190e-16
1.102817177772521973e+00 9.349912201894391983e-15 5.028825078728124502e-16
1.103378891944885254e+00 9.484915701159571388e-15 6.273025422202861863e-17
1.103941440582275391e+00 9.333836363588452617e-15 6.205935118824400937e-17
1.104504346847534180e+00 9.491010950248013334e-15 1.041453809301008985e-16
1.105068802833557129e+00 9.297633328389856566e-15 8.195749184311741002e-17
1.105632781982421875e+00 9.319166599974955389e-15 1.317011692667411043e-16
1.106187939643859863e+00 9.684856134293054475e-15 2.326377577820711983e-16
1.106763243675231934e+00 9.421808358457336996e-15 1.999957020332914295e-16
1.107331752777099609e+00 9.411067980686152468e-15 1.211060973506800911e-16
1.107898831367492676e+00 9.588847490820621294e-15 1.010815634982085878e-16
1.108467459678649902e+00 9.683116328619394142e-15 1.098116541528728436e-16
1.109037041664123535e+00 9.426787218121297773e-15 8.813220320992364932e-17
1.109608411788940430e+00 9.517977091156801239e-15 1.069200358721793720e-16
1.110183715820312500e+00 9.678311957742567750e-15 1.415141121351311780e-16
1.110752582550048828e+00 9.507196055804148505e-15 9.001789707385873460e-17
1.111324667930603027e+00 9.557892671763212888e-15 1.796008824339717885e-16
1.111898660659790039e+00 9.766151815471680459e-15 5.566285615560005230e-17
1.112472772598266602e+00 9.583831361706981328e-15 8.695446345377064851e-17
1.113048553466796875e+00 9.880495334120380224e-15 1.000679628453657094e-16
1.113625168800354004e+00 9.848576591568996424e-15 1.460463207380929222e-16
1.114202260971069336e+00 9.713039461547046810e-15 1.000223421802221848e-16
1.114780902862548828e+00 9.876424493775876057e-15 1.882305202750476046e-16
1.115359663963317871e+00 9.620753527877796279e-15 9.487218333756902602e-17
1.115940213203430176e+00 9.943479857045262743e-15 1.530493509179750621e-16
1.116520524024963379e+00 9.885823171358609773e-15 9.580386663998955300e-17
1.117102861404418945e+00 9.939021075610916106e-15 2.100979728276178510e-16
1.117684841156005859e+00 9.728744299422088793e-15 9.739899511579191115e-17
1.118268132209777832e+00 9.779547641532507218e-15 7.979926512840325361e-17
1.118852019309997559e+00 9.696247880400677560e-15 1.770020530028975866e-16
1.119436621665954590e+00 9.961486083437994660e-15 7.143522505585086406e-17
1.120022535324096680e+00 1.006464707311704315e-14 1.269362780661906437e-16
1.120610237121582031e+00 9.878647108229471341e-15 1.265378020040666988e-16
1.121197223663330078e+00 9.938083410138305596e-15 1.123424297805910828e-16
1.121785998344421387e+00 1.000008791594321489e-14 1.419324802366257981e-16
1.122376084327697754e+00 9.967592343954750911e-15 1.278196672557278747e-16
1.122966170310974121e+00 9.890996001567491785e-15 1.366244556284281191e-16
1.123556971549987793e+00 1.002180160554607888e-14 1.243402411968644208e-16
1.124149084091186523e+00 9.990888291103085933e-15 5.566687956209951022e-17
1.124743342399597168e+00 9.737581394160792908e-15 9.147710323140637923e-17
1.125325083732604980e+00 9.973601195682572917e-15 1.051647122902275443e-16
1.125847101211547852e+00 9.747234181627702915e-15 6.705355008948397011e-17
1.126516103744506836e+00 1.011391135636230051e-14 1.594680739480395441e-16
1.127124309539794922e+00 9.745814554408104707e-15 1.036245549292130102e-16
1.127720355987548828e+00 9.947796336944470658e-15 1.155111006269306153e-16
1.128319025039672852e+00 9.767479963132975201e-15 2.882049124495213155e-17
1.128917932510375977e+00 9.599070331461033445e-15 1.477439071132885485e-16
1.129518389701843262e+00 9.606913009519661012e-15 1.498521721190045021e-16
1.130120038986206055e+00 9.349431087180351541e-15 1.454456552644814156e-16
1.130721926689147949e+00 9.581175066384391842e-15 9.468518096212793795e-17
1.131325960159301758e+00 9.403869894700385423e-15 1.249487417252380297e-16
1.131929874420166016e+00 9.584116811810206027e-15 1.484761538613000903e-16
1.132535099983215332e+00 9.932459111368537041e-15 5.791740639828478368e-17
1.133125185966491699e+00 9.504596511689025057e-15 1.184945200737497119e-15
1.133737564086914062e+00 9.412544359113216713e-15 3.515817505953254844e-16
1.134356141090393066e+00 9.932409136424649038e-15 3.365103080763725066e-16
1.134949326515197754e+00 9.751389725266932512e-15 2.305993994642833262e-16
1.135569214820861816e+00 1.007575082802259978e-14 4.877192946279803893e-16
1.136184215545654297e+00 9.978659676443575599e-15 3.534394261975521735e-16
1.136793375015258789e+00 8.917197797493007366e-15 1.402943317515257821e-16
1.137404680252075195e+00 8.910164882931954911e-15 2.121653949634083863e-16
1.138018250465393066e+00 8.820586066562129124e-15 2.287130306209683977e-16
1.138631820678710938e+00 9.130424789437121408e-15 1.288633574305329821e-16
1.139247179031372070e+00 9.249680252146948861e-15 1.191759739616835576e-16
1.139863610267639160e+00 9.204642663308490458e-15 1.661300542526436205e-16
1.140484809875488281e+00 9.385893314460807407e-15 1.054145539224430608e-16
1.141098141670227051e+00 9.137265427519147137e-15 1.181254678186310133e-16
1.141714572906494141e+00 9.092177016703853476e-15 3.824755303409723773e-16
1.142334580421447754e+00 9.293388846291165267e-15 1.410793592400631075e-16
1.142955183982849121e+00 9.662544439429428950e-15 1.854512860610980376e-16
1.143577337265014648e+00 9.278381963564660828e-15 9.241456356322497656e-17
1.144200325012207031e+00 9.203685516078093098e-15 1.268578348743410150e-16
1.144824743270874023e+00 9.442171877542277630e-15 7.443514443978467847e-17
1.145449995994567871e+00 9.104710563224375358e-15 1.350540697791084471e-16
1.146075010299682617e+00 9.138754511440420197e-15 1.162506000945530220e-16
1.146701693534851074e+00 8.847858833397823086e-15 1.116931657916308608e-16
1.147329330444335938e+00 8.689860930713531190e-15 8.900283396569286243e-17
1.147956609725952148e+00 8.596615308715041537e-15 5.322046973941677939e-17
1.148585200309753418e+00 8.497376928614727709e-15 1.327275746754663036e-16
1.149216532707214355e+00 8.623865205661159633e-15 9.899659851598702795e-17
1.149845838546752930e+00 8.669521975584060930e-15 1.353427889001139559e-16
1.150477647781372070e+00 8.589413834597485475e-15 5.261567498018740810e-17
1.151109457015991211e+00 8.681693839036105226e-15 7.052764248775768210e-17
1.151742696762084961e+00 8.588827687797985500e-15 4.737919156880821534e-17
1.152378678321838379e+00 8.637432132377331762e-15 6.672259181767905352e-17
1.153015017509460449e+00 8.521669833541981043e-15 1.378104076337025464e-16
1.153651714324951172e+00 8.615122131579600745e-15 1.673867202741239810e-16
1.154289841651916504e+00 8.425197863047399760e-15 1.536006105479600014e-16
1.154929637908935547e+00 8.885871978004701577e-15 1.462244358850327405e-16
1.155580520629882812e+00 8.760893113670276816e-15 1.734983276863597749e-16
1.156209707260131836e+00 8.401531762501114609e-15 1.328078839867778520e-16
1.156851887702941895e+00 8.551609907128578797e-15 9.866276827309532725e-17
1.157494306564331055e+00 8.366062257834840782e-15 1.230029879313866942e-16
1.158138394355773926e+00 8.776336218364617220e-15 1.263626514724422705e-16
1.158782601356506348e+00 8.748849999226215174e-15 1.367223144036155925e-16
1.159429311752319336e+00 8.637411803586597658e-15 5.879063119245496309e-17
1.160076498985290527e+00 9.122473691161245291e-15 1.047922295516724657e-16
1.160724639892578125e+00 9.419698399385726534e-15 2.726827226711759419e-16
1.161373138427734375e+00 8.874072809049449173e-15 1.258233958875067007e-16
1.162022948265075684e+00 8.591948157175670342e-15 1.344990779101996685e-16
1.162673592567443848e+00 8.934954149166299264e-15 7.337892082433816764e-17
1.163326621055603027e+00 8.606318918158786802e-15 1.255122965678479572e-16
1.163979053497314453e+00 8.937707006244875740e-15 7.699484491916267197e-17
1.164633989334106445e+00 9.003758635471766081e-15 6.818395526226423645e-17
1.165286898612976074e+00 8.983538264954911423e-15 1.184996313881907996e-16
1.165943026542663574e+00 9.020545981453399059e-15 7.464005362112631449e-17
1.166601181030273438e+00 9.034117990367254714e-15 8.017418308668168830e-17
1.167259931564331055e+00 9.261018635178894925e-15 1.237364655241497149e-16
1.167917609214782715e+00 9.041742133925490671e-15 9.348909103126606078e-17
1.168575882911682129e+00 9.103914352253956316e-15 9.989971430877242356e-17
1.169239997863769531e+00 8.622628537558168355e-15 1.354108294685801178e-16
1.169900059700012207e+00 8.691737108691699465e-15 1.429516329257401325e-16
1.170563340187072754e+00 9.349110908726289415e-15 9.442626019550903944e-17
1.171226501464843750e+00 9.374215271217012369e-15 9.957393749632453914e-17
1.171891927719116211e+00 9.570747243770744150e-15 1.125470014722427972e-16
1.172559857368469238e+00 9.398660642074771476e-15 1.196791512370220145e-16
1.173227310180664062e+00 9.402605274510134753e-15 1.232596256795149463e-16
1.173895239830017090e+00 9.424770432673885284e-15 1.192123169690766874e-16
1.174562692642211914e+00 9.592174636237436186e-15 2.092832197765878200e-16
1.175235629081726074e+00 9.849214407378278913e-15 1.889924528808824495e-16
1.175905823707580566e+00 9.780835131612333755e-15 1.286332424015656302e-16
1.176578640937805176e+00 9.832626961172197949e-15 1.804901611494703971e-16
1.177251100540161133e+00 1.008318354213475626e-14 1.391980593595419039e-16
1.177932381629943848e+00 9.739737093011555102e-15 1.006190570392281381e-16
1.178601026535034180e+00 9.722550794511765349e-15 1.206913953136603060e-16
1.179279208183288574e+00 1.003038035523587043e-14 2.138819601705784293e-16
1.179955840110778809e+00 9.967809184389248012e-15 2.942351054371471902e-16
1.180636882781982422e+00 1.007166728218388679e-14 2.229402628574139256e-16
1.181321024894714355e+00 1.010141507929145782e-14 1.846527325151842451e-16
1.182002305984497070e+00 1.004230827319910549e-14 1.558081107574027166e-16
1.182683944702148438e+00 1.011414344338984819e-14 1.952362636073389185e-16
1.183367252349853516e+00 1.008241782435043837e-14 1.733029939477890528e-16
1.184051156044006348e+00 1.014466034641352613e-14 2.291522701436789558e-16
1.184730768203735352e+00 1.009532491240069940e-14 2.958307566910966819e-16
1.185417771339416504e+00 1.001863200825745329e-14 3.191136012985288642e-16
1.186105608940124512e+00 1.020446849578620502e-14 2.320259617661371782e-16
1.186794638633728027e+00 1.008665722425144615e-14 1.464532538947996092e-16
1.187484264373779297e+00 1.013489829169642031e-14 2.009223428426978333e-16
1.188175559043884277e+00 1.020874262403805022e-14 1.862340106788100153e-16
1.188867568969726562e+00 9.925081454397952085e-15 1.448156745099610297e-16
1.189552664756774902e+00 1.008063566702941533e-14 1.790108975164295666e-16
1.190244197845458984e+00 1.009737642619894932e-14 1.758916325137166014e-16
1.190948486328125000e+00 9.944343830651462129e-15 1.688556871628997514e-16
1.191651940345764160e+00 1.004204654001840391e-14 1.798689815966675754e-16
1.192345023155212402e+00 1.003013640974706119e-14 2.471987570711850534e-16
1.193042278289794922e+00 9.978407260625293818e-15 1.865920673874821691e-16
1.193741917610168457e+00 1.005681455945378264e-14 2.458110788755660941e-16
1.194439649581909180e+00 1.002942574910431484e-14 1.528037643028305184e-16
1.195144176483154297e+00 9.789180947241630376e-15 2.045907234232480004e-16
1.195843935012817383e+00 9.704788513607842670e-15 1.713868598373120161e-16
1.196549654006958008e+00 9.729343998748744837e-15 1.746203154692267017e-16
1.197263360023498535e+00 9.691905142480104762e-15 1.913321828743254414e-16
1.197960615158081055e+00 9.478872121080911956e-15 1.998431037538876470e-16
1.198675513267517090e+00 9.461994142573922767e-15 1.208279396717356594e-16
1.199394583702087402e+00 9.611168503046666617e-15 1.199467474739053692e-16
1.200093030929565430e+00 9.240482321372714414e-15 2.684103943643436577e-16
1.200798988342285156e+00 9.417769705364828492e-15 1.321857912265787718e-16
1.201509356498718262e+00 9.348274887207349421e-15 8.838383816970718076e-17
1.202221155166625977e+00 9.645381010819215062e-15 1.328650454758277164e-16
1.202940940856933594e+00 9.470878671157673123e-15 1.662180795047090635e-16
1.203657031059265137e+00 9.209397906274376100e-15 1.713116062539043918e-16
1.204372406005859375e+00 9.348851716644429599e-15 1.313448066239634592e-16
1.205089807510375977e+00 9.024007805108827385e-15 1.170924846696747923e-16
1.205809473991394043e+00 8.909674450855494671e-15 1.337978008043221121e-16
1.206531524658203125e+00 8.541163449790091511e-15 1.458085691777104807e-16
1.207251548767089844e+00 8.937070037468540507e-15 1.490421968631925774e-16
1.207974910736083984e+00 8.806922578089970005e-15 1.583646679504530086e-16
1.208696722984313965e+00 8.881701187772421402e-15 1.335575743195469120e-16
1.209418892860412598e+00 8.914562677994099238e-15 1.590789417181149982e-16
1.210143804550170898e+00 8.685448736091283539e-15 1.571575401214972238e-16
1.210871577262878418e+00 8.867853046117760846e-15 1.598949520836761098e-16
1.211600542068481445e+00 8.567240206104262401e-15 8.934318900925638141e-17
1.212331533432006836e+00 8.565022673848350643e-15 8.556714260017631219e-17
1.213062405586242676e+00 8.552704273696431353e-15 1.163090321330237679e-16
1.213797450065612793e+00 8.407748137301013919e-15 9.870013698444802283e-17
1.214528918266296387e+00 8.514500546676420645e-15 1.297222885437182452e-16
1.215263485908508301e+00 8.417081593346809054e-15 7.467253865814249699e-17
1.216000199317932129e+00 8.351090950492121023e-15 1.191586494909342470e-16
1.216736435890197754e+00 8.484168296835244150e-15 1.489176697850563944e-16
1.217473149299621582e+00 8.372282867799476364e-15 9.382453593071346499e-17
1.218212604522705078e+00 8.134330984125009295e-15 9.749406794667630593e-17
1.218949794769287109e+00 8.267609077276631691e-15 5.704156109593403628e-17
1.219690918922424316e+00 8.203565763167681296e-15 8.904705173251749708e-17
1.220434784889221191e+00 8.170957535797232496e-15 1.088934373508246799e-16
1.221172451972961426e+00 7.922319484460205175e-15 1.295765327023415013e-16
1.221925735473632812e+00 8.024073552413864274e-15 6.238046270203709471e-17
1.222672939300537109e+00 8.081884398096917527e-15 1.633406027037677985e-16
1.223427414894104004e+00 8.097769653989724675e-15 1.936823551958213028e-16
1.224167585372924805e+00 8.107613023869766899e-15 8.398188735216538699e-17
1.224917769432067871e+00 7.911720561191212114e-15 7.675028400797769402e-17
1.225667595863342285e+00 7.431757811959035370e-15 2.011443316493274642e-16
1.226423740386962891e+00 7.749200349601529508e-15 5.695371451488090474e-17
1.227171063423156738e+00 7.682994560378238885e-15 1.536855653055916476e-16
1.227933049201965332e+00 7.889733279946384986e-15 9.472653337531068891e-17
1.228685855865478516e+00 7.744156268400630150e-15 1.267525777957548673e-16
1.229432821273803711e+00 7.739484881696522683e-15 8.282476093687720763e-17
1.230205059051513672e+00 7.821077024406687672e-15 1.316723039720854539e-16
1.230962634086608887e+00 7.904180273894754333e-15 1.024873602579649086e-16
1.231720805168151855e+00 7.744585714104888080e-15 1.001743779768094313e-16
1.232488512992858887e+00 7.767554706535582942e-15 8.931800963141026724e-17
1.233246684074401855e+00 7.776750943243922881e-15 6.998887659374474369e-17
1.234019875526428223e+00 7.791844223331047259e-15 9.853283474247549766e-17
1.234768748283386230e+00 7.800620331697549065e-15 1.523273612095591778e-16
1.235548973083496094e+00 7.793150348135713390e-15 1.522982444519973113e-16
1.236320853233337402e+00 7.681310658879097336e-15 1.469075282523239312e-16
1.237090826034545898e+00 7.616113685895986585e-15 7.598894697218388735e-17
1.237863898277282715e+00 7.515591203847635238e-15 7.019563865965849849e-17
1.238630414009094238e+00 7.478375964277070298e-15 6.228816258056597767e-17
1.239404559135437012e+00 7.375955281393922064e-15 6.628046047154701002e-17
1.240179419517517090e+00 7.426594299112573155e-15 1.286937920224045118e-16
1.240954875946044922e+00 7.602808492360516035e-15 7.458782874597216653e-17
1.241733431816101074e+00 7.375188716576656922e-15 4.831001129466923696e-17
1.242509245872497559e+00 7.475592614012392667e-15 5.957831227639735858e-17
1.243289589881896973e+00 7.467528013321584474e-15 7.617436777829377404e-17
1.244075417518615723e+00 7.471174490159514237e-15 1.015914905673454775e-16
1.244855165481567383e+00 7.545741341605152058e-15 2.952123564651520384e-17
1.245636701583862305e+00 7.439239653982132605e-15 7.395506204714870206e-17
1.246422171592712402e+00 7.352890574240187466e-15 3.664588784622224054e-17
1.247212886810302734e+00 7.433828807515072135e-15 8.251306604717742596e-17
1.248000383377075195e+00 7.487470557031739721e-15 1.116233649828211861e-16
1.248785734176635742e+00 7.265293814966936742e-15 5.079208914536525435e-17
1.249577522277832031e+00 7.283799790798548696e-15 8.703522275133542571e-17
1.250370025634765625e+00 7.451109126672007116e-15 2.168465093115194762e-16
1.251163363456726074e+00 7.437834426322637721e-15 1.175452767195414193e-16
1.251961350440979004e+00 7.320724498068205410e-15 9.255946575420956573e-17
1.252751350402832031e+00 7.175498158162613854e-15 5.947245962777017274e-17
1.253553032875061035e+00 7.194775781009174476e-15 9.844779395806014599e-17
1.254350781440734863e+00 7.266939599983451847e-15 8.205656822816656147e-17
1.255152463912963867e+00 7.327420293516250654e-15 8.158630612376281460e-17
1.255956888198852539e+00 7.275086362870143708e-15 8.278004686168504117e-17
1.256760954856872559e+00 7.313069861323868298e-15 1.277533207531562215e-16
1.257562756538391113e+00 7.434825765293990446e-15 7.702296905998947492e-17
1.258363604545593262e+00 7.179249667086003150e-15 1.011491606978664212e-16
1.259168744087219238e+00 7.359193346400706714e-15 7.962633144082046743e-17
1.259975671768188477e+00 7.333391875794393472e-15 6.245541188297929944e-17
1.260782957077026367e+00 7.172116802637174687e-15 1.262181661804864081e-16
1.261598348617553711e+00 7.408812536450863628e-15 1.504854880657547017e-16
1.262407302856445312e+00 7.234795546668098404e-15 1.231367132579344668e-16
1.263217926025390625e+00 7.135304750749502795e-15 1.251852492059791913e-16
1.264034628868103027e+00 7.128153251575834737e-15 5.597764139206833208e-17
1.264853477478027344e+00 7.232608507598287800e-15 1.030801642070347112e-16
1.265665054321289062e+00 7.067944879135578187e-15 8.037537988143418632e-17
1.266483068466186523e+00 7.022249569213576820e-15 9.718457666612836552e-17
1.267299652099609375e+00 7.079510266997388404e-15 6.785443297600271192e-17
1.268126726150512695e+00 6.953736885758439110e-15 1.365358877458808413e-16
1.268946170806884766e+00 7.146798987843743650e-15 1.065800381706404759e-16
1.269761562347412109e+00 6.832809803527205295e-15 4.677448283636254957e-17
1.270597457885742188e+00 7.208529054973742550e-15 1.628778183121015310e-16
1.271423459053039551e+00 7.228779071643751108e-15 1.930015921691350615e-16
1.272254943847656250e+00 6.633481351698113440e-15 1.458188394521959391e-16
1.273084759712219238e+00 6.734886865593977395e-15 6.475584087115867195e-17
1.273911118507385254e+00 6.763889697224438266e-15 1.254968382165605662e-16
1.274737238883972168e+00 6.740548010296951512e-15 7.817572796164337428e-17
1.275577187538146973e+00 6.702696648982998592e-15 6.750474071768469437e-17
1.276413559913635254e+00 6.567737195431076411e-15 6.106754178145822791e-17
1.277249932289123535e+00 6.446394643539214361e-15 9.350059876794789850e-17
1.278088450431823730e+00 6.679745020727722443e-15 1.033086645794463595e-16
1.278928756713867188e+00 6.544547974434095430e-15 1.150258698621621088e-16
1.279772162437438965e+00 6.526720048476760544e-15 4.080361524226897799e-17
1.280614733695983887e+00 6.490915118763374014e-15 5.561424440536153597e-17
1.281458139419555664e+00 6.149669684753613155e-15 9.200664440722812628e-17
1.282301425933837891e+00 6.460933540562360800e-15 9.803940496347536560e-17
1.283151149749755859e+00 6.351004757634750447e-15 1.186559222018490189e-16
1.283996343612670898e+00 6.255966813919870695e-15 4.801967420838557446e-17
1.284853696823120117e+00 6.158697361905449488e-15 7.736671223534201110e-17
1.285702943801879883e+00 6.195923612904328734e-15 8.706487552193422665e-17
1.286545395851135254e+00 6.370933325301275998e-15 4.313891485635113594e-17
1.287396907806396484e+00 6.332644894986539860e-15 6.384352021251678624e-17
1.288265466690063477e+00 6.294540270821357905e-15 7.068181571904776561e-17
1.289119720458984375e+00 6.366077708931140722e-15 5.009910700667037967e-17
1.289974331855773926e+00 6.249258736494090263e-15 4.868021763217856960e-17
1.290826082229614258e+00 6.404908240332119612e-15 1.719964588615390953e-16
1.291688084602355957e+00 6.394261459701606684e-15 8.849847216771722955e-17
1.292542219161987305e+00 6.424069819664906394e-15 9.095820290698451434e-17
1.293414592742919922e+00 6.166401126560727350e-15 7.705895472535798183e-17
1.294282317161560059e+00 6.433142813079420833e-15 5.709112575823821370e-17
1.295147061347961426e+00 6.265830936107120649e-15 8.155100205521905138e-17
1.296019077301025391e+00 6.261320485662991500e-15 5.403822049298670255e-17
1.296888470649719238e+00 6.287483639337782329e-15 1.174284920519387326e-16
1.297754049301147461e+00 6.437310638696385617e-15 5.680167871829365825e-17
1.298622369766235352e+00 6.366095920139506689e-15 6.556189198214464509e-17
1.299497485160827637e+00 6.395321521435095441e-15 8.098425760416711936e-17
1.300377726554870605e+00 6.519166632169620321e-15 7.754493326140023623e-17
1.301251173019409180e+00 6.160784027571010457e-15 1.098420745470800937e-16
1.302130222320556641e+00 6.440763568505867773e-15 6.327884702171868701e-17
1.303010344505310059e+00 6.399190767938153085e-15 6.333895327374924021e-17
1.303891539573669434e+00 6.358917739428000121e-15 5.891263040663918403e-17
1.304771423339843750e+00 6.298227828757229502e-15 4.353555457751521313e-17
1.305657386779785156e+00 6.412521795978514891e-15 4.985876802533187237e-17
1.306534528732299805e+00 6.314429451455836131e-15 6.269837137249837473e-17
1.307427883148193359e+00 6.153184024451771247e-15 8.979047534496585538e-17
1.308318138122558594e+00 6.249950762411997027e-15 5.381480562698103020e-17
1.309207797050476074e+00 6.233187556869360796e-15 6.572849939240262571e-17
1.310106635093688965e+00 6.065921419676212345e-15 8.026580161132806164e-17
1.310996055603027344e+00 6.214481681262196827e-15 6.373163907158531393e-17
1.311887264251708984e+00 6.107921124849343200e-15 4.096858814363655383e-17
1.312785625457763672e+00 6.057233826252698614e-15 9.225929183608142263e-17
1.313686132431030273e+00 6.033585936914779430e-15 5.853943960147976007e-17
1.314587473869323730e+00 6.049983224224201803e-15 8.318032948626680190e-17
1.315483331680297852e+00 6.080776683505158264e-15 6.479330884418487389e-17
1.316393017768859863e+00 5.940896815562635852e-15 7.364997136745954375e-17
1.317293047904968262e+00 5.888419736348442929e-15 5.026263399632721282e-17
1.318196892738342285e+00 5.853841733859154253e-15 4.511800072016590825e-17
1.319105386734008789e+00 6.155927140651454299e-15 4.790009367031245857e-17
1.320011496543884277e+00 5.861877111913282173e-15 2.642175680405450702e-17
1.320925474166870117e+00 5.959483259524236964e-15 3.741742898205250136e-17
1.321827054023742676e+00 5.834378610797144940e-15 5.971050897317313325e-17
1.322743892669677734e+00 5.726191327609089429e-15 7.496444738759001024e-17
1.323656082153320312e+00 5.774434512636431732e-15 6.878516336635757782e-17
1.324574112892150879e+00 5.721303947503432116e-15 8.175964347548452665e-17
1.325493454933166504e+00 5.847428847415491945e-15 4.686103239821519796e-17
1.326410174369812012e+00 5.712079335191359158e-15 5.585399443410390551e-17
1.327339529991149902e+00 5.698001224091519060e-15 3.563732637767103517e-17
1.328261017799377441e+00 5.750475762206870220e-15 2.877754733627082857e-17
1.329189658164978027e+00 5.723764154698732232e-15 8.861389364167042882e-17
1.330101013183593750e+00 5.830036719909519397e-15 3.009738017804818846e-17
1.331030011177062988e+00 5.826276317140183930e-15 7.835072629203509282e-17
1.331957340240478516e+00 5.776094697213050161e-15 7.951278932121898864e-17
1.332884311676025391e+00 5.655165497399448210e-15 4.624898491937496172e-17
1.333819746971130371e+00 5.597564292370840397e-15 3.717215338681827759e-17
1.334765076637268066e+00 5.658380834467225534e-15 6.892415617904608816e-17
1.335686326026916504e+00 5.643308730203782514e-15 4.330949935099427152e-17
1.336627960205078125e+00 5.573788924574359441e-15 9.215479576365882375e-17
1.337573409080505371e+00 5.641800164524722605e-15 5.471570788444723391e-17
1.338497996330261230e+00 5.638390009879076792e-15 9.172339129571036791e-17
1.339439272880554199e+00 5.608205567287196172e-15 6.222822176465793507e-17
1.340383291244506836e+00 5.618173451010484779e-15 5.259999494449585291e-17
1.341328263282775879e+00 5.731989268133045115e-15 2.936304562617056283e-17
1.342273831367492676e+00 5.507857150509505584e-15 7.205825087578090408e-17
1.343219995498657227e+00 5.630596883247863602e-15 5.901925729631971951e-17
1.344168782234191895e+00 5.560109342476202490e-15 9.535761924312944563e-17
1.345119118690490723e+00 5.559017940523665324e-15 1.072271316376733588e-16
1.346070766448974609e+00 5.711903575854803891e-15 9.568761136797890028e-17
1.347026228904724121e+00 5.709503084482285204e-15 8.208236302838841508e-17
1.347974061965942383e+00 5.735629815740344098e-15 1.244480393742923314e-16
1.348931670188903809e+00 5.768127505311176212e-15 1.596322924606884716e-16
1.349888682365417480e+00 5.866853430478401188e-15 2.009288014689206473e-16
1.350850820541381836e+00 5.975780596945883330e-15 2.399846039291997791e-16
1.351810932159423828e+00 6.263692601431777168e-15 2.945187026557997707e-16
1.352774381637573242e+00 5.945929038302273650e-15 2.657556607587506720e-16
1.353739738464355469e+00 5.793521553069860136e-15 4.710339631769323507e-16
1.354706645011901855e+00 6.127827669659240140e-15 4.881474697828174381e-16
1.355674982070922852e+00 5.843303373445889876e-15 5.570038368563035806e-16
1.356642842292785645e+00 6.313709473450669976e-15 5.394492907826950196e-16
1.357615232467651367e+00 5.974263560937350878e-15 4.818659263855387502e-16
1.358586907386779785e+00 6.086854568418181496e-15 4.663363184514600010e-16
1.359560012817382812e+00 6.554596749803846822e-15 4.654077056434732709e-16
1.360539674758911133e+00 6.209861963567871873e-15 4.794413475135825189e-16
1.361513614654541016e+00 6.420766391170614623e-15 4.543311616713471921e-16
1.362491011619567871e+00 6.208404643382120849e-15 2.678383824271509880e-16
1.363474488258361816e+00 6.136267505945681988e-15 2.647266745465143073e-16
1.364454507827758789e+00 6.449627344782410399e-15 2.055697214567065606e-16
1.365441679954528809e+00 6.047650919003937087e-15 1.384355973581150251e-16
1.366427421569824219e+00 6.391025370326621630e-15 5.246305552495994420e-16
1.367413997650146484e+00 6.268438527035243013e-15 3.130473101489711753e-16
1.368406534194946289e+00 5.687505638842091024e-15 3.344334097594845638e-16
1.369394898414611816e+00 5.284750366268617383e-15 3.549229514651088772e-16
1.370386838912963867e+00 5.778741675173219849e-15 3.519303311229002307e-16
1.371378898620605469e+00 6.069503098493677154e-15 4.390521166709781056e-16
1.372373938560485840e+00 6.315697883294349446e-15 5.716067907460861252e-16
1.373370409011840820e+00 6.243464607618397222e-15 5.837719838136707935e-16
1.374369621276855469e+00 6.080378578019948743e-15 4.817025019662778736e-16
1.375370264053344727e+00 6.055025187842733025e-15 3.865119599719943387e-16
1.376373410224914551e+00 6.173522132548294253e-15 2.551857748379806733e-16
1.377378344535827637e+00 6.039156025575923709e-15 1.061210786621266536e-16
1.378384828567504883e+00 5.868718597028255157e-15 1.653121115931715851e-16
1.379392504692077637e+00 6.111910650030910955e-15 3.187192545220227840e-16
1.380400538444519043e+00 6.010816844259636582e-15 5.020902144297744590e-16
1.381412744522094727e+00 6.809926361424183117e-15 6.650892113928925584e-16
1.382421970367431641e+00 6.563111124989647049e-15 5.784061889114924110e-16
1.383437514305114746e+00 5.912269643044282263e-15 3.180272550738956223e-16
1.384451746940612793e+00 5.443752426511879253e-15 3.058883994370146424e-16
1.385467886924743652e+00 5.889035952817570432e-15 5.083960570847275047e-16
1.386487364768981934e+00 6.028892103837569724e-15 6.192311123263407550e-16
1.387506127357482910e+00 6.043764308325460730e-15 5.647613351641728868e-16
1.388530731201171875e+00 5.781076945008799955e-15 4.186170762415536862e-16
1.389554619789123535e+00 5.759477604853815297e-15 2.104306317827621766e-16
1.390579700469970703e+00 5.479581920180736157e-15 1.267038336966183425e-16
1.391601920127868652e+00 5.596968404692446997e-15 2.101997094255169730e-16
1.392637610435485840e+00 5.812365495047426556e-15 2.537847823432220606e-16
1.393669843673706055e+00 5.879533513698798064e-15 2.753347298894699528e-16
1.394699692726135254e+00 5.848369901019891473e-15 1.364691574315049635e-16
1.395732641220092773e+00 5.834948240454173457e-15 1.275424227841797016e-16
1.396769642829895020e+00 5.404926553792110261e-15 1.464949835023416844e-16
1.397804856300354004e+00 5.507630992712588686e-15 1.661405151095422111e-15
1.398842453956604004e+00 5.622063873337223780e-15 1.595847924411932265e-16
1.399886965751647949e+00 5.342181317674827082e-15 2.876499271980574373e-16
1.400928616523742676e+00 5.809969662356117767e-15 2.269151502508619418e-16
1.401975631713867188e+00 5.626920760256779938e-15 1.475908323778519354e-16
1.403022885322570801e+00 5.086429036613810892e-15 1.478111668232564603e-16
1.404070138931274414e+00 5.337373135149738046e-15 1.536854858962528425e-16
1.405118703842163086e+00 5.357575294458226736e-15 2.916125590835498679e-16
1.406169295310974121e+00 5.227980947594213293e-15 1.785058276518495884e-16
1.407221555709838867e+00 5.174821159824533404e-15 1.395750684304088727e-16
1.408274412155151367e+00 5.179476876419116665e-15 2.451094708974435165e-16
1.409329295158386230e+00 5.246965073524550299e-15 2.348923212596457305e-16
1.410388469696044922e+00 4.817427042675369309e-15 2.386461065840807727e-16
1.411448717117309570e+00 4.864323021800103647e-15 2.542800319195698093e-16
1.412509083747863770e+00 5.247572396147731633e-15 2.915645693731319914e-16
1.413573145866394043e+00 5.440158465716679256e-15 2.238812899920338516e-16
1.414637684822082520e+00 5.241710504636258247e-15 2.787464727218918678e-16
1.415705323219299316e+00 5.033792291689060533e-15 8.630873318038725299e-17
1.416774272918701172e+00 5.192210746231664190e-15 6.409002003505758849e-17
1.417846202850341797e+00 4.999639076222819889e-15 1.084474387698928285e-15
1.418918132781982422e+00 4.907694920347786469e-15 1.095545862708260639e-16
1.419991135597229004e+00 4.870966724721892752e-15 1.562657070722670515e-16
1.421069264411926270e+00 4.885762272728057243e-15 9.728539343918632854e-17
1.422142982482910156e+00 4.984292109767992848e-15 1.395055720240646175e-16
1.423221945762634277e+00 4.979436069881383944e-15 1.989520383282659239e-16
1.424299597740173340e+00 4.789688407718685481e-15 8.918400637217667676e-17
1.425376653671264648e+00 4.662765179253838474e-15 6.438585952677595373e-17
1.426460742950439453e+00 4.813261334640772660e-15 6.566051176349566726e-17
1.427549004554748535e+00 4.974090868467735682e-15 8.291483759686178213e-17
1.428637266159057617e+00 4.835537030604139877e-15 8.680031669226016670e-17
1.429726123809814453e+00 4.842710976150910174e-15 7.192204400739547233e-17
1.430817127227783203e+00 4.863620407970356205e-15 7.791939461598054164e-17
1.431906700134277344e+00 4.924522076877940399e-15 6.349090304355278118e-17
1.433001756668090820e+00 5.089011216553515626e-15 6.317617074664370479e-17
1.434096336364746094e+00 5.164889698517976732e-15 9.574841906916889845e-17
1.435196876525878906e+00 4.801633689857339252e-15 7.543345217746267651e-17
1.436302304267883301e+00 4.817709104646804991e-15 4.548587440834784136e-17
1.437414169311523438e+00 4.774590892466824832e-15 8.684286686296989444e-17
1.438508749008178711e+00 5.150244922376423506e-15 1.201069558149446396e-16
1.439619064331054688e+00 4.901573413237979640e-15 6.344411770810678194e-17
1.440717816352844238e+00 4.986058596979491692e-15 7.368091453981392741e-17
1.441821455955505371e+00 4.914157358218863153e-15 6.063396017413753250e-17
1.442929863929748535e+00 4.837965474063917956e-15 4.385710284267172647e-17
1.444047093391418457e+00 4.894684917794434043e-15 4.118006513904186089e-17
1.445155978202819824e+00 4.934111760390279960e-15 4.522535222006304019e-17
1.446273207664489746e+00 4.799303078702969044e-15 7.075837955654567385e-17
1.447389483451843262e+00 4.811402520838023097e-15 4.426088278688336140e-17
1.448501706123352051e+00 4.939268496973164141e-15 4.131911089128957463e-17
1.449627041816711426e+00 4.936038760345283494e-15 6.207876677158185403e-17
1.450735330581665039e+00 4.951089265268571529e-15 1.177749682320351440e-16
1.451870441436767578e+00 4.969837916039571840e-15 5.893986780984933013e-17
1.452996492385864258e+00 4.890848282059845689e-15 8.797477419574255709e-17
1.454127788543701172e+00 4.776052871333785754e-15 1.564019602627667862e-16
1.455255270004272461e+00 4.944596757727867317e-15 1.234466611421805365e-16
1.456373214721679688e+00 5.005337490375473194e-15 6.720384549806240502e-17
1.457517743110656738e+00 4.713026843794487775e-15 1.122910519383841892e-16
1.458657145500183105e+00 5.045090440656012018e-15 1.641482486189747739e-16
1.459793567657470703e+00 4.940998561767931049e-15 6.176667483518804690e-17
1.460930585861206055e+00 5.019998360143024252e-15 9.706389432347932900e-17
1.462070584297180176e+00 4.788917184220210441e-15 2.946255214513824184e-17
1.463212728500366211e+00 4.771190478700072443e-15 4.683704416045116016e-17
1.464354872703552246e+00 4.719239830462598068e-15 6.210637475170642388e-17
1.465500712394714355e+00 4.734500399556805170e-15 4.437592044903233607e-17
1.466645240783691406e+00 4.647875610590528755e-15 8.340123964937766368e-17
1.467797279357910156e+00 4.753767434491525112e-15 6.995310268661305035e-17
1.468942880630493164e+00 4.744066789663095238e-15 6.690004522012882944e-17
1.470097899436950684e+00 4.926055206512470683e-15 6.080727105607964286e-17
1.471252322196960449e+00 4.864099405102028512e-15 8.295011519562594366e-17
1.472406268119812012e+00 4.656724563790494431e-15 1.003418258025697658e-16
1.473565697669982910e+00 4.810525418221141269e-15 1.403980006433358280e-16
1.474722743034362793e+00 4.598934046898175282e-15 7.583312599711359821e-17
1.475880384445190430e+00 4.627734014137768748e-15 4.217859786984647335e-17
1.477043032646179199e+00 4.601514109255511881e-15 7.943620563138637913e-17
1.478208303451538086e+00 4.811269113148830545e-15 8.965890068801072059e-17
1.479375243186950684e+00 4.659750588994560419e-15 5.239932423661293861e-17
1.480551242828369141e+00 4.580207418983803583e-15 1.051816860363971324e-16
1.481719255447387695e+00 4.639927900446441655e-15 7.060394824490447379e-17
1.482887625694274902e+00 4.533254265135129579e-15 7.627380812281244881e-17
1.484061241149902344e+00 4.571464344902244695e-15 3.153018206869865041e-16
1.485235095024108887e+00 4.419051353955674027e-15 1.084935650078267455e-16
1.486414551734924316e+00 4.423269578033000443e-15 4.229395978679556880e-17
1.487597703933715820e+00 4.661025373580178141e-15 7.656703372379514649e-17
1.488782286643981934e+00 4.390781205824588126e-15 7.103153444714538486e-17
1.489976644515991211e+00 4.561916589520794221e-15 5.943132559026913578e-17
1.491148114204406738e+00 4.532319987794308086e-15 1.040799542523704042e-16
1.492328166961669922e+00 4.450351762455562188e-15 9.088562938876156190e-17
1.493521571159362793e+00 4.528168255803341133e-15 3.810757885432999447e-17
1.494708776473999023e+00 4.238462235535162687e-15 9.320476589367443368e-17
1.495906472206115723e+00 4.322839846092373442e-15 5.743291678734512473e-17
1.497102260589599609e+00 4.326845888416412655e-15 3.638442267203912891e-17
1.498289465904235840e+00 4.357735909453356107e-15 3.743709271957411193e-17
1.499490261077880859e+00 4.399977442532928065e-15 4.662990490017808118e-17
1.500687479972839355e+00 4.419640465370489393e-15 3.683474972368034782e-17
1.501859188079833984e+00 4.487176519837442895e-15 4.592234783909002215e-17
1.503019928932189941e+00 4.500255555575996547e-15 1.204612538149133524e-16
1.504267692565917969e+00 4.592390293864162185e-15 5.829606321293195805e-17
1.505487561225891113e+00 4.497934685300519764e-15 6.657129717492065455e-17
1.506696581840515137e+00 4.464220656417430474e-15 9.203540382276536994e-17
1.507909059524536133e+00 4.437161765400918223e-15 1.033103917325653702e-16
1.509122252464294434e+00 4.528313521953795245e-15 5.394540421081335242e-17
1.510335326194763184e+00 4.260965359844867684e-15 4.956131387705780362e-17
1.511553525924682617e+00 4.298026862935505968e-15 4.933922911747711654e-17
1.512787461280822754e+00 4.062555515247073118e-15 7.676229467047196399e-17
1.513996481895446777e+00 4.003021381032830991e-15 6.485767011328639987e-17
1.515210986137390137e+00 4.082688217853886956e-15 2.382098515290203059e-17
1.516432046890258789e+00 4.151333461965269964e-15 1.431038176148376385e-17
1.517654657363891602e+00 4.034915983145218044e-15 4.316083845130624138e-17
1.518872976303100586e+00 4.212761985366046333e-15 1.176482971017512235e-16
1.520096421241760254e+00 4.123576615800220169e-15 3.705156368839784701e-17
1.521329164505004883e+00 4.209068498199543956e-15 6.888991751913129324e-17
1.522562742233276367e+00 3.931750758301433279e-15 1.710040009451530723e-16
1.523789167404174805e+00 4.164953328240645486e-15 1.417288217523703423e-16
1.525025367736816406e+00 4.158263038506757395e-15 1.087165265788567388e-16
1.526261925697326660e+00 4.360721700592427516e-15 6.360877958956403784e-17
1.527500629425048828e+00 4.064445245752397462e-15 6.772452591516248403e-17
1.528740167617797852e+00 4.067273488763279571e-15 1.058895938220649139e-16
1.529974579811096191e+00 4.094636041091382489e-15 8.076347978995426606e-17
1.531206846237182617e+00 4.107850602101496829e-15 1.299722162027174672e-16
1.532462596893310547e+00 3.975366602337925340e-15 6.050883752596031132e-17
1.533716797828674316e+00 4.111226451912778843e-15 5.356275376816877203e-17
1.534959554672241211e+00 3.840527427464513269e-15 1.048149604749054229e-16
1.536216139793395996e+00 3.852424428725173544e-15 1.325425773858300441e-16
1.537449836730957031e+00 4.062530527775129116e-15 8.144305167655843105e-17
1.538711071014404297e+00 3.864273149107840324e-15 1.124109071004206727e-16
1.539970874786376953e+00 4.028522578459342585e-15 7.775446803672726877e-17
1.541246056556701660e+00 4.434515210957222162e-15 2.851003580268219933e-16
1.542494177818298340e+00 3.908662334225175561e-15 1.690477121790202614e-16
1.543750405311584473e+00 4.059200841259472461e-15 5.773970153292879164e-17
1.545016527175903320e+00 4.065275338040706676e-15 9.623205502971640267e-17
1.546277284622192383e+00 4.138633473470612612e-15 4.106261541822668159e-17
1.547546982765197754e+00 3.983607385881762428e-15 8.367516216358582390e-17
1.548822045326232910e+00 3.965125974005620849e-15 3.713200203988495363e-17
1.550083518028259277e+00 4.092462978065201581e-15 2.493685014487483981e-17
1.551366090774536133e+00 3.983552328740190898e-15 1.006269185637698421e-16
1.552638173103332520e+00 4.123580003932009186e-15 9.258050922899291476e-17
1.553899288177490234e+00 4.260387259858366624e-15 5.348524363605010312e-17
1.555181741714477539e+00 4.250115714823487351e-15 5.169280611437424618e-17
1.556464314460754395e+00 4.129910728179787827e-15 3.094452231314334580e-17
1.557729244232177734e+00 4.333123249588514275e-15 1.076155888882180615e-16
1.559024333953857422e+00 4.201822131335783417e-15 8.105819431603955919e-17
1.560307860374450684e+00 4.119762849955207681e-15 2.298820121887956870e-17
1.561594605445861816e+00 4.086803950944595601e-15 9.043847540195009641e-17
1.562874555587768555e+00 4.111331060481764749e-15 1.092339512130658091e-16
1.564169287681579590e+00 4.086203828101465929e-15 6.225852966230187801e-17
1.565461635589599609e+00 4.030851072031344656e-15 4.564398832807612749e-17
1.566752076148986816e+00 4.208985912487186662e-15 1.382005589501417576e-16
1.568049073219299316e+00 3.959473723148592902e-15 1.110739847071879672e-16
1.569358468055725098e+00 4.093001691019655316e-15 4.558879883760658949e-17
1.570655226707458496e+00 4.194787099192362825e-15 4.578786481510115091e-17
1.571959376335144043e+00 4.061479359887586529e-15 3.089777006492184868e-17
1.573258399963378906e+00 4.052928138768580740e-15 3.467540466077801971e-17
1.574557900428771973e+00 4.104969419531411326e-15 2.788549260263649204e-17
1.575870633125305176e+00 4.128676601175638311e-15 2.443758047075008337e-17
1.577163815498352051e+00 4.076573910524131789e-15 6.491602935986324108e-17
1.578459382057189941e+00 4.182047723665658148e-15 5.405240167740831166e-17
1.579770207405090332e+00 4.191291817735517955e-15 1.319336665758726089e-16
1.581079959869384766e+00 4.276220846741391260e-15 1.006031089970181158e-16
1.582393288612365723e+00 4.211375392431391043e-15 9.092942363911256940e-17
1.583711862564086914e+00 4.298586328197167433e-15 1.819782921586777960e-16
1.585031390190124512e+00 4.026087782252460098e-15 1.287177074682746450e-16
1.586354374885559082e+00 4.129205996767672249e-15 7.517993786332742459e-17
1.587666034698486328e+00 4.168723471888874377e-15 3.290727963166632135e-17
1.589006304740905762e+00 4.056357351655539775e-15 4.759765658602837038e-17
1.590340137481689453e+00 4.022528126291623901e-15 8.152656383120178473e-17
1.591678142547607422e+00 3.982752729637982839e-15 2.526833483442158515e-16
1.593002319335937500e+00 4.020408849857593642e-15 5.077217725365987787e-17
1.594320535659790039e+00 3.958417049546893163e-15 4.227168215853829066e-17
1.595656394958496094e+00 4.113637107680664581e-15 5.714521013540938086e-17
1.596991777420043945e+00 4.075177576710583074e-15 3.458118548028577964e-17
1.598312497138977051e+00 4.041296258820411061e-15 2.856811513133975260e-17
1.599642634391784668e+00 4.043665833490354966e-15 3.773091058187539757e-17
1.600985765457153320e+00 3.934338443955295167e-15 7.148304271270132949e-17
1.602316021919250488e+00 4.079632122980193440e-15 5.666964745764039419e-17
1.603660345077514648e+00 4.050270149380096746e-15 1.345924351684936284e-17
1.605001211166381836e+00 4.065364276500168378e-15 3.568823438128999870e-17
1.606351733207702637e+00 4.216721440877986560e-15 7.721091111260642323e-17
1.607711076736450195e+00 3.897528933166465037e-15 6.885792879048264255e-17
1.609043240547180176e+00 3.763483004648156618e-15 6.856252605012770531e-17
1.610394358634948730e+00 4.042889104277722773e-15 5.352467368148928085e-17
1.611744403839111328e+00 3.963303582619603221e-15 6.811298316570718668e-17
1.613069653511047363e+00 3.839669383088944662e-15 3.706907675632681971e-17
1.614433169364929199e+00 3.859854178222014640e-15 7.979376603169100108e-17
1.615824818611145020e+00 3.809310451709929657e-15 3.485091915187197133e-17
1.617180228233337402e+00 3.889420710278873247e-15 4.252086866370866514e-17
1.618548989295959473e+00 4.061451831316800765e-15 5.400516635570908356e-17
1.619903564453125000e+00 3.889754864776565069e-15 1.231352044804971701e-16
1.621259450912475586e+00 4.094257840880433444e-15 9.334403663904876185e-17
1.622630834579467773e+00 3.969363679840734113e-15 6.470985624654562404e-17
1.623986124992370605e+00 3.960510914992505793e-15 8.662606613314219610e-17
1.625369668006896973e+00 3.859100318898958312e-15 6.789599714742227646e-17
1.626739978790283203e+00 3.845325869110708880e-15 2.246741988574475822e-17
1.628127574920654297e+00 3.790518602258619377e-15 4.052181135118441252e-17
1.629498481750488281e+00 3.744317190150633565e-15 3.004921841406290098e-17
1.630867838859558105e+00 3.799558984904664524e-15 6.161556548088685981e-17
1.632256984710693359e+00 3.757948491370797020e-15 3.104917389552110465e-17
1.633616805076599121e+00 3.851403330507258485e-15 9.193712814854916983e-17
1.635006666183471680e+00 3.749036857732734526e-15 5.760047049222386602e-17
1.636384844779968262e+00 3.709972545238313449e-15 6.683624643384383952e-17
1.637766003608703613e+00 3.870816055108906167e-15 9.459731452874010514e-17
1.639153718948364258e+00 3.660443564197039118e-15 7.009777326702612468e-17
1.640552878379821777e+00 3.810164684437235619e-15 7.179563757490756886e-17
1.641942501068115234e+00 3.884848426429594534e-15 2.791043375246619093e-17
1.643310904502868652e+00 3.850830312718440951e-15 3.776891456793853388e-17
1.644712924957275391e+00 3.768286952008509383e-15 5.908388988066216288e-17
1.646113157272338867e+00 3.823234826329843100e-15 7.534902681542306429e-17
1.647508740425109863e+00 3.715807755211948324e-15 5.732105549874835369e-17
1.648917794227600098e+00 3.818398268201021045e-15 8.966835039932852637e-17
1.650309205055236816e+00 3.809998242463100149e-15 1.506246264622310214e-17
1.651710748672485352e+00 3.946233751150060934e-15 4.299092231859804865e-17
1.653117179870605469e+00 3.842215564128391089e-15 3.404939437319788836e-17
1.654530644416809082e+00 3.839446189907343154e-15 1.771903921022085604e-17
1.655925631523132324e+00 3.870413290942486748e-15 5.580511136862447178e-17
1.657345890998840332e+00 4.003631668271327715e-15 6.174163442368484165e-17
1.658749938011169434e+00 4.038203318013511983e-15 6.090580481064695952e-17
1.660187005996704102e+00 4.317966018513872198e-15 8.176461317660474524e-17
1.661586880683898926e+00 4.257647955306946216e-15 6.075308741723496934e-17
1.663010001182556152e+00 4.447927977676994007e-15 1.017953872796173486e-16
1.664405465126037598e+00 4.310307570121272441e-15 7.975635099822400253e-17
1.665807723999023438e+00 4.644681449346432789e-15 8.171032365864166493e-17
1.667234063148498535e+00 4.647260241154348506e-15 4.704539441314101677e-17
1.668653845787048340e+00 4.532224273071268350e-15 7.563174391390388831e-17
1.670078635215759277e+00 4.579507769769371531e-15 5.695231823400691523e-17
1.671492695808410645e+00 4.514937601167228962e-15 1.539589319544281722e-16
1.672931313514709473e+00 4.523849234805291455e-15 1.734388500915947620e-16
1.674386262893676758e+00 4.575529256016118082e-15 9.559993684049317977e-17
1.675808906555175781e+00 4.774413439064375056e-15 2.023625503159363600e-16
1.677239537239074707e+00 4.909036197019763653e-15 1.142867145016745242e-16
1.678679943084716797e+00 4.851309207598488576e-15 1.448372606152262135e-16
1.680094242095947266e+00 4.809602575825107709e-15 1.147846375257620443e-16
1.681538820266723633e+00 4.885676298883910931e-15 1.227674333627111936e-16
1.682982325553894043e+00 5.091348180454990241e-15 1.440890658250046493e-16
1.684413313865661621e+00 5.084748523246458360e-15 1.498193760620779996e-16
1.685837388038635254e+00 5.119578094521081563e-15 1.482528548005801754e-16
1.687277078628540039e+00 4.930016356090305418e-15 1.282516937634969705e-16
1.688711643218994141e+00 5.051152231943037418e-15 9.447919313726753279e-17
1.690183401107788086e+00 4.913356065050760585e-15 1.404864494118748981e-16
1.691619396209716797e+00 4.930677041789163773e-15 1.178012394882898281e-16
1.693072795867919922e+00 5.024723956955755994e-15 8.975563449756512185e-17
1.694529533386230469e+00 4.848759638427253132e-15 9.016193899700626862e-17
1.695989251136779785e+00 4.846987645501597136e-15 1.235696397382100202e-16
1.697425842285156250e+00 4.820127383711216018e-15 1.024216027079893931e-16
1.698889732360839844e+00 4.794353865192162167e-15 9.962895493322666612e-17
1.700343489646911621e+00 4.832351339689516453e-15 1.295647271806391445e-16
1.701800107955932617e+00 4.620951821329103565e-15 5.837458581412039186e-17
1.703264355659484863e+00 4.753736094272476703e-15 1.169994301594850269e-16
1.704737663269042969e+00 4.768622274803997405e-15 9.073583028855065880e-17
1.706213235855102539e+00 4.716672897115943910e-15 8.413796640758679267e-17
1.707678675651550293e+00 4.735394866349105711e-15 1.090577749774818150e-16
1.709119081497192383e+00 4.579661929765771813e-15 7.968759574570859487e-17
1.710588693618774414e+00 4.629913006394580435e-15 4.691010406087429377e-17
1.712048768997192383e+00 4.627014883165549847e-15 1.164958161327831420e-16
1.713568925857543945e+00 4.691401245618138233e-15 6.481247296461650244e-17
1.715048193931579590e+00 4.648271598493370141e-15 8.792023321487326066e-17
1.716483235359191895e+00 4.662257383001959521e-15 6.452305239445154869e-17
1.717967867851257324e+00 4.579961355912626209e-15 1.035196287228718837e-16
1.719437837600708008e+00 4.476899892604880096e-15 1.173753142647189236e-16
1.720923900604248047e+00 4.644891090000878228e-15 1.307303900998488711e-16
1.722394704818725586e+00 4.511775627175128658e-15 9.701590461306145254e-17
1.723880648612976074e+00 4.502595484092786551e-15 1.000094580150010589e-16
1.725360393524169922e+00 4.480625990539851763e-15 9.305329257990372326e-17
1.726845383644104004e+00 4.250195759437002882e-15 1.122877564508237779e-16
1.728310942649841309e+00 4.397200445015354842e-15 1.169801204552655891e-16
1.729827404022216797e+00 4.325711711300039147e-15 1.142458716317491059e-16
1.731318712234497070e+00 4.226101060219407055e-15 5.522401698830596984e-17
1.732801079750061035e+00 4.247037597093165223e-15 6.863228715426797745e-17
1.734292030334472656e+00 4.111835892118328312e-15 1.024464578310353864e-16
1.735794305801391602e+00 4.185479477651458946e-15 6.069446347286211116e-17
1.737291455268859863e+00 4.097770910029170655e-15 7.417020179830639392e-17
1.738789081573486328e+00 4.072737698306017062e-15 6.461848918480546681e-17
1.740284919738769531e+00 3.979272694774188546e-15 6.788430412228322686e-17
1.741789579391479492e+00 3.829678629476080190e-15 4.844873279211682991e-17
1.743297338485717773e+00 3.892470028888988728e-15 4.928711012144137537e-17
1.744801163673400879e+00 3.983979233345607066e-15 8.316137050662708650e-17
1.746300458908081055e+00 3.815700044747542471e-15 6.507183710004372937e-17
1.747814297676086426e+00 3.986259022523142015e-15 7.425223164529205257e-17
1.749322891235351562e+00 3.953373391862467431e-15 6.434058296876725121e-17
1.750841379165649414e+00 4.031960685192247790e-15 5.854304610895049127e-17
1.752333998680114746e+00 4.037850105274506940e-15 1.001663179289207146e-16
1.753866434097290039e+00 3.940493832382992168e-15 4.915091648794574447e-17
1.755379438400268555e+00 3.942006209710314721e-15 1.004475527197438436e-16
1.756898522377014160e+00 3.966656986057782996e-15 8.764621805643649450e-17
1.758412003517150879e+00 4.024772763601847797e-15 1.093731690188809338e-16
1.759938716888427734e+00 3.866656699821413926e-15 5.508654618794455707e-17
1.761427044868469238e+00 3.999789103306108581e-15 9.747214435172120049e-17
1.762969493865966797e+00 4.002407705662545251e-15 4.321955834863015571e-17
1.764486551284790039e+00 3.813321576231652396e-15 3.299425601871504711e-17
1.766000986099243164e+00 3.801363165082316184e-15 3.766691658096584514e-17
1.767538785934448242e+00 3.805712255749993389e-15 4.350537241132437826e-17
1.769065737724304199e+00 3.919251093098801569e-15 8.305863467454800047e-17
1.770603299140930176e+00 3.603266722675005709e-15 5.590176576884006796e-17
1.772137165069580078e+00 3.697972629474561776e-15 1.057066082356783834e-16
1.773668885231018066e+00 3.866888363332487977e-15 8.811029946730324514e-17
1.775211215019226074e+00 3.729859184773949912e-15 5.791913355140379440e-17
1.776745557785034180e+00 3.869780557330887785e-15 9.073655820748970546e-17
1.778267621994018555e+00 3.739071515108287683e-15 6.309994439883571818e-17
1.779804229736328125e+00 3.784080304826539440e-15 8.305046213009597655e-17
1.781350493431091309e+00 3.800285315656935087e-15 8.049054989248116947e-17
1.782874345779418945e+00 3.805966789150643306e-15 8.240038419541300231e-17
1.784415245056152344e+00 3.773930309019591159e-15 4.343983985447547719e-17
1.785965800285339355e+00 3.803760268323045854e-15 6.612254176644328640e-17
1.787505984306335449e+00 3.634086439977327054e-15 3.871532830270740517e-17
1.789053559303283691e+00 3.722228688468609548e-15 6.567278712378595419e-17
1.790606498718261719e+00 3.575991838256943611e-15 4.987019304395245479e-17
1.792158007621765137e+00 3.834272512665513888e-15 5.434139542237718804e-17
1.793719649314880371e+00 3.575560274970317545e-15 9.806050799526281844e-17
1.795249342918395996e+00 3.581446730437261305e-15 1.050068068200136215e-16
1.796803593635559082e+00 3.736175085945151603e-15 1.011033547442656848e-16
1.798367261886596680e+00 3.639554037651853563e-15 4.110578101131214879e-17
1.799917936325073242e+00 3.688858131445631877e-15 6.039523584935472872e-17
1.801477909088134766e+00 3.677450715228484587e-15 8.643753512792911003e-17
1.803042411804199219e+00 3.579640009160767883e-15 9.833136001503718182e-17
1.804605364799499512e+00 3.610498689978662926e-15 5.525865269491479022e-17
1.806162118911743164e+00 3.304891320191679499e-15 7.392021458230306811e-17
1.807717442512512207e+00 3.381781159495162239e-15 5.030728189707037504e-17
1.809284090995788574e+00 3.441879841168749357e-15 3.573240913472278059e-17
1.810852885246276855e+00 3.645852574647636540e-15 6.383734613642469045e-17
1.812423348426818848e+00 3.563936865351620409e-15 1.271310559393897303e-16
1.813983201980590820e+00 3.493478758974876384e-15 1.582244442930130193e-16
1.815568327903747559e+00 3.397596323411584095e-15 1.523108175973081173e-16
1.817142128944396973e+00 3.397223628914792203e-15 1.446097793293292305e-16
1.818712949752807617e+00 3.461599615213776723e-15 8.685191952759367478e-17
1.820273756980895996e+00 3.492599538775626421e-15 6.160827305660659232e-17
1.821848154067993164e+00 3.482207291545763410e-15 4.854674045981456285e-17
1.823428034782409668e+00 3.483746985685634914e-15 1.204367163292225794e-16
1.825006127357482910e+00 3.539714475917225996e-15 1.335829323684053376e-16
1.826590299606323242e+00 3.716281246629463478e-15 1.552611392317132522e-16
1.828174710273742676e+00 3.503563321486649271e-15 1.269771077012262612e-16
1.829759001731872559e+00 3.456517205772014108e-15 2.686332699085899455e-16
1.831345677375793457e+00 3.528059937837717264e-15 4.331502028527469544e-16
1.832926630973815918e+00 3.423054745674259346e-15 3.441127993548942759e-16
1.834511041641235352e+00 3.077469750117477892e-15 3.052494983667684847e-16
1.836096286773681641e+00 3.128412852664193278e-15 3.058686529814317765e-16
1.837682962417602539e+00 3.909690632223142281e-15 4.268924028477709886e-16
1.839270472526550293e+00 3.419463537736137926e-15 2.020946232068079841e-16
1.840859413146972656e+00 3.499109622249986160e-15 3.188770408782284991e-16
1.842454075813293457e+00 4.173030210909188867e-15 3.787978191631126120e-16
1.844051837921142578e+00 3.476446196955013286e-15 1.558373598638625917e-16
1.845644593238830566e+00 3.757738003683404326e-15 2.019753900845921405e-16
1.847245216369628906e+00 3.692887890692194211e-15 1.676155515187806506e-16
1.848846316337585449e+00 3.413088132500391621e-15 2.116590810191871282e-16
1.850444078445434570e+00 3.265838019125572728e-15 1.987275084227945300e-16
1.852045416831970215e+00 3.014191942034608572e-15 2.656845364609609125e-16
1.853633642196655273e+00 2.924446048415936875e-15 2.311190806472034412e-16
1.855247378349304199e+00 3.428316514342603059e-15 4.390386964927200453e-16
1.856851816177368164e+00 3.616220397537365724e-15 1.748440777510896463e-16
1.858458280563354492e+00 3.463274622866972102e-15 1.335061567726706158e-16
1.860065937042236328e+00 3.683525212009718802e-15 1.386912424895082136e-16
1.861679077148437500e+00 3.407322802744905225e-15 1.336275604168137986e-16
1.863284707069396973e+00 3.330289391356862881e-15 1.034122011223583969e-16
1.864894270896911621e+00 3.220304704254733745e-15 1.788383674929857063e-16
1.866506218910217285e+00 3.042459972583326337e-15 1.865950981772465634e-16
1.868119359016418457e+00 3.181055103303100789e-15 3.168164744153548033e-16
1.869732379913330078e+00 3.411799371871144203e-15 4.046608320069997999e-16
1.871348381042480469e+00 3.135308759646027350e-15 5.083135772514886172e-16
1.872963905334472656e+00 2.334782156360724371e-15 2.993606341498809701e-16
1.874581694602966309e+00 2.887458872466420155e-15 6.493779148916277617e-16
1.876200199127197266e+00 3.525031371534809513e-15 6.903506984953311845e-16
1.877821683883666992e+00 3.507745758421954192e-15 4.434725963342410872e-16
1.879446387290954590e+00 2.917719548023553662e-15 2.034930613678350331e-16
1.881068229675292969e+00 3.094877335974737832e-15 1.387802074187495169e-16
1.882689833641052246e+00 3.125755710308656538e-15 1.046651018176904160e-16
1.884319305419921875e+00 3.251220983313042080e-15 7.973334875975012794e-17
1.885943174362182617e+00 3.263126878419648526e-15 5.271228967573360173e-17
1.887572169303894043e+00 3.130699418105306261e-15 7.606918349160153104e-17
1.889200687408447266e+00 3.204817130330662490e-15 1.223899478358113943e-16
1.890832543373107910e+00 3.094564357300727368e-15 8.304164107604371107e-17
1.892460942268371582e+00 3.129350306378566975e-15 5.672346713701554438e-17
1.894097805023193359e+00 3.157982137578130462e-15 1.424269621893650977e-16
1.895729422569274902e+00 3.069070147896030623e-15 1.509099706863373139e-16
1.897365093231201172e+00 3.069039442951692655e-15 1.968458644351385044e-16
1.899000287055969238e+00 3.026509071637106980e-15 2.170759625959967857e-16
1.900638222694396973e+00 3.159035211289804371e-15 2.858887868820381368e-16
1.902275204658508301e+00 2.895694573812573717e-15 2.723674146565605286e-16
1.903914690017700195e+00 2.821973696523006128e-15 1.223987093328595560e-16
1.905557155609130859e+00 2.537101269768334347e-15 2.512014906727740547e-16
1.907197237014770508e+00 3.054662329221471788e-15 1.617500468823916335e-16
1.908840656280517578e+00 3.074847336112778579e-15 2.203322616477077357e-16
1.910486936569213867e+00 2.828531637358885735e-15 1.345889560468372303e-16
1.912129163742065430e+00 2.995943675977198739e-15 1.579637301988261059e-16
1.913774847984313965e+00 3.069508275687997910e-15 1.707133892349060422e-16
1.915423393249511719e+00 3.081613011778972303e-15 8.058181107510291991e-17
1.917080879211425781e+00 2.797776929835266158e-15 5.800905139271075872e-17
1.918712258338928223e+00 2.978366260014014312e-15 3.441370721427890319e-16
1.920363306999206543e+00 2.869866845184895592e-15 1.624099120180823351e-16
1.922019600868225098e+00 3.156261390145783351e-15 1.251309199833467085e-16
1.923678040504455566e+00 2.727107912254655812e-15 1.053654260115023113e-16
1.925334334373474121e+00 2.684112519852027527e-15 7.857792302780135761e-17
1.926993489265441895e+00 2.905611635559027066e-15 1.869672103388872182e-16
1.928649306297302246e+00 2.866070867031775445e-15 1.291749332062245561e-16
1.930306673049926758e+00 3.064439630531628177e-15 1.387999935790017853e-16
1.931963801383972168e+00 2.951804789095777148e-15 8.500199295334538241e-17
1.933620572090148926e+00 2.844832362912321118e-15 5.922168493582369644e-17
1.935284256935119629e+00 2.680785586193449449e-15 3.953653667123779999e-17
1.936945319175720215e+00 2.636686509860548810e-15 3.782349194475478264e-17
1.938614606857299805e+00 2.569575030658406527e-15 9.461547941499176963e-17
1.940277218818664551e+00 2.512510632760121126e-15 5.103344059577352655e-17
1.941939949989318848e+00 2.494011433192087207e-15 3.474235996828051198e-17
1.943601131439208984e+00 2.514995192152654803e-15 5.284097581798970135e-17
1.945265650749206543e+00 2.594685745896233887e-15 4.555555941187175862e-17
1.946938872337341309e+00 2.466850686463667626e-15 4.497385291789996744e-17
1.948603987693786621e+00 2.463386109951160724e-15 3.929301469890218864e-17
1.950275063514709473e+00 2.367094345716107794e-15 6.197486626920029333e-17
1.951947689056396484e+00 2.370317941355120847e-15 2.319933907023372902e-17
1.953622937202453613e+00 2.291468703086402096e-15 4.753668344871586160e-17
1.955297350883483887e+00 2.379746900365718905e-15 2.568809061411182423e-17
1.956970334053039551e+00 2.380877901108540209e-15 3.480778664601100626e-17
1.958644747734069824e+00 2.388980406523738033e-15 5.775488195153036480e-17
1.960321426391601562e+00 2.276715294969363507e-15 5.382516854569509453e-17
1.962001562118530273e+00 2.208187576679412033e-15 6.122514284920673117e-17
1.963676095008850098e+00 2.373677485782168216e-15 9.353040373977940919e-17
1.965356707572937012e+00 2.274595383260622806e-15 8.635546557627404884e-17
1.967039942741394043e+00 2.379471826416098071e-15 7.578984790746482380e-17
1.968720197677612305e+00 2.400325565819262132e-15 5.660585528880030469e-17
1.970400452613830566e+00 2.277817920108451792e-15 9.952095161500684240e-17
1.972085356712341309e+00 2.228209106211898743e-15 4.610831458440419384e-17
1.973772644996643066e+00 2.293121264366495236e-15 1.240620570481403874e-16
1.975460171699523926e+00 2.201022736736824720e-15 5.383624614845840468e-17
1.977147817611694336e+00 2.262104611903937267e-15 6.226874037978323258e-17
1.978836536407470703e+00 2.095005763717871540e-15 5.050102414014254518e-17
1.980534553527832031e+00 2.192965971100778629e-15 3.090954580812215358e-17
1.982250809669494629e+00 2.131755558683920242e-15 4.188401900138163892e-17
1.983957886695861816e+00 2.027573682545193504e-15 5.324284993807001411e-17
1.985593676567077637e+00 2.171032264689865335e-15 5.864825686542233596e-17
1.987309813499450684e+00 2.078709908603882869e-15 2.458323705045332091e-17
1.988985061645507812e+00 2.067792077430248565e-15 2.078423472501368007e-17
1.990691423416137695e+00 2.033862055145609429e-15 3.885968124576525914e-17
1.992370367050170898e+00 2.065447913748722289e-15 2.398203390944365486e-17
1.994068384170532227e+00 1.988366856757396890e-15 2.885332700654803654e-17
1.995755076408386230e+00 2.029493270961908562e-15 5.037639449161040561e-17
1.997445702552795410e+00 2.011762118518797479e-15 5.025881903934211825e-17
1.999159455299377441e+00 1.919067914968970376e-15 1.047526241439434268e-16
2.000860929489135742e+00 1.936771327083058880e-15 1.091314668438929391e-16
2.002566099166870117e+00 1.961048350142551196e-15 1.132071842452887192e-16
2.004271030426025391e+00 2.055347045852714757e-15 7.212446502945454884e-17
2.005977869033813477e+00 1.996497526018090919e-15 2.285946379142549079e-17
2.007679462432861328e+00 2.084738030331254911e-15 5.765058440245477865e-17
2.009379625320434570e+00 2.008553345956361376e-15 6.713585125171054615e-17
2.011080741882324219e+00 2.125275968395661658e-15 8.326231962858305800e-17
2.012786149978637695e+00 2.049078790284796121e-15 5.198688205702664837e-17
2.014491796493530273e+00 2.072036136012466237e-15 7.506941329860053924e-17
2.016202449798583984e+00 1.921158180524557176e-15 6.046115883545275481e-17
2.017911434173583984e+00 1.988489041260038323e-15 8.977192002946506586e-17
2.019619226455688477e+00 2.062417441621683216e-15 1.119458992472678626e-16
2.021323442459106445e+00 2.073188100820732085e-15 1.814709326581622709e-16
2.023038625717163086e+00 2.138501540834090303e-15 1.088471086190768099e-16
2.024747848510742188e+00 2.003903770350645708e-15 3.479681823108855311e-17
2.026466846466064453e+00 2.024992773154909650e-15 6.425705096178919626e-17
2.028182029724121094e+00 2.114442417000279156e-15 6.066497613838582083e-17
2.029896020889282227e+00 1.938362266716239270e-15 3.003650299368673584e-17
2.031610727310180664e+00 1.933868968689292020e-15 2.482617503327646982e-17
2.033337354660034180e+00 1.907953148635099447e-15 3.895860542958170082e-17
2.035055875778198242e+00 1.854681764274618803e-15 6.940079088288894356e-17
2.036767721176147461e+00 1.934016775938587895e-15 6.998149152523587026e-17
2.038472175598144531e+00 1.937909104089458219e-15 4.816948654348627841e-17
2.040212154388427734e+00 1.803302228001830640e-15 3.932840148550720717e-17
2.041933059692382812e+00 1.881052229263250122e-15 3.501064441943351076e-17
2.043660640716552734e+00 1.812647542508887336e-15 6.216505163563848546e-17
2.045384645462036133e+00 1.718030997685266598e-15 4.254160773602659465e-17
2.047105789184570312e+00 1.740571603202887598e-15 4.072926824881271187e-17
2.048825025558471680e+00 1.799640081054376672e-15 3.503947662686465910e-17
2.050545454025268555e+00 1.820242463430443020e-15 4.516213576892928760e-17
2.052271842956542969e+00 1.853013956401475086e-15 5.914307630785155712e-17
2.054002046585083008e+00 1.983018690728433238e-15 7.136887855327921082e-17
2.055732250213623047e+00 1.810166583006379490e-15 5.393498835254008470e-17
2.057457923889160156e+00 1.849537309669469810e-15 4.994779912902217985e-17
2.059195518493652344e+00 1.844649506047338870e-15 2.795442652616421115e-17
2.060929298400878906e+00 1.857472102561111282e-15 4.605729077549947288e-17
2.062668800354003906e+00 1.888192505250367061e-15 5.112044014387940379e-17
2.064389705657958984e+00 1.813784895998813047e-15 3.489217561210366614e-17
2.066116094589233398e+00 1.778252710894442402e-15 5.757715061639477106e-17
2.067838430404663086e+00 1.816395239784013987e-15 6.777326339685410843e-17
2.069576263427734375e+00 1.799965129947885510e-15 6.375360237120982192e-17
2.071313858032226562e+00 1.751199960866797745e-15 4.543654797406007921e-17
2.073043823242187500e+00 1.801406780024112329e-15 8.252620829274966846e-17
2.074782371520996094e+00 1.847123265769795054e-15 6.664173325844076996e-17
2.076529026031494141e+00 1.693704740835715126e-15 4.070262972436605416e-17
2.078274726867675781e+00 1.775344105632689542e-15 4.075562222312865133e-17
2.079998254776000977e+00 1.795413386647577714e-15 3.377514760418960735e-17
2.081749916076660156e+00 1.715052618084483664e-15 3.122580011735832755e-17
2.083489179611206055e+00 1.781265395329589135e-15 3.266410838391043249e-17
2.085215091705322266e+00 1.742719255240650876e-15 3.328863636383286881e-17
2.086964607238769531e+00 1.807077030331269429e-15 4.689811325071472508e-17
2.088711738586425781e+00 1.832797185774646259e-15 4.522720179591270876e-17
2.090448141098022461e+00 1.802028925723870613e-15 3.134676701013808231e-17
2.092203617095947266e+00 1.779838356571702453e-15 1.978758465728323830e-17
2.093944311141967773e+00 1.826620198006794274e-15 4.255899176378000908e-17
2.095696449279785156e+00 1.862579711233054713e-15 4.987573846277901029e-17
2.097432374954223633e+00 1.818223136884188768e-15 3.429394866693796589e-17
2.099196910858154297e+00 1.831143989219842678e-15 4.339819627371710757e-17
2.100921392440795898e+00 1.861500379500015921e-15 1.624276500791379223e-17
2.102675437927246094e+00 1.829736855736216472e-15 4.130165738036470574e-17
2.104416370391845703e+00 1.909880783864813421e-15 4.424784642042952569e-17
2.106189250946044922e+00 1.825305602872655600e-15 3.031895208564909267e-17
2.107911348342895508e+00 1.887560406913478539e-15 4.411769782285043231e-17
2.109664440155029297e+00 1.795814244989865811e-15 6.849520678315568971e-17
2.111416578292846680e+00 1.859149651313148424e-15 5.424453919009212892e-17
2.113166809082031250e+00 1.857022751582592876e-15 1.615820729697617152e-17
2.114919662475585938e+00 1.885564162015036967e-15 3.800077660235959775e-17
2.116677045822143555e+00 1.884472336546026174e-15 1.462369296210047414e-17
2.118428468704223633e+00 1.835129490994910975e-15 3.711299673813093526e-17
2.120184183120727539e+00 1.906917650857081065e-15 1.837911610414837127e-17
2.121934652328491211e+00 1.874529863811155196e-15 3.621991960925948319e-17
2.123690605163574219e+00 1.797334457371950467e-15 3.186799667516489654e-17
2.125446796417236328e+00 1.833729345533099617e-15 3.928994751319084201e-17
2.127203226089477539e+00 1.829567449146765612e-15 4.396063607686131363e-17
2.128967046737670898e+00 1.859805678330796880e-15 2.334137259885398429e-17
2.130726337432861328e+00 1.887747177678348112e-15 2.226507992738571191e-17
2.132492780685424805e+00 1.923721513981185502e-15 2.515132815154248925e-17
2.134242534637451172e+00 1.859356539110515287e-15 1.577881263722259985e-17
2.136006116867065430e+00 1.835025517700635510e-15 2.557525821547591594e-17
2.137762308120727539e+00 1.869155228002589847e-15 1.505309730732777676e-17
2.139502525329589844e+00 1.902446375686762427e-15 2.581171937410277464e-17
2.141283273696899414e+00 1.863694618349878186e-15 4.281647323613306533e-17
2.143040180206298828e+00 1.904054255978887902e-15 2.449711762251920009e-17
2.144792079925537109e+00 1.947448600899672963e-15 4.295586309551560112e-17
2.146567583084106445e+00 1.947436530680174589e-15 3.948750471324810672e-17
2.148332834243774414e+00 1.958599577892039013e-15 3.676889622075377618e-17
2.150092840194702148e+00 1.927069835221681751e-15 2.333996804617386925e-17
2.151859998703002930e+00 1.860972466215639678e-15 4.854142996028197241e-17
2.153625965118408203e+00 1.915644631312642121e-15 3.537060033479208629e-17
2.155410528182983398e+00 1.793710850423596570e-15 3.287062560436287159e-17
2.157170295715332031e+00 1.813675205232143615e-15 2.092908893952274117e-17
2.158930540084838867e+00 1.775244155744913534e-15 3.089454075181044166e-17
2.160707950592041016e+00 1.772085781642839062e-15 2.254445356183059658e-17
2.162463426589965820e+00 1.782958402432913668e-15 2.851801445599864082e-17
2.164234399795532227e+00 1.792318328258310500e-15 4.375106490558732875e-17
2.166001558303833008e+00 1.794467462603731474e-15 6.163535164113912823e-17
2.167772769927978516e+00 1.798019707026279196e-15 7.005196069598048779e-17
2.169543743133544922e+00 1.723263543716930038e-15 5.166304415593458825e-17
2.171310424804687500e+00 1.724083895126345828e-15 5.187509025160133179e-17
2.173089742660522461e+00 1.740043901676748168e-15 4.987877917871075522e-17
2.174849748611450195e+00 1.781050248960986543e-15 3.867462439912489579e-17
2.176623582839965820e+00 1.657750945081848653e-15 5.874055698689345300e-17
2.178397417068481445e+00 1.753698919819434744e-15 4.190766644073330488e-17
2.180171966552734375e+00 1.747288256837258979e-15 5.030727197090302440e-17
2.181946039199829102e+00 1.715183061158360826e-15 4.706514748616878307e-17
2.183727025985717773e+00 1.752979259451623809e-15 4.946522526838119372e-17
2.185500383377075195e+00 1.777750208598483789e-15 3.588279718752982145e-17
2.187277793884277344e+00 1.806923082093105960e-15 2.477160427390512148e-17
2.189042806625366211e+00 1.719922422256485450e-15 2.548577050808747919e-17
2.190776586532592773e+00 1.758371894710318312e-15 4.197838707438413853e-17
2.192596912384033203e+00 1.752429852706210989e-15 7.810108980061148949e-17
2.194373607635498047e+00 1.805471479379748903e-15 7.090215016445229048e-17
2.196153640747070312e+00 1.702396145907491502e-15 7.129360511753688530e-17
2.197938442230224609e+00 1.732296726582923524e-15 4.316661878942676194e-17
2.199710607528686523e+00 1.723529723820604702e-15 5.432978842402184396e-17
2.201461076736450195e+00 1.769874602134031711e-15 6.165697745107371459e-17
2.203239202499389648e+00 1.792864664509289524e-15 5.776788523075969840e-17
2.205044984817504883e+00 1.697481872505758865e-15 6.673120111349450543e-17
2.206829071044921875e+00 1.852904900909516095e-15 5.052696452415220813e-17
2.208603143692016602e+00 1.787895757482458985e-15 7.789563137134311826e-17
2.210386514663696289e+00 1.748977028775847240e-15 4.596467632539558569e-17
2.212167501449584961e+00 1.739841037285880763e-15 6.887072031147516257e-17
2.213949441909790039e+00 1.809873509606629502e-15 3.899783033422896540e-17
2.215734243392944336e+00 1.758466127125700353e-15 3.788695985879475135e-17
2.217522144317626953e+00 1.841920577649522328e-15 5.880339624366788141e-17
2.219295024871826172e+00 1.744062967132351417e-15 2.957809273309964875e-17
2.221076965332031250e+00 1.754995833140799485e-15 5.670947785849604758e-17
2.222876071929931641e+00 1.759129671560755691e-15 4.119323054567125488e-17
2.224649906158447266e+00 1.727312043567450373e-15 2.590163059796483854e-17
2.226449012756347656e+00 1.637249359626505568e-15 6.142296474706001284e-17
2.228209972381591797e+00 1.767748655315541824e-15 4.210892610121235694e-17
2.230001688003540039e+00 1.757900203237816074e-15 5.235492449005354229e-17
2.231805086135864258e+00 1.706279897849770875e-15 6.253087722462373726e-17
2.233567714691162109e+00 1.760341881587395001e-15 7.798220740297536835e-17
2.235354661941528320e+00 1.797574167696023434e-15 1.166259680390846856e-16
2.237142086029052734e+00 1.619378658505334339e-15 8.572619288835800835e-17
2.238923788070678711e+00 1.743953594003037205e-15 3.336390318213029390e-17
2.240709066390991211e+00 1.685729607999960668e-15 3.497419553292197415e-17
2.242494106292724609e+00 1.637366567810581881e-15 3.936144900533992573e-17
2.244281530380249023e+00 1.692327465263479633e-15 4.190404008092787241e-17
2.246068000793457031e+00 1.697491401626415475e-15 5.466092867556152221e-17
2.247855663299560547e+00 1.607239299942640927e-15 2.986827761815060149e-17
2.249670743942260742e+00 1.673305540487871404e-15 3.231805902901009847e-17
2.251432657241821289e+00 1.683043243007743654e-15 5.048072181918804367e-17
2.253221988677978516e+00 1.671600463165048497e-15 6.040229004561858094e-17
2.255009651184082031e+00 1.572160806860643367e-15 3.089962625821641767e-17
2.256798982620239258e+00 1.616484135166329581e-15 6.960480009172412188e-17
2.258586406707763672e+00 1.614735435646723078e-15 4.698761088427051247e-17
2.260374546051025391e+00 1.550988900706666909e-15 6.637778985114244946e-17
2.262123584747314453e+00 1.475474007634814712e-15 6.430269809671232254e-17
2.263920545578002930e+00 1.519406430235343067e-15 7.688355273082733742e-17
2.265732288360595703e+00 1.588668631969682426e-15 8.736638616393225545e-17
2.267523288726806641e+00 1.617003684000351688e-15 6.686918145711325087e-17
2.269325017929077148e+00 1.562949535317489664e-15 7.374815439744713793e-17
2.271111726760864258e+00 1.547951969953405022e-15 6.070088239441552265e-17
2.272902727127075195e+00 1.556228011243671570e-15 6.491006704200795886e-17
2.274693727493286133e+00 1.561701220511473639e-15 5.582728642648579335e-17
2.276484489440917969e+00 1.407546306308874503e-15 4.692863952404038202e-17
2.278275728225708008e+00 1.453517431334325552e-15 3.805310735663215249e-17
2.280065298080444336e+00 1.460707258748856867e-15 7.230917776896009013e-17
2.281856536865234375e+00 1.403679389146421808e-15 7.448070554792409924e-17
2.283646821975708008e+00 1.479678679184985059e-15 4.586432608220310258e-17
2.285449743270874023e+00 1.388439995875896064e-15 3.691737844942949486e-17
2.287239789962768555e+00 1.402635103401575663e-15 1.754167646676621593e-16
2.289020299911499023e+00 1.372081883840284202e-15 5.220291185452344729e-17
2.290811300277709961e+00 1.443701166508595465e-15 6.333271302320814017e-17
2.292603015899658203e+00 1.364810105988106034e-15 9.209406085436273024e-17
2.294394254684448242e+00 1.476832860240447423e-15 7.582454978852264842e-17
2.296186923980712891e+00 1.407281714391975941e-15 6.412285579665349348e-17
2.297978639602661133e+00 1.354013612284165908e-15 6.176651601651043672e-17
2.299770593643188477e+00 1.274955368635712159e-15 1.104253361406034846e-16
2.301562309265136719e+00 1.269506723323380465e-15 7.495326390570829331e-17
2.303370952606201172e+00 1.260005872391384198e-15 4.607542919197153567e-17
2.305151462554931641e+00 1.259914392833080734e-15 3.668648256196389292e-17
2.306937456130981445e+00 1.319883054949264316e-15 4.631144036434516552e-17
2.308712005615234375e+00 1.399296628919091245e-15 5.162324353358098677e-17
2.310521364212036133e+00 1.158652027505302756e-15 2.613513375872120761e-17
2.312311887741088867e+00 1.212562815861841989e-15 2.671219480637290099e-17
2.314103603363037109e+00 1.263301677589150681e-15 4.390909941597680979e-17
2.315895795822143555e+00 1.227170004916360805e-15 2.051352001722100049e-17
2.317687034606933594e+00 1.293519472103329439e-15 5.634166041859576808e-17
2.319478988647460938e+00 1.344780212005265187e-15 5.292173511555447855e-17
2.321270704269409180e+00 1.352500176165659287e-15 6.643223157033823953e-17
2.323062658309936523e+00 1.268454496644653810e-15 5.247980891021434820e-17
2.324854135513305664e+00 1.360095308845451784e-15 7.970908258930027232e-17
2.326645374298095703e+00 1.234730197487079063e-15 4.900619627669591696e-17
2.328448772430419922e+00 1.192910275057002933e-15 5.169989339786260052e-17
2.330226182937622070e+00 1.189839145348495653e-15 2.916495572179881397e-17
2.332018375396728516e+00 1.260768096164794662e-15 3.232295924695886260e-17
2.333808422088623047e+00 1.245409800644298095e-15 3.065746086208539329e-17
2.335594654083251953e+00 1.188391989558111681e-15 8.958526176115879985e-17
2.337385416030883789e+00 1.190710954009457142e-15 2.891837648991920663e-17
2.339177846908569336e+00 1.191816014368268783e-15 3.057995734741162481e-17
2.340968608856201172e+00 1.180368999360837355e-15 4.229323186785652214e-17
2.342760562896728516e+00 1.082387722033367316e-15 5.861893496706855624e-17
2.344559431076049805e+00 1.300390815129693137e-15 3.521991118824207613e-17
2.346349239349365234e+00 1.497968343977691946e-15 5.876122326731747785e-17
2.348128795623779297e+00 1.144664125414345240e-15 2.759861147695207609e-17
2.349918127059936523e+00 1.327618583340064214e-15 7.546010062807668485e-17
2.351707696914672852e+00 1.172462370314692089e-15 9.676005434087635087e-17
2.353496313095092773e+00 1.213536056718237180e-15 5.057434542963924556e-17
2.355285644531250000e+00 1.295958079958474569e-15 4.893193200130090614e-17
2.357073545455932617e+00 1.355779358341835904e-15 4.798272570478405582e-17
2.358861923217773438e+00 1.349299238657985286e-15 7.014341378450435053e-17
2.360653162002563477e+00 1.318184224494427410e-15 8.309661880827643550e-17
2.362439870834350586e+00 1.265454200066360672e-15 1.944081830222794331e-16
2.364221811294555664e+00 1.384286463939916195e-15 1.049327576115778745e-16
2.366007566452026367e+00 1.302329250029484603e-15 6.001082847508908569e-17
2.367794036865234375e+00 1.240556513614767768e-15 7.746618566708518799e-17
2.369607210159301758e+00 1.118751587612823277e-15 6.167984072320468027e-17
2.371392488479614258e+00 1.103999026528731942e-15 1.986436687046286054e-17
2.373152017593383789e+00 1.227341105571706174e-15 4.626350359348649246e-17
2.374937534332275391e+00 1.347655253586483096e-15 8.318666899848140830e-17
2.376722097396850586e+00 1.128986392593615395e-15 3.104914080829660253e-17
2.378504753112792969e+00 1.164701960331066596e-15 5.290739511245525926e-17
2.380287885665893555e+00 1.047637665976667611e-15 3.883445223708239180e-17
2.382071256637573242e+00 1.117478179455744843e-15 7.077906568930439997e-17
2.383854389190673828e+00 1.095461040299527001e-15 5.614607521711882979e-17
2.385636568069458008e+00 1.205855267831653591e-15 5.610717125854923579e-17
2.387417554855346680e+00 1.074927691108661879e-15 5.894506250409616314e-17
2.389190435409545898e+00 1.083352598439408371e-15 4.940867258426216832e-17
2.390936851501464844e+00 1.163373918548890260e-15 4.811014129761927399e-17
2.392760276794433594e+00 1.018149907983903653e-15 4.417854191998738282e-17
2.394540309906005859e+00 1.172925591457721784e-15 7.314754186339483474e-17
2.396287202835083008e+00 1.082380628132434061e-15 7.240132568919849742e-17
2.398080587387084961e+00 9.610783103055665910e-16 3.916316388634361436e-17
2.399874448776245117e+00 1.172604989487186031e-15 5.967892390866340845e-17
2.401651620864868164e+00 1.050738018321855163e-15 3.739455247503173482e-17
2.403411626815795898e+00 1.086600122759181358e-15 6.133344395244707398e-17
2.405187606811523438e+00 1.061358858568358429e-15 3.287810331710035096e-17
2.406948089599609375e+00 1.089162397424625617e-15 6.729424641284710031e-17
2.408741235733032227e+00 1.214894379928277857e-15 6.812097042170199871e-17
2.410522937774658203e+00 1.222663260241375893e-15 7.953632095528489717e-17
2.412300586700439453e+00 1.172328962625499536e-15 8.303403763185312363e-17
2.414072751998901367e+00 1.398996991014000036e-15 1.861205082638779391e-16
2.415843486785888672e+00 1.295615666889547019e-15 8.736287230069013018e-17
2.417616128921508789e+00 1.690163507841481710e-15 1.849794622396977906e-16
2.419389486312866211e+00 1.408678048205524655e-15 1.871724040703595725e-16
2.421159982681274414e+00 1.200747341522354940e-15 6.504067555200763171e-17
2.422928333282470703e+00 1.456906516035408414e-15 1.029985446416328788e-16
2.424697399139404297e+00 1.491454766492424783e-15 7.015580164135794467e-17
2.426463603973388672e+00 1.146640570917644743e-15 5.006586758093554881e-17
2.428228616714477539e+00 1.120511722077217713e-15 4.833140549403230847e-17
2.429991722106933594e+00 1.105143473919590908e-15 5.662645539477532530e-17
2.431753635406494141e+00 1.227435867382680248e-15 9.793285086568873478e-17
2.433520317077636719e+00 1.285856365029519784e-15 1.153956262134182126e-16
2.435284614562988281e+00 1.262050186409582452e-15 1.003848722816470254e-16
2.437048196792602539e+00 1.289046185229761072e-15 8.526420920752469219e-17
2.438810586929321289e+00 1.119157422273676494e-15 7.613182422502894672e-17
2.440570831298828125e+00 1.213371838205588252e-15 7.065579592569929757e-17
2.442326545715332031e+00 1.167909250585845004e-15 5.461116548991033206e-17
2.444074392318725586e+00 1.196484224698824046e-15 9.276467272057172084e-17
2.445821523666381836e+00 1.268182916705940400e-15 1.689720880186982134e-16
2.447595119476318359e+00 1.247673072679361585e-15 1.230254475393787340e-16
2.449351549148559570e+00 8.070616212920475162e-16 1.472800242257688106e-16
2.451107263565063477e+00 1.018805405605960075e-15 1.938781521555350547e-16
2.452861070632934570e+00 1.492872064371418041e-15 2.618175928287286161e-16
2.454613924026489258e+00 1.039304026445987770e-15 1.649892199867002856e-16
2.456364870071411133e+00 1.066694213223994860e-15 1.899736743758275522e-16
2.458105564117431641e+00 1.252335353779286068e-15 2.624466471409629426e-16
2.459857702255249023e+00 1.237434350171188416e-15 2.210174318926976596e-16
2.461604118347167969e+00 1.108099830663745230e-15 2.172829165678126528e-16
2.463349103927612305e+00 8.378420574414399431e-16 1.921137031170655420e-16
2.465113639831542969e+00 1.162740126146107229e-15 4.644741694564806251e-16
2.466849565505981445e+00 9.193007395228531761e-16 5.584215053122112624e-16
2.468569755554199219e+00 1.142836863588880900e-15 2.987129186430274473e-16
2.470335721969604492e+00 8.097354925482925288e-16 2.941789630346119911e-16
2.472058057785034180e+00 6.919359735956768110e-16 3.271774608355082102e-16
2.473795890808105469e+00 9.035594792310792586e-16 2.929701940793209012e-16
2.475529909133911133e+00 6.681029016796641556e-16 3.042699841726076914e-16
2.477269411087036133e+00 1.233363192189329029e-15 2.651812400716142479e-16
2.478999614715576172e+00 7.055450931405340444e-16 2.708380966702928893e-16
2.480712652206420898e+00 6.607723609167702201e-16 1.480648664258489241e-16
2.482443094253540039e+00 1.433605486689389866e-15 1.647040742859410059e-16
2.484191417694091797e+00 7.703632306379853099e-16 2.892014003898516969e-16
2.485920906066894531e+00 1.965599034651674924e-15 1.933455801899489133e-16
2.487645387649536133e+00 3.366784017647551225e-15 2.987379325847510508e-16
2.489368438720703125e+00 2.091233290729037700e-15 2.240320618566451170e-16
2.491095066070556641e+00 1.327069600111125021e-15 4.286927184376008006e-16
2.492816686630249023e+00 2.599502610509032280e-15 2.843305109568862411e-16
2.494545698165893555e+00 3.227482249691529873e-15 4.612255334059643663e-16
2.496258258819580078e+00 3.712381506940304679e-15 4.561443945136226322e-16
2.497970342636108398e+00 2.378802035113056733e-15 6.017243706746928586e-16
2.499683380126953125e+00 3.028219019399376599e-15 6.047837478010569846e-16
2.501393556594848633e+00 2.871752552283720478e-15 9.452404882578056833e-16
2.503104925155639648e+00 5.124396441441537650e-15 1.676246968276330369e-15
2.504812002182006836e+00 4.475185074403163765e-15 1.329710648840663929e-15
2.506521701812744141e+00 4.473632463010846633e-15 1.672332934906186654e-15
2.508226871490478516e+00 6.050438080916877362e-15 1.729077154350409928e-15
2.509939432144165039e+00 2.743213184955512265e-15 1.307652216828267440e-15
2.511653661727905273e+00 3.294443168787297704e-15 1.649119996986682553e-15
2.513328790664672852e+00 6.299565082022707228e-16 7.752608810181280813e-16
2.515025138854980469e+00 6.399850183087590558e-15 2.651757767091044576e-15
2.516739130020141602e+00 2.324199114959492329e-15 9.368070047184682420e-16
2.518415927886962891e+00 4.364750612806042596e-15 2.273707269215426673e-15
2.520106554031372070e+00 4.315261018796815590e-15 8.260398709313129459e-16
2.521792888641357422e+00 6.831551112567585404e-15 8.647455708516902338e-16
2.523483753204345703e+00 4.201316876182746227e-15 1.090660481070963254e-15
2.525172948837280273e+00 1.291185091652343950e-14 2.149508945741896750e-15
2.526846170425415039e+00 1.942951618279405157e-14 4.027584912986732074e-15
2.528526544570922852e+00 1.209157574007290251e-14 7.745583518916753646e-15
2.530226469039916992e+00 2.220106389038464106e-14 7.684542936605819746e-15
2.531890153884887695e+00 1.239882508322813839e-14 8.910303796335304616e-15
2.533554077148437500e+00 1.469987055257443442e-14 9.317210800899745210e-15
2.535224199295043945e+00 2.563771880881825227e-14 1.208778526763393951e-14
2.536890745162963867e+00 1.017489264636692661e-14 1.899076666864348006e-14
2.538558006286621094e+00 -1.264462980935660008e-14 2.108961436205186030e-14
2.540220737457275391e+00 -8.561835288867832711e-15 6.113951575917320191e-14
2.541879892349243164e+00 -5.735348854911739847e-14 1.401246333592245930e-13
2.543540239334106445e+00 -1.113526995220534554e-13 2.258143487737090949e-13
2.545203447341918945e+00 -1.955218078370998813e-13 2.781809884441072134e-13
2.546857118606567383e+00 -7.416438204668404643e-14 1.159572790435450806e-13
2.548501253128051758e+00 -1.120157975707455900e-13 2.565810519779276877e-13
2.550146102905273438e+00 -3.034159837440875140e-13 9.632130162917640348e-13
2.551792144775390625e+00 -8.643164851364348866e-14 3.665018863483610057e-13
2.553432941436767578e+00 -1.864415468798980013e-13 7.009156167796237735e-13
2.555070877075195312e+00 -1.139971770409628493e-13 2.615830458057438745e-13
2.556706190109252930e+00 -4.191472743973051474e-14 6.858173696912966966e-14
2.558339834213256836e+00 -5.679880055327844735e-14 6.812467121452767116e-14
2.559982776641845703e+00 -1.994234042224790615e-14 3.062316161284509008e-14
2.561598300933837891e+00 -2.591914211741170454e-14 2.226685632752967159e-14
2.563224315643310547e+00 -1.214250783119130359e-14 1.353233219654036840e-14
2.564844131469726562e+00 -1.682880146813749839e-14 1.639117003747730256e-14
2.566462278366088867e+00 -1.009793377387824265e-14 1.427752129034860068e-14
2.568078517913818359e+00 -7.841394803712476574e-15 1.183360338565713279e-14
2.569689273834228516e+00 7.446148054699938679e-15 9.301965901915062312e-15
2.571298122406005859e+00 3.206175220606642673e-14 3.557953763425394933e-14
2.572903156280517578e+00 1.412407652856897955e-13 8.057278260385769553e-13
2.574507474899291992e+00 9.398719595567900376e-14 7.321585828931609363e-13
2.576101779937744141e+00 1.130396367872779639e-13 7.963565787708071220e-13
2.577667474746704102e+00 1.072387689174565673e-13 4.132165800935921895e-13
2.579255342483520508e+00 -3.953345355071913314e-14 5.225482115696518381e-14
2.580882072448730469e+00 9.089092969742900568e-15 1.453944590049625896e-14
2.582463502883911133e+00 -1.169947741252530884e-14 8.519177862611158891e-15
