7.994651198387145996e-01 0.000000000000000000e+00 nan
7.998533248901367188e-01 0.000000000000000000e+00 nan
8.002375364303588867e-01 0.000000000000000000e+00 nan
8.006185889244079590e-01 1.083933663041224821e-15 nan
8.009998798370361328e-01 1.206398851225554038e-15 nan
8.013732433319091797e-01 4.959575900125349178e-16 7.946688939990066616e-16
8.017460107803344727e-01 1.057027873229928784e-15 6.786292448129893629e-16
8.021150827407836914e-01 1.636339752120272856e-15 5.939893187399257913e-16
8.024808764457702637e-01 1.997894918622823701e-15 6.065119597112517743e-16
8.028431534767150879e-01 1.146031130712095274e-15 8.211785370887837027e-16
8.032030463218688965e-01 1.108617473673636014e-15 6.171390468257410399e-16
8.035600185394287109e-01 1.365631410309587485e-15 1.296055488747408814e-15
8.039128184318542480e-01 9.803312633175384309e-16 5.441180834484015197e-16
8.042652606964111328e-01 1.228797261087154723e-15 1.141355402964133129e-15
8.046114444732666016e-01 1.479099096890826304e-15 6.454641462192800636e-16
8.049576878547668457e-01 1.503123810011155245e-15 6.138536177815784225e-16
8.053008913993835449e-01 1.200562582460735096e-15 7.970022580104554454e-16
8.056392669677734375e-01 9.327004831110609871e-16 7.420131967120614878e-16
8.059763312339782715e-01 2.513187835601450940e-15 7.734013790011088751e-16
8.063117265701293945e-01 1.394512798591235770e-15 6.008201630034988930e-16
8.066428899765014648e-01 1.206658678582124295e-15 3.152166674060078453e-16
8.069723248481750488e-01 7.432415533042578334e-16 3.184538949815157727e-16
8.072990179061889648e-01 9.368337921354251592e-16 3.379446524934292574e-16
8.076236844062805176e-01 9.566072468934847667e-16 3.061395976454347459e-16
8.079454302787780762e-01 1.348180943409372796e-15 4.677335522375151728e-16
8.082647323608398438e-01 1.177183308446213932e-15 4.576065851388203681e-16
8.085817098617553711e-01 9.073965384821412392e-16 3.936231456713290121e-16
8.088961839675903320e-01 9.852711594659255105e-16 2.832944837832758250e-16
8.092095255851745605e-01 9.465572009743124932e-16 3.638298999521818707e-16
8.095190525054931641e-01 8.635280668691305839e-16 3.146740898637322625e-16
8.098272085189819336e-01 7.837920909837549875e-16 5.382586271566514903e-16
8.101335167884826660e-01 1.341957898225013858e-15 4.344911618873689187e-16
8.104375600814819336e-01 1.108031115115899225e-15 1.186423829095827509e-16
8.107384443283081055e-01 5.425761658470434727e-16 4.679572218751495115e-16
8.110386133193969727e-01 8.063044267767613751e-16 1.769221804429494662e-16
8.113351464271545410e-01 1.337175444325697671e-15 4.126425822876546821e-16
8.116315603256225586e-01 1.318222340977053854e-15 3.885064049254229957e-16
8.119249343872070312e-01 1.140864759129436076e-15 2.870962852879083453e-16
8.122167587280273438e-01 9.608211299269565041e-16 2.905740966902160957e-16
8.125072121620178223e-01 1.327960890529873358e-15 3.584181270428353407e-16
8.127933144569396973e-01 7.018562646552415664e-16 5.486950259788901316e-16
8.130802512168884277e-01 8.192915594405379351e-16 4.126698196908648282e-16
8.133655190467834473e-01 1.324742482967662238e-15 1.141493363455417173e-15
8.136469721794128418e-01 1.180947840501167263e-15 3.056778588100627454e-16
8.139277100563049316e-01 7.262303788663129062e-16 3.689232149431403854e-16
8.142072558403015137e-01 6.970914396291401100e-16 2.009433333779219789e-16
8.144844770431518555e-01 1.258839508023015027e-15 3.671572835970131777e-16
8.147603869438171387e-01 7.883251995592231894e-16 4.184189764110145867e-16
8.150340914726257324e-01 7.367349638408055186e-16 3.048524252029634297e-16
8.153073191642761230e-01 2.323051914711554786e-16 2.110026040152854438e-16
8.155777454376220703e-01 8.913841217681275388e-16 2.935255565251441035e-16
8.158474564552307129e-01 1.155114288521976763e-15 2.155205057023724708e-16
8.161153793334960938e-01 1.434389733319428942e-15 2.627831045094801117e-16
8.163818717002868652e-01 1.623258281161995848e-15 2.643352129759848120e-16
8.166471123695373535e-01 8.762222320122755627e-16 2.068271551017953703e-16
8.169104456901550293e-01 1.326275718481310928e-15 4.578761004347248458e-16
8.171731829643249512e-01 1.272818939784500000e-15 3.187896641357632977e-16
8.174334764480590820e-01 1.086388893917959817e-15 4.340463372411624025e-16
8.176938295364379883e-01 8.915064121498873784e-16 3.142639935683631727e-16
8.179514408111572266e-01 1.334198970549046060e-15 4.301462799146483834e-16
8.182081580162048340e-01 1.150035478970239979e-15 3.422794494801215462e-16
8.184649348258972168e-01 8.721841612549182960e-16 2.272781568083196129e-16
8.187191486358642578e-01 5.220152880853925863e-16 3.133935878057205740e-16
8.189716935157775879e-01 9.699296987252556228e-16 3.173781631385028112e-16
8.192241787910461426e-01 1.069633841067440909e-15 1.576405209549995860e-16
8.194751143455505371e-01 1.450190815313102694e-15 1.970037963751320289e-16
8.197249770164489746e-01 8.320828157352619381e-16 2.428394225988019916e-16
8.199734091758728027e-01 9.127621745656420114e-16 2.505118470350314441e-16
8.202215433120727539e-01 1.117148471881026107e-15 2.763591632996148257e-16
8.204677104949951172e-01 8.849328541440427704e-16 3.122693103869181004e-16
8.207125067710876465e-01 7.829301290808053301e-16 3.519060318652258729e-16
8.209580183029174805e-01 9.892475556368108235e-16 2.341308386400641145e-16
8.212013244628906250e-01 1.527527782133617298e-15 3.740264296316699348e-16
8.214436173439025879e-01 1.367271160216353403e-15 2.028753890608294363e-16
8.216854929924011230e-01 6.827670536998858234e-16 2.306932083631917400e-16
8.219252228736877441e-01 7.308875777685538630e-16 2.353429957271442217e-16
8.221656680107116699e-01 4.712835202590171489e-16 3.490841151316685697e-16
8.224038481712341309e-01 5.101804908067962985e-16 3.053439160706077375e-16
8.226423263549804688e-01 8.778323357658875808e-16 3.736817136919170362e-16
8.228788971900939941e-01 3.214360862305613506e-16 4.711439186413977995e-16
8.231152892112731934e-01 1.211104436884906897e-15 3.995137039541110354e-16
8.233506083488464355e-01 1.818459035559999090e-15 1.076834256393812903e-15
8.235853314399719238e-01 4.507492181560863662e-16 2.237041277571596943e-16
8.238191604614257812e-01 8.683759540636221651e-16 3.351070656503477496e-16
8.240522146224975586e-01 5.277936409724430164e-16 4.061109524126991620e-16
8.242843747138977051e-01 6.351219268728642599e-16 3.143227035395197363e-16
8.245164155960083008e-01 1.476136069762212354e-15 2.945547015560580784e-16
8.247467875480651855e-01 6.094505287635137557e-16 2.190924701107234570e-16
8.249775767326354980e-01 5.018451042706627459e-16 4.894248484068361264e-16
8.252066373825073242e-01 1.317326391877095618e-15 2.757253708968317955e-16
8.254391551017761230e-01 -2.045327149012508817e-17 1.876587465658713502e-16
8.256641030311584473e-01 6.516894678046847474e-16 1.931349072140990078e-16
8.258919119834899902e-01 8.471092860986716329e-16 2.277635066870963270e-16
8.261186480522155762e-01 5.583919650381757686e-16 4.594320999588309955e-16
8.263455033302307129e-01 5.237819341155690398e-16 2.128593928798954761e-16
8.265713453292846680e-01 5.336492856159304014e-16 4.781213525444050986e-16
8.267968297004699707e-01 3.678076725516064719e-16 2.919198202851663653e-16
8.270215988159179688e-01 1.202007091273158898e-15 2.587079495909008677e-16
8.272454738616943359e-01 1.045796216349336762e-15 3.357144676828678880e-16
8.274698257446289062e-01 5.702691669036939748e-16 1.758424781329962503e-16
8.276931643486022949e-01 5.137096535815313409e-16 2.517396212920765524e-16
8.279156088829040527e-01 7.279942190998515798e-16 3.319954107092702722e-16
8.281386494636535645e-01 4.465134181451044237e-16 3.791723665444766229e-16
8.283598423004150391e-01 4.453981933909257306e-16 3.530995806972459872e-16
8.285808563232421875e-01 3.775092702921020076e-16 2.795423395851760881e-16
8.288030028343200684e-01 7.669151183283906634e-16 4.481739203590780728e-16
8.290232419967651367e-01 5.289906573455909530e-16 3.060230776756280762e-16
8.292447924613952637e-01 6.914924459686707780e-16 2.633952711023285556e-16
8.294634819030761719e-01 8.894149819239981040e-16 1.780714585685857425e-16
8.296831846237182617e-01 8.298242023814083462e-16 3.380439141669356207e-16
8.299035429954528809e-01 4.415338173273147988e-16 2.439791848386714578e-16
8.301211595535278320e-01 6.358082353183770567e-16 1.949013017813692452e-16
8.303409218788146973e-01 7.406110395470004003e-16 1.837141008956182727e-16
8.305582404136657715e-01 7.316345549489137491e-16 2.826089429613714774e-16
8.307769894599914551e-01 6.779494479332585834e-16 3.257403635613728829e-16
8.309942483901977539e-01 1.246554248035157061e-15 3.250355262701388982e-16
8.312120437622070312e-01 4.637697556817202676e-16 2.823958877053574191e-16
8.314285874366760254e-01 8.841483957557668815e-16 1.253555160632671066e-16
8.316459655761718750e-01 6.614825451034837475e-16 2.473363205157750721e-16
8.318626880645751953e-01 9.651275513099157738e-16 2.012210807752825843e-16
8.320791125297546387e-01 6.930834914809695744e-16 2.352901091075000313e-16
8.322949409484863281e-01 2.537390425640703284e-16 3.954891857239098375e-16
8.325116038322448730e-01 5.804060336999598141e-16 1.865811353685066683e-16
8.327270150184631348e-01 5.791635422454561623e-16 2.225929528792600608e-16
8.329427242279052734e-01 3.438705479319795460e-16 1.987017268574624773e-16
8.331583738327026367e-01 6.568672743321318785e-16 2.965981420715294763e-16
8.333731889724731445e-01 -1.624434492288376851e-17 2.180725497980006734e-16
8.335887789726257324e-01 7.277747846269535126e-16 2.404255375178048458e-16
8.338034749031066895e-01 4.395038499296606647e-16 3.039549143860086934e-16
8.340187072753906250e-01 2.206771231712484436e-16 2.262609496480060033e-16
8.342338204383850098e-01 4.243528657230045877e-16 1.459120527810633147e-16
8.344471454620361328e-01 7.610832435469856022e-16 2.472834338961308817e-16
8.346626758575439453e-01 4.180374674776153295e-16 1.604566011021547152e-16
8.348770141601562500e-01 2.075331173586624270e-16 2.710879449199533062e-16
8.350912928581237793e-01 5.229188075423169078e-16 2.326929472725407363e-16
8.353059887886047363e-01 6.756737880413414988e-16 2.636010736387317489e-16
8.355197906494140625e-01 6.084334936567675572e-17 1.695046202796149522e-16
8.357341885566711426e-01 5.972470074550658304e-16 2.268996918995745508e-16
8.359482884407043457e-01 3.784087663425268712e-16 2.419292327574180425e-16
8.361625671386718750e-01 4.337548520281885164e-16 1.854786161085367896e-16
8.363755941390991211e-01 6.814839576034731686e-16 2.537908703925304509e-16
8.365910649299621582e-01 5.345638826756180331e-17 2.950944203621366779e-16
8.368043899536132812e-01 8.305328116162355727e-17 1.932047344926882842e-16
8.370181322097778320e-01 9.563262040085637500e-17 2.306104903019364372e-16
8.372323513031005859e-01 1.966178272838698857e-16 2.691242843202014227e-16
8.374462127685546875e-01 6.215526178765279786e-16 1.730468591254732329e-16
8.376599550247192383e-01 2.175189211227413822e-16 2.963557582997167379e-16
8.378745317459106445e-01 -2.033049141744261716e-16 2.209629703211671682e-16
8.380880355834960938e-01 1.858856816141414852e-16 3.505881280086369867e-16
8.383020162582397461e-01 5.465222805900644444e-16 2.716569393022713825e-16
8.385165929794311523e-01 -3.977693984179184140e-16 2.221213937556558307e-16
8.387302160263061523e-01 2.293082830246513572e-16 3.444896496070836344e-16
8.389449119567871094e-01 4.665758699568553578e-16 1.902063569734162686e-16
8.391587138175964355e-01 7.349148488558336374e-16 3.040386647686684624e-16
8.393731117248535156e-01 3.687154536430466666e-16 3.357484284100968651e-16
8.395875692367553711e-01 2.375723765181501896e-17 2.693170901948201829e-16
8.398018479347229004e-01 1.531627871584581341e-16 3.554828667130235714e-16
8.400169610977172852e-01 -1.396879355706305082e-16 3.662498995522670085e-16
8.402310013771057129e-01 -6.719162969477622191e-17 2.428748126941294603e-16
8.404448032379150391e-01 -1.354951704581972496e-17 2.432569304324595566e-16
8.406605124473571777e-01 -9.546969228996303024e-17 1.873858034335084527e-16
8.408752679824829102e-01 9.783668880337373017e-16 2.756867250186133180e-16
8.410915732383728027e-01 1.608509478786607954e-16 1.689820935953876549e-16
8.413058519363403320e-01 3.558195887793367575e-16 2.624621054922503336e-16
8.415217399597167969e-01 1.350119298899825457e-16 3.345142749361677478e-16
8.417366743087768555e-01 5.782758517167336555e-16 2.370325352893409322e-16
8.419527411460876465e-01 1.140594582089041555e-16 4.563103070921660682e-16
8.421676158905029297e-01 1.604668581417503727e-16 2.674801668998012241e-16
8.423843979835510254e-01 2.775041930256250296e-16 1.460089321744055253e-16
8.425996899604797363e-01 8.920566659282474532e-16 1.670158786619042077e-16
8.428159952163696289e-01 7.069015105264433996e-16 2.416530735468335389e-16
8.430323600769042969e-01 3.209768620242515113e-16 2.174890632113506681e-16
8.432487845420837402e-01 6.974099372521975278e-17 2.523706343680014045e-16
8.434658646583557129e-01 6.912237247661543512e-16 1.374475334251428838e-16
8.436819911003112793e-01 -5.366207499867923917e-17 3.327631137270582870e-16
8.439000844955444336e-01 5.163196797293770606e-16 2.363402976131973553e-16
8.441161513328552246e-01 4.250644263382574034e-16 1.120916153839752040e-16
8.443340659141540527e-01 8.076532605708148442e-17 3.381010359513160826e-16
8.445512652397155762e-01 4.081323436017623464e-16 3.574866554986516273e-16
8.447693586349487305e-01 1.431030930046210421e-16 2.444348885642942714e-16
8.449867963790893555e-01 6.587700809085794609e-16 3.767340498569071109e-16
8.452053666114807129e-01 2.572287388974192407e-16 2.077575810896848166e-16
8.454236984252929688e-01 9.069044123397864907e-17 2.300676215920852358e-16
8.456420898437500000e-01 3.285574892648222790e-16 1.440430084084976968e-16
8.458606004714965820e-01 3.595480160549133740e-16 2.003494441678885067e-16
8.460801839828491211e-01 1.975130219951094735e-16 2.819529688832822251e-16
8.462986350059509277e-01 4.616501616103347878e-16 1.826331545060237769e-16
8.465187549591064453e-01 6.172275088291699109e-16 3.072511431002488032e-16
8.467379808425903320e-01 6.573496595955932026e-16 2.457879178184146094e-16
8.469577431678771973e-01 5.133117069149994299e-16 2.833660315975392117e-16
8.471782207489013672e-01 2.643682472609277297e-16 1.590020073037026662e-16
8.473984599113464355e-01 2.233868345090741538e-16 1.507293144405557326e-16
8.476186394691467285e-01 1.123040883048380249e-16 1.458122617119649174e-16
8.478400111198425293e-01 6.403905776839044148e-16 1.413953951736175675e-16
8.480604887008666992e-01 2.802034223307284678e-16 1.361506068688883423e-16
8.482823371887207031e-01 2.759963420306143665e-16 2.244557900885090808e-16
8.485037088394165039e-01 2.686673629847169311e-16 2.419366178259269159e-16
8.487253785133361816e-01 2.221274553351846193e-16 2.356004672733299273e-16
8.489471077919006348e-01 4.712575269354482826e-16 1.537697921442842471e-16
8.491700291633605957e-01 2.795648124280579287e-16 2.536507129095394658e-16
8.493922948837280273e-01 1.079721037322284164e-16 1.106813319965763956e-16
8.496147990226745605e-01 6.185431098149334495e-16 3.555921074934397744e-16
8.498383164405822754e-01 2.290363325090235234e-16 4.879712869297885437e-16
8.500615954399108887e-01 6.108040874132261277e-16 1.987323788622412423e-16
8.502851128578186035e-01 1.060970391391646375e-17 1.880859555737529371e-16
8.505089879035949707e-01 4.952875340116975628e-16 3.336092467018061296e-16
8.507330417633056641e-01 -5.127335936936085691e-17 2.569082163362222931e-16
8.509578704833984375e-01 6.769135795783257775e-16 2.477629339536156208e-16
8.511822223663330078e-01 9.356126088535008734e-17 1.671864631565473432e-16
8.514074087142944336e-01 4.589025455481194476e-16 2.352314520759026710e-16
8.516325354576110840e-01 2.510898411424140973e-16 1.491052743479834210e-16
8.518578410148620605e-01 2.003763242290740299e-16 1.742172733701214640e-16
8.520846962928771973e-01 2.508077791709784152e-16 1.254165421401388187e-16
8.523092269897460938e-01 4.063330868031166023e-16 2.027845844819058151e-16
8.525369763374328613e-01 2.116665587319246076e-16 1.555998332966067647e-16
8.527625799179077148e-01 6.572001582804028186e-16 2.290973718207850365e-16
8.529901504516601562e-01 4.309420408988141969e-16 2.122338590483481753e-16
8.532178997993469238e-01 -3.494172207643436739e-18 1.358913089079101196e-16
8.534442782402038574e-01 4.994291016072974643e-16 1.906245927260128803e-16
8.536729216575622559e-01 3.277950802029546036e-16 2.229869820184109206e-16
8.539007902145385742e-01 3.346882607974897015e-16 8.942030209468102486e-17
8.541296720504760742e-01 6.498683999076472050e-16 1.622835982298230376e-16
8.543578982353210449e-01 1.025784626219090488e-16 1.446319874744150542e-16
8.545871973037719727e-01 4.994793941885406884e-16 1.996196061698207193e-16
8.548167943954467773e-01 7.875965394663476775e-16 2.434435159088719179e-16
8.550461530685424805e-01 2.571233891746044871e-16 2.517018753863645326e-16
8.552764654159545898e-01 5.689616127309293520e-16 2.502655192660580528e-16
8.555059432983398438e-01 5.718635476082225850e-16 8.422784454422435445e-16
8.557369112968444824e-01 5.530993326068164764e-16 1.420726774242861857e-16
8.559681177139282227e-01 2.154283114600197605e-16 2.408955349244125757e-16
8.561986684799194336e-01 7.416484960887093081e-16 2.261456737578406134e-16
8.564308881759643555e-01 2.823996199442812584e-16 1.503078361399579131e-16
8.566619753837585449e-01 7.090784910800053582e-16 6.015285207754199033e-17
8.568941950798034668e-01 5.320690927132683008e-16 1.667438487369375688e-16
8.571267724037170410e-01 7.244953906925400821e-16 1.801657607655618009e-16
8.573599457740783691e-01 6.226320554886851776e-16 2.054138673944117693e-16
8.575918078422546387e-01 5.633830008007533266e-16 1.588320183791005688e-16
8.578262329101562500e-01 3.115697935213840569e-16 1.653741567565579626e-16
8.580596446990966797e-01 5.575721430243520127e-16 1.522476739380682694e-16
8.582935333251953125e-01 4.738077843209533707e-16 2.055360386621634013e-16
8.585277795791625977e-01 5.283571825801631431e-16 1.477316383704431620e-16
8.587626218795776367e-01 4.289513281843093792e-16 3.084577415336125540e-16
8.589974641799926758e-01 3.567532573152274117e-16 2.694650033232344651e-16
8.592324256896972656e-01 6.645543630262606711e-16 1.834933296988503198e-16
8.594684600830078125e-01 5.703762106924032370e-16 1.901157641527294610e-16
8.597043156623840332e-01 6.135152810587095329e-16 2.370974127191446913e-16
8.599401116371154785e-01 8.106317063460467820e-16 2.630138945178273069e-16
8.601768016815185547e-01 4.554309280742384943e-16 2.624544027863862398e-16
8.604139089584350586e-01 7.068815523126237201e-16 1.402765043549640393e-16
8.606503009796142578e-01 6.793673281474030788e-16 2.233237834940629118e-16
8.608887195587158203e-01 9.563262437132331525e-16 2.141459300476563515e-16
8.611260652542114258e-01 1.196504977006031777e-15 2.162174020597259464e-16
8.613645434379577637e-01 9.953144291215197496e-16 2.108518453855639792e-16
8.616027832031250000e-01 7.344369105153453984e-16 2.635807713177772474e-16
8.618414402008056641e-01 5.642832380050070377e-16 2.072980921855789604e-16
8.620808124542236328e-01 8.565507917848008950e-16 2.323065943694743686e-16
8.623201251029968262e-01 2.682914127050340302e-16 2.550658402666053847e-16
8.625597953796386719e-01 1.075038440666515379e-15 2.044648993259113342e-16
8.628000020980834961e-01 8.550491611879966307e-16 1.705479266426158350e-16
8.630402088165283203e-01 1.056586251427054073e-15 1.484704496237959246e-16
8.632813692092895508e-01 7.638827933167794716e-16 2.575991569931653869e-16
8.635222911834716797e-01 3.691275881114450871e-16 3.003540449783326542e-16
8.637639284133911133e-01 6.113973810532185617e-16 3.184386748582447970e-16
8.640056848526000977e-01 6.632058336346726216e-16 2.180828200724861318e-16
8.642476201057434082e-01 8.105902017316313213e-16 1.028456419597636767e-16
8.644897937774658203e-01 9.575038312681534436e-16 1.888066614978581390e-16
8.647329807281494141e-01 9.806753704523604905e-16 2.321744572297026977e-16
8.649755120277404785e-01 1.017305627893727929e-15 1.973452168273245161e-16
8.652191758155822754e-01 4.648932919466938936e-16 2.128171471116511678e-16
8.654623031616210938e-01 1.007680368997603687e-15 1.620389512918543541e-16
8.657063841819763184e-01 4.869580237666355869e-16 1.511742184961010539e-16
8.659512996673583984e-01 1.415791219138329456e-15 2.442329770854925275e-16
8.661955595016479492e-01 6.337835089370840586e-16 3.095900392956343417e-16
8.664404749870300293e-01 1.169486108296277291e-15 1.584582915609042105e-16
8.666862249374389648e-01 1.209636422908196788e-15 2.175705504278544920e-16
8.669314384460449219e-01 6.700680710568533358e-16 1.637415933949539046e-16
8.671774864196777344e-01 7.877120006449702793e-16 2.833372060075529638e-16
8.674234747886657715e-01 1.244256141770137738e-15 2.785424966002811916e-16
8.676704764366149902e-01 9.582856426784691628e-16 2.807055540497726577e-16
8.679171800613403320e-01 1.290734957168349333e-15 1.545196677655105190e-16
8.681651949882507324e-01 1.368654047381864455e-15 3.320681761333953369e-16
8.684116601943969727e-01 8.613868734575901194e-16 8.811182942056422322e-16
8.686597943305969238e-01 1.173555572212242170e-15 2.848279310551613290e-16
8.689088225364685059e-01 1.325668819374603222e-15 2.579132209281395204e-16
8.691567778587341309e-01 1.198928338268126330e-15 1.160236084995786704e-16
8.694053888320922852e-01 1.485435750369235725e-15 2.659377463726307449e-16
8.696549534797668457e-01 7.790119664250437503e-16 1.303812272371228874e-16
8.699047565460205078e-01 1.057103682678708044e-15 1.940659023022498907e-16
8.701542019844055176e-01 1.155466230711560925e-15 1.840978200556142716e-16
8.704042434692382812e-01 1.193920255967485279e-15 4.420166790468089534e-16
8.706551194190979004e-01 1.554921568801650219e-15 1.949397359013509091e-16
8.709055781364440918e-01 1.296703257193821540e-15 2.727914605257797127e-16
8.711574673652648926e-01 1.334626086912699041e-15 1.886436870648504913e-16
8.714082837104797363e-01 1.484698196430414043e-15 1.298302323049339651e-16
8.716599941253662109e-01 1.282565324392081606e-15 2.992490640288598177e-16
8.719128370285034180e-01 1.485079467135796884e-15 1.263067049462761240e-15
8.721647262573242188e-01 1.453701343362998142e-15 2.584259405590243891e-16
8.724178075790405273e-01 1.408959580781368303e-15 2.086182459734339909e-16
8.726710081100463867e-01 1.323946907271953636e-15 2.266415586088988028e-16
8.729230165481567383e-01 1.249349350881977846e-15 2.208178762242804668e-16
8.731788396835327148e-01 1.711203065097449683e-15 1.871630205334907709e-16
8.734312057495117188e-01 1.281960966384215663e-15 2.049407862584804417e-16
8.736870288848876953e-01 1.390765736590819559e-15 2.975366281073076394e-16
8.739406466484069824e-01 1.214254870053100861e-15 2.799880906736686636e-16
8.741962313652038574e-01 1.458914725274229954e-15 2.183733656082841577e-16
8.744518160820007324e-01 1.445882170468656882e-15 1.330444708768578187e-16
8.747068047523498535e-01 1.214390712962016769e-15 2.787801422815452262e-16
8.749632239341735840e-01 1.228120905278772164e-15 1.686050977594104870e-16
8.752191662788391113e-01 1.388715069825516898e-15 2.719476568916368193e-16
8.754761219024658203e-01 1.402583222633556337e-15 1.392590589666340144e-16
8.757329583168029785e-01 1.419768674100398836e-15 3.164936754531121098e-16
8.759902119636535645e-01 1.223967690980147516e-15 2.232867787421797395e-16
8.762483000755310059e-01 1.244626718684561494e-15 2.195897975647699389e-16
8.765053153038024902e-01 1.304501360143599849e-15 2.382706592302103040e-16
8.767644166946411133e-01 1.261296856482118159e-15 2.709078974791025640e-16
8.770227432250976562e-01 1.028839887294726550e-15 1.722482261702206353e-16
8.772814869880676270e-01 1.666980957228960357e-15 1.743476105648802195e-16
8.775417208671569824e-01 1.499496179656301890e-15 3.197818573543533037e-16
8.777992725372314453e-01 1.532785950911935181e-15 3.503303917646552641e-16
8.780608177185058594e-01 1.404157327486910047e-15 1.457733114312810205e-16
8.783203363418579102e-01 1.392138671119200373e-15 2.385717265034000044e-16
8.785811662673950195e-01 1.128553558757568447e-15 3.004274721469477613e-16
8.788416385650634766e-01 1.483486939315840393e-15 1.837931528923987404e-16
8.791028261184692383e-01 1.128658696722146387e-15 1.974106104178305083e-16
8.793642520904541016e-01 1.388062854456131087e-15 2.487583564853170339e-16
8.796259760856628418e-01 1.440158451206704354e-15 1.551456780530906503e-16
8.798884749412536621e-01 1.516827003152716909e-15 1.477639050317776305e-16
8.801500201225280762e-01 1.332644135695242385e-15 2.257923022001579599e-16
8.804132342338562012e-01 1.591688198547525600e-15 2.141817304245676465e-16
8.806765079498291016e-01 1.635403674834438447e-15 2.493504854550069932e-16
8.809392452239990234e-01 1.271379724927996537e-15 1.968980628405130506e-16
8.812032341957092285e-01 1.478216912076260950e-15 2.573295358181425024e-16
8.814664483070373535e-01 1.603751535903202938e-15 1.952511396234750721e-16
8.817316293716430664e-01 1.583593951703563506e-15 2.016110070985951811e-16
8.819954991340637207e-01 1.739665595586680717e-15 2.956213807344472595e-16
8.822607398033142090e-01 1.653780795778949340e-15 1.913843945145897885e-16
8.825262784957885742e-01 1.494284385931846180e-15 1.640197643087881372e-16
8.827914595603942871e-01 1.450657742225276627e-15 1.723287075350995947e-16
8.830575346946716309e-01 1.897078939658248739e-15 1.900933177796272221e-16
8.833242058753967285e-01 1.536090544076529427e-15 1.245018524362225812e-16
8.835902810096740723e-01 1.619806833660171388e-15 2.698560413772903331e-16
8.838568925857543945e-01 1.626441113340422288e-15 2.552427113339039233e-16
8.841247558593750000e-01 1.216306595609587590e-15 2.547369267852746992e-16
8.843913674354553223e-01 1.756269241297877919e-15 1.623313100075550962e-16
8.846601843833923340e-01 1.762575930985778219e-15 1.590651906676119167e-16
8.849273324012756348e-01 1.803293757672358097e-15 2.216536727500938468e-16
8.851961493492126465e-01 1.270849799940370565e-15 1.698644901681898222e-16
8.854644298553466797e-01 1.342092788221864105e-15 1.693888017589677275e-16
8.857333660125732422e-01 1.709813825184834223e-15 1.760668492197900339e-16
8.860033750534057617e-01 1.531453038690312133e-15 1.530929069403096543e-16
8.862721323966979980e-01 1.356850643261875780e-15 1.823326563330955130e-16
8.865426182746887207e-01 1.350517377915255376e-15 1.792849656144255362e-16
8.868128061294555664e-01 1.578385546110896813e-15 2.588572126780748365e-16
8.870829343795776367e-01 1.449761687246199984e-15 2.105693201929852675e-16
8.873542547225952148e-01 2.016058481385508104e-15 2.499262561009031039e-16
8.876252174377441406e-01 1.884121876664099707e-15 2.291189711609400211e-16
8.878970742225646973e-01 1.575047283386649209e-15 2.405418192595951002e-16
8.881679773330688477e-01 1.461039189785062146e-15 2.278725621790553182e-16
8.884413242340087891e-01 1.869470959533678887e-15 2.059121874651933149e-16
8.887130022048950195e-01 1.393850630584719721e-15 2.184460648579602182e-16
8.889864087104797363e-01 1.144806426949483962e-15 2.501978095698369122e-16
8.892593979835510254e-01 1.668853747075339615e-15 2.226991496350220687e-16
8.895322680473327637e-01 1.564230672650211793e-15 1.963925826943492461e-16
8.898066878318786621e-01 1.477793077965278579e-15 1.989896915897493377e-16
8.900799155235290527e-01 1.820004235414027748e-15 2.151028919895964990e-16
8.903550505638122559e-01 1.851020040843638463e-15 1.656154155627376288e-16
8.906295299530029297e-01 1.592986700055666442e-15 3.595300695443434235e-16
8.909033536911010742e-01 1.622598442496084748e-15 1.320552819782526053e-16
8.911801576614379883e-01 1.924546312313574377e-15 1.048202941354951648e-16
8.914538621902465820e-01 1.754676078203210986e-15 1.622847893699051140e-16
8.917319178581237793e-01 1.451814048077397154e-15 1.491493200612406447e-16
8.920065164566040039e-01 1.930852896122356270e-15 2.009944332874430547e-16
8.922844529151916504e-01 1.819129673895987682e-15 1.300569989067817023e-16
8.925608396530151367e-01 1.648994000835778476e-15 2.607252644339053908e-16
8.928369879722595215e-01 1.623753583677902800e-15 2.307628768231034062e-16
8.931156396865844727e-01 1.969384213134717579e-15 2.659462961114420930e-16
8.933929800987243652e-01 1.564535498632104935e-15 2.165031830351956668e-16
8.936711549758911133e-01 1.975461251014793557e-15 1.460602703119430164e-16
8.939493894577026367e-01 1.770236391081627704e-15 1.521585501901493559e-16
8.942283391952514648e-01 2.010023583394558028e-15 2.336796083071939877e-16
8.945069313049316406e-01 1.824256552567481149e-15 2.247653541609509259e-16
8.947868347167968750e-01 1.554384549913090992e-15 2.189581889188040487e-16
8.950659036636352539e-01 1.544731550687944172e-15 1.991650141749411770e-16
8.953465223312377930e-01 1.672798167752466078e-15 2.487681767735492634e-16
8.956263065338134766e-01 1.731584160116045844e-15 1.941002600761728932e-16
8.959066271781921387e-01 1.469362029645664494e-15 2.360558268918179188e-16
8.961884975433349609e-01 1.877116914190306643e-15 2.661753126445559744e-16
8.964694142341613770e-01 1.470035420838731663e-15 1.439818632176177770e-16
8.967506885528564453e-01 1.555875539658495375e-15 1.215514778622582429e-16
8.970328569412231445e-01 1.930882118759036543e-15 1.921457977248325994e-16
8.973147273063659668e-01 1.471866706070695460e-15 1.925068322837099441e-16
8.975974321365356445e-01 1.404631030662662015e-15 1.521162250125662426e-16
8.978801369667053223e-01 1.596427347887413410e-15 2.335199161268569504e-16
8.981630802154541016e-01 1.769725100818841327e-15 1.589898709097552882e-16
8.984466791152954102e-01 1.126763884019138517e-15 2.851954904147104919e-16
8.987300395965576172e-01 1.594080748986163778e-15 2.075848393080041428e-16
8.990144133567810059e-01 1.265552985283834204e-15 2.014646821569570007e-16
8.992981910705566406e-01 1.251077403973495025e-15 2.167224983940855263e-16
8.995837569236755371e-01 1.494305455876409131e-15 2.030049851017593442e-16
8.998681902885437012e-01 1.594546193590680016e-15 1.301667558479001384e-16
9.001541733741760254e-01 1.343685845437412631e-15 1.874333960972323038e-16
9.004393815994262695e-01 1.804752348407530002e-15 2.115544856850910230e-16
9.007292389869689941e-01 1.152811841213102761e-15 1.361920982484140022e-16
9.010118246078491211e-01 1.396259486407592544e-15 1.738704927875596331e-16
9.012982249259948730e-01 1.402518106975736163e-15 1.695311562336656534e-16
9.015854597091674805e-01 1.167264023238274041e-15 2.210487191721868653e-16
9.018725156784057617e-01 1.491543810831004891e-15 1.837949528374116558e-16
9.021602272987365723e-01 1.272150101393524323e-15 1.588480325957595954e-16
9.024478197097778320e-01 1.417275326741037397e-15 1.042295879164587967e-16
9.027361273765563965e-01 1.589091407289480729e-15 1.304701392268049873e-16
9.030248522758483887e-01 1.556747136561220050e-15 1.760101509518831992e-16
9.033128619194030762e-01 1.201429414803131465e-15 1.865894998188608045e-16
9.036030769348144531e-01 1.731965642579665499e-15 2.072449408681387530e-16
9.038913846015930176e-01 1.159395510674755218e-15 2.295339643655354249e-16
9.041824936866760254e-01 1.405504851026873232e-15 1.900059278022722198e-16
9.044715166091918945e-01 1.600955374265198086e-15 2.063913698853228336e-16
9.047631621360778809e-01 1.634063880470118958e-15 9.251994637326423228e-17
9.050530791282653809e-01 1.463372342038274116e-15 2.834997304543073826e-16
9.053448438644409180e-01 1.239515192485237012e-15 1.480916935474752439e-16
9.056355357170104980e-01 1.696722295710308571e-15 1.239560455808355914e-16
9.059283733367919922e-01 1.184890567112399217e-15 2.112534845863503269e-16
9.062192440032958984e-01 1.225541901712619633e-15 1.959412067776913099e-16
9.065083265304565430e-01 1.441213536621627992e-15 8.033141357751576780e-17
9.068014025688171387e-01 1.318997058486436318e-15 1.260847717261836566e-16
9.070962667465209961e-01 1.535897632322792260e-15 3.433242053282534179e-14
9.074029326438903809e-01 1.537353576080003996e-15 1.430988710747745714e-16
9.076877236366271973e-01 1.410230659597841787e-15 1.630347973400293944e-16
9.079784154891967773e-01 1.428234768408205568e-15 2.258144838754641819e-16
9.082729816436767578e-01 1.289785856750950890e-15 1.198916903323338397e-16
9.085679054260253906e-01 1.219373490153358598e-15 1.203968793109220256e-16
9.088624119758605957e-01 1.007345367466964611e-15 1.884477842260183326e-16
9.091585874557495117e-01 1.311290435094961473e-15 1.609663958223935963e-16
9.094527959823608398e-01 1.129730193400423077e-15 2.662090086739889346e-16
9.097505211830139160e-01 1.242630473786119922e-15 1.738063432766949207e-16
9.100462794303894043e-01 1.200556864988341129e-15 1.386837780116605351e-16
9.103422164916992188e-01 1.156722698209694273e-15 2.413573796389029830e-16
9.106397628784179688e-01 1.239079288154756268e-15 2.079922621556334612e-16
9.109376072883605957e-01 1.036907346721731727e-15 1.295179550800829461e-16
9.112344384193420410e-01 1.221721994878739552e-15 1.664434961477971142e-16
9.115329384803771973e-01 1.132386700481249377e-15 1.518033654525639863e-16
9.118307828903198242e-01 1.212046231643135272e-15 6.507736266653558360e-17
9.121299982070922852e-01 1.242508183404360082e-15 1.257050627377973148e-16
9.124279618263244629e-01 1.422369912281416793e-15 2.120229478444818545e-16
9.127285480499267578e-01 1.119303535457077860e-15 2.114354510862221921e-16
9.130274057388305664e-01 1.231347677291337421e-15 1.351178619479485366e-16
9.133280515670776367e-01 8.535111081744604315e-16 1.694434221491758290e-16
9.136276841163635254e-01 1.264997014033080163e-15 1.945646061848356609e-16
9.139305353164672852e-01 1.149898683149258409e-15 1.529886160086789686e-16
9.142299294471740723e-01 1.046836584566801856e-15 1.658731782764989531e-16
9.145309925079345703e-01 1.281768584026070530e-15 1.479237692656820789e-16
9.148328304290771484e-01 1.311211025756156383e-15 1.178834546237326987e-16
9.151346683502197266e-01 1.050777405353902488e-15 1.827137417500211431e-16
9.154374003410339355e-01 1.213672429022745122e-15 1.384424133263624621e-16
9.157395958900451660e-01 1.177329209871378485e-15 1.106531615336352897e-16
9.160435199737548828e-01 9.146638694113463225e-16 1.549672849734650142e-16
9.163469672203063965e-01 6.261705885653992207e-16 1.626211011546344737e-16
9.166494011878967285e-01 1.357342028250401681e-15 1.245648505116746197e-16
9.169545769691467285e-01 6.362581686320467004e-16 1.678710245966064281e-16
9.172587394714355469e-01 1.170761316398368640e-15 1.784608687311961062e-16
9.175606369972229004e-01 1.053877757699090041e-15 1.672652504555317940e-16
9.178677201271057129e-01 1.109283770965769928e-15 7.898645760617394734e-17
9.181745648384094238e-01 9.475815814448981626e-16 1.318262919149183255e-16
9.184800386428833008e-01 1.219108368840868001e-15 1.445089824086059687e-16
9.187856912612915039e-01 1.047586102846003505e-15 1.440543507090570239e-16
9.190927147865295410e-01 1.169122731161905196e-15 2.190858526658230328e-16
9.194002151489257812e-01 9.783771583082227601e-16 1.800881249019900239e-16
9.197063446044921875e-01 1.019682719981078716e-15 1.831374038074361026e-16
9.200148582458496094e-01 1.099065271369212456e-15 1.625782862861287290e-16
9.203222393989562988e-01 1.122912107570617993e-15 1.085740463727057049e-16
9.206300973892211914e-01 9.831721059435109475e-16 1.744152408517625551e-16
9.209404587745666504e-01 9.011892692864249127e-16 7.736344983500610195e-17
9.212480783462524414e-01 1.008853615508669300e-15 1.972851436625184651e-16
9.215574860572814941e-01 8.417147450158458076e-16 1.456845185556071283e-16
9.218674302101135254e-01 1.119904611212273193e-15 1.260746470354860076e-16
9.221784472465515137e-01 9.711469909495784592e-16 2.119099880600316130e-16
9.224873781204223633e-01 1.153440974934675893e-15 1.188226024040009042e-16
9.227988719940185547e-01 1.199988082364259866e-15 1.480784454227845946e-16
9.231103062629699707e-01 8.523122918562995795e-16 9.415073625963497656e-17
9.234217405319213867e-01 7.926792665454655135e-16 1.874384253553566262e-16
9.237329959869384766e-01 1.079329509577305665e-15 8.258540795482886354e-17
9.240460991859436035e-01 8.198500717901337394e-16 7.198526045852922492e-17
9.243582487106323242e-01 1.298303937705895354e-15 1.334831810039763429e-16
9.246712923049926758e-01 9.969216741389347845e-16 1.139092686794441274e-16
9.249853491783142090e-01 7.169633619673180299e-16 1.032540177194586563e-16
9.252972602844238281e-01 8.296383315890452307e-16 1.445702467134940962e-16
9.256134033203125000e-01 1.021154651485169877e-15 1.401139137337606162e-16
9.259263873100280762e-01 9.639875508420298923e-16 1.562380329176934774e-16
9.262420535087585449e-01 9.296972219174524585e-16 9.426350413818310571e-17
9.265573024749755859e-01 9.224820893936219214e-16 1.042320099012923520e-16
9.268725514411926270e-01 8.893452075849680311e-16 1.166514187321717171e-16
9.271860718727111816e-01 9.143460202978891463e-16 7.596647412930204670e-17
9.275283813476562500e-01 1.186140787742546564e-15 1.184835377621929679e-16
9.278219938278198242e-01 8.795640416869897945e-16 1.461914016000898228e-16
9.281389713287353516e-01 8.297988972721091240e-16 1.240571601389140735e-16
9.284552931785583496e-01 6.997388411057834257e-16 1.555634108798748297e-16
9.287741780281066895e-01 9.517559715672041683e-16 8.567673410517223772e-17
9.290916323661804199e-01 7.506623030760343519e-16 1.576148452687859401e-16
9.294108152389526367e-01 8.961408470416708759e-16 1.809789520995953318e-16
9.297279715538024902e-01 9.017716044376622442e-16 1.348190313711351796e-16
9.300458431243896484e-01 6.872799923032975322e-16 2.768136758851555629e-16
9.303681254386901855e-01 7.456105456390505013e-16 1.940155567814474632e-16
9.306882023811340332e-01 8.810110915982553598e-16 9.241338565803270105e-17
9.310083985328674316e-01 9.005853347950325966e-16 1.974831773186085603e-16
9.313304424285888672e-01 8.345285174913403235e-16 2.051362655808389732e-16
9.316510558128356934e-01 6.406462228152976033e-16 1.406177395186993147e-16
9.319733977317810059e-01 1.062951386388314920e-15 1.508313686758100750e-16
9.322947859764099121e-01 4.647531079939233069e-16 2.905834140526358930e-16
9.326179027557373047e-01 5.755945689222001678e-16 1.770781006796932617e-16
9.329399466514587402e-01 8.165731660150028683e-16 2.695946787735031781e-16
9.332634210586547852e-01 6.360373577306093450e-16 3.657177775729340960e-16
9.335877895355224609e-01 1.088872712156664646e-15 3.348380268104761024e-16
9.339110255241394043e-01 9.072624955182382461e-16 2.411779410029830798e-16
9.342349171638488770e-01 6.567169789235534436e-16 2.125210296872469848e-16
9.345604181289672852e-01 3.592640217895667681e-16 2.439508886442772438e-16
9.348853826522827148e-01 7.365360699168783682e-16 1.506276440171056149e-16
9.352106451988220215e-01 7.700054121573295714e-16 1.554966011561601468e-16
9.355361461639404297e-01 6.707175865087197739e-16 1.663369288151206825e-16
9.358631968498229980e-01 8.095557098052378036e-16 1.373816633786040611e-16
9.361889362335205078e-01 4.916902380242677527e-16 2.316132184928079187e-16
9.365167021751403809e-01 6.861826081805703827e-16 1.611307466839405323e-16
9.368441700935363770e-01 8.347946975950149874e-16 1.823781181795614274e-16
9.371715188026428223e-01 6.648551656016543545e-16 2.015076426092505548e-16
9.375005960464477539e-01 5.504696129429470942e-16 1.222330349823325352e-16
9.378291368484497070e-01 6.882791735437023863e-16 2.879183042934390421e-16
9.381590485572814941e-01 9.864212184500600368e-16 1.528222931485517062e-16
9.384884834289550781e-01 5.988612934338549167e-16 3.009186453772368488e-16
9.388181567192077637e-01 7.817408948228602925e-16 1.340789495683615356e-16
9.391490221023559570e-01 9.221102419297772836e-16 2.393575613202151816e-16
9.394797682762145996e-01 3.595926176335422332e-16 1.496706159007164631e-16
9.398109316825866699e-01 7.898053366949908758e-16 1.750913849019083003e-16
9.401423931121826172e-01 7.000098387093455984e-16 1.495036445309889592e-16
9.404738545417785645e-01 6.938552973145958522e-16 1.218485879033974896e-16
9.408064484596252441e-01 8.244813832479242367e-16 1.834394107578016632e-16
9.411399960517883301e-01 5.209090101167192666e-16 1.099402377247329866e-16
9.414722323417663574e-01 8.867998206389096551e-16 1.510110852444157960e-16
9.418064951896667480e-01 7.768724141398385911e-16 1.879251648975624293e-16
9.421436786651611328e-01 8.100781703150160967e-16 1.386829706833826834e-16
9.424750208854675293e-01 8.382196753172377508e-16 2.292309118588755973e-16
9.428098201751708984e-01 6.936148987762532411e-16 1.854767235192952683e-16
9.431452155113220215e-01 7.472295961781678930e-16 9.094808483373176570e-17
9.434812664985656738e-01 7.304484970645209151e-16 2.201228459863889108e-16
9.438169598579406738e-01 7.578337604635220891e-16 2.628907041635610096e-16
9.441541433334350586e-01 9.250544225753148248e-16 1.946809805708545212e-16
9.444909691810607910e-01 1.085894014918526492e-15 1.524017677600195478e-16
9.448283314704895020e-01 5.458383014851565969e-16 2.219892566158841599e-16
9.451668858528137207e-01 1.002028541657049368e-15 1.161278067869807502e-16
9.455047249794006348e-01 6.315205015998165850e-16 1.501482366038494817e-16
9.458432197570800781e-01 5.373574899798913215e-16 1.407081073462595078e-16
9.461830258369445801e-01 7.582890406726712756e-16 1.434288698170689265e-16
9.465219974517822266e-01 7.219011405333369737e-16 9.417331498163522400e-17
9.468626976013183594e-01 6.555039748035260821e-16 2.012633794830860959e-16
9.472026824951171875e-01 5.429169907291949218e-16 1.392498871880020264e-16
9.475436806678771973e-01 7.552382926944573027e-16 1.728820979823424706e-16
9.478851556777954102e-01 7.037855939508500490e-16 1.444361375751420989e-16
9.482272267341613770e-01 7.826990479048825163e-16 1.615957545370933423e-16
9.485692977905273438e-01 7.085602657349633366e-16 1.998221793931125056e-16
9.489119648933410645e-01 7.374192605830685865e-16 1.134084472144902215e-16
9.492551088333129883e-01 6.893640639304575348e-16 1.083072442292104011e-16
9.495993256568908691e-01 6.346211186428001548e-16 1.352066283538428271e-16
9.499416351318359375e-01 6.840806429823996331e-16 1.615455413651889233e-16
9.502875208854675293e-01 5.023317246988603414e-16 7.889722797913662714e-17
9.506310820579528809e-01 9.167487351318943760e-16 1.709965629370849955e-16
9.509779214859008789e-01 7.751269439333434950e-16 8.448225221342116364e-17
9.513223171234130859e-01 7.414781365871927869e-16 7.642510276557084778e-17
9.516692757606506348e-01 9.373817165731802847e-16 1.931422790477180804e-16
9.520164728164672852e-01 7.238189290050391165e-16 1.674717279713148306e-16
9.523621797561645508e-01 7.282085184355069178e-16 1.232224621089541639e-16
9.527109861373901367e-01 6.415027848832085145e-16 1.931444760394250212e-16
9.530585408210754395e-01 8.110538993306938473e-16 1.319386958339969313e-16
9.534071683883666992e-01 5.379258490874989571e-16 1.704530854223029550e-16
9.537557959556579590e-01 7.244489097595595024e-16 1.921949256357733489e-16
9.541056752204895020e-01 3.731899581264767115e-16 9.442072139412738437e-17
9.544550180435180664e-01 7.871385593396791180e-16 1.340569399466227246e-16
9.548051953315734863e-01 6.701486450659609011e-16 1.038658799098416807e-16
9.551560282707214355e-01 6.202481871377563561e-16 1.238441048829000152e-16
9.555075168609619141e-01 7.941210225008107394e-16 1.098108931467092948e-16
9.558593630790710449e-01 5.353844326083808357e-16 1.314834023899579441e-16
9.562109112739562988e-01 6.342194662071240063e-16 1.650668293804924609e-16
9.565642476081848145e-01 5.972979353110194952e-16 1.416802894114706311e-16
9.569166302680969238e-01 7.045047249230689500e-16 1.321103126500445331e-16
9.572712182998657227e-01 6.381312761157811788e-16 1.201949413623406801e-16
9.576246142387390137e-01 7.254011865505101495e-16 1.503172196768267146e-16
9.579790234565734863e-01 8.062933624088878658e-16 8.331753558883219770e-17
9.583345055580139160e-01 6.559865188856650164e-16 9.114239948578782254e-17
9.586892127990722656e-01 5.304785236570023349e-16 1.342713186916168677e-16
9.590453505516052246e-01 6.941171363744158378e-16 1.459765861037322517e-16
9.594022035598754883e-01 4.849955013674065764e-16 1.271896997360972897e-16
9.597581028938293457e-01 8.381476775167211353e-16 1.284308544667310558e-16
9.601162075996398926e-01 4.989588395028937175e-16 1.411268857293379543e-16
9.604736566543579102e-01 6.130777356018934834e-16 1.016167427370854963e-16
9.608315825462341309e-01 5.751886813217877478e-16 4.804491645195824265e-17
9.611900448799133301e-01 5.615695562002410730e-16 1.565820606431767318e-16
9.615498185157775879e-01 6.921764250735786255e-16 9.423219700635919872e-17
9.619091153144836426e-01 7.267550098980185384e-16 1.124602600044880365e-16
9.622702002525329590e-01 7.094977723888962369e-16 1.370626760646240119e-16
9.626300334930419922e-01 4.401476479091331363e-16 1.293340959909695595e-16
9.629911780357360840e-01 4.967536951038355533e-16 1.083400601384716048e-16
9.633533358573913574e-01 6.495767558759957087e-16 1.329389491004756541e-16
9.637150168418884277e-01 5.117025031338938695e-16 1.058193231746673091e-16
9.640775918960571289e-01 6.542732359311655838e-16 1.171225278695227183e-16
9.644409418106079102e-01 5.680529051972030979e-16 1.096804169856076304e-16
9.648042917251586914e-01 4.763578299482216453e-16 5.061109210117130126e-17
9.651679992675781250e-01 7.362852422853726885e-16 1.531656061899857148e-16
9.655331373214721680e-01 4.450736209534497233e-16 8.161317956750343736e-17
9.658978581428527832e-01 6.748542836648729632e-16 8.408224752152522073e-17
9.662626385688781738e-01 6.540133026954769203e-16 1.237644440811887085e-16
9.666299223899841309e-01 6.763975247552110950e-16 9.365855056027612424e-17
9.669954180717468262e-01 4.286633899218021205e-16 1.355142336625941466e-16
9.673632979393005371e-01 5.272097176344295831e-16 9.222059963574864220e-17
9.677298665046691895e-01 6.433798628338832475e-16 8.768632638997796570e-17
9.680985808372497559e-01 6.453296267993442401e-16 1.116049155464388033e-16
9.684670567512512207e-01 5.650647847175267399e-16 1.231215593091124954e-16
9.688359498977661133e-01 7.020985690177154997e-16 8.302510408123755094e-17
9.692058563232421875e-01 5.337492355037064089e-16 9.767295733466947391e-17
9.695756435394287109e-01 5.486502920513632638e-16 7.860602069884855886e-17
9.699459671974182129e-01 5.300437839968240653e-16 1.388649636530341503e-16
9.703175425529479980e-01 4.892445892077485706e-16 1.431214630316646197e-16
9.706882238388061523e-01 4.305477735316469217e-16 1.244850441261755036e-16
9.710609912872314453e-01 4.356226655560026554e-16 1.553554034108308151e-15
9.714325666427612305e-01 4.536752934723763467e-16 1.315363551840511387e-16
9.718070030212402344e-01 3.902497840193295577e-16 9.499138999000526795e-17
9.721800684928894043e-01 5.147261989973549081e-16 1.161398902413689248e-16
9.725537896156311035e-01 5.734876803450235025e-16 6.686925424900715554e-17
9.729289412498474121e-01 4.172643381550089669e-16 1.089132764506361517e-16
9.733036756515502930e-01 4.961190027285460654e-16 1.085613342610519899e-16
9.736795425415039062e-01 4.954457703541565068e-16 1.590017690756862509e-16
9.740554094314575195e-01 4.402134253114433531e-16 9.156723944839505755e-17
9.744328260421752930e-01 4.953881721137432144e-16 7.111357091157594393e-17
9.748094677925109863e-01 4.853883128966957582e-16 9.094490846017956208e-17
9.751866459846496582e-01 5.210153127515996813e-16 7.859545925678748180e-17
9.755654335021972656e-01 8.082368795063628580e-16 1.286624650382459036e-16
9.759442806243896484e-01 5.631440316305092071e-16 1.002490690774005195e-16
9.763231873512268066e-01 5.130206981580583744e-16 5.702923279608454596e-17
9.767028689384460449e-01 2.985469795947044095e-16 1.625473563486641462e-16
9.770836830139160156e-01 6.052127170492820844e-16 1.127493629372977699e-16
9.774638414382934570e-01 4.722262679293111852e-16 1.093742675147344042e-16
9.778450131416320801e-01 6.563863713763282495e-16 6.644426208516721077e-17
9.782274365425109863e-01 4.361173327971991668e-16 1.231875219998799240e-16
9.786090850830078125e-01 6.167394060933146203e-16 8.248009131923861206e-17
9.789928793907165527e-01 4.499354312520117971e-16 1.053940861653660487e-16
9.793764352798461914e-01 6.646961351658073596e-16 1.379903624303246827e-16
9.797601699829101562e-01 4.150784637555008380e-16 1.226788390103843141e-16
9.801451563835144043e-01 4.609901641257460776e-16 1.245734267202655695e-16
9.805301427841186523e-01 5.626034128519241499e-16 5.582731951371029547e-17
9.809156656265258789e-01 4.381658819801336922e-16 9.206323017857165380e-17
9.813019037246704102e-01 4.525245462739721763e-16 7.481214689320674679e-17
9.816888570785522461e-01 4.932075387305962216e-16 5.878236600377433323e-17
9.820756912231445312e-01 2.387007137393990733e-16 9.648874571740385822e-17
9.824631810188293457e-01 5.423440258799365910e-16 7.631929643905796491e-17
9.828521609306335449e-01 3.689019067705610194e-16 1.098113762201870258e-16
9.832400083541870117e-01 5.151410863228319051e-16 9.436389739476744158e-17
9.836301803588867188e-01 3.557017188507704012e-16 1.095342376277572594e-16
9.840202331542968750e-01 5.493656643148787239e-16 6.615789877454625301e-17
9.844097495079040527e-01 4.987066883824079529e-16 1.091998184322694209e-16
9.848017692565917969e-01 3.442924762188305943e-16 5.679572963532817688e-17
9.851922392845153809e-01 4.419942326737067145e-16 6.871137223827294732e-17
9.855850338935852051e-01 3.367100225634673096e-16 1.076277848391695433e-16
9.859774708747863770e-01 5.590446568635944104e-16 4.863442160474518378e-17
9.863709211349487305e-01 5.810989595903730352e-16 1.044429078702688719e-16
9.867652654647827148e-01 3.773116998571549420e-16 6.672948057782039514e-17
9.871585965156555176e-01 3.545723062947251985e-16 1.269399441306654787e-16
9.875534176826477051e-01 4.534388124614147867e-16 1.039726590007549259e-16
9.879504442214965820e-01 4.630957821535018615e-16 1.023359266488636007e-16
9.883459210395812988e-01 5.175228900309517942e-16 9.107594048665286208e-17
9.887410998344421387e-01 4.401852085263879442e-16 6.792066036456615753e-17
9.891396164894104004e-01 5.514799114907846609e-16 6.849900519652853321e-17
9.895377159118652344e-01 5.229706883103362337e-16 4.939880266519318559e-17
9.899340867996215820e-01 4.393819036550356471e-16 9.302517505652182074e-17
9.903341531753540039e-01 5.301746505871748547e-16 1.030251004480182812e-16
9.907330870628356934e-01 4.153418380625377221e-16 6.308349343081326357e-17
9.911334514617919922e-01 3.661187153245609987e-16 1.024190417568129289e-16
9.915325045585632324e-01 4.441432082004500778e-16 8.508630581882168742e-17
9.919352531433105469e-01 3.776778033788260117e-16 1.108123706404945960e-16
9.923363327980041504e-01 3.277834070301502553e-16 7.673156987379929433e-17
9.927378892898559570e-01 3.917771167721270697e-16 9.096339760123134735e-17
9.931405782699584961e-01 1.371990351342421534e-16 1.154607154014587853e-16
9.935444593429565430e-01 2.274341696892920144e-16 8.703737342092806358e-17
9.939477443695068359e-01 1.287132870150811616e-16 1.269354839728025928e-16
9.943521618843078613e-01 3.689080940815429161e-17 1.458577367933206327e-16
9.947575926780700684e-01 1.887977279472425663e-16 8.276687152888829654e-17
9.951629042625427246e-01 2.833304562137545311e-16 8.380424204381349876e-17
9.955702424049377441e-01 5.309967490020443565e-16 1.164652303024533812e-16
9.959762692451477051e-01 2.360177898185302804e-16 1.383392738301444502e-16
9.963843822479248047e-01 2.723144221577979314e-16 1.344256110369151588e-16
9.967924356460571289e-01 4.203148479052065244e-16 9.141803591822519263e-17
9.972004890441894531e-01 3.540741715124008648e-16 6.495928759717731421e-17
9.976098537445068359e-01 5.475320497423099772e-16 1.265042118537521455e-16
9.980190396308898926e-01 3.052562481605669174e-16 1.385001836203431655e-16
9.984297156333923340e-01 4.313727042129338052e-16 7.648920595432125722e-17
9.988394975662231445e-01 3.925868273301429774e-16 9.419312761166709412e-17
9.992514848709106445e-01 4.151122391942726033e-16 1.035469323005310340e-16
9.996628165245056152e-01 4.531710441709640210e-16 5.911649403168655302e-17
1.000074267387390137e+00 4.715561060493554234e-16 5.094555100132854225e-17
1.000488877296447754e+00 4.812847559046038934e-16 5.819097818791322142e-17
1.000902533531188965e+00 3.890951192935443361e-16 9.723543834763302609e-17
1.001316189765930176e+00 4.267678625347450048e-16 5.868754463579615457e-17
1.001732110977172852e+00 1.855820600072202210e-16 1.013696341096138550e-16
1.002148151397705078e+00 4.169632973515988682e-16 6.489350357742219703e-17
1.002564072608947754e+00 3.884745088410029509e-16 7.334216091791631109e-17
1.002980232238769531e+00 4.070894342854554891e-16 9.874044384133650676e-17
1.003398895263671875e+00 3.649077758473425696e-16 8.207980869465685133e-17
1.003815531730651855e+00 5.033937981355988273e-16 7.679110040812351062e-17
1.004234790802001953e+00 4.130161502871734303e-16 4.622945022202890942e-17
1.004652976989746094e+00 4.400413452742527216e-16 5.613922616164689072e-17
1.005072832107543945e+00 2.377570660965985794e-16 6.931745078181300091e-17
1.005493164062500000e+00 4.064111991227212098e-16 6.378590873721369297e-17
1.005913138389587402e+00 3.798239466391519934e-16 4.629287181395457516e-17
1.006335139274597168e+00 4.465050536947502875e-16 1.032252252166969105e-16
1.006757259368896484e+00 2.506580131579920143e-16 5.425017063570238994e-17
1.007179975509643555e+00 4.102870366008996763e-16 8.803008280022030273e-17
1.007603049278259277e+00 2.390148306139324103e-16 8.339884413432371011e-17
1.008027315139770508e+00 3.629123779818482515e-16 7.049867793142852528e-17
1.008451938629150391e+00 3.548716795020203903e-16 6.964443858667766296e-17
1.008876681327819824e+00 2.751427710477984470e-16 7.305344179691080232e-17
1.009303092956542969e+00 3.524891611098512553e-16 6.946177725509125318e-17
1.009729385375976562e+00 4.406049927610912551e-16 8.328897469664196676e-17
1.010155558586120605e+00 1.213137527716554032e-16 8.023194676321749133e-17
1.010583281517028809e+00 1.942687534582274948e-16 7.880421979106116471e-17
1.011011242866516113e+00 3.914910578639715314e-16 1.014653091279841884e-16
1.011440277099609375e+00 2.462140283304427258e-16 8.071180416272685332e-17
1.011869549751281738e+00 3.976239469790070896e-16 4.650962291294552032e-17
1.012299537658691406e+00 1.633609711991713042e-16 7.604047039817859034e-17
1.012730479240417480e+00 2.337792140878351731e-16 1.180828514734722813e-16
1.013161778450012207e+00 2.141962226288995756e-16 1.513804180791982726e-16
1.013593554496765137e+00 1.698319852788389385e-16 6.191403209823069347e-17
1.014026522636413574e+00 3.103668743873849419e-16 6.849836330437319206e-17
1.014458537101745605e+00 1.856009991345252351e-16 4.893259705451339877e-17
1.014893293380737305e+00 3.735469560439647974e-16 3.428549554282216399e-16
1.015326380729675293e+00 3.849520693902867396e-16 1.059967898120068859e-16
1.015761852264404297e+00 1.979564966825563032e-16 6.200203088051653476e-17
1.016197085380554199e+00 3.716302263634467225e-16 7.467647603785824940e-17
1.016634106636047363e+00 4.406860432262316510e-16 8.629204398434838310e-17
1.017069578170776367e+00 3.874207469150593979e-16 1.090025259300081732e-16
1.017508149147033691e+00 1.883922770981935743e-16 8.794033701248074944e-17
1.017946958541870117e+00 3.881964702760667268e-16 7.687985357912800028e-17
1.018384814262390137e+00 4.083293052317785729e-16 1.215033293331627563e-16
1.018823504447937012e+00 4.340312759365690370e-16 1.028643230067175743e-16
1.019265174865722656e+00 3.732946990443606261e-16 8.792038541610597041e-17
1.019704461097717285e+00 4.162875503481471484e-16 7.035740871769426900e-17
1.020146608352661133e+00 2.962447705138468229e-16 3.341026830982511621e-17
1.020587444305419922e+00 2.815475577389026356e-16 7.275793979488235871e-17
1.021029829978942871e+00 2.022927495071266853e-16 9.764690445409650375e-17
1.021473765373229980e+00 4.315159321903585870e-16 7.358725784213822341e-17
1.021918177604675293e+00 4.223264188060374793e-16 5.836592357874573656e-17
1.022361278533935547e+00 2.751237128064852253e-16 6.597664034127873316e-17
1.022807240486145020e+00 5.297134411473948881e-16 1.130557374012976105e-16
1.023253083229064941e+00 2.451768894260890385e-16 5.975275474141744148e-17
1.023699879646301270e+00 2.959987339124490503e-16 8.012540590032066136e-17
1.024146080017089844e+00 2.636509162337217441e-16 5.243416839273612234e-17
1.024594187736511230e+00 3.633572555676139711e-16 7.326823744093367212e-17
1.025042176246643066e+00 5.180743084796143438e-16 5.359096724450173070e-17
1.025490641593933105e+00 2.755527879338287318e-16 8.768401690170771765e-17
1.025940179824829102e+00 4.391427756661139175e-16 8.857359340222684531e-17
1.026390433311462402e+00 3.025706772617379548e-16 5.432854434438056420e-17
1.026839852333068848e+00 3.248484643376937063e-16 7.494713615173050048e-17
1.027291536331176758e+00 4.447582070597159033e-16 7.698627532801662261e-17
1.027744531631469727e+00 3.731191779358217740e-16 9.962781673270379315e-17
1.028197169303894043e+00 3.363164698803492803e-16 9.079111904069370317e-17
1.028650760650634766e+00 2.638434574105444873e-16 5.720838026442883048e-17
1.029104948043823242e+00 2.740084086429677270e-16 9.252924388334932831e-17
1.029561400413513184e+00 4.296164608061408185e-16 9.139482192151450446e-17
1.030015945434570312e+00 4.354126013850835889e-16 1.027833651858057844e-16
1.030472278594970703e+00 2.553347732273586251e-16 7.646300748996047772e-17
1.030929565429687500e+00 3.211293014849776837e-16 5.636545013301279316e-17
1.031387209892272949e+00 3.785131896230555654e-16 8.458158006137653120e-17
1.031844854354858398e+00 3.816634904423515202e-16 1.059902186892207646e-16
1.032303094863891602e+00 3.186824085888172219e-16 1.007033632872595427e-16
1.032762408256530762e+00 4.164503924322567876e-16 3.933625639260401072e-17
1.033221483230590820e+00 4.319209992276033545e-16 6.856800529450525657e-17
1.033683538436889648e+00 2.746545359630451480e-16 6.357557986849860952e-17
1.034143686294555664e+00 3.573855409405731452e-16 7.591517569643395813e-17
1.034605503082275391e+00 3.225296587050258557e-16 5.547987387793597194e-17
1.035068988800048828e+00 3.580278036728287185e-16 5.774437344902849114e-17
1.035531878471374512e+00 3.732517385920670720e-16 6.950059518687714166e-17
1.035996198654174805e+00 3.612901775389582579e-16 3.874781664844603789e-17
1.036460399627685547e+00 3.258802034070086475e-16 1.116336881968658479e-16
1.036927700042724609e+00 2.897777004313398415e-16 7.944075181603297057e-17
1.037391424179077148e+00 3.509041242375220441e-16 6.928015486235421000e-17
1.037859559059143066e+00 2.741003117177448186e-16 4.576261926280603251e-17
1.038326978683471680e+00 2.441594440377590136e-16 1.171735483697049890e-16
1.038795471191406250e+00 3.310443779979609048e-16 8.165272541822837251e-17
1.039263248443603516e+00 3.427592407051819039e-16 6.342834171946417059e-17
1.039733052253723145e+00 3.516655539175444567e-16 6.832587960304363473e-17
1.040203809738159180e+00 3.052216786284071013e-16 5.809124667581892798e-17
1.040673136711120605e+00 3.321989897841869229e-16 6.320024501119144811e-17
1.041145205497741699e+00 4.136537808079987066e-16 7.279664523010493998e-17
1.041617274284362793e+00 2.849895025898500868e-16 6.684798578109719209e-17
1.042090296745300293e+00 2.400819597785748202e-16 7.967342779617678662e-17
1.042564153671264648e+00 2.751229187130971744e-16 3.781634179553987427e-17
1.043038845062255859e+00 4.039283867356412453e-16 1.251158586787533430e-16
1.043513178825378418e+00 3.748870415758599056e-16 5.696248924681886726e-17
1.043989419937133789e+00 3.563838715408857317e-16 4.504037478276148193e-17
1.044465422630310059e+00 1.947001182215065481e-16 7.624823831571720962e-17
1.044942140579223633e+00 2.526678370533692571e-16 6.401174889677537080e-17
1.045419335365295410e+00 2.183457311583799861e-16 7.178667755451239446e-17
1.045897364616394043e+00 2.554111650112891223e-16 6.404183180129269931e-17
1.046376824378967285e+00 2.182952532886795502e-16 6.481948745621095211e-17
1.046856641769409180e+00 3.041434586261115803e-16 5.083885131975410211e-17
1.047336935997009277e+00 3.759544354382983325e-16 1.001387959755798503e-16
1.047818779945373535e+00 3.410482341517282173e-16 8.919256272843292528e-17
1.048300385475158691e+00 3.852748154129702297e-16 5.347995298885221396e-17
1.048783183097839355e+00 2.859819605062361098e-16 5.128924454584432525e-17
1.049265384674072266e+00 3.047135382693933262e-16 5.892258966121432249e-17
1.049750566482543945e+00 1.673216443209732092e-16 6.539670070509535525e-17
1.050234198570251465e+00 2.696548181127582334e-16 7.102651842391086330e-17
1.050719141960144043e+00 3.039699492208224572e-16 3.913407690728379969e-17
1.051204681396484375e+00 2.471435411109359137e-16 7.687019872701828134e-17
1.051693081855773926e+00 3.181546541231185894e-16 7.184410374135827585e-17
1.052179336547851562e+00 2.241782279796056872e-16 7.788479861404112381e-17
1.052667856216430664e+00 4.134238643023783674e-16 7.431529589519309540e-17
1.053156971931457520e+00 2.044618817710367408e-16 3.916825270147204058e-17
1.053647279739379883e+00 3.218572733635835514e-16 4.244997928521287067e-17
1.054137706756591797e+00 2.586818768579931963e-16 5.678823868770089666e-17
1.054628849029541016e+00 2.619875552835511118e-16 7.222240321398082732e-17
1.055119037628173828e+00 2.408140344730189510e-16 5.629003111348265830e-17
1.055612325668334961e+00 3.286038113791252485e-16 2.719331117477456869e-17
1.056104421615600586e+00 1.184009255800560719e-16 7.701131573951982786e-17
1.056598544120788574e+00 1.999556664916438630e-16 4.735552096839939790e-17
1.057092547416687012e+00 3.278180559716488765e-16 7.021785342218922260e-17
1.057588577270507812e+00 3.283696597087686379e-16 7.447238080223936556e-17
1.058084726333618164e+00 2.642738295570884769e-16 3.111208925291188794e-17
1.058581113815307617e+00 2.908503353101394044e-16 4.237074861742009147e-17
1.059078454971313477e+00 3.066752401054546840e-16 4.052132496898423134e-17
1.059576988220214844e+00 3.216495914728286377e-16 4.141379329292484439e-17
1.060075521469116211e+00 3.670772125137180446e-16 7.897249479743405224e-17
1.060576081275939941e+00 1.977980353469707448e-16 4.942469672708854557e-17
1.061075329780578613e+00 2.134589201529841097e-16 5.697908579862913121e-17
1.061576962471008301e+00 1.746605495342212809e-16 9.178383503743084274e-17
1.062078595161437988e+00 1.652979899657540798e-16 2.678750794678462906e-17
1.062580943107604980e+00 3.491898089616181453e-16 5.674840828684524327e-17
1.063085198402404785e+00 2.443853106671002931e-16 4.723576506803642077e-17
1.063587784767150879e+00 3.171882160000810344e-16 3.935329631322260309e-17
1.064092397689819336e+00 3.113653409437405501e-16 6.831277706214079477e-17
1.064598441123962402e+00 3.475403181759588022e-16 7.832410431120068618e-17
1.065104365348815918e+00 2.884609347752738282e-16 4.827273853626759753e-17
1.065611362457275391e+00 2.409397923959066129e-16 4.721606824329030807e-17
1.066119551658630371e+00 2.567314776178217630e-16 6.243456031409806272e-17
1.066626071929931641e+00 2.153037182074345733e-16 5.555423079755958870e-17
1.067137002944946289e+00 2.581543606203109791e-16 6.564679380021708785e-17
1.067647218704223633e+00 2.717771121016630863e-16 7.883841212886165666e-17
1.068156480789184570e+00 1.970331381258205099e-16 5.071232577325799100e-17
1.068667888641357422e+00 1.532657148964393324e-16 7.068922063989134031e-17
1.069179773330688477e+00 2.290130391029740302e-16 5.205881368309425966e-17
1.069692373275756836e+00 1.903017408242109834e-16 4.062356780141823578e-17
1.070207118988037109e+00 1.009520534840623854e-16 6.138491443888257357e-17
1.070719838142395020e+00 1.650991357464963319e-16 5.347535055592396891e-17
1.071235656738281250e+00 1.365975093927935917e-16 5.426913954150945597e-17
1.071751952171325684e+00 1.763759368361990485e-16 9.354480329988273230e-17
1.072268605232238770e+00 1.340924359210686001e-16 9.454227723950327689e-17
1.072785615921020508e+00 2.705564052757716310e-16 5.637767917118877712e-17
1.073303937911987305e+00 3.246331062108543004e-16 6.449038868642305473e-17
1.073822975158691406e+00 6.448473738847809245e-17 1.036050731714261612e-16
1.074342966079711914e+00 3.611335029134958140e-16 7.114988083174457164e-17
1.074862957000732422e+00 1.463800384844213156e-16 2.906656755101930665e-17
1.075384497642517090e+00 2.347087268683283609e-16 6.714070183882255710e-17
1.075906634330749512e+00 2.306141166617418697e-16 8.574427174782596733e-17
1.076430797576904297e+00 3.179107351040889526e-16 5.054573490661226143e-17
1.076952934265136719e+00 2.635895857543846124e-16 5.809004230084705077e-17
1.077477097511291504e+00 2.018358017018625919e-16 5.281862208911606833e-17
1.077996373176574707e+00 2.779750374651800138e-16 1.047535505862294861e-16
1.078528881072998047e+00 2.424692162612926589e-16 5.304355896744883826e-17
1.079053997993469238e+00 2.049281998782798348e-16 5.958257391091323178e-17
1.079581499099731445e+00 2.890409141161266087e-16 6.397627939210909697e-17
1.080109596252441406e+00 1.433196422715425243e-16 3.965637859838448264e-17
1.080637097358703613e+00 2.841766685978411788e-16 5.090972746336009573e-17
1.081164598464965820e+00 2.719179313291441137e-16 5.936311296823556290e-17
1.081695675849914551e+00 2.140443125637654371e-16 7.123992440450464402e-17
1.082226634025573730e+00 3.693086480213655942e-17 4.709785420758912978e-17
1.082753777503967285e+00 5.724514678829558745e-17 1.777697824904652031e-16
1.083292245864868164e+00 1.177765167141418432e-16 3.528190539730272036e-16
1.083826303482055664e+00 2.671185103011032395e-16 2.815100235914274295e-16
1.084361910820007324e+00 2.315551437963617957e-16 9.802513775227005097e-17
1.084897875785827637e+00 1.667211509009291137e-16 6.611425010798305485e-17
1.085433363914489746e+00 1.902733652204779643e-16 1.183119474159249679e-16
1.085971355438232422e+00 1.617194610520618727e-16 7.123952735781061856e-17
1.086508154869079590e+00 1.669537143845096225e-16 8.621167511603273093e-17
1.087046027183532715e+00 2.991595432342468788e-16 7.365631749711905058e-17
1.087586045265197754e+00 1.627856108348590199e-16 5.340730667873535686e-17
1.088122844696044922e+00 1.897769642087175418e-16 6.792083903557846899e-17
1.088662862777709961e+00 2.442721788290826406e-16 8.909754945455263431e-17
1.089205741882324219e+00 2.984034339799244073e-16 5.579108238543557243e-17
1.089747309684753418e+00 2.429750537494810864e-16 5.961580671920316222e-17
1.090288519859313965e+00 1.382978221552881928e-16 5.658533459216408918e-17
1.090833187103271484e+00 2.772861879208254540e-16 5.106866856370093489e-17
1.091378331184387207e+00 3.244990897167309091e-16 6.810637233825166288e-17
1.091923356056213379e+00 2.087519712999817635e-16 9.123778333658253727e-17
1.092469334602355957e+00 2.894195907831084843e-16 7.119984254074277451e-17
1.093017101287841797e+00 2.457628244673522007e-16 9.989060870458943983e-17
1.093565583229064941e+00 3.018563902591861643e-16 6.326919878705386849e-17
1.094114184379577637e+00 1.610611311635880695e-16 6.124349302391560754e-17
1.094662785530090332e+00 2.127292542084837333e-16 5.969929902151181462e-17
1.095213651657104492e+00 2.079023707841060986e-16 6.764612904542715828e-17
1.095763444900512695e+00 2.936115568390700167e-16 7.090978007842247961e-17
1.096315979957580566e+00 9.815462791408155214e-17 4.096942194169400728e-17
1.096868038177490234e+00 3.100645365647743601e-16 6.010142791322079371e-17
1.097421765327453613e+00 1.440407981819009551e-16 5.188534067375208890e-17
1.097976565361022949e+00 2.759609254655072961e-16 5.579382200762434806e-17
1.098532557487487793e+00 1.362228164276417714e-16 4.480609076350686279e-17
1.099088668823242188e+00 2.611666480087636863e-16 5.886730090907127812e-17
1.099645018577575684e+00 2.460652681690811893e-16 7.773274296511917605e-17
1.100203037261962891e+00 2.221322993048517299e-16 5.922368340418362456e-17
1.100760340690612793e+00 9.912252849244210088e-17 6.872787614585460533e-17
1.101318597793579102e+00 2.653109949312217660e-16 5.967655486338905657e-17
1.101879000663757324e+00 3.768148091544718881e-16 4.379026995789989205e-17
1.102440118789672852e+00 1.408452208045962977e-16 5.881819285046522997e-17
1.103001236915588379e+00 2.505202644249447837e-16 6.536955594611381509e-17
1.103564739227294922e+00 1.865615080269320100e-16 7.867664207082588615e-17
1.104129791259765625e+00 2.411210574466190332e-16 9.175392418648092526e-17
1.104692935943603516e+00 2.048827247969241196e-16 4.401750639833555939e-17
1.105257987976074219e+00 1.487403619663944278e-16 6.361554261825227139e-17
1.105823755264282227e+00 2.922120201821894973e-16 3.209410484124504154e-17
1.106390953063964844e+00 2.680504847710993852e-16 6.165746714199634598e-17
1.106956243515014648e+00 9.823485119860939497e-17 4.961859117139342547e-17
1.107524991035461426e+00 4.001750911021288346e-17 7.276188379204301154e-17
1.108093976974487305e+00 1.758255639438307660e-16 5.136870682420861930e-17
1.108665347099304199e+00 1.628850975014919976e-16 7.593029655803142748e-17
1.109236121177673340e+00 1.240517073643161239e-16 7.873658288673392874e-17
1.109808802604675293e+00 1.138376282209521348e-16 6.636602403410949520e-17
1.110381722450256348e+00 8.295295573384945076e-18 6.008377918767136231e-17
1.110954761505126953e+00 5.646667718765458247e-17 7.429563546639393504e-17
1.111529707908630371e+00 1.235665030693272192e-16 1.197275247592441156e-16
1.112103819847106934e+00 2.026967048136281814e-16 3.106811633154856899e-17
1.112680673599243164e+00 1.334453027493663147e-16 7.000983404174438720e-17
1.113257765769958496e+00 1.420147880162972746e-16 4.035128310482293055e-17
1.113832116127014160e+00 1.636539784244722879e-16 5.734555989721462459e-17
1.114414095878601074e+00 1.836213904925633293e-16 5.658299201666933901e-17
1.114991903305053711e+00 2.152465964230541114e-16 3.643026833030926792e-17
1.115573525428771973e+00 2.016963853727004544e-16 6.168938307875109200e-17
1.116154670715332031e+00 1.355827639219829399e-16 5.489907728263798909e-17
1.116736888885498047e+00 1.291433547591597317e-16 6.684392928737323204e-17
1.117320418357849121e+00 3.033962167479556772e-16 4.347448879597409842e-17
1.117904663085937500e+00 1.229520203707636268e-16 4.579552781629584216e-17
1.118488788604736328e+00 2.684324701605314729e-16 4.305218993220862630e-17
1.119074463844299316e+00 1.376267073632667700e-16 7.623052341571877398e-17
1.119661211967468262e+00 9.825129554918694916e-17 1.088917631372648726e-16
1.120246529579162598e+00 1.689435271265079825e-16 6.207170595787310139e-17
1.120837092399597168e+00 1.651344729022645973e-16 7.606427334748541626e-17
1.121424078941345215e+00 8.852678159700124436e-17 4.086604421745958010e-17
1.122019171714782715e+00 1.442084710007879040e-16 7.259791674230030019e-17
1.122605919837951660e+00 1.812067774926271369e-16 7.452491007985893303e-17
1.123198509216308594e+00 1.824397265915843769e-16 5.652841794857554046e-17
1.123790621757507324e+00 1.908569444513565755e-16 6.107215414055382359e-17
1.124384522438049316e+00 1.476176462645884544e-16 3.892193485866600000e-17
1.124978780746459961e+00 2.218714793315464096e-16 5.391432207211605985e-17
1.125574469566345215e+00 8.952329600711122744e-17 5.668773955199815401e-17
1.126169919967651367e+00 7.630187270663514793e-17 7.808542630853218536e-17
1.126767396926879883e+00 8.050876110084713693e-17 5.007409968239167654e-17
1.127364993095397949e+00 2.768517096497207511e-17 6.237578416849249479e-17
1.127963900566101074e+00 1.976964178630798304e-16 6.380799115084640860e-17
1.128563642501831055e+00 6.371641894831433822e-17 5.535165095682290201e-17
1.129163265228271484e+00 1.990184510052865814e-16 1.481153310606595592e-16
1.129765272140502930e+00 2.882244802340918699e-16 7.476725414700226887e-17
1.130369305610656738e+00 1.175016148180884202e-16 1.632879410772502225e-16
1.130971670150756836e+00 2.410489537669840109e-16 1.062450300225564997e-16
1.131578087806701660e+00 -8.032272487236151079e-17 8.864565737719246508e-17
1.132192850112915039e+00 6.546899761412146995e-16 4.395558630465779991e-16
1.132859468460083008e+00 3.481152153191280569e-16 1.819182322287615458e-16
1.133441090583801270e+00 1.789568329915931007e-16 9.937656558472448632e-17
1.134084582328796387e+00 3.916119453474124811e-16 4.115872851144942307e-16
1.134623646736145020e+00 -1.958645502959647958e-16 2.197250581385346100e-16
1.135225057601928711e+00 1.847981045447567644e-16 1.749852675554850975e-16
1.135835766792297363e+00 1.884000592133964732e-16 6.677588210146216978e-17
1.136447787284851074e+00 3.131938733186257710e-16 7.499931470477034547e-17
1.137060403823852539e+00 2.680860866246636675e-16 6.076766564835060390e-17
1.137674450874328613e+00 1.544267985437779655e-16 1.742795964661936594e-16
1.138288378715515137e+00 3.229482848868715924e-17 6.606223037362082004e-17
1.138903856277465820e+00 2.056775196341344711e-16 4.509176916858062664e-17
1.139521002769470215e+00 1.474503043179465267e-16 5.169083080707146955e-17
1.140138268470764160e+00 1.215642098262466591e-16 4.144219205771501493e-17
1.140754938125610352e+00 1.319598054832292846e-16 6.720503663814448138e-17
1.141372203826904297e+00 1.554573729427904320e-16 7.008715888540584422e-17
1.141991972923278809e+00 2.178310527638045919e-16 7.659947243869702602e-17
1.142613649368286133e+00 1.896966416625161926e-16 8.198066613515869565e-17
1.143237233161926270e+00 2.361162044590893894e-16 6.516305857799607726e-17
1.143860340118408203e+00 1.640613350976526021e-16 7.767760641420884144e-17
1.144484996795654297e+00 1.000729259290410276e-16 8.503412064833694201e-17
1.145111441612243652e+00 2.836215179102547900e-16 8.726954647525944739e-17
1.145738601684570312e+00 8.730430625896015072e-18 7.246327159091136855e-17
1.146365165710449219e+00 4.677523987205915810e-16 1.653662819971264577e-16
1.146988987922668457e+00 2.450655045935250980e-16 1.198367390698807169e-16
1.147623419761657715e+00 9.880610874708341631e-17 1.105992095053621310e-16
1.148254036903381348e+00 1.501129523876404198e-16 7.505298218291278590e-17
1.148883461952209473e+00 1.164109672542699026e-16 1.131661560869060890e-16
1.149514198303222656e+00 7.727216880004965024e-17 5.876510770747402686e-17
1.150147557258605957e+00 1.558570666147760550e-16 5.567357641633873954e-17
1.150775432586669922e+00 3.164471415805723267e-17 7.996093592476551776e-17
1.151412963867187500e+00 9.067058228183247598e-17 6.138703202125070932e-17
1.152048110961914062e+00 1.880202443458917246e-16 6.240345170562116846e-17
1.152686238288879395e+00 1.784568056200272457e-16 9.962550062698864468e-17
1.153322815895080566e+00 -2.340755531966435204e-17 9.586090901503120979e-17
1.153962850570678711e+00 -6.792935568716531496e-17 1.088235240454516980e-16
1.154603600502014160e+00 -3.819735772929404988e-17 6.203964443733054604e-17
1.155244469642639160e+00 1.356917929441623294e-16 1.547253511879055046e-16
1.155886530876159668e+00 2.951462746603764021e-16 1.064940246218247619e-16
1.156528353691101074e+00 1.665257245181297856e-16 2.516021107870457371e-16
1.157171249389648438e+00 1.753801172578036099e-16 1.137744713268224860e-16
1.157816410064697266e+00 1.107043143827155689e-16 6.833282792018908016e-17
1.158461213111877441e+00 1.088430388904630490e-16 7.215303253908968021e-17
1.159107923507690430e+00 5.518076205971434692e-17 8.200857851774868501e-17
1.159756183624267578e+00 1.198099781227034014e-16 7.743091468576592689e-17
1.160411596298217773e+00 1.205925703915173707e-16 7.174290977394098866e-17
1.161054491996765137e+00 7.697715648894383803e-17 5.419655940584160311e-17
1.161706566810607910e+00 9.132536521983965184e-17 6.451992896045854846e-17
1.162364244461059570e+00 8.545711434381695866e-17 4.488701880591660081e-17
1.163009285926818848e+00 1.389708824761103404e-16 4.694546106897726039e-17
1.163662791252136230e+00 1.725206928465507022e-16 5.031242696048045487e-17
1.164317607879638672e+00 1.405569781396236195e-16 9.883456376015524046e-17
1.164973974227905273e+00 1.514400412577510948e-16 6.106613226569443755e-17
1.165630578994750977e+00 9.785235626591997455e-17 4.390709102144953104e-17
1.166290044784545898e+00 1.330561837543315696e-16 5.579741528020527841e-17
1.166948914527893066e+00 1.687462346242467348e-16 3.052566121200364407e-17
1.167608261108398438e+00 1.034798380266856329e-16 5.242766675312145555e-17
1.168269157409667969e+00 1.508523856808138223e-16 4.958990454775008647e-17
1.168930649757385254e+00 2.041598218811119768e-16 3.344196256217569802e-17
1.169591665267944336e+00 1.303859917974511929e-16 4.776001228793782844e-17
1.170256733894348145e+00 2.041915988515238139e-16 4.922872771380738268e-17
1.170920968055725098e+00 6.825404723864952981e-17 5.299275353422583130e-17
1.171588540077209473e+00 1.393217129349512309e-16 4.703365837461011441e-17
1.172255516052246094e+00 1.849661744103377387e-16 3.942347431639160195e-17
1.172925114631652832e+00 6.264578915531960387e-17 5.266650688319001676e-17
1.173594713211059570e+00 1.744212097870627377e-16 5.508857443480653709e-17
1.174263954162597656e+00 6.763540878468847104e-17 4.448633913464081463e-17
1.174935817718505859e+00 1.076248930157480579e-16 5.461942075242361128e-17
1.175607323646545410e+00 1.252511060176282132e-16 5.764193540196992419e-17
1.176279544830322266e+00 1.457589912805165025e-16 3.467022981886588797e-17
1.176953554153442383e+00 7.416664161294996569e-17 4.306120950960790452e-17
1.177629947662353516e+00 1.750374394910800420e-16 3.075118373421010154e-17
1.178305983543395996e+00 1.865633476766143280e-16 3.933989267857679383e-17
1.178985953330993652e+00 1.635320586196268721e-16 4.167460664878526423e-17
1.179662942886352539e+00 1.393624631606480433e-16 6.295728552167237282e-17
1.180344462394714355e+00 1.533536342693863686e-16 7.594719751230711094e-17
1.181026935577392578e+00 1.692994927225916022e-16 2.600659485461414243e-17
1.181706428527832031e+00 1.048347267828229901e-16 3.792800456078963258e-17
1.182391405105590820e+00 2.223248934212336764e-16 2.549494559544191737e-17
1.183073401451110840e+00 7.399194106757876624e-17 1.449074353096727622e-17
1.183758735656738281e+00 1.426755001849352306e-16 3.150485776880921696e-17
1.184444785118103027e+00 7.599555779963941115e-17 3.608126428626089448e-17
1.185133099555969238e+00 1.414781264697626711e-16 4.542752508793835079e-17
1.185819864273071289e+00 6.032826068951753517e-17 3.764623706565201945e-17
1.186511516571044922e+00 6.293147748656071835e-17 5.339309902453414605e-17
1.187201976776123047e+00 1.685112094511632681e-16 3.470573902820156434e-17
1.187893748283386230e+00 1.080771953746920535e-16 2.348894327449466954e-17
1.188587427139282227e+00 1.731388416095891295e-16 4.280158729382956104e-17
1.189280271530151367e+00 1.823039366222276719e-16 2.543362338791091122e-17
1.189976096153259277e+00 1.287915978580327818e-16 2.985129725453611294e-17
1.190671682357788086e+00 1.788737311185335734e-16 3.000977513373392241e-17
1.191369891166687012e+00 1.194380644844097593e-16 2.031465090871222668e-17
1.192067742347717285e+00 1.206159299720158682e-16 2.444915603624215044e-17
1.192767024040222168e+00 1.633239796821779328e-16 5.632372714291561844e-17
1.193467974662780762e+00 1.164605716212434826e-16 3.892398295786268130e-17
1.194169759750366211e+00 1.476121537853211023e-16 2.042618959687010204e-17
1.194871187210083008e+00 1.934947373980044753e-16 4.406374910329972385e-17
1.195574998855590820e+00 1.631169330661334598e-16 2.030587783113548927e-17
1.196280121803283691e+00 1.696989746363404116e-16 5.975498482034888445e-17
1.196986556053161621e+00 1.762057096835805358e-16 4.541648057239954276e-17
1.197693705558776855e+00 1.336905584922658372e-16 4.393182372176486657e-17
1.198403239250183105e+00 2.551000127520711754e-16 4.798864831796993550e-17
1.199113488197326660e+00 2.544721231101393236e-17 6.735116305643564904e-17
1.199824333190917969e+00 1.183688971467380187e-16 8.868243051850412248e-17
1.200536966323852539e+00 5.287565784671282470e-17 5.009903090605402479e-17
1.201250314712524414e+00 8.094074790394683010e-17 5.101185449050834274e-17
1.201964855194091797e+00 1.420780243197657285e-16 1.104628702880786908e-16
1.202681660652160645e+00 2.888845571280193852e-17 6.159109416964509104e-17
1.203397512435913086e+00 2.337301391164536271e-16 2.941007249835542756e-17
1.204116582870483398e+00 1.490687857568024819e-16 6.474767494415154846e-17
1.204836130142211914e+00 1.952497234902663813e-16 5.033430423332125735e-17
1.205551743507385254e+00 1.405318318490020074e-16 3.622541870597173572e-17
1.206278443336486816e+00 1.330950016861174581e-16 2.381521970403253598e-17
1.207000494003295898e+00 1.066129930462445885e-16 2.623105693127530691e-17
1.207723975181579590e+00 1.249235821997266168e-16 2.048939777619772910e-17
1.208445549011230469e+00 2.237242447896569840e-16 4.089889652266773614e-17
1.209169745445251465e+00 3.248867925785569634e-16 4.038407585302698278e-17
1.209894776344299316e+00 1.523551280083613579e-16 2.717795704824435939e-17
1.210623502731323242e+00 1.190396545967348186e-16 2.891539202226911531e-17
1.211355090141296387e+00 1.112028792989584302e-16 5.508059379625662548e-17
1.212085485458374023e+00 2.023448287984930239e-16 6.110708763218316306e-17
1.212819576263427734e+00 1.212864888986656554e-16 9.262393290242949850e-17
1.213553428649902344e+00 2.154440080393235668e-16 5.839986445364001239e-17
1.214288711547851562e+00 1.598773761500205831e-16 7.859942972372773633e-17
1.215031504631042480e+00 2.127431905474440267e-16 4.290302279798571372e-17
1.215763926506042480e+00 1.984839599806793170e-16 8.297252186405878007e-17
1.216499924659729004e+00 1.600661453832500844e-16 6.525436608273213067e-17
1.217239141464233398e+00 5.164258963374737698e-17 2.741957815953232388e-17
1.217977046966552734e+00 7.821211729115080708e-17 3.967742538189028187e-17
1.218718647956848145e+00 7.960686953536831980e-17 8.462430228565366998e-17
1.219458341598510742e+00 -9.249054506557164747e-17 8.472186327582062427e-17
1.220201969146728516e+00 1.278577440336849157e-16 7.735752060437532185e-17
1.220948457717895508e+00 6.771033811329597450e-17 4.337760609390943760e-17
1.221694707870483398e+00 1.077778552546213638e-16 6.413812224203877216e-17
1.222442030906677246e+00 7.407183347986158787e-17 5.347751115168395742e-17
1.223191618919372559e+00 1.607871821796003076e-16 6.412798431645132225e-17
1.223942875862121582e+00 1.932174929264563021e-16 5.308486505851728625e-17
1.224694252014160156e+00 1.256863353687291142e-16 4.738563696014122853e-17
1.225445628166198730e+00 2.081646333603997113e-16 6.178517721112963303e-17
1.226199746131896973e+00 1.013538647384161441e-16 8.869034498260502985e-17
1.226951241493225098e+00 -3.572462040207498128e-17 9.038333223359486138e-17
1.227706670761108398e+00 2.424349643664880632e-16 6.117700755500104538e-17
1.228463768959045410e+00 1.523082897333561552e-16 8.302435630996380300e-17
1.229227662086486816e+00 8.908463881955190665e-17 6.495540977446566562e-17
1.229987740516662598e+00 5.748067488719148634e-17 1.114481482767477535e-16
1.230749845504760742e+00 2.121294754724888836e-16 1.198208572021196988e-16
1.231510043144226074e+00 1.996299029140857794e-16 5.102333244868812855e-17
1.232274651527404785e+00 1.689293128548618713e-16 4.834025301786417565e-17
1.233039498329162598e+00 1.488686477532340517e-16 5.667286353586200036e-17
1.233803391456604004e+00 9.361510703450483923e-17 7.707633875311139626e-17
1.234571576118469238e+00 2.330700092829669084e-16 3.749457184597919672e-17
1.235341668128967285e+00 1.757648555043142742e-16 3.643147270528114513e-17
1.236118912696838379e+00 1.067860392303906819e-16 8.887873702147520700e-17
1.236883878707885742e+00 9.749623846860364508e-17 6.917411030782491185e-17
1.237657308578491211e+00 -1.286347577964478274e-17 4.161802749488663713e-17
1.238421678543090820e+00 -7.595707735754344430e-17 3.012380694425803259e-17
1.239204168319702148e+00 6.459117237225651563e-17 4.439634519271749543e-17
1.239978790283203125e+00 1.138303887362310707e-16 5.863631237737707024e-17
1.240755796432495117e+00 8.119226374972215391e-17 2.760393190265201716e-17
1.241536140441894531e+00 1.403012800686712276e-16 4.720807106112814540e-17
1.242316722869873047e+00 6.354406759588278938e-17 2.918026848929839562e-17
1.243098735809326172e+00 3.733018458848530842e-17 4.513120914018715500e-17
1.243883728981018066e+00 1.110138652202676132e-16 2.409712120242938271e-17
1.244665741920471191e+00 1.786591141455230150e-16 1.957111479970056117e-17
1.245451569557189941e+00 1.987933387646639502e-17 3.380369857021248766e-17
1.246238589286804199e+00 9.784698290066083009e-17 5.526947883477188424e-17
1.247024536132812500e+00 4.761688688090900316e-17 3.719703828836632288e-17
1.247811198234558105e+00 6.824690701560197207e-17 3.205636886170037242e-17
1.248605012893676758e+00 5.550010340699656878e-17 6.026693682762530391e-17
1.249397158622741699e+00 1.074968603461758752e-17 4.968611557915735423e-17
1.250188231468200684e+00 6.389969570227648746e-17 5.743370426328827522e-17
1.250984549522399902e+00 1.481675427009239063e-16 5.303338133719198580e-17
1.251783609390258789e+00 1.057548097043330734e-16 2.518523924793471318e-17
1.252577781677246094e+00 6.498631324215064673e-17 2.751832698105890432e-17
1.253376960754394531e+00 7.473876604670594260e-17 2.543665086895285530e-17
1.254177093505859375e+00 9.775288945162169808e-17 2.971497788958737398e-17
1.254976868629455566e+00 1.596246426943835812e-16 3.081112124139569392e-17
1.255778312683105469e+00 1.148516325379339391e-16 1.935664506483903726e-17
1.256582498550415039e+00 8.193702408604039791e-17 1.869097808433188866e-17
1.257386326789855957e+00 6.587825217049922584e-17 2.179673522764186296e-17
1.258194088935852051e+00 6.772987942808692723e-17 3.646259785737029045e-17
1.259001374244689941e+00 1.048806121457625316e-16 2.696515821822019260e-17
1.259811997413635254e+00 9.929945911674474329e-17 3.608558878650332171e-17
1.260622262954711914e+00 8.591089239297374880e-17 2.585943280619605838e-17
1.261434793472290039e+00 8.019761545907409046e-17 3.693660874431012764e-17
1.262248635292053223e+00 3.568511094729699847e-17 3.856992980335528418e-17
1.263062715530395508e+00 1.242593230806220334e-16 2.466841845557280659e-17
1.263878464698791504e+00 9.675391335200875719e-17 2.584504317226008591e-17
1.264695763587951660e+00 -2.743134066784282793e-17 3.637030435334407384e-17
1.265510797500610352e+00 1.127253416123092300e-16 8.250940660014749136e-17
1.266331315040588379e+00 1.743954943961796892e-16 7.793330448516123336e-17
1.267153024673461914e+00 1.359518320589693996e-16 3.079580185645121185e-17
1.267976880073547363e+00 1.022459293982178313e-16 3.854874405350657604e-17
1.268801689147949219e+00 5.840630984497302558e-17 4.339178396960859650e-17
1.269627928733825684e+00 2.266300442547720647e-16 4.919955139924141229e-17
1.270455837249755859e+00 1.945664855391873813e-16 5.655082461700837687e-17
1.271249771118164062e+00 2.175790339922168358e-16 7.973193924398633758e-17
1.272079467773437500e+00 8.226552066834235668e-17 4.815017022182194011e-17
1.272943496704101562e+00 7.382918501025283252e-17 3.580632599426051914e-17
1.273774743080139160e+00 1.079210302924869423e-16 4.514514217042499820e-17
1.274608850479125977e+00 -6.153389959337072449e-17 5.676564011336594794e-17
1.275443315505981445e+00 3.171071655349406385e-17 4.114755363224607669e-17
1.276281476020812988e+00 2.291571670529052697e-16 6.794485374312210849e-17
1.277119755744934082e+00 1.264744465865900373e-16 6.047140925760351193e-17
1.277959704399108887e+00 1.068091208782033616e-16 7.927434292912200267e-17
1.278801679611206055e+00 2.332195866987736473e-17 5.952136916302920816e-17
1.279644489288330078e+00 1.473826244002274379e-17 5.435165577069529580e-17
1.280488014221191406e+00 1.078392055862931968e-16 5.211689499698528305e-17
1.281332731246948242e+00 1.065807396197999209e-16 8.435323850764249302e-17
1.282181978225708008e+00 1.597728469903734821e-16 6.873155544521924120e-17
1.283028960227966309e+00 2.026256466902874261e-16 1.228579732438387978e-16
1.283878564834594727e+00 1.110304154499635741e-16 5.220727936815772728e-17
1.284730911254882812e+00 1.138675258370122514e-16 6.069465537876422346e-17
1.285581350326538086e+00 1.195326145371470206e-16 8.773243012859922125e-17
1.286430239677429199e+00 -2.725799669867621546e-17 3.405040684226765327e-17
1.287283301353454590e+00 1.289461549011270899e-16 4.017157977110701040e-17
1.288141250610351562e+00 1.317905974171254373e-16 4.071377019285591834e-17
1.288998603820800781e+00 3.099610132567521235e-16 5.546237073617434987e-17
1.289860486984252930e+00 9.078648021181850579e-17 3.727927327614389468e-17
1.290721416473388672e+00 2.054407342207074916e-16 6.459786260905084451e-17
1.291585326194763184e+00 1.128803883463261695e-16 1.023468454329493006e-16
1.292451262474060059e+00 1.659718840846336808e-16 1.059330704350607011e-16
1.293299794197082520e+00 9.998768662127866316e-17 1.127140125466397037e-16
1.294185757637023926e+00 1.641736199027230003e-16 9.505810706949134495e-17
1.295052051544189453e+00 7.264348446788462138e-17 5.462160781796320148e-17
1.295920610427856445e+00 1.101500173455213349e-16 5.233016531995860507e-17
1.296792030334472656e+00 1.256908087614818010e-16 8.115345905282606628e-17
1.297661304473876953e+00 2.074597298947167224e-16 6.347881297171970613e-17
1.298532247543334961e+00 5.539055822411494622e-17 6.277799246954027896e-17
1.299409389495849609e+00 1.716052752236954179e-16 7.767630939500835829e-17
1.300286889076232910e+00 8.167793788329898879e-17 4.133067487625306595e-17
1.301165699958801270e+00 8.959358650684353352e-17 4.340421153113159318e-17
1.302045941352844238e+00 2.289696286644272473e-16 4.984910324705480280e-17
1.302928328514099121e+00 1.058581477238980980e-16 7.100562715036022403e-17
1.303811907768249512e+00 1.877303870243633428e-16 1.074705477308905634e-16
1.304694771766662598e+00 1.260604195289500955e-16 8.531031294614594774e-17
1.305580854415893555e+00 1.343710435862662607e-16 1.080492102002081594e-16
1.306468844413757324e+00 1.847665922721409442e-16 8.888884847728305521e-17
1.307357072830200195e+00 1.496370919248509140e-16 3.190734400254281896e-17
1.308247447013854980e+00 1.497069192034401904e-16 3.122109842275657614e-17
1.309139490127563477e+00 8.586754151143106972e-17 2.562846247247532668e-17
1.310034632682800293e+00 1.173819581793989495e-16 3.522656172036700247e-17
1.310929179191589355e+00 2.207515694263782161e-16 2.959682010216784930e-17
1.311824560165405273e+00 1.773765606795921950e-16 4.385322171123762767e-17
1.312723278999328613e+00 8.745375628895255644e-17 3.948677017686415963e-17
1.313621163368225098e+00 1.462439573474889920e-16 4.390042725443480385e-17
1.314521431922912598e+00 5.740168906486002283e-17 3.708452187272440984e-17
1.315425276756286621e+00 1.904451540900929771e-16 4.995135600565615787e-17
1.316329360008239746e+00 7.161498132912598761e-17 5.782009687102404550e-17
1.317235708236694336e+00 6.346803315397691507e-17 7.016627043919041579e-17
1.318141818046569824e+00 1.167368367109463930e-16 4.836987600996092468e-17
1.319049000740051270e+00 1.817440346092027786e-16 4.498728633104782861e-17
1.319957852363586426e+00 1.743839271024937476e-16 7.374247001227767352e-17
1.320867776870727539e+00 2.232346068065847950e-16 5.609255994020909911e-17
1.321780443191528320e+00 1.624174029657096154e-16 9.634867426119657872e-17
1.322697043418884277e+00 1.546531813338214781e-16 9.434673174269574115e-17
1.323612332344055176e+00 2.961245588369663290e-18 7.168865996064731089e-17
1.324533224105834961e+00 2.012656558841318419e-16 1.033920377677468043e-16
1.325454354286193848e+00 2.523482674042379706e-16 6.424759463302649005e-17
1.326373457908630371e+00 1.308601052547869866e-16 1.117252074598387148e-16
1.327297091484069824e+00 1.279264992862003234e-16 8.389605247436198441e-17
1.328220605850219727e+00 9.052164344945862803e-17 3.919116560443975945e-17
1.329140901565551758e+00 8.113225014192020665e-17 4.823119752590518448e-17
1.330068588256835938e+00 3.937279461462170305e-17 6.158640901865559069e-17
1.330996870994567871e+00 1.393666189160455097e-16 7.646948596851799304e-17
1.331928253173828125e+00 6.655820786890761544e-17 3.885040358801486438e-17
1.332858800888061523e+00 8.758964551998276783e-17 2.784770037481016931e-17
1.333793044090270996e+00 1.180983230596494731e-16 2.544964422201483826e-17
1.334731698036193848e+00 5.416284352407394170e-17 3.973670445330828205e-17
1.335662484169006348e+00 1.123755170050932039e-16 3.103973411037064950e-17
1.336602091789245605e+00 1.074865487126597892e-16 3.339793008380827525e-17
1.337539672851562500e+00 9.683430207265911064e-17 4.111271609356779337e-17
1.338478922843933105e+00 1.097650408709942554e-16 1.109180380006645700e-17
1.339420437812805176e+00 1.006598800568188551e-16 1.284636885739657357e-17
1.340367078781127930e+00 1.542351176347922775e-16 1.852383135231452346e-17
1.341312050819396973e+00 9.882248030576706583e-17 1.788093003662605929e-17
1.342261672019958496e+00 8.062020549041518124e-17 3.276113005231800221e-17
1.343210935592651367e+00 7.392023443463776938e-17 4.092225610316623365e-17
1.344162702560424805e+00 8.005025157858654348e-17 5.002402547683016646e-17
1.345116376876831055e+00 1.550512868190309992e-16 3.877488199808877295e-17
1.346066832542419434e+00 3.255929136541016304e-17 2.902691251245351450e-17
1.347023963928222656e+00 8.256141971706482574e-17 2.910686448174043994e-17
1.347978353500366211e+00 1.380539957804871620e-16 5.212177536259934591e-17
1.348935484886169434e+00 6.152149188418242908e-17 3.805520177794313676e-17
1.349897027015686035e+00 9.860212600802783969e-17 3.347336233822821095e-17
1.350856661796569824e+00 7.692699625659862243e-17 4.002958594715615766e-17
1.351819276809692383e+00 9.348645728819569194e-17 3.785643358546909442e-17
1.352788209915161133e+00 1.222082063290661435e-16 5.641410158792071203e-17
1.353753209114074707e+00 1.649850377615232175e-16 7.019236964187768892e-17
1.354720115661621094e+00 -2.364057375258176504e-17 8.662390884610465780e-17
1.355685830116271973e+00 3.210587595223391615e-16 8.271178791753716533e-17
1.356661915779113770e+00 -1.530681974010514703e-16 2.107071880400407057e-16
1.357635378837585449e+00 -8.365213345533234761e-17 2.684248998035653876e-16
1.358608484268188477e+00 -2.444825606373569275e-17 1.919945891088579060e-16
1.359585285186767578e+00 1.940062129492480642e-16 2.625843429344509698e-16
1.360551714897155762e+00 4.918695178415100457e-17 1.536935327092517583e-16
1.361544609069824219e+00 5.480894437437176098e-17 5.797334895398398996e-16
1.362521529197692871e+00 8.344736191684464042e-16 6.524030401231872920e-16
1.363505005836486816e+00 -4.916747796729803617e-16 5.106793932127290814e-16
1.364489912986755371e+00 -1.064661453264592746e-16 3.538058208867988618e-16
1.365477204322814941e+00 -2.252172462383110951e-16 2.469262771599651856e-16
1.366460561752319336e+00 1.402254970896715694e-16 3.052006351536237522e-16
1.367454171180725098e+00 -2.570243921988941407e-16 2.767081938134428008e-16
1.368443965911865234e+00 4.266109496812661456e-16 4.070643938739522839e-16
1.369436621665954590e+00 -1.372396662459307581e-16 4.410604317889180517e-16
1.370432615280151367e+00 -2.469741874610442570e-16 3.652550858254964344e-16
1.371425509452819824e+00 -3.588403994368212111e-16 2.608007033057702269e-16
1.372426986694335938e+00 -5.181045899074786850e-16 3.384987708596111800e-16
1.373419284820556641e+00 -3.184166586190610856e-17 1.829427053435758212e-16
1.374423861503601074e+00 -5.811862966281688340e-17 1.450338913729974188e-16
1.375425577163696289e+00 -9.935852642992592989e-17 1.428475669872360612e-16
1.376430869102478027e+00 1.701977711631547877e-16 8.461531579547889388e-17
1.377435207366943359e+00 -4.983262911797519670e-17 9.181688255726356131e-17
1.378444671630859375e+00 1.290020326058662721e-16 7.841026344380420954e-17
1.379452705383300781e+00 -3.406629201875112161e-17 1.521315642498454260e-16
1.380462765693664551e+00 6.034547266370353857e-17 1.884077619192605670e-16
1.381474733352661133e+00 2.457718241924167777e-16 1.800844985421845915e-16
1.382487416267395020e+00 -7.874550981990460102e-18 3.364514392865383327e-16
1.383504867553710938e+00 1.735414204875513375e-16 3.714119565608511300e-16
1.384524345397949219e+00 2.199900603370169984e-16 4.575802741778962814e-16
1.385539412498474121e+00 -2.885879367778027699e-16 3.518643154925735986e-16
1.386561870574951172e+00 3.487366198650574929e-16 3.140898753581432105e-16
1.387584090232849121e+00 -1.516701165820490442e-16 4.125344797077613521e-16
1.388608455657958984e+00 8.785879023897282176e-17 2.440107897555158839e-16
1.389634728431701660e+00 1.427504228960978336e-16 1.019230907313057352e-16
1.390662550926208496e+00 1.940318754005719093e-16 8.950883027255890009e-17
1.391693711280822754e+00 -1.065391555960456551e-16 1.323346969717281176e-16
1.392721533775329590e+00 3.162568503350157278e-16 8.360718115212376587e-17
1.393758058547973633e+00 -1.682018571369582366e-16 1.388523110983845392e-16
1.394785284996032715e+00 1.174332698471568389e-16 2.981822260317930264e-16
1.395824670791625977e+00 -3.355028682647319231e-16 2.430231493390173697e-16
1.396859169006347656e+00 2.286713407180957251e-16 2.040978958317338069e-16
1.397897839546203613e+00 -2.838324026443415091e-16 2.331636858329773137e-16
1.398938536643981934e+00 4.542656224970533906e-16 1.689516401139559026e-16
1.399983167648315430e+00 3.194682367881874986e-17 2.105904695468870233e-16
1.401028752326965332e+00 3.100415078565208838e-16 1.489365295030226034e-16
1.402075648307800293e+00 -1.013579890609503335e-17 1.565500454447484794e-16
1.403125286102294922e+00 -2.526705899104478336e-16 2.436669473184898413e-16
1.404175996780395508e+00 2.013303215556987874e-16 2.638773916679938627e-16
1.405225872993469238e+00 -1.373461938739377873e-16 2.016877694594401021e-16
1.406279206275939941e+00 1.675121340898768209e-16 1.041333239454923256e-16
1.407333254814147949e+00 1.225897152624654007e-16 1.226706995531567923e-16
1.408387541770935059e+00 -7.420635289979741144e-17 1.238801434878277256e-16
1.409442186355590820e+00 -5.402995282276423504e-18 3.763916897275387634e-16
1.410505771636962891e+00 -1.052928194060548568e-16 2.826077518212894010e-16
1.411565423011779785e+00 1.037298914171379629e-16 6.094295117585100084e-16
1.412628650665283203e+00 -1.589559631220855145e-16 1.658699754331671478e-16
1.413695454597473145e+00 2.110219931288436867e-16 1.093570621579933013e-16
1.414760470390319824e+00 -1.397439423155452486e-17 7.883743274701639388e-17
1.415829777717590332e+00 -1.036960564213620939e-16 1.114258342525435231e-16
1.416902661323547363e+00 1.118687001350595137e-16 8.894591732210431370e-17
1.417975425720214844e+00 2.575708343289915712e-16 9.825526601612720370e-17
1.419049024581909180e+00 2.617640709343739850e-16 1.050440961220275120e-16
1.420130968093872070e+00 8.049555929827079061e-17 7.022063274904740077e-17
1.421205401420593262e+00 1.616992017444992240e-17 5.782255856052700331e-17
1.422282457351684570e+00 1.884811361483164707e-16 8.123467495408897275e-17
1.423360466957092285e+00 4.118428706888833154e-17 3.085039577687971168e-17
1.424437761306762695e+00 5.827732260897395666e-17 6.082206766287699142e-17
1.425521016120910645e+00 1.287842921988627135e-16 6.006012843959724614e-17
1.426606655120849609e+00 7.926743431664595978e-17 3.757834538969611715e-17
1.427696108818054199e+00 5.423520528406008056e-17 4.635790144499104398e-17
1.428788065910339355e+00 1.753270718194818094e-16 7.520839949384414917e-17
1.429876685142517090e+00 2.235001251657694164e-16 1.124422208496894801e-16
1.430969953536987305e+00 -9.058924064911646145e-17 8.259876857608282005e-17
1.432075262069702148e+00 1.193065758542383300e-16 4.682630073865532143e-17
1.433158636093139648e+00 9.717152871914595406e-18 4.126758084784997122e-17
1.434256911277770996e+00 1.195768984784206595e-16 4.242573958454261675e-17
1.435356974601745605e+00 9.221033597870808424e-17 5.448134114713135947e-17
1.436462402343750000e+00 1.594542037835282550e-16 4.608329071651323964e-17
1.437563061714172363e+00 1.451910821591620958e-16 7.895520341390924375e-17
1.438683271408081055e+00 2.268615621820583065e-17 4.132932491749337941e-17
1.439778089523315430e+00 8.751440517146494443e-17 3.869564140412864311e-17
1.440889835357666016e+00 6.916935236494150684e-17 4.190536026118550704e-17
1.441996693611145020e+00 -9.057051162568703580e-18 7.571822068386263203e-17
1.443106651306152344e+00 1.105304625246528489e-17 5.494552181967161648e-17
1.444217801094055176e+00 5.415000898968956892e-17 2.740688424585208512e-17
1.445337295532226562e+00 5.749165984572619055e-17 2.864829209375329246e-17
1.446446180343627930e+00 9.393471638830552827e-17 3.171773435381096374e-17
1.447555422782897949e+00 5.924163653219847547e-17 3.887114266033279389e-17
1.448679924011230469e+00 1.531622709977559010e-16 2.960386106354190067e-17
1.449808597564697266e+00 4.082387785855407696e-18 2.439624625554080858e-17
1.450945734977722168e+00 1.023918903803864883e-16 7.874394810290810090e-17
1.452241778373718262e+00 4.263570250855470674e-16 2.825839554894274755e-16
1.453218221664428711e+00 -1.365412611111399858e-16 6.592153687759290067e-17
1.454322576522827148e+00 9.231309828056677197e-17 8.616636547079952629e-17
1.455453395843505859e+00 2.089609932233290132e-17 5.651027291465857724e-17
1.456585764884948730e+00 -2.083186378468448340e-17 5.389901923078382884e-17
1.457719087600708008e+00 1.668397619833243174e-16 4.918804366255957457e-17
1.458856225013732910e+00 1.823495837571507982e-17 3.677906061612082778e-17
1.459993481636047363e+00 8.280976249801039614e-18 4.420864467683941260e-17
1.461136937141418457e+00 8.652961025627361265e-17 8.202577063959998714e-17
1.462278246879577637e+00 2.320649418253231271e-17 4.391593192783649780e-17
1.463423490524291992e+00 1.207361160062973729e-16 8.818061643681515292e-17
1.464568376541137695e+00 5.677780297709292766e-17 4.699253757199887830e-17
1.465714454650878906e+00 1.081836237410255762e-16 5.139287042426251835e-17
1.466859936714172363e+00 9.203660158029234673e-17 5.702304548510264931e-17
1.468010902404785156e+00 1.095435616076219571e-16 5.166283901514267510e-17
1.469163775444030762e+00 3.456025781078818804e-17 4.425220731661890525e-17
1.470319509506225586e+00 8.977644305305450582e-18 7.279176817321332733e-17
1.471475005149841309e+00 7.019830548995336945e-17 1.029403640660683491e-16
1.472634792327880859e+00 5.345551807355739752e-17 1.036784804877065671e-16
1.473782062530517578e+00 -9.595276907641644862e-18 3.518704233942166902e-17
1.474950551986694336e+00 8.874200075749774132e-17 6.010803212323141708e-17
1.476112008094787598e+00 1.230124244078146991e-16 6.482903642920226426e-17
1.477279424667358398e+00 -7.736925995162867442e-17 1.380547104645364078e-16
1.478445053100585938e+00 3.757042099942785914e-17 7.611598206193733113e-17
1.479613542556762695e+00 2.674594212100383942e-17 7.058318270280694259e-17
1.480785965919494629e+00 6.649628843697434600e-17 5.998674759309644195e-17
1.481959223747253418e+00 6.801986827133270491e-18 4.093097458682254256e-17
1.483133196830749512e+00 7.005638114917397117e-17 7.137423868364855444e-17
1.484307646751403809e+00 3.428092553537393102e-17 1.240569748504568616e-16
1.485483765602111816e+00 1.267046939644553977e-16 2.260333360132110118e-16
1.486664295196533203e+00 1.260141238844267276e-16 1.405529547331241615e-16
1.487846255302429199e+00 3.973198621509427958e-17 1.014947501403461758e-16
1.489029765129089355e+00 4.962315720837471818e-17 5.919707465823901876e-17
1.490213871002197266e+00 2.179896067436187562e-16 7.702202938281361468e-17
1.491403579711914062e+00 1.394310860642654424e-16 9.001232518525257740e-17
1.492591738700866699e+00 5.493214134608295871e-17 7.036454232329692631e-17
1.493785262107849121e+00 8.927755057328907356e-17 2.441780919974884090e-17
1.494976639747619629e+00 -3.427150518896787086e-18 2.315450257231090471e-17
1.496167540550231934e+00 -6.545403259335140560e-18 5.957508296328595156e-17
1.497363209724426270e+00 1.005861021636240255e-16 3.905254336866567286e-17
1.498559236526489258e+00 5.131407650783316714e-17 3.935280000485507127e-17
1.499748945236206055e+00 4.761508031845118735e-17 3.121038477946278932e-17
1.500933527946472168e+00 3.696512993183095604e-17 1.719249077385532584e-17
1.502141475677490234e+00 9.029056227353581422e-17 2.654742042835233788e-17
1.503356099128723145e+00 2.221823503493560885e-17 4.686422531537965265e-17
1.504562854766845703e+00 1.783866937913072511e-17 9.113756875101051286e-17
1.505772471427917480e+00 1.638398227470558017e-16 8.538739956179098949e-17
1.506984233856201172e+00 -1.418449446754829865e-16 1.497348977604791840e-16
1.508200049400329590e+00 8.788485635443559277e-17 7.783753020511739360e-17
1.509403705596923828e+00 5.883620553548418470e-17 7.922445401201770447e-17
1.510620951652526855e+00 1.425878455097842113e-16 1.228986969997560084e-16
1.511841654777526855e+00 1.499301421635437505e-17 7.219327983897406032e-17
1.513066768646240234e+00 5.140213153840066205e-17 8.321157044364170465e-17
1.514279961585998535e+00 4.051779125340740481e-17 7.066101708972573228e-17
1.515496611595153809e+00 5.452648866496450373e-17 5.066392247253383803e-17
1.516722917556762695e+00 1.289416252600927496e-17 3.415798333529139962e-17
1.517948389053344727e+00 5.626764429738452316e-17 2.986858863806092143e-17
1.519170999526977539e+00 2.083441480969359694e-17 2.887327860292281557e-17
1.520398378372192383e+00 -3.204772110198643679e-18 1.417504508710273789e-17
1.521634936332702637e+00 9.251749791865107532e-17 6.211345541774987780e-17
1.522867918014526367e+00 2.378554013278188833e-16 7.488098817250585996e-17
1.524104475975036621e+00 7.971967050114095107e-17 7.697456906798777216e-17
1.525350332260131836e+00 1.219934735507698277e-17 7.157010181781131054e-17
1.526576995849609375e+00 -1.248573961701937988e-17 6.029985861600491441e-17
1.527823209762573242e+00 5.134372266098706766e-17 1.074035990408329715e-16
1.529061555862426758e+00 1.934448716419573286e-18 7.377616604171063366e-17
1.530312180519104004e+00 -1.048799338576602381e-17 1.007827263039503304e-16
1.531548261642456055e+00 1.047734690953797630e-16 6.942086159327193022e-17
1.532797932624816895e+00 7.359198269779712630e-17 3.562967661136614477e-17
1.534065723419189453e+00 4.081865338580519204e-17 1.092199685519912127e-16
1.535297989845275879e+00 1.641654738280505781e-17 6.091167448427363580e-17
1.536554098129272461e+00 9.033971665425616533e-17 7.275198409447197691e-17
1.537807345390319824e+00 1.005352537170091658e-16 3.817223129100713911e-17
1.539059519767761230e+00 1.130449178788854169e-17 4.646758890293802566e-17
1.540314912796020508e+00 1.408101483466240493e-16 4.087220174993942484e-17
1.541574835777282715e+00 1.021719397467861880e-16 4.042939873314998827e-17
1.542838573455810547e+00 4.627182172172632571e-17 3.687810060522302689e-17
1.544102549552917480e+00 1.354217482526658177e-16 4.895853082107816130e-17
1.545371294021606445e+00 1.066485948998088708e-16 3.502810785652573028e-17
1.546642780303955078e+00 1.298945273995864868e-16 2.422006836559558943e-17
1.547905325889587402e+00 1.395391224697097683e-16 6.160557975653211966e-17
1.549173474311828613e+00 7.565373368330799799e-17 5.001466179229606618e-17
1.550437688827514648e+00 6.217051764512623586e-17 2.683551089209230636e-17
1.551714181900024414e+00 5.814923534548134543e-17 3.981361239794101235e-17
1.552990555763244629e+00 8.597022440395095237e-17 5.089680028474711702e-17
1.554270029067993164e+00 1.447720920178468358e-16 4.460911258987838521e-17
1.555547833442687988e+00 5.810833953599672374e-17 4.520896411776713960e-17
1.556831717491149902e+00 1.289046635216014301e-16 8.408484155992618702e-17
1.558133602142333984e+00 3.916517558959334332e-17 6.324186873961511646e-17
1.559397935867309570e+00 1.081196926058425778e-16 5.057027570102548466e-17
1.560674786567687988e+00 1.137467574675795094e-16 5.656380142645810877e-17
1.561959028244018555e+00 7.942614711513773431e-17 4.818459747891639712e-17
1.563248634338378906e+00 1.538730507545104666e-16 3.604619844573354653e-17
1.564553022384643555e+00 1.227076381305909603e-16 3.060116625831748444e-17
1.565848231315612793e+00 1.259404981924646077e-16 5.611462250150711347e-17
1.567128896713256836e+00 1.810655843795092355e-17 4.183638994171083559e-17
1.568431615829467773e+00 1.857459211778445256e-16 6.576042194660227215e-17
1.569749832153320312e+00 1.523354609621172971e-16 5.050003814085238197e-17
1.571045875549316406e+00 1.185026092383959905e-16 2.774122899508479380e-17
1.572345256805419922e+00 9.762822340714260617e-17 2.197567755519423433e-17
1.573646903038024902e+00 1.289693159582785747e-16 2.565482140987494146e-17
1.574948191642761230e+00 1.609528829999069301e-16 3.291719918157205726e-17
1.576258301734924316e+00 1.072465406035663031e-16 4.390328599063178711e-17
1.577558279037475586e+00 1.408322770823710679e-16 4.025242178673304290e-17
1.578859210014343262e+00 1.236363303479164955e-16 4.267054534118891039e-17
1.580178499221801758e+00 1.715433491743172481e-16 4.391012181121392534e-17
1.581484436988830566e+00 4.507944500463419908e-18 4.367997700374452155e-17
1.582817077636718750e+00 1.025290435433926807e-16 4.195085519487592356e-17
1.584136962890625000e+00 6.953086999729658248e-17 4.622622752636240282e-17
1.585460662841796875e+00 2.978820984357791863e-17 7.799184902019528644e-17
1.586771249771118164e+00 1.675312320358594452e-16 8.773499107977568543e-17
1.588082671165466309e+00 2.561717476583642806e-17 6.050853974093979223e-17
1.589410543441772461e+00 1.309645285353156809e-16 4.073627943168471133e-17
1.590770483016967773e+00 4.793842852862061608e-17 4.972120788946430387e-17
1.592089295387268066e+00 1.054535769950208624e-16 3.790420161148280666e-17
1.593412637710571289e+00 1.486574056771227097e-16 3.351240195441826364e-17
1.594744801521301270e+00 1.298032066599606326e-16 2.712624667943121942e-17
1.596078872680664062e+00 1.653231891959348952e-16 2.905736930260771698e-17
1.597412109375000000e+00 1.653793051286904926e-16 3.208338458050635431e-17
1.598737597465515137e+00 2.347275204118455657e-16 3.448696629979353958e-17
1.600081324577331543e+00 2.197560542504481971e-16 6.942012043944308271e-17
1.601430296897888184e+00 2.309498328764301913e-16 4.907396883864361163e-17
1.602775216102600098e+00 1.236421404645390680e-16 8.380924483215821947e-17
1.604118704795837402e+00 2.751732907036792035e-16 4.579771157311298216e-17
1.605468273162841797e+00 1.088933447065960740e-16 9.857293645857206845e-17
1.606818437576293945e+00 2.211078129551476536e-16 9.631037249011292333e-17
1.608164191246032715e+00 1.367524634825819253e-16 1.074278850636175284e-16
1.609513640403747559e+00 1.612911270785472137e-16 1.181157666444069914e-16
1.610865712165832520e+00 2.394086215250668549e-16 7.759768091470151770e-17
1.612223029136657715e+00 2.214005157779832178e-16 3.201872883510675945e-17
1.613580822944641113e+00 2.164679914632152108e-16 2.702308733087850623e-17
1.614926695823669434e+00 2.036688471741699021e-16 6.062510603286076489e-17
1.616262078285217285e+00 1.825968247335204480e-16 7.864409085936069940e-17
1.617651462554931641e+00 1.894016889084144842e-16 3.706641654347684917e-17
1.619023799896240234e+00 6.727957553750285981e-17 4.230619213369400298e-17
1.620384335517883301e+00 1.329980296485466416e-16 2.291123868032640990e-17
1.621752500534057617e+00 9.755279115272267047e-17 7.830871875180719986e-17
1.623123884201049805e+00 1.511278963817980843e-16 4.054258681944929437e-17
1.624495148658752441e+00 1.564025293630282227e-16 6.643633438617650255e-17
1.625883340835571289e+00 1.261621164221798149e-16 8.811112664791579817e-17
1.627245545387268066e+00 1.671538259182984510e-16 2.496728377397189081e-17
1.628621339797973633e+00 8.906751948959450919e-17 6.701960259714479385e-17
1.629994988441467285e+00 1.124041176019528374e-16 4.436733100555158543e-17
1.631366848945617676e+00 1.440267030242630515e-16 1.015743447676084783e-16
1.632748007774353027e+00 8.848727545094571176e-17 5.444621244087745750e-17
1.634131312370300293e+00 8.577709427453207146e-17 5.610059351831821412e-17
1.635517120361328125e+00 1.981307604765640746e-16 3.717931346220053660e-17
1.636905193328857422e+00 1.030141154894835770e-16 4.019358939284582136e-17
1.638293147087097168e+00 7.163081687477270277e-17 2.505183321310338598e-17
1.639680504798889160e+00 9.303070062301367496e-17 2.766433263098063924e-17
1.641068935394287109e+00 1.677278363238510488e-16 1.880146956183427188e-17
1.642462611198425293e+00 1.333038482471748465e-16 3.325517525369387373e-17
1.643855929374694824e+00 1.574572442010374368e-16 2.653412267282493541e-17
1.645250678062438965e+00 1.119636075298213978e-16 4.262854110968346765e-17
1.646650075912475586e+00 1.149716068139786302e-16 4.417099803280089920e-17
1.648050546646118164e+00 1.099738146401577391e-16 4.884216966994910179e-17
1.649422407150268555e+00 3.512108957482159102e-17 3.941312794128978868e-17
1.650825500488281250e+00 1.076677517248262680e-18 6.566593806831401512e-17
1.652260303497314453e+00 3.877195046999788502e-17 4.620574653439558986e-17
1.653668403625488281e+00 3.458907678332953553e-17 1.544366386843448963e-17
1.655075788497924805e+00 1.398134023259425514e-16 2.825984476937594045e-17
1.656485676765441895e+00 2.234181581845103118e-17 2.141397228843397536e-17
1.657894849777221680e+00 8.967280393974651188e-17 3.207605576027913448e-17
1.659307718276977539e+00 3.413712514896526248e-17 2.016056866728952401e-17
1.660723209381103516e+00 8.498006935839027697e-17 1.907993991505024865e-17
1.662135243415832520e+00 5.288727146251306921e-17 1.611876567100841806e-17
1.663536906242370605e+00 9.613418301963912844e-17 1.256905407549633338e-17
1.664949417114257812e+00 9.249208031278854589e-17 2.445674955426538723e-17
1.666381478309631348e+00 1.701261836442219985e-16 2.868493288616694138e-17
1.667798399925231934e+00 1.052911848971644520e-16 6.048938885539796454e-17
1.669226288795471191e+00 2.179912875746234640e-16 4.772437403842659379e-17
1.670662522315979004e+00 1.551189965152521399e-16 7.772717769395791928e-17
1.672093391418457031e+00 8.697791567849775195e-17 6.815890823331613078e-17
1.673524498939514160e+00 1.606743547440480746e-16 6.432244455229518842e-17
1.674960494041442871e+00 1.531093446734423081e-16 7.392034031375617617e-17
1.676394581794738770e+00 1.319306093163286129e-16 3.864427679681155031e-17
1.677826285362243652e+00 9.753579093677348065e-17 3.044982529344478250e-17
1.679255127906799316e+00 9.723284430923205979e-17 1.411116027403404245e-17
1.680687785148620605e+00 9.676793571775275612e-17 2.449850066850338875e-17
1.682132244110107422e+00 1.064467495954561312e-16 2.221550533891418386e-17
1.683565616607666016e+00 9.620717343689080760e-17 3.755724235790866431e-17
1.685001373291015625e+00 5.574843295305233833e-17 3.728135446256507809e-17
1.686442971229553223e+00 3.705379376732928997e-17 3.780935046500257608e-17
1.687895059585571289e+00 2.136331243899877773e-17 5.263462403365977286e-17
1.689344406127929688e+00 1.158243042940676937e-16 1.978772031490369699e-17
1.690793633460998535e+00 6.623227885522702126e-17 2.803280685228728584e-17
1.692244887351989746e+00 6.023003795486053845e-17 3.286791576067614787e-17
1.693709731101989746e+00 6.348574143653045029e-17 2.412798827416741149e-17
1.695160031318664551e+00 1.475373237183871052e-16 3.414461940531499291e-17
1.696601748466491699e+00 1.583186105339460560e-16 3.485916448821789991e-17
1.698060989379882812e+00 1.509419064754267611e-16 6.668297979250511413e-17
1.699519157409667969e+00 1.016920095553829214e-16 3.555188854656165804e-17
1.700980424880981445e+00 1.505989375411275746e-16 3.052543952759947986e-17
1.702442526817321777e+00 1.039302477963881071e-16 2.416386309733383630e-17
1.703908443450927734e+00 1.055578662722903230e-17 4.183339223917094342e-17
1.705372810363769531e+00 8.644519151167890086e-17 3.474023245974502559e-17
1.706837892532348633e+00 4.787987737614166257e-17 3.384576235872203422e-17
1.708299875259399414e+00 8.136155784260970677e-17 2.774757016166062531e-17
1.709769964218139648e+00 9.337538347554207138e-17 2.232450789131397163e-17
1.711243629455566406e+00 7.317794240526738362e-17 3.588682721147417980e-17
1.712717175483703613e+00 7.985814053568232791e-17 2.459410454934104259e-17
1.714192390441894531e+00 9.098716250022999584e-18 3.593800983905651094e-17
1.715670466423034668e+00 8.923811060168254520e-17 1.556087701559447876e-17
1.717162251472473145e+00 1.023865302500171447e-16 2.568419624778792458e-17
1.718638300895690918e+00 3.240648132776956692e-17 3.205808608865203251e-17
1.720099210739135742e+00 6.396088721527071023e-17 2.160045850317283034e-17
1.721581220626831055e+00 4.804149523294472333e-17 4.093605678450606836e-17
1.723066091537475586e+00 4.141657923722792298e-17 5.266914724370528602e-17
1.724553704261779785e+00 2.314743679551847674e-17 4.827423407881509341e-17
1.726031064987182617e+00 8.831018600796545917e-17 7.393573910803946333e-17
1.727521777153015137e+00 9.634070024009156754e-18 6.984666770283462717e-17
1.729018568992614746e+00 9.470726999320555400e-17 8.540096532383685914e-17
1.730506300926208496e+00 1.062810950972638117e-16 5.529256048258456393e-17
1.732002377510070801e+00 1.103168298965712286e-16 1.544964438426324802e-17
1.733491063117980957e+00 6.580669112134603831e-17 2.083844979672163061e-17
1.735004067420959473e+00 8.033936112884117729e-17 5.086133739752574361e-17
1.736505508422851562e+00 3.371554096924903618e-17 6.900510076506807724e-17
1.737987399101257324e+00 6.691634398691857430e-17 5.522088031942316876e-17
1.739502549171447754e+00 1.116462216375072513e-16 6.975797408883424133e-17
1.740989685058593750e+00 3.892550827891222908e-17 4.644426571838648050e-17
1.742495894432067871e+00 1.325350070288639588e-16 2.011514487113178704e-17
1.744000673294067383e+00 5.500872834463801844e-17 2.344586370819290786e-17
1.745507001876831055e+00 1.541680961528407810e-16 3.951884824101896604e-17
1.747015714645385742e+00 -6.139990295158203443e-17 6.074633100599163621e-17
1.748490571975708008e+00 8.203059475693239640e-17 3.334908672299824407e-17
1.750040650367736816e+00 1.660000743999094880e-16 2.497727611577153138e-17
1.751554846763610840e+00 8.775126337678582859e-17 3.112297164105063557e-17
1.753065586090087891e+00 1.192593008278696994e-16 1.816820324592082538e-17
1.754580616950988770e+00 8.660266684797429605e-17 2.727969530050470648e-17
1.756104350090026855e+00 1.265101410843829256e-16 1.715118468278687785e-17
1.757616877555847168e+00 9.875653746733433847e-17 1.626496488119349038e-17
1.759122848510742188e+00 7.986910564188233084e-17 1.728021989526147485e-17
1.760642647743225098e+00 1.684246400369759184e-16 2.862731479341894768e-17
1.762172460556030273e+00 1.303864417837044217e-16 3.382195610069275808e-17
1.763707518577575684e+00 1.196986065250292617e-16 6.622114831290450772e-17
1.765228390693664551e+00 1.842698206834660979e-16 7.848502071884430197e-17
1.766757249832153320e+00 1.959898714674890297e-16 5.078271222594135323e-17
1.768289566040039062e+00 8.213841940413990866e-17 6.422066824972666389e-17
1.769830346107482910e+00 2.224053350814432332e-16 2.914298580472940556e-17
1.771358370780944824e+00 8.938563330084770236e-17 3.570428168517352744e-17
1.772893667221069336e+00 9.393102385405109156e-17 4.135796191029996523e-17
1.774425625801086426e+00 1.020150996852012336e-16 4.270357300868692768e-17
1.775956988334655762e+00 1.181285250781750093e-16 3.433847083622802005e-17
1.777491569519042969e+00 1.257377926202748130e-16 1.682681904046400890e-17
1.779031753540039062e+00 1.515745209730175159e-16 2.901148393966817543e-17
1.780572295188903809e+00 1.111774153709815978e-16 2.834900160451935599e-17
1.782107114791870117e+00 9.544494966348034408e-17 2.393568367099985851e-17
1.783651947975158691e+00 2.321304379862250758e-16 2.472133485371904888e-17
1.785202741622924805e+00 2.083933454910481733e-16 4.538390619987720453e-17
1.786749601364135742e+00 2.419714255861031473e-16 2.617826130149849737e-17
1.788299798965454102e+00 1.425260518093040499e-16 2.803771699640340061e-17
1.789850831031799316e+00 1.574566751007760003e-16 3.762317527017404104e-17
1.791404724121093750e+00 1.824667390016679086e-16 2.619991688993513564e-17
1.792957782745361328e+00 1.704869799750829279e-16 2.460778115358899435e-17
1.794502735137939453e+00 2.156028664216031506e-16 2.431201114504208356e-17
1.796056866645812988e+00 2.224152083092346662e-16 2.599060049028981709e-17
1.797614693641662598e+00 1.979625317923054901e-16 5.303001967518257030e-17
1.799174666404724121e+00 2.674000164071672859e-16 3.614471896541106234e-17
1.800734877586364746e+00 5.041677414039279421e-17 6.891558658790003880e-17
1.802298665046691895e+00 2.196697098293874618e-16 6.361640288608932654e-17
1.803862690925598145e+00 1.757457443234418490e-16 5.366559878808871507e-17
1.805427551269531250e+00 2.440193924338864354e-16 2.554880994257014543e-17
1.806985735893249512e+00 1.867612622186962156e-16 7.449133978187908096e-17
1.808549642562866211e+00 1.295674668028279201e-16 5.829875651300643071e-17
1.810119390487670898e+00 2.325822771240260416e-16 4.529532508244012590e-17
1.811689972877502441e+00 5.699085823310698590e-17 4.908857684826129809e-17
1.813260555267333984e+00 1.779502666826793733e-16 7.596675867943276494e-17
1.814836263656616211e+00 9.710795988907125389e-17 8.225735474133523319e-17
1.816410660743713379e+00 1.718768022228496246e-16 9.495091769699427341e-17
1.817987561225891113e+00 3.313391388461605009e-17 1.003938323020421998e-16
1.819556951522827148e+00 1.325911626662889587e-16 1.370393429539051161e-16
1.821128368377685547e+00 1.501707359165109241e-16 8.471744944007204132e-17
1.822709083557128906e+00 1.717287038059781305e-16 1.093073452944564141e-16
1.824288606643676758e+00 1.893207310875026942e-17 6.635675299380400087e-17
1.825870394706726074e+00 3.322558865754407704e-17 6.076887002332248110e-17
1.827454924583435059e+00 1.614646100140567351e-16 3.930269271206905906e-17
1.829039216041564941e+00 6.494195650898310318e-17 7.084162701339301055e-17
1.830625295639038086e+00 -1.330954119677012844e-17 7.950875929727463029e-17
1.832209229469299316e+00 1.577649487714622627e-17 5.562681093322744156e-17
1.833799123764038086e+00 8.885652887638938332e-17 1.200119425410643486e-16
1.835384964942932129e+00 3.764162139783397355e-17 1.330601277514922224e-16
1.836976051330566406e+00 3.574324189202477504e-16 2.557063295236276443e-16
1.838566422462463379e+00 5.299501868561524651e-16 3.378886953793512702e-16
1.840160489082336426e+00 2.053702187278485711e-16 1.334733607157441134e-16
1.841752409934997559e+00 3.687249893811481779e-17 2.456100673692708080e-16
1.843351006507873535e+00 5.777194172448365844e-17 1.464470732012626130e-16
1.844945073127746582e+00 1.894205353914908923e-16 1.520776982483559728e-16
1.846543788909912109e+00 2.622387534919712153e-16 1.075182396562879208e-16
1.848147511482238770e+00 1.189110511725399743e-16 1.197799878624146788e-16
1.849744558334350586e+00 1.241573217849268945e-16 1.613842874678553859e-16
1.851348519325256348e+00 1.726302644992119264e-16 1.990455031200395156e-16
1.852950572967529297e+00 -1.754733570564505872e-16 1.982619182344904827e-16
1.854556322097778320e+00 -7.648387891117641572e-17 2.530729834999528296e-16
1.856159925460815430e+00 -2.288634219824978888e-17 2.710103355261611309e-16
1.857769250869750977e+00 -3.245351680263280220e-16 1.594260664078116512e-16
1.859376549720764160e+00 -1.550126806454819243e-16 2.060062478270079447e-16
1.860987663269042969e+00 1.287656707089129197e-16 1.149249538274306395e-16
1.862579941749572754e+00 1.923462136610868474e-16 1.852941879191619665e-16
1.864040732383728027e+00 1.748362294614377432e-16 1.701912860671523720e-16
1.865824937820434570e+00 3.703224604324452862e-16 1.718834990770888539e-16
1.867437362670898438e+00 1.396398267462044241e-16 1.925844813821715219e-16
1.869055271148681641e+00 -1.577879311576014360e-16 2.322672338072066453e-16
1.870669841766357422e+00 1.108181939920069694e-16 2.551512847151596623e-16
1.872289419174194336e+00 5.391644958065154624e-17 4.422386281487691818e-16
1.873909115791320801e+00 -1.013612977834005456e-17 5.494804902187908850e-16
1.875528693199157715e+00 6.279893006520522120e-17 5.605702161411586087e-16
1.877151966094970703e+00 4.077404055752000206e-16 2.658654044649793073e-16
1.878775835037231445e+00 -1.815182606240901050e-16 2.887721135042713768e-16
1.880398392677307129e+00 2.545844873245485269e-17 1.379378199178153143e-16
1.882028937339782715e+00 -2.258029364341129417e-17 1.773101347676817366e-16
1.883657455444335938e+00 5.466409843166882541e-17 1.465337087898989669e-16
1.885281205177307129e+00 3.783134023440668577e-17 7.639745508077687539e-17
1.886910080909729004e+00 5.814212159221338939e-17 6.273137257021679032e-17
1.888540625572204590e+00 9.265683483847440773e-17 8.508549187309893524e-17
1.890173554420471191e+00 3.320873113025055261e-18 7.173672908040399244e-17
1.891800642013549805e+00 1.294932455408247620e-16 7.521919916392164149e-17
1.893440485000610352e+00 1.735765326501929884e-16 8.493553395421042196e-17
1.895076036453247070e+00 2.188644627379568902e-17 7.921347567092790068e-17
1.896710753440856934e+00 -2.757179262713188182e-17 7.875419190761395760e-17
1.898349046707153320e+00 -8.918976354924004583e-17 5.371875672297382284e-17
1.899988889694213867e+00 1.188608777053049579e-16 2.371074447656137344e-16
1.901626825332641602e+00 9.487922429894307739e-17 2.965446201771748452e-16
1.903269648551940918e+00 -1.722259915553552099e-16 3.792113565298299224e-16
1.904911041259765625e+00 8.004582450794815967e-17 4.566013158491071238e-16
1.906555414199829102e+00 1.179015731878700602e-16 2.285061163538219331e-16
1.908199787139892578e+00 1.165402059531751877e-16 2.801295451758601318e-16
1.909845352172851562e+00 -1.421902032457177199e-16 1.610260851753954228e-16
1.911484241485595703e+00 -2.958881431732731607e-16 1.075811980270705568e-16
1.913146853446960449e+00 -6.571233297451088934e-17 2.192659530462329784e-16
1.914789676666259766e+00 -1.317047956265465368e-16 1.237852360930658414e-16
1.916439771652221680e+00 1.173906799717777086e-16 1.691256656799472588e-16
1.918087959289550781e+00 1.015353878694796809e-16 1.244797501702551643e-16
1.919738173484802246e+00 1.487477338000135004e-16 9.418328747110016330e-17
1.921395182609558105e+00 1.246275971242204422e-16 9.413155890431354716e-17
1.923051357269287109e+00 -5.178304159303643087e-17 1.009596900154774749e-16
1.924720287322998047e+00 5.021587843938326548e-17 1.244672299645035616e-16
1.926366209983825684e+00 4.036938909581498126e-16 1.017443667794350778e-16
1.928026318550109863e+00 2.786412024084159193e-16 9.323549069034710334e-17
1.929684519767761230e+00 1.627720318379233494e-16 8.443886162720908202e-17
1.931345343589782715e+00 1.524198201497079051e-16 1.178707623644136850e-16
1.933004856109619141e+00 1.822750316229026189e-16 1.050260040276697522e-16
1.934668302536010742e+00 7.270685973769598414e-17 5.668224707273080191e-17
1.936332225799560547e+00 -4.403738189409398354e-17 4.263679306347429665e-17
1.938007950782775879e+00 7.727004460023661407e-17 5.695807541107028430e-17
1.939665555953979492e+00 -8.302872547795930809e-18 1.074880111679827829e-16
1.941331624984741211e+00 8.529386197812349312e-17 5.316961467535701925e-17
1.942997813224792480e+00 1.433410033836810937e-17 5.698183203826280726e-17
1.944663882255554199e+00 -1.599380184150880706e-17 3.373364960721904706e-17
1.946334242820739746e+00 4.112224521422440425e-17 5.195551205947618735e-17
1.948002934455871582e+00 -1.236066577249829933e-17 4.825850441228678503e-17
1.949678063392639160e+00 8.853824301156877912e-17 4.639015156271326143e-17
1.951350212097167969e+00 9.506964789339768479e-17 7.657379675248338004e-17
1.953026771545410156e+00 7.837501231481964971e-17 5.578581489929483475e-17
1.954702615737915039e+00 6.233128185153714190e-17 6.435245466491861226e-17
1.956378579139709473e+00 2.592674380136194846e-17 6.922783072552655568e-17
1.958054423332214355e+00 1.140718593006475505e-16 7.208168986561820668e-17
1.959733366966247559e+00 1.186115720861263757e-16 8.102396227356966469e-17
1.961411595344543457e+00 8.024496989478152619e-17 4.324370209634935348e-17
1.963084340095520020e+00 5.760352775176786201e-17 6.787001705874321097e-17
1.964772939682006836e+00 1.491286041499798666e-17 4.198403175488420039e-17
1.966457486152648926e+00 1.222880391843448613e-16 6.205510278861793702e-17
1.968103170394897461e+00 1.058637791695083590e-16 6.980830637474686796e-17
1.969808220863342285e+00 7.814315028039858584e-17 4.039744640044828992e-17
1.971508979797363281e+00 1.686175253209334837e-16 3.721532228862619500e-17
1.973197817802429199e+00 1.637312040064602386e-16 2.578517680260717309e-17
1.974885344505310059e+00 1.022417868777101657e-16 1.184833260039561543e-16
1.976575613021850586e+00 5.598826900857841338e-17 6.366846894256586432e-17
1.978266000747680664e+00 7.992496349428681169e-17 6.005366319592953168e-17
1.979958295822143555e+00 1.062006600544991553e-16 3.954955649407938464e-17
1.981649994850158691e+00 5.967089033055429344e-18 1.693453449983066416e-17
1.983366250991821289e+00 1.201092454508801864e-16 2.718797585982360166e-17
1.985032200813293457e+00 2.150513255502099432e-17 1.718885448788254274e-17
1.986727714538574219e+00 1.122138925308452427e-16 3.295251979372807154e-17
1.988423585891723633e+00 8.306799174163720031e-17 2.189333668829825574e-17
1.990118741989135742e+00 6.524643838374142245e-17 2.298342342366146242e-17
1.991816878318786621e+00 9.298001099507642543e-17 1.406981282393496681e-17
1.993509888648986816e+00 8.118986823466820034e-17 2.955016049817495811e-17
1.995205998420715332e+00 8.043754415882877146e-17 4.611168948130341019e-17
1.996909260749816895e+00 1.152702123976653728e-16 3.398597939871712305e-17
1.998611450195312500e+00 3.837784192150822009e-17 4.844863683916577376e-17
2.000315189361572266e+00 7.794781654182786367e-17 4.839720605739967671e-17
2.002040147781372070e+00 1.326549813049086499e-16 7.172944989101352579e-17
2.003747940063476562e+00 8.602786896647854776e-17 7.525029453750873491e-17
2.005434036254882812e+00 3.188589355489809384e-17 8.668258573003671938e-17
2.007126092910766602e+00 8.821400806378269354e-17 1.502444145480322474e-16
2.008840799331665039e+00 8.316479834308550625e-17 5.212296981140387248e-17
2.010548353195190430e+00 8.172609964728427628e-17 9.941178362648454402e-17
2.012254476547241211e+00 -2.208136476769890957e-17 1.986410051830561846e-16
2.013962745666503906e+00 -2.661926768199746876e-17 3.401006689815466721e-17
2.015673875808715820e+00 2.414878359476699461e-17 2.289943812170772841e-17
2.017385005950927734e+00 1.241024499318125768e-16 2.634511190285656858e-17
2.019096612930297852e+00 7.365878580406690882e-17 5.052733179234418167e-17
2.020805120468139648e+00 1.430983019745131349e-16 3.540485553831913227e-17
2.022517681121826172e+00 8.789629129922352582e-17 3.454666557896271669e-17
2.024235725402832031e+00 1.321976099831709294e-16 2.200694167362628856e-17
2.025952100753784180e+00 6.240724350154911153e-17 7.118938036035520381e-17
2.027667522430419922e+00 1.140916586957896198e-16 6.222607109506529720e-17
2.029387474060058594e+00 1.364622752888085223e-16 4.350812857712540495e-17
2.031106710433959961e+00 7.799638858739697746e-17 3.016411710986896674e-17
2.032826900482177734e+00 5.505468319074901444e-17 2.142388356653358573e-17
2.034540176391601562e+00 1.348847823036657947e-16 2.833606449973902664e-17
2.036260843276977539e+00 5.992522520785719797e-17 2.410881422756843231e-17
2.037953615188598633e+00 7.883114617436099087e-17 2.691917690232959490e-17
2.039695739746093750e+00 -1.157187006268048863e-18 4.208799843171476534e-17
2.041431188583374023e+00 1.212359580894060160e-16 4.075091060235954928e-17
2.043157815933227539e+00 9.810422945371992127e-17 3.028749606131492613e-17
2.044884204864501953e+00 8.901717396879208172e-17 2.119925605374991064e-17
2.046612977981567383e+00 1.312909538573638069e-16 3.234234505179465536e-17
2.048332452774047852e+00 6.392811101067890907e-17 2.517698729414388417e-17
2.050052642822265625e+00 1.446055176948133573e-16 3.133933561951490591e-17
2.051782846450805664e+00 8.619427785338951565e-17 4.491860056170387540e-17
2.053514719009399414e+00 1.394551206241437832e-16 3.443224003046703127e-17
2.055245161056518555e+00 -3.288097197946468486e-17 4.103318102330959466e-17
2.056977033615112305e+00 1.617932852673710053e-16 3.173119423673842661e-17
2.058710575103759766e+00 9.494530610371871367e-17 2.937601912689784451e-17
2.060444593429565430e+00 6.079009878656304201e-17 2.854725032756871503e-17
2.062179088592529297e+00 1.074195073783735914e-16 4.360820750507697066e-17
2.063906669616699219e+00 7.472183200520575701e-17 2.835406725859063073e-17
2.065635681152343750e+00 9.607863618714496752e-17 1.573419120625903933e-17
2.067368745803833008e+00 1.097084815694303296e-16 1.921280993684464149e-17
2.069107532501220703e+00 1.099525991118069791e-16 1.034558348996705691e-17
2.070845842361450195e+00 6.595229476149007245e-17 1.930029586715069991e-17
2.072584867477416992e+00 1.484375212179714137e-16 1.226865102833851309e-17
2.074324607849121094e+00 1.187046001265365395e-16 4.925280197835512600e-17
2.076065301895141602e+00 7.041345185855596173e-17 4.931337145152870889e-17
2.077807426452636719e+00 9.036340710699968404e-17 2.324659755299010859e-17
2.079541683197021484e+00 4.603180699518793920e-17 2.543242893910638465e-17
2.081281423568725586e+00 5.384193715107276951e-17 1.572728093942177133e-17
2.083022832870483398e+00 8.237486071043206609e-17 1.409255036461282444e-17
2.084760904312133789e+00 1.011214733084030463e-16 1.749621495117254655e-17
2.086509466171264648e+00 5.651289342283914523e-17 1.319573603373385779e-17
2.088255643844604492e+00 6.254302685346091613e-17 1.930121900071430908e-17
2.090002059936523438e+00 9.647780708098345698e-17 2.184348913022458519e-17
2.091747522354125977e+00 8.424457344493262688e-17 2.333040087520908093e-17
2.093498229980468750e+00 7.120859080290113533e-17 3.184340749068583896e-18
2.095243692398071289e+00 7.284986272199415157e-17 1.751870599202786337e-17
2.096988201141357422e+00 1.033597909587470371e-16 1.206153327476136049e-17
2.098731994628906250e+00 8.336547235969087076e-17 2.036295494776287329e-17
2.100472450256347656e+00 5.919688275233690646e-17 2.360418276871310714e-17
2.102225065231323242e+00 7.474464895522241973e-17 9.378051006979094264e-18
2.103974819183349609e+00 6.139641555811951087e-17 1.291183110389340763e-17
2.105726957321166992e+00 7.948502913986170903e-17 1.324271327508196933e-17
2.107481002807617188e+00 9.135458123907502477e-17 1.460773333936187603e-17
2.109195709228515625e+00 1.575963693626239556e-17 1.882663239606813499e-17
2.110987424850463867e+00 9.842549316874571637e-17 2.857977176053184986e-17
2.112740278244018555e+00 5.607829272900378449e-17 2.830567057531137819e-17
2.114496946334838867e+00 4.225228311881269706e-17 2.196903529487543352e-17
2.116250753402709961e+00 5.909466308096005351e-17 1.238212780067160019e-17
2.118001699447631836e+00 5.746897524460753632e-17 2.230493183493729168e-17
2.119759082794189453e+00 7.183145780415356517e-17 1.837281298788071720e-17
2.121521949768066406e+00 -3.621265200039759229e-18 2.494837938825260391e-17
2.123277425765991211e+00 5.283160220728825044e-17 5.061942677302338556e-17
2.125032186508178711e+00 7.262349316684043980e-17 3.702467039232252297e-17
2.126792907714843750e+00 4.759702131131792965e-17 2.977517347712408291e-17
2.128552913665771484e+00 6.386859371124449362e-17 9.684758824765793737e-18
2.130314826965332031e+00 8.723313729341731332e-17 1.292386492744482907e-17
2.132071971893310547e+00 7.603724108506718332e-17 3.035304847049852847e-17
2.133832454681396484e+00 6.882042111278703807e-17 1.361797699485645119e-17
2.135595798492431641e+00 2.366627425421378761e-17 1.954260188398585830e-17
2.137357711791992188e+00 6.456611210841860910e-17 2.419257453639555189e-17
2.139119625091552734e+00 6.794335158312971219e-17 3.943752976936010300e-17
2.140881776809692383e+00 5.171722117733436135e-17 3.340633093010936380e-17
2.142638444900512695e+00 5.910917513762668383e-17 3.550729689410014943e-17
2.144398212432861328e+00 5.159154928123040496e-17 1.642093971185771439e-17
2.146146535873413086e+00 4.631001761369157432e-17 2.276905625919589508e-17
2.147927761077880859e+00 8.612454321902884521e-17 2.437242510826050649e-17
2.149716854095458984e+00 8.814107058609021777e-17 1.583530245561507122e-17
2.151469469070434570e+00 4.491952369526748458e-17 1.579275063054411837e-17
2.153241872787475586e+00 7.760225356912771083e-17 3.645870349104639080e-17
2.155014991760253906e+00 5.955181354547422234e-18 3.446499638272413116e-17
2.156769514083862305e+00 -3.285436323352007907e-17 2.031525475055939039e-17
2.158531665802001953e+00 3.942639260959268904e-17 2.483334834354852967e-17
2.160318136215209961e+00 7.513589215007020097e-17 1.668149995045069300e-17
2.162085056304931641e+00 5.876148796511349482e-17 2.008642185154149571e-17
2.163852691650390625e+00 4.208590731912623128e-17 1.833869178761290481e-17
2.165621280670166016e+00 6.479804031728867721e-17 1.542664876323427385e-17
2.167393922805786133e+00 7.727380330894005503e-17 8.845882705531878804e-18
2.169166803359985352e+00 6.866156934795235463e-17 1.582007075181551977e-17
2.170939445495605469e+00 4.073770879978320296e-17 2.644011359620828381e-17
2.172710180282592773e+00 5.074659752039728804e-17 1.895388751586451787e-17
2.174478769302368164e+00 7.755531603244900183e-17 1.609379639703789237e-17
2.176255702972412109e+00 1.063733952187349288e-16 1.534553874108977417e-17
2.178033351898193359e+00 5.764126042259008092e-17 3.530601407256394588e-17
2.179808616638183594e+00 2.290944866148084515e-17 1.458338445085076510e-17
2.181585311889648438e+00 5.284957518763780263e-17 4.345028549125079683e-17
2.183358192443847656e+00 2.871720285622386009e-17 4.609722043802863263e-17
2.185133218765258789e+00 3.257328726137456026e-17 3.719989702456330614e-17
2.186931848526000977e+00 -1.869927181074365159e-18 1.925040695004640170e-17
2.188688755035400391e+00 5.121093701161515523e-17 2.316346259270607910e-17
2.190464019775390625e+00 4.361228715985808219e-17 2.533513595545789753e-17
2.192245244979858398e+00 4.123451016696010117e-17 3.376052305095966983e-17
2.194013833999633789e+00 -2.289751906268660539e-17 6.173928523074519105e-17
2.195805549621582031e+00 -1.720468672480680768e-17 4.355590983802891804e-17
2.197589397430419922e+00 9.060236635107645289e-18 1.934778926920104454e-17
2.199370145797729492e+00 8.628148915973220647e-17 1.833135469557955945e-17
2.201142549514770508e+00 7.638586131731133215e-18 1.088772676242104933e-17
2.202906370162963867e+00 7.586885358213098858e-17 1.266175207084208843e-17
2.204708814620971680e+00 6.390659769730762992e-17 1.584344522156504322e-17
2.206485033035278320e+00 5.200257201888555420e-17 2.129381934137697277e-17
2.208269596099853516e+00 6.735279094788115340e-17 3.693589736898333204e-17
2.210055112838745117e+00 6.834385258339318692e-17 5.689108039889838949e-17
2.211839199066162109e+00 5.582520193134215972e-17 5.001925099033451038e-17
2.213623285293579102e+00 7.121091352606118423e-17 5.119031705330543336e-17
2.215404987335205078e+00 6.269903973443331758e-17 4.077433966602950124e-17
2.217189550399780273e+00 9.678283820366851147e-17 2.469611080811985685e-17
2.218976259231567383e+00 6.516193361236300515e-17 2.327898332833278473e-17
2.220756053924560547e+00 7.450751281721571776e-17 2.383971748505390645e-17
2.222539186477661133e+00 5.135352971432949635e-17 7.100683814277700167e-17
2.224327087402343750e+00 6.808988166555980572e-17 3.060655616718887997e-17
2.226109743118286133e+00 -3.522295521289627127e-17 6.247791781308564222e-17
2.227935552597045898e+00 1.487286126929737246e-17 3.337307165203983166e-17
2.229724407196044922e+00 -3.005317564611335467e-17 2.422337543368457643e-17
2.231476306915283203e+00 5.693867306262224049e-17 1.746114249320029817e-17
2.233264446258544922e+00 7.139746591524904346e-17 2.003151691120267595e-17
2.235046625137329102e+00 8.758410010115621233e-17 4.697895526634075758e-17
2.236844539642333984e+00 4.351731359064719376e-17 4.766914815201010345e-17
2.238628149032592773e+00 8.858330781134066806e-17 2.100258559130930278e-17
2.240401029586791992e+00 3.626807806452232046e-17 1.352337152101814886e-17
2.242188215255737305e+00 7.175147936508703803e-17 3.035187056530625296e-17
2.244009494781494141e+00 4.129134078376494438e-17 5.393987533559904798e-17
2.245797634124755859e+00 5.059988545823243284e-17 4.470093294659422149e-17
2.247569561004638672e+00 7.655498335663147398e-17 4.593995024252515058e-17
2.249361038208007812e+00 3.771885028854437443e-17 3.697169112844972665e-17
2.251151323318481445e+00 9.672494879567960038e-17 2.744415700425372455e-17
2.252943515777587891e+00 6.686824177993739063e-17 2.663497749619107586e-17
2.254734039306640625e+00 6.047371212842885956e-17 1.699129894218650314e-17
2.256529569625854492e+00 8.342719492263835258e-18 3.556059710405061632e-17
2.258320093154907227e+00 3.310304681287802131e-17 2.312292577960730543e-17
2.260091066360473633e+00 -1.422644443600555792e-17 2.798969089003857183e-17
2.261882305145263672e+00 1.966742343842011018e-17 4.669128831907441626e-17
2.263688564300537109e+00 5.505279721895239354e-17 3.175338583821199923e-17
2.265480756759643555e+00 2.890209757546416305e-17 4.778484755864912054e-17
2.267273664474487305e+00 7.237150086503228545e-17 2.592560890956152570e-17
2.269066095352172852e+00 5.559473617779508536e-17 2.683809334996469691e-17
2.270858287811279297e+00 8.404810150583903175e-17 2.094226592668071090e-17
2.272652387619018555e+00 3.712474270282918826e-17 2.431864513355475884e-17
2.274446010589599609e+00 3.524483910318197417e-17 2.348714663820420436e-17
2.276239871978759766e+00 5.903603251914229491e-17 2.120107254237507709e-17
2.278031826019287109e+00 8.804266918042090960e-17 4.923890203534178492e-17
2.279826879501342773e+00 6.392838894336472688e-17 1.947773768907190008e-17
2.281604528427124023e+00 -3.797499834574999519e-17 3.213610245530558387e-17
2.283398151397705078e+00 -1.122506458198221989e-16 3.726495312537937666e-17
2.285206079483032227e+00 -7.264558881536295628e-17 2.246497639421527658e-17
2.286997556686401367e+00 5.194097022430750512e-17 2.480159949727751937e-17
2.288787603378295898e+00 8.022683147830946340e-17 2.257468866758063485e-17
2.290589332580566406e+00 7.131229278193568330e-17 3.772255274896616178e-17
2.292384147644042969e+00 1.795172015344834740e-17 1.116096933416569096e-17
2.294191598892211914e+00 4.633144490027914794e-17 1.277670453338797013e-17
2.295988082885742188e+00 5.276010733258406716e-17 1.520795378980382907e-17
2.297769069671630859e+00 6.488535750274977481e-17 4.355067543911268248e-17
2.299564599990844727e+00 9.907765559857232424e-17 4.326740909270512326e-17
2.301359176635742188e+00 -2.688311844506718331e-17 1.780837802509903324e-17
2.303153991699218750e+00 3.391488157070696521e-17 2.378112993662800061e-17
2.304939985275268555e+00 4.434807424089135094e-17 2.393936462472571948e-17
2.306707382202148438e+00 4.473499955294160538e-17 5.170248412754111661e-17
2.308516263961791992e+00 6.169595668307905091e-18 2.925153837087596448e-17
2.310312032699584961e+00 8.810431067966836122e-17 3.319520465928377923e-17
2.312126159667968750e+00 5.056961064781299202e-17 3.762169957996124644e-17
2.313923597335815430e+00 8.395259854103610938e-17 1.190819963179301830e-17
2.315718173980712891e+00 4.685832586325092445e-17 2.695994863472233363e-17
2.317513704299926758e+00 1.308446866081689982e-16 2.734006294160882644e-17
2.319309234619140625e+00 6.577617808291018222e-17 3.154180627241073560e-17
2.321107149124145508e+00 4.328740783837481781e-18 3.872206817033848724e-17
2.322892189025878906e+00 3.249610800150091257e-17 4.678158666346315497e-17
2.324688434600830078e+00 5.560466896259062212e-17 3.761835446156408199e-17
2.326486825942993164e+00 -7.848559312782818866e-18 3.313320250928925449e-17
2.328301429748535156e+00 8.002349724885412835e-17 4.095332831569617558e-17
2.330108165740966797e+00 3.969349253810851188e-17 2.281300271077961234e-17
2.331886291503906250e+00 2.845047681334491121e-17 4.798471755569908351e-17
2.333659410476684570e+00 2.833842361884602787e-17 2.125697175381018560e-17
2.335452318191528320e+00 1.022401788385993626e-16 1.876163750661739339e-17
2.337259531021118164e+00 1.003662574091421320e-16 2.870612525346054995e-17
2.339054107666015625e+00 1.241030322669638142e-16 3.859120488871014805e-17
2.340848922729492188e+00 8.468511660428856857e-17 3.417152262755766758e-17
2.342643260955810547e+00 1.064391792384900459e-16 6.580896752239178424e-17
2.344438076019287109e+00 1.112112569842023673e-16 3.101834652845247842e-17
2.346230745315551758e+00 1.215011058716762137e-16 2.017988995203753763e-17
2.348024129867553711e+00 3.543607995208178396e-17 2.138449157140258545e-17
2.349818706512451172e+00 1.387005069123688076e-16 3.484888428756509088e-17
2.351613044738769531e+00 -1.966964028246175229e-17 4.465583836832028063e-17
2.353406429290771484e+00 1.020112681846038879e-16 3.765980944514278953e-17
2.355201005935668945e+00 7.083856313640411414e-17 6.514494663130361617e-17
2.356994867324829102e+00 1.015669596990996049e-17 1.413338132313742197e-16
2.358787059783935547e+00 3.425159371085280066e-17 1.017439101757369486e-16
2.360578060150146484e+00 1.177886663429790221e-16 2.057671992474250202e-17
2.362370491027832031e+00 7.190670477011628899e-17 6.171370218876015101e-17
2.364161729812622070e+00 1.350056168475475410e-16 2.984249605281854873e-17
2.365950584411621094e+00 7.788322366215482285e-17 4.027355459702254765e-17
2.367743015289306641e+00 1.089592544578042992e-16 2.550022466211123080e-17
2.369535446166992188e+00 3.769902111490025325e-17 4.861660413435079156e-17
2.371326923370361328e+00 2.027185688515791831e-16 3.991567655936270533e-17
2.373111248016357422e+00 1.091648783231951810e-16 6.290539151876324607e-17
2.374897241592407227e+00 8.228015183901719464e-17 5.287067491070280526e-17
2.376699686050415039e+00 1.772146318028788143e-16 3.661008085186604507e-17
2.378487110137939453e+00 1.194544492779832097e-16 5.034258596561413826e-17
2.380277156829833984e+00 1.929540921496398164e-16 3.462704106472326928e-17
2.382068395614624023e+00 1.164036615950998343e-16 3.070845489248806234e-17
2.383854389190673828e+00 1.081612766295968436e-16 4.542597329710920131e-17
2.385642766952514648e+00 2.053765979447325801e-16 5.612947204786366542e-17
2.387431621551513672e+00 6.717433169380651299e-17 7.396793959492492759e-17
2.389219760894775391e+00 1.268843046539427119e-16 8.546674272614707591e-17
2.391006469726562500e+00 1.414027537723468392e-17 1.092548027819470458e-16
2.392791032791137695e+00 -5.476755556524205769e-17 3.796486042016254529e-17
2.394601821899414062e+00 1.094971468490903816e-16 6.890622952081083895e-17
2.396388530731201172e+00 2.841189049213053758e-17 4.789301962171390507e-17
2.398149967193603516e+00 2.402482694038122818e-16 5.261551616150979792e-17
2.399936199188232422e+00 -1.986152467787812833e-17 6.717798452339154716e-17
2.401714563369750977e+00 6.337330443022734234e-17 3.238026962851898657e-17
2.403498172760009766e+00 7.753865330618973364e-17 5.222439538939267452e-17
2.405269861221313477e+00 6.165795021547407695e-17 7.065371143055566394e-17
2.407066583633422852e+00 -1.529566272800303179e-16 1.007922686594967421e-16
2.408879518508911133e+00 1.296675755092815377e-16 1.011059223128870494e-16
2.410627126693725586e+00 2.118691187203265930e-16 5.300342085540531514e-17
2.412406921386718750e+00 -2.664672213740034877e-16 8.702701050221399925e-17
2.414198875427246094e+00 2.578679840748002204e-16 3.219467346011923865e-17
2.415979862213134766e+00 7.708902439498550949e-17 1.059468876600127868e-16
2.417747735977172852e+00 -1.893679796440917232e-17 6.140769830167473417e-17
2.419527053833007812e+00 1.143518698641641010e-16 6.202052663901322046e-17
2.421305418014526367e+00 1.506121459611488213e-16 5.072194422942075760e-17
2.423084020614624023e+00 7.086687918313302938e-17 8.761432197201644975e-17
2.424860477447509766e+00 1.281443191025426870e-16 1.142938216374975798e-16
2.426634073257446289e+00 9.928171774696670595e-17 8.896855560110866496e-17
2.428406953811645508e+00 1.598246880537234054e-16 5.558922384619303199e-17
2.430176973342895508e+00 1.812662947920615523e-16 5.954163839675920755e-17
2.431947946548461914e+00 2.679254944718201725e-16 7.200530469913260989e-17
2.433722972869873047e+00 3.082361630085667494e-16 7.056771773407465118e-17
2.435498952865600586e+00 2.237974602000352775e-16 1.081631030443893607e-16
2.437273025512695312e+00 2.430164260149985387e-16 1.257999436627795973e-16
2.439041852951049805e+00 1.915049114211163145e-16 5.474285926087367449e-17
2.440811634063720703e+00 2.331304397897975824e-16 1.806013077540179223e-16
2.442591428756713867e+00 3.356125590314013550e-16 5.990165386912188689e-17
2.444356203079223633e+00 9.387055364255101502e-17 5.113462132830101290e-17
2.446105241775512695e+00 3.913976460117571431e-16 8.254453199767894313e-17
2.447872161865234375e+00 3.860375421121931255e-16 1.208405789914954696e-16
2.449653387069702148e+00 4.683345221135920989e-16 3.032411038394897335e-16
2.451405763626098633e+00 3.825820447340896055e-16 9.835870991481063513e-17
2.453170299530029297e+00 4.038649916134951813e-16 1.644821781235399809e-16
2.454932928085327148e+00 7.916636608068178065e-17 1.084136395083194217e-16
2.456694602966308594e+00 1.163464206967111648e-16 7.893522534775486302e-17
2.458450078964233398e+00 3.218081983922020054e-16 1.353747511589830049e-16
2.460243463516235352e+00 6.403022480293735523e-17 9.144347337642242334e-17
2.461996316909790039e+00 2.193468579275855649e-16 8.879956591068653162e-17
2.463720560073852539e+00 -9.763902969466499893e-17 8.751688009585770309e-17
2.465476989746093750e+00 8.114388361005515243e-17 1.851683505869354996e-16
2.467256546020507812e+00 5.620124485525366653e-17 1.474094085084619050e-16
2.468983173370361328e+00 3.302800498770721064e-17 8.854495971814270970e-17
2.470736026763916016e+00 -2.419354531556244413e-16 1.178977615396074158e-16
2.472463846206665039e+00 -4.526977645116856807e-16 2.786699750588429638e-16
2.474212408065795898e+00 -1.417898610641318553e-16 1.703228805764422081e-16
2.475958585739135742e+00 -7.349954228649412027e-16 9.186768468176411805e-17
2.477729797363281250e+00 -3.461214321101894423e-16 1.467394583867429568e-16
2.479491949081420898e+00 -3.861489534145366677e-16 1.691824433571928986e-16
2.481236934661865234e+00 1.244894116398097836e-16 1.947257542030507915e-16
2.482967138290405273e+00 4.718697729376355315e-16 1.470038782500741078e-16
2.484711170196533203e+00 4.827759574082450891e-16 2.547764726359996344e-16
2.486448287963867188e+00 2.678629993221805661e-16 1.759344870868917486e-16
2.488183736801147461e+00 9.196175298451262844e-16 2.067767037018745360e-16
2.489930391311645508e+00 -8.500670722109244463e-16 5.516549826130702841e-16
2.491641759872436523e+00 4.547046502615271352e-16 3.265421861250674849e-16
2.493374586105346680e+00 -1.283684254915404537e-15 6.965859727178661063e-16
2.495112180709838867e+00 -1.175568016615799981e-15 7.921065663940031996e-16
2.496863603591918945e+00 -1.400978518714983065e-15 3.773224995272324344e-16
2.498601198196411133e+00 -5.181560471590243837e-16 3.336748652854387362e-16
2.500327587127685547e+00 -5.823634739015052988e-16 4.459465942847136866e-16
2.502054929733276367e+00 1.869883993974583766e-16 7.126605934139437944e-16
2.503782510757446289e+00 -1.170855125297277054e-15 8.877565972923925908e-16
2.505516767501831055e+00 -4.342110692675356029e-15 1.889787891806520535e-15
2.507238626480102539e+00 8.249926205711514103e-16 1.212900464370441234e-15
2.508961439132690430e+00 -1.082698371366772831e-15 9.739122358850085294e-16
2.510665655136108398e+00 -2.193880846093152078e-16 1.145583791436826596e-15
2.512382507324218750e+00 -6.917272858532970328e-16 5.624463941193268840e-16
2.514075756072998047e+00 -4.064677332779945140e-15 8.821394453631164947e-16
2.515807867050170898e+00 -8.712091310414220302e-15 4.331480005670840933e-15
2.517499923706054688e+00 -4.708443548516894755e-15 4.289105911935023677e-15
2.519235610961914062e+00 -5.292247031368291568e-15 2.995539217744884811e-15
2.520944356918334961e+00 -4.546347700433786554e-15 1.910860377468313019e-15
2.522680282592773438e+00 -3.174768636526816186e-15 3.993310995325507692e-15
2.524377822875976562e+00 -8.473245912859518354e-16 2.759885334456318659e-15
2.526046276092529297e+00 -9.574133681493866843e-15 5.848951812654655177e-15
2.527756690979003906e+00 2.017291126081999925e-15 8.592814671880711491e-15
2.529455423355102539e+00 1.073267231246335593e-14 1.050807644430119467e-14
2.531152725219726562e+00 4.283937740407351563e-15 8.595350688524790866e-15
2.532847404479980469e+00 7.660539716946527383e-15 8.197766975610778356e-15
2.534540176391601562e+00 1.492240813067476773e-14 1.060546405741175785e-14
2.536230325698852539e+00 6.983093777160852278e-15 6.340362635685447418e-15
2.537917137145996094e+00 -3.702277515610304147e-16 4.195922970374630842e-15
2.539603948593139648e+00 -1.033026220581588842e-14 4.719189855518710064e-15
2.541285991668701172e+00 -1.314896783747015064e-15 9.213628835845911330e-15
2.542968988418579102e+00 -5.214348799341102583e-15 8.928636977445676692e-15
2.544647932052612305e+00 1.684006001831416573e-15 5.553829016688785480e-15
2.546324729919433594e+00 -4.672959644290517606e-15 1.441365642563131183e-14
2.547999382019042969e+00 -1.980104583987687961e-13 9.159878801637266754e-13
2.549669504165649414e+00 -3.440445085940713188e-13 3.658911281595456089e-12
2.551341056823730469e+00 8.411299746448851200e-15 1.447990626056785968e-13
2.553008556365966797e+00 -8.991051447197057067e-15 2.106118793634200598e-14
2.554672241210937500e+00 -1.610197096642805581e-14 3.695543084871952266e-14
2.556334018707275391e+00 -7.334006991120689545e-14 2.696722782146582231e-13
2.557993888854980469e+00 -5.974150482038892429e-14 2.353891007892544573e-13
2.559651136398315430e+00 -1.195425814679582435e-14 1.222346215809218609e-14
2.561304569244384766e+00 -1.733602851387589655e-14 1.785374521563309197e-14
2.562957763671875000e+00 -1.407444090607964590e-14 1.333094672519886947e-14
2.564603805541992188e+00 -1.723535017776525041e-14 1.691025385041136642e-14
2.566253423690795898e+00 -1.419084610292196263e-14 1.371090452951346725e-14
2.567896604537963867e+00 -3.458768915807347577e-14 2.624659489042485000e-14
2.569533109664916992e+00 -2.547344015683006974e-14 3.654705593605749037e-14
2.571200847625732422e+00 3.107943047885031174e-13 2.723316093033306684e-13
2.572796583175659180e+00 -5.261056347516390730e-13 6.213681912753399317e-13
2.574445724487304688e+00 4.498355152455536798e-14 2.108253079492056203e-13
2.576065778732299805e+00 -6.460636655514348167e-15 4.079190395298200322e-14
