8.035651445388793945e-01 -2.201285079781248322e-13 1.123056075219563965e-12
8.039091825485229492e-01 1.193347314411632998e-13 6.777204665520120130e-13
8.042518496513366699e-01 -1.952319291809291406e-17 5.149709915191114009e-16
8.045897483825683594e-01 1.137665028643711912e-14 7.476836058378961980e-16
8.049274682998657227e-01 1.138419226779947141e-14 6.662089360096035400e-16
8.052601814270019531e-01 1.186943542042483146e-14 7.551347958562146679e-16
8.055928349494934082e-01 1.144279424225526018e-14 1.305131023260765015e-15
8.059213161468505859e-01 1.075361859021600752e-14 7.473515159830133089e-16
8.062475323677062988e-01 1.055770833984556040e-14 6.053863588034692159e-16
8.065716028213500977e-01 1.306206712752130614e-14 8.160982452293892228e-16
8.068940043449401855e-01 1.328326300543318864e-14 4.333668315290072418e-16
8.072126507759094238e-01 1.109491611675202452e-14 9.588709424450218843e-16
8.075302839279174805e-01 1.096862519838230285e-14 4.211376874739048738e-16
8.078445196151733398e-01 1.037697183769222681e-14 3.978505282923976150e-16
8.081574440002441406e-01 1.065343830947834691e-14 5.411701970337197409e-16
8.084676861763000488e-01 1.097224965236360400e-14 7.933821980125681760e-16
8.087760210037231445e-01 1.049616800809574646e-14 6.654178072368680235e-16
8.090821504592895508e-01 1.114496051734170309e-14 1.001428736451274917e-15
8.093860149383544922e-01 1.004438858611756205e-14 6.899059532584634735e-16
8.096881508827209473e-01 1.012467714512190267e-14 5.444638317095588844e-16
8.099839091300964355e-01 1.019204421651587894e-14 4.814025993633906479e-16
8.102861642837524414e-01 9.888033927350943497e-15 2.803507266542119110e-16
8.105815649032592773e-01 1.118568416737979535e-14 6.148966329770036866e-16
8.108766078948974609e-01 1.073247834191843469e-14 3.047899035835442217e-16
8.111674785614013672e-01 1.049671349731377823e-14 5.126557328369101777e-16
8.114589452743530273e-01 9.976126200898337987e-15 5.852495798505967170e-16
8.117469549179077148e-01 9.572609022188809103e-15 4.665157835571595059e-16
8.120337724685668945e-01 9.280631683072568250e-15 3.690604342805955821e-16
8.123184442520141602e-01 9.484899607533573557e-15 1.800294281657232611e-16
8.126022219657897949e-01 8.541154979460618968e-15 4.011711621434304893e-16
8.128831386566162109e-01 9.348764472250862406e-15 3.958045202083048525e-16
8.131635785102844238e-01 8.904256828124856166e-15 5.588012407703772059e-16
8.134410381317138672e-01 7.909268400808910915e-15 3.868818486721484510e-16
8.137183785438537598e-01 8.980070512068852318e-15 6.522332100172628048e-16
8.139925599098205566e-01 8.535741591894716734e-15 4.964376988749504959e-16
8.142663836479187012e-01 8.992682832653468850e-15 3.961306278929977581e-16
8.145381212234497070e-01 7.847195285335274023e-15 4.168845232875042182e-16
8.148085474967956543e-01 7.910333968256556825e-15 3.194980483774639097e-16
8.150771856307983398e-01 7.591454862735519393e-15 4.735918967985219309e-16
8.153449892997741699e-01 7.967671322522094923e-15 2.081892105507598869e-16
8.156106472015380859e-01 7.357467093254202450e-15 4.687513682027596214e-16
8.158754706382751465e-01 7.798019093516531108e-15 5.757899688352198942e-16
8.161388039588928223e-01 7.049872584172960435e-15 2.523941130625081096e-16
8.164003491401672363e-01 7.124123915845746030e-15 5.191236234825848117e-16
8.166612386703491211e-01 6.193274517361790910e-15 4.114369367663565924e-16
8.169203400611877441e-01 6.120081129840125936e-15 5.252357073508534362e-16
8.171782493591308594e-01 6.776332187703130311e-15 3.997615669703013250e-16
8.174353241920471191e-01 6.238803385309656807e-15 4.377485859047129408e-16
8.176904916763305664e-01 6.120989572676056173e-15 5.210172185757310035e-16
8.179448843002319336e-01 6.669062241196951207e-15 3.514017560940339456e-16
8.181982040405273438e-01 7.211626654461851527e-15 3.699540011003896655e-16
8.184501528739929199e-01 6.229476705527439706e-15 2.526885628907973858e-16
8.187008500099182129e-01 6.524167091173736083e-15 4.827292647170276958e-16
8.189507126808166504e-01 6.248909335403347864e-15 4.571661280062481320e-16
8.191994428634643555e-01 6.685117750712156470e-15 5.471835486240740360e-16
8.194468021392822266e-01 6.953200713902827138e-15 5.466679702569921841e-16
8.196942210197448730e-01 5.780242617555754470e-15 2.908762492243694656e-16
8.199383616447448730e-01 5.874518231618105352e-15 2.591739765305683431e-16
8.201835751533508301e-01 6.265450618313803469e-15 2.984150806829491539e-16
8.204275965690612793e-01 5.727681682079783371e-15 5.543130778806726854e-16
8.206695318222045898e-01 5.261135087699167490e-15 2.876321924457243004e-16
8.209114074707031250e-01 5.025275375404418543e-15 4.077582726764311660e-16
8.211522102355957031e-01 6.309529365855970004e-15 3.942635025794532632e-16
8.213923573493957520e-01 5.462982615513393633e-15 2.364271978996297261e-16
8.216307759284973145e-01 4.750007455238663273e-15 2.841466253979932528e-16
8.218692541122436523e-01 5.563284021962511608e-15 4.282538494918046662e-16
8.221065402030944824e-01 5.459702480425151355e-15 4.153369411533114081e-16
8.223429918289184570e-01 4.505601180506118436e-15 3.431604166848252219e-16
8.225781321525573730e-01 5.573568272491599696e-15 6.907377396126671964e-16
8.228139281272888184e-01 5.342681067113707119e-15 6.196004186913436299e-16
8.230475187301635742e-01 4.669303850090168045e-15 3.586272647714683478e-16
8.232809305191040039e-01 4.765950732888357341e-15 4.349921289361106339e-16
8.235136270523071289e-01 4.681738717272334802e-15 2.878314569465658746e-16
8.237456083297729492e-01 4.255335555360941976e-15 4.945224515020901161e-16
8.239768147468566895e-01 4.426318473126642297e-15 5.238563671358090115e-16
8.242074251174926758e-01 3.821521278677547651e-15 3.415252989894896002e-16
8.244372606277465820e-01 4.009061572979701407e-15 2.387973549047248687e-16
8.246666789054870605e-01 4.024292495920754609e-15 5.534338576814227216e-16
8.248950839042663574e-01 3.859929140637846645e-15 4.135449370742765290e-16
8.251233100891113281e-01 4.654858973724166835e-15 4.662704616398109791e-16
8.253507018089294434e-01 3.547149942886461058e-15 4.531154576338004576e-16
8.255776166915893555e-01 3.339205683676135274e-15 3.791170976446682798e-16
8.258038759231567383e-01 3.772868129703734266e-15 2.293272618566257739e-16
8.260296583175659180e-01 3.757914610052906848e-15 4.373764472732926843e-16
8.262547254562377930e-01 4.232916287313015155e-15 3.229701423073776936e-16
8.264796137809753418e-01 4.516013756526715550e-15 3.249110918362313211e-16
8.267037868499755859e-01 3.890612062119186421e-15 2.798328189465251097e-16
8.269274234771728516e-01 3.871217125209431079e-15 1.760035996814317792e-16
8.271507620811462402e-01 4.032246982328419743e-15 3.048446430877605308e-16
8.273737430572509766e-01 3.619488674164346442e-15 4.272933670691774930e-16
8.275956511497497559e-01 3.304364677456724138e-15 2.879736526025861902e-16
8.278175592422485352e-01 3.802870036695481584e-15 2.619771526601676450e-16
8.280394673347473145e-01 3.790637186871234979e-15 2.482028881603754247e-16
8.282601833343505859e-01 4.695387382667916970e-15 4.602352460115056824e-16
8.284811377525329590e-01 3.622990308368295720e-15 2.416123100862469257e-16
8.287013173103332520e-01 4.822590132005357896e-15 3.154780035400153986e-16
8.289210796356201172e-01 3.541693356640248855e-15 4.540083362393248969e-16
8.291411399841308594e-01 3.736477900223795015e-15 3.586978861434456751e-16
8.293600082397460938e-01 3.325892019811192181e-15 4.113508305733122724e-16
8.295791745185852051e-01 4.062535186456339015e-15 2.632960358986017940e-16
8.297976851463317871e-01 4.258104929581989911e-15 4.145288452518512039e-16
8.300159573554992676e-01 4.251819098080415749e-15 4.829175707291141675e-16
8.302339911460876465e-01 4.902962547271476693e-15 2.778435091303391819e-16
8.304519057273864746e-01 3.771949945988910605e-15 1.610354951820438260e-16
8.306691050529479980e-01 4.755598719723488910e-15 5.360122428409738824e-16
8.308864235877990723e-01 4.372710604927864883e-15 1.730275891259231975e-16
8.311034440994262695e-01 4.774575222357300627e-15 3.974915451414394018e-16
8.313200473785400391e-01 4.003334783223315083e-15 1.747506129593160546e-16
8.315367102622985840e-01 3.993931446959371467e-15 2.963446939318432286e-16
8.317528367042541504e-01 4.644559476602028170e-15 2.593025137803141832e-16
8.319690227508544922e-01 4.624954475521353761e-15 2.639654566247287082e-16
8.321848511695861816e-01 4.856850073622952582e-15 4.378781025363040437e-16
8.324003219604492188e-01 4.132522977789120089e-15 4.278922987722250885e-16
8.326162695884704590e-01 4.896380254238363525e-15 1.643243652975546641e-16
8.328312635421752930e-01 4.405931660635652169e-15 2.038829612213680282e-16
8.330468535423278809e-01 4.400579259441952246e-15 4.677376285835738341e-16
8.332614898681640625e-01 4.221834131747613517e-15 5.042333136654462457e-16
8.334763646125793457e-01 4.650614915141949163e-15 3.826298226862706684e-16
8.336914777755737305e-01 5.108224041379611294e-15 3.773723156524428279e-16
8.339059352874755859e-01 4.918879566899805877e-15 3.931565893360695028e-16
8.341205716133117676e-01 4.954629015955147250e-15 2.786615576689296242e-16
8.343351483345031738e-01 3.967860619875831357e-15 1.590720992800879596e-16
8.345491886138916016e-01 4.747462544748637728e-15 2.479440931252096343e-16
8.347636461257934570e-01 4.979584724163627074e-15 1.992340473601424025e-16
8.349783420562744141e-01 4.942956054909035737e-15 2.456130584543657997e-16
8.351916670799255371e-01 4.955246079457222008e-15 2.084270018158117309e-16
8.354062438011169434e-01 4.690550824539094915e-15 3.152753773771644090e-16
8.356201648712158203e-01 5.371969348847392689e-15 3.034469063758929268e-16
8.358342647552490234e-01 4.742386699812216333e-15 2.965554992565911426e-16
8.360480070114135742e-01 4.392502376773408865e-15 2.426397875210459937e-16
8.362622261047363281e-01 4.944143595101086266e-15 2.909345621488320039e-16
8.364757299423217773e-01 4.927723014385614400e-15 2.026204983181548961e-16
8.366900682449340820e-01 4.654608251971779562e-15 2.523979776503299573e-16
8.369036912918090820e-01 4.791235089880371834e-15 2.963320678469732192e-16
8.371178507804870605e-01 4.660049591624941187e-15 3.240199602361605938e-16
8.373314142227172852e-01 4.570794765357440170e-15 3.026008263407042875e-16
8.375455737113952637e-01 4.911972013214947058e-15 5.164259823642574753e-16
8.377594351768493652e-01 4.600451929939654988e-15 3.100484694085561301e-16
8.379733562469482422e-01 4.141404541757555055e-15 2.852396367131302020e-15
8.381874561309814453e-01 4.978063452990358351e-15 2.636105762896087581e-16
8.384015560150146484e-01 4.911884768821379865e-15 3.973599903368189683e-16
8.386152982711791992e-01 5.016180359133275493e-15 4.923334007290297836e-16
8.388296961784362793e-01 5.157440043746875161e-15 2.818550571685355484e-16
8.390440344810485840e-01 4.624962098817879050e-15 2.997679246486122800e-16
8.392580747604370117e-01 4.887765929164787290e-15 5.034187856075428291e-16
8.394724726676940918e-01 4.626506239880723639e-15 2.310565854975638348e-16
8.396869301795959473e-01 4.547206591842302414e-15 4.715210600611627768e-16
8.399016261100769043e-01 5.186393323949921655e-15 1.976241950694366005e-16
8.401157855987548828e-01 4.649394764181429343e-15 3.959062171015345719e-16
8.403309583663940430e-01 4.563834272113377957e-15 1.729789773756846812e-16
8.405452370643615723e-01 4.576197141495028098e-15 2.659807332947039006e-16
8.407607078552246094e-01 4.139743933664462999e-15 2.976758062084533616e-16
8.409752845764160156e-01 5.916508619428816410e-15 4.255141214239106318e-16
8.411907553672790527e-01 6.049020571279647290e-15 4.901503850657186381e-16
8.414055705070495605e-01 5.334612654774636281e-15 5.886982215557833974e-16
8.416215777397155762e-01 5.553719325922116049e-15 1.680043661113499761e-16
8.418363928794860840e-01 5.194039066848312597e-15 2.384591770005335893e-16
8.420526981353759766e-01 6.099942498002681318e-15 4.328143542891606244e-16
8.422678709030151367e-01 4.887655814881644231e-15 2.027984017068579009e-16
8.424841761589050293e-01 5.220432189968282968e-15 1.037710916290880041e-16
8.426999449729919434e-01 5.911561947016851296e-15 2.763999532299810406e-16
8.429164290428161621e-01 5.391486682018026277e-15 2.613138729229083244e-16
8.431326150894165039e-01 5.525434354714453197e-15 1.140375941709531539e-16
8.433492779731750488e-01 5.963367329103871559e-15 3.871190178973796551e-16
8.435658812522888184e-01 5.844217321995977266e-15 3.381930184354319793e-16
8.437828421592712402e-01 6.355677414888278795e-15 4.918333336527945261e-16
8.439975380897521973e-01 5.618604590780637217e-15 4.150598290306612434e-16
8.442168235778808594e-01 6.502391991682196157e-15 2.599435853724876800e-16
8.444344997406005859e-01 5.965841935859274997e-15 1.961394124873488162e-16
8.446522355079650879e-01 6.194527279090780020e-15 4.016680528461135432e-16
8.448699116706848145e-01 6.359399701174987818e-15 2.199135626739680944e-16
8.450878858566284180e-01 6.144302460483336281e-15 6.306278876920881626e-16
8.453060388565063477e-01 6.344044687907161861e-15 2.490186602979201210e-16
8.455243706703186035e-01 6.309185893995858385e-15 1.502255548300660383e-16
8.457430005073547363e-01 6.652918216738757870e-15 3.954305816318716806e-16
8.459618687629699707e-01 6.452650405371160997e-15 3.257268110342168141e-16
8.461806178092956543e-01 6.339230999667915673e-15 4.565333414550899662e-16
8.463999629020690918e-01 6.796400092289479195e-15 5.466678114383145739e-16
8.466194272041320801e-01 6.570831406787396370e-15 2.728651523921908368e-16
8.468390107154846191e-01 6.735063471963479917e-15 2.727920428609309500e-16
8.470587730407714844e-01 7.154153774924752740e-15 3.428508790821629786e-16
8.472791314125061035e-01 7.548335803522591980e-15 5.046647181333947015e-16
8.474992513656616211e-01 7.455897403922835676e-15 3.018127945321821696e-16
8.477198481559753418e-01 6.989795925356001929e-15 5.783481142150462880e-16
8.479406237602233887e-01 7.335301935090451919e-15 2.198322078063622790e-16
8.481614589691162109e-01 7.427193151406281946e-15 4.778913301596663527e-16
8.483829498291015625e-01 7.533470375298279009e-15 3.956500690443289512e-16
8.486046195030212402e-01 8.001776257110342072e-15 4.013849850230529967e-16
8.488258123397827148e-01 7.516389955916896043e-15 3.055033964927079612e-16
8.490482568740844727e-01 7.919203250247256604e-15 3.781525653457620470e-16
8.492700457572937012e-01 7.313002945721035208e-15 1.822286300992608443e-16
8.494927883148193359e-01 8.144991740799151919e-15 3.451012073950012393e-16
8.497154712677001953e-01 8.178349592327920775e-15 5.230623796268765117e-16
8.499384522438049316e-01 8.482864713129419781e-15 1.771828945371363797e-16
8.501613736152648926e-01 8.715799620657299629e-15 3.911827114013913644e-16
8.503854870796203613e-01 7.694807281860647358e-15 3.297182420399158908e-16
8.506088852882385254e-01 8.029856246344769383e-15 4.658262457985353020e-16
8.508328795433044434e-01 9.129125440896033311e-15 2.825781586076947039e-16
8.510572314262390137e-01 9.389206060317518976e-15 4.292582452787910546e-16
8.512819409370422363e-01 9.495505307066144651e-15 2.677014277874918084e-16
8.515065312385559082e-01 9.055231980643462658e-15 3.446559327625414943e-16
8.517319560050964355e-01 9.275744302966910937e-15 2.157516795225238905e-16
8.519568443298339844e-01 8.721914351503528423e-15 4.523546632284884857e-16
8.521827459335327148e-01 8.973439091124798400e-15 1.747887162070526973e-16
8.524085879325866699e-01 9.257364535044439874e-15 3.068611903071566047e-16
8.526347279548645020e-01 9.313064574622935410e-15 3.513201232937423124e-16
8.528612852096557617e-01 9.238661200536117668e-15 2.246025120768412866e-16
8.530879616737365723e-01 9.798711761964135764e-15 2.382985054383512892e-16
8.533149361610412598e-01 9.281744684365260400e-15 2.667493627547779748e-16
8.535423874855041504e-01 1.008169699931232496e-14 5.577755368108114516e-16
8.537701368331909180e-01 9.233037748799296368e-15 4.887042986544305745e-15
8.539974689483642578e-01 1.041636734006902432e-14 5.967614458180523027e-16
8.542261719703674316e-01 1.005816472997170599e-14 7.034111524486044448e-16
8.544542789459228516e-01 9.920142405282512260e-15 3.803117582074316654e-16
8.546832203865051270e-01 1.087711514689273726e-14 3.385824153631525422e-16
8.549121618270874023e-01 1.051559555577397109e-14 4.176936779801484903e-16
8.551414012908935547e-01 1.101802754799796266e-14 2.911001835597998213e-16
8.553711771965026855e-01 1.146328735738113072e-14 4.200528764964885304e-16
8.556010127067565918e-01 1.116843010624422525e-14 5.077068899030177246e-16
8.558312654495239258e-01 1.115314963187575767e-14 2.690582157503155873e-16
8.560616970062255859e-01 1.103772529918636142e-14 3.637710841019069002e-16
8.562925457954406738e-01 1.125662148264644849e-14 3.196600963681854981e-16
8.565237522125244141e-01 1.133524562190943441e-14 3.114135688821748418e-16
8.567549586296081543e-01 1.062761142788361604e-14 4.213124938983944801e-16
8.569868803024291992e-01 1.143693277426026042e-14 5.070942203843568485e-16
8.572185635566711426e-01 1.153944663076760663e-14 3.373182716289347023e-16
8.574509620666503906e-01 1.178475753668781906e-14 3.907305810960147799e-16
8.576841354370117188e-01 1.179009045612373213e-14 2.832125068758493697e-16
8.579163551330566406e-01 1.167411555201862058e-14 2.400689631167903871e-16
8.581495285034179688e-01 1.158467480201919725e-14 3.620430574801693224e-16
8.583835959434509277e-01 1.212416448568556446e-14 5.119324725790734120e-16
8.586171269416809082e-01 1.175591267670202111e-14 3.208080907095110920e-16
8.588510751724243164e-01 1.183758952270691153e-14 6.231145466312649085e-16
8.590856790542602539e-01 1.193970696779494273e-14 3.663055919685489787e-16
8.593207597732543945e-01 1.193830766936607862e-14 3.176590604396360186e-16
8.595553040504455566e-01 1.227527346940983713e-14 2.863768896178934273e-16
8.597906827926635742e-01 1.196648083222470391e-14 4.288312347942564804e-16
8.600267767906188965e-01 1.308143792399206473e-14 2.699336772408621101e-16
8.602623939514160156e-01 1.229129170947536320e-14 4.055760246367284697e-16
8.604988455772399902e-01 1.308072302818458210e-14 3.240511151667517910e-16
8.607352972030639648e-01 1.299316607945985233e-14 5.099794263609418090e-16
8.609724044799804688e-01 1.359276545622812096e-14 3.738391824107675310e-16
8.612095713615417480e-01 1.401147925304433925e-14 5.899944466628784939e-16
8.614469170570373535e-01 1.346704543806484869e-14 4.451181431227397775e-16
8.616850972175598145e-01 1.363329767682013374e-14 6.261824999662199843e-16
8.619228601455688477e-01 1.383302381061796149e-14 4.178944777282069629e-16
8.621619939804077148e-01 1.274011922163236638e-14 4.647761896417359866e-16
8.624001741409301758e-01 1.330771091738978951e-14 2.974216963242770715e-16
8.626392483711242676e-01 1.418167527720204033e-14 3.058799291075420994e-16
8.628790378570556641e-01 1.397411239457621579e-14 4.488115773496829507e-16
8.631184697151184082e-01 1.418791028672677923e-14 2.929601090932926546e-16
8.633589148521423340e-01 1.309738840142181046e-14 4.404352420645055730e-16
8.636005520820617676e-01 1.337286299762669578e-14 7.280107891818822421e-16
8.638398051261901855e-01 1.316243290847441544e-14 2.997895769283264681e-16
8.640807867050170898e-01 1.365059154850422479e-14 2.473700959545468373e-16
8.643217086791992188e-01 1.455405721883639564e-14 3.619233081972512457e-16
8.645639419555664062e-01 1.443676856663009267e-14 3.700342839419216122e-16
8.648056983947753906e-01 1.449269476400550510e-14 2.310273363911039598e-16
8.650476932525634766e-01 1.382857011138129838e-14 3.617708687365250734e-16
8.652903437614440918e-01 1.419832116868148184e-14 4.595722839116015822e-16
8.655335307121276855e-01 1.341426512105553873e-14 3.198225943451603152e-16
8.657764196395874023e-01 1.464323284752332838e-14 2.639784532865131414e-16
8.660202622413635254e-01 1.393087729184951454e-14 3.189735496946562859e-16
8.662638068199157715e-01 1.398998494497481412e-14 2.577868806701006212e-16
8.665081858634948730e-01 1.471910667080657958e-14 3.897313998556099258e-16
8.667525649070739746e-01 1.416411374310661692e-14 4.960250879505192449e-16
8.669972419738769531e-01 1.361577934140502030e-14 3.418093461943954095e-16
8.672426939010620117e-01 1.496292002247604641e-14 4.617979159200714598e-16
8.674879074096679688e-01 1.484203148024391267e-14 2.310125662540862129e-16
8.677335977554321289e-01 1.431890223795376227e-14 5.539816762400594403e-16
8.679798841476440430e-01 1.475330816715081372e-14 3.879056203378032815e-16
8.682262897491455078e-01 1.391329119379862075e-14 4.922215394404330126e-16
8.684726953506469727e-01 1.546653023752966871e-14 4.482341126378923315e-16
8.687199354171752930e-01 1.488210460897851362e-14 2.864030417601399038e-16
8.689672350883483887e-01 1.539507453809929594e-14 4.527010997039154945e-16
8.692149519920349121e-01 1.479929527992314420e-14 4.652359697134174615e-16
8.694626092910766602e-01 1.430520232706487121e-14 5.078579264654250070e-16
8.697112202644348145e-01 1.573488213368109262e-14 4.947270628984112330e-16
8.699598908424377441e-01 1.459659351938161209e-14 4.123045367323614112e-16
8.702085018157958984e-01 1.503376755225029060e-14 5.472433703259738710e-16
8.704575896263122559e-01 1.488798132356656395e-14 4.369712743569295101e-16
8.707079887390136719e-01 1.349174068364204782e-14 7.052176619668610539e-16
8.709570169448852539e-01 1.454725215613815459e-14 3.639110562964406733e-16
8.712078928947448730e-01 1.461613626354066331e-14 2.936827076066393779e-16
8.714578151702880859e-01 1.387574984654336291e-14 2.339128864748237424e-16
8.717086911201477051e-01 1.419501096392361203e-14 3.768108916270908370e-16
8.719603419303894043e-01 1.460889921403932257e-14 3.637992479474031057e-16
8.722113966941833496e-01 1.431001855640295917e-14 3.785767965034384430e-16
8.724634051322937012e-01 1.384353972465812363e-14 4.599040561291292510e-16
8.727152347564697266e-01 1.298803221276654402e-14 1.667601091225468912e-15
8.729677796363830566e-01 1.395997287358769975e-14 3.790634963409748436e-16
8.732205033302307129e-01 1.355988617831455079e-14 4.146006577639106076e-16
8.734733462333679199e-01 1.349846358414440520e-14 2.900540449303815570e-16
8.737270236015319824e-01 1.342238054372318218e-14 3.111321157156699988e-16
8.739804625511169434e-01 1.360884383563290209e-14 3.106710121550084391e-16
8.742346763610839844e-01 1.311003714442315893e-14 3.400093217721412162e-16
8.744888901710510254e-01 1.355065944842010969e-14 3.170989599032641125e-16
8.747433423995971680e-01 1.347642971608747908e-14 3.498498064462068555e-16
8.749985098838806152e-01 1.181860243216125914e-14 4.632851998963316044e-16
8.752538561820983887e-01 1.280236428479429589e-14 4.442316172643197454e-16
8.755090236663818359e-01 1.323049539391808749e-14 2.564755677886325575e-16
8.757654428482055664e-01 1.219720667782614454e-14 2.998510926961208117e-16
8.760208487510681152e-01 1.349505088839991762e-14 4.491825777805803343e-16
8.762778639793395996e-01 1.205596986310212074e-14 5.105726670613750396e-16
8.765351176261901855e-01 1.306200360005026206e-14 4.142467038710767168e-16
8.767915368080139160e-01 1.253700495604552143e-14 2.477925536369899196e-16
8.770493268966674805e-01 1.292881952755578490e-14 2.865850214949015699e-16
8.773071169853210449e-01 1.262474316982096362e-14 4.841888613038244655e-16
8.775652050971984863e-01 1.323375816483091105e-14 3.781073549622023487e-16
8.778235316276550293e-01 1.227538951292361097e-14 4.745759902645538177e-16
8.780823945999145508e-01 1.347816020439871962e-14 3.466421720842936252e-16
8.783411979675292969e-01 1.314220576169398275e-14 2.639082819007890430e-16
8.786008358001708984e-01 1.331044513974352639e-14 3.451225685071398087e-16
8.788602948188781738e-01 1.274961954316877061e-14 3.038137775211724456e-16
8.791204094886779785e-01 1.318878325643054947e-14 3.664280146992068268e-16
8.793807625770568848e-01 1.264898355870548718e-14 2.663367518303467237e-16
8.796409368515014648e-01 1.353857652342752710e-14 2.886918041929598285e-16
8.799022436141967773e-01 1.363427176470947619e-14 3.266365773591271360e-16
8.801634907722473145e-01 1.343353342653967955e-14 5.227883115288805421e-16
8.804247975349426270e-01 1.315274285155782624e-14 3.775134789870586774e-16
8.806867599487304688e-01 1.300611213102568706e-14 3.448134544209511924e-16
8.809489607810974121e-01 1.279836883038209736e-14 2.607449844197086549e-16
8.812112808227539062e-01 1.301692620066328271e-14 4.487903485864423898e-16
8.814741373062133789e-01 1.305315718794913815e-14 3.614606164498135842e-16
8.817372918128967285e-01 1.359778582050649720e-14 3.705381361966399124e-16
8.820005655288696289e-01 1.302663997450239503e-14 2.129326082902737696e-16
8.822645545005798340e-01 1.331482938227851465e-14 2.624543498468270364e-16
8.825278282165527344e-01 1.306833686539688247e-14 3.164786670880779477e-16
8.827933669090270996e-01 1.259700199376543803e-14 3.585436467377065874e-16
8.830572962760925293e-01 1.251283656496151447e-14 2.483248873745596457e-16
8.833225369453430176e-01 1.314191014719539100e-14 5.696762438406159645e-16
8.835878372192382812e-01 1.292555082741233055e-14 3.862216658991025290e-16
8.838499784469604492e-01 1.324406994393078491e-14 4.041569797522814997e-16
8.841063380241394043e-01 1.344389772168228317e-14 7.790299658751729042e-16
8.843855261802673340e-01 1.323645172960317973e-14 4.922237099623603517e-16
8.846521973609924316e-01 1.338746161047262365e-14 3.496696795960173082e-16
8.849189877510070801e-01 1.351929212431738844e-14 2.967882215588492616e-16
8.851860165596008301e-01 1.318689267889227787e-14 3.559492112900462671e-16
8.854536414146423340e-01 1.320292023632022374e-14 3.782086812785176444e-16
8.857213258743286133e-01 1.357821681832608110e-14 4.532976755965785389e-16
8.859894275665283203e-01 1.264898525277138169e-14 3.429786751780799711e-16
8.862578868865966797e-01 1.293813096074495142e-14 3.603785847992554189e-16
8.865265846252441406e-01 1.299346677615612761e-14 3.443249811081814781e-16
8.867955207824707031e-01 1.294360956984779223e-14 3.315790675459151819e-16
8.870649337768554688e-01 1.270687402548558234e-14 1.783295521545920879e-16
8.873344659805297852e-01 1.291380756263159693e-14 2.789877712327409366e-16
8.876048922538757324e-01 1.360070723714157728e-14 4.495331435416252078e-16
8.878744840621948242e-01 1.322317279408907406e-14 4.862262402397670748e-16
8.881454467773437500e-01 1.253793838635339566e-14 2.884032041859625273e-16
8.884163498878479004e-01 1.177840563661635906e-14 5.093689803037674754e-16
8.886872529983520508e-01 1.300204806694476092e-14 2.453932798743329105e-16
8.889592885971069336e-01 1.361767161300918641e-14 2.852782084759657947e-16
8.892307877540588379e-01 1.308023090204222735e-14 2.432542569847197852e-16
8.895031213760375977e-01 1.351651216218449983e-14 2.706686636110624275e-16
8.897753953933715820e-01 1.306298700530202431e-14 3.406813100668894950e-16
8.900483846664428711e-01 1.344280335511443061e-14 2.548006924843351870e-16
8.903212547302246094e-01 1.331002924656642453e-14 6.588976123067004365e-16
8.905946016311645508e-01 1.313274948587083574e-14 6.550371008309113525e-16
8.908686041831970215e-01 1.311496264101144268e-14 3.317580032560226528e-16
8.911423683166503906e-01 1.302700081053792536e-14 2.677487292836400407e-16
8.914166688919067383e-01 1.365341132118563436e-14 3.825592013142933411e-16
8.916914463043212891e-01 1.308334459515633416e-14 3.324531790777020181e-16
8.919663429260253906e-01 1.267634272290180109e-14 3.008023106958873909e-16
8.922417163848876953e-01 1.256447508155792564e-14 4.090291132648882352e-16
8.925172090530395508e-01 1.230371683577863653e-14 2.102249483603671910e-16
8.927934169769287109e-01 1.264972386550138744e-14 5.688998322653389915e-16
8.930693268775939941e-01 1.182269360129649741e-14 2.652033158678020631e-16
8.933455944061279297e-01 1.199731452557065495e-14 3.494345220740358330e-16
8.936228752136230469e-01 1.167808983060713776e-14 3.443972965460533140e-16
8.939001560211181641e-01 1.149198229253526465e-14 2.687991824871333816e-16
8.941768407821655273e-01 1.140164114651291000e-14 3.141975544215629135e-16
8.944554328918457031e-01 1.150301489667325192e-14 2.633023357061469978e-16
8.947326540946960449e-01 1.105765090223757158e-14 3.160889525230021644e-16
8.950117826461791992e-01 1.096599007888339472e-14 2.065549795930409220e-16
8.952903151512145996e-01 1.105023682285025469e-14 4.515828044553030045e-16
8.955691456794738770e-01 1.077047369883342084e-14 3.653264748210822109e-16
8.958489298820495605e-01 1.038495766431894035e-14 1.852850426103095803e-16
8.961279988288879395e-01 9.953937325812064335e-15 5.573864310506665073e-16
8.964084982872009277e-01 9.639550036010316458e-15 2.375349052364015374e-16
8.966884016990661621e-01 9.693221431680137945e-15 4.945057755409410470e-16
8.969692587852478027e-01 9.470606773581604493e-15 3.217940899996743010e-16
8.972499966621398926e-01 9.743144706558359153e-15 3.045526549489742125e-16
8.975313901901245117e-01 9.512240984037995117e-15 4.220374217523461527e-16
8.978128433227539062e-01 8.789487251903687487e-15 2.275430928323529970e-16
8.980946540832519531e-01 9.080894537846426195e-15 2.309765144142687018e-16
8.983770012855529785e-01 9.147241781571908287e-15 4.104165797022703809e-16
8.986592888832092285e-01 8.655930484912418427e-15 2.363001694273211828e-16
8.989422917366027832e-01 8.335965483153000982e-15 2.215388733159612874e-16
8.992250561714172363e-01 8.173561315077092215e-15 2.852300334770907064e-16
8.995090723037719727e-01 8.637294066006929311e-15 3.037932369722015288e-16
8.997924923896789551e-01 8.112980671656517401e-15 3.450610262695658634e-16
9.000767469406127930e-01 8.302150233832714804e-15 2.483122877594692380e-16
9.003611803054809570e-01 8.392401594362660505e-15 4.026975949237215436e-16
9.006470441818237305e-01 7.588199715119221117e-15 2.988747019359530186e-16
9.009315371513366699e-01 7.565688967512990831e-15 3.786658673117981530e-16
9.012163877487182617e-01 7.530260120428185211e-15 3.368420538241205736e-16
9.015017151832580566e-01 7.980812191665798139e-15 3.089181833497840713e-16
9.017883539199829102e-01 7.537109228839683484e-15 2.470034365675041321e-16
9.020738005638122559e-01 7.114492304202517381e-15 3.374325151976956261e-16
9.023607969284057617e-01 7.286570435569017512e-15 2.715525954310814933e-16
9.026482105255126953e-01 6.875997472408860306e-15 1.967161625150901897e-16
9.029349684715270996e-01 6.723332912676955112e-15 3.304067739469152302e-16
9.032226800918579102e-01 6.810441357456113731e-15 2.268895010344278975e-16
9.035109281539916992e-01 7.121045798115423903e-15 3.599068668569735787e-16
9.037986993789672852e-01 6.887198212586877547e-15 3.318087458235191058e-16
9.040877223014831543e-01 6.733167388711051166e-15 3.128752830513397473e-16
9.043764472007751465e-01 7.038272891476786419e-15 4.353671527735074754e-16
9.046656489372253418e-01 7.009563980279022791e-15 2.230186663445941518e-16
9.049552679061889648e-01 7.455799148100954177e-15 1.583012992980865462e-16
9.052451848983764648e-01 7.349593074976526474e-15 2.366119569612495704e-16
9.055353403091430664e-01 6.883409857730282688e-15 1.237025842062595428e-16
9.058257937431335449e-01 7.616647316652756794e-15 2.074205281511266093e-16
9.061168432235717773e-01 7.462698231456340453e-15 2.019077200930404024e-16
9.064078330993652344e-01 7.450222283176231863e-15 2.877512535143727330e-16
9.066995382308959961e-01 7.665876024514229475e-15 2.781800194384155545e-16
9.069912433624267578e-01 7.556208974767320702e-15 2.756020217238878880e-16
9.072833061218261719e-01 7.975101495535409646e-15 2.556283760227006470e-16
9.075761437416076660e-01 7.976159439686530267e-15 1.817670633174562548e-16
9.078685045242309570e-01 7.981747316039566886e-15 3.072581311220636512e-16
9.081621766090393066e-01 8.281503805743391233e-15 2.460641034987787147e-16
9.084551930427551270e-01 7.452948035200496202e-15 2.960955338964524558e-16
9.087494611740112305e-01 8.151513894493010032e-15 2.995444667692147549e-16
9.090431332588195801e-01 8.236819429643937873e-15 2.987184772967438036e-16
9.093380570411682129e-01 8.480171995390098361e-15 4.587884607980361341e-16
9.096325039863586426e-01 8.793564021478822434e-15 3.305237174331955271e-16
9.099277853965759277e-01 8.762586332531838162e-15 2.827469563922147249e-16
9.102234244346618652e-01 9.057524051798732795e-15 4.058285463341286580e-16
9.105192422866821289e-01 8.323925756840728357e-15 3.137930697194693834e-16
9.108150005340576172e-01 8.724591822649799266e-15 2.758344793283499900e-16
9.111118912696838379e-01 8.460082914980068119e-15 1.526028851454332407e-16
9.114086031913757324e-01 9.090329637845891847e-15 2.371167621280335317e-16
9.117057919502258301e-01 8.888123391578503507e-15 4.475677094666400107e-16
9.120032191276550293e-01 9.302649457503496533e-15 2.354533217685240943e-16
9.123011231422424316e-01 9.474628486015167911e-15 4.082983091198649859e-16
9.125992655754089355e-01 9.180379404534391025e-15 1.262111516888919584e-16
9.128977656364440918e-01 8.945104144973247545e-15 2.413353567822743712e-16
9.131965637207031250e-01 9.270044618264836750e-15 6.567532954611669718e-16
9.134959578514099121e-01 9.147404411897781112e-15 1.787464114786494114e-16
9.137952327728271484e-01 9.640002351604150255e-15 3.191610086737955033e-16
9.140948653221130371e-01 1.003563534764063611e-14 3.206843974294323624e-16
9.143902659416198730e-01 9.647162321107290855e-15 2.478564781547280176e-16
9.146957993507385254e-01 1.037484578499461851e-14 2.882016632840752072e-16
9.149969220161437988e-01 1.000957892011719932e-14 3.083419097780755284e-16
9.152981638908386230e-01 9.795977539610398882e-15 1.674671751692233387e-16
9.155996441841125488e-01 9.986873354933100549e-15 2.885684285502363193e-16
9.159017205238342285e-01 1.047365217829183265e-14 1.699185149883568856e-16
9.162040352821350098e-01 9.589027908838386460e-15 2.541825701910763614e-16
9.165064692497253418e-01 9.968223383500455365e-15 2.598670347698795726e-16
9.168096184730529785e-01 1.055261089556898402e-14 2.312464796964264083e-16
9.171129465103149414e-01 9.733086190309714336e-15 4.880665251967954490e-16
9.174164533615112305e-01 1.042203653158499735e-14 3.043047389932247195e-16
9.177207350730895996e-01 9.941022614465278018e-15 2.428253671458334905e-16
9.180248379707336426e-01 1.109048613443788453e-14 3.129214198771855049e-16
9.183294773101806641e-01 1.041693315807779019e-14 4.555328896652642307e-16
9.186351895332336426e-01 1.041096665799733090e-14 3.160266691315993717e-16
9.189401865005493164e-01 1.026172368785585945e-14 9.401257856849289975e-16
9.192458391189575195e-01 1.014790702370035186e-14 3.107353601892201642e-16
9.195522069931030273e-01 1.021688515176000581e-14 3.343615972474251602e-16
9.198590517044067383e-01 1.010655233411655515e-14 1.951132056019706297e-16
9.201652407646179199e-01 1.063668823294639312e-14 2.660042913985494108e-16
9.204729199409484863e-01 1.047098825967271787e-14 1.279979809260147058e-16
9.207800030708312988e-01 1.093336575788694809e-14 1.794960621067490688e-16
9.210880994796752930e-01 1.047329218928924957e-14 2.579204736477503854e-16
9.213968515396118164e-01 9.922158343696977495e-15 3.649581478379245987e-16
9.217049479484558105e-01 1.069384093402942978e-14 1.860191819475626434e-16
9.220140576362609863e-01 1.016489172835869509e-14 2.773430979469691023e-16
9.223236441612243652e-01 1.068694439177288527e-14 4.112363752463145351e-16
9.226332306861877441e-01 1.037456711115497185e-14 2.290846398567966203e-16
9.229432344436645508e-01 1.071580449835173379e-14 1.577791167209940709e-16
9.232537746429443359e-01 1.012737409802596036e-14 2.178818615057500491e-16
9.235646724700927734e-01 1.030190100164297268e-14 2.661171320689914447e-16
9.238756895065307617e-01 1.039601483241239799e-14 1.841828542225847228e-16
9.241873025894165039e-01 1.000996516714114729e-14 3.568954000316885240e-16
9.244991540908813477e-01 1.028997985994331565e-14 3.408609075214870084e-16
9.248113036155700684e-01 1.014904120081672537e-14 2.036109974708503936e-16
9.251244068145751953e-01 1.010456350075640206e-14 2.625724315336302062e-16
9.254371523857116699e-01 9.700398341842223632e-15 2.522764548921785669e-16
9.257503747940063477e-01 1.017256330576197729e-14 2.199330179619753416e-16
9.260643720626831055e-01 1.017207287368551705e-14 3.679156163128221918e-16
9.263787269592285156e-01 1.016310448883998852e-14 2.469186538634398969e-16
9.266928434371948242e-01 1.021726462252037573e-14 3.540679511141944661e-16
9.270079135894775391e-01 1.052348227954585588e-14 2.525872895140412935e-16
9.273229837417602539e-01 1.006146307626831424e-14 2.008054125913073373e-16
9.276387691497802734e-01 1.052363474547636166e-14 3.454110361652391013e-16
9.279547333717346191e-01 1.071245617711123754e-14 2.693297162796901923e-16
9.282711148262023926e-01 1.098949863130149057e-14 3.296267360118328247e-16
9.285880327224731445e-01 9.961538599480724426e-15 2.778502853939172164e-16
9.289048910140991211e-01 9.604317700569273836e-15 3.625384394054150796e-16
9.292225241661071777e-01 1.031947947639734117e-14 2.635366991347404221e-16
9.295403361320495605e-01 9.997517170948298088e-15 2.818903678545242120e-16
9.298588633537292480e-01 9.961019368284057540e-15 1.577611834453139213e-16
9.301770329475402832e-01 1.007426259113427397e-14 2.933292566396179194e-16
9.304965734481811523e-01 1.060584183410623327e-14 5.112841217975094485e-16
9.308153986930847168e-01 9.888688683819171071e-15 3.292386361033127450e-16
9.311359524726867676e-01 9.965588264001547236e-15 4.743520559291234621e-16
9.314559102058410645e-01 1.008716205588800971e-14 1.824684065977828155e-16
9.317764639854431152e-01 1.007183160657565413e-14 3.680515386310769053e-16
9.320974946022033691e-01 9.808480592944819609e-15 4.098110834938815646e-16
9.324191212654113770e-01 1.021899511083161627e-14 4.686917053195373967e-16
9.327405691146850586e-01 1.126169521000050175e-14 5.515687970106871590e-16
9.330628514289855957e-01 1.078551700397665722e-14 5.277673829510781331e-16
9.333854317665100098e-01 1.105249924785237092e-14 7.883788802722554306e-16
9.337083101272583008e-01 1.134406154082445717e-14 1.712311725346287155e-15
9.340316653251647949e-01 1.014733697052684971e-14 3.363650154561387924e-16
9.343551397323608398e-01 1.069624142540194847e-14 2.972722479486458909e-16
9.346798658370971680e-01 1.016973590978404243e-14 3.867331414503461179e-16
9.350036978721618652e-01 1.098669495224607884e-14 4.169475213629562568e-16
9.353287816047668457e-01 1.010533853590313974e-14 4.655118377564263464e-16
9.356543421745300293e-01 1.041580067502731119e-14 3.551823023656463033e-16
9.359797239303588867e-01 9.267836403371344789e-15 2.642541360410648145e-16
9.363059997558593750e-01 1.018196283037765826e-14 5.308902346089271283e-16
9.366324543952941895e-01 9.792934150230914181e-15 1.959042814351469428e-16
9.369593858718872070e-01 1.023025641386536219e-14 4.286526167215042298e-16
9.372867345809936523e-01 1.050712522630142809e-14 2.288426796014575090e-16
9.376143813133239746e-01 9.158935918441701157e-15 1.826351794441633068e-16
9.379427433013916016e-01 9.693893128807310605e-15 5.874807175732237475e-16
9.382709860801696777e-01 1.009105078414885420e-14 3.801699331283257734e-16
9.386005997657775879e-01 9.358303757302840337e-15 3.445750675858583103e-16
9.389294981956481934e-01 9.624800651299777327e-15 4.169789409913434710e-16
9.392591118812561035e-01 9.987368869207244315e-15 3.983907764940682484e-16
9.395897388458251953e-01 9.689015913097020344e-15 4.383340180201636708e-16
9.399200677871704102e-01 9.730905080470534513e-15 4.205529700425033896e-16
9.402511715888977051e-01 1.017898889769984841e-14 3.194264476236413196e-16
9.405823945999145508e-01 9.939922318666794682e-15 3.495992435124971928e-16
9.409143924713134766e-01 1.006230926218262128e-14 2.568144603768730827e-16
9.412465095520019531e-01 1.002237335278547553e-14 1.940164038143947175e-16
9.415795207023620605e-01 1.012473559039526322e-14 3.804298398942348352e-16
9.419121742248535156e-01 1.031572627340805737e-14 2.684124325373729884e-16
9.422459006309509277e-01 1.045906457687421909e-14 2.529842832685075434e-16
9.425797462463378906e-01 1.018829440165838415e-14 2.582457078297164350e-16
9.429144859313964844e-01 9.982043573067856529e-15 6.148115061658046294e-16
9.432484507560729980e-01 9.333272239645581253e-15 4.322848263482286782e-16
9.435843229293823242e-01 1.055453958958988206e-14 3.336421221680714371e-16
9.439192414283752441e-01 1.064765476851449455e-14 3.632194803647871388e-16
9.442561268806457520e-01 9.855843287223491067e-15 4.090641063135216785e-16
9.445921182632446289e-01 1.031176978251143253e-14 4.246654738201006279e-16
9.449291825294494629e-01 9.649707655113790028e-15 3.496660797059914774e-16
9.452663660049438477e-01 1.031867479509744959e-14 3.312904410691382790e-16
9.456042051315307617e-01 1.053159262001581581e-14 3.893830575560515948e-16
9.459422230720520020e-01 9.919015004429716786e-15 4.512463206170062337e-16
9.462811350822448730e-01 9.423581198415940247e-15 3.541188525003685292e-16
9.466199278831481934e-01 1.036656857903404949e-14 6.348503998737100532e-16
9.469591975212097168e-01 1.036243167011965949e-14 1.716612852773326085e-16
9.472996592521667480e-01 9.688631360138966891e-15 4.104804248106696737e-16
9.476398825645446777e-01 9.991495613726267266e-15 2.008620711545447694e-16
9.479803442955017090e-01 9.508886733566868088e-15 5.530603690912427785e-16
9.483218193054199219e-01 9.915765786044049290e-15 3.155634479885696762e-16
9.486634135246276855e-01 1.052941235720958324e-14 4.097576674786453403e-16
9.490054845809936523e-01 1.049798912893234321e-14 2.038185205429276971e-16
9.493479132652282715e-01 1.018392794681528823e-14 4.500664037214809933e-16
9.496912360191345215e-01 9.458683937816052961e-15 2.725472768089540589e-16
9.500346183776855469e-01 9.928446716297393421e-15 3.692041122442735928e-16
9.503779411315917969e-01 9.662915439860326333e-15 4.223406330776835905e-16
9.507229924201965332e-01 9.973021825146650976e-15 1.583195634460117171e-16
9.510669112205505371e-01 9.559304675686285807e-15 2.848556449144043056e-16
9.514129757881164551e-01 1.009132776392260636e-14 1.434103674411273403e-16
9.517580866813659668e-01 1.004423781425295079e-14 2.330153756578690061e-16
9.521045684814453125e-01 9.701178459186644842e-15 3.928309581074094278e-16
9.524509906768798828e-01 1.041299530190600495e-14 2.552660047399534166e-16
9.527978301048278809e-01 9.742400164597722623e-15 5.337273714657554072e-16
9.531455039978027344e-01 9.473135166929158579e-15 1.622962243146930470e-16
9.534931182861328125e-01 9.844944514291169985e-15 4.575628041233591615e-16
9.538418054580688477e-01 9.861496385113466268e-15 1.840779412511333972e-16
9.541905522346496582e-01 9.810711677727887436e-15 4.033796152649388655e-16
9.545396566390991211e-01 9.656954021977550567e-15 2.113205987125304293e-16
9.548893570899963379e-01 9.551126572580545537e-15 2.195480547223380629e-16
9.552398324012756348e-01 9.536963334669506381e-15 1.970959509128153366e-16
9.555901288986206055e-01 1.001679055863012244e-14 1.623893582342216175e-16
9.559415578842163086e-01 9.485889789048913834e-15 3.628477652498405094e-16
9.562929272651672363e-01 9.593379117088431801e-15 2.902139223991758062e-16
9.566451311111450195e-01 9.477893798026833239e-15 5.293030536844501796e-16
9.569975733757019043e-01 9.787914632985485197e-15 3.395064224294885771e-16
9.573507308959960938e-01 9.457736107948075399e-15 2.114507373839421720e-16
9.577039480209350586e-01 1.018957342140873815e-14 3.537921360107447845e-16
9.580579996109008789e-01 9.314067461632484501e-15 1.743358844525166678e-16
9.584124088287353516e-01 1.000744100895832947e-14 3.430237002731824575e-16
9.587670564651489258e-01 9.676314654052942110e-15 2.253508656857404610e-16
9.591225981712341309e-01 9.745654465181073645e-15 2.681985567181912776e-16
9.594781994819641113e-01 9.393582679555981946e-15 2.346575872541378826e-16
9.598342776298522949e-01 9.017023171425768424e-15 1.918649401283687946e-16
9.601914882659912109e-01 9.507536563048944733e-15 4.059049910576183586e-16
9.605481624603271484e-01 9.744159452029169804e-15 2.768578274775311933e-16
9.609063267707824707e-01 9.028898573346273715e-15 2.319742662865750642e-16
9.612640142440795898e-01 9.058618418366585351e-15 2.247697481443648075e-16
9.616230130195617676e-01 9.057358033341070952e-15 2.524634638850645554e-16
9.619818925857543945e-01 8.840632795324796650e-15 2.520301006534255740e-16
9.623415470123291016e-01 8.704752616959209044e-15 3.524434478004791248e-16
9.627018570899963379e-01 9.008208099543692920e-15 2.325433136084523438e-16
9.630622267723083496e-01 8.775451915967683730e-15 2.407527569332410227e-16
9.634234309196472168e-01 8.784896333329569179e-15 1.355116528590829812e-16
9.637848138809204102e-01 8.663976450878387026e-15 1.586316950870749268e-16
9.641469717025756836e-01 8.726656888975205251e-15 1.949576162374718554e-16
9.645093679428100586e-01 8.664610878555880497e-15 3.305756246709944546e-16
9.648723006248474121e-01 8.826140061597275571e-15 2.932814522176572548e-16
9.652356505393981934e-01 8.722979071918227079e-15 1.519758954760078466e-16
9.655998349189758301e-01 8.380928533092101007e-15 2.052202012519559540e-16
9.659642577171325684e-01 7.990520036274279675e-15 2.523880514829793210e-16
9.663290381431579590e-01 8.395444136709197952e-15 1.947956741258686738e-16
9.666945934295654297e-01 8.475693732197964875e-15 1.805866832007879848e-16
9.670604467391967773e-01 8.320677385488008115e-15 2.017684758174456759e-16
9.674272537231445312e-01 8.028266365502773061e-15 2.188363220535178362e-16
9.677935838699340820e-01 7.924142299362696429e-15 2.024414037893698150e-16
9.681613445281982422e-01 7.837390031937858242e-15 2.698101163096813890e-16
9.685292840003967285e-01 8.084822755390942695e-15 2.093777433595454796e-16
9.688977003097534180e-01 7.519392687714912538e-15 2.650140834134295320e-16
9.692665934562683105e-01 7.937199312244621469e-15 1.903182447317926414e-16
9.696360826492309570e-01 7.645574338834438405e-15 1.877763782664212911e-16
9.700058698654174805e-01 7.796976395958461065e-15 2.212970189397405829e-16
9.703765511512756348e-01 7.579784442788249643e-15 1.280277991327360173e-16
9.707472920417785645e-01 7.493420963486201181e-15 1.177440250596807603e-16
9.711189866065979004e-01 7.607863584989729699e-15 2.023929508578089088e-16
9.714906215667724609e-01 7.780322881182494266e-15 1.923502767722557079e-16
9.718633890151977539e-01 7.457043439500470744e-15 2.232913844838304348e-16
9.722360372543334961e-01 7.655108541688732809e-15 1.591777534053681327e-16
9.726097583770751953e-01 7.382295323004120502e-15 1.809032088252650761e-16
9.729837179183959961e-01 7.527278564453850074e-15 1.470160808184704901e-16
9.733582139015197754e-01 7.316070052023043030e-15 3.080655652790338130e-16
9.737333059310913086e-01 7.864235894168136037e-15 2.469118511300822608e-16
9.741086959838867188e-01 7.452277185106270796e-15 1.220809528636309857e-15
9.744848012924194336e-01 7.530535406136042859e-15 1.372821502421914816e-16
9.748614430427551270e-01 7.707337440249380223e-15 2.057762916167182030e-16
9.752384424209594727e-01 7.787469298158478798e-15 2.291815192501388309e-16
9.756160974502563477e-01 7.409845916646513875e-15 1.611595193343675768e-16
9.759941697120666504e-01 7.428949897738887365e-15 1.486201494623333214e-16
9.763728380203247070e-01 7.310157762051208014e-15 2.307660002570964064e-16
9.767519235610961914e-01 7.284880604839245183e-15 1.993305164719007868e-16
9.771314263343811035e-01 7.041571661289868292e-15 1.519641693636442949e-16
9.775117635726928711e-01 7.658663538968359108e-15 1.740428110527666799e-16
9.778925776481628418e-01 7.665451661007655071e-15 1.806772892563645932e-16
9.782736301422119141e-01 7.124211160239313223e-15 2.557605131624723178e-16
9.786556363105773926e-01 6.810866567995635390e-15 2.742440955605412361e-16
9.790375828742980957e-01 7.157108225844775740e-15 9.834781760050453686e-17
9.794209599494934082e-01 7.616283092485437445e-15 8.324332756171884048e-17
9.798039793968200684e-01 7.241350734646899434e-15 1.296110228251625123e-16
9.801881313323974609e-01 7.148138146933352699e-15 2.190304381822268803e-16
9.805724024772644043e-01 7.196790025357745202e-15 1.052930510166263716e-16
9.809575676918029785e-01 7.495799432002091256e-15 2.571261420316830635e-16
9.813429713249206543e-01 7.236114376966973349e-15 2.599088040820910503e-16
9.817292094230651855e-01 7.195456795498766933e-15 1.523193541012296645e-16
9.821155667304992676e-01 7.418297611394217284e-15 2.448816190346321097e-16
9.825025796890258789e-01 7.281859238316389094e-15 1.701243969340988840e-16
9.828906059265136719e-01 7.408387325911341970e-15 2.822453275989829672e-16
9.832785129547119141e-01 7.161946478039492303e-15 9.977989885140534261e-17
9.836671948432922363e-01 7.217995495192256611e-15 1.071725972742489628e-16
9.840565919876098633e-01 7.099996182343207285e-15 1.824129788792968622e-16
9.844464063644409180e-01 7.106019433631132615e-15 1.616809210529618021e-16
9.848368167877197266e-01 7.204066038374659642e-15 2.473227150490597999e-16
9.852271676063537598e-01 7.248754649638849273e-15 1.248849495563979402e-16
9.856194853782653809e-01 7.171767825062905916e-15 1.489070289336565122e-16
9.860109090805053711e-01 7.311895873658973838e-15 1.869725969390361635e-16
9.864035248756408691e-01 7.199507307052536997e-15 1.787620154137246117e-16
9.867965579032897949e-01 7.328810274582694961e-15 1.258021406544865381e-16
9.871907234191894531e-01 7.365098860108963696e-15 2.478674895830423235e-16
9.875857234001159668e-01 7.317936065605844254e-15 1.638360243336829582e-16
9.879792928695678711e-01 7.356874170191124440e-15 7.911254375432867029e-16
9.883748292922973633e-01 7.212429641695848603e-15 2.073384585994715481e-16
9.887703061103820801e-01 7.429843517498240651e-15 2.963138566386072517e-16
9.891672134399414062e-01 7.383327009133876240e-15 1.654183745233825972e-16
9.895638227462768555e-01 7.827650847110328297e-15 1.540433176117983818e-16
9.899609088897705078e-01 8.015951353482642788e-15 2.470643170605880349e-16
9.903597235679626465e-01 7.471574289710618266e-15 9.475648393093000894e-17
9.907605648040771484e-01 7.419390283896175331e-15 2.573657994161968271e-16
9.911572933197021484e-01 7.667987677651734446e-15 1.762032479940775780e-16
9.915570616722106934e-01 7.564829229071527716e-15 1.678673452972417922e-16
9.919575452804565430e-01 7.178953205554464145e-15 1.166343192545490209e-16
9.923584461212158203e-01 7.339058526211524741e-15 1.434042926267087509e-16
9.927591085433959961e-01 7.368641998927328435e-15 2.108202801733889556e-16
9.931620359420776367e-01 7.720625693125905686e-15 2.162613948334239666e-16
9.935641288757324219e-01 7.149328228224244991e-15 1.323544169575313818e-16
9.939674139022827148e-01 7.370417379984773448e-15 2.633595633696458665e-16
9.943709373474121094e-01 7.654752787850886003e-15 2.851066313645875955e-16
9.947755336761474609e-01 7.216414931712680086e-15 1.964122365057035060e-16
9.951803088188171387e-01 7.275661498241329378e-15 1.983396202725112639e-16
9.955856800079345703e-01 7.151455127954800539e-15 1.600238599103363736e-16
9.959918856620788574e-01 7.247353657144090661e-15 1.438741709193082732e-16
9.963982105255126953e-01 7.560740601035131209e-15 2.123854382412372925e-16
9.968062639236450195e-01 7.488727553925465102e-15 9.598791763500505187e-17
9.972130656242370605e-01 7.304657977124685841e-15 2.867589014771051168e-16
9.976220726966857910e-01 7.488537818545280139e-15 2.421210857199711415e-16
9.980304241180419922e-01 7.429744414643411898e-15 8.723503650010373507e-17
9.984399676322937012e-01 7.511513587239553036e-15 1.431778833668856366e-16
9.988501667976379395e-01 7.181478210770229215e-15 1.843413287930600821e-16
9.992603659629821777e-01 7.358115073458851990e-15 1.343646908391618535e-16
9.996715784072875977e-01 7.522599554453217319e-15 1.510855314995455684e-16
1.000083327293395996e+00 7.353309855549078344e-15 1.021732235310968703e-16
1.000496149063110352e+00 6.887975365315983367e-15 2.216460229837889564e-16
1.000908613204956055e+00 6.845612706524954044e-15 2.492225040706327888e-16
1.001321911811828613e+00 6.453756206883801486e-15 1.884930607840270352e-16
1.001736760139465332e+00 7.296135131609413071e-15 1.918380071276240681e-16
1.002151131629943848e+00 7.003012603948484405e-15 1.972218411846010070e-16
1.002566814422607422e+00 7.412595385593301334e-15 1.918497200050978189e-16
1.002982616424560547e+00 6.986584823452960877e-15 1.936965562325776132e-16
1.003398895263671875e+00 7.067718721338661289e-15 1.798148376624923044e-16
1.003816246986389160e+00 7.186379990435989851e-15 2.286445533011388078e-16
1.004233360290527344e+00 7.145970589621328944e-15 1.593456115127122935e-16
1.004652261734008789e+00 6.992822374076541544e-15 1.445438828130108061e-16
1.005070805549621582e+00 7.546840790370688140e-15 2.265373735563865239e-16
1.005489945411682129e+00 7.181750108346297845e-15 3.125908917392991159e-16
1.005910277366638184e+00 6.951800568441015779e-15 1.467710633035873829e-16
1.006330847740173340e+00 7.038125507743964171e-15 1.734401206410156435e-16
1.006751894950866699e+00 6.730597914265555246e-15 2.569355596185508460e-16
1.007174253463745117e+00 6.595739681150829953e-15 2.280895879020096309e-16
1.007596135139465332e+00 6.951735770420550825e-15 1.654636907860607023e-16
1.008019208908081055e+00 7.033806486745914494e-15 1.157212442071884869e-16
1.008443355560302734e+00 7.004979837968482517e-15 1.873072278927608155e-16
1.008867263793945312e+00 7.163949710959748723e-15 1.310166607662412229e-16
1.009292125701904297e+00 7.010395766633226514e-15 1.453590196758450617e-16
1.009717583656311035e+00 7.028515071924416879e-15 1.299892098012217566e-16
1.010143995285034180e+00 6.808860793976537207e-15 1.855404362787965527e-16
1.010570049285888672e+00 7.056963520490899811e-15 1.914123333669593796e-16
1.010997653007507324e+00 7.093564237658231755e-15 9.364403850360949392e-17
1.011425495147705078e+00 7.043191188285018514e-15 1.264827580973849701e-16
1.011854290962219238e+00 7.062207077950877557e-15 1.220446495609072584e-16
1.012282252311706543e+00 7.301686585545717756e-15 1.714584605911346061e-16
1.012713193893432617e+00 7.067386260906863976e-15 8.268527181582116547e-17
1.013143539428710938e+00 7.194107472013790833e-15 3.139435504165050302e-16
1.013573884963989258e+00 6.997589899020162374e-15 1.348213342419605273e-16
1.014006018638610840e+00 6.985616664794249212e-15 2.017544997738159799e-16
1.014437675476074219e+00 6.810473544708109395e-15 1.757692097830587533e-16
1.014871001243591309e+00 6.971605892813715830e-15 2.416817138483625749e-16
1.015303611755371094e+00 6.855461582119153421e-15 1.486951780526143312e-16
1.015738129615783691e+00 7.152530859797813501e-15 2.691821207886311304e-16
1.016173005104064941e+00 6.941077554845249964e-15 2.348655603124684150e-16
1.016607761383056641e+00 6.864150446092088034e-15 3.580214773955039129e-16
1.017043590545654297e+00 6.886590889963696213e-15 2.183237612413105777e-16
1.017480969429016113e+00 6.934578271040967717e-15 1.597009947736446759e-16
1.017917633056640625e+00 6.598345578013057808e-15 2.403688127801184094e-16
1.018355369567871094e+00 6.822122788831697787e-15 1.450825692976849394e-16
1.018793702125549316e+00 6.711276245705737400e-15 1.565230727393343503e-16
1.019233226776123047e+00 7.038224187082319297e-15 1.814416306121431925e-16
1.019672274589538574e+00 6.990139397216113548e-15 1.471834227651124178e-16
1.020112752914428711e+00 6.889178152101084474e-15 1.140529863477915407e-16
1.020553827285766602e+00 7.115825534061495650e-15 1.859281259057328061e-16
1.020995259284973145e+00 6.882655998407226361e-15 1.481134120016384362e-16
1.021437525749206543e+00 7.102594455908909851e-15 2.393496997956734776e-16
1.021880269050598145e+00 6.875689575932533368e-15 1.125345871456096014e-16
1.022323966026306152e+00 7.152935741546601056e-15 1.489172595034725681e-16
1.022767782211303711e+00 6.678330052189334134e-15 1.676169014775403371e-16
1.023212671279907227e+00 7.129195949133904781e-15 1.679951149233791831e-16
1.023658275604248047e+00 7.152216610574382155e-15 4.192023495383268060e-16
1.024104118347167969e+00 6.690337591249611096e-15 1.391573223687348924e-16
1.024550557136535645e+00 7.075389451708996233e-15 3.333811566109783076e-16
1.024998068809509277e+00 6.913031870445186453e-15 1.860131336029236557e-16
1.025445461273193359e+00 6.892085592692534859e-15 1.583795307316993614e-16
1.025894641876220703e+00 6.698368734139002745e-15 1.575623424609459743e-16
1.026343345642089844e+00 6.747898562213224330e-15 1.482723762630364268e-16
1.026792883872985840e+00 6.937305717131126565e-15 1.653044750617564955e-16
1.027243614196777344e+00 6.903722131321914438e-15 1.697407968881110927e-16
1.027694225311279297e+00 6.752120597938813390e-15 6.774336578079399179e-17
1.028146505355834961e+00 7.038597728612058443e-15 1.613823154692750595e-16
1.028599262237548828e+00 6.660353048433282491e-15 2.237707521924171654e-16
1.029051899909973145e+00 6.691627198911805768e-15 9.278062076278174321e-17
1.029506087303161621e+00 6.768196859761226383e-15 2.607232262608760601e-16
1.029960751533508301e+00 6.957119511833299158e-15 1.739746778400719121e-16
1.030415654182434082e+00 6.587603082659505144e-15 7.186302963377348913e-17
1.030871391296386719e+00 6.514358026128057658e-15 1.968637050665900481e-16
1.031327962875366211e+00 6.548902570815929788e-15 1.368598778482056112e-15
1.031785011291503906e+00 6.694404196429378992e-15 2.193759085106984272e-16
1.032242298126220703e+00 6.649422511765439373e-15 1.092561196534822302e-16
1.032700538635253906e+00 6.574926387570897285e-15 8.695829495436799414e-17
1.033159494400024414e+00 6.406426123373599318e-15 1.511884062979675634e-16
1.033619165420532227e+00 6.514237747449547547e-15 3.693504702731362753e-17
1.034079313278198242e+00 6.446002467284635620e-15 9.560405289122124364e-17
1.034540176391601562e+00 6.407433669064358309e-15 1.455527387578600803e-16
1.035001993179321289e+00 6.324580294295731667e-15 1.451877072622628794e-16
1.035463929176330566e+00 6.457614441958544824e-15 1.134531811420170892e-16
1.035927176475524902e+00 6.447411930108866776e-15 9.873690350831477980e-17
1.036390781402587891e+00 6.205957988713976803e-15 1.066170760097481503e-16
1.036854982376098633e+00 6.502995502657114846e-15 9.450678788250230179e-17
1.037320256233215332e+00 6.139704342129166312e-15 1.699427216018026374e-16
1.037785649299621582e+00 6.258861972533585893e-15 1.011764245708561690e-16
1.038251996040344238e+00 6.246167066236612067e-15 1.122804640265435104e-16
1.038719177246093750e+00 6.243132570703073536e-15 1.094126553126017652e-16
1.039186716079711914e+00 6.173954966384341200e-15 9.919067494002666951e-17
1.039654850959777832e+00 6.142890456560263363e-15 2.393440087930591128e-16
1.040123939514160156e+00 6.310814314836954778e-15 1.250364758097278540e-16
1.040593624114990234e+00 6.389346127508689979e-15 1.094643177049393771e-16
1.041063666343688965e+00 6.300012950693567940e-15 1.192513069544299869e-16
1.041532516479492188e+00 6.226305414172919606e-15 1.023978924029111731e-16
1.042006373405456543e+00 6.287689044827491497e-15 1.655056850913987944e-16
1.042478919029235840e+00 6.514531667882244789e-15 7.334558213692983042e-17
1.042952537536621094e+00 6.384210566749487156e-15 1.368873799492117743e-16
1.043425917625427246e+00 6.418685654735684434e-15 1.268747887681759019e-16
1.043900012969970703e+00 6.407147795444659982e-15 9.898706277788551664e-17
1.044375777244567871e+00 6.303372283362378495e-15 1.120198558114750037e-16
1.044850945472717285e+00 6.451907980992892602e-15 1.043829074973567255e-16
1.045327544212341309e+00 6.451179956174727531e-15 1.252309228106819193e-16
1.045804738998413086e+00 6.588112149460804978e-15 1.096825411854206666e-16
1.046282410621643066e+00 6.467681005020188556e-15 9.671876810214260415e-17
1.046760916709899902e+00 6.444410468860271163e-15 1.331849062925346216e-16
1.047240495681762695e+00 6.259096177143501707e-15 1.561008532849076833e-16
1.047720193862915039e+00 6.356603645416101372e-15 1.607765148584208237e-16
1.048201441764831543e+00 6.375985453315174273e-15 1.072758294146955807e-16
1.048682093620300293e+00 6.507306476842165607e-15 1.273483331252502591e-16
1.049164175987243652e+00 6.385714473747337167e-15 1.479869393947015285e-16
1.049647092819213867e+00 6.311613490422689210e-15 8.703714181035654873e-17
1.050130248069763184e+00 6.365942607176053661e-15 1.734487762589453984e-16
1.050614476203918457e+00 6.217449261192902268e-15 1.766985769797641318e-16
1.051098823547363281e+00 6.399765479792865128e-15 9.808816891494659168e-17
1.051584959030151367e+00 6.238129570600116011e-15 1.145910375577552332e-16
1.052070617675781250e+00 6.174795646584491093e-15 1.279511161812299015e-16
1.052559494972229004e+00 6.109960780186331555e-15 2.417973603154423886e-16
1.053045868873596191e+00 6.127918302184596350e-15 1.466874055651562199e-16
1.053533554077148438e+00 6.310791021430905284e-15 1.100486910292060392e-16
1.054022789001464844e+00 6.063417590284128633e-15 6.779854203637372895e-17
1.054512381553649902e+00 6.206304848705877439e-15 2.173573363531628236e-16
1.055003166198730469e+00 6.304144777410274417e-15 1.451203813778459634e-16
1.055493950843811035e+00 6.119394186119902698e-15 1.326028093693137054e-16
1.055985212326049805e+00 5.954450189751651912e-15 1.131394216095083752e-16
1.056479215621948242e+00 6.000821008449088584e-15 1.138260344574865916e-16
1.056971430778503418e+00 5.882765367909046847e-15 7.689571559455431714e-17
1.057465314865112305e+00 5.705128582826190370e-15 1.817052960867556952e-16
1.057960391044616699e+00 5.657831110084457493e-15 1.047238845807408844e-16
1.058455705642700195e+00 5.845567492513900620e-15 7.128058198597285043e-17
1.058951854705810547e+00 5.761001840642399410e-15 1.288192984823859576e-16
1.059448599815368652e+00 5.736309983196989301e-15 1.070306133764654607e-16
1.059946298599243164e+00 5.549091561414792179e-15 9.161872978716525842e-17
1.060444712638854980e+00 5.649018155784750125e-15 1.294600127325348316e-16
1.060943365097045898e+00 5.486372159802400256e-15 9.298087126291348058e-17
1.061443567276000977e+00 5.462588321676446756e-15 5.064349442012622846e-17
1.061943411827087402e+00 5.258818876104900605e-15 9.777612991811198795e-17
1.062445521354675293e+00 5.387107945197195172e-15 8.167378874534642281e-17
1.062946677207946777e+00 5.125333259881200906e-15 8.124583196619108798e-17
1.063449382781982422e+00 5.231478346633426299e-15 1.000539404796217105e-16
1.063952803611755371e+00 5.198336912022680917e-15 8.352953205366218806e-17
1.064456701278686523e+00 5.046005659755520290e-15 1.070522524212898479e-16
1.064961791038513184e+00 4.932094127909920217e-15 1.134613338341344119e-16
1.065467119216918945e+00 5.140720460401022526e-15 7.919231308213634402e-17
1.065973639488220215e+00 4.743755081538505655e-15 7.137263064453775135e-17
1.066480994224548340e+00 5.015987659137775140e-15 7.401063534942246467e-17
1.066987633705139160e+00 4.659832327673970459e-15 1.393908519992708632e-16
1.067496657371520996e+00 4.856116966607103985e-15 7.936312918735099445e-17
1.068002581596374512e+00 4.665260538316449643e-15 1.304555411433546514e-16
1.068515181541442871e+00 4.765418796197481641e-15 9.864228066368361386e-17
1.069026589393615723e+00 4.693412525351393569e-15 1.513356841516714049e-16
1.069538116455078125e+00 4.747693361226764525e-15 1.051884887697547685e-16
1.070049881935119629e+00 4.740403372166220389e-15 8.590755720074393499e-17
1.070563554763793945e+00 4.550662909783573587e-15 1.399642138952232194e-16
1.071076631546020508e+00 4.886588553368103813e-15 1.332626745050044070e-16
1.071591377258300781e+00 4.702001015920078547e-15 1.150825813649587444e-16
1.072106599807739258e+00 4.784665078824993853e-15 1.680358254444065929e-16
1.072622299194335938e+00 4.817069171255154367e-15 8.610956794121918520e-17
1.073139309883117676e+00 4.767678680100756114e-15 1.087898015462391362e-16
1.073656678199768066e+00 4.941197614510535810e-15 7.421405560566150523e-17
1.074174761772155762e+00 4.810898959750880416e-15 9.055917097948893379e-17
1.074694275856018066e+00 4.995173518524895218e-15 9.756984430823106369e-17
1.075212955474853516e+00 4.907412011343403532e-15 1.048352495609701236e-16
1.075734496116638184e+00 4.873883906192236562e-15 1.049184904003725599e-16
1.076255559921264648e+00 4.678124004169927075e-15 1.447470383714538297e-16
1.076777338981628418e+00 4.870785036154706704e-15 1.920988403358191892e-16
1.077299833297729492e+00 4.716743200850566017e-15 1.396822710377957450e-16
1.077824354171752930e+00 4.969474538905199745e-15 2.222792065816411476e-16
1.078347802162170410e+00 4.993925415477116006e-15 7.294379073491077297e-17
1.078873276710510254e+00 4.877345729847664887e-15 7.578613552087568581e-17
1.079398751258850098e+00 4.874881287487628501e-15 1.067048630337971780e-16
1.079925060272216797e+00 5.030363078802101498e-15 9.460467312746937687e-17
1.080452799797058105e+00 5.126937116766826924e-15 1.588078117656548170e-16
1.080980300903320312e+00 5.180584795514125290e-15 7.568071962361192797e-17
1.081508517265319824e+00 5.008099664816469468e-15 1.225878491430034811e-16
1.082037448883056641e+00 4.961350645908083751e-15 1.570548241417528391e-16
1.082568407058715820e+00 4.726396835350423278e-15 1.200496222723273641e-16
1.083100438117980957e+00 5.079387651723285893e-15 7.138336414016623944e-17
1.083632707595825195e+00 5.108620452798926306e-15 1.818083694085247028e-16
1.084165334701538086e+00 5.033849889929473825e-15 1.241552042025587587e-16
1.084698915481567383e+00 5.121463166345196008e-15 2.261907782622819049e-16
1.085234045982360840e+00 5.136198151495631817e-15 2.155511312373716340e-16
1.085768699645996094e+00 5.245226538400310848e-15 1.057217952717248569e-16
1.086305022239685059e+00 4.923954141286806391e-15 1.970312852412483911e-16
1.086841583251953125e+00 5.203628326844178531e-15 1.182907583573538095e-16
1.087378859519958496e+00 5.108990182680402808e-15 1.594748502116175785e-16
1.087916851043701172e+00 5.070412490614179327e-15 9.882292367457539426e-17
1.088455677032470703e+00 5.006884172537159547e-15 1.253134820532596119e-16
1.088995814323425293e+00 5.131524647209156215e-15 9.993583232303893896e-17
1.089536070823669434e+00 4.948626516974429651e-15 9.624477375881501802e-17
1.090077400207519531e+00 4.939092314120135246e-15 8.365933323538400916e-17
1.090619444847106934e+00 5.309232583059582053e-15 9.557820515144018663e-17
1.091162681579589844e+00 4.959579076498901382e-15 7.946184161293062256e-17
1.091706395149230957e+00 5.059991867780583297e-15 1.701795599547888203e-16
1.092251420021057129e+00 4.998368526801938438e-15 1.103790735833046189e-16
1.092795848846435547e+00 5.045625341962203109e-15 1.679252214703409025e-16
1.093342781066894531e+00 4.849460981707579693e-15 1.015637436208779987e-16
1.093890428543090820e+00 5.083841774476422631e-15 8.896449910738470491e-17
1.094437479972839355e+00 5.037166447434448038e-15 9.187841817739260614e-17
1.094986081123352051e+00 4.955302407148214419e-15 1.194807072993480930e-16
1.095535516738891602e+00 4.907479773979183876e-15 7.689345904584327248e-17
1.096086144447326660e+00 4.977914798708115221e-15 1.413028700590198360e-16
1.096633434295654297e+00 4.825875349291283700e-15 2.453991561654044872e-16
1.097185611724853516e+00 4.699093998845101788e-15 6.553149805771699664e-16
1.097738146781921387e+00 4.932611665040692595e-15 2.689236963303797637e-16
1.098295092582702637e+00 4.799923530336832819e-15 9.959095756460843024e-17
1.098849534988403320e+00 4.883389309926324320e-15 8.911331220830544480e-17
1.099404811859130859e+00 4.851690795941226639e-15 6.960761912325170260e-17
1.099960088729858398e+00 4.582286037836365636e-15 8.348779582867521250e-17
1.100517868995666504e+00 4.707106083493180215e-15 1.250980842217508035e-16
1.101074457168579102e+00 4.764993162141486355e-15 1.781253378049649965e-16
1.101632714271545410e+00 4.828300404619272762e-15 6.690690751049056936e-17
1.102192282676696777e+00 4.857734799536359699e-15 1.724869438775585386e-16
1.102752327919006348e+00 4.593709547679510757e-15 1.018230151120766197e-16
1.103313088417053223e+00 4.356069795646106899e-15 3.975565549201411693e-16
1.103875398635864258e+00 4.501879741252356668e-15 1.810224022428115172e-16
1.104437708854675293e+00 4.558026590710528847e-15 8.576423657909054720e-17
1.105001330375671387e+00 4.563749568818652527e-15 6.262031199245297062e-17
1.105565547943115234e+00 4.540102526513680598e-15 1.187039648518260987e-16
1.106130361557006836e+00 4.676402833221106337e-15 6.477020734403749294e-17
1.106696367263793945e+00 4.401484314146093466e-15 1.578771210799693537e-16
1.107262372970581055e+00 4.654745471309234758e-15 6.064452161619860956e-17
1.107830286026000977e+00 4.626871311080990243e-15 1.594446878977614449e-16
1.108398795127868652e+00 4.661748316200659686e-15 8.822184973598969624e-17
1.108968138694763184e+00 4.697595597561408931e-15 9.649249780866239875e-17
1.109538078308105469e+00 4.626741715040060335e-15 5.042572754334306818e-17
1.110109806060791016e+00 4.564576272975172724e-15 1.379789936599857538e-16
1.110680937767028809e+00 4.643636210689520982e-15 5.628278501131669378e-17
1.111254453659057617e+00 4.466071846923654748e-15 8.450925138861489446e-17
1.111827254295349121e+00 4.638066122028376703e-15 1.260490904632805692e-16
1.112402200698852539e+00 4.456632511759452825e-15 9.506498259474288571e-17
1.112976908683776855e+00 4.747783993752120735e-15 1.658588051861752317e-16
1.113552451133728027e+00 4.619028209505889049e-15 1.389956184851481261e-16
1.114130258560180664e+00 4.529170719296416597e-15 1.434566895554303099e-16
1.114707708358764648e+00 4.674765518534063774e-15 1.676320686612521095e-16
1.115286231040954590e+00 4.610789543544420097e-15 1.918886173462225125e-16
1.115865588188171387e+00 4.930765133215678220e-15 4.214141378520649961e-16
1.116446971893310547e+00 4.809040992981078108e-15 1.490752311481354951e-16
1.117027640342712402e+00 4.742182564871928047e-15 9.100991162143642920e-17
1.117609858512878418e+00 4.768749329746085550e-15 2.493893695612418859e-16
1.118192791938781738e+00 5.081697934086921997e-15 1.558874539217588030e-16
1.118776440620422363e+00 4.971847078190459041e-15 2.284009783892439931e-16
1.119361758232116699e+00 4.841781357491298579e-15 4.942362470101467685e-17
1.119946718215942383e+00 4.858906669618886023e-15 1.737973832562997463e-16
1.120533823966979980e+00 4.963538532010841609e-15 2.108606730570611451e-16
1.121120691299438477e+00 4.930179409932651871e-15 2.738926827665491082e-16
1.121709227561950684e+00 5.038072772688010140e-15 1.909240718124264788e-16
1.122298002243041992e+00 4.766526291776016638e-15 1.734860589435143884e-16
1.122888803482055664e+00 4.890492104705525256e-15 1.539955396596173190e-16
1.123478770256042480e+00 4.801783191172529636e-15 9.485596398011808626e-17
1.124071359634399414e+00 4.964360577486151907e-15 2.013903550158354359e-16
1.124663472175598145e+00 4.919636390838177595e-15 1.475645346518176496e-16
1.125257015228271484e+00 5.100244143983528530e-15 1.670934615859167812e-16
1.125846862792968750e+00 5.057617634429429493e-15 1.238339007828635611e-16
1.126360058784484863e+00 4.669752354035739197e-15 7.986712834934608408e-16
1.127038598060607910e+00 5.054711887903873616e-15 1.574378947921485964e-16
1.127640485763549805e+00 4.951502193830358001e-15 2.082367370400347337e-16
1.128237962722778320e+00 4.861122507808903273e-15 1.644695785084495732e-16
1.128837704658508301e+00 4.689225641493115562e-15 2.489471389534363361e-16
1.129436969757080078e+00 4.729354674402235295e-15 3.076188083389163729e-16
1.130037665367126465e+00 4.259526674383956255e-15 2.292731046875607021e-16
1.130639791488647461e+00 4.924333188530702690e-15 2.394247416208442883e-16
1.131242275238037109e+00 4.829565871842470687e-15 2.252063406891151960e-16
1.131845951080322266e+00 4.766669440344102615e-15 7.902137786291348596e-17
1.132450580596923828e+00 4.562614968185805392e-15 1.009194758028175969e-16
1.133056044578552246e+00 4.910117858093407395e-15 2.418595642975063763e-16
1.133662462234497070e+00 4.972816930915065214e-15 1.602609947248540955e-15
1.134266495704650879e+00 4.029756281947018473e-15 5.843465368497052261e-16
1.134877443313598633e+00 4.501162304346032275e-15 3.784716850086401047e-16
1.135484576225280762e+00 4.621556602853443135e-15 2.234862020616989239e-16
1.136096477508544922e+00 4.077711052255820687e-15 7.135596130083358274e-16
1.136707425117492676e+00 4.348919143505386095e-15 1.462841914124835712e-16
1.137319803237915039e+00 4.434367403707926286e-15 2.855917959549070977e-16
1.137931942939758301e+00 4.770838112994014654e-15 3.193579703038117298e-16
1.138545393943786621e+00 4.507954238033590882e-15 2.842543574009721592e-16
1.139160633087158203e+00 4.454581421477676537e-15 1.238148690113299410e-16
1.139776468276977539e+00 4.601323950358853290e-15 8.034324556899772631e-17
1.140392065048217773e+00 4.340852848748683393e-15 9.634039583762614802e-17
1.141009569168090820e+00 4.171590254898856556e-15 1.493356276049671882e-16
1.141627550125122070e+00 4.352853611545382320e-15 1.055684028989330235e-16
1.142246842384338379e+00 4.523670087336947171e-15 6.975132090973135482e-16
1.142866730690002441e+00 4.503858833733616340e-15 1.700690883296211383e-16
1.143488645553588867e+00 4.473915795531703196e-15 2.379757064761085956e-16
1.144110560417175293e+00 4.441869998038231251e-15 1.792505946056127328e-16
1.144734144210815430e+00 4.413905628801104153e-15 1.874087130277537214e-16
1.145358324050903320e+00 4.185498959409245795e-15 3.990389684569546017e-16
1.145984053611755371e+00 4.784376240589980137e-15 2.311354654407768916e-16
1.146609783172607422e+00 4.790249990562715082e-15 1.656385766198891136e-16
1.147236704826354980e+00 4.470084241994798369e-15 1.277197306028416681e-16
1.147865176200866699e+00 4.318577576301789803e-15 5.376518140767274896e-17
1.148494124412536621e+00 4.152877603028114553e-15 2.472635815614296090e-16
1.149122714996337891e+00 4.124149633589037703e-15 1.307580377846428435e-16
1.149753808975219727e+00 4.272765799349540969e-15 1.463405455732555839e-16
1.150386095046997070e+00 3.888006165256958566e-15 1.589502721194711496e-16
1.151017546653747559e+00 4.460128216732771322e-15 1.513961543631714814e-16
1.151651501655578613e+00 4.499526260208410594e-15 9.374102377607011131e-17
1.152286052703857422e+00 4.224365913226956620e-15 4.829025822164147066e-17
1.152922034263610840e+00 4.359585829410159499e-15 1.390929213949639639e-16
1.153558373451232910e+00 4.022357025636278532e-15 2.015600263030823129e-16
1.154196500778198242e+00 3.986127308899843971e-15 9.855080110538014943e-17
1.154835224151611328e+00 4.108200850225186482e-15 2.017261903445319651e-16
1.155475258827209473e+00 4.347944632099570023e-15 3.715008685505332298e-16
1.156116008758544922e+00 4.313955317508623086e-15 1.635906230069956264e-16
1.156756877899169922e+00 3.973974503689112897e-15 1.553613538172852766e-16
1.157399773597717285e+00 3.991359854931507412e-15 1.302463240053828393e-16
1.158043026924133301e+00 4.019206486588966162e-15 1.079064057392570047e-16
1.158687710762023926e+00 3.873074668462759759e-15 9.736661595789413543e-17
1.159332752227783203e+00 4.000769543942555434e-15 2.115278570868117159e-16
1.159980297088623047e+00 3.997688461596917917e-15 5.867589131532650751e-17
1.160627722740173340e+00 3.899612634216710616e-15 6.777280679315597915e-17
1.161276459693908691e+00 3.847520954993518399e-15 1.645742797216640852e-16
1.161925911903381348e+00 3.895244908824193816e-15 1.127658139053202245e-16
1.162576556205749512e+00 3.710908940161503078e-15 8.774247540995806522e-17
1.163227915763854980e+00 4.020946715779100122e-15 1.480787498252500141e-16
1.163880467414855957e+00 3.920105325826107531e-15 1.125390075988030847e-16
1.164534211158752441e+00 4.013362806285858744e-15 1.156600063720799611e-16
1.165188908576965332e+00 3.969587296538809248e-15 8.762098573903117694e-17
1.165844917297363281e+00 3.793265530106565073e-15 7.733691388095540083e-17
1.166501998901367188e+00 3.884508342701271932e-15 8.807684166588670028e-17
1.167159199714660645e+00 3.906609549877504764e-15 8.796387526399155840e-17
1.167818307876586914e+00 3.964030760404821038e-15 8.602166842060685026e-17
1.168478012084960938e+00 3.841522691177537072e-15 8.418458630691028131e-17
1.169138312339782715e+00 3.887852428777031910e-15 9.248593270647605179e-17
1.169800281524658203e+00 3.865026584914423025e-15 1.560059723599254008e-16
1.170463204383850098e+00 3.936658043681351068e-15 1.893878187439031950e-16
1.171127200126647949e+00 4.027959301549418475e-15 1.548340625727296738e-16
1.171792387962341309e+00 4.010883540849245407e-15 5.325513522452765167e-17
1.172458410263061523e+00 3.934476510325697618e-15 1.467926097041831641e-16
1.173126101493835449e+00 3.936924012026788919e-15 9.285600669508737594e-17
1.173794031143188477e+00 3.852495155976269278e-15 2.336306656847104502e-16
1.174462795257568359e+00 4.028557730326653638e-15 1.242368899424095953e-16
1.175133705139160156e+00 4.148016904460295751e-15 9.253005782907208049e-17
1.175804495811462402e+00 3.899539365866773119e-15 1.033358225733177005e-16
1.176476120948791504e+00 4.258043519693313975e-15 9.916614407178079692e-17
1.177149415016174316e+00 4.208262546350231489e-15 8.143170275855420351e-17
1.177824616432189941e+00 4.535552265521030496e-15 1.172074032178155594e-16
1.178499817848205566e+00 4.593061567474861218e-15 1.764528977203909822e-16
1.179176092147827148e+00 4.272187275846566282e-15 8.737485649340479845e-17
1.179856181144714355e+00 4.203854586892720110e-15 7.423681961611896456e-17
1.180532932281494141e+00 4.424769249866114182e-15 7.731021910822708952e-17
1.181213378906250000e+00 4.394004166188890739e-15 1.067122348674162506e-16
1.181894183158874512e+00 4.559251400352258565e-15 1.250438476433469266e-16
1.182576060295104980e+00 4.347955643527884328e-15 7.319691461979689986e-17
1.183259606361389160e+00 4.552133358980007052e-15 6.862817772098481401e-17
1.183943271636962891e+00 4.441910655619699458e-15 9.108005653738092595e-17
1.184627532958984375e+00 4.390854050658051996e-15 8.308504489714559353e-17
1.185315132141113281e+00 4.514471309529765469e-15 1.167851440587194898e-16
1.186001420021057129e+00 4.538217878206039779e-15 1.383894472973794666e-16
1.186689615249633789e+00 4.495490995247691107e-15 6.605800182632944897e-17
1.187380075454711914e+00 4.537248448997907233e-15 1.119798335047172380e-16
1.188070058822631836e+00 4.620243278268725343e-15 1.032554404701122475e-16
1.188762307167053223e+00 4.646476735678138278e-15 8.128551678325893204e-17
1.189454793930053711e+00 4.511329664328399269e-15 1.097926025290045223e-16
1.190141916275024414e+00 4.620538892767317093e-15 1.392670660749635277e-16
1.190843582153320312e+00 4.716304014267414663e-15 1.225057398866790173e-16
1.191539645195007324e+00 4.535677626397224133e-15 7.403312142719410617e-17
1.192244768142700195e+00 4.803860115959197180e-15 1.920126017938768607e-16
1.192911148071289062e+00 4.267556970240400649e-15 8.891729422593201877e-16
1.193639755249023438e+00 4.732254068180686765e-15 1.142535743376131997e-16
1.194336056709289551e+00 4.604418161715173249e-15 6.075423223520274273e-17
1.195037603378295898e+00 4.722323877423550975e-15 7.391668748417114200e-17
1.195739626884460449e+00 4.636380526463340646e-15 1.113894118358115881e-16
1.196444034576416016e+00 4.664028105378194636e-15 1.027587350558864054e-16
1.197148561477661133e+00 4.644199487599445092e-15 8.376796521086937318e-17
1.197855114936828613e+00 4.562315965555424624e-15 1.188481060366471391e-16
1.198562741279602051e+00 4.470235437375883261e-15 1.209008506796485334e-16
1.199278831481933594e+00 4.776126986716670506e-15 6.828778959019679291e-17
1.199996113777160645e+00 4.520046480388593274e-15 2.567483653372076456e-16
1.200699090957641602e+00 4.527973014708999017e-15 1.459779228276021374e-16
1.201403498649597168e+00 4.531210798149878580e-15 1.050368764896411492e-16
1.202115416526794434e+00 4.476752085355584221e-15 1.084683326904214279e-16
1.202831029891967773e+00 4.610416425531154577e-15 9.652383141026590744e-17
1.203547120094299316e+00 4.822906498811157378e-15 1.118965595780902996e-16
1.204263687133789062e+00 4.576396617754106486e-15 6.696829754683180486e-17
1.204982042312622070e+00 4.394090140033037051e-15 1.500697140026610479e-16
1.205699801445007324e+00 4.437488720118558383e-15 1.498130497847531941e-16
1.206420898437500000e+00 4.332958925196746941e-15 1.419711261148442756e-16
1.207141637802124023e+00 4.308330595222380904e-15 1.032337815729531590e-16
1.207864403724670410e+00 4.336676129285772438e-15 4.494030247225481664e-17
1.208586692810058594e+00 4.308161188632930044e-15 1.148819404355778820e-16
1.209310770034790039e+00 4.363588907118883323e-15 7.308943407972420966e-17
1.210035920143127441e+00 4.165082077248628140e-15 4.071405143426418637e-17
1.210762977600097656e+00 4.195878924661373618e-15 7.817007004625351157e-17
1.211491227149963379e+00 4.278997420742490856e-15 1.714720263531804758e-16
1.212221503257751465e+00 4.262381175416203247e-15 1.282991540783228130e-16
1.212951779365539551e+00 4.282558770769221562e-15 1.834303845629574846e-16
1.213684678077697754e+00 4.111548324432735477e-15 9.508669443146117758e-17
1.214417338371276855e+00 3.997999746205033872e-15 8.441405944372229204e-17
1.215151786804199219e+00 4.090455509980208890e-15 7.528238914527579238e-17
1.215888142585754395e+00 3.919334102327632491e-15 9.837990559082669391e-17
1.216623902320861816e+00 4.035644854996330369e-15 5.395299111139168879e-17
1.217361330986022949e+00 3.899521578174880779e-15 8.955794494860984866e-17
1.218100070953369141e+00 3.873045022309605859e-15 9.196089801063149364e-17
1.218839526176452637e+00 3.785964106101233004e-15 4.719035616112970976e-17
1.219580650329589844e+00 3.899127707854407529e-15 1.003265924444089892e-16
1.220322728157043457e+00 3.754316837609444207e-15 5.615369851364411849e-17
1.221066713333129883e+00 3.717733484617530976e-15 8.829470118689846650e-17
1.221811771392822266e+00 3.533310695077746671e-15 1.220448877889236737e-16
1.222557663917541504e+00 3.721271964754685815e-15 1.283900248316954384e-16
1.223305463790893555e+00 3.702830363427065188e-15 5.972263874967561085e-17
1.224059700965881348e+00 4.027184266402680790e-15 9.331665365205080642e-17
1.224804401397705078e+00 3.760371005599944319e-15 1.375898217253918054e-16
1.225554704666137695e+00 3.596792426342667465e-15 4.299382274469790459e-16
1.226307392120361328e+00 3.552204188482727468e-15 1.487200728803297271e-16
1.227061152458190918e+00 3.475886731693351821e-15 1.166363309577987499e-16
1.227811694145202637e+00 3.353246101809822556e-15 1.487203243432359432e-16
1.228571772575378418e+00 3.346016887363243916e-15 1.001595019606732776e-16
1.229328989982604980e+00 3.436285188552134703e-15 6.723378943623682462e-17
1.230081558227539062e+00 3.406961966709374894e-15 5.561564068623552548e-17
1.230847954750061035e+00 3.429201452014246990e-15 4.314668704538668418e-17
1.231607556343078613e+00 3.377787822665331841e-15 4.435504902781639807e-17
1.232370376586914062e+00 3.369034584188405901e-15 8.893732787862356306e-17
1.233128905296325684e+00 3.369420407695880235e-15 6.899974063469873362e-17
1.233893275260925293e+00 3.248600263374237275e-15 3.466976990644530848e-17
1.234667539596557617e+00 3.297367761795929990e-15 1.620432923357090324e-16
1.235435485839843750e+00 3.403741759202150857e-15 1.205181770759468016e-16
1.236200571060180664e+00 3.248460502937940315e-15 8.565060843270536290e-17
1.236978650093078613e+00 3.319290033262055351e-15 9.261763971232919506e-17
1.237749934196472168e+00 3.310231015891170608e-15 9.957791458070969410e-17
1.238520622253417969e+00 3.254184116320774436e-15 8.187867807435335755e-17
1.239286780357360840e+00 3.073967268880581361e-15 1.173108074118295882e-16
1.240061879158020020e+00 3.172452848449022929e-15 1.050361485707021025e-16
1.240836858749389648e+00 2.958040433895226494e-15 7.615595142913589343e-17
1.241614937782287598e+00 3.050339073058685839e-15 9.321674346894420152e-17
1.242393255233764648e+00 3.030574406267453995e-15 6.366455141518481318e-17
1.243173360824584961e+00 3.030402246820924558e-15 9.238686293887180077e-17
1.243956565856933594e+00 3.023927738730349500e-15 3.437149188628113691e-17
1.244737148284912109e+00 3.040498879552195818e-15 2.790926246471881584e-17
1.245522379875183105e+00 2.962865980595734243e-15 4.038982972136790164e-17
1.246307015419006348e+00 3.019263340048056882e-15 4.009463212180487755e-17
1.247093081474304199e+00 2.944051049496611283e-15 4.969493001576471929e-17
1.247880101203918457e+00 2.973916160667377032e-15 4.557272837266590926e-17
1.248668909072875977e+00 2.941712391529242160e-15 6.940415254489835906e-17
1.249459743499755859e+00 2.790888222633483746e-15 4.002233984499019314e-17
1.250251054763793945e+00 2.834931183033628788e-15 6.065270739554043432e-17
1.251044631004333496e+00 2.788766828617085351e-15 9.819678103809725443e-17
1.251838803291320801e+00 2.937979517330692458e-15 6.344196703851414407e-17
1.252633929252624512e+00 2.951278569877295414e-15 4.772962498095508041e-17
1.253432154655456543e+00 2.765025342138494567e-15 6.749253153184341168e-17
1.254229903221130371e+00 2.877872365327632798e-15 4.186873932110655940e-17
1.255028843879699707e+00 2.709810017164065304e-15 6.914369653106256213e-17
1.255830287933349609e+00 2.758212444385491416e-15 6.507570830531047754e-17
1.256631851196289062e+00 2.747206521785342664e-15 6.481741619595711933e-17
1.257435679435729980e+00 2.742979403862070079e-15 6.523714087365632642e-17
1.258239626884460449e+00 2.717284024132400437e-15 4.253220765554554205e-17
1.259046316146850586e+00 2.783780133898362472e-15 5.719310720159865137e-17
1.259853363037109375e+00 2.869398859481537591e-15 7.458577733805303502e-17
1.260662674903869629e+00 2.798379170260763965e-15 5.398687573800431102e-17
1.261473059654235840e+00 2.805384768009267470e-15 5.718823014470703872e-17
1.262287616729736328e+00 2.763436308329445500e-15 8.606523106038634291e-17
1.263098001480102539e+00 2.682087475833379309e-15 5.219234710373992002e-17
1.263911962509155273e+00 2.663462491872678126e-15 7.256297663322606030e-17
1.264727473258972168e+00 2.651246582707376606e-15 3.809773540504061344e-17
1.265543341636657715e+00 2.751741959701415816e-15 8.487789600912772699e-17
1.266361951828002930e+00 2.664816897555337752e-15 7.192191165849746385e-17
1.267181158065795898e+00 2.761415922992007180e-15 7.179336117386182292e-17
1.268002629280090332e+00 2.598207497132680455e-15 6.280237113655344179e-17
1.268825411796569824e+00 2.786737972950174488e-15 1.187922283319079570e-16
1.269649386405944824e+00 2.712591885121085240e-15 1.281403354007126317e-16
1.270470857620239258e+00 2.490979266999153625e-15 8.969571353399178053e-17
1.271301746368408203e+00 2.992765396600863791e-15 3.212819791737202713e-16
1.272129654884338379e+00 2.521307493433830663e-15 2.191561431655553388e-16
1.272959828376770020e+00 2.604433612811473189e-15 2.026623999792643823e-16
1.273788809776306152e+00 2.484446948909928461e-15 1.579010497607292876e-16
1.274621367454528809e+00 2.706025262197496277e-15 5.851154045377957155e-17
1.275452375411987305e+00 2.806365632162187949e-15 1.145173324564543083e-16
1.276289224624633789e+00 2.502285886295577653e-15 1.665762420924996241e-16
1.277125835418701172e+00 2.537837341399498334e-15 1.077729318756154482e-16
1.277964353561401367e+00 2.509786998318224924e-15 7.613789903944753615e-17
1.278803348541259766e+00 2.585628846107717281e-15 9.496323276195396288e-17
1.279644250869750977e+00 2.496209695448448930e-15 7.236757672020633389e-17
1.280486464500427246e+00 2.707465641724302215e-15 1.060672325129719017e-16
1.281329870223999023e+00 2.734842805370745270e-15 1.036934756178509284e-16
1.282175302505493164e+00 2.387904886438961885e-15 1.228085409304326288e-16
1.283020734786987305e+00 2.637477426875047513e-15 1.774529524635226922e-16
1.283869624137878418e+00 2.597109954191275695e-15 1.680239934529246344e-16
1.284717679023742676e+00 2.554395988485372651e-15 8.759178957213050527e-17
1.285576701164245605e+00 2.584373331521649594e-15 6.427090789141068458e-17
1.286427497863769531e+00 2.783538729508394996e-15 1.888369296908326794e-16
1.287271738052368164e+00 2.453375451064035775e-15 6.348067247373672534e-17
1.288125157356262207e+00 2.528703785129255213e-15 3.538560208238134800e-17
1.288984537124633789e+00 2.591435892235855951e-15 9.662347689557649537e-17
1.289847016334533691e+00 2.589465481842305634e-15 1.327424374567126564e-16
1.290701985359191895e+00 2.485856199975922803e-15 1.161526751449165444e-16
1.291560053825378418e+00 2.602953634494383113e-15 1.483612485480491241e-16
1.292422056198120117e+00 2.534745882900256951e-15 1.291167791004396281e-16
1.293285965919494629e+00 2.648305260798036048e-15 1.062228152600257756e-16
1.294151425361633301e+00 2.479400326610187340e-15 5.762524620593105430e-17
1.295016527175903320e+00 2.651732779619100575e-15 5.397780322104582941e-17
1.295885086059570312e+00 2.491038135788987799e-15 5.202076999236172081e-17
1.296753168106079102e+00 2.600324867742579392e-15 6.556547201983577459e-17
1.297623276710510254e+00 2.429879392381911925e-15 3.928024303024436989e-17
1.298495173454284668e+00 2.601895266826788865e-15 5.911597787098431993e-17
1.299367547035217285e+00 2.556294401078406352e-15 7.568185782413480093e-17
1.300243973731994629e+00 2.610090945866184661e-15 7.971699705340117969e-17
1.301119923591613770e+00 2.613824878855918431e-15 7.347911555757549078e-17
1.301998257637023926e+00 2.588402879009975115e-15 4.574810720613940219e-17
1.302878737449645996e+00 2.690859984309855284e-15 6.417902466896829427e-17
1.303759098052978516e+00 2.645800372614768269e-15 1.116749942879342958e-16
1.304640293121337891e+00 2.531678988356485943e-15 1.104195723460952151e-16
1.305525422096252441e+00 2.468100695335578160e-15 6.573922627058621337e-17
1.306409955024719238e+00 2.677700692199549287e-15 5.524710194484109974e-17
1.307296514511108398e+00 2.440141620054371401e-15 1.034218162697987133e-16
1.308184742927551270e+00 2.456682691206590191e-15 1.481538445899800282e-16
1.309074759483337402e+00 2.534874420150002791e-15 1.029155883523611608e-16
1.309967041015625000e+00 2.470954137576641084e-15 4.943370968704292336e-17
1.310859203338623047e+00 2.503696831427466504e-15 8.664364206679772283e-17
1.311753273010253906e+00 2.610474863549527673e-15 1.023147177379577410e-16
1.312649607658386230e+00 2.517877221755687560e-15 5.528816980789313246e-17
1.313546061515808105e+00 2.570678926346915694e-15 3.062552838171839621e-17
1.314445495605468750e+00 2.368618581504691907e-15 1.040097299270871024e-16
1.315345406532287598e+00 2.418655782314318818e-15 4.198396888915764636e-17
1.316246986389160156e+00 2.470899927468016809e-15 3.635480629738728031e-17
1.317151904106140137e+00 2.530971927603765416e-15 7.783154141748250968e-17
1.318057775497436523e+00 2.379592952127555436e-15 1.619825111042986359e-17
1.318961143493652344e+00 2.364985233677444586e-15 4.681710249024373177e-17
1.319869041442871094e+00 2.430481209290936105e-15 3.600653678972285396e-17
1.320777773857116699e+00 2.339849742725910037e-15 1.324575316383310171e-17
1.321689128875732422e+00 2.258856452309453838e-15 7.407916560881125790e-17
1.322601318359375000e+00 2.252457330151184413e-15 3.509143680422279008e-17
1.323515772819519043e+00 2.210444072450897489e-15 5.707628944677146259e-17
1.324431657791137695e+00 2.341380754778072185e-15 9.610703826065758828e-17
1.325349450111389160e+00 2.345470653363889574e-15 1.179066818553331877e-16
1.326267838478088379e+00 2.361163421019433183e-15 5.034312859609597305e-17
1.327190160751342773e+00 2.257253654215011889e-15 4.191697387698575155e-17
1.328110337257385254e+00 2.300458687272085613e-15 5.200178123421995350e-17
1.329031944274902344e+00 2.276009293007827047e-15 1.000818859494362020e-16
1.329958081245422363e+00 2.236545392720538754e-15 3.291997519970778522e-17
1.330882906913757324e+00 2.211296611112308942e-15 7.598259422507948010e-17
1.331813097000122070e+00 2.239921666048294395e-15 6.875710539997977912e-17
1.332740664482116699e+00 2.202878797682495705e-15 3.152975590524706309e-17
1.333670735359191895e+00 2.362368960661612866e-15 9.236705030883993065e-17
1.334605574607849121e+00 2.285164660376461966e-15 9.161863052549175206e-17
1.335538625717163086e+00 2.269594077223559790e-15 5.975337016379318094e-17
1.336474180221557617e+00 2.361025354649030732e-15 9.522918787250201234e-17
1.337412714958190918e+00 2.148964515315049048e-15 1.059536506887010204e-16
1.338347911834716797e+00 2.215568410023549192e-15 6.665275130419997629e-17
1.339289903640747070e+00 1.941682000594765686e-15 7.519809613213418865e-17
1.340230941772460938e+00 2.192377494960673703e-15 8.945839872497276710e-17
1.341174840927124023e+00 2.006760388965260836e-15 6.975584327157630473e-17
1.342121124267578125e+00 2.190281300174456124e-15 8.345281601493157006e-17
1.343066215515136719e+00 2.148215102914965806e-15 1.027506683905527883e-16
1.344015479087829590e+00 2.143079118639289356e-15 7.645379600665908721e-17
1.344965934753417969e+00 2.057499568329924748e-15 1.163911281544584308e-16
1.345917105674743652e+00 1.990336631876236766e-15 1.355322992871723048e-16
1.346869111061096191e+00 2.134437476753164170e-15 1.581214900852522193e-16
1.347824454307556152e+00 2.428767873396877469e-15 1.892258369276306109e-16
1.348779439926147461e+00 2.138654006764596077e-15 1.709999643037638135e-16
1.349737524986267090e+00 2.212322791527907527e-15 2.276773475544928036e-16
1.350695490837097168e+00 2.190287864679797344e-15 3.260883882235759935e-16
1.351659536361694336e+00 2.086717546328988211e-15 2.630933567961916009e-16
1.352619647979736328e+00 2.164563897588157870e-15 5.262426177669019857e-16
1.353582978248596191e+00 2.205104376751406380e-15 3.457558050445512033e-16
1.354550004005432129e+00 2.384010228947486612e-15 3.993754787650309742e-16
1.355518698692321777e+00 2.846404244304188286e-15 5.570346476797599557e-16
1.356484651565551758e+00 4.500369905023875877e-15 1.061785974932011409e-15
1.357456564903259277e+00 3.401046712122224487e-15 1.273609433282525075e-15
1.358429193496704102e+00 8.816810946595335114e-16 1.258022650624506661e-15
1.359402775764465332e+00 7.993510909611034609e-15 2.996070519161050071e-15
1.360377430915832520e+00 -4.943886097085120959e-15 6.378391873918323740e-15
1.361355304718017578e+00 -2.833320708703102346e-16 4.375508778269119464e-15
1.362333893775939941e+00 4.081876336773943709e-15 5.854577805490318240e-15
1.363313198089599609e+00 1.069620839111700555e-14 3.844254372432432190e-15
1.364295721054077148e+00 4.756893409583367108e-15 2.145212159358712498e-15
1.365278840065002441e+00 -1.461150468738507680e-15 1.023533776451594074e-14
1.366264462471008301e+00 1.689587631316467192e-14 1.472811740729947083e-14
1.367251276969909668e+00 -6.978096706288525533e-16 6.724943545826159164e-15
1.368239283561706543e+00 -2.644518388249098885e-15 5.528258786077072662e-15
1.369229912757873535e+00 -8.637993715221361363e-15 1.079933041728048035e-14
1.370221376419067383e+00 3.800780829931078852e-16 7.278172103896991124e-15
1.371214866638183594e+00 1.087175787525959062e-15 3.628556585381177355e-15
1.372209668159484863e+00 5.143878199228386558e-15 2.369385781596667490e-15
1.373206019401550293e+00 3.849955062986131242e-16 2.388430893899206806e-15
1.374204993247985840e+00 2.133737827538732118e-15 1.153831986518952159e-15
1.375204563140869141e+00 2.581390716756130389e-15 7.488951805898250678e-16
1.376205325126647949e+00 1.919925747586302169e-15 1.029719531010450141e-15
1.377210259437561035e+00 3.946377323234620538e-15 7.945649736442903996e-16
1.378212332725524902e+00 3.929962671749779451e-15 1.272801363850844473e-15
1.379223823547363281e+00 2.793720277292628500e-15 4.531261514247595431e-16
1.380228877067565918e+00 3.848130395199067869e-15 2.043925441833700958e-15
1.381237149238586426e+00 4.641596131836059000e-15 1.386591452347631960e-15
1.382251858711242676e+00 3.150173129079156253e-15 3.271208419769401805e-15
1.383263945579528809e+00 1.674068717173347529e-15 2.169744986368275612e-15
1.384278178215026855e+00 1.272252592380142093e-15 6.509152161634232728e-15
1.385294318199157715e+00 5.207748295099623448e-15 1.413051385191317014e-15
1.386314153671264648e+00 2.012074673676334316e-15 1.546753206574803374e-15
1.387331724166870117e+00 2.609032578198590413e-15 9.432617134139012309e-16
1.388355612754821777e+00 3.732313462738619247e-15 6.387713153865502095e-16
1.389377117156982422e+00 2.958239274879594441e-15 1.216382934453958883e-15
1.390403747558593750e+00 3.401641752767670633e-15 4.961003150641472674e-16
1.391428709030151367e+00 3.199499457487799993e-15 7.877918335002489971e-16
1.392456769943237305e+00 2.446781934844371488e-15 5.232254334692229645e-16
1.393489837646484375e+00 2.678518502510123314e-15 6.324593846822887735e-16
1.394518375396728516e+00 3.003926749746833706e-15 5.608982825895420399e-16
1.395552039146423340e+00 3.333432307107649963e-15 5.606221498487371380e-16
1.396587491035461426e+00 3.398320536581486521e-15 8.669523034375244998e-16
1.397622466087341309e+00 2.718923244643574322e-15 7.533687851007486551e-16
1.398662567138671875e+00 3.498685046985174942e-15 9.421029935178810294e-15
1.399701833724975586e+00 2.563331127287721452e-15 7.492676103888209430e-16
1.400743722915649414e+00 3.360055399672799877e-15 7.077257794632402406e-16
1.401787638664245605e+00 2.958575758717891212e-15 7.191979407612932810e-16
1.402833342552185059e+00 2.855904777598829332e-15 5.540454684088995298e-16
1.403880119323730469e+00 3.017448148442090916e-15 5.726569527820038474e-16
1.404927730560302734e+00 2.811492510833681416e-15 3.137807877417341960e-16
1.405979156494140625e+00 2.636037047348241576e-15 1.734143390756835907e-16
1.407030701637268066e+00 2.509503454039131547e-15 2.575137125446111093e-16
1.408083558082580566e+00 2.676018273008065433e-15 3.120188003927676411e-16
1.409138679504394531e+00 2.614456765434570139e-15 4.392029679449281762e-16
1.410195946693420410e+00 2.596103890808174400e-15 4.084143791034184267e-16
1.411255002021789551e+00 2.533828334460143730e-15 2.361702292792564528e-16
1.412314414978027344e+00 2.230069190564069187e-15 2.645493270231829381e-16
1.413376927375793457e+00 2.515337816979819167e-15 4.600413813457028545e-16
1.414440989494323730e+00 2.854344754668223724e-15 2.877273513033924007e-16
1.415507316589355469e+00 2.046703921658931877e-15 1.867010567049921560e-16
1.416574835777282715e+00 2.951361579106126336e-15 2.904914315685199963e-16
1.417644977569580078e+00 2.373726613693108965e-15 4.215610451288544138e-16
1.418716073036193848e+00 2.298587379733364050e-15 2.841017538276124563e-15
1.419788002967834473e+00 2.103049400343235190e-15 2.057144052720094357e-16
1.420865058898925781e+00 2.320045265386157241e-15 1.028434780552812380e-16
1.421938657760620117e+00 2.073703943885609954e-15 1.348200769274294467e-16
1.423015356063842773e+00 2.301411811095983515e-15 2.195573853196476611e-16
1.424094796180725098e+00 1.990770948019941408e-15 1.541579317574737294e-16
1.425173640251159668e+00 2.102304223107888219e-15 9.210378849836635385e-17
1.426258206367492676e+00 2.005403230425522633e-15 9.742000550335075805e-17
1.427343726158142090e+00 2.107752339024627879e-15 1.479230678165226339e-16
1.428428649902343750e+00 2.150398118578276951e-15 1.416838363619372584e-16
1.429518103599548340e+00 1.959213888537035195e-15 1.121661807531131841e-16
1.430607914924621582e+00 1.796253643331253980e-15 1.173503003229953200e-16
1.431698322296142578e+00 2.159386620456302773e-15 2.313046338022113364e-16
1.432792067527770996e+00 2.121575069690870806e-15 1.882557856796774243e-16
1.433886766433715820e+00 2.272148093317768319e-15 1.289224247437141687e-16
1.434983730316162109e+00 2.140592229906150730e-15 1.001263882663915548e-16
1.436082601547241211e+00 2.100130313048760057e-15 1.115756929097585300e-16
1.437183141708374023e+00 2.229718942440379534e-15 2.538426982209905734e-16
1.438287377357482910e+00 2.019757474266167634e-15 1.717886049172167705e-16
1.439390540122985840e+00 2.093622135398531640e-15 7.593475671589431340e-17
1.440495610237121582e+00 2.385351929135937424e-15 1.279770962699089670e-16
1.441603422164916992e+00 2.106626208721253286e-15 5.381637396142243074e-17
1.442711472511291504e+00 2.104480462507621330e-15 7.230699401214295014e-17
1.443821191787719727e+00 2.140104762445005880e-15 1.039141938750596779e-16
1.444934129714965820e+00 2.003201368279135079e-15 7.443079016104019933e-17
1.446047663688659668e+00 2.244680508904205868e-15 1.265330109739587917e-16
1.447159886360168457e+00 2.196003643007869363e-15 6.907623168030273719e-17
1.448278307914733887e+00 2.204823161812917952e-15 1.307512218163954065e-16
1.449398517608642578e+00 2.076105917565786337e-15 1.322496892745372681e-16
1.450520753860473633e+00 2.099503932184265502e-15 1.537194201537022179e-16
1.451644301414489746e+00 1.995781359661187408e-15 7.059810504105739921e-17
1.452769279479980469e+00 1.886203036615503523e-15 9.022591645430357000e-17
1.453896045684814453e+00 2.092399866855643685e-15 1.251553912945884773e-16
1.455025434494018555e+00 2.050032337625167650e-15 1.150709743666034003e-16
1.456155300140380859e+00 2.257163233447892492e-15 1.789210326146818057e-16
1.457284927368164062e+00 2.160481834057102583e-15 1.032548779872957114e-16
1.458420872688293457e+00 1.900981432204486114e-15 9.061725891082485760e-17
1.459555029869079590e+00 2.114307950519902536e-15 1.221437788855156133e-16
1.460693001747131348e+00 2.063981911475261909e-15 4.733269740093783476e-17
1.461833238601684570e+00 2.151286444381709899e-15 8.760110031710540215e-17
1.462972998619079590e+00 1.942286782119105257e-15 8.164498300769487617e-17
1.464115381240844727e+00 2.105624380502888263e-15 9.014217930653360190e-17
1.465259790420532227e+00 1.932274852682559427e-15 6.894094463675846441e-17
1.466403841972351074e+00 1.843746780683802600e-15 1.742574147908874374e-16
1.467552423477172852e+00 1.950544506321887431e-15 9.433879080881523208e-17
1.468701004981994629e+00 2.057227035479145677e-15 1.129782338866238420e-16
1.469853043556213379e+00 2.031938231564158100e-15 8.521809885145853621e-17
1.471005797386169434e+00 2.089415558024229971e-15 1.078078653672447876e-16
1.472160220146179199e+00 2.077464981929655861e-15 1.085885385770376339e-16
1.473316907882690430e+00 2.115851032791563058e-15 5.813547106008846305e-17
1.474474668502807617e+00 2.008279754314398237e-15 1.287551489715212452e-16
1.475633740425109863e+00 1.911007125926424827e-15 8.882252182704610324e-17
1.476796030998229980e+00 1.980172236509185162e-15 7.003623102945217942e-17
1.477959632873535156e+00 2.192277121556424069e-15 1.193029627293226984e-16
1.479123830795288086e+00 2.115620428071673075e-15 1.368061706653937682e-16
1.480293393135070801e+00 2.154247248048837306e-15 5.119794365855317227e-17
1.481461882591247559e+00 2.012262714990624771e-15 1.333178904652535467e-16
1.482633352279663086e+00 2.054722994328825152e-15 1.136732905942949997e-16
1.483805298805236816e+00 2.065597415063912673e-15 4.952726381432267079e-17
1.484979271888732910e+00 1.682193139566055557e-15 2.190093152981047262e-16
1.486155390739440918e+00 1.955491178733852545e-15 6.184994876181498531e-17
1.487333536148071289e+00 1.988298035330432478e-15 5.463705955180569204e-17
1.488513469696044922e+00 1.796526387940269864e-15 1.030182249227667404e-16
1.489696145057678223e+00 1.887596194055500033e-15 5.149244311767920161e-17
1.490882873535156250e+00 2.074845744298508751e-15 1.373497011197350121e-16
1.492066144943237305e+00 1.964763648407445371e-15 2.417157903808773094e-17
1.493251681327819824e+00 1.833958679703568719e-15 7.995526477448585420e-17
1.494440913200378418e+00 1.777956037604666584e-15 7.401567784243658792e-17
1.495630741119384766e+00 1.818658088302603851e-15 8.807580272703733368e-17
1.496823906898498535e+00 1.876229223661584136e-15 5.159907000735973709e-17
1.498019337654113770e+00 1.900061130907294317e-15 5.041374335062839991e-17
1.499213695526123047e+00 1.869789232163609691e-15 4.095140263923015213e-17
1.500404477119445801e+00 1.882120761326211422e-15 4.949155277291753148e-17
1.501600861549377441e+00 1.908202176321592211e-15 4.241266020469692827e-17
1.502796053886413574e+00 2.012377276196740915e-15 4.756603512557169323e-17
1.503978610038757324e+00 2.111893694861990967e-15 1.596085225986061478e-16
1.505205631256103516e+00 2.222681369198117179e-15 1.071550808975975399e-16
1.506421208381652832e+00 1.925332994163336808e-15 4.454252124184541627e-17
1.507630348205566406e+00 1.893575611388404953e-15 1.306621377731458956e-16
1.508841633796691895e+00 1.900405449800353190e-15 5.629535815662749980e-17
1.510054349899291992e+00 2.067646811279794453e-15 7.109921105614202337e-17
1.511269211769104004e+00 1.731483892590914616e-15 6.812260493059240350e-17
1.512484788894653320e+00 1.643734455628921304e-15 5.392739483451684790e-17
1.513700366020202637e+00 1.786356063342587480e-15 6.447229659206529491e-17
1.514916658401489258e+00 1.799731560612680137e-15 2.917474623152899161e-17
1.516138672828674316e+00 1.754514294910285415e-15 5.536507775252586276e-17
1.517358183860778809e+00 1.764395675393835676e-15 5.829577866280123981e-17
1.518582582473754883e+00 1.799974659068542121e-15 7.284715618702987806e-17
1.519806027412414551e+00 1.767150120659188254e-15 8.808487524399581528e-17
1.521034598350524902e+00 1.854686846472302329e-15 6.006018799660134996e-17
1.522265791893005371e+00 1.978257306773680002e-15 5.420982076542205325e-17
1.523496627807617188e+00 1.745369727211727989e-15 8.212343750888534822e-17
1.524730563163757324e+00 1.879727893250218024e-15 1.470535223217170904e-16
1.525965809822082520e+00 1.825644204293320506e-15 5.611364973710675111e-17
1.527203679084777832e+00 1.845154337683902433e-15 4.478345579322496174e-17
1.528440713882446289e+00 1.868405603844269791e-15 3.614146649124250384e-17
1.529680728912353516e+00 1.910286089130074604e-15 8.269030769139038830e-17
1.530922532081604004e+00 1.507119158544235372e-15 1.337181664723904070e-16
1.532158017158508301e+00 1.765139370321524952e-15 9.088273094789517609e-17
1.533412456512451172e+00 1.661991933169632528e-15 6.310210830331815690e-17
1.534660100936889648e+00 1.767303115985286062e-15 4.566278518031578249e-17
1.535910487174987793e+00 1.661290484010187560e-15 7.740913005715373035e-17
1.537160992622375488e+00 1.643979565788033018e-15 8.258667850424974500e-17
1.538407564163208008e+00 1.980179648047473637e-15 1.147801773678991583e-16
1.539667010307312012e+00 1.703577650989792844e-15 1.482678234609449350e-16
1.540922284126281738e+00 1.719905058081066737e-15 4.178219968542126164e-17
1.542194008827209473e+00 1.748430692524868216e-15 2.653483173204601586e-16
1.543455004692077637e+00 1.617450070363554704e-15 7.380782389811426313e-17
1.544703841209411621e+00 1.639286050348178533e-15 2.560535104616059508e-17
1.545968294143676758e+00 1.686932818301535401e-15 6.950639868605481371e-17
1.547232747077941895e+00 1.731734508464183482e-15 3.901010569451925233e-17
1.548500895500183105e+00 1.736035318253867192e-15 4.576480963706807293e-17
1.549766182899475098e+00 1.717918236424163369e-15 4.058879643718895671e-17
1.551036000251770020e+00 1.739453096196038294e-15 3.464675443308163304e-17
1.552309513092041016e+00 1.735668764745942894e-15 4.752750505263897321e-17
1.553594470024108887e+00 1.776355780609066397e-15 8.769093213162866096e-17
1.554861307144165039e+00 1.760184439338324108e-15 3.777583310658192740e-17
1.556137442588806152e+00 1.774991210531039719e-15 5.495870376991326153e-17
1.557418465614318848e+00 1.876402441899297641e-15 4.467946595533724531e-17
1.558690547943115234e+00 2.004670758684384477e-15 6.929972264692476442e-17
1.559986114501953125e+00 1.830468692202644188e-15 1.191600656241429378e-16
1.561265826225280762e+00 1.906681116906560301e-15 3.841218315181897159e-17
1.562558531761169434e+00 1.741008460445434003e-15 7.913846031553669171e-17
1.563840389251708984e+00 1.926137251946754766e-15 1.230018894355332237e-16
1.565131187438964844e+00 2.003158804873535551e-15 9.234219518579393727e-17
1.566423058509826660e+00 1.910766780327641419e-15 4.116634717576328148e-17
1.567717075347900391e+00 2.016561407197940345e-15 8.909957439269216412e-17
1.569013714790344238e+00 1.893548082817619188e-15 8.506825342913333014e-17
1.570310711860656738e+00 1.968484452386496698e-15 6.298510526003375624e-17
1.571609735488891602e+00 1.968985048858323990e-15 3.070806115451648710e-17
1.572910308837890625e+00 1.895918928036983975e-15 2.872795620418704945e-17
1.574214816093444824e+00 1.884746563462699753e-15 4.287046166035317634e-17
1.575519442558288574e+00 1.937198231688475047e-15 3.830961275586239616e-17
1.576821446418762207e+00 1.940854449405298235e-15 5.089459336687282554e-17
1.578123569488525391e+00 1.941625461145536462e-15 6.116389839665330500e-17
1.579431176185607910e+00 1.987353593594243933e-15 4.621927920921695739e-17
1.580745577812194824e+00 2.060654554300210203e-15 2.439292893041222592e-16
1.582059383392333984e+00 2.161885367650702959e-15 1.098994874990361743e-16
1.583375573158264160e+00 2.139721480036373309e-15 3.391256546499181674e-17
1.584692716598510742e+00 2.168443943761293007e-15 1.201267816798663106e-16
1.586012363433837891e+00 2.170460729208705496e-15 2.783155711797558442e-16
1.587333559989929199e+00 1.996042034050704919e-15 1.896145324061917288e-16
1.588650226593017578e+00 2.078163995869377473e-15 6.566571969263230112e-17
1.589981198310852051e+00 1.927070258738155378e-15 4.068204947072573483e-17
1.591306686401367188e+00 1.970569847502636786e-15 7.764273247958360579e-17
1.592630386352539062e+00 1.839750690996893624e-15 8.256411301713929840e-17
1.593958854675292969e+00 1.947478035294590050e-15 2.870363709417799044e-17
1.595289111137390137e+00 1.995244764289101809e-15 5.189413194930230248e-17
1.596645474433898926e+00 1.967732922404045320e-15 6.009526707201849876e-17
1.597951292991638184e+00 1.960070662363182920e-15 1.572139637654406909e-17
1.599286079406738281e+00 2.016259863468717814e-15 2.095549585339788403e-17
1.600626230239868164e+00 2.105054539087622932e-15 3.053042246360949930e-17
1.601965308189392090e+00 1.828027331490420480e-15 5.848169577727865831e-17
1.603306770324707031e+00 2.005836276019806394e-15 6.978906284497643432e-17
1.604649662971496582e+00 2.090210286686991319e-15 3.093945665907207106e-17
1.605995416641235352e+00 2.214993909927073963e-15 9.741492992311213267e-17
1.607341289520263672e+00 2.165806071405306302e-15 4.505617724118369497e-17
1.608695626258850098e+00 2.140405882657754784e-15 5.802283553043834237e-17
1.610044360160827637e+00 1.964587253796179663e-15 5.607867654080800910e-17
1.611388802528381348e+00 2.010728314806673606e-15 8.206736789824405380e-17
1.612742900848388672e+00 2.079898507587117466e-15 3.813382364080507693e-17
1.614072442054748535e+00 2.102713763537885673e-15 2.023845930248996730e-17
1.615429997444152832e+00 2.000566672296700578e-15 6.503210596086158235e-17
1.616813540458679199e+00 1.934951900312356643e-15 6.160304527513525718e-17
1.618173599243164062e+00 2.055131052451164911e-15 6.084779628864984079e-17
1.619533777236938477e+00 2.062118438991302448e-15 4.001387282424010035e-17
1.620895743370056152e+00 2.028735599990589590e-15 1.049939822117965994e-16
1.622262477874755859e+00 2.155700544828088872e-15 7.736157709809928190e-17
1.623629927635192871e+00 2.106789897838310180e-15 7.090608092672314247e-17
1.624994874000549316e+00 2.134487028180578547e-15 5.893936488403689789e-17
1.626369953155517578e+00 2.142214721516616342e-15 1.024774953019796011e-17
1.627744317054748535e+00 2.054783557184553834e-15 4.428477176297389284e-17
1.629118084907531738e+00 2.083519149920155973e-15 2.593930040306050342e-17
1.630489230155944824e+00 2.037725584176273107e-15 4.012561499882866375e-17
1.631867170333862305e+00 2.007678996196558124e-15 3.762384363210898388e-17
1.633244752883911133e+00 1.957529563521420019e-15 3.858465361825872807e-17
1.634626746177673340e+00 1.995950342734164641e-15 4.957686156385135033e-17
1.636008262634277344e+00 2.005260293615673470e-15 7.470633394924896349e-17
1.637393593788146973e+00 2.103268781876574053e-15 4.916218930533361713e-17
1.638779520988464355e+00 2.026480374768525015e-15 5.920765595263479709e-17
1.640166163444519043e+00 2.131671490663905252e-15 5.957866300097708107e-17
1.641555309295654297e+00 2.029524822939193784e-15 4.912048616757114369e-17
1.642944693565368652e+00 1.983916333894285983e-15 3.502708877001106495e-17
1.644338130950927734e+00 2.145853363299784003e-15 4.179660586296948517e-17
1.645730495452880859e+00 1.991035857574195191e-15 5.712613204176145783e-17
1.647128343582153320e+00 2.018540076162726390e-15 4.619833830482956494e-17
1.648526072502136230e+00 1.975811287380246396e-15 6.684931588752217736e-17
1.649925589561462402e+00 1.918399605973586733e-15 3.052255101290044469e-17
1.651327490806579590e+00 2.018540923195673645e-15 6.031433096800214218e-17
1.652711868286132812e+00 2.044307030176439020e-15 3.304810547659224921e-17
1.654124379158020020e+00 1.968582072933667756e-15 4.134008819162391941e-17
1.655542254447937012e+00 1.916895698975736723e-15 5.495009447409780962e-17
1.656950354576110840e+00 1.952493317375282762e-15 3.365716848778239412e-17
1.658360838890075684e+00 2.007256962030588669e-15 3.972051487435939419e-17
1.659770965576171875e+00 1.981683766803560461e-15 5.526933986842897533e-17
1.661186218261718750e+00 2.006312096777926497e-15 2.903426118501543560e-17
1.662597537040710449e+00 1.984226559711217870e-15 2.210832589258446295e-17
1.664003133773803711e+00 2.042360124947175011e-15 4.232131299529147232e-17
1.665421247482299805e+00 1.991222416580827950e-15 5.693957965257359860e-17
1.666842460632324219e+00 2.098029671339569392e-15 3.951322672157605567e-17
1.668265461921691895e+00 2.181149861486581139e-15 8.363120909455720622e-17
1.669688820838928223e+00 2.203036345810685005e-15 7.623325642046264918e-17
1.671114325523376465e+00 2.099553695369916692e-15 5.864503416975582937e-17
1.672542095184326172e+00 2.098023953867175426e-15 8.520833812023041048e-17
1.673971772193908691e+00 1.825973488351565616e-15 4.539390185039929532e-17
1.675403714179992676e+00 2.077183555232930620e-15 5.146609906953061278e-17
1.676833391189575195e+00 2.091469612921321650e-15 4.713868384262474723e-17
1.678264856338500977e+00 2.193010440330509479e-15 6.312993465912444075e-17
1.679697394371032715e+00 2.197118338366456022e-15 4.401352931395040443e-17
1.681131124496459961e+00 2.108334462417628397e-15 1.914353521490455052e-17
1.682568311691284180e+00 2.198595563826467522e-15 2.171317675088420631e-17
1.684009552001953125e+00 2.168720711776808349e-15 5.520037616639920431e-17
1.685445070266723633e+00 2.222103057453379306e-15 3.270905737839656401e-17
1.686886668205261230e+00 2.138015767438839962e-15 2.298934107376366678e-17
1.688324928283691406e+00 2.181481263127194384e-15 3.321086484264063315e-17
1.689773082733154297e+00 2.328522371122278278e-15 4.595995477845913300e-17
1.691225051879882812e+00 2.211204284521058223e-15 3.408757372155088591e-17
1.692675471305847168e+00 2.178627820886131460e-15 8.531788992055693347e-17
1.694127082824707031e+00 2.099628022511038257e-15 8.591735763664146326e-17
1.695577740669250488e+00 2.070895606148988322e-15 4.285404708827767405e-17
1.697030425071716309e+00 1.942592984529537686e-15 3.560027861239601016e-17
1.698485612869262695e+00 2.029031426247418154e-15 4.539107620142681418e-17
1.699942588806152344e+00 1.992643737866320666e-15 4.866141416249401418e-17
1.701402068138122559e+00 2.034110024040918126e-15 5.023745792720354887e-17
1.702861666679382324e+00 2.018345682101331529e-15 4.576523646226415029e-17
1.704325318336486816e+00 1.942578161452960736e-15 4.287534533468968941e-17
1.705787777900695801e+00 1.973046995356881987e-15 8.009012168411159941e-17
1.707260131835937500e+00 1.837726282252955846e-15 6.416638534920848401e-17
1.708715677261352539e+00 1.819993647502187069e-15 3.159771044692951942e-17
1.710185050964355469e+00 1.872835162641936155e-15 4.459772396720475512e-17
1.711654901504516602e+00 1.795128360060826642e-15 4.622962558431877066e-17
1.713123321533203125e+00 1.985557460229591190e-15 6.523483800283097879e-17
1.714606404304504395e+00 1.673659917897178922e-15 2.321045637766644171e-17
1.716080665588378906e+00 1.700436111667545051e-15 4.063884086424841488e-17
1.717553377151489258e+00 1.817387327123485587e-15 6.485229013058235498e-17
1.719028711318969727e+00 1.767221377305876022e-15 4.258928311781170096e-17
1.720504164695739746e+00 1.767621706252572086e-15 3.786247200394073152e-17
1.721989154815673828e+00 1.793186325271009345e-15 2.841701239448346592e-17
1.723468422889709473e+00 1.821814980097020628e-15 2.499288335956918191e-17
1.724952936172485352e+00 1.805200217078390713e-15 3.670355556980698741e-17
1.726438164710998535e+00 1.813935244346950686e-15 3.860511144916838955e-17
1.727926850318908691e+00 1.648065335088232542e-15 4.152362964338208561e-17
1.729406237602233887e+00 1.804912437634561065e-15 8.028152466041146959e-17
1.730904340744018555e+00 1.735141169098921871e-15 2.344625579180325799e-17
1.732394218444824219e+00 1.812355316142084602e-15 1.257182678490961113e-17
1.733885169029235840e+00 1.818715686543017143e-15 3.981708324779128485e-17
1.735381364822387695e+00 1.769262197313166852e-15 4.143958147570179758e-17
1.736877679824829102e+00 1.728480207880832460e-15 4.369721213898767644e-17
1.738375902175903320e+00 1.735167956515878789e-15 2.732424890265803765e-17
1.739874243736267090e+00 1.599532888309402896e-15 3.815225653357520860e-17
1.741376042366027832e+00 1.705629270667161166e-15 3.873770188391573947e-17
1.742878437042236328e+00 1.692857707888460825e-15 9.029746426856695668e-17
1.744383096694946289e+00 1.621033443246914021e-15 5.435302889051213382e-17
1.745887875556945801e+00 1.759621903582228846e-15 5.295287350253342473e-17
1.747394323348999023e+00 1.643986447930729459e-15 4.867691221845080770e-17
1.748903870582580566e+00 1.682902635538499440e-15 6.643231759712194505e-17
1.750416398048400879e+00 1.604933040985504281e-15 3.500241562669983324e-17
1.751926422119140625e+00 1.692308724659521632e-15 2.601011368093994301e-17
1.753439545631408691e+00 1.619806304264579354e-15 1.365282694124392280e-17
1.754953622817993164e+00 1.643328197451594461e-15 5.590843615329969558e-17
1.756473779678344727e+00 1.596579496180563964e-15 4.517976133342156751e-17
1.757993102073669434e+00 1.661329129888406038e-15 2.675282591806150571e-17
1.759500980377197266e+00 1.674779801332567514e-15 4.181200134853032212e-17
1.761015295982360840e+00 1.680815228719109624e-15 2.148866338902506354e-17
1.762542486190795898e+00 1.678265024273163739e-15 3.544332274552529827e-17
1.764080047607421875e+00 1.700242882276452663e-15 5.056762872306531497e-17
1.765606164932250977e+00 1.748140371982196805e-15 5.895551144959393299e-17
1.767118215560913086e+00 1.685011006423333801e-15 7.660072313578320620e-17
1.768648505210876465e+00 1.683922357327875211e-15 2.288624293657628251e-17
1.770179152488708496e+00 1.799478297761451101e-15 3.455951996568179074e-17
1.771710991859436035e+00 1.654608135210179978e-15 6.697161950417181782e-17
1.773243904113769531e+00 1.746980889756524075e-15 3.015059105249249963e-17
1.774777650833129883e+00 1.737756595081806337e-15 3.408163456475275517e-17
1.776309490203857422e+00 1.773230970187526876e-15 2.051882886239236582e-17
1.777848243713378906e+00 1.722570988403431241e-15 2.113240993408827537e-17
1.779382109642028809e+00 1.823322063468422842e-15 2.843506478417182320e-17
1.780920028686523438e+00 1.775827443808216527e-15 3.574802299596533154e-17
1.782455921173095703e+00 1.794798017211397465e-15 5.548264989607169990e-17
1.783998608589172363e+00 1.894992697509161397e-15 5.199562701046255898e-17
1.785544276237487793e+00 1.920781674379502639e-15 2.975897728073029463e-17
1.787091255187988281e+00 1.945677878523437848e-15 4.153933945757569272e-17
1.788638234138488770e+00 1.862053703772809793e-15 2.445288496644353949e-17
1.790187597274780273e+00 2.001275427115315614e-15 6.440040467066708617e-17
1.791738867759704590e+00 1.948469910875824836e-15 7.164270842325876510e-17
1.793288588523864746e+00 1.896793066038550413e-15 4.176068306332753229e-17
1.794836997985839844e+00 1.939168218565551736e-15 6.393876509696859206e-17
1.796388268470764160e+00 1.959835187203846224e-15 6.325867043221729356e-17
1.797946214675903320e+00 1.975076486298503291e-15 1.049912293547180229e-16
1.799503087997436523e+00 2.060541051885278127e-15 6.698967189386017510e-17
1.801061391830444336e+00 1.837499700939565321e-15 1.316845197753716370e-16
1.802622795104980469e+00 2.192622075724193383e-15 1.817322687921698243e-16
1.804184794425964355e+00 1.929359788794583752e-15 1.588856593874634075e-16
1.805747509002685547e+00 1.914236015521358220e-15 1.173818920049499452e-16
1.807306408882141113e+00 2.024450672068666898e-15 1.024686792110110110e-16
1.808870553970336914e+00 1.894607085759923877e-15 1.041893141467948149e-16
1.810437083244323730e+00 2.016548489945494717e-15 1.361292986963089763e-16
1.812005519866943359e+00 1.862510466289616674e-15 1.140924263193980690e-16
1.813574075698852539e+00 2.013572439685316733e-15 1.578469058265540167e-16
1.815142631530761719e+00 2.112329705071590118e-15 2.295279292557862380e-16
1.816717624664306641e+00 2.313664989710964223e-15 2.318297412899497992e-16
1.818291187286376953e+00 1.977456648880287875e-15 1.548386683143803690e-16
1.819863796234130859e+00 2.214293201921457843e-15 1.554417557728254309e-16
1.821438074111938477e+00 2.232825859290908307e-15 1.786322340843374918e-16
1.823015332221984863e+00 2.204067396665730302e-15 1.702619471437991018e-16
1.824593305587768555e+00 2.008848748696716313e-15 1.992542173321988955e-16
1.826174497604370117e+00 2.547165503489373130e-15 4.266441692546662752e-16
1.827753782272338867e+00 2.822162584870243837e-15 4.003708748269527856e-16
1.829338073730468750e+00 1.979161302686637154e-15 2.913770574544335707e-16
1.830920100212097168e+00 1.339500761524147539e-15 6.740488612111525304e-16
1.832505583763122559e+00 3.892435300538151302e-15 1.362047296272399319e-15
1.834092140197753906e+00 2.139904439152980238e-15 1.897760589422551637e-15
1.835679531097412109e+00 1.186394241176188732e-14 4.232723587317514802e-15
1.837268471717834473e+00 1.179918843701019057e-14 4.379016341703699522e-15
1.838859081268310547e+00 5.945019324916922532e-15 4.906941484541203768e-15
1.840450286865234375e+00 5.922500106981219703e-15 5.583216824793773431e-15
1.842043995857238770e+00 -1.246161330626749473e-15 1.969397130387163207e-15
1.843637347221374512e+00 6.085006766043746240e-15 2.868214072146565638e-15
1.845234036445617676e+00 7.439763967376483017e-15 1.736646981920903204e-15
1.846829891204833984e+00 4.668109533634539482e-15 1.927117480824964806e-15
1.848428487777709961e+00 3.889081050067024273e-15 2.265095061724218574e-15
1.850027918815612793e+00 2.403430788603896397e-15 2.700798433638226803e-15
1.851627469062805176e+00 2.509047538555271920e-15 3.225690986766323841e-15
1.853231310844421387e+00 5.975472276953082765e-15 2.208815439851564283e-15
1.854833722114562988e+00 -3.264627185527472705e-15 5.248770100735149213e-15
1.856437563896179199e+00 -5.547123903878320439e-15 7.526087636130010528e-15
1.858043313026428223e+00 -8.281385538768130852e-16 1.652534598555301451e-15
1.859652757644653320e+00 2.921584347603638221e-15 1.596242377067556752e-15
1.861258268356323242e+00 2.175726944800022294e-15 1.593946070747550344e-15
1.862869977951049805e+00 4.399265511340760826e-15 7.053476285847053856e-16
1.864479184150695801e+00 2.133173703595860754e-15 1.513285664279365086e-15
1.866091489791870117e+00 4.012237523015431406e-15 7.431706142949252858e-16
1.867705464363098145e+00 1.903705066646382317e-15 1.173181395407792583e-15
1.869318366050720215e+00 2.306056304504015657e-15 8.685557368066768903e-16
1.870936989784240723e+00 6.703979903898088857e-15 3.698022604418449780e-15
1.872551560401916504e+00 1.515827631329898922e-14 1.143325495720328225e-14
1.874171257019042969e+00 5.243875520849440239e-15 3.975342885415402219e-15
1.875789999961853027e+00 2.700382540461124942e-15 3.692805728496310544e-15
1.877411484718322754e+00 2.655329493271379147e-15 1.558684406790709041e-15
1.879032135009765625e+00 2.760060246759926672e-15 8.351110114612552652e-16
1.880656599998474121e+00 5.147096077395005645e-15 1.204449087260093046e-15
1.882279634475708008e+00 1.632469023309557517e-15 3.326211562990543866e-16
1.883906364440917969e+00 1.824139873778996869e-15 3.760056279920480143e-16
1.885532736778259277e+00 2.203808204583870486e-15 8.290710312726216630e-16
1.887160301208496094e+00 3.304855321291421191e-15 6.867850074247458005e-16
1.888789057731628418e+00 2.162909006967459781e-15 1.324787984518797554e-16
1.890420913696289062e+00 2.178739417476932214e-15 6.415160197730093630e-16
1.892051339149475098e+00 1.788823893834412884e-15 5.633586486035197655e-16
1.893683433532714844e+00 2.228492862249228934e-15 4.961195850636973027e-16
1.895318269729614258e+00 2.037405405722210981e-15 4.040336305793375922e-16
1.896953225135803223e+00 2.112951215496637961e-15 1.084494716489662388e-15
1.898588776588439941e+00 8.309433976025272939e-16 7.578579538420780401e-16
1.900226593017578125e+00 4.214761830154513736e-15 1.007271040325843046e-15
1.901864886283874512e+00 3.509906327712163099e-15 8.751544411031431103e-16
1.903505086898803711e+00 5.743213301717111849e-15 3.318892351293319457e-15
1.905145406723022461e+00 8.158328274553670878e-15 5.446353664692897209e-15
1.906787633895874023e+00 -5.467778198423392261e-16 1.118943122938021156e-15
1.908431291580200195e+00 7.012936865474989415e-15 2.939073460382071387e-15
1.910074591636657715e+00 1.971287284408961178e-15 3.236614323654115298e-15
1.911720871925354004e+00 3.761735152161497370e-15 1.745583814789146513e-15
1.913366913795471191e+00 3.463466899345998828e-16 1.115457476480951303e-15
1.915014386177062988e+00 1.896034336276047373e-15 6.871429847240791491e-16
1.916664600372314453e+00 3.159307744140583442e-15 6.709792667498621493e-16
1.918317914009094238e+00 2.250441391736719178e-15 3.706830053003999995e-16
1.919963002204895020e+00 1.286648870230794588e-15 2.188207763519577596e-15
1.921616196632385254e+00 1.644829986867076335e-15 4.985765629458860110e-16
1.923269510269165039e+00 2.045422360809736120e-15 3.684667700636887243e-16
1.924923539161682129e+00 1.664505926957083291e-15 1.879883350265818790e-16
1.926580429077148438e+00 1.849146827480785578e-15 3.592112675188205862e-16
1.928236484527587891e+00 1.129484765603956144e-15 3.163419242066555816e-16
1.929893970489501953e+00 1.726079292991840146e-15 4.661148722753122049e-16
1.931553244590759277e+00 2.129481275220542445e-15 2.175398984230757270e-16
1.933212399482727051e+00 1.649004482868500748e-15 1.034791696647506900e-16
1.934873223304748535e+00 1.641893641276300896e-15 1.962982311649589975e-16
1.936536192893981934e+00 1.763524078491111001e-15 1.715954284656835867e-16
1.938199758529663086e+00 1.300593785399678948e-15 1.171157516059446839e-16
1.939862608909606934e+00 1.274560333644936434e-15 1.230056216744570630e-16
1.941529154777526855e+00 1.120738938665318679e-15 8.556147144989664863e-17
1.943194270133972168e+00 1.464036521748039894e-15 8.672782920082091978e-17
1.944861412048339844e+00 1.238675888713626407e-15 8.203435346563583736e-17
1.946529626846313477e+00 1.271029582683425290e-15 8.291122447194615051e-17
1.948197960853576660e+00 1.316294493989103066e-15 4.992961108171336388e-17
1.949869394302368164e+00 1.342006602619480980e-15 1.628975250630149943e-16
1.951540589332580566e+00 1.377189916028701260e-15 1.590002602982489542e-16
1.953213930130004883e+00 1.399324369248113823e-15 1.370462250966015573e-16
1.954886317253112793e+00 1.109164656957562292e-15 5.654007788649008793e-17
1.956562876701354980e+00 1.310797356040541064e-15 6.075780565544897181e-17
1.958237051963806152e+00 1.257274826411199520e-15 2.016311506008720725e-16
1.959913730621337891e+00 1.041845972320697925e-15 1.376508345673737167e-16
1.961591482162475586e+00 1.056436644232745282e-15 1.419054413567626648e-16
1.963269948959350586e+00 1.018348431330916379e-15 9.382175660385528681e-17
1.964949011802673340e+00 9.874147880971893311e-16 1.072840085765925050e-16
1.966630339622497559e+00 1.059600841686332128e-15 1.089339030263907740e-16
1.968312263488769531e+00 9.971275031451175795e-16 5.845234740914527689e-17
1.969993948936462402e+00 9.591973677670700103e-16 5.225576538694313555e-17
1.971677064895629883e+00 1.072191986447267303e-15 3.701030722816615220e-17
1.973362207412719727e+00 9.845665339329283394e-16 7.415006491347440301e-17
1.975049853324890137e+00 9.398345122301919249e-16 9.574294644223624762e-17
1.976735234260559082e+00 9.241285096848474677e-16 1.433845792583503872e-17
1.978423714637756348e+00 8.980254953493116941e-16 7.500550201575224211e-17
1.980112791061401367e+00 8.911922688055744397e-16 4.745352863609713083e-17
1.981803774833679199e+00 9.514567571785865867e-16 1.900218162874781384e-17
1.983507513999938965e+00 9.332890651302843191e-16 1.668079022948512250e-17
1.985191226005554199e+00 9.134206368030138232e-16 1.285353174519291526e-16
1.986876368522644043e+00 9.027518333158722832e-16 9.303228880978977678e-17
1.988568067550659180e+00 9.555819135108334361e-16 3.857174629198045063e-17
1.990263581275939941e+00 9.321281005969538937e-16 2.845843759956012155e-17
1.991957187652587891e+00 9.897964329866316101e-16 2.486614274611380701e-17
1.993652224540710449e+00 9.908769293899728769e-16 3.973954995461546446e-17
1.995347380638122559e+00 9.127019293472685493e-16 3.817773369644184185e-17
1.997046232223510742e+00 9.737847574264467572e-16 2.620082017116404354e-17
1.998741388320922852e+00 8.593288480935581865e-16 8.968285583855025627e-17
2.000446557998657227e+00 9.311366485321927351e-16 6.037406664311827163e-17
2.002147674560546875e+00 1.143378117642176398e-15 1.523824977604695124e-16
2.003851175308227539e+00 1.020718958912925946e-15 1.106922573981069960e-16
2.005554199218750000e+00 1.052206138177683679e-15 8.838748438184731450e-17
2.007257699966430664e+00 9.230181553701154867e-16 1.372612523511959419e-16
2.008960962295532227e+00 9.646589303318473321e-16 6.926123558738389715e-17
2.010665655136108398e+00 9.836755611515352223e-16 6.363047157394762844e-17
2.012370824813842773e+00 9.836061044498603696e-16 4.602721779714949500e-17
2.014077186584472656e+00 9.965433680488673326e-16 1.413014936304805478e-16
2.015786409378051758e+00 9.894377145334694139e-16 4.706646104898151728e-17
2.017495155334472656e+00 1.064068516966624935e-15 3.177906152442564521e-17
2.019204616546630859e+00 8.153099222532914862e-16 6.571953937200745131e-17
2.020913600921630859e+00 7.891906025335210673e-16 1.482539268266540441e-16
2.022624254226684570e+00 8.499219648791479439e-16 2.011670294853359193e-16
2.024337768554687500e+00 9.766915627431867024e-16 6.799391547961385366e-17
2.026049375534057617e+00 7.833725979166272953e-16 2.856256640379074689e-17
2.027763128280639648e+00 8.773091341022804402e-16 2.619805242483444111e-17
2.029480218887329102e+00 8.748466505059345789e-16 1.607261395591163443e-17
2.031192064285278320e+00 8.793456660052757952e-16 2.519329267837852945e-17
2.032908916473388672e+00 8.174527038516080524e-16 2.690739454168438957e-17
2.034628152847290039e+00 8.558689832018203866e-16 4.064680826790852564e-17
2.036346197128295898e+00 8.190354378531119160e-16 1.826304446623370532e-17
2.038065671920776367e+00 8.623238507159309858e-16 4.128027641589143508e-17
2.039786815643310547e+00 8.618509416335670692e-16 5.223856003020203257e-17
2.041507005691528320e+00 7.915507539619267684e-16 4.401865121630333278e-17
2.043229579925537109e+00 7.443146911088698286e-16 4.874513476665173122e-17
2.044952392578125000e+00 8.055583495689079467e-16 4.567566934553690845e-17
2.046676397323608398e+00 7.524573247099438245e-16 3.298429014669500823e-17
2.048397541046142578e+00 8.358673589435941520e-16 4.066012256704817918e-17
2.050118684768676758e+00 7.772531025100701957e-16 2.670053486845835351e-17
2.051845312118530273e+00 8.839126558986341690e-16 3.590328148821908462e-17
2.053572416305541992e+00 8.866220495991046589e-16 4.130954537468601142e-17
2.055300951004028320e+00 8.026106219729037781e-16 7.241485174657496453e-17
2.057028770446777344e+00 8.289939512744215217e-16 5.665126419570701570e-17
2.058757305145263672e+00 7.338684455286193561e-16 3.065982990735974516e-17
2.060488224029541016e+00 8.160590170160195080e-16 4.930147990304264657e-17
2.062218666076660156e+00 7.600798271418444767e-16 2.330959562844214718e-17
2.063947916030883789e+00 8.439078191954055980e-16 4.851500650279457849e-17
2.065677881240844727e+00 7.372172432251484359e-16 4.114226960249308795e-17
2.067408561706542969e+00 8.154385124425965296e-16 3.997951174159464758e-17
2.069142580032348633e+00 7.810878853600864303e-16 5.772123224421170764e-17
2.070877790451049805e+00 7.332819810917641599e-16 3.572944121068494033e-17
2.072612047195434570e+00 7.965914470310371098e-16 4.178587567606344730e-17
2.074347734451293945e+00 7.482388359348213919e-16 3.060390918922871028e-17
2.076083183288574219e+00 7.246425626671255168e-16 3.571412513446290847e-17
2.077831268310546875e+00 7.304058807193621831e-16 2.010946710340722306e-17
2.079559087753295898e+00 7.459307770326718302e-16 6.681338977915777426e-17
2.081295490264892578e+00 7.435227682427462612e-16 2.897752982988409875e-17
2.083021879196166992e+00 7.360168387202114821e-16 9.146627709154928521e-17
2.084772825241088867e+00 7.403346950479586849e-16 4.459455090237500171e-17
2.086514949798583984e+00 8.011769128305574680e-16 4.310990066918522594e-17
2.088255643844604492e+00 8.608147027017198395e-16 3.773621115524063738e-17
2.089997768402099609e+00 7.150111098425744778e-16 1.736232253414103817e-17
2.091741561889648438e+00 7.635594384891651425e-16 2.954983955209728754e-17
2.093484401702880859e+00 8.411190161561300175e-16 3.676077992458340587e-17
2.095227956771850586e+00 7.614412737858781543e-16 2.753072476407984910e-17
2.096972227096557617e+00 7.891675208857083876e-16 3.006709544146139701e-17
2.098717451095581055e+00 6.835181072263043708e-16 3.428871095929928012e-17
2.100461959838867188e+00 7.047297180496833735e-16 1.990742327570747073e-17
2.102207899093627930e+00 7.704965324480594555e-16 1.398926693896822830e-17
2.103955030441284180e+00 7.627089115310034181e-16 3.098668205460394852e-17
2.105703115463256836e+00 6.996536084154659618e-16 3.643395424711880421e-17
2.107452630996704102e+00 7.485419678508200246e-16 1.849052740649191346e-17
2.109202146530151367e+00 7.824402793394963276e-16 6.970516191544518073e-18
2.110950946807861328e+00 7.243145491583012890e-16 3.480593376143888747e-17
2.112702131271362305e+00 7.810809502778307857e-16 5.001048949328634871e-17
2.114453315734863281e+00 6.984506628116872451e-16 1.795211223705869754e-17
2.116204977035522461e+00 7.391997767777563292e-16 1.213447571553751157e-17
2.117956876754760742e+00 8.037642808470641352e-16 2.543183998651024689e-17
2.119709253311157227e+00 7.682580361267031532e-16 4.710447826993445443e-17
2.121463775634765625e+00 7.812399807136777806e-16 5.000734620695864721e-17
2.123218297958374023e+00 8.162344587152195550e-16 4.517096013170400330e-17
2.124972581863403320e+00 7.783891325110158226e-16 2.681816822336951958e-17
2.126728534698486328e+00 8.159500144636197203e-16 4.242088568870815558e-17
2.128484249114990234e+00 7.220492124804288661e-16 2.900423122005731048e-17
2.130241632461547852e+00 8.659730804109393252e-16 2.267661220829819381e-17
2.131998062133789062e+00 8.238347794718139851e-16 1.595197628101567577e-17
2.133755683898925781e+00 8.292049154178470459e-16 4.189084489579642651e-17
2.135514974594116211e+00 8.170497279269518191e-16 2.615905747639746628e-17
2.137273311614990234e+00 8.354060436246957787e-16 4.408575707067730970e-18
2.139032602310180664e+00 8.079294594860687503e-16 2.360162016317541786e-17
2.140788316726684570e+00 8.891616131936506615e-16 2.996830691526541403e-17
2.142552852630615234e+00 8.981079751825505816e-16 4.174871872294756529e-17
2.144311904907226562e+00 8.372273762195293380e-16 2.701687355011700789e-17
2.146058797836303711e+00 8.486308219697363733e-16 6.816631315415970548e-17
2.147821664810180664e+00 9.211948110720321985e-16 6.154729330184918312e-17
2.149600267410278320e+00 8.894208052755104774e-16 4.057398328677935709e-17
2.151364564895629883e+00 8.776012016504055636e-16 2.435607174755033313e-17
2.153129816055297852e+00 9.415119551031106600e-16 3.096564519726549992e-17
2.154895067214965820e+00 9.552796286277820577e-16 5.698977958958821675e-17
2.156660318374633789e+00 8.175180312676650404e-16 2.609344385584853502e-17
2.158427000045776367e+00 8.872758002157073685e-16 2.299669636377048830e-17
2.160191297531127930e+00 7.972509151200337860e-16 3.828341098277916645e-17
2.161958456039428711e+00 7.921610941399826952e-16 3.122404649445971513e-17
2.163723945617675781e+00 7.420616364087325931e-16 3.293002048106662919e-17
2.165492296218872070e+00 7.748643107801354585e-16 1.680204994420172104e-17
2.167259454727172852e+00 8.266566697355916867e-16 2.502130693977772905e-17
2.169028997421264648e+00 8.229655119096942594e-16 2.130320949569067474e-17
2.170798063278198242e+00 7.801633488981583615e-16 2.796986171639445065e-17
2.172567129135131836e+00 7.809446838524412501e-16 2.799225845865993643e-17
2.174337387084960938e+00 7.961281200088890075e-16 3.003820698574859508e-17
2.176107406616210938e+00 7.560040634183343936e-16 1.900135610249648592e-17
2.177879333496093750e+00 8.104394298670200558e-16 3.797353589042700144e-17
2.179651021957397461e+00 7.148774903951451119e-16 2.757580279874153890e-17
2.181422948837280273e+00 6.760303359725763558e-16 5.340212191065587448e-17
2.183196067810058594e+00 7.307127184045050534e-16 5.961722946985675343e-17
2.184969902038574219e+00 7.311786394650541220e-16 5.269610340550716409e-17
2.186743021011352539e+00 7.676705128986638892e-16 5.035415656802253001e-17
2.188515663146972656e+00 7.598237055544184576e-16 4.866424973763384596e-17
2.190289735794067383e+00 6.215992576281861685e-16 7.112577347997232620e-17
2.192030668258666992e+00 6.917869487365192575e-16 4.666553984096686561e-17
2.193840265274047852e+00 7.394730507823642478e-16 3.306328589519382237e-17
2.195615768432617188e+00 7.587224039043102570e-16 5.282564319815541843e-17
2.197392463684082031e+00 7.950654642369992843e-16 5.322812612316657021e-17
2.199169397354125977e+00 6.822051002789417985e-16 4.000970052523038288e-17
2.200945854187011719e+00 8.033683988233411566e-16 2.953041735131454245e-17
2.202721357345581055e+00 6.914622704199248435e-16 1.008347460383125652e-16
2.204486131668090820e+00 6.997385234684282054e-16 4.987401792710489999e-17
2.206278085708618164e+00 7.721042539215073209e-16 5.986998939527335699e-17
2.208056688308715820e+00 7.625373873591844223e-16 4.405941136816749577e-17
2.209836006164550781e+00 1.048481416671251300e-15 6.804498891935532780e-17
2.211615800857543945e+00 7.114341426458787709e-16 2.193681330129404288e-17
2.213395118713378906e+00 7.974327625058974436e-16 7.741609160918897664e-17
2.215176105499267578e+00 7.788915818674152329e-16 1.488740641318850490e-17
2.216956615447998047e+00 8.654575020438574733e-16 5.340974520718116318e-17
2.218737840652465820e+00 7.931494227707508535e-16 4.874009889108250838e-17
2.220517396926879883e+00 7.500483100683933910e-16 6.710026925048096511e-17
2.222298860549926758e+00 7.466980300642066162e-16 2.864623406838926053e-17
2.224082231521606445e+00 7.815094960095822583e-16 2.885788311736197861e-17
2.225863218307495117e+00 8.371890479786660809e-16 2.633567377206733854e-17
2.227653503417968750e+00 6.870880864011852298e-16 4.989333094004678808e-17
2.229429006576538086e+00 7.947667792439737366e-16 1.054683603669284101e-16
2.231212139129638672e+00 6.852739006468441287e-16 3.647216668269630388e-17
2.233000516891479492e+00 7.388325350555623866e-16 4.654947647485832519e-17
2.234780311584472656e+00 7.615149656522892784e-16 5.692216253759568205e-17
2.236564397811889648e+00 8.515880786863971527e-16 1.120285776038537628e-16
2.238348484039306641e+00 5.227491891946292341e-16 1.685967465439461516e-16
2.240133523941040039e+00 7.796928220959585976e-16 3.326397314668898774e-17
2.241918325424194336e+00 8.844981144838645008e-16 3.410436217926326216e-17
2.243702888488769531e+00 7.948266009458735716e-16 5.919976134086859100e-17
2.245489358901977539e+00 8.186022863797097482e-16 4.947422830216822087e-17
2.247275590896606445e+00 8.143895680165404855e-16 3.028352890309712181e-17
2.249061107635498047e+00 8.158889751518582072e-16 4.852931341866929566e-17
2.250862121582031250e+00 8.406183667447435226e-16 5.191367988153815563e-17
2.252635240554809570e+00 8.356776765029683921e-16 2.302768254951672471e-17
2.254422426223754883e+00 7.291423722598547839e-16 6.642190835629357775e-17
2.256209373474121094e+00 7.859860121962620322e-16 5.259678879244159737e-17
2.257997274398803711e+00 7.638071426866778219e-16 6.246236681756964530e-17
2.259785175323486328e+00 8.021841938235204413e-16 3.039275313990107380e-17
2.261572599411010742e+00 8.532904031521414828e-16 7.839111917570728227e-17
2.263326168060302734e+00 6.144862984536181814e-16 1.059550734393546116e-16
2.265131950378417969e+00 8.130152570596203832e-16 4.809534138209947522e-17
2.266936540603637695e+00 6.363701887393210816e-16 1.056631977971316005e-16
2.268727064132690430e+00 8.269884948926785589e-16 3.542146201629674685e-17
2.270516633987426758e+00 8.207377623188562461e-16 5.720637517862400194e-17
2.272305965423583984e+00 8.059264383240491436e-16 4.762316021867460533e-17
2.274095773696899414e+00 7.006919119901221238e-16 5.445915285438023706e-17
2.275885343551635742e+00 8.486524213098913579e-16 1.214844034407475430e-16
2.277675867080688477e+00 6.698860119127528646e-16 4.062624455788045737e-17
2.279465675354003906e+00 6.123353641631842925e-16 3.384488885599517822e-17
2.281255483627319336e+00 8.049497034567465285e-16 7.451829263495850881e-17
2.283046722412109375e+00 7.839781205947957132e-16 2.933108998474641426e-17
2.284837245941162109e+00 7.372955408332102552e-16 2.875627555963841491e-17
2.286630630493164062e+00 7.166663710401869909e-16 5.961960513257600573e-17
2.288420200347900391e+00 6.238539534546587093e-16 2.078764965745454399e-16
2.290210008621215820e+00 6.872915860667630755e-16 3.312158558476655976e-17
2.292001247406005859e+00 7.469453636848048719e-16 3.429016348845492323e-17
2.293792247772216797e+00 6.463429429020564002e-16 1.235842510565501569e-16
2.295584440231323242e+00 7.270915466758745126e-16 1.180319765570778199e-16
2.297375679016113281e+00 7.321422982612334988e-16 4.937273324100796437e-17
2.299167871475219727e+00 7.042932843236105953e-16 8.260232214399434785e-18
2.300959587097167969e+00 5.659368580762842455e-16 1.067997373413345601e-16
2.302751064300537109e+00 6.629905813869516225e-16 3.664778043546376186e-17
2.304582118988037109e+00 7.130440875808131788e-16 8.041222581463974839e-17
2.306335210800170898e+00 4.875076422702852210e-16 1.480049785495000849e-16
2.308127880096435547e+00 5.470124479687286673e-16 9.115984968799024121e-17
2.309909343719482422e+00 5.437727057641585787e-16 1.406243172589303364e-16
2.311712503433227539e+00 2.823712972801074427e-16 9.810708818991690453e-17
2.313504457473754883e+00 5.592452977929752728e-16 1.425213534234247487e-16
2.315296649932861328e+00 6.124536311384446742e-16 7.365378301572218810e-17
2.317089319229125977e+00 6.106335690930319963e-16 4.907954403597221903e-17
2.318881750106811523e+00 5.193765686964586271e-16 3.224817881086161869e-17
2.320674657821655273e+00 6.690808012172692453e-16 6.193816591978254060e-17
2.322467803955078125e+00 6.335752976507371109e-16 3.213743587045301935e-17
2.324259996414184570e+00 5.495785342824355702e-16 9.607666418856464110e-17
2.326052904129028320e+00 5.592836789733977333e-16 8.217146030652772680e-17
2.327845096588134766e+00 6.531277297491225493e-16 1.554445086299040073e-16
2.329645872116088867e+00 6.236872997222864257e-16 9.116603699897213786e-17
2.331433296203613281e+00 7.320563244170871873e-16 1.507542357380507302e-16
2.333222866058349609e+00 6.359342314692811339e-16 6.608565612856832179e-17
2.335015058517456055e+00 5.013055972228209600e-16 7.980560464061786001e-17
2.336807727813720703e+00 5.863724279013006989e-16 1.994829426977371583e-16
2.338599443435668945e+00 4.758697801519255581e-16 7.029658778161446998e-17
2.340392351150512695e+00 6.749457102836172243e-16 7.080250467914170256e-17
2.342184782028198242e+00 4.990476720832370122e-16 1.701941845080187578e-16
2.343978166580200195e+00 1.344142687363558317e-16 1.720034071786845408e-16
2.345807552337646484e+00 5.484942791703908624e-16 7.066869332581022438e-17
2.347599744796752930e+00 5.985042161070280257e-16 1.241790667088696885e-16
2.349353551864624023e+00 4.838757767506955947e-16 5.884419279147899673e-17
2.351145744323730469e+00 7.021272093192445357e-16 6.628288907382546571e-17
2.352937936782836914e+00 5.472494054357230579e-16 4.730701509727928836e-17
2.354729652404785156e+00 5.169514604289103619e-16 6.743709057846765755e-17
2.356521606445312500e+00 7.467341348435833307e-16 1.328216747419503361e-16
2.358312845230102539e+00 6.021266054455202445e-16 7.184892124124578469e-17
2.360103845596313477e+00 7.672623488972057232e-16 6.913979885601621227e-17
2.361895084381103516e+00 4.977498058498066105e-16 1.941827928489709841e-16
2.363685369491577148e+00 7.690833638546840621e-16 2.101431435065081467e-16
2.365476608276367188e+00 6.881999230235749058e-16 1.070424784551719214e-16
2.367266654968261719e+00 7.607298190497437454e-16 8.402629040744723351e-17
2.369057655334472656e+00 7.360383851208072634e-16 9.604003663104079304e-17
2.370851755142211914e+00 5.498911423795316104e-16 1.340145485945906071e-16
2.372650146484375000e+00 3.373443708316219754e-16 1.169883790265013185e-16
2.374428033828735352e+00 5.167370022745774137e-16 1.314540738741592639e-16
2.376217842102050781e+00 9.766162826899994764e-16 2.939668342208839923e-16
2.378007173538208008e+00 4.248834259853410001e-16 1.328853610316720188e-16
2.379795551300048828e+00 4.785370869028293499e-16 9.930759857397226508e-17
2.381584882736206055e+00 6.555668140603005106e-16 8.935579524179168955e-17
2.383373737335205078e+00 7.062211842511205862e-16 2.799380098506622531e-16
2.385162115097045898e+00 4.704631688496013590e-16 1.455853230565497692e-16
2.386950016021728516e+00 4.939498572297462090e-16 9.129403823568104357e-17
2.388738155364990234e+00 5.107258741457096612e-16 1.476359898218524303e-16
2.390517473220825195e+00 6.889294301493976719e-16 2.177041831101736587e-16
2.392292976379394531e+00 3.562691250463123757e-16 1.711494259142847950e-16
2.394099712371826172e+00 4.262085560917611496e-16 9.751996862601656634e-17
2.395886182785034180e+00 5.223249315671732364e-16 8.266981346453377449e-17
2.397657394409179688e+00 3.024665451487848792e-16 8.591538563806113684e-17
2.399449348449707031e+00 4.557891700713678600e-16 1.102421983529842443e-16
2.401243209838867188e+00 6.080820411581060268e-16 1.115642976696399995e-16
2.403031110763549805e+00 4.103189856248789244e-16 1.114975541203743208e-16
2.404809713363647461e+00 4.080715689877968504e-16 1.278933855919186006e-16
2.406594038009643555e+00 6.571348308643458307e-16 6.366243383281667743e-17
2.408364772796630859e+00 5.835439201926225731e-16 1.008853761092457109e-16
2.410161733627319336e+00 7.493776717324047987e-16 8.073906141827170068e-17
2.411944627761840820e+00 8.749648645416357572e-16 1.505299043559263491e-16
2.413729667663574219e+00 6.886706615840114832e-16 2.170144732979820438e-16
2.415511846542358398e+00 1.691010434909617603e-15 4.340264319669019264e-16
2.417294025421142578e+00 1.882209382148317903e-16 2.343901895406015406e-16
2.419075489044189453e+00 1.101204876593976818e-15 2.901219399150599095e-16
2.420855760574340820e+00 1.036390444865669790e-15 3.221899720233972796e-16
2.422637224197387695e+00 7.432005251458752033e-16 1.636905596598818330e-16
2.424416780471801758e+00 1.373576791113069635e-15 1.894168560921262565e-16
2.426195859909057617e+00 9.536133030622960353e-16 1.673809498621708111e-16
2.427974224090576172e+00 6.893725871994892812e-16 1.563787330311662972e-16
2.429751157760620117e+00 8.029677522392898725e-16 1.490572846375655446e-16
2.431527853012084961e+00 7.757846120773272559e-16 1.125589790475125650e-16
2.433305025100708008e+00 1.019881243328091443e-15 1.309353058986354075e-16
2.435082197189331055e+00 1.259386056032230864e-15 1.552610201177050445e-16
2.436858415603637695e+00 1.268771710483400546e-15 3.787280712938621407e-16
2.438633918762207031e+00 8.918823888993498809e-16 3.545288693863988139e-16
2.440408945083618164e+00 9.023285286004819467e-16 2.261560499114444785e-16
2.442181825637817383e+00 5.755318884841033496e-16 1.864281268075190594e-16
2.443953514099121094e+00 1.403255766793676251e-15 2.768097054182153084e-16
2.445724487304687500e+00 1.183152667262870206e-15 1.972864803863883507e-16
2.447492361068725586e+00 1.323819852329865491e-15 5.845079495657163737e-16
2.449269771575927734e+00 1.406677144625873184e-15 3.644074705430908967e-16
2.451040744781494141e+00 7.618680725121759149e-16 4.985571341276583655e-16
2.452811241149902344e+00 9.919560493647748556e-16 6.111152132026644729e-16
2.454580307006835938e+00 1.290695040740709974e-15 7.726592193206364978e-16
2.456348896026611328e+00 1.510898196038410433e-15 4.960522459443905859e-16
2.458115577697753906e+00 3.088504207140037273e-16 5.450613075747283865e-16
2.459880828857421875e+00 1.512505229297588655e-15 5.436743440631586731e-16
2.461647033691406250e+00 7.155927038399829618e-16 5.179255483182528073e-16
2.463411808013916016e+00 1.787793398844739223e-16 4.654035763578554061e-16
2.465175867080688477e+00 9.746921414711929264e-16 5.326150583873329007e-16
2.466981172561645508e+00 8.986415000602023841e-16 1.261494003400591597e-15
2.468706846237182617e+00 1.017093340261322320e-15 9.842452966876821460e-16
2.470455169677734375e+00 7.240943205920151709e-16 9.301762190491247653e-16
2.472226142883300781e+00 -4.112099848760516433e-16 4.243158080315622121e-16
2.473983764648437500e+00 1.810282917687728948e-16 1.110810230215840584e-15
2.475742816925048828e+00 1.906461920661678649e-16 7.078989977009537450e-16
2.477500677108764648e+00 -1.247792186687569221e-15 3.975770954691120861e-16
2.479257583618164062e+00 1.113477219329389156e-15 9.946498258952803442e-16
2.480999708175659180e+00 6.364019921795125204e-17 5.228137225172981711e-16
2.482754230499267578e+00 -4.232880394291875254e-16 7.926039335527190841e-16
2.484508752822875977e+00 1.422169271352035930e-15 1.109313311239805422e-15
2.486274957656860352e+00 2.942298114812268509e-15 2.475314451430869409e-15
2.488027572631835938e+00 4.821297136211374207e-15 1.360111720108804836e-15
2.489778041839599609e+00 7.843181196198235894e-15 1.975592541121617973e-15
2.491527795791625977e+00 4.520314566316399260e-15 4.512556591552497123e-15
2.493271827697753906e+00 3.157286723528434681e-15 1.399596690340656081e-15
2.495024204254150391e+00 3.875742398730137178e-15 5.939966243990958596e-16
2.496770858764648438e+00 4.029609321730669852e-15 1.111628993438480272e-15
2.498516559600830078e+00 8.400850748011522151e-15 1.889340234893896638e-15
2.500259637832641602e+00 6.410522798222994742e-15 1.832828737751931482e-15
2.502002000808715820e+00 1.051066328292210930e-14 2.147754740508133094e-15
2.503743648529052734e+00 9.385297003265940380e-15 3.667287166894380238e-15
2.505471944808959961e+00 1.191664818987183891e-14 5.389483872614243484e-15
2.507219076156616211e+00 1.514911819307327573e-14 4.634226945194946587e-15
2.508961200714111328e+00 7.422805520739504670e-15 4.737150342132290248e-15
2.510696411132812500e+00 1.553741673081948660e-14 7.846236444038982155e-15
2.512435436248779297e+00 8.175916066670459170e-15 4.593937399542322164e-15
2.514171838760375977e+00 1.027792912220272872e-14 1.225167259040049056e-14
2.515898227691650391e+00 1.677169450683361346e-14 5.580011652121363158e-15
2.517628192901611328e+00 2.288270518435806672e-14 1.419696845706471672e-14
2.519364356994628906e+00 9.118109777416991135e-15 9.079179296128236237e-15
2.521088600158691406e+00 3.856870674071900817e-14 4.289425666872612175e-14
2.522813320159912109e+00 1.563607743444977299e-14 9.884504341059734828e-15
2.524537563323974609e+00 2.237930842160715250e-14 7.750237117928968772e-15
2.526262044906616211e+00 3.095824445864710228e-14 9.238520593066873454e-15
2.527984142303466797e+00 5.603999455781015493e-14 1.823770525062346631e-14
2.529704332351684570e+00 5.394646792537642621e-14 3.382086006652879062e-14
2.531423568725585938e+00 3.087376139248795837e-14 1.733056345730021180e-14
2.533151865005493164e+00 6.495762180100742023e-14 4.852798122113172186e-14
2.534867763519287109e+00 4.924318534860715191e-14 4.428462737032616559e-14
2.536569833755493164e+00 6.197110560173316185e-14 4.845360834023100527e-14
2.538283824920654297e+00 1.278108207377476324e-13 1.818132910934647239e-13
2.539994001388549805e+00 5.568701221176676486e-14 1.354148455694204056e-13
2.541703462600708008e+00 1.044157368532659669e-13 4.167178754843625654e-13
2.543410301208496094e+00 3.635157089622656490e-14 2.375228648748145543e-13
2.545116186141967773e+00 1.884698790804474611e-14 9.603609411618779790e-14
2.546819686889648438e+00 -6.857596359256118435e-14 1.889566655271027185e-13
2.548522472381591797e+00 -6.168472715039827192e-14 1.599769172385204219e-13
2.550222635269165039e+00 -6.737934998357966720e-14 1.656440962042107778e-13
2.551923274993896484e+00 -6.245328418915535584e-14 1.354042610457115159e-13
2.553616762161254883e+00 -9.091092814531367972e-14 1.685019447106653190e-13
2.555311679840087891e+00 -5.482257104338049414e-14 8.332960379662732175e-14
2.556993961334228516e+00 -7.413639607810676435e-14 8.344110043754029982e-14
2.558694362640380859e+00 -4.307554204822927613e-14 3.724682712323394707e-14
2.560383796691894531e+00 -2.432677099855045516e-14 1.778594361633717424e-14
2.562065839767456055e+00 -1.257410381328913362e-13 4.026472352151172496e-13
2.563766002655029297e+00 -3.331532369855311204e-13 1.629707978810512881e-12
2.565436124801635742e+00 -2.066434317497117812e-13 8.773975469777983704e-13
2.567117214202880859e+00 -1.571226635398940280e-14 1.481799268520083562e-14
2.568794727325439453e+00 -4.327291427746668417e-15 7.989831398488161929e-15
2.570471286773681641e+00 3.781370646428272933e-15 5.244304119520750915e-15
2.572145462036132812e+00 3.949272058331862109e-15 4.295148644980735855e-15
2.573815345764160156e+00 5.979291124995778778e-15 7.253866493475528976e-15
2.575485944747924805e+00 1.906075191887741938e-14 1.854373317226876150e-14
2.577153682708740234e+00 1.815621390483402459e-14 2.583094396474590326e-14
2.578817367553710938e+00 3.941065071402620468e-14 3.083835880342451763e-14
2.580475807189941406e+00 6.096260869297440502e-15 5.855163952289818216e-15
2.582116842269897461e+00 1.326371331560396993e-13 1.289531225941512038e-13
2.583783149719238281e+00 -8.598064751494383096e-14 2.193627224311711643e-13
2.585451126098632812e+00 3.164306043210683705e-14 1.313604444403565497e-13
2.587103843688964844e+00 -9.691245303814193662e-15 nan
