7.983680963516235352e-01 0.000000000000000000e+00 nan
7.987897396087646484e-01 -3.816616110879997997e-16 nan
7.992073893547058105e-01 -2.306627945864293903e-16 8.300566070463112449e-16
7.996211647987365723e-01 3.386388806969988820e-15 6.551670145091964808e-16
8.000310659408569336e-01 3.557918272744904978e-15 4.623146589574557864e-16
8.004371523857116699e-01 4.248012532015454923e-15 3.278444992814709717e-16
8.008396029472351074e-01 4.869333645199586461e-15 9.438923294431320575e-16
8.012382984161376953e-01 3.484873327747246320e-15 3.647913617566543067e-16
8.016333580017089844e-01 5.416195056605907845e-15 7.804419168586866195e-16
8.020248413085937500e-01 3.290403456903605132e-15 6.567030028799237477e-16
8.024128079414367676e-01 4.733912135174937058e-15 4.901700785817423005e-16
8.027973175048828125e-01 3.937668130470951822e-15 6.011492882430663921e-16
8.031783699989318848e-01 4.236064285261485762e-15 1.062133576077740893e-15
8.035560846328735352e-01 2.761662621337894995e-15 1.280107658295623254e-15
8.039305210113525391e-01 3.821321802418469263e-15 5.600972011796762854e-16
8.043016195297241211e-01 4.260149667116661792e-15 1.023917567079994997e-15
8.046694993972778320e-01 2.865593775724234460e-15 1.668692625526904086e-16
8.050342798233032227e-01 4.083048206856470033e-15 9.338560478093526664e-16
8.053958415985107422e-01 3.792501082871668067e-15 4.394359549449823122e-16
8.057544231414794922e-01 4.168609122440995046e-15 8.322916093567601231e-16
8.061099648475646973e-01 3.337079630978526980e-15 5.236890251891670837e-16
8.064624667167663574e-01 3.563988534361402921e-15 3.914834345674462427e-16
8.068120479583740234e-01 4.082866941805757613e-15 4.189323048468302944e-16
8.071587681770324707e-01 4.068329315332032056e-15 5.733037153767917091e-16
8.075026273727416992e-01 3.743327008635293288e-15 5.973373752826260236e-16
8.078436851501464844e-01 3.432681910394514910e-15 6.306743686250687424e-16
8.081820011138916016e-01 2.954788039136006794e-15 2.524178564548108317e-16
8.085175752639770508e-01 3.767624148727282893e-15 5.514287718765941825e-16
8.088505268096923828e-01 2.972889980251778447e-15 7.023084214303977526e-16
8.091807961463928223e-01 4.203246840753065150e-15 3.541510662221437943e-16
8.095085024833679199e-01 3.692815045858730341e-15 3.262582447992800824e-16
8.098336458206176758e-01 4.052564338117735018e-15 5.245219232741140779e-16
8.101563453674316406e-01 3.798624284047369404e-15 7.590363884299455854e-16
8.104765415191650391e-01 3.986149755272946210e-15 7.529217634628351981e-16
8.107942938804626465e-01 3.615638485902602020e-15 5.995858242411125638e-16
8.111097216606140137e-01 3.676281809761273653e-15 2.920814712291939282e-16
8.114227652549743652e-01 4.231824885360477989e-15 4.086336547576388837e-16
8.117335438728332520e-01 4.035516953021294970e-15 1.421367342909222922e-16
8.120419979095458984e-01 3.672486678641100760e-15 1.667797417580774697e-16
8.123483061790466309e-01 3.265102582769119181e-15 1.818253630070289922e-16
8.126523494720458984e-01 3.452568973446625000e-15 5.067943177814696228e-16
8.129543066024780273e-01 3.484842622802908352e-15 2.943546959013876568e-16
8.132541179656982422e-01 3.141868182789564652e-15 3.332303847463670421e-16
8.135518431663513184e-01 3.887517850762866461e-15 4.582012022677928870e-16
8.138474822044372559e-01 3.655000953994456611e-15 3.793906892866314188e-16
8.141411542892456055e-01 3.535396090193886759e-15 4.905543668419997359e-16
8.144328594207763672e-01 3.077799669450433442e-15 5.444891897584173100e-16
8.147226572036743164e-01 3.805534802347543613e-15 9.495120754108091199e-16
8.150104880332946777e-01 3.405371027076194504e-15 3.825666657921410196e-16
8.152964711189270020e-01 2.734032830114933345e-15 1.003895441977467249e-16
8.155806660652160645e-01 3.090738521236216507e-15 4.193013729838167541e-16
8.158630132675170898e-01 4.036300458497505197e-15 6.197794602805695077e-16
8.161435723304748535e-01 2.733371932657838177e-15 2.670893406039821696e-16
8.164224028587341309e-01 3.278904984644628005e-15 5.233152719011911237e-16
8.166995048522949219e-01 3.176532582639473266e-15 1.712721795171876643e-16
8.169749975204467773e-01 3.484142338313765859e-15 3.683100160288874754e-16
8.172487616539001465e-01 2.898874547254803175e-15 8.795230664681663677e-16
8.175209760665893555e-01 3.469914302382261749e-15 4.554024465913870685e-16
8.177915811538696289e-01 3.123062780811098303e-15 3.460554958892016154e-16
8.180606365203857422e-01 3.271062518344237252e-15 2.899237342054024032e-16
8.183281421661376953e-01 3.237499896600469669e-15 1.325362299326815572e-15
8.185941576957702637e-01 2.954213115523057938e-15 3.662380675607850499e-16
8.188587427139282227e-01 3.264907976949487506e-15 4.634552417604929052e-16
8.191218376159667969e-01 3.190189506606291164e-15 2.378540248992795951e-16
8.193835616111755371e-01 2.517678804287793240e-15 6.727458069009201961e-16
8.196439146995544434e-01 2.963603111018082298e-15 3.316401597972358983e-16
8.199028372764587402e-01 2.801738502929574520e-15 7.151382706637810296e-16
8.201605081558227539e-01 2.422764103866738988e-15 3.603576472035904766e-16
8.204168677330017090e-01 3.616874306972646044e-15 4.224801288161845331e-16
8.206719160079956055e-01 3.246888409787836334e-15 3.885130488401030216e-16
8.209257721900939941e-01 3.531683544786071161e-15 4.361656930845314670e-16
8.211783170700073242e-01 3.115455366153570618e-15 6.053487187768756030e-16
8.214297294616699219e-01 3.345420152651903262e-15 3.658055778318729245e-16
8.216799497604370117e-01 3.119921347367968917e-15 4.003647338380851919e-16
8.219290375709533691e-01 3.039241247383759996e-15 8.404805650721370886e-16
8.221769928932189941e-01 2.447782068996842003e-15 7.504347688505781655e-16
8.224238157272338867e-01 2.813937683194167767e-15 5.565985315910423979e-16
8.226696252822875977e-01 3.713063791979318018e-15 3.115808314194779645e-16
8.229143023490905762e-01 2.677425194733454826e-15 9.467235635391091581e-17
8.231580257415771484e-01 2.692339750868708546e-15 2.485827824372189784e-16
8.234006762504577637e-01 2.230924482082559217e-15 3.741965773749496424e-16
8.236424326896667480e-01 2.400769834600097012e-15 7.438431055154859969e-16
8.238831162452697754e-01 3.194473163978792975e-15 3.152032472277497849e-16
8.241229653358459473e-01 2.926139902552208662e-15 3.351628639457481266e-16
8.243618011474609375e-01 2.721813109301369181e-15 3.770284202758575820e-16
8.245998024940490723e-01 2.672325632874510311e-15 2.254325514255912976e-16
8.248369097709655762e-01 3.184649275856537599e-15 3.460370199830396310e-16
8.250731825828552246e-01 2.811958167196434467e-15 3.939276804856465348e-16
8.253086209297180176e-01 3.315561605986478734e-15 5.180608088920174784e-16
8.255432248115539551e-01 2.926855010117928105e-15 2.736015946002692475e-16
8.257769942283630371e-01 1.800422315981166019e-15 2.645814613356193981e-16
8.260101079940795898e-01 2.207110574286978190e-15 3.919952277560450520e-16
8.262423276901245117e-01 3.530091969878180330e-15 5.439498415292531343e-16
8.264738917350769043e-01 3.057136512460401599e-15 4.378092811093396318e-16
8.267047405242919922e-01 2.748768450540079594e-15 1.899912370745932780e-16
8.269348740577697754e-01 3.247714266911409277e-15 1.062448381166543874e-16
8.271643519401550293e-01 2.102666329692839432e-15 4.824023629389467393e-16
8.273931741714477539e-01 2.562797496530951243e-15 1.381347418431621383e-16
8.276212811470031738e-01 2.612216363289082514e-15 3.815631964474406907e-16
8.278488516807556152e-01 2.977281210808581553e-15 4.346093229835108936e-16
8.280757665634155273e-01 2.774770879713128920e-15 3.726868470255872588e-16
8.283020853996276855e-01 2.822119386189933868e-15 4.588077837371453728e-16
8.285278677940368652e-01 2.343817245050849180e-15 3.976502314701515746e-16
8.287530541419982910e-01 3.088259467557839984e-15 3.798668276821067424e-16
8.289777636528015137e-01 2.185052777549292141e-15 5.404966470219749620e-16
8.292018771171569824e-01 3.132741614541136380e-15 8.510323191938799249e-16
8.294255137443542480e-01 2.846931098797380461e-15 3.134414716370200436e-16
8.296486735343933105e-01 2.564985170875472287e-15 2.847618889550550952e-16
8.298713564872741699e-01 1.813385308205945831e-15 3.918122421696585214e-16
8.300935626029968262e-01 2.048212910854465413e-15 6.696176083475916582e-16
8.303152918815612793e-01 3.248037198222549979e-15 4.754305935687742034e-16
8.305366039276123047e-01 2.449908545210923924e-15 1.011776818853872496e-16
8.307575583457946777e-01 2.957634069838781243e-15 6.977520194488800575e-16
8.309780359268188477e-01 2.392241695128903903e-15 3.890400621519728066e-16
8.311981558799743652e-01 2.143625454890268379e-15 1.933242190778103439e-16
8.314179182052612305e-01 1.574037302476166862e-15 3.889889225377823282e-16
8.316373229026794434e-01 1.891518803634234698e-15 4.250606411597743607e-16
8.318563699722290039e-01 2.224517101353054062e-15 4.254054629786456661e-16
8.320750594139099121e-01 2.211742573959038331e-15 6.608474292117206324e-16
8.322934508323669434e-01 1.597531561213277797e-15 4.330752933764741523e-16
8.325115442276000977e-01 2.365829937284093937e-15 2.943468343768459528e-16
8.327293395996093750e-01 1.109568691673402593e-15 5.712539485839955057e-16
8.329467773437500000e-01 1.393076654229166104e-15 1.428292366648618861e-16
8.331640958786010742e-01 2.153175327854086989e-15 1.359600376906459256e-16
8.333811163902282715e-01 1.635077990666219169e-15 4.117447538333447255e-16
8.335978388786315918e-01 1.702825909249104652e-15 8.203961433433167461e-17
8.338143229484558105e-01 1.364699674067607754e-15 3.556546026430793808e-16
8.340306282043457031e-01 1.175881842322757699e-15 3.756369833715351818e-16
8.342466950416564941e-01 2.087445994663626909e-15 5.514027785530253162e-16
8.344625830650329590e-01 1.188163396541471427e-15 3.040228358404666476e-16
8.346782922744750977e-01 1.569180521435729111e-15 9.636303146965253912e-16
8.348938226699829102e-01 1.747624634796437343e-15 2.309937991803486098e-16
8.351091742515563965e-01 1.760223508733016213e-15 1.816958993149970928e-16
8.353244066238403320e-01 1.564316011219647664e-15 4.862584804313219416e-16
8.355394601821899414e-01 9.097671719432692122e-16 3.581724874881315936e-16
8.357543945312500000e-01 1.624601675416341168e-15 2.517092075153142027e-16
8.359692096710205078e-01 1.163659792168588586e-15 2.177458597781565305e-16
8.361839056015014648e-01 8.621946252519155016e-16 1.506863804580417803e-16
8.363984823226928711e-01 1.038563507891850698e-15 4.797491910503502537e-16
8.366129398345947266e-01 1.428359494009688764e-15 4.487538732301512515e-16
8.368273973464965820e-01 9.058279393429446817e-16 1.285770338245814269e-16
8.370417356491088867e-01 1.164972904995069565e-15 1.604013322023463721e-16
8.372560143470764160e-01 8.156078660924881863e-16 2.894395754667077655e-16
8.374701738357543945e-01 1.179911389811083219e-15 3.977410757537445983e-16
8.376843929290771484e-01 8.100764762491215881e-16 2.984993339914213551e-16
8.378984928131103516e-01 1.247412610048080888e-15 6.174582326630681018e-17
8.381125926971435547e-01 1.200244839226396326e-15 4.091110570850901883e-17
8.383266925811767578e-01 8.978570416719264952e-16 1.688407582072043943e-16
8.385407328605651855e-01 1.631332410973460652e-15 5.812835068937560658e-16
8.387547731399536133e-01 5.245287524772513157e-16 5.438906021625045367e-16
8.389688730239868164e-01 6.541874209056968825e-16 5.394802074852698016e-16
8.391829133033752441e-01 1.180591769025965236e-15 6.766634931006489453e-16
8.393970131874084473e-01 7.154364792007737468e-16 2.939453936994066178e-16
8.396111130714416504e-01 1.085328408667997433e-15 3.419968845828734319e-16
8.398252725601196289e-01 1.583266255832094498e-15 5.873735679053960785e-16
8.400394916534423828e-01 1.206629561824562429e-15 4.513156185000034761e-16
8.402537107467651367e-01 8.233838932460786804e-16 1.880128989820522537e-16
8.404679894447326660e-01 8.759702926500266117e-16 3.225914127008366146e-16
8.406823277473449707e-01 1.087743828996211477e-15 3.900700012762748324e-16
8.408967852592468262e-01 5.452075795768073635e-16 2.920871092922490897e-16
8.411113023757934570e-01 9.930585686247447343e-16 1.634315661013690298e-16
8.413258194923400879e-01 1.322151515061129740e-15 3.237368924131000473e-16
8.415405154228210449e-01 7.045334181641571894e-16 3.302572726317248462e-16
8.417552709579467773e-01 1.319290131886186306e-15 4.036508246267378518e-16
8.419701457023620605e-01 8.114826568206821335e-16 4.513145067692602048e-16
8.421851396560668945e-01 8.646751082983905167e-16 5.085574168611794489e-16
8.424001932144165039e-01 6.755304806545779119e-16 1.903079876921969838e-16
8.426154255867004395e-01 1.589668342605679314e-15 3.647410162358518792e-16
8.428307175636291504e-01 8.236047041475160358e-16 6.596882116838439190e-16
8.430461883544921875e-01 1.422658326999956882e-15 4.393264759365496938e-16
8.432617783546447754e-01 1.054078716265826124e-15 3.367769911058596027e-16
8.434775471687316895e-01 6.574883083011468909e-16 9.630727552589952480e-17
8.436934351921081543e-01 9.970070127083706553e-16 1.812243401913928628e-16
8.439094424247741699e-01 8.696434329900698187e-16 8.735401154196846215e-17
8.441256284713745117e-01 5.116911740682243432e-16 7.193737662722975526e-17
8.443419933319091797e-01 6.523990167166878341e-16 2.699927842587126993e-16
8.445584774017333984e-01 7.761823999251815567e-16 2.448616872905920320e-16
8.447751998901367188e-01 9.453077214979939934e-16 2.471313120727599297e-16
8.449920415878295898e-01 1.234564602545890847e-15 2.467385799528095530e-16
8.452091217041015625e-01 9.248414996681987750e-16 5.216916685599822402e-16
8.454263210296630859e-01 1.585780143740426855e-15 4.553493482135060645e-16
8.456437587738037109e-01 7.526708828917703150e-16 3.343254130587096406e-16
8.458613753318786621e-01 3.916432061571220851e-16 4.452802969925797726e-16
8.460792303085327148e-01 9.709053748013741700e-16 6.516052409659921479e-17
8.462972044944763184e-01 1.420591037213064355e-15 4.165106111808506480e-16
8.465154170989990234e-01 8.978614885948995802e-16 1.538120908520877587e-16
8.467338681221008301e-01 8.030841663299781354e-16 4.900023660581859491e-16
8.469525575637817383e-01 1.079999512638583816e-15 4.284183459371394115e-17
8.471714258193969727e-01 8.761044944326072149e-16 3.568629216121172419e-16
8.473904728889465332e-01 1.414941115696641358e-15 3.456392321351853302e-16
8.476098179817199707e-01 8.662583716954864142e-16 3.096928214498277307e-16
8.478293418884277344e-01 8.680154886050062569e-16 6.117235416774706707e-16
8.480491638183593750e-01 9.289612561654068783e-16 1.000593866367747596e-16
8.482691645622253418e-01 1.468842692569879201e-15 1.710839661493297986e-16
8.484894037246704102e-01 1.148849209327610331e-15 2.668834321884605695e-16
8.487099409103393555e-01 7.734850764442094406e-16 2.850809821481535512e-16
8.489306569099426270e-01 1.010222208993195436e-15 4.633279750601679466e-16
8.491516709327697754e-01 1.129060931492973773e-15 4.569609078049961760e-17
8.493729233741760254e-01 8.473477258733237184e-16 2.931962459971193926e-16
8.495944142341613770e-01 1.354708602817388061e-15 2.942592458761439378e-16
8.498161435127258301e-01 6.388884706310673199e-16 4.228283387668448556e-16
8.500381708145141602e-01 9.815450615309538433e-16 2.983485621268100896e-16
8.502604961395263672e-01 6.633634876419803282e-16 2.402945385785560479e-16
8.504830002784729004e-01 9.604520353201904427e-16 3.112992723738547147e-16
8.507058620452880859e-01 1.142299209425611233e-15 2.783874895709336546e-16
8.509289026260375977e-01 1.034503255459187209e-15 1.290380315061245798e-16
8.511523008346557617e-01 9.168743077663248260e-16 6.481661548512416800e-17
8.513759374618530273e-01 1.192213696337004677e-15 2.520743316551400095e-16
8.515998721122741699e-01 1.418681719070834756e-15 1.844569355554704932e-16
8.518240451812744141e-01 1.135547827440402426e-15 1.303773097097418363e-16
8.520485162734985352e-01 7.137440544326004513e-16 9.053749672985767633e-15
8.522732853889465332e-01 7.613991338967522528e-16 3.327940039598534672e-16
8.524983525276184082e-01 9.831428833068306741e-16 2.408984201303891607e-16
8.527237176895141602e-01 1.043974883754503202e-15 5.316817339585770685e-16
8.529493212699890137e-01 1.138128630951567872e-15 3.899722483802057658e-16
8.531752824783325195e-01 6.413332724146392477e-16 7.124607201081713812e-17
8.534014821052551270e-01 1.064425647233011030e-15 3.770368641355505233e-17
8.536280393600463867e-01 8.572928985257140689e-16 4.224799699975069229e-16
8.538548350334167480e-01 8.602314675779760503e-16 4.646464877216876718e-16
8.540819883346557617e-01 8.770303543835153686e-16 1.212336684534704692e-16
8.543093800544738770e-01 1.426922290856435030e-15 1.013514030489131863e-16
8.545371294021606445e-01 9.317150661560490155e-16 3.114885577677864491e-16
8.547651767730712891e-01 1.275217207695532144e-15 3.283905708346539784e-16
8.549934625625610352e-01 9.811955545610930376e-16 5.032766428910817168e-16
8.552221655845642090e-01 1.312105598427575331e-15 1.425060803605945696e-16
8.554511070251464844e-01 1.018649022148073249e-15 2.478522959295509495e-16
8.556803464889526367e-01 1.095349867225199874e-15 1.804546651750245216e-16
8.559099435806274414e-01 8.835495434620580912e-16 2.067222553652338455e-16
8.561398386955261230e-01 8.168510457612614822e-16 1.247928347233840350e-16
8.563700318336486816e-01 1.576982965429362098e-15 1.003259240824740464e-16
8.566005825996398926e-01 8.330042817027562101e-16 1.485305492583815774e-16
8.568314313888549805e-01 1.255451164475761012e-15 4.362237148414183866e-16
8.570625782012939453e-01 7.954715106560893145e-16 3.281522104693406980e-16
8.572940826416015625e-01 1.355598834444952331e-15 2.626731755147942646e-16
8.575258851051330566e-01 1.562776528838012973e-15 1.952959794301203466e-16
8.577579855918884277e-01 1.570269805805898141e-15 1.956637505479063232e-16
8.579904437065124512e-01 1.151941091343325341e-15 4.447887002458170581e-16
8.582232594490051270e-01 1.327722874271694900e-15 6.646978821712610716e-16
8.584563136100769043e-01 1.475808479769861754e-15 2.854626499002304186e-16
8.586897253990173340e-01 1.234209589861872888e-15 2.912671284597477235e-16
8.589234948158264160e-01 1.401767212267995225e-15 4.267344312031080616e-16
8.591575622558593750e-01 1.444770227967148799e-15 2.070835413870174063e-16
8.593919873237609863e-01 1.383146357592911907e-15 1.923063237032270902e-16
8.596267104148864746e-01 1.956875018811429258e-15 3.386333696888858087e-16
8.598617911338806152e-01 1.377262760862165130e-15 5.145478456223986745e-16
8.600971698760986328e-01 1.875680981586473790e-15 1.352569738746452546e-16
8.603328466415405273e-01 1.678956520795478469e-15 2.209952237476118359e-16
8.605689406394958496e-01 1.580044248379857547e-15 1.019969017117250670e-16
8.608052730560302734e-01 1.489517284504698977e-15 2.896368017945200090e-16
8.610420227050781250e-01 1.431987759639252560e-15 2.378405782512419330e-16
8.612790703773498535e-01 1.941416032249327836e-15 8.881908075569788265e-17
8.615164160728454590e-01 1.723618662280066403e-15 4.850747915922034594e-17
8.617541790008544922e-01 1.468111067861688299e-15 1.863034739979297684e-17
8.619921803474426270e-01 1.676607169037150260e-15 2.846831943002992504e-16
8.622305989265441895e-01 2.301091209125447762e-15 2.008353102073674539e-16
8.624693155288696289e-01 1.644138596223880013e-15 1.888488807963228456e-16
8.627083301544189453e-01 1.833844965530399829e-15 1.529516774312448006e-16
8.629477024078369141e-01 2.255638574142834751e-15 3.742314910142442805e-16
8.631874322891235352e-01 1.989672981562063021e-15 4.186859241382976998e-16
8.634275197982788086e-01 2.115751294662023864e-15 4.037500863002442151e-16
8.636679053306579590e-01 2.649385651322258908e-15 1.979827811737007882e-16
8.639086484909057617e-01 2.081669229963352581e-15 4.410255181496234135e-16
8.641496896743774414e-01 1.855064199650304120e-15 3.612532786661934925e-16
8.643910884857177734e-01 2.186322056420752710e-15 4.367526075076398921e-16
8.646328449249267578e-01 2.232604571933438121e-15 2.701251860962803871e-16
8.648748993873596191e-01 2.574599418343282223e-15 1.191328149860429908e-16
8.651173114776611328e-01 2.914260900741677540e-15 3.699391515540331136e-16
8.653600811958312988e-01 2.910901779831103799e-15 2.407818736908028893e-16
8.656031489372253418e-01 2.547273923706621680e-15 4.141697562217745840e-16
8.658465743064880371e-01 2.885662103827056971e-15 2.876196457701930961e-16
8.660903573036193848e-01 2.721479590078387800e-15 6.002115168913374748e-16
8.663344383239746094e-01 2.874315462223875177e-15 1.587619661073846780e-16
8.665788769721984863e-01 2.969563681867910809e-15 1.566033291110866953e-16
8.668236136436462402e-01 2.657023347407650934e-15 7.561442473711049803e-16
8.670687675476074219e-01 2.953557088505409482e-15 1.887782461894557174e-16
8.673142194747924805e-01 2.902139647508231689e-15 2.013910167603254783e-16
8.675599694252014160e-01 3.333550679962028751e-15 1.991989749021701541e-16
8.678060770034790039e-01 2.787977393910244343e-15 4.774481201700155400e-16
8.680525422096252441e-01 3.108116249182085733e-15 2.029345754880188305e-16
8.682993650436401367e-01 3.524516375502878898e-15 2.924133228560604021e-16
8.685464859008789062e-01 3.898581371603428505e-15 4.459217656314472950e-16
8.687939643859863281e-01 3.138150978700539155e-15 5.169770302360056011e-16
8.690417408943176270e-01 3.524648512642650569e-15 1.041745043051076655e-16
8.692898750305175781e-01 4.079790094624856367e-15 3.183191638033431355e-16
8.695383667945861816e-01 4.035238702698121932e-15 2.057700050440628000e-16
8.697871565818786621e-01 4.139145504887227836e-15 4.052272588206965115e-16
8.700363636016845703e-01 4.075889084386276687e-15 6.040545318428098371e-17
8.702858090400695801e-01 4.419256335928909568e-15 4.599554075015565430e-16
8.705356717109680176e-01 5.016102008585654470e-15 3.849676071509129356e-16
8.707858324050903320e-01 4.883044991033265447e-15 2.659919035416958167e-16
8.710362911224365234e-01 5.626061021815316823e-15 4.995779676477774076e-16
8.712871074676513672e-01 4.854559273017103327e-15 1.836762755805674478e-16
8.715382814407348633e-01 5.906475514168589222e-15 1.807007282462018958e-16
8.717898130416870117e-01 6.200531895653865755e-15 4.021963896469634130e-16
8.720415830612182617e-01 6.550318809903738979e-15 1.875634024197460380e-16
8.722937703132629395e-01 7.314200650308452789e-15 6.484232028809537585e-16
8.725462555885314941e-01 6.678695546906074365e-15 6.357055325735224728e-16
8.727990984916687012e-01 7.642752025054187076e-15 2.022472082513219658e-16
8.730522990226745605e-01 8.372394676148513931e-15 4.860043176075864481e-16
8.733057379722595215e-01 7.271638091741871451e-15 6.824590513444404784e-16
8.735595941543579102e-01 9.291299216010288908e-15 3.037857724943538503e-16
8.738137483596801758e-01 9.071527200482740888e-15 5.181164483687402452e-16
8.740682601928710938e-01 9.158712301743626022e-15 6.398021015437994896e-16
8.743230700492858887e-01 8.454622093569119645e-15 1.033985718328414832e-15
8.745782375335693359e-01 9.194972088149688111e-15 3.457059095100020046e-16
8.748337626457214355e-01 1.127143778295982071e-14 7.532778878775964280e-16
8.750895857810974121e-01 1.121941556043830335e-14 9.363564890696473610e-16
8.753457069396972656e-01 1.047960597287808313e-14 6.299122507307766856e-16
8.756021857261657715e-01 1.096141779503411601e-14 8.028914133949185787e-16
8.758590221405029297e-01 1.226896137988689808e-14 3.861354273571602005e-16
8.761161565780639648e-01 1.321318119344326233e-14 3.314772118340078523e-16
8.763735890388488770e-01 1.291366526109645821e-14 2.522609436013319726e-16
8.766314387321472168e-01 1.431188202888691863e-14 1.015492871507485319e-15
8.768895268440246582e-01 1.479461457585661693e-14 6.284613362316892726e-16
8.771480321884155273e-01 1.398899306939357934e-14 1.027722862595534942e-15
8.774067759513854980e-01 1.461234663813464757e-14 7.933541929857495806e-16
8.776658773422241211e-01 1.558054426036188655e-14 6.671532718666736781e-16
8.779253363609313965e-01 1.598646108341098687e-14 5.270684748904749285e-16
8.781850934028625488e-01 1.618104657425192827e-14 6.105589243145552111e-16
8.784452080726623535e-01 1.598896660686896509e-14 1.085592577068422368e-15
8.787056207656860352e-01 1.784207987788350575e-14 6.026036967530612291e-16
8.789663910865783691e-01 1.601890922155440461e-14 8.498311735351141236e-16
8.792274594306945801e-01 1.639741267029856675e-14 3.983457513989657620e-16
8.794888854026794434e-01 1.824525400824939664e-14 1.354625699467675547e-15
8.797506093978881836e-01 1.814054548937571454e-14 7.335229090256988049e-16
8.800126314163208008e-01 1.712162922833278256e-14 1.801195445303772381e-15
8.802750110626220703e-01 2.057889415243898540e-14 2.983000165510205776e-16
8.805377483367919922e-01 2.028329659450617967e-14 9.831560123175131158e-16
8.808007240295410156e-01 1.940703762243981695e-14 5.794693740789741681e-16
8.810641169548034668e-01 2.149124350432195935e-14 5.517664203851934280e-16
8.813277482986450195e-01 2.244872615976643143e-14 3.712479233366594144e-16
8.815917968750000000e-01 2.366309866152008223e-14 1.325772580910641874e-15
8.818560838699340820e-01 2.341088274301385275e-14 8.388685025548345449e-16
8.821207284927368164e-01 2.326808145843625025e-14 1.433734976851201368e-15
8.823856711387634277e-01 2.487320550535136038e-14 1.470566298738423296e-15
8.826509714126586914e-01 2.342690691231000960e-14 1.094071270991319508e-15
8.829165697097778320e-01 2.458096219788968168e-14 1.537804938761772131e-15
8.831825256347656250e-01 2.500561030753436359e-14 6.221584581920516169e-16
8.834487795829772949e-01 2.669710799814688923e-14 1.480453396694367523e-15
8.837153315544128418e-01 2.545497822671171501e-14 1.955305255001930226e-15
8.839822411537170410e-01 2.664473425695226133e-14 1.370315290749666952e-15
8.842494487762451172e-01 2.719168714791688618e-14 1.228119634729351282e-15
8.845169544219970703e-01 2.701127760048119275e-14 1.903730477634799946e-15
8.847848176956176758e-01 3.015504716047910649e-14 9.428653019945862183e-16
8.850529789924621582e-01 2.633867584212086499e-14 4.930756133490613643e-16
8.853214979171752930e-01 3.031860244633033385e-14 2.400767081743018436e-15
8.855903148651123047e-01 2.961332215686493519e-14 2.004121034301616436e-15
8.858594298362731934e-01 2.923586394677768485e-14 5.003950897440817905e-16
8.861289024353027344e-01 2.844231265981302104e-14 1.217210591522544742e-15
8.863986730575561523e-01 3.018468992550121799e-14 1.858217491554695067e-15
8.866687417030334473e-01 3.241617450812014911e-14 1.352980973242344509e-15
8.869391679763793945e-01 3.448118662341750906e-14 1.910160092979170526e-15
8.872098922729492188e-01 3.274238722489851428e-14 1.693545498641631317e-15
8.874809145927429199e-01 3.313885285432215111e-14 2.324538563413104490e-15
8.877522945404052734e-01 3.412722849541888204e-14 2.466311338234503450e-15
8.880239725112915039e-01 3.658166570228230108e-14 2.591114443232372944e-15
8.882959485054016113e-01 3.574912040655783829e-14 1.126829952589024353e-15
8.885682821273803711e-01 3.455440076324638177e-14 1.736642746756166932e-15
8.888409137725830078e-01 3.591167958166309460e-14 1.105901250770028287e-15
8.891138434410095215e-01 3.540269070739440749e-14 1.588539565324344552e-15
8.893871307373046875e-01 3.688116638803605463e-14 3.156842666505836614e-15
8.896607160568237305e-01 3.638020738610733829e-14 6.090212948174926390e-16
8.899345993995666504e-01 3.718795494526798417e-14 2.058746824344756705e-15
8.902087807655334473e-01 3.992246190207514311e-14 1.095348702554897399e-15
8.904833197593688965e-01 3.696987106640431398e-14 8.445784575313941903e-16
8.907581567764282227e-01 3.665416494630369115e-14 2.951302498558055348e-15
8.910333514213562012e-01 3.805632634652951485e-14 6.551178865982557314e-16
8.913088440895080566e-01 3.907932191824642354e-14 1.524938296534742495e-15
8.915846347808837891e-01 3.924641102555359584e-14 3.170494296516734173e-15
8.918607234954833984e-01 3.739511209911207390e-14 1.560284134390717194e-15
8.921371698379516602e-01 3.792045887365813606e-14 2.138542410173795323e-15
8.924139142036437988e-01 3.857693312470274194e-14 2.387656494027179561e-15
8.926909565925598145e-01 4.155342723014508743e-14 3.310645426760614775e-15
8.929682970046997070e-01 4.136535881080032062e-14 1.296517121703662408e-15
8.932459950447082520e-01 4.135827083909769664e-14 1.153872538221301959e-15
8.935239911079406738e-01 4.106900908761035307e-14 1.096562183130957591e-15
8.938023447990417480e-01 3.925529131897260993e-14 1.236488637885578990e-15
8.940809369087219238e-01 3.893750149782174153e-14 1.226557388337259132e-15
8.943598866462707520e-01 3.789247629321264299e-14 1.932956290688625511e-15
8.946391940116882324e-01 4.040415259851971863e-14 1.480687071908691303e-15
8.949187397956848145e-01 4.119181870056685957e-14 1.217715634917345118e-15
8.951986432075500488e-01 3.630855517503320251e-14 2.880267350985994332e-15
8.954788446426391602e-01 3.963268854268765795e-14 1.839438771114067228e-15
8.957594037055969238e-01 3.986555484054681020e-14 2.485133892630151699e-15
8.960402011871337891e-01 3.897472012552409548e-14 5.662799593594814405e-16
8.963214159011840820e-01 3.759865750446907129e-14 1.565371837788400149e-15
8.966028690338134766e-01 3.972121026193931037e-14 2.944958221783120639e-15
8.968846797943115234e-01 3.621315216011805616e-14 1.769360135497693130e-15
8.971667885780334473e-01 3.905999940265365844e-14 2.018090513425971171e-15
8.974491953849792480e-01 4.084935650372836791e-14 2.764835606758309604e-15
8.977319002151489258e-01 3.791358774239000917e-14 1.154183187554707474e-15
8.980149626731872559e-01 3.915749628301441743e-14 7.187384783269670264e-16
8.982983231544494629e-01 3.886361989603043243e-14 2.412204567629793253e-15
8.985820412635803223e-01 4.019403421749202787e-14 8.327350311046477493e-16
8.988660573959350586e-01 4.085004768261332742e-14 1.718116548012939282e-15
8.991503715515136719e-01 4.098266593709903871e-14 3.649959837408872643e-15
8.994349837303161621e-01 3.845932768217416586e-14 1.788678839442195585e-15
8.997199535369873047e-01 3.713988074331361910e-14 2.213009099973420324e-15
9.000052213668823242e-01 3.581279695540062757e-14 1.806141270682790241e-15
9.002908468246459961e-01 4.004749751761703391e-14 1.920470813287860311e-15
9.005767107009887695e-01 3.993045450496543469e-14 7.530905347775756174e-16
9.008629322052001953e-01 3.623574422288722285e-14 1.703495912310382804e-15
9.011495113372802734e-01 3.699736575587218856e-14 1.605841325002756908e-16
9.014363884925842285e-01 3.783312977679621769e-14 2.177451927397105677e-15
9.017235636711120605e-01 3.904094793760401472e-14 4.054372329943649322e-15
9.020110368728637695e-01 3.713593018164762505e-14 3.917890334669037536e-15
9.022988677024841309e-01 3.744439925224690713e-14 1.103733799337122939e-15
9.025869965553283691e-01 3.886033340819508575e-14 1.504916555244018971e-15
9.028754830360412598e-01 3.870424895293864131e-14 1.513003496428810997e-15
9.031642675399780273e-01 3.942036109973352798e-14 3.000645132350933733e-15
9.034533500671386719e-01 3.934110592092483760e-14 2.192329214082680208e-15
9.037427902221679688e-01 3.716918130702503986e-14 1.567894407784441863e-15
9.040325284004211426e-01 4.003757706773879155e-14 2.957781030055129864e-15
9.043225646018981934e-01 3.449884556630186672e-14 1.556102968004833154e-15
9.046129584312438965e-01 3.493000227711325067e-14 1.023369430884003058e-15
9.049036502838134766e-01 3.678728803242596601e-14 1.711584865198424558e-15
9.051946997642517090e-01 3.822753203396034305e-14 1.871075028177541719e-15
9.054860472679138184e-01 3.730188765293726560e-14 2.543637399505822155e-15
9.057776927947998047e-01 3.945979895375768820e-14 2.745669368744312923e-15
9.060696959495544434e-01 3.350006836061285298e-14 2.576148006329099897e-15
9.063619971275329590e-01 3.548094638732533779e-14 2.394327090245043990e-15
9.066546559333801270e-01 3.367553970596605384e-14 2.384120766747103298e-15
9.069476127624511719e-01 3.527382989106271627e-14 1.594133582666248765e-15
9.072409272193908691e-01 3.619751593191174177e-14 1.709045036906082539e-15
9.075345396995544434e-01 3.480587806902260550e-14 2.316287827232137164e-15
9.078284502029418945e-01 3.390412340524388835e-14 5.868753537137329397e-16
9.081227183341979980e-01 3.554857349783412113e-14 2.122462760219593313e-15
9.084173440933227539e-01 3.582993751412126560e-14 1.492699481408414977e-15
9.087122082710266113e-01 3.280049368508015928e-14 1.197995119718488904e-15
9.090074896812438965e-01 3.177909392343587769e-14 2.520659089712707496e-15
9.093030691146850586e-01 3.282556247218709755e-14 1.361648767270716171e-15
9.095989465713500977e-01 3.434843961992381511e-14 7.120270127693975777e-16
9.098951816558837891e-01 3.381170872256665516e-14 1.341654025155186378e-15
9.101917743682861328e-01 3.269893443470436867e-14 1.986267485597627107e-15
9.104886054992675781e-01 3.278296010307199526e-14 8.945543543314635714e-16
9.107858538627624512e-01 3.415532966047699071e-14 2.804388869021533226e-15
9.110834002494812012e-01 3.291951875482833356e-14 1.846013017334181480e-15
9.113813042640686035e-01 3.541750700770777971e-14 5.785529373696042185e-15
9.116795063018798828e-01 3.401512876704745891e-14 1.385456534077429604e-15
9.119780659675598145e-01 3.156623793192266103e-14 2.453245643264869054e-15
9.122769236564636230e-01 3.158561126949226139e-14 1.628291033297225680e-15
9.125761389732360840e-01 3.025006054023851587e-14 1.291343338582714734e-15
9.128757119178771973e-01 3.374641264672871566e-14 2.503275009019733863e-15
9.131755828857421875e-01 3.260456479998487256e-14 1.093399573864146847e-15
9.134757518768310547e-01 3.190955393797198503e-14 1.821293843076222420e-15
9.137763381004333496e-01 3.157462016996868959e-14 2.265953529616260807e-15
9.140772223472595215e-01 3.051293552135299347e-14 1.460787303362372398e-15
9.143784642219543457e-01 3.008165683779720490e-14 2.135524643540965065e-15
9.146800041198730469e-01 3.152778263611731580e-14 2.625689269348109416e-15
9.149819016456604004e-01 2.729183862953434014e-14 2.759462453257401950e-15
9.152841567993164062e-01 2.902122918607523416e-14 1.440203238073790425e-15
9.155867099761962891e-01 2.773669863936640417e-14 1.330162858555379319e-15
9.158896207809448242e-01 3.212568625292518132e-14 1.285891940413304464e-15
9.161928892135620117e-01 2.948687707849881323e-14 1.318886097170346005e-15
9.164964556694030762e-01 2.698933944714730637e-14 4.262116795257541498e-16
9.168004393577575684e-01 3.068501195865359910e-14 9.551665497293236086e-16
9.171047210693359375e-01 3.045860343998431363e-14 1.388797655537874192e-15
9.174093604087829590e-01 2.831590823902836729e-14 1.789924824907606661e-15
9.177142977714538574e-01 2.850709712775081894e-14 1.563065790589500317e-15
9.180195927619934082e-01 2.738168341424960378e-14 1.668198778848875227e-15
9.183253049850463867e-01 2.990267877604237123e-14 3.196160030093249914e-15
9.186313152313232422e-01 2.934609003826978146e-14 2.915449287966675324e-15
9.189376235008239746e-01 2.907477183273707300e-14 9.611313557438883916e-16
9.192443490028381348e-01 2.931021988701945635e-14 2.264358566576580960e-15
9.195513725280761719e-01 2.764097714006309020e-14 1.263121788966977549e-15
9.198587536811828613e-01 2.645895960282865916e-14 9.190838990883560752e-16
9.201665520668029785e-01 2.729445257320956691e-14 7.250860902941315498e-16
9.204746484756469727e-01 2.737672996557406063e-14 1.019413363503851849e-15
9.207831025123596191e-01 2.744884635070329176e-14 1.384440835694553291e-15
9.210918545722961426e-01 2.714860197002184894e-14 4.047386002194695853e-16
9.214010238647460938e-01 2.714127174689631022e-14 7.662711085906813782e-16
9.217105507850646973e-01 2.617576430130955090e-14 1.073205037852183446e-15
9.220203757286071777e-01 2.615139346935115017e-14 7.144191926311213321e-16
9.223306179046630859e-01 2.608975826991124375e-14 1.342976349464968747e-15
9.226412177085876465e-01 2.572690290783465755e-14 6.816437821327082144e-16
9.229521155357360840e-01 2.503550040617707334e-14 6.226095561760237353e-16
9.232634305953979492e-01 2.624292384963144986e-14 1.406874397423465029e-15
9.235750436782836914e-01 2.435621894599469817e-14 1.581231894451026482e-15
9.238870739936828613e-01 2.488760337138878898e-14 1.429922799192964982e-15
9.241994023323059082e-01 2.323312610276895979e-14 1.754572951941882775e-15
9.245121479034423828e-01 2.491502521602319969e-14 1.493182078430113115e-15
9.248252511024475098e-01 2.481492625044847550e-14 1.161679535017026439e-15
9.251387119293212891e-01 2.567260470778386788e-14 2.351540491463913890e-15
9.254524707794189453e-01 2.484082343577782848e-14 3.606142399530934059e-15
9.257667064666748047e-01 2.337318300059745835e-14 1.041107359590692175e-15
9.260812401771545410e-01 2.520202708360726879e-14 1.921429231067678552e-15
9.263961315155029297e-01 2.364357794021765963e-14 1.047726816194366126e-15
9.267113804817199707e-01 2.439083040628540339e-14 1.183921243783385077e-15
9.270270466804504395e-01 2.538029194362051433e-14 7.655480600910814261e-16
9.273430705070495605e-01 2.545917951013009634e-14 1.071360941246892427e-15
9.276594519615173340e-01 2.395450340636397918e-14 6.609480673137662840e-16
9.279761910438537598e-01 2.278893016676754313e-14 1.104871046947930244e-15
9.282932877540588379e-01 2.529347445465873756e-14 1.470238391108717475e-15
9.286108016967773438e-01 2.314506686350650821e-14 1.305454272209260937e-15
9.289286732673645020e-01 2.311338444314740836e-14 1.124110659190982828e-15
9.292469024658203125e-01 2.372431203855225601e-14 1.056755234500031306e-15
9.295655488967895508e-01 2.306556265701132508e-14 5.587272842061700648e-16
9.298845529556274414e-01 2.333862913854716642e-14 1.521752817378355885e-15
9.302039146423339844e-01 2.138964190229880602e-14 1.700628388146571777e-15
9.305236339569091797e-01 2.220878713679770577e-14 5.102066429490427751e-16
9.308437705039978027e-01 2.450863574858953148e-14 8.243199705319130891e-16
9.311642646789550781e-01 2.135435959191387539e-14 2.863528497640591662e-15
9.314851760864257812e-01 1.768227017172503690e-14 1.167253752963788582e-15
9.318064451217651367e-01 2.401656042821161824e-14 3.720722240371917774e-15
9.321280717849731445e-01 2.175002223410351515e-14 1.793476434055443942e-15
9.324501156806945801e-01 2.345299383301954754e-14 2.114271951619644228e-15
9.327725768089294434e-01 2.050277807773281946e-14 2.716362028769314131e-15
9.330953359603881836e-01 2.220972226117147452e-14 1.342487293817047796e-15
9.334185719490051270e-01 2.297526216857043863e-14 2.015437394476933888e-15
9.337421655654907227e-01 2.524913566800176395e-14 1.488934208199632798e-15
9.340661168098449707e-01 2.472790886171114672e-14 8.617799496846753182e-16
9.343904852867126465e-01 2.384070452990036393e-14 6.008020576742513323e-16
9.347152113914489746e-01 2.268746578408184500e-14 2.561155523162698781e-15
9.350403547286987305e-01 2.134629922638780347e-14 1.075940107238867582e-15
9.353659152984619141e-01 2.076020324886466289e-14 2.800110505604951755e-15
9.356918334960937500e-01 2.351265544569235144e-14 3.429065714984449488e-15
9.360181689262390137e-01 2.043662480455225861e-14 9.336013026504659355e-16
9.363448619842529297e-01 2.262762968262190671e-14 7.991397456528516723e-16
9.366719722747802734e-01 2.256617744229860723e-14 7.365139941206905530e-16
9.369994997978210449e-01 2.145269672895831065e-14 8.028108923253702168e-16
9.373273849487304688e-01 2.347320403914103515e-14 8.481329783549876582e-16
9.376557469367980957e-01 2.220878374866591676e-14 3.076117038500712775e-15
9.379844069480895996e-01 2.384241723051971212e-14 1.657735380851442855e-15
9.383135437965393066e-01 1.939896031625479994e-14 1.917235570945822511e-15
9.386430382728576660e-01 2.405353511042516296e-14 1.507494076502513807e-15
9.389730095863342285e-01 1.957541421982681579e-14 1.313284456531916503e-15
9.393032789230346680e-01 2.207322967798502206e-14 2.052954601293194986e-15
9.396340250968933105e-01 1.785971679791123479e-14 2.727908358389811126e-15
9.399651885032653809e-01 1.991844731687175685e-14 1.210700190410829782e-15
9.402967095375061035e-01 1.953402819002397067e-14 8.595023839686269113e-16
9.406287074089050293e-01 2.096070611187512284e-14 1.497116334711872526e-15
9.409610629081726074e-01 2.221886682887003195e-14 1.696522819451230183e-15
9.412938356399536133e-01 1.932726067133561793e-14 1.477230224571828097e-15
9.416270256042480469e-01 1.980724036122673976e-14 2.234411293209931544e-15
9.419606328010559082e-01 1.833240861632418062e-14 2.012600681136579236e-15
9.422946572303771973e-01 1.863086745155281138e-14 8.966815716993743399e-16
9.426290988922119141e-01 2.041978578956084311e-14 1.033600530095650939e-15
9.429639577865600586e-01 1.801448326990175153e-14 1.338869933736679899e-15
9.432992339134216309e-01 1.928369946092422377e-14 1.082543893733017328e-15
9.436349272727966309e-01 1.857498360582476166e-14 1.969562513570114609e-15
9.439710378646850586e-01 1.972076168544386471e-14 1.459650267509801907e-15
9.443075656890869141e-01 2.031385584917722031e-14 7.402139399134157437e-16
9.446445107460021973e-01 1.845941104236959590e-14 9.318674262074363827e-16
9.449818730354309082e-01 1.822617543814544078e-14 2.249210229347885052e-15
9.453197121620178223e-01 1.951618459395711158e-14 1.571109321335745559e-15
9.456579089164733887e-01 2.042672976566243387e-14 1.394499775459671735e-15
9.459965825080871582e-01 1.844970573885995613e-14 1.888589128427918887e-15
9.463356733322143555e-01 1.779352117308331122e-14 5.505580220068167618e-16
9.466751813888549805e-01 1.823416295883804883e-14 1.285196314605371870e-15
9.470151066780090332e-01 1.826302137135100284e-14 1.426260652245511015e-15
9.473554491996765137e-01 1.857971851999991320e-14 1.533177915408277109e-15
9.476962685585021973e-01 1.959583957231690599e-14 1.739373263340759576e-15
9.480375051498413086e-01 1.824315844873788950e-14 2.853014701182797659e-15
9.483792185783386230e-01 1.643279323650537888e-14 7.410445615973169919e-16
9.487212896347045898e-01 1.897105112976318897e-14 6.627637883153242836e-16
9.490638375282287598e-01 1.796555187060476511e-14 1.055677914470242243e-15
9.494068622589111328e-01 1.789831270118582424e-14 8.835893010710198399e-16
9.497502446174621582e-01 1.936141981603248935e-14 6.087469620217006525e-16
9.500941038131713867e-01 1.621349979459302953e-14 1.259495005645071448e-15
9.504384398460388184e-01 1.691667605421744852e-14 2.124375360614493523e-15
9.507831931114196777e-01 1.788405036041995633e-14 6.763247858008656320e-16
9.511283636093139648e-01 1.578623604720722634e-14 5.866261672085625652e-16
9.514740109443664551e-01 1.785175638227293887e-14 2.136645056371945690e-15
9.518200755119323730e-01 1.529554986086281015e-14 1.275818495208964291e-15
9.521666169166564941e-01 1.754102742777038232e-14 1.967906775916469266e-15
9.525135755538940430e-01 1.696894306926072238e-14 1.704220231359403637e-15
9.528610110282897949e-01 1.753179138051352143e-14 8.678457643782001765e-16
9.532089233398437500e-01 1.754892516297058142e-14 7.129310086823547297e-16
9.535572528839111328e-01 2.043077011282083688e-14 7.216288723803539196e-16
9.539059996604919434e-01 1.862292058844167153e-14 1.036321729317823785e-15
9.542552828788757324e-01 1.763294405507462997e-14 5.686334933429867174e-16
9.546049237251281738e-01 1.782654868176265089e-14 1.071762858380364593e-15
9.549551010131835938e-01 1.603728136618035038e-14 1.131732473408613836e-15
9.553056955337524414e-01 1.694293068745054281e-14 1.159363111664522741e-15
9.556567668914794922e-01 1.641756527817964106e-14 1.532903688491603529e-15
9.560082554817199707e-01 1.755453760327908841e-14 1.728956346276307784e-15
9.563602805137634277e-01 1.601106908459461881e-14 1.056628814832653602e-15
9.567127227783203125e-01 1.584557748142596811e-14 8.704437203065475224e-16
9.570655822753906250e-01 1.438491659773097342e-14 8.863051004581539404e-16
9.574189782142639160e-01 1.672777076632079446e-14 1.644148548861010251e-15
9.577727913856506348e-01 1.551337285357872603e-14 7.670466731330110970e-16
9.581271409988403320e-01 1.551272402634112924e-14 7.066127781705480899e-16
9.584819078445434570e-01 1.497518844768407770e-14 8.967498637307467178e-16
9.588371515274047852e-01 1.675315973188179486e-14 1.117227140066002350e-15
9.591928720474243164e-01 1.524338448977320681e-14 1.743351777094013025e-15
9.595490097999572754e-01 1.567935742992267872e-14 8.787212968440309691e-16
9.599056839942932129e-01 1.839918869388570966e-14 1.900916634184021160e-15
9.602628350257873535e-01 1.681703109830245263e-14 1.248443660903126185e-15
9.606204032897949219e-01 1.391968036331975994e-14 2.783299230942558843e-15
9.609785079956054688e-01 1.704544539099083628e-14 5.386945844266914380e-16
9.613370299339294434e-01 1.412985295445607498e-14 1.880780331687181492e-15
9.616960883140563965e-01 1.534959225696352902e-14 1.011845759394845116e-15
9.620556235313415527e-01 1.625893125375196119e-14 2.258535638580681272e-15
9.624155759811401367e-01 1.603722715607172611e-14 8.892449400598368033e-16
9.627760648727416992e-01 1.597559365069771420e-14 8.049506563688121896e-16
9.631370306015014648e-01 1.535184536460322546e-14 1.341352904942437474e-15
9.634984731674194336e-01 1.574014559641533084e-14 1.534560061419959313e-15
9.638603925704956055e-01 1.546004874141727881e-14 1.077897918017327490e-15
9.642227888107299805e-01 1.319766863204724708e-14 4.613097602446569658e-16
9.645857214927673340e-01 1.446244721745905404e-14 7.084605805449833461e-16
9.649490714073181152e-01 1.425099560657238501e-14 2.091179927653360679e-15
9.653129577636718750e-01 1.391361645445036641e-14 1.125192849660218604e-15
9.656773209571838379e-01 1.363731854222074991e-14 1.283341312450884952e-15
9.660422205924987793e-01 1.342546459068413509e-14 9.345366387824714967e-16
9.664075374603271484e-01 1.320339372773773889e-14 4.063639240963525792e-16
9.667733907699584961e-01 1.576123163460427939e-14 1.570412530857510491e-15
9.671397209167480469e-01 1.442697855982572747e-14 1.235524502633366783e-15
9.675065875053405762e-01 1.254148152517176040e-14 7.027653427658822442e-16
9.678739309310913086e-01 1.381504045411480544e-14 5.747050784484647457e-16
9.682417511940002441e-01 1.392506495176545553e-14 4.106649985838323061e-16
9.686101078987121582e-01 1.313639342160992374e-14 9.162126691554008107e-16
9.689789414405822754e-01 1.421163906771116120e-14 3.214810583861046336e-16
9.693482518196105957e-01 1.372598256300754105e-14 2.757246826825621513e-16
9.697180986404418945e-01 1.286266964250701306e-14 8.165586076362219350e-16
9.700884222984313965e-01 1.123766149715510823e-14 8.791260197741409144e-16
9.704592823982238770e-01 1.397546425916003365e-14 1.467923555942989879e-15
9.708306789398193359e-01 1.209937098428648383e-14 5.135952511940928070e-16
9.712024927139282227e-01 1.223435923695861266e-14 1.107439039085768469e-15
9.715749025344848633e-01 -5.483642066734281239e-16 1.323277899474388508e-14
9.719477891921997070e-01 1.219134012763346125e-14 3.890812226592534452e-16
9.723211526870727539e-01 1.115247708771563775e-14 9.273156829071285863e-16
9.726951122283935547e-01 1.300655851738889007e-14 6.001566715080027588e-16
9.730694890022277832e-01 1.272203422117553981e-14 9.859680558232789861e-16
9.734444618225097656e-01 1.256148420822117071e-14 5.128628853320730575e-16
9.738199114799499512e-01 1.084800347152855421e-14 1.634788517156495011e-15
9.741958379745483398e-01 1.109919956236628952e-14 4.542917746392998671e-16
9.745723605155944824e-01 1.293661561880231348e-14 1.582881173478449012e-15
9.749493598937988281e-01 1.223611090109353455e-14 7.694631522524092090e-16
9.753268957138061523e-01 1.260525378873758942e-14 3.405226237381773222e-16
9.757049679756164551e-01 1.080136244932094342e-14 9.393680088344916190e-16
9.760835170745849609e-01 1.083704540628992533e-14 1.035018675007591451e-15
9.764626026153564453e-01 1.030707383185185469e-14 1.397763605163679368e-15
9.768422245979309082e-01 1.092632860816115936e-14 6.055163783608727510e-16
9.772223830223083496e-01 1.119244772546362093e-14 3.806897995997031003e-16
9.776030778884887695e-01 1.143074181044877874e-14 8.560144081709521093e-16
9.779842495918273926e-01 1.098080976732855596e-14 9.520599505161500553e-16
9.783659577369689941e-01 1.184767429697692123e-14 4.492356232189021348e-16
9.787482619285583496e-01 1.100504507401539600e-14 8.368225474103009858e-16
9.791310429573059082e-01 1.171179411861133363e-14 7.021633140986212503e-16
9.795143604278564453e-01 1.117326327624125828e-14 1.211057003039860656e-15
9.798982143402099609e-01 1.038957992311210707e-14 2.586266608977440566e-16
9.802826046943664551e-01 1.073816362706040556e-14 6.344747407616027710e-16
9.806675314903259277e-01 1.087303922435054956e-14 9.235615270057791204e-16
9.810529947280883789e-01 1.143549535934876987e-14 5.091954444286987506e-16
9.814389944076538086e-01 1.135296724523188888e-14 1.608111849757431263e-15
9.818255901336669922e-01 1.063529147561637078e-14 1.215102750033302415e-15
9.822126626968383789e-01 1.067759653616698681e-14 5.723197807294374325e-16
9.826002717018127441e-01 1.122042352964553596e-14 1.324963982083369237e-15
9.829884171485900879e-01 1.174562884968940665e-14 8.741801414555638514e-16
9.833771586418151855e-01 1.043684351453594977e-14 6.488095028444609228e-16
9.837664365768432617e-01 1.091357991527203489e-14 5.908083923856306732e-16
9.841561913490295410e-01 1.044665893232873261e-14 3.309445075195237024e-16
9.845465421676635742e-01 1.136824771960035646e-14 8.925897672894256285e-16
9.849374890327453613e-01 9.901602548133010134e-15 1.254836959709883237e-15
9.853289127349853516e-01 1.222980982299890981e-14 5.380408338100887283e-15
9.857208728790283203e-01 8.661683532690169635e-15 1.395856722241173124e-15
9.861134886741638184e-01 1.135728796029583307e-14 7.368485721348560016e-16
9.865065813064575195e-01 1.031927025925936936e-14 5.242356790775013278e-16
9.869002103805541992e-01 1.042288864672993517e-14 7.854026182538406328e-16
9.872944355010986328e-01 1.133438249533618228e-14 1.141203995824811423e-15
9.876891970634460449e-01 9.809975606096723449e-15 4.373162814642580273e-16
9.880844950675964355e-01 9.247071390669405616e-15 5.405812973771411886e-16
9.884803891181945801e-01 1.161944719856988079e-14 1.477541826817299273e-15
9.888768196105957031e-01 9.876439740368926634e-15 4.233572579028459628e-16
9.892738461494445801e-01 9.783741301654363259e-15 1.177244294818416241e-15
9.896714091300964355e-01 1.084815000822842920e-14 6.571456305344233230e-16
9.900695085525512695e-01 1.042425575790680362e-14 6.059774819215343108e-16
9.904682040214538574e-01 9.495206304435763883e-15 7.563213301966403325e-16
9.908674359321594238e-01 1.045120411112369918e-14 3.815926573121373793e-16
9.912672638893127441e-01 9.984559260921201801e-15 6.713922482512078242e-16
9.916676282882690430e-01 9.953770460321455238e-15 2.482613863732951748e-16
9.920685887336730957e-01 9.566243569590193035e-15 4.813752296112824933e-16
9.924701452255249023e-01 8.601002092348871558e-15 1.045288314218339402e-15
9.928722381591796875e-01 1.106054267271949776e-14 2.224001470046413007e-16
9.932748675346374512e-01 1.006929135476683848e-14 7.502670563270218140e-16
9.936780929565429688e-01 1.006390591928819564e-14 1.778674030376362612e-16
9.940819144248962402e-01 8.741360533906592650e-15 1.611108758203935384e-15
9.944862723350524902e-01 8.775265568719287784e-15 5.692082051976987602e-16
9.948912262916564941e-01 8.607935904055095261e-15 7.761315779483462986e-16
9.952967762947082520e-01 1.037075715695822201e-14 1.084257759022667997e-15
9.957028627395629883e-01 1.106016489602502234e-14 3.783363185557570268e-16
9.961095452308654785e-01 9.820237410252709298e-15 5.599796224186855478e-16
9.965168237686157227e-01 8.880670348675612918e-15 1.991696119756579918e-15
9.969246983528137207e-01 1.001931302274704574e-14 1.559865276598299943e-15
9.973331093788146973e-01 8.872534597217235364e-15 3.601656354223597674e-16
9.977421164512634277e-01 9.311762684983005550e-15 9.175615691239032840e-16
9.981517195701599121e-01 1.034345559100232140e-14 1.264813949037354827e-15
9.985618591308593750e-01 1.045502592378171058e-14 8.826925578776735528e-16
9.989726543426513672e-01 1.071974658968825531e-14 8.146911117457630164e-16
9.993839859962463379e-01 9.927948660924407892e-15 6.736764314121566552e-16
9.997959136962890625e-01 8.013444982991717314e-15 1.207742351359017766e-15
1.000208497047424316e+00 9.947033160258994533e-15 9.482330556604551264e-16
1.000621557235717773e+00 8.853702513700930504e-15 1.364966489445992859e-15
1.001035213470458984e+00 9.647712892523006151e-15 3.040331590545113094e-16
1.001449584960937500e+00 1.050232678465523248e-14 4.371318665097730051e-16
1.001864433288574219e+00 9.075108455783732070e-15 6.735838401231099195e-16
1.002279877662658691e+00 9.552984962866821472e-15 2.033889292548819575e-16
1.002696037292480469e+00 1.020763131681125258e-14 1.028597635871811820e-15
1.003112673759460449e+00 8.690798596186141700e-15 3.347695230208669109e-16
1.003529906272888184e+00 8.623439148088690720e-15 7.675026415564299275e-16
1.003947854042053223e+00 8.338914004842393202e-15 1.274892052922904900e-15
1.004366278648376465e+00 8.405855865696847812e-15 6.367960874931123845e-16
1.004785418510437012e+00 9.284551751552461152e-15 6.211507007430558131e-16
1.005205035209655762e+00 9.187364038217449985e-15 8.991580842789091005e-16
1.005625367164611816e+00 7.730703691132337352e-15 7.376801467308229110e-16
1.006046175956726074e+00 9.127212840501133101e-15 7.190308635124473702e-16
1.006467700004577637e+00 8.756783309810198951e-15 6.224643959046880295e-16
1.006889820098876953e+00 9.193390677637164332e-15 7.434818459634820378e-16
1.007312417030334473e+00 7.526694111720244607e-15 5.680169592365039936e-16
1.007735729217529297e+00 7.042607582584360301e-15 6.939055898958390763e-16
1.008159637451171875e+00 7.949550746681483676e-15 3.519185785407570773e-16
1.008584141731262207e+00 8.454951589385601568e-15 2.137235782443316760e-16
1.009009242057800293e+00 7.759267336179646868e-15 7.372925232783356618e-16
1.009435057640075684e+00 8.564783810557224930e-15 5.794933027597341021e-16
1.009861350059509277e+00 7.620639382933166311e-15 8.605207822690225973e-16
1.010288357734680176e+00 8.120381198516678223e-15 5.220053354482623482e-16
1.010715961456298828e+00 8.707582554035985661e-15 6.227317936182243715e-16
1.011144161224365234e+00 8.698499819742577799e-15 6.110309863639718734e-16
1.011572957038879395e+00 7.819624362902146547e-15 1.045608069155927900e-15
1.012002348899841309e+00 8.694461166650069295e-15 6.994326386953509962e-16
1.012432456016540527e+00 7.865610628641529767e-15 3.890443237864886798e-16
1.012863039970397949e+00 8.305739959463178529e-15 1.655555144514989888e-16
1.013294339179992676e+00 6.637122746338359677e-15 1.167070793847181653e-15
1.013726353645324707e+00 6.989031054604631296e-15 2.091328793693840622e-15
1.014158844947814941e+00 7.806294605411205623e-15 3.919465763011371331e-16
1.014591932296752930e+00 7.740244670250209791e-15 8.212184535164230616e-16
1.015025734901428223e+00 8.911978380472026368e-15 6.171160181174875636e-16
1.015460133552551270e+00 7.791584184216240189e-15 3.657222774354663844e-16
1.015895128250122070e+00 8.370300810702901301e-15 2.633586369273598071e-16
1.016330838203430176e+00 8.756645243439796500e-15 4.022095451274254564e-16
1.016767144203186035e+00 7.305585478201929300e-15 7.380450591124119043e-16
1.017204046249389648e+00 8.642148411827643706e-15 8.020908084410856547e-16
1.017641544342041016e+00 8.354530751290920737e-15 9.831742235258790832e-16
1.018079757690429688e+00 8.067792310953447732e-15 9.539247994286488043e-16
1.018518567085266113e+00 7.668239246437068973e-15 1.633196095215656927e-15
1.018957972526550293e+00 7.434230301132070673e-15 4.289289082809867419e-16
1.019398093223571777e+00 7.744400213889439388e-15 1.017750531949273250e-15
1.019838809967041016e+00 6.344498697566890166e-15 3.087096014865226999e-16
1.020280122756958008e+00 7.584709092343586145e-15 3.236004671690329015e-16
1.020722150802612305e+00 7.150202366225811429e-15 1.884002021502063223e-15
1.021164774894714355e+00 5.992022453709484539e-15 4.580592713095685883e-16
1.021608114242553711e+00 7.637587665174777607e-15 4.026535756802439216e-16
1.022051930427551270e+00 7.838283651697211529e-15 8.427972001828776000e-16
1.022496461868286133e+00 8.381914479442705013e-15 9.709662552944580728e-16
1.022941708564758301e+00 8.239911099901416069e-15 5.989866013704893497e-16
1.023387551307678223e+00 7.607224075114552703e-15 9.206882853695741269e-16
1.023833990097045898e+00 7.297217639716004067e-15 6.033770378339044053e-17
1.024281144142150879e+00 7.650426143556311037e-15 3.778214813425040224e-16
1.024728894233703613e+00 7.956081370704814332e-15 1.144998226972477858e-16
1.025177359580993652e+00 7.718468300209248983e-15 5.320103827421117371e-16
1.025626420974731445e+00 7.757192105458873832e-15 2.839708925312175872e-16
1.026076197624206543e+00 8.286662236392169922e-15 1.224433770859374195e-15
1.026526570320129395e+00 7.631818523771028567e-15 3.631461326055108367e-16
1.026977539062500000e+00 8.581227261162272663e-15 4.437215975509542498e-16
1.027429223060607910e+00 8.962178635123999731e-15 6.975796482441138074e-16
1.027881622314453125e+00 7.641873651887884367e-15 2.319790308469033696e-16
1.028334498405456543e+00 8.370833594426724256e-15 2.512546631660379434e-15
1.028788208961486816e+00 8.250057707576575333e-15 3.937956756947728724e-16
1.029242515563964844e+00 7.817016348457550556e-15 1.703514652914340805e-15
1.029697418212890625e+00 7.954959899082649638e-15 9.929249491773153684e-16
1.030153036117553711e+00 8.392621822928946623e-15 4.065841791324182990e-16
1.030609369277954102e+00 7.939742105152278878e-15 7.273065342257994947e-16
1.031066298484802246e+00 8.074178939375745157e-15 1.012259640868697248e-15
1.031523823738098145e+00 7.647978218338746109e-15 3.433052328490261056e-16
1.031982183456420898e+00 7.397675747260364087e-15 2.147507777464449262e-16
1.032441020011901855e+00 7.905598207048458032e-15 6.409084324520320126e-16
1.032900691032409668e+00 7.072670475948309929e-15 5.957857697419337555e-16
1.033360958099365234e+00 7.897365046801146232e-15 7.142419509869083697e-16
1.033821821212768555e+00 7.773014680913584162e-15 5.473035096652289263e-16
1.034283399581909180e+00 7.128780055956802919e-15 5.387737290677005117e-16
1.034745693206787109e+00 8.592270876728574230e-15 2.309038548692620438e-16
1.035208582878112793e+00 8.435780692690394988e-15 1.004119442487346608e-15
1.035672187805175781e+00 6.582451851790778116e-15 1.062649101505263542e-15
1.036136507987976074e+00 7.676279283172406792e-15 9.375036893175849040e-16
1.036601424217224121e+00 6.965663533172253286e-15 5.441025192179957219e-16
1.037067055702209473e+00 6.773281598543593948e-15 1.617130024258390587e-16
1.037533402442932129e+00 7.087686676037234165e-15 8.142139674986628283e-16
1.038000345230102539e+00 7.283089130155802338e-15 3.824976061371601925e-16
1.038468003273010254e+00 6.223702058409533514e-15 4.411591375970527794e-16
1.038936257362365723e+00 6.953373508624067015e-15 3.548638709170378897e-16
1.039405345916748047e+00 6.850284093229061511e-15 5.908266035939966406e-16
1.039875030517578125e+00 7.095041463118243255e-15 8.946772799879338517e-16
1.040345430374145508e+00 7.089122820399303831e-15 3.062515912829295254e-16
1.040816426277160645e+00 7.669332765971974275e-15 7.794515765246687322e-16
1.041288137435913086e+00 6.571106692495254017e-15 5.728699286286791006e-16
1.041760563850402832e+00 7.111420115702826034e-15 3.584081479359255010e-16
1.042233705520629883e+00 7.442106013475641157e-15 8.001664554640422911e-16
1.042707443237304688e+00 7.344765834210124217e-15 3.836998370568896633e-16
1.043182015419006348e+00 7.442305913251193172e-15 5.419391970707082389e-16
1.043657183647155762e+00 7.632652004191126799e-15 3.779287104196704964e-16
1.044132947921752930e+00 7.146100185662258852e-15 3.808194221104126099e-16
1.044609546661376953e+00 7.414231853247396642e-15 8.543955693900715312e-16
1.045086741447448730e+00 7.376164498531893876e-15 7.479544446227807605e-16
1.045564770698547363e+00 6.400932267677707926e-15 7.479417391285719460e-16
1.046043276786804199e+00 7.716143194769035929e-15 3.143771254063808251e-16
1.046522617340087891e+00 7.277639320173168169e-15 7.191019084008983247e-16
1.047002673149108887e+00 7.405541295208567520e-15 6.965195865106250505e-16
1.047483444213867188e+00 6.978758239020331142e-15 1.772888662997717732e-16
1.047964811325073242e+00 7.609123970015244098e-15 4.603224374655136720e-16
1.048446893692016602e+00 7.361815760405406028e-15 1.852639726657466296e-16
1.048929691314697266e+00 8.569886337031484835e-15 8.645981341793087822e-16
1.049413204193115234e+00 6.615602603763943296e-15 8.138479433863305638e-16
1.049897432327270508e+00 6.752327273977943439e-15 1.765155119840387961e-16
1.050382375717163086e+00 7.327944606910601066e-15 3.900567399166943823e-16
1.050868034362792969e+00 6.453042581625739738e-15 2.637883737991933561e-16
1.051354408264160156e+00 7.375854484473198802e-15 1.360053936579934332e-16
1.051841378211975098e+00 7.087153892313411210e-15 3.872641252291561574e-16
1.052329182624816895e+00 8.028423913630962361e-15 6.957316870510009410e-16
1.052817583084106445e+00 7.416651826377702178e-15 7.264477486964020410e-16
1.053306698799133301e+00 6.200838098064298184e-15 4.592849809238047643e-16
1.053796648979187012e+00 7.533064646516544199e-15 6.570524569102253500e-16
1.054287195205688477e+00 6.824141691861478412e-15 8.273313314780797369e-16
1.054778456687927246e+00 7.271112931314573785e-15 4.186820066109166487e-16
1.055270552635192871e+00 7.361553180191757195e-15 3.964142251116503386e-16
1.055763244628906250e+00 6.908570971428471680e-15 2.590405423715961891e-16
1.056256651878356934e+00 6.940471502771489512e-15 5.394904777597552600e-16
1.056750893592834473e+00 6.888135031026540803e-15 2.578684605308330510e-16
1.057245731353759766e+00 6.294783792793693517e-15 6.281930914852056763e-16
1.057741403579711914e+00 7.016970012853340766e-15 3.712462292707649058e-16
1.058237671852111816e+00 6.767459517580641515e-15 4.043272598444592157e-16
1.058734774589538574e+00 6.467664487877717097e-15 1.381326242607940026e-16
1.059232473373413086e+00 7.108976425649997377e-15 3.737959043211187566e-16
1.059731006622314453e+00 7.025541562763080658e-15 3.803015144027258087e-16
1.060230255126953125e+00 6.504691686133991582e-15 5.462528182337191701e-16
1.060730099678039551e+00 6.199671310179455386e-15 3.348198685416693384e-16
1.061230897903442383e+00 6.831708237179301077e-15 1.562289934879594979e-16
1.061732292175292969e+00 5.943795785824613695e-15 2.439055194420399354e-16
1.062234401702880859e+00 6.119628390729818512e-15 3.689034684875575195e-16
1.062737226486206055e+00 6.585714622703601681e-15 8.551734632730061993e-16
1.063240885734558105e+00 6.468201506766276324e-15 4.432477620263042739e-16
1.063745141029357910e+00 6.275180485778913617e-15 4.818813317972669378e-16
1.064250230789184570e+00 6.025588675343277953e-15 4.218214018810167044e-16
1.064756035804748535e+00 5.427203943821371987e-15 5.734597282577641106e-16
1.065262556076049805e+00 6.621458566044785901e-15 3.127219436181071172e-16
1.065769791603088379e+00 6.076585987998617613e-15 8.560430484724811454e-16
1.066277861595153809e+00 5.871673894981225411e-15 2.375275731074518674e-16
1.066786646842956543e+00 5.900329443103312019e-15 7.586391299776833186e-16
1.067296147346496582e+00 5.594728849579906627e-15 3.560353439528701888e-16
1.067806363105773926e+00 5.963380034598080373e-15 1.041357763705724228e-15
1.068317294120788574e+00 5.760432210985370893e-15 3.802273990198410574e-16
1.068829059600830078e+00 6.042064313200321349e-15 5.989966069471787911e-16
1.069341540336608887e+00 5.930273328338172417e-15 4.552318223920745303e-16
1.069854736328125000e+00 5.879978205996106572e-15 3.440496689305442288e-16
1.070368766784667969e+00 5.948712388566951281e-15 2.122733651944037079e-16
1.070883393287658691e+00 5.498315747875159518e-15 3.522128960201483449e-16
1.071398854255676270e+00 7.402408120336673863e-15 8.528461873108658057e-16
1.071915149688720703e+00 5.821104333964249172e-15 7.536296183089437762e-16
1.072432160377502441e+00 6.128701807660806578e-15 1.518578931985434819e-16
1.072949886322021484e+00 6.606940844845320820e-15 2.101163428546614287e-16
1.073468327522277832e+00 5.858251387382560141e-15 3.365096463318824642e-16
1.073987603187561035e+00 5.299505680209787295e-15 1.793589486484122790e-16
1.074507594108581543e+00 5.142100700588573409e-15 4.003976688613546033e-17
1.075028300285339355e+00 5.694004922646373271e-15 1.469101222907248975e-16
1.075549840927124023e+00 5.272474741280534435e-15 4.029085325973674660e-16
1.076072216033935547e+00 6.736012572380878360e-15 2.941327732692070301e-16
1.076595187187194824e+00 5.637668761324489755e-15 3.043431466434267816e-16
1.077118992805480957e+00 5.930082322408566572e-15 6.651335218039457989e-16
1.077643632888793945e+00 5.940735455786183908e-15 3.496889495955673435e-16
1.078168988227844238e+00 5.558644822510399805e-15 1.729882947381044785e-16
1.078695058822631836e+00 5.307415697387721579e-15 3.638353262570002185e-16
1.079221963882446289e+00 5.876222461907981004e-15 2.696968785925453298e-16
1.079749584197998047e+00 5.847699050925666067e-15 4.240305167470151231e-16
1.080278038978576660e+00 5.957081921118771023e-15 2.514280719861645801e-16
1.080807209014892578e+00 6.334726054937943676e-15 4.134077971461601374e-16
1.081337213516235352e+00 6.090383307676442912e-15 1.985205015114194596e-16
1.081867933273315430e+00 5.833258833240874755e-15 7.654507042417063849e-16
1.082399487495422363e+00 6.035698437085231655e-15 1.339089077042002348e-16
1.082931876182556152e+00 5.254127584126532663e-15 4.606717856166968675e-16
1.083464860916137695e+00 5.862394649044054551e-15 7.204345559247253561e-16
1.083998918533325195e+00 7.263870799615549517e-15 1.038980248101899814e-15
1.084533572196960449e+00 2.458228102818855662e-15 1.873176093403206011e-15
1.085069060325622559e+00 6.319016134865218168e-15 1.261228246813390561e-15
1.085605144500732422e+00 6.526682355510607728e-15 9.291743908307597416e-16
1.086142063140869141e+00 5.738998042255100823e-15 4.415449611045271132e-16
1.086679935455322266e+00 4.806401638317433708e-15 7.606577683096679265e-16
1.087218523025512695e+00 6.020495889747911472e-15 7.690746288274155022e-16
1.087757945060729980e+00 6.323475763332512059e-15 2.295544519749471383e-16
1.088298082351684570e+00 5.390158110840257907e-15 6.690833423161110082e-16
1.088839054107666016e+00 5.260171164205192096e-15 5.385470418751915796e-16
1.089380741119384766e+00 5.579604652790207467e-15 3.081877497816752458e-16
1.089923381805419922e+00 5.633288330437764141e-15 2.810380409513495723e-16
1.090466737747192383e+00 4.814900766910183358e-15 6.313283309999082656e-16
1.091010808944702148e+00 5.386672146745832834e-15 2.813440316035451883e-16
1.091555833816528320e+00 4.553811754764991448e-15 3.731516298856134544e-16
1.092101573944091797e+00 5.516164849656175762e-15 4.433495912684320018e-16
1.092648148536682129e+00 5.310125355785988085e-15 2.930275011521585749e-16
1.093195438385009766e+00 5.161515119256115600e-15 8.318184355766001896e-16
1.093743562698364258e+00 4.000779708337922486e-15 6.347140275692021109e-16
1.094292640686035156e+00 5.269880702879568141e-15 1.023947107354030491e-15
1.094842314720153809e+00 4.385208999581075712e-15 3.136814201891094259e-16
1.095392942428588867e+00 5.241696528592628551e-15 2.034486318427735849e-16
1.095944404602050781e+00 4.209463215552964460e-15 1.685449054805962282e-16
1.096496582031250000e+00 6.277644928138950003e-15 9.657991425579700272e-16
1.097049593925476074e+00 5.144670175034069329e-15 4.765058489557543343e-16
1.097603440284729004e+00 4.565496997788838149e-15 9.726279221787341965e-16
1.098158121109008789e+00 4.781597972522986031e-15 2.508591305434057072e-16
1.098713636398315430e+00 5.321876667379720621e-15 8.081564113763736994e-16
1.099269866943359375e+00 4.408362645194272011e-15 4.747214681732447438e-16
1.099827051162719727e+00 5.094411475108735418e-15 1.231586434703344727e-16
1.100384950637817383e+00 4.472436028972849933e-15 2.255059785942064047e-16
1.100943803787231445e+00 4.402025991715862591e-15 2.219419551197359276e-16
1.101503372192382812e+00 4.743248555836047584e-15 1.094839185767344336e-16
1.102063775062561035e+00 4.932809023717402847e-15 5.299869269102396203e-16
1.102625012397766113e+00 4.802740338402926995e-15 6.078943174811707924e-16
1.103187084197998047e+00 4.596093098393084359e-15 2.293117770355587812e-16
1.103750109672546387e+00 4.408340622337643400e-15 3.923989183647505312e-16
1.104313731193542480e+00 4.108187297698030413e-15 5.457297753887896397e-16
1.104878425598144531e+00 4.417397098609686379e-15 1.474716124905258927e-16
1.105443835258483887e+00 4.237458077976192714e-15 2.890877126864624088e-16
1.106010079383850098e+00 4.426840245422150946e-15 4.303772552114527904e-16
1.106577157974243164e+00 4.220847338364062257e-15 5.094697772244907372e-16
1.107145071029663086e+00 4.178705755172266306e-15 4.980883013913531103e-16
1.107713937759399414e+00 4.493605499907103035e-15 3.363834119529619717e-16
1.108283519744873047e+00 4.298926835441963662e-15 2.357958407165700520e-16
1.108854055404663086e+00 4.245434163724012833e-15 5.947542424308556279e-16
1.109425306320190430e+00 3.742911962491138680e-15 9.697134273910199584e-17
1.109997510910034180e+00 3.666975458769790655e-15 4.327470945791927126e-16
1.110570549964904785e+00 4.185231296997913436e-15 3.613968242809734947e-16
1.111144423484802246e+00 4.462481274260243769e-15 4.974076045391158732e-16
1.111719131469726562e+00 4.331546074240726768e-15 1.793754128513245344e-16
1.112294673919677734e+00 3.887135415387181145e-15 3.981775359495969783e-16
1.112871170043945312e+00 4.551555258993505992e-15 3.365807706296722237e-16
1.113448500633239746e+00 3.850372491410450002e-15 5.937328795151445519e-16
1.114026665687561035e+00 4.081570981396458533e-15 2.985825020389298867e-16
1.114605665206909180e+00 3.045612629213006843e-15 2.693512097407267701e-16
1.115185499191284180e+00 2.981143681048061163e-15 2.271408580615256112e-16
1.115766286849975586e+00 3.864489989542337425e-15 5.274673215295132972e-16
1.116347908973693848e+00 3.744932983103287441e-15 3.891189420951858633e-16
1.116930365562438965e+00 3.897170214713302841e-15 3.638559991548691438e-16
1.117513775825500488e+00 3.502234538550644087e-15 5.431823237999223314e-16
1.118098020553588867e+00 3.581236666266342239e-15 6.047337199176097775e-16
1.118683099746704102e+00 4.038493003281472954e-15 2.515597326699034204e-16
1.119269013404846191e+00 4.509066392293335779e-15 8.500086798771231029e-16
1.119855880737304688e+00 3.010988463428092808e-15 6.717520784351132916e-16
1.120443582534790039e+00 3.970870551453899513e-15 8.729644374180171168e-16
1.121032238006591797e+00 3.047338882359511107e-15 2.989706019474499665e-16
1.121621727943420410e+00 3.622964473863404464e-15 1.500922000804326894e-16
1.122212171554565430e+00 4.216217456274370251e-15 5.983286155891503685e-16
1.122803330421447754e+00 3.744263403558482917e-15 9.778292338704676345e-16
1.123395562171936035e+00 2.333297942878898024e-15 6.282659532593284912e-14
1.123988509178161621e+00 3.347953416438904060e-15 1.377651972501428481e-16
1.124582529067993164e+00 3.264252161690075864e-15 4.314330817802052758e-16
1.125177383422851562e+00 3.933856482208307470e-15 2.200044334273407198e-16
1.125773072242736816e+00 4.009458831431963674e-15 6.690654487451002611e-16
1.126369714736938477e+00 3.089425620167972342e-15 4.218772795857558865e-16
1.126967191696166992e+00 3.018425412704985565e-15 3.296988926310270504e-16
1.127565622329711914e+00 4.333018641019528369e-15 8.672257892003692320e-16
1.128164887428283691e+00 3.262149190640280250e-15 4.361939892789256810e-16
1.128765106201171875e+00 3.517429039074965354e-15 6.226771599931264691e-16
1.129366278648376465e+00 3.739869420144601234e-15 1.072672532061046309e-16
1.129968285560607910e+00 4.331676093798130303e-15 9.248208532401094514e-16
1.130571126937866211e+00 1.195154594729871608e-15 1.048700480567234944e-15
1.131175041198730469e+00 3.643914986780792328e-15 1.042464941646904005e-15
1.131779789924621582e+00 2.594719203697650432e-15 1.033377442793167837e-15
1.132385373115539551e+00 3.353292688621921543e-15 6.157400660342321561e-16
1.132992029190063477e+00 4.829097462622639059e-15 1.168297509313042694e-15
1.133599519729614258e+00 2.539600016962734533e-15 4.041778379386076368e-16
1.134207963943481445e+00 2.697308234379065459e-15 2.073883276642411451e-16
1.134817242622375488e+00 2.602335300442887474e-15 3.140005663217670853e-16
1.135427594184875488e+00 2.037249975176389817e-15 7.865955582809299081e-16
1.136038780212402344e+00 2.970394409430930464e-15 3.076918649306170563e-16
1.136650919914245605e+00 2.487680708944308566e-15 8.006455055352738014e-16
1.137263894081115723e+00 3.375380766787471933e-15 3.029362778575965922e-16
1.137877941131591797e+00 3.164942207305719048e-15 1.140472688753975741e-16
1.138492822647094727e+00 3.328447094696584778e-15 3.582493821978745231e-16
1.139108657836914062e+00 3.508003679954393127e-15 2.360681088695531062e-16
1.139725446701049805e+00 3.895125477178630960e-15 8.904573486098231266e-17
1.140343189239501953e+00 2.884410612647488742e-15 1.919785748921988794e-16
1.140961766242980957e+00 1.747141190741791951e-15 5.689955999279379308e-16
1.141581416130065918e+00 2.302576269640221364e-15 4.040754263613286715e-16
1.142201900482177734e+00 2.955822689881077922e-15 8.733837716664671989e-16
1.142823457717895508e+00 3.394633825678562179e-15 2.624529204787285448e-16
1.143445849418640137e+00 3.274265149917805762e-15 5.431627891025762791e-16
1.144069314002990723e+00 1.351977133320729756e-15 4.768017810917013054e-16
1.144693613052368164e+00 2.194008456900611859e-15 8.069124905537715560e-16
1.145318865776062012e+00 3.045345390318148111e-15 6.128698419529017560e-16
1.145945191383361816e+00 3.282957190264292578e-15 3.657367299351289109e-16
1.146572351455688477e+00 3.377105325868081688e-15 6.076235845754046367e-16
1.147200584411621094e+00 2.482485855878797942e-15 8.353978909325784560e-16
1.147829651832580566e+00 2.176686209612787790e-15 1.284497803591462691e-16
1.148459792137145996e+00 3.484810647309149502e-15 2.546634731468799904e-16
1.149090766906738281e+00 2.703157420396330030e-15 2.173399192381849070e-17
1.149722814559936523e+00 2.781993741412603152e-15 4.126593376581425563e-16
1.150355815887451172e+00 2.496966307628583834e-15 3.322051307730545166e-16
1.150989770889282227e+00 2.929179480283430718e-15 5.785676016275035586e-16
1.151624679565429688e+00 2.688960936442111142e-15 1.606566729312741411e-16
1.152260661125183105e+00 2.362590671535556679e-15 7.126823515727763892e-16
1.152897596359252930e+00 2.832875857587116228e-15 7.517035183264467006e-16
1.153535366058349609e+00 2.870448968577896109e-15 1.298129078341846545e-16
1.154174327850341797e+00 3.195968812405407256e-15 7.089877526755307413e-16
1.154814124107360840e+00 2.775612195187989253e-15 6.356626515305677239e-16
1.155454993247985840e+00 3.316520447282770602e-15 4.901063922920206178e-16
1.156096816062927246e+00 3.096806029995635874e-15 4.082353110444129473e-16
1.156739592552185059e+00 5.074782333589064262e-15 1.199289703699248696e-15
1.157383441925048828e+00 3.808969097432186174e-15 1.511113765923486653e-15
1.158028125762939453e+00 3.160836850368614268e-15 8.299193877088560482e-16
1.158674001693725586e+00 2.817881468596583790e-15 3.438736448961929445e-16
1.159320712089538574e+00 3.878734966132786621e-15 4.046432560733442731e-16
1.159968495368957520e+00 1.969127562151699526e-15 1.782360344232592929e-16
1.160617351531982422e+00 3.101321139120974922e-15 8.720050667261332149e-16
1.161267161369323730e+00 3.153580530867723490e-15 5.141791745321062403e-16
1.161917924880981445e+00 2.524701766211715458e-15 4.822453442063494734e-16
1.162569761276245117e+00 2.193453015045449851e-15 4.905515610453619561e-16
1.163222551345825195e+00 2.366497399246530325e-15 2.124649666940505908e-16
1.163876414299011230e+00 2.815833766446596519e-15 4.063705680110326051e-16
1.164531230926513672e+00 2.643560393985754271e-15 7.093834758805761097e-16
1.165187120437622070e+00 3.025480561880903446e-15 1.393332537588575708e-16
1.165843963623046875e+00 1.345990939724246802e-15 2.035076859210649706e-16
1.166501998901367188e+00 2.895535755134963536e-15 5.675163098251174987e-16
1.167160868644714355e+00 2.683337696463526656e-15 3.536856216176275563e-16
1.167820811271667480e+00 2.425997228626408653e-15 1.631868397540615413e-16
1.168481826782226562e+00 2.828752501199882294e-15 3.052680007427100708e-16
1.169143915176391602e+00 2.216634824504142356e-15 3.133140461180174748e-16
1.169806957244873047e+00 2.773910082480481737e-15 2.921822152103579866e-16
1.170471072196960449e+00 2.304457318057836351e-15 4.602037469737796632e-16
1.171136140823364258e+00 2.631473445586672219e-15 4.940236549752757399e-16
1.171802282333374023e+00 2.614222984341127952e-15 1.480920111848304643e-16
1.172469615936279297e+00 2.461905284601123393e-15 2.717022290951698858e-16
1.173137784004211426e+00 2.685026680160351731e-15 1.154800780452374265e-16
1.173807144165039062e+00 2.872498788310251516e-15 2.177181591538033547e-16
1.174477458000183105e+00 2.351159961912359896e-15 2.202494112375544245e-17
1.175148963928222656e+00 2.259399823945117472e-15 2.594299128295371503e-16
1.175821423530578613e+00 2.070495806597884292e-15 2.954520270845556029e-16
1.176494956016540527e+00 2.917097190565558565e-15 1.649105650366138433e-16
1.177169442176818848e+00 2.708982254216361039e-15 3.090945514912701777e-16
1.177845120429992676e+00 2.440786212127231923e-15 5.071471599435602422e-16
1.178521871566772461e+00 2.899919574153478168e-15 1.771315961042682911e-16
1.179199576377868652e+00 2.602590469118247832e-15 3.907548274141299342e-16
1.179878473281860352e+00 2.373492832599666778e-15 2.086081874571853460e-16
1.180558323860168457e+00 2.531652942093357873e-15 4.417400963197508227e-16
1.181239366531372070e+00 2.396422649756551129e-15 8.700722434196173083e-17
1.181921362876892090e+00 2.304763732226505595e-15 5.196788006399508022e-16
1.182604551315307617e+00 2.138985831921682949e-15 2.419727755448628339e-16
1.183288693428039551e+00 2.408966148914203249e-15 1.878605521655546872e-16
1.183974027633666992e+00 2.580100050302751649e-15 1.127660124286672372e-16
1.184660434722900391e+00 2.147121159863586877e-15 2.118804742557757210e-16
1.185347795486450195e+00 1.994393072660637610e-15 3.904499749624571912e-16
1.186036348342895508e+00 1.874605037985224015e-15 6.056432744842832859e-16
1.186726093292236328e+00 2.882764615872736823e-15 3.276260971299773707e-16
1.187416791915893555e+00 2.583432489675486880e-15 2.409592212141342584e-16
1.188108563423156738e+00 1.855759401941763087e-15 3.916868812934648850e-16
1.188801527023315430e+00 2.498529506932741645e-15 1.147324126506078963e-15
1.189495563507080078e+00 2.800500564277162360e-15 4.094565207961168348e-17
1.190190672874450684e+00 2.304606607614789922e-15 3.682007752484712723e-16
1.190886974334716797e+00 2.303490641706782381e-15 3.454695873177180548e-16
1.191584229469299316e+00 2.346306886641066382e-15 7.263687364042909758e-17
1.192282795906066895e+00 2.079425863202549567e-15 2.162842250183304301e-16
1.192982316017150879e+00 2.286704354516333471e-15 1.137262036837187918e-16
1.193683028221130371e+00 2.439364043808791953e-15 2.532991975451513814e-17
1.194384813308715820e+00 2.088291121786749888e-15 8.540431375095647380e-17
1.195087790489196777e+00 1.997030945016624315e-15 9.715888112758001827e-17
1.195791721343994141e+00 2.164319105066401377e-15 8.816432428747030849e-17
1.196496963500976562e+00 2.262796426063607216e-15 2.020368396779374798e-16
1.197203278541564941e+00 2.297603550965128180e-15 1.159396595935718887e-16
1.197910666465759277e+00 1.988982649710050767e-15 2.862047831109231942e-16
1.198619246482849121e+00 2.198261197570538887e-15 4.427085990855973100e-16
1.199328899383544922e+00 2.154578437931213737e-15 6.951875742615084598e-16
1.200039744377136230e+00 1.962421178791813603e-15 1.269154463496441083e-16
1.200751781463623047e+00 2.187082056732676631e-15 2.720499361200177761e-16
1.201464891433715820e+00 1.721859374848619222e-15 7.261572163954938160e-16
1.202179074287414551e+00 1.217583497777573447e-15 7.510866665826087564e-16
1.202894449234008789e+00 6.236131313998424710e-16 5.810364909105130305e-16
1.203611016273498535e+00 1.627200901894109396e-15 5.873367749117497198e-16
1.204328775405883789e+00 2.199506336003002709e-15 4.792408124633200633e-16
1.205047607421875000e+00 1.869848524469917492e-15 7.644041553307042943e-17
1.205767631530761719e+00 1.613528837213359327e-15 2.134958190257488751e-16
1.206488847732543945e+00 1.922727520817582580e-15 3.561701810101612327e-16
1.207211136817932129e+00 1.837068984685886509e-15 3.859928478893356603e-17
1.207934737205505371e+00 2.225094566064844681e-15 3.268481238377038975e-16
1.208659410476684570e+00 2.136249915502051559e-15 2.027385932398478668e-17
1.209385156631469727e+00 2.020735797320246351e-15 1.502169124470260843e-16
1.210112214088439941e+00 2.113981207560499190e-15 5.155907549387055318e-16
1.210840463638305664e+00 1.842480466427657421e-15 6.596718004204908670e-16
1.211569786071777344e+00 1.383781526424234225e-15 3.775860591227265303e-16
1.212300300598144531e+00 2.295123862012041216e-15 4.119975137587613290e-16
1.213032007217407227e+00 1.345967222801723682e-15 4.484937811757849779e-16
1.213765025138854980e+00 1.225166877875222791e-15 6.553480678016720875e-16
1.214499115943908691e+00 2.139858275857354879e-15 4.205043715271546741e-16
1.215234398841857910e+00 2.363027952294576711e-15 1.148787640620256784e-16
1.215970873832702637e+00 2.170322874596539858e-15 2.810806043569491009e-16
1.216708540916442871e+00 2.246278860075674733e-15 2.346341879689699825e-16
1.217447400093078613e+00 1.605119917629492261e-15 4.103798925877424290e-16
1.218187451362609863e+00 1.585219302050226101e-15 3.152094146863969803e-16
1.218928813934326172e+00 1.491137976170151674e-15 8.322068266526958880e-17
1.219671249389648438e+00 1.926282729855445693e-15 5.051840552091799944e-16
1.220414996147155762e+00 1.725789290086523955e-15 3.336687110616813417e-17
1.221159934997558594e+00 3.829660947663306256e-16 9.352471935460994479e-16
1.221905946731567383e+00 8.556458958993372853e-16 6.519436835679794442e-16
1.222653388977050781e+00 1.410561425963744592e-15 1.604870678184762683e-16
1.223401904106140137e+00 -3.284104761089144545e-16 8.239269472443870937e-16
1.224151730537414551e+00 1.380125838103003072e-15 2.434683445621383096e-16
1.224902749061584473e+00 1.525266098285329910e-15 3.778672211216557546e-16
1.225654959678649902e+00 1.500552323862409596e-15 1.469905242462650518e-16
1.226408362388610840e+00 1.189100850255845124e-15 2.725463503666679995e-16
1.227163076400756836e+00 1.578148694523020829e-15 3.610814368570192763e-16
1.227918982505798340e+00 1.303588152747341307e-15 5.092223906643332781e-16
1.228676199913024902e+00 1.521847473310211554e-15 9.414994613671386590e-16
1.229434609413146973e+00 2.161425005243870247e-15 7.151971394536152035e-16
1.230194211006164551e+00 1.086619498637849800e-15 4.963581836570269985e-16
1.230955123901367188e+00 9.452400647413320561e-16 2.006864176971079089e-16
1.231717228889465332e+00 1.711433881575576479e-15 1.258168313821654799e-16
1.232480645179748535e+00 2.092620730696640244e-15 3.034329303322632308e-16
1.233245253562927246e+00 8.800553207963972887e-16 3.639738955532151017e-16
1.234011173248291016e+00 1.332603054597300551e-15 1.776679267785578734e-16
1.234778285026550293e+00 1.173163395957663429e-15 1.387882939364178353e-16
1.235546708106994629e+00 1.093656224847164900e-15 2.094443016203539464e-16
1.236316442489624023e+00 1.415979683969093537e-15 3.646481867187887282e-16
1.237087368965148926e+00 1.185743846927639518e-15 3.473958461188927406e-16
1.237859487533569336e+00 1.117470026763627521e-15 3.335521778569848711e-16
1.238633036613464355e+00 1.203218560145969361e-15 4.248528533899010402e-16
1.239407777786254883e+00 7.149799813817628823e-16 1.980219167428418970e-16
1.240183830261230469e+00 1.156923445018193542e-15 4.358348208395102560e-16
1.240961194038391113e+00 1.215569041670765908e-15 3.037657348711953658e-16
1.241739749908447266e+00 1.572745047836012020e-15 1.986197367151462212e-16
1.242519617080688477e+00 8.356532184266164242e-16 2.296795746231243595e-16
1.243300795555114746e+00 1.561636422491008685e-15 2.331123609303296235e-16
1.244083285331726074e+00 1.487830100752886818e-15 4.393428342603435425e-16
1.244866967201232910e+00 8.320586752962651905e-16 7.404985032790237860e-17
1.245652079582214355e+00 1.026164533730823843e-15 1.533559636099913180e-16
1.246438384056091309e+00 1.216326924400321693e-15 1.551864944532364669e-16
1.247225999832153320e+00 9.058397978042062419e-16 4.390659868354893948e-16
1.248015046119689941e+00 8.042251197099296780e-16 1.750306764623918085e-16
1.248805284500122070e+00 1.150497323684730386e-15 2.506689716467471168e-16
1.249596834182739258e+00 8.448242559047755475e-16 1.810900722343632553e-16
1.250389695167541504e+00 6.483140415098763605e-16 2.717370897949053206e-16
1.251183867454528809e+00 6.730692146680937286e-16 1.801133108972810385e-16
1.251979351043701172e+00 1.222115441682739174e-15 2.506580396277716160e-16
1.252776145935058594e+00 1.051893477141028436e-15 8.906321153296433302e-17
1.253574371337890625e+00 1.459735606079237778e-15 3.106287134472049275e-16
1.254373788833618164e+00 9.720193290061319817e-16 3.924127951467067208e-17
1.255174636840820312e+00 9.660856514523787943e-16 2.246463725016412984e-16
1.255976796150207520e+00 1.324071209356963204e-15 1.160950636696134511e-16
1.256780147552490234e+00 1.073205143731301853e-15 1.770283904336012750e-16
1.257585048675537109e+00 1.175911911992385227e-15 2.614628977820658779e-16
1.258391141891479492e+00 1.156988984192487344e-15 2.324294406166058438e-16
1.259198665618896484e+00 1.216602739503771374e-15 3.419754175916164558e-16
1.260007500648498535e+00 8.137699104760647614e-16 1.257556067819467550e-16
1.260817646980285645e+00 7.106677366472912392e-16 3.678850701871618336e-16
1.261629104614257812e+00 8.679516434966069640e-16 4.720751254877854960e-16
1.262441992759704590e+00 9.340032197839381010e-16 4.294909675810491736e-16
1.263256192207336426e+00 1.089346627090653427e-15 2.627489584937939228e-16
1.264071822166442871e+00 4.517128240127065396e-16 3.914245393078324671e-16
1.264888763427734375e+00 4.652886445748248383e-16 2.419900603109427419e-16
1.265707015991210938e+00 1.108468806156503084e-16 3.779121403376398342e-16
1.266526699066162109e+00 6.588912066200368258e-16 5.573631905841762175e-16
1.267347693443298340e+00 1.674110751183355023e-15 5.202114255450961469e-16
1.268170118331909180e+00 3.486888683826560318e-16 6.002458746652604774e-16
1.268993973731994629e+00 5.629579490799092780e-16 7.279947087907742112e-17
1.269819140434265137e+00 3.766986068220204388e-16 2.766651804215900434e-16
1.270645618438720703e+00 7.010128845375723002e-16 5.931792376049954598e-16
1.271473526954650879e+00 9.720291757641438130e-16 6.683779226897257862e-16
1.272302865982055664e+00 5.873987141960176905e-16 5.899545302352391350e-16
1.273133516311645508e+00 1.543784911960048687e-16 6.847779099166675324e-16
1.273965597152709961e+00 1.471597878989060627e-15 7.271002817031430726e-16
1.274799108505249023e+00 8.443844869864729555e-16 3.351086538371238514e-16
1.275633931159973145e+00 6.759842256165101999e-16 6.042347116325585878e-16
1.276470184326171875e+00 1.312488986715326308e-15 2.844321019709975537e-16
1.277307868003845215e+00 1.184339863347785913e-16 7.957978300990190337e-16
1.278146862983703613e+00 1.524000842820368799e-15 3.807712471115375216e-16
1.278987407684326172e+00 4.509844815571862481e-16 1.565658876078400950e-16
1.279829263687133789e+00 1.401587958920532534e-15 2.658658809210121378e-16
1.280672550201416016e+00 1.181153245990876430e-15 4.223445770748442433e-16
1.281517267227172852e+00 1.073800078497629592e-15 1.287444816503417614e-16
1.282363414764404297e+00 1.219749043386347473e-15 4.708835618892355090e-16
1.283210873603820801e+00 1.388046972588370068e-15 4.610208690700840460e-16
1.284059882164001465e+00 1.248729534522824512e-15 3.517761181869407446e-16
1.284910202026367188e+00 1.363465547063458239e-15 2.681540080791216217e-16
1.285762071609497070e+00 1.048869463640212177e-15 5.201771207107323478e-16
1.286615252494812012e+00 1.246554989188985909e-15 3.497327570808081518e-16
1.287469983100891113e+00 1.304672566678063625e-15 3.322078836301330931e-16
1.288326025009155273e+00 1.645366688118280341e-15 3.744443874515807286e-16
1.289183616638183594e+00 1.056668519502056147e-15 2.535174375692449220e-16
1.290042519569396973e+00 7.795376562479334505e-16 3.405601843554321301e-16
1.290902972221374512e+00 1.332804860196983888e-15 5.311388387789462654e-16
1.291764855384826660e+00 4.796342063277604824e-16 2.934520499471901913e-16
1.292628169059753418e+00 1.841668373589477360e-15 4.424836588985420899e-17
1.293492913246154785e+00 1.296475193572773320e-15 4.261266585936734994e-16
1.294359087944030762e+00 1.939674532509772995e-15 2.327799534380915140e-16
1.295226812362670898e+00 1.630810426919715190e-15 2.016786770901469192e-16
1.296095848083496094e+00 1.958952790631044057e-15 1.781271112801983102e-16
1.296966433525085449e+00 1.232305883312918848e-15 2.721427656370809271e-16
1.297838568687438965e+00 1.931292929738454879e-15 3.172836395555451517e-16
1.298712015151977539e+00 1.501550975707222416e-15 1.440212105449956994e-16
1.299587011337280273e+00 1.986658391302784966e-15 2.235351446841824614e-16
1.300463438034057617e+00 1.882546183623969895e-15 3.665500139133910477e-16
1.301341414451599121e+00 1.815272285854191599e-15 4.331949897198330256e-16
1.302220821380615234e+00 1.677631020112143895e-15 1.923539957762897463e-16
1.303101658821105957e+00 2.150923067247337804e-15 2.158533896506434108e-16
1.303984045982360840e+00 2.117242707923901873e-15 6.191888930278760484e-17
1.304867982864379883e+00 2.057108450866530075e-15 7.444137410241393783e-16
1.305753231048583984e+00 1.919077444089626987e-15 2.760176766729733342e-16
1.306640148162841797e+00 1.511233938722878357e-15 5.293362467880707075e-16
1.307528376579284668e+00 1.742866744852591531e-15 1.567931703703900653e-16
1.308418273925781250e+00 2.530759745850478214e-15 4.709724474091380071e-16
1.309309482574462891e+00 1.894791315425951687e-15 5.104204658286652825e-16
1.310202360153198242e+00 1.679450658641082946e-15 3.028256341788614992e-16
1.311096668243408203e+00 2.149354362229022840e-15 2.851589356490805485e-16
1.311992406845092773e+00 1.942086458827079615e-15 1.965237272173858533e-16
1.312889814376831055e+00 1.455110700308110891e-15 2.820261578238809170e-16
1.313788652420043945e+00 2.034220350082297998e-15 1.604587716240820543e-16
1.314688920974731445e+00 2.022242245416938124e-15 1.080891928022965226e-16
1.315590858459472656e+00 1.489298432366952148e-15 1.029930323100308254e-16
1.316494226455688477e+00 2.194207509643216619e-15 3.257976706342105566e-16
1.317399024963378906e+00 1.833732098390178193e-15 2.229454244644362565e-16
1.318305492401123047e+00 1.932117092796133313e-15 3.113631902741479122e-17
1.319213390350341797e+00 1.623747442689035207e-15 2.224716948189046873e-16
1.320122838020324707e+00 1.611405537372829610e-15 8.034566755383128157e-17
1.321033835411071777e+00 1.855019730420573269e-15 1.061983704185636085e-16
1.321946382522583008e+00 1.567462315102223763e-15 1.758248624946713210e-16
1.322860479354858398e+00 1.853418838150262642e-15 3.577748055193956996e-16
1.323776006698608398e+00 1.974688756966897635e-15 1.135430857484342527e-16
1.324693202972412109e+00 1.775029538771902976e-15 3.373551705016994678e-16
1.325611829757690430e+00 1.741552467355808077e-15 2.237656699947336396e-16
1.326532125473022461e+00 1.523287111683188644e-15 9.139950045505910439e-17
1.327453851699829102e+00 1.785043797549053755e-15 5.700341814352799107e-17
1.328377127647399902e+00 1.716468857172292854e-15 9.531661093708151673e-17
1.329302072525024414e+00 1.355423498624870691e-15 3.721708186722521780e-16
1.330228447914123535e+00 1.377437779044891550e-15 3.333929621326806644e-16
1.331156492233276367e+00 1.623947554222824035e-15 1.798170545065339466e-17
1.332085967063903809e+00 1.119859506707831902e-15 3.429945570458409893e-16
1.333017110824584961e+00 1.502169521516954868e-15 2.185163024181333209e-16
1.333949685096740723e+00 1.605209385484545996e-15 2.467459385515388248e-16
1.334883928298950195e+00 1.381363564997178418e-15 2.405463191221273887e-16
1.335819721221923828e+00 1.475810173835756262e-15 2.778425032787143175e-16
1.336757183074951172e+00 1.801400639035244736e-15 4.581778890094086924e-17
1.337696075439453125e+00 1.431981830408621779e-15 3.411771618307231824e-17
1.338636636734008789e+00 1.265009084252578537e-15 1.177583055057758758e-16
1.339578628540039062e+00 1.269272412834346244e-15 3.596508776184455681e-16
1.340522289276123047e+00 1.142995046991780641e-15 2.707506934580480862e-16
1.341467618942260742e+00 1.746076787964448516e-15 2.460681269052781726e-16
1.342414379119873047e+00 1.542178275747564491e-15 1.734341120010460583e-16
1.343362808227539062e+00 1.660591681828702763e-15 6.719754569051720116e-17
1.344312787055969238e+00 1.157401700996037001e-15 1.044179865727738743e-16
1.345264434814453125e+00 1.339955829975059912e-15 3.805253957985969609e-16
1.346217632293701172e+00 1.198461411355952397e-15 5.505969259653863558e-17
1.347172379493713379e+00 8.572534585541075405e-16 9.770430417116278345e-17
1.348128795623779297e+00 1.110559931979926938e-15 2.252316722681940199e-16
1.349086761474609375e+00 1.043018901194408318e-15 2.329768356587689354e-16
1.350046396255493164e+00 1.158734930855015270e-15 2.840386816367775329e-16
1.351007580757141113e+00 1.556902143590567587e-15 4.365747570584960907e-16
1.351970434188842773e+00 1.651798315165900650e-15 3.908786530431066723e-16
1.352934837341308594e+00 1.800837785641794253e-15 2.327928971603167438e-16
1.353900790214538574e+00 1.058354220946210612e-15 4.889984202574527896e-16
1.354868412017822266e+00 1.494892555587974767e-15 6.896947773568011357e-16
1.355837702751159668e+00 1.330889083428531475e-15 6.752434423645771108e-16
1.356808543205261230e+00 2.114194448104970460e-15 1.191537128770385305e-15
1.357781052589416504e+00 1.196073413719405711e-15 2.128284841182545746e-15
1.358755111694335938e+00 -2.019067989447102633e-15 3.383069920124409657e-15
1.359730958938598633e+00 2.663220452208000209e-15 5.830355416055923827e-16
1.360708236694335938e+00 2.381928433721372355e-15 1.072386274629543758e-15
1.361687302589416504e+00 -9.223482052483965386e-17 3.041173964811157496e-15
1.362667918205261230e+00 -1.517095618476114929e-15 4.543316593032037040e-15
1.363650202751159668e+00 -3.052688107179658827e-15 4.603202669435863328e-15
1.364634037017822266e+00 5.934263277036213799e-15 1.302320779700012060e-15
1.365619540214538574e+00 5.410669860690968044e-15 3.915371682200376874e-15
1.366606712341308594e+00 3.135891663897526118e-17 4.381632402961294429e-15
1.367595553398132324e+00 -9.832963021494021093e-16 2.149671999584243202e-15
1.368585944175720215e+00 -1.073428972187613802e-15 4.590786013462062540e-15
1.369578123092651367e+00 -1.901431418457714961e-15 1.785887865880992666e-15
1.370571851730346680e+00 4.522612143185826550e-15 2.688385377554451845e-15
1.371567249298095703e+00 1.234656717378904752e-15 2.626659545589189217e-15
1.372564196586608887e+00 1.105857310935889470e-15 1.080299256422793432e-15
1.373562932014465332e+00 2.681510646396299130e-15 6.664820511955338485e-16
1.374563336372375488e+00 1.288589634471191004e-15 1.263179704844746062e-15
1.375565290451049805e+00 3.600358540929726476e-16 9.361179434158768686e-16
1.376568913459777832e+00 7.744097717248151196e-16 3.979368727134583502e-16
1.377574324607849121e+00 2.144783137170928194e-15 1.598952141344941666e-15
1.378581285476684570e+00 2.012899286720265979e-16 4.081708836008624171e-16
1.379590034484863281e+00 2.399347666281657042e-15 1.411788882583434480e-15
1.380600333213806152e+00 2.621421705601605437e-15 7.832619542378922023e-16
1.381612300872802734e+00 1.692078543456105276e-15 1.520729601578072691e-15
1.382625937461853027e+00 -5.974595200805980538e-17 2.750898526644187346e-15
1.383641362190246582e+00 3.985298063644482011e-15 3.809255818084831754e-15
1.384658336639404297e+00 -6.483671928273165679e-16 1.836358747559613779e-15
1.385676980018615723e+00 1.484627045662844681e-15 2.143352922039489308e-15
1.386697411537170410e+00 -3.430233349902239541e-15 3.207877672127329091e-15
1.387719392776489258e+00 -8.469196565976050764e-17 1.791182457076042484e-15
1.388743162155151367e+00 2.306688826357377806e-15 1.032017531396351058e-15
1.389768600463867188e+00 1.615857224906242992e-15 1.506678277895189509e-15
1.390795707702636719e+00 1.789018923170518187e-15 9.175452637396686387e-16
1.391824483871459961e+00 1.455468889365681053e-15 1.684999253841190647e-15
1.392854928970336914e+00 -6.263910818294813557e-16 1.850253179564841782e-14
1.393887162208557129e+00 1.474480014471211790e-15 6.194783400678206039e-16
1.394920945167541504e+00 1.319643132866954536e-15 7.707266607119166082e-16
1.395956516265869141e+00 -4.608057756410406571e-17 3.637472083607061696e-16
1.396993756294250488e+00 1.718705950595330267e-16 2.616486626953105866e-16
1.398032665252685547e+00 1.656287695665466849e-15 1.509416523655425849e-15
1.399073362350463867e+00 5.344515316960986306e-16 5.170326697127283679e-16
1.400115728378295898e+00 4.999472740127802826e-16 1.291129992159125058e-15
1.401159763336181641e+00 5.564577653031205738e-16 2.956172514488293948e-16
1.402205467224121094e+00 2.581319989505034655e-15 3.658003103457321869e-16
1.403252959251403809e+00 -2.410877055243208951e-15 2.896645156537629856e-15
1.404302120208740234e+00 -9.165918222784155169e-16 2.818454909901874951e-15
1.405352950096130371e+00 -4.663514591653921716e-16 9.668451223687106813e-16
1.406405568122863770e+00 3.509625430411029891e-16 6.561351202283489427e-16
1.407459974288940430e+00 6.671855649977877483e-16 1.111979135683051519e-15
1.408515930175781250e+00 2.118742591515252426e-15 1.317698054052483044e-16
1.409573674201965332e+00 2.161713843478883963e-15 1.205370976744060945e-15
1.410633087158203125e+00 1.046561070557095144e-17 4.044990751838538302e-16
1.411694288253784180e+00 1.538143010786845004e-15 1.521222204176460270e-16
1.412757158279418945e+00 -5.849820868458538090e-15 2.481387677662682742e-15
1.413821816444396973e+00 2.314266383103514776e-15 1.124537987312872623e-15
1.414888143539428711e+00 1.237353987920317665e-15 5.024375508777079256e-16
1.415956139564514160e+00 1.374253041042333787e-15 2.053456044797969532e-15
1.417025923728942871e+00 1.662369921622344759e-15 6.952229378870563269e-16
1.418097496032714844e+00 -4.309838366808052762e-16 1.925488212950921159e-15
1.419170737266540527e+00 1.232083113647790967e-15 1.639770129677534365e-15
1.420245647430419922e+00 1.257693472445379958e-15 4.499198670216059993e-16
1.421322345733642578e+00 8.610993587115564878e-16 2.681454054007510702e-16
1.422400832176208496e+00 6.691577223967917765e-16 1.131786233530984883e-16
1.423480987548828125e+00 6.853397045189339471e-16 2.423463964839407854e-16
1.424562931060791016e+00 1.359435787816895905e-15 2.449699486891629722e-16
1.425646543502807617e+00 6.626337687579207485e-16 5.273923591136812916e-16
1.426731944084167480e+00 1.474361853375069815e-15 4.194408157827584933e-16
1.427819013595581055e+00 1.128039303879466680e-15 1.106291732958712519e-16
1.428907871246337891e+00 6.770266584767842266e-16 2.174314881319945272e-17
1.429998517036437988e+00 5.686564691116809903e-16 4.695136978552884918e-16
1.431090831756591797e+00 1.312879786541365761e-15 4.573348993209885513e-16
1.432184934616088867e+00 1.041870853913523520e-15 3.329549137500521826e-16
1.433280825614929199e+00 1.663972719716786709e-15 2.064197322541660518e-16
1.434378385543823242e+00 1.235053128798219765e-15 8.547727637493957118e-16
1.435477733612060547e+00 1.281920944077457897e-15 1.942529377649154809e-16
1.436578750610351562e+00 8.743780295278661373e-16 2.483813209446704634e-16
1.437681674957275391e+00 1.150234743471081553e-15 3.174500285901214183e-16
1.438786268234252930e+00 6.272634728255940817e-16 1.202756609552360547e-16
1.439892530441284180e+00 1.213982019564966569e-15 4.729628160165080027e-16
1.441000699996948242e+00 5.279520361335795706e-16 3.541396048075762595e-16
1.442110538482666016e+00 8.862859363377223118e-16 2.318434791055630799e-16
1.443222165107727051e+00 4.805994003711567576e-16 3.058518182016050973e-16
1.444335460662841797e+00 1.079074235022826900e-15 1.455438846165833127e-16
1.445450663566589355e+00 7.544905743602685691e-16 9.565476898893809487e-17
1.446567535400390625e+00 9.335693271567070857e-16 3.271367767842604021e-16
1.447686195373535156e+00 1.237801221316467935e-15 3.678413288763700295e-17
1.448806524276733398e+00 2.185497072799906623e-16 2.651440235614942621e-16
1.449928760528564453e+00 8.600596257688018342e-16 2.805283124055596954e-16
1.451052665710449219e+00 1.497679717500915043e-15 4.816538505113699548e-16
1.452178359031677246e+00 -5.482829973896101178e-16 1.203866646229737308e-15
1.453305959701538086e+00 -7.517750926104896890e-16 2.165224159770542597e-15
1.454435110092163086e+00 1.337237065972610422e-15 2.333788851411391094e-16
1.455566048622131348e+00 1.451946185217168825e-15 5.139548166802022575e-16
1.456698775291442871e+00 1.216669019831894023e-15 3.608407736208806482e-16
1.457833409309387207e+00 7.321493392226075501e-16 3.824624542698491390e-16
1.458969712257385254e+00 5.102315774814275735e-16 5.837975536207660326e-16
1.460107684135437012e+00 1.840885821025332793e-16 6.281720215406427256e-16
1.461247563362121582e+00 5.286565028478991315e-16 4.392901329291565640e-16
1.462389230728149414e+00 5.728119068717921810e-16 2.591460244433089512e-16
1.463532567024230957e+00 9.574065283583376058e-16 3.783792525382709791e-16
1.464677810668945312e+00 8.596271095701101071e-16 4.103809513789264968e-16
1.465824723243713379e+00 7.625348991999018628e-16 3.384284406552094714e-16
1.466973423957824707e+00 8.828123601001508329e-16 8.284252215898994624e-16
1.468123912811279297e+00 -1.045481053918509158e-16 1.024167759436790236e-15
1.469276189804077148e+00 7.875798105656394051e-16 3.927552545377485747e-16
1.470430254936218262e+00 1.188216547858911634e-15 4.344354430013073467e-16
1.471586108207702637e+00 5.289739284448826805e-16 4.141899791333902804e-16
1.472743630409240723e+00 1.016208190831441576e-15 3.726221284144611099e-16
1.473903059959411621e+00 1.010849542769755652e-15 3.679113811480859203e-16
1.475064277648925781e+00 9.995820987471421351e-16 1.845789480045445150e-16
1.476227164268493652e+00 5.292610726140018883e-16 3.336915147768082035e-16
1.477391839027404785e+00 1.476843342273169695e-15 1.403890935624998570e-16
1.478558421134948730e+00 4.848114834596155796e-16 5.828355359509219610e-16
1.479726672172546387e+00 8.687186847699049363e-16 7.071512264272058080e-16
1.480896711349487305e+00 5.615339278768971890e-16 2.369516965824373499e-16
1.482068657875061035e+00 2.483829885407853703e-16 4.759461189962968519e-16
1.483242273330688477e+00 1.379712062508269346e-15 2.174431646135213257e-16
1.484417676925659180e+00 3.750965763511869382e-16 3.416546303326234912e-16
1.485594868659973145e+00 9.085680909273123433e-16 1.282832722105617948e-16
1.486773848533630371e+00 4.340548605101941489e-16 9.263116312272770200e-16
1.487954616546630859e+00 7.710410158144663604e-16 3.985467629052610481e-16
1.489137172698974609e+00 -2.186233117961291009e-15 1.039119585021723146e-15
1.490321636199951172e+00 2.524825221263777772e-16 3.609188594707056540e-16
1.491507768630981445e+00 4.621708751146593689e-16 5.642568211649645442e-16
1.492695808410644531e+00 1.233703381796770037e-15 1.308442233870259685e-16
1.493885397911071777e+00 5.123972289693200059e-16 5.142100912346810222e-16
1.495076894760131836e+00 1.034978335063478465e-15 2.655929510235390412e-16
1.496270179748535156e+00 8.321655073267376392e-16 8.602404408332610256e-17
1.497465252876281738e+00 9.874934562821655742e-16 3.090712051456614810e-16
1.498662114143371582e+00 7.831345287188896335e-16 2.234929253857177549e-16
1.499860763549804688e+00 6.264963256731777026e-16 1.229307783726332651e-16
1.501061201095581055e+00 3.125694776876013431e-16 1.822721067122566314e-16
1.502263426780700684e+00 8.616319306771426292e-16 2.219585119668767890e-16
1.503467440605163574e+00 1.664400047838676504e-15 1.082351273146855779e-16
1.504673242568969727e+00 1.328974894846855163e-15 7.068056369847260535e-16
1.505880713462829590e+00 1.241789370069496402e-15 7.325684617128208186e-16
1.507090091705322266e+00 6.143911660657296828e-16 1.045182223341695801e-15
1.508301377296447754e+00 4.483936195297721569e-16 3.432280469717075575e-16
1.509514331817626953e+00 -1.060616010673616407e-15 7.487763312794134488e-16
1.510729074478149414e+00 1.064809776674590855e-15 1.046051874715619751e-16
1.511945605278015137e+00 1.000756933444983850e-15 2.826640795122818120e-16
1.513163924217224121e+00 6.654106603963755653e-16 2.576340971022396268e-16
1.514384150505065918e+00 6.150888035769120060e-16 3.272941925635516934e-16
1.515606045722961426e+00 9.166431736508428088e-16 7.880644325254770725e-17
1.516829729080200195e+00 -1.058263509011515596e-16 9.545607094137999703e-16
1.518055200576782227e+00 4.518865716460120779e-16 1.172582384295406182e-16
1.519282460212707520e+00 9.080635769281040007e-16 4.157770277089692205e-16
1.520511507987976074e+00 1.319393787543106551e-15 2.890717778791421872e-16
1.521742582321166992e+00 3.067364911754530106e-16 4.194200370057711612e-16
1.522975206375122070e+00 4.087496188620739178e-16 4.209162412977570777e-16
1.524209499359130859e+00 5.287084365554776608e-16 3.147380143814703605e-16
1.525445699691772461e+00 1.556092803609466103e-15 2.340450765541546166e-16
1.526683688163757324e+00 1.149755640460290839e-15 4.591931307885868761e-16
1.527923583984375000e+00 1.195969122787775025e-15 1.044978061931627913e-16
1.529165148735046387e+00 5.152783056602871017e-16 8.009349790449979585e-16
1.530408501625061035e+00 -4.987350672948634222e-18 2.702264330032568777e-16
1.531653642654418945e+00 1.103741528512766634e-15 2.055574659487509749e-16
1.532900571823120117e+00 7.386713340977880526e-16 3.665068152330810784e-16
1.534149289131164551e+00 1.017577525469796559e-15 2.168158970114101138e-16
1.535399913787841797e+00 6.906653182956769537e-16 2.872976144315588518e-16
1.536652207374572754e+00 1.125975719861718391e-15 4.751727249758944723e-16
1.537906289100646973e+00 9.109635001021475047e-16 3.005543153307990928e-16
1.539162158966064453e+00 9.145758838639502820e-16 2.829232980639212296e-16
1.540419816970825195e+00 7.427872789467335115e-16 3.521855262680401904e-16
1.541679263114929199e+00 6.046670690125727048e-16 1.871278686661797174e-16
1.542940497398376465e+00 1.126233853152394139e-15 3.108394658323936381e-16
1.544203519821166992e+00 1.423776622248569372e-15 1.649616517112451183e-16
1.545468330383300781e+00 1.012472246138458078e-15 6.555897368894355801e-17
1.546734929084777832e+00 1.298024416833301435e-15 2.439543561854050661e-16
1.548003315925598145e+00 1.309276720141982781e-15 2.912694048607934695e-16
1.549273371696472168e+00 1.076197922892188109e-15 2.302877442792529471e-16
1.550545334815979004e+00 1.042860400154153357e-15 4.221384569010858297e-16
1.551819086074829102e+00 5.057795193710997676e-16 5.294927361250759395e-16
1.553094506263732910e+00 1.110864757961820080e-15 7.222835759090222903e-16
1.554371833801269531e+00 1.333759148691184265e-15 1.510993884291670568e-16
1.555650830268859863e+00 1.708807232406140894e-15 5.157897547417510890e-16
1.556931614875793457e+00 2.122041070160758680e-16 6.730445448335049471e-16
1.558214187622070312e+00 1.091907948844032025e-15 5.153701557955049899e-16
1.559498548507690430e+00 1.856647727745196035e-15 3.383468607944770416e-16
1.560784697532653809e+00 1.357320005393773069e-15 3.662181093469653705e-16
1.562072634696960449e+00 1.267563735621497507e-15 4.629446926515353757e-16
1.563362360000610352e+00 1.501813450041752842e-15 3.159425481720251790e-16
1.564653873443603516e+00 2.299494128503399779e-15 1.634678561692029563e-16
1.565947055816650391e+00 1.849988989988593166e-15 5.012360346420277005e-16
1.567242026329040527e+00 2.055431325630966560e-15 2.769610066784186078e-16
1.568538904190063477e+00 2.195105576325542991e-15 2.856137923417561078e-16
1.569837450981140137e+00 2.552895257861074844e-15 3.376008629959624183e-16
1.571137785911560059e+00 2.335236166020452676e-15 8.738856783923847744e-17
1.572439789772033691e+00 2.503076379793602729e-15 1.134387154074647619e-16
1.573743700981140137e+00 2.028862866690914549e-15 1.942897439934516404e-16
1.575049281120300293e+00 2.025651553029636683e-15 3.773670216965224885e-16
1.576356649398803711e+00 2.224121960483159931e-15 2.314463000626396181e-16
1.577665805816650391e+00 2.145872633299334038e-15 2.493173188211660670e-16
1.578976750373840332e+00 2.678868327117339340e-15 2.495660024005240092e-16
1.580289244651794434e+00 2.973593229356236330e-15 2.326050676042631027e-16
1.581603765487670898e+00 4.077133799302266881e-15 5.433901645093548553e-16
1.582919955253601074e+00 2.854091491816994688e-15 5.326400458592769026e-16
1.584237933158874512e+00 2.735348484040256087e-15 4.590856105438447833e-16
1.585557699203491211e+00 2.162968087515530768e-15 1.260428832999639713e-16
1.586879134178161621e+00 3.120264819228080536e-15 2.321469021891373313e-16
1.588202357292175293e+00 2.305082428372910025e-15 3.078399368777089487e-16
1.589527249336242676e+00 2.445483645094467459e-15 2.868167114757552228e-16
1.590854048728942871e+00 2.732526170260004758e-15 2.259171336807595624e-16
1.592182517051696777e+00 2.333807644954908299e-15 1.826771737495013989e-16
1.593512773513793945e+00 2.433002826374912157e-15 1.262005240723818771e-16
1.594844698905944824e+00 2.533943742699207129e-15 3.351312325591240988e-16
1.596178412437438965e+00 2.633756411137759372e-15 1.299333320964825744e-16
1.597513914108276367e+00 2.469711328484782212e-15 8.349612057435994617e-17
1.598851084709167480e+00 2.528504732386650453e-15 6.531452527432188727e-17
1.600189924240112305e+00 2.861132664949282874e-15 1.698348837197053243e-16
1.601530671119689941e+00 2.185918868737859663e-15 4.673010360388234457e-16
1.602873206138610840e+00 2.004645982970677288e-15 6.618351490375579517e-17
1.604217290878295898e+00 2.415924736334134140e-15 9.255053617406093329e-16
1.605563282966613770e+00 3.023327615887219828e-15 6.480387028624595095e-16
1.606910943984985352e+00 1.680805911356689827e-15 1.619713871794210228e-15
1.608260273933410645e+00 2.408330027170815270e-15 4.349614107568828647e-17
1.609611392021179199e+00 2.331892926977639953e-15 3.550452947864279202e-16
1.610964298248291016e+00 2.605741431682033829e-15 3.397754877391398259e-16
1.612318873405456543e+00 2.524105031500374803e-15 4.338218735101400129e-16
1.613675117492675781e+00 2.528151731405882223e-15 1.354169572225579106e-16
1.615033268928527832e+00 2.064531212341556322e-15 8.208943707698696858e-17
1.616392970085144043e+00 2.452143441642254396e-15 4.378831582642079678e-16
1.617754459381103516e+00 1.535868197927875173e-15 6.259260607414387449e-16
1.619117736816406250e+00 2.484290883089396856e-15 1.320804282688742173e-16
1.620482683181762695e+00 2.944685688932341568e-15 5.186615140702983875e-16
1.621849298477172852e+00 2.158962468707965182e-15 2.116234659307330451e-16
1.623217701911926270e+00 2.081649748205565732e-15 2.496310386490053785e-16
1.624587774276733398e+00 2.783247773691013144e-15 3.338037995818786017e-16
1.625959515571594238e+00 2.008989356165960527e-15 2.409947436583597356e-16
1.627332568168640137e+00 2.235713182849861404e-15 2.823459921708082205e-16
1.628708243370056152e+00 2.396525564259642527e-15 3.543699977692294292e-16
1.630085229873657227e+00 2.125846021569163802e-15 1.609793395446188261e-16
1.631463885307312012e+00 2.382102075475559487e-15 2.430446692698335492e-16
1.632844209671020508e+00 1.987366722604926375e-15 2.454138998326426324e-16
1.634226202964782715e+00 1.793932984814014010e-15 3.712294474304974300e-16
1.635609984397888184e+00 2.437493159786544017e-15 1.611168103449802389e-16
1.636995434761047363e+00 2.531781267584866900e-15 1.364187854409229343e-16
1.638382673263549805e+00 2.236752068759668803e-15 7.762941818044395226e-17
1.639771461486816406e+00 1.934490690872576676e-15 2.361001637726507611e-16
1.641162037849426270e+00 2.022274856185407414e-15 1.266032220643522927e-16
1.642554283142089844e+00 1.962543998569165477e-15 1.526769740585383903e-16
1.643948197364807129e+00 1.949716955132419979e-15 3.850103029054104727e-16
1.645343780517578125e+00 2.159453747817372676e-15 3.546286075159380078e-16
1.646741151809692383e+00 1.996344001296401077e-15 1.071805448255743723e-16
1.648140072822570801e+00 1.952656794734102842e-15 1.251885446935396026e-16
1.649540781974792480e+00 2.021319403020904563e-15 8.593438432237025478e-17
1.650943160057067871e+00 2.440245381590410052e-15 1.226610248487123721e-16
1.652347207069396973e+00 2.002809827299266779e-15 2.812287557133797983e-16
1.653752803802490234e+00 2.366558597376969449e-15 1.335779560498402186e-16
1.655160188674926758e+00 2.203420898768738458e-15 4.867712728541007149e-17
1.656569361686706543e+00 2.089296126378667115e-15 1.548770958169171325e-17
1.657980084419250488e+00 2.119907261817727089e-15 9.116105406296211842e-17
1.659392476081848145e+00 2.219706165970886450e-15 1.371402722235263863e-16
1.660806536674499512e+00 1.843827248813791758e-15 1.429174472053845409e-16
1.662222146987915039e+00 1.857601910360278004e-15 1.114870456178724471e-16
1.663639545440673828e+00 1.918966482773536673e-15 1.784172465344125097e-16
1.665058612823486328e+00 1.756690322551781713e-15 3.353953744897694321e-16
1.666479349136352539e+00 1.292172160321603067e-15 3.511466668280123927e-16
1.667901635169982910e+00 1.790059079629746468e-15 3.510829540685111083e-16
1.669325709342956543e+00 2.160765378336195960e-15 1.026824491510743150e-16
1.670751333236694336e+00 2.255564670518186814e-15 1.249227748714487650e-16
1.672178626060485840e+00 2.019399602845952692e-15 6.577903284864022523e-16
1.673607587814331055e+00 7.073891897458250630e-16 9.438221315876283574e-16
1.675038218498229980e+00 2.152226650953162172e-15 3.401295210413125217e-16
1.676470398902893066e+00 2.076239960529689330e-15 2.614128169590594674e-16
1.677904248237609863e+00 1.897685203490246005e-15 9.289645913576366921e-17
1.679339766502380371e+00 2.050711869807102412e-15 2.812869362889443281e-16
1.680776953697204590e+00 1.772639635311224968e-15 9.455412908331993667e-17
1.682215690612792969e+00 1.990315032536081781e-15 4.641003367591658600e-17
1.683656096458435059e+00 1.776252124952146152e-15 9.271136258445390331e-17
1.685098171234130859e+00 1.564107535235504699e-15 6.228562148172421477e-17
1.686541795730590820e+00 2.136340336269170956e-15 2.897413838937263134e-16
1.687987089157104492e+00 1.999491152211924430e-15 1.821212819080861626e-17
1.689433932304382324e+00 2.238009489169867812e-15 3.278663633194219733e-16
1.690882444381713867e+00 1.675391888516077152e-15 1.323451128300013853e-16
1.692332625389099121e+00 1.916618930960221380e-15 1.392205983768727488e-16
1.693784356117248535e+00 1.866957389262701751e-15 3.721697863508477118e-16
1.695237636566162109e+00 1.654619146638494284e-15 2.595928872625447980e-16
1.696692585945129395e+00 1.422504908157385447e-15 2.322219440143081419e-16
1.698149204254150391e+00 1.802410514066608675e-15 3.311982732965651705e-16
1.699607372283935547e+00 1.054412553126162725e-15 5.808039274269325217e-16
1.701067090034484863e+00 1.658331797925428289e-15 3.643227672483654667e-17
1.702528476715087891e+00 1.899772716188754228e-15 3.153945178551516466e-16
1.703991413116455078e+00 1.735431489641593283e-15 1.254461750584029184e-16
1.705455899238586426e+00 1.496063790395790651e-15 8.149738751663581434e-17
1.706922054290771484e+00 1.617101728063996373e-15 2.237843841289120393e-16
1.708389759063720703e+00 1.535598735571529899e-15 1.297543963863751035e-16
1.709859013557434082e+00 1.661372646206071228e-15 1.516402586706583301e-16
1.711329936981201172e+00 1.343214365723147206e-15 2.266775310393775089e-16
1.712802290916442871e+00 1.394861987923741355e-15 1.273365011337683006e-16
1.714276313781738281e+00 2.012883378382725359e-15 2.071841133146140536e-16
1.715752005577087402e+00 1.698293753585702111e-15 1.438503613525565468e-16
1.717229127883911133e+00 1.741587407464882317e-15 2.929823966477172834e-16
1.718707799911499023e+00 1.719357451280666832e-15 1.728295025302738989e-16
1.720188140869140625e+00 1.200857138168142779e-15 6.265131075134451784e-16
1.721669912338256836e+00 1.503620171318246265e-15 9.238073518489400794e-17
1.723153352737426758e+00 1.732759735967716406e-15 3.532889719702961284e-16
1.724638342857360840e+00 1.644262051275942327e-15 2.357749295906847115e-16
1.726124882698059082e+00 1.665617340062999340e-15 1.762557905065869463e-16
1.727612853050231934e+00 1.634342130793291995e-15 1.420085279134214733e-16
1.729102492332458496e+00 1.885144668947909274e-15 1.834267979078214547e-16
1.730593681335449219e+00 1.497593955415005545e-15 2.423338762781891828e-16
1.732086300849914551e+00 1.559896510938229945e-15 1.696815111992481921e-17
1.733580589294433594e+00 1.896220048249732879e-15 3.361296461759205037e-16
1.735076308250427246e+00 1.411269333749412373e-15 1.790292013690241400e-16
1.736573576927185059e+00 1.081831856661731681e-15 1.057546442682105628e-16
1.738072395324707031e+00 1.867364600352094256e-15 2.145413091455668979e-16
1.739572763442993164e+00 1.793411000760268548e-15 3.686587024355806284e-16
1.741074562072753906e+00 2.175139950967575064e-15 2.255448891702208991e-16
1.742578029632568359e+00 1.736450576156258613e-15 3.088071426243549529e-16
1.744082927703857422e+00 2.477354953800805018e-15 3.186630591799283815e-16
1.745589256286621094e+00 2.155120115500982862e-15 2.768743446200026522e-16
1.747097253799438477e+00 2.112611767043025800e-15 4.689093927869817519e-16
1.748606681823730469e+00 2.430206558857788898e-15 3.177938445573678591e-16
1.750117540359497070e+00 2.418881304836525276e-15 4.320163433737286666e-16
1.751629948616027832e+00 2.376182585723672809e-15 2.146504308119748933e-16
1.753143906593322754e+00 2.106020791922203275e-15 1.511302521921826353e-16
1.754659295082092285e+00 2.229000658501107887e-15 2.131374976192807044e-16
1.756176233291625977e+00 2.078476127510440682e-15 1.310254090283995837e-16
1.757694602012634277e+00 2.098443235176066304e-15 4.833856226069211726e-17
1.759214520454406738e+00 2.060068619258947041e-15 4.157383619784160418e-17
1.760735869407653809e+00 2.067187295905908995e-15 9.362532436943109423e-17
1.762258648872375488e+00 2.219538876963803725e-15 2.950123375755918159e-16
1.763782978057861328e+00 2.294893680808624860e-15 3.398412122018908393e-16
1.765308737754821777e+00 2.375814973424564443e-15 1.820365389086913300e-16
1.766836166381835938e+00 2.433729580643656347e-15 6.388887353288633369e-16
1.768364787101745605e+00 3.049838688345095361e-15 5.193338464721814884e-16
1.769894957542419434e+00 1.763989099579153612e-15 2.095521527373410604e-16
1.771426558494567871e+00 2.338529218361140583e-15 1.408268772473323218e-16
1.772959709167480469e+00 2.683499267998215414e-15 2.431172758752810038e-16
1.774494290351867676e+00 2.375214638823197957e-15 9.573720250006267939e-17
1.776030302047729492e+00 2.686994761213297098e-15 9.338947863317997498e-17
1.777567625045776367e+00 2.640110428791587506e-15 6.541843901159324882e-17
1.779106616973876953e+00 2.551171969329885970e-15 1.054764998241559319e-16
1.780646920204162598e+00 2.811743656102542316e-15 9.546394173034456160e-17
1.782188653945922852e+00 2.987258623652526771e-15 3.970632376377043445e-17
1.783731818199157715e+00 3.264924494091958965e-15 1.370326858043352893e-16
1.785276412963867188e+00 3.843648320358671738e-15 1.698071169209031442e-16
1.786822438240051270e+00 3.345884114948761805e-15 6.021326405552694314e-16
1.788369894027709961e+00 3.337181063173960682e-15 3.037183274959287266e-16
1.789918780326843262e+00 3.258179994249446598e-15 3.709031279875677108e-16
1.791469097137451172e+00 3.542308937834665918e-15 3.330542018933381476e-16
1.793020844459533691e+00 3.320487102574762490e-15 2.470086775838652680e-16
1.794573903083801270e+00 3.280789632952268824e-15 2.825997579478496885e-16
1.796128392219543457e+00 3.003947502054041437e-15 1.927130053970275612e-16
1.797684311866760254e+00 3.183683870054904511e-15 5.154842934851475069e-16
1.799241662025451660e+00 2.716353558439841588e-15 3.648899087461114242e-16
1.800800323486328125e+00 4.254611342191039550e-15 6.630545853140285256e-16
1.802360415458679199e+00 2.572204220926683875e-15 8.039474517219078777e-16
1.803921937942504883e+00 3.234792991059281739e-15 3.307305787607827882e-16
1.805484771728515625e+00 3.520734585151625261e-15 1.830587223875700586e-16
1.807049036026000977e+00 3.695118128442314784e-15 1.307702403530392257e-16
1.808614730834960938e+00 3.984088077079329243e-15 3.023613807144273375e-16
1.810181736946105957e+00 3.253469432271528620e-15 1.717649938738120569e-16
1.811750054359436035e+00 3.696399689291510540e-15 2.712446460151953518e-16
1.813319802284240723e+00 3.217408275091597665e-15 4.242056143390803480e-16
1.814890980720520020e+00 3.999000515632214828e-15 5.865399286666202368e-16
1.816463351249694824e+00 2.744977978101116600e-15 4.515700989610941900e-16
1.818037152290344238e+00 3.335795740788726274e-15 4.047582143261544427e-16
1.819612383842468262e+00 3.819817471904145625e-15 4.155693987577735102e-16
1.821188926696777344e+00 3.333978643358628986e-15 3.075806124469511243e-16
1.822766780853271484e+00 3.341355453296266688e-15 3.528900194521393530e-16
1.824345946311950684e+00 3.525149109114477861e-15 6.147865186938606275e-16
1.825926423072814941e+00 2.642945659824284463e-15 3.075652864445617418e-16
1.827508330345153809e+00 2.140246640463670975e-15 9.775457954704926643e-16
1.829091548919677734e+00 3.798967755907481023e-15 1.148698225704762252e-15
1.830676078796386719e+00 1.681455162110760248e-15 5.126707147321647381e-16
1.832261919975280762e+00 1.550249970339305939e-15 2.211288828997106043e-16
1.833849072456359863e+00 1.964352413911553408e-15 1.219798806571998663e-15
1.835437536239624023e+00 2.209516359615417216e-15 1.977901552935833196e-15
1.837027311325073242e+00 2.466010218021754546e-15 3.021482566369863149e-15
1.838618516921997070e+00 2.990191475232394785e-15 3.465207975569080043e-15
1.840210914611816406e+00 5.386995289815210350e-15 1.480858172564036672e-15
1.841804623603820801e+00 2.979410439879742051e-15 2.538528096767984216e-15
1.843399643898010254e+00 3.739836385859658316e-15 1.422181023934179084e-15
1.844995856285095215e+00 3.005925959260590669e-15 7.121887960623231491e-16
1.846593499183654785e+00 1.154834344132909217e-15 1.261332220107666026e-15
1.848192334175109863e+00 -1.034096362007149925e-15 2.149273894099033681e-15
1.849792480468750000e+00 5.276402856573426253e-15 1.291348950175990294e-15
1.851393938064575195e+00 1.412897966348745579e-15 1.368994448747542277e-15
1.852996706962585449e+00 3.798772938329612534e-15 1.294493559992671884e-15
1.854600667953491211e+00 1.357395179567841888e-15 1.852493031138913691e-15
1.856205940246582031e+00 2.750107821387925457e-15 1.829889109908485433e-15
1.857812404632568359e+00 2.798490713912005516e-16 2.291428257263170704e-15
1.859420180320739746e+00 -2.066216966725269990e-16 3.071586047507612709e-15
1.861029267311096191e+00 1.365346277843718006e-15 8.188518434617945464e-16
1.862639546394348145e+00 2.022355112557159759e-15 1.082138376709519331e-15
1.864251017570495605e+00 1.615973586057372052e-15 9.988837200821309645e-16
1.865863800048828125e+00 1.260008095852870741e-15 3.827103966953782337e-16
1.867477774620056152e+00 2.409442128491000963e-16 5.131286419192740943e-16
1.869093060493469238e+00 2.028788327791556170e-15 1.216464990770724144e-15
1.870709538459777832e+00 3.618845829096939632e-16 1.168141655250747903e-15
1.872327327728271484e+00 3.880692035757417682e-15 2.224597145966569593e-15
1.873946189880371094e+00 3.112746343030014552e-15 4.926674387596913576e-15
1.875566363334655762e+00 2.444097687434522610e-15 1.418104783754636170e-15
1.877187728881835938e+00 2.781653445926043737e-15 1.796863718811513889e-15
1.878810286521911621e+00 2.960497041200500778e-15 1.296994107132084986e-15
1.880434155464172363e+00 3.672042833376739507e-15 1.684944831974329559e-15
1.882059216499328613e+00 1.671719683052374540e-15 7.929898099997526213e-16
1.883685350418090820e+00 2.116529929698787379e-15 2.849109667537718521e-16
1.885312795639038086e+00 1.871500238717063377e-15 4.215276667367766740e-16
1.886941432952880859e+00 1.131738085001889396e-15 8.361969606391944816e-16
1.888571262359619141e+00 2.610930355516913673e-15 5.615473215853756476e-16
1.890202164649963379e+00 2.352487474298944198e-15 9.218605789685740785e-16
1.891834378242492676e+00 2.025638635777191054e-15 5.016623569122926306e-16
1.893467783927917480e+00 1.743470891102220661e-15 1.175248473436448296e-15
1.895102262496948242e+00 5.116560751404724931e-16 4.041624060570998475e-16
1.896737933158874512e+00 1.258200104026956437e-15 1.878513406822532967e-16
1.898374795913696289e+00 1.206359570072625120e-15 1.162014324789428701e-15
1.900012850761413574e+00 2.323609580028203336e-15 1.139160740597797237e-15
1.901652097702026367e+00 -2.144853652663787115e-15 1.963969343261157650e-15
1.903292775154113770e+00 -2.110230333911820334e-15 2.670246378747237817e-15
1.904933929443359375e+00 -1.116869692162261035e-15 1.886776477920794684e-15
1.906576514244079590e+00 4.206379380350248366e-16 7.731593922759901621e-16
1.908220410346984863e+00 3.434430080518529379e-16 4.773653226994214321e-16
1.909865140914916992e+00 4.186172774118786591e-15 9.486389962004267498e-16
1.911511301994323730e+00 -5.415054500272650328e-17 1.095266286249129556e-14
1.913158416748046875e+00 -3.287379072825874450e-16 1.082175752038316927e-15
1.914806962013244629e+00 1.242366728902168614e-15 1.028914214435848115e-15
1.916456341743469238e+00 1.691453856657505229e-15 7.074757988646818152e-16
1.918107032775878906e+00 4.687751910044011486e-16 1.160448796144665940e-15
1.919758677482604980e+00 9.352933568417248072e-16 1.112472214737471928e-15
1.921411514282226562e+00 5.320131885387495169e-16 1.989388378491785576e-15
1.923065423965454102e+00 2.332060427742959491e-15 1.008957059407352731e-15
1.924720406532287598e+00 1.100356467218183230e-15 3.943427530995807437e-16
1.926376581192016602e+00 2.659908341625999081e-15 2.343709460108311070e-16
1.928033828735351562e+00 1.891082581666398733e-15 3.409555634533426765e-16
1.929692149162292480e+00 2.153683971138913196e-15 7.154239854648017458e-16
1.931351542472839355e+00 2.337258457182022318e-15 1.122493990932029589e-15
1.933012008666992188e+00 1.851753571375960687e-15 1.137910308209413076e-15
1.934673666954040527e+00 1.695371278159437962e-15 4.182313586131977592e-16
1.936336278915405273e+00 1.329617051699992329e-15 1.504954142331053381e-16
1.938000082969665527e+00 1.612743955308609811e-15 3.408766305705704163e-16
1.939664840698242188e+00 1.125510804652794187e-15 2.713386666723405791e-16
1.941330790519714355e+00 2.453888693473067778e-17 6.752014083545696162e-16
1.942997694015502930e+00 6.684528851055577918e-16 2.044210256662215217e-16
1.944665670394897461e+00 7.872613791170309915e-16 4.726643957212784720e-16
1.946334719657897949e+00 1.469571352662754713e-15 3.003866292770223431e-16
1.948004841804504395e+00 1.443280297012928485e-15 1.995246855401690343e-16
1.949676036834716797e+00 1.252700213221315858e-15 4.589807902166220636e-16
1.951348185539245605e+00 9.812119658244460897e-16 3.355004595147881687e-16
1.953021407127380371e+00 4.777178472241568313e-16 3.521292515166069828e-16
1.954695701599121094e+00 5.429022735317363783e-16 4.372707269735635069e-16
1.956370949745178223e+00 1.777387254980585321e-15 5.442126864406979844e-16
1.958047270774841309e+00 1.133028116180557696e-15 3.342199309869968785e-16
1.959724664688110352e+00 1.280187491150901972e-15 6.112280803428861084e-16
1.961403012275695801e+00 1.123326730198298973e-15 2.931713908740733992e-16
1.963082432746887207e+00 1.272388752926413222e-15 4.230754076896470943e-16
1.964762806892395020e+00 8.261316151874124273e-16 3.705886670058995518e-16
1.966444253921508789e+00 2.248943149271703931e-16 3.529946544909048608e-16
1.968126654624938965e+00 1.142009312399413449e-15 1.948394419064400796e-16
1.969810009002685547e+00 1.567706578228388221e-16 6.874155175748582203e-16
1.971494436264038086e+00 9.729698058520697135e-16 5.457949439861690174e-16
1.973179817199707031e+00 1.569653906974125858e-15 4.419330610130471930e-16
1.974866271018981934e+00 1.266270104552803377e-15 3.095892187324666891e-16
1.976553440093994141e+00 5.928386774206400277e-16 1.182033101464836835e-15
1.978241801261901855e+00 4.311299233944270413e-16 4.600739391746129416e-16
1.979931235313415527e+00 1.119696770502840669e-15 1.306586172924588700e-16
1.981621623039245605e+00 1.201591515733412257e-15 8.527267953699723519e-17
1.983312845230102539e+00 1.294782398227685601e-15 2.963590273174975475e-17
1.985005021095275879e+00 1.318522402398618690e-15 4.377370980203658044e-17
1.986698269844055176e+00 1.438986898761533250e-15 1.534298142950800523e-16
1.988392472267150879e+00 1.285139775156142646e-15 1.510974958399255354e-16
1.990087509155273438e+00 1.207734198666900443e-15 7.343933147883414036e-17
1.991783499717712402e+00 1.378041713536283866e-15 1.261436008113484279e-16
1.993480563163757324e+00 1.150512252640425743e-15 6.570713828026405632e-17
1.995178461074829102e+00 1.413356317052328563e-15 1.029131200454133025e-16
1.996877312660217285e+00 8.375257965147588687e-16 3.086049135081979887e-16
1.998577117919921875e+00 1.505874655386481992e-15 4.363444170364021244e-16
2.000277757644653320e+00 1.408034303165611387e-15 2.644281483721663698e-16
2.001979589462280273e+00 1.513215148786506165e-15 3.789097598610481881e-16
2.003682136535644531e+00 9.154903618096297060e-16 6.072092795850788770e-16
2.005385637283325195e+00 1.199882097366734672e-15 3.241984724297944376e-16
2.007089853286743164e+00 2.095577510957268193e-15 7.447921529933252370e-16
2.008795261383056641e+00 1.438143677462541594e-15 5.332316983729340314e-16
2.010501384735107422e+00 2.280904931684720090e-15 3.446447360457699765e-16
2.012208700180053711e+00 8.454657774832022733e-16 6.222858307714949824e-16
2.013916492462158203e+00 1.264620825525380847e-15 4.801903893367513373e-16
2.015625476837158203e+00 2.106430544110437543e-15 4.174603204031799306e-16
2.017335176467895508e+00 2.057282516137190834e-15 1.632892513313405065e-16
2.019046068191528320e+00 1.974453281807560939e-15 5.584102291861009395e-16
2.020757436752319336e+00 1.862601734089683325e-15 1.758432986961639029e-16
2.022469997406005859e+00 1.343412147916331085e-15 6.215436181514634017e-16
2.024183273315429688e+00 1.747394982988613021e-15 3.574990698252848232e-16
2.025897502899169922e+00 1.741040224180956039e-15 1.651241364533301346e-16
2.027612447738647461e+00 1.947404131669942112e-15 2.322820304140039939e-16
2.029328346252441406e+00 1.375776641556207460e-15 1.204564098452462419e-16
2.031045198440551758e+00 1.436973077929436151e-15 3.649340073989278512e-16
2.032762765884399414e+00 1.806594856826044919e-15 3.878789387999647710e-16
2.034481287002563477e+00 1.678872982171055513e-15 1.474245889270634781e-16
2.036200523376464844e+00 2.053784905339741014e-15 4.681955028311239869e-16
2.037920713424682617e+00 1.397867366699718020e-15 3.907289399696794747e-16
2.039641618728637695e+00 2.019201820652768813e-15 2.407585538149737943e-16
2.041363477706909180e+00 1.434674759906180014e-15 1.780780230739269633e-16
2.043086051940917969e+00 1.915610114720041508e-15 2.240169740822721498e-16
2.044809579849243164e+00 1.811491977810595656e-15 1.223439830635330476e-16
2.046533823013305664e+00 1.509025617950267989e-15 5.175322338631511932e-17
2.048258781433105469e+00 1.141986230751600769e-15 1.447900914679759897e-16
2.049984693527221680e+00 1.500530089247544170e-15 2.973749506935004748e-16
2.051711559295654297e+00 2.058707437312709380e-15 3.149364583191442820e-16
2.053438901901245117e+00 1.503441659124612421e-15 1.462357517158124659e-16
2.055167436599731445e+00 1.514829170067499235e-15 2.602043127015643944e-16
2.056896448135375977e+00 1.397211974956780005e-15 8.446107638973980613e-17
2.058626413345336914e+00 1.356483242721004227e-15 1.506407994975676582e-16
2.060357093811035156e+00 1.487060677199424693e-15 7.334069184514841692e-17
2.062088489532470703e+00 1.418954463679850640e-15 8.465768729517631017e-17
2.063820838928222656e+00 1.666932993988322082e-15 1.882735998413493663e-16
2.065553903579711914e+00 1.424946480627845968e-15 1.954473600996624511e-16
2.067287683486938477e+00 1.204626752420779635e-15 1.178267960604952665e-16
2.069022178649902344e+00 1.406637969352062673e-15 3.091262093476738072e-16
2.070757627487182617e+00 1.349378965634145597e-15 1.244906821892306651e-16
2.072493791580200195e+00 1.623792335435239684e-15 3.409076002127044017e-16
2.074230432510375977e+00 1.405584260365678323e-15 8.622173892623729609e-16
2.075968265533447266e+00 9.716249292900666981e-16 1.579551672251249569e-16
2.077706575393676758e+00 1.364681145221886566e-15 1.590580305922296577e-16
2.079445600509643555e+00 1.279195933207022406e-15 1.335022789499589672e-16
2.081185340881347656e+00 1.245222500483836488e-15 3.243244950504781164e-16
2.082926034927368164e+00 1.238353063281604112e-15 1.071819675762279635e-16
2.084667444229125977e+00 1.418344705836945951e-15 2.326895591407517191e-16
2.086409330368041992e+00 1.100648587705867557e-15 1.784917060244320831e-16
2.088152170181274414e+00 1.384919832826225598e-15 1.379808862492272752e-16
2.089895486831665039e+00 8.764228200020972217e-16 1.077428158838736176e-16
2.091639757156372070e+00 1.114771803310148947e-15 5.877907051621392197e-17
2.093384742736816406e+00 1.213866611325903171e-15 7.160854917268277527e-17
2.095130205154418945e+00 1.052700911297998598e-15 1.040161620835303147e-16
2.096876621246337891e+00 8.444793017370062337e-16 1.814618667586486898e-16
2.098623514175415039e+00 6.262452862834352093e-16 1.659032082414570782e-16
2.100371360778808594e+00 7.593632372684673386e-16 1.451886204696591380e-16
2.102119922637939453e+00 2.005540952688790262e-16 2.851141223122148757e-16
2.103868722915649414e+00 5.499093006483383745e-16 1.058906393783591810e-16
2.105618476867675781e+00 8.942833037883421952e-16 2.186086422442738405e-16
2.107368946075439453e+00 8.707542108212754269e-16 1.468531593250220458e-16
2.109119892120361328e+00 8.746239867199251047e-16 2.863089681634354731e-16
2.110871791839599609e+00 9.189187276636414867e-16 2.190148607169312817e-16
2.112624168395996094e+00 6.397387858309922307e-16 2.467815668748827088e-16
2.114377260208129883e+00 7.998939226132632200e-16 1.382728479182339918e-16
2.116131067276000977e+00 8.587009319818467330e-16 3.225386319603108310e-16
2.117885351181030273e+00 4.121595617494829174e-16 1.915209124028855402e-16
2.119640350341796875e+00 9.768262409818001361e-16 2.280023699782220397e-16
2.121396064758300781e+00 8.750915489068094785e-16 3.178612630860133811e-16
2.123152494430541992e+00 9.437811563688049306e-16 6.918111818197446110e-17
2.124909400939941406e+00 1.132711961132995028e-15 2.648344859588320187e-16
2.126667022705078125e+00 1.204133779245477633e-15 1.807304670435844023e-16
2.128425359725952148e+00 9.300921510291097760e-16 1.903372500335466597e-16
2.130184173583984375e+00 1.034022246624265173e-15 9.895128887075382330e-17
2.131943464279174805e+00 1.002356555165873596e-15 2.444484146216707385e-16
2.133703708648681641e+00 1.000186774392363299e-15 3.191922165439459039e-16
2.135464191436767578e+00 1.011194920453998593e-15 2.449361732503912070e-16
2.137225627899169922e+00 1.215853856499280166e-15 3.999277442466407781e-16
2.138987541198730469e+00 1.394258794586177887e-15 3.120998508579080370e-16
2.140749931335449219e+00 1.255483139969519862e-15 6.013928631549612068e-17
2.142513036727905273e+00 1.149335512118452706e-15 1.650674778900927024e-16
2.144276618957519531e+00 1.230057646112669122e-15 1.469127825035748680e-16
2.146040916442871094e+00 9.174949711584254146e-16 3.577072017022929658e-16
2.147805690765380859e+00 8.631940711901163726e-16 7.939459513785251162e-17
2.149570941925048828e+00 1.300754827538775672e-15 2.783234327042975482e-16
2.151336908340454102e+00 1.114224408267985855e-15 2.664318312786760189e-16
2.153103351593017578e+00 1.295576385736618100e-15 4.111715507560699794e-16
2.154870510101318359e+00 7.975558999206045375e-16 2.230884671534038265e-16
2.156638145446777344e+00 1.073793196354933151e-15 1.862667008566181110e-16
2.158406257629394531e+00 1.067972809457875226e-15 2.914597490459092718e-16
2.160175085067749023e+00 1.054884668115138591e-15 1.505468714846510368e-16
2.161944150924682617e+00 1.051936993458693625e-15 1.429987226636515512e-16
2.163713932037353516e+00 1.072618044019736216e-15 2.533203435903306870e-16
2.165484428405761719e+00 1.064478692671332830e-15 7.473595363262326230e-17
2.167255163192749023e+00 9.911919197672330699e-16 2.120716654738387776e-16
2.169026613235473633e+00 8.459250281592917142e-16 9.947001052416337675e-17
2.170798540115356445e+00 1.042587126149545438e-15 3.965963768999794157e-17
2.172570943832397461e+00 9.926168409427516166e-16 2.794295783240728593e-16
2.174343824386596680e+00 3.535013390120405425e-16 4.395540631015650837e-16
2.176117181777954102e+00 9.392108842227759463e-16 4.228004131493650654e-16
2.177891016006469727e+00 1.320972762835906974e-15 2.271496460283533745e-16
2.179665565490722656e+00 1.302083822233017670e-15 2.161992834955885848e-16
2.181440353393554688e+00 5.063753011703747611e-16 3.298818517476339793e-16
2.183215618133544922e+00 1.082408580219693453e-15 1.893805527894025292e-16
2.184991598129272461e+00 7.370521776795522541e-16 4.392433608286003656e-16
2.186767816543579102e+00 9.516064702520137843e-16 1.443091752772825598e-16
2.188544750213623047e+00 9.956271960372934000e-16 7.808990631872977256e-17
2.190321922302246094e+00 6.544122552136336958e-16 3.320345065737419785e-16
2.192099571228027344e+00 1.206818238413563324e-15 1.054160296126558554e-16
2.193877696990966797e+00 3.213770321522699648e-16 3.554663098658827100e-17
2.195656299591064453e+00 1.358594260583798757e-15 2.876652532004468198e-16
2.197435379028320312e+00 7.696482818909434771e-16 3.643395490886329425e-16
2.199214935302734375e+00 5.962504202530619427e-16 1.452795441625909668e-16
2.200994729995727539e+00 5.962292444293805851e-16 1.560490916308965650e-16
2.202775239944458008e+00 8.039018707614337556e-16 3.848634485681802584e-16
2.204555988311767578e+00 8.466393945711823098e-16 2.212939352104169853e-16
2.206337213516235352e+00 6.382230203718806602e-16 2.743288253250462678e-16
2.208118677139282227e+00 1.107997657314482680e-15 1.101259364635286911e-16
2.209900856018066406e+00 8.314948160511898435e-16 3.443673856951033965e-16
2.211683034896850586e+00 4.216412220912679537e-16 9.173669897740512101e-17
2.213465929031372070e+00 3.226534313944433904e-16 2.687925121026737540e-16
2.215249061584472656e+00 7.226747463119761669e-16 1.364079328312862386e-16
2.217032670974731445e+00 7.735717914421845996e-16 2.685903094562963915e-16
2.218816757202148438e+00 6.818650165506191969e-16 2.958947076786143816e-16
2.220601081848144531e+00 5.040590895761078768e-16 3.757770349754077600e-17
2.222385644912719727e+00 4.130596136652794166e-16 1.867105990605385677e-16
2.224170684814453125e+00 -4.869339892067572461e-16 1.134174575274666391e-15
2.225956439971923828e+00 -4.724995948734783072e-16 9.427981746335163150e-16
2.227741718292236328e+00 -1.522931675482697058e-15 2.306580829656602882e-15
2.229527950286865234e+00 -6.187658265405021271e-16 9.410686392343414405e-16
2.231314420700073242e+00 6.811330212655138713e-16 8.568642204450645878e-17
2.233101367950439453e+00 1.192798254949728552e-15 7.814328262929659433e-17
2.234888315200805664e+00 7.446974970614695689e-16 2.755200183466818310e-16
2.236675739288330078e+00 4.055760246367284697e-16 2.508983587567754220e-16
2.238463640213012695e+00 1.084211172210569011e-15 1.137757683460229692e-16
2.240251779556274414e+00 1.194433452054402978e-15 3.955492456538260877e-16
2.242039918899536133e+00 7.035040613750064009e-16 3.072748070832127202e-16
2.243828773498535156e+00 1.137563024701038813e-15 3.583800634997681006e-16
2.245617628097534180e+00 9.968968984252275962e-16 1.182108328578464857e-16
2.247406959533691406e+00 8.740566334639423337e-16 8.689063819770605690e-17
2.249196529388427734e+00 8.786115001982431304e-16 1.835276610029937206e-16
2.250986099243164062e+00 6.296998042796934664e-16 1.291717965373417550e-16
2.252776145935058594e+00 4.272853202561785772e-16 2.823586711952374333e-16
2.254566669464111328e+00 3.286630507458738462e-16 2.717973879528379861e-16
2.256357192993164062e+00 8.044424895400188128e-16 6.983957115492341224e-16
2.258147954940795898e+00 4.799770429131616604e-16 3.382271909208977700e-16
2.259938955307006836e+00 1.055175518053402036e-15 2.588969173474773818e-16
2.261730432510375977e+00 1.156092823334292294e-15 2.060394276957386718e-16
2.263521909713745117e+00 1.311834653763572361e-15 3.640443316367352172e-16
2.265313625335693359e+00 1.202503134942894698e-15 2.057566113355843414e-16
2.267105579376220703e+00 9.065786222924488054e-16 8.032830999585746884e-17
2.268897771835327148e+00 3.582764343126274573e-16 3.437253876606438403e-16
2.270690202713012695e+00 9.919984010121375706e-16 3.114755346362224142e-16
2.272482633590698242e+00 1.398679353658779673e-15 3.238005257632625266e-16
2.274275541305541992e+00 1.103182486767578796e-15 3.163446241241749547e-16
2.276068449020385742e+00 1.304162123448224502e-15 2.429865945733874263e-16
2.277861595153808594e+00 1.084716745000961421e-15 3.337876794861011683e-16
2.279654741287231445e+00 1.425029913373150516e-15 2.112475553557195468e-16
2.281448125839233398e+00 1.144133988668482454e-15 3.022476665412584477e-16
2.283241748809814453e+00 6.073242113681094449e-16 1.494903567016289073e-16
2.285035610198974609e+00 9.785800226990901650e-16 2.725030987467988268e-16
2.286829471588134766e+00 9.697409162571363206e-16 3.257525925995488668e-16
2.288623332977294922e+00 1.019393669987828186e-15 1.366386699000742303e-16
2.290417432785034180e+00 1.251234210947855478e-15 2.588404043680277589e-16
2.292211771011352539e+00 5.719208282112806570e-16 3.396941725762034131e-16
2.294006109237670898e+00 7.701076384461513248e-16 1.371362752868065301e-16
2.295800447463989258e+00 8.561510981128152720e-16 2.243079298996540020e-16
2.297595024108886719e+00 1.042002991053295191e-15 3.500123044231816727e-16
2.299389600753784180e+00 1.244158521222966680e-15 4.351880317749427926e-16
2.301184415817260742e+00 1.519040512002129209e-15 7.762657267913676985e-16
2.302978992462158203e+00 3.907809001470376057e-16 5.803129130153210444e-16
2.304773807525634766e+00 1.300232525847674989e-15 5.056629464617338945e-16
2.306568861007690430e+00 1.515257027584981063e-15 2.843581189370108109e-16
2.308363676071166992e+00 1.419451672019888915e-15 2.527332703485446518e-16
2.310158491134643555e+00 1.217483971406271067e-15 6.462466326089756261e-17
2.311953544616699219e+00 1.039922466376601816e-15 1.230344869691127135e-16
2.313748598098754883e+00 7.071811902177149289e-16 2.059346735429649564e-16
2.315543413162231445e+00 1.114985679129330658e-15 4.028373024204592997e-16
2.317338466644287109e+00 6.682842726094949826e-16 2.922776122960425021e-16
2.319133520126342773e+00 1.069589265958591651e-15 2.085920276567385101e-16
2.320928335189819336e+00 9.466259165221584983e-16 2.373672721221839910e-16
2.322723388671875000e+00 6.228381491926639896e-16 1.874171965921160653e-16
2.324518203735351562e+00 1.299057797028951682e-15 5.132459559824688149e-16
2.326313018798828125e+00 1.181118200002683784e-15 2.264337708390254823e-16
2.328107833862304688e+00 5.149712032773482145e-16 1.750722340163664726e-16
2.329902648925781250e+00 2.053729848198169484e-16 3.345578971329513443e-16
2.331696987152099609e+00 2.453270789555490666e-16 9.709982043184373210e-17
2.333491802215576172e+00 7.343174788697825420e-17 4.449752592524498177e-16
2.335286140441894531e+00 2.204486757383959986e-16 3.131875735110805671e-16
2.337080478668212891e+00 7.430608176491374471e-16 1.733775460820372320e-16
2.338874816894531250e+00 9.590288082105664046e-16 2.142526959036797959e-16
2.340668916702270508e+00 3.159702620312681556e-16 1.967554966075783112e-16
2.342463016510009766e+00 7.222014137131386232e-16 2.159999131156286039e-16
2.344256877899169922e+00 8.842615275937845340e-16 2.386433801967817979e-16
2.346050500869750977e+00 7.148849019334335871e-16 1.403320644223480010e-16
2.347844123840332031e+00 1.318796735194410676e-15 1.586057149983958613e-16
2.349637508392333984e+00 5.273791242238804432e-16 3.975068711438287843e-16
2.351430654525756836e+00 1.341398962358944427e-15 3.135804115101493506e-16
2.353223562240600586e+00 6.042685929504487598e-16 5.615787147439832601e-16
2.355016469955444336e+00 -1.205402396372448159e-16 8.086178855139496829e-16
2.356808900833129883e+00 -6.262648606854506641e-17 4.390111943917138822e-16
2.358601331710815430e+00 1.065122649469482912e-15 2.501012742836295237e-16
2.360393285751342773e+00 8.302535422065478697e-16 6.064785019098352294e-16
2.362185239791870117e+00 1.339571277017006460e-15 8.307163927726631415e-16
2.363976716995239258e+00 8.325801167195288183e-17 2.208832962845660606e-16
2.365768194198608398e+00 9.633642404719691341e-16 8.553624045598031116e-16
2.367559194564819336e+00 1.412554282730397147e-15 5.755137831548557889e-16
2.369349956512451172e+00 2.377611159728776390e-16 4.742642821399642352e-16
2.371140241622924805e+00 6.301132622370719718e-16 1.538787152873452298e-16
2.372930288314819336e+00 7.177778900252214465e-16 8.136528081711068543e-16
2.374720096588134766e+00 4.911387136964867964e-16 5.843322961082795131e-16
2.376509428024291992e+00 2.391440031383886911e-16 2.727330152524191659e-16
2.378298521041870117e+00 7.632528125622590857e-16 5.866867300642912477e-16
2.380087375640869141e+00 3.994624055212429468e-16 4.386302942632454641e-16
2.381875514984130859e+00 1.248859342321991233e-15 1.324418916381811095e-15
2.383663415908813477e+00 2.025960667115825299e-16 5.470348215499370016e-17
2.385451078414916992e+00 1.338933434737944370e-16 4.926864017097980133e-16
2.387238025665283203e+00 1.415227518711931719e-15 6.216944429556338705e-16
2.389024734497070312e+00 7.726854905768911820e-17 2.671751556294508709e-16
2.390810966491699219e+00 4.010444248386975646e-16 1.261587282903907977e-16
2.392596721649169922e+00 7.894001373088480999e-16 1.400336838317878729e-16
2.394381761550903320e+00 1.045624480419280952e-15 2.286690113774907758e-16
2.396166563034057617e+00 -5.669628929080950210e-17 4.074734578479169075e-16
2.397950887680053711e+00 1.026342410649747246e-15 4.770103100154034735e-16
2.399734497070312500e+00 -4.186912313291078400e-17 7.545951299896952718e-16
2.401517868041992188e+00 4.643084156966147992e-16 5.096288605998969354e-16
2.403300523757934570e+00 1.272446880562418548e-15 7.649109854356277854e-16
2.405082464218139648e+00 -4.565667463169473077e-16 4.685296043892566049e-16
2.406864166259765625e+00 -2.725226069743652774e-16 1.530613523160464715e-15
2.408644914627075195e+00 4.354451856837732778e-16 8.445490760760363067e-16
2.410425186157226562e+00 3.920297443486456647e-16 6.163198600866277247e-16
2.412204980850219727e+00 1.418111454139095798e-15 1.419278083205260986e-16
2.413984060287475586e+00 1.972879282833325636e-15 7.367608512852559782e-16
2.415762424468994141e+00 3.325931195085002692e-15 2.794637243397590483e-16
2.417540073394775391e+00 2.487859009379705597e-15 1.300459107161065515e-15
2.419317245483398438e+00 1.549086041190660124e-15 4.241991292430779322e-16
2.421093463897705078e+00 2.744992589419456737e-15 9.095199442017893633e-16
2.422869205474853516e+00 1.615488024420358524e-15 2.810354469129486060e-16
2.424643993377685547e+00 6.580417384530591694e-16 3.328426818845409878e-16
2.426418304443359375e+00 9.327403995387003460e-16 5.887203502915304160e-16
2.428191661834716797e+00 1.163493985469163557e-15 6.184990111621170225e-16
2.429964065551757812e+00 7.862595508986659678e-16 2.663409869950829952e-16
2.431735992431640625e+00 1.444346817372640056e-15 5.118976912886767823e-16
2.433506965637207031e+00 1.329393593820594804e-16 4.585502857211800655e-16
2.435276985168457031e+00 1.749295830801370077e-15 2.033850646670601098e-16
2.437046289443969727e+00 1.276453875798523423e-15 3.054640624002198396e-16
2.438814640045166016e+00 2.464850206400489782e-15 1.298656303411953143e-15
2.440582036972045898e+00 5.501867039385641579e-16 3.570159434079946516e-16
2.442348718643188477e+00 -2.596838903648154319e-16 2.657207471194560338e-16
2.444114446640014648e+00 2.326771342262066826e-15 7.094805140925959305e-16
2.445878982543945312e+00 1.273082896426688121e-15 7.090510154487787969e-16
2.447642803192138672e+00 1.654244016921979036e-15 1.678667576681346345e-15
2.449405670166015625e+00 1.289892900539660152e-15 1.813030189642809466e-15
2.451167345046997070e+00 5.778487565289043559e-15 2.219355706088959983e-15
2.452928066253662109e+00 9.034875873096810499e-16 1.991411304928065659e-15
2.454687595367431641e+00 2.144857040795576132e-15 1.646374974962868179e-15
2.456446409225463867e+00 1.247648402844772804e-15 7.436045598617155045e-16
2.458203792572021484e+00 -8.514063901192111053e-16 1.328680550897684293e-15
2.459960222244262695e+00 -1.081079479646333049e-15 8.791060086207620316e-16
2.461715459823608398e+00 1.122294197035595981e-15 1.739094377742876098e-15
2.463469743728637695e+00 -1.565086387685175450e-15 1.196887200623480280e-15
2.465222597122192383e+00 -1.943113698033862267e-16 9.036768991733923860e-16
2.466974258422851562e+00 -3.164712290800098709e-16 1.789130943277792568e-15
2.468724966049194336e+00 -8.526700573973961146e-16 4.516518376405042300e-16
2.470474243164062500e+00 -1.088880547211426748e-15 1.475116136214599770e-15
2.472222328186035156e+00 -5.587478247551409816e-16 2.022130225309663742e-15
2.473968982696533203e+00 -7.336957037469386822e-15 2.622559270849767962e-15
2.475714445114135742e+00 1.652482929545518939e-16 1.274045231733887413e-15
2.477458477020263672e+00 -3.245544380258780573e-15 4.091984827966476529e-15
2.479201316833496094e+00 4.334642138481618846e-16 1.140664118200055213e-15
2.480942726135253906e+00 5.178496859299143440e-15 2.860565576391096120e-15
2.482682704925537109e+00 -3.860742715783684401e-15 5.034663041558837954e-15
2.484421253204345703e+00 4.348829781529450766e-15 2.192647063196137384e-15
2.486158609390258789e+00 1.579510299985732117e-15 3.681272422007377584e-16
2.487894058227539062e+00 -6.487519046040476304e-16 4.327462951918487413e-15
2.489628314971923828e+00 1.132419014788187128e-14 2.619271300706763582e-15
2.491360902786254883e+00 5.480398883458362930e-15 7.491997948134813956e-15
2.493092060089111328e+00 1.318651744329664421e-14 2.307255067882617305e-15
2.494821548461914062e+00 6.085502703834363633e-15 8.625890461438044665e-15
2.496549606323242188e+00 4.392713711493748813e-15 6.407587829060758591e-15
2.498275756835937500e+00 7.749329098609512162e-15 8.224716175860621176e-15
2.500000476837158203e+00 -4.509171847895268939e-15 1.055179604987372538e-14
2.501723289489746094e+00 9.795503201159936474e-15 1.600919883584708131e-14
2.503444671630859375e+00 2.716376004812943827e-15 9.790600574461228583e-15
2.505163908004760742e+00 3.200005347915547624e-15 2.321673940337137809e-14
2.506881713867187500e+00 3.241609647520988331e-16 4.938252057436458980e-15
2.508597850799560547e+00 1.018526456480605552e-14 2.573883590799557614e-14
2.510312080383300781e+00 2.964785569012449301e-15 1.704118481526614715e-14
2.512024164199829102e+00 -1.657132547502881970e-14 2.615168315461911114e-14
2.513734579086303711e+00 3.516531480612407334e-14 1.818986144163075441e-14
2.515443086624145508e+00 -4.923307537510696139e-16 3.012121327643398072e-14
2.517149686813354492e+00 5.301455211241187793e-14 1.733023142038488812e-14
2.518854379653930664e+00 4.157072703105980926e-14 2.649001013660910731e-14
2.520556926727294922e+00 4.597644015719506982e-14 3.667402278671912097e-14
2.522257566452026367e+00 5.207215680782389944e-14 1.055897296003581107e-14
2.523956060409545898e+00 8.262065077230262844e-14 2.936406068927872870e-14
2.525652408599853516e+00 1.794755750267329475e-13 2.763194776884535936e-14
2.527347326278686523e+00 2.447842818199819082e-13 2.733639595069170536e-13
2.529038906097412109e+00 2.528560585739192401e-13 1.043472356047556171e-13
2.530729055404663086e+00 1.650748629586015759e-13 1.197028180787221285e-13
2.532416582107543945e+00 5.281271839123469203e-13 1.153442792667380701e-12
2.534102201461791992e+00 -6.512478036501626738e-15 3.463533713304878248e-13
2.535785436630249023e+00 1.981998820708291698e-13 3.317216293319269482e-13
2.537466287612915039e+00 2.465540622955796762e-14 3.302663860709625920e-13
2.539144754409790039e+00 -1.360799087345501701e-14 4.808477970181038175e-14
2.540821075439453125e+00 -3.965629094635630958e-13 1.133348623283403356e-12
2.542494773864746094e+00 2.093635222057566719e-14 2.791406971021370698e-13
2.544166088104248047e+00 -1.003337929232628323e-12 3.480564361030280551e-12
2.545834779739379883e+00 -1.322412773903380856e-12 4.408987498011329720e-12
2.547501087188720703e+00 -5.387385416250056736e-13 1.764862670068645389e-12
2.549164772033691406e+00 -6.229465185879357048e-13 1.301127608432928184e-12
2.550825834274291992e+00 -1.717360520285537984e-13 1.966883009544770355e-13
2.552484273910522461e+00 -2.495883545412108662e-13 3.771626565750307858e-13
2.554139852523803711e+00 -2.855322586443193034e-13 5.344055276426673551e-13
2.555793046951293945e+00 -1.059093879761906221e-13 2.038892329709468543e-13
2.557443141937255859e+00 -4.280742901536897793e-14 8.331738619339612573e-14
2.559090852737426758e+00 -8.474712359825276042e-13 5.204857378426908099e-12
2.560735464096069336e+00 -5.589392880825383436e-13 3.712416225126746738e-12
2.562377214431762695e+00 -4.625041126991857876e-13 2.139926907548939106e-12
2.564016103744506836e+00 -6.364198989854130684e-14 1.565412973943483554e-13
2.565651893615722656e+00 -3.257797558873761282e-15 3.691860863243648372e-14
2.567284822463989258e+00 -5.703765283297584573e-15 5.885107668118089164e-14
2.568914890289306641e+00 1.227167781454874262e-13 1.885026423148472574e-13
2.570541620254516602e+00 5.261157110555796101e-14 nan
2.572165250778198242e+00 0.000000000000000000e+00 nan
2.573785781860351562e+00 0.000000000000000000e+00 nan
2.575403213500976562e+00 0.000000000000000000e+00 nan
2.577017307281494141e+00 0.000000000000000000e+00 nan
