7.997323870658874512e-01 0.000000000000000000e+00 nan
8.001122474670410156e-01 4.993833618281457321e-16 1.009774181503657114e-16
8.004894852638244629e-01 -1.378613222547664103e-16 2.197288565519074535e-16
8.008628487586975098e-01 1.828754721033875111e-15 2.657041770374253715e-16
8.012332320213317871e-01 1.238861071291719879e-15 1.623403362023992749e-16
8.016009330749511719e-01 1.595797049495537804e-15 1.797894002042950737e-16
8.019647002220153809e-01 1.275753908946736150e-15 1.459381255139709861e-16
8.023267984390258789e-01 1.255782671995492664e-15 1.962641116190524102e-16
8.026843070983886719e-01 1.549975214027040325e-15 1.848798035194974018e-16
8.030400276184082031e-01 7.951240683290374412e-16 1.456502798956923334e-16
8.033925890922546387e-01 1.378898487362431591e-15 2.071197652804023285e-16
8.037421107292175293e-01 1.134321111974541385e-15 2.759567432403302279e-16
8.040891289710998535e-01 1.272063174637312350e-15 1.793476592874121553e-16
8.044332861900329590e-01 1.067004968436518781e-15 1.233458112818980714e-16
8.047741651535034180e-01 1.113866007452178879e-15 2.436109107950730490e-16
8.051134943962097168e-01 1.168529596340590372e-15 2.973582747323514058e-16
8.054491877555847168e-01 1.116505679753178500e-15 1.999528209903366806e-16
8.057828545570373535e-01 1.365838827502546381e-15 1.908340480920011077e-16
8.061137199401855469e-01 1.282544995601347503e-15 1.535914652391076152e-16
8.064420819282531738e-01 1.321074830306051117e-15 2.130132484738303392e-16
8.067705631256103516e-01 1.072997832417461363e-15 1.221951567277225069e-16
8.070917129516601562e-01 1.166246101393911185e-15 1.386092523471919575e-16
8.074125647544860840e-01 1.261171601485042929e-15 1.899722450077290605e-16
8.077316284179687500e-01 1.207103053242077582e-15 1.224292289887403125e-16
8.080477714538574219e-01 1.300744027868698180e-15 1.394602425264967116e-16
8.083624243736267090e-01 8.420156534703578978e-16 1.230578597845010118e-16
8.086735010147094727e-01 1.318782441513425760e-15 1.092573041761194061e-16
8.089838624000549316e-01 1.060751430066058688e-15 1.264294744310467543e-16
8.092914819717407227e-01 9.933085492233031596e-16 1.830507020443507445e-16
8.095965385437011719e-01 1.285910681017262466e-15 1.606942467834187498e-16
8.098995089530944824e-01 9.887266303742494288e-16 1.404916507235666316e-16
8.102015256881713867e-01 9.732595969991490910e-16 1.071572249497452774e-16
8.105000853538513184e-01 1.179824463054871247e-15 1.000295485777187468e-16
8.107975125312805176e-01 1.224926214639084163e-15 1.232658196079417434e-16
8.110927939414978027e-01 1.182219872229706408e-15 7.776870216070808127e-17
8.113857507705688477e-01 1.158551548221934714e-15 1.472332785949922139e-16
8.116773962974548340e-01 1.305520976053857213e-15 1.356575013446883310e-16
8.119670748710632324e-01 9.878870089652836035e-16 1.340028489520066570e-16
8.122543096542358398e-01 1.180038868269644992e-15 1.349828396022002808e-16
8.125401139259338379e-01 7.473787269164438533e-16 1.631802620138305196e-16
8.128250241279602051e-01 9.187722968428848995e-16 8.206024091008629691e-17
8.131063580513000488e-01 1.093406773644198509e-15 9.430606754378263431e-17
8.133879899978637695e-01 5.981592089996995085e-16 1.647790631715526132e-16
8.136659264564514160e-01 8.956435328225141948e-16 1.150117217649650019e-16
8.139439821243286133e-01 8.980389419973493562e-16 1.105464486171710487e-16
8.142192959785461426e-01 7.561608703926948460e-16 1.300296688593429503e-16
8.144935965538024902e-01 8.094433720606082020e-16 8.302893558183489656e-17
8.147660493850708008e-01 6.816071479577394659e-16 1.001126438333333737e-16
8.150371909141540527e-01 8.879491384692153339e-16 1.483739408073681378e-16
8.153063058853149414e-01 7.657131256366776079e-16 1.669238035335597050e-16
8.155747056007385254e-01 8.003107157628715392e-16 8.787704115200819176e-17
8.158411979675292969e-01 8.055947190460806782e-16 1.225333611016933880e-16
8.161062002182006836e-01 8.545677817761601711e-16 9.231090790630473155e-17
8.163699507713317871e-01 7.816024049359842144e-16 8.238460158932549055e-17
8.166323304176330566e-01 6.807185574565105014e-16 1.197005123491605839e-16
8.168932795524597168e-01 1.093022644202618684e-15 1.315843581293588160e-16
8.171530961990356445e-01 3.800782418117854954e-16 1.882395994094509866e-16
8.174112439155578613e-01 9.982560686682155279e-16 1.554448527370388294e-16
8.176684379577636719e-01 6.761458500907581610e-16 1.142305853340291259e-16
8.179243803024291992e-01 7.375195281081998143e-16 1.540644404959205360e-16
8.181784152984619141e-01 8.099201986703531697e-16 9.635417997535373168e-17
8.184319734573364258e-01 6.644027441287021513e-16 7.478099858006044998e-17
8.186848759651184082e-01 6.186330011864608121e-16 1.021096166507139927e-16
8.189358711242675781e-01 7.421207698963627839e-16 1.548459607386606365e-16
8.191859126091003418e-01 6.490832533051016720e-16 6.225800688415474449e-17
8.194346427917480469e-01 6.154979204904358330e-16 1.240358387314449066e-16
8.196827769279479980e-01 9.115072952542847655e-16 1.090939657836422351e-16
8.199291825294494629e-01 5.940874686826888833e-16 1.186968444811132423e-16
8.201754689216613770e-01 8.290058626752422853e-16 1.347961482466695127e-16
8.204197883605957031e-01 7.892533359111770890e-16 9.352510316641416939e-17
8.206633329391479492e-01 7.016999341369139446e-16 1.483108103830180907e-16
8.209065198898315430e-01 1.036310400252154259e-15 1.311963905697367447e-16
8.211480975151062012e-01 9.012997012069231921e-16 1.487315210600074610e-16
8.213891983032226562e-01 7.479319982496785216e-16 1.418599133358477461e-16
8.216289281845092773e-01 8.543942988406506497e-16 8.057322163162216927e-17
8.218681812286376953e-01 8.503689865170614010e-16 1.337859555779503527e-16
8.221063017845153809e-01 8.865876388856224529e-16 9.171279676642478873e-17
8.223434686660766602e-01 6.993033602917763086e-16 1.037339015887476200e-16
8.225804567337036133e-01 6.771289906447243868e-16 1.101333546192620667e-16
8.228155970573425293e-01 9.412135877474403327e-16 1.178848045824923852e-16
8.230513930320739746e-01 7.609839289339200355e-16 1.067419207252395536e-16
8.232851624488830566e-01 7.139104964067359213e-16 5.924257620937433571e-17
8.235181570053100586e-01 6.170296207568676250e-16 8.173812354466834709e-17
8.237514495849609375e-01 6.819512550925615254e-16 1.186623278885126295e-16
8.239828944206237793e-01 6.751828265692892250e-16 7.721840867767860387e-17
8.242146968841552734e-01 8.837835892532962950e-16 9.025805076674003002e-17
8.244451284408569336e-01 6.063705052090603061e-16 1.190862281739440043e-16
8.246748447418212891e-01 8.843161082793232330e-16 1.558841319644187901e-16
8.249043226242065430e-01 6.884246514523933123e-16 1.316316066859478449e-16
8.251330256462097168e-01 7.283692958768076247e-16 9.320534822882567101e-17
8.253609538078308105e-01 3.974894275590712660e-16 7.033083305897416533e-17
8.255884647369384766e-01 7.752608810181280813e-16 1.197429037011927015e-16
8.258152604103088379e-01 7.434754932163776305e-16 7.374726104238558066e-17
8.260419368743896484e-01 7.571422110016481563e-16 7.494518400548487534e-17
8.262669444084167480e-01 1.214531638068616203e-15 1.864272930094616060e-16
8.264927864074707031e-01 9.013175947779339392e-16 2.380964351408719351e-16
8.267166614532470703e-01 8.842704214397307041e-16 2.154688631623695601e-16
8.269416689872741699e-01 6.811777022534815356e-16 1.657986261422507738e-16
8.271651268005371094e-01 5.871998202720905401e-16 1.084688157638991589e-16
8.273885250091552734e-01 8.444983599783194555e-16 1.198725659165716137e-16
8.276112079620361328e-01 8.217798775417750525e-16 1.298225295990698713e-16
8.278335928916931152e-01 5.569657733132363404e-16 1.284531817258250871e-16
8.280553817749023438e-01 6.862700643323743892e-16 1.007296345435142269e-16
8.282771706581115723e-01 5.450429375476848089e-16 4.052460722165484176e-17
8.284980654716491699e-01 3.863251097977859604e-16 1.109622690023790055e-16
8.287186026573181152e-01 6.149837714914524727e-16 7.000123798081873613e-17
8.289391398429870605e-01 7.004633719130410729e-16 4.741462798624998705e-17
8.291590809822082520e-01 8.455060644877560559e-16 1.894931817016077494e-16
8.293786644935607910e-01 5.110457349624165663e-16 1.190002543297976928e-16
8.295978903770446777e-01 1.022309792666987929e-15 1.978661553247757117e-16
8.298170566558837891e-01 5.567107634565535926e-16 1.309445570866062006e-16
8.300355076789855957e-01 6.707475502992288948e-16 1.406230599443992558e-16
8.302538394927978516e-01 7.170449947676096631e-16 1.518122328287305547e-16
8.304719924926757812e-01 6.673469777137988959e-16 1.231129169260725413e-16
8.306897878646850586e-01 7.249063075510768245e-16 1.233925039731154647e-16
8.309071063995361328e-01 6.761546380575859244e-16 1.851220284726325300e-16
8.311244845390319824e-01 5.331729354622182643e-16 1.009247499064032350e-16
8.313416242599487305e-01 6.994568320739069471e-16 1.066162752989151990e-16
8.315582275390625000e-01 6.556212359271615994e-16 1.361216224602244842e-16
8.317750096321105957e-01 5.979827614488745970e-16 1.067686022630780641e-16
8.319911360740661621e-01 7.495727540080693047e-16 1.283363705884427988e-16
8.322071433067321777e-01 3.497326247319101434e-16 6.483217309808506535e-17
8.324234485626220703e-01 8.730757163714626505e-16 1.327576311102040304e-16
8.326391577720642090e-01 7.092341333840633359e-16 9.523506416357358905e-17
8.328545093536376953e-01 5.976945055490121179e-16 8.333797687612960812e-17
8.330701589584350586e-01 6.165865166463352191e-16 1.211404418897132928e-16
8.332857489585876465e-01 6.447188101652554827e-16 6.709947515709291420e-17
8.335004448890686035e-01 6.475003604849201982e-16 1.598929668502059825e-16
8.337156176567077637e-01 6.616991737797440348e-16 5.893254229834456051e-17
8.339306116104125977e-01 8.315348383579476092e-16 1.104996698991699499e-16
8.341455459594726562e-01 6.379647812020865054e-16 6.921263045459028125e-17
8.343597650527954102e-01 5.997000678098734876e-16 1.019271736948092969e-16
8.345748782157897949e-01 5.891298907215278702e-16 1.077825404056108642e-16
8.347893357276916504e-01 8.136798602858597886e-16 1.146634985794148785e-16
8.350037336349487305e-01 5.340707903863078226e-16 1.208431333252270334e-16
8.352180719375610352e-01 6.936757792693371439e-16 1.139333032393224682e-16
8.354326486587524414e-01 6.544208843617838490e-16 7.375986727492088880e-17
8.356469273567199707e-01 7.369133172157617522e-16 1.063884829931078960e-16
8.358612656593322754e-01 5.659261113457659566e-16 1.047247647009126408e-16
8.360754251480102539e-01 7.405588411416258541e-16 1.094178500068485982e-16
8.362895846366882324e-01 6.399142804697514810e-16 6.216772508337825684e-17
8.365036249160766602e-01 7.496122998587942399e-16 1.006951113334687137e-16
8.367174863815307617e-01 6.557680373248326103e-16 7.981683444461387992e-17
8.369323015213012695e-01 5.176185518144323268e-16 1.160171631082456572e-16
8.371459245681762695e-01 5.203005228232354586e-16 7.980281207886988099e-17
8.373603820800781250e-01 7.139139374780841419e-16 1.237766731193646924e-16
8.375743627548217773e-01 6.723121260319259943e-16 9.512885417292178030e-17
8.377889394760131836e-01 5.421920364054636475e-16 6.359661010839215770e-17
8.380026221275329590e-01 5.748935962187880309e-16 4.568980751656666480e-17
8.382174372673034668e-01 6.017070594388333488e-16 9.857123577523265942e-17
8.384312987327575684e-01 5.373703542927777462e-16 9.991686010850942272e-17
8.386458754539489746e-01 6.273381176040708669e-16 8.580996312335247857e-17
8.388605117797851562e-01 5.485875586737072422e-16 7.812170314147631094e-17
8.390749692916870117e-01 8.143324462321600236e-16 1.460643863626710803e-16
8.392887115478515625e-01 6.283314225534041442e-16 2.198565335338162384e-16
8.395047783851623535e-01 7.023471202481754334e-16 2.135450528158080313e-16
8.397184014320373535e-01 6.246098774205239689e-16 8.914481124603146410e-17
8.399339914321899414e-01 5.804271565840819682e-16 7.899838224188451179e-17
8.401484489440917969e-01 5.922434779565162715e-16 8.983116601365856392e-17
8.403636813163757324e-01 7.346724915538005007e-16 1.220744810025183708e-16
8.405786752700805664e-01 7.651386784797615821e-16 9.289639957875956539e-17
8.407939076423645020e-01 7.474335193602193658e-16 7.879089225703171033e-17
8.410094380378723145e-01 6.066678137735465656e-16 1.494138458036902025e-16
8.412247896194458008e-01 7.213035058494898615e-16 8.352337782990479353e-17
8.414404392242431641e-01 5.611074467879546487e-16 1.212730687204075950e-16
8.416562080383300781e-01 6.278477667405219387e-16 7.536755566114425211e-17
8.418717980384826660e-01 4.454300630055661736e-16 1.428126665828312238e-16
8.420881628990173340e-01 8.813451402168287745e-16 1.247857672922303819e-16
8.423038721084594727e-01 5.839088855137707697e-16 1.155819337571447562e-16
8.425205945968627930e-01 6.932445336200662982e-16 6.863873916304589107e-17
8.427367806434631348e-01 8.390905310661335784e-16 6.930199904797051036e-17
8.429536819458007812e-01 7.019102100660698246e-16 5.858153978593625896e-17
8.431702256202697754e-01 8.274287402670139815e-16 7.592600183629105216e-17
8.433874249458312988e-01 7.241553069642174805e-16 1.077524177964241331e-16
8.436055779457092285e-01 8.019205548186875403e-16 1.061740446911096491e-16
8.438231945037841797e-01 7.282195828033804271e-16 7.617536039502883767e-17
8.440409898757934570e-01 8.764995823629421427e-16 1.004346884068574189e-16
8.442569971084594727e-01 9.461651305988521589e-16 1.422588658540045216e-16
8.444747328758239746e-01 7.463836749616568639e-16 9.655982369307931478e-17
8.446927070617675781e-01 8.449198647486968767e-16 7.846476472000410343e-17
8.449113965034484863e-01 6.940376740960515437e-16 1.175701318425874126e-16
8.451293110847473145e-01 7.660245161239119700e-16 6.093104374549717750e-17
8.453478813171386719e-01 7.773090596241481829e-16 9.861824610380527309e-17
8.455671072006225586e-01 8.059418966753365346e-16 6.384893328244533326e-17
8.457862734794616699e-01 6.554421943379357216e-16 8.561445733121434538e-17
8.460049629211425781e-01 8.081908750294151088e-16 5.116248408005424908e-17
8.462249636650085449e-01 7.127242797036654771e-16 1.339747248111798541e-16
8.464444875717163086e-01 6.097891831237378657e-16 7.859178657486774635e-17
8.466643691062927246e-01 6.562089709134376770e-16 8.092019412008611247e-17
8.468847870826721191e-01 8.817854914702826039e-16 9.154640773184852210e-17
8.471049070358276367e-01 7.066782114657234846e-16 6.685414000485458662e-17
8.473256826400756836e-01 7.664802727890939870e-16 1.275593502082349867e-16
8.475466966629028320e-01 7.608906494306036557e-16 5.795409351281273556e-17
8.477674126625061035e-01 8.820057729761279254e-16 1.057457173350398905e-16
8.479892611503601074e-01 7.975585998381239106e-16 7.666229184313675315e-17
8.482103943824768066e-01 7.474977879850922859e-16 6.118408160359959888e-17
8.484323620796203613e-01 8.419233798186663825e-16 5.954188985966542367e-17
8.486545085906982422e-01 8.430964675110543850e-16 1.037324854555389292e-16
8.488768339157104492e-01 8.225992760391251813e-16 8.940575695078989242e-17
8.490991592407226562e-01 7.529318219790838429e-16 8.301146552729777662e-17
8.493223190307617188e-01 8.292313322578895394e-16 9.741395054126686989e-17
8.495450019836425781e-01 6.208471982501427566e-16 8.315687064409479803e-17
8.497686982154846191e-01 6.809339155833499073e-16 1.682131994375175637e-16
8.499922156333923340e-01 9.621982996200735896e-16 8.259007325348366262e-17
8.502160310745239258e-01 8.440781257573629157e-16 7.392705040288520633e-17
8.504406213760375977e-01 7.680725888508136649e-16 7.444129204609717257e-17
8.506641387939453125e-01 8.278011171264506533e-16 6.678909052148341652e-17
8.508895039558410645e-01 8.435720765109376747e-16 6.132013627075232087e-17
8.511145114898681641e-01 7.787148696187943045e-16 5.958345403108498820e-17
8.513395786285400391e-01 8.644026813267298524e-16 9.927248641133061416e-17
8.515648245811462402e-01 7.674973476005095881e-16 1.281791877432120023e-15
8.517909646034240723e-01 6.496406539239542050e-16 1.238992546687001507e-16
8.520169854164123535e-01 8.222065174493952029e-16 1.015435802662664061e-16
8.522433042526245117e-01 8.783717369346109600e-16 8.857804694264483081e-17
8.524698615074157715e-01 8.959802284190477792e-16 6.952063281003562621e-17
8.526969552040100098e-01 8.643891817391329870e-16 6.908355057436260638e-17
8.529240489006042480e-01 9.057270365431030132e-16 5.740155671596201435e-17
8.531509041786193848e-01 8.203107518343216720e-16 5.781838295279483563e-17
8.533797860145568848e-01 9.165021426651249678e-16 9.853248401789577518e-17
8.536072969436645508e-01 8.957939870497702399e-16 7.299218410946757530e-17
8.538356423377990723e-01 7.744242771640368495e-16 6.217285360317608561e-17
8.540645241737365723e-01 9.450391061745959734e-16 8.064667527001687813e-17
8.542930483818054199e-01 8.044667887976931706e-16 5.889865436300948808e-17
8.545227646827697754e-01 7.334814044112833442e-16 8.326629671296821296e-17
8.547519445419311523e-01 8.327429190989690550e-16 7.224002546975065702e-17
8.549820184707641602e-01 8.842639098739486867e-16 8.150057050763291839e-17
8.552121520042419434e-01 9.872327818926480633e-16 1.038360484682305683e-16
8.554424643516540527e-01 8.645833640422910353e-16 7.596942550972763590e-17
8.556733727455139160e-01 8.031579111359484630e-16 9.198306645104791478e-17
8.559041023254394531e-01 9.594920293535961001e-16 5.492083544147058393e-17
8.561357259750366211e-01 8.977732912892667262e-16 8.237749445350243493e-17
8.563676476478576660e-01 1.035654373234505803e-15 3.088001546025401049e-17
8.565990328788757324e-01 1.012819635525950748e-15 8.238746694296737423e-17
8.568316698074340820e-01 1.014962840640740941e-15 1.131377672482832691e-16
8.570641875267028809e-01 1.003675279585630135e-15 8.290327692062074102e-17
8.572969436645507812e-01 9.157114374088630784e-16 8.417880927751221097e-17
8.575302958488464355e-01 9.883354070317363488e-16 5.027691113369987808e-17
8.577635884284973145e-01 1.082630820489229300e-15 8.236472940228951661e-17
8.579975366592407227e-01 9.784361329771753407e-16 8.692090639068059729e-17
8.582316637039184570e-01 9.592172730413304864e-16 1.003944940465322422e-16
8.584628701210021973e-01 8.041871620459808447e-16 1.422955662034222743e-16
8.587013483047485352e-01 1.043957096062610862e-15 6.167782901995495131e-17
8.589356541633605957e-01 1.009990651361239791e-15 5.448981147660390248e-17
8.591711521148681641e-01 1.206387522159884512e-15 8.066190862817765469e-17
8.594070672988891602e-01 1.105303986663095598e-15 2.847129198627919560e-17
8.596428632736206055e-01 1.051512418193882407e-15 9.478669918434534593e-17
8.598793745040893555e-01 9.408257525367162699e-16 8.746062519675919678e-17
8.601160049438476562e-01 1.151263147348166680e-15 6.576028959770426367e-17
8.603526353836059570e-01 1.117501261103557523e-15 7.640951206538544832e-17
8.605900406837463379e-01 1.030874354554912973e-15 6.354402127376848641e-17
8.608281016349792480e-01 1.141651440979198507e-15 7.599130278256843837e-17
8.610653877258300781e-01 1.068000655666016211e-15 1.228144833959532098e-16
8.613033890724182129e-01 1.027723709628482196e-15 6.696833725150120741e-17
8.615427017211914062e-01 1.138842256209629620e-15 9.518506274990598363e-17
8.617811203002929688e-01 1.197521522421855344e-15 7.920590531396181537e-17
8.620203137397766113e-01 1.126492092322188294e-15 8.752762682637599202e-17
8.622599244117736816e-01 1.082316783024034768e-15 6.497088797808775787e-17
8.624996542930603027e-01 1.135083123989715035e-15 7.805574045070888230e-17
8.627398610115051270e-01 1.315872248064896798e-15 8.225102846401042764e-17
8.629801869392395020e-01 1.252627686025207208e-15 1.025131947628561647e-16
8.632212281227111816e-01 1.034356930517549029e-15 4.992936623625204818e-17
8.634622693061828613e-01 1.106537796029889893e-15 8.198187712757547328e-17
8.637035489082336426e-01 1.148277885604687305e-15 8.095286444555950685e-17
8.639453649520874023e-01 1.106524031744497011e-15 4.809724389750834718e-17
8.641874790191650391e-01 1.191633267009898668e-15 9.124708746411253372e-17
8.644298315048217773e-01 1.194686609026513607e-15 6.365332161118879327e-17
8.646724224090576172e-01 1.182578273045513384e-15 9.277701425531101201e-17
8.649156093597412109e-01 1.040602951470602239e-15 9.183189753974262386e-17
8.651587367057800293e-01 1.278238891855743454e-15 6.905622052692385435e-17
8.654026985168457031e-01 1.246913919400384919e-15 1.371821341799664700e-16
8.656466007232666016e-01 1.349918313863309773e-15 1.180556934796009403e-16
8.658904433250427246e-01 1.108591850926981572e-15 6.231827195486290788e-17
8.661357760429382324e-01 1.149244561955741276e-15 8.093071585747778698e-17
8.663803935050964355e-01 1.151767873105611836e-15 1.403423876363926628e-16
8.666257262229919434e-01 1.205699307890240393e-15 6.265925565569196716e-17
8.668714165687561035e-01 1.173338625898626662e-15 7.024884291665790923e-17
8.671172261238098145e-01 1.160825302289720477e-15 2.697812510150257386e-17
8.673635721206665039e-01 1.156125751740116805e-15 1.088991349708839452e-16
8.676100373268127441e-01 1.176501976319266254e-15 8.915979314128602454e-17
8.678570389747619629e-01 1.244273611824674858e-15 6.439209977731705377e-17
8.681042194366455078e-01 1.103120970999784452e-15 6.136862890698262956e-17
8.683516979217529297e-01 1.079451588200828691e-15 1.148466959240382226e-16
8.685997724533081055e-01 1.446683675394996264e-15 1.372951204341963131e-16
8.688475489616394043e-01 1.130255671465075964e-15 8.373982783515276939e-17
8.690963983535766602e-01 1.241214234698310732e-15 7.496394446177757800e-17
8.693450093269348145e-01 1.139567845808071335e-15 6.700947128900224437e-17
8.695942759513854980e-01 1.281667998863584082e-15 6.281640011974234114e-17
8.698437809944152832e-01 1.336750022027939199e-15 8.716753194467450759e-17
8.700934648513793945e-01 1.216371923025644577e-15 1.123910018261601966e-16
8.703436255455017090e-01 1.341058349235029791e-15 1.121463284184119114e-16
8.705941438674926758e-01 1.390752395821900304e-15 1.015730477484079952e-16
8.708446621894836426e-01 1.325625197177819625e-15 9.206388530561679579e-17
8.710961937904357910e-01 1.215492173430802580e-15 8.483717225321051633e-17
8.713470697402954102e-01 1.295192150415919868e-15 4.568542676804258397e-17
8.715988397598266602e-01 1.310398403522384288e-15 8.020435863542762275e-17
8.718513250350952148e-01 1.196734946451211319e-15 7.631666931343249649e-17
8.721032738685607910e-01 1.293064086015061846e-15 7.196370744048854323e-17
8.723561763763427734e-01 1.304974428044641376e-15 4.192434901932727434e-17
8.726090192794799805e-01 1.328337079037572675e-15 6.992350947301835323e-17
8.728624582290649414e-01 1.407396063839855271e-15 9.076310077898530702e-17
8.731160163879394531e-01 1.356422679865275545e-15 8.956108161749264975e-17
8.733701705932617188e-01 1.307719661826692564e-15 7.020600157837256282e-17
8.736240863800048828e-01 1.193797647948370219e-15 7.728210158484518700e-17
8.738788366317749023e-01 1.121610217930688134e-15 9.862533338729362743e-17
8.741339445114135742e-01 1.343216483305515341e-15 8.098531639535118723e-17
8.743892312049865723e-01 1.276690727386399406e-15 4.845576713604598086e-17
8.746440410614013672e-01 1.175203580690243818e-15 6.421773672163577596e-17
8.749007582664489746e-01 1.301430971588921418e-15 5.736106457061631854e-17
8.751564621925354004e-01 1.303840568565623088e-15 8.486993522291251665e-17
8.754132390022277832e-01 1.391081891638382226e-15 6.538464372048678232e-17
8.756697177886962891e-01 1.219620506136601633e-15 9.153885060977223764e-17
8.759273886680603027e-01 1.269301953108381738e-15 6.012922118180257544e-17
8.761844635009765625e-01 1.308521484390387166e-15 8.281832878043399529e-17
8.764422535896301270e-01 1.378526957535942173e-15 9.676212560113018365e-17
8.767005801200866699e-01 1.300773779900970487e-15 7.036566728892999843e-17
8.769587874412536621e-01 1.322059294348997428e-15 1.613979988136890649e-16
8.772177100181579590e-01 1.360988293330094630e-15 6.537514106960977314e-17
8.774766921997070312e-01 1.245682968769787607e-15 5.632877625337464212e-17
8.777360916137695312e-01 1.436343732449626206e-15 7.769246257801029382e-17
8.779958486557006836e-01 1.362247831322661775e-15 1.284845219448734963e-16
8.782558441162109375e-01 1.278329418501981257e-15 1.245623491175022594e-16
8.785161375999450684e-01 1.351181345866784341e-15 8.978753719943006703e-17
8.787767291069030762e-01 1.344686508985475180e-15 4.631764421893931323e-17
8.790377378463745117e-01 1.395639670048439210e-15 8.822627018918317962e-17
8.792990446090698242e-01 1.256997952516565771e-15 6.074785301831873378e-17
8.795604705810546875e-01 1.366973110498038296e-15 5.618493947101902124e-17
8.798224925994873047e-01 1.228886940700445272e-15 9.267374241019499161e-17
8.800848722457885742e-01 1.362436825549017891e-15 6.391625916686224929e-17
8.803470730781555176e-01 1.356916923589998429e-15 5.428192775377952578e-17
8.806101679801940918e-01 1.301274376372797779e-15 8.094072805161212883e-17
8.808729648590087891e-01 1.375607976120585448e-15 9.318481429729965466e-17
8.811368346214294434e-01 1.276738161231445647e-15 9.940698597893173646e-17
8.814030885696411133e-01 1.298444015779547534e-15 8.099936523087478786e-17
8.816626667976379395e-01 1.357996890597747662e-15 3.472679970834165446e-16
8.819290399551391602e-01 1.589802491448700714e-15 8.078328580254123576e-17
8.821935653686523438e-01 1.253619138089968367e-15 5.750222128778726760e-17
8.824586272239685059e-01 1.357731239889665032e-15 1.123298169306108743e-16
8.827241063117980957e-01 1.339393505977201464e-15 6.525191101067407328e-17
8.829897642135620117e-01 1.425907439506505971e-15 9.665866185011205095e-17
8.832558393478393555e-01 1.223563126868715181e-15 5.659469165925328903e-17
8.835219144821166992e-01 1.238923010575987849e-15 1.141624124166649556e-16
8.837891221046447754e-01 1.320689006798576783e-15 7.066382288636351215e-17
8.840554952621459961e-01 1.308342760438516508e-15 8.872806441853744791e-17
8.843230009078979492e-01 1.357285488801172457e-15 7.732541937916336395e-17
8.845905661582946777e-01 1.256165636766770014e-15 6.722373091998817981e-17
8.848580121994018555e-01 1.262122290089217475e-15 5.917527017729212096e-17
8.851271271705627441e-01 1.281882298199239420e-15 1.131095107585584577e-16
8.853945732116699219e-01 1.321779773476403508e-15 6.820577959554583554e-17
8.856639266014099121e-01 1.292766036296746739e-15 9.272344603884207794e-17
8.859327435493469238e-01 1.271755701677459039e-15 8.719222824904289079e-17
8.862023949623107910e-01 1.276825723262368061e-15 7.759988452385335896e-17
8.864719867706298828e-01 1.291239471167557676e-15 5.135878396558043318e-17
8.867420554161071777e-01 1.343092287099624180e-15 6.829019834014054733e-17
8.870127201080322266e-01 1.350968317080549885e-15 7.315486737489960436e-17
8.872830867767333984e-01 1.193553702459560981e-15 5.518380277564609185e-17
8.875539898872375488e-01 1.322897115812950337e-15 6.970617273015372053e-17
8.878255486488342285e-01 1.399377944082027658e-15 7.216935115821412634e-17
8.880971074104309082e-01 1.327019201650763390e-15 8.312939501286823667e-17
8.883689641952514648e-01 1.313710514104385416e-15 7.500920778489647968e-17
8.886410593986511230e-01 1.313279586092469791e-15 7.374366115235974988e-17
8.889141678810119629e-01 1.334126443352937411e-15 6.985222635655098352e-17
8.891865611076354980e-01 1.289240473412037527e-15 7.906775291677565890e-17
8.894598484039306641e-01 1.421365437085091599e-15 1.038934746550764497e-16
8.897336125373840332e-01 1.167341314994710996e-15 9.040213239455696659e-17
8.900071382522583008e-01 1.323909531943156040e-15 9.377225149855521321e-17
8.902814388275146484e-01 1.392124589196452270e-15 1.429604076576780950e-16
8.905559182167053223e-01 1.310011944740199514e-15 8.073922685439421129e-17
8.908299803733825684e-01 1.245745437449647611e-15 4.900742381272494565e-17
8.911057114601135254e-01 1.333033453213624143e-15 7.624690820929222435e-17
8.913808465003967285e-01 1.257813645244771662e-15 5.218179227912374339e-17
8.916565179824829102e-01 1.316992025621166983e-15 8.316929820561779472e-17
8.919326663017272949e-01 1.332955420303358340e-15 6.089967043922426626e-17
8.922087550163269043e-01 1.299279719661132308e-15 8.836162340717645665e-17
8.924855589866638184e-01 1.357246313527361945e-15 8.235479661749397985e-17
8.927626609802246094e-01 1.281594624634528178e-15 5.530403182331944932e-17
8.930397033691406250e-01 1.440535804384706145e-15 9.487149512329938190e-17
8.933170437812805176e-01 1.314325460024092038e-15 9.571173195464094657e-17
8.935953378677368164e-01 1.225543066382922108e-15 6.330444329859352790e-17
8.938735127449035645e-01 1.239302587215476183e-15 1.121093236665287392e-16
8.941517472267150879e-01 1.286034771344035221e-15 9.688548139151899156e-17
8.944305181503295898e-01 1.184167942129272892e-15 4.776212325286106376e-17
8.947098851203918457e-01 1.171768015056180376e-15 7.259967036519891261e-17
8.949893116950988770e-01 1.157995788729417486e-15 7.309220678913748740e-17
8.952689766883850098e-01 1.354979547481391031e-15 5.895598790562676353e-17
8.955489397048950195e-01 1.202536698623429649e-15 7.675653087596369449e-17
8.958293199539184570e-01 1.294640308450783692e-15 8.725845563760633639e-17
8.961101770401000977e-01 1.033452722846355063e-15 3.545952225064153676e-17
8.963909745216369629e-01 1.354294615464417522e-15 1.042473689909062366e-16
8.966729044914245605e-01 1.312906256320967458e-15 8.267230162381633400e-17
8.969539999961853027e-01 1.194365265902149007e-15 1.228205714452616001e-16
8.972359299659729004e-01 1.343959119442020549e-15 6.003191165454183726e-17
8.975185751914978027e-01 1.212941016072791034e-15 6.530338811455447330e-17
8.978009223937988281e-01 1.295598514472365119e-15 4.452986868719580515e-17
8.980839848518371582e-01 1.094439836202493535e-15 8.670792392656044372e-17
8.983669281005859375e-01 1.099407049163429566e-15 8.691665137360962451e-17
8.986505866050720215e-01 1.195061950501265669e-15 6.637767073713424183e-17
8.989343047142028809e-01 1.061290566536986051e-15 9.524721379241076792e-17
8.992188572883605957e-01 1.131741155496323193e-15 6.400797695318212899e-17
8.995028734207153320e-01 1.259708352068661125e-15 5.755886661613489894e-17
8.997879028320312500e-01 1.157857087084304595e-15 5.651870353946171770e-17
9.000732898712158203e-01 1.117301467207123915e-15 9.564912430843803301e-17
9.003584980964660645e-01 1.212268683670907933e-15 8.414824991696205191e-17
9.006440043449401855e-01 1.106891008768894936e-15 7.061746106739114005e-17
9.009306430816650391e-01 1.217679530137968404e-15 8.935062701732445823e-17
9.012166261672973633e-01 1.221932059049658618e-15 1.012482966399196765e-16
9.015038013458251953e-01 1.145063077932502015e-15 6.492947600790090310e-17
9.017904996871948242e-01 1.225048610899962410e-15 7.738219705640900377e-17
9.020779132843017578e-01 1.180439514853696276e-15 8.431776900297621919e-17
9.023657441139221191e-01 1.213177126506838170e-15 7.714905785512215803e-17
9.026533365249633789e-01 1.103747140106042194e-15 5.584649686903172486e-17
9.029420614242553711e-01 1.051922593898590302e-15 8.179729673696794047e-17
9.032305479049682617e-01 1.085270281031992107e-15 4.572515128977983057e-17
9.035195112228393555e-01 1.097367076189085990e-15 4.422897346757351581e-17
9.038088917732238770e-01 1.026861535967295725e-15 4.937541661491508639e-17
9.040982723236083984e-01 1.038220565427331113e-15 4.437139080799799569e-17
9.043884277343750000e-01 9.918908278278362745e-16 6.847724703769593837e-17
9.046787023544311523e-01 1.140809066713154105e-15 4.714110582745830249e-17
9.049691557884216309e-01 1.129044943746094348e-15 6.985206753787337334e-17
9.052604436874389648e-01 1.039978052913765379e-15 7.698847893716846387e-17
9.055511355400085449e-01 1.133800186711979990e-15 5.557112513439037174e-17
9.058431982994079590e-01 1.101727919438906349e-15 7.268512143119809058e-17
9.061346650123596191e-01 1.046046620464368814e-15 4.369665627361604080e-17
9.064272642135620117e-01 1.044634934178651116e-15 5.275231198249136742e-17
9.067192077636718750e-01 9.833395008297120786e-16 5.532167724014643050e-17
9.070126414299011230e-01 1.029861303149996830e-15 3.231322829423278879e-17
9.073060154914855957e-01 1.111219876524956445e-15 8.479794403984080155e-17
9.075987935066223145e-01 1.043657775794874874e-15 4.486745433006849660e-17
9.078931808471679688e-01 1.001782796223227214e-15 4.954386698357783516e-17
9.081872105598449707e-01 9.511126500437645272e-16 3.019912670211466108e-17
9.084817767143249512e-01 1.106015176701433990e-15 5.852490769247842848e-17
9.087764024734497070e-01 1.057745521894489990e-15 6.504123803482416777e-17
9.090719819068908691e-01 1.026678576850688796e-15 6.907594051272711853e-17
9.093668460845947266e-01 9.500635997385900762e-16 6.290690029620054280e-17
9.096634387969970703e-01 1.028636705266503925e-15 4.622271035439782735e-17
9.099593162536621094e-01 1.113254132026906054e-15 7.602929353374177383e-17
9.102556705474853516e-01 1.040634715206124276e-15 7.186214951360173271e-17
9.105523228645324707e-01 9.870112827769410638e-16 6.796547370143183036e-17
9.108506441116333008e-01 1.098932393075611937e-15 5.154844324514904158e-17
9.111467003822326660e-01 8.895418251078494355e-16 3.947716826431364409e-17
9.114452600479125977e-01 9.941052895893142359e-16 5.671396448613853520e-17
9.117432236671447754e-01 1.023360748796293702e-15 4.397394706727851695e-17
9.120418429374694824e-01 1.028128803135506565e-15 8.153950755342701450e-17
9.123405814170837402e-01 1.015495412606327082e-15 3.135587261432106604e-17
9.126399755477905273e-01 9.707999191994410096e-16 2.418950569632298016e-17
9.129393100738525391e-01 8.968411315308133687e-16 8.931846623510839652e-17
9.132393002510070801e-01 8.436150104934516270e-16 5.127325679896490033e-17
9.135395288467407227e-01 1.002608123951208123e-15 5.883271814202166113e-17
9.138398766517639160e-01 1.007412706586271328e-15 7.789900626824233462e-17
9.141406416893005371e-01 9.329104414028616468e-16 6.071191367506452983e-17
9.144425988197326660e-01 9.331424225512909183e-16 6.782965064485062322e-17
9.147436618804931641e-01 1.015157975855964650e-15 5.026521479983837826e-17
9.150452017784118652e-01 9.498209247992017192e-16 3.754467913876520892e-17
9.153480529785156250e-01 9.400564348623725516e-16 5.374904476828306450e-17
9.156504869461059570e-01 9.642612483631114381e-16 5.652415631405966726e-17
9.159533977508544922e-01 9.582108920208739708e-16 4.061659963193808907e-17
9.162569046020507812e-01 9.313295602859299020e-16 3.245669119095153570e-17
9.165600538253784180e-01 9.828354103469773631e-16 6.858459522887062009e-17
9.168645143508911133e-01 9.916055894828483888e-16 5.293130063215804176e-17
9.171684384346008301e-01 9.799057351406615518e-16 6.831900407779209396e-17
9.174735546112060547e-01 1.040779346081867947e-15 5.907393062608702443e-17
9.177784323692321777e-01 9.244389472600161688e-16 5.468626687208524655e-17
9.180837273597717285e-01 9.357674835339504019e-16 6.818623166330998239e-17
9.183897972106933594e-01 1.074677604630985047e-15 5.999729580026771816e-17
9.186950325965881348e-01 9.534113915834942915e-16 5.315361700231024369e-17
9.190021753311157227e-01 9.629988516343473103e-16 4.176666523351751578e-17
9.193090796470642090e-01 9.970430116086289631e-16 5.397914656236061553e-17
9.196157455444335938e-01 9.290251012738061712e-16 3.943991866696915614e-17
9.199232459068298340e-01 1.009207675280621597e-15 6.415911939470781821e-17
9.202315211296081543e-01 9.773396488269546489e-16 6.580614849086420352e-17
9.205396175384521484e-01 9.666762451748518552e-16 4.165436719355731674e-17
9.208478331565856934e-01 1.074242229696096337e-15 7.288709908444883866e-17
9.211571812629699707e-01 9.549933314916101042e-16 6.606527439827501519e-17
9.214661121368408203e-01 9.983406660838225512e-16 3.291178280292106004e-17
9.217760562896728516e-01 9.604848578468965468e-16 5.811799438810644268e-17
9.220857024192810059e-01 9.513735361915188517e-16 7.132442917588306132e-17
9.223966002464294434e-01 1.004342106273356083e-15 5.714900193133732394e-17
9.227071404457092285e-01 1.051242426441945099e-15 3.377616669070427268e-17
9.230177998542785645e-01 9.858395185735331460e-16 4.620085624261417636e-17
9.233295917510986328e-01 9.444272307493231482e-16 5.428178216999171644e-17
9.236416816711425781e-01 9.213943932102289930e-16 2.477956340575910671e-17
9.239533543586730957e-01 8.954116575532033301e-16 5.430098268637029732e-17
9.242661595344543457e-01 9.818391937218878991e-16 3.532531385061603313e-17
9.245789647102355957e-01 9.068842953072892010e-16 4.365650823540516705e-17
9.248920679092407227e-01 8.767441631264618219e-16 4.590343849028705994e-17
9.252062439918518066e-01 9.703497211879753490e-16 5.888991933574092810e-17
9.255199432373046875e-01 8.744427746087718879e-16 7.570579312233963534e-17
9.258340597152709961e-01 8.507356988436633096e-16 4.712693126048159381e-17
9.261493086814880371e-01 9.358515515539653912e-16 5.111857402441748416e-17
9.264641404151916504e-01 9.380580723815628436e-16 6.318243746696440653e-17
9.267797470092773438e-01 9.269703052228856453e-16 3.394542107892242300e-17
9.270955920219421387e-01 9.258928793139781753e-16 4.296433342498814413e-17
9.274117350578308105e-01 9.470346099192086982e-16 4.916348301581165007e-17
9.277284145355224609e-01 9.001165020587273413e-16 4.201893877673393816e-17
9.280456900596618652e-01 9.273993274106699485e-16 3.475103543854496813e-17
9.283628463745117188e-01 9.594863118812021335e-16 4.964375400562728857e-17
9.286803603172302246e-01 9.344866638385834930e-16 5.940020374690244066e-17
9.289988875389099121e-01 9.234928114579331153e-16 5.967233955098748635e-17
9.293173551559448242e-01 8.530332757130905993e-16 7.084084615489476050e-17
9.296357035636901855e-01 9.092871160204128375e-16 6.904247609386567324e-17
9.299553632736206055e-01 9.194915336942222073e-16 4.415101665792406827e-17
9.302750825881958008e-01 1.010986762107210848e-15 5.008550153995510747e-17
9.305949211120605469e-01 9.869904245906149266e-16 6.290267836635407214e-17
9.309154748916625977e-01 9.201552898875143584e-16 6.973692399660599188e-17
9.312362670898437500e-01 1.024973923044339517e-15 7.198277891669156584e-17
9.315574765205383301e-01 9.460303464811203183e-16 9.816247620373345526e-17
9.318794608116149902e-01 9.285557391419088820e-16 7.714187792740519775e-17
9.322010874748229980e-01 9.762583053906661278e-16 8.861623621716517899e-17
9.325237274169921875e-01 1.085982212224159346e-15 1.069767010528617046e-16
9.328463673591613770e-01 9.754498124425118981e-16 6.037623054760071035e-17
9.331695437431335449e-01 9.470963374452398553e-16 8.871373765032802947e-17
9.334932565689086914e-01 9.533110181792446569e-16 8.785831378293999122e-17
9.338170289993286133e-01 9.684063099696187636e-16 7.816262542074053432e-17
9.341413378715515137e-01 9.834184866520435421e-16 6.844761411943183871e-17
9.344660639762878418e-01 1.019120819499693895e-15 3.671402767636190874e-17
9.347915649414062500e-01 9.818278646562183729e-16 6.941452869850222424e-17
9.351164102554321289e-01 9.145502611172958395e-16 6.938324803645791895e-17
9.354425668716430664e-01 8.772251719613838577e-16 6.579090851525852654e-17
9.357687830924987793e-01 1.014063926925467315e-15 6.043579416914942877e-17
9.360958337783813477e-01 1.002972136360290659e-15 6.089211331714798180e-17
9.364218711853027344e-01 9.317732996711727486e-16 6.512748319421139665e-17
9.367503523826599121e-01 9.366206574700722959e-16 9.073962208447860188e-17
9.370779991149902344e-01 1.065326466772415978e-15 5.276208263988684379e-17
9.374063611030578613e-01 9.682300212374714624e-16 3.293767355609396980e-17
9.377351999282836914e-01 1.020800274075862359e-15 1.064447643619860040e-16
9.380643367767333984e-01 9.855266457786410889e-16 9.421361522107880751e-17
9.383940696716308594e-01 1.038408077346029534e-15 1.128802162927587584e-16
9.387239217758178711e-01 1.033871263001417094e-15 5.750208232144435870e-17
9.390544295310974121e-01 9.620919969851931750e-16 7.858285964169707408e-17
9.393852949142456055e-01 9.096640456819410012e-16 8.382181797746902550e-17
9.397163391113281250e-01 1.012337038504252610e-15 5.690009997629766770e-17
9.400480985641479492e-01 1.033874968770561332e-15 5.049614046580603211e-17
9.403797388076782227e-01 9.003650003496280717e-16 3.848602060201790505e-17
9.407119154930114746e-01 9.793348349342121534e-16 3.758786127546292718e-17
9.410457015037536621e-01 9.987121959103119687e-16 6.653181088119982322e-17
9.413781166076660156e-01 9.203020383456261659e-16 4.167554632596112447e-17
9.417117834091186523e-01 1.004157558969973052e-15 4.916850234776862184e-17
9.420463442802429199e-01 9.705812788199309933e-16 6.996770077006338618e-17
9.423806071281433105e-01 9.009212892377373334e-16 3.796177007339404717e-17
9.427154064178466797e-01 9.970951041348851025e-16 3.679773173690737472e-17
9.430508017539978027e-01 8.890940623161071310e-16 5.780775533628475433e-17
9.433869719505310059e-01 9.917658904681162652e-16 8.801284435625469763e-17
9.437226057052612305e-01 9.188941637081711120e-16 4.903732142878506229e-17
9.440596699714660645e-01 9.943809988136455107e-16 4.139386485760721685e-17
9.443964958190917969e-01 9.820844097601180191e-16 8.394762883991589079e-17
9.447342157363891602e-01 9.547367863877104580e-16 8.264706268896611602e-17
9.450720548629760742e-01 9.168990834800320143e-16 5.278526685809548005e-17
9.454103708267211914e-01 9.892058392641585492e-16 6.368384788451445021e-17
9.457492232322692871e-01 9.097273613947482601e-16 5.051448071434755784e-17
9.460883140563964844e-01 9.768535577943490873e-16 8.740940617322991331e-17
9.464278221130371094e-01 1.024252568610634073e-15 7.019980764994576575e-17
9.467681050300598145e-01 9.028233017207968648e-16 8.889794746402113852e-17
9.471085071563720703e-01 8.668617767912866964e-16 3.906347869636362389e-17
9.474493265151977539e-01 8.446018038770028869e-16 7.312232939832421846e-17
9.477910995483398438e-01 8.472846219187532731e-16 8.915307643471209395e-17
9.481320977210998535e-01 1.050107190534387523e-15 4.958774395199009796e-17
9.484752416610717773e-01 9.867124919047971093e-16 8.706581519911008689e-17
9.488179087638854980e-01 9.340882407160187514e-16 5.235461677886567257e-17
9.491605162620544434e-01 9.851537395236123831e-16 4.887647450431290095e-17
9.495045542716979980e-01 1.004924547303711821e-15 6.937620045763896715e-17
9.498482346534729004e-01 9.438333547741794768e-16 5.437893287857484444e-17
9.501928687095642090e-01 9.388217784626310021e-16 6.962272674995937109e-17
9.505373835563659668e-01 9.231812092124619396e-16 6.433143765991486494e-17
9.508829712867736816e-01 8.455306813827856340e-16 5.736354611245397762e-17
9.512291550636291504e-01 9.247527729669738870e-16 6.626551828096185212e-17
9.515747427940368652e-01 9.803856851843995197e-16 8.780328972859296381e-17
9.519218206405639648e-01 9.326999537154689532e-16 5.008447914471799193e-17
9.522688984870910645e-01 9.582444557014089224e-16 4.714098671345009486e-17
9.526165127754211426e-01 8.921530159259976299e-16 7.061114140751123492e-17
9.529650211334228516e-01 9.197153621505341561e-16 5.844568364213054970e-17
9.533128738403320312e-01 8.675082217487193378e-16 5.752926678509530140e-17
9.536623954772949219e-01 9.083930727445859235e-16 5.009525896246078299e-17
9.540113210678100586e-01 9.375440292616978900e-16 5.931816728247188159e-17
9.543613195419311523e-01 8.532801858172152278e-16 5.922294886779967747e-17
9.547117948532104492e-01 8.965983507123066049e-16 3.990935028203789977e-17
9.550624489784240723e-01 9.234581889862140958e-16 5.635141453237899338e-17
9.554134011268615723e-01 8.441291594924349873e-16 4.612842830817903326e-17
9.557654261589050293e-01 8.149701561623241049e-16 5.150622394668433505e-17
9.561179280281066895e-01 7.548640100108893088e-16 5.436499653961455103e-17
9.564700722694396973e-01 8.930432475535618995e-16 5.481552873204768308e-17
9.568231701850891113e-01 8.771210398484307821e-16 6.196316000917144289e-17
9.571772217750549316e-01 8.120696506531293636e-16 6.372851563759231370e-17
9.575309753417968750e-01 9.046528928868661536e-16 6.504191301420401104e-17
9.578857421875000000e-01 9.670978558243476832e-16 3.511810179844904948e-17
9.582404494285583496e-01 8.677964776485818169e-16 4.774653255267566430e-17
9.585960507392883301e-01 9.524791259459225272e-16 5.584533219872925020e-17
9.589519500732421875e-01 8.976422129406791232e-16 3.858335990778069514e-17
9.593082070350646973e-01 8.442110040509634341e-16 3.109779888064942183e-17
9.596650600433349609e-01 8.529376668691692701e-16 5.971037000683022435e-17
9.600226879119873047e-01 9.038443999387119239e-16 4.026064727074427020e-17
9.603796601295471191e-01 8.512026257558372427e-16 3.676162695753066017e-17
9.607387781143188477e-01 8.490894903106745769e-16 3.127202958743269116e-17
9.610971808433532715e-01 8.343238002159007998e-16 5.047090814840071455e-17
9.614567756652832031e-01 8.153690557409216770e-16 5.061956904808874468e-17
9.618161916732788086e-01 8.065697069079295813e-16 2.670440441936387658e-17
9.621764421463012695e-01 8.597038189913958246e-16 4.880693839329924323e-17
9.625373482704162598e-01 8.938968450061574207e-16 5.607740599138712765e-17
9.628983139991760254e-01 8.453836682268778095e-16 5.282639758687406679e-17
9.632601737976074219e-01 8.736422755340573706e-16 4.777978521330029601e-17
9.636222124099731445e-01 8.790712802699246053e-16 2.735199254040306620e-17
9.639848470687866211e-01 9.365249427470325599e-16 7.730374724711447463e-17
9.643481969833374023e-01 8.548963246805764329e-16 4.452051823755150573e-17
9.647113084793090820e-01 8.368536758711125813e-16 6.184087624485650370e-17
9.650757312774658203e-01 7.444444459684773467e-16 3.144464563766025697e-17
9.654401540756225586e-01 8.521534202391301948e-16 3.986004370008483890e-17
9.658053517341613770e-01 8.740499630794827061e-16 4.048359891560691286e-17
9.661707282066345215e-01 8.598921779430414997e-16 3.738977467981362854e-17
9.665369391441345215e-01 8.430915441320484694e-16 2.856261934334995028e-17
9.669036865234375000e-01 8.487737587795855364e-16 4.348762111537899028e-17
9.672702550888061523e-01 8.141133293966171768e-16 4.607458215902428137e-17
9.676381945610046387e-01 8.576309176112277381e-16 4.272851746723907679e-17
9.680063128471374512e-01 8.304271310211757979e-16 5.055782828716778670e-17
9.683747291564941406e-01 8.116328992897013650e-16 3.793436723406139047e-17
9.687435030937194824e-01 7.916962848101768979e-16 3.300389101849006477e-17
9.691138267517089844e-01 7.751243498949425288e-16 5.634128322423644390e-17
9.694836139678955078e-01 7.798305178894466248e-16 5.850487006931994393e-17
9.698536396026611328e-01 7.766870727430675095e-16 2.961328430508010476e-17
9.702254533767700195e-01 8.032667548696706405e-16 4.919453206728444051e-17
9.705964326858520508e-01 8.593798818286302581e-16 4.187028118576835824e-17
9.709689617156982422e-01 7.191746473552437877e-16 4.863662852261947526e-17
9.713414907455444336e-01 8.281266424759923216e-16 3.827552629718031100e-17
9.717143774032592773e-01 7.169009991665764320e-16 3.620938132825555762e-17
9.720882177352905273e-01 7.938414486886576169e-16 3.857506163187556316e-17
9.724622368812561035e-01 8.136094506721192748e-16 3.637008266893990963e-17
9.728373289108276367e-01 8.247928266747178022e-16 4.231783552799629939e-17
9.732115864753723145e-01 8.063014621614459851e-16 2.663399811434581307e-17
9.735879898071289062e-01 7.655775474255577164e-16 2.828859425874583348e-17
9.739645123481750488e-01 7.799062743986666813e-16 3.671573828586866841e-17
9.743403196334838867e-01 7.298273572163874959e-16 4.199287596999361737e-17
9.747180938720703125e-01 7.659749646964975935e-16 2.391801840183817605e-17
9.750956296920776367e-01 7.314731422329026015e-16 3.292965983031955607e-17
9.754739403724670410e-01 7.298503859246409722e-16 2.821179219323150997e-17
9.758529663085937500e-01 7.989817740081887453e-16 3.177460467528520950e-17
9.762319326400756836e-01 7.509533118329754075e-16 1.474453743214957106e-17
9.766117930412292480e-01 7.267761327821406925e-16 4.314449667112464377e-17
9.769920110702514648e-01 7.610040989059765285e-16 2.452872088500240107e-17
9.773730635643005371e-01 6.503879487416693115e-16 4.117280911070854573e-17
9.777541160583496094e-01 7.207678104499107199e-16 3.037114387357873850e-17
9.781360626220703125e-01 6.930537394486972671e-16 5.766954338209449404e-17
9.785189628601074219e-01 7.340611455241197094e-16 4.038456223522716396e-17
9.789015650749206543e-01 7.621285880830158156e-16 7.309607137695933515e-17
9.792854189872741699e-01 7.024072066478712854e-16 3.480783627684775944e-17
9.796693921089172363e-01 6.951121883292028271e-16 7.055881065323868018e-17
9.800504446029663086e-01 6.828649918844121019e-16 8.422872466439611087e-17
9.804386496543884277e-01 7.032871680009500966e-16 4.007543822287119709e-17
9.808252453804016113e-01 7.242107876222626372e-16 3.838563065415601940e-17
9.812114238739013672e-01 7.384656109707236644e-16 4.518891987716375464e-17
9.815978407859802246e-01 7.060058790638403838e-16 3.697441420702625122e-17
9.819853901863098145e-01 6.988329923082541549e-16 4.527010269120215898e-17
9.823728203773498535e-01 6.861543913955149739e-16 3.126793338903932856e-17
9.827615618705749512e-01 7.371487923750984477e-16 4.717591358763453390e-17
9.831497669219970703e-01 7.200227920332413593e-16 2.705053318360301569e-17
9.835397601127624512e-01 7.065514212214313566e-16 3.850887063925906989e-17
9.839294552803039551e-01 6.460981503802999074e-16 4.307918248995745670e-17
9.843199849128723145e-01 7.475821207029032921e-16 2.894851895144063896e-17
9.847073554992675781e-01 6.533573815569468715e-16 4.978740549952569757e-17
9.850997924804687500e-01 6.699032702090531709e-16 3.912354524372477454e-17
9.854940176010131836e-01 7.719131950523422728e-16 3.560457664285883569e-17
9.858874678611755371e-01 6.244478294298023806e-16 3.582635038252920284e-17
9.862810373306274414e-01 6.144874631239206561e-16 2.312823297041744565e-17
9.866743087768554688e-01 6.657448678336265902e-16 3.072884654894871958e-17
9.870693683624267578e-01 6.580310446621000838e-16 3.597999090950480220e-17
9.874643087387084961e-01 6.839791049078475238e-16 4.409979432567233458e-17
9.878596663475036621e-01 7.235911830213461165e-16 4.012997258629559310e-17
9.882555603981018066e-01 6.257193317627494922e-16 2.931651175363077970e-17
9.886525273323059082e-01 5.998630687126607370e-16 3.127389570689461079e-17
9.890493750572204590e-01 6.853017468549851138e-16 5.521137105110125916e-17
9.894468784332275391e-01 6.198492875591587840e-16 4.000496243468167914e-17
9.898452758789062500e-01 6.633181184397430197e-16 3.107081624906794207e-17
9.902444481849670410e-01 6.594554893815858000e-16 2.694983552455326031e-17
9.906432032585144043e-01 6.424399209602269911e-16 3.390431681992343794e-17
9.910433292388916016e-01 6.787664112108853561e-16 3.315069241616107570e-17
9.914441704750061035e-01 6.620135288822937870e-16 2.885091494788183191e-17
9.918451905250549316e-01 6.389877852441328866e-16 5.783032082339520093e-17
9.922465682029724121e-01 6.230067616887267987e-16 2.771794220648020096e-17
9.926489591598510742e-01 6.321076542509414253e-16 3.324774386307069733e-17
9.930520653724670410e-01 6.747378695741847003e-16 3.141074115871293347e-17
9.934546351432800293e-01 6.430364968528900355e-16 3.502681745477014756e-17
9.938588738441467285e-01 5.063699542748952183e-16 4.647659193672505282e-17
9.942633509635925293e-01 6.128274373659798376e-16 5.705069316989662171e-17
9.946684241294860840e-01 6.108685677963358613e-16 8.637392163010133199e-17
9.950742721557617188e-01 5.355192167261126762e-16 2.771979178232986953e-17
9.954803586006164551e-01 7.262709305686627058e-16 4.860057006535706367e-17
9.958871006965637207e-01 7.040712558123115618e-16 5.468937376246599572e-17
9.962940216064453125e-01 5.248137261244431844e-16 3.987368887146951364e-17
9.967027306556701660e-01 6.887223305937939955e-16 8.869694919261565322e-17
9.971112608909606934e-01 5.155022929352766608e-16 8.719386275793329557e-17
9.975203871726989746e-01 5.948124230064201576e-16 3.997448910091522560e-17
9.979299902915954590e-01 5.524812632531168541e-16 5.845937513562952741e-17
9.983402490615844727e-01 6.021658336588899593e-16 3.486600361752248834e-17
9.987515807151794434e-01 5.967591164774473534e-16 3.554444392104868079e-17
9.991617202758789062e-01 6.298865750445630397e-16 3.124592045857806739e-17
9.995743036270141602e-01 5.536786502031792144e-16 2.801016195583803416e-17
9.999864697456359863e-01 5.681926126939408541e-16 3.498701683241654608e-17
1.000399947166442871e+00 6.414295165332710175e-16 4.684998126523148951e-17
1.000813841819763184e+00 5.483615596954679542e-16 2.442552844922518576e-17
1.001227974891662598e+00 6.327254059672858272e-16 3.775758219354655740e-17
1.001643061637878418e+00 6.626762262844018703e-16 6.886569105335084017e-17
1.002058863639831543e+00 5.810657135471933039e-16 1.076122206087637455e-16
1.002475380897521973e+00 6.734349740826299762e-16 4.040968536479162452e-17
1.002891182899475098e+00 6.243723376183783411e-16 5.534779960389085512e-17
1.003309369087219238e+00 5.456394605007886499e-16 2.453421005554730296e-17
1.003727078437805176e+00 5.319091093653556448e-16 2.689684633451311336e-17
1.004145503044128418e+00 6.660875456003501581e-16 3.320883990450110334e-17
1.004564166069030762e+00 6.243171216581292014e-16 3.573232641666152529e-17
1.004984378814697266e+00 5.670201073367040889e-16 2.719746693017203510e-17
1.005404829978942871e+00 5.718774707122930775e-16 4.323778279188592402e-17
1.005824327468872070e+00 6.020103501735095917e-16 2.937259459916187498e-17
1.006247043609619141e+00 5.748843317959274370e-16 3.954063948707606301e-17
1.006668329238891602e+00 6.095870598866993083e-16 4.571045725337843858e-17
1.007091760635375977e+00 6.570411278445558237e-16 2.527952791159840770e-17
1.007514953613281250e+00 5.099590446306485024e-16 3.610667858340097370e-17
1.007938504219055176e+00 5.474221472174037317e-16 3.325540355554293837e-17
1.008363246917724609e+00 6.344512885368756676e-16 5.028739978386705047e-17
1.008788347244262695e+00 5.994347876787052814e-16 3.437808617012440965e-17
1.009214162826538086e+00 5.888228412781481864e-16 5.194180733108740879e-17
1.009640932083129883e+00 5.767149817531807936e-16 3.380181590713831697e-17
1.010067105293273926e+00 5.647879637624521939e-16 2.686242569486355677e-17
1.010495066642761230e+00 5.840266760329983209e-16 2.555148835339359213e-17
1.010922908782958984e+00 5.802535148298948366e-16 4.104175723190054445e-17
1.011351704597473145e+00 6.106691444768166770e-16 3.146503398539846400e-17
1.011781215667724609e+00 5.592160751562949995e-16 3.461647631393974201e-17
1.012211203575134277e+00 6.223393526658496135e-16 4.410731505180166671e-17
1.012641549110412598e+00 5.812636016194955898e-16 6.839086291196580058e-17
1.013073444366455078e+00 6.294767699167695685e-16 1.282521834544196018e-16
1.013504981994628906e+00 5.520580644168449243e-16 7.248145632949773431e-17
1.013937711715698242e+00 5.927750970100367518e-16 3.945900999550688002e-17
1.014370322227478027e+00 6.084767585115265307e-16 5.230780166491762141e-17
1.014804482460021973e+00 5.437952050768200211e-16 4.445331808458769776e-17
1.015238404273986816e+00 5.477608545171870451e-16 4.431973503310528422e-17
1.015673160552978516e+00 5.702608553928990420e-16 3.047114339219149912e-17
1.016109108924865723e+00 6.012028630769802266e-16 3.627855678852214222e-17
1.016545295715332031e+00 5.516762113763108450e-16 3.592710759858306203e-17
1.016981959342956543e+00 5.503230233035128968e-16 3.023316352995999306e-17
1.017419457435607910e+00 5.328564627773003763e-16 8.298868828195051645e-17
1.017857789993286133e+00 4.612265392575892308e-16 2.326264816559608754e-17
1.018296480178833008e+00 5.469162567896561009e-16 4.491824983712415292e-17
1.018735527992248535e+00 4.605703534212631650e-16 4.244701797861993083e-17
1.019175767898559570e+00 4.861781181804511898e-16 4.720563253268233908e-17
1.019616723060607910e+00 5.488402391897850407e-16 6.131877969454773390e-17
1.020057201385498047e+00 5.588967966747393316e-16 8.600221313259960305e-17
1.020499706268310547e+00 4.903790839614772992e-16 3.379043390190958731e-17
1.020941495895385742e+00 5.634717275019782146e-16 4.238821205451231099e-17
1.021385192871093750e+00 5.617100048508076766e-16 4.368950612440113243e-17
1.021829128265380859e+00 5.098591476824316984e-16 2.931139316000030157e-17
1.022273302078247070e+00 5.923711681733148573e-16 4.367213202281506864e-17
1.022718191146850586e+00 5.959839754515912618e-16 3.676560735063826534e-17
1.023164629936218262e+00 5.150151960510462347e-16 4.517749485854317222e-17
1.023610472679138184e+00 6.037894370000988428e-16 2.313279735303751326e-17
1.024057865142822266e+00 6.003129490867711773e-16 3.904543292412016703e-17
1.024505019187927246e+00 4.881145943165521306e-16 4.276753061364952778e-17
1.024953603744506836e+00 5.391619348553389982e-16 1.841296929789771648e-17
1.025402188301086426e+00 5.483508659045088687e-16 2.064953332534309483e-17
1.025851488113403320e+00 5.340495616230672617e-16 2.211972444142544367e-17
1.026301860809326172e+00 5.554177147230106998e-16 2.237775516170523513e-17
1.026751756668090820e+00 5.588740856038410757e-16 3.613607327364865810e-17
1.027204036712646484e+00 5.087978683390812634e-16 3.385932481204545366e-17
1.027656912803649902e+00 5.647072309346670184e-16 5.089696902959207783e-17
1.028109073638916016e+00 5.233082309398170723e-16 2.523099226197624624e-17
1.028562068939208984e+00 4.990411075778957914e-16 1.924853752186203186e-17
1.029016971588134766e+00 5.505112763760401651e-16 3.868660528311711384e-17
1.029471039772033691e+00 5.617547387783345444e-16 5.095339929098044538e-17
1.029927134513854980e+00 6.039608552927994319e-16 4.180617137957304838e-17
1.030383348464965820e+00 6.033325686041735546e-16 4.736937458929843601e-17
1.030839920043945312e+00 5.658418315675141537e-16 2.587209859573547034e-17
1.031297326087951660e+00 5.400006562917983657e-16 3.199074366062286542e-17
1.031755805015563965e+00 5.669252396466116072e-16 2.639688182867381237e-17
1.032214045524597168e+00 5.071394307679165468e-16 2.253379451245723827e-17
1.032673358917236328e+00 5.542572266457131049e-16 2.724299825980940396e-17
1.033133029937744141e+00 5.329817177743756060e-16 3.047271834407780009e-17
1.033593893051147461e+00 4.898780639731763805e-16 2.786053490919454209e-17
1.034055113792419434e+00 5.390495971107093966e-16 3.230858946535759141e-17
1.034516811370849609e+00 5.433386013786907498e-16 1.933281233703015942e-17
1.034979820251464844e+00 5.261947604053821177e-16 3.409264268434461086e-17
1.035443067550659180e+00 5.844477043473429115e-16 3.872133032523208994e-17
1.035906910896301270e+00 5.268904920924331187e-16 2.888683113007888437e-17
1.036371707916259766e+00 5.251486747155230568e-16 3.013840502770836842e-17
1.036837458610534668e+00 5.496803370547836964e-16 3.942359343039980959e-17
1.037298321723937988e+00 5.475525902912808940e-16 6.830486259803988740e-17
1.037765383720397949e+00 4.667166891843363852e-16 1.001054969928409156e-16
1.038232445716857910e+00 4.955088743087269522e-16 4.914028556271321296e-17
1.038705587387084961e+00 5.499290471039212404e-16 3.495904489282245290e-17
1.039174437522888184e+00 5.557340285892509776e-16 3.955533352347745499e-17
1.039643526077270508e+00 4.970921906453820531e-16 5.339282109184832824e-17
1.040113449096679688e+00 5.079498295402020986e-16 4.777459382777591321e-17
1.040584325790405273e+00 5.670647353851125498e-16 2.468326138448445812e-17
1.041055798530578613e+00 5.435977934605505657e-16 3.172781272239430983e-17
1.041527748107910156e+00 6.068301264620641709e-16 3.510039351589551427e-17
1.042000532150268555e+00 5.453031884207286926e-16 3.098121273639374790e-17
1.042474508285522461e+00 5.261412385110274866e-16 4.920345238301021237e-17
1.042948842048645020e+00 5.374743275870532116e-16 4.601073043318008805e-17
1.043422818183898926e+00 5.499029479012339672e-16 3.374936273013510438e-17
1.043899297714233398e+00 4.880153855826049707e-16 3.626935854011055255e-17
1.044375300407409668e+00 5.091593925888812395e-16 2.977808846160271978e-17
1.044852137565612793e+00 5.083803340356440967e-16 3.995590069818993396e-17
1.045329213142395020e+00 5.191933448820556813e-16 3.871350850535978851e-17
1.045807957649230957e+00 4.701774011090214395e-16 1.289771030365651489e-17
1.046286463737487793e+00 4.994527126507021780e-16 3.451101740328413141e-17
1.046766638755798340e+00 6.193498028180747638e-16 3.882150851485716202e-17
1.047246694564819336e+00 5.653767575399123394e-16 4.261820466074900502e-17
1.047728180885314941e+00 5.435991169495306505e-16 3.857077021885763806e-17
1.048209786415100098e+00 4.672387791172002546e-16 2.793624509630029560e-17
1.048692345619201660e+00 5.267973714077943490e-16 3.686830678677039904e-17
1.049175500869750977e+00 5.129948636531671182e-16 3.070436862026205038e-17
1.049659371376037598e+00 4.435636788458505262e-16 2.381292510501331389e-17
1.050144076347351074e+00 4.993847911962442238e-16 3.009695997029701153e-17
1.050628781318664551e+00 4.808434517390844029e-16 2.322952123642456389e-17
1.051114439964294434e+00 4.866665385536617008e-16 1.480004621433555454e-17
1.051601886749267578e+00 4.361608226450847548e-16 3.198352733695895280e-17
1.052088856697082520e+00 4.806998796545247990e-16 2.035844681342445929e-17
1.052577018737792969e+00 4.973520709415115131e-16 3.142552453062048118e-17
1.053065896034240723e+00 4.651507370230999975e-16 1.915740703377706480e-17
1.053555727005004883e+00 4.972634501194050319e-16 3.221259019218713723e-17
1.054045557975769043e+00 4.157320290836463358e-16 3.347670083918047497e-17
1.054536819458007812e+00 4.895645029640146792e-16 2.964594801310859872e-17
1.055028080940246582e+00 4.513959278113150245e-16 2.364174504032914013e-17
1.055520415306091309e+00 4.869534709645440950e-16 3.191668121729731753e-17
1.056013822555541992e+00 4.697342969984890336e-16 1.339530824576330167e-17
1.056507349014282227e+00 4.804090826558205570e-16 2.453430435413713400e-17
1.057001352310180664e+00 4.276630175413151901e-16 1.383903439611634741e-17
1.057496905326843262e+00 4.505424891773971135e-16 2.314004014648102757e-17
1.057992815971374512e+00 4.439549551279228096e-16 2.364135791980246531e-17
1.058489203453063965e+00 4.050391380970672518e-16 2.448451304434511706e-17
1.058987140655517578e+00 4.335229238193184483e-16 2.721154388983646253e-17
1.059484601020812988e+00 5.022870437108926771e-16 2.637604184032115139e-17
1.059983968734741211e+00 4.594008126793417898e-16 1.357570558401315381e-17
1.060483098030090332e+00 4.514805252269220477e-16 3.087272303597374300e-17
1.060983657836914062e+00 3.774698567902750809e-16 4.007654333616956794e-17
1.061484575271606445e+00 4.650302995259122767e-16 3.778401557720130195e-17
1.061986207962036133e+00 4.094305539423275702e-16 2.666362937824868763e-17
1.062488913536071777e+00 4.809009441003792885e-16 2.860187071777681655e-17
1.062991261482238770e+00 4.413221649696196305e-16 2.237768236981133046e-17
1.063495993614196777e+00 4.500191816346715661e-16 1.957708869808441913e-17
1.063999652862548828e+00 3.736912692823532488e-16 3.164073045622717729e-17
1.064505696296691895e+00 4.426680738530271121e-16 1.556308062474632002e-17
1.065011978149414062e+00 4.367981884681140141e-16 1.445710209545474458e-17
1.065518379211425781e+00 4.138995791813800638e-16 1.503949514933495478e-17
1.066025733947753906e+00 4.076537170470044633e-16 1.763981681423420236e-17
1.066534876823425293e+00 4.232909511049437121e-16 1.992612417499606958e-17
1.067043423652648926e+00 4.204187153203635830e-16 1.025319982325407201e-17
1.067552804946899414e+00 4.238384784960048121e-16 1.568551493593274386e-17
1.068063855171203613e+00 4.442935565485877161e-16 3.265531379963776870e-17
1.068574666976928711e+00 4.401465361783898651e-16 1.649394998144409482e-17
1.069086909294128418e+00 4.000852394352708745e-16 2.162993756584299514e-17
1.069599509239196777e+00 4.617329061413696922e-16 3.600368467097077112e-17
1.070113062858581543e+00 4.262855831504020875e-16 2.261432550817295083e-17
1.070627570152282715e+00 4.479343688536827160e-16 2.915415936044377185e-17
1.071142077445983887e+00 4.521134705967578236e-16 3.760392181423625677e-17
1.071658253669738770e+00 4.326452123975057813e-16 4.196890427584183062e-17
1.072175025939941406e+00 4.525751564925706207e-16 3.007145302892832636e-17
1.072691798210144043e+00 3.822788334087521677e-16 2.815970959314272114e-17
1.073210239410400391e+00 4.020907752263526425e-16 3.524704932977871586e-17
1.073728442192077637e+00 4.485955839481331042e-16 1.834261758680008148e-17
1.074248433113098145e+00 4.546373640817796217e-16 4.334543538552602525e-17
1.074769139289855957e+00 4.691399975068717351e-16 3.204527802404726143e-17
1.075289487838745117e+00 4.614726552683258085e-16 4.058447524566897969e-17
1.075811862945556641e+00 4.305746932975018475e-16 3.142704323422512854e-17
1.076334238052368164e+00 4.436631258078141014e-16 5.022762771280396869e-17
1.076857805252075195e+00 4.413152298873639860e-16 3.567684244989391840e-17
1.077381730079650879e+00 4.233190620108807142e-16 3.383984967170350518e-17
1.077906847000122070e+00 3.141611584746105803e-16 3.823025966533895911e-17
1.078432559967041016e+00 3.466452955182866254e-16 3.199671590464549828e-17
1.078958868980407715e+00 3.967848814354129000e-16 2.056608238206507008e-17
1.079485416412353516e+00 3.899469168011269419e-16 2.090104917111841864e-17
1.080014228820800781e+00 3.606685347650124066e-16 2.429951906343130773e-17
1.080542087554931641e+00 4.176704639834378022e-16 2.136620426242026311e-17
1.081071496009826660e+00 3.911847495744206950e-16 2.627590335536548186e-17
1.081601142883300781e+00 3.801605892961263744e-16 3.741400445431653182e-17
1.082132577896118164e+00 3.838211745265838418e-16 2.839644868445539766e-17
1.082664489746093750e+00 4.553845530203763214e-16 2.413501930937411223e-17
1.083197116851806641e+00 5.744464687017561671e-16 3.803576303354814061e-17
1.083730697631835938e+00 4.031511281274170180e-16 2.561158699536250985e-16
1.084265112876892090e+00 5.344079624388742376e-16 8.414742273634949889e-17
1.084800243377685547e+00 3.777376515505054483e-16 7.215389280692673536e-17
1.085336327552795410e+00 3.305229233398074761e-16 3.686372420617685527e-17
1.085872292518615723e+00 3.478621642261358346e-16 4.299248072687209855e-17
1.086410522460937500e+00 3.752971643410085972e-16 4.754150756604827086e-17
1.086948275566101074e+00 3.793466700431537969e-16 2.493877416697963816e-17
1.087487101554870605e+00 3.969274741381272412e-16 1.996780911478506686e-17
1.088026285171508789e+00 4.259004478571973978e-16 2.148458869732762733e-17
1.088566899299621582e+00 3.777688064810966456e-16 9.896838834837651949e-18
1.089107871055603027e+00 4.305002867470414775e-16 2.505938040901231980e-17
1.089650034904479980e+00 4.548287935278590936e-16 2.713570962563882606e-17
1.090192556381225586e+00 4.576336901931325057e-16 2.037268590048894710e-17
1.090736150741577148e+00 4.562784374775256252e-16 2.816944054586879495e-17
1.091280817985534668e+00 4.485362916418253031e-16 2.607223990802635071e-17
1.091826319694519043e+00 4.702249937727452905e-16 2.606248083115945009e-17
1.092377543449401855e+00 4.338410641003512432e-16 2.687125667508317290e-17
1.092929005622863770e+00 4.274440595244499534e-16 7.891428775208992078e-17
1.093472242355346680e+00 3.775071791795134735e-16 4.284054750068080864e-17
1.094015717506408691e+00 4.526715064903207974e-16 4.458681841800885600e-17
1.094564795494079590e+00 4.584319658063604804e-16 2.701848986103393650e-17
1.095114827156066895e+00 4.348707914664164554e-16 3.153024228744724428e-17
1.095665216445922852e+00 5.337403945973194421e-16 2.420040462807397885e-17
1.096217870712280273e+00 4.447532836807099876e-16 3.678272668059566280e-17
1.096769690513610840e+00 3.999275324884039645e-16 2.657966558299088000e-17
1.097323060035705566e+00 4.365052738870416364e-16 5.398794114663327932e-17
1.097877621650695801e+00 4.295357544481352447e-16 3.312398109982051333e-17
1.098432302474975586e+00 4.499812239707227327e-16 2.015329444098273268e-17
1.098988890647888184e+00 4.113340222632651949e-16 4.553417182995358754e-17
1.099545121192932129e+00 4.217537186545751654e-16 4.411915035200607543e-17
1.100102663040161133e+00 4.600095117310624114e-16 2.601088626763206754e-17
1.100660800933837891e+00 5.186607729164695400e-16 2.596967612951467570e-17
1.101219773292541504e+00 4.569587637528484386e-16 7.977412545522654199e-18
1.101779460906982422e+00 4.400091844920366599e-16 1.392979099856444050e-17
1.102340698242187500e+00 4.642900986091304250e-16 8.953807276157387473e-17
1.102901577949523926e+00 3.478178538150825940e-16 5.391485146770809379e-17
1.103464603424072266e+00 4.235373582832559084e-16 2.973325858112479589e-17
1.104028105735778809e+00 4.574180673684970829e-16 3.071050960912964406e-17
1.104592442512512207e+00 5.004536938361199474e-16 1.977665925575263791e-17
1.105156540870666504e+00 4.811248254962504408e-16 2.585265819697924909e-17
1.105723261833190918e+00 4.261293849809724742e-16 3.147203524210311282e-17
1.106289625167846680e+00 4.313384523181292094e-16 2.272944919710563101e-17
1.106856703758239746e+00 4.107336347223395061e-16 2.239285617096800320e-17
1.107424139976501465e+00 4.558568797675890006e-16 9.568473774253089106e-18
1.107995152473449707e+00 4.207046948191803162e-16 1.914450467058246267e-17
1.108563780784606934e+00 4.618438674574600056e-16 3.136863766553398436e-17
1.109135150909423828e+00 4.353655910565109753e-16 1.868025120614830100e-17
1.109706759452819824e+00 4.505663649185978441e-16 4.384686234668831999e-17
1.110279917716979980e+00 4.816442155115949371e-16 1.794139197632001030e-17
1.110852718353271484e+00 4.099291122411255310e-16 3.310696764898152266e-17
1.111427426338195801e+00 4.660660090621674724e-16 2.463869785616377631e-17
1.112002491950988770e+00 4.283762986922421160e-16 9.302070331813035907e-18
1.112578511238098145e+00 4.383148803695116440e-16 2.322566822913129189e-17
1.113154768943786621e+00 4.158311848780342924e-16 1.553244020049613077e-17
1.113732576370239258e+00 4.142383129509429789e-16 2.792412193724271843e-17
1.114311456680297852e+00 4.283500671406568344e-16 2.568023405265379557e-17
1.114890098571777344e+00 4.172237070433203621e-16 1.939165962016840692e-17
1.115471243858337402e+00 4.271082374306432250e-16 2.754207699080652686e-17
1.116051793098449707e+00 4.129320557973788393e-16 1.758450490103400651e-17
1.116634368896484375e+00 4.577989145574062977e-16 3.205681553923115106e-17
1.117217302322387695e+00 4.607213370441112441e-16 2.513710726245147760e-17
1.117801070213317871e+00 4.588424591484235957e-16 2.124175990234533542e-17
1.118386149406433105e+00 4.557137311995030238e-16 2.349325950293097123e-17
1.118970870971679688e+00 4.421891561306936103e-16 1.523428460306261705e-17
1.119557857513427734e+00 4.444295053366220313e-16 1.936745466108388022e-17
1.120144724845886230e+00 4.139990526131232407e-16 2.857651266891839093e-17
1.120733022689819336e+00 4.505569416770596400e-16 2.346271337727061303e-17
1.121307492256164551e+00 4.377112635154745482e-16 2.774196518582996599e-17
1.121838331222534180e+00 4.301914638284284800e-16 7.006456957549375610e-16
1.122500181198120117e+00 4.783024058368807053e-16 4.104190612441080399e-17
1.123094797134399414e+00 4.460937662592991213e-16 2.294556998446981076e-17
1.123687505722045898e+00 4.414233324672573160e-16 2.361529511306214451e-17
1.124280214309692383e+00 4.364723190114375238e-16 1.792470112591991531e-17
1.124875426292419434e+00 4.343273933609732200e-16 1.929900215667266697e-17
1.125470042228698730e+00 4.476281135036910830e-16 2.481018397767459469e-17
1.126066803932189941e+00 4.231629961903491093e-16 2.101273675178655354e-17
1.126663565635681152e+00 4.408733433866932581e-16 1.950612321897226978e-17
1.127261400222778320e+00 4.268657213099324782e-16 2.703106962378964295e-17
1.127860307693481445e+00 4.064070698371033451e-16 2.752525048278597317e-17
1.128460049629211426e+00 4.516243620092776686e-16 4.468019056555384177e-17
1.129061698913574219e+00 4.403040048972403598e-16 8.891188380298143193e-17
1.129667758941650391e+00 3.193267094941021258e-16 5.695049843665929857e-17
1.130265474319458008e+00 4.230377941328330831e-16 3.265934713230457726e-17
1.130859851837158203e+00 4.006796712757861815e-16 2.511277988063629306e-17
1.131465911865234375e+00 4.461197595828679877e-16 3.585265472600838912e-17
1.132078170776367188e+00 3.802504806676537371e-16 7.569695221595266858e-17
1.132685065269470215e+00 3.891682817643634263e-16 1.988802589034310224e-17
1.133291602134704590e+00 4.308356853243745788e-16 2.789248062445134002e-17
1.133899927139282227e+00 4.047748902873035117e-16 4.588063146643774786e-17
1.134509086608886719e+00 4.537210861910872823e-16 3.999397747614697493e-17
1.135118603706359863e+00 4.485747787013661704e-16 5.873210650975561127e-17
1.135730147361755371e+00 3.478946955852663201e-16 5.322581332617387195e-17
1.136337757110595703e+00 4.034061115143201641e-16 8.544241699869311647e-17
1.136954188346862793e+00 2.874330867635603365e-16 2.495283789175426473e-17
1.137568116188049316e+00 4.692421708561342851e-16 2.661380498123216856e-17
1.138182163238525391e+00 3.991601206381915684e-16 2.580658754558249566e-17
1.138798356056213379e+00 4.074120214894613691e-16 2.462686917340426801e-17
1.139414787292480469e+00 3.987789293421475315e-16 2.401738430010172105e-17
1.140031456947326660e+00 4.159000857143375094e-16 2.109419584414955060e-17
1.140649676322937012e+00 4.254038218523103609e-16 1.188592696661941548e-17
1.141269326210021973e+00 4.056924651971963343e-16 1.845095508598737662e-17
1.141888022422790527e+00 4.389153473197761378e-16 1.770331946985989830e-17
1.142509698867797852e+00 3.855644742111515987e-16 3.906861052488390287e-17
1.143131971359252930e+00 3.944466469845174040e-16 2.549876386114946215e-17
1.143755555152893066e+00 4.148660967137564239e-16 3.383213373094961054e-17
1.144379138946533203e+00 3.552215835185752214e-16 4.478714171003449803e-17
1.145004630088806152e+00 4.716402799484888195e-16 7.035748150958817367e-17
1.145630955696105957e+00 4.590765049396617996e-16 5.659858933429963890e-17
1.146257877349853516e+00 4.279788284817430356e-16 4.378360288216271465e-17
1.146885871887207031e+00 3.988398098352314344e-16 4.880042351879477559e-17
1.147515058517456055e+00 4.659757471137256860e-16 1.464240213319519852e-17
1.148145079612731934e+00 4.150910898403708475e-16 5.290593596585471572e-17
1.148775100708007812e+00 4.133494312821383958e-16 2.397355199944253612e-17
1.149407148361206055e+00 3.822671867057274211e-16 2.610465049878740344e-17
1.150039315223693848e+00 3.661335648709175506e-16 2.957582956694370367e-17
1.150673031806945801e+00 4.304387709792471340e-16 2.836543272020710933e-17
1.151307702064514160e+00 3.892214330818036336e-16 1.604398854363362436e-17
1.151942133903503418e+00 4.177470410558255113e-16 3.021549826079831060e-17
1.152579545974731445e+00 4.083859505601262043e-16 4.955683055813776621e-17
1.153217196464538574e+00 3.679954756378805113e-16 3.039016902766745814e-17
1.153855919837951660e+00 4.815876231228065091e-16 7.242886087742916260e-17
1.154495477676391602e+00 3.732078516974874586e-16 2.969552260158012677e-17
1.155136346817016602e+00 4.303697113242663068e-16 4.496537927970497422e-17
1.155778527259826660e+00 5.214637108180524266e-16 3.676499192826252589e-17
1.156420350074768066e+00 5.657533695640852827e-16 5.694143253714571739e-17
1.157063603401184082e+00 4.099424530100447862e-16 2.675664583813027559e-17
1.157708883285522461e+00 3.374523675323968987e-16 4.345049063204270998e-17
1.158353805541992188e+00 4.537114511913122646e-16 2.863296940008636018e-17
1.159000635147094727e+00 3.479485615867557733e-16 3.496909679162619729e-17
1.159648180007934570e+00 4.048210535829288711e-16 5.323923019570948206e-17
1.160297155380249023e+00 4.229634669917115182e-16 4.678801551118391710e-17
1.160946607589721680e+00 3.720328846507477355e-16 2.531451103406450034e-17
1.161597371101379395e+00 4.050610021350182534e-16 2.431293262424446763e-17
1.162248849868774414e+00 4.027051388109080272e-16 3.087447335014990521e-17
1.162901282310485840e+00 3.640357024885850640e-16 3.082622555938091221e-17
1.163555026054382324e+00 4.087147052227792796e-16 2.452632371558722239e-17
1.164209604263305664e+00 4.307869279903482531e-16 5.029000705715781761e-17
1.164864659309387207e+00 3.387424781204040032e-16 1.392722839302675122e-17
1.165522336959838867e+00 3.661476997332248568e-16 4.113747857238518081e-17
1.166180491447448730e+00 3.803607272996948046e-16 2.631390403270616795e-17
1.166838288307189941e+00 3.193789078994766720e-16 3.045976469568521968e-17
1.167498707771301270e+00 3.850870652662553937e-16 2.594760695077176092e-17
1.168159961700439453e+00 3.916592468435607134e-16 2.200077586934031830e-17
1.168821096420288086e+00 3.807599180458679953e-16 1.739623363053326209e-17
1.169483661651611328e+00 4.135725450544010988e-16 1.698714649551148694e-17
1.170147895812988281e+00 3.572341602710310407e-16 1.867766543955346023e-17
1.170812487602233887e+00 3.695846947353867906e-16 1.456324591165754909e-17
1.171479225158691406e+00 3.812255479388414452e-16 3.402217351359999333e-17
1.172145962715148926e+00 4.086039027253665764e-16 2.801956865376398719e-17
1.172814369201660156e+00 3.937250013832363418e-16 2.428652074728564946e-17
1.173483848571777344e+00 3.751017644279888708e-16 2.064868794675706564e-17
1.174153923988342285e+00 3.939880051133588020e-16 1.516080945797198182e-17
1.174825191497802734e+00 3.688735576366076021e-16 1.703143043678512583e-17
1.175497412681579590e+00 4.385931571624642833e-16 2.209118009284746380e-17
1.176170825958251953e+00 4.064504008663113229e-16 2.601718938389972161e-17
1.176844596862792969e+00 3.559901600390900922e-16 9.379639193755196077e-18
1.177520632743835449e+00 3.505013071315434209e-16 1.840421276393323013e-17
1.178197264671325684e+00 3.830632917970280566e-16 1.855253451957011352e-17
1.178874373435974121e+00 3.483513257531751931e-16 1.743973009586375050e-17
1.179554224014282227e+00 3.585297765731952982e-16 1.310058958377494578e-17
1.180233597755432129e+00 3.864598939155178010e-16 2.947840754311965828e-17
1.180914998054504395e+00 3.941573852330300604e-16 2.086615372979725661e-17
1.181596398353576660e+00 3.735441237775474158e-16 1.127223257117958616e-17
1.182280182838439941e+00 3.778349015207620827e-16 1.489085244762040081e-17
1.182963967323303223e+00 3.878132143372137576e-16 1.495577785389968795e-17
1.183648228645324707e+00 3.532290973288370901e-16 1.369879088634165688e-17
1.184335470199584961e+00 3.627126105551942451e-16 1.443623894604493212e-17
1.185022830963134766e+00 3.664724839289376776e-16 4.446113328701509877e-17
1.185710549354553223e+00 4.006200613321231601e-16 1.883967207124442091e-17
1.186400771141052246e+00 3.688719959196111019e-16 7.431001021107888155e-18
1.187096118927001953e+00 3.707656174825368954e-16 1.485675937149341522e-17
1.187845230102539062e+00 3.732562384545993605e-16 2.448105873810709561e-17
1.188480138778686523e+00 3.850962502797771825e-16 7.084214648281769386e-18
1.189171075820922852e+00 3.700349456864116546e-16 1.366046843574268767e-17
1.189865231513977051e+00 3.493340427906677917e-16 1.079164228964750219e-17
1.190561532974243164e+00 3.697748271622657793e-16 7.731546343331067571e-18
1.191259145736694336e+00 3.761733140458247641e-16 1.194187663607188972e-17
1.191956639289855957e+00 3.789973218919706014e-16 1.476085770563524230e-17
1.192657232284545898e+00 3.547275780218687525e-16 1.359277114723073533e-17
1.193357229232788086e+00 3.450878401563023824e-16 6.270342131013801097e-18
1.194059371948242188e+00 3.626949022726407099e-16 9.612869384909422654e-18
1.194763660430908203e+00 3.562213735639109145e-16 8.897110000867287807e-18
1.195466279983520508e+00 3.713245533486063269e-16 1.777623378649522258e-17
1.196170926094055176e+00 3.691738837559684549e-16 1.393771042574902319e-17
1.196871042251586914e+00 3.746814507976935259e-16 2.988710424889230840e-17
1.197578668594360352e+00 3.896082095013436285e-16 3.769677449235655923e-17
1.198293566703796387e+00 3.622733180929244836e-16 2.839668360374936272e-17
1.199003338813781738e+00 2.835220444785116131e-16 3.303709073955549309e-17
1.199714303016662598e+00 3.148396318653612748e-16 3.939009261559141197e-17
1.200426220893859863e+00 4.370814151098521708e-16 3.349218566024746765e-17
1.201139807701110840e+00 3.925751541573386291e-16 5.851609325587106341e-17
1.201853871345520020e+00 2.814565016970727983e-16 4.728666976293293409e-17
1.202569842338562012e+00 3.277038388726675544e-16 3.298879662667219713e-17
1.203286170959472656e+00 3.508683370955005499e-16 2.078516116729973946e-17
1.204004287719726562e+00 3.725504747210793164e-16 2.392389965599342808e-17
1.204723715782165527e+00 3.338441924655507912e-16 2.511998958685530525e-17
1.205443143844604492e+00 3.455767634553253255e-16 2.564679775793317709e-17
1.206164956092834473e+00 2.891039916009174524e-16 2.441654030468918456e-17
1.206887006759643555e+00 3.640871862099103644e-16 1.814935179976074188e-17
1.207611441612243652e+00 3.189400918932397411e-16 2.193290570008034237e-17
1.208335280418395996e+00 3.288041611409304923e-16 2.275307182103892037e-17
1.209060549736022949e+00 3.469829704966654726e-16 2.115650074224826975e-17
1.209786772727966309e+00 3.218949398599567661e-16 1.624366663478147503e-17
1.210515737533569336e+00 3.436725804503384550e-16 2.175286653103572569e-17
1.211245179176330566e+00 2.978817410937545634e-16 2.877325261453045325e-17
1.211976170539855957e+00 3.720314817524288456e-16 4.178624625297787105e-17
1.212708234786987305e+00 3.322447295633386552e-16 2.216331851406821334e-17
1.213441729545593262e+00 3.670183172541042690e-16 3.954589373832699984e-17
1.214176058769226074e+00 3.489316227313831939e-16 3.038265161026057622e-17
1.214911699295043945e+00 3.512202263455255083e-16 2.921977132663147801e-17
1.215648651123046875e+00 3.428051393030112463e-16 2.982206469168848894e-17
1.216386675834655762e+00 2.954524506010292300e-16 2.747830301993991353e-17
1.217125535011291504e+00 3.191337712705853572e-16 2.707852001244813483e-17
1.217865109443664551e+00 2.863466875993678912e-16 1.692504673820468094e-17
1.218611598014831543e+00 3.490627275497503986e-16 2.880028156822623598e-17
1.219348669052124023e+00 3.348990396524580138e-16 1.446913922772861624e-17
1.220092177391052246e+00 3.279759482069729984e-16 3.271815305641219711e-17
1.220837831497192383e+00 3.278448963281649971e-16 2.397553888727388849e-17
1.221583962440490723e+00 3.326096684147072501e-16 3.753060714218445682e-17
1.222324252128601074e+00 3.574024815995182312e-16 4.141674798207288380e-17
1.223080277442932129e+00 3.855971379191800927e-16 3.621069819979074204e-17
1.223830938339233398e+00 3.020315937303697960e-16 2.920203657429834110e-17
1.224579691886901855e+00 2.932256009826976744e-16 2.565950490650321670e-17
1.225334405899047852e+00 3.259041320877685815e-16 3.192553535857408514e-17
1.226087570190429688e+00 3.582722256176707875e-16 2.699247999385281910e-17
1.226842999458312988e+00 3.376986688315906883e-16 3.445388238401386868e-17
1.227606177330017090e+00 3.277463758084874813e-16 3.472131649349716295e-17
1.228363871574401855e+00 3.537615369455252229e-16 4.004498474143944483e-17
1.229119777679443359e+00 3.559124977057387135e-16 2.845018233704684233e-17
1.229879856109619141e+00 3.022305935334153532e-16 3.499174168807544897e-17
1.230636239051818848e+00 3.506898513716463078e-16 4.194953501461828893e-17
1.231400847434997559e+00 3.147683487488939051e-16 5.340296232615822836e-17
1.232164144515991211e+00 2.774182456512583198e-16 2.438288563428685207e-17
1.232927083969116211e+00 3.258713360308420790e-16 1.797263127933368794e-17
1.233693361282348633e+00 2.828565148099861483e-16 3.303044682487546718e-17
1.234459400177001953e+00 3.350951277797473843e-16 2.173987483233496784e-17
1.235229730606079102e+00 3.087603440540191528e-16 2.524743495819257533e-17
1.235999107360839844e+00 2.683335790639395334e-16 1.780152400654341885e-17
1.236770629882812500e+00 2.666061877169123963e-16 4.165328524131609738e-17
1.237543106079101562e+00 2.788944652596449551e-16 7.942452584113713038e-18
1.238316774368286133e+00 2.803794728348593538e-16 1.660592872968784839e-17
1.239091873168945312e+00 3.152564779545287974e-16 1.851631889799131687e-17
1.239867806434631348e+00 3.275936981197448937e-16 1.556752258463572978e-17
1.240644931793212891e+00 3.129084761549602751e-16 1.418215553164824371e-17
1.241423726081848145e+00 2.915767984113079754e-16 2.367433099338005410e-17
1.242204666137695312e+00 2.954307453817558386e-16 1.490825136462484119e-17
1.242985844612121582e+00 2.708016742535609544e-16 2.672016055567178665e-17
1.243769288063049316e+00 2.934166863216423242e-16 1.344588868585969420e-17
1.244553208351135254e+00 2.900848028142787288e-16 2.748562687708345803e-17
1.245337724685668945e+00 3.284333459984903206e-16 3.173372540941283887e-17
1.246125578880310059e+00 3.150873095930943526e-16 1.728872827504219530e-17
1.246912479400634766e+00 3.033295393731390028e-16 1.160167544810230560e-17
1.247701644897460938e+00 2.897888706783317576e-16 1.312032694037107357e-17
1.248492240905761719e+00 2.902965610510923038e-16 1.057719157994006700e-17
1.249283909797668457e+00 2.843787653651001345e-16 9.947073513437997320e-18
1.250077605247497559e+00 2.997707833848092633e-16 2.264002435544374829e-17
1.250871896743774414e+00 2.870291314570588403e-16 1.920185310245076408e-17
1.251668214797973633e+00 2.551399291797105343e-16 1.996535569708823458e-17
1.252465486526489258e+00 2.773724264627677825e-16 1.337207108799546201e-17
1.253263473510742188e+00 2.712732333771651844e-16 1.448084879647991690e-17
1.254063606262207031e+00 2.665415749849046542e-16 8.978521116754756791e-18
1.254864335060119629e+00 3.023746685437873893e-16 1.418945953645708695e-17
1.255666613578796387e+00 2.611445722125758711e-16 1.089845281342402444e-17
1.256470561027526855e+00 2.778761463685880742e-16 1.607046494068022167e-17
1.257275462150573730e+00 2.523673785851103957e-16 1.435829537128528543e-17
1.258081912994384766e+00 2.684107914110376832e-16 1.743773824494872281e-17
1.258889794349670410e+00 2.707205708488613551e-16 2.108413236481723047e-17
1.259698987007141113e+00 2.630973007933522538e-16 2.227144260065746980e-17
1.260509729385375977e+00 2.575629992742294689e-16 2.286836094609411116e-17
1.261321663856506348e+00 2.801594560268100493e-16 2.760547376731381600e-17
1.262135028839111328e+00 2.880514208150559757e-16 1.186079556524882939e-17
1.262949585914611816e+00 2.966563491168736078e-16 8.881522609404338554e-18
1.263762235641479492e+00 3.155523306811369635e-16 3.309336218226625046e-17
1.264578700065612793e+00 3.011536705503203154e-16 2.158544682941621799e-17
1.265400886535644531e+00 3.129753917577933649e-16 2.199808587798829585e-17
1.266221046447753906e+00 2.780258329722356701e-16 2.733161411883220981e-17
1.267042279243469238e+00 2.630751720576052352e-16 2.463053027479542771e-17
1.267864823341369629e+00 2.958106925981585957e-16 2.963634940928053338e-17
1.268689870834350586e+00 2.733331380955488377e-16 4.431804427593322583e-17
1.269508361816406250e+00 2.377791154230067929e-16 2.422918720466837400e-17
1.270342350006103516e+00 2.717044790264360301e-16 5.243232212560890399e-17
1.271170854568481445e+00 2.321042593741989976e-16 2.686753767104913448e-17
1.272000432014465332e+00 2.757273031907427193e-16 4.791470829737504546e-17
1.272831439971923828e+00 2.758495141631637539e-16 3.929902995631667426e-17
1.273663878440856934e+00 2.518877197089480465e-16 4.655291754620654579e-17
1.274497270584106445e+00 3.142892986776623949e-16 3.431780124708154499e-17
1.275332570075988770e+00 2.401764833615324798e-16 2.546803741011556738e-17
1.276169419288635254e+00 1.294834649572619350e-16 3.908212996481546955e-17
1.277007222175598145e+00 2.704807281758903796e-16 6.713782325029087257e-17
1.277847528457641602e+00 2.739280199223173735e-16 4.954081965020118981e-17
1.278687953948974609e+00 3.075575572689180463e-16 4.453951692186062367e-17
1.279532551765441895e+00 2.588231725415070543e-16 3.689180202488935524e-17
1.280376791954040527e+00 2.869140143855710605e-16 2.265049977072111984e-17
1.281219482421875000e+00 2.807529614250392968e-16 2.102317411675574764e-17
1.282066106796264648e+00 3.580816696743181716e-16 4.552874552513523968e-17
1.282914400100708008e+00 2.317198387650435537e-16 2.203784679567249478e-17
1.283763647079467773e+00 3.074852153612666087e-16 1.764305936223541023e-17
1.284614682197570801e+00 3.096025330316063426e-16 2.177556602140540587e-17
1.285467147827148438e+00 2.526567991552753495e-16 2.084959191957271989e-17
1.286319136619567871e+00 2.760111651071913167e-16 1.349292879293435978e-17
1.287173390388488770e+00 2.957970871314433235e-16 1.967218965310964072e-17
1.288030862808227539e+00 2.684208763970659297e-16 3.555101504383480205e-17
1.288888335227966309e+00 2.743837501177197888e-16 1.844788128283112957e-17
1.289747834205627441e+00 2.536802796533545613e-16 4.390692558532702044e-17
1.290609240531921387e+00 2.751777111568726869e-16 3.099030179696448057e-17
1.291471838951110840e+00 3.300833926495212994e-16 3.313394366311810200e-17
1.292335510253906250e+00 3.056062845260197570e-16 3.428941571718117530e-17
1.293201208114624023e+00 3.134736588890157070e-16 2.848586359994992974e-17
1.294068098068237305e+00 2.894470399445554440e-16 1.346393032220008829e-17
1.294936418533325195e+00 2.704486732727927247e-16 2.133647373684388219e-17
1.295805931091308594e+00 2.481912943969098815e-16 1.796291025277496476e-17
1.296676158905029297e+00 2.302781092794779294e-16 1.170499940559691684e-17
1.297548651695251465e+00 2.868637482741074381e-16 2.426997878939581401e-17
1.298421502113342285e+00 2.823358013056615672e-16 2.679985609896882065e-17
1.299296975135803223e+00 2.564190018696237312e-16 1.437056080540822172e-17
1.300174593925476074e+00 2.587972321574973913e-16 1.600950669261873885e-17
1.301052689552307129e+00 2.269148855530659249e-16 1.857116428132603281e-17
1.301932334899902344e+00 2.719376777847269796e-16 2.472512168656331664e-17
1.302814364433288574e+00 2.901102932120351629e-16 2.371397610577849561e-17
1.303697466850280762e+00 2.940617283807560756e-16 1.968040521095351739e-17
1.304581046104431152e+00 2.358529360311709122e-16 1.127397957663329816e-17
1.305467009544372559e+00 2.351011942904827207e-16 1.268462444195979220e-17
1.306354403495788574e+00 2.233067104862198173e-16 2.832898714241802293e-17
1.307242989540100098e+00 2.864182354136312779e-16 2.111198353604189091e-17
1.308133602142333984e+00 2.493774581604211223e-16 2.610831656326223846e-17
1.309024930000305176e+00 2.370644049039813753e-16 1.758876818991110481e-17
1.309918761253356934e+00 2.313834343360855880e-16 4.092929044709538459e-17
1.310813426971435547e+00 2.762740364884157685e-16 1.164672866734561881e-17
1.311709642410278320e+00 2.221235378078035682e-16 2.339374636651839179e-17
1.312607288360595703e+00 3.088473766893495322e-16 2.729758390843177825e-17
1.313506484031677246e+00 2.294258353158624931e-16 1.665475389252440340e-17
1.314407110214233398e+00 2.217883774584868822e-16 2.940094704183774256e-17
1.315311908721923828e+00 2.356764620105663991e-16 3.032415339734082611e-17
1.316213488578796387e+00 1.606003452402817301e-16 3.399180936767439679e-17
1.317119121551513672e+00 2.072488451606300033e-16 2.568211340700551605e-17
1.318026065826416016e+00 2.311188159494074242e-16 2.269326335402888626e-17
1.318934082984924316e+00 2.409091933306870513e-16 1.797361727862385115e-17
1.319844245910644531e+00 2.805215890815408643e-16 2.702967996036055386e-17
1.320754289627075195e+00 2.373479227132951506e-16 1.584896251625077192e-17
1.321667909622192383e+00 2.386138928623055076e-16 1.832880201620922081e-17
1.322582483291625977e+00 2.223353489841763467e-16 2.234926044396400843e-17
1.323498606681823730e+00 2.097248415794625309e-16 2.354026983150358490e-17
1.324416399002075195e+00 2.447706312487621947e-16 1.755466518761676859e-17
1.325336217880249023e+00 2.370081830921073711e-16 2.439819674742520862e-17
1.326256632804870605e+00 2.610836123101531632e-16 1.600049538702558616e-17
1.327178955078125000e+00 2.263931132575572758e-16 1.620201643657820498e-17
1.328102827072143555e+00 2.368639757328373265e-16 1.643756935089248046e-17
1.329027414321899414e+00 2.204375716658530868e-16 9.097396069765364951e-18
1.329953670501708984e+00 2.148258857460647411e-16 1.296286566614609178e-17
1.330882549285888672e+00 2.004723565894689862e-16 2.280311955682082876e-17
1.331811904907226562e+00 2.138526978292287534e-16 9.700087308697013893e-18
1.332744121551513672e+00 2.231832554341575030e-16 2.668761099856782501e-17
1.333677649497985840e+00 2.148387103542817632e-16 1.294143093493300517e-17
1.334612011909484863e+00 2.258147485732601989e-16 1.564774421480234751e-17
1.335548996925354004e+00 2.114327776384824207e-16 1.292391703982341991e-17
1.336485624313354492e+00 2.069097937537118679e-16 1.460664146095330603e-17
1.337426066398620605e+00 2.173389266214498434e-16 1.101126122382216870e-17
1.338364481925964355e+00 2.197269904324455339e-16 1.330804069113895725e-17
1.339308261871337891e+00 2.233106015438212667e-16 8.760006468697848576e-18
1.340252280235290527e+00 2.208807948903937003e-16 8.485025163305620480e-18
1.341198086738586426e+00 2.296738306809507912e-16 1.435163491299300845e-17
1.342145800590515137e+00 2.515992255810691521e-16 6.886867138509786872e-18
1.343094348907470703e+00 2.181735055374015454e-16 1.522893439886062407e-17
1.344045162200927734e+00 2.091530811051760773e-16 1.516196254774588074e-17
1.344998002052307129e+00 2.119624511632021762e-16 8.917752293053548613e-18
1.345950722694396973e+00 2.011027476255731984e-16 1.141742096665611869e-17
1.346906423568725586e+00 2.188605286669635880e-16 1.047035789510639326e-17
1.347862482070922852e+00 1.915702653069529041e-16 1.806736496616693599e-17
1.348820567131042480e+00 2.526770750064502493e-16 1.961985228139218556e-17
1.349780559539794922e+00 2.176398880155211370e-16 2.580390086295292342e-17
1.350742101669311523e+00 2.152933552887205089e-16 1.646738259453011668e-17
1.351705670356750488e+00 2.438383391414108287e-16 1.120637741389178942e-17
1.352670311927795410e+00 2.310977460048444735e-16 3.093942026312511873e-17
1.353637099266052246e+00 2.709044828775339451e-16 1.443855836048253081e-17
1.354605197906494141e+00 2.234932959626321786e-16 4.279844069877940932e-17
1.355575203895568848e+00 2.322303614042214815e-16 4.491049750042330594e-17
1.356545686721801758e+00 2.885960894699200925e-16 2.327052954247249279e-17
1.357518434524536133e+00 2.423087829271267741e-16 4.161407026283618345e-17
1.358494877815246582e+00 2.137618270758561280e-16 5.286515596165585146e-17
1.359468340873718262e+00 2.429059146851614542e-16 3.744221131320459007e-17
1.360447287559509277e+00 2.763545046184049270e-16 3.965403271416728225e-17
1.361426234245300293e+00 3.495173724841891443e-16 5.186033334947338577e-17
1.362406969070434570e+00 1.364537255499971742e-16 5.430080401535798587e-17
1.363389372825622559e+00 9.768917669212041368e-17 6.368401993808186124e-17
1.364373326301574707e+00 2.555057150640263836e-16 3.667600714668652138e-17
1.365360260009765625e+00 2.587188816098763685e-16 6.071454741813489867e-17
1.366346836090087891e+00 1.883510901211333339e-16 8.231447652571569507e-17
1.367337346076965332e+00 2.967688986197400229e-16 9.451664125795903345e-17
1.368327260017395020e+00 3.125308318093828657e-16 6.608386941844520725e-17
1.369320511817932129e+00 1.583569387748093131e-16 3.468834176555834906e-17
1.370314240455627441e+00 3.519612213556954109e-16 5.140301165857241847e-17
1.371309876441955566e+00 1.576083072332243209e-16 4.505940324557265177e-17
1.372307777404785156e+00 1.881434744048274244e-16 3.548473140698970283e-17
1.373306035995483398e+00 2.311670174180621143e-16 4.941120044821413037e-17
1.374306321144104004e+00 2.648973252156064471e-16 3.467851155115876888e-17
1.375309705734252930e+00 2.185851106102079319e-16 2.173579352319263120e-17
1.376313447952270508e+00 2.085264487777753061e-16 2.788902631821331857e-17
1.377319097518920898e+00 2.578679840748002204e-16 2.763881576344460344e-17
1.378326773643493652e+00 2.530513841597978450e-16 2.502871682370497907e-17
1.379334807395935059e+00 2.860419410268135549e-16 3.438609658717637317e-17
1.380345940589904785e+00 2.841527928566404482e-16 5.128958865297914731e-17
1.381356835365295410e+00 3.582450940935790482e-16 5.059867115709320499e-17
1.382372140884399414e+00 1.631131346527606163e-16 8.525380658414122531e-17
1.383387923240661621e+00 2.625480793363966451e-16 6.887252025648807796e-17
1.384404182434082031e+00 1.582906584466866641e-16 9.099947591082846021e-17
1.385424017906188965e+00 -4.354931886290809551e-17 6.219102510687265052e-17
1.386445283889770508e+00 1.427863953265765397e-16 2.982206138296603873e-17
1.387466907501220703e+00 1.483966783480459954e-16 5.457374383899843309e-17
1.388491034507751465e+00 1.967831045877028811e-16 4.318362231409840198e-17
1.389516949653625488e+00 2.149430542254716523e-16 3.327013398789128269e-17
1.390544176101684570e+00 2.148729357793067573e-16 4.309583859877182447e-17
1.391581535339355469e+00 1.901871663832050384e-16 6.338153653168347008e-17
1.392604112625122070e+00 2.101690574207382080e-16 2.527835496948980750e-17
1.393637418746948242e+00 2.953237280628261780e-16 3.968631922783645203e-17
1.394669890403747559e+00 2.722356480937032815e-16 3.663611718882676417e-17
1.395707011222839355e+00 2.689679538018738009e-16 3.519587662836373536e-17
1.396743059158325195e+00 2.445299150730643632e-16 2.517104482862330322e-17
1.397781729698181152e+00 1.864333810587699963e-16 3.583616736203898217e-17
1.398823142051696777e+00 2.297178499244284132e-16 3.163131714085632383e-17
1.399866223335266113e+00 1.712495081509588109e-16 3.259368884400256814e-17
1.400910019874572754e+00 1.862439633159402533e-16 4.850046797634834648e-17
1.401957035064697266e+00 1.530408408838331165e-16 1.062816046405211444e-16
1.403005123138427734e+00 1.213450929907038123e-16 5.977399012210290281e-17
1.404054403305053711e+00 2.181666895691541084e-16 5.251626772289323545e-17
1.405104756355285645e+00 1.964909708651287534e-16 3.970986078806971120e-17
1.406158924102783203e+00 1.721963321673115085e-16 5.844296387227647534e-17
1.407212257385253906e+00 2.252012584914316702e-16 2.235805502823667222e-17
1.408268213272094727e+00 2.468982191935873869e-16 5.518874269826425853e-17
1.409325838088989258e+00 2.459732062756264876e-16 5.288900192435453014e-17
1.410386443138122559e+00 2.134767872542152551e-16 7.561054823788782952e-17
1.411450028419494629e+00 8.656761424233674895e-17 4.513910375195336110e-17
1.412510514259338379e+00 2.310763319531467007e-16 5.456370517508448955e-17
1.413575530052185059e+00 2.367035953382306450e-16 5.606730777046908028e-17
1.414641737937927246e+00 2.578235148450693697e-16 3.793573704515577829e-17
1.415710330009460449e+00 1.906339894977714827e-16 4.622645251948901725e-17
1.416780352592468262e+00 1.378191029563017038e-16 5.053635798718836031e-17
1.417852163314819336e+00 1.161357344859714584e-16 4.994774618946297646e-17
1.418926119804382324e+00 2.095305533971860757e-16 3.348930045427088269e-17
1.419999241828918457e+00 2.095843267544469229e-16 3.454120949564231692e-17
1.421078562736511230e+00 2.357314397427991235e-16 4.039654642794183223e-17
1.422157645225524902e+00 1.314547885582085097e-16 3.676244752069831277e-17
1.423237204551696777e+00 1.458059751393095144e-16 2.266334092255039304e-17
1.424319863319396973e+00 1.565960763914758303e-16 3.611299162583597841e-17
1.425401806831359863e+00 1.549971296499659274e-16 2.001159509332994883e-17
1.426487207412719727e+00 1.735124890184466828e-16 1.676238994255225358e-17
1.427574992179870605e+00 2.007060185689029655e-16 1.966659129472388183e-17
1.428663730621337891e+00 1.980591067831822811e-16 2.826172412372766093e-17
1.429755091667175293e+00 2.196469590538198033e-16 2.665905176073881918e-17
1.430846571922302246e+00 2.286727436164146150e-16 2.294364430800378731e-17
1.431940436363220215e+00 2.111364484558414241e-16 1.954486505014180339e-17
1.433036804199218750e+00 2.661034471929373674e-16 1.836555199646372672e-17
1.434134483337402344e+00 2.168339494010984711e-16 1.104126141027824190e-17
1.435234189033508301e+00 2.458833413738787266e-16 3.265631634254018297e-17
1.436335921287536621e+00 2.250014910647776638e-16 2.223797983615724962e-17
1.437439084053039551e+00 2.747199163186613393e-16 3.584715893801858680e-17
1.438544154167175293e+00 2.103853287549738724e-16 1.550138453157843990e-17
1.439651131629943848e+00 1.838970600122252015e-16 3.010769346592549961e-17
1.440759897232055664e+00 1.930678989670373122e-16 2.217873550632497667e-17
1.441869258880615234e+00 1.798041968110924223e-16 1.507276435357183755e-17
1.442980051040649414e+00 1.708737299248433211e-16 1.644545569085256102e-17
1.444093346595764160e+00 1.648882377775198120e-16 1.894778292294387653e-17
1.445208072662353516e+00 1.863199712880665260e-16 7.263621024157783005e-18
1.446324944496154785e+00 1.785656228839698216e-16 1.505548620493682991e-17
1.447441339492797852e+00 1.503262326367810924e-16 1.759185191923470250e-17
1.448561549186706543e+00 1.779766570529422651e-16 2.960263683623532219e-17
1.449681162834167480e+00 2.050232660917193292e-16 2.162868686875681496e-17
1.450809955596923828e+00 2.036287057534039288e-16 8.322898755861962120e-17
1.451935768127441406e+00 1.781428607990613198e-16 4.178415646387831708e-16
1.453063845634460449e+00 1.881988491837541743e-16 2.806357135362935805e-17
1.454193234443664551e+00 2.856495000744387969e-16 5.043534599950583478e-17
1.455324888229370117e+00 2.322049239460242508e-16 3.138749407477774318e-17
1.456457018852233887e+00 1.853750795656247522e-16 2.159560626169959428e-17
1.457591533660888672e+00 1.053843849911420267e-16 3.141999896412862696e-17
1.458727598190307617e+00 1.818733527174468687e-16 3.587084277331720509e-17
1.459865808486938477e+00 1.323467407214468897e-16 1.346644660562347460e-17
1.461006045341491699e+00 1.627913150723631856e-16 2.001941195011857494e-17
1.462147593498229980e+00 2.274084675332987667e-16 2.455183892876203308e-17
1.463291525840759277e+00 1.781137969810586566e-16 2.743225718396153669e-17
1.464436531066894531e+00 1.796837990185741040e-16 2.704399845676384677e-17
1.465583682060241699e+00 2.127010506583181253e-16 1.407262358365642200e-17
1.466731190681457520e+00 1.482001269996135952e-16 3.238460074620631423e-17
1.467881679534912109e+00 1.584419464720001627e-16 1.833574537027099092e-17
1.469034075736999512e+00 1.695960601332490141e-16 2.081197505403625841e-17
1.470188260078430176e+00 1.463981041089994738e-16 3.711434007944572138e-17
1.471342563629150391e+00 2.226599478914319556e-16 3.360739537596385334e-17
1.472502231597900391e+00 1.954794944120989112e-16 2.960159127994105516e-17
1.473661303520202637e+00 1.852673475626458459e-16 1.865477569764289285e-17
1.474822044372558594e+00 1.616297682038815228e-16 1.934774294708674157e-17
1.475984573364257812e+00 2.149458203174400297e-16 2.424952923029227806e-17
1.477144002914428711e+00 1.917906129872472298e-16 2.483713021330912212e-17
1.478315591812133789e+00 1.840157107992898078e-16 2.059742425547470430e-17
1.479483604431152344e+00 1.491140887845907861e-16 2.219238067770965141e-17
1.480652570724487305e+00 1.670312046642935901e-16 2.175180277676798250e-17
1.481825709342956543e+00 1.573965887010801484e-16 3.056845291945223730e-17
1.482999801635742188e+00 1.821618468453257630e-16 3.263673863180227791e-17
1.484174847602844238e+00 2.153219823553597441e-16 1.702911433106997735e-17
1.485351920127868652e+00 1.290188409159133496e-16 3.686418411859743475e-17
1.486530661582946777e+00 2.069279520225186320e-16 2.881943576249051389e-17
1.487711787223815918e+00 1.727035460840392242e-16 1.047161090829828859e-16
1.488893508911132812e+00 1.929369794371273194e-16 4.787275700542880611e-17
1.490078926086425781e+00 2.086495464878129974e-16 1.698758820995859025e-17
1.491264820098876953e+00 1.581210930385581939e-16 2.154185606549589854e-17
1.492452740669250488e+00 1.160428652642389049e-16 5.382978421351314042e-17
1.493643045425415039e+00 1.988669115170668667e-16 1.757203598048038217e-17
1.494831204414367676e+00 1.934492755515385609e-16 2.886650564806723137e-17
1.495941162109375000e+00 2.045567494611292224e-16 5.077603191531437497e-17
1.497219562530517578e+00 1.723755722798843990e-16 1.661791292240251666e-17
1.498418688774108887e+00 1.936625955053486361e-16 1.354836643758766370e-17
1.499616146087646484e+00 1.646861939498200597e-16 1.116252029781422789e-17
1.500813245773315430e+00 1.606701725188710065e-16 8.399670050257498661e-18
1.502015233039855957e+00 1.772096290145340936e-16 1.718706777775942820e-17
1.503220319747924805e+00 1.276124882907853932e-16 1.418284209155666273e-17
1.504427194595336914e+00 1.097125380631542896e-16 3.444039934002925433e-17
1.505635380744934082e+00 1.190123774888552700e-16 3.812197510571086736e-17
1.506852149963378906e+00 1.349413349877848201e-16 4.906969727796038779e-17
1.508056402206420898e+00 1.765492344832513580e-16 1.449158493908636516e-16
1.509269714355468750e+00 9.323356501388107989e-17 2.153814599501247570e-16
1.510484933853149414e+00 1.677143632060337851e-16 4.488752834917393347e-17
1.511702656745910645e+00 1.301311672292256570e-16 4.538686088902524395e-17
1.512919783592224121e+00 1.818181499920875298e-16 1.451187468689555586e-17
1.514138102531433105e+00 1.330542117557512432e-16 1.336891622113918477e-17
1.515358805656433105e+00 1.318878209176024699e-16 2.225150920225616694e-17
1.516582012176513672e+00 1.372050570091015395e-16 8.560716325257285278e-18
1.517807722091674805e+00 1.729515414491275224e-16 1.360172537736162185e-17
1.519034147262573242e+00 1.858022091641675340e-16 1.667470714326040754e-17
1.520262002944946289e+00 1.426667122181074672e-16 1.800256198261830670e-17
1.521493673324584961e+00 1.546671441425613732e-16 5.177860459623069643e-17
1.522734045982360840e+00 1.868308247994894750e-16 2.879592728948175684e-17
1.523982286453247070e+00 1.773889617713355900e-16 2.061191976852908356e-17
1.525196790695190430e+00 6.071743262411148363e-17 2.717449943328388774e-17
1.526435256004333496e+00 2.173762622455780369e-16 4.737912208563676089e-17
1.527675271034240723e+00 1.219678739651725366e-16 8.177619370518048763e-17
1.528915524482727051e+00 5.618382774027574997e-17 3.572979193526466281e-17
1.530132889747619629e+00 1.232640461327084297e-16 2.390672242339315191e-17
1.531393527984619141e+00 5.466422747184438368e-17 4.297294602952604625e-17
1.532649993896484375e+00 1.921693293588985080e-16 2.076178338882776579e-17
1.533902645111083984e+00 2.267349969308927928e-16 3.548139952348233924e-17
1.535160779953002930e+00 2.308634884553694561e-16 2.085359381937625144e-17
1.536401987075805664e+00 1.787396087452917753e-16 1.984233408766689809e-17
1.537655949592590332e+00 1.545477654365577202e-16 2.513419393233406584e-17
1.538911104202270508e+00 1.471275582952630365e-16 1.568201927066409477e-17
1.540167570114135742e+00 1.843077783474149313e-16 1.199432981307510231e-17
1.541426897048950195e+00 1.332658111738872081e-16 1.746436188014435456e-17
1.542688012123107910e+00 1.615173642848029170e-16 1.571088291095852011e-17
1.543951034545898438e+00 1.672487994875093394e-16 1.389115008342963836e-17
1.545217037200927734e+00 1.868141885430098085e-16 2.418821364020617233e-17
1.546482443809509277e+00 1.800614565990413143e-16 1.510880461286077297e-17
1.547750234603881836e+00 1.692939870084344493e-16 2.957136940908081774e-17
1.549020171165466309e+00 1.406520840577325164e-16 2.720198333631657463e-17
1.550312399864196777e+00 1.390825584762498996e-16 1.981023451681616530e-17
1.551563262939453125e+00 1.100983284834041213e-16 2.863243007832697560e-17
1.552839398384094238e+00 1.705157790952895741e-16 2.472891513685248482e-17
1.554114341735839844e+00 1.884349066782421071e-16 1.762259987696452364e-17
1.555394649505615234e+00 1.185500298485524305e-16 2.501030543763077378e-17
1.556675910949707031e+00 1.327682984313835143e-16 3.651628187912498195e-17
1.557958126068115234e+00 1.357823725299593361e-16 1.783889933534101485e-17
1.559242129325866699e+00 1.978544027426325583e-16 1.775435651365442011e-17
1.560527801513671875e+00 9.570726517933316022e-17 3.400608319632461183e-17
1.561822414398193359e+00 1.186589132869440106e-16 1.597349124874818002e-17
1.563104391098022461e+00 1.520069577623704379e-16 1.506120202296957133e-17
1.564395785331726074e+00 1.662025549789726683e-16 1.466434392612378013e-17
1.565688967704772949e+00 1.281843281744106519e-16 1.475994118951653354e-17
1.566983342170715332e+00 1.691397211329157598e-16 1.552475734696673825e-17
1.568280100822448730e+00 1.690305465269485610e-16 1.817266505814493641e-17
1.569578647613525391e+00 1.472195275444891324e-16 1.421337663668844519e-17
1.570879578590393066e+00 1.530431172848788625e-16 1.122646880379008991e-17
1.572180867195129395e+00 1.089457879574319359e-16 1.766833800175503076e-17
1.573483824729919434e+00 1.122727348508998149e-16 9.670318732812455533e-18
1.574788689613342285e+00 1.296700107290048938e-16 8.039969733708202023e-18
1.576095581054687500e+00 1.186942901473816785e-16 1.440683929271357241e-17
1.577403068542480469e+00 1.395680539388144230e-16 7.261654815841744458e-18
1.578710794448852539e+00 1.120754688184181689e-16 1.141310804694226720e-17
1.580011487007141113e+00 1.516862366778264776e-16 2.260531254821857304e-17
1.581338882446289062e+00 1.668830930125322952e-16 2.442680892481341784e-17
1.582655429840087891e+00 1.955754605980448632e-16 5.152261866642513606e-17
1.583974123001098633e+00 1.164780284408908017e-16 4.452187812247854291e-17
1.585293769836425781e+00 1.383632289806839858e-16 2.561185764885893720e-17
1.586615204811096191e+00 1.782137865735040666e-16 1.765918938418019427e-17
1.587950825691223145e+00 7.336737338298692738e-17 1.491097113447891555e-17
1.589273929595947266e+00 1.506175855008569701e-16 2.645397548891344745e-17
1.590591549873352051e+00 9.868253458101289440e-17 1.465749652501306617e-17
1.591917872428894043e+00 1.246847056737111032e-16 1.470598254379847444e-17
1.593245983123779297e+00 1.141228003914910162e-16 1.899668253203556131e-17
1.594577193260192871e+00 1.250141750204134244e-16 1.304854089809127162e-17
1.595910310745239258e+00 1.440772205986328900e-16 9.637528466150240963e-18
1.597245454788208008e+00 1.289738952301496683e-16 1.972548986306010762e-17
1.598580718040466309e+00 1.369236303123762982e-16 1.700841165469900017e-17
1.599920272827148438e+00 1.410758652291556835e-16 2.360733598120815928e-17
1.601260900497436523e+00 5.947218831252925535e-17 2.685833776827631971e-17
1.602603197097778320e+00 1.207777264998312404e-16 5.961402000908004768e-17
1.603947043418884277e+00 1.264584059001514090e-16 4.535361484584551266e-17
1.605302572250366211e+00 1.048632082656744159e-16 2.542381798892970763e-17
1.606651306152343750e+00 1.481805658324879412e-16 1.893037407977208551e-17
1.607989072799682617e+00 4.573507414840801669e-17 2.125310716598833785e-17
1.609339237213134766e+00 1.315564060420994241e-16 2.796329059360832940e-17
1.610692143440246582e+00 1.717918607001077793e-16 3.694872197720035418e-17
1.612045645713806152e+00 1.421878342004433680e-16 3.472534651744152131e-17
1.613402485847473145e+00 1.231613830925232483e-16 2.233211298986578417e-17
1.614759922027587891e+00 1.640393519456933929e-16 5.518489796277711206e-17
1.616142630577087402e+00 9.081795277976492339e-17 3.540080566204007264e-17
1.617481231689453125e+00 1.167278899254410194e-16 2.437903759007725539e-17
1.618843197822570801e+00 1.712999198462102426e-16 2.011432265360290933e-17
1.620206594467163086e+00 1.232711267987518836e-16 1.438312071582922689e-17
1.621572852134704590e+00 9.295606907942669059e-17 3.181408104283869019e-17
1.622941374778747559e+00 1.107643610777420183e-16 3.228035613668993147e-17
1.624311327934265137e+00 9.967752697879577991e-17 1.394252461691408181e-17
1.625683188438415527e+00 1.684479334430254117e-16 2.885305569130711914e-17
1.627056479454040527e+00 8.816503897151955430e-17 3.329822504149358351e-17
1.628431320190429688e+00 8.925028008285442534e-17 1.969318018833378635e-17
1.629808545112609863e+00 1.056909182738194775e-16 1.572602362489069073e-17
1.631183743476867676e+00 1.184773173639865691e-16 4.078237986158351667e-17
1.632564067840576172e+00 1.106416935016228545e-16 3.785947761012328956e-17
1.633945941925048828e+00 1.301413977990417128e-16 2.386139127146402088e-17
1.635329723358154297e+00 1.116005347979147225e-16 3.478756704311776005e-17
1.636714577674865723e+00 1.268627317835673289e-16 1.848618139955355986e-17
1.638102173805236816e+00 1.392361890770581483e-16 1.425355610776259596e-17
1.639490008354187012e+00 1.249465050288616863e-16 1.330125863729663497e-17
1.640880107879638672e+00 1.179920601294384610e-16 8.853992384257348687e-18
1.642271876335144043e+00 1.793681204270442670e-16 1.965860734745152001e-17
1.643664836883544922e+00 9.878598509714122625e-17 2.405983024605426712e-17
1.645060300827026367e+00 1.296766943483543223e-16 2.304451732934340393e-17
1.646456241607666016e+00 9.147713631863088135e-17 1.380533174923848685e-17
1.647856116294860840e+00 1.218548347713834900e-16 2.690747560538441977e-17
1.649256229400634766e+00 1.985897464548574986e-16 2.664987005593948057e-17
1.650658726692199707e+00 1.367674189080568840e-16 1.215216828165940828e-17
1.652062058448791504e+00 1.370842224652197932e-16 1.803253735365600331e-17
1.653467893600463867e+00 1.485024383524445753e-16 2.339129294882155951e-17
1.654875040054321289e+00 1.347586273340841074e-16 2.151887037063427501e-17
1.656283974647521973e+00 1.278290772623762780e-16 1.060404765288782615e-17
1.657693624496459961e+00 1.143000288008141777e-16 1.385210964005897312e-17
1.659105658531188965e+00 1.124680950592501388e-16 1.333116617952410224e-17
1.660519242286682129e+00 1.085751183987795736e-16 5.323341925190629704e-18
1.661935210227966309e+00 9.894140902551748994e-17 4.222836022831705094e-18
1.663357853889465332e+00 1.200258788800246420e-16 1.269738287572781010e-17
1.664767980575561523e+00 1.226334036336980014e-16 2.296342715953360552e-17
1.666186690330505371e+00 1.072955096958294423e-16 1.912060742268580570e-17
1.667609691619873047e+00 8.007705223043326158e-17 1.779695300647845082e-17
1.669033765792846680e+00 1.092518712538561578e-16 2.943139721454704461e-17
1.670459866523742676e+00 9.791600285097225471e-17 4.082826522452305822e-17
1.671887278556823730e+00 1.413166740490821209e-16 4.460913905965798690e-17
1.673316597938537598e+00 1.334530319250100102e-16 2.894987221892277572e-17
1.674747586250305176e+00 1.582905260977886556e-16 1.657570685882761097e-17
1.676180481910705566e+00 1.456473417501565450e-16 2.401781443402024863e-17
1.677613854408264160e+00 1.328130455938001829e-16 2.040264803663684287e-17
1.679025769233703613e+00 1.448402781701008070e-16 1.360047798899789189e-17
1.680483222007751465e+00 1.251454386574582392e-16 1.769641747482875583e-17
1.681920289993286133e+00 1.165577157123817102e-16 1.699834652100545493e-17
1.683360457420349121e+00 1.358995277744764465e-16 8.177176663454210383e-18
1.684801220893859863e+00 1.235791159193074277e-16 1.235878724532719141e-17
1.686242818832397461e+00 1.423126259763755680e-16 8.230611703844523417e-18
1.687689661979675293e+00 1.504507994195866780e-16 1.369907460929176257e-17
1.689136385917663574e+00 1.345771240553552718e-16 1.317847525589171376e-17
1.690584897994995117e+00 1.323265972191699984e-16 1.353323564982284371e-17
1.692034840583801270e+00 1.136410371678503320e-16 1.844408121509706096e-17
1.693486571311950684e+00 1.487343400915350417e-16 1.718846571299464281e-17
1.694940209388732910e+00 1.007340219094832081e-16 2.349867091849829314e-17
1.696393370628356934e+00 1.462593230545477770e-16 7.412100771291664026e-18
1.697851300239562988e+00 1.056166374548122156e-16 1.595722226046048707e-17
1.699307918548583984e+00 1.663931373921048859e-16 2.419790985134651892e-17
1.700766921043395996e+00 1.447932413717485916e-16 1.872580569684282134e-17
1.702221274375915527e+00 1.633602565151220584e-16 2.834249334745978877e-17
1.703680634498596191e+00 1.551637436776688085e-16 3.152625196817228847e-17
1.705155730247497559e+00 1.270437718411531348e-16 2.241694532476677247e-17
1.706622004508972168e+00 1.209307218259290484e-16 1.698254406258324189e-17
1.708087086677551270e+00 1.701400802785128894e-16 2.557615322489869831e-17
1.709555864334106445e+00 1.474004484880667306e-16 1.182854462034599940e-17
1.711026787757873535e+00 1.387663504891280286e-16 1.435595445015176036e-17
1.712498903274536133e+00 1.521281099436074045e-16 1.839681611489578096e-17
1.713973760604858398e+00 1.393361521997239566e-16 2.327552902209476329e-17
1.715448856353759766e+00 1.155343940329801086e-16 1.516585360534733018e-17
1.716925859451293945e+00 1.571864848254916794e-16 1.629476323558010065e-17
1.718404650688171387e+00 1.009099599170507869e-16 1.754496897647642200e-17
1.719895482063293457e+00 1.154315324694479145e-16 2.597619431274159356e-17
1.721363544464111328e+00 1.149351446925772928e-16 1.268391141227177149e-17
1.722846984863281250e+00 1.160960165816791122e-16 1.738705523445637370e-17
1.724332094192504883e+00 1.122405343640143507e-16 1.213078235410246231e-17
1.725818514823913574e+00 1.306762726354532018e-16 1.990855982186911859e-17
1.727306485176086426e+00 1.213218525242135224e-16 1.399823688553075333e-17
1.728796005249023438e+00 1.021076314172438655e-16 9.510514883092723563e-18
1.730286598205566406e+00 1.124100600674734184e-16 9.797057691906605327e-18
1.731778740882873535e+00 1.196460904822994951e-16 1.752540450062831779e-17
1.733271360397338867e+00 1.078613740267096179e-16 1.892194510933017015e-17
1.734766840934753418e+00 7.505439831612147668e-17 1.817177832052827957e-17
1.736264467239379883e+00 1.055416287168659071e-16 9.392887318445845369e-18
1.737762808799743652e+00 1.208217060386394598e-16 2.106049485163291515e-17
1.739263176918029785e+00 1.125288696732156348e-16 1.743879703613279068e-17
1.740764617919921875e+00 1.222558651672389987e-16 2.207321869302648735e-17
1.742268204689025879e+00 1.475933602418038975e-16 2.032289624505815526e-17
1.743773102760314941e+00 9.811080057650604252e-17 2.457261439702691493e-17
1.745279073715209961e+00 1.119247366584763060e-16 1.050093131772696572e-17
1.746786594390869141e+00 7.596299997072932398e-17 1.341239614285742211e-17
1.748296022415161133e+00 1.162867048739297366e-16 2.098665905579520679e-17
1.749806761741638184e+00 1.179333369233920964e-16 2.003965140534652242e-17
1.751318931579589844e+00 9.932142903381415170e-17 1.515798050027705046e-17
1.752832889556884766e+00 1.097513824647197798e-16 1.239966816556078714e-17
1.754351735115051270e+00 1.132718631517454656e-16 1.116962495209544584e-17
1.755869269371032715e+00 1.041298365520298020e-16 7.390912539901118222e-18
1.757382631301879883e+00 1.030074980445831528e-16 8.227969688968029047e-18
1.758899688720703125e+00 8.411618839641949656e-17 5.568116248973646335e-18
1.760417103767395020e+00 1.099951360476269060e-16 6.141743669902632096e-18
1.761941552162170410e+00 1.098469714563064077e-16 1.644889014475588119e-17
1.763467550277709961e+00 6.422961503523203744e-17 1.029721410364801862e-17
1.764993667602539062e+00 1.277610499287999170e-16 4.702664057429321452e-17
1.766521334648132324e+00 1.387674357500916981e-16 2.344876545778174388e-17
1.768050551414489746e+00 1.551879635260043611e-16 2.192556860804699702e-17
1.769580841064453125e+00 7.644750943400368420e-17 1.042275613239580418e-17
1.771113872528076172e+00 1.559136192988950804e-16 7.973905299725429362e-18
1.772647619247436523e+00 1.030576384245936671e-16 1.341752300829402578e-17
1.774181365966796875e+00 9.535668618339848582e-17 3.809655998139017559e-18
1.775711417198181152e+00 9.928811019874051575e-17 1.348633947217476236e-17
1.777251362800598145e+00 1.048395178129308972e-16 8.517237230719660484e-18
1.778789520263671875e+00 1.076804266133524180e-16 1.332605999360281240e-17
1.780330419540405273e+00 9.350115463331953414e-17 7.993955330593102200e-18
1.781870365142822266e+00 1.047178759407712992e-16 8.232791324758600645e-18
1.783412098884582520e+00 1.289669204432246211e-16 8.629321858081820840e-18
1.784958362579345703e+00 9.845998990901162783e-17 3.144620735465675709e-17
1.786504745483398438e+00 1.259329675401679250e-16 1.417306812543873615e-17
1.788052678108215332e+00 1.400243267646986730e-16 2.040783445907755036e-17
1.789601445198059082e+00 1.192575008828567840e-16 2.272034359292264728e-17
1.791153311729431152e+00 1.230384971407223705e-16 1.691137344267917939e-17
1.792704582214355469e+00 8.166020974841075230e-17 2.167696278366663476e-17
1.794256448745727539e+00 1.069652330208492694e-16 2.407383441382478988e-17
1.795808434486389160e+00 1.200688260974283952e-16 1.550133159201923651e-17
1.797365069389343262e+00 1.371936220643136064e-16 1.939825886709535497e-17
1.798922777175903320e+00 7.745295739472923997e-17 1.992316452276435485e-17
1.800481796264648438e+00 1.107724542128552371e-16 3.779737950717770867e-17
1.802042245864868164e+00 1.191516349993397973e-16 1.889046757830007724e-17
1.803604722023010254e+00 1.520068651181418319e-16 2.971098426158996796e-17
1.805154681205749512e+00 9.419116223053166813e-17 5.566555607311942538e-17
1.806730151176452637e+00 1.142580742001454881e-16 2.840763216633711459e-17
1.808295011520385742e+00 9.325141226277752402e-17 2.147578914997128822e-17
1.809862136840820312e+00 1.287829687098826286e-16 4.225361322523768233e-17
1.811431169509887695e+00 1.258986230011347233e-16 2.376544659221399520e-17
1.813001275062561035e+00 1.354334743650293695e-16 3.424858939086800806e-17
1.814572691917419434e+00 1.180761546192330520e-16 1.968739819585204069e-17
1.816145300865173340e+00 1.286104386864387683e-16 3.259595201015851322e-17
1.817720293998718262e+00 1.110738788280695604e-16 2.924949358040173340e-17
1.819294691085815430e+00 1.354254804915896570e-16 3.693461689339509995e-17
1.820867061614990234e+00 1.368476091053602247e-16 2.830871129124312312e-17
1.822446465492248535e+00 1.365940021469963669e-16 1.254494920526592560e-17
1.824025392532348633e+00 1.233178988993080820e-16 3.039524129918363331e-17
1.825607061386108398e+00 1.621912981083519206e-16 4.606287920771788113e-17
1.827188372611999512e+00 1.468374230410488370e-16 2.911580464980091307e-17
1.828773379325866699e+00 1.275621824746523683e-16 2.087977077704110455e-17
1.830357670783996582e+00 1.637909198292416667e-16 4.783830989599964782e-17
1.831943988800048828e+00 1.095124596165899633e-16 3.548745117684377719e-17
1.833530306816101074e+00 1.105426965259125082e-16 2.444962918355253077e-17
1.835118770599365234e+00 9.135802231042324537e-17 3.100996222576364093e-17
1.836707472801208496e+00 1.342626101341279094e-16 4.425863947306211759e-17
1.838297367095947266e+00 7.367458826248912186e-17 4.257706069708061742e-17
1.839890241622924805e+00 1.070596573421334226e-16 6.325079567278578873e-17
1.841483116149902344e+00 1.971385937277536702e-16 8.706366452951744901e-17
1.843078970909118652e+00 1.286401510140416731e-16 6.580640657121532007e-17
1.844689846038818359e+00 1.224116001155255823e-16 4.273133649876665750e-17
1.846273660659790039e+00 7.433228287625248437e-17 3.883023030723592114e-17
1.847872257232666016e+00 1.251744098312322965e-16 6.100179084892761285e-17
1.849473118782043457e+00 1.313323393577710599e-16 8.482410279953217849e-17
1.851074695587158203e+00 2.244192617926587391e-17 6.920713797532292914e-17
1.852676868438720703e+00 1.300242061585776501e-17 5.024442940540614579e-17
1.854281425476074219e+00 6.422715334572907963e-17 5.290956232566014820e-17
1.855886220932006836e+00 8.897197682012218428e-17 5.869826489653484180e-17
1.857493877410888672e+00 1.991892340232767297e-16 7.249792714985489020e-17
1.859101057052612305e+00 9.794148001383888797e-17 4.250000385993762757e-17
1.860710501670837402e+00 1.547977063304467431e-16 2.201529288909062393e-17
1.862320899963378906e+00 4.039682436062765004e-17 2.016905223165186786e-17
1.863932728767395020e+00 7.341552191208241401e-17 1.923041730336344523e-17
1.865545153617858887e+00 1.243160875229778724e-16 3.547398136774896368e-17
1.867158770561218262e+00 1.109706136003984404e-16 2.683741671622362853e-17
1.868773460388183594e+00 1.070373697877087939e-16 4.756000663326740677e-17
1.870389461517333984e+00 9.945999833002903490e-17 4.595146790537433894e-17
1.872008323669433594e+00 -7.667227756749149330e-17 1.275405434298279811e-16
1.873626708984375000e+00 2.517590501103041979e-16 2.173704918336248669e-16
1.875247716903686523e+00 1.004683645839556778e-17 1.709935056775409995e-16
1.876869678497314453e+00 1.804604488218674923e-16 5.788126191423866658e-17
1.878492832183837891e+00 1.337480376186709220e-16 5.859103581936836772e-17
1.880117297172546387e+00 7.942109800467871063e-17 3.648851177160035170e-17
1.881742000579833984e+00 1.287374142191881083e-16 2.618303909671660366e-17
1.883368015289306641e+00 1.056697689199177217e-16 2.192464051139971252e-17
1.884995937347412109e+00 1.074648699631659994e-16 7.498206137155371441e-18
1.886623620986938477e+00 9.299800382776067889e-17 2.207322531047138778e-17
1.888254642486572266e+00 5.504728488735034016e-17 2.996974951825370651e-17
1.889885187149047852e+00 1.306524895384810771e-16 2.756746316380577927e-17
1.891517996788024902e+00 1.332225463191282345e-16 2.702390127660125841e-17
1.893151402473449707e+00 6.488007016427433586e-17 1.894300347336454513e-17
1.894787073135375977e+00 1.083709503712667851e-16 2.913192143685589626e-17
1.896421670913696289e+00 5.503217064319777124e-17 9.800631939333446959e-18
1.898059248924255371e+00 9.040319118574103446e-17 1.245957093116065230e-17
1.899696707725524902e+00 -1.189599210031296072e-17 5.568098133718231424e-17
1.901336669921875000e+00 -8.794590062928078110e-18 4.468323789893048712e-17
1.902976036071777344e+00 6.827914720715683888e-17 3.882383785546211134e-17
1.904618978500366211e+00 1.352114458537303360e-16 5.051149955541991672e-17
1.906262874603271484e+00 1.795516221741330306e-16 4.052379658465453979e-17
1.907905220985412598e+00 1.505049036490925464e-16 2.347130943819626409e-17
1.909551978111267090e+00 7.190461365752775494e-17 5.274659451009740090e-17
1.911196827888488770e+00 1.475508630106533731e-16 2.633575152704491852e-17
1.912843585014343262e+00 6.692437756502768930e-17 4.154378307182632758e-17
1.914493799209594727e+00 6.170993686261180963e-17 2.773902538593295253e-17
1.916142344474792480e+00 7.981871379896560040e-17 3.564005938241491037e-17
1.917793035507202148e+00 1.015546247818052141e-16 3.625977978861718849e-17
1.919443726539611816e+00 4.482195608765562986e-17 4.203255416961656100e-17
1.921097636222839355e+00 1.490274664308442330e-16 2.509450580654377157e-17
1.922752737998962402e+00 1.453889834663541825e-16 5.245863970397789111e-17
1.924408435821533203e+00 2.020967804938455224e-16 1.963717344341904596e-17
1.926065087318420410e+00 1.559982034796123028e-16 3.905887957215782905e-17
1.927723526954650879e+00 1.635781425059134263e-16 1.785316820090755458e-17
1.929391622543334961e+00 9.821264305352357129e-17 1.664828864885668894e-17
1.931041955947875977e+00 7.675792715683768400e-17 2.658120248456900353e-17
1.932701468467712402e+00 7.855122825507304630e-17 3.150622757990360478e-17
1.934364438056945801e+00 7.391409344577017570e-17 2.195895527193086232e-17
1.936026692390441895e+00 1.247804865711998434e-16 1.903841213957763645e-17
1.937690973281860352e+00 1.040087174580173375e-16 1.693398194318147874e-17
1.939357399940490723e+00 6.442989862258827693e-17 4.567245326731530228e-17
1.941023111343383789e+00 5.795953966996578470e-17 2.273052122317949973e-17
1.942690372467041016e+00 8.759239175961644388e-17 1.412656237703977983e-17
1.944357514381408691e+00 5.521012697145997940e-17 1.656875854168216554e-17
1.946026325225830078e+00 7.147698113317254090e-17 1.640279467794075117e-17
1.947696685791015625e+00 9.493491671522504764e-17 7.791624471220793971e-18
1.949367761611938477e+00 8.891179115875282599e-17 1.112142348344075582e-17
1.951041102409362793e+00 7.399363513347327484e-17 1.650530386253199768e-17
1.952714681625366211e+00 1.009214941235122263e-16 1.414268247281721323e-17
1.954389810562133789e+00 7.324208529868719559e-17 1.774688045527816584e-17
1.956065535545349121e+00 9.481277191725301736e-17 1.922110986711099857e-17
1.957741975784301758e+00 1.228268977225864056e-16 2.430352758067973971e-17
1.959419846534729004e+00 5.715454735016387944e-17 2.034120340637517887e-17
1.961097836494445801e+00 7.610141044826659699e-17 1.807737716030127784e-17
1.962778449058532715e+00 8.645805582456532554e-17 2.025698483948870491e-17
1.964458584785461426e+00 8.682828201440935946e-17 2.168019209677804178e-17
1.966140627861022949e+00 2.315076082081002108e-18 1.638885006717433223e-17
1.967823743820190430e+00 4.041802003664370882e-17 4.219940642533585732e-17
1.969507336616516113e+00 2.445309341595790285e-17 1.159693818473421441e-17
1.971191644668579102e+00 7.154539889599802692e-17 1.252955620124692631e-17
1.972877979278564453e+00 1.112745197574504228e-16 2.255373452830344155e-17
1.974565744400024414e+00 5.724897167144803265e-17 4.194677554009481203e-17
1.976253151893615723e+00 6.365371865788281873e-17 2.336000566933235379e-17
1.977941870689392090e+00 5.492052111283781378e-17 1.501974207630718848e-17
1.979632496833801270e+00 7.308597315604128779e-17 1.472494152343818984e-17
1.981323122978210449e+00 8.760137163234631955e-17 1.675684452372569808e-17
1.983015537261962891e+00 7.096885400904856664e-17 1.467147753172643745e-17
1.984706759452819824e+00 5.163112160173494180e-17 9.090393985880103572e-18
1.986400127410888672e+00 6.424196980486112946e-17 6.041636617810239581e-18
1.988079905509948730e+00 7.847489602814665291e-17 1.289378533164995078e-17
1.989790916442871094e+00 4.750916811281989769e-17 1.306248550885769056e-17
1.991486787796020508e+00 5.864580841080917900e-17 5.415522519063232831e-18
1.993182659149169922e+00 7.411198151807246162e-17 1.150286210648794602e-17
1.994879364967346191e+00 8.838275952618841161e-17 1.335044527806087566e-17
1.996579408645629883e+00 7.253018719374445828e-17 7.548060312673942419e-18
1.998280405998229980e+00 9.552480898853866358e-17 1.709413899902277085e-17
1.999982357025146484e+00 8.853758788452363712e-17 2.140578650909215059e-17
2.001684665679931641e+00 8.077623822372228396e-17 3.236287236587577130e-17
2.003388643264770508e+00 8.553358553708626097e-17 3.716724655142461303e-17
2.005093336105346680e+00 9.826507968691453282e-17 2.627754779042323728e-17
2.006798982620239258e+00 9.247324706460193855e-17 3.883397578104956125e-17
2.008504152297973633e+00 9.724275062424799485e-17 1.817058883480742831e-17
2.010210037231445312e+00 5.836958964322057158e-17 3.133408798570886950e-17
2.011916399002075195e+00 3.528422613522929914e-17 2.409560911626963578e-17
2.013625144958496094e+00 8.838885419294170232e-17 2.321614241719713122e-17
2.015330076217651367e+00 5.701961764864422956e-17 1.868448802524579760e-17
2.017043352127075195e+00 7.283490729651919283e-17 2.053524012574541789e-17
2.018756151199340820e+00 7.550516542784857380e-17 1.110034857579412978e-17
2.020451307296752930e+00 4.094491754322773639e-17 1.667478324387676241e-17
2.022167444229125977e+00 5.595021208295607369e-17 2.351194385860731902e-17
2.023893356323242188e+00 6.572293412124136894e-17 1.326064903230395663e-17
2.025608301162719727e+00 7.986088677531600396e-17 2.211250646340030596e-17
2.027323961257934570e+00 5.425030960204529885e-17 1.309777055224736506e-17
2.029040336608886719e+00 6.404633828126988821e-17 2.524366301459933352e-17
2.030758380889892578e+00 4.854219758389042162e-17 1.453053588151475217e-17
2.032477378845214844e+00 5.102054650438504996e-17 1.261515036949207596e-17
2.034194946289062500e+00 5.937803530648601952e-17 1.689547834002836041e-17
2.035912990570068359e+00 3.422555075644718114e-17 1.148254820500486877e-17
2.037633419036865234e+00 7.811789149321366659e-17 1.331943758561871286e-17
2.039355278015136719e+00 7.395720609929643950e-17 1.154555041635997012e-17
2.041078805923461914e+00 9.738448967657018125e-17 7.104679096636331290e-18
2.042802333831787109e+00 4.841736610328881911e-17 1.817082375410139337e-17
2.044527053833007812e+00 4.832293185583731525e-17 1.483320953945403052e-17
2.046252250671386719e+00 5.356618491334964199e-17 1.217893419192039915e-17
2.047976016998291016e+00 5.003978823058297695e-17 1.112216877317266609e-17
2.049700975418090820e+00 6.788742093883132667e-17 9.610475524216694192e-18
2.051427364349365234e+00 6.074525897991776748e-17 1.448004643128574046e-17
2.053157091140747070e+00 5.821789133632324672e-17 1.074429364420435433e-17
2.054885625839233398e+00 7.905324086010902859e-17 1.694286420859907315e-17
2.056616544723510742e+00 6.982097216428627992e-17 2.143574037343392083e-17
2.058346748352050781e+00 3.374875061648181514e-17 7.079536114737169461e-18
2.060078144073486328e+00 6.511594898774995723e-17 1.955124923010948765e-17
2.061812400817871094e+00 3.869186284309050088e-17 9.616248417711701773e-18
2.063541889190673828e+00 7.132391301518082823e-17 1.388599013076853258e-17
2.065272331237792969e+00 5.269953785941048426e-17 1.317990958707388071e-17
2.067017316818237305e+00 6.390556537590316374e-17 1.275641958322633223e-17
2.068752765655517578e+00 4.367542089293057947e-17 1.460257504106199535e-17
2.070479154586791992e+00 7.519472785267987272e-17 9.565282511449859525e-18
2.072234392166137695e+00 4.376067012686029451e-17 1.440977578388813566e-17
2.073963165283203125e+00 5.326344011787768407e-17 1.783072513652776583e-17
2.075692892074584961e+00 4.788469156730672119e-17 1.790806321507902371e-17
2.077431917190551758e+00 7.702150660466648116e-17 1.072425602104586979e-17
2.079171180725097656e+00 5.456212360575328816e-17 9.790454309076594507e-18
2.080910444259643555e+00 3.412163371045336937e-17 1.483667211749817750e-17
2.082649946212768555e+00 7.386955142414542027e-17 6.267641386313815461e-18
2.084392309188842773e+00 4.282838463695382892e-17 9.292923368599424527e-18
2.086134195327758789e+00 7.072553717750486844e-17 1.332804109116987690e-17
2.087877988815307617e+00 5.861806808178660066e-17 1.066259880536677966e-17
2.089622735977172852e+00 6.140064410541088195e-17 7.958838204867775963e-18
2.091367244720458984e+00 6.025318577712222238e-17 1.026162713933476226e-17
2.093112945556640625e+00 5.859257768403016656e-17 9.302538516039740921e-18
2.094858884811401367e+00 4.585313267415403501e-17 8.465105826974731021e-18
2.096605300903320312e+00 4.746678337823268055e-17 6.496889116408905487e-18
2.098351955413818359e+00 4.442153449673096023e-17 7.761910489256664111e-18
2.100098371505737305e+00 5.212504768910260569e-17 7.008745170734268800e-18
2.101848363876342773e+00 3.433301144418517007e-17 9.324622584033681654e-18
2.103596687316894531e+00 5.554482740835608588e-17 5.465720388126319592e-18
2.105347156524658203e+00 5.787428050986871903e-17 7.181873245761004939e-18
2.107098340988159180e+00 5.615185886396180056e-17 1.026318554760881216e-17
2.108850479125976562e+00 3.392843409786303402e-17 1.070254832023064068e-17
2.110602140426635742e+00 4.934251137014772695e-17 1.481780081900339272e-17
2.112354755401611328e+00 6.325959687450335295e-17 9.922739514177912352e-18
2.114109039306640625e+00 5.812298394156136254e-17 8.998718385771464068e-18
2.115862846374511719e+00 1.368345164906247354e-17 1.650237398880233486e-17
2.117616891860961914e+00 4.882066628274517328e-17 6.988859748808494014e-18
2.119372367858886719e+00 6.696905193555045322e-17 1.052038246983115017e-17
2.121128559112548828e+00 6.414182801118300972e-17 1.404811753082892600e-17
2.122885704040527344e+00 7.999444004829636560e-17 9.500445613496115557e-18
2.124642610549926758e+00 6.068172489142879453e-17 7.493666569953680426e-18
2.126400709152221680e+00 5.282023343694932163e-17 9.287767551841381506e-18
2.128159284591674805e+00 5.798657854982891807e-17 1.131696898024829156e-17
2.129903078079223633e+00 6.033546046956919672e-17 1.837943208714236653e-17
2.131678342819213867e+00 4.120581692587186175e-17 1.908606270594436616e-17
2.133438348770141602e+00 6.727946304093955260e-17 1.343280682447216807e-17
2.135199069976806641e+00 6.875671497073065409e-17 1.955337839300619915e-17
2.136975049972534180e+00 7.071852268591041876e-17 1.073193639303342465e-17
2.138722658157348633e+00 7.086959233554220331e-17 1.772538864860281308e-17
2.140485525131225586e+00 6.473762966279270449e-17 5.629852460401235279e-18
2.142248392105102539e+00 5.918935871748512412e-17 6.132451950081823936e-18
2.144009828567504883e+00 5.153826230616973892e-17 3.435006666764509467e-18
2.145774126052856445e+00 6.430540463167659605e-17 1.112592251879243173e-17
2.147539854049682617e+00 8.359907478212074620e-17 5.156012799848196565e-18
2.149306297302246094e+00 2.909649163685902498e-17 1.087406173870167331e-17
2.151072978973388672e+00 6.333521441738050053e-17 2.338356873626153934e-17
2.152840375900268555e+00 5.106555174715283509e-17 8.838974920236448469e-18
2.154608011245727539e+00 6.969555173108853965e-17 1.375644041195292760e-17
2.156377077102661133e+00 7.829918301370568856e-17 2.209292544393995068e-17
2.158144950866699219e+00 6.899117766099758468e-17 1.467856977829846710e-17
2.159913778305053711e+00 5.067470229027662908e-17 1.129469548789407618e-17
2.161682367324829102e+00 5.614269370277471301e-17 9.658729932430587615e-18
2.163452148437500000e+00 4.916410836435474016e-17 9.095680497174929972e-18
2.165221691131591797e+00 3.941225443856293269e-17 6.381166548712736915e-18
2.166993141174316406e+00 4.523771691585948284e-17 8.060266264398415663e-18
2.168764352798461914e+00 5.566666780386269665e-17 1.087501051486427164e-17
2.170536518096923828e+00 4.164780268821609592e-17 6.799381621794034730e-18
2.172309160232543945e+00 3.178866343697616076e-17 8.256055779486654549e-18
2.174081325531005859e+00 5.191460301510176481e-17 9.931486121975048066e-18
2.175854682922363281e+00 5.740897487169538990e-17 1.046012318938727465e-17
2.177629470825195312e+00 6.343840023571281541e-17 9.490531026674054967e-18
2.179403781890869141e+00 3.047588810018510329e-17 2.054594549723307917e-17
2.181198120117187500e+00 6.402884175695316656e-17 1.782228458555727474e-17
2.182955026626586914e+00 5.425036585032695245e-17 1.197250217107105301e-17
2.184731483459472656e+00 6.195470291458870073e-17 1.106459534817775026e-17
2.186508178710937500e+00 6.847824627187590243e-17 7.883934518859261648e-18
2.188283443450927734e+00 5.335351677786225857e-17 7.499425401378274604e-18
2.190059900283813477e+00 7.127976142280519783e-17 9.437383845136910386e-18
2.191839218139648438e+00 1.114856741524168342e-17 2.276055118813762485e-17
2.193581104278564453e+00 5.785881554113642762e-17 1.700318883631134036e-17
2.195395708084106445e+00 5.223050990848066651e-17 1.149751438382779070e-17
2.197175264358520508e+00 5.932777581246729756e-17 1.172715791984598735e-17
2.198955535888671875e+00 8.308398610596152566e-17 1.277727032492695640e-17
2.200734853744506836e+00 4.295427490873949931e-17 1.037304754066504253e-17
2.202515840530395508e+00 5.297592868056650271e-17 8.099666531335541477e-18
2.204296112060546875e+00 5.380743379336195762e-17 1.078030495217185039e-17
2.206076383590698242e+00 6.286589199015261390e-17 1.456784999894701924e-17
2.207857847213745117e+00 7.017198791158438232e-17 1.266193901366052541e-17
2.209640741348266602e+00 4.956607181994120864e-17 1.305984928424548406e-17
2.211423397064208984e+00 4.236589472158563030e-17 1.276440601204053172e-17
2.213206052780151367e+00 3.837428835359669229e-17 9.604402364159329863e-18
2.214989900588989258e+00 7.195705690836361689e-17 1.164212871595921142e-17
2.216773986816406250e+00 5.685005224051575931e-17 1.077118942182151603e-17
2.218558073043823242e+00 4.653194024587220100e-17 1.245373186321664048e-17
2.220340967178344727e+00 2.539812079602013527e-17 1.130593769959928438e-17
2.222125768661499023e+00 5.501812180767417062e-17 9.382359790789882985e-18
2.223910808563232422e+00 4.106411757821907789e-17 2.550749392533434680e-17
2.225695610046386719e+00 5.414754730018661111e-17 8.786413051700746411e-17
2.227481603622436523e+00 9.439877794683757765e-18 4.101414925177597460e-17
2.229268312454223633e+00 4.571417294869002678e-17 1.631343435636664759e-17
2.231054782867431641e+00 5.129100478618783810e-17 1.286611862170188966e-17
2.232841491699218750e+00 5.716135008352151554e-17 1.637881967506651422e-17
2.234629631042480469e+00 3.133840586850639631e-17 1.023285945199139306e-17
2.236417055130004883e+00 3.603795972683251838e-17 1.442021645757977997e-17
2.238204717636108398e+00 5.531023898663604724e-17 1.016023547575107489e-17
2.239992618560791016e+00 4.510405114631581400e-17 7.283396431062088238e-18
2.241780281066894531e+00 4.169525638559703801e-17 1.147526818843378957e-17
2.243568897247314453e+00 5.815909533838297752e-17 1.882537508153705438e-17
2.245357513427734375e+00 3.606931648949317855e-17 1.065347913911338253e-17
2.247147083282470703e+00 2.154638570653023892e-17 1.722374331175880434e-17
2.248936414718627930e+00 4.803468257341973659e-17 1.763523919672433391e-17
2.250726699829101562e+00 2.543294013672494242e-17 1.801552721153946285e-17
2.252530574798583984e+00 1.984933410360062809e-18 1.357549051705389003e-17
2.254307746887207031e+00 2.294521098808396275e-17 3.120706282212277636e-17
2.256095170974731445e+00 3.503146951853514579e-17 2.336995168901769140e-17
2.257886648178100586e+00 4.067294386654275111e-17 1.320784264917918390e-17
2.259679555892944336e+00 5.790120027572364476e-17 8.382606141401142253e-18
2.261470794677734375e+00 5.757906967541589409e-17 1.237391637873078628e-17
2.263262271881103516e+00 4.443952732941521368e-17 1.086206844700026697e-17
2.265054225921630859e+00 5.656319262152726974e-17 1.127386542570876584e-17
2.266845464706420898e+00 3.074193254623930848e-17 1.426640553139799469e-17
2.268638849258422852e+00 1.931094002727303227e-17 1.166721627675733220e-17
2.270430803298950195e+00 5.265691820552930206e-17 5.708394086743757810e-18
2.272223472595214844e+00 7.174403473957406078e-17 8.960450529092923349e-18
2.274016380310058594e+00 4.906870796994777437e-17 1.203669386814700562e-17
2.275809764862060547e+00 4.584664096070671885e-17 1.753654331475695686e-17
2.277602672576904297e+00 5.261893407180086703e-17 9.766138507789985705e-18
2.279396057128906250e+00 5.669587900922567580e-17 1.015912043628535341e-17
2.281189441680908203e+00 4.156077997905306719e-17 1.488146229330669884e-17
2.282983779907226562e+00 5.158147753009195929e-17 1.886842817805921437e-17
2.284776449203491211e+00 5.442119519043140373e-17 1.400773126460163698e-17
2.286571264266967773e+00 3.422618603115762186e-17 1.000120421272346745e-17
2.288365125656127930e+00 6.643948428994910448e-17 1.357489991009652716e-17
2.290159463882446289e+00 2.485785935945970099e-17 1.339578470179613221e-17
2.291953325271606445e+00 5.080298145967135262e-17 1.410111002959152317e-17
2.293763637542724609e+00 2.824143834638541048e-17 1.413473492149180374e-17
2.295542955398559570e+00 6.274153696558384193e-17 2.222385820873974433e-17
2.297337532043457031e+00 5.992083122444331628e-17 2.197515312268587571e-17
2.299146652221679688e+00 4.587233319053261589e-17 1.742177531348767448e-17
2.300927400588989258e+00 -1.004630706280353384e-18 8.228211225706894531e-18
2.302722692489624023e+00 1.490494925961952951e-17 1.590004753652082180e-17
2.304517269134521484e+00 4.342192973985247904e-17 1.190512417427554614e-17
2.306313037872314453e+00 2.830861864701451718e-17 2.424344945279001331e-17
2.308108091354370117e+00 4.504479854467741552e-17 1.053409547002605426e-17
2.309903144836425781e+00 5.412193117097706895e-17 1.064342972185147580e-17
2.311698436737060547e+00 4.952210220730033990e-17 1.704672169758878110e-17
2.313493728637695312e+00 3.715052757688369124e-17 1.079557884218264205e-17
2.315289020538330078e+00 5.910024820445601156e-17 1.011065509701525897e-17
2.317084550857543945e+00 2.953257132962963053e-17 2.583357348588642563e-17
2.318880319595336914e+00 4.504341549869322686e-17 3.039713719714760484e-17
2.320660352706909180e+00 -7.229131521722231378e-19 2.995758334580427657e-17
2.322470903396606445e+00 1.710736065393381845e-17 1.909771271769156300e-17
2.324266195297241211e+00 3.140576153142536425e-17 1.359402349867814061e-17
2.326061487197875977e+00 9.791215315240143292e-18 3.610550729565359862e-17
2.327856779098510742e+00 -1.582755839072034977e-17 1.521342145365280459e-17
2.329651832580566406e+00 1.905729005551732165e-17 1.079431077430359826e-17
2.331447601318359375e+00 1.330537386084408629e-17 1.302542450869286471e-17
2.333242654800415039e+00 4.783398332780568921e-19 1.325845452213885345e-17
2.335052490234375000e+00 3.363557907379476010e-17 1.619147650121305430e-17
2.336847782135009766e+00 4.528173946805955498e-17 1.150243776283370632e-17
2.338627815246582031e+00 2.056140053979801994e-17 1.626779053016597153e-17
2.340422630310058594e+00 4.377722697400115591e-17 1.245585771739090176e-17
2.342217445373535156e+00 1.838075888484490158e-17 1.152252749837078170e-17
2.344012022018432617e+00 3.599316293357909661e-17 1.081145491967937231e-17
2.345806837081909180e+00 8.821105006591220391e-17 3.996258100881691221e-17
2.347600698471069336e+00 7.218707929310236283e-17 2.336299013698244512e-17
2.349395513534545898e+00 4.249332685803309953e-17 1.299763372165292064e-17
2.351189374923706055e+00 8.191879964278462960e-17 3.407400465078256604e-17
2.352983713150024414e+00 6.564189027354587350e-17 2.309273368724911992e-17
2.354777574539184570e+00 1.756817304701975953e-17 1.708310937273498878e-17
2.356571435928344727e+00 5.511312184666466074e-17 1.455534302808521747e-17
2.358364820480346680e+00 4.884702687450601316e-17 1.986566058094089347e-17
2.360158920288085938e+00 9.335255163627438271e-18 3.955281227697039336e-17
2.361951828002929688e+00 -1.136124051381274215e-17 1.539039674570852486e-17
2.363743782043457031e+00 4.754997127807591344e-17 2.353098059322461440e-17
2.365536212921142578e+00 6.350668564964029295e-17 3.798895784576744009e-17
2.367328643798828125e+00 5.203257551406407762e-17 2.637008779427199470e-17
2.369120597839355469e+00 2.039853033154755390e-17 2.359601353298353344e-17
2.370913028717041016e+00 -2.684242281329079946e-17 3.114796242171708764e-17
2.372704267501831055e+00 -9.920420099740313662e-18 4.921347450331190485e-17
2.374495744705200195e+00 2.678690079621501513e-17 1.682975056855489683e-17
2.376287698745727539e+00 1.833266825839229366e-17 3.723359636271871649e-17
2.378077745437622070e+00 3.371353919216665785e-17 3.028528252599573423e-17
2.379857778549194336e+00 4.243900756156796731e-17 6.296846238610918933e-17
2.381604671478271484e+00 -1.568231540132338875e-17 3.005754315974763465e-17
2.383448123931884766e+00 -5.738145291835452556e-17 2.132338112210839287e-17
2.385237455368041992e+00 4.471848571919259674e-17 4.143709331641923807e-17
2.386991500854492188e+00 3.035494147333035607e-18 2.208809140044019079e-17
2.388815879821777344e+00 -2.980467404649017409e-17 4.493497873783242535e-17
2.390603780746459961e+00 3.747097403746428395e-17 2.278459401982209115e-17
2.392391920089721680e+00 -1.207754935257676535e-18 2.302312312998033243e-17
2.394172430038452148e+00 6.164026261243585556e-18 3.310704044087542733e-17
2.395959854125976562e+00 7.138421779055839416e-17 4.154639365383954494e-17
2.397718429565429688e+00 -1.177884678196320094e-17 2.142605243409969977e-17
2.399532556533813477e+00 5.773047019729269985e-17 3.300280244880394499e-17
2.401325225830078125e+00 6.019854553457941958e-17 3.069955442909699176e-17
2.403110027313232422e+00 3.390747334114094030e-17 3.647628604214681795e-17
2.404895305633544922e+00 1.065451973232397424e-16 2.383048284069536445e-17
2.406679391860961914e+00 1.629555402024570135e-17 1.549837193978752177e-17
2.408463478088378906e+00 1.059328123547095845e-16 3.403861455545509731e-17
2.410246849060058594e+00 6.786309521137736723e-17 4.130805644958341597e-17
2.412029266357421875e+00 6.599015316376539942e-17 1.844387938302759802e-17
2.413811206817626953e+00 1.926635598487315914e-16 1.916130636318463977e-17
2.415593147277832031e+00 1.542810559372910224e-16 3.593720581950110939e-17
2.417374849319458008e+00 1.521283911850156726e-17 3.644166026170534822e-17
2.419155120849609375e+00 1.338902597444708393e-16 3.746143499064032243e-17
2.420935630798339844e+00 3.687274047485368327e-17 3.351712681007716654e-17
2.422714948654174805e+00 4.025323573245579508e-17 4.086265277694811268e-17
2.424493789672851562e+00 -7.636435462138495343e-18 3.280638014054710304e-17
2.426271677017211914e+00 7.224140189828994526e-17 2.872068032351903302e-17
2.428048610687255859e+00 6.452740005575112740e-17 2.707579197078793494e-17
2.429825067520141602e+00 5.468066851369948766e-17 2.063748957562432275e-17
2.431599855422973633e+00 6.175959416914459299e-17 2.088695897656419036e-17
2.433375597000122070e+00 1.442404200247671521e-16 3.650513479319021735e-17
2.435146093368530273e+00 7.333224798545547561e-17 3.148468779675272393e-17
2.436908960342407227e+00 2.051841758819180446e-16 9.470796482492009854e-17
2.438698291778564453e+00 8.605310128388386532e-17 2.060302923130536361e-17
2.440470933914184570e+00 2.767590654211148120e-17 3.496339917156693203e-17
2.442242145538330078e+00 1.177626068449611515e-16 4.948668233347081925e-17
2.444011688232421875e+00 7.943588799403115876e-17 2.158677197275752794e-17
2.445781469345092773e+00 2.350349404321396734e-16 3.581132547388278964e-17
2.447550773620605469e+00 1.586605074421713738e-16 5.360428154364138423e-17
2.449319124221801758e+00 2.602507671647653724e-16 8.593592618703205363e-17
2.451087236404418945e+00 1.866030258762372716e-16 9.689718103410294159e-17
2.452853918075561523e+00 7.818669306784337722e-17 1.228284197349135032e-16
2.454619884490966797e+00 -4.112068349722790414e-17 2.859556429278671227e-17
2.456398725509643555e+00 -1.934260615548278727e-17 1.137816446370945459e-16
2.458134651184082031e+00 1.008282807946448507e-16 1.215111379181452568e-16
2.459881544113159180e+00 1.262548135903449574e-16 7.816838259780390340e-17
2.461671829223632812e+00 -2.665166669222994575e-17 4.235797033131737230e-17
2.463432312011718750e+00 -4.174624710727725685e-17 8.134590096797530306e-17
2.465192317962646484e+00 -2.360258631013087980e-17 6.550903183228005641e-17
2.466950893402099609e+00 -8.686917120644908072e-17 6.631229699896295095e-17
2.468708276748657227e+00 3.812304216870106077e-18 1.028672942394778648e-16
2.470465183258056641e+00 -2.217187089985752160e-16 6.575708675437245835e-17
2.472221612930297852e+00 -3.365973671814824876e-16 7.842680043861036967e-17
2.473976373672485352e+00 -6.745366066049831980e-17 8.723648572053692798e-17
2.475728750228881836e+00 6.794832790169483120e-17 1.513903442465489089e-16
2.477481126785278320e+00 1.214120085935369020e-16 4.085875179317931261e-17
2.479231834411621094e+00 5.057604081902273424e-16 9.347508851785676313e-17
2.480981111526489258e+00 3.081101403878830705e-16 1.856522578627239212e-16
2.482729911804199219e+00 -1.925953902400898713e-17 1.098477324624699564e-16
2.484477281570434570e+00 1.154400689733694617e-17 1.079465471600229781e-16
2.486223936080932617e+00 3.288480480355101057e-16 1.191935498953390843e-16
2.487968921661376953e+00 7.216147375180466134e-16 2.050927227933941818e-16
2.489712238311767578e+00 2.075449758199239872e-16 2.956567178902155249e-16
2.491454839706420898e+00 1.016423760716517796e-15 1.719941162860443452e-16
2.493196010589599609e+00 1.509189518825561696e-15 4.824471498060328104e-16
2.494935512542724609e+00 7.183049033370912315e-16 3.104647331625724153e-16
2.496673822402954102e+00 1.604568181543474491e-15 5.245968856899460835e-16
2.498410463333129883e+00 7.668768959666458131e-16 3.621936175865437743e-16
2.500145912170410156e+00 1.367270101425169335e-15 7.622580253052681134e-16
2.501879692077636719e+00 1.288130224976423953e-15 6.044057064087855497e-16
2.503611564636230469e+00 1.514046829261591481e-15 9.992948486989045205e-16
2.505342721939086914e+00 1.395240505772045621e-15 5.414537413128131180e-16
2.507071495056152344e+00 1.944645345360734856e-15 9.943875633189867315e-16
2.508799791336059570e+00 1.507132922829628255e-15 5.113897362181202191e-16
2.510527372360229492e+00 2.194214285906794654e-15 1.265330321497824730e-15
2.512250185012817383e+00 1.807783879325753143e-15 5.022368570087678598e-16
2.513973236083984375e+00 3.067415045517095720e-15 1.309703307110043728e-15
2.515695095062255859e+00 4.566300832055782480e-15 1.032768849620565622e-15
2.517414569854736328e+00 5.502179488664060009e-15 1.205576911629362147e-15
2.519132852554321289e+00 5.341577383183434766e-15 1.372758451406903574e-15
2.520849466323852539e+00 3.298203995073106798e-15 8.699245949889990431e-16
2.522564411163330078e+00 4.783379282811061825e-15 7.635947491751538061e-16
2.524276018142700195e+00 1.341378315930855103e-14 3.777683935525348591e-15
2.525987148284912109e+00 2.051747748749947059e-14 8.166434379858894532e-15
2.527696371078491211e+00 2.710566417585963395e-14 1.074121379270346829e-14
2.529403209686279297e+00 1.870316001953507140e-14 8.059582020595711799e-15
2.531117677688598633e+00 1.036799294963815232e-13 1.696818954875084495e-13
2.532826900482177734e+00 3.256844731511394919e-14 2.343272094645996312e-14
2.534513711929321289e+00 1.059863273669215192e-14 7.677802248411570024e-15
2.536214590072631836e+00 2.088713452414250882e-14 1.121332624058049218e-14
2.537911176681518555e+00 1.362355086869607851e-14 1.426400264451042205e-14
2.539606809616088867e+00 -1.455378278016148524e-14 1.559428313476635131e-14
2.541300296783447266e+00 -2.849065113604692945e-14 2.721126885559151110e-14
2.542991399765014648e+00 -6.674162904198727153e-14 4.681661891384018837e-14
2.544681072235107422e+00 -6.490352688886397159e-14 5.860630448821513294e-14
2.546367883682250977e+00 -6.629301328806708193e-14 4.431148509101770494e-14
2.548053026199340820e+00 -8.272999256139779156e-14 5.085946990163528469e-14
2.549736261367797852e+00 -7.938930139369040906e-14 4.764872714056386793e-14
2.551417350769042969e+00 -6.869875626485874576e-14 3.770895474672873726e-14
2.553101062774658203e+00 -3.621790232088625827e-14 3.574635907914978927e-14
2.554769992828369141e+00 -3.139785794640387318e-14 3.451908965374124449e-14
2.556444644927978516e+00 -3.057688650887069315e-14 3.110033592961490567e-14
2.558114767074584961e+00 -2.789628811695858690e-14 3.043656703082854575e-14
2.559784650802612305e+00 -3.464602939934856296e-14 3.612179796269078536e-14
2.561450242996215820e+00 -4.056971704652183319e-14 3.720976096146209888e-14
2.563114643096923828e+00 9.398781767786228841e-15 1.447618778592941330e-14
2.564775943756103516e+00 3.861223406981251216e-15 1.687912877773155990e-14
2.566434860229492188e+00 4.846919713459227341e-14 2.455419222981147787e-13
2.568091392517089844e+00 -4.973827271814550144e-14 2.290342665956651702e-13
2.569743633270263672e+00 2.642169184721536446e-14 nan
2.571396827697753906e+00 0.000000000000000000e+00 nan
2.573068857192993164e+00 0.000000000000000000e+00 nan
2.574692964553833008e+00 0.000000000000000000e+00 nan
2.576330423355102539e+00 0.000000000000000000e+00 nan
