7.975540161132812500e-01 0.000000000000000000e+00 nan
7.979594469070434570e-01 0.000000000000000000e+00 nan
7.983611822128295898e-01 -3.570812708240516395e-16 4.282408263602406314e-16
7.987586855888366699e-01 8.403917854313529973e-15 4.169145664873521442e-16
7.991542816162109375e-01 8.017178704223214269e-15 3.848377464121870107e-16
7.995448112487792969e-01 8.382829275025739657e-15 5.844819562421475073e-16
7.999323606491088867e-01 7.669708848600555184e-15 3.662050068060625305e-16
8.003175854682922363e-01 7.653089215142478557e-15 2.630113534189855440e-16
8.006976246833801270e-01 7.979490820268081430e-15 4.282190682014080365e-16
8.010752201080322266e-01 8.458396472382084808e-15 4.174114571900351981e-16
8.014499545097351074e-01 8.138747413911993217e-15 4.738221309414974904e-16
8.018203973770141602e-01 7.376039984688647494e-15 2.927172753352266874e-16
8.021890521049499512e-01 7.722864401205498802e-15 2.574875339325850311e-16
8.025537729263305664e-01 7.742457120308438023e-15 2.826614590041012440e-16
8.029152154922485352e-01 7.969825327306962609e-15 3.994908605343147710e-16
8.032740950584411621e-01 7.978518426444633493e-15 2.762318436597306637e-16
8.036301732063293457e-01 7.922775188185827988e-15 2.828600088208935723e-16
8.039826750755310059e-01 7.451424222928385716e-15 3.505443734629553817e-16
8.043330311775207520e-01 7.655318605859651876e-15 2.355731239910013744e-16
8.046796917915344238e-01 7.927198394236389944e-15 2.296993210787072253e-16
8.050244450569152832e-01 7.653672820843136770e-15 2.761179971376637654e-16
8.053658008575439453e-01 7.348447039398891406e-15 2.665929792968911496e-16
8.057048320770263672e-01 7.456093068533651419e-15 5.463700264177954839e-16
8.060406446456909180e-01 8.068550405441240331e-15 2.571176717022105205e-16
8.063748478889465332e-01 8.096964972689833090e-15 3.562427876156086873e-16
8.067049980163574219e-01 7.649067502708915139e-15 3.881070024210129914e-16
8.070344328880310059e-01 7.879222448103906373e-15 3.226352995954162280e-16
8.073601126670837402e-01 7.738858077315554501e-15 4.604327105673343412e-16
8.076830506324768066e-01 7.184248855540698031e-15 3.652061167332332952e-16
8.080044388771057129e-01 7.767715642795561259e-15 3.899655250561869348e-16
8.083233833312988281e-01 7.536418049954723974e-15 3.618363549712596714e-16
8.086394667625427246e-01 7.528052752567640504e-15 2.640886469789950055e-16
8.089531064033508301e-01 7.398588848777504223e-15 2.004102981911928079e-16
8.092655539512634277e-01 7.672266041068315917e-15 2.693352484636269469e-16
8.095749020576477051e-01 7.863669229126422910e-15 3.634751519659599290e-16
8.098819255828857422e-01 7.270863903628081021e-15 2.191725014893491875e-16
8.101873993873596191e-01 6.801887595238266179e-15 3.083709206565189882e-16
8.104901909828186035e-01 7.250153948067713378e-15 2.096000233337507292e-16
8.107912540435791016e-01 7.294448689011429759e-15 3.833791821467947072e-16
8.110898733139038086e-01 7.318971986900336263e-15 1.838007364842546266e-16
8.113873004913330078e-01 7.442618468408730009e-15 3.723544395333491493e-16
8.116815686225891113e-01 6.935680684421819189e-15 3.147006390526727645e-16
8.119751214981079102e-01 6.900068031187459386e-15 4.394891856717613246e-16
8.122656941413879395e-01 6.882744513350214435e-15 3.619077969064046513e-16
8.125550150871276855e-01 7.600687521860591267e-15 2.636169290367131653e-16
8.128424286842346191e-01 7.178095161178895539e-15 3.691736984675112430e-16
8.131276369094848633e-01 7.583484282701856427e-15 2.837118857378149832e-16
8.134114146232604980e-01 7.363396323884982553e-15 2.607252909036849925e-16
8.136935234069824219e-01 6.634934013202654565e-15 2.261660554881339200e-16
8.139733672142028809e-01 7.206693534577042481e-15 2.124053038108283660e-16
8.142522573471069336e-01 7.094681050599186550e-15 3.321550234802685044e-16
8.145285844802856445e-01 7.232862617482464090e-15 1.958451744172963536e-16
8.148044347763061523e-01 6.727144137423125836e-15 2.612676037481645583e-16
8.150774836540222168e-01 7.453884853640159458e-15 2.119739522824391135e-16
8.153499960899353027e-01 7.324753833798294117e-15 4.399990200966696083e-16
8.156200051307678223e-01 7.457733771352482999e-15 3.722399842063514120e-16
8.158897161483764648e-01 6.513968814488794307e-15 3.367155547474040642e-16
8.161568641662597656e-01 7.371047572497530648e-15 1.929514848763490492e-16
8.164222240447998047e-01 6.946767922184904354e-15 3.444752235772007096e-16
8.166878223419189453e-01 7.361304152505264431e-15 2.057203874421994192e-16
8.169502615928649902e-01 6.946615032737924952e-15 1.991607260706457021e-16
8.172126412391662598e-01 7.338236057219740816e-15 2.854052634180539397e-16
8.174727559089660645e-01 7.340455283541547082e-15 2.259361919220727842e-16
8.177323341369628906e-01 7.023760252475004864e-15 3.449224834431305819e-16
8.179897069931030273e-01 7.142333430145818979e-15 2.255065344595780404e-16
8.182469606399536133e-01 7.016574871983446635e-15 2.527013477943450053e-16
8.185017108917236328e-01 7.146320414228544970e-15 1.998753439454425138e-16
8.187558650970458984e-01 6.669877086892209844e-15 2.615866440017038108e-16
8.190089464187622070e-01 7.041034642401309065e-15 1.467902274240190114e-16
8.192607164382934570e-01 6.478683539488548290e-15 2.595191953961336739e-16
8.195111155509948730e-01 6.531885678905590895e-15 3.003979054031326659e-16
8.197607994079589844e-01 7.218397835842202404e-15 1.889123685626975155e-16
8.200088739395141602e-01 7.103776913903276855e-15 1.671067891199462356e-16
8.202564716339111328e-01 7.141394917640261214e-15 2.894161761815398654e-16
8.205025196075439453e-01 7.333208069644839289e-15 2.708477581398475087e-16
8.207479715347290039e-01 7.345446848699716674e-15 3.055222694455639711e-16
8.209920525550842285e-01 7.169786614999278107e-15 2.764367462236273993e-16
8.212351202964782715e-01 6.999400008428444814e-15 2.754175538298436624e-16
8.214775919914245605e-01 7.368759736506996783e-15 2.580873920779186859e-16
8.217185139656066895e-01 7.501793884169809939e-15 2.134361296727470486e-16
8.219577074050903320e-01 6.889495789456304836e-15 2.646148926672563413e-16
8.221983909606933594e-01 7.166694944741799911e-15 2.531253671937845878e-16
8.224373459815979004e-01 6.861178630996646322e-15 2.342577082936950477e-16
8.226749300956726074e-01 7.110177518369203975e-15 3.062499766263738219e-16
8.229117393493652344e-01 6.605074831262519597e-15 1.937738876936839706e-16
8.231478333473205566e-01 6.649023135730808970e-15 2.328392986839585184e-16
8.233832716941833496e-01 6.409957403730702497e-15 2.123374617657092169e-16
8.236176371574401855e-01 6.731328903699035707e-15 2.477153412898917698e-16
8.238512277603149414e-01 6.806113866128591511e-15 1.751645341378375896e-16
8.240844011306762695e-01 6.702921112714020982e-15 2.689670008898081398e-16
8.243167400360107422e-01 6.894591539666986707e-15 1.464755811538936405e-16
8.245479464530944824e-01 7.092834095257698548e-15 2.403161643884906343e-16
8.247789740562438965e-01 6.352327399581888037e-15 3.837869491015588478e-16
8.250091671943664551e-01 6.817713982341239154e-15 4.812073053294893283e-16
8.252386450767517090e-01 7.095707654531258762e-15 1.876233829403234831e-16
8.254675865173339844e-01 6.894367499452437945e-15 2.954692589110763075e-16
8.256958127021789551e-01 7.436507125694290232e-15 3.045595635614502554e-16
8.259247541427612305e-01 6.847019204733869810e-15 2.554451257385180994e-16
8.261505961418151855e-01 7.256986115820266564e-15 3.093650991085791216e-16
8.263770341873168945e-01 6.896430871711949420e-15 3.522572593707607889e-16
8.266031146049499512e-01 7.317351612872238786e-15 3.057076902516738578e-16
8.268284201622009277e-01 7.021444464397211607e-15 3.931622803386838677e-16
8.270530700683593750e-01 7.768399198383995480e-15 4.274817789603823715e-16
8.272779583930969238e-01 7.039783151221740837e-15 3.743001271527514806e-16
8.275015354156494141e-01 7.128739398375334713e-15 2.886700460341272336e-16
8.277249932289123535e-01 7.025682593748798499e-15 2.690939499527778781e-16
8.279478549957275391e-01 7.108734174227082647e-15 2.689343901213388493e-16
8.281708359718322754e-01 6.504270287242732568e-15 3.608711609278633962e-16
8.283923268318176270e-01 7.005132727415461918e-15 2.487107108820339795e-16
8.286143541336059570e-01 7.045969456352012619e-15 2.163188871947188522e-16
8.288352489471435547e-01 7.547805560897610788e-15 2.480373726285260141e-16
8.290565013885498047e-01 6.811477278750605741e-15 2.481081792889605533e-16
8.292766809463500977e-01 6.329699337912463031e-15 2.168964577856278783e-16
8.294969201087951660e-01 6.980058434594366493e-15 2.173328650419210548e-16
8.297168612480163574e-01 7.156027411804079252e-15 1.998754021789576375e-15
8.299360871315002441e-01 6.984553638445445065e-15 2.184338093500046325e-16
8.301552534103393555e-01 7.038048004229290402e-15 1.780424873948116852e-16
8.303740620613098145e-01 7.016872180547932894e-15 3.242142219486574472e-16
8.305925726890563965e-01 6.850644082231644588e-15 2.649888577134691149e-16
8.308107852935791016e-01 6.935639603323877356e-15 2.295636369884689271e-16
8.310287594795227051e-01 6.552202187661958915e-15 2.003667951084174190e-16
8.312462568283081055e-01 6.379231707085526379e-15 2.505701864292735840e-16
8.314639329910278320e-01 6.400755237791731778e-15 2.258657293687730671e-16
8.316808342933654785e-01 6.667747222546338906e-15 1.961760334274277639e-16
8.318979740142822266e-01 6.202950174718276782e-15 1.335632388523816752e-16
8.321146965026855469e-01 6.054224741707577712e-15 1.750558095181236197e-16
8.323309421539306641e-01 6.441568673322232985e-15 1.130957464731655753e-16
8.325476050376892090e-01 5.899208818514094579e-15 1.399294326048265897e-16
8.327634334564208984e-01 5.998762718387260634e-15 3.084279100920014416e-16
8.329797387123107910e-01 5.855559093159712347e-15 1.434922252345455880e-16
8.331953883171081543e-01 5.708207547589459752e-15 1.656231050337119218e-16
8.334110379219055176e-01 5.963426197893705732e-15 2.505721187231845079e-16
8.336264491081237793e-01 5.938058831672860319e-15 1.667020397200566885e-16
8.338420391082763672e-01 5.786766465315507091e-15 1.949389550428526591e-16
8.340571522712707520e-01 5.637302419574802270e-15 1.903038187019097166e-16
8.342720866203308105e-01 5.579068480934595495e-15 1.390163178527966531e-16
8.344873189926147461e-01 5.484453206660395638e-15 3.597378837839963458e-16
8.347024917602539062e-01 5.205666711631746005e-15 1.641590615239420670e-16
8.349168896675109863e-01 5.028436502363571592e-15 2.911075950980882964e-16
8.351317048072814941e-01 5.208793957273008882e-15 2.504581927917788045e-16
8.353467583656311035e-01 5.245215103455522915e-15 2.269614194256057080e-16
8.355612158775329590e-01 4.936275929570514698e-15 2.672099633896271023e-16
8.357756137847900391e-01 4.932236005928585312e-15 2.461819734273450709e-16
8.359904885292053223e-01 4.546895730750660086e-15 2.693775471714304585e-16
8.362045288085937500e-01 4.715281221983605095e-15 2.365330240784773103e-16
8.364196419715881348e-01 4.712907412148924918e-15 1.503743679309867782e-16
8.366339206695556641e-01 4.845754789046868502e-15 1.668651200321827430e-16
8.368478417396545410e-01 4.514518319858338083e-15 1.844915580271895127e-16
8.370628952980041504e-01 4.711592817014786244e-15 2.127110032954483633e-16
8.372768163681030273e-01 4.461256888134987678e-15 1.585444771632873355e-16
8.374917507171630859e-01 4.476530162723403594e-15 1.589141011656454308e-16
8.377058506011962891e-01 4.758455761854577665e-15 1.818289099574956196e-16
8.379206061363220215e-01 4.430113604246815190e-15 2.683453845856418902e-16
8.381350636482238770e-01 4.502961402326000409e-15 1.489143875323857840e-16
8.383495807647705078e-01 3.994775091774836751e-15 3.102508573433907044e-16
8.385642170906066895e-01 4.445502498832531318e-15 1.770394812712543860e-16
8.387787938117980957e-01 4.396846808759876171e-15 2.498073273811526798e-16
8.389936089515686035e-01 4.533636276994341269e-15 1.755192821240595313e-16
8.392082452774047852e-01 4.754330711401449222e-15 1.552776696090745119e-16
8.394232392311096191e-01 5.173462518977137506e-15 1.749202048372241265e-16
8.396382331848144531e-01 4.972254077521614732e-15 1.730177556028011671e-16
8.398529887199401855e-01 4.832526251993124466e-15 2.601137066459877859e-16
8.400682806968688965e-01 4.684579242260952098e-15 1.313271248111895257e-16
8.402836918830871582e-01 5.098098609528133388e-15 2.234898284215043563e-16
8.404986858367919922e-01 4.971219003260069977e-15 1.745901663902603689e-16
8.407144546508789062e-01 4.914540640627495724e-15 2.417634260579930132e-16
8.409295678138732910e-01 5.207680108947369477e-15 2.445479145231935171e-16
8.411454558372497559e-01 5.148151056930810876e-15 1.530937672081467095e-16
8.413612246513366699e-01 5.220655806666358104e-15 1.269653418841933069e-16
8.415770530700683594e-01 5.136279043142094602e-15 8.838874169637839511e-17
8.417931795120239258e-01 5.383883290766998050e-15 1.924279788102764891e-16
8.420093059539794922e-01 5.654874541582066358e-15 2.792619187400757113e-16
8.422255516052246094e-01 5.317918058900727649e-15 1.592215873603885427e-16
8.424421548843383789e-01 5.440181335606255122e-15 1.579520040864625541e-16
8.426584601402282715e-01 5.707447335519299017e-15 2.077834420643556745e-16
8.428758382797241211e-01 5.842259405338398950e-15 1.615685965432220013e-16
8.430922627449035645e-01 6.040244886429619112e-15 1.541405014076060120e-16
8.433096408843994141e-01 5.916097808449398074e-15 1.374057773478212069e-16
8.435267806053161621e-01 5.937086437849412382e-15 1.530205120930990133e-16
8.437442779541015625e-01 6.056373240778288244e-15 1.829702868539207893e-16
8.439619541168212891e-01 6.282401441654256527e-15 2.109441587419248971e-16
8.441797494888305664e-01 6.420320004807411607e-15 1.591763902117186453e-16
8.443978428840637207e-01 6.693866754024346138e-15 1.655244786349159992e-16
8.446159958839416504e-01 6.756622154536996369e-15 1.893568888064386122e-16
8.448343873023986816e-01 6.316246337127696606e-15 3.284746917942281711e-16
8.450530171394348145e-01 6.190306090398138214e-15 2.071361368390859780e-16
8.452717661857604980e-01 6.472929221161376201e-15 1.766253880391654399e-16
8.454908728599548340e-01 6.509985218537857332e-15 1.680339460900548724e-16
8.457099199295043945e-01 6.506031268740074258e-15 1.553961086379023046e-16
8.459295630455017090e-01 6.484867727036451937e-15 1.722469423859099530e-16
8.461510539054870605e-01 6.351034403787904348e-15 2.742466631291626007e-16
8.463687300682067871e-01 6.221742871202534317e-15 2.160018586444293286e-16
8.465893268585205078e-01 6.470649431983841252e-15 2.427691453339594864e-16
8.468093872070312500e-01 6.513792631635765412e-15 1.271018200678196560e-16
8.470300436019897461e-01 6.151358668450438230e-15 1.933455272503897099e-16
8.472508192062377930e-01 6.149691707610241767e-15 2.156128058238435878e-16
8.474718332290649414e-01 6.271760590254374379e-15 1.847030250964274692e-16
8.476930260658264160e-01 5.906490760761639799e-15 2.564994699996128898e-16
8.479148149490356445e-01 6.047988038116944298e-15 5.762192424859104135e-17
8.481363058090209961e-01 6.011713005117831632e-15 1.237522944523515296e-16
8.483583927154541016e-01 6.258903900664474981e-15 1.719509440755139775e-16
8.485807180404663086e-01 6.006948868305999820e-15 1.501192257254060219e-16
8.488030433654785156e-01 5.858947224948729549e-15 9.956068937163388985e-17
8.490259647369384766e-01 5.780318003488060102e-15 1.844501460570026580e-16
8.492490053176879883e-01 5.819928652233460203e-15 1.096763141697693674e-16
8.494720458984375000e-01 6.007817924109882732e-15 1.398254593105511243e-16
8.496957421302795410e-01 5.606394187329492851e-15 1.742966297693673513e-16
8.499198555946350098e-01 5.641402906072460338e-15 1.582196532629051122e-16
8.501434326171875000e-01 5.968387269865774170e-15 1.646014906550946296e-16
8.503679633140563965e-01 6.067828514356955402e-15 1.871336126083532857e-16
8.505927324295043945e-01 5.751041156699162465e-15 2.294691134055112675e-16
8.508175611495971680e-01 5.839550170456606071e-15 2.376300640940696377e-16
8.510424494743347168e-01 6.308261781050403944e-15 2.026072104887948443e-16
8.512682318687438965e-01 6.243052526089558005e-15 1.764832453227043276e-16
8.514941930770874023e-01 6.323633311460701359e-15 1.485027956944691982e-16
8.517196178436279297e-01 6.190736806651817026e-15 8.892421872027582268e-17
8.519461750984191895e-01 6.250124827682657785e-15 1.325621253180658972e-16
8.521729111671447754e-01 6.029385924045818981e-15 1.964603717999091918e-16
8.523995876312255859e-01 6.365091339064063089e-15 1.105597099767514988e-16
8.526266217231750488e-01 6.421853134441941890e-15 1.587139234574075982e-16
8.528541922569274902e-01 6.316496211847136624e-15 1.691675144014975415e-16
8.530820012092590332e-01 6.370350990150038667e-15 2.144342785917474365e-16
8.533098101615905762e-01 6.520362219174669766e-15 1.526542365178605327e-16
8.535383939743041992e-01 6.597719620665036880e-15 1.688276424314117535e-16
8.537666201591491699e-01 6.753065886707949189e-15 1.482796554524268935e-16
8.539959192276000977e-01 6.748625316481968520e-15 1.898089397024763916e-16
8.542249202728271484e-01 7.091593615506444626e-15 2.192829201749576661e-16
8.544545173645019531e-01 7.316473239705936077e-15 1.639592014530594547e-16
8.546844720840454102e-01 6.949494097725642319e-15 1.805129913343768606e-16
8.549142479896545410e-01 7.535133100973739201e-15 2.667732649657583071e-16
8.551446795463562012e-01 7.196689228437021940e-15 1.837353693635282361e-16
8.553761243820190430e-01 7.516106199879565852e-15 1.415693280953803177e-16
8.556076884269714355e-01 7.409748507857579630e-15 8.810398642486824044e-17
8.558382391929626465e-01 7.532158321262982098e-15 1.328537164101581901e-16
8.560695648193359375e-01 7.724977748408898282e-15 2.311565883248990457e-16
8.563013672828674316e-01 7.455590777995929619e-15 9.572957258609249027e-17
8.565337657928466797e-01 7.632580853423557438e-15 2.014570853302113137e-16
8.567660450935363770e-01 7.751051116591280155e-15 1.733749255738566641e-16
8.569995164871215820e-01 7.678631493666931984e-15 1.463922675225972996e-16
8.572321534156799316e-01 7.933586716724581878e-15 1.845846390071588798e-16
8.574661016464233398e-01 7.835089490453115563e-15 1.919973022612670799e-16
8.576995134353637695e-01 7.691939228301244297e-15 1.802360247955145053e-16
8.579336404800415039e-01 8.125299918841383945e-15 1.768563765708596478e-16
8.581683039665222168e-01 8.109335041851534892e-15 1.478708826460378885e-16
8.584028482437133789e-01 8.287643100545090402e-15 2.322125737123291412e-16
8.586381673812866211e-01 8.059864082567147481e-15 1.035569577295551767e-16
8.588734269142150879e-01 8.229629813987643372e-15 1.876338649730457551e-16
8.591089248657226562e-01 8.533731582710882280e-15 1.601546338564585571e-16
8.593451976776123047e-01 8.664704899213025724e-15 1.873292639842792282e-16
8.595817089080810547e-01 9.161226295531076785e-15 2.288577409060508746e-16
8.598178625106811523e-01 8.756920529147654148e-15 1.829785057204871162e-16
8.600553870201110840e-01 8.627581139200764249e-15 2.323975445321857991e-16
8.602920174598693848e-01 8.848502578437736354e-15 1.553721005478035655e-16
8.605301380157470703e-01 8.745204369421232665e-15 1.947118708036497015e-16
8.607680201530456543e-01 8.993545959226720982e-15 3.237546271654331842e-16
8.610063195228576660e-01 9.021684393734508839e-15 1.812617419899700604e-16
8.612446784973144531e-01 9.102382916685320541e-15 2.590833175354325313e-16
8.614837527275085449e-01 9.136077040294149354e-15 1.773282136271496956e-16
8.617229461669921875e-01 9.147537396070500038e-15 2.221472812001062903e-16
8.619623780250549316e-01 9.491948615720623844e-15 9.876689376860350237e-17
8.622022867202758789e-01 9.384407618671323364e-15 3.996694786070670215e-16
8.624427914619445801e-01 9.603642615310312158e-15 1.407700731003070803e-16
8.626829981803894043e-01 9.624390687353306245e-15 1.077024230002014281e-16
8.629236817359924316e-01 9.441794947880749467e-15 1.166708475503993626e-16
8.631653785705566406e-01 9.629752405909425966e-15 2.813856420970790558e-16
8.634065389633178711e-01 9.608737518488046775e-15 1.500542291815940552e-16
8.636482954025268555e-01 9.857118071809108789e-15 2.203147915931706158e-16
8.638905286788940430e-01 1.008891710815472062e-14 1.972214441379069815e-16
8.641331195831298828e-01 9.879637289744811618e-15 2.052851448562087173e-16
8.643756508827209473e-01 9.860955978093118024e-15 2.121627876901176191e-16
8.646189570426940918e-01 1.016769794851294859e-14 1.881735043697855495e-16
8.648623228073120117e-01 9.685924242839542148e-15 4.207243883352039786e-16
8.651059865951538086e-01 1.023694543304982940e-14 4.797721668190445266e-15
8.653501868247985840e-01 1.023417309421346608e-14 1.488123809427347247e-15
8.655945658683776855e-01 9.977945627669040224e-15 8.800155102478763366e-16
8.658390045166015625e-01 1.041075659382641183e-14 3.055695709417122034e-16
8.660845756530761719e-01 1.039094788132192276e-14 2.184806608598996360e-16
8.663296699523925781e-01 1.039743361259904894e-14 2.753040778846911878e-16
8.665754199028015137e-01 1.047322612071936374e-14 2.120905119569151858e-16
8.668217658996582031e-01 1.059098402917844559e-14 1.566388118506427700e-16
8.670674562454223633e-01 1.021970238334257361e-14 2.848622094197455264e-16
8.673145174980163574e-01 9.994106169269705020e-15 3.939735790834758772e-16
8.675618171691894531e-01 1.033357833980438900e-14 2.567201485521522367e-16
8.678086996078491211e-01 1.060620521124060536e-14 2.313187686645186425e-16
8.680562973022460938e-01 1.053396685336696961e-14 2.647292950546948753e-16
8.683047294616699219e-01 1.036611456937432119e-14 1.763025229024737421e-16
8.685527443885803223e-01 1.056425082233015261e-14 2.081276286085165391e-16
8.688014149665832520e-01 1.088904137079007781e-14 1.754093795991532858e-16
8.690503239631652832e-01 1.116928899765274111e-14 2.563668299340287867e-16
8.692997694015502930e-01 1.098793500848085913e-14 2.551511788360412555e-16
8.695491552352905273e-01 1.119535220143975593e-14 1.802743000968185590e-16
8.697993755340576172e-01 1.126241434097272065e-14 2.050868200325430034e-16
8.700491189956665039e-01 1.109503724246348189e-14 2.520957986463969857e-16
8.702999353408813477e-01 1.101942854049272127e-14 2.495589614391499579e-16
8.705509901046752930e-01 1.146186942422742702e-14 1.192155198124084927e-16
8.708019256591796875e-01 1.129302102948880754e-14 1.395050293935827827e-16
8.710538744926452637e-01 1.158113505133262153e-14 1.919016007731171448e-16
8.713053464889526367e-01 1.160424465123256060e-14 2.025316922075912031e-16
8.715576529502868652e-01 1.158402173961686418e-14 2.070491042037555986e-16
8.718103170394897461e-01 1.123398960932876084e-14 3.075619777221115297e-16
8.720607757568359375e-01 1.162496561822124255e-14 2.179020579475861438e-16
8.723161816596984863e-01 1.188963461511800476e-14 2.203273647384814218e-16
8.725697994232177734e-01 1.178601199248270268e-14 1.685279912914307439e-16
8.728231787681579590e-01 1.143311689083287980e-14 1.329460959409681123e-16
8.730776309967041016e-01 1.183407518300875344e-14 2.145401180054848215e-16
8.733322024345397949e-01 1.181354395140025645e-14 2.017010705236899548e-16
8.735865950584411621e-01 1.172955385841641454e-14 1.634034022558728243e-16
8.738417625427246094e-01 1.191611710021391046e-14 1.666902606681339334e-16
8.740973472595214844e-01 1.182799772161220384e-14 2.662282257339797665e-16
8.743528723716735840e-01 1.189670141099694739e-14 2.399073915821016293e-16
8.746089935302734375e-01 1.207657393954408159e-14 3.119903189099162153e-16
8.748653531074523926e-01 1.233024506065369397e-14 1.625860816362214288e-16
8.751218914985656738e-01 1.195032960798645891e-14 1.756798875117928272e-16
8.753790855407714844e-01 1.205129254716738249e-14 2.018909382527729265e-16
8.756362199783325195e-01 1.198011467454370912e-14 1.726666604461642596e-16
8.758939504623413086e-01 1.218936061163572795e-14 2.281216428051072859e-16
8.761519193649291992e-01 1.217949437186610986e-14 2.344291795259548401e-16
8.764100074768066406e-01 1.206508309058162975e-14 3.189812524005203797e-16
8.766688704490661621e-01 1.229704899241785068e-14 2.468641261174604013e-16
8.769276738166809082e-01 1.235234076211576965e-14 1.805825142105007175e-16
8.771869540214538574e-01 1.224543080461217362e-14 2.290049128806363092e-16
8.774462938308715820e-01 1.257622766370107906e-14 1.580364162136123655e-16
8.777066469192504883e-01 1.259484968304646485e-14 1.624036916198759364e-16
8.779666423797607422e-01 1.277956469895305189e-14 2.415017987564098412e-16
8.782265782356262207e-01 1.223679699778081054e-14 3.074449018869332244e-16
8.784881234169006348e-01 1.277669833945954334e-14 2.204448111505741509e-16
8.787491321563720703e-01 1.296374947223465773e-14 2.592267572710941267e-16
8.790103197097778320e-01 1.297157859776612923e-14 2.562337134124118530e-16
8.792722225189208984e-01 1.289450283473072417e-14 2.705673902343063352e-16
8.795344233512878418e-01 1.307266774485619371e-14 1.635952816882055251e-16
8.797965645790100098e-01 1.298495240097032738e-14 2.053558853421942523e-16
8.800596594810485840e-01 1.317931003994845737e-14 2.222881004275873177e-16
8.803223967552185059e-01 1.318891624060326839e-14 2.231532387040891787e-16
8.805855512619018555e-01 1.308921961567848999e-14 1.412836662339188049e-16
8.808497786521911621e-01 1.329369252211273084e-14 2.080138747306782467e-16
8.811132907867431641e-01 1.315261071441805457e-14 2.352427017322333922e-16
8.813777565956115723e-01 1.321868521353452078e-14 1.693252081134746507e-16
8.816421031951904297e-01 1.322999903261099647e-14 2.095567981836611582e-16
8.819074630737304688e-01 1.334235371789954314e-14 2.972713479761394332e-16
8.821722269058227539e-01 1.350143836385516230e-14 1.977590056569480427e-16
8.824379444122314453e-01 1.314451900867293424e-14 1.743244495077287347e-16
8.827039003372192383e-01 1.303726092062801670e-14 2.540162605658388998e-16
8.829700946807861328e-01 1.276818989350437389e-14 2.221505369829972990e-16
8.832364678382873535e-01 1.313598430469639991e-14 2.610633099891986617e-16
8.835034370422363281e-01 1.326594626385952172e-14 1.251666012462497959e-16
8.837702274322509766e-01 1.291280806375383686e-14 2.547590290512421161e-16
8.840380907058715820e-01 1.325917931764390711e-14 2.103347185363754280e-16
8.843059539794921875e-01 1.320105761086921153e-14 2.277967527302760583e-16
8.845734596252441406e-01 1.307686225201099700e-14 2.118273361732253145e-16
8.848421573638916016e-01 1.295697829085430686e-14 2.310513180114230972e-16
8.851106166839599609e-01 1.316450390403045220e-14 2.520290683320211078e-16
8.853797912597656250e-01 1.264134586262009516e-14 2.156610734669472821e-16
8.856490254402160645e-01 1.290912347043328065e-14 5.460648298589879188e-16
8.859187364578247070e-01 1.307100840731252253e-14 2.719247605322813515e-16
8.861885070800781250e-01 1.300211244144875225e-14 3.379853100748974638e-16
8.864588737487792969e-01 1.272301000313077676e-14 2.009841100733983929e-16
8.867292404174804688e-01 1.307050611677480073e-14 1.750273280352721938e-16
8.870004415512084961e-01 1.333473719763783247e-14 1.870691454601333529e-16
8.872714042663574219e-01 1.352957341023116114e-14 2.215136079113314677e-16
8.875427246093750000e-01 1.285841076084821843e-14 2.226894616956878476e-16
8.878148198127746582e-01 1.294897382950275372e-14 2.561659507766315090e-16
8.880869150161743164e-01 1.296376810695949733e-14 2.360826937181136412e-16
8.883590698242187500e-01 1.298820077232304762e-14 1.634377335600162252e-16
8.886318206787109375e-01 1.307332250132442128e-14 1.575098264182162077e-16
8.889052867889404297e-01 1.298181922609843372e-14 2.134596480719231563e-16
8.891783356666564941e-01 1.304434042200116814e-14 1.793597162720207282e-16
8.894519209861755371e-01 1.323297211825585906e-14 2.801194866596114870e-16
8.897261619567871094e-01 1.336642893535935211e-14 2.499427203038153593e-16
8.900005221366882324e-01 1.308821418757009913e-14 1.900705670040595636e-16
8.902747631072998047e-01 1.329379501309934861e-14 2.177553227243641371e-16
8.905500769615173340e-01 1.335592318571455703e-14 1.770977412561577208e-16
8.908248543739318848e-01 1.331613720114907529e-14 2.725958488545231727e-16
8.911007046699523926e-01 1.312812553301177451e-14 1.506860495857967591e-16
8.913764357566833496e-01 1.270874427423311984e-14 2.482615187221931833e-16
8.916527032852172852e-01 1.332096190081663578e-14 1.241545424580687163e-16
8.919289112091064453e-01 1.275864637328765969e-14 1.270728356591557980e-16
8.922062516212463379e-01 1.318637429472855824e-14 2.032089082838108170e-16
8.924829363822937012e-01 1.306222721674833720e-14 1.976682143129142224e-16
8.927604556083679199e-01 1.311486269112366668e-14 2.486694974351941374e-16
8.930382132530212402e-01 1.339001795590743712e-14 2.509956616665912597e-16
8.933163285255432129e-01 1.310174215077069756e-14 2.012255806378148728e-16
8.935945630073547363e-01 1.312447820914089749e-14 2.201200401897511309e-16
8.938730359077453613e-01 1.309351661381991105e-14 1.599208527630163702e-16
8.941525220870971680e-01 1.277936479917749987e-14 1.632020731122223178e-16
8.944312334060668945e-01 1.326387780940232672e-14 2.058453248019194285e-16
8.947113156318664551e-01 1.308400951601992879e-14 1.710056420714883775e-16
8.949908614158630371e-01 1.273220708687206396e-14 2.183591116319686439e-16
8.952697515487670898e-01 1.259183001058950327e-14 1.867316557702117176e-16
8.955515623092651367e-01 1.259714344826762950e-14 2.992401701829136475e-16
8.958325386047363281e-01 1.262296694173057135e-14 1.456878008082777387e-16
8.961138725280761719e-01 1.286831511710046297e-14 2.766671391852805690e-16
8.963952660560607910e-01 1.275509561117276966e-14 1.675549886630519681e-16
8.966770768165588379e-01 1.250331422056848163e-14 1.757463134237032855e-16
8.969591856002807617e-01 1.251842444131455109e-14 1.810175847429240084e-16
8.972415924072265625e-01 1.283462438162342317e-14 1.469359170909467511e-16
8.975243568420410156e-01 1.285510394422213765e-14 2.569704997276250858e-16
8.978073000907897949e-01 1.226182597433922786e-14 2.041834726291860930e-16
8.980908393859863281e-01 1.254365670578030945e-14 1.540844384144096180e-16
8.983743786811828613e-01 1.233764219938206577e-14 2.289632759173228400e-16
8.986584544181823730e-01 1.215425617816972073e-14 1.886654849283524887e-16
8.989425897598266602e-01 1.246742797569215869e-14 1.863846634294130731e-16
8.992277383804321289e-01 1.246054075079803397e-14 1.586721806149757222e-16
8.995120525360107422e-01 1.243343315538705460e-14 2.646538561828300391e-16
8.997976183891296387e-01 1.252636706926095467e-14 2.111668225279343713e-16
9.000831246376037598e-01 1.218422081571178886e-14 1.759212389622010994e-16
9.003691077232360840e-01 1.204011848852720376e-14 2.050314055489468510e-16
9.006552100181579590e-01 1.200426697200171824e-14 1.779995798820773346e-16
9.009419679641723633e-01 1.196944629457304121e-14 2.445807635196792229e-16
9.012284278869628906e-01 1.169103164700823622e-14 2.163338690899734127e-16
9.015159606933593750e-01 1.177450674396014751e-14 1.558993520876897658e-16
9.018033742904663086e-01 1.208810629312094889e-14 1.879097462509444409e-16
9.020910859107971191e-01 1.205015413488627271e-14 1.575638247686036693e-16
9.023793339729309082e-01 1.186767528596043703e-14 1.865713415500540404e-16
9.026676416397094727e-01 1.181888788226448384e-14 1.938303212637947884e-16
9.029564857482910156e-01 1.164677332848125177e-14 1.837211021523229215e-16
9.032453298568725586e-01 1.168299923356942369e-14 2.177251074709488001e-16
9.035350680351257324e-01 1.152864696069011430e-14 2.577742281154510101e-16
9.038246870040893555e-01 1.149066430926933696e-14 2.920926414761858443e-16
9.041146636009216309e-01 1.139509696996242327e-14 2.074040110086551505e-16
9.044050574302673340e-01 1.128109565262441424e-14 2.132263037298443974e-16
9.046976566314697266e-01 1.142897828785259529e-14 3.172722310805368203e-16
9.049867391586303711e-01 1.168079186570887898e-14 3.493446307025084704e-16
9.052782058715820312e-01 1.145482126307332399e-14 1.906878819690405375e-16
9.055699110031127930e-01 1.106262806783563785e-14 1.220943730418890460e-16
9.058616757392883301e-01 1.108926894809268010e-14 9.955249697484716467e-17
9.061546325683593750e-01 1.109313057129921246e-14 1.600065619093666647e-16
9.064465165138244629e-01 1.116857494887820573e-14 3.055392895138478622e-16
9.067399501800537109e-01 1.131591040082246050e-14 1.205495172949952107e-16
9.070327877998352051e-01 1.106322522606345213e-14 1.230367369003788577e-16
9.073270559310913086e-01 1.127808699159576697e-14 2.450203471495246031e-16
9.076178073883056641e-01 1.121498642515711061e-14 2.662427576429810981e-16
9.079151153564453125e-01 1.091877053317280924e-14 1.845316200386166810e-16
9.082092046737670898e-01 1.122394041044253582e-14 1.433616498117704172e-16
9.085043072700500488e-01 1.064935561067258118e-14 1.740253012935601574e-16
9.087997674942016602e-01 1.084777053746805928e-14 1.386663608966826186e-16
9.090951681137084961e-01 1.066672825642076688e-14 1.393026546936380092e-16
9.093911647796630859e-01 1.072721403215124922e-14 1.857885639927828593e-16
9.096873998641967773e-01 1.061597743035307823e-14 1.564949618333973482e-16
9.099837541580200195e-01 1.059226813112648310e-14 1.990958486408419431e-16
9.102811813354492188e-01 1.074709897762099117e-14 1.379442785440381284e-16
9.105781912803649902e-01 1.052000436226442973e-14 1.339991961224216229e-16
9.108754396438598633e-01 1.060447811106115384e-14 1.920479124798655244e-16
9.111737608909606934e-01 1.048355822860997169e-14 1.310134711577992184e-16
9.114720225334167480e-01 1.032553406790431491e-14 1.354971209500816496e-16
9.117703437805175781e-01 1.029409051083634077e-14 1.883144162414951829e-16
9.120692610740661621e-01 1.044540955873153251e-14 1.346404132983829291e-16
9.123687744140625000e-01 1.001892846978899229e-14 1.807783376399940711e-16
9.126681685447692871e-01 1.022709698097210365e-14 1.907639164109464118e-16
9.129680991172790527e-01 1.017892960539354061e-14 1.061083400806933370e-16
9.132685065269470215e-01 9.816458796275007864e-15 2.245262261720291962e-16
9.135686755180358887e-01 1.016607672745190385e-14 1.199771347808881172e-16
9.138701558113098145e-01 1.025017608768594157e-14 1.632844338314529977e-16
9.141709804534912109e-01 1.007334694851829207e-14 1.535672718605516642e-16
9.144731760025024414e-01 9.819724108286673192e-15 1.446868857973089735e-16
9.147747159004211426e-01 9.989199307406260858e-15 4.603175140865077564e-16
9.150770902633666992e-01 9.906571243401603860e-15 1.480591357185651567e-16
9.153798222541809082e-01 1.001609345051453215e-14 1.570058947541591024e-16
9.156825542449951172e-01 9.803177319662060435e-15 1.549211349127294557e-16
9.159861207008361816e-01 9.639383170519707361e-15 1.651568001613586286e-16
9.162843227386474609e-01 9.666849907900322558e-15 1.500600260633268269e-16
9.165936112403869629e-01 9.640369116870311367e-15 1.172481269737327700e-16
9.168982505798339844e-01 9.744975144757375696e-15 6.541691699926615125e-17
9.172029495239257812e-01 9.747462880523461576e-15 1.598873949615998253e-16
9.175079464912414551e-01 9.728010768889766569e-15 2.903733498817168265e-16
9.178135395050048828e-01 9.778713314079461733e-15 1.436889354016555984e-16
9.181190729141235352e-01 9.739444019611805115e-15 1.435486588046564057e-16
9.184253811836242676e-01 9.484180476561354656e-15 1.611325995685126511e-16
9.187316894531250000e-01 9.833785702244041832e-15 9.903132686682445426e-17
9.190384149551391602e-01 9.484806433909375584e-15 1.334149816168325709e-16
9.193460941314697266e-01 9.593390128516746107e-15 1.303379226776945113e-16
9.196532368659973145e-01 9.638593735812866353e-15 1.131314145011788619e-15
9.199609160423278809e-01 9.464652131962406761e-15 2.076862979732174469e-16
9.202695488929748535e-01 9.375684026347551325e-15 2.012027372180186084e-16
9.205780625343322754e-01 9.264827742342697514e-15 1.392526665148602046e-16
9.208868741989135742e-01 9.409510287096151809e-15 1.329847815238559923e-16
9.211961030960083008e-01 9.169174005675163885e-15 9.922749440345262988e-17
9.215061664581298828e-01 9.256991840547647982e-15 1.052110939615346177e-16
9.218159317970275879e-01 9.034706678265596452e-15 1.701412846534847666e-16
9.221259355545043945e-01 9.026679347024467448e-15 1.249222984154159345e-16
9.224373102188110352e-01 9.100988700454139962e-15 1.560602751127782820e-16
9.227482676506042480e-01 8.760810104441445895e-15 1.639062751287458618e-16
9.230594038963317871e-01 9.099181132144699286e-15 2.050040225619488956e-16
9.233715534210205078e-01 8.900255444482026851e-15 1.506320644702990983e-16
9.236834645271301270e-01 8.792483207438125947e-15 1.070838507206893736e-16
9.239963889122009277e-01 8.926321189367883435e-15 1.332174244167753062e-16
9.243087172508239746e-01 8.597303946501159283e-15 1.594008936474104374e-16
9.246227145195007324e-01 8.759959683362402577e-15 2.355122964374766750e-16
9.249361157417297363e-01 8.661296438633274419e-15 1.858205924261009125e-16
9.252499938011169434e-01 8.498063025302003692e-15 2.023043168008126268e-16
9.255645275115966797e-01 8.478658347513354926e-15 1.626704805284814393e-16
9.258791804313659668e-01 8.542614417228738127e-15 2.108845223284822740e-16
9.261943697929382324e-01 8.574046115835450704e-15 1.327624353752017384e-16
9.265100359916687012e-01 8.244179298922630489e-15 1.756661496961795465e-16
9.268256425857543945e-01 8.381493504067919625e-15 2.307784410535092040e-16
9.271417260169982910e-01 8.390173897711381695e-15 1.280825254020625257e-16
9.274589419364929199e-01 8.298997577203034298e-15 1.131388525092469387e-16
9.277755618095397949e-01 8.305058944973586071e-15 1.315110368398621156e-16
9.280929565429687500e-01 8.068156535120767081e-15 1.419161748523911529e-16
9.284106492996215820e-01 8.089245961441504651e-15 1.140445557229884002e-16
9.287292957305908203e-01 8.274810551394187752e-15 1.301884478322837290e-16
9.290497899055480957e-01 7.937527961028156137e-15 1.367647983998763160e-16
9.293662309646606445e-01 8.024897715471542708e-15 1.554498290556039484e-16
9.296855926513671875e-01 7.849957459776270297e-15 9.749860751387799695e-17
9.300049543380737305e-01 7.895288122014478688e-15 1.195258647433485879e-16
9.303253889083862305e-01 7.716079667297991856e-15 1.276224409279156312e-16
9.306454062461853027e-01 7.785034078435122684e-15 1.359680183291958372e-16
9.309664368629455566e-01 7.680644043949608202e-15 1.946195442123989827e-16
9.312875270843505859e-01 7.690838085469813706e-15 7.555015743572655808e-17
9.316092133522033691e-01 7.508080562704331357e-15 1.223321378371612883e-16
9.319311976432800293e-01 7.582681295467859350e-15 2.360777968088873273e-16
9.322536587715148926e-01 8.172167098845911637e-15 1.831978740189361791e-16
9.325761795043945312e-01 7.640728463343196553e-15 1.997501551228162884e-16
9.328994750976562500e-01 7.629902535244339340e-15 1.081015541893705150e-16
9.332230687141418457e-01 7.617770482340815996e-15 1.291453002879604565e-16
9.335469007492065430e-01 7.383754760772239661e-15 9.956933175467384389e-17
9.338713288307189941e-01 7.558069906152438400e-15 1.589497691936587174e-16
9.341958761215209961e-01 7.446845162815528968e-15 1.371343959324548096e-16
9.345209598541259766e-01 7.637392847596909118e-15 2.064442035654078206e-16
9.348466396331787109e-01 7.873239007364501996e-15 2.135285489082263733e-16
9.351724386215209961e-01 7.452992927946700680e-15 1.408033191434868115e-16
9.354985356330871582e-01 7.545631227322008999e-15 2.400096972802621877e-16
9.358254075050354004e-01 7.394280839207768852e-15 1.745141319483544946e-16
9.361528158187866211e-01 7.317570994405577650e-15 1.711098271240006565e-16
9.364793896675109863e-01 7.107700794031432401e-15 1.682262887435306028e-16
9.368079900741577148e-01 7.245459691474030045e-15 2.106072116824850965e-16
9.371359348297119141e-01 7.272840878526972558e-15 1.548173336720214013e-16
9.374649524688720703e-01 6.972114536098542037e-15 2.579348996776333102e-16
9.377940297126770020e-01 6.951427450427750260e-15 2.716642979010006542e-16
9.381235241889953613e-01 7.206736733257352451e-15 1.309495201702815187e-16
9.384534358978271484e-01 7.051089347001691238e-15 1.711286736070770646e-16
9.387840032577514648e-01 6.874255125636358210e-15 2.613762621934295240e-16
9.391147494316101074e-01 6.778513297542310134e-15 2.241309264834574549e-16
9.394455552101135254e-01 7.050812367227939081e-15 2.173862281175980757e-16
9.397774934768676758e-01 6.952704352595736118e-15 2.071319149092395073e-16
9.401096701622009277e-01 6.606900610780326241e-15 1.685714811393163319e-16
9.404414892196655273e-01 6.964241788370286942e-15 1.504482583207449151e-16
9.407744407653808594e-01 6.971414039851162731e-15 1.480141238583524712e-16
9.411081075668334961e-01 6.999740515673241043e-15 1.278772390263615655e-16
9.414411783218383789e-01 6.923140361637719273e-15 7.285409788673042307e-17
9.417758584022521973e-01 6.789335413992904703e-15 9.709353385918832909e-17
9.421098232269287109e-01 6.698009592169366921e-15 1.607370219472550920e-16
9.424448609352111816e-01 6.796041373836316998e-15 9.077902896886062812e-17
9.427803158760070801e-01 6.783088546006904238e-15 1.294900559323827575e-16
9.431160688400268555e-01 7.022412199539449645e-15 1.814249546509941234e-16
9.434521198272705078e-01 6.923652393054334497e-15 2.001867079628972743e-16
9.437887668609619141e-01 6.820260163380685581e-15 1.425755767669388248e-16
9.441257119178771973e-01 7.088399877778822286e-15 7.903012612507184678e-17
9.444633126258850098e-01 6.941166916821185293e-15 1.383606746469524221e-16
9.448013305664062500e-01 6.983432166823280371e-15 1.214286448500165685e-16
9.451395273208618164e-01 6.758890932286217013e-15 2.294828776909041499e-16
9.454777836799621582e-01 6.503673129014918286e-15 2.057238417484374407e-16
9.458151459693908691e-01 6.233547969388417501e-15 2.410711354422902328e-16
9.461567401885986328e-01 6.881835646997810571e-15 1.857845008816139988e-16
9.464971423149108887e-01 6.920453149612555005e-15 1.698789559027421496e-16
9.468376636505126953e-01 6.779973582343376548e-15 1.045300397672727576e-16
9.471781253814697266e-01 6.711324950100204523e-15 1.240899826656201776e-16
9.475200772285461426e-01 6.823019373206366464e-15 1.470046988132417604e-16
9.478617310523986816e-01 6.687146818137304147e-15 1.780880021808368030e-16
9.482038021087646484e-01 6.678369862737855087e-15 1.401809352157121127e-16
9.485465884208679199e-01 6.455306277177276855e-15 1.568709915224190542e-16
9.488897919654846191e-01 6.767024142645752804e-15 1.996102358678417186e-16
9.492331147193908691e-01 6.660837551279111951e-15 8.685952297178426221e-17
9.495777487754821777e-01 6.642311246656765894e-15 1.154324192070645713e-16
9.499213099479675293e-01 6.600970533116598885e-15 1.142952377707062706e-16
9.502664804458618164e-01 6.453740536774277281e-15 9.949489873443387224e-17
9.506120085716247559e-01 6.502276371684895945e-15 1.737682135591786764e-16
9.509575366973876953e-01 6.526655250456295590e-15 1.276876359950746107e-16
9.513041377067565918e-01 6.345928912698329052e-15 1.524991765489537923e-16
9.516505002975463867e-01 6.310450937702582683e-15 1.147093442376850175e-16
9.519977569580078125e-01 6.413649196831310365e-15 1.210252057042173054e-16
9.523453116416931152e-01 6.592020782995909947e-15 9.769505298319199039e-17
9.526933431625366211e-01 6.670760542256196080e-15 1.089225871956110486e-16
9.530420303344726562e-01 6.385716591329705302e-15 1.100118318611106763e-16
9.533908367156982422e-01 6.452956184265119799e-15 1.165016791889649178e-16
9.537401795387268066e-01 6.559094918270240784e-15 1.194176827541164527e-16
9.540902376174926758e-01 6.572421711145866319e-15 8.840236701542836858e-17
9.544403553009033203e-01 6.385969007147987084e-15 1.340208086974664084e-16
9.547913074493408203e-01 6.538262142932521268e-15 8.561977113946938603e-17
9.551424980163574219e-01 6.375337049594051106e-15 1.109774626558703795e-16
9.554941058158874512e-01 6.325481537351610242e-15 1.599943328711906807e-16
9.558465480804443359e-01 6.058952879619151216e-15 1.112388517294371363e-16
9.561986923217773438e-01 6.061081473415601273e-15 1.562152689072360181e-16
9.565522074699401855e-01 5.953148300111722052e-15 1.655131495692464729e-16
9.569056630134582520e-01 6.137698991626541756e-15 1.925032853332433167e-16
9.572597742080688477e-01 5.740030575417803815e-15 2.203437627669446730e-16
9.576142430305480957e-01 5.931263933369986321e-15 1.994235842169803530e-16
9.579692482948303223e-01 6.088163657838163018e-15 1.648221559727441757e-16
9.583247900009155273e-01 5.990060725403643579e-15 1.221943758692242568e-16
9.586805105209350586e-01 5.996182232513450408e-15 1.175125468370639211e-16
9.590370655059814453e-01 5.980440125188729236e-15 8.154441769754312928e-17
9.593937993049621582e-01 5.844490066604993150e-15 1.305489529955690398e-16
9.597511887550354004e-01 5.819861736630627114e-15 6.852037954355690345e-17
9.601091742515563965e-01 5.950209095784749630e-15 1.634284294324862287e-16
9.604671001434326172e-01 5.868875298123497203e-15 1.621471729857558918e-16
9.608261585235595703e-01 5.667109085472207472e-15 1.173472827681207266e-16
9.611853957176208496e-01 5.737576297453134480e-15 9.376870454808858583e-17
9.615449905395507812e-01 5.656048105730487191e-15 1.018165697207436065e-16
9.619057774543762207e-01 5.773546822107709225e-15 8.247013868210837403e-17
9.622687697410583496e-01 5.579986241132945529e-15 1.285767823616752108e-16
9.626272320747375488e-01 5.439761207264416989e-15 8.440856696445493993e-17
9.629891514778137207e-01 5.445056010217703621e-15 9.290744409429837342e-17
9.633510708808898926e-01 5.580687584413272090e-15 8.191744306658004264e-17
9.637138843536376953e-01 5.417765032173643691e-15 8.346343701399675094e-17
9.640769958496093750e-01 5.316813951453981668e-15 1.107473476269030276e-16
9.644402861595153809e-01 5.402056806166812691e-15 7.620225369110416170e-17
9.648048877716064453e-01 5.382335338055890817e-15 8.637739578867405471e-17
9.651694297790527344e-01 5.352238139857577390e-15 1.114584450210128136e-16
9.655342102050781250e-01 5.291718482809204885e-15 1.232016700970770310e-16
9.658998847007751465e-01 5.249528195222941812e-15 6.650509625613681064e-17
9.662663340568542480e-01 5.299930043716361699e-15 1.020811020806380648e-16
9.666324853897094727e-01 5.202340836764351995e-15 1.260677119532303630e-16
9.669998884201049805e-01 5.348103348525555523e-15 9.502319343019670675e-17
9.673673510551452637e-01 5.188431708737489129e-15 7.864023288898375208e-17
9.677337408065795898e-01 4.915919610265625725e-15 1.363537094877721625e-16
9.681039452552795410e-01 5.041139878990017961e-15 9.325146520233672741e-17
9.684731960296630859e-01 5.044528434295508790e-15 1.088682579729785657e-16
9.688429236412048340e-01 5.064103789223029298e-15 8.703745283026686867e-17
9.692127704620361328e-01 5.286832373252968453e-15 1.261474521642804748e-16
9.695836305618286133e-01 5.035344056048430411e-15 8.647780889759309184e-17
9.699545502662658691e-01 4.968564402003375000e-15 7.640577320901670863e-17
9.703263640403747559e-01 5.018989120386370753e-15 1.322367323174222374e-16
9.706982970237731934e-01 5.146556940924078283e-15 1.169779764031178516e-16
9.710710048675537109e-01 5.128819223975625979e-15 6.949721367253302489e-17
9.714443683624267578e-01 5.209674871538153354e-15 7.199544470623097780e-17
9.718179106712341309e-01 4.965114013292734607e-15 1.187585190675851960e-16
9.721917510032653809e-01 5.022823638538590971e-15 1.251293450314604075e-16
9.725671410560607910e-01 5.075911852024227872e-15 8.691080816976254992e-17
9.729420542716979980e-01 5.049893540983417528e-15 9.308416957780910267e-17
9.733176231384277344e-01 5.241430560247190701e-15 1.129745545872592061e-16
9.736941456794738770e-01 5.074142823713887265e-15 7.199291022483411532e-17
9.740706086158752441e-01 4.968769383976610540e-15 7.469366815970955153e-17
9.744481444358825684e-01 4.953058193354464150e-15 6.960609049347970460e-17
9.748260378837585449e-01 4.877441444570704623e-15 9.665648471073981138e-17
9.752040505409240723e-01 5.006945582425835484e-15 9.730899786514614173e-17
9.755830764770507812e-01 4.972556044767310890e-15 9.427042598554894945e-17
9.759625196456909180e-01 4.938382924026809770e-15 7.430601823744270064e-17
9.763421416282653809e-01 4.928771217657841597e-15 1.010972071379531907e-16
9.767232537269592285e-01 4.913872331632112081e-15 1.342894901953134326e-16
9.771034121513366699e-01 4.824204153286350966e-15 1.139026909392131057e-16
9.774852395057678223e-01 5.039691876166686735e-15 9.620254784290541107e-17
9.778670668601989746e-01 4.862380775252049536e-15 9.793595444734703374e-17
9.782500863075256348e-01 4.893665513642413492e-15 1.025182107860906863e-16
9.786321520805358887e-01 4.905885234455977656e-15 1.020656966689098772e-16
9.790167212486267090e-01 4.917997382085240524e-15 1.261165751663750954e-16
9.794002771377563477e-01 4.968018912785343230e-15 9.354093209461598413e-17
9.797852635383605957e-01 4.861185611763473718e-15 1.054912368739491766e-16
9.801697731018066406e-01 4.663952719445889003e-15 1.321193785495581143e-16
9.805558919906616211e-01 4.795695565380612979e-15 1.441522094842444973e-16
9.809426665306091309e-01 4.954626898372779115e-15 8.587646844460174200e-17
9.813294410705566406e-01 4.968930320236588857e-15 1.380384315500813642e-16
9.817168712615966797e-01 4.920656642023145400e-15 1.073969418912631448e-16
9.821047782897949219e-01 4.921170367505655133e-15 9.494953465101008475e-17
9.824930429458618164e-01 4.899375362739854731e-15 1.135573397247497665e-16
9.828823208808898926e-01 5.018479630068597291e-15 9.827354339894217540e-17
9.832716584205627441e-01 5.037466297097776061e-15 1.135168939015183736e-16
9.836617112159729004e-01 5.047910213337421584e-15 6.169169918446624047e-17
9.840525984764099121e-01 5.071473822897088965e-15 6.590070516104636522e-17
9.844436049461364746e-01 5.173079660084978562e-15 9.887427504700268622e-17
9.848353266716003418e-01 5.139063240439719488e-15 8.097670048209083490e-17
9.852274656295776367e-01 4.967134610388409741e-15 1.172236291927113996e-16
9.856206178665161133e-01 5.101435072307368077e-15 7.424335765168058369e-17
9.860136508941650391e-01 5.023330164241049042e-15 5.434325492439420725e-17
9.864078760147094727e-01 5.133129351127729487e-15 7.169634943162160384e-17
9.868021011352539062e-01 5.183615902915874804e-15 5.213057325559445991e-17
9.871974587440490723e-01 5.204500347263376833e-15 7.796659685045526761e-17
9.875927567481994629e-01 5.201096545364835427e-15 7.511843533042288188e-17
9.879891872406005859e-01 5.088472927115535518e-15 6.423651703026317990e-17
9.883856773376464844e-01 5.239633579849590703e-15 7.586946238706182761e-17
9.887833595275878906e-01 4.997205974081831911e-15 1.063443049309526639e-16
9.891810417175292969e-01 5.157963510108278318e-15 1.212812214125249177e-16
9.895790815353393555e-01 5.233808957787796506e-15 9.035572425347029152e-17
9.899783134460449219e-01 5.184008079170453545e-15 9.634340677505584104e-17
9.903780221939086914e-01 5.148311993190789193e-15 8.966557107247034820e-17
9.907777309417724609e-01 5.191674574376052217e-15 6.778265355116781040e-17
9.911788105964660645e-01 5.048068608498558138e-15 7.485140819380096369e-17
9.915797114372253418e-01 5.076090152459624902e-15 8.306239338325144142e-17
9.919816255569458008e-01 5.214022268139936050e-15 3.200834937278044406e-17
9.923839569091796875e-01 5.079714182924452426e-15 4.136718662849115660e-17
9.927868843078613281e-01 5.133256829586291259e-15 7.278665288830529941e-17
9.931903481483459473e-01 5.032854626216450022e-15 9.540778609291956165e-17
9.935944080352783203e-01 5.144524908883615216e-15 1.264998046354484629e-16
9.939987063407897949e-01 5.009227489185738569e-15 9.903272976514334420e-17
9.944044351577758789e-01 4.984292956800940103e-15 9.472641426130248127e-17
9.948101639747619629e-01 4.751127656311407085e-15 9.741129694586179977e-17
9.952162504196166992e-01 4.972338780816340162e-15 1.005357897300461001e-16
9.956235885620117188e-01 4.885636064818916352e-15 2.715506068888889159e-17
9.960308074951171875e-01 4.923694102171999321e-15 1.096493745515797404e-16
9.964392781257629395e-01 4.813234653102934149e-15 8.177581651082116345e-17
9.968479275703430176e-01 4.883409215200584796e-15 8.160768708823608526e-17
9.972570538520812988e-01 4.927918255479956516e-15 5.459543913210447390e-17
9.976670742034912109e-01 4.840263050933345246e-15 8.321816141876252717e-17
9.980774521827697754e-01 4.790527393852940866e-15 7.664260494455799109e-17
9.984884262084960938e-01 4.948171660281754092e-15 8.420154681819006859e-17
9.988999366760253906e-01 4.910522316325721323e-15 4.615623150292816562e-17
9.993121027946472168e-01 4.898419062542404626e-15 1.100467388829604141e-16
9.997247457504272461e-01 4.830805081044303728e-15 5.435419686953705870e-17
1.000138282775878906e+00 4.694708062244219021e-15 5.059402240205065698e-17
1.000551819801330566e+00 4.493403059032709257e-15 1.386627213019873853e-16
1.000966787338256836e+00 4.609895923785066810e-15 8.954730409720996652e-17
1.001381874084472656e+00 4.566957282589904563e-15 1.026597844022903621e-16
1.001797318458557129e+00 4.584556509651480788e-15 8.264221871929900549e-17
1.002214074134826660e+00 4.629473396294955453e-15 8.645241776151016411e-17
1.002631068229675293e+00 4.606994835940720831e-15 7.027729792972973338e-17
1.003048300743103027e+00 4.640735122845175004e-15 5.654019700049829557e-17
1.003466367721557617e+00 4.635317500114536499e-15 6.085108515876535163e-17
1.003885626792907715e+00 4.678033795161044492e-15 9.392616003204927976e-17
1.004304289817810059e+00 4.620335181343502434e-15 7.237585514377676459e-17
1.004724740982055664e+00 4.570112903834900459e-15 8.018774223128265753e-17
1.005144715309143066e+00 4.635601256151866689e-15 6.737507188486088175e-17
1.005565762519836426e+00 4.505860796104451879e-15 4.799765466047941286e-17
1.005987882614135742e+00 4.489214481108536742e-15 8.909286430356313396e-17
1.006405949592590332e+00 4.463503219511106082e-15 1.465767618864211269e-16
1.006829857826232910e+00 4.571969600055281885e-15 2.520553528231655929e-16
1.007257103919982910e+00 4.433519100211251104e-15 2.935713757136346408e-16
1.007683157920837402e+00 4.418397868036867335e-15 3.285188963261630049e-16
1.008107542991638184e+00 4.314485136617130651e-15 1.470475930910863102e-16
1.008530735969543457e+00 4.411576711712628454e-15 1.086062799468156712e-16
1.008956313133239746e+00 4.390042593094582377e-15 1.111964206727356162e-16
1.009383082389831543e+00 4.209554271594794297e-15 9.861952327067105496e-17
1.009810447692871094e+00 4.268404426704128576e-15 5.121995328029198323e-17
1.010237932205200195e+00 4.236912588758160944e-15 4.508336501355708788e-17
1.010666370391845703e+00 4.080929353938913401e-15 6.700058406050097464e-17
1.011095404624938965e+00 4.175741563373349882e-15 1.148622601544440204e-16
1.011525034904479980e+00 4.174316006923120895e-15 6.478552011153707458e-17
1.011955142021179199e+00 4.168467667938803578e-15 4.071458744730112073e-17
1.012385725975036621e+00 4.092920799373192531e-15 6.805771426589884358e-17
1.012818098068237305e+00 4.125044100381338244e-15 6.307803403877041359e-17
1.013249516487121582e+00 4.105886756213287733e-15 9.412970601974142838e-17
1.013682723045349121e+00 4.109991054359208446e-15 7.297967052116087310e-17
1.014115691184997559e+00 3.987087420745556721e-15 5.637373517402812428e-17
1.014549612998962402e+00 3.942898135403773499e-15 1.139069261039493772e-16
1.014980673789978027e+00 3.654866275755843177e-15 1.293576937994844723e-16
1.015419483184814453e+00 4.055032592126034049e-15 1.131733029273985472e-16
1.015855073928833008e+00 3.947018103659218416e-15 4.562950604991154908e-17
1.016291737556457520e+00 3.953175609669283552e-15 5.152973572841554231e-17
1.016728758811950684e+00 4.153270202799166921e-15 8.149613020210473373e-17
1.017166495323181152e+00 3.847160542474461695e-15 1.444919226356526751e-16
1.017604470252990723e+00 3.944493521959926974e-15 6.131699298442461936e-17
1.018044233322143555e+00 3.981037911436266508e-15 7.060854075166536820e-17
1.018483400344848633e+00 4.010729380852845125e-15 1.017437579745042388e-16
1.018923640251159668e+00 3.924343031661220796e-15 5.040154409095446786e-17
1.019364714622497559e+00 3.897183343723985283e-15 1.108508907872599654e-16
1.019805788993835449e+00 3.957312518583673555e-15 9.081606019052340206e-17
1.020248293876647949e+00 3.993085261045064421e-15 5.149492796823931090e-17
1.020691037178039551e+00 3.829734533650598974e-15 7.089572462545397856e-17
1.021134138107299805e+00 3.967010622313261667e-15 8.978596224754376606e-17
1.021578550338745117e+00 3.940596746886083565e-15 8.488918537012785071e-17
1.022023081779479980e+00 3.924838969451838189e-15 1.170074902073737436e-16
1.022468686103820801e+00 3.893104456566482199e-15 4.104929781036457785e-17
1.022914052009582520e+00 3.841810258863129907e-15 6.226330084007508387e-17
1.023361325263977051e+00 3.739555170921169888e-15 8.066057190430776899e-17
1.023808360099792480e+00 3.790784994120530854e-15 4.132130788299651547e-17
1.024256348609924316e+00 3.880179157307855203e-15 3.662203526607866143e-17
1.024704694747924805e+00 3.727497656917004923e-15 9.233713945789001317e-17
1.025153994560241699e+00 3.836044505591169884e-15 7.198035693185801057e-17
1.025603652000427246e+00 3.820774195618069358e-15 6.264219588273867352e-17
1.026054382324218750e+00 3.761871947982478939e-15 5.887654547959717075e-17
1.026504993438720703e+00 3.645184689168726525e-15 6.847089429059153112e-17
1.026956796646118164e+00 3.672127113154991310e-15 5.070476203373680611e-17
1.027409315109252930e+00 3.693546458808684430e-15 5.633268054586589241e-17
1.027862429618835449e+00 3.688920811883728695e-15 6.387601186697786917e-17
1.028316140174865723e+00 3.746546580867806883e-15 6.306332345875677054e-17
1.028770565986633301e+00 3.538464890561789089e-15 8.204991107859673470e-17
1.029225826263427734e+00 3.476553558381077769e-15 7.554120403277628411e-17
1.029681444168090820e+00 3.693434650459646862e-15 7.606959377318535734e-17
1.030137777328491211e+00 3.596690358872523322e-15 6.128038527923547257e-17
1.030595064163208008e+00 3.658837166212571337e-15 5.826790598488065299e-17
1.031052947044372559e+00 3.692588041028866189e-15 6.660422558074516547e-17
1.031510829925537109e+00 3.743012335895388315e-15 7.315173732346170370e-17
1.031970143318176270e+00 3.599046381015311158e-15 5.530546780886284137e-17
1.032429695129394531e+00 3.654768866966908933e-15 3.356445808472745078e-17
1.032889723777770996e+00 3.838910865084678437e-15 5.508523924257672328e-17
1.033350825309753418e+00 3.801674449690432139e-15 7.285797570944207166e-17
1.033812642097473145e+00 3.615606298650606357e-15 7.466443228813947732e-17
1.034274578094482422e+00 3.790693938078701017e-15 3.641440631488295106e-17
1.034737825393676758e+00 3.857175436526322915e-15 8.688113554682904771e-17
1.035201311111450195e+00 3.800166731044319485e-15 2.816230032282123722e-17
1.035665869712829590e+00 3.877147202873158435e-15 4.082046325698545806e-17
1.036130547523498535e+00 3.752629971494987268e-15 9.028010009314824352e-17
1.036596536636352539e+00 3.748617999940317275e-15 6.974937141046368984e-17
1.037062525749206543e+00 3.687991193224117101e-15 7.571307231173010199e-17
1.037530064582824707e+00 3.914359477828407985e-15 4.971844841494082697e-17
1.037997126579284668e+00 3.947600862326929375e-15 7.880030888112501400e-17
1.038466215133666992e+00 3.956660303214287744e-15 8.448334409182973364e-17
1.038934707641601562e+00 3.954310633818604315e-15 8.633810140085533568e-17
1.039404749870300293e+00 3.925237921969994964e-15 5.289330657226225610e-17
1.039874911308288574e+00 3.891423943199129667e-15 9.082093062997011429e-17
1.040346026420593262e+00 3.873566371088640881e-15 7.902765120067908812e-17
1.040817975997924805e+00 3.874952964023296170e-15 5.484076104945300064e-17
1.041289925575256348e+00 3.828349634781838193e-15 6.393316673858283317e-17
1.041763305664062500e+00 3.962160935173757170e-15 1.422742977355123109e-16
1.042237520217895508e+00 3.700384555791868396e-15 8.687000500450653417e-17
1.042711615562438965e+00 3.819160597853549916e-15 1.382414547596263793e-16
1.043186783790588379e+00 4.014287342747786813e-15 6.832508550965558382e-17
1.043663024902343750e+00 3.807098001651701424e-15 8.655079931484477101e-17
1.044139266014099121e+00 3.723557683162851545e-15 5.598439780331166521e-17
1.044616699218750000e+00 3.848187993439481161e-15 6.981049013156400795e-17
1.045094370841979980e+00 3.857015347299291852e-15 6.680001592301401691e-17
1.045573115348815918e+00 3.839976856048797973e-15 4.594026126243547052e-17
1.046052336692810059e+00 3.840532509662196795e-15 4.834343270013882949e-17
1.046532154083251953e+00 3.788661482521764323e-15 2.412652581884441774e-17
1.047013163566589355e+00 3.841406647663763232e-15 4.419763655724755691e-17
1.047494530677795410e+00 3.828127288633183939e-15 1.179544465726244497e-16
1.047976732254028320e+00 3.671978458872748180e-15 1.613494664727893537e-16
1.048459529876708984e+00 3.628449859229823313e-15 9.185678575001311936e-17
1.048942685127258301e+00 3.773730409244039144e-15 4.735964694529481241e-17
1.049427390098571777e+00 3.681118791406569335e-15 3.870185849361259167e-17
1.049911975860595703e+00 3.763432182671321360e-15 4.571338878146932651e-17
1.050397634506225586e+00 3.752183585131784252e-15 3.683562322640720381e-17
1.050883650779724121e+00 3.656589564287032051e-15 4.290395916643912374e-17
1.051370978355407715e+00 3.682030198857814962e-15 3.631583947309113228e-17
1.051858663558959961e+00 3.630365000723565286e-15 6.789219873404943296e-17
1.052346825599670410e+00 3.616560057749214699e-15 5.401671048833787362e-17
1.052836179733276367e+00 3.499921926846403034e-15 6.907813750443405937e-17
1.053326129913330078e+00 3.539702829214201249e-15 9.239001946008930312e-17
1.053816676139831543e+00 3.605325859769780913e-15 8.164185957370187594e-17
1.054307818412780762e+00 3.464964030080270804e-15 6.086845595162896521e-17
1.054799795150756836e+00 3.569822050269143288e-15 7.812644784946991511e-17
1.055292487144470215e+00 3.552391594522307482e-15 4.324105511838918379e-17
1.055786013603210449e+00 3.442441424012778958e-15 4.992155434254709739e-17
1.056279897689819336e+00 3.476261967288985476e-15 5.246695452349527415e-17
1.056774973869323730e+00 3.441808055126469555e-15 5.789732907045689659e-17
1.057270050048828125e+00 3.379384056254432570e-15 4.071440546756635906e-17
1.057766556739807129e+00 3.293214335739068528e-15 4.914687984655648570e-17
1.058263540267944336e+00 3.382188582342791558e-15 5.838232822465388820e-17
1.058761000633239746e+00 3.278679250364184734e-15 5.653425453497771462e-17
1.059260010719299316e+00 3.316104130589195113e-15 8.203487624378297087e-17
1.059758663177490234e+00 3.232958105937292111e-15 6.619505572766213502e-17
1.060258746147155762e+00 3.250084688614300436e-15 4.031522795628296918e-17
1.060759305953979492e+00 3.325198088069154095e-15 2.957075067798262808e-17
1.061260581016540527e+00 3.248551770738006966e-15 6.396028502778477163e-17
1.061762809753417969e+00 3.256201537042897366e-15 5.157524058827330947e-17
1.062265157699584961e+00 3.202714371039103690e-15 5.844091908180224426e-17
1.062769532203674316e+00 3.175641715737198556e-15 3.478022498800073937e-17
1.063272833824157715e+00 3.209919021530211955e-15 6.171576683156908337e-17
1.063778042793273926e+00 3.145227303700138394e-15 4.574967884930325294e-17
1.064283967018127441e+00 3.210977177439569390e-15 4.658801978268084607e-17
1.064790248870849609e+00 3.250551403768237556e-15 3.353487148857765409e-17
1.065297484397888184e+00 3.144070468452425833e-15 4.869491497730241180e-17
1.065805435180664062e+00 3.259688771686743321e-15 2.307936644855026299e-17
1.066313982009887695e+00 3.191794422283101250e-15 3.572561632753249513e-17
1.066823363304138184e+00 3.294537401202679745e-15 2.961107407848336307e-17
1.067333698272705078e+00 3.219382285375173812e-15 1.668213026207745841e-17
1.067844152450561523e+00 3.312272365294053472e-15 4.264650747258811941e-17
1.068356156349182129e+00 3.280732881744802786e-15 3.310939955998242856e-17
1.068867921829223633e+00 3.355937972516196723e-15 4.504039794381863341e-17
1.069381237030029297e+00 3.358889670579141146e-15 7.533004136600374720e-17
1.069895625114440918e+00 3.360603006473199782e-15 6.640576179073654265e-17
1.070409536361694336e+00 3.335718449032289319e-15 2.838318070743004709e-17
1.070925474166870117e+00 3.348135952039037362e-15 5.919941723373376894e-17
1.071441054344177246e+00 3.327315035162579406e-15 3.438428671599610715e-17
1.071958422660827637e+00 3.358400085535628160e-15 3.775163972802597645e-17
1.072475433349609375e+00 3.325352459823791192e-15 6.379780028569975530e-17
1.072994232177734375e+00 3.370168973063016223e-15 5.420361029338300511e-17
1.073513150215148926e+00 3.428903084658576662e-15 4.290466723304346914e-17
1.074033498764038086e+00 3.363070413448551559e-15 4.404907161051058292e-17
1.074553370475769043e+00 3.450284102071406525e-15 5.752924693276060012e-17
1.075071573257446289e+00 3.385994724891278757e-15 1.000114432484711861e-16
1.075598001480102539e+00 3.408821415786834896e-15 1.315280039685868033e-16
1.076123595237731934e+00 3.406421771447263463e-15 1.053243515310053782e-16
1.076644420623779297e+00 3.297180567514586789e-15 4.151011020345051893e-17
1.077168941497802734e+00 3.191392505149629084e-15 2.006696987225669871e-17
1.077693581581115723e+00 3.308416883076388711e-15 6.505744415738530669e-17
1.078219890594482422e+00 3.276971420184283251e-15 3.672606811735823062e-17
1.078746676445007324e+00 3.207143929836770053e-15 6.020465343622251114e-17
1.079274177551269531e+00 3.228569839995804394e-15 7.680824620786050978e-17
1.079802274703979492e+00 3.170847297497502403e-15 8.401725097771325403e-17
1.080331444740295410e+00 3.097210488227949803e-15 7.485468382902667368e-16
1.080861210823059082e+00 3.154608828865690211e-15 3.076900120460449375e-16
1.081391215324401855e+00 3.141081289181565407e-15 7.440764895622341583e-17
1.081919550895690918e+00 3.001538963868523834e-15 7.374355527324134309e-17
1.082454919815063477e+00 3.059549921085365914e-15 6.561126473854671020e-17
1.082987904548645020e+00 3.012410419988295965e-15 6.670017191435641626e-17
1.083521842956542969e+00 3.081489980243383615e-15 5.186736438468008651e-17
1.084056258201599121e+00 3.041238127556912009e-15 5.497582640859310921e-17
1.084592223167419434e+00 3.066928425088898125e-15 5.363795772073964309e-17
1.085127711296081543e+00 2.943810068623117435e-15 5.302378935080882089e-17
1.085664868354797363e+00 3.083142118007003128e-15 4.864917850687312979e-17
1.086202740669250488e+00 3.060546878864284226e-15 6.737816884907428029e-17
1.086741328239440918e+00 2.934397203238517209e-15 3.998360793998801017e-17
1.087280154228210449e+00 2.985764669291806998e-15 6.902468840197333293e-17
1.087820410728454590e+00 2.941411906591203697e-15 5.310380749454475058e-17
1.088360905647277832e+00 2.883900487055004840e-15 3.424961840355002403e-17
1.088902592658996582e+00 2.977315303884708539e-15 4.278255883101839119e-17
1.089444875717163086e+00 2.839831056875258102e-15 3.607787284574942707e-17
1.089988112449645996e+00 2.867534963481104503e-15 3.392176371340340640e-17
1.090531706809997559e+00 2.900570307215206284e-15 5.436467559353688045e-17
1.091076970100402832e+00 2.837528397808147286e-15 4.890373837730264874e-17
1.091622591018676758e+00 2.857548233274739488e-15 4.144872678455418385e-17
1.092168331146240234e+00 2.950192461880678588e-15 4.107392794028395680e-17
1.092716336250305176e+00 2.775298581239268349e-15 4.899722963885584214e-17
1.093263983726501465e+00 2.847283040986964622e-15 6.976805907486248784e-17
1.093813300132751465e+00 2.942303832284662475e-15 4.719893898716555998e-17
1.094362616539001465e+00 2.867783991167597267e-15 7.082655909135474460e-17
1.094913005828857422e+00 2.854797070262057521e-15 3.526686195981058598e-17
1.095464229583740234e+00 2.832781625171734187e-15 9.732503855158477005e-17
1.096016526222229004e+00 2.873055077198360778e-15 5.485147469274678745e-17
1.096569061279296875e+00 2.895491285905232685e-15 4.128283736706789926e-17
1.097122669219970703e+00 2.811270799959737603e-15 2.986918089937950940e-17
1.097677469253540039e+00 2.832830541324438123e-15 6.065925866599185430e-17
1.098232984542846680e+00 2.725445398337432434e-15 4.675411764968149403e-17
1.098788976669311523e+00 2.746820698277868331e-15 3.607082195820802506e-17
1.099346280097961426e+00 2.659622256248063941e-15 6.464818827751857072e-17
1.099903583526611328e+00 2.797977676643765427e-15 4.557830026127206646e-17
1.100462675094604492e+00 2.756240975200757032e-15 6.219321548113469094e-17
1.101020097732543945e+00 2.710399975611827925e-15 1.918134961117128967e-16
1.101581931114196777e+00 2.685596521575617061e-15 2.033313674104156175e-17
1.102143406867980957e+00 2.725671767892586146e-15 5.815343080554821438e-17
1.102704763412475586e+00 2.575674514911584743e-15 4.637011724827722709e-17
1.103267908096313477e+00 2.659570163721807802e-15 4.840433635427988381e-17
1.103831887245178223e+00 2.660323176011916875e-15 3.967036125945907902e-17
1.104395985603332520e+00 2.558991353982464044e-15 4.090053434028059114e-17
1.104961395263671875e+00 2.572402638394578195e-15 3.861219873265674390e-17
1.105527520179748535e+00 2.465387437047285822e-15 4.769847997653123381e-17
1.106094837188720703e+00 2.552708698854442085e-15 2.640744988817978985e-17
1.106661677360534668e+00 2.515713052575452822e-15 4.919451221494973924e-17
1.107230663299560547e+00 2.451605363962511101e-15 4.134660968357328748e-17
1.107800722122192383e+00 2.358373082732940704e-15 4.702477776355374511e-17
1.108370304107666016e+00 2.421792133559764679e-15 4.419044339464079578e-17
1.108941555023193359e+00 2.365324682131056747e-15 3.934793618285325947e-17
1.109514117240905762e+00 2.377971731066510705e-15 3.625693097858755586e-17
1.110086798667907715e+00 2.313407279936762102e-15 1.835460839695965017e-17
1.110660791397094727e+00 2.260446544909686974e-15 4.209489380930100738e-17
1.111235141754150391e+00 2.203531860084828771e-15 5.534242623863171065e-17
1.111810803413391113e+00 2.177637215854317555e-15 4.817146515951150525e-17
1.112387061119079590e+00 2.159447183312031456e-15 3.924293387589577813e-17
1.112964272499084473e+00 2.191464605201770381e-15 2.918668079340690669e-17
1.113541841506958008e+00 2.165191125485599680e-15 4.886150584394814136e-17
1.114120960235595703e+00 2.104229740755234057e-15 2.548917683784997256e-17
1.114700675010681152e+00 2.082655599830430214e-15 4.958358819659263155e-17
1.115281581878662109e+00 2.053331319196486336e-15 4.152175690647526556e-17
1.115862250328063965e+00 2.022090838277616417e-15 3.209977268280225489e-17
1.116445779800415039e+00 2.044707465002253491e-15 2.149883771055946578e-17
1.117028117179870605e+00 2.001490361725681393e-15 6.132060610934025099e-17
1.117613196372985840e+00 2.005569037124947662e-15 5.203098070984307538e-17
1.118197679519653320e+00 1.953282328565650143e-15 4.060204125315715579e-17
1.118784189224243164e+00 2.057559495910942990e-15 5.325621055932397061e-17
1.119370102882385254e+00 1.911635624373287518e-15 4.513566929805004093e-17
1.119958162307739258e+00 1.900541186830150692e-15 2.987178155522537612e-17
1.120546221733093262e+00 1.791897988158235554e-15 4.466320027577200258e-17
1.121135711669921875e+00 1.704887163926247992e-15 6.881175225996748234e-17
1.121726036071777344e+00 1.852752223220773507e-15 2.971917004093179273e-17
1.122316837310791016e+00 1.857551088383442746e-15 3.108116262416975534e-17
1.122909665107727051e+00 1.844914203843355839e-15 4.706106452266522132e-17
1.123501896858215332e+00 1.906273905817167796e-15 4.358663794342403791e-17
1.124096035957336426e+00 1.801005921681824232e-15 2.474301194885161352e-17
1.124690771102905273e+00 1.856561330384576096e-15 4.093871037991113847e-17
1.125286102294921875e+00 1.773588629849505004e-15 5.171710537204860392e-17
1.125882983207702637e+00 1.818463694241208989e-15 2.833558473498374588e-17
1.126479983329772949e+00 1.807610449329802825e-15 4.529660224930590778e-17
1.127078771591186523e+00 1.741804142020261011e-15 4.180897386748837804e-17
1.127677321434020996e+00 1.811219233201579772e-15 3.271273336903874967e-17
1.128277897834777832e+00 1.828507810929750482e-15 3.436085765232615519e-17
1.128878474235534668e+00 1.800651438393398307e-15 4.075158227301694234e-17
1.129480481147766113e+00 1.906730668333974678e-15 6.112389594223024058e-17
1.130083560943603516e+00 1.800719201029178651e-15 4.818076597831905149e-17
1.130687117576599121e+00 1.872709801765742518e-15 9.349608567052580918e-17
1.131291985511779785e+00 1.809563707306171242e-15 5.880587778550554049e-17
1.131897568702697754e+00 1.821452873512069415e-15 5.149926570337153898e-17
1.132504463195800781e+00 1.818390637649508305e-15 6.991029443555220606e-17
1.133111357688903809e+00 1.698050549250721721e-15 6.181886000567279231e-17
1.133720397949218750e+00 1.674305992277697139e-15 6.086000547449112348e-17
1.134329080581665039e+00 1.871534331793190363e-15 8.410703647012220986e-17
1.134939432144165039e+00 1.857937970682101148e-15 5.328112523937406780e-17
1.135551452636718750e+00 1.798543385145919167e-15 9.712139991966401548e-17
1.136162638664245605e+00 1.777795736619398707e-15 9.761355253179836568e-17
1.136775970458984375e+00 1.891951849228518459e-15 5.741354752612158304e-17
1.137389898300170898e+00 1.738708236598046544e-15 1.168775897639784162e-16
1.138000130653381348e+00 1.825940454066622698e-15 3.369874589409175951e-17
1.138620376586914062e+00 1.889965556967207125e-15 7.168556299643391236e-17
1.139237403869628906e+00 1.770896759143130838e-15 5.466282788224794396e-17
1.139855027198791504e+00 1.736494515990397430e-15 3.362380002187200499e-17
1.140473723411560059e+00 1.829334726844507493e-15 4.724108218501391163e-17
1.141092777252197266e+00 1.742125061628151984e-15 2.796225165475896279e-17
1.141713023185729980e+00 1.771232925344072388e-15 4.867112195416293651e-17
1.142334818840026855e+00 1.758099361859539241e-15 2.180973685250997145e-17
1.142956852912902832e+00 1.710419983137713082e-15 5.833461644692182957e-17
1.143580436706542969e+00 1.749610503541275050e-15 3.561838063292112062e-17
1.144205212593078613e+00 1.713104759943153994e-15 3.742124063031514571e-17
1.144830226898193359e+00 1.721645075512963884e-15 6.602969901449033457e-17
1.145457029342651367e+00 1.631356869049812620e-15 6.530035732479007901e-17
1.146083950996398926e+00 1.608801969851206704e-15 8.437681646382270452e-17
1.146711945533752441e+00 1.831163894494103155e-15 6.873179367323565647e-17
1.147337436676025391e+00 1.711551089759652793e-15 4.833514104167859794e-17
1.147971391677856445e+00 1.680528931582937670e-15 5.807208255538729943e-17
1.148603200912475586e+00 1.781007473797150201e-15 2.317293050199736106e-17
1.149234414100646973e+00 1.580607419410663250e-15 5.738854681928778033e-17
1.149867773056030273e+00 1.714145128160619088e-15 3.516994286179897283e-17
1.150501608848571777e+00 1.722785287739086579e-15 3.359366748651792329e-17
1.151135921478271484e+00 1.717744806428213051e-15 6.071864361652826126e-17
1.151772260665893555e+00 1.721039552834795466e-15 6.526152615811438968e-17
1.152409195899963379e+00 1.747129861676122425e-15 5.623597320609109284e-17
1.153046965599060059e+00 1.644608593630487742e-15 2.976261025798062753e-17
1.153686046600341797e+00 1.586923744098338567e-15 4.122705230655732307e-17
1.154325842857360840e+00 1.539343574110459568e-15 7.310883642817225347e-17
1.154967069625854492e+00 1.619518524820749705e-15 5.711131558262940800e-17
1.155609250068664551e+00 1.577489702890056984e-15 6.076272241700998700e-17
1.156251549720764160e+00 1.720379290652410739e-15 6.151314066871809371e-17
1.156895518302917480e+00 1.542412480357480305e-15 4.446309866815052476e-17
1.157540559768676758e+00 1.592781400445075681e-15 5.187290318606174158e-17
1.158186078071594238e+00 1.678663553274846888e-15 6.471403847172269214e-17
1.158833146095275879e+00 1.695010230365670816e-15 1.029236020781355745e-16
1.159480810165405273e+00 1.748475267633717474e-15 1.103035089799866747e-16
1.160130023956298828e+00 1.547870443032231796e-15 5.984328138765524483e-17
1.160779953002929688e+00 1.591325456687863946e-15 3.374363533157378721e-17
1.161431074142456055e+00 1.541623045650639297e-15 4.093335686698669528e-17
1.162082314491271973e+00 1.592664721656591401e-15 4.862922029305345034e-17
1.162735581398010254e+00 1.499640492894690341e-15 5.453857211935267835e-17
1.163389921188354492e+00 1.410702880465936060e-15 5.977254090166970991e-17
1.164044141769409180e+00 1.431147926472049921e-15 3.387651362517430558e-17
1.164700508117675781e+00 1.461630524661364054e-15 3.427237579656258293e-17
1.165357470512390137e+00 1.391017623013509306e-15 6.597339117583262487e-17
1.166015625000000000e+00 1.544158003503534604e-15 5.420276326043575081e-17
1.166675090789794922e+00 1.426493903943361168e-15 2.826519497357793344e-17
1.167334794998168945e+00 1.394690251993685546e-15 3.650599836974972271e-17
1.167996406555175781e+00 1.372817002559382528e-15 5.327908044889983672e-17
1.168657898902893066e+00 1.401228181676186270e-15 1.474083497172778371e-17
1.169321775436401367e+00 1.398841560468178872e-15 3.005665311340852759e-17
1.169984936714172363e+00 1.339888490855753195e-15 3.935298860203473336e-17
1.170651078224182129e+00 1.382297418821526284e-15 3.392976089556556908e-17
1.171316742897033691e+00 1.311212825701169298e-15 2.622773166521284374e-17
1.171984672546386719e+00 1.355721971859659425e-15 3.839423333252657089e-17
1.172653436660766602e+00 1.343800512522647182e-15 3.860970395592928396e-17
1.173322558403015137e+00 1.306098334886529426e-15 5.574280812488697774e-17
1.173994064331054688e+00 1.379271181859223483e-15 2.933892834823096675e-17
1.174664139747619629e+00 1.344750777610348100e-15 4.617162367976655236e-17
1.175337195396423340e+00 1.364922020216262008e-15 3.613411120123568231e-17
1.176015138626098633e+00 1.363850947054458945e-15 3.961958891346057418e-17
1.176685571670532227e+00 1.300284724253049536e-15 4.114437725869387306e-17
1.177361249923706055e+00 1.237789680492561595e-15 2.539639695162357476e-17
1.178038835525512695e+00 1.201792791937503560e-15 3.944566922658762479e-17
1.178716778755187988e+00 1.304290554818851935e-15 2.375350706725240480e-17
1.179395675659179688e+00 1.225357142650999789e-15 1.923223875507228700e-17
1.180076003074645996e+00 1.234166602939799733e-15 3.455008679797623601e-17
1.180757641792297363e+00 1.224226459545533705e-15 1.530261137602072224e-17
1.181439638137817383e+00 1.241444098264371868e-15 2.472230430939696103e-17
1.182122945785522461e+00 1.206433579576391465e-15 2.568370324814284297e-17
1.182807564735412598e+00 1.225118702876347703e-15 1.785138645386811536e-17
1.183492898941040039e+00 1.204369783800406362e-15 3.048732635369548656e-17
1.184179425239562988e+00 1.198439282620205378e-15 2.400139324449984592e-17
1.184866905212402344e+00 1.241088556184761875e-15 2.968882574734089746e-17
1.185556530952453613e+00 1.228327369559665400e-15 5.145793314252348929e-17
1.186245799064636230e+00 1.175014480584769296e-15 3.234596148543273720e-17
1.186936616897583008e+00 1.206612197649143715e-15 1.767541370471480936e-17
1.187629342079162598e+00 1.221838885425460645e-15 1.966573764433172711e-17
1.188322305679321289e+00 1.205275262021021209e-15 2.379210827771780439e-17
1.189016699790954590e+00 1.228806896086929740e-15 1.816284642427393197e-17
1.189712047576904297e+00 1.198294545865343300e-15 2.530183862708018796e-17
1.190408945083618164e+00 1.168725790346998149e-15 1.706705876012900983e-17
1.191106200218200684e+00 1.207204697195748098e-15 1.866704278612705425e-17
1.191805005073547363e+00 1.205047621916446616e-15 2.810158857458229520e-17
1.192505121231079102e+00 1.157109051112760641e-15 2.042697045536835210e-17
1.193206310272216797e+00 1.149392792721510778e-15 2.818567313820953557e-17
1.193907737731933594e+00 1.180349835240405727e-15 3.043165709847066780e-17
1.194610953330993652e+00 1.152231623644233566e-15 2.037822470187060218e-17
1.195315957069396973e+00 1.098564992534740384e-15 2.363115381976601116e-17
1.196020126342773438e+00 1.090351525803452248e-15 1.927417019468382508e-17
1.196727395057678223e+00 1.164838438514692945e-15 5.025411403601791663e-17
1.197435498237609863e+00 1.133977640114429766e-15 7.648443477654805135e-17
1.198144316673278809e+00 1.063744420985181759e-15 2.239022904534253478e-17
1.198854327201843262e+00 1.080570306965914808e-15 3.008218983327926466e-17
1.199565649032592773e+00 1.099413719547889193e-15 3.482904518775361907e-17
1.200278043746948242e+00 1.057419096572441864e-15 2.476778269947512649e-17
1.200991511344909668e+00 1.024671955798643359e-15 6.241911519770047259e-17
1.201706528663635254e+00 1.003377441625551841e-15 6.240098339867331022e-17
1.202422022819519043e+00 1.116930149138871311e-15 3.252500638338106514e-17
1.203138351440429688e+00 1.107308807770128120e-15 2.765694921683299091e-17
1.203855156898498535e+00 1.030794733457871069e-15 1.697555934949084413e-16
1.204580903053283691e+00 9.971512200676406999e-16 4.342335249050607025e-17
1.205300331115722656e+00 1.097765075795177105e-15 4.095519774388054542e-17
1.206019282341003418e+00 1.027197702168237275e-15 3.316221338773271427e-17
1.206741809844970703e+00 9.822176056910737578e-16 2.782251768824160493e-17
1.207465767860412598e+00 1.039133772823589656e-15 3.677659230917296955e-17
1.208190798759460449e+00 1.023574942252830633e-15 3.141616415480883112e-17
1.208916425704956055e+00 1.021476524005126511e-15 2.437102717302529187e-17
1.209643602371215820e+00 9.370033046039944261e-16 5.608820566146461998e-17
1.210372209548950195e+00 1.036607814695758925e-15 4.854143988644932304e-17
1.211102128028869629e+00 1.083200873662731444e-15 7.029658778161446998e-17
1.211833715438842773e+00 9.771509722379537535e-16 4.068753864127063673e-17
1.212560296058654785e+00 1.064349837784231770e-15 9.448227024914623005e-17
1.213299155235290527e+00 9.577768935145245487e-16 4.262098398760718319e-17
1.214034438133239746e+00 8.477069737220779486e-16 1.502334031197179415e-17
1.214769959449768066e+00 9.451099393048101142e-16 3.885414575310605428e-17
1.215507149696350098e+00 9.176974120328191924e-16 3.506618463448277125e-17
1.216245651245117188e+00 8.781923777080298619e-16 4.316801837902320166e-17
1.216984391212463379e+00 8.532872797181484826e-16 2.189097756919125451e-17
1.217725515365600586e+00 8.715655095660674364e-16 2.114117639422011236e-17
1.218466877937316895e+00 8.844361751995965300e-16 2.642968119432276503e-17
1.219209671020507812e+00 7.787307514865553226e-16 3.157145242556463611e-17
1.219953894615173340e+00 7.761001318501794827e-16 1.526681265347065231e-17
1.220698952674865723e+00 8.065818300669871585e-16 3.359398181515069345e-17
1.221446275711059570e+00 7.578031613983025275e-16 2.233575093019979238e-17
1.222193598747253418e+00 7.114191078110650070e-16 4.371511563616577417e-17
1.222943186759948730e+00 7.891216752274382486e-16 5.645173499706942458e-17
1.223692178726196289e+00 7.301723643237160132e-16 8.051962032792873308e-17
1.224445223808288574e+00 7.122817049887251051e-16 2.407518933566815173e-17
1.225197672843933105e+00 7.117535799461120489e-16 5.365146392578140893e-17
1.225952148437500000e+00 7.352953254678284284e-16 4.942780030874684453e-17
1.226707100868225098e+00 7.333960129022882701e-16 5.230224301120126507e-17
1.227463722229003906e+00 7.539762136030483952e-16 2.240730370754685438e-17
1.228221416473388672e+00 5.581405550715188516e-16 2.809197673586442902e-17
1.228980660438537598e+00 7.427399509808056775e-16 2.483776548801956284e-17
1.229740858078002930e+00 7.555120431550980519e-16 6.709712596415326360e-17
1.230502605438232422e+00 7.053158119096241459e-16 3.050093843785565918e-17
1.231265306472778320e+00 6.808791760791335981e-16 1.214894856384310688e-16
1.232029199600219727e+00 6.621736710488840532e-16 3.163122780535016811e-17
1.232794523239135742e+00 6.707578205737143532e-16 2.031764530252966864e-17
1.233560800552368164e+00 6.662411232615992034e-16 4.142762044404428080e-17
1.234329104423522949e+00 6.343349273857466081e-16 3.696281051739335735e-17
1.235097408294677734e+00 6.661769075762854868e-16 8.282499254744872248e-17
1.235872745513916016e+00 6.914246303933312306e-16 8.536773913299182913e-17
1.236632227897644043e+00 7.105796452207767920e-16 4.344499484405290766e-17
1.237412452697753906e+00 6.733186129315009167e-16 4.344909765989117068e-17
1.238186836242675781e+00 6.120534080708670173e-16 2.561795396997345301e-17
1.238962888717651367e+00 6.211122136835149458e-16 2.478296311807669965e-17
1.239738345146179199e+00 6.535911097108298550e-16 2.947611128973921107e-17
1.240523099899291992e+00 6.524531209461937025e-16 3.257828343227438055e-17
1.241302490234375000e+00 6.396790170686515991e-16 2.956328620013494955e-17
1.242076516151428223e+00 6.210979729420892329e-16 3.458243617737195982e-17
1.242858648300170898e+00 6.029530449042444246e-16 7.663195747571320852e-17
1.243642330169677734e+00 6.329710455219895743e-16 6.364195284084986446e-17
1.244426846504211426e+00 6.085048164779043294e-16 2.143266987900012399e-17
1.245212793350219727e+00 6.659960660420466937e-16 2.371316546877819364e-17
1.245999574661254883e+00 6.421409183298462230e-16 1.505196572424980422e-17
1.246787786483764648e+00 6.607624612191991854e-16 3.715552374778351152e-17
1.247577548027038574e+00 6.392930876820588585e-16 2.518160627068438028e-17
1.248368620872497559e+00 6.457267264329288967e-16 2.649203241453578715e-17
1.249160408973693848e+00 6.236364248058919642e-16 5.241107020131119160e-17
1.249954819679260254e+00 6.590607720281652961e-16 2.323654069110268888e-17
1.250749468803405762e+00 6.424195392299336844e-16 2.912859617079343309e-17
1.251546025276184082e+00 6.292938108001626396e-16 3.708617954267196611e-17
1.252343535423278809e+00 6.668857682740189294e-16 9.243898028054631683e-18
1.253142118453979492e+00 6.398247067355793388e-16 1.446339032247137270e-17
1.253942847251892090e+00 6.107109667285873580e-16 1.976546915642602055e-17
1.254744410514831543e+00 6.562293526437309836e-16 3.133006457920941158e-17
1.255547046661376953e+00 6.276584548768106026e-16 1.805217958448168751e-17
1.256351351737976074e+00 6.574852907462722974e-16 1.288219322254563265e-17
1.257156968116760254e+00 6.468996023670800857e-16 1.727167677389502718e-17
1.257963776588439941e+00 6.102103173172008631e-16 3.533020745111989684e-17
1.258772134780883789e+00 6.399980837919704534e-16 1.714038501270938553e-17
1.259581923484802246e+00 6.519879410394734814e-16 2.173090157704999259e-17
1.260392546653747559e+00 6.855927556119261693e-16 2.719034490509795353e-17
1.261205554008483887e+00 6.225460287049796627e-16 2.027365583755409863e-17
1.262019157409667969e+00 7.056857535493374616e-16 6.491571833995292114e-17
1.262828469276428223e+00 7.023442085724192468e-16 3.562617598301382035e-17
1.263630390167236328e+00 6.585235413813692561e-16 1.564555483315704216e-16
1.264462947845458984e+00 5.958448502900047430e-16 6.233058701982259735e-17
1.265286803245544434e+00 5.871241696419888904e-16 2.984922268555982995e-17
1.266107916831970215e+00 6.989651823875850292e-16 3.274538053345499257e-17
1.266929268836975098e+00 6.586339203623083321e-16 2.653788965333450189e-17
1.267752647399902344e+00 7.180560874088352807e-16 5.092586410274978020e-17
1.268577814102172852e+00 6.565056442032134957e-16 3.609304002946119938e-17
1.269403815269470215e+00 6.911199632301156994e-16 3.147174738324994437e-17
1.270231246948242188e+00 7.428279365282017179e-16 3.317910110711859688e-17
1.271060228347778320e+00 6.876022883397277935e-16 2.297388106811505069e-17
1.271890640258789062e+00 6.995752578678449390e-16 1.407064662199242026e-17
1.272721648216247559e+00 6.895970509305116708e-16 3.125196880321705513e-17
1.273554682731628418e+00 6.979562602682867507e-16 2.955696984897749464e-17
1.274389028549194336e+00 7.229734842445609180e-16 3.825335123931898943e-17
1.275224685668945312e+00 6.043833129752425141e-16 3.953853513959772810e-17
1.276062011718750000e+00 7.602373223304745731e-16 3.858779359586397937e-17
1.276900768280029297e+00 7.439451200460709367e-16 4.810094966665258475e-17
1.277740597724914551e+00 7.660654384031761934e-16 4.841664480179467287e-17
1.278582453727722168e+00 7.118107017304925108e-16 6.645469117833027934e-17
1.279425382614135742e+00 6.814927985098601353e-16 3.830491436998309496e-17
1.280269384384155273e+00 8.084333382105666523e-16 2.328387692883664845e-17
1.281115293502807617e+00 7.495377080198766580e-16 3.774932693103327818e-17
1.281962633132934570e+00 7.657772883824321211e-16 3.825486663420118658e-17
1.282811045646667480e+00 8.228106107594651292e-16 6.263867540205164783e-17
1.283660531044006348e+00 8.092925472564377332e-16 4.955789265804428430e-17
1.284512877464294434e+00 9.148255468251534871e-16 6.492026452459951258e-17
1.285365343093872070e+00 8.297848153493610213e-16 3.425737735769577143e-17
1.286218643188476562e+00 9.751651034931160464e-16 3.930670288367871614e-17
1.287074089050292969e+00 8.562882115711520619e-16 2.913306956354611986e-17
1.287931203842163086e+00 8.018583508366235527e-16 1.564767473163089306e-17
1.288789749145507812e+00 8.865964268524502163e-16 2.541483149875493154e-17
1.289649844169616699e+00 8.294458433517816909e-16 3.300818574023044009e-17
1.290505528450012207e+00 8.714628068212128525e-16 5.735073473912675633e-17
1.291374683380126953e+00 9.215784111180199897e-16 9.125619968574041787e-17
1.292238831520080566e+00 8.983810374289216867e-16 3.415400625090624467e-17
1.293105006217956543e+00 8.309642557888534311e-16 3.874313480617898775e-17
1.293972730636596680e+00 9.342343538994201183e-16 4.028346752948338313e-17
1.294839620590209961e+00 8.882453353029583221e-16 3.576756431075628427e-17
1.295712828636169434e+00 9.472220159587887121e-16 3.139369131192699047e-17
1.296583175659179688e+00 8.788347992589630453e-16 1.932064781894195460e-17
1.297455430030822754e+00 8.836399642291774877e-16 2.741529170959807409e-17
1.298329591751098633e+00 8.875632090826225933e-16 1.144300152709932107e-17
1.299205780029296875e+00 9.014431674123643892e-16 1.821155247310227935e-17
1.300083637237548828e+00 9.238567179878972441e-16 4.722739069151493392e-17
1.300962328910827637e+00 9.494455833244496573e-16 4.031663085460185912e-17
1.301842212677001953e+00 9.182331603719575373e-16 6.693774480372654623e-17
1.302725195884704590e+00 7.440324173791973330e-16 6.928189525036302157e-17
1.303608536720275879e+00 8.860504611783856163e-16 2.201257808232022489e-17
1.304493665695190430e+00 8.770837703987515929e-16 2.964650718720268456e-17
1.305379629135131836e+00 9.451042218324161477e-16 3.832117012338098706e-17
1.306267976760864258e+00 8.761390639647670311e-16 4.750852952938700675e-17
1.307157039642333984e+00 9.260635564528499168e-16 3.133883269370247367e-17
1.308047890663146973e+00 9.034419534096477244e-16 7.468006269299427933e-17
1.308940649032592773e+00 8.312746933640221322e-16 6.508514478173848248e-17
1.309834718704223633e+00 8.762024855566926968e-16 2.118589874121840435e-17
1.310729980468750000e+00 8.661559865879870507e-16 3.477216824883447288e-17
1.311631083488464355e+00 8.634351579427286278e-16 2.262157822778381578e-17
1.312525868415832520e+00 8.627206327121604221e-16 2.607577031488072703e-17
1.313424944877624512e+00 9.121036064491517929e-16 2.454030637666181877e-17
1.314326286315917969e+00 8.640848322132726762e-16 4.413813249270294231e-17
1.315229892730712891e+00 8.723535678443691561e-16 3.101784029391759596e-17
1.316134691238403320e+00 9.174546312143124285e-16 4.434755477146666764e-17
1.317039847373962402e+00 8.572326533073406068e-16 2.759232655865789818e-17
1.317948222160339355e+00 8.206143602063531352e-16 2.140796033974193995e-17
1.318856835365295410e+00 8.258297538208346760e-16 2.656395080571359758e-17
1.319767594337463379e+00 8.125702471249566551e-16 2.904049150938918500e-17
1.320679068565368652e+00 8.262509409538568769e-16 2.186985137634665018e-17
1.321593046188354492e+00 8.099603797957885456e-16 1.746575154357344364e-17
1.322508096694946289e+00 8.661899208454364261e-16 3.563335921945323084e-17
1.323425412178039551e+00 8.230191396831672973e-16 2.890889700009934894e-17
1.324343442916870117e+00 8.342086037350742150e-16 3.193165318638452733e-17
1.325263977050781250e+00 8.133854104575705124e-16 1.255859933973427567e-17
1.326184868812561035e+00 8.033119123136711354e-16 2.293349976497143698e-17
1.327108502388000488e+00 7.993286869396485847e-16 1.746409718234833759e-17
1.328032374382019043e+00 8.094017615670743345e-16 3.641225895401276340e-17
1.328958034515380859e+00 7.743590026875390650e-16 1.891283785078596132e-17
1.329886198043823242e+00 7.432719406112405815e-16 1.942441597242550681e-17
1.330814719200134277e+00 7.279463087987725085e-16 2.106620239785953104e-17
1.331745862960815430e+00 7.214172200226587513e-16 2.190688425237064923e-17
1.332677841186523438e+00 7.256884895383069675e-16 2.396784114449347001e-17
1.333612561225891113e+00 6.685242476313639666e-16 2.287403044201254961e-17
1.334547042846679688e+00 7.055978738810598280e-16 8.477188454182293096e-18
1.335484504699707031e+00 6.803934026838832569e-16 1.861998117235646229e-17
1.336423277854919434e+00 7.055919446504290479e-16 1.381910761515994497e-17
1.337362766265869141e+00 6.706393947797763613e-16 1.399424325753334731e-17
1.338304638862609863e+00 6.627944403201030486e-16 1.598060831073858627e-17
1.339252829551696777e+00 6.613006977176200899e-16 1.647170709477254391e-17
1.340191364288330078e+00 6.465039321015939207e-16 2.375158469950883157e-17
1.341139793395996094e+00 6.628518268022795274e-16 2.998176679819287689e-17
1.342087507247924805e+00 6.758305950157019511e-16 2.540857966768525576e-17
1.343036532402038574e+00 6.291376391005126280e-16 3.085532577333052772e-17
1.343988418579101562e+00 6.564803390939142735e-16 2.303646389889958766e-17
1.344941496849060059e+00 6.331502988694522657e-16 1.606296241252436571e-17
1.345895767211914062e+00 6.137063928674337844e-16 1.658623025058051059e-17
1.346851229667663574e+00 6.448466062611724753e-16 1.421522952126056397e-17
1.347809672355651855e+00 6.738176741561113098e-16 2.532487395277856467e-17
1.348767876625061035e+00 6.131209872217626561e-16 3.168601694040323045e-17
1.349729061126708984e+00 6.354183884044032650e-16 2.635198577374688424e-17
1.350690960884094238e+00 6.405486022681265452e-16 2.508202861418402170e-17
1.351655483245849609e+00 6.531084597495725140e-16 2.672869044214843347e-17
1.352620959281921387e+00 6.469416893166467838e-16 3.474585728791038618e-17
1.353588223457336426e+00 5.909371413936133268e-16 7.232242589365073943e-17
1.354556918144226074e+00 5.701632877852871872e-16 4.774927217486443993e-17
1.355528354644775391e+00 6.731096604913251215e-16 5.603630504111059281e-17
1.356498599052429199e+00 5.636783506015490604e-16 8.676726255498254771e-17
1.357473492622375488e+00 4.970615386406032881e-16 6.946206180522197142e-17
1.358449220657348633e+00 6.190743053519803026e-16 1.126761475269194763e-16
1.359425306320190430e+00 7.038046521921632707e-16 8.338895105419757590e-17
1.360403299331665039e+00 6.565147498073964794e-16 1.187799463541727696e-16
1.361384868621826172e+00 4.914174934152518680e-16 1.706166818951312426e-16
1.362365365028381348e+00 6.574625267358148381e-16 1.053700913101571104e-16
1.363349914550781250e+00 6.614206058192157768e-16 1.627998383413949320e-16
1.364334344863891602e+00 4.083010619769435624e-16 9.558067345838804486e-17
1.365321040153503418e+00 7.854807570432248420e-16 1.970033199190991983e-16
1.366309762001037598e+00 5.279644239904331647e-16 1.469303319674507930e-16
1.367300510406494141e+00 7.649322671384275497e-16 1.628444796246931938e-16
1.368291139602661133e+00 6.443703619865787449e-16 1.520963329731955674e-16
1.369284987449645996e+00 4.829602929533913062e-16 2.855267861762053301e-16
1.370280146598815918e+00 5.292351322299922254e-16 1.098553557589952451e-16
1.371276736259460449e+00 6.586667958285736396e-16 1.640491589990358216e-16
1.372274041175842285e+00 5.781140154842488808e-16 9.580444897514079033e-17
1.373274922370910645e+00 6.269991456064915366e-16 8.606706409262376042e-17
1.374276518821716309e+00 5.990356234023116924e-16 5.278410549651545559e-17
1.375279426574707031e+00 5.057428322565718157e-16 6.449074602844767764e-17
1.376284480094909668e+00 4.230655079920760597e-16 5.154627934066660286e-17
1.377291679382324219e+00 4.311600460036137724e-16 4.393232333885484860e-17
1.378298759460449219e+00 4.831013768786683506e-16 6.039411750116655702e-17
1.379310607910156250e+00 4.816275395504458681e-16 5.062370495115150982e-17
1.380319833755493164e+00 6.472228513155760081e-16 1.220039125701002469e-16
1.381333351135253906e+00 6.441780855075520187e-16 1.164094981815020084e-16
1.382349491119384766e+00 4.360753517267508756e-16 1.343480942873515895e-16
1.383364439010620117e+00 3.860653883203341106e-16 1.665885902446838157e-16
1.384384512901306152e+00 8.346610252080264181e-16 1.873566469712771836e-16
1.385403156280517578e+00 5.140844656606913688e-16 1.731342888074976377e-16
1.386424779891967773e+00 3.832199928922701022e-16 1.305004868291183328e-16
1.387448191642761230e+00 6.058777437919951169e-16 1.321438101561304805e-16
1.388473272323608398e+00 5.410893583268161586e-16 9.531886086834766097e-17
1.389500617980957031e+00 4.873768286194936350e-16 7.443892300082282070e-17
1.390527963638305664e+00 5.627109330966662427e-16 4.083647416492203446e-17
1.391559600830078125e+00 5.222470574755850442e-16 4.815855452451077759e-17
1.392590165138244629e+00 3.935932348203790947e-16 1.285117196434142398e-16
1.393624067306518555e+00 5.092281081367272446e-16 5.117736009619040273e-17
1.394658446311950684e+00 6.106765560151051521e-16 5.129266245613539436e-17
1.395695686340332031e+00 5.345051594695716685e-16 5.885613066207936203e-17
1.396733760833740234e+00 4.477846028406963150e-16 1.050036966209104221e-16
1.397773265838623047e+00 5.346636605098266295e-16 6.792181841742373177e-17
1.398815751075744629e+00 5.576942745874342421e-16 1.186757877714400924e-16
1.399859070777893066e+00 6.151444959931939762e-16 8.228450611776167377e-17
1.400905489921569824e+00 3.726470629468459084e-16 7.034052099830838639e-17
1.401951551437377930e+00 8.128549031347933034e-16 1.165921661305333186e-16
1.403001308441162109e+00 6.305777009899633453e-16 5.068876436069003056e-17
1.404051065444946289e+00 5.492715377786150897e-16 6.050566776985300812e-17
1.405103683471679688e+00 6.178280022492140065e-16 8.665533509193677243e-17
1.406156778335571289e+00 4.705844533797363342e-16 9.322889309778138039e-17
1.407212257385253906e+00 6.007289481429914455e-16 7.140898688682068202e-17
1.408270239830017090e+00 7.329138923366229630e-16 1.067706007314379922e-16
1.409328222274780273e+00 5.843479132782445143e-16 5.061982712843986123e-17
1.410388827323913574e+00 6.427111832615851807e-16 5.743643726803215042e-17
1.411452054977416992e+00 5.191877862283393250e-16 5.811564519516679208e-17
1.412515163421630859e+00 5.878455770152535374e-16 7.932219367319697022e-17
1.413582205772399902e+00 4.127368676425959265e-16 6.035441283176401169e-17
1.414647102355957031e+00 4.306957925391796107e-16 7.126070979893687650e-17
1.415716886520385742e+00 5.067132673163292269e-16 9.670664494308502698e-17
1.416789770126342773e+00 5.325790065475153896e-16 7.317869679398603198e-17
1.417862057685852051e+00 4.743089101883726962e-16 5.311962649657921468e-17
1.418937921524047852e+00 2.192749527712975553e-16 8.601097462964776472e-17
1.420013070106506348e+00 5.771713207535140479e-16 4.257843712561990566e-17
1.421092033386230469e+00 5.315839545927284002e-16 3.969756888416717320e-17
1.422170877456665039e+00 5.209663965988957455e-16 2.527887774763694102e-17
1.423253178596496582e+00 4.635129458800246044e-16 1.705044401034526972e-17
1.424334764480590820e+00 5.090295318501553146e-16 1.634148570529954587e-17
1.425419330596923828e+00 4.994940055068808251e-16 2.984405115237014842e-17
1.426506519317626953e+00 4.472211141725353917e-16 3.100675938243183561e-17
1.427594423294067383e+00 5.001471737883322975e-16 4.324537630990916081e-17
1.428685307502746582e+00 4.878951069040948600e-16 3.807695662805328138e-17
1.429781556129455566e+00 5.076525209757158392e-16 3.412952170477467505e-17
1.430870413780212402e+00 5.186343560764270465e-16 1.770484644527067119e-17
1.431964874267578125e+00 4.768289920251318498e-16 2.994312753741929986e-17
1.433062791824340820e+00 4.706805916192496973e-16 4.310695590620453716e-17
1.434160828590393066e+00 5.163182503612785690e-16 4.386830948561059489e-17
1.435261726379394531e+00 4.523356049871752639e-16 5.087277565103612688e-17
1.436364173889160156e+00 4.776310263470632655e-16 3.022429284507097439e-17
1.437468409538269043e+00 5.497525466135371255e-16 2.527858658006132235e-17
1.438574314117431641e+00 5.476965858923141250e-16 3.584507775159740338e-17
1.439681529998779297e+00 4.501833472077612901e-16 3.655693946059318836e-17
1.440788865089416504e+00 4.815010669435089603e-16 4.253002720745085227e-17
1.441900968551635742e+00 4.926110157774923805e-16 1.408715549265775359e-17
1.443014621734619141e+00 4.909732246344169874e-16 1.498823642113626876e-17
1.444130063056945801e+00 5.123550361406349011e-16 2.132021963780721520e-17
1.445245623588562012e+00 5.024644971133424530e-16 1.386725945297788182e-17
1.446362733840942383e+00 5.529994356585996723e-16 1.534909561772375219e-17
1.447481513023376465e+00 4.848980925784723318e-16 1.307050750643822982e-17
1.448603868484497070e+00 4.891081639636814249e-16 2.074711251348352529e-17
1.449727177619934082e+00 4.827765397433963265e-16 3.973393836133990473e-17
1.450844645500183105e+00 3.989993167271112598e-16 7.562989102933176952e-17
1.451972246170043945e+00 4.081900477212940456e-16 5.101519630018305697e-17
1.453108191490173340e+00 4.882111560725391208e-16 4.423198440500320883e-17
1.454239368438720703e+00 4.674301556237205231e-16 2.752797521572372284e-17
1.455371141433715820e+00 5.143865917250651371e-16 4.059406061460724417e-17
1.456505060195922852e+00 4.764214632983841246e-16 2.341402883513819203e-17
1.457640647888183594e+00 4.001143032532735377e-16 1.264987044852337674e-17
1.458777666091918945e+00 5.196525426185859189e-16 2.364610428215729458e-17
1.459917664527893066e+00 4.749665783323564570e-16 2.216919315077856494e-17
1.461058139801025391e+00 4.966701035398533946e-16 2.944050612745247855e-17
1.462201714515686035e+00 5.079029780303070951e-16 2.909211750577984457e-17
1.463350892066955566e+00 4.575728097000486029e-16 2.616481299909961025e-17
1.464497208595275879e+00 4.111778240938355816e-16 2.423735809475917281e-17
1.465640187263488770e+00 4.892659238501075383e-16 2.939823719815101884e-17
1.466789603233337402e+00 4.847261978297389123e-16 2.491380158428666225e-17
1.467941284179687500e+00 5.098139902384312035e-16 5.054148981570863930e-17
1.469094872474670410e+00 4.948791582520025833e-16 2.794515879458116703e-17
1.470249414443969727e+00 5.077613117698788134e-16 5.004116465912226519e-17
1.471407175064086914e+00 5.042683067140796890e-16 4.770810174141645063e-17
1.472565650939941406e+00 4.844376772320804162e-16 4.276836772042943145e-17
1.473729252815246582e+00 4.657555185474395679e-16 1.262599801604509636e-17
1.474891781806945801e+00 4.811785062092826821e-16 2.154839079233506746e-17
1.476052403450012207e+00 4.503687944836507785e-16 3.036428489193944880e-17
1.477217555046081543e+00 4.920372568348459989e-16 1.497886942787971827e-17
1.478385567665100098e+00 4.900689640236638184e-16 3.702945811370797989e-17
1.479554295539855957e+00 4.961185792120724383e-16 2.044577061633045731e-17
1.480726003646850586e+00 5.227315073818553006e-16 5.061376554891107264e-17
1.481898903846740723e+00 5.172584039931716390e-16 4.581806352490423685e-17
1.483073830604553223e+00 4.606896791877076146e-16 2.608653855209494234e-17
1.484249830245971680e+00 4.752214823099207980e-16 2.523664686864365874e-17
1.485428333282470703e+00 5.583789948461709372e-16 4.010908793018985426e-17
1.486608147621154785e+00 5.655533109698556576e-16 3.206118305286543104e-17
1.487790226936340332e+00 5.025716997207293254e-16 3.286935836366444035e-17
1.488971471786499023e+00 5.644486211879584398e-16 4.132233027823363101e-17
1.490158915519714355e+00 5.552620194793935187e-16 2.870049711657273914e-17
1.491347074508666992e+00 5.546662906196777286e-16 3.534987118864150741e-17
1.492535710334777832e+00 5.674828520237009538e-16 1.619479845855306726e-17
1.493726968765258789e+00 5.438111398841402426e-16 3.136070334909837572e-17
1.494919776916503906e+00 5.773895376165504370e-16 2.885615927296541810e-17
1.496113419532775879e+00 5.167431962030042108e-16 1.838797189978636399e-17
1.497309803962707520e+00 5.401633924967895982e-16 1.443778742815163139e-17
1.498507499694824219e+00 5.652857014980825021e-16 6.398117961005786111e-18
1.499706864356994629e+00 5.347443403980526016e-16 1.486728607196876505e-17
1.500905275344848633e+00 5.627903424354713333e-16 1.029896938090785614e-17
1.502109766006469727e+00 5.477198263588044149e-16 1.958026010855294744e-17
1.503315448760986328e+00 5.597027485240517984e-16 3.826638429705037493e-17
1.504521727561950684e+00 4.517429995614524740e-16 3.304904515376810945e-17
1.505731344223022461e+00 5.614981936744348982e-16 4.198093479067080186e-17
1.506942033767700195e+00 6.064189978452906148e-16 3.716426208377452171e-17
1.508154749870300293e+00 4.178830163136394282e-16 5.748729894953681098e-17
1.509368658065795898e+00 5.104253362681119947e-16 1.518680609026329837e-17
1.510593891143798828e+00 5.421980185756536310e-16 2.866168911095420130e-17
1.511803030967712402e+00 4.809759065162112941e-16 2.548483744835651938e-17
1.513021469116210938e+00 5.215168091959334305e-16 2.302915989409074442e-17
1.514241814613342285e+00 5.176097109080453600e-16 1.844300588030074202e-17
1.515464305877685547e+00 5.033277825052721952e-16 1.854296900296655031e-17
1.516689181327819824e+00 5.311430210041233335e-16 1.833567588709953647e-17
1.517915725708007812e+00 5.242779777853048395e-16 1.337503074022717675e-17
1.519150614738464355e+00 5.195975913561327961e-16 3.539218313133481988e-17
1.520372629165649414e+00 5.006161653433151629e-16 2.772846725259432569e-17
1.521597504615783691e+00 5.533460838922634947e-16 4.286543571095130414e-17
1.522839188575744629e+00 4.973085016842871200e-16 4.495189623572035987e-17
1.524074435234069824e+00 6.348888869332509205e-16 3.177029340993258312e-17
1.525311708450317383e+00 6.121895156775789427e-16 3.433187655238474731e-17
1.526551246643066406e+00 5.977013347521493557e-16 7.547170762643202893e-17
1.527791738510131836e+00 6.638983360086122155e-16 3.809880412239203195e-17
1.529033899307250977e+00 6.175757981891690385e-16 3.641741063486774366e-17
1.530278086662292480e+00 6.240967342731654731e-16 1.551628536313297014e-17
1.531524181365966797e+00 6.732080751318842305e-16 3.035464989216443113e-17
1.532772183418273926e+00 6.075920855376786174e-16 2.792200435487458268e-17
1.534021854400634766e+00 6.537775098987850045e-16 1.840233175522028455e-17
1.535273671150207520e+00 6.451997660606183151e-16 2.210085810601433422e-17
1.536526799201965332e+00 6.750341722870460952e-16 3.433969175481214832e-17
1.537782311439514160e+00 6.781966756747384324e-16 1.707870050007008115e-17
1.539038062095642090e+00 7.697522022456597390e-16 3.378252605525358036e-17
1.540296196937561035e+00 7.751522490426427173e-16 3.933100545007552410e-17
1.541557192802429199e+00 7.396073055045040544e-16 1.895908386447257599e-17
1.542819142341613770e+00 8.563613740419711521e-16 2.608303957810384304e-17
1.544083595275878906e+00 7.410690196736689599e-16 2.331724208602458737e-17
1.545349240303039551e+00 7.806358344640486509e-16 3.044420708272432233e-17
1.546616315841674805e+00 8.003412089489726940e-16 3.664104718527758022e-17
1.547886133193969727e+00 8.435277131603252307e-16 2.319758875605756681e-17
1.549156546592712402e+00 8.473097152698156817e-16 1.498165537218279687e-17
1.550428628921508789e+00 8.585062732226558541e-16 3.377127970764530940e-17
1.551703453063964844e+00 8.741835295873528686e-16 1.889323201590722946e-17
1.552979826927185059e+00 9.320900899934458569e-16 1.920040057329512097e-17
1.554258227348327637e+00 8.588342337919208785e-16 2.307514782742624255e-17
1.555539131164550781e+00 9.315802820383171749e-16 2.316043676602536013e-17
1.556819915771484375e+00 9.605855488885014018e-16 1.777284400034498027e-17
1.558102965354919434e+00 1.005186704000887027e-15 1.906282554817652651e-17
1.559388637542724609e+00 1.071735435688697235e-15 2.408248175994841923e-17
1.560674905776977539e+00 1.036742704692609172e-15 2.743022397401588135e-17
1.561963796615600586e+00 1.064870127772082724e-15 1.071265646731603868e-17
1.563254475593566895e+00 1.040862672948054089e-15 2.257044357667701271e-17
1.564546823501586914e+00 1.078361350918593999e-15 5.602400982848560460e-17
1.565841078758239746e+00 1.022293487282753283e-15 3.356076224175056385e-17
1.567136764526367188e+00 1.026690647070187170e-15 1.985736395939698661e-17
1.568435072898864746e+00 1.087323277137899717e-15 1.508321991651450782e-17
1.569734334945678711e+00 1.064660169480282064e-15 2.643247871915441937e-17
1.571035623550415039e+00 1.046315976941595682e-15 2.718017720100845172e-17
1.572359681129455566e+00 1.036400185744563215e-15 3.931673823887020947e-17
1.573642134666442871e+00 1.008013147066756220e-15 1.273965345939049492e-17
1.574949383735656738e+00 1.062908399466241764e-15 1.274802783591198177e-17
1.576256990432739258e+00 1.069731567493730374e-15 1.326542269161900016e-17
1.577565908432006836e+00 1.103538452363662416e-15 2.058490239536187657e-17
1.578875899314880371e+00 1.126342485127879503e-15 2.241020214841324019e-17
1.580190777778625488e+00 1.121963642427929991e-15 3.319232937947454490e-17
1.581506133079528809e+00 1.102550917826282308e-15 3.776285960585464571e-17
1.582823395729064941e+00 1.244911215875720532e-15 4.761529207668800093e-17
1.584142565727233887e+00 1.139492777513120923e-15 4.305387076321333406e-17
1.585463166236877441e+00 1.162911862076163039e-15 5.444513379735868835e-17
1.586786031723022461e+00 1.100762725395510074e-15 1.430415970891613998e-17
1.588110327720642090e+00 1.119791955830288371e-15 1.818193609845043075e-17
1.589436411857604980e+00 1.095598259636982198e-15 2.296590539264881440e-17
1.590763807296752930e+00 1.095951684134224054e-15 1.636386590395278058e-17
1.592092514038085938e+00 1.155823149219710206e-15 2.542227943299035900e-17
1.593422293663024902e+00 1.104936480243105638e-15 2.039925825048660057e-17
1.594755291938781738e+00 1.151193690646491827e-15 2.815849198328104308e-17
1.596089601516723633e+00 1.177096911085593993e-15 1.361138932845807887e-17
1.597425460815429688e+00 1.140937815721136759e-15 1.658091147924179462e-17
1.598762869834899902e+00 1.202318905276866887e-15 2.220607547993107934e-17
1.600103139877319336e+00 1.155759833506902947e-15 1.636402803135284098e-17
1.601444244384765625e+00 1.150400761928743396e-15 2.707987658865272179e-17
1.602788209915161133e+00 1.149342500140267554e-15 2.774609612580905581e-17
1.604132771492004395e+00 1.171586008851639108e-15 2.256064810386315976e-17
1.605479955673217773e+00 1.161342521783137634e-15 1.680897179156756478e-17
1.606828093528747559e+00 1.114038272777826723e-15 3.720711003950476854e-17
1.608178496360778809e+00 1.133398587215863045e-15 2.530278492170094862e-17
1.609529495239257812e+00 1.071493290144900912e-15 2.841802486355323083e-17
1.610883474349975586e+00 1.061503383564983694e-15 3.711129274606907603e-17
1.612239599227905273e+00 1.170181416466854665e-15 3.109994293279715928e-17
1.613595962524414062e+00 1.064341367454759227e-15 3.855381632502275120e-17
1.614954710006713867e+00 1.142923896224211280e-15 3.891621407754958326e-17
1.616315364837646484e+00 1.145517193471348727e-15 2.044280600101506726e-17
1.617677927017211914e+00 1.200159818294315676e-15 2.929992843671031660e-17
1.619040966033935547e+00 1.163274603935824693e-15 7.534252186708594728e-18
1.620406270027160645e+00 1.203321262890823945e-15 1.808706840835794911e-17
1.621773719787597656e+00 1.102512060189827017e-15 7.167769485444730796e-17
1.623143672943115234e+00 1.156978396280646665e-15 1.323067779716932278e-17
1.624515414237976074e+00 1.128086843603631328e-15 2.064381419858790320e-17
1.625887393951416016e+00 1.143150583416720212e-15 3.837929775938631342e-17
1.627260923385620117e+00 1.148409916865340569e-15 1.762438824144886329e-17
1.628628253936767578e+00 9.600356127474965473e-16 6.492409602519685820e-17
1.630014181137084961e+00 1.095433405849622829e-15 2.493953682750441205e-17
1.631392717361450195e+00 1.086140289747940680e-15 1.378367533362123603e-17
1.632774233818054199e+00 1.108513288621123735e-15 2.348089315277330347e-17
1.634156823158264160e+00 1.062956680344235259e-15 1.894506480745102728e-17
1.635540485382080078e+00 1.062000274267666747e-15 1.327975773163454413e-17
1.636927843093872070e+00 1.074658016994079791e-15 2.312903202688917188e-17
1.638315796852111816e+00 1.067061931402221633e-15 3.118676380989072506e-17
1.639705181121826172e+00 1.006450265399953629e-15 2.817259044964139688e-17
1.641096234321594238e+00 1.004803315713136049e-15 2.870892774137587960e-17
1.642488837242126465e+00 1.020448755402751824e-15 2.124025443363048891e-17
1.643883585929870605e+00 1.035849190812374292e-15 5.571217597244291402e-17
1.645279765129089355e+00 1.026410490922882810e-15 2.719623443105933109e-17
1.646677732467651367e+00 1.043362796570993564e-15 2.578461762851308724e-17
1.648077607154846191e+00 1.043152944158311311e-15 2.954075380024900508e-17
1.649479150772094727e+00 1.081582617217002103e-15 3.195157500425725445e-17
1.650882363319396973e+00 1.054967253827495885e-15 1.860450627745682025e-17
1.652286887168884277e+00 1.049373130606473265e-15 1.821434007176658305e-17
1.653693914413452148e+00 1.043909662217564621e-15 2.398091886997793338e-17
1.655101656913757324e+00 1.058011278481691027e-15 2.713342660714817970e-17
1.656511783599853516e+00 1.055483202771492161e-15 8.346330135637629224e-18
1.657922625541687012e+00 1.049794000102140246e-15 1.077348650238257579e-17
1.659335970878601074e+00 1.052728122231429142e-15 1.360840237926614989e-17
1.660750865936279297e+00 1.035480943238555485e-15 2.584364358266364619e-17
1.662166476249694824e+00 1.025721641378528250e-15 1.367645866416395024e-17
1.663582921028137207e+00 1.012635194101686124e-15 1.458338610521199021e-17
1.665002107620239258e+00 1.073835971518769493e-15 2.481890742441457892e-17
1.666426897048950195e+00 1.001246412609378428e-15 2.915483764854606534e-17
1.667847752571105957e+00 9.549067223727533520e-16 2.099029534176798990e-17
1.669272780418395996e+00 9.944885719979468068e-16 3.928880600394551884e-17
1.670701861381530762e+00 9.789695519757087364e-16 1.735055175402440859e-17
1.672139644622802734e+00 1.027232007002601075e-15 1.962195993759297067e-17
1.673549056053161621e+00 8.602718604616482398e-16 5.130915312882725152e-17
1.674981355667114258e+00 8.034883598644960469e-16 3.661303554101408449e-17
1.676409482955932617e+00 9.331854094733640741e-16 4.907620553501995501e-17
1.677857041358947754e+00 9.105769354408443234e-16 2.353800666534763982e-17
1.679292321205139160e+00 9.224345496694572738e-16 1.011308204493248955e-17
1.680729746818542480e+00 9.269661759372677806e-16 1.083793876135148260e-17
1.682168722152709961e+00 8.900389275687693030e-16 2.798540609446554714e-17
1.683609485626220703e+00 8.348946474827909948e-16 4.905136695558621270e-17
1.685051441192626953e+00 9.041026391085060787e-16 8.917379234597287198e-18
1.686496257781982422e+00 8.846925085452593627e-16 2.198001363596523730e-17
1.687942624092102051e+00 9.022443547013485506e-16 2.015252516301305836e-17
1.689390659332275391e+00 8.696854670000773134e-16 1.273718184372018647e-17
1.690839529037475586e+00 8.242695191319922548e-16 1.931316845184325012e-17
1.692290902137756348e+00 8.353912734876780318e-16 1.261208152941950422e-17
1.693746089935302734e+00 8.168762449914422977e-16 3.451492169577538170e-17
1.695199847221374512e+00 7.954183063990899038e-16 2.232516632708156384e-17
1.696652650833129883e+00 8.495828870024502068e-16 1.601308838467109346e-17
1.698109745979309082e+00 8.274191052672389638e-16 1.393323041555143599e-17
1.699568867683410645e+00 8.747409302062054016e-16 2.919222621223346219e-17
1.701029419898986816e+00 8.546423736150777530e-16 3.446486072510367247e-17
1.702491521835327148e+00 8.164032300299599743e-16 1.816442799360513336e-17
1.703956723213195801e+00 8.519454736505792641e-16 2.172576809416848850e-17
1.705429792404174805e+00 8.810137915157747329e-16 2.333142657916864669e-17
1.706889033317565918e+00 8.205435270761389944e-16 2.005155122563871028e-17
1.708355069160461426e+00 8.479383725353559827e-16 2.292780545363462194e-17
1.709825038909912109e+00 8.788604220056174879e-16 2.177404897216198362e-17
1.711297273635864258e+00 8.574666461590196073e-16 4.259092093542455595e-17
1.712770581245422363e+00 7.932996652397700851e-16 1.942133720618558445e-17
1.714245319366455078e+00 8.117138438757233541e-16 1.409026900048340319e-17
1.715722084045410156e+00 8.186714783835885838e-16 3.363788856206500815e-17
1.717199683189392090e+00 8.449193353531048428e-16 2.031854692939735144e-17
1.718679428100585938e+00 7.949693789370451246e-16 2.091310946444944178e-17
1.720158815383911133e+00 8.437302069742782119e-16 1.435521660504536306e-17
1.721642017364501953e+00 8.437557767813734511e-16 1.909616423558486374e-17
1.723126411437988281e+00 8.976068493151312562e-16 1.286380168880612863e-17
1.724612116813659668e+00 8.559009586955792365e-16 1.638588710622016729e-17
1.726099729537963867e+00 8.954796319472204877e-16 1.273909759401885928e-17
1.727588534355163574e+00 9.001982407381373813e-16 1.813913942791816220e-17
1.729078769683837891e+00 9.558362351532465398e-16 1.373254399123688318e-17
1.730568528175354004e+00 9.511410256474975462e-16 2.301734444622103697e-17
1.732063651084899902e+00 9.820548694860825253e-16 1.835713791527283733e-17
1.733558535575866699e+00 1.000112023734768107e-15 1.251232354754560909e-17
1.735055088996887207e+00 9.610613696466215050e-16 2.532367619525158789e-17
1.736553788185119629e+00 9.998948656629157855e-16 3.190406836731710897e-17
1.738052725791931152e+00 9.583702400940761860e-16 3.788765799923174611e-17
1.739554166793823242e+00 1.021905334434674000e-15 2.490303003834999673e-17
1.741057276725769043e+00 9.975927359913970040e-16 2.705352923178168276e-17
1.742551088333129883e+00 1.007436847025268076e-15 6.078559892403075354e-17
1.744057536125183105e+00 9.605865018005670629e-16 3.610323751205275311e-17
1.745574235916137695e+00 1.017766943212626302e-15 2.442119071409295768e-17
1.747082948684692383e+00 9.969694256213362457e-16 2.284171580420255303e-17
1.748584151268005371e+00 9.514873562438061483e-16 2.238449833805876741e-17
1.750105023384094238e+00 9.626275335660947063e-16 1.472072124795294429e-17
1.751616716384887695e+00 9.341550504397334344e-16 2.272648458179024096e-17
1.753133177757263184e+00 1.029348001183960724e-15 4.609695574023261566e-18
1.754649758338928223e+00 1.030024780508816910e-15 1.046179078550218156e-17
1.756168365478515625e+00 1.035392745932922631e-15 1.054856947638450714e-17
1.757686853408813477e+00 1.029042434048238735e-15 7.630203483403520833e-18
1.759205222129821777e+00 1.055706819469567296e-15 1.959913637013140753e-17
1.760727286338806152e+00 1.064228394435419184e-15 1.753388971935188675e-17
1.762251734733581543e+00 1.105804794893159703e-15 1.895492645471388447e-17
1.763777613639831543e+00 1.093641613528824764e-15 1.923916225679935584e-17
1.765304565429687500e+00 1.138473690998455592e-15 6.616112808765766003e-17
1.766833066940307617e+00 1.180541370565603605e-15 3.112198233303802215e-17
1.768363237380981445e+00 1.115866593394475130e-15 3.819807572206574591e-17
1.769894719123840332e+00 1.101397047193885138e-15 2.375793082916833839e-17
1.771427989006042480e+00 1.092031403896094339e-15 1.769202349141487415e-17
1.772961974143981934e+00 1.116515950027663958e-15 1.222879333052264545e-17
1.774497151374816895e+00 1.125923944972817472e-15 1.326040584120386604e-17
1.776033282279968262e+00 1.140878629293947365e-15 1.036046281482566077e-17
1.777571320533752441e+00 1.153710754928376388e-15 1.667653686677537483e-17
1.779111027717590332e+00 1.160605708998144799e-15 1.779910533043231380e-17
1.780652523040771484e+00 1.166305393700218986e-15 3.169105281597245328e-17
1.782193899154663086e+00 1.156130516300445110e-15 1.507115300573858425e-17
1.783738374710083008e+00 1.206185187164609141e-15 2.623293793998825250e-17
1.785284519195556641e+00 1.188824399877685001e-15 3.125383492267897476e-17
1.786831974983215332e+00 1.171572985720075073e-15 3.068555191568769411e-17
1.788380622863769531e+00 1.111634922669111052e-15 2.624706453048943311e-17
1.789930939674377441e+00 1.215308049643893176e-15 1.630725862591332669e-17
1.791482686996459961e+00 1.219495674656000030e-15 3.149024314174663007e-17
1.793035387992858887e+00 1.223429083904812188e-15 1.990995113965943279e-17
1.794587731361389160e+00 1.225963194724760241e-15 1.070284362370932212e-17
1.796143770217895508e+00 1.288547918098538730e-15 2.791132049008284777e-17
1.797700881958007812e+00 1.218601843138409930e-15 2.286171206833040992e-17
1.799269318580627441e+00 1.205242651252551919e-15 3.516297138359637591e-17
1.800819396972656250e+00 1.243862165570546081e-15 4.497046147738850003e-17
1.802381753921508789e+00 1.254753103448105062e-15 4.633535581021529866e-17
1.803944110870361328e+00 1.262362318050645662e-15 5.037470042571589701e-17
1.805508255958557129e+00 1.192992754890241820e-15 2.513436598590147687e-17
1.807072401046752930e+00 1.278728794536611660e-15 3.219276763598791647e-17
1.808639407157897949e+00 1.287573089055367437e-15 2.785593578498874725e-17
1.810207843780517578e+00 1.268236809177209455e-15 2.753929600958712358e-17
1.811777591705322266e+00 1.233999525690953822e-15 3.062642173677995348e-17
1.813348770141601562e+00 1.227437561448574757e-15 2.799927295025438610e-17
1.814921379089355469e+00 1.223648253679914238e-15 4.180570815843001869e-17
1.816495418548583984e+00 1.244810524834115677e-15 3.564849000721805083e-17
1.818071126937866211e+00 1.149291360526077076e-15 2.611834033792515605e-17
1.819645643234252930e+00 1.242915182735515774e-15 2.996228173168357777e-17
1.821223139762878418e+00 1.184175671304916588e-15 1.751072039039427644e-17
1.822801947593688965e+00 1.136950937517529174e-15 4.997246565488851113e-17
1.824383497238159180e+00 1.164809215878012671e-15 3.545912189522506110e-17
1.825964808464050293e+00 1.176692452853280065e-15 2.249794615907041515e-17
1.827548980712890625e+00 1.224796300960799035e-15 5.735116487304528390e-17
1.829133033752441406e+00 1.206326959304155830e-15 6.320428165258070688e-17
1.830719113349914551e+00 1.147309621066857233e-15 8.679824543200633392e-17
1.832306623458862305e+00 1.048631765019388939e-15 9.123978180494246538e-17
1.833894729614257812e+00 1.062519293706096820e-15 1.137764697951824141e-16
1.835483789443969727e+00 1.155643048839300260e-15 1.023226586718382501e-16
1.837075352668762207e+00 1.210999193041210550e-15 1.265475031782907207e-16
1.838667154312133789e+00 1.021320034668121279e-15 1.404981490544588481e-16
1.840260863304138184e+00 1.195408069339337458e-15 9.383804213575523082e-17
1.841855764389038086e+00 1.000743275038709374e-15 1.064667541313901137e-16
1.843452811241149902e+00 9.224469375263108679e-16 9.711532510524542605e-17
1.845050930976867676e+00 1.019971664095210839e-15 8.828497354289484289e-17
1.846648931503295898e+00 1.003104802895654363e-15 8.676583980432895651e-17
1.848250389099121094e+00 9.677080371837259998e-16 1.159167367644368192e-16
1.849851846694946289e+00 1.017151679655564460e-15 9.991003752281708535e-17
1.851454734802246094e+00 8.942376698883088698e-16 9.013951909368363136e-17
1.853059053421020508e+00 6.199429905789487910e-16 7.974522045590148899e-17
1.854664087295532227e+00 6.509963830955939161e-16 8.412160808379294400e-17
1.856271028518676758e+00 8.824982696953970977e-16 1.033727876205314702e-16
1.857879281044006348e+00 7.823159772544867590e-16 1.571779747913497338e-16
1.859488248825073242e+00 6.229778037498425423e-16 1.555669181256720546e-16
1.861099481582641602e+00 7.203601229044853844e-16 6.401563333693191982e-17
1.862710952758789062e+00 6.620436514914805181e-16 5.467470950456665565e-17
1.864324808120727539e+00 7.167720384003569648e-16 6.255088176055771968e-17
1.865938186645507812e+00 6.931411426609420702e-16 6.302516727146092448e-17
1.867554306983947754e+00 7.523664274867915974e-16 5.000540398688037270e-17
1.869170665740966797e+00 8.786228292639126566e-16 7.901014805891746606e-17
1.870789051055908203e+00 9.516580333826778898e-16 1.492976964107979566e-16
1.872408032417297363e+00 9.408331640750047450e-16 3.404397997978036126e-16
1.874028801918029785e+00 7.701241026490635803e-16 2.827736379300532354e-16
1.875651001930236816e+00 6.951970504426058673e-16 1.653538676704932619e-16
1.877273917198181152e+00 6.465415721281875337e-16 1.232618359061116880e-16
1.878898739814758301e+00 6.294931282405634172e-16 6.610167696267224883e-17
1.880523920059204102e+00 6.084941226869452439e-16 4.652085271694154022e-17
1.882150888442993164e+00 5.973291167113902941e-16 4.231613815337934058e-17
1.883779406547546387e+00 5.689451485280170966e-16 4.689414609249692076e-17
1.885407924652099609e+00 5.488362687228447861e-16 3.900801789065316849e-17
1.887038469314575195e+00 5.955364773576449743e-16 2.779319248116537500e-17
1.888670444488525391e+00 6.422925901669639462e-16 2.129152308799652556e-17
1.890303492546081543e+00 6.326017920965459028e-16 4.515346029866483145e-17
1.891936421394348145e+00 6.064285799055064291e-16 3.395510901825664406e-17
1.893572807312011719e+00 5.530102353286771646e-16 2.600973814094184394e-17
1.895208597183227539e+00 6.078960115470653010e-16 3.032148325832350493e-17
1.896846652030944824e+00 5.904331567899970181e-16 5.247532228257186058e-17
1.898484587669372559e+00 6.820559166011066349e-16 5.843620746103314221e-17
1.900125384330749512e+00 6.493064994262623835e-16 6.069224662882046904e-17
1.901766180992126465e+00 5.858989364837855450e-16 8.710338905125469561e-17
1.903408050537109375e+00 6.451275565018648860e-16 8.670993562981017268e-17
1.905052065849304199e+00 6.924642574569674774e-16 6.086676188573445661e-17
1.906696796417236328e+00 4.766602736499506339e-16 5.874300544150660996e-17
1.908342361450195312e+00 4.151569466520198693e-16 7.250381667581626776e-17
1.909989595413208008e+00 4.863396897151399476e-16 4.356530991850997064e-17
1.911637544631958008e+00 6.826030469454737095e-16 7.842059327529377175e-17
1.913286328315734863e+00 4.873261654613359872e-16 5.911135889444382382e-17
1.914937973022460938e+00 4.611501474736587336e-16 5.747823305002322980e-17
1.916588664054870605e+00 3.743107415343717610e-16 7.893691941364937162e-18
1.918240070343017578e+00 4.279316858042724134e-16 6.454729871256670304e-17
1.919892072677612305e+00 4.752137531342771025e-16 5.517277811244198510e-17
1.921549797058105469e+00 5.053586498754327871e-16 5.639643301003657936e-17
1.923206329345703125e+00 2.489878494744637459e-16 1.216781225227625616e-16
1.924864172935485840e+00 4.409823724088726476e-16 7.354929356074448965e-17
1.926521778106689453e+00 5.095587686235116421e-16 4.368842086343746286e-17
1.928182244300842285e+00 6.218802608084377827e-16 5.038806104696985351e-17
1.929842829704284668e+00 4.951184979991611265e-16 4.090756206676484166e-17
1.931503891944885254e+00 4.588821108782669377e-16 3.303610804898778010e-17
1.933166503906250000e+00 4.566419204910161268e-16 5.139203662620506490e-17
1.934830784797668457e+00 5.311127925158181957e-16 4.805598412855420216e-17
1.936495780944824219e+00 4.504536565970538187e-16 2.972306440725569238e-17
1.938162326812744141e+00 5.579936477947294339e-16 5.904781157106505003e-17
1.939829468727111816e+00 4.446902326656987457e-16 5.821387454726868922e-17
1.941497445106506348e+00 4.609527358573892782e-16 3.819627577705283052e-17
1.943166613578796387e+00 4.959017387775753374e-16 2.140721587719064223e-17
1.944836497306823730e+00 5.082488851101420700e-16 1.160873295308860803e-17
1.946507930755615234e+00 4.791086223839891890e-16 2.289889879994834384e-17
1.948180198669433594e+00 4.773056068766400040e-16 1.988225051530625700e-17
1.949854373931884766e+00 5.237434999955873759e-16 1.342796699070812031e-17
1.951528906822204590e+00 5.260697701061029050e-16 2.167617199900103407e-17
1.953204512596130371e+00 5.103111985784694778e-16 3.480795208213351686e-17
1.954881906509399414e+00 4.909896358977700395e-16 2.286886387190654340e-17
1.956559538841247559e+00 4.818447505618573927e-16 2.781988394517123609e-17
1.958238005638122559e+00 4.869419830801969586e-16 2.534731370843590321e-17
1.959918141365051270e+00 4.947284393269505212e-16 2.979348063844110652e-17
1.961598992347717285e+00 4.806970738578870191e-16 1.297121357288797693e-17
1.963280916213989258e+00 5.069432367615087694e-16 2.220911785022404938e-17
1.964963912963867188e+00 4.925791461628519375e-16 2.857330982558658561e-17
1.966648221015930176e+00 4.945812144128058831e-16 2.602181001480144282e-17
1.968333601951599121e+00 5.034922657157171397e-16 2.326982974767427293e-17
1.970018744468688965e+00 5.384811321239833543e-16 4.916667924169855497e-17
1.971706271171569824e+00 4.952240594802126937e-16 2.131961745032127660e-17
1.973394513130187988e+00 5.140640309908388588e-16 1.472326400115593230e-17
1.975084066390991211e+00 5.367038981819662220e-16 1.556002998264722446e-17
1.976774215698242188e+00 5.392776077921984136e-16 1.458724738431138774e-17
1.978465676307678223e+00 5.505878269786482725e-16 1.971408304241300136e-17
1.980157852172851562e+00 5.268374995936705215e-16 1.196097623641573913e-17
1.981851100921630859e+00 5.507063586517046711e-16 2.290011640981002189e-17
1.983545064926147461e+00 5.270099766775551784e-16 2.060339649949733716e-17
1.985239386558532715e+00 5.534820856198570133e-16 1.495269908765976558e-17
1.986935853958129883e+00 5.516749408268899636e-16 5.506940038820755791e-18
1.988632798194885254e+00 5.521246094427635902e-16 7.915642006099644305e-18
1.990330815315246582e+00 5.497321119436846155e-16 7.525811635738103634e-18
1.992029786109924316e+00 5.453079529810569981e-16 1.036257626129073376e-17
1.993728280067443848e+00 5.763153410207543740e-16 6.717655763683489319e-18
1.995427966117858887e+00 5.835826190104002539e-16 1.281324606412811268e-17
1.997130632400512695e+00 5.711476459491150910e-16 1.656182345942652095e-17
1.998834490776062012e+00 5.489745997910432541e-16 3.706455704145982996e-17
2.000537872314453125e+00 5.992732690835757270e-16 3.798912659061240091e-17
2.002243518829345703e+00 5.308300423301128695e-16 4.187672988582382164e-17
2.003949403762817383e+00 4.833691981086783197e-16 4.033695964533596232e-17
2.005656003952026367e+00 5.141935211526503600e-16 3.521012067851189849e-17
2.007363557815551758e+00 5.402422195004434515e-16 2.110258510992206341e-17
2.009072065353393555e+00 5.009528609398487473e-16 2.256835246408847866e-17
2.010780572891235352e+00 5.416018132599050103e-16 1.800537274233976188e-17
2.012490272521972656e+00 5.316489114318709644e-16 1.639180475632237165e-17
2.014229059219360352e+00 5.366852105175674240e-16 1.121360614526489033e-17
2.015913009643554688e+00 5.144366725480715476e-16 2.662785712547821940e-17
2.017627477645874023e+00 5.458387779411894274e-16 2.076590274827827987e-17
2.019339799880981445e+00 5.384650914375447260e-16 1.038748845979899329e-17
2.021054506301879883e+00 5.118844563988759339e-16 2.059738620516652686e-17
2.022769927978515625e+00 5.027026721901985216e-16 2.827008195663689672e-17
2.024487018585205078e+00 5.178699617810892438e-16 3.461453740258391772e-17
2.026204586029052734e+00 5.237783342255432090e-16 1.713378411142121236e-17
2.027922868728637695e+00 5.330121580209175574e-16 2.602874013397341209e-17
2.029642343521118164e+00 5.219097266043410191e-16 1.546645434867155065e-17
2.031363010406494141e+00 5.094871413999094503e-16 1.834512725277856736e-17
2.033083677291870117e+00 5.385788056107136158e-16 8.888147498930275753e-18
2.034804344177246094e+00 5.022449038217667756e-16 1.607808823720551037e-17
2.036527156829833984e+00 5.140278203323437375e-16 9.775992710427329924e-18
2.038250923156738281e+00 5.466744288832149981e-16 1.665625274379434949e-17
2.039975404739379883e+00 4.902634110246178838e-16 2.233895708225404792e-17
2.041700839996337891e+00 4.777960389531002439e-16 1.298812279896978592e-17
2.043426990509033203e+00 4.832096912167984943e-16 1.382279932223376913e-17
2.045154571533203125e+00 4.965968351899158976e-16 1.437337983693580244e-17
2.046882629394531250e+00 4.654027822644673552e-16 1.481165817577457394e-17
2.048609256744384766e+00 4.788968112076164105e-16 1.139739575120682244e-17
2.050332069396972656e+00 4.271934701209606890e-16 2.029452560440881152e-17
2.052062749862670898e+00 4.224753377860766259e-16 2.441087742621564653e-17
2.053799867630004883e+00 4.424106287766210082e-16 2.025775742618082944e-17
2.055531978607177734e+00 4.112828032397359114e-16 1.343111027703582181e-17
2.057264804840087891e+00 3.905117289582679500e-16 2.243908398668114171e-17
2.058998584747314453e+00 3.790087568367585345e-16 1.038066918282910613e-17
2.060733318328857422e+00 4.312303497382358793e-16 1.314071032502560528e-17
2.062468767166137695e+00 3.945453263228725299e-16 1.015012484712383924e-17
2.064202785491943359e+00 3.744307819848654564e-16 1.064810246513178785e-17
2.065938949584960938e+00 3.860995078662406979e-16 1.279215957595291090e-17
2.067675590515136719e+00 4.160132175523551619e-16 6.607500948690415177e-18
2.069414854049682617e+00 3.941958722925709277e-16 2.829947002943968069e-17
2.071153640747070312e+00 3.489626982526355860e-16 2.548584826306505918e-17
2.072893619537353516e+00 3.538879301431233255e-16 9.078981374968709449e-18
2.074634552001953125e+00 3.815188860363874501e-16 1.829749323002408871e-17
2.076375722885131836e+00 3.904467456493457842e-16 1.555056372771716761e-17
2.078118562698364258e+00 3.661168624399888799e-16 8.578545376180253236e-18
2.079859733581542969e+00 3.835956784741569861e-16 9.966074679288952919e-18
2.081603288650512695e+00 3.808453624944222729e-16 9.122213969683793441e-18
2.083347320556640625e+00 3.821447639750695730e-16 1.305217387534160451e-17
2.085091590881347656e+00 3.667409933732172908e-16 2.029679869673210724e-17
2.086838006973266602e+00 3.792411879714410348e-16 1.026427246293370684e-17
2.088585615158081055e+00 3.641601104527130393e-16 1.445375366833512993e-17
2.090342044830322266e+00 3.204035795376379602e-16 3.448964305625576118e-17
2.092091321945190430e+00 3.721938738502852560e-16 1.553118454032627527e-17
2.093829154968261719e+00 3.595485983900646113e-16 1.291167228521579745e-17
2.095577955245971680e+00 3.501973546523771356e-16 9.485917013217234179e-18
2.097327947616577148e+00 3.738185095128986057e-16 7.420902800189840793e-18
2.099077701568603516e+00 3.809028019161579551e-16 7.446653759839229098e-18
2.100828886032104492e+00 3.729807409885048993e-16 3.730752066688196802e-18
2.102581024169921875e+00 3.569667096179354954e-16 1.446111392142562677e-17
2.104333877563476562e+00 3.619214553126791269e-16 8.811912052135551063e-18
2.106087684631347656e+00 3.694304817994273045e-16 6.819893633033818434e-18
2.107841968536376953e+00 3.579489237296156617e-16 1.083406424736228421e-17
2.109596967697143555e+00 3.730099636251851727e-16 1.021521072644196166e-17
2.111352205276489258e+00 3.636794457249258256e-16 1.077839085623440269e-17
2.113108634948730469e+00 3.645147260900369725e-16 1.106825562238829741e-17
2.114865541458129883e+00 3.844470259954863630e-16 9.784420026508020170e-18
2.116622686386108398e+00 3.584517701327090975e-16 1.758449993795033119e-17
2.118380784988403320e+00 3.742243971133110258e-16 7.015681080170525937e-18
2.120139360427856445e+00 4.050566081516043717e-16 1.722716783949477387e-17
2.121899604797363281e+00 3.985592037016738457e-16 9.876915362603699725e-18
2.123658895492553711e+00 4.019589292541565903e-16 9.137385289298628521e-18
2.125420331954956055e+00 3.961323748984514701e-16 2.489894045740153456e-17
2.127181291580200195e+00 4.164869736676663327e-16 7.267969512637974271e-18
2.128943443298339844e+00 3.974684370238471204e-16 1.238474533100196299e-16
2.130705833435058594e+00 4.019323535954364866e-16 7.386583903755628228e-18
2.132468700408935547e+00 3.701548273182277398e-16 7.717407345120698669e-18
2.134232997894287109e+00 4.088451218268768401e-16 6.250013340279697888e-18
2.135997056961059570e+00 4.176815548210909132e-16 4.524907493285044847e-18
2.137762784957885742e+00 4.138390692652105848e-16 5.885965362430822537e-18
2.139527320861816406e+00 4.283659225386382509e-16 4.873980193324260185e-18
2.141294240951538086e+00 4.154143652586463715e-16 3.013446268490894069e-18
2.143059253692626953e+00 4.122993221857798769e-16 3.835614580122156673e-18
2.144826173782348633e+00 4.202057394736883299e-16 1.944023332009874581e-17
2.146594762802124023e+00 4.040159487665636586e-16 1.316306818980230106e-17
2.148363113403320312e+00 4.135102087234391027e-16 1.640347296604304465e-17
2.150131940841674805e+00 3.795272468795965731e-16 2.283408589023236390e-17
2.151902675628662109e+00 3.850308169846017878e-16 1.589320840721623337e-17
2.153672933578491211e+00 4.427321836592224219e-16 1.129784456448606556e-17
2.155444383621215820e+00 3.892240006504249982e-16 9.272243853285598835e-18
2.157215356826782227e+00 4.177058011392060675e-16 1.440768301693837650e-17
2.158987283706665039e+00 4.217090376666075011e-16 1.557281984927851937e-17
2.160758972167968750e+00 4.122702848375568154e-16 1.084839349711354031e-17
2.162532091140747070e+00 4.059737595450235671e-16 5.891801535242690424e-18
2.164304494857788086e+00 4.105558107429753065e-16 1.024462196030189712e-17
2.166079044342041016e+00 3.937497241573843267e-16 8.279704873199545610e-18
2.167852640151977539e+00 3.991338361470470834e-16 5.975249996978877515e-18
2.169628143310546875e+00 3.932004497608695146e-16 1.056531492070503063e-17
2.171403646469116211e+00 3.983109701085691323e-16 9.100758558955393009e-18
2.173178911209106445e+00 3.807730205867708353e-16 9.019740353858886713e-18
2.174954891204833984e+00 3.918174037766808523e-16 6.994576394021847989e-18
2.176732540130615234e+00 3.678798556405802993e-16 1.274928680480428748e-17
2.178509712219238281e+00 3.644894209807377503e-16 1.124455179916111164e-17
2.180288314819335938e+00 3.233665007871335028e-16 9.658155041904863261e-18
2.182066917419433594e+00 3.178093293784348518e-16 1.798916496541739786e-17
2.183845043182373047e+00 3.243150453391603107e-16 1.258719166478778362e-17
2.185624599456787109e+00 3.472947315608142585e-16 1.160775687996579546e-17
2.187403917312622070e+00 3.676297426931238654e-16 1.135168657773775468e-17
2.189177751541137695e+00 3.458431288474572013e-16 4.267840438418877671e-18
2.190963745117187500e+00 3.853154729944384361e-16 1.370199042095101200e-17
2.192744970321655273e+00 3.428635581065921914e-16 1.529394583192361673e-17
2.194526672363281250e+00 3.531789370964918745e-16 9.292485790055383975e-18
2.196308374404907227e+00 3.624667592422536845e-16 8.583841813642430272e-18
2.198091030120849609e+00 3.555662994583281200e-16 1.734461259722627785e-17
2.199873447418212891e+00 3.961812381115962026e-16 1.496429946857020924e-17
2.201656818389892578e+00 3.647981380202323411e-16 1.043110817504075210e-17
2.203439712524414062e+00 3.849713393898367749e-16 1.176464409084566545e-17
2.205223798751831055e+00 3.795176383496011571e-16 1.013317343483079004e-17
2.207007169723510742e+00 3.827017410774484788e-16 1.146873511595584576e-17
2.208781242370605469e+00 3.813047719891893240e-16 3.918466065610264244e-17
2.210549592971801758e+00 3.038143598563236829e-16 1.955130216966869105e-17
2.212362766265869141e+00 3.500249305080516821e-16 1.014541322635473719e-17
2.214148521423339844e+00 3.783222366330089240e-16 1.566653610395832719e-17
2.215934753417968750e+00 3.795937919055152390e-16 7.262041936368419275e-18
2.217722654342651367e+00 3.758441888062572650e-16 1.750139475616835361e-17
2.219507217407226562e+00 3.801343312747614911e-16 1.047771483947443989e-17
2.221294403076171875e+00 3.758224571172042719e-16 7.370267766173019757e-18
2.223078489303588867e+00 3.959292193400084465e-16 6.316496327652422382e-18
2.224869489669799805e+00 3.956658450329715625e-16 1.139113151242795836e-17
2.226657629013061523e+00 4.052497846031375556e-16 1.646518063973950052e-17
2.228445768356323242e+00 3.998639520778006886e-16 8.560391243276551938e-18
2.230235099792480469e+00 3.729170017592240132e-16 1.646635523620932582e-17
2.232023954391479492e+00 3.886657529986252109e-16 1.976656930664071608e-17
2.233813285827636719e+00 3.917783079122091460e-16 1.204496981017559866e-17
2.235603094100952148e+00 4.185758627947138441e-16 9.338016292512140278e-18
2.237392902374267578e+00 3.753695856579988398e-16 1.966174567069554620e-17
2.239182949066162109e+00 4.076156270341576215e-16 1.153870632397170637e-17
2.240972757339477539e+00 3.865197950267564410e-16 9.588450186046244724e-18
2.242763519287109375e+00 4.068617677111012942e-16 7.971666948987860869e-18
2.244554042816162109e+00 4.461031365612781220e-16 7.664215495830476225e-18
2.246345281600952148e+00 4.364411376110667248e-16 1.595417327272261661e-17
2.248136520385742188e+00 4.386724606221509672e-16 9.883739602657262203e-18
2.249927997589111328e+00 4.058749743275500343e-16 1.476428223337121183e-17
2.251720190048217773e+00 4.388410466484341747e-16 1.471228896878857873e-17
2.253540277481079102e+00 4.212016119916429718e-16 7.851481741886968713e-18
2.255314826965332031e+00 4.067573973701318034e-16 2.448217377757281709e-17
2.257097005844116211e+00 4.362733986177307717e-16 1.246640509738156541e-17
2.258888959884643555e+00 4.087751621993895553e-16 5.573691446302253742e-18
2.260681390762329102e+00 4.270023847820160392e-16 7.597394191587217543e-18
2.262474298477172852e+00 4.157453169130063877e-16 1.250553074035532362e-17
2.264267683029174805e+00 4.096133542402568889e-16 9.956837553388573259e-18
2.266060590744018555e+00 3.772905505032531862e-16 1.204135751244057959e-17
2.267854213714599609e+00 3.983112877459243526e-16 9.712331236124023808e-18
2.269647359848022461e+00 4.150195420261074608e-16 1.369250762240870409e-17
2.271441221237182617e+00 3.822044797978510012e-16 2.091867804433314876e-17
2.273234844207763672e+00 3.717428288058723411e-16 1.309130530857965060e-17
2.275028944015502930e+00 3.962494507336297754e-16 1.463971545056562629e-17
2.276822566986083984e+00 3.922996037516849645e-16 8.733649185659458903e-18
2.278616905212402344e+00 3.836978253536399344e-16 1.801633784853976482e-17
2.280411005020141602e+00 3.956742888926645038e-16 1.231751506866385809e-17
2.282205343246459961e+00 3.763767872416230080e-16 1.096979052381182265e-17
2.283999204635620117e+00 3.889594087335264362e-16 1.514129461296063079e-17
2.285793542861938477e+00 3.987238457307964003e-16 1.074936012545624163e-17
2.287588596343994141e+00 3.857964553595808702e-16 2.242735787431758999e-17
2.289382457733154297e+00 3.841055128990652698e-16 7.630258904504561886e-18
2.291177034378051758e+00 3.950504755967913133e-16 1.421171400365721360e-17
2.292971849441528320e+00 3.735856548617424782e-16 1.890614430526918222e-17
2.294765949249267578e+00 3.612148710159914303e-16 1.123611207537123310e-17
2.296560764312744141e+00 3.662804192081477650e-16 1.226070016829065339e-17
2.298355340957641602e+00 3.351783752365947210e-16 2.341399409355246480e-17
2.300149917602539062e+00 3.542625834036057433e-16 1.476961423959972865e-17
2.301944255828857422e+00 3.596597449946121365e-16 1.440043526041118687e-17
2.303738832473754883e+00 3.297212066552312809e-16 1.216621711718300891e-17
2.305525064468383789e+00 3.370712027061324636e-16 1.113269216492556571e-17
2.307325363159179688e+00 3.495112579651011523e-16 1.198733103791229114e-17
2.309137344360351562e+00 3.573729677952623392e-16 3.606501184158545259e-17
2.310910701751708984e+00 3.521944201139863605e-16 1.025056111710002786e-17
2.312710523605346680e+00 3.164536531463543441e-16 7.461500824653943391e-18
2.314504384994506836e+00 3.283339784458655505e-16 8.953537780713817696e-18
2.316298484802246094e+00 3.189164808498350275e-16 1.127630974441886004e-17
2.318092584609985352e+00 3.101702568645035374e-16 1.294557014671822052e-17
2.319885969161987305e+00 3.011563175282804851e-16 1.138986509891013968e-17
2.321680068969726562e+00 3.131463865340203268e-16 1.578761714766261428e-17
2.323473453521728516e+00 2.820813473143504550e-16 1.503532946777013773e-17
2.325266599655151367e+00 3.225620841850379344e-16 1.815792635399046657e-17
2.327060461044311523e+00 3.030528242971828635e-16 1.092238811162885885e-17
2.328852891921997070e+00 2.619961579619216633e-16 1.556783360454604972e-17
2.330645799636840820e+00 2.413227042276247600e-16 1.768031723138602370e-17
2.332438468933105469e+00 2.813937947891963784e-16 1.501708848090211836e-17
2.334230661392211914e+00 2.792741213084720935e-16 1.336800384092353878e-17
2.336023092269897461e+00 2.840417521312113298e-16 1.845042403603411758e-17
2.337815046310424805e+00 2.848028906436581237e-16 8.399580714751342934e-18
2.339606523513793945e+00 2.772020669612512613e-16 1.127081478360967027e-17
2.341398239135742188e+00 2.550512024784856464e-16 1.207034440264627534e-17
2.343189239501953125e+00 2.872143669747115151e-16 1.295490653429210654e-17
2.344980478286743164e+00 2.560028969342850562e-16 9.690510211564874938e-18
2.346770763397216797e+00 2.793519689302806841e-16 1.493675104544974321e-17
2.348572492599487305e+00 2.140486536076201154e-16 3.488112117039750748e-17
2.350362539291381836e+00 2.649790903647960888e-16 3.255936415730406770e-17
2.352135896682739258e+00 2.868574219967826326e-16 1.837686948160467725e-17
2.353910207748413086e+00 2.256624149916524333e-16 4.205540089813527562e-17
2.355700969696044922e+00 2.382550685300249046e-16 2.682116261718696154e-17
2.357507705688476562e+00 2.897492983578272207e-16 2.275466993398237282e-17
2.359296321868896484e+00 2.583268112344160343e-16 3.156959623227006712e-17
2.361083507537841797e+00 2.081035940486381983e-16 4.918033764797303056e-17
2.362871170043945312e+00 3.229269436270677243e-16 2.615176174339474858e-17
2.364658832550048828e+00 3.404037214882064998e-16 2.497005317466271835e-17
2.366445064544677734e+00 3.212596122099568375e-16 1.335162731915621393e-17
2.368231058120727539e+00 3.335232728576598181e-16 1.492067727178661278e-17
2.370017051696777344e+00 2.840425991641585841e-16 2.005046927339749092e-17
2.371802091598510742e+00 3.066866750502426171e-16 1.398856548980878333e-17
2.373586893081665039e+00 3.054494246121001013e-16 2.181839247043972633e-17
2.375370979309082031e+00 3.403824133156271338e-16 2.621586493214515801e-17
2.377155065536499023e+00 3.395611884034844879e-16 3.400484242540578229e-17
2.378937721252441406e+00 3.383675336923459669e-16 1.521884279538747713e-17
2.380720615386962891e+00 2.760294557248960893e-16 2.008826646430748896e-17
2.382494926452636719e+00 2.878147280458576021e-16 1.924620983561830764e-17
2.384284019470214844e+00 2.643849761616360022e-16 3.383292120689276102e-17
2.386065244674682617e+00 2.867058030992241128e-16 1.512131654680625006e-17
2.387845277786254883e+00 2.956026401304892581e-16 9.890335540861760046e-18
2.389613389968872070e+00 2.739073734942280500e-16 1.073451306064152733e-17
2.391392230987548828e+00 2.177881981906294446e-16 6.202863300901624013e-17
2.393182277679443359e+00 3.115751668866432013e-16 8.561038098515568406e-18
2.394959211349487305e+00 2.216809630928631963e-16 2.111076427181898774e-17
2.396736145019531250e+00 1.988845933298408002e-16 4.229298702239520644e-17
2.398513078689575195e+00 2.589341603273769693e-16 2.302215367430242028e-17
2.400288820266723633e+00 2.897264549380309563e-16 3.387622245759868691e-17
2.402063846588134766e+00 2.691893999780215971e-16 2.338832171606126904e-17
2.403837442398071289e+00 2.994713837077344698e-16 1.511496876278551813e-17
2.405611038208007812e+00 3.015501084394149297e-16 3.069500824445040032e-17
2.407383441925048828e+00 2.281368629283782616e-16 3.376788164968894156e-17
2.409155130386352539e+00 2.873461864771279656e-16 3.259502556787245383e-17
2.410925865173339844e+00 2.620089693352488846e-16 3.678368621010622431e-17
2.412695646286010742e+00 1.535668748138576387e-16 4.167202253655164857e-17
2.414464712142944336e+00 2.696118311906850777e-16 2.499756189311378183e-17
2.416225910186767578e+00 3.232855826708911154e-16 2.292175049155073378e-17
2.417993307113647461e+00 2.600421058921651958e-16 5.213942408814877731e-17
2.419759988784790039e+00 1.802134593084040587e-16 2.827511452348366934e-17
2.421532630920410156e+00 2.186791312673531593e-16 2.099990221740218076e-17
2.423297643661499023e+00 1.730006693600682718e-16 4.856823392085114072e-17
2.425060987472534180e+00 2.242995919190794675e-16 1.494237091053142848e-17
2.426823377609252930e+00 2.088082063467455686e-16 3.209700659083387757e-17
2.428584814071655273e+00 2.178617841779221620e-16 1.926583552283174077e-17
2.430345058441162109e+00 2.399833069099992959e-16 2.785292087709211398e-16
2.432104349136352539e+00 1.652101897068152512e-16 6.303169207213274276e-17
2.433863162994384766e+00 2.374134618875889521e-16 3.942628673047428225e-17
2.435620546340942383e+00 2.818154319084718081e-16 5.549078935329922169e-17
2.437376976013183594e+00 2.298007268043613261e-16 2.854781611910770130e-17
2.439131975173950195e+00 1.563298698180215648e-16 5.383872107285116333e-17
2.440885782241821289e+00 2.355309576320958713e-16 1.385839042245008826e-17
2.442638158798217773e+00 2.559942148465756996e-16 5.382259435962882951e-17
2.444389581680297852e+00 7.184818008741693717e-17 8.728200050656204577e-17
2.446139335632324219e+00 2.867858741825192459e-16 7.053511358305026104e-17
2.447894811630249023e+00 3.098492313774941576e-16 5.968480019973498515e-17
2.449657917022705078e+00 2.257428831216415918e-16 8.410175574909167133e-17
2.451401472091674805e+00 1.295231828615542812e-16 8.122528479977527078e-17
2.453131675720214844e+00 1.902776930294428417e-16 8.737593513692356760e-17
2.454875946044921875e+00 2.181712159014659986e-16 3.654590487122173098e-17
2.456614971160888672e+00 3.168216624921567359e-16 3.281636917362429340e-17
2.458355665206909180e+00 2.493036604148915914e-16 3.884199943299132562e-17
2.460095643997192383e+00 3.040860721439351015e-16 4.283945231354978843e-17
2.461833477020263672e+00 2.784422820147091672e-16 3.673228520684217917e-17
2.463569879531860352e+00 2.637884002689729578e-16 7.226428502275561222e-17
2.465303182601928711e+00 1.700032050481925148e-16 3.225428340378226004e-17
2.467039108276367188e+00 3.032058725628398749e-16 6.028848984566598560e-17
2.468779563903808594e+00 3.001798738285534887e-16 5.368894844241986193e-17
2.470501899719238281e+00 3.305121501395095855e-16 8.770406775975600304e-17
2.472231149673461914e+00 9.827015526715315820e-17 1.024447968523653800e-16
2.473967075347900391e+00 3.305113957507909372e-17 4.690458842054979018e-17
2.475684642791748047e+00 -4.172876050912788584e-16 6.573158973917112382e-17
2.477419853210449219e+00 2.566428303259356801e-16 2.656322851160271628e-16
2.479130983352661133e+00 3.048882652845441273e-16 8.680003875957434888e-17
2.480852127075195312e+00 1.916044642621982964e-16 9.175550575581212665e-17
2.482571125030517578e+00 3.622442807447014222e-16 6.762840091053892179e-17
2.484288454055786133e+00 1.251344669338133359e-16 1.904710415345434366e-16
2.486003875732421875e+00 3.356058092376029223e-16 1.385089715871709289e-16
2.487717866897583008e+00 4.917314250013279930e-16 9.302051637531192209e-17
2.489429950714111328e+00 3.824111823067606521e-16 1.339400096952322286e-16
2.491142749786376953e+00 2.918321986972398482e-17 2.915984771608017652e-16
2.492847919464111328e+00 2.721964728198927701e-16 1.431720335455936616e-16
2.494553565979003906e+00 1.749850293274686822e-17 1.044272774654140699e-16
2.496257305145263672e+00 2.930112222377035313e-16 1.147159352128058400e-16
2.497959613800048828e+00 2.976705916618718273e-16 6.708088013692272214e-17
2.499659776687622070e+00 4.570942890244091266e-16 1.107347083071432174e-16
2.501357078552246094e+00 6.620090554895411003e-17 1.919093431836506412e-16
2.503052711486816406e+00 3.426135444208092639e-17 3.143453616708587889e-16
2.504746675491333008e+00 5.089423403961473250e-16 4.022048599764359560e-16
2.506438493728637695e+00 3.234768532982929771e-16 7.926004924813708635e-16
2.508127450942993164e+00 1.026312129221882904e-15 7.094183101105319428e-16
2.509814262390136719e+00 -1.254677611636681022e-15 5.583473899293265111e-16
2.511499643325805664e+00 3.454331119614269165e-16 1.040390557959078224e-15
2.513181924819946289e+00 6.159657473751162238e-16 6.818584520452779761e-16
2.514862537384033203e+00 4.888727417439039328e-17 1.148479691204370642e-15
2.516533613204956055e+00 -3.016189880998944653e-15 1.318658880582245039e-15
2.518215894699096680e+00 -3.737817429890318488e-17 5.998418399494201761e-16
2.519888401031494141e+00 1.038503897948187676e-15 1.625395874683510482e-15
2.521559238433837891e+00 1.880683134656484061e-15 9.536192322929268154e-16
2.523227214813232422e+00 4.476594537227394921e-15 1.478826352281810419e-15
2.524892568588256836e+00 -5.057841251127504628e-15 4.742705607716857577e-15
2.526555776596069336e+00 -4.223976754527252473e-16 7.022438881077288156e-15
2.528216123580932617e+00 4.979175607250103247e-15 6.482846706424303176e-15
2.529873847961425781e+00 -5.735409587174057980e-15 9.747003788666049745e-15
2.531528949737548828e+00 -1.113147914095320365e-14 1.231251242590292519e-14
2.533173322677612305e+00 2.052141449663830858e-15 8.593427923734523605e-15
2.534830808639526367e+00 5.633400138786801709e-16 8.215618194974162736e-15
2.536477565765380859e+00 9.164982886652149607e-15 1.777548784163626716e-14
2.538121700286865234e+00 -1.011908418657118253e-14 1.921800697366696925e-14
2.539762496948242188e+00 2.549480232775982319e-15 9.781401796654046882e-15
2.541400671005249023e+00 -1.117096781695419913e-14 2.689321476016109935e-14
2.543036222457885742e+00 4.224016427432919496e-14 1.771451095620296678e-13
2.544668436050415039e+00 5.533392822176970427e-14 4.548721967666258248e-13
2.546297550201416016e+00 -2.164485801150421024e-14 7.110687771016629966e-14
2.547923564910888672e+00 -6.509690112259033934e-14 3.039822896438310051e-13
2.549546718597412109e+00 4.820189047709776131e-14 2.557131481388530414e-13
2.551166296005249023e+00 -3.838201898507826587e-15 9.973602889748467426e-15
2.552782773971557617e+00 8.425696765453332543e-15 1.178582564523430673e-14
2.554395914077758789e+00 6.768590730081699633e-15 1.444920978655936383e-14
2.556006193161010742e+00 -1.049228097390079648e-14 1.661016024159453486e-14
2.557612895965576172e+00 -8.686609806503732371e-16 6.031275654551143325e-15
2.559216499328613281e+00 -1.459596502093474940e-14 2.582599051607036011e-14
2.560817480087280273e+00 -2.137307224378461740e-14 2.002345907354055599e-14
2.562412500381469727e+00 -9.041245772618399651e-15 1.420406235799797148e-14
2.564002752304077148e+00 4.273732179239063400e-14 8.131733134075780356e-14
2.565599679946899414e+00 -7.686367276167616058e-14 nan
2.567183256149291992e+00 0.000000000000000000e+00 nan
2.568763017654418945e+00 0.000000000000000000e+00 nan
