metric,shape,AV,DLMAG,relative_error
Banchor_A,0.7946153879165649,0.12950341736435655,41.77587016617822,9.952265033107974e-10
Banchor_A,0.7969231009483337,0.13220244505433745,41.777292207347905,9.75707074365805e-10
Banchor_A,0.7992307841777802,0.13524009721652608,41.77828790651255,9.620451827196696e-10
Banchor_A,0.8015384674072266,0.1382803654338161,41.779286771428374,9.483340473616442e-10
Banchor_A,0.803846150636673,0.1401012190145246,41.78147068552826,9.183624672658089e-10
Banchor_A,0.8061538338661194,0.14192814776430024,41.783654650573865,8.883875901989021e-10
Banchor_A,0.8084615468978882,0.14492981654758044,41.78466611457388,8.745048655252455e-10
Banchor_A,0.810769259929657,0.14793388152765918,41.78568100864264,8.605738998141814e-10
Banchor_A,0.8130769431591034,0.15016097109470566,41.787495526905865,8.356726353454411e-10
Banchor_A,0.8153846263885498,0.1523702499809804,41.789340647938296,8.103539888439286e-10
Banchor_A,0.8176923096179962,0.15470418029710384,41.790882334448746,7.891894544919585e-10
Banchor_A,0.8199999928474426,0.15702201560447548,41.7924526138438,7.67641395216234e-10
Banchor_A,0.822307676076889,0.15932588606905,41.79409911109403,7.450410124844985e-10
Banchor_A,0.8246153593063354,0.16163254932722643,41.79574954947188,7.223917541360129e-10
Banchor_A,0.8269230723381042,0.1638860374454257,41.79748787480963,6.985311596621008e-10
Banchor_A,0.829230785369873,0.1661356912261669,41.79923815958589,6.745145132717287e-10
Banchor_A,0.8315384685993195,0.1678122390775072,41.80144123933241,6.442758302616218e-10
Banchor_A,0.8338461518287659,0.16952338088641247,41.80360745158146,6.145494104435378e-10
Banchor_A,0.8361538350582123,0.17225668110757075,41.80471077432873,5.994016435131462e-10
Banchor_A,0.8384615182876587,0.1749921622957146,41.80581852979633,5.842001726592657e-10
Banchor_A,0.8407692313194275,0.176435224291076,41.80828904981751,5.50293796287778e-10
Banchor_A,0.8430769443511963,0.17788421296450693,41.81075978126307,5.16384515095469e-10
Banchor_A,0.8453846275806427,0.17992980270692197,41.81249819591985,4.925256768334495e-10
Banchor_A,0.8476923108100891,0.18202418353746075,41.8141804568245,4.694385994666128e-10
Banchor_A,0.8499999940395355,0.18407659073113247,41.81593131906121,4.454081745626627e-10
Banchor_A,0.8523076772689819,0.18613278983280626,41.817684998633865,4.2133999367652735e-10
Banchor_A,0.8546153903007507,0.1881030279302872,41.81950097573767,3.964149872945366e-10
Banchor_A,0.8569231033325195,0.19005856568484758,41.82134414611245,3.7111666294473446e-10
Banchor_A,0.8592307865619659,0.19186716290784345,41.82330297302007,3.4423865631119723e-10
Banchor_A,0.8615384697914124,0.1936826862147379,41.82526036406089,3.1736915962510954e-10
Banchor_A,0.8638461530208588,0.1956680758343898,41.82703105391204,2.9307265608764525e-10
Banchor_A,0.8661538362503052,0.19771228776449068,41.82873156022822,2.697289457598807e-10
Banchor_A,0.8684615194797516,0.19898070711258498,41.8312637056273,2.3497796291383305e-10
Banchor_A,0.870769202709198,0.20027016944820283,41.83377644931178,2.0049024367429723e-10
Banchor_A,0.8730769157409668,0.20239010102365246,41.83535123843245,1.7887808920589095e-10
Banchor_A,0.8753846287727356,0.2045010048491199,41.83694578455958,1.569929608808963e-10
Banchor_A,0.877692312002182,0.2058777674320391,41.83923905454882,1.255189232169701e-10
Banchor_A,0.8799999952316284,0.2072658099689032,41.841525601646744,9.414231414745094e-11
Banchor_A,0.8823076784610748,0.20867319941208382,41.84381004228362,6.278648621159299e-11
Banchor_A,0.8846153616905212,0.21007964937017246,41.84610400083601,3.130092357459461e-11
Banchor_A,0.88692307472229,0.2117444801611515,41.84802691806298,4.914766088979603e-12
Banchor_A,0.8892307877540588,0.21341320427500263,41.84995292583248,2.151899880900486e-11
Banchor_A,0.8915384709835052,0.2150519383491003,41.85193062192384,4.866094535814689e-11
Banchor_A,0.8938461542129517,0.21665867045313753,41.85395855483758,7.649848404942952e-11
Banchor_A,0.8961538374423981,0.21783942792716082,41.85640449374154,1.1006762570869324e-10
Banchor_A,0.8984615206718445,0.21896169453828565,41.85893711161899,1.4482504304095595e-10
Banchor_A,0.9007692337036133,0.22042145890875622,41.86102018160454,1.7341191536527554e-10
Banchor_A,0.9030769467353821,0.22188157367633038,41.863110985820384,2.021086090815643e-10
Banchor_A,0.9053846299648285,0.2225063118832689,41.86608860345656,2.4297682843075226e-10
Banchor_A,0.9076923131942749,0.22319545929954174,41.86898886294677,2.8277991643186723e-10
Banchor_A,0.9099999964237213,0.22416993803982416,41.871590747797406,3.184912107608042e-10
Banchor_A,0.9123076796531677,0.22513073529065705,41.8742189596879,3.545574309257292e-10
Banchor_A,0.9146153926849365,0.22639630276942768,41.87645717893865,3.8527749618588283e-10
Banchor_A,0.9169231057167053,0.2276652846299301,41.878698671080535,4.1604439944954987e-10
Banchor_A,0.9192307889461517,0.22889455358166316,41.880928820249245,4.466496183367069e-10
Banchor_A,0.9215384721755981,0.23012523324480225,41.883164531816256,4.773321868075625e-10
Banchor_A,0.9238461554050446,0.23087872257820766,41.885932737677564,5.15323197720638e-10
Banchor_A,0.926153838634491,0.2316382688459237,41.888701500670585,5.533243989340581e-10
Banchor_A,0.9284615218639374,0.23281124024435335,41.890893467185975,5.834087293588042e-10
Banchor_A,0.9307692050933838,0.23398529230773116,41.89309109781399,6.135671713866557e-10
Banchor_A,0.9330769181251526,0.23447438539986762,41.89603094485273,6.539179460456563e-10
Banchor_A,0.9353846311569214,0.2349684879101209,41.89897219057901,6.942854585431245e-10
Banchor_A,0.9376923143863678,0.2361368328560201,41.901122269605814,7.237942716310395e-10
Banchor_A,0.9399999976158142,0.2373052998903277,41.903278338325364,7.533812404859707e-10
Banchor_A,0.9423076808452606,0.23776265603696178,41.90619140853838,7.933661070928933e-10
Banchor_A,0.944615364074707,0.23822548581870737,41.90910563047933,8.333615065207517e-10
Banchor_A,0.9469230771064758,0.23900343599188364,41.9116662919392,8.685042255498148e-10
Banchor_A,0.9492307901382446,0.2397833472787575,41.91423087366222,9.037000797316212e-10
Banchor_A,0.951538473367691,0.24015870681883797,41.91721327588607,9.446344301283927e-10
Banchor_A,0.9538461565971375,0.24053827094962746,41.92019731075475,9.85586165344336e-10
Banchor_A,0.9561538398265839,0.2406408309177479,41.923312861967645,1.028349826450051e-09
Banchor_A,0.9584615230560303,0.24066744145846491,41.92653744101803,1.0726022286782026e-09
Banchor_A,0.9607692360877991,0.2412958770584436,41.92908177050199,1.1075244687235488e-09
Banchor_A,0.9630769491195679,0.24192786869589944,41.93162767005154,1.142464821723572e-09
Banchor_A,0.9653846323490143,0.2426110479678787,41.934112159751685,1.1765614279691199e-09
Banchor_A,0.9676923155784607,0.24334844307698913,41.93653041803315,1.2097490052360855e-09
Banchor_A,0.9699999988079071,0.24338644383501962,41.9396777398807,1.2529494291426522e-09
Banchor_A,0.9723076820373535,0.24345414377486158,41.94279280110734,1.2956986184677317e-09
Banchor_A,0.9746153652667999,0.24360302876995707,41.94583717342068,1.3374814036643841e-09
Banchor_A,0.9769230484962463,0.24375510657767252,41.94888318862629,1.379287642294606e-09
Banchor_A,0.9792307615280151,0.24386304060274724,41.95181172641779,1.419476499615752e-09
Banchor_A,0.9815384745597839,0.24393558277424063,41.9547934596167,1.4604051831815012e-09
Banchor_A,0.9838461577892303,0.24377985070089436,41.95808441135953,1.505567197810762e-09
Banchor_A,0.9861538410186768,0.24362697983946882,41.96137742761436,1.5507658270756372e-09
Banchor_A,0.9884615242481232,0.24376152114304636,41.964222227594284,1.5898064483777512e-09
Banchor_A,0.7946153879165649,0.12950341799569487,41.775870165339654,9.95225944857818e-10
Banchor_A,0.7957692444324493,0.13085246547448817,41.776581031100214,9.8546767279301e-10
Banchor_A,0.7969231009483337,0.1322024328851117,41.77729222351172,9.757066586515686e-10
Banchor_A,0.798076942563057,0.13372082464481,41.77778982298444,9.688774072080523e-10
Banchor_A,0.7992307841777802,0.13524009500553996,41.778287909449304,9.620446243345538e-10
Banchor_A,0.8003846257925034,0.13675994694918972,41.778786871037894,9.551984291853621e-10
Banchor_A,0.8015384674072266,0.1382803373099378,41.7792868087839,9.483374105069512e-10
Banchor_A,0.8026923090219498,0.1391900858442228,41.780378661982816,9.333466396798224e-10
Banchor_A,0.803846150636673,0.1401012315092978,41.781470668931526,9.183651232687532e-10
Banchor_A,0.8049999922513962,0.14101424883082778,41.78256221327286,9.033823483600343e-10
Banchor_A,0.8061538338661194,0.14192815759400498,41.78365463751667,8.88389689108913e-10
Banchor_A,0.8073076903820038,0.14342883243087368,41.78415974987992,8.814587381367484e-10
Banchor_A,0.8084615468978882,0.1449298191014541,41.78466611118149,8.745079487112785e-10
Banchor_A,0.8096154034137726,0.14642980419679993,41.785175477126906,8.675146005768508e-10
Banchor_A,0.810769259929657,0.14793387499317256,41.7856810173226,8.605785299003731e-10
Banchor_A,0.8119231015443802,0.14904698300215344,41.786587975046196,8.481321808740411e-10
Banchor_A,0.8130769431591034,0.15016097705121476,41.78749551899353,8.356768441039032e-10
Banchor_A,0.8142307847738266,0.1512642813698878,41.78841899316573,8.230007049819106e-10
Banchor_A,0.8153846263885498,0.15237025108878274,41.789340646466734,8.103530056692975e-10
Banchor_A,0.816538468003273,0.15353674558203026,41.79011118858574,7.997768889997305e-10
Banchor_A,0.8176923096179962,0.15470414961950338,41.79088237520019,7.891940988265382e-10
Banchor_A,0.8188461512327194,0.15588368088838117,41.79163922316339,7.788054191080246e-10
Banchor_A,0.8199999928474426,0.1570219938939698,41.79245264268298,7.676388680312766e-10
Banchor_A,0.8211538344621658,0.15817360155010843,41.793275373269275,7.56346597271842e-10
Banchor_A,0.822307676076889,0.15932584365318953,41.794099167437864,7.450432737812637e-10
Banchor_A,0.8234615176916122,0.16047883698105697,41.79492387644596,7.337243075857756e-10
Banchor_A,0.8246153593063354,0.1616325527548824,41.79574954491864,7.223893577966039e-10
Banchor_A,0.8257692158222198,0.16276233486350722,41.796613803234116,7.10530534709215e-10
Banchor_A,0.8269230723381042,0.16388602627407992,41.79748788964959,6.985325717610228e-10
Banchor_A,0.8280769288539886,0.16501041695904287,41.7983627834636,6.865260891781068e-10
Banchor_A,0.829230785369873,0.1661356909974627,41.799238159889704,6.745112687048168e-10
Banchor_A,0.8303846269845963,0.16695959613772954,41.80035767448146,6.591472522082509e-10
Banchor_A,0.8315384685993195,0.1678121978165849,41.801441294144716,6.442780966519081e-10
Banchor_A,0.8326923102140427,0.16866677254217588,41.802524566085964,6.294058122413976e-10
Banchor_A,0.8338461518287659,0.16952334118379275,41.803607504324866,6.14543058063418e-10
Banchor_A,0.8349999934434891,0.1708897218730034,41.80415861437861,6.069807394800427e-10
Banchor_A,0.8361538350582123,0.1722566507669476,41.80471081463463,5.994061743874721e-10
Banchor_A,0.8373076766729355,0.17362410114676585,41.805264144987014,5.918123890674506e-10
Banchor_A,0.8384615182876587,0.17499216416390354,41.80581852731457,5.842005970209398e-10
Banchor_A,0.8396153748035431,0.17571301891042332,41.80705366841033,5.672520127665996e-10
Banchor_A,0.8407692313194275,0.17643518809172945,41.80828909790715,5.502952185737979e-10
Banchor_A,0.8419230878353119,0.177158581331575,41.80952494238229,5.333295850180002e-10
Banchor_A,0.8430769443511963,0.17788422538378004,41.81075976476405,5.163836624899407e-10
Banchor_A,0.8442307859659195,0.17889483444987117,41.81164407584852,5.042469533503471e-10
Banchor_A,0.8453846275806427,0.1799298747520943,41.812498100207975,4.925280796949091e-10
Banchor_A,0.8465384691953659,0.18094581602896176,41.81337963059661,4.804254773190448e-10
Banchor_A,0.8476923108100891,0.1820241479918034,41.81418050404628,4.694387460967591e-10
Banchor_A,0.8488461524248123,0.18304990646091593,41.815055552216975,4.5742486356730123e-10
Banchor_A,0.8499999940395355,0.1840766020968084,41.81593130396207,4.454104475246037e-10
Banchor_A,0.8511538356542587,0.18510418998727243,41.81680782552677,4.333786747865328e-10
Banchor_A,0.8523076772689819,0.18613277090632582,41.81768502377748,4.2134141850208436e-10
Banchor_A,0.8534615337848663,0.18712666674302042,41.81858037530167,4.0904975081941517e-10
Banchor_A,0.8546153903007507,0.1881030364893016,41.8195009643671,3.964178338391718e-10
Banchor_A,0.8557692468166351,0.18908033855022158,41.82042224315496,3.8377192898218644e-10
Banchor_A,0.8569231033325195,0.19005856085074035,41.82134415253453,3.7111808830688653e-10
Banchor_A,0.8580769449472427,0.1909625166306523,41.82232305182472,3.576841130301331e-10
Banchor_A,0.8592307865619659,0.19186716879761018,41.82330296519549,3.4423551844491466e-10
Banchor_A,0.8603846281766891,0.1927724823352168,41.82428394555149,3.3076952277325625e-10
Banchor_A,0.8615384697914124,0.19368269624841336,41.82526035073111,3.173700150907542e-10
Banchor_A,0.8626923114061356,0.19464758164955692,41.826181666711285,3.047264347900574e-10
Banchor_A,0.8638461530208588,0.19566805439654733,41.8270310823923,2.9307008656494385e-10
Banchor_A,0.864999994635582,0.19668977793466114,41.82788082983375,2.814047402486369e-10
Banchor_A,0.8661538362503052,0.19771227251237955,41.82873158049069,2.697328070797468e-10
Banchor_A,0.8673076778650284,0.1983458270663881,41.829997460938465,2.5235514121598777e-10
Banchor_A,0.8684615194797516,0.19898070686738165,41.831263705953056,2.349798229785186e-10
Banchor_A,0.8696153610944748,0.19961679530109505,41.83253047806766,2.1759233121610942e-10
Banchor_A,0.870769202709198,0.20027012665988642,41.83377650615616,2.0048967327052452e-10
Banchor_A,0.8719230592250824,0.2013296033456167,41.83456357051596,1.8968653282798676e-10
Banchor_A,0.8730769157409668,0.20239004004566033,41.83535131943684,1.7888153145179932e-10
Banchor_A,0.8742307722568512,0.20345191820852382,41.83613914496455,1.6806428239705307e-10
Banchor_A,0.8753846287727356,0.2045009758292247,41.83694582310889,1.569931055487205e-10
Banchor_A,0.8765384703874588,0.2051932772339037,41.83808621147674,1.4134552383374562e-10
Banchor_A,0.877692312002182,0.20587776240227615,41.83923906123027,1.2552279972258292e-10
Banchor_A,0.8788461536169052,0.2065729427555759,41.840379757664095,1.0986779466212681e-10
Banchor_A,0.8799999952316284,0.20726580943280587,41.841525602358885,9.414217043789397e-11
Banchor_A,0.8811538368463516,0.2079659307954011,41.84267154372213,7.841090161319378e-11
Banchor_A,0.8823076784610748,0.2086732660199899,41.84380995380259,6.278763576195903e-11
Banchor_A,0.883461520075798,0.2093752873123467,41.84495747879138,4.7038559158578784e-11
Banchor_A,0.8846153616905212,0.2100796199035428,41.84610403997924,3.130207545526412e-11
Banchor_A,0.8857692182064056,0.21091154103559392,41.84706511651085,1.8111382979205555e-11
Banchor_A,0.88692307472229,0.2117444891220372,41.84802690615942,4.915054273763558e-12
Banchor_A,0.8880769312381744,0.21257837157588222,41.84898953902597,8.297065999291123e-12
Banchor_A,0.8892307877540588,0.21341324111199778,41.84995287689861,2.152116226089633e-11
Banchor_A,0.890384629368782,0.21423255937846805,41.85094081544365,3.5080498302316904e-11
Banchor_A,0.8915384709835052,0.21505190488447523,41.85193066637785,4.866599833971356e-11
Banchor_A,0.8926923125982285,0.21584583516369749,41.852956218731016,6.273830579502727e-11
Banchor_A,0.8938461542129517,0.21665869610953323,41.85395852075597,7.64942937664698e-11
Banchor_A,0.8949999958276749,0.21724817001582478,41.85518157490202,9.328185510168706e-11
Banchor_A,0.8961538374423981,0.21783942781483445,41.85640449389075,1.1006198736467902e-10
Banchor_A,0.8973076790571213,0.21843321358511678,41.85762630046493,1.2683690034439284e-10
Banchor_A,0.8984615206718445,0.21896163956956374,41.85893718463996,1.4482779407283215e-10
Banchor_A,0.8996153771877289,0.21969059882365438,41.85997891659821,1.5912055418099062e-10
Banchor_A,0.9007692337036133,0.22042145937671553,41.8610201809829,1.734143774509304e-10
Banchor_A,0.9019230902194977,0.22115187444539647,41.862064102132834,1.8774189370629545e-10
Banchor_A,0.9030769467353821,0.2218815371079706,41.863111034398436,2.0210643633820566e-10
Banchor_A,0.9042307883501053,0.22222136674679874,41.864562335542544,2.22027929268834e-10
Banchor_A,0.9053846299648285,0.2225063113471727,41.866088604168745,2.4297769928630326e-10
Banchor_A,0.9065384715795517,0.2228491276346744,41.86754002550621,2.628954501596639e-10
Banchor_A,0.9076923131942749,0.22319545925158293,41.868988863010486,2.827802070088403e-10
Banchor_A,0.9088461548089981,0.22367287169507696,41.87030184924531,3.007985490010863e-10
Banchor_A,0.9099999964237213,0.22416994582068064,41.871590737460515,3.1848946536362224e-10
Banchor_A,0.9111538380384445,0.22464976416346122,41.872904577931926,3.365180409580673e-10
Banchor_A,0.9123076796531677,0.2251307157887189,41.87421898559658,3.5456048834839657e-10
Banchor_A,0.9134615361690521,0.22576316083897804,41.87533756416886,3.699126601385531e-10
Banchor_A,0.9146153926849365,0.22639633088180486,41.87645714159123,3.852769106604809e-10
Banchor_A,0.9157692492008209,0.22703058023675857,41.87757725664103,4.0065357594326126e-10
Banchor_A,0.9169231057167053,0.22766527835885758,41.878698679411606,4.1604410862693984e-10
Banchor_A,0.9180769473314285,0.22827964756857083,41.8798131833269,4.313395109196284e-10
Banchor_A,0.9192307889461517,0.22889455129593578,41.88092882328579,4.466510772500455e-10
Banchor_A,0.9203846305608749,0.22951013959925287,41.88204540537582,4.6197318186592167e-10
Banchor_A,0.9215384721755981,0.23012519873588352,41.88316457766027,4.77331753475707e-10
Banchor_A,0.9226923137903214,0.23050120669353608,41.884548590909965,4.963255845541893e-10
Banchor_A,0.9238461554050446,0.2308787268202159,41.88593273204213,5.15325973164783e-10
Banchor_A,0.9249999970197678,0.23125772783638443,41.887317049377835,5.343227766362423e-10
Banchor_A,0.926153838634491,0.23163827510847076,41.8887014923508,5.533238129400488e-10
Banchor_A,0.9273076802492142,0.2322247376222615,41.88979662740883,5.68356632342531e-10
Banchor_A,0.9284615218639374,0.23281124681453044,41.89089345845798,5.834104849968096e-10
Banchor_A,0.9296153634786606,0.2333980988405162,41.891991603444154,5.984782425907208e-10
Banchor_A,0.9307692050933838,0.23398526644703696,41.89309113216787,6.135734762696656e-10
Banchor_A,0.9319230616092682,0.23422918930414405,41.8945608723293,6.337397976731346e-10
Banchor_A,0.9330769181251526,0.23447439649363366,41.89603093011545,6.539186773525707e-10
Banchor_A,0.934230774641037,0.234720821277054,41.89750140010063,6.740987809413205e-10
Banchor_A,0.9353846311569214,0.23496846270866428,41.89897222405757,6.942828209703962e-10
Banchor_A,0.9365384727716446,0.23555300185636666,41.90004603379319,7.090257297658678e-10
Banchor_A,0.9376923143863678,0.2361368418411858,41.90112225766973,7.237936821391342e-10
Banchor_A,0.938846156001091,0.23672094952715184,41.90219967065693,7.385783822948332e-10
Banchor_A,0.9399999976158142,0.2373052995712281,41.90327833874927,7.533866814604246e-10
Banchor_A,0.9411538392305374,0.23753330120779959,41.90473472607215,7.73372417415748e-10
Banchor_A,0.9423076808452606,0.2377626599012898,41.906191403404925,7.933665478422611e-10
Banchor_A,0.9434615224599838,0.23799334966822186,41.90764841149082,8.133598943115374e-10
Banchor_A,0.944615364074707,0.2382254580716082,41.909105667339325,8.333609235087977e-10
Banchor_A,0.9457692205905914,0.23861422985921046,41.9103854462515,8.509227599191278e-10
Banchor_A,0.9469230771064758,0.23900341716321954,41.91166631695141,8.685040826340106e-10
Banchor_A,0.9480769336223602,0.2393931318377669,41.912948134804886,8.860949248434322e-10
Banchor_A,0.9492307901382446,0.23978336097973194,41.9142308554619,9.037003713129936e-10
Banchor_A,0.9503846317529678,0.23997053606055413,41.915721830304975,9.241642286259433e-10
Banchor_A,0.951538473367691,0.2401586747218177,41.917213318524006,9.446373909622269e-10
Banchor_A,0.9526923149824142,0.24034789483848873,41.91870516766572,9.65107361235068e-10
Banchor_A,0.9538461565971375,0.24053825137810006,41.92019733675393,9.855882392036612e-10
Banchor_A,0.9549999982118607,0.24054621575856788,41.92181164617001,1.0077452868566807e-09
Banchor_A,0.9561538398265839,0.24064083377441264,41.92331285817281,1.0283489383713253e-09
Banchor_A,0.9573076814413071,0.2406532844624259,41.92492526647795,1.0504766051404186e-09
Banchor_A,0.9584615230560303,0.2406674240829614,41.926537464100186,1.0726017897895128e-09
Banchor_A,0.9596153795719147,0.24098130463664455,41.92780928485091,1.0900582704277365e-09
Banchor_A,0.9607692360877991,0.24129592591006924,41.92908170560642,1.10751986074555e-09
Banchor_A,0.9619230926036835,0.24161112113369304,41.93035495170689,1.1249976435324833e-09
Banchor_A,0.9630769491195679,0.24192788983886576,41.93162764196491,1.1424654083527965e-09
Banchor_A,0.9642307907342911,0.24224619917810863,41.93290008721119,1.1599303572627714e-09
Banchor_A,0.9653846323490143,0.24261101878882863,41.93411219851421,1.176561734308634e-09
Banchor_A,0.9665384739637375,0.2429697762137289,41.935333810468286,1.1933311378689852e-09
Banchor_A,0.9676923155784607,0.24334847977963392,41.93653036927718,1.2097491415661267e-09
Banchor_A,0.9688461571931839,0.24335555002347198,41.93811898991813,1.2315518884717996e-09
Banchor_A,0.9699999988079071,0.24338647610638217,41.939677697011184,1.252947485240958e-09
Banchor_A,0.9711538404226303,0.24341841026205902,41.94123685980178,1.2743441643657653e-09
Banchor_A,0.9723076820373535,0.24345417408327474,41.94279276084522,1.2956984588624217e-09
Banchor_A,0.9734615236520767,0.2435282192486997,41.944314743915264,1.3165883506023533e-09
Banchor_A,0.9746153652667999,0.24360305972117763,41.945837132304675,1.3374816900634238e-09
Banchor_A,0.9757692068815231,0.24367866120872322,41.947359974585595,1.3583836223649024e-09
Banchor_A,0.9769230484962463,0.24375510143790688,41.948883195454016,1.3792880912911984e-09
Banchor_A,0.9780769050121307,0.24381186931789461,41.95034294781084,1.39932115694728e-09
Banchor_A,0.9792307615280151,0.24386304005413503,41.951811727146556,1.4194814223646646e-09
Banchor_A,0.9803846180438995,0.24392161962918552,41.95327218523154,1.439523111231294e-09
Banchor_A,0.9815384745597839,0.24393558914743768,41.95479345115062,1.460400850243098e-09
Banchor_A,0.9826923161745071,0.24385736697659158,41.95643867146866,1.482980718584422e-09
Banchor_A,0.9838461577892303,0.24377984707601758,41.958084416174806,1.5055670498848737e-09
Banchor_A,0.9849999994039536,0.24370304467578593,41.95973066816033,1.5281615609028318e-09
Banchor_A,0.9861538410186768,0.24362697921629334,41.961377428442184,1.5507614908068966e-09
Banchor_A,0.9873076826334,0.24367674447470677,41.962822423976256,1.5705935768107072e-09
Banchor_A,0.9884615242481232,0.24376151818110367,41.964222231528744,1.5898055515788232e-09
Banchor_A,0.9896153658628464,0.2438467648688976,41.96562276534456,1.6090316718141595e-09
Banchor_A,0.8873628399138829,0.21206219216023342,41.84839369298829,1.2423681693278208e-13
Banchor_A,0.9054853241166153,0.22253617746229645,41.86621525376363,2.447104601008248e-10
Banchor_A,0.7969230453135275,0.1322024328851117,41.77729219371196,9.757098627417432e-10
Banchor_A,0.7969230553135276,0.1322024328851117,41.777292124098736,9.757081675705024e-10
Banchor_A,0.7969230653135276,0.1322024328851117,41.7772921458832,9.75708173564286e-10
Banchor_A,0.8015384294675493,0.1382803373099378,41.77928668726808,9.48338776069127e-10
Banchor_A,0.8015384394675493,0.1382803373099378,41.77928675310938,9.48337254232556e-10
Banchor_A,0.8015384494675494,0.1382803373099378,41.77928677303607,9.483362813441964e-10
Banchor_A,0.806153813621571,0.14192815759400498,41.783654561647104,8.883923296300129e-10
Banchor_A,0.8061538236215711,0.14192815759400498,41.78365461534085,8.883923451308514e-10
Banchor_A,0.8061538336215711,0.14192815759400498,41.78365463698731,8.88390249324822e-10
Banchor_A,0.8107691977755928,0.14793387499317256,41.785680973383144,8.605779579694405e-10
Banchor_A,0.8107692077755928,0.14793387499317256,41.78568090953539,8.605799096809468e-10
Banchor_A,0.8107692177755929,0.14793387499317256,41.78568093020247,8.60577950431894e-10
Banchor_A,0.8153845819296145,0.15237025108878274,41.78934051763671,8.103503118499652e-10
Banchor_A,0.8153845919296145,0.15237025108878274,41.78934057720654,8.103511624051323e-10
Banchor_A,0.8153846019296146,0.15237025108878274,41.78934059730588,8.103515888332926e-10
Banchor_A,0.8199999660836362,0.1570219938939698,41.79245255304358,7.676430656689766e-10
Banchor_A,0.8199999760836363,0.1570219938939698,41.79245260851849,7.67643641485964e-10
Banchor_A,0.8199999860836363,0.1570219938939698,41.7924526288984,7.676411149525729e-10
Banchor_A,0.824615350237658,0.1616325527548824,41.79574952637633,7.223920307829143e-10
Banchor_A,0.824615360237658,0.1616325527548824,41.79574958300723,7.223921853562473e-10
Banchor_A,0.8246153702376581,0.1616325527548824,41.79574960349615,7.22389793273252e-10
Banchor_A,0.8292307343916797,0.1661356909974627,41.79923814125375,6.745135227633708e-10
Banchor_A,0.8292307443916798,0.1661356909974627,41.79923808129785,6.745157671291565e-10
Banchor_A,0.8292307543916798,0.1661356909974627,41.7992381004768,6.745118210292807e-10
Banchor_A,0.8338461185457015,0.16952334118379275,41.80360740615559,6.145462901206138e-10
Banchor_A,0.8338461285457015,0.16952334118379275,41.80360745659435,6.145491246326728e-10
Banchor_A,0.8338461385457016,0.16952334118379275,41.80360747709445,6.145426284719067e-10
Banchor_A,0.8384615026997232,0.17499216416390354,41.805818458874676,5.841986016895038e-10
Banchor_A,0.8384615126997232,0.17499216416390354,41.80581851670037,5.842041340611605e-10
Banchor_A,0.8384615226997233,0.17499216416390354,41.805818535695224,5.841974842616244e-10
Banchor_A,0.8430768868537449,0.17788422538378004,41.81075973504401,5.163847924193981e-10
Banchor_A,0.843076896853745,0.17788422538378004,41.81075967313901,5.163836480387462e-10
Banchor_A,0.843076906853745,0.17788422538378004,41.81075969242953,5.163832256620309e-10
Banchor_A,0.8476922710077667,0.1820241479918034,41.814180392699136,4.694383039086537e-10
Banchor_A,0.8476922810077667,0.1820241479918034,41.814180446273035,4.694361812128423e-10
Banchor_A,0.8476922910077668,0.1820241479918034,41.81418046565852,4.694384565196973e-10
Banchor_A,0.8523076551617884,0.18613277090632582,41.81768494634876,4.213371405689976e-10
Banchor_A,0.8523076651617885,0.18613277090632582,41.81768500053862,4.2133928164135594e-10
Banchor_A,0.8523076751617885,0.18613277090632582,41.81768501973288,4.213399953657984e-10
Banchor_A,0.8569230393158102,0.19005856085074035,41.82134410995237,3.711192234569536e-10
Banchor_A,0.8569230493158102,0.19005856085074035,41.821344050533284,3.7112292136199314e-10
Banchor_A,0.8569230593158103,0.19005856085074035,41.82134406941656,3.711220685694564e-10
Banchor_A,0.8615384234698319,0.19368269624841336,41.82526022941748,3.173762831636976e-10
Banchor_A,0.8615384334698319,0.19368269624841336,41.82526028140735,3.173725770810659e-10
Banchor_A,0.861538443469832,0.19368269624841336,41.82526030049346,3.173707236090618e-10
Banchor_A,0.8661538076238536,0.19771227251237955,41.828731491764955,2.6973322828153277e-10
Banchor_A,0.8661538176238537,0.19771227251237955,41.8287315464855,2.697302311830019e-10
Banchor_A,0.8661538276238537,0.19771227251237955,41.8287315647419,2.6972765903499365e-10
Banchor_A,0.8707691917778754,0.20027012665988642,41.83377645368524,2.0049453896911193e-10
Banchor_A,0.8707692017778754,0.20027012665988642,41.833776504385504,2.0049368253396855e-10
Banchor_A,0.8707692117778755,0.20027012665988642,41.83377652339775,2.0049239497787575e-10
Banchor_A,0.8753845759318971,0.2045009758292247,41.836945802254334,1.5699224405799415e-10
Banchor_A,0.8753845859318972,0.2045009758292247,41.836945746660966,1.5699869441876978e-10
Banchor_A,0.8753845959318972,0.2045009758292247,41.83694576450561,1.5699453643009533e-10
Banchor_A,0.8799999600859189,0.20726580943280587,41.84152550768772,9.414331705791763e-11
Banchor_A,0.8799999700859189,0.20726580943280587,41.84152555713948,9.413757007787678e-11
Banchor_A,0.879999980085919,0.20726580943280587,41.841525575122425,9.414260087980261e-11
Banchor_A,0.8846153442399406,0.2100796199035428,41.8461039765257,3.1304522092507864e-11
Banchor_A,0.8846153542399406,0.2100796199035428,41.846104026644284,3.130293902744011e-11
Banchor_A,0.8846153642399407,0.2100796199035428,41.84610404454215,3.130538643239407e-11
Banchor_A,0.8892307283939623,0.21341324111199778,41.849952845539725,2.1522892956568155e-11
Banchor_A,0.8892307383939624,0.21341324111199778,41.84995278811784,2.1517699820747936e-11
Banchor_A,0.8892307483939624,0.21341324111199778,41.849952806104184,2.1518421159170995e-11
Banchor_A,0.8938461125479841,0.21665869610953323,41.85395841359244,7.649486920664048e-11
Banchor_A,0.8938461225479841,0.21665869610953323,41.853958465732916,7.649689323917513e-11
Banchor_A,0.8938461325479842,0.21665869610953323,41.853958483109544,7.649227040903437e-11
Banchor_A,0.8984614967020058,0.21896163956956374,41.85893711191746,1.448248978817596e-10
Banchor_A,0.8984615067020059,0.21896163956956374,41.85893716031608,1.4482533330246528e-10
Banchor_A,0.8984615167020059,0.21896163956956374,41.85893717772779,1.4482215135445227e-10
Banchor_A,0.9030768808560276,0.2218815371079706,41.86311099249028,2.0210643323448318e-10
Banchor_A,0.9030768908560276,0.2218815371079706,41.8631109423002,2.0210875017343687e-10
Banchor_A,0.9030769008560277,0.2218815371079706,41.863110958781824,2.0210875123451863e-10
Banchor_A,0.9076922650100493,0.22319545925158293,41.86898875396122,2.8277612908089993e-10
Banchor_A,0.9076922750100493,0.22319545925158293,41.86898879860435,2.8277991177631473e-10
Banchor_A,0.9076922850100494,0.22319545925158293,41.86898881547156,2.8278180172253795e-10
Banchor_A,0.912307649164071,0.2251307157887189,41.87421890398309,3.5455888035631197e-10
Banchor_A,0.9123076591640711,0.2251307157887189,41.87421895083156,3.5456004785231444e-10
Banchor_A,0.9123076691640711,0.2251307157887189,41.87421896779913,3.545607773055795e-10
Banchor_A,0.9169230333180928,0.22766527835885758,41.87869862747133,4.160397284521211e-10
Banchor_A,0.9169230433180928,0.22766527835885758,41.8786985750517,4.160391415160542e-10
Banchor_A,0.9169230533180929,0.22766527835885758,41.87869859177642,4.1604380792724535e-10
Banchor_A,0.9215384174721145,0.23012519873588352,41.88316445611176,4.773326144939214e-10
Banchor_A,0.9215384274721146,0.23012519873588352,41.88316450472773,4.773348071194565e-10
Banchor_A,0.9215384374721146,0.23012519873588352,41.88316452104246,4.773311607631334e-10
Banchor_A,0.9261538016261363,0.23163827510847076,41.88870140269644,5.533245277947728e-10
Banchor_A,0.9261538116261363,0.23163827510847076,41.88870144849949,5.533210261182284e-10
Banchor_A,0.9261538216261364,0.23163827510847076,41.88870146473569,5.533205902584579e-10
Banchor_A,0.930769185780158,0.23398526644703696,41.89309107185605,6.135686288844634e-10
Banchor_A,0.930769195780158,0.23398526644703696,41.89309111769778,6.1356863834558e-10
Banchor_A,0.9307692057801581,0.23398526644703696,41.89309113323492,6.135731834178046e-10
Banchor_A,0.9353845699341797,0.23496846270866428,41.898972193914396,6.942848698658449e-10
Banchor_A,0.9353845799341798,0.23496846270866428,41.898972141948576,6.942828028813148e-10
Banchor_A,0.9353845899341798,0.23496846270866428,41.89897215797837,6.942839808095197e-10
Banchor_A,0.9399999540882015,0.2373052995712281,41.90327824028728,7.533844520015423e-10
Banchor_A,0.9399999640882015,0.2373052995712281,41.90327828765988,7.533835811496493e-10
Banchor_A,0.9399999740882016,0.2373052995712281,41.90327830289788,7.533810849199818e-10
Banchor_A,0.9446153382422232,0.2382254580716082,41.90910560069511,8.333569273794375e-10
Banchor_A,0.9446153482422233,0.2382254580716082,41.90910564270381,8.33358709217958e-10
Banchor_A,0.9446153582422233,0.2382254580716082,41.90910565826392,8.333623954490399e-10
Banchor_A,0.949230722396245,0.23978336097973194,41.914230815119,9.037039038198746e-10
Banchor_A,0.949230732396245,0.23978336097973194,41.91423076845069,9.036996119181698e-10
Banchor_A,0.949230742396245,0.23978336097973194,41.914230783519656,9.037006481846139e-10
Banchor_A,0.9538461065502667,0.24053825137810006,41.92019723425111,9.855859944801912e-10
Banchor_A,0.9538461165502667,0.24053825137810006,41.92019728039284,9.855879288159319e-10
Banchor_A,0.9538461265502668,0.24053825137810006,41.920197294466625,9.855913308572205e-10
Banchor_A,0.9584614907042884,0.2406674240829614,41.926537393315286,1.0725996970991625e-09
Banchor_A,0.9584615007042885,0.2406674240829614,41.92653743140138,1.0726035531574422e-09
Banchor_A,0.9584615107042885,0.2406674240829614,41.92653744603058,1.0726047429097805e-09
Banchor_A,0.9630768748583102,0.24192788983886576,41.93162759445875,1.1424631637406077e-09
Banchor_A,0.9630768848583102,0.24192788983886576,41.93162754758897,1.1424633001534766e-09
Banchor_A,0.9630768948583103,0.24192788983886576,41.93162756227525,1.1424594487492858e-09
Banchor_A,0.9676922590123319,0.24334847977963392,41.93653025984472,1.209746428269684e-09
Banchor_A,0.967692269012332,0.24334847977963392,41.936530304819264,1.2097492712167359e-09
Banchor_A,0.967692279012332,0.24334847977963392,41.9365303186615,1.2097509094388473e-09
Banchor_A,0.9723076431663537,0.24345417408327474,41.94279268219619,1.2956953092947042e-09
Banchor_A,0.9723076531663537,0.24345417408327474,41.942792720319794,1.2956977020052768e-09
Banchor_A,0.9723076631663538,0.24345417408327474,41.942792734356516,1.2956962185987282e-09
Banchor_A,0.9769230273203754,0.24375510143790688,41.94888314069448,1.379288072527631e-09
Banchor_A,0.9769230373203754,0.24375510143790688,41.948883180592745,1.3792855510048887e-09
Banchor_A,0.9769230473203755,0.24375510143790688,41.94888319389038,1.379284216170664e-09
Banchor_A,0.9815384114743971,0.24393558914743768,41.95479342287553,1.4604038224328258e-09
Banchor_A,0.9815384214743972,0.24393558914743768,41.954793380272214,1.4604038144390907e-09
Banchor_A,0.9815384314743972,0.24393558914743768,41.95479339362399,1.4604030720177639e-09
Banchor_A,0.9861537956284189,0.24362697921629334,41.96137734389269,1.550764004355621e-09
Banchor_A,0.9861538056284189,0.24362697921629334,41.96137738211038,1.5507626629071387e-09
Banchor_A,0.986153815628419,0.24362697921629334,41.961377395202064,1.5507643146335571e-09
Banchor_B,0.7946153879165649,0.12950341736435655,41.77587016617822,9.952265033107974e-10
Banchor_B,0.7969231009483337,0.13220244505433745,41.777292207347905,9.75707074365805e-10
Banchor_B,0.7992307841777802,0.13524009721652608,41.77828790651255,9.620451827196696e-10
Banchor_B,0.8015384674072266,0.1382803654338161,41.779286771428374,9.483340473616442e-10
Banchor_B,0.803846150636673,0.1401012190145246,41.78147068552826,9.183624672658089e-10
Banchor_B,0.8061538338661194,0.14192814776430024,41.783654650573865,8.883875901989021e-10
Banchor_B,0.8084615468978882,0.14492981654758044,41.78466611457388,8.745048655252455e-10
Banchor_B,0.810769259929657,0.14793388152765918,41.78568100864264,8.605738998141814e-10
Banchor_B,0.8130769431591034,0.15016097109470566,41.787495526905865,8.356726353454411e-10
Banchor_B,0.8153846263885498,0.1523702499809804,41.789340647938296,8.103539888439286e-10
Banchor_B,0.8176923096179962,0.15470418029710384,41.790882334448746,7.891894544919585e-10
Banchor_B,0.8199999928474426,0.15702201560447548,41.7924526138438,7.67641395216234e-10
Banchor_B,0.822307676076889,0.15932588606905,41.79409911109403,7.450410124844985e-10
Banchor_B,0.8246153593063354,0.16163254932722643,41.79574954947188,7.223917541360129e-10
Banchor_B,0.8269230723381042,0.1638860374454257,41.79748787480963,6.985311596621008e-10
Banchor_B,0.829230785369873,0.1661356912261669,41.79923815958589,6.745145132717287e-10
Banchor_B,0.8315384685993195,0.1678122390775072,41.80144123933241,6.442758302616218e-10
Banchor_B,0.8338461518287659,0.16952338088641247,41.80360745158146,6.145494104435378e-10
Banchor_B,0.8361538350582123,0.17225668110757075,41.80471077432873,5.994016435131462e-10
Banchor_B,0.8384615182876587,0.1749921622957146,41.80581852979633,5.842001726592657e-10
Banchor_B,0.8407692313194275,0.176435224291076,41.80828904981751,5.50293796287778e-10
Banchor_B,0.8430769443511963,0.17788421296450693,41.81075978126307,5.16384515095469e-10
Banchor_B,0.8453846275806427,0.17992980270692197,41.81249819591985,4.925256768334495e-10
Banchor_B,0.8476923108100891,0.18202418353746075,41.8141804568245,4.694385994666128e-10
Banchor_B,0.8499999940395355,0.18407659073113247,41.81593131906121,4.454081745626627e-10
Banchor_B,0.8523076772689819,0.18613278983280626,41.817684998633865,4.2133999367652735e-10
Banchor_B,0.8546153903007507,0.1881030279302872,41.81950097573767,3.964149872945366e-10
Banchor_B,0.8569231033325195,0.19005856568484758,41.82134414611245,3.7111666294473446e-10
Banchor_B,0.8592307865619659,0.19186716290784345,41.82330297302007,3.4423865631119723e-10
Banchor_B,0.8615384697914124,0.1936826862147379,41.82526036406089,3.1736915962510954e-10
Banchor_B,0.8638461530208588,0.1956680758343898,41.82703105391204,2.9307265608764525e-10
Banchor_B,0.8661538362503052,0.19771228776449068,41.82873156022822,2.697289457598807e-10
Banchor_B,0.8684615194797516,0.19898070711258498,41.8312637056273,2.3497796291383305e-10
Banchor_B,0.870769202709198,0.20027016944820283,41.83377644931178,2.0049024367429723e-10
Banchor_B,0.8730769157409668,0.20239010102365246,41.83535123843245,1.7887808920589095e-10
Banchor_B,0.8753846287727356,0.2045010048491199,41.83694578455958,1.569929608808963e-10
Banchor_B,0.877692312002182,0.2058777674320391,41.83923905454882,1.255189232169701e-10
Banchor_B,0.8799999952316284,0.2072658099689032,41.841525601646744,9.414231414745094e-11
Banchor_B,0.8823076784610748,0.20867319941208382,41.84381004228362,6.278648621159299e-11
Banchor_B,0.8846153616905212,0.21007964937017246,41.84610400083601,3.130092357459461e-11
Banchor_B,0.88692307472229,0.2117444801611515,41.84802691806298,4.914766088979603e-12
Banchor_B,0.8892307877540588,0.21341320427500263,41.84995292583248,2.151899880900486e-11
Banchor_B,0.8915384709835052,0.2150519383491003,41.85193062192384,4.866094535814689e-11
Banchor_B,0.8938461542129517,0.21665867045313753,41.85395855483758,7.649848404942952e-11
Banchor_B,0.8961538374423981,0.21783942792716082,41.85640449374154,1.1006762570869324e-10
Banchor_B,0.8984615206718445,0.21896169453828565,41.85893711161899,1.4482504304095595e-10
Banchor_B,0.9007692337036133,0.22042145890875622,41.86102018160454,1.7341191536527554e-10
Banchor_B,0.9030769467353821,0.22188157367633038,41.863110985820384,2.021086090815643e-10
Banchor_B,0.9053846299648285,0.2225063118832689,41.86608860345656,2.4297682843075226e-10
Banchor_B,0.9076923131942749,0.22319545929954174,41.86898886294677,2.8277991643186723e-10
Banchor_B,0.9099999964237213,0.22416993803982416,41.871590747797406,3.184912107608042e-10
Banchor_B,0.9123076796531677,0.22513073529065705,41.8742189596879,3.545574309257292e-10
Banchor_B,0.9146153926849365,0.22639630276942768,41.87645717893865,3.8527749618588283e-10
Banchor_B,0.9169231057167053,0.2276652846299301,41.878698671080535,4.1604439944954987e-10
Banchor_B,0.9192307889461517,0.22889455358166316,41.880928820249245,4.466496183367069e-10
Banchor_B,0.9215384721755981,0.23012523324480225,41.883164531816256,4.773321868075625e-10
Banchor_B,0.9238461554050446,0.23087872257820766,41.885932737677564,5.15323197720638e-10
Banchor_B,0.926153838634491,0.2316382688459237,41.888701500670585,5.533243989340581e-10
Banchor_B,0.9284615218639374,0.23281124024435335,41.890893467185975,5.834087293588042e-10
Banchor_B,0.9307692050933838,0.23398529230773116,41.89309109781399,6.135671713866557e-10
Banchor_B,0.9330769181251526,0.23447438539986762,41.89603094485273,6.539179460456563e-10
Banchor_B,0.9353846311569214,0.2349684879101209,41.89897219057901,6.942854585431245e-10
Banchor_B,0.9376923143863678,0.2361368328560201,41.901122269605814,7.237942716310395e-10
Banchor_B,0.9399999976158142,0.2373052998903277,41.903278338325364,7.533812404859707e-10
Banchor_B,0.9423076808452606,0.23776265603696178,41.90619140853838,7.933661070928933e-10
Banchor_B,0.944615364074707,0.23822548581870737,41.90910563047933,8.333615065207517e-10
Banchor_B,0.9469230771064758,0.23900343599188364,41.9116662919392,8.685042255498148e-10
Banchor_B,0.9492307901382446,0.2397833472787575,41.91423087366222,9.037000797316212e-10
Banchor_B,0.951538473367691,0.24015870681883797,41.91721327588607,9.446344301283927e-10
Banchor_B,0.9538461565971375,0.24053827094962746,41.92019731075475,9.85586165344336e-10
Banchor_B,0.9561538398265839,0.2406408309177479,41.923312861967645,1.028349826450051e-09
Banchor_B,0.9584615230560303,0.24066744145846491,41.92653744101803,1.0726022286782026e-09
Banchor_B,0.9607692360877991,0.2412958770584436,41.92908177050199,1.1075244687235488e-09
Banchor_B,0.9630769491195679,0.24192786869589944,41.93162767005154,1.142464821723572e-09
Banchor_B,0.9653846323490143,0.2426110479678787,41.934112159751685,1.1765614279691199e-09
Banchor_B,0.9676923155784607,0.24334844307698913,41.93653041803315,1.2097490052360855e-09
Banchor_B,0.9699999988079071,0.24338644383501962,41.9396777398807,1.2529494291426522e-09
Banchor_B,0.9723076820373535,0.24345414377486158,41.94279280110734,1.2956986184677317e-09
Banchor_B,0.9746153652667999,0.24360302876995707,41.94583717342068,1.3374814036643841e-09
Banchor_B,0.9769230484962463,0.24375510657767252,41.94888318862629,1.379287642294606e-09
Banchor_B,0.9792307615280151,0.24386304060274724,41.95181172641779,1.419476499615752e-09
Banchor_B,0.9815384745597839,0.24393558277424063,41.9547934596167,1.4604051831815012e-09
Banchor_B,0.9838461577892303,0.24377985070089436,41.95808441135953,1.505567197810762e-09
Banchor_B,0.9861538410186768,0.24362697983946882,41.96137742761436,1.5507658270756372e-09
Banchor_B,0.9884615242481232,0.24376152114304636,41.964222227594284,1.5898064483777512e-09
Banchor_B,0.7946153879165649,0.12950341799569487,41.775870165339654,9.95225944857818e-10
Banchor_B,0.7957692444324493,0.13085246547448817,41.776581031100214,9.8546767279301e-10
Banchor_B,0.7969231009483337,0.1322024328851117,41.77729222351172,9.757066586515686e-10
Banchor_B,0.798076942563057,0.13372082464481,41.77778982298444,9.688774072080523e-10
Banchor_B,0.7992307841777802,0.13524009500553996,41.778287909449304,9.620446243345538e-10
Banchor_B,0.8003846257925034,0.13675994694918972,41.778786871037894,9.551984291853621e-10
Banchor_B,0.8015384674072266,0.1382803373099378,41.7792868087839,9.483374105069512e-10
Banchor_B,0.8026923090219498,0.1391900858442228,41.780378661982816,9.333466396798224e-10
Banchor_B,0.803846150636673,0.1401012315092978,41.781470668931526,9.183651232687532e-10
Banchor_B,0.8049999922513962,0.14101424883082778,41.78256221327286,9.033823483600343e-10
Banchor_B,0.8061538338661194,0.14192815759400498,41.78365463751667,8.88389689108913e-10
Banchor_B,0.8073076903820038,0.14342883243087368,41.78415974987992,8.814587381367484e-10
Banchor_B,0.8084615468978882,0.1449298191014541,41.78466611118149,8.745079487112785e-10
Banchor_B,0.8096154034137726,0.14642980419679993,41.785175477126906,8.675146005768508e-10
Banchor_B,0.810769259929657,0.14793387499317256,41.7856810173226,8.605785299003731e-10
Banchor_B,0.8119231015443802,0.14904698300215344,41.786587975046196,8.481321808740411e-10
Banchor_B,0.8130769431591034,0.15016097705121476,41.78749551899353,8.356768441039032e-10
Banchor_B,0.8142307847738266,0.1512642813698878,41.78841899316573,8.230007049819106e-10
Banchor_B,0.8153846263885498,0.15237025108878274,41.789340646466734,8.103530056692975e-10
Banchor_B,0.816538468003273,0.15353674558203026,41.79011118858574,7.997768889997305e-10
Banchor_B,0.8176923096179962,0.15470414961950338,41.79088237520019,7.891940988265382e-10
Banchor_B,0.8188461512327194,0.15588368088838117,41.79163922316339,7.788054191080246e-10
Banchor_B,0.8199999928474426,0.1570219938939698,41.79245264268298,7.676388680312766e-10
Banchor_B,0.8211538344621658,0.15817360155010843,41.793275373269275,7.56346597271842e-10
Banchor_B,0.822307676076889,0.15932584365318953,41.794099167437864,7.450432737812637e-10
Banchor_B,0.8234615176916122,0.16047883698105697,41.79492387644596,7.337243075857756e-10
Banchor_B,0.8246153593063354,0.1616325527548824,41.79574954491864,7.223893577966039e-10
Banchor_B,0.8257692158222198,0.16276233486350722,41.796613803234116,7.10530534709215e-10
Banchor_B,0.8269230723381042,0.16388602627407992,41.79748788964959,6.985325717610228e-10
Banchor_B,0.8280769288539886,0.16501041695904287,41.7983627834636,6.865260891781068e-10
Banchor_B,0.829230785369873,0.1661356909974627,41.799238159889704,6.745112687048168e-10
Banchor_B,0.8303846269845963,0.16695959613772954,41.80035767448146,6.591472522082509e-10
Banchor_B,0.8315384685993195,0.1678121978165849,41.801441294144716,6.442780966519081e-10
Banchor_B,0.8326923102140427,0.16866677254217588,41.802524566085964,6.294058122413976e-10
Banchor_B,0.8338461518287659,0.16952334118379275,41.803607504324866,6.14543058063418e-10
Banchor_B,0.8349999934434891,0.1708897218730034,41.80415861437861,6.069807394800427e-10
Banchor_B,0.8361538350582123,0.1722566507669476,41.80471081463463,5.994061743874721e-10
Banchor_B,0.8373076766729355,0.17362410114676585,41.805264144987014,5.918123890674506e-10
Banchor_B,0.8384615182876587,0.17499216416390354,41.80581852731457,5.842005970209398e-10
Banchor_B,0.8396153748035431,0.17571301891042332,41.80705366841033,5.672520127665996e-10
Banchor_B,0.8407692313194275,0.17643518809172945,41.80828909790715,5.502952185737979e-10
Banchor_B,0.8419230878353119,0.177158581331575,41.80952494238229,5.333295850180002e-10
Banchor_B,0.8430769443511963,0.17788422538378004,41.81075976476405,5.163836624899407e-10
Banchor_B,0.8442307859659195,0.17889483444987117,41.81164407584852,5.042469533503471e-10
Banchor_B,0.8453846275806427,0.1799298747520943,41.812498100207975,4.925280796949091e-10
Banchor_B,0.8465384691953659,0.18094581602896176,41.81337963059661,4.804254773190448e-10
Banchor_B,0.8476923108100891,0.1820241479918034,41.81418050404628,4.694387460967591e-10
Banchor_B,0.8488461524248123,0.18304990646091593,41.815055552216975,4.5742486356730123e-10
Banchor_B,0.8499999940395355,0.1840766020968084,41.81593130396207,4.454104475246037e-10
Banchor_B,0.8511538356542587,0.18510418998727243,41.81680782552677,4.333786747865328e-10
Banchor_B,0.8523076772689819,0.18613277090632582,41.81768502377748,4.2134141850208436e-10
Banchor_B,0.8534615337848663,0.18712666674302042,41.81858037530167,4.0904975081941517e-10
Banchor_B,0.8546153903007507,0.1881030364893016,41.8195009643671,3.964178338391718e-10
Banchor_B,0.8557692468166351,0.18908033855022158,41.82042224315496,3.8377192898218644e-10
Banchor_B,0.8569231033325195,0.19005856085074035,41.82134415253453,3.7111808830688653e-10
Banchor_B,0.8580769449472427,0.1909625166306523,41.82232305182472,3.576841130301331e-10
Banchor_B,0.8592307865619659,0.19186716879761018,41.82330296519549,3.4423551844491466e-10
Banchor_B,0.8603846281766891,0.1927724823352168,41.82428394555149,3.3076952277325625e-10
Banchor_B,0.8615384697914124,0.19368269624841336,41.82526035073111,3.173700150907542e-10
Banchor_B,0.8626923114061356,0.19464758164955692,41.826181666711285,3.047264347900574e-10
Banchor_B,0.8638461530208588,0.19566805439654733,41.8270310823923,2.9307008656494385e-10
Banchor_B,0.864999994635582,0.19668977793466114,41.82788082983375,2.814047402486369e-10
Banchor_B,0.8661538362503052,0.19771227251237955,41.82873158049069,2.697328070797468e-10
Banchor_B,0.8673076778650284,0.1983458270663881,41.829997460938465,2.5235514121598777e-10
Banchor_B,0.8684615194797516,0.19898070686738165,41.831263705953056,2.349798229785186e-10
Banchor_B,0.8696153610944748,0.19961679530109505,41.83253047806766,2.1759233121610942e-10
Banchor_B,0.870769202709198,0.20027012665988642,41.83377650615616,2.0048967327052452e-10
Banchor_B,0.8719230592250824,0.2013296033456167,41.83456357051596,1.8968653282798676e-10
Banchor_B,0.8730769157409668,0.20239004004566033,41.83535131943684,1.7888153145179932e-10
Banchor_B,0.8742307722568512,0.20345191820852382,41.83613914496455,1.6806428239705307e-10
Banchor_B,0.8753846287727356,0.2045009758292247,41.83694582310889,1.569931055487205e-10
Banchor_B,0.8765384703874588,0.2051932772339037,41.83808621147674,1.4134552383374562e-10
Banchor_B,0.877692312002182,0.20587776240227615,41.83923906123027,1.2552279972258292e-10
Banchor_B,0.8788461536169052,0.2065729427555759,41.840379757664095,1.0986779466212681e-10
Banchor_B,0.8799999952316284,0.20726580943280587,41.841525602358885,9.414217043789397e-11
Banchor_B,0.8811538368463516,0.2079659307954011,41.84267154372213,7.841090161319378e-11
Banchor_B,0.8823076784610748,0.2086732660199899,41.84380995380259,6.278763576195903e-11
Banchor_B,0.883461520075798,0.2093752873123467,41.84495747879138,4.7038559158578784e-11
Banchor_B,0.8846153616905212,0.2100796199035428,41.84610403997924,3.130207545526412e-11
Banchor_B,0.8857692182064056,0.21091154103559392,41.84706511651085,1.8111382979205555e-11
Banchor_B,0.88692307472229,0.2117444891220372,41.84802690615942,4.915054273763558e-12
Banchor_B,0.8880769312381744,0.21257837157588222,41.84898953902597,8.297065999291123e-12
Banchor_B,0.8892307877540588,0.21341324111199778,41.84995287689861,2.152116226089633e-11
Banchor_B,0.890384629368782,0.21423255937846805,41.85094081544365,3.5080498302316904e-11
Banchor_B,0.8915384709835052,0.21505190488447523,41.85193066637785,4.866599833971356e-11
Banchor_B,0.8926923125982285,0.21584583516369749,41.852956218731016,6.273830579502727e-11
Banchor_B,0.8938461542129517,0.21665869610953323,41.85395852075597,7.64942937664698e-11
Banchor_B,0.8949999958276749,0.21724817001582478,41.85518157490202,9.328185510168706e-11
Banchor_B,0.8961538374423981,0.21783942781483445,41.85640449389075,1.1006198736467902e-10
Banchor_B,0.8973076790571213,0.21843321358511678,41.85762630046493,1.2683690034439284e-10
Banchor_B,0.8984615206718445,0.21896163956956374,41.85893718463996,1.4482779407283215e-10
Banchor_B,0.8996153771877289,0.21969059882365438,41.85997891659821,1.5912055418099062e-10
Banchor_B,0.9007692337036133,0.22042145937671553,41.8610201809829,1.734143774509304e-10
Banchor_B,0.9019230902194977,0.22115187444539647,41.862064102132834,1.8774189370629545e-10
Banchor_B,0.9030769467353821,0.2218815371079706,41.863111034398436,2.0210643633820566e-10
Banchor_B,0.9042307883501053,0.22222136674679874,41.864562335542544,2.22027929268834e-10
Banchor_B,0.9053846299648285,0.2225063113471727,41.866088604168745,2.4297769928630326e-10
Banchor_B,0.9065384715795517,0.2228491276346744,41.86754002550621,2.628954501596639e-10
Banchor_B,0.9076923131942749,0.22319545925158293,41.868988863010486,2.827802070088403e-10
Banchor_B,0.9088461548089981,0.22367287169507696,41.87030184924531,3.007985490010863e-10
Banchor_B,0.9099999964237213,0.22416994582068064,41.871590737460515,3.1848946536362224e-10
Banchor_B,0.9111538380384445,0.22464976416346122,41.872904577931926,3.365180409580673e-10
Banchor_B,0.9123076796531677,0.2251307157887189,41.87421898559658,3.5456048834839657e-10
Banchor_B,0.9134615361690521,0.22576316083897804,41.87533756416886,3.699126601385531e-10
Banchor_B,0.9146153926849365,0.22639633088180486,41.87645714159123,3.852769106604809e-10
Banchor_B,0.9157692492008209,0.22703058023675857,41.87757725664103,4.0065357594326126e-10
Banchor_B,0.9169231057167053,0.22766527835885758,41.878698679411606,4.1604410862693984e-10
Banchor_B,0.9180769473314285,0.22827964756857083,41.8798131833269,4.313395109196284e-10
Banchor_B,0.9192307889461517,0.22889455129593578,41.88092882328579,4.466510772500455e-10
Banchor_B,0.9203846305608749,0.22951013959925287,41.88204540537582,4.6197318186592167e-10
Banchor_B,0.9215384721755981,0.23012519873588352,41.88316457766027,4.77331753475707e-10
Banchor_B,0.9226923137903214,0.23050120669353608,41.884548590909965,4.963255845541893e-10
Banchor_B,0.9238461554050446,0.2308787268202159,41.88593273204213,5.15325973164783e-10
Banchor_B,0.9249999970197678,0.23125772783638443,41.887317049377835,5.343227766362423e-10
Banchor_B,0.926153838634491,0.23163827510847076,41.8887014923508,5.533238129400488e-10
Banchor_B,0.9273076802492142,0.2322247376222615,41.88979662740883,5.68356632342531e-10
Banchor_B,0.9284615218639374,0.23281124681453044,41.89089345845798,5.834104849968096e-10
Banchor_B,0.9296153634786606,0.2333980988405162,41.891991603444154,5.984782425907208e-10
Banchor_B,0.9307692050933838,0.23398526644703696,41.89309113216787,6.135734762696656e-10
Banchor_B,0.9319230616092682,0.23422918930414405,41.8945608723293,6.337397976731346e-10
Banchor_B,0.9330769181251526,0.23447439649363366,41.89603093011545,6.539186773525707e-10
Banchor_B,0.934230774641037,0.234720821277054,41.89750140010063,6.740987809413205e-10
Banchor_B,0.9353846311569214,0.23496846270866428,41.89897222405757,6.942828209703962e-10
Banchor_B,0.9365384727716446,0.23555300185636666,41.90004603379319,7.090257297658678e-10
Banchor_B,0.9376923143863678,0.2361368418411858,41.90112225766973,7.237936821391342e-10
Banchor_B,0.938846156001091,0.23672094952715184,41.90219967065693,7.385783822948332e-10
Banchor_B,0.9399999976158142,0.2373052995712281,41.90327833874927,7.533866814604246e-10
Banchor_B,0.9411538392305374,0.23753330120779959,41.90473472607215,7.73372417415748e-10
Banchor_B,0.9423076808452606,0.2377626599012898,41.906191403404925,7.933665478422611e-10
Banchor_B,0.9434615224599838,0.23799334966822186,41.90764841149082,8.133598943115374e-10
Banchor_B,0.944615364074707,0.2382254580716082,41.909105667339325,8.333609235087977e-10
Banchor_B,0.9457692205905914,0.23861422985921046,41.9103854462515,8.509227599191278e-10
Banchor_B,0.9469230771064758,0.23900341716321954,41.91166631695141,8.685040826340106e-10
Banchor_B,0.9480769336223602,0.2393931318377669,41.912948134804886,8.860949248434322e-10
Banchor_B,0.9492307901382446,0.23978336097973194,41.9142308554619,9.037003713129936e-10
Banchor_B,0.9503846317529678,0.23997053606055413,41.915721830304975,9.241642286259433e-10
Banchor_B,0.951538473367691,0.2401586747218177,41.917213318524006,9.446373909622269e-10
Banchor_B,0.9526923149824142,0.24034789483848873,41.91870516766572,9.65107361235068e-10
Banchor_B,0.9538461565971375,0.24053825137810006,41.92019733675393,9.855882392036612e-10
Banchor_B,0.9549999982118607,0.24054621575856788,41.92181164617001,1.0077452868566807e-09
Banchor_B,0.9561538398265839,0.24064083377441264,41.92331285817281,1.0283489383713253e-09
Banchor_B,0.9573076814413071,0.2406532844624259,41.92492526647795,1.0504766051404186e-09
Banchor_B,0.9584615230560303,0.2406674240829614,41.926537464100186,1.0726017897895128e-09
Banchor_B,0.9596153795719147,0.24098130463664455,41.92780928485091,1.0900582704277365e-09
Banchor_B,0.9607692360877991,0.24129592591006924,41.92908170560642,1.10751986074555e-09
Banchor_B,0.9619230926036835,0.24161112113369304,41.93035495170689,1.1249976435324833e-09
Banchor_B,0.9630769491195679,0.24192788983886576,41.93162764196491,1.1424654083527965e-09
Banchor_B,0.9642307907342911,0.24224619917810863,41.93290008721119,1.1599303572627714e-09
Banchor_B,0.9653846323490143,0.24261101878882863,41.93411219851421,1.176561734308634e-09
Banchor_B,0.9665384739637375,0.2429697762137289,41.935333810468286,1.1933311378689852e-09
Banchor_B,0.9676923155784607,0.24334847977963392,41.93653036927718,1.2097491415661267e-09
Banchor_B,0.9688461571931839,0.24335555002347198,41.93811898991813,1.2315518884717996e-09
Banchor_B,0.9699999988079071,0.24338647610638217,41.939677697011184,1.252947485240958e-09
Banchor_B,0.9711538404226303,0.24341841026205902,41.94123685980178,1.2743441643657653e-09
Banchor_B,0.9723076820373535,0.24345417408327474,41.94279276084522,1.2956984588624217e-09
Banchor_B,0.9734615236520767,0.2435282192486997,41.944314743915264,1.3165883506023533e-09
Banchor_B,0.9746153652667999,0.24360305972117763,41.945837132304675,1.3374816900634238e-09
Banchor_B,0.9757692068815231,0.24367866120872322,41.947359974585595,1.3583836223649024e-09
Banchor_B,0.9769230484962463,0.24375510143790688,41.948883195454016,1.3792880912911984e-09
Banchor_B,0.9780769050121307,0.24381186931789461,41.95034294781084,1.39932115694728e-09
Banchor_B,0.9792307615280151,0.24386304005413503,41.951811727146556,1.4194814223646646e-09
Banchor_B,0.9803846180438995,0.24392161962918552,41.95327218523154,1.439523111231294e-09
Banchor_B,0.9815384745597839,0.24393558914743768,41.95479345115062,1.460400850243098e-09
Banchor_B,0.9826923161745071,0.24385736697659158,41.95643867146866,1.482980718584422e-09
Banchor_B,0.9838461577892303,0.24377984707601758,41.958084416174806,1.5055670498848737e-09
Banchor_B,0.9849999994039536,0.24370304467578593,41.95973066816033,1.5281615609028318e-09
Banchor_B,0.9861538410186768,0.24362697921629334,41.961377428442184,1.5507614908068966e-09
Banchor_B,0.9873076826334,0.24367674447470677,41.962822423976256,1.5705935768107072e-09
Banchor_B,0.9884615242481232,0.24376151818110367,41.964222231528744,1.5898055515788232e-09
Banchor_B,0.9896153658628464,0.2438467648688976,41.96562276534456,1.6090316718141595e-09
Banchor_B,0.8873628399138829,0.21206219216023342,41.84839369298829,1.2423681693278208e-13
Banchor_B,0.9054853241166153,0.22253617746229645,41.86621525376363,2.447104601008248e-10
Banchor_B,0.7969230453135275,0.1322024328851117,41.77729219371196,9.757098627417432e-10
Banchor_B,0.7969230553135276,0.1322024328851117,41.777292124098736,9.757081675705024e-10
Banchor_B,0.7969230653135276,0.1322024328851117,41.7772921458832,9.75708173564286e-10
Banchor_B,0.8015384294675493,0.1382803373099378,41.77928668726808,9.48338776069127e-10
Banchor_B,0.8015384394675493,0.1382803373099378,41.77928675310938,9.48337254232556e-10
Banchor_B,0.8015384494675494,0.1382803373099378,41.77928677303607,9.483362813441964e-10
Banchor_B,0.806153813621571,0.14192815759400498,41.783654561647104,8.883923296300129e-10
Banchor_B,0.8061538236215711,0.14192815759400498,41.78365461534085,8.883923451308514e-10
Banchor_B,0.8061538336215711,0.14192815759400498,41.78365463698731,8.88390249324822e-10
Banchor_B,0.8107691977755928,0.14793387499317256,41.785680973383144,8.605779579694405e-10
Banchor_B,0.8107692077755928,0.14793387499317256,41.78568090953539,8.605799096809468e-10
Banchor_B,0.8107692177755929,0.14793387499317256,41.78568093020247,8.60577950431894e-10
Banchor_B,0.8153845819296145,0.15237025108878274,41.78934051763671,8.103503118499652e-10
Banchor_B,0.8153845919296145,0.15237025108878274,41.78934057720654,8.103511624051323e-10
Banchor_B,0.8153846019296146,0.15237025108878274,41.78934059730588,8.103515888332926e-10
Banchor_B,0.8199999660836362,0.1570219938939698,41.79245255304358,7.676430656689766e-10
Banchor_B,0.8199999760836363,0.1570219938939698,41.79245260851849,7.67643641485964e-10
Banchor_B,0.8199999860836363,0.1570219938939698,41.7924526288984,7.676411149525729e-10
Banchor_B,0.824615350237658,0.1616325527548824,41.79574952637633,7.223920307829143e-10
Banchor_B,0.824615360237658,0.1616325527548824,41.79574958300723,7.223921853562473e-10
Banchor_B,0.8246153702376581,0.1616325527548824,41.79574960349615,7.22389793273252e-10
Banchor_B,0.8292307343916797,0.1661356909974627,41.79923814125375,6.745135227633708e-10
Banchor_B,0.8292307443916798,0.1661356909974627,41.79923808129785,6.745157671291565e-10
Banchor_B,0.8292307543916798,0.1661356909974627,41.7992381004768,6.745118210292807e-10
Banchor_B,0.8338461185457015,0.16952334118379275,41.80360740615559,6.145462901206138e-10
Banchor_B,0.8338461285457015,0.16952334118379275,41.80360745659435,6.145491246326728e-10
Banchor_B,0.8338461385457016,0.16952334118379275,41.80360747709445,6.145426284719067e-10
Banchor_B,0.8384615026997232,0.17499216416390354,41.805818458874676,5.841986016895038e-10
Banchor_B,0.8384615126997232,0.17499216416390354,41.80581851670037,5.842041340611605e-10
Banchor_B,0.8384615226997233,0.17499216416390354,41.805818535695224,5.841974842616244e-10
Banchor_B,0.8430768868537449,0.17788422538378004,41.81075973504401,5.163847924193981e-10
Banchor_B,0.843076896853745,0.17788422538378004,41.81075967313901,5.163836480387462e-10
Banchor_B,0.843076906853745,0.17788422538378004,41.81075969242953,5.163832256620309e-10
Banchor_B,0.8476922710077667,0.1820241479918034,41.814180392699136,4.694383039086537e-10
Banchor_B,0.8476922810077667,0.1820241479918034,41.814180446273035,4.694361812128423e-10
Banchor_B,0.8476922910077668,0.1820241479918034,41.81418046565852,4.694384565196973e-10
Banchor_B,0.8523076551617884,0.18613277090632582,41.81768494634876,4.213371405689976e-10
Banchor_B,0.8523076651617885,0.18613277090632582,41.81768500053862,4.2133928164135594e-10
Banchor_B,0.8523076751617885,0.18613277090632582,41.81768501973288,4.213399953657984e-10
Banchor_B,0.8569230393158102,0.19005856085074035,41.82134410995237,3.711192234569536e-10
Banchor_B,0.8569230493158102,0.19005856085074035,41.821344050533284,3.7112292136199314e-10
Banchor_B,0.8569230593158103,0.19005856085074035,41.82134406941656,3.711220685694564e-10
Banchor_B,0.8615384234698319,0.19368269624841336,41.82526022941748,3.173762831636976e-10
Banchor_B,0.8615384334698319,0.19368269624841336,41.82526028140735,3.173725770810659e-10
Banchor_B,0.861538443469832,0.19368269624841336,41.82526030049346,3.173707236090618e-10
Banchor_B,0.8661538076238536,0.19771227251237955,41.828731491764955,2.6973322828153277e-10
Banchor_B,0.8661538176238537,0.19771227251237955,41.8287315464855,2.697302311830019e-10
Banchor_B,0.8661538276238537,0.19771227251237955,41.8287315647419,2.6972765903499365e-10
Banchor_B,0.8707691917778754,0.20027012665988642,41.83377645368524,2.0049453896911193e-10
Banchor_B,0.8707692017778754,0.20027012665988642,41.833776504385504,2.0049368253396855e-10
Banchor_B,0.8707692117778755,0.20027012665988642,41.83377652339775,2.0049239497787575e-10
Banchor_B,0.8753845759318971,0.2045009758292247,41.836945802254334,1.5699224405799415e-10
Banchor_B,0.8753845859318972,0.2045009758292247,41.836945746660966,1.5699869441876978e-10
Banchor_B,0.8753845959318972,0.2045009758292247,41.83694576450561,1.5699453643009533e-10
Banchor_B,0.8799999600859189,0.20726580943280587,41.84152550768772,9.414331705791763e-11
Banchor_B,0.8799999700859189,0.20726580943280587,41.84152555713948,9.413757007787678e-11
Banchor_B,0.879999980085919,0.20726580943280587,41.841525575122425,9.414260087980261e-11
Banchor_B,0.8846153442399406,0.2100796199035428,41.8461039765257,3.1304522092507864e-11
Banchor_B,0.8846153542399406,0.2100796199035428,41.846104026644284,3.130293902744011e-11
Banchor_B,0.8846153642399407,0.2100796199035428,41.84610404454215,3.130538643239407e-11
Banchor_B,0.8892307283939623,0.21341324111199778,41.849952845539725,2.1522892956568155e-11
Banchor_B,0.8892307383939624,0.21341324111199778,41.84995278811784,2.1517699820747936e-11
Banchor_B,0.8892307483939624,0.21341324111199778,41.849952806104184,2.1518421159170995e-11
Banchor_B,0.8938461125479841,0.21665869610953323,41.85395841359244,7.649486920664048e-11
Banchor_B,0.8938461225479841,0.21665869610953323,41.853958465732916,7.649689323917513e-11
Banchor_B,0.8938461325479842,0.21665869610953323,41.853958483109544,7.649227040903437e-11
Banchor_B,0.8984614967020058,0.21896163956956374,41.85893711191746,1.448248978817596e-10
Banchor_B,0.8984615067020059,0.21896163956956374,41.85893716031608,1.4482533330246528e-10
Banchor_B,0.8984615167020059,0.21896163956956374,41.85893717772779,1.4482215135445227e-10
Banchor_B,0.9030768808560276,0.2218815371079706,41.86311099249028,2.0210643323448318e-10
Banchor_B,0.9030768908560276,0.2218815371079706,41.8631109423002,2.0210875017343687e-10
Banchor_B,0.9030769008560277,0.2218815371079706,41.863110958781824,2.0210875123451863e-10
Banchor_B,0.9076922650100493,0.22319545925158293,41.86898875396122,2.8277612908089993e-10
Banchor_B,0.9076922750100493,0.22319545925158293,41.86898879860435,2.8277991177631473e-10
Banchor_B,0.9076922850100494,0.22319545925158293,41.86898881547156,2.8278180172253795e-10
Banchor_B,0.912307649164071,0.2251307157887189,41.87421890398309,3.5455888035631197e-10
Banchor_B,0.9123076591640711,0.2251307157887189,41.87421895083156,3.5456004785231444e-10
Banchor_B,0.9123076691640711,0.2251307157887189,41.87421896779913,3.545607773055795e-10
Banchor_B,0.9169230333180928,0.22766527835885758,41.87869862747133,4.160397284521211e-10
Banchor_B,0.9169230433180928,0.22766527835885758,41.8786985750517,4.160391415160542e-10
Banchor_B,0.9169230533180929,0.22766527835885758,41.87869859177642,4.1604380792724535e-10
Banchor_B,0.9215384174721145,0.23012519873588352,41.88316445611176,4.773326144939214e-10
Banchor_B,0.9215384274721146,0.23012519873588352,41.88316450472773,4.773348071194565e-10
Banchor_B,0.9215384374721146,0.23012519873588352,41.88316452104246,4.773311607631334e-10
Banchor_B,0.9261538016261363,0.23163827510847076,41.88870140269644,5.533245277947728e-10
Banchor_B,0.9261538116261363,0.23163827510847076,41.88870144849949,5.533210261182284e-10
Banchor_B,0.9261538216261364,0.23163827510847076,41.88870146473569,5.533205902584579e-10
Banchor_B,0.930769185780158,0.23398526644703696,41.89309107185605,6.135686288844634e-10
Banchor_B,0.930769195780158,0.23398526644703696,41.89309111769778,6.1356863834558e-10
Banchor_B,0.9307692057801581,0.23398526644703696,41.89309113323492,6.135731834178046e-10
Banchor_B,0.9353845699341797,0.23496846270866428,41.898972193914396,6.942848698658449e-10
Banchor_B,0.9353845799341798,0.23496846270866428,41.898972141948576,6.942828028813148e-10
Banchor_B,0.9353845899341798,0.23496846270866428,41.89897215797837,6.942839808095197e-10
Banchor_B,0.9399999540882015,0.2373052995712281,41.90327824028728,7.533844520015423e-10
Banchor_B,0.9399999640882015,0.2373052995712281,41.90327828765988,7.533835811496493e-10
Banchor_B,0.9399999740882016,0.2373052995712281,41.90327830289788,7.533810849199818e-10
Banchor_B,0.9446153382422232,0.2382254580716082,41.90910560069511,8.333569273794375e-10
Banchor_B,0.9446153482422233,0.2382254580716082,41.90910564270381,8.33358709217958e-10
Banchor_B,0.9446153582422233,0.2382254580716082,41.90910565826392,8.333623954490399e-10
Banchor_B,0.949230722396245,0.23978336097973194,41.914230815119,9.037039038198746e-10
Banchor_B,0.949230732396245,0.23978336097973194,41.91423076845069,9.036996119181698e-10
Banchor_B,0.949230742396245,0.23978336097973194,41.914230783519656,9.037006481846139e-10
Banchor_B,0.9538461065502667,0.24053825137810006,41.92019723425111,9.855859944801912e-10
Banchor_B,0.9538461165502667,0.24053825137810006,41.92019728039284,9.855879288159319e-10
Banchor_B,0.9538461265502668,0.24053825137810006,41.920197294466625,9.855913308572205e-10
Banchor_B,0.9584614907042884,0.2406674240829614,41.926537393315286,1.0725996970991625e-09
Banchor_B,0.9584615007042885,0.2406674240829614,41.92653743140138,1.0726035531574422e-09
Banchor_B,0.9584615107042885,0.2406674240829614,41.92653744603058,1.0726047429097805e-09
Banchor_B,0.9630768748583102,0.24192788983886576,41.93162759445875,1.1424631637406077e-09
Banchor_B,0.9630768848583102,0.24192788983886576,41.93162754758897,1.1424633001534766e-09
Banchor_B,0.9630768948583103,0.24192788983886576,41.93162756227525,1.1424594487492858e-09
Banchor_B,0.9676922590123319,0.24334847977963392,41.93653025984472,1.209746428269684e-09
Banchor_B,0.967692269012332,0.24334847977963392,41.936530304819264,1.2097492712167359e-09
Banchor_B,0.967692279012332,0.24334847977963392,41.9365303186615,1.2097509094388473e-09
Banchor_B,0.9723076431663537,0.24345417408327474,41.94279268219619,1.2956953092947042e-09
Banchor_B,0.9723076531663537,0.24345417408327474,41.942792720319794,1.2956977020052768e-09
Banchor_B,0.9723076631663538,0.24345417408327474,41.942792734356516,1.2956962185987282e-09
Banchor_B,0.9769230273203754,0.24375510143790688,41.94888314069448,1.379288072527631e-09
Banchor_B,0.9769230373203754,0.24375510143790688,41.948883180592745,1.3792855510048887e-09
Banchor_B,0.9769230473203755,0.24375510143790688,41.94888319389038,1.379284216170664e-09
Banchor_B,0.9815384114743971,0.24393558914743768,41.95479342287553,1.4604038224328258e-09
Banchor_B,0.9815384214743972,0.24393558914743768,41.954793380272214,1.4604038144390907e-09
Banchor_B,0.9815384314743972,0.24393558914743768,41.95479339362399,1.4604030720177639e-09
Banchor_B,0.9861537956284189,0.24362697921629334,41.96137734389269,1.550764004355621e-09
Banchor_B,0.9861538056284189,0.24362697921629334,41.96137738211038,1.5507626629071387e-09
Banchor_B,0.986153815628419,0.24362697921629334,41.961377395202064,1.5507643146335571e-09
Aanchor_A,0.7946153879165649,0.12921780048412349,41.77618855968955,9.908545450004202e-10
Aanchor_A,0.7969231009483337,0.1319171513350474,41.7776104367138,9.713403417513911e-10
Aanchor_A,0.7992307841777802,0.13495508722045238,41.77860585282796,9.576831297806923e-10
Aanchor_A,0.8015384674072266,0.1379956506082764,41.77960442087268,9.439742777071331e-10
Aanchor_A,0.803846150636673,0.139818107687917,41.78178665662593,9.140275683744603e-10
Aanchor_A,0.8061538338661194,0.1416466866819758,41.783968883868006,8.840778611083705e-10
Aanchor_A,0.8084615468978882,0.14464853420702745,41.78498017952182,8.701959894606425e-10
Aanchor_A,0.810769259929657,0.14765278100040963,41.785994906259326,8.562697851610179e-10
Aanchor_A,0.8130769431591034,0.1498808344440488,41.78780840967382,8.313786993172687e-10
Aanchor_A,0.8153846263885498,0.15209106443470252,41.789652526994054,8.060710290652116e-10
Aanchor_A,0.8176923096179962,0.15442588038283303,41.79119329908676,7.849222425498521e-10
Aanchor_A,0.8199999928474426,0.1567446407449659,41.79276259661225,7.633883393231504e-10
Aanchor_A,0.822307676076889,0.15904941774765813,41.79440816219473,7.408029821572031e-10
Aanchor_A,0.8246153593063354,0.16135713996297268,41.796057468687906,7.18167739648455e-10
Aanchor_A,0.8269230723381042,0.16361136297650355,41.79779504437565,6.943197569679673e-10
Aanchor_A,0.829230785369873,0.16586184850069943,41.79954445003424,6.703108872123403e-10
Aanchor_A,0.8315384685993195,0.16754021451255077,41.80174559464136,6.400963676465372e-10
Aanchor_A,0.8338461518287659,0.16925319062229552,41.803909860197194,6.103948867020649e-10
Aanchor_A,0.8361538350582123,0.17198659791362905,41.8050130790186,5.952569675884721e-10
Aanchor_A,0.8384615182876587,0.17472219621323198,41.8061207198596,5.80050191204461e-10
Aanchor_A,0.8407692313194275,0.17616691864183473,41.80858949597126,5.461681037787168e-10
Aanchor_A,0.8430769443511963,0.17761765016952402,41.81105837591826,5.122865300074463e-10
Aanchor_A,0.8453846275806427,0.1796710159012655,41.81278672568365,4.885642986941549e-10
Aanchor_A,0.8476923108100891,0.18175967572093,41.814476863153885,4.6536749266080677e-10
Aanchor_A,0.8499999940395355,0.18381309710656887,41.81622663965435,4.41353835899047e-10
Aanchor_A,0.8523076772689819,0.18587029420650333,41.81797925741368,4.173008676630262e-10
Aanchor_A,0.8546153903007507,0.18784138314875665,41.819794338571576,3.923922141956644e-10
Aanchor_A,0.8569231033325195,0.18979777325148764,41.821636608875075,3.671033791307018e-10
Aanchor_A,0.8592307865619659,0.1916072033647001,41.8235945645953,3.402319931392577e-10
Aanchor_A,0.8615384697914124,0.19338139674367594,41.8256070918435,3.126114359400051e-10
Aanchor_A,0.8638461530208588,0.1954101134804572,41.82732048439383,2.890978614748342e-10
Aanchor_A,0.8661538362503052,0.1974551809846944,41.829020128520064,2.6577024592824203e-10
Aanchor_A,0.8684615194797516,0.19872512027694667,41.83155065509501,2.3103988039538387e-10
Aanchor_A,0.870769202709198,0.20001602177811784,41.834061882704404,1.96574393879536e-10
Aanchor_A,0.8730769157409668,0.20213605307950974,41.83563659654636,1.74966214051264e-10
Aanchor_A,0.8753846287727356,0.20424718434381678,41.837230906442876,1.5308157836218816e-10
Aanchor_A,0.877692312002182,0.2056256712078671,41.8395223096436,1.2163419873814432e-10
Aanchor_A,0.8799999952316284,0.2070153549649569,41.84180710144087,9.027553631430689e-11
Aanchor_A,0.8823076784610748,0.20841728794397657,41.84409902941905,5.882068142574735e-11
Aanchor_A,0.8846153616905212,0.20983085772396604,41.84638377397779,2.74647345752096e-11
Aanchor_A,0.88692307472229,0.21149657868961927,41.84830573718638,1.0834998962589837e-12
Aanchor_A,0.8892307877540588,0.2131661800061852,41.850230810918994,2.5331792444810198e-11
Aanchor_A,0.8915384709835052,0.21480576194984516,41.85220761523694,5.2463899949873205e-11
Aanchor_A,0.8938461542129517,0.21641336871935712,41.85423461342889,8.028399690122805e-11
Aanchor_A,0.8961538374423981,0.21759660474945036,41.85667767593908,1.138124781331238e-10
Aanchor_A,0.8984615206718445,0.21871957575169645,41.859209760497315,1.4856768226211981e-10
Aanchor_A,0.9007692337036133,0.2201789543038723,41.861293540405185,1.77161958517262e-10
Aanchor_A,0.9030769467353821,0.22164091713493908,41.86338209144741,2.0582568070182322e-10
Aanchor_A,0.9053846299648285,0.22226733980470204,41.86635787157543,2.4666757217923965e-10
Aanchor_A,0.9076923131942749,0.22295804774288194,41.86925647082972,2.864535153051779e-10
Aanchor_A,0.9099999964237213,0.22393372676864748,41.871857156261555,3.221455846698617e-10
Aanchor_A,0.9123076796531677,0.22489640868581512,41.87448325605826,3.581888931959435e-10
Aanchor_A,0.9146153926849365,0.2261626767638026,41.876720739497834,3.88894021925649e-10
Aanchor_A,0.9169231057167053,0.22743244280917513,41.87896138764532,4.196450963431035e-10
Aanchor_A,0.9192307889461517,0.2286624245681128,41.881190768512795,4.5024476871931125e-10
Aanchor_A,0.9215384721755981,0.22989375275252677,41.88342579899938,4.809210836578721e-10
Aanchor_A,0.9238461554050446,0.23064891583878433,41.88619220609897,5.18886613411324e-10
Aanchor_A,0.926153838634491,0.23141040550198652,41.88895880563986,5.568569820590396e-10
Aanchor_A,0.9284615218639374,0.23258369640766943,41.89115050890467,5.869357713339599e-10
Aanchor_A,0.9307692050933838,0.23375840739045348,41.89334743391896,6.170878997745609e-10
Aanchor_A,0.9330769181251526,0.23424897596484776,41.89628570745862,6.574135945089266e-10
Aanchor_A,0.9353846311569214,0.2347446010355308,41.89922531901996,6.977603889129995e-10
Aanchor_A,0.9376923143863678,0.23591355765070568,41.901374732443706,7.272557093074123e-10
Aanchor_A,0.9399999976158142,0.23708255577456064,41.90353024682487,7.568436088928327e-10
Aanchor_A,0.9423076808452606,0.23754130595761697,41.90644182458486,7.968019327645539e-10
Aanchor_A,0.944615364074707,0.2380055426817927,41.90935453923456,8.367776729311418e-10
Aanchor_A,0.9469230771064758,0.2387840797766378,41.911914577265456,8.719125109162605e-10
Aanchor_A,0.9492307901382446,0.23956458029731872,41.914478534400814,9.071016739727648e-10
Aanchor_A,0.951538473367691,0.2399412427532671,41.917459529574685,9.480171686007427e-10
Aanchor_A,0.9538461565971375,0.2403220097500005,41.920442291943814,9.889509403053738e-10
Aanchor_A,0.9561538398265839,0.24042693293899434,41.923555254343434,1.0316764606257361e-09
Aanchor_A,0.9584615230560303,0.240455658102419,41.92677755696329,1.0758971850636356e-09
Aanchor_A,0.9607692360877991,0.24108467569609385,41.92932125407827,1.1108102205624745e-09
Aanchor_A,0.9630769491195679,0.24171717062196393,41.93186662845141,1.1457465774881759e-09
Aanchor_A,0.9653846323490143,0.2424007563142482,41.934350687515995,1.179834335705217e-09
Aanchor_A,0.9676923155784607,0.24313859126967813,41.93676847491068,1.2130171501792857e-09
Aanchor_A,0.9699999988079071,0.24317788992093506,41.939914396152986,1.2561979701553326e-09
Aanchor_A,0.9723076820373535,0.24324686839033904,41.943028091946765,1.2989291579558055e-09
Aanchor_A,0.9746153652667999,0.24339700915613124,41.94607109538483,1.3406942779902577e-09
Aanchor_A,0.9769230484962463,0.2435503118032499,41.94911578393389,1.382479863462674e-09
Aanchor_A,0.9792307615280151,0.24365948074850408,41.95204298403806,1.422652851668782e-09
Aanchor_A,0.9815384745597839,0.24373324943527463,41.95502339206067,1.463559420481603e-09
Aanchor_A,0.9838461577892303,0.24357859058180206,41.95831319736804,1.5087071588596798e-09
Aanchor_A,0.9861538410186768,0.24342680077824227,41.96160505816264,1.5538886577553767e-09
Aanchor_A,0.9884615242481232,0.24356230567496312,41.96444880996827,1.5929153475282423e-09
Aanchor_A,0.7946153879165649,0.12921780229873647,41.776188557279575,9.908538466399935e-10
Aanchor_A,0.7957692444324493,0.13056667601848848,41.77689978614733,9.810984197160699e-10
Aanchor_A,0.7969231009483337,0.13191713851515754,41.777610453739975,9.713441161113423e-10
Aanchor_A,0.798076942563057,0.13343563438014658,41.778107962034085,9.645135855667628e-10
Aanchor_A,0.7992307841777802,0.13495508397253272,41.77860585714154,9.576818729240487e-10
Aanchor_A,0.8003846257925034,0.136475082392739,41.779104671471046,9.508311605497729e-10
Aanchor_A,0.8015384674072266,0.13799562169671814,41.779604459270196,9.439726072775894e-10
Aanchor_A,0.8026923090219498,0.13890620634589732,41.78069542742418,9.290013915351857e-10
Aanchor_A,0.803846150636673,0.13981808513423424,41.781786686580546,9.140246349070309e-10
Aanchor_A,0.8049999922513962,0.14073197899853096,41.78287729387473,8.990561066372458e-10
Aanchor_A,0.8061538338661194,0.1416466613258466,41.78396891754585,8.840753456438481e-10
Aanchor_A,0.8073076903820038,0.14314744133388355,41.78447392437686,8.771423663037501e-10
Aanchor_A,0.8084615468978882,0.1446485354664695,41.78498017784905,8.701931856401409e-10
Aanchor_A,0.8096154034137726,0.14614865633747276,41.785489400103145,8.632085846921596e-10
Aanchor_A,0.810769259929657,0.14765281482583775,41.78599486133291,8.562710395459256e-10
Aanchor_A,0.8119231015443802,0.14876642336405096,41.78690128645726,8.438268292760203e-10
Aanchor_A,0.8130769431591034,0.1498808488063269,41.787808390597796,8.313798187570262e-10
Aanchor_A,0.8142307847738266,0.15098463273724452,41.788731356148375,8.187119719885126e-10
Aanchor_A,0.8153846263885498,0.1520910648404196,41.78965252645518,8.060677992837258e-10
Aanchor_A,0.816538468003273,0.15325801786575347,41.790422590172014,7.95501728832406e-10
Aanchor_A,0.8176923096179962,0.15442588393480763,41.79119329436891,7.849250525527175e-10
Aanchor_A,0.8188461512327194,0.15560588399576952,41.791949639711305,7.745455883003065e-10
Aanchor_A,0.8199999928474426,0.15674464932911397,41.79276258521075,7.6338411779981e-10
Aanchor_A,0.8211538344621658,0.15789667739414653,41.79358489333273,7.521032350337902e-10
Aanchor_A,0.822307676076889,0.1590494454609598,41.79440812538536,7.408046659888032e-10
Aanchor_A,0.8234615176916122,0.16020293154369478,41.795232316950965,7.294913056090265e-10
Aanchor_A,0.8246153593063354,0.16135714245894867,41.79605746537266,7.181647797468805e-10
Aanchor_A,0.8257692158222198,0.16248744788609978,41.79692114311604,7.063137197761523e-10
Aanchor_A,0.8269230723381042,0.16361135744549576,41.7977950517222,6.943173610570376e-10
Aanchor_A,0.8280769288539886,0.16473620756699847,41.798669447812415,6.823186373989695e-10
Aanchor_A,0.829230785369873,0.16586184843466506,41.79954445012195,6.703113104439628e-10
Aanchor_A,0.8303846269845963,0.16668667443644233,41.80066297713843,6.549577960018971e-10
Aanchor_A,0.8315384685993195,0.16754020813985068,41.80174560310611,6.401006046158702e-10
Aanchor_A,0.8326923102140427,0.16839571721564975,41.802827878655386,6.252450926080304e-10
Aanchor_A,0.8338461518287659,0.1692532224658143,41.80390981789899,6.103995447955549e-10
Aanchor_A,0.8349999934434891,0.17061963831262988,41.80446090008585,6.028353019830037e-10
Aanchor_A,0.8361538350582123,0.17198656831540113,41.80501311833392,5.952541437112422e-10
Aanchor_A,0.8373076766729355,0.17335409302911534,41.80556637014912,5.876635052169342e-10
Aanchor_A,0.8384615182876587,0.17472219720823254,41.806120718537954,5.800504741601034e-10
Aanchor_A,0.8396153748035431,0.1754438986377822,41.807354965616085,5.631145243073754e-10
Aanchor_A,0.8407692313194275,0.1761669184206267,41.80858949626509,5.461732043984238e-10
Aanchor_A,0.8419230878353119,0.17689112220240208,41.809824495476235,5.292173904026521e-10
Aanchor_A,0.8430769443511963,0.17761765873904414,41.8110583645349,5.122839762260469e-10
Aanchor_A,0.8442307859659195,0.1786286975969737,41.81194223621911,5.001541389468722e-10
Aanchor_A,0.8453846275806427,0.1796709562455105,41.81278680492715,4.885667194084197e-10
Aanchor_A,0.8465384691953659,0.18068075177244952,41.81367663058323,4.763489732266076e-10
Aanchor_A,0.8476923108100891,0.18175967626009865,41.81447686243769,4.653697651657851e-10
Aanchor_A,0.8488461524248123,0.18278595764244948,41.81535134642467,4.533697352958216e-10
Aanchor_A,0.8499999940395355,0.18381311309823029,41.81622661841202,4.413545447076356e-10
Aanchor_A,0.8511538356542587,0.18484123209884634,41.81710256611114,4.293305154046868e-10
Aanchor_A,0.8523076772689819,0.18587027656436275,41.81797928084847,4.1729987382850345e-10
Aanchor_A,0.8534615337848663,0.18686460077668893,41.81887418222329,4.050213055351723e-10
Aanchor_A,0.8546153903007507,0.18784139188279514,41.819794326969784,3.9239050472634963e-10
Aanchor_A,0.8557692468166351,0.18881911845536992,41.82071515761313,3.7975525441260715e-10
Aanchor_A,0.8569231033325195,0.1897977874186863,41.82163659005613,3.671092197858281e-10
Aanchor_A,0.8580769449472427,0.19070212026260966,41.82261510576397,3.5367571088157237e-10
Aanchor_A,0.8592307865619659,0.1916071729119601,41.82359460504743,3.402312829524734e-10
Aanchor_A,0.8603846281766891,0.19251288977785463,41.824575168134025,3.2677273282253103e-10
Aanchor_A,0.8615384697914124,0.19338139945097643,41.82560708824721,3.12613719365389e-10
Aanchor_A,0.8626923114061356,0.1943888797967345,41.826471943340195,3.00744334649748e-10
Aanchor_A,0.8638461530208588,0.19541014467596143,41.827320442955035,2.891010017038357e-10
Aanchor_A,0.864999994635582,0.196432114430755,41.828170000370925,2.77440003102468e-10
Aanchor_A,0.8661538362503052,0.1974551685089097,41.829020145092336,2.657736781937044e-10
Aanchor_A,0.8673076778650284,0.19808944363275807,41.83028526820011,2.4840410476286337e-10
Aanchor_A,0.8684615194797516,0.19872508295479635,41.83155070467291,2.3103959660266367e-10
Aanchor_A,0.8696153610944748,0.19936193107489014,41.832816668534626,2.136642067263216e-10
Aanchor_A,0.870769202709198,0.20001608595559411,41.834061797453934,1.965763951353624e-10
Aanchor_A,0.8719230592250824,0.20107553246844662,41.83484892067487,1.8577539105182875e-10
Aanchor_A,0.8730769157409668,0.20213606212005025,41.83563658453806,1.749652104816953e-10
Aanchor_A,0.8742307722568512,0.2031980614210178,41.8364242814482,1.641497953377622e-10
Aanchor_A,0.8753846287727356,0.2042471884034093,41.837230901050816,1.5307985719686223e-10
Aanchor_A,0.8765384703874588,0.20494031791434855,41.838370401033146,1.3744359729412968e-10
Aanchor_A,0.877692312002182,0.20562566548977182,41.83952231723858,1.2163462964256512e-10
Aanchor_A,0.8788461536169052,0.20632161940976726,41.84066219648917,1.0599111060902109e-10
Aanchor_A,0.8799999952316284,0.2070153174850006,41.84180715122313,9.027381252661095e-11
Aanchor_A,0.8811538368463516,0.2077158529899341,41.84295266163614,7.455331366622048e-11
Aanchor_A,0.8823076784610748,0.2084172536630084,41.84409907495243,5.881895588682017e-11
Aanchor_A,0.883461520075798,0.20912769378224827,41.84523553888073,4.322553395213281e-11
Aanchor_A,0.8846153616905212,0.20983090906945262,41.84638370577845,2.746315066587112e-11
Aanchor_A,0.8857692182064056,0.21066325806311706,41.84734432783616,1.4283633418679108e-11
Aanchor_A,0.88692307472229,0.2114965983706872,41.848305711045136,1.085085007929898e-12
Aanchor_A,0.8880769312381744,0.21233091110739516,41.84926788759889,1.2122197920898363e-11
Aanchor_A,0.8892307877540588,0.2131661794905566,41.85023081160388,2.533712961775332e-11
Aanchor_A,0.890384629368782,0.21398597489075083,41.85121823350361,3.888512424643089e-11
Aanchor_A,0.8915384709835052,0.21480572792088082,41.852207660435575,5.24649109699232e-11
Aanchor_A,0.8926923125982285,0.21559338958191077,41.85324164998117,6.665398888268146e-11
Aanchor_A,0.8938461542129517,0.21641340062938696,41.854234571044756,8.028731916719155e-11
Aanchor_A,0.8949999958276749,0.2170037249837693,41.85545670304278,9.705933950875175e-11
Aanchor_A,0.8961538374423981,0.2175966047519539,41.85667767593576,1.1381262270914977e-10
Aanchor_A,0.8973076790571213,0.21819041476887388,41.85789965901889,1.305880557500841e-10
Aanchor_A,0.8984615206718445,0.21871962132583328,41.85920969996294,1.4856232728028693e-10
Aanchor_A,0.8996153771877289,0.21944890594011085,41.860251098091,1.6285462987755239e-10
Aanchor_A,0.9007692337036133,0.22017895469310578,41.86129353988819,1.7716717248805521e-10
Aanchor_A,0.9019230902194977,0.22091094589683152,41.86233546710817,1.91466222238463e-10
Aanchor_A,0.9030769467353821,0.2216408783723847,41.86338214293454,2.0582742275927485e-10
Aanchor_A,0.9042307883501053,0.2219815197743167,41.864832570035354,2.257352874261253e-10
Aanchor_A,0.9053846299648285,0.22226734085049932,41.866357870186285,2.466697492040534e-10
Aanchor_A,0.9065384715795517,0.22261093555249162,41.86780846287133,2.6658082024522514e-10
Aanchor_A,0.9076923131942749,0.2229580119978202,41.86925651831124,2.864497405919978e-10
Aanchor_A,0.9088461548089981,0.22343622365092922,41.87056863751922,3.044615170722157e-10
Aanchor_A,0.9099999964237213,0.22393367048348267,41.871857231028194,3.221450080794854e-10
Aanchor_A,0.9111538380384445,0.224414630702435,41.87316975017888,3.4015694948926457e-10
Aanchor_A,0.9123076796531677,0.2248964253026976,41.8744832339849,3.5818714550964384e-10
Aanchor_A,0.9134615361690521,0.22552919258446064,41.87560148163666,3.735317048717465e-10
Aanchor_A,0.9146153926849365,0.2261627047654634,41.876720702301654,3.8889547531015724e-10
Aanchor_A,0.9157692492008209,0.22679736285002866,41.877840373139044,4.042605839131698e-10
Aanchor_A,0.9169231057167053,0.2274324728647195,41.87896134772122,4.1964698792945544e-10
Aanchor_A,0.9180769473314285,0.22804710541211975,41.88007559083557,4.3493612732667063e-10
Aanchor_A,0.9192307889461517,0.22866238508489756,41.88119082095963,4.502469616092371e-10
Aanchor_A,0.9203846305608749,0.22927827806241402,41.882307088456926,4.6556148964149e-10
Aanchor_A,0.9215384721755981,0.22989371760673596,41.88342584568424,4.809186069961843e-10
Aanchor_A,0.9226923137903214,0.23027056091540818,41.88480896135404,4.998984603571098e-10
Aanchor_A,0.9238461554050446,0.23064888271464087,41.886192250098944,5.188848648149922e-10
Aanchor_A,0.9249999970197678,0.23102876006134845,41.887575616407794,5.378697086135281e-10
Aanchor_A,0.926153838634491,0.23141037302705056,41.888958848775786,5.568547930950519e-10
Aanchor_A,0.9273076802492142,0.231996885214474,41.890053994903,5.718890986348154e-10
Aanchor_A,0.9284615218639374,0.2325837025279799,41.891150500775204,5.869386982296124e-10
Aanchor_A,0.9296153634786606,0.23317086476864177,41.892248318278945,6.020049860684843e-10
Aanchor_A,0.9307692050933838,0.23375838136948454,41.89334746848188,6.170893694616512e-10
Aanchor_A,0.9319230616092682,0.2340030592833415,41.89481639865963,6.372508458319033e-10
Aanchor_A,0.9330769181251526,0.23424895031967158,41.89628574152261,6.574160924410751e-10
Aanchor_A,0.934230774641037,0.23449617212613938,41.897755346718,6.775828265638024e-10
Aanchor_A,0.9353846311569214,0.234744613158135,41.899225302917635,6.977575973334379e-10
Aanchor_A,0.9365384727716446,0.23532944598650835,41.900298794491746,7.124930272573012e-10
Aanchor_A,0.9376923143863678,0.2359134943093244,41.901374816578304,7.272623337585988e-10
Aanchor_A,0.938846156001091,0.23649786232460113,41.90245195912211,7.42040592768426e-10
Aanchor_A,0.9399999976158142,0.23708255332623723,41.9035302500769,7.5684125652878e-10
Aanchor_A,0.9411538392305374,0.23731125057171512,41.90498589275824,7.768165912871261e-10
Aanchor_A,0.9423076808452606,0.23754127118549842,41.906441870771744,7.968050316143533e-10
Aanchor_A,0.9434615224599838,0.23777269963704306,41.90789807814437,8.167906070534404e-10
Aanchor_A,0.944615364074707,0.23800551301322653,41.90935457864267,8.36775764236337e-10
Aanchor_A,0.9457692205905914,0.2383945404856481,41.91063409578434,8.543357306801692e-10
Aanchor_A,0.9469230771064758,0.23878405922038712,41.91191460456956,8.719156117394575e-10
Aanchor_A,0.9480769336223602,0.23917407050578174,41.913196107242435,8.895014852021155e-10
Aanchor_A,0.9492307901382446,0.2395645984536925,41.91447851028467,9.071037344234807e-10
Aanchor_A,0.9503846317529678,0.23975244220751546,41.915968758628914,9.275499731871958e-10
Aanchor_A,0.951538473367691,0.2399411782617497,41.91745961523612,9.480160044157686e-10
Aanchor_A,0.9526923149824142,0.24013103492002405,41.91895078124925,9.684834086661672e-10
Aanchor_A,0.9538461565971375,0.24032203059794702,41.920442264252124,9.88949457065699e-10
Aanchor_A,0.9549999982118607,0.24033103682448959,41.92205545568683,1.0110910731113492e-09
Aanchor_A,0.9561538398265839,0.24042690214169124,41.92355529525046,1.0316733638664549e-09
Aanchor_A,0.9573076814413071,0.24044043581185087,41.92516653123813,1.05378851848427e-09
Aanchor_A,0.9584615230560303,0.24045563882987175,41.92677758256266,1.0758965987304983e-09
Aanchor_A,0.9596153795719147,0.2407698418600479,41.92804904505767,1.0933495050625472e-09
Aanchor_A,0.9607692360877991,0.24108472979213214,41.92932118222398,1.1108075370174959e-09
Aanchor_A,0.9619230926036835,0.24140019379046115,41.930594142371234,1.1282765719251195e-09
Aanchor_A,0.9630769491195679,0.24171719469426622,41.93186659647699,1.1457455316285454e-09
Aanchor_A,0.9642307907342911,0.24208196701502813,41.933077377110784,1.162357206203441e-09
Aanchor_A,0.9653846323490143,0.24240075660218927,41.93435068713353,1.1798387889348088e-09
Aanchor_A,0.9665384739637375,0.24276019414584976,41.93557145089162,1.1965928998583743e-09
Aanchor_A,0.9676923155784607,0.24313859109769798,41.93676847513911,1.213016110294731e-09
Aanchor_A,0.9688461571931839,0.2431463422326428,41.93835634954435,1.2348112863438085e-09
Aanchor_A,0.9699999988079071,0.24317788506829255,41.939914402598546,1.2561960390303353e-09
Aanchor_A,0.9711538404226303,0.2432105082934105,41.941472815526375,1.2775810998688553e-09
Aanchor_A,0.9723076820373535,0.24324689855346837,41.94302805188215,1.2989301887063745e-09
Aanchor_A,0.9734615236520767,0.24332155256006888,41.944549375668785,1.3198064945714923e-09
Aanchor_A,0.9746153652667999,0.24339704018487004,41.94607105417048,1.3406914373619825e-09
Aanchor_A,0.9757692068815231,0.24347325338694925,41.94759323391179,1.3615821513592948e-09
Aanchor_A,0.9769230484962463,0.24355030676952644,41.94911579062,1.3824810575194697e-09
Aanchor_A,0.9780769050121307,0.2436076694708734,41.9505749085439,1.40250344442164e-09
Aanchor_A,0.9792307615280151,0.24365948058049428,41.95204298426121,1.4226528517345784e-09
Aanchor_A,0.9803846180438995,0.24368017902767483,41.95355391400722,1.4433876110022598e-09
Aanchor_A,0.9815384745597839,0.24373325463973955,41.955023385147896,1.4635579251221866e-09
Aanchor_A,0.9826923161745071,0.24365556847044448,41.95666803288337,1.4861284171731536e-09
Aanchor_A,0.9838461577892303,0.24357862360384877,41.95831315350659,1.5087087888967922e-09
Aanchor_A,0.9849999994039536,0.24350232175198827,41.95995888069078,1.5312958748517027e-09
Aanchor_A,0.9861538410186768,0.2434267631691509,41.96160510811717,1.5538858326100193e-09
Aanchor_A,0.9873076826334,0.24347700879023293,41.96304957008476,1.5737132057628988e-09
Aanchor_A,0.9884615242481232,0.24356230164607443,41.96444881531939,1.5929162474081854e-09
Aanchor_A,0.9896153658628464,0.24364806884041562,41.96584878531075,1.6121296833503376e-09
Aanchor_A,0.88733760977233,0.2117961863416158,41.84865133879998,3.655368803279543e-12
Aanchor_A,0.9054318640486155,0.2222813810778437,41.86641724552335,2.474861554994271e-10
Aanchor_A,0.7969230453135275,0.13191713851515754,41.77761042394099,9.713445270272016e-10
Aanchor_A,0.7969230553135276,0.13191713851515754,41.77761035433401,9.713445078800473e-10
Aanchor_A,0.7969230653135276,0.13191713851515754,41.77761037611694,9.713407429123425e-10
Aanchor_A,0.8015384294675493,0.13799562169671814,41.779604337762834,9.439750916554239e-10
Aanchor_A,0.8015384394675493,0.13799562169671814,41.77960440359346,9.439741290131402e-10
Aanchor_A,0.8015384494675494,0.13799562169671814,41.77960442352094,9.439756729852324e-10
Aanchor_A,0.806153813621571,0.1416466613258466,41.78396884167324,8.840740637823866e-10
Aanchor_A,0.8061538236215711,0.1416466613258466,41.78396889537169,8.84072678303509e-10
Aanchor_A,0.8061538336215711,0.1416466613258466,41.78396891701653,8.840742247832516e-10
Aanchor_A,0.8107691977755928,0.14765281482583775,41.78599481739669,8.562725715876661e-10
Aanchor_A,0.8107692077755928,0.14765281482583775,41.78599475354711,8.562735415685227e-10
Aanchor_A,0.8107692177755929,0.14765281482583775,41.78599477421392,8.562711614673491e-10
Aanchor_A,0.8153845819296145,0.1520910648404196,41.78965239762674,8.060708628180863e-10
Aanchor_A,0.8153845919296145,0.1520910648404196,41.789652457196205,8.060705899785898e-10
Aanchor_A,0.8153846019296146,0.1520910648404196,41.78965247729519,8.060696121750085e-10
Aanchor_A,0.8199999660836362,0.15674464932911397,41.792762495572866,7.633870497396725e-10
Aanchor_A,0.8199999760836363,0.15674464932911397,41.79276255104675,7.633870628661627e-10
Aanchor_A,0.8199999860836363,0.15674464932911397,41.792762571426366,7.633900218818481e-10
Aanchor_A,0.824615350237658,0.16135714245894867,41.79605744683061,7.181635069425414e-10
Aanchor_A,0.824615360237658,0.16135714245894867,41.796057503460716,7.1816803008873e-10
Aanchor_A,0.8246153702376581,0.16135714245894867,41.796057523949166,7.181670471726044e-10
Aanchor_A,0.8292307343916797,0.16586184843466506,41.79954443148641,6.703104609633845e-10
Aanchor_A,0.8292307443916798,0.16586184843466506,41.79954437152589,6.703073446771152e-10
Aanchor_A,0.8292307543916798,0.16586184843466506,41.79954439070586,6.703096056832962e-10
Aanchor_A,0.8338461185457015,0.1692532224658143,41.80390971972446,6.104000920306823e-10
Aanchor_A,0.8338461285457015,0.1692532224658143,41.80390977017217,6.103962846781474e-10
Aanchor_A,0.8338461385457016,0.1692532224658143,41.80390979067069,6.103938865220004e-10
Aanchor_A,0.8384615026997232,0.17472219720823254,41.80612065010325,5.800568307626182e-10
Aanchor_A,0.8384615126997232,0.17472219720823254,41.80612070792315,5.800538697348146e-10
Aanchor_A,0.8384615226997233,0.17472219720823254,41.806120726919076,5.80054156070443e-10
Aanchor_A,0.8430768868537449,0.17761765873904414,41.81105833481317,5.122843971680266e-10
Aanchor_A,0.843076896853745,0.17761765873904414,41.811058272910635,5.122897760824363e-10
Aanchor_A,0.843076906853745,0.17761765873904414,41.81105829220099,5.122875101475787e-10
Aanchor_A,0.8476922710077667,0.18175967626009865,41.81447675109137,4.653734421484006e-10
Aanchor_A,0.8476922810077667,0.18175967626009865,41.81447680466498,4.6537344987578397e-10
Aanchor_A,0.8476922910077668,0.18175967626009865,41.81447682405029,4.6536691898453167e-10
Aanchor_A,0.8523076551617884,0.18587027656436275,41.8179792034204,4.173039895908427e-10
Aanchor_A,0.8523076651617885,0.18587027656436275,41.81797925760991,4.1729901734252054e-10
Aanchor_A,0.8523076751617885,0.18587027656436275,41.81797927680392,4.173008691874556e-10
Aanchor_A,0.8569230393158102,0.1897977874186863,41.821636547474505,3.671043704352797e-10
Aanchor_A,0.8569230493158102,0.1897977874186863,41.82163648805565,3.6710407877727023e-10
Aanchor_A,0.8569230593158103,0.1897977874186863,41.82163650693879,3.6710436586219626e-10
Aanchor_A,0.8615384234698319,0.19338139945097643,41.82560696693598,3.126118522941869e-10
Aanchor_A,0.8615384334698319,0.19338139945097643,41.825607018923996,3.126135697035708e-10
Aanchor_A,0.861538443469832,0.19338139945097643,41.825607038009956,3.1261257251183215e-10
Aanchor_A,0.8661538076238536,0.1974551685089097,41.82902005636714,2.6576952438191034e-10
Aanchor_A,0.8661538176238537,0.1974551685089097,41.829020111085434,2.657705303836067e-10
Aanchor_A,0.8661538276238537,0.1974551685089097,41.82902012934275,2.6577081762016585e-10
Aanchor_A,0.8707691917778754,0.20001608595559411,41.83406174498035,1.9657524680486456e-10
Aanchor_A,0.8707692017778754,0.20001608595559411,41.834061795683375,1.9657897253869973e-10
Aanchor_A,0.8707692117778755,0.20001608595559411,41.834061814694586,1.965745346410168e-10
Aanchor_A,0.8753845759318971,0.2042471884034093,41.837230880197374,1.5308100353924844e-10
Aanchor_A,0.8753845859318972,0.2042471884034093,41.837230824598784,1.5308472921388808e-10
Aanchor_A,0.8753845959318972,0.2042471884034093,41.837230842444384,1.5308014086079507e-10
Aanchor_A,0.8799999600859189,0.2070153174850006,41.84180705654686,9.027424066851942e-11
Aanchor_A,0.8799999700859189,0.2070153174850006,41.84180710600337,9.027726080510685e-11
Aanchor_A,0.879999980085919,0.2070153174850006,41.84180712398646,9.027582400039306e-11
Aanchor_A,0.8846153442399406,0.20983090906945262,41.846383642324376,2.7463725992231152e-11
Aanchor_A,0.8846153542399406,0.20983090906945262,41.84638369244355,2.7466893404281167e-11
Aanchor_A,0.8846153642399407,0.20983090906945262,41.84638371034134,2.7467325447732687e-11
Aanchor_A,0.8892307283939623,0.2131661794905566,41.8502307802451,2.533626384771371e-11
Aanchor_A,0.8892307383939624,0.2131661794905566,41.850230722823284,2.5331936027795654e-11
Aanchor_A,0.8892307483939624,0.2131661794905566,41.85023074080959,2.533409988047243e-11
Aanchor_A,0.8938461125479841,0.21641340062938696,41.85423446388134,8.02818264639404e-11
Aanchor_A,0.8938461225479841,0.21641340062938696,41.8542345160184,8.028486194838763e-11
Aanchor_A,0.8938461325479842,0.21641340062938696,41.854234533396074,8.028211723565561e-11
Aanchor_A,0.8984614967020058,0.21871962132583328,41.85920962723608,1.485631926074782e-10
Aanchor_A,0.8984615067020059,0.21871962132583328,41.859209675639185,1.4856753440323372e-10
Aanchor_A,0.8984615167020059,0.21871962132583328,41.85920969305081,1.4856493112577929e-10
Aanchor_A,0.9030768808560276,0.2216408783723847,41.863382101026545,2.0583205922728722e-10
Aanchor_A,0.9030768908560276,0.2216408783723847,41.86338205082886,2.0583046147590043e-10
Aanchor_A,0.9030769008560277,0.2216408783723847,41.86338206731181,2.0582712782356884e-10
Aanchor_A,0.9076922650100493,0.2229580119978202,41.869256409253126,2.864519099042197e-10
Aanchor_A,0.9076922750100493,0.2229580119978202,41.86925645390101,2.864538039834748e-10
Aanchor_A,0.9076922850100494,0.2229580119978202,41.86925647076929,2.8644886536913673e-10
Aanchor_A,0.912307649164071,0.2248964253026976,41.8744831523662,3.5818859298752926e-10
Aanchor_A,0.9123076591640711,0.2248964253026976,41.874483199219824,3.581853954281484e-10
Aanchor_A,0.9123076691640711,0.2248964253026976,41.87448321618742,3.581880164677688e-10
Aanchor_A,0.9169230333180928,0.2274324728647195,41.87896129578081,4.196426076007404e-10
Aanchor_A,0.9169230433180928,0.2274324728647195,41.878961243361445,4.1964406145256333e-10
Aanchor_A,0.9169230533180929,0.2274324728647195,41.87896126008614,4.196475617872532e-10
Aanchor_A,0.9215384174721145,0.22989371760673596,41.88342572413576,4.809177164051725e-10
Aanchor_A,0.9215384274721146,0.22989371760673596,41.88342577274565,4.809171358634556e-10
Aanchor_A,0.9215384374721146,0.22989371760673596,41.88342578906174,4.809175763230992e-10
Aanchor_A,0.9261538016261363,0.23141037302705056,41.88895875911763,5.568556541210913e-10
Aanchor_A,0.9261538116261363,0.23141037302705056,41.88895880492637,5.568556627374048e-10
Aanchor_A,0.9261538216261364,0.23141037302705056,41.88895882116187,5.568578596184351e-10
Aanchor_A,0.930769185780158,0.23375838136948454,41.89334740817012,6.170855475918769e-10
Aanchor_A,0.930769195780158,0.23375838136948454,41.89334745401053,6.170899529049239e-10
Aanchor_A,0.9307692057801581,0.23375838136948454,41.89334746954902,6.170886370249601e-10
Aanchor_A,0.9353845699341797,0.234744613158135,41.899225272771815,6.977567101853746e-10
Aanchor_A,0.9353845799341798,0.234744613158135,41.899225220809186,6.977556707196389e-10
Aanchor_A,0.9353845899341798,0.234744613158135,41.89922523683887,6.977569954926066e-10
Aanchor_A,0.9399999540882015,0.23708255332623723,41.90353015161549,7.568416738991362e-10
Aanchor_A,0.9399999640882015,0.23708255332623723,41.90353019898329,7.56838450203903e-10
Aanchor_A,0.9399999740882016,0.23708255332623723,41.903530214222556,7.568418361252176e-10
Aanchor_A,0.9446153382422232,0.23800551301322653,41.90935451199293,8.367772198406125e-10
Aanchor_A,0.9446153482422233,0.23800551301322653,41.90935455400688,8.367750233673329e-10
Aanchor_A,0.9446153582422233,0.23800551301322653,41.909354569567164,8.367775308977935e-10
Aanchor_A,0.949230722396245,0.2395645984536925,41.91447846994128,9.071026945090125e-10
Aanchor_A,0.949230732396245,0.2395645984536925,41.91447842326678,9.071006149426749e-10
Aanchor_A,0.949230742396245,0.2395645984536925,41.9144784383369,9.071032737337865e-10
Aanchor_A,0.9538461065502667,0.24032203059794702,41.9204421617414,9.889464734108573e-10
Aanchor_A,0.9538461165502667,0.24032203059794702,41.92044220788184,9.889475212932542e-10
Aanchor_A,0.9538461265502668,0.24032203059794702,41.92044222195792,9.889488548308256e-10
Aanchor_A,0.9584614907042884,0.24045563882987175,41.92677751176637,1.0758998343034349e-09
Aanchor_A,0.9584615007042885,0.24045563882987175,41.926777549863424,1.0758956979050773e-09
Aanchor_A,0.9584615107042885,0.24045563882987175,41.92677756449282,1.075899551889242e-09
Aanchor_A,0.9630768748583102,0.24171719469426622,41.93186654897015,1.145741210381277e-09
Aanchor_A,0.9630768848583102,0.24171719469426622,41.93186650210089,1.1457425333533992e-09
Aanchor_A,0.9630768948583103,0.24171719469426622,41.9318665167872,1.1457417966833556e-09
Aanchor_A,0.9676922590123319,0.24313859109769798,41.936768365706385,1.213015922411061e-09
Aanchor_A,0.967692269012332,0.24313859109769798,41.936768410674745,1.2130169827057746e-09
Aanchor_A,0.967692279012332,0.24313859109769798,41.93676842451836,1.2130169867790808e-09
Aanchor_A,0.9723076431663537,0.24324689855346837,41.94302797322522,1.2989246583467633e-09
Aanchor_A,0.9723076531663537,0.24324689855346837,41.94302801135326,1.298930622126321e-09
Aanchor_A,0.9723076631663538,0.24324689855346837,41.943028025391186,1.2989297338665483e-09
Aanchor_A,0.9769230273203754,0.24355030676952644,41.94911573585578,1.3824796975480448e-09
Aanchor_A,0.9769230373203754,0.24355030676952644,41.9491157757573,1.3824762819000917e-09
Aanchor_A,0.9769230473203755,0.24355030676952644,41.949115789056215,1.3824777783896975e-09
Aanchor_A,0.9815384114743971,0.24373325463973955,41.955023356870086,1.4635573135070161e-09
Aanchor_A,0.9815384214743972,0.24373325463973955,41.95502331426254,1.4635559615540933e-09
Aanchor_A,0.9815384314743972,0.24373325463973955,41.95502332761562,1.463554771149943e-09
Aanchor_A,0.9861537956284189,0.2434267631691509,41.96160502355937,1.5538877479852368e-09
Aanchor_A,0.9861538056284189,0.2434267631691509,41.96160506178186,1.5538882009895747e-09
Aanchor_A,0.986153815628419,0.2434267631691509,41.961605074874534,1.5538880582999812e-09
Aanchor_B,0.7946153879165649,0.12921780048412349,41.77618855968955,9.908545450004202e-10
Aanchor_B,0.7969231009483337,0.1319171513350474,41.7776104367138,9.713403417513911e-10
Aanchor_B,0.7992307841777802,0.13495508722045238,41.77860585282796,9.576831297806923e-10
Aanchor_B,0.8015384674072266,0.1379956506082764,41.77960442087268,9.439742777071331e-10
Aanchor_B,0.803846150636673,0.139818107687917,41.78178665662593,9.140275683744603e-10
Aanchor_B,0.8061538338661194,0.1416466866819758,41.783968883868006,8.840778611083705e-10
Aanchor_B,0.8084615468978882,0.14464853420702745,41.78498017952182,8.701959894606425e-10
Aanchor_B,0.810769259929657,0.14765278100040963,41.785994906259326,8.562697851610179e-10
Aanchor_B,0.8130769431591034,0.1498808344440488,41.78780840967382,8.313786993172687e-10
Aanchor_B,0.8153846263885498,0.15209106443470252,41.789652526994054,8.060710290652116e-10
Aanchor_B,0.8176923096179962,0.15442588038283303,41.79119329908676,7.849222425498521e-10
Aanchor_B,0.8199999928474426,0.1567446407449659,41.79276259661225,7.633883393231504e-10
Aanchor_B,0.822307676076889,0.15904941774765813,41.79440816219473,7.408029821572031e-10
Aanchor_B,0.8246153593063354,0.16135713996297268,41.796057468687906,7.18167739648455e-10
Aanchor_B,0.8269230723381042,0.16361136297650355,41.79779504437565,6.943197569679673e-10
Aanchor_B,0.829230785369873,0.16586184850069943,41.79954445003424,6.703108872123403e-10
Aanchor_B,0.8315384685993195,0.16754021451255077,41.80174559464136,6.400963676465372e-10
Aanchor_B,0.8338461518287659,0.16925319062229552,41.803909860197194,6.103948867020649e-10
Aanchor_B,0.8361538350582123,0.17198659791362905,41.8050130790186,5.952569675884721e-10
Aanchor_B,0.8384615182876587,0.17472219621323198,41.8061207198596,5.80050191204461e-10
Aanchor_B,0.8407692313194275,0.17616691864183473,41.80858949597126,5.461681037787168e-10
Aanchor_B,0.8430769443511963,0.17761765016952402,41.81105837591826,5.122865300074463e-10
Aanchor_B,0.8453846275806427,0.1796710159012655,41.81278672568365,4.885642986941549e-10
Aanchor_B,0.8476923108100891,0.18175967572093,41.814476863153885,4.6536749266080677e-10
Aanchor_B,0.8499999940395355,0.18381309710656887,41.81622663965435,4.41353835899047e-10
Aanchor_B,0.8523076772689819,0.18587029420650333,41.81797925741368,4.173008676630262e-10
Aanchor_B,0.8546153903007507,0.18784138314875665,41.819794338571576,3.923922141956644e-10
Aanchor_B,0.8569231033325195,0.18979777325148764,41.821636608875075,3.671033791307018e-10
Aanchor_B,0.8592307865619659,0.1916072033647001,41.8235945645953,3.402319931392577e-10
Aanchor_B,0.8615384697914124,0.19338139674367594,41.8256070918435,3.126114359400051e-10
Aanchor_B,0.8638461530208588,0.1954101134804572,41.82732048439383,2.890978614748342e-10
Aanchor_B,0.8661538362503052,0.1974551809846944,41.829020128520064,2.6577024592824203e-10
Aanchor_B,0.8684615194797516,0.19872512027694667,41.83155065509501,2.3103988039538387e-10
Aanchor_B,0.870769202709198,0.20001602177811784,41.834061882704404,1.96574393879536e-10
Aanchor_B,0.8730769157409668,0.20213605307950974,41.83563659654636,1.74966214051264e-10
Aanchor_B,0.8753846287727356,0.20424718434381678,41.837230906442876,1.5308157836218816e-10
Aanchor_B,0.877692312002182,0.2056256712078671,41.8395223096436,1.2163419873814432e-10
Aanchor_B,0.8799999952316284,0.2070153549649569,41.84180710144087,9.027553631430689e-11
Aanchor_B,0.8823076784610748,0.20841728794397657,41.84409902941905,5.882068142574735e-11
Aanchor_B,0.8846153616905212,0.20983085772396604,41.84638377397779,2.74647345752096e-11
Aanchor_B,0.88692307472229,0.21149657868961927,41.84830573718638,1.0834998962589837e-12
Aanchor_B,0.8892307877540588,0.2131661800061852,41.850230810918994,2.5331792444810198e-11
Aanchor_B,0.8915384709835052,0.21480576194984516,41.85220761523694,5.2463899949873205e-11
Aanchor_B,0.8938461542129517,0.21641336871935712,41.85423461342889,8.028399690122805e-11
Aanchor_B,0.8961538374423981,0.21759660474945036,41.85667767593908,1.138124781331238e-10
Aanchor_B,0.8984615206718445,0.21871957575169645,41.859209760497315,1.4856768226211981e-10
Aanchor_B,0.9007692337036133,0.2201789543038723,41.861293540405185,1.77161958517262e-10
Aanchor_B,0.9030769467353821,0.22164091713493908,41.86338209144741,2.0582568070182322e-10
Aanchor_B,0.9053846299648285,0.22226733980470204,41.86635787157543,2.4666757217923965e-10
Aanchor_B,0.9076923131942749,0.22295804774288194,41.86925647082972,2.864535153051779e-10
Aanchor_B,0.9099999964237213,0.22393372676864748,41.871857156261555,3.221455846698617e-10
Aanchor_B,0.9123076796531677,0.22489640868581512,41.87448325605826,3.581888931959435e-10
Aanchor_B,0.9146153926849365,0.2261626767638026,41.876720739497834,3.88894021925649e-10
Aanchor_B,0.9169231057167053,0.22743244280917513,41.87896138764532,4.196450963431035e-10
Aanchor_B,0.9192307889461517,0.2286624245681128,41.881190768512795,4.5024476871931125e-10
Aanchor_B,0.9215384721755981,0.22989375275252677,41.88342579899938,4.809210836578721e-10
Aanchor_B,0.9238461554050446,0.23064891583878433,41.88619220609897,5.18886613411324e-10
Aanchor_B,0.926153838634491,0.23141040550198652,41.88895880563986,5.568569820590396e-10
Aanchor_B,0.9284615218639374,0.23258369640766943,41.89115050890467,5.869357713339599e-10
Aanchor_B,0.9307692050933838,0.23375840739045348,41.89334743391896,6.170878997745609e-10
Aanchor_B,0.9330769181251526,0.23424897596484776,41.89628570745862,6.574135945089266e-10
Aanchor_B,0.9353846311569214,0.2347446010355308,41.89922531901996,6.977603889129995e-10
Aanchor_B,0.9376923143863678,0.23591355765070568,41.901374732443706,7.272557093074123e-10
Aanchor_B,0.9399999976158142,0.23708255577456064,41.90353024682487,7.568436088928327e-10
Aanchor_B,0.9423076808452606,0.23754130595761697,41.90644182458486,7.968019327645539e-10
Aanchor_B,0.944615364074707,0.2380055426817927,41.90935453923456,8.367776729311418e-10
Aanchor_B,0.9469230771064758,0.2387840797766378,41.911914577265456,8.719125109162605e-10
Aanchor_B,0.9492307901382446,0.23956458029731872,41.914478534400814,9.071016739727648e-10
Aanchor_B,0.951538473367691,0.2399412427532671,41.917459529574685,9.480171686007427e-10
Aanchor_B,0.9538461565971375,0.2403220097500005,41.920442291943814,9.889509403053738e-10
Aanchor_B,0.9561538398265839,0.24042693293899434,41.923555254343434,1.0316764606257361e-09
Aanchor_B,0.9584615230560303,0.240455658102419,41.92677755696329,1.0758971850636356e-09
Aanchor_B,0.9607692360877991,0.24108467569609385,41.92932125407827,1.1108102205624745e-09
Aanchor_B,0.9630769491195679,0.24171717062196393,41.93186662845141,1.1457465774881759e-09
Aanchor_B,0.9653846323490143,0.2424007563142482,41.934350687515995,1.179834335705217e-09
Aanchor_B,0.9676923155784607,0.24313859126967813,41.93676847491068,1.2130171501792857e-09
Aanchor_B,0.9699999988079071,0.24317788992093506,41.939914396152986,1.2561979701553326e-09
Aanchor_B,0.9723076820373535,0.24324686839033904,41.943028091946765,1.2989291579558055e-09
Aanchor_B,0.9746153652667999,0.24339700915613124,41.94607109538483,1.3406942779902577e-09
Aanchor_B,0.9769230484962463,0.2435503118032499,41.94911578393389,1.382479863462674e-09
Aanchor_B,0.9792307615280151,0.24365948074850408,41.95204298403806,1.422652851668782e-09
Aanchor_B,0.9815384745597839,0.24373324943527463,41.95502339206067,1.463559420481603e-09
Aanchor_B,0.9838461577892303,0.24357859058180206,41.95831319736804,1.5087071588596798e-09
Aanchor_B,0.9861538410186768,0.24342680077824227,41.96160505816264,1.5538886577553767e-09
Aanchor_B,0.9884615242481232,0.24356230567496312,41.96444880996827,1.5929153475282423e-09
Aanchor_B,0.7946153879165649,0.12921780229873647,41.776188557279575,9.908538466399935e-10
Aanchor_B,0.7957692444324493,0.13056667601848848,41.77689978614733,9.810984197160699e-10
Aanchor_B,0.7969231009483337,0.13191713851515754,41.777610453739975,9.713441161113423e-10
Aanchor_B,0.798076942563057,0.13343563438014658,41.778107962034085,9.645135855667628e-10
Aanchor_B,0.7992307841777802,0.13495508397253272,41.77860585714154,9.576818729240487e-10
Aanchor_B,0.8003846257925034,0.136475082392739,41.779104671471046,9.508311605497729e-10
Aanchor_B,0.8015384674072266,0.13799562169671814,41.779604459270196,9.439726072775894e-10
Aanchor_B,0.8026923090219498,0.13890620634589732,41.78069542742418,9.290013915351857e-10
Aanchor_B,0.803846150636673,0.13981808513423424,41.781786686580546,9.140246349070309e-10
Aanchor_B,0.8049999922513962,0.14073197899853096,41.78287729387473,8.990561066372458e-10
Aanchor_B,0.8061538338661194,0.1416466613258466,41.78396891754585,8.840753456438481e-10
Aanchor_B,0.8073076903820038,0.14314744133388355,41.78447392437686,8.771423663037501e-10
Aanchor_B,0.8084615468978882,0.1446485354664695,41.78498017784905,8.701931856401409e-10
Aanchor_B,0.8096154034137726,0.14614865633747276,41.785489400103145,8.632085846921596e-10
Aanchor_B,0.810769259929657,0.14765281482583775,41.78599486133291,8.562710395459256e-10
Aanchor_B,0.8119231015443802,0.14876642336405096,41.78690128645726,8.438268292760203e-10
Aanchor_B,0.8130769431591034,0.1498808488063269,41.787808390597796,8.313798187570262e-10
Aanchor_B,0.8142307847738266,0.15098463273724452,41.788731356148375,8.187119719885126e-10
Aanchor_B,0.8153846263885498,0.1520910648404196,41.78965252645518,8.060677992837258e-10
Aanchor_B,0.816538468003273,0.15325801786575347,41.790422590172014,7.95501728832406e-10
Aanchor_B,0.8176923096179962,0.15442588393480763,41.79119329436891,7.849250525527175e-10
Aanchor_B,0.8188461512327194,0.15560588399576952,41.791949639711305,7.745455883003065e-10
Aanchor_B,0.8199999928474426,0.15674464932911397,41.79276258521075,7.6338411779981e-10
Aanchor_B,0.8211538344621658,0.15789667739414653,41.79358489333273,7.521032350337902e-10
Aanchor_B,0.822307676076889,0.1590494454609598,41.79440812538536,7.408046659888032e-10
Aanchor_B,0.8234615176916122,0.16020293154369478,41.795232316950965,7.294913056090265e-10
Aanchor_B,0.8246153593063354,0.16135714245894867,41.79605746537266,7.181647797468805e-10
Aanchor_B,0.8257692158222198,0.16248744788609978,41.79692114311604,7.063137197761523e-10
Aanchor_B,0.8269230723381042,0.16361135744549576,41.7977950517222,6.943173610570376e-10
Aanchor_B,0.8280769288539886,0.16473620756699847,41.798669447812415,6.823186373989695e-10
Aanchor_B,0.829230785369873,0.16586184843466506,41.79954445012195,6.703113104439628e-10
Aanchor_B,0.8303846269845963,0.16668667443644233,41.80066297713843,6.549577960018971e-10
Aanchor_B,0.8315384685993195,0.16754020813985068,41.80174560310611,6.401006046158702e-10
Aanchor_B,0.8326923102140427,0.16839571721564975,41.802827878655386,6.252450926080304e-10
Aanchor_B,0.8338461518287659,0.1692532224658143,41.80390981789899,6.103995447955549e-10
Aanchor_B,0.8349999934434891,0.17061963831262988,41.80446090008585,6.028353019830037e-10
Aanchor_B,0.8361538350582123,0.17198656831540113,41.80501311833392,5.952541437112422e-10
Aanchor_B,0.8373076766729355,0.17335409302911534,41.80556637014912,5.876635052169342e-10
Aanchor_B,0.8384615182876587,0.17472219720823254,41.806120718537954,5.800504741601034e-10
Aanchor_B,0.8396153748035431,0.1754438986377822,41.807354965616085,5.631145243073754e-10
Aanchor_B,0.8407692313194275,0.1761669184206267,41.80858949626509,5.461732043984238e-10
Aanchor_B,0.8419230878353119,0.17689112220240208,41.809824495476235,5.292173904026521e-10
Aanchor_B,0.8430769443511963,0.17761765873904414,41.8110583645349,5.122839762260469e-10
Aanchor_B,0.8442307859659195,0.1786286975969737,41.81194223621911,5.001541389468722e-10
Aanchor_B,0.8453846275806427,0.1796709562455105,41.81278680492715,4.885667194084197e-10
Aanchor_B,0.8465384691953659,0.18068075177244952,41.81367663058323,4.763489732266076e-10
Aanchor_B,0.8476923108100891,0.18175967626009865,41.81447686243769,4.653697651657851e-10
Aanchor_B,0.8488461524248123,0.18278595764244948,41.81535134642467,4.533697352958216e-10
Aanchor_B,0.8499999940395355,0.18381311309823029,41.81622661841202,4.413545447076356e-10
Aanchor_B,0.8511538356542587,0.18484123209884634,41.81710256611114,4.293305154046868e-10
Aanchor_B,0.8523076772689819,0.18587027656436275,41.81797928084847,4.1729987382850345e-10
Aanchor_B,0.8534615337848663,0.18686460077668893,41.81887418222329,4.050213055351723e-10
Aanchor_B,0.8546153903007507,0.18784139188279514,41.819794326969784,3.9239050472634963e-10
Aanchor_B,0.8557692468166351,0.18881911845536992,41.82071515761313,3.7975525441260715e-10
Aanchor_B,0.8569231033325195,0.1897977874186863,41.82163659005613,3.671092197858281e-10
Aanchor_B,0.8580769449472427,0.19070212026260966,41.82261510576397,3.5367571088157237e-10
Aanchor_B,0.8592307865619659,0.1916071729119601,41.82359460504743,3.402312829524734e-10
Aanchor_B,0.8603846281766891,0.19251288977785463,41.824575168134025,3.2677273282253103e-10
Aanchor_B,0.8615384697914124,0.19338139945097643,41.82560708824721,3.12613719365389e-10
Aanchor_B,0.8626923114061356,0.1943888797967345,41.826471943340195,3.00744334649748e-10
Aanchor_B,0.8638461530208588,0.19541014467596143,41.827320442955035,2.891010017038357e-10
Aanchor_B,0.864999994635582,0.196432114430755,41.828170000370925,2.77440003102468e-10
Aanchor_B,0.8661538362503052,0.1974551685089097,41.829020145092336,2.657736781937044e-10
Aanchor_B,0.8673076778650284,0.19808944363275807,41.83028526820011,2.4840410476286337e-10
Aanchor_B,0.8684615194797516,0.19872508295479635,41.83155070467291,2.3103959660266367e-10
Aanchor_B,0.8696153610944748,0.19936193107489014,41.832816668534626,2.136642067263216e-10
Aanchor_B,0.870769202709198,0.20001608595559411,41.834061797453934,1.965763951353624e-10
Aanchor_B,0.8719230592250824,0.20107553246844662,41.83484892067487,1.8577539105182875e-10
Aanchor_B,0.8730769157409668,0.20213606212005025,41.83563658453806,1.749652104816953e-10
Aanchor_B,0.8742307722568512,0.2031980614210178,41.8364242814482,1.641497953377622e-10
Aanchor_B,0.8753846287727356,0.2042471884034093,41.837230901050816,1.5307985719686223e-10
Aanchor_B,0.8765384703874588,0.20494031791434855,41.838370401033146,1.3744359729412968e-10
Aanchor_B,0.877692312002182,0.20562566548977182,41.83952231723858,1.2163462964256512e-10
Aanchor_B,0.8788461536169052,0.20632161940976726,41.84066219648917,1.0599111060902109e-10
Aanchor_B,0.8799999952316284,0.2070153174850006,41.84180715122313,9.027381252661095e-11
Aanchor_B,0.8811538368463516,0.2077158529899341,41.84295266163614,7.455331366622048e-11
Aanchor_B,0.8823076784610748,0.2084172536630084,41.84409907495243,5.881895588682017e-11
Aanchor_B,0.883461520075798,0.20912769378224827,41.84523553888073,4.322553395213281e-11
Aanchor_B,0.8846153616905212,0.20983090906945262,41.84638370577845,2.746315066587112e-11
Aanchor_B,0.8857692182064056,0.21066325806311706,41.84734432783616,1.4283633418679108e-11
Aanchor_B,0.88692307472229,0.2114965983706872,41.848305711045136,1.085085007929898e-12
Aanchor_B,0.8880769312381744,0.21233091110739516,41.84926788759889,1.2122197920898363e-11
Aanchor_B,0.8892307877540588,0.2131661794905566,41.85023081160388,2.533712961775332e-11
Aanchor_B,0.890384629368782,0.21398597489075083,41.85121823350361,3.888512424643089e-11
Aanchor_B,0.8915384709835052,0.21480572792088082,41.852207660435575,5.24649109699232e-11
Aanchor_B,0.8926923125982285,0.21559338958191077,41.85324164998117,6.665398888268146e-11
Aanchor_B,0.8938461542129517,0.21641340062938696,41.854234571044756,8.028731916719155e-11
Aanchor_B,0.8949999958276749,0.2170037249837693,41.85545670304278,9.705933950875175e-11
Aanchor_B,0.8961538374423981,0.2175966047519539,41.85667767593576,1.1381262270914977e-10
Aanchor_B,0.8973076790571213,0.21819041476887388,41.85789965901889,1.305880557500841e-10
Aanchor_B,0.8984615206718445,0.21871962132583328,41.85920969996294,1.4856232728028693e-10
Aanchor_B,0.8996153771877289,0.21944890594011085,41.860251098091,1.6285462987755239e-10
Aanchor_B,0.9007692337036133,0.22017895469310578,41.86129353988819,1.7716717248805521e-10
Aanchor_B,0.9019230902194977,0.22091094589683152,41.86233546710817,1.91466222238463e-10
Aanchor_B,0.9030769467353821,0.2216408783723847,41.86338214293454,2.0582742275927485e-10
Aanchor_B,0.9042307883501053,0.2219815197743167,41.864832570035354,2.257352874261253e-10
Aanchor_B,0.9053846299648285,0.22226734085049932,41.866357870186285,2.466697492040534e-10
Aanchor_B,0.9065384715795517,0.22261093555249162,41.86780846287133,2.6658082024522514e-10
Aanchor_B,0.9076923131942749,0.2229580119978202,41.86925651831124,2.864497405919978e-10
Aanchor_B,0.9088461548089981,0.22343622365092922,41.87056863751922,3.044615170722157e-10
Aanchor_B,0.9099999964237213,0.22393367048348267,41.871857231028194,3.221450080794854e-10
Aanchor_B,0.9111538380384445,0.224414630702435,41.87316975017888,3.4015694948926457e-10
Aanchor_B,0.9123076796531677,0.2248964253026976,41.8744832339849,3.5818714550964384e-10
Aanchor_B,0.9134615361690521,0.22552919258446064,41.87560148163666,3.735317048717465e-10
Aanchor_B,0.9146153926849365,0.2261627047654634,41.876720702301654,3.8889547531015724e-10
Aanchor_B,0.9157692492008209,0.22679736285002866,41.877840373139044,4.042605839131698e-10
Aanchor_B,0.9169231057167053,0.2274324728647195,41.87896134772122,4.1964698792945544e-10
Aanchor_B,0.9180769473314285,0.22804710541211975,41.88007559083557,4.3493612732667063e-10
Aanchor_B,0.9192307889461517,0.22866238508489756,41.88119082095963,4.502469616092371e-10
Aanchor_B,0.9203846305608749,0.22927827806241402,41.882307088456926,4.6556148964149e-10
Aanchor_B,0.9215384721755981,0.22989371760673596,41.88342584568424,4.809186069961843e-10
Aanchor_B,0.9226923137903214,0.23027056091540818,41.88480896135404,4.998984603571098e-10
Aanchor_B,0.9238461554050446,0.23064888271464087,41.886192250098944,5.188848648149922e-10
Aanchor_B,0.9249999970197678,0.23102876006134845,41.887575616407794,5.378697086135281e-10
Aanchor_B,0.926153838634491,0.23141037302705056,41.888958848775786,5.568547930950519e-10
Aanchor_B,0.9273076802492142,0.231996885214474,41.890053994903,5.718890986348154e-10
Aanchor_B,0.9284615218639374,0.2325837025279799,41.891150500775204,5.869386982296124e-10
Aanchor_B,0.9296153634786606,0.23317086476864177,41.892248318278945,6.020049860684843e-10
Aanchor_B,0.9307692050933838,0.23375838136948454,41.89334746848188,6.170893694616512e-10
Aanchor_B,0.9319230616092682,0.2340030592833415,41.89481639865963,6.372508458319033e-10
Aanchor_B,0.9330769181251526,0.23424895031967158,41.89628574152261,6.574160924410751e-10
Aanchor_B,0.934230774641037,0.23449617212613938,41.897755346718,6.775828265638024e-10
Aanchor_B,0.9353846311569214,0.234744613158135,41.899225302917635,6.977575973334379e-10
Aanchor_B,0.9365384727716446,0.23532944598650835,41.900298794491746,7.124930272573012e-10
Aanchor_B,0.9376923143863678,0.2359134943093244,41.901374816578304,7.272623337585988e-10
Aanchor_B,0.938846156001091,0.23649786232460113,41.90245195912211,7.42040592768426e-10
Aanchor_B,0.9399999976158142,0.23708255332623723,41.9035302500769,7.5684125652878e-10
Aanchor_B,0.9411538392305374,0.23731125057171512,41.90498589275824,7.768165912871261e-10
Aanchor_B,0.9423076808452606,0.23754127118549842,41.906441870771744,7.968050316143533e-10
Aanchor_B,0.9434615224599838,0.23777269963704306,41.90789807814437,8.167906070534404e-10
Aanchor_B,0.944615364074707,0.23800551301322653,41.90935457864267,8.36775764236337e-10
Aanchor_B,0.9457692205905914,0.2383945404856481,41.91063409578434,8.543357306801692e-10
Aanchor_B,0.9469230771064758,0.23878405922038712,41.91191460456956,8.719156117394575e-10
Aanchor_B,0.9480769336223602,0.23917407050578174,41.913196107242435,8.895014852021155e-10
Aanchor_B,0.9492307901382446,0.2395645984536925,41.91447851028467,9.071037344234807e-10
Aanchor_B,0.9503846317529678,0.23975244220751546,41.915968758628914,9.275499731871958e-10
Aanchor_B,0.951538473367691,0.2399411782617497,41.91745961523612,9.480160044157686e-10
Aanchor_B,0.9526923149824142,0.24013103492002405,41.91895078124925,9.684834086661672e-10
Aanchor_B,0.9538461565971375,0.24032203059794702,41.920442264252124,9.88949457065699e-10
Aanchor_B,0.9549999982118607,0.24033103682448959,41.92205545568683,1.0110910731113492e-09
Aanchor_B,0.9561538398265839,0.24042690214169124,41.92355529525046,1.0316733638664549e-09
Aanchor_B,0.9573076814413071,0.24044043581185087,41.92516653123813,1.05378851848427e-09
Aanchor_B,0.9584615230560303,0.24045563882987175,41.92677758256266,1.0758965987304983e-09
Aanchor_B,0.9596153795719147,0.2407698418600479,41.92804904505767,1.0933495050625472e-09
Aanchor_B,0.9607692360877991,0.24108472979213214,41.92932118222398,1.1108075370174959e-09
Aanchor_B,0.9619230926036835,0.24140019379046115,41.930594142371234,1.1282765719251195e-09
Aanchor_B,0.9630769491195679,0.24171719469426622,41.93186659647699,1.1457455316285454e-09
Aanchor_B,0.9642307907342911,0.24208196701502813,41.933077377110784,1.162357206203441e-09
Aanchor_B,0.9653846323490143,0.24240075660218927,41.93435068713353,1.1798387889348088e-09
Aanchor_B,0.9665384739637375,0.24276019414584976,41.93557145089162,1.1965928998583743e-09
Aanchor_B,0.9676923155784607,0.24313859109769798,41.93676847513911,1.213016110294731e-09
Aanchor_B,0.9688461571931839,0.2431463422326428,41.93835634954435,1.2348112863438085e-09
Aanchor_B,0.9699999988079071,0.24317788506829255,41.939914402598546,1.2561960390303353e-09
Aanchor_B,0.9711538404226303,0.2432105082934105,41.941472815526375,1.2775810998688553e-09
Aanchor_B,0.9723076820373535,0.24324689855346837,41.94302805188215,1.2989301887063745e-09
Aanchor_B,0.9734615236520767,0.24332155256006888,41.944549375668785,1.3198064945714923e-09
Aanchor_B,0.9746153652667999,0.24339704018487004,41.94607105417048,1.3406914373619825e-09
Aanchor_B,0.9757692068815231,0.24347325338694925,41.94759323391179,1.3615821513592948e-09
Aanchor_B,0.9769230484962463,0.24355030676952644,41.94911579062,1.3824810575194697e-09
Aanchor_B,0.9780769050121307,0.2436076694708734,41.9505749085439,1.40250344442164e-09
Aanchor_B,0.9792307615280151,0.24365948058049428,41.95204298426121,1.4226528517345784e-09
Aanchor_B,0.9803846180438995,0.24368017902767483,41.95355391400722,1.4433876110022598e-09
Aanchor_B,0.9815384745597839,0.24373325463973955,41.955023385147896,1.4635579251221866e-09
Aanchor_B,0.9826923161745071,0.24365556847044448,41.95666803288337,1.4861284171731536e-09
Aanchor_B,0.9838461577892303,0.24357862360384877,41.95831315350659,1.5087087888967922e-09
Aanchor_B,0.9849999994039536,0.24350232175198827,41.95995888069078,1.5312958748517027e-09
Aanchor_B,0.9861538410186768,0.2434267631691509,41.96160510811717,1.5538858326100193e-09
Aanchor_B,0.9873076826334,0.24347700879023293,41.96304957008476,1.5737132057628988e-09
Aanchor_B,0.9884615242481232,0.24356230164607443,41.96444881531939,1.5929162474081854e-09
Aanchor_B,0.9896153658628464,0.24364806884041562,41.96584878531075,1.6121296833503376e-09
Aanchor_B,0.88733760977233,0.2117961863416158,41.84865133879998,3.655368803279543e-12
Aanchor_B,0.9054318640486155,0.2222813810778437,41.86641724552335,2.474861554994271e-10
Aanchor_B,0.7969230453135275,0.13191713851515754,41.77761042394099,9.713445270272016e-10
Aanchor_B,0.7969230553135276,0.13191713851515754,41.77761035433401,9.713445078800473e-10
Aanchor_B,0.7969230653135276,0.13191713851515754,41.77761037611694,9.713407429123425e-10
Aanchor_B,0.8015384294675493,0.13799562169671814,41.779604337762834,9.439750916554239e-10
Aanchor_B,0.8015384394675493,0.13799562169671814,41.77960440359346,9.439741290131402e-10
Aanchor_B,0.8015384494675494,0.13799562169671814,41.77960442352094,9.439756729852324e-10
Aanchor_B,0.806153813621571,0.1416466613258466,41.78396884167324,8.840740637823866e-10
Aanchor_B,0.8061538236215711,0.1416466613258466,41.78396889537169,8.84072678303509e-10
Aanchor_B,0.8061538336215711,0.1416466613258466,41.78396891701653,8.840742247832516e-10
Aanchor_B,0.8107691977755928,0.14765281482583775,41.78599481739669,8.562725715876661e-10
Aanchor_B,0.8107692077755928,0.14765281482583775,41.78599475354711,8.562735415685227e-10
Aanchor_B,0.8107692177755929,0.14765281482583775,41.78599477421392,8.562711614673491e-10
Aanchor_B,0.8153845819296145,0.1520910648404196,41.78965239762674,8.060708628180863e-10
Aanchor_B,0.8153845919296145,0.1520910648404196,41.789652457196205,8.060705899785898e-10
Aanchor_B,0.8153846019296146,0.1520910648404196,41.78965247729519,8.060696121750085e-10
Aanchor_B,0.8199999660836362,0.15674464932911397,41.792762495572866,7.633870497396725e-10
Aanchor_B,0.8199999760836363,0.15674464932911397,41.79276255104675,7.633870628661627e-10
Aanchor_B,0.8199999860836363,0.15674464932911397,41.792762571426366,7.633900218818481e-10
Aanchor_B,0.824615350237658,0.16135714245894867,41.79605744683061,7.181635069425414e-10
Aanchor_B,0.824615360237658,0.16135714245894867,41.796057503460716,7.1816803008873e-10
Aanchor_B,0.8246153702376581,0.16135714245894867,41.796057523949166,7.181670471726044e-10
Aanchor_B,0.8292307343916797,0.16586184843466506,41.79954443148641,6.703104609633845e-10
Aanchor_B,0.8292307443916798,0.16586184843466506,41.79954437152589,6.703073446771152e-10
Aanchor_B,0.8292307543916798,0.16586184843466506,41.79954439070586,6.703096056832962e-10
Aanchor_B,0.8338461185457015,0.1692532224658143,41.80390971972446,6.104000920306823e-10
Aanchor_B,0.8338461285457015,0.1692532224658143,41.80390977017217,6.103962846781474e-10
Aanchor_B,0.8338461385457016,0.1692532224658143,41.80390979067069,6.103938865220004e-10
Aanchor_B,0.8384615026997232,0.17472219720823254,41.80612065010325,5.800568307626182e-10
Aanchor_B,0.8384615126997232,0.17472219720823254,41.80612070792315,5.800538697348146e-10
Aanchor_B,0.8384615226997233,0.17472219720823254,41.806120726919076,5.80054156070443e-10
Aanchor_B,0.8430768868537449,0.17761765873904414,41.81105833481317,5.122843971680266e-10
Aanchor_B,0.843076896853745,0.17761765873904414,41.811058272910635,5.122897760824363e-10
Aanchor_B,0.843076906853745,0.17761765873904414,41.81105829220099,5.122875101475787e-10
Aanchor_B,0.8476922710077667,0.18175967626009865,41.81447675109137,4.653734421484006e-10
Aanchor_B,0.8476922810077667,0.18175967626009865,41.81447680466498,4.6537344987578397e-10
Aanchor_B,0.8476922910077668,0.18175967626009865,41.81447682405029,4.6536691898453167e-10
Aanchor_B,0.8523076551617884,0.18587027656436275,41.8179792034204,4.173039895908427e-10
Aanchor_B,0.8523076651617885,0.18587027656436275,41.81797925760991,4.1729901734252054e-10
Aanchor_B,0.8523076751617885,0.18587027656436275,41.81797927680392,4.173008691874556e-10
Aanchor_B,0.8569230393158102,0.1897977874186863,41.821636547474505,3.671043704352797e-10
Aanchor_B,0.8569230493158102,0.1897977874186863,41.82163648805565,3.6710407877727023e-10
Aanchor_B,0.8569230593158103,0.1897977874186863,41.82163650693879,3.6710436586219626e-10
Aanchor_B,0.8615384234698319,0.19338139945097643,41.82560696693598,3.126118522941869e-10
Aanchor_B,0.8615384334698319,0.19338139945097643,41.825607018923996,3.126135697035708e-10
Aanchor_B,0.861538443469832,0.19338139945097643,41.825607038009956,3.1261257251183215e-10
Aanchor_B,0.8661538076238536,0.1974551685089097,41.82902005636714,2.6576952438191034e-10
Aanchor_B,0.8661538176238537,0.1974551685089097,41.829020111085434,2.657705303836067e-10
Aanchor_B,0.8661538276238537,0.1974551685089097,41.82902012934275,2.6577081762016585e-10
Aanchor_B,0.8707691917778754,0.20001608595559411,41.83406174498035,1.9657524680486456e-10
Aanchor_B,0.8707692017778754,0.20001608595559411,41.834061795683375,1.9657897253869973e-10
Aanchor_B,0.8707692117778755,0.20001608595559411,41.834061814694586,1.965745346410168e-10
Aanchor_B,0.8753845759318971,0.2042471884034093,41.837230880197374,1.5308100353924844e-10
Aanchor_B,0.8753845859318972,0.2042471884034093,41.837230824598784,1.5308472921388808e-10
Aanchor_B,0.8753845959318972,0.2042471884034093,41.837230842444384,1.5308014086079507e-10
Aanchor_B,0.8799999600859189,0.2070153174850006,41.84180705654686,9.027424066851942e-11
Aanchor_B,0.8799999700859189,0.2070153174850006,41.84180710600337,9.027726080510685e-11
Aanchor_B,0.879999980085919,0.2070153174850006,41.84180712398646,9.027582400039306e-11
Aanchor_B,0.8846153442399406,0.20983090906945262,41.846383642324376,2.7463725992231152e-11
Aanchor_B,0.8846153542399406,0.20983090906945262,41.84638369244355,2.7466893404281167e-11
Aanchor_B,0.8846153642399407,0.20983090906945262,41.84638371034134,2.7467325447732687e-11
Aanchor_B,0.8892307283939623,0.2131661794905566,41.8502307802451,2.533626384771371e-11
Aanchor_B,0.8892307383939624,0.2131661794905566,41.850230722823284,2.5331936027795654e-11
Aanchor_B,0.8892307483939624,0.2131661794905566,41.85023074080959,2.533409988047243e-11
Aanchor_B,0.8938461125479841,0.21641340062938696,41.85423446388134,8.02818264639404e-11
Aanchor_B,0.8938461225479841,0.21641340062938696,41.8542345160184,8.028486194838763e-11
Aanchor_B,0.8938461325479842,0.21641340062938696,41.854234533396074,8.028211723565561e-11
Aanchor_B,0.8984614967020058,0.21871962132583328,41.85920962723608,1.485631926074782e-10
Aanchor_B,0.8984615067020059,0.21871962132583328,41.859209675639185,1.4856753440323372e-10
Aanchor_B,0.8984615167020059,0.21871962132583328,41.85920969305081,1.4856493112577929e-10
Aanchor_B,0.9030768808560276,0.2216408783723847,41.863382101026545,2.0583205922728722e-10
Aanchor_B,0.9030768908560276,0.2216408783723847,41.86338205082886,2.0583046147590043e-10
Aanchor_B,0.9030769008560277,0.2216408783723847,41.86338206731181,2.0582712782356884e-10
Aanchor_B,0.9076922650100493,0.2229580119978202,41.869256409253126,2.864519099042197e-10
Aanchor_B,0.9076922750100493,0.2229580119978202,41.86925645390101,2.864538039834748e-10
Aanchor_B,0.9076922850100494,0.2229580119978202,41.86925647076929,2.8644886536913673e-10
Aanchor_B,0.912307649164071,0.2248964253026976,41.8744831523662,3.5818859298752926e-10
Aanchor_B,0.9123076591640711,0.2248964253026976,41.874483199219824,3.581853954281484e-10
Aanchor_B,0.9123076691640711,0.2248964253026976,41.87448321618742,3.581880164677688e-10
Aanchor_B,0.9169230333180928,0.2274324728647195,41.87896129578081,4.196426076007404e-10
Aanchor_B,0.9169230433180928,0.2274324728647195,41.878961243361445,4.1964406145256333e-10
Aanchor_B,0.9169230533180929,0.2274324728647195,41.87896126008614,4.196475617872532e-10
Aanchor_B,0.9215384174721145,0.22989371760673596,41.88342572413576,4.809177164051725e-10
Aanchor_B,0.9215384274721146,0.22989371760673596,41.88342577274565,4.809171358634556e-10
Aanchor_B,0.9215384374721146,0.22989371760673596,41.88342578906174,4.809175763230992e-10
Aanchor_B,0.9261538016261363,0.23141037302705056,41.88895875911763,5.568556541210913e-10
Aanchor_B,0.9261538116261363,0.23141037302705056,41.88895880492637,5.568556627374048e-10
Aanchor_B,0.9261538216261364,0.23141037302705056,41.88895882116187,5.568578596184351e-10
Aanchor_B,0.930769185780158,0.23375838136948454,41.89334740817012,6.170855475918769e-10
Aanchor_B,0.930769195780158,0.23375838136948454,41.89334745401053,6.170899529049239e-10
Aanchor_B,0.9307692057801581,0.23375838136948454,41.89334746954902,6.170886370249601e-10
Aanchor_B,0.9353845699341797,0.234744613158135,41.899225272771815,6.977567101853746e-10
Aanchor_B,0.9353845799341798,0.234744613158135,41.899225220809186,6.977556707196389e-10
Aanchor_B,0.9353845899341798,0.234744613158135,41.89922523683887,6.977569954926066e-10
Aanchor_B,0.9399999540882015,0.23708255332623723,41.90353015161549,7.568416738991362e-10
Aanchor_B,0.9399999640882015,0.23708255332623723,41.90353019898329,7.56838450203903e-10
Aanchor_B,0.9399999740882016,0.23708255332623723,41.903530214222556,7.568418361252176e-10
Aanchor_B,0.9446153382422232,0.23800551301322653,41.90935451199293,8.367772198406125e-10
Aanchor_B,0.9446153482422233,0.23800551301322653,41.90935455400688,8.367750233673329e-10
Aanchor_B,0.9446153582422233,0.23800551301322653,41.909354569567164,8.367775308977935e-10
Aanchor_B,0.949230722396245,0.2395645984536925,41.91447846994128,9.071026945090125e-10
Aanchor_B,0.949230732396245,0.2395645984536925,41.91447842326678,9.071006149426749e-10
Aanchor_B,0.949230742396245,0.2395645984536925,41.9144784383369,9.071032737337865e-10
Aanchor_B,0.9538461065502667,0.24032203059794702,41.9204421617414,9.889464734108573e-10
Aanchor_B,0.9538461165502667,0.24032203059794702,41.92044220788184,9.889475212932542e-10
Aanchor_B,0.9538461265502668,0.24032203059794702,41.92044222195792,9.889488548308256e-10
Aanchor_B,0.9584614907042884,0.24045563882987175,41.92677751176637,1.0758998343034349e-09
Aanchor_B,0.9584615007042885,0.24045563882987175,41.926777549863424,1.0758956979050773e-09
Aanchor_B,0.9584615107042885,0.24045563882987175,41.92677756449282,1.075899551889242e-09
Aanchor_B,0.9630768748583102,0.24171719469426622,41.93186654897015,1.145741210381277e-09
Aanchor_B,0.9630768848583102,0.24171719469426622,41.93186650210089,1.1457425333533992e-09
Aanchor_B,0.9630768948583103,0.24171719469426622,41.9318665167872,1.1457417966833556e-09
Aanchor_B,0.9676922590123319,0.24313859109769798,41.936768365706385,1.213015922411061e-09
Aanchor_B,0.967692269012332,0.24313859109769798,41.936768410674745,1.2130169827057746e-09
Aanchor_B,0.967692279012332,0.24313859109769798,41.93676842451836,1.2130169867790808e-09
Aanchor_B,0.9723076431663537,0.24324689855346837,41.94302797322522,1.2989246583467633e-09
Aanchor_B,0.9723076531663537,0.24324689855346837,41.94302801135326,1.298930622126321e-09
Aanchor_B,0.9723076631663538,0.24324689855346837,41.943028025391186,1.2989297338665483e-09
Aanchor_B,0.9769230273203754,0.24355030676952644,41.94911573585578,1.3824796975480448e-09
Aanchor_B,0.9769230373203754,0.24355030676952644,41.9491157757573,1.3824762819000917e-09
Aanchor_B,0.9769230473203755,0.24355030676952644,41.949115789056215,1.3824777783896975e-09
Aanchor_B,0.9815384114743971,0.24373325463973955,41.955023356870086,1.4635573135070161e-09
Aanchor_B,0.9815384214743972,0.24373325463973955,41.95502331426254,1.4635559615540933e-09
Aanchor_B,0.9815384314743972,0.24373325463973955,41.95502332761562,1.463554771149943e-09
Aanchor_B,0.9861537956284189,0.2434267631691509,41.96160502355937,1.5538877479852368e-09
Aanchor_B,0.9861538056284189,0.2434267631691509,41.96160506178186,1.5538882009895747e-09
Aanchor_B,0.986153815628419,0.2434267631691509,41.961605074874534,1.5538880582999812e-09
