row_index_0based,CID,IDSURVEY,ALPHAEVOL__variance_mag2,BETAEVOL__variance_mag2,BS21__variance_mag2,CALSPEC__variance_mag2,CAL_SALT3__variance_mag2,CCPRIOR_H11__variance_mag2,COLORLAW__variance_mag2,EFF_ZSPEC__variance_mag2,FIXED_AB__variance_mag2,GAMMAEVOL__variance_mag2,INTRSC_COLOR__variance_mag2,MASSLOC__variance_mag2,MWEBV__variance_mag2,P24a__variance_mag2,P24b__variance_mag2,P24c__variance_mag2,SCONE__variance_mag2,SIGINT_MODEL__variance_mag2,SNIRF__variance_mag2,SNN__variance_mag2,SVAHOST__variance_mag2,VPEC__variance_mag2,W22__variance_mag2,ZSHIFT__variance_mag2
0,Gaia16agf,150,3.994418604738592e-05,2.611329600524931e-05,0.00043430678003342216,1.0433577740408262e-05,0.00018247144317350833,3.040278050078782e-07,2.3069572755468615e-05,6.071373688625037e-06,1.3459483609867817e-06,1.9184829524530878e-05,0.0008737942188876413,6.568584512284259e-07,2.9248117569130594e-06,6.0373827080101305e-05,0.00014161006957040534,0.00010261742218307252,2.281158936606742e-06,4.7637801035144145e-07,6.150429669053714e-06,4.411661631724406e-06,7.572727266022539e-07,0.0008900013589116032,0.00033489159811990465,1.7373143710606997e-05
1,2003it,63,0.0001042430200108406,4.326606963863527e-06,0.00014737813896580076,3.2496615468002865e-10,8.446447115820904e-05,1.2101284716445337e-06,7.700914370325357e-06,8.437413459919108e-08,7.40027126789472e-07,2.8196209032712444e-05,0.0010569002292175958,1.3321570103159291e-05,6.310563185202289e-08,1.3012719359342673e-07,9.301578076936767e-06,2.8516077907509568e-05,6.0007216853529e-06,6.761516346820429e-10,3.34942162491525e-07,1.0755370910227324e-05,1.497693599684935e-05,0.00011000007670632778,9.024898757591451e-05,9.266271768382933e-06
2,2007cq,64,1.2089344901961008e-06,1.0192920246940296e-06,2.4999855442391777e-05,5.198080288596613e-06,0.00017749044865664199,1.0202250532512225e-06,1.9026302714771764e-05,1.329185048769277e-06,4.479562823248018e-07,1.874886917645202e-05,0.00022620074913000734,8.363865036664642e-08,7.218796128881377e-07,6.554293772095821e-07,4.883765038595639e-06,0.0003833759042074711,2.2791026812914172e-06,5.929601040177701e-07,2.92320934126844e-06,5.5382395957037645e-06,1.1529678633354079e-07,0.00028999918686887713,1.8662185470461057e-05,1.2361350888848155e-05
3,AT2017cfc,150,2.097598958993377e-05,2.1106192748046593e-07,7.744068838008711e-05,7.060049414062824e-07,0.0001620698933333907,1.5952790595984145e-07,5.336719616166885e-06,1.3851113678936544e-07,9.601568802548172e-07,3.10247494673295e-05,0.0005953610609744191,1.780831273949686e-05,2.713725962694147e-10,1.675583551994514e-07,1.7961631869276018e-06,1.1765153274988574e-05,1.1028751067537756e-06,2.8560187141611626e-06,9.222648996078803e-07,2.3169043908057713e-06,7.399238031155497e-06,0.0006300009361944643,9.023896806476667e-07,1.016324119741327e-05
4,2007sw,65,3.803447908630464e-06,2.3231306448403405e-05,0.00018468720228946925,5.2443598595637575e-06,8.365971868390734e-05,4.668834607118866e-09,7.354008567730941e-08,1.7055704682224226e-06,2.19045647673749e-06,3.102440265639536e-05,0.00041534377361246086,2.6625078162475363e-05,1.9430487531446605e-08,1.624084893592226e-05,0.00020880243077244995,0.00026666971406125173,6.562591874266499e-07,3.6099922241690507e-06,1.755718563177175e-05,1.7571862521194304e-06,1.190344022953399e-05,0.00010999913511931109,0.0002007891674314713,1.319070740331968e-05
5,2002he,63,6.955546974193177e-05,1.9888426399383707e-06,0.0004305627772450988,3.249661234550061e-10,8.892523263613963e-05,4.754668429720471e-07,2.1353036705907408e-06,1.5930382524405318e-07,1.5385455444782287e-06,3.069122681546507e-05,0.00040441282323274395,1.3838082031703003e-05,1.1875937333920283e-06,2.2509422039837523e-08,0.0001729231761132665,4.070470562061827e-05,1.7417564381495138e-06,1.9327184411707665e-06,3.7146737501270177e-07,3.464304569798099e-06,6.299583325524577e-06,2.0000233557833716e-05,1.613792959726662e-06,8.480150809210552e-06
6,ASASSN-16bq,150,9.043971020930575e-05,2.4502546815310944e-05,0.000132020262934799,9.547273086864261e-08,0.00013536198867663413,3.83678344477445e-07,3.932497014523181e-06,7.479206467000954e-07,1.5246808722849114e-07,3.226168245899774e-05,0.0006723654358458415,1.1834067229677184e-05,1.9596607374623015e-06,8.294815565986977e-06,7.67289011454654e-06,0.00017056366861431006,5.472669637150707e-07,4.409802455650896e-06,5.90510451621562e-06,1.3290894944027742e-06,2.1610154248390134e-06,0.0006399994186675039,3.251189825172196e-07,6.492655730687066e-06
7,PS15ahs,150,1.1946245739163919e-08,2.0521287462492085e-05,2.959345871021181e-05,4.121186339883787e-06,0.0002751437804607137,4.3639945362418386e-07,4.162278034623365e-06,6.265543462061901e-07,6.1781430665819315e-12,1.6892046235013336e-05,0.0002053496499363136,9.07750648537764e-08,5.953743109462367e-06,1.8922888836302512e-05,8.299184385908605e-05,3.113667775205865e-05,2.3987886450284324e-07,3.920301729127065e-06,9.302766237891807e-06,2.346704480427411e-06,2.656643053633098e-06,0.0002499999303646784,0.0001661526458359864,1.0575534020288574e-05
8,PSNJ0153424,150,5.617502774220989e-06,3.492690674714374e-05,8.230617090654313e-10,3.027505346867715e-06,0.00018050815360213385,2.2088293531036252e-07,7.717341726144744e-06,1.2705476514773828e-06,2.2205839904469726e-06,2.88371428511687e-05,0.00011880971595260026,2.2183029532441e-05,8.45581163283482e-07,8.236101727732148e-06,2.3911993277479088e-05,0.00045411600241476724,3.459851097401684e-06,4.496269708186007e-07,1.4746062062750281e-05,6.466766023692505e-06,1.8317279087295274e-05,0.00016999965992380017,8.64299513460981e-06,1.241848424103631e-05
9,SN2017hn,150,1.640286805041323e-05,2.019265389792413e-07,0.00010060038669875912,4.9730949149146e-06,0.00017818325191131315,3.023978901763036e-07,8.595439884070272e-07,8.548031387584087e-07,6.719737644083484e-07,3.410518656407971e-05,0.00021403760849648436,2.7144997013459418e-05,1.0404782103297372e-06,4.515926475571509e-05,1.0890877234293397e-05,7.728126909975833e-06,3.031183643045776e-07,1.2531389578841062e-05,7.022226217257357e-06,6.643223893626482e-07,3.1692859997264206e-06,0.0004299993122098486,1.2745798694334398e-05,1.2055623961578985e-05
10,SN2017ms,150,1.2815600788779191e-05,3.721012855476859e-05,1.0812514687763564e-06,5.381933532319638e-06,0.00013099702032078227,3.9483798942169246e-08,2.135096623997329e-07,7.153265927963004e-07,1.9355746365065651e-07,1.536615496956252e-05,0.00018090261934668,3.5794599922978065e-10,1.0497581418168755e-05,1.86621962783573e-05,0.00011990170810572028,3.7635285834482224e-06,2.392802331465521e-07,1.0048491458356998e-05,9.48546273012163e-06,1.980687363550143e-06,6.401033580695145e-06,0.00023999946571342037,4.858109255251146e-05,1.1235317827739885e-05
11,2005M,64,2.7353214003478926e-05,6.786550412959946e-08,0.0002873028995386273,1.0433568358579615e-05,0.0005421116550416716,1.5212535159694895e-07,1.2658342884892815e-06,3.15928833917109e-06,6.240922367437007e-07,1.7388659261301925e-05,4.211989838349625e-05,2.3045513629013636e-07,2.8232762090268926e-06,3.0470633837331035e-05,2.6243025735145364e-08,6.804412061925391e-08,3.9752316877486593e-07,3.168387387078586e-06,9.666292474785898e-09,1.7511358493017826e-06,3.7300580222124347e-07,7.999995755314168e-05,0.0008369446972242289,1.4440672850783015e-05
12,SN2017mf,150,1.4391985376088767e-06,1.930929047835872e-07,5.285282735059335e-05,2.015928907674047e-06,0.00013762834393720065,1.3222017231084848e-11,6.386251263576503e-08,3.1140346379125716e-07,7.386105910500707e-07,3.214771798966051e-05,0.0060140018211937,2.1251280175852913e-05,1.039281747446108e-06,2.559151191627862e-06,1.3838008352490966e-05,3.0469366488022204e-05,1.7548818441806557e-07,5.855694614304366e-06,2.591017395716516e-06,6.427599928676003e-07,5.522101292404144e-06,3.999923502974283e-05,7.219798396507909e-07,9.683697188582821e-06
13,2005ms,64,4.839891665851803e-06,6.916897179506942e-06,2.948419303113424e-05,3.1319991686297455e-06,2.890460186557621e-05,2.807734661193495e-07,2.3615232246261553e-07,2.0201164381214443e-07,4.2186373417317513e-07,3.504592476276207e-05,0.002777289883023816,2.3716526595761803e-05,2.806670832324748e-07,1.5053922392892216e-05,6.83923061367709e-05,0.00010795158425924885,8.096644581057771e-07,1.5920116564340642e-05,8.096983942391944e-07,1.1418487643032743e-06,9.212580835641498e-07,2.9999500680943925e-05,4.07953990642744e-06,1.0316845306012484e-05
14,ASASSN-15mf,150,2.2752731006834073e-05,8.294375302232704e-06,7.361622089907364e-05,2.5036442917285295e-07,0.00025020210923007956,5.2806266265942314e-08,2.8932851034151746e-06,1.2075147192910918e-07,6.724067584742976e-07,3.2490072745623363e-05,0.0005669167925040509,1.6483960624672986e-05,3.974636273544607e-07,2.190565639242914e-06,3.8688291813292544e-05,7.885489978730516e-05,1.1588764798481366e-07,6.5538415339704e-06,3.3636977380367694e-07,4.107750184931258e-07,2.6902755840638864e-06,7.99998430845994e-05,6.002641337607764e-06,7.054327481274131e-06
15,ASASSN-17at,150,7.327386290139487e-05,9.060751764645297e-06,0.00010383721523313932,1.70017628881719e-08,0.00020708062477596025,3.973311998965723e-07,2.3326386474759042e-06,3.4016357124307117e-07,8.291217461191963e-07,3.124799448757376e-05,0.0008970028008455731,1.3105471574218278e-05,3.423074327150999e-06,2.2753051787184272e-05,1.1765902372527781e-05,0.00022111681548725969,1.0204990185357088e-06,3.133284317150334e-06,1.9328907985734223e-06,2.1682152411099664e-06,4.040655834281273e-06,0.0005299999266649841,2.766811039112138e-05,6.250149925167078e-06
16,2007co,64,5.194072996428378e-07,1.528937069234307e-05,0.00013363427328419095,4.082014327194683e-06,3.053072308996027e-05,2.962220970251228e-08,1.1432564667207545e-05,1.0179047669339747e-06,1.5636052694660563e-06,3.0251280826613935e-05,0.0212197538819536,2.313700091936821e-05,1.7556300862607566e-05,4.9422558944828276e-05,1.6948361094420994e-07,0.00018687021056762107,1.233450067524705e-06,2.46488191565572e-06,1.0692950542356278e-05,2.656608958293699e-06,1.1903140900142856e-05,0.00018000043596909723,3.0692456897737225e-05,1.0629124201185641e-05
17,2007su,65,1.2604598214234486e-05,0.00016951892414545505,0.0010738752230192786,1.5524588565414554e-05,6.646339430098347e-05,1.716900346115935e-06,2.269589941820277e-05,1.064179331852072e-05,8.673365590738946e-07,2.332865448262389e-05,0.030248172349692758,6.904635629148559e-07,3.9714182799299724e-07,0.00044268344998792813,0.00020050437092359458,0.00014520065272616983,1.4518291268646177e-05,4.325512347448657e-06,3.0471046036685545e-05,2.3320629254058867e-05,1.4287959161800312e-05,0.0,0.0012054805823855722,1.5936051673978713e-05
18,ASASSN-15fa,150,1.3467914041078582e-05,2.862165157628896e-05,2.4305176422136088e-05,6.863090604138089e-06,0.00022304911821157888,5.178137553463191e-08,8.098536180556337e-07,2.245959989492091e-06,2.3091584434621615e-06,3.102473336134143e-05,0.00012791631495160868,2.894332000995606e-05,8.284053750855225e-07,1.4160310500520301e-06,2.1158812837197144e-05,0.00031684007245457585,3.7122976206255265e-07,4.494343026881925e-06,2.2943969750756354e-05,1.328809543912901e-06,1.1901231675104373e-05,0.0008699986583176646,6.501382866369587e-06,5.088428358310942e-06
19,2005na,64,6.553083750835548e-06,2.7457546100251654e-05,4.8441524042741255e-05,8.649289927834675e-07,0.0002144405451392755,2.5424380944299996e-08,1.7188971126350788e-05,1.9997350856650054e-07,2.0243297994305964e-07,3.4691600034785636e-05,0.00022952209503586743,1.7807776842959644e-05,1.8460119961469235e-07,2.8554985091241297e-06,4.08319928768483e-05,3.2034995997140894e-05,3.7145923310714923e-07,1.3541784339588664e-05,1.4636843808403521e-06,3.671566794292286e-07,3.719316670151157e-07,0.00019999967974218373,1.5373204030506848e-06,6.948319849807774e-06
20,2005eq,64,4.6513346479861925e-05,6.083544913694505e-07,0.00010140600481984771,6.916583524946285e-06,0.00018622673488779412,7.222992041370363e-07,3.504046594871718e-06,1.3435861727882636e-06,7.224189792105762e-07,3.469210737596512e-05,8.299183074966625e-05,3.08021898776413e-05,9.364671838946875e-06,2.3724152467992365e-06,1.690883903848056e-06,6.970114472190647e-06,1.0206378429685609e-06,1.640309831735416e-05,1.1290666045059988e-05,1.7527609631213387e-06,2.495935133711713e-06,0.00012999994300951466,5.775976327932267e-05,1.1370664469798758e-05
21,2003U,63,0.0001674440304539858,1.3032683184782679e-05,0.0001545045590580392,8.283401961885206e-07,4.64634896972585e-05,1.166587005625025e-06,1.3615888561149814e-06,9.060666051885491e-07,5.193809877804267e-07,2.9702517531586536e-05,0.00098219542843226,9.548171620080842e-06,5.953179194641278e-06,2.3911722914760764e-05,0.00010465221476631606,0.00014762273970247639,2.8897863336811713e-06,9.800262227542544e-07,6.451461714039597e-06,5.535209846786737e-06,5.244400669266597e-06,0.0004400000822467158,0.00010983098946857478,5.017654096366869e-06
22,2009ad,65,2.9132282454782943e-07,9.922726458852157e-06,3.5999701591581806e-05,2.073229994540779e-06,6.50499295305057e-05,1.36908504986058e-07,1.0989063222926337e-05,1.0399243306757899e-07,7.746007000854205e-07,3.433938415566863e-05,0.00041616015092557114,2.1622698577776142e-05,1.9891305411412485e-05,1.9096916421872112e-05,3.26039213342736e-05,9.273670744063336e-05,5.043258318772337e-07,1.4288518226143743e-05,1.0857266787706044e-07,6.826419011070339e-07,9.215848153654865e-07,0.0009299995727775658,1.4976871751162454e-05,8.042593034118112e-06
23,2008ar,65,2.207692529586358e-07,5.8562600150826455e-06,3.956399047335725e-05,1.9877223980772907e-06,0.00011894690236891395,5.2394538131717017e-08,6.801222435376397e-07,1.1232608489522566e-07,4.2233257455288886e-07,3.363963591952908e-05,0.00047567607462434096,2.0884815746535085e-05,3.211320681595353e-08,1.8147437863026694e-05,3.2717963083510326e-05,0.00011685571775525011,1.3631697931212883e-07,1.128935510080406e-05,2.2065655748935986e-07,2.0481537505584457e-07,1.7419159024315706e-06,0.00222999935235893,1.7892639086230372e-05,7.884802005015887e-06
24,AT2017ns,150,1.583958508225361e-05,0.00016899942652304906,9.797371535377741e-07,8.526543549648019e-06,0.00012696473786679568,1.1441065574865905e-06,2.4354116533009673e-05,3.616310497684544e-06,5.953537665942532e-06,2.4207263576759425e-05,0.0002253005298725845,0.0011002492424837425,2.4011276142096166e-05,0.0001692622263234217,1.017584733218127e-05,0.005148063566004852,1.4289992187176831e-05,2.6890045142988206e-06,4.529224645324209e-05,2.4273824463464516e-05,4.6514119204470183e-05,4.000108775260164e-05,0.00018659757960306014,1.1780513885333022e-05
25,2004gs,5,0.00010261514831471155,7.039125666386328e-05,1.600002220526406e-05,1.463270852049281e-06,0.0003131636341023765,2.190883066240795e-06,2.4974674278435693e-06,7.690346371068413e-07,4.161757609710132e-06,2.450230142749671e-05,0.00027889083725777045,1.5364931207288712e-05,9.601397912353815e-07,9.043870035954985e-05,6.603001005075354e-06,0.002693609783576585,1.5132422180631766e-05,2.923965284073321e-06,1.183229875318867e-05,2.5723256529157357e-05,3.564101917496315e-05,0.0011899989196429046,1.848809340064539e-05,8.156357638330891e-06
26,SN2017ckx,150,5.3143177760318905e-05,7.452152199858425e-06,4.69225525640167e-05,6.759907113684793e-06,0.00011268086478554915,6.240066004470357e-07,9.046907799153958e-07,2.0747244326019265e-06,1.6385573155981714e-06,3.364027922201848e-05,0.00024932372300731295,3.23761445254131e-05,2.045073690171151e-06,6.708251313672364e-06,8.352028171839526e-06,1.1443616440981463e-06,4.226567341981957e-07,1.3103578962794793e-05,1.8748021835730128e-05,1.0679231568257175e-06,4.752187785915518e-06,0.00018999911771190245,5.0268219218576465e-05,1.1888275910091478e-05
27,2007is,65,2.2495929025839745e-08,7.044283953268338e-07,3.492800565293476e-05,1.9881738422093675e-06,0.0006640795477351521,4.307800863766198e-08,8.98684926892157e-08,2.5896320083630686e-07,1.4157186350866047e-06,3.2947834177395746e-05,0.0004857616017462773,2.2184320652048062e-05,2.4910071914387155e-07,2.0451086153207287e-06,9.363560164272686e-06,5.1695404248272916e-05,1.6869591919557725e-08,9.364027361595181e-06,1.6887873158216021e-06,1.6787966191159076e-07,3.1682932225968186e-06,0.008830000677697585,4.045000011015411e-05,8.178634543628757e-06
28,2006qo,64,1.2603702368933767e-05,0.0001567505266570901,0.00015926574430743384,1.4747069719697747e-05,3.379468444275613e-05,4.072468910015781e-08,5.199674276354371e-07,5.768332174603541e-06,2.2798598606418863e-06,2.6936041662810328e-05,7.452624602707902e-06,3.21500337189598e-05,5.906479499398487e-06,0.0006906399524898646,0.00012927811341700152,0.009473131439743744,5.108149008864471e-06,1.5466909815409213e-08,6.416005870951702e-05,9.515899585588183e-06,3.4106667623261255e-05,0.0002499997509335314,9.880353753039667e-05,1.4108184989584938e-05
29,ASASSN-15la,150,2.2562388032394687e-05,1.2179951970385516e-05,2.450209258372804e-05,2.103144059135975e-06,0.0002118781918843092,3.478265501351274e-07,8.646779379103964e-07,4.4702973263366363e-07,1.6130877415025668e-06,2.8730170329924892e-05,0.0005793645278589568,1.874908685110116e-05,1.1020870333069976e-06,1.4430055040801082e-07,7.566013595292076e-07,6.0684115340773476e-05,3.1689447545085736e-06,6.404127958596628e-07,5.243855721707297e-06,5.8701546747849664e-06,1.4062501513235903e-05,0.00016999973898549833,3.1331357423433626e-06,7.6171675661776406e-06
30,PS16cvc,150,2.6010209035311552e-05,1.9359769981712113e-05,2.1808580842922268e-05,8.066067015930281e-06,0.00019889747977953204,1.4175598221297103e-08,1.8662593190447302e-05,1.3734433317695582e-06,6.231298991209167e-08,1.5209984152581013e-05,0.00015400810613424958,7.837717536443578e-08,3.2401164828908813e-06,4.0449424278592855e-05,3.7331904941961466e-05,6.256854634150398e-05,1.7658649379900804e-07,9.302346608926551e-06,4.080135145160743e-06,1.6326000001985058e-06,4.6652657032311695e-06,7.000019771233844e-05,2.4502277972893866e-05,9.338972479370697e-06
31,2003ch,63,3.757711846844383e-05,5.759567359884046e-06,4.7196691382504416e-05,1.2073343725813035e-08,9.151709101958873e-05,1.6863206405218212e-07,5.364257092143471e-06,1.443230057945194e-07,5.324222468634787e-07,3.1360338187270964e-05,0.0005716885591501228,1.5366198919989152e-05,3.6022463771254176e-07,1.528797989632652e-05,2.303968165368736e-05,5.624983586299641e-05,4.89269230649278e-07,4.536750627288921e-06,4.2257418763139154e-07,1.1694868452798851e-06,3.7641203538569395e-06,0.0017300005294568696,1.2041025987886284e-05,6.0520892810837085e-06
32,ASASSN-16ay,150,3.9814958968261566e-05,0.00022052229080363195,0.0002876415452463636,1.9096227560761597e-05,0.00016692074543784782,2.974956045398436e-11,7.303348017684286e-06,8.429027652984838e-06,5.710000491834788e-06,2.662481479531742e-05,4.536185774711016e-06,3.708520313505659e-05,2.097434227621431e-05,1.5054609218044523e-05,0.0002064946484151703,0.01477683263162459,5.196002397987037e-06,2.0707140585551898e-09,9.254466372530037e-05,9.802540804574461e-06,3.994158382010157e-05,0.0002699994041084515,6.348554296337766e-06,1.555303153730203e-05
33,PSNJ0859349,150,3.445680230867651e-05,1.0049127062455865e-05,3.0470165710397984e-05,8.829116823899641e-07,0.00013842533415924646,5.039246617141724e-07,1.4903804698741807e-06,3.1953403715340167e-07,1.9315289129760715e-06,2.8409046540115585e-05,0.01129118960702341,1.74727168489007e-05,1.12368675103669e-06,2.0157024124591028e-06,4.2268291591471274e-07,2.5602982695178272e-05,3.6866680587291367e-06,4.2217709609118637e-07,3.6866111772573817e-06,6.713990715966067e-06,1.4212898364975718e-05,0.0009300000521762324,1.6160617246300385e-05,7.2466638233771585e-06
34,ASASSN-16fs,150,5.155214414524767e-05,7.951889265453774e-06,6.642254990098587e-05,3.5420390162577142e-09,0.00018197742334740558,2.4000155770739773e-07,2.9445254050956826e-06,2.2957134621949538e-07,6.715927351168965e-07,3.124746481017113e-05,0.0007529536095016807,1.428844586637626e-05,1.9873678588685356e-06,5.953817505699802e-06,1.4062253261325555e-05,0.0001390037564469402,6.399540777805163e-07,4.040307815986535e-06,1.101827909638295e-06,1.4646612093230371e-06,3.6861454333972365e-06,0.00021999975346554887,2.5282433026609097e-06,5.198147079443771e-06
35,ASASSN-16aj,150,0.00012210300336028615,4.7966556425763085e-06,0.0001459269489670397,1.1590562586788478e-07,0.0001314934930183049,9.216460652942265e-07,3.909363846543029e-06,4.296915364250531e-07,3.492699544686839e-07,2.9376993502940735e-05,0.000876752582850835,1.1290512740486092e-05,3.649135297807346e-06,3.8544200699555664e-07,1.9537532952087003e-05,0.00013018875803725086,2.7897258436122147e-06,1.0003681767678518e-06,2.3418586606611252e-06,5.3344676448959655e-06,6.503069506160961e-06,0.00098000010755361,0.00020996063550176962,4.7178250867589006e-06
36,ASASSN-16br,150,1.3838918535258662e-05,1.3003986153604236e-06,4.264167471845076e-05,7.398789822666077e-06,0.00021149984021891916,2.1216292491257893e-07,8.615548046555545e-05,2.219817159712645e-06,4.904771863014495e-07,1.6810236364635245e-05,6.674978558886269e-05,6.761677250055609e-08,7.076036875827002e-06,1.1022345297496614e-05,9.547782575449262e-06,5.867633141031642e-05,3.368634115714919e-07,3.4225017806720215e-06,6.733383753291383e-07,1.8848181636988565e-06,8.284743192275845e-07,0.0012000005037321147,0.00013806222792406633,9.83525078942539e-06
37,AT2017zd,150,1.8220405544871338e-06,1.8223688518208964e-06,7.656209157381154e-05,6.501644449118105e-06,0.00017358255445197243,5.037812637054273e-07,2.054715862352674e-05,1.650702559131273e-06,2.471257053160425e-11,1.7389219669114095e-05,0.006854186024945428,8.053784791850482e-10,1.5127633626200315e-06,1.1664703080359329e-06,1.5140142390832056e-07,0.00010465224690339898,9.594835751938063e-07,1.931702961015941e-06,1.9321526725530475e-06,3.136467219151326e-06,5.322064003353277e-07,0.002530000035431733,0.00039561168777413683,8.880403826339728e-06
38,ATLAS17ajn,150,0.00011449056899063767,6.0217607409769613e-05,4.435612322204602e-05,7.57267264679673e-07,0.00019657410196613143,3.6039611146093664e-07,1.2830768225783468e-05,1.7173401868422755e-06,5.774838077871047e-08,3.249051434853906e-05,0.0006240010599241896,6.1503171171033155e-06,1.2289302150220172e-07,4.326850086777689e-06,9.000764143608092e-06,1.624158685799293e-05,1.22922121339325e-07,6.812187726096958e-06,1.5920587515125956e-05,4.5762526554304905e-07,4.2277803527501767e-07,0.0006300006276230598,5.040998558777238e-05,3.298347007334862e-06
39,Gaia16bba,150,2.131885550425358e-06,3.2039270495432676e-06,4.816337060483018e-05,5.807740829005814e-06,0.000259584385974055,4.617773972214606e-07,6.890612189088333e-06,1.515667245991642e-06,1.3814442543017003e-08,1.7139655205158574e-05,0.00012343150557826178,8.053784583683665e-10,2.4963992261133744e-06,9.80305917911914e-07,4.88379356459491e-06,9.9003007571586e-05,7.392140223393823e-07,2.371078497117804e-06,2.4644384982661083e-06,2.7677552446748327e-06,7.926083933889466e-07,9.999997776757343e-05,0.0003545689052807631,8.294778543100484e-06
40,2004ef,64,6.225221552554061e-05,1.12896303050454e-05,3.572230259134973e-06,8.643331539139043e-07,0.0002877132775416548,8.827266199974704e-07,4.2348482031905055e-06,2.0783261700865752e-07,1.5623891526268807e-06,2.7561709801907086e-05,0.0006056515672292449,1.568099624847663e-05,2.0174881605605766e-07,2.203571760894807e-07,2.044790399970825e-06,4.65115139131507e-05,5.475708003545993e-06,2.290743039007337e-08,2.591202897448547e-06,9.777156378169838e-06,1.648394563909597e-05,0.0009999993163533547,9.273624791562851e-05,6.532429611811469e-06
41,ASASSN-15nq,150,2.7224276559385807e-06,2.7772763716909718e-05,5.1265281099185586e-05,7.396914153030842e-07,0.00015382887672104988,6.755894399121387e-08,3.1967048692727734e-06,1.6637316808607028e-07,1.5212258731335526e-07,3.4574173957049176e-05,0.00020707207744606604,1.8662256135757588e-05,2.601274027951017e-07,4.284521795369298e-06,2.420623489663397e-05,5.2272982923486436e-05,6.241400598034491e-07,1.5131749938628383e-05,1.1232892400073885e-06,7.113808216940853e-07,2.4011377087150565e-07,0.0009600001541328687,5.980325706866907e-09,5.721355418207216e-06
42,AT2017lm,150,1.568168906369155e-05,2.8083863780337115e-07,0.0002458618664521149,8.065175015808945e-06,0.0001534316366101178,2.802985605218633e-07,1.470000513111372e-05,2.949724012820537e-06,3.251148010877114e-07,1.7305873985875436e-05,5.290422598190625e-06,1.293428712190181e-07,5.93193900614436e-07,7.849951757303922e-05,4.356204080062376e-07,1.7977794687009524e-05,8.282100391471259e-07,2.0733697042099597e-06,3.9537619705987126e-11,2.573198874779997e-06,1.4458522326968315e-07,0.0002199994047136257,0.0001542561777780893,1.0420129272690343e-05
43,ASASSN-16fo,150,8.584654968512434e-06,3.058062071501118e-05,7.832258911035818e-05,1.7689282115450344e-06,0.00015308722589229065,6.081995404545043e-07,7.83368152309713e-07,8.543697599568134e-08,4.622768134520533e-07,3.6481408175399396e-05,2.1902279754954304e-05,0.001099585836725531,3.618475603525684e-08,1.020282440587425e-06,7.157146021864735e-05,2.5502259371796773e-05,2.923873586710077e-06,2.460151305030099e-05,7.271015004667314e-08,4.080023080530598e-06,9.867192070356356e-09,0.0020399996876389274,8.065417737374014e-06,1.1492550209251523e-06
44,AT2016cyt,150,0.0001077448479312633,6.006313308429094e-05,6.084036517865592e-05,6.56781079081542e-07,0.00012025247518951745,3.1415767829875985e-07,1.4607768650875402e-05,1.6651512064029539e-06,5.302070598019182e-08,3.2604663545527865e-05,0.0005546025503638044,1.0240634035773438e-05,8.469637951483838e-07,8.762305814489016e-06,1.3250279617516014e-05,2.227873374911586e-05,8.427544101810569e-08,7.129276052286748e-06,1.5444932511352732e-05,3.680986849167317e-07,3.8482968566129483e-07,0.0010800002328704688,1.267401000486397e-05,3.284002311686532e-06
45,2006is,64,8.519291836951368e-05,2.3329000425467705e-05,0.00015599996285695604,1.218087682919311e-05,0.0005672607193235538,1.3705249131239217e-07,3.282653801752605e-07,2.035967700935934e-06,1.5276736198104046e-07,1.383921192169707e-05,0.003168565803327559,5.478581119582743e-07,1.0003052353935171e-06,5.7456757223718624e-05,6.416019915759207e-05,0.00010201090946815143,1.68986800564222e-06,1.6646521920049215e-05,1.960453902858511e-06,3.6964382137266716e-06,7.673824983574218e-06,0.0,0.0026163235962608344,9.835490171951344e-06
46,ASASSN-16hr,150,3.600081850475487e-05,2.401157708774304e-05,0.0008743869567937324,9.2412402549584e-06,0.00019145403817949144,3.1315290049266364e-07,7.768752182726185e-05,5.868551617972673e-06,1.488903934743907e-06,1.848982987202527e-05,0.0012859390550891484,6.098103211456263e-07,5.029562690009315e-07,0.00015202995326452431,3.684431390098275e-05,0.00038298570395622206,2.28064507530254e-06,4.6378711956313046e-07,5.616818108438587e-06,4.462792108365227e-06,7.059441899590069e-07,0.00038000188044621033,0.00015976997457107373,1.1506747914086235e-05
47,PS15cwx,150,5.8064387811028115e-05,2.970247473948681e-05,9.235231753116149e-05,2.624836306294731e-08,0.00022516158498032783,1.5995222268222475e-07,6.663471671487613e-05,6.482265102226992e-07,3.4864761935642086e-07,3.2149104961121805e-05,0.00046182082326873784,0.0011819848744349763,3.81925750682615e-05,1.8525099141318557e-07,3.180988316133122e-05,6.972300193507953e-05,9.048022356523966e-08,6.969804611121552e-06,5.476014844166613e-06,3.2994571861483246e-07,1.1881013011402763e-06,0.0016300001883208255,2.7890253200685278e-06,3.7022536212103635e-06
48,AT2017wb,150,4.8162510426254246e-05,4.448767270071041e-05,4.450677634958156e-06,1.1221430500481244e-05,0.00018535485344555597,3.132935306598972e-07,2.702522575358246e-06,7.467787175870211e-06,1.715454043649256e-06,1.89216436938186e-05,0.0008702504304179612,9.408935596269541e-07,2.8888632688656157e-06,9.485765889820363e-06,0.0002676487529683774,0.00023531432789007656,3.027277578449006e-06,1.6034807203552104e-07,1.1356603686382694e-05,5.4222264257164365e-06,1.7944658387905599e-06,0.00016999940299581434,0.0015880223280528225,1.2166363458528118e-05
49,2007bd,64,3.918810783497609e-05,2.9702886046898552e-05,2.6010012754247233e-05,1.0942159235464988e-07,0.00022539139078327913,6.271484285884366e-08,1.128230684583828e-06,5.043049636846431e-07,3.9707858964788123e-07,3.260398499640646e-05,0.0005978025147353582,1.421279375893314e-05,1.102751313994746e-06,3.3124413351213328e-06,3.9062271671488555e-05,7.276068301630308e-05,1.8018495671207058e-09,8.64406668189821e-06,4.284721603445632e-06,6.589730134828886e-08,8.649192821952312e-07,0.0003700005104434103,1.7686901999693083e-06,4.545870744431316e-06
50,2002hd,63,9.820803288726476e-05,4.408788656807411e-05,0.0003763595503187972,1.7388455082152643e-05,0.006339053182538246,7.225367745361533e-07,1.1858523740679305e-06,4.584116285601125e-06,1.6127445014169073e-06,3.20344590792887e-05,0.0007360353640705405,3.806808755121155e-05,8.064392042393675e-06,0.0002486912151928311,8.466607547587268e-06,0.0016321598157766695,7.116022440745162e-08,9.734343080138042e-06,4.422179403029691e-05,9.858718698768643e-07,1.030230481184613e-05,0.0,0.00023470204223983993,1.3132858533507208e-05
51,ASASSN-15hg,150,2.883741904535775e-05,0.0,7.12336401380749e-05,4.0989608797448174e-07,0.00022669973925924444,2.21067856416568e-07,5.760915941340622e-06,9.343833095101783e-08,9.41696333644354e-07,2.992157337721249e-05,0.000670809970518764,1.6810909338724894e-05,2.4027513052977956e-06,5.480198394421099e-07,2.0735360736975905e-06,3.398962090113422e-05,1.2552178346586507e-06,2.6251521224526786e-06,3.369044275190747e-07,2.5316489989171687e-06,7.076441205164374e-06,0.0005000006458871879,1.1454645485291237e-06,8.667409520903696e-06
52,ATLAS17axb,150,4.3986043784735585e-08,3.294706147101076e-05,7.452778498857199e-06,3.167969429588788e-06,0.00027384275232727497,3.9691020592251547e-07,3.293551372810302e-05,3.701861844354615e-07,2.1158535890714036e-07,1.5839640182554668e-05,0.0031494549454285266,1.519899577324263e-07,9.210657055461202e-07,1.8147169623181428e-05,2.9811389129556082e-05,1.2319860875025998e-05,7.296403463016854e-08,5.152627844857288e-06,1.3616011813745443e-05,2.1298636328249965e-06,4.120589208189002e-06,0.0015299999983146486,0.00012320963409916813,6.0315378628134075e-06
53,CSS160428,150,1.7724246826332155e-05,2.3106721622218745e-06,2.9484840586938357e-05,7.452660265631905e-06,0.0002124183797255052,1.4505742595809223e-07,3.1468757787089796e-07,2.1650364812660777e-06,9.816781965446553e-09,1.6241100178004952e-05,0.006577211857793544,9.63453634338085e-08,7.344005208425111e-06,3.0360266264274627e-05,2.3136124973238345e-05,4.984390116471657e-05,1.5262203995926316e-07,4.2852990332267055e-06,7.92673741950578e-07,1.5845413013984566e-06,1.2104149321474217e-06,0.00041000020139034775,0.0001440000758931581,8.785690421904413e-06
54,2007R,64,6.037256766320588e-05,5.329046433404962e-05,6.69126260096839e-05,4.0250590875937076e-08,5.244629758348156e-05,9.648117253908961e-08,4.003266650589449e-07,1.083432090249678e-06,9.62639684441019e-08,3.3062764548820456e-05,0.0005832228145875654,1.2320171109119621e-05,5.664470166588664e-06,3.4692229797591775e-05,3.6861357777372844e-06,3.226261175530258e-05,8.095139735625478e-09,9.734811736768906e-06,1.036869223799107e-05,8.701849352199531e-09,2.3034831178429804e-07,0.0,3.3872693527656206e-05,3.0273597394422924e-06
55,ASASSN-16oz,150,3.8316987816911646e-05,1.4640959556649208e-06,1.2887974601499819e-05,1.1356685134807087e-05,0.00018679488935770955,2.9765317096502875e-08,9.716514793403977e-06,2.747334849468458e-06,9.2261048214963e-07,1.5761680321517424e-05,0.00011902794314255435,3.022504565085987e-07,1.904973284770975e-06,5.7608997021505945e-05,2.992056576346311e-05,4.73341963670177e-05,6.393836930393415e-09,5.85663206971801e-06,1.2943937912311687e-07,1.1343187651079167e-06,1.4891667968856825e-06,9.000091870981289e-05,4.147450064208129e-05,9.168575760342551e-06
56,2006az,64,6.14656635491307e-05,3.5760849006121614e-05,3.624082141593862e-05,0.0,6.634985859843394e-05,1.4460436819664635e-07,2.7288892468987913e-07,7.985966562797098e-07,7.061577794679336e-07,3.237654811052981e-05,0.0007033109860374587,1.2745122371744452e-05,6.051663405889224e-06,3.375636537952115e-05,1.883606628210431e-05,6.691237116088211e-05,4.4142557768800383e-08,7.452960226774635e-06,6.917299403519719e-06,2.3142531003876587e-07,8.838608465538966e-07,7.000009988522918e-05,1.3616458278598378e-05,3.415100226791812e-06
57,2007ob,65,4.9273761409188155e-06,0.0002076483798237258,0.00016129073799021898,1.2460147653201026e-05,4.027586469788902e-05,9.21141302984152e-07,3.7441087223505365e-06,4.966400785316738e-06,4.409798069017479e-06,2.3523178786670484e-05,0.0004020018040830492,0.0010830671448826268,1.4593043155076979e-05,2.3710433605036996e-06,9.702188563941866e-05,0.008571056950455576,1.44389888027327e-05,2.8557213894303546e-06,6.037232318182456e-05,2.4600426526341646e-05,5.126480734080063e-05,0.0,1.8403993261674467e-05,9.783340872288049e-06
58,AT2017po,150,5.1726501554272275e-11,1.6810587585550443e-05,4.858075646405752e-05,1.1234444432985796e-06,0.000296216609018015,1.4468171616321968e-07,9.220125181917671e-08,8.531681280204984e-08,1.2547780517697255e-06,3.422333361013767e-05,0.0003090569669892615,2.0793676586663284e-05,1.3464184179055178e-06,6.0520629586880564e-06,6.256788578097236e-05,6.288522663215439e-05,7.222230333312624e-07,1.544468228189752e-05,4.473532444308759e-08,8.862964944629514e-07,4.763489270410287e-07,0.00036000014658359863,1.3020135364305574e-07,5.125927151379897e-06
59,2007ux,65,0.00017715632808294746,3.893803652972594e-05,2.6418561902764176e-05,1.1552955431898271e-07,0.0005558347625127767,2.957131168598165e-06,4.9537560340463804e-06,1.9193807017717224e-07,1.0617016440242488e-06,2.3912749065650718e-05,0.0002819047401270147,0.0011937022368772796,9.212373730041468e-07,2.0339572575911458e-05,2.1529467338649716e-05,0.0011812974002243723,1.6321844659661355e-05,3.4589359143022413e-06,3.348673424916765e-06,2.7854331440473057e-05,3.2035300592786475e-05,1.0000473504787055e-05,0.0007606564507182563,4.211543356457542e-06
60,ASASSN-15pr,150,9.610158174321037e-06,6.00216214803953e-06,0.00021199400862195045,2.7883790183237667e-06,0.0002849897445229496,1.322375452878638e-06,4.968022473170186e-06,6.482719325795472e-07,1.0249915037563451e-07,1.7808200259799428e-05,9.781194853725195e-05,3.486601600627415e-07,9.302060904856774e-06,1.918402611131298e-05,1.3542847349723441e-05,0.00012432231057289342,2.4341590516424594e-06,5.333906801241461e-07,7.728745970419365e-06,6.110754631343668e-06,3.7244855313409153e-07,0.0002599997258844605,0.00021199365293626468,5.664111346580236e-06
61,2004gc,5,1.2532215040054334e-05,3.1359922741659024e-05,1.1833516681557937e-05,3.169012696247614e-06,0.0002168992646624686,3.6057312634285577e-07,7.146992820298084e-05,1.0247387700439148e-06,2.0726339139479077e-06,2.7457235452589546e-05,0.0004464767657030057,2.0702275661112907e-05,5.7760661045149625e-05,1.4397752980989387e-06,6.349447065647634e-06,0.0010074277751430383,4.202484199921502e-06,2.2170895421294579e-07,1.2180007664040066e-05,7.66177025767964e-06,1.883590064435947e-05,0.0,7.021794696391442e-06,7.1616044077446595e-06
62,2008gl,65,4.9280404273191816e-05,7.236182343470926e-06,8.010219084773548e-05,1.297391376726964e-07,0.00011561906975891649,2.49967775076132e-07,1.1024687089373347e-06,2.0373659233817454e-07,6.237017725653493e-07,3.0580836146241325e-05,0.0005870930402710802,1.436376913365768e-05,2.073522621853785e-06,6.812242473031374e-06,3.757662127357869e-05,6.272635059166067e-05,6.725771350517273e-07,3.99985121340464e-06,9.603273111724597e-07,1.4929486403351955e-06,3.7636679547457114e-06,0.00012999993210099751,8.45978074880821e-07,4.177505014168678e-06
63,SN2016hpx,150,1.1560850009917356e-05,7.758745499773095e-07,8.873763123897968e-05,6.553810731448409e-06,0.0001629348068190907,2.499962218523166e-07,2.4435129245426596e-06,2.2309733462323733e-06,3.978294561869655e-07,1.6565012977949947e-05,3.956529251722407e-05,5.7664025136447417e-08,4.665593949437427e-06,1.1492467426999983e-05,5.154323223705015e-06,6.740556679372435e-05,4.63261579266086e-07,2.959161310102723e-06,5.787284197335957e-07,2.1246833098766127e-06,6.40378932763308e-07,0.0009100004263981089,0.0001572518436161116,8.738029159738314e-06
64,SN2017cii,150,2.7217217787103842e-06,2.4107751943799535e-05,7.240366509293772e-08,4.839120493413396e-06,0.00023254975604097144,2.115666237530872e-07,1.1839724990636569e-05,7.069878151175213e-07,3.5688373362444126e-08,1.5444116262856855e-05,0.00012320960804938948,1.9451243536000584e-08,1.848045426029732e-07,3.340777224090062e-05,0.00010241353432372848,1.8768435441091774e-06,7.838539622939678e-09,6.001924506796041e-06,8.702280983994073e-06,1.7799613143219123e-06,3.841263498453179e-06,0.00193999907872521,0.00022921905554843663,6.249562100013942e-06
65,2006te,64,8.437751133558158e-08,1.2887918630950443e-05,5.9136158854672036e-05,1.6130225545789995e-06,3.3929810218606e-05,1.0265396079359168e-07,1.2930419009179323e-06,8.528972561885895e-08,9.024649215393088e-07,3.364008922654427e-05,0.0003810302506995055,2.0611731675061057e-05,3.8451683397576486e-07,1.2960216126707905e-05,4.502413854809602e-05,8.686215834848715e-05,4.4896015199968886e-07,1.3913018809826039e-05,1.362521807185546e-09,5.577808567143461e-07,8.097583164678318e-07,0.00022999961813252416,1.2816114000221285e-05,5.401282248582509e-06
66,2004as,63,1.0810141366536519e-06,1.3764245276902398e-05,0.0010843847223986763,5.616808267449452e-06,3.600361574944769e-05,1.1043593706287769e-06,8.381070342247665e-07,3.64963497434187e-06,8.470200504248626e-07,1.9184153231831952e-05,0.0012909670588881345,2.3238868603753238e-08,8.586278430301048e-06,7.293087747967802e-05,8.643469105288487e-06,0.00017929266916687225,4.795551590289215e-06,5.175121518818937e-09,7.23380715644123e-07,8.869630995861355e-06,1.0014226747671884e-06,0.0013700020422614048,0.00017450399321544338,8.832842456223122e-06
67,ASASSN-16bc,150,1.892189339835603e-05,5.490812474700114e-05,0.00017768834179971403,2.131079062784799e-06,0.00011763315050793838,1.1230711454935857e-06,8.263104657206186e-07,9.473839099934794e-08,8.354456518602782e-08,3.7822218428360324e-05,4.536521664586825e-06,2.4206532358643854e-05,4.039589074403792e-06,1.840385520796798e-05,0.00012995958549583738,2.552898575435697e-08,5.8561993485414104e-06,3.375545390918791e-05,7.220533822351397e-07,8.422042183839004e-06,8.099542040743146e-07,0.0010099999544912874,6.0528134675585585e-05,5.702171206466329e-06
68,2008gp,5,2.0731315560022084e-06,4.198998604633408e-05,7.0755662916390655e-06,9.02330247300534e-07,0.0002303358334522776,1.222842593608109e-07,1.0909731687679114e-05,2.592325464602363e-07,6.721285762088802e-07,3.4809694205490196e-05,0.00022290479299536155,1.8318412309214355e-05,2.5603570827393077e-05,3.990049854234179e-08,7.37879884985821e-05,8.409963732134915e-06,1.231744033138027e-06,1.831830268014291e-05,2.527672276779816e-06,1.5206218988671194e-06,2.2086378437952137e-09,8.99999837274696e-05,3.648137938381049e-05,4.545279360175514e-06
69,2010ag,66,1.5054402138454936e-05,6.642216612256016e-05,0.00014328102108251278,9.98477397261971e-06,3.150056730836723e-05,8.14983656602375e-09,4.23255152266766e-07,3.546463655891563e-06,2.9572698326575664e-06,2.862123633588093e-05,1.0432536729696601e-05,3.057903817943117e-05,2.2195604147574877e-06,4.678584828817292e-05,1.7495491940952568e-07,0.0018181701403676767,1.4876499165664137e-06,1.9030273127433606e-06,3.782268887931803e-05,3.398948163275267e-06,1.918444426022084e-05,0.0004599983013849722,1.1863849038798446e-06,9.585874057430055e-06
70,2005iq,64,3.080256448073637e-05,5.069433328401367e-05,5.372894648437293e-05,5.242169939453922e-09,6.533126404015092e-05,5.1232691335861835e-09,4.721636395633305e-07,7.63595111519938e-07,1.2997785273395623e-06,3.36402325001265e-05,0.00024649031743631533,1.4288469488978398e-05,3.4598053372646848e-06,2.8088174293741663e-07,7.242012434540562e-05,3.091391554886115e-05,2.3057953569584344e-07,1.2673713662319716e-05,7.344044645932191e-06,1.601963337746759e-07,8.422117530118567e-08,0.0002499999522028191,1.568177115422384e-05,3.268973639803177e-06
71,PS15bsq,150,5.808109104755987e-06,1.3987365222413103e-05,5.1552327529513775e-05,2.073185502736441e-06,0.00018185237830118522,3.9661276676067336e-07,1.1923922522702815e-06,1.280183615356631e-07,9.60225157425193e-07,3.4691949731931876e-05,0.00022290416642445354,2.3521668322049917e-05,2.022499360218935e-07,3.458856892733439e-06,5.535303448630461e-05,8.063958448280891e-05,1.463455643833586e-06,1.90089137744728e-05,1.8423608988665102e-07,2.0438709654969564e-06,3.018597522922231e-07,0.00011999953906805666,9.402322830509222e-07,5.759750251517308e-06
72,2004L,63,1.5629707561040651e-06,7.378893543712878e-05,5.550247976451872e-05,5.66544211542952e-06,2.884540325702456e-05,2.616207651143232e-07,7.120025048643064e-07,2.425995861969621e-06,2.722219627437905e-06,2.6627085180801202e-05,0.03486436242360845,2.45042382855179e-05,5.478937478362034e-07,7.509163783704642e-06,5.7004117718847946e-05,0.0010666753401556567,5.245057284539167e-06,1.7954806703912585e-08,2.840966176631543e-05,9.590655283199523e-06,2.6010620843015808e-05,0.0014000010644615105,0.0003254415067613786,8.715993844728154e-06
73,2003cq,63,7.562313247402863e-06,9.506049329260219e-05,2.7035952935433594e-07,4.493363446309018e-06,2.3521281775254477e-05,5.608606018434048e-07,5.563880055292625e-07,2.554022473275075e-06,2.4963639174008234e-06,2.5501012277856505e-05,0.04986735922595985,2.3231216214905648e-05,7.0573933363959895e-09,0.00012904875263274052,4.006671713973481e-05,0.001919314685584976,8.121129765933932e-06,2.8023326871517984e-07,3.0802569036265937e-05,1.4243488571312468e-05,3.192181961680224e-05,0.000139999942498803,1.3837815734878134e-05,7.095881559768258e-06
74,2006S,64,1.9802463919887936e-05,4.7086652347864966e-06,1.1289474034496816e-05,6.708574162801739e-06,4.575108332062136e-05,2.5982563828588767e-07,9.395219401076016e-09,1.363680061792355e-06,1.464418393451461e-06,3.2035311017478835e-05,0.012627018687289621,2.8622164943210848e-05,8.378338465023227e-08,9.607603821890076e-08,3.8020602043387086e-06,1.8490433076435303e-05,6.799700804499542e-08,1.004920159266079e-05,1.2531460551440388e-05,4.5489945591642433e-07,5.3364328126553895e-06,0.0006899997873174232,9.985164472151725e-06,7.9750015461455e-06
75,2006gr,64,2.5401836208159556e-05,2.5502959663765284e-05,2.5100129889429196e-05,9.734487880327242e-06,2.3918315075335123e-05,1.6878422405205984e-07,3.5495255294136496e-06,2.4972763059648295e-06,2.3106072090592344e-06,3.0692615552684044e-05,0.00016512376902823658,3.069198340531487e-05,1.9537229581104154e-05,3.1360521493203897e-07,4.998559565148192e-05,0.0005396331260822743,8.502060968793024e-08,6.250929507137237e-06,2.4800327476308393e-05,8.17163029017548e-07,1.0305314569396956e-05,0.0007700011909634978,1.2602442200096431e-05,9.000091696201307e-06
76,ASASSN-16dw,150,4.6272090390223064e-07,1.772430183951887e-05,5.730506620133663e-05,3.2763798725708726e-06,0.000164372302105361,3.6356498062106724e-08,6.259331661657985e-06,1.0983635437139538e-06,2.856392952430009e-06,2.8944833026095518e-05,0.00020592204000194694,2.3328849097517534e-05,1.3684435218701274e-06,1.2040133832869754e-05,6.24007305133345e-08,0.0003207678721960476,1.4161563375268693e-06,2.16022304955904e-06,1.1833180397706478e-05,2.9901185485924076e-06,1.2673411903908055e-05,0.0028900003794670656,2.0430666199930392e-05,6.843932787364143e-06
77,ATLAS17ajs,150,4.956473801762812e-05,0.0001587616200079897,0.0005216656510896936,2.6833107012694257e-05,0.00011399414355987847,8.128587044992086e-07,4.4482373699750166e-07,1.2318212924529448e-05,2.0478758091871385e-06,2.1160369609647678e-05,0.005425795605902652,1.5397119226337463e-06,2.6039058084736943e-07,9.623731469787788e-07,1.109104914070319e-05,0.00997801594295692,9.487939541419355e-06,1.5127702806122523e-06,3.7577021730697546e-05,1.5206857433718024e-05,1.0956609114355642e-05,0.001680002834023496,0.0007123578033454148,1.3544537033657877e-05
78,2003kc,63,1.088898108003028e-05,1.8923050931970997e-05,6.146524435654555e-05,1.4165808629069965e-06,3.235196428610573e-05,2.396842424395862e-07,4.516239505390762e-07,7.771957161659127e-07,2.43342854048742e-06,2.7877618119689918e-05,0.02094098403643261,2.0521586604423797e-05,5.933854708532749e-07,1.98758280888639e-06,1.167058691166345e-06,0.0005555450968936886,2.9590698783291125e-06,7.217463991737727e-07,8.881128752705192e-06,5.588237310311106e-06,1.528791123922915e-05,0.000329999217941062,2.20898928808555e-07,6.031201959303539e-06
79,2003iv,63,0.00012387776550500454,2.237332591274732e-05,0.00010040077251187787,7.574764661413824e-07,0.00010168969701594352,7.0540737630298e-07,1.7289022184872188e-05,9.633451958541983e-07,9.019845998575748e-08,2.98122751978408e-05,0.000860249582649044,1.03048932087145e-05,8.066641084329002e-06,1.232735878986535e-06,7.638818387346522e-05,4.8720743694899427e-05,1.300494632573701e-06,2.7564460406311053e-06,7.618372741775847e-06,2.6954896861428046e-06,2.9243530184804023e-06,0.000789999862776232,5.1552444545927695e-05,2.586528140991612e-06
80,ASASSN-15jl,150,4.000373232858345e-06,8.236827902336971e-06,2.0976665579049147e-05,4.928531708308856e-06,0.00017759176160389058,3.030042559845625e-07,9.213882513018495e-07,1.2787624175981949e-06,2.9211701500775344e-07,1.592012713941618e-05,0.00013759298315931846,8.948649460327474e-11,9.242139131216548e-06,4.665882343013808e-06,4.448870904593706e-05,6.496357421723747e-05,2.403609715064675e-07,3.8809067567750766e-06,3.841651202478313e-06,2.0010201141340556e-06,1.742545449205657e-06,0.0,0.0002866254069959426,6.01210416394625e-06
81,2005eu,64,3.2603469749089425e-05,1.4668478436237475e-05,4.48381162736905e-07,9.609430500975846e-06,4.4649689770037e-05,5.015341027897469e-09,3.184288740488636e-05,1.675168888465306e-06,3.134889487096948e-07,1.4591804644636941e-05,0.0001628174731742489,1.4377860663855602e-07,1.0111768026600798e-05,1.2224615988931653e-07,3.79451215120237e-05,7.656202423947031e-05,1.844009699172866e-07,9.363664280958445e-06,2.722675247531642e-06,1.584221604258168e-06,4.2431033348902525e-06,0.0005199996528347274,0.0003825934360109154,7.46333679299202e-06
82,ASASSN-15tg,150,3.035976102730431e-05,5.336140318727006e-06,7.779196110899514e-05,3.841705187733815e-06,0.00011322943154991674,8.097624827323874e-07,3.928541955910969e-07,4.869728602568263e-07,1.9341522421514878e-07,3.4810042691011886e-05,0.0001527694469809493,0.0010699441543004558,5.926392862062174e-07,2.1604353378414792e-06,3.158403499729616e-05,7.956653093500916e-05,2.189943875258865e-06,2.1715269249031333e-05,2.9240565375295013e-06,3.3007537301246725e-06,4.619516648495664e-07,0.00031000008139175396,1.936004617587167e-05,6.51272341743378e-06
83,2007hu,65,9.350985475517493e-05,0.00020079173411183954,0.0009375830267494487,4.5805882087981975e-06,8.213564475315766e-05,3.238324331890363e-06,1.21297564875944e-05,2.6753251530994837e-06,6.300858727603664e-06,2.0794365286964933e-05,0.0030371117178338985,1.7639019088189212e-05,9.59813742547333e-07,0.0003810308526457709,0.00025760350502155444,0.010094223165256475,2.7040669122034566e-05,1.095527663419471e-05,3.831406012810845e-05,4.492625814331297e-05,6.272564343809406e-05,0.00048000285907306983,7.292979064565247e-05,6.411896778552029e-06
84,PTSS-16efw,150,4.6212404127173035e-07,3.329259868404058e-05,4.6785429576780974e-05,5.927671792478606e-07,0.00015468645287495218,1.599930030786456e-07,8.671316144532627e-05,1.5955540338605245e-07,2.809245167462171e-07,3.4339557276580335e-05,0.001193011483200352,1.9359700400007132e-05,8.226478189136098e-05,3.47923709079212e-07,4.3033424280315355e-05,1.4592073166183953e-05,1.2099847787171852e-06,1.814729429813408e-05,1.2768141467982969e-06,1.5077774487212703e-06,3.6059848452715815e-08,0.0008199995462134721,4.326064193489743e-06,3.6555888694410343e-06
85,ASASSN-15ss,150,1.9184139361624886e-05,2.180876159579674e-05,6.822737916718953e-05,2.5278798838519745e-06,0.00013664422968957292,8.2818576567327e-07,8.84539908682317e-05,1.443365587518869e-07,1.8490702432746864e-07,3.564085957011992e-05,7.039187886699952e-05,2.550254574202812e-05,0.00018632256563355654,9.997513855091594e-07,5.867531396074044e-05,4.083216011782978e-05,3.3123983771889826e-06,2.570490171804364e-05,1.598120870100611e-07,4.732982165168986e-06,0.0,9.999940761980589e-06,5.4753851682631804e-06,5.089213878727017e-06
86,PS15bbn,150,5.5353586382837425e-05,2.34136105445662e-06,4.2252551564481156e-07,8.702362491237736e-06,0.00017963981710567532,0.0,1.845635970813657e-05,2.950061943299276e-06,2.048760997137855e-08,1.4822713028300738e-05,0.0002483775319819109,4.766465297872946e-07,2.5790942107667414e-08,4.973359798283311e-06,4.057736009858634e-05,6.115341307176732e-05,6.306544183057317e-08,7.840756715183847e-06,5.771267009950509e-08,1.1176068977179765e-06,2.190536257664147e-06,0.000349999776524567,2.3815412390723947e-05,7.640317426609033e-06
87,ASASSN-15lu,150,6.5029895158080775e-06,4.665596692231266e-06,0.0001782231447365959,3.4231330536538263e-06,0.0002071043507048103,1.2321235218163556e-06,1.5730298148601551e-06,7.860605778162166e-07,7.875785036984273e-08,1.7306573505982206e-05,9.044110804242063e-05,2.7078548574775707e-07,1.3839098554513374e-05,1.600066731321549e-05,1.0048957516191684e-05,0.0001190290612352908,2.340925319230941e-06,5.938189917703562e-07,6.553689058897902e-06,5.808896378866474e-06,3.372833860797869e-07,0.0006000002522699166,0.0002119944659076979,4.964220818035395e-06
88,2008hj,65,1.0818058705092115e-06,1.3395557051354076e-05,5.5801152639681564e-05,2.3714273267357727e-06,0.00020671318557212784,2.2073836036112793e-07,5.625408891277162e-07,9.88411307783349e-08,9.407586131233298e-07,3.36401994542046e-05,0.0015768842382628632,8.352224412130904e-06,9.028706227619254e-08,1.83185654083224e-05,4.057679073662078e-05,8.574747898208376e-05,9.02721510915791e-07,1.6402611670346748e-05,3.239151888899394e-08,1.1752624860458805e-06,5.040937265526901e-07,2.999993470489265e-05,4.326629883958169e-06,4.562641233286577e-06
89,2006mo,64,0.00014400040983335652,1.8772420878332419e-06,7.397591547768367e-07,9.01944331721527e-09,3.747664591642608e-05,1.716935057939628e-06,4.3482062076702355e-06,1.272812265515344e-07,1.8227827655765971e-06,2.6010750960158563e-05,0.0017589638798663695,1.135746221122419e-05,1.613858282463465e-06,6.432096379638957e-05,5.421967787938575e-09,7.361640468485364e-05,7.344300905830908e-06,6.879274610377406e-08,2.35233591945605e-08,1.3033024850211267e-05,1.5055174801794496e-05,0.0005200000319715119,0.002237291009222247,2.4464062743680126e-06
90,2002hu,63,4.040373390960805e-06,1.1289727556073811e-05,6.22519302154595e-05,2.1607900051612977e-06,0.00017196858333676061,3.1387814732920793e-07,6.180834458691109e-07,1.3450578548700187e-07,9.027009701210315e-07,3.3756439786395906e-05,0.0003111695824152341,2.3232409663211107e-05,9.410254507395688e-07,8.702508731330688e-06,4.678547903104978e-05,9.312267093121093e-05,1.1233982657871122e-06,1.7556420468287093e-05,2.600854960427279e-07,1.5602405279598053e-06,4.90126738441482e-07,0.0005500002094841697,1.2256083266153073e-07,4.982113417978731e-06
91,2001eh,63,3.1696154826645756e-05,1.9495148152054442e-09,9.643161498121104e-05,4.8834929618560285e-06,0.00015560034603182699,6.079318766866182e-07,1.656008329247935e-06,9.997293627748288e-07,9.026602847180681e-07,3.3177230358035284e-05,7.69125587151212e-05,2.915924001263212e-05,5.616518135560453e-06,5.428642741348022e-06,4.4222294140361385e-05,9.98491242411477e-06,9.596715501661995e-07,1.6320892400660536e-05,7.951857768858511e-06,1.5805012476589886e-06,2.1018806241734217e-06,5.000001467561285e-05,3.623969351124537e-05,6.656079809040302e-06
92,ASASSN-16db,150,1.1424310525018355e-05,5.063180758541411e-06,6.0217093250703596e-05,1.638439768183661e-06,0.00017715580518904046,1.4424468021932702e-07,1.3829064660665635e-06,3.890540017995048e-07,1.5372948104844242e-06,2.862236510550037e-05,0.00045710481440921526,1.9625816154736353e-05,2.021712089562283e-07,9.029548733007625e-07,1.2774057579663378e-06,1.142531825408695e-05,1.5883371331966434e-06,1.9887499701221056e-06,4.000105229332723e-06,3.2150037359429673e-06,1.0304306384961714e-05,0.00014000026303034874,3.373127063933251e-07,5.645436137626317e-06
93,AT2016hns,150,3.4339645050160406e-05,4.006895071596156e-05,3.294756684215153e-05,1.4177188692107712e-08,0.0002120957555884432,2.2779988067753165e-08,1.1696450310837506e-05,6.659814262843788e-07,5.480106804785917e-07,3.237593693864588e-05,0.0008814965443523452,1.4213010281984365e-05,2.7006472833566997e-07,2.2089388822428557e-07,3.0249986307687854e-05,3.249043335580397e-05,5.794152449500878e-08,1.0692994235774952e-05,6.002697392652051e-06,1.198126376757147e-08,3.3636985869410496e-07,0.0007599997569263904,9.985361267627474e-06,2.611551050430566e-06
94,ASASSN-15bc,150,7.72870563777589e-06,1.5602871111446842e-05,3.480980104131684e-05,5.062896052347027e-06,0.0001298595734664995,4.8951261506086086e-08,2.359872406314245e-06,1.6357552309574641e-06,1.2995895389937562e-06,2.992138835846911e-05,0.017977449435338987,0.0010732178181274213,3.959821478244363e-06,6.401302706519202e-06,3.3126020672104295e-06,0.00015178276349786177,2.2068410049716491e-07,5.289691118941925e-06,1.632163276842763e-05,9.534638391109351e-07,9.610295231266691e-06,0.001250000667059447,8.58478903658852e-06,6.8435169580938204e-06
95,2007jg,5,6.250228216883938e-06,3.606032521492192e-07,0.00017292339709606454,3.6478649873133984e-06,0.0003808466966267552,1.3920047849565187e-06,2.4501945570463632e-05,1.1759775198454114e-06,7.2276393662217e-07,1.7724351011765005e-05,0.007926341597105828,1.9379515187219198e-07,9.023048818980473e-07,4.678646970665383e-05,3.292871239568562e-08,8.31741743637076e-05,3.497056630658371e-06,1.1563717456850031e-07,3.3498939537354028e-06,7.655737697473061e-06,2.208637710221506e-09,0.002159999869686938,0.00013971244941702113,4.80487818758403e-06
96,AT2016cvw,150,5.791229564073609e-05,4.579959699154562e-06,3.943835855579024e-05,2.4285627051034986e-09,0.00015760202253184072,3.7240723858161795e-07,1.5327559269541144e-05,1.9576977578102117e-07,2.919107545181626e-07,2.9267999465801275e-05,0.0009302499207419577,1.39127210941805e-05,2.3045162607891745e-07,1.3838523652800333e-05,3.8025521269680757e-06,0.00019154593603975742,1.144779142304292e-06,2.889847483283914e-06,7.923034906487381e-07,2.3429409145171026e-06,4.83973495380742e-06,0.0003399996679395497,2.332882255268523e-05,2.48384591575862e-06
97,2008gb,65,2.400429321858938e-07,5.70124062022892e-09,5.1551732582878415e-05,1.4397478797813223e-06,2.079400432049988e-05,7.246516263784142e-09,5.0083786241824496e-05,3.040198377299991e-07,1.10236791466857e-06,3.080153416711723e-05,0.005524950374003882,2.1809246494553305e-05,6.193693742224948e-05,2.2196339715847835e-06,3.276285889858635e-06,9.671725188351368e-06,2.9215699224455216e-08,7.34387970858022e-06,2.310627241181029e-06,3.1764091943352335e-07,4.409674735002603e-06,0.0003999993677820928,3.52826725145295e-05,4.359291357385053e-06
98,2007O,64,5.773837711605528e-07,1.980277398587124e-05,0.00010670890094957239,1.1026714499626916e-06,4.607740202153439e-05,9.585521605279257e-08,4.394669609296409e-08,9.49587378312744e-08,6.257699508224746e-08,3.3062387772861065e-05,0.001152602384584386,1.980266728521425e-05,2.464979612603474e-06,1.6023007500497177e-07,5.791207660500036e-05,6.083981883173682e-05,6.082557258563215e-07,1.5054129493870944e-05,3.0265599142501043e-07,7.498008974468617e-07,4.0964165751861126e-07,0.00027999991562729573,1.1222267093500063e-05,3.125789218858324e-06
99,2008fr,65,4.839978696578179e-06,2.3135521970051032e-05,2.722137034675415e-06,5.522113122925082e-06,0.000127095655699851,1.5946096395408338e-07,3.0483779107984277e-06,8.093787957266091e-07,3.179343882088459e-08,1.4745271829378487e-05,0.004527944868469131,4.384838034332539e-09,2.8557417656154688e-06,6.604845852797858e-06,7.005651078867241e-05,3.410561663273054e-05,0.0,6.656092125530144e-06,7.951828283966553e-06,1.6892045280516438e-06,4.0800283010282434e-06,0.0012099997743724496,0.00023932043853641845,4.561892639346268e-06
100,2009bv,65,6.200631753784311e-06,1.1089270268412402e-05,6.889055610411962e-05,2.8225449609613207e-06,3.909004686094772e-05,3.8457053140421305e-07,1.1709300901628639e-07,1.5591045864071784e-07,9.220176318113643e-07,3.3756306598964336e-05,0.0021224455039682826,2.3814597144133226e-05,7.059718175814189e-07,6.2500408538248425e-06,4.928085166071641e-05,9.682612638385775e-05,1.3226778122592264e-06,1.8404140465338656e-05,3.9722476370164517e-07,1.8650219806692209e-06,4.3589680471037284e-07,0.00028000030588238613,2.3411896608212246e-06,4.614381173400142e-06
101,2008051,65,8.526106923678264e-06,2.1715167551965633e-05,6.299890463372718e-06,6.150645744777e-06,5.681216529501883e-05,1.0217610885501771e-07,1.6715541488465657e-06,9.441592121895576e-07,2.2235946715853938e-08,1.4515774948140048e-05,0.0001833311457681338,8.053784757156013e-10,2.689829112469816e-06,8.351833227544445e-06,6.822702590381612e-05,2.125146932569627e-05,1.382142506521633e-08,7.289767965710722e-06,6.759438337564441e-06,1.6133321289451413e-06,4.20214480931734e-06,0.0013899998954027964,0.00023256255293747224,4.804498468107682e-06
102,ASASSN-15np,150,2.294337045431402e-05,5.4754831950235006e-06,4.774760936271383e-05,1.0404046583770143e-06,0.00017401571933078896,3.0221546464329063e-07,2.1162263273699633e-06,2.807873015729656e-07,1.5376922918794445e-06,2.777238412521657e-05,0.00055130987934595,0.0011377126260191488,3.964099760077333e-07,5.062095277844764e-06,1.1446055170442893e-06,5.152875886784564e-06,2.4336441964735445e-06,1.1231219446058982e-06,3.097030267937978e-06,4.648483796432928e-06,1.1627549568498513e-05,0.0005899995158995808,4.326208337412235e-06,4.161411533264853e-06
103,2010dw,66,1.576044357027781e-05,3.5519984064414506e-05,3.8010111632208465e-06,7.561141122301024e-06,9.81726229873775e-05,5.18258032600194e-08,9.01681060022988e-06,2.6549833531397393e-06,1.7942987409029498e-06,2.8942629403231473e-05,1.31028851461934e-05,0.0010575496393128853,1.2530544703119595e-05,1.2869234043699773e-07,1.8213555970821027e-06,0.001608811239617567,5.183199339245381e-07,3.999708332855234e-06,2.7246836689198695e-05,1.6081574363384366e-06,1.3322224832072738e-05,0.0005999990136617353,5.037869225711644e-07,7.5942764683721575e-06
104,ASASSN-15pn,150,6.001501396023928e-06,1.4347888801884146e-07,0.0002509058651225544,6.150356270599733e-06,0.00020965241068737935,4.097549491256097e-07,3.0139081761573414e-05,2.2198854906837345e-06,7.918412765570843e-07,1.6320956820324584e-05,3.218672642822662e-08,2.154951482709333e-08,5.6989403357868285e-08,4.006831936249032e-05,6.244758628832364e-07,4.448911480503005e-05,9.412244123020719e-07,1.9315591510537383e-06,5.17690270264784e-07,2.930532053545265e-06,2.915768701500926e-07,0.0016800000716080885,0.00016615133469177756,5.721837086143655e-06
105,PS15cze,150,8.836133262930812e-05,2.15307537046322e-05,5.055219236129588e-05,4.862293866494949e-08,0.0002020895172070991,1.4897471803040907e-06,0.0001611139691672335,2.4014288850168763e-07,1.8507152977874364e-06,2.4702439167492013e-05,0.0005895195766484201,1.4516150089089602e-05,1.5055280450204656e-05,2.857470537225709e-06,1.7437349358363774e-06,0.000698546321582106,9.000761422833098e-06,3.974368609389878e-07,3.5348791587938577e-06,1.5648706688464742e-05,2.2278846024979815e-05,0.0012500003504662405,8.408981255969908e-05,3.2848142275006265e-06
106,2003fa,63,4.4756080772758236e-05,7.918720698069787e-07,0.00019768357144668743,5.7123438945011484e-06,3.006901393236283e-05,9.21707370494726e-07,8.300404275018991e-08,9.224795892680271e-07,1.0813063101057507e-06,3.364036466023401e-05,8.154118964026971e-05,3.0140459737674694e-05,2.72254884975745e-06,1.4899276706019718e-05,5.4022397345372675e-05,1.3764287887820664e-05,1.988091772668968e-06,2.070220773897971e-05,6.864179986829783e-06,3.106094425312303e-06,1.0001656691738248e-06,0.0019299995785990783,0.00013782781602662136,5.953703966096735e-06
107,SN2016glz,150,2.2466687373236954e-05,1.1161434571721474e-08,0.0001493279774025004,7.397651579697448e-06,0.0001597631502196356,1.5219346624802121e-07,2.1566289853431828e-05,2.873975097983719e-06,6.726566952677815e-07,1.5601522643817617e-05,0.0069089341404320395,1.9305662818554226e-07,3.59013863164212e-07,6.41605028273394e-05,1.82332300223062e-05,2.4502692692480663e-05,3.363042119612636e-07,3.348193462487589e-06,1.418375083529766e-08,1.7386173343687805e-06,5.033669924787293e-07,0.0003899990527711228,0.00016640930625913541,6.011504756943051e-06
108,PS16axi,150,2.1251529856219573e-05,4.079809385149763e-06,8.335682050918981e-05,7.221036338617842e-07,0.0001353502484530457,7.25965874446427e-08,3.2941419979368863e-06,9.620050786876555e-08,2.9124293684026914e-07,2.992061833403427e-05,0.0005924356677936612,1.6809885776413597e-05,7.274133601194166e-08,7.397804309956443e-06,7.12882710632301e-06,0.0001345594467138736,2.701548833406592e-07,5.4288210523077696e-06,4.7962957491071156e-08,7.559362044072537e-07,3.609767712905304e-06,1.9999637021792666e-05,1.8835009174227382e-05,2.5470164049003208e-06
109,SN2017coa,150,2.714380991308829e-05,2.3721261927511783e-06,0.00025985483450636365,9.363395928167068e-06,0.00015305820065325895,1.8462847319739017e-07,1.3308824080095899e-05,3.820373933101362e-06,5.479593384143111e-07,1.6080486996552373e-05,0.00871235727201699,3.250168030058398e-07,3.7211767467057455e-07,8.317505627284533e-05,2.9927698861585694e-06,1.7725097230247844e-08,7.569743499004356e-07,2.1318535455422394e-06,5.622946845189325e-07,2.274651964707941e-06,4.1050740341719294e-08,9.999976196489388e-05,0.0001236548192049408,6.5341788089839925e-06
110,2009do,65,2.8729608001586485e-05,7.896162573571217e-06,4.970207373868399e-05,3.360222636458743e-07,5.968034881932184e-05,9.56920527955818e-08,4.966559240329738e-07,1.573167957309024e-07,6.720904961662888e-07,3.0030373843614386e-05,0.000548495941388949,1.5760625343762963e-05,3.385565241128055e-06,7.235625705743695e-06,1.1696000068997167e-05,7.743973357757228e-05,2.301212444124484e-07,5.71165327644188e-06,5.622786110933559e-07,6.614006928650634e-07,2.9580861227850724e-06,0.00031999992675225096,8.833989152690069e-07,2.3099519953426184e-06
111,2001az,63,1.2888077089278499e-05,7.452723160232891e-06,8.13601867590899e-05,2.2202350400939846e-06,2.2876794597049416e-05,5.03995261845816e-07,2.286110004232067e-06,2.7382138199048833e-07,3.9692174527879154e-07,3.340824732898408e-05,0.00021083022255749886,2.5401468833853233e-05,2.131770480379852e-06,2.6566432965394876e-06,4.329628359541794e-05,9.331548516393687e-05,1.512834002362351e-06,1.918459964650454e-05,1.2766998799713936e-06,2.203044478543345e-06,5.327661171394826e-07,-1.508202746719478e-10,3.34902115089325e-06,4.511202999475314e-06
112,2006cf,64,2.1610880463450444e-06,2.9702722555414313e-05,8.390652234357802e-05,5.481179219286869e-07,4.683800561170598e-05,8.424409001298039e-08,5.8125820354831825e-08,1.7743864259844866e-07,1.2338475822992745e-07,3.271847047404096e-05,0.0009941415605121805,1.8663321120845552e-05,1.850331193769747e-06,7.889569835287102e-08,8.630465872060296e-05,4.186102752895722e-05,7.923347712397028e-07,1.6080317628548377e-05,1.416738227611597e-06,9.413765354217285e-07,1.3019972702581206e-07,5.000029535734765e-05,9.18150995547068e-06,2.1792481653768597e-06
113,2007kk,65,1.5524147635139623e-05,1.5268717018686317e-07,6.130991791071169e-05,4.884711348778631e-06,2.794429663959333e-05,3.141317192895121e-07,4.8442199790534046e-05,8.554527117336785e-07,6.405621664675593e-07,3.147267494915153e-05,0.006390404366311971,2.7248798431963456e-05,0.00011257306746044471,8.103156520413574e-07,5.760858522430717e-06,1.980323549698182e-05,3.37295125975301e-07,1.2745736866040178e-05,7.022738770028417e-06,7.014366556722107e-07,3.0625057679464773e-06,0.00599000096404508,2.5799589443986637e-09,4.563555058805305e-06
114,AT2016htm,150,4.761692367427975e-07,1.989174388530076e-05,6.399995035200664e-05,1.0000851685329493e-06,9.74162211319022e-05,1.0919652938378571e-07,1.84114891225301e-07,9.89026548887939e-08,1.7336189968818194e-08,3.249027874338475e-05,0.0011437926976762616,0.001124261426522024,1.0815994396333461e-06,9.027330033339193e-07,3.22622930655006e-05,4.678580395781062e-05,6.726729026565112e-07,1.5287961509486726e-05,3.13460822199893e-07,7.971501982638463e-07,3.8485598109240515e-07,4.000013836112388e-05,3.7243974393159213e-07,2.903486567250313e-06
115,ASASSN-16ct,150,5.715345891790444e-05,1.1023178810486145e-05,0.0003147075065835399,1.1763929505748116e-05,0.0002140992989525005,7.321357172254683e-08,1.0634028695374886e-05,5.62655146930241e-06,1.1663032726885736e-06,1.592041578380582e-05,0.012047258027339289,8.640826413622293e-07,1.0813707222827318e-06,0.00018170976638105796,1.82287970841577e-06,0.000147865323509494,6.89723162885375e-07,2.2489087720643786e-06,4.243921868856554e-06,1.8470341332753326e-06,1.946129219582149e-08,0.00036999950188990396,7.656262425830354e-05,7.074521196057809e-06
116,2007nq,65,8.556286526224723e-05,1.4592290532877174e-05,4.7610292819406756e-05,4.467908771860901e-08,0.00010168232209698414,4.902029136361064e-07,2.3598293302697776e-06,5.899901341435698e-07,1.5878171565732527e-06,2.87295277072502e-05,0.0008958049470344986,1.1902467665797847e-05,2.6903092460320646e-06,1.036852841135652e-05,1.1560335318981652e-05,0.0001478655694477334,1.0201006264386192e-06,3.2046073070359643e-06,4.161988873383274e-06,2.1781284535449252e-06,3.276460561833436e-06,0.005149999891227508,2.4801158552555276e-05,1.2100063289388618e-06
117,SN2016ayg,150,4.0918149259161485e-07,3.3872180648214165e-05,9.799385531882032e-07,3.168500305728711e-06,0.00025185334399028224,4.352534015619053e-07,6.594591503674557e-06,2.992878090617851e-07,1.5964368604327872e-07,1.4515714389316467e-05,0.0002292192622901021,2.1121599228478283e-07,3.6480775679557237e-06,4.368193133950926e-06,1.3395518400417458e-05,3.047025303423885e-05,8.980921908929851e-08,5.062412997662233e-06,1.513181405384846e-05,2.217983089795872e-06,4.2845301415385395e-06,6.00000437847685e-05,0.00022260629526693436,2.7818983343134984e-06
118,MASTERJ0134,150,1.062735723776978e-05,9.734138408200657e-06,2.7772998023683354e-05,5.711602620889211e-06,0.00021025450367409548,1.3656049398062808e-07,1.192171613760215e-06,1.4255006253478114e-06,2.205799693906496e-07,1.4439581660675993e-05,0.00010485766699180887,1.9083624069882177e-08,6.811921734706586e-06,1.7056744475656138e-05,3.943820500358457e-05,4.18605027574237e-05,2.2489309034826044e-08,5.56963075848578e-06,3.312565155988087e-06,1.545671530668244e-06,2.4965529029728067e-06,0.00013999983439988428,0.0002585665030197821,4.21051561959318e-06
119,AT2016cvv,150,2.7040695946240617e-05,2.5100884296292564e-05,7.783824388211263e-06,7.953207047300959e-06,0.00011558077880919129,1.8481272577239305e-07,2.117910942307788e-05,2.626745665815916e-06,2.924457810929426e-06,2.905279706192851e-05,9.408989295297057e-05,3.113657301031039e-05,2.0885020419709327e-05,1.9890140988756966e-06,6.6564520989874365e-06,0.00046311024602806866,6.789785520974756e-08,6.451828905809642e-06,2.580729684643901e-05,7.938907939653017e-07,1.0240401785203967e-05,0.00051999990000412,7.822290207931681e-08,5.857159491841346e-06
120,2005ku,5,2.0690600968653605e-10,1.9626372258697844e-05,0.0015976000320509047,1.1221504495367851e-05,0.00064891839940499,1.465410937245143e-06,6.563738787365714e-06,3.7205307331818205e-06,1.1677463579752578e-06,1.8403987600251748e-05,0.0022562504734304593,4.384838027393645e-09,2.044138962566805e-06,0.0003139995344612484,1.2960254289862833e-05,0.0004644036506505876,6.605920576611274e-06,2.9179546956470404e-07,1.040841146458804e-06,1.1944966096782278e-05,1.933435533500727e-06,0.00031000158635577715,0.00042973320609117696,5.663798144376481e-06
121,PSNJ1204051,150,2.9702445184890194e-05,5.8561159399003054e-06,6.855885428031297e-05,5.954190492518316e-06,0.00016086029527695965,3.839125590193032e-07,9.98569789007961e-07,1.6825010248737449e-06,8.097879703097138e-07,3.0470486249494985e-05,0.012996000207547227,3.025019456839688e-05,1.0006062190707349e-06,7.780274498617179e-08,1.0208825029969087e-06,3.623996649479433e-05,1.6824049119991413e-07,1.1156243987247086e-05,1.54444753857879e-05,6.509782701068917e-07,5.1991943389121525e-06,0.0003600002491489021,2.2497852432724896e-06,4.7703063270811835e-06
122,2005hc,64,1.3763824918362755e-05,3.7631911535759843e-06,8.372202599697415e-05,4.08033928217099e-06,0.00012576639587608216,4.7626605724319926e-07,2.2440317099577806e-07,3.891791936893457e-07,2.6990813043782647e-07,3.2262398144309104e-05,0.00019404508719547946,2.6009491832599402e-05,6.402710952240626e-07,1.0201390562240148e-07,4.225012271849224e-05,7.88541234486937e-05,1.1880978465078629e-06,1.7640016517292065e-05,2.310060575553413e-06,1.7474715355882131e-06,9.40640495146125e-07,0.0002800000229896465,6.3503953187426035e-06,3.564487620652361e-06
123,SN2016esh,150,2.4602102107529333e-05,7.569045428965256e-05,3.38539634213951e-06,4.2249348694047006e-07,0.00029473749144762196,9.604679842897118e-07,5.32236748001548e-06,7.012685217244741e-08,3.2536202233639233e-07,1.4212847865513467e-05,0.001954524804506738,1.2105261179076732e-06,1.443981381823306e-05,3.4691964399048356e-05,7.157176509095531e-05,0.00015825643922763762,2.0300939066776602e-07,4.410397998427448e-06,3.7946076598646336e-05,3.2327468239418122e-06,6.656708399038064e-06,0.0006799999322239375,0.00013525701024805561,1.336348696701073e-06
124,PS17tn,150,1.1560007497524172e-05,6.605060644329641e-06,9.840616167201485e-05,1.369353013607258e-06,0.0001510196431336059,1.765431292509445e-07,5.192250875068333e-07,4.366644933886249e-07,1.960192995385801e-06,2.704061937766275e-05,0.0003908537113581582,1.9625963740282568e-05,1.082140904799453e-06,2.0450357989792306e-06,6.92421314556213e-09,4.3165376667956765e-05,1.876768132133902e-06,1.6391866860324122e-06,4.623577457627329e-06,3.699540578877905e-06,1.1222890853750112e-05,7.00008882778512e-05,2.713180267364945e-07,3.056465556332613e-06
125,2008050,65,6.512384324820764e-05,2.5097791248596124e-05,0.0014371658183493785,1.1764098588697147e-05,0.0001808670274674809,8.917641879449545e-08,6.630235704976895e-07,6.973573023576901e-06,9.578192669175423e-07,1.6078513513761994e-05,0.00260406056823307,1.1631262149501553e-06,1.1442374397395427e-06,2.9484522070431785e-05,8.816938907900071e-05,0.0008386804263491796,1.232086022501938e-06,1.2984938427898496e-06,8.938871209198535e-06,2.60912449928305e-06,4.345646972998829e-07,0.0003399989678127893,0.0027720223129884744,6.247937410625709e-06
126,AT2016ews,150,1.4212946591624087e-05,7.551593630229607e-05,6.256785236644687e-05,1.3924902626180624e-06,0.00016287439084473106,1.2322685322878682e-06,1.6409215130453597e-06,1.998992625587212e-07,3.71893212115261e-07,3.624037723002141e-05,7.744019169295732e-05,2.3135886084308874e-05,8.649152494601478e-07,5.35825722898205e-05,7.92097975264661e-05,6.0372827906162406e-05,7.290231943963242e-06,3.782226725939329e-05,2.6894296270268264e-06,1.0498590302650788e-05,1.9042517498766426e-06,0.0004299997506115247,9.545266880185959e-05,2.213896202127308e-06
127,2005lz,64,3.844034890625701e-05,4.285216215760279e-06,2.992090330887487e-05,7.050251992785778e-07,6.889723281713542e-05,5.037057989772109e-07,1.0537153179255437e-05,1.7480448652462677e-07,2.0447247098976523e-06,2.62137501692572e-05,0.0006635771710496487,1.6564789212551376e-05,5.711537110203793e-06,8.089603310505039e-07,3.063122957986872e-06,1.2987775185706318e-06,3.275765784925555e-06,6.074970883753611e-07,1.7961481151851366e-06,6.0477119015328595e-06,1.231910352933116e-05,0.00041000024630148506,4.7084617988725486e-06,2.178010570267133e-06
128,2004gu,5,4.251108231899392e-05,2.6316875936977652e-05,4.5428139826882846e-05,1.1628976482814385e-05,0.00041697662283678855,3.491471991454165e-07,3.721911906451325e-08,3.0049433568379857e-06,1.877164485707128e-06,2.9268831756270458e-05,1.069323542631645e-05,3.306325999345369e-05,2.592980267893813e-06,5.083712137068583e-05,8.046161462135423e-05,0.0007767370445831735,1.154837662997732e-09,7.896140587878436e-06,2.9485284438419967e-05,6.924857004521334e-07,9.548619951494502e-06,0.00024000030578363168,0.00013156085849946875,5.740835294112262e-06
129,2008cf,65,2.5000019175665245e-05,2.9921145316181424e-05,1.79603479662227e-06,6.300234117141354e-06,0.0001907668358724409,6.216613977066965e-10,5.433634352377051e-06,1.0439208606299877e-06,9.01334020805139e-08,1.281689417028005e-05,9.96006765362923e-05,6.262189185431144e-08,1.681151722363744e-07,2.2944579680883592e-05,5.7759904276071666e-05,9.548124433642058e-06,5.627485634030621e-07,1.1902866210227944e-05,6.605216415173781e-06,2.288197161727512e-06,6.864487170184924e-06,0.00015000020435796714,0.0004536899339152422,3.656065095192576e-06
130,AT2017yk,150,8.008846641233136e-06,0.00012232280575693102,4.502436646908539e-05,6.812574744868155e-06,0.00011782066833019786,7.566001141018353e-07,2.020764506886763e-06,3.1648525049797482e-06,3.8417817462867154e-06,2.2753240974386635e-05,0.0007778529909425146,2.3716424151786625e-05,8.826436699790885e-07,5.6699451534442113e-05,1.5297531140781584e-07,0.004212008959427405,1.0692595228421753e-05,1.081735963741337e-06,3.9311313290140565e-05,1.847100508911223e-05,3.8563245364695714e-05,2.000094175580447e-05,0.00015450579387388946,4.698974177666515e-06
131,2016afk,150,6.400784319307573e-07,1.5680697663233295e-05,0.0017305585540952594,7.507720419880348e-06,0.0001832331881484045,1.6371822361034571e-06,1.3659859853871331e-05,3.2942851373417292e-06,2.8052731990829693e-07,1.8147088088033003e-05,0.00248601996599096,2.2371624414097013e-09,2.101344870907018e-06,0.0003254404794758928,5.151645706694824e-06,0.00012188087622575644,6.916745190189977e-06,3.4847242590813066e-07,4.091691240756812e-07,1.2400885307239928e-05,1.7426932694998565e-06,0.0003799989669392885,0.0021986710603061135,4.4770983377469264e-06
132,PS16fa,150,1.3177290041717707e-05,5.2886749498867736e-08,8.500855592782908e-05,9.60741400685139e-07,0.00015543053604957086,7.88867551317074e-08,1.2388403988067287e-06,1.192781330424525e-07,1.3459093640699749e-06,2.8196216781184447e-05,0.0040094227812341576,1.8318497457708513e-05,8.101417400176864e-07,1.9407847152118352e-07,5.429251442444494e-06,5.343613669072343e-05,5.780052053112189e-07,4.121041035235265e-06,6.246259856464154e-07,1.3702246778289628e-06,5.8082408458462464e-06,2.000045416255397e-05,2.8408937185319533e-05,2.3594620793526005e-06
133,PS15aii,150,1.8468349850635224e-07,1.095602365641657e-05,5.402262335044237e-05,1.5128480191414079e-06,0.0002002594959257054,1.519993097940861e-07,7.307686527655705e-07,9.144471341260285e-08,9.410328273787988e-07,3.147221572539702e-05,0.0016297368799895635,2.143705444049987e-05,1.1585163814994276e-07,6.864634903999689e-06,3.50465972458365e-05,8.704902085479149e-05,5.929890359258547e-07,1.4822596108994904e-05,3.626518901757997e-08,7.897236980296263e-07,7.397627268786525e-07,1.9999986384097376e-05,8.999865667904533e-08,2.433660607125028e-06
134,PS17akj,150,3.203617683012784e-05,2.6093724756100223e-07,7.106503749516706e-05,8.236920638648657e-06,0.0001533871442694068,5.85058457860943e-08,8.243221683726723e-06,2.9819679048890407e-06,4.763330597960108e-07,1.4364366158788403e-05,7.897188632487867e-06,3.025351746985955e-07,1.9043683051767762e-06,5.098049432910798e-05,2.362065900162781e-05,2.916073413083281e-05,7.949505241577892e-08,4.753530691192082e-06,1.1028996445283656e-08,1.2511296176992426e-06,9.409089999634634e-07,0.0002700005899784214,0.00010261762311809634,4.529357878391496e-06
135,ATLAS16agv,150,4.264093050952711e-05,5.10757509952775e-06,1.2816392180970554e-05,8.880538102232216e-06,0.00018418645743045747,1.1959320565108067e-09,1.2928089176307556e-06,2.4420465274746506e-06,2.119070727918393e-07,1.3469328165680722e-05,0.005089396666515681,3.366011355025733e-07,3.422643911744558e-06,1.6646805020685898e-05,4.914045485437772e-05,3.214926759552428e-05,9.029476792134228e-08,8.294681896284933e-06,5.477038106938004e-07,1.250735526847277e-06,2.822910555569727e-06,0.00034000020004775443,0.00011577802921754372,4.393277385649277e-06
136,ASASSN-15pm,150,7.2360105540314815e-06,2.016007082817229e-05,5.026813558467978e-05,1.6129341736271369e-06,0.00025808147983796305,5.328943788896617e-07,4.8070912133692245e-08,9.95934310819846e-08,1.0915676132774998e-07,3.294769003518629e-05,0.00014018573200376677,2.3716725077600406e-05,4.413040481567737e-08,3.097622478288181e-06,3.260396769050062e-05,5.126538950951491e-05,2.2799735095915125e-06,2.218422872768671e-05,1.2100391262766241e-08,3.1554798279719715e-06,3.607349569837576e-08,4.999990212808253e-05,1.3690221739841996e-06,2.0622323529196143e-06
137,AT2016gmg,150,5.1983676597434567e-05,1.607991948605371e-05,4.942077378554746e-05,2.518581784100027e-08,0.00020479362383891628,2.1158778207644446e-07,4.4315225633055275e-05,4.292373759727519e-07,1.3452347385374541e-06,2.88371659033608e-05,0.0007623124899903497,1.3469057869711087e-05,1.1696321016911246e-05,8.17965914125425e-06,8.410313411694528e-06,0.0001227663723284006,3.363663031823172e-07,5.244288001795758e-06,3.062807949927304e-06,8.656128022508508e-07,2.280071697792138e-06,8.000020373389628e-05,1.2192239561698015e-08,9.449835013022184e-07
138,PS16el,150,2.6112153860355022e-05,1.0304173958503027e-05,5.026831671185554e-05,1.5991456948569183e-07,0.0001935185328357375,7.3000558920705e-08,3.132936294098984e-06,1.8433046438358358e-07,7.056495377587985e-07,2.9052144302196825e-05,0.0007086247486348222,1.5681637943121968e-05,3.721001579030242e-07,1.1560188084864392e-05,1.0758650885907273e-05,0.00012276668601537456,1.2269698793088146e-07,6.451683910559461e-06,8.835987176086108e-07,4.163442860870975e-07,2.3716829953487895e-06,0.00015000004897339735,1.4062859477054213e-05,1.2722890005648774e-06
139,2006cq,64,1.3104157926815616e-05,5.627313891982955e-07,6.658585004448367e-05,3.6865111783402488e-06,2.890357234805463e-05,2.7050176318842156e-07,4.959203157503533e-09,8.958396719993544e-07,5.047119796212224e-07,3.0140109438001744e-05,0.00021432984263961355,2.714410103076513e-05,2.713725945346912e-10,5.879609776479611e-09,1.197166309614868e-05,1.4136986261766363e-05,2.0213117052705898e-07,1.1627900585314821e-05,7.672995535086893e-06,5.32446480398796e-07,3.6483179781752334e-06,0.00025000074067606584,4.797951420193458e-08,3.7166179375370395e-06
140,PS15asb,150,2.9921336747777694e-05,2.3413640025168186e-06,9.082136270597597e-05,1.2261538443782138e-07,0.0002316461182091875,1.7661855424185025e-07,6.671893601995979e-06,9.893873099270367e-08,1.3924224234098531e-06,2.7878692494195945e-05,0.0007001316394259303,0.001156000327954411,1.4538239114306184e-08,1.2249989871159633e-05,9.425101681467471e-06,0.0001385329588915185,6.88929454586637e-07,3.881317459812628e-06,4.845050199930867e-08,1.530374432984205e-06,4.7094266713877675e-06,0.0005200002949964939,1.1088877223404403e-05,1.3089635294873114e-06
141,PS16dnp,150,1.7305339561377725e-05,7.617361260130878e-06,1.3912573331333403e-05,7.236043260968467e-06,0.0002861216006671292,7.292055515494e-08,2.2325388746590596e-05,1.709121461463195e-06,3.022540482951891e-07,1.3615806528853927e-05,9.506220998956906e-05,7.284473877919306e-08,5.622365819267505e-07,2.0793592233373306e-05,3.721008708577368e-05,4.5832908564842276e-05,1.2410977887761243e-09,6.249952141339568e-06,2.1605942599166317e-06,1.3585267982577087e-06,2.5281882459187582e-06,4.9999833174663166e-05,0.00028594814364199875,3.1542101913036025e-06
142,2007kh,65,5.461239191559275e-05,0.00012746537281183024,0.007786299054923035,8.583967452187313e-06,0.00014842665385064735,5.923977999533481e-07,0.0002666374256839049,1.1830750106904542e-05,2.789555317843362e-06,1.8575021757727406e-05,0.025230151440201028,1.639455392873912e-06,4.3956161283144335e-05,0.005462686937678443,0.001897471873869211,0.0030261010702482827,7.50777379684292e-06,6.876789932427907e-07,3.4338836431231645e-05,1.2137530108896621e-05,8.586039451662086e-06,0.00015000108139454765,0.0042315013546445485,6.99151742625248e-06
143,ASASSN-17eb,150,3.158508202445384e-05,4.2440578823365466e-06,4.6103775665194e-05,7.225333821265362e-07,0.00022662300397500307,4.3584247569686263e-07,3.967784156011511e-06,1.9592813155049071e-07,1.7951007743374076e-06,2.580657697754188e-05,0.0005750400797671935,1.6975302904769646e-05,4.837365355156442e-08,7.562056845761625e-06,2.6010003214421706e-07,3.4226269924730185e-06,2.9588194566214365e-06,8.103938361654628e-07,2.0745319362601433e-06,5.504656903930483e-06,1.183460372283264e-05,0.0004699995099287039,9.486852652200103e-06,1.721554790555177e-06
144,PS15brr,150,5.664226635804584e-06,4.536743793182724e-06,7.378805226448786e-05,6.400883387307904e-06,0.00030964651516292123,2.804992495740455e-07,2.812340182777387e-06,1.5946330113574686e-06,1.8507405783081687e-07,1.4364245369175715e-05,5.624973588832724e-05,4.998445098797211e-09,4.326531018648133e-06,2.480016781824905e-05,1.3615872224618727e-05,6.256780359404149e-05,3.0238833415366373e-07,3.648179552728781e-06,2.402297963277622e-06,1.988558076641833e-06,1.345246852286694e-06,0.0002500000650673632,0.00018279028269112783,2.8900801695239814e-06
145,AT2016cor,150,9.408049770689986e-07,0.00011946389622652376,0.004365244480348376,1.2040003507844677e-05,0.0002852298885867577,2.994228133698651e-06,5.43245347277288e-06,7.4522143087146775e-06,2.9597279499818385e-06,2.097641378419335e-05,0.00698394512193324,5.704858736105267e-08,5.197578686451376e-06,0.0003833777439026659,0.0007683979908373953,0.0021818247136008648,1.874953916494726e-05,7.074352129647632e-06,1.5444705328285235e-05,3.0673188066196455e-05,1.4288231752444813e-05,0.0007600014151779577,7.673659244873676e-05,5.309684870231923e-06
146,PS16fbb,150,2.249541392123147e-06,6.812009320419574e-06,4.395641456143677e-05,6.300009614334384e-06,0.00020151393782956092,3.599045147618246e-07,1.5198635978479202e-06,1.2453971342130804e-06,2.023916292892558e-07,1.4287752408958035e-05,9.840635416598353e-05,2.237162422327743e-09,8.351746976026364e-06,1.583988734147994e-05,1.3249214891238384e-05,6.922213861492409e-05,3.5994447284033726e-07,3.3851204936565654e-06,3.841113536212637e-06,2.2386746960437187e-06,1.5125664455575144e-06,0.0005199998093210669,0.0002598543670910593,3.45936960028867e-06
147,2003ic,63,8.500912803706406e-05,2.433704887741528e-06,5.155233658902733e-05,5.198815722369521e-06,4.616684332144072e-05,7.398774698914867e-07,2.1876402364340297e-06,2.637667104732344e-07,2.0744650053930447e-06,2.6317976314159386e-05,0.0009566655779859358,1.2390925412202741e-05,2.074168929708242e-06,3.16970702188453e-05,2.7248402522734444e-05,0.0002588882397660773,2.465198869670837e-06,1.232495712731596e-06,1.0816429829724195e-06,4.728980361301538e-06,6.813107425410192e-06,0.0016300010209616758,1.8836216345661377e-05,9.067693668360355e-07
148,ASASSN-16hc,150,3.868850987798905e-05,1.4976833632969824e-05,7.07280904411892e-05,4.080438147819297e-06,0.00018777241380586816,1.2547419747455449e-06,2.5420742455484202e-08,3.2841003860719503e-07,1.299778484121529e-06,3.364032610941089e-05,0.00010485759746246392,2.8408988548452897e-05,1.703748399219801e-08,2.8900241658110296e-06,6.642277049245717e-05,9.9600733960108e-05,4.326471814174344e-06,2.8729925565703848e-05,1.3225017578659404e-06,6.352562956680671e-06,3.533820354395534e-10,0.0005800003056418406,8.244629873916352e-05,2.742236734987538e-06
149,AT2016htn,150,4.4781447518932316e-08,1.9891846518019923e-05,2.3717650613992725e-05,3.999811146380289e-06,0.0001369514401306643,1.2383634485912953e-08,8.646713753855673e-07,1.3634145067144277e-06,2.497038445403721e-06,2.6419632901193008e-05,0.00017082490244408124,2.4601583889023032e-05,9.588537623964055e-08,1.797783277147913e-05,7.182374624672971e-06,0.00032292154270640444,1.255149466417027e-06,2.3713597647120888e-06,1.4592462792586275e-05,2.724868676171749e-06,1.3032205622470067e-05,6.00004199926181e-05,5.4908647535725774e-05,3.126551789620069e-06
150,PS16evk,150,3.169668013399199e-05,1.6809311198344445e-07,0.00013548927021241226,7.3441279121577024e-06,0.0001755354039685124,6.081018193333787e-07,7.193064294704066e-06,1.1453093290807181e-06,6.557783191352834e-07,3.0691047823858814e-05,0.00013502419525250609,0.0010588510706442279,8.467941524850989e-06,3.128757874934496e-07,2.8195685529482095e-05,2.689424421635153e-06,8.832262669705715e-07,1.58401405429328e-05,9.363210516965051e-06,1.5236240061035355e-06,2.4024575895603e-06,0.0006999995267178965,3.306226270921239e-05,3.3998814618213524e-06
151,PS16n,150,1.6801852305379367e-07,1.0048891812350011e-05,5.083689036627058e-05,9.998513804936743e-07,0.000187756325728778,7.817210200076335e-08,1.009321012084008e-05,8.423009556154937e-08,9.023822397629527e-07,3.0249670084005198e-05,0.0003837684341612196,0.001119571868058859,4.040273775319549e-06,9.548265393882933e-06,3.0470560283822265e-05,0.00010241405370330948,3.245555196011371e-07,1.3104443850074643e-05,3.251916585837733e-09,4.2641337100191024e-07,9.998736244928516e-07,2.9999777775240218e-05,7.022193833386599e-06,1.5274898252908703e-06
152,2010dt,66,2.4649094105301528e-06,3.960441104500917e-06,7.726450236581091e-05,1.2542761405019698e-06,0.00014859364146279502,2.0313583616246578e-07,9.273899244533618e-07,2.2740563063172736e-07,3.255533727944404e-07,3.0360069271607656e-05,0.00022952261619928367,2.3425630538434494e-05,1.1620241367575612e-07,3.674756349908437e-10,3.352472704795835e-05,0.0001020106936433264,4.767404794894792e-07,1.3987715614746307e-05,1.0818692004754826e-06,7.150591912023774e-07,1.3928152016919743e-06,1.0000234703025704e-05,2.211262186569557e-07,1.6695622424307138e-06
153,2006lu,5,7.398874563736141e-07,3.364025150507689e-05,2.3136420363839214e-05,1.3229244644188606e-06,0.00021310183192963135,3.600413256065957e-07,1.3549891903493622e-05,1.2087910658889478e-07,4.358492445557735e-07,3.2262270670289916e-05,0.0010484649563032153,2.0976322228086902e-05,2.4010059807772974e-05,1.6080294264844176e-05,4.5968786299789566e-05,9.781250665494724e-05,2.160817343855974e-06,2.1996005214451955e-05,8.468217234779835e-07,2.90967391558105e-06,6.801202498754599e-09,0.0002699999709837794,5.15223180612423e-09,1.5477580744176558e-06
154,PS16bby,150,3.588020686222555e-05,1.1235468690019151e-06,8.648963469404421e-05,1.5219318555068084e-07,0.00016007160907710767,2.600862333609205e-07,3.0272038396063697e-05,9.46150201016488e-08,1.512837639099096e-06,2.6728996861832832e-05,0.0006916898098229089,1.5523235207167904e-05,8.64317512284593e-06,5.953504594502848e-06,5.335704492692023e-06,0.00012099982049842452,1.10215735804782e-06,2.889783458276396e-06,1.6765127138981817e-08,2.322592124643502e-06,5.759535343163175e-06,0.0003199998252932934,2.1136659861253904e-07,1.0982554832245778e-06
155,PS16ayd,150,1.4976813172097245e-05,4.329616931792596e-05,7.378796942638256e-05,1.8224567742280984e-06,0.00017981796520777707,1.0402312741290831e-06,2.6631811160440083e-06,8.971087187611276e-08,1.0606182889944318e-06,3.3755973355115154e-05,1.37638690842724e-05,2.43048243156194e-05,1.3453434386826932e-06,1.5623644663885841e-06,0.00010060081008443546,1.5873921220205603e-06,5.198246776431416e-06,3.16968111316639e-05,4.22503273359541e-07,7.418030502848866e-06,5.183401384500907e-07,9.99999231278163e-05,0.00010941135591344478,1.7108849703776144e-06
156,SN2017cpu,150,1.7140009242071208e-05,9.425195842714847e-06,4.637637580370748e-05,2.755782269947722e-06,0.0003286168649805441,6.723706898704648e-07,3.5266596977792664e-07,2.739626667538908e-07,8.100498269797418e-07,3.1697237962429944e-05,0.00017344945383819012,2.611261285256211e-05,1.2937549420753008e-07,5.569725170547282e-06,5.836993098609893e-05,7.568983353512318e-05,2.1906043510796017e-06,2.1809115361759446e-05,1.1662423700991784e-06,3.1782338736994348e-06,2.399593995580304e-07,4.000047390036003e-05,1.9009927165716985e-05,1.959858735036367e-06
157,AT2017oz,150,5.17264998195488e-11,3.027630353914096e-06,0.00015750266245371548,5.244032995444653e-06,0.0002552743735478955,6.730368152779026e-07,7.161625041555292e-07,1.237630537007442e-06,1.685411267424164e-07,1.451628835692255e-05,0.005056632764439422,3.625851537764069e-08,1.1156023805126286e-05,5.2562753939141074e-05,9.217797353414797e-07,4.4222919522192775e-05,1.210413756669304e-06,1.562582350306957e-06,3.5348914873660486e-06,3.725402219037152e-06,5.774998104290247e-07,0.00011000036176320345,0.00041902117453039567,2.703366889081349e-06
158,2006py,5,2.595755469996658e-07,9.206659462839689e-07,0.0005103084201362098,6.9164266506636235e-06,0.00037714059644189564,8.641885501613211e-07,8.467743955159479e-06,2.2863424780032032e-06,5.330630792107355e-07,1.5366147240051045e-05,0.008139649680711647,8.948650154216864e-11,1.019674963046932e-06,8.010178123326987e-05,8.464676108359964e-07,4.6222372255544375e-06,2.68940808568173e-06,3.248534526326813e-07,2.1999758932286784e-07,5.928808368927882e-06,1.6455207932364324e-08,0.0031799994750719793,0.00024837702652770986,2.848473883577951e-06
159,PS16aer,150,9.407106277385668e-07,2.044669449837236e-06,7.673760301639583e-05,1.960108856259579e-06,0.0001913743927729212,4.794786026551812e-09,8.985550932379127e-07,4.7646078603358344e-07,1.4155625642602032e-06,2.693613598291414e-05,0.0067043351794691,2.1902199669363367e-05,1.9349907845120362e-07,4.3602731179120946e-08,1.874899388863184e-05,7.343797226449719e-06,4.093195622167922e-07,4.579108597085532e-06,4.579544683578837e-06,1.1272519269914932e-06,7.289737621122769e-06,9.99996235314729e-05,3.684484517987516e-05,1.5674308797043734e-06
160,2005hj,64,4.38249993442736e-05,1.231625287485827e-07,0.0004293188767363152,1.0693305726084193e-05,0.00023505263511826822,2.2430015917535018e-08,2.3049305898359407e-06,3.73336476092688e-06,7.575904329686772e-07,1.3395511823008702e-05,0.006879045992632442,5.334988284234898e-07,1.716216540272389e-06,8.537748141439032e-05,1.3542577388369822e-05,7.232247915770623e-07,6.306544182883844e-08,4.840479223361394e-06,3.143473236606742e-07,1.0882641421020717e-06,6.567417150122462e-07,0.0,0.0007573506284054114,4.033026024577099e-06
161,2006ob,64,0.00012409933659847036,7.235510406488309e-06,6.707822016114792e-06,5.038844712529703e-07,6.51129504650183e-05,1.0814247313872122e-06,3.079692695475214e-06,6.499223769449239e-07,1.9444778904219306e-08,2.520039445811067e-05,0.0014907323913275752,1.0240008397621042e-05,5.243856050592653e-06,0.00022680357764433626,1.656482225060197e-05,0.0005475595671375318,2.9581607956415124e-06,9.022460322133732e-07,4.202417628828246e-06,5.68664688241436e-06,6.051095066238708e-06,7.999955779317263e-05,0.0010647165158374347,3.1757602577710264e-07
162,SN2016gmb,150,2.153001427090788e-05,1.0368351086342473e-05,2.551406123874056e-08,8.351941637983057e-06,0.00025611087479144104,2.898901809919585e-08,2.653736270881099e-06,1.6518264743838051e-06,8.463470994399952e-07,1.2461204135033599e-05,0.00012476899236753963,1.0284766911207444e-07,3.349192244025967e-06,9.12030403841732e-06,3.9188019645650454e-05,3.9942666769640645e-05,4.408990920620748e-08,7.784027103730981e-06,2.5280894278400384e-06,1.3833056880015876e-06,3.422404888505856e-06,0.0003099998252355067,0.0004447885614597309,2.63754096634268e-06
163,2001ah,63,4.556317629701018e-05,2.1315657819584444e-06,8.24471436648988e-05,4.409960362578014e-06,0.00011695350207335461,1.1024574720838731e-06,1.3459579980418246e-07,8.38887650799619e-07,1.4885825785106166e-06,3.1248476674114456e-05,0.004075546648323415,3.0470232494955035e-05,1.3310290231105526e-09,8.464561122301095e-07,0.00022952297263232474,3.158486073934902e-05,2.689827533097766e-06,2.3329023053256237e-05,5.856852798205581e-06,4.1816382086549975e-06,5.333129820261906e-07,0.00010000029190554427,0.0005391683537800881,3.254985526477544e-06
164,SN2017cjv,150,4.044962800815559e-05,5.184013371895349e-05,6.609701283715949e-05,4.3562140148931117e-07,0.0005117931232983732,3.563641991048694e-08,2.528332314960177e-06,1.0624996816428756e-06,7.947593834781164e-09,2.9052228057433946e-05,0.00034040245539072346,1.2960281754724814e-05,3.841179735914607e-06,5.757097145016321e-08,2.894466820530829e-05,3.6000061966282373e-05,1.1504340186041517e-07,1.1696485202265794e-05,1.0368068469667618e-05,5.3975299061856385e-08,5.7403284327295356e-08,9.999960173848015e-05,7.2363567645717525e-06,2.230700705558447e-07
165,2008bz,65,3.097704889112006e-06,5.8828758400633445e-05,4.49436976188676e-06,1.519674849657232e-07,0.0001804684688910289,1.6797194043842445e-07,4.006364350802108e-07,5.472137876516917e-07,1.7652185311037294e-07,3.113633706126537e-05,0.00017529743708976937,1.7388993633274744e-05,1.020208458113632e-06,1.638320705705902e-06,0.0001907162129505379,1.5287974456857333e-05,2.0163406712712245e-06,2.171577031714455e-05,5.953517786180633e-06,2.5600261219461615e-06,2.2082087955659774e-07,5.0000061350856384e-05,1.1492043324411866e-05,3.273683598934221e-07
166,SN2016hhv,150,1.8662594965329626e-05,0.00010040007184355243,1.8748475259362102e-05,9.692687425247315e-08,0.00015743006745025379,6.256509508389962e-08,6.036602281270925e-06,1.5632307585229654e-06,6.245353376677087e-07,3.147239890474024e-05,5.505698768652409e-05,1.391251715908079e-05,7.895308820962676e-08,0.00015675120675958526,4.474135695958781e-08,3.45748789385876e-05,2.1323574860947214e-06,2.256285637905822e-05,1.72221343222069e-05,2.655971774498389e-06,1.0401450195492157e-06,2.999923052975778e-05,3.9815300185840063e-05,2.1939131034792725e-07
167,2006oa,64,3.422276313530537e-05,2.245532199421363e-09,0.0003122290479777613,1.0304183958016397e-05,2.8153268681586907e-05,5.2758839623467946e-08,2.5755853906156423e-06,3.375607794323457e-06,5.04652057963309e-07,1.310401155516297e-05,5.640033301990317e-05,3.9731080377775063e-07,1.5129762822117115e-06,0.00010120392870564994,2.8903317757025815e-06,2.2848162794183308e-05,1.0856889889367116e-07,4.536534341074289e-06,6.775739756076371e-08,1.2117804961096768e-06,7.054258560137971e-07,3.999974326693301e-05,0.0007128905055212697,3.4900361466881635e-06
168,SN2016aqb,150,8.820893672634687e-06,2.36198312369984e-05,5.86756270039351e-05,2.0166219090430107e-06,0.00022310799457359986,6.724818421271345e-07,1.192515238749789e-06,9.670613639045644e-08,6.258896262292118e-08,3.102499820114603e-05,0.0020340104973148847,0.0010949482553028562,4.7625742626705714e-07,7.84028857132163e-08,5.8522634820204304e-05,1.713973809406872e-05,2.9929164300918076e-06,2.470104685499061e-05,2.5828555310150603e-09,4.16939240146727e-06,2.474373577560085e-09,0.00016000017782425574,4.329639961269099e-05,1.2012993548370793e-06
169,PS16bnz,150,2.3911790580822753e-05,4.3559919139984915e-05,0.00012409924507060695,7.39538693405456e-07,0.00025642573304263637,1.2539883161924448e-06,8.590719515467332e-06,2.5838148185255982e-08,2.4712565327433822e-11,1.3032066212337323e-05,0.0038266601250548753,1.1023483431713693e-06,1.32493692930509e-05,2.0257166129071524e-07,1.0400649826727837e-06,1.2249940180959762e-05,8.277604049457266e-07,2.3712617248476675e-06,2.872945614921206e-05,4.184557782763512e-06,3.7632048962722014e-06,0.00010999968981700511,6.3503594054103996e-06,6.527937347084595e-07
170,2007ae,64,2.0611370946254856e-05,4.409301099413121e-08,8.010209358536025e-05,5.474954994068304e-06,3.3647886690676976e-05,5.178961307202024e-07,1.2187834008969833e-06,8.232008190094814e-07,1.2539539331266059e-06,2.8729278989426954e-05,0.00015750207170595228,2.8195638657106323e-05,2.528212546324196e-06,5.475586740015526e-06,4.9561514828161055e-05,3.3177655287200056e-05,8.277715630791715e-07,1.56812743737772e-05,6.604237755159642e-06,1.3624866580831674e-06,2.044521509906097e-06,0.0001999997901536068,1.8223779235312931e-06,2.2500520154219994e-06
171,PS15cms,150,2.1252678817276077e-05,4.040234318490252e-06,0.0001285961713953683,4.410094930792224e-06,0.0001625395198640838,3.3603267686997673e-07,3.182181542819851e-07,1.4799396324712e-06,1.876919381759573e-06,2.7352974037178623e-05,0.00012232347143511374,2.9376246199567038e-05,7.224096046608286e-07,9.610423136064555e-07,1.0368447683798201e-05,7.3437473455360835e-06,1.369297866864183e-07,1.0956368438416395e-05,1.3542593305956516e-05,5.699365692567876e-07,4.973298464695797e-06,0.0002200002640450286,4.0068442936101734e-05,2.484056239319271e-06
172,SN2016ixf,150,3.960016259300231e-06,2.6936086173391313e-05,1.5878966933748767e-06,3.960108403288851e-06,0.00031021142163439874,1.2285821293644972e-07,2.8326581846156718e-06,6.342671812382961e-07,2.3054869426920865e-07,1.1491779975338415e-05,9.254484393077418e-05,9.768021204392685e-09,4.795737761806654e-06,8.009090070376298e-06,2.0976025070482823e-05,1.281628650015229e-05,3.624775390433099e-08,7.840174467680164e-06,9.986022466849584e-06,1.7722385107065558e-06,5.24417885367813e-06,9.999750139717822e-06,7.691264077976274e-05,1.0652189827448783e-06
173,AT2016aj,150,1.3913350635183161e-05,1.371701295951877e-07,0.00012365440929198133,3.97366677984054e-07,0.00024379403107583492,9.07825388404837e-08,4.770426279202336e-06,1.0933260291730307e-07,1.440031120894178e-06,2.5401475508954677e-05,0.00044058116531599766,1.7893152243023472e-05,1.9959105408348665e-08,4.285379858403118e-06,2.4305018774897075e-05,2.4010261329683244e-05,6.24581613551875e-07,3.960026653235943e-06,4.234445997661207e-07,1.444378253735376e-06,5.712551014724898e-06,0.0005899999132533557,2.580710075390097e-05,7.328407817495941e-07
174,PS15bjg,150,3.422207344894526e-05,4.134474925420427e-05,6.249901679793168e-06,1.2199788707208115e-07,0.0004363367821458436,2.847262709979037e-08,1.6087648250147704e-05,8.513785056292467e-07,8.645979966952905e-07,2.7877960218435083e-05,0.0005414925831565606,1.3542342787331574e-05,3.275953044114613e-06,3.0030468477420386e-05,4.006853218352889e-05,9.196818461785009e-05,7.253544842718285e-08,1.095598762202929e-05,7.895589164157515e-06,1.6718253876765732e-08,1.9317041832604687e-07,0.00011000000340681201,1.1696316189054382e-05,1.6629272133264483e-07
175,CSS160129,150,9.42478469952851e-06,5.9907472717429106e-05,4.221018380847624e-07,4.326383605897724e-06,0.00027532631855428993,1.962643068897929e-09,2.964874115059246e-06,2.8950618891770974e-07,3.60704119645866e-08,1.01756057020886e-05,0.0024860194359789933,4.384838056883944e-09,3.5341578463431167e-06,7.567693429619271e-07,5.505596219398251e-05,2.256205228665098e-05,1.1235400489799374e-06,1.482232366180683e-05,1.7471921292160422e-05,3.453736147091685e-06,1.135683628543556e-05,9.999827305151587e-06,0.0003122286783791353,1.0979698588202413e-06
176,2006al,64,3.552136214380816e-05,3.4339077215221614e-05,1.747233079961441e-05,2.2053512048394314e-07,5.21238562812042e-05,4.83141050881819e-08,1.0587381539250984e-06,7.30147284458936e-07,6.398812300882281e-07,2.7352616037307556e-05,0.00029172645620227124,0.0011764893816408675,3.685875277634025e-06,5.47263286318142e-07,2.4304596138242235e-05,7.398278260775139e-06,1.181368588110826e-08,9.671623632231952e-06,6.604856615897471e-06,5.475405435474701e-09,4.489787577841367e-07,6.999961108807885e-05,7.293106913378034e-05,8.709293216127567e-08
177,PTSS17-niq,150,9.671841191662492e-06,3.6864578433597195e-06,5.7608177352052974e-05,3.8460583201387066e-07,0.00021483840918122207,1.7050618869932088e-08,9.509085535106335e-07,7.810222114879029e-08,3.599343923023704e-07,2.6112053911403997e-05,0.0005870929500577694,1.7893388331806544e-05,1.144684810942126e-06,3.686652790541381e-06,6.241013191330986e-05,0.00012904997028594187,7.863973912596717e-08,6.812490386144156e-06,1.5815045540518158e-10,3.4620519211332745e-07,3.097843893304711e-06,2.0000403263011578e-05,1.664644030833183e-05,7.055807515025936e-07
178,2008Y,65,5.244436221248094e-06,2.580651358745703e-05,0.0010413533691179117,3.7255594000536185e-06,5.2253904152799874e-05,2.401378605652871e-07,9.268125659468718e-08,1.1251167320470296e-06,8.105556845942191e-07,2.2467832536629886e-05,1.1223188155376138e-05,2.171619841420322e-05,5.184595147280507e-07,5.6249986161355237e-05,1.2040939137675233e-05,0.0038316111608403,3.497787430903343e-06,4.6275893094728515e-07,1.3395654113377425e-05,6.438263631428423e-06,1.755616737565864e-05,1.9999915248232816e-05,4.6664194541592985e-06,1.5082839960635364e-06
179,PS17yt,150,7.056307723398922e-07,5.490818938941756e-05,9.860504716307714e-05,1.0027977151785827e-08,0.0002485474868333176,2.704407046916213e-07,4.68971816823191e-08,4.4223794712187903e-07,1.4448548281333767e-07,3.0030401343982688e-05,0.0008265626162213676,0.0011356903295787644,3.496966115368663e-06,1.6321776081467017e-05,0.00012544014722145214,5.107703994510979e-06,2.528333562817897e-06,2.352257910645094e-05,4.84015071504796e-06,3.2761929181900767e-06,3.13683290997617e-07,4.000013299077735e-05,1.6130201087160428e-06,3.6983973418849847e-07
180,PS16em,150,1.6728774483283637e-05,6.464254934032687e-05,0.00024367222188373394,4.409656489279962e-06,0.00014432604309859778,8.287994386901865e-07,2.4896791656521533e-06,1.74288748209378e-06,2.9239996551487513e-06,2.0251543890150575e-05,0.0005574339894051372,2.070212179576883e-05,1.5134439570949065e-06,0.0001876897638298826,0.00015600073642560441,0.002332889785510134,9.001965183375732e-06,4.635775032978129e-07,2.2374409779479798e-05,1.5537547371633625e-05,3.047016639527722e-05,6.000197072630192e-05,6.81235226495519e-06,1.4503928116894882e-06
181,2006on,64,4.92652576392083e-06,1.3031019983646835e-05,0.0017707250549766664,5.173523448219475e-07,8.253070037455082e-05,1.4417904243071988e-07,2.7373619996790693e-05,7.675516696427354e-07,5.8536743139762926e-06,2.323305158878977e-05,0.0009690776702731656,0.001114892642709215,2.255969226708579e-05,1.017863374523642e-06,0.0002157960026742435,0.0020304043583062696,2.1884623765330846e-06,1.297593597186092e-06,8.701499078469371e-06,4.263826359932749e-06,1.3469320849026495e-05,3.0000523252797506e-05,0.00038337390048265654,1.3730556551357076e-06
182,ATLAS16bwu,150,1.362681233789409e-07,2.915918315346197e-05,0.002345463986949438,9.363494044147685e-06,0.00021934651694447208,1.5627136517801232e-06,2.0132588871533963e-06,4.5025603576838436e-06,5.481173098974279e-07,1.5839717011949944e-05,0.0019386415765204786,2.960185926936809e-08,5.475447061205341e-06,0.00012100013637947674,4.596777403698474e-05,0.0005822576262742331,7.840710401708223e-06,6.731398382447962e-07,2.9233922224682074e-06,1.369496825003036e-05,3.132451886794785e-06,9.999993781473898e-06,0.0009290295361494352,2.421065262082911e-06
183,PS15bdr,150,9.979988464028141e-05,1.763968045905874e-05,3.9598388951239336e-06,1.0402634147300277e-06,0.00023956815923588306,7.224963079980468e-07,1.5242650181282458e-07,9.237974870077506e-07,1.939682441731011e-07,2.4403381084498257e-05,0.0010608056266146896,1.036852372945582e-05,9.734704064083902e-06,8.464011407253742e-05,3.387202644055537e-05,0.00023808491891309357,1.3921557137832469e-06,2.59191262151192e-06,7.1821872231021475e-06,2.861263466847133e-06,3.132710405748425e-06,0.00014999987814965244,0.0008088337113964896,2.7137613789821047e-08
184,PS15bwh,150,1.624062880021919e-05,2.0340049683513148e-05,5.152799556868218e-06,5.904801386564032e-06,0.00031971689427571885,1.693928389050192e-08,2.108244644650689e-06,1.12011218189427e-06,4.391020178885763e-08,1.0823870946358519e-05,0.003328136525361068,4.000676675358639e-08,5.953505882973914e-06,2.872945125654766e-05,1.8318229060383315e-05,2.0735554518858806e-06,2.3012755404581975e-07,9.734142306308188e-06,5.6645296444349236e-06,1.7812892998403385e-06,5.382253926679986e-06,9.999775048423129e-06,0.00023839345212466924,1.5078347922279495e-06
185,PS15mt,150,3.5640344743343225e-05,1.944757242811415e-05,7.6725724919742e-06,7.021870779980524e-06,0.00022694770835058296,1.2203017969378283e-08,1.1019365411535365e-06,1.5246187343928574e-06,2.3004628965650475e-09,1.0303798509032902e-05,4.2510631855537453e-05,2.2020875006974194e-07,4.080243633157107e-06,4.284144143175059e-06,1.8771058784214367e-06,3.881212631165823e-05,7.56341698462254e-07,1.2816657995635972e-05,3.5722818629603525e-06,2.4152381434324605e-06,6.400646323071607e-06,0.0004999991991932948,0.00010140478111648338,1.9938222983947873e-06
186,PS15atx,150,1.6320879744062544e-05,6.60962076238572e-05,3.9674520417587456e-07,2.403154821632725e-07,0.0002261076074302204,2.2534053869399662e-08,3.283237909233391e-05,1.0212505973071495e-06,4.7611560143046017e-07,2.8728920844864336e-05,3.091275830114856e-05,1.459226574922548e-05,1.0432462703813955e-05,1.8834829609872678e-05,8.262758801646022e-05,8.61179016476768e-05,1.166422428946351e-06,1.8403522935819816e-05,1.0956036803642932e-05,1.3518871092542406e-06,1.9282722125632534e-07,0.0003099993180174128,7.62129229233445e-05,9.90373637925479e-08
187,1371046,10,6.200715322493555e-06,0.00015700087069330654,0.00034299172389691546,0.00013018961758964886,0.00013934566523077924,1.02110289689622e-06,1.276616293247046e-05,4.302608584298706e-06,6.251427776687857e-06,1.831830357831854e-05,0.14957557735077548,2.4801117296795183e-05,4.899877710448641e-07,0.00024900856216802936,0.0001172888253062887,0.006948889777433118,1.4440043015380433e-05,2.8572015073891066e-06,5.402350613382262e-05,2.4601587960471072e-05,0.0013542401601436133,0.0,4.913060172861972e-07,2.1329406892714453e-06
188,1318737,10,8.446927092300993e-07,0.00012320886666698783,0.0004355553333567838,3.2383723666609687e-06,4.470658720252124e-05,5.031001712452188e-07,1.1329361587542053e-05,4.638360459011115e-06,2.6238747822607267e-06,1.9534620595812457e-05,0.0001517811648306805,2.621330937743055e-05,5.2319812413048616e-08,0.0001247685503066795,4.0704072019344395e-05,0.0025704888026550424,9.609710263418225e-06,7.376152773366784e-07,4.8998360781420114e-05,1.6753695184071327e-05,7.5054865781507e-06,0.0,0.0010055227511415188,2.6617720695273905e-06
189,Gaia16aki,150,1.0627732546694343e-05,7.896114632834766e-06,7.31024113504921e-05,6.656313429651006e-06,0.0002217133469425668,1.1545011479111023e-07,4.359893557376315e-06,1.5160100851670938e-06,2.501651800868726e-07,1.1356929890614723e-05,6.922272965226295e-05,3.248202932841504e-08,1.904303377152014e-06,4.7059923995611264e-05,2.2848614689999214e-05,1.9272134656897477e-05,1.2178524959327586e-08,5.905046694263533e-06,2.924242471551153e-06,1.4475981154928041e-06,2.5920001783114044e-06,1.99999087670457e-05,0.00011470398048522845,1.6900443092025125e-06
190,PS17bii,150,3.0691413206312274e-05,1.1833382110554291e-05,7.31026092699056e-05,3.486122588519658e-09,0.00025782808127409844,1.2210716216626283e-07,1.4039699343352738e-05,2.75468239118587e-07,9.798734021560646e-07,2.5199994422705693e-05,0.000499075245460355,1.4668542127567463e-05,5.181363045905774e-07,2.1606424440157035e-06,4.556225145406316e-05,8.099994223573562e-05,1.8468477257921334e-07,6.100816650504368e-06,1.7684609049748584e-06,5.363653989669259e-07,2.2198837649704123e-06,1.9999694262740758e-05,4.38244951245538e-05,2.619919930706843e-07
191,2005ir,64,2.1529340124153834e-05,1.8465494795987664e-07,9.082073038690127e-05,4.284742199117501e-06,0.0002931848448006263,5.775134524202072e-07,3.632244791910641e-07,8.078608471654911e-07,1.0811932165183044e-06,2.7457282871643472e-05,0.003999297548931915,0.0010666754123092766,4.899446257623785e-07,3.7087810664962126e-05,3.2718001548285094e-05,3.1472046666599675e-05,1.0404137281800827e-06,1.6727819549191766e-05,6.350175048717294e-06,1.6659680948218417e-06,1.715869113014419e-06,0.0,1.0880975771353912e-07,1.710866535717566e-06
192,AT2016gsu,150,3.540259246991723e-05,6.100946740453597e-06,5.655070878317521e-05,4.402026645804191e-08,0.00030740306580766263,2.1151392849867723e-07,6.037043138677062e-06,2.0808987422939185e-07,6.727425903678419e-07,2.4403942649131594e-05,0.0013512983356191773,0.0011675892208162768,2.7036987391287903e-07,9.029530652869544e-07,1.1696944200216552e-05,9.78124632865264e-05,5.625227596662424e-07,4.243636496023551e-06,8.838494288780641e-07,1.325412393499495e-06,3.6100734622374064e-06,6.000022958899988e-05,6.243404938200553e-07,2.502458663327517e-07
193,PS15bif,150,1.011272687815451e-05,1.9050004066833298e-06,0.00034969032179978446,7.784226430386856e-06,0.00016430208075238206,3.850671639205744e-07,1.0459285403148152e-05,3.3297083035718766e-06,4.8819241251982226e-08,1.253230287561087e-05,0.00731025214135346,1.3740144790691522e-07,1.6908206139070597e-06,5.776095344679072e-07,8.35220476208716e-06,0.0001527697370714478,1.3921496561670327e-06,1.2542013019065795e-06,1.4416744375383983e-07,3.406901833017187e-06,1.413528143492937e-09,-1.4873719964003662e-10,7.270254720817548e-08,2.0511703004207765e-06
194,Gaia16acv,150,7.562357557423793e-07,6.225151732213146e-05,1.6402469894685225e-05,1.6635146246682386e-06,0.00028868586252141313,8.977923064614618e-08,5.892568892317332e-07,1.0590860652880119e-07,3.022550747883157e-09,9.671632530332958e-06,0.0001718720123277482,1.3650769825797326e-07,1.5209921643212672e-05,1.0811584295221041e-06,3.9564036715316296e-05,8.097985101027105e-07,4.755338582690047e-07,1.1764921037773005e-05,2.3425019636259294e-05,2.7289976866741797e-06,1.0497118445366299e-05,9.999670857491205e-06,0.00036023992525813665,5.125139181079777e-07
195,PS15bzz,150,1.738926186602499e-05,3.4601044512361234e-06,6.288510300001861e-05,1.7671658049042693e-07,0.00022375381203930053,7.867543230268004e-08,8.991775813805419e-07,9.489532515165322e-08,8.103308013797383e-07,2.4206409122479525e-05,0.0005635876522882451,1.6646761869470658e-05,2.310394455137116e-06,2.3105437943187618e-06,4.1731848785784426e-05,0.00012859570930713604,2.9159439925152686e-07,5.336406727557766e-06,5.8058964897897414e-08,7.734545080656519e-07,3.648561799305186e-06,3.000032464445246e-05,1.55239666184432e-05,3.6983190868263016e-07
196,SN2016glp,150,3.3523253140575054e-05,7.499581526330262e-05,0.0002053486127894487,1.3689871334040399e-05,0.0001735246443845609,9.644308537198887e-08,3.354869281164963e-07,5.235619413897913e-06,5.619104510544426e-07,2.1621697160238706e-05,0.023796150257808648,3.516470416502909e-05,4.2901757354895514e-05,0.0002879802050673244,0.00013202042129866268,0.0007059642510779812,1.122850795752528e-06,2.402116086069883e-06,5.5950157048598875e-05,2.934604178533168e-06,2.0793791100592873e-05,-6.065459176585186e-10,9.801037142713812e-05,0.0001267876739946168
197,2006bu,64,7.499549079139148e-05,6.864208486409215e-06,0.00027225024567105634,8.820430325516201e-06,0.0001316636917900061,2.1322824506325028e-06,1.6571539379617306e-07,8.451556530088972e-07,1.1876035576029176e-06,2.905219714276555e-05,0.0004153448328274058,3.375561965048533e-05,3.6107809363670335e-06,1.8063186820672233e-05,5.9289242344664e-05,0.0001320206749269113,6.350761609761821e-06,3.445663112335365e-05,5.7126092813560014e-06,9.795402471181325e-06,1.6501901888357762e-08,0.0,0.002749954328870159,2.017195568354904e-06
198,SN2016grz,150,3.528146030442117e-05,9.486573306585755e-06,0.0015249004912721471,9.119355817894387e-06,0.00035654156077407836,1.2198894348489087e-07,4.246589813849955e-06,5.329914659409074e-06,5.922572357958122e-07,1.1559405679695961e-05,0.009824775979037949,7.378476568412062e-07,8.077249511982687e-07,0.00015850653799705933,6.272560886743869e-05,4.4222298639397944e-05,9.5894563964527e-07,1.7401268463598796e-06,3.840978796104677e-06,2.3508313509515433e-06,4.8000995858665796e-08,-1.3839953107164238e-09,1.5363668302119382e-06,2.716085939828e-06
199,1864053,10,7.656196401124686e-05,2.6832185514335735e-05,5.569394440742628e-06,2.914873148164576e-07,0.00027662462995086713,4.898853799215064e-07,1.1084781982185349e-06,1.0404064829643705e-06,3.57459970356383e-08,2.2277758900141748e-05,0.00232806296013424,1.0496972151510797e-05,4.284583615283069e-06,0.00016718491698144468,0.00026536377053307074,0.00035796643904255007,5.475023501632509e-07,4.5793304784824684e-06,1.0176123641264523e-05,1.322560294059194e-06,0.0006249994583883683,0.0,0.0006225023800277129,2.206714672103871e-11
200,1344303,10,5.759517305817252e-06,9.840860527067508e-05,0.00016899901950455376,2.642066285297312e-05,8.318492043101616e-05,1.6875072804539704e-06,8.135087641580885e-07,1.2934201982839344e-05,4.621993333703278e-06,1.4745805077397145e-05,0.006485078343755349,4.886882460641839e-07,2.604178002407753e-07,0.0007027816733899822,0.004287630168692366,0.004838592754865638,1.3034608064455e-05,3.3887105474819657e-06,2.246973277372083e-05,2.1319731052002466e-05,0.000447320370338955,0.0,0.0002666660081775338,3.7356538780189408e-06
201,1317612,10,2.0611620025742794e-05,1.9321808045445754e-06,3.2465592579231095e-07,5.616592918433055e-06,4.907925844842634e-05,3.720970481943531e-07,6.173968916632633e-07,1.2110084518165976e-07,2.9242279370768343e-06,1.8922785884428056e-05,0.0003924360074717692,1.697454224039094e-05,4.28525273569666e-06,2.7353099868201308e-05,5.446483175591127e-05,6.496380136651256e-05,2.496124800317051e-06,1.1232219920762065e-06,1.5874750079747368e-06,4.7247469488476135e-06,5.5651536311748795e-05,0.0,2.6317082446453838e-05,3.407802137353477e-07
202,1259241,10,1.7556351789786706e-05,1.274540192701748e-05,1.7056621818879042e-05,6.0943667124988e-07,6.947424824738438e-05,5.196767644440048e-07,1.3241532681798618e-07,5.725181341648122e-07,2.342204560707578e-06,1.7808509775979475e-05,0.026529901370893005,1.8319731859117727e-05,2.823041900971296e-06,2.2944364631842518e-05,5.241850800328379e-05,0.0007590034602091185,4.410910219299069e-06,1.7737589760868921e-07,6.401821917662032e-06,8.01434670108514e-06,3.611662051095088e-07,0.0,3.6482644534242825e-05,6.097171690068459e-07
203,1330031,10,5.040855869248295e-07,2.5100659274927307e-05,1.1696876980650701e-05,1.0627772795077095e-05,5.406441949088597e-05,2.1150451225658562e-07,1.1534390592701088e-06,4.595137611171189e-06,3.250491614672363e-08,8.179527791376227e-06,4.610426303992051e-05,6.286160711150429e-08,1.3913131189173186e-05,1.0562595947314485e-05,5.285339223130587e-05,5.153437177280416e-06,3.976017933296494e-09,6.969658796556269e-06,1.2745247571012072e-05,1.8915245720676002e-06,1.4801518470088093e-08,0.0,0.0002815689871107649,5.780489771836303e-07
204,1336975,10,6.605090612290046e-06,4.546457307852414e-11,3.93128953701128e-05,1.3716779484473918e-07,0.0019131118032618653,5.2719527238523356e-08,3.459915730499169e-07,1.5941928691552698e-07,7.053792786797936e-07,1.9625425364027532e-05,0.0003920405437500586,1.8922619049186254e-05,2.4966012986005898e-06,2.6112133487349656e-05,1.398752417171474e-05,0.00011859183659831962,5.333591554246286e-07,4.244105568203954e-06,1.0199877436157384e-06,1.2999557555525704e-06,3.422230739835025e-05,0.0,2.6316683427684423e-05,3.2277297393017157e-07
205,1289982,10,8.607821655459702e-07,2.266119554406032e-05,0.0013802950925310142,5.966285243630409e-10,8.974576485343277e-05,5.333276931196451e-08,2.2995664039626718e-07,3.043933247681707e-06,1.1765951057896018e-07,5.866815627086908e-06,0.005728923148126341,1.654625521041453e-07,3.693705366458744e-06,0.0014779982375330292,0.007457095794961788,0.0012214508169563487,1.4499528333544731e-06,7.252019713632762e-07,4.074012394994497e-06,3.562337951734662e-06,5.8537400036584586e-05,0.0,0.00023062017862685025,1.8475111573934555e-07
206,1879649,10,1.675929524935782e-06,5.108397454023361e-05,3.875713446177542e-05,3.176883183186874e-05,0.0006201417490956374,2.9809598345309496e-08,1.6469275578856468e-06,1.7869460862129927e-06,3.239838406443596e-07,6.6799839260056615e-06,2.059940015897155e-06,2.2103966330178082e-05,1.353473635390401e-07,0.0002592908276710659,2.8557282348629087e-05,0.006301916000666097,1.8657956388778985e-06,9.007853805087507e-07,2.009968739002943e-05,4.461166099645197e-06,0.0004299278007238172,0.0,0.00010959780047414824,7.295602699741721e-08
207,1833339,10,2.0249324863675852e-05,4.334147690396306e-08,2.6896789693704737e-06,0.00018036406636194081,0.00032400008585886826,3.131569090656511e-07,4.1145813095382067e-07,3.121350906735987e-08,1.6633478216940278e-06,1.6483558571660575e-05,0.0038576529373756836,1.58403694476561e-05,4.4937180060395515e-06,1.680184221215103e-07,2.689398774482349e-06,1.7977602837249487e-05,1.537575474710659e-06,2.1901916762521317e-06,8.371627775380364e-08,3.0605500663492824e-06,3.968965967162362e-05,0.0,1.1491611387534975e-05,1.2641215207075118e-07
208,1334084,10,7.8949975680781e-06,1.866148080849339e-05,0.0024383846551685184,6.450388563949971e-06,5.388406392669437e-05,2.957871704914461e-06,4.716927643977353e-06,9.584687682279158e-06,8.448784880668581e-07,1.0368772831025053e-05,0.007841102099486366,1.300774732163057e-07,3.763613176131775e-06,0.000385335946500108,0.00020592087830283157,0.0025694767985985426,1.2673558436364363e-05,2.8541993024461254e-06,4.1015832112634154e-07,2.190688907557914e-05,0.00016205317095149135,-9.672874307087298e-11,0.0007513062248920774,1.000072054412049e-06
209,1815065,10,1.4061627893604406e-05,2.62133008129585e-05,3.3855782034519777e-06,8.643464865232264e-07,7.752314771938482e-05,7.722081922720281e-07,1.481311457771084e-05,8.759883813776181e-07,2.130761004283388e-06,1.3467656789428045e-05,0.0005161979720952579,1.9007659200959148e-05,6.721130229175865e-07,1.3763629039591219e-05,0.00017688999182129475,0.00028831954674869015,7.182006613312003e-06,7.690663317988511e-08,1.2887634670531029e-05,1.2547223320773238e-05,7.039125091753973e-05,0.0,7.140186568630608e-05,5.4575390511305e-07
210,1317666,10,6.566750181194458e-07,6.051849479098148e-06,3.2035996187836785e-05,1.0612083970532038e-06,4.7667733156047526e-05,4.020669150048284e-08,1.4048950350634137e-06,9.473297665867075e-07,1.690897906053701e-06,1.5210810334710667e-05,3.516517696892929e-05,0.0011062277949107774,4.495413325859843e-07,2.601041973426116e-05,2.371699858540882e-05,0.00032328116694965367,1.1668219109563227e-06,2.5610088216117266e-06,8.46839459365395e-06,2.5450377695128423e-06,5.285402902922495e-05,-2.2781971448226912e-10,1.8835443723171086e-05,6.655500228783251e-07
211,1296657,10,4.973848670229708e-06,5.777778971996494e-07,0.00011151355074245917,6.657196637671614e-06,3.760426296736327e-05,3.603674481322816e-07,3.652429339463109e-06,2.5320039515087933e-06,6.1781413318584555e-12,6.554116877992289e-06,2.016444108816212e-06,1.0965826247738564e-07,3.841761621194151e-06,0.0001718723465607662,0.00021286844541188246,1.3690913892704798e-05,1.167279387214587e-06,1.5138421359771337e-06,6.969485735058845e-09,3.1416979104637033e-06,6.917573605092625e-06,5.2473789202700516e-12,9.350973236855672e-05,1.2374450419315453e-06
212,1283923,10,5.5204799340527466e-05,1.6160520125801242e-05,0.00045198805644187587,2.7552734429940606e-06,0.0001697941565849126,2.1319872638703163e-06,1.4274836136057845e-08,2.0126019388555516e-07,1.2114195578859233e-06,1.1425048588815934e-05,0.0007409297442080923,1.3177664647995996e-05,6.60409211811902e-06,9.18689052956112e-09,1.197256575222877e-05,0.00013270985874644023,1.2249278142670988e-05,1.4635705101080643e-06,3.421761805452034e-06,2.0905358228871795e-05,6.9889238616231e-05,0.0,3.573197271712625e-06,1.4162035901627013e-07
213,1316385,10,9.549059168702245e-06,1.6127873814011928e-06,9.158508131522011e-05,5.808732802689565e-06,0.00011425285687323428,2.608542729320984e-07,1.5685071939192108e-07,0.00029139501399573844,1.162258907068392e-07,6.451563790921266e-06,0.006918913764802977,2.509872459310891e-07,6.916674509822168e-06,9.101134125320126e-05,7.089682654137092e-05,0.0007745087668828698,1.0006320512838396e-06,1.7688263620058153e-06,4.2339375095137854e-07,2.6605544422124427e-06,0.0001418481026093689,-3.317700870975049e-10,0.0030813603767398043,1.5175657628596628e-06
214,1530193,10,1.8404079591857053e-05,1.2744053249903048e-05,2.917972270304048e-07,2.016993264932626e-06,0.00013466296529971583,3.2480501886006374e-07,8.882141200733384e-07,2.6714665407497062e-06,8.009759577612408e-06,1.5841233216542377e-05,2.8622530581372957e-05,3.237670765886963e-05,1.4392056050388513e-08,1.989226238766073e-05,0.0008868483124234612,0.0002253008874458437,1.4159597105933841e-11,8.123408057537918e-06,2.672852040169066e-05,6.563866804427942e-07,0.0006885370284317668,0.0,2.6256717831039944e-06,1.6386937532510137e-06
215,1293758,10,2.851578670682621e-05,6.812017084083417e-06,7.128818010182503e-06,1.0900479151428055e-07,4.483420419081584e-05,3.026714814995113e-07,5.269409269238745e-07,3.7081482606466515e-07,7.394352931969217e-07,1.536671713103701e-05,0.0007463828270336198,1.339564118510786e-05,7.398250394005483e-06,2.265804422111814e-05,2.5919467839747093e-06,5.9598680893404275e-05,6.565663391378332e-07,4.0401868060995286e-06,2.3102517176989273e-06,1.492972888382342e-06,5.107745580754108e-06,0.0,2.342562983112268e-05,6.745802259670863e-09
216,1871023,10,2.1316154743544757e-06,4.921130312141031e-06,3.5723169276025146e-05,4.322631866671145e-06,0.00011501659173518419,1.960142981261015e-08,2.7575879357755184e-09,2.4796463549137115e-08,6.257323548197746e-10,9.392766514793038e-06,1.382132904836908e-05,2.1837935491930693e-05,1.6960984794422984e-07,6.897156708873808e-06,3.6687728425022215e-05,1.050142600433901e-05,3.3580727176740766e-07,9.494680853094906e-06,4.304456524550915e-08,6.870104698464274e-07,1.1082083801738918e-06,0.0,7.430942787323147e-06,4.619505489245057e-08
217,1277173,10,1.568205200061859e-05,1.3249566701709764e-05,0.00010920233024403272,2.7074255763009925e-07,0.00010002889598863945,5.2910163316627346e-08,7.416570461313277e-07,2.3386274922848616e-07,3.726629069569776e-09,1.632144927662081e-05,0.00011968352242452268,1.474558540219377e-05,4.040487484419444e-06,8.653594277489157e-07,1.0433298772356478e-05,3.0291951663534433e-07,8.155358390340983e-09,8.236792483257843e-06,2.9928983832951117e-06,1.0483702493624403e-07,2.822159061038193e-06,0.0,5.760047830203827e-06,1.0744140957127946e-08
218,1247420,10,1.0890418049787007e-05,1.988461348547549e-06,2.12525973715353e-05,2.34115418930661e-06,3.075995824830882e-05,6.887841138489281e-07,7.831497935654325e-07,9.609920740977218e-07,1.4547328033159834e-08,1.7977362577801734e-05,0.0009186967506639512,2.7667850742327596e-05,6.778326840269078e-08,2.5502424204860638e-05,9.922673152340175e-06,0.00013294125730721647,1.7164149132640333e-06,1.980231648456704e-05,3.4971205135798933e-06,2.6188896289965763e-06,2.116032723018836e-05,0.0,0.0008749765391593695,7.331912156294251e-07
219,1306366,10,5.920333728953731e-07,8.911241996473196e-05,1.6399857286839015e-05,1.766502731259667e-06,8.969244278998756e-05,3.4569928455061016e-06,1.6939583470751418e-05,1.8435469786408365e-05,5.646821777186006e-07,1.055971671958672e-05,0.010623426426084541,6.272303634119458e-08,2.079531408612917e-05,0.0025867372133059965,0.0005645350804891619,0.0018913821867912808,2.2279571423866606e-05,9.859967153878768e-06,1.9890000245721684e-05,3.626422607173885e-05,0.0035581183429452337,0.0,0.027969216329546985,2.200850600299342e-06
220,1317164,10,4.5429590397223774e-05,3.564269088887628e-05,0.0003378264918596288,4.043090028760937e-06,9.999671928786341e-05,2.435903027456915e-06,2.468876898926997e-07,6.391462683760785e-07,9.30295080777202e-06,9.923046110252992e-06,5.745844709016332e-05,1.4593324863254598e-05,1.1029516574015408e-07,3.5738815164533533e-06,7.174339023863219e-05,0.0005396329566482103,1.6242278412854916e-05,3.5357219315343413e-06,1.0563013212172567e-05,2.7531783251891206e-05,0.0017581246972753761,0.0,0.0021511040279399915,3.388339368873283e-07
221,1299775,10,2.795333354579932e-07,6.383954554935872e-05,0.00018441594375898096,1.0562929546750754e-05,6.312971545688328e-05,2.207553123842465e-07,2.2667684335120342e-07,4.435230920786515e-06,2.922541449970617e-06,1.0890092934257023e-05,6.839161147877831e-05,2.7773127354226157e-05,3.6780241005618386e-09,1.4591976017976072e-05,3.6602623501164055e-05,0.003477460676038255,6.603845822891752e-06,5.316298079538484e-08,4.733305769195201e-05,1.1858431381572831e-05,4.839263951478268e-06,-7.739196089540101e-10,1.2110671495840775e-05,1.420803293815387e-06
222,1578103,10,4.883626594405499e-06,3.080243069144423e-05,6.099659251520076e-05,1.0400281070487016e-06,3.833487506396671e-05,5.634302582858963e-07,2.7733925117880143e-06,1.7035907895861235e-06,2.281298145688504e-06,1.1089269900614596e-05,0.00020880405767423338,0.0011135561345119484,3.590307123130243e-08,7.406176643874607e-07,9.42414415963655e-06,0.0012687851041010625,6.761368126186745e-06,4.825138000610907e-08,1.998089261920702e-05,1.1980240179360752e-05,4.666685278594679e-06,0.0,7.39971878112658e-06,7.269400857171093e-07
223,1250034,10,3.3861894221890593e-06,2.242354839657179e-08,8.2859638735229e-07,1.2933925776920097e-07,3.565888294112217e-05,3.9780264363825646e-08,5.008970992934417e-06,2.0694309284599588e-07,5.778498817759353e-07,1.391293711266138e-05,0.007054321989982236,1.944826676730793e-05,3.015251416604858e-11,4.536634829244157e-06,3.1328233404178535e-06,1.4887561277116684e-06,4.905447305962596e-07,4.326212064181129e-06,1.4398070767827897e-06,1.2548728295109363e-06,7.562851381412439e-06,0.0,3.27607509936767e-06,2.011489623060525e-07
224,1479069,10,1.2460535999852737e-05,3.60975915279782e-06,3.1024884084376175e-05,5.3356420616490485e-06,8.612171068522224e-05,3.098170284557278e-09,1.4068117893360765e-07,1.232229732826308e-05,8.462412309645506e-07,3.647667964082335e-06,2.9484460149857214e-05,2.497839984624134e-07,7.839675732318127e-06,5.7455907537376505e-05,0.0004108722596137711,3.021331022000362e-07,1.0851892264483742e-07,8.584531688669503e-06,1.1657409225828558e-06,1.3605161000990185e-06,1.1660144003753509e-06,0.0,1.562077145184429e-06,5.893280598193856e-07
225,1303279,10,5.1726501554272275e-11,1.3987998608174478e-05,5.43167215860587e-05,1.8467185759762916e-07,5.599224109464028e-05,2.4020379371398476e-07,9.025704829617592e-08,1.0246213184936931e-07,3.724552585723795e-07,1.5523897122169013e-05,2.4010351595175373e-05,2.0611716362578872e-05,1.7958039680394597e-06,3.598502444019172e-07,5.3729244143235766e-05,3.920438385494711e-06,1.4158327687231742e-06,1.909690804008813e-05,5.040267248134639e-07,1.8820472256139698e-06,5.3823014494166e-06,-6.595221417604602e-11,1.0054556865909947e-08,5.752711798503313e-08
226,1770639,10,5.5310665629804134e-06,8.163660822901875e-07,0.0001106560775951948,9.83025529421866e-07,3.283952173660509e-05,2.737579052336514e-08,1.8766695575322956e-07,3.0515184334944934e-07,9.39871824812144e-09,7.623737474204972e-06,0.0007944939661683748,2.5517610993119888e-05,1.291482476517558e-10,0.00010186507824982982,3.7818246710230596e-05,2.864264024537988e-05,3.018267307197675e-07,9.020030120154843e-06,1.5657296899007633e-06,6.482696335297078e-07,0.00013892474089516327,0.0,0.00012791356675734278,3.755121724680066e-08
227,1294436,10,4.0512531995773315e-08,1.3450044207274914e-06,3.245077095925808e-09,4.775356501340866e-07,0.00023791773128323257,2.3283064365386963e-10,5.813635652884841e-07,2.6781344786286354e-07,8.459028322249651e-08,5.901092663407326e-06,0.013975726833450608,2.0446241251192987e-05,1.4994438970461488e-06,4.445610102266073e-08,2.841232344508171e-06,3.900621959473938e-05,9.060022421181202e-08,1.6068952390924096e-06,2.9900111258029938e-06,2.655870048329234e-07,1.633452484384179e-07,0.0,1.2791133485734463e-06,3.060267772525549e-08
228,1303496,10,1.1975615370890536e-08,1.0497019752916253e-05,1.6729148817336975e-05,1.1241020349758712e-06,3.3128441168588096e-05,3.549354071416544e-08,3.2321267107171536e-08,1.10436594780855e-06,1.2998558104986013e-06,1.0957246145620186e-05,0.00013572281410296344,2.401058812808929e-05,4.093401505950167e-07,1.8148820847479347e-05,3.68443529801428e-05,0.0002924109627200841,1.6383011459189523e-06,1.850656099217779e-06,1.4670162220713906e-05,3.3886867703732115e-06,2.2086377345076347e-09,2.1934526764355589e-10,8.461595962169777e-07,4.149585380169851e-07
229,1339392,10,1.0692851661367811e-05,2.2199497035878257e-06,4.752027694057345e-06,4.4520365086644226e-06,5.395665412135861e-05,1.4415886033167236e-07,1.2056913565820088e-06,1.3219467081930503e-07,5.777405453974427e-07,1.1902558473591424e-05,0.0004289040303411453,1.5761019186924172e-05,4.368090544647554e-06,1.1222448953676287e-05,2.8729782235413504e-05,4.2640990141833146e-05,4.623360476841559e-07,4.622422777144156e-06,2.1143183559328704e-07,1.118959153076013e-06,1.368751894150963e-06,-7.175954275240315e-11,1.0610254030582467e-06,1.2412768729541668e-11
230,1250017,10,3.5720504230687955e-06,1.3987659272145583e-05,1.3395466258885047e-05,2.4025912891204038e-06,3.7973061629389265e-05,2.881929210031553e-08,7.387647410041567e-06,1.507817088942931e-06,6.720458206044277e-07,2.9239394403607344e-06,4.705957374007835e-05,7.896406022112057e-09,3.76375637615306e-06,3.283298993500723e-05,5.759762855666803e-06,1.0812376280873448e-06,2.7027153421538275e-07,1.0112576382467417e-05,8.29428033117044e-06,1.9561715458166207e-06,2.0884760331341817e-05,-4.3478422945275597e-10,3.920579763998233e-06,2.2624279783986512e-07
231,1257695,10,3.2475653259644854e-07,1.3987216818913545e-05,0.00011642382187527188,7.053563771362847e-07,5.658397545193171e-05,1.763727732438658e-07,3.7459007576345904e-08,5.7369410002075516e-08,3.9600294210462295e-08,3.097179931643018e-06,0.0002752281900997265,3.608046106502727e-08,1.43641596985003e-05,1.1833608817903365e-05,9.564822295984703e-05,4.284925088937977e-06,8.06929011804014e-09,7.182369936117872e-06,1.135660243120791e-05,1.8289519064761117e-06,5.569305951191872e-06,-2.8375729543839157e-10,1.3673319490536961e-07,1.3501743817943834e-07
232,1296321,10,2.3425063796975176e-06,1.3988501338678405e-05,0.0006436369401028458,2.923834113897905e-06,5.85420705465009e-05,9.211566857694753e-07,4.5240313301803114e-06,1.1189851679138663e-06,1.4398950191826798e-06,5.15234025907918e-06,0.0003976042988906234,1.8441143904979196e-07,7.5621755152091574e-06,0.0008922167434789949,8.117946899478812e-05,0.0022848404493048674,5.153315383414625e-06,4.570917432750177e-08,4.079619430115422e-06,9.279596853074834e-06,4.9726905912983455e-06,3.6464937319680146e-10,0.0002832497364998812,8.620506688622465e-07
233,1336453,10,7.075415684652114e-06,2.433456509806989e-06,2.7353373314296936e-05,2.9588068075209195e-06,7.250812584183065e-05,4.370016333000992e-08,2.7023877662429863e-06,2.9485884698865483e-06,4.393669513109988e-08,3.20403416080757e-06,0.0003196949347429121,1.4467305534983377e-07,7.075836967476712e-06,2.1251891199827386e-05,4.040340958130079e-06,7.447651587388915e-05,1.157739716595163e-09,6.605379963633279e-06,1.2999524339127322e-06,1.2669615503651394e-06,1.5920271200167355e-05,-1.6720492004851373e-10,4.816319368923863e-05,4.1490180837343293e-07
234,1273127,10,3.27185456183883e-05,7.051317223154968e-07,2.102977570426004e-06,4.495198362366656e-06,9.652660888145002e-05,9.603994023579115e-07,1.022035569786528e-07,5.524919393044142e-07,3.349610128464825e-06,9.797177217978764e-06,0.0003508133527459229,1.1834422006940307e-05,9.548746753473142e-06,6.248436071696478e-07,2.723260271638925e-06,2.1068452650785732e-05,3.3119884625398832e-06,6.721642987414511e-07,1.0402591262698158e-06,6.168029411775938e-06,4.4622346503021826e-05,5.072260996635825e-10,0.00028900101209805053,1.3488098120524594e-07
235,1295844,10,5.003035767003894e-06,2.909691829700023e-07,0.00040637885467731394,2.2386957425624132e-06,0.00010214004214503802,7.338530849665403e-08,1.6043486539274454e-09,2.1219238988123834e-07,2.6109773898497224e-08,2.220127498731017e-06,0.00029014555548201315,6.31418515695259e-07,6.380279955919832e-06,9.040488657774404e-05,7.214111974462867e-08,3.937510700779967e-05,7.360722520388663e-07,5.111360223963857e-09,3.1441923056263477e-06,2.0455336198210716e-06,0.0004102787861484103,0.0,0.00035531546745914966,1.888111000880599e-09
236,1261193,10,5.7130256743698205e-06,2.580843811583744e-05,0.0002879841272067363,4.7994102590695475e-06,0.0005514937519046151,8.281859866579588e-07,2.560987396524328e-07,1.7623897638485708e-06,1.7431710641196974e-06,4.884605691791999e-06,0.00041575255786106824,4.768904695584553e-07,5.198648453275112e-06,4.502400687900199e-05,0.00023808662768235594,0.002624516348244829,6.150305755021901e-06,2.3295326179867404e-07,1.1358597644318957e-05,1.051582478048263e-05,0.0007617608708838236,0.0,0.0019096915908405551,1.1775146974840611e-06
237,1879208,10,1.188019715044758e-06,3.385500848018287e-06,2.5596963768720338e-06,3.1321875253202333e-06,4.0993050210118634e-05,3.245674765539261e-07,8.586300540187886e-08,2.664386255469761e-07,8.274262177660613e-07,1.2744836977494553e-05,0.001974913450360918,2.3912222756088813e-05,6.885154861741363e-07,6.002219588768787e-06,1.295930883674426e-05,2.25625255539574e-05,9.797319632633486e-07,1.680975486576669e-05,7.738614984818468e-07,1.392408249274897e-06,3.660175036826734e-05,0.0,6.150086791209541e-06,1.0236331207842675e-07
238,1253920,10,8.40958996837192e-06,7.617634534988482e-06,0.00021141161484025152,1.6639186926174776e-06,3.734631995753676e-05,1.5616826505287368e-06,1.2860496490189194e-06,1.253687606696946e-07,2.531495287179386e-08,3.533603052148157e-06,0.0008503055785156113,8.280599900663266e-07,2.088443120750079e-05,5.5800706299315855e-05,2.237280038937424e-05,6.88051527315825e-07,2.160142201003759e-06,7.216471507465877e-07,1.705702191780005e-05,6.161263992514668e-06,8.262803001225089e-05,-7.919701127540035e-10,0.0005997595147278125,6.758060083766892e-11
239,1298893,10,5.126507098303715e-05,5.569152443703901e-06,0.0001428024277063955,4.622744737121931e-06,0.00018929995497485655,1.368550714128669e-06,3.504206227109702e-06,5.350779331454725e-07,3.192889402175991e-08,9.364018011010639e-06,1.8498407677869366e-07,8.939634936429297e-06,1.376465417679898e-05,3.8439847689836215e-05,0.0001142756922981776,0.0003326980768501332,3.384925340809558e-06,6.719048264401672e-07,7.508149323015578e-06,6.459322339714274e-06,0.00011406188147693175,2.2708602012699863e-10,0.0026790972884246644,5.411430600323064e-07
240,1334620,10,1.7688300472801233e-06,4.998588185900488e-05,0.00012701410494170284,2.131795510285084e-06,8.480716341098538e-05,7.930784205467667e-07,1.2255670595318069e-06,1.6750673901208546e-06,4.973256872743692e-06,7.075286770748257e-06,0.09445788897126378,0.0010995856377489233,2.238974674412253e-08,6.922296820967982e-05,5.775929244285216e-05,0.0023299939681899057,1.0692293047717683e-05,1.0614013394513733e-06,3.782276031414483e-05,1.838694158926707e-05,2.8516211113993606e-05,1.0626722279916123e-09,0.00010670948732823676,5.024544242615558e-07
241,1922067,10,9.547433183307308e-06,1.060449680493139e-06,2.4025728527464485e-06,5.663680882464495e-06,4.126333650479076e-05,1.1328435321755759e-08,4.5928366626014905e-07,4.123385336039093e-06,1.978931690044261e-08,2.5595996980785907e-06,0.0002795585708269266,3.13415061108796e-07,4.839557423251192e-06,4.3956332728058156e-05,2.5597807247826343e-06,0.0001172882270869622,1.0158735720688927e-08,6.969179171164783e-06,3.130524889177755e-07,1.1442765316359294e-06,1.6646151227709544e-05,0.0,0.00038808938018580937,5.596815689581924e-07
242,1324938,10,7.627386366948485e-06,4.277899279259145e-07,5.0934613682329655e-06,4.056855686940253e-07,0.00027589232922764495,2.1158484742045403e-08,7.769122021272779e-07,1.9572325982153416e-09,5.694164428859949e-08,4.398716555442661e-06,0.000629858834145125,1.3750861398875713e-05,1.4773831935599446e-07,4.246634489390999e-06,1.2062220775987953e-05,3.4446275094524026e-06,5.111432983539999e-07,1.953958417288959e-07,3.0618684832006693e-07,1.3605094864033163e-06,1.9681952835526317e-05,0.0,4.670717316912487e-05,1.9936123862862587e-09
243,1281119,10,8.372021843144895e-08,4.356185705352983e-05,0.00025027346825570035,2.6571202935005145e-06,0.0011783123145418864,2.406277440705762e-07,6.805147077793006e-09,3.8054983172997048e-06,2.62406970267387e-06,7.672838275747662e-06,9.584520413416509e-05,2.6936684391992705e-05,2.0273548957672194e-08,1.1047822060863965e-06,1.7058165183575502e-05,0.002957185446911363,6.351634525156302e-06,2.3872039435490766e-08,4.238084419784516e-05,1.1387950700610106e-05,2.047542621216869e-07,0.0,2.251840494370272e-06,8.485969888588629e-07
244,1335323,10,1.3244801919318205e-06,5.852235883978957e-05,2.450321230485636e-05,2.5285599824023675e-06,7.017442067804025e-05,8.672685127830704e-07,1.4855984610470663e-06,3.3121529293828056e-06,3.0986165386673314e-06,6.605515660743078e-06,6.761053349436941e-06,2.4108286144929048e-05,3.015251937021901e-11,6.17802814218138e-05,4.290386889044262e-05,0.0038514447141900637,1.2111188563333763e-05,1.6382377711690599e-06,4.462237639843436e-05,2.06582958759971e-05,0.00012904948029651003,0.0,9.545293988257042e-05,9.469142281878784e-07
245,1782065,10,1.1088604903473909e-05,2.7556444887229248e-06,7.916046004530219e-07,1.0012535881995244e-08,0.0001325820533177851,1.7627884661870763e-07,2.539023660798334e-07,1.962735948733696e-07,5.330640111544938e-07,1.0048509676842746e-05,0.0004588162783285103,1.505450104000508e-05,5.3823863919166826e-06,1.9359864269130264e-05,2.0520403133805418e-05,6.0372843723753566e-05,5.03499966567067e-07,4.451756953996813e-06,6.395494150691905e-07,1.22361109424797e-06,6.502480444000799e-06,0.0,2.560177867427793e-06,4.119786511068424e-08
246,1550021,10,2.0745496912971673e-06,2.8197465212313755e-05,2.3426914614224637e-05,1.2541144426003736e-06,0.0002778981495883473,5.782326489983669e-07,5.197274936807883e-08,1.706581649454919e-06,2.823720201619584e-06,7.023748075873915e-06,0.056060040209679966,0.0005322246645596829,1.0822820918909848e-06,3.0031557349721738e-05,2.5287514573979486e-06,0.002182759309651526,7.562847530874495e-06,1.614306190042547e-07,2.470156624655856e-05,1.3324302678460742e-05,3.080388383370353e-05,0.0,1.9893139222119938e-05,2.7920912631235195e-07
247,1327978,10,3.479631192418453e-07,7.840203493356124e-06,2.5100308385945375e-05,3.239917372235834e-08,0.0003124461589278614,1.3222017231084848e-11,1.8660827581784556e-07,1.3357811799105668e-06,2.2210005989932446e-06,8.881281458549689e-06,0.00011299831917480074,2.5503145015433326e-05,3.721024299588316e-07,2.8943847258423167e-05,7.129196277252947e-06,0.0003568324368756412,9.405428338278565e-07,2.9591369488761454e-06,1.616002163575686e-05,2.223523477930256e-06,2.281171279174682e-06,2.900750299683619e-10,2.4045597616859093e-07,3.499159613763736e-07
248,1283373,10,1.2602492417714689e-05,9.48626267737937e-06,1.7139128197809356e-05,1.463704417621614e-06,0.00017876641300969276,1.2218605370019342e-07,1.1725472584753205e-06,4.995306041710029e-07,7.245183353959961e-08,1.0111831354324072e-05,0.00018063367237317052,1.376399387685752e-05,5.75961338736275e-06,1.0112477411689663e-05,2.1900057316660143e-06,1.2816181761396428e-05,7.82769533028832e-08,7.075483563392937e-06,3.999834792114965e-06,3.0324907415724134e-07,1.3689734020801494e-05,-1.809350221732009e-10,9.059764925364866e-06,1.4706233873555685e-07
249,1315197,10,1.197163012819219e-05,1.1231163207867795e-06,4.970202868047856e-05,3.239658129056827e-06,4.526115638301548e-05,3.1382672015072e-07,4.384731110008977e-06,7.823875181924012e-08,1.6895460743446278e-06,9.060099627027085e-06,0.00016409589419812826,0.0011669058891139415,1.1665800649963975e-06,8.463033671756576e-07,4.134484311984002e-05,2.6936206675907265e-05,1.123030829356872e-06,2.9585094353523633e-06,2.4968182294610175e-07,2.3035965049152812e-06,5.153029912018103e-06,0.0,6.544769010003587e-05,3.8120169626801315e-08
250,1324509,10,5.522238434554211e-06,4.796652637258092e-06,1.901032116992038e-05,1.1458259427145345e-06,3.501325225294116e-05,4.501717640360836e-07,5.029308493970097e-09,4.795730828392741e-07,1.2115739394594205e-06,7.674103302244412e-06,0.020155484586447118,1.8404456679683295e-05,2.7231644439476566e-06,6.555087763700923e-06,4.9732233727145525e-06,0.00012410107955822258,3.7253766994663207e-06,3.9674205779341443e-07,5.428994534963094e-06,6.824374904353114e-06,5.018771025513263e-06,0.0,2.025082054743499e-05,4.0585431296952246e-08
251,1791048,10,7.382310851372642e-07,1.1015348528060215e-06,6.390713277980298e-07,2.5910678431578793e-06,5.0956836405382025e-05,3.5888712644066567e-09,2.111312607036564e-08,1.2783505773210357e-07,1.3924316926879066e-06,9.984818913755591e-06,0.00040320496249369314,2.00699809827197e-05,2.131306535266622e-06,9.36213863136047e-06,1.0627047738772169e-05,7.395975557523624e-05,1.4159591901763413e-11,8.467625904822612e-06,3.592024658324172e-07,1.4696866310233425e-07,1.231904760275876e-05,0.0,4.489577696206726e-07,1.1316085394997427e-06
252,1257366,10,2.0143683810043556e-06,1.2247476969907967e-05,4.9560610458267845e-05,4.783081568662806e-08,2.8724957128387768e-05,3.4816943521309707e-07,1.5675809955650877e-10,1.1928327144569706e-06,2.2178481287812857e-06,7.343504919102989e-06,0.00045241243288557734,2.1159526408666418e-05,1.1225008364375288e-06,0.000163583884956537,1.6125205144906785e-06,0.0007241460501006512,4.3241710333610794e-06,1.676218226061288e-07,1.36885369041162e-05,7.890823496333604e-06,1.7722577075732215e-05,-6.698537800831073e-10,2.6870822704277986e-06,1.963626852265199e-07
253,1309013,10,3.7647408146213035e-06,5.314369899062088e-05,0.00011363507401820211,3.3851983995553114e-06,4.530380394104916e-05,1.3231275336686443e-06,6.417527607521789e-07,2.6986446059057423e-07,3.960370036568128e-06,5.38249433850585e-06,0.14562622394694708,2.1809844758885477e-05,1.2196865399605183e-08,0.0011539615466790443,2.9811174589659817e-05,0.004430234144213195,1.482168946354695e-05,2.9598868372809894e-06,3.931366712098955e-05,2.5153951809062103e-05,0.0005116633867211645,0.0,0.00010712198337216317,4.677496342961329e-07
254,1887027,10,5.9021929713527765e-06,2.1526722037808893e-05,0.00022710415535981757,7.053974453719025e-07,0.00016578473495787102,9.206304802562848e-07,1.567558582937778e-12,1.2990643366225796e-06,3.2755096944191153e-06,6.3506765071753846e-06,0.0008538061498823517,1.944600430658916e-05,2.10033107377397e-06,3.3127017893923305e-06,3.035950938445192e-05,0.0007524024217526772,8.82096324603121e-06,4.223264825423123e-07,1.68916458060768e-05,1.5399742004040817e-05,9.598096381915888e-08,0.0,9.02417694861879e-07,1.2124831058266117e-07
255,1292805,10,9.955713891840468e-06,2.5650676120814175e-05,0.0029888551400613084,5.831124459176884e-06,0.0021955012131629204,1.5693710075925793e-07,1.7140020691641666e-07,4.466636358002596e-06,5.6265980055147935e-06,8.213058266703932e-06,0.001723969932452163,3.4118128518056956e-05,2.2952247216156962e-06,0.0038056619437543127,0.0015023932809319351,0.0011506228476917402,7.961956487445576e-07,3.2679853967376715e-06,4.7478572167358735e-05,2.28506013832952e-06,0.0006662254282094882,0.0,0.0005527644879596005,1.669753556088338e-06
256,1297501,10,5.619648592886106e-06,2.2470397959814536e-05,0.0014478016347515277,1.1232551992909623e-06,0.00017953509906885184,7.206365979298135e-07,5.480068957994244e-07,1.5136275221809548e-05,2.189191455358175e-06,3.5699846839265525e-06,0.002302078489385545,6.260808312341659e-07,6.81170781741125e-06,0.001313339632948364,0.00019071503733371353,0.011657522850258409,5.712088765465195e-06,1.4421723815855048e-07,1.2322187041675925e-05,9.812668530541357e-06,1.3766661152062043e-05,0.0,0.00021697135940287188,8.821133016465033e-07
257,1249851,10,2.052119326836563e-05,2.530097405756271e-05,0.0001577535089460208,0.0,0.0005964306847006402,1.522832262009638e-07,1.362093696433836e-06,1.6917797212700342e-06,7.293797996653362e-08,1.0112382399238631e-05,0.00035156288772359746,1.0890128815183725e-05,1.030413656222251e-05,1.2390495887885586e-05,3.251232927672931e-07,8.968075000680142e-05,8.479153731574818e-09,9.79693151734358e-06,1.6080220939221693e-05,2.4465611227902917e-08,8.593307548427492e-05,3.079259121990807e-10,9.672098473478136e-06,4.145818349905739e-07
258,1371126,10,1.1628421845440162e-05,1.5523904806233335e-05,6.6259868201312e-05,4.900111700342075e-07,7.212416272169703e-05,5.7658862358256346e-08,2.0824745085301632e-07,1.237296958212647e-06,4.225818849880325e-07,9.922636786674488e-06,0.0004674245541087616,0.0011792359784008142,8.179563324727662e-06,2.5704903587853503e-05,8.24467208690987e-05,9.302709069153314e-06,1.2197136009528542e-08,9.734466801400443e-06,7.398408735244041e-06,4.103416068740318e-09,1.8147941637828083e-05,0.0,2.755988522668354e-06,1.6008898862628074e-07
259,1304442,10,2.7235328006192105e-06,4.075188601848634e-08,1.383850261680794e-05,1.3925061040087616e-06,2.426378004874441e-05,2.600479514190679e-07,1.3654621243072707e-07,4.587752409218604e-07,6.081866478838127e-07,2.2814409696356175e-06,5.169752790083748e-05,1.163412810707698e-07,9.54887404722854e-06,4.316575949599513e-05,8.762921049444011e-06,7.454530561393918e-06,6.722553431495748e-07,2.401484346957472e-06,3.215252069796448e-08,2.325952109437368e-06,4.7885746863485235e-05,-2.2968249524524254e-10,3.283336038169271e-05,7.336959534191834e-07
260,1282114,10,6.3505062023357095e-06,1.1031892501039975e-06,9.000424640109861e-06,7.397707439682488e-09,5.889038121388926e-05,3.734652198189581e-07,8.992105097957448e-07,1.2652484931291452e-07,1.2325284332315167e-06,7.5080802383990786e-06,0.01183961864834137,0.0011451458565737427,2.4659714773188346e-06,1.3914299604598362e-05,3.881645885599194e-06,5.476907427252181e-06,2.5599987832948534e-06,1.0621424972184768e-06,1.9321830357008074e-06,4.831250429312983e-06,6.657221292932086e-06,0.0,1.2294523530145818e-07,5.439911299198741e-09
261,1313230,10,3.4829851814667523e-07,1.4404405103592144e-06,3.846767028178877e-07,2.3040007902756787e-07,2.1627168804171787e-05,1.8518400008056546e-07,4.166092792967646e-08,3.29925339733958e-07,1.935820630148688e-07,1.0049329334729448e-05,0.00038769633073149935,2.3425786221159886e-05,1.1028877156937095e-06,2.450291550905835e-05,9.672189205072249e-06,4.774837563663835e-05,4.2242934279214384e-07,1.3616059114660364e-05,1.2549453489978796e-06,6.490351269622385e-07,3.6845362826772726e-05,0.0,2.4206520375262552e-05,8.298456319159875e-08
262,1295062,10,6.869072709941859e-07,4.78858588084663e-05,0.0002876400580468508,7.783667710731246e-06,5.879864250279976e-05,2.2473422490454364e-06,1.2245786072118126e-06,2.4896264693319292e-05,1.989538984864536e-06,4.664848887420137e-06,0.0035176747831286853,2.619217527866091e-07,3.800779261403653e-06,5.21287841791368e-05,0.0003189773922422229,0.007532507166058855,1.583978764503613e-05,5.060983470459024e-06,2.034089627918345e-05,2.566110645288444e-05,0.0004995238066506646,0.0,0.006101172666852256,1.489443410551683e-06
263,1290816,10,1.0564195476729654e-05,1.7961183428408245e-06,1.156030016393264e-05,3.014158980560802e-05,0.00019700491708657397,5.439225013795235e-08,2.1633353736935645e-06,5.62985715221731e-06,8.291171610455561e-07,2.1626217593280483e-06,1.2549167652253779e-06,6.895886040664267e-07,5.430216462987136e-06,0.0006456685638833934,1.849214143999356e-07,0.0004190228761894489,3.7439897296667746e-07,3.1343034496006394e-06,2.0168140067756968e-06,1.4473669375895948e-06,0.00027655814910640744,1.8799415323067503e-09,0.00024398610394516657,9.217398398361776e-07
264,1919017,10,1.346864941048631e-05,4.9702483098067185e-05,6.908422980067552e-07,1.8489497248246056e-05,3.304896450762734e-05,2.5598139106464135e-06,1.9200829449797507e-06,3.2312533281356193e-06,1.2765627244032407e-06,4.451988480883018e-06,0.0014303510644530434,1.7554374893299918e-05,1.4155460755088667e-06,0.0006932691247400896,0.000334891897061082,0.0025948849527754753,2.106993696163184e-05,6.656923430520267e-06,2.905239438082824e-05,3.536076208972283e-05,0.0009759381275275328,0.0,9.545198404766614e-05,2.413899642880746e-07
265,1304678,10,2.4899761813248003e-05,6.150247633281841e-06,1.0693211020632379e-05,8.957616762401976e-08,2.467085544879087e-05,6.729332258006288e-07,7.837009624016983e-07,8.136510043256495e-07,1.2544791116106402e-06,8.179523285824913e-06,0.00028358537735592194,1.0890095268221642e-05,9.610212940420679e-06,0.000250272529623145,6.625973553672261e-05,0.00017715568347161613,1.3924040354953982e-06,2.56020326670596e-06,5.711741120255701e-06,2.865747370959723e-06,3.5046536349744514e-05,-3.8470676297364115e-10,5.5651968842577657e-05,2.3857188557845077e-07
266,1342255,10,9.065592686437196e-08,5.38285293313033e-06,0.00012210341099342693,1.538543819514307e-06,4.624881337412026e-05,3.0321836421744186e-07,1.4115468107717827e-06,1.271071421745859e-06,1.8544779184677396e-07,1.849676983545559e-06,0.000328335341358137,2.2518355475426022e-08,9.180951686085098e-06,9.922640855586362e-06,2.4108168706115166e-05,6.64231562628563e-05,1.0958368468032276e-07,4.75339602587499e-06,7.183208615766171e-06,1.936498011737009e-06,1.3913665097588929e-05,1.6302794010603083e-10,1.2105159061109871e-06,1.055966959429e-07
267,1250912,10,5.044278207008701e-07,1.2181173451343563e-05,2.7145364457491217e-05,9.420975777552076e-07,3.3600614953083197e-05,1.9354150039563311e-07,1.333763547370359e-06,2.885705299007779e-06,2.0174400001682358e-06,6.970804232238337e-06,0.03856118564847484,2.2657653833448033e-05,2.2060920648603322e-07,6.131037953116536e-05,2.333039372399981e-05,0.001114225883764454,3.460745293018541e-06,4.489725010659029e-07,1.6484486600507053e-05,6.44991221608604e-06,2.3329444733301286e-05,0.0,1.5210709640618714e-05,2.196676465171521e-07
268,1682020,10,1.0277828602946182e-07,2.391220348114606e-05,0.00011750602650801613,1.0432792380291045e-05,3.499328213966285e-05,6.397675422903371e-07,4.0854450498138684e-07,2.1726111070104193e-07,2.405870783983577e-07,1.2041138520789418e-05,0.0004840003195242283,2.079349425235244e-05,2.2199637216176182e-06,0.00021963250493317252,1.592037089386683e-05,0.0003254420446922521,4.3679383183326675e-06,2.9593458222468283e-05,3.2046081516797637e-06,6.101901583056152e-06,0.00014689492053429794,0.0,6.789767991172146e-05,1.3791936342988365e-12
269,1302187,10,3.028866024962218e-06,7.129231248570456e-06,0.0005234951777188038,5.177720116128492e-07,7.105844295308972e-05,2.7230222442234386e-06,1.0166175834838698e-06,2.4119762395205524e-06,1.5275080524762563e-07,3.803679885845679e-06,0.006745336888353874,1.6073192858623297e-07,1.4441453945732152e-05,2.7878914606774274e-05,0.00015475339574894803,3.0803408441450186e-05,1.0824317717102183e-05,1.8785617034444702e-06,2.352390832127682e-08,1.905788516100293e-05,5.9136780529295274e-05,0.0,0.0003968063737132682,1.440987359019319e-07
270,1259352,10,1.7166890274103452e-06,2.1027553585468983e-06,8.286628292095144e-07,5.842116277202103e-08,4.375800996458609e-05,1.221086329931953e-07,5.494462244903797e-08,4.100048984698179e-07,1.2776457412426445e-06,7.672911925604708e-06,0.00021726842623950512,2.016044677786294e-05,2.25082722842343e-06,7.84082207979167e-06,4.097190413332452e-07,4.802505249124067e-05,1.5883188845128293e-06,1.988320771913882e-06,5.063352440656116e-06,3.204241956742543e-06,4.956127695531984e-05,0.0,1.2603910210656766e-08,6.108793581746652e-08
271,1867019,10,2.1339753162701036e-06,1.8578699881328237e-05,0.00016589482067423666,1.7977864649430797e-06,3.070540048632012e-05,3.305512114026854e-12,2.142812153445306e-07,1.1030895964575516e-06,2.313138008441795e-06,7.291997224937591e-06,0.04855413473413933,7.417127940237411e-07,1.8986322784797505e-08,3.624192914833402e-05,1.2744765772950556e-05,0.0009554302880882132,1.6384084386700248e-06,1.7433937733700444e-06,3.2490476098743365e-05,3.584644259993497e-06,0.0001473824143544515,0.0,6.813372998386996e-06,7.559997602761548e-07
272,1331123,10,1.4822808195672985e-05,2.912568704046409e-07,5.199004857063538e-06,6.6568229633370835e-06,4.6882089364097546e-05,6.088446853971807e-07,1.276845117484382e-09,1.3538039215187092e-07,1.8494262118973204e-06,7.452474202147841e-06,0.0006922165277737178,1.3616159875324066e-05,7.289746777851963e-06,1.2941094080023974e-07,5.153563745790429e-06,8.11799019901447e-05,2.3722305680737993e-06,1.300070036285017e-06,1.938316754341446e-07,4.506217563423481e-06,2.440426932950185e-05,5.38759422491486e-10,2.550210796655253e-05,5.40840719483876e-08
273,1929063,10,5.340551573473906e-07,8.58513354701218e-06,0.000749665297848541,2.5023314041694444e-07,9.623178092620088e-05,2.0742549751429085e-06,2.2728097456847784e-07,2.3498887723183426e-07,6.721721199365316e-07,3.497261995888401e-06,0.003435133948112505,1.8199464359158757e-08,1.324843288510319e-05,0.0008779352731647094,1.7472712277866176e-05,0.0020376189870632624,8.94111392939212e-06,1.039535416594295e-06,6.719153114939647e-07,1.5709083262538392e-05,8.64216470372603e-06,0.0,0.00031541596102736824,2.8280121171231354e-07
274,1259246,10,3.8412455169653525e-06,1.3987453614860978e-05,0.0001999402858374466,3.311717323033203e-06,4.81255904904096e-05,6.563966903350149e-07,7.673893319404268e-08,1.0297578862325518e-06,1.5621348321281925e-06,6.0508971290104685e-06,0.0008904247829696413,1.962540270461499e-05,2.131412705455582e-06,3.6360569205709514e-05,1.8229193449251224e-06,0.000630009831782484,6.502321929315047e-06,1.6758658752391575e-08,1.3615467799259207e-05,1.1467711864283914e-05,4.452538392395178e-06,0.0,2.402674003164351e-06,1.4105179072659846e-07
275,1249137,10,4.2404464543899234e-08,1.4441503779542841e-05,3.317842567678725e-05,2.6936475501129764e-05,0.0001031367959423643,1.6655583068084234e-06,1.3954180650282977e-06,1.1649931547161319e-06,4.470255893090913e-07,3.4611488926444833e-06,0.0007474771422501109,3.291224150853145e-08,1.023909184078714e-05,4.1862432457115406e-05,0.00011685712887585242,0.0023532189957602007,8.701120277988805e-06,9.98631319158727e-07,3.764754021876038e-06,1.5083457242964782e-05,0.0004831218347143354,0.0,0.0017056900470413736,5.188385458418376e-07
276,1641279,10,3.586571858255061e-08,7.748098003936693e-07,4.48955066168627e-07,7.284301651276637e-08,1.1552901744826122e-05,8.994854611144021e-08,1.494672474799258e-07,3.163892813989877e-07,1.7160458764872016e-06,9.180767909790569e-06,0.0004239487194076137,2.2658165291710927e-05,1.4404605542719245e-06,2.6317004340494637e-05,1.608045629238747e-05,4.733428742182029e-05,1.3669768885241074e-07,1.1223114995890723e-05,1.3695023444344756e-06,2.7600177156250627e-07,2.1344669713572323e-05,0.0,3.708830944728313e-05,9.515085301788073e-08
277,1878148,10,2.0728929053560885e-06,3.250825415697378e-07,5.320854527014751e-07,1.8229338214804935e-06,3.2630603117039456e-05,2.1152706822236134e-07,2.304469328133496e-06,8.581085780140496e-07,6.649494784134735e-08,8.998939529068772e-06,0.0007912974325438426,2.6935670133447498e-05,2.219389573251615e-06,3.0360268422477063e-05,2.9922306566156076e-06,0.00010650194509662439,9.510081830366168e-08,1.0497107369130884e-05,8.293652496974349e-06,3.9669172569901934e-07,8.081901261963904e-05,0.0,2.3135388509662458e-05,3.846756549998054e-07
278,1292560,10,1.2951944038108731e-07,1.2602682046562036e-05,3.2376240244044036e-05,8.652932812283631e-07,1.7933250490221805e-05,1.373890640837816e-07,1.498374760339899e-06,1.2591833268779662e-07,5.327785240136218e-07,1.3223748273460262e-06,6.272645410900814e-05,4.010369402361602e-08,1.1971540286584079e-05,4.622968498521965e-06,7.691279415908414e-05,2.631722766086378e-05,6.77446884735089e-08,8.410374606750495e-06,1.3177353085806753e-05,1.8999212461432574e-06,1.7164704442691747e-06,2.430420292104385e-10,4.326382416458552e-06,6.759082380423942e-08
279,1248039,10,6.604935676716994e-06,5.5226574817990315e-06,0.007106491224964068,4.2866097588745156e-06,1.7353541361939118e-05,3.4226636588391424e-06,1.46287147423374e-06,4.1127624315628886e-06,3.494324015487771e-07,3.648020524077422e-06,0.002883692619470038,4.3773089085374917e-07,7.291065762936311e-06,0.003561704095110141,0.0014899600122882661,0.005795779004803207,1.2744749751630868e-05,2.8566943533619993e-06,2.4123539293235963e-07,2.256322784073561e-05,0.009106885415415204,0.0,0.0023961023045332708,1.847985859546042e-07
280,1315192,10,5.758567106321777e-06,9.857857262929315e-06,1.2459721039352611e-05,4.620734181046138e-06,2.6770884394265032e-05,1.5953917238339943e-07,2.1500276643354743e-06,1.847152826493781e-07,9.977411338894793e-07,7.782407329577634e-06,0.00010100171211311487,3.135974200326949e-05,3.646431851755255e-06,0.0003381918235073958,4.515601112796766e-05,0.0010758386145074648,1.4964294686031776e-07,5.7106781460522504e-06,2.8621453321751172e-05,9.928489970133236e-07,7.447685881473848e-05,-2.4939695759951253e-09,0.00014471865707140624,8.670422528139765e-07
281,1249308,10,9.018770503882445e-07,3.136133181977363e-05,0.0005410284713174701,9.158493643602467e-05,0.00013489200683494684,7.835785519744176e-08,1.2637438051431304e-05,4.305286855452173e-06,2.0735940451724333e-06,5.953102644437602e-06,0.00013642382192504549,2.8621927796977642e-05,4.899178841846763e-07,0.00011491798107628182,0.00013900456841896974,0.0017355569143903127,4.410310810942786e-06,1.0956653769683689e-07,4.329685819436796e-05,8.296949995136027e-06,3.684505668889726e-05,0.0,5.7611253893932735e-06,8.532553520679276e-07
282,1315259,10,2.7053270353072367e-07,5.476069666131289e-06,1.5523916935766824e-05,3.728695818112915e-07,1.2344214292438899e-05,7.933084296071757e-08,1.3336675843203527e-06,7.695285981802746e-07,2.219492677649898e-06,6.863900967438857e-06,0.0006558729724051963,2.25630879312419e-05,4.899632088661843e-07,1.4411324683362425e-06,5.784029644129163e-07,0.0001737131854175171,1.8218813121091693e-06,1.6381395272178911e-06,1.108964489696107e-05,3.6670554243237174e-06,1.2602160223071368e-05,-7.199604176721941e-10,3.4808805592437264e-07,1.8378732126456132e-07
283,1879426,10,1.21008523350577e-06,5.476375590441479e-06,0.0002601776893214041,1.960636855249595e-06,2.054083361458306e-05,8.478699848463167e-08,2.168930757738552e-07,1.9472142012717103e-06,4.36101887369561e-07,1.254535280308805e-06,0.0009903618752539617,8.09383910935213e-09,1.1290304103872897e-05,4.502472425757867e-05,0.00020678462503747295,0.00010383648990494945,1.4720485278646445e-08,7.2901298016729565e-06,5.522927897318869e-06,1.5636817302430023e-06,0.00015976995011692842,0.0,3.169732737713822e-05,2.0075973017341653e-07
284,1288083,10,2.3329418506232158e-05,1.3395108182930743e-05,5.3077663464060065e-08,1.322331047777514e-06,0.00011243221802840868,5.188526721894987e-07,1.225101973402476e-06,1.41637369555081e-06,2.131510967944006e-06,7.839890819059947e-06,3.8812380542593145e-05,0.0012124322183582718,6.40083507339774e-06,2.981157769043133e-05,6.773334362818358e-05,1.0201245808812154e-06,5.037714752263722e-07,4.751919797034432e-06,1.2250439436865476e-05,1.232463991536481e-06,4.264031392946406e-05,0.0,3.3292864446180306e-05,3.3174412060119063e-07
285,1291149,10,1.2588207027874887e-06,3.7710051401518285e-06,2.5785710022319108e-05,3.699096851050854e-08,1.7904902051668614e-05,2.1100277081131935e-10,2.169472281821072e-07,3.250897862017155e-08,8.010829333215952e-09,4.458168405108154e-06,0.0007727319316472858,0.001024750767101068,5.253750714473426e-07,5.030815373174846e-07,2.5197863578796387e-05,1.758230064297095e-05,2.8667272999882698e-08,5.206413334235549e-06,6.377013050951064e-07,3.6583514884114265e-08,1.477851765230298e-05,0.0,8.974238880909979e-07,6.693881005048752e-10
286,1262746,10,4.75516799804121e-07,2.305776643021784e-07,7.039178981928067e-05,1.0409942919047815e-06,1.4882493762424093e-05,7.843261972360904e-08,3.9252181968305044e-07,9.96189257886776e-07,5.034272095999492e-07,8.12174144164575e-06,0.0003265249479880387,2.4800909993506065e-05,1.468393137984969e-08,2.1252907331483634e-05,1.672732694550129e-05,2.4015091062978833e-07,1.4159588432316461e-11,8.468603018067095e-06,6.149658752341303e-06,2.9867391979250535e-07,3.893802609601302e-05,0.0,6.001886079248439e-06,2.3014711758931328e-07
287,1302648,10,1.1220910475159829e-06,1.4897136415201878e-05,7.3975137532510116e-06,8.87774642865588e-06,3.39533553122863e-05,3.8193806979267e-07,4.5506829395025594e-07,1.5029872331255578e-06,2.5581666746495035e-06,5.661925078073726e-06,0.00015375839609869935,0.0011102217289050177,1.3218464177087996e-06,0.00027224755575874435,4.719450393776345e-05,0.002137210712285037,5.289945297953097e-06,2.2463884297857506e-08,1.8230744515127656e-05,9.533587691588907e-06,0.00019432239942287696,-1.588788860890089e-09,0.00010281739420799768,1.9867762545908163e-07
288,1275946,10,8.939198539304263e-06,1.4874282305461783e-06,4.147322649571995e-05,7.3438984441575456e-06,5.633219233220493e-05,9.900762975093014e-09,1.7881978309382263e-07,6.6989391857529e-05,1.676103682929364e-07,1.0608703093668848e-06,9.741685921969487e-05,5.185849646909685e-07,5.952733264967883e-06,4.871959947358104e-05,0.0001774222894171361,1.017529032645327e-05,2.9148205822268625e-07,9.921651606258075e-06,2.805906418983095e-07,1.4908184153457349e-06,8.23668743331167e-06,-1.0182038562983609e-09,2.6625532973381313e-05,6.583914388316042e-07
289,1262201,10,7.587710570078343e-06,1.1502939742058516e-05,0.009990533828386106,1.6745179891586304e-05,0.000729899067664519,1.1095835361629725e-08,4.287721822038293e-07,2.457774826325476e-06,3.661989467218518e-08,3.5019111237488687e-06,0.013245554808236193,0.0009066314887604676,5.317997420206666e-08,0.007955998022225685,0.0006826080498285592,0.0008409049551119097,4.2826286517083645e-08,1.953441824298352e-06,2.3259533918462694e-05,1.393782440572977e-07,0.004255038220435381,0.0,0.0006626546310144477,1.200169208459556e-07
290,1310367,10,1.0177046992309452e-05,1.5132810085114606e-06,3.9780563359202714e-07,7.395996954595585e-07,1.55888349477884e-05,3.367549718056445e-07,1.279977419426509e-06,9.606224791146312e-08,2.2114532701768275e-07,7.075547330540749e-06,0.0006625483814580654,1.4138563859289466e-05,4.326110234851438e-06,0.0002149158744890363,1.2041181171333973e-05,0.00012882252462545832,1.081589167575836e-06,2.992922496520417e-06,6.732736991255095e-07,2.2824685180118653e-06,2.249796655164754e-06,0.0,1.5367476328666252e-05,6.134118190302684e-08
291,1292336,10,6.226439744905221e-07,2.9579738172400005e-06,1.989136627977839e-05,2.0215338077805844e-07,6.238407853087491e-05,1.7681979366523937e-06,4.471833098894373e-06,7.795587594131015e-06,3.2368686907896516e-07,2.590554804074441e-06,0.0007868018738874105,5.113352914698499e-08,1.7471757114702335e-05,0.00017004119448957994,1.7222538929932696e-05,0.00018468635944123013,6.552413656275846e-06,2.3998894838062057e-07,1.0476815352766788e-08,1.2067582126795706e-05,0.00022022431338460796,-8.967602563303423e-10,0.0009132470518890892,2.5754598515642657e-07
292,1336687,10,1.3693596521424656e-06,1.831900563695893e-05,0.0006599796809788408,3.5729788540050933e-06,7.213098882093844e-05,1.210633202075595e-06,2.856020337109466e-06,8.072057022870394e-06,1.718999645482222e-06,2.82382955130861e-06,0.00016874191855538456,2.505247011508338e-07,7.509254744249294e-06,2.0160648543786353e-05,5.244342081267561e-06,0.003337374303222819,7.672398520251755e-06,6.728755597013025e-07,8.527298115852677e-06,1.3192061328611004e-05,0.0008294398714706538,7.00344837678557e-10,0.004598197581028626,8.995945578529896e-07
293,1279500,10,1.7423554168512212e-06,6.681106688721794e-09,0.0001279148755029269,2.4011999100667647e-06,4.428929391590841e-05,2.496411610902749e-07,1.8300799041748306e-06,1.6115068389964404e-06,5.624840273762977e-07,1.5373649245691012e-06,0.0006969599475176898,8.953327949867695e-08,9.547605128206599e-06,3.238919414092628e-06,4.9419641384912394e-05,6.609669474285859e-05,5.467995348625021e-07,2.721716185528217e-06,2.2077083232721617e-07,2.1625844648202885e-06,0.0004194290933496325,-6.52910499970849e-10,0.0005607410350790022,3.741119870732945e-07
294,1656029,10,1.0474286682438105e-07,1.2011560102109797e-05,0.00014726959307154175,6.777008820790797e-07,4.669141890190076e-05,4.052708391100168e-09,5.34633727511391e-07,4.073164745932445e-06,3.027344064321369e-08,4.0392296796198934e-07,0.0006021543940732954,2.3275242710951716e-07,4.331139280111529e-06,0.0010279234338668175,0.0007243632226163754,0.001725443304167129,6.938353180885315e-08,5.02993498230353e-06,1.1486508810776286e-05,1.8308128346689045e-07,9.11951829039026e-05,0.0,0.00038810855403426103,0.0
295,1319366,10,8.237306527533739e-06,1.8487058313365612e-07,2.2314586116400914e-08,2.496909062579822e-06,0.00012559110353878994,1.7939079034745564e-08,2.397010885776124e-06,2.2724636544974725e-05,1.1663876088238712e-07,1.3453727843865115e-06,0.00031152278726478966,6.08743495708608e-07,7.1834099380115035e-06,0.0005098571202945719,6.552999837886042e-06,5.523580179279952e-06,5.2679583285863973e-08,4.972771357608652e-06,5.484745715864103e-07,9.984863265991017e-07,0.00027126189096375597,3.449096772079052e-10,0.00018387306486283492,7.398527641436226e-07
296,1860025,10,5.759834241645528e-06,7.784331654950294e-06,1.931478918262841e-07,2.2562654293014142e-05,3.45280163937655e-05,1.440093067531234e-06,4.782883536110644e-06,7.966124043745637e-08,1.7647966970429918e-07,1.638030086298023e-06,1.9876616794700652e-06,9.030549826347795e-07,2.0976568838960985e-05,6.397051988179386e-07,0.00014256315179911848,8.179797706019815e-06,1.638282886785164e-06,1.166739020438956e-06,2.0430758599655416e-05,5.373958655323016e-06,1.2999213379119579e-06,0.0,3.6723312432712304e-05,2.5328261207130387e-09
297,1921033,10,2.5603078528078915e-06,1.6824150131378168e-07,1.1971756857371424e-05,2.4962540960855872e-06,3.6342114621328026e-05,2.2153817664724573e-07,2.4150575487248693e-06,5.330618861775632e-06,8.661725825059863e-07,1.5127675541508345e-06,4.6512279066397016e-05,1.765573409626131e-07,7.129686948659231e-06,0.00012566497087837525,1.8062403428713292e-05,3.672412716977658e-05,6.573967907333444e-07,2.4027190753291017e-06,8.303411354326773e-09,2.240544247890386e-06,0.0001069165533697583,0.0,0.0004884113364625395,4.911140056816643e-07
298,1317277,10,1.296022638800666e-05,2.4939957118594314e-08,2.0340397289108497e-05,7.053457990492673e-07,0.0004267921501993552,7.393777617815261e-07,7.831812279621847e-07,1.0061307028318145e-07,9.799855462764434e-07,6.099914206270443e-06,0.0007873631671397024,0.0011778620215688908,3.349096082440328e-06,0.00015006283283992145,5.685031907929315e-05,2.1344260611521476e-05,3.097150270317539e-06,7.571333443794764e-07,5.250534052328448e-08,5.826828726187075e-06,3.2148011519565756e-05,-8.10884357924091e-10,3.2354649329331686e-07,6.550381597900112e-08
299,1373042,10,1.6974805096735268e-05,2.131811967565067e-06,1.6644119331596374e-06,6.243802486670391e-07,8.515607776059253e-06,7.228067550827527e-07,1.3970209332189037e-06,4.5632079307203477e-07,3.582456566120218e-08,6.451286253551444e-06,0.0008999997209347289,1.1833280075475988e-05,4.04010942467968e-06,0.0003179090047423904,2.888609113710361e-08,0.0002608229316318593,2.016027762971259e-06,1.6900574311678324e-06,2.402638133159468e-06,3.96068795354039e-06,9.998059526585695e-07,0.0,5.11222390570526e-05,1.416473862786427e-07
300,1434248,10,4.079836270690432e-06,8.433387179568319e-09,1.4669099862422291e-05,8.950568696972083e-08,1.9801436943705022e-05,1.682699672343746e-07,1.225354486182259e-06,5.67570729945871e-08,1.0203006970046363e-06,6.708670036931555e-06,0.0007573510942947403,1.7223039025236406e-05,2.3107133284502868e-06,8.880441961314073e-06,4.2021389265230885e-06,4.080886650882978e-06,1.040458581704623e-06,2.9581012220298436e-06,4.22399586844438e-07,2.2260230309097823e-06,5.15332703067764e-06,0.0,3.7264139811366004e-07,2.206714325159176e-11
301,1262573,10,2.84088875553562e-05,4.546457654797109e-11,0.0003334274890233746,7.319915296469248e-08,9.137066843416947e-05,1.904718480910672e-06,1.3069537774731965e-06,3.3624913253413324e-07,2.249701844640739e-06,5.290214043027902e-06,0.002221237507465973,9.98555912820262e-06,1.3687996245383138e-06,0.0009253768256641953,7.956584733775918e-05,1.1902146334914071e-05,7.129324722549013e-06,3.622691323312832e-08,1.0404866093195742e-06,1.275715336269273e-05,0.0005044513790492186,0.0,1.6132254844064553e-06,1.350337528911727e-07
302,1840041,10,2.9251355486877018e-06,4.497601844878629e-07,0.0006739217119104655,4.634583393968439e-07,0.00010306939433522497,2.1617390565976946e-06,2.1259475344419243e-06,6.8757398105634415e-06,2.9121709861287814e-07,2.3105887976618278e-06,0.006065294680283793,3.2462708289549003e-07,1.6484929727948044e-05,0.0009406498218106733,5.15271877096074e-06,0.00030660058188261563,6.503359714350038e-06,2.1225591392837195e-07,2.0453246360151167e-06,1.246022796502766e-05,2.7144651916648915e-05,0.0,0.00013041631000467943,9.734040345293904e-08
303,1834104,10,2.8068709231887645e-09,2.9932437584020977e-06,7.058286849923046e-07,2.403351563162043e-07,2.3643448655292013e-05,1.299217376338896e-07,8.838282519046947e-10,1.2778264193123723e-07,8.469887960906725e-07,8.352623515528804e-06,0.0017023883602103919,2.1529835016954185e-05,1.4887077476669064e-06,1.814786753110212e-05,2.0885619052401355e-05,4.9703052176445356e-05,4.4955808244963313e-07,1.3988236069137697e-05,1.2260529097529727e-07,6.150233134716299e-07,3.0803145336825294e-05,0.0,2.088529864620499e-05,4.716243010190191e-08
304,1366436,10,9.607910535069236e-07,1.8230743046715459e-06,3.497043586890916e-06,7.569989829460388e-07,2.4409799553919143e-05,9.801094086915596e-07,1.5777782212851588e-07,1.4625872676171658e-07,2.308543784555056e-07,1.538464920429125e-06,0.00010816066830693534,2.115077210977645e-07,1.705718049972542e-05,9.80408839416566e-07,6.756867088214026e-05,6.789827390901206e-05,1.5885187091072006e-06,1.1661593573020212e-06,7.183226196486037e-06,4.611208332384181e-06,1.142466506240912e-05,0.0,3.599999700572287e-05,7.814416962993731e-08
305,1368188,10,2.6568451408567895e-06,7.571288557130934e-07,1.4288549321946759e-05,4.869461821266352e-08,1.669935737270284e-05,4.444735790531951e-08,7.49066770278084e-08,6.509136116043812e-08,1.716086973456779e-06,7.075551170413613e-06,0.0005221227379087132,1.772407072686555e-05,3.999914404967733e-06,2.8899190250390727e-06,4.382477706085103e-05,1.680998193829414e-05,2.50347123562783e-07,5.5226889703104826e-06,4.038055104529925e-08,7.175837240611799e-07,1.0956116948304673e-05,0.0,1.4163848186948824e-06,5.241940579520099e-10
306,1319711,10,1.562794713991754e-06,7.075925217112609e-06,2.840883549092791e-05,4.8475248126331194e-08,1.1968233199991657e-05,1.9549884833387765e-08,8.431319978479193e-07,2.8255626279873047e-07,6.283560442191943e-08,8.122702292874193e-06,0.00016900051251843642,0.0011397378495255845,2.2201365438810627e-06,2.9590396815378645e-06,4.8302393472278264e-05,5.285339375428466e-05,2.809638849190013e-07,1.2816657857801783e-05,1.145235767471657e-06,2.7555457415406187e-07,7.56271911019589e-06,0.0,8.463387047002308e-08,4.133475555757882e-09
307,1780045,10,3.609408901001504e-06,1.0145607953586377e-07,0.00010795222544348476,1.3031655321385852e-05,2.561738810635643e-05,5.927046179150103e-07,3.0582201634432593e-06,1.1240229278487723e-06,2.1124988369529418e-07,8.293873761628517e-06,0.0010936247439420187,2.8622079922048863e-05,5.9468608908791465e-09,6.368053692807664e-05,1.4211840714413101e-05,2.2198840334535647e-06,1.060761773257965e-06,1.680913076046453e-05,6.502335659472683e-06,1.6897145343371112e-06,0.00018714209520299604,0.0,0.00013829679079483022,3.6486638054812615e-07
308,1344355,10,2.0583509036109504e-08,6.50419144913178e-06,3.0299075566495026e-06,1.9886725795212334e-06,0.0006993151780530713,1.3934457395656241e-06,3.874273532211703e-06,8.900357381887158e-06,2.411445552477631e-07,2.1318501388575828e-06,0.0002992905436013521,1.4309571347292938e-08,1.7725205270102684e-05,0.0002673225419632108,6.402635418990832e-06,0.0020286039541033973,6.3515407574821214e-06,2.407332064802148e-07,1.2322278188717228e-06,1.1466529782559742e-05,0.000660490275093302,0.0,0.0017901388854172917,5.027939357915567e-07
309,1927242,10,2.3911148735979854e-05,5.569062152040866e-06,3.794515290984207e-05,4.134412995389358e-05,0.0003820678405571584,1.039474638236254e-06,1.0633783273407416e-05,1.2106486803886707e-06,5.926087084627552e-07,5.904616688277853e-06,2.550154158360851e-05,9.362626592696738e-06,1.4363967931928928e-05,0.00020107216024814467,0.0005997591870951259,0.0006538241775010285,2.2200544477941897e-06,1.5123379436612905e-06,8.409374685360016e-06,4.455172776720445e-06,9.301478426385068e-06,0.0,0.0005569595436132335,3.982779230755906e-07
310,1246275,10,2.5852591291689042e-08,1.2816907559781363e-05,5.806477872047876e-05,3.312376366523123e-06,1.0026644391722059e-05,1.94074975786232e-07,4.400305462018417e-09,3.144124640173246e-07,7.060207881676855e-07,7.230301387294025e-07,6.283039337071084e-08,1.1605700020803078e-07,1.4288494583828207e-05,2.3814871882042732e-05,7.106506032110611e-05,3.2149309050792316e-05,5.3482052651127043e-08,8.29497616243631e-06,1.6974824778874867e-05,2.028651349164981e-06,3.45743900453839e-05,0.0,6.554098465340677e-06,1.2132441232215463e-08
311,1276528,10,7.128772491170332e-06,2.0068350492383202e-05,0.0004044121825403299,1.0496836217704919e-05,4.634817904689004e-05,1.2141764963585766e-07,5.983514569235515e-08,1.6612738795857007e-06,9.008102335519852e-07,5.807066601651312e-06,0.00041983934941643153,3.445626206040331e-05,6.758867263735591e-06,0.0005253243048752784,0.0006007390274415728,0.001469188149844182,7.385137081039606e-07,3.274093944474754e-06,4.885974924893205e-05,2.2252416084361792e-06,0.00010322545412887185,-4.0453385780070406e-10,3.9563564568363685e-05,1.526023672357435e-06
312,1334645,10,4.972169393198042e-06,3.9599887288969265e-06,6.397931313056188e-07,1.7600627776927225e-07,7.652947829032627e-06,6.747511214523494e-08,8.700902790429593e-07,1.5119772452630575e-07,4.894344867584222e-07,6.86431104385786e-06,0.00040120101833687576,1.552336649672699e-05,2.2797081515937845e-06,4.199010498075542e-05,9.564390733053652e-08,7.938792529547066e-05,8.37554436795146e-08,6.8113609980012535e-06,1.2540720317512355e-06,3.379334378092458e-07,1.7471752482216968e-05,-7.799300268118703e-11,7.398019221277821e-06,2.803364050271706e-08
313,1879256,10,3.385795278657011e-06,7.1313367653313975e-06,0.0004397432782635505,0.000200505470437852,0.00026885947316095116,3.3507257379411515e-06,2.5554482173222037e-05,9.541558950582063e-08,1.0838718665015512e-06,2.5624380435920746e-06,0.009629497423212445,2.9363349231953384e-07,1.866357195573487e-05,7.744172737447069e-05,0.00016103552314694625,0.0021893041105909214,1.346880794586558e-05,3.3140345851306874e-06,1.6590371285096772e-08,2.3398149690732895e-05,0.0016370139002043413,0.0,0.00029309726030565114,1.7473938147133383e-07
314,1901059,10,2.4338024927558766e-06,3.318580683170369e-08,3.1326792329887387e-06,3.1694929982471753e-06,1.4507454943756687e-05,1.526699500639661e-07,7.522538385609789e-07,4.321981980758699e-06,4.360041270315418e-07,9.808882488297754e-07,1.7695597503315785e-06,2.1242253968670188e-07,6.970629319581062e-06,8.064123781316088e-05,0.00022022521053225233,3.3862903312878445e-06,3.8508664613329247e-07,3.169098453451036e-06,3.953761276709322e-11,1.7703492113316233e-06,1.4364855768927293e-05,0.0,4.422320847477165e-05,6.024900823797807e-07
315,1367234,10,1.1026020754548171e-06,7.185765804607058e-08,1.8148003174584676e-05,2.5275259100954184e-06,2.275855661658735e-05,3.136256656946501e-07,7.675998487215174e-07,1.0943982176256362e-06,4.81565437734921e-08,1.081358259699683e-06,0.00010465280806253724,9.02163480656637e-08,8.29355059947176e-06,4.395732113032097e-05,3.599924222654968e-05,8.999859986733721e-06,8.644844222173431e-07,1.9870625294002298e-06,4.8171700194749034e-08,2.715132679034782e-06,2.2562282377677073e-05,0.0,0.00038181133043795057,5.29609381978019e-07
316,1305276,10,4.578992184228747e-06,1.142199862893406e-05,0.00010670953603129918,9.026837402559273e-10,4.772854029742868e-05,1.0807748920468874e-06,6.758985396995709e-07,3.016464278908504e-06,1.100154850143531e-06,3.879293102637682e-06,0.0020412319608721363,5.85406946190109e-06,3.062147122784298e-06,1.3176460542801971e-05,0.00019209824820749094,0.0006120657706761429,8.703176429127046e-06,3.598404815438605e-07,1.1492129398563145e-05,1.5152917164126811e-05,2.0791288832616717e-05,0.0,0.00010322335580408015,7.83515800850676e-08
317,1302359,10,2.41741439505061e-08,6.4525846126539665e-06,4.412207049778877e-06,7.060579401904632e-07,1.3735894893302653e-05,6.804684109587567e-08,2.272247165771568e-08,1.3317023520864613e-06,1.6133306207297138e-06,5.062996238782563e-06,0.0003892740487772377,2.3621552587789474e-05,6.903443934350162e-07,1.2322022197031046e-06,2.2081811356516878e-07,0.0010699462994540575,2.0445444928185452e-06,1.3938384939155002e-06,1.4900967568693552e-05,4.067619549692758e-06,1.2890341038546138e-05,0.0,3.4963698901588347e-06,3.3258926486132157e-07
318,1262726,10,1.1627933045476116e-05,1.166175249145418e-06,6.002859805486968e-06,1.8535852666819175e-07,4.715770205018788e-05,6.563023336996626e-07,2.0226355727653855e-06,2.2368158380733916e-07,3.1460310542970327e-07,5.289977540274757e-06,0.0007290007083489008,1.2461687970978866e-05,3.7246934185188735e-06,0.00011859212932661956,2.372385890497125e-06,0.00014786561910955578,2.0738153028009715e-06,1.5881382763368451e-06,1.345788782566859e-06,4.05282379089926e-06,7.570033639780344e-07,0.0,4.4949124584515304e-06,8.13904684950767e-08
319,1373028,10,1.772451151136993e-05,2.0429956565610335e-05,3.8937384333782854e-05,1.5379439930567063e-06,4.107306681549669e-05,3.477128739243218e-07,1.0398317618828812e-06,6.325723281418866e-07,6.205090992070228e-08,6.6053048521051705e-06,0.0001227664777805615,9.302065566412637e-06,5.1524305261056724e-06,8.122827914585143e-06,0.00031755273412186445,0.00020793650669029967,3.174283838038028e-08,7.952446894339549e-06,2.1436395949236617e-05,2.4701113139971587e-07,9.101198527978159e-05,0.0,4.237994002498531e-05,5.533174129400409e-07
320,1336480,10,9.798867704677305e-07,1.7745543139102704e-08,0.0002582443953004984,5.619828634707835e-07,2.4959521893377218e-05,1.488069278802323e-06,4.297032278631485e-06,5.705025967576993e-06,4.093397818517863e-07,1.3685254494251453e-06,0.00034410307786165995,1.763012256357499e-07,1.3764491720674038e-05,0.00036710662815101977,3.8564180661691816e-05,0.00016230842227769882,4.000889866396379e-06,3.705673829595968e-08,2.4345979587649114e-06,8.348615191951236e-06,2.0702940782088564e-05,-1.0588203577799327e-10,5.6100739924680454e-05,1.3577188473154478e-07
321,1279420,10,1.7452807953809157e-06,1.125899336863051e-06,3.80709035730023e-05,5.3270748357620024e-08,1.0621829221929557e-05,2.0487944574210104e-07,1.2775389000158066e-07,3.894927369900436e-07,1.5878944672094442e-06,4.974247530060288e-06,0.0003674891032030281,1.9009966557528846e-05,2.5288727178371384e-06,2.132544439523154e-06,3.882429776093377e-06,1.1630052990402318e-05,1.9063965038187969e-06,1.6388871830891327e-06,3.6107684880451463e-06,3.7520191525468316e-06,1.5445632919584146e-05,0.0,2.9298058597596044e-07,5.216311015077135e-08
322,1321450,10,1.2960016874952185e-07,4.621979702232326e-06,3.997677408038025e-06,3.237423503228698e-06,3.117212725357865e-05,1.1431175959489281e-06,1.360355819123027e-06,5.544652204730882e-08,8.257459385638266e-07,1.4870147291498603e-06,0.00022982319258674916,2.884077088954884e-08,1.0954053546209652e-05,0.0001016059401554581,5.197808480551791e-06,0.0006345359196368305,5.150720787022722e-06,3.156710513818606e-08,1.0399547568928913e-06,9.476410917592937e-06,0.00012365337354281608,0.0,0.0014077480628375272,4.7623708498284456e-07
323,1297026,10,1.7690537189966882e-06,7.227094334875256e-07,1.4822820521759317e-05,1.1605699948465109e-07,9.221829563550027e-06,2.9404729253931783e-08,7.05821487685318e-07,1.9857468898376585e-09,9.8022353695916e-07,5.856513721019113e-06,0.000663062825383004,1.8062642765518874e-05,2.3413926622389836e-06,3.887881624281553e-09,4.46223831257718e-05,3.0470601053553606e-05,1.6837185508496166e-07,5.953697158190066e-06,5.760970948724686e-08,5.580983850929366e-07,1.0824252104484414e-05,2.44379291108876e-10,5.475934697345142e-06,1.90868489416407e-09
324,1303883,10,1.1248220235238193e-06,1.6961847517510398e-07,3.979174098868443e-07,7.071455403739879e-07,1.639142543660363e-05,3.0316728459253706e-07,1.3399798230381843e-07,1.6833036294051917e-06,1.0962807115225126e-07,8.852315994331561e-07,7.174239576352923e-05,1.1703697025064463e-07,8.941505827374935e-06,0.00013549090231242122,3.84414885049901e-05,1.3322787662944924e-05,9.024530385585983e-07,1.932864105595733e-06,2.5741126834233352e-09,2.7306258567651176e-06,2.4304951610529257e-05,1.8166174571565552e-09,0.00032580267507986704,5.077195490733877e-07
325,1289664,10,8.880857184728752e-06,6.556621449521627e-07,8.082016920693894e-05,1.9339835740858624e-07,0.0003712244231023655,3.132999218190269e-06,2.341018273215728e-06,2.95955206567472e-07,1.7592189734821906e-07,1.5128922446344673e-06,9.005960790616982e-05,1.4158487885718163e-06,1.398788879500637e-05,0.00019572032977328846,0.002506003268639763,0.0002640628057468397,7.181888451394253e-06,3.366921038812365e-07,1.3176868707800299e-05,1.4475882763095166e-05,0.0009916197840433225,-3.890655506100238e-11,4.462194390814425e-05,4.965107144871972e-11
326,1697026,10,1.6385027093446247e-06,1.0176286622920472e-05,0.005870620112540491,4.6179681460339905e-06,5.4169645354470997e-05,3.239520425558917e-06,2.904098844971892e-06,3.1773112079830357e-06,8.634347797922826e-07,2.187054116427334e-06,0.029453427864599348,1.3516326096557618e-07,1.0493258294649865e-05,0.00016332441795628705,0.0001123562914908463,0.004348085938268638,1.4287085254229004e-05,3.838283689792943e-06,8.27332918548751e-07,2.4406396571120814e-05,0.0016104170438089385,0.0,0.002500001510283581,3.87939135274018e-07
327,1298079,10,4.956872980826921e-08,1.5874634306176083e-06,2.0794668513561543e-05,2.927920393601402e-07,5.844066150124949e-06,1.2666516377435322e-08,4.211845551362059e-06,7.600667072046874e-07,1.0010487574915738e-06,5.152585644385005e-06,0.000317196978271813,2.2658709185406634e-05,1.4517736642363777e-07,2.0793885009175173e-05,1.5367617435219777e-05,0.00015030821881037784,7.57301080636652e-07,3.459704147092124e-06,7.618783863516665e-06,1.7997179177983713e-06,1.303257578667838e-05,0.0,1.763983320581669e-05,1.802188968821894e-07
328,1262232,10,2.265175664262209e-06,2.488974682135492e-06,2.9932820262978943e-05,1.5141029856557964e-06,0.00019072082698434745,3.444757766812856e-07,8.119405758844067e-08,3.7068129605799527e-06,7.454830955877512e-07,9.99275064250682e-07,0.0004293291502905916,3.241152236599376e-07,7.636677076483522e-06,8.301878856953326e-05,6.434914078734533e-05,0.00021523899849129613,1.6706952580269885e-06,9.649709836745402e-07,1.6389108580261436e-06,3.660367996372038e-06,5.8747127774649854e-06,0.0,0.0017089983690562471,8.392893545705604e-07
329,1337649,10,9.013495094849222e-07,2.0214362812798203e-07,2.1904749377202326e-06,1.904278578927776e-06,0.0009645653580729122,3.595141275965219e-07,1.4744480552185413e-05,5.361926552378826e-06,7.209553568726657e-08,8.638870812940902e-07,7.344037561380495e-06,8.826260115141205e-08,5.016111960257086e-06,6.77312961963987e-05,3.192203705322874e-05,3.3870735577742894e-05,1.059809797275546e-06,1.6894364609741641e-06,3.354544964723205e-09,2.957352356933174e-06,7.075594161288362e-06,-1.4318070583330123e-09,5.505552363005775e-05,4.839992067164067e-07
330,1373040,10,5.225087623336733e-08,3.59786434856596e-07,5.770023131859703e-07,2.8061598104575647e-07,6.963955767269603e-06,1.9562424825869673e-08,6.654932137584169e-07,8.159478795816133e-07,2.3099484574989892e-06,5.568785508353741e-06,0.0004972897976945334,2.3911744194797524e-05,3.720236430651558e-07,5.807706305038796e-06,8.40935006211907e-06,5.623385901584732e-07,7.204348268299854e-08,6.655598777466354e-06,6.149922938764041e-06,4.866303166053965e-07,2.3619422241910604e-05,0.0,3.516457894037553e-05,1.9289218920401363e-07
331,1910132,10,2.1607095890708444e-06,4.839822591801504e-06,1.8318364489643135e-05,5.2580753398881463e-08,1.5944560194944626e-05,1.0442940592131356e-09,1.2254515068029631e-06,1.0871307315474255e-07,1.0608120372210955e-06,6.199865824712408e-06,0.0003294226737083888,1.6892108799664712e-05,2.3713407863168445e-06,3.3639913544453864e-05,0.0001149181020944183,3.7454081613841686e-05,3.6055217892891345e-08,1.017610133457851e-05,1.1662751630576312e-06,3.7362761346609874e-08,8.643675950206417e-06,0.0,1.3456289560346418e-06,1.443035525620917e-08
332,1434201,10,4.968023858964443e-08,1.6972902812995017e-05,8.121191058307886e-06,2.4220789782702923e-06,2.5829504011198878e-05,1.2184318620711565e-07,2.8448994271457195e-07,1.296037225984037e-06,4.8923538997769356e-08,1.3907556422054768e-06,0.0054708733659936115,1.7505954019725323e-08,2.3470784071832895e-06,0.0009632128494558856,2.895452780649066e-05,0.006593651327420957,3.2352108974009752e-06,4.300381988286972e-06,6.7112414399161935e-06,7.800947059877217e-06,4.5123015297576785e-06,0.0,0.0009177890024147928,8.963979780673981e-08
333,1344347,10,4.928389695530583e-06,1.0814795433321256e-06,4.0885967901929665e-07,5.29021681866873e-06,4.831739953115727e-05,1.2542007842321345e-06,1.0262708808467247e-07,7.587881479462211e-07,1.399486829201102e-08,7.452538455802321e-06,0.00128880941130316,3.0802073782882494e-05,3.9995276783152955e-06,0.000698544606625294,0.0001299597512282799,0.0002286143350637912,3.275454983849707e-06,2.5401336589722656e-05,5.475501056919491e-06,5.051416215078736e-06,4.998417900971275e-05,0.0,0.0002108303963996444,3.9936012970892554e-07
334,1261784,10,8.568818342380435e-08,5.852437838210073e-05,0.0004206593134269618,1.7139487835021727e-05,5.132229893650697e-05,9.016801239616901e-07,5.663227728228137e-07,5.440662796597773e-06,4.2335598263165686e-07,2.3122495669963827e-06,0.10808315994468401,0.0010699449671389138,1.2061005666419433e-10,1.7611881724527434e-07,0.00012859523778632753,0.004918216170959035,1.6000655703007904e-05,3.763066505943491e-06,7.726608311306449e-05,2.7169620121059168e-05,1.4657270363052644e-06,0.0,3.275719164641533e-06,1.1657447444718416e-06
335,1892103,10,1.322583449495096e-06,1.4364486747554805e-05,2.3718259588065282e-05,3.385418096843451e-06,2.1485032237388013e-05,1.32220207005318e-11,2.53928476440235e-07,2.2063581311265734e-06,2.5932463426706076e-06,4.2038496097102085e-06,0.055168624895610786,2.9376514802587073e-05,5.190091646317674e-07,0.0003755856669253252,8.64664154602568e-07,0.002936555894069215,1.9606757871160063e-06,1.3700040232406119e-06,3.552294944587919e-05,4.159682734566905e-06,8.611828925302739e-05,0.0,0.0001317907949737948,8.185095837914824e-07
336,1334087,10,1.3459165057756045e-06,1.9603320167340538e-06,1.0758971840644019e-05,1.1879808172240297e-06,1.7771040828781087e-05,6.563923513700637e-07,2.664822514701626e-07,9.686271432926552e-07,4.0954406099052987e-07,6.916889035441659e-06,0.0008785301708731149,2.6522391245103333e-05,3.599642901114253e-07,8.949176600562408e-05,3.080238118017761e-05,7.310303999484916e-05,1.9319692240657438e-06,2.079353005616895e-05,1.8230053336690255e-06,2.8338556935358222e-06,0.00030345715229709684,-1.190844853282691e-10,0.00024932449334067255,1.900050585201818e-07
337,1300390,10,1.281752748572354e-05,3.999412027531207e-06,1.7724658995472986e-05,2.074733221425762e-06,7.044913473232273e-05,7.395760926974526e-07,2.082738605517498e-06,9.06341275107303e-07,6.555870440440315e-07,4.665882284895367e-06,0.00028934114249554513,1.0627785243955828e-05,1.0957292928263918e-05,0.0002692878941678474,6.209584547062566e-05,3.136059698052515e-05,1.58833734312247e-06,2.249745196244296e-06,5.857765764734346e-06,3.2155642351906766e-06,4.452376458300572e-06,0.0,9.312281831713037e-05,3.010959910842992e-07
338,1319870,10,7.043112418614328e-06,7.129550795070827e-06,4.980839730706066e-05,5.241367034614086e-06,0.07336512837355258,1.1088559404015541e-08,6.501140887849033e-07,1.1598822311498225e-06,8.731149137020111e-10,2.8246577130630612e-06,0.0001665985691943206,8.766874088905752e-06,3.3035321393981576e-06,1.1972450010944158e-05,0.0001460784551454708,0.00024841056438162923,8.825736586004496e-09,3.126508090645075e-06,7.1414688136428595e-06,6.70333974994719e-08,1.1446536518633366e-07,0.0,2.861663233488798e-06,3.9850419852882624e-08
339,1249970,10,1.4167332349004913e-06,3.4908449121628937e-07,0.00023286866880036644,2.1716436327662986e-05,5.1539965523161174e-05,1.9621070830311282e-06,7.126009502964048e-07,7.962396428064233e-07,2.0333305278744107e-07,1.1894721096659955e-06,0.00043014848304477604,2.509765709840517e-07,1.6242790611915858e-05,4.16124441713836e-06,5.018111313412343e-06,3.922263867021936e-06,5.856046547327021e-06,9.785805961740057e-08,1.7976248041784437e-06,1.140740086215744e-05,1.0692493654339275e-05,0.0,0.00041616102056573484,1.1036450150297972e-07
340,1309288,10,5.8262487443935806e-08,8.821480215725694e-06,6.609737894702587e-05,1.853792474613286e-07,1.1732316639720061e-05,5.332024993164042e-07,1.714023194019504e-07,7.238799687621367e-08,4.357443681695522e-07,7.236523191110969e-06,6.052852029332298e-05,2.2278443719318808e-05,1.1026495272143527e-06,3.294775695547071e-05,2.22789353767211e-05,0.00010732953007012644,2.8225849253993296e-06,2.4403712202577393e-05,4.6275747434161574e-07,3.906749247769431e-06,0.0001674437334033465,1.9597534185733512e-10,8.335750596817626e-05,1.899147482158081e-08
341,1560034,10,1.6196288879499754e-08,1.1088993043521789e-05,5.5204304185686726e-05,5.10743119033763e-06,1.7154270491717694e-05,1.7542101998779813e-07,1.4003836370374279e-07,2.0623632586008744e-06,2.7550964371639286e-06,3.6474197827388033e-06,0.0004977360113242874,2.4009058746811418e-05,4.887911595127803e-07,1.7138093323099124e-05,2.1303063435090808e-06,0.0013980110284036243,3.9189601511308014e-06,2.590071062694155e-07,2.227865027786685e-05,7.309620865217359e-06,2.5703975337180995e-05,0.0,4.6239979558715394e-05,3.9970129751126793e-07
342,1320704,10,1.3912858952740137e-05,9.305220920186041e-09,2.6111714994697666e-05,2.130670708002519e-06,2.192751698076867e-05,1.5879728493331524e-06,1.0892466874232176e-06,2.7552439939640405e-07,1.6129343050098888e-06,3.534348817037236e-06,0.001048464696473888,1.0691768998913331e-05,7.274133499365898e-08,0.00028358478548680746,2.7554452340546043e-06,9.024974087105606e-05,5.95391825593608e-06,5.877115936275823e-09,7.561015448048769e-07,1.0717763961890642e-05,8.3816107106921e-08,0.0,0.00018063328589887004,1.5628042395604558e-07
343,1309874,10,9.599734493853651e-07,2.0158202450239887e-06,2.804333329442521e-08,3.610735842263235e-11,5.113782882506558e-05,3.30550517513295e-12,3.793717095676441e-09,8.961722406525263e-08,3.973342999012003e-07,5.475783307557283e-06,0.0003888782590865218,1.8489199085414826e-05,3.4221705205710745e-06,2.6111191415345916e-05,2.9051303265718517e-05,4.5426987408048874e-05,3.737565403005849e-09,9.120422182222823e-06,2.464681781930156e-08,8.308499183616591e-08,1.2109551580964661e-05,0.0,3.31145609927877e-06,7.0638659453031716e-09
344,1330817,10,5.108543267953389e-06,2.433858209954093e-06,7.05723851877893e-07,3.48865746260113e-07,8.637870471091616e-06,2.1157246357650372e-07,1.1864408543792865e-06,1.3769304967221896e-07,5.785142066332127e-07,4.884682903581045e-06,0.00017768978299542194,1.4289140384187576e-05,2.434346614498331e-06,3.72540498229032e-06,7.191068246012802e-05,1.1666252686150236e-06,4.901617758588939e-07,4.623420570957007e-06,1.393243887577375e-06,1.1257091791904567e-06,8.123200634565023e-06,0.0,2.70406633254075e-05,5.213838922581149e-08
345,1366690,10,7.952095643460472e-06,5.381782711665062e-08,1.6390552135710224e-06,2.0733562104725822e-06,5.111004181999196e-05,8.283775123126697e-07,1.382853477061019e-06,7.002466327968304e-08,6.244277329318232e-07,3.8809750683033856e-06,0.0011861144738590946,1.3032607892052295e-05,6.9697775463267025e-06,3.3123222266083496e-06,5.2852574105992714e-05,4.624075717095735e-05,3.313130068216194e-06,6.724775908212299e-07,1.521439987588885e-07,6.111924766686455e-06,9.312234647553333e-05,0.0,3.3177710879562367e-05,6.806733132171117e-08
346,1773078,10,1.931466816554317e-06,2.034672912567398e-07,9.363367582337911e-06,1.0195813581956314e-07,2.069808108745401e-05,5.760472600140065e-08,5.175825754794028e-08,4.097591447871363e-06,2.571859887730288e-08,3.847850376329648e-07,1.6892308848950877e-05,2.3031387103196466e-07,7.562572237555104e-06,1.7389794533586092e-05,0.00012927708074082084,2.9161102035837883e-05,3.667537521422071e-08,5.337117137075437e-06,2.3034655499340473e-07,1.2043303699808133e-06,3.27676613757176e-06,0.0,5.469687355784403e-07,5.07871480407221e-07
347,1278493,10,7.879501946750356e-09,2.2218991522007792e-07,6.401620383083076e-06,1.209881830149112e-06,1.2014984073506138e-05,6.410175095138138e-07,1.6037477334595457e-06,1.2085809620240862e-06,7.276249933824142e-08,5.926792088859628e-07,0.007341062301954655,1.4730883093200253e-08,1.0240015365215946e-05,3.648486935516407e-06,3.6000561510677806e-05,2.2848522000705473e-05,1.2766315393240163e-06,1.4654972893945323e-06,2.4036159846987926e-06,3.7508523784597625e-06,3.069177260386219e-05,0.0,0.0001279165554034234,1.2112881573288214e-07
348,1968046,10,2.8557812269472405e-06,6.100371966966112e-06,1.095623561873059e-05,5.620536571940976e-07,8.314298135433593e-06,8.274062022334272e-09,1.1005239784409038e-07,3.271082129070041e-07,1.2232541702662802e-07,5.5689321913268e-06,9.27362673035885e-05,1.568088009809565e-05,4.537156419551561e-06,9.059996463634326e-06,2.6832072547928673e-05,9.643174279927447e-11,3.5802487696745544e-08,1.0175667875552893e-05,2.6886855776196705e-06,1.7131746144968818e-08,1.3912702362157622e-05,0.0,7.952674554783865e-06,3.653731666698745e-08
349,1292332,10,7.877827337514354e-08,6.502542825229454e-06,1.2803094437061069e-08,1.6028344878432632e-07,2.9716999305571395e-06,4.905307311175999e-07,2.113128780879825e-07,4.0465068081203814e-07,1.6017758248075553e-07,6.708037977391432e-06,0.0002307367177000596,2.265758441796599e-05,1.5271738656140454e-07,1.7263332031253187e-08,6.100975021171642e-06,1.1882738508665197e-06,2.340864461051334e-06,2.2562465103350207e-05,9.620143491539945e-08,3.2441105934158387e-06,0.00020735994179674373,2.407165144296952e-10,0.00023654462850453833,2.4685078817837658e-08
350,1260050,10,2.5601166612418402e-06,2.403050786217026e-06,6.300798693247706e-06,6.758894341256372e-08,1.513578228748251e-05,4.46381071810692e-08,7.110308980901037e-07,2.0822309964099728e-07,4.899039972982439e-07,5.108087511135687e-06,0.00023654470810621775,1.6322288591613318e-05,1.5383368084809917e-06,8.64414179015116e-06,2.3620315414101326e-05,1.3323062309862979e-05,7.365356630151254e-08,6.917711211336733e-06,5.475575211057182e-07,3.232490926631526e-07,3.610521776260464e-06,0.0,9.34425922055615e-11,1.886650240201515e-08
351,1574104,10,3.1394692055243534e-07,1.5875639011193182e-06,1.2326018572397096e-06,9.590222759849054e-08,5.079543057338529e-06,2.2419824273131606e-08,5.759380981990025e-07,1.2321281077712354e-07,2.704434124266991e-07,5.429496012237731e-06,0.0003575880222701118,2.0070528644562657e-05,3.723105510226171e-07,2.9375971621498423e-05,1.4899419461570154e-05,2.704036637511502e-05,6.240242467897561e-08,1.0432289913148499e-05,6.752947272550824e-08,1.2816001582031944e-07,6.872461660176882e-05,0.0,2.993003282117379e-06,1.1132848381015248e-08
352,1502065,10,1.4168306589311397e-06,1.8621146118114051e-09,7.076601873629018e-06,2.3417585356122483e-06,4.3473593111225534e-05,1.4425475059962056e-07,8.416661578206086e-06,1.290869885532675e-06,6.240899380685616e-07,4.4905801258043887e-07,6.605010882565487e-06,1.935869161674708e-07,5.198328752360065e-06,0.0001218817585792592,2.6113036970754067e-05,1.2816751234847462e-05,3.0290783965825074e-07,3.4973492076401103e-06,2.6103898199264508e-08,1.6724981548102424e-06,2.1618687893153188e-06,0.0,5.7003013910008477e-05,4.6266240070341746e-07
353,1250279,10,1.4436045783425278e-07,3.168814088499311e-06,7.919419620309315e-07,2.290208804024696e-08,8.53150005519776e-06,9.606644939263997e-08,4.0819716133448647e-07,2.0168582522475664e-07,7.057851106970908e-07,5.808286636981019e-06,0.0003122291892264789,2.0612029708452426e-05,2.39879407892829e-07,2.9052206205278444e-05,1.9981083025019664e-05,2.5401583285287674e-05,4.4919607856443167e-07,1.3913084843584361e-05,6.752674280852133e-09,5.577690884994713e-07,7.603834721954181e-05,0.0,2.2944096041335044e-05,4.575341067819538e-09
354,1260556,10,8.474312188436195e-08,5.428750125172077e-06,1.5054757905311883e-05,5.523091174196998e-06,3.251779828094756e-05,1.2259170546757847e-08,1.0734156606628797e-07,1.5233471240168328e-06,2.0440492409928845e-06,3.91983434551782e-06,0.03567565336876155,2.510063422494005e-05,3.0036275832506787e-07,5.402206536826368e-05,1.975786957653103e-08,0.0007054337286659211,1.486280311047139e-06,2.0454279774199946e-06,1.747179100836105e-05,3.1360996692146592e-06,8.121464473900136e-06,0.0,3.2261904830459265e-05,3.6768552900620644e-07
355,1339756,10,1.2554144261829603e-06,3.169132516524578e-06,2.011815140520734e-08,1.3695585029446095e-06,1.024967532001382e-05,1.1001537771060388e-09,5.1594729776754944e-08,1.56915025299742e-07,5.190281459430818e-07,5.290147611546059e-06,0.00030067620657084,1.7808431651054543e-05,4.203422607752111e-06,3.398928990645117e-05,3.67242823430744e-05,2.9160403114644393e-05,2.9319631309615568e-08,9.923132466983786e-06,4.0983377727621395e-07,5.1832146130692536e-08,1.3032410284805757e-05,0.0,7.345131510764699e-06,3.560867312818461e-09
356,1547086,10,6.719533846288872e-07,5.9909394013041295e-05,0.007793360016718084,1.0240714801323936e-05,4.074295194100852e-05,3.420502432724404e-06,3.5263600463297795e-07,0.00018989128031646207,6.1781413318584555e-12,2.589182113238442e-06,0.0062773917132275675,4.511506670745735e-07,3.839397604635253e-06,2.6519568128463566e-05,0.0007338673271454488,0.015634998953172163,2.7143431593629197e-05,1.4062831376282503e-05,4.488866137956904e-05,4.318201656103304e-05,0.0006558712216609142,0.0,0.003271837108341849,1.7736597069661908e-06
357,1305756,10,4.60548758235424e-06,2.3342695587069695e-05,0.0036590559671592637,1.4529567145649125e-05,8.12828683413036e-05,6.520967846534997e-06,6.016610594017369e-06,3.5256555495633e-06,4.303069910005508e-06,2.597299852358237e-06,0.004790023326141701,5.390018521511664e-07,1.885061684336886e-05,0.00012658489758587965,0.00015254138560155672,0.0012496408679121829,3.0937108516371215e-05,1.6664576033387224e-05,3.283398877174104e-06,5.121463660678893e-05,0.00023996515135288332,0.0,0.0003374772496587686,1.3375798368908676e-07
358,1368133,10,8.138421717096556e-08,1.1766076462339792e-05,0.002222183668605583,6.075681347333939e-07,8.044048763829192e-05,2.406761289083792e-06,3.980089554052324e-06,6.845434697713704e-06,5.946489212982353e-07,1.4650554262182758e-06,0.006209444935232504,8.948650848106254e-11,1.4671532799145903e-05,9.62369267212479e-05,0.0002653663365168382,0.0029073677542156215,1.2184101242297685e-05,2.6607463073716198e-06,3.6472259479641833e-06,2.071681610878867e-05,2.1347490197130836e-05,0.0,0.000756248356993984,4.7680470999234004e-07
359,1792093,10,3.8406576417793215e-07,6.502618077581547e-06,7.638777227210371e-05,5.038691667418396e-07,6.641410501414917e-05,7.221040469905168e-07,5.0198611998945875e-08,5.4286537175263216e-08,5.741955992101533e-08,6.656103837188697e-06,0.0010719074970269495,0.0010936245560933368,4.761677529704911e-09,3.29471961585644e-05,0.0001454433923536412,6.656001236997333e-06,3.2758178407582897e-06,2.58060836224646e-05,4.564706417541087e-09,4.670752591870789e-06,1.324966111422056e-05,0.0,6.723163562148346e-07,4.6716395447378434e-08
360,1503024,10,1.0955516390808578e-05,9.000700313096036e-06,2.132733302729478e-06,3.6108710603187377e-06,2.3140040160140457e-05,4.6187726138353924e-07,1.1671451362604834e-06,1.2547640849455005e-06,4.101741563067307e-07,4.666672054945073e-06,1.4395981210967024e-06,1.0304582318277841e-05,8.065220444424676e-06,1.5841350561551087e-05,8.408978946725792e-05,6.0996283528461787e-05,4.1018864561578883e-07,5.017817571811856e-06,1.1833282149306679e-05,1.0829478460094855e-06,0.0003334273134160664,0.0,9.350962668938645e-05,4.410277692958736e-07
361,1297465,10,2.7225557153905122e-06,2.132280011651194e-06,7.066144614986669e-07,2.79006765607423e-06,3.9392833189318827e-05,3.601898193282549e-07,1.643803573328495e-07,2.482994881813916e-06,1.3769757059578502e-07,4.8845407168880695e-06,0.0372992025954755,0.0010504098648691333,4.053754736055293e-08,0.0007639710675025786,1.0434073552910428e-05,0.0003168417109514904,5.853749861228774e-08,9.798189145478892e-06,1.9715007423357078e-05,5.765007069571948e-07,5.5355650195671596e-05,2.0604119799205733e-09,0.00041493824578110045,6.088317578353819e-07
362,1291242,10,4.2507611430764314e-08,6.760479439503475e-06,6.099598729778638e-05,2.0751962689982695e-06,1.5730955369594457e-05,1.4891217459470085e-06,2.884601415460708e-06,9.458148920865606e-07,6.091934659918641e-07,1.042425406931613e-06,0.0010751840264368664,2.7271944973150664e-08,9.001388596260873e-06,0.00022200954761972258,5.019488766931646e-06,0.0017808436876124642,7.289351803198285e-06,4.906925587938593e-07,2.30976554946305e-06,1.2815356275529266e-05,3.875976089737221e-07,0.0,0.0004028074019039943,6.016960406307614e-07
363,1261963,10,3.3479431595442866e-06,3.2487545544322705e-05,5.38142071474651e-06,8.27456141688776e-07,5.141941970843167e-05,2.6564431839792846e-06,2.801144932396138e-06,1.2184887021454704e-06,1.3436189999910253e-06,1.4872511578875591e-06,0.00025888625129707327,1.797608663171857e-05,7.413224622315057e-05,0.000773950610672966,0.00011837348731004449,0.003118103824059887,2.246545430199809e-05,7.615698083572597e-06,3.306230680513722e-05,3.7705060896148224e-05,0.0005234939459562576,0.0,0.0008940095616146518,1.705683162697702e-07
364,1255576,10,5.380809077817905e-09,1.769088121071627e-06,9.807518306717555e-07,2.8168557088259494e-07,5.276509275993144e-06,1.373483950791593e-07,5.054936224515444e-07,6.41705402981696e-08,6.087273924024195e-07,5.290637227411271e-06,0.00026179300875898114,2.190227249440277e-05,1.0298017916882118e-07,6.101019515356021e-06,6.352138523567016e-05,1.0304532646641246e-05,4.2319049324036906e-07,1.3690197569278875e-05,2.808850427422904e-07,5.787352301989818e-07,4.244271155246296e-06,0.0,5.617636104061213e-06,3.422669530780964e-08
365,1248084,10,2.161019504499234e-06,2.6014508829746985e-07,0.0006543361295108241,2.1314165716754263e-06,5.431831121331665e-05,5.035864405755763e-07,3.041897403931182e-07,1.1327253734011444e-06,1.5624077543234527e-06,5.152234321247756e-06,0.00011772238072626715,3.0030500123449932e-05,1.2166353680065356e-07,0.00015450500648863524,0.00011470396590143248,7.39596914824843e-05,4.757353090287242e-07,1.3542304952811335e-05,1.2110389602856125e-05,9.955700895590558e-07,0.001139737083429057,0.0,2.309976632534211e-06,4.245492949347951e-07
366,1290967,10,6.199305610798955e-07,4.462252775576381e-05,6.860789838442072e-06,4.802491912206386e-05,0.00017117973018597465,5.712775908883749e-06,2.0988149357498154e-06,1.351439656488429e-06,5.47161314423672e-06,2.6563915139221628e-06,0.01861587340725611,8.948649682372078e-09,1.0240158265215071e-05,0.0013017652391084794,0.0012567006700795885,0.011616525998778673,3.433631211159638e-05,2.0156184721259462e-05,2.134114851705393e-05,5.560565205392498e-05,8.299223791471966e-05,0.0,0.003188861837329998,7.349916874704876e-07
367,1902212,10,2.2981612210482005e-08,3.75755746001849e-05,0.0029855263513861446,3.610739485182535e-11,9.886514592057083e-05,3.5720647811460227e-06,7.971100496190209e-07,0.0001000596017766836,2.013210206222582e-06,2.071941941489408e-06,0.054005113878136515,8.620941498171941e-08,8.940068582347083e-06,0.006689604755225884,0.0021473959867320536,0.020649687808018277,2.3713494155183645e-05,1.0953795804777289e-05,2.34238448902635e-05,3.830100849046281e-05,0.008478727794311788,0.0,0.0006170257639001031,1.0304615543910156e-06
368,1249483,10,6.732937636935721e-08,1.5130713337373897e-06,3.6047880413309086e-08,6.565985335941354e-07,2.027870837984988e-06,2.4996944241427455e-07,3.08503330789453e-07,2.862871996359845e-07,2.597976592900314e-07,5.290663835444756e-06,0.0005121176600594388,2.3425312814172664e-05,1.4455170595228939e-08,1.909750468635958e-05,1.1765183293072079e-05,5.343671418709013e-05,7.222426674034083e-07,1.5444760840937002e-05,7.744208531806906e-07,1.0438938183449098e-06,7.99241980155331e-05,0.0,8.15407814611143e-05,8.299881840145851e-08
369,1773339,10,7.105804641582836e-06,1.084236426862617e-05,0.00022199043582560307,5.05040095291065e-05,0.00015675786105617817,3.3385044488909443e-06,2.635103300008268e-07,9.352957164310283e-08,3.571844715111183e-06,8.954133363658912e-07,0.06551660821450866,1.1856601965121172e-05,8.81493360083141e-06,0.00036055388464717453,0.0010077044520144796,0.0012147885805404712,1.529096719110612e-05,4.6970113061206575e-06,5.841817532825644e-06,2.842675270642303e-05,0.0022540838226561277,0.0,0.0010564667652701587,6.566367005689244e-09
370,1297927,10,1.8527820097244407e-07,2.7556235296082726e-06,2.560390189382082e-05,1.5627773182029514e-06,1.2916308119644351e-05,5.040582335153615e-07,3.459346145703174e-07,2.1208715134286849e-07,0.0,2.2080069117004497e-07,6.512478162204807e-05,1.0283866157603794e-07,1.5760715674571768e-05,2.856361077776051e-06,5.083689495049594e-05,1.789308996954196e-05,3.6049849763686304e-07,3.459208497397226e-06,8.940868446584427e-06,2.522118486024405e-06,1.2674149591846567e-05,0.0,5.428647092142053e-06,4.8990021645281545e-08
371,1312897,10,4.0859127247577787e-07,2.6725815880326853e-05,0.0019758013070804437,1.4882329167145714e-06,1.9376249381503063e-05,1.2292408153105616e-06,7.798554225862953e-07,3.025650722451867e-06,2.4943737197066773e-06,1.7164170704186965e-06,0.0024453002433839632,2.2087216741809024e-05,1.761387460538777e-07,7.056036223918039e-07,0.00010650077861858176,0.003229647239302677,1.4136961834242123e-05,2.591296047536884e-06,3.905891737523287e-05,2.3993585309960153e-05,1.1426141180784222e-06,0.0,5.624995430761337e-07,3.814926543346808e-07
372,1862039,10,4.666187422123352e-06,9.1209791212854e-09,3.069186988533673e-05,4.6335040188374976e-07,4.13216054108434e-05,7.227100089768346e-07,2.894114158071698e-06,3.371034237621695e-07,9.02780469828196e-07,3.0635130332488936e-06,0.00038927332248959653,1.4063269775137915e-05,1.5190975706166898e-07,3.7577842045926485e-05,1.7977828509475186e-05,4.733535404765482e-05,3.2768680378464365e-06,6.40268337633032e-07,1.294157468342827e-08,6.1400478669655645e-06,0.0004214813534938952,0.0,0.00020449036927038325,5.6465293531149374e-08
373,1334644,10,7.023346344227702e-06,3.4597375181324302e-06,8.262766626815875e-05,9.996732361593208e-07,5.965523527364826e-05,5.339640521528216e-07,9.856788864542193e-07,6.104543690370334e-07,9.223451145172479e-07,3.648137930840553e-06,0.0007795264275310115,1.1560713658416086e-05,6.1997391198539975e-06,0.0001483523445806826,0.00014957396725943407,0.00020649738362918044,1.0400691427200903e-06,3.203884031886123e-06,4.9292409346358285e-06,2.2028746048639858e-06,1.768639838686456e-06,1.2124750509157067e-10,4.369188087452805e-05,2.270355287659065e-07
374,1313594,10,2.2587262810125353e-08,5.428781503601446e-06,1.088969394483566e-05,3.2461004257841597e-07,3.291920360540268e-06,4.763170427888458e-07,1.298714104244758e-07,4.4368598208638366e-08,9.023105167552115e-08,5.6170157237828144e-06,9.101178144118281e-05,0.001103568383915449,1.2958773822763225e-07,1.1445069113234785e-06,3.516514798576273e-05,2.410793410387302e-09,2.2797681116706187e-06,2.237279453111765e-05,6.760294913796261e-08,3.1417479465552928e-06,9.331521953468563e-05,3.0178615335885173e-10,4.0322157972750086e-05,1.276001041633501e-08
375,1457045,10,9.708564903121442e-07,8.841987437335774e-06,1.3414901331998408e-05,4.4226908357813954e-08,9.433359082322568e-06,1.2303644325584173e-08,2.1460436983034015e-07,3.21026163874194e-07,3.6623532650992274e-08,1.6152625903487206e-08,0.0013220303480920848,7.088201527949423e-07,6.380272679962218e-06,0.0019357073470018804,9.626201062928885e-06,0.002644031435920624,2.2650056052953005e-08,4.087371053174138e-06,1.6601996321696788e-05,1.202351995743811e-07,1.4206041669240221e-05,0.0,0.002412787962384755,5.6461431086063385e-09
376,1334597,10,4.8062148736566224e-08,3.0178617672557695e-07,5.90515651281015e-06,1.7950644101843993e-06,1.3283774973166587e-05,3.7151353844688817e-07,1.1152905529387969e-06,7.60609453427652e-07,7.204833010060474e-08,2.2068370219771594e-07,0.008386898217851687,2.2371623147748876e-09,8.999967572750206e-06,3.8192453860760867e-05,5.098002665320997e-05,1.1022077542281045e-05,5.776236170085963e-07,2.6901340268604274e-06,1.9042806015893282e-06,2.486716107226797e-06,2.937600732108407e-05,-3.494634442935407e-10,3.733257277475227e-05,2.048933778892037e-07
377,1289288,10,1.1898738384308327e-06,2.25047327714889e-06,0.00011772385474392508,2.924152336349767e-06,4.450869405707436e-05,4.122699627101545e-07,4.617079051236206e-07,3.6611135026051733e-07,1.001646378805121e-06,2.758302347301983e-06,0.0003448477461102245,1.857687985658274e-05,3.3875944779569733e-06,6.503517683935367e-06,4.489017611516294e-05,0.00010322765371963832,3.6127157584733838e-06,4.2348078240286857e-07,5.571360665087427e-06,6.712198640169281e-06,3.6122795488424675e-05,1.8670097932937946e-09,2.2184764039329813e-05,2.1723966764364278e-08
378,1538019,10,3.2396760021174975e-08,3.312954285746017e-06,4.326633572507635e-06,4.1025615767076307e-07,4.399792000054498e-06,3.8452839792695037e-07,1.0592486514755806e-06,5.262117805972244e-07,9.027822661274165e-07,5.1532430049277406e-06,0.000468290261084605,2.3136164852709598e-05,2.920793737946903e-07,1.6974629306307915e-05,4.9284541864397235e-06,1.9009775385389963e-05,1.53820743931804e-06,1.9360421822585058e-05,6.293570921876712e-08,2.1179890230833137e-06,0.00019488156065447168,0.0,0.0001811714920196255,2.9481168353773235e-08
379,1371022,10,1.5139595350086021e-06,2.5981254461043823e-07,0.00015926500456329637,7.054035830317273e-07,4.5912984592465234e-05,9.519006436559119e-08,1.1357566966768706e-08,8.659496207076567e-07,1.6088152195170569e-07,1.8421770779306068e-07,0.00032220261733562766,3.8409450880266816e-07,6.657292231083273e-06,0.00021904016297143517,0.00013041716023571778,7.207974821149196e-05,3.354698729744754e-07,3.2766375616700982e-06,3.127355472608284e-07,1.586528084240868e-06,7.23740701474157e-06,0.0,1.1880489995882981e-06,5.369265238079624e-07
380,1861178,10,1.0904600480574067e-07,4.546457307852414e-11,9.996693606170726e-07,1.8218599955703574e-06,2.1743520220909168e-05,4.221756056965731e-07,1.2718800455509272e-06,5.2241315801060395e-08,5.042349263822965e-07,2.400311276615219e-07,1.4439566210344007e-05,1.8891040495794265e-08,9.672119566841303e-06,9.485514019105107e-06,3.660282348073515e-05,7.344271119234108e-06,9.795281824716284e-07,1.8217923684858695e-06,5.616728152892103e-07,3.062246970254867e-06,7.344416191236436e-05,0.0,2.7667288778423366e-05,2.411910318134147e-07
381,1531089,10,2.527825865445907e-06,9.219642486939933e-07,8.283147282846931e-07,8.362115074163345e-08,1.414271265229479e-05,1.8481156778722696e-07,7.305293168308191e-08,6.621542392344637e-08,3.846985087343352e-07,3.534114211931061e-06,0.0003363557485452518,0.0011600836373487113,5.904769917146682e-06,6.200110274587681e-06,5.026826267732522e-05,2.7667336096015918e-05,6.244691019129806e-07,4.121372340633311e-06,2.5032458909196587e-07,1.4006244033228088e-06,5.953234939281085e-06,0.0,3.4229268759643217e-06,4.0134683689310724e-08
382,1302123,10,2.5599666416548095e-06,3.3128904731710013e-06,2.3717007542922372e-05,5.780750672226137e-07,3.947395293253837e-05,6.800370928698729e-08,9.214468830662237e-08,3.4294594198139294e-07,1.1234552761106575e-06,4.000643839662671e-06,0.0012766331334050918,1.5132627983010377e-05,6.100725256827019e-06,1.7809037059137584e-05,3.9438923210732835e-05,9.486785702956385e-05,5.3355777669336635e-08,7.289943499614107e-06,1.8230724406868848e-06,2.408711093013216e-07,2.809000170663975e-05,0.0,1.188075961349247e-06,8.523429595452825e-08
383,1263715,10,7.343404958420896e-08,4.233107593169805e-07,1.1222746494007202e-05,1.8231024974217636e-06,1.0091168314869253e-05,3.027492014029409e-07,2.2060935764393885e-06,6.902492993773879e-07,2.7075320218131194e-07,1.6016954729886068e-07,7.259089512352476e-05,8.240778739954102e-09,6.812448263473353e-06,6.871983364298284e-09,7.534324278215751e-05,2.352270215070021e-05,3.848896924611711e-07,3.2408228731149735e-06,2.0168630262100418e-06,2.1614179557365165e-06,7.378838022269532e-05,8.495917164230704e-10,9.985769557560586e-06,2.0845966931457016e-07
384,1292227,10,2.755948271659231e-06,2.6026851080232505e-07,5.655114851667656e-05,1.7730550651642862e-07,4.480056061029192e-05,5.784138698283758e-07,2.3413188485268965e-06,5.396235138802052e-07,1.4158765880671609e-06,2.7890462212694367e-06,0.0005784033704021516,4.621549213417592e-06,7.916047245343227e-07,3.918672792115052e-05,1.814875702815799e-05,2.0250612628378017e-05,3.2044118026680612e-06,6.730558152409638e-07,7.403142186987455e-07,5.962911651707231e-06,0.0002637367709432542,0.0,9.46719603490409e-05,1.4268996567645686e-08
385,1291090,10,8.832105386699651e-07,1.9044654119160925e-06,7.409428787498451e-07,7.566414309823077e-07,1.9262809550266158e-05,5.696454139988982e-09,2.0015862110117633e-09,9.600468467395318e-07,1.6904068295651997e-07,4.0239941309638816e-08,3.2376985527861335e-05,1.688750844788811e-07,8.644385423962203e-06,4.1732853371851536e-05,0.00010383601968771625,3.868967633540235e-05,1.6769883899765692e-07,9.121218043169413e-06,2.3405189674263055e-06,1.5063186317477995e-06,0.0002334789110220968,8.355562960277174e-10,1.299241909025542e-06,2.6646850546409306e-07
386,1262550,10,1.6901781697709756e-06,5.953264340417125e-06,1.9985062790425778e-08,1.8524739339373375e-07,1.3887995708098191e-05,1.3222013761637896e-11,6.038217384152222e-07,2.4283186210796726e-07,3.601808354399688e-07,4.494499789670439e-06,0.0006948491907543403,1.6160345568869833e-05,1.9602625705317928e-06,1.8496316521177114e-06,1.7161818778154564e-06,4.355111881976931e-07,1.7643211191846475e-07,1.2040908798768499e-05,2.890031688174838e-06,1.346323616376044e-07,4.353179062742407e-07,0.0,1.0112804889090762e-05,7.213063324407187e-08
387,1336454,10,0.00010358043277847173,0.00010425323978324741,0.00011409861542688304,3.0366095415956806e-08,0.0001537478113959878,0.00010200669942150853,0.00010283891447215865,0.00012249893518401223,0.00010195744891916547,6.033917543390999e-07,0.006719820995840564,7.24840674592997e-07,0.00010643436166901665,6.647725626862666e-06,0.0002912581371674605,0.0018012843116821387,0.00010446627209148573,0.00010459608677138021,8.006338703125948e-08,0.00010843477116395661,0.0011745451314482125,0.0,0.028245599227489038,5.1321649152669124e-09
388,1340706,10,7.3844252587718096e-09,2.8888534135754207e-06,0.0008213937352989295,7.208949397291553e-07,2.470937104632337e-05,1.4404357401437418e-06,2.185935931854621e-06,1.7077098080908737e-06,8.819859606545855e-07,5.787390029016182e-07,0.0019598318394309575,8.948650154216864e-11,1.2746200393862206e-05,0.00019993955145057585,4.202117801561933e-06,0.0006610032925926101,6.002785287922974e-06,1.5053028890044118e-07,3.1247011325619134e-07,1.1044675426202799e-05,6.384003984889058e-05,0.0,0.0004879669346660176,2.6929098805028584e-07
389,1266255,10,1.6125551707511787e-06,5.904029341925743e-06,1.5287125491933798e-05,2.019748897748308e-07,6.680869945231878e-05,2.97494997386627e-11,1.1270804385309086e-06,2.8004216952315364e-07,3.8373163856533776e-07,4.451617171058117e-06,0.0002954961483269732,1.6240262204097675e-05,2.527428922167313e-06,2.0793342668613823e-05,7.241939755087308e-05,2.152939997913418e-05,1.9308689607963614e-07,1.2249631624147717e-05,2.8893721336926276e-06,1.5584382268007957e-07,1.5840218650909482e-05,0.0,4.160739244972109e-06,3.359873921963963e-08
390,1721068,10,1.2326763644820993e-06,4.45325628801313e-06,0.00010547377962993876,1.365559545163375e-07,4.748293578500651e-05,6.715148197500298e-07,1.0816712162770026e-07,3.418745472896778e-07,2.6244574582792723e-06,2.2504855535787627e-06,0.037114025931576276,1.831754055079543e-05,3.4216837374520526e-06,3.496757351631463e-06,0.000200506449983949,0.0004545429113037222,5.760973200125141e-06,3.5957458260904573e-09,8.526030635273851e-06,1.0259874338308661e-05,1.6079233594021303e-05,0.0,5.655119856100982e-05,4.773456407924925e-08
391,1256680,10,2.7054837625772876e-07,1.5878268954175323e-06,0.0005484968056194278,5.928307648533915e-07,6.0195517461107684e-05,1.770599750150481e-06,2.692807892494542e-06,4.79796354751344e-06,5.334938987522353e-07,5.477214770066574e-07,0.0012152206572528454,6.935253047540835e-08,1.971426686157851e-05,0.0003370900993590262,2.5932874292353136e-06,0.0002502725478307488,6.401542854819753e-06,2.3026067126619143e-07,7.312120219732376e-08,1.2039931371277124e-05,0.00021462236740542318,0.0,9.761452595299924e-05,1.6468334680663776e-07
392,1250665,10,6.001535423960647e-06,4.620325537614545e-06,5.806877538740152e-06,6.6030746844608634e-06,0.0002759080573268846,2.3402414914275305e-06,6.5177591126661105e-06,2.91732191064209e-07,4.2629818210182524e-08,1.6118008316842736e-06,0.001879220641222673,0.001186113106879598,1.7472335933001182e-05,0.001611218824603168,6.304315411893857e-05,0.006533487926575016,1.3030500431943093e-05,1.7940004884559047e-06,2.889079051923704e-06,2.2261103647648606e-05,0.0002715898578675574,0.0,0.0008076961720914974,6.685867762201703e-08
393,1310432,10,6.456391743459022e-08,4.042215500682511e-06,3.469467205749824e-05,2.933256812130691e-07,1.706442546479947e-05,1.4445749201702496e-07,9.069850187733153e-07,1.172485692788744e-06,1.9897628645328125e-06,2.6572922401796317e-06,0.000508051654677745,2.2373867785929064e-05,1.6106600126200576e-07,1.7701259869065677e-06,6.903008726300008e-07,0.0005712108773861593,2.6253575361873116e-06,9.42925722904886e-07,1.3034003651390264e-05,5.015197779414948e-06,2.4010817029480186e-05,0.0,7.569086410451342e-05,1.5561640443959024e-07
394,1299503,10,1.3988028513267636e-07,5.805413820780814e-07,1.6752412193454802e-05,5.823749233968556e-07,3.394626401131973e-05,3.1504896469414234e-09,1.1596421245485544e-07,1.7965066945180297e-07,1.4231773093342781e-08,3.117747837677598e-08,0.00017625450709601864,3.9450242184102535e-08,2.2802923922427e-06,7.277049007825553e-07,5.7535115047357976e-05,8.484489080728963e-05,6.83940015733242e-10,2.578191924840212e-06,1.076405169442296e-06,6.601476343348622e-08,2.5003901100717485e-05,0.0,3.1292802304960787e-06,2.780143404379487e-08
395,1300703,10,6.30087975661206e-06,1.703546997217087e-08,1.0824624389199622e-05,9.409313152172749e-07,2.0686078973264355e-05,1.3457369414660025e-06,1.3266641275370972e-06,2.8430922114144885e-07,1.1662408348905862e-06,2.3416773777436284e-06,0.001553937360867709,1.1765127103238043e-05,5.107173271564486e-06,0.0003667233739059056,1.9411799227417315e-07,0.00010160670505003633,5.570154880927408e-06,2.958091182420075e-08,1.4393191457434673e-07,1.0045464654880737e-05,0.00011556243827963442,0.0,3.648212023591238e-05,1.3007495412373227e-07
396,1295436,10,1.087551936507225e-06,1.2679738574661314e-06,0.001450081545044668,8.899951353669167e-07,0.00011757439642678946,5.275069270282984e-09,3.641980583779514e-07,2.9284186894074082e-05,2.4512701202183962e-08,1.148873707279563e-07,0.00041423166840104386,6.164700607769191e-07,5.3951298468746245e-06,9.076979767996818e-05,3.2126830774359405e-05,0.00039895316876936704,1.68227415997535e-07,5.88421244174242e-07,1.6132835298776627e-06,4.774483386427164e-07,8.990129572339356e-06,0.0,0.00041522752871969715,6.436312105506659e-08
397,1257934,10,8.481556579981175e-08,1.370520657031915e-07,3.349574565138236e-06,1.8503032046882084e-06,1.9888165266199187e-05,3.256160446482581e-07,4.248153850618108e-06,1.2434101548317034e-06,2.40383513653436e-07,1.3050615470244775e-07,6.40007895896487e-05,1.7356384222205756e-08,5.382464201956344e-06,1.2258866383466072e-07,6.162241892564493e-05,2.2184169548706417e-05,5.476193859973999e-07,2.7556330688682795e-06,1.2319038614205802e-06,2.3545449467539392e-06,0.00011025057191573276,0.0,2.303990953804458e-05,1.8692416699911396e-07
398,1293319,10,3.4976380945545005e-06,3.253404630976231e-07,0.0012103439886325396,7.1815916384415646e-06,8.245426041642023e-05,2.851706513290475e-09,7.412467728472316e-07,2.7504818768619987e-05,5.475807088387019e-07,6.122671647457167e-08,0.003325828133021562,1.0799268908602555e-06,1.795731798277106e-06,0.0031371201791322023,0.000414120730915353,0.004517185558680529,1.2743630109501858e-10,6.350941114820208e-06,1.8489654919490173e-06,7.599892608810277e-07,0.0006002485178207666,-1.1268251470797352e-09,0.0005489650388824444,8.762028810976874e-07
399,1291346,10,9.359332746317062e-09,7.274331068063411e-10,1.0432786579001041e-05,1.1663857697984115e-06,1.7645209364869352e-05,5.614666482682551e-07,1.2792384275588098e-06,1.8409389050677571e-07,1.9338381580108477e-07,1.843112606460251e-07,3.6858587200740145e-06,8.053784895933891e-10,1.0175942435811103e-05,7.896019426415629e-06,4.502405187842631e-05,3.6860423693677036e-06,1.299071215602604e-06,1.4162353012756035e-06,9.212075188433366e-07,3.5882205552811852e-06,0.0001207794283519803,0.0,4.5697293738680006e-05,1.894357896589649e-07
400,1901115,10,5.1726518901507035e-11,1.4365717906285325e-05,0.0006482121419563794,1.7169008489428816e-06,2.9933431547814193e-05,4.3566921706372774e-07,4.3277279289377635e-07,2.7468402667985004e-06,2.1039884866777547e-06,1.7967362383186636e-06,0.000652291369052628,2.410846396352917e-05,1.2061005666419433e-10,2.0161861381588764e-05,7.719829289709601e-10,0.0017969123489175523,7.184202213204871e-06,1.0205562415988023e-07,3.2037207784163524e-05,1.2637491102265863e-05,2.9484879040815593e-05,0.0,0.00011320965098600422,3.6168026115029894e-07
401,1305051,10,1.0405500944117574e-06,1.8516366538656737e-07,2.9921652333227827e-05,2.434088153313585e-06,2.4159530329383866e-05,2.3003515052175127e-07,3.921138712892347e-06,2.825327067426664e-06,2.1617185976471887e-06,2.7553142862186963e-06,0.013703045109480227,1.78087901679079e-05,1.2980732537470896e-08,9.600779295008965e-07,3.8029001217763925e-06,1.0305048187761456e-05,1.6904662336406084e-06,1.9044428344085207e-06,1.690070088093687e-06,3.3549190789801397e-06,8.123090748792666e-06,0.0,2.5909232419820544e-05,3.369627748286974e-07
402,1547071,10,6.9380405101626685e-09,4.884617363268284e-06,0.0009400376024580048,1.1907869784527625e-06,4.8149352922237376e-05,1.7168233708911296e-06,5.967226772846113e-07,7.686718128764591e-06,7.601200320631052e-07,5.62322597430498e-07,0.0035010903752022426,3.5794595065752333e-10,1.1699547969978852e-05,2.9704853500636674e-05,6.241006419967915e-05,0.0011985478882973397,7.899356590047868e-06,6.918388135365716e-07,1.3020470485264335e-06,1.4021332645976214e-05,0.00018009829990943416,0.0,0.0003928328998254807,2.985230387470006e-07
403,1293275,10,3.2282559914165176e-07,4.146551418671152e-06,0.00038620110717602074,9.026734915096313e-10,0.0002288573177793296,1.2312648323131725e-07,5.794786375190597e-07,1.4731267583556473e-07,1.1423708201618865e-08,4.6919922169763595e-07,0.002995260959778534,1.5042724044178613e-07,5.9441467783472035e-06,0.0002089157737827918,0.001865175924194773,1.961431144081871e-05,2.4035057322180364e-06,2.3536836124549154e-06,5.788706403109245e-07,5.952458650426706e-06,4.7856410674285144e-05,0.0,9.306919582741102e-05,1.2710643204627559e-08
404,1321006,10,2.160572723805196e-06,3.8025868094523907e-06,2.3717356972227308e-05,6.717450872963798e-07,1.6799328582976433e-05,4.893331037418569e-08,5.766320919989298e-07,3.849130151539065e-07,1.2580916712925938e-08,3.534548030512813e-06,0.00017768928824377604,1.497762062400293e-05,2.7552828352761516e-06,0.000128142299312373,5.760151279676773e-06,8.611919338119556e-05,1.0290979663915567e-08,8.122974977341213e-06,2.62477485440428e-06,1.1545247342870102e-07,3.317747130928035e-05,0.0,1.142519621221555e-05,1.1008484706101496e-07
405,1294948,10,1.1426384460833106e-07,1.1604881855475924e-05,0.001450831272528319,4.992912387535853e-06,0.000291995173213877,3.1626012635399547e-06,1.3325159571309086e-06,2.842584834183981e-08,1.09962320848922e-06,4.6919937446432414e-07,0.009780863567510067,3.5794602837313505e-08,1.1741659459829634e-05,8.708631063925054e-05,7.645593694149966e-06,0.003541116967294755,1.665775798542768e-05,5.483616309476247e-06,3.646273100343933e-06,2.8354452012990805e-05,0.002315890890393746,0.0,0.0031586924593796084,2.4764855055536827e-08
406,1339002,10,1.7690346148062364e-06,3.5745914605568585e-06,3.663275132195776e-08,2.6038154110966105e-07,4.321481358071297e-05,1.0216609788137043e-06,1.4195668495767255e-06,5.20069618620278e-09,1.4888250725632324e-06,1.7965028430953767e-06,0.00019404503097434148,1.6484016459865358e-05,3.2423314068122377e-06,0.00018171106031390077,1.6150847060719675e-06,0.00038573182915450227,7.128869502388835e-06,6.837457292366289e-08,5.810271936895067e-06,1.2578622383439125e-05,0.0004528394857342029,6.29590671263891e-10,0.0007650780673685194,1.3792023079162163e-12
407,1334654,10,2.069049287456437e-08,4.056380740280474e-05,0.0013310031693549718,2.9328193704714067e-06,6.402515018066879e-05,1.527970425740932e-07,4.109318751943647e-07,6.45631929216961e-05,5.575779482569487e-08,7.422216867780662e-07,0.01889028415195071,8.949996299634222e-11,2.2308035170226503e-06,0.0001440511654209331,0.0007965762283390632,0.015392046217272082,3.110608867018527e-05,6.038202627678402e-06,3.436747840623866e-05,6.37849771862875e-05,0.00037190313776136463,0.0,0.0028357543589550005,7.878099950175965e-08
408,1905171,10,4.929448898863265e-07,5.858338072761704e-06,0.0018705628649044112,2.9965372811691093e-06,0.00023388112141269068,8.648238010999787e-07,1.8396187176014656e-06,1.9587925601388667e-06,1.1883818519659028e-06,3.6011673448799186e-07,0.00228770996957086,2.4233896794151333e-07,6.761268427989131e-06,0.0004928432101105884,5.192558617875265e-07,0.002840892463965919,5.062892973313471e-06,3.8811576258401814e-08,4.842404780380782e-06,9.076013916024805e-06,0.00037597237033808184,0.0,0.00033489185760136875,6.054712013425778e-07
409,1659022,10,1.1026022548321635e-06,7.981805538292974e-06,2.5811168598011136e-06,2.631713869050145e-08,2.4167620722437277e-05,1.573789631947875e-08,6.562004273291677e-07,1.2089003575965762e-07,4.463799996301532e-08,4.3655745685100555e-11,0.0026184453927271534,9.128489182330668e-07,6.024740287102759e-06,0.0011992355284746736,4.060149876750074e-05,0.0005835662959725596,1.4497345546260476e-08,3.879795258399099e-06,1.8336002540308982e-05,1.1714291758835316e-07,7.283769446075894e-05,0.0,0.0022858782904222608,8.392817107960582e-09
410,1259412,10,1.763627629873532e-07,5.780378171012235e-07,1.0610462422237094e-06,4.4890947378459223e-07,3.55260669316973e-05,3.720809733324254e-07,3.1517531991556713e-07,7.444189119732575e-07,1.7160975858722394e-06,3.960378211960783e-06,0.00392878315266979,2.5502844715658696e-05,1.2991705322824842e-07,3.312723060576797e-06,5.959844339413836e-05,4.928080000273123e-05,8.282347049443084e-07,1.5840236954160758e-05,2.52808409324963e-06,1.237314763598285e-06,1.274516540101557e-05,-1.712986349988732e-11,4.942106371779581e-05,9.77998851122569e-08
411,1335717,10,2.109346703554893e-08,1.5626885058392381e-06,0.0008357880192524716,4.764581009106261e-07,3.843007961813749e-05,1.3708129035158723e-06,5.861461498044007e-07,9.978548268230192e-07,5.184326831997321e-07,3.141362127853653e-07,0.0018028530239148424,6.5758529732562465e-09,1.332230649599836e-05,9.604187346916315e-05,3.6001912582565854e-05,0.00036672381572221135,5.1532875248935794e-06,2.2654468662119953e-08,1.4457474169227158e-08,9.690226654236744e-06,0.00023225916668715568,1.4219655383729268e-09,3.02382959171954e-07,2.1324017216578506e-07
412,1861124,10,1.5841251297388226e-06,1.873548171715811e-06,4.610060204868205e-05,7.07699655322358e-07,0.0001083717834262643,1.858279574662447e-08,1.3704229786526412e-06,3.856617695419118e-06,2.183551259804517e-07,1.6156955098267645e-06,0.019699737855262356,3.1787025363883004e-05,4.057219484820962e-07,1.7544112779432908e-05,0.0003005916078109294,0.0007663199285161681,7.490598363801837e-09,4.061119398102164e-06,1.3716431567445397e-05,4.611138137988746e-08,0.00023819397756597027,0.0,0.0001383967901347205,7.422931957989931e-08
413,1340954,10,1.0001035260706614e-06,4.356922839524047e-08,5.8216530862399e-05,1.444294128738477e-10,2.8343179957132647e-05,2.2035952194909836e-07,1.0578437393063411e-07,2.6422232952960645e-07,6.399753780493567e-07,2.5279679013931466e-06,0.0006205076530783581,1.7471330480106628e-05,3.6862197771748983e-06,3.8068352799850574e-05,9.961080293940938e-09,9.424783620409077e-06,1.4877137680495423e-06,2.190162746794344e-06,1.0394543838304626e-06,3.0150901058102753e-06,2.6213995793129136e-05,0.0,2.840819196903155e-05,1.5820955691359107e-09
414,1849051,10,1.5634313678177664e-06,1.8488014544813802e-07,4.998460763981985e-05,2.220377644093774e-06,3.4135855228814224e-05,1.0824074848560933e-06,1.756262745303272e-08,2.8817128770973477e-06,2.714956651231337e-07,4.368704462121703e-06,0.0012709224059402943,3.124943984480523e-05,1.0622617302637888e-06,5.959891103063386e-05,0.00011664151399198852,1.6646310226327635e-05,2.310471928527666e-06,2.180918233825671e-05,8.123940730863505e-06,3.620085856395963e-06,0.00013525738576687825,0.0,0.0006150413523309892,2.426614305640895e-07
415,1368131,10,1.56259215448179e-06,5.475701841724939e-06,1.705682062335019e-05,5.332624397925978e-07,2.131979243923804e-05,1.0533121146127922e-09,6.419567178013452e-07,4.3605077674861714e-07,2.60189020119192e-07,3.648307472407103e-06,0.000870840200642535,1.5602902163035226e-05,3.2760004830389294e-06,1.9981141340176187e-05,5.882914658001358e-05,2.7457902751815838e-05,1.3709417394196233e-07,1.1696302830831867e-05,3.610055098760001e-06,9.235764693478477e-08,1.592041386582442e-05,0.0,4.665702841792629e-06,1.6685999359826453e-07
416,1281668,10,1.590872868873633e-07,3.422637698881001e-06,2.3619695303317423e-05,2.219655581886873e-06,1.575255622953027e-05,3.365048409174204e-07,4.509061829107569e-07,7.221076710021979e-08,2.1985862796308764e-07,8.056334238615293e-09,4.3809711460993106e-08,8.329233755488552e-08,1.5287197227438487e-05,7.569513704539649e-07,5.6700698641186376e-05,7.828055345257545e-08,5.770016013421919e-08,5.2436836640214896e-06,1.1155369594974957e-05,2.0083085860069655e-06,3.24889018729381e-05,-5.962325529129675e-10,2.4333639978592336e-06,1.3292575231499404e-08
417,1777124,10,2.810890489882145e-07,7.264601506462576e-08,9.025010314966594e-05,1.8479738324722605e-06,6.787407114831542e-05,2.7064110613359005e-07,4.546309983893826e-07,7.075929928032632e-07,7.116405871879228e-08,6.079367736305796e-08,0.00012055931880808682,1.2196543859241404e-07,6.864386071361167e-06,4.316342182861255e-05,0.00010200968578552919,1.3920934736864898e-06,7.219959908474904e-07,2.309566931882334e-06,1.3100104962610049e-08,2.3757726719461636e-06,0.000253128180557078,0.0,1.0956113419748753e-05,1.6220295321472955e-07
418,1319821,10,7.23033195093592e-07,3.999824463673737e-06,1.524044482229675e-07,3.485822384716869e-07,1.1849837116622089e-05,1.949948491390685e-08,3.9189523154403716e-11,1.630696652467345e-07,1.158159030241468e-07,3.647806702689743e-06,0.0010725628194139455,1.7723656560043183e-05,3.5721435264340906e-06,5.904928878910573e-06,3.6482154446010676e-05,3.47876955398424e-07,2.91904845557342e-07,1.2888393222883904e-05,1.2766627208553316e-06,2.8570317696027803e-07,2.0070004781966994e-05,2.8248067426850376e-10,1.9272517631287525e-05,4.3650398613356844e-08
419,1292767,10,7.447266711646527e-08,8.646678487170267e-07,0.00017902479300228868,2.9898342968071034e-08,0.0003252666934873069,6.731660756528757e-07,8.378532909969483e-07,1.042478053749074e-06,8.850250117001246e-07,1.2950546179890665e-07,0.0003407732514542905,4.37887234805423e-08,1.0563619784145772e-05,8.556238813624273e-05,2.8623361478331832e-05,0.00016154525325420138,2.496607462022793e-06,3.969624907465552e-07,8.51533195830867e-08,5.3835477449790115e-06,9.960127462460555e-05,0.0,0.00033160431682995734,1.207312658110804e-07
420,1650024,10,2.80582615867081e-07,1.3012361196884648e-07,1.3322823744037898e-05,1.3686281739276607e-06,2.9437766754923655e-05,6.329925494874544e-08,3.188502342224564e-07,8.995709026640708e-08,1.1671413617936333e-06,2.496604659403545e-06,0.0002805626491665658,0.0011249318450462127,1.5880211041603698e-06,2.1996158937637178e-05,2.894418571151164e-05,4.1473277825793825e-05,8.110436380999453e-07,3.385930780891444e-06,2.7556141795892497e-06,1.8287081673361294e-06,1.9273157438669947e-05,0.0,9.741707742622063e-05,1.9784496048738665e-07
421,1848053,10,1.275006411560753e-06,9.206575896314462e-06,0.005886363683316631,3.03662852729758e-06,8.293804887671286e-05,2.559795575507451e-08,1.2732652976410463e-07,2.0613633751054294e-06,6.554375886480557e-08,2.3058510123519227e-07,0.017046554650278267,1.16296655505721e-06,7.058401934045833e-07,0.0009912623935406373,1.0328188864150434e-05,0.009504308778332415,1.1908215356015717e-06,4.225945531288744e-07,1.2090959103261412e-05,2.8461004148994107e-06,0.0006476118975342615,0.0,0.00014858503448067495,1.5293778687919257e-07
422,1300516,10,9.818795523933166e-07,1.3253031650714564e-05,0.002336758355991217,8.177425117231185e-06,3.682000313274397e-05,1.0845077848473106e-06,6.634393243526437e-07,1.254824649235542e-05,3.3738866895421937e-07,4.217586738394785e-07,0.026712638593637643,5.362370969277941e-07,3.134502206819656e-06,0.0007695073604045491,8.027982872020611e-05,0.005673100265508664,8.29807506818464e-06,9.024714855560001e-07,1.5685102469152612e-05,1.3792615439087164e-05,0.00045156428751114835,3.719542777946838e-09,6.839334321195878e-05,1.0972572406370285e-06
423,1321338,10,3.838379192301622e-07,1.778390850762368e-07,0.00019432301484625242,2.6254603329063653e-06,3.793679732572164e-05,2.125514405350304e-07,1.060611073713108e-06,8.466900023353097e-07,9.035258391118517e-08,4.0502532119846e-08,0.00038063972443264094,2.017658334643735e-07,6.201600018532205e-06,7.568943369670039e-05,0.00018279046607466362,1.8319965683868955e-05,6.556132554035032e-07,2.4027935870800377e-06,4.570017847482788e-08,2.2215481478606025e-06,0.00032184337884410413,0.0,1.393595398711811e-06,4.104489380041265e-07
424,1264434,10,3.1179827782168434e-09,2.9206498142544945e-07,3.168802198891957e-06,1.2967983856193577e-07,2.079699512501365e-05,7.80271917216746e-09,5.399132902081383e-07,5.568425375142294e-07,1.93152891298648e-06,2.68998549217761e-06,0.0003370897560550333,2.3619125180236733e-05,4.6217325205474835e-07,2.1906243719317653e-06,1.487667436326362e-06,1.6402432166537362e-05,1.5954068582901826e-07,5.856831720590233e-06,6.553277349937575e-06,6.846017855804964e-07,2.006965045180456e-05,0.0,3.132162931900051e-06,9.755488711640781e-08
425,1323831,10,1.1641532182693481e-08,1.641456037759781e-08,7.275957614183426e-11,4.9432856030762196e-08,0.0005712361598853022,1.9208528101444244e-09,7.916241884231567e-09,2.1533924154937267e-07,3.026798367500305e-08,1.4925171853974462e-06,0.00013183685950934887,2.1749583538621664e-05,2.552260411903262e-07,4.6311470214277506e-07,3.170825948473066e-05,2.2217907826416194e-05,5.820766091346741e-11,3.480905434116721e-06,2.1097948774695396e-06,1.3809767551720142e-08,1.8612772691994905e-05,0.0,2.536417741794139e-05,1.2703821994364262e-08
426,1338128,10,4.223150176368984e-07,6.712164774339002e-08,0.00024743149360209604,5.061578927902793e-06,9.535277225570377e-05,1.5856087121381146e-06,1.292538395057663e-06,2.8800235488124493e-08,1.8365799612715672e-07,1.5984005325223039e-07,0.00021345161557205505,1.9265257315131956e-07,1.6890249958802228e-05,6.415873696062266e-05,3.248981167712495e-05,1.672795510566233e-05,4.451096439209851e-06,1.521340997623355e-09,2.279374178428689e-06,9.11893532851149e-06,0.0001209994843654437,-3.6350925047834437e-10,7.849970174792636e-05,3.7273205001631116e-08
427,1791116,10,5.177008592580079e-07,2.2402734483478737e-08,3.575983931565149e-05,1.4343804265876114e-07,1.9471991606494904e-05,5.035912383662133e-07,4.926224016384151e-07,9.568400497102225e-07,5.925399022450872e-07,3.4967436901393867e-06,0.0006145433694859197,2.830216095707147e-05,5.2470295063694605e-08,1.5131188224572906e-05,5.8063756580458564e-05,1.115519702547113e-05,7.564115100631985e-07,1.5444821944338855e-05,7.075390953285854e-06,1.3211484809830254e-06,2.2992334434632222e-07,0.0,0.00013688927351676247,2.3423834585867276e-07
428,1337838,10,3.3674988635101766e-07,6.812071377815254e-08,0.00029206775033898194,2.2802638768408545e-06,1.550320591896248e-05,8.984395608035989e-08,1.0400058641571452e-06,4.037896466149715e-06,9.024556161425779e-07,4.642702236545837e-09,0.0001435202319010863,1.8525347332890019e-07,6.8640782566464775e-06,5.8563409724606e-06,6.037332735092313e-05,3.7250383014726662e-06,8.971616098640833e-08,4.665696985352297e-06,2.815003701875374e-07,1.3628655625222419e-06,8.761011323413226e-05,-5.1497053149551775e-11,6.60973138178235e-05,3.5500378501793217e-07
429,1263369,10,6.22257050400532e-08,3.0277001494168065e-06,1.4157782048072887e-06,3.9740100486393426e-08,1.2546368623096021e-05,2.2117787538793177e-07,2.07332844565436e-06,3.36741023052034e-07,5.772741617192378e-07,3.724889472277171e-06,0.0009809430485191086,2.134490526897563e-05,1.0205058884309864e-06,6.003126947675547e-06,2.580605426665515e-05,2.6522450716468665e-05,1.0407661799674561e-06,1.7222222182790292e-05,3.996233736459909e-08,1.3520736917155274e-06,5.431658093728656e-05,2.093783306456043e-11,7.499583398724516e-05,1.2877905773006626e-09
430,1294743,10,1.86215391023703e-09,1.2887500840379207e-05,0.0002951511913972249,5.66365960935622e-08,0.0001913845644151424,6.078663943517859e-07,3.6016497511476286e-07,2.6202611255465857e-06,3.0598902014816742e-06,1.2090667924555265e-06,0.08030423290519902,2.313355140912826e-05,6.722333129038915e-07,5.821753687430126e-05,2.4401594853354358e-05,0.0031517009630952567,8.525578315300708e-06,3.7228010930229205e-07,3.1136693989186615e-05,1.4835206335161999e-05,1.3911334817789944e-05,1.1397445487393298e-10,0.00013110330679465265,1.217806520140141e-07
431,1662023,10,1.2998689518043532e-06,1.3542870873529608e-05,0.000299983081191179,4.6243618216992854e-07,7.146743547599768e-06,1.3697990498308388e-07,3.7128195997174207e-07,1.9044959324449051e-06,2.117549561912735e-07,4.2855773054167184e-06,0.0014607690765746986,1.584089130080013e-05,2.0450614387889504e-06,0.00032292154529198376,6.249889798592284e-07,0.0010491128218420506,2.3417164059253565e-06,2.304012676159449e-05,1.095655260678445e-05,2.968837787524145e-06,2.2753316800495915e-05,0.0,0.0005166537825337745,2.0845499928978661e-07
432,1321365,10,4.473913577385247e-07,3.520690370351076e-07,3.0341354431584477e-05,6.676418706774712e-08,3.4921467886306345e-05,4.371395334601402e-08,2.7258647605776787e-07,1.2732925824820995e-09,8.927599992603064e-09,3.3694959711283445e-08,1.259017881238833e-05,3.6653364077210426e-07,4.105590051040053e-06,5.030378815717995e-06,3.22826235787943e-06,2.7807924197986722e-05,3.3145624911412597e-07,2.440865500830114e-07,3.6539058783091605e-06,1.0213625500909984e-06,7.723385351710021e-05,0.0,5.0205664592795074e-05,1.382431946694851e-10
433,1283878,10,5.042938395431046e-07,1.2269996651527448e-07,5.784771599046806e-07,1.5285094624381546e-07,3.895305421773056e-05,3.997943147371341e-08,5.538564018942038e-07,4.655941879608272e-08,1.082219461585529e-06,2.592776394616178e-06,0.00074201826685962,1.8576580135740844e-05,1.904033068815536e-06,5.043455546440562e-07,2.2657479965415214e-05,1.4668635105609396e-05,3.3627349496113956e-07,5.018415801708032e-06,4.6244256703999176e-07,9.017287006356234e-07,1.2460869094879992e-05,2.9366506969219497e-10,1.960332217561256e-08,4.264310496729373e-09
434,1341894,10,3.7152512329455267e-07,9.023945398006772e-07,7.129246522050853e-06,5.329883118534995e-07,2.6929560163344718e-05,8.649946512985507e-07,2.143784851669356e-06,1.2452313693372963e-07,1.7321456199925755e-08,3.243428460877884e-08,5.791152757603224e-05,1.8549420267161e-07,9.120734390591356e-06,1.7155457866860346e-06,3.469199614137761e-05,8.179470377039921e-06,1.2544271378867045e-06,1.5630712851995299e-06,7.39891835884951e-06,4.04051046803966e-06,9.920209617840167e-05,-2.667501636244296e-12,4.872097771131678e-05,1.7779294904374243e-08
435,1850045,10,9.985276659095488e-07,2.3414775863622728e-06,0.00011025040447206966,1.0562623870280508e-05,7.92733590814429e-05,8.270094388404536e-07,2.510148591108874e-06,3.500314272736338e-07,1.4876174520075947e-06,1.5133535203049053e-06,0.0006240021957522497,1.6808542209624522e-05,3.3125352557894505e-06,2.891941220318356e-06,1.9274014064683126e-05,0.0004124963899555141,5.856587172999722e-06,1.0564868216378365e-09,5.106908888229816e-06,1.0370537341361508e-05,0.00021170364767649288,0.0,0.00044689977520299615,1.2412768729541668e-11
436,1880686,10,2.1130889416541565e-07,3.7246889493698643e-06,7.564726985462983e-07,1.8943713897892622e-08,9.932999100376039e-06,1.360475275265921e-07,3.725377435356836e-09,3.1314021242331846e-08,2.2156761687527893e-08,3.60986966358931e-06,9.506171927563083e-05,1.9980608681918408e-05,2.2796195410842296e-06,4.664980452090753e-06,3.4221965223384804e-05,2.8857663402978573e-08,8.641333409161595e-07,1.6482955143478153e-05,4.484400800315591e-07,1.096922298351316e-06,3.981560731331803e-05,0.0,8.172158006509132e-05,4.354145844223667e-09
437,1943111,10,7.57121501760577e-07,1.9433739718507925e-07,4.452295019417157e-06,2.2188008710379015e-07,9.627728965445198e-06,1.0319355699811572e-07,1.1296317705376813e-07,3.438471332661841e-08,1.1239183519817092e-06,2.3716731515945055e-06,0.0006548488560731685,1.7306600544161194e-05,4.041042878379433e-06,1.0824903610529707e-05,1.7556286796742773e-05,3.981654586389556e-05,5.483746946637058e-07,4.244061109517222e-06,1.1622251485168822e-07,1.2967112230574673e-06,9.922562284351774e-06,0.0,5.809116603758616e-06,1.4178432743844338e-08
438,1929024,10,2.7966902013676354e-07,4.622367791223825e-06,0.0006974897144244249,3.364022532819505e-05,0.00034944881635581154,9.226756539013059e-07,2.2461911063989537e-06,2.6324799560495382e-06,6.532586880603208e-07,1.8357535021273907e-07,0.0025593454765898277,1.815848274105969e-07,7.450014965007523e-06,0.00025888526536267664,1.3932100651758983e-06,0.0014891848292959559,5.10902904985594e-06,2.981638350108007e-08,3.957502222436127e-06,9.043865252453265e-06,0.0007761772337021369,0.0,7.6034659269128e-05,5.176658526007127e-07
439,1913214,10,2.4964305023224276e-06,2.7552171413224025e-06,3.18085274457168e-05,8.639741457903277e-07,0.00023901518125061215,2.5899682158311843e-07,7.768923090227531e-07,4.655797469447359e-07,2.298187998326512e-07,2.527415180173659e-06,0.00033635493929084527,1.3031800929456591e-05,4.1605289679731705e-06,0.0001368893941367886,4.956056810222556e-05,0.00013270976113040865,3.9631385852917367e-07,5.016740349058149e-06,3.609932499685012e-06,9.761826049430739e-07,2.809019428841146e-05,0.0,1.0497493463804478e-05,2.3008866372603576e-07
440,1300179,10,2.3156583579819756e-07,1.1638231277658062e-07,1.0627894189201015e-05,1.1459961814890007e-06,5.366638352755776e-05,6.883480324973434e-08,3.3251345042326075e-07,1.7697448807460492e-07,1.2111228312912392e-06,2.161219765216965e-06,0.010592528425351355,0.001124932919731387,5.044252807812066e-07,2.497378881562151e-06,7.344258244251778e-06,4.435601855326196e-05,8.661694373655882e-07,3.3494106960602066e-06,2.7558929383275643e-06,1.8889237946087545e-06,6.970407554571928e-06,0.0,9.673586180702909e-08,4.432840053358866e-09
441,1265165,10,2.6552605028803966e-06,7.1277877791361965e-06,4.604533659011145e-07,7.55606161993716e-07,0.0021343917746995955,7.131108527985708e-08,0.0003711768408300939,8.418671537044342e-07,4.2071960017903143e-07,2.9926429382723385e-06,1.8661698187871778e-05,1.2672209791890487e-05,3.711604790873624e-08,1.8401552421498657e-05,3.7330476594966966e-05,7.327099009082211e-05,1.1434621464967432e-08,9.857242118480047e-06,9.423271611276596e-06,3.911274928936059e-09,1.9890928859463142e-05,0.0,8.998627042275387e-06,3.0851671992127017e-07
442,1345553,10,8.43231938892075e-08,5.474729891496305e-06,1.2178912002286033e-05,6.722958794044831e-07,5.086664352931675e-06,8.994186208831356e-08,1.3755475857697708e-06,1.9955751922803855e-06,1.2869562916045796e-07,3.947001591016186e-08,7.97435448768001e-05,3.2543297098786006e-08,1.324907601835991e-05,9.609530036560482e-06,4.147211831398781e-05,4.956084645076422e-05,2.0260698770785401e-07,9.671008425657032e-06,1.4439644412729546e-05,2.0961188735030972e-06,4.896877568716373e-07,2.545641319268155e-10,2.4699809482497947e-05,9.736171837498864e-09
443,1625037,10,1.7088462752473665e-08,6.039738778551573e-09,1.1235336826002917e-06,4.358542095919682e-07,1.954947763083484e-05,1.4039353204292615e-08,5.644909612568388e-06,1.9570291796833228e-07,7.050676199722716e-07,2.55989997395914e-06,0.00028696307729931744,2.237240121200426e-05,2.8560433901619886e-06,6.892250892891194e-07,4.369243701702122e-05,2.280120246809375e-06,1.9468646562936787e-08,7.562231828746324e-06,2.8902241559700115e-06,3.0529552885044664e-07,1.442642904893321e-07,0.0,7.92325600146998e-07,4.4564244221917404e-08
444,1253119,10,1.9043831147522172e-06,1.3322361916184161e-05,1.8489358747649648e-05,5.299836685683512e-05,6.593704900506939e-05,2.817558459808356e-08,2.9546104922048566e-06,9.330998724139949e-07,1.938419586476614e-07,3.7245637621412253e-06,0.0018318405181759097,1.3986908179431518e-05,7.181631836689073e-06,0.0003168402402021833,8.854849524457184e-05,0.0004704565166753459,1.5379022390953068e-06,2.0159941352879823e-05,1.4668600519039676e-05,1.8397613481199726e-06,0.00037636023003120855,0.0,0.0006310148240389994,2.789120766254205e-07
445,1897267,10,6.120627254052602e-07,5.762265310821357e-06,0.0011799258291930181,3.8064685821542765e-06,6.433313887741626e-05,6.588845994220938e-07,7.9735133835801e-08,3.872183121034212e-06,6.918955033491381e-07,1.2784117910807913e-07,0.0050239773931680665,4.502532098271672e-07,5.862120083355293e-06,0.00035532322322014837,1.8579700055684767e-05,0.004944904019741313,4.453581915822569e-06,6.448879832920973e-09,7.236401542494442e-06,7.9480209945193e-06,0.0012243039547571305,0.0,2.8303469671628334e-05,7.168060640258545e-07
446,1259615,10,1.760821262755674e-07,3.358127736788341e-07,3.2922467391172106e-09,2.027384428046619e-08,1.0017888596888097e-05,1.9381455711176e-09,4.724538207288853e-07,4.4999600816442165e-08,1.1031204267646089e-06,2.560457784111375e-06,0.00022831177282765444,2.0249469969705475e-05,3.7236304406204623e-07,1.1424904300623429e-05,4.422334808529271e-05,9.809474235296378e-07,8.687956878222769e-09,7.953130466604313e-06,5.617454021736301e-07,1.9904649788474171e-07,6.275697820093407e-08,0.0,9.42523581705032e-06,4.080834250380638e-09
447,1293366,10,3.362259536343615e-07,2.50266075835226e-07,1.24607447534765e-05,1.7945417427125965e-06,2.6184476672574952e-05,2.69340645699806e-07,1.4988406601273985e-07,1.1513577980702683e-06,8.281000628933277e-07,2.688061145891124e-06,0.00041983842985577474,2.8194311781745002e-05,3.4828792171495704e-07,5.4906598874669005e-05,1.0814322272227617e-06,1.8146783327212257e-05,1.0201175985186106e-07,1.0561773313936401e-05,1.1155512462324851e-05,4.7463389954080504e-07,2.509900457192682e-05,0.0,1.1424447487841383e-05,2.407139204629871e-07
448,1566028,10,6.134048800149339e-09,3.13401844417166e-07,3.479892787712491e-07,4.4867651643673567e-07,1.7112027186239054e-05,1.4415260686517772e-09,2.2739627941054108e-07,5.235509255296922e-07,1.0398148768200888e-06,2.1604102738714825e-06,0.00034521698460215217,2.2657158367925256e-05,2.120392610834021e-07,2.2848474144229747e-05,3.981666198263345e-05,5.475991758030485e-05,3.84785166968743e-07,4.709038157482692e-06,5.95394182586334e-06,1.0877179746279775e-06,3.024972343770166e-05,0.0,4.6103478112072965e-05,7.113292546656602e-08
449,1246527,10,4.398803309449417e-08,4.092835560048913e-07,1.040401237224764e-06,2.2241918376519898e-08,1.5481715840554716e-05,2.4846407254558445e-08,5.574306771276294e-07,2.129039034272362e-07,1.4882023778306497e-06,2.016351836390401e-06,0.00033123936634036136,2.152916141914124e-05,1.0407716878012285e-06,2.2129153227565257e-07,3.610396226969015e-06,3.457458803149405e-05,7.565910760225225e-07,3.533635753248665e-06,5.428837993606828e-06,1.7535560865311606e-06,2.7562023019782333e-05,0.0,1.3912581920596384e-05,3.0905653560647783e-08
450,1366482,10,9.734841932215743e-08,1.2238903888961428e-07,9.722068999735295e-05,1.7172465885569033e-06,2.7320853533883277e-05,3.133516454645324e-07,1.5689227238907533e-07,1.9808006156939173e-06,1.6854775362548646e-07,3.7007847550341033e-09,4.1071496411498876e-07,1.0306759222131201e-07,9.363275917682878e-06,3.868870783724568e-05,4.3265068451064925e-06,6.162267422245293e-05,9.213061823651336e-07,1.9043032161436546e-06,8.919256756778626e-09,2.756336651799779e-06,2.450331005357867e-05,0.0,6.658496754051793e-05,3.147733143547826e-07
451,1261579,10,1.296176836557139e-07,1.0229115714188719e-07,3.2407217920131515e-06,1.6858104084568892e-08,3.99770232365048e-05,0.0,4.889399082431273e-07,9.148421135397877e-08,1.2996261217531474e-06,2.340716119358238e-06,0.0005193846781972478,2.05214723843581e-05,9.79995081291582e-07,1.0287410147531706e-07,1.560282218467969e-05,2.4502350828870326e-05,6.262955405331172e-08,6.917419572219363e-06,1.1884403119562237e-06,3.536298142283595e-07,2.227904479377811e-05,2.846317383176089e-10,3.920488615074755e-06,1.0274658606562737e-09
452,1310396,10,3.476211187011108e-07,7.290222558568871e-06,0.0001537597593861597,6.719286333202457e-07,1.8864123678291947e-05,1.3671240080281866e-07,8.048027554923703e-07,1.1087070726431558e-06,9.864988600311042e-10,8.38285145222939e-08,0.00016230788400174723,1.5193418020399696e-07,1.1289714901758716e-05,3.132350763108971e-07,8.577588639369083e-11,2.3136248600681697e-05,2.2997353256795638e-07,9.98583008330299e-06,2.1529935826439944e-05,2.372539257507189e-06,3.22622704856633e-05,0.0,0.00011859224104327458,3.447991024640995e-11
453,1891147,10,1.2290006064924475e-08,2.314034847350488e-07,1.1890616456976255e-06,2.37163571854479e-06,2.1865673133857066e-05,4.3657580124298323e-07,1.946238272723666e-06,1.3700394670586313e-06,6.1781448013054074e-12,0.0,4.752780381811483e-06,3.5794595065752333e-10,8.008729501580991e-06,3.035356462427474e-07,3.55215185711133e-05,1.2780779697248168e-06,6.568089239780694e-07,2.5609700528457513e-06,2.528434315574729e-06,2.6469853308362656e-06,0.0001159932324183259,0.0,7.183354800231745e-06,1.3531106094616385e-07
454,1248243,10,7.311260320774782e-08,8.278928817079256e-07,7.895974465165628e-06,3.027128574174809e-06,2.850909497547488e-05,3.20494671531002e-08,3.3599980507025007e-06,2.8267299505974064e-07,1.2970806565620885e-07,3.986157344482155e-08,1.1594544013782127e-07,1.2289745715890477e-07,2.3108441701349958e-06,6.558579031396006e-07,0.0002013556838225232,1.599996735322448e-05,2.5752344319507348e-08,7.344311901982814e-06,2.044324883380272e-06,1.347220331321397e-06,8.836023401165641e-05,0.0,8.94024000331825e-06,1.6342973959207474e-07
455,1292033,10,3.559511073045196e-08,6.225904733772603e-08,5.427329649514839e-06,5.711965918236278e-06,7.102198224262501e-05,6.241754535937782e-07,5.405134663110517e-06,2.0469263100515722e-06,1.166341145272115e-06,7.978733368441127e-10,6.349963014823379e-06,8.948649266038444e-09,6.1488876942142334e-06,7.89521073728261e-06,0.00010547247034556687,6.1716314211923695e-09,1.2530949784726741e-06,1.5117586451666998e-06,2.1592303545391045e-06,3.665701248163622e-06,7.86753859635149e-05,0.0,7.727392413885148e-06,6.337206969811437e-07
456,1592028,10,5.2109580345183204e-08,2.918787864354677e-07,1.0562782772470525e-05,1.0433069417285085e-05,4.2040099502344e-05,5.27877839634483e-08,2.623674353365024e-07,8.778938326396701e-07,1.0203944115355634e-06,2.190404166841492e-06,0.0003250800296392478,2.540205313563554e-05,4.3603277148987485e-07,9.424140241416634e-06,3.6863538058311274e-06,2.6522653399956714e-05,3.242725539823188e-08,7.181790553471845e-06,8.584794109207927e-06,4.5564073676215844e-07,1.3214868527962331e-06,0.0,1.7565921961795739e-07,1.5399019279854764e-07
457,1340700,10,1.2931624243650575e-09,4.410700707085935e-06,2.0430718014122218e-05,5.466605610821018e-07,4.9891772110288723e-05,1.681047201024244e-07,1.9162810013795273e-07,8.825876512755237e-07,1.6124288260352393e-06,1.2982652036891418e-06,0.053208655551715806,2.332961015411722e-05,1.7672564718573813e-07,0.000247433046749887,1.4336615108967443e-07,0.0024167063624228186,3.421315216585452e-06,4.4761252687708364e-07,1.8317606599475844e-05,6.432867585268176e-06,7.057237114763137e-07,0.0,0.00014810850881091103,1.495173104701375e-07
458,1305626,10,9.220739985976029e-07,3.572147851942792e-06,1.1664943470601763e-06,1.5192873729918954e-09,1.8638450364647993e-05,8.841528992067915e-07,1.9542601552586386e-06,8.242409025114444e-07,2.307955095925962e-07,7.805512442990437e-09,1.7556349862274737e-05,5.780760687097014e-07,1.8062391118527435e-05,1.5445115660995754e-05,6.888992134425169e-05,2.8622777994067455e-05,5.626730026579013e-07,2.9239439360354003e-06,1.989133449384166e-05,3.3625432133872757e-06,3.271859680227876e-05,2.6584005829999313e-11,3.1359985078052016e-05,2.6799243326228184e-08
459,1308326,10,1.3665452768332753e-07,3.7251737143601665e-06,4.970233995397859e-05,3.1676264986759545e-06,1.7765612392492067e-05,1.5149018476635912e-07,5.545287324625059e-06,1.9037917822067874e-09,3.967239720192167e-07,7.263281111107023e-08,6.553459046576213e-06,3.633570606897951e-08,3.276135596769897e-06,3.1687640260468636e-06,6.068420999436573e-05,3.8415784327956726e-06,3.601654773206786e-08,7.840044695860138e-06,1.2389956225275847e-05,1.8780899511353782e-06,1.7959483145715827e-06,2.3233263403421578e-10,5.0694461144557e-05,2.0004285521818543e-07
460,1469040,10,3.1864670138603834e-09,6.781482028012098e-08,4.580100616564248e-06,8.832019242656364e-07,1.8400886547444845e-05,3.562542754548259e-08,1.2459194947619934e-06,5.417921294104122e-07,3.839619423483265e-07,2.1901441566267443e-06,0.008656442907094785,2.410822936729437e-05,3.3123469806058126e-06,6.052184009591732e-06,9.044017439849977e-05,4.4089651240947214e-05,2.305060606971887e-08,7.344029044349665e-06,5.664242522622487e-06,3.656441283188261e-07,5.522497226712053e-06,0.0,4.884313614818281e-06,1.0439944903711806e-07
461,1314071,10,8.656331163849063e-07,5.6361716541109e-07,0.00013294253733952058,3.604115669450514e-07,5.3618643253469656e-05,7.929757318177189e-07,1.28004335821566e-06,3.4067637320195354e-07,2.103031480904516e-06,1.2114042643798784e-06,0.0007573511902262652,0.0011607660182496177,3.2405292976281364e-06,3.4224306398836224e-05,1.60816092510431e-05,2.190314790974368e-05,4.6240355614339534e-06,1.4622190220789366e-07,1.4888785101578594e-06,8.373788808815896e-06,0.00011534847684371852,0.0,3.5283841793139203e-05,2.105297185195365e-08
462,1259511,10,2.5006681955101057e-07,5.198227160389118e-06,4.134488772737817e-05,1.0893005706735098e-07,1.6771614187604915e-05,2.6004291438491006e-07,2.854860153859648e-07,2.2506463367207713e-07,1.1878591456631823e-06,3.240143914826077e-06,5.3728955695124016e-05,1.9891409905250547e-05,1.1236723666081458e-06,4.2852473301040195e-06,9.31222679951679e-05,6.101265712831622e-06,1.822843979205381e-06,2.0702363518131442e-05,1.5377098171046391e-06,2.3552471916247e-06,1.392781200363312e-06,0.0,2.1612606986619667e-06,2.9541437336286225e-08
463,1306073,10,1.0409215758355045e-06,5.045674964128388e-07,3.9949087211887946e-08,6.403682799339949e-07,3.642699230557364e-05,2.7084438785490716e-07,8.993020280626679e-07,2.959858774048696e-08,2.917117438144129e-07,1.7688747203214311e-06,0.0005669167617949906,1.4899513636082093e-05,3.276769901977214e-06,4.0960178760532026e-05,5.476069623116912e-05,5.550274358509001e-05,9.60446077105312e-07,3.2404476797750353e-06,2.8117393658690093e-07,2.0391043124186325e-06,8.842045379070518e-07,-1.7735486690373392e-11,6.150479311134091e-06,1.0780437953612776e-07
464,1303215,10,2.7264490938747055e-06,3.136357018568292e-05,0.0008898299757133313,7.447803205002518e-05,0.00033260841915336986,1.3468706386299267e-08,1.6434248812369212e-06,8.156357209888887e-06,9.550117280619774e-06,7.237786286903858e-07,0.002685315959909798,0.0010061599198319393,2.3437303525997155e-06,1.389066998022659e-07,4.488993428708454e-05,0.0036168225030062326,7.290374862564675e-06,2.0381883733544548e-07,0.00011685912277192151,1.3416272415987807e-05,0.0008179614090989898,0.0,0.0006130596858224605,1.8067338434096802e-06
465,1337687,10,5.172649808482532e-11,2.4656363270970233e-06,1.4670005079413934e-05,1.6385543224282234e-06,1.5581513382557574e-05,1.7903039953304223e-08,1.3174768552157157e-07,2.959496361917141e-07,1.1593867471453023e-07,1.2258098147990837e-07,3.1136420289849115e-05,3.372392074624253e-08,9.06098078152888e-06,4.84064635800259e-06,8.892491578995666e-05,7.691359246518939e-05,2.51415725793791e-07,9.797549677319911e-06,6.250605409858709e-06,1.8415163354958825e-06,7.761623492901631e-05,7.497373954307163e-10,3.7292813377318157e-07,1.2420753121508699e-07
466,1293783,10,2.394710337111361e-07,9.589847391328066e-07,5.305723381233973e-07,1.6516503972135999e-07,0.0002650490286270901,3.465264416385727e-07,6.590049728832925e-08,4.978076936293374e-07,1.512801226195154e-06,1.296498268098245e-06,0.0002825748626280322,1.8575584371720993e-05,3.167204715760069e-06,9.796429076718016e-06,5.855525620400426e-06,0.00032363732924084454,3.026001124468297e-06,7.376302016380565e-07,4.707655638810232e-06,5.6232440954276375e-06,1.081628004766244e-06,0.0,3.2602319397237456e-05,4.04922514268824e-09
467,1316465,10,4.6553849317176876e-10,2.202029724188148e-08,0.00013665547911209663,1.188022223118368e-06,3.585284786907991e-05,5.624426994976783e-07,2.2680846036710056e-07,9.312551055989937e-08,3.016673224484623e-07,4.9867086154842255e-11,2.313561175537604e-05,4.384838166171523e-09,1.1424146892643344e-05,6.674818602756677e-05,8.642048222526344e-07,7.397383934987234e-07,1.4389810196815955e-06,1.2325468087687197e-06,5.628575912748623e-07,3.8044177744084307e-06,0.00024242516956022447,2.485493234838376e-10,1.5602230048893106e-05,1.5004454642641996e-07
468,1266808,10,9.287905413657427e-07,4.146546416450292e-06,4.430046828929335e-05,1.87188561540097e-07,2.7402129489928484e-05,4.3655745685100555e-11,8.219649316743016e-08,1.1447191354818642e-06,1.0892108548432589e-08,1.4074539649300277e-06,0.002105728635797277,1.1856594937853515e-05,1.2425443856045604e-06,3.7629506550729275e-05,2.90401658276096e-06,0.00024532473617000505,7.337803253903985e-08,6.296490028034896e-06,4.982728569302708e-06,1.0023359209299088e-07,6.748500891262665e-05,0.0,9.400406997883692e-05,2.9802322387695312e-08
469,1301933,10,7.395155344896986e-07,5.953909310140587e-06,1.5623307015235482e-06,8.372795329975036e-08,3.110288723924548e-05,4.3552335816238186e-07,1.4181372316457441e-06,4.1474603527588694e-07,6.1781430665819315e-12,8.376222953437873e-08,5.152872761586547e-06,4.2278890865013463e-07,1.3987848532435315e-05,1.2096838587875858e-06,8.833877364090859e-07,1.4822162253616197e-05,2.517300945817369e-09,6.451634533499728e-06,2.4502782660260417e-05,2.3339208103535097e-06,5.126519886433298e-05,1.9200831723187317e-10,5.0694451939852295e-05,2.207902555922958e-08
470,1569050,10,1.3822151478937172e-07,4.883148125869874e-06,0.0011923212358354238,3.2053679086749276e-06,6.305444762913504e-05,1.1657657593908133e-06,1.5143020215754865e-06,3.0414036205558825e-06,4.908937745601305e-07,8.313194828357684e-08,0.001956294260097101,1.374865523512403e-07,8.181050103861498e-06,0.00027789015093400427,2.0883900212813333e-05,0.002285796472808785,6.5043512863446895e-06,2.797369135290606e-07,4.538783223290155e-06,1.1366228591179472e-05,0.00045113801892551764,0.0,9.74176541796018e-05,4.752088472032012e-07
471,1653101,10,7.575406713936084e-07,1.011431584724276e-05,1.0420216944376226e-06,2.714370269860794e-05,6.226080283414787e-05,3.305508644579902e-12,1.274830702877039e-07,9.133680310406678e-06,7.955157773062438e-06,1.1886728945656455e-06,4.497185272858695e-07,3.1472577499386256e-05,1.025713599889233e-07,0.0003459606082925476,0.0004255966333883421,0.0054656460553031,2.6243424118624348e-06,7.762957203519272e-07,4.830401468234463e-05,5.3676293218229976e-06,0.00024367220111844862,0.0,5.200902380590733e-06,8.257548244350321e-07
472,1847079,10,1.3467130181854525e-08,3.0624903419596006e-06,0.001160081546817772,1.8474702508236573e-06,7.733825593921051e-05,1.3693222679633799e-06,9.660019434386269e-06,5.94072255431094e-06,1.231675653010078e-06,6.681197765867619e-08,0.0017098222138050984,1.5123217046719706e-08,5.106039364086157e-06,0.0003239982984405629,4.899962431257482e-05,0.0008892318775188396,6.348954919348226e-06,2.1973998464569489e-07,1.4390169907271821e-06,1.1300077890782911e-05,0.0002999825616384136,0.0,7.202615541004875e-07,3.393524190056785e-07
473,1338675,10,0.0,1.3465453429784002e-06,0.00046699307810573604,7.054348535942556e-07,3.624921360913941e-05,1.1449042437230994e-06,1.8563320705947128e-06,2.1723972622594845e-06,1.3704272433454068e-06,2.910706756176218e-08,0.0013118888749858101,2.2371622887540354e-09,1.1971466588198143e-05,9.467294556575467e-05,6.865249438887944e-06,0.0004084452210114664,4.536708582844606e-06,0.0,1.374013889610115e-07,8.61440357240173e-06,0.0001723985594269603,7.504180193906862e-10,4.01951988094687e-05,1.9823734901530665e-07
474,1264068,10,1.6798633698661414e-07,4.7661894503683855e-07,5.036554960174966e-07,1.9871898449680403e-08,3.4671671138266497e-05,4.426921801359285e-09,6.559255748203596e-07,9.071902281471145e-09,3.3638974348756956e-07,2.1905138575806227e-06,0.0020647945640468943,2.007038243763415e-05,6.2005454720785724e-06,5.040973557792275e-05,1.3104198800410055e-05,1.7057087153427714e-05,0.0,8.526033001231975e-06,3.137803524372318e-07,1.352990109948493e-07,4.032202894464765e-05,0.0,3.1332471137589246e-06,1.3791953690223124e-12
475,1370320,10,6.329067088126084e-08,4.905032343002769e-07,2.465450445639228e-06,6.408730571540178e-07,0.00014420807848838924,4.8952911630567586e-08,2.047002688881916e-09,1.966463795358836e-07,2.0374421774022045e-07,2.310457310614883e-06,0.0028419568074746545,0.0011122236979126902,1.9055737661838323e-06,1.513287466650172e-05,2.8197717365589445e-05,1.2249991557491263e-05,7.406683212932141e-08,1.049924369928533e-05,6.894457088915673e-07,1.7499679109793387e-07,3.3124659935771655e-06,0.0,2.6898951341388505e-06,7.893310059389758e-09
476,1321276,10,1.7605329313830076e-07,1.3718739163420812e-07,0.00010815974138194892,9.214889347200494e-07,1.565824978711286e-05,9.025631454925853e-07,1.5057448854889632e-06,7.550171295458985e-08,1.9947513696383368e-08,4.488037302907699e-10,1.1696326820406083e-05,9.585788660754213e-08,1.1833926156723518e-05,6.69122085134484e-05,6.938918794733087e-05,1.1541963300040758e-07,1.7691194863639348e-06,9.802276229806117e-07,4.080607029510047e-06,4.731224572146475e-06,0.000112784172614986,0.0,8.761984549895963e-06,6.151142176516466e-08
477,1249416,10,2.5043846108019352e-08,3.744877176359296e-06,0.00021660432685166597,0.0029643452289747074,0.003427632349485066,3.576860763132572e-08,2.3659857106395066e-05,1.28362444229424e-07,1.6720150597393513e-08,1.9157014321535826e-06,0.001026179947075434,2.070368645945564e-05,1.737498678267002e-08,0.0004345973575254902,5.059268733020872e-05,0.001007308906991966,8.849892765283585e-07,1.4810430002398789e-05,7.312919478863478e-07,1.8957071006298065e-06,0.0001658156979829073,0.0,0.0009107740770559758,5.093170329928398e-11
478,1449074,10,2.398836306035518e-07,2.219431870158911e-06,9.024735425165048e-07,2.2071470649406844e-07,2.1398984493218448e-05,6.739230185882905e-08,5.6324546946623366e-08,3.209775290523298e-08,7.05808832305102e-07,2.5279421226511584e-06,0.0012425626198031177,1.9535572800988277e-05,2.1020012226577456e-06,1.7139542486860337e-05,4.0068765339355134e-05,2.6893700494148853e-06,4.090518175275254e-07,1.3763225275173485e-05,2.1131765660931112e-07,4.83923629139224e-07,8.237012136251554e-06,0.0,1.6402690846503698e-05,1.603955372339594e-08
479,1339217,10,4.870974219667312e-07,3.3990593032232064e-05,0.030509611901176042,8.525333751840947e-06,7.602795582775657e-05,4.243532892064805e-06,4.4231540612116316e-07,2.805663659288804e-05,8.63865191269575e-07,8.127892442838514e-07,0.04069096983592388,2.440617948989976e-07,4.797384338006694e-06,1.0372272994940701e-05,0.0027667608480169276,0.029002096188863777,3.1699632659865085e-05,1.7979511973589823e-05,4.316807756100938e-05,5.057023856912257e-05,0.01581306582891648,0.0,0.0008868479900982912,1.5498253411044827e-06
480,1306141,10,1.9393548663509952e-07,5.482082920289788e-07,5.06952662646179e-05,1.0310233937438351e-08,2.5239813304593628e-05,6.893717672228072e-07,2.702327721697262e-07,8.612322232107172e-08,1.9396393690501723e-07,1.4996942482997655e-08,7.569088542692601e-05,9.058709606393767e-08,1.3764002417121501e-05,1.0824967747870978e-05,2.809069819282098e-05,1.3839256522936438e-05,9.6114367062472e-07,1.9605011220488744e-06,5.905489823515575e-06,3.476516145083791e-06,2.8623046065791996e-05,4.737804454313377e-10,8.06596632329723e-06,3.2940618344134975e-08
481,1257356,10,4.223579604823585e-07,5.78436581959163e-07,3.819313237947777e-05,7.400218335149727e-07,3.8750458017234105e-05,4.021791248642881e-08,3.918952662385067e-11,4.108375500390393e-08,2.703057195435621e-07,1.8772315155922426e-06,0.0004004000027903933,0.0011431159974267541,3.4593577118678664e-06,4.7334717307957394e-05,1.069353025914474e-05,4.844159934870064e-05,1.6849431510278234e-07,6.100603615272551e-06,1.9116670885166442e-09,5.195721553396399e-07,7.83955886782782e-06,0.0,1.6638860758748375e-06,3.06750337301237e-08
482,1260241,10,2.5960683942664875e-07,1.018175358000889e-07,6.552737629537259e-07,1.8455742008087472e-07,5.264791906063257e-05,4.3631218677939176e-08,4.842945314307429e-07,6.738944961781623e-08,1.080440729578358e-06,1.7152356021430532e-06,0.0007333259348119344,1.848894058985133e-05,1.7425917983645428e-06,6.881467286574267e-07,2.0792399283025426e-05,6.760193006029314e-06,3.592772669491068e-07,4.972227380597646e-06,4.761817817382219e-07,9.264222083343182e-07,9.671917219762974e-06,0.0,3.5966148218859184e-07,6.4252587365226654e-09
483,1309492,10,1.6760875078646043e-07,1.3454140846223123e-06,1.5366479847100586e-05,9.407908444676594e-07,2.1568319863418325e-05,4.090877116207786e-07,2.0478961810198315e-07,5.746428453374391e-07,1.65124782319781e-08,5.2896898986021235e-08,0.0002471181167177181,5.706863587251476e-08,1.5054459513635932e-05,8.281643876506539e-07,6.480185231918026e-05,0.00010100260099592945,2.3950553413101816e-07,3.999586030147342e-06,7.952644136374754e-06,2.2368109444913242e-06,0.00011172499775619765,2.481577443536054e-10,0.00041943053393904417,2.906734286774182e-08
484,1346956,10,3.742359117042682e-09,1.0802488630418106e-06,2.1013829682205165e-06,3.8322327457554484e-07,6.159836241355701e-05,2.5288873082424113e-08,2.3881010884074794e-09,1.5365867075955997e-06,8.276858232576789e-07,1.2855470206060704e-07,1.4305212431287018e-08,8.993887554847868e-08,9.671957887126548e-06,9.301948109014663e-06,0.00014520088811408038,7.224969418289165e-05,6.597802143862297e-08,8.12175702760709e-06,2.9920783908947424e-06,1.4468948131320103e-06,8.262674460184083e-05,-1.5044943763031782e-10,5.490814930584134e-05,3.3131200476155254e-07
485,1295024,10,1.853880777710759e-08,5.609532308208098e-07,2.3411530908346023e-08,2.0192373872268687e-07,6.129297627628302e-05,4.3459797604422645e-08,1.4608917179789738e-07,5.243673890376055e-07,1.0595928564872958e-06,1.4377213351721152e-06,0.015316537099630694,2.162012752499054e-05,6.222031838400144e-07,1.8921170368366852e-05,2.3231960821962216e-05,9.196820724259244e-05,1.0377600914227014e-06,2.853453743192902e-06,6.5023276635267635e-06,2.2784462605923705e-06,9.546972896193329e-06,0.0,6.0060950820551434e-05,3.3719899050072e-08
486,1257609,10,1.2309495395282366e-06,2.5705362349949523e-05,6.0840060200212376e-05,5.381914519743403e-06,5.939334700622717e-05,2.2192100461448927e-07,5.520080872956079e-08,1.7431349427922405e-05,2.282493048441636e-06,4.90932417281098e-07,0.0010080617855595872,3.329505380108427e-05,5.943134718938703e-07,4.2467710755639265e-07,0.00033123978689218736,0.01745569453611616,1.0112533317875594e-05,9.979566383683247e-07,9.158679765185196e-05,1.7795946780051197e-05,0.0002556820147225289,0.0,1.8516062071718964e-06,1.374152928383665e-06
487,1319066,10,1.391852761933876e-07,3.53498145923975e-06,0.00014400133633191842,7.844740108897685e-08,7.165698446692098e-05,8.672821078803405e-07,1.1147809619860283e-08,1.3272053394769445e-06,6.751195541915278e-07,2.489443345216058e-08,0.0013373680297564597,1.8369296327092055e-07,6.7605146940180605e-06,0.00014065874121301641,8.649446378086734e-07,0.0009803194458286799,4.795083440985171e-06,1.4229622938288777e-08,3.648498310360182e-06,8.655635252881322e-06,0.00028358602519891474,0.0,5.198475895674959e-05,4.7382285048996886e-07
488,1335305,10,2.4039639899900433e-07,3.448842759989912e-08,0.00010547355117756022,6.390818549258104e-07,4.3600939367657854e-05,1.5622622869942981e-06,1.9451069486510486e-06,3.143205467709409e-07,3.247777902483373e-07,5.773739073650086e-09,2.8407818457112238e-05,1.939038353701572e-07,1.1833897284402317e-05,3.708849934231165e-05,8.577587980174162e-09,6.021730785847265e-05,4.20245411014708e-06,1.861184006218819e-08,2.5589280885675303e-06,8.672070865054643e-06,0.00016332703827395822,0.0,7.839766535289172e-06,1.4152505677794691e-08
489,1480038,10,2.8514674191293388e-08,1.9315370747632898e-07,1.3688811940377327e-06,6.879335431881489e-07,2.4694068747133438e-05,3.4725791322152977e-07,4.951478546968979e-08,2.774995408530434e-07,7.572668181913406e-07,2.402013950724563e-06,0.000409253517405863,2.6112166130782752e-05,9.798109726344428e-09,1.5873851280847479e-06,7.691176610483651e-05,1.930985961883999e-06,6.242158155124466e-07,1.482218237740078e-05,3.8028071115935036e-06,1.039299262615978e-06,1.2178896515238624e-07,0.0,1.246112354455313e-05,8.535261064937516e-08
490,1531112,10,4.488432439851697e-07,4.6245504494238365e-07,3.595756179301801e-07,4.6209720082693306e-07,3.900314592184678e-05,1.2544556635650517e-06,1.272389124354345e-06,1.740031984436008e-07,1.4393062718054406e-07,3.88838413203918e-09,4.678532759836568e-05,3.481329559178181e-07,1.521007667276697e-05,1.2766859670415576e-06,5.71175368900903e-06,3.3989079425707225e-05,2.1898171833414914e-06,6.888276472896693e-07,8.351991366006839e-06,5.715063531738784e-06,7.276041647745479e-05,0.0,1.0303464681934993e-05,4.633197235592856e-09
491,1309293,10,1.3677768452569072e-08,2.8564745134448954e-06,0.0002547205515926951,1.1787850529021426e-08,3.368474377696273e-05,1.3464890885814262e-06,8.647845210763005e-09,3.7472952513911695e-07,7.075811273779542e-07,3.654917078710351e-08,0.0008910218706171605,1.8832649349709296e-08,9.426084212185715e-06,7.516999457112677e-05,2.5604375508490873e-05,0.0006812105259878104,6.252521122504517e-06,2.0427723861071723e-07,1.416770707966808e-06,1.1189199103429914e-05,0.0003059003493596779,0.0,9.940024267469927e-05,3.611712676987455e-07
492,1297318,10,3.973827176206868e-07,1.3176881636628446e-05,0.00028324819229502696,6.416115183455195e-07,8.050091995909919e-05,2.2197978333943214e-07,3.9171986572494877e-07,3.3189698126698253e-06,2.958521939641634e-06,6.900320493330447e-07,0.06444490425292826,0.001067984155607292,5.6960398966965364e-09,0.0001651230277792612,7.005750074353528e-05,0.003659041627581433,6.8135972923766275e-06,7.223622770780036e-08,5.055422189076397e-05,1.2189302484692799e-05,0.0001758281223928071,0.0,0.00017503491169572338,6.55115184884647e-07
493,1323016,10,7.054906018405527e-08,1.1636501237866081e-06,0.0003568316932653845,3.5698556957383665e-06,7.562099934079608e-05,1.8485970746107139e-06,1.2619521574178116e-06,6.015303116724269e-09,3.803021274215168e-07,3.2076490047439066e-08,0.0009272028710479788,6.992714361719887e-08,1.4436037954722314e-05,0.0002377762460117963,3.4967953185111034e-06,0.00031719358232938644,6.70629985860538e-06,2.7821759032015114e-07,6.224294987755563e-08,1.242419439894532e-05,0.00022740560331831194,0.0,0.00011815452375332769,7.713044225532428e-08
494,1346966,10,7.257312099537283e-08,1.9041357939529602e-06,7.586350028629743e-05,5.579417317047586e-09,7.64983055875218e-05,1.3635663424077515e-07,1.3158744691099677e-08,4.795714460791023e-07,7.20538361649592e-08,1.2890916245220096e-07,3.180939986029141e-05,8.053784791850482e-10,1.1022048822334485e-05,4.893802098282496e-07,4.8025049145406645e-05,1.2770965867187067e-06,3.778292546885442e-09,6.91612061769209e-06,7.561639783250362e-06,1.6737974801520061e-06,9.547713593831969e-06,-5.846650177887547e-10,3.6966537693999824e-05,7.392738123751519e-08
495,1262163,10,8.741779140564176e-07,1.2105213158974948e-05,0.0010677776690215524,4.294437385965466e-05,8.344881374000579e-05,2.7799842428066768e-09,1.1343169603605929e-07,3.732214651108734e-06,3.1144139711614116e-08,2.585110223662923e-07,0.09836581899142516,3.221513790663266e-05,5.414185579866171e-07,2.501131120880018e-06,6.724829461290938e-06,0.007057567787342123,1.2155864226315316e-06,2.19073143625792e-07,9.651098179119799e-05,2.872588453328717e-06,0.0005677815656781604,0.0,0.0007326015353044113,1.4567771700058074e-07
496,1246281,10,9.258063461692334e-09,1.7649560894034133e-07,1.3322680630822176e-05,7.750334965889172e-07,4.0515033559739705e-05,3.2747335790977994e-08,2.292476359785911e-08,5.441985348290934e-07,8.656164643822128e-07,1.769036655399625e-06,0.010253588458287596,2.4503618084297657e-05,5.783512021413639e-07,4.000389288820461e-06,3.4114513054739337e-09,7.785095191916586e-06,6.333307170022784e-08,6.812961225552416e-06,7.2903734545763654e-06,4.849486813993109e-07,3.386346719855271e-06,0.0,3.60311910516109e-09,2.1621891881443145e-07
497,1929216,10,9.81181290153621e-07,3.3859681155129495e-06,3.856563714617345e-05,6.606479084819705e-06,5.40210320816234e-05,4.625069341471222e-07,1.5839593452138256e-07,4.5660040581887995e-06,3.984914405535944e-07,1.768832621644456e-06,0.031085223849209462,0.0010272040247573944,1.7164656670107248e-06,0.0009162728714353016,1.3032829365176857e-05,0.00012056107410713529,1.9843206661152024e-09,8.065760677487821e-06,3.733338401042813e-05,8.10455382319053e-07,0.0012236022236132432,0.0,0.00045283991528673184,1.0905639943881162e-06
498,1330530,10,2.534598260439669e-09,8.76063378690839e-06,0.00119854644665323,1.9012437796575576e-05,0.00012407170100671439,3.533172786993055e-06,3.4409245516439646e-06,6.896103279224741e-06,1.1861947182972843e-06,2.5728554044895935e-07,0.030265558850758587,4.6551396397365163e-08,1.2178024279156652e-05,4.9845024429728824e-05,4.211811786342806e-05,0.00312592820863182,1.78929295193489e-05,6.348063306571561e-06,4.408639907041434e-06,3.0000306954353073e-05,0.0019307257744185513,0.0,0.000356455979542869,2.4836109586284794e-07
499,1314897,10,4.797740268958073e-08,2.0218628981466535e-07,5.10915500976164e-06,1.0621396550059004e-06,0.0008228922083994908,2.8485425285912358e-08,2.6251048678288535e-06,1.872407284046751e-07,1.0612171735986664e-06,1.961597399281062e-06,0.0004848822032706007,2.1715234984388126e-05,2.719492007002833e-07,1.1537716379864116e-07,1.909684072845183e-05,3.363948860512361e-05,1.0592671035453138e-08,9.181646105239222e-06,1.3235531853492133e-06,1.599720902759061e-07,1.944817131324661e-05,1.1041862944816128e-09,2.3103133323272573e-06,2.527262104451422e-09
500,1287437,10,8.902901711405065e-07,2.657958293877938e-06,4.317062239314606e-05,1.1726858983873711e-06,0.00021895547122006975,5.029469098971617e-07,1.905491581105645e-06,1.47729237549854e-06,2.3527258806443907e-07,1.7972489214090892e-06,0.002412780619487853,3.493400947197911e-05,3.03407958202051e-07,0.0002758988894809439,0.0001385355804810473,0.001714792186959413,2.086895638242492e-08,9.062934137410439e-06,3.411182312491878e-05,7.87954164874205e-07,0.00010795232471538796,0.0,0.00021815330797522736,2.4156610003989165e-07
501,1320501,10,6.557319944342638e-07,6.604985674459052e-06,3.0281090514869963e-06,1.9354621690059748e-09,8.153031318989395e-06,1.1515620036706142e-07,3.6004927238091067e-07,9.652348412301365e-07,6.224434810804536e-08,2.7549632410604763e-06,0.00015128934465312438,1.7057203362282752e-05,9.603105016204455e-07,4.134488503979884e-05,8.577588465896735e-11,0.00019599994861938495,1.5122239511444757e-06,1.9625116423047095e-05,5.3825863569161025e-06,1.8229518650107052e-06,2.7562657185840542e-05,0.0,0.00011620779785594809,1.263328856023621e-07
502,1871017,10,2.7052414111432277e-07,7.344034525928397e-06,7.022398339475051e-05,3.3852031590467235e-06,2.4938752887561713e-05,5.623838432410044e-07,4.967846641262125e-07,1.7298884306786444e-07,6.234760853429666e-09,3.204345314374024e-06,0.00012521593753057718,2.0430604579404002e-05,1.9877698414424994e-06,0.0001117250346187957,5.152785174824051e-06,0.00046483383942097327,3.959971147132757e-06,2.819639202520166e-05,3.276294881506339e-06,5.430089607799324e-06,0.00017239670151940334,0.0,0.00035006424345790377,7.829021989556872e-08
503,1257016,10,2.0181303100885728e-07,9.415203910123626e-07,0.00020822550744215018,6.811105585390054e-06,8.251944343277279e-05,2.3701184123786634e-06,1.7744997269919516e-06,7.923411538546254e-07,5.046409887743408e-07,3.457440810733514e-08,0.0007733952615808642,2.497585718380657e-07,1.722220686084519e-05,0.00015006280826360824,4.450946382163201e-06,0.00013782681197444663,8.180157794565601e-06,7.220020389400728e-07,5.919087066041939e-07,1.5096554509236304e-05,4.942124078363003e-05,0.0,0.0004932844218189375,1.82619077152002e-08
504,1909375,10,7.297239472403572e-08,3.920617086854844e-06,1.6483587096292884e-05,5.796776598315789e-08,1.791682691917526e-05,5.775945774548485e-07,3.691921319701197e-08,2.83036334623038e-06,5.332877791239254e-07,2.9587293204780957e-06,0.0001430416564813814,2.275299082741926e-05,1.3924567138084987e-06,8.00911620338872e-06,2.4338847834596417e-06,3.831606476706155e-05,2.890066502555383e-06,2.4502551275494902e-05,2.600947219561639e-07,3.989238524010688e-06,5.4908266169793885e-05,0.0,2.9921248201700973e-05,6.857440642549228e-07
505,1313057,10,8.277804787737431e-07,1.6400959207955867e-05,7.849662440699567e-05,2.9551776757064108e-06,0.00010155171531143342,1.1400965933827667e-07,6.270322039370058e-10,6.7969173909651626e-06,4.70764484143682e-06,5.894978835352394e-07,5.461072656842009e-05,3.146893179609145e-05,1.47747298423484e-09,0.00028662404553568555,8.009935796913364e-05,0.010126396003869081,6.809146389993859e-06,7.904331147251531e-08,6.789489588396314e-05,1.2179210397811335e-05,0.00018170753226648406,0.0,8.593131772600959e-05,7.536231354035583e-07
506,1322819,10,2.7043984620125916e-07,9.799101139025546e-07,1.2320052726987399e-05,1.2959213991844964e-08,2.4566198177845833e-05,1.7477942860361084e-09,4.981714699439643e-08,6.792666574009787e-08,3.9733675337785823e-07,1.9601163921811188e-06,0.00035683178902748934,1.8748329031937835e-05,2.528435698874454e-06,3.214971198444057e-05,2.2944791398932934e-05,1.4898817272547549e-05,4.129908593927811e-09,9.181687087578272e-06,8.356681105783914e-09,8.277348299487453e-08,5.474840960969368e-06,0.0,2.602246345906334e-07,1.696434541627323e-08
507,1263197,10,1.4393733691331345e-06,8.839897154555576e-09,0.00035306373944946415,2.9345001931885273e-08,7.134775891718195e-05,1.512953517638499e-06,1.0096797741949992e-06,5.935862587222451e-08,6.889385997764508e-07,8.645107463164936e-07,0.0007128905227728015,0.001202702044526091,8.584744694742352e-06,0.00015202926925870358,3.237632555927808e-05,7.691210604862664e-05,5.711650719129879e-06,2.0316480445897733e-08,6.232346566811819e-07,1.0272485249544078e-05,0.00033525692392079656,0.0,0.0002992894431928829,2.708572121520869e-07
508,1300912,10,3.955775210173762e-08,2.074782673028297e-06,0.0028376933075819344,2.3035513593838708e-07,4.709824118185463e-05,2.103377533001216e-06,5.757915556084403e-07,1.364251015559259e-07,2.2118621521849402e-07,4.4631969002562055e-08,0.0078092571978611094,6.347592089450682e-08,1.4747636522628726e-05,0.00022620444667108275,0.0001527706651666752,0.00034484507256971747,8.409394253436342e-06,8.291764821630188e-07,6.050798240231359e-08,1.5045661965265578e-05,0.0017935220126114662,1.965464485609303e-09,0.00019909289216400033,9.916990147129656e-08
509,1723034,10,2.709136942211088e-07,1.7043886274548115e-08,6.691144477165983e-05,1.5226716772176463e-07,0.0001063052602174458,2.20718370504136e-07,2.515185603194081e-07,1.527941346918249e-07,5.926363783326227e-07,1.2770023530284114e-06,0.000665639022725914,1.7471943438755744e-05,3.203245815437683e-06,3.433867839642418e-05,6.882579330069749e-07,8.351734933687016e-06,1.5134402909927624e-06,2.2205739232256105e-06,1.0192357547539332e-06,2.99136630054625e-06,1.59199204374863e-05,0.0,2.992079982198914e-05,8.28271537467451e-09
510,1262131,10,7.337861092533704e-08,1.3692725237945264e-06,1.3933488854610265e-06,1.0618737505824205e-06,1.1772526660012647e-05,1.687737997742994e-07,1.082476445285474e-09,1.3188832605377787e-07,2.707192776809503e-07,2.3108634143349793e-06,0.00040521721537206505,2.190310740572167e-05,1.6387012544312463e-06,1.6080512280249384e-05,2.2278718709387718e-05,7.618173091699862e-06,6.408040181850316e-07,1.497751208559897e-05,9.636472624897918e-08,8.238894377218808e-07,2.7040557552267253e-05,0.0,4.070509339051606e-05,2.2997374282685e-09
511,1304145,10,8.693314157426357e-08,1.6917329048737884e-07,0.00015053697279654443,5.164853064343333e-05,7.452129648299888e-05,3.644527168944478e-08,1.0877192835323513e-06,2.3581451387144625e-06,2.7728674467653036e-08,1.3576282071880996e-06,0.00039379875670420006,2.736577152973041e-05,3.7149584386497736e-07,0.0002464883364154957,0.00011482380068628117,0.0006344461362459697,3.7620338844135404e-07,9.736577339936048e-06,2.431705070193857e-06,8.218776201829314e-07,0.00010924312664428726,0.0,0.0007989132864167914,3.355671651661396e-08
512,1294351,10,3.139899978563121e-08,3.469505288032637e-07,7.516809775295549e-05,1.3447179144053523e-06,6.854238167030777e-05,3.0279148508643994e-07,1.089363343594052e-06,1.1116753148784908e-06,1.2837703602941453e-07,7.213882906309532e-08,7.15705678722596e-05,8.053784861239421e-10,7.182182658868608e-06,1.1424274843130355e-05,4.5697511809616315e-05,1.8062125798416068e-05,3.0146594555413575e-07,3.5721101665740773e-06,2.9921270973155834e-06,2.0854775269162074e-06,5.944398925780345e-05,0.0,4.120695526080992e-06,9.255068953578638e-08
513,1770702,10,5.335442741991048e-07,2.4901742854410713e-05,0.00081453098615486,1.5154496340596957e-06,0.00013319802416264515,9.247726498393116e-07,5.737394490404335e-07,1.223130156169372e-05,2.925475388673715e-07,2.3136191302369769e-07,0.001970475251960452,2.787990518681588e-05,2.5008350615363106e-07,4.844188856567566e-05,0.00011236304620211579,0.0025472246813826524,1.6324687341334743e-05,3.961284914692775e-06,7.744229201955832e-05,2.7677454001000246e-05,6.052876690226805e-05,0.0,0.00016873959005326428,4.733981256721531e-07
514,1343337,10,3.228759790918634e-07,8.879324693830681e-06,0.00010019952420621536,2.3763991674474738e-07,4.95570660443978e-05,1.296972654329931e-06,5.376859513184229e-09,3.341624173036628e-06,9.572710437943943e-07,7.118683584272922e-08,0.0020738911346762784,3.569850986762102e-07,5.2874434755822985e-06,1.4516259949595711e-05,2.7876248189492858e-05,0.0036578272945436557,9.117389155821609e-06,1.2289648599339564e-06,1.3103906782205299e-05,1.516695955916525e-05,0.0005071497457614926,-1.3821915278988683e-09,5.4461467779765016e-05,7.962240743258908e-07
515,1319614,10,1.9348449984551985e-07,2.55025600517933e-05,0.00022022704913169516,9.692716613357577e-08,0.0002231276536670268,1.9588524580865796e-06,1.4108214596575408e-11,9.523952173573491e-06,4.966122175986687e-08,1.0875475233568244e-07,0.0007496652092566294,0.0010989212394863085,3.7277725970646935e-07,0.00010774218752762632,2.237195878610626e-05,0.003936305907478413,2.3134484488235296e-05,8.292836218649902e-06,6.658398048687425e-05,3.853641501090632e-05,9.820851706251327e-05,0.0,0.0007480228718652199,3.745395945123353e-07
516,1643312,10,8.276240248683564e-10,8.065346665857287e-06,0.00029104217775635655,2.9215433869217433e-06,8.707441631027046e-05,9.989996124851186e-07,2.1184068962898372e-07,7.646691426027585e-07,2.073231289534405e-06,4.224023314874925e-07,0.0009078168412723978,2.060937188671369e-05,9.591298822872463e-07,0.00014689359777822486,3.82650958405395e-07,0.0020457513020499946,1.0497489352008504e-05,9.213945173572324e-07,2.4699915135865946e-05,1.7984854977150244e-05,0.00022469882240564593,0.0,0.0009418757434645555,9.000535934611253e-08
517,1933035,10,4.2182389123346375e-08,7.787218247956584e-06,0.0002537636578430619,2.5979705874368264e-06,0.00013335810186253239,5.630521068833438e-07,6.67598488907073e-07,2.0498431616555735e-06,2.1913738296464036e-06,5.379710567438023e-07,0.00199094902212775,2.28533141137105e-05,6.251815480584622e-07,0.00011968781014705387,2.252985885214942e-07,0.0014333833535411372,7.844206080326321e-06,2.2230192024685902e-07,2.8517967922706e-05,1.3756000969616933e-05,5.1986305440121505e-05,0.0,0.00032978812678753633,2.2728475708444495e-07
518,1308357,10,9.801120781013917e-07,1.5445764162153042e-05,0.00027126024918872754,8.066892976214823e-06,4.9812355041749246e-05,2.6999715518893908e-08,6.336785827315561e-08,3.90879849256065e-06,3.611098776723498e-06,5.928608443409034e-07,0.07154020622944829,3.364111407811593e-05,2.1916296176344163e-06,0.0001535122496637495,5.83695882082208e-05,0.0030636237397964894,5.337188525841863e-06,3.4340783619524196e-09,7.310240788348937e-05,9.981909354681018e-06,0.0005098560002955305,0.0,0.0009834506356057038,1.2019917826552873e-06
519,1336009,10,1.7260754964221192e-08,8.99911857928093e-06,0.001009966520325381,1.2954449290988879e-06,9.794998524391418e-05,3.093782711509341e-06,3.373793077895981e-07,1.4680843183900727e-06,7.212613870183349e-07,1.6217251994077309e-07,0.00532899960745703,8.053785416350934e-10,1.0300529389183077e-05,1.3463451967135609e-05,4.193819987674541e-07,0.004643056165638065,1.6727310392733452e-05,5.565868455542633e-06,6.704846082360161e-06,2.7910552043312886e-05,0.0011142221942545966,-3.780276272569161e-09,7.481626166166294e-05,3.5071618646048686e-07
520,1332819,10,3.2711203745705575e-09,5.623216469165249e-07,8.122394422951928e-06,2.2217411918198926e-07,5.834586495786706e-05,1.9911799327421154e-09,4.582948218839755e-09,4.795418033984311e-07,1.4399104145620956e-06,1.3007987908521257e-06,3.5881274313243755e-05,2.371762749187739e-05,8.466202680891544e-07,1.8318315308886446e-05,1.3094513209854775e-07,0.00021697445558207726,5.184438063923769e-07,4.12095398164003e-06,8.9404612403296e-06,1.3855675647517218e-06,5.384100060682601e-06,0.0,1.0359705238452421e-07,4.966510370324473e-08
521,1368530,10,1.1110130845523591e-07,3.0472646986995366e-07,2.7355330967423347e-05,1.001031062583535e-06,5.4398375468157206e-05,1.588952885780981e-06,1.0363074542420192e-06,7.999882093365218e-07,1.6893349696553428e-07,0.0,0.008766579282624518,1.0898155227562212e-07,1.2042328746381115e-05,5.097971043922442e-05,1.075882147221971e-05,6.503971906494238e-06,4.885885077961921e-06,8.469990361859026e-09,9.62023032152759e-07,9.742814371941494e-06,0.0002982554707626449,0.0,4.581980074105235e-06,5.3486769204663664e-08
522,1249805,10,9.850627975538373e-07,6.844420568086207e-06,0.0005946620512986556,0.00010657170787453651,0.00033092709782067686,6.650225259363651e-09,1.1620577424764633e-06,3.623063093982637e-06,3.9859151002019644e-07,4.4063199311494827e-07,0.06601311764097773,3.711320459842682e-05,1.8098653526976705e-06,1.3242242857813835e-08,2.2926920792087913e-05,0.001711602511932142,2.2473977878689766e-07,6.709160516038537e-07,3.681841189973056e-05,5.684996722266078e-07,0.0008277728775283322,0.0,0.0005691610858775675,2.1628511603921652e-07
523,1311394,10,6.923222210519775e-07,4.123143708331667e-06,2.124668106762151e-05,5.436878033143744e-06,6.621666216875821e-05,2.8718614969447387e-07,4.084394437789407e-06,3.146802707340579e-06,3.3160965178524737e-06,1.3429680871396288e-06,0.03798212135064176,3.433741804929891e-05,4.567252746001671e-07,0.0006051674802859675,0.00022111546155030581,0.00245519688848668,1.1862276463880939e-07,5.814256661490491e-06,4.083114225872375e-05,1.083070564539268e-06,0.0005456944851718465,0.0,0.0005345414752399302,8.630525897834751e-07
524,1301936,10,1.9998921377273327e-07,4.794419172865494e-06,4.583032835172446e-05,1.6081768161695098e-05,6.164864808245324e-05,8.26356344449386e-07,1.7947753689420698e-06,1.8822356634140558e-06,1.5804090045673513e-07,1.7952149489186553e-09,0.0013505617400928344,3.5919035401565935e-07,5.522516953238021e-06,0.00021403639326941087,5.4896566112350165e-09,0.0020043547389268085,5.430329247990695e-06,7.546167637983991e-08,7.449578852687655e-06,9.467567739049332e-06,0.0002706012058745419,0.0,0.00013502261309420588,7.239829064378811e-07
525,1332747,10,1.4348918241091635e-06,2.6210700392312325e-05,0.006267889473217478,2.6415796775342004e-05,0.00020168074892339127,1.487985815395998e-06,5.078961834437123e-10,0.00034602341536500714,4.577271839889541e-06,2.0828921842852566e-07,0.018384651113829406,1.6349839150608947e-06,1.166522036313844e-06,0.0008082659602574732,0.0012460870800098944,0.0051194036118494685,1.672713378306212e-05,6.0515710023079095e-06,5.745331050273361e-05,2.6529581124132284e-05,0.00106797686310231,0.0,0.01867595507649479,2.3699521080333685e-06
526,1248925,10,3.0209449548845857e-07,5.037198705891421e-07,4.1601824798606635e-05,3.571356403317405e-08,1.9937059681271463e-05,9.99888553142314e-07,1.1431254170329863e-07,4.6203124764651604e-07,2.59568146407374e-07,4.800810043947834e-08,3.918747020105126e-05,2.49975924588447e-07,1.7723310462139374e-05,2.550218964523024e-05,2.3618771001245042e-05,8.294452631903149e-06,1.5616805191659422e-06,1.232077549907784e-06,7.952097300863853e-06,4.53975758265765e-06,2.683251209981835e-05,0.0,1.8488699544717824e-06,2.697562173636925e-09
527,1876421,10,5.325672497204226e-07,5.482588074610939e-07,2.7228408579042795e-06,8.944207652294978e-08,2.77614577874237e-05,1.5626898582053739e-06,1.8714299490942e-06,3.684807907029797e-07,2.1171992691665364e-07,2.3138913868292477e-08,3.080236074398321e-05,5.9280814132881e-07,1.5920568920305828e-05,7.575985741248292e-07,3.956479058884327e-05,3.091367458213368e-05,2.7229076323062595e-06,3.968340443506746e-07,1.1155385100939524e-05,6.8368407831198574e-06,2.1715520709567754e-05,0.0,1.3322936938096192e-05,7.229791564034027e-09
528,1297365,10,5.093170329928398e-11,9.206996764987707e-08,3.918576112482697e-06,9.027280611917377e-08,1.2067408533766866e-05,7.92351784184575e-09,1.4741090126335621e-08,1.260850694961846e-07,6.811023922637105e-08,9.774084901437163e-07,0.003238948222133331,0.0009745079223648645,1.234948285855353e-07,1.1524170986376703e-06,4.28749990533106e-05,1.1663360055536032e-08,5.619949661195278e-08,5.630026862490922e-06,1.1696683941408992e-06,1.0929215932264924e-07,2.261658664792776e-06,0.0,4.4815969886258245e-06,6.766640581190586e-09
529,1531108,10,9.417181916215878e-09,1.9600955870405223e-06,0.00012499446864625702,3.027300047996062e-06,3.3951346243364655e-05,1.1676598604959398e-06,7.723101081574812e-07,2.222609152245647e-06,3.035786602934021e-07,1.994683307415812e-10,0.0005900042604361846,2.2748128145066993e-08,7.730144681826479e-06,0.00031364560310158385,1.300313795402075e-06,0.0009199091447785676,5.154568986781571e-06,3.460141464323163e-08,9.237036203285642e-07,9.493131680575473e-06,0.00014448181773131508,0.0,4.788792451578677e-05,2.887452940150692e-07
530,1371048,10,5.475915746643023e-07,2.9471435882000296e-09,0.0001428031518733719,1.6751767212969115e-07,5.929236874173405e-05,8.089231129104757e-07,5.720957996675768e-07,2.656479154775071e-07,5.480218181440344e-07,8.640168194795628e-07,0.0006320199300100075,1.3690072177694607e-05,6.760170254329484e-06,1.848930003194721e-05,3.142564277414106e-07,3.24026231906388e-06,3.68678419685603e-06,4.486084629225229e-07,5.558401929700585e-09,6.844445189883863e-06,0.00012409893161200586,0.0,0.0001779551859633667,1.3866571615256396e-07
531,1776135,10,1.5084515325725079e-07,1.4255056157708168e-07,9.292035247199237e-05,1.653563231229782e-06,2.106760803144425e-05,2.556771505624056e-08,1.6298145055770874e-09,1.6757257981225848e-06,3.5666744224727154e-08,9.773648343980312e-07,0.014300443406682462,2.9586473829112947e-05,3.6483106669038534e-07,0.00012835227244067937,4.76077402709052e-05,0.00021668222325388342,1.0229996405541897e-07,6.263901013880968e-06,7.3445262387394905e-06,2.367887645959854e-07,7.045104575809091e-05,0.0,2.9618400731123984e-05,5.570473149418831e-08
532,1323106,10,5.92292119084778e-07,7.506979965998112e-06,0.00013923928626779526,1.954395863028313e-08,1.3158798392975957e-05,2.2037279559516953e-07,1.5651612265098203e-07,7.805701333334775e-07,1.3652711346179291e-07,2.6245383592856525e-06,0.0005885472634043435,1.7472610142271056e-05,1.74260199443943e-06,0.00015375968969924547,6.655938124386709e-06,0.0005148359709421998,2.4966565426391e-06,2.3716981334059167e-05,6.759624891954433e-06,3.2758415139718527e-06,1.2744243293510635e-05,0.0,0.0001449613381582504,1.290405186003818e-07
533,1948484,10,1.9611015604770188e-06,3.960441371735068e-06,1.7685198755862386e-06,6.707924829575662e-06,8.219859459881323e-05,8.839555967754542e-07,2.3790639053708484e-06,2.0468032701642658e-06,1.1661394551457094e-06,1.2550296021179852e-06,0.00014018595259223526,8.761565429164786e-06,1.3395082359611565e-05,0.0001926545172565089,3.0470330326728967e-05,5.7555851848412054e-08,1.1878942977328055e-06,3.0271564095407655e-06,1.443972965180923e-05,2.5625461477565836e-06,0.00015425647574566353,0.0,0.0005517806469194572,7.130229914345532e-07
534,1318661,10,1.3430406992573363e-06,4.759344461417736e-07,0.0005184702739813862,1.7489804443604484e-07,5.717900722788244e-05,1.561336311989292e-06,2.0038227859300872e-06,6.814307480645931e-07,1.2535724076383203e-06,7.926382426248768e-07,0.0006340306897351586,9.486519925647197e-06,1.2038380943251575e-05,0.0011710074664795476,1.7638024983068074e-05,9.662827392362475e-05,4.750424999557662e-06,1.826027649053097e-07,3.762679031332067e-06,8.619796396745066e-06,4.610242550191074e-05,0.0,0.0002582441802712922,4.7214151790292425e-07
535,1921361,10,5.172650849316618e-11,3.837080442235796e-07,4.750265895220318e-07,4.478804312146867e-07,3.795363315283601e-05,1.6169256888270978e-08,1.0032516831182114e-10,2.0776050827751857e-06,6.66189290225716e-08,2.3981262244412993e-07,6.915799093350217e-06,2.0162404291632074e-07,7.128131633300089e-06,8.268202476846565e-10,7.849892681129414e-05,8.293835111153336e-06,2.8108469374982237e-08,7.506422285752379e-06,1.1443370384715823e-06,1.2604167982203929e-06,1.7056359144007605e-05,0.0,3.0469289922264997e-05,2.457593971313954e-07
536,1309330,10,4.6551917876058724e-10,8.322371598978862e-06,0.0008469129033841227,8.32970059860827e-06,0.00010817276557162359,4.777235226072207e-06,4.0613037555203846e-07,9.962475587599329e-06,5.9334880120331945e-08,8.382654925753741e-08,0.006908359009919707,5.154423377007333e-08,1.2962352542444933e-05,6.718365629865275e-05,7.694881670516907e-05,0.0030411303746618046,1.66086604806992e-05,7.534139129461437e-06,1.7436087134115041e-06,2.9770703264375697e-05,0.0017158515689033038,0.0,8.27169493504698e-05,2.4031130863022554e-08
537,1329312,10,1.1879941963829216e-06,2.495946697529325e-06,1.9316989703452997e-06,2.496007854969548e-06,0.00015307320346795092,4.3516353713350664e-07,6.808092439386515e-07,8.933137011536696e-07,3.5742547421779847e-08,1.345910851786175e-06,0.000305550793862356,1.1492180266709645e-05,6.401124002068659e-06,4.3824469874623184e-05,7.413171442358958e-05,2.3039852607870462e-05,6.398497285099725e-07,4.202799571655438e-06,6.451260965814262e-06,1.4688264293235415e-06,7.849972044763308e-05,2.158312070732471e-11,3.737703844347573e-10,5.23664124571846e-07
538,1256570,10,5.630069063299742e-07,4.7636629806578623e-07,1.9947097073050313e-08,1.1455894806770839e-06,4.790261111657472e-05,3.7233001871743443e-07,1.543276774550878e-07,1.8005506637747137e-07,2.2096829314921518e-07,1.1453585576949588e-06,0.0010017223773173389,1.40625893305657e-05,7.290118844770904e-06,3.745505044828318e-05,2.5599380546401096e-06,0.00020334785018699328,1.2323019275509856e-06,2.75530970118322e-06,5.934374811174259e-07,2.50123919042812e-06,5.65505192786208e-05,0.0,4.9288477272264875e-06,1.7701699472037757e-07
539,1835110,10,2.5080375161586066e-07,4.081527114166081e-06,6.336175976928184e-05,3.0979150443845305e-06,3.6371893399759006e-05,3.684722708723054e-08,3.227398728163078e-07,1.560031084001101e-08,5.7699772669853044e-08,4.102561157459661e-07,0.00015400848709063233,1.214838103030802e-08,1.2110816996469681e-05,4.802604338372159e-05,2.391246411551952e-05,0.00010983064788889531,4.7677384604205564e-07,1.1560405073274271e-05,1.4822806515756362e-05,2.479783594151047e-06,5.062762206973007e-06,0.0,6.052247434299926e-06,7.210806458879393e-09
540,1292823,10,5.252101365968431e-08,8.929829433540482e-08,2.16098352892255e-06,6.724018928837283e-07,5.357150088598078e-05,4.48324845161302e-07,5.401593535375726e-07,4.226029874376813e-07,4.173143493962916e-09,9.533484279788951e-08,9.940069212361485e-05,8.948649460327474e-11,9.609923705904133e-06,2.819570370495364e-05,8.353900124736732e-05,1.2960068214482034e-05,7.394723463942376e-07,2.3409946028132844e-06,2.189713706780838e-06,2.767202671248581e-06,3.203502996363891e-05,0.0,8.468217273478046e-06,1.0700168510263675e-07
541,1770442,10,3.839091148039042e-07,3.6976321286102953e-08,3.283383937692855e-05,1.160854558729385e-07,4.880134056533744e-05,7.574002218596609e-07,4.118793647152341e-07,4.966006099393905e-09,2.0232865862238048e-07,8.104501254893592e-07,0.000965966792740254,1.4364564135747881e-05,3.534925456433191e-06,3.260415357994248e-05,5.026771291124013e-05,8.52744680373066e-06,3.6871932000519247e-06,4.6273474738067755e-07,1.67698952186629e-07,6.773224687884466e-06,1.2999926689918895e-06,0.0,0.00026276431303637673,7.61662591781953e-08
542,1432017,10,6.73897484412822e-08,8.880566980229432e-06,0.0009320786845688211,8.390285293424088e-05,0.00023014689687223672,3.2399352957734884e-06,1.1347061287525495e-05,9.94844613931567e-07,4.324172764511025e-06,9.969783507091101e-08,0.0019079431763708021,1.4285734078058054e-05,4.881107760201786e-06,0.0032741284036646584,2.2563026237931716e-05,0.005136586821635418,2.208698517285751e-05,7.126256927399155e-06,1.5759685266486523e-05,3.6996070264874725e-05,0.0030415213134695612,0.0,0.0031002593614092855,4.451416922568452e-09
543,1277715,10,4.0365524773405825e-08,1.0361301148661961e-07,0.00017875701599504024,9.815183508142533e-07,3.389723060122363e-05,9.420506003575413e-07,3.741327445870579e-07,1.4132211480916146e-08,3.250341214407204e-07,2.6538422279176466e-08,0.00020678473620184754,1.2795358640682597e-08,1.2816557608749668e-05,4.788638011029439e-05,3.600070206457445e-05,1.4822849626918572e-05,2.656529763146731e-06,3.717041780967878e-07,7.410085778730702e-07,5.857001181164279e-06,0.0004177933882138947,0.0,9.331541302448967e-05,8.604944214465893e-08
544,1265011,10,7.577571900299618e-07,5.429404721011416e-06,3.1358925704425e-07,2.0264102599740208e-07,5.6148387215210205e-05,6.911051252111999e-09,1.5575830005255809e-06,1.323660252655623e-06,8.31651141702805e-09,2.0447552064595254e-06,0.0008020234321657188,1.5209842103347526e-05,1.2952088751516655e-07,1.4516010805602081e-05,1.931955198930524e-06,6.938950486360534e-05,6.087078414061808e-07,1.528837753643139e-05,6.917498104382774e-06,6.249153121952455e-07,8.105082524474672e-07,0.0,1.0758608491354127e-05,1.869241670025834e-07
545,1291408,10,1.345811049852097e-06,1.2250297473976116e-05,0.0001651228592021263,2.490072352844333e-05,9.266425948106956e-05,5.268469425480371e-08,1.5270995507195295e-06,8.875012296200718e-07,1.2915214523886998e-07,2.5596358688532994e-06,0.0029506627200123967,1.3249773751994667e-05,8.409995974760151e-06,0.0006723652786017626,0.0005062502901857554,0.0016305451892442927,2.3718755959301063e-06,2.3522523865424777e-05,2.1159374862033536e-05,2.9766836178880124e-06,0.0008352093657984904,0.0,0.0020784484760712416,5.182538694355893e-07
546,1658072,10,1.5646946849301457e-07,2.6406123652122915e-06,3.7458434235304594e-05,2.4410837795585394e-08,0.035805987659841776,1.6661942936480045e-08,1.896842150017619e-08,4.3612089939415455e-08,1.5279510989785194e-10,1.3087119441479445e-06,0.0007479972846340388,1.836342562455684e-05,6.080008461140096e-07,5.6180040701292455e-05,3.465436748228967e-06,0.0003107054653810337,4.951434675604105e-07,1.1339237971697003e-05,1.0504809324629605e-06,1.0197109077125788e-06,9.409007907379419e-05,0.0,0.00027291600417811424,1.5861587598919868e-09
547,1593067,10,6.245762622716922e-07,1.2816320319984642e-05,0.0003218421254327086,8.631637164885353e-07,2.971058537893506e-05,1.0886172677887496e-07,4.7590327827140566e-07,3.607416013615139e-06,1.959668401066428e-06,4.212124724081723e-07,0.0009603811554119296,3.0912584155239065e-05,1.4529353576514525e-07,7.293122797868284e-05,0.00020363252357052247,0.004588709360698391,6.2990276360821995e-06,2.9756662661695188e-08,6.288383443451423e-05,1.1376907944178616e-05,0.0002265009974101867,0.0,0.0002608208657793251,8.985119299004252e-07
548,1278602,10,4.7389740535225267e-07,1.1970494787412467e-05,0.0001907139833429647,4.364766929665365e-06,2.5823727830880105e-05,1.9930156316266823e-07,6.362101388907027e-07,3.6237508901915128e-06,3.0271411076282506e-06,3.9403232691970214e-07,0.0004468995503124906,2.9051418529976725e-05,3.7612917191051642e-06,4.408714048589196e-05,7.21287688021377e-07,0.0016638232949782727,7.074278684904289e-06,1.1538924990506239e-07,5.595041591796579e-05,1.265564740789149e-05,9.192511046113294e-07,0.0,0.0002862839466621636,7.665401446366182e-07
549,1336150,10,2.001113688643308e-08,8.881029009241703e-06,0.0007230700829244929,2.720352708859841e-06,8.311041080463766e-05,3.5718046625249356e-06,6.133320664403197e-07,6.967315346245728e-06,1.231550136038262e-06,1.3524943898168829e-07,0.0064432713614798465,1.512321712304754e-08,1.142390384044345e-05,1.560230724470535e-05,5.431459213836587e-05,0.0036650928197449473,1.892233903398599e-05,7.127805936590903e-06,6.45247606306798e-06,3.1596356217786226e-05,0.0016451142347404385,0.0,8.29472672719822e-06,2.703023548322747e-07
550,1919042,10,2.069059854004074e-10,7.927213047861925e-07,7.191041839916396e-05,4.795106486286949e-06,3.332609884609816e-05,9.611039256743337e-07,3.082406847335073e-07,6.081834551668885e-07,7.059415463098184e-07,1.3390377043287494e-08,8.8359992525891e-05,5.727135495015023e-09,1.115456815433541e-05,8.779693389903559e-05,2.822487417099284e-06,0.00020078792615081664,3.6482227300932424e-06,7.220394175611045e-08,5.196298536597199e-08,7.178127015082525e-06,0.00011685667010285367,0.0,8.4639046375172e-05,2.0389648579949293e-07
551,1326216,10,1.0473740985617042e-07,6.990812835283577e-07,0.00012263287499081343,1.9106664694845676e-08,3.794884105445817e-05,8.60018189996481e-09,1.663283910602331e-08,3.332970663905144e-07,1.6007106751203537e-10,1.2466625776141882e-07,7.728031050646678e-05,2.9001967050135136e-08,3.886081685777754e-06,1.062006049323827e-05,1.854688161984086e-05,1.3202225090935826e-07,4.089088179171085e-09,2.393739123363048e-06,3.5583798307925463e-06,9.894574759528041e-08,1.9870640244334936e-08,0.0,1.677835825830698e-06,1.8917489796876907e-09
552,1295315,10,5.453028915566871e-09,3.257386652980032e-07,3.423223026521524e-06,4.6318110261296674e-07,2.9286376057148858e-05,2.927266366161557e-07,3.5210086226852844e-08,2.1094478388876403e-07,1.4884243683174064e-06,1.823755741005989e-06,0.0005958482284701191,2.500113127829745e-05,3.48649851076438e-07,3.0630111456219494e-06,5.913688981892644e-05,7.576169110783126e-07,5.932183028429378e-07,1.4669745707256501e-05,2.4658808624906936e-06,9.341205715711343e-07,1.2998966228121994e-06,0.0,4.285550239947061e-06,4.779819860051271e-08
553,1258906,10,6.347433849709927e-08,4.043245279902741e-08,7.933503078233484e-07,2.369091964271597e-09,1.9247251756188827e-05,9.801034348867754e-07,1.3386899040679356e-08,1.4773266837284083e-07,2.60782227746309e-07,4.4238007004121505e-08,4.409891295721613e-06,3.031092347255404e-08,1.3469309549787173e-05,3.0031280782369385e-05,1.2602983430667208e-05,4.475639026759945e-05,2.5939181157660918e-06,4.111337410170335e-07,1.232404883713678e-06,5.813056317308801e-06,8.77980729619976e-05,5.338467411186709e-10,2.0704223403847366e-05,1.0226267661492261e-07
554,1248677,10,9.036578041757282e-08,1.6384510707588562e-06,5.256338281616618e-05,2.0742877913978303e-06,1.7302562258073723e-05,8.418802771234524e-09,3.698727320256001e-08,4.327575685934837e-06,1.0435946950354547e-09,4.362806965540339e-07,2.034070367828468e-05,5.765751077968506e-08,9.85954088141526e-06,1.2320922875669674e-05,4.422281817128074e-05,5.098023931821016e-05,3.144082546032573e-07,1.0368582777359539e-05,5.569492089737421e-06,1.905207027591213e-06,0.00022440033895101963,4.061714714564957e-10,6.150570412638903e-06,1.0030695740854967e-07
555,1291254,10,4.864496131046225e-07,1.4135678089860493e-05,1.7924454850937188e-08,1.3910323448246276e-06,4.688093423108053e-05,1.686791487653938e-06,1.7061767930426353e-07,1.9719551918401246e-05,1.3660163965117933e-06,6.768782999377887e-08,0.0029855258704392373,6.21586606588953e-07,3.495942217407455e-06,0.00016179664759856383,1.7925973298110742e-06,0.004802488502672619,1.3984414110948529e-05,3.996007023360226e-06,2.7561180037244393e-05,2.2678226562405923e-05,0.00033525319383632957,0.0,0.00039164470295822984,1.3440407775899832e-06
556,1773049,10,7.2479691484717e-08,2.402337756141071e-06,2.219505791935597e-06,5.6166933237542654e-06,1.9683710633881107e-05,6.240100756983724e-07,1.2697403545258723e-10,1.4915390526316907e-07,4.798808044513547e-08,2.2793512857843118e-06,0.0004418405070169308,2.4107691458699967e-05,9.796968004020107e-07,5.3814355093669e-06,1.8403313210261715e-05,1.0808447218485506e-06,2.689021853812326e-06,2.391128861328924e-05,1.1942802628783777e-08,3.859786698479084e-06,0.0001336326313172674,0.0,0.00034782215538544,1.3513419118080239e-08
557,1432027,10,5.8745130718240723e-08,3.574591460560328e-06,1.1157313779559114e-05,7.2376332676642174e-06,5.4560529868890456e-05,1.5339984046902622e-07,2.5413571809115854e-07,9.33717612332241e-07,1.5389096380616363e-06,6.109922333387419e-07,0.0006012318061305762,2.4110297777549944e-05,3.2595202012486446e-07,9.120172409828736e-05,2.591049553969313e-05,0.0011356891613521457,3.536657906727525e-06,3.9933323952440203e-07,2.162386655500323e-05,6.644368553406638e-06,2.704063062898901e-05,0.0,0.00013409691617319308,1.940111008340295e-07
558,1328016,10,3.726719627339392e-07,6.855331446953272e-08,0.00012611483603991794,1.771511567612294e-07,5.496979390274409e-05,6.579409632806454e-07,1.8823174731050218e-07,2.357963336113711e-07,9.033541756679753e-07,7.932117861951526e-07,0.0005175638257857648,1.3617253523421496e-05,7.4529466866854466e-06,4.788810200875848e-05,1.0218275908573105e-06,1.7702962911529674e-06,2.6251873926907976e-06,1.0623377243099141e-06,1.2407211551906938e-07,4.986422244262351e-06,6.368024660831709e-05,0.0,0.00011046027805603972,1.3625462203306626e-07
559,1254356,10,8.40656489142777e-08,3.617449546161611e-08,4.285750135783056e-06,2.9156716471745447e-08,1.2655908142381045e-05,2.9037828665895438e-08,2.4809477210466224e-07,1.7727161384650802e-08,5.187914965051887e-07,1.1240375234859712e-06,0.005446440380981219,1.927202905394748e-05,5.777173889172371e-07,8.703196262317692e-06,3.169710325932884e-05,1.1883492988355726e-06,3.3677899317907656e-07,5.018113628074694e-06,9.803617674331022e-07,9.159442181660982e-07,5.046351090956525e-07,0.0,1.295991634830268e-05,5.516791884430106e-12
560,1314554,10,1.2931624868151026e-09,2.4642575560951396e-06,0.0001190279776137268,2.4958117364470844e-08,2.2394792638984196e-05,7.90961783216082e-07,3.9075089068030255e-06,1.9957342178161808e-07,1.2534771225980457e-06,4.202168665604078e-07,0.000692214160734575,1.8230548455039353e-05,3.5998322886476863e-07,5.624922153350809e-05,3.0137792802219232e-05,0.00045924294519494174,6.706633673220219e-06,2.7927624213219815e-08,9.73388081832588e-06,1.1792569171290013e-05,1.288680590978003e-05,0.0,0.00041493506455205637,5.905742332668051e-09
561,1257040,10,1.0255014882588898e-07,4.226451021677874e-07,1.3395800377539666e-05,1.1661288058413544e-06,1.78742691391634e-05,7.705076682587575e-09,4.508882987461216e-08,2.5965004677060144e-07,3.0254702843360293e-07,1.3922188552440568e-06,0.0026399044821994837,2.0160207652173204e-05,2.190071736740684e-06,4.2249421623610436e-05,2.3136214824181003e-05,1.4899713249288266e-05,1.5935446677495246e-09,8.939546965529635e-06,3.018158823003825e-07,1.271814378447228e-07,4.0896630462521066e-07,0.0,7.051944736526095e-07,1.351270137450733e-09
562,1261503,10,2.118644003845649e-07,1.2992010911226648e-06,1.440036272067069e-07,1.544057302155233e-08,2.64676553144369e-05,8.802007131838985e-09,2.581282240680244e-07,1.0031256428982838e-07,6.894582209246436e-07,1.5139884773397727e-06,0.00010857686443795957,1.866320866664682e-05,1.1022217148264069e-06,9.548353018378267e-06,4.108793991149627e-05,1.7689344394833384e-06,8.530286683267052e-08,1.0890100261229385e-05,1.6887387430455925e-07,1.1627451657579557e-07,1.441153931146938e-06,0.0,2.7886534545822073e-06,2.2370346380862216e-08
563,1256765,10,1.2419559425325133e-07,3.744871719391085e-06,7.532752306360635e-06,2.5356391688546864e-06,1.7859331592262606e-05,4.6025888877920806e-08,1.282214725506492e-07,3.034188466699561e-06,3.568493411876261e-08,4.987441570847295e-09,0.0008429712715951609,3.4398613024677616e-07,9.340046744910069e-07,2.619697283989808e-05,5.709586503144237e-06,0.002517356577754981,1.4049851415620651e-06,6.816032964707119e-07,5.890947250009049e-06,3.4217034681205405e-06,3.749030838662293e-06,0.0,0.0004793815239736432,8.211259228119161e-08
564,1256933,10,1.9309824082422433e-07,1.6536440244907524e-08,8.372290944410471e-05,8.279674278688365e-07,2.0000172632848173e-05,7.2326365006814e-07,1.2843366192782923e-07,6.557091795506009e-07,4.363599496806647e-07,6.400679886039984e-07,0.017988176599643763,1.436335289400556e-05,5.0632161923448715e-06,1.715995964501199e-06,2.9921268046156912e-06,3.0140252809361667e-05,3.4600226610989604e-06,5.630547053811497e-07,1.3601657431611125e-07,6.368490296934648e-06,0.00017902416294956341,0.0,0.00021579689261331733,7.75814833972599e-08
565,1324562,10,1.0134514921711357e-08,2.6524527890064986e-08,1.062809207098142e-05,2.1235827560653342e-07,2.0896011530616154e-05,6.773114146624293e-08,5.990355481447218e-08,2.9056439487806784e-07,3.84972586264104e-07,1.3458251327917725e-06,0.0047320644648146774,2.352344810795451e-05,7.059655544282284e-07,4.770828482270062e-07,6.3511638807266235e-06,4.6277068834268964e-07,1.4939830799559628e-08,9.364449888537435e-06,3.349508777585747e-06,2.2363749904025232e-07,6.051894302520899e-06,0.0,8.104731565594658e-07,3.579495639824404e-08
566,1276546,10,1.514674239679048e-07,5.93076905607004e-07,0.00015575012501075833,1.1445424652964387e-06,2.617512924554463e-05,3.59681058770267e-07,1.057921330378797e-06,1.0618283605573486e-06,1.447985706996835e-07,2.394323113455443e-07,0.00010403938964015369,1.4503643036567482e-08,8.179673311063673e-06,1.4516622464075951e-05,5.715400321350261e-05,1.4364327033684204e-05,2.600561253042477e-07,3.880406261817099e-06,5.474504714088335e-06,2.112798974256841e-06,3.2035407078547656e-05,0.0,1.8767607115610652e-06,5.8512362653001526e-08
567,1935471,10,9.804794749868756e-07,4.367893672271514e-06,4.0449288493124916e-05,7.221854662342597e-07,1.868410909152199e-05,3.601000808026167e-07,2.073339956424128e-06,2.8435462943281198e-06,1.464403687329724e-06,1.2320796662721595e-06,1.2773661964456118e-06,1.0304190849054484e-05,1.2180225730530278e-05,3.2041676065706903e-06,7.022473678898293e-05,0.00013900426047734095,1.847563504877442e-07,6.299639996733969e-06,1.3542593305949577e-05,5.810523336299833e-07,0.00021992884559301866,0.0,8.500858687427934e-05,1.419300009880553e-07
568,1260113,10,1.7473173982707202e-07,1.2675700401164336e-05,0.0005031070550390038,1.3708788061811417e-06,4.595154810115715e-05,2.163801948527888e-06,2.404413804724115e-07,3.974316369233233e-06,5.289034973939011e-06,4.081838627517653e-08,0.0020848350635148186,1.95382886601439e-05,4.775009731575186e-07,3.3061368731525376e-05,1.2179927088476483e-05,0.0019829194831704477,2.033912658454956e-05,6.199600887074608e-06,3.806763756791093e-05,3.401918920097752e-05,1.0624869200420717e-06,0.0,0.0008904249143971629,2.912481350259011e-07
569,1251552,10,5.332659507618909e-07,2.3413950140938056e-06,3.124831945085574e-05,2.2117556760375967e-07,1.6971293933770726e-05,7.573049538682486e-07,1.9379982964563836e-06,1.6843741314567784e-06,3.972412556396687e-07,2.8149107778388527e-07,1.0824104845041926e-05,4.90006885140587e-07,1.2816328635485708e-05,2.5601288806201272e-06,6.872493980068783e-05,8.703303297403348e-06,3.601130317727741e-07,3.534810269729266e-06,1.9713659952656087e-05,2.98600463925075e-06,3.0030792618873647e-05,0.0,1.1425081412778232e-05,1.7945483814230112e-08
570,1255312,10,5.8336299530586944e-08,8.872054861608358e-09,2.520100273455811e-05,4.039006175349247e-08,1.1553148426379778e-05,4.0242882567986804e-08,1.1607775665355147e-06,7.919068466255563e-08,5.779797793460661e-07,9.80445234499694e-07,0.000582256528948253,1.9360136930008515e-05,1.0223075198184661e-07,5.018281981735567e-06,1.0176489323211052e-05,1.06927714780998e-05,4.624648699165512e-07,4.452794105193336e-06,1.2549131854014406e-06,1.1650397818245561e-06,1.624094889284e-05,0.0,4.6321513173450124e-07,1.241277219898862e-11
571,1295592,10,2.5251457135347377e-08,3.2077538333896705e-08,5.775950130369745e-07,3.9796273837086615e-08,1.3621022286299661e-05,1.3819851339691436e-08,1.5675811343429658e-12,3.699369321829432e-07,9.600453763167899e-07,1.166110712116919e-06,0.000396407436463549,2.1996030846214293e-05,1.3926110696560468e-06,7.022611954740979e-06,2.5200026566167197e-05,8.945733358939334e-08,1.2388398669752054e-08,7.783731834267588e-06,2.3399849583705806e-06,2.6472345558518906e-07,1.253092419248314e-05,0.0,7.39763854404156e-06,4.450017118684535e-09
572,1331836,10,2.3171624653761658e-09,1.8185828537520266e-10,1.0286213731475202e-07,1.3460206176249545e-06,1.3988515301145005e-05,5.040870630253214e-07,6.270324537371863e-12,1.083007069396097e-06,4.900489166508037e-07,1.513223196466379e-06,0.0007155626927957161,2.894465807726579e-05,2.9194078446370675e-08,1.697454825605113e-05,2.7223204205097107e-06,2.016060798040384e-05,6.561010748584728e-07,1.4668504199118887e-05,8.702072862576404e-06,1.1671696055481906e-06,2.2089859969542935e-05,0.0,1.9323804367581132e-06,1.8270241452719715e-07
573,1324790,10,4.65538475824534e-10,1.5379843228691126e-06,5.580277510339876e-05,3.0972206811891168e-06,2.5246412560318843e-05,1.2762729890355984e-06,1.176384943069042e-07,4.772349841766776e-07,3.2706929641718174e-07,2.4924248470670207e-08,0.00023716123249935273,5.727135363176039e-09,1.056189307141464e-05,6.922314905298543e-05,2.125354890311626e-05,0.00044015974304892347,5.477536259144988e-06,6.288700313272777e-08,6.083347117713522e-07,9.99176928052209e-06,0.00010302205089082056,0.0,0.00036176216082880325,2.461346363599737e-07
574,1247022,10,1.0342864803503105e-07,3.6489877618117728e-06,1.4746560937480002e-05,4.927702000001588e-06,1.9507022811018904e-05,1.3628374703755775e-07,3.746012730565518e-08,1.192367680175055e-06,1.7957617210323518e-06,4.481231317202128e-07,0.03666076503091477,2.4900576688788312e-05,3.042677059958421e-07,0.00011577734300247111,4.984351703576223e-05,0.0011662218038673844,3.6869869051922577e-06,3.355935825621881e-07,2.470251876237478e-05,6.889196479641091e-06,1.664628126184925e-05,0.0,0.0001490834034312688,2.301133752435902e-07
575,1334423,10,1.8621538200314092e-09,6.708562377277794e-07,7.375834426212591e-08,3.423144214323437e-06,2.5418434408584767e-05,2.3837254103237226e-07,2.292892764731158e-06,2.3741411621126807e-06,8.087092737869839e-07,1.6891066131202725e-07,3.352322669185337e-05,3.4695417574712173e-07,3.999694534097958e-06,3.7233641672143603e-06,7.67341078934669e-06,5.867354541034056e-05,1.1441251679053521e-06,1.5114553586492718e-06,1.1439742842421496e-06,2.8422870875684236e-06,5.012687008462344e-05,-1.0981095754925008e-09,0.00016205129787884298,5.04570485334449e-07
576,1450026,10,2.210009853158973e-07,1.638433924536914e-06,2.28035775266984e-06,9.043964195598608e-08,1.104621322486378e-05,2.5243268570937505e-08,3.068877274869236e-06,1.8002734334526815e-07,1.0808255088163438e-06,1.415207201422089e-06,0.0003111691373436764,1.8576391933975908e-05,1.2770350305106593e-06,5.0409825953268844e-05,1.8767704501980453e-06,2.9186868382227726e-07,2.5039808253767004e-07,1.2531041341518404e-05,4.764289051190085e-07,2.604783366291774e-07,1.931071479929769e-06,0.0,7.672946543113221e-06,5.006964811510306e-08
577,1250357,10,1.850983296566855e-07,6.402777678396476e-07,5.183997619781153e-05,9.071403868007866e-08,1.8378694055024708e-05,5.7281510677104075e-08,7.153540517237933e-07,4.583838896302095e-08,3.253592500973568e-07,1.0198714024169109e-06,0.0003771359116939259,1.664706308354691e-05,7.39865075875118e-07,3.0802689232382885e-05,3.2758429640636355e-06,4.368427825342247e-06,1.6863584771653617e-07,6.051839606897869e-06,1.8528008143697816e-07,5.352194445626401e-07,8.644388665286079e-06,0.0,4.3543466480763793e-07,4.348758330524616e-08
578,1302915,10,4.8060482753242706e-08,1.818582888446496e-10,2.787823176378032e-05,2.4942247163484144e-08,1.0716867565385008e-05,1.0825813350628932e-07,2.243785325699299e-07,1.7834113586953637e-07,6.883037966982919e-07,7.916526520504452e-07,0.007109864172834952,1.8318209529480378e-05,3.8383186734547436e-07,7.441381198736163e-09,1.190284902108027e-05,1.8495362405467064e-06,8.838878966764552e-07,3.239453371054607e-06,1.0610108866319912e-06,1.954028952966952e-06,5.198525786957037e-06,0.0,4.5366269671859305e-06,1.184504060808278e-09
579,1397029,10,1.2931195669807494e-07,4.823195922654122e-07,0.0001906883844640106,2.6320776669308543e-08,0.0004195612564217299,8.603819878771901e-09,7.275957614183426e-12,5.471447366289794e-07,1.0331859812140465e-09,2.106789906974882e-07,0.0001505385953350924,2.013257471844554e-08,3.9295118767768145e-06,2.3243646865012124e-05,8.243059710366651e-06,6.51889422442764e-08,6.231857696548104e-09,2.2550048015546054e-06,3.1889394449535757e-06,1.0954681783914566e-07,6.2040599004831165e-06,0.0,1.0052928701043129e-05,4.631147021427751e-09
580,1307830,10,5.041642507103844e-07,2.69015164467562e-06,1.9536797648668155e-05,1.416255415716966e-06,4.503161403534087e-05,2.6084209416021853e-07,1.8418732596059417e-07,2.11723245396693e-06,4.769763338255406e-07,1.040973022068195e-06,0.0003087055267064903,1.1972224859331526e-05,1.017634348665468e-05,1.0497932087367295e-05,2.8944689987219635e-05,1.9802570544626488e-05,2.0337946317165734e-07,6.052482204832801e-06,7.398809650647348e-06,6.108864039136574e-07,1.4288759003734317e-05,6.642635712317269e-10,3.8688610294247694e-05,4.048914404829185e-07
581,1315950,10,7.054858846416989e-07,4.326368260672633e-06,0.0001830609550463446,2.0452039782986597e-06,0.00016890518220777362,2.701345896676671e-07,2.2139064203945125e-07,9.92287997601815e-06,1.0100196330339872e-08,1.145043403311466e-06,2.3040057098433833e-05,1.0758304690680273e-05,1.204064428968546e-05,1.0608407601531145e-06,6.955550299862431e-05,0.0003308759941956941,6.229589262669866e-08,7.3979066354014356e-06,1.332225089769809e-05,2.952984109270279e-07,0.00011003998249514702,0.0,0.00011556275309445273,6.14167753813788e-07
582,1318235,10,6.791135020653427e-08,4.5464562670183284e-11,9.486742091322983e-05,1.9047349276817005e-06,1.1386365441044127e-05,5.62173339557076e-07,1.4914166450198663e-06,2.778869706371312e-06,2.3020220530842184e-07,2.116723966175127e-07,6.90572688609517e-05,0.0,7.022490941647336e-06,3.8026249747358243e-06,3.375713299225494e-05,7.223425560025365e-07,1.2771147615935063e-06,1.4642897502650798e-06,1.232048737469238e-06,3.610118650451688e-06,3.726593148685453e-07,0.0,0.00013110218360848358,1.4213329761064708e-07
583,1265281,10,1.0486218075811404e-07,6.708352795717354e-06,0.000821971267117888,1.7448607490255785e-06,6.500164985967505e-05,2.5277851245231187e-06,1.991326170139307e-06,1.6387327930522666e-05,1.2554978972151298e-06,1.0176132284045458e-08,0.006358470924032897,2.0312642942665882e-08,8.700837612188317e-06,0.000672364886299931,0.000508502700336172,0.0014961449613746514,1.4290977777539626e-05,3.962053750569683e-06,8.008260576702897e-06,2.3764927314789963e-05,0.0006416123341901475,0.0,0.00475548314826689,4.202130071684351e-07
584,1848198,10,4.0534359868615866e-08,4.6544300857931376e-08,4.386092768982053e-06,1.6207923181355e-07,1.1355041351635009e-05,5.7596480473876e-08,2.408778527751565e-07,4.895046004094183e-07,1.2536474969238043e-08,3.3694959711283445e-08,8.226415957324207e-07,2.0620791474357247e-07,3.2241878216154873e-06,8.771727152634412e-06,3.031673259101808e-06,9.72047564573586e-05,7.041380740702152e-07,3.4269760362803936e-09,9.134819265455008e-07,1.9298968254588544e-06,0.0001278544368688017,0.0,0.00010618405212881044,4.0236045606434345e-09
585,1331700,10,4.604848600070488e-07,1.2808983201481605e-05,4.001069588990824e-06,7.396153798855387e-06,2.2856102360413466e-05,1.2933118467423066e-06,3.3625452788149657e-06,4.1459588286912874e-05,1.1675044692127656e-06,3.1914933473764506e-09,0.0015342919517178227,9.766428086255274e-07,2.1564159607412314e-06,7.241817769183811e-05,2.520095200898853e-05,0.005136583523934091,1.2387967752200413e-05,3.0646089674429833e-06,3.305564946269601e-05,1.9976444196947996e-05,0.00029171907849409595,0.0,0.000296525162473818,1.6828282820013918e-06
586,1264512,10,9.731724151182397e-08,3.3433692966933215e-08,0.00022111809588268652,1.4895833013832405e-06,5.767939431407937e-06,5.78487435988484e-07,1.097186577200121e-06,3.607650361843462e-06,7.965635060586118e-08,2.3051334995319306e-07,0.0001971230763915255,7.427424102840474e-09,8.18102444044913e-06,0.00010060103477743318,2.9592653143749315e-06,4.160236211105464e-05,1.0815074037058559e-06,1.7428997644008959e-06,2.2804309016584423e-06,3.3861156841577533e-06,4.2256813750224387e-07,0.0,2.0451303039299706e-06,1.0789043071099402e-07
587,1878334,10,8.481589540143553e-07,1.6648096580654248e-05,5.712545358076138e-06,9.609868819801526e-07,1.9225529339167435e-05,2.9191495024005754e-07,4.0172606321359217e-07,2.8549017960857737e-06,2.133762869026279e-06,9.75819561960245e-08,0.0008832796100425519,3.2263031202427184e-05,3.0291842994384366e-07,0.00016154509471652534,0.0003694084814755208,0.00428763293562226,1.0760047093903713e-05,1.2342103878903998e-06,8.779901202640022e-05,1.8797736168148227e-05,0.00014232662165446913,0.0,0.002169698323004225,1.098321892198384e-06
588,1645158,10,2.7874126475729843e-08,4.339279724915879e-07,0.0003312391045611797,1.2958082146768968e-05,5.959734948016854e-05,1.4637018484302267e-06,1.6879854724746735e-07,3.404897496936399e-08,9.782388468819458e-07,2.705548824387394e-07,0.0008497226058517687,0.0011806098751397306,6.250008126436335e-06,2.033741604776096e-05,2.1058340284388355e-07,5.2126311648255375e-05,7.4532588026053614e-06,8.400960720827966e-08,7.383385044711088e-07,1.3128447455934555e-05,0.0001959992172601427,0.0,0.0004481692949036657,5.683265516531755e-08
589,1294340,10,5.499569916134206e-08,9.409392991155396e-08,3.4211350517857064e-06,5.449408947873213e-07,1.724720919496492e-05,1.3669140543660918e-06,1.5939043961285537e-06,6.314979876520521e-08,3.015028126364394e-07,9.552461642525767e-08,2.2194869426853114e-06,1.0003457612955957e-07,1.0303299965510465e-05,1.6631972015145047e-06,6.862447455211612e-06,4.263983596229995e-05,3.8788831662403545e-06,5.0356637928961057e-08,1.5375763202998827e-06,8.01751494567196e-06,8.317212329828766e-05,0.0,0.00012012153794577901,8.275348337832833e-08
590,1306378,10,6.07749016438841e-07,8.412136876738419e-06,0.0009168774152249204,1.3915086262125675e-05,4.522688443531209e-05,2.800735906804963e-07,3.1059087128582075e-08,1.3880531781390593e-05,2.7239978477727744e-06,5.624190673736429e-07,0.06048649151779795,4.0323070998077304e-05,2.400995459779509e-05,0.00010920352728393395,0.0003869113826227913,0.0005248683298305218,8.64352386137357e-07,2.824881294050119e-06,7.921020574263443e-05,2.7648236403457482e-06,0.00258165671247846,0.0,0.0035868143724677656,1.6804868856815092e-06
591,1316701,10,1.0276052476998476e-07,2.7935101520881744e-07,1.5365485710724935e-05,1.839353647170583e-08,2.502768875840139e-05,4.040000324313786e-06,4.9414575066589195e-06,9.629345575384862e-06,3.136035698625417e-07,7.978733229663248e-10,0.0010797786456958128,1.2537899420628218e-06,1.2673172623746398e-05,9.741739879576966e-05,1.361671521758756e-05,0.001232710568276854,1.204143032911692e-05,2.3404418018485584e-06,5.428241598826045e-06,2.2003502929641983e-05,0.0005373123856819428,0.0,0.00024398462715961855,2.5736183809077495e-09
592,1253406,10,5.788679667551033e-09,7.047795211115315e-07,1.5211376531636817e-05,4.553945762153511e-09,2.0279925165480467e-05,1.124003693547121e-06,8.590638009148277e-07,6.0444185666364e-07,1.3005715581403121e-06,2.9184606097423793e-07,0.00030590079129853495,1.4898341432763307e-05,6.387851201883343e-07,0.000100601719060886,0.000117071007530202,0.00020220735464884093,6.6038350400553225e-06,1.6904094495701072e-08,2.3410612905797046e-06,1.1717472421679531e-05,0.00015450624627602258,0.0,0.0008910215093772197,1.7864754696395035e-08
593,1266015,10,1.350186059762004e-07,3.242257794008885e-06,5.6098244565518096e-05,3.3840198488677142e-06,3.4240732254546546e-05,8.263757039772557e-11,2.614360940927929e-08,2.9055166176836233e-06,1.3230032937586178e-06,5.010661727616883e-07,0.0006853893522738019,2.8192264443401005e-05,6.233492919338612e-07,2.1067168175452344e-05,2.352242869470278e-05,0.0007557008887385114,1.8203808778774477e-06,1.559174687471021e-06,3.013663633508884e-05,3.835986260809776e-06,1.848055383536773e-06,0.0,5.745544600304492e-05,5.542210761502742e-07
594,1923415,10,4.6553852439679133e-10,1.9589774577638552e-06,0.0002592078115419977,1.903974467670766e-06,5.331477529536138e-05,1.8219458939594535e-06,5.687673419435546e-06,1.0550657205489478e-05,1.827397149642418e-07,1.8339765268937658e-08,0.0010150593068351949,5.727135779509673e-09,8.008363454985179e-06,0.00096472401253795,4.084434699763717e-07,0.0008549754248576846,7.83998900345112e-06,6.541603563073317e-07,5.767125072705936e-07,1.408307870047476e-05,0.00017662313041837824,0.0,2.862152064319473e-05,1.8139620803353518e-07
595,1905244,10,2.4964029333301996e-08,2.1134514902043655e-09,1.040351542518081e-06,1.2884944601901371e-07,4.7041859859365404e-05,3.232977514172619e-08,1.0458039060683155e-06,4.7691510081382393e-08,8.46460490012968e-07,7.915930587930331e-07,0.0006244998375420259,1.9712880516838116e-05,1.123193919910087e-06,3.3116958235990257e-06,2.6242541776994033e-06,1.3454505051989363e-06,4.348309543857065e-07,4.622163643285687e-06,1.6382972944962992e-06,1.1042851950672505e-06,3.348360918437737e-06,0.0,2.702518520497632e-07,3.447991545058038e-11
596,1294014,10,4.609963920321203e-07,1.5358035526033542e-06,3.3176600951617674e-05,1.4886817056858348e-08,2.6400659750965005e-05,1.512657649797855e-06,4.209937763281768e-06,1.2921863577888826e-05,7.258511018973235e-08,2.68806892959883e-07,0.00016052858015050755,1.0182677786588212e-06,8.999162219230222e-06,3.674756679505897e-10,2.9374979398852363e-05,0.00016589352828000684,1.663139581276063e-06,1.144875742455781e-06,2.237191668799307e-05,5.5035745898622535e-06,5.867393195714554e-05,-1.2449777701817322e-09,0.00046138959272022315,4.326039330579401e-08
597,1346137,10,4.793024088733944e-09,5.313591297864684e-07,9.254432504415128e-05,1.0692660141503607e-05,2.3007879000072617e-05,4.624529054836346e-07,1.4111693170740236e-06,2.540950547420817e-06,3.828384023338294e-07,1.9365497586076863e-07,7.464829261175088e-05,1.3605756309792438e-07,7.89594782362596e-06,1.5523822777432916e-05,5.429068779934376e-06,7.796914935976479e-05,1.8495688796429932e-06,7.909392431768025e-07,3.4766401497965393e-07,4.157242823071838e-06,1.9623244377063587e-05,-1.4719450311395654e-09,0.00039760237119183806,3.881369022434855e-07
598,1703026,10,2.590955243547688e-07,1.1037452075854381e-06,2.6936230903978203e-05,1.9590463894471333e-06,1.4666549299938852e-05,1.081434330727632e-06,2.3044404588064282e-06,3.886522080387422e-06,4.7549452872677755e-07,5.482516460819653e-07,0.00011427700207559607,0.0012159183008897227,5.523478894667311e-06,5.183943274094521e-05,4.972325400039168e-06,0.00015375964171105566,2.5610248124592616e-06,1.2332491356424613e-06,6.452564608655509e-06,4.938587353644358e-06,9.063189703352806e-05,0.0,0.0005221229345850308,4.531440165357614e-07
599,1330533,10,9.69100224460645e-08,3.2562530721813587e-07,1.2766666028975887e-06,5.935027275107835e-07,6.6980434670262795e-06,1.4456027861570186e-07,3.74851191510539e-08,2.417509236546378e-08,2.3026908748356723e-07,7.568661443760338e-07,0.0005193836134091568,0.0011546405335744279,4.161309850708381e-06,3.9942427380770806e-05,1.7724618674335932e-05,2.652193714217793e-05,5.625486681620773e-07,4.244136728441539e-06,6.84820326175839e-08,1.3158550695759053e-06,3.880639727069438e-06,0.0,1.9047845759515708e-06,5.563266471282635e-08
600,1333291,10,7.3311769779871305e-09,7.242893184655763e-07,5.521597191911892e-06,4.910591552449717e-07,5.2074878203793584e-05,6.82024754831978e-08,1.0230466968505492e-06,3.8943662707124904e-07,1.4632157547059266e-06,5.192414623718389e-07,0.00016383897853614743,0.0011075580031313231,3.961124371842928e-07,1.2089949405838518e-06,5.954912882053659e-06,0.00038808887480939677,1.6137070644600682e-06,1.9042553280924912e-06,9.611028019503032e-06,3.279414634765887e-06,2.8302297497243e-05,0.0,4.762934963861709e-07,3.0942103393383213e-08
601,1255735,10,4.640535511413191e-09,1.6383407748649104e-06,0.0007107581599101465,1.85354090275619e-06,6.854434905886886e-05,1.7442939217737763e-06,3.361583863221995e-06,1.8943435911994433e-06,6.095623975854725e-07,4.082181691289488e-08,0.0030603066390755065,9.902133057959617e-09,1.142733876709906e-05,0.0002499600285123249,3.398892348326077e-05,0.00104006612433908,7.290554136105132e-06,4.5272765068077314e-07,3.990746365381548e-07,1.3009702433446069e-05,4.569907577898352e-05,0.0,2.220643800704414e-06,1.735672663996657e-07
602,1339402,10,2.3917891667224467e-07,6.427599146263674e-06,0.0001082549206330441,4.858593456447124e-07,3.5815937735605985e-05,9.440191206522286e-08,1.2983946362510324e-08,1.5830773918423802e-06,2.6473207981325686e-07,2.4141627363860607e-08,0.05489883645714144,2.706910890992731e-07,9.553550626151264e-07,0.0003612550935940817,0.0002496452143532224,0.006577712800208246,2.996162947965786e-06,3.828747139777988e-06,1.1830012226710096e-05,7.166392606450245e-06,3.3593350963201374e-06,0.0,0.0024285359650093596,1.1281372280791402e-07
603,1447133,10,7.210787029282573e-08,3.098173997427567e-06,1.772248609319821e-05,2.8207546051012278e-06,5.372064267080562e-05,2.5259132118565786e-06,3.748297290190328e-07,3.394841019604966e-06,2.218315604679555e-06,4.144636981534555e-08,2.4402058208063127e-05,0.001176490846620519,7.671255539756783e-06,7.44138201058675e-09,0.0003154174674963456,0.0012510383460043115,1.56034596445892e-05,3.097790828382463e-06,7.127103192644535e-06,2.6409661405810136e-05,8.704727512631738e-05,0.0,0.0006125640748917693,4.908131838454732e-09
604,1920365,10,8.4126607671417e-08,5.179225035529395e-07,6.916790308808887e-06,6.559753425016551e-07,3.356386679939302e-06,1.51490096890472e-07,2.8612583354709065e-08,2.3772430522012167e-07,1.7553482979139334e-07,1.209553731500168e-06,0.000617025414986299,2.2657377981110532e-05,1.1234902333161906e-06,1.5444146978191645e-05,1.7723868356649478e-05,1.345693665472103e-06,3.9616327035703336e-07,1.3395624649657767e-05,6.882423907589308e-07,5.573254600738098e-07,1.062698923102838e-05,0.0,5.5689309509526774e-06,1.1771977538599376e-08
605,1299746,10,3.980013794369075e-07,7.784222483341041e-06,0.00013432789513797422,3.999013851938016e-06,1.9511270912327128e-05,3.927803992470613e-08,2.722754324016585e-07,5.2710776258999e-06,2.2809933507422775e-06,2.2110423000820667e-07,0.05087731864829732,3.1247468706786796e-05,2.713116114966274e-07,0.00012950557836017423,6.40001295391518e-05,0.002597942480513808,4.666430852853787e-06,6.652324373301877e-08,5.730483429059602e-05,8.644525179714313e-06,0.00010920239681139893,0.0,0.00036940939960059677,8.978981175730705e-07
606,1318460,10,5.172650502371923e-11,1.165320202570208e-06,0.00017556280843618322,2.8900496559652877e-06,7.977449668863934e-06,9.996747920432147e-07,1.2914847591707912e-06,2.798200794580652e-06,1.085915133994253e-07,1.1616369428174567e-07,0.00011772131121327162,2.802890483599718e-08,5.904864687759914e-06,5.550187803588652e-05,1.254619140522717e-08,0.0002617920619833597,4.325200248553318e-06,6.761516346820429e-10,6.238660136895224e-07,8.230456610795744e-06,2.77719023848641e-05,0.0,3.831546839903888e-05,3.890027746034086e-07
607,1500031,10,1.1000628666671397e-07,3.313376395822076e-08,0.00017266038335366635,2.6113120565190995e-08,7.182067272338416e-06,6.090144485486337e-07,1.572793038168152e-09,5.619875013268549e-08,4.899832709709395e-08,3.143443429581838e-07,0.00021697399612212107,1.236146893179857e-08,1.2462009002272428e-05,3.1025014384473276e-05,6.760018751397756e-06,3.9614186182306e-06,1.1237337017265536e-06,1.7174565219886528e-06,2.561102695055467e-06,3.4459650844857748e-06,1.036815469937502e-08,0.0,0.00012611389340063534,9.559265828559815e-08
608,1258090,10,4.629718582047082e-07,4.41042724924276e-06,1.7738697300623274e-07,9.215012441270154e-07,3.821827676840292e-05,8.426190010665802e-08,4.7656329399403674e-07,1.5131546257513007e-06,4.034315977813341e-08,1.1237945362792268e-06,0.00010962117652955905,0.001192320992318422,2.822658745255807e-06,4.733476079744198e-05,3.670326194013529e-08,0.0001058850391654105,4.0092836484789673e-08,1.0498030783935575e-05,1.2603014294607084e-05,6.007259970713941e-09,2.9204452347761367e-07,0.0,3.5165739591419554e-05,4.2065284442185935e-07
609,1344639,10,2.0271827927756392e-07,1.5627413557893488e-06,1.9981707633811435e-05,6.397707126813701e-07,2.8339706224244504e-05,1.7353850818163652e-08,3.426235566095226e-09,1.4603310664190738e-07,5.365390084999255e-08,9.80007450357423e-07,0.000120999883900446,1.5920263115958705e-05,5.38225888006838e-06,5.821668261131105e-05,1.980316873914298e-05,9.686971065570038e-08,1.5270380029908104e-09,9.060462250725515e-06,1.7686765181740283e-06,4.224698722105069e-08,5.481617388579385e-07,0.0,2.5600825785468406e-06,1.0562142824591114e-07
610,1308582,10,2.2986761479167062e-07,1.9042028256005539e-06,4.20232383416784e-06,5.475826362049546e-07,7.510746408399133e-06,4.7740437904980615e-09,1.9397869617868158e-07,4.797841909320866e-07,3.583256235652199e-08,1.039981456436509e-06,0.00033196799795189545,1.59198633659062e-05,2.4025503646100954e-06,2.6522406641029186e-05,5.959804557399001e-05,2.2657548779295156e-05,3.992495737313584e-08,1.030403469299071e-05,2.3102767075285774e-06,2.15033809699422e-08,5.270742482143577e-05,-5.097677436421977e-10,1.2887642791344078e-05,1.1538352783467543e-07
611,1330828,10,9.650320738005536e-08,5.62163651306874e-07,8.122494683444545e-06,2.496909812492107e-06,4.558043135295675e-06,9.225693422387077e-07,1.5675776648960138e-12,3.3351588536734145e-07,3.137242521461525e-07,1.5625959391991212e-06,0.0001452021920026695,2.8515446730605423e-05,7.565441193860267e-07,3.9766531574614294e-08,1.1881655821912446e-06,2.528459905134714e-06,2.5286082688986966e-06,2.2753817659912356e-05,3.205004009979029e-06,3.7326244075389092e-06,8.665472134988805e-09,0.0,0.00018224970848527977,1.734133308721464e-07
612,1431163,10,7.844946717412704e-08,4.233834878138165e-07,1.639467795451141e-06,1.6100542383178096e-07,2.8945676256771774e-06,4.864304434595845e-08,1.3609685409025907e-07,9.37485101354385e-09,2.1169970585051268e-07,1.0402123058108476e-06,0.00044690072289483955,2.1252309860575816e-05,4.0809619107629036e-08,2.265781417940156e-05,2.662662913359773e-05,5.290718561982294e-06,1.033587693020227e-07,1.0890162021933575e-05,4.3619039029330064e-07,1.9570771050275715e-07,7.95338540004499e-06,0.0,2.8899702461723104e-06,4.2305844053652786e-09
613,1599030,10,6.091791648135669e-07,3.4599098997032535e-06,1.1156675091392523e-05,1.898233783700909e-09,6.533772072337893e-06,6.73240756329449e-07,3.3569922761392257e-07,1.6680155224581272e-07,1.0272410116279884e-07,6.241827760992275e-07,0.00038848472566252283,7.3975252636721e-07,2.2945331149250292e-05,3.943916367375906e-05,4.40906997133117e-05,0.0003651932879341936,6.299090830538812e-08,5.429130128508167e-06,3.025059999103505e-05,2.6632739636017755e-06,9.364387810316399e-06,0.0,7.603851689668914e-05,4.334483166834602e-08
614,1770386,10,1.9499957321436612e-07,1.6130205866011355e-06,1.3696831891677613e-06,1.3235834955740294e-06,2.3459930363026182e-05,1.945836144798957e-07,2.9572307581882118e-08,5.845915717825334e-07,1.787358352121904e-08,7.92784802203586e-07,9.62375628946327e-05,1.3323274761297896e-05,7.672995019596465e-06,4.4223650445474744e-05,2.6626506724355264e-05,4.1028391916178575e-07,2.209926132437645e-07,5.857609343688092e-06,3.960104357811356e-06,6.363181302669607e-07,1.1089355177804419e-05,0.0,6.25018890398725e-06,2.1930357626577524e-07
615,1294341,10,5.236900734589822e-08,1.7665003157821269e-07,1.767716072222092e-06,8.96524781704433e-08,9.236745183088119e-06,6.653486040938961e-08,1.0401804922954838e-07,2.2625802995057676e-08,1.0394992248537183e-06,9.799304999426328e-07,0.002791009155093692,2.2466718656154183e-05,1.015973467161091e-08,8.065285603302969e-06,5.8828988028062495e-05,2.8559958607718428e-06,6.243336412442568e-08,1.03040272274868e-05,1.5126584196854809e-06,1.9463041540587755e-07,6.759836289026155e-06,0.0,5.474140808946204e-07,1.5614373884142996e-08
616,1904092,10,3.7575469992445765e-09,3.368445490592453e-08,1.722292018397492e-05,6.800261137529517e-08,7.853188275497996e-06,1.9251427361977047e-09,1.8558232461884927e-07,5.685397134538861e-07,9.231325300909643e-07,6.726862386424726e-07,0.0006245003905676165,2.1995916821639788e-05,1.2558002828316761e-06,3.4822655421012927e-07,4.28572753951445e-06,5.569878106171516e-06,2.914812411471124e-07,5.107676679199508e-06,4.285149707083241e-06,9.109125187860279e-07,1.8223809077413944e-06,0.0,5.24518481413716e-06,5.59765973504045e-08
617,1249245,10,7.355147814760987e-08,3.375335686697095e-07,1.7640994428729656e-05,7.687299989275753e-09,2.0160822376659795e-05,3.7036148630570365e-08,6.277121253166207e-08,3.3675646283343186e-07,1.6809402831642617e-07,9.81586720554678e-07,0.0022762446604811526,2.1161185240526487e-05,1.7959185770327624e-06,3.77005691957772e-05,1.6975751919171694e-05,8.122994820527335e-06,5.408614394200595e-08,1.0176803768776124e-05,5.480544329646009e-07,1.4598974183363533e-07,6.003667819940925e-06,0.0,2.1316092899924255e-06,7.720251125886701e-09
618,1343533,10,1.5194000703433463e-08,7.555322104058071e-09,3.375554647284951e-05,2.1608584722457302e-06,1.7804416568588388e-05,1.1612923780934814e-07,1.406742138401751e-07,2.468517072001797e-07,6.893008216643515e-07,5.784842145306612e-07,0.0005216668311722045,1.8063054175850024e-05,3.2045328311816612e-06,1.8923290617436916e-05,6.916695789650762e-06,4.080026435947237e-06,8.459764967855277e-07,3.4233401284486376e-06,8.101502542018357e-07,1.839755573621038e-06,1.2991732606798534e-06,-7.622875872193013e-10,1.6080972000169502e-05,1.241277219898862e-11
619,1283936,10,1.7001052343701417e-07,6.862863258294549e-06,6.115296503486634e-05,1.163012877609948e-05,2.5540892636594092e-05,2.463938149968592e-06,1.3017447489382938e-06,2.2348352972934027e-06,5.172626174054784e-07,0.0,0.000928420874158814,5.5915706356768347e-08,7.453678885882553e-06,3.135866727824177e-05,7.413149160430399e-05,0.003003042080448562,1.4824206597541245e-05,4.3244333441244676e-06,1.1024513866086938e-05,2.4475974703702663e-05,9.860565018987577e-05,0.0,0.0026656572938237727,6.984818858857267e-07
620,1918076,10,1.915225246312824e-07,7.452152645012755e-06,0.0006225020687506688,2.1616948547159565e-06,2.4870079948613455e-05,2.2792400321269835e-06,5.73365272413251e-07,2.369337139501715e-05,6.87596696941073e-07,1.9946837237494464e-10,0.007661499706444891,1.203715447178899e-07,7.672742261849441e-06,0.0001996560167940309,8.500574418653095e-05,0.00551900053756306,1.4665997481108639e-05,4.283412354880167e-06,1.3762954817572726e-05,2.4153518807162877e-05,0.0011985426402431887,0.0,0.0026275857303880573,7.177726671497853e-07
621,1321973,10,2.5508532931761696e-08,2.3092060570314987e-07,0.00010040054927125744,6.401213713334852e-06,2.4213468408598726e-05,5.473149295720514e-07,5.452213588004462e-07,1.7917070408365876e-06,1.3690556030857004e-06,4.362665675383681e-07,0.00042890386018595156,1.3396154041653285e-05,4.285043243804076e-06,2.2468456815569193e-05,5.382584366466631e-06,0.00010608952948699263,1.9046110628570534e-06,1.769156288394108e-06,5.788421850796976e-07,3.7210614589888724e-06,1.3464900942561364e-06,0.0,4.998586352232548e-05,1.208380817734056e-07
622,1323600,10,3.5253041597016477e-09,6.732335312148452e-08,6.249577164257197e-06,8.097092381274817e-07,7.936973503149675e-06,3.2670838437387495e-08,8.854247193768039e-08,9.436473497465014e-07,6.399373374717243e-07,7.061131723114233e-07,0.007096378158211208,2.450264835578142e-05,2.4169630602477454e-09,9.859545501353373e-06,2.47016534694125e-05,9.672910009906471e-06,5.80504316317898e-08,6.8121081827562935e-06,7.07514569199541e-06,4.7395110641668126e-07,1.2460575884571529e-05,0.0,7.895559970945432e-06,9.466106502820093e-08
623,1638030,10,4.924414675686051e-08,2.6065640694808434e-07,2.323285454390242e-05,8.447944159842291e-08,2.565946181342163e-05,2.3528228164371168e-08,8.97253890630445e-08,1.9386958361594653e-08,5.934261461809642e-07,6.895737787067369e-07,0.0005428907494489064,1.8232727267017412e-05,4.360868889399794e-07,4.251138984219527e-05,6.351371528802441e-06,7.402657296040616e-07,1.4433709287151042e-07,6.150658988558072e-06,6.315983642687928e-08,5.054644509616679e-07,2.4602408771501327e-05,0.0,6.267371201879035e-08,1.4916111332197168e-09
624,1291957,10,1.9346964363203822e-07,1.4474164545044688e-07,0.00020363281318408477,2.600058984919551e-07,8.519723273231472e-06,3.255209935666692e-07,4.4062914386633345e-08,4.576043906162619e-07,1.3658497121163404e-07,5.330686014236308e-07,0.00027456559395892116,8.948649460327474e-11,1.197121744453758e-05,2.1068140109069267e-05,8.999518153533087e-06,2.6268341658114425e-08,3.4825275909561304e-07,3.3858615628781785e-06,3.063146261642752e-06,2.174618235008946e-06,4.665993112811656e-06,-1.6923026521786788e-10,9.216081949561805e-05,1.1594637180228906e-07
625,1319539,10,2.175207625132458e-09,3.1354378714210096e-07,5.730598987477298e-05,3.3125901118709333e-06,1.1530796070583632e-05,4.3668706659755196e-07,6.188691659830825e-09,4.983573572182876e-07,1.5300916420338262e-07,8.283988893638405e-07,0.0016224785968860754,3.12488136494371e-05,1.1034922828036253e-06,9.547924240578542e-06,5.069495400530574e-05,9.216089428699253e-05,1.5318126127261689e-07,1.108882139841047e-05,1.8577073982038034e-05,7.06753916519115e-07,0.0003526882224599258,0.0,1.768004159602432e-07,4.208711940553722e-07
626,1511024,10,9.615330622964047e-07,1.421404579557417e-05,1.0629535193026896e-05,5.338575330415818e-08,4.699536320458553e-05,1.3473075705511262e-06,1.3342473066668692e-07,6.827413240650948e-06,2.231667567964557e-07,1.2466770532570948e-09,0.002525061658182809,2.5707118348414215e-05,5.73920123925209e-09,3.2604401630151325e-05,2.3136550940064393e-05,0.0009193023518135474,1.9096064020687753e-05,5.5688514893764696e-06,7.15729513530855e-05,3.196528660330544e-05,5.9908382797208004e-05,0.0,0.00010920339903995602,7.336232156485156e-07
627,1255412,10,3.093898411771212e-09,2.9345884378778608e-08,6.512544333339351e-05,2.814991444492765e-07,2.524418353533342e-05,5.56417753191929e-09,1.2410056626083188e-07,6.254620168524849e-07,4.356790265329369e-07,5.632178985554015e-07,0.005320245825758071,2.162354810386971e-05,6.720222844522339e-08,6.415991212777722e-05,6.003754524780414e-09,6.988977194962581e-05,3.7321884208824097e-07,4.752660894218053e-06,4.040958058001282e-06,1.0534691401269114e-06,5.0836538254325075e-05,0.0,9.422272078084271e-07,3.932617044163922e-08
628,1291511,10,1.370980917542175e-07,7.75081216500273e-08,0.00024056100508020387,1.5126264891057728e-06,3.354286905081147e-05,7.90198984038093e-07,2.120705304073378e-08,5.327512627543995e-07,2.969475170616631e-08,3.967759896784939e-07,0.006379219150513912,7.713472540901711e-08,1.632230941766427e-05,5.806328569962424e-05,9.364379132452416e-06,9.11940523369223e-06,1.3695085324394451e-06,1.3669266417729031e-06,4.450009328985094e-06,4.05851661892595e-06,5.335891443448981e-07,0.0,6.7076852494935e-05,4.5885634944453635e-08
629,1318126,10,3.722738752889865e-07,1.3919920284592713e-06,0.00012973153362241807,3.5746275418857554e-08,2.0879762074283575e-05,6.234312667774411e-07,1.0311544485636093e-07,6.538466268066201e-07,4.357194058335345e-07,6.235038714982877e-07,2.40182637028033e-06,3.3604616334059756e-07,1.8921821784669696e-05,3.6360646826986975e-05,2.1901720929848323e-06,1.310427979000009e-05,2.7013431272426836e-07,3.920322387603731e-06,1.6728090482327068e-05,2.6710681457313423e-06,0.0,0.0,7.285122077121953e-08,1.0580283385519529e-09
630,1434203,10,3.5444407381346466e-08,5.949196965927828e-07,0.00015425832557763516,3.1699797231055094e-06,1.5806564060031475e-05,3.7120222580455664e-07,3.4929990792853527e-07,6.123462991877715e-07,4.612631922355781e-07,3.8623437381354875e-07,3.6239994414103555e-05,2.2115526607593972e-07,6.199795064176089e-06,1.4898975467494274e-05,5.745799496368817e-05,0.00010753693544078569,1.6916782297655975e-06,9.227857716287424e-07,8.271910162602203e-07,3.821341002047118e-06,1.2164016049281967e-07,0.0,0.00014908563758099166,5.02738219373966e-07
631,1299643,10,3.49045045904689e-07,3.970353830776152e-07,0.00022230851744767938,7.929616144715379e-07,2.5083831968961134e-05,1.3780925020925872e-07,8.049315284100467e-08,6.297676955514808e-07,9.005286478319663e-08,8.109156628480219e-07,0.0002788904233420597,8.438441823771514e-09,9.735031062226007e-06,7.562834607885427e-06,3.733307119902288e-05,1.4440027703555708e-05,1.0936245579268311e-08,5.904832145377931e-06,4.243535233556389e-06,1.548784799108166e-06,1.6403261300257377e-05,-1.8024515560655097e-10,9.302985817579573e-06,9.764371287565576e-08
632,1879532,10,5.172650502371923e-11,1.3791491434295144e-07,9.00080971357603e-06,2.102789308854741e-06,2.3606369847613273e-05,3.4459224536320665e-09,7.838510506612273e-07,5.92426918293032e-07,7.402118553725967e-07,4.225753573103286e-07,0.0006937960153706631,2.2753750901525344e-05,1.2107115802718893e-06,5.429743463437886e-06,7.235993655065748e-06,4.382455770596608e-05,4.897925450081386e-07,4.2844719985654645e-06,6.708344229496704e-06,1.2972252135395879e-06,8.832010957929293e-07,0.0,1.3468551030498127e-05,8.28236566309537e-08
633,1289366,10,9.60535613492297e-07,6.14498606110736e-06,0.0001974602298910888,4.843932885911784e-07,0.00017175643802147533,3.285647319550833e-06,1.7301507648781467e-07,2.6845628389171594e-06,4.6700390463616515e-06,1.6156935123134986e-08,0.0005693318881434539,1.4914182293601641e-05,4.950005040305072e-06,0.001857602940777081,0.000396074261587831,0.0016128785053788341,2.3947433853033218e-05,8.416592666815603e-06,2.0733886039847604e-05,4.000505351986483e-05,0.0009572939316748741,0.0,0.0035628478719773593,1.5943515396799057e-09
634,1282736,10,1.0774568486721092e-07,1.5877414130463507e-06,3.696424562286624e-05,7.379079306514547e-07,3.143139560159852e-05,2.2108223531047688e-07,1.572054067026929e-07,6.412920417545043e-07,7.730730801659702e-07,1.5161809275437976e-07,0.0006791237397970988,2.256091577969646e-05,1.2460202519076757e-08,2.1620599826851356e-05,4.760850975686279e-05,0.000294121615174215,3.647491123283386e-06,3.71027871703955e-07,1.6402944284781007e-05,6.742449795184291e-06,2.510008738045022e-05,4.763838455656977e-10,0.00011448909326823575,1.4530860394795786e-07
635,1315795,10,3.848560670427492e-07,2.559038361958643e-06,0.0010182486182637937,6.789702826859312e-05,0.0008339933257091731,1.3698354490720988e-06,5.211922729758678e-06,2.074078318807515e-06,1.4871007960465255e-06,1.4841997540704366e-08,0.002222180308651074,1.730467428494309e-05,1.6120678840297886e-06,0.00019432178614488954,4.160225390460737e-05,0.00014859535022288678,1.0823995677575193e-05,9.786577195927681e-07,1.288601016727342e-05,1.850208362022543e-05,0.00011256996701412142,0.0,1.5840824078149074e-05,4.5715735606799424e-08
636,1847100,10,4.6240425712398836e-07,7.737171122575159e-07,0.0003740359555469003,1.1652257475083805e-06,2.3968293979079874e-05,1.0259413316462962e-07,6.44736051977346e-08,7.80529016841669e-06,2.471257920522163e-11,9.590254978417145e-07,7.24199539777863e-05,8.053784895933891e-10,6.349105783468034e-06,2.1159679922562458e-05,6.150728164219799e-06,0.00011130285790432806,2.267344779982583e-08,7.5077647204470355e-06,6.915739964360318e-06,1.6132167874154113e-06,3.2261706277830066e-05,0.0,6.240990873228672e-05,1.7642074509258143e-07
637,1837096,10,4.655384966412157e-10,2.2891625532303617e-07,2.4504069642716786e-05,3.2547328443141565e-07,5.28592406337236e-05,2.303841251070915e-07,4.442155625283828e-08,1.3339616515561925e-07,9.030074775810693e-07,3.718042697747892e-07,0.000646686285571494,1.5365008098965766e-05,4.752580167310255e-06,9.643210431572319e-05,5.430898578285409e-06,7.464816157247423e-05,8.847173710718748e-07,3.4596192187187624e-06,1.0879135531674522e-07,1.860297644006026e-06,6.917849684349303e-06,0.0,1.7697681533347664e-06,1.994920807366074e-08
638,1948209,10,4.220624916680127e-07,1.0810789985854496e-06,0.0001138485120674021,3.2289455449696636e-09,3.403027315833709e-05,3.0225490972243807e-07,8.770439171787436e-08,5.304949664206027e-07,2.703798458909834e-07,9.02419937887089e-07,0.0001806328799780453,8.921870638459173e-08,1.5680752608982634e-05,4.242890011454947e-06,6.955522308070214e-05,7.055004141165444e-07,2.247671713681565e-08,5.759881601129918e-06,1.2249098864536984e-05,1.9667494450953393e-06,6.812001865644929e-06,0.0,3.1680113787742326e-06,4.327550735122587e-08
639,1299785,10,1.8621537783980457e-09,1.4328782662470507e-07,2.6009724625682823e-05,5.662442239144638e-06,4.652329609026659e-05,1.829264852440393e-08,1.0642107999177253e-06,6.910855265794547e-07,1.2300887734829902e-06,3.2435004446856874e-07,0.01116192636888726,0.001109555993974807,1.1222214074332881e-06,3.132245827409952e-06,9.302659881627734e-06,1.4061824264874345e-05,7.565014863465669e-07,3.4593970203236624e-06,6.151239807194314e-06,1.7891353631845075e-06,5.773338315265275e-07,4.3776372457560164e-10,1.7891201412118668e-05,9.661488275733432e-08
640,1255399,10,1.3750631575049077e-07,1.6876973654711414e-07,2.410951628435687e-05,2.71992204869953e-08,9.092758158200931e-05,9.417138940800984e-07,1.7994118725606079e-07,3.62236955882278e-07,2.3102537139371715e-06,1.0236599613105968e-07,0.00011151575138005493,1.4670878815938038e-05,1.4397174228006349e-06,2.621448525692155e-05,2.1622450969011053e-05,3.181089220406774e-05,5.154436354008751e-06,6.23236455360443e-08,1.0215136589941665e-06,9.230286602587845e-06,0.000283586541613097,0.0,0.0009922505960343608,1.3985430750984573e-08
641,1324582,10,1.7665648857287386e-07,3.919914043845618e-06,2.280727284979106e-06,6.892842020315981e-07,3.248438507508569e-05,2.5570428489885e-08,6.553757363539359e-08,6.250090951072373e-07,9.097127530444116e-08,8.107492209460943e-07,0.0001787580153427351,1.2461206589702012e-05,8.58531055737341e-06,3.4980165681507136e-06,7.563429175055231e-06,0.00021963292364129278,2.489262972381334e-07,1.3032451194053968e-05,1.3542554377812821e-05,1.8561308986336789e-07,1.0608786559750116e-06,0.0,4.6239943529601674e-05,3.201240371744629e-08
642,1923060,10,1.1062175654663609e-08,6.203824686953907e-08,7.728172184209847e-06,5.32247408206038e-07,3.387041962901044e-05,4.723092428965403e-08,1.3818078712854454e-07,1.110338559182772e-06,8.831541256533459e-07,4.484062086432261e-07,0.0050965326042394545,2.5099395475573077e-05,1.3948501954158532e-08,1.1221408302408004e-05,2.033967043503157e-05,1.4061453148684483e-05,3.513204608826537e-08,7.127836994420822e-06,8.178985200724131e-06,4.4973737141351666e-07,1.1533641160535457e-07,0.0,1.959962437729501e-06,2.1429170182080126e-07
643,1620051,10,5.028820457275707e-07,4.285180592568383e-06,0.00020649315953492897,9.97977402557304e-07,4.82457234505379e-05,7.5666934786639e-07,3.527057049201865e-10,1.5162181578459721e-06,2.4965638763321807e-06,3.191493028187331e-09,0.0011909382712931432,2.255903950418997e-05,3.0152526309112915e-11,0.0001932066966952098,3.9308113410074785e-07,0.0011492070651159536,9.608905377135601e-06,6.859006579512661e-07,3.1133468087155e-05,1.6700417587313388e-05,8.7616328155668e-06,0.0,0.0001600196585467492,3.5737936236734935e-07
644,1925122,10,2.478475618419851e-07,4.324435339042587e-06,8.390390961789118e-05,2.129430039243818e-08,0.00013992809254785576,3.3846924379077326e-06,1.3643967765319953e-07,3.3854465717880755e-06,9.405299446624271e-07,1.93510434204347e-08,5.379895674319235e-06,2.586159740525229e-08,1.3389912005813687e-05,0.0004700176040880466,5.990736353141818e-05,0.000690109437379266,1.7299738494548633e-05,5.853026232141567e-06,4.66307818990791e-06,2.8911636055131695e-05,3.539877572920208e-05,0.0,0.002407861705842236,6.346541867527367e-07
645,1343401,10,2.5950968645174766e-07,2.7963313889781127e-07,3.4456632459461956e-05,1.7951185398261404e-06,1.77563083976727e-05,6.38649384727269e-07,3.2917844327087775e-07,1.8986398114435865e-06,2.8739595838572773e-08,9.20245255914276e-07,0.0007075606790283885,2.756105474790646e-05,3.71937139750228e-07,2.1902919594342374e-05,0.00015202868430506944,0.00010302194682157775,1.5360187988616714e-06,1.909693321193104e-05,3.571102396789788e-06,2.3164340399242644e-06,4.8860378380449765e-05,-8.658700666186459e-10,1.8061598387509453e-05,2.3337532865583266e-07
646,1250275,10,6.154729877833054e-08,1.416483971682786e-06,0.00010343047085480464,7.924558525530812e-07,3.935845561477483e-05,3.353569792696742e-08,3.1615058838224686e-08,2.900065531160484e-06,9.030867548671939e-07,1.6094912398331718e-07,0.0011215796955813644,2.5502879141874046e-05,2.412127078077475e-07,3.9197827588800804e-06,5.63651173519919e-07,0.00013294030597083006,2.0726792979326725e-06,1.3445500561468093e-06,2.09775332819101e-05,4.173788086810765e-06,6.724050764991482e-05,0.0,7.0758696631527396e-06,3.8008145591961195e-07
647,1262135,10,1.8564444002541758e-07,1.3459459769181448e-06,2.6573031011029036e-06,1.4640630865148108e-06,2.0512994105204713e-05,8.469198488347818e-08,2.545854711107076e-07,9.808281257669971e-08,3.2339514049323226e-08,7.9242231966134e-07,0.0009375844003196854,1.9272491862964286e-05,2.0454991029421332e-06,9.637610302176691e-08,2.924811864635918e-06,2.8900256498071153e-06,5.936272225032235e-07,1.4977455039689308e-05,5.33287880164629e-07,7.09022692491762e-07,1.5876338924671052e-06,0.0,2.2201404034534467e-06,1.0995284509263126e-09
648,1246314,10,1.0570225320027937e-08,4.75176107196662e-06,0.0010144203865987689,0.00037056069031016214,0.0005488912999966622,7.401265081780073e-07,4.0908816860182884e-05,7.094756249298451e-07,1.1028306392546483e-06,1.9139168594417555e-07,2.9050561186613755e-05,8.645064021178817e-07,3.025443765486413e-06,0.00013782583162676165,0.0006980150990300027,0.000294121180439158,6.7054499237606535e-06,3.962277828895022e-07,1.8575533645856512e-05,1.1187338472828934e-05,0.0007946764726348005,0.0,0.0027646577927386423,1.1841796007938665e-06
649,1283272,10,2.732333138494303e-07,1.7658532835626572e-06,5.520249713272807e-05,3.315819241844764e-06,5.324814539495182e-05,5.445410341184398e-07,4.08041264429726e-07,7.6591134430537e-07,9.425496410864209e-07,5.221248236542131e-08,0.0006610049316938052,2.0430324588198434e-05,1.0639235372422728e-06,4.108832961795261e-05,3.7285256844349357e-06,0.00019126657058873842,6.051090961772809e-06,6.761516346820429e-10,1.5135912961268538e-05,1.0835585956332772e-05,1.2359084738539083e-06,0.0,0.0002286162524324925,1.7635905213975178e-07
650,1501075,10,6.33444869890809e-08,1.5225523384287953e-06,3.995699808001518e-05,7.696653483435512e-07,2.9284958145581186e-05,2.764863893389702e-10,1.595326466485858e-07,7.222697604447603e-07,7.073685992509127e-08,5.103356670588255e-08,0.001525746236438863,2.6677342248149216e-05,4.863104550167918e-07,4.895692109130323e-05,1.9190541934221983e-05,0.00021265367104206234,3.996246960014105e-07,2.9818329494446516e-07,1.665326999500394e-05,9.934155968949199e-07,8.398345380555838e-05,0.0,5.2701710956171155e-05,9.106588549911976e-08
651,1281886,10,1.9328526611878116e-07,2.310105759600889e-07,5.1077027694648724e-06,2.4032999490081197e-06,5.2303834026733165e-05,1.5198625742673944e-07,1.5675808567872096e-10,1.1980506555708814e-06,2.603103827977793e-07,7.058046656641115e-07,0.0006239994253961351,3.4875961282127e-07,3.647965961979527e-06,4.121140083662711e-06,1.9096163160446655e-05,2.4336960053952805e-06,5.931326594529884e-07,2.5597078268102536e-06,5.035754821261507e-07,1.9539997320738856e-06,0.0003900626073224875,-1.113250991391368e-09,0.0006656400656927172,6.998250441925258e-07
652,1291788,10,1.3137643274652167e-07,4.793674451830654e-06,9.425904545765085e-06,1.4640360911227779e-06,5.437535220294276e-05,2.042302865615242e-06,3.8951422789978984e-07,3.485853703993902e-06,9.230381295272094e-07,7.868895289531164e-08,0.0004104679280845791,1.0734907968101837e-07,6.249677808253806e-06,4.769810586502388e-07,2.9738376386423404e-08,0.0021114029892956437,1.2603292778856634e-05,3.0264959926390445e-06,1.069130051553624e-05,2.1095038951923772e-05,6.272584783011126e-05,0.0,0.002419653964731705,9.587848423392442e-07
653,1289913,10,1.0992506437740301e-07,2.2048380880074214e-07,0.0002683043302797311,2.1530508497284717e-05,7.021807080163228e-05,4.633380503507589e-07,2.6531591050052428e-06,5.043272071424132e-06,1.5303129776572666e-07,5.936496098382649e-07,0.014251588312567974,7.873259674773259e-08,8.70382878272874e-06,8.268201887040583e-10,3.3484711720044302e-06,2.097609109179971e-05,1.5632599476705922e-06,1.1026181714682282e-06,1.740083786783142e-08,3.739253581984403e-06,0.00015129065440587508,0.0,0.0007706186680684624,4.0574420868272343e-07
654,1249090,10,1.0872115558877016e-07,4.547335862026269e-09,7.191020555762442e-05,2.7882917639013294e-06,8.04931568257096e-05,6.411154317362278e-07,9.514407629564181e-07,1.7688736929748206e-06,9.989981085145594e-07,1.3812271535545984e-07,0.00035419231756897776,1.4364537197910504e-05,6.200475465904104e-06,4.970106910079375e-05,1.7676020105140966e-06,1.1009977381425118e-06,2.922986993749571e-06,8.466668993643844e-07,1.5413688776722e-08,5.47298423982448e-06,9.960000014848716e-05,0.0,0.00021462162323025377,2.560331507917013e-08
655,1338170,10,3.924685867962019e-09,1.6974696911975506e-08,1.8491945282285427e-05,6.814138234636363e-06,4.788758721891925e-05,1.9230247654683508e-08,6.734093870378044e-08,9.010639731785175e-07,1.3929844838236893e-06,2.71111309509825e-07,0.0006780808978972333,0.001116230473040089,1.8224218356413524e-06,3.02918812852479e-06,9.734153553649788e-06,4.495075126925707e-06,5.338215837390192e-07,4.204051193994196e-06,3.6107364791738983e-06,1.3211140843481795e-06,2.5620603941040043e-06,2.2858236241318775e-09,1.9804737700569036e-05,6.776833632801682e-08
656,1257022,10,8.45304018622095e-08,1.4406404492336988e-06,1.368551305488963e-06,3.864140504100666e-09,4.6707609615392887e-05,3.30550517513295e-12,3.0916101956268704e-08,9.561950918904327e-08,2.8710378525975688e-08,6.085401608423024e-07,7.106509336472083e-05,1.6484046791116758e-05,5.0626074104311025e-06,1.2180818249416664e-05,3.920487727970129e-06,8.940346074730321e-06,1.29896827221615e-07,1.1492848125665284e-05,2.160866870038608e-06,9.054390679927304e-08,2.0450550748396523e-06,0.0,2.89024740502547e-06,4.0629992866664244e-08
657,1336464,10,8.276240040516747e-10,2.250246395871236e-06,1.4632208639175914e-09,6.050807936905378e-06,1.7065120335175987e-05,1.136567519127718e-07,3.353675569472969e-07,3.012787476899814e-06,1.081608239049403e-06,1.9205188069026935e-07,0.03234243197695109,3.3523832985167534e-05,2.786923536717001e-06,5.855369371539354e-06,4.16180657881321e-06,0.00075075884184643,6.39799365716176e-07,3.4581513675691067e-06,4.3295051471374524e-05,2.0415391450839815e-06,0.0010699419904021401,0.0,0.0006522895656989325,1.016411661496075e-06
658,1847165,10,5.92479125677281e-07,5.941931269584644e-08,0.0010195256262012335,9.860773890937868e-06,4.4883169281258184e-05,2.9749539637302647e-11,7.706027860959752e-09,6.182696227311629e-05,2.528934048267456e-06,1.1014309434301262e-06,7.056078302552019e-05,8.471393513724557e-07,3.8646372300249476e-08,1.9536353208830792e-05,0.0010497610409498162,0.00014113629598938582,7.552556656464926e-09,6.761467630241047e-06,7.243179763298524e-07,8.472720731712846e-07,0.0011108878693292315,0.0,0.003279851735591876,1.0802154408462439e-06
659,1702096,10,1.6917633244295516e-06,6.657787603461807e-06,0.00026765141400740544,3.684315301460961e-05,0.00019317342400709814,2.5262907871470563e-06,2.9455801791311575e-06,1.1232031153635136e-06,4.410541731322826e-06,9.808088648199931e-08,0.0006646074164199239,1.8574270181231922e-05,1.0410066730581757e-06,0.0008225422604162536,0.00018414474537144232,0.00021374153097721005,2.228000978833633e-05,7.4531657670157125e-06,3.612008713455017e-05,3.7166178116318505e-05,0.000594872060641155,0.0,0.0011343442564438894,2.5799053987585197e-07
660,1702083,10,6.71046918549606e-07,1.0193493612531412e-06,0.0001849586882834639,1.5621746686025895e-06,4.135542573444409e-05,1.2953865896614403e-07,1.6148315662087298e-07,8.845735740316274e-07,3.3594031091307985e-07,1.34577085604895e-06,1.528847846837475e-05,2.2154699071824657e-08,1.3469458930073092e-05,5.521953371362409e-06,6.199013786303831e-06,9.860364370119917e-05,5.1935643178430135e-08,8.121496819474272e-06,1.1627900181866713e-05,1.8597033865502821e-06,1.0604920575967014e-06,0.0,8.454444929209548e-07,7.525442370995283e-08
661,1879414,10,2.7033741877013906e-07,5.7596788147901146e-08,5.2561811186700724e-05,6.074598079691684e-07,9.860103716166635e-05,3.960700626359781e-07,5.851503056750196e-07,2.620132441705225e-07,2.8362491487354813e-08,9.210485510217914e-07,0.0002505883732161242,8.05378496532283e-10,1.0432714575400043e-05,5.474934937316905e-06,9.662822996390694e-05,8.584203639899063e-06,5.038589070485711e-07,2.9233493667873978e-06,3.1328900611561628e-06,2.4684822256468286e-06,1.512861656678688e-07,0.0,0.0001695194817603156,8.204859239246964e-08
662,1260058,10,3.035965782244299e-08,8.080051647554876e-07,5.9289846506577204e-05,1.1219832303510646e-06,4.221939794953056e-05,7.361950672898909e-07,2.8123868150986553e-08,5.747440843945073e-06,4.881487450786315e-07,4.89153632834971e-07,0.00013201694690313792,1.0070101799652953e-07,7.127242424270763e-06,6.758882914383035e-06,4.8162758884889856e-05,0.00013225027592841249,3.4222710149287017e-06,1.094885208122176e-07,1.0804519770604704e-06,6.542043485845139e-06,1.953531222712024e-05,0.0,0.0008093994322353054,5.458796641308328e-07
663,1643313,10,5.9901436692821886e-09,3.00988814198877e-07,4.1622307924808755e-06,1.7411881820979247e-06,2.5936152168833798e-05,4.433209251780701e-08,1.297590768896406e-07,2.958114974065812e-06,1.1024580582920385e-06,2.5061117070804273e-07,0.012227936299766741,2.6833045602255023e-05,7.289449155400973e-08,1.9623570568585297e-05,1.927209452069409e-05,0.000115132556527682,1.9355112399269125e-07,5.4759445938835916e-06,1.4439524059824821e-05,8.717967662809356e-07,1.2305263251376208e-06,0.0,2.2562151020807247e-05,3.490879666827318e-07
664,1435067,10,1.1584310983386858e-07,6.428562267929427e-08,0.00010691589218814537,3.8031921374831468e-06,0.00010426230984455359,4.497653170593141e-07,3.235944458571116e-08,1.0607882158300552e-06,1.0609435696536107e-06,1.377666680908718e-07,0.0003104653685382375,1.4593923798718322e-05,5.712908234194181e-06,9.467361864599205e-05,1.0403770598806095e-06,5.904935034065084e-06,1.8776811226139944e-06,1.7698303555399586e-06,2.5814867667117714e-08,3.6811183016932647e-06,4.9420562779487615e-05,0.0,9.044162619101584e-05,3.91817106606962e-08
665,1307953,10,3.310524334665388e-07,2.914021024480462e-09,9.65954313869588e-06,3.830718924291432e-07,0.0003555767543730326,6.511982064694166e-10,1.8189894035458565e-11,1.0571056918706745e-06,3.203240339644253e-08,5.816618795506656e-07,0.0006414179479179438,3.8979851524345577e-07,2.2308049665298313e-06,1.8438469851389527e-05,5.627844075206667e-07,9.073337423615158e-07,1.418811734765768e-09,2.413904439890757e-06,2.5320332497358322e-09,5.1637471187859774e-08,0.0001953468527062796,0.0,0.00013343835598789155,9.468203643336892e-08
666,1773237,10,1.862153837378644e-09,1.9257181717302618e-08,1.772290251197961e-05,2.2190384083194126e-06,4.702991904878204e-05,1.4270826693973948e-08,6.222855676203676e-07,7.503819360599184e-07,1.4630400856190107e-06,2.009933788640894e-07,0.0079299036721093,2.1252524234998543e-05,1.7141489779513852e-06,7.380904725982906e-07,1.288614507143418e-05,5.3800202902618e-06,5.182867057022811e-07,4.2003962111222815e-06,4.039044731340979e-06,1.3099052606352357e-06,1.368002344580982e-06,0.0,2.1344938829041815e-05,6.808452623907613e-08
667,1331130,10,3.3759830221635756e-07,4.707691443020523e-06,0.00019656010480996466,3.8315054274276616e-05,8.662134387571463e-05,1.691469036640969e-07,8.303909620199779e-07,3.9205052234508875e-06,3.0265103331400534e-06,4.4880374416855773e-10,0.0013957702530094651,2.9159633291878095e-05,1.678079952771583e-08,0.00014065818113960515,5.256436793914243e-05,0.0013359010234791219,6.502273934949621e-06,4.590149006722388e-08,5.4318319740412346e-05,1.1752896780292676e-05,4.342639193338771e-05,0.0,0.00024837941138798614,9.077599940343628e-07
668,1923155,10,9.59373518127915e-08,7.4565101514378895e-06,2.9922938205168004e-05,3.136355126304169e-06,0.00011903578425540018,1.3924218394134602e-06,6.344420516724014e-09,3.1993465593321835e-06,1.2318256008281292e-06,1.154315815016238e-07,0.00435864596703904,9.402132798569385e-07,3.424278688338167e-06,0.00021963532103860817,9.487216072504023e-05,0.009998006007652702,1.3032513379959698e-05,3.461378161512263e-06,3.364085751761392e-05,2.0973492483880585e-05,9.082244653331462e-05,0.0,0.010913982856575202,1.871759319940769e-06
669,1618036,10,2.0723024199420514e-09,4.4929211375638323e-07,1.84900861732451e-05,1.7431217443075742e-06,6.632904900767678e-05,2.958289570947903e-08,3.0574176051317847e-07,6.261234520438252e-08,4.7625368257767087e-07,3.250710220933928e-07,0.0021669027177814854,0.0011471777883113148,4.452871693903099e-06,3.036093616222771e-05,1.211043722573052e-05,1.3690663643369655e-05,7.380094384223934e-08,6.970607127402412e-06,2.0328684900011718e-07,3.077268159942803e-07,2.0746450447514664e-06,0.0,7.2370671751857685e-06,1.493273974612075e-08
670,1246626,10,9.20564880137198e-07,5.152494969996868e-06,0.0005308416047085096,5.332321569156973e-07,8.060940805550837e-05,8.852106653731151e-07,1.4524035890639553e-08,4.196398792524758e-06,3.3835119596925534e-06,2.4654905464438492e-08,0.11821909509436584,2.4010124561733848e-05,2.263622646964114e-08,0.00011990204743483196,1.930721231488408e-06,0.0037871730820637703,1.2391061891749156e-05,1.7971114600959237e-06,4.529190694679136e-05,2.119121597484591e-05,1.4386204033947636e-06,0.0,0.00015006236779092214,5.63933370091585e-07
671,1790098,10,4.348667613715551e-07,4.3449097872350073e-07,0.00036099909131773883,1.1439728006823469e-06,4.4730280810107576e-05,3.2505881820618643e-07,1.6307512188534767e-07,3.3299179453757932e-06,9.513588570403408e-08,1.2317239583767292e-06,0.0002007881852589856,4.755901852199207e-08,1.4976228522919216e-05,4.342805936148261e-05,2.3019224697565233e-07,3.4715426783238357e-09,1.0228226498057436e-07,4.796214236369584e-06,8.821089922381176e-06,2.0375730355980115e-06,3.79449414411627e-05,0.0,4.705885168689028e-05,6.352397849407332e-08
672,1263291,10,5.332553941334028e-07,4.765040181875513e-08,0.00011235965847111729,5.295743620417626e-06,9.686528946745154e-05,1.4252786693924602e-07,9.943204178075593e-08,7.987489657607094e-07,4.8991093362649174e-08,1.1904822012215321e-06,0.0002951507701027395,6.512923590717978e-08,9.484513297436381e-06,1.0050630517108305e-05,4.719968727820434e-05,2.3138559635371703e-05,7.55023328441462e-08,4.888449107023907e-06,1.537147985217202e-06,1.4915405871923637e-06,1.451715533405673e-05,0.0,0.00018197954752567636,4.5293429803971996e-07
673,1315910,10,4.894007110400889e-07,1.6362236387318374e-06,5.655024187335711e-05,1.3320001860911423e-05,5.607603265792016e-05,5.910995332092384e-07,1.7519687892514346e-06,7.945201196818408e-07,2.162595091004249e-06,7.978733507219005e-10,0.03277548520356666,2.070184069070946e-05,1.4638734128075148e-06,6.0371493683250566e-05,5.153984018416158e-06,0.0003651902490441755,6.657531279125051e-06,3.466459513878917e-08,1.755335849523698e-05,1.1758806092040941e-05,1.5056336868310427e-05,0.0,0.00039442027731673157,1.5481033102671127e-07
674,1317783,10,3.142207323780788e-07,2.9091469792852376e-07,7.708739481041699e-05,1.4170211951186618e-06,5.303117773800686e-05,2.2053308116470882e-07,4.869687592751193e-08,2.7853692429330446e-06,1.1026021583815382e-06,9.018472537855593e-07,0.000705964596239797,3.0236465023425474e-07,3.64821262623799e-06,1.989008309867535e-06,7.413291342526357e-05,7.5628839602409625e-06,9.221948942261804e-07,1.8498986760345781e-06,5.933225921406216e-07,2.551406965138614e-06,0.0002890006382924304,0.0,0.0004264231106727301,6.330864090950405e-07
675,1431064,10,2.5630229345124933e-08,1.3015450232509163e-07,2.6112836429934005e-05,3.063130586556523e-06,0.00011185565343108453,1.441277088089915e-06,1.383696510173088e-06,8.49189724982935e-07,4.2252653012150865e-07,8.096383993169698e-07,1.9272219451752642e-05,5.326206034585168e-07,2.162409875168872e-05,1.0693725101526552e-05,0.00010691748038694007,1.935982763206362e-05,2.4351045167340934e-06,5.47313157663043e-07,1.102287090540277e-05,6.306260098298128e-06,7.761686003840071e-05,0.0,1.5761812572730877e-05,1.0153182454508691e-08
676,1336002,10,8.276239277238417e-10,3.133595036571013e-06,0.00040522084361289956,1.918433968744332e-05,5.705018971510073e-05,1.0811562822996001e-06,6.259030354005546e-07,2.8664092292171595e-06,1.2142460406178168e-06,3.402445638775453e-07,8.723633787691837e-05,3.969880360207845e-07,5.335833327319017e-06,4.1203548207663365e-06,3.757916063475142e-05,0.0013505639807288375,7.672495823569936e-06,6.58836935951701e-07,1.1696635505112352e-05,1.2920035085753345e-05,6.642251229899143e-05,0.0,0.0023590464021981256,1.0580932606821247e-06
677,1291794,10,2.3073077463561797e-07,2.561240342615484e-06,1.847499933524399e-07,6.052240485759225e-06,1.691126326947706e-05,7.891719916788831e-08,4.716621670591836e-07,5.200600798581367e-07,7.92122807034834e-08,6.719220537222681e-07,0.00010691637237611462,1.6565139392576977e-05,3.9613653019833495e-06,4.884254311679492e-06,4.230722491990746e-07,0.00017715602926695814,1.3223603864305489e-06,1.892286484824271e-05,5.954918631943806e-06,1.613665560569466e-06,1.1425709732212908e-05,1.125171334576125e-09,1.0498118073919843e-05,8.347543807921132e-08
678,1329198,10,1.8621548747432826e-09,3.909723510275853e-06,2.0409228518758482e-05,2.4084755025910454e-06,0.00011309763971922848,2.0790348571608774e-06,2.0372283415781567e-08,2.2138137083516085e-05,2.078336130750813e-06,1.735872956487583e-07,0.0021393640837956696,8.594282476792614e-07,5.802811116950579e-06,0.0003897695107255572,4.824893267141306e-07,0.0033484270793380233,7.150628505314671e-06,2.2499951910504024e-06,2.2639504635435515e-05,1.2664431388031971e-05,0.0001828953651781262,0.0,0.0003396478110744283,2.2011627791584942e-06
679,1318304,10,2.0832898339068207e-07,4.706941594337377e-06,5.183892971009213e-05,4.1600296108834645e-05,0.0004327800045741334,1.4131580478721206e-07,5.937351263418655e-09,0.00022079805965084104,1.2390457399077959e-05,5.174712075228793e-07,0.0023990406627325198,2.5592313828495805e-06,3.310580454204959e-06,0.001371961632293632,0.004668986453147235,0.0031393567448972995,3.960175634566687e-06,1.0564869881712902e-09,3.708499622240985e-05,6.4004367033368426e-06,0.000832321415165968,0.0,0.0009703186170446215,2.7412404493970532e-06
680,1291783,10,3.823210876358063e-09,3.022875786871937e-07,3.136017615656267e-05,1.771034899410856e-06,3.306910312013758e-05,3.091116090522816e-08,2.715851617623999e-07,9.444523057719478e-08,4.1173640371455766e-07,2.2099308639306203e-07,0.0021381396222650076,1.7307492970675825e-05,4.08214207257146e-06,3.5402647675330384e-05,1.1289387886623259e-05,2.3815386245251008e-05,1.0436702934518705e-07,6.5559395513586916e-06,4.439636838368677e-08,4.031950232817605e-07,3.1705923456692986e-06,0.0,6.350364635258204e-06,3.2286708515072426e-09
681,1254762,10,3.3386562339754455e-07,1.1290250169132543e-05,0.0006436349552761678,0.0009284186102008207,0.000975946775656017,2.18607746120536e-06,6.76150574774187e-05,0.00011437835722766243,9.055885257458485e-06,3.7708798250601916e-08,0.0002630854387818682,1.2729074072570512e-06,1.6877878286220005e-06,0.0003013646214548027,9.138950131055978e-05,0.00729657645456247,2.1995526587312297e-05,1.0048855100280862e-05,6.068334794799568e-05,3.4807498982172835e-05,2.1996212677427573e-05,0.0,0.0019465730582399476,2.3455900717977984e-06
682,1920362,10,2.90089752663647e-07,1.9045349090376917e-06,5.7760129302607266e-05,9.179681991940136e-06,3.102399633682362e-05,2.2905461794647808e-07,2.0209783850450025e-06,1.7845303952254699e-06,2.7227356954803716e-06,4.4880376498523944e-10,0.02822064392758524,2.4699596243751842e-05,1.2140315312075822e-07,0.00011108968205030684,5.715332074237439e-05,0.00041006132121521044,4.928006100413107e-06,5.203262121167285e-08,2.819428195802165e-05,8.95039384421481e-06,1.6369313752817582e-06,0.0,0.00017715450826360363,3.398697578926857e-07
683,1265832,10,3.271534163989953e-07,8.456361242359378e-07,3.7456360336252104e-05,1.428786684314065e-05,4.398489352527846e-05,3.402797679047387e-07,1.8660946286414015e-06,6.93810916316262e-07,2.0172462039252936e-06,8.677493903985756e-09,0.0005452269262764403,2.1162659017678886e-05,1.538881153950733e-06,1.030562222260889e-05,2.890373030570159e-06,0.0001157773029509257,4.2435804324808535e-06,1.970203701712192e-07,1.347199342564831e-05,7.783587148771365e-06,5.496120509540514e-07,0.0,0.00010837182652999322,1.50126863898703e-07
684,1335885,10,2.0756785865799765e-07,4.579112436266242e-06,2.9918937752212993e-05,1.5838205973742192e-06,1.679194964603753e-05,6.600901290149119e-08,2.709483224533349e-06,5.717278200270681e-06,3.879819385974037e-06,2.4434870585232638e-09,0.0018301250006527645,3.2032866049025444e-05,7.182363221946986e-07,9.741369033380853e-05,1.3027858273853554e-05,0.001785907274521395,5.903728867322211e-06,2.7046063305613544e-09,6.75649461817085e-05,1.0764136958482662e-05,0.0001416089663404188,0.0,0.0007193077925438246,1.1221516766912742e-06
685,1300517,10,7.718800643791157e-09,1.7938819945155504e-06,1.5523421020343514e-05,3.534709068168246e-06,1.581297947118518e-05,5.2888037699316826e-11,2.8207028565443992e-06,5.030146231179561e-06,2.4335846783365978e-06,2.1806955952802243e-08,0.001031051308192036,3.0471186066884787e-05,2.090013076494479e-08,0.00033745558051107363,2.8303172861770393e-05,0.00045156278693610913,1.849925197458524e-06,1.4621409211434955e-06,3.956194922568809e-05,4.004563192668009e-06,5.241721878205402e-05,0.0,0.0002992888407452182,7.530910434185023e-07
686,1320367,10,1.1641532182693481e-08,1.6367994248867035e-07,0.0008496103546349332,6.008922355249524e-07,2.9533184715546668e-05,7.542257662862539e-08,1.3005046639591455e-07,1.3584940461441875e-06,1.775333657860756e-09,4.501052899286151e-07,4.853846621699631e-05,1.3538083294406533e-06,7.388138328678906e-06,0.00033760807127691805,0.0009712596365716308,0.00016929795674514025,4.898756742477417e-07,7.10715539753437e-08,9.26194479689002e-06,1.4981487765908241e-06,0.0005722161295125261,0.0,3.97228286601603e-05,4.045432433485985e-09
687,1275873,10,5.034586014127096e-07,9.555156534057918e-08,9.15843810626038e-05,1.0432105364055477e-05,4.2361019981097814e-05,6.886554906881948e-07,1.2066478580208262e-07,5.409374398898659e-07,1.488029745248809e-06,3.667165992399246e-08,0.00021462240777065517,1.3033151650923558e-05,7.896714848736053e-06,4.788637029613796e-05,4.202159945503048e-06,6.09509175193701e-07,2.496339905948275e-06,1.2104140727844936e-06,5.042466097934795e-07,4.743206468219019e-06,5.1122124276228864e-05,0.0,0.00013548967297534464,1.0677072816156485e-07
688,1581048,10,5.324551577180758e-07,1.8547731016685387e-07,0.0004048145043113391,5.153236957631396e-06,1.9633493582631167e-05,2.706498544759184e-07,4.317650266968953e-07,1.9017534545438808e-06,3.486458374328538e-07,1.4881001562834506e-06,0.00021199338950323235,4.384837937188024e-09,1.2109786449006343e-05,6.037265590852145e-05,1.2306814788087816e-07,2.9100911546134367e-07,1.0865460440406816e-07,4.708487322705596e-06,5.713024002387823e-06,1.8493553271131669e-06,2.570572786115763e-05,0.0,4.0068348967602085e-05,1.0555512634791153e-07
689,1408024,10,2.701742966501608e-08,1.4621659192477765e-06,1.8575088837312348e-05,1.2887267489745252e-05,2.5017512236984174e-05,3.179087791627122e-09,4.147147934986661e-06,2.1632682218816757e-06,1.8491140121278116e-06,1.2068154513905638e-08,0.027267918649293912,2.8621338309126748e-05,4.824401989012017e-10,0.0001196822219834831,2.0976624332324362e-05,0.00047960935466143453,2.1898163746481014e-06,1.1869707020779885e-06,3.3754143394897074e-05,4.475111989501318e-06,3.34069041215343e-05,0.0,0.00024806131649255866,5.944549577793778e-07
690,1253131,10,2.6232583044405455e-06,5.220775483316675e-07,2.5798691490233616e-05,7.176713940196255e-06,9.881455011556683e-05,2.645966724931781e-06,2.243884146768682e-06,8.713229211892992e-07,9.959205353460288e-08,6.300042229567815e-08,0.0001700415000239347,1.1557092619116083e-05,8.111693448845103e-06,2.5097709561300308e-05,3.2256698884056134e-05,4.2764293124761266e-05,1.3753702866325934e-05,2.1009588821174763e-06,1.5272629294571516e-06,2.3543078438034715e-05,0.0005285367794071738,0.0,0.0009430960170909441,1.3236018639450897e-07
691,1329615,10,1.4071216355299176e-08,5.2748694082810355e-08,5.151692884959591e-06,5.915686567513345e-07,1.1041013166512847e-05,1.601136359608013e-08,6.705335126033773e-08,1.205259049365942e-06,6.893685685176176e-07,1.0728604640797279e-07,0.0009554282660962019,2.4600129392704506e-05,1.2478588818504166e-08,2.2502759272312323e-06,3.306169752828256e-05,3.2391799524161824e-06,1.672919347668611e-07,5.8077160800563965e-06,8.701312767905173e-06,7.196434707069932e-07,4.337543811627764e-08,-4.5038784160511547e-10,6.550199694657644e-07,1.5700718457994922e-07
692,1257419,10,7.376354315552502e-08,7.274330825202124e-10,3.226258601228896e-05,4.092938707400684e-07,6.170506732655623e-06,7.226611618837975e-08,1.8844521676095183e-07,2.9831096059335094e-07,4.755937501356444e-07,1.672035574336317e-07,0.004131918847673416,2.490071634806898e-05,3.255622184963891e-07,1.2461738251590138e-05,2.1068414862147194e-05,1.6296962661310754e-08,1.2743628027833687e-10,8.121918742640816e-06,6.5526710895449924e-06,3.2205293306122873e-07,3.033001225311027e-07,0.0,6.554259799829848e-06,1.9726768030539632e-07
693,1342778,10,6.705522537231445e-08,2.1211744751781225e-06,2.786557888612151e-05,4.4167813030071557e-05,0.0002233140403404832,1.5745172277092934e-08,9.31817339733243e-07,4.982895916327834e-06,4.156026989221573e-08,2.4437031242996454e-07,0.0007268860354088247,1.6795529518276453e-06,4.711328074336052e-07,5.2784569561481476e-05,6.0956532252021134e-05,0.00021036862744949758,9.719660738483071e-07,1.9540311768651009e-07,1.4423960237763822e-05,2.3009488359093666e-06,0.002153330759028904,0.0,0.001794277544831857,1.8575519789010286e-07
694,1530120,10,4.96947905048728e-08,2.1645973902195692e-07,0.004469597988645546,3.5388802643865347e-07,6.543832569150254e-05,8.461211109533906e-08,1.8548598745837808e-07,3.0716691981069744e-06,2.4534529075026512e-08,4.986723070032895e-07,0.0007490880016121082,1.7790735000744462e-06,8.09063931228593e-06,0.0022265283841989003,0.00023664887703489512,0.00019171592430211604,5.111651262268424e-07,6.102345651015639e-08,1.1786796676460654e-05,1.5720652299933136e-06,0.0007584373888676055,0.0,2.4495413526892662e-05,2.6266206987202168e-08
695,1304777,10,2.2924992772524466e-07,8.102191940036196e-07,3.868821179458734e-05,6.239403766879204e-07,3.711515345316066e-05,3.3633271488350824e-07,7.877711115482355e-07,9.032124796970464e-07,1.4400970967803906e-07,1.0767353168794624e-07,5.616617439859611e-06,1.2249605630836047e-05,7.783996172797819e-06,6.367920942760424e-05,6.707890386477983e-06,9.643174106455099e-11,4.896572289928014e-07,4.665088840737769e-06,5.017493101590331e-06,1.1760229539289901e-06,6.0062109557754845e-05,0.0,3.794565149016493e-05,9.135417813888047e-08
696,1284601,10,4.2270830804755355e-07,1.3065534072015383e-07,9.672952870885126e-06,3.881605290533691e-06,9.322266655974187e-06,3.481009169629956e-07,9.984008474128725e-09,3.1215199794779047e-07,9.615184934502752e-07,3.1364451270887717e-07,0.0008433228982623504,2.5806690399813453e-05,3.2558064178012103e-07,1.1667434467975413e-06,4.998485602036862e-05,3.844094961307984e-05,6.732135364832803e-07,1.4977154347214916e-05,3.2762329995189576e-06,1.0402618756712168e-06,9.61588196991825e-07,0.0,1.2274408743920273e-07,1.7965541958611664e-07
697,1880632,10,1.6788595413701202e-07,1.6900045413017345e-06,5.903878575234944e-06,6.078285427098262e-07,6.870236483964148e-05,8.371362935494231e-08,1.4420648910586087e-07,1.0821414575829663e-06,7.553450454729493e-07,4.352465097848257e-07,2.2888336156587363e-07,1.73047052987943e-05,2.189942456622823e-06,6.6552703779764605e-06,1.9979730674427043e-05,0.0002900201411972659,1.122042819240443e-06,1.789288207939936e-05,4.079292911742319e-06,1.3243230351164814e-06,5.624998730720081e-05,0.0,6.288394385761849e-05,4.892127472566621e-08
698,1331513,10,3.552820623115016e-08,1.298765034074556e-06,4.596589702408199e-05,2.582508707646425e-07,4.417452041576703e-05,1.7430891815148342e-06,1.3787396698633492e-07,2.875264983610848e-06,8.846959154845679e-07,5.469649254699616e-07,1.823086512393185e-05,3.221513909801299e-09,1.4974400985752478e-05,0.0002873026439593057,5.162956512247407e-07,0.00031046413009873375,8.291450357529595e-06,8.261027438713486e-07,1.8755761887687128e-06,1.4564733026897758e-05,2.7212367209664134e-06,0.0,7.920719425536654e-05,4.243074805676539e-07
699,1537020,10,6.404966914862198e-07,1.818582888446496e-10,0.00012656280342360562,8.820416472769127e-06,3.590020499765617e-05,1.9381106988042296e-07,2.637581202787065e-07,4.789578753883195e-07,6.178148270752359e-12,1.4896890559897014e-06,0.00023470251681441748,6.703048026357461e-08,9.119845015032046e-06,2.1809472706708216e-05,2.0160337630838188e-05,1.5209888695910667e-05,2.8166602877854885e-07,3.573258059736545e-06,7.391571599270341e-07,1.8390052210250085e-06,6.351223539098616e-06,0.0,0.00023195366644743892,3.9574384765039827e-07
700,1318266,10,3.2605433699511854e-07,8.64483769284774e-07,0.00010941272428153376,3.966467542401708e-07,2.801100668351625e-05,3.859012910056858e-07,8.313302258741717e-07,1.2259424713167988e-06,1.3058914642705144e-07,9.118923717521543e-08,8.820040800321116e-06,1.1695244328854826e-05,9.121584322854814e-06,7.779227567291519e-05,4.203018169612882e-09,2.0731577870455875e-06,5.48798652647009e-07,4.537806942976619e-06,6.199664964297302e-06,1.284692053127312e-06,2.830272639642306e-05,0.0,3.00306734240946e-05,5.96183768040992e-07
701,1262588,10,6.450518950928963e-07,3.8410066016680844e-07,2.5504879065940678e-06,2.299567962354976e-06,0.00011068106584302684,6.763976402868188e-07,2.5149652327360883e-07,3.5159483890156995e-06,4.734043304033264e-07,4.4168876001116075e-08,4.867745431735848e-07,1.1548313021331191e-05,4.756158988206138e-06,0.00011750201294410956,3.561170295429683e-06,1.968562727411305e-06,1.738227401071324e-06,2.0296288751053826e-06,3.3389229006364207e-06,3.475380428663577e-06,5.928810460015255e-05,0.0,0.0002732476963560049,2.2789334000461459e-07
702,1308314,10,2.69504890036687e-07,3.6668408490148074e-08,0.0003759710532133184,7.617957726527985e-06,2.7880028866014706e-05,5.321096849253415e-07,5.985834176103211e-07,4.895127627760343e-07,1.856223861770867e-07,1.3931708987835467e-06,0.0001868683424223437,2.7887164341655613e-08,1.3467956368713035e-05,6.432047088226686e-05,3.431035386358694e-10,1.988054284824542e-06,7.055553714815921e-07,2.4656294971073245e-06,4.452236361130596e-06,2.8804936559045924e-06,2.4304033553888132e-05,-5.5057791659152144e-11,7.207916421829441e-05,8.20958247528536e-08
703,1847151,10,9.206018012353212e-07,2.3121809218373812e-06,1.7056254763697654e-05,9.234542648617339e-07,2.679052261742032e-06,6.72333447485074e-07,3.948231221129195e-09,2.8151952951582793e-06,4.161248140004126e-06,6.262372947984929e-08,0.0007447456120768525,2.3039862062167182e-05,5.42496089717126e-09,0.00014447992897708567,3.3748289526847053e-07,0.0004717576860336775,9.242677396152643e-06,5.627631918456166e-07,3.2718909653617345e-05,1.6015615962934604e-05,4.3957915132203373e-05,0.0,0.00010712339950438854,3.6349105395766523e-07
704,1312213,10,6.757760039055594e-07,4.01195930387066e-07,4.238371167798044e-05,1.9628085997716593e-06,6.800381249977977e-05,6.913197416608119e-07,1.1065520846426091e-06,9.60558910592657e-07,5.239780525717608e-07,3.333276228645321e-08,0.002476062799307413,4.6516595735866806e-05,1.932286937351979e-06,0.00017397666939644035,5.1988002594802185e-05,0.0001512904045944466,1.718844220177651e-06,2.074633414270166e-06,3.4281973309707725e-06,3.4117184815121715e-06,9.673829553705215e-06,0.0,0.0004401647256525032,3.313377559266417e-07
705,1719037,10,1.3125273284897432e-07,1.3456590423760462e-06,2.57060706703241e-05,1.332350076622274e-05,0.0005811170499760918,7.274062614748278e-08,3.383937955611649e-06,1.1344107950644888e-06,2.0759707372725034e-06,3.506669753183811e-09,0.02591778791026174,2.662732230149234e-05,1.7327238345521412e-08,4.3298593931505314e-05,2.766760063237228e-05,0.00040160363389595694,3.4232210547879838e-06,4.23175567483558e-07,3.069291635179883e-05,6.541903772798452e-06,1.6566918275208453e-05,0.0,0.00023164975556394518,3.91334462536419e-07
706,1916207,10,1.0055466128852664e-07,1.589942662909294e-07,7.241836859575926e-05,1.6384910736313985e-06,2.665747849401462e-05,7.905447462278059e-07,1.0880398007735714e-06,5.4638026332001766e-06,3.583225881113872e-07,1.10000607016561e-06,1.2886539962606025e-05,1.4317840073274635e-09,6.8641528020788045e-06,3.016968306811252e-07,4.579536139449891e-06,3.135928191129109e-05,2.494882785530894e-06,4.3391260967293177e-07,1.2856919106782327e-07,5.496871679090687e-06,1.3434340211428142e-06,0.0,3.794375792554386e-05,2.538814545954837e-07
707,1892217,10,1.9282133169665205e-07,5.185186256109059e-07,7.951685001440084e-06,1.4481787124175083e-07,8.715153122415206e-06,1.2229466212106133e-07,1.4912525631710638e-07,2.808366485838182e-07,8.277459622400146e-07,2.70663056427603e-07,0.0008328994533210923,2.097616266428029e-05,1.4641261091262459e-06,3.55207303047219e-05,1.20886455345047e-06,7.739318464410755e-07,5.324589936669955e-07,1.4363351219320863e-05,1.5815047708922503e-10,6.605462330219053e-07,2.0162919432964443e-06,0.0,2.72294094384902e-06,5.29162292282892e-09
708,1341370,10,6.233954698772748e-07,4.2356160000200926e-07,0.0002907018033067518,9.736988251102252e-06,0.0001245227736704005,2.0361910590266374e-07,1.2967296911248205e-07,2.1618935095307767e-06,3.019851332469736e-07,1.2793517464790294e-06,0.0001934892947638156,4.5007253846041095e-07,5.52422083462123e-06,3.206139139379227e-06,2.2805301688119672e-06,9.643244746243562e-05,1.1467404592499508e-06,1.4892433864710508e-06,1.931639591494505e-06,2.7936548104082193e-06,0.000216975215991351,3.613716409445189e-10,0.0010640666960844494,7.184047406544325e-07
709,1306390,10,3.310500753389567e-08,1.2091709472167311e-06,4.448603413587798e-05,2.621683385821416e-06,1.2529291452706426e-05,1.4990372908252336e-08,3.528429694255042e-08,2.970634943762207e-06,1.230660332370015e-06,0.0,0.0011519225364523822,2.7981254504136355e-05,5.104710075809482e-06,8.76115280702694e-06,2.8202167544760792e-06,0.00010039691541888912,2.527540660879346e-06,9.186272127564843e-07,3.2599831136050084e-05,5.04570230280138e-06,2.199660945454568e-05,4.784450821637698e-10,7.207750375968353e-05,5.214313443524521e-07
710,1300160,10,3.587706362551124e-08,2.925942344259025e-06,5.7912622344290926e-05,6.003791216162985e-06,2.3397358533887996e-05,1.06528297814934e-08,2.541297403277354e-07,4.373727960832463e-06,2.1307745169604764e-06,1.8749818090496584e-08,0.002247707613040925,3.3061637216853096e-05,2.37354347658314e-06,0.0002528088678059731,5.568747996002876e-06,0.0002181516067390095,4.204414064352957e-06,1.3699069744549375e-07,6.448146078583822e-05,8.025716519716869e-06,6.209746345603451e-08,0.0,0.00023901128956106688,1.1824368889960801e-06
711,1337971,10,2.4981310780131105e-06,4.091811334205886e-10,3.842864017875036e-06,1.5649638600706561e-06,0.00022163891806917246,1.875230435530173e-06,3.4218224723159274e-07,1.97144575858621e-07,6.893319455525404e-08,2.4539930351674677e-08,6.658882533024102e-05,1.0564650366265416e-05,9.363794405733983e-06,7.441381705275418e-09,4.956450435179838e-05,4.539847072604353e-06,7.564156862496785e-06,8.26360487399258e-08,3.2861502852199465e-07,1.3440876757059295e-05,0.0008213942919302053,0.0,0.000428907127593553,3.2176877823308914e-07
712,1495047,10,4.389122485078112e-08,5.177566163028224e-07,3.497093741765961e-06,5.3270489467315e-07,4.904152976802599e-05,2.493745081440235e-08,3.774088504042428e-08,8.031042725981097e-08,9.800344671767602e-07,1.8455400229919205e-07,0.0008809017279933964,0.0011309769903060946,3.7250055499645635e-06,1.5287717027316974e-05,6.100385486299334e-06,1.7222282987639295e-05,1.7655159930372866e-07,1.1833697350889863e-05,1.5148267142918448e-07,2.017377881396304e-07,5.8369692433821174e-05,0.0,4.147330694368248e-05,1.1706844434827834e-09
713,1307277,10,7.728844199847429e-07,3.5710613199013697e-06,9.38953235699036e-05,3.3108878818161047e-06,1.287479817532744e-05,4.892194291131191e-07,4.8026491235309e-08,6.0056745035882986e-06,5.9525385605052605e-06,1.354067017886318e-07,0.00027291145875298073,2.7667090249254567e-05,1.1665182993308987e-06,0.0004995217072578592,0.000433887718726135,0.00034373136244222197,1.056237916966657e-05,1.0826889508402937e-06,5.929085602417172e-05,1.8284148969767433e-05,0.0005396320699727133,1.0682178058774028e-09,0.000555544389826565,8.248528321971871e-07
714,1430136,10,2.914628266723063e-07,3.679363290431947e-08,0.0002313448437284149,1.7161318140099246e-06,5.829655264741329e-05,5.185063947435453e-07,1.1616260384150756e-07,3.5218550190480036e-06,3.3668755292093344e-07,1.4154237735139463e-06,0.00018036380243083294,7.248405813065073e-09,4.24293786268487e-06,1.0627611560495853e-05,4.39414413674899e-08,1.5617743402626671e-06,1.2772973599570192e-06,1.464529287460714e-06,5.627604891880744e-07,3.463454055219195e-06,4.1602564520931695e-05,0.0,0.00019824552177465787,2.5423862506229744e-07
715,1315296,10,1.286622161728035e-07,4.538874054986486e-06,0.0005494333568217269,1.689481468595405e-05,0.00027460276876448836,6.894386161901411e-07,2.7502042442006935e-08,3.430088101124412e-05,1.5505530361059616e-07,5.475820755510008e-07,2.952828063798596e-07,1.7972958385598092e-06,9.551265326181169e-06,0.0006355424774977178,0.00022982401239616396,0.00021286904906960696,9.12334849687002e-06,1.3684062974278488e-06,4.1214758782652516e-05,1.4581248559727977e-05,0.0056025246608835955,3.3789120112981408e-09,0.007691287824233416,3.813043218642287e-06
716,1300025,10,2.5130987077459643e-07,4.775994263406247e-07,0.00016744453737099763,1.6399655534821145e-06,3.922864268611492e-05,5.77594578048124e-07,2.1318818169135945e-09,1.231560005719723e-06,1.0828008834354308e-06,1.1890958560231701e-06,0.01391456536604254,1.6033373902157866e-07,3.648516635923471e-06,4.901867905957036e-07,6.052885004331071e-05,1.2532384807570351e-05,2.657867929717339e-06,3.260099230018021e-07,1.103054789106106e-06,5.415802324292007e-06,5.6100014042603785e-05,0.0,0.0006594636230353931,5.672192099695494e-07
717,1292997,10,5.9549134172331986e-08,1.2121627417441272e-06,6.084603665287847e-07,7.780060931814048e-07,0.0009159191160300756,3.838662426813855e-08,9.037755694524252e-08,9.95902174706631e-07,4.5173773624562763e-07,2.339124558700667e-07,1.109029394266714e-05,1.681308390143882e-05,2.6286736633587826e-06,1.5390338032397755e-06,1.0625966527136321e-05,0.00015650221210931903,7.098808341085561e-07,1.5757962174296758e-05,3.8019658724075533e-06,7.809291549046304e-07,7.673549843101313e-05,0.0,0.00010982899740773211,4.050478762812615e-08
718,1301963,10,1.5137089593268704e-06,9.811649504237047e-07,2.922468077051765e-07,2.1809880229390483e-05,5.525688720536305e-05,9.225731321012287e-07,4.5545888020630254e-07,7.671147896366054e-07,1.5231500332529846e-07,4.4951343461732685e-07,3.2186722653468336e-08,2.4999809283155622e-05,3.8519398605843524e-07,1.2620538504884427e-08,9.424711370472141e-06,0.00019965745985439654,4.162216848575817e-06,2.8623064299147793e-05,4.432155505454394e-09,5.997950098575108e-06,1.6160497298261037e-05,0.0,0.00028156830297301934,4.764935666173864e-08
719,1260949,10,8.634466332341217e-07,8.749125347817799e-09,0.00017160898547937536,8.064746176924403e-06,5.8529643739677756e-05,1.8472530282503952e-07,3.105948111099821e-07,5.98003116365764e-07,6.80443212539017e-09,1.9321971766704527e-06,0.00012973127523755595,2.796293110951531e-08,9.858989947552493e-06,7.950892441471041e-06,1.1627856206487819e-05,1.722154507510093e-05,1.4442517855609016e-07,4.324698874985655e-06,2.016010471572044e-06,1.6950098453150098e-06,6.810387291392855e-06,0.0,6.0528733309236915e-05,2.575945072247343e-07
720,1289600,10,7.251815916375914e-07,9.051330976186933e-07,9.920238043499563e-05,1.6136259765042738e-06,0.00022812434537199805,3.15579231691121e-07,2.8215276781651255e-08,4.905947765629359e-06,7.934722060509714e-07,1.3207872270673549e-06,0.0007290015411082554,7.251555016601907e-07,5.11013925076631e-06,0.0013017674637773174,0.0001656380518247902,0.0016801829056336953,2.5913870015728535e-06,3.3638743015401706e-07,7.671996402676406e-06,4.763592078939338e-06,0.0005184751703372556,-2.3192101017421862e-11,0.005100816339158605,1.1234800927420463e-06
721,1265426,10,5.85519033605153e-08,1.9442193270255426e-07,9.721948864140073e-05,6.968188195847352e-06,5.871821456952808e-05,8.833032250736561e-07,1.5426314515232242e-06,7.776776204289348e-07,6.251915572047517e-09,1.9608992683842197e-06,3.0914290495741986e-05,4.477167496394485e-07,1.8317640030008492e-05,2.5908122673959366e-07,9.670934122053831e-06,7.656250719712682e-05,7.234636628140889e-07,2.5599748131599487e-06,1.6080577769292392e-05,3.4643959037523875e-06,6.232579249781933e-07,0.0,3.5707978971386e-06,8.826856953692008e-11
722,1306578,10,4.1008288684946104e-07,1.4442705398992617e-07,1.664640318882471e-05,9.802861209422947e-07,5.1782904379875025e-05,2.2075997919458745e-07,9.064027747980596e-08,3.386780108929899e-07,1.2540594075752254e-06,1.0188724831536322e-07,0.0007268422083117326,2.4206438796255114e-05,8.460324300695737e-07,6.60530698544555e-06,3.588041097834019e-05,2.3912687913759875e-05,4.618961293896551e-07,1.3838739554159624e-05,1.931572904617998e-06,7.312975155073648e-07,1.3927577756211312e-06,0.0,1.8770707369449025e-06,9.733191600087843e-08
723,1338762,10,2.7222818716546304e-06,1.928948690985144e-07,9.603941320220771e-05,0.00012254497033245895,0.00016891176555678886,3.167210497340145e-09,7.240733321860204e-06,2.4089927859217986e-06,1.5978897059676367e-09,2.855495366202443e-06,2.2805141367716886e-06,1.5153181483207323e-07,7.399005675472192e-06,0.00016822125622356632,0.00017929264179139884,0.0008133908112177152,6.089820446669725e-07,1.2110518408083026e-05,4.28518857738952e-06,2.2267218888656626e-06,2.528039650728786e-06,0.0,5.29012776608398e-06,3.054192691843982e-07
724,1896164,10,2.8018717125426196e-07,3.247887132677707e-08,1.7055895154020548e-05,6.700460290776089e-08,7.264987680692149e-05,1.5233897145312814e-07,1.247674107189567e-07,8.441043456586944e-07,1.2542141130476164e-06,6.13391131758928e-08,0.0010272011499736292,2.480024243361849e-05,6.144135143368312e-08,1.8922678235501825e-05,1.953513454890088e-05,7.45318699148928e-06,1.1575923999397608e-07,1.088852055971569e-05,4.160337924878632e-06,3.3304598514097283e-07,8.317321826840744e-05,0.0,3.599986601984101e-05,1.4963912706514315e-07
725,1306626,10,7.559987991005712e-07,8.93751185039593e-08,0.00048136383961737764,3.64738209008425e-06,3.0475748402571112e-05,2.593099356733297e-07,2.5018722920461256e-07,1.7013222654710392e-06,3.8287299466283065e-08,2.21950340281718e-06,5.2562026630419145e-05,7.248406094090276e-09,1.8426840103433206e-07,3.4692297254682036e-05,8.007390460165048e-06,1.3216599020274278e-06,7.851956165816354e-08,5.06155398238145e-06,6.4505440770801226e-06,1.7971556567943081e-06,1.2389538631776137e-05,-5.721131207669927e-10,1.3248782379193108e-05,1.1296610221908643e-07
726,1337311,10,1.0895272890831809e-07,3.363700658634561e-07,2.1155296515973365e-07,5.368134008490455e-08,2.948144201663644e-05,7.307431264952369e-08,1.094129893283724e-08,5.900897458166465e-08,6.569707104546463e-07,9.603433157034935e-08,0.0007485706215526258,2.0430953555899273e-05,5.186546470983822e-07,2.4659462092256612e-06,1.0112852031222974e-05,2.6625740781070772e-05,2.9237422973643623e-07,1.2816380822289197e-05,2.4919424787550604e-09,3.6565386686560064e-07,5.6178063715488225e-06,0.0,1.1290522216985538e-05,6.5118987147005924e-09
727,1876308,10,3.5955973189810697e-07,2.914736700956877e-07,0.00010732952816849481,7.4531992821924575e-06,4.8688224288225e-05,4.6309089173773854e-07,1.1281688278540203e-06,6.91688009833713e-07,6.677298757321037e-08,2.2806106404413273e-06,5.083691687885264e-05,2.3893266156219117e-07,1.8233673031210068e-05,1.276599205696921e-06,1.6826487099844134e-07,0.00010733023544918716,9.546440933941303e-08,4.973741413911298e-06,1.5840191462574565e-05,2.278771099685495e-06,4.201454752932043e-06,0.0,8.267643849500794e-07,1.8542436090035475e-08
728,1306991,10,2.9572189797627546e-08,8.298123595866513e-07,3.3857149732349767e-06,1.777545832609695e-07,3.50875573896757e-05,3.020175605786268e-08,2.471126271316737e-08,2.089542900790553e-07,2.7114993565030554e-07,1.225047444632088e-07,1.5639134131432975e-06,1.7222165862994243e-05,3.4994081089048668e-06,5.244695683571249e-06,3.382690854474013e-07,3.782408175968463e-05,5.346259677602161e-07,1.4592577685674374e-05,2.659030724640188e-06,5.428575026618365e-07,9.625316192418687e-07,8.373300316999455e-10,4.8150857408918446e-08,3.508949127095651e-08
729,1332721,10,9.603301142496745e-07,5.466558742200922e-07,6.0219852148039876e-05,1.5602075235918167e-05,0.00011795451170524412,2.506700366444736e-07,2.680586719261413e-07,7.5733130462316e-06,3.3548613325579124e-07,1.5869524296538429e-06,2.304143813815218e-05,6.082269406876284e-07,4.536281747929971e-06,4.5067423465328105e-07,2.0523618895998408e-05,0.0001229883884747568,1.743681775280559e-06,8.467495083153143e-07,4.410077846357663e-06,3.5916510198116813e-06,5.700193167151174e-05,0.0,0.001251744590161516,9.772191623333426e-07
730,1257256,10,1.3702697756953763e-06,2.160618351662591e-06,0.00047436850213204707,4.636539818608787e-07,8.767233783960049e-05,7.382319750226518e-07,4.682549963053173e-08,3.0035269551337285e-06,3.098111120210245e-06,3.1117978775002664e-07,0.0012837875929304632,2.5199696957682594e-05,1.8474919998706651e-07,0.00012143855333411613,6.544798578664301e-05,0.0018992137194078218,1.18319677603132e-05,1.5632848174712555e-06,4.9845021088047725e-05,2.0372831148834925e-05,8.834552533976137e-11,0.0,0.000146650108835647,5.786775372981778e-07
731,1431072,10,2.248162161384848e-06,3.6977210860628107e-07,0.0002041993481877724,7.451191703811144e-06,4.696703373641142e-05,1.0766954854635191e-06,3.216529776903232e-07,2.7894655964255666e-07,1.3926252372953307e-06,1.5174995822431203e-07,0.02063819940548594,1.6973496103328545e-05,3.5325291847937423e-06,7.83684729135925e-06,1.3246249137052746e-05,1.3689447929447762e-05,8.065413323647685e-06,2.1804751029752545e-07,8.178499758718094e-06,1.4078685699699112e-05,4.1591074851424215e-06,0.0,0.0002592092156491893,5.973258443425777e-09
732,1567044,10,1.3015326822754525e-06,4.4048410554470285e-08,0.00014448044326613452,2.0159899557434247e-06,3.1005678029560196e-05,5.48735278528556e-07,6.312746197306707e-09,1.006057368743013e-06,1.3470561125786262e-06,1.0319716314127758e-08,0.00012905074633301483,1.398892400321719e-05,5.382699582171663e-06,0.00014737929345551987,3.204317211843305e-06,1.7058896263636575e-05,2.220907470387723e-06,1.3937052840175268e-06,1.0181610466189484e-07,4.339121833153714e-06,3.969071946431993e-05,0.0,7.850108711801237e-05,6.697878673911362e-08
733,1368143,10,3.7157374572702184e-07,2.822131914617665e-08,3.11366265886015e-05,8.905433264080886e-08,0.00016862989891508126,1.5987991675361912e-07,3.74418662359155e-07,1.2055822880413514e-06,9.805576540386496e-07,1.4721890335273047e-08,0.0020223008024306925,0.0005049013273438659,1.2061006013364128e-10,5.7003427761145864e-05,1.4288308916386716e-05,1.8232715919705433e-05,5.663834332092499e-11,8.065066034242119e-06,1.3838145919625733e-05,4.448951996145756e-07,2.2801874127072186e-06,0.0,3.1921846238656265e-05,3.2191025879646507e-07
734,1318659,10,8.212098521198641e-07,6.546897850512323e-07,0.0001190021266097574,2.5878679565494167e-05,0.00011191544393795994,1.9462278856963167e-05,1.4391798686119728e-07,2.869513940595425e-05,1.9396795806869704e-05,2.5137993020507565e-07,0.0005240334331801932,1.9767568915085576e-07,2.3611608781948235e-05,4.2754933303967846e-05,0.00012730794222193254,0.0012821761501697893,2.1980828307732736e-05,2.220482033976623e-05,5.884779170628462e-07,4.522339139612086e-05,4.395538002199828e-05,0.0,0.002862824358828675,2.0865911665168824e-08
735,1282018,10,3.9504042571858466e-08,1.5872139302389177e-06,5.783919298160689e-07,2.2951811161353586e-07,1.006673536254818e-05,4.758828124618031e-08,7.835987516149889e-08,1.8261183959387972e-06,1.15841837934616e-07,1.927002655638388e-07,0.00043764611308318505,1.505407408599474e-05,9.605976239411562e-07,6.7075888295718e-05,1.0303790893305409e-05,0.00046699316685063635,1.4636304971303582e-06,1.9712997529300336e-05,1.0562279891140197e-05,1.7482867847515293e-06,1.9040324986847879e-06,0.0,7.129675237336347e-06,1.4858556667343703e-07
736,1302523,10,3.8417411528032797e-07,1.5980881611435405e-07,1.4745337120519036e-05,8.381243093991131e-08,8.702207386963e-05,2.0237552244943557e-07,1.7122669773717014e-07,3.3003379392750054e-07,2.3982476906291017e-07,7.788734924900342e-08,0.000595848175439076,2.3619875857919942e-05,1.086951398419217e-07,3.528351109730564e-05,1.9183927274946805e-05,2.1343950873612544e-05,4.4889190869285e-07,1.3763734094852584e-05,1.3219910509933153e-06,6.626522769583726e-07,0.00014256340069770598,-1.0523387543315277e-10,9.292955356493375e-05,5.1892917676474304e-08
737,1311632,10,7.582922479237864e-07,1.0314376024458949e-07,4.1021403730800987e-07,2.1263362419421394e-07,1.7086170916287557e-05,3.359769366814702e-07,1.4959410543635698e-08,8.47415524526246e-07,1.255368169909843e-06,4.928590893737983e-08,0.0004592462555458206,1.9096973454754e-05,7.742311590175355e-07,3.3629310135230295e-07,8.821621362807563e-06,1.683893093885891e-07,3.239967704533192e-06,5.942764197477968e-07,6.249924114323097e-06,6.03715654072523e-06,3.1477691422865384e-07,0.0,9.216114142080942e-05,4.5791228028141395e-08
738,1516019,10,1.874753164758658e-07,2.2287525385661366e-07,0.00023685522802668543,7.399065102428604e-06,2.8624359871668587e-05,1.8501815207926098e-06,2.170358071217765e-06,1.975843099480401e-07,1.956269045817749e-07,1.8508752880549983e-06,0.00021638484477878167,1.4168719669159502e-06,2.72493176959078e-05,0.0002653644507437103,1.9910132332649766e-06,4.2252554516401114e-05,2.1037544358747107e-06,8.116704832590582e-07,2.7040646555849535e-05,6.407477871245987e-06,6.691310362313962e-05,0.0,0.00017134974993440397,4.44019630889414e-08
739,1776329,10,1.1858392642560833e-06,5.472412604110022e-07,0.0004910620535724108,3.6478393565866907e-06,1.7487235235383314e-05,3.492694769624549e-06,1.0039827091079534e-06,1.5574056738534847e-05,9.000339417919445e-07,7.893297605671146e-07,0.00019599899751488598,4.715450790393483e-07,5.616740904740292e-06,0.000582737093846139,0.00017982514717089504,0.0012284977795823451,1.3028158967948178e-05,2.9887249606286304e-06,3.0160097122533536e-07,2.2934958961745577e-05,0.0007628633597864601,0.0,8.463866233189565e-06,6.649366201399998e-08
740,1312274,10,1.871206787781854e-07,4.778236130584257e-07,9.177693812702226e-05,3.260812193872642e-08,2.8793669690732604e-05,4.864588051128882e-08,2.826494125557355e-08,3.1397584122211386e-07,1.0866102974349534e-07,2.4288433257690922e-08,4.7958932583094804e-06,1.505553764823142e-05,1.2392485290141364e-05,1.927326944080321e-05,7.896826649998745e-06,1.5602472198665562e-05,1.5107318819540527e-08,8.010711535520743e-06,2.3421440017018513e-06,1.3333793166120378e-07,8.469153033548171e-06,0.0,5.8982911480390254e-05,3.130047977056849e-08
741,1264039,10,4.090781526387005e-07,8.985985671533525e-08,0.00011003999031487799,5.8223879656829625e-08,9.807456118472897e-05,4.495563032096833e-07,7.833385080521782e-08,2.486523883489869e-06,6.1781448013054074e-12,2.2799530130443446e-06,0.00014544345199548128,9.061409435295875e-08,1.5681270553522322e-05,1.612744726825141e-06,8.881091047546752e-06,8.837390269699624e-07,2.498789644766325e-07,3.921016367576177e-06,9.241904503838258e-06,2.320041139002027e-06,1.0049476186546613e-05,0.0,6.922182742792084e-05,5.038798007138412e-08
742,1305387,10,1.752883342642786e-08,4.973199271993134e-06,0.0014182715536410345,9.730193229570694e-06,0.00024243746563441804,1.3910858938509518e-06,2.744466048865135e-08,4.7763706346598545e-06,2.285571929633301e-07,4.739112516860544e-07,0.0010634109052721913,1.8472936095526027e-06,8.059087443362811e-07,1.7386566410440563e-05,5.679734979557871e-08,0.0009721927795375146,1.656472825402322e-05,5.952514859006164e-06,6.19357332674042e-05,2.611808921335057e-05,0.000559320005723965,0.0,0.002597940452332803,2.676949045377075e-06
743,1632070,10,4.1916884947756916e-07,2.370722025524241e-06,0.00031577010870291466,8.177387797264624e-06,0.00017500931283981336,6.384611104526261e-07,1.4472942011511947e-08,3.4188836360193875e-05,3.919036082405958e-06,9.787338423605796e-07,0.0002835823692370759,1.3677326339417428e-06,1.2762528679571838e-06,0.00024180252903639732,2.822187518264352e-06,0.0022781499064084276,7.398117513074398e-06,6.369860011401496e-07,2.9048858979169312e-05,1.2039259435631111e-05,1.0778275241762891e-07,0.0,0.001285219006060434,1.8704820245046827e-06
744,1295027,10,0.0,2.239472329801373e-08,6.001653783050537e-06,1.6747982252429683e-07,3.9734548104655015e-05,1.3222017231084848e-11,8.26488634128597e-09,1.7915168042809126e-07,6.886682108880882e-07,3.146903217177144e-09,0.0015437047180128609,0.001113556837012409,1.1595760980587233e-07,1.4640013149096187e-06,1.4062733132251537e-05,4.349252025678818e-07,8.978986011654033e-08,6.552892303477581e-06,2.190686584999796e-06,4.4262201004743873e-07,8.464297078583649e-07,-1.8241142971109348e-10,9.424592606534221e-06,3.845534636212622e-08
745,1280039,10,1.0248552675951039e-07,1.0048411602792129e-08,0.000125213047954556,3.1130299323056665e-07,0.00014589743719070625,1.7411930611221926e-06,3.999075172816946e-07,2.677964095601504e-06,1.77167779058518e-08,1.5370298944300531e-06,0.0001505522374780216,4.338188036995261e-07,2.0070710216882337e-05,2.510041502977456e-05,6.349432404073596e-06,4.201096532929771e-06,3.955439162067753e-06,4.7963359423031093e-08,6.245441075178326e-06,8.624852317035137e-06,3.727493177313468e-07,0.0,1.1555730916310014e-05,2.4440717130702616e-08
746,1258940,10,3.725180403348072e-07,7.744879056796605e-07,1.8230017326537062e-06,0.0,3.095649586994098e-05,2.2098011769056125e-07,2.028005718218706e-08,1.866112792313357e-07,4.0913510857693014e-07,1.5202017433421644e-07,6.199846724383451e-06,1.9802937810144833e-05,9.022794274886337e-07,6.868861809200544e-09,5.3289454935573355e-08,6.822760720869708e-05,1.5373788632422336e-06,1.9625253555505262e-05,1.3221998947272884e-06,2.0048731570916634e-06,3.7632098899703648e-06,1.5477126177887435e-10,4.0945063909877955e-07,3.2380760989214608e-09
747,1338324,10,9.228628858604093e-07,1.930991709392371e-06,4.9560999602980826e-05,4.794162237121979e-06,5.90301396187487e-05,5.01798514067342e-07,2.606117093656435e-08,1.7825093574647122e-06,4.325969452476097e-06,3.3668399347652755e-07,0.023451865683394225,0.0010751855516015554,4.770868111542148e-07,0.00020735782273258868,9.057855605509868e-06,2.0159774980287037e-05,1.0304078115384863e-05,9.816205049292814e-07,5.5800922784655926e-05,1.79105964855375e-05,1.2314467902757587e-06,0.0,0.0002839216207985093,7.678615248016274e-07
748,1335432,10,1.0814542945151995e-06,4.757412328387778e-07,3.552132219552043e-05,2.5276714135415157e-06,2.576613013853188e-05,3.2461018497839667e-07,1.0880750427738617e-07,2.192106170265107e-06,4.75201333838271e-07,4.488037545768986e-10,3.0249891592275258e-05,1.2109712659840594e-05,8.065731482136823e-06,1.3837890198729885e-05,9.733754806486028e-06,1.9184453000111595e-05,4.3468477596217414e-07,4.839489331550512e-06,5.616504368633618e-06,1.0872743012486918e-06,0.00015625005516895982,0.0,0.00019516045677174174,2.1156597360821872e-07
749,1408068,10,1.629483890250305e-07,1.1050002191662078e-06,0.0002518587023626617,1.9623789366055022e-06,0.00010122842120732084,1.1702490335802063e-07,5.118123251601769e-09,8.363085692485173e-06,4.3687860745642015e-06,1.59973304991734e-07,0.001071252900271956,2.851750969719291e-05,4.036193882589467e-08,2.107195844536225e-05,8.239762930205285e-06,0.0014516129300686381,5.0657398475567605e-06,2.3658849629404344e-08,4.556528905003826e-05,9.342364448411411e-06,0.00011815944518036442,0.0,0.00012928054370075354,1.2747344209362854e-06
750,1264106,10,6.351944404903165e-07,3.623367205163319e-07,2.9644626490576975e-05,3.4785936631198666e-07,2.9976756012684014e-05,2.3991553510516184e-07,2.837374363240386e-07,1.6552885554466101e-06,9.954446933413408e-07,1.9946844176388367e-10,8.58758850008634e-06,1.4583299580817055e-05,1.3061061965302656e-07,6.282531622825438e-06,2.1059712311810586e-06,2.434085822122789e-06,3.9794459694153517e-07,5.422469227966964e-06,1.4983991870609614e-06,8.676110354599587e-07,1.0450464274724958e-05,0.0,8.012895314513102e-05,1.2426588580360942e-07
751,1655086,10,2.1086771470613108e-07,5.1577532234753365e-08,0.0001227649567373465,9.554783194851146e-08,0.00015132012140658263,6.877605743561832e-07,5.614416371743647e-08,2.9005652134803106e-06,9.404358133138779e-07,1.8762120571128027e-06,0.0002184476443979691,3.579460026992276e-10,1.2530658591278915e-05,5.016720892085658e-06,2.1159288495952583e-05,8.086237962279252e-07,1.768788135354804e-06,9.015029757176996e-07,8.272393182753857e-07,4.450484789416537e-06,1.2249371807618314e-05,0.0,0.00026732184394710756,2.537005715473606e-07
752,1336359,10,1.0838390548939536e-06,5.647391565916093e-07,0.00021756465425550042,8.855462765022803e-07,0.00010448425885851986,3.2439262431793736e-06,5.896435129881805e-07,5.396383953443218e-07,2.3428057643881672e-07,9.041881679494601e-07,0.000269620754265551,3.3848722860718716e-07,1.2889249660058555e-05,0.0006615193081776077,2.162285351042792e-05,4.122046996182793e-05,1.239155253472679e-05,2.658433078783773e-06,6.022832775565146e-08,2.1860513942248416e-05,0.00010899745603482058,0.0,0.00042683894620733354,9.734584133225255e-08
753,1293789,10,2.3722740977484558e-06,3.853542539442034e-07,1.1665358907800294e-06,1.5943511366342533e-07,8.630868173274166e-05,1.019490929763528e-06,4.812241142741064e-07,1.0236039192472457e-07,2.7224919779515744e-06,1.9457522648126668e-07,0.0004186118747865151,2.7562118819900172e-05,2.7033578719852513e-07,0.00021550210050426573,3.260484848656431e-05,0.00031506313341070867,3.4598878175234188e-06,2.621501933368353e-05,1.2764080617681112e-06,5.132904008865735e-06,4.0784460463363925e-08,0.0,0.0003936255582382576,1.7285868306703145e-07
754,1618042,10,1.526775502899702e-08,2.1237309593725995e-07,8.287975201692888e-07,2.918313188153554e-07,6.659043278463804e-05,1.963721261120932e-08,4.7222029887078465e-08,1.4887331037903573e-07,2.1190245311393519e-07,1.982712529054187e-08,0.0013808663590376396,1.9802687145959244e-05,2.624351737224098e-06,9.9857346224589e-06,4.000715670483476e-06,2.59085235981716e-05,5.8421813255160604e-08,1.0368857490635972e-05,2.5759904907080022e-08,1.1637966162124369e-07,4.6376462715823005e-05,0.0,3.624098955899366e-05,2.4009221624710086e-09
755,1810236,10,1.1905760870511983e-06,1.9224201064371726e-07,0.00032760285725252913,1.0233893755928758e-05,0.00017509308829732895,2.3301248380791506e-07,2.723127299208983e-07,4.208354106693957e-06,8.548448282574839e-07,2.0072824307160175e-06,0.00028023627087042646,3.157856732771691e-07,6.3073945628100425e-06,8.008834812722743e-06,2.654640450794332e-06,2.9930140320766352e-05,1.0489028001159362e-06,1.7269776871886577e-06,8.678862647437668e-07,2.6344505594799728e-06,0.00012522350520233205,0.0,0.000820257203997754,6.039526313506016e-07
756,1265040,10,3.3906788377002783e-07,1.3461194363351137e-06,0.0001373588726117092,8.239201348077263e-06,0.00012333384524527286,4.8759838368328534e-08,5.338467455248685e-07,5.674697396818029e-06,2.2511014167794774e-06,1.115709474877602e-07,0.0039187610389164115,3.7334943363269424e-05,3.278454136147746e-06,1.7389792579605712e-05,1.2042790877984932e-05,2.430672894424002e-05,2.373793585364048e-06,9.216973226658376e-07,7.656524772920587e-05,5.199478477498076e-06,0.00024304838902274722,0.0,0.0013564515870688743,1.6808503207066394e-06
757,1260107,10,4.448965797709814e-06,4.3555124557004277e-07,0.0004032015231702074,1.2057321939484833e-07,0.0005156246232716766,5.807344166039452e-06,1.828716926874363e-06,1.997874790647669e-05,9.885031682088652e-11,6.661203081348432e-07,0.0010214359591116662,1.7373433061629306e-06,2.1897913048588014e-05,0.0010634063190582549,0.00043763897649518047,0.0019088096856333392,1.9713778258628745e-05,7.231284696332385e-06,3.3828469469948663e-06,3.4441499042442425e-05,3.711457427918452e-07,0.0,0.008064032716166167,9.414749299607728e-09
758,1304456,10,8.982658852678405e-08,4.4930269695736547e-07,1.7677465366169876e-07,4.83850594347468e-08,2.625247342718899e-05,6.714362913752547e-08,1.1306286271800525e-09,5.7981243408930516e-08,5.7134381673679124e-08,5.3167577685961365e-08,0.00014352046202963618,1.9184782248228213e-05,8.408555758621095e-08,5.931150504154964e-07,1.7686835746526935e-06,4.928067540324252e-05,5.184943750024401e-07,1.4515945793033835e-05,5.33180947203879e-07,5.985879425480373e-07,5.760459884939645e-06,0.0,5.42939037795169e-06,1.168222938524588e-09
759,1260159,10,3.688321309300302e-06,5.961115050190369e-08,0.00019712242405300895,1.2550958998769346e-06,2.608862384401861e-05,1.1890429496355659e-06,3.476627660412013e-07,2.924078011667941e-06,1.5638275202220497e-06,9.16733550807014e-08,1.0498689000916495e-05,1.1089550094274536e-05,6.0045610577458275e-06,5.285365313171392e-05,0.0001225443488084288,0.00014544447039417652,4.119714046277312e-06,3.3601747963935e-07,1.3927953147613303e-06,7.575845470619846e-06,9.545170706049683e-05,0.0,0.0004575342253099954,2.194211371625565e-07
760,1916124,10,1.7695989183719174e-07,1.7428247061010427e-06,0.00020163875935382686,6.248919507456652e-06,0.00014646727363676337,9.804498354304414e-07,1.2697404933037504e-10,9.928338911509293e-06,1.2984736759008575e-06,1.0822199126916954e-06,5.670169287425031e-05,7.735029138519756e-07,2.855992448203004e-06,2.3618550283592554e-05,0.0001170718420611741,0.0005175620385684532,8.584422227106425e-06,1.06131824528094e-06,2.0792729787902364e-05,1.4181081621711389e-05,0.00029963717491727354,0.0,0.0016467378188183557,1.3729488593516859e-06
761,1290007,10,1.2359114061333276e-07,5.661347373120407e-07,0.00011881298681638147,3.7526020631867274e-07,0.00010795881370197907,1.9067978405742925e-06,1.3413775386966753e-07,4.278795704216326e-05,2.1034610770132023e-06,1.210286254348103e-06,0.002631693543803368,1.1881189886098209e-08,1.2394690455309887e-05,0.00011664384728409666,5.867779106558113e-05,0.0007214603642049927,8.2405718698636e-06,7.766373955678252e-07,6.57825669894696e-07,1.456988543735438e-05,4.797705933326513e-06,0.0,0.002103141524052103,3.595471928657945e-07
762,1899442,10,2.074901523690248e-06,1.4816705758147197e-08,2.704066975543068e-05,1.638540432499086e-06,0.00010943196215001949,6.568086599705036e-07,5.395114863887551e-08,7.647747211209088e-08,1.0823552027035277e-06,7.4394225772767e-08,0.0007011909887330546,1.4062679384713866e-05,6.864623516469881e-06,1.4213355415362838e-05,7.750638745841754e-07,3.2488442449490895e-07,2.8901543016879305e-06,8.844788920818469e-07,3.9537616236540174e-11,5.466007637341258e-06,1.2769403420903602e-06,0.0,7.242140208084044e-05,4.8829030346864144e-08
763,1317526,10,1.0186806291209716e-07,1.6781211496785797e-08,6.006245269738961e-05,4.818069132203617e-08,6.049103765176991e-05,1.5371619155706007e-06,5.852472033662792e-07,7.5418975737720495e-06,1.4642067384627866e-06,2.016501737346632e-06,0.0006456677231491126,7.05335512451305e-07,1.697364605801957e-05,2.7984251554154238e-05,6.5527849000268645e-06,3.14715203960092e-05,2.4019499710141445e-06,5.618150551132961e-07,1.4061776087977845e-05,6.451386457939634e-06,6.888994706800988e-05,0.0,0.0005527201187515811,5.516788414983154e-12
764,1251225,10,8.54783778214685e-06,3.305897377181566e-06,0.004489020492885354,0.00017057194420422306,0.001204860745627423,9.076920535755484e-06,9.391627648791534e-06,0.0021837136946019076,1.0320283428288946e-05,1.519768172419944e-07,0.0025401907973618965,6.314783482785913e-07,1.7731195225634266e-05,0.00018043256555955178,0.0060373075800859155,0.001461553480191724,4.678798819823804e-05,3.1416899887726224e-05,1.1018246240279694e-05,7.603814159451439e-05,0.0026770565088325426,0.0,0.015944151474400536,3.28624900403085e-07
765,1922297,10,5.764922213213897e-09,3.019768885781371e-07,2.756251460632464e-05,7.894918261426576e-06,0.00013443903370394944,1.2107580282597064e-06,7.103856429838129e-07,9.614230421367553e-07,5.468065939484568e-07,1.586923922630712e-06,2.1530238783776245e-05,8.948649460327474e-11,1.115404231630951e-05,5.856369670390049e-06,6.451872653336077e-06,5.3436451398061746e-05,4.75217681957657e-06,3.975767680353126e-09,8.95812341528135e-08,9.02789702190987e-06,8.294774723201226e-06,0.0,0.00033087635441625407,3.35800888644211e-07
766,1883111,10,2.279448936381989e-06,5.657524464533492e-08,9.425120352339611e-07,1.6889758926615095e-06,3.236648792829394e-05,7.761730341920847e-07,4.392844296305376e-08,1.9438838969043637e-07,1.5125726316525534e-06,1.8640598973759803e-07,0.00015375977205714375,1.6404042547896874e-05,4.285189292206615e-06,7.507942321936106e-06,6.710079104507716e-08,0.0,5.200019306490777e-06,4.7802475703490055e-08,3.6091414396637045e-06,9.277027496475826e-06,1.7056357769162922e-05,0.0,0.0002313434300864614,3.237370066466738e-09
767,1367571,10,3.262350801655489e-07,1.7732491516472826e-07,3.240523222862446e-06,8.467398508668622e-07,4.8635266346609696e-05,1.4491123158030805e-07,1.152466449355627e-08,9.66098538276311e-07,1.9047639543551265e-06,1.1592158843942713e-07,0.008792815410641665,2.2944743497940734e-05,4.9281463132544445e-08,3.124920182205268e-05,9.548334935879227e-06,2.0793944507838114e-05,2.8561345461891596e-06,7.926142294549521e-07,1.5445847414731484e-05,5.417856508638935e-06,1.9272407075977827e-05,0.0,0.00023901189674604625,2.0492424054538438e-07
768,1310485,10,1.1024136342963065e-06,4.621831847656521e-07,0.0006330260540915456,3.880527413360757e-06,0.00014585004101776156,3.2517944889565165e-07,2.581536713563981e-09,7.606227296272361e-06,2.814032673201239e-07,1.8772592621993378e-06,0.00029756298991702457,5.33311463039865e-07,3.708838141464055e-08,1.849022970818598e-05,2.57049762875175e-05,2.959665636008413e-06,2.2211527087312444e-06,5.194035437514066e-07,4.666563490782205e-06,4.33553186752339e-06,0.00024055958712471126,0.0,0.0002436714984987362,9.13256050803779e-07
769,1252521,10,2.0156184478287154e-06,1.818582819057557e-10,0.00012476777135617123,7.952334271432021e-06,0.0001037311914303049,7.327349724542409e-08,1.439803315010646e-07,7.831823861902121e-07,2.587777707015182e-07,2.8557021373547264e-06,7.140196274960098e-05,1.0808035688300577e-07,7.672645731478939e-06,7.0742727961703444e-06,5.227292695125438e-05,8.667648056058172e-05,6.220997206957124e-09,6.001863892556719e-06,1.4628957990189817e-06,1.3069113783681363e-06,8.451940803622104e-07,0.0,7.190915142993651e-05,3.4909689386464215e-07
770,1314067,10,7.738702485649701e-07,8.389934772964902e-08,4.2119955901153555e-05,7.312749848373268e-08,0.0001016336745519441,2.809838593777203e-07,1.0356657779118927e-07,2.4938750895226597e-06,1.2163466865666717e-08,2.889837814485166e-06,1.4899700028467994e-05,5.725217343960365e-08,1.2531170989491316e-05,1.4288737989167494e-05,0.00012499247780394483,8.798425803129006e-05,2.9207127617489337e-08,5.664404536170897e-06,1.056222121369882e-05,1.8950156145600139e-06,3.3122145031653366e-06,0.0,7.534270262533199e-05,6.123959468348761e-08
771,1277945,10,5.180883081712384e-07,1.3898019662200722e-08,4.795308060481784e-06,4.341758289803932e-07,8.133261068537373e-05,1.444444615791851e-07,1.2697404933037504e-10,1.0306896056772041e-07,9.219197749169017e-07,3.085917531231441e-08,0.0007257645373898586,1.7893617729847905e-05,3.7640714178957535e-06,3.6722123377960075e-05,5.381317522194784e-06,1.9801601502691252e-05,9.992266886242607e-07,3.0609157676934895e-06,8.467745737997245e-07,2.116516906899152e-06,3.496116252006687e-06,0.0,8.645435931702028e-07,5.299335824326956e-09
772,1251390,10,5.3284823497978806e-08,2.2070700623350037e-07,2.889715115670516e-06,4.858176285912896e-08,2.895377578763722e-05,4.396899222144923e-08,1.1638342130304569e-09,9.966806463479472e-09,3.8457611409303816e-07,1.017100914255109e-08,0.0002715901798965581,2.0249687830792285e-05,1.7657539437901382e-07,1.428891843607491e-05,1.52239182454883e-07,8.180125294094537e-06,1.6792582182775795e-07,1.1765293413987937e-05,1.2042072426027284e-08,2.2915868033712705e-07,8.192846793347863e-09,0.0,4.900113687762719e-07,3.420899515049758e-09
773,1660018,10,2.432468599190829e-06,3.465486671586082e-07,0.00022861499130111262,5.476085402765507e-06,0.00011431018178093694,8.43707542511063e-08,2.6370096287142708e-08,4.4402694651467234e-05,1.004696668083227e-07,2.221127821208646e-06,0.0003211244969342428,9.017588588206005e-07,2.2196415964334526e-06,0.0001322509451860132,0.0006160326672832242,0.00011750520459744701,8.630598321499039e-07,1.9031274216957383e-06,5.1965697836081626e-06,2.0849856795096544e-06,1.298767486522523e-06,0.0,0.0007409268778907283,1.0646184793600133e-06
774,1861164,10,2.9170690624483187e-07,4.854603618056896e-08,0.0001495730845928224,7.345467002109474e-06,0.00012561090283969706,6.397689565548759e-07,5.017587906622212e-07,2.6679267888483904e-06,1.762702315291631e-07,2.1616831947339488e-06,6.336100786049487e-05,0.0,1.1022515682964501e-05,7.562116300735555e-06,6.251590365137505e-07,1.3470119848452144e-05,1.5886062615655394e-06,1.1028991805175914e-06,8.10245788157582e-07,4.040522608925179e-06,5.8557704524196674e-06,0.0,3.636119136968263e-05,2.3014826205577932e-07
775,1909346,10,4.928893196781692e-07,8.09969050885595e-07,0.0005377778211959339,2.1263025461182306e-07,0.00032071094968923186,2.497453571337349e-06,3.4539949539391657e-08,3.506258359338432e-05,1.3946302873379945e-06,1.0842708259017897e-06,0.005418436247015754,1.9251312113888197e-08,1.6163104695182673e-05,0.0003389286913480227,1.8407620386212686e-05,0.0015374272032937647,1.1767307714585784e-05,2.4658462758064825e-06,1.8500011815247852e-06,2.035133421243729e-05,7.259295763807627e-05,0.0,0.0016353937694015414,3.0697581562821874e-07
776,1933168,10,2.69836862052536e-07,1.454886091184493e-07,2.4108098203211303e-05,7.843884259478573e-08,5.943244919795476e-05,4.4161640270004576e-08,2.466234980298687e-08,1.7107482320512235e-07,5.184807600130958e-07,3.65190685157335e-09,8.118045919739553e-05,1.6974075399616567e-05,3.6098932441677722e-06,3.481102699173094e-05,7.452961910014988e-06,1.2815822089940615e-05,1.515051506056908e-07,6.199831540307232e-06,8.338180732501976e-08,5.014510213972867e-07,1.2548848490022413e-06,0.0,8.179814387316783e-06,1.0145457156676696e-08
777,1321166,10,2.0218863275647814e-07,3.029261289450025e-07,5.4465129747324065e-05,6.885168087160387e-07,6.087628820269225e-05,2.2540082928595995e-08,5.264703912058466e-08,5.362337198930311e-07,9.798448231297663e-07,4.986707921594835e-11,0.00028156894735776455,1.6080658292335487e-05,2.591961990129621e-06,5.184051573579179e-05,6.553522451713256e-06,1.9272930080617423e-05,4.356159166024609e-09,8.410761117409044e-06,1.2997814222079351e-06,9.011068094824659e-08,7.885469117207763e-05,0.0,0.00010670947744950005,1.8262143266362107e-08
778,1297063,10,6.591860022761575e-08,4.450497012586929e-09,2.3329548373890452e-05,3.6107353218461924e-11,5.424397832124936e-05,2.0344285225210035e-08,1.398581027760304e-07,4.484317527517212e-07,1.6644540766289073e-06,3.4884647656663326e-08,0.00541696207758818,2.1901354530166894e-05,9.79271383674124e-07,1.5131313637437027e-05,4.747267002361971e-05,2.3713882313126933e-06,7.406368838433486e-07,3.5336036659817938e-06,5.952725877486631e-06,1.7397221089739123e-06,5.90327412715308e-06,0.0,8.854644514429827e-05,9.237940382100795e-08
779,1559178,10,3.656820511233061e-06,1.0883018945473388e-06,5.469997097495849e-07,4.977220203816746e-06,2.381861352779291e-05,1.4395657380594784e-06,5.783796810376884e-07,1.0865442659491187e-06,4.408585002557697e-06,6.733552627702366e-07,0.019895105871658714,2.1264792081476802e-05,9.075238897093829e-06,0.0003062647525234885,8.81072334868449e-07,2.788810755216531e-06,1.528898734548534e-05,3.2033627648808682e-06,3.696663778790521e-05,2.5919187356004958e-05,0.00029309858614501305,0.0,0.0007695166075489812,3.249260184801095e-07
780,1263930,10,9.600476089596799e-07,5.912721372097751e-07,9.242976722501073e-06,8.066112612004073e-06,3.945731556278392e-05,1.5301553547147906e-07,3.819705848145949e-08,5.761296538453475e-07,4.5239454681683666e-07,4.986708962428921e-11,0.00018360357145903033,0.0011909411469163689,8.298234685677475e-06,1.3764489014002346e-05,6.199683215996066e-06,1.4592879110361667e-05,1.5261478872319323e-08,8.06688114807913e-06,9.182671346245896e-06,1.4621568004274943e-07,7.691200926084746e-05,0.0,0.0001218806653358051,2.531831404875562e-07
781,1501097,10,5.7608367844373676e-06,4.953827088122198e-09,0.002275290513652377,1.2602694239787632e-05,9.861367448174216e-05,1.7426830160559292e-06,7.731174278616249e-07,6.316381282980149e-06,6.503543648131438e-06,6.267939671802947e-08,0.017540357937502506,3.769998730323784e-05,5.152784552660272e-06,0.0012453853528422466,5.7608759176479285e-05,1.6646172694853578e-05,2.8227833705311844e-06,2.3329423718118636e-05,2.2279101170592785e-05,4.816440663728966e-06,0.006794705680388188,0.0,1.730691041881144e-05,8.329711703274068e-07
782,1313698,10,1.904845411859063e-06,2.4585068841842528e-09,0.0002292193980524479,3.099145766471273e-06,9.357079926445092e-05,1.0355737715614377e-07,1.3414828553548475e-08,3.112786976736809e-06,1.9424103051696173e-08,2.8913839890121196e-06,0.00010506302017722693,9.192109639080681e-08,6.812214589098364e-06,2.6729748249833263e-05,3.943829542912489e-05,2.3416064855348584e-06,4.494740427421484e-08,5.290788775709487e-06,1.2563606122777127e-06,1.3845919666875817e-06,7.673385643790914e-06,0.0,6.209554382059779e-05,3.6114597386227576e-07
783,1256701,10,1.207593951349506e-06,1.5999882480716154e-07,2.556383352607383e-06,2.0109212223173856e-07,3.966551840888649e-05,4.21158093365237e-07,1.567581342509783e-10,9.517458548768953e-07,2.0401405706263476e-06,2.2068003421860105e-07,0.0005382396163578218,2.0336492647009263e-05,4.1824600212347907e-07,2.0427040118807527e-05,4.579700513512863e-06,5.402027324637876e-05,4.709599399514708e-06,9.296465416225308e-08,1.2248441637906227e-05,8.52554737527933e-06,1.7138764958693486e-06,0.0,9.800508164994892e-05,1.018993944570945e-07
784,1908380,10,2.856811443900653e-06,4.3604751827353017e-07,0.00023562272528344225,2.1922039627822465e-06,2.3741008537234154e-05,6.102631475296549e-07,1.584585182165532e-07,1.4264305881472872e-06,2.61359045197751e-07,2.191700382986328e-08,2.5401966292762368e-05,1.0048853469814267e-05,1.218002940997498e-05,0.0002477483394584673,1.0405575110103427e-06,3.921369198717217e-06,7.921690838783024e-07,3.804809724283764e-06,1.0498889750375218e-05,1.8238389372857156e-06,1.5055773054800659e-05,0.0,3.6604223146143033e-05,4.915309056927053e-07
785,1336008,10,7.746364022002961e-07,4.498763819457685e-08,0.00013782822369017012,4.9733656808416404e-06,0.00012601102509260387,3.8499150917942204e-07,1.7235450783942285e-07,2.8151414915821016e-06,4.765125626027267e-07,2.497113768370335e-06,0.006293250308211193,3.255616009070761e-08,9.861084020273275e-06,1.0006274578679142e-06,2.161690596559629e-06,1.2746133977437762e-05,9.231593976997965e-07,1.9333509437766128e-06,4.0954239783827506e-07,2.905264335776453e-06,1.2180242573014283e-05,2.8143650604439685e-10,2.4502474422764126e-05,3.1381649289591307e-07
786,1308916,10,2.2882156094916617e-07,1.1592530851922689e-08,6.241075357855258e-05,1.4636650154109532e-06,5.291955337202725e-05,1.6379000187735637e-06,9.219350391442838e-07,4.426868648460536e-07,5.560330668119562e-11,2.279141397672213e-06,1.1358285185107675e-05,8.457377718498749e-07,1.944772999671468e-05,2.046138801524433e-06,5.8217209023554706e-05,2.106861312409919e-05,2.433909838832349e-06,5.635951103102887e-07,1.6401822815446943e-05,6.574462840649997e-06,2.8552129633929724e-06,0.0,1.0047814641665764e-05,3.444246561568054e-09
787,1333246,10,3.1315602556716837e-06,7.049558533520073e-07,0.003985393861612889,2.143338666586725e-05,8.182231696168135e-05,6.048841834013774e-07,6.7258226039979e-07,1.0395409693803037e-05,6.689995237854629e-07,6.104586849908777e-08,0.030895092472535794,4.3822544754358594e-05,1.4820274739521522e-05,0.0006943206402855936,0.005199851138273086,0.0026204123011456526,2.488199758454712e-07,4.792742703443875e-06,8.742061819225905e-05,1.8846408580477925e-06,7.294072647268113e-08,-5.233791108838481e-10,0.0033605194208889758,2.3589230232629044e-06
788,1316831,10,5.758714941017651e-08,6.86331753894931e-08,9.809555890707977e-07,1.7739074007275257e-07,4.722382463864111e-05,3.265358370849181e-08,4.431696195086876e-08,2.0876701841907042e-07,1.0408114130486257e-06,2.0611773399181743e-09,0.0009168790849560203,2.1902692758261205e-05,3.7243813282711313e-07,7.142914398849953e-09,2.134533163384439e-05,6.1507523595218105e-06,1.0259086819647267e-08,9.241647771444234e-06,1.4410215585063113e-06,1.6828054417300509e-07,2.723559409709142e-06,0.0,1.697555505591683e-05,3.868396286632603e-08
789,1253148,10,5.78388296403054e-07,3.220652172730709e-08,0.00016409776097841416,4.884733070455172e-06,0.00012050618743998653,4.626702842930319e-07,2.706089550497115e-07,2.6040018149126043e-06,3.353512733825226e-07,2.5294475776913017e-06,4.774836498464691e-05,4.3848381245381596e-09,1.0693421311186446e-05,4.885422661117522e-06,1.2770226889072256e-06,1.1834265655055742e-05,1.0014151950871186e-06,1.8222342316465134e-06,1.018478390825417e-06,3.1036224807240442e-06,5.809264978548501e-06,0.0,1.253122391899758e-05,2.2574760377702674e-07
790,1334614,10,1.8006539903581142e-07,3.070454113185406e-08,3.436453698668629e-05,6.196642061695457e-07,6.341973494272679e-05,2.1973391994833946e-09,4.013418219983578e-08,1.6948761185631156e-06,1.1091469787061214e-07,2.4112523533403873e-08,0.005870100518222898,0.0009510266245342791,1.0849907994270325e-07,1.798616722226143e-08,2.7794158086180687e-08,1.0437870514579117e-05,4.281173460185528e-08,2.0453589968383312e-06,8.920658729039133e-06,1.3993121683597565e-07,9.045470505952835e-08,0.0,7.535246550105512e-05,4.3699401430785656e-08
791,1310294,10,1.2543381531782138e-06,2.690315891937245e-08,0.0002247011944401557,3.240725061758737e-06,8.656607102335359e-05,2.4994735277686364e-07,3.035631613787504e-08,3.5264916024152493e-06,4.6359823984570836e-07,2.7555497846588894e-06,9.801103155923988e-05,6.356117374442527e-08,6.250100962917893e-06,3.721182959651875e-05,3.4458072294376446e-05,3.610931620687957e-06,4.502561818629791e-07,3.062302658628918e-06,5.497770223100718e-07,2.0448357429987685e-06,1.3235557575416723e-06,0.0,2.1811097072138574e-05,3.757307472061766e-07
792,1904152,10,1.1239605894469706e-06,3.350037862392963e-08,2.0176453019021823e-06,6.091516461387281e-07,7.79085643769703e-05,2.409955674395614e-07,4.165989398938197e-08,6.312679253980824e-08,1.5387099486750822e-06,7.976382089894263e-08,0.0005683458882339461,1.6241469012284043e-05,2.2210574742685674e-06,3.445814698438063e-05,2.66510916113738e-08,3.4928404070613817e-05,1.233393071540384e-06,2.657227734709222e-06,9.743353403951494e-08,2.540162467080248e-06,4.26422092893175e-05,0.0,7.310300611008264e-05,3.4386282606047036e-09
793,1256823,10,3.204562969771202e-06,1.1586285703080179e-07,1.1357144429636687e-05,3.195663790880876e-08,0.00017683071393282887,3.917346742127181e-09,1.4108225004916264e-11,3.482412053890105e-05,3.131135757200587e-07,4.000211493758801e-06,1.4364507787377467e-05,1.0214766201291359e-08,1.6843518768627774e-07,0.00040763653058746054,1.6003151029168883e-07,0.0001245455554281412,6.725580466142994e-07,1.2602119595512759e-05,1.0367958691673632e-05,2.5887232979922292e-06,1.1901720841216504e-05,0.0,0.00040120118247592533,8.458281322738792e-08
794,1536026,10,7.598760487503853e-08,7.779313830960644e-07,2.2538341709621434e-06,1.1765028355884e-05,0.0001676138225245108,1.212290511844183e-06,2.830161866182457e-07,3.253962445652625e-06,1.468497759560261e-06,1.515233933421789e-06,5.155277670735453e-05,2.614636031642026e-07,5.856917938175388e-06,2.2851892921373074e-05,2.4406221972958497e-05,0.000350817008760676,7.786664281507483e-06,6.76512374696292e-07,8.941608825384362e-06,1.3105149639307256e-05,0.00017109052433586514,0.0,0.0006426234788358548,8.848096358163304e-07
795,1328105,10,4.6290014640675003e-07,1.8515084202440357e-07,2.134426472243968e-05,5.186128030857523e-07,6.997705331543251e-05,1.9365869860683838e-07,4.595557126507721e-07,3.089481311006198e-07,3.7264995536405443e-07,5.75781043503365e-09,0.0007436530031811554,2.2373895263277585e-05,1.4894875985296124e-06,6.384109925399589e-05,1.393202888708145e-06,8.109260519247735e-07,6.563359570867233e-07,1.5055381434580031e-05,2.4076004133746776e-07,8.877565861615394e-07,5.934013531938565e-07,9.65003108671647e-10,1.3005524646513694e-06,2.8947487894573354e-08
796,1311247,10,6.454330231622785e-06,2.877186986924296e-08,0.013137742941275884,0.0011874944241447374,0.0012696840365784348,1.513221307588436e-06,0.00010508264065348452,2.6132352595558545e-05,4.0820828522067365e-06,3.924395659132829e-09,0.0009168803753626074,4.070514858499352e-05,1.9604059369009164e-06,0.0023001618033372077,0.0001996588101671505,0.004236711482319799,1.2562681144835663e-06,1.7141676118860583e-05,4.01979698795539e-05,2.734435404286306e-06,0.0009541931862334964,0.0,0.0010432918483214704,1.9262995060546906e-06
797,1641173,10,1.0301756669245377e-07,4.091811334205886e-10,2.045261392122355e-06,4.372868950969222e-08,0.00012651590624696701,2.5871022976686753e-08,5.0292097694693005e-08,1.611176975307993e-07,1.7692644931344148e-06,1.099159573428321e-07,0.014607141235346947,2.1996945193780704e-05,7.921645066508165e-07,1.6124388152044533e-06,3.16816976674017e-06,3.48107887311877e-05,8.64869075856145e-07,3.275226329119141e-06,6.604267923954188e-06,1.9346715574436457e-06,5.31964998065626e-07,0.0,2.432509364581892e-06,3.834825642173856e-07
798,1255008,10,7.236672485214091e-07,4.100821616309647e-08,4.0323533854857985e-05,1.121819771104926e-08,4.604704144530597e-05,1.2980705639542567e-07,1.1216423720372681e-08,8.231502481720332e-08,1.1675364480837058e-06,7.903497050570918e-08,0.0001542565950681668,1.7222386933947453e-05,3.96128424642872e-06,3.612152665573992e-05,6.452518204677626e-06,2.2278427340496898e-05,7.066051796317252e-07,3.764310084586331e-06,1.5332813389778988e-07,1.594921829640994e-06,5.6165206496761044e-06,0.0,2.6625563040921785e-05,4.074053622238338e-09
799,1645125,10,3.609826643029973e-06,8.682630819184523e-09,0.0002099612593927519,3.2398782271424176e-06,6.087490095067066e-05,5.211551943468118e-09,5.82925083203456e-09,6.076623842755924e-07,1.3247556752971068e-08,3.8406936859816665e-06,1.416778555970305e-06,1.1594639244549843e-07,4.8851794903805035e-06,1.9096613852274263e-05,6.200690944428017e-06,0.0003017158217745869,2.212785425066699e-07,9.547476967849272e-06,3.460343676459088e-06,1.6720987216951866e-06,5.904214038957717e-06,0.0,1.1224208849094919e-06,2.955096156109782e-07
800,1880304,10,4.625652264000912e-09,4.400222818057298e-09,3.504601909770644e-05,7.917264609608177e-07,7.993344845970418e-05,2.8461357506892604e-09,3.662020910816244e-08,1.3132996327935853e-07,1.4403158479017741e-06,5.40146712357803e-08,0.0034445170299436043,2.2944405111760546e-05,5.620246097681747e-07,3.4233269748870643e-06,3.918748558762869e-05,7.81097050234214e-09,1.9322284434963866e-07,5.665728022109795e-06,5.288906934589055e-06,7.28683224149318e-07,6.051009012845998e-06,0.0,4.21216152198256e-05,9.682296751856168e-08
801,1265089,10,1.4625060763273634e-06,3.639752854320277e-08,5.791189439521144e-05,1.390655461862289e-06,7.389970872697521e-05,3.9568600561021294e-07,2.1084890731992711e-07,4.467827181484085e-08,9.58651516860115e-07,4.488037684546864e-10,0.0008856576152301843,2.7667985634912545e-05,2.699606665955423e-07,4.366942539725527e-06,1.0613100467904424e-06,5.917285688175622e-07,5.187792387235934e-07,1.3987808216459063e-05,6.865152642806377e-06,9.540638529065282e-07,7.39835690361304e-06,0.0,4.972273784108888e-06,2.6562397144672123e-07
802,1904293,10,2.377611276610514e-08,3.743551066359707e-09,7.727158550539792e-06,3.40669102302793e-09,0.00015239167413240093,2.225824219381778e-09,1.6847245961487678e-07,3.0900461031602156e-07,1.9042452731286852e-06,9.427243585768963e-08,0.016151868101377802,0.001088999183731388,5.614775571323449e-07,1.7891721401371713e-05,5.1058369017302485e-06,8.537757942028712e-05,4.2219838421175826e-07,4.408688860781801e-06,1.1154608926602916e-05,1.2498105200035858e-06,6.655943093184652e-06,0.0,1.0200569914090019e-07,2.0059453125290116e-07
803,1249956,10,9.611906889930855e-07,4.295433268797222e-08,1.7060099043855748e-05,3.646728703038393e-08,6.663431962100619e-05,2.751995187427747e-07,5.932028022265223e-08,1.441689982950578e-07,1.7951927867437822e-06,3.0565108392888174e-07,0.00042354114509775276,2.0793282411613045e-05,1.7187197360810091e-06,8.268201193151192e-10,3.087931528533705e-09,2.228223349054481e-05,3.3896863686350143e-06,5.224873355358373e-07,1.0692296167277848e-05,6.298800314157027e-06,2.430782161874645e-07,0.0,7.242057609874869e-05,1.2165880581421762e-07
804,1306423,10,3.348224468180394e-06,7.653037592536549e-09,0.0005880641295232386,3.6107353218461924e-11,2.6357811683641597e-05,3.5723304890253327e-06,2.1251763838298077e-06,1.4517511784037374e-06,8.336216689164289e-09,1.9879797573119085e-06,0.002064792604437121,1.9895126961225196e-06,5.758807326505799e-06,0.00013363474815718257,0.00045710473857685924,0.000281570418459956,7.562435067623441e-06,4.247116004163498e-07,1.927287569096492e-05,1.5412108970540295e-05,1.672799587990742e-05,0.0,0.0002486915418857469,3.4681640795342084e-08
805,1251975,10,6.721760737651156e-07,1.0027810803080184e-08,6.15018543794095e-06,3.0274588903971e-06,9.439953789779337e-05,1.223819823224781e-07,2.0501948306151513e-07,2.312390172849732e-06,1.14475630654063e-06,6.756556675258096e-08,0.0014516099678544047,2.8944449249193767e-05,4.36794854260375e-06,2.923971513275371e-06,5.152834780715494e-06,1.3542174607470911e-05,6.237354254531174e-08,6.604928682295459e-06,1.8748952605347757e-05,6.844224856141293e-07,0.0002114113359349733,0.0,0.00015976966974083628,4.731841635029904e-07
806,1253474,10,1.8221967253446297e-06,2.0301572944275703e-07,7.885425525015755e-05,9.610590100718464e-07,4.8648472689243744e-05,5.77901569110903e-07,1.6209927450154538e-07,8.907957157154589e-07,4.4988481850277706e-07,1.0398901972158425e-08,0.001096273083668482,2.510099936237596e-05,3.659297774516457e-08,5.290134679709901e-06,1.3913423215666451e-05,1.296029558579305e-05,1.9890540000101764e-06,2.106852743296271e-05,5.92976329287162e-07,2.8513893433178977e-06,1.0692854624081219e-05,0.0,4.610493350609181e-05,7.692487418754779e-08
807,1367331,10,3.1313288737476463e-07,2.1151162747645724e-07,5.465715559368339e-07,3.2496614080224084e-10,6.348521729192258e-05,1.582005934933073e-08,3.296439979316723e-08,8.303642372309294e-08,7.392407806554313e-07,1.994823731026052e-08,0.00044436646852471715,1.6080145928354383e-05,5.615823728110508e-06,1.96248501224041e-05,2.19084666295416e-06,7.235645409935099e-06,1.4159590167039937e-11,8.880652119921603e-06,1.5371819388140806e-06,5.386709023454117e-08,4.120517482204475e-06,0.0,2.6010309751604496e-05,5.7532259413115017e-08
808,1450148,10,4.242049565818251e-07,1.129446449907312e-08,0.00015376041037088242,5.336053172252941e-06,9.647230247351868e-05,5.48183534523905e-07,3.787132112388625e-07,1.614998574719917e-06,1.3590941392097045e-07,2.9929242196247152e-06,7.788392451107962e-08,1.3724493229394508e-08,1.2817939390341593e-05,9.548031229048709e-06,1.3226667595657438e-06,9.5492010501394e-06,8.840301717917554e-07,2.1021917861845096e-06,3.1330674663231084e-06,3.0694850284944397e-06,1.8215505396303178e-06,0.0,3.5724896692707064e-06,1.4885211367318685e-07
809,1340539,10,1.0176860621435857e-06,7.764629506717968e-08,0.00011363491621138241,5.015079731968131e-06,9.720335456844462e-05,3.967384682272701e-07,1.3572145378740186e-07,2.5360606445493095e-06,4.357321635763134e-07,2.855124304066564e-06,7.778994749811641e-05,6.609314491534679e-08,8.407714955534218e-06,4.501576948007235e-09,6.811987318555701e-06,9.300978486018185e-06,1.1449616287746711e-06,1.6112488589806184e-06,2.8227199900393574e-08,3.091851854344213e-06,3.504452228223626e-05,0.0,9.300126517640395e-06,4.566118021603893e-07
810,1900662,10,6.086757520923358e-07,7.930339489953253e-08,8.172092848396026e-05,7.617054973617365e-06,6.994895994388156e-05,6.626795747907699e-08,9.135170433646755e-08,7.887516597256117e-07,1.662897843736355e-06,1.6128445862531593e-07,0.015587525342567653,3.1248911304293525e-05,8.357048262436217e-08,2.3232339417429693e-05,2.2210184615067963e-08,4.2770553937650224e-05,5.93309146840193e-07,3.685509853548069e-06,3.329300560146395e-05,1.8311931123046743e-06,6.0217030124248144e-05,0.0,0.00015475215375207463,7.676049123273021e-07
811,1264499,10,2.0174447633511394e-06,6.32201452993586e-09,2.0341342947129137e-05,2.562048231902203e-08,5.019875300443094e-05,4.488289246512567e-07,4.431150740086265e-08,3.047230823921554e-07,1.4160728507295328e-06,3.1401180797946404e-07,0.00018036496902461285,1.772560782607041e-05,7.409306961303486e-07,4.134653823154727e-05,2.528794182006522e-06,0.0001394757796359808,3.460243719215217e-06,5.037217745973432e-07,3.842364197467751e-06,6.366620863174077e-06,2.1069272440304987e-05,0.0,5.808004361743113e-06,1.1167962381264385e-08
812,1862183,10,1.6643935727145287e-06,1.9374765028445928e-08,2.275197911043303e-05,7.400096392468081e-07,8.201758586315333e-05,4.0906753769054394e-07,3.0569649429879053e-08,5.44715099692894e-08,2.0453811497775365e-06,3.472848754612623e-07,0.007992361917576803,1.9184851011183612e-05,1.7949708481582172e-06,6.402795940108064e-07,4.040935757156083e-06,2.432565013206489e-06,3.842115969140969e-06,3.3678588506197427e-07,7.34448049752312e-06,7.065936107081283e-06,4.328930151842325e-09,0.0,7.140181010511365e-05,4.5729001335592656e-08
813,1389177,10,1.5853264568113645e-07,1.5801753822097808e-08,4.8024521040211654e-05,2.1170719493104895e-07,5.644574716697631e-05,2.2392383693808915e-08,6.91860562937463e-09,3.185839799989265e-07,9.027610057589508e-07,1.1447403721123739e-07,0.00034150841511308705,2.024799267776739e-05,1.2320428010408058e-06,7.050547609147029e-07,3.672272810739327e-05,3.4221499715415826e-06,4.351182849200719e-07,4.579155856467704e-06,2.3098146901927297e-06,1.1219331513025177e-06,2.3386879856451825e-06,0.0,5.6849879239317946e-05,2.678762569055526e-08
814,1335756,10,1.9990191439667182e-08,6.19366490733908e-09,1.3833256891360168e-07,5.610524436983066e-07,4.840216311580159e-05,1.0182347770504308e-08,3.154480310296748e-08,2.1364836056900205e-06,1.1866555173281612e-06,1.8415433850754725e-07,0.0004613909323207821,2.3913594075983258e-05,7.569375021984626e-07,8.840002319668305e-07,9.672297066297408e-06,4.475507372881521e-05,9.79464788927742e-07,2.957849176539462e-06,1.1492503717604186e-05,2.1927795359200086e-06,7.2909268167137276e-06,0.0,5.1123086644934423e-05,1.509020229537028e-07
815,1255487,10,3.1257979048182616e-07,9.027647907972058e-07,5.52404960223879e-06,1.2109049162226104e-05,0.0001299385889768634,1.1467904251216687e-06,4.738875465648551e-09,1.3476060211264906e-05,2.1596785573577137e-06,1.5648331019441075e-06,6.715501765092169e-08,8.113008070423366e-07,9.62470474978605e-07,3.99425425726338e-05,0.00020420473320619664,6.099613825606698e-05,1.0111722669528533e-05,1.7437781360263305e-06,2.470120135938253e-05,1.646707801642583e-05,0.0005740804360968993,0.0,0.0014915056964106,1.5179578886775902e-06
816,1249371,10,2.692526159947528e-07,1.1937904637049357e-08,7.956796108207764e-05,1.6374381714145958e-06,0.00012474710732715555,7.806561373724374e-08,6.523584243633973e-08,1.6903442803389845e-06,2.591487777675594e-06,2.696157657550158e-07,0.003115875011736602,2.2754380701178745e-05,1.2061010523645166e-10,3.1246452117106305e-05,2.2560832042134438e-05,0.00011406256376833568,1.9340076726909183e-06,1.512686782847994e-06,1.197340845290884e-05,3.862721278127812e-06,1.169716979719515e-05,0.0,5.852334020441108e-05,3.835506443422565e-07
817,1330964,10,2.016166283005244e-06,1.4839048614878614e-08,2.1252829764076275e-05,9.58573393002038e-07,4.439972398670791e-05,4.772697428205575e-07,2.620854427579089e-08,5.4392838844119495e-08,2.017215971393538e-06,4.2177678374194505e-07,0.00024648817882531177,1.8922321578115908e-05,1.9051546559789578e-06,8.455560492823255e-07,7.180430481507072e-06,1.4889566034848034e-06,4.284670651520661e-06,1.9272517943341727e-07,7.562421096469346e-06,7.819333618690888e-06,3.128292163159796e-07,0.0,8.667748062453351e-05,3.908914221473214e-08
818,1390164,10,2.8809590730816126e-06,3.601162461563945e-07,0.00214318695361726,8.847200660966337e-06,0.00022868426458444446,2.4010660126805305e-09,1.4117540558800101e-06,5.6092467275448143e-05,1.723092282190919e-07,1.137013896368444e-06,2.686283551156521e-07,2.67822906607762e-06,4.82468749396503e-08,0.00027942261658608913,0.0005714013241231441,0.0006394027004716918,4.638786776922643e-07,2.8550857678055763e-08,1.5942561731208116e-05,1.1012307368218899e-06,0.000164848861459177,0.0,0.0006837218243163079,2.1627784008160233e-07
819,1367556,10,8.651745378208953e-07,1.7514331998591537e-09,0.00011728923600501026,2.1605957211540128e-06,5.342373030355063e-05,3.0286317392880235e-07,1.3879113342635252e-07,1.1841756923775676e-05,2.2894083857860625e-08,3.7252752477928697e-06,0.0002961841571563553,4.843146358610162e-08,8.702486772479284e-06,4.1611363140875435e-06,1.376416676724529e-05,0.0001960001259836315,6.79398861648528e-08,5.153333034069868e-06,9.241876937154947e-06,1.949920146068068e-06,3.624076992760766e-05,0.0,3.24904448049633e-05,6.726710413337833e-08
820,1536028,10,5.779526709957794e-07,7.614747929429733e-09,1.591965050509042e-05,2.789230543739918e-06,3.3956097408700814e-05,9.558135773482523e-08,1.1438726554846568e-07,3.235104922352794e-07,7.565096322610654e-07,1.8460900651912082e-07,0.0002869640532347853,1.9271950413145278e-05,2.4645138987505755e-06,1.59769639844487e-07,1.6402117815141753e-05,1.6799992579724643e-07,1.020321280909009e-06,2.9929498459070614e-06,2.341098645539108e-06,2.172431574194722e-06,2.6522082783232703e-05,0.0,0.00010567800954264239,1.0762631841298997e-08
821,1252829,10,1.9601119404903666e-06,1.2962060765703276e-07,7.022506601530101e-05,1.6978838442843758e-08,2.1151015245832877e-05,2.40425903224456e-07,1.6945939560614187e-07,1.6496368813422035e-06,8.100520972262326e-07,1.1610859468672019e-07,2.1996786646241023e-05,1.3690504028902178e-05,2.102310531031798e-06,1.2888398505633836e-05,6.299934038975913e-06,2.937641346164449e-05,4.766495139175986e-07,4.709130647984061e-06,2.221046797180881e-06,1.1103362996256472e-06,3.410620155507374e-05,0.0,5.7305083183370464e-05,1.1601248567014166e-07
822,1552028,10,2.921698989896693e-07,1.378161989216975e-07,1.1628303489509204e-05,5.18926151093016e-07,2.8461707701175898e-05,1.3702718343333586e-07,2.8471835642612797e-08,1.655480235205481e-07,8.473036004694179e-07,8.946714173327375e-09,0.00042518483253745597,0.0011128900177615475,9.669979112066074e-08,3.6120760317844e-05,6.729436663119315e-07,1.1222501204019228e-05,5.190024874538596e-07,1.4213567258133594e-05,5.3304765993550385e-08,6.417239610638503e-07,1.6813871883160358e-07,0.0,2.016678376647041e-06,1.1728793273407812e-08
823,1895036,10,1.5883776238526104e-06,8.473071469103366e-08,4.0704854853591474e-05,2.220879531356426e-06,7.78669356303538e-05,4.099092748548888e-07,9.567197394380611e-08,4.67192495932911e-07,1.0406725214177903e-06,4.768237072544368e-09,0.0012588306306806143,0.0010824108650432668,3.8441490811218226e-07,5.7125942463549795e-06,6.577255938539257e-05,6.0528275916328644e-05,9.22072267869195e-07,1.632196088620884e-05,2.8565234154280528e-06,1.4088547769380844e-06,1.681064640168123e-05,0.0,6.502696204387787e-06,1.4121021095665764e-07
824,1289346,10,1.0283620213158429e-06,5.501133273355663e-07,0.000507622018631082,1.596757647348568e-05,0.0004446102539077401,2.0103470887988806e-08,4.013418219983578e-08,1.462522050132975e-05,8.458300726488233e-08,7.791677489876747e-07,6.028464122209698e-05,2.205764758400619e-06,1.196676748804748e-07,0.00014057495718589053,0.0001540191806270741,0.002831772100762464,1.413929567206651e-06,7.816197467036545e-07,2.212145773228258e-05,3.321474650874734e-06,0.00031926312658470124,0.0,0.0002540892019169405,2.1736923372372985e-07
825,1392400,10,3.24526227037103e-08,8.166412327620387e-09,5.155289685635292e-05,4.929372006006599e-06,0.00010279585021014115,7.396107758496362e-07,1.1862649968302774e-06,1.3493492760571768e-06,7.882607304735001e-08,3.611650140865341e-06,0.00012588923666571536,4.3688291119503564e-07,1.797753020896936e-05,2.673018552692974e-05,2.7005011749361985e-07,0.000282241776928583,3.862293958059593e-07,3.4595337938189696e-06,1.8319844605797775e-05,2.9700126178873465e-06,2.5908471069452377e-05,0.0,1.1072655951155363e-07,5.516788414983154e-12
826,1290127,10,9.484568199123744e-06,2.633114970507222e-08,0.0027962981278900345,7.656021666305884e-05,0.00015853518293285768,1.8420240309457991e-07,1.3793741272027926e-05,1.5562672891412943e-05,3.513034293953221e-07,5.289538729871812e-06,0.0004541148023674904,3.9474753749102476e-07,5.382617928505196e-06,0.0026718556703518095,0.0007268396059906326,0.0005080552904905833,2.627417868002191e-06,1.9889626170881136e-05,5.0179744752118505e-06,5.224113712565259e-06,0.002075712685471187,2.839446074098806e-09,0.012855023049909063,3.827202854703171e-07
827,1262252,10,3.6482388203543104e-06,1.2913620935778303e-07,1.7306544545882263e-05,1.16295950099779e-05,0.00021277158177824412,8.469641485375767e-08,9.530001316565562e-08,9.677234508592703e-07,5.050894083258317e-07,3.2749505708556947e-06,1.5602191203445415e-05,6.400021019259405e-07,4.9294546616979185e-06,1.4873259516420823e-06,2.6937200483523327e-05,3.1472519084065065e-05,5.31848249066269e-07,2.624512688433056e-06,1.959800681905488e-06,1.7458018818639065e-06,1.129037035810937e-05,0.0,0.0008042886126377324,8.258705499197827e-07
828,1251381,10,3.196381853143304e-06,7.260555624777343e-08,8.742046417067884e-05,7.558121605286128e-06,0.00017896284760379744,4.0815815913197717e-07,2.0721887700192454e-07,1.3833439625687838e-05,2.8183178179680413e-06,1.6275032208024065e-07,0.006272640764237655,3.76953917716194e-05,3.2766157793129302e-06,8.290826939066909e-06,1.9355388346339875e-05,1.8918146961574567e-05,1.0749751472305391e-07,5.762098355246992e-06,5.358341159097946e-05,1.2489733123566271e-06,0.0001879591888755694,0.0,0.0005349966158770814,1.8140329225840857e-06
829,1337267,10,2.1886842759416547e-06,1.741359753337779e-07,0.00018468995657223986,3.4934799467145616e-07,9.85766321540682e-05,3.1318913063377307e-06,6.008658865880312e-07,4.647373053334736e-06,1.3014654768606082e-06,1.8753200402427117e-06,0.0010156984828835341,5.615126773134138e-07,1.568318054515072e-05,4.36630569805585e-06,0.00011342386712989705,3.610907672035868e-06,1.043253349040929e-05,1.5879104915961229e-06,1.5894299501134634e-06,1.880732214420977e-05,0.0003621395518631221,0.0,0.0006275032899198951,3.909677778746179e-08
830,1253101,10,5.428489551144444e-06,1.4287540447271985e-07,1.2460821738786987e-05,3.660192373350357e-05,0.0004063582158014417,1.6536127939170697e-08,9.321158228395299e-07,4.218746248174643e-09,4.4847445278967113e-07,3.3845775519666943e-06,6.20885922675285e-08,1.0401970699375207e-06,3.8014767700794705e-06,2.342482914671762e-05,0.00019043876981450492,0.0001243227683314918,2.6996124096595464e-07,3.496262188915078e-06,4.039253408076593e-06,1.1262920126750564e-06,1.2816611098538655e-05,-5.316993303972062e-10,0.00010080098741926252,8.684242530782038e-07
831,1302110,10,4.343533894224372e-07,4.435601265451172e-08,5.654813255841218e-05,1.4668997433395226e-05,0.00010826609388803199,3.012265507862377e-08,3.527057118590804e-10,9.318658248796963e-07,3.0621908769928874e-06,2.609574276390969e-07,0.017072034320084986,3.0470441972393902e-05,3.5191193126227205e-08,0.00018252056153937601,3.1698174206284957e-06,0.00012099917068386645,9.228748329703773e-07,2.854928912165988e-06,3.3061490232494384e-05,2.3725380126765616e-06,0.0001488383172005836,0.0,0.00028730014809115467,6.970654085614036e-07
832,1309694,10,4.094522194422745e-07,3.732322216426498e-07,1.5211831254739738e-05,3.969257332468723e-05,9.449581980949806e-05,2.9143397498043733e-07,4.899804798008667e-07,4.801607540842745e-06,4.284356442785242e-06,8.843719125559146e-07,0.0284495710387465,2.992349902104785e-05,2.598120516575375e-07,0.0001630738590276959,4.356022760544642e-05,8.667653441386813e-05,9.244183464193756e-06,6.728356660642976e-07,6.83935490742929e-05,1.6336056078557204e-05,0.0006682237180207773,0.0,0.000832899378645939,1.0811361043083778e-06
833,1304193,10,1.2759878064080854e-06,4.094896639307566e-07,1.079650730147902e-06,2.3814077605474604e-05,4.8854161634876575e-05,5.303962715558219e-08,8.148417952637266e-07,8.90956711952634e-07,9.003964721032709e-08,1.3215096388713432e-08,0.000513474804343883,1.176501601262564e-05,9.425197336751512e-06,3.226190057152578e-07,5.951545682916087e-06,0.0004605298164714819,1.6862396362213317e-07,1.2248911253238959e-05,1.5600367220491157e-05,9.654302046344099e-08,2.4107362450141723e-05,0.0,0.00011363330653445594,4.5575354587143457e-07
834,1262084,10,3.626093094191707e-08,4.546457307852414e-11,9.408660140257374e-07,1.1903086584344469e-05,6.457430608764955e-05,1.038064473615763e-08,2.889166013861355e-07,6.954724258642631e-07,1.4407029736915322e-06,2.2070741736643362e-07,0.00524031158517262,2.323203232630286e-05,5.037521006480417e-07,5.913666284154684e-05,5.9598307958683844e-05,1.11570311794075e-05,8.282997090540423e-07,3.276393026031832e-06,9.180072858955973e-06,1.9358819988712916e-06,3.696713559988782e-05,0.0,0.00015926535733071234,1.5116565870235132e-07
835,1916143,10,1.123330706318676e-06,5.687429359760299e-08,6.64227434289677e-05,5.034968884494451e-07,8.388949078376798e-05,1.677576989614349e-07,1.8593886528736614e-07,1.0584567760273805e-05,1.2300869051129482e-07,4.5793706365017395e-06,0.0016957924343164177,2.3101851977236354e-07,1.128911954112466e-05,1.2531150359047782e-05,0.00014810887393137268,0.0004879686582496996,2.400364703218638e-07,1.0176140136066575e-05,2.5099285467247712e-05,2.4783138430385654e-06,3.1688411778994785e-06,0.0,9.820802010342133e-05,1.3791953690223124e-12
836,1512067,10,7.073612497195125e-06,6.148766514002535e-08,9.196665371669077e-05,9.792687380799636e-06,8.294420461280039e-05,1.0560882781132652e-06,1.8967731552077538e-10,1.4232391353161122e-06,1.055810463626572e-06,3.101512804429274e-07,0.0007828751627629027,1.0559141339558376e-05,1.831696599305377e-05,4.1889976552800245e-07,1.1419669440349e-06,1.664288188120422e-05,3.0599967508204706e-06,8.235564752032132e-07,3.4590900080191944e-06,5.834891241049411e-06,0.0001537571259242823,0.0,0.00046181669382416857,2.426325987903155e-07
837,1900865,10,3.7618253896365417e-06,1.1366142471658236e-09,1.474299486057748e-05,1.440049002029986e-06,0.0001493556333438048,7.396839139806044e-07,1.3547668875624197e-08,2.066991049008704e-06,1.1453852680823329e-06,5.029706432457814e-07,0.0009211225778873074,1.6399619605880766e-05,4.750370574041485e-06,4.079281083813058e-06,4.719744024757333e-05,5.902658073261152e-06,4.970400701992395e-06,7.626125585885601e-08,3.20407321357033e-06,8.954665084041913e-06,2.4028451170790555e-06,0.0,3.5714829449834395e-06,1.3791960629117028e-10
838,1776304,10,2.5105869013580806e-07,1.6692102561277622e-08,2.275570338778482e-05,0.0,0.00013987881438251581,1.4898180659417282e-06,2.8638864992686086e-07,1.231552883770859e-07,3.027545705872048e-07,2.925836255787684e-06,7.129317738122087e-06,5.052091674104253e-07,1.4064136512774439e-05,5.07073772547384e-07,1.8233220647645432e-05,4.7888847333581175e-05,2.6905609457061885e-06,4.2541295135201107e-07,9.987846681047685e-06,6.650593293765217e-06,1.6082910918466253e-05,0.0,6.839566629524008e-05,7.371694407676266e-09
839,1253475,10,4.2817969095609865e-06,3.978561149559079e-07,0.020090232099325818,2.4701246173298996e-05,0.00012312135839055022,3.372305473967052e-07,8.805296658268014e-07,1.1642466813094332e-05,2.1001481605928407e-06,4.6158055200945514e-07,0.035006420744854196,4.664971725323874e-05,1.3102790388408447e-05,0.0056430135256808275,0.007593381691999308,0.0007695039272149068,1.9070034431994953e-06,1.234046543313605e-06,0.0001272352027207324,4.913519889057638e-06,0.00048268105286837504,0.0,0.002753098245019188,3.338538426621296e-06
840,1777122,10,8.108953109958739e-07,7.228726178198919e-07,8.817261200388948e-05,2.592877355309109e-06,1.4020469101767852e-05,2.97495500456435e-11,1.6541855078766599e-07,8.350050293884359e-06,6.339207041933248e-08,4.275662157660065e-09,0.0021659715973960866,1.0239930998745539e-05,7.237017488517794e-06,3.609160309184234e-06,2.298734413930248e-07,0.0005631136680968804,1.6643672048760605e-06,2.097654009308031e-05,3.516575695217128e-05,1.999941428104668e-06,0.00014089664885207076,0.0,0.0010523524750125149,9.146917585231562e-07
841,1334302,10,1.277015700188594e-06,1.5514463720667226e-08,3.113801139697017e-05,1.1889925859778772e-06,5.714223478274841e-05,1.9471832782974596e-07,1.3542644377445567e-07,2.2856388099193325e-07,9.414352811591697e-07,2.50213609387373e-07,0.00016281745997800967,1.7557657998986537e-05,3.49806487718457e-06,2.352219579370915e-05,1.0955805159161558e-05,3.091353016934639e-05,1.3238994877387555e-06,2.465254753860474e-06,8.665634704772829e-07,2.712982177788953e-06,2.4645904589393197e-06,0.0,8.190339295257101e-05,2.206714672103871e-11
842,1306360,10,1.9873810882392595e-06,1.2943727860370569e-07,4.1612337109003805e-06,2.6969134313964416e-07,2.0269531806681867e-05,2.0131557054020588e-07,1.0606326428241886e-07,3.9788811800889334e-08,8.477032930782891e-07,1.2314055557183234e-07,2.937765322114788e-05,1.3617440701562539e-05,6.250833490092228e-06,5.1552050455382775e-05,1.3233668659448639e-06,1.3232601157459056e-06,3.12362184683862e-07,5.290244784159764e-06,2.8914142924801878e-06,8.486006311501926e-07,8.445710337432258e-05,8.780987117984473e-10,3.794512723035923e-05,1.6046357762325436e-07
843,1937078,10,3.905606966725372e-06,3.5207759552235984e-07,1.4723167311991858e-05,2.440857116425832e-08,0.0002519660551527636,4.491968481623587e-06,4.4771674367893866e-08,1.605496478251922e-05,3.297711875127618e-06,1.1078092923000327e-06,0.0009844131299860948,5.592906315854407e-08,1.1720410208582166e-05,1.5211386064528654e-05,2.318882466045835e-05,0.0013641591108193296,2.5940311124017512e-05,1.2075591532934027e-05,9.225466048867759e-06,4.232212477894848e-05,0.002481866229217644,0.0,0.0006614743124320199,6.647464676490245e-07
844,1366475,10,4.7627681850834214e-07,3.814018417064302e-09,0.00010059991073843241,5.46699857911781e-07,0.00010194645329392529,3.9699320145136774e-07,1.9977235670570748e-07,5.825345094391532e-07,8.963182716523188e-08,4.079458559583249e-06,0.0002493230870204005,2.018314548685174e-07,1.5919956238490823e-05,2.4108461309187146e-05,3.168219518120269e-06,0.00015725102930628024,3.89751812594763e-08,5.569022069881052e-06,1.5998998867769454e-05,2.134249138880523e-06,2.703892707797695e-05,0.0,1.2099681559012143e-06,5.256653921176246e-09
845,1247537,10,8.653988832416082e-07,4.5464566139630236e-11,0.00013595494396658955,1.877156276409303e-06,4.661689191940571e-05,3.0323452261671324e-07,1.3601882847130708e-07,1.7983439945183644e-05,1.9928066540692013e-08,4.04081180190724e-06,0.00039322969159925544,6.829168765903892e-08,9.120099716673769e-06,6.723182303866593e-07,3.364035968111967e-05,0.0001790251378725495,4.3678676377167935e-08,5.429347670012075e-06,1.0561827764987708e-05,1.9366990586626442e-06,2.3232531126602535e-05,0.0,2.3425854763104575e-05,4.102158741511874e-08
846,1905184,10,3.700655053506807e-07,2.023757852687158e-07,0.0005621647368319049,1.6456566875877598e-06,0.00011081853872578484,2.4081326427394245e-07,1.4666984947397932e-07,4.084306096233115e-06,3.6572532215867204e-06,8.296761128540053e-07,0.06680674981419737,2.8736510713583963e-05,1.880124471387301e-07,3.2729995064609274e-05,3.0701625806428545e-05,0.0026553477491197686,7.453282051511634e-06,1.8485577667204378e-07,5.5057105278727425e-05,1.327640552295506e-05,1.8846610583239665e-05,0.0,3.070042966263342e-06,9.244915292472289e-07
847,1531145,10,1.7403619311032181e-06,3.010797118632724e-07,0.0020884903999274784,3.577546513894303e-08,0.000520697196086356,3.059341481620459e-06,1.2055048932077539e-06,6.758818776972375e-06,1.2507875830625181e-06,1.7709543904190217e-06,0.008128826706025466,1.6464847174546549e-07,2.0607259461805083e-05,0.00020477203469246308,3.956113106122483e-05,0.000989099782207646,1.2815223244165563e-05,2.956806644749399e-06,2.3714666139845741e-07,2.229582156622334e-05,7.310157044649462e-05,0.0,0.00030484981749169526,9.340723403292173e-07
848,1339716,10,5.81263979024943e-06,4.7638108478104124e-07,2.070697259125981e-05,8.409315278914975e-05,0.0009700915745338434,8.753785573495376e-08,1.6419421346169916e-06,8.172535766251543e-07,1.5898236340669558e-06,2.658443123998433e-06,0.00016744891875413587,2.4376677748502718e-06,1.0657578477443752e-06,2.0703017595845308e-05,1.3917249381108221e-05,0.000869075507279618,2.823716706783219e-06,1.7274770481440216e-07,3.0585140089529894e-05,4.731732649275455e-06,0.00047873937673366396,0.0,0.00029070483806344083,2.028166945534926e-06
849,1531113,10,1.2109580062105718e-06,1.1349566071683359e-08,0.0003748109077570602,1.2843241929683114e-07,2.705392741418622e-05,2.075460091434389e-06,6.627749818272077e-07,3.6877334376600457e-06,2.0299777766380478e-07,2.9583454035156387e-06,0.0004108725380959771,1.1022414241196321e-06,6.570404894740145e-07,0.0001418489748599358,2.9485049803226748e-05,6.55445773828367e-06,3.4235548753841494e-06,1.7659234568395688e-07,1.730540227445898e-05,8.248210473731088e-06,4.0576029107793066e-05,0.0,0.00012723887493457098,2.229744536924594e-08
850,1915067,10,3.486295910987147e-07,5.3664345397996804e-08,0.00010588503323876591,1.482380452084986e-05,7.294297663233695e-05,9.379618935712042e-09,5.643292083634677e-11,1.4506673113243163e-06,2.593013714372039e-06,4.0927269041174386e-07,0.0182628203395487,3.124765747225533e-05,9.09203744167697e-08,0.00013409754134011131,9.364322195982988e-06,5.955289332726377e-06,1.6903627543460309e-06,1.6645425434252958e-06,4.212096907423718e-05,3.735792251040315e-06,0.00017556229805403,0.0,0.0005536613605803611,8.848448646431306e-07
851,1644211,10,3.3118338068488518e-06,1.5223089532695466e-07,3.4825051667755624e-07,2.9485274881866502e-05,7.372556203972744e-05,9.622341383130895e-07,2.040024140836927e-06,2.1575516735913847e-06,3.7261061068202816e-06,1.1252457886405665e-06,0.0007091579427214688,2.275345669008541e-05,5.328779292997077e-07,0.00014089875462154622,3.4106211202280384e-05,2.381537287642066e-05,1.2109661830184137e-05,1.6120909860882493e-06,3.794596122172131e-05,2.063943144697475e-05,0.00020392010286629514,0.0,0.0006885393973550188,4.037394538310146e-07
852,1878719,10,8.356930233238691e-08,1.9319612031346023e-07,1.7639541214326676e-05,2.189729424520448e-08,2.3800337923984838e-05,9.58322677081791e-08,1.517024887341678e-07,3.0825422724090057e-07,1.6815053666824342e-07,1.469348331201159e-08,5.331484930239105e-07,1.874854408948773e-05,5.243631336544069e-06,4.6236496992896337e-07,3.38608850270275e-06,6.955534012135015e-05,8.649638315420816e-07,1.6565061492782723e-05,1.3919354607885848e-06,1.0400944498827058e-06,1.935747846182334e-07,0.0,1.5627130892197083e-06,1.501441947160398e-08
853,1263244,10,3.465533780888652e-06,4.672154153284591e-07,1.806031266467223e-05,1.583319658160498e-07,5.0026673958175616e-05,1.7315692120434267e-07,7.427565512224676e-07,3.886466494573693e-06,6.307457756926649e-07,1.9600894352045373e-08,0.0017222542328360763,8.471674633761528e-06,1.6157856377194135e-05,7.516867382208192e-05,0.00022081825575463732,0.0002975705796348094,2.7292803020384504e-07,1.3404048796225587e-05,3.6847269912126945e-05,2.561952712337723e-07,4.410011433614303e-06,0.0,0.00033015367445117516,6.479088421190715e-07
854,1260030,10,1.41133356043599e-09,1.975090335379348e-08,1.5879811279019551e-06,5.78315337260854e-07,3.868673948050072e-05,2.4914926163854823e-09,1.4552404444673206e-08,9.117774004765988e-07,1.0000304513230196e-06,1.6813648931815472e-07,0.0016630085374412795,2.227877060433439e-05,1.7140050160430187e-08,2.9197828484497923e-07,2.766819826827832e-05,1.4062959328903224e-05,1.1633597512411553e-07,6.250887106408476e-06,3.6869101620977396e-06,5.419847119263188e-07,5.476026426777525e-05,0.0,0.00012034106404155628,6.58705658559966e-08
855,1258061,10,5.10758669149472e-06,5.9994617676584205e-09,0.00012432322006174917,2.7897719037627e-06,6.783433555580115e-05,8.084760117314793e-07,1.5317102887435485e-07,6.662939858372713e-06,5.038725914945086e-07,5.047378003365799e-07,0.004419591359189297,1.4287796332695946e-05,1.6372185137024375e-06,0.00020995879234776,2.5604508266593995e-06,0.00048092459294881915,4.038737406182602e-06,3.1481978254171983e-07,2.3013248592884672e-07,7.404280894612175e-06,7.067887181980148e-07,0.0,9.409033011513815e-05,3.716469162626246e-08
856,1310963,10,1.8088321667164564e-06,4.367029760032892e-08,6.134193972684443e-05,5.548397894017398e-06,0.00010671655763871968,3.14321368932724e-09,3.766035661101341e-08,4.4064654503017664e-07,2.8550857678055763e-08,1.5622645150870085e-06,2.4835433578118682e-05,6.465124897658825e-07,1.393782440572977e-06,8.291099220514297e-07,2.0932391635142267e-05,1.1948286555707455e-05,8.610368240624666e-08,1.0818184819072485e-06,7.860508048906922e-07,2.637098077684641e-07,3.1224481062963605e-06,0.0,0.000983952879323624,7.169728633016348e-08
857,1339875,10,9.786802708522391e-08,3.9255322926284864e-08,1.4594060768861883e-05,1.6010931918122862e-07,2.9632223020846504e-05,3.0925658735247996e-09,3.317174229744424e-09,4.47203655946915e-07,1.1676758114656516e-06,1.6810455336080388e-07,0.00045967271253020275,1.9892195876777125e-05,4.483871458918487e-07,2.4661421317469234e-06,1.8568896889559205e-07,3.4985386627855997e-06,9.788536445287654e-08,6.5529965038030324e-06,8.108730304781653e-07,4.3238897924971487e-07,1.6957831911607046e-07,0.0,4.998499758809491e-05,3.243012441922488e-09
858,1784110,10,3.842821163196897e-06,2.5104848904583532e-08,2.0521916805342488e-05,6.971696208977335e-06,9.098053649609153e-05,3.845892970685827e-07,7.381099331842111e-07,8.910276775870099e-05,7.05544590889895e-07,2.8139214986247496e-07,0.013023377948293526,3.807170713619398e-05,2.890732064338153e-06,6.8640730567295916e-06,1.1764919382498129e-05,0.0003352567392336629,1.8609075150971544e-07,5.292404740026707e-06,5.7307190668643565e-05,1.4287822676234407e-06,0.0014546604723860261,0.0,0.002295369224167395,1.48939136987436e-06
859,1565032,10,1.0955097119388912e-07,3.6370513763900325e-08,1.9536093815851474e-05,1.375779333893934e-07,2.7042872957603464e-05,3.4452985499255906e-09,5.8923775615726814e-09,4.3114915219272243e-07,1.232010285779489e-06,1.9300537527217054e-07,6.625918676943579e-05,1.998076554489761e-05,6.239271893998533e-07,1.512957883084004e-06,2.701904402296895e-07,6.811846073789818e-06,1.2978189274301388e-07,6.25025351932984e-06,1.0203519861355648e-06,5.053260373442947e-07,2.1912454388588187e-06,0.0,4.3427654231827095e-05,1.091123816993056e-08
860,1253180,10,2.3708399635412325e-06,2.1951806841030708e-08,3.147190822971879e-05,6.553856557178772e-07,8.37940974670881e-05,3.128008342137556e-07,7.2719616682481725e-09,4.6880397168783117e-07,8.096466092427645e-07,3.8393443697534724e-07,0.0006812096959856323,1.6159933653944053e-05,4.665589380076912e-06,0.00011172404096808711,2.1644028749823185e-08,3.733164340841491e-05,1.612781144629677e-06,2.0731371807476695e-06,2.2097258460182512e-07,3.21450937729173e-06,9.208649671965663e-07,0.0,1.391356139239519e-06,5.13577126659559e-09
861,1338959,10,2.4972326055222593e-06,4.004423261733114e-09,0.00029446644689444176,6.5031036446047685e-06,9.982652718092816e-05,2.609258472376086e-07,3.765505226585586e-07,3.926928400125457e-06,2.252667040295725e-06,2.7247419322543043e-07,0.010508302877993366,0.0010349095550132754,4.081324498899502e-06,0.0006395847589414916,0.00014184787497360102,0.00023562362275999366,1.1795518524079784e-07,5.906726849386201e-06,3.770026510745844e-05,1.0502670932839575e-06,0.0005909766264064684,0.0,0.002081186289671067,1.100709605548339e-06
862,1879263,10,2.1025084600972965e-06,2.3046100896401134e-07,3.1697219625662076e-05,2.5908346958616185e-05,3.315960978564694e-05,6.894501983698009e-07,4.19860592689586e-06,9.176508558583762e-08,6.1781343929645516e-12,2.2770920669878958e-09,0.00013432797429051985,0.0011055631000463813,1.7688354492263747e-06,1.3913025550385538e-05,6.464129475109229e-05,0.0001449616732499548,4.243393337811235e-06,2.9159845071236035e-05,1.988541824454737e-06,5.909842707801233e-06,1.4137569051889814e-05,0.0,0.0002499562814642538,1.097995687426856e-09
863,1252970,10,1.9600130128291648e-07,6.967668418275674e-08,2.6903343061206175e-06,0.00015800565283991333,0.00019621038829411436,6.202725381931895e-09,5.618491401397641e-06,5.2526337924012345e-06,2.464877874735344e-06,7.57883484924643e-07,0.02505256151972471,3.329449182135069e-05,1.0840131730652236e-06,6.496557340207251e-05,5.8218862859782394e-05,0.00017450516135384883,4.082604747955576e-06,1.604783510245067e-07,6.544831745072116e-05,7.844514665206193e-06,0.0005688245414572357,0.0,0.0015634134246342718,1.2291694593928593e-06
864,1297742,10,3.0284968371985244e-06,6.840776943690952e-08,7.157171020269297e-05,4.202519674558619e-06,5.326786086970112e-05,6.091906273666958e-07,7.036236260651862e-08,6.324689754196727e-07,1.345202395199377e-06,3.3281353445727135e-08,0.0016556773979631689,2.7562164451631205e-05,1.595527091783483e-07,3.696596141227436e-05,6.855893078514495e-05,3.3757156070858205e-05,1.416347426922912e-06,1.840489026616078e-05,3.880459955375379e-06,2.126329831660112e-06,2.016001300309163e-05,0.0,1.5055301965770027e-05,2.0426708060780618e-07
865,1551020,10,2.0138395010610433e-08,5.409732214273211e-09,3.7455037501115535e-05,4.1626439479976185e-06,6.95506271506871e-05,5.211551943468118e-09,9.067581560953664e-08,8.938519092255293e-08,2.49673129203154e-06,5.185109762800844e-07,0.001289527130001203,2.7984491139200485e-05,4.8244017808452e-10,0.00012343323899028855,2.722748530803454e-06,2.611285335413563e-05,1.9890069626500584e-06,1.3461436249202763e-06,2.9811797389936445e-05,4.140537078738821e-06,6.57716989999578e-05,0.0,0.0003034575601787333,5.061984449800105e-07
866,1366187,10,1.1613644164062964e-07,1.1612080759101917e-07,1.3105178059753808e-05,7.394442443284244e-07,5.2200620502214357e-05,2.971899514675469e-09,3.342292834856986e-09,4.937019064295278e-07,1.3080051468328247e-07,9.703972496735713e-08,0.0005541316757294856,1.7223379627475527e-05,1.850645734415013e-06,6.917887060416822e-06,5.4754000532244995e-06,3.2053399968666463e-06,1.2958740399846014e-07,1.1560835815761089e-05,1.2777334470505386e-06,1.129777502800744e-07,9.623639005230944e-05,0.0,6.872483201514346e-05,5.3757066617587945e-08
867,1924089,10,4.49110847754175e-07,4.0760238018133776e-08,1.0126625375056486e-08,1.0000273081341854e-06,4.1214112057891966e-05,1.0251592326426806e-07,6.879178814610254e-08,1.384700114983456e-06,1.1026107059382978e-06,1.369727465009435e-07,0.0005396337988403648,2.4206476527448284e-05,6.847640743844197e-08,1.2999299054700791e-06,4.542809576634811e-05,2.6063391312877715e-07,5.821221864092674e-08,1.0176583208575812e-05,3.7641269601765975e-06,2.711317909961236e-07,1.4669080439540585e-05,0.0,1.2817119357881254e-05,1.3312662975120682e-07
868,1484053,10,9.418252376880432e-07,1.2345281342335257e-08,5.625045472552534e-05,9.181487348196987e-06,5.867825641367799e-05,1.3798458195143914e-07,1.5675828690664417e-12,2.257174315199728e-07,1.1671128551347942e-06,2.0250118324197097e-07,0.003711246693339068,2.7563178797276877e-05,2.5969892895882918e-08,5.487013238457406e-07,4.096038548041109e-05,6.860989276713525e-08,2.5079096403757273e-09,8.009969565597741e-06,1.260359942976963e-05,4.3781091504241365e-07,1.0956782590991476e-05,0.0,6.256827239202456e-05,3.2324574742240153e-07
869,1889211,10,4.040289516206441e-06,4.091811472983764e-10,8.819128106199448e-07,1.8575334202027005e-05,4.9411538612209593e-05,7.390468719711829e-07,1.7729778236386107e-06,5.433962674272763e-08,2.0720807523202933e-06,8.100938719210471e-07,0.00024743320378377287,1.7977194426539722e-05,2.339210033334982e-06,1.5053168157752594e-05,2.101006595887911e-06,9.797018977020233e-06,6.001995199740595e-06,4.225948063707463e-11,7.896061971594814e-06,1.0624660881371206e-05,1.8661599715225075e-05,0.0,0.00020107151361752756,4.051187561804337e-08
870,1924103,10,6.299335902383574e-08,4.782741076445052e-08,7.407554850763498e-09,3.484092982210252e-07,2.99181953765347e-05,4.005604395916629e-08,3.12793100275266e-08,2.1622392993095318e-07,9.994631081852723e-07,1.4463402981182427e-07,0.000396009711473121,2.1621600720363524e-05,1.4360264136668854e-07,6.22598015677378e-08,1.92712318470966e-05,9.059593462553903e-06,2.8300769856076657e-08,9.734956354838162e-06,1.0407743658378404e-06,1.527746992663337e-07,2.04543633420054e-06,0.0,2.652149033858381e-05,2.4801452622527642e-08
871,1876431,10,1.4641922269839625e-06,8.387577416640868e-08,7.727833167273795e-06,6.264130430685966e-08,1.8290689811739647e-05,8.980240390199512e-08,7.42056198606289e-08,3.143719134041101e-07,3.8441665863378494e-07,2.022795366762864e-07,9.52572792198153e-05,0.0011655397107898403,1.2990975728176257e-06,4.491342464225945e-07,1.1222488227085464e-05,1.2673320607118482e-05,8.955252451745e-08,6.917108911916325e-06,2.016160319827376e-06,3.2032538703138935e-07,5.0434790940454e-07,0.0,2.611188273589013e-05,1.0478173706821026e-07
872,1595028,10,1.4500338842149407e-07,5.033971324300279e-07,0.0010176089326081744,1.1290214673283228e-05,7.256052646897881e-05,2.5303658966815967e-06,5.97576358674079e-08,1.997287062294878e-05,4.286477905200703e-06,1.4648468554812055e-06,0.022632196670635665,5.038341381186084e-07,1.4183654191077255e-06,2.683377009875254e-05,7.784268026334029e-06,0.00013572394966801515,2.0251544815823308e-05,8.468657833632376e-06,3.5403282999467434e-05,3.2547162147608666e-05,0.00037133193726873043,0.0,0.000684869997897096,1.6696241721611549e-06
873,1699105,10,5.018085703377417e-06,1.2277875570398944e-08,0.0007661835936123226,2.3137122989153047e-05,0.00010973551316975638,6.586937801103532e-07,1.645178187431595e-08,2.9916511542354973e-07,2.6002920120588024e-07,1.4655136852670392e-07,0.007072811993049065,3.399016510990255e-05,6.252766063322146e-07,9.602406020881027e-07,0.0002544033708034854,3.3127963334142474e-06,3.154709976582737e-07,1.2251622513725913e-05,2.4802243231737686e-05,1.028849505313456e-06,0.001102241428847496,0.0,0.0005588517843903573,4.1524326447467397e-07
874,1797044,10,1.6591829132828195e-08,1.1366142263491419e-09,2.4641719345852575e-06,1.5108239454636463e-07,9.376702679644855e-05,5.288804810765768e-11,2.186998080272451e-07,2.259018941075386e-06,1.3450286744723372e-06,5.025815557960223e-07,0.02636077266427813,0.0010810944182904764,3.13570523990947e-08,2.3618405426181766e-05,3.49270055299139e-05,0.0003200516718187482,1.1660388656020704e-06,2.559614673047772e-06,1.909592038955299e-05,2.5957246440194703e-06,1.3322179113643695e-05,0.0,2.8088860792925552e-05,3.694171252163758e-07
875,1854103,10,2.6575338476567123e-06,1.4667017607383759e-08,5.4315986099784386e-05,4.496288442581986e-06,1.8724710569760494e-05,3.506412228002076e-07,5.325226635072289e-07,7.308619191306875e-07,1.1477155834327402e-06,5.646422883698321e-07,0.0027217125177636248,1.7138706253486125e-05,2.925663988351257e-06,5.4318261681854385e-05,9.733803383885076e-06,0.00012387915216219986,2.3706170349177547e-06,1.212523750120098e-06,1.5901087043121431e-06,4.51753873347005e-06,5.29216972772889e-06,0.0,6.0219350510787306e-05,4.965108879595448e-11
876,1262016,10,2.5277864120279436e-06,2.505703073155119e-08,6.383993624644105e-05,3.1354574351813436e-07,0.00013107604973279507,1.3678937717254147e-07,2.5081298149487452e-11,1.5464179965035685e-07,1.2876977315001703e-07,4.665181964395859e-06,0.00011793959762045406,1.3844490859282743e-08,8.820548381006932e-06,8.409540123158893e-06,6.352079039481304e-05,1.0368384952059995e-05,1.6769507522190752e-08,5.711881301009858e-06,3.6477325501722835e-06,1.5246204027805077e-06,8.909531610742927e-08,0.0,0.00015825586807687378,1.7622285531856963e-07
877,1301332,10,1.79369200804802e-06,1.5546158617374406e-08,7.407555499550078e-09,7.087724995802347e-08,1.949918854594196e-05,2.1959330692017387e-07,2.9044685129209213e-08,7.67506369184906e-07,1.1426742398366885e-06,5.029846518039838e-07,0.0009066121102894939,1.780742291706064e-05,1.763705094262602e-07,4.006862081740517e-05,0.00014737796517500998,2.4302525922271362e-05,1.5876564565357743e-06,2.101974042802157e-06,1.414299691266524e-06,3.1334388910612965e-06,3.147080236137398e-05,0.0,0.00014689368460255037,8.826857647581399e-11
878,1336558,10,1.8237869811518759e-06,3.1299885530633453e-09,2.597919378163893e-07,2.02686709901978e-07,1.712273809789666e-05,3.256927255460007e-07,4.0924233161987456e-08,1.8850792007016337e-06,2.923537881498184e-06,7.395845455573924e-07,0.00025568149555387637,2.015952244185243e-05,1.0212138353074551e-06,3.5726820659109926e-06,1.7171850679315037e-06,7.761734802842757e-05,3.610858207873935e-06,4.3524742585066e-07,9.30328925485141e-06,6.6129812656065545e-06,2.310240216366055e-06,0.0,6.193794548806086e-05,6.328188174864469e-08
879,1317724,10,3.99980393004859e-06,4.8299031694259975e-08,0.00012836845927058707,1.3707823244904493e-07,0.00012015065821962753,6.720680563662706e-07,4.3522468274811987e-07,1.8883376560717424e-06,5.778459099131661e-07,7.791100713194776e-08,0.0009684539247073569,2.926866969654371e-05,1.6838413922221074e-07,7.586464197656059e-05,0.0002244000494037203,0.00018523239411356862,1.1668405257396486e-06,1.7305043524026842e-05,7.507202071772856e-06,1.9088571391809306e-06,3.4574201143489774e-05,0.0,5.112206950666845e-05,3.453331955810546e-07
880,1255426,10,1.1689210410725792e-07,1.0008286971396885e-07,3.214117474618916e-05,2.012720126468026e-06,5.433511472398289e-05,9.965436651160342e-07,1.1780747201373121e-07,4.464711206131344e-06,1.25509592267814e-06,3.2322130763123846e-06,0.00016537222343634972,4.3848385616884755e-09,4.9680133285684436e-06,6.650433356292229e-06,3.998423318510302e-06,1.7337536053763092e-06,3.7552440769056394e-06,4.3766117563404094e-08,5.4889956038750576e-08,7.3641434555488106e-06,2.400587516933339e-05,0.0,3.6087972940662683e-06,3.6373323970828597e-07
881,1255470,10,5.905745207070157e-06,4.141472757790421e-08,5.640152588389652e-05,4.884902220784332e-06,2.4473395011617716e-05,5.644726038186998e-07,2.601703744976869e-07,1.9290672684767196e-06,5.941237674923772e-07,4.503351071945272e-07,4.070650095153172e-05,1.218003650252722e-05,3.2417591970604342e-06,7.157379753526885e-05,4.225078774247604e-05,8.445642947739126e-05,1.4408368635351887e-06,2.4337748399834436e-06,2.65907635700266e-06,2.9223523531490825e-06,5.041188827311499e-05,0.0,0.00025888917873841816,2.127818954297811e-07
882,1339149,10,4.098692388959657e-08,7.373631983123574e-08,0.00021025153244879843,1.9891382010382708e-06,2.565316188790634e-05,9.61686752048302e-07,2.1430829972440835e-07,4.1384789750929796e-06,4.915530137719615e-07,3.649560660682477e-06,0.00014568538199318665,3.268386309165927e-08,7.345710979694137e-06,3.30624961211827e-05,5.808562875381229e-06,7.290035015105473e-06,2.46537262208954e-06,4.62950264349532e-07,1.5133442399679897e-06,5.725154928144793e-06,1.2960732073533099e-05,3.8902249477335005e-12,6.922405241321233e-05,1.6352392171944952e-07
883,1596033,10,1.946992268936354e-07,2.733673695881622e-07,0.00023347908921232674,0.00018333478718281226,0.00023499337945794008,2.342441977512544e-06,1.2365331073252439e-05,5.50415422130579e-06,2.4048972943474523e-06,1.9081302407852885e-06,9.467292318476872e-05,2.1514163509039896e-07,5.2913764268941454e-06,5.7913859415753555e-05,2.2281444068961154e-05,0.0005616934819588082,1.6162296949590038e-05,5.382051761718132e-06,1.909927451215765e-05,2.6493394207210974e-05,1.4746289169059734e-05,0.0,0.000773398183489829,1.1664555651796915e-06
884,1901738,10,3.030492781060101e-07,1.0941614449547221e-07,1.831887265237031e-05,1.5306189321551145e-07,4.8243726823958555e-06,1.0527184703817971e-08,3.5341105202035816e-08,5.739402151316852e-07,1.7659354428767315e-07,6.812378923470863e-08,0.0005326876473107506,1.4516895372147093e-05,1.9048852567433994e-06,1.3250558149796587e-05,1.552435140599398e-05,0.00013618928979647685,8.463568922888187e-07,1.6647559940449752e-05,9.92256426370422e-06,9.061698286461084e-07,3.457515207601e-05,0.0,0.00010020131065344162,2.3144060263408095e-07
885,1254671,10,4.108706146838115e-08,7.935092674604682e-08,8.836180570864771e-05,7.294273848823529e-08,2.20332987854871e-05,9.79375715422226e-07,1.4163249115184406e-08,3.443881583173325e-07,4.34841172791689e-07,3.6856364999532376e-06,3.5402563429987044e-05,2.304824145427098e-08,1.1764272335804127e-05,4.231115028827115e-07,1.465636958915273e-06,9.610957677486098e-07,2.6914640708503024e-06,3.4815606176491487e-07,1.0014424762852525e-06,6.030927109906825e-06,6.395728959635028e-08,0.0,2.8552956690824915e-06,2.1669552233150036e-07
886,1294137,10,2.1955142287533036e-08,5.922099931277014e-08,0.00011535065546582068,1.0635510832718298e-06,4.520023376421156e-05,9.223654919149338e-07,2.5513207906058266e-07,3.291766499519122e-07,5.612169010071888e-08,4.003114591519252e-06,7.187975598538232e-06,1.228343130682541e-07,3.0639854900066377e-06,2.2283762822997155e-05,9.794296851189932e-07,6.006335689964781e-06,1.6692796935974252e-06,1.106758899360738e-06,4.92818495824443e-06,4.542819245570429e-06,5.526336030417522e-06,0.0,0.00010465472514036012,5.057192781210418e-08
887,1311755,10,1.5377190268166252e-06,7.265368360750979e-08,7.128758070417546e-06,4.338536395247228e-07,0.0001380667076604017,3.9574276468681835e-07,6.270324537371863e-12,1.584544303819685e-06,1.2861636704969426e-07,4.040088092321925e-06,2.2752852090461573e-05,8.357604036612898e-08,8.819124642785864e-06,2.1343148904708065e-05,1.3541706561318728e-05,4.451277394564718e-06,1.230833064243958e-06,1.4382465308056258e-06,6.326018563151958e-10,3.281789208147562e-06,6.381928362372835e-07,0.0,0.00043764486695574423,3.891542098843903e-07
888,1299758,10,3.5340377142617507e-06,6.005873798287098e-09,1.2773068249136155e-06,8.295576326762533e-06,2.1290247158578524e-05,6.094958144436946e-07,5.327138787661334e-07,3.5075125456862644e-08,2.341594918672807e-06,1.0617533781343003e-06,0.0058277968729142995,1.962448202557504e-05,2.0447141280063863e-06,3.572563797731021e-06,3.6486801549481807e-06,0.00010567806498245486,6.003270908730429e-06,4.225949451486244e-11,1.2390860314209773e-05,1.0660303877745025e-05,1.8749448858552953e-05,0.0,0.00014810842032557392,8.27119429960832e-08
889,1532056,10,0.0,0.0,0.0002903639453065085,0.00012387875176820412,0.0001782387390147147,1.4555948815719866e-07,3.7688614687239608e-06,6.555711305915313e-06,4.2042138348047375e-06,1.4896691597626743e-06,0.02383010117231673,3.375752649455166e-05,9.043851326856478e-07,9.861669923470762e-06,9.425600888644803e-06,2.1716334352099576e-05,8.763716958813672e-06,5.185640483199028e-07,8.968090413987578e-05,1.5467307187370938e-05,0.0005890341280859954,0.0,0.0010510582768726295,1.4986094986901843e-06
890,1265134,10,2.6239630784401224e-06,3.615696526210188e-08,9.07679974966602e-08,1.5931363576623947e-07,0.0001827384771335601,3.7333762064814535e-07,5.361629376449129e-07,4.002828499178462e-06,1.2929300733863225e-07,2.1270186412528092e-07,0.0069588994289531934,2.8409153017775607e-05,2.8458330709330015e-08,1.6973472984755517e-05,2.7666874993500373e-05,1.4364902598248963e-05,3.2524468623895686e-07,1.2602919368075172e-05,9.487813836819847e-06,7.213795167500259e-07,1.0304789571476819e-05,0.0,5.182536924504266e-07,2.623484249841823e-07
891,1305785,10,1.7615463986792035e-07,3.065097270785189e-08,4.185912932302277e-05,1.0627418929803206e-05,2.4078619623654762e-05,3.291189427240271e-08,1.1288574273959906e-07,5.6590920199939276e-08,8.456610835622103e-07,3.599533319048609e-07,0.000875567881437625,2.3910877893194155e-05,6.72398937223706e-07,4.2840874620690694e-06,1.755575858532546e-05,1.535802446869794e-06,2.7972801346087817e-08,7.2890225102824335e-06,5.617152346260035e-06,3.86378935540721e-07,2.342582670132598e-05,0.0,1.927137301450943e-05,2.961573543035223e-07
892,1257102,10,3.895044127857905e-08,4.287467765193287e-08,9.254413291650068e-05,1.039862689272003e-06,3.0734381909355846e-05,6.892559693653932e-07,3.5942569233393673e-07,2.144180025424186e-06,2.019566178561305e-07,4.795126895738855e-06,0.00011491743873585925,3.352697490154044e-07,1.8489474328163558e-05,9.609210488124159e-06,1.4976122022971466e-05,0.00018741627232415903,3.9628899136529006e-07,3.3845399934825937e-06,1.536520292778551e-05,2.876714232304123e-06,1.866259775692644e-05,0.0,3.8019448877699147e-06,2.515564742622267e-09
893,1936171,10,8.820364671355274e-06,1.0784732121238427e-08,3.881366393313976e-05,4.538952726392681e-06,9.356271682730427e-06,1.1902345541069115e-06,9.329599535042032e-07,1.6566906832493622e-08,1.7154978969660672e-06,1.1248704837284185e-06,3.5360880187261523e-06,1.467065851062932e-05,3.843916811456516e-06,0.00014908604109880805,4.316665966400124e-05,2.6524327350441884e-05,6.8640209644858785e-06,3.0927816842274414e-08,2.2495401492753087e-06,1.2067582754269474e-05,0.00014908584107049122,0.0,0.0008661259689054686,1.0024944409325887e-08
894,1261173,10,4.657093110455035e-08,1.0159039715018636e-07,8.008587630704833e-06,1.4873681516078263e-06,4.128839038886056e-05,1.586270620863861e-06,7.548111601030083e-08,3.390081941764822e-07,7.218028752059569e-07,3.0609718106103245e-06,0.0002442967888778083,8.948652235885035e-11,9.60949444194642e-06,5.760982310296092e-07,4.664768574032252e-06,9.596297724651093e-07,6.968896633464949e-06,3.702077630285405e-07,7.562873222677347e-07,1.2437415555191511e-05,0.00011087948386808572,0.0,8.537582701985402e-05,3.796667809655152e-07
895,1303317,10,1.0835418811985797e-06,9.148638020761712e-09,0.00039283437653136327,8.293119016233863e-07,2.5638839411680492e-05,3.6127849890182917e-07,8.277537368039933e-08,3.052669462426383e-06,3.7270360750268905e-06,1.3000381490074764e-06,0.05220311507083963,2.550402306255445e-05,3.6018927285219604e-09,8.237832552188129e-06,1.0563653912984416e-05,0.0015976022908460105,7.184156062683966e-06,1.1152908249018045e-07,3.8441301004242534e-05,1.2601815500196123e-05,2.0977359023684194e-05,0.0,2.4362306805317258e-06,5.15228196489026e-07
896,1403033,10,2.5932636204470394e-06,1.733639064943615e-08,1.1089338243480684e-05,5.665094199233667e-06,2.4247918066717944e-05,3.61816680574667e-07,3.504226042672087e-07,7.849285415389984e-08,1.3708187337063693e-06,8.65679936269681e-07,0.00015525285859328136,1.8836571633103205e-05,2.372978984012397e-06,6.22445035097785e-08,2.1287363118766e-07,1.8149202600604986e-05,3.2776964732569858e-06,5.932336151898143e-07,5.6663409904317286e-06,6.0384329595153385e-06,5.335369499676057e-07,0.0,7.106480908525281e-05,3.41647293927716e-08
897,1702112,10,2.7212952967425874e-09,5.760651405548045e-08,1.6135469592774843e-06,1.9930236534043688e-08,6.158029659708575e-05,7.399420724508998e-07,2.2479035394207258e-07,2.273836393194839e-06,1.0343945964705337e-07,4.92831898570717e-06,9.548086789375881e-06,4.3550340573378366e-07,2.043018164537072e-05,1.536656001147052e-05,6.761011806431794e-06,3.8809480335348645e-06,4.093183284953339e-07,3.3858507484281486e-06,1.789396215931202e-05,2.98039561276095e-06,7.29012691053077e-06,0.0,6.90564203979227e-05,5.51678147608925e-12
898,1901798,10,4.928431050377213e-06,4.01471416389132e-08,6.399078587189522e-06,4.537047696678842e-06,1.5022997937187699e-05,1.666061627408899e-07,2.3513117076295886e-07,2.519967218769792e-06,3.8245017554977556e-07,2.1166509638070874e-07,0.0009388082909361009,9.858852454441847e-06,8.065057644779383e-06,4.096030828538988e-05,6.351903081504295e-05,7.55513337689917e-07,5.141304274675074e-08,1.0954848135784345e-05,2.322979404469072e-05,4.212527354718887e-08,0.0005433562139046666,0.0,0.0006140488574467307,6.771044772438395e-07
899,1257775,10,1.0370187793901087e-07,8.130477714696216e-08,1.5923882554905178e-05,9.557988976671705e-08,3.332832464462282e-05,1.2540054179638327e-06,2.886763799114789e-07,9.036012045410269e-07,8.637013074186406e-08,4.044038169392916e-06,1.7061312126899486e-05,2.3154384967694064e-07,1.714123120465788e-05,2.079736945453936e-05,2.8411481336185207e-05,1.3708843386167624e-07,2.594250881129967e-06,4.377520161080728e-07,5.292852066310361e-06,6.209200886661548e-06,7.1300998498446955e-06,0.0,2.948441608704999e-05,4.99857062616349e-08
900,1431096,10,4.2389635659251246e-07,8.315641782802308e-08,0.00014424018084557844,2.017935203303678e-06,3.414643155866953e-05,1.6657357509199111e-06,4.2331726894662136e-08,2.8201178250628067e-07,3.727287734324458e-07,3.6481160470870633e-06,0.0002762254442425609,1.9249757121989064e-07,1.568263611118753e-05,4.0823161962522114e-06,2.9183457372558563e-07,1.2111433669356048e-05,4.7096258288352455e-06,4.225948063707463e-11,1.98928107199986e-06,9.476218843378764e-06,3.283428360080151e-05,0.0,1.166921376576091e-06,8.435668030770671e-08
901,1252513,10,4.885268747929772e-06,1.0384672554514252e-07,0.00024869282142313265,2.560878090397678e-06,7.369277350684211e-06,3.1685545515552915e-06,1.3842098714814122e-06,1.157093078060778e-06,7.937201077848344e-07,3.277698314770039e-06,0.0001590115716206264,1.1250341383495233e-06,2.0251780702515432e-05,2.0168449643281905e-06,2.601180618223148e-05,7.99238098900465e-05,8.238013425740376e-06,6.727351569910112e-07,8.353793469639825e-06,1.601022593272078e-05,6.193713821501384e-05,0.0,1.9040663252548051e-06,2.6288326723800104e-09
902,1302418,10,3.563841477136065e-08,3.169566893321263e-08,2.342490196902483e-05,4.079788066727041e-06,1.0784602437245716e-05,4.788828743274021e-09,1.873986410841355e-08,3.7622130012390786e-07,1.3217040645482903e-06,5.933232345781136e-07,0.0004809255412212485,2.26583262980945e-05,8.459065194109383e-07,1.58402116980233e-05,4.858013611025794e-05,6.0026929771736515e-06,5.335155259938995e-07,4.161552594392909e-06,6.604399160819313e-06,1.3570870728459028e-06,1.3541861264142196e-05,0.0,9.350927682737556e-05,1.0290633024184759e-07
903,1636093,10,9.42690464499768e-06,5.920535018494322e-08,0.000229828791119005,2.9956869777511552e-06,0.00017972824255736708,2.9147146356212073e-08,6.336506655560403e-07,1.1889598364872578e-07,9.803323174142897e-07,4.455906679141919e-06,0.00025632147890073537,1.4658269107264976e-06,1.9363049956824807e-06,4.1346201291779516e-05,2.2661064683793253e-05,2.034070122751419e-05,7.414953628395726e-07,2.0743653840749054e-06,1.0053080840434492e-05,1.7376649911887698e-06,4.2772469397114876e-05,0.0,1.2780712413743012e-06,1.4140669758536117e-06
904,1256332,10,6.050728907802672e-06,5.7735648484325e-08,2.1621870641003182e-05,8.285616406381036e-07,0.0002926843514364577,4.892194853389764e-08,1.7181926226933486e-07,2.0448198961992015e-06,3.145743365275122e-07,5.061885845938918e-06,3.2770695558882734e-06,3.979871513286326e-07,5.336145693073807e-06,2.296722794586925e-09,0.00014208690860229023,4.844145815180098e-05,1.0781051367619865e-07,4.495264548008693e-06,8.508009004953854e-08,1.192849943071339e-06,2.3815184521179533e-05,0.0,0.0006964322923217296,5.129048006868864e-07
905,1291143,10,7.1838850262892495e-06,1.9683355577393424e-08,4.1613230893008946e-06,9.574219392294303e-08,5.640423568719494e-05,4.901781598745658e-07,3.9589005067230953e-07,1.7639821130732702e-06,2.488451686100124e-07,5.495612209124867e-07,3.5761998690299335e-05,1.1426202703355981e-05,1.5882482280460408e-06,0.00014616847561654822,2.959254876409856e-05,5.012595845791529e-05,8.282273274567986e-07,3.6871780882546945e-06,5.955450910255511e-06,1.8304738266389231e-06,3.611886431270639e-05,0.0,6.496231784539758e-05,3.693970041102057e-07
906,1488029,10,2.220162594740449e-06,6.851488868961364e-08,0.00021315987650614293,2.0236760331360237e-07,2.8903180992381067e-05,1.933151560738755e-07,1.2088342587340817e-08,8.52061199894949e-08,5.340165382360096e-07,5.38239277622643e-06,2.7877826190417232e-05,8.948648766438083e-11,1.095714212197979e-05,3.660305025307217e-05,1.0931766003183241e-07,1.392427096444382e-06,3.9467737186077434e-08,5.3825448847744095e-06,5.018237209285931e-06,1.6896336216855323e-06,7.581681948920505e-07,0.0,9.734372837185562e-06,1.3271748926235727e-07
907,1562077,10,5.2898472121948314e-06,5.731652013771238e-08,3.359411800442358e-07,7.396437164582104e-07,0.00014368043485228632,4.3906265970172775e-08,1.2522328181330256e-08,2.636507653409198e-06,5.732675829525635e-08,5.475527571515565e-06,2.3135676326065113e-05,1.6015781284517416e-07,8.52598203317928e-06,6.250246197256337e-06,6.625927404077872e-05,1.4899965437426693e-05,0.0,6.451507629144648e-06,1.0608991796098866e-06,1.2485803391089345e-06,1.568116322792426e-05,0.0,1.5872576630722446e-06,3.2306330995449106e-07
908,1783052,10,5.1509570754421086e-06,2.4418068317322295e-08,1.1900932754799198e-05,0.00010919782400876932,0.0001241073722525743,1.2953137227406097e-06,6.871374115161033e-06,9.221356467858932e-07,3.419010280059087e-06,2.2743624197435475e-06,0.0023319219097436422,2.46981346355285e-05,5.570526093179318e-08,3.635634310432401e-05,7.891123730674465e-06,1.6128537278226052e-06,1.7470337522848545e-05,4.574206597232622e-06,6.114824340471003e-05,2.9515962700926712e-05,9.547103480458952e-06,0.0,0.0004210684410334148,6.50506612090429e-07
909,1847216,10,2.4818244284338653e-07,2.7403205357656724e-08,1.6726835962842246e-05,1.8963662702653483e-08,2.600413791492562e-06,3.305512114026854e-12,1.5675793996194898e-12,4.047116846511711e-08,5.777149399387171e-07,3.6019817769086804e-07,8.294480771598584e-06,1.8146264367219223e-05,3.1327213474013904e-07,4.198996285615514e-05,9.401954545566749e-07,8.409451982830524e-06,2.7313142407503488e-09,9.12000709236277e-06,1.0724421410646112e-07,7.283311707906304e-08,7.951096621383602e-10,0.0,7.022438225772962e-05,7.861567993816543e-09
910,1847303,10,2.341823222857392e-06,7.288977821318099e-08,5.6852599588871205e-05,6.727664605271633e-07,4.9727814133721654e-05,2.5035369885864633e-07,4.37199158820345e-09,4.1421722626541757e-07,2.563308582753665e-09,5.018180043701165e-06,9.58443203620124e-05,4.0612308845749956e-08,7.840489309480364e-06,6.151347529816803e-06,4.914085444523639e-05,9.548251322960555e-06,3.7306558020241964e-07,3.2408876886290405e-06,9.999987555207868e-07,2.0350162497559388e-06,5.043666775027267e-07,0.0,0.00021199381591123154,2.7142051473375006e-07
911,1256817,10,1.5134360360907761e-06,2.6425233581178764e-08,5.711737375450887e-06,5.921873024172797e-07,1.581777451397509e-05,7.863535438079605e-08,2.6782253637058773e-09,2.1293925643248168e-07,6.236728465024155e-07,5.183274012880712e-07,0.00023317370745669017,1.6566021076174636e-05,2.18978662162167e-06,2.3328877772493123e-05,2.4700216473876047e-05,6.970161368052841e-06,2.508565267005103e-07,5.570761201896535e-06,1.1541233385994887e-07,7.037000039518404e-07,1.4287674533517564e-05,0.0,2.2279247786836237e-05,2.311484774419892e-08
912,1882097,10,7.516867187237763e-07,7.886450087424279e-08,6.544295508947168e-05,2.9895520400058384e-06,2.643161663529875e-05,2.309417697347882e-06,2.361402600542517e-07,1.2575877597176266e-05,1.4359968866436978e-06,2.8890378969415043e-06,0.00035569932600933163,4.384838651894096e-09,5.425926678286064e-06,2.4107169305981335e-05,0.00013548643763940105,1.980182720362489e-05,1.1085804812058231e-05,2.0986729761737766e-06,2.158179802237703e-06,1.919302921154359e-05,1.088862169593835e-05,0.0,9.009464818215962e-07,3.8652964616525676e-07
913,1318052,10,7.366751268861327e-07,5.295737082883223e-08,0.0007845610397659922,1.1655013688743887e-06,0.00012759046165736893,1.0165441016937726e-06,1.8967729470409367e-10,3.1771237116645645e-05,1.2554430571590225e-06,3.2021080357061416e-06,0.005146628669067337,4.450647676651487e-07,5.711454074255884e-06,0.0004661233422044164,0.00021141027516548977,0.004336216852417883,7.450887142983198e-06,5.902090905660073e-07,1.2314524340743815e-05,1.2551224041451592e-05,0.00023562321156191807,0.0,0.0019228185184769972,9.730215818834487e-07
914,1387101,10,1.0614083590793078e-06,7.846934373112457e-08,0.00021286752905213396,2.1312510996920886e-06,2.8939361518307005e-05,4.2206392923335723e-07,1.0839664717557373e-07,7.177848055234248e-07,4.025812791810801e-08,4.972513854773625e-06,2.3912143360130256e-05,8.948649113382778e-11,4.796580789161176e-06,1.5602225977778134e-05,2.9485277595667908e-05,2.5285793913108756e-06,6.720885914988928e-07,2.4340983586015885e-06,2.3103317160627634e-06,2.716387476182913e-06,1.632134019323439e-05,0.0,4.095947107769088e-05,1.7642961864378082e-07
915,1309323,10,1.2101820460186374e-06,2.6776014801221937e-08,0.00022740818356829784,1.1034716818417167e-06,3.128438861688815e-05,9.611630464034793e-07,2.4551431472563667e-07,6.950529763218027e-06,1.3938685966621844e-06,3.2414164361435627e-06,9.177776168911578e-05,6.743652168489378e-07,3.3147460359247982e-06,0.00012454843153904271,1.0407556736494183e-06,7.516896223463965e-05,7.840059104265162e-06,7.424443657158553e-07,1.738937504085908e-05,1.297550701909872e-05,5.6550424754255035e-05,0.0,0.00046569941707066964,1.3116699735249426e-06
916,1249209,10,1.438330382373676e-06,4.375821446161998e-08,5.069338546959817e-05,2.6880219385766457e-06,1.7936533079576655e-05,1.921147568043069e-07,1.1754029505955943e-07,2.506516693992489e-07,1.2992948539292115e-06,3.9549191684085105e-07,0.0008726109541540225,2.590675699203071e-05,3.594622938959957e-07,4.501576666982032e-09,5.097900342785483e-05,4.665077551091468e-06,1.4293951473148825e-07,1.1155063500307982e-05,5.855926165365677e-06,4.133769039571522e-07,1.190226302048153e-05,0.0,2.2089653942694576e-05,1.31938508472762e-07
917,1248962,10,3.60756121867839e-08,1.717570186597628e-08,3.1583286587165416e-05,1.715986007658557e-06,8.658629046443336e-06,7.20190847045693e-08,4.597532978333624e-07,2.7361507773035476e-07,8.429738941259646e-08,2.6931322753658005e-07,1.944822812792457e-05,0.0011282877634446846,2.958164925117787e-06,2.6522240587417353e-05,2.3522630336603872e-05,1.346923308597793e-05,5.179540929090704e-07,1.4439573515497017e-05,4.3484303217933284e-07,5.840804237836061e-07,4.752243377424345e-06,0.0,1.2998097404341713e-06,5.19295380828344e-09
918,1257335,10,3.029963300156535e-07,4.447048671668563e-08,3.0579634448527765e-05,7.918617928349969e-07,6.18436534002495e-06,2.526681717324175e-08,2.6492112323306394e-10,1.8642191195947233e-07,1.5617699198541835e-06,7.734117452341815e-07,0.001753097706578513,0.001114222445715976,8.447940704585377e-07,6.300666668592608e-06,3.410361201874185e-05,2.703800916356927e-05,7.034478539807987e-07,3.685934976294103e-06,4.663502470667741e-06,1.6347546755932085e-06,4.493899664347739e-06,0.0,7.586421451727735e-05,4.983356089935387e-08
919,1285539,10,1.1494629955921543e-06,1.0228034422188337e-07,0.00017955650783063604,7.674247936628742e-06,2.4131919009878766e-05,1.82114087882157e-06,1.3594268866157222e-07,9.268111705873494e-08,1.897421914587305e-07,4.202054947777256e-06,0.00048532487978825145,4.942084738113195e-07,1.4744079315232028e-05,3.5761516063076426e-05,6.519349461386881e-07,8.87558139170408e-06,4.1164433296769776e-06,3.7545521802684334e-08,6.65509965025457e-06,8.849993938103706e-06,5.5806232655497556e-05,0.0,1.9652140784143235e-06,3.661244238339911e-08
920,1878288,10,5.951855243338522e-06,3.1333572389491415e-08,9.350695383825158e-07,9.665737504827021e-08,1.178963062888061e-05,6.403711074048912e-07,5.658966767407847e-10,1.9799829965860827e-07,1.7100157980731723e-06,1.207686701490407e-06,0.0044702580113015755,1.6642020483417785e-05,2.6191282292142848e-06,2.80441078442939e-07,4.703078742590572e-06,5.241230790598017e-05,4.284717277189265e-06,2.0878796413992262e-07,2.8883782485639165e-06,7.848044151159694e-06,7.3941040383135315e-06,0.0,0.00015301725317662385,1.2412779137882524e-11
921,1300441,10,2.160663734197127e-06,6.70300743139951e-08,4.913992124573954e-05,2.8048593707710734e-07,2.2914581903898945e-05,3.4784962665845853e-07,7.618111617577195e-08,1.6003216357328431e-06,1.5990860055895006e-07,4.972167132199362e-06,2.323191511001757e-05,8.251733984304677e-08,8.643501756153138e-06,2.7019115999768473e-07,2.2800204906373023e-06,4.2025675001146345e-06,1.0203860741631043e-06,1.7686561007181079e-06,1.6360797053943665e-08,2.9202010233472797e-06,5.312865763093533e-07,0.0,3.833906686533106e-07,4.079465739728616e-07
922,1329622,10,2.2836885854582434e-08,4.740183028040246e-08,0.00015926850955676197,3.1694345468402663e-06,2.142250317312827e-05,1.2803109203998742e-06,1.0785715408301311e-07,1.3640765159847468e-06,5.617393748422184e-07,3.884510292546939e-06,0.00033745781017152643,1.0827864993512293e-08,5.5255141105242656e-06,8.181180089987528e-06,1.7560504591083992e-05,0.00021933823615978565,5.620756848331854e-06,8.882748576272137e-08,8.489353001406297e-07,1.0297610688513037e-05,0.00018063578729703156,0.0,0.00020050692179765517,4.0991288866032427e-07
923,1332689,10,4.493657431436926e-07,7.262830342691373e-08,9.722010830737898e-05,3.060276548276508e-06,3.346826187326096e-05,1.66400558510027e-06,1.2786550190879709e-07,2.6354268850559137e-08,3.3666032035056803e-07,4.1613732355491595e-06,0.0002085131465339174,1.356685520245704e-07,1.4137289861514135e-05,3.9753159393474125e-07,1.2762434955723712e-06,1.7056986934334273e-05,5.1060087290985545e-06,1.1694168598752608e-08,1.1005600900476642e-06,9.920719274206236e-06,3.1582049711764704e-05,0.0,2.219295998771853e-06,9.001762700522331e-08
924,1296963,10,1.4164231569510632e-06,5.1895780693589355e-09,6.101621768429821e-06,7.982453989127669e-08,7.79711973387942e-06,4.0968245857211927e-07,4.0058842250279e-09,1.1480093856236495e-06,1.778823582529454e-07,1.8635486124379819e-07,0.00043264154914411657,2.1161205761434376e-05,2.1331530969774526e-06,4.001619309173393e-06,3.080356221610639e-05,8.742243412045853e-05,2.43366529041264e-06,2.2944646305443628e-05,9.60610735706302e-07,3.2579330576654186e-06,5.430374313112468e-06,0.0,7.230862494600476e-07,3.785937476713519e-09
925,1298266,10,6.39945902618233e-06,6.362299437290275e-09,0.0005673941172023023,7.39713971827094e-06,2.574008750338974e-05,4.579466132401122e-06,8.058034991209606e-07,7.677920605186905e-06,3.0274751593312166e-06,2.3097989202414126e-06,0.0018844273021481617,1.0403778055723123e-07,2.5277322417277537e-06,0.0005253254985195799,0.00032616332635389267,6.0218837840519956e-05,2.352376015808677e-05,1.0497459587741065e-05,6.0517221218692185e-06,3.8767568372483074e-05,2.2182740526746625e-05,0.0,2.9315128932672074e-07,3.258897134095218e-07
926,1319840,10,1.989263483104242e-09,2.940221494399098e-08,1.2673981812059976e-05,1.0200108067313918e-06,7.751861260625603e-06,8.399222289900976e-09,2.889175454434678e-09,1.9201993391171346e-07,9.025929058117943e-07,6.248631717158115e-07,0.0007295400729196537,2.1068350882638004e-05,1.6382336203019099e-06,3.610362558654351e-06,1.6484304766063718e-05,6.350320532654691e-06,6.714411096564454e-09,8.00900607987945e-06,1.2317538118089555e-06,2.2170138542360052e-07,3.8490411407784975e-07,0.0,3.745406659557207e-05,1.9018943912818553e-08
927,1876533,10,8.293075473717049e-06,5.260049652441867e-08,1.9183137070295092e-05,1.926676968903862e-07,2.908003676116433e-05,8.267654746617337e-07,5.571209125282417e-08,2.5489535125690355e-06,1.3907473326267572e-06,1.4873697647896367e-06,0.019207186646609416,1.5680233228010376e-05,1.822847974196351e-06,2.6418337122770946e-05,5.6701002107740345e-05,1.892106803467672e-05,5.015771374548145e-06,7.881101612289276e-08,2.2804496680219055e-06,8.99308619181638e-06,6.888941179073946e-05,0.0,3.9187387548107744e-05,6.261626179365765e-09
928,1811099,10,3.097974609761467e-06,1.2573054992970345e-08,0.00023994022573687462,5.6157038449966556e-08,3.590600420533274e-05,9.983613193167984e-07,1.1124810404827823e-07,7.65469184843548e-08,3.028908081292858e-08,2.3373733532006113e-08,0.0010497590881839158,1.8920268103947424e-05,1.5601964664518908e-06,0.0005080516590576234,4.6646890844118105e-05,0.0012068673931717525,8.64225926165696e-06,4.19907335464792e-05,1.3690290532580862e-05,1.2286667952769725e-05,5.79128193038958e-05,0.0,9.043931499299468e-05,9.303934461052377e-08
929,1386047,10,1.4885352422853992e-06,4.411141627316817e-08,0.0001495726603526308,2.209221742661971e-07,1.147251264174698e-05,1.0947047696108214e-07,5.955074103974889e-09,3.4615028858542285e-07,1.1882538890270467e-06,1.0204029051996688e-06,0.0056475221929441245,1.9009736963331025e-05,1.1456634591497372e-06,5.490769017797714e-05,8.820613062916066e-06,0.00015276911317296804,1.040801583408052e-06,2.9248297343312246e-06,2.0742604550233468e-06,2.219230332771438e-06,6.553364403426992e-06,0.0,4.6225593208250315e-06,5.210896051460745e-09
930,1280332,10,1.3182980572207237e-05,1.9002063911255362e-07,0.0008862584573710863,5.095195232673877e-07,3.478884793339798e-05,1.7231348688473425e-06,2.2727629944707672e-08,8.829846616653647e-07,2.371610215878839e-06,2.4717563193166203e-06,0.07962555869504748,1.7559763676677775e-05,2.4100881685640285e-06,1.6400340774880284e-06,3.445861280310103e-05,0.0002802267791897073,1.3992217085451175e-05,2.4023526226657488e-06,1.84116235961429e-05,2.37969092693191e-05,0.001535859269553158,0.0,0.00125599988613323,6.309616176758404e-08
931,1302117,10,6.715860652525829e-07,1.136614219410248e-09,5.570617048533677e-06,1.600171650670279e-07,7.425252030082707e-06,5.2888089741021105e-11,8.045343898033241e-09,1.220096831552886e-07,5.193972706166172e-07,5.777275891710731e-07,2.2466256502796933e-05,1.7056324154704483e-05,3.879691906356897e-06,2.34141754569539e-06,3.4970858241167857e-07,8.585304598338062e-06,1.6025690142973392e-08,9.673386788394689e-06,8.844386968839824e-07,3.550612415192944e-08,3.95867479304618e-06,0.0,3.0803707493351484e-05,4.4627511151806853e-08
932,1376168,10,9.610537681122022e-07,5.218847778931668e-08,4.203404079930473e-06,5.466315701058155e-07,1.5150537762562144e-05,3.495855035659523e-08,2.064639329987794e-08,3.8001429948086862e-06,3.295321355026304e-08,1.7519246038946723e-07,0.001667088962741349,1.1970720947114544e-05,9.85821693995706e-06,2.9810247169741177e-05,0.00011513241496765789,0.0005707330064975945,2.6553612666596615e-06,2.4600427938347574e-05,2.905288977224016e-05,3.336502648831896e-06,2.402553116731543e-07,0.0,2.5909516612014627e-06,5.079709082533856e-07
933,1896111,10,1.1233229810087009e-06,7.27433183134174e-10,2.900970975730499e-07,5.766649303316773e-07,3.1283542050866e-05,2.974956045398436e-11,1.9877762792719356e-07,9.716410484875149e-08,6.562805782601988e-07,4.614900551182244e-07,7.140099244840395e-05,1.48202313719481e-05,3.1298757884913597e-06,6.502514823553823e-06,6.347304538061732e-06,5.475699057219327e-05,2.495714087717704e-07,1.2885588141615945e-05,6.050321915893747e-06,2.0336089289960113e-07,2.024921085078124e-05,0.0,8.68621348469531e-05,1.4295856715085264e-07
934,1292145,10,2.82541061250724e-06,4.546456960907719e-11,0.00014520179118464316,4.539803342210047e-06,6.641072049622804e-05,6.708299752286595e-07,9.046535816986667e-08,6.024845051945393e-06,1.5644263826955496e-06,4.042420561137239e-06,0.0001742400560407753,8.461699580811222e-07,2.8547890599597836e-06,9.800829563193919e-05,1.3164777501462055e-07,9.564911547949029e-05,6.0046229999541345e-06,2.123144081100925e-07,1.673211330775748e-05,1.0183745593632387e-05,9.243269646595775e-06,1.3018705072309622e-09,0.00043472728561744917,1.277166252949824e-06
935,1254070,10,1.0289989035849878e-07,1.2491686594839901e-08,8.526510022120043e-06,4.3590391485964775e-07,7.672277399145555e-06,6.298292313036691e-08,2.4050059586194772e-08,1.886084405287869e-07,5.332414839478994e-07,5.333769656466758e-07,0.00018906228362134542,2.0885172166359295e-05,1.1023821175661086e-06,2.180918141527627e-05,6.797088927465444e-08,7.927963680681716e-07,2.024363496486159e-07,1.2110261807276451e-05,1.2233286350235573e-07,2.961106948806691e-07,8.104694013758018e-07,0.0,6.656317867205497e-06,4.347630404993863e-09
936,1305350,10,5.765262603152355e-07,7.145456812351902e-08,0.0014992373505280238,6.297443060174213e-06,0.00012455478715629742,1.877019746951425e-06,1.2239308995465326e-07,4.849640236602448e-05,3.6853093599575892e-06,2.4647002183214584e-06,0.0003027592490103814,1.5118736644836872e-06,9.397790994708499e-07,0.000678080364275982,7.089256466244476e-05,0.00017902469116239106,1.9978126775593852e-05,8.468003231079657e-06,6.20905305378644e-05,3.158622470385286e-05,1.6645837522422102e-05,0.0,1.3102297525893758e-05,2.2956305771454355e-06
937,1339703,10,2.610859290916312e-07,4.091811264816947e-10,9.302910731121689e-06,6.560815726391889e-07,1.5744804569249593e-05,1.7958608353879635e-08,4.2048448018611184e-08,2.819461592806771e-07,3.607499697473593e-07,4.0989166586596903e-07,0.0002534468999993954,1.6321898281112385e-05,4.579296398583843e-06,3.0321252361686923e-07,2.2752896220092078e-05,9.506342156340511e-05,5.621015470788637e-07,1.4899991063827e-05,4.162066928842939e-06,5.822688115934838e-07,1.7433866480974503e-06,0.0,1.5920152750436428e-05,9.001241328687737e-08
938,1253895,10,8.179756480604372e-06,1.6829809661514372e-07,0.00031399817182766257,4.3560324742449724e-05,0.0001155965773268347,5.627592902443523e-07,2.0535253680842303e-07,8.075157100287389e-07,1.6137711013400335e-06,7.052165356888351e-07,0.007313673116781969,3.516569231306818e-05,9.609582035004227e-07,1.1241112687944421e-06,0.00010712190758123755,4.901832299404607e-07,6.78753631147555e-08,9.859154848333024e-06,3.317756285273546e-05,8.366888657011795e-07,0.0009865878230071283,0.0,0.00046656099437075715,8.990171455891538e-07
939,1250435,10,8.647139346056043e-07,1.1526487608479186e-07,0.0002229039456604076,1.3229943689047063e-06,1.6244986707332487e-05,1.6637871514194047e-06,4.191112818324738e-07,5.149554505274462e-06,1.187007043431526e-06,4.7527811779697615e-06,0.00035456808128836795,3.253390623569885e-07,1.1089081098002163e-05,1.3987646144995175e-05,1.451634748298597e-05,4.665619341436694e-06,4.0404535669030794e-06,3.315312519305835e-08,4.621368077974142e-06,8.721359070963663e-06,1.255245301149538e-06,0.0,9.425300584165602e-06,2.8380972124514292e-08
940,1318689,10,2.92432862450398e-06,1.1047476244918641e-07,0.00012410162674369313,1.3213874107582957e-06,1.7372738114564135e-05,2.2227961033599586e-07,3.77451961700026e-09,8.669267380877199e-07,1.3582047857924051e-08,6.053114178308089e-06,4.624158873235695e-06,3.2202246001700185e-08,7.290202798503759e-06,1.2313840477388982e-06,1.1520003112552857e-07,1.466847972983465e-05,2.6930834884017485e-07,3.649733604501465e-06,1.3943897613361012e-06,1.888093212921993e-06,7.563501139271067e-06,0.0,8.500247052067866e-08,2.4581011849600376e-07
941,1258500,10,4.7084341323749834e-06,3.5856839238762594e-07,0.003048143346643842,6.29824401726653e-06,0.0003301538229646059,1.3665808011598113e-07,7.645924594706921e-07,2.757270521577121e-05,7.020681842030696e-06,1.2742936614518197e-06,0.04051364462135542,0.0010182451909507284,3.4202707110478348e-06,4.211793652869611e-07,0.0015366373056208624,0.0011055614065089842,1.1236669193032123e-06,2.369800611780326e-06,6.49615434380954e-05,3.0683908771103607e-06,0.003560506340224222,0.0,0.0003940201026557885,1.5654564047978825e-06
942,1279488,10,2.550218926311576e-08,4.0918120280952763e-10,0.002580639040896185,1.5847070648777883e-06,2.082428359523325e-05,1.508973095781796e-06,1.5295040033114216e-08,1.0750294848371755e-05,1.03896359830713e-06,3.8026578339095396e-06,0.0040449568058105526,1.0358088383538577e-07,6.65368900013702e-06,1.0887259119185533e-05,5.952707430534332e-06,0.0021446125458182558,8.641321210457742e-06,9.98824386116981e-07,6.247243648012379e-06,1.4772578722767327e-05,0.00011045976602178792,0.0,0.002595899233088332,6.776678753359078e-07
943,1703072,10,3.168875902022361e-06,5.389066914246454e-08,7.0243917139750645e-06,8.481565068434171e-07,3.903371997107663e-05,2.6088049460623597e-07,6.883212027783414e-08,2.0298488210765409e-07,1.3704015272598957e-06,1.2548835049627782e-06,0.0017665221679812049,1.8233875792174337e-05,2.16255037189389e-06,2.4968693916466167e-06,4.080520842202756e-06,6.053063035851847e-05,2.132911261013004e-06,1.3940986463151228e-06,2.691035349167148e-06,4.142638036740143e-06,2.625076902559864e-06,0.0,7.796963759946346e-05,2.824434040815671e-09
944,1254299,10,9.60593488884276e-08,4.334590297805363e-09,1.583883319320953e-05,3.831884852062428e-07,1.3921898841858654e-05,7.193497648591562e-08,2.0466316818373853e-08,3.6582115538197346e-08,5.457902294489503e-07,5.312017516308221e-07,0.00027257872628950325,2.0610414989089e-05,3.35290758803064e-07,4.583316564293893e-05,1.208541061895746e-06,1.6637117312388872e-06,3.0197238373372293e-07,1.2745073259771283e-05,7.4161994809140985e-09,3.685779898926489e-07,1.7162459991365564e-06,0.0,8.999745230085093e-06,1.3791958894393552e-10
945,1343208,10,1.5167387593106874e-07,4.807552125146719e-08,5.477145177366916e-07,4.876076387799744e-08,4.366992686610435e-05,5.376104072335464e-09,6.922050162228022e-08,6.41386965739843e-07,9.410568707172995e-07,9.419476366574753e-07,0.0001868693691248792,2.134417035348085e-05,1.7420086376694621e-06,4.4939455128359396e-06,3.352478958117133e-05,1.8062797306751116e-05,3.3614826716946156e-07,4.927895049189335e-06,3.4977916115452867e-06,9.732089032085667e-07,3.497795011506155e-06,7.877427148084148e-10,9.923608978321119e-06,3.420318548177925e-08
946,1263936,10,8.12194110649117e-06,4.359243424359449e-07,4.692318846193089e-05,0.00013900251862855595,0.00023049603691017995,3.0277534215916724e-07,3.0031515985406987e-06,1.6378305511197122e-05,3.096262718257914e-06,1.231987140637436e-06,0.019653239439634367,0.0010036202641466596,2.855723746947314e-06,2.5803236800119034e-05,1.004681640930788e-05,4.185851986521216e-05,6.716121715918955e-07,3.273783879542691e-06,7.413227268510125e-05,2.432656029269231e-06,0.0013749259091931712,0.0,0.0018079471048319112,1.707423983192402e-06
947,1305504,10,5.350830576192345e-08,2.6745545847473018e-09,1.5445653305950352e-05,3.322994837282045e-08,5.8602332120082784e-05,1.4317455245688171e-08,5.389445814629745e-08,9.03301390769995e-08,8.654672837317412e-07,5.924843863407137e-07,0.0002617931867319734,1.8923177479337333e-05,1.299246800715026e-06,2.6626070261694113e-05,1.0627713031566982e-05,3.610372710783488e-06,1.1633461145799107e-07,1.1223451325002853e-05,1.4475491988755196e-07,1.3597081851418613e-07,8.854784924613654e-05,8.797750548905636e-10,2.0885698192564528e-05,1.626208924465633e-09
948,1264375,10,1.0497260608297032e-05,2.0279584667798334e-07,0.00018009726464396358,4.2146946453713863e-07,5.778027240056077e-05,1.2542222947165005e-06,5.658966142907396e-10,1.9456187504013345e-06,4.282647034670184e-06,2.2812303794098043e-06,0.051130259403458556,1.772199508037059e-05,2.18959036120403e-06,1.5850593883190434e-06,2.6932772612217604e-05,0.00043264124355441025,1.0172750562385813e-05,7.575094938191973e-07,1.339541579641057e-05,1.7430857771810748e-05,0.00046526145869933005,0.0,0.00042106778052857646,2.9034427709295763e-08
949,1303140,10,3.952471145166059e-08,2.1819750603557786e-08,3.962921025536803e-07,3.358842432694964e-07,1.095460429936107e-05,1.5314152931877878e-09,1.580421332345039e-08,1.693327808874323e-08,1.0192165253580798e-06,7.919623207612581e-07,0.0002715904623963282,0.0011189015681459802,4.482906358210803e-07,3.226140205495054e-05,1.1021471627223334e-06,7.398083490619406e-06,1.3629202520043515e-08,7.78362882980499e-06,9.015674067198998e-07,2.236122124271711e-07,3.4809654018974623e-07,0.0,4.290128423962286e-05,6.462641616300502e-09
950,1310182,10,6.714048994098387e-07,1.2871728473362598e-07,0.00011881008344001923,3.971108513516064e-07,2.2674474983445242e-05,1.5125358068107664e-06,2.9190035195567066e-07,2.2300757651291803e-06,9.635371854901931e-08,5.06252882325961e-06,0.0009548096636657448,3.2405295585097305e-07,1.0433036296015469e-05,8.335714597251798e-05,1.0175303677403824e-05,1.4591996330755308e-05,3.4223556682304312e-06,1.515206718288864e-07,5.428418604239843e-06,7.59594929560653e-06,8.701884990712505e-06,0.0,2.106820796333661e-05,1.9138317076949907e-08
951,1346758,10,2.9630374716316243e-08,5.764776835059937e-08,2.0441671540888384e-06,1.9661111003155263e-08,0.00010875417032862877,8.657126182587405e-09,2.487360795874749e-07,1.691627233950388e-06,1.1668759854963073e-06,9.030769848941689e-07,0.0002812336420798256,2.3136605926933618e-05,2.8184886106258356e-07,1.5957432188823395e-07,9.796014147973875e-06,1.1423631700112347e-05,1.1494369472897503e-07,6.2002979329608965e-06,5.018698042251468e-06,5.613732267026328e-07,3.724932520106361e-06,0.0,2.8729098551949495e-05,6.419969360987876e-08
952,1810037,10,1.1629445595143229e-05,3.259568170238536e-07,0.0003147114009859897,2.7038086888010737e-05,8.527467871070893e-05,3.4254694701654764e-06,1.7888371478536058e-08,3.0531739296513205e-06,8.309718501284258e-07,4.886391782241151e-06,0.0001898861326288248,2.689045849109395e-06,3.6001941643465374e-05,7.903007827749636e-05,9.063189862384274e-05,0.0002822396228000096,5.520240421226508e-06,2.3136394702860663e-08,3.329718999448006e-05,1.2528428559269167e-05,4.502750139998707e-05,0.0,0.00011555988837169684,3.08864611539561e-07
953,1246529,10,2.1031263659279653e-06,7.349771432782481e-08,0.00010282031608591091,2.0528388645218998e-08,9.674061344445636e-05,2.0398008906269416e-07,4.2871653894646644e-07,3.930662820169489e-06,4.3717811831420206e-07,7.234760782542926e-07,0.0016499852874656794,2.6937924665477314e-05,2.1916725083531707e-06,0.00021315981935316614,2.89143123030286e-06,3.6479556145795067e-06,7.835784943122093e-08,1.0304437965551888e-05,8.58648562879899e-06,4.103976094238515e-07,0.00014640969029471734,0.0,0.00012521722422307105,1.8647066835769666e-07
954,1880429,10,4.31000621720079e-08,5.245490553029697e-08,0.00022379761957137811,8.46656739952878e-06,0.00013549537289961333,1.9011038720345708e-06,3.0179376594996477e-08,3.6000096083482758e-06,2.621126436161414e-06,3.20059638396486e-06,0.00010281636719958187,4.747380396435963e-07,5.758766876973187e-07,4.7744852019984685e-05,0.0004422602829801531,8.40612328500967e-06,1.4743991608640039e-05,4.407842777512383e-06,2.5502475136190972e-05,2.3837961560649323e-05,5.806153575591e-05,0.0,9.344259796484344e-09,1.2080056281810192e-06
955,1342906,10,2.559262884081759e-06,4.091811334205886e-10,9.120554135780279e-06,1.3542289301733679e-05,2.1227283502772004e-05,5.300027977953037e-08,1.7341375595225639e-06,3.280841743245888e-07,5.923590314337035e-07,7.740754570141617e-07,0.00028662443967737705,1.4977036378510666e-05,5.616901546861425e-06,2.2796109183376156e-06,8.835325737664712e-07,4.858091984794033e-05,1.8854232019388517e-08,7.839368313691114e-06,2.4020217236700447e-06,1.4839591296750276e-07,2.4009495511435885e-05,0.0,0.00016640939517377495,6.334599059951151e-07
956,1293465,10,2.6520700749238513e-05,7.877255867039246e-08,1.559829772446175e-05,4.024545552372416e-08,8.18053405302055e-05,2.339335199746939e-06,5.600939716188247e-07,4.951025971033918e-06,9.550749652253998e-08,2.3663239079041443e-06,2.273198439706192e-06,1.1621684310098024e-05,1.1026318078311004e-06,0.00010039276375672923,0.0002968685437598484,2.703992032701552e-05,1.1693087679814917e-05,1.2516589559530278e-06,8.219606214832087e-07,2.0233675957187502e-05,0.00025760186366297066,0.0,0.0001198960443307695,7.123637504879987e-08
957,1266634,10,7.785750890970666e-06,7.668152474105128e-09,1.2108791014243947e-05,8.583690557707746e-06,4.374476605947114e-05,1.3509453673787863e-07,1.5675863385133937e-12,3.120705159287418e-07,4.3494107272029625e-07,5.619105587294226e-06,0.0005058001641256513,7.904282766368897e-07,2.713726326986077e-10,1.515013764080697e-06,4.665078226815528e-05,1.6754213023884024e-07,1.2104451254796311e-06,1.3673461596863667e-06,5.154676462636176e-06,2.706779844603713e-06,5.417270755014164e-05,0.0,7.344355805699587e-05,9.824900450774998e-07
958,1312171,10,3.840363598350827e-06,9.69405987427674e-09,2.8620076585675336e-05,7.034080895251815e-07,1.2819599767635581e-05,1.9088472129336065e-07,2.0383095170051213e-08,3.132252509585598e-07,1.233346791112977e-06,1.1878551405275495e-06,0.00042353671530354076,1.60792353101763e-05,4.753703373647222e-06,3.981549553778996e-05,1.3724141822990532e-09,2.0339674458150214e-05,8.258466834693001e-07,3.4945310234124616e-06,3.953760929764627e-11,1.8002808480077626e-06,1.53869314321875e-06,0.0,1.8404809290301083e-05,2.2955795930812428e-08
959,1263829,10,2.9594061452163645e-05,1.2176498109112144e-07,0.00032652318908917705,6.4015841085701686e-06,0.0002993401770964507,2.5592757728828963e-06,2.398617189106056e-07,1.5695694200734689e-06,2.2086983685748462e-07,2.6553457218719823e-06,0.0008271378011551825,1.1627890460039203e-05,1.0238288328134892e-05,0.0001221028890522613,0.0005484953220361577,0.0022743347488850194,1.3322680732390235e-05,1.930690633381027e-06,1.4648208164907972e-06,2.2959422279165975e-05,0.0008294407965612274,0.0,0.00047567554737933115,1.7408816514047354e-07
960,1253046,10,2.4651268889144123e-06,1.203435294298838e-08,1.3912558202306899e-05,8.281893283529351e-07,1.0877624440087594e-05,5.326442213144517e-07,7.012938958907838e-07,1.372686493049391e-07,3.841603263068927e-07,3.478043654383395e-07,0.0001628172687324573,2.209009784923284e-05,1.1238593610029407e-06,7.562790443027892e-06,7.839818152098957e-06,5.3729188669636094e-05,2.8565174292859152e-06,2.4305399501543465e-05,5.632112994643362e-07,3.864206445977625e-06,2.2501885379600656e-06,0.0,8.102390004188081e-07,1.1233366632723563e-09
961,1901803,10,5.2080839224588615e-09,2.2999119160538317e-07,1.436389620372569e-05,2.56006925822283e-06,1.2591422065187652e-05,5.904316639770979e-09,8.74722070817735e-08,3.4449539473291324e-06,2.4635472277573234e-06,1.487973826291844e-06,0.0005089526317131957,2.5602543745041617e-05,1.6643924116016562e-07,4.410063216254978e-06,3.167451474106464e-06,0.00011642360576722549,1.2979021323869522e-06,2.278586808360239e-06,1.8062101982463385e-05,2.8575933492674954e-06,8.611809061054299e-05,0.0,8.262745501971813e-05,2.9496712059678964e-07
962,1337272,10,4.7655272440022545e-08,3.727505320759439e-07,0.0001044485283623782,9.419823002454475e-07,3.0986584739985806e-05,8.275429325098338e-07,3.866718434747396e-07,8.792367822627045e-07,1.5974019990788735e-07,6.655750521437909e-06,4.719724692031288e-05,4.6185229102962966e-07,1.1901623388235055e-05,1.1089210506926711e-05,3.433810902959272e-05,6.658471005081129e-05,5.468955928400465e-07,3.0268156995423567e-06,1.7555533299160736e-05,3.1860596782819217e-06,5.3142552459504305e-05,7.001438664944182e-11,3.6360112371808945e-05,3.026060537564268e-09
963,1389074,10,1.740888877950486e-06,6.144905198915418e-08,3.4926243141490676e-05,3.762137464644738e-06,2.1599942979452086e-05,4.754564398301575e-07,9.338773767145203e-08,6.057738766995779e-07,4.2250702279866825e-07,6.002091025955614e-06,3.9940993417565684e-05,3.8547404532240925e-08,1.3487425111133322e-07,1.9037088476447916e-06,2.4711434537527666e-08,5.569064360742837e-06,1.366526627907122e-06,1.2746108698710734e-06,7.779522877282563e-08,3.604751635261777e-06,2.856326292492023e-06,0.0,1.7685240666365232e-06,2.8940538811250693e-07
964,1341857,10,1.6483419782914455e-05,2.227763772066904e-09,0.0001844166081709786,2.0790792898496557e-05,3.512112737179274e-05,8.456081304827889e-07,3.8307187322228486e-07,5.900465540435718e-06,1.121187466784912e-06,1.4160196373028122e-06,4.160221649993079e-06,1.055952776106428e-05,9.796091127868556e-06,6.922064619234447e-05,4.2186714881847776e-07,5.466427113604011e-07,1.9573864681529662e-06,1.795715217987881e-06,5.335690281306482e-06,3.893677193486655e-06,8.372088944450656e-05,0.0,0.00013409640605259454,2.930977014772851e-07
965,1346139,10,7.897518849997454e-06,1.861106271594526e-07,9.177810268506253e-05,1.1291072691786697e-05,5.387436116820188e-05,5.346513133053232e-07,1.3975597362020364e-07,3.946296767060042e-06,1.1891123404203507e-06,8.666994109757242e-07,0.0033408397186759364,3.283358950572496e-05,4.2332960296237454e-07,3.169292711886762e-06,9.254479287329476e-05,2.8562334564857794e-06,1.9408912132340417e-07,1.1222530643582862e-05,2.2656332367879117e-05,8.022864624174231e-07,0.00022201151303721106,0.0,0.0001115145456759975,6.215848002838475e-07
966,1264948,10,5.153327763043197e-06,1.1607822595835482e-07,1.497758119481385e-05,2.4998883214871065e-05,4.842833024287785e-05,3.9777558338838226e-07,8.149694829748255e-08,1.6458486658578464e-06,1.662608088599804e-06,8.455494722794943e-07,0.0015069925026263177,2.981106697317465e-05,1.206100670725352e-10,3.49487989330724e-06,3.843859778754691e-05,3.84215109351313e-06,2.3024512710648204e-07,1.176502253963374e-05,1.3541515493813161e-05,6.908598427710078e-07,8.154120612315768e-05,0.0,8.798475031887229e-05,3.939491352786262e-07
967,1532057,10,2.9888773053765583e-09,1.088609306015148e-07,1.9447339229483607e-05,6.879335431933531e-07,1.3609120978410813e-05,3.305508644579902e-12,9.867687274407733e-08,4.357986306425393e-07,1.4152330483369752e-06,1.2546428807304333e-06,0.0006630626675309063,2.3231688011389473e-05,7.744340423838925e-07,4.493534564683696e-06,1.8661630785678576e-05,3.2148043119560946e-05,4.347363291249545e-07,4.408910044327238e-06,7.452212202609457e-06,1.2313091177461322e-06,1.607981173781109e-05,0.0,6.193668298288234e-05,1.040089121148724e-07
968,1293006,10,4.494394324441875e-06,3.9740874823585015e-07,3.4574423132989474e-05,1.186778688225254e-06,2.7215767463305285e-05,3.1972339567531982e-09,2.132601061091699e-07,1.0998393801323059e-05,1.7754857769419763e-07,3.834941415606363e-07,0.0030558807317282582,9.798248441605928e-06,7.130186697311414e-06,4.250947455711196e-05,5.475941648851873e-05,0.001139737738540654,1.8239427953190002e-06,2.162375390457605e-05,3.969012706581121e-05,2.197693665731415e-06,2.2942775620850286e-05,0.0,0.0007403827563464555,9.461353096817948e-07
969,1323349,10,5.76140986022905e-06,6.843002983702995e-08,0.00018878824672009104,8.28633473885787e-07,6.687555483299301e-05,3.976185359994e-07,1.9098802192529796e-09,3.289603784026318e-07,2.280114551632406e-06,1.690913268133365e-06,0.006353686568732864,1.6810621013656213e-05,2.1612896077410904e-06,6.512582384888416e-05,1.4364055142990217e-05,2.872978170478241e-05,2.529257017963582e-06,1.082831805609974e-06,1.3930269085055125e-06,4.801501825330012e-06,1.9981840629075542e-05,0.0,3.763713979858252e-06,1.224113099079771e-08
970,1293921,10,5.106879255218494e-06,4.0918115076782335e-10,2.1890658247255418e-06,1.6597445147426004e-08,6.818222695460958e-05,6.559035599009583e-07,3.996425905414269e-07,7.793236775008316e-08,7.735186730584154e-07,5.032672033417063e-07,0.0012931213014582329,2.5907030167592743e-05,6.551259172180718e-07,3.8313063492265154e-07,5.475989198068347e-05,5.867496378877783e-05,2.101397804704988e-06,2.1343013672821612e-05,1.0395681301709342e-06,2.997841735997986e-06,1.2743882431623388e-05,0.0,1.4668070177274381e-05,4.435604199909404e-08
971,1254670,10,4.929954853436641e-06,7.86313057860033e-08,8.643652510346989e-06,1.1543223495460997e-07,2.008843260626475e-05,7.833065984730325e-08,4.1635808960618914e-07,6.553968107496366e-07,1.7670556483329047e-07,8.112772238548505e-07,0.00033782577093720637,1.2391676832361476e-05,7.235918570581978e-06,3.4845372098857297e-07,4.081348429486181e-06,0.00010899372386451861,2.8656167085083784e-08,1.0305099907969434e-05,1.0627444702968059e-05,2.1096108263063407e-09,2.6710460666184987e-08,0.0,0.0001776886487878833,3.6962059691073024e-07
972,1258289,10,1.7387303255352038e-05,1.9187257586233963e-07,8.427302588955715e-05,3.240451047201165e-06,7.308504808842958e-05,5.303900327963129e-07,1.2030827291689694e-06,7.262543194747062e-07,4.082642383260171e-07,9.397840748173736e-07,0.0004532630052141093,7.950394352647383e-06,1.346641401731713e-05,0.00040441152358945687,1.7892196172562824e-05,0.0001371219795498549,1.0212553575028593e-07,7.127817876685649e-06,2.8089356216738637e-05,4.712513022725462e-07,3.4455699717210464e-05,0.0,0.00014932774079421535,4.724418962501198e-07
973,1281879,10,2.723742055787959e-06,5.495682160183701e-07,1.0694397992359883e-05,5.291186665978831e-06,3.383076270910279e-05,5.981854386827301e-08,3.47035200895518e-07,5.200633276296329e-06,2.8246531042497303e-06,1.6151102720171617e-06,0.004316490314713359,3.2833822535896506e-05,6.081547032910084e-07,5.636458339924877e-07,3.6480766227309225e-08,8.464241676139211e-05,1.0408553972746093e-06,2.592913213438075e-06,4.3956780053179545e-05,2.6960729811037476e-06,0.0001151343885909123,0.0,0.00011025151047536902,8.479116108406348e-07
974,1891261,10,1.2180580882453773e-05,2.2038113286007577e-07,0.00019126881588263367,6.0683540301746663e-05,9.705455664339377e-05,8.098183467107611e-07,6.316632739714056e-07,4.937110197160421e-07,9.409075512958887e-07,8.466168221060721e-07,0.004079376585132546,3.492855750537524e-05,9.996605253581592e-07,5.1530640789165805e-06,0.00010444779969464787,4.796127004959988e-06,5.18161373291165e-07,1.3615528058431858e-05,2.59083649052326e-05,1.33311991491053e-06,0.001394275707756517,0.0,0.0007573497679252521,8.391972065487086e-07
975,1473027,10,4.372303328073479e-08,3.2453128066822767e-09,2.37162343502198e-05,5.2881142711264095e-08,1.2119225564568431e-05,2.497503100856724e-08,4.879877654045961e-08,8.392691749903314e-08,8.281093143089335e-07,7.907097950426989e-07,0.0003837674173362837,1.8748254213402787e-05,2.250022328422613e-06,7.02254335257016e-06,2.655388901418726e-06,7.727698944918343e-06,2.2887142179378595e-07,1.2389509523598463e-05,3.8361928659386146e-07,2.458917078423939e-07,1.611520923278792e-06,0.0,1.0561566663132294e-05,1.4194111941367993e-08
976,1504096,10,2.2654933489532625e-05,1.6367245128656727e-09,0.00015277025164717878,2.589697555725745e-06,1.557945254160309e-05,1.3431036648831052e-06,3.2751291219323964e-07,1.0350299937192387e-06,1.2542118098188282e-06,1.9037605188676476e-06,0.0006240008285639045,1.0559816925104215e-05,7.452337407704013e-06,0.0001833297698998343,2.2847629900402122e-05,7.867346395563912e-05,4.538281376816056e-06,2.0218666262061813e-07,1.8763906482061055e-06,8.349444118052607e-06,0.0006791224524904799,0.0,0.00043890368795872214,3.307280685635461e-07
977,1335472,10,2.8082364226730827e-07,1.2451158104553883e-08,4.752703352975049e-06,6.654585965604198e-09,1.83654742326525e-05,1.527140099481794e-07,1.231015488954712e-07,1.975740034076967e-08,2.2127712348725403e-07,6.248367840269026e-07,0.0005769606745258896,1.9980826504133534e-05,2.528440489915282e-06,5.8084345656676806e-06,9.30239667582683e-06,2.6316953871213106e-05,9.805902299511032e-07,1.6974451911800845e-05,5.47499075772076e-07,1.2209950159599442e-06,1.526171395337117e-07,6.075891682139067e-10,1.0758346754487572e-05,4.7423031456633735e-09
978,1343759,10,2.0162053053010554e-06,2.3021416994256638e-07,1.823291475133021e-05,6.736013911934347e-08,0.0001441695448935465,2.910846512993448e-07,1.1074019992673989e-08,9.680821427479613e-08,2.6989388760695343e-07,7.075290773039811e-06,8.2369353643294e-06,1.4317839830413348e-09,1.2887830945770146e-05,5.198956386232023e-08,2.0339348895902915e-05,1.0112130270807651e-05,1.935677223507959e-07,4.120761803672046e-06,4.5370313029244325e-06,1.9722622643103538e-06,3.3855021283960007e-06,-1.1969347735174551e-10,0.0001060891351867578,8.042231889812679e-08
979,1697027,10,1.0832675050032048e-07,1.7899305237989438e-07,4.5161295127098267e-05,5.5498410998777725e-08,0.0005314409289085137,7.743488001227261e-07,5.682945163759667e-08,1.1039075752880545e-06,6.657233634493886e-08,6.348950549420196e-06,7.181918306051194e-06,7.563498113233313e-08,1.122495356968567e-05,3.433963306751636e-05,2.883763797478789e-05,2.7881781375777015e-06,1.3448557953654738e-06,1.4147829473648565e-06,4.2835775789576425e-06,3.968114191239824e-06,4.7746937940282286e-05,0.0,4.651459665985791e-05,6.267028356682358e-08
980,1847148,10,2.6309046823880244e-06,6.428561565019475e-08,2.0076415493480715e-05,6.435950495597975e-07,0.00016400918057800362,5.935224678815798e-07,6.600902890438465e-06,1.7400446172266548e-06,1.194348218713781e-06,3.738742760245328e-07,0.0008485580046058844,2.1250681127210624e-05,1.9288872891987108e-07,2.1811176911620822e-05,2.4113514668383518e-05,0.0002696179690431233,3.687529359613917e-06,2.736004476049103e-05,1.9386574626606423e-06,5.120759041701839e-06,2.7671407530446834e-05,0.0,2.0435831613596633e-05,9.829562108709666e-09
981,1329663,10,1.6946069081313908e-06,2.88855517283082e-09,0.005876400849956553,5.2023096941411495e-09,0.004124635990592651,8.88976501300931e-08,4.746107151731849e-08,1.6912672435864806e-06,2.8558133635669947e-08,2.2837193682789803e-06,0.00786776786117116,1.976804924197495e-07,4.994704795535654e-06,0.0001612873311387375,2.5946064852178097e-07,0.004603312612744048,1.4408869901672006e-06,6.497648428194225e-07,1.9128492567688227e-08,3.6940982681699097e-06,0.00420118733018171,0.0,0.00013885203225072473,7.756170816719532e-09
982,1323988,10,9.671203981632959e-06,4.6847529890092776e-08,2.1435906424734086e-05,9.588082451050806e-07,0.00013612448057630927,3.129950696331707e-07,5.058581804759377e-07,2.64165705066155e-06,5.320353339832717e-07,1.1864366450675679e-06,0.00032942216010987263,1.1763354767081735e-05,3.916211062382491e-08,9.211919592064244e-07,3.2398575578601596e-06,5.780310888964246e-08,3.02551689791708e-07,5.475755863258713e-06,7.343746670399054e-06,8.291595247969519e-07,1.5839416320446997e-05,0.0,0.0001258879333259702,4.079475993401527e-07
983,1263062,10,5.620232767442057e-07,4.0313319533274994e-08,3.6966057454537044e-05,2.5839099766084006e-08,8.67173830362486e-06,6.849799408237267e-09,2.7786454630251978e-09,4.0157699127824076e-08,2.5947171224116605e-07,8.099628108874934e-07,0.00011491871187163313,1.6483177829450246e-05,1.463752918134248e-06,9.060260998880465e-06,1.497633850069957e-05,2.7878255959117026e-05,3.1325345048807685e-07,1.3249791664143862e-05,2.99335014353197e-06,2.91017902817603e-07,4.1344624593923907e-05,0.0,0.00011837443539869028,8.23832124324797e-08
984,1368482,10,3.611164883995932e-07,6.982649822934173e-09,3.0361825311572138e-05,5.777175751675578e-10,3.32393845960989e-05,3.419018221317849e-09,4.2029463694082114e-09,3.585199846618814e-07,7.386977157949892e-07,9.215778521004525e-07,4.000069976171222e-06,1.7807222785388988e-05,1.7528976515093775e-07,5.183896587509368e-05,1.1358492387824465e-05,1.7640862999105528e-05,9.6107866172368e-08,1.108814966481464e-05,6.55408682815467e-07,9.212718795129082e-08,1.2142332669884404e-07,0.0,5.169529422240776e-05,4.6921998706622725e-08
985,1370944,10,3.133007476261579e-06,3.221569880307307e-08,1.6631795121957449e-06,2.7569625749013227e-09,8.960413292413011e-06,4.3713571425824105e-08,4.6010887686659396e-08,1.5776525466582036e-07,1.9264103320870696e-07,1.0404583016924984e-06,0.00026276403259262865,1.4745673926268993e-05,5.017253468918986e-06,9.186891525292395e-11,1.937469884874532e-07,2.1159732714833013e-05,1.6836515584484069e-09,8.584982046339062e-06,3.239358530644776e-06,6.929709187725175e-08,3.8022961266447053e-06,0.0,0.00010383617139470697,1.3236026857876837e-07
986,1780122,10,1.0562142228290328e-05,8.227706273233881e-09,5.431556719354136e-05,1.2153774113510263e-07,3.742865201031287e-05,4.189031257081921e-07,1.6520019699428623e-07,1.640622361735733e-06,8.279048247447629e-07,1.439610930263624e-06,8.816965743104616e-05,1.2457665343933166e-05,7.020884231122293e-06,0.00011815382548499564,7.710046205366972e-07,1.900863814337933e-05,9.008526034443021e-07,3.4572458584847254e-06,3.239443515740126e-06,1.9527307328071064e-06,7.039008544527242e-05,0.0,5.928951674507438e-05,2.5784502133419096e-07
987,1876204,10,6.903539348929177e-07,3.2497011786397634e-08,0.00019182262709365946,3.4954750687335445e-07,9.956711210210717e-05,7.569988251278359e-07,1.6721324783142144e-08,9.385595461968571e-06,1.1729419379519213e-07,6.101730868342953e-06,0.00011299929481803014,1.6439354464520273e-08,1.0693211283614723e-05,0.00012188143631892967,2.5201143362307138e-05,3.283392373196886e-05,2.561977426190215e-06,3.8630326474817234e-07,4.185900584485758e-09,5.52757119379535e-06,1.739124793698893e-05,0.0,0.0003250838512445439,2.525143756489101e-07
988,1341502,10,2.8961801165627854e-08,6.892167272939953e-07,8.931258701702638e-08,2.6244715047619993e-06,1.6175562973886476e-05,7.247392246056972e-08,1.0771572000328744e-07,4.941523182984409e-06,2.822799209798582e-06,2.2500432286659544e-06,0.0028302398648485036,0.0010738726882489127,3.2450646376622205e-07,4.369171094107879e-05,3.720938871495938e-05,0.00043056161857992284,3.610334880041477e-06,3.3600519706855625e-07,3.433942084099875e-05,6.856773513419512e-06,4.708938377520622e-06,0.0,2.580739032743279e-05,4.7286477065575094e-07
989,1291155,10,1.519487081748372e-07,2.6040240537136827e-07,8.08206507568153e-05,1.6767460004826762e-07,1.2960132900533688e-05,2.7125439540712226e-07,1.866754723023334e-09,8.99492927669554e-07,1.4520848306068257e-07,4.495332995985146e-07,0.00046053217772142746,1.6892278718778214e-05,1.3220030298521923e-06,0.00015575065702121832,1.0240111972668886e-05,0.0008105408526283206,3.312003045950751e-06,2.6522264904623588e-05,1.0112076198873221e-05,4.418497415292072e-06,0.00010795175650358396,0.0,0.00010160708126627505,1.6997003521312948e-07
990,1889022,10,1.8775460581023362e-06,1.372775252292402e-07,7.03930445140298e-05,1.0241203872891902e-05,5.662568104307028e-05,4.1060766932041193e-07,3.3914434004189697e-09,9.668214970247335e-07,4.498141799209876e-07,6.970988278159201e-06,4.8081400114835526e-08,7.511360922141108e-09,1.0241100410094545e-05,1.635564591054295e-08,1.393128538501598e-07,1.1560209087241313e-05,7.574905213671157e-07,2.311387972259854e-06,1.3232746518265781e-06,2.6811346989751017e-06,6.607384543180772e-06,0.0,5.617506511155362e-06,1.709580083400497e-07
991,1256432,10,3.9733674615100023e-07,4.015989776839923e-08,7.750765075378863e-07,1.9410510078768373e-07,2.27797844266249e-05,1.9365673999474642e-07,6.239035912555813e-08,1.559316974500402e-08,2.922136491147198e-07,7.053580012086891e-07,0.0006335289581423653,0.0011235904167429082,1.716467211757694e-06,2.310752037770758e-06,7.076144413916546e-06,3.9438429072103515e-05,1.232081761538828e-06,1.8063159126915224e-05,7.395447350899698e-07,1.538587888785109e-06,8.101827075265855e-07,0.0,1.6810225156767278e-05,1.0436628644638901e-09
992,1332392,10,3.999186113282094e-06,4.23095070471724e-07,2.362174639792408e-05,7.076693276375501e-07,9.136635980851182e-06,4.243076191651207e-07,1.5675863385133937e-12,9.513772039754231e-07,2.2223055695796967e-06,2.4017259119338275e-06,0.00086848152995498,2.0792912567194066e-05,2.5956458350739897e-08,3.84231175365457e-06,2.642159445625375e-05,0.0004426821975152262,5.017540822015165e-06,4.780970709605814e-08,1.4212303170217655e-05,9.08908194591218e-06,9.73366443341589e-06,0.0,5.112283424604097e-05,8.637853814164043e-08
993,1898108,10,1.1440126152766766e-06,1.0982629255681942e-08,3.3408235432130784e-05,5.423538975563025e-09,1.2961231927188094e-05,3.773276593954655e-09,1.3347125018062234e-08,2.08069668720251e-07,1.2094088627408184e-06,1.1015805256014283e-06,0.0003010216077289473,1.70560441722159e-05,5.779587168019962e-07,3.7576465090964975e-05,1.9589322925728236e-06,2.550241983177194e-05,2.181128808814714e-09,9.059850336112785e-06,6.889623939531492e-07,5.151045397167042e-08,2.923158847133525e-06,0.0,5.3874613645851777e-05,4.6045934249533405e-08
994,1440057,10,1.344440318486878e-06,2.0134809741376158e-07,0.00031328922889779093,6.550874422465991e-07,3.216189495108823e-05,1.6124093964904607e-06,4.005515392042913e-07,1.9135161703348613e-06,7.298747868589306e-08,6.1502448076011795e-06,0.00033306156627437716,4.087925150400573e-07,1.155941089597129e-05,2.6214620235012753e-05,5.685039577743231e-05,1.0889003707510031e-05,3.4967687454132146e-06,1.217085637481019e-07,6.603868377298011e-06,7.917419381449353e-06,3.588033328381576e-05,0.0,2.3360649387127452e-09,7.953021893825074e-09
995,1259538,10,1.936603498051137e-08,2.3988535363672625e-07,3.64818401583783e-05,2.115657978668528e-09,6.468551367340078e-05,9.606620334570715e-07,9.103489210030014e-08,5.508087849818988e-07,3.96702593354753e-07,6.708609530867854e-06,6.200812299222286e-06,1.6888209198803739e-07,1.0956330775337142e-05,3.364069765404709e-05,9.61029151966622e-06,5.045676785414566e-07,1.716339533670841e-06,1.041002321455764e-06,5.90575458095377e-06,4.7891995918966646e-06,3.819206933900268e-05,0.0,4.448905458743699e-05,1.8419289957855023e-08
996,1889090,10,1.1560180002301995e-05,1.3853255768220274e-08,0.00016281742180848657,7.075986511423382e-06,4.6321540062576466e-05,4.836055637544301e-08,1.604990079034918e-08,5.44805056412398e-06,1.0809452351996651e-06,7.235307717189804e-06,0.0006076222945349576,6.718482008435944e-07,9.412772881481346e-07,0.00011556198295660514,4.4934392207790497e-07,0.00022590053003521127,3.029391190123576e-07,3.348489926634224e-06,1.663300246527999e-06,1.3633531355215778e-06,0.00037791392012007444,0.0,0.0007436526499340484,7.948379955394214e-07
997,1320762,10,3.920960317600752e-06,0.0,9.900450436725605e-05,2.3725620293540972e-06,2.2211678056507922e-05,2.856873304098173e-06,8.116698977239656e-07,4.632830102310748e-06,5.47157370751894e-07,4.752546114601686e-06,0.001149211692686787,2.2141327630370577e-07,4.758826890466361e-07,0.0001439998044709817,6.872563679847371e-05,1.7977026144339048e-05,1.1023132640237965e-05,1.9321631524460425e-06,3.599803635734311e-09,1.9436827624959296e-05,5.475395061321775e-06,0.0,0.00016002417465724172,1.1678395798325747e-07
998,1883166,10,6.001224576810543e-06,2.6341175546340523e-08,3.7214516115935403e-07,1.590363691780783e-08,8.6259147093308e-06,2.914318462908516e-07,5.95478873745281e-08,4.3124103454861284e-09,8.645084920884394e-07,1.794700481085737e-06,6.250515991550881e-06,1.615948390132349e-05,8.635809990824306e-07,9.186891525292395e-11,4.745390329539967e-07,8.930143371674651e-05,1.536018798858202e-06,2.1604253334014945e-06,1.5882475688094866e-07,3.0684268670817805e-06,2.470132809103895e-05,0.0,1.0049103861129588e-05,2.159454829883667e-08
999,1519027,10,7.956463280604786e-06,5.032069390897842e-07,1.5526534479462506e-05,6.898490142320801e-07,4.93422586406167e-06,7.741404303082677e-07,2.3814011505807198e-08,3.108196286877307e-06,2.721264788917155e-06,2.787576876848996e-06,0.0001313359609142195,1.9100856377927966e-05,1.326454963507251e-07,3.457684488072932e-05,5.431963567475995e-06,0.00040400996586217874,7.131432637336177e-06,6.866790509818532e-08,1.3032329263203135e-05,1.2412527436285459e-05,1.901302436305846e-05,0.0,0.0001267877855857108,5.0805656494345985e-08
1000,1300470,10,8.107893556263956e-07,1.3698073613177542e-06,4.0443347378224526e-06,1.2394329663038828e-05,2.9610346704504742e-05,3.2418334004746807e-07,2.9204128726423306e-08,1.0853508688318803e-07,3.347365038514072e-06,3.0642595599400524e-06,0.0072471155122347045,2.7670177373831373e-05,1.6397492350050946e-08,0.00010322892093807962,2.4211449491107206e-07,0.00022500038592056237,8.236879037969158e-06,3.3504933357603184e-07,5.227706406634586e-05,1.450628260264708e-05,0.00019321210468066508,0.0,0.00013948024732512304,6.39861027613986e-07
1001,1370135,10,7.569164697934783e-07,9.042373228657086e-08,4.019650450545059e-05,7.347046676597913e-08,5.8390286292502036e-05,6.558307774282013e-07,1.134992792112266e-08,1.023338317134026e-06,2.3111619809612627e-07,6.864895304659058e-06,2.9811027623428965e-05,8.948649460327474e-11,1.0890972483044992e-05,5.760773997290358e-06,3.3569826483198506e-07,7.265614445500779e-08,1.6642203578901005e-06,1.0001603128126368e-06,7.403282030679637e-07,4.213977091889476e-06,1.1191962315248993e-08,0.0,4.5011016523710534e-07,1.4184415006446294e-07
1002,1342647,10,6.201414970742614e-06,3.490200186431758e-07,1.5354878759449297e-07,1.0404230129101855e-06,1.3442279555263281e-05,5.171524353406176e-07,3.165572089874891e-08,3.591344121672835e-07,2.131760238728575e-06,2.5295185168972e-06,0.0024383864007647554,0.0011316485790225164,2.40366125028868e-06,3.5735668696551537e-06,2.079263961963368e-05,6.006389625144021e-05,4.7102490771111505e-06,1.0960651885411066e-07,8.294026633708096e-06,8.500870160486895e-06,2.5593429049189376e-06,0.0,0.00012996141108055637,2.201933087947472e-08
1003,1922405,10,5.6622767797276374e-06,1.5777280411646832e-07,7.743801131380318e-05,2.01484837647134e-06,2.2217530429278348e-05,1.4365467373295138e-07,2.0924851924092325e-08,1.7724870172014517e-06,5.145162112335511e-08,7.781722824316134e-06,5.026598595584894e-05,9.449946864609204e-08,6.707786842686386e-06,4.501576889026637e-09,7.28758689645323e-06,4.8302207321101326e-05,1.587025431522282e-07,4.242172810069861e-06,7.374078908363446e-07,1.5750836699184034e-06,2.6316533004850512e-05,0.0,1.8411262881976032e-07,3.072447958343827e-07
1004,1338430,10,7.565151794366315e-07,2.2186337310728388e-08,5.7081085932594866e-08,2.110745695275973e-07,2.514013085532299e-05,1.9330325854056973e-07,3.12582853888993e-08,1.852792010492016e-07,1.2321556168894826e-06,9.40549368628335e-07,0.00019628005216693577,2.134446128118639e-05,8.106105788344142e-09,2.296722808464713e-09,3.283278933480238e-05,1.952992716852675e-08,9.024656864673603e-07,1.6483503916050676e-05,9.617513086271345e-09,1.1600350979888013e-06,3.763598115019695e-06,-9.421408965482048e-11,2.219888687414809e-06,2.206714672103871e-11
1005,1502029,10,9.22199866009582e-07,1.3060988717297772e-07,2.199667091346176e-05,5.1829645072304364e-09,1.3105948202096068e-05,3.0357775599072767e-07,5.78243773575321e-08,4.434572003289561e-07,5.621693254190957e-07,7.580720749276321e-07,1.8836214899418946e-05,2.016047718473267e-05,4.2267979277407774e-07,3.674756193783324e-10,1.6645999014647944e-05,0.00014256469432097525,2.016261911954448e-06,2.1437213982357026e-05,1.4398361982328328e-06,2.636193317105684e-06,1.23966593153918e-08,0.0,7.974550021002877e-05,1.857046857262068e-08
1006,1332614,10,8.6540503986543e-07,3.6038894272311106e-07,9.33158883587408e-05,1.761542118075554e-08,8.129808544721229e-05,9.450922833567632e-08,7.241490356663105e-08,7.536523818872654e-07,1.793562897794282e-06,2.2206549784749285e-06,0.0003519358569859521,2.237429853632275e-05,1.2114289428509506e-06,1.1900714336675333e-05,3.192385310546442e-05,0.00019515938825747509,1.9887248222175136e-06,1.4896247836244936e-06,1.1223828502125721e-05,3.933795454904437e-06,8.235924172168146e-06,0.0,1.267155859455485e-05,7.701393889975039e-08
1007,1659122,10,2.9949356515623915e-07,6.246795777875569e-08,1.697395105695887e-05,1.0984528332758092e-07,5.334274448698384e-05,1.2325680951580376e-06,2.976754034655915e-07,1.2983406973143818e-06,6.242624923935569e-07,5.613728666309381e-06,0.00014160406805525938,1.1025690063726223e-07,6.496472637382289e-06,1.9534729152781427e-05,2.591164860205053e-06,3.5277721669405016e-05,6.807990653848184e-06,3.564496955932306e-07,4.450409503392594e-06,1.1909244133342933e-05,2.4696175452421087e-05,0.0,0.00011793575891655417,5.516931203819464e-07
1008,1304501,10,2.6623650209667282e-05,2.227763862272525e-09,0.0008732020954401731,8.88613526095483e-08,3.351076934900166e-05,6.149781549377731e-06,1.1705412847617946e-06,1.9116549958328455e-05,1.141663475409671e-06,3.999657672365542e-06,0.001428084588980194,1.4889331409889683e-06,1.2744510479847926e-05,2.171329559350066e-05,0.00022409878231871572,2.460143050971031e-05,2.2560069196236876e-05,9.30194237214188e-06,1.1451472800849682e-06,3.8669504992011605e-05,0.0011539589402301403,0.0,0.0012938395031370648,2.3308412144817936e-10
1009,1320066,10,3.1204378163340873e-07,8.446336345335759e-07,2.775528213372347e-07,1.2773671782678742e-06,2.2099855406756963e-05,8.263760509219509e-11,4.323617236734467e-07,5.768073343681568e-07,2.7865682579314432e-06,2.3094327115114055e-06,0.0014691897572633172,2.862019393516657e-05,8.219013596100222e-08,7.656281227133577e-05,1.562409209399096e-06,5.256238505850497e-05,2.0410042381180382e-06,1.2983515900455433e-06,3.248893371365913e-05,4.247581700880798e-06,4.637539959641279e-05,0.0,0.00014208447764282872,5.148405103072573e-07
1010,1252225,10,2.9054208425804973e-06,3.6825076676905155e-07,0.0007910062158771325,8.232746040448546e-07,8.062960114330053e-05,6.385380402207375e-08,9.954965207725763e-08,1.3382305041886866e-07,3.4753611544147134e-08,3.6084238672629e-06,0.00298000674956711,1.3538519851863384e-06,9.154318831861019e-06,0.00014515735892928205,8.994253221317194e-05,0.0015436792527907528,3.228269633837044e-07,2.981651050504297e-07,1.1064239515690133e-05,1.0562325769569725e-06,4.121220263186842e-05,0.0,0.0011089789659308735,1.4904799172654748e-08
1011,1901257,10,1.6161646522259987e-05,1.7189516349214173e-07,0.00010465450306065827,5.632830973184566e-07,4.865599902706408e-05,1.0007655817240169e-06,6.827863587716143e-08,2.116418402135778e-06,1.442892229509829e-06,2.758440941323659e-06,0.0008037262201483555,1.4748865712427284e-05,2.689989404482118e-06,3.364293278770858e-05,5.461607753380615e-05,3.2265503485034985e-05,5.712455009916628e-06,1.2102037025285561e-08,1.4910958868741275e-06,1.0301837932741309e-05,2.0613512179273874e-05,0.0,2.9596835307288405e-06,4.250357601986998e-08
1012,1314847,10,1.1088925047642029e-05,2.6736103386770793e-08,2.460346198260993e-05,2.1906188896504697e-06,7.789683749684709e-05,3.7247517226460247e-07,4.6947637836330935e-08,1.456173297970098e-06,1.3930082339921879e-06,1.8232848985333394e-06,8.100169117370576e-05,1.296050830880413e-05,3.686688432397167e-06,1.01140264021915e-05,2.3728689492255595e-06,4.9140076935589444e-05,8.466677371733733e-07,3.5735501694098004e-06,2.5607015287920643e-06,1.8251979492060755e-06,5.446629830738875e-05,0.0,5.64435939980068e-07,2.4766413024221445e-07
1013,1258422,10,4.038785764548525e-06,9.217544188061533e-07,6.759947201041838e-06,3.249661581494756e-10,0.0001591518814753612,9.111995229876824e-08,1.1345030212633889e-06,6.53016251778854e-06,2.3729982298464902e-06,2.075460797716644e-06,0.03524630985081458,3.248896263905593e-05,1.344234317607329e-08,0.0003572103446934649,0.00010857733319543511,0.0017247424936104386,6.39079070101356e-07,3.5340122931867834e-06,3.881184977225921e-05,1.944256859676141e-06,0.00018009538508336614,0.0,2.9920907141441078e-05,6.930076796515805e-07
1014,1257602,10,5.759768381994462e-06,4.219331246266278e-07,1.7640117938335503e-05,6.775659503605036e-08,0.00010066598866472626,9.59211963087736e-08,1.567580683314862e-10,1.131473286026391e-06,2.9120880809530014e-07,8.880137584193343e-06,7.569581799288239e-07,1.9555540513305214e-08,1.1357079621198557e-05,4.3538468733062e-08,2.559784431161588e-06,7.920624408921939e-07,1.4159593636486889e-11,6.55289186711136e-06,4.080097805680277e-06,1.4863418545153773e-06,8.64909744015957e-07,0.0,8.136009903859237e-05,1.1581452234385448e-07
1015,1385187,10,1.6400202833860567e-05,5.905159354384348e-07,0.0009991904080292602,1.544266814806905e-05,9.29995170029993e-05,1.767751743181334e-07,1.145212896496578e-06,4.2247658968430635e-08,2.8557434939464887e-06,6.150999520067313e-06,2.821264685908681e-06,2.2776100652988074e-06,9.992567869335223e-07,0.0008708407177372632,0.0009005976528635683,4.899936916529998e-05,3.95868674478439e-06,1.0564868875573286e-09,3.294693445936303e-05,6.4782110958984396e-06,0.0005616890989051625,0.0,0.002123364334182476,2.0845456489351766e-06
1016,1341459,10,1.1029813191815174e-06,3.918080648118716e-09,3.8070001655496344e-05,1.0313326023747571e-07,1.6565965823497203e-05,1.5304808517746515e-08,2.588602058400946e-09,3.129315831462698e-07,1.254678382418828e-06,1.6648145492598188e-06,0.00018252093731678173,1.8749967087824948e-05,2.510457292742574e-07,3.2833554737574794e-05,1.7957035865316662e-06,3.0250823805404864e-05,1.301372797371525e-07,6.200718539853961e-06,2.0325691471589913e-07,4.950088502257699e-07,4.0403470926847485e-06,0.0,3.564102932387958e-05,2.4799603724756647e-09
1017,1286881,10,1.0003419848927941e-06,1.444133891151389e-07,1.0824239980399691e-05,1.6128521328311052e-06,1.0336387169043032e-05,2.9187132625368983e-07,1.4396832545560123e-09,4.678566778437698e-08,4.2254081660669796e-07,9.216486620104714e-07,3.133280991003684e-06,2.0521528932483657e-05,1.8494066635170447e-06,1.1886350588172223e-06,1.5875638823305283e-06,9.082125147725356e-05,1.7953700505897452e-06,2.061137508049815e-05,9.222801282786353e-07,2.3612936533023987e-06,7.289710518155329e-06,0.0,3.72103159505012e-05,4.33671507732436e-09
1018,1312164,10,9.261347130862241e-08,5.597316514588391e-07,0.00014616398911550255,2.597298373041568e-07,2.687611039352278e-05,8.859163188879027e-07,1.3464618958680674e-07,3.243686924309097e-06,1.9467953041307773e-08,7.954393129533388e-06,4.542335089990912e-05,3.183773597675854e-07,1.7635243132460565e-05,2.97655263353791e-08,1.8063396567472023e-05,8.648980704584197e-05,9.558497466588545e-07,2.0128223070237095e-06,1.1973857609690053e-05,3.758614930973736e-06,6.8658272332905446e-06,0.0,1.1306554317802586e-08,1.1171495672979148e-10
1019,1335671,10,2.657400267280785e-06,7.817721425426583e-08,1.0607863071294271e-06,8.438232300400639e-09,6.270104070248139e-06,4.2275511609284055e-07,3.2143294349112894e-07,1.0121076969397957e-07,2.401010627487571e-07,9.60176379639563e-07,0.0001633284210139866,2.2658129192953264e-05,6.403602288238691e-07,2.016275366561668e-06,8.839394454729366e-07,9.363444336704663e-06,1.95994413266197e-06,2.0976180167373015e-05,2.5874592133809382e-08,2.64052105166529e-06,1.3764404603613944e-05,0.0,1.0890295659782626e-05,3.4609112971317746e-09
1020,1514059,10,4.909706193545471e-07,1.6809676307849575e-07,4.057492446085664e-05,1.438098300721169e-07,7.839186423802547e-06,3.023896845422147e-08,6.359395011978908e-07,5.286327396519797e-07,9.194767476988774e-07,1.795454116243489e-06,0.0009078164473894784,2.469992031033097e-05,1.740278277734264e-07,1.128834040076132e-05,9.609791176964921e-06,5.66985847221535e-05,6.790785621324513e-08,6.6548002335131695e-06,7.726669655136464e-06,5.116280457628797e-07,1.980305917016756e-05,0.0,2.4010639216531793e-05,1.3667918219439912e-07
1021,1915184,10,5.520557024865647e-06,2.2069358125709204e-08,4.2419418772900175e-06,1.038691240219658e-06,7.413133493615678e-05,2.6019400026916495e-07,1.797413816742588e-08,4.880322016814764e-06,2.0194800651185396e-07,7.728512276858335e-06,0.000106090217186907,2.1007311404655504e-07,6.250469676692683e-06,8.649028742588327e-05,4.368367779301191e-06,3.624075190921186e-05,9.588567477861187e-07,1.8209637245476806e-06,2.014219185504651e-07,2.6694753910462554e-06,8.352532422352399e-06,0.0,0.0005531897429449442,4.4055933735853703e-07
1022,1258330,10,7.343800512607523e-06,3.065097270785189e-08,0.00011859002732326693,7.127306349250656e-06,4.602485481222662e-05,2.909002035679509e-07,3.344712166952757e-09,1.5602196065962054e-05,3.0260366138193384e-07,7.1823297972083144e-06,0.00017715480484189333,5.617365364980753e-07,1.2086294253269014e-06,7.241947305278856e-05,1.6806995305207462e-07,4.882293715511438e-06,2.015536568172882e-06,6.392845139195635e-07,4.578170048567115e-06,4.043977675019517e-06,1.0111965749289714e-05,0.0,1.5288587426418726e-05,8.101229769658103e-07
1023,1780287,10,1.5391881334342328e-06,5.49271984458255e-08,9.735899341587612e-06,1.4661687174309657e-06,1.1462454741199835e-05,1.392587895693298e-07,1.3560982940752364e-07,2.044638668843163e-06,1.0410955389554555e-06,1.5151223589533747e-06,0.0009351363879482565,2.4901109758224127e-05,1.5569757257777317e-08,8.822243880823866e-06,2.8409991328196688e-05,3.5047752053866954e-05,8.4888879696432e-08,1.0499240774581448e-05,4.623347249706894e-06,3.193790688860165e-07,4.343051812174051e-05,0.0,5.245477891182432e-06,1.318702994856924e-07
1024,1295285,10,2.822627502641409e-06,5.057875597513917e-09,1.8223560854669502e-06,1.2205956203756307e-07,8.299773035103271e-05,3.3658253504979807e-07,3.3089300737094984e-07,7.973021430036226e-07,7.390707748994307e-07,1.1660676360273486e-06,0.00016796114360385916,2.4010168521076958e-05,3.1389193493741585e-07,2.1437196422653335e-05,1.8662484235784302e-05,6.350210031194278e-06,1.0600997587244948e-06,1.7138587782778922e-05,7.395778268172448e-07,1.5080716412214923e-06,3.931313706748325e-05,0.0,3.35233681605495e-05,1.5562852156286722e-08
1025,1294806,10,1.8233740991458608e-05,3.984353464346613e-07,0.0001119379413908432,3.6094829015606567e-07,3.379053490290204e-05,1.6046453579082742e-08,3.611370598642638e-07,3.2907759684105975e-06,9.676487759333052e-08,9.860315945797726e-06,0.000646176201430454,3.71905367470976e-07,5.018881336742165e-06,4.529510780384993e-05,2.4206919830866563e-05,0.0004613925861595772,4.897843637399757e-07,1.1222475679813215e-05,1.2563174412033584e-06,1.8704265175376045e-06,0.00013455976260840982,0.0,2.7565595199750825e-06,3.8908959611172467e-07
1026,1329795,10,6.811708307991049e-06,4.94064467462807e-09,7.779136665877345e-05,1.3922984791504833e-06,1.2339183705169232e-05,6.553320835295251e-07,1.2818060183411584e-07,1.80912059477914e-06,1.1018484449322463e-06,1.0184530618850829e-06,0.0011202412208610804,2.6214297483007076e-05,1.5875796027138567e-06,5.760721656820553e-05,1.466812591205749e-05,3.3471951129682154e-06,2.0442577516460725e-06,2.1066401948023616e-05,1.3913194823605979e-06,2.9434832985106296e-06,2.5200123664841784e-05,0.0,2.016185889110178e-06,9.347557129377182e-08
1027,1257144,10,2.6011759865274264e-05,7.270585199864454e-08,0.0001648657571034426,3.1682901886764814e-06,6.745694161700705e-05,3.7458622217934057e-08,2.476008543472741e-07,4.134237988112632e-05,1.3703496673511673e-07,9.303926468078039e-06,0.00020764944708208388,1.0614550684726054e-06,3.572792325684526e-06,0.0003010218754071342,2.0160762138038413e-05,1.664063743016253e-06,1.6112298270587466e-07,8.821297179620324e-06,7.575221690134248e-07,1.0333426137335011e-06,2.133733618507605e-06,0.0,3.422258309258852e-06,7.971896184150173e-07
1028,1303197,10,2.7217033331042306e-06,6.258313710663654e-08,3.0619789863385594e-06,1.3450795723138342e-06,3.08513963920877e-05,2.4964638831864727e-08,2.5081291210593548e-11,1.2674817651686654e-07,7.390984078196883e-07,1.5875980976208515e-06,9.302567422795477e-06,1.5919555097686222e-05,2.7553324993961903e-06,2.3104622416704468e-06,5.904100287203173e-06,2.5199593425510175e-05,3.524549103961494e-09,8.409866382192571e-06,1.4642177264059808e-06,8.955743517266579e-08,2.6896807037365966e-06,0.0,3.843167100843481e-07,8.694230999028996e-08
1029,1645195,10,3.132368687298881e-06,1.8517594620875988e-08,1.436980558155998e-08,6.882427254287227e-07,1.4482648106467488e-05,3.9618030925683834e-07,1.0474312371611116e-07,2.0801112405460787e-07,9.02334085336326e-07,1.1234900026448058e-06,0.0004822409847338692,2.3716319601289892e-05,2.8043166331453984e-07,5.182770871012266e-07,1.921370871432737e-08,1.0626636304942455e-05,1.415741225432865e-06,1.8834427974092488e-05,3.0212555267652985e-07,2.0002522356891983e-06,5.012640657133666e-05,0.0,2.061093325314914e-05,3.813515808345769e-08
1030,1322229,10,9.42432033802093e-06,1.8185829231409656e-10,0.00037249100372387794,6.889838418261407e-07,0.00016169927295180825,1.5177443779545996e-07,1.0315503352897881e-07,8.953615923616709e-06,3.984886418409439e-07,7.89498333171601e-06,0.000636552125604449,4.905552620018683e-07,6.1527609712536124e-06,0.0005640635445169281,7.621261263024426e-05,0.0007230748149423954,8.10556382783989e-07,2.0476059557489323e-06,1.5886539071197081e-06,2.235920373697131e-06,0.00010567939033060553,1.349649732251823e-09,0.00022620428808425852,6.11028476718567e-07
1031,1301922,10,6.88639664112034e-08,5.346410683476632e-07,5.206917326749938e-07,5.89317938268219e-08,2.530872563754477e-05,4.266856153123388e-09,7.127355903316368e-07,1.4173288880731105e-06,2.4973510634046514e-06,2.313096453272767e-06,0.0024830311018298468,2.5705687589291926e-05,1.1536132492329099e-07,3.794481954116913e-05,5.502137996743484e-07,0.00012611265963399787,1.0215230274793208e-06,2.7576543593990643e-06,1.689439855718372e-05,2.370467252134356e-06,5.6402951707702764e-05,0.0,0.0001281417549318445,2.3628525815805324e-07
1032,1320126,10,6.400398742320568e-07,2.0757179516467383e-06,2.391201432941359e-05,3.2403772580943957e-06,2.1470120315066066e-05,2.7039141168444525e-07,1.1509037690926593e-07,7.137149655306319e-08,3.3130344656642774e-06,3.574502560770021e-06,0.0014280854461929046,2.7460037184026675e-05,1.8300489512679263e-08,0.00013456022767060344,5.930753582197856e-07,0.00019321126313657372,7.076044146722693e-06,1.0940319715435631e-07,4.733478997437368e-05,1.2592554904648778e-05,0.00019126969012635275,0.0,0.00016256410733431204,6.531297889120213e-07
1033,1514043,10,3.3162960420135557e-06,1.858764414608416e-08,5.300384662323965e-05,1.3828827763462392e-08,3.450891936353229e-05,1.1264101731911502e-07,2.2573166946759926e-10,1.3882705776624427e-08,8.482934289039123e-07,2.106156274342408e-06,0.00013041935522099812,1.7564042468012908e-05,6.40045475244766e-07,1.6817085702364176e-05,4.2044587062750605e-06,0.00012365825988946977,6.599159382975062e-07,3.9633853671644514e-06,2.8552728870145927e-07,1.4704755762623423e-06,2.7983030413569754e-05,0.0,6.104292099171071e-06,2.3402615886847222e-08
1034,1302564,10,1.0628154317359612e-05,8.0195915595771e-08,8.46939026282259e-06,2.3426688164213116e-06,4.401248611802036e-05,2.8154546084790955e-07,5.360603589146806e-08,1.5431948943607499e-06,8.837463976694993e-07,1.9600068940917037e-06,3.3990402086063465e-05,1.296122677600653e-05,4.928891689574139e-06,2.3145598233159648e-08,3.736241458510148e-07,6.384168241349575e-05,4.758042104271998e-07,4.710084642669393e-06,3.422352985126692e-06,1.1449406816695096e-06,5.4465470114721526e-05,0.0,1.6398676657737588e-06,2.708177768359632e-07
1035,1261259,10,1.1019344579137058e-06,4.402347754742242e-08,6.878266400282135e-07,2.5890996222487084e-07,3.531682295669983e-05,2.2024381563998108e-07,1.6394949138576198e-07,1.2835676189461298e-07,5.035649222970978e-07,1.2320851557941909e-06,0.0015626211159909496,0.0011102224334784833,1.4881160855066689e-06,4.754636144348179e-07,7.617106513643085e-06,9.180470812815075e-06,9.595522483512448e-07,1.680889372893124e-05,6.326018181512794e-10,1.2769462430280848e-06,2.5805366970031024e-05,0.0,2.4014917018744947e-06,5.516784945536202e-12
1036,1251536,10,5.061420531575489e-06,6.382524190343131e-07,5.758983029111042e-06,9.21013790323999e-07,1.0829898107425628e-05,1.4650654536763064e-08,7.469153257000372e-08,2.4249139606996595e-06,1.8388175922201544e-07,1.25394269614304e-06,0.00018686729059978757,1.2602867133407192e-05,3.609233009294055e-06,9.023527183307789e-07,1.0954541509372584e-05,4.610324499824958e-05,3.716177063087245e-07,1.3837819754870806e-05,1.4136990932563098e-05,2.9320525071763193e-07,1.7138332291374847e-05,0.0,4.707235735271209e-06,4.292604817712764e-07
1037,1250532,10,1.0175405014918593e-05,3.028569408036752e-07,1.831778545265811e-05,2.8561329460663476e-06,2.7423353231158243e-05,3.676989955569976e-08,1.5675793996194898e-12,1.3676684159469321e-05,1.2266902621460574e-07,9.241847018143234e-06,0.0006697750249704815,1.599203276539396e-07,3.999910913113358e-06,3.95636508539049e-05,1.6376463859366086e-06,8.556271776941071e-05,2.6024868440832627e-09,6.811019406388619e-06,1.208771978761236e-06,1.2576823919946412e-06,0.00012633814079585082,0.0,0.0003861229778132566,2.7025195226126897e-07
1038,1371206,10,1.9980051266424437e-05,6.602358683382992e-08,8.410961712623094e-06,3.5730243448522936e-06,6.204530809108058e-05,6.715537567460184e-07,1.3234853808372082e-07,1.193451322073491e-07,1.0193697865847062e-06,2.2804006358165263e-06,0.00013041546206378138,1.1154367676628058e-05,1.0560372331710338e-05,1.7807253315568067e-05,2.7976294240603106e-07,7.743991016621876e-05,1.5375467142669796e-06,2.310307712614229e-06,4.62255819427132e-06,3.1505155933773954e-06,1.3762108780922266e-05,0.0,2.450144476879787e-05,4.442940917948057e-07
1039,1673068,10,4.079817714029016e-06,4.2326572419898456e-07,5.626449235719699e-07,1.8768301618156402e-06,2.2525207868374225e-05,1.2042017508151481e-08,1.0022846809454311e-08,2.482068256193931e-06,2.4865705813836847e-08,1.3695116276787878e-06,6.399949126770568e-05,1.3616543366807426e-05,7.952770590919506e-06,4.006897355845335e-05,6.88902895252183e-05,4.083202241074793e-05,1.937279863889474e-07,1.2319702988046466e-05,8.939940580036942e-06,1.1579468327943543e-07,8.760922750066305e-05,0.0,2.683250367343029e-05,3.275702387603441e-07
1040,1259006,10,2.8560713247402503e-06,8.337206577196943e-08,0.00017423974269312886,3.458799978477145e-06,1.4703220761975999e-05,3.967786451689048e-07,3.231477914422687e-08,3.2818022105904343e-06,3.9587020646270066e-07,8.065887612179745e-06,2.5603298709611644e-05,3.989790373776225e-08,4.1210240895039885e-06,2.789865742224007e-06,5.241736622141335e-05,2.611180153880982e-05,1.0204977897651513e-06,1.7692511192837768e-06,2.3060707339539466e-07,3.0287951611682185e-06,1.44041099705422e-06,0.0,4.173199560220109e-05,1.2122839771616656e-07
1041,1334742,10,1.9361043542692746e-05,7.27433113745235e-10,1.6940128909070928e-06,1.5651486684475913e-07,5.4380295789524524e-05,7.758420989545378e-07,1.6181859962549616e-06,9.299195999346033e-07,3.74665877767022e-07,2.5267268631834483e-06,5.478632126770799e-06,1.2251578162481014e-05,5.6443068940925656e-08,0.00041249785218822055,2.726000804254003e-06,0.0002331757065618667,2.530550957752231e-06,1.1898087904915755e-06,1.2540191586252192e-06,4.854359404476982e-06,2.610468650410258e-07,0.0,9.059935693916943e-06,1.8772140758516187e-07
1042,1260889,10,8.121923076056387e-06,3.974383468371978e-07,4.840717471293193e-06,3.3601647969963566e-07,1.4127693962470017e-05,3.832950355199538e-07,2.2408346326066586e-06,6.229441719306922e-06,1.1434902193081797e-06,1.7417179258953641e-06,0.0009126440333504862,3.12469254770964e-05,2.02467692687891e-07,1.9248669866009371e-07,4.382494894976385e-05,9.602635758602929e-07,7.936746431944086e-08,1.0112658031514316e-05,1.9891731494647152e-05,6.174181992439631e-07,0.00021083020827075694,0.0,0.0001140629125485973,4.962055641204166e-07
1043,1262736,10,6.8122473086788815e-06,1.4552148435223455e-07,9.920481473930584e-05,4.774991374419113e-07,4.8105487271233455e-05,3.375475700999331e-07,3.8739373896257145e-09,2.9104329762191794e-08,1.7432598245978315e-06,2.6584110922774074e-06,0.00664225062369677,1.7390797202903457e-05,1.988516731856599e-06,3.636305071131815e-05,1.1077312476667767e-07,2.562413827265214e-06,2.374246782160111e-06,1.1896669579250507e-06,1.905869803104504e-06,4.568416776457029e-06,4.080601279068258e-06,0.0,1.7096756342246944e-07,3.6105563747113045e-09
1044,1304503,10,5.712332694727401e-06,1.2304717089337003e-07,1.7808446619031054e-05,1.0604059090119078e-06,2.3203721022779095e-05,9.066102454879932e-08,9.230077913785495e-09,1.159081936333295e-06,2.0313263107696322e-07,1.822541814178874e-06,2.3979033742654865e-07,1.4516195012120175e-05,6.45162083243514e-06,6.718663138338687e-08,1.9353697918583768e-08,6.178000371507772e-05,5.771761169698353e-08,7.181905628497742e-06,2.7890328600788106e-06,2.6646979439659546e-07,2.592457564062206e-06,0.0,2.0702180119420294e-05,1.904875562008801e-07
1045,1324544,10,7.358702685950069e-07,1.929912439621595e-06,0.0016630043026508723,1.2670847379658845e-07,0.00010639613616864746,1.8486741855255895e-06,1.2485575047113673e-06,3.8996064971388855e-05,3.4966971072109e-06,4.750459984464994e-06,8.450345357277622e-07,9.387156409829123e-07,1.4876636782040764e-06,1.1205643036873991e-06,0.00016537556298711065,5.149887285900434e-06,1.713936661045662e-05,6.249936643096254e-06,4.198921506350789e-05,2.7494053783133632e-05,4.198817287571349e-05,0.0,0.000681207643112268,1.8595846315166975e-06
1046,1490034,10,1.267264133425483e-05,2.6874915641517116e-07,4.9843205453509176e-05,4.576944002687711e-06,2.3190572217286765e-05,1.478428428985934e-08,8.718030415633127e-09,9.117723166363056e-06,1.0630757315416295e-07,9.548292463974761e-06,0.00024273541005082055,2.5764925463273025e-07,5.015999952916184e-06,1.7954112049717308e-06,3.134780063307474e-08,0.00011880979825300286,1.238255201152505e-08,7.072874061223033e-06,5.900598552960323e-07,1.1880660745755556e-06,1.747034975090045e-05,0.0,9.30064378157347e-06,4.71128178490543e-07
1047,1817269,10,1.0604026763616492e-06,8.86130115430872e-08,1.747245568589975e-05,5.7652989625400775e-08,7.920550585396521e-05,6.233197729528517e-07,1.3103338036141166e-08,5.7491214585890515e-06,2.1960276415378122e-07,7.952490730125245e-06,7.672255862796462e-06,1.4317840003885696e-09,1.1763943796611748e-05,1.2460126255622872e-05,2.9483748175903463e-05,9.483884623115446e-08,1.6368222243330621e-06,1.0401898330840431e-06,5.627673075464523e-07,4.1225766094395155e-06,1.1019183711984126e-06,0.0,0.0003400336054582252,1.661056704405084e-07
1048,1302346,10,2.120278586939528e-07,2.4377749714699082e-08,1.0956815140721748e-05,5.196636855345216e-07,9.02970121572505e-06,4.390238403026436e-08,8.964201724664944e-08,3.750988217393614e-07,1.1044712074498308e-06,1.797362469229541e-06,0.0004129044763487612,2.2659468389037152e-05,7.587826764757222e-07,2.6316965599487707e-05,2.958503110852412e-06,4.2046373997413344e-06,8.22103613656866e-09,9.060054697210274e-06,2.280948631062929e-06,1.876248452645224e-07,5.7607419507652025e-06,0.0,1.7893892059351463e-05,3.0966562175605006e-08
1049,1472020,10,3.646660673747859e-06,6.546730597564721e-07,0.00017982720183938594,5.153909440148985e-06,2.2822153305970816e-05,1.8430189566848165e-07,2.3155112559292146e-07,9.994011848230011e-07,2.471257920522163e-11,9.547033513801484e-06,0.0001901628412977821,2.2371623650818684e-09,1.1156325927234867e-05,2.4107939320713867e-05,1.8318799267190433e-05,5.711923087500792e-06,7.510855833114949e-09,6.051171750669215e-06,6.758385109037479e-06,1.6725963388544707e-06,3.998387154008354e-06,0.0,9.467282792887527e-05,5.571241806778815e-08
1050,1338471,10,8.180584790171141e-06,9.60302207267394e-07,4.529370651960851e-05,1.1877172494678678e-06,6.936772860725859e-06,4.567795006127362e-08,2.508550714999669e-07,6.656322810584536e-06,2.7039010896262594e-07,1.3925632402767008e-06,3.497155257527196e-06,1.1222603132250708e-05,2.5616597583502654e-06,2.7248472394283962e-05,3.7257085955880176e-06,1.017606086806816e-05,3.2529009819787236e-07,1.3691433118238894e-05,1.9715129129842246e-05,2.6102705300706797e-07,3.018661490911123e-08,2.8808769259036637e-10,0.00010100307962579436,5.832844518494085e-07
1051,1246758,10,4.784134369911763e-08,9.500431391931685e-08,8.008414878010739e-06,1.4442942328218855e-10,9.623270566668993e-05,1.1655379092180562e-06,3.934496839094748e-08,7.209105332320331e-06,1.681250122419209e-07,7.560747552173147e-06,8.940757960373968e-10,6.619429644694197e-08,1.2886741893081838e-05,1.4628821782373957e-06,4.242436336433786e-06,9.424979884282286e-06,3.1327800442439158e-06,2.1105155148179455e-07,1.5623121350817615e-06,6.7867646473193655e-06,6.235824827338643e-07,0.0,0.0002235010966016339,5.6277967553503006e-08
1052,1278820,10,1.3688959017779667e-06,3.819771907803693e-08,6.552500445997089e-06,5.021380668893127e-06,3.836270990222046e-05,8.261564143352551e-07,3.507245681377835e-08,1.0396989436368964e-05,7.740104201181541e-07,7.127715258840872e-06,4.7062082624858836e-05,1.1197413924551869e-07,3.6083046602158886e-06,2.7262431026991996e-06,2.9703873677067172e-05,1.2181182252719858e-05,4.001153061546081e-06,2.2806197499947167e-08,1.667317622876252e-06,7.452955859375832e-06,9.996418141172692e-07,0.0,8.082141689938482e-05,4.765023309608041e-07
1053,1261233,10,4.451639105219202e-06,7.062130417088974e-07,0.00027622417287951825,1.218792041700334e-07,9.245863401591281e-06,1.8221397912292214e-06,4.4783967697095695e-07,4.680681752997767e-06,4.53805824862652e-09,7.896176147215161e-06,0.00020163976482299312,9.596643680692685e-07,2.3522880878732583e-05,5.580113009776011e-05,0.00017265956367631605,1.1571042035987689e-07,2.856667899616555e-06,3.596652528928268e-07,1.7056919085187833e-05,7.325421874718185e-06,6.716829058193985e-07,0.0,0.00013735838717067114,3.3977462496337374e-08
1054,1550103,10,5.95494880771541e-06,1.9328680286173627e-07,3.78232170007084e-05,0.00011750525524329564,0.00014453666926951547,4.757950236855546e-07,5.419773495336788e-06,1.3693293395983241e-06,1.0616854732650727e-06,7.182188145264667e-06,5.905018607602064e-06,5.929460920664487e-07,2.823813841479339e-06,9.364451429176579e-06,7.924957641097796e-07,2.722823812528752e-06,3.57219502066658e-06,5.354560617121251e-08,8.00882847881712e-06,6.473984294354251e-06,2.856582999442858e-06,0.0,0.00018009618180714337,9.769669458009611e-07
1055,1346628,10,4.885079713481955e-06,3.2704899782798336e-07,2.621357022487142e-05,7.412227950656658e-07,6.0011626379065375e-05,2.9231878506674747e-07,1.1150291641393029e-08,4.496422112629239e-07,1.512947877133075e-06,2.8910332783224635e-06,0.0007496659998042152,1.901106198524266e-05,2.789287290985709e-06,1.4635957960446033e-06,8.577588639369083e-11,1.9893075527570303e-05,2.6909089371890405e-06,9.417023221214293e-07,5.017329291333306e-06,5.08959430351591e-06,3.881496883587077e-06,0.0,1.6135205203673952e-06,6.525998130779698e-09
1056,1337703,10,8.820224013012662e-06,9.577663785328983e-08,1.9318670232727764e-06,1.9616067600120024e-08,1.3923066316243182e-05,1.935203094959037e-07,2.161011182534589e-07,7.073849816012501e-07,9.7975902059802e-07,2.0728538179907996e-06,0.00019993912127653016,1.3838026241441703e-05,5.243588005101468e-06,1.2179343179808538e-05,1.101934660817372e-06,5.382285601374104e-06,3.1351126259654416e-07,5.289261216054331e-06,2.5912681113071656e-06,8.324159584960356e-07,2.8195212748868825e-05,-2.115939021218871e-11,0.00013829748036073286,1.900035188524829e-07
1057,1259771,10,1.017667009657261e-05,3.5755086530420144e-09,0.00029825498792859784,8.237369524745353e-06,3.0960195333041424e-05,1.3838478768804507e-07,6.387454457718045e-09,1.659636656043892e-05,5.341846159266639e-07,8.46927506053044e-06,0.00031898180428084275,4.5012215507331255e-07,2.9686855543276103e-09,0.00012299027874609209,2.1921233496896564e-06,0.00012166304201329664,6.733683866298745e-07,2.372149994666478e-06,1.12493472294653e-06,2.013001528498176e-06,2.570530001909377e-05,0.0,2.7041228219386315e-05,6.731450177613341e-07
1058,1295249,10,7.508954042407395e-06,9.747339058466253e-08,8.839911282872148e-07,7.384326996297264e-07,3.80001103714514e-06,3.369749469739336e-07,7.654086343553135e-08,4.0038198655459323e-07,9.609731396673094e-07,2.756649480500223e-06,3.469151817252561e-05,1.6811157227656498e-05,3.0620432360344008e-06,2.626135708672095e-06,1.0205273844945961e-06,5.8064695963713775e-05,2.045371274021074e-06,1.5619425016259736e-06,9.414651889853853e-07,3.9261742992950655e-06,1.3323180318353112e-05,0.0,6.352209854824237e-05,3.3967271911850005e-09
1059,1574017,10,4.76681894047426e-07,5.182173324451422e-07,1.082399310955301e-06,7.905366996088792e-08,2.5444494853622823e-06,2.7089461120122227e-07,1.2780402158102389e-07,1.3476317238525493e-07,7.30788706562735e-08,1.102499106040572e-06,0.00094863993666729,0.0011323233556170959,2.890255818888826e-06,1.4500220935076413e-07,1.7428005393491097e-06,0.0001920997334942387,2.3407093348373764e-06,2.2849447431656095e-05,3.6862021988333382e-06,3.064448736770503e-06,1.1243142527643524e-06,0.0,4.057681609417538e-05,4.350285004797727e-08
1060,1323777,10,3.6599740269593894e-06,9.620998753234744e-08,1.3767450582236052e-05,3.905370249412954e-07,2.0669780496973544e-05,1.1896190699189901e-08,7.130438461899757e-10,7.34871719032526e-09,9.197538020089269e-08,1.4581528375856578e-06,0.01235263075795956,1.5785422874614596e-05,1.111548044718802e-06,1.1906209692824632e-05,1.3189055607654154e-06,2.754197339527309e-06,3.808308974839747e-07,4.141838871873915e-07,1.0248695616610348e-06,1.005522790364921e-06,1.4923440176062286e-05,0.0,1.131627504946664e-05,2.9103830456733704e-11
1061,1254000,10,2.248775466034969e-06,1.4163610419781758e-06,3.918756236592769e-06,6.532385417312714e-09,1.7424721298446577e-05,3.0128365777898347e-07,3.1713848425846125e-07,3.4534472823991025e-06,2.591736131402067e-06,3.535538675741856e-06,0.0025715055636830464,2.3618602432377844e-05,2.185814184652024e-07,7.207866180113792e-05,8.701550110339074e-06,0.0002528104625123817,5.335913326250108e-06,1.4528394758073215e-08,2.499742490588014e-05,9.595642598274334e-06,1.1354645125138951e-05,0.0,3.180914417956482e-05,2.773219905244373e-07
1062,1297061,10,5.066578150553225e-06,1.4673418855387643e-06,1.3916891345146232e-05,6.264239030273622e-09,1.1640357259597167e-05,5.189600944879857e-07,2.217429385040215e-07,3.6678028469613877e-06,2.928449809966316e-06,3.7678189706430443e-06,0.001193016467640154,0.001106893893566968,5.780683207667892e-07,2.500512622335277e-05,1.1427249492074187e-05,0.0003952182854157493,6.815103466721595e-06,5.2954307667996137e-08,2.2567852651297904e-05,1.2030190228419502e-05,4.2873412897728724e-06,0.0,1.3398448700421839e-05,1.8744160703437762e-07
1063,1536021,10,7.615338121953058e-06,1.2763784098049347e-06,5.808113369358547e-06,8.2816626847948e-08,2.0941341478460107e-05,6.545882264563652e-07,1.6144335232906593e-07,1.7142419707870393e-06,3.384161337331021e-06,3.8018918798905788e-06,0.00032869416238359705,0.0011195709910028738,1.342844924152875e-06,1.3229123178859492e-08,9.48676668004883e-06,0.000326524625005202,7.181662307082642e-06,9.655840363040347e-08,1.789318585174865e-05,1.2712117852274607e-05,4.6922751528323536e-05,0.0,6.084020277737079e-05,9.974077797361702e-08
1064,1470063,10,2.218610896012607e-06,6.860600438585163e-07,6.653550514129636e-06,1.5129283435083574e-06,2.0961255715351568e-05,5.21180030604862e-07,6.270303720690151e-12,2.297972155757e-07,2.9404347179351475e-08,1.0196430868109063e-06,7.089924748208964e-05,2.016031441791355e-05,1.6117985606051155e-06,4.619494703858584e-06,3.881253588702838e-06,0.00035607580510922665,3.7643173607659897e-06,2.766969743969727e-05,3.573499419082249e-06,5.151903722827589e-06,2.2278140269282876e-05,0.0,5.1407308947648556e-05,3.783502962317886e-08
1065,1339425,10,4.8864425558278746e-06,2.1343272561744064e-06,2.146965009802715e-07,1.2473653560052256e-07,1.1973346493387993e-05,5.958448745096989e-07,2.5081449638725273e-07,1.1446197708223083e-05,3.3869971576769298e-06,4.164162344014177e-06,0.0008862535807898572,2.3041313417876408e-05,1.939626718752696e-07,0.00011427617574128607,2.1715597503399464e-05,0.0004080430218373343,8.351806743397971e-06,3.2797086683966636e-07,3.0804896593170095e-05,1.453723548049124e-05,4.496002094407647e-06,0.0,4.212070636299553e-05,2.9668443222302665e-07
1066,1289714,10,1.5367874451679975e-05,4.497172230236157e-07,6.7101823058926535e-06,3.0428129833143247e-07,1.974833858213454e-05,7.072256375528774e-07,1.6501435104870898e-06,8.684902657242477e-06,2.0173470155204765e-06,1.7960447784917677e-06,0.0023990408962683285,3.364076338481514e-05,5.929683832145427e-07,6.0684027977528365e-05,2.8945175371671017e-05,1.109055681789567e-05,4.628113337498685e-07,1.3323916570259775e-05,2.2091621916249526e-05,1.1901278743411958e-06,9.196816531634178e-05,0.0,7.291178218314653e-06,6.271990975192931e-07
1067,1254002,10,5.675910580427157e-08,4.606141036020417e-07,2.590631878900823e-05,5.568441569094723e-06,1.4104882192920304e-05,0.0,1.9708466642981426e-06,1.5876458839200747e-06,1.5622544641304137e-06,2.5907594821059088e-06,0.0010118756837735506,2.4700280067905395e-05,1.0213987754539855e-07,6.810977245006594e-06,5.474866956515362e-06,0.00018387261607975824,6.238107696718287e-07,3.80068258053895e-06,1.1971366404548572e-05,1.5936843830444136e-06,1.1423843008860624e-05,0.0,3.575944292895025e-05,1.919584364726279e-07
1068,1770487,10,5.354267235135879e-07,4.5021612471440875e-07,6.11698544041861e-05,1.7692602938268465e-09,7.508207991890892e-06,2.6043619971716225e-07,5.7471358339000744e-08,4.872808396783057e-07,4.824781354439978e-07,1.303720958523158e-06,2.7478599413210958e-05,0.0011276359317874407,8.773402104811368e-07,2.466214741536632e-06,1.1240102798515395e-05,0.00015777320895959956,1.8835586301779728e-06,2.1057979689542705e-05,2.154080639860112e-06,2.429835628148247e-06,1.2009365591980625e-06,0.0,0.00014160400048657262,5.2984622467278086e-08
1069,1876305,10,3.586019305112931e-08,2.0234853995507174e-07,4.0810465076028535e-06,2.496903840090714e-06,4.813952564328844e-06,1.0220967174012774e-07,2.944121887601958e-08,9.489799835532553e-08,2.1215487995204785e-07,1.5626106541904994e-06,3.276018507209627e-06,1.9272552397600617e-05,2.6573104974225714e-06,3.6747562978667325e-10,6.604963324125662e-06,2.787903605806774e-05,7.406407322441133e-07,1.5760952471990247e-05,7.392803160304051e-07,8.761507306054295e-07,2.0324782649613904e-07,0.0,4.1087835154045294e-05,1.5647848305294643e-08
1070,1313026,10,3.3480112132389106e-06,1.2099789845065878e-07,1.7606611966286545e-07,1.2895152592951042e-07,5.8620674339079915e-06,1.3513283279170674e-07,8.698738297036046e-08,9.619008756109326e-07,1.2529670193120457e-06,2.7539433899714805e-06,0.0006066356400078951,1.883549915100008e-05,1.74087070556328e-06,4.501576694737608e-09,2.7886277812610993e-07,0.00010526740225295927,1.2098721824463365e-06,2.6236846853572304e-06,2.101542678066559e-06,2.480408821566027e-06,1.789097548146601e-05,0.0,5.9288742792582005e-05,1.6688272291842665e-10
1071,1644290,10,6.284923588506519e-09,2.4042179852870604e-07,2.905311448529735e-05,2.3118524075035896e-06,1.958805684748946e-05,1.3222017231084848e-11,1.053425891815729e-06,5.972665040286651e-07,1.4409573890795946e-06,2.464905652522359e-06,0.0005212095764064381,2.3328926432253372e-05,5.045293510405613e-07,1.124122023497126e-06,3.6486100131044585e-06,0.00010060213683072902,3.144278597350114e-07,4.974270762979349e-06,6.970979353374679e-06,9.928100523845518e-07,1.8775509713249428e-06,0.0,9.18079778198036e-06,9.630989552394942e-08
1072,1934253,10,3.139574037309967e-07,1.6016053247525086e-07,6.100556450165662e-06,0.0,4.490281067495022e-05,7.57344774424823e-07,3.5714650955392946e-08,1.8128508706000135e-06,6.399149668767645e-07,8.527064210329255e-06,4.360314169588042e-07,1.4535436403118052e-08,1.3469284384923924e-05,3.028830532020299e-06,2.6625322306701033e-05,5.2661767297595974e-08,1.7964213824168962e-06,9.025963349056088e-07,1.6390626730554414e-06,4.574160639446434e-06,1.2108275902616983e-06,0.0,0.0002274064911860288,9.745763194721202e-08
1073,1912110,10,8.762167856335434e-06,1.0331316684444869e-07,0.00019994139001551156,6.0996406169477185e-05,8.997874727153729e-05,2.934260852974213e-07,1.1602305345845276e-06,4.115333545502697e-06,6.405012598770243e-07,8.178817877554923e-06,0.00041861044616933046,5.940002519612408e-07,4.283455612898862e-06,4.160422136561398e-06,7.779147598043282e-05,0.00031470933285543054,2.07312581254962e-06,6.076672905454272e-07,4.974310921480873e-06,4.10491815322489e-06,8.353905585098756e-05,0.0,0.0004468980664339983,9.281279553380317e-07
1074,1260568,10,4.199248835284192e-05,9.037084090085523e-08,4.9280937879626896e-05,1.2673160554081686e-05,5.8798511333987835e-05,1.9058884365014128e-06,1.2366091754756336e-07,3.966985796681477e-06,2.2134897265102538e-07,3.88043207852351e-06,0.001058201485014676,1.0758133563389116e-05,1.0176355263805115e-05,3.113665057439402e-05,0.00018117301315599688,1.3395652370080946e-05,7.953800670111588e-06,1.46740760147146e-07,1.2426110371915877e-07,1.4126167634444242e-05,0.001433381265302118,0.0,0.0007739528737585114,2.848476557612556e-07
1075,1636043,10,9.671848972391678e-06,3.721654359169213e-07,2.787850935852612e-05,1.6642507831357567e-06,1.752589253513001e-05,4.35838542135053e-07,2.7924093001334416e-06,5.1134127945634544e-06,1.020278828447324e-06,2.044994984101711e-06,0.0008386819319933861,0.0010517045518462637,6.079788646730366e-07,2.1068616023529885e-05,1.9891715810526484e-05,1.5840871646542742e-05,2.0281331527052804e-07,1.1424609208960518e-05,1.6892207948256827e-05,7.029441169981165e-07,9.063068052576548e-05,0.0,1.2887914940046957e-05,4.735764771515716e-07
1076,1291159,10,8.46631753528837e-06,2.8000177586251507e-07,8.761150012810692e-06,1.4506283416843013e-07,1.7611476036363816e-05,1.2278522810299508e-07,9.374562283392951e-08,5.734977665816654e-07,2.3939959283014733e-07,2.2196036423005605e-06,5.040856792085102e-05,1.3614564213206004e-05,2.161577751604027e-06,8.611888193343215e-05,5.046703381098028e-07,0.00020249224504858415,6.63586517818393e-08,7.127095291388497e-06,4.41000615544751e-06,2.8894698141102015e-07,1.0303476075883278e-05,0.0,0.00010019876607669786,2.655855986383182e-07
1077,1252364,10,2.074373913842076e-06,3.0281282209498883e-07,2.2592182263858618e-08,1.656527322141388e-05,3.346974390334295e-05,1.0215120109513531e-07,8.20224690875615e-07,2.1676695198535878e-07,1.4157954919200022e-06,3.0630973062301114e-06,0.0007969337983038394,2.0340236473723183e-05,1.8234142295653344e-06,5.18576869050491e-07,1.2766798474714292e-06,0.00017529704199845814,1.3924326958125732e-06,2.3107167802516315e-06,4.92970403209031e-06,2.8419917708910614e-06,2.1996462103712755e-05,0.0,5.2562507247735923e-05,2.204452128479195e-08
1078,1474020,10,4.5293479161712114e-08,1.2982459073052066e-07,0.00028527042767467065,6.308281310513086e-08,7.105542272642373e-05,1.5608588441184956e-06,3.700981499737965e-08,1.1731904812677107e-05,1.1875846905040621e-06,7.23458834221008e-06,0.0005396309066773367,3.2215138681679356e-09,1.1021516602476022e-05,0.00010342600591342621,1.576261057323336e-05,0.0003721054996410067,7.127295616277118e-06,4.3730554873805394e-07,1.2556296250035293e-06,1.2731472058116755e-05,5.6850156412692476e-05,0.0,0.0015912131174185828,3.102574823443671e-07
1079,1324542,10,2.159741889599942e-06,9.553145503826688e-08,3.158261429949544e-05,5.197356520388052e-06,2.514187077671398e-05,4.905330168170075e-07,1.3181495897574003e-07,4.21269150625847e-07,4.3385597484763005e-07,9.05919167092789e-06,2.1622730151826808e-05,1.2886054570615535e-08,9.485540210713017e-06,6.260207071479007e-08,5.4896565418460774e-09,3.4863890013142607e-07,1.2532978703183595e-06,1.4869420327731642e-06,4.3401784611402094e-07,3.4118238392347178e-06,1.806211286299597e-05,-8.574619486667601e-10,1.9873321935176547e-06,2.4671054833086403e-07
1080,1324685,10,2.4032644930817304e-06,4.41978284526634e-09,6.544847753680444e-05,5.773112227644428e-07,4.107897891689194e-05,3.307615243156037e-08,1.1772287783484714e-08,6.402517814252384e-07,7.564421078513905e-07,2.464851465867196e-06,0.002292495189126078,0.0011410878281363258,3.7253103716688996e-06,3.0360064851086416e-05,3.4601038867328182e-06,2.7984672770188512e-05,1.523404614851842e-07,6.150308839197177e-06,4.720401104718608e-09,5.122587715331028e-07,1.190267931524755e-05,0.0,6.002694498314504e-06,6.064006019546042e-09
1081,1341000,10,6.812901263239524e-06,3.239141874160356e-06,0.0008673024306854668,7.174018385264908e-05,0.00012734885108982297,1.0191265866349442e-06,1.2791770419295911e-06,2.8740615978309347e-06,2.7900461372007412e-06,6.001356479039266e-06,1.0693485263252311e-05,1.7420998848077796e-06,7.577784239543028e-07,8.967978020100326e-05,1.1458277536513517e-06,1.8229803233904551e-06,1.2461949554190555e-05,3.133711797137506e-06,4.9281264774700406e-05,1.9651290134710397e-05,1.169534454165122e-05,0.0,6.862651744793391e-08,2.261337661652041e-06
1082,1861210,10,2.858256995030839e-06,2.5302862641900237e-06,6.431091607653205e-07,3.757724978459276e-05,5.1379300898758e-05,1.0542152131115534e-07,3.2531777031975795e-06,1.4642640343356939e-06,1.07040974799133e-08,1.1696359932859834e-05,0.00272171079687605,1.7083414510787875e-07,1.4670926038566623e-05,0.00013572374985658733,0.00019265464788480874,0.0008340573084443283,4.3581359983335677e-07,1.1426263721966284e-05,2.4503428766090712e-05,2.725600155777802e-06,1.584114589606861e-05,0.0,5.283234880831822e-08,3.4688030503549072e-09
1083,1340728,10,5.430025339592248e-06,3.52083588950336e-07,6.040245352778584e-06,4.942558007314801e-08,0.0010321540321456268,8.146889740601182e-08,1.0192161425948143e-07,6.797636160627007e-07,3.4735421650111675e-08,4.1649400372989476e-06,0.0006253643441596068,1.2041200534440577e-06,5.446294380817562e-06,0.00010596858919598162,3.499975719023496e-06,0.0005026107974117622,6.484478944912553e-07,1.5061232261359692e-09,6.94124901201576e-06,1.885571691673249e-06,0.0003658586647361517,0.0,0.0011368361010681838,4.009052645415068e-09
1084,1876731,10,1.413878739173896e-05,3.2776776520207496e-06,4.006648537520363e-05,0.00014859619756518033,0.00021470103335712726,1.2973760758275277e-06,1.1311296334762244e-05,4.40241613067216e-06,4.160484077392335e-06,5.293598607535033e-06,0.0008838731332427713,2.0884395791224974e-05,5.811795460095026e-07,3.114020097048226e-05,3.8310196149443643e-07,0.0006441461997734321,1.368860548855988e-05,2.31085007342674e-06,3.260125487021537e-05,2.3296046053708497e-05,0.00041697527010972624,0.0,0.00038533731056987486,2.4806934145055193e-07
1085,1367408,10,1.0241295693012853e-05,6.367396963857797e-08,3.959630514391993e-06,9.426082319043821e-06,2.2376139520056265e-05,8.107601366380557e-07,7.68114703786349e-11,2.292604750590843e-07,7.052103410676303e-07,1.488874574594179e-06,0.0004950620100407886,2.6626265450753472e-05,2.1105924517469954e-07,5.045919100020446e-07,2.2467871768898362e-05,3.9564768661851796e-05,2.689237928853866e-06,2.3620379973294386e-05,1.1453941470077056e-06,3.956606823226488e-06,0.00012476878818949017,0.0,0.00013064583294616905,7.03028900754521e-08
1086,1302055,10,2.905254819036973e-05,7.737814677541421e-07,1.8491822469976493e-05,1.9598026058942342e-07,7.032050241288779e-05,6.249269593125439e-07,1.463183883637642e-06,4.793986287318641e-07,8.664102923022776e-07,2.592495952774554e-06,0.0006076224486194631,9.122315888759891e-06,1.2672842126221218e-05,3.4809764634588514e-05,4.665208609769267e-05,1.2932298786710872e-07,5.773964948455057e-07,4.538790429817197e-06,1.5840376279580015e-05,1.4203618711114419e-06,4.1601359907564306e-05,0.0,0.0005846733308119897,7.611389486461562e-07
1087,1322954,10,5.711342911551842e-06,2.6239019210311243e-06,2.4800187164462917e-05,7.640958997467973e-09,0.00020112525597838077,6.211330285457728e-07,3.4433298497227316e-08,3.3388656697497243e-06,3.131588539651009e-06,4.622485171780488e-06,0.0010784637524381135,2.2941943915791296e-05,7.561837841799091e-07,0.00034745006071316975,8.817246274862162e-05,0.0015697438863879337,8.643541537491084e-06,4.06847805674293e-07,3.080224233872886e-05,1.513337083545313e-05,6.691259233618935e-05,0.0,7.241882376655268e-05,3.3972622097422356e-07
1088,1290995,10,3.312718706911799e-06,4.223378252329879e-07,7.0231109047386164e-06,1.2531988881878814e-05,3.813364963572638e-05,1.2944058392846958e-07,9.149600067176467e-09,2.2780473043701455e-07,1.1028060860548972e-06,2.5284980749405717e-06,0.0009865886489922593,2.7667941550613834e-05,1.4378344903587248e-09,1.1425071318689473e-05,4.475669050977779e-05,7.621343351389004e-05,5.470791625272753e-09,7.784650691997075e-06,1.3396134652524094e-05,4.6139881921744563e-07,0.00011664051941580669,0.0,1.8062757697188958e-05,2.9588620003781485e-07
1089,1928157,10,9.363369415437556e-06,1.6506285595296877e-08,1.06269411172151e-05,4.835566720304274e-08,2.1028933924046797e-05,2.2994976148042745e-07,6.31152114131256e-08,8.643467779359537e-08,9.996422107184239e-07,2.8217389507600305e-06,2.0610910679780617e-05,1.4899171687411325e-05,1.9038163210759879e-06,4.799366261180882e-08,6.451485662310047e-06,0.0001032248575918316,7.56530022301416e-07,3.7242329121514595e-06,4.2202456700113355e-07,1.6551510201093245e-06,2.332833234106567e-05,0.0,4.9843106840006396e-05,7.822252751782388e-08
1090,1264049,10,6.099698083836258e-06,1.3790787185830045e-08,5.774811865331964e-07,6.603694915417735e-06,3.4143577050775586e-05,3.596064862380899e-07,4.390059204703589e-08,1.3622058869698639e-05,5.466988193363054e-07,8.879041166733048e-06,0.0001119355534926654,2.694982547506164e-07,1.894889270492861e-08,5.182630166862545e-07,2.4601038793002628e-05,1.874777566407415e-05,1.7418553218788435e-06,8.833745607714216e-07,1.275605518515771e-06,3.8018205715355247e-06,2.309158530500177e-06,0.0,0.00014232364875741213,6.453734340307327e-07
1091,1297353,10,9.242434332978888e-06,9.026436459391718e-09,0.0001943235562924875,1.1357564373214862e-05,3.528381041909695e-05,2.210540896545321e-07,6.681315404405419e-08,5.618669402285975e-06,6.568537598526658e-07,9.18104491261923e-06,0.0003211269355444732,4.1106842971205815e-07,4.84022945318463e-06,3.564102998558638e-05,5.791611852601353e-07,0.0002322582804724499,1.145373409557754e-06,1.4893428826566468e-06,1.5878029582007402e-06,2.8371905936887265e-06,5.685215730831181e-05,0.0,6.209459576183782e-05,6.471021155619872e-07
1092,1547048,10,2.5299730484255878e-05,1.321549503878472e-06,6.177967550597893e-05,1.3685288796291828e-07,0.00012918737136602756,1.5114752524823805e-06,1.3813171437920824e-07,5.364472653451857e-06,1.612426532342226e-06,4.838574504416326e-06,0.00023993999755437048,1.6079041168459707e-05,9.011840956703321e-07,6.625791951010707e-05,2.721045020817603e-06,0.0008444822157475142,1.0627111439863446e-05,9.215968160315724e-07,8.87994471376885e-06,1.8325396696595303e-05,3.306150115676976e-05,0.0,1.3030845756181048e-05,2.0990808154153218e-09
1093,1945116,10,2.8939142977801868e-08,9.411083316777924e-07,1.1903046562556502e-05,3.972857545476993e-07,9.782440615377364e-06,1.8475577077611827e-07,8.470029151316782e-08,5.245716815718837e-07,2.3067896134931765e-09,1.513137625336336e-06,0.0006497398220214681,1.7639654379422026e-05,3.1679536062548252e-06,4.4898924869696266e-07,2.3425330998409766e-05,0.000144721415082337,2.0159920548143417e-06,2.1622180382062373e-05,5.336118606522056e-06,2.5600569494715897e-06,4.6231805249027924e-07,0.0,2.5099643926402432e-05,8.718891070583212e-08
1094,1644213,10,6.401655362336944e-06,1.2127909574527473e-07,1.7410136066015047e-06,1.2318987271456305e-06,3.605618996375265e-05,9.608867908642016e-08,3.7066178788097703e-07,2.3800490351472137e-07,5.913699683071649e-07,2.558237360575366e-06,8.986908545441027e-05,1.5209530380741465e-05,5.8066270681583765e-06,2.527491030693968e-06,1.2147170511817018e-07,8.084240906910956e-07,1.52706749505932e-07,6.248392009956111e-06,1.2981180930946024e-06,4.97100360513647e-07,3.571161692556002e-06,0.0,0.00012588890905205347,8.680102125610545e-08
1095,1641288,10,2.5917031838684768e-06,1.0810579683800947e-06,6.1019510704252156e-06,3.492767906291758e-05,7.16392574024588e-05,2.1269813817864636e-07,1.8715138208717785e-06,1.5555833466837643e-07,1.8783378776532356e-06,3.8031246140726727e-06,0.0005276225841175305,2.1996314959419477e-05,1.0219892329042801e-06,5.109263920093782e-06,1.2321716623919093e-05,0.00037947018472962377,3.3484821932473763e-06,5.049068880630392e-07,1.4063323193900384e-05,6.306770433645026e-06,3.68763509632844e-06,0.0,2.0520673481214807e-05,1.4891987901513581e-07
1096,1306980,10,6.50324361282234e-06,3.0708737903950567e-07,4.514524411178278e-07,7.616054120695992e-09,5.331286756206366e-06,7.239605565728668e-08,4.1501578354474766e-08,2.514971829542523e-07,1.990583158584247e-07,2.468694204865729e-06,0.00025857166626891415,1.4595934633390706e-05,6.051941219942236e-06,4.6360984433391206e-08,1.0039287422700105e-06,1.6648785411313427e-05,2.657308475345621e-08,7.785704424577433e-06,3.0642731660146527e-06,1.5936893252299633e-07,5.433490608157399e-06,-4.78459147301713e-11,0.00017187436464424083,1.5356884634082357e-07
1097,1530098,10,1.7581267456989735e-05,1.8185892258770764e-06,5.3379750170279294e-05,3.6961864680051804e-08,2.6230722141917795e-05,1.1436350177973509e-07,1.6968988347798586e-07,2.3147003958001733e-07,1.0899384506046772e-08,1.9792787497863173e-07,4.951549635734409e-05,2.2371634258888662e-05,3.0759110813960433e-07,2.465063880663365e-05,5.711438279831782e-05,0.006874063779832795,3.1145609682425857e-06,3.074838605243713e-05,4.8157162382267416e-06,6.88341970089823e-06,9.814443183131516e-05,0.0,7.434891449520364e-05,1.2369127944111824e-09
1098,1899065,10,9.611197547193528e-06,5.906865273876821e-06,0.000421072429942871,0.00018414729256546053,0.00021294164393883055,4.232615987906363e-08,4.149966128901006e-06,7.399356774556026e-06,5.153402982665395e-06,4.203950960197239e-06,0.0014691915472319975,3.906288940305758e-05,2.758068821325649e-06,3.0031754426881885e-05,0.00041575298819294254,0.0015069920650977592,3.2402053931172847e-06,4.122846030650551e-07,9.312368190160167e-05,6.743062344626016e-06,1.3699605526211467e-06,0.0,1.8150121439425987e-05,1.9180311375752157e-06
1099,1291733,10,1.9970854518991388e-06,1.674720022493137e-06,8.834353730696742e-05,4.485026140144122e-06,1.4540982036015393e-05,2.2228218338193884e-07,3.50820147598796e-07,3.5369405781970897e-07,7.475551844216e-10,1.134008537168052e-05,0.0009278103685826378,8.053784605888126e-08,1.5129061587682013e-05,5.593286601141001e-05,5.535114015731146e-05,0.0003037930589840365,5.097452460134377e-10,7.068771475493563e-06,1.4361282744457249e-05,1.939890451774229e-06,2.121691117573654e-06,0.0,3.363933687161591e-09,1.9860435518381792e-10
1100,1906545,10,5.174175819536164e-07,4.2333593174015416e-07,1.3235659722943272e-06,8.275720350531257e-07,6.727673834316938e-05,2.176629191469326e-08,2.559361921700143e-08,5.847482945908755e-07,2.913086643435703e-07,2.1025863984683313e-06,2.3405070567195096e-06,1.7389680349547132e-05,1.960458586407199e-06,3.975078682189048e-08,8.461359754796671e-07,7.275937955934092e-05,3.95563467911475e-07,1.376316182214593e-05,1.987336118058902e-06,4.003209819053444e-07,2.5805020902061604e-05,0.0,8.009288090589373e-06,5.601987717457346e-08
1101,1389210,10,4.080508452828507e-06,3.6214705192993968e-09,9.242485135486922e-06,9.060867007641e-06,5.963571335003762e-05,2.0318352180262456e-07,6.715668112583506e-07,2.6376567213021174e-07,1.3464240769811564e-06,1.4405336204448282e-06,0.00011109171011726426,0.0008898297222394297,3.534734639151077e-06,7.023101464307541e-06,1.447002095124328e-07,4.6512955688492175e-05,9.41019209318994e-07,3.062605220094383e-06,7.347971258883645e-08,1.894143811728699e-06,4.904506622493976e-07,0.0,5.3729595721443285e-05,1.0420241162989452e-09
1102,1891082,10,1.1290115863617917e-05,2.3057978993518136e-07,8.968111707450752e-05,3.1683335786521216e-06,1.731343847947639e-05,7.764764978213101e-08,2.2573162089534193e-10,1.4991270367796516e-05,1.4134853273950476e-08,1.075790449230063e-05,1.0302498023362361e-05,1.9311365461599506e-07,3.097387114379263e-06,4.186117165726547e-05,2.993240626865401e-06,1.0431491527809755e-05,6.183054342828731e-08,4.883015117612688e-06,2.918943842189492e-07,1.333738231284326e-06,2.8223864063751936e-06,0.0,4.4816173215209143e-07,2.9962027571842076e-07
1103,1297157,10,1.848954221950541e-05,1.4550213986094795e-07,4.886122503669141e-05,4.984499333515052e-05,8.082850827068402e-05,9.030446868167619e-07,7.171054125336418e-07,4.184335207345347e-06,6.890990817062792e-07,2.0178283393276764e-06,0.0003250815833703777,3.19226562518031e-05,1.7682974432983722e-07,0.00016435225134218967,3.603101460941671e-07,0.00018198028216313486,1.3923515648113505e-06,1.8147630642069423e-05,1.2389433883049084e-05,2.337201349126433e-06,1.0956843996923898e-05,0.0,7.729059746126171e-06,3.4961504641328744e-07
1104,1643316,10,2.3256735500076786e-05,1.3139262122763284e-08,3.12845021372965e-05,1.5640595631083443e-05,5.27351604659998e-05,7.292387955715185e-07,2.5628078086370465e-06,1.8797014611493523e-08,7.692869452569084e-07,4.0035888488887394e-06,0.00024627239534513734,1.3326767207999524e-05,5.093549008350351e-06,2.8206338754444005e-05,9.541972446847069e-06,0.00016262755196905232,3.29972187884664e-06,2.3141288796324488e-07,1.281018846555071e-08,6.254467310284895e-06,3.262004613890923e-05,0.0,0.0001414560915042884,1.1421125378774377e-08
1105,1258802,10,4.161589873322852e-06,2.7948425335155846e-07,9.40491775361374e-07,1.3478055727045302e-08,1.1646414899962182e-05,2.568200235114615e-08,1.8967729470409367e-10,2.60612122379017e-07,2.2947796508507312e-07,2.527315153114107e-06,0.000260175177074138,1.5601292534823258e-05,5.196232928016131e-06,2.0670503989017597e-08,1.2772273309813453e-07,5.015168415768018e-06,1.4159597105933841e-11,8.819002961568678e-06,2.0447753697090676e-06,5.4481225052194215e-08,5.381522904152752e-06,0.0,0.00011427468080721023,1.1782230264351101e-07
1106,1249264,10,1.8503210968794093e-06,2.9938584565659954e-06,6.241041423330623e-05,9.303596885598675e-06,2.468226481049801e-05,7.295610831084542e-08,1.527692122072627e-06,2.4657714150708165e-06,4.009600145654657e-08,1.4888377188361501e-06,0.0016842822835806924,1.3032921652545576e-05,9.000586334309557e-06,1.8576529382127727e-05,5.055254007312396e-05,0.0007322444455804197,2.822909024553094e-06,2.5200928169263198e-05,2.3815343285688018e-05,3.602620786097993e-06,6.528721309566679e-05,0.0,1.513633773177897e-06,5.133243969196455e-07
1107,1331344,10,4.202378858529643e-06,2.723488349086478e-06,5.402246279561512e-05,1.5125024817250199e-06,1.4940012564162997e-05,7.791623799630054e-08,1.227573786719005e-07,3.768407875005819e-06,2.7759524443005112e-08,1.2391723091836893e-05,0.0010445816827361343,9.638613988199873e-08,8.999444444955651e-06,4.942062710468209e-05,0.00011924570013117919,0.00040763603230516837,4.479782033314783e-07,1.1560525057248416e-05,2.097669423285764e-05,2.643806775927404e-06,1.2313622725704243e-06,0.0,1.376542970967648e-05,1.3791953690223124e-12
1108,1574062,10,1.904801589368288e-06,9.605340746815516e-07,1.142403094510358e-05,1.2776616194580537e-06,4.677003322174286e-05,1.4447776787093747e-07,1.970396085876347e-09,5.347293850696544e-07,2.465727185287786e-06,3.841621844975773e-06,7.691221096040729e-05,2.208932293342944e-05,4.7856818879282725e-08,2.992119500617313e-05,7.395926386442528e-05,0.0005650124280265276,2.528379643290668e-06,9.997078810643212e-07,1.1902415771699454e-05,4.886589812645725e-06,2.993354559596706e-06,0.0,4.0004816635602625e-06,1.1095345503475684e-07
1109,1260000,10,1.1628231608034473e-05,4.350914111356241e-07,2.0339634978529253e-05,2.3399546129725113e-06,3.0866549786578296e-05,5.4425896730408985e-08,2.5081298149487452e-11,1.3073034126179911e-05,1.859168861778615e-07,1.1222925626882402e-05,1.998106814296921e-05,1.3567631787850254e-07,2.889605850219662e-06,0.0001411357115217969,8.76313379075122e-06,8.390434667780028e-05,1.2743629068667772e-10,6.198892039017967e-06,1.1657253162593306e-06,1.2642945328954214e-06,6.657621151633791e-06,0.0,0.0001026174173184187,2.305695482318626e-07
1110,1570024,10,6.714382621442888e-07,3.238629457030795e-06,5.402138755664608e-05,2.1022187603244452e-06,1.1448991943833337e-05,5.318259971558853e-07,1.1135868878235644e-07,1.2769366557526668e-06,3.076876274772655e-08,1.1875891797689248e-06,0.001489960190561036,1.6402248540844586e-05,3.879685081743106e-06,0.00022022454684999908,0.00024211283568636305,0.0009253757233891446,6.298474607801044e-06,3.587861044709005e-05,1.8403998095578578e-05,8.813846936456607e-06,4.224873891640543e-05,0.0,4.00682113457021e-05,2.815020703119536e-07
1111,1368111,10,5.473070541148206e-07,1.363610624346978e-07,1.0692557616116122e-05,9.119666568847135e-06,5.4984842009244556e-05,9.59555863933037e-09,2.567087404904689e-07,3.589601901415884e-07,1.1233123070920892e-06,3.096571454808128e-06,0.0003837678158788334,2.1067440828973633e-05,1.5372078938681588e-06,3.8441351495749343e-07,3.472271305655916e-07,9.506257750127242e-05,3.8449539519966325e-07,4.66545951585684e-06,3.2032113408998752e-06,1.0675115811806246e-06,2.2063401988736686e-07,0.0,1.4439299110616255e-05,2.4102152672983435e-08
1112,1880545,10,6.878328875567497e-07,6.968889241100451e-06,3.9688814919620896e-05,1.069224933210322e-05,8.670674024996439e-05,9.599352839007036e-08,1.282750201545002e-07,1.9431186140950185e-06,4.621461400504401e-06,5.152563720946246e-06,0.0014992373107458185,3.364091022341892e-05,8.843232809988e-07,0.00014472004219126533,0.00012387580831155903,8.010299691395967e-05,7.5071925628861225e-06,2.2064298858121e-07,8.372158469810431e-05,1.3479616896468205e-05,6.0372272492871526e-05,0.0,2.910419861987257e-07,1.3350715466833862e-06
1113,1306736,10,3.7699567026837355e-05,7.763232115695629e-07,0.00012012199755383202,2.372375816010741e-06,9.878782874457592e-05,8.483938339839958e-07,2.6741830449206194e-06,1.2678916627983927e-06,3.723675328845544e-07,3.2043091242328625e-06,0.00029963836582343195,8.882594861245319e-06,1.3106900113503406e-05,7.832395077563697e-05,7.430708616745774e-05,7.0757992743156195e-06,1.1665016277709328e-06,3.02946092889389e-06,1.3990320003598455e-05,2.563831692455054e-06,6.464142806170137e-05,0.0,0.00024025220002555497,7.817159209597135e-07
1114,1250925,10,3.600179843935014e-05,6.901120314789511e-07,0.00023715981886295728,2.4171179011794885e-07,7.471355398262769e-05,1.66597866369661e-06,2.2052280658491075e-07,4.28080783914514e-06,5.34452259406959e-07,4.972286622113853e-06,0.0001517833073789096,1.3544177820144776e-05,2.559170858271176e-06,2.1902683287819413e-05,7.023629914934548e-06,0.0004765507958725476,9.241847831159555e-06,4.5110578291568393e-07,2.045609391508607e-06,1.6144594272467228e-05,0.0005303803894634515,0.0,0.0003515642699159424,4.6428132977061054e-08
1115,1264963,10,1.5625419212267344e-06,6.2362090005874116e-09,1.9979199527828118e-05,4.1234525882810624e-06,2.4841414111166638e-05,1.4275765893717596e-07,2.649211475191926e-10,7.286376729753741e-07,9.020627768224765e-07,2.495941464376872e-06,0.0002588903885740734,2.3812789376416454e-05,7.049009066034673e-07,3.445626253492651e-05,5.3360017228665235e-06,1.849255542316075e-05,2.0345356506468182e-07,1.183565179858903e-05,2.3117203526018537e-06,3.865742227368574e-07,1.0369680958015326e-05,0.0,5.616535614538787e-06,6.544248020573518e-08
1116,1315818,10,3.555589841996998e-08,7.741434625493926e-07,8.880960282637435e-06,9.601773310607964e-07,2.8726507253402228e-05,1.3222027639425704e-11,1.6686881747218774e-07,1.2954008175233844e-06,1.562508787106287e-06,3.4584850591157235e-06,0.0007001319498591424,0.0010896584543538985,1.6079492115225746e-07,2.0738201220414643e-06,2.4012318827412726e-06,0.0002910440498201487,7.737020462778021e-07,3.313168267047445e-06,1.2960431244744136e-05,1.90140390733326e-06,1.3469254620670362e-05,0.0,3.7087180153320964e-05,1.7559064467015384e-07
1117,1260551,10,2.465987786151591e-06,1.4640804943573393e-06,7.748938224728941e-07,1.3250526960929127e-05,4.475106233950074e-05,3.3465672313187644e-08,2.3586005579168123e-09,1.0154573191582805e-06,2.2503795669565063e-06,3.4592699664319493e-06,0.0017288980015544228,0.0010627597061791602,9.002106456448833e-08,4.8852340002736305e-06,1.0821031420533977e-06,5.9753091783673606e-05,5.927393101692879e-07,3.725511724544245e-06,2.530128758325076e-05,1.7337694528905823e-06,4.362834613198807e-07,0.0,7.916091207260667e-07,4.4198596585443006e-07
1118,1896254,10,9.018981939959425e-07,7.048944129402213e-07,0.00014568566456439613,4.7954140932268685e-06,3.9122916501013044e-05,5.045201592231152e-07,2.9528407331780304e-07,3.4272218281915234e-06,2.5999789244474103e-07,1.0693204639280335e-05,3.624031366762995e-05,3.943532069644595e-08,1.169654482555127e-05,6.5554239251156e-07,3.8433336770060667e-07,4.083139075207812e-05,5.323673512927507e-07,2.8905712964565067e-06,5.617584800769737e-06,2.6530257750366493e-06,5.336769238081102e-06,0.0,4.494582727374019e-06,5.775561409335217e-08
1119,1252142,10,7.920359962124146e-07,2.468706235964069e-09,5.017594317206081e-06,2.0338825459348397e-05,3.953721011346403e-05,1.0883495226224338e-07,6.646702428031448e-09,8.937826583010899e-07,9.598289370804647e-07,2.4957160604001383e-06,0.00044099974422270524,2.2657272959126368e-05,6.716418091204379e-07,2.237204501069623e-05,3.958953323498354e-06,2.5915214185052993e-06,1.9259233634272288e-07,1.1833116632897073e-05,1.18774394035695e-06,3.3762090018152335e-07,1.2040287864417687e-05,0.0,7.451728331196034e-06,2.629608146162421e-08
1120,1878756,10,7.716852614692016e-07,5.954037693267633e-06,0.0005958463937806302,3.2029327844129707e-06,0.00023901876551321588,3.585996152799531e-07,1.7721746785326342e-07,4.373972279855809e-06,3.960696719401691e-06,5.4748219377731555e-06,0.0008468074236158557,2.8621258930786042e-05,4.478727705092833e-07,2.237025057803821e-05,3.267448367427761e-08,0.002278151274935941,9.363423109962077e-06,6.532627820077241e-07,6.1153006091344e-05,1.631489782423501e-05,1.1022050391537586e-05,0.0,4.8164683104715e-05,8.81876914271551e-07
1121,1264631,10,2.0176165239221833e-06,1.393201001335942e-06,1.1356805899857825e-05,3.597554009415749e-07,0.00014087859627445742,1.233611015213909e-06,2.037678103680718e-07,4.655403352704646e-06,1.429284093162897e-08,1.0304325932172786e-05,0.0002178576800044435,6.72552596871212e-07,1.560325365971421e-05,2.3233202855181545e-05,7.562885716107248e-06,0.0001144907541725318,1.393871485164122e-06,1.4650367018351207e-06,1.722364455819525e-05,4.761762737087727e-06,5.9599195091908364e-05,0.0,0.0002461765129142049,4.1398017236460305e-09
1122,1366195,10,7.391004399007889e-07,5.662318364879626e-08,1.4744495815890643e-05,3.1323799194737934e-07,6.501311445786771e-05,1.3641280889771512e-07,1.932983748464262e-07,9.812570549334876e-08,1.0813426218163336e-06,2.3710852512827396e-06,0.002004352220731982,2.1995193734358764e-05,7.05522946840495e-07,9.18079003374428e-06,5.343549021237168e-05,2.460058377640531e-05,4.221527665961705e-07,1.3615171183388453e-05,2.8063091547791963e-07,5.647469830099422e-07,8.835223335203202e-07,0.0,9.119455297740622e-06,2.2067144986315235e-11
1123,1341426,10,2.1306232432793948e-06,2.1226995970680118e-07,6.320214507919003e-05,4.796464144710133e-06,5.626749139471532e-05,4.772417180193278e-07,1.3034959508995136e-07,5.71602164559093e-07,3.975933057440151e-07,1.0303331679464844e-05,6.050453724641691e-06,2.2371623581429745e-09,1.0627244328070828e-05,2.9276124689781025e-07,8.662330924155692e-07,4.890964726139702e-07,9.788814804637114e-07,1.8511052172417997e-06,1.1658587465157577e-06,3.126905031507199e-06,2.1343967772285977e-05,0.0,1.623986404310912e-05,1.481220861035415e-07
1124,1316989,10,4.648353038594344e-08,3.67031164003051e-08,7.343146347232876e-08,1.0002212912363362e-06,1.832457656281844e-05,3.464372094752477e-09,1.616204139964772e-08,3.983266277304831e-07,9.803837324184883e-07,2.959849295658401e-06,5.285330982286729e-05,2.1345827222178648e-05,1.6904708453890915e-07,6.7899157073191e-05,5.190603278512618e-07,0.00017266016480533414,5.0815792511371694e-08,7.131589116728121e-06,1.9899449254096035e-06,3.569682927237472e-07,3.1425060335182886e-07,0.0,5.525595059473198e-06,2.5878855003380608e-08
1125,1444028,10,5.768483261336943e-07,5.043663855348879e-07,0.00018279150531190155,2.8915501805483468e-06,4.2058897607423484e-05,1.1653428517548192e-06,4.804854571750783e-07,2.1624869467676278e-06,1.8522095340811617e-07,9.861236736699586e-06,0.00010302215686126479,2.617206589644594e-07,1.6728933225310105e-05,6.00396171622497e-06,8.527281702520179e-06,4.1469324248838424e-08,2.2203369910572812e-06,6.567224752444811e-07,6.553721732378143e-06,5.642728418433357e-06,3.497778740067098e-06,0.0,7.499630746863467e-05,9.419473662869438e-09
1126,1439028,10,7.222101835457906e-07,3.594270573982483e-07,4.303324997791125e-05,1.1030885741641905e-07,0.00021812383653734002,2.8920236878893224e-08,1.2219741414923324e-07,9.492954268983111e-07,1.5888310949466189e-06,3.535049704666421e-06,0.0003301483226769812,2.1622982870117546e-05,4.096076064372123e-07,5.809091534313832e-06,1.10227492723311e-05,1.6855520063377427e-07,8.292861774054916e-07,3.3491112667073664e-06,5.713175102315532e-06,1.862418394862203e-06,2.341276176109214e-06,0.0,2.9238070821009654e-06,5.6428578736750223e-08
1127,1912020,10,4.594170004493248e-09,1.7159496120411344e-06,7.741051104006788e-07,5.621558314692146e-07,1.2898541850467175e-05,2.0235296739438968e-07,2.7397224285248545e-08,7.456314294043351e-07,1.9320318785619184e-07,1.7690879275476107e-06,0.0001304160746374329,1.697406998121733e-05,4.2845626586924396e-06,2.7353152141799952e-05,2.2562685311082464e-05,0.00042559710310635396,2.4961210450579266e-06,2.361931652105232e-05,7.896017321247159e-06,3.242476702194734e-06,8.4102148182226e-06,0.0,6.52864721195287e-05,2.3438830073010952e-07
1128,1321492,10,1.6000217218675727e-05,2.1896870677287628e-06,1.821876874363859e-08,1.6401692307307925e-05,7.520269053291895e-05,1.171245945230659e-07,4.005306957613475e-06,6.535285223520371e-06,2.7988670717182806e-07,2.4029419113391626e-06,0.0007639703368594389,1.043314528200584e-05,1.1022636616654646e-05,1.796063557858718e-06,1.7057058193201136e-05,0.00022141459404389358,1.22358422019464e-07,1.1834949263850314e-05,2.1436444970449053e-05,7.307293536928938e-08,3.445648735408979e-05,0.0,0.0001577528225986044,6.803146989919906e-07
1129,1246796,10,1.8623541109263897e-07,1.4243414625525475e-06,3.6583514884114265e-08,3.035529516637325e-08,3.059614391531795e-05,2.2206222638487816e-08,1.5951809473335743e-07,5.863257683813572e-07,1.6007106751203537e-09,5.866822903044522e-06,0.0026758792519103736,6.618502084165812e-07,4.970221198163927e-06,8.841104863677174e-05,3.181266947649419e-05,0.0006458751013269648,8.833012543618679e-09,2.2942112991586328e-06,1.1960131814703345e-05,1.5825207810848951e-07,4.4534681364893913e-07,0.0,0.0001188948517665267,2.8579961508512497e-08
1130,1249395,10,1.281752748572007e-05,8.833421304005329e-07,4.6377072159407146e-05,8.28575438330259e-07,1.6597813144416523e-05,1.1449388284123785e-06,1.5408155107712873e-07,2.9653836117124466e-06,6.39997930949876e-07,1.4886241059657024e-06,0.0004687227991847162,2.4801248433296147e-05,7.755811197440732e-07,3.0274438670117865e-06,4.74726800749406e-05,7.106437802064519e-05,5.664095921752155e-06,3.3063682695580465e-05,3.3732701874497617e-07,8.142570247740566e-06,4.080212603209399e-06,0.0,2.3911947611431755e-05,1.600675745075386e-08
1131,1260605,10,8.703499978633678e-06,2.111873469122505e-07,3.6240127811712486e-05,4.040847795500763e-06,1.2743811675267752e-05,3.969642797460593e-07,3.1919217590228866e-07,8.741067770989819e-07,9.408039186933892e-07,2.624267618909354e-06,0.0004309780873303047,2.87308346012434e-05,3.0152508961878155e-11,3.1694895930058087e-06,3.994252485993097e-05,2.496942059410784e-06,3.485869730091018e-07,1.2817415255401282e-05,1.0240896787291898e-05,7.965811544066725e-07,0.00019293306719932526,0.0,3.434015388563069e-05,2.461023363570236e-07
1132,1255523,10,3.528491612454082e-05,1.0194535680907446e-07,0.0001779553069104975,3.6131968123714886e-07,4.8300633701127416e-05,9.805375489127521e-07,3.7476677990783136e-07,4.27069653907014e-06,1.2160570997399311e-07,3.880445322526627e-06,0.00020249258949057297,1.0757914995850049e-05,5.1078142352251055e-06,1.672985792872811e-05,8.642470522908507e-06,9.761429053833232e-05,2.721634114973004e-06,1.0391789288313746e-06,3.4971718734927437e-06,5.2737284009923835e-06,3.6362162687389454e-05,0.0,4.134458032872129e-05,3.5644096184339613e-07
1133,1833067,10,8.065578289029318e-06,1.7944756715293497e-08,0.00013156111819025151,5.712103743317487e-06,3.406926122958426e-05,3.013360216977401e-07,1.5675863385133937e-12,1.482814422831824e-06,5.922028604582463e-07,1.0110665036575095e-05,0.0002876407487590535,3.0231461319030206e-07,5.855860347923902e-06,2.926640436044098e-05,1.9589936245262285e-06,0.0002402502421551475,1.4155468121279657e-06,1.1659253460055696e-06,1.1657955050897728e-06,3.3299058740318688e-06,3.7088301123325285e-05,0.0,6.888945453199097e-05,5.636672754938399e-07
1134,1530191,10,1.3689993817130042e-05,6.023863816789765e-08,2.8089560874945685e-05,9.408405943628351e-07,0.00017153076157593733,3.0348058280282864e-07,3.4313146046738296e-08,2.7403814607807053e-07,6.068710096812646e-07,3.4578025431414305e-06,0.004956157983438764,1.4136329067986064e-05,3.7255888135079296e-06,9.386488689366868e-07,2.489773571293097e-05,4.5022828853040486e-05,8.818010786212915e-07,3.422910433849291e-06,9.195181527588137e-07,1.9032916444075565e-06,1.6123286153274519e-06,0.0,5.028673938783923e-07,9.282833718371464e-08
1135,1256505,10,4.579449456556389e-06,4.091811334205886e-10,1.5365640986930024e-05,1.9037906571102436e-06,1.0833382930182378e-05,3.131855930184335e-07,7.452188409071137e-08,6.064692259104276e-06,7.91333302042202e-07,2.4962103858279516e-06,0.00036863988497229036,2.540167572772506e-05,1.3454496592957277e-06,1.1356571321331083e-05,1.108821678342739e-05,0.0001819796063469714,6.077779798989436e-07,1.4745527243179707e-05,2.924194967154903e-06,9.850651924298015e-07,1.9096489456627702e-05,0.0,3.1325988335793864e-06,8.981230685892183e-08
1136,1504139,10,7.022409218512132e-06,5.324780117596517e-07,1.55229656559272e-05,3.2496613212862346e-10,3.261097214681506e-05,6.891982902521715e-07,3.0789413664987497e-07,5.795340528129411e-07,1.150028811104653e-07,1.8494321711547135e-06,0.0012780628111740012,2.3717066166007925e-05,1.0000532757025588e-06,1.2602458629504612e-05,3.431035455747633e-10,0.00012746398223700654,3.2041418319295883e-06,2.5502813827770962e-05,5.301687655209775e-08,4.492593301611003e-06,0.0001347919521369409,0.0,4.623951607438288e-05,1.372327652557348e-09
1137,1256764,10,4.8388495643147955e-06,1.0794346872247673e-07,1.143741798673159e-06,5.7771756128977e-10,3.781801546895794e-05,5.2121503689439574e-08,3.9067034770384756e-08,1.521155172552746e-07,7.388245333132815e-07,3.0981830690633705e-06,6.98889478236743e-05,1.6322337363646605e-05,7.909249252202599e-07,4.8393636177153365e-06,1.4882544359558214e-06,7.140152022496252e-05,1.0810591146923065e-07,6.5535290895736564e-06,4.763715714985184e-07,3.947783646686409e-07,1.4369024282229192e-07,0.0,2.0070042118250364e-05,6.609666624787791e-08
1138,1251600,10,7.058052126952818e-07,1.8223831749833441e-06,8.526578004427326e-06,1.1237468297009556e-06,5.6577892268448726e-05,6.731075953211874e-08,9.22735563999022e-09,4.018985185032242e-07,8.461089642461395e-08,2.074160831627009e-06,0.0012830732689604052,1.560227141163273e-05,2.403160751431044e-06,0.00012034158647346999,0.00010080230272599064,0.0005299210869681159,1.5624759047462577e-06,2.0070732690318643e-05,9.303221914679777e-06,1.908433582869379e-06,9.216011466502486e-05,0.0,6.554019009456097e-06,3.3673102705841784e-07
1139,1291842,10,2.9051479467315233e-05,4.041066135163085e-06,0.00020707479330254325,1.5673948347214028e-06,0.0001643959951224197,2.1187684891982306e-07,4.216403631879251e-06,3.776857037652431e-05,1.3025207494174462e-06,8.411573310058984e-06,0.00359160945643279,2.958224267733678e-06,1.9967350919913862e-07,1.6322678291248727e-05,0.0010220805708555936,0.0013329839430421889,5.5715770120659536e-06,1.5612051584151798e-07,4.9284092014281744e-05,8.74628851320336e-06,0.0005597987624567299,0.0,3.4241498091530653e-06,2.45042983768734e-06
1140,1326367,10,2.057912561886921e-08,5.048222126227686e-07,9.54832673807915e-06,5.761185447053507e-06,3.788508746906116e-05,1.0361585805335194e-07,1.8702817352472811e-07,3.6970334960778617e-07,1.5139088477972296e-07,2.3708027755489636e-06,0.0003920403343406764,1.918459648093257e-05,2.220908651158482e-06,3.734097062807473e-08,1.1561152130835917e-05,2.371631662479584e-05,7.736822818932287e-07,1.5919770082944984e-05,8.660855864844885e-07,9.102515477268924e-07,1.3453881641672938e-06,0.0,3.672311543982676e-05,9.14700157977899e-09
1141,1635042,10,2.399960458959044e-07,3.2404726848546395e-07,3.294707009058456e-05,3.3120147148995444e-06,2.122865730384317e-05,2.8589551696531212e-08,1.4200353060968285e-07,5.115227137177103e-08,8.457898235149364e-07,2.624629153734001e-06,1.2763902271593214e-06,1.857592244846988e-05,3.312154344358581e-06,8.384133903457935e-08,4.1203214019795015e-06,5.183249847853094e-07,2.5921907022101454e-07,1.2602773948561935e-05,5.468031660255807e-07,2.5626818819096675e-07,4.4224043939042335e-08,0.0,3.8315642822740054e-05,2.600493618706845e-08
1142,1311590,10,1.0889181347378124e-05,4.3419441326728037e-07,6.59336106318062e-05,3.571615713647558e-06,2.7307444640734674e-05,8.39114873904534e-08,3.726805610643202e-09,1.3218943032411445e-06,8.958944023446103e-08,1.1832366690049667e-05,8.226377969749316e-05,1.1503661145884081e-07,4.621676741631275e-06,2.926717680087204e-05,1.8211478105233103e-06,5.8560525020255605e-06,2.8721344122462078e-08,5.427930944872095e-06,1.0401189572406544e-06,1.3311087595224702e-06,1.2988111911423073e-06,0.0,0.00013179033639694818,2.030544988124161e-07
1143,1295685,10,1.4900481846463753e-05,2.2231003895673007e-06,6.715597759276992e-07,1.0243504927939795e-05,3.778392394553076e-05,1.00275903303082e-07,2.6746199513483226e-06,2.886431540602419e-06,2.501020101158824e-07,2.6276441366934744e-06,0.00040040233249422075,1.0953237442212771e-05,1.1354166766328055e-05,2.9482570999564417e-05,2.060626142635913e-07,0.00021785991221576206,1.1346778289178516e-07,1.1768737596951073e-05,1.8575699964287762e-05,6.579571409925933e-08,2.7562600883768162e-05,0.0,0.0002122820689730437,5.935114397032093e-07
1144,1331976,10,5.396577762439847e-06,9.824507287703454e-07,1.9761573639698327e-06,5.551773938350379e-07,0.00022357754642143846,6.573100108653307e-08,6.976915756240487e-08,1.8066930351778865e-07,2.690649125725031e-08,5.267211236059666e-06,0.00037465390778379515,1.3759781722910702e-06,6.380265404004604e-06,6.857977859908715e-05,3.816073149209842e-05,0.0007271450813277625,3.401873982511461e-07,2.5709596229717135e-07,1.0980766091961414e-05,1.1112642823718488e-06,3.4634940675459802e-06,0.0,2.9934912163298577e-05,7.989001460373402e-09
1145,1810087,10,3.2637745790708994e-08,1.741700519586331e-06,0.00022081858805339527,2.158485063283311e-06,2.0637900552983313e-05,7.029172937669803e-07,4.3472180031450813e-07,1.1496479997916143e-06,5.754502922089566e-08,1.156023624665492e-05,0.0001052669719791427,3.359649680886867e-07,1.6318856695389516e-05,3.704252528533014e-07,2.5601032359913456e-05,6.464055604346597e-05,4.3323270829814797e-07,3.2396777715215652e-06,1.52857537583026e-05,2.956620241460761e-06,3.45971192804162e-06,0.0,2.9482261712059088e-05,1.6688272291842665e-10
1146,1304779,10,8.646967520221233e-07,1.4640501771624043e-06,6.300071415960701e-06,9.215455800629796e-07,1.6539498925704013e-05,4.396195944084136e-08,1.0474173190930247e-07,1.1913902288294975e-06,5.30175123213128e-08,2.310369481754379e-06,0.0005697768402012811,1.6000138440101785e-05,3.7246030610491032e-06,2.313617928754834e-05,1.560258024494582e-05,0.0003587234473427705,1.060679014381824e-06,1.7723972072468397e-05,6.656159731058958e-06,1.2321490497624321e-06,2.689609767368706e-06,0.0,0.00010221177626820559,1.9346724161248274e-07
1147,1249182,10,2.106717615527054e-05,2.1322760664910234e-06,6.512539059295996e-05,6.352210757605559e-05,0.00011000393844488171,5.317360065523746e-07,6.136136951467863e-07,9.136009830740255e-07,1.5857533395002843e-06,3.3472727309705186e-06,0.0035354933129720448,3.624059365383431e-05,9.81019508038139e-07,1.9097416392895028e-05,4.079752587177188e-06,0.00023470304140940645,4.340067957797622e-09,8.410825147464607e-06,4.044819247115555e-05,8.512252187078961e-07,5.5203030834748146e-05,0.0,3.14721236443008e-05,8.618235132068497e-07
1148,1252751,10,4.4962115949842563e-07,1.960007254907248e-06,2.78914259749935e-06,1.0909783822871111e-07,1.7871587095846797e-05,8.994330224360025e-08,3.675860648505447e-08,6.429412921747646e-07,1.6056275973716505e-07,2.190516820699956e-06,0.00017635843689684308,1.5840563605481334e-05,4.905644476714544e-07,9.077210452387852e-08,9.254434402425349e-05,0.0001562506823935897,1.7163983760011547e-06,2.0702872098838504e-05,8.880888904935075e-06,2.134255357714998e-06,2.959402636916117e-05,0.0,0.00011470423544020572,2.2683908091139515e-07
1149,1915087,10,2.937878510642089e-05,2.1041027893284325e-06,2.6575136894968487e-06,3.6107339340674116e-11,8.830808771338045e-05,3.859537336045604e-07,7.540592808844004e-07,5.7894822615423e-06,1.5173704121657083e-07,3.0644526281403683e-06,0.0007230729307709516,9.244223489981995e-06,1.2816076569575896e-05,4.872228504020082e-05,2.857886755372463e-06,3.807064182653752e-05,6.967103677313347e-08,7.3998914325718035e-06,2.0794669186620374e-05,3.632810369399997e-07,6.658767416901912e-05,0.0,0.00016384144507207432,8.548842781383459e-07
1150,1259500,10,3.4601478371525107e-06,1.7691948382345113e-07,4.610487339803959e-05,1.1647826764563107e-07,7.257135181466465e-05,1.6822196259591582e-07,3.6019042603738227e-07,2.164546767168679e-06,8.465679468099008e-07,3.0980642828463967e-06,0.004685402320944495,2.6214868020249527e-05,1.736826828191429e-09,2.199689869765431e-05,1.697501097701337e-05,1.2937188909045716e-07,6.307154850476726e-08,1.0113283004490464e-05,7.181889974301053e-06,3.5087942927905513e-07,4.537176621948608e-06,0.0,8.44470399892494e-08,1.5392940192968108e-07
1151,1263579,10,1.3995616880702055e-08,5.54809735653361e-09,3.601050308152387e-07,1.3030215215703578e-06,1.1626416677221196e-05,1.8204562142465353e-08,4.601160327744047e-09,8.19749908648193e-08,8.839488338657775e-07,3.132773579869741e-06,0.00026406240116638724,2.088608282969917e-05,1.8244481925153155e-06,2.061201459872125e-05,2.541430820096613e-07,3.4106189843008394e-05,9.729180072692856e-09,9.06076947351786e-06,6.914655569512096e-07,1.4237721641940926e-07,1.2340840275723575e-06,0.0,1.3913751061349344e-05,4.549402680964487e-09
1152,1289555,10,2.7225565448103783e-06,2.0734615171977278e-06,5.959752408041946e-05,1.9317922150575983e-06,2.9191469412995913e-05,2.1098817200998488e-07,2.3639074690426365e-07,6.656952095993041e-06,2.1789454317244772e-08,1.2672902001832631e-05,0.00026699535945465605,6.175745026829049e-08,5.017253468932864e-06,6.178936229686571e-08,4.408959654396763e-05,3.757658861043914e-05,1.8110877068877596e-09,6.916952004550753e-06,1.2673718893872754e-05,1.89341499286233e-06,2.044084358988202e-06,-1.040956723596942e-09,2.9701467746650473e-05,1.1205120591800677e-08
1153,1644163,10,5.8555082328506924e-06,3.4675698111497066e-08,1.2248339739159841e-05,2.2929524595705075e-07,3.209417788695851e-05,1.369319132249469e-07,3.630038433732885e-08,1.0698953580162707e-06,9.393193255782806e-07,3.8803000480744365e-06,0.00025249200493471236,1.763911103511845e-05,2.48879678116376e-07,1.2389672864779322e-05,9.584810811980038e-07,0.00030519982905980597,9.016844433676341e-07,3.238880548685208e-06,5.177167003711514e-07,1.954548183386029e-06,1.398738951213091e-05,0.0,3.840806795628315e-06,7.643037674975872e-09
1154,1262267,10,4.7059055294590424e-05,3.8015028092711067e-06,0.00022022366893369172,5.380821950250192e-06,0.00015592568462594047,2.5568444756082775e-06,6.850568607802421e-07,4.753733364677715e-06,2.588856045725174e-06,7.022363007987142e-06,9.006061810368227e-05,1.536472036117037e-05,2.7870579769051496e-06,1.339417058701664e-05,7.275904442086839e-05,0.00035381317376879245,1.822988973364248e-05,4.707424928841741e-06,1.552024385285955e-05,3.085917080044437e-05,5.897910458570188e-05,0.0,0.0002265029512880587,8.916549630588744e-09
1155,1337321,10,1.8835426120678705e-05,2.405494239701711e-07,1.1697569455158124e-05,1.4412330414763364e-06,4.845925172632451e-05,1.1663108341677941e-06,4.051824536339954e-07,1.3259571397875036e-06,8.468823560169036e-07,2.0175280514012073e-06,0.0009388097869581918,2.798416370990847e-05,1.1619234959597824e-07,6.452570681492187e-06,1.6651480778048788e-06,0.00015850808735184962,4.041356807982233e-06,2.8090972378495144e-05,1.1455867071075154e-06,6.007504456104207e-06,0.00011729020234849813,0.0,0.00013202060014803202,9.065817732981096e-08
1156,1303952,10,1.1627786217355274e-05,2.4648562657741957e-06,1.909750431507498e-05,3.8502397816525535e-07,3.535671067381174e-05,1.255013157529239e-06,8.822704124222813e-08,3.2893135786526972e-06,1.2314431170959428e-07,1.4884411486358606e-06,3.226359891141811e-05,2.2657363760555244e-05,0.0,0.00017344840472170026,4.752281867862612e-06,0.0004439452472380194,7.896844066490605e-06,3.9437459487576265e-05,3.960164072988603e-06,1.1290807479941156e-05,6.272740808932475e-05,0.0,4.556217086868278e-05,8.267165275271937e-09
1157,1654105,10,6.970330473293068e-06,4.101272864723282e-07,0.00011859274169221182,2.2073797052366007e-07,0.0001776587288359402,1.9381572841786765e-07,1.4108231943810168e-11,1.9187253266217397e-06,1.6832636985653071e-09,1.1833708151890582e-05,4.678612260520035e-05,4.8287113845607577e-08,1.0369226400280124e-05,7.814541719607451e-05,5.7457076371360966e-05,2.4305058595998352e-05,2.1240231788330344e-07,3.9606596205984945e-06,1.2777406990134577e-06,1.7293438939261496e-06,4.0578061918556535e-05,0.0,0.0003437314086841489,1.905340995290994e-07
1158,1319926,10,5.33568640133375e-06,6.507415992174082e-08,5.111828692600656e-05,2.0133698357821528e-06,4.9321633530031994e-05,2.496137975975532e-06,5.291740522023192e-07,1.711760104126936e-06,5.596651507025485e-07,8.700877185928435e-06,0.0010850390027480408,2.0083307777918336e-07,1.4974928546455935e-05,1.88346490450908e-05,3.002682488358055e-05,0.0001378250899347344,9.178579992386027e-06,1.1223839098822852e-06,1.24826689838764e-07,1.6625172810279254e-05,0.00010753325746323816,0.0,2.5889202278014944e-06,5.402240425139704e-08
1159,1878335,10,4.203183074338174e-06,2.2204156104009554e-06,0.00010650216974212104,2.992926703679344e-06,2.8907852963607622e-05,1.4473016823543516e-07,1.434219434950923e-07,1.652921602254137e-06,1.2939815840704028e-07,1.303243605476484e-05,0.00014835270703315168,3.3278024835770026e-08,7.182704904455661e-06,4.032283468939635e-05,0.00013224996739760048,0.00024149189795391948,4.480396703296363e-08,8.008813199449072e-06,1.2320214673643137e-05,1.8569266476906043e-06,7.076436380263479e-06,0.0,0.00018823818507980247,2.0255243350641994e-08
1160,1259585,10,7.289935434667827e-06,1.6390301384207329e-06,3.611582118298595e-07,7.023363113610459e-06,3.3384484549627e-05,1.5192186153881182e-07,2.2910225732850065e-07,4.632959930854497e-06,2.8567408507686187e-06,3.803691720084129e-06,0.0006081171597358999,3.091432935139679e-05,2.3408363824112266e-06,7.726406918735079e-05,2.4305077733294267e-05,0.00029343838283726886,1.2379057406919358e-07,5.905880194150698e-06,2.631861576384703e-05,9.136779852182697e-07,9.304081984386203e-06,0.0,1.0213327950731044e-06,6.032929342411619e-07
1161,1452059,10,4.1602171847461566e-05,2.587315796470646e-07,5.7455629622692184e-05,1.4702849632231008e-08,7.62036812333583e-05,1.46464595654483e-06,4.200323062697464e-07,2.3498968496002415e-06,2.044294806005653e-06,5.3357778901086395e-06,8.351593369558541e-06,1.238930842584196e-05,2.0730284660194775e-06,2.0702033675108755e-05,0.00010444783067007496,0.0005340713088623078,6.81017963182623e-06,2.097599294953456e-08,9.005501211412081e-08,1.21471139419016e-05,1.6483346706092084e-05,0.0,5.460944601035078e-07,1.003484598541271e-07
1162,1330903,10,4.326694167097744e-06,3.1483175821217513e-07,2.2209613563285713e-06,4.2347866823291835e-07,7.322792819899546e-05,4.236981746598423e-07,6.678227031445272e-08,8.114988804194812e-08,9.607461252045257e-07,2.4650603443268637e-06,0.00013853412914576965,2.332959244082458e-05,1.455552432125251e-07,5.049206287383035e-07,9.057731259476398e-08,7.894723587018038e-08,1.7163568740950763e-06,2.0071220233976866e-05,5.269056075826728e-08,2.3843766026668267e-06,9.940078695711008e-05,9.093486692812736e-10,6.084076708944702e-05,1.4538921715850917e-08
1163,1338278,10,1.7722263933098864e-05,7.274331519091515e-10,7.499500125276656e-05,7.02052325036312e-06,2.494888585879637e-05,7.280538190726493e-08,1.1003598851533347e-08,1.918493905742752e-06,2.9051480544481367e-07,1.1695931703917944e-05,0.0002286128175512346,5.183979077949541e-07,2.3705305486239336e-06,2.430426864409238e-05,2.5299060661673062e-05,0.00018036454390856632,3.123621499893925e-07,3.3836486138701105e-06,8.269931332759162e-07,1.4465774707782264e-06,1.552198265654045e-05,-3.071332077553279e-11,7.974314530981297e-05,6.835747931172031e-07
1164,1285317,10,7.957622721876945e-08,5.481376292616746e-07,0.00012454654848048294,1.9899888013263922e-06,3.43893546552905e-05,7.748326937562222e-07,1.1922967431410303e-07,1.3269467272654378e-06,1.3853338731717457e-07,1.122339963456967e-05,3.842327523050776e-06,7.304017917222905e-08,1.4592691157794963e-05,5.499013744428294e-07,3.973924331962531e-09,8.12403718762969e-06,1.3456017828906985e-06,1.3922874665985019e-06,4.452817064397319e-06,4.049411934256564e-06,4.0020927150885566e-06,1.010949338131617e-09,5.837149477743234e-05,5.976369777532797e-08
1165,1876287,10,1.082352878571842e-05,4.3563865734057294e-07,5.062617872841554e-06,6.916028630964827e-06,8.465103625720366e-05,1.2992316677541693e-07,2.102704563244906e-08,1.2519988443031316e-07,1.0196228126587575e-06,3.459271638209249e-06,8.630323501056247e-05,1.4061853266605917e-05,6.969096268603231e-06,1.1289670323325757e-05,1.4881602220413737e-06,1.2103624893577275e-06,1.3631602130761977e-07,6.450806308212764e-06,2.9237762097927833e-06,4.4130503235560725e-07,7.72831672840417e-06,0.0,0.00012232335248144564,2.1915621536104657e-07
1166,1264077,10,2.5345983784008652e-09,4.203252527007484e-07,4.351743794067664e-07,6.698107017574784e-07,4.5103293849622916e-05,3.305501705685998e-12,3.179452305601682e-08,3.75082426208595e-07,1.5343634278686125e-06,3.878991175709778e-06,0.0001102494876984994,0.0010995828388876347,2.5256039701895827e-06,2.265591470130418e-05,2.6229085149445663e-06,0.00032184118034496445,3.3477028816425447e-07,4.883832356479545e-06,7.125658208498309e-06,1.0179013053765451e-06,2.1593831987312684e-06,0.0,5.765369319662983e-07,6.858901686196406e-08
1167,1432141,10,4.515733007595668e-05,2.0461583866288047e-06,3.8439677876415945e-05,2.6250447533321397e-06,3.225654603096484e-05,1.2774916768321098e-06,6.006821865918444e-06,2.924848136839908e-06,1.6906585776979566e-06,3.0636845738812868e-06,0.002973521480911269,0.0009991936819842909,2.191438742325802e-06,1.3467281108486828e-06,0.0003515613186009306,0.0008555621156535118,6.889339951091089e-07,1.4287244252446374e-05,4.556364197232099e-05,1.946479722750305e-06,0.0004605316708230847,0.0,0.0002442973632373058,1.3366580451854015e-06
1168,1279501,10,4.6553854521347304e-10,5.90818052721015e-07,3.0469110724393178e-05,5.115704877073357e-09,7.081597999450406e-05,2.974954657619655e-11,1.5031054412945055e-07,1.706180245145822e-06,1.2306441053711037e-06,4.0392789082688285e-06,0.0004950597823765862,2.3522485229764134e-05,3.020373541932908e-07,1.183182867135757e-05,1.7222350282012494e-05,1.1668241085144304e-08,5.305728087330597e-07,4.120792974082049e-06,8.641272201747457e-06,1.4046778468307375e-06,7.6166158637404335e-06,0.0,1.058261277320921e-06,7.349522960706234e-08
1169,1283855,10,6.604626715013551e-06,7.075237039466664e-06,5.243223242079598e-06,1.5886378401663848e-07,3.679006490410475e-05,3.289625404023777e-08,6.278188241851113e-07,1.038231655509092e-05,4.046878131214182e-09,1.9044268543821907e-06,0.0020385229520034492,1.0562151222595628e-05,1.3176285374005836e-05,2.007090744124418e-05,0.0001505527451177019,0.0004622505781365846,3.4589754185354593e-06,2.7562275435689954e-05,4.198920544463969e-05,4.46936784241625e-06,6.101260089007299e-06,0.0,0.00016384018783949933,1.106317938384671e-06
1170,1942106,10,1.2834294328689655e-08,9.59052594933646e-07,9.79792236593946e-07,1.4382040686364284e-06,0.0008066823921380369,5.597231667736624e-09,8.176781484889317e-08,9.095373166949361e-07,1.440770947803982e-06,4.2435031059294415e-06,0.001211039053901599,2.400889722940433e-05,2.0108649537858847e-07,1.343901549450549e-06,7.220586822273556e-07,0.00028934004215377257,9.221897258465672e-07,3.027100972829988e-06,1.1763350013963697e-05,2.1382786937022835e-06,3.918587094413339e-06,0.0,1.317723962970807e-05,1.5031168945287e-07
1171,1315890,10,2.5806037651232572e-05,1.4861935758309075e-06,2.381356950508645e-05,1.2998646187201146e-09,0.00011652181931430527,1.1452843044629235e-06,5.4509326941065694e-08,9.364553568702583e-08,2.36702109125686e-06,5.854849548299346e-06,0.0004198366294466474,1.615907499678826e-05,4.120773612184547e-06,2.1436518330690546e-05,7.78432072936347e-06,0.000688011987442276,7.891986464211853e-06,1.7573309212676191e-07,6.0522686914019075e-06,1.3815007148559877e-05,1.5602872948383695e-06,0.0,5.806265113658671e-05,4.965107491816667e-11
1172,1595127,10,3.590988002268036e-08,3.601698707663553e-07,1.998094135668982e-05,1.0005519823913511e-06,6.353090899864806e-05,4.813872169287525e-08,7.531980773974045e-08,2.1811971363978888e-07,5.327851347308038e-07,3.028321861674871e-06,0.00013548885608453097,1.9184130530671556e-05,3.2401090099241914e-06,1.927187616849839e-05,9.18153437706043e-06,1.276151920394375e-06,3.2523767096170886e-07,1.3104725442809884e-05,2.5969052074893695e-07,3.7254597646391163e-07,1.6727986951977844e-05,0.0,3.605246257677719e-07,4.3373561100373825e-08
1173,1259561,10,1.4396647095883675e-06,7.297315438373198e-08,1.2094534924574074e-06,2.0256319990460958e-07,2.1723029097864277e-05,1.1592624776790572e-09,4.010426567224723e-09,2.7340339551693016e-07,6.084770493644531e-07,3.496298981820606e-06,2.8196370550525457e-05,1.8489952940150406e-05,6.240933852590114e-07,1.020132876845825e-06,1.5874783315730778e-06,1.90969994817089e-05,6.438085987936493e-09,8.065210273178886e-06,3.9537616236540174e-11,1.5239629260269116e-07,5.664749205071956e-06,0.0,1.6891897089945512e-05,3.032948360862098e-08
1174,1643338,10,1.0003388253576606e-06,2.8176109496264035e-07,5.169669105548058e-05,7.386889931682017e-08,0.0001213295768930922,2.5570460193691247e-08,3.9160094791879096e-08,1.4622926613264142e-06,1.6905664693978029e-06,4.161614931219582e-06,0.00023195325880772527,2.1068777967071795e-05,6.237090161773096e-07,1.6646994143554306e-05,1.9625370049000668e-05,5.7446543383354864e-08,6.402604913469112e-07,3.842917399944634e-06,4.041256654999104e-06,1.5350024408153362e-06,2.9184909465518327e-07,0.0,1.2558260635009422e-06,4.1624599225742465e-08
1175,1850154,10,2.4024510772366336e-06,4.121258104866632e-06,2.190975526700223e-08,1.9032936782181764e-08,0.00020051293695021177,3.0491129637821857e-07,1.063009988852559e-07,2.8180189288323776e-07,2.404109181619596e-06,5.7616860580783635e-06,0.00011728999397050272,2.4500929613403832e-05,4.1044622935831887e-07,0.00012589054443488262,1.5368595838206878e-05,0.0009193022402046586,5.905409741734091e-06,3.8033529797809607e-10,3.0359946157756945e-05,1.0617979168070502e-05,4.9985925836174006e-05,0.0,1.4213462540803301e-05,3.0960367682075773e-07
1176,1328089,10,2.402091172776233e-07,1.3937949871409283e-06,0.00021083112371720475,1.3455036861897973e-06,1.627477558362872e-05,5.625269875811356e-07,1.2870298807948766e-07,1.723043879554853e-06,6.0083257397147705e-09,1.2320934093437708e-05,2.5199978332966777e-05,1.2928755026286876e-07,1.5288721682722717e-05,1.3987570720110087e-05,1.0434269766795845e-05,2.470197349895009e-05,4.6296383245103545e-07,3.098685180759342e-06,9.363997952947789e-06,2.7667553428797897e-06,1.3936834620878469e-06,0.0,8.941538347378986e-06,8.27499318373226e-09
1177,1345458,10,6.124792865241924e-08,8.272626838418118e-08,6.149609271234591e-06,1.444294059349538e-10,0.00011322516037178681,1.145659958255718e-06,8.623995719631017e-08,5.969923010246125e-07,1.6832698264412915e-07,1.0693351464564904e-05,2.0116702720979207e-07,5.178741038086576e-08,1.4669220788778026e-05,8.275022948117661e-07,4.883432757715744e-06,1.7221925588839504e-05,3.167005942064649e-06,1.9304077011894627e-07,1.3214906468134169e-06,6.8148000186493696e-06,1.6887976134333238e-06,0.0,6.988918352701656e-05,5.852067014311402e-08
1178,1512101,10,2.200297030321291e-07,4.536193330151664e-06,3.002977666003402e-05,1.0842127855931194e-07,2.6161255782843063e-06,4.083985701425208e-07,3.9189528358574144e-11,1.7559500609248824e-06,1.5646650936701478e-09,1.9589020228728826e-06,0.0005880611198257231,0.0011526016175019069,1.2095622357963937e-06,2.6625324978714685e-05,4.569718794050076e-05,0.0004100613070884204,5.017258041807929e-06,3.214857482849477e-05,1.5839663776278864e-05,6.90017993068906e-06,3.2717037953620964e-05,0.0,5.328864780542071e-05,3.0407710922483733e-07
1179,1326273,10,1.6771082300692797e-08,6.012778612785041e-07,1.398118183715269e-05,2.9249349609017372e-09,7.54967040847987e-05,2.618617145344615e-08,2.692831913009286e-08,7.768685463815928e-07,3.8562575355172157e-10,6.004469469189644e-06,5.3375246352516115e-05,2.148881321772933e-07,2.896049409173429e-07,9.371578926220536e-07,9.004426829051226e-06,1.1457159416750073e-06,1.2514647096395493e-07,9.256618795916438e-07,4.023371729999781e-06,4.6307104639708996e-07,6.397989636752754e-05,0.0,4.605681169778109e-09,1.928128767758608e-09
1180,1305807,10,1.231056491024507e-06,3.959476318822486e-06,4.057455128615717e-05,4.750607469024282e-06,7.518542496735836e-05,2.784981693502997e-06,2.982222858244343e-08,1.985611445848301e-05,2.75508803736918e-06,7.612967031910001e-06,0.0033177568628488807,8.653515853190852e-08,6.654991695817514e-06,3.3060957501912513e-05,0.00043263926786749757,0.0005846683859488458,1.7808754875246746e-05,6.399333482280667e-06,1.6238870487253476e-05,2.9029611405266553e-05,0.00034894279070516593,0.0,0.0011424380690702798,7.744363952344457e-07
1181,1895233,10,6.917870451591396e-06,4.12865560142639e-09,2.5100537078933532e-05,9.623962997362678e-07,8.156674439455461e-05,3.3763706902903423e-07,3.5908997025879685e-09,1.620921155814567e-05,7.592954538726548e-08,1.1628288660886499e-05,6.40004646370318e-05,1.5311506541132447e-07,8.06780723830447e-06,2.4207463340000096e-05,2.8090881116746985e-05,2.4653775045936632e-06,1.1885967275485076e-06,1.5134577270314864e-06,1.1108091920244978e-07,3.0560171747004428e-06,8.646396674416579e-06,0.0,0.00023654620223149264,4.128431709445046e-07
1182,1266830,10,3.1225268742884893e-07,5.426591292271438e-06,0.00014908282844082812,8.643040344154251e-06,3.929792709783664e-05,1.7543952020998566e-07,1.6363815264625048e-08,8.012465755036918e-06,3.6469123111219914e-06,5.953346307745883e-06,0.001689210017629568,2.7247415165524563e-05,8.642043730217042e-07,9.662609560367325e-05,0.0001297303136704557,0.0022867496637790155,5.5212191238523944e-06,1.5213410878289757e-09,4.1086392275933165e-05,1.0000804490459952e-05,2.227828548724206e-05,0.0,9.005817586528464e-05,5.640955408961479e-07
1183,1248936,10,6.451734183447744e-06,2.3112624723403696e-06,0.0002986022499597632,3.2573764775778447e-08,2.434074450803625e-05,1.5888770646954598e-06,2.9768035356841915e-07,3.5832133354618545e-06,1.3272545978937345e-08,1.1833741176997536e-05,8.37224864270597e-05,1.0620871136665655e-06,2.5002141636351616e-05,4.542871223587458e-05,2.6423320067490985e-05,3.352609608973933e-05,1.8236823321263196e-06,1.0029194197833102e-06,2.237687902323371e-05,5.812396923265961e-06,1.2180070030266832e-05,0.0,3.1588259029019516e-05,7.754130232351386e-08
1184,1291222,10,4.084747962977697e-06,1.1935638660406922e-06,3.047222192067295e-05,2.580590744096639e-05,6.22222587834953e-05,8.336953466470121e-07,5.885058092167106e-07,3.5581734351766703e-06,9.258196888781156e-07,9.925016809846088e-06,0.000124324365836051,3.856924033554532e-07,4.207456041599444e-06,0.00010383862342463329,7.18257175081477e-06,7.9928606635922e-05,5.522582310547863e-06,9.621979130125524e-08,7.954319382032227e-06,9.652002038652852e-06,1.7948635331749285e-06,0.0,8.099909887113871e-05,8.211578149536214e-07
1185,1290394,10,7.951340455017442e-06,4.755012316878804e-07,1.8491509778326143e-05,1.1901836186947734e-06,6.232019638496844e-05,6.998460824053643e-08,2.3845447484627247e-08,8.209866034919466e-08,8.282944774298806e-07,3.765829546281685e-06,2.0792224107973878e-05,1.505381789736887e-05,4.797781411318425e-06,3.091471189421019e-05,1.988266557687024e-06,2.9315085873365954e-07,5.069153248549174e-08,7.343936204343149e-06,2.016737972149185e-06,2.364820251010702e-07,4.328930026942235e-09,0.0,9.00607074880641e-05,1.0469607820279281e-07
1186,1643063,10,6.88470696286192e-07,9.059917984929888e-06,8.226708899163743e-05,3.365568177968181e-07,2.1053660112395345e-05,3.041686935933985e-07,6.852986953603812e-08,2.328300501703434e-05,1.7854325585348052e-07,1.822967284334509e-06,0.0007273818358814049,1.26759950240668e-05,2.9607082504407023e-06,1.3930547594978582e-06,0.00010302316204616191,4.872164109426258e-05,6.606688944262029e-06,3.721178171554179e-05,3.8812831032471184e-05,9.126544751533738e-06,0.0001552540062115318,0.0,3.6105110297404708e-06,7.752904707600261e-07
1187,1302353,10,3.647978938370322e-08,9.029648991402961e-07,7.895755031274432e-06,1.0404376795877801e-06,9.169988467404994e-06,1.2275938920947027e-07,1.4108231943810168e-11,4.2898994890433473e-07,1.7610318506916522e-07,2.95815524426965e-06,0.00033856020758506536,1.9097327276958176e-05,3.1328717451720167e-06,5.931641066207749e-07,1.648347874078776e-05,4.6240106270713927e-05,9.600348768214195e-07,1.689253096465171e-05,1.210451114279365e-06,1.1645062016792107e-06,5.475513947479638e-06,0.0,4.264137860906375e-05,4.86883742351063e-08
1188,1251436,10,4.045222662961423e-05,3.960848798584271e-06,0.00010241479468818537,4.2458132154532535e-07,0.00013964292419946234,1.9888895725905797e-06,2.106667175913457e-07,1.7747746483554039e-06,2.690331665125556e-06,7.3996982813823164e-06,4.872233593188058e-05,1.6159966141703064e-05,1.2504591910544871e-08,0.0002365456588484527,0.000394818778150334,0.003666302094650069,1.4440885259286995e-05,2.5947238284640406e-06,1.3840972345455227e-05,2.4569332521207077e-05,2.1041873320346016e-06,0.0,0.00018387404412942288,1.0351337169367536e-08
1189,1328103,10,6.910423206440974e-07,0.0,4.625356411526449e-06,1.1712263047608529e-07,2.4733484203516565e-05,8.419305807388922e-08,4.4512341244168363e-07,7.780431501777652e-07,1.2115241124627252e-06,3.686679644988866e-06,0.00020249577690013842,2.2754922617163054e-05,1.2338853173296527e-06,1.616105414405794e-05,2.6899713137379377e-06,5.505781896857076e-05,9.114146094085784e-08,1.0630322418554716e-05,1.690372773331672e-06,2.313076424842464e-07,7.130286529474783e-06,0.0,5.065230094990214e-06,1.9593753078361864e-08
1190,1320278,10,2.0341424618562642e-05,5.785932359197998e-07,3.1923040219497545e-05,1.3660057353315214e-07,2.7402583819953474e-05,3.0147252467332963e-07,3.429085116968267e-07,2.4207704373349626e-06,1.3703244738441644e-06,4.2860306667807935e-06,1.7523882973879967e-07,1.2745197095910543e-05,7.755871436615491e-07,5.245373887623195e-06,1.7220175042853558e-08,0.00023195186331369244,4.88885709200304e-07,4.665744064054345e-06,4.0004615013064515e-06,1.1589646246243368e-06,4.329536616556884e-05,0.0,3.0360546326532734e-05,2.41513935600457e-07
1191,1466032,10,2.0275766596591915e-07,8.12197612880261e-07,6.00248288027197e-06,1.0198193096180863e-06,1.8237934204086426e-05,1.4602504640540137e-07,6.524092752147048e-09,3.105765642337499e-07,2.1197866479846783e-07,3.2063334566151402e-06,9.244187034337936e-06,1.9713663300349737e-05,2.496755712538823e-06,7.587750324063169e-07,1.0891882594291774e-05,3.733468244168647e-05,9.604384303141256e-07,1.697444330229364e-05,6.903649563405612e-07,1.220930749161464e-06,5.109052834885441e-06,0.0,4.251037979692909e-05,1.2463103857968116e-08
1192,1562098,10,6.002769452357476e-06,4.410155253941478e-06,0.00012100024323125069,1.79542348343123e-06,1.4552530024251192e-05,6.243856719850838e-08,1.3803210742457939e-07,9.716027331175409e-06,1.971220525698314e-08,1.5210236284549095e-05,0.0003944193272011724,5.738673210242684e-08,7.507384810291617e-06,2.6625299286913567e-05,0.00012791571707735164,0.000204489572913448,4.627647936066015e-07,1.1491647362839308e-05,1.8835176715484292e-05,2.5837300597630897e-06,2.499984424733301e-05,0.0,9.60716591908578e-07,2.0854238405587644e-09
1193,1777216,10,3.387473254296003e-05,1.3812024475534646e-08,2.016006714831986e-05,8.595968253866104e-08,6.16183065054593e-05,8.862723854946575e-07,6.445213835207242e-07,3.0001487629355283e-06,1.1899032957424227e-06,5.4313108385287134e-06,5.859545400187238e-06,1.2817086447361459e-05,1.2126448179702876e-06,7.448080524314477e-05,0.00011130556211656761,0.00034969287348095984,3.5349293754233235e-06,5.510749886139532e-07,1.889246533104405e-07,6.503851222514068e-06,2.673164838805364e-05,0.0,2.8226348964960346e-06,1.8720341944666874e-07
1194,1634024,10,1.521026841357423e-05,7.274331102757881e-10,4.762445514339131e-08,1.5285541030835015e-08,3.0719406905375946e-05,3.3723636996135786e-07,6.149124959567431e-08,1.854308506431257e-07,1.1647205496768953e-06,4.883113768287123e-06,3.1470014318829564e-05,1.53646243910531e-05,2.372576606252813e-06,3.684457434873986e-05,6.32025660757922e-05,0.00037094752433667125,1.488321623006883e-06,2.2191349155278872e-06,3.953761276709322e-11,3.0379198573508848e-06,1.1832885773707669e-05,0.0,3.7260716028754415e-06,7.006972043213655e-08
1195,1255142,10,3.528495736470488e-05,9.693596746129796e-08,0.00012476871372659598,7.317742904688895e-08,2.5527622542292905e-05,1.3237134512469884e-06,2.287306023460167e-06,8.18798215285188e-07,6.740866954069169e-07,2.993967303167866e-06,0.004607696602645747,3.3640822308320106e-05,4.110250929820203e-07,3.624127770383845e-05,7.408874870759585e-07,4.7748144920575775e-05,2.560418938514497e-06,2.256266169545912e-05,1.2532455324461289e-05,4.101491762581455e-06,0.00012254522807190332,0.0,4.3033669229620986e-05,4.684149697772866e-07
1196,1448122,10,1.678655512440952e-07,5.932126891268485e-07,1.5130280906008875e-06,2.892949464358696e-08,6.344157887907056e-05,7.387963474221604e-07,6.476541881961229e-08,2.7813375895816006e-07,5.6730206053623444e-08,1.2460394381911405e-05,8.178929145310349e-06,5.6167834574377684e-08,1.4668978665078464e-05,1.2771055870192116e-06,3.757682169026194e-05,6.350358667746997e-06,1.2983096643395808e-06,1.4384756646147745e-06,3.958450725507351e-06,3.960590499486882e-06,5.6631085052633034e-06,0.0,7.656091687638714e-05,4.809643319378387e-08
1197,1849244,10,7.84127603656315e-06,3.726228817415439e-06,0.0004124971744566483,1.0758436919385689e-05,8.008128422195074e-05,8.547801341046712e-08,2.401244507538314e-07,1.954654405102174e-05,2.8575258425311834e-06,4.974014475977312e-06,0.001804550522178313,3.237608802077532e-05,3.4595940197994224e-06,0.00026601660406294636,0.00020164151044880368,0.0004076371784782033,6.569019599667048e-07,3.422814608439184e-06,3.85648768537368e-05,2.007862042161662e-06,0.00032076872201306644,0.0,1.0240029412807161e-05,7.202633420244631e-07
1198,1253243,10,5.183767830205244e-05,2.2074815077960386e-07,4.2417779437461944e-06,2.159010338828593e-06,0.00019722382808589484,1.1636809321008412e-06,4.4540852695007516e-07,2.682743388535136e-06,7.556565327221376e-07,5.33394351710792e-06,8.234708914020561e-06,1.0045993440753465e-05,1.0805490965465347e-06,0.00020164010718191905,0.0001782197571526256,0.0006355443681721057,3.201465007984794e-06,7.556042805056951e-07,4.367511000788471e-06,6.072726815811724e-06,6.199411859052206e-06,0.0,1.9270051041977987e-05,7.652863550020039e-07
1199,1337228,10,1.9061489104979512e-06,5.8113893864758515e-06,6.27275023056123e-05,6.56679742944144e-07,1.718992040036088e-05,7.923822177222095e-07,6.113340350957785e-07,3.4428452101789575e-06,1.0861620151209062e-07,1.4063222483221005e-05,0.0002883217184009093,1.063477076276853e-06,2.5807340446042104e-05,9.418296115712432e-07,0.00023716332931841833,0.00020306297671583012,6.590714657361829e-08,5.476569991960667e-06,3.782598444120738e-05,2.906536246571889e-06,7.089521004352561e-07,3.604993817352131e-09,0.00024901055859734983,1.4720310363702804e-07
1200,1773189,10,3.3473576889764267e-06,5.344843408833233e-07,1.3033712130114394e-05,5.165736487039441e-07,5.322451009699691e-05,5.474762740376171e-09,1.548205513651757e-07,1.118978785741298e-07,9.400537506892848e-07,3.8797737946932864e-06,1.9470982645652946e-08,1.6644187919745423e-05,2.372688518950672e-06,1.0049985346510804e-05,9.119425162795736e-06,2.0157960839525813e-05,1.2338896113184283e-08,9.549656803928275e-06,1.1677682797972544e-06,3.330759756892121e-08,3.4984395844983585e-06,0.0,4.536913537883658e-06,1.5110947773622208e-07
1201,1281691,10,2.3691208145583398e-06,3.998868595256333e-06,3.237500168138535e-05,1.2998644556561079e-09,2.3421117558933974e-05,8.263749060044567e-11,1.3752890634412263e-06,5.417033199159316e-07,3.2397666641648115e-06,5.379916512733562e-06,0.0022316170565668744,0.0010581986779616623,6.756084872105994e-08,1.0174282252566752e-05,8.526737765576081e-06,0.0004384835369188912,1.562439537410032e-06,1.8215687366505973e-06,3.5046059958927095e-05,3.4871319901409736e-06,9.732170880273616e-06,0.0,1.7978181416297007e-05,5.715913431632302e-07
1202,1335854,10,9.609722666878429e-06,3.02739444044825e-06,6.625939832037575e-05,6.917248356497208e-06,4.894475831559303e-05,6.890071505977202e-07,4.923573197063158e-08,4.639574573028771e-06,2.101500800877343e-06,1.0239790676103144e-05,0.000585640169863906,9.024695242706993e-07,2.4024243374595744e-06,3.733191906384048e-05,8.099643944922685e-07,0.0002271044326066507,6.3487706609272054e-06,3.0173367862595946e-07,1.848971170546887e-05,1.0661702926371974e-05,8.519214423471921e-05,0.0,5.381768568284151e-06,1.2803227981000864e-06
1203,1910065,10,1.060777121836276e-06,4.9287321928701e-06,1.3397551639253436e-05,1.2098381829139804e-06,6.06710536152702e-05,1.9348029731136585e-07,2.267108436676546e-07,7.7204696287414e-07,2.5606723743493154e-06,6.302358127430185e-06,0.0006076253845896176,0.0010784668251473256,5.675328616089326e-08,5.9601736412777384e-05,1.688051584347594e-07,0.0005736054715380842,4.931776590590131e-06,4.3252327878995356e-08,3.1471407784255945e-05,9.064161318177166e-06,1.052353538685824e-07,0.0,9.184423104532935e-06,4.094691077871637e-07
1204,1320447,10,1.2531879729420908e-05,1.0242280618095317e-05,2.0612594387785232e-05,3.0977226691090987e-06,3.052559588111875e-05,5.250045478216725e-09,3.0805423314669844e-07,1.3138101545379088e-05,1.8852373426248015e-08,2.5613366078994226e-06,0.0017322270699482306,9.612180193161596e-06,5.200334977962379e-06,2.3816589560011342e-05,0.00010221250583574218,0.00012837017549349045,2.9603914584834523e-06,2.60116921694184e-05,4.761219819530982e-05,3.7859747773517916e-06,0.000107538507728034,0.0,0.0001692606608049499,1.2193502742473272e-06
1205,1330339,10,3.136013247908437e-05,7.360645598933346e-07,2.256250697375839e-05,1.2109582601650681e-05,0.00010086299156825823,5.195980107217113e-07,1.244805706360208e-07,4.277020708418067e-06,2.1297729783931185e-07,4.709223563714726e-06,4.0833466220108194e-05,1.128588362435401e-05,7.504464705834768e-06,6.593281062024225e-05,1.0378881733219547e-08,1.252862246184372e-06,9.003934620110954e-07,3.5358851915301415e-06,5.952189414418219e-06,1.9408515574831364e-06,7.974389292734335e-05,0.0,2.132295802217965e-06,3.7848948378910174e-07
1206,1247570,10,8.648194392488207e-07,1.7441867143017098e-06,0.00022800984517581946,1.7430096991705168e-06,1.788018654585999e-05,1.0219376984643702e-06,4.329858927232255e-07,4.9248006685348455e-06,1.80823509707273e-08,1.2888673691237307e-05,1.4440788335484678e-05,4.112620951429724e-07,1.0759924221094563e-05,4.637706074468034e-05,1.8576871729916733e-05,4.580180865562666e-06,1.1883949205052091e-06,1.6917545643049814e-06,1.2673789488423792e-05,4.207205607238695e-06,1.9625102563071428e-05,0.0,0.00015202924595437983,1.2412779137882524e-11
1207,1258400,10,1.2111294799103944e-05,1.930971596404707e-06,5.505504882152845e-05,4.243907624469634e-06,2.4318368202908003e-05,4.14618491970109e-08,8.61087420048201e-08,5.2284470412056194e-06,9.420351103350821e-09,1.4821842451197276e-05,0.00022230761423470968,2.0134459384479886e-08,2.3697422343385566e-06,8.46638473088468e-06,4.774887691490204e-05,6.544976454598422e-05,1.0369863480408359e-07,8.643436105147673e-06,5.760596111126226e-06,1.6471344662094545e-06,1.3840112508323177e-05,0.0,0.00033525513218345127,1.4461172662127986e-08
1208,1282966,10,5.346236901342116e-07,5.788232164023743e-07,5.476385043882981e-06,9.739792813934223e-08,7.540183892764882e-05,6.568531135432709e-07,6.61144825969684e-08,3.303474681790042e-07,1.103172582242462e-07,1.281642408208078e-05,4.92867080982215e-06,3.4445693488510676e-08,1.4288317949532475e-05,5.331859320306664e-07,3.215028812687121e-05,4.78193777679603e-07,1.1241128053049443e-06,1.6655297234088873e-06,3.422233755299292e-06,3.57338402877036e-06,1.040959787153295e-07,0.0,0.0001274637669959021,4.175175047707591e-08
1209,1847028,10,2.0878690152603685e-05,1.2489929911152498e-07,5.80169893579785e-06,2.655893395278608e-06,2.9633777314283516e-05,7.70197865415656e-07,3.8763009385656133e-07,1.2756742678310395e-06,9.240670439253362e-07,3.496911226669175e-06,0.0016752651027657356,3.079695920564507e-05,1.714462627297464e-06,3.5755686430494205e-05,1.2954490621358561e-05,0.0001885064988488977,1.2521040438917552e-06,1.7633913320255767e-05,1.0178120532264301e-05,2.094793115539617e-06,6.708607163494196e-06,0.0,2.3037224095856512e-05,3.2981337400039834e-07
1210,1252810,10,1.1972435266169312e-05,1.393250312980987e-06,7.140253310005187e-05,5.7601241717636364e-06,6.397358443180345e-05,2.9234420856685817e-07,1.127496349895285e-07,6.709000987675795e-06,8.102445188708229e-07,4.369210782794591e-06,0.0010478183676998973,3.102627606626357e-05,0.00013782828020132004,4.452096317789089e-06,0.00014640984790940947,0.0006708105946906968,5.8652593198926795e-09,8.585620613177358e-06,2.1530528254976727e-05,5.63587060097015e-07,4.678712779838945e-05,0.0,6.756959327181358e-05,3.0935279627872236e-07
1211,1435033,10,1.4363655217258797e-05,2.2277636194112382e-09,2.332661702804731e-05,7.402963515777683e-07,4.9157307468086775e-05,2.998166196803431e-07,4.9869108009747976e-09,2.5537240585377097e-07,1.2748443811994026e-06,5.1522785766526524e-06,2.8621188325105018e-05,1.5680104288911395e-05,3.7615201848792412e-06,6.100088242227963e-06,7.840077069817819e-06,0.0001229871785631241,1.4148125432877912e-06,2.3392879975707437e-06,1.8755101097167604e-08,2.878588814651112e-06,4.0955474159970473e-07,0.0,1.1763828668295145e-05,6.75806390015854e-11
1212,1501158,10,4.043138119691481e-06,2.167793267116025e-07,2.540046465923651e-05,1.90946815056825e-06,1.2301101765518907e-05,9.963761581077701e-08,1.6522227397341993e-07,1.523807618558637e-07,9.078301720227833e-07,5.064661423609396e-06,0.00015575409425487574,1.9185089712173142e-05,2.0474273046133806e-06,1.616468548538974e-05,9.853810537946428e-07,0.00014351967976385105,9.639458295601644e-07,3.1015970925613034e-06,2.1923710389198936e-06,2.08326763219413e-06,1.5874569615631495e-06,0.0,3.384561437086431e-07,1.379196479245337e-10
1213,1255382,10,6.099091714614063e-06,1.1618124264381469e-07,4.198861400211279e-05,4.796771233970404e-06,1.9081377856298987e-05,3.3477316857891126e-07,5.031167874328113e-08,8.088729595501915e-06,2.3890150157787615e-07,1.2960741319754943e-05,2.3135951407043942e-05,6.146159534786699e-08,3.497019028346482e-06,9.213531986310142e-07,5.663673426491156e-06,1.4061407119334013e-05,8.090261679853661e-07,2.1607724766288527e-06,1.927281222981192e-07,2.6072094728921136e-06,3.8386046456381773e-07,0.0,5.3727133701036295e-05,3.028922928131894e-07
1214,1340470,10,1.1628039501738324e-05,4.546457307852414e-11,3.931249751683297e-05,3.5726645534021884e-06,3.456956925882923e-05,5.478396050452583e-07,2.0813257422744313e-07,4.419566727323354e-06,1.1675215184463184e-06,3.4969370889398332e-06,4.290195020659887e-05,0.0010725629662123246,4.491998083500093e-07,6.021884141002923e-05,2.5100070739123015e-05,0.00014089684273779074,1.1246208804702174e-06,1.7223233066923638e-05,4.452926077778974e-06,1.7248550070562974e-06,4.6104253008778795e-05,0.0,7.755938641676452e-07,1.4864362607794335e-07
1215,1262055,10,1.1022333288868147e-06,3.5717586235953225e-06,0.00019209968671757977,7.38973290101419e-07,1.560920689684664e-05,8.648043568967867e-07,6.747949118229846e-08,1.7464525603888559e-06,1.0815011525916463e-07,1.3764599782931097e-05,7.191104395637415e-05,6.389483882748848e-07,1.9448446627629012e-05,1.135660874006239e-05,3.868902144158609e-05,3.881267544761369e-05,4.220461150977739e-07,3.3846649672500395e-06,2.265854247114618e-05,3.212169470266646e-06,3.489275444690243e-07,0.0,1.2887468926074674e-05,3.62950951654506e-08
1216,1770225,10,1.772239061728631e-05,3.220363117145686e-08,4.134501061013596e-05,1.0595217952644176e-06,7.214049778319492e-05,4.208395608731874e-07,1.2248220528088272e-08,1.4337363198058117e-07,1.1227964687304803e-06,5.38239343204211e-06,0.0003697924896233426,1.5288311707696567e-05,2.7554209351965397e-06,7.885280695652669e-05,3.8562756600982184e-05,4.1211290147114e-06,2.015351697533252e-06,1.6384234159463884e-06,5.771988847297349e-08,3.8689841711861406e-06,5.016925660530913e-06,0.0,1.1833928855037312e-05,4.660675991668972e-08
1217,1927254,10,4.621180528380231e-07,4.4931867158176653e-07,1.4364526570664893e-05,1.0162499476662479e-07,1.2341070986056357e-05,1.1546702219367155e-08,1.5092957181273015e-07,6.734917170070354e-07,1.4161796793588088e-06,4.972250264967393e-06,0.00021579570103993917,0.0011095556524503697,8.293233282538615e-07,8.880635112916424e-06,1.7222804452772522e-05,0.00015976903416218408,5.634160769527052e-07,4.0414521135789805e-06,5.382919904067807e-06,1.4163587905291486e-06,1.0889324506380138e-05,0.0,4.709997805760202e-06,4.148619373728346e-08
1218,1533035,10,3.497650265749108e-06,2.5609949823798828e-06,6.554971689165523e-06,1.4541144600227485e-07,2.374711594264889e-05,6.165111178513261e-09,3.361624353187542e-08,1.0813922995053793e-06,1.9453670366265108e-07,3.4233105493594596e-06,0.0001537599672043824,1.4900900971927256e-05,2.0170043132441973e-06,1.413908132529007e-05,1.6484656324401714e-05,6.272669377581364e-05,6.727042990289922e-07,1.56032548429344e-05,8.008755989878658e-06,6.733197809999369e-07,0.00011004144800829535,0.0,3.5283860362646247e-05,2.3021950903978627e-07
1219,1304652,10,3.9195746452148905e-06,1.2988793751701755e-06,5.343565491639987e-05,2.2502445149695516e-06,2.3587497277367114e-05,2.703615485134814e-07,2.2430803533340926e-07,3.2934627384843818e-06,2.593383889061551e-07,1.3988256660549953e-05,6.068404198267263e-05,2.2371623720207623e-09,1.5622128842276983e-06,6.401468950419792e-06,5.791126692798049e-05,5.8216430160733246e-05,1.3738812966804237e-07,4.452098321720832e-06,5.1526300541178405e-06,1.8983736145596064e-06,2.0520228972392696e-05,0.0,3.831612802417117e-05,6.954820425814079e-08
1220,1314162,10,2.5125425698324655e-09,2.1193081747861164e-08,2.3620824853097522e-05,2.2100440627212392e-07,4.8883406524449086e-05,2.3260783046236133e-08,4.430932787347075e-08,1.0358446039110403e-07,8.115285164006503e-07,4.163213004081123e-06,0.001688389537473356,2.097771643371979e-05,8.112555283761036e-07,3.317785105812904e-05,1.0562578156732977e-05,1.5141849416672182e-06,1.672199739094493e-08,9.486685632456582e-06,6.254500519720096e-07,1.3882129028600088e-07,2.51568865627938e-07,0.0,1.9523390528200513e-07,4.404327260537633e-09
1221,1487055,10,2.4009124209987964e-05,2.6063164543232986e-07,1.0178202595328978e-07,1.7403314123143332e-08,3.732745985628172e-05,6.730984319497368e-07,5.617202214966421e-07,1.3388145500239923e-05,1.4395250359719447e-06,5.906070122338458e-06,0.00053824018847759,1.505408735406194e-05,3.650599670300403e-06,0.00016512455611006338,5.7155843905039305e-05,0.0004596731891669259,3.5730300069758414e-06,4.918280620269666e-07,5.500800448823839e-07,6.597304947265903e-06,0.0002972170047078268,0.0,3.3872349287977777e-05,4.0059552244842145e-08
1222,1263580,10,7.864075335373144e-09,4.4940703468332455e-06,0.00014810890844978858,4.2032729650129386e-06,2.0041850528396132e-05,5.16830831243098e-07,6.183228549380693e-07,2.365581194541111e-07,5.5603278925620003e-11,1.4667083649673451e-05,0.00037674825268337736,4.6155051769414257e-07,1.8663347968267407e-05,1.9010764346689968e-05,6.989089072528126e-05,0.0002073607575151376,3.4505440109355856e-08,5.6180171075295715e-06,2.3814950135168933e-05,2.440542131547374e-06,8.123816119198768e-06,0.0,0.00014328039227451406,2.0158582636486955e-08
1223,1336384,10,2.190283719144537e-06,2.723494578322355e-06,1.513311487957858e-05,2.7215014686450545e-06,3.477096899261525e-05,1.2729605265715538e-08,2.088323411593429e-07,1.1717675624869917e-06,2.7892681031642386e-06,5.384237413152276e-06,0.0010323382762520046,2.830134836174017e-05,2.695593713970823e-07,7.586341852789877e-05,7.236353556875491e-06,0.0006220053647012433,8.292922493123578e-07,3.133321731105948e-06,2.460259698473105e-05,2.1124432046763786e-06,2.3234223906310608e-05,0.0,9.158383118946026e-05,4.0123706104497336e-07
1224,1315191,10,3.306161078966974e-05,3.4888347623038274e-07,2.9930231348479497e-06,4.080297227482266e-06,6.794492500387245e-05,1.537671405982266e-06,1.53982099543315e-07,3.6321175280080997e-06,6.888581224710755e-07,2.8216767279411192e-06,0.0014145124423497399,3.0139261144909724e-05,8.008257187559764e-06,1.2995475409324775e-07,2.883618479845168e-05,8.686187523612027e-05,5.0166964872498665e-06,3.091333872361213e-05,2.37187236728012e-06,7.582525998327261e-06,0.00040602211805835717,0.0,7.656167394325467e-05,1.7677987171338394e-07
1225,1770206,10,3.369373348729998e-07,7.274330998674472e-10,4.48111358436476e-09,2.4843100882021574e-08,1.7502490789286784e-05,1.7861792635243123e-09,7.134870800076798e-08,1.403366141281004e-07,1.1232586049729487e-06,4.494504813271766e-06,0.00041249513524387396,2.042999630988071e-05,2.044820692249927e-06,3.67240354497006e-05,2.808101599895141e-07,9.254409161109714e-05,1.4172018589914126e-08,7.672819738586273e-06,7.396093449525687e-07,2.290775632067532e-07,1.4455045740241479e-08,0.0,6.083704512140076e-07,1.3792127162570722e-12
1226,1300531,10,1.5287884914623462e-05,4.261350557144272e-09,0.00027622481588598924,6.378043912458331e-09,2.248598974610716e-05,1.3670837188672902e-07,5.269913629438183e-07,3.7689612559163588e-06,9.541500740201103e-08,1.3543346814894053e-05,0.0003833764907027401,3.253126022173536e-07,6.300320340553445e-06,6.115216096332088e-05,2.249230380529932e-06,0.00011620826010946828,4.903344447346192e-07,2.756800789559255e-06,2.8188246787436144e-07,1.8861596950900394e-06,9.940158310763753e-05,0.0,1.905603249613419e-06,5.007658440969731e-07
1227,1338485,10,1.4592007638366405e-05,1.1660907359156703e-06,4.162369082683082e-06,1.3322423210240797e-05,4.3232773074664e-05,3.3647171394576847e-07,4.969826366413299e-09,2.9797899533771932e-05,1.060578727632433e-06,1.2041080952748806e-05,0.000309408946899882,7.404689009726795e-07,2.6996541651475026e-07,2.735340571476813e-05,0.0002289164385825375,0.00019628087886644843,2.82215685510831e-06,2.114280485826514e-07,8.23727103390487e-06,5.275351705968934e-06,6.554389243275394e-06,0.0,0.00027027422694534883,1.0903427671675459e-06
1228,1265990,10,2.1809905829034415e-05,5.944022525919412e-07,1.7306408224504466e-05,3.14166331200072e-07,5.9676521397059035e-05,3.013529556172845e-07,2.9582482701656643e-07,2.4075122392261394e-06,9.422383504889553e-07,4.971417368895836e-06,1.6728500498094934e-05,0.0011826729582848153,1.4869472167236553e-06,4.367908702479495e-06,3.169824101034724e-06,0.00015901114910210623,5.463831008120645e-07,4.408802561479963e-06,3.205834966255039e-06,1.275442373598057e-06,3.819195252534324e-05,0.0,6.593423598894033e-05,2.455824501743087e-07
1229,1256819,10,2.409744384035406e-07,4.1031253229101283e-07,0.00013110256708722887,1.4682479996738773e-07,3.962517808043381e-05,7.767716925649593e-07,6.078397897513188e-08,1.7830642770715055e-06,3.0191215336788924e-08,1.3105975079721194e-05,3.944076217067202e-05,3.861701254950778e-08,1.03062208387239e-05,1.3251681409243848e-05,1.76978495633473e-06,2.3619491437688184e-05,1.588272695727394e-06,1.1466292168423042e-06,2.691999267910583e-06,4.2845788431541965e-06,1.883711804519933e-05,0.0,0.00023043386268224372,7.247125125703358e-08
1230,1334265,10,1.3766588105701416e-05,1.3321243899633295e-08,2.0251908484529568e-05,1.6939004877161712e-06,2.8465895514501183e-05,2.813035208312775e-07,5.8293839186318586e-08,1.5018908473135584e-07,1.3934675724691648e-06,5.4770300561626795e-06,2.862274722829211e-05,1.6002598694386805e-05,3.7672562213861283e-06,2.0453481825929987e-06,9.861124794167953e-06,0.00012188484534351313,1.3696519008815633e-06,2.43678000012848e-06,6.41975486451174e-08,2.790327055843256e-06,8.650103380039575e-07,0.0,1.2676145728633681e-05,3.3381876929361454e-08
1231,1331719,10,1.0561195076398688e-05,1.7701264827529872e-07,1.4515114602063617e-05,8.277536505882366e-07,1.5660698605098056e-05,2.502966106598947e-07,7.685890159730979e-08,8.959097213406819e-08,1.1231913662756998e-06,5.6657647645105835e-06,9.545386960772145e-05,1.7307008017893033e-05,2.9913640583953405e-06,6.604045368022171e-06,4.109153703898971e-07,0.0001510424646889233,1.66548539423661e-06,1.9870239424957248e-06,1.0406347881741773e-06,3.299899328790268e-06,3.7227173121656687e-06,0.0,8.467518815349906e-07,3.993904845733809e-09
1232,1302572,10,1.1290161942515559e-05,2.250205750200379e-06,8.821102567471012e-06,1.1238816386843764e-06,2.0332498644245328e-05,9.216532541843347e-07,1.6882590033601153e-07,6.835820005705873e-07,3.7274351916832815e-07,2.8899642805640946e-06,0.00010201064422794837,2.342596679728165e-05,1.1241857679027134e-06,1.183353519215724e-05,2.134536461254749e-05,0.00024180244924484895,4.9285029722241636e-06,3.102561874383444e-05,8.647257396555974e-07,6.981814818306231e-06,2.5200864654392752e-05,0.0,1.6392505603098073e-06,5.5167953538770576e-12
1233,1848092,10,1.8621537714591518e-09,4.847631012924736e-08,1.5131531044397517e-05,5.170555277302091e-07,2.8379612530899517e-05,3.1614968826892964e-08,2.4933721459036162e-08,1.1808564248649844e-07,3.71190297901447e-07,4.4518798644963e-06,0.00012656223705385938,2.097632213156342e-05,2.6884189078639487e-06,1.1627435993800256e-05,1.1544705471461247e-07,1.4668796255602051e-05,4.289715916164227e-08,1.0111421073568522e-05,4.753520600926653e-07,1.415165091535331e-07,1.2390075423987512e-05,0.0,9.023711730060668e-07,4.4711194052693415e-09
1234,1257129,10,1.8834228808967124e-05,3.533243314847445e-06,4.502434946117642e-05,5.856409716207406e-06,3.148013541699052e-05,3.2602248310753534e-07,6.841494318045316e-07,5.73030309837172e-06,1.6619013698364327e-06,5.150762317177038e-06,0.0015697429862900035,3.433946722573508e-05,5.462262938071838e-07,9.292980827914354e-05,2.8622163080600088e-05,0.0003794697338269544,4.4355495928960487e-08,6.6057730825908045e-06,3.69660710363498e-05,8.981590780485216e-07,2.7561959901105382e-05,0.0,5.663679421067519e-06,8.5314083530727e-07
1235,1294971,10,2.250278541976458e-06,3.028545610427036e-06,2.043197752103071e-05,1.5630974833508171e-06,7.858464336610305e-06,2.645954608887502e-08,1.0052592671477845e-07,1.2523336053796297e-06,7.280609380655445e-08,3.7251380240119203e-06,0.00045497083919397024,0.0011600846118569666,3.880933569996858e-06,6.209554629212771e-05,6.002475076226366e-06,0.0003356228706390685,9.421821466140679e-07,1.7140525947020868e-05,7.617949070115593e-06,1.040702024820983e-06,1.7167351539851272e-06,0.0,0.00014568552270106255,2.1247434511123542e-07
1236,1303118,10,5.760030517498738e-06,1.041132778059617e-06,1.1834193889226352e-05,4.495412445057467e-06,4.801991484239265e-05,1.4480256936566516e-07,3.403166397297763e-08,7.141822970846423e-06,1.0404824913184951e-06,4.930169076849955e-06,0.0012117375239469458,2.808937596029959e-05,6.8782151459168e-07,1.9625517804738868e-05,1.4288428373893103e-05,0.00019016396909533884,9.148607954534427e-09,7.564791450323516e-06,1.4669597296013137e-05,4.846388122203837e-07,1.0756826403182651e-05,0.0,2.2850454162684497e-05,3.282662392606328e-07
1237,1302073,10,7.0758863207481815e-06,6.350967245431771e-06,9.761502530357402e-05,4.4923906650923273e-07,2.781161625659695e-05,3.086708191130105e-08,1.604253391594701e-06,2.1524714536938494e-06,2.5281944371555176e-06,6.150930497633711e-06,0.0014152659195618492,3.2718403559665876e-05,1.0224776499506705e-06,0.0001530182659273266,6.512513746202708e-05,0.00022230815741699356,1.4665969869792628e-06,1.9322050540462876e-06,4.692337066420499e-05,3.4041236143117493e-06,9.840881831415377e-05,0.0,3.139742168964399e-07,1.0245199711031439e-06
1238,1255657,10,1.123872652025737e-06,1.4165439776725464e-06,0.00014665278680917743,1.989004480576484e-06,3.24058798473123e-05,4.758304166102567e-07,1.8541977864910963e-07,4.061985947580171e-06,2.60862384894589e-07,1.4365182268244459e-05,1.927206083113253e-05,4.9210091855600435e-08,7.672474874681479e-06,1.4699025330244808e-09,1.0954928513925988e-05,8.644852013121873e-06,4.499224904169763e-07,3.1318762410761924e-06,6.301422956683789e-06,2.552383203471842e-06,1.0175751753098428e-05,0.0,9.800963837264948e-05,3.883975153301522e-08
1239,1333576,10,8.995949705437045e-07,2.067937841479517e-06,3.9182107382240705e-07,2.707396238310622e-07,1.5006152814342477e-05,2.7615586108142853e-07,1.8967727388741196e-10,3.596502432312576e-06,7.38114870488249e-07,3.4562548574396112e-06,3.880985788426439e-05,1.971106092324426e-05,1.4774731715849754e-09,3.421673321228613e-05,3.3288824070859535e-05,7.726237475873254e-05,2.0679426740027873e-06,2.1622778883609306e-05,2.0418801698895983e-06,2.659267077542715e-06,8.335762498290489e-05,0.0,1.0366497965194621e-05,2.3735924711831835e-08
1240,1370806,10,1.0954573333027406e-05,4.283253901289641e-06,2.3708533258004483e-06,9.363086416844246e-06,2.464165182797934e-05,9.209419914169015e-09,1.6704439095849288e-07,9.360801390065343e-07,1.6798539743956287e-07,3.919439005177494e-06,6.0062248703869614e-05,1.253038166008913e-05,7.128368789459383e-06,1.840373713897503e-05,4.872031396329496e-05,4.858100771154561e-05,4.758418086919791e-07,1.46672216650226e-05,1.5130326194337518e-05,4.3540247458839776e-07,5.9048269878195225e-06,0.0,1.6159502228718647e-05,4.616050758160517e-07
1241,1324536,10,1.7552786066125925e-05,9.393345034233724e-07,1.535450125191018e-06,1.390958981370427e-06,3.882828372099578e-05,5.465238617080592e-07,1.301407482195982e-07,2.9934902219530546e-07,1.5581285987137372e-06,6.551056875303551e-06,0.00030275707813014197,0.0011458199133123417,2.3678238259619566e-06,8.059748422065138e-07,1.7379473649103971e-07,0.0002951496857845348,3.916781342996889e-06,3.1241437962320484e-07,3.459049100623668e-06,7.21734276484115e-06,5.902539668541096e-06,0.0,6.0023985224422205e-06,4.965108879595448e-11
1242,1321261,10,5.2272580273730884e-05,4.326388345365223e-06,0.00025856614720676935,1.2461103188265293e-05,5.8801918598389014e-05,2.7438450737188314e-08,2.9154564800543126e-07,2.1617669394430328e-05,2.489786844889208e-07,1.2530467350776314e-05,0.004327009874767532,2.754796990939168e-06,1.1430578551047121e-07,0.00020477626164639232,0.001096272413201288,0.00023777615555518536,2.1315715978999228e-06,4.7565923962100687e-07,3.19228078494993e-05,3.573314174852571e-06,7.174132897991639e-05,0.0,0.002516024815158894,2.2737482815136933e-06
1243,1575072,10,3.1248961204096565e-05,4.351731250039348e-07,6.400381531369154e-06,6.200316151436236e-06,3.0555271018979646e-05,3.305508644579902e-12,8.510507930326039e-09,1.823035636645473e-05,4.842820430436823e-08,1.560294519183797e-05,5.882930122166896e-05,4.757429749834008e-07,2.102171369370437e-06,1.1972256227371636e-05,0.00021815245020654142,0.00021844905384348773,5.292840523501985e-08,7.78362016170403e-06,3.9953975017326115e-08,1.0903934363967749e-06,3.850381629019739e-07,0.0,0.00025504084553423095,5.065978938879889e-07
1244,1946322,10,5.152871910451412e-06,1.8611875998719718e-09,2.916145830297867e-07,5.040034026550233e-07,2.98105356954341e-05,2.6029110151981616e-07,3.3502688543199377e-07,1.8344317608345873e-07,1.0609802946898172e-06,4.368657852971136e-06,0.0008970025282980139,2.5300675461577965e-05,9.062751619645648e-08,1.1628159638475688e-05,3.6845387150884895e-05,3.893818891780032e-05,4.0946153149687414e-07,1.3469442923311203e-05,3.3861462241102647e-06,7.062958218735649e-07,2.9593498453394512e-05,0.0,5.3289787621358525e-05,1.0044167863751396e-07
1245,1253997,10,3.0471647262862028e-05,2.3413124458707135e-06,4.244046289569869e-06,6.4017348419091735e-06,3.682855180439648e-05,3.040337123172421e-07,1.5675793996194898e-12,2.9274650388232126e-06,3.9927100359965495e-07,4.885846408269473e-06,0.00024087032114569404,1.0957306577349252e-05,8.942458657242025e-06,7.508280808376372e-06,1.2533477583665659e-05,8.3026087751778e-07,1.6102454051397652e-07,6.403481066428324e-06,1.14267485487006e-05,5.360841793672355e-07,2.2469484703673687e-05,0.0,7.005799472002347e-05,5.265934153106389e-07
1246,1260639,10,2.3811794870688685e-05,1.0109647594236382e-05,0.0001058814507846409,6.451311994115638e-06,3.4507776775064e-05,1.437878299329065e-06,1.094439204075981e-06,2.6509282976538984e-06,4.158295357256647e-06,9.060053563436643e-06,0.000523494455255652,2.0884897021011817e-05,4.0716363829129687e-07,0.00013270915138485773,0.00026764865367272933,0.0009715666686124086,1.5053882989286838e-05,3.059185330160641e-06,3.480984096020795e-05,2.5563263336338127e-05,7.241964365122672e-05,0.0,2.1173239536653732e-07,2.0321497073289008e-07
1247,1896244,10,4.3296066465255134e-05,1.3241002511932276e-06,0.0001771583297883253,7.730473241124303e-06,3.16915233016038e-05,1.1043446936365164e-06,7.077015556911093e-07,1.7081308163122144e-06,1.563989946530564e-06,4.325942999212906e-06,0.0013535046431352032,3.636292718451478e-05,1.2785677025728415e-06,0.0002653667267776619,7.361708919652321e-05,7.235790985986312e-06,1.0619308627793367e-06,1.648618973599386e-05,2.673178705626944e-05,2.205484057445084e-06,0.00010650536480992512,0.0,6.756909191310556e-05,8.545436395515638e-07
1248,1879187,10,2.440449837391029e-05,1.2673978050367629e-05,5.197781156054959e-06,1.9883901324485587e-06,0.00016668636555842303,1.6126133913912932e-06,5.160831258177456e-08,1.0935347558679864e-05,6.100430712752125e-06,9.487517025570658e-06,0.00012769144285561945,2.153056359106148e-05,1.7967606644742062e-06,0.0001299614275920291,0.00019210086387266845,0.0011861128156562747,1.747429479707907e-05,4.452909800452265e-06,4.342927517708706e-05,2.9429814209634697e-05,8.294313081476379e-06,0.0,3.4929559325443116e-05,3.1921845204674337e-07
1249,1299439,10,1.142495751869227e-05,7.26460150680952e-08,7.895094562126309e-06,6.198801154721351e-06,1.3783083859509465e-05,5.617506344084144e-07,5.078888179813057e-08,1.4310705286069147e-07,5.763732053576387e-07,3.959779079371756e-06,0.00034968916032770275,1.989145142394788e-05,3.2510399746235596e-07,6.968272509354917e-06,3.59998107349116e-05,2.95899934936103e-06,1.4383460801327408e-06,1.8660894919309e-05,2.4633069886682846e-06,2.1202201600824255e-06,0.00015500268067563522,0.0,0.000241491527160919,9.19087122137896e-08
1250,1595110,10,7.840209669412318e-06,6.718098212975254e-07,3.609552955426143e-06,6.150460686644987e-06,3.33039137454319e-05,5.338509834647287e-07,5.643291042800591e-11,3.133272428977596e-07,5.052382647391385e-07,3.762638647326899e-06,0.0003526899105625904,2.410726180994069e-05,3.019198776647858e-07,6.707866491009046e-06,1.8759469350738966e-06,1.5762156228615876e-05,2.101897069100439e-06,2.1530100888011994e-05,1.302564579808152e-07,2.9294125809577187e-06,1.5446435859708257e-05,0.0,1.0692328305871718e-05,2.5911425040325842e-08
1251,1889226,10,1.9898269063706175e-08,3.462058014418873e-06,2.1718615356932508e-05,1.3232822006908895e-07,6.317016060497158e-05,3.838158580196649e-08,1.6202533974565836e-07,1.8600408227265053e-06,1.5379009270441446e-06,6.555534875059277e-06,0.0005044519068184462,2.5502567155395728e-05,3.7251555997860897e-07,4.303391522858177e-05,6.554834540591775e-06,0.0004322269491159013,2.1314897714654057e-06,1.3004077264178182e-06,2.143948135133536e-05,4.244113813563211e-06,9.811580944790732e-07,0.0,2.5220064334488534e-07,2.7247001907482193e-07
1252,1625059,10,2.3328639667502538e-05,6.199784928877239e-06,5.724169754167674e-08,8.263487427592753e-07,9.194865307059208e-05,7.792634702796786e-08,1.4820139639798446e-06,8.913060411834539e-06,6.1781343929645516e-12,4.161815309079719e-06,0.00022982401822829734,1.0302859773436701e-05,4.488844848762885e-05,1.2602790563191746e-05,4.325100772549495e-06,4.844121260699774e-05,2.9012257356242355e-07,1.3395286951496665e-05,2.4402814361119962e-05,2.2821160702846122e-07,0.00013572278113673647,0.0,0.00015153432163209773,7.79617860463544e-07
1253,1392367,10,5.381660923356457e-06,1.3491048671265826e-06,3.125143671708214e-05,4.3357982031089204e-08,3.635275718533171e-05,9.849898938152357e-09,2.0347293801237232e-07,2.6724138299030753e-06,2.927083265005792e-07,4.668717086160623e-06,0.0001633279485234035,1.5605469136648065e-05,1.345470907784807e-06,3.610437074676176e-06,3.313519302224066e-06,1.1024264100288617e-05,5.5682155712666326e-08,1.0630795544183669e-05,2.9247558911843496e-06,3.2580435509188543e-08,0.00010100441998644322,0.0,9.858834284309781e-06,1.4738410321346596e-07
1254,1264083,10,1.7639916109979392e-05,6.39879377248298e-07,6.797824541118769e-08,3.6103607138626703e-06,2.824678458869176e-05,5.7318473269812875e-08,5.954223688056648e-08,1.1981611362957972e-05,2.2093881056270415e-07,1.560216563769104e-05,3.387314495368471e-05,1.688983061499949e-07,6.758804702716725e-08,3.609959120250139e-06,3.189616213511437e-08,8.723627943558326e-05,9.62551459371408e-09,5.80807635594191e-06,7.058743529651801e-07,1.2565975602701895e-06,3.8192904711222e-05,0.0,0.000123654868928888,3.458709702634788e-07
1255,1290191,10,1.2123904548355657e-07,1.1437832675986748e-06,6.100218827319315e-06,5.354537348234434e-09,0.00015067104629233607,9.023954040399129e-07,1.2385124071451203e-07,2.927808770404605e-06,4.6484939306840056e-07,1.4288239955126403e-05,6.872581355920476e-05,1.756615801706829e-07,1.6647549473655654e-05,3.733275717535817e-05,5.055125110162845e-05,4.970527759946136e-05,1.462733046714293e-06,1.3015674658611864e-06,6.7078610439877395e-06,4.380731089395629e-06,6.320439432486863e-05,0.0,2.7574302334104628e-06,2.2067153659932615e-11
1256,1319653,10,2.069060062170891e-10,4.9236467479507606e-08,3.3124416489588304e-06,1.4154056007659177e-06,5.6161704413970615e-06,2.6262380943553598e-08,6.463294966729816e-07,6.766080827558252e-08,4.4891593262846863e-07,4.972440145318419e-06,0.00033598843577768364,2.097680654893075e-05,1.439950376387611e-06,1.451581953109543e-05,5.24431942098072e-06,7.056025243118089e-05,2.950829277106881e-08,9.79703230351292e-06,5.320289301370684e-07,1.3545565752740019e-07,8.121708523222554e-06,0.0,9.24194833516398e-06,5.944212195380105e-09
1257,1433226,10,4.624189190136074e-05,1.5763511388613982e-05,0.000106504074656108,1.1156057947853126e-05,4.7095893398858835e-05,1.4291395893095693e-07,5.017304425675162e-07,0.00013379600846379763,4.719528072516521e-08,3.8441400084729405e-06,0.0019184435532090746,6.555291200582847e-06,1.6485639559957188e-05,0.0003648085433791762,2.007231586006325e-05,0.001371221581537574,1.1009925874744253e-06,1.8747900861454392e-05,6.480362780936916e-05,1.3234714978521689e-06,0.0008579061517552597,0.0,0.001174436963369517,1.9592565069018186e-06
1258,1309051,10,1.1490282648803085e-05,3.8016954455738494e-06,3.8936433679061244e-05,2.5905747941951107e-07,1.8666543154285953e-05,1.5347488939443377e-08,2.2992043545444485e-07,1.1910909989837348e-06,9.467034778332106e-08,4.494062571309965e-06,0.00010567784621129395,1.3032404689743149e-05,6.391066801406109e-07,1.3562777371328716e-07,5.387536772702428e-05,3.7114653929359864e-07,2.5866196939894337e-07,1.3032362853229729e-05,1.1492002056100181e-05,1.8682838309053151e-07,2.1995970983443303e-05,0.0,9.344259511989694e-09,3.992221363907644e-07
1259,1252313,10,8.40986469091698e-06,7.737078128663977e-07,0.00012656166618461168,3.3853169014198825e-06,1.383763033686175e-05,2.0195241285173027e-07,6.5932352320829946e-09,3.5537314608570514e-06,1.6064010614769142e-08,1.5444682739073484e-05,6.076137058497189e-07,3.221217626317441e-08,9.424854682308498e-06,6.17094661342632e-08,2.4027912596744083e-07,2.2467316328367987e-05,1.8496294489078746e-07,4.080335354671172e-06,1.7424426034667873e-06,1.766264071060425e-06,4.10876240140301e-05,0.0,6.225217644706404e-05,2.0781856146373512e-07
1260,1341423,10,5.172649461537837e-11,5.905547409073425e-06,9.985150567839995e-06,1.853044490456035e-07,1.3139357595153695e-05,2.597193694935107e-07,1.3181924433947056e-08,7.011211600425893e-07,5.186734045072028e-07,3.5343923967118274e-06,0.0007485693800363957,1.6565604261033207e-05,5.153661146166388e-06,0.00020078859975451724,4.6648735231288874e-05,0.001319142418910315,3.312469243493127e-06,2.65220170328484e-05,1.0956092192562078e-05,4.380034084070644e-06,0.00011130331963722304,0.0,0.0003243593885949615,1.9792554406886098e-07
1261,1258591,10,1.0608105816059532e-06,2.754817845791735e-06,0.0005793685261383449,3.2766047010010513e-06,4.1017044818326964e-05,1.3238258073089426e-06,1.003251717812681e-10,1.6130965330291014e-06,1.5158142194215962e-06,1.1766699863316465e-05,0.0015186604026725115,2.039676726128814e-07,4.8863071500857e-06,0.00039362801796005015,0.00013155988567200433,0.0005363849896832737,8.12529290458025e-06,8.088308658185661e-07,7.89531905723978e-06,1.385352698114739e-05,0.0001876913641888217,0.0,0.0018215822898974762,7.470733732473089e-07
1262,1251126,10,1.6636094672707602e-06,2.826780514525451e-09,3.138339379864241e-07,3.2403318265677994e-06,8.071511334348247e-06,1.223608709181867e-07,1.3201040040978357e-06,8.793979107604016e-07,9.60193410051366e-07,4.97283516235833e-06,0.0006249997428747697,2.332864486340354e-05,5.634166726792983e-07,9.485767305030327e-06,1.0759404462892808e-05,9.999967069656591e-05,1.5955878866595608e-07,1.1559661183817294e-05,1.9877553889009053e-06,3.371865702726795e-07,1.8146986552787514e-05,0.0,1.8835985326679655e-05,3.321586689031264e-08
1263,1261236,10,2.8212989259951415e-06,8.34985809537725e-06,8.24462002427459e-05,1.562289232419356e-06,4.28280288503613e-05,5.2888089741021105e-11,3.7821191063019954e-07,7.241807126211197e-06,2.218257925033773e-06,7.234225751433232e-06,0.030789725615254643,3.1135594038056436e-05,8.824614676494758e-08,5.5054241312649244e-05,6.59326326279755e-05,0.0005017573689012622,2.7212121784178644e-06,7.369183156122339e-07,4.719498294405988e-05,5.488878309131695e-06,5.030636967204294e-07,0.0,5.18389748641393e-05,8.173302668279536e-07
1264,1500076,10,1.3466419526771134e-05,1.591785454601799e-05,0.00035231279242656927,8.8395608298375e-09,1.3493488029488188e-05,1.7953238753871947e-06,7.282890595108893e-08,2.802100169487648e-05,2.917141538744117e-09,2.1903421858621153e-06,0.0016801792511051648,1.883442892969267e-05,7.720700502221456e-07,0.0008904253223122709,5.243281004881084e-06,0.005674607319723794,1.567944599561305e-05,5.92887662150092e-05,2.550027126344001e-05,2.2792994694043056e-05,0.00019432222767490695,0.0,0.0008868464979407548,2.8060903541765603e-07
1265,1290323,10,2.931230714056654e-07,3.6121196050550863e-06,1.1767284319369464e-05,4.619751323153842e-08,2.3320936915649515e-05,6.261427581283341e-08,1.3156017884125015e-07,1.5930578996584122e-06,1.322946833463845e-06,7.076527902813434e-06,0.0005452240704070729,2.4701492300285843e-05,4.765719675281499e-07,4.3166929331442394e-05,1.3179601883628322e-05,0.000499969908371041,2.3732604430698467e-06,1.125722190284395e-06,1.953720749364729e-05,4.601904634637943e-06,7.510579392612515e-06,0.0,7.417448456836784e-08,1.853257771133876e-07
1266,1338223,10,5.0952187038988406e-08,2.4845497576669873e-07,3.3122995219229956e-06,1.3451694834444583e-06,9.918845560476924e-06,2.7914001901607755e-08,5.22386063801783e-07,5.103871748152189e-08,4.094673292029394e-07,5.06200998456538e-06,0.00010465146337340289,2.0069817173007376e-05,2.2487764703670032e-06,6.502841183819025e-06,3.6971961638043727e-07,3.058152425410021e-05,9.448349341106832e-08,1.0890177452167055e-05,3.9403920196190434e-08,1.474235355458653e-07,2.657277436469291e-06,0.0,6.810221241014547e-06,2.2067157129379567e-11
1267,1339220,10,1.0033526409367055e-07,1.2516683444777077e-06,4.044950381388093e-05,7.254375353898945e-09,2.2019972747960165e-05,7.5550282314929e-09,1.10754752872394e-07,1.9710174799930646e-07,1.079754951654327e-06,6.398345783802106e-06,0.009948067808211974,2.3328386685110558e-05,9.76885544717171e-07,1.78069081266663e-05,4.610110529454717e-05,8.063776591186664e-05,7.898752767028505e-07,3.346357145921769e-06,9.360717888432651e-06,1.8612839048914864e-06,7.221001389993986e-07,0.0,1.2838888704264084e-07,9.991787450550071e-08
1268,1450127,10,1.607852500563195e-05,5.3198299531515e-07,6.240935222890515e-05,1.3459143008917596e-06,1.72872027793744e-05,1.6851410955531776e-07,3.0169634554488844e-08,5.941957141597509e-09,4.897226575581448e-07,5.806932745648641e-06,4.9843682885346297e-05,1.4515412618827661e-05,3.5349702041803654e-06,3.12467097992597e-05,1.1558847024722985e-05,1.0111427338484191e-05,3.350718455266688e-07,5.151563669043846e-06,1.5125375290303555e-06,8.826276754886342e-07,2.705724716639546e-07,0.0,1.7614923457365261e-07,1.3867343532508736e-07
1269,1336953,10,3.240383104605171e-06,7.40452613626208e-07,2.9810405045994914e-05,9.026837055614578e-10,3.273611444946922e-05,1.4886043271378213e-06,2.2914285679326296e-07,4.5121035889134076e-06,6.814998999155053e-08,1.3913984702511317e-05,1.7954119767293886e-06,3.5995394410265336e-07,1.4438582070813721e-05,1.6389432732841214e-06,9.312208291711865e-05,4.9580853284103554e-08,3.167508701565347e-06,2.2129832114720083e-07,6.50239983940315e-06,7.272284824770547e-06,4.134473740855654e-05,0.0,6.0371638106168635e-05,3.07477213828955e-09
1270,1876301,10,5.172649808482532e-11,2.657524535147615e-06,3.739330318303091e-08,5.200958022526236e-06,1.1589092587110938e-05,1.353812111720698e-08,2.1102105017337114e-06,7.5583646542976e-08,2.221748247745181e-06,6.812915722152757e-06,0.00012746590370188438,2.4901098130018784e-05,1.8713355634525364e-07,9.364249733370689e-06,1.0891295869661088e-05,0.000668224308705237,1.3718852645006052e-06,2.2515156156976968e-06,1.632430640716165e-05,2.937429339391895e-06,1.5288759472265046e-05,0.0,2.632105357037312e-05,1.7695465302086655e-07
1271,1305873,10,2.2848363675047334e-05,4.091811334205886e-10,0.00013712492456283143,1.9878233976089454e-06,4.1535510280514554e-05,8.484605090730568e-08,3.4748922295158025e-08,8.343300453812763e-05,1.5965568991166412e-07,1.5444859436088143e-05,0.0004897363182885042,4.3493951898398997e-07,5.953860746518713e-06,3.214864999994543e-05,9.331648144818294e-05,0.00011491906774489108,3.033926942591636e-07,3.460319042532245e-06,4.891723245983859e-07,1.4516400379388505e-06,1.2258482806615234e-07,0.0,8.154053836661318e-05,5.544729883566468e-07
1272,1292800,10,1.6565389359450566e-05,1.2707786237187157e-07,4.885773700667034e-05,7.914950735862791e-07,6.324985482861895e-05,3.348596799221393e-07,3.918953356274457e-11,2.772500960618318e-07,1.1018100789725316e-06,6.7560848245259986e-06,0.00036787039882456296,1.639895486543058e-05,1.8722514929861434e-06,2.68316200537147e-05,7.309806604258173e-05,5.101238853555401e-08,1.8997140881493735e-06,1.6631006143491556e-06,5.003304588135915e-07,3.7786375804912953e-06,1.1356670572150451e-05,0.0,1.478058219150924e-07,1.242734751216723e-07
1273,1338233,10,1.5132091596613273e-05,2.561503926606923e-06,1.514246696122934e-06,2.315905875197033e-07,3.282017996929926e-05,6.868194464548782e-08,1.6631863924282397e-07,5.238838847940186e-07,3.257309296386679e-07,5.244182560815158e-06,1.6920839541328947e-07,1.3249783083986444e-05,2.3426618594793447e-06,4.4357103215521276e-05,3.0977616042385248e-06,1.2531851974417751e-05,7.550955957724703e-09,9.486385262144625e-06,7.344584755361594e-06,1.3626751872719556e-08,4.202216016581384e-06,1.6903050278904708e-09,6.726062655587617e-07,3.5137246279931533e-07
1274,1255545,10,6.299987102938859e-06,1.9594432262154404e-06,1.5964300184925784e-07,8.451097364900462e-07,4.673383950149629e-06,5.469413810188506e-07,8.894085258906448e-08,3.3373429591462833e-06,5.040366324107759e-07,4.039459579059657e-06,3.552089369412634e-05,2.2467267320965684e-05,7.825533934746609e-08,2.9702447765688617e-05,2.8514393826829104e-05,8.376327717204979e-08,2.8895670651646332e-06,2.4501442378255245e-05,3.837665720207717e-07,3.985304640827941e-06,1.4516080894574901e-05,0.0,6.130888374056634e-05,1.2412761790647764e-11
1275,1259330,10,1.8276088104701715e-07,1.1969154800228754e-05,3.994061812253452e-05,2.0612363098831965e-05,3.031539867494326e-05,2.0365744404088337e-07,6.022241633242553e-06,1.6075394728073955e-06,3.274279388433554e-06,8.643514676123787e-06,0.0019465751123043731,2.840688582017581e-05,1.1917491125890134e-08,0.00029584110692913723,1.9024471438547352e-06,0.0011404119134795984,6.654468082678555e-06,5.8431348634591096e-08,5.0550569803999024e-05,1.1901742045683505e-05,5.663314347786885e-06,0.0,9.506353464616701e-05,6.715786579625238e-07
1276,1674022,10,1.2343235680188636e-06,3.45930688240223e-06,0.0002601768418710078,1.2543842558797313e-06,1.4926871108985468e-05,9.415965234911561e-07,4.521214548337815e-07,1.3609100199540869e-05,2.4712572266327726e-11,1.568183527921041e-05,5.184224739322035e-05,4.90278434007313e-07,1.3031729051281304e-05,7.97460041113314e-05,1.9538105085203927e-08,2.926780511703503e-05,7.748038904492605e-07,2.435059836394804e-06,1.6730202408204303e-05,3.620463195044138e-06,4.2380488049297005e-05,0.0,0.00021462333907238534,2.9963553409284582e-09
1277,1265260,10,5.328986572009087e-05,1.552497733126046e-05,2.402259480296931e-06,8.678035555431673e-08,8.06110079898531e-05,2.6253827746097746e-06,5.636448030532648e-09,2.0265580294276386e-05,6.865553449017514e-06,1.1222354444534455e-05,0.0022108820884562674,1.8577079091586235e-05,1.3219062658526015e-06,0.0024970017449925247,7.867630376308388e-05,0.0008532270735470554,2.3043194554650537e-05,8.065205187576807e-06,3.721090387695525e-05,3.8500224394652505e-05,0.0005958508164686793,0.0,0.00022290448520338735,1.0092149653473381e-07
1278,1574019,10,1.3451828783737213e-06,1.188222938073441e-06,1.730481662484684e-05,2.1605094999779806e-06,9.24014490283169e-06,2.2040702115679045e-07,8.429256230339799e-07,1.2190081732088576e-06,3.366160894833353e-07,4.708740775015083e-06,7.089637057598568e-05,2.106830684618123e-05,1.8226965032841491e-06,7.452334784465581e-06,1.297439542694706e-07,4.4088971223084014e-05,1.1662053242527531e-06,1.7892127627316956e-05,1.594307177405635e-07,1.5326557377005195e-06,4.763482325063212e-07,0.0,3.091370283805732e-05,2.384298472199453e-09
1279,1303314,10,6.101501353036887e-06,1.4825275397006843e-05,0.00014835096037871254,1.4632966000016623e-06,4.291305345531515e-05,5.288809667991501e-11,7.311729621484186e-07,4.135303771635179e-07,2.4679041713548955e-06,8.294837988018222e-06,0.03391123103543102,3.445734924656385e-05,1.8254830084912799e-06,9.063333853701061e-05,0.0003330656273881766,0.0016064090443368012,4.042864788250666e-06,1.6213023185107645e-07,7.123668590792998e-05,7.864112038694082e-06,9.860709215868402e-05,0.0,4.9983706385398063e-05,1.0803909196721584e-06
1280,1252199,10,3.483487899871851e-07,4.707846681870076e-06,4.883929321818081e-06,1.2981762187447288e-07,3.2267599260532576e-05,7.888245627529766e-08,1.224319100198712e-07,2.3724717676740226e-06,1.439763618167611e-06,7.672212149235913e-06,0.0005812914879846642,2.5099969323136295e-05,4.2133884772810326e-07,3.648162021045731e-05,6.970018613057516e-06,0.0006487204019257758,2.7890859509854815e-06,7.57412996689466e-07,2.2467428507436105e-05,5.441210390609574e-06,6.2995950944819135e-06,0.0,1.0205234956123244e-06,2.5042276625281135e-07
1281,1864084,10,7.506730743799678e-06,3.2756971655237277e-06,5.791164285712594e-05,1.2132324983538112e-07,7.392850926175171e-05,1.289429359709049e-07,1.187308587904945e-08,8.858833709900205e-07,5.768686519441735e-08,1.7471911706416765e-05,0.0002502717822514128,2.2371624344708074e-09,1.017555347723742e-05,3.723830905234121e-06,1.6401824718709213e-05,0.00025985446032677356,1.3520730538646442e-08,7.2895977032833015e-06,8.467305153574134e-06,1.7178345917447102e-06,3.879669594437224e-06,0.0,0.0001281425921898123,2.3421007529222937e-08
1282,1254889,10,1.9324293501592205e-06,1.080592238023037e-06,5.6099871284066155e-05,5.428070495475806e-06,3.442847815178507e-05,3.381311248357166e-09,1.7854759788715757e-08,4.4743467406821447e-07,7.215669939886205e-07,5.381978753951633e-06,0.0017123044106052351,1.747212072936849e-05,4.161548086804162e-06,6.352019941317441e-05,1.953537812775935e-05,6.300395823586463e-06,1.2173950741239947e-07,1.142428906390075e-05,9.604110307523395e-07,1.1441582622659374e-07,1.3395428802180642e-05,0.0,9.609459564165201e-06,6.60019847456561e-08
1283,1335585,10,4.1471966087669454e-05,2.2041268436107098e-07,4.147426684169425e-05,5.634789077696434e-08,0.00013603247411093922,9.192149058312449e-07,1.938491136499465e-07,1.7599787340491502e-06,1.2314977730701337e-06,7.837860273807173e-06,0.00022320526050780692,1.3615460645197142e-05,2.8564330762023693e-06,0.0003496875240171435,0.00010200884496642387,0.0019342422167378873,4.3275817704357955e-06,2.478489115401161e-07,6.026106440237822e-08,7.776895781491655e-06,0.0002190414188567094,0.0,0.0004910638820943766,9.239762795154594e-08
1284,1549078,10,2.106641998693426e-05,6.920014090180948e-06,1.425279922764866e-07,8.7608096018231e-05,0.0001518980633439873,5.03626309905636e-07,2.54860113875488e-06,4.4254922490584436e-05,2.0759632350028645e-06,1.2815938067137211e-05,0.0026409320673926664,1.4404543008453286e-06,1.0031712648697622e-06,0.00010836905906269623,1.1628733563875948e-05,0.00022650494993429332,6.100026288070881e-06,2.617656802567092e-07,2.6732012086493062e-05,1.0081222961498548e-05,1.1493213295049598e-05,0.0,0.00010691593286247386,1.6160680431503982e-06
1285,1335387,10,1.934844984161077e-07,3.146190417913086e-07,0.00017742224235364756,6.101274774225618e-06,3.5154581940390756e-05,1.145137121467965e-06,1.5054212475565376e-07,1.3177163461552954e-05,1.1665425976060961e-06,1.3690186272230509e-05,0.0007896102127894905,7.557371475147567e-09,8.880331315169049e-06,3.3121101917672757e-06,1.9537649008583013e-05,0.0002582452756779152,4.665184446379228e-06,2.506387111744779e-09,2.81273057966408e-07,8.822684982416618e-06,1.2180835072699014e-05,0.0,0.00011924753211476485,2.3433034962092036e-07
1286,1335564,10,3.6489997334715474e-06,5.665955932054184e-06,0.0008008913554597395,2.341050446597742e-06,1.5427982968455045e-05,1.6854865012363995e-07,2.3457324235809374e-07,3.356244424482929e-05,2.8606965712940635e-08,1.7978988054136863e-05,5.580083318646595e-05,9.631247365263218e-08,6.400967178715744e-06,2.1809944270850118e-05,0.00035156348199628235,7.756520762937369e-07,7.918642539600507e-08,8.52805014026417e-06,1.6729719659075437e-05,2.0684927887135163e-06,0.00021286930134160192,1.282690443443757e-09,9.120317273129952e-05,2.26179528925452e-09
1287,1306059,10,4.507752515703345e-07,3.415940887790958e-08,4.581538912987182e-06,1.1702703622828992e-07,7.558529581711687e-05,1.3009787676321327e-06,7.042600447954017e-08,3.78643303981796e-06,3.9852712783311484e-07,1.4213102254599652e-05,3.600588775048985e-07,6.77786993960594e-08,1.142515885873413e-05,8.469276805152248e-06,1.5366414308222442e-05,2.228003306982418e-05,3.8024710509662607e-06,6.2841333900443e-08,1.0833638350582486e-06,7.821259356090293e-06,3.770169336064777e-05,0.0,0.0001597698784373408,5.564044630590459e-08
1288,1839117,10,2.443496439907822e-09,1.2546809772667755e-06,1.0957048106517708e-05,3.8604143012821446e-07,0.0006248205296656845,8.585416976999993e-08,4.5262348369323746e-08,1.0669603594769261e-06,1.0324635745656563e-07,5.108466743841689e-06,2.4601850674953185e-05,1.935990276270838e-05,8.660442567531845e-07,4.0809158764754105e-06,9.001546984622327e-06,5.7609571218957684e-05,6.083277827827194e-07,1.5133365375039759e-05,5.331030792643521e-07,7.42145639175823e-07,1.3617514646496048e-05,0.0,1.3781270313470428e-07,3.45657063249849e-08
1289,1641368,10,1.5106725037017377e-06,3.698057716300385e-08,0.00010920079874876532,2.5697774339028534e-08,3.222331035276221e-05,1.637882952570946e-06,7.497159569547218e-08,3.6379388244217603e-07,9.778786611847057e-07,1.368824270463892e-05,1.6240947379266013e-05,7.346280447850795e-08,1.2320414921135336e-05,9.643186616046379e-05,2.1619727725075144e-05,7.586380201315274e-05,5.568604015127043e-06,6.343433429922829e-08,2.921753414278361e-07,1.0611067290763887e-05,5.5949681547887153e-05,0.0,0.000313996669042374,1.0799947070677662e-07
1290,1335675,10,2.1033303805595427e-06,9.487026736681309e-06,5.126647330500403e-05,1.156084030531565e-05,2.097951523888364e-05,1.1546551704003094e-07,5.053430922399849e-07,3.668046785379464e-06,4.8746105804631235e-08,4.121308429829579e-06,0.000499523321688438,1.413739292892291e-05,5.429197567442812e-06,1.4593703169307748e-05,0.00013689048267418943,0.0006190154815551921,2.959264110584392e-06,2.5503298410205905e-05,1.9185087080621915e-05,3.808273649062721e-06,3.8689167421571136e-05,0.0,5.685179817337127e-05,4.466069022934782e-07
1291,1293046,10,1.1560419427382451e-05,4.58062895706407e-06,4.747355351537169e-05,2.3430228450957435e-06,0.0002715768769819202,1.033802712185894e-08,2.4253691381648235e-08,4.852358523564637e-06,1.1722418349902064e-07,5.154866110176903e-06,0.0005139284384022419,1.3250978073441055e-05,1.8238150171628886e-06,1.2906957958663812e-07,4.163426354952815e-06,0.0002640637694078102,3.030271495119141e-07,1.339669050570702e-05,1.108929615210169e-05,2.440207727064103e-07,4.43567133578196e-05,0.0,1.495081412838939e-09,6.461620204664675e-07
1292,1929034,10,3.610734574069352e-06,1.9981163797068435e-05,0.0003426208077564781,0.00022470177007102854,0.0002269915517287488,6.403568451017472e-07,1.2006030531946932e-05,2.6181205342080266e-05,4.16264787006515e-06,1.036765107987822e-05,0.0005934089499593544,2.7773902298224018e-05,5.797123318537767e-08,0.0005373122735262345,1.2104525917606968e-06,0.001108889838024995,1.267369866852705e-05,2.016929751158525e-06,6.674814546194993e-05,2.1788344034382595e-05,2.855676276482255e-06,0.0,8.585325235482832e-06,6.915596725970419e-07
1293,1246334,10,1.089779289031867e-05,4.091814844287001e-06,6.000118446536362e-07,2.410126217000652e-05,0.00010301937436452135,8.476490620523691e-10,5.493839125847444e-07,5.249421519692987e-08,2.9103830456733704e-11,2.4576565920142457e-06,1.148400770034641e-07,9.627316103433259e-06,3.126331648672931e-06,1.1577783880056813e-05,8.254737804236356e-05,8.484489444526844e-05,9.061659511644393e-08,6.694077455904335e-06,9.963641787180677e-06,1.2295458873268217e-07,1.5882407751632854e-05,0.0,3.129298420390114e-06,6.735899660270661e-08
1294,1306110,10,2.8227401462563306e-06,1.0402139167947633e-06,8.585413024946031e-06,2.3072905808510513e-07,2.5201160086484736e-05,2.9159981286899783e-07,1.150963012050421e-07,2.5522900310576135e-07,8.468097438506239e-07,4.928632964782548e-06,0.00011707223938675973,2.1996055881053078e-05,8.278222075677744e-07,6.236259397010557e-07,1.197144004530179e-05,9.980064601113059e-05,1.2998402975882006e-06,1.8404564448973315e-05,5.2159592651979114e-09,1.7475062905891736e-06,7.561983879630224e-06,0.0,2.4999956282949903e-05,1.3792023079162163e-12
1295,1320843,10,7.04902355860848e-07,3.8373313714784585e-07,2.1251944208849904e-05,1.2224597641108392e-07,1.3032943934877805e-05,1.2102137040559402e-06,1.7560859718462885e-07,5.523964768744394e-06,9.413654438183983e-07,1.4977436699488422e-05,2.4404565382621368e-05,1.3643816409308895e-07,3.0632464160587625e-06,2.9336348170150295e-08,2.7458296481278066e-05,1.9328134636953376e-06,2.856295439786216e-06,2.904024911376535e-07,3.2397392646585366e-06,6.613668030897024e-06,1.6893279198973432e-05,0.0,0.00013782822406795125,3.041244703988477e-08
1296,1531033,10,2.0069037712976134e-05,3.3460849397509707e-07,6.352249650025399e-05,9.153797491529003e-08,2.282723876929904e-05,4.2271359108198014e-07,3.572845468993724e-07,1.5976632786671163e-06,1.907063925915553e-06,7.618196500747132e-06,7.174099297200393e-05,1.6322368990080716e-05,2.854966910666168e-06,5.19854987773502e-05,4.3722277114771613e-07,0.00020880472733971617,2.52887376415295e-06,1.1017406678082153e-06,9.230007635974147e-07,4.782289829551034e-06,6.691210283057275e-05,0.0,2.8091933488710863e-05,1.1943855095231104e-07
1297,1770680,10,7.34391260655623e-06,3.72430358617018e-06,1.082434759832121e-05,0.00035607660303281496,0.0005433822733023792,7.798433807049143e-08,2.1094901847137915e-05,1.1447798965096706e-05,1.6636022928673277e-06,6.863875992916407e-06,0.0003222022050657046,2.9920809650682556e-05,1.2102075617852204e-06,6.691281378370245e-05,6.3502214615630825e-06,0.000826563257475519,3.363713344563257e-07,4.622671317060234e-06,2.6010357792472655e-05,1.280550223095589e-06,9.370260129162866e-05,0.0,7.796843429278694e-05,4.2483670545725993e-07
1298,1340132,10,7.726544690135617e-05,4.7998377980529305e-09,1.2746651222243777e-05,1.9894218088942206e-06,0.0001530943593949785,1.5636166518437355e-06,5.590061155497095e-07,2.2084520461831958e-05,9.034720878584035e-07,8.352910562441085e-06,0.0014182772983756115,1.0562263141812578e-05,6.7829796022989e-08,0.0001557513047285644,0.0015816531394738237,0.0023512818862622964,5.711634955274381e-06,1.663119057748741e-08,1.0201302685849956e-06,1.0382494485379479e-05,0.0006827771842020589,0.0,0.0004280780636756673,3.7706498160622326e-07
1299,1298246,10,2.342654368807373e-05,5.760123501587916e-06,0.0002053493710409554,1.2115618571208187e-06,1.3595845672592644e-05,9.216169417000653e-07,2.632868292898327e-07,1.7664550190504835e-06,3.240577734962141e-06,9.363927091696894e-06,0.000508052558891945,1.90107815615341e-05,3.649197720501096e-06,8.066009451572487e-06,9.672860477680928e-06,0.0012138262463069621,8.526798669371977e-06,3.2562759377796624e-07,1.5133212761395815e-05,1.4779313114846038e-05,7.07287575571168e-05,0.0,5.1840223553041576e-05,2.3244740143119058e-08
1300,1301397,10,1.3801762305948317e-07,1.769838804888818e-06,7.05410251471833e-07,2.709499643885338e-07,1.770395007655301e-05,1.4625535654094746e-07,4.044951144865916e-09,4.359399858634705e-06,2.1114800965310598e-07,5.064126807483721e-06,3.918784936656969e-05,1.9537468492317883e-05,4.035744409491837e-08,6.193751918932497e-05,4.373067610495551e-07,0.00015351328166098022,1.0011002500413813e-06,1.705885618569561e-05,8.475193709681084e-07,1.2140525856955964e-06,4.7959934988302255e-06,0.0,3.2492345664245775e-05,2.707781270386289e-08
1301,1298763,10,1.4746409452398579e-05,1.1695256619044525e-05,1.0051174079629688e-05,2.4028819982924166e-06,2.4702441727239566e-05,3.305515583473806e-12,1.177392945500566e-07,1.490060897015727e-05,3.2715338908057e-07,4.535564619517762e-06,7.44772329175844e-05,1.102447462075079e-05,7.0767198518326135e-06,1.961660888019634e-06,0.00017423954400305058,0.00027456430930924286,1.6400675720701363e-06,2.0793367839187782e-05,3.0032254321715746e-05,1.9657427110658654e-06,3.3062722029644775e-05,0.0,1.3541907025453603e-05,8.606596985649695e-07
1302,1602033,10,3.533890442990184e-06,3.647169423314639e-06,2.044437604167837e-06,1.0189980019503775e-08,4.484922217314058e-05,2.5005099819550014e-07,4.408801459326872e-08,6.749327207955513e-07,3.5120353673867566e-09,1.7639057026196114e-05,0.00044943888975870414,4.8245898071758164e-08,1.1764889724794753e-05,1.4440267087280356e-05,2.9701455266619575e-05,0.0003104640154222814,7.726170904442942e-09,6.150274218897495e-06,1.0497827469018589e-05,1.8263215800021215e-06,2.88364569411316e-05,0.0,1.70568820122112e-05,1.0801203563504114e-08
1303,1297377,10,3.7335379426441107e-05,9.817808788170623e-07,3.01434591935823e-05,4.3582001413300375e-07,4.611695342911226e-05,9.217800118199726e-07,7.132833514111869e-08,7.162431502269473e-07,1.5658132184737106e-06,8.470475248732734e-06,0.0004553956601870135,1.4979516127194836e-05,4.974196171660117e-06,0.00011299723710364584,0.00013363551467804324,4.5295725746283266e-05,5.292667816889085e-06,4.127572739154317e-08,1.513853046287983e-06,9.492743135129655e-06,5.821786173133142e-05,0.0,2.0343293436905774e-05,4.56546237551092e-08
1304,1316461,10,2.4800061925622785e-05,6.249980748843087e-07,0.00013179045536253903,2.0732917570265297e-06,4.899408082807699e-05,2.82288116257301e-07,5.179032896290847e-08,1.0431681411737781e-07,5.495037718808438e-07,6.709642638665081e-06,0.0002493260035828851,1.3617836798748839e-05,7.023930175098503e-06,9.781391987080668e-05,3.6499180673110754e-06,6.579667155212632e-07,6.416828941605002e-07,4.122663415311034e-06,2.0181664599980276e-06,1.4484885189555707e-06,2.5503013245761763e-05,0.0,9.815538306728877e-07,2.62738230581705e-07
1305,1936215,10,6.970021616928973e-06,3.384128608827086e-06,2.2796285950969775e-06,3.4592322718102197e-06,5.096559046569027e-05,1.5204899068976818e-07,8.930211181368275e-07,7.660131483046284e-07,5.809877922161033e-08,1.7893340124409268e-05,0.00018495896889811694,5.727135536648387e-09,2.1899566008849736e-06,0.00014496244943608405,5.1696226268188594e-05,0.00034003433865430893,2.8810566085613054e-09,6.916334364722582e-06,8.409205222929816e-06,1.7008375398919195e-06,1.591905903849944e-05,0.0,0.00013876750993171288,3.888112599589877e-08
1306,1431108,10,8.820846196227333e-06,2.2493297918702027e-09,8.2628802379206e-05,2.1651148165990897e-09,3.945974266219773e-05,3.482536468507602e-07,3.719032742807715e-07,5.35036784741344e-07,7.570597035863602e-07,5.476023710596772e-06,0.0009024014449999888,2.6009896344339478e-05,4.900149413906985e-07,1.772561600404607e-05,9.800990381079316e-05,3.0281360245132394e-06,6.559864954569505e-07,1.4901029352358541e-05,3.6487100230769842e-06,1.0493226320629212e-06,2.3115029649731222e-07,0.0,1.332295995221458e-05,7.852385565734754e-08
1307,1261144,10,2.561654210687242e-06,2.5274651571267903e-06,0.0006280035708127775,2.6421485261395733e-05,4.4800511700696793e-05,1.1660716948448668e-06,3.030559338687566e-07,6.5349427970061436e-06,2.9909475271483466e-08,1.600174253859818e-05,2.8408536316932437e-05,4.896183199917803e-07,5.929639243958118e-07,7.310285909158457e-05,0.00017769003138387585,4.54275862490118e-05,1.5369885395105642e-06,1.2562133317357838e-06,1.2960441696369812e-05,4.840310014110616e-06,2.59169760793293e-06,0.0,4.326496878051533e-06,5.512040761324055e-09
1308,1443078,10,4.7628614757017074e-07,3.7363262028050626e-07,0.000234703055858633,3.68463134774108e-05,4.6548591195204325e-05,2.4171325878341587e-08,1.735448087542002e-06,1.7112015299539096e-06,2.0452690775302207e-06,6.503301172113007e-06,0.0009326922752491279,2.3717395270433927e-05,3.4988568854005253e-07,1.324591930584873e-08,3.341002220934308e-05,6.301052687500419e-06,5.4345596509075556e-08,6.918514544991539e-06,5.617788463738171e-06,4.4492847368210464e-07,6.151338595425382e-06,0.0,1.0616152310224947e-06,6.050628516968137e-08
1309,1329365,10,2.3411232301269458e-06,2.5953553238478033e-07,8.121501066743475e-06,2.2104333260303255e-07,3.839505371111898e-05,2.9749536167855695e-11,5.326882168005254e-09,3.900695624801942e-07,3.5914496507999383e-07,6.149149912846458e-06,8.987003928304788e-05,1.840366351718234e-05,1.3225351769355354e-06,5.7106145564950195e-06,1.592047002097613e-05,1.5365826875078648e-05,5.04096411835242e-09,8.179828857014793e-06,6.326018528457489e-10,1.4114341757159865e-07,8.82096955944281e-06,0.0,1.9535552639234066e-05,2.3942432033491334e-08
1310,1413048,10,6.773096651379457e-05,2.2277638900281005e-09,0.00020649700819740796,1.6358550696052299e-06,4.519163964815387e-05,1.2742145543698236e-06,2.698506787954247e-07,3.0438403612262355e-06,9.381348313047821e-07,8.237658082284327e-06,0.00024806056111763286,1.1019298474738981e-05,9.35886160367827e-06,0.0004452070797520552,3.696481827437925e-05,2.2804541834064995e-07,4.579140463256692e-06,1.9328162540604987e-07,1.1189148372905966e-06,8.362820236917923e-06,1.274382256218759e-05,0.0,3.002652659854499e-05,3.851371171148532e-07
1311,1959025,10,5.9448923276299304e-05,4.166002067200469e-06,0.00024900915742208374,6.713070882520544e-06,3.839867233586952e-05,6.110802739933696e-07,3.4379199525744197e-06,1.599513652648238e-05,2.531179106521342e-07,6.505787184342415e-06,0.0006890616999341084,9.004475447361993e-06,1.1090422205969896e-05,0.0001324803667053509,6.6602765443346534e-06,0.00041208908115177023,4.785230708487243e-07,4.883947427987423e-06,1.7221991511946755e-05,1.2190677454726462e-06,0.00017689409145954516,0.0,0.00026017706016295133,2.456912560483415e-07
1312,1644180,10,3.132850191569364e-06,5.1935006930431404e-08,7.761574490029385e-05,4.864071233984246e-08,2.6409531129409358e-05,1.933879682156081e-07,1.7878758573619535e-07,5.212116420717783e-07,1.5914777765774213e-07,5.663943982030933e-06,0.0019140618174738333,2.3716603153551424e-05,2.623481801102695e-06,3.34081878015334e-05,5.083602128041348e-05,1.6646183628194616e-05,3.841197251594486e-07,1.3322792798406424e-05,1.612010701843719e-06,6.003682769852026e-07,7.603714203682777e-05,0.0,9.597521636317552e-07,1.6174548079367357e-08
1313,1332008,10,9.92289120489015e-06,1.5632379144411845e-06,1.6563596212465503e-05,1.444293989960599e-10,1.960614074487943e-05,3.7060978098912845e-08,2.1204866050561488e-07,2.7231222132356736e-06,1.3155114757246178e-07,6.050568523360833e-06,0.0003062506651494018,1.5131319378566821e-05,4.517965148526093e-08,2.6521977598469026e-05,3.958737629927711e-06,1.1023636768761613e-05,1.4159610983721649e-11,8.820878167579982e-06,2.7884459409197038e-06,5.197850900390266e-08,0.0003125821374720464,0.0,1.4822941553506441e-05,2.0062438516738057e-07
1314,1904321,10,6.706598289565879e-06,8.122224804466005e-06,7.938740892469293e-05,0.00013156074976178322,0.00013388386515748169,4.477407181818771e-07,8.55422968832481e-06,3.8799303446468425e-06,2.6890417877539763e-06,9.30046879536739e-06,0.0003283347944342749,2.3040222438111546e-05,1.0254874915904821e-07,1.607992065580377e-05,2.6522754650142033e-05,0.0006832977818271233,6.706579816488645e-06,3.9839014899512026e-08,2.6520950709769953e-05,1.178205728435966e-05,5.468519040374709e-07,0.0,4.4075089002115764e-08,1.8523420416971526e-07
1315,1289470,10,5.490803952734602e-05,6.358624003582891e-07,0.00010836557063062524,1.2313943643857406e-06,5.147225892825763e-05,1.274555964554669e-06,1.129035194641359e-07,8.586057417200865e-07,2.5911920223317675e-06,8.819195856636652e-06,0.011346511849854128,1.3175309019404502e-05,7.5043632848659225e-06,1.2246548680636127e-05,0.00013455717087672292,2.0825551089176386e-07,6.247580606667802e-06,4.225950145375634e-11,3.219321347003312e-07,1.1023573099198936e-05,4.92603166713651e-06,0.0,9.467282835865648e-05,1.0158015045086399e-07
1316,1534078,10,1.7169221942572865e-06,2.036947265512956e-07,2.465480806998488e-06,5.756008850110739e-09,6.460592588883318e-05,1.4409679253354901e-06,1.6170355430361605e-07,3.815628988802777e-06,3.2505904282859044e-07,1.4977584402435518e-05,5.333789216341311e-07,1.6836716611873248e-07,1.3396009059564451e-05,1.2110419295469077e-05,5.0837764008521136e-05,3.386388795371953e-06,3.724802696274121e-06,7.266801652083821e-08,2.657134586803167e-06,7.94798105913097e-06,2.56037131746642e-05,0.0,0.00021726711723776826,2.1821861879989246e-08
1317,1315570,10,1.056210720000797e-05,2.5596049532082554e-06,1.1424658592166376e-05,4.841260271143399e-09,6.180229698971723e-05,7.222502704413991e-07,2.8881888076287554e-07,8.741412640365931e-07,5.2420235974875995e-08,4.536723708641055e-06,3.973669969459248e-10,2.3232099709388082e-05,1.369173848110583e-06,9.180888641938806e-06,1.927206217125499e-05,0.0003659566350959556,3.647947963085485e-06,2.714430027393744e-05,3.134299675008889e-07,5.181759245301981e-06,2.819600532777411e-05,0.0,6.401007123624236e-06,1.1357149283519608e-09
1318,1644061,10,3.733323904975272e-05,1.5631505323604467e-06,8.844308872352213e-07,2.1004565897708716e-07,4.6131054373954594e-05,9.608797802845848e-07,5.3841693929690404e-08,1.2941140945105234e-06,1.7431778805213072e-06,8.879965012822955e-06,0.0002829115630796353,1.544390110849031e-05,4.492591445949545e-06,0.0003602388915933674,0.00018387176201295485,0.0003211260160393345,5.953240444583896e-06,3.8033531185588387e-10,2.6573672006757754e-06,1.060780793798316e-05,0.0002852702503230997,0.0,8.611925940302245e-05,2.4371510733145474e-08
1319,1332594,10,6.336631486192346e-08,9.043636964634061e-06,0.0024309750297106802,2.079788828268647e-06,0.002216185712313745,7.938069757074118e-09,3.387685865163803e-08,0.00212236287916312,0.0021129891247255728,1.0143026884179562e-05,0.03272680749796564,1.0245275916531682e-06,0.002121183897543233,0.00010557428322499618,0.003022336335561704,0.0002049911126960069,1.332300598733127e-07,6.134425348136574e-06,0.0021362888655858114,3.1253875931724906e-07,0.005224813867243938,0.0,0.0001655392479733564,3.4437107387930155e-08
1320,1338649,10,1.0177200102566564e-05,9.802982503387403e-07,2.227857459994459e-05,6.098636389714751e-07,2.6738640915041634e-05,2.510464659558065e-07,7.022220657737499e-08,1.2625028060694876e-06,1.7159035530026068e-06,7.951312043633085e-06,0.0006677065277223004,1.8835152935318955e-05,7.236492341883283e-07,4.7747289905857027e-05,4.20301818349067e-09,0.0007257632440937842,2.2492910955601575e-06,1.3006744830068584e-06,3.842654492609843e-06,4.302408175317629e-06,3.5880680937849796e-05,0.0,1.8148380321957036e-05,3.0571529890943694e-09
1321,1262803,10,4.941717992290595e-05,3.07431519824819e-08,0.0002490075485510057,2.8902927524249167e-06,0.0001256247779691036,8.446219602331606e-07,1.2361183066023074e-07,1.0885011480846196e-06,1.1035975995415948e-06,7.952775649078259e-06,0.0009548071701724198,1.2248443721468716e-05,3.837785588566012e-06,0.0004800484498398497,0.00013270706452683106,0.0001500614339877901,2.9911407761831765e-06,8.249920765285301e-07,8.291401895343942e-07,5.687078472108031e-06,1.3231583134709624e-06,0.0,2.2274662489968344e-05,2.8630449540323344e-07
1322,1891030,10,6.001906157376835e-06,4.242426245568143e-06,3.0609752997567963e-06,3.534951127565078e-06,5.861675447695058e-05,5.2888034229869874e-11,2.0275472391306781e-07,1.2955107166201518e-06,3.617979978109975e-08,5.475904326944503e-06,0.00010878401965745688,0.0011655401487497552,6.199177424073832e-06,1.2672899078636224e-05,3.231798597486124e-08,7.568929628454929e-05,4.903556702004486e-07,1.459293620909019e-05,7.506240808932696e-06,4.6170626768343714e-07,3.64193311133687e-08,0.0,4.0832057506441644e-05,2.873075746825937e-07
1323,1296781,10,1.0197167284786701e-05,4.201658157398924e-06,2.816927371895872e-05,3.036984708160162e-08,0.0005265597137622535,4.9200025387108326e-08,4.5842170948162675e-08,4.391044058138505e-06,1.1434167390689254e-08,1.7624952306505293e-06,0.0014847575330350082,1.9936152966693044e-05,9.121504263021052e-08,0.0012733701878460124,0.00034207504359073937,0.0032596433484286536,1.4049801393412054e-06,1.902694202726707e-05,2.550819772295654e-06,3.0386800062842667e-06,0.0007579198645544238,0.0,2.0378796762088314e-05,2.9249349609017372e-09
1324,1257905,10,1.99811074576145e-05,3.140380633939732e-07,3.686270851292056e-06,5.38263389564253e-06,4.090537594673288e-05,8.87055183716734e-08,1.9266875858625632e-08,9.78803832632838e-06,6.715618177111082e-07,1.7387942623087876e-05,0.00023317322327396847,2.1960673090085092e-07,8.104559522902066e-07,2.2967229194870153e-09,1.662656999926182e-06,2.3015366562573192e-07,1.1605520333635155e-07,4.5370372701372674e-06,1.0884969826874258e-07,1.3309387133543515e-06,9.292909847722491e-05,0.0,9.880228261612348e-05,3.316466258666828e-07
1325,1849276,10,2.496627380131622e-06,5.10903218676334e-06,1.4138991156258107e-05,5.39368341032076e-08,0.00014038889794343312,2.521160924681687e-07,2.779509653688672e-08,4.093019585760249e-07,1.73009265108659e-08,1.8404494512694325e-05,0.0011819863760361912,1.0324618497647986e-07,1.3176849031328042e-05,0.0001357228405218444,6.609861356793312e-05,0.0007924244066628283,1.4159583228146033e-11,6.708576084195339e-06,1.4214656145587756e-05,1.9647928628033218e-06,9.673554701251919e-06,0.0,6.773413681069457e-05,2.4106715096339215e-09
1326,1258433,10,1.8492180988448348e-05,1.2329187698625899e-06,2.490184121028277e-05,1.1639838912863576e-06,0.00013205546869571316,6.513623343473718e-08,4.165196832300877e-07,1.0818125101702547e-06,1.6455725288661016e-07,1.8145815128475795e-05,0.00015650008451240788,1.1146642527742889e-07,6.552174704618774e-06,2.9246045383513053e-06,0.00018036518633574722,0.0001261118726433169,1.2743633925893505e-10,6.250239537763935e-06,1.5399692330775316e-06,1.3051700159319446e-06,1.9067020780236255e-06,0.0,7.499732288390737e-05,3.1473996894154643e-07
1327,1331925,10,6.970511302224758e-06,1.0048503561503608e-05,2.8622191215063597e-05,2.3264084122315287e-07,8.206495725653074e-05,4.922212952784832e-07,1.3403519509569417e-07,4.686290285493833e-06,2.495606329928901e-06,9.736278558089562e-06,0.0250715566388972,2.3621643478508036e-05,5.6114007947194455e-08,3.552266455874448e-05,3.202228520376993e-06,0.0002528114082705826,7.615651359753339e-06,1.7417869458552504e-07,3.102518435891405e-05,1.3363794345251645e-05,3.2489510724181825e-05,0.0,9.623559656986996e-05,1.6961654426134176e-07
1328,1311113,10,6.350483725787309e-06,6.0033022620878396e-06,5.358288032283193e-05,4.960335760195722e-09,9.840078879557942e-05,1.1546551703309205e-07,2.1914061707623e-08,8.39921946543809e-06,3.311572093628312e-08,1.9097028014985334e-05,0.00125528545203615,4.495425218534188e-08,1.536768788594836e-05,1.1834103088328302e-05,7.319892286056229e-09,9.389680351980581e-05,1.3651953179733e-07,9.121651644770218e-06,1.4593052459498795e-05,2.0339012315635785e-06,3.294755944251507e-05,0.0,4.09608738029775e-05,1.2412779137882524e-11
1329,1316626,10,8.293049227933724e-06,1.958478131752761e-08,5.609944261415756e-05,9.022499828023611e-07,0.00013537925757806796,4.08467135726287e-07,2.5081284271699644e-11,5.160101007505025e-06,1.4386259988841132e-08,1.6240246718896012e-05,0.010338822368763503,1.2931665937382375e-07,8.179466325655693e-06,5.567695646392645e-06,2.959228765293115e-05,5.256016785983725e-05,1.4862612506411077e-06,1.1429311809543763e-06,1.3684836784599863e-07,3.5676388676283977e-06,6.14874193510806e-06,0.0,0.00028527136019484284,2.862710913945077e-07
1330,1305219,10,4.763791059750333e-07,4.376120476407008e-09,2.9594934925360195e-05,1.2555736639101311e-06,1.438122912765516e-05,5.943129007326964e-08,4.94445800865162e-08,1.0881231405981961e-06,1.4160956320376228e-06,6.349936804855155e-06,8.968228651851443e-05,2.2373865414648808e-05,5.153295062371166e-06,0.00011046097075153097,1.772598879031667e-05,7.761607840950369e-05,4.459592067157514e-08,1.0048652596725272e-05,1.6129270997734813e-06,1.9241533748270978e-07,3.782216766289037e-05,0.0,1.4588869779938451e-07,2.390672726101939e-08
1331,1387162,10,4.892883816096094e-07,3.7619171012540087e-06,2.7226051692863518e-06,8.262757248087699e-05,9.258032276490691e-05,1.3222027639425704e-11,3.2173755154310535e-06,4.852694430942939e-07,1.7945712627448485e-06,7.950833330216955e-06,0.0001582565096213892,2.6314338264721293e-05,7.538128315998094e-10,1.9445912417405398e-05,3.4950352167037457e-06,0.0008555600963102289,1.1442344561921058e-06,2.528110723966359e-06,1.9447905504399454e-05,2.6065922328136204e-06,7.395883405661441e-06,0.0,5.9441754457732754e-05,2.2882240324761938e-07
1332,1300084,10,3.0954808059105443e-06,6.734872964597738e-07,0.0002096720806555874,2.8554681587369957e-06,3.539923313283094e-05,4.6398054616425544e-07,2.225310540698855e-07,3.2371192270688742e-06,1.5458896614195528e-08,1.7223915714563443e-05,0.00030276045519083555,8.948650848106254e-11,6.100767876646151e-07,9.389650654408749e-05,8.118135242857205e-05,0.00032292460134103473,8.134814009352898e-07,2.190826863764095e-06,1.992377504846099e-06,2.8715829077166632e-06,3.9817166843210405e-05,0.0,2.5000963074499338e-05,7.257843079311321e-08
1333,1261163,10,1.391289657262651e-05,8.065567324730405e-06,2.601069155422353e-05,3.2914230085889784e-07,5.134984695887024e-05,1.1468344677662001e-06,6.334268278229693e-07,5.61938658918959e-06,2.8525643670784806e-07,4.1234254639227474e-06,0.00025122607880107006,2.171904206307862e-05,1.799935102728134e-06,0.000466566018324413,9.254535436255262e-05,0.0009572858024434472,7.620414368927908e-06,3.89399053196543e-05,5.10964193087271e-06,1.0959751187478162e-05,0.0003154221963354159,0.0,0.00017929797023602534,5.401430930307427e-08
1334,1812092,10,1.7163502477601789e-07,4.0918121668731544e-10,3.014028944176017e-05,1.917457961853053e-08,0.00020221139885759354,1.2262858253564435e-06,5.842267281064295e-08,2.274347378622421e-06,1.289822590122558e-07,1.5519883399206513e-05,4.706436795401392e-05,3.2304623476253624e-08,1.3684934046381825e-05,1.3103452622093004e-05,3.9441896532876886e-05,2.362361961061321e-05,3.846583045197249e-06,4.464866315556648e-08,5.431415098233749e-07,7.812993496308929e-06,7.34382292708613e-05,0.0,2.3710169854695984e-05,7.973498344915342e-08
1335,1331883,10,1.7463767427172705e-06,5.808855778818844e-07,9.04407066569593e-05,4.1130164996072693e-07,0.00017376896619007015,9.023642845440438e-07,1.9228084589817396e-08,2.8043436528873977e-05,2.630124272193224e-07,1.52899401457407e-05,7.885666556645826e-05,5.282597676653511e-08,8.067770946300346e-06,0.0001871428571443845,4.872122182154881e-05,0.00023286651570487982,4.0402394647781614e-06,1.7060612783614815e-08,8.449953038808244e-07,7.728865647656236e-06,4.4447994042295935e-08,0.0,9.545504768516261e-05,2.7609907831543934e-07
1336,1305409,10,3.516537541172274e-05,2.0378368722345774e-07,0.00022710535811514,1.674194321024669e-08,6.054878353711421e-05,4.896681219841714e-07,2.416579214063741e-07,9.778686219791277e-07,8.107888022079734e-07,7.895560400983381e-06,9.816283794705782e-07,1.3323632721815026e-05,1.6377973564331294e-06,1.5999740299612458e-05,3.237792335569756e-05,0.00032472024691523535,1.5618584533264035e-06,2.191788168615788e-06,9.229683328691729e-07,3.1553074788769064e-06,4.973203193651271e-06,0.0,5.056235076288107e-07,2.1539479365395575e-07
1337,1256335,10,2.9573033649768488e-06,6.050654345474138e-06,4.4353970429428236e-05,2.387361580577507e-07,0.00028103104970609444,9.59204773387512e-07,2.9462338968500035e-07,2.795433674075698e-06,2.471257920522163e-11,1.7893171011869324e-05,0.0005130208217339893,7.225611686131894e-07,1.78067491114417e-05,5.8216094883753455e-05,1.1088499307011779e-05,0.00024118053514240317,5.77009652287519e-07,2.9233802230493877e-06,2.3135364873645703e-05,3.5235538708433545e-06,7.849948819971947e-05,0.0,5.327081526382282e-07,1.3790667341417873e-07
1338,1256807,10,1.0875017608658055e-08,8.464232933158566e-07,2.2563235749561983e-05,7.908539260970127e-08,7.14438021819086e-05,7.165138050935216e-08,3.3529637094575904e-08,4.3008066869659745e-07,5.75769946421778e-07,6.098206145194185e-06,0.00017822184066924873,2.0069860848882792e-05,9.589208620972012e-07,2.313363921371825e-05,1.2816745212550218e-05,1.369081362447705e-05,3.6025398752331794e-07,1.3320459801929863e-05,3.1274632814048964e-08,4.2055879269364826e-07,8.237083248222032e-06,0.0,5.766533214893177e-07,8.826857300636703e-11
1339,1594042,10,3.564096672129674e-05,3.84109477821748e-07,9.761464964048658e-05,5.774083692428045e-08,6.452555742295085e-05,4.627054755665383e-07,2.432958047804412e-07,4.249560180448475e-07,7.743892548872644e-07,7.83990415982247e-06,5.4301074737563015e-06,1.3032966013085123e-05,1.7954282140707212e-06,3.0139932297352373e-05,4.329709062560888e-05,0.0003980032667565449,1.3222316532224276e-06,2.625773520698038e-06,1.5639267859149375e-06,2.6727568718729056e-06,9.364191770600688e-06,0.0,6.101054933586869e-06,3.009062835880594e-07
1340,1338849,10,1.6161722626112374e-05,1.785092168353486e-07,2.1932149215607433e-06,2.611482379773558e-05,4.657348360847732e-05,1.6940605855955693e-07,2.654505945078739e-06,7.448488663561181e-07,7.753353216018166e-07,7.509082897989849e-06,2.9595419428030817e-05,1.560390260078176e-05,3.8041884467820974e-06,6.734353732162912e-07,8.31767948489652e-05,0.00016409669298781196,5.951626930247866e-07,4.123843106797892e-06,1.9451646551468804e-07,1.3794436740724447e-06,4.326836578850274e-06,0.0,3.516599526233455e-05,1.0735861863050977e-07
1341,1260463,10,7.190992721914369e-05,7.248616739480296e-08,0.0007333266420817552,3.997184403338461e-06,0.0002842965372070738,1.3924134435391866e-06,1.0639548369412166e-07,4.017638222317266e-07,3.726999429493061e-07,9.303157247619875e-06,0.0011723758436278098,1.1559885159266592e-05,6.653857128863239e-06,0.00012166100215476455,6.593243966636353e-05,0.0006927393004182922,5.520547744365667e-06,3.711261544608879e-08,2.6020732716430794e-07,9.912774203604813e-06,4.1988216601542006e-05,0.0,5.32926717873583e-07,3.5410225847354315e-07
1342,1301915,10,2.904936933766783e-05,1.7681108985465044e-06,3.769729463564547e-05,6.0462936726790595e-06,4.966089894515441e-05,2.464007800850876e-07,1.2842590345618632e-06,2.0625147204716976e-06,3.8095431041662575e-07,7.18205914585629e-06,1.607631046616348e-05,1.2743068022319504e-05,6.9163995494794794e-06,1.7806215869629882e-05,9.91725364652557e-06,2.959223110352016e-05,2.9797954832072593e-07,5.4240253251347514e-06,4.747969614589398e-06,8.017409340102533e-07,2.0975449621291054e-05,0.0,9.564729407547656e-05,2.7350797768277424e-07
1343,1334253,10,8.663101474376544e-07,4.287379206997788e-06,0.00029998413387415795,5.292078926605326e-06,2.5201145448149054e-05,8.47485876677434e-07,1.0219995409052607e-06,1.0948583853837013e-06,6.511132785713691e-09,1.7894446682549525e-05,2.4835435236125747e-09,4.239484406101668e-07,1.6728047803567236e-05,1.4668725706712404e-05,2.905393161599379e-05,1.3465113072319568e-06,6.58606312042842e-07,2.6257593213827035e-06,1.5762853303666335e-05,3.3907738766353335e-06,9.174243004173022e-08,0.0,8.526878532352788e-06,9.903192967064545e-09
1344,1258249,10,2.809025535569637e-05,5.438696262100029e-08,0.0001437621651781268,1.3768173415945606e-07,8.288476243181048e-05,3.2770459339054314e-06,6.811469593637209e-07,2.2234870253434735e-05,2.11637177831292e-07,1.4290068499907271e-05,0.00259896233263162,9.412605084385683e-07,1.6242780478140095e-05,0.00015876051053075046,2.6214226882703695e-05,0.0005895196143268569,9.487126632977405e-06,1.1457095497532932e-06,5.153689236821191e-06,1.781939855657194e-05,0.00033379308547625,0.0,1.5446999971288622e-05,2.3950814213857807e-08
1345,1498017,10,8.90161056794625e-05,4.194106697497091e-06,3.163848873555253e-06,2.7508958236666103e-05,0.0003615265315559668,3.0250754967653393e-06,1.0540411210513412e-08,7.184246452851539e-06,1.0385466708839886e-08,4.783644214967353e-06,0.0008326959626430153,0.0010257548271503936,1.4774731837974286e-07,0.00016941183205787524,0.0015355107918999522,0.0018611215189316965,1.3341429948354744e-05,4.9497997327563326e-05,3.321521479193734e-06,1.831657317197255e-05,0.0024427110523070894,0.0,0.00025527716325868255,1.6993084273053682e-08
1346,1261456,10,1.6896151522650948e-06,7.728438417422406e-06,1.3442114355673163e-06,2.8964181816859558e-09,1.697736640495287e-05,4.618811124228184e-07,2.186255960989758e-08,3.0112491574557643e-07,1.8487826865948298e-07,4.839941594607378e-06,6.367990655441191e-05,1.8574965556936857e-05,1.165142410254616e-06,9.880254294790392e-05,0.0002099592720334019,2.101245295302312e-06,4.201721745814707e-06,2.9375007978532652e-05,7.235234139413987e-06,5.761807298169247e-06,2.265667664022586e-05,0.0,3.348609884101794e-06,1.288018053255402e-07
1347,1579110,10,1.5317050050533965e-07,1.714150553257937e-05,0.00018823946745225723,3.713591370524405e-08,9.348815116357739e-05,3.73817192256265e-07,9.550698185784023e-08,4.606741059627606e-06,4.604442091493688e-09,4.3692586619709095e-06,0.0010220816072431874,1.4517086376772403e-05,4.2318132709162626e-07,0.00017450401366640722,9.761627103598708e-05,0.000652293496667497,6.003195297844821e-06,3.5166827928236055e-05,2.6318414486303787e-05,8.276907957176227e-06,0.0006270025094032086,0.0,0.0005290016821240182,1.7019391949923968e-07
1348,1335818,10,7.769006146046697e-08,6.400971718396875e-06,1.9309499571934508e-06,3.91917062106395e-06,0.00012129160719048793,2.5603868150647635e-08,1.947986412037528e-07,1.9544301144633347e-06,2.991805057514507e-06,8.939303129923415e-06,0.0005354598009811723,2.6623929468581886e-05,1.1020378030274225e-07,0.00010363285107597292,2.1344255874716778e-05,0.00039920082759682674,2.2496880982963985e-06,1.1460962195397606e-06,2.5908855206334402e-05,4.541076455838455e-06,2.3618050381417344e-05,0.0,1.536763850834566e-05,2.0670117407278754e-07
1349,1598039,10,3.1243613603931797e-07,5.56825706389541e-06,9.794836057785972e-06,1.0784314668360606e-07,7.214990204355148e-05,6.548581683168964e-08,1.340216553222251e-07,1.6231702883381938e-06,1.4383262636682992e-06,9.058923792458484e-06,0.0008042900529824509,0.0010883390032173992,4.08135538691734e-07,2.0883972775588566e-05,2.7536898011895627e-06,0.00045283801993135225,2.5913680924832816e-06,9.005795000779915e-07,2.1436886118733622e-05,5.064985474673156e-06,9.027371631539771e-07,0.0,3.998615299767583e-06,1.6457098864219866e-07
1350,1267094,10,6.350059915279788e-06,1.8216848910249106e-06,2.8089041485775124e-05,7.287350382162439e-08,2.9129696272466032e-05,4.9364562645926036e-09,2.182327508634674e-08,4.691549616263335e-07,3.244462850986174e-07,6.707565767202078e-06,2.4304858496419085e-05,1.607968613070998e-05,4.161295631105455e-06,0.0001155622005598253,3.6966160664234776e-05,3.352388198847242e-05,3.204100291337442e-08,1.0111450048318205e-05,2.0731546850789873e-06,2.1619044471288262e-08,1.8575186204954075e-05,0.0,1.5919379269251077e-05,1.4109771170195406e-07
1351,1332632,10,3.433904833290494e-05,5.615013960388882e-07,0.00021844800604656212,1.6635148737467742e-06,0.0001934400654329746,4.095277822552257e-07,5.7402140180018435e-08,9.44273410397739e-07,7.560327405890799e-07,7.953083607157435e-06,0.00025631956278927837,1.3105109712575197e-05,7.6176793571934576e-06,0.00012769083699022687,1.6925183670205013e-07,2.256191786925016e-05,1.0599898980362399e-06,3.028814900309096e-06,1.8233258029312638e-06,2.256869938436351e-06,2.313643860726855e-05,0.0,1.4885435770349564e-06,3.015743203424459e-07
1352,1904061,10,1.0239537858270503e-05,9.978044751557391e-09,8.468399526690568e-06,8.356283220933847e-09,4.467007621341765e-05,1.2173363123785252e-07,6.749922534105002e-09,1.806379511422318e-07,1.2099573185632428e-06,7.952415323891904e-06,3.7699484208619793e-05,1.7473126921428717e-05,1.2776084359518436e-06,1.7336376202659043e-08,1.2109615273522834e-05,0.00027257988820863013,7.741160405090597e-07,3.571743477967515e-06,3.2399484526865474e-07,1.7064556451680535e-06,1.874912165660686e-05,0.0,3.4573998139064005e-05,4.356099030100591e-08
1353,1849109,10,2.101366696921972e-06,7.942366953353486e-09,2.6243942126986247e-06,1.1872244338531623e-06,0.00012140567451750933,1.0867319362797834e-07,8.951123727125865e-08,4.621023510512773e-06,7.386105910535401e-07,6.863522720468654e-06,0.0005239521726166426,2.3813977230668915e-05,5.286839831371293e-08,2.855313511228655e-06,9.211424694798714e-07,0.00020995962822865054,8.941888110340634e-08,1.0562180119903786e-05,2.957349955793123e-06,2.697919065219184e-07,1.1558817047039455e-05,0.0,5.791141189783085e-05,1.4020485860841148e-08
1354,1255130,10,1.3323375965573758e-05,1.5444682418892103e-05,0.00030695163527088426,0.00015326378337727348,0.00021318684290077064,1.3703699363008803e-06,1.0170590259320905e-05,1.4159484461821054e-05,3.154096081536828e-09,3.88192939323323e-06,0.0025492404874859938,1.9982224676851762e-05,2.8913375349215453e-06,0.0006007410979463612,4.6241468137756675e-05,0.0030052327811453325,1.0956177842538772e-05,4.7610128976364324e-05,1.3765046006222054e-05,1.5726352790974146e-05,6.731906908655216e-07,0.0,0.00035494497553337223,1.7967089984555207e-07
1355,1899029,10,1.8318352648451913e-05,2.5357945424020478e-08,0.00012034061532213008,4.883615026537308e-06,6.074984123874416e-05,5.472629563789411e-07,2.5048341275105135e-07,1.7307964266456005e-05,1.101939776985278e-06,6.249527667482463e-06,0.0007817611967357412,2.830189110679393e-05,7.394309358074724e-07,6.7600789304053666e-06,6.864009520820419e-06,2.926834359177899e-05,9.406896109495633e-07,1.6241247617544696e-05,6.350161235405688e-06,1.504450042901645e-06,5.569205027741719e-06,0.0,3.2604324966108156e-05,1.4473776308032704e-07
1356,1431118,10,1.6588170471260044e-06,2.6109989417474888e-05,0.002549232248800923,2.489555252768727e-06,0.00023901443252137555,3.6038242102742757e-06,2.0206035428183e-08,0.00020721712426952088,7.595582299235737e-08,1.0817989123210192e-05,0.003255840381873293,3.834928684331995e-07,4.492011019888165e-06,0.0006421088050166807,0.0014470349297652785,0.009410941103353637,2.8084448347842628e-05,1.4821074873258566e-05,4.408323099697187e-05,4.4638844607813866e-05,0.000562631161392671,0.0,0.0023184159993508147,1.0206403798646013e-06
1357,1833321,10,1.0176133553183031e-05,2.80956217221795e-07,8.23061729882113e-10,1.6886135391566692e-06,5.159335310309793e-05,7.335704376582042e-08,1.6521283718179403e-07,5.930524286171246e-07,6.563576215312672e-07,7.615640624819564e-06,7.397944002701662e-06,0.001150566779609584,3.4214757155467956e-06,4.450507982152463e-06,3.132821978439615e-06,8.500878833124503e-05,2.3832545784086e-07,5.6173847538948385e-06,1.222188032654059e-07,6.863067352966268e-07,3.385492976425153e-06,0.0,7.235527707004363e-06,8.70134859026761e-08
1358,1258118,10,1.0422114387134696e-06,1.0408304326053885e-07,2.0611005665787524e-05,3.348667068983624e-06,6.116768267809894e-05,1.5383174321488557e-06,3.0509643659387686e-07,2.5314204170571314e-05,2.960521964207735e-06,1.5682022621560376e-05,0.0012895291463009793,4.494233622059918e-08,4.623547903193775e-06,5.200320182575241e-06,2.4603189508729667e-05,0.0004721938469315623,5.335839395111119e-06,4.603039333722636e-08,1.363088625236375e-07,1.0286415215565031e-05,0.00016537984312086154,0.0,4.8843388685756994e-06,8.679222500418415e-08
1359,1916193,10,1.2387831116962567e-05,2.2780506489031294e-06,5.461019129392869e-05,1.0797496661774098e-06,0.00022254085820194724,5.324485450666772e-07,7.55462516363603e-08,4.6901876462265846e-06,7.744231060938245e-07,1.600017251806446e-05,0.00022831222722888983,4.59456237562883e-07,5.807678146500794e-06,6.839118235140579e-05,0.00018116811390437443,0.0001005984195049589,3.608465812023065e-06,5.755652703054448e-08,6.147656544087943e-06,6.51087218363211e-06,0.0002951522760622008,0.0,0.0017322226277908664,6.087963107942462e-07
1360,1280762,10,6.12955457918174e-09,3.407608879790747e-08,2.1253804539093923e-05,8.472884945390224e-07,0.00022011399844685392,1.1453784390241806e-06,4.681747221846333e-08,1.8523291141353537e-06,6.285976840297858e-07,1.6322280442293557e-05,1.528902907459162e-05,1.0563528121676491e-08,1.2891448990880183e-05,2.550368034334033e-05,3.745654666964526e-05,4.382762302449633e-05,3.842373942936073e-06,4.76547849168063e-08,1.107659532220695e-07,7.756085920983258e-06,3.3641744414614205e-05,0.0,0.00019994019351516484,7.930394013005992e-08
1361,1302901,10,6.758605405207674e-06,1.2319442409251813e-05,0.0004243590222305707,8.911225177953702e-05,0.00017739547852941434,4.898419043997126e-07,5.265090008622908e-06,0.00016092735279230747,5.334221568162323e-06,1.0822237229098086e-05,0.002300161850685767,2.3911546807496575e-05,7.741712397535405e-07,1.279988038060953e-07,9.54526497797259e-05,0.002135362952839698,7.727572573168473e-06,1.9352306552394838e-07,3.271745340031884e-05,1.3560768213245755e-05,8.190157781166191e-05,0.0,0.00025985249318320747,1.785913579868681e-07
1362,1251114,10,8.294408714994844e-06,3.596727355913154e-07,1.026513191809686e-08,9.609765349766902e-06,7.315305301680564e-05,3.9728013956352726e-07,4.05130820210764e-09,1.0955097662739e-06,4.620083585149537e-07,6.250457732014797e-06,0.0005076005371082992,2.460119194058752e-05,3.7203789243767105e-07,6.35036392897248e-06,9.859400946235497e-06,2.6214201734924003e-05,1.1454746688330242e-06,1.7472720760459276e-05,1.0817198580065357e-06,1.6357970733238414e-06,1.4288603123593924e-05,0.0,3.1472510735711806e-05,1.3479922653797383e-08
1363,1392329,10,8.372262426222313e-05,5.332812712081914e-07,2.0341259475042256e-05,3.999972495685733e-06,7.953586582445937e-05,3.737989016580623e-08,5.1473434483848e-07,5.0389514633882027e-05,1.3691968752255201e-06,1.9097438510896902e-05,0.0019298462265736477,1.8770904894327423e-06,1.5131276338495314e-06,4.134544885825084e-05,0.0004848805890529419,0.00015475457077649898,1.5644133592729315e-09,5.953687080850062e-06,7.291026803614431e-06,5.538008932964855e-07,0.0002569608422683667,0.0,9.30314633208057e-06,1.166540307996622e-06
1364,1321116,10,9.222141651131499e-07,7.896454377646911e-06,4.185955455795337e-05,6.560028783034189e-07,7.608449520362173e-05,3.856086607974263e-07,2.026386013154191e-08,4.0042867889902856e-07,2.2154879221122914e-07,5.291185289406364e-06,0.003503458693293132,1.831970733279578e-05,1.5394317955975956e-06,0.0003452165199405999,3.091534401657853e-05,0.0012694972978743932,3.6482750308819423e-06,2.7563767918667437e-05,6.969739450600476e-06,4.931179028663107e-06,3.1921216556370785e-05,0.0,3.3575422771908725e-08,1.012274113525169e-07
1365,1310073,10,7.343348702944924e-06,3.422067982480209e-06,5.327121046019845e-08,4.493644086649845e-06,5.261970263696625e-05,1.8390792662359434e-07,5.313451961648508e-07,3.7367208470667768e-06,1.2174917612267633e-07,1.9713775780243192e-05,6.225174345838441e-05,3.221513843881807e-09,1.6513870517570473e-08,9.940090844713645e-05,5.5056298110933016e-05,0.00021286705791183705,5.79968304631473e-09,6.1501547607284435e-06,7.022429764327182e-06,1.6552838376059087e-06,1.4137403800192072e-05,0.0,2.7247727307822683e-05,4.6431806722396773e-08
1366,1891107,10,3.90633148885898e-05,1.5367065960354004e-05,7.482373510924248e-05,1.3238060198109136e-06,7.325245967651148e-05,7.952662912230624e-08,4.2019986801547504e-07,6.540920456168942e-06,4.0998121237159624e-07,6.100938615867524e-06,9.609168050705996e-07,9.120650385312928e-06,6.052721559769714e-06,0.00027789021465273595,0.00035721142940774164,0.00013688991990112864,5.934335866771001e-07,1.5683080936718108e-05,3.5880125861337264e-05,6.057371989207083e-07,0.0005659646389123661,0.0,6.2504826992756946e-06,1.13193614959331e-06
1367,1334858,10,7.2355046554090086e-06,1.5602101589073936e-05,1.1421937237535151e-05,2.2828132335839246e-07,0.0001378200433698462,5.787254574174394e-07,7.516256557427159e-08,3.481311303399348e-07,3.170093357887649e-06,1.1288303867429406e-05,0.030660015856556658,2.460082017878562e-05,3.0366457688668635e-07,3.624209804951872e-05,3.4341521561981336e-05,0.001600798099741646,9.241886332472804e-06,6.094681092028154e-07,3.981691417954958e-05,1.6135934713570887e-05,2.3618384737023046e-05,0.0,7.844077989926923e-08,2.4954850806613305e-07
1368,1305687,10,1.9601627087306728e-06,2.311473961656013e-06,0.00015700110182716165,2.280790721329029e-06,3.315564063675197e-05,7.211655881841916e-08,0.0,7.088389248829929e-07,1.4408557986109183e-06,8.940529180202078e-06,0.0002340911119727493,2.2183783861928763e-05,1.8460405223214016e-07,3.1684786593495773e-06,4.8401720222183975e-06,0.0001932104043985694,1.6140678536051556e-06,1.9318049352679e-06,9.54808580848343e-06,3.2781832576683767e-06,5.0179397311604645e-06,0.0,2.352203306205114e-05,4.853097474236123e-08
1369,1295417,10,3.3900952156051822e-06,9.364472793926826e-06,0.00037674540452833916,5.903685944885773e-06,0.0006591567723646108,2.8905415273006163e-06,8.1200843021767e-08,6.219393824699604e-05,7.23815122713467e-06,1.289249135508208e-05,0.0009916143551715606,2.2908542313127e-08,7.133420658334e-06,1.764247014418574e-05,4.203018377779699e-09,0.0009180844761401685,1.7221893425206636e-05,5.950794661924164e-06,1.1491946273256559e-05,2.835313256047134e-05,0.00030380148168263066,0.0,0.002559345410851094,2.2092891635572265e-07
1370,1294667,10,5.603306923868123e-07,1.6729747188276578e-07,8.500776460783344e-05,1.2212138767592196e-07,0.0003225547310074933,2.97495500456435e-11,1.2568017598163506e-07,3.2233788691687915e-07,4.463917503416681e-07,7.95099530390836e-06,0.00037442111425424474,2.1250602153716214e-05,5.909415093513504e-07,1.4618874851074493e-06,1.3540642048753826e-05,1.0047323752440662e-05,2.0067997423545147e-07,5.7112419327084996e-06,2.689355076246347e-06,6.821078858479379e-07,1.310249252618051e-05,0.0,5.426654491248739e-06,8.826857994526094e-11
1371,1370308,10,7.395410758559429e-06,7.195475570029308e-07,9.939932310570887e-05,4.60259935150531e-07,0.00035157423445127817,2.4013696096267245e-06,1.5971375023210443e-07,1.418217750991102e-05,7.555696297789627e-07,1.4899358644973604e-05,0.00085497613014128,1.3717199500579147e-07,1.656540265942974e-05,0.00015475299400808523,8.779824833604621e-05,5.82171089066677e-05,9.242326294588155e-06,1.1249749678129972e-06,9.884403989746104e-10,1.6474682744710423e-05,9.063157342131811e-05,0.0,0.000719847143913703,3.237659864513409e-08
1372,1315832,10,1.0191549706869973e-06,4.162114870032152e-06,0.0003125816193000619,3.420972905461561e-06,9.146312791755845e-05,8.813642341440331e-07,7.408343332682144e-07,1.6373554137180668e-06,6.178148270752359e-12,1.8748006455272803e-05,1.011301799548614e-05,3.976029723379293e-07,1.6159425247838644e-05,2.304063641347942e-05,4.4622236982108654e-05,5.929593141149048e-07,8.077330375250158e-07,2.309405019891575e-06,1.4363443860243574e-05,3.6157492434713e-06,6.198837917165134e-06,0.0,1.6975135856314716e-05,1.5469090640374272e-08
1373,1590044,10,7.617532917451181e-06,3.6486879536265504e-06,2.561078934613936e-06,1.4171631710808985e-06,7.146357714122101e-05,1.5676899049743565e-09,3.524664856507931e-08,4.840674176602444e-07,3.245849549485258e-07,6.8649868009279524e-06,4.569823193087061e-05,1.513295492838046e-05,5.616922282274811e-06,1.6402191781630937e-05,9.547968097333576e-06,2.0296397258007248e-07,1.8458892305991959e-07,1.2249773121843222e-05,4.753396565179702e-06,1.336478098815097e-07,1.0003386115634005e-06,0.0,1.6080690037927753e-05,2.3891550032101305e-07
1374,1380034,10,3.64976585842669e-07,3.363638825248927e-06,3.161873610224575e-05,3.6161509342491627e-09,9.972291445592418e-05,1.1503288988023996e-08,1.1867086868733168e-08,1.3558747014030814e-07,7.55971996113658e-09,1.0098083293996751e-05,0.0017707947554299608,2.0616425899788737e-07,3.588880645111203e-06,0.00022043035278329626,3.7467616493813694e-06,0.001019814153551124,2.255546860396862e-10,2.747925464063883e-06,7.378657755907625e-06,9.606446838006377e-08,2.8623908292502165e-06,0.0,0.00014577052934328094,2.6557245291769505e-09
1375,1375087,10,2.0690598193096044e-10,5.808908001701113e-06,6.922428523383276e-05,1.444294059349538e-10,0.0001290616868102508,5.798502227330471e-07,1.4834896373827622e-07,6.052739450340683e-07,3.6035852045424033e-09,1.9537967583416194e-05,0.00010753698403622933,3.156770162562883e-07,1.901131373511708e-05,8.761111119978335e-05,3.920010233398469e-06,1.281819797300382e-05,1.9564024957008375e-07,4.327189968046652e-06,1.6647188192456253e-05,2.4947202901873244e-06,1.4822847537482309e-05,0.0,8.704996277930643e-05,1.1243800522586778e-08
1376,1251603,10,7.551642752593596e-05,3.346316770111435e-06,3.552182551775501e-05,3.310754722728182e-06,0.00015294623470209212,7.884709684186086e-07,3.8209278505063615e-07,8.798317203011219e-06,9.61003146504602e-08,8.40689760375074e-06,0.0001768895490934369,9.299881848535974e-06,7.670080468764884e-06,3.09572914770212e-06,8.526699485623956e-06,6.888671458527701e-05,1.1651483412533636e-06,3.060573838913061e-06,1.218040931340314e-05,2.4928182900604834e-06,0.0004149342430848149,0.0,0.000509402470532612,7.716646791694481e-07
1377,1311001,10,9.795953082973596e-06,4.7953119169663605e-06,7.814533460753781e-05,6.889610313920436e-07,0.000135403160490509,9.048807041167617e-08,4.626512530928051e-07,7.301529470510326e-06,1.4387886467931432e-06,8.585093490706686e-06,0.019751495601729903,3.002892628518883e-05,1.2061006360308824e-10,0.000293780569671144,7.744089435660073e-05,0.001148532124322879,2.8109832785755406e-07,4.973543090404375e-06,2.5807090164427227e-05,1.1774259849606228e-06,0.00014376038801626467,0.0,0.00012056011632230468,3.743823240726085e-07
1378,1280790,10,2.9159321981914177e-05,1.3756053143798574e-08,0.0002277067332830604,1.5861264926891883e-06,0.00020765811678068874,3.9520472365495163e-07,1.3712187413306154e-08,1.813033961295396e-06,1.164248702542614e-06,9.059775334628595e-06,0.00048531992036981997,1.4745289416966123e-05,4.882608963280299e-06,0.0001162069833405277,1.406277523655075e-05,7.482001952550249e-05,1.6125377082926162e-06,2.1299638334609794e-06,5.5214859462360266e-08,3.1619794503626175e-06,4.760874395335485e-05,0.0,5.31412433622952e-05,1.4608003014865423e-07
1379,1559147,10,5.857053886483554e-06,1.6380191465922844e-06,0.00015500332285545149,9.044732345100948e-07,0.00020075039214631496,7.395430918349932e-07,1.760122183419588e-08,4.0088114164046895e-05,1.6382330952288693e-06,1.6730095886791085e-05,9.940234477969628e-05,2.0198055112469193e-07,6.707871979094726e-06,0.00015500378228892886,0.0002788918670177179,0.00044859349917395624,3.999435621890313e-06,1.498696982488168e-08,3.0623732420326233e-06,7.376335710920778e-06,3.7454034184758456e-05,0.0,0.0010150613024364971,4.577666698202254e-07
1380,1314289,10,3.1069354315682585e-07,1.1422368269439764e-05,8.09993770063272e-05,3.608811213376417e-06,5.832378435112473e-05,1.373751035288473e-07,1.3235672591260794e-07,4.2410670936243733e-07,2.2781875970850907e-06,1.0625390370805343e-05,0.001578472201097053,2.651999442564168e-05,3.015253324800682e-11,2.5806306461303996e-05,1.3104220916174136e-05,0.0007812021853804141,4.45178631161558e-06,1.2210014370406252e-07,3.410362066273709e-05,8.158006814029672e-06,1.4151694953806748e-06,0.0,1.780892927154276e-05,3.4629833098320795e-07
1381,1442085,10,3.102430432318226e-05,1.2934313452228619e-07,2.684106123543306e-07,3.1920301382791505e-05,6.0630233914532594e-05,3.8359053023545586e-07,4.769676726627814e-06,6.240564102838464e-07,1.6113522973495997e-06,8.999679495559632e-06,2.060972256093252e-05,1.4288504864776175e-05,1.4447707051556957e-07,1.0889482546030949e-05,3.5162896415537326e-05,0.00045967229070274784,1.345436607985695e-06,2.526077350899214e-06,3.5829327717923354e-07,2.733828427740892e-06,0.0002815669052582334,0.0,9.939906943323695e-05,1.3113689834032272e-07
1382,1330642,10,3.1024504692920424e-05,2.560142388075698e-06,4.044956689050472e-05,2.607892107091281e-07,0.0002483064452156354,4.343656007793628e-09,1.4317732992610854e-07,2.1567380556846566e-05,7.877517474788598e-08,2.1344888349473373e-05,0.000544756490584445,1.6732541588751482e-07,7.1824551383520285e-06,5.6852838250333326e-05,0.0003097604551946312,0.00028696457296909644,1.7706519735150028e-07,9.181746373126964e-06,2.3097263120754052e-06,1.5359712417853388e-06,6.855921561501124e-05,3.3496871248983595e-10,7.344128440781722e-06,1.5027822842725302e-07
1383,1880486,10,1.4458084701685081e-08,4.4127409512609295e-06,5.947858086156887e-07,1.571366337743685e-08,2.965795161444934e-05,1.5949712621129986e-07,1.0032516484237419e-10,1.8446700550886486e-06,2.052711809141794e-07,6.45209484060813e-06,2.497491035362287e-06,1.8578744613109016e-05,4.009888237427317e-08,3.080380763938878e-05,5.3144532851417264e-05,4.974195339749188e-06,1.4899795936634819e-06,1.9361539912627485e-05,2.6896005520388178e-06,1.8284020393520561e-06,5.9291394239702894e-05,0.0,9.331577947514075e-05,8.425392319585945e-08
1384,1313177,10,4.583406467417381e-05,4.765475365015037e-09,1.332303196703924e-05,7.064861526212551e-07,8.320746118517172e-05,6.718803213651148e-07,3.381457177493996e-07,1.9346743892721674e-06,1.0412963831682442e-06,9.672761218153247e-06,6.496485312556394e-05,1.339568245990394e-05,6.96883979361268e-06,8.064090524740122e-05,1.0499122270538064e-05,0.0004012001936896624,2.5926037299436877e-06,1.1028763498392713e-06,2.218373180776223e-07,4.937567796636094e-06,2.342604481090152e-05,0.0,3.611924008409262e-05,1.500132721411751e-07
1385,1304183,10,7.87872960275604e-09,6.000661782142036e-06,0.00019182029233857922,6.045221587550054e-08,5.008394030970448e-05,5.76545166157405e-07,1.3087909627590433e-08,1.1581588446364643e-06,2.5936331232018217e-08,2.0248591628392598e-05,4.8301156894699215e-05,3.004635054648652e-07,1.797691222304998e-05,2.051927143067664e-05,2.079364176613488e-05,1.3986404210551001e-05,2.3016757729615867e-07,4.120115625751847e-06,1.6319539745894562e-05,2.570064179949899e-06,2.479245688018217e-07,0.0,0.00012723770929119402,6.0203865226426956e-09
1386,1290812,10,8.911603282896197e-05,1.0826174307476677e-05,0.0019088166869936501,0.0038688424099594526,0.00404937971360142,7.729939079256787e-06,0.00037733085206356765,9.822584978723403e-05,1.796315251018088e-06,1.1290519460013804e-05,0.0007617603929437056,8.650703038765029e-07,1.7980304162487637e-05,0.001002355985504813,0.00036176320474895496,0.0003632861171462831,3.612214751266829e-05,2.0976895288640773e-05,2.7245233732292595e-06,5.934611225301423e-05,0.0004915124716894648,0.0,0.0010824126265023132,1.815828677698139e-08
1387,1297580,10,1.6726804046782173e-05,1.0176069293793555e-05,4.927474894722561e-06,2.04486277415733e-06,4.3150507279106354e-05,4.283431803697724e-09,3.773934581507987e-08,3.3840891373940196e-06,4.4812280976247454e-07,6.811627024511102e-06,0.0009740632120444279,1.2318964333818405e-05,8.821309517376141e-06,1.3454068495816207e-06,9.880385328803198e-05,0.0004981818112833117,6.554806300795857e-07,1.5839594578098692e-05,1.697371378590884e-05,6.625733392426336e-07,9.254469869612175e-05,0.0,0.00011448967158689954,4.78152947167021e-07
1388,1900801,10,1.6205449355766177e-06,6.057030986994505e-06,0.00028263608692213893,2.0307197701185942e-07,7.508260023314506e-05,4.2782630771398544e-09,9.531504474580288e-09,4.900211934000254e-07,0.0,1.1203897884115577e-05,0.0049193403974641114,2.148444764316082e-07,6.078742444515228e-06,0.0005650305829476565,5.503387365024537e-05,0.0014449948503170162,5.98374754190445e-08,4.8564543249085546e-06,1.0856063454411924e-05,1.6772537492215633e-07,5.499689723365009e-05,0.0,0.00034878602309618145,1.877197064459324e-09
1389,1249304,10,3.881229074355341e-05,2.4944179318961424e-07,3.3524267759439674e-05,2.9235277106444413e-06,4.847571055814279e-05,1.1233836388624407e-06,3.525529284967299e-07,1.1275609114180796e-06,3.13402659980061e-07,6.400852635639331e-06,0.0010982599050694472,2.9811049085896185e-05,1.9875477599504143e-06,3.609518837602993e-06,5.759280266512401e-06,0.0003530641271704653,3.0975583864868705e-06,2.4601675784292204e-05,4.161730359816818e-06,4.6282395582027125e-06,0.00011772222862437356,0.0,3.648204609331407e-06,1.3254894563191622e-07
1390,1546021,10,6.480172688645702e-05,3.046970243720387e-05,0.0005303808565607984,0.00012298866442196632,0.00037269395974864894,8.00844950629015e-06,5.572959988472959e-06,0.0002282225935908433,2.0150155727316488e-07,1.0111148819325066e-05,0.012062628997405872,1.2189308619403594e-07,1.224981330077285e-05,7.693407622078041e-08,0.001573708901301811,0.0026915352242044485,4.747269629622186e-05,3.2489284223037596e-05,2.4900358102784848e-05,7.644552381089187e-05,6.146411275560065e-05,0.0,2.9485545251180245e-05,3.0890648167886114e-07
1391,1340460,10,7.728692962893913e-06,3.348701178858271e-06,6.916487084288742e-06,1.1887099904232812e-06,2.7345568426470623e-05,2.299038763323158e-07,1.724321090773584e-08,1.279583823191044e-06,1.9314370857288765e-06,1.0367455345192816e-05,0.0017724088250088942,2.0700985821211354e-05,9.792713836706546e-07,5.061674084937823e-06,6.17794092017121e-05,0.0008094014032406435,2.9239252706120267e-06,7.559966374824645e-07,9.424269205495633e-06,5.4672683721286586e-06,1.9535874510534512e-05,0.0,2.7772228093667778e-05,3.386987369735639e-08
1392,1343871,10,1.115473841397166e-05,1.7388051301078095e-05,3.080241056166444e-05,3.0278293035486403e-06,6.08096533347216e-05,7.805316191988876e-09,7.362525329922265e-07,4.163849224685101e-07,1.0974146781583816e-07,2.3911515323781635e-05,0.00043222310630955385,1.1600900842387296e-07,3.1314781801308755e-07,0.00019656005743479837,9.216141182186513e-05,0.00041575346100881233,1.6652557214731634e-06,1.7057249455526557e-05,3.0251303231389887e-05,4.55320790099939e-06,0.00015450540871520327,1.384551102240339e-09,0.00010160687087232972,8.145796731584554e-09
1393,1292316,10,3.687524440465495e-06,5.892205081181601e-06,4.6100594772724435e-05,3.467648639343679e-07,3.999128603027202e-05,1.0732037480920553e-09,4.398316377773881e-09,4.356479621492326e-07,1.5279510989785194e-10,3.2425996323581785e-06,0.00037234238334349357,1.2052845704602078e-05,4.863286449108273e-07,0.00016153089018189348,7.822974657756276e-05,7.62120180297643e-05,2.5805638870224357e-07,9.020030120154843e-06,7.1079120971262455e-06,4.610810719896108e-07,6.071465031709522e-05,0.0,9.01089260878507e-05,5.2979885367676616e-08
1394,1528034,10,3.025045312491509e-05,6.080810773870238e-07,5.245220552160812e-06,6.32388316504362e-08,5.6940543420924694e-05,2.9230741999813903e-07,1.7961691320400597e-07,1.5649421213626002e-06,5.786526472220666e-07,9.121614724369453e-06,0.0003426200333695173,1.3987295796380472e-05,2.5941589872069404e-07,4.475706471247093e-05,0.00011620776995130422,0.00031790840627406863,7.913760298877692e-07,3.6484639593173385e-06,1.2104964247361405e-06,1.7391125885085623e-06,0.00023994016560864584,0.0,9.05979946962121e-06,2.0470094348051804e-07
1395,1892149,10,8.58411031676512e-06,5.855661103403714e-06,3.7634143827819377e-06,1.5189564286227641e-07,3.368152599405802e-05,3.305515583473806e-12,4.154514825979727e-07,2.9239809452158427e-06,7.388192697077578e-07,7.4526858499825155e-06,2.7877611977828592e-05,1.4744900149101653e-05,2.073763237950277e-06,1.0239331376827449e-05,4.502331966526815e-05,2.492457584213348e-07,3.8414908137482384e-07,1.3837866538714966e-05,7.075712686148428e-06,3.362279159258019e-07,9.024610992426629e-07,0.0,1.2744182070548171e-05,3.083892820866796e-07
1396,1311631,10,1.0242986374014301e-05,2.7887729936587613e-06,5.8831268588323965e-05,1.2115180694771688e-06,2.213541650069803e-05,5.95232756989833e-07,9.83563435870416e-08,7.85990706569234e-06,2.916194352040047e-07,6.6053449856648405e-06,7.953352333653352e-06,2.3331546301953027e-05,1.0121847967420328e-08,2.0612809949201172e-05,9.273930082453682e-05,1.1091189125712886e-05,2.7566784641143427e-06,2.401147236961651e-05,5.289508271319465e-08,3.845599418388773e-06,7.039282671191319e-05,0.0,3.375627801149514e-05,1.9178791887952684e-08
1397,1500086,10,5.882750983208715e-05,1.1423546120523792e-05,1.9044174831561733e-06,2.3085147667668837e-06,6.492591039111359e-05,2.9066854441428536e-07,3.7813282503795786e-07,3.608837873101539e-05,1.665130560726813e-07,8.008515146391143e-06,2.5602342418371005e-05,9.059944876800563e-06,7.127782805271127e-06,0.00024963811325133534,1.755471078261281e-05,0.00034003367845121535,1.2743628374778382e-10,9.484520652025541e-06,2.5299416578725836e-05,8.705867787089927e-08,2.519862042087151e-05,0.0,0.00010160584779425608,9.129485765355105e-07
1398,1810306,10,1.036811608377472e-05,1.3613903013433987e-05,0.00017982627753582864,1.2927738648679798e-07,3.0457344722067958e-05,9.992757424130694e-07,1.896772842957528e-10,5.013767379609402e-06,7.848853867536976e-08,5.429148913740217e-06,5.836833169734976e-05,2.0247877083941213e-05,2.340756442016645e-06,0.0002449211978503181,1.892045061897482e-05,0.0008328997247153934,7.673248812387068e-06,3.906061057959778e-05,8.351313590615472e-06,1.0834926018166158e-05,0.00010608925809463265,0.0,0.0001503079625144628,9.36053013815552e-08
1399,1578063,10,9.30048239183856e-06,1.1628703877605145e-05,0.00013548914132435405,6.656186750685078e-06,5.954776150112612e-05,2.0962771057203566e-08,2.900481692637291e-07,1.5815013259416755e-05,2.4962693251431856e-06,1.0432573424649233e-05,3.1809143467006334e-05,3.169721825305172e-05,1.7418893140178082e-06,0.00015725050182479813,0.0005400956799678641,0.0005579025089883054,1.343016171967415e-06,2.072585348473349e-06,4.160111358672211e-05,3.210039276696497e-06,2.6316354976543138e-05,0.0,0.00010588271516327741,6.785779621647225e-07
1400,1250397,10,2.7558836349951543e-06,2.212893030206775e-07,3.794565882584561e-05,5.187380275988029e-07,3.2184977242777357e-06,3.2912589147116034e-09,1.1087299099654668e-09,3.712194561692611e-06,6.246659404358923e-07,8.761756603359316e-06,4.97332145889956e-06,0.0011323230545063623,2.708410517388016e-07,2.34256946821422e-05,6.905613660179721e-05,1.6565276529299094e-05,2.6085203178038974e-08,7.56280642334739e-06,6.321446753901339e-08,2.2484384020610149e-07,9.61088286990236e-06,0.0,1.8768210867381452e-06,7.025467665955354e-09
1401,1308568,10,1.8769994819672897e-06,8.58445538571423e-06,5.01776686994207e-06,8.40958724948257e-06,4.259107369464221e-05,1.439912407329158e-06,1.9294365532357416e-08,6.240492112945251e-06,1.6373319756020355e-06,1.5999369449151007e-05,0.0024502489576951024,2.9061484671175086e-07,2.689463528014746e-06,3.4575143258833846e-05,4.871996357864311e-05,0.001186803500253672,9.670910441232639e-06,1.487202636367424e-06,1.225000765522205e-05,1.6121946267287635e-05,5.685188187514248e-05,4.676666033598398e-10,0.0005503721142427372,7.319284401445525e-07
1402,1904352,10,1.6162423771226564e-05,5.054665020362559e-07,0.00026017905668019453,1.4653029240044302e-06,3.084483445942032e-05,2.306822222353233e-06,5.795693762411513e-07,1.2383959833793534e-05,6.103625752318376e-07,1.780907743147847e-05,0.001601596709802644,6.400988407581631e-07,1.5996876966101192e-05,0.0002442980836241185,2.351893896282431e-05,0.0005740819980268458,5.761670731414814e-06,6.010479999818408e-08,6.351757040091999e-06,1.158634922313051e-05,0.0001227644933523772,0.0,0.00010301888872780302,3.4479925858921234e-11
1403,1296793,10,1.7222334672609835e-05,2.5592201427365735e-06,2.8508900865031883e-08,2.249332023338685e-06,5.026353251096072e-05,3.828527197387299e-07,7.831483787856808e-08,7.411143390163161e-06,1.5116703817978638e-06,1.1021712189553806e-05,0.0005414927507504975,1.874907653764274e-05,6.088709366552925e-09,5.711366940479995e-06,6.3496035744847745e-06,0.0005080518869619785,3.45935424834673e-06,4.89879947624533e-07,5.710354739282136e-06,6.410911351926313e-06,1.2905210951263957e-07,0.0,8.262686684825174e-05,1.1171488040195854e-10
1404,1257839,10,1.5136443044759529e-06,4.580461836233007e-06,5.5354495130756354e-05,1.023119365978209e-06,2.3967334678094004e-05,7.88775105751982e-08,8.158840063207662e-07,1.8722109842266021e-06,2.7237809136528013e-06,1.0694507611583304e-05,8.655638849622282e-07,0.0011002490901089942,4.2300259791086536e-07,9.438592354013564e-07,1.0113898757390521e-05,0.0005788851182476316,2.1326897331960804e-06,1.3025285666747044e-06,1.4140060321854442e-05,4.246416047168355e-06,1.5145799657709236e-06,0.0,3.018349248665175e-08,1.1803653572964312e-07
1405,1317496,10,3.2490511779253994e-05,4.493878481205693e-06,4.202691999653785e-06,5.758687067418389e-06,4.843600877462578e-05,2.97495431067496e-11,1.003251856590559e-10,5.20937406683214e-06,9.994799918255914e-09,2.3136630164316552e-05,1.0890206534386326e-05,1.099534462714602e-07,7.616774166718798e-06,2.756246902752002e-05,0.00013759443117202647,0.00014161118645211745,3.968965500977806e-07,1.0956330467916386e-05,4.451448984484074e-06,1.961176592353564e-06,9.922578547372218e-06,0.0,7.378803859286326e-05,1.8115674340485333e-07
1406,1420185,10,1.611347327304391e-07,5.760926297324054e-07,0.00011772175947735719,4.775592035571874e-07,0.00012249068427371695,1.4144062321849726e-06,7.147664497081374e-08,1.3847524184068538e-05,3.0082923285074115e-07,1.7807136707369275e-05,0.00018823759086945835,3.221513764084527e-09,1.1561899872732095e-05,4.435413092851448e-05,2.1623004873225216e-05,0.00021609118888567952,5.47374289314867e-06,6.77535708787369e-08,6.389717763233271e-08,1.0278412537222115e-05,0.0001258880519404218,0.0,3.782280966867918e-05,1.8880533913384623e-07
1407,1880513,10,3.6486188720215307e-06,6.29562278767204e-08,0.0001188095330102272,4.622306389305553e-06,3.6119194944707333e-05,6.557590247653622e-07,6.287214682557107e-08,6.506234683598816e-06,2.918752061223384e-07,1.9183864115174254e-05,0.0006390782209171053,3.600543192761041e-08,3.7699855471737265e-05,1.0048459499718138e-05,0.0001915452687457457,0.00024460900602297705,2.3410001351586995e-06,4.895663731074862e-07,1.6550675916576774e-08,5.1267236332863675e-06,0.00010815945247421091,0.0,2.958081201306917e-06,2.5381336834010004e-07
1408,1878612,10,9.241947707787357e-06,4.148396098510587e-08,0.00010465291092681683,3.5730074723905325e-06,3.2086636746163355e-05,3.252643278432721e-07,9.396954084306408e-08,2.920996890649896e-07,1.5375375586532125e-06,7.953493431019781e-06,0.0004897380537617589,2.540252065084611e-05,1.9428102532650926e-07,5.954885370078322e-06,5.285451775762645e-05,2.0182271347028713e-06,6.242269434027226e-07,1.474688080036965e-05,2.889996684973112e-06,9.777040280260774e-07,2.5603732845495136e-05,0.0,0.00014496150510482156,7.859395934409208e-08
1409,1452065,10,9.36438913372653e-06,7.226886953974609e-07,0.00020620929580877564,4.325994698715224e-06,6.758120040743082e-05,5.334549141970679e-07,1.595429979101004e-08,2.722899553892627e-05,4.3757274737626917e-08,1.9009380766907974e-05,0.0011655405932656446,1.9376221167821672e-07,2.656386922553211e-06,9.561328664572932e-08,0.00013994913698294614,0.0007241489887477304,2.528306145659076e-06,3.851944901413218e-07,1.3453451717625187e-06,5.099387855735105e-06,0.00015351279319585076,0.0,0.00040320622876255374,4.731111005427946e-07
1410,1302719,10,1.1355698837527128e-05,9.014787567401816e-07,2.5000414301871304e-05,8.270607060774371e-07,4.3338064787946246e-05,2.312901882413343e-07,5.892821801842252e-07,3.9121256967603046e-07,1.5877088547153195e-06,8.702484640684544e-06,0.00018036519729857509,5.476760763373223e-07,5.284540843461527e-08,3.969106099066533e-07,3.248042604805934e-07,9.781307995677946e-05,6.188591114911213e-08,1.0048308295415587e-05,1.0628501099233661e-05,4.286322767450834e-07,2.125183570303446e-05,0.0,4.326328663199763e-06,2.2212492352402524e-07
1411,1876263,10,8.470068287663723e-06,3.03140300035587e-06,9.003816316258129e-06,7.188571511662634e-08,6.482418571493453e-05,6.944418540211217e-09,3.2045730305463316e-08,1.6336784970788498e-06,3.613637555854865e-07,8.468607179415444e-06,2.3458383920371695e-06,1.5765577555670873e-05,5.250533416434333e-06,8.354293393800227e-05,1.4903170372462804e-05,3.159005606832854e-05,5.49675645833414e-08,1.0567862185326127e-05,2.7245466988623512e-06,3.079518998139186e-08,1.0403070140052595e-07,0.0,5.111796504739252e-06,7.383227250412627e-08
1412,1473025,10,8.408864172231717e-06,3.882420439773465e-06,6.789916758222908e-05,2.4971265378329055e-06,3.899107918656913e-05,7.73501340024102e-07,2.1448148529445987e-07,8.703407341350416e-06,9.99884591391248e-07,1.7978433147162326e-05,0.0009461775622038489,3.469634025470014e-07,3.3502001971774664e-06,0.00015750369360753233,1.5446579646884867e-05,0.0005880620645650203,4.9273643583577775e-06,2.24032713248834e-08,6.503875264633058e-06,8.742828953758885e-06,7.603852765673477e-05,0.0,2.5916277817533695e-07,7.407350830525294e-07
1413,1305946,10,9.722079419333812e-05,3.610665309447536e-07,3.102515580289539e-05,2.342142073348541e-06,7.453139720110108e-05,1.3013456024169034e-06,3.534341624020221e-07,6.638492536097107e-05,2.6075574494077713e-07,1.1089643953604567e-05,0.0001320208409030868,1.0177509618895797e-05,7.4000612156344125e-06,1.9982680723375223e-05,0.00012056035280585964,0.001029769425301072,3.9210925777133365e-06,4.2323269244110007e-07,3.1690772601469797e-06,7.277548120819544e-06,0.000275228205990824,0.0,6.241139608467033e-05,4.4101800925067103e-07
1414,1282463,10,3.804066009433643e-06,3.424024341974752e-06,2.8195853911436308e-05,3.2496615468002865e-10,3.8135755929733645e-05,7.919939738754156e-09,4.946503914457501e-08,4.448678193984257e-07,1.4510274320977956e-07,8.179789682802308e-06,6.656264532025474e-06,1.6729473274103984e-05,2.716726279425319e-07,1.1155548186113362e-05,2.7877621817402193e-05,1.0388503108790803e-07,2.603723057784113e-07,1.2744867848291791e-05,2.434489435820808e-06,2.2512940872632115e-07,3.9816186138536686e-05,0.0,6.002019022351146e-06,1.1811794765892447e-07
1415,1879188,10,2.4107902788669117e-05,2.1604214783706166e-06,0.0005793654183117031,4.080954721579627e-06,3.74994021258325e-05,3.843926907956541e-07,3.0765551978229055e-07,6.908287280487507e-06,9.798639110901453e-07,8.880476409789395e-06,0.00036748875725520214,3.0913128945216084e-05,5.905145652101984e-06,2.890374069922791e-06,5.152831679941516e-06,0.00033489013502927684,1.0863266110272551e-07,1.0497397798382713e-05,1.8147448599792337e-05,6.124287858753907e-07,4.5427738590401306e-05,0.0,0.00034373176460370317,3.9403051891456764e-07
1416,1899158,10,6.336336275006987e-05,4.243283597205744e-06,3.8937444596213316e-05,2.8408502380651568e-05,6.931987771061077e-05,5.049524910566427e-07,3.7448639882142754e-07,7.797599293483254e-06,5.927375836371762e-07,9.549308542303875e-06,0.00016978094214423894,1.0434688410713988e-05,4.667484476954947e-06,7.413201148736073e-05,7.779229474816352e-05,4.329772198298498e-05,5.939434012253164e-07,4.36876500582023e-06,1.0112670476292163e-05,1.4157575179557513e-06,0.00018468907993100456,0.0,4.830356587995355e-05,6.291665210454711e-07
1417,1370402,10,6.199899371030909e-06,8.464970867871902e-07,0.00011556164811085332,3.7153476021081766e-07,4.299569863099387e-05,5.803037748941531e-08,1.4108221535469312e-11,4.718479655677066e-07,5.190598729824802e-07,4.493524200469001e-06,0.00040803905026156814,0.0008922171854549785,5.290358293975894e-06,3.0690945948853854e-05,8.295060622276473e-06,2.8230792165837015e-06,1.0956731559541577e-07,6.34996730476331e-06,5.034780059393063e-07,3.309520203373384e-07,4.201562832279598e-06,0.0,5.618251477310099e-07,1.989272884264648e-08
1418,1336693,10,3.571727641839967e-06,1.875969909635386e-06,4.8835605993419184e-06,3.7224361378908333e-07,1.2592878532561441e-05,2.97495066775566e-11,1.506977007070809e-08,9.045747865164822e-07,6.076989981194936e-07,8.584900872920381e-06,0.0007623116679448903,1.7388627915492297e-05,4.757792039112446e-07,5.6550040274449404e-05,3.516412130612212e-05,0.00022982512111153694,7.184512453538294e-08,1.075751057023032e-05,8.45969146956449e-07,6.855634465501026e-08,2.5299833225495005e-05,0.0,0.0001338640780676869,4.186814229686919e-08
1419,1339102,10,1.4670122577407907e-05,5.34233774426851e-07,0.0004036083904241025,2.8218525728214428e-06,8.824525774467351e-05,3.145688849195971e-07,2.7666969146591947e-07,5.6558634662709495e-05,5.939951187861059e-07,8.64469137953211e-06,0.0010778087968500473,2.8090996185566042e-05,7.551549691541676e-05,0.00043597582291270143,8.999931046964338e-06,8.118045330197249e-05,2.211500779863984e-07,1.1764285982599626e-05,9.424568469428712e-06,5.961067844444112e-07,0.0002792234793418426,0.0,0.00021550320089618047,1.8320403938343333e-07
1420,1338266,10,3.167607326041988e-06,9.362707406295606e-06,1.935923097245995e-05,8.643514688329301e-07,7.29374592772121e-05,8.831737076074597e-07,5.66475808844169e-07,4.3008720319346466e-05,1.6379078211781195e-08,2.1808339002938465e-05,0.0006345361377309913,7.05216265748515e-07,1.831761654371919e-05,1.3249546023080816e-05,0.00015800446056847897,5.3435688550457217e-05,3.9644410100916905e-07,3.4593891598232174e-06,2.440276096696281e-05,3.2512372731066663e-06,3.0969624321246225e-06,-7.634006447820862e-10,0.0002169721174792548,3.3588324878375264e-08
1421,1296671,10,1.2108016712204794e-06,3.9725588390007727e-07,8.262863985642951e-05,5.471106272539328e-07,3.3103946957404456e-05,3.2021627814626807e-09,7.681146343974099e-11,2.8601433373770524e-06,8.462108943979585e-07,8.940925286141793e-06,6.350712046864632e-06,0.0011282885731944206,1.2272377026764647e-07,3.027865611338748e-06,8.064051088507371e-05,3.4928023393072244e-05,1.9137520908263372e-09,9.000482118139141e-06,4.395205087034948e-08,1.0139099432260323e-07,1.299435253659248e-06,0.0,3.091416250288956e-05,1.0220572957408969e-08
1422,1334707,10,1.4591687584605134e-05,8.525966255397421e-06,9.158496643137462e-05,6.776786888595954e-09,7.800029118863391e-05,4.3830738739869535e-08,2.5081301618934404e-11,5.905796692795562e-07,2.29951585488386e-07,2.3911977981877497e-05,0.001034909078007771,2.2371625142680873e-09,1.3103876448712637e-05,8.939291765153179e-06,8.57758799405195e-09,0.00020022174088013545,3.2335508555123016e-07,1.056151851605569e-05,1.2109063417441168e-05,2.19505501785483e-06,2.479910895488574e-05,-9.038307949293944e-10,5.535250926664778e-05,3.168356106295067e-08
1423,1255139,10,1.3030045544558388e-05,1.3466159434843972e-05,7.559862014040741e-06,4.743252438946244e-07,0.00039180753110795025,2.36088651336952e-08,8.1088190606593e-09,9.794316815768533e-06,1.3896885552033833e-08,2.4700504926429556e-05,0.0033327515940914584,3.904640670515658e-08,1.528543164940055e-05,0.0001406590598222318,2.1874519387510283e-07,0.00048531924197822707,8.261496911715627e-07,1.3540293795924474e-05,1.9980439735341193e-05,3.091394336775244e-06,5.4611130292037124e-05,0.0,2.303801187571869e-05,3.698667719320703e-09
1424,1336925,10,6.905495199925615e-05,2.596159686188426e-07,2.611248808791905e-05,4.972875723985304e-06,0.000749293464912662,1.0813869517622976e-06,5.466029009970619e-08,7.986013774483047e-06,8.634649436012332e-07,1.183381398116301e-05,8.046681702900127e-09,1.2959467344551834e-05,4.883332513985761e-06,1.4639769236324263e-06,2.5907305119574064e-05,0.00019154552742545183,4.796574980779622e-06,1.2881536729653087e-07,3.5583856000664937e-10,8.729777656799054e-06,5.933599754037733e-07,0.0,7.774669556065428e-08,1.1148328714488676e-06
1425,1297064,10,4.610472542883326e-05,1.6123909836462946e-07,2.683165847703478e-05,6.501976043370161e-06,8.175719353640393e-05,5.329727825187369e-07,2.865235898333318e-07,2.657495210479921e-06,1.0013984037132717e-06,1.0757936585246985e-05,5.476133516865017e-05,1.3468778487381317e-05,5.712460176977852e-06,4.173244163353795e-05,6.657011403010671e-06,0.00033745615975556975,1.8496140471307987e-06,1.797335291923996e-06,5.771467226356464e-07,3.683283553053418e-06,8.237371188754561e-06,0.0,5.040998800387442e-05,2.391645922902863e-07
1426,1370898,10,4.666270383341109e-06,2.5828278689063455e-07,0.00034336131238898657,3.881367803101193e-06,4.8069391730090616e-05,4.891853654376277e-07,9.497406839586997e-07,4.921122292618485e-06,3.2502584966509485e-07,2.0793578045252142e-05,0.0005631122944945027,7.248405878984565e-09,9.181622347431001e-06,0.00011599318410746712,1.4899376424695743e-05,0.000265691057010492,1.1671461286541507e-06,1.5857704757545055e-06,6.546005167779034e-07,3.3531103029692255e-06,4.369085716036253e-05,0.0,2.819555581276209e-05,1.6682569441844874e-07
1427,1391191,10,3.672284079579702e-05,3.8821070029865234e-06,2.6907424884939357e-06,4.884299273255621e-06,5.9829735603721124e-05,1.32220207005318e-11,3.3454818984535173e-09,1.125913284214658e-05,4.0529552651491496e-08,2.3912630130233647e-05,4.830260486671234e-05,1.5948908108076587e-07,5.760090253673078e-06,1.8405513080223257e-05,0.00017556195659201856,9.860408484953925e-05,3.260048289724371e-07,1.0305145590666642e-05,3.0621036163497317e-06,1.7782477449296286e-06,1.156109296024388e-05,0.0,0.00011046145625340925,2.2613296502688174e-07
1428,1928108,10,1.1377778719179332e-05,6.56291376799345e-08,2.9090268071740866e-05,2.427550498396158e-07,2.580499858595431e-05,6.999471224844456e-09,1.3256794773042202e-08,1.1738957255147398e-05,7.60774128139019e-08,1.036914181895554e-05,0.0002530448546167463,2.9073271434754133e-07,1.8098944565281272e-06,4.051384166814387e-06,2.400358789600432e-05,1.4367920812219381e-05,1.3044336810708046e-07,7.816124707460403e-07,2.992746885865927e-07,4.027824616059661e-07,2.3980566766113043e-05,0.0,0.0001305508631048724,4.030880518257618e-08
1429,1249342,10,5.768271268344338e-07,1.6378320082700848e-06,6.955489866930162e-05,2.6570536562527114e-06,2.429415494115128e-05,5.8630743697551946e-09,1.1074019989204542e-08,4.214684082688713e-06,1.9035374516848669e-06,1.011217457267885e-05,0.0011015758463877971,2.450239312364738e-05,1.6121130502685932e-06,2.102219867728544e-06,0.00012298785475460886,0.0005044515547348513,2.699999348959592e-07,5.197774866957244e-06,9.241003051396052e-06,9.317240624168166e-07,1.3912279453673349e-05,0.0,9.544985262247008e-08,1.385227749693685e-07
1430,1340125,10,6.20961913293458e-05,2.470237751106552e-05,5.241695507848809e-05,5.475645126401529e-06,0.00025153718615272824,1.3812888045861005e-07,5.679254397386591e-07,3.393591832871745e-05,2.5158203562081205e-07,7.895950689881803e-06,2.614949512966258e-07,7.895527956443271e-06,3.922527635438766e-06,0.0018173180565281624,3.3135137929296565e-06,0.0010989243239844376,5.789156249380589e-07,1.584125932025532e-05,4.515941167933246e-05,6.364465542918474e-07,5.975504263912995e-05,0.0,3.733244610527875e-05,1.5878484122197611e-06
1431,1265578,10,9.604165168419776e-05,2.9484330502947687e-05,0.000463541479136291,6.454920987997159e-08,0.0003776759949377026,3.236971132178357e-07,2.0748041262980133e-06,1.1861194587285684e-05,6.875590533375608e-07,8.008821147598155e-06,0.0009030047206121175,6.152592338971863e-06,2.1250625232546727e-05,0.0003345242358655867,0.0020240991563413094,4.928137956840273e-05,3.153799290056547e-07,1.4138088322984688e-05,5.975238521958859e-05,4.275462937505803e-07,4.3691293668594866e-05,0.0,0.00012034230177719596,1.8711331441559342e-06
1432,1309551,10,2.227822408275293e-05,9.236654732874827e-07,0.00011621093163528828,6.117095602969913e-08,1.2290295913208737e-05,2.4685381407318907e-06,1.4056615400132033e-07,7.16720611527305e-06,3.979723756167286e-07,1.8835025717055254e-05,0.0013853286378245691,8.482532133022302e-07,2.1161879961005547e-05,0.00011172439389259964,2.7248373792476688e-05,0.0004485933774799958,5.80848275091167e-06,6.894052387990124e-08,8.645792389315454e-06,1.1811293852463656e-05,0.00017056399556136803,0.0,0.00020050919279437224,5.493499030673199e-09
1433,1281135,10,6.863808146361644e-06,3.696551894926889e-05,0.0004036077612319909,2.015928578200099e-05,4.4582051699913056e-05,1.3222024169978752e-11,2.41413953451855e-06,1.9545282033992667e-05,1.765529752638384e-07,2.745722078660931e-05,0.005876755395551731,4.894545029970887e-07,2.0339713853446267e-05,0.0022505538632296256,0.00011556137758265278,0.00612306282959316,3.6470051483841748e-06,2.410720025297977e-05,5.852196665662515e-05,8.008354568801723e-06,0.0005026567281656534,0.0,0.002027700426118474,1.2087562096738114e-07
1434,1263090,10,2.396180070335374e-09,1.9448571361629918e-05,0.0001838748796717908,2.0330754546896146e-07,7.687879738559056e-06,3.7306769484421465e-07,1.7253141380846326e-09,7.088545050971951e-07,1.6729665666681548e-08,6.604892541582641e-06,0.00010733052165366394,1.5840825239341744e-05,1.9331036054393014e-06,9.781306526315467e-05,7.691339879952255e-05,0.0001630733716518444,5.017726257459942e-06,3.20360590022363e-05,1.7809154868684424e-05,6.8603716894405364e-06,3.5046440667478584e-05,0.0,2.1529515829767087e-05,3.1407800941268826e-07
1435,1575019,10,1.6322779634085627e-05,3.240643360526152e-06,4.326419074121568e-06,1.211680254808306e-06,2.4596825958168173e-05,3.724367617745361e-07,6.819797525314808e-09,9.548856898869418e-07,1.4419124838363495e-06,1.183457166645599e-05,0.0010863627245619595,1.9186162581938393e-05,2.0454565789994328e-06,6.8649482405092055e-06,7.70889391257315e-05,0.0010188881790364826,3.496936909756776e-06,4.77626882360721e-07,6.709117583575397e-06,6.450384740713105e-06,1.1022608421080299e-05,0.0,4.624079251298527e-05,1.276140806569237e-08
1436,1303753,10,4.733311806267085e-05,9.671433486485581e-06,2.2847223296328795e-05,3.128241687286315e-07,5.6265383099576155e-05,4.3795323690504206e-08,3.4448687222590757e-07,7.23271256894073e-06,2.1115241494173986e-07,2.570403290621734e-05,0.00034968951370290685,1.155428519146462e-07,8.938947703686362e-06,1.0496830900662973e-05,0.00013876822186017698,0.00011491698802854403,1.7685741914089115e-06,1.7056183842616146e-05,8.880413408681592e-06,4.098469818802908e-06,1.8827777854141248e-08,0.0,9.959977239260703e-05,1.3238568884188506e-07
1437,1342707,10,1.0822429360873853e-06,1.4887770718001458e-06,7.569036757757927e-05,2.7231992714323028e-06,1.65838878285543e-05,1.77455599346954e-08,3.1237140717815803e-08,1.21038782185251e-06,1.4883933885274925e-06,1.0049728529928914e-05,0.0007102222363069011,2.4801126116299338e-05,9.613072736620876e-07,3.4222688178441735e-05,6.304348235750337e-05,0.0009042046023056277,1.7679538532461292e-07,5.7123617175150465e-06,9.120127923974847e-06,7.567627356742934e-07,9.525857981564079e-05,0.0,3.849737336657222e-07,1.331618757656472e-07
1438,1559124,10,4.618817150484067e-07,6.074725920901525e-07,0.00019824626672579337,3.348694343430214e-06,2.2762171852708235e-05,1.1022140124772317e-06,3.411616203187473e-07,7.1774543987795925e-06,4.6123883355383977e-07,2.0249950108044285e-05,0.0004778588899657446,1.0858571517294302e-07,1.0822756682040552e-05,4.173133806466278e-05,0.00026082115717225574,3.352408253261621e-05,2.5276870398681373e-06,4.489873664838273e-07,3.167915935891469e-06,5.962790098998361e-06,0.00012365328612909746,0.0,3.9815540418645934e-05,6.273932588382602e-08
1439,1890041,10,4.44885110623891e-05,2.0731947238533666e-06,5.241710474803915e-05,5.520473923951302e-05,0.00010639924108291066,1.0041841399383022e-07,1.1184563978444695e-07,3.312623998419015e-05,9.981554575620721e-07,2.061005404607394e-05,0.0010010884619747508,9.991760769774427e-07,2.720334402461777e-06,4.719695982821279e-05,8.135885492898537e-05,0.00011728830214672442,1.1221554259907562e-06,1.4381735533898488e-06,6.862205342225702e-06,2.490565779018211e-06,1.144889074846528e-06,0.0,1.4627007292565553e-06,1.0222291683160967e-06
1440,1533036,10,1.1429106894361718e-06,1.6321929137828872e-05,0.00011859220981022545,1.4286238709373955e-05,4.5899032296028985e-05,2.11623940406247e-07,4.035032114685366e-08,2.3718605338257648e-06,2.370361790418607e-06,1.2887795105338828e-05,0.0017631608860247186,2.621482942349873e-05,2.5774587859850318e-08,3.975682244528045e-08,0.00011214810230876504,0.0007001319624085553,5.475782296426868e-06,5.0799718320782006e-09,3.623899084535115e-05,9.900911828147896e-06,1.4135606210205487e-06,0.0,4.620309360166275e-06,4.248380496146842e-07
1441,1340521,10,4.515787563366333e-05,4.482224551342895e-07,0.0002842601038980583,1.9360751417191874e-05,7.204487645823612e-05,1.1886645344717783e-06,3.6597283155359595e-09,2.3940530094468393e-06,5.333181776132068e-07,7.56206782946689e-06,0.0001092024182586318,2.981164745669007e-05,1.8464157289579952e-07,0.00018933787899903798,6.146592621430677e-05,0.00022022507342038533,3.3862262984775404e-06,2.5704770362792312e-05,3.764076249301862e-06,5.097206532526238e-06,0.00029172675274171875,0.0,0.0003515621457220626,1.907662629981044e-07
1442,1261587,10,2.520001184784515e-05,4.52214390517236e-08,0.00011257334405731512,3.610736362680278e-11,5.674841728982305e-05,5.939676144990635e-07,6.318211330409718e-07,4.345648511983047e-06,3.9751781645211426e-07,8.526455444225756e-06,0.0021224464636201666,0.00018577838178004263,3.265265123564287e-08,1.8489989421877767e-05,2.8409164353291466e-05,3.831730075891035e-05,9.99717206913442e-07,1.6483020252130998e-05,7.076689333942315e-06,1.6404071193944214e-06,0.0001623090700236217,0.0,4.816320100632654e-05,2.42833267646847e-07
1443,1331707,10,6.0015525159898275e-06,5.904219677044936e-06,2.695541484014352e-07,2.754291153761468e-06,1.721213057404372e-05,5.034180623440798e-07,2.0985988120891808e-09,7.289064780854893e-07,2.7982033070847456e-07,7.451513232389212e-06,0.0001265613303580576,2.134324511851235e-05,2.0434489084487917e-06,5.730455684079677e-05,0.00015153545207106586,0.0001485956155225683,3.1318931291782204e-06,2.5502359399576235e-05,1.3920035300471478e-06,4.296613398614008e-06,8.879391577405749e-06,0.0,2.1045014276036e-07,8.747930622943212e-09
1444,1340141,10,4.147449256742056e-05,5.623875694096836e-07,0.00012656340156750115,4.928146388506749e-06,5.712739152121532e-05,7.925386213969432e-08,9.942080238245499e-08,1.175488837757907e-05,1.299587412233183e-06,2.1437287591810628e-05,0.000512570602502458,7.232023032724411e-07,2.818301697501968e-07,4.502469304856066e-05,0.0001882383858325884,0.0004473230690505009,5.782657340781816e-07,2.5285970373101208e-06,2.8225594656677844e-06,1.7378054698036216e-06,0.0005221234956689635,0.0,5.953811222817601e-06,7.889634056831851e-07
1445,1257216,10,3.782316488208301e-05,1.0410295177357143e-06,3.803264928190636e-06,2.8230131853199114e-06,1.9391552861170586e-05,1.102565641824399e-06,2.947909655444392e-07,1.194671223371524e-07,7.225111893632841e-07,7.507707801290148e-06,0.001271635382956715,2.8409520022500828e-05,1.5622231725534452e-06,1.1888687601324666e-06,3.4852133881657643e-07,0.00022350330125621778,3.5340365868094525e-06,2.621476109860091e-05,1.959656414880079e-06,5.191971170541432e-06,5.1265636938212233e-05,0.0,4.410444264954516e-06,1.160775899844424e-07
1446,1833564,10,2.6007964695595742e-05,3.9395060880131894e-07,0.00010920247504259128,1.1209329983802307e-06,5.613518548683305e-05,1.9321349271905763e-07,3.864829405120229e-08,6.636551119514056e-05,2.2181173970486912e-07,2.1157573478688962e-05,0.00025026891868199647,4.207807884765158e-07,6.350304418215047e-06,0.00010465152680681766,9.920223413860396e-06,0.00022469920565482138,1.0197991623175917e-06,1.7126603633552118e-06,1.5366630312582674e-06,2.5522557980869887e-06,0.0003076486547154561,0.0,6.240607624354022e-05,7.125835759930199e-07
1447,1284567,10,9.17910855131876e-06,5.034159701322594e-07,0.0002452342069671695,2.219113144370094e-06,1.980584320694645e-05,5.173140780363739e-07,6.101001812086615e-08,6.973725154579141e-06,4.6115439948299364e-07,2.0429147519734903e-05,0.0009030027358156202,1.5155848760717294e-07,6.8105413655178415e-06,3.906116883061958e-05,7.075309144212449e-06,0.0005607407300730165,2.2791487767973018e-06,5.027085910568052e-07,7.735274201586817e-07,4.836848837144053e-06,0.00013572118733654742,0.0,4.3824270544799704e-05,4.6085828917311056e-07
1448,1263039,10,1.122130101656807e-05,3.4673563006556996e-07,4.095911392959159e-05,2.607606157147002e-07,1.5671251102966632e-05,6.077078951172155e-08,2.6199170794632964e-08,2.336134265906037e-06,4.611297922084423e-07,1.0175667185384485e-05,7.040450307332913e-07,1.6892743555464718e-05,9.024312206812324e-07,2.016200365509424e-06,4.237996793644144e-05,1.5522738120579e-05,2.3036636554937817e-07,5.710644288905997e-06,4.053288304647906e-08,6.522718631746249e-07,2.704015193632711e-05,0.0,4.840864062334582e-06,2.7150734823594425e-08
1449,1643213,10,1.1022403332554276e-05,3.8485783108999083e-07,6.0684384709831785e-05,6.570843884973199e-07,5.854392015038762e-05,2.9261994571178063e-07,2.651692199151512e-09,7.306779023337484e-06,5.71535095222897e-08,2.1902611567412023e-05,4.733581717895896e-05,5.376974581555727e-08,9.609881947217347e-06,1.2989742855101793e-06,4.7472571430930144e-05,1.1038921049130734e-06,5.94175697685162e-07,2.6247215786645572e-06,4.755072448084374e-07,2.334110523569133e-06,1.488582111151826e-06,0.0,0.00019321027142760183,3.0962853943272695e-07
1450,1370113,10,3.880701090894917e-06,5.568958164732518e-06,5.381593716685673e-06,3.964889945425043e-07,7.456698973656167e-06,1.4310906477216223e-08,4.2050534023591046e-08,3.2689376765551725e-06,2.1091220456584403e-07,8.583696677718494e-06,0.00018063299127316773,1.632115720359706e-05,5.061291000234974e-06,3.959070530409198e-06,6.501748972289473e-06,2.621424257450225e-05,5.320085586235646e-07,1.4745419760976014e-05,4.160584487433727e-06,5.358895782299478e-07,7.451751459032485e-06,0.0,6.351988235113806e-05,1.1511003456324276e-07
1451,1920457,10,1.2103993050904815e-08,1.7389442860855225e-05,6.766616627087996e-08,2.0170927538323835e-07,4.487147037490757e-06,3.249129866336742e-07,7.610268417529431e-08,1.56861721677809e-05,1.711809449050916e-08,7.022119100547758e-06,0.0001046522720599026,1.616083533984708e-05,8.097474753013256e-07,1.6646888929203185e-06,0.0001525230333181797,0.0001682212474408938,4.243826570864834e-06,2.9594213579134387e-05,1.459264584179401e-05,5.6937992071702526e-06,7.396184624856861e-07,0.0,1.9405631841024062e-07,2.6552227960427444e-07
1452,1574028,10,5.7154727667887983e-05,2.2372567283879263e-05,0.00013156179202870183,2.6833660017586136e-05,0.00014026010018953344,1.2380895047375828e-07,3.701078572712624e-07,2.005367186718593e-05,2.6022359871091805e-08,8.351649704821384e-06,0.00013947696955027983,8.644050748650434e-06,1.5367736559183942e-05,0.00018988761336281162,0.0001965616551500779,3.3869968359065417e-06,4.6385827445066807e-07,1.4823063851164553e-05,3.782333100846996e-05,4.583390223050765e-07,8.500939357381637e-05,0.0,0.0003268856531710093,1.1661603115525887e-06
1453,1300590,10,6.7085392762063906e-06,1.4448905219337227e-07,2.2184494660513684e-05,2.15448199385182e-09,9.914519423451923e-06,2.9337049956001948e-08,1.6331973412553324e-09,9.621997867368184e-06,1.3226194585935769e-06,1.0176934333758561e-05,3.0360501591756087e-05,1.806350018429201e-05,1.2324224664770483e-06,0.00012973201055421768,0.00015252381539981007,9.740120173080957e-08,1.763468828620135e-07,5.954884095760865e-06,6.255335232609183e-08,5.580971745335062e-07,1.1033040057933236e-06,0.0,9.610538259478829e-08,1.7179941870157367e-08
1454,1370391,10,7.075806579066174e-06,2.7226708820202172e-06,0.00023286855586050412,6.728541352973849e-07,2.117485000724048e-05,2.7046609397604615e-07,2.568999446263265e-07,2.7160968311845668e-05,1.9357755567245283e-07,2.2944427548552554e-05,0.00016205262435331838,3.5794597147420504e-10,9.734895004231275e-06,7.233231782075022e-07,7.07277597829098e-05,9.221323795730041e-07,1.606840222857786e-07,4.3273598586413e-06,4.36847565831594e-06,1.8895843386969313e-06,3.600045750921585e-05,0.0,1.1833488773531353e-05,1.1120663143127096e-07
1455,1287883,10,4.6553851745789743e-10,5.924495520906459e-07,2.4949638249699424e-06,8.918724345163831e-08,6.9309712249845945e-06,4.843125432640871e-08,1.2855998759997433e-07,1.6393163020239632e-06,5.175950396549278e-07,9.362352061538515e-06,0.00028493454555638537,2.0702369486765015e-05,1.9027569328478044e-06,3.4960170751108244e-06,1.07587604216558e-05,8.50067894243231e-05,1.3523053424280285e-07,1.1287882849819741e-05,1.276498504884649e-07,1.9833955692410976e-07,4.79418593796882e-06,0.0,8.280239748165164e-07,2.2067153659932615e-11
1456,1296173,10,2.4600949491693225e-05,1.474619063318583e-05,3.6363719754947676e-05,3.249661512105817e-10,0.00014163187287247192,8.68027230774282e-07,1.7747945718626923e-07,1.9661719739827443e-07,3.4974823977657055e-06,1.4292717450126169e-05,0.001734727126942226,2.0797047283124814e-05,3.176257154374751e-07,8.445702554532586e-05,3.09131881784247e-05,2.683178919803131e-05,9.306531665656537e-06,5.664405186150967e-07,2.313613636696632e-05,1.616329187235921e-05,5.3143480973488755e-05,0.0,5.66865509279979e-06,1.283285150782687e-07
1457,1564017,10,2.911051545304022e-07,1.5141555583519928e-06,8.096156581677283e-07,8.025447952031417e-09,7.686106920014313e-06,3.689855737273873e-08,7.419016564633174e-08,1.9786137515111213e-06,3.8335180558082826e-07,9.242550754299389e-06,0.0002402497724330703,1.9359785094544973e-05,2.6906095571162247e-06,2.9100491252820326e-08,2.3522726157191448e-05,4.224967943560615e-05,2.2000635952271197e-07,1.2248978508395264e-05,1.0169554476996412e-07,2.5265799569879066e-07,1.6891182755274237e-07,0.0,9.34425884585588e-09,2.7172591572643956e-09
1458,1430255,10,2.662560984180093e-05,8.701990076447758e-06,4.202482775887001e-06,4.773704028494807e-07,3.8585451519804886e-05,4.8925159607665636e-08,1.6924665913534143e-07,2.162169224932675e-06,1.099831925741035e-07,9.181707963094865e-06,7.005825082796735e-05,1.2532745273408086e-05,2.857453191229542e-06,1.4212403170361237e-05,0.00014161059896972486,9.082195904821719e-05,9.018501931704059e-08,1.1288908855419666e-05,1.1559633434493621e-05,2.9145860454271588e-08,1.135626790636432e-05,0.0,0.00019265497587795527,3.9065501514570777e-07
1459,1304991,10,2.279127683104537e-06,2.220610756990815e-06,3.624103260725653e-05,1.768042505272821e-06,2.552897589138889e-05,4.614435054374477e-07,2.025801560910645e-07,1.8527167778455145e-06,4.455195909067178e-08,2.256208523123901e-05,0.00023839288095181543,1.9282161076161763e-08,8.833817019375523e-07,2.5261248655372714e-08,0.00032905861355928684,7.464891246230371e-05,5.624055438128994e-07,2.788929376919269e-06,4.5369622830443435e-06,2.6479033496812354e-06,0.00022590016166121676,0.0,1.6321410649285106e-05,5.915904140868511e-08
1460,1259667,10,6.7092032678406355e-06,1.3466335829909193e-06,1.3912275322949808e-05,1.305478145724459e-07,3.847901099652412e-05,1.0896597016363252e-07,2.97720407840818e-08,1.98083388233683e-07,1.4629173741703694e-06,1.1490797505890604e-05,0.006253647494446686,0.0011229207508846525,2.073353384438037e-06,3.459273627826054e-06,3.0251014012570854e-05,2.4402761645829496e-05,1.3913091455874937e-06,2.2503557169928357e-06,4.410186261780136e-06,2.8844125441601642e-06,1.789328721929495e-05,0.0,1.103150537529185e-06,2.6522009838325644e-08
1461,1390173,10,9.816028690365353e-07,2.466398391007263e-06,0.0002244005700444418,9.672077630869247e-06,3.010815079925594e-05,5.480106892510883e-07,1.2000390855193555e-06,9.243083468328528e-06,2.3153557014710113e-07,2.2469286033992286e-05,0.000345960549975613,4.902991376093402e-08,1.2817654828307934e-05,9.623771429694006e-05,0.00012034261372013966,3.203617531308961e-05,6.903581476688792e-07,2.497921449740037e-06,5.428848075750281e-06,2.9288212855596574e-06,9.006123105203406e-05,0.0,4.251151930643321e-05,6.248613818038429e-08
1462,1334686,10,3.3121995011362038e-06,2.160515122112683e-06,4.3692340509750294e-05,1.309430906516751e-07,5.5697091330374204e-06,2.1350265930197843e-09,4.796081476410308e-09,4.155727303424561e-07,8.465663684370517e-07,9.485975908492955e-06,0.0008196770505914386,1.7640777955563874e-05,2.1157472959720813e-07,3.57609248913017e-05,6.938887915462419e-05,0.0002328684017822956,9.07344180171854e-08,1.0957507270849265e-05,7.74123978947161e-07,8.790797718927212e-08,1.8836464695828198e-05,0.0,0.0001238771428398594,4.258268502393969e-08
1463,1333949,10,4.733513429197242e-05,1.7440317086406254e-06,0.0003557001492616313,1.011371208173642e-05,0.00010240122504790589,7.578468262763038e-07,3.2943846481683914e-07,5.447045468641443e-06,2.103207345473951e-06,9.304008320824841e-06,0.0006335305114519851,3.3062282429937445e-05,2.812107918678808e-07,3.0644126496753854e-08,9.488066969678272e-06,2.3814144154452738e-05,7.058232198570158e-07,1.4822434077084445e-05,1.8924259922808995e-05,1.5106199257285124e-06,0.00016615258274716577,0.0,6.320323893315924e-05,5.666383619401527e-07
1464,1642138,10,2.044862853382151e-06,1.059556470606876e-06,0.00018197999212091545,2.3910688994131096e-05,4.7800697018235416e-05,9.216806926178045e-07,9.44843443900778e-07,8.763386253055755e-06,7.736026015892072e-07,2.015935500018079e-05,0.0008094011615829289,4.707187068603291e-08,6.051410366119531e-06,8.88032594507232e-06,1.5369937887352303e-06,0.00022320367206028757,4.07870889416323e-06,1.0754010806857117e-08,7.380287119010398e-07,7.797490020340636e-06,9.180750376782537e-06,0.0,2.3702612551856905e-06,4.094682140576289e-07
1465,1319776,10,3.687555198431114e-06,2.5001016184564295e-05,0.0005130228844692775,3.921949184748641e-06,5.175784292919816e-05,4.237204089957425e-07,1.320912019903142e-07,8.330616291366e-06,3.6489423022312284e-06,1.4516687380942972e-05,0.0001974032011866217,2.631687158624607e-05,1.5308749053838389e-07,0.00028257647236291233,2.1808656594096698e-05,0.0006801675580338992,8.585425643685418e-06,4.236331955995154e-07,4.637739306419253e-05,1.5080934650239797e-05,4.7538074481878745e-06,0.0,4.6660161818617985e-06,5.59465021282568e-07
1466,1314709,10,1.295814304531559e-05,4.0918116464561116e-10,0.00017318620664465503,4.492017906358725e-07,2.3331574515655235e-05,2.2805371631476334e-06,1.3993178433341358e-07,3.7581069710010406e-07,3.5967645248616287e-07,1.9359968325197846e-05,0.0024671072259337054,3.4702197081182273e-07,1.2959315303307656e-05,1.9034692965505529e-06,3.5281945452655256e-05,0.00012188072098905448,6.917079270685883e-06,3.237783447636311e-07,2.0167390673564434e-06,1.328106675372448e-05,0.00021024896781977886,0.0,4.038610259056441e-06,3.5606177367641934e-08
1467,1318847,10,2.14371470817383e-05,2.1315028619385556e-06,8.468013349003517e-06,6.503496307135731e-06,0.00010074061160583736,8.580709323288693e-08,1.904971040390946e-07,2.5274790274858183e-05,2.517534404521127e-07,2.391210956636039e-05,0.00020967190888851114,7.375126114331221e-08,1.4898229314629086e-06,3.3640339223591637e-05,5.154416866885031e-06,5.664524631691231e-06,7.2929180507108615e-09,6.002476376738147e-06,1.960735412691317e-06,1.3586889925053247e-06,9.284888399796465e-09,0.0,1.927291788901206e-05,2.6316262544470725e-07
1468,1263852,10,0.00013317112959680688,7.301721920149884e-08,4.9984958518947686e-05,3.1676076131872954e-06,0.00015938937416703353,1.9037785851036548e-06,1.987739483705342e-06,3.932125237179895e-06,9.77643374616699e-07,1.3468467919379445e-05,3.708652995820794e-05,1.0112527442894537e-05,9.058449738474916e-06,3.1136046189927935e-07,0.00010342706542660479,0.0004032066671112444,7.289057296723522e-06,5.2260421851135774e-08,8.46356894332323e-07,1.2975569058853997e-05,0.00025760171617790484,0.0,5.7909196124882045e-05,2.9095947337576256e-07
1469,1261191,10,7.02243857825832e-05,1.1356878906421293e-05,0.0007043714993578644,1.3395640211814148e-05,0.00010554262159015687,1.0244552566093974e-07,7.991564829519255e-07,0.0010118825204119733,2.6894816687651497e-06,2.052079513720044e-05,0.0013402924027227194,2.131576248830822e-06,4.6239721908673467e-07,0.007209709038427227,0.0002725799809175089,0.003872573718458429,2.6896335002595754e-06,2.2093452918927128e-07,2.6214430682436427e-05,4.6035133337146705e-06,4.761211693491991e-07,0.0,0.00012882238954365125,2.050547212223636e-06
1470,1639025,10,8.008514330205482e-06,7.45347286432857e-06,1.4642257227075184e-06,1.2544671918451183e-06,2.036781454194808e-05,6.088099082385973e-07,2.9244831363864354e-08,3.9397269513755107e-07,3.973638899555654e-07,7.840278701045159e-06,9.389692161541202e-05,2.0612220039963394e-05,1.4648940058134552e-06,0.00010221236815288401,0.00016435210873464758,0.0002879815747775464,3.7245196869793024e-06,2.7352935074380358e-05,1.717030993728455e-06,5.114259581983152e-06,2.7667341852576077e-05,0.0,3.675174892366073e-08,8.214957001109746e-09
1471,1434258,10,2.2752506452498877e-05,5.1122091067334896e-08,4.3954334504818504e-05,1.2534686473011925e-06,7.783220539175906e-05,2.1196313349652884e-07,1.908103949149753e-08,4.5538933926614344e-05,1.0727866423670962e-07,2.23719800936939e-05,6.400026146591298e-05,2.7843888527473437e-07,6.4507631745494565e-06,7.78154314581836e-06,2.1621420910181155e-05,1.8216960348538258e-07,7.889413765060915e-07,2.102848378718325e-06,3.8402262088343964e-07,2.340316369600637e-06,0.0004656960576666716,0.0,0.00016873957392220945,5.713563131573562e-07
1472,1286337,10,3.0975106374633854e-06,1.5919907919950682e-05,0.0001390023436811036,3.8296727439962597e-07,1.4661302490420747e-05,7.211530125006416e-07,3.1409070415377993e-07,3.305385061325161e-06,8.169482708375586e-09,2.4599974968293747e-05,3.769812804357148e-05,8.455165013757093e-07,2.303974666378883e-05,2.339350915203653e-06,0.00016770150837875503,0.00020363144490560814,6.746801248930234e-08,5.336089214540152e-06,3.271641194170505e-05,2.789654779837558e-06,3.823929301816076e-07,0.0,4.070350402622658e-05,6.624045428837988e-08
1473,1264038,10,7.508709027086863e-06,1.2335751409034423e-06,8.98702650209797e-05,1.0006886066102338e-06,5.070559040290176e-05,9.9851172746801e-09,1.1800584415883053e-08,2.880320056908303e-07,6.096209626341165e-07,1.0369403573348007e-05,0.000264062099957163,1.7140618290292786e-05,4.367935002452111e-06,4.7610270235635965e-05,1.901134671357732e-05,2.788343791186587e-06,8.387851878344232e-09,8.122231639099559e-06,3.5956315713736586e-07,1.2572692902751426e-07,2.6936984872258374e-05,0.0,6.242071151282835e-07,2.9100191745873305e-08
1474,1310475,10,2.8106308721381756e-07,6.299482791304739e-06,2.500645798590717e-07,4.2229386823348924e-07,2.6955810263259647e-05,5.043392587462253e-07,1.731959900323765e-07,2.2064638255787222e-05,1.712134380452146e-08,2.4009577708069066e-05,3.013998886546021e-05,1.6829040855662059e-07,1.0176275623132586e-05,0.0001968413981235026,3.844030022916167e-05,2.6213264873509168e-05,2.2912321927769097e-07,4.000142374930085e-06,1.2179094606448726e-05,2.452001272378046e-06,1.986837338046818e-06,0.0,4.019468902793401e-05,5.967303805601287e-09
1475,1314369,10,2.3423616135859193e-05,8.008413299120942e-06,5.898107662231922e-05,1.2975133467166278e-06,8.207402553696286e-05,2.0087953553349358e-07,9.025643508409065e-07,7.176793412499993e-06,9.208668537569187e-07,1.1223762397427617e-05,0.015378480369835544,3.237643560610737e-05,6.5753609696656e-07,7.603789526915844e-05,0.00024149265977004702,3.722763736377366e-06,1.2038290227167625e-07,5.8071516249522115e-06,3.1697159258846364e-05,9.710573938837008e-07,1.4930390895839807e-08,0.0,0.00021111951575501775,7.938108989163917e-07
1476,1910032,10,3.7250408969555227e-06,1.5876342861209647e-06,0.00025824396790342236,6.0523425594663505e-06,3.177457365853564e-05,4.3550149141091676e-07,1.121330949233057e-06,1.9167822877891316e-05,6.187038448235427e-08,2.3232247851660837e-05,0.0006145444437873487,2.2371623442651867e-09,1.2180600462763369e-05,9.177565689205691e-05,0.00011067045114521862,0.00014042211475941146,6.233422884666107e-07,2.5929008803590725e-06,2.9923441386414673e-06,2.6683574991456793e-06,7.796795728039208e-05,0.0,8.667512947406475e-05,1.4350471806007237e-07
1477,1945100,10,3.261024539824575e-05,4.06459002988413e-06,1.273387169931084e-06,6.976479198783636e-07,6.262386887101457e-05,1.0753865353763103e-08,2.814340405166149e-08,7.320435543078929e-06,3.281456883996725e-09,5.202593456488103e-06,2.5838802685029805e-05,9.163421054836363e-06,3.6097553675062954e-06,3.02686239592731e-05,4.039102350361645e-06,0.0006574060971615836,1.361331669613719e-08,2.967688487842679e-06,5.952162609901279e-06,8.41537257656455e-08,4.2183324694633484e-05,0.0,9.176820458378643e-05,4.619505489245057e-08
1478,1340751,10,3.883425961248577e-06,5.071822670288384e-06,1.851731212809682e-07,6.776681402698159e-07,2.0018022041767836e-05,4.94765117764473e-10,1.57160684466362e-09,7.248600013554096e-07,2.954038791358471e-09,4.487999831326306e-06,0.002610291398013942,1.3126642443239689e-05,1.0431540431454778e-06,2.6001085643656552e-05,2.382244565524161e-05,0.00041559914825484157,1.3873795978724957e-07,7.31325417291373e-06,3.973080310970545e-06,2.2316817194223404e-07,1.039373455569148e-05,0.0,1.0738498531281948e-05,1.885928213596344e-08
1479,1250823,10,6.738974845515999e-08,4.81637618502187e-05,2.600743236909342e-05,2.9970767902176565e-07,0.0002692788326587939,3.9408544246638533e-07,3.6324119016828416e-07,8.436840091702313e-05,3.572379217407773e-06,1.6079754404908775e-05,0.0021501757697232893,0.0004919490700765611,1.159128942690435e-07,0.00012723534453905339,5.140774270819687e-05,0.0011634929226511936,1.1831978183544922e-05,1.636688412784415e-06,8.555967682778026e-05,2.0395815229230785e-05,4.3346699635238295e-07,0.0,0.00021257457715582323,1.1930012118119282e-06
1480,1905127,10,8.938439389843955e-06,7.783703221637961e-06,4.0393427627981315e-06,4.7523941320952445e-06,2.7347735830671183e-05,4.3484414083416745e-08,2.0127597033514633e-07,2.106038324228149e-05,1.2766493114879651e-06,1.1901117111620674e-05,0.00010200883692534218,2.948447237881638e-05,1.8771653176007097e-06,0.0003415088894944199,0.00017160909170654826,0.00042931792647567246,5.31445956360177e-07,3.959769464753626e-06,2.6417920264736744e-05,1.625573802403052e-06,1.1649474084968192e-06,0.0,0.0001885113794536722,5.012997566986033e-07
1481,1252939,10,4.759526411289572e-07,5.17571703533698e-07,6.448101165065084e-05,3.923823703802509e-08,2.2418617923888884e-05,8.369090142776314e-08,7.431687554237953e-08,1.7326665571401612e-07,4.2152237771445056e-07,1.0111439338624656e-05,0.0010510556394304343,2.15289814302147e-05,3.9633864994115253e-07,1.5365844530896428e-05,1.3176605392649365e-05,3.4742401196913297e-07,2.1135887170314893e-07,1.2110066049390855e-05,3.589680024201902e-07,3.264977982628259e-07,2.9154594243310794e-07,0.0,3.7377039657782163e-10,1.1445559874867506e-08
1482,1255423,10,1.2602419525777411e-05,6.400724670093186e-06,1.2041040170635009e-05,6.250773651536243e-06,2.946966145023558e-05,1.0311579471712629e-07,9.738313849934344e-08,1.8251587507196049e-06,2.311083860125074e-06,1.1628028829483578e-05,0.00017742231926996463,0.0010517048758862443,7.07658839786858e-06,7.920361345566118e-07,0.00017476786614647327,0.0011256021823999821,2.2108904855488998e-07,5.198396470645905e-06,2.4502576092377826e-05,1.076083422837243e-06,0.00019154558624696373,0.0,0.00022921913906773402,5.069647990210008e-07
1483,1303658,10,2.3399382954904235e-06,5.95390573470897e-06,1.0240187213437363e-05,2.1017029116533748e-06,3.647956916022488e-05,3.1090641061659596e-08,2.2641899336331428e-07,5.279350576262859e-06,2.2937532610789457e-07,9.608713735238805e-06,4.763016079774307e-07,1.6974298279327782e-05,4.202415249728725e-06,1.3217028848634682e-06,2.033879308887751e-05,1.023984941666417e-05,6.393140273286413e-07,1.5444441066082837e-05,3.3487346704635934e-06,7.111568012772851e-07,5.8083063617132835e-06,0.0,3.30625460394085e-05,8.4066641075492e-08
1484,1319058,10,4.795453641327774e-06,2.498143193557789e-07,2.689082481053401e-06,6.546844671662111e-07,3.70725427667265e-05,7.728177812971193e-09,2.492140147025701e-09,6.327959389436366e-07,5.169555183648367e-07,1.1087732243571236e-05,0.0001352562250459266,1.8575869735297512e-05,5.47462325174719e-07,2.7667244568572308e-05,0.0002696162149371413,3.999017640879399e-06,6.739023035440272e-08,6.864214323703405e-06,6.775980922538172e-08,3.3152540679717846e-07,3.5759359509217326e-05,0.0,2.3708885433237903e-06,4.228105383169423e-09
1485,1310304,10,7.723390330061086e-09,6.350055259861376e-06,0.00011664046063384823,3.249661373327939e-10,1.7195860010057323e-05,1.6076476541324047e-07,1.0754146850810997e-08,1.2773341672676908e-06,5.046389709544019e-07,9.240992334930143e-06,1.9096634047977012e-05,1.8663212601913864e-05,8.470795958767652e-07,7.005657958370978e-05,4.6923056168927946e-05,1.595910868110173e-07,1.3932629391241735e-06,1.9010314119861926e-05,2.372293228133232e-06,1.7243484002615883e-06,3.0360632364893197e-05,0.0,1.383908157836719e-05,4.834137191239707e-08
1486,1370247,10,4.000431140403424e-06,1.2460016883143049e-05,3.069075719162352e-05,1.3674429288380863e-07,1.0144552460499348e-05,5.472196964641934e-07,4.238858215821484e-08,2.000047383231285e-06,7.260826084473648e-08,8.179161647333191e-06,3.5640290866939886e-05,1.9623974315081602e-05,6.077906417652906e-07,7.482261224787609e-05,0.0001537592328507021,1.8923102757313626e-05,4.28436136719855e-06,2.9267165151581134e-05,5.15267341806569e-06,5.856782168564556e-06,0.00011151297415859691,0.0,2.143694091324283e-05,6.310082528541983e-08
1487,1250916,10,6.811708733008709e-06,1.998119441247101e-05,0.000126336833502428,1.232132356868837e-06,3.226851486130486e-05,6.723711412637279e-08,2.838909358288122e-08,2.226476501738378e-06,4.81309111177719e-08,8.702079261270479e-06,0.0038477206487608703,1.376331815796869e-05,2.95766986601817e-06,0.0005929216615846548,6.604337775481528e-06,0.002095808130676516,2.309722146511678e-06,2.313522716107172e-05,1.8489145129155227e-05,2.8961306073500837e-06,7.562276052454353e-06,0.0,5.097887646724614e-05,3.538268445249515e-07
1488,1295794,10,6.272742027202405e-05,1.0499430966287582e-05,0.0001610358125214012,1.716529541048728e-06,0.00012417873680749258,1.4168220536653342e-06,5.547952042217474e-09,3.0108517431459703e-06,4.202277680998012e-06,1.584169614815556e-05,0.0015920105057573436,1.664513809508661e-05,4.2010129722019895e-06,0.00040965555512652296,1.544618793328234e-05,9.364276448584063e-06,1.043299835666589e-05,8.466598553219518e-07,1.0433146209978816e-05,1.7869862622144073e-05,0.00028866066145011304,0.0,6.723598639235551e-07,8.826861463973046e-11
1489,1326299,10,1.4867992175413014e-06,3.181005652130864e-05,0.00033452214389909085,8.654079973746676e-07,6.276678331380847e-05,1.027308228207513e-07,3.268323303662335e-08,7.78461759217558e-05,1.0875900764706348e-07,2.883630391480041e-05,0.01374990725972914,5.332591170859047e-07,2.246583998233992e-05,0.0013704793179382946,0.00016230663464290168,0.0011737461981478417,1.1012387525072276e-06,1.4977631315443718e-05,4.4355192768193163e-05,4.067938037241592e-06,4.4354858979994694e-05,0.0,0.00012543862145637102,2.1757177199460687e-07
1490,1260645,10,1.3988693321757145e-05,1.6131779136709101e-06,1.3323618569531515e-05,3.8363275696798316e-07,3.6978086315517245e-05,2.1102454115379254e-07,7.35211342101777e-07,1.1796662508639644e-07,1.796733611978546e-06,1.1358346272707931e-05,0.0011303034883902614,2.8090091941355283e-05,6.220171692300491e-08,6.5017032953758325e-06,4.20301805859058e-09,0.0002627631457517328,2.959588528764212e-08,9.425416907647699e-06,1.2110293752771312e-05,4.147972107911013e-07,3.226163561764403e-05,0.0,2.5145914436461303e-07,2.874536115873849e-07
1491,1290593,10,4.125282096520411e-06,3.2397631696545748e-06,0.00014018819817439299,4.81480253167188e-08,0.0003798616677999772,4.426310253047294e-08,3.265038838184964e-07,1.2513495604160596e-06,1.1048300112281861e-06,1.2321029153897212e-05,0.0015062207992220522,2.652521395804519e-05,2.441597932306694e-07,6.66112547356712e-06,1.3037127279222349e-05,6.740977488058075e-05,1.9917657355372764e-07,5.5236748854325946e-06,1.369415944459107e-05,8.602203560442723e-07,2.377385462243309e-06,0.0,1.349379798759598e-06,3.487925961664917e-07
1492,1329168,10,3.3840618029121194e-06,1.0496695553807722e-05,1.985879561759718e-06,7.388087649058683e-07,5.968543455967326e-05,4.6154855912888815e-08,3.3121853801332257e-09,3.541023027228696e-08,2.5169544802527977e-08,9.985413045043162e-06,0.0005363851732500952,1.5997823227052732e-05,5.335863042871952e-06,0.0001582543288063884,3.375605218757308e-05,0.0006076208467732866,1.1235818402899334e-06,1.7975932386365967e-05,6.8107476941976774e-06,1.2983048046227852e-06,2.904978364223071e-05,0.0,2.042996735393196e-05,1.4349135524574508e-07
1493,1548070,10,7.992302523693318e-05,1.536637302610583e-05,0.0001140625215558938,3.131164727006308e-06,0.00015275309608504817,3.350565144291662e-07,2.2173402693115296e-07,6.447723193900301e-06,3.579149358973188e-07,1.1289299363885508e-05,0.0002053469101493885,9.119252501126052e-06,1.3688709479126038e-05,1.8768665689672392e-06,2.3521632344584986e-05,0.00014932850490456673,1.1102782734861982e-08,8.468143240542014e-06,2.3329027870944152e-05,1.7519093928330953e-07,1.2759680861409994e-06,0.0,6.625967171370456e-05,7.80961270444025e-07
1494,1296919,10,2.520031878378015e-05,2.496992505943152e-06,4.201847257259694e-06,7.726991322828947e-07,0.000136749357416574,2.2181276733909683e-06,3.134271308949388e-07,2.9855052347746436e-06,6.543034566652839e-07,2.2656853210581418e-05,1.6481987471263226e-05,9.419745221131426e-07,1.9712563815166284e-05,4.733371986970214e-05,9.796425626318328e-06,0.00016951949735940358,4.57933074715644e-06,4.96948034806044e-09,1.2039705507012333e-05,9.963165093981874e-06,0.0002433585750101705,0.0,0.00019852651962307122,3.946028413748248e-09
1495,1531078,10,6.225162803584136e-05,1.7417615140145892e-06,9.408962546523722e-05,7.839019026054106e-06,0.0002411962422491018,1.4877758544654118e-06,2.3307445690123885e-07,6.220970228671546e-05,1.2088965494101711e-06,8.999363664174281e-06,0.00029929008760463255,0.0010575500544741552,1.7684616975439937e-06,0.0005484950841881317,0.00017875620767066405,0.003935052455507421,4.8842628216118344e-06,3.0249897276044685e-05,2.2801333872633778e-06,7.250250935723901e-06,0.0005466240718091063,0.0,0.001034264285251385,2.623595631648379e-07
1496,1257973,10,2.862362900750426e-05,1.0410680004180328e-07,0.00019740351157726543,1.3674982499850552e-07,3.094578823936017e-05,3.139975774807402e-07,6.918206212416789e-07,1.0599959750029475e-05,1.7703282731845738e-06,1.3395609321148472e-05,0.00017635845127682293,1.624208404350791e-05,1.0304798390516068e-05,1.1887359955553567e-06,1.017733950157279e-05,0.000750213775909031,1.6644838882889923e-06,2.0170332073049524e-06,2.817298669355317e-07,3.293808466739434e-06,2.9161034957349286e-05,0.0,8.686404151540122e-05,2.173331620919372e-08
1497,1336599,10,2.8196820438003423e-05,1.4900094470721159e-05,1.436986957650821e-05,2.5692986460601475e-08,0.0001782848001065651,8.163509018221937e-07,8.577458493475021e-09,8.335994691466286e-07,2.76104214930184e-06,1.6160100939410782e-05,0.0020638865239747117,2.025122547663627e-05,1.6454843007052133e-06,0.00020107382415371355,0.00012769571071419294,8.244895629963556e-05,8.354607365063105e-06,3.087794992751025e-07,1.919018167356734e-05,1.4547158795397142e-05,1.0895663676374623e-05,0.0,1.233553688556599e-06,1.3504480431136834e-07
1498,1319667,10,1.123201933385387e-06,2.0159793681626126e-05,0.0006620330355109547,3.329248504782556e-05,5.399688994364715e-05,3.234038736810163e-08,2.974472560826613e-07,2.1121745082119947e-08,1.7948498965275617e-06,1.4745519740497204e-05,0.0009529564336946544,2.894372564628961e-05,2.491001771902368e-07,0.00040360819939934053,7.767142552392303e-08,0.0004044118744937937,3.421619308458662e-06,3.9587867033466506e-07,4.070372671882358e-05,6.5691685644068964e-06,6.162225627643833e-05,0.0,1.5121336682279163e-06,6.210070184024807e-07
1499,1311151,10,4.366419233660379e-06,1.2743062534112393e-05,6.256842714218863e-05,2.8202164476659464e-07,0.00010857336807823526,2.2229720567090716e-07,6.749261737687418e-08,3.7486959885355e-06,2.887489217784367e-06,1.497618009212165e-05,0.0005280785902272711,2.3717369587721027e-05,4.874398979656802e-07,5.1984035822044694e-05,0.00014280287261264624,0.0002547224805390866,4.327720025981696e-06,1.5027479043777658e-07,2.2373218459756372e-05,7.996765841324083e-06,4.2055874981822283e-07,0.0,1.4213983144682751e-05,2.7306295925788593e-07
1500,1302738,10,7.225521889732411e-07,1.0955440724640803e-05,7.005698819728332e-05,5.106499339400938e-06,2.0005972888495482e-05,1.2196299334354954e-07,5.712026677033577e-07,7.019957127898241e-06,2.0959584301483147e-07,9.796044705474849e-06,6.399878542924162e-05,1.6973240968956582e-05,4.160909691151848e-06,4.569616836002863e-05,8.29908639850413e-05,0.00014423968621592523,1.6628773073373848e-06,2.024819977471115e-05,5.952737451533907e-06,2.016262656633072e-06,1.4744194867261778e-05,0.0,7.02230486388164e-05,1.3450033796436056e-07
1501,1908493,10,4.425851511768997e-05,7.943759555928409e-06,0.0002966315223602578,1.3729877537116408e-06,6.010063225403428e-05,1.0122312232851982e-07,1.866137608885765e-07,7.504169479943812e-05,5.459878593683243e-08,1.1924290447495878e-05,4.093817551620305e-06,2.9641669243574142e-06,1.0038653272204101e-05,0.00014423498942051083,9.747194417286664e-05,0.0018306070560356602,4.793982952833176e-07,9.73668647930026e-08,2.0043400581926107e-05,1.5506375348195434e-06,0.0006092197581892833,0.0,0.0004164102138020098,3.988679964095354e-08
1502,1310916,10,1.6895441401626465e-06,1.9588473006842966e-08,2.5352881089651946e-08,2.0736924311037797e-06,4.044575106572357e-05,1.3222013761637896e-11,6.219146319458302e-07,9.177206304784857e-07,1.2321939415887995e-06,1.217940084935476e-05,1.4899561500855002e-05,2.0070544295508475e-05,1.0813141338231191e-06,4.4755999850112915e-05,3.410581190303394e-05,0.0003530642403576749,5.7660310023160966e-08,6.969732264470313e-06,7.917198438650574e-07,3.45807116667457e-07,2.5528475059571898e-08,0.0,5.9907536061717254e-05,3.222341796171868e-09
1503,1795052,10,8.820530900708473e-06,9.24158193090635e-06,4.542629897665712e-05,6.707041592113328e-07,0.0002002326426364283,3.447582533344651e-08,5.758041701081629e-07,4.230909160934937e-06,9.984471496284064e-07,1.3321445961042566e-05,0.0017867521252681838,2.9376055792333655e-05,2.693410153901954e-07,5.975120809986745e-05,6.60445463034065e-06,1.6890807705099292e-05,6.232679593404233e-07,3.685558650472903e-06,2.6729022811762537e-05,1.786785964266041e-06,2.3424634831858276e-05,0.0,1.713778226585666e-05,5.699002634321215e-07
1504,1332795,10,4.535275645360659e-06,1.2898694010110567e-07,1.7139567319544857e-05,1.2545550484369117e-06,4.221570882057685e-05,2.7744793393291722e-08,4.2688271374713427e-07,9.458058155623061e-07,9.79638028024421e-07,1.2816524918100869e-05,0.0002819031086067972,1.9712043364483733e-05,1.4873984383115268e-06,8.820799495580511e-06,1.1289063836968094e-05,0.0002808978424778119,4.0832193243939274e-07,4.751172295577866e-06,1.5373201328675035e-06,1.0475287720718152e-06,4.160284546499138e-05,0.0,7.885397213357181e-05,2.3310535030018897e-09
1505,1334257,10,1.5287966951948312e-05,8.999843382352657e-06,4.2641098555579876e-05,7.952489251297767e-06,4.338684939184795e-05,7.921349291922786e-07,4.4545149714692034e-08,1.5484707195298486e-07,1.6808146246355404e-07,9.18112752438388e-06,9.177643907938571e-05,2.256299981582416e-05,7.917980577379358e-07,0.0001375933278358922,0.00014042279160022056,0.0002893396354836722,4.451967067591739e-06,2.9811667481987464e-05,1.2095411254485489e-06,6.309676037138945e-06,9.389648647160215e-05,0.0,1.4137259709827432e-05,5.5167953538770576e-12
1506,1560099,10,1.324967769682217e-05,1.2461176042942446e-05,5.852883004642262e-09,2.9598370867717216e-06,6.648615439940747e-05,2.97495431067496e-11,1.2697405626926894e-10,5.36741762896531e-07,3.956217823480879e-08,1.0562970333971577e-05,0.0007573518241160496,1.4063554599721972e-05,6.44980554537905e-06,5.85239871670612e-05,2.2751652516000975e-05,0.0005900023111505628,6.387427297846471e-07,1.560250790044737e-05,1.0367783809597797e-05,6.456693820780512e-07,3.0248153388826027e-05,0.0,4.6646272617856255e-06,2.1193691234627776e-07
1507,1263130,10,8.226646007744587e-05,3.4694716378319557e-07,0.0002544025944195491,1.6383353689253255e-06,0.00020488732268616333,1.0593580501219724e-06,9.814757607334856e-08,7.615102772209892e-06,5.792775028753971e-07,1.4901024698595056e-05,0.0005428879101415582,1.3032182455116614e-05,7.616017616896009e-06,0.00020277704528936374,1.3247318130148178e-05,1.1652122456490277e-06,4.710011144437587e-06,1.4963415477520225e-07,1.4233541012487194e-09,8.501963719438621e-06,2.034160770401222e-05,0.0,1.3689856982676551e-06,8.372223396502232e-08
1508,1927203,10,4.655384897023218e-10,9.302628113796313e-06,0.00037056333637712144,0.00023378392601852357,0.0002626275568968807,2.861204632248482e-08,1.3950557475678887e-05,8.433627769630081e-06,2.045024330425693e-06,1.4364085746405852e-05,0.0003367219952832602,2.540160703369196e-05,1.9738271281322106e-08,2.079337264023623e-05,2.0444269242456126e-06,0.0007469289916243946,1.9594043071807787e-06,1.4639806250500709e-06,2.0520987390800632e-05,3.95281561393207e-06,0.00027456463554410143,0.0,5.505706719225248e-05,3.1781573661682216e-07
1509,1264606,10,9.92481060557368e-06,3.3534184061545513e-08,7.885583096500434e-05,8.29717004477426e-09,7.43895368118426e-05,2.3057358650505066e-07,3.5425534549576865e-07,1.9713762110587507e-07,1.0822205614505198e-06,1.1492754338225664e-05,0.001085043885866839,2.560606286477682e-05,5.18952687961205e-07,4.622713242443538e-06,8.79845715935218e-05,9.54855026038745e-06,2.815356556044868e-07,1.253251264439828e-05,4.539117332873904e-06,5.785581676243101e-07,2.8238710852064586e-06,0.0,1.4064431230888935e-05,1.5266122527571313e-07
1510,1330559,10,6.562906735702034e-07,4.2642646749864455e-05,0.0003101139854321533,4.930159705915371e-06,6.342883763433421e-05,7.237321342570824e-07,3.6767198440673665e-07,5.288927929024412e-06,2.795396296384478e-09,7.896327791738489e-06,0.0001658957469310024,1.536710936435315e-05,5.383631613224693e-06,7.604074388803395e-05,0.0009909910844997302,0.0006031937172918875,9.241964481411513e-06,4.395805871947045e-05,2.9813874223821868e-05,1.3024942563125141e-05,4.251043814748612e-05,0.0,2.079544749911122e-05,4.6816180668957097e-07
1511,1311884,10,2.6898755486927384e-06,2.160107413648471e-06,3.50451578205839e-05,2.0149998621044052e-07,7.652504462066223e-05,4.90225086628715e-07,3.28011525441152e-08,5.540070647028217e-08,3.95047013573846e-08,2.550129676852017e-05,3.252302567431642e-07,1.2886054320815354e-08,9.922075250742152e-06,1.2103697500237542e-06,1.9714182761490506e-05,6.100466859181725e-06,6.7293085570172e-07,2.5582423866486736e-06,3.8019603435662797e-06,2.760619846782497e-06,6.712825807719813e-08,0.0,3.2334613567219783e-07,1.0264492203426734e-07
1512,1256596,10,3.349049154784123e-06,9.971894737031972e-09,3.3062737618792803e-05,1.176962445247065e-07,0.0001369215609240762,1.234088850866899e-07,2.3645535805749684e-07,1.0130436762269268e-06,7.57494758314714e-07,1.162822717663825e-05,0.0006817341799847804,2.3719126454498085e-05,1.1028436633850336e-06,1.4063833984483826e-05,8.136005490266482e-05,1.8777452410190243e-06,1.4523152450443555e-07,1.1358722376380442e-05,2.4351940724857968e-06,3.3990430766545066e-07,1.6654735554184896e-06,0.0,1.0892057363678237e-05,6.821964358347254e-08
1513,1320030,10,2.1529631357014578e-05,3.961389166480533e-06,4.316433285025956e-05,3.4864448603122433e-07,0.0002250415276540199,3.857269001220076e-07,5.267329981906155e-09,2.90810587696283e-06,1.2109674946136906e-06,1.4821944935822229e-05,0.004643060619488527,1.892252441690334e-05,2.7560115856764544e-06,3.0362902914138346e-07,2.8622270251937865e-05,5.107569925028033e-06,3.4964609853804784e-06,4.633823560556971e-07,6.101623684348634e-06,6.522084735567646e-06,5.3166165504825447e-08,0.0,5.520576412495343e-05,3.05394719096741e-08
1514,1901241,10,3.0470156773099166e-05,4.202548222771024e-06,8.31737787745368e-05,2.3231464537755778e-05,0.0002656641412226105,3.2513889927296424e-07,4.845180502938834e-07,0.00028225638045105243,2.9587772775452326e-06,2.3521743373489806e-05,0.00013110232888128084,6.5500249632304e-07,5.521922843965826e-06,0.0014258179336247984,2.4010311782977564e-05,0.0013527671456648876,2.528395677624251e-06,3.593518232546805e-07,6.656450508858366e-06,4.705390943738133e-06,0.002604061194351557,0.0,0.00010878436516411488,1.0557286338457733e-06
1515,1277710,10,3.39876369361454e-05,2.2835251940050982e-07,8.939262918884056e-06,1.6612181888420174e-07,9.990680269614596e-05,7.557262446944435e-07,5.596641595266572e-07,3.3844782711608956e-06,5.052788246140416e-08,1.0430226261907288e-05,0.001784214962867462,0.001067981708308085,1.2996161256190186e-07,6.247120854015187e-06,6.0838197219071494e-05,0.00014932575634954773,1.876224791873965e-06,2.0430517683092675e-05,3.957794210529553e-06,2.849783855368715e-06,0.0006295073443290632,0.0,0.00038769536342750724,1.9906851467937914e-07
1516,1333489,10,1.0367492478589868e-05,6.250036851132568e-06,3.575886436913561e-05,1.7153591463821283e-06,7.649491158285768e-05,1.3222017231084848e-11,3.5270561471456574e-10,8.773434784226097e-09,2.5076799248235915e-07,1.13552195724273e-05,4.159944090149914e-06,1.5524076637473544e-05,5.953752171952709e-06,1.346495656879415e-06,2.890737799323556e-06,0.00010424544385541704,1.6720198138531206e-07,1.2041470115835978e-05,4.000915651024284e-06,1.203194038706945e-07,7.413314328464857e-05,0.0,1.8496524579712792e-06,1.2074661471031534e-07
1517,1346627,10,2.4336783371325943e-06,1.5602265565569512e-05,1.561606740786703e-06,1.2094403522948383e-06,3.7554047311226524e-05,1.018250155061795e-07,1.0372139459813301e-08,1.3027521912484241e-06,1.5277723152198885e-07,9.984996522032635e-06,0.0011888706573737404,1.568071635587448e-05,6.198713477793133e-06,0.000194045196398894,0.00014496102988401094,0.0008946086272255335,1.9595710004163824e-06,2.1622338996836465e-05,1.0239683402420152e-05,2.440105001087073e-06,2.5602796832092933e-05,0.0,9.621834827153175e-08,2.0838440046092033e-07
1518,1876304,10,0.00012343043245591212,2.9121528359599136e-07,2.499757284993298e-05,0.0002595309559989614,0.0007455498315689611,5.708330530138084e-08,9.977111095141322e-06,0.00013860509214206826,2.6245170988183075e-06,2.7144576729521558e-05,5.71243621253284e-06,1.6882057968202469e-06,1.663982793290164e-06,0.00038690811440037637,8.7027333146375e-06,0.0013890527253727428,4.82377429077141e-08,7.507699484207014e-06,4.49456116214525e-06,6.818619212728416e-07,0.002832366960828517,0.0,0.0053187858824072926,1.317202253856703e-06
1519,1433108,10,1.6042266957200235e-07,9.424687779608504e-06,0.00010609046358116617,2.3233483593548127e-05,4.577564745010185e-05,2.2145593639791294e-07,1.3905419413186293e-06,4.393728569213745e-06,6.722373160385209e-07,1.0176568764598548e-05,4.928905500189984e-06,1.866301480963825e-05,2.9243900653390387e-06,0.00019712207573156088,0.00021374395523920606,0.00014641012324440733,1.960167044484651e-06,2.1437699050601278e-05,3.4217618053271337e-06,2.5306891891611893e-06,3.386387261959667e-06,0.0,5.7154682878198665e-05,7.971165395456725e-08
1520,1299090,10,5.700169525614876e-05,2.0158438530683276e-06,0.0005745598715946876,3.8931320892748866e-08,6.37050891445709e-05,8.282871100696865e-07,9.265524108723056e-08,4.901020000041417e-06,3.3854546263589747e-06,1.5444571958032893e-05,0.001681819615371588,1.5286933542139197e-05,1.080947971000834e-06,0.00017715631946561838,0.0001640951838403175,0.0016573036829628483,4.839706288142093e-06,1.0796177069699597e-07,1.5870676153308116e-06,8.727357656754947e-06,0.0002184486547967615,0.0,2.787828691767219e-05,1.734736987044072e-08
1521,1295509,10,3.9516464605746093e-07,3.347904753942671e-06,0.00013316888508070265,3.7759346073473754e-08,6.313152621442025e-05,8.64649137229806e-07,1.4973597554923668e-07,9.421351520079446e-07,3.231860786281904e-07,2.540112838857536e-05,3.576302672267384e-07,1.932313611167913e-07,1.6563002490151135e-05,5.772676850042402e-07,5.7151436410905754e-05,0.00011066852120908063,1.2766750424261786e-06,1.5120435375749752e-06,7.615142069969383e-06,4.129736578661197e-06,2.4331044259189027e-06,0.0,1.0626867023202924e-05,1.48256050699902e-08
1522,1341743,10,3.920228081388116e-06,6.34925336194872e-06,1.0498212416588937e-05,1.209725790981414e-06,7.39446231483934e-05,1.7411552959839538e-08,1.177625886736311e-08,7.248091557499059e-09,2.3091487622375895e-07,1.1289969060909039e-05,0.0012974395056959305,1.6726908311850974e-05,5.063177433473759e-06,1.1087678457394334e-05,7.575779439605856e-07,0.00013876914173422544,4.3485098520298915e-07,1.4213671502713576e-05,2.9913988017250814e-06,4.587630834211598e-07,4.329667592495659e-05,0.0,1.288802896080507e-05,8.439166117313324e-08
1523,1251022,10,3.351377834970304e-09,1.1902948648589637e-05,0.00010485727408639581,6.502815616333396e-06,2.3565813313754583e-05,2.1101810773055396e-07,3.786146309091992e-07,5.779434798165381e-06,6.352296791009571e-09,1.0176606340788971e-05,2.2799834484745624e-06,1.78926185369771e-05,3.09784679101803e-06,5.358154255446536e-05,0.00023409034277489978,0.00014737915240794174,2.2205637896701574e-06,2.256252604959652e-05,5.290393295541776e-06,2.8899808774199287e-06,8.352659063508294e-06,0.0,2.3716435393674254e-05,1.2882016689474973e-07
1524,1433114,10,4.5058598419772666e-07,3.069150826544298e-05,6.49632918035617e-05,2.221126437496057e-06,0.00018586048665635707,1.0217836717008044e-07,2.4546411403481017e-07,2.4555137107459823e-06,2.5272342929066882e-06,1.6405311516171084e-05,0.0013242352638047558,2.959166953161313e-05,5.0991438779735e-08,0.00022770895009439213,0.00014424108262856006,0.0014884150129258963,5.427604545520104e-06,1.0564869187823511e-09,5.241659277524513e-05,9.97178003687288e-06,9.158605597352903e-05,0.0,2.4998539776804884e-05,8.704231647463367e-07
1525,1303910,10,3.765161475370593e-06,2.8658885153909353e-08,0.00015326602781552678,2.465252036780441e-06,4.808259408949078e-05,1.6397458539804677e-06,1.345558550483461e-07,1.4743627244080681e-05,2.039194618094764e-07,2.3138220097841666e-05,0.001942166119705456,1.1637940923459045e-07,1.3249957316566197e-05,9.98585539047775e-06,6.301518353679647e-06,0.00025760335768849896,5.152722439262514e-06,2.2441402861006488e-08,8.670415792000341e-07,1.0140773293705607e-05,0.0002825759393504934,0.0,3.091436718182655e-05,8.753447696546734e-08
1526,1509040,10,1.9877555938498104e-06,7.838028060366126e-06,0.00013853062944100408,1.4284411983811474e-07,2.2028745992743598e-05,5.0589821193325335e-08,1.6719847020785217e-08,1.324758294958539e-06,8.105705110866834e-07,1.0954635058402218e-05,9.702227474197786e-05,1.71377737967493e-05,2.0738947184573142e-08,9.761398464036564e-05,0.00011859108314303535,2.3230216722871372e-05,8.289419056520253e-07,1.6320288214150686e-05,3.5718027555677045e-06,9.055889467791955e-07,4.057499991316424e-05,0.0,3.422159884304207e-05,1.3003548899118145e-07
1527,1900124,10,8.634466332271828e-07,1.3220266515574786e-06,6.299464927445042e-06,9.563786134911267e-08,1.3445649954983013e-05,1.526796918061013e-08,2.502635192830338e-09,1.5636454227287155e-06,8.465962349005207e-07,1.197129905527658e-05,0.0011943925107861693,1.9358675742008058e-05,1.8517898183606496e-08,8.092795532321784e-07,0.00034707705414959225,0.0002518552693458048,7.834381932775303e-08,1.0692484272729202e-05,4.038677496598364e-09,1.124015412759527e-07,6.707569117708062e-05,0.0,0.00015599984138277637,9.199754930078186e-09
1528,1308589,10,6.499999333997586e-06,7.401970946729897e-07,1.463220822284228e-09,9.796008519635802e-07,0.0001667301142088684,6.553205397219486e-07,1.2697409790263237e-10,4.67257548428246e-06,5.910591815150301e-07,2.4309663834792827e-05,1.552438077165319e-05,8.317855410000519e-08,8.52707550572096e-06,2.7043229801987367e-05,4.6244635922509936e-05,8.046495799965414e-05,2.758385553219833e-06,2.850355878547539e-07,4.947100951113725e-07,5.702907329985241e-06,1.3105789730405437e-05,0.0,0.00012611207421892034,4.769007330152064e-07
1529,1642178,10,3.3129208553313305e-06,7.74763496386166e-07,5.595038813274028e-05,4.104058911567898e-07,0.00010341726370135043,0.0,2.921322278179317e-08,2.4075277590962507e-08,4.2431728606434627e-07,1.2531589674184135e-05,0.0002480625036154066,1.874878291611981e-05,3.241648184014456e-06,1.1090465636146019e-05,3.7824044651527805e-05,2.959620379248268e-06,2.281300905127015e-09,8.468382802866853e-06,2.8572644389379676e-09,1.1664005450731652e-07,1.5217081768270635e-07,0.0,2.434194608241791e-06,7.1208477656070635e-09
1530,1896213,10,2.894749186861667e-05,8.822100872787897e-06,0.00026634393725066124,3.258901105224199e-08,0.00017825551721794425,6.264463884575466e-07,3.638463266786296e-09,1.5444287486260366e-06,1.4433487133466705e-06,1.63245960766098e-05,0.0028302402608769844,1.9186837015953973e-05,1.962781264526481e-06,2.8197893427145404e-05,9.001096935148944e-06,1.2549018144139557e-06,5.80820453641856e-06,3.862040492963459e-09,1.0893033587269785e-05,1.0363956217736281e-05,2.410815944864364e-05,0.0,4.542906731183627e-05,4.5654623762048097e-08
1531,1642158,10,3.013999387527222e-05,2.7668583500801286e-05,0.0003334279139601097,3.144276819154468e-07,3.730384640300219e-05,1.5879138298910411e-06,8.948834613609069e-08,2.659105309260959e-05,7.896814469346425e-08,8.237294290017183e-06,1.2995166641383005e-06,2.1715562603850935e-05,7.062134099143635e-07,0.0007689537205968835,0.00026308867462429206,0.00039402310390516254,1.1223124510208876e-05,4.830224707364633e-05,9.120850209941994e-06,1.633812709109575e-05,1.253241819104342e-05,0.0,0.0003674901187391208,6.477361909340562e-08
1532,1588019,10,3.9608058635016985e-06,2.412060590567533e-07,8.500834218107614e-05,9.04137642317171e-07,0.00013046957345112103,4.67229534575897e-09,3.829389301837627e-08,6.934546702835886e-08,9.026709631293484e-07,1.2960328566458124e-05,0.00043305817466301674,1.900992130065768e-05,3.3501724223394813e-06,7.78407550348914e-06,4.264288142091094e-05,3.2696663773701395e-07,5.302339067814188e-08,7.128816058969006e-06,1.6891192037085667e-07,2.9366850769901864e-07,7.951095719327395e-10,0.0,1.7621596357791924e-07,2.414568173875198e-09
1533,1950043,10,1.0240992108563607e-05,3.7234755347718973e-06,0.0004028054294562579,1.4899161252451137e-05,0.00010168276107369936,2.306045860239747e-07,6.704573346956455e-07,4.5471002313359626e-05,1.9394017316057277e-07,2.7562224827075432e-05,0.00027291069373414426,3.579459888214398e-10,9.610385802775318e-06,6.300451087855319e-06,0.00010140343897769091,4.285789203070656e-06,1.0769096765728126e-07,4.6654642340202e-06,4.243469909005065e-06,1.776072698429082e-06,0.00012723946073323056,0.0,2.0160675229915354e-05,1.0109803317073784e-07
1534,1861474,10,1.3249333336653318e-05,1.0189731625316611e-06,5.913612864005477e-05,3.232009368123179e-08,0.00012588700857125296,4.0851673674402456e-07,3.0153871678761934e-07,6.508463353330218e-08,2.908512605238889e-07,1.1423393844457036e-05,0.0014768656674783893,2.4700669012996807e-05,5.702421453784856e-08,7.728153654108783e-06,1.9890486536503632e-05,7.72640267300076e-05,1.2546848896059781e-06,1.8062743979831847e-05,1.0203763734922822e-06,1.8126348666283598e-06,8.293759234216658e-06,0.0,3.8192667905102146e-05,6.945796823462635e-08
1535,1305308,10,1.797848056483628e-05,1.0687469215175938e-08,7.783936291475696e-06,1.3003347780274344e-06,0.00010957227862037552,1.3119819438842106e-07,1.3630114581095198e-07,3.399720214063151e-06,1.439987832481393e-06,1.406243966931009e-05,0.0003591029771670348,1.705679628887305e-05,1.5642333414077336e-06,3.831612109448865e-05,0.0001350254156951801,0.0003822037108450957,7.058232198535463e-07,3.8033520494661077e-06,1.2417274092985098e-07,1.5775230414495633e-06,4.1089484990389225e-05,0.0,8.519272320412288e-05,1.5654435470136008e-08
1536,1311496,10,2.249797018624017e-06,7.399672010060393e-06,2.621499722990292e-05,3.6263649468709636e-08,4.305882737634659e-05,3.1524536208554776e-07,3.486909152736195e-08,8.038901441430324e-07,6.90066762724928e-07,1.0957121937316822e-05,0.0008555637463387687,0.001120912402120585,1.6973448662901958e-07,0.00025568037941465366,0.0001432809034130969,5.169814834076608e-05,2.016066632182928e-06,2.1437220020084635e-05,1.3007098001102668e-06,2.638796534091409e-06,5.155471500710787e-05,0.0,0.0001408970029449265,2.8565411251679773e-08
1537,1313434,10,9.36447930178011e-06,1.1088919031260192e-05,9.486772770435359e-05,7.746581789612461e-07,7.145499884857534e-05,1.3766176786694784e-07,1.1187935581441488e-08,6.528857236089841e-06,2.389203245314886e-08,2.9160006301487407e-05,5.5652806886182654e-05,3.274394863930774e-08,1.2319939395353391e-05,0.00015951692489167557,0.000105679766553686,0.00014592668463581093,5.4369486145872115e-08,8.180190388822756e-06,1.225024923573112e-05,1.8630940291503029e-06,2.1622726749052218e-05,0.0,5.6179843427733855e-06,2.0539061076907394e-08
1538,1310236,10,8.406128430490933e-08,1.176514490016517e-05,7.903247181737308e-05,2.6568912522180466e-06,7.513398580596617e-05,2.2507264611087985e-08,6.825233798274377e-08,4.3587886262387576e-05,9.99591499507152e-07,1.5444790059458702e-05,0.0007851201350310699,2.621440157496782e-05,1.1020688358912012e-06,0.00014208669797552767,0.00019099223274648622,0.0010857028659120686,2.0732760144456797e-06,1.3000459036273393e-06,2.352270091145886e-05,4.223785460121671e-06,0.0006335291236721774,0.0,6.496338710804822e-05,3.09573310045691e-07
1539,1250120,10,1.639309884870696e-06,2.6212356977681206e-08,0.0003621413713100121,1.0208967810149128e-06,6.587339633580373e-05,8.536268774131384e-08,1.7462436635584666e-09,5.417994068590212e-06,1.8501279456135944e-06,1.2673968400891966e-05,0.0001879639225493123,2.3040114085317795e-05,3.8808459524846545e-06,0.00011794077260089166,0.00010712259229617854,3.410631373075915e-05,8.477534746247073e-08,1.0498777332199755e-05,1.9891648302752807e-06,2.3488433941593057e-07,0.00014424092079788446,0.0,6.736476144946629e-07,3.543203488075297e-08
1540,1255730,10,7.058691422479058e-07,1.6367246169490812e-09,1.0241180022629859e-05,6.508344373989949e-07,6.672912912425444e-05,1.3009935310448473e-06,6.589205320262082e-07,1.1678534185544098e-06,1.2975221197475406e-07,2.449872764492822e-05,9.584628436382081e-05,4.7338352959780394e-08,1.0434269603398771e-05,6.528600311367372e-05,1.9802145484887346e-05,7.005692535014263e-05,3.961487067938307e-06,3.148838179090063e-08,7.010278919861168e-07,8.040703125017368e-06,1.6116010062017239e-06,0.0,0.00011385041809963692,4.445594206647918e-08
1541,1320009,10,1.0840830984813754e-06,3.860178466839892e-07,2.436811158426644e-06,2.1160509521694904e-08,0.00014176729433295135,9.099663039399686e-08,1.5283734633095292e-07,2.793283851082462e-06,4.1260110212118506e-07,1.2533892087419896e-05,0.0002788921005030566,2.2186109241966595e-05,1.4163533210778678e-06,1.4902800645970327e-05,6.756935792485638e-05,1.3545052262236429e-05,1.846200796372377e-07,1.1834820649276462e-05,7.920153204839242e-07,3.1435950565220083e-07,2.4976893616170115e-06,0.0,1.1425199939300162e-05,1.9106280866459935e-08
1542,1592067,10,1.8495586525182905e-07,7.927995568542123e-07,5.6400565107452005e-05,4.626875593355395e-07,5.475707850501055e-05,2.5655534825058668e-08,4.798742316708404e-09,7.931657411017201e-06,6.250503155995346e-07,1.2745400273597024e-05,0.00048664465675063787,2.0250648204885036e-05,2.738558938647495e-09,4.0832486394189876e-05,1.7473000483710782e-05,2.745830599441834e-05,6.34302653804153e-08,1.0433586365377057e-05,1.0954546377298091e-07,1.3515609837908005e-07,2.070318201488272e-05,0.0,6.855919255467635e-05,9.937522506275887e-10
1543,1333442,10,3.7700994645673e-05,6.656571633463504e-06,8.010397429152744e-05,2.0741616142683217e-06,0.00010100568683422267,1.215758954065116e-07,8.035703706610331e-09,1.5596750929658398e-06,2.400931477727908e-07,1.303125105380637e-05,3.214948054554301e-05,1.3033114323192374e-05,4.411536346539402e-06,1.6892998308773444e-05,5.665052788053626e-06,0.00011427594794941737,2.647726123766736e-08,7.841184488710518e-06,6.300732076379434e-06,1.642683712457793e-07,4.637743289406804e-05,0.0,2.304069757426419e-05,1.7133411815695165e-07
1544,1299033,10,1.9359997430332815e-05,2.5401066279056445e-05,4.039110847786631e-06,1.2312042400423884e-06,2.9035816518266366e-05,6.12377503220185e-09,9.13717311569473e-08,4.905004124707013e-07,7.890708045299455e-09,1.1088678775326988e-05,3.058061735508252e-05,1.2389902027971217e-05,3.6863154176253188e-06,2.6522415975008956e-05,0.00014957261808702313,2.199607029148426e-05,1.4877913747969596e-06,2.0069602249532525e-05,2.143671030927982e-05,1.759893860350803e-06,1.2758894075010074e-06,0.0,5.505553959564771e-05,6.325372799431683e-07
1545,1487043,10,2.294305303082722e-05,1.971450230715821e-05,0.00022141404637453233,3.999810476763149e-06,0.00030349185901825185,7.226437437682365e-08,7.050205151799827e-07,1.0043685902232091e-06,2.559414450823555e-06,1.5130988191495998e-05,0.0026347699059268495,3.329411744373151e-05,1.275664327119591e-06,8.873656919537384e-05,4.8024987522030105e-05,2.928374166245862e-07,9.394667245185562e-07,2.788142352327938e-06,4.5293675353920426e-05,2.536806271855735e-06,3.981525032538402e-05,0.0,0.0001640961845989497,1.0639488351900372e-06
1546,1340253,10,3.0470331975361586e-05,3.4691967581605004e-05,0.00010160643336338399,8.429121186454003e-08,7.422583720679068e-05,1.27625916269275e-06,1.7276676981571593e-06,6.6574966623676735e-06,2.498113873747321e-07,2.8838227010680867e-05,5.27070106458756e-05,2.2498861318963337e-06,2.5922165156518073e-06,0.00014544359705180934,3.504734365973594e-05,0.00010424522353140453,1.5954169067800006e-07,4.752288605823496e-06,5.97524982020696e-05,3.720959580282013e-06,0.00024649032922942,0.0,0.0010010893621129127,4.6296208258342353e-07
1547,1252917,10,0.00010343196248327469,4.666601319591734e-06,5.270680462721167e-05,1.5614186081938652e-06,0.0002731727636498399,7.212537742329328e-07,4.987571465969731e-07,4.851585667320357e-06,1.4887124580309496e-07,1.4439523285343647e-05,0.00010200798699240565,1.0173212717991265e-05,3.6453996802854327e-06,2.0790491656166865e-05,5.708554657389564e-06,6.209635488630544e-05,1.299812470566264e-06,2.7196000019838462e-06,8.178382819259977e-06,2.7277132078271094e-06,0.0001471372205206628,0.0,0.00023623449286252346,5.797913987179437e-07
1548,1316853,10,5.520475605891306e-05,2.102473064466426e-06,8.930337604926876e-05,5.153223160959258e-06,0.00011090758826387201,1.3101034701534786e-09,9.049738410038533e-09,8.335897436268641e-05,2.668884530043769e-09,2.9376174340622896e-05,1.0209285441070692e-06,3.362345859479754e-07,3.3856658068383283e-06,0.00019740238686182313,2.3620460027665505e-05,4.0577322822171746e-05,7.899075831971358e-08,8.123197764340132e-06,5.048125333254744e-07,1.2372882428439425e-06,0.00015650050612943042,0.0,0.002488013837404733,3.8935609517412595e-07
1549,1370181,10,1.5054218291565835e-05,9.302018474696694e-06,4.705854078563415e-05,4.1519171017911916e-09,0.0002832277690213575,3.597677295796853e-07,5.8193545877938124e-08,6.699252706465764e-07,1.561867463924227e-06,1.6563991843604464e-05,0.0015023364220686924,2.088359166076137e-05,3.827638194245364e-07,5.624857887133461e-05,5.616135824310087e-06,7.516716182008609e-05,4.366423997731461e-06,1.663444497840283e-07,1.2958250383644787e-05,7.984668720727173e-06,3.9591383194786944e-07,0.0,0.00016563556547716934,1.0175047571864271e-07
1550,1277716,10,4.100978323595683e-07,2.5291478253641753e-06,1.87501797668313e-05,6.244063932361876e-07,0.00014140514134720894,4.04457725852736e-08,6.636682471639066e-08,3.973043786048569e-07,4.113249322951207e-07,1.2460617043491551e-05,0.0013417589176861408,1.9272527399367967e-05,3.132959786412981e-06,4.4113560188768774e-06,5.8217216072638245e-05,3.4693108265440586e-05,2.5188274740961525e-07,1.2602734743953625e-05,1.59764989043909e-07,2.9312501296369087e-07,5.154859371726828e-06,0.0,2.2658545217185688e-05,8.55430889318276e-09
1551,1590133,10,4.803129279054574e-05,5.055480244417487e-05,0.0037002941875646234,8.617151353584873e-09,0.0012809171783355472,7.816157248236033e-07,2.976526018994008e-07,0.000916899277655342,1.6193975058281795e-06,2.1166984145282175e-05,0.0018062561088728474,2.4044904098768916e-06,1.3693516756618784e-06,0.0008468144718985354,0.0031203430820785777,0.00301621265924798,1.177181494813051e-05,2.7908982566243745e-06,6.006699660221493e-05,1.8506212488736407e-05,0.001899215860754394,0.0,0.011524023493734561,2.600049846576691e-06
1552,1332709,10,8.317282734441114e-05,5.381728472298591e-06,7.950947468672587e-06,1.697403795703975e-05,0.00014951308206480676,1.959455850745334e-06,1.4108225004916264e-11,6.082668231193605e-06,5.319919985646848e-07,9.734376559378255e-06,0.001285222793913441,0.001057549487777875,5.18119014358831e-08,0.00023378435815057247,1.1409909125500994e-07,0.0007578992883819982,7.506111159630985e-06,3.769941777100397e-05,6.3854885754e-07,1.11572008289762e-05,0.0006210051991574345,0.0,0.0006405950334567242,9.164242457254668e-08
1553,1333248,10,2.339913798853066e-06,2.6009584342762126e-05,7.378737764778334e-05,1.936351620469845e-07,1.9534959512273325e-05,1.7596147786416716e-07,4.303601001953705e-08,2.621909805773648e-06,5.5603265047832195e-11,1.0498068992965265e-05,0.00026017640174188714,0.0011641738691762112,9.791402959674622e-07,2.5806852199380254e-05,0.00018878701902607514,3.636108126656851e-05,3.239632132102238e-06,2.641931081057841e-05,1.656386956321379e-05,4.2388831727434295e-06,1.3925203665096642e-06,0.0,2.7457384726536915e-05,3.6397497109666443e-07
1554,1260105,10,1.0890887623418721e-05,2.1716380561417198e-05,5.083803834367295e-05,5.631455146891395e-07,8.808704318161512e-05,8.648965390475882e-07,5.200668175969758e-08,1.0693261029218193e-05,1.8575935129341858e-07,9.734404384762613e-06,0.0011262741840026985,2.016039038309908e-05,3.487785914801922e-07,2.683235841234935e-05,0.00046958999893111433,4.1099305427699795e-08,6.604934840441501e-06,3.636204241659613e-05,7.2370670945107185e-06,9.369541218280653e-06,4.527689518793454e-08,0.0,0.0001946035329605661,7.188301959573651e-08
1555,1645208,10,1.4213397226927466e-05,9.674533353050407e-06,6.773423012873883e-05,1.7731629059838938e-07,0.0001119655220756556,1.0438300046544668e-07,1.1280700453614179e-08,2.119316184639314e-06,1.7817645028492257e-07,2.9922062739228678e-05,0.000667706977978133,6.377706574661746e-09,1.2746527040984751e-05,3.4623544950401763e-06,1.2042000706272149e-05,0.0002608232667618768,5.865500108531707e-08,8.181476725238612e-06,9.488655041765826e-06,1.7594600138226557e-06,1.0883302445363618e-07,0.0,0.00019824692407524602,4.475984971552549e-08
1556,1449102,10,1.0304097043653537e-05,1.3620867146096893e-05,5.944763762896765e-05,7.569345239488712e-08,0.00022858596739775555,3.254809163022454e-07,5.1326136278617707e-08,1.6224321478797155e-06,1.8220740132801616e-06,1.7391524427798344e-05,0.00619526353075954,0.0011068936741912214,8.655861589990099e-07,0.000140664229685665,0.00016129319090723432,2.5105489492596722e-05,4.752214619173356e-06,8.250262839570865e-08,1.8576492373204023e-05,8.66800212301344e-06,5.616447004086478e-06,0.0,2.961890605605866e-06,1.8888612024481333e-07
1557,1299190,10,1.310380642208231e-05,2.3072713844357606e-07,4.2174361914587566e-07,1.5364791938407563e-06,0.0001741452371179092,4.3653145516409086e-07,2.475039853622185e-09,2.2136764998688385e-05,6.4069239978648e-07,2.6728872083874033e-05,3.8315836342214804e-05,1.2288167196283784e-07,5.809066305685617e-06,9.596631307465242e-07,5.8521495450339356e-05,3.0140951502950764e-05,1.6633662530823878e-06,9.605998152889539e-07,1.9368111479900474e-07,3.889582698042571e-06,5.505583261015967e-05,0.0,5.791155107514462e-05,4.2562475723040283e-07
1558,1387174,10,2.3006814225609573e-07,1.225004630627663e-05,2.7144265125303435e-05,1.9289123380505924e-07,4.1690648662169594e-05,4.3578190026330454e-07,5.8673386899021907e-08,4.970064053793494e-06,1.085454434113231e-07,2.9593578807059207e-05,1.583996336872867e-05,2.3037113730528525e-07,1.4822477553511765e-05,9.082045298941868e-05,0.00012723816690457176,2.5705047972442857e-05,6.703321063505907e-08,5.19791104832551e-06,1.6401772865572845e-05,2.2790554210644354e-06,2.6213768776088553e-05,0.0,5.684721166368534e-08,1.0963621503712329e-09
1559,1260954,10,4.74564807329686e-07,8.065163265274372e-06,1.3175614151542808e-05,7.055861176230929e-05,0.00025041954960364904,1.4624268731451562e-06,3.918569653572901e-06,4.791519853776169e-05,1.4153267678986003e-06,2.3619461589848706e-05,0.002471082876165792,7.714603188560543e-08,7.07442655337176e-06,0.0003182636439945548,0.00010403846685698437,0.00045198691115947223,8.008501538533247e-06,7.554860338918057e-07,4.708485531877693e-06,1.3857389336850018e-05,0.0003806399203779773,0.0,3.8803336651419e-06,5.837792819048115e-07
1560,1373123,10,2.872978017915903e-05,7.95139966631303e-06,6.001947990136314e-06,7.790998041157238e-09,4.4406569486215436e-05,5.203373571599501e-08,9.838761665451057e-08,5.904617767060749e-06,9.993556912973878e-07,1.3395492956595062e-05,1.5443802697891196e-05,0.001175117946257638,2.7220043773874825e-06,2.6832360408686473e-05,2.87291402768855e-05,0.00013688955059815502,5.772516034618924e-09,9.48673839422376e-06,6.050495440005493e-06,1.1880844644901467e-08,5.975268749514734e-05,0.0,1.866169420623731e-05,2.8754520588550325e-07
1561,1904287,10,2.9941553468804116e-06,9.030549452601622e-07,4.624104735376916e-05,5.941920555169178e-07,0.0001227087909277877,3.30552252236771e-12,3.880178421622471e-08,1.7201695271668038e-07,4.629809200670798e-07,1.3764086596534941e-05,0.00022171278987986875,1.8922130517379232e-05,3.0633080031483573e-06,5.9054377529246804e-06,4.8441485421012176e-05,5.522537416237372e-06,5.663836066815975e-11,8.762715991379733e-06,2.9996125860964895e-09,1.0492444722093319e-07,8.834551840086746e-11,0.0,5.018407971513206e-06,6.531406450405175e-09
1562,1279714,10,2.862276702376987e-05,1.2604999813453643e-05,5.9752663373810466e-05,1.0852953426787604e-06,0.00012866256453829272,2.87456160819044e-08,2.0154382289472306e-07,1.3004339980277058e-06,3.557869948656034e-08,1.3035013582712862e-05,0.0004120897255155964,1.310506824328539e-05,3.388579497012878e-06,1.0205257155865288e-06,3.240458018249903e-06,0.0005031053391645612,1.4272387012514987e-07,1.1973369103981946e-05,1.004806043065909e-05,7.648121949643816e-08,5.4758659817216726e-05,0.0,5.358147913495093e-05,4.683000986438479e-07
1563,1250950,10,3.061980773051698e-06,7.559830354705865e-07,3.588035103060244e-05,2.116954649078462e-08,0.00019903013715705936,1.3221638733088015e-06,9.27178422580055e-08,4.1999581897739224e-07,7.568045130024181e-07,2.652111553447939e-05,6.5533243576790245e-06,1.8409680507813775e-07,1.4136340555796767e-05,0.00012927613881247996,4.0702984567618505e-05,0.0003048517054111202,3.16766507030275e-06,2.0112034705699333e-07,3.6470431982807416e-06,7.083753000305948e-06,0.00015202822187362908,0.0,3.0691746655424346e-05,2.0423715253736763e-08
1564,1324062,10,5.203732871450484e-05,1.8797283701132983e-05,4.147295840084553e-10,1.1829251889139414e-06,0.0003779731268878095,6.104528438299894e-09,4.7453795559704304e-08,2.5740722776390612e-05,2.690649125725031e-08,6.319954991340637e-06,0.0002632937830640003,6.8662193370983005e-06,5.523470463231206e-06,0.00014864245167700574,0.002474431872542482,0.0002956598036689684,5.621404852718115e-08,6.134432624094188e-06,1.7960977857001126e-05,6.031041266396642e-08,0.0009406296376255341,0.0,0.00010698243568185717,1.1440715752542019e-07
1565,1307261,10,7.0205681166925216e-06,2.015828383210294e-06,3.203559394929223e-05,8.259531977805601e-08,0.00022272234094001392,8.926641474268915e-08,3.5501455199551946e-07,2.900454566547722e-06,1.321577957558856e-06,1.4744745673377774e-05,0.0014356507383781539,2.6315940175859753e-05,3.015252283966596e-11,3.802148097448166e-06,0.00010120306591305042,1.6296964212153542e-08,8.22844180292659e-09,7.560403565837204e-06,1.0175060141105058e-05,4.192167055716567e-07,4.750343074511054e-06,0.0,5.285240698418153e-05,1.5657966917839716e-07
1566,1254150,10,5.2127008635039634e-05,6.223544647340762e-07,1.0431975658510562e-05,9.998699646088238e-07,0.0001006109253917642,1.0183303429389667e-06,6.022633259605836e-07,2.1164111282299947e-05,4.6083593467291517e-07,1.217844804778448e-05,0.0015209998727325202,2.9158562643665648e-05,7.81823089254785e-09,4.556086986119007e-05,7.224905355431022e-05,0.0003104643125898948,2.755649620666406e-06,2.3619584211907046e-05,3.8016440141591668e-06,4.134712597875928e-06,0.0011296314279855175,0.0,0.0007311596717711408,1.9981389165132923e-07
1567,1314296,10,7.675094876063993e-06,1.8516869287853177e-06,7.31037213540682e-05,2.7832432584334876e-08,5.07774622856734e-05,3.147600924104099e-07,1.317832468358815e-07,4.69151863764089e-07,5.348249624802237e-07,1.2888902464289892e-05,0.0009548102558570963,2.3329956062943108e-05,1.2291070954420502e-07,5.569836148851953e-06,2.3425582596211386e-05,4.3296674568753246e-05,1.0825975110713426e-06,1.72232255155301e-05,3.145266842634331e-07,1.4671429603221875e-06,6.052697219413594e-06,0.0,4.2120895880432e-05,5.00031123104594e-09
1568,1559051,10,7.039069757745764e-05,5.174813069129536e-07,0.0021780898001766413,9.026836465808596e-10,0.0002142035970067041,1.2771964648800038e-06,9.556165572431607e-07,1.3655575175870044e-05,4.100143890690966e-07,1.2111130757629096e-05,0.005635505194481041,3.0691981510237026e-05,7.343101130624641e-09,0.0011689546906388064,0.0003478233579844968,0.00021403732948691023,3.3855304560972965e-06,2.5704671298015097e-05,5.062108782434571e-06,5.166096863948311e-06,0.0005080516517822105,0.0,0.0006259996630450654,2.65538209590771e-07
1569,1952075,10,5.016679330560603e-06,1.7687043993644402e-06,6.480179820313181e-05,3.249661581494756e-10,3.773009121178783e-05,2.39010223966607e-07,1.5833581634705496e-07,3.0025666739735835e-07,4.3547711497254893e-07,1.3178305538111279e-05,0.0009036032111541595,0.0011035670641682122,1.9233103634719306e-07,4.284776070562213e-06,2.7456809246435843e-05,3.31792471430295e-05,8.465568638385546e-07,1.6078500681221408e-05,2.4954428968354536e-07,1.1352314094395521e-06,5.198703203562749e-06,0.0,3.856371014041016e-05,1.0908681652432861e-08
1570,1262895,10,0.0001117219098448613,4.0065789507118255e-05,0.00017902115928891682,5.16759676577605e-08,0.00035702157715196414,2.555680653271164e-06,5.70763792479001e-08,1.8165832912961366e-05,6.200047384066765e-06,2.2559500399227383e-05,0.002152958282369513,1.738492609136555e-05,2.072511210135519e-06,5.684996840989165e-05,0.000533147536095499,0.00013571930039003866,2.0974938205603477e-05,6.6024919992691e-06,2.8194191308006378e-05,3.522037712459791e-05,0.0005958460435807889,0.0,3.0910783610990644e-05,8.160730476103328e-08
1571,1891055,10,1.155998467338576e-05,2.7247785867746954e-05,2.4206075478296063e-05,4.972647607452696e-06,7.023502630842254e-05,3.953104293213938e-08,2.7534976965171154e-07,8.318438096954761e-07,0.0,3.3523649251125665e-05,0.0005148362955837149,1.0891344549152082e-07,1.6241245308280805e-05,0.0005175622493481732,0.0004161599665040913,0.0009449487461671222,8.656282975624818e-07,1.3690732647876624e-05,2.5100534272036457e-05,3.3240783148605346e-06,7.797000403712145e-05,0.0,0.0006031935332104638,6.283004866380892e-09
1572,1891266,10,2.9921788659431625e-05,4.006741116811818e-05,5.760546659509813e-05,3.227730944743712e-07,0.00045009574959413434,1.0438260578532477e-06,4.298072547870291e-08,3.320040782045508e-06,3.6086596997275677e-06,2.1254941355117185e-05,0.0019607202183910544,2.2566585420602525e-05,5.093211844775514e-07,7.241844027029709e-05,9.057740675263992e-06,9.925761971785185e-06,1.2747621653597108e-05,1.9331276168432776e-06,3.856260530780975e-05,2.1806454768361072e-05,3.7285021209504388e-06,0.0,0.00011968762567815538,5.763167329336794e-07
1573,1289812,10,2.9813249929511176e-05,3.4574819712397675e-05,8.662513674914663e-07,2.821847523613863e-06,0.00024557401318213434,2.974952229006789e-11,1.4658249289367653e-07,5.0102619325725906e-06,4.337176964797074e-09,1.253159379265012e-05,0.002687384383596156,0.0011978535414981367,3.3840819339478467e-06,7.867499052327531e-05,0.00019320806431755155,0.0006002512654586858,1.5638978040008467e-06,2.034070754788203e-05,2.6937417854061563e-05,1.8416204572296868e-06,0.0003617609500558075,0.0,3.423940083228938e-06,1.176249487012948e-06
1574,1647048,10,1.01934440766005e-06,3.2397179864258885e-06,7.744008365510521e-05,4.089960251724145e-07,6.157770739192298e-05,1.519672534859573e-07,4.250269012781582e-08,1.6939854032178847e-06,2.0444634544689033e-06,1.3541808115597603e-05,0.00010180822146283602,2.0976269575530976e-05,2.702932496503885e-07,6.656578600924834e-06,2.1344346492632726e-05,0.0003444727892843863,7.388250679619957e-07,1.5680699970741646e-05,2.481558656480809e-08,9.410254212041669e-07,1.95989365047583e-06,0.0,0.00015550055290906514,3.743987612991884e-09
1575,1265623,10,5.700333092695936e-05,2.103668794294078e-06,4.975009718112544e-06,5.477811760114248e-06,0.00010466610461484782,3.363229459582562e-07,9.984990660683035e-08,1.0147745405225672e-05,3.840229392954031e-07,1.6160105977790218e-05,2.3328371911129908e-05,1.3324676585810269e-05,6.554426737442887e-06,1.7799809472890393e-07,3.7341628830733775e-08,0.00012701446474604194,7.944473128587703e-07,3.726203674378481e-06,2.076029422107273e-06,1.726937882876034e-06,8.834552533976137e-11,0.0,3.2044196935226976e-06,1.9523124136083814e-07
1576,1301142,10,2.219407580394267e-06,6.150437710433776e-06,1.9272114706890553e-05,4.3545517808274425e-07,5.653724598082832e-05,9.603284066642126e-07,3.0110413737349795e-07,1.3859376133587564e-05,3.365819067485676e-07,2.9593281286040968e-05,4.040382661378572e-06,3.359719866549704e-07,1.0175834721189159e-05,0.00040000024198077674,7.089606905517215e-05,5.106763329439101e-06,1.2101069458113345e-06,1.664074122605802e-06,1.102201698520433e-05,4.128190179610719e-06,0.00014786583300076608,0.0,5.1839168606345604e-05,2.957970358236084e-09
1577,1563063,10,9.239904541609445e-06,1.2816301513476208e-05,1.4306690484036655e-07,1.3919157714863128e-06,6.576835225496555e-05,5.779126553313862e-07,2.6938396145703702e-08,1.4907240071214412e-06,5.92697439759371e-07,1.2673436202585708e-05,2.819493615594318e-05,2.1343894757316906e-05,1.186837182705347e-06,7.106469976829108e-05,0.00020164001430300615,0.00021228297829553253,3.5724230018525926e-06,2.6936422717654257e-05,1.7945437634885042e-06,4.933869196328128e-06,3.387227489199188e-05,0.0,8.091883739944072e-07,2.4229176810719455e-08
1578,1341556,10,2.959477405565028e-05,6.554026938339341e-06,6.822760775986036e-05,1.444294059349538e-10,2.2835531670213627e-05,6.329096325849437e-08,1.349775070498549e-07,1.151473471271841e-05,1.1035372314872893e-06,1.552394712733829e-05,1.4593585823566985e-05,1.4288001065451e-05,1.2111913906091842e-06,0.00072307249338735,8.009570828946405e-06,1.4137338373194919e-05,6.096027866525633e-09,8.469374286921433e-06,3.960708001692764e-06,8.40340863145217e-08,5.904595077176056e-06,0.0,7.81461717751647e-05,2.1876149165767078e-07
1579,1340493,10,1.8148464981861123e-05,5.041056928221238e-05,3.9677169181781546e-07,6.655676427935742e-06,9.95260370111016e-05,6.758406315143795e-08,1.9236812441592033e-08,2.599499113145609e-06,7.920694115523541e-08,1.2460401827105172e-05,0.0009480233999826781,1.1765131288848235e-05,8.762165758489232e-06,6.25182896722698e-07,0.00011881108269606172,7.482295684619125e-05,3.533576369087882e-06,2.7772106519888956e-05,3.410570259257048e-05,4.625100886522515e-06,0.00011130151405175023,0.0,8.109674581417703e-07,9.765026891227213e-07
1580,1432102,10,6.656400316912281e-06,3.7946310178206544e-05,0.0002331744377683312,3.85397055900627e-07,3.425814182122372e-05,8.294469119735082e-07,1.7843935655459386e-08,6.25704585411474e-06,2.9185526002895035e-08,1.1629822518274824e-05,0.00024118253543654877,1.840462341469451e-05,3.801862408739365e-06,0.00036442802652494194,0.0002396307451909066,0.0006175222587825047,7.672424617397033e-06,3.943838778987935e-05,1.3764137186289549e-05,1.08582562949322e-05,5.852212052163269e-05,0.0,3.612041647637482e-05,2.970191447931869e-07
1581,1330995,10,6.0527828797479755e-05,1.151571673366214e-07,0.0004363917382741375,1.3927239812736025e-06,0.0001701515702315845,8.836992016238165e-07,5.711352608836484e-07,1.1219642611012826e-06,3.0247612970921156e-07,1.4288750498400726e-05,0.0012723484176324663,3.091348721982051e-05,8.097231712633768e-07,0.0013140629674251482,1.831797762567866e-05,0.0005116641902981438,1.5873937113421166e-06,1.8922358688569507e-05,9.485911135833497e-06,2.5522166449548633e-06,0.00022952185466381184,0.0,0.0010445819171727537,2.4205298299398437e-07
1582,1894320,10,5.1410321114313956e-05,6.554002848144225e-06,1.0955105042492058e-05,2.0346557090197837e-07,5.6870546839574154e-05,1.8570270420709134e-07,6.662972312429516e-08,4.478319936079833e-06,1.6969991041906884e-07,1.6241279351125737e-05,6.575745040392211e-07,1.296176200511756e-05,7.398384479738451e-06,4.974077188656112e-06,2.7546845526270347e-06,3.9188354885148075e-05,1.5188490310250047e-07,6.401081840794187e-06,5.107226539163151e-06,4.825635985007681e-07,3.169598510505134e-05,0.0,1.9535626176455517e-05,3.265556562034866e-07
1583,1311903,10,2.2990747772927422e-07,7.56209790488821e-06,2.2214859480423899e-07,3.4235233238172347e-06,0.00010946195453189617,1.4401082450085645e-06,4.0382817471928956e-08,4.2853681058718784e-06,7.046152730033617e-07,2.6730565650522065e-05,0.00011664061421975264,4.281898505209547e-08,4.535527630550318e-06,0.00016563757601214396,1.0369982619551354e-05,4.1088297706000365e-05,7.454130757589272e-06,5.468245554557383e-07,3.2029154126006487e-06,1.3049291415143105e-05,8.930334233855225e-05,0.0,0.00019182348698035256,4.3684640196883784e-07
1584,1433040,10,8.526640149650322e-06,3.000215558629504e-08,0.0001640962479111767,8.839514558413308e-07,1.7065100667453675e-05,4.0106854497234945e-08,2.7342285558590307e-07,1.9500610583846056e-06,1.166463570352605e-06,1.7140349208803057e-05,9.880412759205939e-05,1.9010964924990464e-05,2.464930594029552e-06,4.952342396932763e-08,1.2251169445649801e-05,9.216144479705368e-05,4.104321502211572e-07,4.709941427566422e-06,9.031847388631109e-07,1.0611118539671782e-06,3.3856171968923987e-06,0.0,1.9449331049518903e-05,3.6828976673897174e-09
1585,1331993,10,1.7222817844490812e-05,7.507467653246336e-06,2.9602571141457146e-06,4.636828098980583e-07,6.326236323356271e-05,1.3016616463856767e-07,3.918953356274457e-11,5.107425894407269e-06,1.9478984449039505e-07,3.3179141047869065e-05,0.0006125614677485736,1.431783899774608e-09,8.066709885477807e-06,1.108940779485229e-05,2.04316372361818e-05,0.00020079053319773527,1.4159604044827745e-11,6.6066271848311264e-06,5.904316844329571e-06,1.5870854449956395e-06,9.702345003669705e-05,1.5846281578579813e-09,0.00016978226970291999,7.550185678745214e-08
1586,1338665,10,3.497926428473741e-06,1.998115497173214e-05,7.952642230163454e-06,7.070986816626323e-07,0.00014700985315328763,1.9618626696804586e-07,6.509869399790036e-08,7.81517426724776e-06,2.8924997066206992e-06,1.9981471399754813e-05,0.0024235942720551504,2.4403209437640072e-05,2.2599881091545093e-08,0.00012996079429630075,3.882421216558352e-06,2.1160939564106307e-05,4.2447827803410165e-06,1.6909469392756282e-07,2.4603008516962954e-05,7.886376130160355e-06,1.0319100379740931e-08,0.0,0.0002518594160532961,2.077108192666266e-07
1587,1646092,10,0.00014328229894525202,2.5605394647000568e-05,1.9534539958537822e-07,1.0304366025983003e-05,0.00018142241887574712,5.48675484775274e-07,5.682928921196817e-08,5.432892401860401e-06,3.620798763592781e-08,1.6081842442755567e-05,0.0004897384731580648,7.897089413330671e-06,1.3691289551434616e-05,7.238672624018672e-07,2.777431695789173e-05,1.102364853219906e-06,1.0336411910422116e-07,7.129162297073166e-06,2.8409225141530492e-05,4.837431374360435e-07,0.00027027452623293313,0.0,1.7057058899323796e-05,1.2098830855789e-06
1588,1277995,10,3.091162989389551e-05,1.85737139168779e-05,3.757846612868765e-05,3.7593920844680717e-06,0.00019594769725014838,8.374902465968503e-09,9.029264974591555e-10,2.7854905998159207e-06,5.938317253206815e-08,1.5051480203601142e-05,0.00059341122671068,1.3033659620090288e-05,9.42116689375827e-06,4.5670155052190964e-07,2.9050713482983714e-05,0.0006290032581631744,3.075773548771865e-07,1.339660028333578e-05,1.1966552279168985e-05,2.4200298155696576e-07,4.163058435799338e-06,0.0,1.672373606691202e-05,4.6300070363769485e-07
1589,1308529,10,1.8492469123540523e-05,1.1091627363735146e-05,7.956805229507313e-05,2.6240004123434524e-06,0.0003039928699119926,7.245794916010961e-07,7.702335726167409e-08,0.00011750786780340139,8.833716644285339e-07,2.7983866231331977e-05,0.00012588851352732244,4.627590056566211e-07,3.8825652709517655e-06,0.0005221244826671273,4.3297224137067714e-05,0.00022529997291546866,5.06416562064127e-06,3.2528016238875246e-08,8.703524503272941e-06,8.736321805952185e-06,0.00014762260742579025,0.0,4.7611019248758324e-05,9.314899090950846e-07
1590,1306067,10,9.464668103073559e-09,3.192185321956344e-05,3.599984617138306e-05,1.5970720377948833e-07,1.7853003101826054e-05,3.362401326933301e-07,1.3114336264510862e-08,2.7105274897631926e-06,2.1777168771400235e-08,1.2959817391485981e-05,0.0006895871506958414,1.6564835510031115e-05,3.53469451197172e-06,0.0003470768713962277,0.00019712148496101901,0.0004272487909142853,4.202498509051772e-06,2.926837230074128e-05,1.3249629519556175e-05,5.591366522152141e-06,0.0001054729230303593,0.0,2.497015529050878e-07,3.0417360791061554e-07
1591,1312818,10,1.0433076227178012e-05,4.24353132226149e-06,0.00011946439940329137,2.0742839922996414e-06,5.6178850651129875e-05,4.1057520874451803e-07,1.179820781162244e-06,3.1347745482052103e-07,1.0823487595554293e-06,1.4440779790639291e-05,0.0004247726865167084,2.3041032491521313e-05,5.479146624361164e-07,6.300341447561947e-06,0.00010670961512707078,5.152521359241824e-06,1.715663332450823e-06,2.0070029643572823e-05,1.5184314045707525e-08,2.3429328478395683e-06,6.955606131774442e-05,0.0,2.2279113880863122e-05,2.2067150190485663e-11
1592,1701088,10,1.256092040588519e-06,1.7724623281235863e-05,0.000111726268396211,3.3483912472362376e-06,2.8187925736021524e-05,3.474891006778613e-07,6.734838952499045e-08,1.7827589151031553e-06,1.216173749866989e-07,1.3765271485124964e-05,0.000718240582264551,1.892432069756228e-05,2.219867992869773e-06,9.900377651840195e-05,0.0001745050883516612,0.0002611453508972704,2.9588028977560465e-06,2.5100662332955964e-05,4.537126778045297e-06,3.9593446422361844e-06,4.17320395209933e-05,0.0,1.7716237933271262e-07,6.747529764095095e-08
1593,1900856,10,1.3249795104218476e-05,3.920375218253308e-06,1.1678387363059373e-07,1.9096933126391824e-05,2.88500924811759e-05,9.120674850787713e-09,1.8224329135646533e-06,5.685553053629e-06,6.393259678466601e-07,1.6321424597381257e-05,3.6966523029032666e-05,1.6565162214224327e-05,2.9939391702135665e-06,2.256269289022811e-05,3.062893262403138e-06,0.00013971351768886017,2.439785599245292e-09,8.939296191525642e-06,1.0827556622093615e-06,4.897574393952775e-08,2.8196640452123056e-05,0.0,0.0001483514732419748,9.44933033486528e-08
1594,1335259,10,1.1696662545856995e-05,4.0322784084542707e-05,6.863418117841746e-06,3.8396637032506176e-06,2.775223298326357e-05,7.871698441686004e-08,9.639022129775965e-08,8.405325707380729e-06,3.532833769970267e-08,1.3911711860950526e-05,0.00016052804307367663,1.3250030482761521e-05,4.838690284197922e-06,1.2516976127738277e-06,0.000295151118494541,6.225166123740439e-05,2.7878841568004797e-06,2.509748599599515e-05,2.2657549912340202e-05,3.5905387564955094e-06,1.7471610704047902e-05,0.0,3.757532260491997e-05,6.013347022340576e-07
1595,1263139,10,3.1698288262202445e-06,2.5202245264956125e-05,1.4884856590971496e-06,4.579005145565612e-06,9.27609136584448e-05,1.943547567363757e-07,4.552693462188395e-07,3.310678274998091e-06,1.2873703627430677e-08,3.5640955852799666e-05,0.0003254426813278262,2.1057416263806084e-07,1.4977746665846559e-05,0.0002250003776684724,0.0004040089250334951,0.00028696452552405896,1.4473946211360222e-07,9.303071699082871e-06,2.275306913992678e-05,2.3194494919789865e-06,1.9713986462239347e-05,0.0,0.00010795187741335227,6.560964081053777e-09
1596,1890212,10,6.100019207640889e-06,2.8301566483777962e-05,0.00021345248310845194,8.652545985393667e-07,9.82754173883306e-05,6.562073286975334e-07,7.909740425485201e-08,3.316247236925113e-06,1.2871244830722772e-07,1.3249258482814913e-05,0.0025674490278261887,1.91835557180782e-05,1.4641981656363101e-06,0.000969076663052279,2.9810537364963197e-05,0.0022867519817570924,5.474684022028359e-06,3.317698198200894e-05,7.783534045499585e-06,7.621871047538975e-06,2.74578886224619e-05,0.0,0.00011728869592804447,1.57059286423622e-07
1597,1319898,10,2.4404472145543588e-05,7.076458740103153e-06,9.428465735990266e-05,1.1451535113712885e-06,9.836673373039839e-05,2.90999236374212e-08,2.1412300335588164e-09,6.108144332966914e-07,1.2389938307960646e-07,1.6728916706398866e-05,0.0006996037100835684,1.4978403195038681e-05,6.401276337428263e-06,1.7556468154468485e-05,2.0371711580147167e-07,6.806367403359992e-05,2.23029849449885e-09,9.182249862363379e-06,3.3135420573621177e-06,3.0229622437205617e-08,1.1357986251243901e-05,0.0,4.041610350523361e-06,2.0524185379011683e-07
1598,1299712,10,1.4171117218818308e-06,5.3875362322167164e-05,4.900045087715896e-05,1.4164944673079882e-06,7.155339772898367e-05,3.3623910325117357e-07,2.1669164117568696e-07,3.5916364793976696e-06,4.882203162234755e-08,1.3249937122261635e-05,0.0005134757123107375,1.4364947889953378e-05,6.811933887688332e-06,2.6571338666674105e-06,0.0003392968175434351,7.327428540659583e-05,5.712813732058897e-06,3.44566062784081e-05,2.621519547814713e-05,7.879957098798351e-06,3.7822930004483e-05,0.0,1.2673241301611876e-05,5.187587513270919e-07
1599,1297070,10,1.3615981650116904e-05,1.298889873529302e-06,0.00014471994568074006,8.277501707641688e-07,0.00011485667488709758,2.8304180249572042e-08,3.3914715202865153e-09,8.605195762761975e-07,6.57404276342699e-07,1.7723841960817777e-05,0.0002356243394584373,1.7306395986828316e-05,3.920026870884996e-06,2.4011653830095098e-05,3.203697002132286e-05,2.624956264248024e-06,8.483859263719307e-08,6.813960228804067e-06,7.440441430681122e-08,3.47962779988914e-07,1.9534706170373783e-07,0.0,2.2203797776024214e-06,8.635765050626909e-08
1600,1555053,10,3.5723828996671314e-06,1.8349767436781628e-07,0.0002436709324417502,2.237271344614905e-05,6.80831496586258e-05,1.2234105908198734e-07,5.314438726172765e-07,2.4518671315719442e-06,1.5623233727800334e-06,1.680880440068852e-05,6.46412603075644e-05,2.3231127564523474e-05,5.621995731487639e-07,0.0001677025985081966,6.464109278346564e-05,5.256245963526293e-05,1.9370726017306494e-07,1.1832597850831156e-05,1.7157013941955512e-06,3.706984802488711e-07,9.682508531473275e-05,0.0,8.236801254456888e-06,1.1367533761519333e-08
1601,1264689,10,2.925441547549368e-07,2.0249301068475667e-05,2.311284458038354e-06,4.6100792668035684e-07,3.60669470469005e-05,3.8469424642334493e-07,2.3143813421971915e-07,7.250059150108734e-06,2.2646532649162054e-08,3.528381225479521e-05,0.0010679811000726819,2.79709484372892e-07,1.1021908326754037e-05,0.0001907153794527272,4.491265038347736e-08,0.0009697001452523002,4.052486984873482e-09,6.400066329730059e-06,2.0069247299629722e-05,2.180349574068541e-06,8.820264326955818e-06,0.0,6.740548560994764e-05,4.040631315649357e-09
1602,1338718,10,1.8749047359257337e-05,1.831848456871482e-05,7.242080490841435e-05,1.853332115518691e-07,1.619436763636989e-05,8.282452597235812e-07,8.787103107643635e-09,4.0657297567525674e-07,9.084804362957666e-08,1.4063356872234811e-05,4.7197212619962126e-05,2.1996708685696753e-05,4.368728004636863e-06,0.0003104643622900312,0.0009690768640395475,0.0006558730990155123,5.063382388099946e-06,3.158440993666217e-05,2.2500392807163483e-06,7.132769507915693e-06,0.0008970023125370215,0.0,0.00021844907356516688,3.528955786619159e-08
1603,1265644,10,1.474496567488437e-05,3.340962439106476e-05,0.0005583748063737876,8.820918824051227e-06,0.00016381492756334382,1.1638648954037656e-06,2.6492119609144993e-10,0.00015015172307510094,1.7691167616962211e-06,2.7775242796207467e-05,0.0004622455336989323,7.215605798138736e-07,2.686497809184507e-06,0.0004532626744256779,2.461260129524301e-06,0.00046612182814353975,9.98502748102148e-06,1.7098605757381868e-06,2.2565054657794348e-05,1.6402885497271424e-05,0.00033160235453381925,0.0,0.0014409604024331335,1.220993693984429e-06
1604,1770254,10,0.00011728646603293563,1.5284068573609422e-05,0.0005008626144267295,2.919221759323243e-06,0.00011951400542357243,4.6128043268423014e-07,2.746100122505424e-07,1.185643614537435e-07,5.015778977920937e-07,1.8232074952467814e-05,2.1588949346632025e-06,9.855520678558882e-06,6.350325308837612e-06,0.0004804819327719964,7.95150514941445e-06,3.1653146575147395e-06,2.994330464689554e-07,5.567297233548263e-06,1.4591650856869698e-05,8.668563959771114e-07,1.0559510668355088e-05,0.0,4.421856680992403e-05,6.622401736364192e-07
1605,1290043,10,3.8316794464872406e-05,2.074040235437724e-06,0.00019376554371640375,2.217353948438805e-07,9.174190410964761e-05,7.737795283402349e-07,4.88489530992009e-07,1.7647871976139706e-06,5.187963394437389e-07,1.5522706549177256e-05,0.0019722484776760613,2.6832831547918268e-05,2.907450671468803e-07,3.317741078785047e-05,6.822665085839952e-05,9.64326252431355e-05,2.402190933344095e-06,2.2468433293863777e-05,1.5386505393191752e-06,3.5083333325344745e-06,7.155986317397556e-09,0.0,4.6921707892735864e-05,4.924326001826129e-08
1606,1617030,10,7.344534879798886e-05,1.624220880640237e-05,0.0012124294300688149,6.480362006030388e-05,0.0003414960070486986,4.927424751027809e-06,4.806907285132e-07,4.047348766764158e-05,1.3898278123439245e-06,2.539923979829467e-05,0.001143113800438425,4.094602673518355e-07,1.7390562642757845e-05,0.0014122559026234355,0.004513150472377325,0.0023367529187688363,2.2089340275054103e-05,9.180861702172416e-06,1.144808785907836e-06,3.698395290865908e-05,0.0022155818171573013,0.0,0.0003041523757863554,7.631715857880916e-08
1607,1297490,10,0.00012210175084319264,7.17730757891083e-06,4.276871473347238e-05,1.7923783286535877e-06,0.00028500355070609773,6.234006941219228e-07,1.867265005048302e-07,7.95260783897217e-06,3.0845867805828764e-07,1.9353957761050755e-05,0.00024492180087280074,1.0559141339544498e-05,1.1289328068327109e-05,3.4100265847769595e-05,3.757690187785462e-05,7.005428107786926e-05,1.039171454345067e-06,3.1992530568139554e-06,7.835806646358523e-06,2.281897547529166e-06,3.8437744636472815e-05,0.0,4.250910149807691e-05,5.454116882575022e-07
1608,1302185,10,3.0138687535846698e-05,2.723482782199249e-06,0.0002795563323846062,3.343055476612289e-07,0.0003936501278913179,2.956529077460801e-06,2.4299778503267255e-07,4.863625469170296e-06,6.540160118473359e-07,2.8513592595647008e-05,0.001260960612780429,2.9991002391260846e-07,1.80623105124067e-05,1.4517873600516928e-07,6.727439283149561e-07,0.00010039857218382964,1.0953877196726025e-05,1.8782371297570988e-06,1.3759383966915895e-07,1.9403595053577027e-05,0.0005750378955622221,0.0,2.0337612013907047e-05,2.759018394304924e-08
1609,1315947,10,3.9553275620052286e-08,1.4138243437392117e-05,3.6602569707697846e-05,5.774261945951098e-07,7.25136420938223e-05,1.6038194234485603e-07,5.823714165423266e-08,5.627648590848799e-07,3.037249353722571e-07,1.5919897736128147e-05,6.209435140579547e-05,1.8318582841986286e-05,4.041306266799882e-06,2.276635814243977e-08,4.797145615992315e-06,0.00031719743755452903,1.538105343538293e-06,1.96256591686976e-05,3.205489267067013e-06,1.9083786345873432e-06,4.290314140705312e-05,0.0,3.245535019937018e-07,1.101022318907019e-07
1610,1692030,10,7.234519176849141e-06,8.066021521813127e-06,5.289981877369676e-06,5.777055053154956e-07,5.278192330982617e-05,2.799947400322633e-07,7.450604391084914e-08,8.89697522876709e-08,2.0323795779653153e-07,3.5521971290052023e-05,0.00013665481366913201,1.8199464352219863e-08,8.5841651157742e-06,6.200468522447877e-06,2.3146635227955237e-07,0.00017318606450180546,9.666599122548636e-08,4.838589215822031e-06,6.970070094848568e-06,1.9004335134395478e-06,7.849162064754722e-08,0.0,8.409169855609633e-06,1.0161072497294477e-08
1611,1280807,10,3.4959483172711248e-06,8.295721271513179e-06,6.675003971074595e-05,3.1568763145251033e-07,7.455965386809343e-05,3.7221969277634326e-07,4.6465024577946323e-08,3.636081319119411e-06,1.0273353790585249e-07,3.540274483031236e-05,0.00016205308339604235,4.973860687901288e-08,1.4138144662251273e-05,5.879610173731287e-09,1.124456387405215e-06,0.00019684196912755914,1.9451864202713054e-07,4.1624213878641014e-06,7.897296094232231e-06,2.162549574892536e-06,1.9318735516513086e-06,0.0,7.551631368856587e-05,1.7393262323472936e-08
1612,1252822,10,5.522340748454618e-06,1.8661893921665534e-05,9.063047125744753e-05,3.3584669754255225e-07,3.456576569769998e-05,4.900403922820928e-07,3.031792021948587e-08,3.460560295841242e-05,5.765489927492262e-08,1.5210357369278144e-05,0.0005475600909323128,2.0160340812185734e-05,1.764083616684342e-07,8.010289196685658e-05,0.00010899382447334544,9.940032145071276e-05,3.4964886989029276e-06,2.6832811580133897e-05,3.204273438715821e-06,4.753643796210488e-06,8.409601328134009e-06,0.0,0.00012122036046440313,6.575617778059595e-08
1613,1309376,10,8.17786140722837e-06,5.6248561753607235e-05,0.00094494738222713,0.00012768888877905116,0.00026924278444877964,9.784746573468506e-07,1.0079846731216036e-06,0.00015783307105650402,4.757686548340079e-07,1.3321879234598488e-05,0.0007011887019949779,1.7977254194580933e-05,3.8004176161829384e-06,0.0009253754758847994,4.760841495111967e-05,0.001763160187405674,9.362653926491687e-06,4.3955088240423684e-05,1.840387020277806e-05,1.3310591383607767e-05,0.00040844183117450666,0.0,0.00010608812365831694,2.1975541215635275e-05
1614,1307783,10,3.62376034084011e-05,8.119221542000898e-06,0.00011858913475746441,1.296608504827712e-06,0.00010852236927889891,2.7093462957178405e-07,5.338214536243502e-07,4.992682787800795e-06,1.5137661995567875e-06,1.9007932671226413e-05,0.0024522287547636204,3.102426229239369e-05,3.96395886254064e-08,6.463924926127657e-05,4.802637914512464e-05,1.2795994850378634e-06,0.0,8.062365559453888e-06,2.2373006747566926e-05,5.816021878130018e-07,0.00011257291482595633,0.0,5.594945524677042e-05,3.392566976373468e-07
1615,1700109,10,3.672661499246055e-05,1.6401230283166757e-05,4.251532693552024e-05,8.653125575103227e-07,0.00014888624899781627,1.7651612067154376e-07,5.614554111979531e-07,2.837387834409011e-07,8.147128227331546e-07,1.9894205757528538e-05,0.004869251130783507,0.0010439393092059462,7.66004583652169e-08,0.0001726644938765745,6.691210647344348e-05,0.0001142743794654566,1.6717783769132355e-07,5.522179243752645e-06,3.249505803654129e-05,1.0815906710467948e-06,0.0003415129248568599,0.0,9.550114112646946e-06,5.450949473184696e-07
1616,1304841,10,5.745729399265348e-05,5.630982494592152e-07,2.642144621076148e-05,1.2117024565105883e-06,7.010515107067766e-05,3.376897723880723e-07,4.667441398167882e-06,1.184442304986294e-05,1.5128747979376023e-06,2.0341392295834815e-05,2.0463805779288857e-06,1.4516076378388865e-05,6.453267254118156e-06,4.624437299503847e-06,0.00012254598412610174,0.000196281563850903,1.1884946218426728e-06,2.7900804337038787e-06,3.248266172706238e-07,2.4511100629245886e-06,0.00022230926411938995,0.0,0.00018550431316583654,1.6106865372705892e-07
1617,1260522,10,4.159446601266492e-06,4.882500165184767e-06,3.4338503766898065e-05,2.6830834627331046e-07,0.00018726013678552894,2.5621482258736394e-08,2.600221209562992e-07,2.545627152475416e-07,8.451004571904952e-07,1.9801554708352015e-05,0.0007795264283129849,2.5906777011468207e-05,2.054835381015696e-08,9.92226588343234e-06,0.00016744353480028368,2.9374237487136273e-05,2.2122229728985254e-07,5.4269198384478134e-06,1.2320173168104548e-05,8.691439922631217e-07,3.607699563316219e-06,0.0,7.731699801574732e-07,1.3855784564836826e-07
1618,1296802,10,1.3445433099078252e-06,8.702173041684469e-06,5.776042071399534e-05,1.5287156360233034e-07,0.00018510624959730201,4.198969594249036e-08,9.399539846466354e-08,6.369118641623428e-07,1.4400310758208579e-06,2.1437687218826135e-05,0.0013097145825577416,2.332839958529842e-05,3.003539770021768e-08,1.3690565265102317e-06,8.93845118503031e-06,0.00025058790334539505,1.58599626842032e-06,1.9311246009685867e-06,1.2530797196562415e-05,3.2790618611742983e-06,2.391388952589779e-07,0.0,0.00014665174141056947,8.145836628142833e-08
1619,1317372,10,8.526496574810805e-06,5.5353066715710386e-05,5.5352940852793076e-05,8.458491864427042e-07,0.00016497456570695873,1.529496065702518e-07,6.465575540237634e-08,0.00021592560868207572,7.402834882735965e-07,1.521026605787179e-05,0.003185473434658255,1.3323881831901752e-05,0.00013317175281592208,0.0002430493068120987,0.0011539621254504917,0.0006832990312619358,4.040723642274868e-06,2.9376026741537165e-05,2.66270381104744e-05,5.426085844563444e-06,0.0004214802452133862,0.0,2.0339757378258494e-05,6.146577703897149e-07
1620,1537077,10,3.1475361034316585e-05,6.970102500024333e-06,0.0003319693491049547,2.498692950603232e-07,0.0003602583660211739,3.2060389876034656e-06,2.9260921102780557e-07,3.5674775449787144e-06,1.6391952924743602e-06,2.8947742332315063e-05,0.0015303747529851475,2.1353537913576526e-07,1.5135062300872248e-05,1.944825578292092e-05,8.136108434078637e-05,0.00025728544089893834,1.3178115411009717e-05,3.1719420939546605e-06,1.5202815237258527e-07,2.2876931018732394e-05,0.0003869111818159826,0.0,0.0002070741298454623,9.523230674185479e-08
1621,1257605,10,7.344443112133892e-05,3.0981795321460837e-06,0.00045795930399698814,8.277008925194895e-07,0.00011932166122359533,7.229358127483487e-07,8.321742944392141e-07,1.107773597706918e-05,1.4170611490824103e-06,1.823278069105344e-05,0.0025030004062852676,3.271899006811879e-05,1.2309469173132914e-07,5.184070440922284e-05,0.00014884016137933775,5.2449577114671575e-06,6.568434239712095e-07,1.443999942347951e-05,1.7977511417147096e-05,1.3645882818644206e-06,0.0001674436638481186,0.0,0.00022740759504723262,4.3067963251958163e-07
1622,1898252,10,5.017400376724351e-06,3.62392006075362e-05,3.9437912272854286e-05,5.903854426194538e-06,6.16305639135166e-05,1.220249209541585e-07,3.38322245073408e-07,8.275380572790592e-06,2.220931993694719e-08,1.607919100610547e-05,0.0001420862537920304,1.4898040817208288e-05,4.794571469655257e-06,0.00017795525341361695,0.0001833303841636113,0.0002719190272633173,2.6235516059156666e-06,2.4402250426236796e-05,1.4821409009302053e-05,3.406622571474477e-06,8.817213224659136e-05,0.0,1.672765100910016e-05,3.6455486500559797e-07
1623,1250882,10,9.149900677130063e-07,1.5786106899895458e-05,0.0007951420390384101,4.133930886496273e-07,0.00033695219941165533,7.142860170006315e-08,9.783256871287449e-09,6.322658023805161e-06,5.69377718306896e-08,3.0257760066376704e-05,2.235189413113403e-06,1.512322711505476e-08,6.707088047619436e-06,0.00014889282999774878,4.415033694726844e-05,2.3723750310011837e-05,9.460463260779761e-06,1.0284266451776602e-06,6.067073037741011e-06,1.9714074639409773e-05,1.861272014025417e-05,0.0,3.36393355837572e-07,3.6643875489517086e-08
1624,1295800,10,2.4000326527134908e-06,5.431468301340947e-05,1.5288299841362263e-05,1.6651685167262675e-06,0.0003344328198821994,3.36611362006245e-07,1.3815718996612603e-07,4.083122317477539e-07,2.9240846329964265e-06,2.5402544627059487e-05,0.009279470865480352,0.0010751831803564732,1.2061007748087604e-10,0.00024964087379353295,0.00011130096280535795,7.744083772374954e-05,7.836938367172808e-06,2.4096143561025407e-07,4.8161323315421e-05,1.3810034845102015e-05,7.840765367278513e-06,0.0,0.00010301955258140705,5.148405102933795e-07
1625,1864046,10,1.5919356026676545e-05,3.7256279132868997e-06,4.8859438443689396e-05,1.796410301402318e-06,0.00024480784358812263,6.081448107667087e-07,1.5675809261761486e-10,1.128321284826761e-05,2.2165959705916505e-07,3.340876779291818e-05,6.256826889802086e-05,2.0121130472894322e-07,6.91790007982529e-06,1.7165705967700506e-06,4.073412379901331e-07,2.190090882942669e-05,3.06178982499572e-06,1.8614405560696268e-07,2.017307418909764e-06,5.915237163534037e-06,1.624021638245432e-05,0.0,6.256949853277599e-05,4.857823501236425e-07
1626,1337549,10,1.8763330680501844e-06,2.892102142493247e-08,2.7225425903547318e-06,5.685129916570275e-05,0.00011762056221158168,7.568984949773983e-07,3.315708891130087e-06,2.8243987018568284e-05,8.472980384116591e-07,3.4457763112723944e-05,0.0005527194628455155,8.948649807272169e-11,8.87989528472466e-06,2.9701970560767205e-05,3.329378263862773e-05,3.2041870673404915e-06,2.190153754022539e-06,6.082508228928696e-07,4.629482080534264e-07,5.081455673260071e-06,1.0807272157048464e-08,0.0,5.569331747425077e-06,9.716343082541434e-08
1627,1302027,10,0.00010670731599759023,1.992228959232789e-08,3.609706582401867e-06,6.199982877728993e-06,0.00026532505062021663,8.284400660300839e-07,1.0019757605214674e-07,3.3199864175881277e-06,1.3204693929819156e-06,2.275108954385638e-05,3.3176679546702975e-05,1.3176208769182657e-05,0.00048180080656097177,2.0429129012431574e-05,0.0002755584981541208,0.00027922306078680473,3.3835990991895604e-06,6.24359299896543e-07,8.280167659857618e-08,6.215055234036482e-06,0.0001012018658254725,0.0,1.367225464322941e-06,1.115854998193222e-07
1628,1251409,10,1.563496797347616e-06,4.942221637673286e-05,4.710002277263231e-06,2.6587891990489942e-08,2.9055224218756462e-05,2.820654316348231e-07,8.75862167810243e-08,3.0262774656283215e-05,3.3771295668977297e-07,1.568170295127881e-05,0.0003625225201202443,1.5132140010283915e-05,3.971858536840761e-07,3.457449385062088e-05,0.000209671142831349,1.1025789166795724e-06,4.452475865763736e-06,3.025088975276008e-05,1.9272016443526094e-05,5.958537847416262e-06,3.0140456407293584e-05,0.0,1.5032497916595e-08,4.0023962022579795e-07
1629,1933196,10,5.1122729794374905e-05,9.610628295644852e-06,5.934106335203637e-07,5.198641771311102e-06,8.906618504119293e-05,1.159645162431e-07,1.0916998882670725e-07,5.588218092815456e-07,3.611093013777822e-07,1.9713839437732195e-05,0.00038064067996119305,1.3396358887862725e-05,6.657364684591743e-06,1.681082590573521e-05,3.881060260564617e-06,3.9063125721761766e-05,4.101337316292364e-08,7.508476298514338e-06,5.245099078669824e-06,2.176710880291699e-07,6.593556566620445e-05,0.0,0.00021844894690347186,2.427146771379063e-07
1630,1488098,10,1.1451031631838637e-06,4.057922711737244e-05,8.930439459681541e-05,3.865524547813637e-07,3.7922632513096716e-05,2.4265253211960824e-07,6.275595054033856e-09,1.3061400867160622e-06,2.6326679690436006e-09,1.6240898635947604e-05,0.004452895094141183,1.5683751008292723e-05,1.9334976919839486e-06,0.0005400997810293164,0.00014762376343584876,0.001936880394576658,3.6487102651923398e-06,2.7772998413944094e-05,1.4669389223145174e-05,4.8675390203652136e-06,2.4080508095533637e-07,0.0,9.840818718754446e-05,3.1951082028400246e-07
1631,1310964,10,8.895600336206178e-08,2.3094312663098082e-06,6.431780831647055e-05,0.00015599865306790972,0.00022040017590670494,7.090549261970502e-08,1.0340579261081118e-05,0.00019178315536665103,7.198097331378994e-07,1.9006968904049237e-05,0.00019627973012925973,0.0011182329797717397,1.298615820415766e-06,3.708624722911433e-05,2.5502011521710832e-05,2.6008218414329265e-05,2.5862495553127807e-07,1.2599349121386605e-05,4.3529723381396934e-08,3.4931802772239506e-07,6.0062146294868196e-05,0.0,4.3824221390823676e-05,2.2067150190485663e-11
1632,1302550,10,4.941980804243351e-05,5.15349766119777e-06,0.00044015989851094173,1.244470915692797e-07,4.98060167217311e-05,9.622468095452086e-07,5.904436721076989e-07,1.691486378862378e-06,6.087226973074122e-07,1.6973905228642033e-05,0.0034916273896496083,2.6627446627212198e-05,1.3274323674983268e-08,7.21508010819577e-07,8.470030783230137e-06,6.740541545332754e-05,3.5358140115272774e-06,2.6418575994131138e-05,5.937843201124504e-07,5.153949939398772e-06,2.2848693392918396e-05,0.0,0.000195439806853083,7.357230081064814e-08
1633,1380167,10,3.4608829341947756e-06,1.2961209400516593e-05,7.761840036270978e-05,2.2360711162544566e-07,7.793253791413268e-05,3.3648553600038045e-07,6.612422866897338e-08,2.5209037332121764e-06,3.647934365344496e-08,3.831740605746148e-05,0.00031081904357337445,8.043212569239233e-08,1.444036339933591e-05,1.9805472753296055e-05,1.4890322167990244e-06,0.0003572112952182696,6.77952383329461e-08,5.1538297749821604e-06,1.076093277624715e-05,2.003075501889884e-06,1.5920991429895642e-05,0.0,8.010365479758225e-05,3.4593835539220574e-09
1634,1929022,10,6.403593758273762e-07,4.3689045900359436e-06,6.503012409547065e-06,0.0001392399531446875,0.00017210455771814182,1.2301454533139577e-07,9.272666092251941e-06,3.8169005130983535e-06,1.2328297056517223e-06,1.883678040304898e-05,0.0002572828516834644,2.0702090001229606e-05,6.237778271724059e-07,1.5635683312913151e-06,0.00014616845431067102,7.36159557479521e-05,5.927576090698772e-07,1.4977021693597659e-05,1.766327023880465e-08,7.688051580669042e-07,1.5141122383342809e-06,0.0,4.578686794293185e-09,1.8978160536142763e-09
1635,1293028,10,2.808723699249116e-05,2.694640515965574e-05,4.034823633536355e-07,1.621246302985213e-06,0.00016223610428317548,3.305578033518941e-12,7.587092620831015e-10,2.4115133117064147e-06,1.1102900898674051e-07,1.832885907881998e-05,0.001549192676540967,1.338972808950789e-05,4.099449242567221e-06,0.0001268151635046011,7.4316609867119965e-06,0.0010640665246996472,6.6200035298003e-07,1.5546426139378955e-05,1.2698484569584334e-05,5.955818736524954e-07,0.00017109348274302327,0.0,0.00016054691777217522,2.279669649163374e-07
1636,1304506,10,1.7687508166545907e-06,1.6482099878752793e-05,8.117841217737676e-05,7.389598800852659e-07,7.787061638317785e-05,8.943172906741848e-08,3.104952412541495e-08,1.2515972871926517e-06,5.300497007559857e-07,1.81456511626904e-05,0.00010342893475947385,1.7305371138316705e-05,4.240696111369041e-06,6.91645049735734e-06,7.952385033229564e-06,0.0003006745606887046,1.1630125084580167e-06,1.8061967374430332e-05,4.039763352749887e-06,1.3692743923952866e-06,7.90289544152327e-05,0.0,4.925835030769599e-06,1.065375857325912e-07
1637,1308453,10,4.1194657947329905e-06,6.400775896676925e-06,0.00015901207218283614,2.807028299731118e-07,0.00015866258905787578,1.0945687779762014e-08,1.2930012345535591e-08,5.4998275739182034e-08,1.460156357976916e-07,1.944772060643446e-05,0.00043305280238955385,1.7975207433136575e-05,1.230985453563871e-06,1.50536176134336e-05,8.703769414364348e-06,5.012525782062405e-05,2.0267758440301042e-07,1.2181244163307625e-05,8.639740844071375e-07,1.9348905398730576e-07,5.098070845009628e-05,0.0,2.0519840806865197e-05,3.455554722919807e-08
1638,1263788,10,0.00011386767363072425,3.576649719466696e-05,9.315751783145476e-06,7.418010962739752e-06,0.00022504257731334465,2.4202603723932903e-07,9.209253090669556e-08,2.5340126500350557e-05,8.274525095663954e-08,1.9715091240324334e-05,0.001618466349435077,9.370214807818966e-06,1.4297128716117546e-05,9.507878508061007e-05,3.553272418715947e-06,0.0012967163336869703,2.9266367940206095e-08,1.0380138240617676e-05,2.5011072613240204e-05,5.446418965826538e-08,0.00034115540524576327,0.0,0.0001295145044110102,6.278401285808588e-07
1639,1536112,10,9.058666205007115e-06,4.3672222237653435e-06,0.00012320944940373904,2.800187584237057e-08,9.287497451234208e-05,3.2499106887573515e-07,2.1528151582586585e-07,1.4888156989953383e-06,5.617576072612651e-07,1.8922199583208676e-05,0.0002954950386425473,2.2847033940266714e-05,1.4394105250642442e-06,2.227826225237664e-05,7.447602979901435e-05,2.915984369182903e-05,1.2758041680986654e-06,1.8231575378870046e-05,7.176411344692046e-08,1.740990348268745e-06,1.4886513937106827e-06,0.0,9.734338584511948e-06,1.2412758321200812e-11
1640,1552143,10,2.0299203410886757e-07,5.0126032153676586e-05,0.00014137212504232444,2.5806939391737754e-05,4.3741589660410696e-05,4.6242927932357847e-07,2.249749577347415e-06,5.6260811277901446e-06,1.3584125733989705e-09,1.6564726667292473e-05,0.0001898879291438657,1.6645810947624184e-05,3.880767017308551e-06,0.00019265468091381535,0.00015153632386408905,0.00029206795613070935,5.429090586483998e-06,3.306196471936432e-05,1.5523920537462155e-05,7.3805260884379775e-06,0.00012678707641793768,0.0,8.294633664401169e-06,3.790886463524157e-07
1641,1304362,10,1.3468995233578696e-05,6.788836311513724e-08,0.0003478217788093381,0.00023592972667253048,0.0002639304188304936,4.1989695932082016e-08,1.92640024744839e-05,9.503484012771818e-06,1.1664251706802742e-06,2.2276144619342436e-05,2.1159197921137574e-05,1.831776296649934e-05,2.7864578426677056e-06,1.1116137829669803e-08,5.244637477266889e-06,0.00011024758014498842,3.229729538360704e-07,5.1533113922253015e-06,3.131391790762994e-07,8.48430463624289e-07,3.576075023363143e-05,0.0,1.354269663392249e-05,1.4751935301787755e-08
1642,1330350,10,3.2518590967201e-07,1.1038967702159397e-06,0.00010878550324377317,2.891627014223186e-09,0.00012014595004149892,0.0,9.125565716971984e-08,2.8577804737986434e-06,6.889677723886933e-07,2.2374354122403628e-05,0.0007969339042923212,2.2184803871838632e-05,1.2327215819368798e-06,2.218426131711526e-05,0.00014161125330536262,1.4977510485521262e-05,2.3151802728410553e-07,5.428799204711121e-06,4.285740525813986e-06,7.901454280173636e-07,2.4029419678425756e-06,0.0,2.3732112222618618e-06,8.623304327548542e-09
1643,1302399,10,9.623693767935038e-05,3.370380727574229e-05,4.740837903227657e-05,3.5797711461782455e-09,0.00018326236749999225,1.0353687684983015e-07,1.382431946694851e-08,4.7151115722954273e-07,6.09128619544208e-07,1.6031728591769934e-05,0.005573082264163531,1.5042693121358752e-05,8.409551810473204e-07,0.0011493140627862886,9.011833753902465e-05,0.00011541295680217445,3.5541015677154064e-06,3.982888301834464e-06,1.2310571037232876e-05,8.578936103731394e-06,0.002424830134259537,0.0,0.00010878968168981373,6.199115887284279e-09
1644,1249178,10,9.02546785537528e-08,1.689159461527867e-05,4.7473433731529124e-05,1.1559449182154541e-05,0.003498783769133384,2.0219734684495672e-07,1.718486200293079e-06,7.4044257970806715e-06,3.481123045205592e-07,1.909815038892912e-05,3.918724907936086e-05,1.883565542760285e-05,3.3489218787298436e-06,4.0323706983605434e-05,0.00021579741380866463,2.0977722892018963e-05,1.7173207975743066e-06,2.033964182687406e-05,2.723242983511398e-06,2.166840382129831e-06,1.944936871353664e-05,0.0,5.098092850722158e-05,1.0060931449409893e-07
1645,1700105,10,5.63303183298558e-06,1.8914375687018037e-05,1.6666745068505406e-06,4.6925561036914587e-07,6.217263580765575e-05,1.3926182873547077e-08,4.903995431959629e-09,2.1143932826817036e-07,1.3348471838980913e-07,1.3640077668242157e-05,0.001192030991660431,2.157347626052797e-05,9.793438948690891e-08,2.6393565349280834e-05,9.747195872478187e-05,9.110712562687695e-05,9.943614713847637e-07,3.310560714453459e-08,1.2576740118674934e-05,2.4252512957900763e-06,2.760629286058247e-05,0.0,4.0703584090806544e-05,1.2951204553246498e-08
1646,1881037,10,6.30438885390952e-05,9.001286609456455e-06,0.0004553967195050426,2.2003181896282364e-07,7.35115943643859e-05,1.1894925326244588e-06,5.096061270817853e-07,1.774697103058831e-06,3.260623416059816e-08,1.806362967625083e-05,0.0009006015758002937,2.683208951424071e-05,2.8107739092134154e-07,1.9625718958353466e-05,0.00014496188831688087,0.0001575034342927925,4.753522724644521e-06,3.036130918833424e-05,1.7686016627951884e-07,6.980822845021467e-06,2.683198188420388e-05,0.0,0.00012904943899246998,2.7936664707267633e-08
1647,1904182,10,8.87373934442548e-05,6.502922847484438e-06,2.841073273150696e-05,2.2485743418065862e-06,0.00025647288609360885,3.387316195174739e-07,1.0590139586097447e-07,1.024435255045364e-05,1.1042818829493095e-06,2.2848818330450937e-05,8.122365353524508e-06,1.2532156026062724e-05,1.0368079451331114e-05,3.035955679908664e-08,1.2252270321436165e-05,1.697440957310059e-05,5.634466336557065e-07,4.367785783401801e-06,4.202465115052401e-06,1.333482269841313e-06,0.00010020204314972747,0.0,2.5706908762163083e-05,3.836037043014606e-07
1648,1576034,10,5.477828920671945e-07,3.9313895558716616e-05,6.95559401293587e-05,1.9360503996909695e-05,4.467544255379666e-05,2.397399014794632e-07,1.7981219955255645e-06,2.5700965976139384e-05,5.333459684314645e-07,1.831835658491071e-05,0.0006385732984332815,1.6322337155743466e-05,5.42898067710032e-06,0.000392436556974414,0.00015500336788213526,0.00041902184122041136,3.3133865280920993e-06,2.6625859302676497e-05,1.1627933927955969e-05,4.4225138073478165e-06,0.00019460249173989738,0.0,3.4105376505094015e-05,3.0890216697401773e-07
1649,1251645,10,2.0522995731395155e-05,1.83211703441849e-05,8.587165309659195e-06,1.6988800172201834e-07,0.00022649536022572442,3.60608273478058e-07,8.362950790208323e-09,4.363574733934339e-06,2.0195778221709926e-06,2.6318035191139066e-05,0.0008248402837220462,0.0011148932048530708,1.3990342067476957e-07,5.37313422895036e-05,1.3988090941094433e-05,0.0002975644534152083,4.5793476218386475e-06,1.257363349271845e-07,1.451691067397981e-05,8.306976449767856e-06,3.237874799202206e-05,0.0,0.00031329193105467806,4.599704311880615e-08
1650,1303881,10,1.823267044764529e-05,4.488302016228407e-07,0.0005499032667446932,1.1664162750217588e-06,9.227310240875891e-05,3.254049975726092e-07,1.5507200729764081e-06,3.8373953460343196e-05,2.220209097632264e-06,2.088513559543939e-05,0.0003606200742456017,2.5301744157626288e-05,3.845679523162282e-07,0.0004129024269624859,0.00045838842218262274,4.76114510436533e-05,7.071591626821305e-07,1.5210696222379971e-05,2.465083020666836e-06,1.0707077636867846e-06,0.0004857626182043946,0.0,5.522876399471216e-06,4.6197583893764493e-08
1651,1280135,10,4.858072253897949e-05,1.2886357179033026e-05,0.0011269447508680877,6.955423313587811e-05,0.0001834083609402598,2.0151652172228918e-06,3.0163350522097176e-06,5.072483083051055e-05,2.240964160071801e-08,3.806750629944955e-05,0.0014152642938856444,1.2528398075847824e-06,2.4700797193792645e-05,0.0016362027309294036,0.0006380663677157117,0.0009253762055396464,3.0610820889176438e-06,3.022972703686788e-07,2.06097285665105e-05,7.788461301845573e-06,0.000791296559729246,0.0,0.00043513765503160745,9.667317773381923e-08
1652,1323740,10,1.0176322708787405e-05,7.245979055311991e-07,0.00018144153464713306,8.589661235763879e-08,0.0001389529400509619,1.1506029684582586e-08,4.681759063762669e-09,1.3121875906373093e-06,3.1553640299566976e-07,2.294373321182902e-05,0.0002140384817873424,1.8405342292679427e-05,3.1691611940970477e-06,4.032383445962823e-05,1.0956242521925619e-05,1.95352680338913e-05,8.594865051267386e-08,6.758670622813295e-06,5.423359592318655e-08,3.691639030890814e-07,6.872584031993728e-05,0.0,9.344258859733667e-09,1.2187353785886312e-08
1653,1251652,10,8.451100568622472e-07,5.18168532252089e-07,0.00017003982931359032,3.2496616855781646e-10,0.00010167787867252157,6.837052146657641e-09,1.6173448993267447e-08,3.5947589864179785e-07,6.232260648733612e-07,2.2467013050832957e-05,0.00035910368287444053,2.0430613030281153e-05,3.7168512143082033e-07,4.556286422507591e-05,5.905852036899861e-06,0.0001254409643401365,1.2743628374778382e-10,8.760972480079121e-06,4.893531187870337e-07,1.3838636933952153e-07,5.1969290623919695e-06,0.0,5.76002869928996e-06,7.236837726298795e-09
1654,1303257,10,2.247852162365338e-06,5.150041229737279e-06,0.00019404093636676834,1.0381089454725156e-06,0.00018959236240362332,1.739194016733836e-06,5.122969583271075e-08,5.748926068567528e-05,7.70514124906474e-07,3.516238760008228e-05,0.001840409507623153,5.727135904409764e-09,7.396045573621057e-06,1.7302113970441013e-05,6.27263301785086e-05,6.922148927603067e-05,7.34009937798652e-06,4.745151203494613e-07,3.836078155960987e-07,1.3233152247993374e-05,6.806101403707132e-05,0.0,2.1067065904781246e-05,2.6384141441071485e-07
1655,1339327,10,2.246765964998218e-05,2.7667865682506898e-05,6.16215624696867e-05,1.632082987684108e-05,6.77074447485819e-05,4.747953814138173e-08,2.5089427064910186e-06,5.907752969309954e-05,2.057599916838182e-09,4.4089191098554276e-05,0.00010342893683672194,1.6958405662376164e-08,1.288767875125274e-05,4.637469021808241e-05,0.0005527199889599106,0.0001838733063410508,3.95708981189985e-07,1.1089079591998507e-05,1.489988111218199e-05,2.3766015216503122e-06,9.525686246441428e-05,0.0,7.343336510440973e-06,6.113786473610494e-09
1656,1310178,10,2.8903636956362916e-06,3.1472540032205856e-05,0.00015202838501165647,6.892227684737046e-07,3.0474196885111465e-05,4.4791453362828804e-07,7.192148917395391e-08,1.0447588159052945e-05,1.8502773166569064e-06,1.883530536895585e-05,3.036013588480005e-05,1.892264220716873e-05,6.568174353814571e-07,0.002578608434692247,0.00021170141993186176,0.003370963826330422,3.84199661954826e-06,2.8196600232507224e-05,5.953626059733083e-06,5.290590861455058e-06,2.265799953238279e-05,0.0,0.000430977659937673,1.0528806327833595e-07
1657,1259589,10,3.819276096970331e-05,6.002004432001384e-06,0.0012823556742051663,6.244490765409949e-07,0.00019177543769801145,7.753226094475707e-08,1.6884657845148143e-07,2.6510591289229807e-05,3.458847611163135e-06,2.2944087757097165e-05,0.0037589176475102577,1.4976057600320225e-05,1.020394381056472e-06,0.0009541922421085931,0.00040200275214404696,0.000777852267546883,7.306343531576776e-08,7.02318700120802e-06,1.9315877053775743e-06,2.962840310732906e-07,0.0006436365243290831,0.0,0.000324359718026232,2.2311249488898843e-07
1658,1338940,10,8.35090892157414e-06,0.00011621089964261588,0.0011410904490442991,5.711730358570755e-06,0.0004405589574590224,1.2259808151310336e-07,4.177993696355409e-07,3.39140762845927e-05,4.455192727133295e-06,2.9702534925270252e-05,0.006663457221151324,0.0010316941461550877,9.061051278250187e-07,0.0008025881920720318,0.00037017942723357317,0.0006574086560115489,8.646087058528096e-06,5.180223640946502e-07,9.331886769100434e-05,1.5491657047804475e-05,0.0016297406315064766,0.0,2.7983997638834912e-05,1.302668057312495e-06
1659,1307073,10,2.4336821127096675e-06,3.906324255798649e-05,0.0001223243932406068,1.102557297093243e-06,0.00031722995936094706,2.529160613634618e-06,2.1058458783695944e-07,0.0005127133068806022,5.774163412269884e-07,3.260428839451518e-05,0.009250595040972434,6.261710080307514e-08,7.6183502902490985e-06,0.0008145330282773311,0.00017004086559986586,0.007449417761223841,1.5522885976546053e-05,4.840960519718329e-06,1.2041733738983595e-05,2.5661815893626705e-05,0.005870624462493743,0.0,0.0004955078934990864,6.097808197963461e-07
1660,1309215,10,4.4846820757352135e-07,4.342745617701843e-05,5.745699915881211e-05,2.0356474569882543e-07,5.521291915881049e-05,2.4856147544383145e-07,1.4120950032198154e-07,9.352096331818188e-06,1.9390060397583841e-07,2.8089109674483276e-05,0.0035640888922090115,2.2277344157842216e-05,1.7723026967782912e-05,0.00020363182315535217,0.0003308759256633424,0.0020657023738384107,1.4402813539038384e-07,9.733240153127903e-06,2.9268121455906793e-05,2.028690032521846e-06,4.7887262730209046e-05,0.0,0.0003154171503808034,8.630471470122414e-08
1661,1316487,10,4.761473580745801e-05,5.241729434557474e-06,0.00015775590652160332,8.650869425391727e-07,0.00013867900187891635,1.231126677547767e-07,1.053611473067484e-08,2.1400266245197308e-07,8.154507691177093e-07,2.371625910460584e-05,8.354249580876105e-05,1.4597548523676007e-05,6.403415505215615e-06,2.851870880039853e-05,2.600977742282795e-05,4.019858230940032e-05,1.8776716320667575e-07,6.052736597872421e-06,1.8538859095085236e-06,5.519012434007653e-07,1.7477170366764216e-05,0.0,4.886235403545047e-05,1.7708271500549433e-07
1662,1330403,10,5.061709076733742e-06,9.240653850767569e-06,3.540199398348494e-05,8.121524555818743e-06,3.5176002547408075e-05,2.915298682668044e-07,1.7742228861430953e-06,1.176378725068969e-06,1.0865469024338992e-07,2.0884472562900797e-05,8.427189769325862e-05,2.1344335879459192e-05,1.2105185864391688e-06,1.9535704102763285e-05,0.0001729219838440977,6.872446028855297e-05,1.5121930406706424e-06,1.944812123735873e-05,2.1106995629766034e-07,2.056681650035308e-06,1.2179582313221263e-05,0.0,0.0003031077744536353,8.692618342145964e-09
1663,1262899,10,0.00013358108117245138,3.339143586345017e-05,9.645635145716369e-05,2.255546860396862e-08,0.0006924609187990427,1.2441887520253658e-07,3.207242116332054e-08,3.585504600778222e-06,1.5227124094963074e-07,1.7182639567181468e-05,0.012088198476703838,0.0010417789162602276,1.123175024986267e-06,0.003762950684176758,3.2283132895827293e-06,0.00010510446736589074,3.843510057777166e-06,4.5742199290543795e-06,9.766168659552932e-06,9.287934517487884e-06,0.007701924128923565,0.0,0.0002646751527208835,1.021544449031353e-08
1664,1250852,10,1.3105365159655352e-05,1.780922610783789e-05,7.698003737927062e-09,3.7237595938710566e-07,6.813049970778515e-05,5.629039386140233e-07,2.0549347065634826e-07,9.669796866035307e-06,3.028373988557542e-07,1.9892235856078244e-05,0.00026961663062884805,2.1716788971157253e-05,1.9600684336429364e-06,0.00022111839970703415,6.162341152521345e-05,0.0011868034578264818,3.2776909933626697e-06,2.5908863383213715e-05,1.1464314972828293e-06,4.509051046371754e-06,7.174195379996626e-05,0.0,0.00030765217326168826,2.6193277980618435e-08
1665,1889155,10,2.840692739095041e-05,4.913827841687701e-05,6.053040277390065e-05,1.2388797198045753e-05,9.823721142955544e-05,1.0190894218636837e-06,1.0786336068768776e-07,5.779587915145934e-05,2.1618300821146796e-06,3.480745670049468e-05,0.00013595646048000787,9.206851028092933e-07,4.657490947912457e-07,4.422269047218985e-05,7.431731103429984e-07,0.00026601934961832663,9.422238556267004e-06,1.4403423389541814e-06,2.539960156217047e-05,1.5352875499030638e-05,1.3687728196154492e-05,0.0,0.00030835287466655925,8.260924074660059e-07
1666,1590122,10,6.564548681482762e-07,9.590477435816869e-08,0.00026211567817367026,7.69124887025352e-05,0.00013994163344159538,4.811718709238355e-08,9.92290217735961e-06,5.286335053727997e-09,1.4884245519916628e-06,2.3425864874832003e-05,3.841944711691775e-06,2.2278163516204624e-05,7.394452215848946e-07,0.0002531285391760632,6.304360657363034e-05,1.197162177633132e-05,2.8774782515061936e-08,9.734708666501307e-06,1.6379387053379324e-06,1.8673837726482234e-07,3.058064947138173e-05,0.0,7.378826751146261e-05,4.195920163402311e-09
1667,1861451,10,1.3460386395075519e-06,9.05369601442163e-08,0.00012996143322457215,1.9789277196091692e-09,0.00014680654378488103,1.7068495436478592e-09,2.0002400687169075e-08,1.3235812228763744e-06,6.240601410426039e-07,2.4010619006344103e-05,5.730645062616488e-05,2.061294330824026e-05,3.029184298050658e-07,3.047045747767499e-05,1.789323951128033e-05,0.00015550125539850676,2.0968857754322112e-08,7.563986134790507e-06,9.812804362165084e-07,2.488759045481126e-07,2.4965545466597294e-06,0.0,9.242594973757345e-06,5.516784945536202e-12
1668,1652139,10,5.7639592081909496e-08,2.7890015674818247e-06,5.490607051981608e-05,2.019010917828079e-07,0.00010344281802182609,3.3054912973451422e-12,8.845731933743162e-08,5.992093408159482e-07,1.2094443895618867e-06,2.5399218011014357e-05,0.0011512441457010164,2.2847874954358416e-05,1.0176363799650756e-06,7.288952275252836e-06,9.062782970828409e-05,3.5163152709297846e-05,3.6075156963771837e-07,4.840313563039128e-06,6.2987300591572926e-06,1.0290738380464015e-06,4.328930391234165e-09,0.0,2.3827821786504e-07,2.2981600678040337e-08
1669,1948295,10,2.708629507630622e-07,4.844182738377931e-05,3.54027757603001e-05,5.520454886105697e-05,9.384674250692907e-05,4.090418910807081e-07,5.745516385689126e-06,1.6030890002849407e-05,2.5513288436779247e-08,1.9802800205765553e-05,8.427187704689726e-05,1.7223063317937937e-05,3.3850418109625247e-06,0.00011685656735280561,0.00024932419304616454,0.00031612876183747043,4.494427937307838e-06,3.0360610126609067e-05,1.1696920984325537e-05,6.117652002535223e-06,3.058141682772339e-05,0.0,9.235217459434633e-05,1.9302699005505075e-07
1670,1833468,10,2.4320683911227547e-06,7.587329733579895e-05,0.00020852582407707154,1.0517725317349402e-06,2.8566385282841056e-05,3.2890974183130695e-07,5.658966906185725e-10,3.8496131041926285e-05,4.2301840705305516e-07,1.9358456021717485e-05,0.0059336174795603935,1.4521142827239597e-05,2.2783581369312245e-06,0.001201313695466194,0.0006375732851006954,0.0023261328688549687,5.395479052650032e-06,3.34072794647422e-05,2.470025776182827e-05,7.380527896033717e-06,5.418004656548847e-05,0.0,4.74812079515885e-05,3.6908772929611366e-07
1671,1331887,10,5.8674814456059765e-05,6.001215765980006e-06,6.115299928692586e-05,6.11241039866206e-08,0.00020657725516223108,5.317085102762853e-07,2.9717683244778748e-09,3.271869077031697e-06,1.6383622859147962e-06,2.8195573502511062e-05,0.0005982912871969545,1.7306066813785326e-05,1.0411491299933129e-06,3.422108333316076e-05,1.874760882408788e-05,0.0003884845142281615,3.880845402287614e-06,3.34945928728847e-07,3.6096349021047525e-06,7.125078077659108e-06,1.9603437827545034e-06,0.0,5.852265219272179e-05,6.758064247103235e-11
1672,1343542,10,2.6626123594563483e-05,1.6484323824617064e-05,6.855850584375212e-05,3.587995829020668e-05,7.779429193959311e-05,5.460251809724648e-09,2.7625558505807446e-06,2.2544695637873036e-06,2.0324890023099007e-07,2.3328868853811358e-05,8.279472414572664e-07,1.4900362462072492e-05,6.300391562262531e-06,2.6420383792875174e-05,0.00010857686151601043,2.8515356943609876e-05,1.3700633227919923e-07,1.1765242584008823e-05,5.108321982166819e-06,8.242651610909646e-08,5.012631003767365e-05,0.0,0.00015700133740145436,2.539608616007605e-07
1673,1318158,10,6.6645058569014815e-09,6.051679614170469e-06,3.014107172417957e-05,3.3872173524764765e-05,0.0001305298852698998,1.7298929788633899e-09,6.29093764118599e-06,4.188600024011835e-07,9.795506041854196e-07,2.6316466769062824e-05,0.0010497608981159048,2.371712882744126e-05,3.2436116245010416e-07,0.0004601034812856397,1.4028731492449209e-08,0.000380639912465907,6.406790071730728e-07,3.7638761403828436e-06,9.48605285950796e-06,1.606796337910027e-06,2.4502799302144468e-05,0.0,9.735015216470744e-06,1.0084284304476276e-07
1674,1250454,10,1.0627302293238217e-05,3.422214254769629e-05,9.545186996617536e-05,2.802126894962953e-07,4.165148806353422e-05,6.559250519816429e-07,3.493207190174985e-08,1.2682372805373349e-05,4.479487049277586e-07,2.033910101726516e-05,0.0013920354449330312,2.0249495687255092e-05,3.7189563680678495e-07,0.0006400890207921388,0.00025440145471086403,0.0001825193253815749,4.752399489837272e-06,3.080172850890989e-05,4.664805778823583e-06,6.603878841729416e-06,8.911318409834945e-05,0.0,0.0002910432444015766,1.014829648302018e-07
1675,1320474,10,7.397388157619894e-06,7.832228023156584e-05,0.0018173167668922435,1.3837976978611777e-05,3.7107977331914815e-05,2.198502038648631e-07,7.614587673315798e-07,2.2279409076217394e-05,4.625950758355146e-07,2.0159123814800922e-05,0.0008133891874650377,1.3763768754445488e-05,6.656344284136639e-06,4.872051845355996e-05,0.00018495883806820754,0.00027822195842498385,4.665112211154482e-06,3.102396374664307e-05,2.6418956966249574e-05,6.1962075478226575e-06,8.122508881609758e-06,0.0,5.289620746671414e-06,6.138250706611004e-07
1676,1856065,10,3.648489273398725e-05,1.3685110079111884e-05,0.00022982337096005834,4.532511982180409e-06,0.000180482744726998,5.321675474734278e-07,2.229582786450468e-08,4.985383121894338e-06,6.857518332348267e-07,3.9567303198012604e-05,0.00019656211311987193,5.062320772714068e-07,2.6198215005435177e-06,0.0006533104285521979,2.5600334263339852e-05,0.00012791837838550812,3.7250068911504064e-06,3.528066390423579e-08,7.079336273835279e-06,6.688537739232836e-06,8.488293046643447e-07,0.0,0.0002839203130184653,7.846704105779478e-07
1677,1255501,10,1.1356482496083578e-05,3.9438017737029873e-05,0.0001392394271892243,1.4372299763851237e-07,6.958644739759462e-06,7.052973003233987e-07,2.7637932701121692e-08,4.927836815351444e-06,1.1887648659284628e-06,2.0339910933905858e-05,0.0006086095539718592,2.0069999261488822e-05,4.895518500962204e-07,0.00029412198043475037,0.00012814212243760816,0.00012746396952475168,5.336405255721224e-06,3.260373849933024e-05,5.807648990167197e-06,7.454419990358951e-06,0.00022230768009268154,0.0,0.0005008650394092689,1.2892233182230928e-07
1678,1434262,10,2.1068505988749986e-05,5.0410575332306834e-05,7.832333965973257e-05,1.4442940246550684e-10,1.4439883679839144e-05,9.998115343134995e-07,5.614395050951293e-08,2.8460114651261692e-05,5.042956612126559e-07,1.9625739118785818e-05,0.0033419967937778107,2.043003776253105e-05,1.3672724527222235e-07,0.00030905696686021195,0.0005934101500058957,0.0017272337576964107,7.50854386039404e-06,3.881342839625809e-05,7.84081095857661e-06,1.0701225721995028e-05,0.00026146863329854636,0.0,0.000303108535552106,6.410665781900193e-08
1679,1254566,10,4.25132207703266e-05,6.761855443723763e-06,0.00027556275044993833,1.1043914072139671e-07,0.00016041163378729267,8.682875708709847e-08,1.2527169150622353e-07,4.680374009233268e-06,5.649061905546593e-07,2.5502470263102928e-05,4.290456735886461e-05,1.4900963659317257e-05,1.9060750903326928e-06,0.00035081283898738547,4.164456574057285e-06,0.00010261784627314807,7.898670115885631e-08,7.024644143864556e-06,1.9613187476966165e-06,3.000715073087079e-07,4.7335948034223085e-05,0.0,0.00010322583664393314,1.8388805852337375e-07
1680,1332701,10,3.0986355312647568e-06,7.992349533890962e-05,0.002751003570850138,1.3396258755281679e-05,2.374636974776176e-05,7.408373515135902e-07,1.2054894137081273e-06,3.1364951105068706e-05,1.7681535124589032e-07,1.953754679376654e-05,0.005399310910077644,1.689316845346865e-05,4.202496415431356e-06,0.004503753740437657,4.0450381364557156e-05,0.0027311083214976595,8.009508348838512e-06,4.0577564135097985e-05,1.9803380923038433e-05,1.1357841589555023e-05,0.0004700227092812488,0.0,0.0011573615762796117,3.9529197144380634e-07
1681,1302705,10,3.5284126651435876e-05,1.1289226433057464e-05,0.0006150404305409057,2.4800130768887207e-05,5.752180153176939e-05,7.564586474891055e-07,2.5961692549231197e-07,9.108847253726238e-07,1.0908685556254571e-07,2.1902207400639057e-05,0.0006739221389162504,2.4403294235069567e-05,4.762224098432688e-07,0.00010774489054736144,0.0002486931223262788,1.368984150245875e-05,3.3126792643445313e-06,2.600965261032734e-05,0.0,4.761782026095618e-06,8.222224883586149e-09,0.0,1.616053792849806e-05,3.4690368598544463e-09
1682,1347112,10,3.492973277045147e-05,1.7554516270598675e-05,4.691967796798674e-05,2.6900191668760565e-06,0.00026176968867848427,3.2742839863181272e-06,3.7840045759990337e-07,8.981160772397745e-05,2.1871063770190213e-06,3.611798284766654e-05,0.00019852571447177142,1.1703434688731251e-07,1.2322788048482747e-05,0.0007946778429804915,0.00014520241651172494,2.6754537192641425e-07,1.4974867866821007e-05,4.2837833270290004e-06,1.301932135260031e-06,2.5562990309514755e-05,0.000832901830498195,0.0,0.00013829883070662352,1.9363641766412254e-07
1683,1891070,10,1.7977885508889055e-05,8.291442525152487e-07,0.0007006607315580959,2.9921538516591156e-05,7.667126152071171e-05,9.715280778130331e-08,4.162812808027744e-06,6.270247941159851e-05,6.56078924927278e-07,2.756381962532549e-05,5.520488162407203e-05,1.9009583596289736e-05,1.98874382086045e-06,0.0002064968466875261,4.495716276298883e-06,0.00010020048844124226,9.230275888581774e-07,3.2053676179144563e-06,1.8232273193662107e-06,1.9912330202712797e-06,5.9137251710231556e-05,0.0,0.00015400846848402996,1.6159212492400377e-09
1684,1409129,10,0.00015951576863011685,2.3916892103598153e-07,3.540065514753832e-05,9.585795947286702e-07,0.00017840330483743366,1.5853745601035474e-08,2.3615232385559848e-07,1.2801501939760374e-05,5.910781184295666e-07,4.6374984610922376e-05,0.00016307011849108627,9.375728421273655e-07,4.577543506668891e-06,0.0012131264594510138,0.0007579000313883005,0.00045795777987962805,8.073622427551275e-08,8.062018548374295e-06,6.076296461265951e-07,9.54915512975385e-07,0.006902283963010569,0.0,6.7400599457354e-05,6.112548557382635e-07
1685,1271436,10,3.8070318602024394e-05,1.4365249332973229e-05,0.00021345182100624555,8.40348704511662e-09,3.27234563396242e-05,8.470571720639586e-07,3.579325511433862e-07,1.3317536697449173e-06,1.3127969938908635e-07,2.1904328430466524e-05,0.0002876410866327096,2.440474105186441e-05,9.607367266843692e-07,5.017784152690219e-06,2.403190099409952e-06,0.00043430516127303254,3.880624622965706e-06,2.7668340605489783e-05,5.37881514398042e-08,5.511950178154618e-06,1.0891907211540985e-05,0.0,9.880331072171719e-05,3.447991892002733e-11
1686,1290176,10,1.3251351381256271e-05,1.4140281386319786e-05,7.079108371117748e-06,8.485749486697447e-07,0.0002490310958084621,4.057248686323289e-08,2.933989213527166e-07,5.135914966578059e-07,1.9314226408773116e-06,2.756071328355314e-05,0.0013075476053428237,2.8087066647058956e-05,1.7425391726777484e-08,0.00020966962108130704,0.0001437608985853725,8.820148995121457e-06,3.5843505758609284e-07,4.62246369568875e-06,1.998251867376538e-05,1.250737100076671e-06,6.272960364137048e-05,0.0,8.512693792234183e-08,3.6507447714190233e-07
1687,1303699,10,8.762374601668094e-06,2.5598937094632734e-06,0.00016900082499531066,5.659272015942629e-08,7.180395691878602e-05,2.3897624035207343e-07,1.6934740740964793e-07,6.400171581009972e-07,2.4973917546119995e-07,2.420549190561283e-05,0.0004141234715841144,2.3134480960449594e-05,8.847030564945735e-07,6.554390609828098e-06,1.7892484178428508e-05,3.958718330719646e-06,7.238325372069254e-07,1.5525186914042144e-05,5.640776512237655e-07,1.0364340519430915e-06,2.2958070192494184e-07,0.0,9.121089655114017e-06,3.652668403852921e-09
1688,1325191,10,0.00019321057132386243,3.407727610649225e-07,0.000484004066602442,1.799822782824756e-06,0.0003274362586544316,1.1062571381448283e-06,1.8721931491216814e-07,1.3385122760167789e-08,1.488430057053347e-06,2.9810902642771198e-05,0.0006100919973938135,1.1423772940791221e-05,9.670091291491545e-06,3.575996776672419e-05,4.04525461590588e-06,5.383843305201141e-07,3.843228136138355e-06,4.2354184177917364e-07,1.188400010745938e-06,7.1482148308738e-06,0.00014811159391113493,0.0,3.4977322846407866e-07,3.48297276978049e-07
1689,1265349,10,1.5385630036113263e-06,1.2040697723085525e-05,9.603968092115195e-05,1.6796478884140154e-07,2.9485653544492063e-05,5.9369154502275645e-08,1.5675724607255859e-12,3.6632762575802835e-06,3.021837614441969e-07,2.4603961012593933e-05,6.152056144667628e-06,1.849220811139113e-05,9.6001181339872e-07,3.149179978664818e-07,1.6160332453933612e-05,0.00015550336467231446,5.798173882409774e-07,1.474775439601339e-05,1.2101284402391e-06,6.313957117351499e-07,8.445888418762149e-05,0.0,4.4623221032338845e-05,9.204025089304402e-08
1690,1535064,10,2.787934107181117e-05,5.244815210712905e-06,0.00014520317505978958,1.2251735890395077e-07,4.90030577399575e-05,5.338785308492411e-07,2.07599927380675e-07,4.233487727420271e-06,5.050908352885464e-07,2.3912582360501033e-05,0.00034262026777205634,2.4700096474025712e-05,3.3043588504311217e-08,9.031711327503467e-07,8.287968256623368e-07,7.27607273781905e-05,1.9051948704842947e-06,2.0794625348152795e-05,4.367051230011465e-07,2.688883118974472e-06,6.922256025646695e-05,0.0,0.00010485812400117672,1.3776294188749816e-08
1691,1385052,10,1.3223771401955908e-06,6.074012000797935e-07,0.00011151312071035896,7.291307465781549e-08,2.7423203400680357e-05,7.229592900726001e-08,5.122591025669143e-08,2.8386894159321274e-06,1.2762725401724295e-06,2.6008866226379795e-05,0.0009480221324268366,2.21836444497768e-05,1.5069129067485365e-07,4.788537567809378e-05,8.178564937205701e-06,3.294603004766125e-05,1.0860141599206008e-07,1.1022314109536413e-05,1.0799101379278808e-06,2.4211801001941535e-07,1.9358686364583794e-05,0.0,2.3424655650826354e-05,4.965107491816667e-11
1692,1299258,10,2.840933420344624e-05,2.9594600943105148e-05,0.00011321061223953238,1.4442939205716598e-10,1.2844923269181296e-05,8.659315539130685e-07,7.838449994981844e-08,5.484101772437744e-06,1.9218273618337722e-08,2.2090164167615917e-05,0.0001965612701544106,2.2372483648037955e-05,2.852216959489673e-08,0.0001439996098580379,1.1425445301836007e-05,0.0008526408142727274,5.19829534464597e-06,3.203523441481365e-05,2.016334631829708e-06,7.401837988557647e-06,7.157130258098748e-05,0.0,1.2778031293833592e-06,1.7708567816993037e-08
1693,1502132,10,3.57587932003009e-05,6.245151078915212e-08,0.00011513184545899197,3.311123523731807e-06,6.603446215404374e-05,2.666403376219706e-07,5.078961071158794e-10,1.2680985728569238e-05,9.345871900684477e-08,4.488809065342214e-05,0.00010120356649363088,1.724410820386213e-07,3.607180691825307e-06,1.98690197558693e-06,1.0784834157603895e-06,7.950651192793756e-06,8.836340841741896e-07,1.956340865284789e-06,5.8747155223803915e-08,2.590034998202484e-06,5.163308224032104e-07,0.0,5.299476284542637e-05,2.877004118898019e-07
1694,1551083,10,1.3173614067212014e-05,1.584261433776324e-07,0.0002692861524319981,6.711999896644172e-07,0.00012860407526005951,1.7146885333829687e-06,2.387195750935822e-07,5.352173279279948e-06,3.471008765479344e-07,4.237877788201144e-05,0.0009363568963950339,2.4056194185967383e-07,1.6241447841847112e-05,9.23988219933558e-06,7.974201044887858e-05,0.00012143835008773113,4.706706137898309e-06,4.225949451486244e-11,2.6227575635959233e-06,9.577164035268204e-06,3.624093455821542e-05,0.0,9.800930452219525e-07,1.9860425110040936e-10
1695,1579146,10,6.400936491304798e-06,1.9448088273830988e-05,6.56108854452872e-05,3.490781347696703e-07,8.956449210804213e-05,3.726843969195648e-08,3.3409080779644995e-09,4.409921897517016e-06,3.149134112263863e-07,2.500010934950586e-05,5.372903888536604e-05,1.6892154526940845e-05,1.6903448715500924e-06,1.2180403789072147e-05,2.0521294959018055e-05,0.0002579249399941655,6.724114349349053e-07,1.552486831940189e-05,3.535564164519611e-06,7.28398434426264e-07,4.610471405529226e-05,0.0,1.8662409567434673e-05,1.9121197192967232e-07
1696,1334321,10,1.3930999327518845e-06,3.312451464555083e-06,0.000433473450359427,9.686559208216261e-08,3.044340686600075e-05,6.567601208845586e-07,1.9163343779882158e-08,2.8093836896385393e-05,2.5367493522443496e-09,4.515872537696683e-05,0.001338097772934265,3.265047175335378e-08,1.1493159295342115e-05,5.5503313091006395e-05,2.6011039600159352e-05,2.9811986142141284e-05,1.124505191494457e-06,1.7162207773951943e-06,3.3864208548520236e-06,3.520277420919482e-06,0.00041820283826512,0.0,0.0003621414247737126,5.998471735643718e-08
1697,1367180,10,6.657764250853765e-06,7.4000486034904445e-06,0.00012078013574212329,2.453867636864615e-09,2.831220410970392e-05,2.7079295620777155e-07,1.1830175378896302e-07,5.271640548497325e-07,5.332151469354673e-07,2.480215185367285e-05,0.000487527642758067,2.199765619712718e-05,2.405793976811843e-07,3.028375636301983e-06,9.411860480944279e-07,0.00011004140862720321,1.1879737786546496e-06,1.7977762622873456e-05,1.581504580072668e-10,1.600740704838649e-06,2.6912185774295716e-06,0.0,4.515847981332796e-05,4.490887321739745e-09
1698,1330970,10,1.1970593624566206e-05,1.413608930608476e-05,0.000258243724579426,1.6160330883030483e-05,8.603609606227039e-05,4.3404802826940703e-07,3.930022992593152e-07,5.105623053953956e-06,3.4790001797457837e-07,2.4304896598194292e-05,6.65856033733557e-05,2.2089627001734696e-05,6.387368582175257e-07,7.123269084617981e-05,0.00018604972069063974,8.29641955517324e-08,2.2793509749166607e-06,2.2278386518585075e-05,2.906118305202876e-07,3.059215259618858e-06,2.3327497841164196e-05,0.0,4.5024156080191585e-05,2.0981921478036014e-09
1699,1280113,10,5.594978969868797e-05,6.209543004051174e-05,4.173238389423503e-05,0.0003297870763678337,0.0006699356874989536,1.5870937035526722e-06,3.564308112449788e-05,1.8492810079689254e-05,3.654082124382452e-08,2.1252776151611114e-05,0.0007322458398652948,2.2469776179239592e-05,2.10307035720253e-06,0.00020022413418126217,0.0007403856098834663,0.0009455619671287809,1.0432298449325472e-05,4.6240599432343515e-05,6.761932744323712e-06,1.5139866769126042e-05,1.466860160247857e-05,0.0,0.0002788895294748503,8.53281712440146e-08
1700,1309696,10,4.752054117453802e-06,9.486108161239903e-06,2.3717059731993145e-05,2.8225207230510307e-06,5.0564403253891554e-05,2.502262158102231e-07,1.896772634790711e-10,3.058818263739632e-05,7.225334724969557e-08,2.55026496976396e-05,0.00018741644738838603,2.1436607483143327e-05,1.66318762030368e-06,0.00020563477851852016,0.00028257532543619554,0.0005026561740099564,1.2535441290401073e-06,1.8147668605611456e-05,7.77768950840918e-08,1.6360032826200077e-06,0.00012904992780343738,0.0,0.0007338685470511183,1.0610834558222315e-08
1701,1315974,10,8.798469170350626e-05,1.3671937898959707e-06,0.0002745643686067889,2.126524395670848e-07,6.324098480323115e-05,5.494731647806561e-07,2.1930332057273905e-08,3.6445113088298675e-05,2.225630900687392e-07,3.180822486680002e-05,0.00025344484139305096,1.5521974009294337e-05,5.806974714646362e-06,2.662701337609319e-05,0.00010261739352778604,0.00028425793292494866,3.0265150928882045e-06,7.934432660339219e-07,5.932082999884902e-07,5.623511933262881e-06,6.429923572054408e-08,0.0,1.3320883894892e-05,8.455765882625643e-08
1702,1642117,10,4.883789655060755e-06,8.046186014496609e-05,8.930263293539104e-05,1.1764878276490642e-05,3.7185171647559356e-05,3.0626822662832565e-06,2.9731390020770743e-07,0.00016236563632024414,2.657890449259126e-06,3.73331387840542e-05,0.0015729164853352864,1.2220502423887503e-07,1.393011751567308e-06,0.0004919518625989619,0.0001542572219804597,0.0014737921284521047,2.0611720298095715e-05,8.583959736165048e-06,2.1159964280099974e-05,3.3553681944444025e-05,0.0009302501148505046,0.0,0.000276557695968814,7.253337610604871e-07
1703,1293832,10,0.00015055101519209288,7.290096103125532e-06,2.0157881116741883e-07,9.018577651932758e-07,0.00012571065037545945,1.767706374868061e-06,8.365426149015143e-07,1.783613150972349e-05,5.167010429657504e-07,2.381444057775184e-05,0.000509855508234066,3.069131330071112e-05,4.0158028822429026e-08,0.00022380161605500132,1.3030460208479644e-05,0.00016718288080182567,6.0010492288035955e-06,3.375511744346457e-05,2.1026687185184134e-06,9.06140519256124e-06,8.445415087753386e-05,0.0,0.0025725178135453386,9.736493305698146e-08
1704,1252595,10,0.00014957754100279608,0.00011214845425160103,0.0007300789186276135,2.1207915351650897e-07,0.00016989640814504825,7.29612416063008e-06,5.159520851255595e-07,6.782727324849969e-05,2.189848293768226e-06,3.3184397578614466e-05,0.0019927342666794245,1.6980908157382402e-07,1.3622300298138379e-05,0.0033223752401225354,0.0037871716575735015,0.0009418763287473153,4.121843639698364e-05,2.6317096262898354e-05,1.7227346027853807e-05,6.670706439355911e-05,0.0005812963001126936,0.0,0.0014845596450709653,1.796668392117784e-07
1705,1600036,10,8.390499574813248e-05,0.00010241286848277145,0.0006175235414677474,1.5364974630425327e-05,0.00018750155270592928,2.9749536167855695e-11,2.6012950279930003e-08,3.097289422878888e-05,1.7397603734731204e-07,2.4800147718898047e-05,0.0016329680231751513,9.731981167479531e-06,1.5130859502714145e-05,1.3912539274824054e-05,0.0008346301029342924,0.00022081752311682232,1.95793826220092e-06,2.237327137967829e-05,4.070412018069777e-05,2.4402464534473145e-06,4.7194899153443076e-05,0.0,0.000153510415666986,1.5090591330840786e-06
1706,1898053,10,5.036392934816558e-07,9.550713420472534e-08,1.3684621072602987e-06,3.801842070046829e-06,2.443118979581979e-05,8.830867084183569e-07,4.8525326524356815e-08,2.032669810598034e-05,7.916285229871145e-07,4.596812638415701e-05,0.0012341164416213544,1.0028143298396186e-08,1.0758282073603659e-05,0.00030241139426311764,1.1356403347116684e-05,7.708823469018689e-05,2.4334075273239886e-06,4.75388682991823e-07,8.282960047567567e-07,5.5328212215204065e-06,0.0005841883258275761,0.0,8.892407282961451e-05,1.2643041041870973e-07
1707,1300777,10,8.820675927265209e-06,1.6240742599295255e-05,5.1840017854548615e-05,5.288114271473354e-08,9.248713715669793e-06,3.842902351891553e-07,3.337177688703119e-08,8.860120991986686e-07,1.3553632926405212e-07,2.5907354328672666e-05,0.0004405786095547752,2.1436763634859884e-05,5.758255510954213e-08,5.289358387124132e-06,1.1289125524432259e-05,0.00014835104188027845,2.1307904368231267e-06,2.1995239953727375e-05,5.170290678889466e-07,2.917662609354388e-06,5.568752710148617e-06,0.0,1.4898985977496865e-05,2.817031403284931e-08
1708,1260427,10,3.1700534097386934e-06,1.68109499529695e-05,9.806286328274683e-07,9.811878192225731e-07,1.2201606358945571e-05,7.323386276222865e-08,2.6492826061402797e-08,7.888804292831286e-07,2.3418592157258e-06,3.249137258342846e-05,0.001047818254726187,2.3233293963770968e-05,7.928712103533186e-08,7.37175952225666e-08,3.8537005614402986e-07,0.00026699602178466286,2.0173331333611655e-06,1.4162867301228954e-06,1.3838740847073316e-05,4.054420701123107e-06,4.342901979230082e-05,0.0,0.00010547377345266132,4.60313979745719e-08
1709,1339291,10,1.6383290091792624e-06,4.8025322326124276e-05,8.24467207622831e-05,4.285041200605133e-06,5.737787188062754e-05,1.9433723330922192e-07,3.6767100537737907e-07,2.2583016297750974e-05,3.357526608474548e-08,2.5401699488079854e-05,3.587996519581124e-05,1.6402538409013984e-05,5.906086214264861e-06,1.0906625455553431e-07,0.00018117155902429988,1.5445570830146388e-05,2.6902156504103603e-06,2.4403655347084857e-05,9.92359782422958e-06,3.5036333957544352e-06,1.796822502678902e-06,0.0,0.00015650065857768583,2.7138629153655724e-07
1710,1255824,10,6.480197249830733e-05,9.122227937301275e-06,9.68265290429704e-05,3.148756436699429e-07,9.639964728429956e-05,1.296295711189499e-07,1.7111700515576311e-07,1.2515983685706944e-06,1.1674737727326856e-06,2.9706105256294135e-05,3.329719392377445e-05,1.4139040827261529e-05,1.9341298049327382e-06,0.00016770187516620266,3.3890617288229175e-06,3.469129843264307e-05,1.4579208865161952e-07,6.3513683291605005e-06,2.757140626405419e-06,4.7084743753922353e-07,5.616256014806531e-06,0.0,1.9885275879885644e-06,2.8598753072650585e-07
1711,1330599,10,0.0001572525402536301,0.0001615412668290045,3.551746221396035e-05,1.0299979661620995e-05,9.992420191887175e-05,2.8189346519130742e-06,1.3105875909386056e-06,1.857631997018161e-05,4.905631527801768e-07,4.237927304968914e-05,0.007351351091887948,0.0011195733681279851,1.2785221028266402e-06,0.000751859728883586,0.00028628684329864984,0.0021335149891534982,2.777737065826069e-05,1.169376066241512e-05,5.700505007999457e-05,4.6183265207194735e-05,2.8410274481194264e-05,0.0,0.0006890584643918785,5.9283783493402353e-08
1712,1250980,10,6.862577514428481e-06,1.1644854190639986e-06,1.5918434113561253e-05,4.883366841318404e-07,3.467958392548709e-05,2.120137416322665e-08,5.525879656631538e-09,3.5876832120418367e-07,8.455934723330949e-07,3.1023561969115154e-05,0.00036251972352391304,2.052057916862582e-05,8.218502715179321e-08,7.727364674331438e-06,2.1105169802776436e-07,0.00018224781235935683,5.166520625626836e-07,4.201320946257969e-06,2.888355316761626e-06,1.300882963996275e-06,2.894384925206106e-07,0.0,3.9941793270402426e-05,3.4479911981133426e-11
1713,1879412,10,0.00012995964128505177,4.651371032204227e-05,0.0001416097211224751,2.82220405894984e-06,0.00019417960432766002,1.685774817378194e-07,3.227570893743481e-07,1.379749817689846e-06,7.36642611423588e-08,2.8303814064933874e-05,0.00020022352602902527,1.0240343342814151e-05,5.523334750012765e-06,1.5131762207153121e-05,3.6481914941197124e-05,6.0527375461215394e-05,2.8792260770016398e-08,1.0368945981338584e-05,2.025022709192803e-05,2.5914798383597226e-08,3.575962144379552e-05,0.0,4.751987453859019e-06,9.677284350875781e-07
1714,1339227,10,7.90317126593311e-05,1.0215090471554777e-06,0.00032364145576237527,1.5367557106210628e-05,5.606571925592663e-05,3.0385421222536846e-07,4.102010661699573e-08,2.0836157855266824e-06,7.052665132664671e-07,3.158440689724276e-05,0.0003312405278478904,1.474655603740313e-05,4.884995821321375e-06,0.00020192537947659808,0.00013759387831311157,9.428413258824597e-05,1.0826916084852312e-06,2.9593613960696152e-06,2.6075944234080217e-07,2.2692720195206795e-06,7.89739614069293e-06,0.0,4.1088456946485746e-05,1.79597068323753e-06
1715,1251618,10,3.398793619673046e-05,3.3478936355899047e-06,6.228321952489457e-07,1.2531403946192121e-06,3.12158200715118e-05,2.497472052359617e-07,2.869753136236497e-07,1.2574653621796883e-05,1.66298283733185e-06,2.9483465203317127e-05,0.00028798162696565266,2.819579271934325e-05,3.7262084624789527e-07,0.0001089927233505622,0.00022861341888617132,1.344935120953239e-06,7.739068655365777e-08,1.0238979565729833e-05,1.1355952988775786e-05,4.5735438598121236e-07,9.120333077286547e-05,0.0,0.00017476913066528932,1.0115875658661677e-07
1716,1258529,10,6.400241326051659e-05,3.215047510676805e-05,3.2422560818090584e-06,8.574864839512586e-05,0.00013555407474935555,7.607785651730925e-07,7.1161010226361565e-06,1.613911523641598e-05,4.497205008793803e-06,3.636210420830677e-05,0.0014938246182185783,1.945113894423478e-05,4.4323245407262846e-08,1.4366265651530319e-05,8.501241599655207e-05,0.00027622538020362353,7.2386643713423515e-06,9.823105259765263e-08,1.4139546209601672e-05,1.2772892992771179e-05,3.069150351220351e-05,0.0,4.290370872721272e-05,2.4152979422042975e-08
1717,1341271,10,0.00019712422939515556,5.213714649107692e-07,0.0007617613214559379,5.333926538786393e-07,0.0005250745708259841,1.148322663534207e-06,1.6135490640140082e-07,1.7753485139097858e-05,6.28355223596111e-07,3.505073974870848e-05,0.000364429896614879,1.2531917328702236e-05,7.347511571026422e-06,0.00010567912188737955,6.202886895768922e-06,5.776326500758766e-05,4.884658887767401e-06,1.1052965814828397e-07,2.2719338250987153e-08,8.894272399299907e-06,5.621194012365993e-06,0.0,9.27380474674e-05,2.4698832261360604e-07
1718,1645145,10,4.627186300822095e-07,4.186137166521317e-05,2.0191600116556407e-07,2.432810745821301e-06,1.5596369130767285e-05,3.933840332301375e-08,9.386216966167371e-08,8.530599864515348e-06,3.0617097609188237e-06,3.4809689329656085e-05,3.956369768350412e-05,2.7039237978608577e-05,4.3547398283216854e-07,1.3987700835597916e-05,0.00015079893385361656,0.0005803286875254478,2.8220326360045567e-06,7.398532587341022e-07,2.9811037393450562e-05,5.47509209165159e-06,3.44571585174161e-05,0.0,0.0003853374260819574,2.1136218467110446e-07
1719,1334581,10,6.367954938910764e-05,3.350366326267118e-06,8.987263141460589e-05,4.179161848527624e-08,5.9028777979405755e-05,4.100951493737903e-07,5.617797102508426e-09,1.4438720489090562e-06,1.3699604004199784e-06,3.4340148498519796e-05,8.390481474890299e-05,1.705951970349534e-05,1.3240639315792446e-06,3.457548120433529e-05,1.3323667254212801e-05,0.00037986152767398307,2.7558420502907244e-06,9.400347826815647e-07,1.9061569724587724e-06,5.134878815961363e-06,0.00014423997165382424,0.0,6.415999711974207e-05,4.990628510448403e-08
1720,1336957,10,1.3838207236938072e-05,7.413218196543336e-05,9.60392713308493e-05,2.2793312139390842e-06,4.770619413298552e-05,4.619877813152873e-07,3.520628187939079e-08,2.5862165136357473e-06,2.1025501943210123e-06,3.8069329172923244e-05,0.0007150283907865866,2.470064421455226e-05,1.6077230889990912e-07,0.00025600044719143594,2.160426292613371e-06,0.0002608231347215953,8.008481459414324e-06,2.711272427124989e-07,3.7210785075930675e-05,1.4123958134815845e-05,4.802527613075036e-05,0.0,3.091368405139586e-05,1.5305364857096104e-07
1721,1341227,10,4.057671838644111e-05,7.022341527507941e-05,2.2088649657005244e-05,1.8758314148763222e-06,0.00019747342108356047,7.7443075975972e-07,2.388991910545757e-09,6.001848237412871e-06,3.49681266526361e-06,3.893603235924359e-05,0.00037442104634578116,2.2372942120547912e-05,5.175123698568374e-07,0.0004414189484825866,1.4137047737804165e-05,0.0006827762455873521,9.858771152521789e-06,7.389453601999718e-07,3.1135367370996314e-05,1.7019394195332688e-05,0.00011235991183462454,0.0,3.317626659054759e-05,9.45132848616248e-08
1722,1246791,10,4.238143671498468e-05,8.41155515798886e-06,4.761086918168844e-05,2.7687320838798435e-09,0.0001822771933877379,5.433296140777699e-08,1.9600893405580244e-07,2.053508075944288e-07,8.663011595091974e-07,3.124826855890883e-05,6.162440036994177e-05,1.544683339422398e-05,1.6399194429778108e-06,2.5909245760784294e-05,3.8810118050680575e-06,3.719685599534728e-07,4.072006670741146e-08,7.452708679765718e-06,1.6127035767227182e-06,2.1497954141164177e-07,2.3620963166513798e-05,0.0,8.116604149066564e-07,2.6615380123440335e-07
1723,1936293,10,6.448136476901872e-05,1.5840349639299756e-05,0.00010444876104352338,1.2122765667074709e-06,8.04421111764396e-05,8.406950112796463e-08,3.359545162895383e-08,4.756167881390938e-06,1.766039116821161e-07,3.113754032960797e-05,1.2816450694293213e-05,1.3840459434689284e-05,6.656209955879788e-06,2.047936945408224e-07,1.1661954802955066e-06,0.00024087029965727189,1.802558154129219e-08,8.066998795606267e-06,4.538868955291514e-06,1.32253309723801e-07,1.0200203505762728e-06,0.0,1.9098374635734272e-05,4.3103665791147106e-07
1724,1305541,10,0.0001272390592551402,1.9097536264670728e-05,1.1972451185660732e-05,1.3695278318001658e-06,0.00015780725156345696,2.8221394040781056e-07,1.6902340796431936e-07,5.108865874389745e-06,2.507287722545992e-07,3.19227966626319e-05,2.9703051847213002e-05,1.1765587571061636e-05,3.920798030198486e-06,4.5427789393072404e-05,1.0432765645957548e-05,1.4173322720884007e-06,2.210738067678908e-07,5.905420841591236e-06,7.8399251842165e-06,6.572305494868813e-07,0.0001937664165156637,0.0,2.602982956227684e-07,6.659963683597336e-07
1725,1252918,10,8.686203268194748e-05,2.9812392486845696e-05,0.00014304182250824554,1.3689423555632296e-06,0.00012094291577351146,1.4170532701765493e-06,1.5472265225968673e-08,9.425770219553126e-05,6.252001365468496e-07,2.6419669092486026e-05,0.0006528024845633557,2.5603540806481973e-05,7.915948444549292e-07,8.48247925355275e-05,1.3724140816850916e-09,0.0005513108356006158,6.863807404621641e-06,3.660197092507714e-05,3.254170545634316e-07,1.0068812226846774e-05,0.0002660163853067353,0.0,0.0001065032538915267,9.333366034897095e-09
1726,1390345,10,5.1726518901507035e-11,1.5054771725656058e-05,5.550053193683485e-05,1.8206197759176868e-06,1.2813208318779301e-05,8.37597136787993e-09,1.0077005660469318e-08,7.854424281458772e-07,2.7528248748645567e-06,3.469011518406756e-05,6.146326918497758e-05,2.4500962967133333e-05,1.9112470581866825e-07,3.459886915337107e-06,0.00010100088599961782,0.0006739221235168014,1.1205248582196736e-06,2.621596737119314e-06,1.3838612428790364e-05,2.506476577845973e-06,4.408818553737481e-05,0.0,0.00021024888387370655,7.055458108029544e-08
1727,1411114,10,2.2343395106316777e-08,1.0762339719069813e-07,5.241735722742724e-05,2.1097943825668097e-07,2.3195527730786314e-05,7.914125885882806e-09,7.596832081804838e-08,1.1293853959294664e-05,4.482845644138145e-07,3.2603615654328705e-05,4.3692001758039584e-05,0.0011095560934528854,1.4149019338313695e-06,7.45249166907852e-06,3.458399900541087e-06,2.5502424406353974e-05,2.856053669952896e-08,7.397792978432183e-06,2.4640774458073444e-06,3.1356223096495883e-07,1.9317273312821626e-06,0.0,2.180867584507945e-05,2.2067150190485663e-11
1728,1861472,10,1.102353453996674e-05,1.849002524520471e-05,3.600274558716865e-05,1.9911524873350572e-08,9.331552700375667e-05,4.114083782397193e-07,1.8651916426637438e-07,1.029960483164838e-06,2.0502801653665692e-07,2.884030886973754e-05,3.981925685869747e-05,2.1625199993519084e-05,1.462161103304993e-07,1.0368133153762504e-05,1.857771792661278e-05,0.00010506554562671189,2.25231982314833e-06,2.2279166992475452e-05,4.791536044740363e-07,3.05710943813986e-06,4.3894531870369846e-08,0.0,3.237931527461102e-05,1.843805476353655e-08
1729,1581017,10,3.387034989829618e-05,6.101374859790454e-06,0.00035645590571554975,3.012512462402528e-08,0.00025061695771158576,5.361210330748212e-07,4.920311661091303e-07,1.038805952265076e-06,3.2855104394047263e-07,2.9483959794539272e-05,0.0011209091351019537,2.479866335136638e-05,7.050086025736646e-07,5.156285886390166e-07,2.8195670383313054e-05,3.918340153043209e-06,1.850230431019173e-06,2.060973640883451e-05,5.512397406315372e-07,2.69187325376008e-06,0.00012143775182173883,0.0,2.532966101656542e-07,1.9860426497819716e-10
1730,1826039,10,4.484338449808889e-07,1.1969158764224552e-05,3.493015845845021e-05,7.776079436333516e-07,0.00013746025903776937,2.021623236175829e-08,1.2629916055356682e-07,6.65625178516982e-08,2.9322188134506266e-07,3.5168581382943875e-05,1.339915980305001e-05,0.0010982628518191734,5.627598979110471e-07,1.6812644919796116e-05,1.5604491855295e-05,9.331453510448562e-05,1.0836099129246657e-06,2.7567678764911507e-06,1.1225534716524654e-05,2.3535061561136272e-06,4.795858389861074e-07,0.0,3.96252172972511e-06,5.0192893501221914e-08
1731,1946246,10,5.929511998767345e-05,4.407062999506328e-06,0.0001447250597385319,1.2754678063719993e-08,0.00015016178620919085,3.7783305667504763e-07,2.5081298149487452e-11,1.150079738149179e-05,3.4526411857305206e-07,3.636701007839194e-05,0.00024025601890179105,1.7558892612984378e-05,3.137847791434556e-06,1.5370201301878605e-05,2.7216692187193026e-06,8.335899200331842e-05,2.6889175951394506e-06,9.593817790753967e-07,2.5013692357689354e-06,5.066881622217689e-06,6.178573576609558e-05,0.0,0.0001710842102934651,1.1305804903383176e-08
1732,1876462,10,0.00022350772297752286,9.197142005656911e-05,0.00015775957353619807,1.0894429304048048e-05,0.00047885306013084605,2.682940985765381e-07,7.424929923671719e-08,6.2133401819985945e-06,6.600891233610184e-08,3.0688927626310036e-05,0.0005103126788029155,7.781906615239587e-06,1.332904257547729e-05,0.00041698063750070236,0.00033599397435615797,0.0003006808311921405,1.2964930612424652e-07,1.218378436568246e-05,3.994404384258243e-05,1.5970397207465403e-07,8.911572692138492e-05,0.0,1.4067852557531069e-05,1.880259730330236e-06
1733,1253972,10,8.238191367127001e-05,1.6696241800673306e-05,2.511034836061299e-05,5.966285243630409e-10,8.919369429349899e-05,4.921457730233669e-08,8.833012543618679e-09,8.895003702491522e-07,2.114684320986271e-07,2.0298088202252984e-05,0.0006612584256799892,1.4750577975064516e-05,2.007072907872498e-06,1.4994497178122401e-05,0.0001316764100920409,0.0003404658491490409,1.56073656398803e-06,4.4831540435552597e-07,4.150511813350022e-06,3.880340955220163e-06,5.3336741984821856e-05,0.0,9.990473336074501e-05,5.820766091346741e-11
1734,1257646,10,1.1973661237923983e-05,2.019423449142743e-06,0.00011815863303728247,3.610739485182535e-11,0.00026410398192378004,5.425697970073973e-08,5.6551720487019175e-08,1.942984764420619e-05,7.556252746149239e-07,3.4812514636925473e-05,0.0004351422552049261,2.0161905484913922e-05,1.540046657741434e-06,3.8438654324665644e-05,2.690339253250129e-06,5.4463774973270707e-05,7.947669080077269e-07,3.4625779070096563e-06,3.0992660074585787e-06,1.790177514726654e-06,3.9790087938418317e-07,0.0,3.2603205961656556e-05,1.2412793015670331e-11
1735,1872097,10,0.00015675427641301254,7.089519167136071e-05,0.0001064980534619675,1.7911004360215976e-08,0.00018931745628252006,1.8207045296841917e-06,1.730577388336929e-08,1.4278634987985317e-06,3.7964730604661545e-06,4.2513828487369953e-05,0.0015904133892025163,1.780490963315673e-05,2.1323525181277114e-06,3.049874916644102e-07,6.74042083241011e-05,0.0008922175294830414,1.5129433337354725e-05,2.99816192110558e-06,2.134460619442058e-05,2.5625484587468716e-05,0.0001162069190653453,0.0,0.0006791304675593801,8.826860076194265e-11
1736,1322975,10,2.0797015543028152e-07,0.00011989939416699735,5.197918764598963e-05,4.191286588489662e-07,5.0715592314454216e-05,5.034523982150318e-07,7.941128726818292e-09,2.3240552602971087e-05,6.295540699863267e-09,2.7247060112534083e-05,0.004640329157541159,1.528603082139035e-05,5.660224530676383e-06,0.0008323209405624449,0.0007761775965442475,0.002057529944812328,6.913598095362183e-06,3.7576700027491805e-05,2.489480788336884e-05,9.516878460277822e-06,4.9279981421526675e-05,0.0,2.798655936719907e-07,4.124323693677212e-07
1737,1253871,10,3.5634855073435334e-05,2.1441620551287954e-07,0.0002650387504070928,2.7800973602942758e-06,0.00021864277561547962,2.622380139427616e-07,3.007192866943953e-08,6.703555727738397e-06,3.783686912117723e-07,5.446554506441381e-05,0.00018824049595447812,1.0429917449150672e-07,4.4453442431535706e-06,8.583429306735502e-06,8.967823816324882e-05,1.155278807887794e-05,6.651339143626256e-07,2.370045544541899e-06,8.391112829575498e-08,2.3856070301697674e-06,4.1731357226737487e-05,0.0,5.729602060577932e-05,1.660491623367566e-07
1738,1508029,10,4.108801982140309e-05,1.8835732482805345e-05,2.372314000284592e-06,3.3396235531168994e-07,0.00026685501170456427,3.6947597237269036e-07,5.50095599627376e-09,6.006135398251011e-06,1.9567059001135423e-06,3.956404686988879e-05,0.00013155844550018225,1.9800322725263553e-05,1.7937958560060308e-06,1.095593022698571e-05,3.410564833157548e-05,0.00012973265318690086,3.91889849375715e-06,2.9964118491987435e-07,9.117352871387818e-06,7.2057531609326375e-06,6.051627417610894e-06,0.0,5.1984292252046926e-05,2.2067153659932615e-11
1739,1253857,10,3.9311369327763024e-05,1.4060232415125107e-05,2.7214001119685305e-06,3.216996027899377e-07,8.558714167432313e-05,6.717221652657868e-07,3.303030789159056e-07,2.8556854860389835e-06,1.2609703591015542e-07,3.1468338397885876e-05,0.00011599242370688434,2.4302167255241258e-05,7.538128871109606e-10,5.579652062889795e-05,1.3686664024403772e-05,8.760830886880844e-05,2.820488675683852e-06,2.410442841824234e-05,1.5765716870896895e-08,3.977458468168438e-06,3.41049577390895e-05,0.0,0.00035155940372501304,3.4479891164451715e-11
1740,1260459,10,2.4306538324525562e-05,1.0812065506723978e-06,9.900280360057578e-05,1.3465791103423053e-06,0.00010952559432816922,2.023114936966497e-07,3.40687208971735e-07,3.916806740549006e-05,9.423228936392136e-07,3.492933653023028e-05,0.0004214816567532434,2.6419746792322174e-05,2.80316251578816e-07,0.0003363562116413116,2.59618391867944e-07,1.2321279021225429e-05,1.0931636083844065e-07,1.0759266961153646e-05,7.022740616605128e-06,3.937495193298557e-07,2.8622630484559375e-05,0.0,1.8836778620398564e-05,5.712986529682329e-08
1741,1250858,10,0.00020995789714479962,3.0469393381915566e-05,2.694042906319083e-05,2.0255599836316307e-08,0.0003921369402504482,1.6685010832684366e-06,7.695855851197475e-08,1.689083636420563e-05,1.5614161603116905e-06,4.3690447531080645e-05,0.001876625528339157,1.5133449892901218e-05,4.497242172454841e-06,0.000742019670086802,0.000524413134024404,0.0008369442620388412,1.0956310324633511e-05,1.002886546475068e-06,6.70718791802305e-06,1.8785066577306497e-05,0.00020620949532533517,0.0,7.022645278842443e-05,1.0038850341287375e-07
1742,1338749,10,2.04349043689267e-06,4.279761277314886e-08,1.1763845667839279e-05,4.2462367524920275e-08,0.00014766856950167162,1.3222006822743992e-11,9.624755044346234e-08,4.23743302097046e-06,1.1031361176888632e-06,3.6119239445617235e-05,4.1214272072334635e-05,2.070214224483835e-05,6.587857254158891e-08,5.2389945034980734e-08,3.3754364957727656e-05,3.868792610373095e-05,3.978544180216481e-08,7.289047337738497e-06,1.1863001163625597e-06,3.0383725743710066e-07,3.317803818973786e-05,0.0,5.712872407290237e-06,2.9209150154141383e-08
1743,1260461,10,4.4489626893268186e-05,3.387396710577417e-05,0.00016848126017382503,1.1223836642315632e-06,0.00019852615615879865,4.056977823130303e-09,3.0724582600338834e-10,2.4670837966422887e-06,5.024399851172312e-07,3.410655523569672e-05,0.0005285391953216562,1.4214309823984417e-05,2.7550167023410177e-06,4.352360584436443e-07,7.673616449382914e-05,1.0954657912662369e-05,2.3126911595505728e-07,1.2743598253525668e-05,7.562772004324203e-06,1.7738048688209496e-07,2.4999844610573696e-05,0.0,2.6113628488755314e-05,4.605196369245057e-07
1744,1295291,10,6.003301761522972e-06,2.247284697637353e-06,1.3108531772929033e-05,1.106030691672144e-06,0.0002467815798384704,1.6366272149043182e-06,2.9902301149076216e-08,1.3770776647312188e-05,8.613272133722871e-07,5.299759226709555e-05,0.0005650166979298821,5.566714789129179e-08,7.894530706847869e-06,2.4643676569818806e-06,1.8214579047687307e-06,2.8944357672255894e-05,5.811347983303294e-06,1.1265089207290746e-07,9.878803480800613e-08,1.1015800525732145e-05,6.068282074986331e-05,0.0,0.0033605210058282875,9.123206023975428e-09
1745,1479130,10,1.9012317013344937e-05,9.425109210661753e-06,6.593637848029132e-05,9.200595620095786e-08,8.957202177480028e-05,5.288806198544549e-11,8.197376652474553e-09,3.974037340613579e-06,1.2128716725540167e-06,3.5759854980686734e-05,9.179975380822769e-06,1.713778347046252e-05,8.503043376975605e-07,0.0003308779449805177,1.5278112282940404e-07,0.00022052379211906503,1.6916315612180988e-08,9.547029032115628e-06,7.604576530637064e-07,3.882314381087326e-08,5.270914110072633e-05,0.0,4.006726649519177e-05,1.5458047779998152e-07
1746,1296161,10,0.00010753411433724047,1.3465855858180165e-05,1.390869784231863e-05,8.615180099313946e-07,8.085043376941659e-05,1.2331248582311827e-06,6.046074330565143e-07,5.158676177723087e-06,1.8486305079778997e-07,3.147000026889474e-05,3.8316819456964135e-05,2.7663878183321888e-05,2.6942536740515166e-07,0.00030310499493971244,7.179724972702917e-06,4.719660331702763e-05,4.706459363207349e-06,3.002742820745058e-05,5.489340537331855e-07,6.8896220863506885e-06,3.8316630143427066e-05,0.0,8.760987842205276e-05,2.3671518210865994e-08
1747,1297532,10,9.587679454525766e-07,5.055052519139375e-05,9.798263869362223e-06,1.1032211543471337e-06,0.00020346002592907392,3.766592168719107e-08,2.6575188988992027e-07,3.3563377315679044e-06,3.0258358302281962e-06,4.147107270561362e-05,0.0012390418233685224,2.7141246280580622e-05,3.408450554437392e-08,0.00015500039836376794,0.00010099992145472941,7.867790067008634e-05,2.6907697999734026e-06,8.240948621771049e-07,2.9810354798855132e-05,5.2761933755571255e-06,1.4636723442151833e-06,0.0,3.294505477016707e-05,1.5332924372529755e-07
1748,1912270,10,3.9603153709322214e-05,2.5031273253262043e-05,0.00012220963253639638,3.258173819631338e-07,0.0013321808946784586,5.413312464952469e-08,7.933704182505608e-08,2.309776027686894e-05,1.3067619875073433e-08,2.9336282750591636e-05,0.0004219760885462165,1.48909748531878e-06,8.662696927785873e-06,0.00017470162129029632,3.2231881050392985e-05,0.00019940585480071604,1.6824924387037754e-07,7.702619768679142e-07,1.4471763279289007e-05,6.612681318074465e-07,0.0005307269457262009,0.0,8.151517249643803e-05,5.139736458659172e-08
1749,1551108,10,1.7304787908636876e-05,3.692783249881204e-07,3.806736864037097e-05,9.400480930343846e-07,8.506048547964051e-05,1.637788337033319e-07,3.2125058983811794e-07,1.1861670062202068e-05,9.773105261318138e-07,3.6480946992364927e-05,2.652009757725393e-05,2.539751099077392e-05,6.07276933878298e-08,0.00017056264244690034,4.0447848188990276e-05,2.9808863408781194e-05,1.0849173250060407e-07,1.075434125637209e-05,5.242491678075778e-06,3.522800830768613e-07,8.584897893182397e-06,0.0,9.21663766001446e-07,1.555514107798306e-08
1750,1317956,10,9.820725545385545e-05,4.6101617726890254e-05,8.100584327827565e-05,5.972181474495075e-07,0.00013094333521866675,5.840970311588034e-08,1.9072093997152262e-07,2.1012839997960886e-05,3.8434888985361404e-07,3.6004695838628975e-05,0.0007354985831340699,1.218418306385416e-05,2.855755300124052e-06,1.2256861769546767e-05,7.691468072100471e-05,4.7890540207665144e-05,9.078949787799662e-08,1.116002615329792e-05,1.2746857486853336e-05,2.6294846633412305e-08,0.0003686446861265874,0.0,3.918718451963177e-05,5.057173381589619e-07
1751,1302199,10,0.00013087442105945424,3.4107062718037595e-05,5.044439369134013e-07,7.840660154453949e-06,0.00013206168572196114,2.2207840962712444e-07,1.4274122197427408e-07,0.00018013310054446063,1.2320530309514743e-06,5.595210037219467e-05,0.00013479289075965517,1.255245667103333e-06,2.0755876685013552e-06,0.00021374465489827632,0.0006091023521401714,0.0010061599270216326,2.7239046786683985e-06,2.4143175163249264e-07,1.4592217340375635e-05,4.894059880085344e-06,0.0005103080888893205,0.0,3.5642191843626714e-05,7.762397178506797e-07
1752,1295550,10,0.00011771854892858591,7.885994890699521e-05,0.00025122046852546487,1.2103353434766984e-06,0.0005654435925877832,5.238593723616569e-06,3.4775025067879106e-07,0.00016558852250975198,2.24700143219847e-06,4.7064645325139987e-05,0.001854166717661282,1.7301958910032056e-07,1.3245992873972545e-05,3.604610430613109e-06,0.0002699464707069943,0.0012117347531263312,2.6941306935451825e-05,1.3318886075947e-05,6.498776898095082e-06,4.4389058043770024e-05,0.00012298578669212024,0.0,0.011425474937057173,3.264926984325456e-08
1753,1778026,10,4.651019273596568e-05,0.00017187002003682395,0.00014256254316866168,1.2321734086800928e-06,0.00031404188130440547,9.645795562285286e-08,4.12624338169687e-08,3.6840148397582206e-06,6.721238511031569e-07,3.214700604163567e-05,0.00010059912079489475,1.1154369310678591e-05,1.0625953556817058e-05,7.563243662939145e-06,5.790949193197614e-05,0.00063453544539116,4.620850355199768e-06,3.1245898236650915e-05,4.250847885876874e-05,6.107498578794557e-06,0.00019516163990684898,0.0,0.0007054317996021686,1.1311439099270792e-06
1754,1912066,10,3.480894702637127e-05,1.2366493221810382e-07,0.00031152176643806095,9.797861440438704e-07,0.00015332791058261797,3.3681325859596933e-07,3.6353630778612755e-07,2.370840114104822e-06,6.399490614233949e-07,3.6601888867379695e-05,0.0017106496869033067,2.6111123798723546e-05,1.8602942437884185e-07,0.00021579734657595911,0.00020967168681013115,0.00013947525153219786,5.937334071476341e-07,1.4514663361719915e-05,3.958868383120706e-06,9.682372932098837e-07,0.0002849333282188282,0.0,9.67225563314189e-06,3.419993745840122e-08
1755,1342580,10,8.537795258289904e-05,7.618058129703342e-06,6.496377787259394e-05,3.6102911575436325e-06,0.00017213376016021048,4.899623495813188e-07,3.121985293966234e-07,3.146344554151581e-06,2.2498685964267295e-06,4.316449554757351e-05,2.508348246887948e-07,1.7222537955573214e-05,5.7054998815753155e-08,1.593924896028942e-07,5.4022702420213065e-05,0.0005650128224713655,3.496487430303119e-06,4.898423981852806e-07,2.9580831032993693e-06,6.48151265347785e-06,0.00019965698953695182,0.0,5.665029558926671e-06,1.1401092428822701e-06
1756,1879483,10,3.1922952587932346e-05,4.097957762919102e-07,0.00010302258585883489,1.1588417138039264e-07,0.00019143254321759076,6.839385278956112e-08,2.8870173814088407e-08,2.4821620732973226e-06,1.9610054764820917e-06,4.0069675114291076e-05,4.316593768193683e-05,1.7724543779303048e-05,8.653484817669477e-07,6.7601448880336146e-06,6.225237151665994e-05,8.703377422893815e-06,3.9726214848267993e-07,4.840019808299845e-06,1.1642753167118158e-07,9.883171604024854e-07,1.742372843713258e-06,0.0,1.3396659884937212e-05,9.102748623965318e-08
1757,1250896,10,1.3177181963940077e-05,6.839369236751047e-05,5.5696778987202045e-06,4.49555245875255e-06,4.200307453577218e-05,2.267802105826444e-09,2.3877639274832996e-07,1.1419175883972676e-06,2.0750195215205047e-06,4.3958421308873397e-05,0.002567450688192967,2.981145786206535e-05,3.0630277295315422e-06,1.5921347999513225e-05,0.00013248046456761087,0.0010284847184991452,2.311706211372e-06,1.0618620206181983e-06,3.918899562991435e-05,4.7254858714720904e-06,5.4023457432945954e-05,0.0,0.00027855643702283384,3.465357693993587e-07
1758,1817265,10,3.189530842617749e-05,2.3968448540356846e-06,4.5403447474168246e-05,1.592334042399557e-08,0.0002493597703732142,1.1323843429611458e-07,1.9202867629353193e-09,1.0054810147430704e-05,1.8536823240822287e-06,4.221355704753238e-05,0.00013270654118008318,1.8889918108944137e-05,2.409469033626266e-06,5.174678504027419e-07,9.641360570983304e-05,8.047075140421578e-05,1.2647500365892128e-06,2.535990353991213e-06,2.272391925461914e-06,2.6248804261830294e-06,5.170477372212767e-05,0.0,2.1303673861827743e-05,2.6701234001613727e-09
1759,1456020,10,0.00043222354012500963,0.00011598968425559353,0.0004161580142449939,0.00017662345766987497,0.001240716995012367,3.801469906306032e-06,1.3091468369128001e-05,0.00018332266314659285,4.749629962524926e-07,5.3578218898786556e-05,0.0038862786291475326,1.4208428925757688e-05,2.561061642605833e-06,0.0005678649580943135,2.3420894599140984e-06,0.00525480171319824,2.62120676827321e-05,1.0114315309700528e-05,1.988752078946332e-05,4.378213510944362e-05,0.00010816215763627401,0.0,0.00015375787157641263,7.599441902150783e-08
1760,1262231,10,7.814346236759834e-05,0.00017030106752244367,6.773169721669553e-05,1.5900855247774626e-06,0.00015609903843367967,1.4160835795293258e-06,7.188351358600187e-09,2.1026061393418505e-05,3.2022686422966684e-06,5.169733388159237e-05,0.0005438247793713921,2.3136024106494568e-05,3.383117627014931e-07,6.755019175269661e-07,5.944701052307266e-05,0.0018481381623783391,1.7223331784756157e-05,4.370716771291694e-06,5.140895908082449e-05,2.903904404005786e-05,7.673784232164332e-05,0.0,0.0004368116053620058,1.7091065324104093e-07
1761,1371111,10,7.056522601592286e-07,0.0001495746927206061,2.2523227023035775e-08,4.106983917673279e-07,0.0001016431341803771,6.724194428660291e-07,2.0736604898485833e-09,3.65642955853715e-05,1.971399009315089e-09,3.2491690209152796e-05,3.7809059313942406e-08,1.6001724090122793e-05,1.1453042315125173e-06,4.6242979213802216e-06,4.5159081615397945e-05,0.0008208232238652961,8.066419462323532e-06,4.070576127173167e-05,2.401137060051295e-05,1.1319892175794266e-05,2.7985344397612327e-05,0.0,1.3177165119022255e-05,5.665649289339492e-07
1762,1878692,10,0.0001575024356879201,0.00015951521093095222,6.528719592622384e-05,2.041457371461386e-06,8.061986269218557e-05,2.07181345204116e-06,1.819862686242013e-08,7.362612439457128e-06,4.000827172334631e-06,5.285091047340512e-05,0.0006220033331595098,2.0250707665904477e-05,4.824402613512468e-10,1.3988037030857048e-05,0.0004761118550384025,0.0007689526808709532,2.0250065788374183e-05,6.198788019370904e-06,4.160135255526498e-05,3.39491807690509e-05,0.0005239490061243884,0.0,0.00027655346534583014,1.0143273471152625e-07
1763,1295527,10,7.921600062854584e-07,1.8786445308838218e-06,4.17312784352572e-05,4.081772892600144e-08,0.0001843991060767325,1.704287252990433e-08,1.2366091756144115e-07,8.017420916384133e-06,3.6181673285229365e-07,3.9943168162977216e-05,1.0433458820256758e-05,2.052287104781919e-05,1.7975179534002184e-06,3.3064388013086254e-05,8.101743420863006e-07,1.17670949043025e-05,1.9259521012726655e-08,9.609731515411446e-06,3.374091585850447e-07,1.2738865319550374e-07,2.304173928195652e-05,0.0,7.45211613031177e-06,3.614615152330858e-08
1764,1252237,10,0.00022161434845868744,2.6898988322532347e-05,4.20986435116788e-05,3.209354623390226e-06,0.00032620123292148584,4.6314533619362663e-07,1.5363855854211295e-08,2.9509072200228914e-05,4.503863171301248e-09,4.1374281096184795e-05,0.00010811914670627587,1.057053177755396e-05,1.17126053479355e-05,1.3380397824169776e-05,0.000336699353764236,0.00037860108937703973,5.208111544252603e-07,4.526038766217155e-06,1.0013101103045763e-05,1.275429276970108e-06,6.926289009001607e-08,0.0,5.586076296137943e-05,8.657498177244705e-07
1765,1253761,10,4.998696421515403e-05,6.763264142506387e-06,5.083868724857499e-05,5.493189976085722e-07,9.706304101939067e-05,5.786203249522059e-07,4.1582292112374297e-07,1.3564009464228644e-06,1.0031491223805311e-06,3.869100043374374e-05,9.427130566883046e-06,2.550551574659332e-05,6.421243615301053e-08,9.798009867292845e-06,2.75662360729248e-05,3.168760737332077e-06,1.9066519635624335e-06,2.0611659534715276e-05,9.239064529681373e-07,2.7037066517160424e-06,6.151915089479265e-06,0.0,0.0001803671199413978,8.228716388836155e-09
1766,1936125,10,7.482378137031037e-05,0.00013618876691298687,0.0003136447802027098,3.84273340608976e-06,8.581209373128423e-05,9.797139211009664e-09,1.576135499198328e-08,1.901273839418488e-05,1.452401254889435e-07,3.745534458351324e-05,9.761558205493431e-05,1.1289777436689075e-05,1.1357392667908639e-05,0.0001331711745600067,0.00046959031306895854,0.0003337931513157158,2.2209281237209333e-06,2.2945496562912227e-05,3.136057509042084e-05,2.7019467180658396e-06,1.239096432993636e-05,0.0,1.211146587550005e-05,9.530380416719608e-07
1767,1402076,10,6.05574605287984e-05,2.818851498886943e-06,3.6066929169464856e-05,2.114604285452515e-06,0.00018489525973564014,4.656612873077393e-10,2.3865140974521637e-09,4.094132600584999e-05,5.093170329928398e-10,3.394077793927863e-05,6.0749858675990254e-05,2.327506081201136e-07,5.742112989537418e-07,0.00031851354287937284,1.698575943009928e-05,9.337060328107327e-05,2.7721398510038853e-09,3.0579394660890102e-06,2.405358827672899e-07,4.6609784476459026e-08,0.000627920679107774,0.0,0.0006571914564119652,2.189335646107793e-08
1768,1372115,10,5.48429553208496e-07,6.9695436164946e-06,1.187551942234688e-06,3.3796719547951604e-08,6.245722575093371e-05,9.788203797489459e-08,1.5276603991531967e-07,1.0575733400741694e-05,7.939532648756908e-07,4.108786918652352e-05,0.00017769045412450307,0.0011162292529668036,1.988475274862511e-06,0.00018198245691737613,1.0306368009124767e-05,0.00016641007923372947,3.715294616679632e-07,1.3323257851659276e-05,3.175127444299264e-08,4.636626475748584e-07,6.577152300267508e-05,0.0,0.0001893378437688928,1.370868264738423e-08
1769,1305486,10,7.729053941789993e-06,9.545342993628331e-05,3.028495245090135e-06,1.6024454709342995e-07,8.744168553939669e-06,6.559585986228023e-07,8.128475804947133e-08,1.2579537570812926e-06,0.0,3.6239745903336035e-05,9.934173622605513e-11,1.8663212601910395e-05,5.939657646489294e-07,2.6936700394112473e-05,2.528921796619843e-06,0.00043764652171404683,5.9049787612432125e-06,3.434022104722295e-05,1.0113000841631414e-05,8.194307141305007e-06,5.9753626005552146e-05,0.0,3.482417055833409e-07,1.566260430727051e-07
1770,1253816,10,5.0408309834784615e-05,3.0608998282735667e-06,0.00020448839166815197,1.2177617963321508e-07,3.5825442562913146e-05,7.746223423116261e-08,4.556169805325361e-08,1.5439628649402404e-06,7.724850946966288e-07,4.556160711418483e-05,5.244342244525857e-06,1.6564092636506267e-05,3.4829075965664424e-07,7.173947703597444e-05,0.00016078286729480362,4.667295833843399e-08,2.8043017106377244e-07,5.381709050407413e-06,8.906294002991588e-08,7.67315481521591e-07,4.28287221103385e-06,0.0,6.381418830928021e-07,4.993822821930394e-08
1771,1246650,10,1.8663778984642776e-05,9.000147869503428e-06,5.484410799602712e-07,5.892084049829993e-08,2.732102892433197e-05,1.9358997183083204e-09,1.6108263507785825e-08,1.8862419174647815e-06,7.232265540266236e-07,4.4222903273376246e-05,7.603919240914414e-05,1.7640101260957275e-05,8.650386819977762e-07,8.537766593251506e-05,8.574821692303863e-05,2.506100897775587e-07,6.412270631139805e-09,9.242672733757173e-06,3.3696261247939674e-07,6.20319306129935e-08,4.16265531204274e-06,0.0,3.498238369932516e-06,4.786319289518115e-08
1772,1595118,10,0.00027689009722946245,1.823314992206032e-05,6.393817066005503e-07,1.6636386137303116e-06,0.000274434723030674,6.713469765454172e-07,1.77535438870835e-07,7.452615717155886e-06,2.1035474850883418e-07,4.6923149350563964e-05,2.6830781407825854e-05,1.0562516838813485e-05,1.004941047341723e-05,8.64399561610607e-06,0.00042436042801995144,0.0007123548637543442,1.2308724922915903e-06,2.8218973943949788e-06,7.183131934748732e-06,2.597696611338074e-06,0.0002739020427041522,0.0,0.00010526645368387488,4.667123262303008e-07
1773,1904300,10,3.4341471565085824e-05,4.529356067647927e-05,5.655181841438678e-05,1.4455379314520789e-06,2.9075519046593834e-05,3.774993559829687e-07,1.485667371070587e-08,1.9572384321563108e-05,1.7179382594476045e-06,5.141417382137359e-05,5.2713262038407704e-05,2.1532840352056493e-05,6.400306415341173e-07,0.0002111251644106929,1.4516578298248706e-05,9.781649373443585e-05,4.841042663100703e-06,8.350378733618102e-08,1.616167216656611e-05,8.730932395513424e-06,2.3238596321500937e-05,0.0,4.651621850388504e-05,1.0283919685272203e-07
1774,1299266,10,1.2312672653461143e-06,8.638249044123913e-07,3.1326378101617647e-06,2.4424185937621523e-08,3.5553381730550615e-05,6.089116751095691e-08,2.462381670370606e-07,1.16083837403691e-08,1.931564539148223e-06,4.4755644388660976e-05,0.00011620818676612993,2.218391025120975e-05,9.539215012344116e-08,0.0001874147525613018,1.58396803280475e-05,1.0823077798358116e-05,6.649952249276891e-08,1.043183351727428e-05,1.2089765629649807e-06,1.9590702365207546e-07,3.6480453948758984e-05,0.0,1.76865899019496e-06,4.148250652702412e-09
1775,1901832,10,0.00023195672953101737,0.00017397672478457887,0.00032616710642164454,7.0238494498525705e-06,0.0001562078813601292,7.914948010889766e-08,1.61289988587221e-07,0.00023099207194143823,1.324135757568845e-07,4.238334293855256e-05,0.00010201318656656577,8.236974436484634e-06,9.925164522486818e-06,0.0005793680983532598,0.0001666700810859581,3.46934756014633e-05,9.247837289561023e-07,1.7558262267451663e-05,4.59701367774637e-05,1.0253339342916612e-06,0.00017109052433585126,0.0,0.0002544051519779156,1.356073802562252e-06
1776,1255737,10,3.1582996416673614e-05,0.0001100418403835457,0.0005997605192681887,3.162403713896644e-08,0.0008820201453089843,8.107679954211244e-07,5.580525605508591e-07,2.8398236561713586e-05,5.476650170033182e-07,7.378668610108496e-05,0.00033966448223962664,1.2549499196906622e-06,1.3689420081217096e-05,0.0001315587080678443,0.0004214833024728526,0.00043806579604659113,3.0578385448731815e-08,6.001028173996392e-06,4.3428918286708695e-05,2.9232550746993713e-06,0.0009928781690858313,0.0,0.00041861190239150803,1.7971148282003302e-07
1777,1307843,10,5.806644261474592e-05,3.659971216808666e-05,0.0018062553542591148,6.9724783145486136e-06,0.00012283364087678494,6.131065674597203e-07,2.0259739039185654e-08,0.0001043949193705318,9.839312559573044e-07,6.610059587008887e-05,0.002692570065011904,5.361731403724646e-07,3.723861135632167e-06,0.00035910437142537555,0.0005569616136996275,0.0010342701102992874,4.450986233250909e-06,3.8033529103920216e-10,8.701480905135006e-06,7.853270720767358e-06,0.0018275651914890778,0.0,1.082591495388252e-05,8.900671082390232e-07
1778,1346612,10,9.722140652642514e-05,0.0002822430818818361,3.650052319871533e-06,3.599795715617665e-05,0.0006542501587022617,6.499795349862447e-08,8.510100447250979e-08,3.0422048816300395e-05,1.544558878292107e-05,3.993964346159923e-05,0.000757351354311743,9.42428020020425e-06,1.9889457215475914e-05,0.0007496658119850799,0.00039085198352538375,0.0018939901198927536,5.33730097009022e-06,3.3756686986838313e-05,6.0370427607370214e-05,7.189868710073821e-06,0.0007778486919463173,0.0,0.00022081697893987923,1.7936033045590216e-06
1779,1252926,10,7.465021421610221e-05,1.4064066594585145e-05,2.5001644434596154e-05,1.8537130126033974e-08,7.928964337175493e-05,7.897785913452138e-08,6.639500059121839e-08,3.2692615896959265e-05,2.4043989271804733e-07,4.788796073719806e-05,0.00021904061724641738,1.4977993769219045e-05,1.2104244637468897e-06,0.0004571050006972992,7.293205473344125e-05,9.67337762771553e-06,7.860532473535908e-08,7.02325385133068e-06,1.905855387701605e-06,2.992169879957596e-07,0.0006120684602041494,0.0,0.000146168862829147,1.1454079006101292e-07
1780,1339176,10,5.6637121752245445e-06,0.00017083039617354911,7.992546335985895e-05,6.065237687924441e-07,0.000137622705732518,3.065816189529169e-07,1.7169678821760126e-07,4.571726440448509e-05,3.984728391137615e-07,7.850066321742066e-05,0.0006471886733600135,1.0470715943455833e-06,2.5808334091367846e-05,0.00012432332033755766,0.00011342065324168593,0.002921401333538215,5.396725086537213e-07,1.2256081336731173e-05,5.402196224900402e-05,3.5430517397599948e-06,0.00012678870184587576,0.0,0.000334889895114876,1.975215259825136e-07
1781,1309227,10,1.2960016876339964e-07,6.674662451911645e-05,0.0002835842390319504,1.444294267516355e-10,9.308488944211046e-06,2.403119697819145e-07,4.023414421766569e-08,4.1919155198133495e-06,1.0165993274968699e-07,4.3162803091079116e-05,7.656200813684066e-05,1.7722658420114834e-05,3.762449986850769e-06,1.1513797797124692e-07,0.00020620805662806968,3.0140104723838657e-05,2.5268059373681484e-06,2.3617189732823285e-05,6.1991705948144515e-06,3.275444659479876e-06,0.00017213177615503505,0.0,2.777199301073896e-05,9.138306262396201e-08
1782,1892072,10,2.32958461232613e-05,5.818746911856465e-06,1.6930588689234582e-05,1.2568967910908668e-07,6.502634440508359e-05,3.1765861052690525e-09,3.763760858532805e-09,2.3322472397779848e-06,1.7467945507831928e-06,5.189971682817429e-05,0.00042237955010904216,1.9512728952619796e-05,2.157901157318065e-06,1.188105298055575e-05,0.0003677865499582822,0.00018331993608278196,1.8069840361789602e-06,2.727931617485524e-06,4.830776934028336e-06,2.113641087930773e-06,0.0001511813878902757,0.0,8.717489261833578e-05,1.3254108921501029e-09
1783,1617068,10,2.6261430228560756e-06,1.7175512411968241e-06,5.2442631086266345e-06,2.4022252932687227e-07,0.0001189280064421358,2.0730036437432986e-09,1.0245819839077575e-07,1.486638325699785e-05,5.058712217315131e-07,5.041166648109274e-05,0.0001075380987698854,2.153063443301878e-05,9.76605028027433e-08,2.823011761229899e-07,0.0005588497181275853,6.320373940211371e-05,2.7060081431856675e-07,5.244282447955384e-06,3.4606832743366844e-06,8.333465978047072e-07,5.475803370957877e-06,0.0,1.1903789947857735e-05,3.967353309070054e-08
1784,1370441,10,0.00012656151600783788,5.620349392623791e-07,0.00025153824695343246,1.5377866037329102e-06,0.00012368413864229447,7.045275257425154e-07,6.912160683165969e-07,3.198207688075508e-05,7.914003180217732e-07,4.774828924379235e-05,0.0007862413288766447,3.0139652226871677e-05,6.8305090229758836e-09,8.630451300178921e-05,0.0008071286934513595,0.0001570002468688006,1.1019537410755786e-06,1.6891000276231943e-05,9.423499288549464e-06,1.851244202915464e-06,0.0002093794386667895,0.0,1.8763427174738057e-06,2.9222662520367315e-07
1785,1262782,10,7.022490347732835e-05,0.000273240633604524,7.850041537112162e-05,9.119568327893568e-06,8.116762685347889e-05,1.0905551216244813e-07,1.8239467811098642e-08,7.090088660990229e-05,3.6126822117177326e-08,4.409049137705373e-05,6.052919599221218e-05,0.001206869537835116,8.762046511873178e-06,3.3072806715495062e-09,0.0001752996127677639,0.00012678677692688073,5.291175153146477e-06,3.352578696472902e-05,4.970232475362546e-05,7.169175023302721e-06,7.361637019693418e-05,0.0,5.430701819110484e-06,1.1498513271951394e-06
1786,1252620,10,0.00021638532488570117,1.7807367455921486e-05,2.07941032114925e-05,9.026837125003517e-10,0.00043054618908393294,1.0205713047925502e-06,6.388000722834519e-08,0.00010032588447359686,1.344434753344781e-06,6.068445773606962e-05,0.00012950448217932675,1.5365435136152628e-05,8.44986178631657e-07,1.2179496642387988e-05,0.00014520254718988074,0.0011404114708857133,6.248425855559514e-06,6.76151627743149e-10,2.8210026245256703e-06,1.1070978172260382e-05,0.00016230809763809195,0.0,3.422362821247499e-05,3.2727541232624446e-09
1787,1256028,10,6.367755451264223e-07,0.00011066854641521295,9.984775865695683e-06,1.8342109615876456e-07,0.00013393254118074932,3.4539141299805287e-07,8.808459540238234e-08,2.0652410414594147e-05,3.2177604868122156e-07,8.408666238936963e-05,0.000951721109215195,5.331915179235258e-07,2.1436293633117498e-05,7.156888605196199e-05,0.00019627860088573812,0.0011999265807171935,6.114497910075789e-08,8.527010563232074e-06,3.180933836733485e-05,2.5042729156488086e-06,0.0002319526097357416,0.0,0.0017749362166381774,4.4248839800586914e-08
1788,1395159,10,4.3626146254555076e-07,7.378951343128132e-05,6.051411756108349e-06,6.339435278113204e-08,2.8024020865970167e-05,2.2277906922690827e-07,2.6694816218642003e-09,9.392552559510381e-05,2.513361894024291e-07,4.9281996445660337e-05,0.0009120403161854626,1.7640789835293713e-05,3.858198210568431e-07,0.0001413721440333346,3.961588017215023e-06,0.0003896694762190317,2.3726353681544077e-06,2.294450178577656e-05,6.0023347579346575e-06,3.0279518144910034e-06,2.4403783905398158e-05,0.0,0.0003508148586071347,1.1406793869184195e-07
1789,1339246,10,3.800302837114744e-06,6.288070652660238e-05,0.00014208615989798334,3.079672708516945e-08,4.7756597452652816e-05,1.1863690649316361e-07,2.3175223906601872e-08,2.876564638154555e-06,4.886235868695188e-07,5.0266975089072186e-05,2.097678371881795e-05,1.7221342129503103e-05,3.8011637883972327e-06,6.544523184000284e-05,0.00015202778548796536,6.464109708365084e-05,1.585526194600173e-06,1.9978982922663757e-05,5.243651277880845e-06,1.984639090818474e-06,0.00016614846270450456,0.0,1.7472541521748597e-05,1.097655000364961e-07
1790,1309509,10,3.237387345805115e-05,5.427156490295237e-06,1.9534542408057576e-05,1.0247109334671212e-07,0.00010105043833267408,1.5969726714637478e-08,1.4066452093397519e-08,6.138606942693303e-07,2.9994137026867485e-07,5.580127824449804e-05,3.3523035087079656e-05,1.7638602003343384e-05,3.608219937355217e-06,3.2385414409294433e-06,5.669955459024906e-05,8.176687860364518e-06,4.987093268210563e-08,7.127398584508282e-06,4.440551078233046e-08,2.7053537961230223e-07,4.242185320683933e-06,0.0,1.71529884358812e-06,1.2639612918807774e-08
1791,1250803,10,8.798469170350626e-05,3.8368135598515485e-07,5.291937923979084e-08,6.982500033725358e-08,0.00015322407114266162,1.9260679402777203e-07,1.0032516484237419e-10,7.90271236967427e-06,7.405648841177226e-07,5.806695750500829e-05,4.928301301832666e-05,1.6322368990073777e-05,4.2849475305611895e-06,1.4591246587682127e-05,1.5288950058950368e-05,3.68656715575566e-06,9.207405345795783e-07,3.3118343865240485e-06,1.5765141629653368e-08,1.9439378672950203e-06,9.663057763486388e-05,0.0,2.7772916626041255e-05,3.4584373607982055e-08
1792,1339276,10,2.2089791195535613e-05,3.571568927288049e-06,1.4745107815322678e-05,5.80705630645259e-06,0.00010494297160672239,6.400443077099471e-07,1.6889342546039243e-08,1.545205926582402e-05,2.5271688864313135e-06,7.832145270554938e-05,1.9096343320271214e-05,6.735036924693238e-08,2.5280911592137634e-06,0.00019712115027572738,1.1424607601739217e-05,0.00023256162294590932,2.4964476958294624e-06,4.2198741714849497e-07,2.2105978956382666e-07,5.219267022113505e-06,0.0008185309935295343,0.0,9.211700567265946e-07,4.0345787342618844e-07
1793,1254108,10,1.0368657969085648e-05,8.299249608213766e-05,9.08209800727297e-05,3.038677053382455e-07,3.998089761067525e-05,1.0431082252820856e-07,2.0137997880365077e-08,1.6831143449524966e-06,5.198364109865183e-07,5.169809345124954e-05,0.00015800532043368232,1.616029521376433e-05,5.569830465027015e-06,1.0114381196357769e-05,3.226308732738603e-05,4.8165545976731894e-05,1.7691645882583762e-06,2.079505608739568e-05,8.238092133371067e-06,2.165586733153535e-06,4.290307522612086e-05,0.0,7.073909653668164e-07,1.972180343548513e-07
1794,1339232,10,6.593422903361859e-05,5.711976391598039e-06,4.651210039144371e-05,1.9039765788535223e-06,0.00010566328786870693,2.9184593164713335e-07,4.4768122529209586e-07,8.321348048533073e-06,1.8485939774180726e-06,5.609974051122221e-05,0.0010310524997762596,2.8408523371138694e-05,5.502002034529774e-09,0.00017715464004972384,2.218289593006878e-05,0.00016256136755853426,1.227266211503708e-07,1.0758572028882196e-05,1.1288405110859712e-05,4.932816301643494e-07,0.0002374683755141417,0.0,3.7632902311554584e-06,3.0885452062881513e-07
1795,1252183,10,1.0825582880912704e-05,2.959537251231298e-05,1.2544755295697263e-06,2.2814446302803215e-06,8.808820691367375e-05,9.736323376002831e-09,2.4048918136412856e-07,5.348817706425646e-07,1.8771128151018335e-06,6.037408981126105e-05,1.4364232361060297e-05,2.6625856737072517e-05,3.5018957386667715e-08,1.6162516622304085e-05,0.00023164910276008213,0.0006969614344956611,5.625450806567844e-07,3.9617572361975995e-06,1.70583289364791e-05,1.5476154243548867e-06,9.98646438561332e-06,0.0,2.310394708847363e-06,2.726476422132418e-07
1796,1252665,10,6.609678146846099e-05,9.921930622693031e-06,3.3755879510453946e-05,9.596346911555642e-09,0.00016837383861551675,2.621203811087325e-07,7.651389591356583e-09,3.15499814167175e-06,1.5145309029754306e-06,6.256765157626465e-05,2.819730477422039e-05,1.8661791756975632e-05,2.5929366603907877e-06,9.31229475180928e-05,0.0003115243013350061,0.00021170404838836976,2.280982424315847e-06,1.234545815111121e-06,3.6858460029029483e-06,4.412890251812018e-06,1.384014595261912e-05,0.0,1.2533801873139405e-05,7.1695413009220665e-09
1797,1559048,10,4.719833497584397e-05,0.0002975641292834036,4.4811136051814415e-09,4.327052492036909e-06,4.008346249236017e-05,1.8489050317843647e-07,3.4836909121316317e-09,4.5040475507421296e-05,1.5118689235954497e-07,5.083607850028815e-05,9.880360590200366e-05,1.162928848543604e-05,5.476277374308336e-06,2.963250542858953e-08,0.00024304875154552985,0.00026341182775689587,5.85662041219237e-06,3.51642055584217e-05,4.356161282239451e-05,7.987131865283548e-06,2.4601032017887436e-05,0.0,0.00029138535081597167,9.513457855658825e-07
1798,1255798,10,2.1530247326543434e-05,0.0002722504278734675,0.0001322517246596551,8.526388305306332e-06,0.00017641886903103227,8.640060462916654e-08,3.6747560319336237e-07,6.806252054215867e-07,5.383840260466538e-06,6.889187161067747e-05,0.0021780910842353236,3.3292325911121745e-05,8.858400536888855e-07,5.495301177854683e-07,8.911425114011343e-05,0.0009634825356218957,7.024336752595867e-06,1.2300027808428982e-07,7.938952627893972e-05,1.2687105728399067e-05,3.24199283776444e-07,0.0,2.3522369318882547e-05,1.3012970127602996e-06
1799,1299327,10,4.0068558303438945e-05,2.7877674771994293e-05,2.2043388110334905e-07,4.4221885255133625e-05,0.00010339964701929633,8.450966799619652e-08,6.85764582411541e-07,2.0366582336932976e-05,1.0612653767276548e-06,6.115278142137734e-05,0.0019456918539533553,2.8515134116433027e-05,1.5376228607727471e-06,1.931551854100766e-06,0.0007856803317999213,0.0012545757693779545,1.447677380958523e-07,5.759740251035095e-06,1.8835206761089185e-05,8.497663525272592e-07,0.0003952140736612972,0.0,0.0002223082865515022,3.3134435638987325e-07
1800,1252671,10,9.922942445367289e-06,6.577293443305737e-05,0.0001290491931684127,2.7416013331088562e-09,9.364105802699661e-05,4.3551087994080084e-07,1.4929357565300616e-07,0.00014957555186235864,9.812401519787572e-09,5.4613110891501074e-05,9.005939735757564e-05,2.0160840240633984e-05,2.0454277916553965e-06,4.161577453535431e-06,0.001017609725285461,2.5100014285021205e-05,3.0632897089679506e-06,2.5401790043733108e-05,2.624611076331579e-06,4.164823923451244e-06,0.00032906003259765455,0.0,9.525797748752805e-05,3.614716350894276e-08
1801,1901899,10,3.721054268656168e-05,1.2181393638448224e-05,6.193839891689007e-05,2.4020945729348597e-06,6.265063643935004e-05,1.2257646250096732e-07,3.248354750566562e-07,3.145164233302536e-05,2.160942756606471e-06,6.162440578033959e-05,0.00034225230211370333,2.7352995243194733e-05,1.7572324834819186e-08,0.000156001127271016,4.4489477007872424e-05,0.0007750666196652788,7.144488587546016e-09,7.7294674705429e-06,1.2462579994928363e-05,4.5251657100273124e-07,0.0005152915000611706,0.0,0.000291385440701928,2.4578440780895217e-07
1802,1935095,10,1.2522682649521166e-06,4.7471713422786443e-05,5.416836346413753e-05,1.232381470067656e-06,4.770067072043527e-05,7.085950937124608e-09,2.894267734365741e-07,7.326789008311324e-05,2.4636565173832836e-06,6.60970783756265e-05,5.328013062896875e-07,2.5806891103173635e-05,7.311772714027609e-08,3.1360102183870114e-05,0.0004839986880492801,0.0005914597429779421,1.4379930871159796e-06,2.0437135257803107e-06,1.9447310245866017e-05,3.1198893645084658e-06,2.481365934323132e-07,0.0,7.549943834977979e-07,2.1660774616669154e-07
1803,1447146,10,0.0001004005275673514,0.00020764888614679955,0.0012103478228896597,2.1308129961872257e-06,0.00010613460293690258,1.0190909320861863e-06,4.3425882295666796e-07,2.7452416357251486e-05,2.5823691104931434e-07,9.525930457923715e-05,0.0016224787523298062,2.02152159359259e-06,3.272103037500751e-05,0.0007480259532757355,3.181099421187272e-05,0.0001560034664213339,1.9476491003311835e-08,6.148134101394143e-06,6.021724492459579e-05,3.38955703521604e-06,0.0004024025130944936,0.0,0.0032421684227787045,4.657397122964646e-07
1804,1309870,10,0.0003463314733333847,6.571110144279468e-07,6.320493232702534e-05,1.9029793743227663e-06,0.0003255934941891331,8.439991525527324e-07,2.3791073226753223e-07,7.729898132871615e-05,1.190368122593044e-06,7.174370662488966e-05,0.0003636670694552452,1.2458770961253085e-05,1.197251174848979e-05,1.8247830764761552e-06,0.000599761417199092,0.0012040904787607998,3.1347404658363387e-06,7.597034110753964e-07,5.75612400396941e-07,5.887121102228499e-06,2.0160223093403096e-05,0.0,0.00016027557080176835,1.708913257500444e-07
1805,1435094,10,8.283741858676474e-07,2.4656190538985268e-06,0.00011620809040768093,2.911990179127466e-07,1.4403587480945473e-05,3.305512114026854e-12,1.0709194448593751e-07,1.2784796925638386e-07,9.223809234668034e-07,6.889038493569644e-05,0.00015901291399230202,2.209080225092086e-05,9.215187875936948e-07,6.021773701125541e-05,1.795337146535264e-06,2.0702290872479795e-05,1.8516618284503128e-07,5.712844897851066e-06,3.920705821367637e-06,6.858075054308466e-07,6.50241044099914e-06,0.0,7.005688367088883e-05,1.262053119996387e-08
1806,1430116,10,5.431669533361577e-05,2.323235323123396e-05,0.0002271058629803313,8.055094723180556e-09,7.509865422716117e-05,5.484842896183451e-07,3.779803938522286e-07,3.69846191411588e-05,8.285461545118333e-07,6.352199945705572e-05,0.000824839078921516,2.410861092933675e-05,7.92198276075573e-07,3.062401638678769e-06,4.752316601408513e-06,0.00016978090594538253,2.221439438267192e-06,2.1902705767053166e-05,9.735263381549508e-08,3.0608880219051837e-06,7.08978160800372e-05,0.0,0.00021667921448313004,1.949221187236283e-09
1807,1257228,10,0.00012140333637944423,7.507222835556604e-05,0.00012798509851563722,1.415559381712228e-06,0.00018233282389701344,4.532921593636274e-09,2.0336301531642675e-09,1.2022574082948267e-06,1.5454133972525597e-08,5.44561080459971e-05,0.0005255178184597753,3.578679752536118e-08,2.9163893486838788e-06,2.590345320641063e-05,2.4185461370507255e-05,0.001060989063262241,5.551155481953174e-07,1.031284045893699e-05,7.481499778805301e-06,1.1955162335652858e-06,0.00015745158452773467,0.0,8.919365427573211e-05,2.6921043172478676e-10
1808,1303722,10,3.3634246931341094e-07,0.00010485661910753646,3.624143278153913e-05,3.7293803199084374e-07,4.398069189949505e-05,2.4930592387034656e-07,6.570533268857037e-08,7.364260419043256e-07,5.221957075085548e-09,6.32019897554778e-05,7.056040589230317e-05,1.763996679790547e-05,4.162090928933049e-06,5.523570427726221e-06,0.0002184483516591007,9.001066331809637e-06,2.6562681820982426e-06,2.410691140884713e-05,6.6557102201617035e-06,3.4607084199445026e-06,2.9053117705499232e-05,0.0,2.371616186253034e-05,2.261383711954501e-07
1809,1263125,10,4.580276010357487e-06,0.00017266008265955438,5.904724129632277e-06,5.619799455569563e-06,4.1333815949874675e-05,6.902205358302882e-08,2.1060707336775786e-07,6.2637303243767706e-06,4.539857016188503e-06,7.814724213129828e-05,8.556326361361735e-05,2.905509390056793e-05,9.576408884631737e-08,1.497984430238325e-05,0.0017665221882451725,0.0019509911429436665,4.369738112203897e-06,1.1563948031437232e-07,4.5159524324728945e-05,8.211977852615876e-06,0.00027126333540945444,0.0,6.146828180290248e-05,5.317493346652935e-07
1810,1901375,10,0.00012056087063874385,3.841663203846962e-06,0.0005161994065584347,2.40263874053126e-06,0.0001422587956185807,6.90029527024294e-07,4.3671901476388664e-07,5.587025501720133e-05,6.895991666415469e-07,6.69121305420968e-05,0.00031116974454943255,0.0010725636832011817,9.585788417892926e-08,0.0002544033629841985,5.758398168020928e-09,4.162419761845337e-06,1.7429918882649886e-06,1.9892566019159147e-05,3.1689375965780753e-06,2.579850279498669e-06,0.00021756250121493861,0.0,0.0010169719624447508,4.7572368454262826e-08
1811,1924188,10,1.9086874306767365e-08,5.107682957725818e-06,5.37289064080175e-05,6.082968815428191e-07,4.435778853100619e-05,2.6393465746288314e-09,1.2244860716700834e-07,1.8395472289059467e-05,2.958081612641078e-06,7.482255555943743e-05,0.00035872341171134733,2.2944126497302653e-05,6.554815096121436e-07,2.701455582392043e-07,0.000141610270102812,0.00022022542048831875,1.8469702828260992e-07,5.7120582365628725e-06,5.336333660309334e-06,7.135261599344744e-07,2.7772905716722668e-05,0.0,2.4021959290805583e-06,3.219502472950886e-08
1812,1311921,10,0.0006210091653488375,4.1216749895725546e-05,0.0010400622554388866,1.0114809398456548e-05,0.0007101806850012479,1.0233446616075836e-06,3.734659539955665e-08,0.0020201277683068106,6.178148270752359e-12,7.726389574008036e-05,0.0015077711923198386,8.879685947905946e-06,1.09576716949486e-05,0.000802588192072011,1.5057233621114385e-05,4.816653533767229e-05,1.8494192878248938e-06,1.9622313189790463e-06,1.1293084125597874e-05,3.805366503066565e-06,2.192835149496253e-06,0.0,7.903487249080049e-05,1.4496109780534616e-06
1813,1255169,10,9.025035815519999e-07,0.00024025010040013006,0.00014065958297198797,1.5375372503269313e-06,0.00018399021370117674,4.3455354007196356e-07,5.345818812965697e-08,2.4987143902074904e-05,2.59568146407374e-07,6.560922742122194e-05,0.0015776777394316127,1.576062409889417e-05,5.759289377973986e-06,0.0001648645956913164,8.453691879087288e-07,0.0019749138064355277,5.7122075872058364e-06,3.410521764656699e-05,1.953630693565453e-05,7.840937869100367e-06,9.623554589924949e-05,0.0,0.00013294044433654478,5.355727636484342e-07
1814,1337541,10,0.00017982756703455172,0.0002062112258459231,2.8230466035672475e-06,1.339489806364419e-05,0.0008047968901008784,1.1246602645703652e-07,5.857822544183544e-07,9.841319976960916e-05,7.290820453371982e-06,8.190313491902856e-05,0.002326134975917972,3.6600900883219933e-05,2.250945108764335e-06,0.000618521031463766,0.0006702916446461524,0.0030547761988561142,1.324308840693067e-06,2.019409164916164e-06,6.432022040581131e-05,3.3816208654530167e-06,9.983694983506375e-07,0.0,0.0012623822169397503,1.211109340482075e-06
1815,1263785,10,5.446504838170149e-05,0.00034558789965749917,1.8835180214643588e-05,8.447655533080911e-08,9.302828864432913e-05,1.4409388534655787e-06,1.37009318907505e-07,7.259458390853138e-05,1.855908302282605e-07,6.593417127889745e-05,3.5047367548883546e-05,1.874937681829031e-05,3.53449155635413e-06,0.00017318591945556308,4.494288737996038e-06,2.7984903955273477e-05,1.2745045735701455e-05,5.25634310336795e-05,2.0977355923986613e-05,1.8580665090306425e-05,6.083954269138492e-05,0.0,0.0004272497603764122,2.1639916497964706e-07
1816,1842087,10,0.0003045020349679538,2.4305447538505026e-05,0.0002999814917139902,1.771252782917232e-07,0.0010365218912454892,1.4893792676905215e-06,1.1015093241938112e-06,0.0003295565478097645,1.511868175964326e-07,7.603935955831712e-05,0.00897377471776193,0.0010595017058127182,7.832995118847719e-08,0.0016329680830061456,2.2184446264034152e-05,1.1673168428608105e-06,5.0616756507408656e-06,3.102509938784567e-05,1.7421996231399561e-06,7.567657419743634e-06,5.7911940565483905e-05,0.0,0.004529288996116199,3.4479911981133426e-11
1817,1339609,10,0.00011946578723472448,4.2641469569972695e-05,1.0758747144309563e-05,6.822050364896359e-08,9.040727219435628e-05,7.923822467476027e-07,5.278853927453975e-07,0.00010453192804887011,4.016989425814632e-08,8.70495107394599e-05,5.6400738938032144e-05,2.500033948594875e-05,7.570241749212808e-07,0.00020793727348670382,0.000486203180323266,0.0005058002822722982,3.2759966561261844e-06,2.570481056285781e-05,6.240964438297691e-08,4.684896485923282e-06,0.0008702504641755447,0.0,0.0016160406273602011,3.2897306441459495e-09
1818,1446080,10,9.181277106817126e-06,0.00012210167456712384,2.7039689640108444e-05,2.9067115927053355e-07,4.898400710894729e-05,4.0837919392661126e-07,1.7517818532916674e-07,0.0008312085204364543,3.027810024543165e-07,8.892505067668172e-05,0.009910203634497596,1.971391994000371e-05,3.0613340424347213e-06,0.0004464770825510292,3.856311821431174e-05,8.17211137313506e-05,3.1328505709776744e-06,2.560236580740824e-05,3.46001345149366e-06,4.2027916886330785e-06,0.0008526387780658957,0.0,6.448030045017386e-05,2.0027521524523806e-07
1819,1257587,10,1.823158242723888e-05,0.00011299588832240984,7.005712833672503e-05,3.4699416780886727e-07,5.440998768923774e-05,4.6188111242975727e-07,2.12625350808765e-07,0.0006233296537949129,1.3605686182555088e-07,9.273708113093082e-05,0.0006853926473242081,2.0429700193738687e-05,2.463821822416834e-06,0.00025376420917112494,0.00024743316560493084,0.00033051178202868695,3.168085885039973e-06,2.570411346197038e-05,2.433563389449278e-06,4.330951923522952e-06,0.0022439160031118704,0.0,0.00035796530577959784,1.178621837280569e-07
