CID,fold,field,z,mass,P21_n,P21_ess,BS21_n,BS21_ess,G10_n,G10_ess,P21_dmplus010_n,P21_dmplus010_ess,P21_dmminus010_n,P21_dmminus010_ess,P21_dmz020_n,P21_dmz020_ess,P21_rho000_n,P21_rho000_ess,P21_rho090_n,P21_rho090_ess,P21_noisetrue120_n,P21_noisetrue120_ess,common_support
1246275,1,C1,0.24605,9.657999992370605,28.0,16.984816654642685,31.0,17.973577571680817,38.0,20.95532715484586,27.0,17.583061996300746,30.0,17.279143929976875,26.0,16.59960956898625,28.0,16.984816654642685,28.0,16.984816654642685,27.0,17.666071793702365,True
1246281,3,C1,0.33549,10.616000175476074,76.0,54.63845813188575,90.0,62.8235827258522,88.0,59.31769827359491,63.0,48.94101540884165,85.0,59.40085855653324,64.0,49.89136398786415,73.0,52.879187645932234,74.0,54.210720156225776,70.0,52.42390024703207,True
1246314,0,C1,0.38337,9.621000289916992,31.0,25.339134365626116,35.0,27.815162147208344,39.0,32.8401365123101,28.0,24.381514707781836,33.0,26.709394172437772,27.0,23.430722332595305,31.0,25.339134365626116,31.0,25.339134365626116,30.0,24.881166829796467,True
1246527,4,X3,0.32078,11.119999885559082,138.0,74.7682143872423,146.0,77.32981231375283,156.0,82.12289915033266,135.0,74.44155422405913,140.0,75.01425296012718,134.0,74.34543885743065,141.0,76.42888926952978,136.0,74.48859303519895,136.0,74.42703393598619,True
1246529,3,X3,0.49677,10.560999870300291,163.0,121.36326886988111,186.0,131.00083714528967,197.0,139.6197764065101,155.0,118.19941803918991,176.0,124.79616905522461,151.0,116.37564600124723,169.0,124.95039893085023,160.0,119.36988186543154,160.0,119.66917552791266,True
1246626,3,X3,0.39282,10.645999908447266,157.0,95.29609848836974,175.0,99.01789961771551,182.0,106.894435550356,152.0,94.28122119567766,163.0,96.20715589740985,148.0,93.76630413889079,161.0,97.47064903837554,154.0,94.54370988877979,155.0,94.51334800490729,True
1246650,4,X3,0.90888,11.211000442504885,121.0,73.84922403041817,143.0,94.64653130083637,158.0,101.62381102214732,112.0,66.93903465512231,135.0,85.41378410564236,108.0,63.31352071649805,127.0,77.69190277780001,117.0,70.52607662290337,118.0,71.9604936188948,True
1246758,0,X3,0.53127,9.774999618530272,73.0,52.53172569157183,75.0,55.698075450931846,84.0,56.591895987472476,70.0,51.22711083826712,75.0,53.631052864974066,69.0,50.62441874485248,74.0,53.24784484297272,72.0,51.9463256999313,72.0,51.93596989266398,True
1246791,4,X3,0.83066,10.519000053405762,132.0,94.12486908467083,156.0,114.42649984466003,171.0,125.21587962406053,123.0,85.6859035610574,146.0,107.03957842543139,119.0,82.09636960239193,139.0,99.2854383721162,128.0,90.57314805957503,129.0,91.31738517681575,True
1247022,2,E2,0.35763,10.506999969482422,53.0,41.44968940865063,65.0,48.05183385062436,71.0,50.68918125068047,48.0,37.70838189941071,62.0,45.353532140784644,47.0,38.02055249297443,56.0,43.27934180447324,52.0,40.23039323047961,47.0,37.15715575491031,True
1247537,2,X1,0.45565,9.927000045776367,36.0,31.743981549111,38.0,34.29630266310366,42.0,38.37031679322462,31.0,26.938653738275452,41.0,35.18442562799998,31.0,26.938653738275452,37.0,32.51798019261172,36.0,31.743981549111,36.0,30.992466171037808,True
1247570,4,X1,0.57927,9.82800006866455,36.0,27.745755651942087,38.0,30.584845188835846,42.0,33.77690313323562,31.0,22.915121976576906,41.0,32.10821364276587,31.0,22.915121976576906,37.0,28.363841324286458,36.0,27.745755651942087,36.0,27.846905601196443,True
1248084,2,X3,0.28063,11.026000022888184,127.0,65.11000528730773,132.0,67.58031105849753,140.0,70.85116057294984,124.0,64.95344959030287,128.0,65.22118393676232,123.0,64.90607215325315,129.0,66.63150476482714,125.0,64.95852818148019,125.0,64.92335511187079,True
1248243,0,S1,0.32394,9.194000244140623,29.0,25.596605951087483,39.0,32.087345890637444,39.0,32.94258923488803,25.0,23.4061252512082,32.0,27.791151234961756,25.0,23.4061252512082,30.0,26.552093587653918,28.0,25.286569110961732,30.0,26.552093587653918,True
1248441,3,C3,0.24517,10.611000061035156,134.0,72.04092586439307,150.0,78.88593945503753,143.0,76.60053970537601,131.0,70.70082186090988,139.0,73.06590550283278,130.0,70.5753576408588,137.0,73.95199681059808,134.0,72.13972127624012,133.0,71.07259147572132,True
1248677,1,C3,0.35016,9.564000129699709,37.0,23.92413642364711,43.0,27.943822968087307,55.0,37.654847108847164,37.0,23.924136423647116,37.0,23.92413642364711,37.0,23.924136423647106,37.0,23.92413642364711,37.0,23.924136423647123,36.0,23.833249257842905,True
1248907,3,E1,0.17053,8.439000129699707,21.0,10.80257429404218,23.0,11.846697844668705,31.0,13.839121155509119,18.0,9.540993632178017,22.0,10.884625437461573,19.0,10.540590727747647,20.0,9.802635337274651,21.0,10.802574294042183,21.0,10.80257429404218,True
1248925,4,E1,0.34307,9.5600004196167,23.0,17.986909912542288,25.0,20.217101525601727,36.0,28.22519408405925,19.0,15.43679265788355,24.0,18.65065732139052,20.0,16.379266467877727,22.0,17.06448270095028,22.0,17.952606866663217,23.0,17.986909912542288,True
1248936,4,E1,0.57093,9.119999885559082,23.0,16.920783056714516,25.0,19.182096674765756,36.0,28.646145694876793,19.0,13.883473297600748,24.0,17.86542735678083,20.0,14.326109718682389,22.0,16.48574490053652,22.0,16.224491085766836,23.0,16.920783056714516,True
1248962,2,E1,0.48342,10.126999855041504,50.0,44.103780267400104,66.0,57.33248031655442,63.0,54.68719225746877,47.0,41.64477119600179,55.0,48.58927282589467,46.0,40.65707046055691,54.0,47.85391263300511,47.0,41.585141529057836,44.0,38.21307927992493,True
1249090,1,E1,0.3862,11.234999656677246,50.0,44.86199780351346,66.0,55.56528599331033,63.0,52.276388439281654,47.0,42.808358523861756,55.0,49.17179034324521,46.0,42.11666647605384,54.0,48.784861769804614,47.0,42.917121027254574,44.0,39.27709207536081,True
1249137,0,E1,0.22305,9.720999717712402,21.0,12.729767092720664,23.0,14.015236247011075,33.0,17.619320481428247,18.0,11.237318355276116,22.0,12.904070894408196,19.0,12.217524076492827,20.0,11.756551420764557,21.0,12.72976709272066,21.0,12.729767092720664,True
1249209,3,E1,0.48312,10.208999633789062,50.0,44.120192826675286,66.0,57.339633986942346,63.0,54.69381718170086,47.0,41.66215184261259,55.0,48.60645927913405,46.0,40.674743721481406,54.0,47.87168630314466,47.0,41.6025172264827,44.0,38.228486990441695,True
1249264,0,E1,0.54968,10.470000267028809,50.0,39.49452570983103,66.0,54.48298600983929,63.0,51.4852480996686,47.0,36.77507271573283,55.0,43.797651249660234,46.0,35.79494299453932,54.0,42.92913727450421,47.0,36.864166098400624,44.0,33.84246114225228,True
1249304,3,S2,0.63681,10.635000228881836,54.0,34.675445181995876,68.0,46.804307674591726,65.0,42.169556820406925,47.0,28.60821833395553,63.0,42.67901626928506,46.0,27.74689476806405,57.0,37.522489058125856,55.0,34.97100331199751,49.0,31.02650861062847,True
1249371,0,S2,0.45085,10.684000015258787,58.0,50.12127971536143,73.0,61.38854741251428,70.0,61.23747921886858,51.0,44.08018417919634,67.0,57.56722033136893,50.0,43.08815658344297,61.0,52.155395763192516,59.0,51.0183498938717,53.0,46.13023606868204,True
1249395,2,S2,0.55513,10.53600025177002,58.0,43.3543993438043,73.0,55.61887609619441,70.0,52.13321229800254,51.0,36.598411518359164,67.0,51.487514410810476,50.0,35.69972985629446,61.0,45.73009496370843,59.0,43.70650493305648,53.0,39.17367271437595,True
1249483,1,S2,0.28303,10.958999633789062,58.0,44.02679487337897,71.0,50.99947151007734,70.0,53.59484587435999,51.0,41.38771624415753,66.0,48.75668796403496,50.0,41.006039817885814,60.0,45.192342330171414,59.0,44.67403949045614,53.0,41.1457655854979,True
1249851,3,C2,0.21511,11.059000015258787,69.0,44.21985106438048,73.0,44.28923722404914,81.0,48.04124018026394,60.0,40.464770536808935,73.0,45.165353316790835,60.0,41.249349255585756,68.0,43.072517250589996,64.0,43.305251699001,58.0,39.12426708881502,True
1249956,2,E1,0.44628,10.902000427246094,50.0,45.58475380188814,66.0,57.69605778218734,63.0,54.87430312633733,47.0,43.24203363657434,55.0,50.13385101115842,46.0,42.32074987340869,54.0,49.48514153009342,47.0,43.22779477518364,44.0,39.626023748737246,True
1249970,3,E2,0.26775,8.913000106811523,28.0,18.351249537123678,36.0,22.163464767066706,44.0,27.8567735808973,26.0,18.281034048616707,33.0,19.146718227263776,24.0,18.142497554628363,31.0,18.980328120395182,29.0,18.60037180560943,28.0,17.60391223324917,True
1250017,4,S1,0.18216,8.848999977111816,29.0,16.77491267617538,35.0,21.28189073886572,38.0,21.311210506322453,25.0,16.277100140528002,31.0,17.675874917159536,25.0,16.277100140528002,30.0,17.207581304232484,28.0,16.189469595791113,30.0,17.207581304232484,True
1250034,2,S1,0.16085,10.48799991607666,50.0,33.42853528903562,57.0,35.866995484792,59.0,35.650685440709964,44.0,31.58671263975854,53.0,33.76081636338605,45.0,32.39092235725689,53.0,34.784477192315975,48.0,32.86061864649896,46.0,31.918401472051475,True
1250275,0,S2,0.38323,10.312999725341797,58.0,50.09738722730376,73.0,60.268405892192995,70.0,61.69518523346221,51.0,45.342355414815785,67.0,56.81048695680952,50.0,44.520402323201374,61.0,51.96335149445711,59.0,51.113462819063116,53.0,46.360883665814804,True
1250279,3,S2,0.27382,10.753999710083008,58.0,43.14633014278125,71.0,49.772966170629864,70.0,52.438299121176094,51.0,40.68631307946497,66.0,47.6514654425011,50.0,40.34067673578017,60.0,44.23351097523575,59.0,43.770184723637236,53.0,40.3754648946028,True
1250357,2,S2,0.35843,10.720999717712402,58.0,49.22920914563232,72.0,58.76856257363039,70.0,60.582835047013376,51.0,45.006082191471194,66.0,55.53341511246007,50.0,44.28844330427701,60.0,50.94814288276813,59.0,50.179922116423256,53.0,45.633289997821,True
1250397,0,X1,0.64304,10.1850004196167,48.0,27.65644869766994,56.0,35.095099152220946,62.0,37.8837537437689,42.0,22.182823678876776,51.0,30.58688131683661,39.0,19.9580963426405,47.0,26.78886118484841,49.0,28.622562389967413,42.0,23.490907069986704,True
1250435,1,X1,0.49292,9.956999778747559,36.0,30.870261798884318,38.0,33.608877696248996,42.0,37.67522928537231,31.0,25.94476063602222,41.0,34.61167662452053,31.0,25.94476063602222,37.0,31.58628624932468,36.0,30.870261798884318,36.0,30.31631527620008,True
1250454,1,X1,0.78734,10.548999786376951,37.0,16.91747488025151,45.0,18.874605987881985,49.0,21.259948563159018,31.0,11.930757318327444,40.0,17.676618667140612,28.0,10.609905226983253,36.0,15.638827341594586,38.0,17.472303692424173,32.0,13.13748425581436,True
1250532,2,X2,0.5277,9.451000213623049,33.0,27.80424073470848,41.0,35.16925436368435,47.0,40.28670359537442,31.0,25.90104952309556,36.0,30.135538801717082,30.0,24.94466357109519,36.0,30.35578701549998,35.0,28.549427121640505,30.0,25.15781990747249,True
1250665,0,X3,0.29461,10.067999839782717,134.0,68.40301967642012,140.0,70.90122847144481,147.0,74.60456961872737,130.0,68.16690980310722,135.0,68.54152041406037,129.0,68.10587736004757,136.0,69.95842408030458,132.0,68.21418160626422,132.0,68.17102476650764,True
1250852,2,C3,0.77725,10.392999649047852,191.0,133.450129990758,223.0,157.5800103653759,219.0,153.30703485787365,179.0,124.6278452958745,200.0,141.28950895877003,171.0,118.51008627595023,196.0,137.60125855280114,183.0,126.14314887108831,178.0,123.03726992702046,True
1250912,4,X3,0.21898,10.61400032043457,103.0,52.41458494621054,105.0,54.74876787762748,115.0,56.514771050332875,103.0,52.407878555957694,104.0,52.45344359121577,103.0,52.407878555957694,106.0,53.69980173968153,102.0,52.35953859143409,102.0,52.35953859143409,True
1250916,3,X3,0.66948,11.02400016784668,160.0,122.04657381626508,185.0,140.63358562279083,200.0,150.3328787844269,151.0,115.07641742411026,174.0,132.50201550783208,147.0,111.18872048870485,167.0,127.11091474766154,156.0,118.29711772724538,157.0,119.22677664447811,True
1250925,1,X3,0.55146,10.894000053405762,165.0,126.85587987354015,186.0,140.366126309572,201.0,148.10986399461157,156.0,122.38976739531432,178.0,132.26773036249415,152.0,119.68441453371473,172.0,130.92475837480478,161.0,124.16488249124447,161.0,124.79522352968189,True
1250950,2,X3,0.70099,9.973999977111816,67.0,49.19264438412254,72.0,49.742046359763634,78.0,58.18994943327457,64.0,45.75291924427094,70.0,50.87722630659882,63.0,44.793607403449286,69.0,49.449581942420245,67.0,47.998797133832795,66.0,47.73836378662305,True
1251022,4,C1,0.68428,10.876999855041504,66.0,42.227817580175724,82.0,56.56197248656462,77.0,52.340104693050385,53.0,31.04761622085876,76.0,51.1406682710574,54.0,31.87844308894416,63.0,40.20026718906458,64.0,40.97615725670106,60.0,35.99436350156324,True
1251114,3,C2,0.62632,10.576000213623049,73.0,48.53589572506515,82.0,57.42817042615419,89.0,62.93235889007028,60.0,37.340796017483,80.0,55.070026928287675,60.0,37.00611876366378,70.0,45.78057445878202,66.0,41.96180414989028,59.0,36.79141596057776,True
1251126,4,C2,0.59788,10.668999671936035,73.0,52.62302545536333,82.0,61.381259325783994,89.0,67.27834439830572,60.0,40.886754051743246,80.0,59.10244546637447,60.0,40.69418893579063,70.0,49.765352819054094,66.0,45.97653803735103,59.0,40.47185999032941,True
1251536,0,X2,0.52727,10.788999557495115,47.0,37.13651220061128,72.0,60.64973000563805,74.0,62.546397276109666,41.0,31.382738733441382,54.0,43.700189700739635,41.0,31.382738733441382,47.0,37.017751442077994,44.0,34.17941819049889,43.0,33.25533113688835,True
1251552,3,X2,0.35484,9.979999542236328,33.0,30.41276256473319,41.0,36.17486717741942,47.0,43.19001820753334,31.0,29.095762134957614,35.0,31.89688546415421,30.0,28.277336965084462,36.0,31.96214951518223,35.0,30.84728934399934,30.0,28.333889625022834,True
1251600,2,X3,0.5576,10.70199966430664,165.0,127.09000486967385,186.0,140.98708055457817,201.0,148.6834403074424,156.0,122.48511969215541,178.0,132.74687721555995,152.0,119.68645164105494,172.0,131.19929111669288,161.0,124.3283428070138,161.0,124.99272465727367,True
1251603,4,X3,0.63033,10.557000160217283,161.0,125.40565645219857,185.0,142.86207571910302,199.0,151.37837025585668,152.0,119.23662466082708,175.0,134.21589860502758,148.0,115.57305696367891,168.0,130.07259009161348,157.0,121.92115260141159,158.0,122.87678415249425,True
1251652,2,X3,0.77155,10.972000122070312,148.0,106.96632796814754,172.0,126.79079801858853,188.0,138.59058843482643,139.0,98.44984140903016,162.0,120.03584654333179,135.0,94.6847405987158,156.0,112.61626684421867,144.0,103.15155925943452,145.0,103.75959083726022,True
1251975,4,X2,0.44647,10.901000022888184,48.0,41.90522903135961,73.0,64.26447382640633,75.0,66.0937828707164,42.0,36.34722828560372,55.0,47.75711412249025,42.0,36.34722828560372,48.0,41.57823310982626,45.0,39.29479685740818,44.0,38.29505768880995,True
1252142,2,C2,0.55288,10.468000411987305,75.0,58.80738943248931,84.0,67.18438803293029,91.0,73.35879208316126,62.0,46.62808568157011,82.0,65.02066220396594,62.0,46.600669721500516,72.0,56.00810573159637,68.0,52.15696604115545,61.0,46.12726417251289,True
1252183,0,C3,0.97242,10.47599983215332,143.0,78.96062705799599,170.0,96.14418792882596,169.0,96.1852159431301,132.0,70.83118716643304,151.0,83.58741289074669,124.0,65.51507937398992,146.0,81.652453483974,135.0,71.52499366219602,131.0,69.68981917575844,True
1252313,0,E1,0.59692,9.475000381469727,23.0,16.123078376882884,25.0,18.324853197428595,36.0,27.85244378403394,19.0,13.034167467748917,24.0,17.06928437339818,20.0,13.368709535066888,22.0,15.792358317796861,22.0,15.305109981728949,23.0,16.123078376882884,True
1252364,2,E1,0.54134,10.618000030517578,50.0,40.139786449653975,66.0,54.96085090484432,63.0,52.05974375423736,47.0,37.45730217841663,55.0,44.465375396716794,46.0,36.47026204060274,54.0,43.615335626526786,47.0,37.51507230930637,44.0,34.46206705741247,True
1252513,1,C1,0.47767,8.984000205993649,31.0,26.117375389824403,35.0,29.211829766192555,39.0,34.918876326234965,28.0,24.032394274733193,33.0,28.051990743875,27.0,23.089549492136776,31.0,26.117375389824403,31.0,26.117375389824403,30.0,25.096121573129164,True
1252521,3,C1,0.43322,9.074000358581545,31.0,26.272838084271203,35.0,29.27693978039027,39.0,34.90239735358653,28.0,24.725133079487417,33.0,28.023523328144137,27.0,23.725133080305316,31.0,26.272838084271203,31.0,26.272838084271203,30.0,25.481118335345148,True
1252665,1,C3,0.97489,10.970999717712402,143.0,78.11836706485039,169.0,95.13124661103251,168.0,95.26137956123212,132.0,70.03288079003111,151.0,82.70205222419145,124.0,64.76552720480603,146.0,80.79313106632074,135.0,70.67996079194448,131.0,68.8826198719489,True
1252751,4,S2,0.56059,10.546999931335447,58.0,42.824599450204936,73.0,55.12019179174601,70.0,51.4954080712679,51.0,36.08641968742292,67.0,50.977117327627916,50.0,35.195445398209955,61.0,45.23252317511287,59.0,43.16100266275305,53.0,38.655042310887275,True
1252810,0,S2,0.58026,10.916999816894531,57.0,40.80744710197389,72.0,53.179395449800595,69.0,49.12068096998436,50.0,34.17292219566709,66.0,49.00306339872248,49.0,33.30449134995397,60.0,43.338075800812625,58.0,41.10411563024933,52.0,36.70680348334589,True
1252829,2,X1,0.45168,10.798999786376951,50.0,44.60654850205338,58.0,50.75817988888895,64.0,55.40786646517095,44.0,38.710914139490875,53.0,46.901247679626415,41.0,36.23263066628131,49.0,43.582676943171045,51.0,45.54798389384432,44.0,38.9329561613404,True
1252918,2,X3,0.83583,11.008999824523926,132.0,92.91786644919878,155.0,113.23902506453476,171.0,123.8781176156379,123.0,84.5344646724758,146.0,105.76778071513134,119.0,80.95319096184944,139.0,98.01008632895886,128.0,89.38943870654228,129.0,90.16709158107595,True
1252939,3,X3,0.66666,10.52299976348877,160.0,122.3336657257782,185.0,140.85686458353166,200.0,150.4670920830808,151.0,115.41995139162266,174.0,132.6768698286664,147.0,111.5422501811053,167.0,127.36883691889285,156.0,118.59938665581033,157.0,119.53479969614607,True
1253046,3,C1,0.50134,10.501999855041504,76.0,62.56515798411206,92.0,75.85021254364061,88.0,71.0217861709756,63.0,50.672532255201446,86.0,71.3706196343582,64.0,51.58351493231874,73.0,60.00954260075085,74.0,60.637362590035245,70.0,57.00364811137086,True
1253101,4,E1,0.45332,8.612000465393066,23.0,19.801415935246066,25.0,22.082030581294713,36.0,30.88742389389887,19.0,16.65189405674663,24.0,20.80005211405446,20.0,17.605690140128257,22.0,18.849581710772355,22.0,19.586921985335028,23.0,19.801415935246066,True
1253148,3,E2,0.43868,8.82800006866455,29.0,24.661582272347747,39.0,32.45986173417698,45.0,40.55362345222296,27.0,23.76818616912732,34.0,28.692704590886063,24.0,22.2943072610998,32.0,27.414204030419203,30.0,25.614438090166654,29.0,24.616634389564815,True
1253180,2,C3,0.46154,10.861000061035156,198.0,133.8333674244104,223.0,149.7612520711145,217.0,145.47278583533304,189.0,129.90395541091831,205.0,138.38058683881516,186.0,128.81472072812343,203.0,136.54384548708006,191.0,132.98799088821647,189.0,131.13837407955012,True
1253358,3,S2,0.7138,11.340999603271484,47.0,26.591717295465482,61.0,37.103582822152966,57.0,33.24670044512844,40.0,21.5248668472956,56.0,33.366688528755994,39.0,20.570534411805195,50.0,29.25568507282264,48.0,26.95686014564951,43.0,23.98071625980331,True
1253474,2,X1,0.4467,10.996999740600586,50.0,44.72982992166664,58.0,50.82570128060227,64.0,55.40607409087118,44.0,38.842205776858705,53.0,47.01293458749985,41.0,36.416667239728156,49.0,43.71924046915115,51.0,45.67696407837607,44.0,39.061112626424304,True
1253857,3,X3,0.85652,10.720000267028809,128.0,87.77291628393051,151.0,108.30218124069089,167.0,118.07944401965796,119.0,79.68432853497798,142.0,100.31384145660789,115.0,76.11680292523774,134.0,92.52383241995493,124.0,84.32639249166172,125.0,85.26858817101116,True
1253920,4,C1,0.19555,9.43299961090088,27.0,14.085438827428513,30.0,14.957013332904623,37.0,17.327984730407607,26.0,14.89751540640452,29.0,14.220601940661581,25.0,13.901196077543137,27.0,14.085438827428513,27.0,14.085438827428513,26.0,14.943990155108489,True
1253997,1,C2,0.59079,10.392999649047852,73.0,53.62763946700049,82.0,62.339996312774616,89.0,68.31394175858591,60.0,41.78455668375541,80.0,60.07899252038242,60.0,41.62411530775411,70.0,50.76182323512119,66.0,46.97137595680261,59.0,41.38394665523776,True
1254002,1,C2,0.53591,10.69499969482422,75.0,60.831666285825676,84.0,69.00298056132998,91.0,75.1322605907396,62.0,48.64670555557876,82.0,66.89790747404074,62.0,48.65104716490261,72.0,58.11230511119076,68.0,54.21589101648529,61.0,47.992606552495765,True
1254051,1,C2,0.7615,11.145999908447266,60.0,30.592071734328282,69.0,38.649007291391904,78.0,41.93486231690403,47.0,22.96267646293256,67.0,36.00741700610974,47.0,22.11703333287979,57.0,29.33803544373565,53.0,24.914072472833176,46.0,21.68746686429352,True
1254070,3,C2,0.49252,10.684000015258787,75.0,64.69606819687613,84.0,72.12419646793056,91.0,77.8014006328134,62.0,52.95749162150268,82.0,70.29871315713186,62.0,52.97141295598525,72.0,62.24548731835672,68.0,58.30295349066386,61.0,51.66384961302098,True
1254108,2,C3,0.96689,10.901000022888184,143.0,80.83676383356774,170.0,98.33288936854856,169.0,98.16561647807278,132.0,72.61375311976155,151.0,85.56275659924478,124.0,67.18672990659466,146.0,83.56951654101378,135.0,73.41273957618554,131.0,71.48623296037294,True
1254150,0,C3,0.70417,10.237000465393066,201.0,146.72449759300972,235.0,170.0049655954613,230.0,166.7775704195897,189.0,138.5145444311394,210.0,154.24303886154905,181.0,133.9757795251483,207.0,150.800924221507,193.0,140.09302608463673,188.0,137.464453860793,True
1254299,2,X1,0.495,10.866999626159668,50.0,42.445282714306956,58.0,49.23811970469912,64.0,54.25366941530164,44.0,36.70062914001678,53.0,44.86968169414776,41.0,33.89682168024389,49.0,41.416470685185644,51.0,43.36350836888892,44.0,36.9618377006885,True
1254356,2,X2,0.35129,10.248000144958496,48.0,41.3159536808046,73.0,58.854091141036825,75.0,60.790067793684294,42.0,37.018215840571266,55.0,45.414932820352,42.0,37.018215840571266,48.0,41.0472213962017,45.0,39.48471473149025,44.0,38.719385795575185,True
1254670,2,C1,0.50495,10.718999862670898,76.0,62.31182693778693,92.0,75.67941120657717,88.0,70.86796994903781,63.0,50.33206365500136,86.0,71.15770423215744,64.0,51.24698953011907,73.0,59.72606434259155,74.0,60.38076772835083,70.0,56.732548993950786,True
1254671,1,C1,0.47065,9.678000450134276,31.0,26.18661418985936,35.0,29.286872977775868,39.0,35.01379196304511,28.0,24.18784051148681,33.0,28.102506090085594,27.0,23.22839971625502,31.0,26.18661418985936,31.0,26.18661418985936,30.0,25.19768452134822,True
1254762,2,C2,0.39827,9.977999687194824,25.0,21.264127822792165,32.0,24.414815921883903,39.0,31.92673780256242,20.0,17.46298567168246,27.0,22.489285305545394,19.0,17.107893018121516,25.0,21.264127822792165,24.0,20.309423634001384,24.0,20.730770588544058,True
1255008,1,E1,0.4438,10.883999824523926,50.0,45.63749680032115,66.0,57.679030695681696,63.0,54.83923293487613,47.0,43.303023445172094,55.0,50.18716068583289,46.0,42.388420706408645,54.0,49.545787916718055,47.0,43.2944140718287,44.0,39.680091561967444,True
1255130,3,E2,0.62411,10.597999572753906,48.0,32.996156339951504,60.0,44.00301192358434,66.0,48.81559736517248,43.0,28.709868134859356,57.0,41.54858679854288,42.0,27.478858617497167,52.0,36.68308650048294,47.0,32.626286945732936,42.0,27.820786539550937,True
1255139,0,C3,0.64989,9.246000289916992,48.0,35.83080267794498,58.0,41.95527466627357,71.0,52.71916540982213,46.0,35.18356615506628,50.0,36.071063509242094,45.0,35.100555328755846,50.0,36.339787590785285,46.0,34.90132890009084,46.0,34.09283357911497,True
1255169,0,C3,1.0468,11.291999816894531,118.0,53.622413779798705,142.0,67.35181732394175,138.0,68.61084719948202,108.0,47.25626775449854,126.0,57.24077325728675,100.0,42.8482333534518,122.0,56.165031677059474,109.0,46.99612213506342,106.0,45.2885831202755,True
1255312,0,S1,0.35561,10.57699966430664,57.0,47.234836349563025,71.0,56.056051896346816,68.0,55.27602250294696,47.0,40.6761711923452,62.0,50.01837744599973,48.0,41.559555482836934,59.0,49.709997887481315,55.0,45.69374330959041,50.0,42.89619143197839,True
1255382,2,S2,0.58055,9.460000038146973,23.0,17.755555209275652,30.0,24.23320820787899,32.0,26.891282169520547,21.0,15.837683612376718,26.0,20.27368450162094,21.0,15.837683612376718,23.0,17.376747055165183,24.0,18.721795463633775,19.0,13.899542226860838,True
1255399,4,S2,0.38137,10.741000175476074,58.0,50.04752364281201,73.0,60.1775122705171,70.0,61.63484419418973,51.0,45.331921158720476,67.0,56.73426295287666,50.0,44.51727107178089,61.0,51.905598732390736,59.0,51.06045749282006,53.0,46.32018328453278,True
1255412,3,S2,0.37202,10.47599983215332,58.0,49.75908620229787,73.0,59.67180183221352,70.0,61.27409891868927,51.0,45.24309651296735,67.0,56.30713883105827,50.0,44.46658526134171,61.0,51.5740998748356,59.0,50.75159947333478,53.0,46.080980665204216,True
1255470,4,X1,0.46877,10.906999588012695,50.0,43.984919865804684,58.0,50.35767231254541,64.0,55.210451009246725,44.0,38.10798128579702,53.0,46.32243508789498,41.0,35.47006067463397,49.0,42.93619602034293,51.0,44.91048043602441,44.0,38.33862306112801,True
1255487,1,X1,0.45012,9.512999534606932,36.0,31.83096934869926,38.0,34.346399221045786,42.0,38.40165079415224,31.0,27.055508887393536,41.0,35.22755576751539,31.0,27.055508887393536,37.0,32.61067970682286,36.0,31.83096934869926,36.0,31.05845768741623,True
1255523,3,X1,0.55536,10.821999549865724,50.0,36.86193632532976,58.0,44.6419060942254,64.0,49.16476691338895,44.0,31.466135270887495,53.0,39.597777739050954,41.0,28.679584653864207,49.0,36.00216401937515,51.0,37.833314895159525,44.0,32.04193004160754,True
1255545,1,X1,0.60182,11.098999977111816,48.0,31.80246639320974,56.0,39.777299115752776,62.0,43.36436921105236,42.0,26.419564325523083,51.0,34.740555978707896,39.0,23.899750616408685,47.0,30.995829569092333,49.0,32.80237212199948,42.0,27.417440874320103,True
1255576,4,X2,0.2801,10.8149995803833,48.0,37.59387508899664,73.0,50.484847023369255,75.0,52.33799781629832,42.0,34.6916923015637,55.0,40.32586608040338,42.0,34.6916923015637,48.0,37.4058445637791,45.0,36.34790768137718,44.0,35.89852756341825,True
1255730,1,X3,0.69107,9.720999717712402,70.0,50.162191474296435,75.0,50.778840315770374,80.0,58.83835051310874,67.0,46.82313936328794,73.0,51.89563439115936,66.0,45.85330379974462,72.0,50.48085875116293,70.0,48.98363574739321,69.0,48.76938573766505,True
1255735,2,X3,0.36463,8.27999973297119,67.0,42.702426866373514,69.0,47.64260110767563,69.0,44.84828805343781,66.0,42.96559549936652,68.0,44.101357651467865,65.0,42.90206660792455,68.0,44.101357651467865,66.0,43.033138865334536,66.0,43.07400200081476,True
1255737,3,X3,0.91896,9.866999626159668,49.0,30.142858217882587,50.0,28.137736847200372,61.0,36.673672041076415,45.0,27.152811939530384,51.0,31.612219887581617,43.0,25.561393474662214,50.0,30.7668088324978,48.0,29.68086095910516,47.0,28.790547936009254,True
1255824,3,X3,0.81852,11.288999557495115,135.0,96.9674619793065,159.0,117.15718520489541,174.0,128.30901248029127,126.0,88.43064547513264,149.0,110.00488711513351,122.0,84.8170057190046,142.0,102.27034809996631,131.0,93.35955884006538,132.0,94.03854850017565,True
1255974,1,C2,0.34311,11.27400016784668,75.0,59.87012633959519,84.0,62.62413430154713,89.0,66.89719035816994,62.0,52.835430687637945,81.0,62.940207494763165,62.0,53.15489542404538,72.0,57.976491353511506,68.0,56.43613397384426,61.0,50.51644700308439,True
1256332,0,X3,0.47803,9.949000358581545,73.0,49.94782504780265,73.0,54.43609811904772,78.0,53.48647760619353,70.0,49.167034050322066,75.0,50.90655777979409,69.0,48.823129329228266,73.0,50.73062138932128,72.0,49.59106443120617,72.0,49.54954035888642,True
1256335,1,X3,0.61939,9.479999542236328,74.0,54.31879653435409,77.0,55.45918986778633,83.0,60.24634228684163,71.0,51.93024035190938,77.0,56.11066851625334,70.0,50.95635902338031,76.0,55.07708783341784,74.0,53.41675395154416,73.0,53.407253071159104,True
1256432,0,C2,0.5113,10.111000061035156,75.0,63.293335432029764,84.0,71.08639359006612,91.0,77.00807337776297,62.0,51.27896930653716,82.0,69.11080497556961,62.0,51.29900847154052,72.0,60.72171402854758,68.0,56.77539376466922,61.0,50.295295190973484,True
1256505,4,S2,0.55626,10.347999572753906,58.0,43.24569909715282,73.0,55.516929629302545,70.0,52.001855026082175,51.0,36.492973188155524,67.0,51.3830679769876,50.0,35.59592451147797,61.0,45.62797671969281,59.0,43.59438570799128,53.0,39.06701152562637,True
1256570,0,C3,0.34548,10.286999702453612,172.0,100.62218038275792,191.0,111.44161121535362,185.0,109.62032300875546,167.0,98.49960046373602,177.0,102.84751578086181,166.0,98.04610910166109,175.0,103.00977433892851,171.0,100.79711147606476,167.0,98.95015971951537,True
1256596,1,C3,0.68138,10.277999877929688,204.0,149.9336629921505,238.0,172.85603836208688,232.0,169.77553186711953,192.0,142.01524409866093,213.0,157.23803721811743,184.0,138.02715812950385,210.0,153.96417676321718,196.0,143.73818111035797,191.0,141.14461067273078,True
1256680,0,X1,0.29438,9.704999923706055,35.0,26.173158442814522,38.0,27.128119651154776,42.0,30.657802206012832,30.0,23.786144591413212,39.0,28.347203635323144,30.0,23.786144591413212,36.0,26.62572221234011,35.0,26.173158442814522,35.0,25.407474862092794,True
1256764,1,X2,0.55649,10.51099967956543,46.0,34.615852969532405,71.0,57.88462478975787,73.0,59.76517745668334,40.0,28.939119019557065,53.0,41.22553195609718,40.0,28.939119019557065,46.0,34.612857975833705,43.0,31.685872362169846,42.0,30.792109244613222,True
1256807,0,X3,0.61943,11.107000350952148,163.0,126.11962024815543,187.0,143.18216699646717,201.0,151.43134696899537,154.0,120.17807571117645,177.0,134.4527206627434,150.0,116.60929749461461,170.0,130.68580148374343,159.0,122.7271210701615,160.0,123.66774465107409,True
1256817,3,X3,0.47982,10.81999969482422,162.0,118.32335858564753,184.0,126.67262445164826,194.0,135.57141054227264,155.0,115.58264725762606,174.0,121.20118684866439,151.0,114.02698021072888,167.0,121.68247497833053,158.0,116.51134230498619,159.0,116.75221519078492,True
1256819,1,X3,0.58576,9.357999801635742,74.0,54.330337308162,77.0,56.081235286884954,83.0,59.239158032292906,71.0,52.39352270226386,77.0,55.89325332840387,70.0,51.52026209406859,76.0,55.132833442791316,74.0,53.572584651948915,73.0,53.57251202078488,True
1256823,3,X3,0.44084,9.312999725341797,73.0,47.94439636468963,73.0,53.01437192819288,78.0,51.20667148220222,70.0,47.502271589994855,75.0,48.98925387261112,69.0,47.29062970364681,73.0,48.89926263752931,72.0,47.77684464775283,72.0,47.75679365236204,True
1256933,0,C1,0.35284,10.57699966430664,76.0,56.49573744920386,91.0,65.39979268970038,88.0,61.55703752661458,63.0,50.16247700568387,86.0,61.79673668040047,64.0,51.14558736816023,73.0,54.717306439366276,74.0,55.98404989122798,70.0,53.771869490070806,True
1257016,1,E1,0.33743,9.746000289916992,23.0,17.758997578656047,25.0,19.95906995925257,35.0,27.80269614016624,19.0,15.269841514660635,24.0,18.393783089303167,20.0,16.207799857205533,22.0,16.84230798057499,22.0,17.72834912144753,23.0,17.758997578656047,True
1257022,3,E1,0.38683,10.592000007629396,50.0,44.89173144322575,66.0,55.60709793594623,63.0,52.32206564035073,47.0,42.833748870804385,55.0,49.20729847859235,46.0,42.13910155255993,54.0,48.8167564842323,47.0,42.942095325212556,44.0,39.29876048482661,True
1257040,1,E1,0.35177,10.689000129699709,50.0,42.60730576196505,65.0,52.64995879742441,63.0,49.26846108771167,47.0,40.83675843249635,55.0,46.49763572693083,46.0,40.31086190013806,54.0,46.32019153142338,47.0,40.91516647832109,44.0,37.58850066943761,True
1257102,0,E2,0.4733,9.460000038146973,29.0,25.13512777035329,39.0,33.19815881059393,45.0,41.18671281779519,27.0,23.88022918694132,34.0,29.692713307115163,24.0,21.919921292496284,32.0,28.106653377617306,30.0,26.135007761370478,29.0,25.187750295850293,True
1257216,3,S2,0.65434,10.291999816894531,53.0,32.77276862485413,67.0,44.67474225247678,64.0,40.07273755509254,46.0,26.93037347300265,62.0,40.60179494116816,45.0,26.05416997600655,56.0,35.668533119114414,54.0,33.08605222071382,48.0,29.32910267765811,True
1257335,1,C1,0.4841,10.064000129699709,76.0,63.51267878225915,92.0,76.39551593641711,88.0,71.50079754943839,63.0,52.09611343728179,86.0,72.0955568287393,64.0,52.99480054948078,73.0,61.11118699432847,74.0,61.6367246318167,70.0,58.0504608069308,True
1257356,4,C1,0.33257,10.168999671936035,76.0,54.326233342953415,90.0,62.39359027383795,88.0,58.94058496451396,63.0,48.732206694220984,85.0,59.00520971777478,64.0,49.67546591137019,73.0,52.570846863845844,74.0,53.90827258561884,70.0,52.194848177307954,True
1257366,0,C1,0.21136,10.760000228881836,69.0,41.02274063675092,80.0,44.34873238931966,75.0,43.1592325410793,61.0,38.91912826946687,76.0,42.90344656826323,62.0,39.36844072271211,68.0,39.79889268595449,68.0,40.455496822652414,65.0,41.16216161577418,True
1257419,3,C2,0.40361,10.484000205993652,75.0,64.76558415966856,84.0,69.55581069792386,91.0,74.08785353460267,62.0,55.639620743771886,82.0,69.03045975142861,62.0,55.694126126013266,72.0,62.708770225826754,68.0,59.798664675968794,61.0,53.20016326045742,True
1257533,4,C3,0.22953,9.987000465393066,27.0,13.717158015236558,34.0,15.3098607082861,43.0,24.46463920262024,27.0,13.717158015236558,27.0,13.717158015236558,27.0,13.717158015236558,27.0,13.717158015236555,27.0,13.717158015236558,27.0,13.717158015236558,True
1257602,0,C3,0.52211,8.847999572753906,44.0,32.19109061264516,51.0,38.64222181922813,67.0,49.530374682565196,43.0,32.08732604387741,44.0,32.19109061264516,43.0,32.08732604387741,45.0,32.261890537157974,42.0,32.04000327721929,42.0,31.363444317773975,True
1257605,1,C3,0.74535,10.659000396728516,194.0,139.70067455947895,227.0,163.55100193782386,223.0,159.73627457594517,182.0,131.08124985531046,203.0,147.49949540840362,174.0,125.59024736565314,200.0,143.8466054822432,186.0,132.5434130831917,181.0,129.7161909605725,True
1257695,0,E1,0.18383,9.708000183105469,21.0,11.26239303733537,23.0,12.347357518770803,31.0,14.670313552110406,18.0,9.950302061315398,22.0,11.362322161238387,19.0,10.949750406106858,20.0,10.263842362590424,21.0,11.262393037335366,21.0,11.26239303733537,True
1257905,4,S1,0.61393,8.053000450134277,29.0,20.226109898506802,39.0,28.646509903262597,39.0,28.262261329508895,25.0,17.07353668086578,32.0,23.02848110703922,25.0,17.07353668086578,30.0,21.220756889280302,28.0,19.99964892855427,30.0,21.220756889280302,True
1257934,0,S1,0.29648,9.715999603271484,29.0,24.052893039358707,38.0,30.223248525243292,39.0,30.8080211221227,25.0,22.303603395565244,32.0,26.038190816731934,25.0,22.303603395565244,30.0,24.938331494218687,28.0,23.776143776501563,30.0,24.938331494218687,True
1258061,0,S2,0.45831,10.840999603271484,58.0,49.901443952899854,73.0,61.25719102758337,70.0,60.87718585821846,51.0,43.7469322709758,67.0,57.40917288553189,50.0,42.749684730547315,61.0,51.94695436566753,59.0,50.76076749747608,53.0,45.88592933128727,True
1258090,2,S2,0.36656,10.140000343322754,58.0,49.56181500158278,72.0,59.3108563681903,70.0,61.019789502992104,51.0,45.16321729200818,66.0,55.99653101034524,50.0,44.409938568907,60.0,51.32165853960987,59.0,50.5391064150235,53.0,45.91512326227419,True
1258118,3,S2,0.62518,9.82199954986572,22.0,16.590070638494467,29.0,23.262271264982406,31.0,25.23439050859299,20.0,14.755212899671285,25.0,19.341045280245805,20.0,14.755212899671285,22.0,16.476428586785055,23.0,17.53354506384918,18.0,12.752249289763272,True
1258289,1,X2,0.50509,11.258999824523926,48.0,38.861768383375306,73.0,62.33802116520875,75.0,64.21820979039877,42.0,33.09578578018741,55.0,45.31666984759759,42.0,33.09578578018741,48.0,38.66077449034242,45.0,35.94385218564998,44.0,34.99043502638268,True
1258309,2,X2,0.47616,9.048999786376951,33.0,29.59292402511302,41.0,36.533117808218584,47.0,42.79327500411513,31.0,27.948884766745312,36.0,31.736103779662134,30.0,26.95220447654735,36.0,31.896945528825547,35.0,30.154907322675026,30.0,26.96301525518049,True
1258330,2,X2,0.52473,9.66100025177002,33.0,27.91678154850448,41.0,35.264374584730064,47.0,40.44739101248747,31.0,26.027545595333343,36.0,30.237522722997564,30.0,25.068070027369284,36.0,30.455279371756376,35.0,28.652033881101683,30.0,25.265678290337256,True
1258422,3,X3,0.52105,10.35200023651123,164.0,124.58800326990868,187.0,136.047020753618,200.0,144.2082185775634,156.0,120.85783724602261,177.0,128.84974459736637,152.0,118.63794835550314,171.0,128.4319015708376,160.0,122.26326848231015,161.0,122.74192624294402,True
1258433,1,X3,0.61445,9.56700038909912,74.0,54.395140888861896,77.0,55.60698408727985,83.0,60.150569238561516,71.0,52.07539232457048,77.0,56.16204052389733,70.0,51.111529187705784,76.0,55.16779163410236,74.0,53.51545776887938,73.0,53.51036234432941,True
1258802,3,E1,0.54947,10.440999984741213,50.0,39.5108617216915,66.0,54.49538390349521,63.0,51.50024711456765,47.0,36.79234301463176,55.0,43.81455299084655,46.0,35.812025982230715,54.0,42.946510378290085,47.0,36.880622544527355,44.0,33.85818004021594,True
1258906,1,E2,0.34918,8.927000045776367,29.0,21.831419410759743,39.0,27.85594578287261,45.0,35.20738972198748,27.0,21.56054561944919,34.0,23.87509102203841,24.0,21.032801428185454,32.0,23.360828280872383,30.0,22.401452346114873,29.0,21.275731937617675,True
1258940,0,S1,0.42593,10.845000267028809,57.0,48.167833580388056,72.0,59.7094764186706,68.0,57.87165839671511,47.0,40.17389140473934,62.0,52.23773530390069,48.0,40.786683941811965,59.0,50.56296134103181,55.0,46.33544939053639,50.0,42.37360368513351,True
1259006,3,X2,0.5279,8.95199966430664,33.0,27.796624789860218,41.0,35.162771018823776,47.0,40.27582779288806,31.0,25.892506057461194,36.0,30.12863343931381,30.0,24.93632995385111,36.0,30.349042452327833,35.0,28.542472267127224,30.0,25.150546511579513,True
1259246,1,C2,0.22284,10.972999572753906,69.0,45.22414960559119,75.0,45.434095993521574,82.0,49.24881321131882,60.0,41.32430285333877,74.0,46.285459300286035,60.0,42.10438685544566,68.0,44.028532303036535,64.0,44.22206738698704,58.0,39.936378899339616,True
1259352,3,C3,0.21986,10.463000297546388,123.0,64.83450513060967,136.0,70.80739178183981,131.0,68.6072353009891,120.0,63.654794138935465,128.0,65.63610923286551,119.0,63.571342043771196,126.0,66.61696256053972,123.0,64.90268765957744,122.0,64.03729693483982,True
1259511,3,X3,0.3271,10.824000358581545,139.0,76.38795673437465,149.0,79.02263457032308,159.0,84.08855226712423,136.0,76.02641127394011,141.0,76.65846188306224,135.0,75.91958426811112,142.0,78.07293087222837,137.0,76.0817241472722,137.0,76.01502871213054,True
1259538,2,X3,0.51244,9.24899959564209,73.0,51.66368160190752,74.0,55.336412230626244,82.0,55.52057420287938,70.0,50.552348776097176,75.0,52.675650896398444,69.0,50.04818212440791,73.0,52.36482313693906,72.0,51.156607891646246,72.0,51.12637470681145,True
1259561,3,X1,0.56751,10.604999542236328,50.0,35.55497248469811,58.0,43.45744527896402,64.0,47.75867649887113,44.0,30.18639835035645,53.0,38.35622735411151,41.0,27.457240803225613,49.0,34.72190957314192,51.0,36.53882201048367,44.0,30.867030376474613,True
1259667,1,C3,0.65871,10.095000267028809,204.0,152.46430988986648,239.0,175.04369104041544,231.0,171.88745550416843,193.0,144.90092260174163,213.0,159.54811873999148,185.0,141.44606649360964,211.0,156.4715581180564,197.0,146.8075242897678,191.0,144.19617989539898,True
1259771,4,S1,0.53232,9.19200038909912,29.0,23.967282704669035,39.0,32.58629584042806,39.0,32.95375518684269,25.0,20.09275222486946,32.0,26.941299559245696,25.0,20.09275222486946,30.0,24.953232867886925,28.0,23.21426348525608,30.0,24.953232867886925,True
1260000,0,S2,0.5506,9.819000244140623,23.0,18.49906770130317,30.0,24.83309132839906,32.0,27.749883889705796,21.0,16.531536856742573,26.0,20.88353672489429,21.0,16.531536856742573,23.0,17.951816592088054,24.0,19.48316284721196,19.0,14.705079743075705,True
1260030,0,S2,0.45811,10.41100025177002,58.0,49.90792534771239,73.0,61.261347558335764,70.0,60.88759358047451,51.0,43.75635244004163,67.0,57.41402725451046,50.0,42.759208759863654,61.0,51.95312654328842,59.0,50.768303893529556,53.0,45.893064243256035,True
1260050,0,S2,0.27278,10.505999565124512,58.0,43.04392367549603,71.0,49.63145793291509,70.0,52.30446346014356,51.0,40.603822447789696,66.0,47.523457525812326,50.0,40.262136240087756,60.0,44.12226117644203,59.0,43.6655211829004,53.0,40.28561376153386,True
1260105,3,X1,0.6941,10.857000350952148,45.0,23.17819951689127,53.0,29.068035594300408,59.0,31.289409299951732,39.0,17.673345876396212,48.0,25.726598773978722,36.0,15.79954536098735,44.0,22.149675431507394,46.0,24.028939053920556,39.0,19.136392232598865,True
1260241,2,X3,0.33336,11.029000282287598,140.0,78.02633472211106,151.0,80.71253221483317,162.0,86.0909143666973,137.0,77.62718468142184,143.0,78.35601742295331,135.0,77.47807014879076,143.0,79.73792638300786,138.0,77.69177595105229,139.0,77.65262628668167,True
1260427,1,X3,0.8175,10.74899959564209,135.0,97.19400266364921,159.0,117.37494403462289,174.0,128.5531708992743,126.0,88.65082369820438,149.0,110.2400892379975,122.0,85.0346488571598,142.0,102.50767020171307,131.0,93.5812021493876,132.0,94.25565117634105,True
1260461,0,X3,0.85855,10.668999671936035,128.0,87.26643964666246,151.0,107.81478661915573,167.0,117.49726644592724,119.0,79.21334573973596,142.0,99.77265293350241,115.0,75.64598944800942,134.0,91.98505391744277,124.0,83.82708790032426,125.0,84.78756690946987,True
1260522,0,X3,0.74133,10.571000099182127,152.0,112.34060013829429,176.0,131.92930291527153,192.0,143.49515863880333,143.0,104.12635458015775,166.0,124.99927588275595,139.0,100.25574930425054,160.0,117.9724554526744,148.0,108.44897367788226,149.0,109.13177363320477,True
1260551,1,C1,0.55236,10.076000213623049,75.0,57.69067362353346,91.0,72.02805616069692,87.0,67.47861975768403,62.0,45.01165260169215,85.0,66.89794961311074,63.0,45.991246168266606,72.0,54.85181410454962,73.0,55.90107122028824,69.0,51.889971775639914,True
1260556,2,C1,0.27437,10.381999969482422,76.0,48.208642917582644,89.0,53.88501020954903,83.0,51.45056005300016,63.0,44.45470788169681,85.0,51.38194627483503,64.0,45.18768230371793,73.0,46.60393695580028,74.0,47.78527210714973,70.0,47.473563908325396,True
1260568,2,C1,0.53805,10.39900016784668,76.0,59.295106546449276,92.0,73.36970778449849,88.0,68.7397405464156,63.0,46.738660891347294,86.0,68.42363336088036,64.0,47.69963317345014,73.0,56.49909594761321,74.0,57.43478763902874,70.0,53.5645202903884,True
1260605,3,C1,0.55534,10.338000297546388,75.0,57.34908514159219,91.0,71.73664122642212,87.0,67.20354242281601,62.0,44.65395793822371,85.0,66.56972906136136,63.0,45.63684064146712,72.0,54.50532441716383,73.0,55.575889700887224,69.0,51.53331739857843,True
1260645,4,C2,0.67405,10.718000411987305,71.0,41.7463740072656,80.0,50.66284892302794,87.0,55.372700676961266,58.0,31.74942725879922,78.0,48.15443448346769,58.0,31.172077749092406,68.0,39.38942113108542,64.0,35.40834158584287,57.0,30.841475616372993,True
1260889,3,E2,0.52885,10.477999687194824,53.0,41.90200607887522,66.0,52.356506500467866,72.0,57.3357242855272,48.0,37.4572714979446,62.0,50.29893150289012,47.0,36.71131780403733,57.0,44.90666475883782,52.0,40.84561924554612,47.0,36.50639177843743,True
1260949,0,E2,0.41568,9.220999717712402,29.0,24.119939457356775,39.0,31.607870581643045,45.0,39.64940789839408,27.0,23.436385876153043,34.0,27.668483376254304,24.0,22.261970712979632,32.0,26.6101576303247,30.0,24.99859749526581,29.0,23.95562635206462,True
1260954,1,E2,0.69873,9.72599983215332,28.0,15.270372809796337,37.0,23.530889472749287,44.0,28.331105998605782,26.0,13.531006777540481,33.0,20.144788962121208,23.0,11.222392060180615,31.0,18.25303080127589,29.0,16.27036655786333,28.0,15.804545521139174,True
1261173,4,C1,0.47377,9.932000160217283,31.0,26.157592527057158,35.0,29.255991164025247,39.0,34.97556422799316,28.0,24.12054752423802,33.0,28.082264809245185,27.0,23.168153210445716,31.0,26.157592527057158,31.0,26.157592527057158,30.0,25.15410839395452,True
1261193,2,C1,0.19246,9.993000030517578,27.0,13.933202894807264,30.0,14.800158330121535,37.0,17.135037669919196,26.0,14.752173363813395,29.0,14.06188067929899,25.0,13.75739706157813,27.0,13.933202894807264,27.0,13.933202894807264,26.0,14.796898819269634,True
1261233,0,C3,0.53166,9.281000137329102,44.0,32.63284258553454,51.0,39.10034121754551,67.0,50.060449615780826,43.0,32.511470770062736,44.0,32.632842585534554,43.0,32.511470770062736,45.0,32.71659274283651,42.0,32.454922744211025,42.0,31.731270102664226,True
1261259,2,C3,0.52723,10.125,202.0,148.73986194027324,231.0,167.62025960103227,227.0,162.15468161875745,193.0,143.50659167475584,210.0,154.52220432421842,188.0,142.01699286068774,207.0,151.88487188145885,195.0,146.50096835082533,192.0,144.46377642731062,True
1261456,3,X1,0.62162,10.6850004196167,48.0,29.755757309551704,56.0,37.56061527449471,62.0,40.73928867125419,42.0,24.33134662322403,51.0,32.71909112338045,39.0,21.951621584262796,47.0,28.931221191517313,49.0,30.7470193929068,42.0,25.49487662623926,True
1261503,0,X2,0.35211,10.758000373840332,48.0,41.3463547763479,73.0,58.9367912815256,75.0,60.872052722954784,42.0,37.03359576765188,55.0,45.46206948416638,42.0,37.03359576765188,48.0,41.07660084843046,45.0,39.50815545950094,44.0,38.73934095093016,True
1261579,3,X3,0.32214,11.220999717712402,138.0,75.10769968767079,147.0,77.70100837478134,157.0,82.55230508215226,135.0,74.77379810575762,140.0,75.35883341844615,134.0,74.675462919324,141.0,76.77341130227951,136.0,74.82252745563196,136.0,74.75988770522493,True
1261784,1,C1,0.26523,10.121999740600586,75.0,47.21518926303864,88.0,52.5309413087904,83.0,50.31070403940342,63.0,43.7428162067394,84.0,50.18207380790724,64.0,44.435212380615326,72.0,45.64933604407348,73.0,46.768130285647224,69.0,46.64562301222965,True
1261963,3,S1,0.27963,11.300999641418455,57.0,43.74586775418076,71.0,49.59160635608045,66.0,48.99168441284474,47.0,39.21636398557016,62.0,45.228062076335654,48.0,40.21539167898337,59.0,45.778877119071765,55.0,42.556561451254254,50.0,40.694949760303835,True
1262016,2,X3,0.46694,9.421999931335447,73.0,49.369385875103646,73.0,54.07373042952349,78.0,52.84211442202366,70.0,48.690820582999436,75.0,50.33996883488368,69.0,48.39105324099146,73.0,50.19507652657824,72.0,49.06541792697776,72.0,49.02715889419816,True
1262055,3,C1,0.58072,9.927000045776367,31.0,23.78825532296706,35.0,26.696225269010903,39.0,31.102987812660214,28.0,20.545249324348706,33.0,25.705387509376685,27.0,20.023399760133863,31.0,23.78825532296706,31.0,23.78825532296706,30.0,22.439457310585162,True
1262084,1,C1,0.4536,10.739999771118164,76.0,63.98361145359273,92.0,76.12747336514568,88.0,71.20323286717019,63.0,53.61178035811958,86.0,72.04036689532671,64.0,54.52165226580075,73.0,61.8523836148256,74.0,62.34674600166597,70.0,58.81071973378227,True
1262131,1,C2,0.33802,10.222999572753906,75.0,59.34921957538856,83.0,61.9236326289611,89.0,66.21767169824976,62.0,52.475472165568355,81.0,62.319247385324616,62.0,52.82249966322706,72.0,57.4730515494122,68.0,56.04480799503527,61.0,50.19185956482012,True
1262135,1,C2,0.38328,10.838000297546388,75.0,63.43848541010398,84.0,67.51703969964501,91.0,71.92839543092909,62.0,55.03974544707181,82.0,67.32041785115626,62.0,55.16427880327241,72.0,61.43239267690217,68.0,58.968842878254144,61.0,52.56339409719763,True
1262252,4,E1,0.45294,9.545000076293944,23.0,19.805253490026917,25.0,22.0862371997157,36.0,30.89058968592333,19.0,16.65536024498031,24.0,20.803765238612772,20.0,17.610047690848468,22.0,18.8524590399152,22.0,19.591836516328712,23.0,19.805253490026917,True
1262550,4,S2,0.29209,10.446000099182127,58.0,44.84473722950156,72.0,52.18875137001122,70.0,54.67868683318774,51.0,42.025158908120986,66.0,49.79138116615511,50.0,41.60629737050153,60.0,46.086927028153376,59.0,45.52052088395028,53.0,41.858026253174636,True
1262573,0,S2,0.23747,11.152000427246094,57.0,39.227537001556,69.0,44.50060498448383,70.0,47.44352472565563,51.0,37.445945412378244,65.0,42.82793663919758,50.0,37.22252566921099,59.0,40.01513786228872,58.0,39.821862231647565,53.0,36.91779802207426,True
1262726,0,X3,0.25378,10.8100004196167,117.0,59.326335281900505,119.0,61.703079385826044,132.0,64.33001683841307,116.0,59.273738708345164,118.0,59.397851340692725,116.0,59.27373870834515,120.0,60.79012606139968,117.0,59.278785660934595,116.0,59.22818770529641,True
1262736,2,X3,0.52929,10.722999572753906,165.0,125.41168001265692,187.0,137.43750929884445,200.0,145.43983639064533,156.0,121.45713411931342,178.0,129.97391921603446,152.0,119.10307918565591,172.0,129.3226245183153,161.0,122.98518399422697,161.0,123.48384552405966,True
1262746,2,X3,0.23079,10.482999801635742,106.0,54.644904708127,108.0,57.00501500247851,119.0,59.022524866664604,106.0,54.63694459915819,107.0,54.69290602188541,106.0,54.6369445991582,109.0,55.99958475905762,106.0,54.610882547481054,105.0,54.57762395446416,True
1262803,2,X3,0.61343,10.758000373840332,163.0,126.43064525791065,187.0,143.25664597942057,201.0,151.37611892995676,154.0,120.61523834414541,177.0,134.49977982468616,150.0,117.10459345197484,170.0,130.94408937621986,159.0,123.09172436644543,160.0,124.01977740953936,True
1263039,3,X1,0.65514,10.211000442504885,48.0,26.532484627797956,56.0,33.68384983432463,62.0,36.28727983454424,42.0,21.036689922562424,51.0,29.412751385824325,39.0,18.899201925110944,47.0,25.6322501270202,49.0,27.477641342192857,42.0,22.406447796090713,True
1263062,1,X1,0.50827,10.234999656677246,50.0,41.421207624391116,58.0,48.44967102018672,64.0,53.4615683294946,44.0,35.76703056574628,53.0,43.90289578222999,41.0,32.92060870181754,49.0,40.4230021038385,51.0,42.3446741341248,44.0,36.06372195315897,True
1263090,2,X1,0.65206,10.800999641418455,48.0,26.814152875315404,56.0,34.04390893947482,62.0,36.69176046730534,42.0,21.323362814174356,51.0,29.70947545495805,39.0,19.163736974569375,47.0,25.922687777415977,49.0,27.765073091953017,42.0,22.678879247398097,True
1263139,1,C1,0.72737,9.435999870300291,26.0,16.625759598810916,30.0,20.008363849382647,36.0,22.815833678813863,23.0,13.291090883701587,28.0,18.58251926648771,22.0,13.198998234572482,26.0,16.625759598810916,26.0,16.625759598810916,25.0,14.720795884571006,True
1263197,1,C2,0.33778,10.142999649047852,75.0,59.3243447587353,83.0,61.89173477582121,89.0,66.18542078309417,62.0,52.45810954447407,81.0,62.289662471609596,62.0,52.80644165310568,72.0,57.44902358447481,68.0,56.026011048995024,61.0,50.17622344301924,True
1263244,4,E2,0.45799,10.96399974822998,53.0,44.534934641401996,66.0,54.06400529402796,72.0,58.200586212817946,48.0,40.31307677594413,62.0,51.482872495862196,47.0,39.87384249449186,57.0,47.00237826930932,52.0,43.61268189140441,47.0,39.337511862697944,True
1263369,3,S1,0.31251,10.477999687194824,57.0,45.547004155338364,71.0,52.62702353573887,68.0,52.024558377571175,47.0,40.121845076246586,62.0,47.54425564586934,48.0,41.10393779579761,59.0,47.800926518149815,55.0,44.199933677538716,50.0,41.988385321074006,True
1263580,1,E1,0.58276,9.762000083923342,23.0,16.558893979407646,25.0,18.799013382357433,36.0,28.303574171469684,19.0,13.50008335897543,24.0,17.503003550428655,20.0,13.891296837547335,22.0,16.173509665081742,22.0,15.806032317501375,23.0,16.558893979407646,True
1263715,1,S2,0.29185,8.720000267028809,23.0,16.04060569995528,29.0,19.357992967615438,32.0,22.058455395999214,21.0,15.361597643030489,25.0,17.027454234291753,21.0,15.361597643030489,22.0,15.636821583527409,24.0,16.40763030388388,19.0,14.581980288557459,True
1263788,4,C3,0.75729,11.32699966430664,193.0,137.45280364943685,225.0,161.41649450221354,221.0,157.41363889523274,181.0,128.74571283064725,202.0,145.28876335754958,173.0,123.00467981330864,198.0,141.58888336960052,185.0,130.21372327487106,180.0,127.29218146105669,True
1263829,0,C1,0.5007,10.996000289916992,76.0,62.60820470876982,92.0,75.87855561243272,88.0,71.04721298491735,63.0,50.731499607251266,86.0,71.40628608385502,64.0,51.641825467350934,73.0,60.05803616992833,74.0,60.68125240788746,70.0,57.04992291894922,True
1263856,1,C1,0.69783,10.715000152587892,64.0,40.7804935773195,80.0,54.80196848558571,75.0,50.62034756867271,51.0,29.897364955115513,74.0,49.553407470200085,52.0,30.686702949453416,61.0,38.898042340588454,62.0,39.52921467546293,58.0,34.56559428490306,True
1264039,3,C3,0.4246,9.161999702453613,41.0,27.708304042303762,47.0,33.18443113974557,59.0,43.32539123750604,41.0,27.708304042303762,41.0,27.708304042303762,41.0,27.708304042303762,41.0,27.70830404230376,41.0,27.70830404230377,39.0,27.42492609429618,True
1264049,1,S1,0.54397,9.291000366210936,29.0,23.456853246396328,39.0,32.1659394903392,39.0,32.35515960151873,25.0,19.637131407414692,32.0,26.44230328641999,25.0,19.637131407414692,30.0,24.447309582540083,28.0,22.761299024013613,30.0,24.447309582540083,True
1264068,0,S1,0.33054,10.23799991607666,57.0,46.346511152217126,71.0,54.145184564105,68.0,53.49359573783908,47.0,40.43588400509774,62.0,48.6605870846471,48.0,41.38619323379183,59.0,48.708175003987336,55.0,44.916879645541854,50.0,42.478229658735216,True
1264375,4,X3,0.49572,10.25,163.0,121.19530582338892,186.0,130.75363156559618,197.0,139.39422077458562,155.0,118.05607838637198,176.0,124.59437158623025,151.0,116.24921879060811,169.0,124.77111815454384,160.0,119.21490301675823,160.0,119.50840438536815,True
1264434,3,X3,0.31075,11.026000022888184,138.0,72.30835290124628,145.0,74.83345339504154,153.0,79.16014026164306,135.0,72.03106643032177,140.0,72.5193984704997,134.0,71.95002910636616,141.0,73.93484230342804,136.0,72.0669990230575,136.0,72.01302783724397,True
1264499,1,X2,0.44841,10.595000267028809,48.0,41.8454372146494,73.0,64.26647043611989,75.0,66.09599550028459,42.0,36.27391602407999,55.0,47.724587155945194,42.0,36.27391602407999,48.0,41.52004841424588,45.0,39.22129076815435,44.0,38.221256890538655,True
1264512,4,X2,0.36027,9.0,33.0,30.55974186545946,41.0,36.369810877867614,47.0,43.44382044724152,31.0,29.23613303797237,36.0,32.10793902218123,30.0,28.39866748815638,36.0,32.15025164699723,35.0,30.98526797458538,30.0,28.45941895390841,True
1264606,0,C3,0.6811,10.737000465393066,204.0,149.96889620910252,238.0,172.8867925389053,232.0,169.80734611487404,192.0,142.05431065837658,213.0,157.27054349644789,184.0,138.07295385109413,210.0,153.99881944860246,196.0,143.7793064487509,191.0,141.1859504928322,True
1264631,0,X3,0.55299,8.876999855041504,74.0,53.44094004522082,77.0,56.02313725845016,84.0,57.73528859225644,71.0,51.89866269269514,77.0,54.72472532938708,70.0,51.18038579949054,76.0,54.20858075623491,74.0,52.80592113033121,73.0,52.78471890270466,True
1264689,4,X3,0.73162,9.871000289916992,67.0,46.230442513480085,71.0,46.511410825264385,78.0,55.85006336436934,64.0,42.5689449689517,70.0,47.77808959873531,62.0,41.60227161582803,69.0,46.373505833618346,67.0,45.05240991345792,66.0,44.63356430795281,True
1264948,3,E2,0.50394,10.303999900817873,53.0,43.37900309984979,66.0,53.573005661621075,72.0,58.3698858923642,48.0,39.00831648925291,62.0,51.401469566645176,47.0,38.35652114039295,57.0,46.17206034518738,52.0,42.337981460299204,47.0,38.019892558809524,True
1264963,2,E2,0.55214,10.340000152587892,53.0,40.08332735945786,66.0,50.749996646498005,72.0,55.77820920389337,48.0,35.59241982745763,62.0,48.68889510641687,47.0,34.749124530884124,57.0,43.29551538555719,52.0,39.08937488830339,47.0,34.68145709250024,True
1265011,1,S2,0.34689,10.460000038146973,58.0,48.67829586619116,72.0,57.89456492153638,70.0,59.84627919380049,51.0,44.70467752239923,66.0,54.78253817768699,50.0,44.039177979273866,60.0,50.331148309198475,59.0,49.58478382765214,53.0,45.16328256312018,True
1265165,1,S1,0.31752,10.861000061035156,57.0,45.7824922458517,71.0,53.05990220168598,68.0,52.44637797548724,47.0,40.22144147557962,62.0,47.8656033704053,48.0,41.19622447174641,59.0,48.06788733773742,55.0,44.41223599397759,50.0,42.14021432530667,True
1265169,0,S1,0.68332,9.567999839782711,28.0,16.837519864731387,38.0,22.495486897115224,38.0,23.228814588944488,24.0,14.781522542890995,31.0,19.001807849098377,24.0,14.781522542890995,29.0,17.75565975577727,27.0,17.148532566381206,29.0,17.75565975577727,True
1265349,2,X3,0.79939,11.046999931335447,141.0,101.25140528501356,165.0,121.28588942766667,181.0,132.86819036008862,132.0,92.64860100778475,155.0,114.39375913396145,128.0,88.98188876908256,149.0,106.76367701393333,137.0,97.55329226120821,138.0,98.16960152142855,True
1265426,3,C2,0.42029,9.409000396728516,25.0,21.38668272295051,32.0,25.134420455009366,39.0,32.55482862312449,20.0,17.44091432443075,27.0,22.717850291789606,19.0,16.994261825434016,25.0,21.38668272295051,24.0,20.447222145053306,24.0,20.755116698840823,True
1266015,3,S2,0.3616,10.671999931335447,58.0,49.36439598197752,72.0,58.98728878740582,70.0,60.76141005668525,51.0,45.07278287165477,66.0,55.720516215596824,50.0,44.34111590580738,60.0,51.09985276527604,59.0,50.32598712799008,53.0,45.748090635091984,True
1266634,2,S1,0.4982,9.513999938964846,29.0,25.38011984087453,39.0,33.65413650358698,39.0,34.54164250155292,25.0,21.440395569224183,32.0,28.27567256542351,25.0,21.440395569224183,30.0,26.353822623919136,28.0,24.5081099416984,30.0,26.353822623919136,True
1271436,2,C3,0.79511,11.366000175476074,190.0,129.668778824014,222.0,153.84588607986237,218.0,149.4112362318502,178.0,120.77473344649255,199.0,137.44251326455347,170.0,114.37314689966522,195.0,133.81115085483006,182.0,122.36543792152922,177.0,119.08263930706006,True
1273127,1,E1,0.18937,10.472000122070312,49.0,26.2259012118406,59.0,30.76771060064133,53.0,29.930474458258658,47.0,25.84916315551769,53.0,27.85292944110811,46.0,25.78659315894318,53.0,28.092360101468245,47.0,25.367248619927313,43.0,24.513507214373682,True
1275946,4,E2,0.23212,7.967000007629394,24.0,16.81648558568828,32.0,19.799080795707415,42.0,24.657927104702363,24.0,16.81648558568828,28.0,17.294054403811217,23.0,16.751416230791122,27.0,17.216648478611713,25.0,16.97870934943055,24.0,16.099410290240282,True
1276546,2,S2,0.35329,8.814000129699707,23.0,19.407020222494726,29.0,24.269421065064623,32.0,26.756408010749343,21.0,18.1597624630446,25.0,20.967671644881808,21.0,18.1597624630446,22.0,18.70500123045031,24.0,20.069112278912463,19.0,17.025885846176728,True
1277715,2,C3,0.34601,9.08899974822998,37.0,23.666628769844007,43.0,27.59603772573305,55.0,37.298635047827176,37.0,23.66662876984402,37.0,23.666628769844014,37.0,23.666628769844014,37.0,23.666628769844014,37.0,23.666628769844014,36.0,23.581328150023896,True
1277945,1,C3,0.43369,11.217000007629396,195.0,126.05524335345783,218.0,140.71575698231416,213.0,137.36595438315646,187.0,122.67807007826794,202.0,130.0026863561181,184.0,121.73133708310876,200.0,128.67221872871224,189.0,125.64441854863388,187.0,123.77347949419676,True
1278493,0,X2,0.27237,9.845000267028809,33.0,25.825166963402264,40.0,30.474373334141426,47.0,36.01053382054769,31.0,24.711996979477885,35.0,26.6984132892743,30.0,24.24393015636925,35.0,26.6984132892743,34.0,26.42292835366831,30.0,23.810820234945048,True
1278602,2,S1,0.34799,10.39900016784668,57.0,46.99280177385798,71.0,55.502225999740475,68.0,54.77064359961638,47.0,40.626540890042364,62.0,49.631041252106456,48.0,41.532741973361496,59.0,49.4391977570546,55.0,45.48525157538108,50.0,42.801890844912684,True
1279420,0,C1,0.25691,10.979000091552734,75.0,46.33096939543828,87.0,51.29734204045011,83.0,49.26491732775942,63.0,43.075743818113665,84.0,49.117792727869215,64.0,43.73049014825105,72.0,44.8039964523971,73.0,45.86042789062688,69.0,45.89794789862916,True
1279500,0,X3,0.2347,9.708000183105469,47.0,29.550610616971515,53.0,32.378517392027334,52.0,29.84917555309184,47.0,30.37416534106498,48.0,30.69806074986293,47.0,30.374165341065005,48.0,30.69806074986293,47.0,30.374165341064995,47.0,30.258054892318643,True
1280135,3,C1,0.77082,9.229000091552734,23.0,14.151321861149034,27.0,17.211253930865944,32.0,19.964243760413066,20.0,11.11575069121109,25.0,16.079271678835504,19.0,11.068671011225852,23.0,14.151321861149034,23.0,14.151321861149034,22.0,12.24691145290643,True
1281668,4,E2,0.30697,9.95300006866455,29.0,20.059829056931754,38.0,24.9198212519761,44.0,31.46644939125611,27.0,19.922190455587984,34.0,21.34843064532171,24.0,19.63117697000926,32.0,21.05477566480835,30.0,20.44296798289184,29.0,19.35282895700803,True
1281879,1,S2,0.50547,10.645000457763672,58.0,47.49777549417457,73.0,59.35263996977174,70.0,57.39901454782034,51.0,40.83296563083778,67.0,55.35533480062437,50.0,39.8587144745719,61.0,49.64656147189827,59.0,48.07902306444228,53.0,43.34336681270517,True
1281886,4,S2,0.38393,9.40999984741211,23.0,20.460604801524045,30.0,25.853296344389562,32.0,28.154239535797718,21.0,18.93656162703993,26.0,22.274943710558812,21.0,18.93656162703993,23.0,19.669376771172,24.0,21.25946162037207,19.0,17.67653271806573,True
1282114,4,X1,0.21781,10.1899995803833,50.0,33.557638140708484,55.0,36.678942164274474,58.0,39.79432626985767,44.0,31.866044198874388,52.0,34.31477469067891,41.0,31.599803498017117,49.0,33.61749711022002,51.0,34.043249926717735,44.0,30.828361679636874,True
1282736,0,X2,0.37797,10.527999877929688,48.0,42.113723458285875,73.0,61.29044566104798,75.0,63.19225824458733,42.0,37.35604211374541,55.0,46.75528012262186,42.0,37.35604211374541,48.0,41.81279134175817,45.0,40.05532637787206,44.0,39.18555910760369,True
1282966,1,C3,0.58012,9.586999893188477,45.0,34.65477553833474,53.0,41.0402626312082,70.0,52.35096893669318,44.0,34.401958060059854,46.0,34.71380506661745,44.0,34.40195806005985,46.0,34.840120091339536,43.0,34.26996333388491,43.0,33.356215443722334,True
1283373,1,C1,0.20753,10.291000366210938,69.0,40.565624288477515,79.0,43.740267674847274,75.0,42.64832218858162,61.0,38.535079580899584,76.0,42.38450175032732,62.0,38.96804158344005,68.0,39.36528660982251,68.0,39.989001844869016,65.0,40.72948387503999,True
1283855,4,E1,0.56536,10.939000129699709,50.0,38.26722065425349,66.0,53.50516918051897,63.0,50.291121900103654,47.0,35.47852619273904,55.0,42.527596453139424,46.0,34.5139584586864,54.0,41.62328716547668,47.0,35.63093168909029,44.0,32.65696299875915,True
1283878,4,X3,0.31286,11.246000289916992,138.0,72.81938865265569,145.0,75.34520818935172,153.0,79.7544082906718,135.0,72.53228719239844,140.0,73.03742702105694,134.0,72.44826081748273,141.0,74.45267954481356,136.0,72.57036653370521,136.0,72.51485544448546,True
1283923,0,E2,0.14631,10.684000015258787,43.0,25.408100419434483,49.0,27.07478455471677,51.0,28.206323117548465,39.0,23.899797741125152,46.0,25.840737072452995,40.0,24.54230379370691,45.0,25.810740220688608,42.0,24.183281791112808,39.0,23.899797741125155,True
1283936,0,E2,0.36862,9.479000091552734,29.0,22.5865935942242,39.0,29.106979846378103,45.0,36.74042528375827,27.0,22.224272347326046,34.0,25.04902679379879,24.0,21.544276606281585,32.0,24.398860529360768,30.0,23.251496108931317,29.0,22.135132506987578,True
1284601,1,C2,0.40512,10.36400032043457,75.0,64.84813115568492,84.0,69.69121871328035,91.0,74.23459333476504,62.0,55.66814530827703,82.0,69.14049305608006,62.0,55.71847119852008,72.0,62.787364787509574,68.0,59.84594270671579,61.0,53.23521674887714,True
1285317,4,E2,0.56441,8.512000083923342,29.0,23.596312835728924,39.0,31.934860984036995,45.0,38.7596649357262,27.0,21.62014292619853,34.0,28.22477503104255,24.0,18.75739142959172,32.0,26.284973227066203,30.0,24.459377679276322,29.0,23.50489031910508,True
1286337,4,E1,0.66296,9.020999908447264,22.0,14.00164973530707,25.0,15.819873344578877,34.0,24.94946916339852,18.0,10.857012052777923,23.0,14.98489261368546,19.0,11.002386213865718,21.0,13.85584281377046,21.0,13.001762939662997,22.0,14.00164973530707,True
1286881,4,C2,0.5228,10.53600025177002,75.0,62.222559432373245,84.0,70.20536166625477,91.0,76.2431215437177,62.0,50.10152792652835,82.0,68.16110886391479,62.0,50.118324042603255,72.0,59.578766815908644,68.0,55.65087665806825,61.0,49.28572375689489,True
1287437,1,C2,0.33681,11.307000160217283,75.0,59.22352901206374,83.0,61.762618838811655,89.0,66.0548864834388,62.0,52.38758454499611,81.0,62.16981882112411,62.0,52.74119262441157,72.0,57.35165231697541,68.0,55.94972809784752,61.0,50.11272686664188,True
1287883,0,E1,0.65718,10.590999603271484,47.0,31.194457807593317,63.0,45.47554332617874,60.0,40.96974991690457,44.0,28.268413364081525,52.0,35.080698844449,43.0,27.409200442508517,51.0,34.04203276522841,44.0,28.740564452794754,41.0,25.740798130289278,True
1288083,4,X2,0.23048,10.05799961090088,48.0,33.98206900072111,71.0,43.82148553222232,73.0,45.42788399874953,42.0,32.0041549126513,53.0,35.88379685662808,42.0,32.0041549126513,47.0,33.819019015846564,45.0,33.10525606820604,44.0,32.83832866580122,True
1289288,1,E2,0.29001,10.560999870300291,51.0,37.67921735375541,63.0,42.00215727633466,67.0,44.14254790769506,47.0,34.520833341830624,60.0,39.95463545277909,46.0,35.21934096879804,54.0,39.04439082947946,50.0,36.06542890999251,46.0,34.250309111126285,True
1289470,2,C3,0.61207,10.762999534606934,207.0,155.2847896357345,240.0,176.92441792607164,232.0,173.00410187396488,196.0,148.4633595223062,216.0,161.95563273919876,189.0,145.98872218799477,214.0,159.11775637619036,199.0,150.7859125101215,194.0,148.27283446297696,True
1289555,1,S2,0.56173,9.05799961090088,23.0,18.223542037971196,30.0,24.61063836811276,32.0,27.453921906186846,21.0,16.272548430915677,26.0,20.65458428121738,21.0,16.272548430915677,23.0,17.736006763841438,24.0,19.20125844275285,19.0,14.401473418930056,True
1289600,2,C3,0.41962,9.451000213623049,41.0,27.490613828285994,47.0,32.886972304790525,59.0,42.994100419890614,41.0,27.490613828285987,41.0,27.490613828285987,41.0,27.49061382828599,41.0,27.490613828285987,41.0,27.490613828285994,39.0,27.224589776679057,True
1289664,2,S2,0.25907,8.039999961853027,22.0,14.109530338268835,28.0,16.552986001728165,32.0,19.014281833355632,20.0,13.662269878745093,24.0,14.809346163170199,20.0,13.662269878745093,21.0,13.836596304248538,23.0,14.352830513330137,19.0,13.102959588327177,True
1289714,4,C1,0.53582,10.291999816894531,76.0,59.53013756293118,92.0,73.56095576629662,88.0,68.91813720887077,63.0,46.999639428514065,86.0,68.64420868122949,64.0,47.95743271778962,73.0,56.7436858786747,74.0,57.660428179463445,70.0,53.809975268293435,True
1289913,3,E1,0.38495,9.885000228881836,23.0,19.353538271427436,25.0,21.696611456113594,36.0,30.30492159969696,19.0,16.407920174961202,24.0,20.21179742920128,20.0,17.39330880915455,22.0,18.374858829589897,22.0,19.2784731067547,23.0,19.353538271427436,True
1290007,4,C3,0.43112,9.859000205993649,41.0,27.991233431865158,47.0,33.5680372407547,59.0,43.75238067963216,41.0,27.99123343186517,41.0,27.991233431865158,41.0,27.99123343186517,41.0,27.991233431865158,41.0,27.991233431865158,39.0,27.683795519697245,True
1290043,2,C3,0.73488,11.190999984741213,196.0,141.61949756317242,229.0,165.33243961678653,225.0,161.68762401622283,184.0,133.08863158498852,205.0,149.3668862267796,176.0,127.8286465154149,202.0,145.75062526412924,188.0,134.56058709527244,183.0,131.80289788234992,True
1290394,0,E1,0.57153,10.793999671936035,50.0,37.78246577165568,66.0,53.09247017038721,63.0,49.782870897964266,47.0,34.96737015972644,55.0,42.025462382202015,46.0,34.009609765345644,54.0,41.10693864723419,47.0,35.14552704142209,44.0,32.18641090346408,True
1290816,0,C1,0.21847,8.793999671936035,28.0,15.328037671572336,31.0,16.240318428853538,37.0,18.854080171129915,27.0,16.067693765438715,30.0,15.521898524591808,26.0,15.068418482312094,28.0,15.328037671572336,28.0,15.328037671572336,27.0,16.128940912535953,True
1290948,3,C1,0.5368,10.868000030517578,76.0,59.42729269099759,92.0,73.47743850467037,88.0,68.84026933723203,63.0,46.88516134923684,86.0,68.54779238696727,64.0,47.8443580259752,73.0,56.63654802158882,74.0,57.561647159511224,70.0,53.70256254910994,True
1291090,3,E2,0.29199,9.467000007629393,29.0,19.41313335306572,38.0,23.87234473889228,44.0,30.086716478298477,27.0,19.30622368086901,34.0,20.49062012838251,24.0,19.073494996508224,32.0,20.253147701173344,30.0,19.740177079808408,29.0,18.67994492215256,True
1291155,2,X2,0.51089,10.6850004196167,48.0,38.440386080372065,73.0,61.945458928994746,75.0,63.831458446855486,42.0,32.67367209537165,55.0,44.92988450728217,42.0,32.67367209537165,48.0,38.259707592114566,45.0,35.5074713247778,44.0,34.561928537407546,True
1291159,4,X2,0.53976,11.083000183105469,47.0,36.09951193856106,72.0,59.54707490913328,74.0,61.44347923872577,41.0,30.371290672216688,54.0,42.696165990150774,41.0,30.371290672216688,47.0,36.0306572363681,44.0,33.143013515448985,43.0,32.23378418845513,True
1291242,3,X2,0.27905,9.895000457763672,33.0,26.32489426433466,40.0,31.099146606266537,47.0,36.77551632436009,31.0,25.184726570781486,35.0,27.248071132728462,30.0,24.687912806350663,35.0,27.248071132728462,34.0,26.91059768493033,30.0,24.31719407945204,True
1291254,1,E2,0.35021,9.904000282287598,29.0,21.872722161439686,39.0,27.924409224044496,45.0,35.29234686300621,27.0,21.59754096131128,34.0,23.93761615636823,24.0,21.06246926883003,32.0,23.416706875179628,30.0,22.447713062917856,29.0,21.3220899451788,True
1291346,4,X2,0.2977,9.97700023651123,33.0,27.632347737167642,41.0,32.748903100116976,47.0,38.78224719487955,31.0,26.42718226438761,35.0,28.69806619974804,30.0,25.84788602792739,35.0,28.69806619974804,34.0,28.17421265322097,30.0,25.639274341804565,True
1291408,1,E2,0.34721,11.20699977874756,53.0,40.91695332176565,65.0,47.15527346861088,70.0,49.67219904210438,48.0,37.25019659873695,62.0,44.53342146308906,47.0,37.63733745943197,56.0,42.67962838415476,52.0,39.62832423079893,47.0,36.74934197996088,True
1291511,3,E2,0.37228,9.802000045776367,29.0,22.722259760808818,39.0,29.33119228241536,45.0,37.01057896743432,27.0,22.340196251413662,34.0,25.267224226492353,24.0,21.628155844285605,32.0,24.58904564331703,30.0,23.405111944492187,29.0,22.29219694796265,True
1291783,1,E2,0.39821,10.222999572753906,53.0,43.29275027174995,66.0,51.3027628889701,72.0,54.43066481161453,48.0,39.30814419674912,62.0,48.413808578677134,47.0,39.29989530397538,57.0,45.408233381875796,52.0,42.306326518019915,47.0,38.552773250549606,True
1291788,2,C2,0.384,9.079000473022463,25.0,21.08002910433537,32.0,23.847864964181376,39.0,31.365613379788673,20.0,17.390569471823778,27.0,22.24924075900616,19.0,17.089214983121046,25.0,21.08002910433537,24.0,20.111498348308977,24.0,20.6093932191094,True
1291794,1,C2,0.39512,10.609000205993652,75.0,64.25856234241174,84.0,68.75096963302306,91.0,73.2256325220846,62.0,55.436911972816105,82.0,68.36627160185824,62.0,55.51762750149351,72.0,62.223303260697584,68.0,59.49468886126408,61.0,52.97070809755098,True
1291957,1,E1,0.37143,7.673999786376954,23.0,18.987367557605026,25.0,21.314680224249464,36.0,29.799882042367418,19.0,16.153286248319752,24.0,19.78893811384955,20.0,17.12482755156389,22.0,18.02712556395964,22.0,18.928433589381335,23.0,18.987367557605026,True
1292033,4,S1,0.32472,9.079999923706055,29.0,25.635734062301697,39.0,32.134346856852225,39.0,32.99834686153258,25.0,23.432443904269128,32.0,27.835523986298828,25.0,23.432443904269128,30.0,26.592727119727147,28.0,25.323659869273033,30.0,26.592727119727147,True
1292145,1,C2,0.49245,9.16100025177002,25.0,20.838862606505543,32.0,26.12761184615843,39.0,33.05239425367263,20.0,16.543853064354085,27.0,22.55488825831798,19.0,15.765412999337865,25.0,20.838862606505543,24.0,19.8748996526248,24.0,19.92839840002642,True
1292227,1,S2,0.29185,10.203000068664553,58.0,44.82370573522104,72.0,52.158684202685265,70.0,54.65070604688303,51.0,42.008960173184654,66.0,49.76467399129921,50.0,41.5911041460055,60.0,46.063877551419,59.0,45.498668971785115,53.0,41.8397496629503,True
1292332,3,S2,0.27265,10.211999893188477,58.0,43.03108131491689,71.0,49.61372863754344,70.0,52.287689654516804,51.0,40.59346505096413,66.0,47.50741228082064,50.0,40.252270851417016,60.0,44.108313743843496,59.0,43.652402335780735,53.0,40.274342010000005,True
1292336,4,S2,0.23355,9.119999885559082,22.0,12.765428319947233,28.0,14.622420311638976,32.0,16.69663671101581,20.0,12.45196496052065,24.0,13.2832288570988,20.0,12.45196496052065,21.0,12.570542832085229,23.0,12.93664884170331,19.0,12.016226571890979,True
1292560,4,X1,0.22482,8.605999946594238,35.0,19.85089047959188,37.0,20.055974965629293,41.0,23.80318830520492,30.0,18.73213834016932,38.0,21.215623603526453,30.0,18.73213834016932,36.0,20.040118025268665,35.0,19.85089047959188,34.0,18.87759782546936,True
1292767,0,X3,0.30893,8.357000350952145,56.0,37.407613921957044,61.0,41.51888090223058,60.0,38.73833192423637,55.0,38.05473385419141,57.0,38.891810685864215,55.0,38.05473385419141,57.0,38.891810685864215,56.0,38.106303700712814,56.0,38.109200960737624,True
1292823,4,X3,0.34565,9.027000427246092,63.0,40.993946787117785,66.0,45.695621913141046,66.0,42.87834988048971,62.0,41.40379784616719,64.0,42.45618117502473,61.0,41.35869569323331,64.0,42.45618117502473,62.0,41.45563546002161,62.0,41.493510458958845,True
1293006,4,X1,0.50436,11.18000030517578,50.0,41.73833460325598,58.0,48.69669544936825,64.0,53.716102937353824,44.0,36.05699397006916,53.0,44.202191684362454,41.0,33.22017473888025,49.0,40.7300702828607,51.0,42.65966908946992,44.0,36.341408846044864,True
1293319,1,X2,0.29686,9.140000343322754,33.0,27.5767427011725,41.0,32.6805357096218,47.0,38.69661769084838,31.0,26.3741633005334,35.0,28.635989341776753,30.0,25.79862036257878,35.0,28.63598934177675,34.0,28.12085213330412,30.0,25.58325682496956,True
1293366,0,X2,0.3204,11.187000274658203,48.0,39.94160984429003,73.0,55.46333524250081,75.0,57.401795590204514,42.0,36.236778806732445,55.0,43.42038725951061,42.0,36.236778806732445,48.0,39.710478967284445,45.0,38.369849890021676,44.0,37.74222039826181,True
1293758,3,E1,0.14812,10.807000160217283,44.0,22.5389732450031,53.0,25.50866693000378,50.0,25.7080029017448,42.0,22.320211123707928,48.0,23.93495424142603,42.0,22.320211123707924,48.0,24.122076468521474,42.0,21.852798175199162,38.0,21.341488292924648,True
1293783,4,C3,0.32874,11.041000366210938,167.0,95.86972740692657,186.0,106.00722041579994,182.0,104.24141887355115,162.0,93.89910011757831,172.0,97.8569898072026,161.0,93.51878828442803,170.0,98.1984928491447,166.0,96.04383534928823,163.0,94.31773318911317,True
1293789,0,C3,0.42857,10.605999946594238,195.0,124.60639740242952,218.0,139.04844732866886,212.0,135.82624074878785,187.0,121.3175668405881,202.0,128.4436602661097,184.0,120.39865167973085,200.0,127.21099671684064,189.0,124.25382792152142,187.0,122.37784337372341,True
1293921,3,C3,0.50492,10.375,200.0,144.41523919704164,228.0,162.33343717374592,223.0,156.998433725518,191.0,139.6224907944726,208.0,149.84667567893212,187.0,138.29322548684473,205.0,147.38578875374685,193.0,142.70604595089222,190.0,140.76180047164289,True
1294137,3,S1,0.47085,9.178000450134276,29.0,26.36860733050223,39.0,34.33445967360818,39.0,35.568241564260966,25.0,22.479264840002795,32.0,29.17257410247365,25.0,22.479264840002795,30.0,27.338199851646152,28.0,25.46503244798741,30.0,27.338199851646152,True
1294340,3,S2,0.36087,9.866999626159668,23.0,19.722585085976956,29.0,24.727422297298244,32.0,27.166969984282733,21.0,18.403310410289222,25.0,21.342779878164087,21.0,18.403310410289222,22.0,18.985412612272945,24.0,20.420857186489382,19.0,17.234405878791748,True
1294341,0,S2,0.36798,10.373000144958496,58.0,49.61514899096758,73.0,59.42819276701335,70.0,61.08898571118044,51.0,45.18597629139419,67.0,56.1000349452692,50.0,44.426595293977726,61.0,51.409789678628975,59.0,50.59661603562327,53.0,45.96008697864845,True
1294351,4,S2,0.33828,9.324999809265137,23.0,18.6925905404185,29.0,23.23227267796468,32.0,25.819127740552165,21.0,17.59077432152108,25.0,20.123651376463105,21.0,17.59077432152108,22.0,18.063585792905577,24.0,19.280614390549225,19.0,16.533576262259963,True
1294806,3,C2,0.52535,8.543999671936035,25.0,20.27705181806012,32.0,25.895664085086413,39.0,32.629375022920534,20.0,15.84430342598847,27.0,22.10668754263493,19.0,14.937997417368065,25.0,20.27705181806012,24.0,19.286942008896283,24.0,19.29549915380399,True
1294971,4,C2,0.58822,10.119000434875488,74.0,54.01892922486242,83.0,62.71270444572976,90.0,68.71245687230555,61.0,42.14101109316439,81.0,60.458371873536414,61.0,41.992248794870115,71.0,51.151686448297475,67.0,47.36096220042428,60.0,41.74372665172993,True
1295024,2,X2,0.33386,10.340000152587892,48.0,40.59239282337842,73.0,57.00068120665875,75.0,58.944459827231455,42.0,36.623805813647394,55.0,44.33810910450128,42.0,36.623805813647394,48.0,40.34521252298714,45.0,38.90832897026742,44.0,38.219634128165055,True
1295027,2,X2,0.42561,10.076000213623049,48.0,42.355488120064955,73.0,63.94401768040762,75.0,65.78071679689191,42.0,36.974965418157474,55.0,47.88540201507093,42.0,36.974965418157474,48.0,42.021289235233056,45.0,39.90201253542337,44.0,38.91695106073228,True
1295249,4,C1,0.53251,10.62600040435791,76.0,59.872131203386935,92.0,73.83670226014777,88.0,69.1748069471187,63.0,47.38359945062342,86.0,68.9635998110927,64.0,48.336593824064686,73.0,57.10123360464933,74.0,57.98946544973363,70.0,54.16725488868904,True
1295285,3,X3,0.52513,10.31700038909912,165.0,125.02959841534737,187.0,136.75568512616167,200.0,144.83644109574482,156.0,121.17270827858289,178.0,129.43918122553526,152.0,118.88625113694158,172.0,128.90739185546656,161.0,122.65420365195199,161.0,123.12742764894699,True
1295315,4,C1,0.34886,10.89799976348877,76.0,56.070395750729936,91.0,64.81797108467323,88.0,61.04468580179778,63.0,49.88613525642116,86.0,61.25173401193716,64.0,50.86320487960384,73.0,54.295934724871664,74.0,55.58198648139788,70.0,53.46515125022348,True
1295592,1,C3,0.35631,10.911999702453612,174.0,103.66644079163744,193.0,114.92408221445154,188.0,113.09150013779363,169.0,101.43595467993742,179.0,106.05475003111108,168.0,100.93220646788319,177.0,106.08406322527875,172.0,103.80488490373166,169.0,101.93837061798286,True
1296321,0,S2,0.18444,9.319999694824215,22.0,10.556923921538466,27.0,11.54663650192468,29.0,12.699057928388175,20.0,10.40774316703771,24.0,10.829078934400135,20.0,10.40774316703771,21.0,10.46103700909703,23.0,10.63899899534993,19.0,10.157387056921133,True
1296657,0,X2,0.14624,9.465999603271484,31.0,16.31327555549732,37.0,17.596689036997375,45.0,21.15021178890174,30.0,15.832222887963916,32.0,16.49842888015383,29.0,15.723608148683523,32.0,16.498428880153824,31.0,16.58851926200571,29.0,14.565928180681672,True
1296793,1,X2,0.64392,10.345000267028809,44.0,26.66844134274907,69.0,47.49652106405099,71.0,48.94633779288992,38.0,21.54334661123349,51.0,32.729804106635555,38.0,21.54334661123349,44.0,26.776117549869134,41.0,24.281561134079865,40.0,23.373760425790127,True
1296919,1,X3,0.67698,9.385000228881836,72.0,51.391306929087015,76.0,52.06218323874047,82.0,59.58344617412621,69.0,48.21466732775662,75.0,53.18636838321324,68.0,47.23022994894806,74.0,51.808261828225305,72.0,50.248158105469145,71.0,50.09360439317408,True
1296963,0,S1,0.48813,10.845999717712402,57.0,46.42902689566174,72.0,59.46509258414906,68.0,56.130149807121086,47.0,37.96388976601913,62.0,51.12607267510787,48.0,38.32881243722874,59.0,48.27050167499645,55.0,44.446704217331124,50.0,39.74221864901986,True
1297026,0,X3,0.25854,10.869000434875488,119.0,60.32298053943297,121.0,62.69873722964123,134.0,65.4579204233392,118.0,60.265898846590424,120.0,60.40046435040465,117.0,60.23454476148819,122.0,61.80535033347292,118.0,60.2408209752972,118.0,60.217115413628754,True
1297070,1,C3,0.73069,11.11299991607666,196.0,142.34172287122212,229.0,165.99581151071018,225.0,162.41812787715395,184.0,133.84938830359886,205.0,150.0641375952613,176.0,128.68469964520884,202.0,146.4661385682758,188.0,135.32910634557382,183.0,132.59571602478994,True
1297157,3,C1,0.54888,10.64799976348877,75.0,58.084327507716985,91.0,72.36106457086734,87.0,67.79222898521465,62.0,45.42817252438337,85.0,67.27471648793325,63.0,46.403646000928845,72.0,55.25297797308683,73.0,56.27620792943421,69.0,52.300977375730774,True
1297318,2,C2,0.33479,10.038999557495115,75.0,59.01216111448571,83.0,61.49275603791182,89.0,65.78210703898715,62.0,52.23892934591238,81.0,61.91887550355786,62.0,52.60353709075002,72.0,57.14757062888082,68.0,55.7892782773233,61.0,49.97895917509936,True
1297353,2,C2,0.54402,9.66100025177002,25.0,19.88629139643335,32.0,25.584581213127,39.0,32.211216922251566,20.0,15.377404136022543,27.0,21.744461423138972,19.0,14.418824748853238,25.0,19.88629139643335,24.0,18.887567286678664,24.0,18.88790229865531,True
1297377,0,C3,0.60981,10.696000099182127,207.0,155.31722838956728,240.0,176.9066098340303,232.0,172.92938484181155,196.0,148.53436406145525,216.0,161.96960308380588,189.0,146.09769781548846,214.0,159.13895382867042,199.0,150.8792422465459,194.0,148.37265845221577,True
1297465,0,C3,0.27784,10.012999534606934,146.0,81.3232239282566,162.0,89.35214490469293,159.0,87.31434137229935,142.0,79.75480132298429,151.0,82.68245842663667,141.0,79.5525088109492,149.0,83.40738288210211,146.0,81.47046272107244,144.0,80.11929475029332,True
1297490,1,C3,0.73677,10.503000259399414,195.0,141.26078159726976,228.0,164.99945188913807,224.0,161.32396425235376,183.0,132.7131565228262,204.0,149.01865618531664,175.0,127.41090577034343,201.0,145.3947357458189,187.0,134.1822697710566,182.0,131.41309104070376,True
1297501,0,C3,0.21492,9.467000007629393,27.0,12.505876962438913,34.0,13.90809055479511,43.0,22.72934744535225,27.0,12.505876962438913,27.0,12.505876962438913,27.0,12.505876962438913,27.0,12.505876962438915,27.0,12.505876962438913,27.0,12.505876962438913,True
1297580,0,C3,0.63561,10.538999557495115,206.0,154.34590064990823,240.0,176.4871494108748,232.0,173.0615363070568,195.0,147.13597724860801,215.0,161.2162336949043,187.0,144.18434728746251,213.0,158.27803260436482,199.0,149.25397461685714,193.0,146.6673244303384,True
1297742,1,E1,0.46256,10.871999740600586,50.0,45.08464008359162,66.0,57.67323989500769,63.0,54.95350416377545,47.0,42.69060411854411,55.0,49.616180494869106,46.0,41.732508187496144,54.0,48.925025672231385,47.0,42.646078764666825,44.0,39.138492511994855,True
1297927,3,E2,0.28513,9.505999565124512,29.0,19.117218648325892,38.0,23.396004620904684,44.0,29.45302608939763,27.0,19.022162531180143,34.0,20.10773997963506,24.0,18.812450724388295,32.0,19.892687076496834,30.0,19.42061744490573,29.0,18.376633059871207,True
1298079,4,S1,0.26048,11.171999931335447,57.0,42.48908032566273,71.0,47.675905723537944,66.0,47.111005283446445,47.0,38.47100497599133,62.0,43.713402044821684,48.0,39.455468532990494,59.0,44.39269936439611,55.0,41.396472355953584,50.0,39.70624975698488,True
1298266,1,S2,0.4893,9.954999923706055,23.0,19.97476108084744,30.0,26.03839405070552,32.0,28.896364801914856,21.0,17.98675059015292,26.0,22.163159924189955,21.0,17.98675059015292,23.0,19.182906232873307,24.0,20.973472325197463,19.0,16.40889968367099,True
1298369,1,X1,0.47792,11.416999816894531,50.0,43.52613810967896,58.0,50.0356694104585,64.0,54.96864284395136,44.0,37.684208939174475,53.0,45.89032461765584,41.0,34.97663065048456,49.0,42.47699535803781,51.0,44.446492199976234,44.0,37.921334335944934,True
1298893,3,X2,0.19616,10.78600025177002,46.0,30.960886186847763,67.0,38.91633934238394,68.0,40.273042796180256,41.0,29.5612466208928,51.0,32.42707827958553,41.0,29.5612466208928,46.0,30.865670187664314,44.0,30.339144416316643,43.0,30.165649643226153,True
1299033,2,X2,0.69226,10.80500030517578,41.0,22.554051756124753,66.0,41.22524215096909,68.0,42.267974482164796,35.0,17.848906248828417,48.0,27.879671604423752,35.0,17.848906248828417,41.0,22.41122110371698,38.0,20.602165836495026,37.0,19.643964220597777,True
1299190,0,X3,0.69836,9.630000114440918,67.0,49.43068176331104,72.0,49.99763401322241,78.0,58.35426575300645,64.0,46.016192986876874,70.0,51.127886719475015,63.0,45.05400630201835,69.0,49.70274282986904,67.0,48.239643101676165,66.0,47.99181230515799,True
1299258,1,X3,0.80109,11.31700038909912,141.0,100.89571413608127,165.0,120.94328391982151,181.0,132.49835515344586,132.0,92.29464429726558,155.0,114.03328073231158,128.0,88.63351395180695,149.0,106.39471365582938,137.0,97.20562679313703,138.0,97.82543094916332,True
1299439,2,E2,0.59158,10.20400047302246,53.0,36.39140083291337,66.0,47.33218591382498,72.0,52.26689098424384,48.0,31.931700389790937,62.0,45.07286240035647,47.0,30.885559216467485,57.0,39.9185179684398,52.0,35.67951771009402,47.0,31.057365918332152,True
1299643,3,C1,0.37678,9.406000137329102,31.0,25.10406079992623,34.0,27.45662324205252,39.0,32.40444080799976,28.0,24.22624402689989,33.0,26.41407310766774,27.0,23.285165988610228,31.0,25.10406079992623,31.0,25.10406079992623,30.0,24.697707688439795,True
1299712,3,C2,0.73064,11.020999908447266,62.0,34.1888238821474,71.0,42.71163282605654,79.0,46.50903502742798,49.0,25.75387342928943,69.0,40.08180336568816,49.0,24.966038927310883,59.0,32.52955621668136,55.0,28.257563735669667,48.0,24.532999639291162,True
1299758,4,C2,0.47241,10.27299976348877,75.0,65.66887974944709,84.0,72.62418506207891,91.0,77.99849707069959,62.0,54.35844765978744,82.0,71.0177576458503,62.0,54.359030281831146,72.0,63.34014867323008,68.0,59.471479684017815,61.0,52.71660945238087,True
1299775,1,C2,0.16008,10.696999549865724,66.0,36.95913150290874,69.0,36.623001108652545,73.0,39.45741198434969,59.0,34.220523908750245,69.0,37.441683357611424,59.0,34.94785398721507,64.0,36.14653519278536,62.0,36.52129266765248,55.0,33.1249919174465,True
1299785,1,C2,0.38131,10.11400032043457,75.0,63.29025000206094,84.0,67.30046792790303,91.0,71.70300668045037,62.0,54.96137967326456,82.0,67.13398075981124,62.0,55.09396171464588,72.0,61.289021594278225,68.0,58.87053100764136,61.0,52.48624261210799,True
1300025,4,S1,0.41357,9.760000228881836,29.0,27.60044404391244,39.0,34.949893103994285,39.0,36.49020614025667,25.0,24.114691527860487,32.0,30.20114423158665,25.0,24.114691527860487,30.0,28.587153936778503,28.0,26.842211161314157,30.0,28.587153936778503,True
1300084,2,S1,0.61843,9.960000038146973,29.0,20.01118719474484,39.0,28.336562489201995,39.0,27.968082514007687,25.0,16.919771207374602,32.0,22.784959321830268,25.0,16.919771207374602,30.0,21.003766041352584,28.0,19.819681800893584,30.0,21.003766041352584,True
1300160,3,S2,0.40925,10.758000373840332,58.0,50.526510574009635,73.0,61.20091572908341,70.0,62.13209750439186,51.0,45.23533794805851,67.0,57.568544559167705,50.0,44.32374370002403,61.0,52.480712657793184,59.0,51.55074841095184,53.0,46.67898468726124,True
1300179,2,S2,0.31722,10.008999824523926,58.0,46.84695421810709,72.0,55.10699805388206,70.0,57.3669543140939,51.0,43.508408527609376,66.0,52.36252996002768,50.0,42.979302967932774,60.0,48.29296331389688,59.0,47.62317288651524,53.0,43.59021742608319,True
1300390,3,E1,0.26765,10.35099983215332,49.0,34.0869958147099,62.0,41.7927982952123,61.0,39.30032570003566,47.0,33.18026872817427,54.0,36.59717087269441,46.0,32.98026034421558,54.0,36.81105080021109,47.0,32.89472793192587,43.0,30.94889360796421,True
1300441,0,E2,0.48485,9.262000083923342,29.0,25.184396996272355,39.0,33.293399247440256,45.0,41.198688555467456,27.0,23.80510329049129,34.0,29.84677836460943,24.0,21.68403654668336,32.0,28.174307732033995,30.0,26.181241587001992,29.0,25.24247936197081,True
1300470,2,E2,0.51413,10.680999755859377,53.0,42.8413034839261,66.0,53.14693868234575,72.0,58.0355943892964,48.0,38.43868240710957,62.0,51.036035619162284,47.0,37.748494808996725,57.0,45.71848774831961,52.0,41.7853955993851,47.0,37.463571650698896,True
1300516,3,X1,0.31042,9.753000259399414,36.0,27.538797261699457,38.0,28.636574825980755,42.0,32.0995701515975,31.0,24.809453572034762,40.0,29.869810551381523,31.0,24.809453572034762,36.0,28.02819034743599,36.0,27.538797261699457,35.0,26.764449648194134,True
1300517,3,E2,0.40031,10.722999572753906,53.0,43.373394386160506,66.0,51.44955018593233,72.0,54.608249984619974,48.0,39.37828720053206,62.0,48.56030034408091,47.0,39.35305193845622,57.0,45.50147332005736,52.0,42.395854509320294,47.0,38.61265456690286,True
1300531,4,E2,0.58454,9.244999885559082,29.0,22.618961333826004,39.0,31.06897801746844,45.0,37.55121955888716,27.0,20.619095173426576,34.0,27.197690222110765,24.0,17.73162649726821,32.0,25.261099476616018,30.0,23.47305136707808,29.0,22.531973239760802,True
1300590,3,X1,0.65633,10.810999870300291,48.0,26.424476393954514,56.0,33.54461678103314,62.0,36.13140175950921,42.0,20.926882186946774,51.0,29.29849978297769,39.0,18.797932327838105,47.0,25.520778806788616,49.0,27.367331028970707,42.0,22.30187234615799,True
1300703,0,X3,0.29571,10.781000137329102,134.0,68.65309394552025,140.0,71.15121278393869,147.0,74.89266620001325,130.0,68.41242882089915,135.0,68.79394952397708,129.0,68.35019207293885,136.0,70.2110407757314,132.0,68.4610273305851,132.0,68.41719237362312,True
1300777,1,X3,0.81684,11.04300022125244,135.0,97.34010041353332,160.0,117.54371733692956,175.0,128.73959220147498,126.0,88.79296948676505,149.0,110.39162837711935,122.0,85.17512400530093,143.0,102.69020258294539,131.0,93.72412592937889,132.0,94.39571295070428,True
1300912,1,C3,0.3378,9.590000152587889,36.0,23.104052562658335,42.0,26.851224905605708,54.0,36.5462813328329,36.0,23.104052562658335,36.0,23.104052562658335,36.0,23.104052562658328,36.0,23.104052562658335,36.0,23.10405256265834,35.0,23.029076872531828,True
1301142,0,S2,0.71139,9.822999954223633,22.0,13.813556571988027,29.0,20.270518840869684,30.0,21.07359347901646,20.0,11.973971071195296,25.0,16.65501676368122,20.0,11.973971071195296,22.0,13.726730196202487,23.0,14.77578182396882,18.0,10.73602171215475,True
1301332,2,S2,0.46754,10.682000160217283,58.0,49.56725320397004,73.0,61.02784538898719,70.0,60.35331615861775,51.0,43.28357139530847,67.0,57.14850400522842,50.0,42.2836306911772,61.0,51.627577428001906,59.0,50.375729778133284,53.0,45.52179386020622,True
1301397,3,S2,0.60955,10.468000411987305,55.0,37.64980450852499,70.0,50.001200443729246,67.0,45.51441969036086,48.0,31.268777955696592,64.0,45.81203311253157,47.0,30.415234308718677,58.0,40.36259988882975,56.0,37.929810661679674,50.0,33.738066616478086,True
1301915,0,C1,0.62043,11.005999565124512,70.0,49.45432429885247,86.0,64.42324071750548,82.0,60.13321972436318,57.0,37.09776372226938,80.0,58.735684009385444,58.0,38.07378721856812,67.0,46.826628606604345,68.0,48.04523014420282,64.0,43.31716177240732,True
1301933,1,X3,0.32959,9.732999801635742,59.0,39.44224225912442,64.0,43.93503244602655,63.0,41.09926700045798,58.0,39.96571101446881,60.0,40.931502236591186,57.0,39.93238822439706,60.0,40.931502236591164,58.0,40.00647633368136,58.0,40.03331608248183,True
1301936,1,C2,0.34304,8.925000190734863,25.0,20.01881816305205,32.0,21.829828112751336,39.0,28.999308844857662,20.0,16.75418404780079,27.0,21.095955988363944,19.0,16.578515502142572,25.0,20.01881816305205,24.0,19.019224359568366,24.0,19.713107171773302,True
1301963,0,C2,0.41527,10.241999626159668,75.0,65.33929036771907,84.0,70.53535902743583,91.0,75.16410232311344,62.0,55.79850576414643,82.0,69.81244336903151,62.0,55.82462029545838,72.0,63.25057159871899,68.0,60.10766228168438,61.0,53.42360217868094,True
1302055,1,C2,0.54327,11.083999633789062,75.0,59.981531644310365,84.0,68.24699056069701,91.0,74.4063621895391,62.0,47.78705252568913,82.0,66.11422683360881,62.0,47.77984494586906,72.0,57.22455747617233,68.0,53.34789073543601,61.0,47.20761496279237,True
1302117,0,E1,0.49238,10.45400047302246,50.0,43.58709085992071,66.0,57.090965472958516,63.0,54.45335533738762,47.0,41.09840044756736,55.0,48.0486318425012,46.0,40.10363238642233,54.0,47.296057409398706,47.0,41.042052565057276,44.0,37.72813777140726,True
1302123,2,C3,0.29156,10.496999740600586,153.0,85.29920743110895,170.0,93.87752705889432,164.0,91.82529959947492,149.0,83.6413077964222,158.0,86.81473065856973,148.0,83.39805449840344,156.0,87.45516393094195,153.0,85.46850819037283,151.0,84.01479685865785,True
1302187,0,C3,0.21942,9.467000007629393,27.0,12.871175079151483,34.0,14.329069420909278,43.0,23.262377788679586,27.0,12.871175079151481,27.0,12.871175079151481,27.0,12.871175079151483,27.0,12.87117507915148,27.0,12.871175079151483,27.0,12.871175079151483,True
1302353,4,E2,0.57193,10.644000053405762,53.0,38.299042973347255,66.0,49.12052894547426,72.0,54.120098947110876,48.0,33.802418524063576,62.0,46.98209269781969,47.0,32.86280086295063,57.0,41.680040605348786,52.0,37.42185078888663,47.0,32.91676080690812,True
1302359,3,C3,0.25308,10.956000328063965,137.0,74.2980606059483,154.0,81.44693785054484,147.0,79.17568126234107,134.0,72.90975502393626,142.0,75.39930037239054,133.0,72.76817726416029,140.0,76.25051837869431,137.0,74.4078042003895,136.0,73.2777654018813,True
1302418,2,E2,0.4778,10.696000099182127,53.0,44.29504058459469,66.0,54.15228890949388,72.0,58.613794052246305,48.0,40.00890470274925,62.0,51.760734539407686,47.0,39.46638490572139,57.0,46.892276125426136,52.0,43.322282162628056,47.0,39.01031897953404,True
1302523,1,X3,0.42391,10.505999565124512,159.0,104.45788979317949,178.0,109.3289838844319,184.0,118.08023922030819,153.0,102.9193287947439,167.0,105.90314562705254,149.0,102.11277509615971,163.0,107.0163436426914,155.0,103.3606732956236,156.0,103.37142477532112,True
1302564,4,X3,0.52716,10.86299991607666,165.0,125.22068479848505,187.0,137.09353749122374,200.0,145.1355168431086,156.0,121.31608262052623,178.0,129.70447765119147,152.0,118.99659765772397,172.0,129.11483296605527,161.0,122.82030049948705,161.0,123.30594302597822,True
1302572,3,E1,0.5874,11.008000373840332,50.0,36.53888080976993,66.0,51.95782673370757,63.0,48.383926653634646,47.0,33.660863788204615,55.0,40.73435955476625,46.0,32.721712601102936,54.0,39.7800227595684,47.0,33.90522320621031,44.0,30.974229331738815,True
1302648,1,E2,0.23171,10.104999542236328,50.0,33.628289633862,59.0,36.36745000727102,64.0,38.16929638393961,46.0,31.0685600072249,57.0,34.90518252664909,46.0,31.88262892833586,52.0,34.543166566193435,49.0,31.94202484191346,45.0,30.943426848964897,True
1302738,4,E2,0.67783,11.267999649047852,47.0,27.716673441294457,59.0,38.512531936663166,65.0,43.20088134359992,42.0,24.011429159962535,56.0,35.85824465564107,41.0,22.553740259764396,51.0,31.35157979698633,46.0,27.901293855176075,41.0,23.054334616159085,True
1303118,1,X2,0.58838,10.800000190734863,45.0,31.70551200366391,70.0,54.35820689932785,72.0,56.14908320084879,39.0,26.181252324449396,52.0,38.2374999348343,39.0,26.181252324449396,45.0,31.80557998933592,42.0,28.904856302101297,41.0,28.02421696440174,True
1303140,3,X1,0.49592,10.074999809265137,50.0,42.379209596402575,58.0,49.188093321732275,64.0,54.205370076617726,44.0,36.64058887779169,53.0,44.80728103592463,41.0,33.83290933398481,49.0,41.35216409835373,51.0,43.297610191778254,44.0,36.903717282413716,True
1303197,1,X3,0.52562,10.946999549865724,165.0,125.07653603282891,187.0,136.8381324460671,200.0,144.90944577455022,156.0,121.20811940209522,178.0,129.50398173887345,152.0,118.9136834940166,172.0,128.95830908628525,161.0,122.69510019979447,161.0,123.17132212561219,True
1303215,3,C1,0.32869,10.19200038909912,76.0,53.912102845531656,90.0,61.82207927005455,88.0,58.44005750783745,63.0,48.45384665527113,85.0,58.48115594520579,64.0,49.387033025399205,73.0,52.162280008298204,74.0,53.505296221685,70.0,51.88976950916111,True
1303466,2,C2,0.65274,9.654999732971191,24.0,16.36333883302998,31.0,21.789194340940337,37.0,27.291959151569632,19.0,11.682653811131578,26.0,17.787005345067953,18.0,10.85162529189417,24.0,16.36333883302998,23.0,15.537244235865678,23.0,15.53834046969732,True
1303496,1,C2,0.17978,10.416000366210938,66.0,39.51713030841833,70.0,39.31958344899475,74.0,42.47119254890861,59.0,36.45151645697865,69.0,40.1288959325298,59.0,37.21528174865604,64.0,38.5754087376313,62.0,38.94843129850239,55.0,35.25273485547262,True
1303658,4,E1,0.66788,11.086999893188477,47.0,30.416809325650366,63.0,44.259214928264825,60.0,39.7391919596097,44.0,27.54186293532147,52.0,34.235382789227856,43.0,26.693154606646264,51.0,33.20504578262404,44.0,28.034573499827967,41.0,24.988457592275996,True
1303699,3,C3,0.79547,11.61299991607666,190.0,129.59097509200475,222.0,153.76785236364876,218.0,149.33092777103573,178.0,120.69576728724758,199.0,137.36268985221298,170.0,114.28904761769407,195.0,133.73291804601396,182.0,122.28824004816536,177.0,119.00191466538696,True
1303722,2,C3,1.02468,10.390999794006348,121.0,60.633408273465896,146.0,75.24207840089896,142.0,76.45291037413266,111.0,53.685220779358815,129.0,64.50452801771154,103.0,49.11887894601559,125.0,63.176464783756714,112.0,53.536678984522,109.0,51.99706793144683,True
1303753,2,E1,0.65242,9.68000030517578,22.0,14.349035597346578,25.0,16.258457409062814,34.0,25.495535551917452,18.0,11.19043895046609,23.0,15.325209118294152,19.0,11.358080117168074,21.0,14.181006038378634,21.0,13.356549989507245,22.0,14.349035597346578,True
1303881,3,E2,0.77004,10.79800033569336,41.0,19.48724140410655,52.0,29.072350931320422,58.0,33.32390611313302,36.0,17.181201574672627,50.0,26.962450133245067,35.0,15.692875521227283,45.0,22.18274416149991,40.0,20.110962723420297,35.0,16.20524727428564,True
1303883,4,E2,0.25904,9.956000328063965,27.0,17.962307201612298,35.0,21.562128078188135,44.0,27.0675764421687,25.0,17.90213380386183,32.0,18.672864287430066,24.0,17.805063094633415,30.0,18.52692488431477,28.0,18.18722429231521,27.0,17.217500083027115,True
1303952,1,X2,0.56262,11.289999961853027,46.0,34.069087337862435,71.0,57.246426085480294,73.0,59.11610191187004,40.0,28.416710782575297,53.0,40.67423288334079,40.0,28.416710782575297,46.0,34.08903299704062,43.0,31.156283669263303,42.0,30.266900274693395,True
1304183,4,E2,0.63502,9.109000205993649,29.0,19.468593739413972,39.0,28.150338835233654,45.0,33.82817135315013,27.0,17.579681787846628,34.0,24.123116043552606,24.0,14.887917363992008,32.0,22.220568847826808,30.0,20.389313753449336,29.0,19.589758015889974,True
1304362,1,E2,0.76177,10.953000068664553,42.0,20.17219110003282,53.0,29.887326742775493,59.0,34.2184820107543,37.0,17.74570888373905,51.0,27.69814043406347,36.0,16.247265255041864,46.0,22.974961756073256,41.0,20.787333604492805,36.0,16.759993000543222,True
1304456,4,S2,0.42989,10.663000106811523,58.0,50.497936146447756,73.0,61.49192831582059,70.0,61.93051633566381,51.0,44.813017253827184,67.0,57.75530997439653,50.0,43.85077991311601,61.0,52.497838252547695,59.0,51.47911829007147,53.0,46.576838897113234,True
1304503,2,C3,0.52971,10.574999809265137,203.0,149.18376489489646,233.0,168.19377385365848,228.0,162.69876299485523,194.0,143.90223474736322,212.0,155.03099496113916,189.0,142.39642448359822,209.0,152.37928634246808,196.0,146.88323822621953,193.0,144.83403948715653,True
1304506,2,C3,0.75421,10.449000358581545,193.0,138.0357854162388,225.0,161.96534324824628,221.0,158.00978546365545,181.0,129.3499487243742,202.0,145.86451586389776,173.0,123.6719049173864,198.0,142.16760521668454,185.0,130.81472196947206,180.0,127.91893852564061,True
1304652,3,S2,0.58126,9.496000289916992,23.0,17.73780341553741,30.0,24.218857676445765,32.0,26.86851830554161,21.0,15.821270749940435,26.0,20.259408073532686,21.0,15.821270749940435,23.0,17.363242322900483,24.0,18.703609233908796,19.0,13.880897662866062,True
1304678,4,C1,0.21883,10.916999816894531,70.0,41.9285073994,82.0,45.52996625651944,75.0,44.14385852291929,61.0,39.64802791906462,77.0,43.93349483848764,62.0,40.129838477137305,69.0,40.660355512348616,68.0,41.350730603124404,65.0,41.98315975307537,True
1304777,1,C2,0.40476,11.14900016784668,75.0,64.82866684504614,84.0,69.65915722882481,91.0,74.19979861125246,62.0,55.6615552267978,82.0,69.11448907558534,62.0,55.7128641086944,72.0,62.76884680030108,68.0,59.834862000811654,61.0,53.22702095633631,True
1304779,1,C2,0.55993,10.394000053405762,75.0,57.906142115215566,84.0,66.35742265585668,91.0,72.52523805062599,62.0,45.75715957578993,82.0,64.17372708006644,62.0,45.711250926034644,72.0,55.081537756034884,68.0,51.24773198004018,61.0,45.30006295054592,True
1304841,4,E2,0.74126,11.050000190734863,45.0,21.94984933092929,56.0,31.968508841797824,62.0,36.454404221463676,40.0,19.210039268757676,54.0,29.605139275160507,39.0,17.69442057938255,49.0,25.009987722915245,44.0,22.519435821268335,39.0,18.211039962064408,True
1305051,0,S1,0.29887,10.208999633789062,57.0,44.853878795129056,71.0,51.407831082073514,67.0,50.80362330393999,47.0,39.80062125778976,62.0,46.626850151655844,48.0,40.796354561368915,59.0,47.01811839038157,55.0,43.57101940777227,50.0,41.51416999338129,True
1305308,2,X1,0.68972,11.005000114440918,45.0,23.520796569355333,53.0,29.57453424777114,59.0,31.822885226942624,39.0,18.010581610522596,48.0,26.120086879840333,36.0,16.10621376532387,44.0,22.507163690055762,46.0,24.383686181745603,39.0,19.47085618085067,True
1305409,2,X2,0.61935,10.449000358581545,45.0,28.880199326966842,70.0,50.62021039795685,72.0,52.246368818858926,39.0,23.562419707472294,52.0,35.20245553211451,39.0,23.562419707472294,45.0,29.01971935532903,42.0,26.288574740123817,41.0,25.399594750864715,True
1305486,1,X3,0.89888,11.013999938964844,122.0,76.58375587727025,144.0,97.37930083905385,159.0,104.91126865248025,113.0,69.41451753118918,136.0,88.33989300053305,109.0,65.80579153414703,128.0,80.60375574713004,118.0,73.24466406840608,119.0,74.59342905840249,True
1305504,1,X3,0.49559,11.284000396728516,163.0,121.17433671936347,186.0,130.72285654797054,197.0,139.36610994993302,155.0,118.03815777403246,176.0,124.56922542688608,151.0,116.23338990542258,169.0,124.74873858432338,160.0,119.19554284217435,160.0,119.48832953163561,True
1305626,0,X3,0.32572,9.25100040435791,59.0,39.08640203262701,63.0,43.480213886410844,62.0,40.652195700022546,58.0,39.63494787842874,60.0,40.578196332270686,57.0,39.60401098770899,60.0,40.57819633227068,58.0,39.67335117174877,58.0,39.696555641370686,True
1306067,3,C2,0.7222,10.354999542236328,63.0,35.23851490529469,72.0,43.856301643237764,80.0,47.79491136716776,50.0,26.572750456925814,70.0,41.236127457237295,50.0,25.80801984466052,60.0,33.468225514553275,56.0,29.24016116087141,49.0,25.38235979286054,True
1306073,0,X3,0.32858,10.475000381469728,139.0,76.76540122093053,149.0,79.4044146415402,160.0,84.5663035114124,136.0,76.3952614055394,141.0,77.0419026075474,135.0,76.28578848262444,142.0,78.45644031098213,137.0,76.4526640760093,137.0,76.38473100535482,True
1306110,3,X3,0.60864,11.123000144958496,163.0,126.64867640005458,186.0,143.2475648022773,201.0,151.30162230896306,154.0,120.93438304219711,177.0,134.50710464170237,150.0,117.47303638375426,170.0,131.12155209358178,159.0,123.35390013734889,160.0,124.26979524198083,True
1306141,2,C2,0.33239,9.746999740600586,25.0,19.61028297283356,32.0,21.227686793159346,39.0,28.20228059954443,20.0,16.48387881976903,27.0,20.678514042923915,19.0,16.33372153986046,25.0,19.61028297283356,24.0,18.611281754370815,24.0,19.34191443778811,True
1306360,0,C1,0.45478,10.800000190734863,76.0,63.99556656733032,92.0,76.1688683874338,88.0,71.24313182768356,63.0,53.57952540298767,86.0,72.07601227409218,64.0,54.488191625329186,73.0,61.854823583111596,74.0,62.34632693783315,70.0,58.80765065168317,True
1306366,3,S1,0.15062,9.064000129699709,28.0,15.052558371250953,34.0,19.07598180401041,37.0,19.090967314195137,25.0,14.750369517345723,30.0,15.737392347602862,25.0,14.750369517345723,29.0,15.379534157470946,28.0,14.428806710936156,29.0,15.379534157470946,True
1306626,1,C1,0.42089,8.765999794006348,31.0,26.170769633506165,35.0,29.08593795762872,39.0,34.60445268366588,28.0,24.76859920668712,33.0,27.842801950705656,27.0,23.772532718027374,31.0,26.170769633506165,31.0,26.170769633506165,30.0,25.4532355937831,True
1306980,0,E1,0.54674,10.329999923706056,50.0,39.72285651732488,66.0,54.654850882142945,63.0,51.692753777863174,47.0,37.01647426955506,55.0,44.033898620869344,46.0,36.033781993199376,54.0,43.17195639605186,47.0,37.09428363971208,44.0,34.062015313097035,True
1306991,4,E1,0.42199,10.95199966430664,50.0,45.806634915229004,66.0,57.277292687673174,63.0,54.262357804051554,47.0,43.5545736919477,55.0,50.32866537516178,46.0,42.71041218801313,54.0,49.76412926802968,47.0,43.600225299562595,44.0,39.907400789520935,True
1307277,4,S2,0.41113,10.357999801635742,58.0,50.5376820003863,73.0,61.2437864486743,70.0,62.13385491729593,51.0,45.20924640720967,67.0,57.60082604061097,50.0,44.292219306411056,61.0,52.496802328119706,59.0,51.559803900388694,53.0,46.683090871309766,True
1307830,4,C3,0.35948,10.394000053405762,174.0,104.54202383774698,194.0,115.95965245140518,188.0,114.07528224307636,169.0,102.27843361075692,180.0,107.01183691385673,168.0,101.75965597162663,177.0,106.96723384361873,172.0,104.6756579231757,169.0,102.79776928274053,True
1308314,1,C2,0.40647,7.934000015258789,25.0,21.33116544762386,32.0,24.705187972796995,39.0,32.19258553484652,20.0,17.47267673104024,27.0,22.593371200729333,19.0,17.084619678835487,25.0,21.33116544762386,24.0,20.383260231958754,24.0,20.761261019002575,True
1308326,0,S1,0.32622,9.581000328063965,29.0,25.710122653339162,39.0,32.22380923152678,39.0,33.104661388646655,25.0,23.48218609030784,32.0,27.919886035427563,25.0,23.48218609030784,30.0,26.66993291495288,28.0,25.39396429867753,30.0,26.66993291495288,True
1308357,3,S2,0.34157,10.29800033569336,58.0,48.393552998004765,72.0,57.451103395162264,70.0,59.46220642775269,51.0,44.53478915651396,66.0,54.39991643549241,50.0,43.89370830343452,60.0,50.01297115476936,59.0,49.27774593898928,53.0,44.91949967396233,True
1308582,4,X3,0.36704,10.659000396728516,148.0,87.48627737158417,165.0,90.63013124597428,173.0,97.45747288820318,145.0,86.82579576516959,153.0,88.09372175331269,141.0,86.48470584267801,151.0,89.39743377932125,145.0,86.93225564263237,146.0,86.89085738804457,True
1309013,0,X2,0.2126,10.491999626159668,48.0,32.48520449935241,69.0,41.28967192261366,71.0,42.78553670739457,42.0,30.804081397396835,53.0,34.153779748654436,42.0,30.804081397396835,47.0,32.342920693912035,45.0,31.72936260559543,44.0,31.514499033473662,True
1309288,2,C2,0.26793,10.928999900817873,74.0,51.16455061724075,81.0,52.06513006405983,87.0,56.191959871857684,62.0,46.22079633402081,80.0,52.86546217792338,62.0,46.90407132443219,72.0,49.65613634543642,67.0,49.41717422048063,60.0,44.49814135447366,True
1309293,4,C2,0.33472,9.234999656677246,25.0,19.70410931147421,32.0,21.36155106410515,39.0,28.38251942755432,20.0,16.546508881439117,27.0,20.77388815733349,19.0,16.39101816583332,25.0,19.70410931147421,24.0,18.704509023001435,24.0,19.427804643558115,True
1309376,0,C1,0.74009,11.024999618530272,63.0,36.65333114658709,79.0,49.26510438542045,74.0,45.36519501894761,50.0,26.739729531987887,73.0,44.81741698525061,51.0,27.39259581790842,60.0,35.216176279318965,61.0,35.34833950621111,57.0,30.57744853306203,True
1309492,4,C3,0.33352,9.329000473022463,36.0,22.81482322748754,42.0,26.46631992214524,54.0,36.15872333820907,36.0,22.814823227487548,36.0,22.81482322748754,36.0,22.81482322748754,36.0,22.81482322748754,36.0,22.81482322748754,35.0,22.744810451267686,True
1309551,0,E1,0.65135,9.10200023651123,22.0,14.383839834838449,25.0,16.302062978798936,34.0,25.548768850513902,18.0,11.22453846406909,23.0,15.359283900924945,19.0,11.394591769906324,21.0,14.213414185899804,21.0,13.39271624022524,22.0,14.383839834838449,True
1309874,4,E2,0.27001,10.906000137329102,50.0,36.39912767821298,62.0,40.13167525897356,67.0,42.18820311822495,46.0,33.43047566747598,59.0,38.30007294493438,46.0,34.211544172483116,53.0,37.61223140794752,49.0,34.723344620715594,45.0,33.21948382464242,True
1310073,2,S1,0.62703,8.534000396728516,29.0,19.59864251726758,39.0,27.709117167040898,39.0,27.39429989397425,25.0,16.629285916642463,32.0,22.312085046583427,25.0,16.629285916642463,30.0,20.586230336291,28.0,19.47466344897838,30.0,20.586230336291,True
1310182,1,S2,0.49611,9.87600040435791,23.0,19.820807304995345,30.0,25.912597385388978,32.0,28.8103344108953,21.0,17.827511314633785,26.0,22.02708146109453,21.0,17.827511314633785,23.0,19.048342740704054,24.0,20.82058161184636,19.0,16.22433776995966,True
1310236,0,S2,0.69085,10.5649995803833,48.0,28.854872135844687,61.0,39.98709259672239,58.0,35.741563377558435,41.0,23.488971909943693,57.0,36.12558526546197,40.0,22.56534968383638,51.0,31.698049029870948,49.0,29.205248205773405,44.0,25.928717432801413,True
1310303,3,X1,0.6953,9.420999526977539,32.0,22.270979931089276,35.0,25.062027828479653,40.0,26.415723348074245,27.0,17.733786362197158,37.0,26.380994839581675,27.0,17.733786362197158,33.0,23.51757977818883,32.0,22.270979931089276,32.0,23.02731960494474,True
1310304,4,X1,0.66881,10.887999534606934,45.0,25.23386882305363,53.0,31.997117110011832,59.0,34.4322152284699,39.0,19.71936174725307,48.0,28.028641696406442,36.0,17.666499332020773,44.0,24.28941774595389,46.0,26.149518112941944,39.0,21.140168876412655,True
1310367,2,X2,0.23332,10.54300022125244,48.0,34.210079115610874,71.0,44.20932638126026,74.0,45.86616252267251,42.0,32.182951108246954,53.0,36.15016245794736,42.0,32.182951108246954,47.0,34.04351047783663,45.0,33.31338461405171,44.0,33.03749496462935,True
1310396,0,X2,0.3225,9.300000190734863,33.0,29.10012582247452,41.0,34.54230884560284,47.0,41.06296531127071,31.0,27.832729230402006,35.0,30.35535335693934,30.0,27.14368333129908,36.0,30.392567239304547,35.0,29.60552351238517,30.0,27.10068165035475,True
1310432,1,X2,0.29471,10.324999809265137,48.0,38.50866809513949,73.0,52.341522431210514,75.0,54.23793768755731,42.0,35.316537141230896,55.0,41.500879510713176,42.0,35.316537141230896,48.0,38.305894791182496,45.0,37.14671507762196,44.0,36.63465807212222,True
1310475,0,X2,0.66375,9.107000350952145,32.0,20.841922344072195,39.0,27.25590665878837,45.0,31.578195947789705,30.0,19.50678103968638,35.0,23.483322491836564,29.0,18.631580105209796,35.0,23.34742911560668,33.0,21.348614302584675,29.0,19.660581350123145,True
1310485,3,X2,0.43313,9.288000106811523,33.0,30.670029024496316,41.0,37.16137140194669,47.0,44.14943183050579,31.0,29.204104974546116,36.0,32.63334529585677,30.0,28.213890630750395,36.0,32.74036568276699,35.0,31.111078407179637,30.0,28.193220030733652,True
1310916,3,C2,0.67923,10.83899974822998,71.0,41.04089718764373,80.0,49.94157331360421,87.0,54.56438323223237,58.0,31.18808006030916,78.0,47.41827224955854,58.0,30.586997842656782,68.0,38.7408478202753,64.0,34.736597319196946,57.0,30.240544730249905,True
1310964,2,C2,0.75147,10.16800022125244,60.0,31.707289929218902,69.0,39.93736157435635,78.0,43.4083304114682,47.0,23.82185447498373,67.0,37.295758228395954,47.0,22.99039114572506,57.0,30.322354469885475,53.0,25.94543027429618,46.0,22.556349816970116,True
1311001,1,C3,0.63094,11.27400016784668,206.0,154.60762521244078,239.0,176.6308122961109,230.0,173.09174744187064,195.0,147.4727593981224,215.0,161.43706895456054,187.0,144.61598436672972,213.0,158.5223228666353,198.0,149.6064520614344,193.0,147.05611043254808,True
1311113,4,C3,0.61533,9.020000457763672,48.0,35.66146742240221,56.0,41.84198685400566,71.0,53.12410831258851,46.0,35.22389860312545,49.0,35.77281777664428,45.0,35.18031876712635,49.0,35.9674996715166,46.0,35.036505283749946,46.0,34.10230373042287,True
1311151,2,C3,0.67765,10.687000274658203,204.0,150.395117355862,238.0,173.25766137124157,231.0,170.16125061101786,192.0,142.52822430074093,213.0,157.66309635766433,184.0,138.62957703045447,210.0,154.4177009595605,196.0,144.27907732452815,191.0,141.6880657016769,True
1311496,0,S2,0.69066,10.170000076293944,48.0,28.873671028139658,61.0,40.01071477311728,58.0,35.76223734183652,41.0,23.50519220229592,57.0,36.14801726126339,40.0,22.581822519124838,51.0,31.717799490705435,49.0,29.22388881188846,44.0,25.944938024110737,True
1311590,3,X1,0.5591,9.805999755859377,36.0,28.55713367647581,38.0,31.40202288418207,42.0,34.88284242077047,31.0,23.673446729248802,41.0,32.79740879455352,31.0,23.673446729248802,37.0,29.17473331504352,36.0,28.55713367647581,36.0,28.496811185143848,True
1311631,3,X1,0.64039,10.965999603271484,48.0,27.908768233213664,56.0,35.402777197531236,62.0,38.235683842774826,42.0,22.44077086059555,51.0,30.847031222624857,39.0,20.196861591260355,47.0,27.047623404051162,49.0,28.878847927340715,42.0,23.7333307259598,True
1311632,3,X1,0.4242,10.378999710083008,50.0,44.97327474246489,58.0,50.86107854547458,64.0,55.096377004199574,44.0,39.20679684193769,53.0,47.201398072506144,41.0,37.04516488604592,49.0,44.05447700387758,51.0,45.9476609224463,44.0,39.39773760953772,True
1311755,2,X3,0.471,9.45300006866455,73.0,49.58267044265291,73.0,54.211860535805044,78.0,53.08101125190483,70.0,48.866852095030374,75.0,50.54739411615265,69.0,48.551387740390915,73.0,50.39173932018255,72.0,49.25905687756478,72.0,49.21924360991743,True
1311884,4,X3,0.68136,9.744000434875488,72.0,51.04142943794737,76.0,51.688114663609475,82.0,59.391210500847194,69.0,47.81222475380505,75.0,52.81906170634392,68.0,46.8321686762192,74.0,51.42716679641992,72.0,49.88588966901257,71.0,49.713583574617935,True
1311921,3,X3,1.04436,11.446000099182127,89.0,37.7665871111678,113.0,51.179257833244016,123.0,55.763949839369005,80.0,33.42516072218882,103.0,47.2439944151113,76.0,30.371668447209757,95.0,40.48639179676978,85.0,35.235446839587055,86.0,35.48100905480382,True
1312164,3,E2,0.52327,9.663999557495117,29.0,24.87033086657662,39.0,33.06771385322054,45.0,40.54096895117347,27.0,23.118953343167643,34.0,29.630328474691854,24.0,20.53113433710458,32.0,27.757986054533653,30.0,25.80721697902899,29.0,24.86641328950547,True
1312171,3,E2,0.50043,10.564000129699709,53.0,43.54143325899359,66.0,53.694917774043184,72.0,58.45477644045034,48.0,39.18200576388591,62.0,51.49854294036154,47.0,38.543722917345036,57.0,46.30646939459884,52.0,42.50767490267133,47.0,38.189986067556056,True
1312274,0,S1,0.4245,10.520000457763672,57.0,48.175572658512756,72.0,59.66998551986224,68.0,57.86385146489756,47.0,40.2024897179706,62.0,52.223167589080205,48.0,40.8212743855131,59.0,50.5792444799736,55.0,46.34845661986765,50.0,42.40982142101207,True
1312818,1,C1,0.72292,10.701000213623049,64.0,38.3053238213672,80.0,51.56965723526502,75.0,47.51805510788823,51.0,27.998515653960354,74.0,46.74949323455395,52.0,28.70776825880438,61.0,36.69145283213649,62.0,37.03205806160238,58.0,32.16108436567025,True
1312821,3,C1,0.66121,9.522999763488768,30.0,20.33086003109319,34.0,23.585285261808306,38.0,26.76238329069499,27.0,16.744980290515205,32.0,22.22802501993229,26.0,16.519674543870835,30.0,20.33086003109319,30.0,20.33086003109319,29.0,18.675800166524965,True
1312897,0,X3,0.28578,10.546999931335447,130.0,66.31240531128823,136.0,68.81100269194758,143.0,72.21723730653899,126.0,66.11033374622635,131.0,66.43306914402592,125.0,66.05828624732332,132.0,67.84673947835557,128.0,66.14797732742237,128.0,66.11000877101145,True
1313026,3,C2,0.53696,10.338000297546388,75.0,60.713224164348865,84.0,68.89845839318714,91.0,75.03299874680178,62.0,48.52576137693951,82.0,66.78918539711516,62.0,48.52866153717953,72.0,57.98825376668707,68.0,54.094616542945495,61.0,47.88305650755696,True
1313057,3,C3,0.33754,10.375,171.0,98.40541535975069,190.0,108.90194093056539,184.0,107.0905517492129,166.0,96.35700914147017,176.0,100.51592958548974,165.0,95.9389303513921,174.0,100.76680198442016,170.0,98.58133200167104,166.0,96.77565549536102,True
1313230,2,E1,0.21792,10.225000381469728,49.0,28.932087123268023,60.0,34.652202583965895,57.0,33.202929933272124,47.0,28.399660879689474,54.0,30.82425837365418,46.0,28.301994085933288,53.0,31.05499770786322,47.0,27.95234971906104,43.0,26.770327004119522,True
1313434,3,E2,0.69071,9.840000152587889,29.0,15.785134624775178,38.0,24.151781229608527,45.0,29.072606178088872,27.0,14.038323477556423,34.0,20.643878961292504,24.0,11.694279500102553,32.0,18.75358812570413,30.0,16.783736614779087,29.0,16.272918379374364,True
1313572,4,S2,0.7013,10.081000328063965,48.0,27.82942481241313,61.0,38.68083955014064,58.0,34.61250064097111,41.0,22.604076065053505,57.0,34.88832986482464,40.0,21.666512947212762,51.0,30.60725391538589,49.0,28.187660265582597,44.0,25.04660709514675,True
1313594,1,X1,0.28834,10.07699966430664,50.0,39.1638804422505,56.0,43.684537152471016,62.0,46.71148029781734,44.0,36.09481828889445,52.0,40.49360374757325,41.0,35.444554181688765,49.0,39.07440596829626,51.0,39.94804977767001,44.0,35.469164249111245,True
1313698,2,X1,0.43619,9.902000427246092,36.0,31.98815986498975,38.0,34.400142943682354,42.0,38.389003441914475,31.0,27.303775710207074,41.0,35.276153700078176,31.0,27.303775710207074,37.0,32.77748072910905,36.0,31.98815986498975,36.0,31.17383036274632,True
1314047,1,X3,0.45696,9.737999916076658,73.0,48.8366058648812,73.0,53.70533973113252,78.0,52.23851113028005,70.0,48.24894800610487,75.0,49.82856473917832,69.0,47.985479668151825,73.0,49.70741099077456,72.0,48.58264042774519,72.0,48.549813393933384,True
1314067,1,X3,0.43365,9.35200023651123,71.0,47.47674606551782,72.0,52.63590905835338,77.0,50.69170409025987,68.0,47.10017927543773,73.0,48.5520778057908,67.0,46.90912284970919,71.0,48.47356659873766,70.0,47.35092305820395,70.0,47.33776190435061,True
1314071,4,X3,0.32707,10.144000053405762,139.0,76.38032285840833,149.0,79.01491492345792,159.0,84.0795265848067,136.0,76.01894985636521,141.0,76.65070756196953,135.0,75.91217591770672,142.0,78.0651755805218,137.0,76.07422099341335,137.0,76.00755050163049,True
1314162,4,X3,0.58141,11.00100040435791,164.0,127.35676553664142,186.0,142.64619804724626,201.0,150.3481608422081,155.0,122.22572285675106,178.0,134.0311460634655,151.0,119.08956999590163,171.0,131.6237180413815,160.0,124.3334295451344,161.0,125.14719432746716,True
1314296,1,X3,0.70426,10.45699977874756,156.0,117.85638104985009,181.0,137.0615102448172,196.0,147.8035179013279,147.0,110.2233847587853,170.0,129.5604914178032,143.0,106.28528115723202,164.0,123.27174987354233,152.0,113.9775631148444,153.0,114.80059895986017,True
1314317,4,X3,0.78665,11.25100040435791,144.0,103.93555249757499,168.0,123.8719399179447,184.0,135.60805349487168,135.0,95.34658497400515,158.0,117.07993223850508,131.0,91.63657625982276,152.0,109.52959765015649,140.0,100.18032254787117,141.0,100.78161602227134,True
1314554,4,S1,0.35159,10.82900047302246,57.0,47.110241443063885,71.0,55.76699598115847,68.0,55.013677174410006,47.0,40.652499975464465,62.0,49.816916679679856,48.0,41.548167560594514,59.0,49.57093205430121,55.0,45.586811340723855,50.0,42.85003063363,True
1314847,2,X3,0.52053,11.21399974822998,164.0,124.53329970753698,187.0,135.9538581630097,200.0,144.12551651659575,156.0,120.815121638239,177.0,128.77641016321232,152.0,118.60373089767029,171.0,128.37276050910845,160.0,122.2150297800255,161.0,122.69021304224235,True
1314897,1,X3,0.33662,10.901000022888184,141.0,78.90852561899067,152.0,81.60861427381748,162.0,87.10431808667678,138.0,78.48849434494987,144.0,79.25485285337206,136.0,78.33085264138185,144.0,80.63505116521384,139.0,78.55838518189925,140.0,78.51855150160452,True
1315191,4,S1,0.58357,10.529999732971191,54.0,37.517841891311356,69.0,50.79843969171612,65.0,46.99789435893379,44.0,29.41248081778118,59.0,42.07155938446094,45.0,29.519880382957222,56.0,38.860427737914954,52.0,35.74155602237706,47.0,31.509630477869322,True
1315192,0,S1,0.22714,10.444000244140623,55.0,39.88757962262063,67.0,43.99945546214786,63.0,43.522611735332326,46.0,36.72717562843632,59.0,40.70926473614333,47.0,37.65347444377319,57.0,41.581981210393664,52.0,38.943857088567,48.0,37.538934054369676,True
1315197,1,S1,0.20823,10.149999618530272,52.0,38.173369445790506,63.0,41.76444969003123,63.0,41.416017909815444,44.0,35.45675750537641,56.0,38.832589219779216,45.0,36.34135743196014,55.0,39.782867101715695,50.0,37.36165923250602,46.0,36.08046678495881,True
1315259,1,S2,0.22806,11.376999855041504,56.0,38.10849573051082,67.0,43.041443201701306,70.0,46.07023166423416,50.0,36.4757505333594,64.0,41.47694464900545,49.0,36.27849592961325,58.0,38.82424066743395,57.0,38.71109584685579,52.0,35.90093715515847,True
1315570,2,C3,0.61273,10.802000045776367,207.0,155.2733181051401,240.0,176.92743034261233,232.0,173.02353718673388,196.0,148.44066460163683,216.0,161.949568013982,189.0,145.95480887646934,214.0,159.10950403114236,199.0,150.75668021157225,194.0,148.2417905853064,True
1315806,0,C1,0.69525,10.649999618530272,64.0,41.04155415912022,80.0,55.127726731082184,75.0,50.93737940916269,51.0,30.100162479263805,74.0,49.84318701314837,52.0,30.89746283712919,61.0,39.1313107666079,62.0,39.7907284009388,58.0,34.82170775039409,True
1315818,0,C1,0.55218,10.088000297546388,75.0,57.711178734071815,91.0,72.045477896775,87.0,67.49504609061414,62.0,45.033232782663944,85.0,66.9176151560323,63.0,46.012620365142354,72.0,54.87266049623934,73.0,55.92060067477676,69.0,51.91138094063186,True
1315947,3,C3,0.73781,10.402999877929688,195.0,141.07814956465387,228.0,164.83089492042055,224.0,161.13855118306202,183.0,132.5214240628217,204.0,148.84157273111478,175.0,127.19590213179544,201.0,145.2136667570604,187.0,133.9892052762156,182.0,131.21343008139053,True
1315950,3,C3,0.35948,10.69200038909912,174.0,104.54202383774698,194.0,115.95965245140518,188.0,114.07528224307636,169.0,102.27843361075692,180.0,107.01183691385673,168.0,101.75965597162663,177.0,106.96723384361873,172.0,104.6756579231757,169.0,102.79776928274053,True
1316385,4,C1,0.1474,9.91100025177002,23.0,11.877433769757818,26.0,12.69095776955741,30.0,14.43928554677318,23.0,12.766747551878707,24.0,11.922635356888744,22.0,11.823101154586725,23.0,11.877433769757818,23.0,11.877433769757818,23.0,12.782689285482904,True
1316461,4,C3,0.60984,10.96399974822998,207.0,155.316867525909,240.0,176.90692264015905,232.0,172.93045951793158,196.0,148.53348991213355,216.0,161.9694869635481,189.0,146.09632414493598,214.0,159.13874442049453,199.0,150.87807238692236,194.0,148.37139943067353,True
1316465,2,C3,0.32909,9.116999626159668,35.0,22.472801606224774,42.0,26.05748049731413,53.0,35.71868492547624,35.0,22.472801606224774,35.0,22.472801606224774,35.0,22.472801606224778,35.0,22.472801606224778,35.0,22.472801606224778,34.0,22.407703110996003,True
1316487,3,C3,0.77627,11.217000007629396,192.0,133.67809167933618,224.0,157.80250611309975,220.0,153.54084552624593,180.0,124.86059637914869,201.0,141.5191731866666,172.0,118.7597485935136,197.0,137.8290440344236,184.0,126.37277244556566,179.0,123.27628773760786,True
1316626,4,C3,0.61601,9.932000160217283,48.0,35.67271676415409,56.0,41.84948538812557,71.0,53.12786734399917,46.0,35.23143758078693,49.0,35.78536351403119,45.0,35.187272880000485,49.0,35.98148743672845,46.0,35.0423597348551,46.0,34.10918992664177,True
1316701,4,S1,0.36115,9.562000274658207,29.0,27.075563462341208,39.0,33.92333427847489,39.0,35.177052041942716,25.0,24.283944531742584,32.0,29.477997334618838,25.0,24.283944531742584,30.0,28.073198507289383,28.0,26.61065489925085,30.0,28.073198507289383,True
1316831,2,X1,0.43848,10.73900032043457,50.0,44.87723769435452,58.0,50.88924261514842,64.0,55.34819412952952,44.0,39.017457443697126,53.0,47.14117929496026,41.0,36.68402647833764,49.0,43.89437058253645,51.0,45.83431794591237,44.0,39.22926751733734,True
1316989,2,X1,0.55343,11.060999870300291,50.0,37.06705123701588,58.0,44.82375973870036,64.0,49.37911684521048,44.0,31.665197747257903,53.0,39.79211432679656,41.0,28.870768027918412,49.0,36.2023777547423,51.0,38.0362710655703,44.0,32.225236075282346,True
1317164,4,X1,0.15459,10.815999984741213,47.0,27.671797803550024,52.0,29.460084786624925,55.0,32.6838202628138,41.0,26.79950268321668,49.0,28.053445082036337,40.0,26.717135213499727,46.0,27.739101260630473,48.0,27.93201845128534,41.0,25.566832136512954,True
1317277,1,X2,0.2371,10.090000152587892,48.0,34.509457625517385,71.0,44.72313384940574,74.0,46.404212606341986,42.0,32.41600351668492,53.0,36.50114637712244,42.0,32.41600351668492,47.0,34.33809891838704,45.0,33.58603579432967,44.0,33.29792413193093,True
1317372,3,X3,0.74393,11.19499969482422,152.0,111.91683457836041,176.0,131.52793653326665,192.0,143.13120472839447,143.0,103.6694251284736,166.0,124.62453594741702,139.0,99.80685922900419,160.0,117.55664321404487,148.0,108.02906146333117,149.0,108.70311159780677,True
1317496,2,E1,0.64429,8.810999870300293,22.0,14.611541065868462,25.0,16.585656270432786,34.0,25.889857202694255,18.0,11.450532444454396,23.0,15.582190550768873,19.0,11.637231268340525,21.0,14.424633777033076,21.0,13.631985099088235,22.0,14.611541065868462,True
1317666,1,X3,0.14136,10.062000274658203,77.0,38.490639854636534,78.0,40.423563971286505,84.0,41.21255263429554,77.0,38.490639854636534,77.0,38.490639854636534,77.0,38.490639854636534,78.0,38.986257886210566,77.0,38.490639854636534,77.0,38.490639854636534,True
1317724,1,X3,0.46775,10.409999847412108,162.0,115.80625991304376,184.0,123.30119751775534,193.0,132.3244406476069,155.0,113.33684939723236,173.0,118.31445871725076,151.0,111.96339116116795,167.0,119.01215518814179,157.0,114.12102047323461,159.0,114.33113297878405,True
1317783,1,S1,0.39436,9.04300022125244,29.0,27.623430058814236,39.0,34.783714707483284,39.0,36.275631426599055,25.0,24.360827124146592,32.0,30.15730396563763,25.0,24.360827124146592,30.0,28.61897576801024,28.0,26.967167732720984,30.0,28.61897576801024,True
1318126,0,E2,0.37298,9.413999557495117,29.0,22.74794253356951,39.0,29.373604052768233,45.0,37.06151169027901,27.0,22.362007431894384,34.0,25.3087973115495,24.0,21.643713815487637,32.0,24.62517660418578,30.0,23.43422171979452,29.0,22.322022697474953,True
1318235,1,S2,0.36002,9.840000152587889,23.0,19.688870968963258,29.0,24.678455781037805,32.0,27.123064850697695,21.0,18.37759014857773,25.0,21.302612223554366,21.0,18.37759014857773,22.0,18.95556521121399,24.0,20.383145172294462,19.0,17.212485506415103,True
1318266,1,E2,0.40626,10.987000465393066,53.0,43.59102556971075,66.0,51.85039814251662,72.0,55.09911385890407,48.0,39.56723645780031,62.0,48.96511907085506,47.0,39.494124390580154,57.0,45.75443873268122,52.0,42.63628252924426,47.0,38.77307985822486,True
1318304,2,S2,0.39764,9.62399959564209,23.0,20.72902003894476,30.0,26.278313193717924,32.0,28.563137163335096,21.0,19.098184611890737,26.0,22.622270414118947,21.0,19.098184611890737,23.0,19.902513540666106,24.0,21.57859045337169,19.0,17.79350110279806,True
1318460,3,S2,0.36604,8.72700023651123,23.0,19.918117389478287,29.0,25.011764261567798,32.0,27.42238912649903,21.0,18.55077133400566,25.0,21.576283257021995,21.0,18.55077133400566,22.0,19.15788793474133,24.0,20.640329069656726,19.0,17.359451474731756,True
1318689,1,C2,0.49338,8.743000030517578,25.0,20.825206809387147,32.0,26.126812692173843,39.0,33.04581937364574,20.0,16.52623988885088,27.0,22.54534677539468,19.0,15.743743155021974,25.0,20.825206809387147,24.0,19.860450292353327,24.0,19.91208759601183,True
1318847,2,S1,0.65992,9.206000328063965,28.0,17.967261556423757,38.0,24.847878389680005,38.0,25.020299751180747,24.0,15.507488397202042,31.0,20.38858405480923,24.0,15.507488397202042,29.0,18.921954639170558,27.0,18.100879309496417,29.0,18.921954639170558,True
1319058,1,X1,0.66811,11.034000396728516,45.0,25.293461563272896,53.0,32.07813643692568,59.0,34.52114757720343,39.0,19.779370364041387,48.0,28.093433814958345,36.0,17.72146909531477,44.0,24.351223925617724,46.0,26.210705168231378,39.0,21.19807802187466,True
1319066,0,C2,0.33403,8.881999969482422,25.0,19.676578148673592,32.0,21.322025621956897,39.0,28.329476007160025,20.0,16.528161557535984,27.0,20.745877268747968,19.0,16.374264606203734,25.0,19.676578148673592,24.0,18.67712643907119,24.0,19.40263760021676,True
1319366,3,S2,0.23482,9.555999755859377,22.0,12.829073527132328,28.0,14.712823558325566,32.0,16.808444088688514,20.0,12.50984195474912,24.0,13.355009098046802,20.0,12.50984195474912,21.0,12.630780821041407,23.0,13.00341079188643,19.0,12.068353828453143,True
1319539,1,S2,0.37176,10.546999931335447,58.0,49.75017159393331,73.0,59.6565788544355,70.0,61.26271216515837,51.0,45.23976059711698,67.0,56.29421845262901,50.0,44.46434094988681,61.0,51.563906244644,59.0,50.742012313700364,53.0,46.07351545402898,True
1319653,1,C1,0.59552,10.595999717712402,71.0,52.453066042916376,87.0,67.32868778767937,83.0,62.974386701439286,58.0,39.82708412148327,81.0,61.76222195886599,59.0,40.82509969948593,68.0,49.676834100426866,69.0,50.91677487449887,65.0,46.426253412339705,True
1319711,3,X3,0.24171,10.112000465393066,112.0,56.85701695364204,113.0,59.202320057394914,126.0,61.520111878839714,111.0,56.814417730648486,113.0,56.91517200902177,111.0,56.814417730648486,115.0,58.2682061642258,112.0,56.81700394432058,111.0,56.776310493685045,True
1319821,0,C2,0.3088,10.253999710083008,75.0,56.14028401953416,82.0,57.89698252563074,88.0,62.148164180747486,62.0,50.12919021856866,81.0,58.54864491290736,62.0,50.63294143452112,72.0,54.38381576863215,68.0,53.54564535563662,61.0,48.0820031578628,True
1319840,4,C2,0.4897,10.284999847412108,75.0,64.86658233869595,84.0,72.23362293609617,91.0,77.86993925413279,62.0,53.18004906974102,82.0,70.43515326623996,62.0,53.19226015144928,72.0,62.43385840338339,68.0,58.49676470694492,61.0,51.83765412505718,True
1319898,3,C3,0.7286,11.079999923706056,196.0,142.69631779790026,229.0,166.32037539545084,225.0,162.7757171371202,184.0,134.22385076702713,205.0,150.40541736882028,176.0,129.10719366077282,202.0,146.81725337106286,188.0,135.70827084016318,183.0,132.98620614633077,True
1320009,2,C3,0.69164,10.746999740600586,203.0,148.56305949049352,237.0,171.64821388480195,232.0,168.54122898544568,191.0,140.50826722874035,212.0,155.9662885005527,183.0,136.27254962156695,209.0,152.61469260442317,195.0,142.1602504899381,190.0,139.55575576423504,True
1320030,3,C3,0.68141,10.437000274658203,204.0,149.9298823579149,238.0,172.8527375102186,232.0,169.7721153928766,192.0,142.01105308566716,213.0,157.23454869448628,184.0,138.02224600045034,210.0,153.9604593567662,196.0,143.73376987611297,191.0,141.14017622785389,True
1320278,2,S2,0.57508,10.977999687194824,57.0,41.34021393015328,72.0,53.69834745442391,69.0,49.7431101129217,50.0,34.67224225009451,66.0,49.52911143542781,49.0,33.798596687535664,60.0,43.83793020171267,58.0,41.64490998224583,52.0,37.21692034159668,True
1320447,2,S2,0.57892,11.026000022888184,57.0,40.94594363290786,72.0,53.314772448989814,69.0,49.282055075695446,50.0,34.30238558733537,66.0,49.14015308302602,49.0,33.43266982950919,60.0,43.46803549228757,58.0,41.24452652950663,52.0,36.83912794774975,True
1320474,1,C1,0.78842,10.586000442504885,53.0,32.085135897233144,69.0,42.31584736554713,64.0,39.21639898272032,40.0,23.187776143628955,63.0,39.19450707120427,41.0,23.684202141871054,50.0,31.07278414885718,51.0,30.63801587688975,47.0,26.261577203235543,True
1320501,0,S2,0.33683,10.720000267028809,58.0,48.12365234279861,72.0,57.03480275184111,70.0,59.09704888827411,51.0,44.36698323142395,66.0,54.039867073576815,50.0,43.747759502920246,60.0,49.71181321999394,59.0,48.98728859873174,53.0,44.688080029713916,True
1320704,0,S1,0.26996,10.918999671936035,57.0,43.13062581401994,71.0,48.63755576298676,66.0,48.055587157693196,47.0,38.861224685747224,62.0,44.47860882238122,48.0,39.855001779954286,59.0,45.09776997884617,55.0,41.989712740909354,50.0,40.217210727961486,True
1320762,2,S1,0.51339,9.234999656677246,29.0,24.76939607870405,39.0,33.20703999482927,39.0,33.868854623067065,25.0,20.841150667679113,32.0,27.706741381111687,25.0,20.841150667679113,30.0,25.748016614824056,28.0,23.940501187549934,30.0,25.748016614824056,True
1321006,3,X2,0.30244,11.28600025177002,48.0,38.96428347736914,73.0,53.302373667611164,75.0,55.216007941748366,42.0,35.61761088286403,55.0,42.099239606254685,42.0,35.61761088286403,48.0,38.75331250985213,45.0,37.539919508568346,44.0,36.993592257498314,True
1321116,1,X3,0.62684,11.107000350952148,161.0,125.62971673336136,185.0,142.96427311802444,199.0,151.39144851696457,152.0,119.53346166637083,175.0,134.28728088413652,148.0,115.89882536843727,168.0,130.26362364281835,157.0,122.17395019135611,158.0,123.12582000923639,True
1321166,2,X3,0.4351,10.744000434875488,160.0,107.60707663776897,179.0,113.01924592889407,186.0,121.9757850173245,153.0,105.82810830471009,169.0,109.29618123594817,149.0,104.89340508962201,165.0,110.35212255219443,155.0,106.34826437910714,157.0,106.41858194263179,True
1321276,3,X3,0.33121,9.973999977111816,60.0,39.61936135252368,64.0,44.1117705144353,63.0,41.27263187875522,59.0,40.13178703931696,61.0,41.107111054861235,58.0,40.097406076347816,61.0,41.107111054861235,59.0,40.173588268796806,59.0,40.20194782698143,True
1321338,2,X2,0.31048,9.979999542236328,33.0,28.433099454979672,41.0,33.7291037351236,47.0,40.02043573741206,31.0,27.192551062446604,35.0,29.597139586897182,30.0,26.556230162984154,36.0,29.626957548183526,35.0,28.96803411518174,30.0,26.44175028086654,True
1321450,0,E1,0.25833,9.30799961090088,22.0,14.232347780645721,24.0,15.790500787156631,34.0,20.752374582664597,19.0,12.51607699634434,23.0,14.50914613171011,20.0,13.466204117412637,21.0,13.297280376964295,22.0,14.232347780645721,22.0,14.232347780645721,True
1321492,3,E1,0.55467,10.434000015258787,50.0,39.10533288114926,66.0,54.182919851247824,63.0,51.120948575837026,47.0,36.36368375919422,55.0,43.39498729316761,46.0,35.38818550019688,54.0,42.51519435074627,47.0,36.472432306066175,44.0,33.46748598776859,True
1321973,1,X1,0.37043,10.960000038146973,50.0,43.811092273738225,58.0,49.339248225699116,64.0,52.799620612470065,44.0,38.86105906789504,53.0,45.816240594896485,41.0,37.38676646468582,49.0,43.24604864612582,51.0,44.80533992202829,44.0,38.834115593134385,True
1322819,3,C2,0.33759,11.541000366210938,75.0,59.30463263934189,83.0,61.866468625960884,89.0,66.159875747699,62.0,52.444339639612046,81.0,62.266222118130564,62.0,52.79370479793169,72.0,57.42998340233956,68.0,56.01110837595975,61.0,50.16382389344912,True
1322975,1,C3,0.84634,11.16100025177002,175.0,117.36045011509893,206.0,140.8799006342161,202.0,136.61463950251084,163.0,108.39204374201645,184.0,124.57317420868964,155.0,101.54392337934394,180.0,121.32165582601455,167.0,110.23912555942911,162.0,106.61461924624622,True
1323016,1,E2,0.33485,9.970999717712402,29.0,21.24482408506546,38.0,26.856721501648725,44.0,33.96117592533251,27.0,21.02818482619364,34.0,23.00627556355998,24.0,20.594250279278807,32.0,22.57805335428237,30.0,21.74741112619062,29.0,20.62515403627714,True
1323106,2,X1,0.34417,10.36400032043457,50.0,42.60266188726359,58.0,47.914706101227374,64.0,51.12849136418298,44.0,38.23048218255341,53.0,44.4318160469299,41.0,37.06388409712098,49.0,42.220145280298375,51.0,43.5606312884637,44.0,38.02556093556302,True
1323600,3,S2,0.37044,10.62600040435791,58.0,49.70417178905396,73.0,59.57832704759404,70.0,61.20378255530046,51.0,45.222102439550895,67.0,56.22775579826156,50.0,44.452248323249194,61.0,51.51134475543775,59.0,50.69251546824007,53.0,46.034944688079094,True
1324509,3,C2,0.21062,10.321999549865724,69.0,43.63402136941085,73.0,43.66358342447472,79.0,47.29300514091666,60.0,39.962326889709594,73.0,44.534789092752064,60.0,40.74794137695534,68.0,42.51510221218888,64.0,42.76752489469835,58.0,38.64817738662934,True
1324562,2,C2,0.35299,10.303000450134276,75.0,60.84259232145685,84.0,63.905406968815925,89.0,68.18964739370176,62.0,53.48688446790329,81.0,64.10719277612641,62.0,53.75385594602429,72.0,58.91758209094109,68.0,57.15418850213701,61.0,51.10707490250264,True
1324582,1,C2,0.38185,11.064000129699709,75.0,63.33120131159604,84.0,67.36013047158475,91.0,71.76504063796625,62.0,54.98319808280431,82.0,67.18541962118417,62.0,55.11355364081516,72.0,61.328637379845134,68.0,58.89777506036181,61.0,52.50764913654295,True
1324685,2,C3,0.54183,10.086999893188477,203.0,151.0125312671093,233.0,170.49578326753257,230.0,165.1298485646317,194.0,145.4987357955934,212.0,157.0216984110074,189.0,143.90801314708355,209.0,154.31202800780133,196.0,148.40636919209098,193.0,146.2948786925586,True
1324790,3,C1,0.35723,9.326000213623049,31.0,24.249590605447654,34.0,26.312317150080496,39.0,30.9291283816259,28.0,23.612946395560527,33.0,25.374849407060285,27.0,22.696532625876955,31.0,24.249590605447654,31.0,24.249590605447654,30.0,24.00720036930558,True
1325191,1,C3,0.7981,10.57699966430664,190.0,129.0198199808139,222.0,153.19346654586627,218.0,148.74122269701303,178.0,120.11644255362481,199.0,136.77593436836432,170.0,113.67298128305015,195.0,133.15830297061436,182.0,121.72206012822447,177.0,118.4101426108604,True
1326299,1,C3,0.67382,9.621999740600586,48.0,35.44587188663546,58.0,41.62193459408777,72.0,51.74769787007073,46.0,34.635437909812765,50.0,35.79012594744242,45.0,34.511048871537554,50.0,36.10304162210783,46.0,34.28204509308474,46.0,33.637754200333376,True
1327978,0,E2,0.20699,10.892999649047852,46.0,31.417854231206842,54.0,33.70407282217576,59.0,35.33469033595525,42.0,29.15345876506083,50.0,32.32737516155992,42.0,29.942226637979637,48.0,32.1648632963291,45.0,29.805910681974133,41.0,29.06728167055257,True
1328016,0,E2,0.35071,10.626999855041504,53.0,41.09779049816384,65.0,47.45842805198436,70.0,50.004644389895745,48.0,37.40547480234718,62.0,44.809396063590114,47.0,37.767934433433815,56.0,42.883290999905704,52.0,39.832504532387695,47.0,36.88791744578008,True
1328089,2,E1,0.56864,9.60099983215332,23.0,16.990564478247048,25.0,19.254953719154113,36.0,28.709219007722087,19.0,13.95681874240888,24.0,17.93555641738677,20.0,14.409798824962184,22.0,16.545521541137376,22.0,16.305331957439968,23.0,16.990564478247048,True
1328105,1,E1,0.44153,11.109999656677246,50.0,45.6800155917471,66.0,57.65848646355417,63.0,54.80171519709784,47.0,43.35324269645472,55.0,50.22961808181233,46.0,42.44500102463223,54.0,49.595191304312515,47.0,43.3499551365957,44.0,39.7246804702401,True
1329168,2,C3,0.67651,10.795000076293944,204.0,150.5326948711336,238.0,173.37687861473478,231.0,170.28325982926845,192.0,142.68174535205299,213.0,157.78952934186367,184.0,138.81033638669285,210.0,154.55282552984664,196.0,144.44133597783696,191.0,141.85098855480106,True
1329312,2,X3,0.34478,10.862000465393066,144.0,81.17387098956408,155.0,83.9153297376682,163.0,89.71949690344668,141.0,80.69755082812497,147.0,81.56493635797835,138.0,80.48355184691766,147.0,82.94138745919253,142.0,80.7822172039869,143.0,80.74099439360182,True
1329365,4,X3,0.61101,10.633000373840332,163.0,126.54423002114727,187.0,143.27090578995563,201.0,151.3418896802925,154.0,120.77985978886166,177.0,134.5068886197877,150.0,117.2938051423169,170.0,131.03700656734392,159.0,123.2274636629531,160.0,124.14960709543773,True
1329615,0,X2,0.4036,10.925999641418455,48.0,42.45306612244816,73.0,63.028867181748126,75.0,64.89053018454355,42.0,37.32412707836566,55.0,47.59341352422616,42.0,37.32412707836566,48.0,42.12786958805402,45.0,40.178368251005985,44.0,39.23294204631519,True
1330031,0,E2,0.10563,9.062999725341797,20.0,12.528009658172142,25.0,13.264097388958783,31.0,15.757189258646095,20.0,12.528009658172142,20.0,12.528009658172143,20.0,12.52800965817214,20.0,12.52800965817214,20.0,12.528009658172142,19.0,12.086899480011782,True
1330350,3,C3,0.76303,10.989999771118164,193.0,136.3471803782311,225.0,160.3690117039352,221.0,156.28124021136583,181.0,127.60299985276492,202.0,144.19200423567318,173.0,121.74777681298548,198.0,140.48991486362863,185.0,129.0801062912886,180.0,126.10829055555523,True
1330403,2,C2,0.7765,10.54800033569336,56.0,28.847174779580552,66.0,36.6520555133026,73.0,39.58881782188774,43.0,21.54751443846186,63.0,33.97976683172848,43.0,20.689097283383393,53.0,27.776780359125723,49.0,23.28545891793383,42.0,20.305415761951643,True
1330530,1,C1,0.33633,9.986000061035154,31.0,23.101376684195383,34.0,24.858812295490022,39.0,29.121061398200574,28.0,22.727393900369265,33.0,24.02866842670103,27.0,21.824008277078068,31.0,23.101376684195383,31.0,23.101376684195383,30.0,23.048865643876308,True
1330533,1,C1,0.36444,10.189000129699709,76.0,57.72456034629994,92.0,67.10965605230014,88.0,63.03685694952292,63.0,50.94707538160997,86.0,63.377339790826525,64.0,51.94254926439271,73.0,55.93480339701447,74.0,57.13107090227366,70.0,54.65230051166383,True
1330559,2,C1,0.68131,10.734999656677246,66.0,42.53898993991117,82.0,56.93299993296369,77.0,52.704602235507174,53.0,31.29399980243073,76.0,51.479516455114315,54.0,32.13350610041528,63.0,40.4798289001673,64.0,41.28557411165858,60.0,36.30288424845341,True
1330642,4,X3,0.63391,9.317999839782711,74.0,53.933215130706074,77.0,54.897547183635325,83.0,60.40002008427863,71.0,51.33985663493495,77.0,55.77587594242829,70.0,50.34624060399811,76.0,54.63238245652128,74.0,52.96447674539242,73.0,52.93486258227871,True
1330817,4,S2,0.27051,10.54300022125244,58.0,42.81836031197103,71.0,49.320598141486535,70.0,52.01016987199238,51.0,40.42150433681203,66.0,47.241885279542004,50.0,40.08835268397434,60.0,43.87741515929037,59.0,43.43531168411669,53.0,40.08750901959826,True
1330828,0,S2,0.36705,10.395000457763672,58.0,49.580379690685135,72.0,59.341580696236335,70.0,61.04390867331932,51.0,45.17122832654275,66.0,56.02268559357192,50.0,44.41583935302618,60.0,51.34253399953841,59.0,50.5591286716724,53.0,45.930783386959206,True
1330903,1,S2,0.56429,10.37600040435791,58.0,42.459312374738374,73.0,54.77370870451869,70.0,51.059057117204695,51.0,35.736086885441054,67.0,50.62325766355074,50.0,34.85004813385902,61.0,44.88963366982748,59.0,42.78624328227609,53.0,38.29924551229644,True
1331123,4,E1,0.22157,11.109999656677246,49.0,29.293050389507783,60.0,35.16171686681247,57.0,33.62296820610602,47.0,28.737611844253657,54.0,31.221989174213963,46.0,28.634389815517874,53.0,31.45266521201377,47.0,28.297794762103017,43.0,27.067850213144286,True
1331344,4,X1,0.54993,9.869999885559082,36.0,28.91349129864867,38.0,31.756585108170782,42.0,35.35518984795825,31.0,24.010216375155082,41.0,33.09177114069019,31.0,24.010216375155082,37.0,29.537829005100285,36.0,28.91349129864867,36.0,28.779949217583574,True
1331513,4,S2,0.40572,9.871000289916992,23.0,20.82773522538596,30.0,26.452600900852925,32.0,28.747421187517002,21.0,19.140358497231173,26.0,22.760907907461387,21.0,19.140358497231173,23.0,19.98546456656435,24.0,21.703508236918108,19.0,17.811760556804817,True
1331660,0,C1,0.72076,10.946000099182127,64.0,38.513821154405285,80.0,51.852552651378126,75.0,47.78595870255985,51.0,28.157013922728076,74.0,46.98998004171936,52.0,28.87329163667755,61.0,36.877137511760786,62.0,37.24361049622692,58.0,32.36199313291128,True
1331707,3,E2,0.65395,10.529000282287598,48.0,30.04543962783482,60.0,40.994011188516126,66.0,45.725095025911614,43.0,26.041007626295645,57.0,38.382723906031714,42.0,24.666661816020834,52.0,33.757049484310116,47.0,29.998271172589927,42.0,25.11691516589557,True
1331719,4,E2,0.58627,10.562000274658203,53.0,36.91622788418962,66.0,47.82892630312612,72.0,52.783220742649746,48.0,32.44185509772021,62.0,45.60503492242262,47.0,31.425267027938258,57.0,40.40675461577332,52.0,36.15561864438827,47.0,31.565954165538297,True
1331836,2,X1,0.35667,10.652000427246094,50.0,43.2179468139645,58.0,48.64120792352375,64.0,51.9589331947823,44.0,38.562359119457085,53.0,45.136104321183964,41.0,37.25368928095821,49.0,42.75060619213176,51.0,44.19738256735053,44.0,38.446202763636215,True
1331883,3,X3,0.61882,9.692999839782711,74.0,54.329007897029854,77.0,55.477331549655666,83.0,60.2363571863419,71.0,51.948422036723805,77.0,56.11818774349282,70.0,50.97560972867624,76.0,55.0891066352067,74.0,53.42955932124126,73.0,53.42062759485231,True
1331993,2,X3,0.71961,9.107999801635742,67.0,47.418970623836266,72.0,47.83332586998884,78.0,56.85173285574937,64.0,43.82800118148773,70.0,49.01605989897849,63.0,42.887100165027576,69.0,47.5914314849661,67.0,46.223941875150466,66.0,45.86928032723472,True
1332614,4,C3,0.51856,10.395000457763672,202.0,147.19694433699811,231.0,165.72248083908713,227.0,160.2801814183915,193.0,142.1334048363518,210.0,152.8519858141197,188.0,140.69784496636262,207.0,150.27275165072925,195.0,145.16896166267648,192.0,143.17178197050868,True
1332689,4,C1,0.48766,9.781000137329102,31.0,25.995562161614835,35.0,29.072889541773165,39.0,34.7313558821247,28.0,23.7874888824134,33.0,27.950583025818975,27.0,22.87266450516125,31.0,25.995562161614835,31.0,25.995562161614835,30.0,24.930973340577424,True
1332701,0,C1,0.79167,10.347999572753906,53.0,31.82936413026989,69.0,41.870538475426606,64.0,38.84386594574017,40.0,23.00277733411246,63.0,38.85050225349348,41.0,23.48961719968056,50.0,30.842697332162153,51.0,30.372262381547962,47.0,26.026241167442663,True
1332709,2,C1,0.69371,10.02400016784668,64.0,41.19795236341018,80.0,55.32159008191579,75.0,51.12635955143927,51.0,30.22192088937186,74.0,50.016298296176515,52.0,31.02394068925873,61.0,39.271133636153266,62.0,39.947223749743635,58.0,34.97537308112741,True
1332721,0,C1,0.42224,9.909000396728516,31.0,26.185678116524784,35.0,29.112054661949536,39.0,34.64387793253747,28.0,24.767612976280144,33.0,27.866880675201916,27.0,23.770751545843112,31.0,26.185678116524784,31.0,26.185678116524784,30.0,25.459782470898478,True
1332747,3,C3,0.34305,9.300000190734863,36.0,23.446253437284472,42.0,27.309713555859847,54.0,37.010903072639074,36.0,23.446253437284483,36.0,23.44625343728448,36.0,23.44625343728448,36.0,23.44625343728448,36.0,23.446253437284483,35.0,23.364828603174697,True
1332795,2,C1,0.67984,10.880999565124512,66.0,42.69363193473197,82.0,57.1161147157575,77.0,52.884693427310076,53.0,31.416794273723525,76.0,51.64744511334326,54.0,32.260547866997285,63.0,40.618885027856805,64.0,41.43915332727782,60.0,36.45645758946336,True
1332819,3,C3,0.3418,10.748000144958496,171.0,99.57770556587509,190.0,110.2475341494481,184.0,108.43298242811305,166.0,97.49001814564977,176.0,101.74925284276578,165.0,97.05313391923323,174.0,101.95363839883161,170.0,99.7534118692056,166.0,97.92515191950689,True
1333248,4,S2,0.69395,10.175000190734863,48.0,28.548903107117912,61.0,39.600993537271904,58.0,35.404962404054494,41.0,23.22497070812333,57.0,35.75924682468588,40.0,22.297217223977814,51.0,31.375389150964928,49.0,28.90178777213059,44.0,25.664972903098096,True
1333291,2,X3,0.3646,10.01200008392334,146.0,86.73101956936796,162.0,89.80894706185782,171.0,96.55571419387836,143.0,86.09319627545834,150.0,87.28676080208962,140.0,85.79507742829587,149.0,88.6243024550601,144.0,86.22376972176983,145.0,86.18205591723068,True
1333442,0,X3,0.69209,11.192999839782717,159.0,119.47071004610048,184.0,138.49221252907807,199.0,148.88944548230702,150.0,112.060925442782,173.0,130.77044157882636,146.0,108.12592075454918,167.0,124.78373581717548,155.0,115.62458238746427,156.0,116.4910054327855,True
1333489,4,C3,0.68179,10.92099952697754,204.0,149.88189992238048,238.0,172.81083040530177,233.0,169.75742658223962,192.0,141.95787816916385,213.0,157.19026526106578,184.0,137.95993473368904,210.0,153.91327708541326,196.0,143.67781158224253,191.0,141.0839200268539,True
1333949,0,E2,0.65927,11.26099967956543,47.0,29.49715307116812,59.0,40.42103545573639,65.0,45.141609021945776,42.0,25.554634117698185,56.0,37.79318760101732,41.0,24.158125588181075,51.0,33.1991672276597,46.0,29.505075890271765,41.0,24.622834608437664,True
1334084,2,S2,0.13349,9.987999916076658,20.0,8.590203167246061,24.0,9.038093917249737,26.0,9.545887470117023,19.0,8.551947600366782,21.0,8.683498568593098,19.0,8.551947600366782,19.0,8.547739749173136,20.0,8.590203167246061,18.0,8.429446505461234,True
1334087,2,S2,0.26628,10.980999946594238,58.0,42.390714707588266,71.0,48.73434597536825,70.0,51.45407756539244,51.0,40.07359725475507,66.0,46.709460925840425,50.0,39.756023479714656,60.0,43.41394255583368,59.0,43.00004972413691,53.0,39.71116817232502,True
1334253,1,C1,0.62076,9.428000450134276,31.0,22.25338905882063,35.0,25.2898252534033,39.0,29.01915997800847,28.0,18.747203516969204,33.0,24.137868907502988,27.0,18.39058247887186,31.0,22.25338905882063,31.0,22.25338905882063,30.0,20.77546485292805,True
1334257,2,C1,0.68005,10.840999603271484,66.0,42.67151486116182,82.0,57.08997667088378,77.0,52.85897940138538,53.0,31.39921759549666,76.0,51.62344650683284,54.0,32.242366463935234,63.0,40.59899187840355,64.0,41.41719599546657,60.0,36.43448324875629,True
1334265,1,C1,0.58586,10.722000122070312,72.0,53.64569677881823,88.0,68.4394406849676,84.0,64.05026482401713,59.0,40.95794872048413,82.0,62.948760717085136,60.0,41.957947155540104,69.0,50.831846210126606,70.0,52.0534733206856,66.0,47.66853486880932,True
1334302,2,E1,0.45463,10.66800022125244,50.0,45.360522869932424,66.0,57.71286099382396,63.0,54.9473649843305,47.0,42.991033756985885,55.0,49.90332854207174,46.0,42.04933768345303,54.0,49.23170532616285,47.0,42.95961974787413,44.0,39.40397455135124,True
1334423,0,S1,0.35791,9.319999694824215,29.0,26.98137110158766,39.0,33.798949862813856,39.0,35.02146639240347,25.0,24.240138699825664,32.0,29.368826439295812,25.0,24.240138699825664,30.0,27.9775660183477,28.0,26.53377194251643,30.0,27.9775660183477,True
1334448,3,X1,0.51686,10.784999847412108,50.0,40.68335202734968,58.0,47.86571763016135,64.0,52.842108025823975,44.0,35.088387352806635,53.0,43.20679651304995,41.0,32.22941041089846,49.0,39.709471079776876,51.0,41.61302971824471,44.0,35.41787217888041,True
1334597,1,X3,0.28895,9.10099983215332,55.0,35.374063770578886,60.0,39.110304448126854,60.0,36.43194737829781,54.0,36.1108582468313,56.0,36.81121770730382,54.0,36.110858246831306,56.0,36.811217707303825,55.0,36.14652915203047,55.0,36.118524525191326,True
1334620,3,X2,0.19624,10.159000396728516,46.0,30.968173962847555,67.0,38.92766240631493,68.0,40.284901839795076,41.0,29.567409563080965,51.0,32.435314447247336,41.0,29.567409563080965,46.0,30.87292095566816,44.0,30.34598708726289,43.0,30.172306369816894,True
1334644,4,X2,0.28805,11.357999801635742,48.0,38.10020631253292,73.0,51.5012820558738,75.0,53.37969719464948,42.0,35.04074708293363,55.0,40.97220375847959,42.0,35.04074708293363,48.0,37.90427074486536,45.0,36.79146261131966,44.0,36.30836209089577,True
1334645,0,X2,0.24701,10.475000381469728,48.0,35.27232223105659,72.0,46.09251367662398,74.0,47.799294001471644,42.0,33.00075909442003,54.0,37.4362378976927,42.0,33.00075909442003,47.0,35.08777058299842,45.0,34.27745707687057,44.0,33.95572853212323,True
1334647,4,X2,0.74333,9.755999565124512,27.0,14.504631623407018,35.0,19.076779656108386,40.0,25.17721359993772,25.0,15.04223827740849,30.0,16.21536084784898,24.0,14.081469417358576,30.0,15.906970186280232,28.0,14.267961278258781,24.0,15.330757366378803,True
1334686,0,X2,0.65904,10.822999954223633,43.0,25.33835258387032,68.0,45.53621183764309,70.0,46.86362061219147,37.0,20.34043254742469,50.0,31.19930513939723,37.0,20.34043254742469,43.0,25.394496772681826,40.0,23.08653840920467,39.0,22.163743464185014,True
1334707,4,C3,0.64922,9.024999618530272,48.0,35.83565636172513,58.0,41.9602143584759,71.0,52.7388998841254,46.0,35.19283374945421,50.0,36.07338938054186,45.0,35.11079887877407,50.0,36.34073444845115,46.0,34.91256985767636,46.0,34.10027455795185,True
1334742,0,S1,0.52809,10.489999771118164,56.0,43.60165548186803,71.0,56.97258624956788,67.0,53.025265704597864,46.0,35.22872358313451,61.0,48.32386185081905,47.0,35.46337615954889,58.0,45.101440783709826,54.0,41.64778438584375,49.0,36.91580711727074,True
1335259,2,C1,0.72701,10.652999877929688,64.0,37.91292383779456,80.0,51.03159846140579,75.0,47.01066735398487,51.0,27.700819117901705,74.0,46.29452105284307,52.0,28.39673472017682,61.0,36.34198559979363,62.0,36.63333074624478,58.0,31.78376530996117,True
1335305,1,S2,0.33403,9.531999588012695,23.0,18.471907131895343,29.0,22.91132216039951,32.0,25.524954274448564,21.0,17.41134608453239,25.0,19.864003025363292,21.0,17.41134608453239,22.0,17.864064999186084,24.0,19.038707448096186,19.0,16.377472729183502,True
1335387,0,C2,0.60582,9.510000228881836,25.0,18.171776390028434,32.0,23.767099993926266,39.0,29.89675671459217,20.0,13.462949328115767,27.0,19.894906795655857,19.0,12.487719757476727,25.0,18.171776390028434,24.0,17.217816600779457,24.0,17.23931945885225,True
1335432,1,C3,0.42692,10.229000091552734,195.0,124.13778608947906,218.0,138.50943591421938,212.0,135.33791439107395,187.0,120.87707329318869,202.0,127.93968806390147,184.0,119.9672062128336,200.0,126.73863048834367,189.0,123.80315794999031,187.0,121.9255820519271,True
1335472,0,E2,0.50597,10.244999885559082,53.0,43.27965229808146,66.0,53.49656958772112,72.0,58.313613290832976,48.0,38.90249967518134,62.0,51.33852129074391,47.0,38.242979482252096,57.0,46.089147948245504,52.0,42.23488212086499,47.0,37.91640833003172,True
1335564,3,X2,0.60619,9.482999801635742,33.0,24.3571497139649,40.0,31.616146854845937,46.0,35.56139868221376,31.0,22.370957814777373,36.0,26.95667263476349,30.0,21.49115166956974,36.0,27.11122037467233,34.0,25.162684515098032,30.0,22.188561230546487,True
1335671,3,C2,0.52427,11.005000114440918,75.0,62.0751736465548,84.0,70.08052813395277,91.0,76.13083814864538,62.0,49.94393236867065,82.0,68.0286050367766,62.0,49.959823775052946,72.0,59.42247319066939,68.0,55.49769267991078,61.0,49.147955552900385,True
1335675,4,C2,0.60735,11.04300022125244,73.0,51.268249139113266,82.0,60.08007618858195,89.0,65.85952929629535,60.0,39.69320518948288,80.0,57.776355146310614,60.0,39.45521407435922,70.0,48.432306084608314,66.0,44.63992972673355,59.0,39.245864920455716,True
1335717,4,C3,0.30477,9.607000350952145,34.0,20.5815124942744,41.0,23.60410542213645,51.0,33.27799914895882,34.0,20.581512494274406,34.0,20.581512494274406,34.0,20.581512494274406,34.0,20.5815124942744,34.0,20.581512494274406,33.0,20.53867509521301,True
1335756,0,S1,0.44933,10.45400047302246,57.0,47.85103864562722,72.0,60.09103663726815,68.0,57.69446965190784,47.0,39.578308186775594,62.0,52.24151428036828,48.0,40.093833549874816,59.0,50.07093625793705,55.0,45.941182639889625,50.0,41.627003418582596,True
1335854,4,C1,0.57869,9.663999557495117,31.0,23.85637041574563,35.0,26.761796296143444,39.0,31.203860891577907,28.0,20.63087414173071,33.0,25.775977275226378,27.0,20.09995615805121,31.0,23.85637041574563,31.0,23.85637041574563,30.0,22.513077919546475,True
1335885,2,C1,0.39932,10.836000442504885,76.0,61.122639422539194,92.0,71.74148705758009,88.0,67.1673245789501,63.0,52.93996738323308,86.0,67.8219649735404,64.0,53.927197876802616,73.0,59.277174193164385,74.0,60.1680226863257,70.0,57.04281386475579,True
1336008,4,E2,0.43764,9.89900016784668,29.0,24.640649727353388,39.0,32.42736579643928,45.0,40.520875037863135,27.0,23.757402544782835,34.0,28.651734482244635,24.0,22.297675710159933,32.0,27.383139669405093,30.0,25.590816216668237,29.0,24.591064152198506,True
1336009,3,E2,0.34175,8.901000022888182,29.0,21.529885382826887,39.0,27.35631484003681,45.0,34.583894004909496,27.0,21.28842452431421,34.0,23.424108034236408,24.0,20.811184723903658,32.0,22.955947595946462,30.0,22.06455372251864,29.0,20.939502614921096,True
1336150,4,E2,0.3481,9.598999977111816,29.0,21.78797554112309,39.0,27.783937451555026,45.0,35.11790736535499,27.0,21.5215570174648,34.0,23.809523390765445,24.0,21.001409774457862,32.0,23.302162891429234,30.0,22.352822997959755,29.0,21.22705002701461,True
1336359,1,X1,0.42821,9.270999908447264,36.0,32.03379540459865,38.0,34.37999087785491,42.0,38.320375932289146,31.0,27.412423386980283,41.0,35.26100293886045,31.0,27.412423386980283,37.0,32.825162352579696,36.0,32.03379540459865,36.0,31.202873180230974,True
1336453,3,S2,0.18492,9.1899995803833,22.0,10.576390291336782,27.0,11.57217863615099,29.0,12.732149967218575,20.0,10.426072829858306,24.0,10.850358800562896,20.0,10.426072829858306,21.0,10.479802943567178,23.0,10.65908502605971,19.0,10.174252163035314,True
1336464,1,S2,0.38732,10.428000450134276,58.0,50.19817057579996,73.0,60.456915339914424,70.0,61.814379718310384,51.0,45.35683810313049,67.0,56.96783324022163,50.0,44.51919562729681,61.0,52.0807039721504,59.0,51.22001564702555,53.0,46.44219064005709,True
1336480,1,S2,0.25604,9.986000061035154,22.0,13.943075967578446,28.0,16.311806192667834,32.0,18.732996488858415,20.0,13.513748947636632,24.0,14.619257547206944,20.0,13.513748947636632,21.0,13.68048928065643,23.0,14.176741143042396,19.0,12.969905456247048,True
1336662,0,C2,0.18156,10.23799991607666,66.0,39.74870558199569,70.0,39.56207354962921,74.0,42.74041251807532,59.0,36.653170903035,69.0,40.373316281402474,59.0,37.41944817197911,64.0,38.794986638373864,62.0,39.16677317222012,55.0,35.44438625835691,True
1336687,3,X2,0.2338,8.605999946594238,32.0,22.741376461736152,40.0,26.53742377739656,47.0,31.326124712067063,31.0,21.843554378758817,34.0,23.34979559233537,30.0,21.52560867107536,34.0,23.349795592335365,33.0,23.359516890931122,30.0,20.739173740320684,True
1336693,1,X2,0.64795,11.133000373840332,44.0,26.318343410553283,69.0,46.982377230785815,71.0,48.40044320876333,38.0,21.22728837091637,51.0,32.32867991771282,38.0,21.22728837091637,44.0,26.41473734268782,41.0,23.967438650589067,40.0,23.055952521319096,True
1336942,0,C3,1.02582,10.72700023651123,120.0,60.231694210612666,145.0,74.79527599180376,141.0,76.01579458818748,110.0,53.31154677490811,128.0,64.08935497181561,102.0,48.752366429121174,124.0,62.77400714162227,111.0,53.15533334385045,108.0,51.608650922844134,True
1336975,2,C1,0.11048,10.746999740600586,51.0,27.687208602727083,57.0,28.58860479512222,55.0,29.01147632170318,48.0,27.088130583434868,53.0,28.236211964767488,49.0,27.216913562575506,49.0,27.1233052931767,51.0,27.171955600370026,49.0,27.983870760681953,True
1337228,3,E1,0.57741,9.762999534606932,23.0,16.722823288758573,25.0,18.973669465794103,36.0,28.462094390638583,19.0,13.67431237786617,24.0,17.66691276345291,20.0,14.088348180129838,22.0,16.315415712796472,22.0,15.995390784059966,23.0,16.722823288758573,True
1337267,1,X1,0.45318,9.269000053405762,36.0,31.784445092616593,38.0,34.32058614749969,42.0,38.386796156429824,31.0,26.992033097948045,41.0,35.205254239305674,31.0,26.992033097948045,37.0,32.56111704991227,36.0,31.784445092616593,36.0,31.023252273560928,True
1337272,2,X1,0.50275,8.496999740600588,36.0,30.574348500435253,38.0,33.34490496950735,42.0,37.36817278482823,31.0,25.63752228036576,41.0,34.3949103717915,31.0,25.63752228036576,37.0,31.27208618052083,36.0,30.574348500435253,36.0,30.085607303227537,True
1337311,4,X1,0.42131,10.423999786376951,50.0,44.969108665486274,58.0,50.83458328573561,64.0,55.02376152009844,44.0,39.22849703877583,53.0,47.18925842869362,41.0,37.1030008719325,49.0,44.06548730673633,51.0,45.94677284635254,44.0,39.41356655976053,True
1337321,1,X1,0.56258,11.07900047302246,50.0,36.08795164004068,58.0,43.94595057296171,64.0,48.340370976309934,44.0,30.710578187440703,53.0,38.86328137266944,41.0,27.9566102902355,49.0,35.24497281393381,51.0,37.06701785344369,44.0,31.347625231200787,True
1337649,1,S1,0.2615,8.755000114440918,29.0,21.794784903924896,36.0,27.49184403419292,38.0,27.785571429494322,25.0,20.54623588253869,32.0,23.459567505520354,25.0,20.54623588253869,30.0,22.552241398292985,28.0,21.464619019667275,30.0,22.552241398292985,True
1337687,4,C1,0.32869,8.282999992370605,31.0,22.631894779539753,34.0,24.28565597678031,39.0,28.421442701691568,28.0,22.353688798255693,33.0,23.489143423622608,27.0,21.450721456162988,31.0,22.631894779539753,31.0,22.631894779539753,30.0,22.65093788045172,True
1337703,3,C1,0.53225,10.619999885559082,76.0,59.89863056105214,92.0,73.85793669107618,88.0,69.19454451277113,63.0,47.41357031578962,86.0,68.98826501690586,64.0,48.3661846840675,73.0,57.129022801721696,74.0,58.01499954951228,70.0,54.19494626969231,True
1337838,4,X2,0.31194,7.9689998626708975,33.0,28.518805955121312,41.0,33.833652165184816,47.0,40.1536852426565,31.0,27.27467749245462,35.0,29.69401836018213,30.0,26.631883013922494,36.0,29.724660827060138,35.0,29.050179430317865,30.0,26.527025648682955,True
1337971,2,E2,0.41066,10.29599952697754,53.0,43.740794651023734,66.0,52.131386967974244,72.0,55.44916678242517,48.0,39.69678255613554,62.0,49.2536339138794,47.0,39.58862535273318,57.0,45.930044391436184,52.0,42.80052664136359,47.0,38.88216217343899,True
1338128,1,E1,0.31184,8.998000144958496,22.0,16.633399908290958,24.0,18.6579547544467,35.0,25.760681473739464,19.0,14.439241593234895,23.0,17.13773225452849,20.0,15.365887484292502,21.0,15.729947244054395,22.0,16.633399908290958,22.0,16.633399908290958,True
1338170,4,E1,0.38676,10.166000366210938,50.0,44.88844999915642,66.0,55.602472772567964,63.0,52.317008437766425,47.0,42.83094843726301,55.0,49.20337907329822,46.0,42.136629167947284,54.0,48.81323789286997,47.0,42.93934270257269,44.0,39.29637074877715,True
1338223,2,E1,0.59952,10.630000114440918,50.0,35.597086364604834,66.0,51.017852762842715,63.0,47.233716824934696,47.0,32.67860316523675,55.0,39.752298048069676,46.0,31.754226378411296,54.0,38.77249221196094,47.0,32.97181439472596,44.0,30.0524569617708,True
1338233,1,X1,0.60148,11.211000442504885,48.0,31.83831247467557,56.0,39.81465040215082,62.0,43.408945039452746,42.0,26.45597784207072,51.0,34.775564136985984,39.0,23.93382234207002,47.0,31.031772667021325,49.0,32.83824377934469,42.0,27.450820188000517,True
1338266,2,X1,0.64845,9.194000244140623,34.0,24.684684696318843,36.0,27.45990145669373,40.0,29.50533499694033,29.0,20.06634490178847,39.0,29.18703108314679,29.0,20.06634490178847,35.0,25.545538895891006,34.0,24.684684696318843,34.0,25.283437931228807,True
1338278,2,X1,0.5643,9.895999908447264,36.0,28.351403484385933,38.0,31.195974154405334,42.0,34.605972454080046,31.0,23.48020815188003,41.0,32.62521230032192,31.0,23.48020815188003,37.0,28.96694628535771,36.0,28.351403484385933,36.0,28.332751950408625,True
1338430,1,S2,0.51717,10.980999946594238,58.0,46.65044807938752,73.0,58.61630283630256,70.0,56.27082517277049,51.0,39.92168174411898,67.0,54.584665350092344,50.0,38.96374557741363,61.0,48.8404867756269,59.0,47.16584381850705,53.0,42.47304362824365,True
1338471,2,S2,0.53116,10.267000198364258,58.0,45.524758079686045,73.0,57.61400622440761,70.0,54.81903678721296,51.0,38.75422143998558,67.0,53.5429062058096,50.0,37.81811246587018,61.0,47.77434492053409,59.0,45.96972468260144,53.0,41.33152808122149,True
1338485,4,S2,0.58466,9.583999633789062,23.0,17.652649868683802,30.0,24.14994315507249,32.0,26.757958391711085,21.0,15.742588236958206,26.0,20.191069042900452,21.0,15.742588236958206,23.0,17.298530052620713,24.0,18.616385520520364,19.0,13.791906210429923,True
1338675,4,X3,0.33047,9.319000244140623,60.0,39.551874067526946,64.0,44.03119478086098,63.0,41.19357139144416,59.0,40.06922920443494,61.0,41.04035642230173,58.0,40.03532971998467,61.0,41.040356422301734,59.0,40.11056132572429,59.0,40.13828957277387,True
1338762,2,C1,0.42054,9.776000022888184,31.0,26.166748611825483,35.0,29.07895261002953,39.0,34.593955694645125,28.0,24.7686980633534,33.0,27.836381625143623,27.0,23.77285126652126,31.0,26.166748611825483,31.0,26.166748611825483,30.0,25.451392321334886,True
1338849,2,C1,0.62002,10.833999633789062,70.0,49.50271629004543,86.0,64.47153809525352,82.0,60.18074647145734,57.0,37.140581190480205,80.0,58.78503964611331,58.0,38.11715408738869,67.0,46.87204658191734,68.0,48.09178110271792,64.0,43.367099813807584,True
1338959,2,X2,0.46167,10.026000022888184,48.0,41.35650759734531,73.0,64.15396211089384,75.0,65.98884002576155,42.0,35.70568630468719,55.0,47.40898066046813,42.0,35.70568630468719,48.0,41.04678064588779,45.0,38.64374593960836,44.0,37.64604244757405,True
1339002,4,X2,0.30251,10.68000030517578,48.0,38.968316620699106,73.0,53.31099858138249,75.0,55.22477068674033,42.0,35.62024347102745,55.0,42.10458066298138,42.0,35.62024347102745,48.0,38.75727010274933,45.0,37.54338444713098,44.0,36.99674413145445,True
1339102,4,X2,0.64795,11.130000114440918,44.0,26.318343410553283,69.0,46.982377230785815,71.0,48.40044320876333,38.0,21.22728837091637,51.0,32.32867991771282,38.0,21.22728837091637,44.0,26.41473734268782,41.0,23.967438650589067,40.0,23.055952521319096,True
1339149,2,X2,0.46879,9.779000282287598,33.0,29.812959830798142,41.0,36.67814928528106,47.0,43.08693773063686,31.0,28.204039276302996,36.0,31.92749943551691,30.0,27.205103330708937,36.0,32.07871609889235,35.0,30.350305249291726,30.0,27.201094582851056,True
1339217,1,C3,0.33191,9.878999710083008,36.0,22.703616118955498,42.0,26.318956936119953,54.0,36.01087578649141,36.0,22.703616118955498,36.0,22.70361611895549,36.0,22.703616118955498,36.0,22.703616118955498,36.0,22.7036161189555,35.0,22.635403651069588,True
1339220,1,C3,0.59992,10.864999771118164,208.0,155.3652106135427,240.0,176.69388229073903,233.0,172.48692019975928,197.0,148.75334691002533,217.0,161.93706058115885,190.0,146.47455994233226,215.0,159.13377781716216,200.0,151.19440734524653,195.0,148.7215259855717,True
1339232,1,C3,0.96859,11.79300022125244,143.0,80.26156038331582,170.0,97.66101422830342,169.0,97.558826746516,132.0,72.06659962646417,151.0,84.9566609600147,124.0,66.67389389198732,146.0,82.98134240771594,135.0,72.83321764359656,131.0,70.93571314561592,True
1339327,4,E2,0.7725,9.86400032043457,22.0,11.528394283230647,31.0,18.238950458270985,38.0,21.612218982588914,20.0,9.750883272196008,27.0,16.2214523543496,17.0,7.605307788402845,25.0,14.325797766925664,23.0,12.413937826191887,22.0,12.296427413537662,False
1339392,1,C2,0.18148,10.322999954223633,66.0,39.73829770271757,70.0,39.55116972647753,74.0,42.728315094151704,59.0,36.64410886849036,69.0,40.36232684198568,59.0,37.41027625433341,64.0,38.78511895322546,62.0,39.15696528935613,55.0,35.43577652565673,True
1339702,3,E1,0.25616,9.83899974822998,22.0,14.137731646013803,24.0,15.677326513377121,34.0,20.55159052575613,19.0,12.437316697959336,23.0,14.407127731551176,20.0,13.38925123171533,21.0,13.20034345421047,22.0,14.1377316460138,22.0,14.137731646013803,True
1339703,0,E1,0.49272,10.715999603271484,50.0,43.566529612695376,66.0,57.080768270143324,63.0,54.44313187387225,47.0,41.07668086151689,55.0,48.02713645383886,46.0,40.08170659688119,54.0,47.27391752339143,47.0,41.020577048244434,44.0,37.70883562469979,True
1339716,4,E1,0.45682,9.33899974822998,23.0,19.763230509180254,25.0,22.040641020081164,36.0,30.856143442520022,19.0,16.617645907787697,24.0,20.762748641502466,20.0,17.56282154864147,22.0,18.820676249835973,22.0,19.538649184965514,23.0,19.763230509180254,True
1339756,4,E1,0.27539,11.017999649047852,49.0,34.920391305899855,62.0,42.89775358726131,61.0,40.26113712293111,47.0,33.94478963291296,54.0,37.54847947970795,46.0,33.72297827785828,54.0,37.74808338322026,47.0,33.694371731796394,43.0,31.611291535431214,True
1339875,0,X1,0.45944,10.475000381469728,50.0,44.36251700458808,58.0,50.60881944711533,64.0,55.35822027519936,44.0,38.46697442920198,53.0,46.67583542169313,41.0,35.9118105197711,49.0,43.32337980073829,51.0,45.295904899937,44.0,38.6929467227766,True
1340141,3,S1,0.65405,9.934000015258787,29.0,18.290145844224618,39.0,25.434433398586773,39.0,25.489301206054915,25.0,15.742224522805449,32.0,20.76903912757475,25.0,15.742224522805449,30.0,19.252599885764738,28.0,18.38032089549273,30.0,19.252599885764738,True
1340253,4,S1,0.69261,9.93299961090088,27.0,16.349314291518635,37.0,21.474165797703225,37.0,22.452300073357975,23.0,14.44259185172491,30.0,18.40651537599849,23.0,14.44259185172491,28.0,17.249454838968965,26.0,16.72252805634806,28.0,17.249454838968965,True
1340460,1,C1,0.63779,10.746000289916992,69.0,47.40402095070851,85.0,62.33038663323844,81.0,58.06588231502642,56.0,35.31154251710216,79.0,56.62919363519507,57.0,36.2589364279925,66.0,44.915868143959905,67.0,46.063389359217815,63.0,41.21044202582573,True
1340470,0,X1,0.58057,10.022000312805176,50.0,34.13570658187353,58.0,42.117367153460336,64.0,46.155639317214046,44.0,28.776447146018935,53.0,36.9995880428402,41.0,26.121313424317815,49.0,33.32200610600476,51.0,35.12968289396295,44.0,29.57693816970652,True
1340493,3,C1,0.71719,11.281999588012695,64.0,38.86033064252253,80.0,52.31820033852931,75.0,48.22857215517056,51.0,28.42095256847327,74.0,47.38778707559972,52.0,29.14880494392828,61.0,37.185758606743676,62.0,37.59471940886677,58.0,32.69654812341618,True
1340521,1,C1,0.65356,10.229999542236328,68.0,45.59379760689413,84.0,60.39978467513616,79.0,56.12692227706736,55.0,33.78327294035689,78.0,54.74052631488464,56.0,34.69669085442396,65.0,43.2511100722168,66.0,44.298822657563875,62.0,39.367791057139875,True
1340539,2,C1,0.44766,9.137999534606932,31.0,26.30307889669975,35.0,29.373359047997262,39.0,35.07926784232766,28.0,24.58325784088921,33.0,28.130766320463835,27.0,23.58915812562483,31.0,26.30307889669975,31.0,26.30307889669975,30.0,25.43039404057079,True
1340700,3,X3,0.3255,10.461000442504885,138.0,75.95243605680356,148.0,78.5829193341266,158.0,83.57886007063848,135.0,75.60005710676174,140.0,76.21653017781487,134.0,75.49604869598181,141.0,77.63106602538153,136.0,75.65316677566116,136.0,75.58780524509872,True
1340706,4,X3,0.29323,9.376999855041504,56.0,35.84178986901317,61.0,39.657704435394784,60.0,36.93330381198307,55.0,36.561984460023695,57.0,37.29252089397951,55.0,36.56198446002369,57.0,37.2925208939795,56.0,36.60065609119678,56.0,36.57980198626209,True
1340954,2,C2,0.30517,11.361000061035156,75.0,55.71942724412372,82.0,57.38951544650838,88.0,61.63327331561389,62.0,49.80825234551235,81.0,58.06050940539353,62.0,50.33048642315457,72.0,53.98023282710853,68.0,53.207686684861805,61.0,47.792579845534235,True
1341370,1,E2,0.409,8.697999954223633,29.0,23.933984438898143,39.0,31.31034474504525,45.0,39.318449597110664,27.0,23.305113022301953,34.0,27.33095878583124,24.0,22.211373179225376,32.0,26.3355902945772,30.0,24.78610785703924,29.0,23.730045218720555,True
1341423,2,E2,0.5971,10.786999702453612,52.0,35.811883547736954,65.0,46.77948571702555,71.0,51.692960215111256,47.0,31.37143471469975,61.0,44.48184295752354,46.0,30.29362028057743,56.0,39.3743060323397,51.0,35.15400206960279,46.0,30.497110247057023,True
1341426,4,E2,0.55321,9.659000396728516,29.0,24.04305438216035,39.0,32.330733734007325,45.0,39.34308037758048,27.0,22.104680106626212,34.0,28.711563426079138,24.0,19.287523727899725,32.0,26.778037598573533,30.0,24.920804987891295,29.0,23.96670809749931,True
1341459,0,X2,0.52219,11.04599952697754,48.0,37.57257688562625,73.0,61.09414266752505,75.0,62.988637805182,42.0,31.813055636957042,55.0,44.11678833994106,42.0,31.813055636957042,48.0,37.434128950871525,45.0,34.620134210177476,44.0,33.68977955608961,True
1341502,3,X2,0.51064,10.095999717712402,48.0,38.45890452013558,73.0,61.96302315885485,75.0,63.848788807813335,42.0,32.69215859542126,55.0,44.94700326106647,42.0,32.69215859542126,48.0,38.27732899721571,45.0,35.52656795843961,44.0,34.58068500940479,True
1341556,2,X2,0.71584,10.517999649047852,41.0,20.757770979040263,66.0,38.260343746384954,68.0,39.10535049823218,35.0,16.26822889211366,48.0,25.635757787258374,35.0,16.26822889211366,41.0,20.409193636248943,38.0,19.009714357553992,37.0,18.02990424707225,True
1341743,4,C3,0.68422,10.793999671936035,202.0,149.51563275873627,236.0,172.48309004334172,231.0,169.41950695783748,190.0,141.55885524571778,211.0,156.84775335169957,182.0,137.50275104136114,208.0,153.55182806664223,194.0,143.26138493637885,189.0,140.66563438567334,True
1341857,0,C1,0.50314,10.855999946594238,76.0,62.44105464293308,92.0,75.7673488553117,88.0,70.9472807928891,63.0,50.50441208502028,86.0,71.26692435379235,64.0,51.417311721997905,73.0,59.87028077500426,74.0,60.5113174005925,70.0,56.87059693013063,True
1341894,1,X1,0.31293,9.854000091552734,36.0,27.73699621844009,38.0,28.861928994090707,42.0,32.316844794725334,31.0,24.95415562350624,40.0,30.091011606828335,31.0,24.95415562350624,36.0,28.23658007432081,36.0,27.73699621844009,35.0,26.964184121123477,True
1342255,4,S2,0.21885,9.796999931335447,22.0,12.054036791030182,28.0,13.620695856633457,32.0,15.438152677099668,20.0,11.80116664166524,24.0,12.48458922801572,20.0,11.80116664166524,21.0,11.895199852030153,23.0,12.192465338247573,19.0,11.428545783710263,True
1342647,1,E2,0.51618,10.074999809265137,53.0,42.72162646282362,66.0,53.04878439378584,72.0,57.953026997114954,48.0,38.31278658167515,62.0,50.94783436116905,47.0,37.61492848069229,57.0,45.616190896039726,52.0,41.66403198153773,47.0,37.34077593522611,True
1342810,1,X2,0.70093,10.968999862670898,41.0,21.88292913809291,66.0,40.1293308791733,68.0,41.098108042928466,35.0,17.257544660271016,48.0,27.048676311520325,35.0,17.257544660271016,41.0,21.66987877782441,38.0,20.00827154446521,37.0,19.04162968219489,True
1342906,4,C1,0.49743,10.850000381469728,76.0,62.8191093605656,92.0,76.01402163172541,88.0,71.16826168850629,63.0,51.02593280638619,86.0,71.57845226682434,64.0,51.93311818469691,73.0,60.29719893047301,74.0,60.89773394682821,70.0,57.277751237642555,True
1343208,3,C3,0.495,10.557000160217283,200.0,142.23559522426137,228.0,159.72248647708025,223.0,154.56054174953934,191.0,137.64126094275238,208.0,147.4878979480086,187.0,136.3614476541104,205.0,145.13497057185168,193.0,140.74561432611725,190.0,138.83119307783554,True
1343401,0,X1,0.38283,10.821999549865724,50.0,44.25804627125921,58.0,49.869586202306685,64.0,53.48246114112796,44.0,39.065405410221295,53.0,46.3308260349613,41.0,37.43533723128857,49.0,43.60379414931937,51.0,45.25778384679508,44.0,39.10875109992464,True
1343533,4,E1,0.36843,10.730999946594238,50.0,43.84458721841537,65.0,54.19343510960165,63.0,50.843273710653314,47.0,41.92637481904964,55.0,47.96195350035889,46.0,41.31989185066994,54.0,47.681411146250404,47.0,42.03280780958151,44.0,38.522830402358046,True
1343542,1,E1,0.78512,10.727999687194824,35.0,21.005893198069284,52.0,27.365803444904905,47.0,26.41987805423683,32.0,20.598443440408275,39.0,23.84686575061546,31.0,19.79505803390633,38.0,23.511538285784898,32.0,21.083821239072623,29.0,16.482910316168546,True
1343759,0,C3,0.50617,9.39900016784668,44.0,31.44464911626305,51.0,37.83265343143162,67.0,48.60411278940251,43.0,31.36535763868663,44.0,31.444649116263047,43.0,31.36535763868663,45.0,31.49776634421418,42.0,31.330441660203636,42.0,30.733389695061778,True
1343871,4,S1,0.63786,9.013999938964846,29.0,19.07612540029168,39.0,26.85218147491942,39.0,26.649583467060584,25.0,16.26937639384239,32.0,21.703382577547433,25.0,16.26937639384239,30.0,20.055401965887267,28.0,19.03799624764211,30.0,20.055401965887267,True
1344347,0,S2,0.26361,11.241999626159668,58.0,42.11600265791711,71.0,48.359870258083845,70.0,51.09812151964953,51.0,39.848630728528605,66.0,46.36838795453769,50.0,39.54066711379004,60.0,43.11671320290704,59.0,42.72123776837634,53.0,39.46888218726935,True
1344355,1,S2,0.24448,9.168999671936035,22.0,13.324547058191841,28.0,15.420391289552812,32.0,17.672678673047255,20.0,12.95847860095408,24.0,13.915530023282665,20.0,12.95847860095408,21.0,13.098735183154307,23.0,13.524160771376021,19.0,12.471801005938438,True
1344598,1,S2,0.69609,10.958000183105469,48.0,28.33853430855154,61.0,39.33374023112363,58.0,35.173400162240036,41.0,23.04344842433243,57.0,35.50599679368766,40.0,22.112836135312428,51.0,31.15219400053663,49.0,28.6930662825143,44.0,25.483911811287356,True
1344639,0,E2,0.36672,10.890999794006348,53.0,41.899061917270835,66.0,48.848798853746025,72.0,51.579153995744434,48.0,38.096613151114774,62.0,46.06331914874297,47.0,38.340076505672364,57.0,43.81587428976595,52.0,40.738930149771726,47.0,37.50010923840672,True
1345458,0,C3,0.56872,9.975000381469727,45.0,34.24134491286532,53.0,40.679531046779694,68.0,51.87331007478417,44.0,34.02636368940947,46.0,34.28880421210792,44.0,34.02636368940947,46.0,34.3966306999749,43.0,33.91719189629919,43.0,33.03602345623004,True
1345553,1,X1,0.31794,9.847000122070312,36.0,28.122321496477426,38.0,29.301711379626337,42.0,32.742890533701136,31.0,25.23303333266024,40.0,30.521048629712116,31.0,25.23303333266024,36.0,28.642060772841138,36.0,28.122321496477426,35.0,27.35120704386039,True
1346137,1,C1,0.36326,9.904000282287598,31.0,24.537515253551945,34.0,26.690779244120602,39.0,31.410611957755982,28.0,23.82581428175106,33.0,25.720332335121178,27.0,22.902776367023826,31.0,24.537515253551945,31.0,24.537515253551945,30.0,24.242902353552985,True
1346139,2,C1,0.50323,10.534999847412108,76.0,62.4347331791265,92.0,75.76308481404874,88.0,70.94344055881527,63.0,50.49591937002015,86.0,71.26160986017422,64.0,51.40891747598833,73.0,59.86320784402096,74.0,60.504915350138596,70.0,56.86383287547931,True
1346149,2,C1,0.58434,10.748000144958496,72.0,53.82894968494302,88.0,68.6076504245485,84.0,64.21238875905496,59.0,41.13382278803986,82.0,63.130244492578186,60.0,42.13379269325453,69.0,51.01037939632508,70.0,52.227715755271696,66.0,47.85964740664139,True
1346627,0,C3,0.68193,10.553000450134276,204.0,149.8641781448983,238.0,172.79534601752096,233.0,169.7414527482821,192.0,141.93824601690304,213.0,157.1739057620933,184.0,137.9369355377222,210.0,153.89584977085343,196.0,143.65715683071838,191.0,141.0631536782386,True
1346628,0,C3,0.53191,11.036999702453612,203.0,149.5398227348758,233.0,168.63796187365958,228.0,163.1471775713888,194.0,144.21574814471973,212.0,155.41799210867478,189.0,142.69526496748503,209.0,152.75429108865126,196.0,147.18448699714384,193.0,145.12430995017957,True
1346758,0,X3,0.4965,11.371000289916992,163.0,121.32031691576024,186.0,130.93750192390317,197.0,139.56203019145437,155.0,118.16279792564316,176.0,124.74450041277427,151.0,116.34337776538456,169.0,124.90454937661237,160.0,119.33026681104157,160.0,119.6280676765282,True
1346956,3,C2,0.33352,6.9079999923706055,25.0,19.656091091277485,32.0,21.292747497396654,39.0,28.290089671557382,20.0,16.514492145179993,27.0,20.725047333730412,19.0,16.36176543067547,25.0,19.656091091277485,24.0,18.65676470155613,24.0,19.38389041800564,True
1346966,2,C2,0.33513,9.50100040435791,25.0,19.720366355326846,32.0,21.38498973870032,39.0,28.413904310862378,20.0,16.557330759890977,27.0,20.790439028714683,19.0,16.40088729385239,25.0,19.720366355326846,24.0,18.72068910690743,24.0,19.44265140089165,True
1366187,3,X3,0.4629,10.31700038909912,162.0,114.71199459998425,184.0,121.87726361935621,192.0,130.91191652456033,155.0,112.3498969711287,173.0,117.09397038364652,151.0,111.0470015944769,167.0,117.8525750221068,157.0,113.09251445920113,159.0,113.27726345917813,True
1366195,4,X3,0.55313,10.529000282287598,165.0,126.92645540406062,186.0,140.5433291411948,201.0,148.27241469936263,156.0,122.42246955252726,178.0,132.40456784273272,152.0,119.69152494896923,172.0,131.0063943799914,161.0,124.21611883891168,161.0,124.8558630844218,True
1366436,0,C2,0.23954,7.955999851226807,24.0,14.635794550351989,27.0,15.545922579143612,37.0,19.713403402773277,20.0,12.968719101243954,25.0,15.603885340828912,19.0,12.93895679896793,24.0,14.635794550351989,23.0,13.901350381966715,23.0,14.571203778723287,True
1366475,1,C2,0.45546,8.833999633789062,25.0,21.263076490875946,32.0,25.880260729026908,39.0,33.058429210500385,20.0,17.13252753369221,27.0,22.788883901599732,19.0,16.52475603936226,25.0,21.263076490875946,24.0,20.324259528196645,24.0,20.48153897736111,True
1366482,4,C3,0.32154,9.305999755859377,35.0,21.927099359846824,42.0,25.336759823742725,52.0,34.97660888891774,35.0,21.927099359846824,35.0,21.927099359846817,35.0,21.927099359846824,35.0,21.927099359846824,35.0,21.927099359846828,34.0,21.869683014295056,True
1366690,1,X3,0.27119,10.288000106811523,124.0,63.03212931787975,129.0,65.50165413114239,139.0,68.54201719966655,122.0,62.92974751295993,125.0,63.12762369913763,121.0,62.88994753312845,127.0,64.5593324702748,123.0,62.932064865350355,122.0,62.87153186513566,True
1367234,0,X1,0.25173,9.37399959564209,35.0,22.300486836425637,37.0,22.77259139865106,42.0,26.522601351636048,30.0,20.751716347148008,38.0,23.973703650037503,30.0,20.751716347148008,36.0,22.574993204974504,35.0,22.300486836425637,34.0,21.387542220722015,True
1367408,4,C1,0.54306,10.79800033569336,75.0,58.728213617329814,91.0,72.89887118891302,87.0,68.29699095157792,62.0,46.12021372797532,85.0,67.88722107381906,63.0,47.08821874517266,72.0,55.91369832583217,73.0,56.8909943175602,69.0,52.97326052472029,True
1367556,4,X1,0.45115,9.208999633789062,36.0,31.81576301332058,38.0,34.33824641497915,42.0,38.39734323213972,31.0,27.034477924145886,41.0,35.220489641578574,31.0,27.034477924145886,37.0,32.59448528046702,36.0,31.81576301332058,36.0,31.04697766080984,True
1368111,0,E2,0.55095,10.652000427246094,53.0,40.18456768730855,66.0,50.84109194909515,72.0,55.86925577619675,48.0,35.695139094539655,62.0,48.78266654432111,47.0,34.8572172807183,57.0,43.38622279997688,52.0,39.185423537108136,47.0,34.782307827300485,True
1368131,0,X3,0.30694,10.92300033569336,138.0,71.39428576066013,144.0,73.88876953387893,151.0,78.03928982314028,135.0,71.1339868549488,140.0,71.59318286364585,134.0,71.05811247933131,140.0,72.97915963427099,136.0,71.16628054500092,136.0,71.11501336593516,True
1368133,4,X3,0.27618,9.47599983215332,51.0,33.94452567584904,57.0,37.474647552101345,57.0,34.84213184415095,51.0,34.74930898233993,52.0,35.33099776929607,51.0,34.749308982339954,52.0,35.33099776929607,51.0,34.74930898233994,51.0,34.69922516550671,True
1368188,2,C3,0.24003,10.866000175476074,133.0,70.60786573159663,148.0,77.25193010486068,140.0,74.9315309031584,130.0,69.29943746618986,138.0,71.58509490796625,129.0,69.1836184446514,136.0,72.49227578889463,133.0,70.69990296031679,132.0,69.67375787397175,True
1368482,1,X2,0.50847,10.892999649047852,48.0,38.61832030067975,73.0,62.11306986277475,75.0,63.99673855470754,42.0,32.851535507825155,55.0,45.093923727101476,42.0,32.851535507825155,48.0,38.42903697976324,45.0,35.6912625660111,44.0,34.74242771438599,True
1368530,2,X1,0.34224,9.939000129699709,36.0,29.7666998324614,38.0,31.2146833394088,42.0,34.642542265355395,31.0,26.377474429634944,40.0,32.3611253726098,31.0,26.377474429634944,36.0,30.37743295477188,36.0,29.7666998324614,35.0,28.979284672342548,True
1370113,4,E1,0.65553,10.854999542236328,47.0,31.314430713989037,63.0,45.65672084120427,60.0,41.1577890510211,44.0,28.382351848433757,52.0,35.21059435681494,43.0,27.521449434855747,51.0,34.171318011976076,44.0,28.850960859252222,41.0,25.85726620391294,True
1370135,2,E2,0.51615,9.501999855041504,29.0,24.988996304665367,39.0,33.17173040086805,45.0,40.741098573395966,27.0,23.298088778910117,34.0,29.755707486010643,24.0,20.785009926262486,32.0,27.909584559217777,30.0,25.940696575671012,29.0,25.002946241276852,True
1370247,0,X1,0.66882,10.642999649047852,45.0,25.233018555719944,53.0,31.99595957380503,59.0,34.43094542086125,39.0,19.71850577854014,48.0,28.027716529255944,36.0,17.66571531783631,44.0,24.288535791141793,46.0,26.14864498082354,39.0,21.139342527674035,True
1370806,2,C2,0.58895,10.510000228881836,74.0,53.916032350197064,83.0,62.61494792128527,90.0,68.60768421375207,61.0,42.04805884126142,81.0,60.35882535045825,61.0,41.896144207787145,71.0,51.04905469790871,67.0,47.25879268991407,60.0,41.65007721701651,True
1370944,1,E2,0.50947,11.003999710083008,53.0,43.0991955202911,66.0,53.354798365677034,72.0,58.20442232429881,48.0,38.71100038580054,62.0,51.21840095554255,47.0,38.038273187906604,57.0,45.93741806027885,52.0,42.04883262528912,47.0,37.72932579732382,True
1371022,4,E1,0.29082,8.479000091552734,22.0,15.685891312489936,24.0,17.53266428781648,35.0,23.848137647598982,19.0,13.69765795639686,23.0,16.09125446033551,20.0,14.627079346429063,21.0,14.778067773014582,22.0,15.68589131248994,22.0,15.685891312489936,True
1371046,3,E2,0.07334,10.220999717712402,35.0,18.142346838042144,37.0,19.600247717322127,39.0,20.249456129152794,32.0,17.416964382967983,36.0,18.25952527163216,33.0,17.76391521559302,36.0,18.281244803618723,33.0,17.457605057273042,32.0,17.416964382967993,True
1371048,1,E2,0.34392,10.758999824523926,53.0,40.74533740158084,65.0,46.868741197464594,70.0,49.359048097750254,48.0,37.10307238826272,62.0,44.27369689579095,47.0,37.512917066873534,56.0,42.48627084099386,52.0,39.43481064856435,47.0,36.6176954293012,True
1371126,1,C3,0.21601,10.067999839782717,122.0,63.77909054239639,133.0,69.57809446125731,128.0,67.38600239612813,119.0,62.62436422632012,125.0,64.48557024469788,118.0,62.54612505027924,124.0,65.51142733743998,122.0,63.843262395456875,120.0,62.97684102566389,True
1373028,4,X2,0.25517,11.125,48.0,35.876852818016346,73.0,47.215667195605775,75.0,48.96440604406352,42.0,33.454417700663576,55.0,38.1952539319768,42.0,33.454417700663576,48.0,35.712077618865884,45.0,34.82176074441172,44.0,34.470677701473875,True
1373040,3,X3,0.26162,10.817999839782717,119.0,60.935752170761624,122.0,63.34007555919897,134.0,66.15773226487731,118.0,60.875609266491836,120.0,61.0172996786616,117.0,60.842372198512166,122.0,62.429150804661866,118.0,60.849532699992984,118.0,60.8246571243612,True
1373042,2,X3,0.2372,10.741999626159668,109.0,55.91923940033423,112.0,58.321216513764284,123.0,60.47394503726292,109.0,55.91052386747021,110.0,55.97298289720424,109.0,55.91052386747022,112.0,57.30785251475847,109.0,55.881800107398945,108.0,55.84434707686151,True
1373123,0,X1,0.69879,10.107999801635742,43.0,22.7479184469841,51.0,28.460474381132187,58.0,30.692069271449075,37.0,17.24973189162337,46.0,25.239612003027027,34.0,15.395278745132101,42.0,21.701801083216427,44.0,23.584578345683685,38.0,18.747215121362682,True
1375087,2,C3,0.62952,9.967000007629393,48.0,35.8325870029465,57.0,41.97210118303151,71.0,53.1074939954359,46.0,35.3138633005143,50.0,36.004700844791145,45.0,35.25661003848504,50.0,36.22998295205121,46.0,35.089608554975094,46.0,34.18906454120052,True
1380167,3,C3,0.75331,9.861000061035154,45.0,31.896581418012506,55.0,38.74808893817405,69.0,45.54707997823199,43.0,30.563339371856344,47.0,32.77859187167414,42.0,30.19278100690231,47.0,33.080279993360065,43.0,30.06581833022858,43.0,30.0532767477067,True
1385052,2,X3,0.80106,10.98799991607666,141.0,100.9020136162157,165.0,120.94935134798463,181.0,132.50491783770048,132.0,92.300905959994,155.0,114.03967330523145,128.0,88.639678058501,149.0,106.40125223176909,137.0,97.21178422625371,138.0,97.83152338480247,True
1386047,2,X3,0.49181,10.486000061035156,163.0,120.54793209313686,186.0,129.81194503763524,197.0,138.53091779740262,155.0,117.50036203510123,176.0,123.82252671843014,151.0,115.75618528167044,169.0,124.08043857358142,160.0,118.61604282902856,160.0,118.88829727795712,True
1387101,2,S2,0.48092,9.392999649047853,23.0,20.156193846906387,30.0,26.18547136373964,32.0,28.986707690422858,21.0,18.17791029774928,26.0,22.323268831626834,21.0,18.17791029774928,23.0,19.34334217401223,24.0,21.152273281591242,19.0,16.629914143531916,True
1387174,0,C2,0.69842,8.753999710083008,22.0,14.22172270344503,28.0,19.582203172128104,34.0,24.365172564220384,17.0,9.873831448999107,24.0,15.332090339060759,16.0,9.238873147469883,22.0,14.22172270344503,21.0,13.578636074683446,21.0,13.43507397526165,True
1389074,3,S1,0.50285,9.701000213623049,29.0,25.196919717334463,39.0,33.522086534297834,39.0,34.342300232428244,25.0,21.257720398015547,32.0,28.106199103787883,25.0,21.257720398015547,30.0,26.17198013257699,28.0,24.3362987660723,30.0,26.17198013257699,True
1389177,3,C2,0.44895,10.857000350952148,75.0,66.07344852727306,84.0,72.3708476538313,91.0,77.39552203848153,62.0,55.41143662009036,82.0,71.09215432372048,62.0,55.40383709438084,72.0,63.86358057001763,68.0,60.1987642164992,61.0,53.398531314416346,True
1389210,2,C2,0.54865,10.001999855041504,75.0,59.33250564059763,84.0,67.66192682510422,91.0,73.8331312100618,62.0,47.14273735007048,82.0,65.51120917443633,62.0,47.12493356134136,72.0,56.55080824016992,68.0,52.68860021635654,61.0,46.60999574229417,True
1390173,3,C1,0.65875,9.91100025177002,30.0,20.454771984714398,34.0,23.696080496197943,38.0,26.900829583616968,27.0,16.86790697832759,32.0,22.350000948774806,26.0,16.635771098799662,30.0,20.454771984714398,30.0,20.454771984714398,29.0,18.811193593393376,True
1390343,3,X3,0.89117,10.06700038909912,123.0,78.6796402576538,145.0,99.4483706715324,160.0,107.40810205118028,114.0,71.31896373355887,137.0,90.583959848359,110.0,67.72258896884513,129.0,82.83743338706712,119.0,75.32662411777748,120.0,76.60321074846166,True
1391191,1,C2,0.65069,9.652999877929688,24.0,16.449519585700468,31.0,21.880940587393752,37.0,27.413482758809987,19.0,11.761804229946703,26.0,17.888005342240636,18.0,10.922481869099466,24.0,16.449519585700468,23.0,15.616315712143276,23.0,15.620442753317375,True
1392367,1,S1,0.59349,10.33199977874756,54.0,36.26135552969196,69.0,49.48794527043624,65.0,45.807476543928956,44.0,28.194880824971907,59.0,40.79174149825796,45.0,28.28626089645303,56.0,37.60795326706871,52.0,34.52214575814383,47.0,30.402094343045682,True
1392400,3,C1,0.45205,9.083000183105469,31.0,26.29528789183276,35.0,29.377963748066872,39.0,35.0981676044208,28.0,24.52267107374281,33.0,28.143073262704707,27.0,23.53278083805709,31.0,26.29528789183276,31.0,26.29528789183276,30.0,25.399203445686346,True
1403033,2,E2,0.47435,10.628999710083008,53.0,44.364658207871564,66.0,54.17009485440745,72.0,58.57834895756569,48.0,40.089673661899845,62.0,51.74551439767612,47.0,39.563620225719774,57.0,46.9382436316359,52.0,43.40175224501706,47.0,39.09303589336853,True
1408024,4,E2,0.40228,10.862000465393066,53.0,43.447274911463985,66.0,51.58479480187954,72.0,54.77285314521664,48.0,39.442497566771216,62.0,48.696070569840195,47.0,39.401362737055045,57.0,45.58710841273029,52.0,42.47767912699973,47.0,38.6673247950135,True
1408068,4,X3,0.42713,10.937999725341797,159.0,105.36769149056846,178.0,110.38711824440315,184.0,119.19619468835901,153.0,103.77108408743028,167.0,106.87116415287981,149.0,102.9289007568694,163.0,107.96964257993068,155.0,104.23437066191248,156.0,104.25169802742018,True
1411114,1,C3,0.83706,10.065999984741213,180.0,119.77345373176982,212.0,143.53303767487571,208.0,139.15441894576844,168.0,110.80661745178286,189.0,127.12673114811993,160.0,103.99345233382323,185.0,123.78673855473518,172.0,112.61598955427574,167.0,109.01661731054826,True
1430116,0,C3,1.02144,11.253999710083008,122.0,61.715976227511106,147.0,76.4586346089185,143.0,77.63597319348409,112.0,54.68613319055098,130.0,65.62638593971378,104.0,50.089213572081746,126.0,64.2627476242754,113.0,54.56386787875351,110.0,53.037909559749785,True
1430255,0,X2,0.65806,10.258999824523926,43.0,25.42122706816019,68.0,45.66160334186197,70.0,46.99715011417678,37.0,20.414687147365438,50.0,31.29622049098883,37.0,20.414687147365438,43.0,25.481469227181996,40.0,23.160403053789246,39.0,22.238589203005272,True
1431064,0,E1,0.39494,9.52400016784668,23.0,19.56861254605839,25.0,21.91297271187414,36.0,30.579818663270586,19.0,16.55454992377735,24.0,20.463281981029564,20.0,17.54809128548704,22.0,18.578799034229117,22.0,19.47948899895338,23.0,19.56861254605839,True
1431096,3,E2,0.4768,9.098999977111816,29.0,25.156359150742865,39.0,33.2350486002877,45.0,41.20084738005186,27.0,23.86364040209786,34.0,29.74968999035602,24.0,21.854150027685495,32.0,28.13633382639692,30.0,26.156266776514958,29.0,25.21208229461294,True
1431108,0,C3,0.61052,10.796999931335447,207.0,155.3081832272093,240.0,176.91345968745858,232.0,172.95422061594823,196.0,148.5131808471894,216.0,161.96635295442672,189.0,146.06465988793846,214.0,159.13347689355498,199.0,150.8510558075656,194.0,148.34238318926165,True
1431163,2,S2,0.36711,10.741999626159668,58.0,49.58264128598124,72.0,59.345327487887296,70.0,61.04684456094178,51.0,45.17219785921182,66.0,56.02587440570915,50.0,44.41655081313359,60.0,51.345077321428235,59.0,50.561567543724486,53.0,45.932690500527336,True
1432027,2,C1,0.35039,10.892000198364258,76.0,56.23403604539722,91.0,65.04198046520528,88.0,61.241824985811974,63.0,49.99271166381719,86.0,61.461290916717374,64.0,50.97221047808485,73.0,54.45803082247581,74.0,55.73696634811706,70.0,53.58328157229213,True
1432078,2,E1,0.54471,10.574999809265137,50.0,39.87999793084368,66.0,54.77136300851983,63.0,51.83288407561012,47.0,37.18262140617302,55.0,44.19650524623706,46.0,36.19823795629692,54.0,43.3390642772387,47.0,37.25278674643934,44.0,34.21292566919926,True
1433108,1,E2,0.68283,11.043999671936035,47.0,27.24401618611446,59.0,37.99661907576654,65.0,42.676667229731805,42.0,23.607985119827735,56.0,35.34378249948924,41.0,22.137378955963246,51.0,30.851977425576823,46.0,27.47202021405804,41.0,22.644475870797553,True
1433226,2,X1,0.59618,11.038000106811523,48.0,32.39945381200078,56.0,40.39319896903674,62.0,44.10044046949398,42.0,27.025021342592744,51.0,35.32207095362985,39.0,24.4667715412721,47.0,31.593462214757885,49.0,33.399265215938186,42.0,27.97200559363673,True
1434203,1,X1,0.37567,9.458000183105469,36.0,31.312478113631382,38.0,33.133824086267204,42.0,36.695291598638924,31.0,27.32520802078496,40.0,34.1348856895335,31.0,27.32520802078496,36.0,32.013790411416714,36.0,31.312478113631382,35.0,30.460976169720826,True
1434248,4,X3,0.23734,11.090999603271484,109.0,55.945242192149365,112.0,58.347488090021976,123.0,60.503241551648664,109.0,55.93650972461079,110.0,55.99911665655067,109.0,55.93650972461079,112.0,57.334529268411636,109.0,55.90772598479748,108.0,55.870176933847226,True
1434258,0,C3,0.66195,9.33899974822998,48.0,35.68765190144917,58.0,41.82468853513687,71.0,52.28425162096346,46.0,34.959307401471754,50.0,35.97693614515642,45.0,34.85708109258434,50.0,36.26937026161745,46.0,34.64119275854791,46.0,33.909053754133424,True
1434262,4,X3,0.78964,11.163999557495115,144.0,103.33781793785488,168.0,123.29598833275733,184.0,135.00510856829248,135.0,94.7417719267944,158.0,116.48666555846741,131.0,91.04262281463978,152.0,108.91559706286098,140.0,99.59573140728482,141.0,100.19860343074677,True
1435067,4,E2,0.39136,10.699000358581545,53.0,43.017099073089035,66.0,50.80649467647683,72.0,53.83760296903149,48.0,39.06815525311942,62.0,47.92456671922188,47.0,39.115442593190025,57.0,45.09098479654167,52.0,41.99889203399692,47.0,38.34679595101542,True
1435094,4,C3,1.017,11.33899974822998,123.0,63.198026498393425,148.0,78.1295478041262,144.0,79.2493866042703,113.0,56.057568643097945,131.0,67.16370031526041,105.0,51.412830399173835,127.0,65.75205307811726,114.0,55.97612691127691,111.0,54.462118926712066,True
1439028,4,X3,0.55424,10.361000061035156,165.0,126.97049193251817,186.0,140.65765865177784,201.0,148.37772689596963,156.0,122.4413861671144,178.0,132.49280637175744,152.0,119.69351660115235,172.0,131.05774928989513,161.0,124.24735007293519,161.0,124.8932868913418,True
1440057,4,X1,0.51228,9.62600040435791,36.0,30.267854889949337,38.0,33.06321235563063,42.0,37.028674066978354,31.0,25.32687353860016,41.0,34.164232086771726,31.0,25.32687353860016,37.0,30.947921338481738,36.0,30.267854889949337,36.0,29.84610294012265,True
1442085,1,S2,0.63355,10.529000282287598,54.0,35.026382680241205,68.0,47.188171369033846,65.0,42.557981571492284,47.0,28.91850872783476,63.0,43.05603327609782,46.0,28.059077851675923,57.0,37.86052856306518,55.0,35.319106046348,49.0,31.342041333581864,True
1443078,3,S2,0.61096,10.564000129699709,55.0,37.49826700595921,70.0,49.843794921046,67.0,45.34346150229337,48.0,31.132071227953027,64.0,45.655457374468114,47.0,30.27867178356642,58.0,40.219196682688555,56.0,37.778489951896844,50.0,33.59819903294064,True
1444028,0,E2,0.55372,8.793000221252441,29.0,24.024309537405408,39.0,32.314092116408005,45.0,39.31801178840698,27.0,22.08381800087528,34.0,28.69091716005574,24.0,19.26408692150153,32.0,26.75694267276497,30.0,24.901263680683865,29.0,23.947058688579993,True
1447146,2,C3,1.00009,9.489999771118164,28.0,16.25622284115999,37.0,19.87671238471863,40.0,23.00819200164184,26.0,14.417163468087004,30.0,18.06524116571924,25.0,13.620368571448838,30.0,18.160943801124457,26.0,14.398335402092199,26.0,14.707678769588817,True
1448122,0,C3,0.57688,9.592000007629393,45.0,34.542451339948414,53.0,40.944121601950314,70.0,52.237437330148424,44.0,34.30084207921165,46.0,34.59796554006006,44.0,34.30084207921165,46.0,34.71882690290584,43.0,34.175697298876955,43.0,33.270145599752986,True
1449074,3,C1,0.33186,10.578000068664553,76.0,54.25038301626931,90.0,62.28901303770539,88.0,58.84893859677159,63.0,48.68134168699586,85.0,58.90916326942144,64.0,49.622812644585615,73.0,52.49597906307684,74.0,53.83461852075292,70.0,52.139082010928355,True
1449102,2,C3,0.6983,10.013999938964844,201.0,147.57888921120266,235.0,170.76824230248164,230.0,167.60352842885624,189.0,139.44009081596016,210.0,155.04447151019485,181.0,135.0433525670915,207.0,151.64370438056815,193.0,141.05110624202976,188.0,138.43564605611,True
1449115,1,C3,0.86674,9.621000289916992,42.0,25.18747770772954,52.0,31.50995886857137,62.0,35.13409754035289,40.0,23.431614890732693,44.0,26.9570156816516,39.0,22.527764438042304,44.0,26.867321336951708,40.0,23.384489803101143,40.0,23.347704847505074,True
1450026,0,S1,0.35831,10.616999626159668,57.0,47.31460433086564,71.0,56.246155468770915,68.0,55.44666686036636,47.0,40.68893610315745,62.0,50.149985639242686,48.0,41.56377690903214,59.0,49.798553804581424,55.0,45.76168799997499,50.0,42.92268006103373,True
1450127,0,X3,0.60009,10.904999732971191,163.0,126.96763186809133,185.0,143.166845591858,200.0,151.071415411565,154.0,121.43483628031518,177.0,134.4509100932892,150.0,118.0676462794716,170.0,131.37149099309892,159.0,123.75450132124978,160.0,124.64415568104896,True
1450148,3,E1,0.44736,9.350000381469727,23.0,19.85441759289516,25.0,22.141265306033773,36.0,30.931531378459695,19.0,16.70045985443605,24.0,20.850417361148452,20.0,17.667219630612347,22.0,18.88861444804456,22.0,19.656405124754667,23.0,19.85441759289516,True
1466032,4,E2,0.57606,10.880000114440918,53.0,37.906914283872474,66.0,48.756769781917974,72.0,53.74481347146465,48.0,33.41420823683476,62.0,46.59566536359917,47.0,32.45294294316954,57.0,41.320867088225306,52.0,37.06082623301779,47.0,32.532171826744026,True
1469040,0,S1,0.3267,10.510000228881836,57.0,46.187380858142454,71.0,53.83123668428941,68.0,53.1924773634096,47.0,40.379193187157504,62.0,48.432235125410635,48.0,41.33751719388488,59.0,48.52750946517137,55.0,44.77513776584892,50.0,42.38706229059205,True
1470063,3,C1,0.53547,10.43000030517578,76.0,59.566696104943134,92.0,73.59057923443025,88.0,68.94574275092923,63.0,47.0404402810247,86.0,68.67844232248105,64.0,47.997730171474146,73.0,56.781812456276676,74.0,57.69555986504911,70.0,53.84816034382209,True
1472020,0,C1,0.53112,9.215999603271484,31.0,25.194513213393066,35.0,28.14721923184227,39.0,33.35690765552664,28.0,22.460931616926935,33.0,27.16704043237333,27.0,21.713265887449523,31.0,25.194513213393066,31.0,25.194513213393066,30.0,23.977430680268665,True
1473027,2,C2,0.50566,10.609000205993652,75.0,63.76178683039384,84.0,71.45270389489575,91.0,77.3070983055052,62.0,51.81710625661199,82.0,69.51694199265773,62.0,51.8365432362687,72.0,61.22653319041423,68.0,57.27613451932294,61.0,50.744035660696916,True
1474020,2,C3,0.54148,9.446000099182129,44.0,33.077424990416304,52.0,39.5732941773827,68.0,50.608594980952454,43.0,32.935365833567126,44.0,33.07742499041632,43.0,32.93536583356713,45.0,33.17661133224099,42.0,32.86768745197091,42.0,32.097254678540565,True
1479069,3,E1,0.17267,9.079999923706055,21.0,10.875308240862397,23.0,11.925094628976275,31.0,13.968394967472763,18.0,9.60585692582508,22.0,10.96002541817358,19.0,10.605688420412733,20.0,9.875308375508412,21.0,10.875308240862397,21.0,10.875308240862397,True
1480038,0,X2,0.33423,10.458999633789062,48.0,40.60920651368611,73.0,57.04175494062081,75.0,58.985530393118175,42.0,36.63346510092998,55.0,44.36234900013101,42.0,36.63346510092998,48.0,40.361575645457485,45.0,38.922036848755454,44.0,38.23167731401709,True
1484053,2,E2,0.46322,10.359999656677246,53.0,44.50870472078549,66.0,54.13200643993529,72.0,58.35826110354675,48.0,40.26975578826597,62.0,51.600161548020466,47.0,39.801125810703105,57.0,47.00909370371534,52.0,43.57500194669444,47.0,39.28530548772892,True
1488029,3,E2,0.47833,9.609999656677246,29.0,25.163946523643702,39.0,33.24898106420772,45.0,41.204151149001746,27.0,23.854711656053244,34.0,29.77181486109152,24.0,21.823829595432663,32.0,28.146819833147532,30.0,26.16360252752158,29.0,25.22062578325342,True
1488098,3,X3,0.75076,10.937999725341797,150.0,110.72463208959383,174.0,130.39288529959225,190.0,142.07847807886796,141.0,102.39592430022425,164.0,123.54894354212209,137.0,98.55534776018115,158.0,116.37948329711445,146.0,106.84943758337589,147.0,107.5023859423263,True
1490034,2,C1,0.53002,8.947999954223633,31.0,25.21977751892971,35.0,28.175477656079813,39.0,33.400423407125025,28.0,22.498964145214334,33.0,27.192984450982788,27.0,21.746447723020832,31.0,25.21977751892971,31.0,25.21977751892971,30.0,24.005909454744916,True
1495047,2,C3,0.41097,10.034000396728516,189.0,119.42145766322702,212.0,133.1125573513548,209.0,130.48171616356575,183.0,116.47344876852922,196.0,122.88637115943655,182.0,115.70470663737304,194.0,121.98304979948308,186.0,119.32069632615539,185.0,117.45216565562775,True
1500031,0,E2,0.36606,9.246000289916992,29.0,22.490366550768996,39.0,28.947791843215626,45.0,36.54772735478907,27.0,22.141361026964724,34.0,24.895670187617625,24.0,21.48313245465959,32.0,24.26465000149174,30.0,23.142697559494557,29.0,22.02422404434807,True
1500076,2,X1,0.59892,10.579999923706056,48.0,32.10882070702336,56.0,40.094983191381004,62.0,43.74377299585451,42.0,26.730532432793808,51.0,35.03936720202232,39.0,24.190842498600972,47.0,31.302772734293587,49.0,33.10881503937905,42.0,27.702382077263675,True
1500086,0,X1,0.64129,11.35099983215332,48.0,27.822830757419332,56.0,35.29835008381782,62.0,38.116087019718115,42.0,22.352897311695045,51.0,30.7585585042828,39.0,20.115504616170302,47.0,26.959529250417173,49.0,28.791589554516353,42.0,23.650808562451655,True
1501097,4,X1,0.43587,10.253999710083008,50.0,44.90970002550513,58.0,50.89708657354426,64.0,55.31606926153057,44.0,39.0626786582504,53.0,47.16742492130673,41.0,36.75964950983516,49.0,43.93709181405983,51.0,45.87000056394763,44.0,39.271580312220486,True
1501131,3,X3,0.85239,9.631999969482418,57.0,35.165538208128574,60.0,34.238772106992066,68.0,43.602959918779554,54.0,31.76417629181133,60.0,36.68924111911829,52.0,30.533271296022168,59.0,35.862248289498304,57.0,34.57720381165278,56.0,33.61536787538189,True
1502029,1,X2,0.51797,10.31999969482422,48.0,37.90344361777806,73.0,61.42490305959389,75.0,63.31675013276434,42.0,32.139940912151786,55.0,44.42917483545298,42.0,32.139940912151786,48.0,37.748872848965874,45.0,34.95676544464067,44.0,34.02080584660704,True
1502065,3,S1,0.27316,9.289999961853027,29.0,22.56650287532416,37.0,28.43742700975895,39.0,28.826188151079922,25.0,21.161339057612068,32.0,24.342673320978374,25.0,21.161339057612068,30.0,23.370170169596648,28.0,22.2637358462113,30.0,23.370170169596648,True
1502132,3,X3,0.80181,9.395000457763672,62.0,39.35701534272894,64.0,38.91391355890704,73.0,48.82703699689279,59.0,35.6811941811973,65.0,40.81610620303298,57.0,34.62629994701681,64.0,39.72597647994557,62.0,38.489650251616055,61.0,37.7009014661987,True
1503024,3,X2,0.27694,11.357000350952148,48.0,37.38703710784967,73.0,50.07707324738069,75.0,51.91906247543925,42.0,34.5469224275943,55.0,40.06445562321188,42.0,34.5469224275943,48.0,37.202075891280096,45.0,36.165784556830054,44.0,35.72952009705099,True
1504096,4,X1,0.50582,11.01099967956543,50.0,41.62135947537003,58.0,48.605864008280456,64.0,53.62310072926886,44.0,35.950145410134034,53.0,44.091784285338434,41.0,33.10945297571951,49.0,40.61676280036282,51.0,42.54343542648283,44.0,36.23895715459741,True
1504139,2,C3,0.55644,10.866999626159668,206.0,152.87926512427677,236.0,172.8808915600464,232.0,167.6941347010827,197.0,147.09269889167993,215.0,159.05776655855286,192.0,145.38390163072563,213.0,156.33194506884374,199.0,149.89397980426025,195.0,147.66972222716566,True
1512067,1,C2,0.45394,10.70199966430664,75.0,66.05316228969306,84.0,72.4994440067616,91.0,77.59528323443912,62.0,55.24171220280161,82.0,71.1453980743681,62.0,55.23431490301433,72.0,63.82048830720583,68.0,60.1009432099359,61.0,53.30164251287921,True
1512101,0,X2,0.56872,10.128000259399414,45.0,33.49348905708289,70.0,56.56811516109751,72.0,58.42391923877217,39.0,27.866453125335283,52.0,40.089841400588156,39.0,27.866453125335283,45.0,33.53489736158978,42.0,30.60113676095234,41.0,29.71488608794227,True
1516019,4,E2,0.42436,9.145000457763672,29.0,24.34305618229069,39.0,31.96162311231837,45.0,40.03433775442861,27.0,23.584085644724894,34.0,28.08225523672265,24.0,22.300299348605606,32.0,26.940995417613006,30.0,25.25312085309028,29.0,24.22746404001153,True
1519027,3,X2,0.51404,10.89900016784668,48.0,38.204423717940145,73.0,61.71931587418852,75.0,63.60811172147528,42.0,32.43859232329514,55.0,44.71085410429131,42.0,32.43859232329514,48.0,38.03519937271341,45.0,35.26475926593128,44.0,34.32349694906222,True
1519038,2,C1,0.11948,10.94200038909912,56.0,28.96045116272545,63.0,30.020919727615716,60.0,30.31333999931486,53.0,28.28648193455393,60.0,29.643409461769927,54.0,28.43370742383451,54.0,28.339383620824872,56.0,28.421168210648993,54.0,29.274428496501145,True
1528034,2,S2,0.6389,10.524999618530272,54.0,34.45059344273861,68.0,46.5567994374366,65.0,41.92094725342519,47.0,28.40973381811319,63.0,42.43640056030183,46.0,27.54705770261904,57.0,37.30533920998336,55.0,34.74806563317589,49.0,30.824862116578988,True
1531033,0,E2,0.60888,10.862000465393066,51.0,34.604367912925184,64.0,45.61358928745548,70.0,50.481321004624405,46.0,30.21867787378713,60.0,43.233378093102445,45.0,29.073669328294116,55.0,38.231701596004115,50.0,34.06781420743548,45.0,29.341160015810345,True
1531078,0,X2,0.67713,10.187000274658203,43.0,23.83458568193036,68.0,43.21672255264208,70.0,44.39041214012613,37.0,18.998641568787022,50.0,29.415456548130454,37.0,18.998641568787022,43.0,23.796172051941095,40.0,21.75009267168234,39.0,20.808518606450647,True
1531089,4,E2,0.29149,10.14900016784668,51.0,37.768213826816265,63.0,42.13640852422195,67.0,44.285175938097744,47.0,34.59649596090907,60.0,40.07317138558419,46.0,35.28942060501224,54.0,39.144611587688416,50.0,36.160370690207,46.0,34.3211386346772,True
1531108,2,X1,0.34387,8.677000045776367,36.0,29.862205863966487,38.0,31.328416890617337,42.0,34.758818605434485,31.0,26.44096232363823,40.0,32.46864554017754,31.0,26.44096232363823,36.0,30.478455182657562,36.0,29.862205863966487,35.0,29.072428794552756,True
1531112,0,X1,0.3347,9.430999755859377,36.0,29.299575466458407,38.0,30.66351889673921,42.0,34.08536146651423,31.0,26.06139692075486,40.0,31.836759943675844,31.0,26.06139692075486,36.0,29.883669240292978,36.0,29.299575466458407,35.0,28.52123764323125,True
1531113,2,X1,0.45694,9.93000030517578,36.0,31.721844770308625,38.0,34.28242465060316,42.0,38.36013544939962,31.0,26.91003946021005,41.0,35.17257087937232,31.0,26.91003946021005,37.0,32.49437186689994,36.0,31.721844770308625,36.0,30.975572690132957,True
1531145,1,X3,0.45675,9.836000442504883,73.0,48.825252039801896,73.0,53.69712555553163,78.0,52.225542013102384,70.0,48.239498652491676,75.0,49.81776145995776,69.0,47.97675921213149,73.0,49.69706814303333,72.0,48.57236625917526,72.0,48.53967631291269,True
1532057,2,E2,0.50397,10.241000175476074,53.0,43.37756355382149,66.0,53.57190743649111,72.0,58.369092357452,48.0,39.0067811116259,62.0,51.40057546990497,47.0,38.354871174443744,57.0,46.17086250771625,52.0,42.33648399049875,47.0,38.01839035124225,True
1533035,2,X1,0.58117,10.800000190734863,50.0,34.070489670334695,58.0,42.05434912367248,64.0,46.08012095450976,44.0,28.711204092531588,53.0,36.936987291475134,41.0,26.059717526234664,49.0,33.257422858470306,51.0,35.064826353640406,44.0,29.517288214554423,True
1534078,2,X3,0.61224,9.762000083923342,74.0,54.42048060320465,77.0,55.66630578658979,83.0,60.101144152789054,71.0,52.131298241381835,77.0,56.17504515817526,70.0,51.1724684417526,76.0,55.19860554948157,74.0,53.55069922124426,73.0,53.54719685703417,True
1536021,4,E1,0.5341,10.029999732971191,50.0,40.6923021790311,66.0,55.350997522631864,63.0,52.52215979181838,47.0,38.04142929738551,55.0,45.037496860782525,46.0,37.04938250306043,54.0,44.2030290993332,47.0,38.073998330133975,44.0,34.99048394894445,True
1536026,1,E1,0.44129,9.729000091552734,23.0,19.89202119995942,25.0,22.186077709205286,36.0,30.963279879694362,19.0,16.736913759332406,24.0,20.8837342640666,20.0,17.714628931947082,22.0,18.914436710920754,22.0,19.709898244176685,23.0,19.89202119995942,True
1536028,4,E1,0.45115,10.772000312805176,50.0,45.462536709051996,66.0,57.71333842752317,63.0,54.92530401799976,47.0,43.10404586541205,55.0,50.008735584890445,46.0,42.17046522697868,54.0,49.346342844723,47.0,43.07942022205263,44.0,39.50389296342409,True
1536112,1,C3,0.75888,10.973999977111816,193.0,137.14901962708316,225.0,161.12955128555595,221.0,157.10271838000534,181.0,128.43132737765043,202.0,144.98804327452189,173.0,122.6582370620471,198.0,141.28711420967207,185.0,129.90146224839071,180.0,126.96627875036083,True
1537020,3,E2,0.40597,8.527000427246092,29.0,23.84575863764583,39.0,31.168416822952953,45.0,39.158657353948605,27.0,23.240702709832366,34.0,27.17298144669498,24.0,22.18248744545232,32.0,26.205803825362757,30.0,24.685253637521015,29.0,23.623399653232973,True
1538019,0,S2,0.29069,11.076000213623049,58.0,44.72155994845921,72.0,52.01281734255686,70.0,54.51489233729135,51.0,41.93013478796326,66.0,49.63504175176659,50.0,41.517123621833896,60.0,45.951966605320685,59.0,45.392604891345414,53.0,41.75095665269534,True
1547071,0,C3,0.29911,9.72700023651123,34.0,20.111997201381982,41.0,23.006752276805216,51.0,32.68941554375503,34.0,20.111997201381982,34.0,20.111997201381982,34.0,20.111997201381982,34.0,20.111997201381982,34.0,20.11199720138197,33.0,20.073344007278283,True
1547086,2,C3,0.27578,9.125,31.0,17.971829302564654,38.0,20.36384113272366,48.0,30.04396452859353,31.0,17.971829302564654,31.0,17.971829302564654,31.0,17.97182930256465,31.0,17.971829302564647,31.0,17.97182930256465,31.0,17.97182930256465,True
1548070,1,C3,0.67651,10.729000091552734,204.0,150.5326948711336,238.0,173.37687861473478,231.0,170.28325982926845,192.0,142.68174535205299,213.0,157.78952934186367,184.0,138.81033638669285,210.0,154.55282552984664,196.0,144.44133597783696,191.0,141.85098855480106,True
1550021,1,E1,0.20587,10.199000358581545,49.0,27.76412912943804,59.0,32.96237552803869,55.0,31.78296978703169,47.0,27.302585488747084,53.0,29.515820298666206,46.0,27.22143862392988,53.0,29.772195086154095,47.0,26.835589579641958,43.0,25.80210370401366,True
1552028,4,X1,0.4518,10.171999931335447,50.0,44.603257727592975,58.0,50.756280432077695,64.0,55.407590151098894,44.0,38.70751018330678,53.0,46.89823843262107,41.0,36.22798704898943,49.0,43.57909954292557,51.0,45.544560220177765,44.0,38.92961995176797,True
1552143,0,C1,0.75991,10.76099967956543,61.0,34.796121048496886,77.0,46.521287050429784,72.0,42.876811912762776,48.0,25.32545893210277,71.0,42.575731280009705,49.0,25.91345007781432,58.0,33.549775134236654,59.0,33.44144107333499,55.0,28.815569353144653,True
1555053,4,C1,0.73072,10.796999931335447,63.0,37.52945983080186,79.0,50.511428597991774,74.0,46.52230399925222,50.0,27.399183078034387,73.0,45.852762621910514,51.0,28.082670406451857,60.0,35.996476174888336,61.0,36.242683268874856,57.0,31.413790584304483,True
1559048,0,X3,0.98,11.229999542236328,110.0,54.133483870450156,132.0,73.06488275495089,148.0,77.21654469683337,101.0,49.0019999685506,124.0,64.52024494422405,97.0,45.393446414019834,116.0,57.01395320231845,106.0,51.00470564561796,107.0,52.42714307934679,True
1559051,2,X3,0.7051,10.80799961090088,156.0,117.7460010411997,181.0,136.96267549396094,196.0,147.72735133186384,147.0,110.09803792185097,170.0,129.47660352671113,143.0,106.16026180749815,164.0,123.16805257434581,152.0,113.86545201691182,153.0,114.68532935785564,True
1560034,0,E2,0.26891,10.277000427246094,50.0,36.326992117777515,62.0,40.02929602069172,67.0,42.07896104729094,46.0,33.369244215652536,58.0,38.1801826304755,46.0,34.152486312129,52.0,37.50350521166396,49.0,34.64885884892018,45.0,33.16121329639487,True
1560099,2,C3,0.68006,10.927000045776367,204.0,150.09892552914485,238.0,173.00016829103194,231.0,169.89587824709704,192.0,142.19862757802574,213.0,157.39043576060624,184.0,138.24224429236818,210.0,154.1266488289507,196.0,143.93132330221925,191.0,141.33873075659127,True
1562077,0,C3,0.47842,9.039999961853027,43.0,30.133978042121292,50.0,36.3119977056362,64.0,46.85339292825793,42.0,30.08531324902511,43.0,30.133978042121296,42.0,30.085313249025095,44.0,30.165584704662507,42.0,30.08531324902511,41.0,29.600557927103722,True
1562098,0,X2,0.57618,9.38599967956543,33.0,25.80391410581524,41.0,33.26099631638763,47.0,37.4786812129425,31.0,23.758299639436977,36.0,28.306484493177404,30.0,22.853771760557116,36.0,28.52558075559426,35.0,26.658314845302446,30.0,23.357916598950304,True
1563063,4,C2,0.71552,10.79599952697754,64.0,36.09024842041799,73.0,44.77357205977942,81.0,48.82368790010733,51.0,27.24006636945571,71.0,42.16333586805471,51.0,26.49581968371444,61.0,34.23294016731068,57.0,30.039990949072727,50.0,26.078226069138882,True
1565032,1,X1,0.46097,10.711999893188477,50.0,44.30689590887292,58.0,50.572995278590305,64.0,55.340680860819916,44.0,38.41308349886756,53.0,46.624019078493056,41.0,35.84359069691124,49.0,43.26553385715773,51.0,45.23884726700167,44.0,38.639777471443466,True
1566028,3,X2,0.32059,10.3100004196167,48.0,39.95130612444684,73.0,55.48557749142133,75.0,57.42418944498484,42.0,36.242713163839284,55.0,43.433802553365126,42.0,36.242713163839284,48.0,39.719953874413505,45.0,38.377970882832784,44.0,37.74947598341264,True
1567044,3,C2,0.42273,10.791999816894531,75.0,65.62554403058574,84.0,71.07686564557932,91.0,75.77873572018365,62.0,55.823881963075486,82.0,70.22691613129102,62.0,55.83653308912535,72.0,63.51428339432008,68.0,60.23474033508051,61.0,53.507329383328454,True
1569050,3,S2,0.32988,8.930000305175781,23.0,18.249898626590394,29.0,22.58809599275415,32.0,25.226139687643037,21.0,17.229431114188483,25.0,19.603211005676126,21.0,17.229431114188483,22.0,17.662802760210027,24.0,18.795991860910224,19.0,16.218935674410943,True
1570024,4,C1,0.55064,10.847999572753906,75.0,57.88598321991837,91.0,72.193661998985,87.0,67.63467710707437,62.0,45.21771409574951,85.0,67.08508597085529,63.0,46.195306961018694,72.0,55.05059529672969,73.0,56.087135337018715,69.0,52.09389123289036,True
1574019,1,E1,0.60433,10.852999687194824,50.0,35.22596143764721,66.0,50.626302231441336,63.0,46.75928162987876,47.0,32.29392287353794,55.0,39.36395894187536,46.0,31.375443615818,54.0,38.374792054554966,47.0,32.6057800568384,44.0,29.6886148426284,True
1574062,4,X2,0.5502,10.305999755859377,46.0,35.16930743422329,71.0,58.51787085054457,73.0,60.40664832681129,40.0,29.470308806943432,53.0,41.778531156071,40.0,29.470308806943432,46.0,35.14188995811487,43.0,32.22576703807265,42.0,31.326677088121677,True
1574104,3,S2,0.27304,10.638999938964844,58.0,43.069580749144805,71.0,49.66688945884191,70.0,52.337981600346694,51.0,40.624506574529626,66.0,47.555518589397664,50.0,40.281835175493335,60.0,44.150128636602815,59.0,43.691735001788594,53.0,40.3081303888278,True
1576034,0,E2,0.76675,10.342000007629396,42.0,19.779140306180306,53.0,29.415023231549647,59.0,33.69893555568477,37.0,17.425992551216932,51.0,27.273095591108543,36.0,15.934708275249072,46.0,22.51644130731374,41.0,20.400167583074502,36.0,16.445699381769526,True
1578103,0,S2,0.16008,10.102999687194824,53.0,29.836067617255885,63.0,33.02708465876221,65.0,35.934014558770706,49.0,29.08992188980196,59.0,31.69931574803158,48.0,29.018634403957627,55.0,30.156565169221874,54.0,30.59104196706804,50.0,28.227658312480255,True
1579110,1,S2,0.62217,11.256999969482422,55.0,36.288552853323765,69.0,48.541306580736276,66.0,43.95563922356986,48.0,30.046744081882117,64.0,44.39361188910586,47.0,29.192431873096705,58.0,39.070251298191906,56.0,36.57305794434391,50.0,32.48911498736962,True
1579146,1,X3,0.80325,10.590000152587892,139.0,100.38376342185224,163.0,120.45041089117676,179.0,131.96659219286025,130.0,91.7854141348838,153.0,113.51490097253013,126.0,88.13029980982927,147.0,105.86502104632801,135.0,96.70341603826805,136.0,97.32857421693745,True
1581048,2,C1,0.40194,9.859999656677246,31.0,25.855547404492896,35.0,28.577081399936286,39.0,33.87245551317075,28.0,24.67654097561269,33.0,27.38549579028474,27.0,23.699198461573307,31.0,25.855547404492896,31.0,25.855547404492896,30.0,25.26217616544279,True
1590044,2,E2,0.62931,10.208000183105469,48.0,32.479905400873534,60.0,43.487760663554056,66.0,48.28335106249199,43.0,28.234505612602494,57.0,40.999316167865885,42.0,26.976109037621715,52.0,36.18033813779679,47.0,32.16710421824655,42.0,27.340518549787948,True
1590122,3,C2,0.77952,10.788999557495115,56.0,28.53625440455899,66.0,36.275045505483696,73.0,39.1544770083468,43.0,21.306413319127028,63.0,33.60510929457779,43.0,20.446540519576402,53.0,27.50312261978218,49.0,22.99969374220875,42.0,20.068044903212126,True
1592028,3,E1,0.3251,10.21399974822998,50.0,40.18722897025106,65.0,49.67059750272938,63.0,46.377646022605894,47.0,38.68210248005273,55.0,43.64922245326393,46.0,38.278623778703235,54.0,43.62708700437556,47.0,38.66942404460838,44.0,35.73521220277786,True
1594042,3,X2,0.61981,10.333999633789062,45.0,28.838633094542402,70.0,50.56297428692134,72.0,52.18616079703982,39.0,23.52427824766724,52.0,35.1567555813859,39.0,23.52427824766724,45.0,28.978117944012396,42.0,26.250598968722546,41.0,25.361356053386103,True
1595110,0,C2,0.59269,11.260000228881836,73.0,53.35945473996193,82.0,62.08459032829656,89.0,68.0389674493854,60.0,41.54377731391677,80.0,59.818871709944894,60.0,41.3749078042436,70.0,50.495142560375044,66.0,46.70549187104803,59.0,41.14024329323092,True
1595118,3,C3,0.90941,10.833999633789062,158.0,99.77249480946386,188.0,120.68444753216507,187.0,118.1704835022343,147.0,90.96351628457057,167.0,105.72051236471704,139.0,84.49209739068851,163.0,103.15508692792449,150.0,92.66179312800118,145.0,89.5670302044902,True
1595127,1,C3,0.5674,10.930999755859377,206.0,153.8898365686578,236.0,174.24857770680921,232.0,169.28973559983967,197.0,147.9050585471234,215.0,160.17965835294495,192.0,146.09404264549096,213.0,157.4334494759569,199.0,150.6160329103213,195.0,148.32914908452202,True
1599030,2,E2,0.36774,8.553000450134277,29.0,22.553636791339287,39.0,29.052472599242254,45.0,36.67452615082069,27.0,22.195938198524384,34.0,24.996373529198735,24.0,21.523484769874983,32.0,24.352830588277254,30.0,23.21421850428637,29.0,22.097101096574455,True
1600036,1,E1,0.81396,11.204999923706056,34.0,18.53373996799384,51.0,23.310193888100304,46.0,23.77243979503841,31.0,19.351533285416842,38.0,21.155648819202714,30.0,18.546931747380942,37.0,21.142054914853,31.0,19.795045186715683,28.0,14.472062178170727,True
1602033,4,X3,0.60967,9.187000274658207,74.0,54.44320374315971,77.0,55.73013801122661,83.0,60.038764789738934,71.0,52.189377922038304,77.0,56.182566947403586,70.0,51.23682852017551,76.0,55.22696689940638,74.0,53.584846268487524,73.0,53.58291280052373,True
1618036,4,E1,0.39216,10.11299991607666,50.0,45.12505415480769,66.0,55.944100933423094,63.0,52.693744872786596,47.0,43.03160409118932,55.0,49.48650613092367,46.0,42.31223086809399,54.0,49.065972007172675,47.0,43.13518171923315,44.0,39.46746135018617,True
1618042,0,C3,0.42893,10.473999977111816,195.0,124.7085385001865,218.0,139.1659489799028,212.0,135.93261190012174,187.0,121.41354973725628,202.0,128.55352711564325,184.0,120.49266556775144,200.0,127.31397130358889,189.0,124.35200077654372,187.0,122.47636668974883,True
1620051,0,S2,0.38251,11.05799961090088,58.0,50.07838312975364,73.0,60.23360413361165,70.0,61.672280858070145,51.0,45.3386015568117,67.0,56.781326486465744,50.0,44.51946337314805,61.0,51.94131994620223,59.0,51.093280355204094,53.0,46.345403226320634,True
1625037,4,S1,0.31863,10.755000114440918,57.0,45.83327956746222,71.0,53.15468810089598,68.0,52.5384761649202,47.0,40.24220474280272,62.0,47.93565140782562,48.0,41.2152057889064,59.0,48.12550854849918,55.0,44.45791324355116,50.0,42.17222120832398,True
1625059,3,S1,0.59279,10.472000122070312,54.0,36.3512038791209,69.0,49.581842299711255,65.0,45.89239799424705,44.0,28.282131181797475,59.0,40.883040979015114,45.0,28.374579079210367,56.0,37.69736772519768,52.0,34.60940544139729,47.0,30.481591071503665,True
1632070,3,X2,0.42513,9.871000289916992,33.0,30.800494518450197,41.0,37.20953972250904,47.0,44.28630815302449,31.0,29.359366834081506,36.0,32.72612099754239,30.0,28.37641981215348,36.0,32.824164427501294,35.0,31.22684400995877,30.0,28.363072096530683,True
1634024,3,X1,0.57629,10.300000190734863,50.0,34.601166373729605,58.0,42.563372622501035,64.0,46.689915779517804,44.0,29.240984360804074,53.0,37.44566152083861,41.0,26.56041172323899,49.0,33.78227948910352,51.0,35.59228698999105,44.0,30.001717316630454,True
1635042,1,E1,0.55833,10.31700038909912,50.0,38.818873767883765,66.0,53.95620888039918,63.0,50.84428433790807,47.0,36.060998754771944,55.0,43.0985888804661,46.0,35.08910093787967,54.0,42.21044258476636,47.0,36.18449732538881,44.0,33.190910093425806,True
1636093,1,E1,0.47782,9.819000244140623,23.0,19.436772834913295,25.0,21.702977507556174,36.0,30.6005714495672,19.0,16.329169638965084,24.0,20.43320055135601,20.0,17.207935022214965,22.0,18.565007048843075,22.0,19.145308772238142,23.0,19.436772834913295,True
1639025,2,E2,0.6619,10.206000328063965,47.0,29.24260932369312,59.0,40.15163122872254,65.0,44.86723922499586,42.0,25.33163620044617,56.0,37.51703614463265,41.0,23.925234151840936,51.0,32.938311126708115,46.0,29.276902550884,41.0,24.39620470071294,True
1641279,1,E1,0.22398,10.965000152587892,49.0,29.533159298284293,60.0,35.499683247965756,57.0,33.901856108764285,47.0,28.96212924302335,54.0,31.487106917893158,46.0,28.85508999723779,53.0,31.717492813318174,47.0,28.52765574152653,43.0,27.26532245494571,True
1642138,3,C1,0.65971,9.175000190734863,30.0,20.406545796440803,34.0,23.652999859943982,38.0,26.846854027685378,27.0,16.819978263164334,32.0,22.30251547528182,26.0,16.59052527747445,30.0,20.406545796440803,30.0,20.406545796440803,29.0,18.758490066967216,True
1643063,3,X1,0.57188,10.800000190734863,50.0,35.08068050840662,58.0,43.01611765219597,64.0,47.23163323054619,44.0,29.71741553023504,53.0,37.90398572655953,41.0,27.01178759183006,49.0,34.25525240363358,51.0,36.06836922524981,44.0,30.4375964301863,True
1643213,2,C3,0.65526,9.734000205993649,48.0,35.78007301812822,58.0,41.906800853784354,71.0,52.544035689310014,46.0,35.097084880983175,50.0,36.04133112037954,45.0,35.0059100193186,50.0,36.320897237931206,46.0,34.79893571143363,46.0,34.022633926706,True
1643292,3,E1,0.49183,10.145999908447266,50.0,43.620211350244844,66.0,57.10730499544652,63.0,54.46968710602859,47.0,41.13338942918787,55.0,48.08326037778335,46.0,40.13896428074702,54.0,47.331729392415035,47.0,41.07666518579297,44.0,37.75922835174065,True
1643312,0,C2,0.34037,10.39900016784668,75.0,59.591311485598034,83.0,62.23492542903314,89.0,66.53247415995429,62.0,52.64364054556126,81.0,62.60749901289852,62.0,52.97791428931639,72.0,57.70696309359687,68.0,56.227229218877525,61.0,50.343394322862,True
1643313,3,C2,0.39044,10.711999893188477,75.0,63.949419185334314,84.0,68.2777735385269,91.0,72.72520454160855,62.0,55.29538635060936,82.0,67.96872715367309,62.0,55.39245239685821,72.0,61.92573017115652,68.0,59.30051021720202,61.0,52.82150211610209,True
1643338,1,X3,0.56788,11.092000007629396,165.0,127.3313940097372,186.0,141.8429255266605,202.0,149.537620763774,156.0,122.49703754353978,178.0,133.4065518362308,152.0,119.54742415770845,172.0,131.50773666740892,161.0,124.45422214659878,161.0,125.17178779265492,True
1644163,0,S2,0.56202,10.704999923706056,58.0,42.68399681536107,73.0,54.9870839003405,70.0,51.3271355177885,51.0,35.95132425878845,67.0,50.841101890250144,50.0,35.06228701995911,61.0,45.10052776695279,59.0,43.01662763778416,53.0,38.517920953146266,True
1644180,0,C3,0.61154,11.003000259399414,207.0,155.29334977608386,240.0,176.92128534314182,232.0,172.98771475620177,196.0,148.48094526447932,216.0,161.959855717222,189.0,146.01527440400315,214.0,159.12371071540065,199.0,150.8087423641309,194.0,148.2971468428417,True
1644213,4,E1,0.54509,10.458000183105469,50.0,39.8506171664528,66.0,54.74968766764486,63.0,51.80685015400229,47.0,37.15155649163487,55.0,44.166101290439215,46.0,36.16748457199198,54.0,43.307820097336915,47.0,37.223143031037644,44.0,34.18472184584768,True
1644290,3,C2,0.5373,10.847000122070312,75.0,60.67466257153449,84.0,68.8643685987243,91.0,75.00054401386235,62.0,48.4864717468812,82.0,66.75375446716232,62.0,48.4888905614612,72.0,57.94789227991398,68.0,54.05515856638686,61.0,47.847404263564584,True
1645092,4,X2,0.51338,11.392999649047852,48.0,38.25426165038964,73.0,61.767433658754754,75.0,63.65566772771999,42.0,32.48817210056463,55.0,44.75725230447369,42.0,32.48817210056463,48.0,38.0826147996707,45.0,35.31592887560926,44.0,34.37377107265411,True
1645125,4,X2,0.44419,9.505000114440918,33.0,30.44779662591505,41.0,37.054925048120715,47.0,43.89290708415804,31.0,28.942987262906886,36.0,32.46068841753001,30.0,27.946163513821954,36.0,32.580775001541824,35.0,30.91377818994206,30.0,27.921365387088727,True
1645195,3,S2,0.5258,10.321999549865724,58.0,45.969679596364514,73.0,58.01307287123614,70.0,55.387176603775416,51.0,39.2106829815628,67.0,53.95683478337422,50.0,38.266037772046836,61.0,48.1951385594261,59.0,46.44038322658874,53.0,41.78079015166317,True
1645208,0,C3,0.69516,9.10200023651123,46.0,34.731035315830404,56.0,41.04037440201706,70.0,50.3745796358566,44.0,33.771701362051914,48.0,35.19111095707593,43.0,33.59864885869631,48.0,35.52992495370471,44.0,33.35881220476169,44.0,32.891815270123416,True
1646092,1,C2,0.7207,10.64799976348877,63.0,35.4209015960295,72.0,44.054645811866784,80.0,48.01832176697056,50.0,26.71271088540894,70.0,41.436291199569865,50.0,25.952356540862958,60.0,33.63085946811728,56.0,29.41034907196319,49.0,25.52925928129275,True
1647048,1,X1,0.70882,11.149999618530272,41.0,21.940086431054283,49.0,27.251522335990046,55.0,29.418050621298114,35.0,16.46497071757274,44.0,24.29604906327899,32.0,14.666694590937434,40.0,20.858991571361777,42.0,22.746440016179676,36.0,17.95140299616378,True
1650024,2,X1,0.30994,10.057000160217283,50.0,40.612994530101865,58.0,45.52159393999111,64.0,48.57192280355224,44.0,37.04630377638052,53.0,42.16182903596256,41.0,36.220141102474955,49.0,40.429321701408306,51.0,41.47700091196264,44.0,36.581398727160554,True
1653101,1,C3,0.33,10.255000114440918,167.0,96.2146749910038,186.0,106.40350596621693,182.0,104.64154306532828,162.0,94.23320421980186,172.0,98.21920320952536,161.0,93.8476297331429,170.0,98.54841096503299,166.0,96.3891962020614,163.0,94.65634002897114,True
1654105,0,C3,0.56271,9.44699954986572,44.0,33.97817374940538,53.0,40.46528161818233,68.0,51.62396703284068,43.0,33.78142585474908,45.0,34.02036244633305,43.0,33.78142585474908,45.0,34.119203075656614,42.0,33.68293931620768,42.0,32.82296486880969,True
1655086,3,C3,0.42781,8.852999687194824,41.0,27.84783994477713,47.0,33.374072481822374,59.0,43.53654238508573,41.0,27.847839944777125,41.0,27.84783994477713,41.0,27.847839944777125,41.0,27.847839944777125,41.0,27.847839944777135,39.0,27.552809796911248,True
1660018,1,X2,0.43435,9.878999710083008,33.0,30.647796201861055,41.0,37.15181527396046,47.0,44.12483470434647,31.0,29.177843639039747,36.0,32.61671969722179,30.0,28.18670900314496,36.0,32.725145442575574,35.0,31.09134148666145,30.0,28.165220803864536,True
1662023,1,X2,0.31268,10.369999885559082,48.0,39.535970327407874,73.0,54.54799871837697,75.0,56.47835868819035,42.0,35.984617399424415,55.0,42.86501175224623,42.0,35.984617399424415,48.0,39.3136940721207,45.0,38.02794707843502,44.0,37.435440492558996,True
1673068,2,C3,0.52779,10.788000106811523,203.0,148.86451214832792,232.0,167.7674068213348,227.0,162.27160640520583,194.0,143.6202404457489,211.0,154.65471669477066,189.0,142.12699659578504,208.0,152.01405605806931,196.0,146.61154861153707,193.0,144.57176950760322,True
1673097,2,S1,0.59851,10.923999786376951,54.0,35.6126288652011,69.0,48.80918298179579,65.0,45.19477469031003,44.0,27.56422144648873,59.0,40.13351095308077,45.0,27.648215354436118,56.0,36.96278030562525,52.0,33.89180126551379,47.0,29.8265095928287,True
1674022,1,X1,0.60262,8.902999877929684,35.0,26.744246961447256,37.0,29.565320726907668,41.0,32.38506445560406,30.0,21.98492917458229,40.0,31.214162272734193,30.0,21.98492917458229,36.0,27.39724906656918,35.0,26.744246961447256,35.0,27.028358329882963,True
1682020,1,E1,0.21924,11.052000045776367,49.0,29.06224998149619,60.0,34.83612581287219,57.0,33.3545010155294,47.0,28.521584950837976,54.0,30.967564794046318,46.0,28.421940084363897,53.0,31.19833211052739,47.0,28.076900873414356,43.0,26.877705010895074,True
1692030,3,X3,0.73802,9.657999992370605,67.0,45.59181315382341,71.0,45.81361255149594,78.0,55.280852046658225,64.0,41.901587461967246,70.0,47.11671175411026,62.0,40.93418022392614,69.0,45.72809834127308,67.0,44.42834098314764,66.0,43.974643121071445,True
1697026,3,X3,0.26046,9.017999649047853,49.0,32.26434528297619,56.0,35.5449769786293,54.0,32.900227417047624,49.0,33.09138337793261,50.0,33.57151556295418,49.0,33.09138337793261,50.0,33.57151556295419,49.0,33.0913833779326,49.0,33.014446058432306,True
1699061,1,C1,0.53572,10.614999771118164,76.0,59.540592169016115,92.0,73.56943064766658,88.0,68.92603554699448,63.0,47.011301417099034,86.0,68.65400058992198,64.0,47.9689509906989,73.0,56.75458662947878,74.0,57.67047378161484,70.0,53.8208948549949,True
1699105,4,C2,0.4659,10.836999893188477,75.0,65.86029696794706,84.0,72.64409241882946,91.0,77.91851132418822,62.0,54.715215747368084,82.0,71.1214251990243,62.0,54.71199150956879,72.0,63.567440258212464,68.0,59.74186567682982,61.0,52.964123889757786,True
1701055,2,C3,0.26396,10.217000007629396,139.0,77.3318579344684,158.0,84.93253756210382,151.0,82.69387434756003,136.0,75.87882914625371,144.0,78.54253132973679,135.0,75.71260333753102,142.0,79.34215511772128,139.0,77.45751517150201,138.0,76.24317682654308,True
1701088,3,C2,0.72403,10.269000053405762,63.0,35.01669361903451,72.0,43.61446051687514,80.0,47.52246791063118,50.0,26.402536254862905,70.0,40.992187801946415,50.0,25.6325900198858,60.0,33.270558048735644,56.0,29.033262936629836,49.0,25.203974243723305,True
1702083,0,C2,0.38884,9.527999877929688,25.0,21.152506248253346,32.0,24.048767028530726,39.0,31.5704613713669,20.0,17.42333834294349,27.0,22.33938703619581,19.0,17.10429780839839,25.0,21.152506248253346,24.0,20.188845075739156,24.0,20.66077616819735,True
1702112,1,C3,0.47547,8.939000129699707,43.0,30.000088585618105,49.0,36.12177080644437,63.0,46.645862674508294,42.0,29.95394415344569,43.0,30.000088585618112,42.0,29.95394415344568,44.0,30.02996174493611,42.0,29.95394415344569,41.0,29.483553784331843,True
1703026,0,S2,0.3639,10.031000137329102,58.0,49.45808716668431,72.0,59.14016946359083,70.0,60.88443363988461,51.0,45.1168323139452,66.0,55.851052945660285,50.0,44.375089028032335,60.0,51.20507676640428,59.0,50.4271678755103,53.0,45.827465988872966,True
1703072,1,C1,0.49417,10.357000350952148,76.0,63.0139117602298,92.0,76.1331356478998,88.0,71.2738647644564,63.0,51.307581653007944,86.0,71.73289068635685,64.0,52.21201983226748,73.0,60.52080032973196,74.0,61.10024456996196,70.0,57.49024672593392,True
1719037,0,C2,0.40746,10.289999961853027,75.0,64.97131646469846,84.0,69.89618712059121,91.0,74.45781404594103,62.0,55.70774463124122,82.0,69.30597925310872,62.0,55.75188724606611,72.0,62.90433298790242,68.0,59.91502479110375,61.0,53.286005641232606,True
1721068,1,C3,0.29376,10.527999877929688,153.0,85.899918832459,170.0,94.56259096362267,164.0,92.52274673491173,149.0,84.22752919339051,158.0,87.4411716336026,148.0,83.97726245862934,156.0,88.06727153688146,153.0,86.07273391816155,151.0,84.60361181468281,True
1770206,1,E2,0.58411,11.034999847412108,53.0,37.12802417626101,66.0,48.028358280089925,72.0,52.99029428135519,48.0,32.64870852532883,62.0,45.81841864347249,47.0,31.644009668303077,57.0,40.602995800349774,52.0,36.34838319515993,47.0,31.771851015004305,True
1770386,0,E2,0.36795,10.730999946594238,53.0,41.958603067256284,66.0,48.951432319463294,72.0,51.695076668169435,48.0,38.14816855336001,62.0,46.158744537833094,47.0,38.38213443269546,57.0,43.88354832846784,52.0,40.80629559029407,47.0,37.545468313240455,True
1773049,2,E2,0.35023,10.27299976348877,53.0,41.07309882826757,65.0,47.41696222039985,70.0,49.95910034396118,48.0,37.384257763491426,62.0,44.77157235255997,47.0,37.750133472697094,56.0,42.85548804393649,52.0,39.804611414947,47.0,36.86900488225146,True
1773078,2,E2,0.27142,9.760000228881836,28.0,18.505875989452008,36.0,22.408654890441657,44.0,28.191911714529763,26.0,18.43099612686628,33.0,19.33943989434325,24.0,18.28457124119211,31.0,19.163721228370218,29.0,18.765735353061583,28.0,17.758658886096697,True
1773237,0,E1,0.39186,10.269000053405762,50.0,45.112795536649756,66.0,55.925929477704095,63.0,52.673533096918526,47.0,43.021281142785696,55.0,49.47180634645751,46.0,42.30328540247857,54.0,49.05293142489154,47.0,43.12518471797584,44.0,39.45866734520818,True
1776304,2,S2,0.4541,9.49899959564209,23.0,20.64327854162614,30.0,26.559964139386437,32.0,29.14626231421547,21.0,18.723215402567735,26.0,22.74262805454082,21.0,18.723215402567735,23.0,19.785535458995806,24.0,21.618969099638726,19.0,17.260957764603575,True
1777124,4,X1,0.30743,9.470999717712402,36.0,27.29846869608911,38.0,28.36400814563119,42.0,31.837584791837727,31.0,24.632918391778674,40.0,29.601553996301813,31.0,24.632918391778674,36.0,27.775665612606307,36.0,27.29846869608911,35.0,26.521701219627527,True
1780045,0,C2,0.24283,10.697999954223633,73.0,47.930825593669596,80.0,48.43090035537405,84.0,52.34352209946196,61.0,43.54270133003216,78.0,49.236933936467366,61.0,44.29476887836335,71.0,46.574886399245244,66.0,46.60170399052631,59.0,42.018906231737795,True
1780122,0,E2,0.50987,10.58199977874756,53.0,43.07784200739954,66.0,53.33780324550409,72.0,58.19097309346983,48.0,38.68839497422917,62.0,51.20374642421822,47.0,38.01416511566086,57.0,45.91937769224572,52.0,42.02691475994035,47.0,37.70725480417018,True
1780287,0,X1,0.52494,11.043999671936035,50.0,39.94285024065198,58.0,47.26719194825866,64.0,52.18667709266016,44.0,34.40092265502609,53.0,42.508399029475704,41.0,31.540528748662542,49.0,38.99363646376514,51.0,40.87997636962988,44.0,34.7688637071338,True
1782065,4,C2,0.20173,10.390999794006348,68.0,42.443289240415915,72.0,42.39899985203676,75.0,45.819374413544224,60.0,38.96197485456644,71.0,43.228095763682354,60.0,39.746336229483774,66.0,41.35037190267708,64.0,41.693111793587995,57.0,37.67157308815869,True
1790098,4,E1,0.39298,8.909000396728516,23.0,19.53033163463614,25.0,21.87503519088066,36.0,30.53219401030385,19.0,16.52867783022585,24.0,20.41826144537422,20.0,17.520821303274474,22.0,18.54245785635574,22.0,19.444118014785825,23.0,19.53033163463614,True
1791116,0,E2,0.31193,10.913000106811523,52.0,38.985769937387936,64.0,44.00559793936071,67.0,46.236466121932025,47.0,35.60384570942948,61.0,41.72686057938767,46.0,36.205568445574215,54.0,40.4800589714455,51.0,37.476727974336164,46.0,35.25548905068839,True
1792093,3,X3,0.27659,10.062999725341797,125.0,64.19048201689972,130.0,66.66121475922647,139.0,69.8358870992761,122.0,64.04472653540597,126.0,64.2946795979701,121.0,64.00075002419833,127.0,65.70155852539264,123.0,64.04852447272418,123.0,64.01542529372905,True
1795052,2,X3,0.67924,10.809000015258787,160.0,120.99900605752376,185.0,139.7898341674225,200.0,149.7958412060063,151.0,113.83590348446617,174.0,131.83198665657713,147.0,109.92076298037772,167.0,126.16293836648398,156.0,117.20225054818664,157.0,118.10805920660522,True
1797044,3,X3,0.4667,10.083999633789062,162.0,115.57323946138092,184.0,122.99605708605945,193.0,132.02963985749489,155.0,113.12716238236024,173.0,118.05380047319133,151.0,111.76912018702437,167.0,118.76515404287437,157.0,113.9022917686323,159.0,114.10677527359981,True
1810037,3,E1,0.4965,9.26599979400635,23.0,19.032811844792537,25.0,21.29984261899898,36.0,30.300262751321114,19.0,15.96678527891466,24.0,20.01848159691228,20.0,16.768674650180657,22.0,18.241219208995364,22.0,18.672866780004284,23.0,19.032811844792537,True
1810087,4,C2,0.55943,9.98900032043457,25.0,19.522151501994333,32.0,25.237171261487614,39.0,31.766474142743004,20.0,14.952872645583058,27.0,21.380436073309752,19.0,13.966148384630467,25.0,19.522151501994333,24.0,18.522639893857864,24.0,18.523651370238703,True
1811099,2,C2,0.49007,10.786999702453612,75.0,64.84483062821867,84.0,72.21998251709111,91.0,77.8617080935839,62.0,53.15131499378726,82.0,70.41789964946342,62.0,53.16375760637881,72.0,62.40977419648062,68.0,58.47188311802492,61.0,51.81533268412241,True
1815065,0,S1,0.13537,10.58899974822998,48.0,30.585087222922187,55.0,32.60692958375554,57.0,32.430403878521574,42.0,29.027393671823738,50.0,30.796901283734638,43.0,29.828935926379984,51.0,31.807544682909022,47.0,30.15957509629865,45.0,29.352604897821333,True
1817269,1,C3,0.53009,9.593000411987305,44.0,32.5607282375033,51.0,39.02665086492981,67.0,49.97485543734463,43.0,32.44241524094786,44.0,32.5607282375033,43.0,32.44241524094785,45.0,32.642215814903686,42.0,32.3874867322613,42.0,31.671496307818582,True
1833067,1,E2,0.55577,9.638999938964846,29.0,23.947408509308623,39.0,32.245854611914005,45.0,39.21577421149163,27.0,21.99878767708472,34.0,28.606411600932304,24.0,19.169184598154292,32.0,26.670800508556876,30.0,24.821275391370555,29.0,23.866713317368063,True
1833468,4,X3,0.78375,11.284000396728516,145.0,104.53743934173565,169.0,124.45188645927757,185.0,136.21031075654778,136.0,95.95787571630062,159.0,117.6739933754449,132.0,92.23758053177609,153.0,110.14570332533079,141.0,100.77001376453006,142.0,101.37060378226865,True
1835110,3,C2,0.3455,8.595000267028809,25.0,20.10562734569822,32.0,21.96512613229478,39.0,29.17333515807459,20.0,16.81068426895204,27.0,21.18555417344935,19.0,16.6287065266521,25.0,20.10562734569822,24.0,19.106625383176763,24.0,19.790913173796472,True
1837096,2,C1,0.37937,10.993000030517578,76.0,59.25570415457301,92.0,69.19423261622475,88.0,64.88505067924753,63.0,51.887179409856756,86.0,65.36248194885606,64.0,52.8870258840761,73.0,57.44856522005439,74.0,58.52704993141943,70.0,55.73832351745172,True
1840041,2,X1,0.23891,9.873000144958496,35.0,21.1206002096452,37.0,21.464683549374495,41.0,25.21146473538777,30.0,19.7880576143918,38.0,22.646579034606706,30.0,19.7880576143918,36.0,21.351640163328483,35.0,21.1206002096452,34.0,20.175976368655643,True
1847079,1,S1,0.33041,9.449999809265137,29.0,25.911759570170364,39.0,32.46711390898565,39.0,33.39505180804124,25.0,23.614936417248945,32.0,28.14859983723291,25.0,23.614936417248945,30.0,26.87889671093285,28.0,25.58305100094995,30.0,26.87889671093285,True
1847100,0,X2,0.3789,8.361000061035154,33.0,30.903602352026375,41.0,36.87612115260654,47.0,44.08667068045853,31.0,29.556682784713168,36.0,32.57439260697978,30.0,28.66143279212083,36.0,32.629547549193504,35.0,31.307783626611428,30.0,28.71600588421434,True
1847165,4,S2,0.38748,8.883999824523926,23.0,20.542470598601927,30.0,25.979454607935768,32.0,28.27227137005278,21.0,18.98953978793011,26.0,22.37865218094094,21.0,18.98953978793011,23.0,19.741108729537757,24.0,21.355185141157932,19.0,17.717365911926603,True
1847216,3,X2,0.47905,10.472000122070312,48.0,40.51187730153515,73.0,63.68149910228508,75.0,65.5317765292399,42.0,34.79001318697556,55.0,46.75602663690035,42.0,34.79001318697556,48.0,40.235425545030715,45.0,37.699249850394644,44.0,36.71426365755897,True
1847303,2,X3,0.47964,8.906000137329102,73.0,50.03075538471092,73.0,54.48489743715382,78.0,53.577965062118,70.0,49.2349901849341,75.0,50.988882656316015,69.0,48.88434992610463,73.0,50.80799287221323,72.0,49.666548967235265,72.0,49.62481531060686,True
1848092,0,S1,0.5877,10.461000442504885,54.0,36.99936800019835,69.0,50.258380474651155,65.0,46.50581257519656,44.0,28.91075668519966,59.0,41.54266225436696,45.0,29.011253179729565,56.0,38.34300118980557,52.0,35.23860202524392,47.0,31.05364326734876,True
1849051,4,X2,0.30546,10.227999687194824,48.0,39.136741938190006,73.0,53.673158070630315,75.0,55.592443745036874,42.0,35.72964829512308,55.0,42.32836686534223,42.0,35.72964829512308,48.0,38.922489831420066,45.0,37.68781652117708,44.0,37.12794511676272,True
1849109,3,X2,0.62398,10.218999862670898,45.0,28.462707223396794,70.0,50.042358982300414,72.0,51.6379803871461,39.0,23.17982010247298,52.0,34.741991896340046,39.0,23.17982010247298,45.0,28.60094106123367,42.0,25.90775426165991,41.0,25.01596807282662,True
1849244,4,X2,0.57697,10.43299961090088,45.0,32.746765287883115,70.0,55.660075820132995,72.0,57.49250029878743,39.0,27.159922601377314,52.0,39.32247001906322,39.0,27.159922601377314,45.0,32.81517548794191,42.0,29.88849580924038,41.0,29.00569142559279,True
1849276,1,X3,0.61412,9.765000343322754,74.0,54.39926793657864,77.0,55.616105426891636,83.0,60.14344158944105,71.0,52.084092634414745,77.0,56.164370110709726,70.0,51.12095944961538,76.0,55.172773151757056,74.0,53.52106768212332,73.0,53.516224703276,True
1850045,3,E1,0.31314,10.237000465393066,50.0,38.97907504022875,65.0,48.166224728275985,63.0,44.97252323817273,47.0,37.59850410033888,55.0,42.236150673711926,46.0,37.24506684581938,54.0,42.274562059096816,47.0,37.53191442233811,44.0,34.80043498499629,True
1850154,2,C3,0.56823,10.609000205993652,205.0,153.92503557944028,235.0,174.3094348545249,231.0,169.37020019925873,196.0,147.92559523679205,214.0,160.22286477967882,191.0,146.10632451938204,212.0,157.4751465262445,198.0,150.6295520185058,194.0,148.33804417252276,True
1854103,4,C2,0.4668,10.862000465393066,75.0,65.8374714302207,84.0,72.64550383913259,91.0,77.93367135598996,62.0,54.668811770407075,82.0,71.1109022423074,62.0,54.66606521583266,72.0,63.53978014748775,68.0,59.70764568905223,61.0,52.93260855530658,True
1860025,0,E1,0.23532,8.960000038146973,22.0,13.2523502742625,24.0,14.624968496083069,34.0,18.68243709867959,19.0,11.689845855462796,23.0,13.45816699555808,20.0,12.659745892331603,21.0,12.292117373034854,22.0,13.2523502742625,22.0,13.2523502742625,True
1861178,1,X1,0.29093,9.647999763488768,35.0,25.874078994736184,38.0,26.790624980536855,42.0,30.337125056390878,30.0,23.559595459366413,39.0,28.012426407790894,30.0,23.559595459366413,36.0,26.310702221779927,35.0,25.874078994736184,35.0,25.10002905282939,True
1861210,4,C2,0.54229,9.395999908447264,25.0,19.92476864814228,32.0,25.618592888138977,39.0,32.255503110383714,20.0,15.422835948661751,27.0,21.781560819551483,19.0,14.468312384728359,25.0,19.92476864814228,24.0,18.926527452484933,24.0,18.92717209223704,True
1861472,2,X3,0.83776,10.857999801635742,132.0,92.46173879802508,155.0,112.8018405636894,171.0,123.36965476942665,123.0,84.10107346294016,146.0,105.28588519003736,119.0,80.5224467031458,139.0,97.52735796253361,128.0,88.94179091162749,129.0,89.73277219320575,True
1861474,3,X3,0.68966,10.336999893188477,159.0,119.76475421216766,184.0,138.7456614872687,199.0,149.07053804151622,150.0,112.40088158807436,173.0,130.97904199997515,146.0,108.46826384048666,167.0,125.05603379393041,155.0,115.92680236073106,156.0,116.80127391301495,True
1862039,4,S1,0.28699,10.593000411987305,57.0,44.187867179697854,71.0,50.29939714688581,67.0,49.71521305826145,47.0,39.45864309332108,62.0,45.7776176367686,48.0,40.45861192428819,59.0,46.27129201368688,55.0,42.9623447804737,50.0,41.02902424240977,True
1862183,1,C1,0.44864,10.328000068664553,76.0,63.907019267806305,92.0,75.92604831180172,88.0,71.01073301086358,63.0,53.7236089878467,86.0,71.86122393358107,64.0,54.63911021997719,73.0,61.81447956010135,74.0,62.324396520449554,70.0,58.801243328451285,True
1864084,0,X3,0.60535,9.666000366210936,74.0,54.46535090490151,77.0,55.825270146122705,83.0,59.922521241293225,71.0,52.2704588708439,77.0,56.177206692432065,70.0,51.32949178983699,76.0,55.25686710968306,74.0,53.62595424969595,73.0,53.62599593475133,True
1867019,2,E1,0.22101,10.20199966430664,49.0,29.237458195336526,60.0,35.083356643350584,57.0,33.558338027534845,47.0,28.685597302663314,54.0,31.16066952809212,46.0,28.583245095383276,53.0,31.391384198270142,47.0,28.244583646380736,43.0,27.022080074865475,True
1871017,0,C1,0.3372,10.82699966430664,76.0,54.821477065141295,90.0,63.075264824255825,88.0,59.53865444172898,63.0,49.06298182385405,85.0,59.63299205107539,64.0,50.01728042650195,73.0,53.06004252407211,74.0,54.38744947128134,70.0,52.55780440660616,True
1876204,1,C3,0.51008,9.770000457763672,44.0,31.628108028035125,51.0,38.03567126756628,67.0,48.83531563923635,43.0,31.543339483550675,44.0,31.628108028035125,43.0,31.54333948355067,45.0,31.685148188593885,42.0,31.505691773213883,42.0,30.889193806553735,True
1876263,1,E1,0.64639,11.371000289916992,47.0,31.979844704422316,63.0,46.629704068399974,60.0,42.18914477771309,44.0,29.022519978748882,52.0,35.928491984342415,43.0,28.151944181731892,51.0,34.88883773241732,44.0,29.4697173811238,41.0,26.504836057651875,True
1876308,2,E2,0.42147,8.78499984741211,29.0,24.271173793264385,39.0,31.848063632486365,45.0,39.911939417801015,27.0,23.53784808059579,34.0,27.947835607765647,24.0,22.291017480948128,32.0,26.834282180830662,30.0,25.171199364953008,29.0,24.139770914150006,True
1876421,3,X2,0.34313,9.32699966430664,33.0,30.023000587646155,41.0,35.677929700618726,47.0,42.54003640859056,31.0,28.721244631036395,35.0,31.427887887364058,30.0,27.94683520503677,36.0,31.481451111947912,35.0,30.4803914658075,30.0,27.982815285857466,True
1876431,0,X2,0.46482,10.074999809265137,48.0,41.220159222385135,73.0,64.09523936905987,75.0,65.93229878652426,42.0,35.55377322279638,55.0,47.31039327947786,42.0,35.55377322279638,48.0,40.91538334548306,45.0,38.487810149366474,44.0,37.49168172911791,True
1876533,1,X3,0.48981,10.767999649047852,163.0,120.2035013628799,185.0,129.286107441165,196.0,138.04405882945173,155.0,117.20276995364297,176.0,123.4153650411707,151.0,115.4904551140642,169.0,123.71315672628607,160.0,118.29651577237334,160.0,118.55811099350551,True
1878148,1,S1,0.22453,10.522000312805176,54.0,39.64072888020064,66.0,43.68059213913875,63.0,43.237743566484106,45.0,36.541107601930364,58.0,40.438286545025385,46.0,37.461988832733155,56.0,41.319769297840075,51.0,38.71245197337104,47.0,37.32512410298924,True
1878335,2,X1,0.56371,8.972000122070312,36.0,28.374872299740584,38.0,31.21952420246434,42.0,34.63769529391314,31.0,23.502213436398055,41.0,32.64494066540351,31.0,23.502213436398055,37.0,28.990578605478067,36.0,28.374872299740584,36.0,28.351490533181078,True
1878719,1,S1,0.45753,10.586000442504885,57.0,47.64919242627345,72.0,60.09712200473331,68.0,57.494541547197294,47.0,39.307776793213726,62.0,52.12938912866462,48.0,39.79001958461394,59.0,49.79468653953306,55.0,45.71717951618932,50.0,41.29634139796888,True
1879208,1,C1,0.19471,10.657999992370604,65.0,38.880798954647574,76.0,41.701723831491876,70.0,40.766435858514335,59.0,37.140468567857724,72.0,40.49909016962055,60.0,37.52026914370348,64.0,37.764068364403144,65.0,38.30664511963388,62.0,39.139586785932515,True
1879256,1,E1,0.24936,9.092000007629393,22.0,13.844033281279177,24.0,15.326727165384554,34.0,19.92888688582251,19.0,12.191436160729166,23.0,14.091201230962685,20.0,13.149179620859696,21.0,12.899219597333376,22.0,13.844033281279177,22.0,13.844033281279177,True
1879263,2,E1,0.46192,10.005999565124512,50.0,45.10906245487606,66.0,57.67837545748469,63.0,54.95525970979433,47.0,42.716991778513126,55.0,49.641674839826585,46.0,41.760111871601666,54.0,48.95202603525319,47.0,42.67339129579939,44.0,39.1618096691606,True
1879313,0,C2,0.60969,10.538999557495115,73.0,50.93196431440589,82.0,59.75567534642868,89.0,65.5037467376554,60.0,39.399843740992814,80.0,57.4455717272449,60.0,39.15026515015811,70.0,48.10330658955681,66.0,44.30904271452966,59.0,38.94236866262889,True
1879412,4,X3,0.81984,11.086999893188477,135.0,96.67294166653006,159.0,116.8741056429055,174.0,127.99086339815038,126.0,88.14481846910994,149.0,109.69870893913965,122.0,84.53437385387818,142.0,101.9615872050874,131.0,93.07135992755961,132.0,93.75643718893356,True
1879414,1,X3,0.38889,7.953999996185303,68.0,44.56006430830611,71.0,49.762178131861425,73.0,47.15966637270792,66.0,44.60081632529059,69.0,45.84256423274577,65.0,44.504885455932836,69.0,45.842564232745794,67.0,44.72136836890296,67.0,44.751171895643665,True
1879426,3,C3,0.22941,7.683000087738037,27.0,13.706934007369615,34.0,15.29795576263881,43.0,24.450358098466438,27.0,13.706934007369616,27.0,13.706934007369616,27.0,13.706934007369616,27.0,13.706934007369616,27.0,13.706934007369616,27.0,13.706934007369616,True
1879532,4,E1,0.37719,10.67099952697754,50.0,44.388296452018665,65.0,54.89479621683206,63.0,51.583917827831044,47.0,42.400247924230236,55.0,48.607517756898325,46.0,41.7514108739799,54.0,48.27360995436665,47.0,42.51131593427579,44.0,38.928393885796986,True
1880304,4,C2,0.44419,10.520999908447266,75.0,66.06038078420283,84.0,72.21168453137744,91.0,77.17093738298809,62.0,55.54588044949261,82.0,71.00721239735738,62.0,55.53914033441128,72.0,63.87099881643561,68.0,60.264127128248035,61.0,53.46747408243962,True
1880513,0,S2,0.64458,9.54300022125244,22.0,16.05135359143488,29.0,22.777425060700466,31.0,24.397403829886457,20.0,14.243108010375035,25.0,18.896721611377256,20.0,14.243108010375035,22.0,16.031223701346846,23.0,16.990213438768336,18.0,12.284697460825054,True
1880632,0,X3,0.40538,10.5600004196167,158.0,99.04851322604986,176.0,103.15351310608624,183.0,111.46583226117649,152.0,97.82068379016701,165.0,100.1595814254945,148.0,97.19935720127677,162.0,101.36837400139102,154.0,98.14806837573663,155.0,98.1298612379451,True
1880686,4,C1,0.31406,10.5649995803833,76.0,52.36071436509744,89.0,59.64351229771699,86.0,56.505978613212186,63.0,47.397357557788744,85.0,56.52614445447778,64.0,48.28640232879935,73.0,50.63676143992258,74.0,51.978351721486256,70.0,50.7320979976211,True
1881037,1,C3,0.76584,10.960000038146973,193.0,135.79700252949678,225.0,159.8444923269306,221.0,155.71698906423845,181.0,127.03585021357524,202.0,143.64391001884243,173.0,121.1263280695731,198.0,139.94234783748746,185.0,128.51882295816702,180.0,125.52142869984826,True
1883111,1,E1,0.43278,10.491000175476074,50.0,45.790815797379345,66.0,57.53385398020116,63.0,54.60830495063789,47.0,43.495391460429,55.0,50.33446785292684,46.0,42.613826846072755,54.0,49.72901479559572,47.0,43.513695309100584,44.0,39.85170210497426,True
1883166,3,X2,0.51351,10.777000427246094,48.0,38.2444615669933,73.0,61.757986493862695,75.0,63.646332268819194,42.0,32.478419813351906,55.0,44.74813426369797,42.0,32.478419813351906,48.0,38.07329095610174,45.0,35.30586301706075,44.0,34.36388167601914,True
1889022,1,E1,0.51127,8.623000144958496,23.0,18.65956472166661,25.0,20.931723944076502,36.0,30.02794022449966,19.0,15.621986419342637,24.0,19.634539107113948,20.0,16.354963893458958,22.0,17.938381980051428,22.0,18.239850259693544,23.0,18.65956472166661,True
1889090,2,S2,0.5129,8.548999786376953,23.0,19.424474851343632,30.0,25.58739550966669,32.0,28.552685231880666,21.0,17.42724288848834,26.0,21.678035253001667,21.0,17.42724288848834,23.0,18.708462199590436,24.0,20.423364168881243,19.0,15.758047611562935,True
1889155,2,X3,0.77826,9.842000007629393,66.0,41.610590356945394,68.0,41.39616027058841,76.0,51.31496306706899,63.0,37.87269848324407,69.0,43.06204911569677,61.0,36.867766018048,68.0,41.840952798235534,66.0,40.61083106397726,65.0,39.93861167852336,True
1889211,2,C1,0.46351,11.034000396728516,76.0,64.00831410748226,92.0,76.39682112909429,88.0,71.46716658935368,63.0,53.27345365239005,86.0,72.25557448068268,64.0,54.174987652132764,73.0,61.79395695001422,74.0,62.27459515110435,70.0,58.71991364960838,True
1889253,4,C2,0.53661,11.241999626159668,75.0,60.75281354485716,84.0,68.9334262970475,91.0,75.06624855779113,62.0,48.56614215724602,82.0,66.8255434440293,62.0,48.569530355900746,72.0,58.029704429147046,68.0,54.13513924601667,61.0,47.91966621963292,True
1890041,3,E1,0.65258,9.425999641418455,22.0,14.343824276998987,25.0,16.251922616423393,34.0,25.48754055137692,18.0,11.185343637947799,23.0,15.320106831050841,19.0,11.352626570177954,21.0,14.176150744847877,21.0,13.351144220437417,22.0,14.343824276998987,True
1890212,0,X3,0.72776,11.190999984741213,153.0,114.4828502012921,177.0,133.94222450421145,193.0,145.26811925007073,144.0,106.45991089933061,167.0,126.84573402156248,140.0,102.55333578127508,161.0,120.05629151620181,149.0,110.5809572643616,150.0,111.31325911381369,True
1891082,0,X1,0.54871,9.541999816894531,36.0,28.960243977759884,38.0,31.80285329016083,42.0,35.4163961107602,31.0,24.054619588595514,41.0,33.13002711959578,31.0,24.054619588595514,37.0,29.585747659504083,36.0,28.960243977759884,36.0,28.81700386955111,True
1891107,3,X1,0.62735,10.510000228881836,48.0,29.181238729682846,56.0,36.90652256050792,62.0,39.97421272530771,42.0,23.743233558680075,51.0,32.142363724532444,39.0,21.404868191607527,47.0,28.347349455843517,49.0,30.167351644439048,42.0,24.949500073501152,True
1891261,3,C1,0.50558,11.04599952697754,76.0,62.26582273016735,92.0,75.6477345405608,88.0,70.83934575757331,63.0,50.27132118246007,86.0,71.11854434275793,64.0,51.186974322803565,73.0,59.6749062246412,74.0,60.3344497521108,70.0,56.68351240377322,True
1892103,2,X2,0.26584,10.270999908447266,48.0,36.63560516334818,73.0,48.629072739149926,75.0,50.426981432065396,42.0,34.01088938728695,55.0,39.12626115265464,42.0,34.01088938728695,48.0,36.46112910753527,45.0,35.500012005101915,44.0,35.108367901989894,True
1892149,0,S1,0.64025,10.79800033569336,53.0,30.088549410610298,68.0,42.9692716092532,64.0,39.90488966047913,43.0,22.182028197559593,58.0,34.586196296773856,44.0,22.22118152236264,55.0,31.45103750783978,51.0,28.500930290895752,46.0,24.777365474700932,True
1892217,1,C1,0.40897,10.395999908447266,76.0,61.91044074543576,92.0,72.8326242351713,88.0,68.15499777333561,63.0,53.32893826637037,86.0,68.88389725068598,64.0,54.30415385080994,73.0,60.03612531965919,74.0,60.83321416123943,70.0,57.582300242561956,True
1894320,0,C2,0.7188,10.930999755859377,63.0,35.65264421053898,72.0,44.3060195397922,80.0,48.30143205919268,50.0,26.890563932043474,70.0,41.69009871888491,50.0,26.135882626596597,60.0,33.83764853222962,56.0,29.626686468433753,49.0,25.716208304512957,True
1895036,0,E1,0.45194,10.11400032043457,50.0,45.44043396625832,66.0,57.71415678090683,63.0,54.93135904279687,47.0,43.0794293095352,55.0,49.98595439802365,46.0,42.14395716746332,54.0,49.321427805137034,47.0,43.053212926546486,44.0,39.482122899362025,True
1896111,3,X3,0.49243,11.085000038146973,163.0,120.65288319655447,186.0,129.96346770559907,197.0,138.6702681749653,155.0,117.59078544965446,176.0,123.94705382735519,151.0,115.83670255923008,169.0,124.19237793720363,160.0,118.71328525889561,160.0,118.98887353335678,True
1896164,1,X3,0.42068,11.194000244140623,159.0,103.53589102826827,178.0,108.26419888945313,184.0,116.95011537860319,153.0,102.05440138697364,167.0,104.92426263142002,149.0,101.28256403846324,163.0,106.05116267236097,155.0,102.47435775982544,156.0,102.4789974125938,True
1896213,0,C3,0.68688,11.078000068664553,203.0,149.1990803420069,237.0,172.20894678118262,232.0,169.13284507620864,191.0,141.20661680925582,212.0,156.55681185114918,183.0,137.08610853674597,209.0,153.24094332454953,195.0,142.890439071642,190.0,140.29189336981585,True
1896254,4,C2,0.55283,8.526000022888182,25.0,19.682894656860455,32.0,25.395578351301026,39.0,31.968023049943437,20.0,15.139081090622879,27.0,21.543846586049902,19.0,14.162601223216008,25.0,19.682894656860455,24.0,18.682904716689247,24.0,18.682920242769068,True
1897267,4,C3,0.3192,9.553000450134276,35.0,21.752031347969453,42.0,25.107446665008293,52.0,34.75130491384307,35.0,21.752031347969456,35.0,21.752031347969456,35.0,21.752031347969453,35.0,21.752031347969456,35.0,21.752031347969453,34.0,21.696847508631294,True
1898108,1,X2,0.51204,10.37600040435791,48.0,38.35480206217838,73.0,61.863932336188,75.0,63.75098578259969,42.0,32.58830749907832,55.0,44.85063311410703,42.0,32.58830749907832,48.0,38.17827317647736,45.0,35.41930785568704,44.0,34.47532934876304,True
1898252,3,C2,0.74571,11.020999908447266,61.0,32.39663308926769,70.0,40.71453213025288,78.0,44.255451725918874,48.0,24.366269595609293,68.0,38.075256195346064,48.0,23.54500835878122,58.0,30.93676921782232,54.0,26.5887482594597,47.0,23.105707624041916,True
1899029,4,X1,0.62411,10.510000228881836,48.0,29.505003265082127,56.0,37.27695373620014,62.0,40.4068843951443,42.0,24.074701640264767,51.0,32.46794053768373,39.0,21.71292664490244,47.0,28.676614961901535,49.0,30.494172837809863,42.0,25.25713794995977,True
1899053,2,E1,0.53746,10.60099983215332,50.0,40.43694256700298,66.0,55.17284668353123,63.0,52.311853544076044,47.0,37.77147680184909,55.0,44.77301734740198,46.0,36.78162823852996,54.0,43.93138066900467,47.0,37.81548105277889,44.0,34.746509816702186,True
1899158,3,X2,0.64747,11.133000373840332,44.0,26.359927273618002,69.0,47.04368990615811,71.0,48.465572008689115,38.0,21.26479351475724,51.0,32.3764557929189,38.0,21.26479351475724,44.0,26.457758331865175,41.0,24.004714678685083,40.0,23.093675550541892,True
1900662,0,E2,0.44791,10.322999954223633,53.0,44.51421259798153,66.0,53.84461210582859,72.0,57.80393352824692,48.0,40.32600100278582,62.0,51.1739544451913,47.0,39.94789723085486,57.0,46.92023937410103,52.0,43.60802307220151,47.0,39.373169791450145,True
1900856,1,C2,0.72416,11.218000411987305,63.0,35.0009650146767,72.0,43.59728658964264,80.0,47.50311891238418,50.0,26.390467009088624,70.0,40.97486985859305,50.0,25.62015545279539,60.0,33.25654740761514,56.0,29.018596043757654,49.0,25.191336963317205,True
1900865,0,C3,0.45405,10.854000091552734,197.0,131.78139377003498,222.0,147.3813373794151,216.0,143.33377839073955,188.0,127.99679032728734,204.0,136.1688997495323,185.0,126.94422169311127,202.0,134.46156715127844,190.0,131.05751947359403,188.0,129.20427568288048,True
1901059,1,X1,0.25126,9.170999526977539,35.0,22.25699395080141,37.0,22.724386162055357,42.0,26.475650472826747,30.0,20.71649943453297,38.0,23.92484382430147,30.0,20.71649943453297,36.0,22.529816131202498,35.0,22.25699395080141,34.0,21.34283207483157,True
1901115,2,X2,0.29874,10.246999740600586,48.0,38.74871737653806,73.0,52.844496044971976,75.0,54.75038249764015,42.0,35.47605836980143,55.0,41.814926940847435,42.0,35.47605836980143,48.0,38.54170601288263,45.0,37.35431076962437,44.0,36.8244654695548,True
1901257,4,X3,0.51978,11.187999725341797,164.0,124.45334957576546,187.0,135.8183579729343,200.0,144.0051757993914,156.0,120.75247654903474,177.0,128.66965379099506,152.0,118.5533470217045,171.0,128.28636507647636,160.0,122.14441452483257,161.0,122.61459384910621,True
1901375,1,C3,1.03222,10.04599952697754,119.0,58.16329284459099,143.0,72.43903710874507,139.0,73.70069297384705,109.0,51.40929075799976,127.0,61.94556288747658,101.0,46.90615205756379,123.0,60.701736093145605,110.0,51.20956951887766,107.0,49.62608194094271,True
1901738,4,X1,0.46975,10.746000289916992,50.0,43.93994137509105,58.0,50.3267581541234,64.0,55.18919389821698,44.0,38.06601742857749,53.0,46.2801567975824,41.0,35.420070647679125,49.0,42.89075668063028,51.0,44.86481943701071,44.0,38.29722649979857,True
1901798,0,X2,0.47577,10.737000465393066,48.0,40.68818873091588,73.0,63.79802579603028,75.0,65.64485036505667,42.0,34.97701772342893,55.0,46.899292746218265,42.0,34.97701772342893,48.0,40.40434902076336,45.0,37.89279399204866,44.0,36.90471756913326,True
1901803,4,X2,0.50262,11.11299991607666,48.0,39.03579542377444,73.0,62.49550113375724,75.0,64.37300910370094,42.0,33.2710758262191,55.0,45.47461066259012,42.0,33.2710758262191,48.0,38.82648623125084,45.0,36.12525641866702,44.0,35.16851688582821,True
1901832,2,X3,0.91696,11.119000434875488,120.0,71.60950175110631,142.0,92.37615097900795,158.0,98.9468570401821,111.0,64.91345123566686,134.0,83.02296993600694,107.0,61.27454091698773,126.0,75.31279455138187,116.0,68.29824513965535,117.0,69.79218437911106,True
1902212,4,C3,0.28169,9.57800006866455,32.0,18.53500471221432,39.0,21.04958743781271,49.0,30.740089372387356,32.0,18.535004712214313,32.0,18.535004712214324,32.0,18.535004712214313,32.0,18.53500471221432,32.0,18.535004712214317,32.0,18.535004712214317,True
1904092,3,E2,0.36798,10.911999702453612,53.0,41.960051229292915,66.0,48.9539305074247,72.0,51.69790115328633,48.0,38.149422808646456,62.0,46.161069765018446,47.0,38.38315650407136,57.0,43.88519446884552,52.0,40.807933916312464,47.0,37.546571274717536,True
1904152,0,X3,0.44025,10.994999885559082,160.0,108.99507502830764,180.0,114.71425658587953,187.0,123.72165737711637,153.0,107.11335663300044,169.0,110.789980947157,149.0,106.11565533982908,165.0,111.81452172472932,155.0,107.67208876081227,157.0,107.75971669981605,True
1904182,0,X3,0.76657,10.781000137329102,148.0,107.88650105747918,172.0,127.67520679329888,188.0,139.46738940557645,139.0,99.40610236461646,162.0,120.9125490976727,135.0,95.62217857081738,156.0,113.5449127636703,144.0,104.05450126846267,145.0,104.67011278417495,True
1904287,1,C3,0.69904,10.678000450134276,201.0,147.47317215304284,235.0,170.6740653873248,230.0,167.50205085422408,189.0,139.3252424922333,210.0,154.9455383813614,181.0,134.9105764798269,207.0,151.53946415722274,193.0,140.93196197464417,188.0,138.31502426024815,True
1904293,2,C3,0.44623,10.019000053405762,197.0,129.62953056807947,221.0,144.85789084832874,214.0,141.04021277062176,188.0,125.99325732167252,204.0,133.84851256769537,185.0,124.98029216763197,202.0,132.28230877707585,190.0,129.0228201422111,188.0,127.16381093542613,True
1904300,2,C3,0.91082,10.859000205993652,158.0,99.35051438957726,188.0,120.18501636050654,187.0,117.72491709936713,147.0,90.54917079224366,167.0,105.2669307216842,139.0,84.09819266957267,163.0,102.71690097189963,150.0,92.23377090255529,145.0,89.16467240315474,True
1904321,0,C2,0.61177,10.482999801635742,73.0,50.632707060219374,82.0,59.466525833742025,89.0,65.18601197550399,60.0,39.139720917240666,80.0,57.15066932643101,60.0,38.87974157475072,70.0,47.81116024528152,66.0,44.01488756817269,59.0,38.67259304405454,True
1905127,3,X2,0.66579,10.350000381469728,43.0,24.77136071392653,68.0,44.671452495057395,70.0,45.94216957102386,37.0,19.83330878332098,50.0,30.53235279560665,37.0,19.83330878332098,43.0,24.79639673553276,40.0,22.581869940524697,39.0,21.652185145325063,True
1905171,4,S2,0.30307,9.25,23.0,16.710037068812824,29.0,20.338136608899216,32.0,23.058421328177996,21.0,15.936980628983983,25.0,17.804299616344032,21.0,15.936980628983983,22.0,16.254626609468048,24.0,17.126812984281024,19.0,15.08763044828545,True
1905244,4,X3,0.36176,10.416999816894531,146.0,85.92863164330609,161.0,88.93881936118963,170.0,95.55508415959595,143.0,85.3162012310277,150.0,86.46234826408276,140.0,85.03159982117832,149.0,87.8014135318629,144.0,85.43924497602404,145.0,85.39727998545166,True
1906545,3,X3,0.54806,11.317999839782717,164.0,126.667555361776,186.0,139.9859109033198,200.0,147.73486853742554,155.0,122.27910595132046,177.0,131.94504400634904,151.0,119.62650354213777,171.0,130.71370242909438,160.0,124.01631974985406,160.0,124.62713709860107,True
1909375,2,C3,0.33753,10.583000183105469,171.0,98.40266209548643,190.0,108.89878056693045,184.0,107.08739269159275,166.0,96.35434675308454,176.0,100.51303433911826,165.0,95.93631165214244,174.0,100.7640134439127,170.0,98.57857838001348,166.0,96.77295620590779,True
1910032,0,E1,0.66455,9.258999824523924,22.0,13.94848307439584,25.0,15.752260622087938,34.0,24.863679835014555,18.0,10.80713718423733,23.0,14.932755731694654,19.0,10.949380427710162,21.0,13.805817068198387,21.0,12.948484330434999,22.0,13.94848307439584,True
1910132,2,X3,0.26271,11.098999977111816,119.0,61.153555009530315,123.0,63.58864422015621,134.0,66.40679981021063,118.0,61.092294576337935,120.0,61.236584238138924,117.0,61.05836700073425,122.0,62.65077116332662,118.0,61.065858442954585,118.0,61.040557623251985,True
1912020,3,C1,0.55436,10.340000152587892,75.0,57.461848550288806,91.0,71.83308819905167,87.0,67.29464717939281,62.0,44.771666863913616,85.0,66.67820655109912,63.0,45.75349364687898,72.0,54.6195437287022,73.0,55.68320657688513,69.0,51.65105550549032,True
1912110,2,E2,0.53763,9.788000106811523,29.0,24.540600579566227,39.0,32.77384300227288,45.0,40.03573232474772,27.0,22.68475029769456,34.0,29.265011718748475,24.0,19.968474155240557,32.0,27.35411279305078,30.0,25.447065858823418,29.0,24.498973594135588,True
1913214,1,X2,0.31615,10.633999824523926,48.0,39.721083230981165,73.0,54.96215563976991,75.0,56.89662861168165,42.0,36.10060926403161,55.0,43.11708817333795,42.0,36.10060926403161,48.0,39.4948613279876,45.0,38.184478011720685,44.0,37.57619987742681,True
1915067,0,E2,0.45699,10.737000465393066,53.0,44.53701605681946,66.0,54.047397927657634,72.0,58.16661140763408,48.0,40.31844797180544,62.0,51.45701572041451,47.0,39.885015023953045,57.0,46.99825233063454,52.0,43.6167339547288,47.0,39.344811168798365,True
1915087,0,E2,0.56104,10.406999588012695,53.0,39.302714080685554,66.0,50.04248037040701,72.0,55.06412240504279,48.0,34.804571773779855,62.0,47.95379451070777,47.0,33.919563384501956,57.0,42.59260195546207,52.0,38.35433013953203,47.0,33.90646752801207,True
1915184,4,X3,0.5246,9.810999870300291,73.0,52.23272694845918,74.0,55.562649882863504,82.0,56.17755267174152,70.0,50.99779887305324,75.0,53.29675867870216,69.0,50.430509575771715,73.0,52.921632423110296,72.0,51.675075579108686,72.0,51.656668403129615,True
1916124,2,X1,0.43071,9.598999977111816,36.0,32.023230457114046,38.0,34.390527819271874,42.0,38.34679688709487,31.0,27.38123565209711,41.0,35.26936145863334,31.0,27.38123565209711,37.0,32.81424636180166,36.0,32.023230457114046,36.0,31.196925044890794,True
1916143,4,X2,0.45362,8.803999900817871,33.0,30.224927929290413,41.0,36.931563135076715,47.0,43.61902846760276,31.0,28.682899226537337,36.0,32.27804344215903,30.0,27.683352017124033,36.0,32.40978868351744,35.0,30.715947544747323,30.0,27.661385976197582,True
1916207,3,S2,0.40841,9.506999969482418,23.0,20.85114271263003,30.0,26.49878266873994,32.0,28.800066123149037,21.0,19.146055961125334,26.0,22.796607744607947,21.0,19.146055961125334,23.0,20.00447305536439,24.0,21.735013104558956,19.0,17.809788442604777,True
1919017,0,E1,0.21849,10.543999671936035,49.0,28.98824106274816,60.0,34.731575591162176,57.0,33.26833413886855,47.0,28.45226874632053,54.0,30.886066745233634,46.0,28.353752042175945,53.0,31.11682510580461,47.0,28.00608047657976,43.0,26.816663980251725,True
1919042,3,E2,0.34814,9.947999954223633,29.0,21.789587023414697,39.0,27.786608394480723,45.0,35.12122875967225,27.0,21.52300460129338,34.0,23.811951899843493,24.0,21.00257755902422,32.0,23.304336983584825,30.0,22.354626286427838,29.0,21.228854357658253,True
1920362,0,C2,0.39835,10.460000038146973,75.0,64.4598528782459,84.0,69.06561487889542,91.0,73.56086367271422,62.0,55.5223840636773,82.0,68.62786391465903,62.0,55.59259283708343,72.0,62.416504878925664,68.0,59.61783242732801,61.0,53.06438083736122,True
1920365,1,C2,0.36549,10.56999969482422,75.0,61.99087976636528,84.0,65.46218006728225,89.0,69.7661462010045,62.0,54.21412008509614,81.0,65.50020439667948,62.0,54.41804061759476,72.0,60.03025813398533,68.0,57.97815402551474,61.0,51.775770314946115,True
1921033,1,S2,0.23707,8.612999916076658,22.0,12.942687542096433,28.0,14.874491770346332,32.0,17.007618527398055,20.0,12.613018322012056,24.0,13.483272644700861,20.0,12.613018322012056,21.0,12.7382397168956,23.0,13.122662455512865,19.0,12.161232015223044,True
1921361,3,C2,0.34459,8.368000030517578,25.0,20.073852373329217,32.0,21.915254488079707,39.0,29.109414455904968,20.0,16.79004899908188,27.0,21.15271248353091,19.0,16.610423533708595,25.0,20.073852373329217,24.0,19.074602333717717,24.0,19.76248457326874,True
1922067,0,X1,0.19771,8.973999977111816,35.0,17.54148108446563,37.0,17.488202225969502,41.0,21.118449824237352,30.0,16.762170985393055,38.0,18.611497688011713,30.0,16.762170985393055,36.0,17.667022119133154,35.0,17.54148108446563,34.0,16.54171820708172,True
1922297,0,E2,0.43225,9.91100025177002,29.0,24.526528157968457,39.0,32.249605045103465,45.0,40.33860257175179,27.0,23.69494591087018,34.0,28.43065457135723,24.0,22.307753421697853,32.0,27.213626074433996,30.0,25.461673425426344,29.0,24.45159720562666,True
1922405,4,C2,0.51619,9.614999771118164,25.0,20.44955599378573,32.0,26.001766287124426,39.0,32.78685891058344,20.0,16.05476608527165,27.0,22.25489448228204,19.0,15.180211214994126,25.0,20.44955599378573,24.0,19.465862754055145,24.0,19.48276651164029,True
1923060,1,X1,0.38247,10.29800033569336,50.0,44.24636138815185,58.0,49.85558020696877,64.0,53.46373112223509,44.0,39.06039680334977,53.0,46.31732500313538,41.0,37.43491847420191,49.0,43.5946866787414,51.0,45.246040807074564,44.0,39.10185598002595,True
1923155,3,C3,0.39201,9.444000244140623,38.0,26.17636392095674,45.0,31.09695298359298,58.0,41.038819414976736,38.0,26.176363920956735,38.0,26.176363920956742,38.0,26.17636392095674,38.0,26.17636392095674,38.0,26.176363920956728,37.0,26.01225473978236,True
1924089,0,X2,0.46299,10.348999977111816,48.0,41.30029788326051,73.0,64.13083206765282,75.0,65.96658552688525,42.0,35.64280488987985,55.0,47.36875615669909,42.0,35.64280488987985,48.0,40.99258741399509,45.0,38.57925415499751,44.0,37.58216671424754,True
1924103,1,X2,0.4638,10.812999725341797,48.0,41.26514264585696,73.0,64.11558222278703,75.0,65.951900754059,42.0,35.60366251659328,55.0,47.343294715679676,42.0,35.60366251659328,48.0,40.958711152183895,45.0,38.53906931795432,44.0,37.54239152042233,True
1925122,4,S2,0.38274,9.736000061035154,23.0,20.43122502826694,30.0,25.80844794272321,32.0,28.112711788910357,21.0,18.917046325387513,26.0,22.23801667720166,21.0,18.917046325387513,23.0,19.643544714881607,24.0,21.225328236355406,19.0,17.66118995040518,True
1927242,1,E2,0.24576,11.050000190734863,50.0,34.71055228535888,60.0,37.77592144751318,65.0,39.67763658616592,46.0,31.99394918279341,57.0,36.1781987634801,46.0,32.80617048688268,52.0,35.723648862606304,49.0,33.01067561139197,45.0,31.841266232742907,True
1927254,1,C2,0.58091,10.015999794006348,75.0,55.0720393543198,84.0,63.710721165634936,91.0,69.77442559459102,62.0,43.10294724865431,82.0,61.47445384537719,62.0,42.9849850407398,72.0,52.205926333204445,68.0,48.409681555510254,61.0,42.7073057225212,True
1928157,1,X1,0.54379,10.376999855041504,50.0,38.0762554786906,58.0,45.70337192073207,64.0,50.40768487914937,44.0,32.63716964317648,53.0,40.74677299588522,41.0,29.809264955683638,49.0,37.184958336204424,51.0,39.03434158126182,44.0,33.123150085430076,True
1929022,2,C1,0.75356,10.82699966430664,62.0,35.3945912124889,78.0,47.41854831852319,73.0,43.68164758238579,49.0,25.785307457564873,72.0,43.30449830986393,50.0,26.39406676688161,59.0,34.089245283785054,60.0,34.05741152772785,56.0,29.382089480262913,True
1929024,1,C1,0.31564,9.892000198364256,31.0,21.783685215396176,34.0,23.27531461995302,39.0,27.201100346512018,28.0,21.66638839277695,33.0,22.526439920851328,27.0,20.758851163715043,31.0,21.783685215396176,31.0,21.783685215396176,30.0,21.925145115781092,True
1929063,2,E1,0.22211,9.767999649047853,21.0,12.692632273896907,23.0,13.971927185018851,33.0,17.542766702365828,18.0,11.20523069337315,22.0,12.864711612682365,19.0,12.186142616006297,20.0,11.718522344906656,21.0,12.692632273896908,21.0,12.692632273896907,True
1929216,1,X1,0.33584,10.020000457763672,50.0,42.15697194925556,58.0,47.3848523813716,64.0,50.54295648979813,44.0,37.97891200371386,53.0,43.92220653133529,41.0,36.90196256920755,49.0,41.827868634624956,51.0,43.09656239069388,44.0,37.712047604117664,True
1933168,4,C1,0.43495,11.223999977111816,76.0,63.48146455067748,92.0,75.14466871196154,88.0,70.27718089672724,63.0,53.836257958928186,86.0,71.12811841049965,64.0,54.77101121137595,73.0,61.483301353777854,74.0,62.0638621087629,70.0,58.595650039876354,True
1933258,1,S1,0.68972,10.935999870300291,49.0,24.022574012773035,64.0,36.3218106244361,60.0,33.51914409549931,40.0,16.450190433644444,54.0,28.527843059180693,40.0,16.450190433644437,51.0,25.21780130587981,47.0,22.55395920439875,42.0,18.933013383394655,True
1934253,4,C3,0.53739,8.487999916076658,44.0,32.89377714144733,51.0,39.36332262321852,67.0,50.36699425892892,43.0,32.760666896547285,44.0,32.89377714144733,43.0,32.760666896547285,45.0,32.986258002091176,42.0,32.69784054426897,42.0,31.94661563431858,True
1936125,3,C3,0.8953,10.755999565124512,161.0,103.99181761413404,191.0,125.63881108978379,190.0,122.61859678439666,150.0,95.12195578773022,170.0,110.25286471295314,142.0,88.4747053140505,166.0,107.53084809478432,153.0,96.92913848300286,148.0,93.60670195201216,True
1936171,0,C2,0.47336,10.975000381469728,75.0,65.63584450758638,84.0,72.61543310839527,91.0,78.00436929054219,62.0,54.30231595985498,82.0,70.99729032145943,62.0,54.30351048953878,72.0,63.30170871166119,68.0,59.42758400476281,61.0,52.67668378338671,True
1936215,1,S1,0.61011,9.251999855041504,29.0,20.40801163612168,39.0,28.89997048735998,39.0,28.508789900002927,25.0,17.20505900154503,32.0,23.233031406134682,25.0,17.20505900154503,30.0,21.404132266543822,28.0,20.152136274096858,30.0,21.404132266543822,True
1936353,4,X2,0.69154,10.9399995803833,41.0,22.61032402382784,66.0,41.316459189597055,68.0,42.36537307652437,35.0,17.89854450762392,48.0,27.94893210385889,35.0,17.89854450762392,41.0,22.47301183554248,38.0,20.651932468541656,37.0,19.694449399051095,True
1942106,0,C2,0.56584,11.185999870300291,75.0,57.12840790906015,84.0,65.63739030709854,91.0,71.78836610901976,62.0,45.016876213886555,82.0,63.4381752647527,62.0,44.95315162834151,72.0,54.28674776763804,68.0,50.4659504120347,61.0,44.58733294049251,True
1943111,4,C3,0.31562,11.04800033569336,161.0,92.10407824207368,179.0,101.67875616934516,176.0,99.88436076699162,156.0,90.2416146588986,166.0,93.91603687383287,155.0,89.91401955404686,164.0,94.3774547494622,160.0,92.27095682283024,157.0,90.62228826537779,True
1945116,1,C2,0.54469,10.420000076293944,75.0,59.81238084096514,84.0,68.09510806634098,91.0,74.25844424765339,62.0,47.618198685829135,82.0,65.9574358958196,62.0,47.60837183004954,72.0,57.04863852072478,68.0,53.17580947022269,61.0,47.05174298098914,True
1946322,4,C2,0.59043,11.034999847412108,73.0,53.67835817984448,82.0,62.38825365004849,89.0,68.36581832280162,60.0,41.83018544799593,80.0,60.1281390911416,60.0,41.67132518441925,70.0,50.81231262834622,66.0,47.02168501800394,59.0,41.430052337432386,True
1948209,3,C3,0.37942,9.128999710083008,38.0,25.566972851246973,45.0,30.240798303038474,58.0,40.10156834271007,38.0,25.56697285124697,38.0,25.566972851246973,38.0,25.566972851246973,38.0,25.566972851246973,38.0,25.56697285124697,37.0,25.428355788157738,True
1948295,4,C2,0.78324,10.538999557495115,55.0,28.11610398129683,65.0,35.77551326291786,72.0,38.58454398989144,42.0,20.960691817559287,62.0,33.10702048884562,42.0,20.099728397014623,52.0,27.126130627239988,48.0,22.607966415918515,42.0,19.778729314682764,True
1948484,2,X3,0.34436,10.81999969482422,144.0,81.06039929568142,155.0,83.79942783641894,163.0,89.58474279601525,141.0,80.58710657554435,147.0,81.44906317023506,138.0,80.374641900582,147.0,82.82565071363001,142.0,80.67096008155949,143.0,80.62979475347142,True
1959025,3,C2,0.61137,10.798999786376951,73.0,50.69027779329347,82.0,59.52218620128617,89.0,65.24721828205152,60.0,39.1896951182134,80.0,57.20744185317571,60.0,38.93172286467577,70.0,47.86731716837143,66.0,44.071454870139426,59.0,38.72446933275593,True
1968046,3,C1,0.27255,10.77400016784668,76.0,48.01743431773963,89.0,53.62164573983121,83.0,51.224180888792034,63.0,44.31448474031359,85.0,51.149073556246016,64.0,45.039463385152395,73.0,46.42009182123652,74.0,47.58964047533868,70.0,47.31649244423622,True
